A45_031,A45_015,A45_028,A45_029,A45_009,A45_004,A45_010,A45_027,A45_030,A45_014,A45_021,A45_018,A45_026,A45_007,center_lng,center_lat
None,トドマツ,水涵保,None,渡島,2103,に,1.61,None,七飯町,None,None,森林空間利用,0,140.766553,41.969004
None,トドマツ,水涵保,None,渡島,2103,へ,2.68,None,七飯町,None,None,森林空間利用,0,140.766493,41.968994
None,トドマツ,水涵保,None,渡島,2103,ほ,1.09,None,七飯町,None,None,森林空間利用,0,140.766106,41.969539
None,トドマツ,水涵保,None,渡島,2103,に,1.61,None,七飯町,None,None,森林空間利用,0,140.766379,41.969306
None,トドマツ,水涵保,None,渡島,2103,へ,2.68,None,七飯町,None,None,森林空間利用,0,140.766312,41.969191
None,None,None,None,渡島,2103,ロ,15.29,None,七飯町,None,None,森林空間利用,0,140.762459,41.974005
None,None,None,None,渡島,2103,イ,0.92,None,七飯町,None,None,森林空間利用,0,140.761839,41.973786
None,トドマツ,水涵保,None,渡島,2103,は,3.79,None,七飯町,None,None,森林空間利用,0,140.763221,41.971953
None,トドマツ,水涵保,None,渡島,2103,は,3.79,None,七飯町,None,None,森林空間利用,0,140.763008,41.971657
None,None,None,None,渡島,2103,ロ,15.29,None,七飯町,None,None,森林空間利用,0,140.763826,41.972525
None,トドマツ,水涵保,None,渡島,2103,に,1.61,None,七飯町,None,None,森林空間利用,0,140.764013,41.971128
None,トドマツ,水涵保,None,渡島,2103,る,0.91,None,七飯町,None,None,森林空間利用,0,140.764526,41.970525
None,トドマツ,水涵保,None,渡島,2103,に,1.61,None,七飯町,None,None,森林空間利用,0,140.765669,41.96995
None,None,None,None,渡島,2103,ロ,15.29,None,七飯町,None,None,森林空間利用,0,140.765494,41.969611
None,None,None,None,渡島,2103,ハ,0.11,None,七飯町,None,None,森林空間利用,0,140.763691,41.970245
None,トドマツ,水涵保,None,渡島,2103,そ,0.7,None,七飯町,None,None,森林空間利用,0,140.763737,41.970529
None,トドマツ,水涵保,None,渡島,2103,そ,0.7,None,七飯町,None,None,森林空間利用,0,140.763425,41.970652
None,トドマツ,水涵保,None,渡島,2103,そ,0.7,None,七飯町,None,None,森林空間利用,0,140.763785,41.970106
None,トドマツ,水涵保,None,渡島,2103,に,1.61,None,七飯町,None,None,森林空間利用,0,140.764034,41.969754
None,トドマツ,水涵保,None,渡島,2103,ほ,1.09,None,七飯町,None,None,森林空間利用,0,140.76405,41.969091
None,トドマツ,水涵保,None,渡島,2103,そ,0.7,None,七飯町,None,None,森林空間利用,0,140.762575,41.970169
None,None,None,None,渡島,2103,ハ,0.11,None,七飯町,None,None,森林空間利用,0,140.76572,41.968493
None,トドマツ,水涵保,None,渡島,2103,へ,2.68,None,七飯町,None,None,森林空間利用,0,140.76562,41.967904
None,トドマツ,水涵保,None,渡島,2103,へ,2.68,None,七飯町,None,None,森林空間利用,0,140.764875,41.968665
None,トドマツ,水涵保,None,渡島,2103,と,1.41,None,七飯町,None,None,森林空間利用,0,140.764768,41.96648
None,トドマツ,水涵保,None,渡島,2103,ち,3.13,None,七飯町,None,他Ｌ,森林空間利用,0,140.764284,41.96756
None,ダケカンバ,水涵保,None,渡島,2104,り,12.49,None,七飯町,ミズナラ,他Ｌ,森林空間利用,0,140.762087,41.967934
None,ブナ,水涵保,None,渡島,2103,れ,8.23,None,七飯町,ミズナラ,他Ｌ,森林空間利用,0,140.764161,41.965768
None,ダケカンバ,水涵保,None,渡島,2104,り,12.49,None,七飯町,ミズナラ,他Ｌ,森林空間利用,0,140.762637,41.964145
None,カラマツ,水涵保,None,渡島,2103,よ,1.14,None,七飯町,None,他Ｌ,森林空間利用,0,140.755758,41.974479
None,ブナ,水涵保,None,渡島,2103,れ,8.23,None,七飯町,ミズナラ,他Ｌ,森林空間利用,0,140.755056,41.973675
None,カラマツ,水涵保,None,渡島,2103,い,1.67,None,七飯町,None,他Ｌ,森林空間利用,0,140.75214,41.97515
None,None,水涵保,None,渡島,2102,イ,1.72,None,七飯町,None,None,森林空間利用,0,140.748225,41.979692
None,ブナ,水涵保,None,渡島,2102,ち,9.05,None,七飯町,イタヤカエデ,シナノキ,水源涵養,0,140.748677,41.974979
None,トドマツ,水涵保,None,渡島,2102,り,0.94,None,七飯町,None,他Ｌ,水源涵養,0,140.747272,41.976233
None,トドマツ,水涵保,None,渡島,2105,と,3.96,None,七飯町,トドマツ,トドマツ,水源涵養,0,140.747489,41.974562
None,トドマツ,水涵保,None,渡島,2103,は,3.79,None,七飯町,None,None,森林空間利用,0,140.7614,41.972895
None,トドマツ,水涵保,None,渡島,2103,ろ,6.11,None,七飯町,None,None,森林空間利用,0,140.758695,41.972815
None,カラマツ,水涵保,None,渡島,2103,よ,1.14,None,七飯町,None,他Ｌ,森林空間利用,0,140.757639,41.97411
None,トドマツ,水涵保,None,渡島,2103,わ,1.23,None,七飯町,None,None,森林空間利用,0,140.759598,41.971958
None,トドマツ,水涵保,None,渡島,2103,に,1.61,None,七飯町,None,None,森林空間利用,0,140.760794,41.971691
None,None,None,None,渡島,2103,ロ,15.29,None,七飯町,None,None,森林空間利用,0,140.759003,41.971616
None,トドマツ,水涵保,None,渡島,2103,ぬ,1.36,None,七飯町,None,None,森林空間利用,0,140.761558,41.970026
None,ダケカンバ,水涵保,None,渡島,2104,ち,1.68,None,七飯町,シナノキ,他Ｌ,森林空間利用,0,140.760828,41.969003
None,トドマツ,水涵保,None,渡島,2104,は,1.42,None,七飯町,None,None,森林空間利用,0,140.760499,41.969375
None,トドマツ,水涵保,None,渡島,2103,わ,1.23,None,七飯町,None,None,森林空間利用,0,140.759974,41.971273
None,トドマツ,水涵保,None,渡島,2103,り,1.63,None,七飯町,None,None,森林空間利用,0,140.760607,41.97043
None,トドマツ,水涵保,None,渡島,2103,り,1.63,None,七飯町,None,None,森林空間利用,0,140.758297,41.971399
None,ダケカンバ,水涵保,None,渡島,2104,ち,1.68,None,七飯町,シナノキ,他Ｌ,森林空間利用,0,140.758002,41.971267
None,ダケカンバ,水涵保,None,渡島,2104,ち,1.68,None,七飯町,シナノキ,他Ｌ,森林空間利用,0,140.75973,41.970121
None,トドマツ,水涵保,None,渡島,2104,は,1.42,None,七飯町,None,None,森林空間利用,0,140.759433,41.969364
None,トドマツ,水涵保,None,渡島,2104,ろ,1.17,None,七飯町,None,None,森林空間利用,0,140.758633,41.970279
None,ダケカンバ,水涵保,None,渡島,2104,ぬ,11.74,None,七飯町,ミズナラ,他Ｌ,森林空間利用,0,140.758345,41.969632
None,None,None,None,渡島,2103,イ,0.92,None,七飯町,None,None,森林空間利用,0,140.756391,41.974173
None,トドマツ,水涵保,None,渡島,2103,か,1.1,None,七飯町,None,None,森林空間利用,0,140.756591,41.973217
None,None,None,None,渡島,2103,イ,0.92,None,七飯町,None,None,森林空間利用,0,140.758012,41.972067
None,ブナ,水涵保,None,渡島,2103,れ,8.23,None,七飯町,ミズナラ,他Ｌ,森林空間利用,0,140.75725,41.972021
None,トドマツ,水涵保,None,渡島,2103,か,1.1,None,七飯町,None,None,森林空間利用,0,140.757214,41.972149
None,None,None,None,渡島,2103,ロ,15.29,None,七飯町,None,None,森林空間利用,0,140.757933,41.97172
None,None,None,None,渡島,2103,ニ,0.02,None,七飯町,None,None,森林空間利用,0,140.757047,41.972621
None,トドマツ,水涵保,None,渡島,2103,か,1.1,None,七飯町,None,None,森林空間利用,0,140.756729,41.972526
None,ブナ,水涵保,None,渡島,2103,れ,8.23,None,七飯町,ミズナラ,他Ｌ,森林空間利用,0,140.756733,41.972296
None,ダケカンバ,水涵保,None,渡島,2104,る,2.4,None,七飯町,ミズナラ,他Ｌ,森林空間利用,0,140.756841,41.971931
None,None,None,None,渡島,2104,ニ,0.02,None,七飯町,None,None,森林空間利用,0,140.757161,41.971847
None,None,None,None,渡島,2104,ホ,0.07,None,七飯町,None,None,森林空間利用,0,140.756478,41.971986
None,None,None,None,渡島,2104,ホ,0.07,None,七飯町,None,None,森林空間利用,0,140.7565,41.971751
None,トドマツ,水涵保,None,渡島,2103,た,1.84,None,七飯町,None,None,森林空間利用,0,140.755407,41.974209
None,ブナ,水涵保,None,渡島,2103,れ,8.23,None,七飯町,ミズナラ,他Ｌ,森林空間利用,0,140.755721,41.974014
None,ブナ,水涵保,None,渡島,2103,れ,8.23,None,七飯町,ミズナラ,他Ｌ,森林空間利用,0,140.755331,41.97386
None,None,None,None,渡島,2103,ロ,15.29,None,七飯町,None,None,森林空間利用,0,140.755812,41.97357
None,トドマツ,水涵保,None,渡島,2103,か,1.1,None,七飯町,None,None,森林空間利用,0,140.755369,41.97339
None,None,None,None,渡島,2103,ホ,0.07,None,七飯町,None,None,森林空間利用,0,140.756428,41.972741
None,トドマツ,水涵保,None,渡島,2103,た,1.84,None,七飯町,None,None,森林空間利用,0,140.754918,41.974228
None,None,None,None,渡島,2104,ニ,0.02,None,七飯町,None,None,森林空間利用,0,140.756068,41.972376
None,None,None,None,渡島,2104,ハ,1.58,None,七飯町,None,None,森林空間利用,0,140.756033,41.972158
None,None,水涵保,None,渡島,2104,ロ,0.12,None,七飯町,None,None,森林空間利用,0,140.75599,41.971694
None,トドマツ,水涵保,None,渡島,2104,へ,2.29,None,七飯町,None,None,森林空間利用,0,140.754556,41.97284
None,エゾマツ,水涵保,None,渡島,2104,い,2.11,None,七飯町,None,他Ｌ,森林空間利用,0,140.755108,41.971696
None,None,None,None,渡島,2104,ハ,1.58,None,七飯町,None,None,森林空間利用,0,140.757195,41.971436
None,エゾマツ,水涵保,None,渡島,2104,い,2.11,None,七飯町,None,他Ｌ,森林空間利用,0,140.75758,41.970818
None,None,None,None,渡島,2104,ハ,1.58,None,七飯町,None,None,森林空間利用,0,140.75654,41.971015
None,エゾマツ,水涵保,None,渡島,2104,い,2.11,None,七飯町,None,他Ｌ,森林空間利用,0,140.757098,41.969973
None,ドイツトウヒ,水涵保,None,渡島,2102,に,7.6,None,七飯町,None,None,森林空間利用,0,140.756679,41.968497
None,エゾマツ,水涵保,None,渡島,2104,い,2.11,None,七飯町,None,他Ｌ,森林空間利用,0,140.755924,41.971251
None,ブナ,水涵保,None,渡島,2102,と,2.67,None,七飯町,ミズナラ,シナノキ,森林空間利用,0,140.755138,41.970553
None,ドイツトウヒ,水涵保,None,渡島,2102,に,7.6,None,七飯町,None,None,森林空間利用,0,140.754795,41.9713
None,トドマツ,水涵保,None,渡島,2102,へ,2.65,None,七飯町,None,None,森林空間利用,0,140.75495,41.970784
None,None,水涵保,None,渡島,2102,ホ,0.48,None,七飯町,None,None,森林空間利用,0,140.754175,41.969766
None,ブナ,水涵保,None,渡島,2102,と,2.67,None,七飯町,ミズナラ,シナノキ,森林空間利用,0,140.754379,41.970253
None,ドイツトウヒ,水涵保,None,渡島,2102,に,7.6,None,七飯町,None,None,森林空間利用,0,140.755101,41.96876
None,トドマツ,水涵保,None,渡島,2104,に,3.79,None,七飯町,None,None,森林空間利用,0,140.761309,41.968589
None,None,None,None,渡島,2104,イ,3.0,None,七飯町,None,None,森林空間利用,0,140.761763,41.967251
None,ダケカンバ,水涵保,None,渡島,2104,ち,1.68,None,七飯町,シナノキ,他Ｌ,森林空間利用,0,140.760227,41.966941
None,トドマツ,水涵保,None,渡島,2104,ほ,2.5,None,七飯町,None,None,森林空間利用,0,140.760528,41.966379
None,ダケカンバ,水涵保,None,渡島,2104,ち,1.68,None,七飯町,シナノキ,他Ｌ,森林空間利用,0,140.759553,41.968797
None,トドマツ,水涵保,None,渡島,2104,に,3.79,None,七飯町,None,None,森林空間利用,0,140.760089,41.96791
None,ダケカンバ,水涵保,None,渡島,2104,ち,1.68,None,七飯町,シナノキ,他Ｌ,森林空間利用,0,140.758907,41.967025
None,None,None,None,渡島,2104,イ,3.0,None,七飯町,None,None,森林空間利用,0,140.760526,41.965435
None,トドマツ,水涵保,None,渡島,2104,に,3.79,None,七飯町,None,None,森林空間利用,0,140.758935,41.967405
None,トドマツ,水涵保,None,渡島,2104,ほ,2.5,None,七飯町,None,None,森林空間利用,0,140.759778,41.965819
None,ダケカンバ,水涵保,None,渡島,2104,ぬ,11.74,None,七飯町,ミズナラ,他Ｌ,森林空間利用,0,140.758424,41.965578
None,ブナ,水涵保,None,渡島,2102,と,2.67,None,七飯町,ミズナラ,シナノキ,森林空間利用,0,140.756878,41.968045
None,None,None,None,渡島,2102,ロ,4.28,None,七飯町,None,None,森林空間利用,0,140.756245,41.969267
None,None,None,None,渡島,2102,ハ,0.06,None,七飯町,None,None,森林空間利用,0,140.75608,41.967942
None,ブナ,水涵保,None,渡島,2102,と,2.67,None,七飯町,ミズナラ,シナノキ,森林空間利用,0,140.757079,41.966384
None,ドイツトウヒ,水涵保,None,渡島,2102,に,7.6,None,七飯町,None,None,森林空間利用,0,140.757166,41.965561
None,エゾマツ,水涵保,None,渡島,2107,い,5.16,None,七飯町,None,ドイツトウヒ,森林空間利用,0,140.757632,41.964912
None,エゾマツ,水涵保,None,渡島,2107,い,5.16,None,七飯町,None,ドイツトウヒ,森林空間利用,0,140.75574,41.965142
None,ダケカンバ,水涵保,None,渡島,2107,と,8.15,None,七飯町,イタヤカエデ,他Ｌ,水源涵養,0,140.754889,41.96457
None,トドマツ,水涵保,None,渡島,2103,た,1.84,None,七飯町,None,None,森林空間利用,0,140.754354,41.974239
None,ダケカンバ,水涵保,None,渡島,2104,る,2.4,None,七飯町,ミズナラ,他Ｌ,森林空間利用,0,140.753623,41.972925
None,トドマツ,水涵保,None,渡島,2102,へ,2.65,None,七飯町,None,None,森林空間利用,0,140.753436,41.971797
None,ブナ,水涵保,None,渡島,2102,と,2.67,None,七飯町,ミズナラ,シナノキ,森林空間利用,0,140.754253,41.971326
None,トドマツ,水涵保,None,渡島,2104,と,3.19,None,七飯町,None,None,森林空間利用,0,140.75311,41.973585
None,トドマツ,水涵保,None,渡島,2102,ほ,1.35,None,七飯町,None,None,森林空間利用,0,140.751888,41.972699
None,ドイツトウヒ,水涵保,None,渡島,2102,に,7.6,None,七飯町,None,None,森林空間利用,0,140.754039,41.96987
None,ダケカンバ,水涵保,None,渡島,2105,な,6.96,None,七飯町,シナノキ,ミズナラ,水源涵養,0,140.746237,41.974336
None,トドマツ,水涵保,None,渡島,2105,む,9.23,None,七飯町,ドイツトウヒ,エゾマツ,水源涵養,0,140.753426,41.969831
None,トドマツ,水涵保,None,渡島,2105,た,4.87,None,七飯町,None,None,水源涵養,0,140.751461,41.970567
None,トドマツ,水涵保,None,渡島,2105,む,9.23,None,七飯町,ドイツトウヒ,エゾマツ,水源涵養,0,140.750654,41.969036
None,トドマツ,水涵保,None,渡島,2105,ち,0.19,None,七飯町,None,None,水源涵養,0,140.748573,41.973851
None,トドマツ,水涵保,None,渡島,2105,よ,2.19,None,七飯町,None,None,水源涵養,0,140.749972,41.971851
None,トドマツ,水涵保,None,渡島,2105,わ,2.86,None,七飯町,None,None,水源涵養,0,140.748677,41.971803
None,トドマツ,水涵保,None,渡島,2105,ぬ,1.0,None,七飯町,トドマツ,トドマツ,水源涵養,0,140.747884,41.973749
None,トドマツ,水涵保,None,渡島,2106,た,1.5,None,七飯町,None,None,水源涵養,0,140.748644,41.968956
None,ミズナラ,水涵保,None,渡島,2106,れ,3.4,None,七飯町,ダケカンバ,他Ｌ,水源涵養,0,140.749096,41.968218
None,カラマツ,水涵保,None,渡島,2106,ほ,7.93,None,七飯町,None,None,水源涵養,0,140.747364,41.97021
None,None,水涵保,None,渡島,2105,ハ,0.52,None,七飯町,None,None,水源涵養,0,140.752495,41.968255
None,トドマツ,水涵保,None,渡島,2105,た,4.87,None,七飯町,None,None,水源涵養,0,140.753261,41.968292
None,トドマツ,水涵保,None,渡島,2105,む,9.23,None,七飯町,ドイツトウヒ,エゾマツ,水源涵養,0,140.754026,41.967429
None,ダケカンバ,水涵保,None,渡島,2107,と,8.15,None,七飯町,イタヤカエデ,他Ｌ,水源涵養,0,140.751007,41.967756
None,トドマツ,水涵保,None,渡島,2107,ほ,2.37,None,七飯町,None,None,水源涵養,0,140.751589,41.967121
None,ダケカンバ,水涵保,None,渡島,2107,と,8.15,None,七飯町,イタヤカエデ,他Ｌ,水源涵養,0,140.750872,41.966249
None,トドマツ,水涵保,None,渡島,2107,に,4.04,None,七飯町,None,None,水源涵養,0,140.753125,41.965753
None,None,水涵保,None,渡島,2107,イ,0.8,None,七飯町,None,None,水源涵養,0,140.752573,41.965033
None,トドマツ,水涵保,None,渡島,2107,は,1.48,None,七飯町,None,None,水源涵養,0,140.754176,41.964301
None,トドマツ,水涵保,None,渡島,2107,に,4.04,None,七飯町,None,None,水源涵養,0,140.751714,41.965734
None,ダケカンバ,水涵保,None,渡島,2108,か,12.42,None,七飯町,シナノキ,他Ｌ,水源涵養,0,140.750222,41.966395
None,トドマツ,水涵保,None,渡島,2108,た,2.54,None,七飯町,None,None,水源涵養,0,140.750337,41.964353
None,None,水涵保,None,渡島,2108,イ,1.0,None,七飯町,None,None,水源涵養,0,140.750668,41.963881
None,ダケカンバ,水涵保,None,渡島,2107,と,8.15,None,七飯町,イタヤカエデ,他Ｌ,水源涵養,0,140.748768,41.967607
None,トドマツ,水涵保,None,渡島,2107,ほ,2.37,None,七飯町,None,None,水源涵養,0,140.750334,41.967433
None,ダケカンバ,水涵保,None,渡島,2108,よ,3.59,None,七飯町,イタヤカエデ,他Ｌ,水源涵養,0,140.748716,41.967157
None,トドマツ,水涵保,None,渡島,2108,る,0.22,None,七飯町,None,None,水源涵養,0,140.748609,41.96675
None,トドマツ,水涵保,None,渡島,2106,と,1.76,None,七飯町,None,None,水源涵養,0,140.747218,41.967552
None,トドマツ,水涵保,None,渡島,2106,ち,1.5,None,七飯町,None,None,水源涵養,0,140.747751,41.966537
None,トドマツ,水涵保,None,渡島,2108,ぬ,1.1,None,七飯町,None,None,水源涵養,0,140.750188,41.965624
None,カラマツ,水涵保,None,渡島,2108,り,1.25,None,七飯町,None,ダケカンバ,水源涵養,0,140.749004,41.965379
None,ダケカンバ,水涵保,None,渡島,2108,よ,3.59,None,七飯町,イタヤカエデ,他Ｌ,水源涵養,0,140.749705,41.964253
None,ダケカンバ,水涵保,None,渡島,2108,か,12.42,None,七飯町,シナノキ,他Ｌ,水源涵養,0,140.748334,41.964357
None,トドマツ,水涵保,None,渡島,2108,と,1.99,None,七飯町,None,None,水源涵養,0,140.748713,41.963986
None,ミズナラ,水涵保,None,渡島,2106,そ,2.86,None,七飯町,シナノキ,他Ｌ,水源涵養,0,140.747888,41.964161
None,ダケカンバ,水涵保,None,渡島,2108,か,12.42,None,七飯町,シナノキ,他Ｌ,水源涵養,0,140.747834,41.963806
None,トドマツ,水涵保,None,渡島,2106,り,1.16,None,七飯町,None,他Ｌ,水源涵養,0,140.747809,41.964492
None,トドマツ,水涵保,None,渡島,2106,り,1.16,None,七飯町,None,他Ｌ,水源涵養,0,140.746926,41.96423
None,ミズナラ,水涵保,None,渡島,2106,そ,2.86,None,七飯町,シナノキ,他Ｌ,水源涵養,0,140.747275,41.963726
None,ダケカンバ,水涵保,None,渡島,2104,り,12.49,None,七飯町,ミズナラ,他Ｌ,森林空間利用,0,140.761327,41.963524
None,ダケカンバ,水涵保,None,渡島,2107,へ,1.59,None,七飯町,イタヤカエデ,ミズナラ,森林空間利用,0,140.761021,41.962277
None,None,None,None,渡島,2107,ハ,2.97,None,七飯町,None,None,森林空間利用,0,140.757611,41.964417
None,None,None,None,渡島,2107,ロ,0.06,None,七飯町,None,None,森林空間利用,0,140.758739,41.962879
None,ダケカンバ,水涵保,None,渡島,2107,ち,2.54,None,七飯町,None,None,森林空間利用,0,140.757546,41.963037
None,トドマツ,水涵保,None,渡島,2107,ぬ,5.81,None,七飯町,None,None,水源涵養,0,140.756995,41.962271
None,トドマツ,水涵保,None,渡島,2107,ぬ,5.81,None,七飯町,None,None,水源涵養,0,140.758012,41.961338
None,None,水涵保,None,渡島,2107,ホ,0.08,None,七飯町,None,None,水源涵養,0,140.75746,41.961922
None,トドマツ,水涵保,None,渡島,2107,ろ,1.98,None,七飯町,None,None,水源涵養,2,140.754244,41.963166
None,ダケカンバ,水涵保,None,渡島,2107,と,8.15,None,七飯町,イタヤカエデ,他Ｌ,水源涵養,0,140.753885,41.962307
None,None,水涵保,None,渡島,2108,ロ,0.39,None,七飯町,None,None,水源涵養,0,140.754583,41.961025
None,None,水涵保,None,渡島,2107,ニ,0.15,None,七飯町,None,None,水源涵養,0,140.758085,41.960483
None,トドマツ,水涵保,None,渡島,2107,ぬ,5.81,None,七飯町,None,None,水源涵養,0,140.757888,41.96041
None,None,水涵保,None,渡島,2108,ハ,0.6,None,七飯町,None,None,水源涵養,0,140.755091,41.960791
None,ミズナラ,水涵保,None,渡島,2108,ね,5.39,None,七飯町,None,None,水源涵養,0,140.756355,41.959853
None,ミズナラ,水涵保,None,渡島,2108,ね,5.39,None,七飯町,None,None,水源涵養,0,140.757932,41.959783
None,ダケカンバ,水涵保,None,渡島,2108,ら,4.7,None,七飯町,None,None,水源涵養,0,140.756191,41.958836
None,ミズナラ,水涵保,None,渡島,2108,ね,5.39,None,七飯町,None,None,水源涵養,0,140.755678,41.96077
None,ダケカンバ,水涵保,None,渡島,2108,か,12.42,None,七飯町,シナノキ,他Ｌ,水源涵養,0,140.754789,41.960469
None,トドマツ,水涵保,None,渡島,2108,な,6.75,None,七飯町,None,None,水源涵養,0,140.755421,41.959089
None,ダケカンバ,水涵保,None,渡島,2108,ら,4.7,None,七飯町,None,None,水源涵養,0,140.753895,41.956282
None,トドマツ,水涵保,None,渡島,2108,な,6.75,None,七飯町,None,None,水源涵養,0,140.754824,41.95696
None,None,水涵保,None,渡島,2108,ハ,0.6,None,七飯町,None,None,水源涵養,0,140.75436,41.957691
None,トドマツ,水涵保,None,渡島,2107,る,0.55,None,七飯町,None,None,水源涵養,0,140.753209,41.96307
None,ミズナラ,水涵保,None,渡島,2108,ね,5.39,None,七飯町,None,None,水源涵養,0,140.753619,41.961285
None,ダケカンバ,水涵保,None,渡島,2108,か,12.42,None,七飯町,シナノキ,他Ｌ,水源涵養,0,140.752741,41.961629
None,トドマツ,水涵保,None,渡島,2108,む,1.03,None,七飯町,None,None,水源涵養,0,140.752257,41.963141
None,トドマツ,水涵保,None,渡島,2108,い,1.4,None,七飯町,None,None,水源涵養,0,140.751629,41.961942
None,トドマツ,水涵保,None,渡島,2108,た,2.54,None,七飯町,None,None,水源涵養,0,140.750606,41.963301
None,トドマツ,水涵保,None,渡島,2108,な,6.75,None,七飯町,None,None,水源涵養,0,140.754068,41.960473
None,トドマツ,水涵保,None,渡島,2108,そ,1.97,None,七飯町,None,None,水源涵養,0,140.753666,41.959658
None,None,水涵保,None,渡島,2108,ニ,0.3,None,七飯町,None,None,水源涵養,0,140.752985,41.959196
None,トドマツ,水涵保,None,渡島,2108,そ,1.97,None,七飯町,None,None,水源涵養,0,140.752888,41.959683
None,トドマツ,水涵保,None,渡島,2108,ろ,4.67,None,七飯町,None,None,水源涵養,0,140.751517,41.96011
None,ダケカンバ,水涵保,None,渡島,2108,か,12.42,None,七飯町,シナノキ,他Ｌ,水源涵養,0,140.75181,41.958755
None,ダケカンバ,水涵保,None,渡島,2108,か,12.42,None,七飯町,シナノキ,他Ｌ,水源涵養,0,140.750591,41.959378
None,トドマツ,水涵保,None,渡島,2108,ち,0.76,None,七飯町,None,None,水源涵養,0,140.749945,41.962961
None,トドマツ,水涵保,None,渡島,2108,ち,0.76,None,七飯町,None,None,水源涵養,0,140.749686,41.9636
None,トドマツ,水涵保,None,渡島,2108,と,1.99,None,七飯町,None,None,水源涵養,0,140.748654,41.962839
None,トドマツ,水涵保,None,渡島,2108,へ,1.28,None,七飯町,None,None,水源涵養,0,140.74922,41.961785
None,ダケカンバ,水涵保,None,渡島,2108,わ,5.36,None,七飯町,イタヤカエデ,他Ｌ,水源涵養,0,140.748396,41.959989
None,ダケカンバ,水涵保,None,渡島,2108,よ,3.59,None,七飯町,イタヤカエデ,他Ｌ,水源涵養,0,140.74945,41.960682
None,トドマツ,水涵保,None,渡島,2108,う,0.46,None,七飯町,None,None,水源涵養,0,140.749606,41.958656
None,トドマツ,水涵保,None,渡島,2108,ほ,0.23,None,七飯町,None,None,水源涵養,0,140.750264,41.959192
None,トドマツ,水涵保,None,渡島,2108,ほ,0.23,None,七飯町,None,None,水源涵養,0,140.749784,41.95834
None,トドマツ,水涵保,None,渡島,2108,ほ,0.23,None,七飯町,None,None,水源涵養,0,140.749555,41.958408
None,トドマツ,水涵保,None,渡島,2108,ほ,0.23,None,七飯町,None,None,水源涵養,0,140.749288,41.95865
None,トドマツ,水涵保,None,渡島,2110,ね,3.26,None,七飯町,None,他Ｌ,水源涵養,0,140.747248,41.958789
None,ダケカンバ,水涵保,None,渡島,2108,か,12.42,None,七飯町,シナノキ,他Ｌ,水源涵養,0,140.751782,41.957847
None,ダケカンバ,水涵保,None,渡島,2108,ら,4.7,None,七飯町,None,None,水源涵養,0,140.752971,41.956897
None,ダケカンバ,水涵保,None,渡島,2110,つ,7.66,None,七飯町,他Ｌ,ミズナラ,水源涵養,0,140.751073,41.956265
None,カラマツ,水涵保,None,渡島,2110,え,2.14,None,七飯町,None,None,水源涵養,0,140.74879,41.957504
None,トドマツ,水涵保,None,渡島,2110,る,0.42,None,七飯町,None,None,水源涵養,0,140.749733,41.955773
None,カラマツ,水涵保,None,渡島,2110,え,2.14,None,七飯町,None,None,水源涵養,0,140.748008,41.958062
None,トドマツ,水涵保,None,渡島,2110,て,6.3,None,七飯町,None,None,水源涵養,0,140.746882,41.957249
None,トドマツ,水涵保,None,渡島,2110,て,6.3,None,七飯町,None,None,水源涵養,0,140.747223,41.956446
None,ミズナラ,水涵保,None,渡島,2113,ほ,5.57,None,七飯町,ダケカンバ,他Ｌ,水源涵養,0,140.74795,41.948012
None,ブナ,水涵保,None,渡島,2119,わ,43.44,None,七飯町,ミズナラ,イタヤカエデ,水源涵養,0,140.750844,41.943261
None,ダケカンバ,水涵保,None,渡島,2118,は,12.0,None,七飯町,他Ｌ,ミズナラ,水源涵養,0,140.748887,41.946281
None,None,土流保,保健保,渡島,1199,ル,0.01,None,七飯町,None,None,森林空間利用,0,140.702266,42.051886
None,None,None,None,渡島,1199,ヘ,0.2,None,七飯町,None,None,森林空間利用,0,140.68514,42.058354
None,None,土流保,保健保,渡島,1199,リ,0.01,None,七飯町,None,None,森林空間利用,0,140.684026,42.057791
None,None,土流保,保健保,渡島,1199,ヌ,0.01,None,七飯町,None,None,森林空間利用,0,140.686458,42.05045
None,None,土流保,保健保,渡島,1199,ハ,47.17,None,七飯町,None,None,森林空間利用,0,140.682232,42.058097
None,None,土流保,保健保,渡島,1199,カ,3.97,None,七飯町,None,None,自然維持,0,140.722171,42.038716
None,None,土流保,保健保,渡島,1199,ニ,0.64,None,七飯町,None,None,自然維持,0,140.721785,42.03763
None,None,土流保,保健保,渡島,1199,ホ,184.94,None,七飯町,None,None,自然維持,0,140.709237,42.04277
None,None,土流保,保健保,渡島,1199,ロ,372.04,None,七飯町,None,None,森林空間利用,0,140.69494,42.045168
None,他Ｌ,土流保,保健保,渡島,1199,い,0.01,None,七飯町,None,ミズナラ,森林空間利用,0,140.692543,42.036844
None,None,土流保,保健保,渡島,1199,イ,0.41,None,七飯町,None,None,森林空間利用,0,140.69761,42.032832
None,None,土流保,保健保,渡島,1199,カ,3.97,None,七飯町,None,None,自然維持,0,140.704283,42.033664
None,カラマツ,水涵保,None,渡島,2102,い,9.94,None,七飯町,None,他Ｌ,森林空間利用,0,140.749275,41.976702
None,カラマツ,水涵保,None,渡島,2102,ろ,0.59,None,七飯町,None,他Ｌ,水源涵養,0,140.744399,41.980397
None,カラマツ,水涵保,None,渡島,2105,り,5.91,None,七飯町,None,他Ｌ,水源涵養,0,140.743539,41.980259
None,トドマツ,水涵保,None,渡島,2102,は,6.5,None,七飯町,None,トドマツ,水源涵養,0,140.745802,41.97982
None,トドマツ,水涵保,None,渡島,2105,と,3.96,None,七飯町,トドマツ,トドマツ,水源涵養,0,140.745188,41.977322
None,トドマツ,水涵保,None,渡島,2105,ら,4.06,None,七飯町,None,トドマツ,水源涵養,0,140.742758,41.97876
None,トドマツ,水涵保,None,渡島,2105,か,0.96,None,七飯町,None,トドマツ,水源涵養,0,140.744252,41.977636
None,ダケカンバ,水涵保,None,渡島,2105,な,6.96,None,七飯町,シナノキ,ミズナラ,水源涵養,0,140.742198,41.977782
None,None,None,None,渡島,2105,ロ,1.16,None,七飯町,None,None,水源涵養,0,140.746292,41.976315
None,トドマツ,水涵保,None,渡島,2105,そ,1.65,None,七飯町,None,トドマツ,水源涵養,0,140.745097,41.976339
None,トドマツ,水涵保,None,渡島,2105,と,3.96,None,七飯町,トドマツ,トドマツ,水源涵養,0,140.745854,41.975375
None,ダケカンバ,水涵保,None,渡島,2105,な,6.96,None,七飯町,シナノキ,ミズナラ,水源涵養,0,140.745037,41.975296
None,ミズナラ,水涵保,None,渡島,2106,れ,3.4,None,七飯町,ダケカンバ,他Ｌ,水源涵養,0,140.745118,41.974949
None,カラマツ,水涵保,None,渡島,2106,ほ,7.93,None,七飯町,None,None,水源涵養,0,140.745055,41.974472
None,トドマツ,水涵保,None,渡島,2106,る,4.66,None,七飯町,None,None,水源涵養,0,140.743807,41.976037
None,ダケカンバ,水涵保,None,渡島,2106,つ,5.08,None,七飯町,他Ｌ,ミズナラ,水源涵養,0,140.74335,41.976365
None,None,None,None,渡島,2105,ロ,1.16,None,七飯町,None,None,水源涵養,0,140.743047,41.976693
None,ダケカンバ,水涵保,None,渡島,2106,つ,5.08,None,七飯町,他Ｌ,ミズナラ,水源涵養,0,140.74362,41.976875
None,None,水涵保,None,渡島,2106,ハ,0.33,None,七飯町,None,None,水源涵養,0,140.744726,41.974245
None,トドマツ,水涵保,None,渡島,2106,る,4.66,None,七飯町,None,None,水源涵養,0,140.74397,41.974946
None,ダケカンバ,水涵保,None,渡島,2105,な,6.96,None,七飯町,シナノキ,ミズナラ,水源涵養,0,140.742741,41.975591
None,トドマツ,水涵保,None,渡島,2106,か,0.05,None,七飯町,None,None,水源涵養,0,140.742973,41.975241
None,カラマツ,水涵保,None,渡島,2105,へ,2.24,None,七飯町,None,他Ｌ,水源涵養,0,140.741949,41.97709
None,カラマツ,水涵保,None,渡島,2105,へ,2.24,None,七飯町,None,他Ｌ,水源涵養,0,140.742467,41.976193
None,トドマツ,水涵保,None,渡島,2105,ほ,3.17,None,七飯町,トドマツ,トドマツ,水源涵養,0,140.740676,41.977064
None,トドマツ,水涵保,None,渡島,2105,ほ,3.17,None,七飯町,トドマツ,トドマツ,水源涵養,0,140.741797,41.975607
None,トドマツ,水涵保,None,渡島,2105,ろ,7.4,None,七飯町,None,None,水源涵養,2,140.739964,41.976425
None,トドマツ,水涵保,None,渡島,2105,に,1.65,None,七飯町,None,トドマツ,水源涵養,0,140.739328,41.975465
None,トドマツ,水涵保,None,渡島,2105,に,1.65,None,七飯町,None,トドマツ,水源涵養,0,140.739609,41.974699
None,None,水涵保,None,渡島,2105,イ,0.34,None,七飯町,None,None,水源涵養,0,140.739536,41.974734
None,ダケカンバ,水涵保,None,渡島,2105,ね,0.89,None,七飯町,ミズナラ,シナノキ,水源涵養,0,140.738991,41.974526
None,トドマツ,水涵保,None,渡島,2106,る,4.66,None,七飯町,None,None,水源涵養,0,140.743577,41.973775
None,トドマツ,水涵保,None,渡島,2106,に,1.96,None,七飯町,None,エゾマツ,水源涵養,0,140.742644,41.973999
None,トドマツ,水涵保,None,渡島,2106,わ,0.06,None,七飯町,None,None,水源涵養,0,140.742534,41.973736
None,トドマツ,水涵保,None,渡島,2106,は,2.88,None,七飯町,None,トドマツ,水源涵養,0,140.743275,41.971739
None,ダケカンバ,水涵保,None,渡島,2106,つ,5.08,None,七飯町,他Ｌ,ミズナラ,水源涵養,0,140.745973,41.970379
None,トドマツ,水涵保,None,渡島,2106,ね,1.96,None,七飯町,None,None,水源涵養,0,140.745139,41.970944
None,トドマツ,水涵保,None,渡島,2106,い,4.74,None,七飯町,None,トドマツ,水源涵養,0,140.744457,41.970847
None,トドマツ,水涵保,None,渡島,2106,ろ,3.13,None,七飯町,None,None,水源涵養,1,140.743825,41.97103
None,None,水涵保,None,渡島,2106,ロ,0.5,None,七飯町,None,None,水源涵養,0,140.743016,41.971093
None,トドマツ,水涵保,None,渡島,2106,い,4.74,None,七飯町,None,トドマツ,水源涵養,0,140.74404,41.970221
None,トドマツ,水涵保,None,渡島,2106,ろ,0.67,None,七飯町,None,None,水源涵養,2,140.744105,41.970082
None,トドマツ,水涵保,None,渡島,2106,ろ,0.67,None,七飯町,None,None,水源涵養,2,140.74394,41.970091
None,トドマツ,水涵保,None,渡島,2106,ろ,3.13,None,七飯町,None,None,水源涵養,1,140.742988,41.969781
None,トドマツ,水涵保,None,渡島,2105,れ,0.12,None,七飯町,None,None,水源涵養,0,140.742365,41.974175
None,トドマツ,水涵保,None,渡島,2105,ろ,7.4,None,七飯町,None,None,水源涵養,2,140.740572,41.974873
None,トドマツ,水涵保,None,渡島,2106,わ,0.06,None,七飯町,None,None,水源涵養,0,140.742432,41.973567
None,トドマツ,水涵保,None,渡島,2105,ろ,7.4,None,七飯町,None,None,水源涵養,2,140.742256,41.973548
None,トドマツ,水涵保,None,渡島,2105,ろ,4.97,None,七飯町,None,None,水源涵養,1,140.740954,41.973892
None,トドマツ,水涵保,None,渡島,2106,に,1.96,None,七飯町,None,エゾマツ,水源涵養,0,140.742426,41.972616
None,トドマツ,水涵保,None,渡島,2105,い,1.44,None,七飯町,None,エゾマツ,水源涵養,0,140.741142,41.971939
None,ダケカンバ,水涵保,None,渡島,2105,ね,0.89,None,七飯町,ミズナラ,シナノキ,水源涵養,0,140.73945,41.974138
None,トドマツ,水涵保,None,渡島,2105,に,1.65,None,七飯町,None,トドマツ,水源涵養,0,140.738994,41.974183
None,None,水涵保,None,渡島,2105,イ,0.34,None,七飯町,None,None,水源涵養,0,140.741377,41.973587
None,トドマツ,水涵保,None,渡島,2105,ろ,4.97,None,七飯町,None,None,水源涵養,1,140.739382,41.972427
None,トドマツ,水涵保,None,渡島,2106,は,2.88,None,七飯町,None,トドマツ,水源涵養,0,140.742202,41.971085
None,ミズナラ,水涵保,None,渡島,2106,そ,2.86,None,七飯町,シナノキ,他Ｌ,水源涵養,0,140.741654,41.969739
None,他Ｌ,水涵保,None,渡島,2110,か,11.74,None,七飯町,ダケカンバ,ミズナラ,水源涵養,0,140.741049,41.969946
None,トドマツ,水涵保,None,渡島,2105,る,0.75,None,七飯町,None,トドマツ,水源涵養,0,140.739837,41.971486
None,ダケカンバ,水涵保,None,渡島,2105,つ,0.38,None,七飯町,ミズナラ,シナノキ,水源涵養,0,140.739463,41.971206
None,トドマツ,水涵保,None,渡島,2106,よ,0.17,None,七飯町,None,None,水源涵養,0,140.740541,41.970664
None,他Ｌ,水涵保,None,渡島,2110,よ,9.36,None,七飯町,イタヤカエデ,ダケカンバ,水源涵養,0,140.739671,41.970282
None,カラマツ,水涵保,None,渡島,2106,へ,12.76,None,七飯町,None,他Ｌ,水源涵養,0,140.74593,41.966836
None,トドマツ,水涵保,None,渡島,2106,い,4.74,None,七飯町,None,トドマツ,水源涵養,0,140.74349,41.968186
None,ミズナラ,水涵保,None,渡島,2106,そ,2.86,None,七飯町,シナノキ,他Ｌ,水源涵養,0,140.74248,41.96707
None,トドマツ,水涵保,None,渡島,2106,ぬ,1.2,None,七飯町,None,None,水源涵養,0,140.744832,41.965756
None,None,None,None,渡島,2106,イ,0.58,None,七飯町,None,None,水源涵養,0,140.744427,41.965068
None,トドマツ,水涵保,None,渡島,2110,や,3.15,None,七飯町,None,None,森林空間利用,0,140.743495,41.964051
None,トドマツ,水涵保,None,渡島,2106,い,4.74,None,七飯町,None,トドマツ,水源涵養,0,140.742263,41.968749
None,カラマツ,水涵保,None,渡島,2110,い,2.11,None,七飯町,None,他Ｌ,水源涵養,0,140.741232,41.968321
None,カラマツ,水涵保,None,渡島,2110,い,2.11,None,七飯町,None,他Ｌ,水源涵養,0,140.741516,41.967298
None,他Ｌ,水涵保,None,渡島,2110,か,11.74,None,七飯町,ダケカンバ,ミズナラ,水源涵養,0,140.742937,41.965685
None,トドマツ,水涵保,None,渡島,2110,わ,1.83,None,七飯町,トドマツ,トドマツ,水源涵養,0,140.739297,41.967845
None,カラマツ,水涵保,None,渡島,2110,ろ,4.27,None,七飯町,None,他Ｌ,水源涵養,0,140.740456,41.967069
None,カラマツ,水涵保,None,渡島,2110,ろ,4.27,None,七飯町,None,他Ｌ,水源涵養,0,140.741798,41.965873
None,他Ｌ,水涵保,None,渡島,2110,か,11.74,None,七飯町,ダケカンバ,ミズナラ,水源涵養,0,140.741565,41.96497
None,トドマツ,水涵保,None,渡島,2110,は,0.33,None,七飯町,None,None,水源涵養,0,140.740743,41.965477
None,他Ｌ,水涵保,None,渡島,2110,か,11.74,None,七飯町,ダケカンバ,ミズナラ,水源涵養,0,140.742509,41.96486
None,None,None,None,渡島,2110,イ,0.46,None,七飯町,None,None,水源涵養,0,140.741493,41.964343
None,トドマツ,水涵保,None,渡島,2110,に,2.64,None,七飯町,None,None,水源涵養,0,140.741869,41.964454
None,トドマツ,水涵保,None,渡島,2110,に,2.64,None,七飯町,None,None,水源涵養,0,140.741286,41.964641
None,None,水涵保,None,渡島,2110,ロ,0.61,None,七飯町,None,None,水源涵養,0,140.739198,41.966274
None,他Ｌ,水涵保,None,渡島,2110,よ,9.36,None,七飯町,イタヤカエデ,ダケカンバ,水源涵養,0,140.739176,41.965001
None,他Ｌ,水涵保,None,渡島,2110,よ,9.36,None,七飯町,イタヤカエデ,ダケカンバ,水源涵養,0,140.740478,41.964665
None,他Ｌ,水涵保,None,渡島,2110,よ,9.36,None,七飯町,イタヤカエデ,ダケカンバ,水源涵養,0,140.739767,41.964365
None,ミズナラ,水涵保,None,渡島,2109,さ,0.8,None,七飯町,None,None,水源涵養,0,140.739004,41.964197
None,トドマツ,水涵保,None,渡島,2105,ろ,7.4,None,七飯町,None,None,水源涵養,2,140.738068,41.974193
None,トドマツ,水涵保,None,渡島,2105,は,0.76,None,七飯町,None,None,水源涵養,0,140.738292,41.973525
None,トドマツ,水涵保,None,渡島,2105,は,0.76,None,七飯町,None,None,水源涵養,0,140.737641,41.973409
None,トドマツ,水涵保,None,渡島,2105,ろ,7.4,None,七飯町,None,None,水源涵養,2,140.736963,41.973037
None,トドマツ,水涵保,None,渡島,2105,ろ,7.4,None,七飯町,None,None,水源涵養,2,140.737861,41.972279
None,他Ｌ,水涵保,None,渡島,2109,れ,1.32,None,七飯町,ブナ,ミズナラ,水源涵養,0,140.737197,41.972309
None,他Ｌ,水涵保,None,渡島,2109,れ,1.32,None,七飯町,ブナ,ミズナラ,水源涵養,0,140.737117,41.972421
None,None,水涵保,None,渡島,2109,ハ,0.03,None,七飯町,None,None,水源涵養,0,140.737008,41.972459
None,トドマツ,水涵保,None,渡島,2109,り,3.33,None,七飯町,None,イタヤカエデ,水源涵養,0,140.736135,41.97218
None,トドマツ,水涵保,None,渡島,2109,り,3.33,None,七飯町,None,イタヤカエデ,水源涵養,0,140.737207,41.972133
None,他Ｌ,水涵保,None,渡島,2109,る,2.53,None,七飯町,ダケカンバ,ブナ,水源涵養,0,140.737823,41.971033
None,None,水涵保,None,渡島,2109,ロ,0.84,None,七飯町,None,None,水源涵養,0,140.731734,41.969973
None,他Ｌ,水涵保,None,渡島,2109,る,2.53,None,七飯町,ダケカンバ,ブナ,水源涵養,0,140.737602,41.970654
None,トドマツ,水涵保,None,渡島,2109,よ,2.22,None,七飯町,None,None,水源涵養,0,140.735888,41.970373
None,他Ｌ,水涵保,None,渡島,2109,ち,4.89,None,七飯町,ミズナラ,ダケカンバ,水源涵養,0,140.735214,41.970414
None,他Ｌ,水涵保,None,渡島,2109,ち,4.89,None,七飯町,ミズナラ,ダケカンバ,水源涵養,0,140.736254,41.970021
None,トドマツ,水涵保,None,渡島,2109,よ,2.22,None,七飯町,None,None,水源涵養,0,140.734908,41.969279
None,他Ｌ,水涵保,None,渡島,2109,れ,1.32,None,七飯町,ブナ,ミズナラ,水源涵養,0,140.734196,41.9725
None,トドマツ,水涵保,None,渡島,2109,ほ,19.39,None,七飯町,None,トドマツ,水源涵養,0,140.733665,41.971147
None,トドマツ,水涵保,None,渡島,2109,ほ,19.39,None,七飯町,None,トドマツ,水源涵養,0,140.731825,41.969657
None,トドマツ,水涵保,None,渡島,2109,か,1.33,None,七飯町,None,イタヤカエデ,水源涵養,0,140.732798,41.968962
None,トドマツ,水涵保,None,渡島,2109,ほ,19.39,None,七飯町,None,トドマツ,水源涵養,0,140.738212,41.968976
None,他Ｌ,水涵保,None,渡島,2109,な,0.25,None,七飯町,None,None,水源涵養,0,140.738263,41.967795
None,トドマツ,水涵保,None,渡島,2109,と,0.63,None,七飯町,None,イタヤカエデ,水源涵養,0,140.736946,41.96766
None,トドマツ,水涵保,None,渡島,2109,い,0.72,None,七飯町,None,None,水源涵養,0,140.738322,41.967317
None,トドマツ,水涵保,None,渡島,2110,わ,1.83,None,七飯町,トドマツ,トドマツ,水源涵養,0,140.738594,41.96749
None,トドマツ,水涵保,None,渡島,2109,む,1.04,None,七飯町,他Ｌ,ミズナラ,水源涵養,0,140.737789,41.967142
None,トドマツ,水涵保,None,渡島,2109,い,0.72,None,七飯町,None,None,水源涵養,0,140.736676,41.966541
None,ミズナラ,水涵保,None,渡島,2109,お,0.48,None,七飯町,None,None,水源涵養,0,140.73725,41.966386
None,他Ｌ,水涵保,None,渡島,2109,ち,4.89,None,七飯町,ミズナラ,ダケカンバ,水源涵養,0,140.735711,41.968894
None,ミズナラ,水涵保,None,渡島,2109,ら,0.1,None,七飯町,None,None,水源涵養,0,140.736382,41.967833
None,他Ｌ,水涵保,None,渡島,2109,な,0.25,None,七飯町,None,None,水源涵養,0,140.736229,41.967673
None,None,水涵保,None,渡島,2109,ロ,0.84,None,七飯町,None,None,水源涵養,0,140.736076,41.967783
None,トドマツ,水涵保,None,渡島,2109,た,0.45,None,七飯町,None,None,水源涵養,0,140.735057,41.967676
None,トドマツ,水涵保,None,渡島,2109,い,0.72,None,七飯町,None,None,水源涵養,0,140.736126,41.965703
None,他Ｌ,水涵保,None,渡島,2109,つ,0.2,None,七飯町,None,ダケカンバ,水源涵養,0,140.734883,41.967103
None,ミズナラ,水涵保,None,渡島,2109,う,1.0,None,七飯町,ブナ,他Ｌ,水源涵養,0,140.738029,41.965791
None,イタヤカエデ,水涵保,None,渡島,2109,の,0.51,None,七飯町,None,ミズナラ,水源涵養,0,140.738212,41.965078
None,ミズナラ,水涵保,None,渡島,2109,く,0.52,None,七飯町,None,None,水源涵養,0,140.736813,41.9659
None,ミズナラ,水涵保,None,渡島,2109,や,0.5,None,七飯町,ウダイカンバ,ブナ,水源涵養,0,140.736907,41.965395
None,ミズナラ,水涵保,None,渡島,2109,け,0.5,None,七飯町,None,イタヤカエデ,水源涵養,0,140.738381,41.964625
None,ミズナラ,水涵保,None,渡島,2109,さ,0.8,None,七飯町,None,None,水源涵養,0,140.737921,41.964029
None,ミズナラ,水涵保,None,渡島,2109,ま,0.53,None,七飯町,None,None,水源涵養,0,140.736604,41.964971
None,ミズナラ,水涵保,None,渡島,2109,あ,0.59,None,七飯町,None,None,水源涵養,0,140.737187,41.96429
None,トドマツ,水涵保,None,渡島,2109,こ,3.5,None,七飯町,None,None,水源涵養,0,140.735711,41.966689
None,ミズナラ,水涵保,None,渡島,2111,れ,2.07,None,七飯町,None,None,水源涵養,0,140.734665,41.965101
None,ブナ,水涵保,None,渡島,2109,え,1.95,None,七飯町,None,None,水源涵養,0,140.735668,41.965329
None,トドマツ,水涵保,None,渡島,2111,そ,2.4,None,七飯町,None,None,水源涵養,0,140.735445,41.963886
None,他Ｌ,水涵保,None,渡島,2109,ち,4.89,None,七飯町,ミズナラ,ダケカンバ,水源涵養,0,140.733894,41.968529
None,他Ｌ,水涵保,None,渡島,2109,ね,0.5,None,七飯町,None,ダケカンバ,水源涵養,0,140.734485,41.967967
None,他Ｌ,水涵保,None,渡島,2109,つ,0.2,None,七飯町,None,ダケカンバ,水源涵養,0,140.733535,41.967777
None,None,None,None,渡島,2109,イ,1.4,None,七飯町,None,None,水源涵養,0,140.733723,41.967781
None,他Ｌ,水涵保,None,渡島,2109,ち,4.89,None,七飯町,ミズナラ,ダケカンバ,水源涵養,0,140.732175,41.968642
None,ウダイカンバ,水涵保,None,渡島,2109,ふ,0.95,None,七飯町,None,None,水源涵養,0,140.732374,41.967715
None,他Ｌ,水涵保,None,渡島,2109,ち,4.89,None,七飯町,ミズナラ,ダケカンバ,水源涵養,0,140.732417,41.96827
None,トドマツ,水涵保,None,渡島,2109,わ,1.15,None,七飯町,None,イタヤカエデ,水源涵養,0,140.730817,41.968692
None,トドマツ,水涵保,None,渡島,2111,わ,6.48,None,七飯町,トドマツ,エゾマツ,水源涵養,0,140.731828,41.966377
None,トドマツ,水涵保,None,渡島,2111,ね,4.65,None,七飯町,None,None,水源涵養,0,140.732329,41.963186
None,エゾマツ,水涵保,None,渡島,2111,る,1.06,None,七飯町,None,トドマツ,水源涵養,0,140.72854,41.969151
None,エゾマツ,水涵保,None,渡島,2111,ぬ,1.29,None,七飯町,None,トドマツ,水源涵養,0,140.729162,41.969067
None,エゾマツ,水涵保,None,渡島,2111,ぬ,1.29,None,七飯町,None,トドマツ,水源涵養,0,140.729034,41.968362
None,トドマツ,水涵保,None,渡島,2111,は,1.65,None,七飯町,トドマツ,エゾマツ,水源涵養,0,140.729674,41.967615
None,トドマツ,水涵保,None,渡島,2111,た,4.8,None,七飯町,None,None,水源涵養,0,140.729531,41.966126
None,None,None,None,渡島,2111,ハ,0.03,None,七飯町,None,None,水源涵養,0,140.728138,41.96895
None,エゾマツ,水涵保,None,渡島,2111,ぬ,1.29,None,七飯町,None,トドマツ,水源涵養,0,140.727374,41.968311
None,トドマツ,水涵保,None,渡島,2111,た,4.8,None,七飯町,None,None,水源涵養,0,140.727513,41.966893
None,None,None,None,渡島,2111,イ,1.04,None,七飯町,None,None,水源涵養,0,140.730594,41.965904
None,スギ,水涵保,None,渡島,2111,よ,3.41,None,七飯町,None,None,水源涵養,0,140.730048,41.964818
None,None,水涵保,None,渡島,2111,ロ,0.86,None,七飯町,None,None,水源涵養,0,140.727948,41.963993
None,スギ,水涵保,None,渡島,2111,よ,3.41,None,七飯町,None,None,水源涵養,0,140.727902,41.965384
None,トドマツ,水涵保,None,渡島,2111,か,4.08,None,七飯町,None,None,水源涵養,0,140.728577,41.964305
None,スギ,水涵保,None,渡島,2111,よ,3.41,None,七飯町,None,None,水源涵養,0,140.727864,41.964774
None,他Ｌ,水涵保,None,渡島,2111,と,3.34,None,七飯町,ダケカンバ,ミズナラ,水源涵養,0,140.727244,41.964534
None,None,None,None,渡島,2114,イ,0.9,None,七飯町,None,None,水源涵養,0,140.726986,41.963654
None,他Ｌ,水涵保,None,渡島,2111,へ,2.62,None,七飯町,ダケカンバ,ミズナラ,水源涵養,0,140.726659,41.967931
None,ドイツトウヒ,水涵保,None,渡島,2111,ろ,0.83,None,七飯町,None,None,水源涵養,0,140.726688,41.966905
None,他Ｌ,水涵保,None,渡島,2114,た,0.68,None,七飯町,ミズナラ,ダケカンバ,水源涵養,0,140.726322,41.964521
None,トドマツ,水涵保,None,渡島,2114,ろ,5.48,None,七飯町,None,トドマツ,水源涵養,0,140.726153,41.963889
None,トドマツ,水涵保,None,渡島,2115,れ,0.2,None,七飯町,None,None,水源涵養,0,140.725665,41.963633
None,None,None,None,渡島,2132,ロ,0.07,None,七飯町,None,None,水源涵養,0,140.691811,41.971189
None,トドマツ,水涵保,None,渡島,2132,つ,0.3,None,七飯町,None,None,水源涵養,0,140.691465,41.970807
None,None,None,None,渡島,2132,ハ,0.05,None,七飯町,None,None,水源涵養,0,140.690635,41.970714
None,カラマツ,水涵保,None,渡島,2132,い,4.96,None,七飯町,None,他Ｌ,水源涵養,0,140.68937,41.970972
None,トドマツ,水涵保,None,渡島,2132,か,0.2,None,七飯町,None,None,水源涵養,0,140.68992,41.969572
None,スギ,水涵保,None,渡島,2132,わ,0.58,None,七飯町,None,None,水源涵養,0,140.688084,41.971376
None,カラマツ,水涵保,None,渡島,2132,ろ,4.5,None,七飯町,None,他Ｌ,水源涵養,0,140.688608,41.969711
None,トドマツ,水涵保,None,渡島,2133,る,1.0,None,七飯町,None,None,森林空間利用,0,140.687014,41.970422
None,トドマツ,水涵保,None,渡島,2133,る,1.0,None,七飯町,None,None,森林空間利用,0,140.686508,41.97085
None,トドマツ,水涵保,None,渡島,2133,わ,3.61,None,七飯町,None,None,森林空間利用,0,140.6856,41.968293
None,カラマツ,水涵保,None,渡島,2132,は,0.96,None,七飯町,None,他Ｌ,水源涵養,0,140.690049,41.968145
None,他Ｌ,水涵保,None,渡島,2132,ほ,2.0,None,七飯町,None,カラマツ,水源涵養,0,140.690143,41.966824
None,他Ｌ,水涵保,None,渡島,2132,る,5.29,None,七飯町,ブナ,ダケカンバ,水源涵養,0,140.688662,41.966899
None,トドマツ,水涵保,None,渡島,2132,に,7.06,None,七飯町,None,他Ｌ,水源涵養,0,140.691493,41.965725
None,他Ｌ,水涵保,None,渡島,2132,へ,1.29,None,七飯町,None,トドマツ,水源涵養,0,140.689352,41.965701
None,トドマツ,水涵保,None,渡島,2133,わ,3.61,None,七飯町,None,None,森林空間利用,0,140.687443,41.96745
None,トドマツ,水涵保,None,渡島,2133,わ,3.61,None,七飯町,None,None,森林空間利用,0,140.687447,41.968525
None,トドマツ,水涵保,None,渡島,2133,わ,3.61,None,七飯町,None,None,森林空間利用,0,140.686233,41.967971
None,ドイツトウヒ,水涵保,None,渡島,2133,い,9.89,None,七飯町,None,None,森林空間利用,0,140.687751,41.966714
None,トドマツ,水涵保,None,渡島,2133,わ,3.61,None,七飯町,None,None,森林空間利用,0,140.686294,41.965821
None,トドマツ,水涵保,None,渡島,2133,わ,3.61,None,七飯町,None,None,森林空間利用,0,140.685819,41.966204
None,トドマツ,水涵保,None,渡島,2133,わ,3.61,None,七飯町,None,None,森林空間利用,0,140.685483,41.966848
None,トドマツ,水涵保,None,渡島,2133,た,0.41,None,七飯町,None,None,森林空間利用,0,140.684806,41.967071
None,トドマツ,水涵保,None,渡島,2133,に,0.97,None,七飯町,None,他Ｌ,森林空間利用,0,140.68773,41.965528
None,ドイツトウヒ,水涵保,None,渡島,2133,は,0.36,None,七飯町,None,他Ｌ,森林空間利用,0,140.687123,41.965335
None,ダケカンバ,水涵保,None,渡島,2133,ち,0.39,None,七飯町,イタヤカエデ,他Ｌ,森林空間利用,0,140.687109,41.964448
None,None,水涵保,None,渡島,2133,チ,0.07,None,七飯町,None,None,森林空間利用,0,140.682217,41.968014
None,カラマツ,水涵保,None,渡島,2133,ろ,7.99,None,七飯町,None,None,森林空間利用,0,140.683352,41.966935
None,None,None,None,渡島,2133,ホ,0.18,None,七飯町,None,None,森林空間利用,0,140.682517,41.966247
None,他Ｌ,水涵保,None,渡島,2135,つ,10.03,None,七飯町,ダケカンバ,ミズナラ,水源涵養,0,140.677752,41.964357
None,トドマツ,水涵保,None,渡島,2135,な,1.74,None,七飯町,None,None,水源涵養,0,140.678218,41.963742
None,トドマツ,水涵保,None,渡島,2136,よ,0.31,None,七飯町,None,他Ｌ,森林空間利用,0,140.676236,41.96516
None,他Ｌ,水涵保,None,渡島,2136,た,13.92,None,七飯町,ミズナラ,ブナ,森林空間利用,0,140.677158,41.964566
None,スギ,水涵保,None,渡島,2136,そ,0.27,None,七飯町,None,イタヤカエデ,森林空間利用,0,140.676691,41.964837
None,トドマツ,水涵保,None,渡島,2136,よ,0.31,None,七飯町,None,他Ｌ,森林空間利用,0,140.676079,41.964718
None,スギ,水涵保,None,渡島,2136,そ,0.27,None,七飯町,None,イタヤカエデ,森林空間利用,0,140.676315,41.96455
None,スギ,水涵保,None,渡島,2136,い,0.4,None,七飯町,他Ｌ,他Ｎ,森林空間利用,0,140.675791,41.965468
None,トドマツ,水涵保,None,渡島,2136,わ,0.11,None,七飯町,None,None,森林空間利用,0,140.675576,41.965275
None,トドマツ,水涵保,None,渡島,2136,か,0.09,None,七飯町,None,None,森林空間利用,0,140.675081,41.965361
None,スギ,水涵保,None,渡島,2136,い,0.4,None,七飯町,他Ｌ,他Ｎ,森林空間利用,0,140.675862,41.964871
None,カラマツ,水涵保,None,渡島,2136,ろ,3.43,None,七飯町,None,他Ｌ,森林空間利用,0,140.675113,41.96387
None,カラマツ,水涵保,None,渡島,2136,ろ,3.43,None,七飯町,None,他Ｌ,森林空間利用,0,140.673145,41.964689
None,None,水涵保,None,渡島,2136,ロ,1.0,None,七飯町,None,None,森林空間利用,0,140.670952,41.96148
None,他Ｌ,水涵保,None,渡島,2136,た,13.92,None,七飯町,ミズナラ,ブナ,森林空間利用,0,140.671873,41.96437
None,トドマツ,水涵保,None,渡島,2136,は,1.65,None,七飯町,None,カラマツ,森林空間利用,0,140.672505,41.963787
None,カラマツ,風致保,None,渡島,2141,い,1.72,None,七飯町,None,他Ｌ,森林空間利用,0,140.641768,41.974521
None,ミズナラ,風致保,None,渡島,2140,な,0.26,None,七飯町,イタヤカエデ,他Ｌ,森林空間利用,0,140.650414,41.972455
None,ブナ,風致保,None,渡島,2140,に,47.89,None,七飯町,ミズナラ,他Ｌ,森林空間利用,0,140.650078,41.970706
None,カラマツ,風致保,None,渡島,2140,い,0.35,None,七飯町,None,他Ｌ,森林空間利用,0,140.650694,41.96955
None,カラマツ,風致保,None,渡島,2140,い,0.35,None,七飯町,None,他Ｌ,森林空間利用,0,140.650163,41.969572
None,ダケカンバ,風致保,None,渡島,2141,わ,31.28,None,七飯町,他Ｌ,ブナ,森林空間利用,0,140.645204,41.972563
None,トドマツ,風致保,None,渡島,2140,は,0.35,None,七飯町,None,None,森林空間利用,0,140.648679,41.969146
None,トドマツ,風致保,None,渡島,2140,ろ,0.79,None,七飯町,None,None,森林空間利用,0,140.647017,41.969296
None,ブナ,風致保,None,渡島,2140,に,47.89,None,七飯町,ミズナラ,他Ｌ,森林空間利用,0,140.648136,41.968432
None,トドマツ,風致保,None,渡島,2140,り,0.3,None,七飯町,None,他Ｌ,森林空間利用,0,140.648918,41.964731
None,トドマツ,風致保,None,渡島,2140,は,0.35,None,七飯町,None,None,森林空間利用,0,140.6484,41.968781
None,トドマツ,風致保,None,渡島,2140,ほ,2.92,None,七飯町,None,None,森林空間利用,0,140.647572,41.967956
None,カラマツ,風致保,None,渡島,2140,へ,0.31,None,七飯町,None,他Ｌ,森林空間利用,0,140.64788,41.967509
None,トドマツ,風致保,None,渡島,2140,と,0.82,None,七飯町,None,他Ｌ,森林空間利用,0,140.64797,41.966499
None,ブナ,風致保,None,渡島,2140,に,47.89,None,七飯町,ミズナラ,他Ｌ,森林空間利用,0,140.647398,41.967277
None,None,風致保,None,渡島,2140,ロ,1.75,None,七飯町,None,None,森林空間利用,0,140.647882,41.965655
None,トドマツ,風致保,None,渡島,2140,と,0.82,None,七飯町,None,他Ｌ,森林空間利用,0,140.647127,41.966631
None,トドマツ,風致保,None,渡島,2140,ほ,2.92,None,七飯町,None,None,森林空間利用,0,140.646186,41.968406
None,カラマツ,風致保,None,渡島,2140,ち,2.2,None,七飯町,None,他Ｌ,森林空間利用,0,140.64893,41.965598
None,カラマツ,風致保,None,渡島,2140,ち,2.2,None,七飯町,None,他Ｌ,森林空間利用,0,140.647845,41.966137
None,ブナ,風致保,None,渡島,2140,に,47.89,None,七飯町,ミズナラ,他Ｌ,森林空間利用,0,140.647099,41.966093
None,カラマツ,風致保,None,渡島,2140,ぬ,1.66,None,七飯町,None,他Ｌ,森林空間利用,0,140.647906,41.964963
None,カラマツ,風致保,None,渡島,2140,ら,0.27,None,七飯町,None,他Ｌ,森林空間利用,0,140.647475,41.963832
None,ミズナラ,風致保,None,渡島,2140,む,1.8,None,七飯町,None,None,森林空間利用,0,140.646458,41.966262
None,ミズナラ,風致保,None,渡島,2140,む,1.8,None,七飯町,None,None,森林空間利用,0,140.646346,41.965713
None,ミズナラ,風致保,None,渡島,2140,む,1.8,None,七飯町,None,None,森林空間利用,0,140.646825,41.964809
None,スギ,風致保,None,渡島,2140,か,1.68,None,七飯町,None,None,森林空間利用,0,140.645255,41.963988
None,カラマツ,風致保,None,渡島,2141,か,0.45,None,七飯町,None,他Ｌ,森林空間利用,0,140.643735,41.974164
None,カラマツ,風致保,None,渡島,2141,よ,2.27,None,七飯町,トドマツ,他Ｌ,森林空間利用,0,140.641992,41.97343
None,トドマツ,風致保,None,渡島,2141,る,0.72,None,七飯町,None,None,森林空間利用,0,140.641664,41.970401
None,カラマツ,風致保,None,渡島,2141,た,2.75,None,七飯町,トドマツ,他Ｌ,森林空間利用,0,140.640514,41.971475
None,カラマツ,風致保,None,渡島,2141,ろ,2.56,None,七飯町,None,None,森林空間利用,0,140.639647,41.973253
None,トドマツ,風致保,None,渡島,2141,は,1.39,None,七飯町,None,None,森林空間利用,0,140.640873,41.969723
None,トドマツ,風致保,None,渡島,2141,に,0.88,None,七飯町,None,None,森林空間利用,0,140.640251,41.970296
None,トドマツ,風致保,None,渡島,2141,ほ,0.65,None,七飯町,None,None,森林空間利用,0,140.639808,41.968998
None,カラマツ,風致保,None,渡島,2141,れ,2.94,None,七飯町,トドマツ,他Ｌ,森林空間利用,0,140.638163,41.970017
None,スギ,風致保,None,渡島,2141,と,1.42,None,七飯町,None,他Ｌ,森林空間利用,0,140.637227,41.968921
None,ブナ,風致保,None,渡島,2140,に,47.89,None,七飯町,ミズナラ,他Ｌ,森林空間利用,0,140.643722,41.969072
None,カラマツ,風致保,None,渡島,2140,た,7.15,None,七飯町,None,None,森林空間利用,0,140.640642,41.966703
None,トドマツ,風致保,None,渡島,2140,れ,0.23,None,七飯町,None,None,森林空間利用,0,140.642123,41.968909
None,ミズナラ,風致保,None,渡島,2140,う,0.36,None,七飯町,None,None,森林空間利用,0,140.641998,41.969071
None,ミズナラ,風致保,None,渡島,2141,ね,0.42,None,七飯町,None,None,森林空間利用,0,140.641396,41.968914
None,トドマツ,風致保,None,渡島,2140,れ,0.23,None,七飯町,None,None,森林空間利用,0,140.640547,41.968361
None,トドマツ,風致保,None,渡島,2141,へ,0.73,None,七飯町,None,None,森林空間利用,0,140.638382,41.968747
None,トドマツ,風致保,None,渡島,2140,そ,4.05,None,七飯町,None,他Ｌ,森林空間利用,0,140.63835,41.96584
None,トドマツ,風致保,None,渡島,2139,い,0.2,None,七飯町,None,他Ｌ,森林空間利用,0,140.638457,41.964788
None,トドマツ,風致保,None,渡島,2141,ち,0.38,None,七飯町,None,None,森林空間利用,0,140.636607,41.968331
None,トドマツ,風致保,None,渡島,2141,り,0.54,None,七飯町,None,None,森林空間利用,0,140.635206,41.966148
None,トドマツ,風致保,None,渡島,2141,つ,0.24,None,七飯町,None,None,森林空間利用,0,140.634102,41.965395
None,他Ｌ,風致保,None,渡島,2141,ぬ,2.95,None,七飯町,None,トドマツ,森林空間利用,0,140.633712,41.964751
None,None,風致保,None,渡島,2141,ロ,0.37,None,七飯町,None,None,森林空間利用,0,140.633033,41.96522
None,None,None,None,渡島,2141,イ,0.58,None,七飯町,None,None,森林空間利用,0,140.633685,41.963207
None,None,風致保,None,渡島,2141,ロ,0.37,None,七飯町,None,None,森林空間利用,0,140.633293,41.963694
None,カラマツ,水涵保,None,渡島,2110,ま,4.89,None,七飯町,None,None,水源涵養,0,140.744864,41.963054
None,トドマツ,水涵保,None,渡島,2110,け,4.75,None,七飯町,None,None,水源涵養,0,140.745882,41.961919
None,None,水涵保,None,渡島,2110,ニ,1.8,None,七飯町,None,None,水源涵養,0,140.743543,41.958272
None,トドマツ,水涵保,None,渡島,2110,お,8.31,None,七飯町,None,None,水源涵養,0,140.744905,41.959569
None,他Ｌ,水涵保,None,渡島,2110,か,11.74,None,七飯町,ダケカンバ,ミズナラ,水源涵養,0,140.746758,41.963049
None,他Ｌ,水涵保,None,渡島,2110,よ,9.36,None,七飯町,イタヤカエデ,ダケカンバ,水源涵養,0,140.741468,41.962757
None,トドマツ,水涵保,None,渡島,2110,ふ,2.63,None,七飯町,None,None,水源涵養,0,140.742373,41.962886
None,ミズナラ,水涵保,None,渡島,2110,く,1.12,None,七飯町,None,None,水源涵養,0,140.740827,41.962609
None,トドマツ,水涵保,None,渡島,2109,て,3.93,None,七飯町,None,None,水源涵養,0,140.739091,41.963051
None,トドマツ,水涵保,None,渡島,2109,い,0.72,None,七飯町,None,None,水源涵養,0,140.739801,41.962201
None,他Ｌ,水涵保,None,渡島,2109,ぬ,0.6,None,七飯町,ブナ,ミズナラ,水源涵養,0,140.739951,41.96174
None,トドマツ,水涵保,None,渡島,2110,こ,6.05,None,七飯町,None,None,水源涵養,0,140.74091,41.960407
None,トドマツ,水涵保,None,渡島,2110,あ,2.07,None,七飯町,None,None,水源涵養,0,140.742156,41.959427
None,トドマツ,水涵保,None,渡島,2112,に,0.4,None,七飯町,None,None,水源涵養,0,140.739611,41.960853
None,トドマツ,水涵保,None,渡島,2112,わ,0.48,None,七飯町,None,None,水源涵養,0,140.739516,41.959925
None,他Ｌ,水涵保,None,渡島,2110,か,11.74,None,七飯町,ダケカンバ,ミズナラ,水源涵養,0,140.745263,41.957078
None,トドマツ,水涵保,None,渡島,2110,て,6.3,None,七飯町,None,None,水源涵養,0,140.744752,41.957222
None,トドマツ,水涵保,None,渡島,2110,て,6.3,None,七飯町,None,None,水源涵養,0,140.745641,41.956738
None,他Ｌ,水涵保,None,渡島,2110,か,11.74,None,七飯町,ダケカンバ,ミズナラ,水源涵養,0,140.742734,41.956828
None,トドマツ,水涵保,None,渡島,2110,た,2.48,None,七飯町,None,他Ｌ,水源涵養,0,140.741867,41.957991
None,他Ｌ,水涵保,None,渡島,2112,ほ,31.38,None,七飯町,ダケカンバ,ミズナラ,水源涵養,0,140.743542,41.953875
None,トドマツ,水涵保,None,渡島,2112,と,4.94,None,七飯町,None,None,水源涵養,0,140.741013,41.953736
None,ミズナラ,水涵保,None,渡島,2113,る,1.0,None,七飯町,他Ｌ,ダケカンバ,水源涵養,0,140.740274,41.953048
None,トドマツ,水涵保,None,渡島,2113,に,0.19,None,七飯町,None,None,水源涵養,0,140.739612,41.953218
None,ミズナラ,水涵保,None,渡島,2112,る,3.82,None,七飯町,None,None,水源涵養,0,140.737689,41.961854
None,トドマツ,水涵保,None,渡島,2112,ぬ,4.88,None,七飯町,None,None,水源涵養,0,140.735493,41.962264
None,トドマツ,水涵保,None,渡島,2112,ろ,7.19,None,七飯町,None,他Ｌ,水源涵養,2,140.735703,41.96015
None,他Ｌ,水涵保,None,渡島,2112,り,4.88,None,七飯町,ミズナラ,ダケカンバ,水源涵養,0,140.736714,41.958924
None,ミズナラ,水涵保,None,渡島,2111,つ,2.68,None,七飯町,None,None,水源涵養,0,140.733822,41.963581
None,None,None,None,渡島,2112,イ,0.89,None,七飯町,None,None,水源涵養,0,140.731711,41.960901
None,トドマツ,水涵保,None,渡島,2112,ろ,3.06,None,七飯町,None,None,水源涵養,1,140.733383,41.960251
None,None,水涵保,None,渡島,2112,ロ,0.56,None,七飯町,None,None,水源涵養,0,140.732867,41.958269
None,他Ｌ,水涵保,None,渡島,2112,ち,6.0,None,七飯町,ミズナラ,ダケカンバ,水源涵養,0,140.732307,41.959565
None,トドマツ,水涵保,None,渡島,2114,れ,0.61,None,七飯町,None,None,水源涵養,0,140.730913,41.960024
None,エゾマツ,水涵保,None,渡島,2114,ほ,2.03,None,七飯町,None,トドマツ,水源涵養,0,140.731557,41.958316
None,トドマツ,水涵保,None,渡島,2112,へ,3.86,None,七飯町,None,None,水源涵養,0,140.738015,41.95662
None,他Ｌ,水涵保,None,渡島,2112,り,4.88,None,七飯町,ミズナラ,ダケカンバ,水源涵養,0,140.737505,41.955362
None,トドマツ,水涵保,None,渡島,2112,い,5.29,None,七飯町,None,None,水源涵養,0,140.735326,41.957903
None,他Ｌ,水涵保,None,渡島,2112,り,4.88,None,七飯町,ミズナラ,ダケカンバ,水源涵養,0,140.736526,41.956957
None,他Ｌ,水涵保,None,渡島,2112,ち,6.0,None,七飯町,ミズナラ,ダケカンバ,水源涵養,0,140.734811,41.956759
None,ミズナラ,水涵保,None,渡島,2113,る,1.0,None,七飯町,他Ｌ,ダケカンバ,水源涵養,0,140.736418,41.955208
None,トドマツ,水涵保,None,渡島,2113,へ,4.0,None,七飯町,None,None,水源涵養,0,140.736903,41.953453
None,トドマツ,水涵保,None,渡島,2114,ね,2.92,None,七飯町,None,None,水源涵養,0,140.735019,41.953304
None,トドマツ,水涵保,None,渡島,2114,そ,2.0,None,七飯町,None,None,水源涵養,0,140.732974,41.956236
None,トドマツ,水涵保,None,渡島,2114,か,1.27,None,七飯町,None,他Ｌ,水源涵養,0,140.731991,41.955267
None,トドマツ,水涵保,None,渡島,2114,つ,3.06,None,七飯町,None,None,水源涵養,0,140.733642,41.954245
None,ミズナラ,水涵保,None,渡島,2114,い,6.66,None,七飯町,シナノキ,ダケカンバ,水源涵養,0,140.732881,41.957541
None,トドマツ,水涵保,None,渡島,2114,り,4.88,None,七飯町,None,None,水源涵養,0,140.730955,41.95377
None,ミズナラ,水涵保,None,渡島,2113,ぬ,6.98,None,七飯町,ダケカンバ,他Ｌ,水源涵養,0,140.742756,41.948556
None,トドマツ,水涵保,None,渡島,2113,ち,3.09,None,七飯町,None,None,水源涵養,0,140.744173,41.950358
None,トドマツ,水涵保,None,渡島,2113,り,3.06,None,七飯町,None,None,水源涵養,0,140.746355,41.949763
None,ダケカンバ,水涵保,None,渡島,2118,へ,1.88,None,七飯町,他Ｌ,ミズナラ,水源涵養,0,140.742249,41.946978
None,トドマツ,水涵保,None,渡島,2113,い,0.25,None,七飯町,None,None,水源涵養,0,140.741872,41.952255
None,カラマツ,水涵保,None,渡島,2113,ろ,8.4,None,七飯町,None,他Ｌ,水源涵養,0,140.740315,41.951654
None,トドマツ,水涵保,None,渡島,2113,と,2.62,None,七飯町,None,None,水源涵養,0,140.742161,41.949592
None,トドマツ,水涵保,None,渡島,2113,は,5.25,None,七飯町,None,None,水源涵養,0,140.737781,41.952229
None,ミズナラ,水涵保,None,渡島,2117,つ,2.46,None,七飯町,None,None,水源涵養,0,140.74048,41.948543
None,トドマツ,水涵保,None,渡島,2118,ほ,4.03,None,七飯町,None,None,水源涵養,0,140.74557,41.945268
None,トドマツ,水涵保,None,渡島,2118,に,4.38,None,七飯町,None,None,水源涵養,0,140.744163,41.94723
None,ブナ,水涵保,None,渡島,2119,る,3.21,None,七飯町,ミズナラ,イタヤカエデ,水源涵養,0,140.745679,41.944228
None,トドマツ,水涵保,None,渡島,2119,ぬ,4.44,None,七飯町,None,None,水源涵養,0,140.743929,41.943272
None,トドマツ,水涵保,None,渡島,2118,い,3.39,None,七飯町,None,None,水源涵養,0,140.742274,41.945707
None,ダケカンバ,水涵保,None,渡島,2118,と,2.99,None,七飯町,他Ｌ,ミズナラ,水源涵養,0,140.742882,41.94593
None,ミズナラ,水涵保,None,渡島,2118,ち,1.47,None,七飯町,None,None,水源涵養,0,140.741726,41.946057
None,トドマツ,水涵保,None,渡島,2118,り,1.95,None,七飯町,None,None,水源涵養,0,140.740923,41.945085
None,他Ｌ,水涵保,None,渡島,2117,よ,6.64,None,七飯町,ダケカンバ,ミズナラ,水源涵養,0,140.738689,41.946711
None,トドマツ,水涵保,None,渡島,2118,い,3.39,None,七飯町,None,None,水源涵養,0,140.740176,41.946173
None,トドマツ,水涵保,None,渡島,2118,い,3.39,None,七飯町,None,None,水源涵養,0,140.735744,41.9436
None,トドマツ,水涵保,None,渡島,2119,へ,3.38,None,七飯町,None,None,水源涵養,0,140.740873,41.943092
None,トドマツ,水涵保,None,渡島,2117,ほ,5.41,None,七飯町,None,None,水源涵養,0,140.734207,41.951315
None,None,水涵保,None,渡島,2117,ハ,0.54,None,七飯町,None,None,水源涵養,0,140.737029,41.951132
None,トドマツ,水涵保,None,渡島,2117,と,12.24,None,七飯町,None,他Ｌ,水源涵養,0,140.736203,41.948026
None,トドマツ,水涵保,None,渡島,2117,り,1.09,None,七飯町,None,None,水源涵養,0,140.736528,41.949861
None,トドマツ,水涵保,None,渡島,2114,な,1.02,None,七飯町,None,None,水源涵養,0,140.733402,41.952519
None,None,水涵保,None,渡島,2114,ハ,0.11,None,七飯町,None,None,水源涵養,0,140.731152,41.952152
None,ストローブマツ,水涵保,None,渡島,2114,わ,0.66,None,七飯町,None,他Ｌ,水源涵養,0,140.732902,41.952259
None,トドマツ,水涵保,None,渡島,2114,な,1.02,None,七飯町,None,None,水源涵養,0,140.733332,41.952054
None,ストローブマツ,水涵保,None,渡島,2117,へ,0.9,None,七飯町,None,他Ｌ,水源涵養,0,140.732855,41.951227
None,トドマツ,水涵保,None,渡島,2117,そ,0.79,None,七飯町,None,None,水源涵養,0,140.733545,41.950535
None,トドマツ,水涵保,None,渡島,2114,る,2.35,None,七飯町,None,None,水源涵養,0,140.732177,41.952697
None,ストローブマツ,水涵保,None,渡島,2114,わ,0.66,None,七飯町,None,他Ｌ,水源涵養,0,140.732088,41.951854
None,None,水涵保,None,渡島,2117,ロ,0.06,None,七飯町,None,None,水源涵養,0,140.732346,41.950914
None,ストローブマツ,水涵保,None,渡島,2116,る,0.42,None,七飯町,None,None,水源涵養,0,140.73199,41.951348
None,None,水涵保,None,渡島,2116,ロ,0.11,None,七飯町,None,None,水源涵養,0,140.732117,41.950915
None,カラマツ,水涵保,None,渡島,2117,に,14.05,None,七飯町,None,None,水源涵養,0,140.735354,41.950702
None,カラマツ,水涵保,None,渡島,2117,に,14.05,None,七飯町,None,None,水源涵養,0,140.734308,41.949514
None,None,水涵保,None,渡島,2117,ハ,0.54,None,七飯町,None,None,水源涵養,0,140.731849,41.949237
None,トドマツ,水涵保,None,渡島,2118,ろ,3.56,None,七飯町,None,他Ｌ,水源涵養,0,140.738519,41.94518
None,トドマツ,水涵保,None,渡島,2117,ぬ,1.74,None,七飯町,None,None,水源涵養,0,140.736615,41.945778
None,他Ｌ,水涵保,None,渡島,2117,た,4.26,None,七飯町,ミズナラ,ダケカンバ,水源涵養,0,140.737271,41.946623
None,他Ｌ,水涵保,None,渡島,2117,わ,1.63,None,七飯町,ミズナラ,ブナ,水源涵養,0,140.735773,41.945466
None,カラマツ,水涵保,None,渡島,2118,ぬ,1.77,None,七飯町,None,None,水源涵養,0,140.738424,41.944247
None,トドマツ,水涵保,None,渡島,2119,ほ,1.45,None,七飯町,None,None,水源涵養,0,140.737862,41.943204
None,トドマツ,水涵保,None,渡島,2119,に,0.9,None,七飯町,None,None,水源涵養,0,140.737151,41.942143
None,トドマツ,水涵保,None,渡島,2118,ろ,3.56,None,七飯町,None,他Ｌ,水源涵養,0,140.735735,41.944012
None,トドマツ,水涵保,None,渡島,2117,ち,0.72,None,七飯町,None,None,水源涵養,0,140.735033,41.944637
None,トドマツ,水涵保,None,渡島,2117,ろ,2.22,None,七飯町,None,他Ｌ,水源涵養,0,140.733347,41.946942
None,トドマツ,水涵保,None,渡島,2117,る,4.06,None,七飯町,None,None,水源涵養,0,140.73451,41.945752
None,カラマツ,水涵保,None,渡島,2117,は,3.2,None,七飯町,None,None,水源涵養,0,140.732238,41.947322
None,他Ｌ,水涵保,None,渡島,2117,か,2.45,None,七飯町,ミズナラ,ダケカンバ,水源涵養,0,140.731372,41.946401
None,トドマツ,水涵保,None,渡島,2117,れ,1.98,None,七飯町,None,None,水源涵養,0,140.730774,41.945638
None,トドマツ,水涵保,None,渡島,2120,ほ,7.28,None,七飯町,None,他Ｌ,水源涵養,0,140.733702,41.942917
None,トドマツ,水涵保,None,渡島,2117,い,3.88,None,七飯町,None,他Ｌ,水源涵養,0,140.73365,41.944354
None,トドマツ,水涵保,None,渡島,2111,か,4.08,None,七飯町,None,None,水源涵養,0,140.730206,41.96347
None,None,None,None,渡島,2112,イ,0.89,None,七飯町,None,None,水源涵養,0,140.728528,41.962552
None,他Ｌ,水涵保,None,渡島,2112,ち,6.0,None,七飯町,ミズナラ,ダケカンバ,水源涵養,0,140.730436,41.961748
None,他Ｌ,水涵保,None,渡島,2114,た,0.68,None,七飯町,ミズナラ,ダケカンバ,水源涵養,0,140.729909,41.961524
None,他Ｌ,水涵保,None,渡島,2114,た,0.68,None,七飯町,ミズナラ,ダケカンバ,水源涵養,0,140.729653,41.961503
None,None,None,None,渡島,2114,イ,0.9,None,七飯町,None,None,水源涵養,0,140.729656,41.961713
None,他Ｌ,水涵保,None,渡島,2114,た,0.68,None,七飯町,ミズナラ,ダケカンバ,水源涵養,0,140.729011,41.961949
None,他Ｌ,水涵保,None,渡島,2111,と,3.34,None,七飯町,ダケカンバ,ミズナラ,水源涵養,0,140.728295,41.962843
None,カラマツ,水涵保,None,渡島,2114,は,0.87,None,七飯町,None,イタヤカエデ,水源涵養,0,140.72809,41.962476
None,カラマツ,水涵保,None,渡島,2114,は,0.87,None,七飯町,None,イタヤカエデ,水源涵養,0,140.727752,41.963046
None,他Ｌ,水涵保,None,渡島,2114,た,0.68,None,七飯町,ミズナラ,ダケカンバ,水源涵養,0,140.727061,41.963414
None,None,水涵保,None,渡島,2114,ロ,0.63,None,七飯町,None,None,水源涵養,0,140.727209,41.96276
None,他Ｌ,水涵保,None,渡島,2112,ち,6.0,None,七飯町,ミズナラ,ダケカンバ,水源涵養,0,140.728772,41.962259
None,カラマツ,水涵保,None,渡島,2114,は,0.87,None,七飯町,None,イタヤカエデ,水源涵養,0,140.727793,41.962071
None,トドマツ,水涵保,None,渡島,2114,ろ,5.48,None,七飯町,None,トドマツ,水源涵養,0,140.729104,41.960506
None,他Ｌ,水涵保,None,渡島,2114,よ,5.28,None,七飯町,シナノキ,ダケカンバ,水源涵養,0,140.730409,41.958851
None,トドマツ,水涵保,None,渡島,2114,と,1.4,None,七飯町,None,None,水源涵養,0,140.728327,41.959861
None,カラマツ,水涵保,None,渡島,2115,か,1.45,None,七飯町,None,他Ｌ,水源涵養,0,140.727146,41.959995
None,トドマツ,水涵保,None,渡島,2114,に,0.18,None,七飯町,None,エゾマツ,水源涵養,0,140.728601,41.959007
None,トドマツ,水涵保,None,渡島,2115,よ,1.27,None,七飯町,None,None,水源涵養,0,140.727027,41.95903
None,トドマツ,水涵保,None,渡島,2115,い,0.47,None,七飯町,None,None,水源涵養,0,140.725627,41.963446
None,トドマツ,水涵保,None,渡島,2115,れ,0.2,None,七飯町,None,None,水源涵養,0,140.725907,41.963172
None,トドマツ,水涵保,None,渡島,2115,れ,0.2,None,七飯町,None,None,水源涵養,0,140.72565,41.963236
None,トドマツ,水涵保,None,渡島,2115,い,0.47,None,七飯町,None,None,水源涵養,0,140.725223,41.963599
None,トドマツ,水涵保,None,渡島,2115,ろ,0.62,None,七飯町,None,トドマツ,水源涵養,0,140.725436,41.962615
None,トドマツ,水涵保,None,渡島,2115,ろ,0.62,None,七飯町,None,トドマツ,水源涵養,0,140.724952,41.962715
None,トドマツ,水涵保,None,渡島,2115,な,1.29,None,七飯町,None,None,水源涵養,0,140.726395,41.961889
None,トドマツ,水涵保,None,渡島,2115,な,1.29,None,七飯町,None,None,水源涵養,0,140.725741,41.962002
None,トドマツ,水涵保,None,渡島,2115,は,2.8,None,七飯町,None,トドマツ,水源涵養,0,140.725263,41.96156
None,トドマツ,水涵保,None,渡島,2115,れ,0.2,None,七飯町,None,None,水源涵養,0,140.72455,41.962996
None,トドマツ,水涵保,None,渡島,2115,は,2.8,None,七飯町,None,トドマツ,水源涵養,0,140.724196,41.960358
None,カラマツ,水涵保,None,渡島,2115,か,1.45,None,七飯町,None,他Ｌ,水源涵養,0,140.726491,41.960031
None,カラマツ,水涵保,None,渡島,2115,ほ,1.0,None,七飯町,None,他Ｌ,水源涵養,0,140.725802,41.960456
None,ストローブマツ,水涵保,None,渡島,2115,に,1.33,None,七飯町,None,None,水源涵養,0,140.72492,41.959285
None,None,水涵保,None,渡島,2115,ロ,0.57,None,七飯町,None,None,水源涵養,0,140.726549,41.959773
None,トドマツ,水涵保,None,渡島,2115,よ,1.27,None,七飯町,None,None,水源涵養,0,140.726516,41.958771
None,トドマツ,水涵保,None,渡島,2115,へ,0.81,None,七飯町,None,None,水源涵養,0,140.726224,41.958699
None,カラマツ,水涵保,None,渡島,2115,と,2.42,None,七飯町,シラカバ,トドマツ,水源涵養,0,140.725498,41.958551
None,トドマツ,水涵保,None,渡島,2115,そ,0.87,None,七飯町,None,他Ｌ,水源涵養,0,140.724702,41.959616
None,None,水涵保,None,渡島,2115,イ,1.23,None,七飯町,None,None,水源涵養,0,140.72399,41.956002
None,トドマツ,水涵保,None,渡島,2115,ち,2.37,None,七飯町,None,トドマツ,水源涵養,0,140.723804,41.95896
None,トドマツ,水涵保,None,渡島,2114,へ,2.97,None,七飯町,None,None,水源涵養,0,140.730084,41.957305
None,トドマツ,水涵保,None,渡島,2115,む,1.36,None,七飯町,None,他Ｌ,水源涵養,0,140.729353,41.957458
None,ストローブマツ,水涵保,None,渡島,2114,ち,4.26,None,七飯町,None,None,水源涵養,0,140.730592,41.955712
None,トドマツ,水涵保,None,渡島,2115,む,1.36,None,七飯町,None,他Ｌ,水源涵養,0,140.729123,41.956211
None,トドマツ,水涵保,None,渡島,2115,わ,0.84,None,七飯町,None,None,水源涵養,0,140.728832,41.958159
None,トドマツ,水涵保,None,渡島,2115,う,1.12,None,七飯町,None,None,水源涵養,0,140.72882,41.957152
None,トドマツ,水涵保,None,渡島,2115,る,2.75,None,七飯町,None,None,水源涵養,0,140.727866,41.958602
None,他Ｌ,水涵保,None,渡島,2115,ら,5.12,None,七飯町,ミズナラ,ダケカンバ,水源涵養,0,140.727981,41.955699
None,トドマツ,水涵保,None,渡島,2114,ぬ,1.06,None,七飯町,None,None,水源涵養,0,140.729787,41.952517
None,ミズナラ,水涵保,None,渡島,2116,ら,1.7,None,七飯町,None,None,水源涵養,0,140.728666,41.953262
None,エゾマツ,水涵保,None,渡島,2116,ぬ,0.19,None,七飯町,None,None,水源涵養,0,140.727149,41.954953
None,他Ｌ,水涵保,None,渡島,2116,た,2.1,None,七飯町,ミズナラ,ダケカンバ,水源涵養,0,140.727506,41.954837
None,カラマツ,水涵保,None,渡島,2116,な,1.41,None,七飯町,None,None,水源涵養,0,140.728122,41.953998
None,トドマツ,水涵保,None,渡島,2116,い,1.43,None,七飯町,None,None,水源涵養,0,140.728734,41.954173
None,None,水涵保,None,渡島,2116,ハ,0.39,None,七飯町,None,None,水源涵養,0,140.728311,41.953082
None,カラマツ,水涵保,None,渡島,2116,な,1.41,None,七飯町,None,None,水源涵養,0,140.727013,41.954329
None,トドマツ,水涵保,None,渡島,2116,ろ,2.11,None,七飯町,None,None,水源涵養,0,140.7273,41.953628
None,トドマツ,水涵保,None,渡島,2115,る,2.75,None,七飯町,None,None,水源涵養,0,140.726422,41.958324
None,トドマツ,水涵保,None,渡島,2115,た,1.37,None,七飯町,None,None,水源涵養,0,140.724785,41.957641
None,トドマツ,水涵保,None,渡島,2115,の,5.16,None,七飯町,None,None,水源涵養,0,140.726651,41.955896
None,トドマツ,水涵保,None,渡島,2115,ち,2.37,None,七飯町,None,トドマツ,水源涵養,0,140.724027,41.957586
None,トドマツ,水涵保,None,渡島,2115,の,5.16,None,七飯町,None,None,水源涵養,0,140.72474,41.956378
None,トドマツ,水涵保,None,渡島,2115,の,5.16,None,七飯町,None,None,水源涵養,0,140.723304,41.955981
None,エゾマツ,水涵保,None,渡島,2116,ぬ,0.19,None,七飯町,None,None,水源涵養,0,140.726869,41.954796
None,ミズナラ,水涵保,None,渡島,2116,そ,3.45,None,七飯町,None,None,水源涵養,0,140.725544,41.955216
None,トドマツ,水涵保,None,渡島,2116,つ,6.84,None,七飯町,None,None,水源涵養,0,140.725461,41.953804
None,ミズナラ,水涵保,None,渡島,2116,そ,3.45,None,七飯町,None,None,水源涵養,0,140.723537,41.954926
None,トドマツ,水涵保,None,渡島,2116,つ,6.84,None,七飯町,None,None,水源涵養,0,140.723787,41.95332
None,トドマツ,水涵保,None,渡島,2115,そ,0.87,None,七飯町,None,他Ｌ,水源涵養,0,140.722508,41.957022
None,トドマツ,水涵保,None,渡島,2116,か,0.94,None,七飯町,None,None,水源涵養,0,140.722776,41.953289
None,トドマツ,水涵保,None,渡島,2116,ろ,2.11,None,七飯町,None,None,水源涵養,0,140.731277,41.951141
None,カラマツ,水涵保,None,渡島,2116,は,2.57,None,七飯町,None,他Ｌ,水源涵養,0,140.730263,41.950165
None,トドマツ,水涵保,None,渡島,2116,よ,1.06,None,七飯町,None,None,水源涵養,0,140.729193,41.951056
None,ミズナラ,水涵保,None,渡島,2116,ら,1.7,None,七飯町,None,None,水源涵養,0,140.728114,41.95275
None,他Ｌ,水涵保,None,渡島,2116,た,2.1,None,七飯町,ミズナラ,ダケカンバ,水源涵養,0,140.725389,41.951509
None,カラマツ,水涵保,None,渡島,2116,に,4.64,None,七飯町,None,他Ｌ,水源涵養,1,140.727436,41.951509
None,None,水涵保,None,渡島,2117,イ,0.74,None,七飯町,None,None,水源涵養,0,140.729791,41.945201
None,カラマツ,水涵保,None,渡島,2117,に,14.05,None,七飯町,None,None,水源涵養,0,140.728684,41.94781
None,ミズナラ,水涵保,None,渡島,2116,ね,4.3,None,七飯町,None,None,水源涵養,0,140.725449,41.952318
None,None,水涵保,None,渡島,2116,イ,1.29,None,七飯町,None,None,水源涵養,0,140.724787,41.951563
None,ミズナラ,水涵保,None,渡島,2116,ね,4.3,None,七飯町,None,None,水源涵養,0,140.724407,41.951244
None,他Ｌ,水涵保,None,渡島,2116,た,2.1,None,七飯町,ミズナラ,ダケカンバ,水源涵養,0,140.723729,41.951272
None,他Ｌ,水涵保,None,渡島,2116,に,6.9,None,七飯町,None,カラマツ,水源涵養,2,140.726154,41.949663
None,カラマツ,水涵保,None,渡島,2117,は,3.2,None,七飯町,None,None,水源涵養,0,140.730271,41.946802
None,トドマツ,水涵保,None,渡島,2117,れ,1.98,None,七飯町,None,None,水源涵養,0,140.729155,41.945898
None,他Ｌ,水涵保,None,渡島,2117,た,4.26,None,七飯町,ミズナラ,ダケカンバ,水源涵養,0,140.729532,41.945243
None,トドマツ,水涵保,None,渡島,2117,い,3.88,None,七飯町,None,他Ｌ,水源涵養,0,140.729672,41.945003
None,トドマツ,水涵保,None,渡島,2120,ほ,7.28,None,七飯町,None,他Ｌ,水源涵養,0,140.729225,41.94493
None,他Ｌ,水涵保,None,渡島,2117,か,2.45,None,七飯町,ミズナラ,ダケカンバ,水源涵養,0,140.728315,41.94607
None,トドマツ,水涵保,None,渡島,2120,つ,6.36,None,七飯町,None,None,水源涵養,0,140.730992,41.942315
None,トドマツ,水涵保,None,渡島,2120,に,4.25,None,七飯町,None,トドマツ,水源涵養,0,140.728015,41.944423
None,他Ｌ,水涵保,None,渡島,2120,た,1.47,None,七飯町,ミズナラ,ダケカンバ,水源涵養,0,140.728735,41.943061
None,トドマツ,水涵保,None,渡島,2120,は,2.38,None,七飯町,None,None,水源涵養,0,140.727989,41.942962
None,他Ｌ,水涵保,None,渡島,2120,た,1.47,None,七飯町,ミズナラ,ダケカンバ,水源涵養,0,140.726381,41.945331
None,トドマツ,水涵保,None,渡島,2120,わ,1.21,None,七飯町,None,None,水源涵養,0,140.72354,41.945308
None,トドマツ,水涵保,None,渡島,2120,ね,2.42,None,七飯町,None,他Ｌ,水源涵養,0,140.72611,41.943972
None,トドマツ,水涵保,None,渡島,2120,ね,2.42,None,七飯町,None,他Ｌ,水源涵養,0,140.72607,41.94277
None,他Ｌ,水涵保,None,渡島,2121,り,19.34,None,七飯町,イタヤカエデ,ミズナラ,水源涵養,0,140.726249,41.941729
None,他Ｌ,水涵保,None,渡島,2121,り,19.34,None,七飯町,イタヤカエデ,ミズナラ,水源涵養,0,140.72423,41.943281
None,他Ｌ,水涵保,None,渡島,2120,れ,5.57,None,七飯町,ミズナラ,ダケカンバ,水源涵養,0,140.724997,41.944795
None,他Ｌ,水涵保,None,渡島,2121,ぬ,4.91,None,七飯町,ダケカンバ,ミズナラ,水源涵養,0,140.721655,41.944837
None,トドマツ,水涵保,None,渡島,2121,い,0.78,None,七飯町,None,他Ｌ,水源涵養,0,140.722782,41.942884
None,カラマツ,水涵保,None,渡島,2124,り,1.31,None,七飯町,None,他Ｌ,水源涵養,0,140.715095,41.945233
None,他Ｌ,水涵保,None,渡島,2122,ろ,3.36,None,七飯町,None,トドマツ,水源涵養,0,140.717895,41.943959
None,トドマツ,水涵保,None,渡島,2122,は,1.08,None,七飯町,None,ダケカンバ,水源涵養,0,140.718086,41.942506
None,他Ｌ,水涵保,None,渡島,2122,る,7.95,None,七飯町,シナノキ,ダケカンバ,水源涵養,0,140.716554,41.94407
None,カラマツ,水涵保,None,渡島,2124,ち,3.64,None,七飯町,None,ダケカンバ,水源涵養,0,140.715146,41.943965
None,トドマツ,水涵保,None,渡島,2119,り,2.94,None,七飯町,None,None,水源涵養,0,140.742873,41.940257
None,トドマツ,水涵保,None,渡島,2119,と,4.63,None,七飯町,None,None,水源涵養,0,140.741157,41.941412
None,トドマツ,水涵保,None,渡島,2119,ち,5.06,None,七飯町,None,None,水源涵養,0,140.740151,41.939944
None,ミズナラ,水涵保,None,渡島,2119,い,16.9,None,七飯町,シナノキ,ブナ,水源涵養,0,140.74435,41.941584
None,トドマツ,水涵保,None,渡島,2119,は,2.0,None,七飯町,None,None,水源涵養,0,140.735945,41.941452
None,トドマツ,水涵保,None,渡島,2119,ろ,0.71,None,七飯町,None,None,水源涵養,0,140.735145,41.940585
None,カラマツ,水涵保,None,渡島,2119,か,0.93,None,七飯町,None,None,水源涵養,0,140.736137,41.940005
None,トドマツ,水涵保,None,渡島,2120,と,0.2,None,七飯町,None,None,水源涵養,0,140.738497,41.938458
None,他Ｌ,水涵保,None,渡島,2120,よ,0.41,None,七飯町,ミズナラ,ダケカンバ,水源涵養,0,140.737803,41.938349
None,トドマツ,水涵保,None,渡島,2120,む,10.53,None,七飯町,None,None,水源涵養,0,140.73552,41.938579
None,トドマツ,水涵保,None,渡島,2119,ろ,0.71,None,七飯町,None,None,水源涵養,0,140.734419,41.941098
None,カラマツ,水涵保,None,渡島,2119,か,0.93,None,七飯町,None,None,水源涵養,0,140.734247,41.941006
None,None,水涵保,None,渡島,2119,イ,0.03,None,七飯町,None,None,水源涵養,0,140.734554,41.941031
None,他Ｌ,水涵保,None,渡島,2120,か,1.06,None,七飯町,ミズナラ,ダケカンバ,水源涵養,0,140.733586,41.941784
None,トドマツ,水涵保,None,渡島,2120,そ,0.21,None,七飯町,None,None,水源涵養,0,140.733361,41.941352
None,トドマツ,水涵保,None,渡島,2120,う,3.9,None,七飯町,None,None,水源涵養,0,140.732544,41.941192
None,トドマツ,水涵保,None,渡島,2120,へ,0.38,None,七飯町,None,None,水源涵養,0,140.732417,41.942092
None,トドマツ,水涵保,None,渡島,2120,な,4.3,None,七飯町,None,None,水源涵養,0,140.73023,41.939777
None,スギ,水涵保,None,渡島,2120,ら,2.18,None,七飯町,None,None,水源涵養,0,140.732482,41.93955
None,他Ｌ,水涵保,None,渡島,2121,ち,5.82,None,七飯町,ミズナラ,ダケカンバ,水源涵養,0,140.728784,41.938841
None,トドマツ,水涵保,None,渡島,2121,と,2.65,None,七飯町,None,他Ｌ,水源涵養,0,140.732918,41.935868
None,トドマツ,水涵保,None,渡島,2121,へ,2.46,None,七飯町,None,他Ｌ,水源涵養,0,140.732389,41.937184
None,トドマツ,水涵保,None,渡島,2120,つ,6.36,None,七飯町,None,None,水源涵養,0,140.730089,41.941117
None,トドマツ,水涵保,None,渡島,2120,へ,0.38,None,七飯町,None,None,水源涵養,0,140.730527,41.940759
None,トドマツ,水涵保,None,渡島,2120,へ,0.38,None,七飯町,None,None,水源涵養,0,140.730645,41.940969
None,None,水涵保,None,渡島,2120,ロ,0.83,None,七飯町,None,None,水源涵養,0,140.731227,41.939771
None,トドマツ,水涵保,None,渡島,2120,い,0.35,None,七飯町,None,None,水源涵養,0,140.729167,41.941141
None,トドマツ,水涵保,None,渡島,2120,な,4.3,None,七飯町,None,None,水源涵養,0,140.728954,41.940662
None,トドマツ,水涵保,None,渡島,2120,い,0.35,None,七飯町,None,None,水源涵養,0,140.72821,41.941804
None,トドマツ,水涵保,None,渡島,2120,な,4.3,None,七飯町,None,None,水源涵養,0,140.728088,41.94137
None,トドマツ,水涵保,None,渡島,2120,ろ,2.25,None,七飯町,None,トドマツ,水源涵養,0,140.727549,41.941909
None,None,水涵保,None,渡島,2120,イ,1.1,None,七飯町,None,None,水源涵養,0,140.728898,41.941831
None,他Ｌ,水涵保,None,渡島,2121,ち,5.82,None,七飯町,ミズナラ,ダケカンバ,水源涵養,0,140.72709,41.940536
None,トドマツ,水涵保,None,渡島,2120,ろ,2.25,None,七飯町,None,トドマツ,水源涵養,0,140.727765,41.940431
None,トドマツ,水涵保,None,渡島,2120,い,0.35,None,七飯町,None,None,水源涵養,0,140.728782,41.939692
None,カラマツ,水涵保,None,渡島,2121,る,1.86,None,七飯町,None,None,水源涵養,0,140.729497,41.938763
None,トドマツ,水涵保,None,渡島,2121,ほ,3.13,None,七飯町,None,他Ｌ,水源涵養,0,140.730299,41.937802
None,トドマツ,水涵保,None,渡島,2121,は,0.7,None,七飯町,トドマツ,トドマツ,水源涵養,0,140.728145,41.93938
None,他Ｌ,水涵保,None,渡島,2121,り,19.34,None,七飯町,イタヤカエデ,ミズナラ,水源涵養,0,140.72695,41.939253
None,トドマツ,水涵保,None,渡島,2121,ろ,2.27,None,七飯町,None,None,水源涵養,0,140.726498,41.941056
None,None,水涵保,None,渡島,2121,イ,1.41,None,七飯町,None,None,水源涵養,0,140.726441,41.940681
None,トドマツ,水涵保,None,渡島,2121,ろ,2.27,None,七飯町,None,None,水源涵養,0,140.725353,41.940655
None,トドマツ,水涵保,None,渡島,2121,ほ,3.13,None,七飯町,None,他Ｌ,水源涵養,0,140.726457,41.938222
None,トドマツ,水涵保,None,渡島,2122,い,13.7,None,七飯町,None,他Ｌ,水源涵養,0,140.726813,41.936951
None,トドマツ,水涵保,None,渡島,2122,い,13.7,None,七飯町,None,他Ｌ,水源涵養,0,140.726371,41.936781
None,トドマツ,水涵保,None,渡島,2122,と,2.75,None,七飯町,None,他Ｌ,水源涵養,0,140.723395,41.937521
None,他Ｌ,水涵保,None,渡島,2121,り,19.34,None,七飯町,イタヤカエデ,ミズナラ,水源涵養,0,140.730414,41.93663
None,トドマツ,水涵保,None,渡島,2123,た,0.24,None,七飯町,None,None,水源涵養,0,140.726923,41.935782
None,カラマツ,水涵保,None,渡島,2123,い,1.78,None,七飯町,None,他Ｌ,水源涵養,0,140.727551,41.935092
None,トドマツ,水涵保,None,渡島,2123,ろ,1.86,None,七飯町,None,他Ｌ,水源涵養,0,140.72806,41.933286
None,他Ｌ,水涵保,None,渡島,2122,か,5.92,None,七飯町,ダケカンバ,ミズナラ,水源涵養,0,140.726574,41.936219
None,他Ｌ,水涵保,None,渡島,2122,か,5.92,None,七飯町,ダケカンバ,ミズナラ,水源涵養,0,140.725798,41.935881
None,トドマツ,水涵保,None,渡島,2123,ら,0.21,None,七飯町,None,他Ｌ,水源涵養,0,140.726775,41.934424
None,ダケカンバ,水涵保,None,渡島,2123,や,2.63,None,七飯町,ミズナラ,他Ｌ,水源涵養,0,140.725525,41.934611
None,トドマツ,水涵保,None,渡島,2122,い,13.7,None,七飯町,None,他Ｌ,水源涵養,0,140.724523,41.936309
None,トドマツ,水涵保,None,渡島,2122,ち,2.63,None,七飯町,None,他Ｌ,水源涵養,0,140.723693,41.935785
None,他Ｌ,水涵保,None,渡島,2122,る,7.95,None,七飯町,シナノキ,ダケカンバ,水源涵養,0,140.722655,41.935284
None,カラマツ,水涵保,None,渡島,2123,は,4.54,None,七飯町,None,他Ｌ,水源涵養,0,140.725882,41.932663
None,他Ｌ,水涵保,None,渡島,2123,り,1.24,None,七飯町,None,ストローブマツ,水源涵養,0,140.723776,41.933223
None,カラマツ,水涵保,None,渡島,2123,に,3.11,None,七飯町,None,他Ｌ,水源涵養,0,140.722937,41.930933
None,他Ｌ,水涵保,None,渡島,2123,よ,1.7,None,七飯町,None,ストローブマツ,水源涵養,0,140.72395,41.930697
None,他Ｌ,水涵保,None,渡島,2122,か,5.92,None,七飯町,ダケカンバ,ミズナラ,水源涵養,0,140.720619,41.944032
None,トドマツ,水涵保,None,渡島,2122,い,13.7,None,七飯町,None,他Ｌ,水源涵養,0,140.722832,41.939741
None,他Ｌ,水涵保,None,渡島,2122,る,7.95,None,七飯町,シナノキ,ダケカンバ,水源涵養,0,140.721885,41.93811
None,トドマツ,水涵保,None,渡島,2122,ほ,5.86,None,七飯町,None,None,水源涵養,0,140.721345,41.939045
None,トドマツ,水涵保,None,渡島,2122,へ,6.77,None,七飯町,None,ダケカンバ,水源涵養,0,140.722616,41.93783
None,None,水涵保,None,渡島,2122,ロ,1.95,None,七飯町,None,None,水源涵養,0,140.721465,41.93787
None,他Ｌ,水涵保,None,渡島,2122,わ,2.56,None,七飯町,ダケカンバ,ミズナラ,水源涵養,0,140.722365,41.937129
None,トドマツ,水涵保,None,渡島,2122,ほ,5.86,None,七飯町,None,None,水源涵養,0,140.719197,41.936851
None,他Ｌ,水涵保,None,渡島,2122,よ,12.81,None,七飯町,ミズナラ,ダケカンバ,水源涵養,0,140.720177,41.940803
None,トドマツ,水涵保,None,渡島,2122,に,1.95,None,七飯町,None,他Ｌ,水源涵養,0,140.717753,41.940589
None,他Ｌ,水涵保,None,渡島,2124,る,11.88,None,七飯町,ミズナラ,ダケカンバ,水源涵養,0,140.715916,41.941896
None,他Ｌ,水涵保,None,渡島,2122,る,7.95,None,七飯町,シナノキ,ダケカンバ,水源涵養,0,140.71724,41.940169
None,None,水涵保,None,渡島,2124,ニ,0.72,None,七飯町,None,None,水源涵養,0,140.718214,41.937862
None,トドマツ,水涵保,None,渡島,2124,と,13.98,None,七飯町,None,None,水源涵養,0,140.717225,41.939514
None,カラマツ,水涵保,None,渡島,2124,へ,9.37,None,七飯町,None,他Ｌ,水源涵養,0,140.717668,41.938765
None,他Ｌ,水涵保,None,渡島,2124,る,11.88,None,七飯町,ミズナラ,ダケカンバ,水源涵養,0,140.717881,41.938633
None,他Ｌ,水涵保,None,渡島,2122,る,7.95,None,七飯町,シナノキ,ダケカンバ,水源涵養,0,140.718613,41.937727
None,カラマツ,水涵保,None,渡島,2124,へ,9.37,None,七飯町,None,他Ｌ,水源涵養,0,140.717792,41.936816
None,カラマツ,水涵保,None,渡島,2124,へ,9.37,None,七飯町,None,他Ｌ,水源涵養,0,140.71621,41.937626
None,トドマツ,水涵保,None,渡島,2122,と,2.75,None,七飯町,None,他Ｌ,水源涵養,0,140.721532,41.935679
None,他Ｌ,水涵保,None,渡島,2123,か,3.51,None,七飯町,ストローブマツ,トドマツ,水源涵養,0,140.722556,41.933795
None,他Ｌ,水涵保,None,渡島,2122,わ,2.56,None,七飯町,ダケカンバ,ミズナラ,水源涵養,0,140.720756,41.93586
None,他Ｌ,水涵保,None,渡島,2123,ぬ,1.0,None,七飯町,None,アカマツ,水源涵養,0,140.722961,41.932471
None,トドマツ,水涵保,None,渡島,2123,る,1.18,None,七飯町,None,他Ｌ,水源涵養,0,140.722289,41.931763
None,トドマツ,水涵保,None,渡島,2122,り,5.77,None,七飯町,None,他Ｌ,水源涵養,0,140.720294,41.93258
None,他Ｌ,水涵保,None,渡島,2124,る,11.88,None,七飯町,ミズナラ,ダケカンバ,水源涵養,0,140.71824,41.935895
None,トドマツ,水涵保,None,渡島,2124,に,0.69,None,七飯町,None,他Ｌ,水源涵養,0,140.717629,41.936294
None,他Ｌ,水涵保,None,渡島,2122,る,7.95,None,七飯町,シナノキ,ダケカンバ,水源涵養,0,140.718891,41.935988
None,None,水涵保,None,渡島,2122,イ,0.02,None,七飯町,None,None,水源涵養,0,140.718093,41.934839
None,トドマツ,水涵保,None,渡島,2124,に,0.69,None,七飯町,None,他Ｌ,水源涵養,0,140.716791,41.936504
None,他Ｌ,水涵保,None,渡島,2124,る,11.88,None,七飯町,ミズナラ,ダケカンバ,水源涵養,0,140.716558,41.936654
None,トドマツ,水涵保,None,渡島,2124,に,0.69,None,七飯町,None,他Ｌ,水源涵養,0,140.716139,41.936564
None,None,None,None,渡島,2124,イ,0.8,None,七飯町,None,None,水源涵養,0,140.715033,41.934953
None,トドマツ,水涵保,None,渡島,2124,に,0.69,None,七飯町,None,他Ｌ,水源涵養,0,140.716446,41.936452
None,カラマツ,水涵保,None,渡島,2124,は,6.86,None,七飯町,None,他Ｌ,水源涵養,0,140.716167,41.936197
None,トドマツ,水涵保,None,渡島,2124,ほ,10.28,None,七飯町,None,None,水源涵養,0,140.715299,41.93655
None,他Ｌ,水涵保,None,渡島,2124,る,11.88,None,七飯町,ミズナラ,ダケカンバ,水源涵養,0,140.715159,41.935603
None,カラマツ,水涵保,None,渡島,2124,は,6.86,None,七飯町,None,他Ｌ,水源涵養,0,140.716819,41.935451
None,None,水涵保,None,渡島,2124,ハ,0.37,None,七飯町,None,None,水源涵養,0,140.71761,41.934783
None,トドマツ,水涵保,None,渡島,2122,へ,6.77,None,七飯町,None,ダケカンバ,水源涵養,0,140.719123,41.934055
None,カラマツ,水涵保,None,渡島,2124,は,6.86,None,七飯町,None,他Ｌ,水源涵養,0,140.716751,41.933969
None,トドマツ,水涵保,None,渡島,2124,ろ,3.07,None,七飯町,None,None,水源涵養,0,140.716902,41.931815
None,トドマツ,水涵保,None,渡島,2123,そ,6.31,None,七飯町,None,他Ｌ,水源涵養,0,140.727819,41.93133
None,ダケカンバ,水涵保,None,渡島,2123,お,3.91,None,七飯町,ミズナラ,他Ｌ,水源涵養,0,140.727203,41.925801
None,トドマツ,水涵保,None,渡島,2123,つ,2.22,None,七飯町,None,他Ｌ,水源涵養,0,140.727681,41.92939
None,トドマツ,水涵保,None,渡島,2123,ほ,1.2,None,七飯町,None,None,水源涵養,0,140.72598,41.92935
None,他Ｌ,水涵保,None,渡島,2123,う,7.0,None,七飯町,ミズナラ,ダケカンバ,水源涵養,0,140.726435,41.931533
None,他Ｌ,水涵保,None,渡島,2123,む,1.25,None,七飯町,None,トドマツ,水源涵養,0,140.724784,41.930624
None,ストローブマツ,水涵保,None,渡島,2123,れ,2.04,None,七飯町,None,他Ｌ,水源涵養,0,140.725662,41.928156
None,トドマツ,水涵保,None,渡島,2123,ね,2.14,None,七飯町,None,他Ｌ,水源涵養,0,140.725656,41.926301
None,他Ｌ,水涵保,None,渡島,2123,く,1.92,None,七飯町,None,ストローブマツ,水源涵養,0,140.72327,41.92846
None,トドマツ,水涵保,None,渡島,2123,へ,3.22,None,七飯町,None,None,水源涵養,0,140.724297,41.92719
None,ダケカンバ,水涵保,None,渡島,2123,の,4.2,None,七飯町,ミズナラ,他Ｌ,水源涵養,0,140.723324,41.926569
None,トドマツ,水涵保,None,渡島,2123,な,2.0,None,七飯町,None,他Ｌ,水源涵養,0,140.726556,41.925006
None,トドマツ,水涵保,None,渡島,2123,と,3.3,None,七飯町,None,None,水源涵養,0,140.722019,41.92881
None,他Ｌ,水涵保,None,渡島,2122,ぬ,5.19,None,七飯町,ミズナラ,ダケカンバ,水源涵養,0,140.719346,41.930903
None,トドマツ,水涵保,None,渡島,2123,ち,3.34,None,七飯町,None,None,水源涵養,0,140.72078,41.929615
None,トドマツ,水涵保,None,渡島,2123,わ,1.18,None,七飯町,None,他Ｌ,水源涵養,0,140.722394,41.92778
None,他Ｌ,水涵保,None,渡島,2124,い,0.39,None,七飯町,None,トドマツ,水源涵養,0,140.717508,41.930524
None,他Ｌ,水涵保,None,渡島,2124,る,11.88,None,七飯町,ミズナラ,ダケカンバ,水源涵養,0,140.718124,41.93276
None,トドマツ,水涵保,None,渡島,2129,ほ,0.47,None,七飯町,None,他Ｌ,水源涵養,0,140.702595,41.95298
None,他Ｌ,水涵保,None,渡島,2129,へ,6.03,None,七飯町,ミズナラ,ダケカンバ,水源涵養,0,140.702347,41.953633
None,カラマツ,水涵保,None,渡島,2129,に,1.05,None,七飯町,None,他Ｌ,水源涵養,0,140.701411,41.953474
None,他Ｌ,水涵保,None,渡島,2129,へ,6.03,None,七飯町,ミズナラ,ダケカンバ,水源涵養,0,140.699888,41.953202
None,カラマツ,水涵保,None,渡島,2129,は,1.31,None,七飯町,None,他Ｌ,水源涵養,0,140.700288,41.952573
None,他Ｌ,水涵保,None,渡島,2124,る,11.88,None,七飯町,ミズナラ,ダケカンバ,水源涵養,0,140.714084,41.945382
None,他Ｌ,水涵保,None,渡島,2125,ほ,5.2,None,七飯町,None,レジノーサマツ,水源涵養,0,140.711153,41.943653
None,ダケカンバ,水涵保,None,渡島,2126,わ,4.79,None,七飯町,他Ｌ,ミズナラ,水源涵養,0,140.709994,41.943636
None,他Ｌ,水涵保,None,渡島,2126,ほ,9.28,None,七飯町,None,リキダマツ,水源涵養,0,140.708328,41.942932
None,カラマツ,水涵保,None,渡島,2128,よ,0.31,None,七飯町,None,他Ｌ,水源涵養,0,140.70584,41.948373
None,ダケカンバ,水涵保,None,渡島,2127,わ,1.62,None,七飯町,シナノキ,ミズナラ,水源涵養,0,140.705965,41.947802
None,カラマツ,水涵保,None,渡島,2128,は,4.41,None,七飯町,None,他Ｌ,水源涵養,0,140.703895,41.950302
None,カラマツ,水涵保,None,渡島,2128,ほ,3.88,None,七飯町,None,ダケカンバ,水源涵養,0,140.705471,41.947917
None,トドマツ,水涵保,None,渡島,2128,に,10.97,None,七飯町,None,他Ｌ,水源涵養,0,140.704495,41.948696
None,他Ｌ,水涵保,None,渡島,2128,ね,11.74,None,七飯町,ミズナラ,ダケカンバ,水源涵養,0,140.705874,41.949104
None,カラマツ,水涵保,None,渡島,2128,ろ,1.57,None,七飯町,None,他Ｌ,水源涵養,0,140.703043,41.951555
None,トドマツ,水涵保,None,渡島,2128,た,0.59,None,七飯町,None,他Ｌ,水源涵養,0,140.701537,41.951236
None,トドマツ,水涵保,None,渡島,2128,い,3.93,None,七飯町,None,他Ｌ,水源涵養,0,140.70256,41.950588
None,トドマツ,水涵保,None,渡島,2129,と,0.33,None,七飯町,None,他Ｌ,水源涵養,0,140.701394,41.952783
None,トドマツ,水涵保,None,渡島,2129,ち,1.05,None,七飯町,None,他Ｌ,水源涵養,0,140.701073,41.951974
None,トドマツ,水涵保,None,渡島,2129,ち,1.05,None,七飯町,None,他Ｌ,水源涵養,0,140.700047,41.951934
None,トドマツ,水涵保,None,渡島,2129,ち,1.05,None,七飯町,None,他Ｌ,水源涵養,0,140.699619,41.951478
None,トドマツ,水涵保,None,渡島,2128,い,3.93,None,七飯町,None,他Ｌ,水源涵養,0,140.700066,41.950717
None,カラマツ,水涵保,None,渡島,2128,は,4.41,None,七飯町,None,他Ｌ,水源涵養,0,140.702745,41.949016
None,カラマツ,水涵保,None,渡島,2128,は,4.41,None,七飯町,None,他Ｌ,水源涵養,0,140.701859,41.949838
None,他Ｌ,水涵保,None,渡島,2128,る,2.46,None,七飯町,None,カラマツ,水源涵養,0,140.701835,41.947727
None,トドマツ,水涵保,None,渡島,2128,に,10.97,None,七飯町,None,他Ｌ,水源涵養,0,140.700713,41.949322
None,トドマツ,水涵保,None,渡島,2128,つ,2.01,None,七飯町,None,他Ｌ,水源涵養,0,140.701042,41.94787
None,None,None,None,渡島,2127,ロ,0.05,None,七飯町,None,None,水源涵養,0,140.705472,41.946419
None,ダケカンバ,水涵保,None,渡島,2127,わ,1.62,None,七飯町,シナノキ,ミズナラ,水源涵養,0,140.705714,41.946822
None,カラマツ,水涵保,None,渡島,2128,ほ,3.88,None,七飯町,None,ダケカンバ,水源涵養,0,140.703482,41.946415
None,トドマツ,水涵保,None,渡島,2127,い,1.81,None,七飯町,None,None,水源涵養,0,140.704938,41.945814
None,カラマツ,水涵保,None,渡島,2126,に,4.31,None,七飯町,None,他Ｌ,水源涵養,0,140.705486,41.94313
None,None,None,None,渡島,2126,イ,0.35,None,七飯町,None,None,水源涵養,0,140.704985,41.943951
None,カラマツ,水涵保,None,渡島,2126,に,4.31,None,七飯町,None,他Ｌ,水源涵養,0,140.704785,41.944095
None,ミズナラ,水涵保,None,渡島,2127,る,4.89,None,七飯町,他Ｌ,ダケカンバ,水源涵養,0,140.703548,41.943143
None,他Ｌ,水涵保,None,渡島,2128,る,2.46,None,七飯町,None,カラマツ,水源涵養,0,140.702182,41.94709
None,トドマツ,水涵保,None,渡島,2128,つ,2.01,None,七飯町,None,他Ｌ,水源涵養,0,140.700614,41.947206
None,ストローブマツ,水涵保,None,渡島,2128,な,2.19,None,七飯町,None,他Ｌ,水源涵養,0,140.700998,41.946074
None,トドマツ,水涵保,None,渡島,2127,ろ,4.75,None,七飯町,None,None,水源涵養,0,140.703648,41.94445
None,トドマツ,水涵保,None,渡島,2127,ち,1.89,None,七飯町,None,None,水源涵養,0,140.701089,41.942026
None,トドマツ,水涵保,None,渡島,2128,へ,3.56,None,七飯町,None,ダケカンバ,水源涵養,0,140.701668,41.944826
None,ウダイカンバ,水涵保,None,渡島,2127,そ,0.95,None,七飯町,None,None,水源涵養,0,140.700265,41.943517
None,トドマツ,水涵保,None,渡島,2127,は,2.37,None,七飯町,None,None,水源涵養,0,140.70116,41.943047
None,他Ｌ,水涵保,None,渡島,2129,ぬ,2.37,None,七飯町,シナノキ,ダケカンバ,水源涵養,0,140.697676,41.95461
None,カラマツ,水涵保,None,渡島,2129,ろ,0.77,None,七飯町,None,他Ｌ,水源涵養,0,140.699502,41.952943
None,他Ｌ,水涵保,None,渡島,2129,へ,6.03,None,七飯町,ミズナラ,ダケカンバ,水源涵養,0,140.698996,41.952987
None,カラマツ,水涵保,None,渡島,2129,い,3.43,None,七飯町,None,他Ｌ,水源涵養,0,140.698842,41.954
None,ダケカンバ,水涵保,None,渡島,2130,た,5.25,None,七飯町,ミズナラ,他Ｌ,水源涵養,0,140.696583,41.953598
None,他Ｌ,水涵保,None,渡島,2131,に,4.12,None,七飯町,None,リキダマツ,水源涵養,0,140.693039,41.953218
None,トドマツ,水涵保,None,渡島,2132,と,4.9,None,七飯町,None,他Ｌ,水源涵養,0,140.689657,41.961574
None,ダケカンバ,水涵保,None,渡島,2133,と,3.12,None,七飯町,ミズナラ,他Ｌ,森林空間利用,0,140.687911,41.964489
None,他Ｌ,水涵保,None,渡島,2133,よ,2.5,None,七飯町,ミズナラ,ダケカンバ,森林空間利用,0,140.687817,41.963345
None,他Ｌ,水涵保,None,渡島,2132,そ,6.19,None,七飯町,ブナ,ダケカンバ,水源涵養,0,140.68927,41.959853
None,他Ｌ,None,None,渡島,2133,か,4.38,None,七飯町,ミズナラ,ダケカンバ,森林空間利用,0,140.686362,41.963176
None,他Ｌ,水涵保,None,渡島,2133,れ,6.6,None,七飯町,None,None,森林空間利用,0,140.686108,41.962169
None,他Ｌ,None,None,渡島,2133,か,4.38,None,七飯町,ミズナラ,ダケカンバ,森林空間利用,0,140.685886,41.961284
None,他Ｌ,水涵保,None,渡島,2133,ぬ,8.69,None,七飯町,ミズナラ,シナノキ,森林空間利用,0,140.685295,41.957753
None,他Ｌ,None,None,渡島,2133,か,4.38,None,七飯町,ミズナラ,ダケカンバ,森林空間利用,0,140.686246,41.959823
None,トドマツ,水涵保,None,渡島,2132,よ,0.4,None,七飯町,None,None,水源涵養,0,140.689912,41.957272
None,トドマツ,水涵保,None,渡島,2132,り,1.07,None,七飯町,None,None,水源涵養,0,140.688391,41.957018
None,トドマツ,水涵保,None,渡島,2132,ち,3.61,None,七飯町,None,他Ｌ,水源涵養,0,140.68855,41.957929
None,他Ｌ,水涵保,None,渡島,2132,る,5.29,None,七飯町,ブナ,ダケカンバ,水源涵養,0,140.68788,41.958339
None,None,None,None,渡島,2133,ハ,0.22,None,七飯町,None,None,森林空間利用,0,140.68669,41.957659
None,None,None,None,渡島,2132,イ,0.48,None,七飯町,None,None,水源涵養,0,140.687733,41.958667
None,トドマツ,水涵保,None,渡島,2132,た,0.58,None,七飯町,None,他Ｌ,水源涵養,0,140.686864,41.955924
None,ミズナラ,水涵保,None,渡島,2132,ね,2.34,None,七飯町,None,None,水源涵養,0,140.685709,41.955792
None,None,None,None,渡島,2134,イ,0.62,None,七飯町,None,None,水源涵養,0,140.68509,41.956055
None,None,水涵保,None,渡島,2132,ニ,0.2,None,七飯町,None,None,水源涵養,0,140.684611,41.954238
None,トドマツ,水涵保,None,渡島,2132,な,1.37,None,七飯町,None,None,水源涵養,0,140.685107,41.954501
None,他Ｌ,水涵保,None,渡島,2132,る,5.29,None,七飯町,ブナ,ダケカンバ,水源涵養,0,140.684132,41.954936
None,None,None,None,渡島,2132,イ,0.48,None,七飯町,None,None,水源涵養,0,140.68427,41.954236
None,トドマツ,水涵保,None,渡島,2132,ぬ,0.3,None,七飯町,None,None,水源涵養,0,140.685672,41.954181
None,他Ｌ,水涵保,None,渡島,2132,る,5.29,None,七飯町,ブナ,ダケカンバ,水源涵養,0,140.684041,41.953828
None,None,None,None,渡島,2132,イ,0.48,None,七飯町,None,None,水源涵養,0,140.684372,41.953862
None,他Ｌ,水涵保,None,渡島,2132,れ,0.35,None,七飯町,ブナ,ダケカンバ,水源涵養,0,140.684537,41.953615
None,トドマツ,水涵保,None,渡島,2129,り,3.95,None,七飯町,None,他Ｌ,水源涵養,0,140.698136,41.951892
None,他Ｌ,水涵保,None,渡島,2129,へ,6.03,None,七飯町,ミズナラ,ダケカンバ,水源涵養,0,140.697342,41.950429
None,トドマツ,水涵保,None,渡島,2130,に,2.9,None,七飯町,None,None,水源涵養,0,140.696262,41.9521
None,トドマツ,水涵保,None,渡島,2130,へ,1.9,None,七飯町,None,None,水源涵養,0,140.695849,41.950347
None,他Ｌ,水涵保,None,渡島,2128,れ,2.31,None,七飯町,ダケカンバ,ミズナラ,水源涵養,0,140.699313,41.949664
None,カラマツ,水涵保,None,渡島,2128,ぬ,3.2,None,七飯町,None,他Ｌ,水源涵養,0,140.698252,41.949155
None,他Ｌ,水涵保,None,渡島,2128,ね,11.74,None,七飯町,ミズナラ,ダケカンバ,水源涵養,0,140.69802,41.9477
None,ダケカンバ,水涵保,None,渡島,2130,た,5.25,None,七飯町,ミズナラ,他Ｌ,水源涵養,0,140.691095,41.947226
None,トドマツ,水涵保,None,渡島,2130,は,2.25,None,七飯町,None,None,水源涵養,0,140.694889,41.952627
None,カラマツ,水涵保,None,渡島,2130,ほ,3.08,None,七飯町,None,他Ｌ,水源涵養,0,140.694751,41.951263
None,トドマツ,水涵保,None,渡島,2130,ね,2.9,None,七飯町,None,None,水源涵養,0,140.692464,41.950272
None,他Ｌ,水涵保,None,渡島,2130,わ,1.99,None,七飯町,None,カラマツ,水源涵養,0,140.695422,41.949032
None,トドマツ,水涵保,None,渡島,2130,そ,0.63,None,七飯町,None,None,水源涵養,0,140.6942,41.94973
None,他Ｌ,水涵保,None,渡島,2130,れ,1.5,None,七飯町,ミズナラ,ダケカンバ,水源涵養,0,140.693911,41.949354
None,トドマツ,水涵保,None,渡島,2130,よ,1.98,None,七飯町,None,None,水源涵養,0,140.695174,41.947806
None,他Ｌ,水涵保,None,渡島,2130,わ,1.99,None,七飯町,None,カラマツ,水源涵養,0,140.693846,41.948624
None,トドマツ,水涵保,None,渡島,2130,つ,2.44,None,七飯町,None,None,水源涵養,0,140.693874,41.947669
None,他Ｌ,水涵保,None,渡島,2130,と,0.94,None,七飯町,None,カラマツ,水源涵養,0,140.692576,41.947704
None,トドマツ,水涵保,None,渡島,2128,か,1.05,None,七飯町,None,他Ｌ,水源涵養,0,140.698692,41.945929
None,トドマツ,水涵保,None,渡島,2128,り,2.5,None,七飯町,None,None,水源涵養,0,140.69725,41.946245
None,ドイツトウヒ,水涵保,None,渡島,2128,と,0.5,None,七飯町,None,他Ｌ,水源涵養,0,140.699162,41.944112
None,トドマツ,水涵保,None,渡島,2128,わ,1.7,None,七飯町,None,他Ｌ,水源涵養,0,140.698454,41.944735
None,トドマツ,水涵保,None,渡島,2127,つ,1.73,None,七飯町,None,None,水源涵養,0,140.698588,41.943105
None,ミズナラ,水涵保,None,渡島,2127,る,4.89,None,七飯町,他Ｌ,ダケカンバ,水源涵養,0,140.697812,41.942726
None,イチイ,水涵保,None,渡島,2128,ち,1.25,None,七飯町,None,他Ｌ,水源涵養,0,140.697318,41.944695
None,ミズナラ,水涵保,None,渡島,2127,よ,0.81,None,七飯町,他Ｌ,ダケカンバ,水源涵養,0,140.695217,41.943711
None,ミズナラ,水涵保,None,渡島,2127,ね,3.2,None,七飯町,None,None,水源涵養,0,140.696805,41.942757
None,トドマツ,水涵保,None,渡島,2130,ぬ,1.4,None,七飯町,None,None,水源涵養,0,140.696142,41.947144
None,他Ｌ,水涵保,None,渡島,2130,わ,1.99,None,七飯町,None,カラマツ,水源涵養,0,140.69431,41.946447
None,トドマツ,水涵保,None,渡島,2130,り,2.0,None,七飯町,None,他Ｌ,水源涵養,0,140.69322,41.946465
None,他Ｌ,水涵保,None,渡島,2130,ち,2.88,None,七飯町,None,カラマツ,水源涵養,0,140.691709,41.946069
None,他Ｌ,水涵保,None,渡島,2128,そ,0.88,None,七飯町,ダケカンバ,ミズナラ,水源涵養,0,140.695102,41.944151
None,トドマツ,水涵保,None,渡島,2127,ほ,1.62,None,七飯町,None,None,水源涵養,0,140.695434,41.942159
None,トドマツ,水涵保,None,渡島,2100,そ,2.47,None,七飯町,None,None,水源涵養,0,140.694449,41.942463
None,トドマツ,水涵保,None,渡島,2098,こ,1.74,None,七飯町,None,ダケカンバ,水源涵養,0,140.693699,41.943897
None,トドマツ,水涵保,None,渡島,2098,こ,1.74,None,七飯町,None,ダケカンバ,水源涵養,0,140.692379,41.944042
None,トドマツ,水涵保,None,渡島,2098,う,2.06,None,七飯町,None,None,水源涵養,0,140.692807,41.943382
None,ダケカンバ,水涵保,None,渡島,2098,ま,32.59,None,七飯町,他Ｌ,ブナ,水源涵養,0,140.692298,41.94257
None,ダケカンバ,水涵保,None,渡島,2130,た,5.25,None,七飯町,ミズナラ,他Ｌ,水源涵養,0,140.691196,41.951991
None,他Ｎ,水涵保,None,渡島,2131,は,5.52,None,七飯町,None,他Ｌ,水源涵養,0,140.689635,41.952377
None,トドマツ,水涵保,None,渡島,2130,か,3.53,None,七飯町,None,None,水源涵養,0,140.691821,41.951449
None,トドマツ,水涵保,None,渡島,2130,ろ,0.49,None,七飯町,None,None,水源涵養,0,140.690483,41.950313
None,トドマツ,水涵保,None,渡島,2130,ろ,0.49,None,七飯町,None,None,水源涵養,0,140.691218,41.949652
None,トドマツ,水涵保,None,渡島,2130,ら,0.84,None,七飯町,None,None,水源涵養,0,140.691536,41.949125
None,ミズナラ,水涵保,None,渡島,2130,な,1.4,None,七飯町,None,None,水源涵養,0,140.689683,41.949419
None,トドマツ,水涵保,None,渡島,2130,る,5.97,None,七飯町,None,None,水源涵養,0,140.690713,41.948327
None,トドマツ,水涵保,None,渡島,2130,い,3.94,None,七飯町,None,None,水源涵養,0,140.688906,41.949638
None,None,水涵保,None,渡島,2130,イ,0.12,None,七飯町,None,None,水源涵養,0,140.688977,41.949582
None,トドマツ,水涵保,None,渡島,2130,ろ,0.49,None,七飯町,None,None,水源涵養,0,140.689201,41.949684
None,ダケカンバ,水涵保,None,渡島,2130,た,5.25,None,七飯町,ミズナラ,他Ｌ,水源涵養,0,140.688637,41.949555
None,ダケカンバ,水涵保,None,渡島,2098,ま,32.59,None,七飯町,他Ｌ,ブナ,水源涵養,0,140.688001,41.949078
None,ダケカンバ,水涵保,None,渡島,2098,ま,32.59,None,七飯町,他Ｌ,ブナ,水源涵養,0,140.687984,41.948169
None,None,水涵保,None,渡島,2098,ハ,0.45,None,七飯町,None,None,水源涵養,0,140.687809,41.949181
None,None,水涵保,None,渡島,2130,イ,0.12,None,七飯町,None,None,水源涵養,0,140.688386,41.947984
None,ダケカンバ,水涵保,None,渡島,2130,た,5.25,None,七飯町,ミズナラ,他Ｌ,水源涵養,0,140.688276,41.947973
None,ダケカンバ,水涵保,None,渡島,2098,ま,32.59,None,七飯町,他Ｌ,ブナ,水源涵養,0,140.688078,41.947724
None,他Ｌ,水涵保,None,渡島,2131,ろ,7.05,None,七飯町,None,カラマツ,水源涵養,0,140.687508,41.951278
None,ミズナラ,水涵保,None,渡島,2131,ほ,6.02,None,七飯町,ダケカンバ,他Ｌ,水源涵養,0,140.687147,41.949414
None,ダケカンバ,水涵保,None,渡島,2098,ま,32.59,None,七飯町,他Ｌ,ブナ,水源涵養,0,140.687555,41.949095
None,トドマツ,水涵保,None,渡島,2098,へ,3.39,None,七飯町,None,他Ｌ,水源涵養,0,140.687673,41.948874
None,トドマツ,水涵保,None,渡島,2098,て,1.51,None,七飯町,None,None,水源涵養,0,140.687589,41.948614
None,None,水涵保,None,渡島,2098,ニ,0.12,None,七飯町,None,None,水源涵養,0,140.687084,41.948848
None,トドマツ,水涵保,None,渡島,2098,て,1.51,None,七飯町,None,None,水源涵養,0,140.68708,41.948021
None,None,水涵保,None,渡島,2131,イ,0.28,None,七飯町,None,None,水源涵養,0,140.686622,41.949307
None,トドマツ,水涵保,None,渡島,2131,い,2.8,None,七飯町,None,他Ｌ,水源涵養,0,140.685723,41.950258
None,トドマツ,水涵保,None,渡島,2131,い,2.8,None,七飯町,None,他Ｌ,水源涵養,0,140.684218,41.949661
None,ミズナラ,水涵保,None,渡島,2131,ほ,6.02,None,七飯町,ダケカンバ,他Ｌ,水源涵養,0,140.68489,41.949104
None,トドマツ,水涵保,None,渡島,2098,へ,3.39,None,七飯町,None,他Ｌ,水源涵養,0,140.685102,41.948212
None,ミズナラ,水涵保,None,渡島,2098,え,1.55,None,七飯町,None,None,水源涵養,0,140.68598,41.948066
None,None,水涵保,None,渡島,2098,ハ,0.45,None,七飯町,None,None,水源涵養,0,140.688025,41.946917
None,トドマツ,水涵保,None,渡島,2130,い,3.94,None,七飯町,None,None,水源涵養,0,140.689665,41.947123
None,ダケカンバ,水涵保,None,渡島,2098,ま,32.59,None,七飯町,他Ｌ,ブナ,水源涵養,0,140.688498,41.946539
None,ダケカンバ,水涵保,None,渡島,2098,ま,32.59,None,七飯町,他Ｌ,ブナ,水源涵養,0,140.688934,41.945439
None,トドマツ,水涵保,None,渡島,2098,の,3.68,None,七飯町,None,ダケカンバ,水源涵養,0,140.69225,41.944535
None,トドマツ,水涵保,None,渡島,2098,う,2.06,None,七飯町,None,None,水源涵養,0,140.691259,41.943396
None,ダケカンバ,水涵保,None,渡島,2098,ま,32.59,None,七飯町,他Ｌ,ブナ,水源涵養,0,140.69037,41.944928
None,トドマツ,水涵保,None,渡島,2098,の,3.68,None,七飯町,None,ダケカンバ,水源涵養,0,140.689567,41.944315
None,トドマツ,水涵保,None,渡島,2098,の,3.68,None,七飯町,None,ダケカンバ,水源涵養,0,140.689578,41.943571
None,トドマツ,水涵保,None,渡島,2098,ち,1.46,None,七飯町,None,None,水源涵養,0,140.688235,41.944765
None,トドマツ,水涵保,None,渡島,2098,ぬ,1.5,None,七飯町,None,None,水源涵養,0,140.689671,41.942511
None,トドマツ,水涵保,None,渡島,2098,へ,3.39,None,七飯町,None,他Ｌ,水源涵養,0,140.687296,41.946811
None,トドマツ,水涵保,None,渡島,2098,た,2.46,None,七飯町,None,ダケカンバ,水源涵養,0,140.686299,41.945821
None,トドマツ,水涵保,None,渡島,2098,れ,1.67,None,七飯町,None,ダケカンバ,水源涵養,0,140.68663,41.945219
None,トドマツ,水涵保,None,渡島,2098,と,6.64,None,七飯町,None,None,水源涵養,0,140.68516,41.946961
None,ダケカンバ,水涵保,None,渡島,2098,く,1.03,None,七飯町,他Ｌ,ブナ,水源涵養,0,140.684241,41.947318
None,ダケカンバ,水涵保,None,渡島,2098,ま,32.59,None,七飯町,他Ｌ,ブナ,水源涵養,0,140.684374,41.945102
None,トドマツ,水涵保,None,渡島,2098,と,6.64,None,七飯町,None,None,水源涵養,0,140.685004,41.945493
None,ダケカンバ,水涵保,None,渡島,2098,ま,32.59,None,七飯町,他Ｌ,ブナ,水源涵養,0,140.687278,41.944114
None,トドマツ,水涵保,None,渡島,2098,ち,1.46,None,七飯町,None,None,水源涵養,0,140.686673,41.944127
None,トドマツ,水涵保,None,渡島,2098,れ,1.67,None,七飯町,None,ダケカンバ,水源涵養,0,140.68619,41.944484
None,トドマツ,水涵保,None,渡島,2098,よ,3.87,None,七飯町,None,None,水源涵養,0,140.688021,41.942944
None,トドマツ,水涵保,None,渡島,2098,そ,1.13,None,七飯町,None,None,水源涵養,0,140.686516,41.943251
None,ダケカンバ,水涵保,None,渡島,2098,ま,32.59,None,七飯町,他Ｌ,ブナ,水源涵養,0,140.686101,41.94235
None,トドマツ,水涵保,None,渡島,2098,た,2.46,None,七飯町,None,ダケカンバ,水源涵養,0,140.685032,41.944618
None,トドマツ,水涵保,None,渡島,2098,れ,1.67,None,七飯町,None,ダケカンバ,水源涵養,0,140.685169,41.943485
None,トドマツ,水涵保,None,渡島,2098,に,2.14,None,七飯町,None,None,水源涵養,0,140.684235,41.943976
None,トドマツ,水涵保,None,渡島,2098,そ,1.13,None,七飯町,None,None,水源涵養,0,140.685488,41.94292
None,トドマツ,水涵保,None,渡島,2098,た,2.46,None,七飯町,None,ダケカンバ,水源涵養,0,140.684731,41.943169
None,トドマツ,水涵保,None,渡島,2124,と,13.98,None,七飯町,None,None,水源涵養,0,140.713859,41.941783
None,他Ｌ,水涵保,None,渡島,2124,る,11.88,None,七飯町,ミズナラ,ダケカンバ,水源涵養,0,140.71267,41.940844
None,他Ｌ,水涵保,None,渡島,2125,る,5.33,None,七飯町,ミズナラ,ダケカンバ,水源涵養,0,140.709077,41.937968
None,カラマツ,水涵保,None,渡島,2124,へ,9.37,None,七飯町,None,他Ｌ,水源涵養,0,140.714052,41.938226
None,他Ｌ,水涵保,None,渡島,2124,る,11.88,None,七飯町,ミズナラ,ダケカンバ,水源涵養,0,140.714179,41.937922
None,None,水涵保,None,渡島,2124,ロ,0.65,None,七飯町,None,None,水源涵養,0,140.714128,41.938355
None,他Ｌ,水涵保,None,渡島,2124,る,11.88,None,七飯町,ミズナラ,ダケカンバ,水源涵養,0,140.715192,41.937074
None,トドマツ,水涵保,None,渡島,2124,ほ,10.28,None,七飯町,None,None,水源涵養,0,140.713986,41.936385
None,トドマツ,水涵保,None,渡島,2125,わ,4.58,None,七飯町,None,None,水源涵養,0,140.710619,41.940891
None,ドイツトウヒ,水涵保,None,渡島,2125,は,0.95,None,七飯町,None,None,水源涵養,0,140.710178,41.939715
None,トドマツ,水涵保,None,渡島,2125,に,2.45,None,七飯町,None,None,水源涵養,0,140.711922,41.942165
None,トドマツ,水涵保,None,渡島,2125,か,4.6,None,七飯町,None,None,水源涵養,0,140.709106,41.939171
None,トドマツ,水涵保,None,渡島,2125,へ,0.16,None,七飯町,None,None,水源涵養,0,140.707788,41.938681
None,トドマツ,水涵保,None,渡島,2126,る,0.15,None,七飯町,None,None,水源涵養,0,140.708006,41.937617
None,トドマツ,水涵保,None,渡島,2126,ち,0.37,None,七飯町,None,None,水源涵養,0,140.708202,41.937009
None,他Ｌ,水涵保,None,渡島,2124,る,11.88,None,七飯町,ミズナラ,ダケカンバ,水源涵養,0,140.71398,41.934644
None,カラマツ,水涵保,None,渡島,2124,は,6.86,None,七飯町,None,他Ｌ,水源涵養,0,140.714419,41.934509
None,他Ｌ,水涵保,None,渡島,2125,り,3.76,None,七飯町,ミズナラ,ダケカンバ,水源涵養,0,140.713754,41.934416
None,トドマツ,水涵保,None,渡島,2125,い,3.86,None,七飯町,None,None,水源涵養,0,140.711908,41.936322
None,他Ｌ,水涵保,None,渡島,2125,り,3.76,None,七飯町,ミズナラ,ダケカンバ,水源涵養,0,140.712087,41.934875
None,None,None,None,渡島,2125,イ,0.69,None,七飯町,None,None,水源涵養,0,140.711283,41.933513
None,トドマツ,水涵保,None,渡島,2124,ぬ,4.25,None,七飯町,None,None,水源涵養,0,140.714634,41.93232
None,トドマツ,水涵保,None,渡島,2125,い,3.86,None,七飯町,None,None,水源涵養,0,140.712852,41.934011
None,他Ｌ,水涵保,None,渡島,2125,り,3.76,None,七飯町,ミズナラ,ダケカンバ,水源涵養,0,140.71224,41.932485
None,トドマツ,水涵保,None,渡島,2125,ろ,0.33,None,七飯町,None,None,水源涵養,0,140.710586,41.93545
None,トドマツ,水涵保,None,渡島,2125,と,4.94,None,七飯町,None,他Ｌ,水源涵養,0,140.709893,41.936172
None,他Ｌ,水涵保,None,渡島,2125,る,5.33,None,七飯町,ミズナラ,ダケカンバ,水源涵養,0,140.710076,41.935143
None,ダケカンバ,水涵保,None,渡島,2125,ぬ,4.24,None,七飯町,ミズナラ,他Ｌ,水源涵養,0,140.70855,41.934479
None,トドマツ,水涵保,None,渡島,2125,ち,4.03,None,七飯町,None,None,水源涵養,0,140.710892,41.933908
None,トドマツ,水涵保,None,渡島,2125,ち,4.03,None,七飯町,None,None,水源涵養,0,140.711608,41.933292
None,ダケカンバ,水涵保,None,渡島,2125,ぬ,4.24,None,七飯町,ミズナラ,他Ｌ,水源涵養,0,140.709661,41.933344
None,他Ｌ,水涵保,None,渡島,2101,む,1.66,None,七飯町,ダケカンバ,ミズナラ,水源涵養,0,140.709405,41.932542
None,トドマツ,水涵保,None,渡島,2101,ね,2.84,None,七飯町,他Ｌ,カラマツ,水源涵養,0,140.705501,41.933365
None,ダケカンバ,水涵保,None,渡島,2126,わ,4.79,None,七飯町,他Ｌ,ミズナラ,水源涵養,0,140.707466,41.939943
None,トドマツ,水涵保,None,渡島,2126,へ,4.63,None,七飯町,None,他Ｌ,水源涵養,0,140.705596,41.940328
None,トドマツ,水涵保,None,渡島,2126,と,4.8,None,七飯町,None,None,水源涵養,0,140.706685,41.938432
None,トドマツ,水涵保,None,渡島,2126,ろ,1.96,None,七飯町,None,None,水源涵養,0,140.70348,41.937854
None,トドマツ,水涵保,None,渡島,2126,い,2.81,None,七飯町,None,None,水源涵養,0,140.705001,41.937185
None,ダケカンバ,水涵保,None,渡島,2126,わ,4.79,None,七飯町,他Ｌ,ミズナラ,水源涵養,0,140.702384,41.938225
None,ミズナラ,水涵保,None,渡島,2127,る,4.89,None,七飯町,他Ｌ,ダケカンバ,水源涵養,0,140.70149,41.938927
None,トドマツ,水涵保,None,渡島,2127,ち,1.89,None,七飯町,None,None,水源涵養,0,140.701773,41.941384
None,トドマツ,水涵保,None,渡島,2126,は,7.82,None,七飯町,None,None,水源涵養,0,140.703316,41.940198
None,ミズナラ,水涵保,None,渡島,2127,る,4.89,None,七飯町,他Ｌ,ダケカンバ,水源涵養,0,140.700939,41.941353
None,トドマツ,水涵保,None,渡島,2127,へ,2.18,None,七飯町,None,None,水源涵養,0,140.699611,41.94186
None,トドマツ,水涵保,None,渡島,2127,り,3.66,None,七飯町,None,None,水源涵養,0,140.701126,41.939543
None,None,None,None,渡島,2127,ハ,2.24,None,七飯町,None,None,水源涵養,0,140.701021,41.94073
None,トドマツ,水涵保,None,渡島,2127,り,3.66,None,七飯町,None,None,水源涵養,0,140.700514,41.941061
None,ダケカンバ,水涵保,None,渡島,2100,れ,2.1,None,七飯町,他Ｌ,イタヤカエデ,水源涵養,0,140.702895,41.936951
None,ダケカンバ,水涵保,None,渡島,2127,か,2.9,None,七飯町,他Ｌ,ミズナラ,水源涵養,0,140.701695,41.937269
None,トドマツ,水涵保,None,渡島,2127,ぬ,1.88,None,七飯町,None,None,水源涵養,0,140.701034,41.938178
None,ミズナラ,水涵保,None,渡島,2127,る,4.89,None,七飯町,他Ｌ,ダケカンバ,水源涵養,0,140.699745,41.938988
None,トドマツ,水涵保,None,渡島,2127,ぬ,1.88,None,七飯町,None,None,水源涵養,0,140.699926,41.93777
None,ダケカンバ,水涵保,None,渡島,2127,か,2.9,None,七飯町,他Ｌ,ミズナラ,水源涵養,0,140.69994,41.936956
None,ミズナラ,水涵保,None,渡島,2126,ぬ,4.25,None,七飯町,他Ｌ,ダケカンバ,水源涵養,0,140.706373,41.936519
None,トドマツ,水涵保,None,渡島,2126,り,1.44,None,七飯町,None,None,水源涵養,0,140.705451,41.935767
None,ミズナラ,水涵保,None,渡島,2101,ら,2.31,None,七飯町,他Ｌ,ブナ,水源涵養,0,140.707117,41.934377
None,ミズナラ,水涵保,None,渡島,2101,ら,2.31,None,七飯町,他Ｌ,ブナ,水源涵養,0,140.705768,41.934451
None,ミズナラ,水涵保,None,渡島,2101,ら,2.31,None,七飯町,他Ｌ,ブナ,水源涵養,0,140.705614,41.934036
None,ダケカンバ,水涵保,None,渡島,2100,れ,2.1,None,七飯町,他Ｌ,イタヤカエデ,水源涵養,0,140.703973,41.936078
None,ミズナラ,水涵保,None,渡島,2100,ら,0.65,None,七飯町,None,None,水源涵養,0,140.703543,41.93643
None,ミズナラ,水涵保,None,渡島,2101,こ,1.25,None,七飯町,None,None,水源涵養,0,140.704314,41.93512
None,None,None,None,渡島,2101,ニ,0.14,None,七飯町,None,None,水源涵養,0,140.706075,41.934445
None,ミズナラ,水涵保,None,渡島,2101,ら,2.31,None,七飯町,他Ｌ,ブナ,水源涵養,0,140.703473,41.935306
None,ミズナラ,水涵保,None,渡島,2101,ふ,0.41,None,七飯町,None,None,水源涵養,0,140.704008,41.934423
None,None,None,None,渡島,2101,ロ,0.01,None,七飯町,None,None,水源涵養,0,140.706304,41.932754
None,他Ｌ,水涵保,None,渡島,2101,む,1.66,None,七飯町,ダケカンバ,ミズナラ,水源涵養,0,140.70871,41.93267
None,ダケカンバ,水涵保,None,渡島,2100,れ,2.1,None,七飯町,他Ｌ,イタヤカエデ,水源涵養,0,140.702845,41.936104
None,None,None,None,渡島,2100,ハ,0.13,None,七飯町,None,None,水源涵養,0,140.701831,41.935926
None,ミズナラ,水涵保,None,渡島,2101,ら,2.31,None,七飯町,他Ｌ,ブナ,水源涵養,0,140.703299,41.934589
None,ミズナラ,水涵保,None,渡島,2101,け,0.57,None,七飯町,None,None,水源涵養,0,140.702608,41.934872
None,ミズナラ,水涵保,None,渡島,2100,な,0.4,None,七飯町,None,None,水源涵養,0,140.701869,41.9352
None,トドマツ,水涵保,None,渡島,2101,れ,0.89,None,七飯町,None,None,水源涵養,0,140.701863,41.934516
None,ダケカンバ,水涵保,None,渡島,2100,れ,2.1,None,七飯町,他Ｌ,イタヤカエデ,水源涵養,0,140.701595,41.935685
None,None,None,None,渡島,2100,ロ,0.31,None,七飯町,None,None,水源涵養,0,140.700906,41.935991
None,ミズナラ,水涵保,None,渡島,2100,た,24.5,None,七飯町,ブナ,ダケカンバ,水源涵養,0,140.700424,41.93625
None,トドマツ,水涵保,None,渡島,2101,そ,2.09,None,七飯町,None,None,水源涵養,0,140.702733,41.933315
None,ミズナラ,水涵保,None,渡島,2101,ら,2.31,None,七飯町,他Ｌ,ブナ,水源涵養,0,140.702491,41.9339
None,トドマツ,水涵保,None,渡島,2101,れ,0.89,None,七飯町,None,None,水源涵養,0,140.701367,41.93403
None,ミズナラ,水涵保,None,渡島,2101,ま,0.79,None,七飯町,None,None,水源涵養,0,140.701727,41.933439
None,カラマツ,水涵保,None,渡島,2101,よ,2.41,None,七飯町,None,他Ｌ,水源涵養,0,140.703297,41.932672
None,トドマツ,水涵保,None,渡島,2101,た,0.61,None,七飯町,None,他Ｌ,水源涵養,0,140.701505,41.932486
None,ミズナラ,水涵保,None,渡島,2101,ら,2.31,None,七飯町,他Ｌ,ブナ,水源涵養,0,140.701451,41.931938
None,None,None,None,渡島,2101,ハ,0.7,None,七飯町,None,None,水源涵養,0,140.701148,41.933905
None,他Ｌ,水涵保,None,渡島,2101,く,0.87,None,七飯町,イタヤカエデ,ダケカンバ,水源涵養,0,140.70081,41.932999
None,ミズナラ,水涵保,None,渡島,2101,や,2.52,None,七飯町,None,None,水源涵養,0,140.700119,41.932943
None,トドマツ,水涵保,None,渡島,2101,か,1.79,None,七飯町,None,None,水源涵養,0,140.699697,41.931296
None,ミズナラ,水涵保,None,渡島,2127,る,4.89,None,七飯町,他Ｌ,ダケカンバ,水源涵養,0,140.697947,41.941962
None,スギ,水涵保,None,渡島,2127,と,0.46,None,七飯町,None,トドマツ,水源涵養,0,140.6992,41.940566
None,トドマツ,水涵保,None,渡島,2127,た,1.5,None,七飯町,None,トドマツ,水源涵養,0,140.699566,41.939995
None,トドマツ,水涵保,None,渡島,2127,れ,1.5,None,七飯町,None,トドマツ,水源涵養,0,140.698099,41.940392
None,ミズナラ,水涵保,None,渡島,2127,る,4.89,None,七飯町,他Ｌ,ダケカンバ,水源涵養,0,140.697269,41.941919
None,ミズナラ,水涵保,None,渡島,2127,る,4.89,None,七飯町,他Ｌ,ダケカンバ,水源涵養,0,140.696966,41.941087
None,ミズナラ,水涵保,None,渡島,2100,た,24.5,None,七飯町,ブナ,ダケカンバ,水源涵養,0,140.696961,41.940529
None,ミズナラ,水涵保,None,渡島,2127,る,4.89,None,七飯町,他Ｌ,ダケカンバ,水源涵養,0,140.698067,41.938482
None,ミズナラ,水涵保,None,渡島,2127,る,4.89,None,七飯町,他Ｌ,ダケカンバ,水源涵養,0,140.698563,41.937494
None,ミズナラ,水涵保,None,渡島,2100,た,24.5,None,七飯町,ブナ,ダケカンバ,水源涵養,0,140.698487,41.935356
None,ミズナラ,水涵保,None,渡島,2100,た,24.5,None,七飯町,ブナ,ダケカンバ,水源涵養,0,140.697559,41.937726
None,トドマツ,水涵保,None,渡島,2100,へ,1.19,None,七飯町,None,他Ｌ,水源涵養,0,140.695855,41.937514
None,ミズナラ,水涵保,None,渡島,2100,た,24.5,None,七飯町,ブナ,ダケカンバ,水源涵養,0,140.694231,41.942221
None,ミズナラ,水涵保,None,渡島,2100,た,24.5,None,七飯町,ブナ,ダケカンバ,水源涵養,0,140.695296,41.941281
None,トドマツ,水涵保,None,渡島,2100,そ,2.47,None,七飯町,None,None,水源涵養,0,140.694339,41.941937
None,None,None,None,渡島,2100,イ,0.34,None,七飯町,None,None,水源涵養,0,140.694326,41.941803
None,ミズナラ,水涵保,None,渡島,2100,た,24.5,None,七飯町,ブナ,ダケカンバ,水源涵養,0,140.695474,41.940483
None,カラマツ,水涵保,None,渡島,2100,つ,1.0,None,七飯町,None,他Ｌ,水源涵養,0,140.694168,41.940524
None,トドマツ,水涵保,None,渡島,2100,そ,2.47,None,七飯町,None,None,水源涵養,0,140.693741,41.941424
None,トドマツ,水涵保,None,渡島,2098,り,2.69,None,七飯町,None,None,水源涵養,0,140.693224,41.942314
None,ダケカンバ,水涵保,None,渡島,2098,ま,32.59,None,七飯町,他Ｌ,ブナ,水源涵養,0,140.693121,41.941828
None,トドマツ,水涵保,None,渡島,2098,り,2.69,None,七飯町,None,None,水源涵養,0,140.69234,41.941883
None,他Ｌ,水涵保,None,渡島,2100,ろ,0.82,None,七飯町,None,カラマツ,水源涵養,0,140.692664,41.94008
None,トドマツ,水涵保,None,渡島,2100,ほ,1.78,None,七飯町,None,None,水源涵養,0,140.694387,41.936917
None,カラマツ,水涵保,None,渡島,2100,は,4.52,None,七飯町,トドマツ,他Ｌ,水源涵養,0,140.693522,41.938178
None,イタヤカエデ,水涵保,None,渡島,2100,に,0.86,None,七飯町,None,カラマツ,水源涵養,0,140.69331,41.936954
None,トドマツ,水涵保,None,渡島,2100,と,2.88,None,七飯町,None,None,水源涵養,0,140.696158,41.935995
None,トドマツ,水涵保,None,渡島,2101,わ,5.67,None,七飯町,None,他Ｌ,水源涵養,0,140.698512,41.93214
None,トドマツ,水涵保,None,渡島,2100,ち,2.0,None,七飯町,None,None,水源涵養,0,140.697337,41.932681
None,トドマツ,水涵保,None,渡島,2100,り,2.66,None,七飯町,None,None,水源涵養,0,140.695247,41.934701
None,トドマツ,水涵保,None,渡島,2100,る,0.63,None,七飯町,None,他Ｌ,水源涵養,0,140.693689,41.936361
None,トドマツ,水涵保,None,渡島,2100,ね,0.7,None,七飯町,None,他Ｌ,水源涵養,0,140.69256,41.936494
None,イタヤカエデ,水涵保,None,渡島,2100,ぬ,3.3,None,七飯町,None,カラマツ,水源涵養,0,140.6934,41.93525
None,他Ｌ,水涵保,None,渡島,2101,な,0.77,None,七飯町,イタヤカエデ,ブナ,水源涵養,0,140.6951,41.931672
None,カラマツ,水涵保,None,渡島,2101,ろ,1.3,None,七飯町,None,他Ｌ,水源涵養,0,140.692294,41.931308
None,イタヤカエデ,水涵保,None,渡島,2098,る,2.52,None,七飯町,None,トドマツ,水源涵養,0,140.691391,41.941272
None,トドマツ,水涵保,None,渡島,2099,な,2.1,None,七飯町,None,None,水源涵養,0,140.691333,41.939924
None,トドマツ,水涵保,None,渡島,2098,つ,0.46,None,七飯町,None,他Ｌ,水源涵養,0,140.689504,41.941619
None,ダケカンバ,水涵保,None,渡島,2098,ま,32.59,None,七飯町,他Ｌ,ブナ,水源涵養,0,140.690368,41.941702
None,トドマツ,水涵保,None,渡島,2098,ね,0.41,None,七飯町,None,None,水源涵養,0,140.688313,41.941268
None,トドマツ,水涵保,None,渡島,2099,つ,1.03,None,七飯町,None,None,水源涵養,0,140.688317,41.939547
None,他Ｌ,水涵保,None,渡島,2100,い,3.1,None,七飯町,None,カラマツ,水源涵養,0,140.692049,41.938425
None,イタヤカエデ,水涵保,None,渡島,2100,わ,1.56,None,七飯町,None,カラマツ,水源涵養,0,140.690505,41.937079
None,トドマツ,水涵保,None,渡島,2099,ね,1.89,None,七飯町,None,None,水源涵養,0,140.689829,41.938656
None,カラマツ,水涵保,None,渡島,2099,い,1.78,None,七飯町,None,他Ｌ,水源涵養,0,140.68906,41.937634
None,他Ｌ,水涵保,None,渡島,2099,ら,4.7,None,七飯町,イタヤカエデ,ブナ,水源涵養,0,140.689546,41.940144
None,ダケカンバ,水涵保,None,渡島,2098,ま,32.59,None,七飯町,他Ｌ,ブナ,水源涵養,0,140.687583,41.940116
None,トドマツ,水涵保,None,渡島,2098,わ,1.28,None,七飯町,None,None,水源涵養,0,140.687014,41.940715
None,トドマツ,水涵保,None,渡島,2098,わ,1.28,None,七飯町,None,None,水源涵養,0,140.686057,41.940603
None,トドマツ,水涵保,None,渡島,2098,よ,3.87,None,七飯町,None,None,水源涵養,0,140.684648,41.941378
None,トドマツ,水涵保,None,渡島,2098,か,1.67,None,七飯町,None,None,水源涵養,0,140.684843,41.939667
None,トドマツ,水涵保,None,渡島,2098,か,1.67,None,七飯町,None,None,水源涵養,0,140.683343,41.940282
None,スギ,水涵保,None,渡島,2098,な,0.94,None,七飯町,イタヤカエデ,ダケカンバ,水源涵養,0,140.684144,41.939792
None,トドマツ,水涵保,None,渡島,2099,そ,0.89,None,七飯町,None,None,水源涵養,0,140.687446,41.938736
None,トドマツ,水涵保,None,渡島,2099,ぬ,0.94,None,七飯町,None,None,水源涵養,0,140.686583,41.938506
None,トドマツ,水涵保,None,渡島,2099,る,1.0,None,七飯町,None,None,水源涵養,0,140.687684,41.937308
None,トドマツ,水涵保,None,渡島,2099,り,1.7,None,七飯町,None,他Ｌ,水源涵養,0,140.686227,41.937524
None,トドマツ,水涵保,None,渡島,2098,ふ,1.14,None,七飯町,None,他Ｌ,水源涵養,0,140.685613,41.938939
None,トドマツ,水涵保,None,渡島,2099,ろ,1.93,None,七飯町,None,None,水源涵養,0,140.690652,41.935815
None,ブナ,水涵保,None,渡島,2099,よ,12.11,None,七飯町,他Ｌ,イタヤカエデ,水源涵養,0,140.691481,41.934198
None,トドマツ,水涵保,None,渡島,2099,ほ,1.09,None,七飯町,None,None,水源涵養,0,140.685921,41.935371
None,トドマツ,水涵保,None,渡島,2099,に,2.93,None,七飯町,None,他Ｌ,水源涵養,0,140.688733,41.935132
None,カラマツ,水涵保,None,渡島,2099,は,2.0,None,七飯町,None,他Ｌ,水源涵養,0,140.69082,41.932833
None,カラマツ,水涵保,None,渡島,2101,い,3.94,None,七飯町,None,他Ｌ,水源涵養,0,140.690945,41.931532
None,他Ｌ,水涵保,None,渡島,2099,れ,6.12,None,七飯町,ブナ,ダケカンバ,水源涵養,0,140.687947,41.933107
None,ブナ,水涵保,None,渡島,2099,わ,1.0,None,七飯町,他Ｌ,イタヤカエデ,水源涵養,0,140.687028,41.936539
None,他Ｌ,水涵保,None,渡島,2099,た,3.44,None,七飯町,ブナ,ダケカンバ,水源涵養,0,140.685768,41.933626
None,トドマツ,水涵保,None,渡島,2099,ち,1.81,None,七飯町,None,他Ｌ,水源涵養,0,140.685181,41.936275
None,スギ,水涵保,None,渡島,2099,へ,0.78,None,七飯町,None,None,水源涵養,0,140.684763,41.935256
None,トドマツ,水涵保,None,渡島,2098,け,1.34,None,七飯町,None,ダケカンバ,水源涵養,0,140.684071,41.936407
None,トドマツ,水涵保,None,渡島,2101,る,10.78,None,七飯町,None,None,水源涵養,0,140.697873,41.930036
None,他Ｌ,水涵保,None,渡島,2101,の,0.61,None,七飯町,ダケカンバ,イタヤカエデ,水源涵養,0,140.698307,41.928649
None,トドマツ,水涵保,None,渡島,2101,お,1.16,None,七飯町,None,None,水源涵養,0,140.695849,41.931221
None,トドマツ,水涵保,None,渡島,2101,ぬ,0.63,None,七飯町,None,他Ｌ,水源涵養,0,140.693987,41.930407
None,ミズキ,水涵保,None,渡島,2101,う,7.91,None,七飯町,ダケカンバ,他Ｌ,水源涵養,0,140.693104,41.930131
None,カラマツ,水涵保,None,渡島,2101,ほ,1.17,None,七飯町,None,他Ｌ,水源涵養,0,140.692189,41.928716
None,トドマツ,水涵保,None,渡島,2101,り,0.31,None,七飯町,None,他Ｌ,水源涵養,0,140.693904,41.927555
None,トドマツ,水涵保,None,渡島,2101,と,1.72,None,七飯町,None,他Ｌ,水源涵養,0,140.693944,41.926696
None,カラマツ,水涵保,None,渡島,2101,へ,4.03,None,七飯町,None,他Ｌ,水源涵養,0,140.692582,41.926567
None,トドマツ,水涵保,None,渡島,2101,ち,13.74,None,七飯町,None,イタヤカエデ,水源涵養,0,140.695831,41.927102
None,None,None,None,渡島,2101,イ,0.58,None,七飯町,None,None,水源涵養,0,140.69301,41.92422
None,カラマツ,水涵保,None,渡島,2101,は,0.38,None,七飯町,None,他Ｌ,水源涵養,0,140.690994,41.9303
None,トドマツ,水涵保,None,渡島,2101,に,1.22,None,七飯町,None,他Ｌ,水源涵養,0,140.691857,41.929828
None,None,None,None,渡島,2101,イ,0.58,None,七飯町,None,None,水源涵養,0,140.690761,41.927299
None,None,水涵保,None,渡島,2101,ホ,0.31,None,七飯町,None,None,水源涵養,0,140.691151,41.926898
None,トドマツ,None,None,渡島,2147,ほ,0.05,None,七飯町,None,None,None,0,140.688698,41.908555
None,スギ,None,None,渡島,2147,に,0.15,None,七飯町,None,None,水源涵養,0,140.688188,41.908292
None,None,None,None,渡島,2147,ハ,0.08,None,七飯町,None,None,None,0,140.687974,41.907993
None,None,None,None,渡島,2147,イ,11.45,None,七飯町,None,None,None,0,140.688847,41.906793
None,チョウセンゴヨウ,None,None,渡島,2147,と,0.1,None,七飯町,None,None,None,0,140.687807,41.9078
None,ヤチダモ,None,None,渡島,2147,ろ,0.26,None,七飯町,None,None,None,0,140.687491,41.907496
None,ヒメコマツ,None,None,渡島,2147,は,0.2,None,七飯町,None,他Ｌ,水源涵養,0,140.686071,41.907345
None,ケヤキ,None,None,渡島,2147,ち,0.28,None,七飯町,None,None,水源涵養,0,140.685487,41.907285
None,ブナ,None,None,渡島,2147,ぬ,0.17,None,七飯町,None,他Ｌ,水源涵養,0,140.685886,41.906671
None,ブナ,None,None,渡島,2147,い,0.26,None,七飯町,None,None,森林空間利用,0,140.684608,41.907486
None,ブナ,None,None,渡島,2147,り,0.12,None,七飯町,None,None,森林空間利用,0,140.685169,41.906822
None,None,None,None,渡島,2147,イ,11.45,None,七飯町,None,None,None,0,140.689521,41.904028
None,None,None,None,渡島,2147,ハ,0.08,None,七飯町,None,None,None,0,140.689438,41.903746
None,None,None,None,渡島,2147,イ,11.45,None,七飯町,None,None,None,0,140.689348,41.903572
None,None,None,None,渡島,2147,ロ,0.08,None,七飯町,None,None,None,0,140.68953,41.903388
None,None,None,None,渡島,2148,ヘ,0.01,None,七飯町,None,None,None,0,140.694434,41.898837
None,None,None,None,渡島,2148,イ,0.78,None,七飯町,None,None,水源涵養,0,140.694226,41.898678
None,None,None,None,渡島,2148,ハ,0.36,None,七飯町,None,None,水源涵養,0,140.693452,41.89619
None,None,None,None,渡島,2148,イ,0.78,None,七飯町,None,None,水源涵養,0,140.693203,41.895838
None,None,None,None,渡島,2148,ホ,0.03,None,七飯町,None,None,水源涵養,0,140.693187,41.896359
None,トドマツ,水涵保,None,渡島,2133,ほ,2.94,None,七飯町,None,None,森林空間利用,0,140.683842,41.959183
None,ダケカンバ,水涵保,None,渡島,2133,り,1.1,None,七飯町,イタヤカエデ,他Ｌ,森林空間利用,0,140.682842,41.958694
None,トドマツ,水涵保,None,渡島,2135,な,1.74,None,七飯町,None,None,水源涵養,0,140.677465,41.963552
None,トドマツ,水涵保,None,渡島,2135,い,1.16,None,七飯町,None,None,水源涵養,2,140.677698,41.962806
None,トドマツ,水涵保,None,渡島,2135,い,1.16,None,七飯町,None,None,水源涵養,2,140.677014,41.962771
None,トドマツ,水涵保,None,渡島,2135,れ,2.87,None,七飯町,None,None,水源涵養,0,140.67736,41.961694
None,カラマツ,水涵保,None,渡島,2135,ろ,1.63,None,七飯町,None,ダケカンバ,水源涵養,0,140.677125,41.960523
None,トドマツ,水涵保,None,渡島,2133,へ,0.94,None,七飯町,None,None,森林空間利用,0,140.682815,41.958019
None,ダケカンバ,水涵保,None,渡島,2133,り,1.1,None,七飯町,イタヤカエデ,他Ｌ,森林空間利用,0,140.682537,41.957539
None,None,None,None,渡島,2133,ハ,0.22,None,七飯町,None,None,森林空間利用,0,140.682087,41.95771
None,トドマツ,水涵保,None,渡島,2134,わ,0.27,None,七飯町,None,他Ｌ,水源涵養,0,140.682438,41.95714
None,ダケカンバ,水涵保,None,渡島,2133,り,1.1,None,七飯町,イタヤカエデ,他Ｌ,森林空間利用,0,140.68185,41.957664
None,他Ｌ,水涵保,None,渡島,2134,な,13.05,None,七飯町,ミズナラ,ダケカンバ,水源涵養,0,140.681805,41.957243
None,トドマツ,水涵保,None,渡島,2134,か,0.42,None,七飯町,None,他Ｌ,水源涵養,0,140.681936,41.956631
None,トドマツ,水涵保,None,渡島,2134,よ,0.69,None,七飯町,None,他Ｌ,水源涵養,0,140.68161,41.956332
None,トドマツ,水涵保,None,渡島,2134,た,0.65,None,七飯町,None,他Ｌ,水源涵養,0,140.680915,41.956434
None,トドマツ,水涵保,None,渡島,2134,れ,1.31,None,七飯町,None,他Ｌ,水源涵養,0,140.680377,41.956247
None,他Ｌ,水涵保,None,渡島,2134,な,13.05,None,七飯町,ミズナラ,ダケカンバ,水源涵養,0,140.680969,41.955566
None,他Ｌ,水涵保,None,渡島,2134,ら,6.26,None,七飯町,ブナ,ミズナラ,水源涵養,0,140.682964,41.955478
None,None,None,None,渡島,2134,イ,0.62,None,七飯町,None,None,水源涵養,0,140.6835,41.954006
None,他Ｌ,水涵保,None,渡島,2134,ら,6.26,None,七飯町,ブナ,ミズナラ,水源涵養,0,140.683796,41.953793
None,None,None,None,渡島,2134,イ,0.62,None,七飯町,None,None,水源涵養,0,140.68359,41.953695
None,他Ｌ,水涵保,None,渡島,2134,ら,6.26,None,七飯町,ブナ,ミズナラ,水源涵養,0,140.68333,41.953504
None,他Ｌ,水涵保,None,渡島,2134,ら,6.26,None,七飯町,ブナ,ミズナラ,水源涵養,0,140.682734,41.953828
None,他Ｌ,水涵保,None,渡島,2134,う,3.96,None,七飯町,None,トドマツ,水源涵養,0,140.680028,41.954824
None,他Ｌ,水涵保,None,渡島,2134,な,13.05,None,七飯町,ミズナラ,ダケカンバ,水源涵養,0,140.681745,41.953616
None,カラマツ,水涵保,None,渡島,2134,い,6.03,None,七飯町,None,他Ｌ,水源涵養,0,140.679994,41.953184
None,他Ｌ,水涵保,None,渡島,2134,な,13.05,None,七飯町,ミズナラ,ダケカンバ,水源涵養,0,140.680015,41.957373
None,トドマツ,水涵保,None,渡島,2134,そ,0.37,None,七飯町,None,他Ｌ,水源涵養,0,140.679677,41.957081
None,トドマツ,水涵保,None,渡島,2134,ろ,0.44,None,七飯町,None,他Ｌ,水源涵養,0,140.678162,41.95723
None,トドマツ,水涵保,None,渡島,2134,つ,0.37,None,七飯町,None,他Ｌ,水源涵養,0,140.677591,41.957789
None,他Ｌ,水涵保,None,渡島,2134,ね,0.15,None,七飯町,None,トドマツ,水源涵養,0,140.677661,41.957319
None,他Ｌ,水涵保,None,渡島,2134,な,13.05,None,七飯町,ミズナラ,ダケカンバ,水源涵養,0,140.677796,41.957018
None,トドマツ,水涵保,None,渡島,2135,ほ,1.78,None,七飯町,None,他Ｌ,水源涵養,0,140.676596,41.956749
None,カラマツ,水涵保,None,渡島,2134,ぬ,1.67,None,七飯町,他Ｌ,トドマツ,水源涵養,0,140.677754,41.955236
None,トドマツ,水涵保,None,渡島,2134,り,2.14,None,七飯町,None,他Ｌ,水源涵養,0,140.677014,41.95428
None,トドマツ,水涵保,None,渡島,2134,る,1.13,None,七飯町,None,他Ｌ,水源涵養,0,140.677738,41.953249
None,他Ｌ,水涵保,None,渡島,2135,つ,10.03,None,七飯町,ダケカンバ,ミズナラ,水源涵養,0,140.676765,41.963662
None,他Ｌ,水涵保,None,渡島,2136,た,13.92,None,七飯町,ミズナラ,ブナ,森林空間利用,0,140.672301,41.959571
None,トドマツ,水涵保,None,渡島,2136,は,1.65,None,七飯町,None,カラマツ,森林空間利用,0,140.673809,41.963293
None,トドマツ,水涵保,None,渡島,2136,ぬ,0.89,None,七飯町,None,他Ｌ,森林空間利用,0,140.673314,41.962735
None,カラマツ,水涵保,None,渡島,2135,は,7.71,None,七飯町,None,他Ｌ,水源涵養,0,140.675316,41.960034
None,ミズナラ,水涵保,None,渡島,2135,ら,4.89,None,七飯町,None,None,水源涵養,0,140.674658,41.960666
None,None,水涵保,None,渡島,2135,イ,1.44,None,七飯町,None,None,水源涵養,0,140.675232,41.959925
None,カラマツ,水涵保,None,渡島,2135,は,7.71,None,七飯町,None,他Ｌ,水源涵養,0,140.675862,41.959145
None,トドマツ,水涵保,None,渡島,2135,そ,0.61,None,七飯町,None,None,水源涵養,0,140.674399,41.958948
None,カラマツ,水涵保,None,渡島,2135,は,7.71,None,七飯町,None,他Ｌ,水源涵養,0,140.673263,41.958634
None,トドマツ,水涵保,None,渡島,2136,な,0.4,None,七飯町,None,None,森林空間利用,0,140.671978,41.963363
None,トドマツ,水涵保,None,渡島,2136,ぬ,0.89,None,七飯町,None,他Ｌ,森林空間利用,0,140.672655,41.963216
None,他Ｌ,水涵保,None,渡島,2136,た,13.92,None,七飯町,ミズナラ,ブナ,森林空間利用,0,140.671831,41.962806
None,トドマツ,水涵保,None,渡島,2136,つ,0.91,None,七飯町,None,None,森林空間利用,0,140.671871,41.962304
None,トドマツ,水涵保,None,渡島,2136,つ,0.91,None,七飯町,None,None,森林空間利用,0,140.671459,41.962591
None,イタヤカエデ,水涵保,None,渡島,2136,る,2.31,None,七飯町,None,シベリアカラマツ,森林空間利用,0,140.67178,41.96091
None,カラマツ,水涵保,None,渡島,2136,に,3.16,None,七飯町,None,None,森林空間利用,0,140.670374,41.96134
None,カラマツ,水涵保,None,渡島,2136,に,3.16,None,七飯町,None,None,森林空間利用,0,140.670233,41.962635
None,スギ,水涵保,None,渡島,2136,ね,2.29,None,七飯町,None,None,水源涵養,0,140.668725,41.963116
None,カラマツ,水涵保,None,渡島,2136,ほ,1.4,None,七飯町,None,ダケカンバ,森林空間利用,0,140.669155,41.961525
None,カラマツ,水涵保,None,渡島,2136,に,3.16,None,七飯町,None,None,森林空間利用,0,140.6711,41.959625
None,カラマツ,水涵保,None,渡島,2136,に,3.16,None,七飯町,None,None,森林空間利用,0,140.670491,41.959715
None,None,水涵保,None,渡島,2136,イ,0.73,None,七飯町,None,None,森林空間利用,0,140.6691,41.959164
None,スギ,水涵保,None,渡島,2136,ち,3.93,None,七飯町,None,他Ｌ,森林空間利用,0,140.670576,41.959157
None,他Ｌ,水涵保,None,渡島,2136,た,13.92,None,七飯町,ミズナラ,ブナ,森林空間利用,0,140.670452,41.958578
None,トドマツ,水涵保,None,渡島,2136,へ,2.33,None,七飯町,None,None,森林空間利用,0,140.66967,41.958876
None,他Ｌ,水涵保,None,渡島,2136,た,13.92,None,七飯町,ミズナラ,ブナ,森林空間利用,0,140.66915,41.958303
None,カラマツ,水涵保,None,渡島,2135,に,2.56,None,七飯町,None,他Ｌ,水源涵養,0,140.675489,41.957314
None,他Ｌ,水涵保,None,渡島,2135,る,7.13,None,七飯町,ダケカンバ,ミズナラ,水源涵養,0,140.673744,41.95628
None,トドマツ,水涵保,None,渡島,2135,ち,1.47,None,七飯町,None,他Ｌ,水源涵養,0,140.67406,41.956031
None,カラマツ,水涵保,None,渡島,2135,に,2.56,None,七飯町,None,他Ｌ,水源涵養,0,140.673088,41.956774
None,トドマツ,水涵保,None,渡島,2135,ち,1.47,None,七飯町,None,他Ｌ,水源涵養,0,140.672714,41.955586
None,トドマツ,水涵保,None,渡島,2135,へ,2.08,None,七飯町,None,他Ｌ,水源涵養,0,140.675368,41.955061
None,他Ｌ,水涵保,None,渡島,2135,る,7.13,None,七飯町,ダケカンバ,ミズナラ,水源涵養,0,140.674945,41.956322
None,他Ｌ,水涵保,None,渡島,2135,る,7.13,None,七飯町,ダケカンバ,ミズナラ,水源涵養,0,140.672788,41.954818
None,トドマツ,水涵保,None,渡島,2135,り,2.78,None,七飯町,None,他Ｌ,水源涵養,0,140.672865,41.954062
None,スギ,水涵保,None,渡島,2136,ち,3.93,None,七飯町,None,他Ｌ,森林空間利用,0,140.671773,41.95736
None,他Ｌ,水涵保,None,渡島,2136,れ,5.53,None,七飯町,ミズナラ,ダケカンバ,森林空間利用,0,140.670959,41.957306
None,スギ,水涵保,None,渡島,2136,り,1.4,None,七飯町,None,None,森林空間利用,0,140.670363,41.95659
None,カラマツ,水涵保,None,渡島,2136,と,0.66,None,七飯町,トドマツ,他Ｌ,森林空間利用,0,140.670118,41.958126
None,トドマツ,水涵保,None,渡島,2136,へ,2.33,None,七飯町,None,None,森林空間利用,0,140.669469,41.958123
None,カラマツ,水涵保,None,渡島,2136,と,0.66,None,七飯町,トドマツ,他Ｌ,森林空間利用,0,140.669537,41.957691
None,他Ｌ,水涵保,None,渡島,2135,つ,10.03,None,七飯町,ダケカンバ,ミズナラ,水源涵養,0,140.671899,41.955079
None,トドマツ,水涵保,None,渡島,2135,り,2.78,None,七飯町,None,他Ｌ,水源涵養,0,140.671924,41.95436
None,他Ｌ,水涵保,None,渡島,2136,れ,5.53,None,七飯町,ミズナラ,ダケカンバ,森林空間利用,0,140.670508,41.955232
None,トドマツ,水涵保,None,渡島,2135,ぬ,1.62,None,七飯町,None,他Ｌ,水源涵養,0,140.669936,41.952854
None,None,水涵保,None,渡島,2134,ロ,0.27,None,七飯町,None,None,水源涵養,0,140.682628,41.952343
None,他Ｌ,水涵保,None,渡島,2134,な,13.05,None,七飯町,ミズナラ,ダケカンバ,水源涵養,0,140.682654,41.952997
None,他Ｌ,水涵保,None,渡島,2134,な,13.05,None,七飯町,ミズナラ,ダケカンバ,水源涵養,0,140.683165,41.953161
None,ミズナラ,水涵保,None,渡島,2131,ほ,6.02,None,七飯町,ダケカンバ,他Ｌ,水源涵養,0,140.68317,41.950894
None,トドマツ,水涵保,None,渡島,2134,は,3.15,None,七飯町,None,None,水源涵養,0,140.681245,41.951827
None,他Ｌ,水涵保,None,渡島,2134,に,2.44,None,七飯町,None,ストローブマツ,水源涵養,0,140.681664,41.950071
None,他Ｌ,水涵保,None,渡島,2134,ほ,3.02,None,七飯町,None,ストローブマツ,水源涵養,0,140.680166,41.949769
None,エゾマツ,水涵保,None,渡島,2098,ほ,3.97,None,七飯町,None,トドマツ,水源涵養,0,140.681708,41.947827
None,他Ｌ,水涵保,None,渡島,2134,む,1.31,None,七飯町,ミズナラ,ダケカンバ,水源涵養,0,140.680444,41.951539
None,トドマツ,水涵保,None,渡島,2134,よ,0.69,None,七飯町,None,他Ｌ,水源涵養,0,140.678445,41.95173
None,トドマツ,水涵保,None,渡島,2134,へ,3.7,None,七飯町,None,他Ｌ,水源涵養,0,140.678448,41.949555
None,トドマツ,水涵保,None,渡島,2134,ち,2.72,None,七飯町,None,他Ｌ,水源涵養,0,140.676822,41.952051
None,トドマツ,水涵保,None,渡島,2134,と,4.1,None,七飯町,None,他Ｌ,水源涵養,0,140.677391,41.950605
None,他Ｌ,水涵保,None,渡島,2134,な,13.05,None,七飯町,ミズナラ,ダケカンバ,水源涵養,0,140.67766,41.949153
None,トドマツ,水涵保,None,渡島,2095,つ,2.31,None,七飯町,None,None,水源涵養,0,140.67666,41.94813
None,ダケカンバ,水涵保,None,渡島,2098,ま,32.59,None,七飯町,他Ｌ,ブナ,水源涵養,0,140.682854,41.946388
None,トドマツ,水涵保,None,渡島,2098,に,2.14,None,七飯町,None,None,水源涵養,0,140.683129,41.945581
None,他Ｌ,水涵保,None,渡島,2098,や,2.75,None,七飯町,イタヤカエデ,ブナ,水源涵養,0,140.681931,41.94641
None,ダケカンバ,水涵保,None,渡島,2098,ま,32.59,None,七飯町,他Ｌ,ブナ,水源涵養,0,140.683618,41.943255
None,トドマツ,水涵保,None,渡島,2098,ろ,1.24,None,七飯町,None,None,水源涵養,0,140.683225,41.942763
None,トドマツ,水涵保,None,渡島,2098,ろ,1.24,None,七飯町,None,None,水源涵養,0,140.683756,41.942441
None,トドマツ,水涵保,None,渡島,2098,は,0.28,None,七飯町,None,None,水源涵養,0,140.682326,41.943226
None,None,None,None,渡島,2098,イ,2.57,None,七飯町,None,None,水源涵養,0,140.68817,41.943751
None,トドマツ,水涵保,None,渡島,2097,そ,0.72,None,七飯町,None,None,水源涵養,0,140.682212,41.942357
None,ブナ,水涵保,None,渡島,2097,や,7.95,None,七飯町,ミズナラ,ダケカンバ,水源涵養,0,140.682133,41.942243
None,ダケカンバ,水涵保,None,渡島,2098,ま,32.59,None,七飯町,他Ｌ,ブナ,水源涵養,0,140.682487,41.944233
None,ブナ,水涵保,None,渡島,2097,や,7.95,None,七飯町,ミズナラ,ダケカンバ,水源涵養,0,140.681256,41.94458
None,トドマツ,水涵保,None,渡島,2097,ね,1.76,None,七飯町,None,ダケカンバ,水源涵養,0,140.680762,41.943932
None,トドマツ,水涵保,None,渡島,2097,そ,0.72,None,七飯町,None,None,水源涵養,0,140.681761,41.942866
None,ブナ,水涵保,None,渡島,2097,や,7.95,None,七飯町,ミズナラ,ダケカンバ,水源涵養,0,140.681109,41.94287
None,None,水涵保,None,渡島,2097,ロ,0.08,None,七飯町,None,None,水源涵養,0,140.681818,41.942408
None,トドマツ,水涵保,None,渡島,2097,れ,0.72,None,七飯町,None,None,水源涵養,0,140.681328,41.942076
None,トドマツ,水涵保,None,渡島,2097,ね,1.76,None,七飯町,None,ダケカンバ,水源涵養,0,140.680657,41.942819
None,ブナ,水涵保,None,渡島,2097,ま,7.23,None,七飯町,他Ｌ,ダケカンバ,水源涵養,0,140.679472,41.946834
None,ブナ,水涵保,None,渡島,2097,く,3.13,None,七飯町,ミズナラ,ダケカンバ,水源涵養,0,140.679307,41.945835
None,トドマツ,水涵保,None,渡島,2095,ね,2.73,None,七飯町,None,None,水源涵養,0,140.677689,41.946974
None,トドマツ,水涵保,None,渡島,2095,と,0.6,None,七飯町,None,イタヤカエデ,水源涵養,0,140.677266,41.945387
None,トドマツ,水涵保,None,渡島,2097,な,3.52,None,七飯町,None,None,水源涵養,0,140.678313,41.94436
None,トドマツ,水涵保,None,渡島,2097,つ,3.24,None,七飯町,None,None,水源涵養,0,140.679941,41.942413
None,None,None,None,渡島,2097,イ,0.88,None,七飯町,None,None,水源涵養,0,140.679434,41.942362
None,トドマツ,水涵保,None,渡島,2097,つ,3.24,None,七飯町,None,None,水源涵養,0,140.678858,41.943044
None,トドマツ,水涵保,None,渡島,2095,へ,3.1,None,七飯町,None,None,水源涵養,0,140.675722,41.944465
None,ミズナラ,水涵保,None,渡島,2095,な,12.26,None,七飯町,他Ｌ,ブナ,水源涵養,0,140.676724,41.943813
None,トドマツ,水涵保,None,渡島,2097,う,1.03,None,七飯町,None,None,水源涵養,0,140.67793,41.942222
None,トドマツ,水涵保,None,渡島,2135,と,2.16,None,七飯町,None,他Ｌ,水源涵養,0,140.674877,41.952133
None,トドマツ,水涵保,None,渡島,2135,か,1.38,None,七飯町,None,他Ｌ,水源涵養,0,140.675279,41.950783
None,トドマツ,水涵保,None,渡島,2135,ね,2.4,None,七飯町,None,None,水源涵養,0,140.672322,41.951148
None,トドマツ,水涵保,None,渡島,2135,わ,3.21,None,七飯町,None,他Ｌ,水源涵養,0,140.674445,41.949934
None,トドマツ,水涵保,None,渡島,2135,た,2.72,None,七飯町,None,他Ｌ,水源涵養,0,140.670997,41.951724
None,トドマツ,水涵保,None,渡島,2135,よ,0.75,None,七飯町,None,他Ｌ,水源涵養,0,140.671917,41.95042
None,他Ｌ,水涵保,None,渡島,2135,つ,10.03,None,七飯町,ダケカンバ,ミズナラ,水源涵養,0,140.671122,41.950595
None,トドマツ,水涵保,None,渡島,2094,わ,2.8,None,七飯町,None,None,水源涵養,0,140.671523,41.948789
None,トドマツ,水涵保,None,渡島,2094,り,3.26,None,七飯町,None,None,水源涵養,0,140.669407,41.949497
None,トドマツ,水涵保,None,渡島,2094,か,4.25,None,七飯町,None,None,水源涵養,0,140.669199,41.94762
None,トドマツ,水涵保,None,渡島,2095,そ,1.88,None,七飯町,None,None,水源涵養,0,140.675119,41.946782
None,ミズナラ,水涵保,None,渡島,2095,な,12.26,None,七飯町,他Ｌ,ブナ,水源涵養,0,140.674231,41.946637
None,トドマツ,水涵保,None,渡島,2095,れ,1.99,None,七飯町,None,None,水源涵養,0,140.674195,41.945398
None,ミズナラ,水涵保,None,渡島,2095,む,21.25,None,七飯町,他Ｌ,ブナ,水源涵養,0,140.673442,41.947407
None,トドマツ,水涵保,None,渡島,2095,ほ,0.7,None,七飯町,None,None,水源涵養,0,140.673384,41.945976
None,ミズナラ,水涵保,None,渡島,2095,く,0.5,None,七飯町,None,None,水源涵養,0,140.672156,41.945598
None,ミズナラ,水涵保,None,渡島,2095,な,12.26,None,七飯町,他Ｌ,ブナ,水源涵養,0,140.672863,41.944919
None,トドマツ,水涵保,None,渡島,2095,た,1.67,None,七飯町,None,None,水源涵養,0,140.674617,41.943687
None,ミズナラ,水涵保,None,渡島,2095,む,21.25,None,七飯町,他Ｌ,ブナ,水源涵養,0,140.673983,41.943018
None,トドマツ,水涵保,None,渡島,2095,よ,0.38,None,七飯町,None,None,水源涵養,0,140.674455,41.942427
None,トドマツ,水涵保,None,渡島,2095,れ,1.99,None,七飯町,None,None,水源涵養,0,140.672949,41.943582
None,ミズナラ,水涵保,None,渡島,2095,な,12.26,None,七飯町,他Ｌ,ブナ,水源涵養,0,140.673992,41.942233
None,ミズナラ,水涵保,None,渡島,2095,む,21.25,None,七飯町,他Ｌ,ブナ,水源涵養,0,140.673049,41.942789
None,トドマツ,水涵保,None,渡島,2095,に,1.48,None,七飯町,None,None,水源涵養,0,140.672531,41.946114
None,ミズナラ,水涵保,None,渡島,2095,お,0.57,None,七飯町,None,None,水源涵養,0,140.671206,41.945897
None,トドマツ,水涵保,None,渡島,2095,に,1.48,None,七飯町,None,None,水源涵養,0,140.671384,41.945305
None,ダケカンバ,水涵保,None,渡島,2094,ふ,13.29,None,七飯町,None,他Ｌ,水源涵養,0,140.672582,41.949309
None,None,None,None,渡島,2095,イ,1.45,None,七飯町,None,None,水源涵養,0,140.670355,41.944104
None,ミズナラ,水涵保,None,渡島,2095,や,0.16,None,七飯町,None,None,水源涵養,0,140.672215,41.944811
None,ミズナラ,水涵保,None,渡島,2095,ま,0.89,None,七飯町,None,None,水源涵養,0,140.671468,41.944309
None,トドマツ,水涵保,None,渡島,2095,け,1.16,None,七飯町,None,None,水源涵養,0,140.670804,41.944961
None,トドマツ,水涵保,None,渡島,2095,い,1.8,None,七飯町,None,None,水源涵養,0,140.670636,41.943849
None,ミズナラ,水涵保,None,渡島,2095,な,12.26,None,七飯町,他Ｌ,ブナ,水源涵養,0,140.671141,41.943179
None,トドマツ,水涵保,None,渡島,2095,い,1.8,None,七飯町,None,None,水源涵養,0,140.670449,41.94305
None,ミズナラ,水涵保,None,渡島,2095,む,21.25,None,七飯町,他Ｌ,ブナ,水源涵養,0,140.669624,41.943812
None,ミズナラ,水涵保,None,渡島,2095,の,1.77,None,七飯町,None,None,水源涵養,0,140.668571,41.944678
None,ミズナラ,水涵保,None,渡島,2095,の,1.77,None,七飯町,None,None,水源涵養,0,140.668746,41.9427
None,トドマツ,水涵保,None,渡島,2095,ろ,4.75,None,七飯町,None,None,水源涵養,0,140.668475,41.942993
None,他Ｌ,水涵保,None,渡島,2136,た,13.92,None,七飯町,ミズナラ,ブナ,森林空間利用,0,140.667798,41.962499
None,カラマツ,風致保,None,渡島,2137,い,0.96,None,七飯町,None,他Ｌ,森林空間利用,0,140.666686,41.960284
None,カラマツ,風致保,None,渡島,2137,ろ,6.23,None,七飯町,None,ダケカンバ,森林空間利用,0,140.667326,41.958349
None,他Ｌ,風致保,None,渡島,2137,は,43.01,None,七飯町,ミズナラ,ブナ,森林空間利用,0,140.66656,41.95372
None,他Ｌ,風致保,None,渡島,2138,ろ,63.95,None,七飯町,ミズナラ,ブナ,森林空間利用,0,140.658913,41.953934
None,ダケカンバ,水涵保,None,渡島,2094,け,2.76,None,七飯町,None,他Ｌ,水源涵養,0,140.664481,41.950858
None,トドマツ,水涵保,None,渡島,2094,こ,2.83,None,七飯町,None,None,水源涵養,0,140.667222,41.948905
None,トドマツ,水涵保,None,渡島,2094,に,2.64,None,七飯町,None,トドマツ,水源涵養,0,140.665432,41.948146
None,トドマツ,水涵保,None,渡島,2094,る,1.93,None,七飯町,None,None,水源涵養,0,140.665965,41.948742
None,トドマツ,水涵保,None,渡島,2094,に,2.64,None,七飯町,None,トドマツ,水源涵養,0,140.66479,41.947657
None,他Ｌ,風致保,None,渡島,2137,に,0.17,None,七飯町,None,ミズナラ,森林空間利用,0,140.663461,41.95261
None,トドマツ,水涵保,None,渡島,2094,ぬ,0.33,None,七飯町,None,イタヤカエデ,水源涵養,0,140.663997,41.952151
None,トドマツ,水涵保,None,渡島,2094,や,3.34,None,七飯町,None,イタヤカエデ,水源涵養,0,140.662455,41.951115
None,トドマツ,風致保,None,渡島,2138,い,0.51,None,七飯町,None,None,森林空間利用,0,140.662499,41.952639
None,None,None,None,渡島,2093,ホ,0.09,None,七飯町,None,None,水源涵養,0,140.660852,41.95062
None,トドマツ,水涵保,None,渡島,2094,ち,3.52,None,七飯町,None,None,水源涵養,0,140.663252,41.949653
None,トドマツ,水涵保,None,渡島,2094,る,1.93,None,七飯町,None,None,水源涵養,0,140.663542,41.947542
None,トドマツ,水涵保,None,渡島,2094,へ,3.57,None,七飯町,None,None,水源涵養,0,140.662357,41.94873
None,ダケカンバ,水涵保,None,渡島,2094,ふ,13.29,None,七飯町,None,他Ｌ,水源涵養,0,140.663248,41.947648
None,トドマツ,水涵保,None,渡島,2094,ち,3.52,None,七飯町,None,None,水源涵養,0,140.662868,41.947618
None,ダケカンバ,水涵保,None,渡島,2094,ふ,13.29,None,七飯町,None,他Ｌ,水源涵養,0,140.661456,41.949904
None,トドマツ,水涵保,None,渡島,2094,て,1.0,None,七飯町,None,None,水源涵養,0,140.660944,41.949236
None,スギ,水涵保,None,渡島,2094,の,2.2,None,七飯町,None,None,水源涵養,0,140.660989,41.948143
None,トドマツ,水涵保,None,渡島,2094,れ,0.34,None,七飯町,None,None,水源涵養,0,140.667947,41.946885
None,トドマツ,水涵保,None,渡島,2094,た,0.16,None,七飯町,None,None,水源涵養,0,140.667156,41.947197
None,トドマツ,水涵保,None,渡島,2094,よ,3.43,None,七飯町,None,None,水源涵養,0,140.666397,41.947003
None,トドマツ,水涵保,None,渡島,2094,そ,0.23,None,七飯町,None,他Ｌ,水源涵養,0,140.667246,41.946368
None,ミズナラ,水涵保,None,渡島,2095,な,12.26,None,七飯町,他Ｌ,ブナ,水源涵養,0,140.667368,41.945838
None,トドマツ,水涵保,None,渡島,2095,ろ,4.75,None,七飯町,None,None,水源涵養,0,140.667986,41.944987
None,トドマツ,水涵保,None,渡島,2094,な,0.56,None,七飯町,None,None,水源涵養,0,140.666686,41.946049
None,トドマツ,水涵保,None,渡島,2095,ろ,4.75,None,七飯町,None,None,水源涵養,0,140.666774,41.944862
None,トドマツ,水涵保,None,渡島,2094,つ,0.24,None,七飯町,None,他Ｌ,水源涵養,0,140.66565,41.946989
None,トドマツ,水涵保,None,渡島,2094,ね,0.89,None,七飯町,None,他Ｌ,水源涵養,0,140.66557,41.946326
None,トドマツ,水涵保,None,渡島,2094,よ,3.43,None,七飯町,None,None,水源涵養,0,140.6658,41.947454
None,トドマツ,水涵保,None,渡島,2094,つ,0.24,None,七飯町,None,他Ｌ,水源涵養,0,140.665182,41.946931
None,カラマツ,水涵保,None,渡島,2094,む,4.82,None,七飯町,None,None,水源涵養,0,140.665324,41.945091
None,トドマツ,水涵保,None,渡島,2094,ね,0.89,None,七飯町,None,他Ｌ,水源涵養,0,140.664937,41.94592
None,None,水涵保,None,渡島,2094,イ,0.91,None,七飯町,None,None,水源涵養,0,140.664483,41.944101
None,トドマツ,水涵保,None,渡島,2095,ろ,4.75,None,七飯町,None,None,水源涵養,0,140.667571,41.943507
None,ミズナラ,水涵保,None,渡島,2095,う,0.35,None,七飯町,他Ｌ,ブナ,水源涵養,0,140.668157,41.942736
None,ミズナラ,水涵保,None,渡島,2095,な,12.26,None,七飯町,他Ｌ,ブナ,水源涵養,0,140.667337,41.942442
None,ミズナラ,水涵保,None,渡島,2095,む,21.25,None,七飯町,他Ｌ,ブナ,水源涵養,0,140.665689,41.94389
None,カラマツ,水涵保,None,渡島,2094,む,4.82,None,七飯町,None,None,水源涵養,0,140.664781,41.944739
None,トドマツ,水涵保,None,渡島,2094,う,0.84,None,七飯町,None,None,水源涵養,0,140.664758,41.944375
None,ミズナラ,水涵保,None,渡島,2095,む,21.25,None,七飯町,他Ｌ,ブナ,水源涵養,0,140.666382,41.943284
None,カラマツ,水涵保,None,渡島,2095,は,1.0,None,七飯町,None,ダケカンバ,水源涵養,0,140.664599,41.942866
None,トドマツ,水涵保,None,渡島,2094,お,0.6,None,七飯町,None,None,水源涵養,0,140.663951,41.947222
None,トドマツ,水涵保,None,渡島,2094,ら,0.69,None,七飯町,None,None,水源涵養,0,140.66404,41.946169
None,ダケカンバ,水涵保,None,渡島,2094,ま,0.36,None,七飯町,None,他Ｌ,水源涵養,0,140.662337,41.946698
None,トドマツ,水涵保,None,渡島,2094,に,2.64,None,七飯町,None,トドマツ,水源涵養,0,140.662981,41.946341
None,トドマツ,水涵保,None,渡島,2094,う,0.84,None,七飯町,None,None,水源涵養,0,140.664169,41.944929
None,カラマツ,水涵保,None,渡島,2094,む,4.82,None,七飯町,None,None,水源涵養,0,140.664124,41.943503
None,トドマツ,水涵保,None,渡島,2094,い,2.0,None,七飯町,None,None,水源涵養,0,140.662369,41.944326
None,トドマツ,水涵保,None,渡島,2094,へ,3.57,None,七飯町,None,None,水源涵養,0,140.661539,41.946684
None,スギ,水涵保,None,渡島,2094,の,2.2,None,七飯町,None,None,水源涵養,0,140.660842,41.946804
None,トドマツ,水涵保,None,渡島,2094,ほ,0.45,None,七飯町,None,他Ｌ,水源涵養,0,140.661863,41.945681
None,トドマツ,水涵保,None,渡島,2094,く,0.31,None,七飯町,None,None,水源涵養,0,140.66377,41.94409
None,トドマツ,水涵保,None,渡島,2094,ろ,2.31,None,七飯町,None,None,水源涵養,0,140.661461,41.944614
None,トドマツ,水涵保,None,渡島,2094,は,0.74,None,七飯町,None,None,水源涵養,0,140.66186,41.942834
None,ミズナラ,水涵保,None,渡島,2093,つ,4.46,None,七飯町,イタヤカエデ,他Ｌ,水源涵養,0,140.658286,41.95059
None,他Ｌ,水涵保,None,渡島,2093,よ,4.04,None,七飯町,None,ストローブマツ,水源涵養,0,140.659772,41.949567
None,トドマツ,水涵保,None,渡島,2093,り,3.11,None,七飯町,None,None,水源涵養,0,140.658699,41.948389
None,トドマツ,水涵保,None,渡島,2093,り,3.11,None,七飯町,None,None,水源涵養,0,140.658777,41.947441
None,トドマツ,水涵保,None,渡島,2093,ぬ,4.98,None,七飯町,None,None,水源涵養,0,140.656855,41.949063
None,トドマツ,水涵保,None,渡島,2093,わ,1.97,None,七飯町,None,None,水源涵養,0,140.656642,41.947775
None,トドマツ,水涵保,None,渡島,2093,ち,3.24,None,七飯町,None,None,水源涵養,0,140.656138,41.950156
None,ミズナラ,水涵保,None,渡島,2093,つ,4.46,None,七飯町,イタヤカエデ,他Ｌ,水源涵養,0,140.655238,41.948889
None,トドマツ,水涵保,None,渡島,2093,ら,0.32,None,七飯町,None,None,水源涵養,0,140.654539,41.948567
None,ミズナラ,水涵保,None,渡島,2093,な,1.06,None,七飯町,None,ブナ,水源涵養,0,140.653537,41.948358
None,トドマツ,水涵保,None,渡島,2092,ひ,0.8,None,七飯町,None,None,水源涵養,0,140.652755,41.948338
None,他Ｌ,水涵保,None,渡島,2094,と,0.95,None,七飯町,None,トドマツ,水源涵養,0,140.659846,41.946806
None,他Ｌ,水涵保,None,渡島,2093,そ,1.16,None,七飯町,ダケカンバ,イタヤカエデ,水源涵養,0,140.659527,41.94702
None,他Ｌ,水涵保,None,渡島,2094,と,0.95,None,七飯町,None,トドマツ,水源涵養,0,140.659949,41.945623
None,他Ｌ,水涵保,None,渡島,2093,そ,1.16,None,七飯町,ダケカンバ,イタヤカエデ,水源涵養,0,140.659399,41.94624
None,他Ｌ,水涵保,None,渡島,2093,れ,0.65,None,七飯町,ダケカンバ,イタヤカエデ,水源涵養,0,140.657742,41.947115
None,トドマツ,水涵保,None,渡島,2093,ぬ,4.98,None,七飯町,None,None,水源涵養,0,140.658328,41.946648
None,トドマツ,水涵保,None,渡島,2093,ね,0.75,None,七飯町,None,None,水源涵養,0,140.656454,41.946601
None,トドマツ,水涵保,None,渡島,2093,る,1.12,None,七飯町,None,トドマツ,水源涵養,0,140.658387,41.945423
None,カラマツ,水涵保,None,渡島,2093,か,1.5,None,七飯町,None,他Ｌ,水源涵養,0,140.657011,41.945732
None,None,水涵保,None,渡島,2093,イ,0.8,None,七飯町,None,None,水源涵養,0,140.655899,41.946002
None,他Ｌ,水涵保,None,渡島,2093,れ,0.65,None,七飯町,ダケカンバ,イタヤカエデ,水源涵養,0,140.656587,41.947142
None,トドマツ,水涵保,None,渡島,2093,へ,3.14,None,七飯町,None,ダケカンバ,水源涵養,0,140.655059,41.947138
None,他Ｌ,水涵保,None,渡島,2093,れ,0.65,None,七飯町,ダケカンバ,イタヤカエデ,水源涵養,0,140.655442,41.946886
None,トドマツ,水涵保,None,渡島,2093,わ,1.97,None,七飯町,None,None,水源涵養,0,140.654635,41.947091
None,トドマツ,水涵保,None,渡島,2093,へ,3.14,None,七飯町,None,ダケカンバ,水源涵養,0,140.655054,41.946867
None,トドマツ,水涵保,None,渡島,2093,へ,3.14,None,七飯町,None,ダケカンバ,水源涵養,0,140.655245,41.946378
None,カラマツ,水涵保,None,渡島,2093,か,1.5,None,七飯町,None,他Ｌ,水源涵養,0,140.65547,41.946222
None,トドマツ,水涵保,None,渡島,2093,む,0.95,None,七飯町,None,ダケカンバ,水源涵養,0,140.657278,41.946346
None,カラマツ,水涵保,None,渡島,2093,か,1.5,None,七飯町,None,他Ｌ,水源涵養,0,140.656392,41.945365
None,トドマツ,水涵保,None,渡島,2093,に,0.69,None,七飯町,None,トドマツ,水源涵養,0,140.655932,41.945033
None,トドマツ,水涵保,None,渡島,2093,ほ,3.59,None,七飯町,None,トドマツ,水源涵養,0,140.655181,41.945731
None,トドマツ,水涵保,None,渡島,2093,へ,3.14,None,七飯町,None,ダケカンバ,水源涵養,0,140.654125,41.947074
None,トドマツ,水涵保,None,渡島,2093,へ,3.14,None,七飯町,None,ダケカンバ,水源涵養,0,140.653715,41.947467
None,ミズナラ,水涵保,None,渡島,2093,つ,4.46,None,七飯町,イタヤカエデ,他Ｌ,水源涵養,0,140.652778,41.946268
None,トドマツ,水涵保,None,渡島,2093,ほ,3.59,None,七飯町,None,トドマツ,水源涵養,0,140.654347,41.945237
None,トドマツ,水涵保,None,渡島,2093,ほ,3.59,None,七飯町,None,トドマツ,水源涵養,0,140.653787,41.946398
None,None,水涵保,None,渡島,2093,ロ,0.22,None,七飯町,None,None,水源涵養,0,140.653415,41.944754
None,None,None,None,渡島,2093,チ,0.17,None,七飯町,None,None,水源涵養,0,140.652727,41.94562
None,トドマツ,水涵保,None,渡島,2093,へ,3.14,None,七飯町,None,ダケカンバ,水源涵養,0,140.653523,41.944789
None,None,None,None,渡島,2093,チ,0.17,None,七飯町,None,None,水源涵養,0,140.653323,41.944887
None,None,None,None,渡島,2093,ハ,0.32,None,七飯町,None,None,水源涵養,0,140.653031,41.94542
None,None,None,None,渡島,2093,チ,0.17,None,七飯町,None,None,水源涵養,0,140.65295,41.945151
None,ミズナラ,水涵保,None,渡島,2093,つ,4.46,None,七飯町,イタヤカエデ,他Ｌ,水源涵養,0,140.652805,41.944909
None,トドマツ,水涵保,None,渡島,2093,ろ,1.83,None,七飯町,None,トドマツ,水源涵養,0,140.655758,41.943943
None,カラマツ,水涵保,None,渡島,2093,は,2.98,None,七飯町,None,イタヤカエデ,水源涵養,0,140.655072,41.944586
None,None,水涵保,None,渡島,2093,ヘ,0.43,None,七飯町,None,None,水源涵養,0,140.655616,41.942712
None,トドマツ,水涵保,None,渡島,2093,ろ,1.83,None,七飯町,None,トドマツ,水源涵養,0,140.655167,41.943151
None,None,None,None,渡島,2093,ト,0.09,None,七飯町,None,None,水源涵養,0,140.656043,41.942724
None,カラマツ,水涵保,None,渡島,2093,は,2.98,None,七飯町,None,イタヤカエデ,水源涵養,0,140.655763,41.942803
None,カラマツ,水涵保,None,渡島,2093,い,0.35,None,七飯町,None,イタヤカエデ,水源涵養,0,140.655572,41.942434
None,カラマツ,水涵保,None,渡島,2092,か,2.85,None,七飯町,None,他Ｌ,水源涵養,0,140.65352,41.944052
None,カラマツ,水涵保,None,渡島,2093,は,2.98,None,七飯町,None,イタヤカエデ,水源涵養,0,140.653565,41.944304
None,スギ,水涵保,None,渡島,2092,わ,3.74,None,七飯町,None,None,水源涵養,0,140.652772,41.94443
None,None,None,None,渡島,2092,チ,1.68,None,七飯町,None,None,水源涵養,0,140.653438,41.944086
None,None,水涵保,None,渡島,2092,イ,1.04,None,七飯町,None,None,水源涵養,0,140.653533,41.943981
None,None,None,None,渡島,2092,チ,1.68,None,七飯町,None,None,水源涵養,0,140.653446,41.943401
None,None,None,None,渡島,2092,チ,1.68,None,七飯町,None,None,水源涵養,0,140.653144,41.943539
None,カラマツ,水涵保,None,渡島,2093,は,2.98,None,七飯町,None,イタヤカエデ,水源涵養,0,140.654533,41.943216
None,スギ,水涵保,None,渡島,2092,わ,3.74,None,七飯町,None,None,水源涵養,0,140.653565,41.943127
None,None,None,None,渡島,2092,ハ,2.22,None,七飯町,None,None,水源涵養,0,140.653279,41.943381
None,None,None,None,渡島,2092,チ,1.68,None,七飯町,None,None,水源涵養,0,140.653113,41.942505
None,ダケカンバ,水涵保,None,渡島,2098,ま,32.59,None,七飯町,他Ｌ,ブナ,水源涵養,0,140.684838,41.942355
None,ブナ,水涵保,None,渡島,2097,や,7.95,None,七飯町,ミズナラ,ダケカンバ,水源涵養,0,140.682106,41.941818
None,トドマツ,水涵保,None,渡島,2098,い,0.46,None,七飯町,None,None,水源涵養,0,140.682916,41.941201
None,トドマツ,水涵保,None,渡島,2097,た,0.22,None,七飯町,None,None,水源涵養,0,140.68217,41.941207
None,スギ,水涵保,None,渡島,2098,な,0.94,None,七飯町,イタヤカエデ,ダケカンバ,水源涵養,0,140.683439,41.939722
None,None,水涵保,None,渡島,2098,ロ,1.08,None,七飯町,None,None,水源涵養,0,140.685628,41.942843
None,トドマツ,水涵保,None,渡島,2097,よ,0.88,None,七飯町,None,None,水源涵養,0,140.680747,41.941034
None,トドマツ,水涵保,None,渡島,2097,か,1.0,None,七飯町,None,None,水源涵養,0,140.681561,41.940308
None,ブナ,水涵保,None,渡島,2097,ま,7.23,None,七飯町,他Ｌ,ダケカンバ,水源涵養,0,140.681297,41.941106
None,トドマツ,水涵保,None,渡島,2097,わ,0.62,None,七飯町,None,None,水源涵養,0,140.68002,41.940598
None,トドマツ,水涵保,None,渡島,2098,お,1.33,None,七飯町,None,None,水源涵養,0,140.683154,41.938424
None,トドマツ,水涵保,None,渡島,2098,お,1.33,None,七飯町,None,None,水源涵養,0,140.68277,41.93922
None,ダケカンバ,水涵保,None,渡島,2098,ま,32.59,None,七飯町,他Ｌ,ブナ,水源涵養,0,140.685137,41.938186
None,トドマツ,水涵保,None,渡島,2098,ら,0.86,None,七飯町,None,None,水源涵養,0,140.683832,41.937157
None,ダケカンバ,水涵保,None,渡島,2098,ま,32.59,None,七飯町,他Ｌ,ブナ,水源涵養,0,140.68251,41.938642
None,ブナ,水涵保,None,渡島,2097,ま,7.23,None,七飯町,他Ｌ,ダケカンバ,水源涵養,0,140.682718,41.935982
None,トドマツ,水涵保,None,渡島,2097,る,0.89,None,七飯町,None,None,水源涵養,0,140.680801,41.939155
None,スギ,水涵保,None,渡島,2097,ら,1.75,None,七飯町,None,他Ｌ,水源涵養,0,140.681663,41.938387
None,トドマツ,水涵保,None,渡島,2097,ち,0.94,None,七飯町,None,None,水源涵養,0,140.681491,41.937594
None,トドマツ,水涵保,None,渡島,2097,り,0.29,None,七飯町,None,None,水源涵養,0,140.680342,41.937825
None,トドマツ,水涵保,None,渡島,2097,と,0.14,None,七飯町,None,イタヤカエデ,水源涵養,0,140.680822,41.937157
None,トドマツ,水涵保,None,渡島,2097,ふ,0.24,None,七飯町,None,None,水源涵養,0,140.679347,41.941843
None,トドマツ,水涵保,None,渡島,2097,む,0.52,None,七飯町,None,None,水源涵養,0,140.67922,41.941043
None,ブナ,水涵保,None,渡島,2097,や,7.95,None,七飯町,ミズナラ,ダケカンバ,水源涵養,0,140.678888,41.941689
None,トドマツ,水涵保,None,渡島,2097,ぬ,0.22,None,七飯町,None,他Ｌ,水源涵養,0,140.679482,41.939469
None,トドマツ,水涵保,None,渡島,2097,け,1.13,None,七飯町,None,None,水源涵養,0,140.678562,41.940006
None,ブナ,水涵保,None,渡島,2097,や,7.95,None,七飯町,ミズナラ,ダケカンバ,水源涵養,0,140.677736,41.941201
None,ブナ,水涵保,None,渡島,2097,や,7.95,None,七飯町,ミズナラ,ダケカンバ,水源涵養,0,140.678736,41.939303
None,スギ,水涵保,None,渡島,2097,に,3.19,None,七飯町,None,他Ｌ,水源涵養,0,140.678731,41.938195
None,ブナ,水涵保,None,渡島,2096,ろ,14.72,None,七飯町,他Ｌ,ダケカンバ,水源涵養,0,140.676274,41.938727
None,トドマツ,水涵保,None,渡島,2097,ほ,0.54,None,七飯町,None,他Ｌ,水源涵養,0,140.682094,41.936031
None,スギ,水涵保,None,渡島,2098,む,0.71,None,七飯町,None,None,水源涵養,0,140.683613,41.935197
None,スギ,水涵保,None,渡島,2099,と,0.23,None,七飯町,None,None,水源涵養,0,140.683783,41.934864
None,スギ,水涵保,None,渡島,2098,む,0.71,None,七飯町,None,None,水源涵養,0,140.683182,41.935125
None,スギ,水涵保,None,渡島,2099,と,0.23,None,七飯町,None,None,水源涵養,0,140.682924,41.934645
None,None,水涵保,None,渡島,2099,イ,0.06,None,七飯町,None,None,水源涵養,0,140.683404,41.934835
None,ブナ,水涵保,None,渡島,2099,か,0.84,None,七飯町,他Ｌ,イタヤカエデ,水源涵養,0,140.683441,41.934486
None,ブナ,水涵保,None,渡島,2097,お,2.31,None,七飯町,他Ｌ,ダケカンバ,水源涵養,0,140.68199,41.935062
None,ブナ,水涵保,None,渡島,2099,か,0.84,None,七飯町,他Ｌ,イタヤカエデ,水源涵養,0,140.682789,41.934423
None,トドマツ,水涵保,None,渡島,2097,へ,0.41,None,七飯町,None,他Ｌ,水源涵養,0,140.681363,41.936358
None,トドマツ,水涵保,None,渡島,2097,は,2.7,None,七飯町,None,None,水源涵養,0,140.680284,41.935712
None,トドマツ,水涵保,None,渡島,2097,い,3.3,None,七飯町,None,None,水源涵養,0,140.679517,41.934686
None,トドマツ,水涵保,None,渡島,2097,ろ,1.53,None,七飯町,None,None,水源涵養,0,140.678866,41.936195
None,ブナ,水涵保,None,渡島,2097,の,1.4,None,七飯町,イタヤカエデ,他Ｌ,水源涵養,0,140.680038,41.933301
None,ブナ,水涵保,None,渡島,2096,ろ,14.72,None,七飯町,他Ｌ,ダケカンバ,水源涵養,0,140.676622,41.941764
None,None,None,None,渡島,2096,イ,0.36,None,七飯町,None,None,水源涵養,0,140.677085,41.940588
None,トドマツ,水涵保,None,渡島,2096,い,3.02,None,七飯町,None,None,水源涵養,0,140.674662,41.939818
None,トドマツ,水涵保,None,渡島,2095,か,3.61,None,七飯町,None,None,水源涵養,0,140.674065,41.941867
None,ミズナラ,水涵保,None,渡島,2095,な,12.26,None,七飯町,他Ｌ,ブナ,水源涵養,0,140.674074,41.94134
None,トドマツ,水涵保,None,渡島,2095,か,3.61,None,七飯町,None,None,水源涵養,0,140.673018,41.941248
None,ミズナラ,水涵保,None,渡島,2095,な,12.26,None,七飯町,他Ｌ,ブナ,水源涵養,0,140.673247,41.940208
None,トドマツ,水涵保,None,渡島,2095,る,1.41,None,七飯町,None,None,水源涵養,0,140.671609,41.941752
None,スギ,水涵保,None,渡島,2095,ぬ,0.24,None,七飯町,None,None,水源涵養,0,140.671207,41.941208
None,ミズナラ,水涵保,None,渡島,2095,む,21.25,None,七飯町,他Ｌ,ブナ,水源涵養,0,140.671843,41.9397
None,他Ｌ,水涵保,None,渡島,2095,ら,0.98,None,七飯町,ホオノキ,シナノキ,水源涵養,0,140.66989,41.939617
None,スギ,水涵保,None,渡島,2095,ち,0.4,None,七飯町,None,None,水源涵養,0,140.671933,41.938906
None,スギ,水涵保,None,渡島,2095,り,0.52,None,七飯町,None,None,水源涵養,0,140.670905,41.939279
None,カラマツ,水涵保,None,渡島,2093,い,0.35,None,七飯町,None,イタヤカエデ,水源涵養,0,140.655924,41.942392
None,カラマツ,水涵保,None,渡島,2093,は,2.98,None,七飯町,None,イタヤカエデ,水源涵養,0,140.655545,41.940869
None,カラマツ,水涵保,None,渡島,2092,か,2.85,None,七飯町,None,他Ｌ,水源涵養,0,140.654012,41.942744
None,None,水涵保,None,渡島,2092,ロ,1.14,None,七飯町,None,None,水源涵養,0,140.654513,41.941445
None,トドマツ,水涵保,None,渡島,2092,く,0.84,None,七飯町,None,他Ｌ,水源涵養,0,140.654218,41.942024
None,トドマツ,水涵保,None,渡島,2092,く,0.84,None,七飯町,None,他Ｌ,水源涵養,0,140.65423,41.941326
None,カラマツ,水涵保,None,渡島,2092,か,2.85,None,七飯町,None,他Ｌ,水源涵養,0,140.654593,41.940763
None,None,None,None,渡島,2092,チ,1.68,None,七飯町,None,None,水源涵養,0,140.653383,41.942006
None,None,None,None,渡島,2092,チ,1.68,None,七飯町,None,None,水源涵養,0,140.653092,41.941783
None,None,None,None,渡島,2092,チ,1.68,None,七飯町,None,None,水源涵養,0,140.65308,41.941332
None,None,None,None,渡島,2092,チ,1.68,None,七飯町,None,None,水源涵養,0,140.653332,41.940727
None,None,None,None,渡島,2092,チ,1.68,None,七飯町,None,None,水源涵養,0,140.65307,41.941139
None,None,None,None,渡島,2092,チ,1.68,None,七飯町,None,None,水源涵養,0,140.65306,41.940773
None,ブナ,風致保,None,渡島,2140,に,47.89,None,七飯町,ミズナラ,他Ｌ,森林空間利用,0,140.646559,41.964123
None,スギ,風致保,None,渡島,2140,か,1.68,None,七飯町,None,None,森林空間利用,0,140.64596,41.963465
None,None,風致保,None,渡島,2138,ハ,0.06,None,七飯町,None,None,自然維持,0,140.65218,41.954789
None,None,None,None,渡島,2138,ニ,0.37,None,七飯町,None,None,自然維持,0,140.650025,41.95448
None,他Ｌ,風致保,None,渡島,2138,は,11.24,None,七飯町,ミズナラ,ブナ,自然維持,0,140.648851,41.953205
None,ミズナラ,水涵保,None,渡島,2091,へ,20.31,None,七飯町,ブナ,イタヤカエデ,水源涵養,0,140.644975,41.953267
None,スギ,風致保,None,渡島,2140,よ,0.49,None,七飯町,None,None,森林空間利用,0,140.644611,41.962932
None,None,None,None,渡島,2140,イ,0.02,None,七飯町,None,None,森林空間利用,0,140.644182,41.962587
None,トドマツ,風致保,None,渡島,2140,つ,1.1,None,七飯町,None,他Ｌ,森林空間利用,0,140.641346,41.963481
None,他Ｌ,風致保,None,渡島,2139,に,0.32,None,七飯町,None,トドマツ,森林空間利用,0,140.639558,41.963306
None,ストローブマツ,風致保,None,渡島,2139,ほ,0.4,None,七飯町,None,他Ｌ,森林空間利用,0,140.639714,41.962864
None,トドマツ,風致保,None,渡島,2139,は,0.48,None,七飯町,None,None,森林空間利用,0,140.638802,41.962505
None,トドマツ,風致保,None,渡島,2139,ろ,0.42,None,七飯町,None,他Ｌ,森林空間利用,0,140.638075,41.962724
None,ミズナラ,風致保,None,渡島,2139,へ,77.27,None,七飯町,他Ｌ,イタヤカエデ,森林空間利用,0,140.63918,41.958698
None,ミズナラ,水涵保,None,渡島,2091,へ,20.31,None,七飯町,ブナ,イタヤカエデ,水源涵養,0,140.64276,41.954033
None,None,None,None,渡島,2139,ハ,0.7,None,七飯町,None,None,森林空間利用,0,140.637089,41.956598
None,他Ｌ,水涵保,None,渡島,2091,ほ,4.53,None,七飯町,None,トドマツ,水源涵養,0,140.640024,41.954617
None,None,水涵保,None,渡島,2091,ロ,1.62,None,七飯町,None,None,水源涵養,0,140.639224,41.954809
None,None,None,None,渡島,2091,イ,1.89,None,七飯町,None,None,水源涵養,0,140.643022,41.952348
None,None,None,None,渡島,2139,ハ,0.7,None,七飯町,None,None,森林空間利用,0,140.638224,41.955481
None,他Ｌ,水涵保,None,渡島,2091,ほ,4.53,None,七飯町,None,トドマツ,水源涵養,0,140.638978,41.953464
None,他Ｌ,風致保,None,渡島,2138,は,11.24,None,七飯町,ミズナラ,ブナ,自然維持,0,140.652048,41.95259
None,ストローブマツ,水涵保,None,渡島,2092,ら,1.3,None,七飯町,None,イタヤカエデ,水源涵養,0,140.648986,41.950277
None,トドマツ,水涵保,None,渡島,2092,へ,1.05,None,七飯町,None,None,水源涵養,0,140.65214,41.948745
None,トドマツ,水涵保,None,渡島,2092,ゆ,0.74,None,七飯町,None,None,水源涵養,0,140.650892,41.948599
None,トドマツ,水涵保,None,渡島,2092,と,0.21,None,七飯町,None,他Ｌ,水源涵養,0,140.6512,41.948205
None,イタヤカエデ,水涵保,None,渡島,2092,む,2.82,None,七飯町,None,トドマツ,水源涵養,0,140.651265,41.947945
None,トドマツ,水涵保,None,渡島,2092,り,0.51,None,七飯町,None,None,水源涵養,0,140.651608,41.947552
None,イタヤカエデ,水涵保,None,渡島,2092,む,2.82,None,七飯町,None,トドマツ,水源涵養,0,140.650757,41.94802
None,None,None,None,渡島,2092,チ,1.68,None,七飯町,None,None,水源涵養,0,140.650959,41.947558
None,トドマツ,水涵保,None,渡島,2092,ほ,0.24,None,七飯町,None,None,水源涵養,0,140.650553,41.949392
None,トドマツ,水涵保,None,渡島,2092,は,11.68,None,七飯町,None,None,水源涵養,0,140.648786,41.949845
None,イタヤカエデ,水涵保,None,渡島,2092,む,2.82,None,七飯町,None,トドマツ,水源涵養,0,140.649396,41.94934
None,トドマツ,水涵保,None,渡島,2092,と,0.21,None,七飯町,None,他Ｌ,水源涵養,0,140.650056,41.948616
None,None,None,None,渡島,2092,チ,1.68,None,七飯町,None,None,水源涵養,0,140.650446,41.948033
None,None,None,None,渡島,2092,チ,1.68,None,七飯町,None,None,水源涵養,0,140.650046,41.947941
None,ダケカンバ,水涵保,None,渡島,2092,ふ,5.55,None,七飯町,イタヤカエデ,他Ｌ,水源涵養,0,140.649926,41.947789
None,None,None,None,渡島,2092,ハ,2.22,None,七飯町,None,None,水源涵養,0,140.647175,41.950069
None,イタヤカエデ,水涵保,None,渡島,2092,む,2.82,None,七飯町,None,トドマツ,水源涵養,0,140.649053,41.948048
None,ダケカンバ,水涵保,None,渡島,2092,ふ,5.55,None,七飯町,イタヤカエデ,他Ｌ,水源涵養,0,140.649089,41.951381
None,トドマツ,水涵保,None,渡島,2092,い,1.3,None,七飯町,None,None,水源涵養,0,140.64751,41.951993
None,トドマツ,水涵保,None,渡島,2092,ろ,0.84,None,七飯町,None,None,水源涵養,0,140.647533,41.950962
None,トドマツ,水涵保,None,渡島,2092,に,0.16,None,七飯町,None,None,水源涵養,0,140.648756,41.950163
None,ストローブマツ,水涵保,None,渡島,2092,ら,1.3,None,七飯町,None,イタヤカエデ,水源涵養,0,140.648201,41.950464
None,トドマツ,水涵保,None,渡島,2091,い,0.5,None,七飯町,None,イタヤカエデ,水源涵養,0,140.644836,41.95192
None,None,None,None,渡島,2092,ト,0.5,None,七飯町,None,None,水源涵養,0,140.646401,41.95124
None,None,None,None,渡島,2092,チ,1.68,None,七飯町,None,None,水源涵養,0,140.645234,41.950962
None,ダケカンバ,水涵保,None,渡島,2092,ふ,5.55,None,七飯町,イタヤカエデ,他Ｌ,水源涵養,0,140.645014,41.950412
None,None,水涵保,None,渡島,2092,イ,1.04,None,七飯町,None,None,水源涵養,0,140.648549,41.949905
None,トドマツ,水涵保,None,渡島,2092,は,11.68,None,七飯町,None,None,水源涵養,0,140.648492,41.949655
None,トドマツ,水涵保,None,渡島,2092,に,0.16,None,七飯町,None,None,水源涵養,0,140.64818,41.949856
None,None,None,None,渡島,2092,チ,1.68,None,七飯町,None,None,水源涵養,0,140.64872,41.94909
None,None,None,None,渡島,2092,チ,1.68,None,七飯町,None,None,水源涵養,0,140.648328,41.94931
None,None,None,None,渡島,2092,チ,1.68,None,七飯町,None,None,水源涵養,0,140.645621,41.951067
None,None,None,None,渡島,2092,チ,1.68,None,七飯町,None,None,水源涵養,0,140.646582,41.950219
None,トドマツ,水涵保,None,渡島,2092,は,11.68,None,七飯町,None,None,水源涵養,0,140.64737,41.948966
None,トドマツ,水涵保,None,渡島,2092,は,11.68,None,七飯町,None,None,水源涵養,0,140.648429,41.948094
None,ダケカンバ,水涵保,None,渡島,2092,ふ,5.55,None,七飯町,イタヤカエデ,他Ｌ,水源涵養,0,140.645839,41.949354
None,トドマツ,水涵保,None,渡島,2092,り,0.51,None,七飯町,None,None,水源涵養,0,140.65197,41.9472
None,None,水涵保,None,渡島,2092,イ,1.04,None,七飯町,None,None,水源涵養,0,140.65107,41.947831
None,トドマツ,水涵保,None,渡島,2092,ぬ,0.49,None,七飯町,None,None,水源涵養,0,140.652416,41.946739
None,None,None,None,渡島,2092,チ,1.68,None,七飯町,None,None,水源涵養,0,140.652148,41.94649
None,ダケカンバ,水涵保,None,渡島,2092,ふ,5.55,None,七飯町,イタヤカエデ,他Ｌ,水源涵養,0,140.651719,41.946219
None,None,None,None,渡島,2092,チ,1.68,None,七飯町,None,None,水源涵養,0,140.652022,41.946212
None,None,None,None,渡島,2092,チ,1.68,None,七飯町,None,None,水源涵養,0,140.65132,41.947373
None,None,None,None,渡島,2092,チ,1.68,None,七飯町,None,None,水源涵養,0,140.651629,41.946537
None,None,None,None,渡島,2092,チ,1.68,None,七飯町,None,None,水源涵養,0,140.652548,41.945772
None,トドマツ,水涵保,None,渡島,2092,あ,1.46,None,七飯町,None,None,水源涵養,0,140.652149,41.945322
None,トドマツ,水涵保,None,渡島,2092,あ,1.46,None,七飯町,None,None,水源涵養,0,140.651244,41.945064
None,None,水涵保,None,渡島,2092,イ,1.04,None,七飯町,None,None,水源涵養,0,140.651918,41.94619
None,トドマツ,水涵保,None,渡島,2092,る,0.77,None,七飯町,None,イタヤカエデ,水源涵養,0,140.650448,41.946872
None,ミズナラ,水涵保,None,渡島,2092,め,0.68,None,七飯町,None,None,水源涵養,0,140.648905,41.947263
None,ストローブマツ,水涵保,None,渡島,2092,さ,1.67,None,七飯町,None,トドマツ,水源涵養,0,140.650494,41.945566
None,ストローブマツ,水涵保,None,渡島,2092,さ,1.67,None,七飯町,None,トドマツ,水源涵養,0,140.649495,41.945951
None,None,水涵保,None,渡島,2092,イ,1.04,None,七飯町,None,None,水源涵養,0,140.647701,41.947775
None,ストローブマツ,水涵保,None,渡島,2092,う,1.72,None,七飯町,None,None,水源涵養,0,140.649503,41.944874
None,ダケカンバ,水涵保,None,渡島,2092,ふ,5.55,None,七飯町,イタヤカエデ,他Ｌ,水源涵養,0,140.652519,41.944774
None,スギ,水涵保,None,渡島,2092,わ,3.74,None,七飯町,None,None,水源涵養,0,140.65195,41.943608
None,ダケカンバ,水涵保,None,渡島,2092,ふ,5.55,None,七飯町,イタヤカエデ,他Ｌ,水源涵養,0,140.651647,41.944593
None,カラマツ,水涵保,None,渡島,2092,か,2.85,None,七飯町,None,他Ｌ,水源涵養,0,140.652768,41.942197
None,トドマツ,水涵保,None,渡島,2092,お,0.87,None,七飯町,None,他Ｌ,水源涵養,0,140.652147,41.942204
None,ダケカンバ,水涵保,None,渡島,2092,ふ,5.55,None,七飯町,イタヤカエデ,他Ｌ,水源涵養,0,140.651624,41.94237
None,スギ,水涵保,None,渡島,2092,た,3.04,None,七飯町,None,None,水源涵養,0,140.650235,41.943659
None,トドマツ,水涵保,None,渡島,2092,そ,4.16,None,七飯町,None,トドマツ,水源涵養,0,140.648925,41.943643
None,スギ,水涵保,None,渡島,2092,た,3.04,None,七飯町,None,None,水源涵養,0,140.650251,41.942518
None,ヤチダモ,水涵保,None,渡島,2092,け,1.26,None,七飯町,None,他Ｌ,水源涵養,0,140.649287,41.942827
None,トドマツ,水涵保,None,渡島,2092,の,0.94,None,七飯町,None,トドマツ,水源涵養,0,140.649122,41.942288
None,スギ,水涵保,None,渡島,2092,み,2.72,None,七飯町,None,None,水源涵養,0,140.648796,41.946443
None,スギ,水涵保,None,渡島,2092,み,2.72,None,七飯町,None,None,水源涵養,0,140.647376,41.946365
None,ミズナラ,水涵保,None,渡島,2092,し,0.98,None,七飯町,None,None,水源涵養,0,140.648074,41.945801
None,スギ,水涵保,None,渡島,2092,な,1.08,None,七飯町,None,None,水源涵養,0,140.645537,41.94667
None,スギ,水涵保,None,渡島,2092,こ,1.08,None,七飯町,None,None,水源涵養,0,140.645804,41.945796
None,トドマツ,水涵保,None,渡島,2092,そ,4.16,None,七飯町,None,トドマツ,水源涵養,0,140.647552,41.945072
None,None,水涵保,None,渡島,2092,ロ,1.14,None,七飯町,None,None,水源涵養,0,140.651611,41.941661
None,カラマツ,水涵保,None,渡島,2092,つ,6.4,None,七飯町,None,イタヤカエデ,水源涵養,0,140.647544,41.943285
None,スギ,水涵保,None,渡島,2092,き,0.96,None,七飯町,None,None,水源涵養,0,140.646325,41.944277
None,ダケカンバ,水涵保,None,渡島,2092,ふ,5.55,None,七飯町,イタヤカエデ,他Ｌ,水源涵養,0,140.646617,41.943248
None,None,None,None,渡島,2091,イ,1.89,None,七飯町,None,None,水源涵養,0,140.644057,41.951798
None,トドマツ,水涵保,None,渡島,2092,ま,0.18,None,七飯町,None,None,水源涵養,0,140.644815,41.950204
None,ミズナラ,水涵保,None,渡島,2091,へ,20.31,None,七飯町,ブナ,イタヤカエデ,水源涵養,0,140.643691,41.951315
None,None,水涵保,None,渡島,2091,ロ,1.62,None,七飯町,None,None,水源涵養,0,140.643069,41.952562
None,None,水涵保,None,渡島,2091,ロ,1.62,None,七飯町,None,None,水源涵養,0,140.642409,41.952458
None,スギ,水涵保,None,渡島,2092,て,0.04,None,七飯町,None,None,水源涵養,0,140.644459,41.947576
None,ミズナラ,水涵保,None,渡島,2091,へ,20.31,None,七飯町,ブナ,イタヤカエデ,水源涵養,0,140.640586,41.952306
None,トドマツ,水涵保,None,渡島,2091,ろ,0.96,None,七飯町,None,他Ｌ,水源涵養,0,140.633966,41.962866
None,None,None,None,渡島,2139,イ,1.29,None,七飯町,None,None,森林空間利用,0,140.634121,41.962418
None,None,None,None,渡島,2139,ハ,0.7,None,七飯町,None,None,森林空間利用,0,140.634734,41.961299
None,None,水涵保,None,渡島,2091,ロ,1.62,None,七飯町,None,None,水源涵養,0,140.634497,41.96171
None,None,水涵保,None,渡島,2091,ロ,1.62,None,七飯町,None,None,水源涵養,0,140.634175,41.961465
None,None,None,None,渡島,2091,イ,1.89,None,七飯町,None,None,水源涵養,0,140.63425,41.96181
None,コバノヤマハンノキ,水涵保,None,渡島,2091,は,1.12,None,七飯町,None,他Ｌ,水源涵養,0,140.633795,41.961314
None,None,None,None,渡島,2139,ハ,0.7,None,七飯町,None,None,森林空間利用,0,140.635607,41.959338
None,None,None,None,渡島,2139,ハ,0.7,None,七飯町,None,None,森林空間利用,0,140.635351,41.959006
None,None,水涵保,None,渡島,2091,ロ,1.62,None,七飯町,None,None,水源涵養,0,140.635152,41.959236
None,None,None,None,渡島,2139,イ,1.29,None,七飯町,None,None,森林空間利用,0,140.635491,41.959076
None,None,None,None,渡島,2091,イ,1.89,None,七飯町,None,None,水源涵養,0,140.635588,41.958581
None,カラマツ,水涵保,None,渡島,2091,に,7.74,None,七飯町,None,他Ｌ,水源涵養,0,140.634677,41.958413
None,他Ｌ,風致保,None,渡島,2141,ぬ,2.95,None,七飯町,None,トドマツ,森林空間利用,0,140.632872,41.963301
None,トドマツ,水涵保,None,渡島,2091,ろ,0.96,None,七飯町,None,他Ｌ,水源涵養,0,140.633151,41.962411
None,ミズナラ,水涵保,None,渡島,2091,へ,20.31,None,七飯町,ブナ,イタヤカエデ,水源涵養,0,140.633188,41.961476
None,ミズナラ,風致保,None,渡島,2139,へ,77.27,None,七飯町,他Ｌ,イタヤカエデ,森林空間利用,0,140.636094,41.957276
None,None,None,None,渡島,2139,ハ,0.7,None,七飯町,None,None,森林空間利用,0,140.635995,41.957694
None,None,None,None,渡島,2139,ハ,0.7,None,七飯町,None,None,森林空間利用,0,140.636751,41.956454
None,ダケカンバ,水涵保,None,渡島,2092,ふ,5.55,None,七飯町,イタヤカエデ,他Ｌ,水源涵養,0,140.651757,41.941826
None,トドマツ,水涵保,None,渡島,2092,お,0.87,None,七飯町,None,他Ｌ,水源涵養,0,140.652079,41.941549
None,カラマツ,水涵保,None,渡島,2092,よ,0.56,None,七飯町,None,イタヤカエデ,水源涵養,0,140.652386,41.941034
None,トドマツ,水涵保,None,渡島,2092,お,0.87,None,七飯町,None,他Ｌ,水源涵養,0,140.651429,41.941579
None,ダケカンバ,水涵保,None,渡島,2092,ふ,5.55,None,七飯町,イタヤカエデ,他Ｌ,水源涵養,0,140.651648,41.941265
None,トドマツ,水涵保,None,渡島,2092,や,1.31,None,七飯町,None,None,水源涵養,0,140.649456,41.941376
None,カラマツ,水涵保,None,渡島,2092,れ,1.19,None,七飯町,None,他Ｌ,水源涵養,0,140.648449,41.941909
