A45_031,A45_015,A45_028,A45_029,A45_009,A45_004,A45_010,A45_027,A45_030,A45_014,A45_021,A45_018,A45_026,A45_007,center_lng,center_lat
None,他Ｌ,水涵保,None,渡島,352,は,38.48,None,八雲町,ダケカンバ,ミズナラ,水源涵養,0,140.222525,42.385689
None,トドマツ,水涵保,None,渡島,351,ち,2.7,None,八雲町,None,None,水源涵養,0,140.225,42.382807
None,None,None,None,渡島,352,イ,0.94,None,八雲町,None,None,水源涵養,0,140.222102,42.390949
None,他Ｌ,水涵保,None,渡島,352,に,26.69,None,八雲町,ダケカンバ,ミズナラ,自然維持,0,140.216712,42.391868
None,ダケカンバ,水涵保,None,渡島,352,ろ,2.84,None,八雲町,None,他Ｌ,水源涵養,0,140.220226,42.390458
None,ダケカンバ,水涵保,None,渡島,352,ほ,2.84,None,八雲町,None,他Ｌ,水源涵養,0,140.218984,42.388698
None,他Ｌ,水涵保,None,渡島,352,は,38.48,None,八雲町,ダケカンバ,ミズナラ,水源涵養,0,140.215592,42.389306
None,ダケカンバ,水涵保,None,渡島,352,ほ,2.84,None,八雲町,None,他Ｌ,水源涵養,0,140.217773,42.389448
None,トドマツ,水涵保,None,渡島,352,い,2.07,None,八雲町,None,None,水源涵養,0,140.219599,42.386979
None,トドマツ,水涵保,None,渡島,351,ほ,15.9,None,八雲町,None,None,水源涵養,0,140.21873,42.385268
None,ミズナラ,水涵保,None,渡島,351,り,13.79,None,八雲町,ダケカンバ,他Ｌ,水源涵養,0,140.223628,42.382434
None,トドマツ,水涵保,None,渡島,351,へ,4.12,None,八雲町,None,None,水源涵養,0,140.220509,42.382996
None,ミズナラ,水涵保,None,渡島,351,り,13.79,None,八雲町,ダケカンバ,他Ｌ,水源涵養,0,140.217552,42.385301
None,トドマツ,水涵保,None,渡島,351,ほ,15.9,None,八雲町,None,None,水源涵養,0,140.217329,42.386693
None,トドマツ,水涵保,None,渡島,351,ぬ,0.5,None,八雲町,None,None,水源涵養,0,140.215877,42.387445
None,ミズナラ,水涵保,None,渡島,351,り,13.79,None,八雲町,ダケカンバ,他Ｌ,水源涵養,0,140.216618,42.385864
None,トドマツ,水涵保,None,渡島,351,に,3.44,None,八雲町,None,None,水源涵養,0,140.215813,42.385371
None,None,None,None,渡島,351,ロ,0.72,None,八雲町,None,None,水源涵養,0,140.218505,42.386789
None,トドマツ,水涵保,None,渡島,351,に,3.44,None,八雲町,None,None,水源涵養,0,140.218175,42.384416
None,ミズナラ,水涵保,None,渡島,351,り,13.79,None,八雲町,ダケカンバ,他Ｌ,水源涵養,0,140.218504,42.383533
None,トドマツ,水涵保,None,渡島,351,は,8.14,None,八雲町,None,None,水源涵養,0,140.215133,42.384104
None,他Ｌ,水涵保,None,渡島,349,る,8.71,None,八雲町,シナノキ,ミズナラ,水源涵養,0,140.228445,42.374658
None,トドマツ,水涵保,None,渡島,351,と,3.47,None,八雲町,None,None,水源涵養,0,140.223233,42.381467
None,トドマツ,水涵保,None,渡島,351,ろ,1.01,None,八雲町,None,None,水源涵養,0,140.22151,42.381209
None,トドマツ,水涵保,None,渡島,351,い,1.42,None,八雲町,None,None,水源涵養,0,140.222065,42.380731
None,トドマツ,水涵保,None,渡島,350,ほ,2.41,None,八雲町,None,None,水源涵養,0,140.219988,42.380937
None,トドマツ,水涵保,None,渡島,350,り,0.62,None,八雲町,None,None,水源涵養,0,140.221978,42.379791
None,トドマツ,水涵保,None,渡島,350,に,3.08,None,八雲町,None,None,水源涵養,0,140.221525,42.37874
None,トドマツ,水涵保,None,渡島,350,は,2.67,None,八雲町,None,ダケカンバ,水源涵養,0,140.220963,42.3799
None,ミズナラ,水涵保,None,渡島,350,と,2.99,None,八雲町,他Ｌ,ダケカンバ,水源涵養,0,140.216583,42.379305
None,ミズナラ,水涵保,None,渡島,350,と,2.99,None,八雲町,他Ｌ,ダケカンバ,水源涵養,0,140.219036,42.381567
None,トドマツ,水涵保,None,渡島,350,い,13.29,None,八雲町,None,None,水源涵養,0,140.217692,42.381167
None,トドマツ,水涵保,None,渡島,350,へ,1.59,None,八雲町,None,ダケカンバ,水源涵養,0,140.217931,42.379072
None,ダケカンバ,水涵保,None,渡島,350,ぬ,2.49,None,八雲町,None,トドマツ,水源涵養,0,140.218486,42.377194
None,トドマツ,水涵保,None,渡島,350,ろ,13.71,None,八雲町,None,None,水源涵養,0,140.216061,42.377585
None,他Ｌ,水涵保,None,渡島,350,ち,10.14,None,八雲町,シナノキ,ミズナラ,水源涵養,0,140.222548,42.37757
None,トドマツ,水涵保,None,渡島,349,よ,2.92,None,八雲町,None,ダケカンバ,水源涵養,0,140.220041,42.375007
None,ミズナラ,水涵保,None,渡島,350,る,7.66,None,八雲町,他Ｌ,ダケカンバ,水源涵養,0,140.217504,42.377293
None,アカエゾマツ,水涵保,None,渡島,349,か,0.72,None,八雲町,None,None,水源涵養,0,140.218132,42.375032
None,ダケカンバ,水涵保,None,渡島,349,ろ,7.52,None,八雲町,トドマツ,他Ｌ,水源涵養,0,140.217496,42.374566
None,トドマツ,水涵保,None,渡島,349,た,1.14,None,八雲町,None,ダケカンバ,水源涵養,0,140.219063,42.374183
None,トドマツ,水涵保,None,渡島,349,わ,1.72,None,八雲町,None,None,水源涵養,0,140.217333,42.373849
None,トドマツ,水涵保,None,渡島,349,れ,0.32,None,八雲町,None,None,水源涵養,0,140.218675,42.372908
None,トドマツ,水涵保,None,渡島,349,そ,0.89,None,八雲町,None,None,水源涵養,0,140.218615,42.372231
None,ダケカンバ,水涵保,None,渡島,349,ろ,7.52,None,八雲町,トドマツ,他Ｌ,水源涵養,0,140.217842,42.373005
None,トドマツ,水涵保,None,渡島,349,ね,1.33,None,八雲町,None,None,水源涵養,0,140.215987,42.374203
None,ミズナラ,水涵保,None,渡島,349,に,16.01,None,八雲町,ダケカンバ,他Ｌ,水源涵養,0,140.227651,42.363253
None,他Ｌ,水涵保,None,渡島,349,へ,1.2,None,八雲町,イタヤカエデ,ミズナラ,水源涵養,0,140.219221,42.370364
None,他Ｌ,水涵保,None,渡島,349,ほ,5.81,None,八雲町,ダケカンバ,ミズナラ,水源涵養,0,140.221161,42.368293
None,他Ｌ,水涵保,None,渡島,349,と,2.1,None,八雲町,ダケカンバ,ミズナラ,水源涵養,0,140.217849,42.370685
None,トドマツ,水涵保,None,渡島,349,い,2.03,None,八雲町,None,None,水源涵養,0,140.218771,42.369228
None,他Ｌ,水涵保,None,渡島,348,に,33.39,None,八雲町,イタヤカエデ,ミズナラ,水源涵養,0,140.223672,42.355938
None,トドマツ,水涵保,None,渡島,348,は,12.69,None,八雲町,None,None,水源涵養,0,140.219166,42.359669
None,他Ｌ,水涵保,None,渡島,348,に,33.39,None,八雲町,イタヤカエデ,ミズナラ,水源涵養,0,140.220142,42.359003
None,他Ｌ,水涵保,None,渡島,348,に,33.39,None,八雲町,イタヤカエデ,ミズナラ,水源涵養,0,140.22198,42.356755
None,None,None,None,渡島,348,イ,2.22,None,八雲町,None,None,水源涵養,0,140.221672,42.356764
None,トドマツ,水涵保,None,渡島,348,は,12.69,None,八雲町,None,None,水源涵養,0,140.215959,42.360112
None,ダケカンバ,水涵保,None,渡島,348,ろ,5.16,None,八雲町,None,カラマツ,水源涵養,0,140.216933,42.357872
None,トドマツ,水涵保,None,渡島,348,い,7.98,None,八雲町,None,None,水源涵養,0,140.222869,42.354917
None,他Ｌ,水涵保,None,渡島,348,に,33.39,None,八雲町,イタヤカエデ,ミズナラ,水源涵養,0,140.219715,42.354901
None,トドマツ,水涵保,None,渡島,352,い,2.07,None,八雲町,None,None,水源涵養,0,140.214274,42.388639
None,ミズナラ,水涵保,None,渡島,351,り,13.79,None,八雲町,ダケカンバ,他Ｌ,水源涵養,0,140.212616,42.385813
None,None,水涵保,None,渡島,351,イ,3.6,None,八雲町,None,None,自然維持,0,140.211575,42.384934
None,トドマツ,水涵保,None,渡島,350,い,13.29,None,八雲町,None,None,水源涵養,0,140.214326,42.38318
None,他Ｌ,土流保,None,渡島,341,か,15.58,None,八雲町,ダケカンバ,ミズナラ,自然維持,0,140.208832,42.384994
None,トドマツ,土流保,None,渡島,341,に,2.0,None,八雲町,None,None,山地災害防止（土砂）,0,140.205035,42.385208
None,トドマツ,土流保,None,渡島,341,ほ,1.67,None,八雲町,None,None,山地災害防止（土砂）,0,140.204748,42.38349
None,ミズナラ,土流保,None,渡島,341,わ,23.07,None,八雲町,ダケカンバ,他Ｌ,山地災害防止（土砂）,2,140.19964,42.382761
None,ミズナラ,水涵保,None,渡島,350,る,7.66,None,八雲町,他Ｌ,ダケカンバ,水源涵養,0,140.215472,42.381122
None,ミズナラ,水涵保,None,渡島,350,る,7.66,None,八雲町,他Ｌ,ダケカンバ,水源涵養,0,140.214134,42.381585
None,None,None,None,渡島,350,ロ,0.94,None,八雲町,None,None,水源涵養,0,140.213453,42.380014
None,None,水涵保,None,渡島,350,イ,16.2,None,八雲町,None,None,自然維持,0,140.212123,42.382027
None,ミズナラ,水涵保,None,渡島,350,る,7.66,None,八雲町,他Ｌ,ダケカンバ,水源涵養,0,140.214378,42.377246
None,ミズナラ,水涵保,None,渡島,350,る,7.66,None,八雲町,他Ｌ,ダケカンバ,水源涵養,0,140.211514,42.377352
None,他Ｌ,土流保,None,渡島,342,る,15.18,None,八雲町,ミズナラ,ダケカンバ,自然維持,0,140.208943,42.381128
None,None,水涵保,None,渡島,349,イ,0.98,None,八雲町,None,None,自然維持,0,140.209486,42.377188
None,他Ｌ,水涵保,None,渡島,349,ぬ,2.9,None,八雲町,ブナ,ダケカンバ,水源涵養,0,140.214046,42.374434
None,None,None,None,渡島,349,ロ,0.48,None,八雲町,None,None,水源涵養,0,140.209907,42.375256
None,トドマツ,水涵保,None,渡島,349,は,14.5,None,八雲町,None,None,水源涵養,0,140.212817,42.375793
None,ダケカンバ,水涵保,None,渡島,349,り,4.4,None,八雲町,ミズナラ,他Ｌ,水源涵養,0,140.212737,42.372179
None,カラマツ,水涵保,None,渡島,349,ち,17.26,None,八雲町,None,他Ｌ,水源涵養,0,140.211989,42.373115
None,他Ｌ,水涵保,None,渡島,349,ぬ,2.9,None,八雲町,ブナ,ダケカンバ,水源涵養,0,140.21094,42.376577
None,ダケカンバ,水涵保,None,渡島,349,つ,1.53,None,八雲町,None,None,水源涵養,0,140.209742,42.376415
None,ダケカンバ,水涵保,None,渡島,349,つ,1.53,None,八雲町,None,None,水源涵養,0,140.208662,42.376214
None,ダケカンバ,土流保,None,渡島,342,わ,2.61,None,八雲町,None,None,山地災害防止（土砂）,0,140.208134,42.37697
None,ダケカンバ,土流保,None,渡島,344,た,1.48,None,八雲町,None,None,山地災害防止（土砂）,0,140.208045,42.375516
None,他Ｌ,土流保,None,渡島,344,り,22.09,None,八雲町,イタヤカエデ,ブナ,山地災害防止（土砂）,0,140.207438,42.374531
None,ダケカンバ,水涵保,None,渡島,349,り,4.4,None,八雲町,ミズナラ,他Ｌ,水源涵養,0,140.210631,42.3721
None,トドマツ,土流保,None,渡島,342,は,2.16,None,八雲町,None,None,山地災害防止（土砂）,0,140.205994,42.379926
None,トドマツ,土流保,None,渡島,342,ろ,2.62,None,八雲町,None,None,山地災害防止（土砂）,0,140.205808,42.378273
None,他Ｌ,土流保,None,渡島,342,ぬ,25.76,None,八雲町,ミズナラ,ダケカンバ,山地災害防止（土砂）,2,140.204199,42.381266
None,他Ｌ,土流保,None,渡島,342,か,2.0,None,八雲町,ダケカンバ,ミズナラ,山地災害防止（土砂）,0,140.203522,42.382243
None,トドマツ,土流保,None,渡島,342,ち,2.08,None,八雲町,None,None,山地災害防止（土砂）,0,140.202553,42.381519
None,トドマツ,土流保,None,渡島,341,は,2.25,None,八雲町,None,None,山地災害防止（土砂）,0,140.200333,42.381674
None,トドマツ,土流保,None,渡島,342,と,1.16,None,八雲町,None,None,山地災害防止（土砂）,0,140.20095,42.381252
None,他Ｌ,土流保,None,渡島,342,か,2.0,None,八雲町,ダケカンバ,ミズナラ,山地災害防止（土砂）,0,140.200272,42.38039
None,トドマツ,土流保,None,渡島,342,に,0.25,None,八雲町,None,None,山地災害防止（土砂）,0,140.202442,42.378394
None,トドマツ,土流保,None,渡島,342,い,4.88,None,八雲町,None,None,山地災害防止（土砂）,0,140.203167,42.377333
None,トドマツ,土流保,None,渡島,342,へ,4.9,None,八雲町,None,None,山地災害防止（土砂）,0,140.201382,42.378918
None,ダケカンバ,土流保,None,渡島,342,た,1.29,None,八雲町,None,他Ｌ,山地災害防止（土砂）,0,140.205847,42.37585
None,他Ｌ,土流保,None,渡島,344,り,22.09,None,八雲町,イタヤカエデ,ブナ,山地災害防止（土砂）,0,140.206785,42.374911
None,他Ｌ,土流保,None,渡島,344,ち,2.55,None,八雲町,イタヤカエデ,ブナ,山地災害防止（土砂）,0,140.205943,42.374687
None,他Ｌ,土流保,None,渡島,342,ぬ,1.21,None,八雲町,ダケカンバ,ミズナラ,山地災害防止（土砂）,1,140.20357,42.376272
None,ダケカンバ,土流保,None,渡島,344,ら,2.42,None,八雲町,None,他Ｌ,山地災害防止（土砂）,0,140.205651,42.373524
None,トドマツ,土流保,None,渡島,344,れ,0.68,None,八雲町,None,None,山地災害防止（土砂）,0,140.205761,42.372273
None,他Ｌ,土流保,None,渡島,344,り,22.09,None,八雲町,イタヤカエデ,ブナ,山地災害防止（土砂）,0,140.20466,42.373152
None,ダケカンバ,土流保,None,渡島,344,う,3.24,None,八雲町,None,他Ｌ,山地災害防止（土砂）,0,140.203735,42.373804
None,None,土流保,None,渡島,344,ハ,1.25,None,八雲町,None,None,山地災害防止（土砂）,0,140.207056,42.374014
None,他Ｌ,土流保,None,渡島,344,ち,2.55,None,八雲町,イタヤカエデ,ブナ,山地災害防止（土砂）,0,140.203541,42.372755
None,ダケカンバ,土流保,None,渡島,344,む,0.41,None,八雲町,None,他Ｌ,山地災害防止（土砂）,0,140.203819,42.372329
None,トドマツ,土流保,None,渡島,343,ね,1.27,None,八雲町,None,None,山地災害防止（土砂）,0,140.203371,42.37522
None,ダケカンバ,土流保,None,渡島,343,れ,3.16,None,八雲町,イタヤカエデ,他Ｌ,山地災害防止（土砂）,1,140.202266,42.375681
None,トドマツ,土流保,None,渡島,343,い,4.57,None,八雲町,None,None,山地災害防止（土砂）,0,140.200868,42.374639
None,ダケカンバ,土流保,None,渡島,343,な,0.99,None,八雲町,None,ダケカンバ,山地災害防止（土砂）,0,140.20291,42.374057
None,ダケカンバ,土流保,None,渡島,343,れ,3.16,None,八雲町,イタヤカエデ,他Ｌ,山地災害防止（土砂）,1,140.201884,42.373759
None,ダケカンバ,土流保,None,渡島,343,そ,0.14,None,八雲町,None,他Ｌ,山地災害防止（土砂）,0,140.202004,42.373095
None,ダケカンバ,土流保,None,渡島,344,な,0.62,None,八雲町,None,他Ｌ,山地災害防止（土砂）,0,140.202961,42.372922
None,トドマツ,土流保,None,渡島,344,の,0.42,None,八雲町,None,None,山地災害防止（土砂）,0,140.202278,42.372719
None,トドマツ,土流保,None,渡島,344,い,10.52,None,八雲町,None,ダケカンバ,山地災害防止（土砂）,0,140.202219,42.372135
None,トドマツ,土流保,None,渡島,343,つ,0.38,None,八雲町,None,None,山地災害防止（土砂）,0,140.201426,42.372826
None,他Ｌ,土流保,None,渡島,344,り,22.09,None,八雲町,イタヤカエデ,ブナ,山地災害防止（土砂）,0,140.200977,42.371964
None,トドマツ,土流保,None,渡島,343,へ,1.74,None,八雲町,None,None,山地災害防止（土砂）,0,140.200449,42.372678
None,トドマツ,土流保,None,渡島,343,と,0.66,None,八雲町,None,None,山地災害防止（土砂）,0,140.200092,42.371706
None,トドマツ,土流保,None,渡島,343,と,0.66,None,八雲町,None,None,山地災害防止（土砂）,0,140.199347,42.371775
None,None,土流保,None,渡島,341,ハ,0.85,None,八雲町,None,None,山地災害防止（土砂）,0,140.197261,42.381713
None,ダケカンバ,土流保,None,渡島,341,そ,1.48,None,八雲町,None,None,山地災害防止（土砂）,0,140.194315,42.382466
None,ミズナラ,土流保,None,渡島,341,つ,2.38,None,八雲町,ダケカンバ,他Ｌ,山地災害防止（土砂）,0,140.197315,42.382073
None,ダケカンバ,土流保,None,渡島,341,な,0.58,None,八雲町,None,None,山地災害防止（土砂）,0,140.19841,42.38223
None,トドマツ,土流保,None,渡島,341,ぬ,3.64,None,八雲町,None,None,山地災害防止（土砂）,0,140.197661,42.381502
None,トドマツ,土流保,None,渡島,341,は,2.25,None,八雲町,None,None,山地災害防止（土砂）,0,140.198556,42.380655
None,ミズナラ,土流保,None,渡島,341,わ,23.07,None,八雲町,ダケカンバ,他Ｌ,山地災害防止（土砂）,2,140.198395,42.380252
None,トドマツ,土流保,None,渡島,341,ぬ,3.64,None,八雲町,None,None,山地災害防止（土砂）,0,140.197489,42.38225
None,トドマツ,土流保,None,渡島,341,ぬ,3.64,None,八雲町,None,None,山地災害防止（土砂）,0,140.196562,42.381543
None,ミズナラ,土流保,None,渡島,341,わ,23.07,None,八雲町,ダケカンバ,他Ｌ,山地災害防止（土砂）,2,140.196688,42.380123
None,None,土流保,None,渡島,342,イ,0.36,None,八雲町,None,None,山地災害防止（土砂）,0,140.196577,42.377172
None,他Ｌ,土流保,None,渡島,342,ぬ,25.76,None,八雲町,ミズナラ,ダケカンバ,山地災害防止（土砂）,2,140.198069,42.378639
None,トドマツ,土流保,None,渡島,342,ほ,0.72,None,八雲町,None,None,山地災害防止（土砂）,0,140.198875,42.378081
None,トドマツ,土流保,None,渡島,342,り,2.72,None,八雲町,None,None,山地災害防止（土砂）,0,140.199698,42.377391
None,ミズナラ,土流保,None,渡島,341,つ,2.38,None,八雲町,ダケカンバ,他Ｌ,山地災害防止（土砂）,0,140.194765,42.380479
None,ダケカンバ,土流保,None,渡島,341,そ,1.48,None,八雲町,None,None,山地災害防止（土砂）,0,140.193919,42.381596
None,トドマツ,土流保,None,渡島,341,り,2.2,None,八雲町,None,None,山地災害防止（土砂）,0,140.194653,42.381135
None,ダケカンバ,土流保,None,渡島,341,そ,1.48,None,八雲町,None,None,山地災害防止（土砂）,0,140.19318,42.380943
None,他Ｌ,土流保,None,渡島,341,わ,5.13,None,八雲町,ダケカンバ,ミズナラ,山地災害防止（土砂）,1,140.192984,42.380591
None,トドマツ,土流保,None,渡島,341,れ,0.45,None,八雲町,None,ダケカンバ,山地災害防止（土砂）,0,140.192706,42.380029
None,トドマツ,土流保,None,渡島,341,ち,0.53,None,八雲町,None,None,山地災害防止（土砂）,0,140.195689,42.379418
None,トドマツ,土流保,None,渡島,341,と,0.7,None,八雲町,None,None,山地災害防止（土砂）,0,140.194726,42.379316
None,トドマツ,土流保,None,渡島,341,へ,0.59,None,八雲町,None,None,山地災害防止（土砂）,0,140.193927,42.378428
None,トドマツ,土流保,None,渡島,341,る,2.88,None,八雲町,None,None,山地災害防止（土砂）,0,140.195836,42.3779
None,トドマツ,土流保,None,渡島,341,れ,0.45,None,八雲町,None,ダケカンバ,山地災害防止（土砂）,0,140.192919,42.379723
None,トドマツ,土流保,None,渡島,341,ね,0.3,None,八雲町,None,None,山地災害防止（土砂）,0,140.19271,42.378527
None,ダケカンバ,土流保,None,渡島,340,つ,0.4,None,八雲町,None,トドマツ,山地災害防止（土砂）,0,140.192297,42.379284
None,ダケカンバ,土流保,None,渡島,340,つ,0.4,None,八雲町,None,トドマツ,山地災害防止（土砂）,0,140.192002,42.379598
None,トドマツ,土流保,None,渡島,342,よ,2.37,None,八雲町,None,None,山地災害防止（土砂）,0,140.198083,42.376445
None,トドマツ,土流保,None,渡島,343,わ,0.51,None,八雲町,None,None,山地災害防止（土砂）,0,140.196063,42.376348
None,トドマツ,土流保,None,渡島,343,に,0.21,None,八雲町,None,None,山地災害防止（土砂）,0,140.198807,42.375868
None,トドマツ,土流保,None,渡島,343,ろ,1.15,None,八雲町,None,None,山地災害防止（土砂）,0,140.196862,42.375982
None,トドマツ,土流保,None,渡島,343,は,2.33,None,八雲町,None,None,山地災害防止（土砂）,0,140.198191,42.375028
None,トドマツ,土流保,None,渡島,343,ち,1.64,None,八雲町,None,None,山地災害防止（土砂）,0,140.19869,42.371795
None,トドマツ,土流保,None,渡島,343,ほ,2.95,None,八雲町,None,None,山地災害防止（土砂）,0,140.197257,42.374186
None,ダケカンバ,土流保,None,渡島,343,れ,13.6,None,八雲町,イタヤカエデ,他Ｌ,山地災害防止（土砂）,2,140.196522,42.372597
None,トドマツ,土流保,None,渡島,341,た,0.05,None,八雲町,None,None,山地災害防止（土砂）,0,140.195339,42.376989
None,他Ｌ,土流保,None,渡島,341,わ,5.13,None,八雲町,ダケカンバ,ミズナラ,山地災害防止（土砂）,1,140.193775,42.377328
None,他Ｌ,土流保,None,渡島,341,わ,5.13,None,八雲町,ダケカンバ,ミズナラ,山地災害防止（土砂）,1,140.194353,42.376209
None,ダケカンバ,土流保,None,渡島,343,た,3.31,None,八雲町,イタヤカエデ,他Ｌ,山地災害防止（土砂）,0,140.194621,42.374875
None,トドマツ,土流保,None,渡島,341,よ,0.19,None,八雲町,None,None,山地災害防止（土砂）,0,140.193902,42.37541
None,トドマツ,土流保,None,渡島,340,り,1.92,None,八雲町,None,None,山地災害防止（土砂）,0,140.192356,42.376571
None,None,None,None,渡島,341,イ,0.73,None,八雲町,None,None,山地災害防止（土砂）,0,140.193602,42.375346
None,トドマツ,土流保,None,渡島,341,ろ,0.65,None,八雲町,None,None,山地災害防止（土砂）,0,140.193025,42.375697
None,トドマツ,土流保,None,渡島,340,ち,0.77,None,八雲町,None,None,山地災害防止（土砂）,0,140.191954,42.374982
None,トドマツ,土流保,None,渡島,343,り,1.06,None,八雲町,None,None,山地災害防止（土砂）,0,140.194143,42.373063
None,トドマツ,土流保,None,渡島,343,り,1.06,None,八雲町,None,None,山地災害防止（土砂）,0,140.194707,42.372531
None,トドマツ,土流保,None,渡島,344,る,0.25,None,八雲町,None,None,山地災害防止（土砂）,0,140.195012,42.372286
None,None,None,None,渡島,343,イ,0.6,None,八雲町,None,None,山地災害防止（土砂）,0,140.194122,42.372382
None,ダケカンバ,土流保,None,渡島,343,た,3.31,None,八雲町,イタヤカエデ,他Ｌ,山地災害防止（土砂）,0,140.193786,42.372577
None,ダケカンバ,土流保,None,渡島,343,た,3.31,None,八雲町,イタヤカエデ,他Ｌ,山地災害防止（土砂）,0,140.19337,42.371918
None,他Ｌ,土流保,None,渡島,341,わ,5.13,None,八雲町,ダケカンバ,ミズナラ,山地災害防止（土砂）,1,140.193607,42.37453
None,トドマツ,土流保,None,渡島,341,い,0.28,None,八雲町,None,None,山地災害防止（土砂）,0,140.192598,42.373806
None,None,None,None,渡島,341,ロ,0.05,None,八雲町,None,None,山地災害防止（土砂）,0,140.19225,42.373187
None,他Ｌ,土流保,None,渡島,341,わ,5.13,None,八雲町,ダケカンバ,ミズナラ,山地災害防止（土砂）,1,140.192145,42.372938
None,トドマツ,土流保,None,渡島,343,ぬ,1.18,None,八雲町,None,None,山地災害防止（土砂）,0,140.192358,42.372148
None,他Ｌ,土流保,None,渡島,340,ね,35.03,None,八雲町,ダケカンバ,トドマツ,山地災害防止（土砂）,0,140.190721,42.379781
None,トドマツ,土流保,None,渡島,340,る,0.52,None,八雲町,None,None,山地災害防止（土砂）,0,140.190989,42.379147
None,トドマツ,土流保,None,渡島,340,そ,1.73,None,八雲町,None,None,山地災害防止（土砂）,0,140.190335,42.379344
None,トドマツ,土流保,None,渡島,340,そ,1.73,None,八雲町,None,None,山地災害防止（土砂）,0,140.189971,42.37955
None,トドマツ,土流保,None,渡島,340,そ,1.73,None,八雲町,None,None,山地災害防止（土砂）,0,140.190173,42.37856
None,トドマツ,土流保,None,渡島,340,ぬ,1.73,None,八雲町,None,None,山地災害防止（土砂）,0,140.190959,42.377559
None,ダケカンバ,土流保,None,渡島,340,れ,1.05,None,八雲町,None,None,山地災害防止（土砂）,0,140.189331,42.378888
None,ダケカンバ,土流保,None,渡島,340,れ,1.05,None,八雲町,None,None,山地災害防止（土砂）,0,140.18884,42.378962
None,他Ｌ,土流保,None,渡島,340,ね,35.03,None,八雲町,ダケカンバ,トドマツ,山地災害防止（土砂）,0,140.189615,42.378849
None,トドマツ,土流保,None,渡島,340,そ,1.73,None,八雲町,None,None,山地災害防止（土砂）,0,140.188257,42.378704
None,トドマツ,土流保,None,渡島,340,た,0.45,None,八雲町,None,None,山地災害防止（土砂）,0,140.188084,42.378465
None,トドマツ,土流保,None,渡島,340,た,0.45,None,八雲町,None,None,山地災害防止（土砂）,0,140.188465,42.378337
None,トドマツ,土流保,None,渡島,340,よ,5.27,None,八雲町,None,None,山地災害防止（土砂）,0,140.18776,42.376956
None,他Ｌ,土流保,None,渡島,340,ね,35.03,None,八雲町,ダケカンバ,トドマツ,山地災害防止（土砂）,0,140.187645,42.378446
None,他Ｌ,土流保,None,渡島,340,ね,35.03,None,八雲町,ダケカンバ,トドマツ,山地災害防止（土砂）,0,140.187108,42.378526
None,トドマツ,土流保,None,渡島,340,た,0.45,None,八雲町,None,None,山地災害防止（土砂）,0,140.187841,42.378134
None,トドマツ,土流保,None,渡島,340,た,0.45,None,八雲町,None,None,山地災害防止（土砂）,0,140.187313,42.378107
None,トドマツ,土流保,None,渡島,340,な,0.5,None,八雲町,None,他Ｌ,山地災害防止（土砂）,0,140.18729,42.377885
None,トドマツ,土流保,None,渡島,340,な,0.5,None,八雲町,None,他Ｌ,山地災害防止（土砂）,0,140.18705,42.377621
None,ダケカンバ,土流保,None,渡島,340,ら,0.63,None,八雲町,None,他Ｌ,山地災害防止（土砂）,0,140.18641,42.378015
None,None,土流保,None,渡島,340,ロ,0.94,None,八雲町,None,None,山地災害防止（土砂）,0,140.186151,42.378007
None,ダケカンバ,土流保,None,渡島,340,ら,0.63,None,八雲町,None,他Ｌ,山地災害防止（土砂）,0,140.186697,42.378514
None,他Ｌ,土流保,None,渡島,340,ね,35.03,None,八雲町,ダケカンバ,トドマツ,山地災害防止（土砂）,0,140.186028,42.377218
None,他Ｌ,土流保,None,渡島,340,ね,35.03,None,八雲町,ダケカンバ,トドマツ,山地災害防止（土砂）,0,140.190194,42.375584
None,トドマツ,土流保,None,渡島,340,と,0.75,None,八雲町,None,None,山地災害防止（土砂）,0,140.190623,42.373729
None,トドマツ,土流保,None,渡島,340,わ,0.1,None,八雲町,None,None,山地災害防止（土砂）,0,140.190555,42.372085
None,トドマツ,土流保,None,渡島,340,へ,0.55,None,八雲町,None,None,山地災害防止（土砂）,0,140.189646,42.372391
None,他Ｌ,土流保,None,渡島,339,つ,49.13,None,八雲町,ダケカンバ,イタヤカエデ,山地災害防止（土砂）,0,140.185142,42.376842
None,他Ｌ,土流保,None,渡島,339,つ,49.13,None,八雲町,ダケカンバ,イタヤカエデ,山地災害防止（土砂）,0,140.184911,42.376846
None,トドマツ,土流保,None,渡島,339,な,3.32,None,八雲町,None,None,山地災害防止（土砂）,0,140.184563,42.375878
None,ダケカンバ,土流保,None,渡島,340,か,3.01,None,八雲町,None,None,山地災害防止（土砂）,0,140.186325,42.373389
None,ダケカンバ,水涵保,None,渡島,349,り,4.4,None,八雲町,ミズナラ,他Ｌ,水源涵養,0,140.208903,42.371419
None,ダケカンバ,水涵保,None,渡島,349,り,4.4,None,八雲町,ミズナラ,他Ｌ,水源涵養,0,140.207494,42.370792
None,トドマツ,水涵保,None,渡島,347,ほ,0.9,None,八雲町,None,None,水源涵養,0,140.213697,42.361637
None,None,None,None,渡島,347,ロ,1.82,None,八雲町,None,None,水源涵養,0,140.212847,42.362384
None,ダケカンバ,水涵保,None,渡島,347,に,3.01,None,八雲町,アカエゾマツ,ダケカンバ,水源涵養,0,140.211716,42.362815
None,ダケカンバ,水涵保,None,渡島,347,に,3.01,None,八雲町,アカエゾマツ,ダケカンバ,水源涵養,0,140.212745,42.362142
None,None,None,None,渡島,347,ロ,1.82,None,八雲町,None,None,水源涵養,0,140.208015,42.364133
None,None,None,None,渡島,345,ニ,1.45,None,八雲町,None,None,山地災害防止（土砂）,0,140.207565,42.364022
None,他Ｌ,水涵保,None,渡島,347,へ,23.89,None,八雲町,ミズナラ,イタヤカエデ,水源涵養,0,140.2112,42.363091
None,ダケカンバ,水涵保,None,渡島,347,に,3.01,None,八雲町,アカエゾマツ,ダケカンバ,水源涵養,0,140.209914,42.362932
None,他Ｌ,水涵保,None,渡島,347,へ,23.89,None,八雲町,ミズナラ,イタヤカエデ,水源涵養,0,140.209903,42.361558
None,ダケカンバ,土流保,None,渡島,344,は,2.75,None,八雲町,None,他Ｌ,山地災害防止（土砂）,0,140.205165,42.370886
None,他Ｌ,土流保,None,渡島,344,り,22.09,None,八雲町,イタヤカエデ,ブナ,山地災害防止（土砂）,0,140.204084,42.369779
None,他Ｌ,土流保,None,渡島,344,り,22.09,None,八雲町,イタヤカエデ,ブナ,山地災害防止（土砂）,0,140.200816,42.371681
None,トドマツ,土流保,None,渡島,344,い,10.52,None,八雲町,None,ダケカンバ,山地災害防止（土砂）,0,140.202366,42.370961
None,トドマツ,土流保,None,渡島,343,か,0.2,None,八雲町,None,ダケカンバ,山地災害防止（土砂）,0,140.200502,42.371594
None,None,土流保,None,渡島,343,ロ,0.3,None,八雲町,None,None,山地災害防止（土砂）,0,140.198457,42.371468
None,ダケカンバ,土流保,None,渡島,344,よ,0.4,None,八雲町,None,トドマツ,山地災害防止（土砂）,0,140.200016,42.371203
None,アカエゾマツ,土流保,None,渡島,344,と,0.63,None,八雲町,None,None,山地災害防止（土砂）,0,140.201768,42.368476
None,他Ｌ,土流保,None,渡島,344,つ,0.84,None,八雲町,イタヤカエデ,ブナ,山地災害防止（土砂）,0,140.201869,42.36777
None,None,土流保,None,渡島,344,ロ,0.32,None,八雲町,None,None,山地災害防止（土砂）,0,140.201027,42.368509
None,トドマツ,土流保,None,渡島,344,そ,0.71,None,八雲町,None,None,山地災害防止（土砂）,0,140.200589,42.367951
None,トドマツ,土流保,None,渡島,344,そ,0.71,None,八雲町,None,None,山地災害防止（土砂）,0,140.201428,42.367558
None,他Ｌ,土流保,None,渡島,345,ら,3.35,None,八雲町,イタヤカエデ,ミズナラ,山地災害防止（土砂）,0,140.201142,42.366915
None,トドマツ,土流保,None,渡島,345,に,2.84,None,八雲町,None,None,山地災害防止（土砂）,0,140.200127,42.366371
None,トドマツ,土流保,None,渡島,345,へ,5.68,None,八雲町,None,None,山地災害防止（土砂）,0,140.206533,42.364331
None,他Ｌ,土流保,None,渡島,345,ら,3.35,None,八雲町,イタヤカエデ,ミズナラ,山地災害防止（土砂）,0,140.207298,42.364221
None,None,None,None,渡島,347,ロ,1.82,None,八雲町,None,None,水源涵養,0,140.206606,42.363846
None,他Ｌ,土流保,None,渡島,345,そ,24.96,None,八雲町,ミズナラ,イタヤカエデ,山地災害防止（土砂）,0,140.205946,42.364319
None,None,None,None,渡島,345,ニ,1.45,None,八雲町,None,None,山地災害防止（土砂）,0,140.203328,42.363992
None,トドマツ,水涵保,None,渡島,347,ち,1.46,None,八雲町,None,None,水源涵養,0,140.20592,42.363269
None,トドマツ,土流保,None,渡島,345,つ,0.04,None,八雲町,None,None,山地災害防止（土砂）,0,140.205384,42.363635
None,他Ｌ,土流保,None,渡島,346,そ,35.17,None,八雲町,ミズナラ,ブナ,山地災害防止（土砂）,0,140.204447,42.363613
None,トドマツ,土流保,None,渡島,346,か,0.45,None,八雲町,None,None,山地災害防止（土砂）,0,140.204063,42.363441
None,他Ｌ,土流保,None,渡島,346,そ,35.17,None,八雲町,ミズナラ,ブナ,山地災害防止（土砂）,0,140.203628,42.363593
None,None,None,None,渡島,346,ハ,0.41,None,八雲町,None,None,山地災害防止（土砂）,0,140.204283,42.362902
None,他Ｌ,水涵保,None,渡島,347,へ,23.89,None,八雲町,ミズナラ,イタヤカエデ,水源涵養,0,140.204178,42.362225
None,トドマツ,水涵保,None,渡島,347,は,1.5,None,八雲町,None,None,水源涵養,0,140.204002,42.361494
None,トドマツ,土流保,None,渡島,345,ほ,1.48,None,八雲町,None,None,山地災害防止（土砂）,0,140.201939,42.365803
None,トドマツ,土流保,None,渡島,345,へ,5.68,None,八雲町,None,None,山地災害防止（土砂）,0,140.202521,42.364474
None,他Ｌ,土流保,None,渡島,345,ら,3.35,None,八雲町,イタヤカエデ,ミズナラ,山地災害防止（土砂）,0,140.203196,42.363754
None,他Ｌ,土流保,None,渡島,345,そ,24.96,None,八雲町,ミズナラ,イタヤカエデ,山地災害防止（土砂）,0,140.202651,42.36373
None,他Ｌ,土流保,None,渡島,345,そ,24.96,None,八雲町,ミズナラ,イタヤカエデ,山地災害防止（土砂）,0,140.20091,42.363922
None,トドマツ,土流保,None,渡島,345,ね,0.5,None,八雲町,None,None,山地災害防止（土砂）,0,140.200109,42.364177
None,他Ｌ,土流保,None,渡島,346,そ,35.17,None,八雲町,ミズナラ,ブナ,山地災害防止（土砂）,0,140.202446,42.363553
None,トドマツ,土流保,None,渡島,346,ほ,0.13,None,八雲町,None,None,山地災害防止（土砂）,0,140.201913,42.36331
None,他Ｌ,土流保,None,渡島,346,そ,35.17,None,八雲町,ミズナラ,ブナ,山地災害防止（土砂）,0,140.202881,42.362708
None,トドマツ,土流保,None,渡島,346,と,1.1,None,八雲町,None,None,山地災害防止（土砂）,0,140.203504,42.361939
None,他Ｌ,土流保,None,渡島,346,れ,5.03,None,八雲町,ミズナラ,ブナ,山地災害防止（土砂）,0,140.202831,42.361559
None,トドマツ,土流保,None,渡島,346,と,1.1,None,八雲町,None,None,山地災害防止（土砂）,0,140.202203,42.360992
None,None,土流保,None,渡島,346,イ,0.12,None,八雲町,None,None,山地災害防止（土砂）,0,140.201886,42.363506
None,他Ｌ,土流保,None,渡島,346,れ,5.03,None,八雲町,ミズナラ,ブナ,山地災害防止（土砂）,0,140.198253,42.363074
None,トドマツ,土流保,None,渡島,346,に,4.84,None,八雲町,None,None,山地災害防止（土砂）,0,140.200408,42.361321
None,他Ｌ,土流保,None,渡島,346,そ,35.17,None,八雲町,ミズナラ,ブナ,山地災害防止（土砂）,0,140.200208,42.362724
None,他Ｌ,土流保,None,渡島,346,れ,5.03,None,八雲町,ミズナラ,ブナ,山地災害防止（土砂）,0,140.199883,42.361374
None,トドマツ,土流保,None,渡島,346,よ,1.68,None,八雲町,None,None,山地災害防止（土砂）,0,140.199686,42.361316
None,他Ｌ,水涵保,None,渡島,347,へ,23.89,None,八雲町,ミズナラ,イタヤカエデ,水源涵養,0,140.21398,42.360589
None,ダケカンバ,水涵保,None,渡島,347,い,22.53,None,八雲町,None,トドマツ,水源涵養,0,140.212038,42.360414
None,他Ｌ,水涵保,None,渡島,347,へ,23.89,None,八雲町,ミズナラ,イタヤカエデ,水源涵養,0,140.214697,42.356481
None,ヤチダモ,水涵保,None,渡島,347,ろ,2.4,None,八雲町,None,None,水源涵養,0,140.208796,42.359382
None,他Ｌ,水涵保,None,渡島,347,へ,23.89,None,八雲町,ミズナラ,イタヤカエデ,水源涵養,0,140.20797,42.358779
None,他Ｌ,水涵保,None,渡島,347,へ,23.89,None,八雲町,ミズナラ,イタヤカエデ,水源涵養,0,140.207901,42.362461
None,カラマツ,水涵保,None,渡島,347,と,1.54,None,八雲町,None,None,水源涵養,0,140.204333,42.360717
None,トドマツ,水涵保,None,渡島,347,は,1.5,None,八雲町,None,None,水源涵養,0,140.204354,42.360001
None,None,None,None,渡島,347,ロ,1.82,None,八雲町,None,None,水源涵養,0,140.204435,42.362726
None,トドマツ,土流保,None,渡島,346,は,6.48,None,八雲町,None,None,山地災害防止（土砂）,0,140.203959,42.35939
None,None,None,None,渡島,346,ハ,0.41,None,八雲町,None,None,山地災害防止（土砂）,0,140.203075,42.360944
None,None,None,None,渡島,346,ハ,0.41,None,八雲町,None,None,山地災害防止（土砂）,0,140.203111,42.360758
None,トドマツ,水涵保,None,渡島,347,は,1.5,None,八雲町,None,None,水源涵養,0,140.203155,42.360418
None,トドマツ,土流保,None,渡島,346,と,1.1,None,八雲町,None,None,山地災害防止（土砂）,0,140.202869,42.360641
None,トドマツ,土流保,None,渡島,346,と,1.1,None,八雲町,None,None,山地災害防止（土砂）,0,140.203107,42.360125
None,他Ｌ,土流保,None,渡島,346,れ,5.03,None,八雲町,ミズナラ,ブナ,山地災害防止（土砂）,0,140.202696,42.36018
None,他Ｌ,土流保,None,渡島,346,れ,5.03,None,八雲町,ミズナラ,ブナ,山地災害防止（土砂）,0,140.202404,42.359877
None,トドマツ,土流保,None,渡島,346,に,4.84,None,八雲町,None,None,山地災害防止（土砂）,0,140.202289,42.360411
None,None,None,None,渡島,346,ニ,2.3,None,八雲町,None,None,山地災害防止（土砂）,0,140.202283,42.360077
None,トドマツ,土流保,None,渡島,346,に,4.84,None,八雲町,None,None,山地災害防止（土砂）,0,140.201465,42.360261
None,トドマツ,土流保,None,渡島,346,に,4.84,None,八雲町,None,None,山地災害防止（土砂）,0,140.200194,42.360495
None,他Ｌ,土流保,None,渡島,344,り,22.09,None,八雲町,イタヤカエデ,ブナ,山地災害防止（土砂）,0,140.199696,42.370722
None,トドマツ,土流保,None,渡島,343,ち,1.64,None,八雲町,None,None,山地災害防止（土砂）,0,140.198324,42.371388
None,トドマツ,土流保,None,渡島,344,か,1.34,None,八雲町,ブナ,ダケカンバ,山地災害防止（土砂）,0,140.19847,42.370839
None,None,None,None,渡島,344,イ,0.52,None,八雲町,None,None,山地災害防止（土砂）,0,140.198128,42.371265
None,トドマツ,土流保,None,渡島,344,ね,0.5,None,八雲町,None,None,山地災害防止（土砂）,0,140.19794,42.370197
None,ダケカンバ,土流保,None,渡島,343,よ,0.16,None,八雲町,None,None,山地災害防止（土砂）,0,140.197674,42.371525
None,トドマツ,土流保,None,渡島,344,か,1.34,None,八雲町,ブナ,ダケカンバ,山地災害防止（土砂）,0,140.197642,42.371231
None,他Ｌ,土流保,None,渡島,344,り,22.09,None,八雲町,イタヤカエデ,ブナ,山地災害防止（土砂）,0,140.197145,42.371446
None,トドマツ,土流保,None,渡島,344,に,1.5,None,八雲町,None,None,山地災害防止（土砂）,0,140.195721,42.370555
None,トドマツ,土流保,None,渡島,344,わ,1.58,None,八雲町,None,None,山地災害防止（土砂）,0,140.197541,42.369708
None,他Ｌ,土流保,None,渡島,344,り,22.09,None,八雲町,イタヤカエデ,ブナ,山地災害防止（土砂）,0,140.193468,42.37026
None,トドマツ,土流保,None,渡島,344,ほ,0.83,None,八雲町,None,None,山地災害防止（土砂）,0,140.196118,42.369142
None,トドマツ,土流保,None,渡島,344,い,10.52,None,八雲町,None,ダケカンバ,山地災害防止（土砂）,0,140.199154,42.368627
None,トドマツ,土流保,None,渡島,344,ろ,4.0,None,八雲町,None,None,山地災害防止（土砂）,0,140.19786,42.368873
None,他Ｌ,土流保,None,渡島,345,そ,24.96,None,八雲町,ミズナラ,イタヤカエデ,山地災害防止（土砂）,0,140.198826,42.366914
None,他Ｌ,土流保,None,渡島,345,そ,24.96,None,八雲町,ミズナラ,イタヤカエデ,山地災害防止（土砂）,0,140.199078,42.367425
None,None,土流保,None,渡島,345,イ,0.5,None,八雲町,None,None,山地災害防止（土砂）,0,140.199378,42.367406
None,トドマツ,土流保,None,渡島,345,ち,2.43,None,八雲町,None,None,山地災害防止（土砂）,0,140.197981,42.366853
None,他Ｌ,土流保,None,渡島,345,そ,24.96,None,八雲町,ミズナラ,イタヤカエデ,山地災害防止（土砂）,0,140.198225,42.366574
None,他Ｌ,土流保,None,渡島,344,ち,2.55,None,八雲町,イタヤカエデ,ブナ,山地災害防止（土砂）,0,140.19949,42.367819
None,None,土流保,None,渡島,345,イ,0.5,None,八雲町,None,None,山地災害防止（土砂）,0,140.196508,42.366863
None,他Ｌ,土流保,None,渡島,345,ら,3.35,None,八雲町,イタヤカエデ,ミズナラ,山地災害防止（土砂）,0,140.196666,42.366951
None,他Ｌ,土流保,None,渡島,344,ち,2.55,None,八雲町,イタヤカエデ,ブナ,山地災害防止（土砂）,0,140.196479,42.367081
None,None,土流保,None,渡島,344,ロ,0.32,None,八雲町,None,None,山地災害防止（土砂）,0,140.196238,42.367085
None,他Ｌ,土流保,None,渡島,344,ち,2.55,None,八雲町,イタヤカエデ,ブナ,山地災害防止（土砂）,0,140.195797,42.367083
None,トドマツ,土流保,None,渡島,345,ち,2.43,None,八雲町,None,None,山地災害防止（土砂）,0,140.19598,42.366446
None,他Ｌ,土流保,None,渡島,345,ら,3.35,None,八雲町,イタヤカエデ,ミズナラ,山地災害防止（土砂）,0,140.196079,42.366958
None,トドマツ,土流保,None,渡島,344,へ,1.28,None,八雲町,None,None,山地災害防止（土砂）,0,140.194793,42.369301
None,トドマツ,土流保,None,渡島,344,ぬ,0.14,None,八雲町,None,None,山地災害防止（土砂）,0,140.193201,42.371168
None,トドマツ,土流保,None,渡島,343,る,2.26,None,八雲町,None,None,山地災害防止（土砂）,0,140.191445,42.370486
None,ダケカンバ,土流保,None,渡島,343,た,3.31,None,八雲町,イタヤカエデ,他Ｌ,山地災害防止（土砂）,0,140.191894,42.369411
None,トドマツ,土流保,None,渡島,345,と,0.6,None,八雲町,None,None,山地災害防止（土砂）,0,140.194257,42.366458
None,トドマツ,土流保,None,渡島,345,に,2.84,None,八雲町,None,None,山地災害防止（土砂）,0,140.198227,42.365982
None,トドマツ,土流保,None,渡島,345,に,2.84,None,八雲町,None,None,山地災害防止（土砂）,0,140.198513,42.365764
None,トドマツ,土流保,None,渡島,345,わ,1.6,None,八雲町,None,None,山地災害防止（土砂）,0,140.199095,42.364721
None,他Ｌ,土流保,None,渡島,345,ら,3.35,None,八雲町,イタヤカエデ,ミズナラ,山地災害防止（土砂）,0,140.20025,42.363808
None,None,土流保,None,渡島,345,ハ,0.07,None,八雲町,None,None,山地災害防止（土砂）,0,140.199172,42.364139
None,トドマツ,土流保,None,渡島,345,む,1.6,None,八雲町,None,None,山地災害防止（土砂）,0,140.197162,42.365098
None,トドマツ,土流保,None,渡島,345,な,0.41,None,八雲町,None,None,山地災害防止（土砂）,0,140.198124,42.364176
None,None,土流保,None,渡島,345,ロ,0.41,None,八雲町,None,None,山地災害防止（土砂）,0,140.195375,42.363338
None,他Ｌ,土流保,None,渡島,345,ら,3.35,None,八雲町,イタヤカエデ,ミズナラ,山地災害防止（土砂）,0,140.199469,42.363572
None,トドマツ,土流保,None,渡島,346,へ,2.98,None,八雲町,None,None,山地災害防止（土砂）,0,140.199157,42.362536
None,トドマツ,土流保,None,渡島,345,か,1.22,None,八雲町,None,None,山地災害防止（土砂）,0,140.198873,42.363632
None,他Ｌ,土流保,None,渡島,346,れ,5.03,None,八雲町,ミズナラ,ブナ,山地災害防止（土砂）,0,140.199272,42.361838
None,他Ｌ,土流保,None,渡島,346,れ,5.03,None,八雲町,ミズナラ,ブナ,山地災害防止（土砂）,0,140.199595,42.36105
None,None,None,None,渡島,346,ニ,2.3,None,八雲町,None,None,山地災害防止（土砂）,0,140.199027,42.361035
None,トドマツ,土流保,None,渡島,346,よ,1.68,None,八雲町,None,None,山地災害防止（土砂）,0,140.197898,42.36121
None,他Ｌ,土流保,None,渡島,346,そ,35.17,None,八雲町,ミズナラ,ブナ,山地災害防止（土砂）,0,140.197737,42.362729
None,トドマツ,土流保,None,渡島,346,わ,0.48,None,八雲町,None,None,山地災害防止（土砂）,0,140.197151,42.362872
None,他Ｌ,土流保,None,渡島,345,そ,24.96,None,八雲町,ミズナラ,イタヤカエデ,山地災害防止（土砂）,0,140.196136,42.363437
None,トドマツ,土流保,None,渡島,346,よ,1.68,None,八雲町,None,None,山地災害防止（土砂）,0,140.197586,42.362191
None,他Ｌ,土流保,None,渡島,346,れ,5.03,None,八雲町,ミズナラ,ブナ,山地災害防止（土砂）,0,140.196401,42.36207
None,他Ｌ,土流保,None,渡島,346,れ,5.03,None,八雲町,ミズナラ,ブナ,山地災害防止（土砂）,0,140.195694,42.361035
None,トドマツ,土流保,None,渡島,345,は,1.58,None,八雲町,None,None,山地災害防止（土砂）,0,140.195141,42.364917
None,他Ｌ,土流保,None,渡島,345,そ,24.96,None,八雲町,ミズナラ,イタヤカエデ,山地災害防止（土砂）,0,140.191649,42.363523
None,トドマツ,土流保,None,渡島,345,る,0.42,None,八雲町,None,None,山地災害防止（土砂）,0,140.194862,42.363788
None,他Ｌ,土流保,None,渡島,345,ら,3.35,None,八雲町,イタヤカエデ,ミズナラ,山地災害防止（土砂）,0,140.194176,42.363699
None,トドマツ,土流保,None,渡島,345,ぬ,1.51,None,八雲町,None,None,山地災害防止（土砂）,0,140.193367,42.364721
None,トドマツ,土流保,None,渡島,345,ろ,2.89,None,八雲町,None,None,山地災害防止（土砂）,0,140.194835,42.362908
None,トドマツ,土流保,None,渡島,345,ろ,2.89,None,八雲町,None,None,山地災害防止（土砂）,0,140.195297,42.362208
None,トドマツ,土流保,None,渡島,345,ろ,2.89,None,八雲町,None,None,山地災害防止（土砂）,0,140.194883,42.361746
None,他Ｌ,土流保,None,渡島,345,そ,24.96,None,八雲町,ミズナラ,イタヤカエデ,山地災害防止（土砂）,0,140.194279,42.361683
None,None,None,None,渡島,345,ニ,1.45,None,八雲町,None,None,山地災害防止（土砂）,0,140.194145,42.361869
None,ダケカンバ,土流保,None,渡島,345,い,0.09,None,八雲町,None,トドマツ,山地災害防止（土砂）,0,140.192802,42.361659
None,None,None,None,渡島,346,ニ,2.3,None,八雲町,None,None,山地災害防止（土砂）,0,140.193374,42.361555
None,ダケカンバ,土流保,None,渡島,345,い,0.09,None,八雲町,None,トドマツ,山地災害防止（土砂）,0,140.191151,42.361623
None,他Ｌ,土流保,None,渡島,340,ね,35.03,None,八雲町,ダケカンバ,トドマツ,山地災害防止（土砂）,0,140.190318,42.371235
None,None,None,None,渡島,340,イ,0.89,None,八雲町,None,None,山地災害防止（土砂）,0,140.187916,42.369975
None,ダケカンバ,土流保,None,渡島,343,れ,13.6,None,八雲町,イタヤカエデ,他Ｌ,山地災害防止（土砂）,2,140.191048,42.368985
None,トドマツ,土流保,None,渡島,340,に,1.03,None,八雲町,None,None,山地災害防止（土砂）,0,140.189102,42.371613
None,トドマツ,土流保,None,渡島,340,は,1.44,None,八雲町,None,None,山地災害防止（土砂）,0,140.188142,42.370823
None,トドマツ,土流保,None,渡島,340,ほ,0.2,None,八雲町,None,None,山地災害防止（土砂）,0,140.189597,42.370164
None,トドマツ,土流保,None,渡島,340,ろ,1.05,None,八雲町,None,None,山地災害防止（土砂）,0,140.186274,42.370525
None,トドマツ,土流保,None,渡島,340,い,0.48,None,八雲町,None,None,山地災害防止（土砂）,0,140.186851,42.369506
None,他Ｌ,土流保,None,渡島,340,ね,35.03,None,八雲町,ダケカンバ,トドマツ,山地災害防止（土砂）,0,140.186226,42.369472
None,トドマツ,土流保,None,渡島,339,と,0.33,None,八雲町,None,None,山地災害防止（土砂）,0,140.185103,42.369493
None,他Ｌ,土流保,None,渡島,339,つ,49.13,None,八雲町,ダケカンバ,イタヤカエデ,山地災害防止（土砂）,0,140.18418,42.370157
None,トドマツ,土流保,None,渡島,339,へ,1.41,None,八雲町,None,None,山地災害防止（土砂）,0,140.186381,42.368827
None,トドマツ,土流保,None,渡島,339,そ,0.4,None,八雲町,None,None,山地災害防止（土砂）,0,140.184542,42.368825
None,トドマツ,土流保,None,渡島,345,り,0.5,None,八雲町,None,None,山地災害防止（土砂）,0,140.191594,42.364627
None,トドマツ,土流保,None,渡島,345,た,0.91,None,八雲町,None,None,山地災害防止（土砂）,0,140.190217,42.362351
None,トドマツ,土流保,None,渡島,345,よ,0.18,None,八雲町,None,None,山地災害防止（土砂）,0,140.191203,42.362243
None,トドマツ,土流保,None,渡島,345,れ,0.27,None,八雲町,None,None,山地災害防止（土砂）,0,140.189915,42.361717
None,トドマツ,土流保,None,渡島,345,れ,0.27,None,八雲町,None,None,山地災害防止（土砂）,0,140.188867,42.362436
None,トドマツ,土流保,None,渡島,346,た,1.3,None,八雲町,None,None,山地災害防止（土砂）,0,140.187826,42.360985
None,None,None,None,渡島,346,ニ,2.3,None,八雲町,None,None,山地災害防止（土砂）,0,140.187274,42.361856
None,他Ｌ,土流保,None,渡島,346,れ,5.03,None,八雲町,ミズナラ,ブナ,山地災害防止（土砂）,0,140.199161,42.360504
None,トドマツ,土流保,None,渡島,346,は,6.48,None,八雲町,None,None,山地災害防止（土砂）,0,140.198303,42.360276
None,None,土流保,None,渡島,346,ロ,0.88,None,八雲町,None,None,山地災害防止（土砂）,0,140.196797,42.359523
None,トドマツ,土流保,None,渡島,346,は,6.48,None,八雲町,None,None,山地災害防止（土砂）,0,140.19896,42.359354
None,他Ｌ,土流保,None,渡島,346,れ,5.03,None,八雲町,ミズナラ,ブナ,山地災害防止（土砂）,0,140.197972,42.35945
None,トドマツ,土流保,None,渡島,346,い,4.13,None,八雲町,None,None,山地災害防止（土砂）,0,140.196787,42.359619
None,他Ｌ,土流保,None,渡島,346,れ,5.03,None,八雲町,ミズナラ,ブナ,山地災害防止（土砂）,0,140.195649,42.359654
None,トドマツ,土流保,None,渡島,346,ろ,5.16,None,八雲町,None,None,山地災害防止（土砂）,0,140.194613,42.360678
None,トドマツ,土流保,None,渡島,346,い,4.13,None,八雲町,None,None,山地災害防止（土砂）,0,140.197336,42.359247
None,トドマツ,土流保,None,渡島,346,い,4.13,None,八雲町,None,None,山地災害防止（土砂）,0,140.195087,42.359492
None,トドマツ,土流保,None,渡島,346,ち,0.82,None,八雲町,None,None,山地災害防止（土砂）,0,140.191506,42.360597
None,トドマツ,土流保,None,渡島,346,り,0.37,None,八雲町,None,None,山地災害防止（土砂）,0,140.190109,42.360996
None,トドマツ,土流保,None,渡島,346,ぬ,0.45,None,八雲町,None,None,山地災害防止（土砂）,0,140.189841,42.359792
None,トドマツ,土流保,None,渡島,346,る,3.0,None,八雲町,None,None,山地災害防止（土砂）,0,140.187349,42.358554
None,他Ｌ,土流保,None,渡島,346,そ,35.17,None,八雲町,ミズナラ,ブナ,山地災害防止（土砂）,0,140.184339,42.358114
None,トドマツ,土流保,None,渡島,339,な,3.32,None,八雲町,None,None,山地災害防止（土砂）,0,140.183637,42.376048
None,None,土流保,None,渡島,339,ロ,0.3,None,八雲町,None,None,山地災害防止（土砂）,0,140.183458,42.375824
None,ブナ,土流保,None,渡島,338,な,5.41,None,八雲町,トドマツ,他Ｌ,山地災害防止（土砂）,0,140.182009,42.375096
None,トドマツ,土流保,None,渡島,338,そ,0.23,None,八雲町,None,None,山地災害防止（土砂）,0,140.181955,42.375697
None,ダケカンバ,土流保,None,渡島,338,れ,0.88,None,八雲町,None,トドマツ,山地災害防止（土砂）,0,140.180431,42.37565
None,トドマツ,土流保,None,渡島,338,ね,1.48,None,八雲町,None,None,山地災害防止（土砂）,0,140.181047,42.374552
None,トドマツ,土流保,None,渡島,339,わ,3.35,None,八雲町,None,None,山地災害防止（土砂）,0,140.183327,42.37301
None,トドマツ,土流保,None,渡島,338,つ,0.55,None,八雲町,None,None,山地災害防止（土砂）,0,140.180673,42.373133
None,トドマツ,土流保,None,渡島,339,ね,2.15,None,八雲町,None,None,山地災害防止（土砂）,0,140.181737,42.372862
None,ブナ,土流保,None,渡島,338,な,5.41,None,八雲町,トドマツ,他Ｌ,山地災害防止（土砂）,0,140.178195,42.375689
None,トドマツ,土流保,None,渡島,338,と,0.96,None,八雲町,None,None,山地災害防止（土砂）,0,140.178357,42.375059
None,トドマツ,土流保,None,渡島,338,へ,1.35,None,八雲町,None,None,山地災害防止（土砂）,0,140.179621,42.374229
None,ブナ,土流保,None,渡島,338,な,5.41,None,八雲町,トドマツ,他Ｌ,山地災害防止（土砂）,0,140.180121,42.372597
None,None,None,None,渡島,338,イ,0.84,None,八雲町,None,None,山地災害防止（土砂）,0,140.176533,42.372016
None,トドマツ,土流保,None,渡島,338,ち,3.32,None,八雲町,None,None,山地災害防止（土砂）,0,140.178317,42.37314
None,アカエゾマツ,土流保,None,渡島,338,か,0.2,None,八雲町,None,None,山地災害防止（土砂）,0,140.176667,42.373478
None,ブナ,土流保,None,渡島,338,よ,27.19,None,八雲町,シナノキ,他Ｌ,山地災害防止（土砂）,0,140.177687,42.372678
None,トドマツ,土流保,None,渡島,338,わ,0.62,None,八雲町,None,None,山地災害防止（土砂）,0,140.177178,42.372347
None,ダケカンバ,土流保,None,渡島,338,た,0.2,None,八雲町,None,None,山地災害防止（土砂）,0,140.176305,42.372257
None,ブナ,土流保,None,渡島,338,よ,27.19,None,八雲町,シナノキ,他Ｌ,山地災害防止（土砂）,0,140.175888,42.374446
None,他Ｌ,土流保,None,渡島,337,ぬ,28.88,None,八雲町,ブナ,ダケカンバ,山地災害防止（土砂）,0,140.1747,42.372673
None,トドマツ,土流保,None,渡島,337,る,0.67,None,八雲町,None,None,山地災害防止（土砂）,0,140.172465,42.374439
None,トドマツ,土流保,None,渡島,337,に,3.45,None,八雲町,None,None,山地災害防止（土砂）,0,140.173183,42.373189
None,None,None,None,渡島,337,イ,1.01,None,八雲町,None,None,山地災害防止（土砂）,0,140.172896,42.371764
None,None,土流保,None,渡島,337,ロ,0.08,None,八雲町,None,None,山地災害防止（土砂）,0,140.171899,42.374122
None,トドマツ,土流保,None,渡島,337,る,0.67,None,八雲町,None,None,山地災害防止（土砂）,0,140.171445,42.374089
None,トドマツ,土流保,None,渡島,337,る,0.67,None,八雲町,None,None,山地災害防止（土砂）,0,140.171942,42.373829
None,他Ｌ,土流保,None,渡島,336,そ,53.77,None,八雲町,ブナ,ミズナラ,山地災害防止（土砂）,0,140.170823,42.373758
None,トドマツ,土流保,None,渡島,336,う,0.51,None,八雲町,None,None,山地災害防止（土砂）,0,140.170623,42.374116
None,トドマツ,土流保,None,渡島,336,う,0.51,None,八雲町,None,None,山地災害防止（土砂）,0,140.171153,42.373556
None,他Ｌ,土流保,None,渡島,336,そ,53.77,None,八雲町,ブナ,ミズナラ,山地災害防止（土砂）,0,140.171059,42.373374
None,トドマツ,土流保,None,渡島,336,く,0.45,None,八雲町,None,None,山地災害防止（土砂）,0,140.170416,42.372192
None,他Ｌ,土流保,None,渡島,336,そ,53.77,None,八雲町,ブナ,ミズナラ,山地災害防止（土砂）,0,140.170213,42.373906
None,トドマツ,土流保,None,渡島,336,む,0.94,None,八雲町,None,None,山地災害防止（土砂）,0,140.170018,42.373335
None,他Ｌ,土流保,None,渡島,336,そ,53.77,None,八雲町,ブナ,ミズナラ,山地災害防止（土砂）,0,140.168705,42.373279
None,トドマツ,土流保,None,渡島,336,よ,1.73,None,八雲町,None,None,山地災害防止（土砂）,0,140.168872,42.372634
None,トドマツ,土流保,None,渡島,336,む,0.94,None,八雲町,None,None,山地災害防止（土砂）,0,140.168173,42.373645
None,トドマツ,土流保,None,渡島,336,た,2.85,None,八雲町,None,None,山地災害防止（土砂）,0,140.167218,42.371961
None,トドマツ,土流保,None,渡島,336,ふ,0.53,None,八雲町,None,None,山地災害防止（土砂）,0,140.164636,42.373319
None,トドマツ,土流保,None,渡島,336,ら,1.62,None,八雲町,None,None,山地災害防止（土砂）,0,140.162237,42.372385
None,トドマツ,土流保,None,渡島,336,な,0.15,None,八雲町,None,None,山地災害防止（土砂）,0,140.159592,42.371869
None,トドマツ,土流保,None,渡島,339,ら,2.31,None,八雲町,None,None,山地災害防止（土砂）,0,140.183216,42.371272
None,None,None,None,渡島,339,イ,1.24,None,八雲町,None,None,山地災害防止（土砂）,0,140.181861,42.370324
None,トドマツ,土流保,None,渡島,339,り,0.55,None,八雲町,None,None,山地災害防止（土砂）,0,140.182051,42.369786
None,トドマツ,土流保,None,渡島,339,た,0.21,None,八雲町,None,None,山地災害防止（土砂）,0,140.181449,42.369274
None,トドマツ,土流保,None,渡島,339,ち,1.25,None,八雲町,None,None,山地災害防止（土砂）,0,140.182739,42.368784
None,トドマツ,土流保,None,渡島,339,れ,0.05,None,八雲町,None,None,山地災害防止（土砂）,0,140.182866,42.367821
None,トドマツ,土流保,None,渡島,339,ほ,0.93,None,八雲町,None,None,山地災害防止（土砂）,0,140.183648,42.367013
None,トドマツ,土流保,None,渡島,339,か,0.42,None,八雲町,None,None,山地災害防止（土砂）,0,140.179434,42.37135
None,トドマツ,土流保,None,渡島,339,る,1.48,None,八雲町,None,None,山地災害防止（土砂）,0,140.180049,42.370557
None,トドマツ,土流保,None,渡島,338,ほ,0.41,None,八雲町,None,None,山地災害防止（土砂）,0,140.178402,42.371175
None,ブナ,土流保,None,渡島,338,な,5.41,None,八雲町,トドマツ,他Ｌ,山地災害防止（土砂）,0,140.178206,42.370839
None,他Ｌ,土流保,None,渡島,339,つ,49.13,None,八雲町,ダケカンバ,イタヤカエデ,山地災害防止（土砂）,0,140.178186,42.370645
None,トドマツ,土流保,None,渡島,339,よ,0.2,None,八雲町,None,None,山地災害防止（土砂）,0,140.178369,42.370441
None,トドマツ,土流保,None,渡島,339,ぬ,0.56,None,八雲町,None,None,山地災害防止（土砂）,0,140.178814,42.368699
None,トドマツ,土流保,None,渡島,339,よ,0.2,None,八雲町,None,None,山地災害防止（土砂）,0,140.177888,42.370408
None,他Ｌ,土流保,None,渡島,339,つ,49.13,None,八雲町,ダケカンバ,イタヤカエデ,山地災害防止（土砂）,0,140.177743,42.370314
None,トドマツ,土流保,None,渡島,338,り,2.19,None,八雲町,None,None,山地災害防止（土砂）,0,140.176787,42.370095
None,トドマツ,土流保,None,渡島,339,ぬ,0.56,None,八雲町,None,None,山地災害防止（土砂）,0,140.178419,42.368795
None,None,土流保,None,渡島,339,ロ,0.3,None,八雲町,None,None,山地災害防止（土砂）,0,140.179142,42.368237
None,他Ｌ,土流保,None,渡島,339,つ,49.13,None,八雲町,ダケカンバ,イタヤカエデ,山地災害防止（土砂）,0,140.177361,42.368611
None,トドマツ,土流保,None,渡島,338,る,0.33,None,八雲町,None,None,山地災害防止（土砂）,0,140.1763,42.368684
None,ブナ,土流保,None,渡島,338,な,5.41,None,八雲町,トドマツ,他Ｌ,山地災害防止（土砂）,0,140.176633,42.368102
None,トドマツ,土流保,None,渡島,339,に,2.95,None,八雲町,None,None,山地災害防止（土砂）,0,140.180367,42.365819
None,トドマツ,土流保,None,渡島,339,ろ,2.16,None,八雲町,None,None,山地災害防止（土砂）,0,140.179124,42.36647
None,他Ｌ,土流保,None,渡島,339,つ,49.13,None,八雲町,ダケカンバ,イタヤカエデ,山地災害防止（土砂）,0,140.182312,42.366709
None,トドマツ,土流保,None,渡島,339,い,2.03,None,八雲町,None,None,山地災害防止（土砂）,0,140.177331,42.364237
None,トドマツ,土流保,None,渡島,339,は,0.62,None,八雲町,None,None,山地災害防止（土砂）,0,140.178184,42.363406
None,他Ｌ,土流保,None,渡島,337,ぬ,28.88,None,八雲町,ブナ,ダケカンバ,山地災害防止（土砂）,0,140.173795,42.370087
None,トドマツ,土流保,None,渡島,337,は,2.7,None,八雲町,None,None,山地災害防止（土砂）,0,140.172699,42.369471
None,トドマツ,土流保,None,渡島,338,に,1.56,None,八雲町,None,None,山地災害防止（土砂）,0,140.175606,42.369021
None,トドマツ,土流保,None,渡島,338,は,3.44,None,八雲町,None,None,山地災害防止（土砂）,0,140.175674,42.367052
None,ブナ,土流保,None,渡島,338,よ,27.19,None,八雲町,シナノキ,他Ｌ,山地災害防止（土砂）,0,140.173386,42.36596
None,トドマツ,土流保,None,渡島,338,ら,1.89,None,八雲町,None,None,山地災害防止（土砂）,0,140.173619,42.367481
None,他Ｌ,土流保,None,渡島,337,ぬ,28.88,None,八雲町,ブナ,ダケカンバ,山地災害防止（土砂）,0,140.171545,42.370506
None,他Ｌ,土流保,None,渡島,337,ぬ,28.88,None,八雲町,ブナ,ダケカンバ,山地災害防止（土砂）,0,140.170811,42.371268
None,他Ｌ,土流保,None,渡島,337,ぬ,28.88,None,八雲町,ブナ,ダケカンバ,山地災害防止（土砂）,0,140.170163,42.37053
None,トドマツ,土流保,None,渡島,337,ち,1.01,None,八雲町,None,None,山地災害防止（土砂）,0,140.169943,42.371494
None,他Ｌ,土流保,None,渡島,336,そ,53.77,None,八雲町,ブナ,ミズナラ,山地災害防止（土砂）,0,140.1696,42.371762
None,トドマツ,土流保,None,渡島,337,へ,0.35,None,八雲町,None,None,山地災害防止（土砂）,0,140.169017,42.370869
None,トドマツ,土流保,None,渡島,336,れ,0.15,None,八雲町,None,None,山地災害防止（土砂）,0,140.168412,42.37084
None,トドマツ,土流保,None,渡島,337,と,1.03,None,八雲町,None,None,山地災害防止（土砂）,0,140.168963,42.37013
None,トドマツ,土流保,None,渡島,337,ろ,2.78,None,八雲町,None,None,山地災害防止（土砂）,0,140.170634,42.368109
None,トドマツ,土流保,None,渡島,337,い,0.48,None,八雲町,None,None,山地災害防止（土砂）,0,140.168899,42.367413
None,トドマツ,土流保,None,渡島,337,り,0.8,None,八雲町,None,None,山地災害防止（土砂）,0,140.170185,42.366531
None,トドマツ,土流保,None,渡島,338,む,0.67,None,八雲町,None,None,山地災害防止（土砂）,0,140.173922,42.364133
None,トドマツ,土流保,None,渡島,338,ろ,1.61,None,八雲町,None,None,山地災害防止（土砂）,0,140.174083,42.364966
None,トドマツ,土流保,None,渡島,338,い,4.15,None,八雲町,None,None,山地災害防止（土砂）,0,140.173268,42.361764
None,トドマツ,土流保,None,渡島,338,ぬ,1.95,None,八雲町,None,None,山地災害防止（土砂）,0,140.171611,42.366337
None,他Ｌ,土流保,None,渡島,337,ぬ,28.88,None,八雲町,ブナ,ダケカンバ,山地災害防止（土砂）,0,140.170301,42.363464
None,ブナ,土流保,None,渡島,338,よ,27.19,None,八雲町,シナノキ,他Ｌ,山地災害防止（土砂）,0,140.174093,42.363434
None,トドマツ,土流保,None,渡島,336,か,2.3,None,八雲町,None,None,山地災害防止（土砂）,0,140.167213,42.370582
None,トドマツ,土流保,None,渡島,336,か,2.3,None,八雲町,None,None,山地災害防止（土砂）,0,140.166617,42.370006
None,他Ｌ,土流保,None,渡島,337,ぬ,28.88,None,八雲町,ブナ,ダケカンバ,山地災害防止（土砂）,0,140.166971,42.369009
None,他Ｌ,土流保,None,渡島,336,そ,53.77,None,八雲町,ブナ,ミズナラ,山地災害防止（土砂）,0,140.164634,42.371767
None,他Ｌ,土流保,None,渡島,336,そ,53.77,None,八雲町,ブナ,ミズナラ,山地災害防止（土砂）,0,140.166191,42.369595
None,トドマツ,土流保,None,渡島,337,ほ,1.92,None,八雲町,None,None,山地災害防止（土砂）,0,140.167407,42.368464
None,トドマツ,土流保,None,渡島,336,る,0.43,None,八雲町,None,None,山地災害防止（土砂）,0,140.165164,42.368539
None,トドマツ,土流保,None,渡島,336,り,2.33,None,八雲町,None,None,山地災害防止（土砂）,0,140.165913,42.366785
None,他Ｌ,土流保,None,渡島,336,そ,53.77,None,八雲町,ブナ,ミズナラ,山地災害防止（土砂）,0,140.164415,42.367766
None,他Ｌ,土流保,None,渡島,336,そ,53.77,None,八雲町,ブナ,ミズナラ,山地災害防止（土砂）,0,140.164595,42.367223
None,トドマツ,土流保,None,渡島,336,ぬ,0.11,None,八雲町,None,None,山地災害防止（土砂）,0,140.164787,42.367392
None,トドマツ,土流保,None,渡島,336,わ,3.68,None,八雲町,None,None,山地災害防止（土砂）,0,140.163133,42.370688
None,トドマツ,土流保,None,渡島,336,お,2.38,None,八雲町,None,None,山地災害防止（土砂）,0,140.161796,42.369329
None,シラカバ,土流保,None,渡島,336,こ,1.0,None,八雲町,None,None,山地災害防止（土砂）,0,140.164076,42.36858
None,None,None,None,渡島,336,イ,2.55,None,八雲町,None,None,山地災害防止（土砂）,0,140.166577,42.368828
None,トドマツ,土流保,None,渡島,336,ち,2.55,None,八雲町,None,None,山地災害防止（土砂）,0,140.162352,42.366625
None,他Ｌ,土流保,None,渡島,336,の,4.15,None,八雲町,ブナ,ミズナラ,山地災害防止（土砂）,0,140.159974,42.367263
None,他Ｌ,土流保,None,渡島,336,そ,53.77,None,八雲町,ブナ,ミズナラ,山地災害防止（土砂）,0,140.16702,42.361647
None,トドマツ,土流保,None,渡島,336,い,0.93,None,八雲町,None,None,山地災害防止（土砂）,0,140.166611,42.36422
None,トドマツ,土流保,None,渡島,336,へ,0.3,None,八雲町,None,None,山地災害防止（土砂）,0,140.164558,42.365349
None,トドマツ,土流保,None,渡島,336,ほ,0.2,None,八雲町,None,None,山地災害防止（土砂）,0,140.165851,42.364521
None,ダケカンバ,土流保,None,渡島,336,つ,0.47,None,八雲町,None,None,山地災害防止（土砂）,0,140.165294,42.363807
None,ダケカンバ,土流保,None,渡島,335,ぬ,0.07,None,八雲町,None,None,山地災害防止（土砂）,0,140.164643,42.363857
None,トドマツ,土流保,None,渡島,336,ろ,0.56,None,八雲町,None,None,山地災害防止（土砂）,0,140.167355,42.362956
None,トドマツ,土流保,None,渡島,336,は,1.02,None,八雲町,None,None,山地災害防止（土砂）,0,140.165615,42.362714
None,他Ｌ,土流保,None,渡島,335,り,0.93,None,八雲町,ブナ,イタヤカエデ,山地災害防止（土砂）,0,140.164565,42.363625
None,トドマツ,土流保,None,渡島,336,に,0.25,None,八雲町,None,None,山地災害防止（土砂）,0,140.164764,42.363209
None,トドマツ,土流保,None,渡島,336,と,0.23,None,八雲町,None,None,山地災害防止（土砂）,0,140.163879,42.365616
None,他Ｌ,土流保,None,渡島,336,そ,53.77,None,八雲町,ブナ,ミズナラ,山地災害防止（土砂）,0,140.162809,42.365788
None,他Ｌ,土流保,None,渡島,335,り,0.93,None,八雲町,ブナ,イタヤカエデ,山地災害防止（土砂）,0,140.163305,42.364972
None,トドマツ,土流保,None,渡島,335,に,2.58,None,八雲町,None,None,山地災害防止（土砂）,0,140.163691,42.36394
None,トドマツ,土流保,None,渡島,335,ほ,1.33,None,八雲町,None,None,山地災害防止（土砂）,0,140.161509,42.364647
None,トドマツ,土流保,None,渡島,335,と,0.09,None,八雲町,None,None,山地災害防止（土砂）,0,140.164348,42.362429
None,トドマツ,土流保,None,渡島,335,へ,0.8,None,八雲町,None,None,山地災害防止（土砂）,0,140.162781,42.362788
None,他Ｌ,土流保,None,渡島,335,ち,35.45,None,八雲町,ブナ,イタヤカエデ,山地災害防止（土砂）,0,140.164265,42.361044
None,トドマツ,土流保,None,渡島,336,ね,0.75,None,八雲町,None,None,山地災害防止（土砂）,0,140.158506,42.370136
None,トドマツ,土流保,None,渡島,336,ま,0.55,None,八雲町,None,他Ｌ,山地災害防止（土砂）,0,140.158332,42.36881
None,トドマツ,土流保,None,渡島,336,け,0.04,None,八雲町,None,他Ｌ,山地災害防止（土砂）,0,140.157925,42.367218
None,None,土流保,None,渡島,336,ロ,0.03,None,八雲町,None,None,山地災害防止（土砂）,0,140.157743,42.367116
None,トドマツ,土流保,None,渡島,336,や,0.08,None,八雲町,None,他Ｌ,山地災害防止（土砂）,0,140.157659,42.36674
None,トドマツ,土流保,None,渡島,335,よ,0.35,None,八雲町,None,None,山地災害防止（土砂）,0,140.157017,42.366396
None,トドマツ,土流保,None,渡島,335,る,1.6,None,八雲町,None,None,山地災害防止（土砂）,0,140.158666,42.365854
None,他Ｌ,土流保,None,渡島,335,ち,35.45,None,八雲町,ブナ,イタヤカエデ,山地災害防止（土砂）,0,140.162736,42.360216
None,トドマツ,土流保,None,渡島,335,は,1.6,None,八雲町,None,None,山地災害防止（土砂）,0,140.158749,42.364958
None,トドマツ,土流保,None,渡島,335,る,1.6,None,八雲町,None,None,山地災害防止（土砂）,0,140.15751,42.366159
None,トドマツ,土流保,None,渡島,335,ろ,0.95,None,八雲町,None,None,山地災害防止（土砂）,0,140.15746,42.36391
None,トドマツ,土流保,None,渡島,335,い,2.01,None,八雲町,None,None,山地災害防止（土砂）,0,140.160205,42.362496
None,他Ｌ,土流保,None,渡島,335,り,0.93,None,八雲町,ブナ,イタヤカエデ,山地災害防止（土砂）,0,140.158502,42.36273
None,他Ｌ,土流保,None,渡島,335,り,0.93,None,八雲町,ブナ,イタヤカエデ,山地災害防止（土砂）,0,140.156314,42.363713
None,ダケカンバ,土流保,None,渡島,335,か,0.23,None,八雲町,None,None,山地災害防止（土砂）,0,140.155794,42.36641
None,トドマツ,土流保,None,渡島,335,わ,0.3,None,八雲町,None,None,山地災害防止（土砂）,0,140.155166,42.365174
None,トドマツ,土流保,None,渡島,334,り,0.14,None,八雲町,None,None,山地災害防止（土砂）,0,140.15385,42.363
None,他Ｌ,土流保,None,渡島,334,へ,74.31,None,八雲町,ブナ,ミズナラ,山地災害防止（土砂）,0,140.153336,42.361356
None,トドマツ,土流保,None,渡島,334,ち,0.35,None,八雲町,None,None,山地災害防止（土砂）,0,140.1538,42.360918
None,None,None,None,渡島,335,イ,1.68,None,八雲町,None,None,山地災害防止（土砂）,0,140.164442,42.353875
None,トドマツ,土流保,None,渡島,334,は,3.85,None,八雲町,None,None,山地災害防止（土砂）,0,140.161636,42.357108
None,他Ｌ,土流保,None,渡島,335,ち,35.45,None,八雲町,ブナ,イタヤカエデ,山地災害防止（土砂）,0,140.164264,42.353696
None,他Ｌ,土流保,None,渡島,335,ち,35.45,None,八雲町,ブナ,イタヤカエデ,山地災害防止（土砂）,0,140.164086,42.353338
None,トドマツ,土流保,None,渡島,334,と,0.5,None,八雲町,None,None,山地災害防止（土砂）,0,140.162003,42.35164
None,トドマツ,土流保,None,渡島,334,い,0.15,None,八雲町,None,None,山地災害防止（土砂）,0,140.161865,42.350876
None,トドマツ,土流保,None,渡島,334,に,0.3,None,八雲町,None,None,山地災害防止（土砂）,0,140.161064,42.351116
None,他Ｌ,土流保,None,渡島,334,へ,74.31,None,八雲町,ブナ,ミズナラ,山地災害防止（土砂）,0,140.160385,42.353972
None,トドマツ,土流保,None,渡島,334,ろ,1.25,None,八雲町,None,None,山地災害防止（土砂）,0,140.158408,42.357614
None,トドマツ,土流保,None,渡島,334,ち,0.35,None,八雲町,None,None,山地災害防止（土砂）,0,140.154928,42.360453
None,None,土流保,None,渡島,333,ロ,0.38,None,八雲町,None,None,山地災害防止（土砂）,0,140.154842,42.360068
None,トドマツ,土流保,None,渡島,334,ほ,0.75,None,八雲町,None,None,山地災害防止（土砂）,0,140.155583,42.356347
None,トドマツ,土流保,None,渡島,333,と,3.63,None,八雲町,None,None,山地災害防止（土砂）,0,140.154258,42.356704
None,トドマツ,土流保,None,渡島,333,に,1.3,None,八雲町,None,None,山地災害防止（土砂）,0,140.157203,42.352403
None,トドマツ,土流保,None,渡島,333,ろ,1.95,None,八雲町,None,None,山地災害防止（土砂）,0,140.156237,42.354548
None,他Ｌ,土流保,None,渡島,333,る,1.38,None,八雲町,イタヤカエデ,ブナ,山地災害防止（土砂）,0,140.155389,42.355081
None,トドマツ,土流保,None,渡島,333,は,0.88,None,八雲町,None,None,山地災害防止（土砂）,0,140.156385,42.353658
None,トドマツ,土流保,None,渡島,333,ち,1.65,None,八雲町,None,None,山地災害防止（土砂）,0,140.154344,42.354907
None,トドマツ,土流保,None,渡島,333,ぬ,0.48,None,八雲町,None,None,山地災害防止（土砂）,0,140.152564,42.360329
None,None,土流保,None,渡島,333,イ,0.3,None,八雲町,None,None,山地災害防止（土砂）,0,140.151547,42.359795
None,ダケカンバ,土流保,None,渡島,333,り,71.18,None,八雲町,ブナ,他Ｌ,山地災害防止（土砂）,0,140.151099,42.359685
None,None,土流保,None,渡島,333,イ,0.3,None,八雲町,None,None,山地災害防止（土砂）,0,140.148035,42.357373
None,ダケカンバ,土流保,None,渡島,333,り,71.18,None,八雲町,ブナ,他Ｌ,山地災害防止（土砂）,0,140.147886,42.357408
None,None,土流保,None,渡島,330,ハ,0.53,None,八雲町,None,None,山地災害防止（土砂）,0,140.141752,42.351407
None,ダケカンバ,土流保,None,渡島,330,ぬ,8.44,None,八雲町,シナノキ,他Ｌ,山地災害防止（土砂）,0,140.146502,42.35638
None,ダケカンバ,土流保,None,渡島,330,ぬ,8.44,None,八雲町,シナノキ,他Ｌ,山地災害防止（土砂）,0,140.146118,42.356417
None,トドマツ,土流保,None,渡島,330,と,2.02,None,八雲町,None,None,山地災害防止（土砂）,0,140.145323,42.355754
None,ダケカンバ,土流保,None,渡島,333,り,71.18,None,八雲町,ブナ,他Ｌ,山地災害防止（土砂）,0,140.1531,42.352004
None,ダケカンバ,土流保,None,渡島,333,わ,0.54,None,八雲町,None,他Ｌ,山地災害防止（土砂）,0,140.150704,42.350482
None,トドマツ,土流保,None,渡島,330,は,2.73,None,八雲町,None,None,山地災害防止（土砂）,0,140.14773,42.352032
None,トドマツ,土流保,None,渡島,330,へ,3.83,None,八雲町,None,None,山地災害防止（土砂）,0,140.14503,42.352441
None,ダケカンバ,土流保,None,渡島,330,り,33.67,None,八雲町,他Ｌ,シナノキ,山地災害防止（土砂）,0,140.146012,42.351832
None,トドマツ,土流保,None,渡島,330,る,1.83,None,八雲町,None,None,山地災害防止（土砂）,0,140.143574,42.356304
None,トドマツ,土流保,None,渡島,330,に,1.45,None,八雲町,None,None,山地災害防止（土砂）,0,140.141504,42.356341
None,ダケカンバ,土流保,None,渡島,330,ぬ,8.44,None,八雲町,シナノキ,他Ｌ,山地災害防止（土砂）,0,140.139189,42.356926
None,ダケカンバ,土流保,None,渡島,330,り,33.67,None,八雲町,他Ｌ,シナノキ,山地災害防止（土砂）,0,140.137346,42.35592
None,トドマツ,土流保,None,渡島,330,へ,3.83,None,八雲町,None,None,山地災害防止（土砂）,0,140.144329,42.353673
None,ダケカンバ,土流保,None,渡島,330,ぬ,8.44,None,八雲町,シナノキ,他Ｌ,山地災害防止（土砂）,0,140.144608,42.35216
None,トドマツ,土流保,None,渡島,330,ほ,4.0,None,八雲町,None,None,山地災害防止（土砂）,0,140.143134,42.350912
None,ダケカンバ,土流保,None,渡島,330,り,33.67,None,八雲町,他Ｌ,シナノキ,山地災害防止（土砂）,0,140.142742,42.352238
None,トドマツ,土流保,None,渡島,330,ち,6.03,None,八雲町,None,None,山地災害防止（土砂）,0,140.140224,42.354929
None,None,土流保,None,渡島,330,ロ,4.75,None,八雲町,None,None,山地災害防止（土砂）,0,140.141115,42.352295
None,トドマツ,土流保,None,渡島,329,へ,8.56,None,八雲町,None,None,山地災害防止（土砂）,0,140.138138,42.352743
None,トドマツ,土流保,None,渡島,329,に,0.78,None,八雲町,None,None,山地災害防止（土砂）,0,140.140462,42.350474
None,None,土流保,None,渡島,330,イ,0.35,None,八雲町,None,None,山地災害防止（土砂）,0,140.133887,42.35677
None,他Ｌ,土流保,None,渡島,329,り,2.06,None,八雲町,イタヤカエデ,ブナ,山地災害防止（土砂）,0,140.136872,42.354271
None,トドマツ,土流保,None,渡島,329,ほ,6.0,None,八雲町,None,None,山地災害防止（土砂）,0,140.135099,42.35237
None,他Ｌ,土流保,None,渡島,329,ち,27.96,None,八雲町,イタヤカエデ,ブナ,山地災害防止（土砂）,0,140.133616,42.350494
None,None,土流保,None,渡島,329,ロ,5.31,None,八雲町,None,None,山地災害防止（土砂）,0,140.13185,42.353045
None,トドマツ,土流保,None,渡島,333,い,0.65,None,八雲町,None,None,山地災害防止（土砂）,0,140.161986,42.347874
None,トドマツ,土流保,None,渡島,333,い,0.65,None,八雲町,None,None,山地災害防止（土砂）,0,140.161244,42.348384
None,トドマツ,土流保,None,渡島,333,へ,3.91,None,八雲町,None,None,山地災害防止（土砂）,0,140.161082,42.347507
None,他Ｌ,土流保,None,渡島,333,る,1.38,None,八雲町,イタヤカエデ,ブナ,山地災害防止（土砂）,0,140.160411,42.349437
None,トドマツ,土流保,None,渡島,333,ほ,1.72,None,八雲町,None,None,山地災害防止（土砂）,0,140.158212,42.350947
None,ダケカンバ,土流保,None,渡島,333,り,71.18,None,八雲町,ブナ,他Ｌ,山地災害防止（土砂）,0,140.160479,42.348812
None,ダケカンバ,土流保,None,渡島,332,よ,0.43,None,八雲町,None,他Ｌ,山地災害防止（土砂）,0,140.150707,42.349919
None,ダケカンバ,土流保,None,渡島,330,わ,0.37,None,八雲町,None,他Ｌ,山地災害防止（土砂）,0,140.150223,42.350109
None,ダケカンバ,土流保,None,渡島,330,ぬ,8.44,None,八雲町,シナノキ,他Ｌ,山地災害防止（土砂）,0,140.149016,42.349245
None,トドマツ,土流保,None,渡島,330,ろ,4.22,None,八雲町,None,None,山地災害防止（土砂）,0,140.147264,42.349728
None,他Ｌ,土流保,None,渡島,332,わ,3.44,None,八雲町,ミズナラ,イタヤカエデ,山地災害防止（土砂）,0,140.147777,42.347582
None,ダケカンバ,土流保,None,渡島,330,り,33.67,None,八雲町,他Ｌ,シナノキ,山地災害防止（土砂）,0,140.146524,42.349264
None,ブナ,土流保,None,渡島,331,ち,5.31,None,八雲町,シナノキ,他Ｌ,山地災害防止（土砂）,0,140.147661,42.348189
None,トドマツ,土流保,None,渡島,331,へ,5.15,None,八雲町,None,None,山地災害防止（土砂）,0,140.146562,42.347987
None,トドマツ,土流保,None,渡島,332,ち,6.09,None,八雲町,None,None,山地災害防止（土砂）,0,140.14872,42.346324
None,ブナ,土流保,None,渡島,331,ち,5.31,None,八雲町,シナノキ,他Ｌ,山地災害防止（土砂）,0,140.146171,42.346348
None,他Ｌ,土流保,None,渡島,332,わ,3.44,None,八雲町,ミズナラ,イタヤカエデ,山地災害防止（土砂）,0,140.14636,42.346037
None,トドマツ,土流保,None,渡島,332,と,2.82,None,八雲町,None,None,山地災害防止（土砂）,0,140.14625,42.345058
None,他Ｌ,土流保,None,渡島,332,わ,3.44,None,八雲町,ミズナラ,イタヤカエデ,山地災害防止（土砂）,0,140.148326,42.343241
None,トドマツ,土流保,None,渡島,332,り,2.96,None,八雲町,None,None,山地災害防止（土砂）,0,140.147837,42.342611
None,トドマツ,土流保,None,渡島,332,ぬ,0.43,None,八雲町,None,None,山地災害防止（土砂）,0,140.146608,42.341502
None,None,None,None,渡島,332,イ,0.66,None,八雲町,None,None,山地災害防止（土砂）,0,140.144334,42.339354
None,トドマツ,土流保,None,渡島,332,に,1.28,None,八雲町,None,None,山地災害防止（土砂）,0,140.145417,42.339848
None,トドマツ,土流保,None,渡島,330,い,1.46,None,八雲町,None,None,山地災害防止（土砂）,0,140.14497,42.349805
None,ダケカンバ,土流保,None,渡島,330,ぬ,8.44,None,八雲町,シナノキ,他Ｌ,山地災害防止（土砂）,0,140.144308,42.349344
None,他Ｌ,土流保,None,渡島,329,ち,27.96,None,八雲町,イタヤカエデ,ブナ,山地災害防止（土砂）,0,140.14162,42.350032
None,トドマツ,土流保,None,渡島,329,は,1.58,None,八雲町,None,None,山地災害防止（土砂）,0,140.14114,42.350102
None,トドマツ,土流保,None,渡島,331,ほ,4.42,None,八雲町,None,None,山地災害防止（土砂）,0,140.144286,42.346718
None,他Ｌ,土流保,None,渡島,332,わ,3.44,None,八雲町,ミズナラ,イタヤカエデ,山地災害防止（土砂）,0,140.144853,42.345668
None,ブナ,土流保,None,渡島,331,ち,5.31,None,八雲町,シナノキ,他Ｌ,山地災害防止（土砂）,0,140.144258,42.345842
None,トドマツ,土流保,None,渡島,331,に,3.69,None,八雲町,None,None,山地災害防止（土砂）,0,140.143115,42.345389
None,他Ｌ,土流保,None,渡島,331,と,13.85,None,八雲町,シナノキ,ダケカンバ,山地災害防止（土砂）,0,140.141674,42.348011
None,他Ｌ,土流保,None,渡島,329,り,2.06,None,八雲町,イタヤカエデ,ブナ,山地災害防止（土砂）,0,140.138624,42.350246
None,トドマツ,土流保,None,渡島,329,ろ,8.93,None,八雲町,None,None,山地災害防止（土砂）,0,140.137855,42.348831
None,他Ｌ,土流保,None,渡島,329,ち,27.96,None,八雲町,イタヤカエデ,ブナ,山地災害防止（土砂）,0,140.140479,42.346989
None,None,None,None,渡島,329,イ,1.1,None,八雲町,None,None,山地災害防止（土砂）,0,140.14123,42.34857
None,ブナ,土流保,None,渡島,331,ち,5.31,None,八雲町,シナノキ,他Ｌ,山地災害防止（土砂）,0,140.141444,42.344924
None,None,土流保,None,渡島,331,イ,1.13,None,八雲町,None,None,山地災害防止（土砂）,0,140.139711,42.345259
None,ダケカンバ,土流保,None,渡島,328,と,36.1,None,八雲町,ブナ,他Ｌ,山地災害防止（土砂）,0,140.137618,42.347087
None,トドマツ,土流保,None,渡島,329,い,2.13,None,八雲町,None,None,山地災害防止（土砂）,0,140.139368,42.346347
None,トドマツ,土流保,None,渡島,329,と,0.18,None,八雲町,None,None,山地災害防止（土砂）,0,140.137237,42.344798
None,トドマツ,土流保,None,渡島,332,へ,4.77,None,八雲町,None,None,山地災害防止（土砂）,0,140.144682,42.343084
None,他Ｌ,土流保,None,渡島,332,か,43.53,None,八雲町,ミズナラ,イタヤカエデ,山地災害防止（土砂）,0,140.143136,42.341049
None,トドマツ,土流保,None,渡島,331,は,9.92,None,八雲町,None,None,山地災害防止（土砂）,0,140.142334,42.34287
None,他Ｌ,土流保,None,渡島,331,と,13.85,None,八雲町,シナノキ,ダケカンバ,山地災害防止（土砂）,0,140.141471,42.343685
None,他Ｌ,土流保,None,渡島,331,と,13.85,None,八雲町,シナノキ,ダケカンバ,山地災害防止（土砂）,0,140.139695,42.342734
None,他Ｌ,土流保,None,渡島,331,ろ,1.94,None,八雲町,シナノキ,ダケカンバ,山地災害防止（土砂）,0,140.140083,42.341571
None,トドマツ,土流保,None,渡島,331,い,4.22,None,八雲町,None,None,山地災害防止（土砂）,0,140.140528,42.340294
None,他Ｌ,土流保,None,渡島,331,と,13.85,None,八雲町,シナノキ,ダケカンバ,山地災害防止（土砂）,0,140.138167,42.339861
None,他Ｌ,土流保,None,渡島,332,か,43.53,None,八雲町,ミズナラ,イタヤカエデ,山地災害防止（土砂）,0,140.150399,42.348739
None,トドマツ,土流保,None,渡島,332,ろ,2.38,None,八雲町,None,None,山地災害防止（土砂）,0,140.146179,42.33784
None,トドマツ,土流保,None,渡島,332,は,3.16,None,八雲町,None,None,山地災害防止（土砂）,0,140.144159,42.33806
None,トドマツ,土流保,None,渡島,332,ほ,0.9,None,八雲町,None,None,山地災害防止（土砂）,0,140.142761,42.338866
None,トドマツ,土流保,None,渡島,332,い,0.75,None,八雲町,None,None,山地災害防止（土砂）,0,140.144612,42.335558
None,他Ｌ,土流保,None,渡島,332,る,5.38,None,八雲町,シナノキ,イタヤカエデ,山地災害防止（土砂）,0,140.139286,42.338499
None,ダケカンバ,土流保,None,渡島,328,と,36.1,None,八雲町,ブナ,他Ｌ,山地災害防止（土砂）,0,140.137036,42.341469
None,ダケカンバ,土流保,None,渡島,328,と,36.1,None,八雲町,ブナ,他Ｌ,山地災害防止（土砂）,0,140.138499,42.337298
None,他Ｌ,土流保,None,渡島,327,る,23.76,None,八雲町,ブナ,イタヤカエデ,山地災害防止（土砂）,0,140.139045,42.336505
None,トドマツ,土流保,None,渡島,327,り,6.02,None,八雲町,None,None,山地災害防止（土砂）,0,140.138671,42.33489
None,他Ｌ,土流保,None,渡島,327,わ,5.4,None,八雲町,イタヤカエデ,ブナ,山地災害防止（土砂）,0,140.138277,42.333572
None,ダケカンバ,土流保,None,渡島,328,と,36.1,None,八雲町,ブナ,他Ｌ,山地災害防止（土砂）,0,140.13566,42.346684
None,トドマツ,土流保,None,渡島,328,ほ,8.37,None,八雲町,None,None,山地災害防止（土砂）,0,140.136686,42.346293
None,ダケカンバ,土流保,None,渡島,328,と,36.1,None,八雲町,ブナ,他Ｌ,山地災害防止（土砂）,0,140.137004,42.345271
None,トドマツ,土流保,None,渡島,328,に,3.23,None,八雲町,None,None,山地災害防止（土砂）,0,140.132952,42.347881
None,None,土流保,None,渡島,328,イ,3.44,None,八雲町,None,None,山地災害防止（土砂）,0,140.131167,42.349696
None,ダケカンバ,土流保,None,渡島,328,と,36.1,None,八雲町,ブナ,他Ｌ,山地災害防止（土砂）,0,140.132878,42.34677
None,トドマツ,土流保,None,渡島,328,は,10.96,None,八雲町,None,ダケカンバ,山地災害防止（土砂）,0,140.135135,42.343407
None,ダケカンバ,土流保,None,渡島,328,る,0.73,None,八雲町,None,None,山地災害防止（土砂）,0,140.130101,42.347291
None,ダケカンバ,土流保,None,渡島,328,と,36.1,None,八雲町,ブナ,他Ｌ,山地災害防止（土砂）,0,140.130031,42.345565
None,トドマツ,土流保,None,渡島,328,ろ,1.64,None,八雲町,None,None,山地災害防止（土砂）,0,140.134862,42.341423
None,None,None,None,渡島,328,ロ,0.83,None,八雲町,None,None,山地災害防止（土砂）,0,140.137138,42.339274
None,トドマツ,土流保,None,渡島,328,い,1.72,None,八雲町,None,None,山地災害防止（土砂）,0,140.136042,42.340007
None,トドマツ,土流保,None,渡島,328,ち,0.9,None,八雲町,None,None,山地災害防止（土砂）,0,140.128785,42.346638
None,トドマツ,土流保,None,渡島,328,わ,0.54,None,八雲町,None,None,山地災害防止（土砂）,0,140.128177,42.345153
None,None,土流保,None,渡島,328,ハ,0.16,None,八雲町,None,None,山地災害防止（土砂）,1,140.127045,42.342417
None,ダケカンバ,土流保,None,渡島,328,と,36.1,None,八雲町,ブナ,他Ｌ,山地災害防止（土砂）,0,140.126262,42.344976
None,トドマツ,土流保,None,渡島,328,り,2.05,None,八雲町,None,None,山地災害防止（土砂）,0,140.125692,42.343308
None,ダケカンバ,土流保,None,渡島,328,と,36.1,None,八雲町,ブナ,他Ｌ,山地災害防止（土砂）,0,140.125414,42.34402
None,トドマツ,土流保,None,渡島,328,ぬ,1.57,None,八雲町,None,None,山地災害防止（土砂）,0,140.124369,42.342541
None,ダケカンバ,土流保,None,渡島,328,と,36.1,None,八雲町,ブナ,他Ｌ,山地災害防止（土砂）,0,140.122898,42.342656
None,他Ｌ,土流保,None,渡島,328,へ,0.69,None,八雲町,イタヤカエデ,ミズナラ,山地災害防止（土砂）,0,140.136078,42.338924
None,ダケカンバ,土流保,None,渡島,328,と,36.1,None,八雲町,ブナ,他Ｌ,山地災害防止（土砂）,0,140.134868,42.339313
None,他Ｌ,土流保,None,渡島,327,わ,5.4,None,八雲町,イタヤカエデ,ブナ,山地災害防止（土砂）,0,140.133764,42.339068
None,トドマツ,土流保,None,渡島,327,ち,13.04,None,八雲町,None,None,山地災害防止（土砂）,0,140.135249,42.336047
None,None,None,None,渡島,327,ロ,0.85,None,八雲町,None,None,山地災害防止（土砂）,0,140.135199,42.332877
None,他Ｌ,土流保,None,渡島,327,る,23.76,None,八雲町,ブナ,イタヤカエデ,山地災害防止（土砂）,0,140.133637,42.336671
None,トドマツ,土流保,None,渡島,327,り,6.02,None,八雲町,None,None,山地災害防止（土砂）,0,140.13593,42.332758
None,他Ｌ,土流保,None,渡島,327,る,23.76,None,八雲町,ブナ,イタヤカエデ,山地災害防止（土砂）,0,140.133201,42.33294
None,他Ｌ,土流保,None,渡島,327,る,23.76,None,八雲町,ブナ,イタヤカエデ,山地災害防止（土砂）,0,140.135503,42.331562
None,トドマツ,土流保,None,渡島,327,か,0.38,None,八雲町,None,None,山地災害防止（土砂）,0,140.134455,42.332116
None,アカエゾマツ,土流保,None,渡島,327,ぬ,0.94,None,八雲町,None,None,山地災害防止（土砂）,0,140.134538,42.330293
None,None,土流保,None,渡島,327,イ,0.94,None,八雲町,None,None,山地災害防止（土砂）,0,140.13361,42.330238
None,トドマツ,土流保,None,渡島,327,ほ,1.45,None,八雲町,None,None,山地災害防止（土砂）,0,140.133332,42.32909
None,トドマツ,土流保,None,渡島,327,と,0.26,None,八雲町,None,None,山地災害防止（土砂）,0,140.133259,42.331936
None,トドマツ,土流保,None,渡島,327,へ,1.9,None,八雲町,None,None,山地災害防止（土砂）,0,140.132864,42.330648
None,トドマツ,土流保,None,渡島,327,は,1.88,None,八雲町,None,None,山地災害防止（土砂）,0,140.133562,42.327116
None,トドマツ,土流保,None,渡島,327,に,0.6,None,八雲町,None,None,山地災害防止（土砂）,0,140.132478,42.328486
None,他Ｌ,土流保,None,渡島,327,わ,5.4,None,八雲町,イタヤカエデ,ブナ,山地災害防止（土砂）,0,140.131924,42.328166
None,他Ｌ,土流保,None,渡島,327,る,23.76,None,八雲町,ブナ,イタヤカエデ,山地災害防止（土砂）,0,140.132042,42.326619
None,トドマツ,土流保,None,渡島,327,ろ,0.79,None,八雲町,None,None,山地災害防止（土砂）,0,140.131218,42.32554
None,トドマツ,土流保,None,渡島,327,い,3.68,None,八雲町,None,ダケカンバ,山地災害防止（土砂）,0,140.132421,42.323631
None,ダケカンバ,土流保,None,渡島,227,い,0.74,None,八雲町,他Ｌ,カラマツ,山地災害防止（土砂）,0,140.18963,42.249606
None,ダケカンバ,土流保,None,渡島,227,い,0.74,None,八雲町,他Ｌ,カラマツ,山地災害防止（土砂）,0,140.189064,42.249622
None,カラマツ,土流保,None,渡島,226,ぬ,2.1,None,八雲町,None,ダケカンバ,山地災害防止（土砂）,0,140.190703,42.248221
None,他Ｌ,土流保,None,渡島,227,に,43.38,None,八雲町,ブナ,イタヤカエデ,山地災害防止（土砂）,0,140.189234,42.248719
None,トドマツ,土流保,None,渡島,227,は,1.05,None,八雲町,None,None,山地災害防止（土砂）,0,140.187962,42.24842
None,None,None,None,渡島,228,イ,2.04,None,八雲町,None,None,山地災害防止（土砂）,0,140.186562,42.251303
None,ダケカンバ,土流保,None,渡島,228,ろ,4.29,None,八雲町,他Ｌ,カラマツ,山地災害防止（土砂）,0,140.18703,42.249895
None,トドマツ,土流保,None,渡島,227,は,1.05,None,八雲町,None,None,山地災害防止（土砂）,0,140.187452,42.249033
None,ブナ,土流保,None,渡島,228,に,49.74,None,八雲町,イタヤカエデ,他Ｌ,山地災害防止（土砂）,0,140.188085,42.249296
None,トドマツ,土流保,None,渡島,228,は,1.56,None,八雲町,他Ｌ,ダケカンバ,山地災害防止（土砂）,0,140.186005,42.24828
None,カラマツ,土流保,None,渡島,226,い,0.42,None,八雲町,None,他Ｌ,山地災害防止（土砂）,0,140.190382,42.2473
None,ダケカンバ,土流保,None,渡島,226,る,1.08,None,八雲町,None,カラマツ,山地災害防止（土砂）,0,140.188796,42.248086
None,他Ｌ,土流保,None,渡島,226,れ,16.8,None,八雲町,センノキ,イタヤカエデ,山地災害防止（土砂）,0,140.188133,42.247199
None,他Ｌ,土流保,None,渡島,224,た,15.8,None,八雲町,ミズナラ,イタヤカエデ,山地災害防止（土砂）,0,140.189748,42.245559
None,他Ｌ,土流保,None,渡島,224,た,15.8,None,八雲町,ミズナラ,イタヤカエデ,山地災害防止（土砂）,0,140.188091,42.245205
None,トドマツ,土流保,None,渡島,226,ろ,1.73,None,八雲町,None,None,山地災害防止（土砂）,0,140.187169,42.247025
None,トドマツ,土流保,None,渡島,227,ろ,2.11,None,八雲町,他Ｌ,ダケカンバ,山地災害防止（土砂）,0,140.1863,42.247511
None,ヤチダモ,土流保,None,渡島,226,は,0.42,None,八雲町,None,None,山地災害防止（土砂）,0,140.187743,42.246605
None,他Ｌ,土流保,None,渡島,224,た,15.8,None,八雲町,ミズナラ,イタヤカエデ,山地災害防止（土砂）,0,140.188905,42.246397
None,カラマツ,土流保,None,渡島,226,に,0.62,None,八雲町,None,他Ｌ,山地災害防止（土砂）,0,140.186656,42.246172
None,ヤチダモ,土流保,None,渡島,226,ほ,0.67,None,八雲町,None,None,山地災害防止（土砂）,0,140.185244,42.246169
None,ヤチダモ,土流保,None,渡島,224,い,0.28,None,八雲町,None,None,山地災害防止（土砂）,0,140.185625,42.245756
None,カラマツ,土流保,None,渡島,226,へ,0.42,None,八雲町,None,None,山地災害防止（土砂）,0,140.184619,42.245839
None,ダケカンバ,土流保,None,渡島,224,ぬ,4.01,None,八雲町,None,カラマツ,山地災害防止（土砂）,0,140.186896,42.244968
None,トドマツ,土流保,None,渡島,224,ろ,1.03,None,八雲町,None,None,山地災害防止（土砂）,0,140.185327,42.244671
None,ヤチダモ,土流保,None,渡島,226,と,0.45,None,八雲町,None,None,山地災害防止（土砂）,0,140.184017,42.244695
None,他Ｌ,土流保,None,渡島,224,た,15.8,None,八雲町,ミズナラ,イタヤカエデ,山地災害防止（土砂）,0,140.185787,42.243235
None,ブナ,土流保,None,渡島,223,は,42.92,None,八雲町,ミズナラ,他Ｌ,山地災害防止（土砂）,0,140.187639,42.240605
None,None,土流保,None,渡島,224,ロ,1.07,None,八雲町,None,None,山地災害防止（土砂）,0,140.183874,42.242633
None,None,土流保,None,渡島,223,イ,7.25,None,八雲町,None,None,山地災害防止（土砂）,0,140.18429,42.237044
None,ミズナラ,土流保,None,渡島,316,と,20.4,None,八雲町,他Ｌ,ブナ,山地災害防止（土砂）,0,140.126898,42.302978
None,トドマツ,土流保,None,渡島,316,ほ,2.88,None,八雲町,None,None,山地災害防止（土砂）,0,140.125478,42.304079
None,ブナ,土流保,None,渡島,316,ち,1.08,None,八雲町,イタヤカエデ,他Ｌ,山地災害防止（土砂）,0,140.12458,42.304173
None,トドマツ,土流保,None,渡島,316,に,2.22,None,八雲町,None,None,山地災害防止（土砂）,0,140.123403,42.304021
None,トドマツ,土流保,None,渡島,317,い,1.7,None,八雲町,None,None,山地災害防止（土砂）,0,140.122423,42.304616
None,他Ｌ,土流保,None,渡島,317,ぬ,19.9,None,八雲町,シナノキ,ダケカンバ,山地災害防止（土砂）,0,140.121855,42.303631
None,ブナ,土流保,None,渡島,316,ち,1.08,None,八雲町,イタヤカエデ,他Ｌ,山地災害防止（土砂）,0,140.123902,42.303125
None,ブナ,土流保,None,渡島,316,へ,58.85,None,八雲町,他Ｌ,イタヤカエデ,山地災害防止（土砂）,0,140.125476,42.298231
None,トドマツ,土流保,None,渡島,316,は,0.22,None,八雲町,None,None,山地災害防止（土砂）,0,140.128024,42.295231
None,トドマツ,土流保,None,渡島,316,ろ,0.83,None,八雲町,None,None,山地災害防止（土砂）,0,140.127173,42.294009
None,カラマツ,土流保,None,渡島,316,い,2.65,None,八雲町,None,None,山地災害防止（土砂）,0,140.126202,42.293422
None,ブナ,土流保,None,渡島,228,に,49.74,None,八雲町,イタヤカエデ,他Ｌ,山地災害防止（土砂）,0,140.181974,42.254154
None,None,None,None,渡島,228,イ,2.04,None,八雲町,None,None,山地災害防止（土砂）,0,140.181337,42.253998
None,トドマツ,土流保,None,渡島,228,い,12.01,None,八雲町,None,None,山地災害防止（土砂）,0,140.183182,42.253459
None,ブナ,土流保,None,渡島,228,に,49.74,None,八雲町,イタヤカエデ,他Ｌ,山地災害防止（土砂）,0,140.180602,42.253199
None,トドマツ,土流保,None,渡島,228,い,12.01,None,八雲町,None,None,山地災害防止（土砂）,0,140.179555,42.251713
None,ブナ,土流保,None,渡島,228,に,49.74,None,八雲町,イタヤカエデ,他Ｌ,山地災害防止（土砂）,0,140.178042,42.248164
None,ダケカンバ,土流保,None,渡島,226,そ,2.44,None,八雲町,None,カラマツ,山地災害防止（土砂）,0,140.183638,42.245428
None,ヤチダモ,土流保,None,渡島,224,は,0.23,None,八雲町,None,None,山地災害防止（土砂）,0,140.183722,42.243759
None,None,土流保,None,渡島,226,ハ,1.06,None,八雲町,None,None,山地災害防止（土砂）,0,140.183057,42.243858
None,ヤチダモ,土流保,None,渡島,224,に,0.25,None,八雲町,None,None,山地災害防止（土砂）,0,140.183652,42.243135
None,ダケカンバ,土流保,None,渡島,226,わ,2.22,None,八雲町,None,カラマツ,山地災害防止（土砂）,0,140.182117,42.24376
None,None,土流保,None,渡島,226,ニ,1.2,None,八雲町,None,None,山地災害防止（土砂）,0,140.181314,42.243464
None,ダケカンバ,土流保,None,渡島,224,る,10.36,None,八雲町,None,カラマツ,山地災害防止（土砂）,0,140.182942,42.241501
None,カラマツ,土流保,None,渡島,226,り,0.43,None,八雲町,None,イタヤカエデ,山地災害防止（土砂）,0,140.181677,42.242218
None,ダケカンバ,土流保,None,渡島,226,か,1.43,None,八雲町,None,カラマツ,山地災害防止（土砂）,0,140.180742,42.242706
None,ヤチダモ,土流保,None,渡島,226,ち,3.39,None,八雲町,None,None,山地災害防止（土砂）,0,140.179289,42.239121
None,他Ｌ,土流保,None,渡島,224,た,15.8,None,八雲町,ミズナラ,イタヤカエデ,山地災害防止（土砂）,0,140.183094,42.239677
None,ダケカンバ,土流保,None,渡島,224,れ,0.5,None,八雲町,None,カラマツ,山地災害防止（土砂）,0,140.181002,42.239654
None,他Ｌ,土流保,None,渡島,224,た,15.8,None,八雲町,ミズナラ,イタヤカエデ,山地災害防止（土砂）,0,140.180431,42.239323
None,None,土流保,None,渡島,224,ハ,4.11,None,八雲町,None,None,山地災害防止（土砂）,0,140.182782,42.238157
None,None,土流保,None,渡島,226,ホ,3.38,None,八雲町,None,None,山地災害防止（土砂）,0,140.178957,42.24196
None,None,土流保,None,渡島,226,ヘ,2.34,None,八雲町,None,None,山地災害防止（土砂）,0,140.177647,42.240569
None,None,土流保,None,渡島,226,ト,0.87,None,八雲町,None,None,山地災害防止（土砂）,0,140.176411,42.239887
None,他Ｌ,土流保,None,渡島,225,に,60.95,None,八雲町,イタヤカエデ,ブナ,山地災害防止（土砂）,0,140.177478,42.237677
None,ダケカンバ,土流保,None,渡島,224,わ,11.68,None,八雲町,他Ｌ,カラマツ,山地災害防止（土砂）,0,140.180995,42.236398
None,トドマツ,土流保,None,渡島,224,ち,3.44,None,八雲町,None,他Ｌ,山地災害防止（土砂）,0,140.180389,42.234324
None,トドマツ,土流保,None,渡島,224,へ,1.5,None,八雲町,None,None,山地災害防止（土砂）,0,140.179037,42.236281
None,ヤチダモ,土流保,None,渡島,224,ほ,0.25,None,八雲町,None,None,山地災害防止（土砂）,0,140.17836,42.237372
None,None,土流保,None,渡島,224,イ,1.06,None,八雲町,None,None,山地災害防止（土砂）,0,140.179442,42.235101
None,ヤチダモ,土流保,None,渡島,225,い,2.29,None,八雲町,None,None,山地災害防止（土砂）,0,140.177635,42.236449
None,ダケカンバ,土流保,None,渡島,225,ろ,1.97,None,八雲町,None,カラマツ,山地災害防止（土砂）,0,140.173712,42.236946
None,ヤチダモ,土流保,None,渡島,224,と,0.45,None,八雲町,None,None,山地災害防止（土砂）,0,140.177956,42.235534
None,他Ｌ,土流保,None,渡島,224,た,15.8,None,八雲町,ミズナラ,イタヤカエデ,山地災害防止（土砂）,0,140.17714,42.232895
None,ダケカンバ,土流保,None,渡島,224,か,3.58,None,八雲町,他Ｌ,カラマツ,山地災害防止（土砂）,0,140.178589,42.23431
None,他Ｌ,土流保,None,渡島,227,に,43.38,None,八雲町,ブナ,イタヤカエデ,山地災害防止（土砂）,0,140.174028,42.243394
None,ダケカンバ,土流保,None,渡島,226,よ,13.67,None,八雲町,None,カラマツ,山地災害防止（土砂）,0,140.175122,42.239542
None,None,土流保,None,渡島,226,イ,2.35,None,八雲町,None,None,山地災害防止（土砂）,0,140.172749,42.239668
None,他Ｌ,土流保,None,渡島,226,れ,16.8,None,八雲町,センノキ,イタヤカエデ,山地災害防止（土砂）,0,140.169779,42.237816
None,ダケカンバ,土流保,None,渡島,226,た,0.6,None,八雲町,None,カラマツ,山地災害防止（土砂）,0,140.17396,42.237527
None,ダケカンバ,土流保,None,渡島,225,は,28.61,None,八雲町,None,カラマツ,山地災害防止（土砂）,0,140.170001,42.231293
None,トドマツ,土流保,None,渡島,223,ろ,1.48,None,八雲町,None,None,山地災害防止（土砂）,0,140.181687,42.230975
None,トドマツ,土流保,None,渡島,224,り,2.15,None,八雲町,None,None,山地災害防止（土砂）,0,140.178031,42.231652
None,ダケカンバ,土流保,None,渡島,224,よ,4.0,None,八雲町,他Ｌ,カラマツ,山地災害防止（土砂）,0,140.176234,42.231698
None,トドマツ,土流保,None,渡島,223,い,1.62,None,八雲町,None,他Ｌ,山地災害防止（土砂）,0,140.178561,42.229409
None,他Ｌ,土流保,None,渡島,224,た,15.8,None,八雲町,ミズナラ,イタヤカエデ,山地災害防止（土砂）,0,140.173367,42.230963
None,ブナ,土流保,None,渡島,222,ち,47.04,None,八雲町,他Ｌ,イタヤカエデ,山地災害防止（土砂）,0,140.174079,42.228246
None,トドマツ,土流保,None,渡島,222,へ,2.12,None,八雲町,None,None,山地災害防止（土砂）,0,140.173661,42.22546
None,トドマツ,土流保,None,渡島,222,ほ,0.31,None,八雲町,None,None,山地災害防止（土砂）,0,140.173198,42.224289
None,カラマツ,土流保,None,渡島,222,と,0.83,None,八雲町,None,ダケカンバ,山地災害防止（土砂）,0,140.17267,42.223631
None,トドマツ,土流保,None,渡島,222,に,6.06,None,八雲町,None,None,山地災害防止（土砂）,0,140.170928,42.224911
None,トドマツ,土流保,None,渡島,222,い,0.78,None,八雲町,None,None,山地災害防止（土砂）,0,140.171863,42.222454
None,トドマツ,土流保,None,渡島,221,へ,2.73,None,八雲町,None,None,山地災害防止（土砂）,0,140.170224,42.222012
None,None,土流保,None,渡島,225,イ,4.43,None,八雲町,None,None,山地災害防止（土砂）,0,140.167311,42.232109
None,他Ｌ,土流保,None,渡島,225,に,60.95,None,八雲町,イタヤカエデ,ブナ,山地災害防止（土砂）,0,140.162898,42.231261
None,トドマツ,土流保,None,渡島,222,は,1.85,None,八雲町,None,None,山地災害防止（土砂）,0,140.16783,42.227858
None,他Ｌ,土流保,None,渡島,221,か,2.31,None,八雲町,イタヤカエデ,ブナ,山地災害防止（土砂）,0,140.161013,42.229483
None,トドマツ,土流保,None,渡島,221,に,4.38,None,八雲町,None,None,山地災害防止（土砂）,0,140.163393,42.227235
None,トドマツ,土流保,None,渡島,221,る,0.5,None,八雲町,None,None,山地災害防止（土砂）,0,140.16807,42.22429
None,トドマツ,土流保,None,渡島,221,わ,1.1,None,八雲町,None,ダケカンバ,山地災害防止（土砂）,0,140.167142,42.224253
None,トドマツ,土流保,None,渡島,222,ろ,0.52,None,八雲町,None,None,山地災害防止（土砂）,0,140.166033,42.226467
None,トドマツ,土流保,None,渡島,221,ほ,2.09,None,八雲町,None,None,山地災害防止（土砂）,0,140.16596,42.224791
None,トドマツ,土流保,None,渡島,221,と,3.08,None,八雲町,None,他Ｎ,山地災害防止（土砂）,0,140.166939,42.222477
None,None,土流保,None,渡島,221,イ,2.38,None,八雲町,None,None,山地災害防止（土砂）,1,140.166032,42.22134
None,トドマツ,土流保,None,渡島,221,ぬ,0.96,None,八雲町,None,ダケカンバ,山地災害防止（土砂）,0,140.16138,42.22611
None,他Ｌ,土流保,None,渡島,221,よ,51.03,None,八雲町,イタヤカエデ,ブナ,山地災害防止（土砂）,0,140.159968,42.22706
None,None,土流保,None,渡島,221,イ,2.38,None,八雲町,None,None,山地災害防止（土砂）,1,140.162013,42.223985
None,トドマツ,土流保,None,渡島,221,り,0.73,None,八雲町,None,ダケカンバ,山地災害防止（土砂）,0,140.162162,42.223555
None,ブナ,土流保,None,渡島,229,ほ,3.75,None,八雲町,ニレ,他Ｌ,山地災害防止（土砂）,0,140.157614,42.230655
None,トドマツ,土流保,None,渡島,229,い,3.49,None,八雲町,None,None,山地災害防止（土砂）,0,140.157268,42.228946
None,ブナ,土流保,None,渡島,229,ほ,3.75,None,八雲町,ニレ,他Ｌ,山地災害防止（土砂）,0,140.15743,42.227303
None,トドマツ,土流保,None,渡島,229,に,3.17,None,八雲町,None,None,山地災害防止（土砂）,0,140.156085,42.227657
None,None,土流保,None,渡島,229,イ,0.89,None,八雲町,None,None,山地災害防止（土砂）,1,140.156135,42.227221
None,None,土流保,None,渡島,229,イ,0.89,None,八雲町,None,None,山地災害防止（土砂）,1,140.154777,42.227885
None,None,土流保,None,渡島,221,イ,2.38,None,八雲町,None,None,山地災害防止（土砂）,1,140.160705,42.224804
None,ブナ,土流保,None,渡島,229,ほ,3.75,None,八雲町,ニレ,他Ｌ,山地災害防止（土砂）,0,140.156924,42.226017
None,トドマツ,土流保,None,渡島,221,ろ,2.79,None,八雲町,None,None,山地災害防止（土砂）,0,140.158132,42.223182
None,トドマツ,土流保,None,渡島,221,は,6.39,None,八雲町,None,None,山地災害防止（土砂）,0,140.157164,42.222337
None,トドマツ,土流保,None,渡島,229,に,3.17,None,八雲町,None,None,山地災害防止（土砂）,0,140.155765,42.22522
None,トドマツ,土流保,None,渡島,221,ち,5.39,None,八雲町,None,None,山地災害防止（土砂）,0,140.154649,42.223654
None,他Ｌ,土流保,None,渡島,221,か,2.31,None,八雲町,イタヤカエデ,ブナ,山地災害防止（土砂）,0,140.15624,42.221596
None,ブナ,土流保,None,渡島,229,へ,27.17,None,八雲町,ニレ,他Ｌ,山地災害防止（土砂）,0,140.153181,42.223546
None,他Ｌ,土流保,None,渡島,221,か,2.31,None,八雲町,イタヤカエデ,ブナ,山地災害防止（土砂）,0,140.153092,42.222903
None,None,None,None,渡島,244,イ,0.79,None,八雲町,None,None,山地災害防止（土砂）,0,140.136798,42.239164
None,トドマツ,土流保,None,渡島,238,ち,0.65,None,八雲町,None,None,山地災害防止（土砂）,0,140.138183,42.235056
None,トドマツ,土流保,None,渡島,238,と,1.14,None,八雲町,None,None,山地災害防止（土砂）,0,140.139656,42.233343
None,None,土流保,None,渡島,229,ロ,1.4,None,八雲町,None,None,山地災害防止（土砂）,0,140.145212,42.226645
None,ブナ,土流保,None,渡島,229,へ,27.17,None,八雲町,ニレ,他Ｌ,山地災害防止（土砂）,0,140.145079,42.227803
None,トドマツ,土流保,None,渡島,230,い,8.0,None,八雲町,None,ダケカンバ,山地災害防止（土砂）,0,140.144956,42.228
None,トドマツ,土流保,None,渡島,229,は,5.68,None,八雲町,None,None,山地災害防止（土砂）,0,140.145298,42.227508
None,ブナ,土流保,None,渡島,229,へ,27.17,None,八雲町,ニレ,他Ｌ,山地災害防止（土砂）,0,140.151261,42.225334
None,トドマツ,土流保,None,渡島,229,ろ,25.43,None,八雲町,None,None,山地災害防止（土砂）,0,140.152524,42.222936
None,トドマツ,土流保,None,渡島,229,は,5.68,None,八雲町,None,None,山地災害防止（土砂）,0,140.146707,42.226269
None,None,土流保,None,渡島,229,ロ,1.4,None,八雲町,None,None,山地災害防止（土砂）,0,140.14712,42.224661
None,トドマツ,土流保,None,渡島,229,ろ,25.43,None,八雲町,None,None,山地災害防止（土砂）,0,140.147025,42.224943
None,ブナ,土流保,None,渡島,230,と,45.27,None,八雲町,他Ｌ,イタヤカエデ,山地災害防止（土砂）,0,140.145372,42.2254
None,None,土流保,None,渡島,230,ハ,0.82,None,八雲町,None,None,山地災害防止（土砂）,0,140.145052,42.225713
None,トドマツ,土流保,None,渡島,230,い,8.0,None,八雲町,None,ダケカンバ,山地災害防止（土砂）,0,140.145311,42.225677
None,トドマツ,土流保,None,渡島,229,は,5.68,None,八雲町,None,None,山地災害防止（土砂）,0,140.146092,42.225333
None,他Ｌ,土流保,None,渡島,230,ほ,2.96,None,八雲町,None,ダケカンバ,山地災害防止（土砂）,0,140.147854,42.224014
None,他Ｌ,土流保,None,渡島,230,り,3.08,None,八雲町,None,ダケカンバ,山地災害防止（土砂）,0,140.147538,42.223973
None,None,土流保,None,渡島,230,ハ,0.82,None,八雲町,None,None,山地災害防止（土砂）,0,140.147125,42.224438
None,他Ｌ,土流保,None,渡島,230,り,3.08,None,八雲町,None,ダケカンバ,山地災害防止（土砂）,0,140.145949,42.222594
None,ブナ,土流保,None,渡島,230,と,45.27,None,八雲町,他Ｌ,イタヤカエデ,山地災害防止（土砂）,0,140.143703,42.230253
None,トドマツ,土流保,None,渡島,230,い,8.0,None,八雲町,None,ダケカンバ,山地災害防止（土砂）,0,140.141627,42.230669
None,トドマツ,土流保,None,渡島,230,い,8.0,None,八雲町,None,ダケカンバ,山地災害防止（土砂）,0,140.142124,42.230009
None,None,土流保,None,渡島,230,ハ,0.82,None,八雲町,None,None,山地災害防止（土砂）,0,140.142773,42.230004
None,None,土流保,None,渡島,230,ハ,0.82,None,八雲町,None,None,山地災害防止（土砂）,0,140.144884,42.228223
None,トドマツ,土流保,None,渡島,230,い,8.0,None,八雲町,None,ダケカンバ,山地災害防止（土砂）,0,140.14382,42.226329
None,None,土流保,None,渡島,230,イ,2.44,None,八雲町,None,None,山地災害防止（土砂）,0,140.143574,42.227982
None,ブナ,土流保,None,渡島,230,と,45.27,None,八雲町,他Ｌ,イタヤカエデ,山地災害防止（土砂）,0,140.142349,42.228838
None,ブナ,土流保,None,渡島,230,ち,2.5,None,八雲町,他Ｌ,イタヤカエデ,山地災害防止（土砂）,0,140.1415,42.22771
None,ブナ,土流保,None,渡島,230,と,45.27,None,八雲町,他Ｌ,イタヤカエデ,山地災害防止（土砂）,0,140.140688,42.231389
None,ブナ,土流保,None,渡島,230,と,45.27,None,八雲町,他Ｌ,イタヤカエデ,山地災害防止（土砂）,0,140.140159,42.23151
None,トドマツ,土流保,None,渡島,230,い,8.0,None,八雲町,None,ダケカンバ,山地災害防止（土砂）,0,140.140537,42.230622
None,ブナ,土流保,None,渡島,230,と,45.27,None,八雲町,他Ｌ,イタヤカエデ,山地災害防止（土砂）,0,140.140126,42.22949
None,ダケカンバ,土流保,None,渡島,230,に,0.38,None,八雲町,None,トドマツ,山地災害防止（土砂）,0,140.140913,42.229171
None,ブナ,土流保,None,渡島,230,ち,2.5,None,八雲町,他Ｌ,イタヤカエデ,山地災害防止（土砂）,0,140.140057,42.229083
None,ブナ,土流保,None,渡島,230,と,45.27,None,八雲町,他Ｌ,イタヤカエデ,山地災害防止（土砂）,0,140.136872,42.225322
None,トドマツ,土流保,None,渡島,238,ほ,0.29,None,八雲町,None,None,山地災害防止（土砂）,0,140.138064,42.227865
None,ブナ,土流保,None,渡島,230,と,45.27,None,八雲町,他Ｌ,イタヤカエデ,山地災害防止（土砂）,0,140.143615,42.223849
None,ブナ,土流保,None,渡島,230,へ,3.06,None,八雲町,イタヤカエデ,他Ｌ,山地災害防止（土砂）,0,140.139517,42.225239
None,トドマツ,土流保,None,渡島,230,ろ,2.35,None,八雲町,None,ダケカンバ,山地災害防止（土砂）,0,140.138936,42.226076
None,ブナ,土流保,None,渡島,230,と,45.27,None,八雲町,他Ｌ,イタヤカエデ,山地災害防止（土砂）,0,140.137899,42.224454
None,トドマツ,土流保,None,渡島,231,い,3.85,None,八雲町,None,None,山地災害防止（土砂）,0,140.137482,42.222611
None,トドマツ,土流保,None,渡島,244,ほ,0.3,None,八雲町,None,None,山地災害防止（土砂）,0,140.132271,42.238556
None,他Ｌ,土流保,None,渡島,244,り,17.91,None,八雲町,センノキ,イタヤカエデ,山地災害防止（土砂）,2,140.132834,42.237972
None,他Ｌ,土流保,None,渡島,244,り,17.91,None,八雲町,センノキ,イタヤカエデ,山地災害防止（土砂）,2,140.130669,42.239764
None,トドマツ,土流保,None,渡島,244,に,1.64,None,八雲町,None,None,山地災害防止（土砂）,0,140.130233,42.238663
None,他Ｌ,土流保,None,渡島,244,り,17.91,None,八雲町,センノキ,イタヤカエデ,山地災害防止（土砂）,2,140.130608,42.238299
None,トドマツ,土流保,None,渡島,244,に,1.64,None,八雲町,None,None,山地災害防止（土砂）,0,140.130234,42.238046
None,None,None,None,渡島,244,ハ,0.07,None,八雲町,None,None,山地災害防止（土砂）,0,140.129986,42.237756
None,トドマツ,土流保,None,渡島,244,に,1.64,None,八雲町,None,None,山地災害防止（土砂）,0,140.129498,42.237995
None,他Ｌ,土流保,None,渡島,238,ぬ,3.84,None,八雲町,ダケカンバ,ブナ,山地災害防止（土砂）,0,140.135412,42.235648
None,ブナ,土流保,None,渡島,239,り,4.25,None,八雲町,他Ｌ,イタヤカエデ,山地災害防止（土砂）,0,140.134984,42.236307
None,トドマツ,土流保,None,渡島,238,り,2.97,None,八雲町,None,None,山地災害防止（土砂）,0,140.135553,42.233449
None,ブナ,土流保,None,渡島,239,り,4.25,None,八雲町,他Ｌ,イタヤカエデ,山地災害防止（土砂）,0,140.135511,42.232825
None,トドマツ,土流保,None,渡島,239,い,8.3,None,八雲町,None,ダケカンバ,山地災害防止（土砂）,0,140.133948,42.233666
None,トドマツ,土流保,None,渡島,239,ち,0.15,None,八雲町,None,None,山地災害防止（土砂）,0,140.132879,42.236551
None,ダケカンバ,土流保,None,渡島,239,と,0.72,None,八雲町,None,トドマツ,山地災害防止（土砂）,0,140.131323,42.237241
None,ブナ,土流保,None,渡島,242,へ,26.21,None,八雲町,他Ｌ,ミズナラ,山地災害防止（土砂）,0,140.129924,42.237412
None,None,None,None,渡島,242,イ,0.01,None,八雲町,None,None,山地災害防止（土砂）,0,140.129849,42.237398
None,ブナ,土流保,None,渡島,239,ぬ,26.94,None,八雲町,他Ｌ,イタヤカエデ,山地災害防止（土砂）,0,140.130885,42.23597
None,トドマツ,土流保,None,渡島,239,へ,2.46,None,八雲町,None,None,山地災害防止（土砂）,0,140.131588,42.234374
None,他Ｌ,土流保,None,渡島,244,り,17.91,None,八雲町,センノキ,イタヤカエデ,山地災害防止（土砂）,2,140.128813,42.239215
None,トドマツ,土流保,None,渡島,244,と,0.35,None,八雲町,None,None,山地災害防止（土砂）,0,140.1274,42.239175
None,他Ｌ,土流保,None,渡島,244,り,17.91,None,八雲町,センノキ,イタヤカエデ,山地災害防止（土砂）,2,140.126549,42.238225
None,None,None,None,渡島,244,ロ,1.38,None,八雲町,None,None,山地災害防止（土砂）,0,140.130257,42.238118
None,ダケカンバ,土流保,None,渡島,244,へ,0.18,None,八雲町,None,他Ｌ,山地災害防止（土砂）,0,140.126212,42.237877
None,トドマツ,土流保,None,渡島,244,ち,0.5,None,八雲町,None,None,山地災害防止（土砂）,0,140.124391,42.239813
None,トドマツ,土流保,None,渡島,244,は,2.97,None,八雲町,None,None,山地災害防止（土砂）,0,140.123523,42.237686
None,他Ｌ,土流保,None,渡島,244,り,12.07,None,八雲町,センノキ,イタヤカエデ,山地災害防止（土砂）,1,140.122872,42.23918
None,トドマツ,土流保,None,渡島,241,い,1.96,None,八雲町,None,None,山地災害防止（土砂）,0,140.125522,42.235507
None,トドマツ,土流保,None,渡島,239,ろ,11.36,None,八雲町,None,None,山地災害防止（土砂）,0,140.129324,42.233308
None,トドマツ,土流保,None,渡島,244,い,0.34,None,八雲町,None,None,山地災害防止（土砂）,0,140.12487,42.237317
None,他Ｌ,土流保,None,渡島,244,り,17.91,None,八雲町,センノキ,イタヤカエデ,山地災害防止（土砂）,2,140.126448,42.237462
None,トドマツ,土流保,None,渡島,242,い,3.1,None,八雲町,None,None,山地災害防止（土砂）,0,140.122634,42.235522
None,ブナ,土流保,None,渡島,241,た,41.35,None,八雲町,他Ｌ,ミズナラ,山地災害防止（土砂）,0,140.12485,42.235091
None,トドマツ,土流保,None,渡島,241,は,8.13,None,八雲町,None,None,山地災害防止（土砂）,0,140.123516,42.233718
None,ブナ,土流保,None,渡島,241,た,41.35,None,八雲町,他Ｌ,ミズナラ,山地災害防止（土砂）,0,140.129734,42.236801
None,None,None,None,渡島,241,イ,1.53,None,八雲町,None,None,山地災害防止（土砂）,0,140.123903,42.230147
None,トドマツ,土流保,None,渡島,241,ろ,2.66,None,八雲町,None,None,山地災害防止（土砂）,0,140.124531,42.232207
None,トドマツ,土流保,None,渡島,242,ろ,6.41,None,八雲町,None,None,山地災害防止（土砂）,0,140.120491,42.230432
None,他Ｌ,土流保,None,渡島,238,わ,6.22,None,八雲町,ダケカンバ,ブナ,山地災害防止（土砂）,0,140.135537,42.231854
None,トドマツ,土流保,None,渡島,238,へ,11.1,None,八雲町,None,None,山地災害防止（土砂）,0,140.135422,42.230016
None,トドマツ,土流保,None,渡島,238,ろ,1.23,None,八雲町,None,None,山地災害防止（土砂）,0,140.134381,42.227874
None,他Ｌ,土流保,None,渡島,238,ぬ,3.84,None,八雲町,ダケカンバ,ブナ,山地災害防止（土砂）,0,140.132176,42.229655
None,ブナ,土流保,None,渡島,239,ぬ,26.94,None,八雲町,他Ｌ,イタヤカエデ,山地災害防止（土砂）,0,140.129493,42.232043
None,トドマツ,土流保,None,渡島,238,に,4.07,None,八雲町,None,None,山地災害防止（土砂）,0,140.130638,42.229498
None,他Ｌ,土流保,None,渡島,238,る,37.89,None,八雲町,ダケカンバ,ブナ,山地災害防止（土砂）,0,140.137989,42.232679
None,None,None,None,渡島,230,ロ,1.15,None,八雲町,None,None,山地災害防止（土砂）,0,140.138533,42.227286
None,トドマツ,土流保,None,渡島,230,ろ,2.35,None,八雲町,None,ダケカンバ,山地災害防止（土砂）,0,140.137022,42.225466
None,トドマツ,土流保,None,渡島,238,い,6.91,None,八雲町,None,None,山地災害防止（土砂）,0,140.134184,42.224783
None,他Ｌ,土流保,None,渡島,238,ぬ,3.84,None,八雲町,ダケカンバ,ブナ,山地災害防止（土砂）,0,140.134765,42.224138
None,ブナ,土流保,None,渡島,231,と,32.25,None,八雲町,イタヤカエデ,他Ｌ,山地災害防止（土砂）,0,140.13618,42.223582
None,None,None,None,渡島,231,イ,0.25,None,八雲町,None,None,山地災害防止（土砂）,0,140.136216,42.223929
None,トドマツ,土流保,None,渡島,231,い,3.85,None,八雲町,None,None,山地災害防止（土砂）,0,140.135391,42.222901
None,他Ｌ,土流保,None,渡島,238,ぬ,3.84,None,八雲町,ダケカンバ,ブナ,山地災害防止（土砂）,0,140.133005,42.224203
None,トドマツ,土流保,None,渡島,239,は,6.49,None,八雲町,None,None,山地災害防止（土砂）,0,140.128346,42.230323
None,他Ｌ,土流保,None,渡島,238,ぬ,3.84,None,八雲町,ダケカンバ,ブナ,山地災害防止（土砂）,0,140.128725,42.228955
None,トドマツ,土流保,None,渡島,238,は,5.59,None,八雲町,None,None,山地災害防止（土砂）,0,140.128343,42.227273
None,他Ｌ,土流保,None,渡島,238,ぬ,3.84,None,八雲町,ダケカンバ,ブナ,山地災害防止（土砂）,0,140.12743,42.226861
None,トドマツ,土流保,None,渡島,240,い,0.8,None,八雲町,None,None,山地災害防止（土砂）,0,140.125573,42.227162
None,トドマツ,土流保,None,渡島,239,に,4.43,None,八雲町,None,None,山地災害防止（土砂）,0,140.125605,42.230258
None,ブナ,土流保,None,渡島,239,り,4.25,None,八雲町,他Ｌ,イタヤカエデ,山地災害防止（土砂）,0,140.128278,42.228746
None,トドマツ,土流保,None,渡島,239,ほ,5.29,None,八雲町,None,None,山地災害防止（土砂）,0,140.125215,42.228255
None,ダケカンバ,土流保,None,渡島,241,よ,0.59,None,八雲町,None,他Ｌ,山地災害防止（土砂）,0,140.122633,42.228715
None,ダケカンバ,土流保,None,渡島,241,つ,0.11,None,八雲町,None,他Ｌ,山地災害防止（土砂）,0,140.122661,42.229476
None,他Ｌ,土流保,None,渡島,238,ぬ,3.84,None,八雲町,ダケカンバ,ブナ,山地災害防止（土砂）,0,140.129207,42.225842
None,ブナ,土流保,None,渡島,240,ち,4.87,None,八雲町,他Ｌ,シナノキ,山地災害防止（土砂）,0,140.126188,42.223344
None,None,None,None,渡島,240,イ,0.56,None,八雲町,None,None,山地災害防止（土砂）,0,140.123077,42.225309
None,トドマツ,土流保,None,渡島,240,ろ,6.49,None,八雲町,None,None,山地災害防止（土砂）,0,140.125047,42.223973
None,ブナ,土流保,None,渡島,240,ち,4.87,None,八雲町,他Ｌ,シナノキ,山地災害防止（土砂）,0,140.124203,42.222805
None,トドマツ,土流保,None,渡島,240,に,5.16,None,八雲町,None,None,山地災害防止（土砂）,0,140.123501,42.221605
None,トドマツ,土流保,None,渡島,328,か,0.44,None,八雲町,None,None,山地災害防止（土砂）,0,140.120468,42.342772
None,ダケカンバ,土流保,None,渡島,328,と,36.1,None,八雲町,ブナ,他Ｌ,山地災害防止（土砂）,0,140.11957,42.34291
None,他Ｌ,土流保,None,渡島,326,ち,21.89,None,八雲町,ミズナラ,ブナ,山地災害防止（土砂）,0,140.117434,42.344127
None,None,None,None,渡島,326,ハ,0.04,None,八雲町,None,None,山地災害防止（土砂）,0,140.117716,42.3439
None,トドマツ,土流保,None,渡島,326,と,1.21,None,八雲町,None,None,山地災害防止（土砂）,0,140.118379,42.343036
None,None,None,None,渡島,326,イ,0.35,None,八雲町,None,None,山地災害防止（土砂）,0,140.117689,42.343722
None,他Ｌ,土流保,None,渡島,326,ち,21.89,None,八雲町,ミズナラ,ブナ,山地災害防止（土砂）,0,140.116839,42.343429
None,トドマツ,土流保,None,渡島,326,ぬ,0.2,None,八雲町,None,None,山地災害防止（土砂）,0,140.114846,42.343231
None,None,None,None,渡島,326,ロ,0.96,None,八雲町,None,None,山地災害防止（土砂）,0,140.110838,42.343519
None,他Ｌ,土流保,None,渡島,326,ち,21.89,None,八雲町,ミズナラ,ブナ,山地災害防止（土砂）,0,140.111353,42.343747
None,None,None,None,渡島,326,イ,0.35,None,八雲町,None,None,山地災害防止（土砂）,0,140.111326,42.343703
None,None,土流保,None,渡島,326,ニ,0.35,None,八雲町,None,None,山地災害防止（土砂）,0,140.110757,42.343446
None,他Ｌ,土流保,None,渡島,326,ち,21.89,None,八雲町,ミズナラ,ブナ,山地災害防止（土砂）,0,140.110671,42.340297
None,トドマツ,土流保,None,渡島,326,へ,2.12,None,八雲町,None,None,山地災害防止（土砂）,0,140.109493,42.342753
None,トドマツ,土流保,None,渡島,326,へ,2.12,None,八雲町,None,None,山地災害防止（土砂）,0,140.108087,42.343056
None,None,None,None,渡島,326,イ,0.35,None,八雲町,None,None,山地災害防止（土砂）,0,140.107899,42.342935
None,トドマツ,土流保,None,渡島,326,ほ,5.08,None,八雲町,None,None,山地災害防止（土砂）,0,140.108033,42.341217
None,トドマツ,土流保,None,渡島,326,か,1.15,None,八雲町,None,None,山地災害防止（土砂）,0,140.110697,42.338815
None,トドマツ,土流保,None,渡島,326,か,1.15,None,八雲町,None,None,山地災害防止（土砂）,0,140.10943,42.339039
None,トドマツ,土流保,None,渡島,326,わ,1.21,None,八雲町,None,None,山地災害防止（土砂）,0,140.108456,42.338507
None,トドマツ,土流保,None,渡島,326,に,2.36,None,八雲町,None,トドマツ,山地災害防止（土砂）,0,140.107895,42.337205
None,トドマツ,土流保,None,渡島,326,る,0.39,None,八雲町,None,None,山地災害防止（土砂）,0,140.10703,42.338823
None,トドマツ,土流保,None,渡島,326,ろ,4.94,None,八雲町,None,他Ｎ,山地災害防止（土砂）,0,140.107034,42.337645
None,トドマツ,土流保,None,渡島,326,ろ,4.94,None,八雲町,None,他Ｎ,山地災害防止（土砂）,0,140.106626,42.337366
None,トドマツ,土流保,None,渡島,326,に,2.36,None,八雲町,None,トドマツ,山地災害防止（土砂）,0,140.108334,42.335741
None,トドマツ,土流保,None,渡島,326,ろ,4.94,None,八雲町,None,他Ｎ,山地災害防止（土砂）,0,140.107052,42.336168
None,ダケカンバ,土流保,None,渡島,326,り,3.65,None,八雲町,ミズナラ,他Ｌ,山地災害防止（土砂）,0,140.107326,42.33411
None,トドマツ,土流保,None,渡島,326,は,2.24,None,八雲町,None,トドマツ,山地災害防止（土砂）,0,140.109274,42.333447
None,ダケカンバ,土流保,None,渡島,326,り,3.65,None,八雲町,ミズナラ,他Ｌ,山地災害防止（土砂）,0,140.108195,42.333402
None,ダケカンバ,土流保,None,渡島,326,り,3.65,None,八雲町,ミズナラ,他Ｌ,山地災害防止（土砂）,0,140.10757,42.332944
None,他Ｌ,土流保,None,渡島,324,に,18.58,None,八雲町,ミズナラ,イタヤカエデ,山地災害防止（土砂）,0,140.107218,42.332526
None,他Ｌ,土流保,None,渡島,325,た,38.08,None,八雲町,ミズナラ,ブナ,山地災害防止（土砂）,0,140.104475,42.34088
None,トドマツ,土流保,None,渡島,326,い,14.84,None,八雲町,None,None,山地災害防止（土砂）,0,140.104622,42.338072
None,None,土流保,None,渡島,325,ロ,0.85,None,八雲町,None,None,山地災害防止（土砂）,0,140.104095,42.340112
None,トドマツ,土流保,None,渡島,325,よ,6.28,None,八雲町,None,None,山地災害防止（土砂）,0,140.104335,42.340399
None,トドマツ,土流保,None,渡島,325,か,1.72,None,八雲町,None,None,山地災害防止（土砂）,0,140.103721,42.341134
None,トドマツ,土流保,None,渡島,325,か,1.72,None,八雲町,None,None,山地災害防止（土砂）,0,140.102656,42.340619
None,トドマツ,土流保,None,渡島,325,わ,2.61,None,八雲町,None,None,山地災害防止（土砂）,0,140.099545,42.340069
None,他Ｌ,土流保,None,渡島,325,た,38.08,None,八雲町,ミズナラ,ブナ,山地災害防止（土砂）,0,140.098376,42.341878
None,トドマツ,土流保,None,渡島,325,れ,4.33,None,八雲町,None,None,山地災害防止（土砂）,0,140.09795,42.341967
None,他Ｌ,土流保,None,渡島,325,た,38.08,None,八雲町,ミズナラ,ブナ,山地災害防止（土砂）,0,140.098886,42.34113
None,トドマツ,土流保,None,渡島,325,れ,4.33,None,八雲町,None,None,山地災害防止（土砂）,0,140.096113,42.339936
None,トドマツ,土流保,None,渡島,326,い,14.84,None,八雲町,None,None,山地災害防止（土砂）,0,140.105623,42.338478
None,None,土流保,None,渡島,326,ニ,0.35,None,八雲町,None,None,山地災害防止（土砂）,0,140.103503,42.339274
None,トドマツ,土流保,None,渡島,326,い,14.84,None,八雲町,None,None,山地災害防止（土砂）,0,140.103391,42.338981
None,ダケカンバ,土流保,None,渡島,326,り,3.65,None,八雲町,ミズナラ,他Ｌ,山地災害防止（土砂）,0,140.10335,42.337923
None,他Ｌ,土流保,None,渡島,325,た,38.08,None,八雲町,ミズナラ,ブナ,山地災害防止（土砂）,0,140.102065,42.336834
None,None,土流保,None,渡島,326,ホ,0.94,None,八雲町,None,None,山地災害防止（土砂）,0,140.106187,42.339181
None,トドマツ,土流保,None,渡島,326,い,14.84,None,八雲町,None,None,山地災害防止（土砂）,0,140.105125,42.335421
None,トドマツ,土流保,None,渡島,326,い,14.84,None,八雲町,None,None,山地災害防止（土砂）,0,140.103251,42.33635
None,他Ｌ,土流保,None,渡島,325,た,38.08,None,八雲町,ミズナラ,ブナ,山地災害防止（土砂）,0,140.102424,42.336299
None,トドマツ,土流保,None,渡島,325,よ,6.28,None,八雲町,None,None,山地災害防止（土砂）,0,140.102591,42.336159
None,トドマツ,土流保,None,渡島,325,よ,6.28,None,八雲町,None,None,山地災害防止（土砂）,0,140.102153,42.336334
None,None,土流保,None,渡島,325,ハ,0.16,None,八雲町,None,None,山地災害防止（土砂）,0,140.102111,42.336434
None,他Ｌ,土流保,None,渡島,325,た,38.08,None,八雲町,ミズナラ,ブナ,山地災害防止（土砂）,0,140.102047,42.335723
None,トドマツ,土流保,None,渡島,325,よ,6.28,None,八雲町,None,None,山地災害防止（土砂）,0,140.103242,42.339689
None,トドマツ,土流保,None,渡島,325,よ,6.28,None,八雲町,None,None,山地災害防止（土砂）,0,140.101647,42.337845
None,トドマツ,土流保,None,渡島,325,よ,6.28,None,八雲町,None,None,山地災害防止（土砂）,0,140.100598,42.337168
None,None,土流保,None,渡島,325,ロ,0.85,None,八雲町,None,None,山地災害防止（土砂）,0,140.100844,42.337029
None,トドマツ,土流保,None,渡島,325,る,0.98,None,八雲町,None,None,山地災害防止（土砂）,0,140.098758,42.337746
None,他Ｌ,土流保,None,渡島,325,た,38.08,None,八雲町,ミズナラ,ブナ,山地災害防止（土砂）,0,140.101215,42.336458
None,トドマツ,土流保,None,渡島,325,よ,6.28,None,八雲町,None,None,山地災害防止（土砂）,0,140.101225,42.335959
None,トドマツ,土流保,None,渡島,325,ぬ,1.12,None,八雲町,None,None,山地災害防止（土砂）,0,140.099448,42.336532
None,トドマツ,土流保,None,渡島,325,ぬ,1.12,None,八雲町,None,None,山地災害防止（土砂）,0,140.100081,42.335972
None,トドマツ,土流保,None,渡島,324,ろ,27.59,None,八雲町,None,None,山地災害防止（土砂）,0,140.099501,42.334829
None,トドマツ,土流保,None,渡島,324,ろ,27.59,None,八雲町,None,None,山地災害防止（土砂）,0,140.105199,42.332595
None,ミズナラ,土流保,None,渡島,324,ち,2.58,None,八雲町,None,None,山地災害防止（土砂）,0,140.10256,42.332133
None,トドマツ,土流保,None,渡島,324,い,2.25,None,八雲町,None,None,山地災害防止（土砂）,0,140.104289,42.33111
None,トドマツ,土流保,None,渡島,323,へ,7.47,None,八雲町,None,None,山地災害防止（土砂）,0,140.10226,42.330053
None,他Ｌ,土流保,None,渡島,324,に,18.58,None,八雲町,ミズナラ,イタヤカエデ,山地災害防止（土砂）,0,140.101372,42.332088
None,ミズナラ,土流保,None,渡島,324,ほ,0.55,None,八雲町,None,None,山地災害防止（土砂）,0,140.098087,42.333479
None,他Ｌ,土流保,None,渡島,324,に,18.58,None,八雲町,ミズナラ,イタヤカエデ,山地災害防止（土砂）,0,140.099434,42.332409
None,None,土流保,None,渡島,324,ロ,0.97,None,八雲町,None,None,山地災害防止（土砂）,0,140.099409,42.33284
None,他Ｌ,土流保,None,渡島,323,と,34.59,None,八雲町,ミズナラ,イタヤカエデ,山地災害防止（土砂）,0,140.098369,42.329947
None,トドマツ,土流保,None,渡島,325,ち,3.61,None,八雲町,None,None,山地災害防止（土砂）,0,140.094317,42.337012
None,他Ｌ,土流保,None,渡島,325,た,38.08,None,八雲町,ミズナラ,ブナ,山地災害防止（土砂）,0,140.095189,42.337827
None,None,土流保,None,渡島,325,イ,0.38,None,八雲町,None,None,山地災害防止（土砂）,1,140.095027,42.337347
None,トドマツ,土流保,None,渡島,325,り,4.95,None,八雲町,None,None,山地災害防止（土砂）,0,140.097959,42.335891
None,トドマツ,土流保,None,渡島,325,と,0.99,None,八雲町,None,None,山地災害防止（土砂）,0,140.095584,42.336575
None,トドマツ,土流保,None,渡島,325,へ,3.7,None,八雲町,None,None,山地災害防止（土砂）,0,140.094673,42.335375
None,トドマツ,土流保,None,渡島,325,ほ,1.23,None,八雲町,None,None,山地災害防止（土砂）,0,140.0931,42.335484
None,トドマツ,土流保,None,渡島,325,に,0.21,None,八雲町,None,None,山地災害防止（土砂）,0,140.092024,42.336715
None,トドマツ,土流保,None,渡島,325,は,1.05,None,八雲町,None,None,山地災害防止（土砂）,0,140.091869,42.335547
None,トドマツ,土流保,None,渡島,324,ろ,27.59,None,八雲町,None,None,山地災害防止（土砂）,0,140.096891,42.333631
None,トドマツ,土流保,None,渡島,323,ほ,0.69,None,八雲町,None,None,山地災害防止（土砂）,0,140.097948,42.332064
None,トドマツ,土流保,None,渡島,324,は,5.74,None,八雲町,None,None,山地災害防止（土砂）,0,140.094539,42.333223
None,トドマツ,土流保,None,渡島,323,ほ,0.69,None,八雲町,None,None,山地災害防止（土砂）,0,140.097719,42.330956
None,トドマツ,土流保,None,渡島,323,ほ,0.69,None,八雲町,None,None,山地災害防止（土砂）,0,140.097239,42.330889
None,トドマツ,土流保,None,渡島,324,ろ,27.59,None,八雲町,None,None,山地災害防止（土砂）,0,140.096556,42.330127
None,None,土流保,None,渡島,323,ロ,1.81,None,八雲町,None,None,山地災害防止（土砂）,0,140.098928,42.32788
None,他Ｌ,土流保,None,渡島,323,と,34.59,None,八雲町,ミズナラ,イタヤカエデ,山地災害防止（土砂）,0,140.095519,42.32957
None,ミズナラ,土流保,None,渡島,323,ち,0.83,None,八雲町,None,None,山地災害防止（土砂）,0,140.096386,42.329662
None,ミズナラ,土流保,None,渡島,323,ち,0.83,None,八雲町,None,None,山地災害防止（土砂）,0,140.095983,42.329149
None,ミズナラ,土流保,None,渡島,324,と,1.07,None,八雲町,None,None,山地災害防止（土砂）,0,140.095918,42.330035
None,None,土流保,None,渡島,323,ロ,1.81,None,八雲町,None,None,山地災害防止（土砂）,0,140.094317,42.329174
None,None,土流保,None,渡島,324,イ,0.66,None,八雲町,None,None,山地災害防止（土砂）,1,140.093866,42.333479
None,トドマツ,土流保,None,渡島,324,は,5.74,None,八雲町,None,None,山地災害防止（土砂）,0,140.091683,42.332893
None,他Ｌ,土流保,None,渡島,324,に,18.58,None,八雲町,ミズナラ,イタヤカエデ,山地災害防止（土砂）,0,140.093179,42.330511
None,None,土流保,None,渡島,324,ロ,0.97,None,八雲町,None,None,山地災害防止（土砂）,0,140.092612,42.32949
None,他Ｌ,土流保,None,渡島,324,に,18.58,None,八雲町,ミズナラ,イタヤカエデ,山地災害防止（土砂）,0,140.092508,42.32944
None,他Ｌ,土流保,None,渡島,323,と,34.59,None,八雲町,ミズナラ,イタヤカエデ,山地災害防止（土砂）,0,140.092813,42.32922
None,他Ｌ,土流保,None,渡島,323,と,34.59,None,八雲町,ミズナラ,イタヤカエデ,山地災害防止（土砂）,0,140.092398,42.32909
None,トドマツ,土流保,None,渡島,323,に,21.58,None,八雲町,None,None,山地災害防止（土砂）,0,140.102799,42.326588
None,他Ｌ,土流保,None,渡島,323,と,34.59,None,八雲町,ミズナラ,イタヤカエデ,山地災害防止（土砂）,0,140.098338,42.327432
None,他Ｌ,土流保,None,渡島,323,と,34.59,None,八雲町,ミズナラ,イタヤカエデ,山地災害防止（土砂）,0,140.100671,42.325101
None,トドマツ,土流保,None,渡島,323,は,12.95,None,八雲町,None,None,山地災害防止（土砂）,0,140.097492,42.325697
None,他Ｌ,土流保,None,渡島,323,と,34.59,None,八雲町,ミズナラ,イタヤカエデ,山地災害防止（土砂）,0,140.098001,42.32483
None,他Ｌ,土流保,None,渡島,322,ほ,16.23,None,八雲町,ミズナラ,イタヤカエデ,山地災害防止（土砂）,0,140.10196,42.323167
None,トドマツ,土流保,None,渡島,322,い,32.64,None,八雲町,None,None,山地災害防止（土砂）,0,140.101017,42.31924
None,トドマツ,土流保,None,渡島,323,に,21.58,None,八雲町,None,None,山地災害防止（土砂）,0,140.097136,42.326643
None,他Ｌ,土流保,None,渡島,323,と,34.59,None,八雲町,ミズナラ,イタヤカエデ,山地災害防止（土砂）,0,140.095092,42.327595
None,他Ｌ,土流保,None,渡島,323,と,34.59,None,八雲町,ミズナラ,イタヤカエデ,山地災害防止（土砂）,0,140.0975,42.323782
None,他Ｌ,土流保,None,渡島,323,と,34.59,None,八雲町,ミズナラ,イタヤカエデ,山地災害防止（土砂）,0,140.096611,42.324394
None,トドマツ,土流保,None,渡島,323,は,12.95,None,八雲町,None,None,山地災害防止（土砂）,0,140.094835,42.32585
None,トドマツ,土流保,None,渡島,323,い,1.44,None,八雲町,None,None,山地災害防止（土砂）,0,140.09527,42.323927
None,他Ｌ,土流保,None,渡島,323,と,34.59,None,八雲町,ミズナラ,イタヤカエデ,山地災害防止（土砂）,0,140.092578,42.328477
None,トドマツ,土流保,None,渡島,323,に,21.58,None,八雲町,None,None,山地災害防止（土砂）,0,140.093069,42.32782
None,トドマツ,土流保,None,渡島,323,に,21.58,None,八雲町,None,None,山地災害防止（土砂）,0,140.092339,42.327896
None,他Ｌ,土流保,None,渡島,323,と,34.59,None,八雲町,ミズナラ,イタヤカエデ,山地災害防止（土砂）,0,140.092657,42.326096
None,他Ｌ,土流保,None,渡島,323,と,34.59,None,八雲町,ミズナラ,イタヤカエデ,山地災害防止（土砂）,0,140.093732,42.325902
None,トドマツ,土流保,None,渡島,323,ろ,1.49,None,八雲町,None,None,山地災害防止（土砂）,0,140.093939,42.324706
None,トドマツ,土流保,None,渡島,323,ろ,1.49,None,八雲町,None,None,山地災害防止（土砂）,0,140.093195,42.324152
None,他Ｌ,土流保,None,渡島,323,と,34.59,None,八雲町,ミズナラ,イタヤカエデ,山地災害防止（土砂）,0,140.093899,42.323771
None,トドマツ,土流保,None,渡島,323,は,12.95,None,八雲町,None,None,山地災害防止（土砂）,0,140.09099,42.325501
None,他Ｌ,土流保,None,渡島,323,と,34.59,None,八雲町,ミズナラ,イタヤカエデ,山地災害防止（土砂）,0,140.091409,42.323911
None,トドマツ,土流保,None,渡島,322,に,4.58,None,八雲町,None,None,山地災害防止（土砂）,0,140.097151,42.323261
None,他Ｌ,土流保,None,渡島,322,ほ,16.23,None,八雲町,ミズナラ,イタヤカエデ,山地災害防止（土砂）,0,140.096608,42.322599
None,None,土流保,None,渡島,322,ハ,1.33,None,八雲町,None,None,山地災害防止（土砂）,0,140.098157,42.318234
None,トドマツ,土流保,None,渡島,322,い,32.64,None,八雲町,None,None,山地災害防止（土砂）,0,140.096625,42.318645
None,トドマツ,土流保,None,渡島,322,に,4.58,None,八雲町,None,None,山地災害防止（土砂）,0,140.095393,42.322925
None,トドマツ,土流保,None,渡島,322,は,2.03,None,八雲町,None,None,山地災害防止（土砂）,0,140.094999,42.321757
None,トドマツ,土流保,None,渡島,322,ろ,1.21,None,八雲町,None,None,山地災害防止（土砂）,0,140.095024,42.320844
None,他Ｌ,土流保,None,渡島,322,ほ,16.23,None,八雲町,ミズナラ,イタヤカエデ,山地災害防止（土砂）,0,140.094045,42.321065
None,トドマツ,土流保,None,渡島,322,ろ,1.21,None,八雲町,None,None,山地災害防止（土砂）,0,140.094457,42.320498
None,他Ｌ,土流保,None,渡島,322,ほ,16.23,None,八雲町,ミズナラ,イタヤカエデ,山地災害防止（土砂）,0,140.094909,42.319458
None,None,土流保,None,渡島,322,ロ,1.32,None,八雲町,None,None,山地災害防止（土砂）,0,140.095077,42.318527
None,トドマツ,土流保,None,渡島,322,い,32.64,None,八雲町,None,None,山地災害防止（土砂）,0,140.095323,42.318583
None,トドマツ,土流保,None,渡島,322,に,4.58,None,八雲町,None,None,山地災害防止（土砂）,0,140.093234,42.323256
None,他Ｌ,土流保,None,渡島,322,ほ,16.23,None,八雲町,ミズナラ,イタヤカエデ,山地災害防止（土砂）,0,140.092235,42.322281
None,トドマツ,土流保,None,渡島,322,は,2.03,None,八雲町,None,None,山地災害防止（土砂）,0,140.093354,42.321581
None,トドマツ,土流保,None,渡島,321,る,4.83,None,八雲町,None,None,山地災害防止（土砂）,0,140.101295,42.316067
None,None,土流保,None,渡島,322,ニ,0.07,None,八雲町,None,None,山地災害防止（土砂）,0,140.099376,42.316659
None,トドマツ,土流保,None,渡島,321,る,4.83,None,八雲町,None,None,山地災害防止（土砂）,0,140.099051,42.316225
None,None,土流保,None,渡島,321,ニ,6.6,None,八雲町,None,None,山地災害防止（土砂）,0,140.098746,42.315142
None,トドマツ,土流保,None,渡島,321,ぬ,5.05,None,八雲町,None,ダケカンバ,山地災害防止（土砂）,0,140.10055,42.314027
None,None,土流保,None,渡島,321,ホ,0.39,None,八雲町,None,None,山地災害防止（土砂）,0,140.099407,42.316442
None,トドマツ,土流保,None,渡島,321,ぬ,5.05,None,八雲町,None,ダケカンバ,山地災害防止（土砂）,0,140.099052,42.314636
None,None,土流保,None,渡島,321,ニ,6.6,None,八雲町,None,None,山地災害防止（土砂）,0,140.098802,42.314037
None,トドマツ,土流保,None,渡島,321,ち,32.55,None,八雲町,None,None,山地災害防止（土砂）,0,140.100315,42.311774
None,None,土流保,None,渡島,321,ハ,3.0,None,八雲町,None,None,山地災害防止（土砂）,0,140.100582,42.309979
None,他Ｌ,土流保,None,渡島,321,り,0.66,None,八雲町,ダケカンバ,カラマツ,山地災害防止（土砂）,0,140.098666,42.310871
None,None,土流保,None,渡島,319,ロ,5.09,None,八雲町,None,None,山地災害防止（土砂）,0,140.100116,42.308237
None,カラマツ,土流保,None,渡島,319,に,5.98,None,八雲町,None,ダケカンバ,山地災害防止（土砂）,0,140.100394,42.307525
None,トドマツ,土流保,None,渡島,321,ち,32.55,None,八雲町,None,None,山地災害防止（土砂）,0,140.098944,42.309468
None,None,土流保,None,渡島,321,ロ,2.67,None,八雲町,None,None,山地災害防止（土砂）,0,140.099561,42.308952
None,カラマツ,土流保,None,渡島,319,に,5.98,None,八雲町,None,ダケカンバ,山地災害防止（土砂）,0,140.099756,42.308023
None,None,土流保,None,渡島,322,ロ,1.32,None,八雲町,None,None,山地災害防止（土砂）,0,140.096035,42.317906
None,None,土流保,None,渡島,321,ニ,6.6,None,八雲町,None,None,山地災害防止（土砂）,0,140.096969,42.314302
None,トドマツ,土流保,None,渡島,321,ち,32.55,None,八雲町,None,None,山地災害防止（土砂）,0,140.097214,42.314047
None,None,土流保,None,渡島,321,ニ,6.6,None,八雲町,None,None,山地災害防止（土砂）,0,140.093968,42.315364
None,トドマツ,土流保,None,渡島,321,ち,32.55,None,八雲町,None,None,山地災害防止（土砂）,0,140.095638,42.314399
None,トドマツ,土流保,None,渡島,321,ち,32.55,None,八雲町,None,None,山地災害防止（土砂）,0,140.091393,42.314809
None,トドマツ,土流保,None,渡島,321,ち,32.55,None,八雲町,None,None,山地災害防止（土砂）,0,140.091284,42.313693
None,None,土流保,None,渡島,321,ハ,3.0,None,八雲町,None,None,山地災害防止（土砂）,0,140.096524,42.311315
None,None,土流保,None,渡島,321,ホ,0.39,None,八雲町,None,None,山地災害防止（土砂）,0,140.095486,42.312319
None,None,土流保,None,渡島,321,ロ,2.67,None,八雲町,None,None,山地災害防止（土砂）,0,140.096987,42.308945
None,None,土流保,None,渡島,319,ロ,5.09,None,八雲町,None,None,山地災害防止（土砂）,0,140.096691,42.307446
None,トドマツ,土流保,None,渡島,321,ち,32.55,None,八雲町,None,None,山地災害防止（土砂）,0,140.095329,42.310796
None,他Ｌ,土流保,None,渡島,321,わ,17.39,None,八雲町,シナノキ,イタヤカエデ,山地災害防止（土砂）,0,140.089062,42.312335
None,トドマツ,土流保,None,渡島,320,り,8.31,None,八雲町,None,None,山地災害防止（土砂）,0,140.089011,42.307126
None,トドマツ,土流保,None,渡島,321,い,2.35,None,八雲町,None,None,山地災害防止（土砂）,0,140.091004,42.308402
None,トドマツ,土流保,None,渡島,325,ろ,1.3,None,八雲町,None,None,山地災害防止（土砂）,0,140.089719,42.334685
None,トドマツ,土流保,None,渡島,325,い,3.45,None,八雲町,None,None,山地災害防止（土砂）,0,140.09033,42.332949
None,他Ｌ,土流保,None,渡島,325,た,38.08,None,八雲町,ミズナラ,ブナ,山地災害防止（土砂）,0,140.087627,42.333921
None,None,土流保,None,渡島,321,ヘ,1.23,None,八雲町,None,None,山地災害防止（土砂）,0,140.088485,42.314574
None,None,土流保,None,渡島,321,ニ,6.6,None,八雲町,None,None,山地災害防止（土砂）,0,140.08887,42.314847
None,トドマツ,土流保,None,渡島,321,と,18.46,None,八雲町,None,None,山地災害防止（土砂）,0,140.087608,42.31413
None,None,土流保,None,渡島,321,ニ,6.6,None,八雲町,None,None,山地災害防止（土砂）,0,140.08705,42.314046
None,None,土流保,None,渡島,321,ニ,6.6,None,八雲町,None,None,山地災害防止（土砂）,0,140.087132,42.313456
None,トドマツ,土流保,None,渡島,321,と,18.46,None,八雲町,None,None,山地災害防止（土砂）,0,140.088118,42.310908
None,None,土流保,None,渡島,321,ニ,6.6,None,八雲町,None,None,山地災害防止（土砂）,0,140.086575,42.312092
None,トドマツ,土流保,None,渡島,321,ろ,1.97,None,八雲町,None,None,山地災害防止（土砂）,0,140.088552,42.308422
None,None,土流保,None,渡島,321,ニ,6.6,None,八雲町,None,None,山地災害防止（土砂）,0,140.085582,42.312043
None,トドマツ,土流保,None,渡島,321,へ,1.09,None,八雲町,None,None,山地災害防止（土砂）,0,140.085666,42.311612
None,None,土流保,None,渡島,321,ヘ,1.23,None,八雲町,None,None,山地災害防止（土砂）,0,140.084452,42.311802
None,トドマツ,土流保,None,渡島,321,へ,1.09,None,八雲町,None,None,山地災害防止（土砂）,0,140.084196,42.311766
None,None,土流保,None,渡島,321,ニ,6.6,None,八雲町,None,None,山地災害防止（土砂）,0,140.083832,42.311436
None,None,土流保,None,渡島,321,ニ,6.6,None,八雲町,None,None,山地災害防止（土砂）,0,140.084202,42.310785
None,トドマツ,土流保,None,渡島,321,ほ,2.65,None,八雲町,None,None,山地災害防止（土砂）,0,140.085575,42.309652
None,トドマツ,土流保,None,渡島,321,に,2.21,None,八雲町,None,None,山地災害防止（土砂）,0,140.084729,42.308119
None,トドマツ,土流保,None,渡島,321,ほ,2.65,None,八雲町,None,None,山地災害防止（土砂）,0,140.084266,42.309421
None,None,土流保,None,渡島,321,ヘ,1.23,None,八雲町,None,None,山地災害防止（土砂）,0,140.083113,42.308446
None,トドマツ,土流保,None,渡島,321,か,2.03,None,八雲町,None,None,山地災害防止（土砂）,0,140.083372,42.309053
None,トドマツ,土流保,None,渡島,321,か,2.03,None,八雲町,None,None,山地災害防止（土砂）,0,140.083272,42.30776
None,他Ｌ,土流保,None,渡島,317,ぬ,19.9,None,八雲町,シナノキ,ダケカンバ,山地災害防止（土砂）,0,140.120198,42.304437
None,トドマツ,土流保,None,渡島,317,ろ,2.66,None,八雲町,None,None,山地災害防止（土砂）,0,140.11917,42.304696
None,トドマツ,土流保,None,渡島,317,ほ,0.61,None,八雲町,None,None,山地災害防止（土砂）,0,140.113678,42.305586
None,トドマツ,土流保,None,渡島,317,は,0.86,None,八雲町,None,None,山地災害防止（土砂）,0,140.115851,42.303155
None,トドマツ,土流保,None,渡島,317,に,1.3,None,八雲町,None,None,山地災害防止（土砂）,0,140.114314,42.304229
None,トドマツ,土流保,None,渡島,317,そ,2.31,None,八雲町,None,ダケカンバ,山地災害防止（土砂）,0,140.113831,42.302713
None,他Ｌ,土流保,None,渡島,315,ろ,53.19,None,八雲町,シナノキ,イタヤカエデ,山地災害防止（土砂）,0,140.117488,42.29951
None,他Ｌ,土流保,None,渡島,317,ぬ,19.9,None,八雲町,シナノキ,ダケカンバ,山地災害防止（土砂）,0,140.117214,42.303872
None,トドマツ,土流保,None,渡島,317,よ,1.2,None,八雲町,None,None,山地災害防止（土砂）,0,140.113693,42.303064
None,トドマツ,土流保,None,渡島,317,へ,2.91,None,八雲町,None,None,山地災害防止（土砂）,0,140.112128,42.304391
None,トドマツ,土流保,None,渡島,317,そ,2.31,None,八雲町,None,ダケカンバ,山地災害防止（土砂）,0,140.112385,42.303497
None,トドマツ,土流保,None,渡島,317,か,1.88,None,八雲町,None,None,山地災害防止（土砂）,0,140.113636,42.302217
None,None,土流保,None,渡島,317,ロ,4.9,None,八雲町,None,None,山地災害防止（土砂）,0,140.111997,42.303166
None,トドマツ,土流保,None,渡島,317,わ,0.6,None,八雲町,None,None,山地災害防止（土砂）,0,140.1115,42.302138
None,トドマツ,土流保,None,渡島,317,つ,0.6,None,八雲町,None,None,山地災害防止（土砂）,0,140.110326,42.30294
None,トドマツ,土流保,None,渡島,317,そ,2.31,None,八雲町,None,ダケカンバ,山地災害防止（土砂）,0,140.109837,42.303272
None,カラマツ,土流保,None,渡島,318,へ,7.01,None,八雲町,None,ダケカンバ,山地災害防止（土砂）,0,140.106303,42.304981
None,トドマツ,土流保,None,渡島,318,い,16.17,None,八雲町,None,None,山地災害防止（土砂）,0,140.108232,42.303611
None,トドマツ,土流保,None,渡島,317,る,0.8,None,八雲町,None,None,山地災害防止（土砂）,0,140.108556,42.302142
None,トドマツ,土流保,None,渡島,318,る,0.13,None,八雲町,None,None,山地災害防止（土砂）,0,140.107685,42.303754
None,トドマツ,土流保,None,渡島,318,ぬ,0.83,None,八雲町,None,None,山地災害防止（土砂）,0,140.106282,42.302804
None,トドマツ,土流保,None,渡島,317,そ,2.31,None,八雲町,None,ダケカンバ,山地災害防止（土砂）,0,140.113534,42.301571
None,None,土流保,None,渡島,317,ロ,4.9,None,八雲町,None,None,山地災害防止（土砂）,0,140.110956,42.301307
None,ブナ,土流保,None,渡島,314,に,46.17,None,八雲町,ニレ,他Ｌ,山地災害防止（土砂）,0,140.111885,42.298608
None,他Ｌ,土流保,None,渡島,317,ぬ,19.9,None,八雲町,シナノキ,ダケカンバ,山地災害防止（土砂）,0,140.1094,42.30085
None,トドマツ,土流保,None,渡島,317,と,1.13,None,八雲町,None,None,山地災害防止（土砂）,0,140.108877,42.301627
None,トドマツ,土流保,None,渡島,317,ち,2.0,None,八雲町,None,None,山地災害防止（土砂）,0,140.107778,42.301079
None,トドマツ,土流保,None,渡島,317,ち,2.0,None,八雲町,None,None,山地災害防止（土砂）,0,140.109174,42.300091
None,トドマツ,土流保,None,渡島,317,れ,0.42,None,八雲町,None,None,山地災害防止（土砂）,0,140.108696,42.300514
None,トドマツ,土流保,None,渡島,317,た,0.11,None,八雲町,None,None,山地災害防止（土砂）,0,140.108449,42.29936
None,トドマツ,土流保,None,渡島,318,い,16.17,None,八雲町,None,None,山地災害防止（土砂）,0,140.106106,42.301357
None,ダケカンバ,土流保,None,渡島,317,り,0.27,None,八雲町,None,トドマツ,山地災害防止（土砂）,0,140.107014,42.299857
None,他Ｌ,土流保,None,渡島,317,ぬ,19.9,None,八雲町,シナノキ,ダケカンバ,山地災害防止（土砂）,0,140.107658,42.30006
None,トドマツ,土流保,None,渡島,318,わ,2.9,None,八雲町,None,ダケカンバ,山地災害防止（土砂）,0,140.106587,42.300253
None,None,土流保,None,渡島,318,イ,0.25,None,八雲町,None,None,山地災害防止（土砂）,1,140.106295,42.299673
None,トドマツ,土流保,None,渡島,317,ち,2.0,None,八雲町,None,None,山地災害防止（土砂）,0,140.108534,42.29884
None,None,土流保,None,渡島,314,イ,1.46,None,八雲町,None,None,山地災害防止（土砂）,1,140.109064,42.296467
None,None,土流保,None,渡島,317,イ,0.55,None,八雲町,None,None,山地災害防止（土砂）,1,140.107086,42.298884
None,ダケカンバ,土流保,None,渡島,317,り,0.27,None,八雲町,None,トドマツ,山地災害防止（土砂）,0,140.106223,42.298876
None,トドマツ,土流保,None,渡島,315,い,3.24,None,八雲町,None,None,山地災害防止（土砂）,0,140.121186,42.295908
None,カラマツ,土流保,None,渡島,305,い,0.44,None,八雲町,None,None,山地災害防止（土砂）,0,140.119881,42.289887
None,トドマツ,土流保,None,渡島,305,た,1.23,None,八雲町,None,None,山地災害防止（土砂）,0,140.118153,42.290467
None,他Ｌ,土流保,None,渡島,305,か,11.91,None,八雲町,イタヤカエデ,ブナ,山地災害防止（土砂）,0,140.116518,42.289219
None,None,土流保,None,渡島,305,イ,0.97,None,八雲町,None,None,山地災害防止（土砂）,1,140.114987,42.289155
None,トドマツ,土流保,None,渡島,305,ろ,1.87,None,八雲町,None,None,山地災害防止（土砂）,0,140.115576,42.288048
None,カラマツ,土流保,None,渡島,305,る,29.68,None,八雲町,None,他Ｌ,山地災害防止（土砂）,0,140.112262,42.28798
None,他Ｌ,土流保,None,渡島,314,は,0.5,None,八雲町,None,ダケカンバ,山地災害防止（土砂）,0,140.113359,42.296079
None,None,土流保,None,渡島,314,イ,1.46,None,八雲町,None,None,山地災害防止（土砂）,1,140.11042,42.294805
None,None,None,None,渡島,312,ハ,0.33,None,八雲町,None,None,山地災害防止（土砂）,0,140.109883,42.292522
None,トドマツ,土流保,None,渡島,314,い,0.95,None,八雲町,None,ダケカンバ,山地災害防止（土砂）,0,140.106871,42.295049
None,None,None,None,渡島,312,イ,0.43,None,八雲町,None,None,山地災害防止（土砂）,0,140.10934,42.29236
None,None,土流保,None,渡島,312,ロ,0.45,None,八雲町,None,None,山地災害防止（土砂）,0,140.107973,42.291547
None,トドマツ,土流保,None,渡島,312,へ,1.52,None,八雲町,None,None,山地災害防止（土砂）,0,140.107658,42.292833
None,ブナ,土流保,None,渡島,312,と,24.67,None,八雲町,他Ｌ,イタヤカエデ,山地災害防止（土砂）,0,140.105967,42.29324
None,None,土流保,None,渡島,306,ロ,0.99,None,八雲町,None,None,山地災害防止（土砂）,1,140.112961,42.291548
None,None,土流保,None,渡島,306,イ,1.82,None,八雲町,None,None,山地災害防止（土砂）,0,140.107793,42.289533
None,None,None,None,渡島,312,イ,0.43,None,八雲町,None,None,山地災害防止（土砂）,0,140.105937,42.289035
None,カラマツ,土流保,None,渡島,312,い,1.82,None,八雲町,None,ダケカンバ,山地災害防止（土砂）,0,140.106185,42.289631
None,None,土流保,None,渡島,312,ロ,0.45,None,八雲町,None,None,山地災害防止（土砂）,0,140.106126,42.289332
None,トドマツ,土流保,None,渡島,305,ぬ,2.02,None,八雲町,None,None,山地災害防止（土砂）,0,140.108615,42.287451
None,他Ｌ,土流保,None,渡島,305,よ,9.0,None,八雲町,イタヤカエデ,ブナ,山地災害防止（土砂）,0,140.104862,42.285471
None,カラマツ,土流保,None,渡島,319,い,4.05,None,八雲町,None,ダケカンバ,山地災害防止（土砂）,0,140.103569,42.306332
None,ダケカンバ,土流保,None,渡島,319,ろ,0.69,None,八雲町,None,カラマツ,山地災害防止（土砂）,0,140.102639,42.305751
None,ダケカンバ,土流保,None,渡島,318,ほ,1.27,None,八雲町,None,カラマツ,山地災害防止（土砂）,0,140.104678,42.304368
None,トドマツ,土流保,None,渡島,318,か,0.28,None,八雲町,None,None,山地災害防止（土砂）,0,140.104031,42.303672
None,ブナ,土流保,None,渡島,318,と,16.33,None,八雲町,他Ｌ,ミズナラ,山地災害防止（土砂）,0,140.104596,42.302617
None,ブナ,土流保,None,渡島,318,と,16.33,None,八雲町,他Ｌ,ミズナラ,山地災害防止（土砂）,0,140.103802,42.302517
None,ダケカンバ,土流保,None,渡島,318,に,0.73,None,八雲町,None,カラマツ,山地災害防止（土砂）,0,140.103284,42.304777
None,ダケカンバ,土流保,None,渡島,318,は,5.51,None,八雲町,None,カラマツ,山地災害防止（土砂）,0,140.103278,42.303832
None,ダケカンバ,土流保,None,渡島,318,に,0.73,None,八雲町,None,カラマツ,山地災害防止（土砂）,0,140.10261,42.304093
None,カラマツ,土流保,None,渡島,319,い,4.05,None,八雲町,None,ダケカンバ,山地災害防止（土砂）,0,140.102202,42.304396
None,他Ｌ,土流保,None,渡島,319,と,6.03,None,八雲町,ダケカンバ,シナノキ,山地災害防止（土砂）,0,140.101358,42.306551
None,カラマツ,土流保,None,渡島,319,へ,0.5,None,八雲町,None,ダケカンバ,山地災害防止（土砂）,0,140.100024,42.305368
None,None,土流保,None,渡島,319,ロ,5.09,None,八雲町,None,None,山地災害防止（土砂）,0,140.099795,42.307324
None,カラマツ,土流保,None,渡島,319,は,6.86,None,八雲町,None,ダケカンバ,山地災害防止（土砂）,0,140.10026,42.303525
None,ダケカンバ,土流保,None,渡島,318,は,5.51,None,八雲町,None,カラマツ,山地災害防止（土砂）,0,140.101128,42.301695
None,他Ｌ,土流保,None,渡島,319,と,6.03,None,八雲町,ダケカンバ,シナノキ,山地災害防止（土砂）,0,140.097913,42.301738
None,トドマツ,土流保,None,渡島,318,り,1.11,None,八雲町,None,None,山地災害防止（土砂）,0,140.104887,42.301807
None,トドマツ,土流保,None,渡島,318,り,1.11,None,八雲町,None,None,山地災害防止（土砂）,0,140.103299,42.301764
None,ブナ,土流保,None,渡島,318,と,16.33,None,八雲町,他Ｌ,ミズナラ,山地災害防止（土砂）,0,140.103446,42.300794
None,トドマツ,土流保,None,渡島,318,わ,2.9,None,八雲町,None,ダケカンバ,山地災害防止（土砂）,0,140.105465,42.298831
None,トドマツ,土流保,None,渡島,318,い,16.17,None,八雲町,None,None,山地災害防止（土砂）,0,140.102149,42.299661
None,ブナ,土流保,None,渡島,318,と,16.33,None,八雲町,他Ｌ,ミズナラ,山地災害防止（土砂）,0,140.097834,42.300645
None,トドマツ,土流保,None,渡島,314,ろ,2.24,None,八雲町,None,None,山地災害防止（土砂）,0,140.101036,42.297776
None,トドマツ,土流保,None,渡島,313,り,1.72,None,八雲町,None,ダケカンバ,山地災害防止（土砂）,0,140.100202,42.296995
None,トドマツ,土流保,None,渡島,318,ち,1.0,None,八雲町,None,None,山地災害防止（土砂）,0,140.09958,42.298733
None,トドマツ,土流保,None,渡島,313,ち,1.66,None,八雲町,None,ダケカンバ,山地災害防止（土砂）,0,140.098557,42.298342
None,カラマツ,土流保,None,渡島,319,に,5.98,None,八雲町,None,ダケカンバ,山地災害防止（土砂）,0,140.097856,42.306556
None,トドマツ,土流保,None,渡島,319,ほ,9.81,None,八雲町,None,ダケカンバ,山地災害防止（土砂）,0,140.097307,42.304262
None,None,土流保,None,渡島,319,ハ,3.56,None,八雲町,None,None,山地災害防止（土砂）,0,140.095697,42.302691
None,トドマツ,土流保,None,渡島,320,い,17.41,None,八雲町,None,None,山地災害防止（土砂）,0,140.092623,42.304732
None,None,土流保,None,渡島,318,ロ,0.19,None,八雲町,None,None,山地災害防止（土砂）,0,140.096644,42.301357
None,トドマツ,土流保,None,渡島,318,ろ,0.3,None,八雲町,None,None,山地災害防止（土砂）,0,140.096327,42.301223
None,None,土流保,None,渡島,319,ニ,0.31,None,八雲町,None,None,山地災害防止（土砂）,0,140.095724,42.301804
None,None,土流保,None,渡島,313,イ,3.72,None,八雲町,None,None,山地災害防止（土砂）,0,140.09494,42.301709
None,None,土流保,None,渡島,320,イ,6.08,None,八雲町,None,None,山地災害防止（土砂）,0,140.095045,42.304306
None,None,土流保,None,渡島,313,ハ,5.68,None,八雲町,None,None,山地災害防止（土砂）,0,140.096867,42.297647
None,トドマツ,土流保,None,渡島,313,と,8.16,None,八雲町,None,None,山地災害防止（土砂）,0,140.095117,42.297389
None,カラマツ,土流保,None,渡島,320,ろ,11.33,None,八雲町,None,ダケカンバ,山地災害防止（土砂）,0,140.091776,42.300814
None,None,土流保,None,渡島,313,イ,3.72,None,八雲町,None,None,山地災害防止（土砂）,0,140.093745,42.299379
None,ブナ,土流保,None,渡島,313,ぬ,34.38,None,八雲町,他Ｌ,ミズナラ,山地災害防止（土砂）,0,140.092788,42.296991
None,トドマツ,土流保,None,渡島,313,へ,4.14,None,八雲町,None,ダケカンバ,山地災害防止（土砂）,0,140.093349,42.297886
None,トドマツ,土流保,None,渡島,313,い,0.2,None,八雲町,None,ダケカンバ,山地災害防止（土砂）,0,140.104078,42.294908
None,トドマツ,土流保,None,渡島,312,ほ,2.26,None,八雲町,None,None,山地災害防止（土砂）,0,140.102275,42.293135
None,トドマツ,土流保,None,渡島,313,ろ,2.21,None,八雲町,None,None,山地災害防止（土砂）,0,140.100365,42.294997
None,ブナ,土流保,None,渡島,313,ぬ,34.38,None,八雲町,他Ｌ,ミズナラ,山地災害防止（土砂）,0,140.097728,42.294398
None,ブナ,土流保,None,渡島,312,と,24.67,None,八雲町,他Ｌ,イタヤカエデ,山地災害防止（土砂）,0,140.103619,42.291474
None,カラマツ,土流保,None,渡島,312,い,1.82,None,八雲町,None,ダケカンバ,山地災害防止（土砂）,0,140.105153,42.289638
None,トドマツ,土流保,None,渡島,305,り,0.46,None,八雲町,None,None,山地災害防止（土砂）,0,140.104403,42.28631
None,ブナ,土流保,None,渡島,312,と,24.67,None,八雲町,他Ｌ,イタヤカエデ,山地災害防止（土砂）,0,140.099074,42.28898
None,カラマツ,土流保,None,渡島,312,ろ,1.89,None,八雲町,None,None,山地災害防止（土砂）,0,140.102021,42.288072
None,他Ｌ,土流保,None,渡島,305,わ,1.81,None,八雲町,イタヤカエデ,ブナ,山地災害防止（土砂）,0,140.100477,42.285298
None,他Ｌ,土流保,None,渡島,306,へ,66.49,None,八雲町,ブナ,イタヤカエデ,山地災害防止（土砂）,0,140.09811,42.286721
None,トドマツ,土流保,None,渡島,313,は,0.58,None,八雲町,None,None,山地災害防止（土砂）,0,140.096737,42.29339
None,トドマツ,土流保,None,渡島,312,に,19.09,None,八雲町,None,None,山地災害防止（土砂）,0,140.097536,42.29194
None,トドマツ,土流保,None,渡島,311,ほ,0.99,None,八雲町,None,None,山地災害防止（土砂）,0,140.095635,42.292596
None,トドマツ,土流保,None,渡島,313,ほ,2.61,None,八雲町,None,ダケカンバ,山地災害防止（土砂）,0,140.093082,42.295724
None,None,土流保,None,渡島,313,ロ,7.03,None,八雲町,None,None,山地災害防止（土砂）,0,140.094784,42.294998
None,トドマツ,土流保,None,渡島,313,に,0.88,None,八雲町,None,None,山地災害防止（土砂）,0,140.09275,42.293595
None,ブナ,土流保,None,渡島,313,ぬ,34.38,None,八雲町,他Ｌ,ミズナラ,山地災害防止（土砂）,0,140.091979,42.295144
None,None,土流保,None,渡島,311,イ,5.77,None,八雲町,None,None,山地災害防止（土砂）,0,140.093976,42.291757
None,トドマツ,土流保,None,渡島,311,は,2.56,None,八雲町,None,None,山地災害防止（土砂）,0,140.091046,42.293602
None,トドマツ,土流保,None,渡島,312,は,0.9,None,八雲町,None,None,山地災害防止（土砂）,0,140.094917,42.290467
None,トドマツ,土流保,None,渡島,311,に,4.03,None,八雲町,None,None,山地災害防止（土砂）,0,140.092321,42.290771
None,他Ｌ,土流保,None,渡島,310,ち,32.16,None,八雲町,イタヤカエデ,ダケカンバ,山地災害防止（土砂）,0,140.090413,42.289382
None,カラマツ,土流保,None,渡島,310,い,13.77,None,八雲町,None,ダケカンバ,山地災害防止（土砂）,0,140.093989,42.28829
None,トドマツ,土流保,None,渡島,305,は,2.56,None,八雲町,None,ダケカンバ,山地災害防止（土砂）,0,140.110599,42.28501
None,トドマツ,土流保,None,渡島,305,に,0.59,None,八雲町,None,None,山地災害防止（土砂）,0,140.106436,42.285395
None,ダケカンバ,土流保,None,渡島,283,ち,5.74,None,八雲町,ブナ,他Ｌ,山地災害防止（土砂）,0,140.109799,42.273586
None,トドマツ,土流保,None,渡島,283,へ,5.54,None,八雲町,他Ｌ,ダケカンバ,山地災害防止（土砂）,0,140.112246,42.275528
None,カラマツ,土流保,None,渡島,284,い,10.12,None,八雲町,None,他Ｌ,山地災害防止（土砂）,0,140.112354,42.277863
None,ダケカンバ,土流保,None,渡島,284,そ,3.09,None,八雲町,トドマツ,カラマツ,山地災害防止（土砂）,0,140.108085,42.275491
None,カラマツ,土流保,None,渡島,284,ろ,1.36,None,八雲町,None,ダケカンバ,山地災害防止（土砂）,0,140.107133,42.274885
None,ダケカンバ,土流保,None,渡島,283,り,23.99,None,八雲町,ブナ,他Ｌ,山地災害防止（土砂）,0,140.108883,42.272982
None,ダケカンバ,土流保,None,渡島,284,か,2.42,None,八雲町,None,カラマツ,山地災害防止（土砂）,0,140.105056,42.274216
None,カラマツ,土流保,None,渡島,284,は,1.03,None,八雲町,None,ダケカンバ,山地災害防止（土砂）,0,140.106459,42.27393
None,ブナ,土流保,None,渡島,284,つ,2.25,None,八雲町,イタヤカエデ,他Ｌ,山地災害防止（土砂）,0,140.109842,42.274321
None,カラマツ,土流保,None,渡島,284,に,0.35,None,八雲町,None,ダケカンバ,山地災害防止（土砂）,0,140.106357,42.272844
None,トドマツ,土流保,None,渡島,283,ほ,3.44,None,八雲町,None,None,山地災害防止（土砂）,0,140.107382,42.272563
None,ダケカンバ,土流保,None,渡島,283,ち,5.74,None,八雲町,ブナ,他Ｌ,山地災害防止（土砂）,0,140.105763,42.27115
None,ダケカンバ,土流保,None,渡島,283,り,23.99,None,八雲町,ブナ,他Ｌ,山地災害防止（土砂）,0,140.107107,42.270161
None,ダケカンバ,土流保,None,渡島,283,り,23.99,None,八雲町,ブナ,他Ｌ,山地災害防止（土砂）,0,140.106312,42.269445
None,ブナ,土流保,None,渡島,265,わ,8.89,None,八雲町,イタヤカエデ,他Ｌ,山地災害防止（土砂）,0,140.107887,42.264629
None,トドマツ,土流保,None,渡島,305,ほ,0.2,None,八雲町,None,None,山地災害防止（土砂）,0,140.104612,42.284871
None,カラマツ,土流保,None,渡島,305,へ,0.47,None,八雲町,他Ｌ,ダケカンバ,山地災害防止（土砂）,0,140.103393,42.284911
None,カラマツ,土流保,None,渡島,305,ち,2.36,None,八雲町,None,ダケカンバ,山地災害防止（土砂）,0,140.100567,42.284689
None,カラマツ,土流保,None,渡島,305,と,0.75,None,八雲町,他Ｌ,ダケカンバ,山地災害防止（土砂）,0,140.101642,42.284172
None,カラマツ,土流保,None,渡島,284,よ,1.25,None,八雲町,他Ｌ,ダケカンバ,山地災害防止（土砂）,0,140.105751,42.276406
None,カラマツ,土流保,None,渡島,284,た,1.21,None,八雲町,他Ｌ,ダケカンバ,山地災害防止（土砂）,0,140.104163,42.276103
None,ブナ,土流保,None,渡島,284,ね,23.96,None,八雲町,イタヤカエデ,他Ｌ,山地災害防止（土砂）,0,140.10505,42.27286
None,他Ｌ,None,None,渡島,304,る,1.62,None,八雲町,イタヤカエデ,シナノキ,水源涵養,0,140.093083,42.284914
None,ブナ,土流保,None,渡島,284,ね,23.96,None,八雲町,イタヤカエデ,他Ｌ,山地災害防止（土砂）,0,140.104029,42.273947
None,カラマツ,土流保,None,渡島,284,れ,1.09,None,八雲町,他Ｌ,ダケカンバ,山地災害防止（土砂）,0,140.102028,42.274636
None,トドマツ,土流保,None,渡島,284,ほ,1.7,None,八雲町,None,None,山地災害防止（土砂）,0,140.104742,42.271127
None,トドマツ,土流保,None,渡島,284,へ,0.51,None,八雲町,None,None,山地災害防止（土砂）,0,140.101951,42.270065
None,トドマツ,土流保,None,渡島,284,な,1.51,None,八雲町,None,None,山地災害防止（土砂）,0,140.101874,42.272298
None,カラマツ,土流保,None,渡島,284,わ,6.0,None,八雲町,None,ダケカンバ,山地災害防止（土砂）,0,140.10069,42.272757
None,トドマツ,土流保,None,渡島,285,ち,1.7,None,八雲町,None,None,山地災害防止（土砂）,0,140.098841,42.274015
None,カラマツ,土流保,None,渡島,284,ち,7.25,None,八雲町,他Ｌ,ダケカンバ,山地災害防止（土砂）,0,140.101456,42.271463
None,トドマツ,土流保,None,渡島,284,と,1.87,None,八雲町,None,None,山地災害防止（土砂）,0,140.100928,42.270146
None,トドマツ,土流保,None,渡島,284,る,1.18,None,八雲町,None,None,山地災害防止（土砂）,0,140.098303,42.270356
None,トドマツ,土流保,None,渡島,283,に,4.74,None,八雲町,他Ｌ,ダケカンバ,山地災害防止（土砂）,0,140.10471,42.269251
None,トドマツ,土流保,None,渡島,265,い,11.84,None,八雲町,None,トドマツ,山地災害防止（土砂）,0,140.101168,42.264814
None,ダケカンバ,土流保,None,渡島,283,り,23.99,None,八雲町,ブナ,他Ｌ,山地災害防止（土砂）,0,140.100533,42.268098
None,None,None,None,渡島,283,イ,0.5,None,八雲町,None,None,山地災害防止（土砂）,0,140.100222,42.264955
None,トドマツ,土流保,None,渡島,283,ぬ,1.68,None,八雲町,None,None,山地災害防止（土砂）,0,140.099164,42.266871
None,トドマツ,土流保,None,渡島,283,ろ,5.79,None,八雲町,None,トドマツ,山地災害防止（土砂）,0,140.099648,42.265222
None,ヤチダモ,土流保,None,渡島,283,い,0.07,None,八雲町,None,None,山地災害防止（土砂）,0,140.099738,42.26499
None,トドマツ,土流保,None,渡島,283,と,1.24,None,八雲町,None,None,山地災害防止（土砂）,0,140.098746,42.26552
None,ダケカンバ,土流保,None,渡島,283,り,23.99,None,八雲町,ブナ,他Ｌ,山地災害防止（土砂）,0,140.098258,42.264687
None,ブナ,土流保,None,渡島,285,わ,20.0,None,八雲町,イタヤカエデ,他Ｌ,山地災害防止（土砂）,0,140.097164,42.274603
None,カラマツ,土流保,None,渡島,285,へ,1.84,None,八雲町,None,ダケカンバ,山地災害防止（土砂）,0,140.097791,42.272864
None,カラマツ,土流保,None,渡島,285,と,2.23,None,八雲町,None,ダケカンバ,山地災害防止（土砂）,0,140.095539,42.273128
None,他Ｌ,土流保,None,渡島,285,か,1.19,None,八雲町,イタヤカエデ,ブナ,山地災害防止（土砂）,0,140.09488,42.272515
None,トドマツ,土流保,None,渡島,285,ほ,2.45,None,八雲町,None,None,山地災害防止（土砂）,0,140.096257,42.271564
None,トドマツ,土流保,None,渡島,285,い,3.97,None,八雲町,None,None,山地災害防止（土砂）,0,140.095782,42.269976
None,他Ｌ,土流保,None,渡島,285,か,1.19,None,八雲町,イタヤカエデ,ブナ,山地災害防止（土砂）,0,140.095335,42.271699
None,カラマツ,土流保,None,渡島,285,に,1.85,None,八雲町,None,ダケカンバ,山地災害防止（土砂）,0,140.094544,42.271126
None,他Ｌ,土流保,None,渡島,285,か,1.19,None,八雲町,イタヤカエデ,ブナ,山地災害防止（土砂）,0,140.09093,42.273798
None,トドマツ,土流保,None,渡島,285,り,9.44,None,八雲町,None,None,山地災害防止（土砂）,0,140.092797,42.271475
None,他Ｌ,土流保,None,渡島,285,か,1.19,None,八雲町,イタヤカエデ,ブナ,山地災害防止（土砂）,0,140.093292,42.270149
None,トドマツ,土流保,None,渡島,285,ぬ,2.98,None,八雲町,None,None,山地災害防止（土砂）,0,140.090685,42.270678
None,トドマツ,土流保,None,渡島,284,り,0.32,None,八雲町,None,None,山地災害防止（土砂）,0,140.096297,42.269041
None,ブナ,土流保,None,渡島,284,つ,2.25,None,八雲町,イタヤカエデ,他Ｌ,山地災害防止（土砂）,0,140.095237,42.268632
None,ダケカンバ,土流保,None,渡島,284,ぬ,0.36,None,八雲町,None,カラマツ,山地災害防止（土砂）,0,140.094364,42.268546
None,ダケカンバ,土流保,None,渡島,283,は,1.53,None,八雲町,None,カラマツ,山地災害防止（土砂）,0,140.096067,42.268073
None,トドマツ,土流保,None,渡島,282,と,1.66,None,八雲町,エゾマツ,トドマツ,山地災害防止（土砂）,0,140.094256,42.267881
None,ブナ,土流保,None,渡島,282,そ,16.03,None,八雲町,イタヤカエデ,他Ｌ,山地災害防止（土砂）,0,140.094337,42.267542
None,トドマツ,土流保,None,渡島,283,ろ,5.79,None,八雲町,None,トドマツ,山地災害防止（土砂）,0,140.096831,42.266744
None,ダケカンバ,土流保,None,渡島,283,り,23.99,None,八雲町,ブナ,他Ｌ,山地災害防止（土砂）,0,140.096205,42.265289
None,ヤチダモ,土流保,None,渡島,267,い,0.71,None,八雲町,None,None,山地災害防止（土砂）,0,140.096758,42.264148
None,他Ｌ,土流保,None,渡島,267,か,18.97,None,八雲町,イタヤカエデ,シナノキ,山地災害防止（土砂）,0,140.096977,42.264963
None,トドマツ,土流保,None,渡島,282,と,1.66,None,八雲町,エゾマツ,トドマツ,山地災害防止（土砂）,0,140.095412,42.26608
None,None,土流保,None,渡島,283,ロ,0.01,None,八雲町,None,None,山地災害防止（土砂）,0,140.096057,42.26469
None,ダケカンバ,土流保,None,渡島,283,り,23.99,None,八雲町,ブナ,他Ｌ,山地災害防止（土砂）,0,140.096029,42.264516
None,ヤチダモ,土流保,None,渡島,282,ち,1.0,None,八雲町,None,None,山地災害防止（土砂）,0,140.094529,42.264735
None,トドマツ,土流保,None,渡島,285,は,2.33,None,八雲町,None,None,山地災害防止（土砂）,0,140.094318,42.269622
None,ダケカンバ,土流保,None,渡島,285,ろ,0.23,None,八雲町,None,カラマツ,山地災害防止（土砂）,0,140.094007,42.268832
None,トドマツ,土流保,None,渡島,285,る,1.62,None,八雲町,None,None,山地災害防止（土砂）,0,140.092331,42.268787
None,他Ｌ,土流保,None,渡島,285,か,1.19,None,八雲町,イタヤカエデ,ブナ,山地災害防止（土砂）,0,140.093392,42.268476
None,ダケカンバ,土流保,None,渡島,282,り,2.07,None,八雲町,None,カラマツ,山地災害防止（土砂）,0,140.093388,42.268114
None,トドマツ,土流保,None,渡島,282,た,1.73,None,八雲町,None,None,山地災害防止（土砂）,0,140.093394,42.267389
None,他Ｌ,土流保,None,渡島,285,か,1.19,None,八雲町,イタヤカエデ,ブナ,山地災害防止（土砂）,0,140.09045,42.268389
None,ブナ,土流保,None,渡島,282,そ,16.03,None,八雲町,イタヤカエデ,他Ｌ,山地災害防止（土砂）,0,140.094051,42.265861
None,トドマツ,土流保,None,渡島,282,ほ,6.24,None,八雲町,エゾマツ,トドマツ,山地災害防止（土砂）,0,140.092289,42.265515
None,ブナ,土流保,None,渡島,282,そ,16.03,None,八雲町,イタヤカエデ,他Ｌ,山地災害防止（土砂）,0,140.090472,42.2653
None,トドマツ,土流保,None,渡島,282,よ,0.55,None,八雲町,ミズナラ,他Ｌ,山地災害防止（土砂）,0,140.091207,42.264623
None,トドマツ,土流保,None,渡島,320,と,4.92,None,八雲町,None,None,山地災害防止（土砂）,0,140.088029,42.304808
None,他Ｌ,土流保,None,渡島,320,ぬ,20.95,None,八雲町,イタヤカエデ,シナノキ,山地災害防止（土砂）,0,140.089211,42.303616
None,None,土流保,None,渡島,320,イ,6.08,None,八雲町,None,None,山地災害防止（土砂）,0,140.087093,42.303284
None,トドマツ,土流保,None,渡島,320,へ,3.64,None,八雲町,None,None,山地災害防止（土砂）,0,140.086952,42.302155
None,トドマツ,土流保,None,渡島,321,は,5.9,None,八雲町,None,None,山地災害防止（土砂）,0,140.085091,42.306407
None,トドマツ,土流保,None,渡島,320,ち,2.61,None,八雲町,None,ダケカンバ,山地災害防止（土砂）,0,140.085726,42.305103
None,None,土流保,None,渡島,321,ニ,6.6,None,八雲町,None,None,山地災害防止（土砂）,0,140.084516,42.305581
None,None,土流保,None,渡島,320,イ,6.08,None,八雲町,None,None,山地災害防止（土砂）,0,140.08525,42.304593
None,None,土流保,None,渡島,321,ニ,6.6,None,八雲町,None,None,山地災害防止（土砂）,0,140.08376,42.306735
None,None,土流保,None,渡島,321,ヘ,1.23,None,八雲町,None,None,山地災害防止（土砂）,0,140.083867,42.306737
None,None,土流保,None,渡島,321,ニ,6.6,None,八雲町,None,None,山地災害防止（土砂）,0,140.083984,42.305913
None,None,土流保,None,渡島,320,イ,6.08,None,八雲町,None,None,山地災害防止（土砂）,0,140.086324,42.303516
None,None,土流保,None,渡島,320,イ,6.08,None,八雲町,None,None,山地災害防止（土砂）,0,140.0851,42.30382
None,ダケカンバ,土流保,None,渡島,320,る,2.35,None,八雲町,None,None,山地災害防止（土砂）,0,140.084762,42.303705
None,ダケカンバ,土流保,None,渡島,320,る,2.35,None,八雲町,None,None,山地災害防止（土砂）,0,140.085936,42.302941
None,None,土流保,None,渡島,320,イ,6.08,None,八雲町,None,None,山地災害防止（土砂）,0,140.085423,42.302216
None,None,土流保,None,渡島,320,ロ,0.17,None,八雲町,None,None,山地災害防止（土砂）,0,140.085296,42.302367
None,トドマツ,土流保,None,渡島,320,ほ,1.2,None,八雲町,None,None,山地災害防止（土砂）,0,140.087947,42.301022
None,トドマツ,土流保,None,渡島,320,に,2.33,None,八雲町,None,None,山地災害防止（土砂）,0,140.088432,42.299421
None,トドマツ,土流保,None,渡島,320,は,2.67,None,八雲町,None,None,山地災害防止（土砂）,0,140.089817,42.298521
None,None,土流保,None,渡島,320,イ,6.08,None,八雲町,None,None,山地災害防止（土砂）,0,140.089179,42.29755
None,None,土流保,None,渡島,311,ハ,1.19,None,八雲町,None,None,山地災害防止（土砂）,0,140.088575,42.297157
None,ダケカンバ,土流保,None,渡島,320,わ,1.83,None,八雲町,None,None,山地災害防止（土砂）,0,140.085953,42.301594
None,None,土流保,None,渡島,320,イ,6.08,None,八雲町,None,None,山地災害防止（土砂）,0,140.085661,42.301163
None,ダケカンバ,土流保,None,渡島,311,と,0.85,None,八雲町,None,None,山地災害防止（土砂）,0,140.085713,42.30035
None,他Ｌ,土流保,None,渡島,311,へ,19.14,None,八雲町,イタヤカエデ,ダケカンバ,山地災害防止（土砂）,0,140.084673,42.299726
None,ダケカンバ,土流保,None,渡島,311,ち,1.22,None,八雲町,None,None,山地災害防止（土砂）,0,140.084905,42.298608
None,他Ｌ,土流保,None,渡島,311,へ,19.14,None,八雲町,イタヤカエデ,ダケカンバ,山地災害防止（土砂）,0,140.084102,42.298693
None,None,土流保,None,渡島,311,ニ,0.17,None,八雲町,None,None,山地災害防止（土砂）,0,140.083979,42.299455
None,トドマツ,土流保,None,渡島,311,い,10.14,None,八雲町,None,None,山地災害防止（土砂）,0,140.082339,42.296247
None,トドマツ,土流保,None,渡島,311,い,10.14,None,八雲町,None,None,山地災害防止（土砂）,0,140.082105,42.297301
None,ダケカンバ,土流保,None,渡島,309,る,0.57,None,八雲町,None,None,山地災害防止（土砂）,0,140.081208,42.297474
None,None,土流保,None,渡島,309,ハ,0.46,None,八雲町,None,None,山地災害防止（土砂）,0,140.079332,42.29693
None,None,土流保,None,渡島,309,イ,7.2,None,八雲町,None,None,山地災害防止（土砂）,0,140.080095,42.297181
None,トドマツ,土流保,None,渡島,311,ろ,13.81,None,八雲町,None,ダケカンバ,山地災害防止（土砂）,0,140.089808,42.295483
None,他Ｌ,土流保,None,渡島,311,へ,19.14,None,八雲町,イタヤカエデ,ダケカンバ,山地災害防止（土砂）,0,140.085765,42.297351
None,トドマツ,土流保,None,渡島,310,に,1.87,None,八雲町,None,None,山地災害防止（土砂）,0,140.087952,42.292607
None,他Ｌ,土流保,None,渡島,309,り,26.11,None,八雲町,ブナ,ダケカンバ,山地災害防止（土砂）,0,140.082853,42.293395
None,ダケカンバ,土流保,None,渡島,310,ろ,5.13,None,八雲町,None,カラマツ,山地災害防止（土砂）,0,140.087586,42.290991
None,トドマツ,土流保,None,渡島,310,ほ,2.15,None,八雲町,None,None,山地災害防止（土砂）,0,140.086394,42.288502
None,他Ｌ,土流保,None,渡島,310,ち,32.16,None,八雲町,イタヤカエデ,ダケカンバ,山地災害防止（土砂）,0,140.086132,42.285227
None,トドマツ,土流保,None,渡島,310,と,2.64,None,八雲町,None,None,山地災害防止（土砂）,0,140.087193,42.286059
None,トドマツ,土流保,None,渡島,310,は,9.41,None,八雲町,None,None,山地災害防止（土砂）,0,140.084497,42.290196
None,トドマツ,土流保,None,渡島,310,へ,1.27,None,八雲町,None,None,山地災害防止（土砂）,0,140.084184,42.28808
None,トドマツ,土流保,None,渡島,309,に,1.57,None,八雲町,None,None,山地災害防止（土砂）,0,140.083729,42.286976
None,トドマツ,土流保,None,渡島,309,へ,2.76,None,八雲町,None,None,山地災害防止（土砂）,0,140.08092,42.296327
None,トドマツ,土流保,None,渡島,309,と,15.77,None,八雲町,None,None,山地災害防止（土砂）,0,140.081438,42.291676
None,トドマツ,土流保,None,渡島,309,と,15.77,None,八雲町,None,None,山地災害防止（土砂）,0,140.078659,42.292316
None,None,土流保,None,渡島,309,イ,7.2,None,八雲町,None,None,山地災害防止（土砂）,0,140.078437,42.296312
None,トドマツ,土流保,None,渡島,309,ほ,2.74,None,八雲町,None,None,山地災害防止（土砂）,0,140.076849,42.294368
None,None,土流保,None,渡島,309,ハ,0.46,None,八雲町,None,None,山地災害防止（土砂）,0,140.074838,42.294957
None,None,土流保,None,渡島,309,イ,7.2,None,八雲町,None,None,山地災害防止（土砂）,0,140.074756,42.294882
None,トドマツ,土流保,None,渡島,309,は,1.98,None,八雲町,None,None,山地災害防止（土砂）,0,140.075103,42.29293
None,トドマツ,土流保,None,渡島,309,ろ,0.5,None,八雲町,None,None,山地災害防止（土砂）,0,140.075457,42.29118
None,トドマツ,土流保,None,渡島,309,ち,4.31,None,八雲町,None,None,山地災害防止（土砂）,0,140.082195,42.289525
None,None,土流保,None,渡島,309,ロ,1.31,None,八雲町,None,None,山地災害防止（土砂）,0,140.079091,42.289293
None,他Ｌ,土流保,None,渡島,309,り,26.11,None,八雲町,ブナ,ダケカンバ,山地災害防止（土砂）,0,140.082027,42.287479
None,トドマツ,土流保,None,渡島,309,ぬ,1.6,None,八雲町,None,None,山地災害防止（土砂）,0,140.080648,42.287746
None,ダケカンバ,土流保,None,渡島,308,り,0.75,None,八雲町,センノキ,他Ｌ,山地災害防止（土砂）,0,140.078752,42.288269
None,トドマツ,土流保,None,渡島,309,い,1.39,None,八雲町,None,None,山地災害防止（土砂）,0,140.07842,42.290088
None,トドマツ,土流保,None,渡島,308,い,5.26,None,八雲町,None,None,山地災害防止（土砂）,0,140.078987,42.287324
None,トドマツ,土流保,None,渡島,308,は,1.81,None,八雲町,None,None,山地災害防止（土砂）,0,140.075523,42.28554
None,None,土流保,None,渡島,309,イ,7.2,None,八雲町,None,None,山地災害防止（土砂）,0,140.073545,42.293907
None,None,土流保,None,渡島,309,ハ,0.46,None,八雲町,None,None,山地災害防止（土砂）,0,140.073546,42.293755
None,ダケカンバ,土流保,None,渡島,308,ち,59.89,None,八雲町,センノキ,他Ｌ,山地災害防止（土砂）,0,140.073179,42.288391
None,ダケカンバ,土流保,None,渡島,308,ち,59.89,None,八雲町,センノキ,他Ｌ,山地災害防止（土砂）,0,140.067294,42.290622
None,None,土流保,None,渡島,308,イ,0.64,None,八雲町,None,None,山地災害防止（土砂）,0,140.067422,42.29047
None,トドマツ,土流保,None,渡島,308,る,0.49,None,八雲町,None,None,山地災害防止（土砂）,0,140.067653,42.290585
None,トドマツ,土流保,None,渡島,308,る,0.49,None,八雲町,None,None,山地災害防止（土砂）,0,140.067155,42.290221
None,トドマツ,土流保,None,渡島,308,か,0.73,None,八雲町,None,None,山地災害防止（土砂）,0,140.070186,42.287279
None,トドマツ,土流保,None,渡島,308,わ,0.5,None,八雲町,None,None,山地災害防止（土砂）,0,140.069592,42.288109
None,トドマツ,土流保,None,渡島,308,ぬ,0.43,None,八雲町,None,None,山地災害防止（土砂）,0,140.069403,42.286907
None,トドマツ,土流保,None,渡島,308,に,2.87,None,八雲町,None,None,山地災害防止（土砂）,0,140.068451,42.287295
None,None,土流保,None,渡島,308,イ,0.64,None,八雲町,None,None,山地災害防止（土砂）,0,140.067828,42.286999
None,None,土流保,None,渡島,308,ロ,0.09,None,八雲町,None,None,山地災害防止（土砂）,0,140.068848,42.28545
None,トドマツ,土流保,None,渡島,308,ほ,1.31,None,八雲町,None,None,山地災害防止（土砂）,0,140.068698,42.286109
None,トドマツ,土流保,None,渡島,308,ほ,1.31,None,八雲町,None,None,山地災害防止（土砂）,0,140.067474,42.286347
None,トドマツ,土流保,None,渡島,308,に,2.87,None,八雲町,None,None,山地災害防止（土砂）,0,140.06595,42.288688
None,トドマツ,土流保,None,渡島,308,に,2.87,None,八雲町,None,None,山地災害防止（土砂）,0,140.065912,42.287753
None,トドマツ,土流保,None,渡島,308,へ,1.53,None,八雲町,None,None,山地災害防止（土砂）,0,140.066265,42.285795
None,ダケカンバ,土流保,None,渡島,308,ち,59.89,None,八雲町,センノキ,他Ｌ,山地災害防止（土砂）,0,140.063757,42.28483
None,トドマツ,土流保,None,渡島,306,い,1.66,None,八雲町,None,None,山地災害防止（土砂）,0,140.090506,42.285499
None,トドマツ,None,None,渡島,304,ぬ,23.28,None,八雲町,None,None,水源涵養,0,140.087857,42.281672
None,ダケカンバ,None,None,渡島,304,り,1.9,None,八雲町,None,他Ｌ,水源涵養,0,140.085842,42.282315
None,トドマツ,土流保,None,渡島,306,ろ,3.15,None,八雲町,None,None,山地災害防止（土砂）,0,140.084795,42.282753
None,トドマツ,土流保,None,渡島,304,ほ,0.6,None,八雲町,None,None,山地災害防止（土砂）,0,140.084884,42.281381
None,他Ｌ,土流保,None,渡島,304,わ,7.32,None,八雲町,シナノキ,イタヤカエデ,山地災害防止（土砂）,0,140.084402,42.280607
None,トドマツ,土流保,None,渡島,306,と,3.13,None,八雲町,None,None,山地災害防止（土砂）,0,140.083117,42.280832
None,他Ｌ,土流保,None,渡島,304,わ,7.32,None,八雲町,シナノキ,イタヤカエデ,山地災害防止（土砂）,0,140.091338,42.277725
None,他Ｌ,None,None,渡島,304,る,1.62,None,八雲町,イタヤカエデ,シナノキ,水源涵養,0,140.085127,42.281096
None,トドマツ,土流保,None,渡島,304,と,5.77,None,八雲町,None,カラマツ,山地災害防止（土砂）,0,140.089711,42.27744
None,カラマツ,土流保,None,渡島,304,ち,1.82,None,八雲町,None,ダケカンバ,山地災害防止（土砂）,0,140.088275,42.276748
None,ミズナラ,土流保,None,渡島,304,よ,6.26,None,八雲町,None,None,山地災害防止（土砂）,0,140.086008,42.278617
None,ミズナラ,土流保,None,渡島,304,よ,6.26,None,八雲町,None,None,山地災害防止（土砂）,0,140.083499,42.279305
None,None,土流保,None,渡島,306,ハ,0.4,None,八雲町,None,None,山地災害防止（土砂）,0,140.080951,42.280001
None,ミズナラ,土流保,None,渡島,304,よ,6.26,None,八雲町,None,None,山地災害防止（土砂）,0,140.082731,42.279156
None,トドマツ,土流保,None,渡島,304,は,12.31,None,八雲町,None,None,山地災害防止（土砂）,0,140.083703,42.278945
None,None,土流保,None,渡島,304,イ,1.82,None,八雲町,None,None,山地災害防止（土砂）,0,140.085939,42.276701
None,トドマツ,土流保,None,渡島,304,ろ,12.01,None,八雲町,None,None,山地災害防止（土砂）,0,140.082352,42.275412
None,ダケカンバ,土流保,None,渡島,307,よ,50.23,None,八雲町,他Ｌ,イタヤカエデ,山地災害防止（土砂）,0,140.075345,42.284351
None,トドマツ,土流保,None,渡島,307,ろ,3.02,None,八雲町,None,None,山地災害防止（土砂）,0,140.080224,42.283339
None,トドマツ,土流保,None,渡島,306,ほ,5.09,None,八雲町,None,None,山地災害防止（土砂）,0,140.081769,42.280663
None,トドマツ,土流保,None,渡島,306,ほ,5.09,None,八雲町,None,None,山地災害防止（土砂）,0,140.080187,42.280851
None,トドマツ,土流保,None,渡島,306,は,1.87,None,八雲町,None,None,山地災害防止（土砂）,0,140.079214,42.281606
None,トドマツ,土流保,None,渡島,308,ろ,2.98,None,八雲町,None,None,山地災害防止（土砂）,0,140.07804,42.285728
None,トドマツ,土流保,None,渡島,307,に,3.33,None,八雲町,None,None,山地災害防止（土砂）,0,140.077177,42.28371
None,トドマツ,土流保,None,渡島,307,い,3.01,None,八雲町,None,None,山地災害防止（土砂）,0,140.077593,42.282125
None,トドマツ,土流保,None,渡島,303,へ,0.38,None,八雲町,None,ダケカンバ,山地災害防止（土砂）,0,140.076621,42.280478
None,トドマツ,土流保,None,渡島,307,は,2.15,None,八雲町,None,None,山地災害防止（土砂）,0,140.074956,42.28227
None,トドマツ,土流保,None,渡島,306,は,1.87,None,八雲町,None,None,山地災害防止（土砂）,0,140.077437,42.281
None,トドマツ,土流保,None,渡島,306,は,1.87,None,八雲町,None,None,山地災害防止（土砂）,0,140.075401,42.280577
None,None,土流保,None,渡島,306,ニ,0.12,None,八雲町,None,None,山地災害防止（土砂）,0,140.07544,42.28062
None,トドマツ,土流保,None,渡島,303,へ,0.38,None,八雲町,None,ダケカンバ,山地災害防止（土砂）,0,140.074804,42.280812
None,None,土流保,None,渡島,303,ハ,2.06,None,八雲町,None,None,山地災害防止（土砂）,0,140.074639,42.280857
None,ミズナラ,土流保,None,渡島,304,よ,6.26,None,八雲町,None,None,山地災害防止（土砂）,0,140.082429,42.279786
None,トドマツ,土流保,None,渡島,304,は,12.31,None,八雲町,None,None,山地災害防止（土砂）,0,140.081961,42.279363
None,None,土流保,None,渡島,304,ロ,0.66,None,八雲町,None,None,山地災害防止（土砂）,0,140.083029,42.279891
None,トドマツ,土流保,None,渡島,306,と,3.13,None,八雲町,None,None,山地災害防止（土砂）,0,140.080095,42.279346
None,トドマツ,土流保,None,渡島,306,と,3.13,None,八雲町,None,None,山地災害防止（土砂）,0,140.080069,42.279943
None,ミズナラ,土流保,None,渡島,303,わ,4.83,None,八雲町,None,None,山地災害防止（土砂）,0,140.079366,42.278603
None,ミズナラ,土流保,None,渡島,303,わ,4.83,None,八雲町,None,None,山地災害防止（土砂）,0,140.078499,42.277939
None,トドマツ,土流保,None,渡島,304,は,12.31,None,八雲町,None,None,山地災害防止（土砂）,0,140.082231,42.277917
None,ウダイカンバ,土流保,None,渡島,304,か,1.65,None,八雲町,None,None,山地災害防止（土砂）,0,140.080475,42.278604
None,None,土流保,None,渡島,304,ロ,0.66,None,八雲町,None,None,山地災害防止（土砂）,0,140.078987,42.277353
None,ウダイカンバ,土流保,None,渡島,304,か,1.65,None,八雲町,None,None,山地災害防止（土砂）,0,140.07889,42.277262
None,ダケカンバ,土流保,None,渡島,303,ぬ,8.44,None,八雲町,イタヤカエデ,他Ｌ,山地災害防止（土砂）,0,140.078687,42.275675
None,None,土流保,None,渡島,306,ニ,0.12,None,八雲町,None,None,山地災害防止（土砂）,0,140.078201,42.280148
None,他Ｌ,土流保,None,渡島,306,へ,66.49,None,八雲町,ブナ,イタヤカエデ,山地災害防止（土砂）,0,140.078092,42.280192
None,トドマツ,土流保,None,渡島,303,と,3.78,None,八雲町,None,None,山地災害防止（土砂）,0,140.078344,42.279772
None,トドマツ,土流保,None,渡島,303,と,3.78,None,八雲町,None,None,山地災害防止（土砂）,0,140.077883,42.280124
None,ミズナラ,土流保,None,渡島,303,わ,4.83,None,八雲町,None,None,山地災害防止（土砂）,0,140.078153,42.27963
None,トドマツ,土流保,None,渡島,303,と,3.78,None,八雲町,None,None,山地災害防止（土砂）,0,140.078144,42.279087
None,None,土流保,None,渡島,303,イ,0.46,None,八雲町,None,None,山地災害防止（土砂）,0,140.078055,42.279049
None,None,土流保,None,渡島,303,ロ,0.07,None,八雲町,None,None,山地災害防止（土砂）,0,140.077932,42.279578
None,ダケカンバ,土流保,None,渡島,303,ぬ,8.44,None,八雲町,イタヤカエデ,他Ｌ,山地災害防止（土砂）,0,140.076844,42.280435
None,None,土流保,None,渡島,303,ハ,2.06,None,八雲町,None,None,山地災害防止（土砂）,0,140.076988,42.280364
None,トドマツ,土流保,None,渡島,303,か,1.96,None,八雲町,None,None,山地災害防止（土砂）,0,140.076648,42.278631
None,トドマツ,土流保,None,渡島,303,と,3.78,None,八雲町,None,None,山地災害防止（土砂）,0,140.077583,42.278829
None,トドマツ,土流保,None,渡島,303,と,3.78,None,八雲町,None,None,山地災害防止（土砂）,0,140.077826,42.278203
None,ミズナラ,土流保,None,渡島,303,わ,4.83,None,八雲町,None,None,山地災害防止（土砂）,0,140.077231,42.278115
None,トドマツ,土流保,None,渡島,303,ほ,2.37,None,八雲町,None,None,山地災害防止（土砂）,0,140.073763,42.279751
None,ミズナラ,土流保,None,渡島,303,わ,4.83,None,八雲町,None,None,山地災害防止（土砂）,0,140.078196,42.277176
None,None,土流保,None,渡島,303,イ,0.46,None,八雲町,None,None,山地災害防止（土砂）,0,140.078178,42.277916
None,トドマツ,土流保,None,渡島,303,と,3.78,None,八雲町,None,None,山地災害防止（土砂）,0,140.077585,42.276758
None,ミズナラ,土流保,None,渡島,303,わ,4.83,None,八雲町,None,None,山地災害防止（土砂）,0,140.078034,42.275485
None,トドマツ,土流保,None,渡島,303,ち,2.14,None,八雲町,None,None,山地災害防止（土砂）,0,140.077122,42.275605
None,トドマツ,土流保,None,渡島,303,と,3.78,None,八雲町,None,None,山地災害防止（土砂）,0,140.076665,42.277428
None,ダケカンバ,土流保,None,渡島,303,ぬ,8.44,None,八雲町,イタヤカエデ,他Ｌ,山地災害防止（土砂）,0,140.075386,42.277043
None,ダケカンバ,土流保,None,渡島,303,ぬ,8.44,None,八雲町,イタヤカエデ,他Ｌ,山地災害防止（土砂）,0,140.075205,42.276655
None,トドマツ,土流保,None,渡島,303,ち,2.14,None,八雲町,None,None,山地災害防止（土砂）,0,140.076464,42.276207
None,ダケカンバ,土流保,None,渡島,303,ぬ,8.44,None,八雲町,イタヤカエデ,他Ｌ,山地災害防止（土砂）,0,140.075009,42.276196
None,ダケカンバ,土流保,None,渡島,286,に,1.87,None,八雲町,None,トドマツ,山地災害防止（土砂）,0,140.090063,42.272498
None,ダケカンバ,土流保,None,渡島,286,い,6.08,None,八雲町,None,トドマツ,山地災害防止（土砂）,0,140.089277,42.269298
None,トドマツ,土流保,None,渡島,304,い,2.12,None,八雲町,None,None,山地災害防止（土砂）,0,140.082408,42.273331
None,他Ｌ,土流保,None,渡島,286,へ,20.68,None,八雲町,イタヤカエデ,ブナ,山地災害防止（土砂）,0,140.087539,42.271147
None,ブナ,土流保,None,渡島,282,れ,2.5,None,八雲町,イタヤカエデ,他Ｌ,山地災害防止（土砂）,0,140.089334,42.267817
None,トドマツ,土流保,None,渡島,282,へ,4.61,None,八雲町,None,None,山地災害防止（土砂）,0,140.088969,42.266673
None,トドマツ,土流保,None,渡島,282,る,0.97,None,八雲町,ヤチダモ,キハダ,山地災害防止（土砂）,0,140.089712,42.264487
None,トドマツ,土流保,None,渡島,282,は,2.72,None,八雲町,None,トドマツ,山地災害防止（土砂）,0,140.089001,42.265126
None,ブナ,土流保,None,渡島,282,そ,16.03,None,八雲町,イタヤカエデ,他Ｌ,山地災害防止（土砂）,0,140.087648,42.265711
None,トドマツ,土流保,None,渡島,286,ろ,6.57,None,八雲町,None,None,山地災害防止（土砂）,0,140.086335,42.269079
None,他Ｌ,土流保,None,渡島,286,ほ,4.5,None,八雲町,イタヤカエデ,ブナ,山地災害防止（土砂）,0,140.083975,42.267182
None,ダケカンバ,土流保,None,渡島,286,は,5.82,None,八雲町,None,トドマツ,山地災害防止（土砂）,0,140.083037,42.268582
None,ブナ,土流保,None,渡島,282,そ,16.03,None,八雲町,イタヤカエデ,他Ｌ,山地災害防止（土砂）,0,140.084847,42.265656
None,トドマツ,土流保,None,渡島,282,ろ,11.77,None,八雲町,None,None,山地災害防止（土砂）,0,140.086084,42.265291
None,ブナ,土流保,None,渡島,282,れ,2.5,None,八雲町,イタヤカエデ,他Ｌ,山地災害防止（土砂）,0,140.083872,42.266585
None,トドマツ,土流保,None,渡島,282,い,3.56,None,八雲町,None,None,山地災害防止（土砂）,0,140.083595,42.264817
None,他Ｌ,土流保,None,渡島,304,わ,7.32,None,八雲町,シナノキ,イタヤカエデ,山地災害防止（土砂）,0,140.079963,42.275206
None,トドマツ,土流保,None,渡島,303,り,7.1,None,八雲町,None,カラマツ,山地災害防止（土砂）,0,140.078885,42.274146
None,トドマツ,土流保,None,渡島,303,り,7.1,None,八雲町,None,カラマツ,山地災害防止（土砂）,0,140.077478,42.273876
None,トドマツ,土流保,None,渡島,303,と,3.78,None,八雲町,None,None,山地災害防止（土砂）,0,140.076353,42.273901
None,トドマツ,土流保,None,渡島,303,と,3.78,None,八雲町,None,None,山地災害防止（土砂）,0,140.076929,42.273765
None,トドマツ,土流保,None,渡島,303,い,2.81,None,八雲町,None,None,山地災害防止（土砂）,0,140.081625,42.273407
None,トドマツ,土流保,None,渡島,303,り,7.1,None,八雲町,None,カラマツ,山地災害防止（土砂）,0,140.07686,42.273383
None,ダケカンバ,土流保,None,渡島,303,ぬ,8.44,None,八雲町,イタヤカエデ,他Ｌ,山地災害防止（土砂）,0,140.074686,42.274736
None,トドマツ,土流保,None,渡島,303,と,3.78,None,八雲町,None,None,山地災害防止（土砂）,0,140.076257,42.273274
None,カラマツ,土流保,None,渡島,303,ろ,15.28,None,八雲町,None,ダケカンバ,山地災害防止（土砂）,0,140.074869,42.273569
None,他Ｌ,土流保,None,渡島,287,ほ,8.71,None,八雲町,センノキ,ブナ,山地災害防止（土砂）,0,140.079633,42.269867
None,他Ｌ,土流保,None,渡島,286,へ,20.68,None,八雲町,イタヤカエデ,ブナ,山地災害防止（土砂）,0,140.082186,42.267845
None,ブナ,土流保,None,渡島,282,そ,16.03,None,八雲町,イタヤカエデ,他Ｌ,山地災害防止（土砂）,0,140.081788,42.265026
None,ブナ,土流保,None,渡島,282,れ,2.5,None,八雲町,イタヤカエデ,他Ｌ,山地災害防止（土砂）,0,140.079834,42.265489
None,トドマツ,土流保,None,渡島,287,い,12.71,None,八雲町,None,None,山地災害防止（土砂）,0,140.077492,42.266903
None,トドマツ,土流保,None,渡島,307,ほ,4.85,None,八雲町,None,None,山地災害防止（土砂）,0,140.072167,42.284262
None,トドマツ,土流保,None,渡島,307,ほ,4.85,None,八雲町,None,None,山地災害防止（土砂）,0,140.071614,42.2836
None,トドマツ,土流保,None,渡島,307,い,3.01,None,八雲町,None,None,山地災害防止（土砂）,0,140.074507,42.280916
None,トドマツ,土流保,None,渡島,303,へ,0.38,None,八雲町,None,ダケカンバ,山地災害防止（土砂）,0,140.07433,42.280725
None,トドマツ,土流保,None,渡島,307,へ,4.25,None,八雲町,None,None,山地災害防止（土砂）,0,140.070623,42.284596
None,None,土流保,None,渡島,307,ロ,0.91,None,八雲町,None,None,山地災害防止（土砂）,0,140.069251,42.284617
None,トドマツ,土流保,None,渡島,307,へ,4.25,None,八雲町,None,None,山地災害防止（土砂）,0,140.068921,42.284129
None,トドマツ,土流保,None,渡島,307,か,1.04,None,八雲町,None,None,山地災害防止（土砂）,0,140.067135,42.284463
None,トドマツ,土流保,None,渡島,307,と,2.12,None,八雲町,None,None,山地災害防止（土砂）,0,140.068716,42.282573
None,トドマツ,土流保,None,渡島,307,ち,2.74,None,八雲町,None,None,山地災害防止（土砂）,0,140.066749,42.282399
None,ダケカンバ,土流保,None,渡島,307,よ,50.23,None,八雲町,他Ｌ,イタヤカエデ,山地災害防止（土砂）,0,140.071238,42.282113
None,ダケカンバ,土流保,None,渡島,303,ぬ,8.44,None,八雲町,イタヤカエデ,他Ｌ,山地災害防止（土砂）,0,140.071414,42.280314
None,カラマツ,土流保,None,渡島,303,ろ,15.28,None,八雲町,None,ダケカンバ,山地災害防止（土砂）,0,140.074863,42.278241
None,ダケカンバ,土流保,None,渡島,303,ぬ,8.44,None,八雲町,イタヤカエデ,他Ｌ,山地災害防止（土砂）,0,140.073852,42.276494
None,ミズナラ,土流保,None,渡島,303,る,3.28,None,八雲町,None,None,山地災害防止（土砂）,0,140.074145,42.275826
None,ダケカンバ,土流保,None,渡島,303,ぬ,8.44,None,八雲町,イタヤカエデ,他Ｌ,山地災害防止（土砂）,0,140.073603,42.27566
None,トドマツ,土流保,None,渡島,303,に,4.58,None,八雲町,None,ダケカンバ,山地災害防止（土砂）,0,140.072097,42.277641
None,None,土流保,None,渡島,302,チ,2.62,None,八雲町,None,None,山地災害防止（土砂）,0,140.06899,42.277825
None,トドマツ,土流保,None,渡島,302,と,8.17,None,八雲町,None,None,山地災害防止（土砂）,0,140.06865,42.27941
None,ダケカンバ,土流保,None,渡島,302,り,7.58,None,八雲町,他Ｌ,イタヤカエデ,山地災害防止（土砂）,0,140.066284,42.277472
None,トドマツ,土流保,None,渡島,308,と,0.83,None,八雲町,None,None,山地災害防止（土砂）,0,140.066,42.284771
None,トドマツ,土流保,None,渡島,307,ぬ,1.33,None,八雲町,None,None,山地災害防止（土砂）,0,140.064416,42.283336
None,トドマツ,土流保,None,渡島,307,り,2.43,None,八雲町,None,None,山地災害防止（土砂）,0,140.066036,42.280701
None,トドマツ,土流保,None,渡島,307,る,1.45,None,八雲町,None,None,山地災害防止（土砂）,0,140.063854,42.281915
None,トドマツ,土流保,None,渡島,302,ち,3.58,None,八雲町,None,None,山地災害防止（土砂）,0,140.06623,42.278807
None,トドマツ,土流保,None,渡島,307,た,3.71,None,八雲町,None,None,山地災害防止（土砂）,0,140.063019,42.279979
None,ダケカンバ,土流保,None,渡島,302,ぬ,7.27,None,八雲町,イタヤカエデ,他Ｌ,山地災害防止（土砂）,0,140.059024,42.277554
None,トドマツ,土流保,None,渡島,302,へ,41.7,None,八雲町,None,None,山地災害防止（土砂）,0,140.060871,42.275308
None,None,土流保,None,渡島,302,ト,1.75,None,八雲町,None,None,山地災害防止（土砂）,0,140.062689,42.276495
None,トドマツ,土流保,None,渡島,307,わ,0.62,None,八雲町,None,None,山地災害防止（土砂）,0,140.062033,42.278735
None,ダケカンバ,土流保,None,渡島,303,ぬ,8.44,None,八雲町,イタヤカエデ,他Ｌ,山地災害防止（土砂）,0,140.074217,42.274387
None,ダケカンバ,土流保,None,渡島,303,ぬ,8.44,None,八雲町,イタヤカエデ,他Ｌ,山地災害防止（土砂）,0,140.074156,42.274049
None,None,土流保,None,渡島,303,ハ,2.06,None,八雲町,None,None,山地災害防止（土砂）,0,140.074447,42.274303
None,ミズナラ,土流保,None,渡島,303,る,3.28,None,八雲町,None,None,山地災害防止（土砂）,0,140.074001,42.273945
None,ダケカンバ,土流保,None,渡島,303,ぬ,8.44,None,八雲町,イタヤカエデ,他Ｌ,山地災害防止（土砂）,0,140.073536,42.274036
None,None,土流保,None,渡島,302,リ,0.12,None,八雲町,None,None,山地災害防止（土砂）,0,140.07294,42.273212
None,トドマツ,土流保,None,渡島,302,へ,41.7,None,八雲町,None,None,山地災害防止（土砂）,0,140.073088,42.272931
None,カラマツ,土流保,None,渡島,303,ろ,15.28,None,八雲町,None,ダケカンバ,山地災害防止（土砂）,0,140.073511,42.272887
None,None,土流保,None,渡島,302,ヘ,0.98,None,八雲町,None,None,山地災害防止（土砂）,0,140.072067,42.273382
None,トドマツ,土流保,None,渡島,302,ほ,1.52,None,八雲町,None,None,山地災害防止（土砂）,0,140.07149,42.27288
None,None,土流保,None,渡島,302,ヘ,0.98,None,八雲町,None,None,山地災害防止（土砂）,0,140.070617,42.272391
None,トドマツ,土流保,None,渡島,302,に,0.9,None,八雲町,None,None,山地災害防止（土砂）,0,140.068447,42.273131
None,None,土流保,None,渡島,302,ホ,0.71,None,八雲町,None,None,山地災害防止（土砂）,0,140.06903,42.273087
None,他Ｌ,土流保,None,渡島,302,は,0.6,None,八雲町,ハンノキ,イタヤカエデ,山地災害防止（土砂）,0,140.067134,42.273296
None,トドマツ,土流保,None,渡島,302,ろ,3.23,None,八雲町,None,None,山地災害防止（土砂）,0,140.06753,42.272365
None,トドマツ,土流保,None,渡島,287,ろ,21.6,None,八雲町,None,None,山地災害防止（土砂）,0,140.07329,42.267098
None,ブナ,土流保,None,渡島,281,ぬ,30.12,None,八雲町,ダケカンバ,他Ｌ,山地災害防止（土砂）,0,140.074449,42.264378
None,トドマツ,土流保,None,渡島,287,は,23.27,None,八雲町,None,None,山地災害防止（土砂）,0,140.068117,42.266673
None,None,土流保,None,渡島,302,ニ,2.39,None,八雲町,None,None,山地災害防止（土砂）,0,140.066385,42.271619
None,None,土流保,None,渡島,302,ハ,2.46,None,八雲町,None,None,山地災害防止（土砂）,0,140.06367,42.272854
None,トドマツ,土流保,None,渡島,302,い,2.67,None,八雲町,None,None,山地災害防止（土砂）,0,140.065385,42.271657
None,トドマツ,土流保,None,渡島,302,い,2.67,None,八雲町,None,None,山地災害防止（土砂）,0,140.06509,42.270598
None,None,土流保,None,渡島,302,ニ,2.39,None,八雲町,None,None,山地災害防止（土砂）,0,140.065722,42.270438
None,None,None,None,渡島,302,イ,0.47,None,八雲町,None,None,山地災害防止（土砂）,0,140.06447,42.270629
None,他Ｌ,土流保,None,渡島,301,わ,3.58,None,八雲町,ハンノキ,シナノキ,山地災害防止（土砂）,0,140.063817,42.270116
None,None,土流保,None,渡島,302,ロ,4.36,None,八雲町,None,None,山地災害防止（土砂）,0,140.061708,42.273194
None,None,None,None,渡島,301,ロ,2.78,None,八雲町,None,None,山地災害防止（土砂）,0,140.061691,42.270151
None,トドマツ,土流保,None,渡島,301,よ,1.33,None,八雲町,None,ダケカンバ,山地災害防止（土砂）,0,140.058986,42.271438
None,ケヤマハンノキ,土流保,None,渡島,301,と,1.53,None,八雲町,None,None,山地災害防止（土砂）,0,140.05889,42.270521
None,トドマツ,土流保,None,渡島,288,い,1.2,None,八雲町,None,None,山地災害防止（土砂）,0,140.066194,42.269394
None,トドマツ,土流保,None,渡島,288,に,1.0,None,八雲町,None,None,山地災害防止（土砂）,0,140.065334,42.26919
None,None,None,None,渡島,301,ロ,2.78,None,八雲町,None,None,山地災害防止（土砂）,0,140.063013,42.269313
None,トドマツ,土流保,None,渡島,288,ろ,13.45,None,八雲町,None,ダケカンバ,山地災害防止（土砂）,0,140.064341,42.264654
None,None,None,None,渡島,301,ロ,2.78,None,八雲町,None,None,山地災害防止（土砂）,0,140.060876,42.268978
None,トドマツ,土流保,None,渡島,288,は,1.72,None,八雲町,None,None,山地災害防止（土砂）,0,140.061169,42.267163
None,None,None,None,渡島,301,ヘ,0.25,None,八雲町,None,None,山地災害防止（土砂）,0,140.059115,42.269187
None,他Ｌ,土流保,None,渡島,301,へ,0.17,None,八雲町,None,None,山地災害防止（土砂）,0,140.060738,42.268474
None,イタヤカエデ,土流保,None,渡島,288,ほ,35.13,None,八雲町,ダケカンバ,他Ｌ,山地災害防止（土砂）,0,140.06005,42.265468
None,トドマツ,土流保,None,渡島,249,い,3.4,None,八雲町,None,None,山地災害防止（土砂）,0,140.112414,42.260596
None,シナノキ,土流保,None,渡島,249,く,6.46,None,八雲町,他Ｌ,ブナ,山地災害防止（土砂）,0,140.113606,42.259886
None,ダケカンバ,土流保,None,渡島,249,ろ,0.9,None,八雲町,None,カラマツ,山地災害防止（土砂）,0,140.111423,42.259548
None,None,土流保,None,渡島,265,イ,3.1,None,八雲町,None,None,山地災害防止（土砂）,0,140.097011,42.257403
None,ブナ,土流保,None,渡島,265,わ,8.89,None,八雲町,イタヤカエデ,他Ｌ,山地災害防止（土砂）,0,140.105432,42.262437
None,トドマツ,土流保,None,渡島,249,は,2.17,None,八雲町,None,None,山地災害防止（土砂）,0,140.112686,42.258194
None,ダケカンバ,土流保,None,渡島,249,の,18.63,None,八雲町,他Ｌ,ブナ,山地災害防止（土砂）,0,140.111345,42.258814
None,ダケカンバ,土流保,None,渡島,249,の,18.63,None,八雲町,他Ｌ,ブナ,山地災害防止（土砂）,0,140.113507,42.257117
None,トドマツ,土流保,None,渡島,249,に,5.6,None,八雲町,None,None,山地災害防止（土砂）,0,140.11057,42.257275
None,トドマツ,土流保,None,渡島,249,ほ,0.51,None,八雲町,None,None,山地災害防止（土砂）,0,140.11072,42.255972
None,トドマツ,土流保,None,渡島,249,へ,0.65,None,八雲町,None,None,山地災害防止（土砂）,0,140.111472,42.25546
None,ダケカンバ,土流保,None,渡島,249,の,18.63,None,八雲町,他Ｌ,ブナ,山地災害防止（土砂）,0,140.10868,42.256231
None,トドマツ,土流保,None,渡島,249,り,1.36,None,八雲町,None,None,山地災害防止（土砂）,0,140.108331,42.255766
None,トドマツ,土流保,None,渡島,249,ぬ,12.71,None,八雲町,None,None,山地災害防止（土砂）,0,140.108106,42.25412
None,ダケカンバ,土流保,None,渡島,249,の,18.63,None,八雲町,他Ｌ,ブナ,山地災害防止（土砂）,0,140.107594,42.255926
None,トドマツ,土流保,None,渡島,249,ち,0.15,None,八雲町,None,None,山地災害防止（土砂）,0,140.107236,42.256032
None,ダケカンバ,土流保,None,渡島,249,の,18.63,None,八雲町,他Ｌ,ブナ,山地災害防止（土砂）,0,140.106268,42.256077
None,トドマツ,土流保,None,渡島,249,わ,7.12,None,八雲町,None,None,山地災害防止（土砂）,0,140.106503,42.252018
None,トドマツ,土流保,None,渡島,248,ろ,1.85,None,八雲町,None,None,山地災害防止（土砂）,0,140.112456,42.244217
None,トドマツ,土流保,None,渡島,248,は,1.43,None,八雲町,None,None,山地災害防止（土砂）,0,140.113816,42.243842
None,他Ｌ,土流保,None,渡島,248,わ,39.05,None,八雲町,ブナ,イタヤカエデ,山地災害防止（土砂）,0,140.112589,42.243047
None,他Ｌ,土流保,None,渡島,248,れ,4.16,None,八雲町,イタヤカエデ,ブナ,山地災害防止（土砂）,0,140.111498,42.245345
None,カラマツ,土流保,None,渡島,248,ち,2.17,None,八雲町,None,None,山地災害防止（土砂）,0,140.109744,42.244867
None,トドマツ,土流保,None,渡島,248,に,10.11,None,八雲町,None,None,山地災害防止（土砂）,0,140.109961,42.243149
None,カラマツ,土流保,None,渡島,248,る,4.29,None,八雲町,None,ダケカンバ,山地災害防止（土砂）,0,140.10968,42.245992
None,他Ｌ,土流保,None,渡島,248,よ,3.31,None,八雲町,イタヤカエデ,ブナ,山地災害防止（土砂）,0,140.10814,42.246778
None,トドマツ,土流保,None,渡島,248,た,1.08,None,八雲町,None,None,山地災害防止（土砂）,0,140.105859,42.246063
None,他Ｌ,土流保,None,渡島,248,れ,4.16,None,八雲町,イタヤカエデ,ブナ,山地災害防止（土砂）,0,140.106854,42.244751
None,カラマツ,土流保,None,渡島,248,ぬ,0.53,None,八雲町,None,None,山地災害防止（土砂）,0,140.106046,42.244602
None,トドマツ,土流保,None,渡島,265,い,11.84,None,八雲町,None,トドマツ,山地災害防止（土砂）,0,140.105525,42.263258
None,ブナ,土流保,None,渡島,265,わ,8.89,None,八雲町,イタヤカエデ,他Ｌ,山地災害防止（土砂）,0,140.103893,42.264016
None,トドマツ,土流保,None,渡島,265,ぬ,1.36,None,八雲町,None,None,山地災害防止（土砂）,0,140.10363,42.262302
None,トドマツ,土流保,None,渡島,265,い,11.84,None,八雲町,None,トドマツ,山地災害防止（土砂）,0,140.101597,42.263977
None,ブナ,土流保,None,渡島,265,る,13.1,None,八雲町,イタヤカエデ,他Ｌ,山地災害防止（土砂）,0,140.103324,42.26307
None,ブナ,土流保,None,渡島,265,る,13.1,None,八雲町,イタヤカエデ,他Ｌ,山地災害防止（土砂）,0,140.103338,42.262803
None,トドマツ,土流保,None,渡島,265,い,11.84,None,八雲町,None,トドマツ,山地災害防止（土砂）,0,140.103004,42.262876
None,トドマツ,土流保,None,渡島,265,い,11.84,None,八雲町,None,トドマツ,山地災害防止（土砂）,0,140.102232,42.262452
None,ブナ,土流保,None,渡島,265,る,13.1,None,八雲町,イタヤカエデ,他Ｌ,山地災害防止（土砂）,0,140.102098,42.262218
None,トドマツ,土流保,None,渡島,264,と,1.08,None,八雲町,None,None,山地災害防止（土砂）,0,140.104897,42.259273
None,ブナ,土流保,None,渡島,265,る,13.1,None,八雲町,イタヤカエデ,他Ｌ,山地災害防止（土砂）,0,140.101728,42.26236
None,ブナ,土流保,None,渡島,265,る,13.1,None,八雲町,イタヤカエデ,他Ｌ,山地災害防止（土砂）,0,140.101404,42.262144
None,トドマツ,土流保,None,渡島,265,は,0.05,None,八雲町,None,None,山地災害防止（土砂）,0,140.098814,42.264181
None,トドマツ,土流保,None,渡島,265,に,0.04,None,八雲町,None,None,山地災害防止（土砂）,0,140.099053,42.264147
None,カラマツ,土流保,None,渡島,265,ほ,0.33,None,八雲町,None,None,山地災害防止（土砂）,0,140.098819,42.263931
None,トドマツ,土流保,None,渡島,265,ろ,1.42,None,八雲町,None,カラマツ,山地災害防止（土砂）,0,140.098188,42.263539
None,トドマツ,土流保,None,渡島,265,ろ,1.42,None,八雲町,None,カラマツ,山地災害防止（土砂）,0,140.09817,42.262849
None,トドマツ,土流保,None,渡島,265,り,6.02,None,八雲町,None,None,山地災害防止（土砂）,0,140.101243,42.261498
None,トドマツ,土流保,None,渡島,265,り,6.02,None,八雲町,None,None,山地災害防止（土砂）,0,140.100131,42.260509
None,ブナ,土流保,None,渡島,265,わ,8.89,None,八雲町,イタヤカエデ,他Ｌ,山地災害防止（土砂）,0,140.098694,42.260722
None,トドマツ,土流保,None,渡島,265,ち,3.3,None,八雲町,None,None,山地災害防止（土砂）,0,140.097557,42.26062
None,トドマツ,土流保,None,渡島,265,ち,3.3,None,八雲町,None,None,山地災害防止（土砂）,0,140.099883,42.259254
None,トドマツ,土流保,None,渡島,264,へ,1.04,None,八雲町,None,None,山地災害防止（土砂）,0,140.104059,42.257243
None,ブナ,土流保,None,渡島,264,り,29.66,None,八雲町,他Ｌ,シナノキ,山地災害防止（土砂）,0,140.102979,42.259141
None,None,土流保,None,渡島,264,イ,0.03,None,八雲町,None,None,山地災害防止（土砂）,0,140.103503,42.256436
None,トドマツ,土流保,None,渡島,249,と,2.99,None,八雲町,None,None,山地災害防止（土砂）,0,140.104772,42.256066
None,ヤチダモ,土流保,None,渡島,249,る,1.0,None,八雲町,None,None,山地災害防止（土砂）,0,140.104471,42.254827
None,トドマツ,土流保,None,渡島,249,む,0.14,None,八雲町,None,None,山地災害防止（土砂）,0,140.103399,42.254171
None,カラマツ,土流保,None,渡島,264,ほ,4.12,None,八雲町,ブナ,他Ｌ,山地災害防止（土砂）,0,140.100522,42.257121
None,ブナ,土流保,None,渡島,265,わ,8.89,None,八雲町,イタヤカエデ,他Ｌ,山地災害防止（土砂）,0,140.099484,42.258829
None,ブナ,土流保,None,渡島,265,わ,8.89,None,八雲町,イタヤカエデ,他Ｌ,山地災害防止（土砂）,0,140.099527,42.25808
None,ブナ,土流保,None,渡島,265,わ,8.89,None,八雲町,イタヤカエデ,他Ｌ,山地災害防止（土砂）,0,140.098578,42.258534
None,ブナ,土流保,None,渡島,264,ち,4.0,None,八雲町,他Ｌ,シナノキ,山地災害防止（土砂）,0,140.098849,42.257539
None,トドマツ,土流保,None,渡島,264,に,2.03,None,八雲町,None,None,山地災害防止（土砂）,0,140.098662,42.256554
None,トドマツ,土流保,None,渡島,264,は,1.99,None,八雲町,None,None,山地災害防止（土砂）,0,140.10162,42.254114
None,カラマツ,土流保,None,渡島,264,い,2.81,None,八雲町,None,他Ｌ,山地災害防止（土砂）,0,140.099426,42.253826
None,ブナ,土流保,None,渡島,265,る,13.1,None,八雲町,イタヤカエデ,他Ｌ,山地災害防止（土砂）,0,140.097603,42.264379
None,他Ｌ,土流保,None,渡島,267,か,18.97,None,八雲町,イタヤカエデ,シナノキ,山地災害防止（土砂）,0,140.096929,42.26379
None,None,土流保,None,渡島,267,イ,0.1,None,八雲町,None,None,山地災害防止（土砂）,0,140.096294,42.26426
None,ヤチダモ,土流保,None,渡島,267,い,0.71,None,八雲町,None,None,山地災害防止（土砂）,0,140.096236,42.26374
None,トドマツ,土流保,None,渡島,265,と,5.71,None,八雲町,None,None,山地災害防止（土砂）,0,140.097005,42.262293
None,他Ｌ,土流保,None,渡島,267,ろ,0.75,None,八雲町,ブナ,イタヤカエデ,山地災害防止（土砂）,0,140.095309,42.262161
None,トドマツ,土流保,None,渡島,267,は,0.51,None,八雲町,None,None,山地災害防止（土砂）,0,140.094693,42.262637
None,トドマツ,土流保,None,渡島,265,へ,15.14,None,八雲町,None,None,山地災害防止（土砂）,0,140.096574,42.259448
None,ブナ,土流保,None,渡島,265,る,13.1,None,八雲町,イタヤカエデ,他Ｌ,山地災害防止（土砂）,0,140.098025,42.261946
None,ヤチダモ,土流保,None,渡島,282,ち,1.0,None,八雲町,None,None,山地災害防止（土砂）,0,140.093892,42.264219
None,ヤチダモ,土流保,None,渡島,282,に,0.57,None,八雲町,None,None,山地災害防止（土砂）,0,140.090891,42.263668
None,トドマツ,土流保,None,渡島,282,ぬ,0.87,None,八雲町,None,ヤチダモ,山地災害防止（土砂）,0,140.090129,42.263597
None,トドマツ,土流保,None,渡島,267,ぬ,0.63,None,八雲町,None,None,山地災害防止（土砂）,0,140.091886,42.262075
None,カラマツ,土流保,None,渡島,267,に,2.71,None,八雲町,None,他Ｌ,山地災害防止（土砂）,0,140.093737,42.26111
None,他Ｌ,土流保,None,渡島,267,か,18.97,None,八雲町,イタヤカエデ,シナノキ,山地災害防止（土砂）,0,140.092091,42.260558
None,ブナ,土流保,None,渡島,265,わ,8.89,None,八雲町,イタヤカエデ,他Ｌ,山地災害防止（土砂）,0,140.095605,42.261755
None,トドマツ,土流保,None,渡島,267,わ,0.85,None,八雲町,None,None,山地災害防止（土砂）,0,140.090715,42.261437
None,他Ｌ,土流保,None,渡島,267,る,1.96,None,八雲町,イタヤカエデ,シナノキ,山地災害防止（土砂）,0,140.091515,42.259441
None,トドマツ,土流保,None,渡島,265,へ,15.14,None,八雲町,None,None,山地災害防止（土砂）,0,140.097758,42.258124
None,ブナ,土流保,None,渡島,265,わ,8.89,None,八雲町,イタヤカエデ,他Ｌ,山地災害防止（土砂）,0,140.096838,42.257776
None,ブナ,土流保,None,渡島,264,ち,4.0,None,八雲町,他Ｌ,シナノキ,山地災害防止（土砂）,0,140.096374,42.255592
None,トドマツ,土流保,None,渡島,264,ろ,3.77,None,八雲町,None,None,山地災害防止（土砂）,0,140.097438,42.254676
None,ブナ,土流保,None,渡島,264,ち,4.0,None,八雲町,他Ｌ,シナノキ,山地災害防止（土砂）,0,140.096424,42.254013
None,トドマツ,土流保,None,渡島,265,へ,15.14,None,八雲町,None,None,山地災害防止（土砂）,0,140.094261,42.255191
None,ブナ,土流保,None,渡島,263,に,4.25,None,八雲町,ニレ,他Ｌ,山地災害防止（土砂）,0,140.095793,42.253769
None,トドマツ,土流保,None,渡島,265,か,5.01,None,八雲町,None,ダケカンバ,山地災害防止（土砂）,0,140.091671,42.257157
None,トドマツ,土流保,None,渡島,265,と,5.71,None,八雲町,None,None,山地災害防止（土砂）,0,140.093236,42.259305
None,トドマツ,土流保,None,渡島,265,と,5.71,None,八雲町,None,None,山地災害防止（土砂）,0,140.090318,42.258092
None,None,土流保,None,渡島,265,イ,3.1,None,八雲町,None,None,山地災害防止（土砂）,0,140.091219,42.258137
None,トドマツ,土流保,None,渡島,265,へ,15.14,None,八雲町,None,None,山地災害防止（土砂）,0,140.093248,42.25619
None,トドマツ,土流保,None,渡島,266,い,1.42,None,八雲町,None,None,山地災害防止（土砂）,0,140.092429,42.25596
None,トドマツ,土流保,None,渡島,266,い,1.42,None,八雲町,None,None,山地災害防止（土砂）,0,140.092797,42.255337
None,ブナ,土流保,None,渡島,266,に,14.61,None,八雲町,センノキ,他Ｌ,山地災害防止（土砂）,1,140.092754,42.254806
None,ブナ,土流保,None,渡島,266,に,14.61,None,八雲町,センノキ,他Ｌ,山地災害防止（土砂）,1,140.090071,42.255698
None,ミズナラ,土流保,None,渡島,266,に,12.35,None,八雲町,他Ｌ,ブナ,山地災害防止（土砂）,2,140.091512,42.254488
None,ブナ,土流保,None,渡島,266,に,14.61,None,八雲町,センノキ,他Ｌ,山地災害防止（土砂）,1,140.090365,42.254643
None,トドマツ,土流保,None,渡島,249,や,1.01,None,八雲町,None,None,山地災害防止（土砂）,0,140.10512,42.252611
None,ダケカンバ,土流保,None,渡島,249,の,18.63,None,八雲町,他Ｌ,ブナ,山地災害防止（土砂）,0,140.10783,42.251976
None,ブナ,土流保,None,渡島,264,ぬ,0.07,None,八雲町,None,ダケカンバ,山地災害防止（土砂）,0,140.101955,42.253452
None,トドマツ,土流保,None,渡島,249,お,3.88,None,八雲町,None,None,水源涵養,0,140.103913,42.253123
None,ダケカンバ,土流保,None,渡島,249,の,18.63,None,八雲町,他Ｌ,ブナ,山地災害防止（土砂）,0,140.103304,42.254683
None,トドマツ,土流保,None,渡島,249,や,1.01,None,八雲町,None,None,山地災害防止（土砂）,0,140.102324,42.252
None,カラマツ,土流保,None,渡島,249,た,6.95,None,八雲町,None,ダケカンバ,山地災害防止（土砂）,0,140.102739,42.250828
None,トドマツ,土流保,None,渡島,249,か,1.19,None,八雲町,None,None,山地災害防止（土砂）,0,140.105424,42.250057
None,トドマツ,土流保,None,渡島,249,よ,3.13,None,八雲町,None,None,山地災害防止（土砂）,0,140.103907,42.251824
None,ダケカンバ,土流保,None,渡島,249,の,18.63,None,八雲町,他Ｌ,ブナ,山地災害防止（土砂）,0,140.102234,42.249648
None,ドイツトウヒ,土流保,None,渡島,249,そ,3.94,None,八雲町,None,他Ｌ,山地災害防止（土砂）,0,140.101094,42.249228
None,ブナ,土流保,None,渡島,249,ま,0.15,None,八雲町,None,ダケカンバ,山地災害防止（土砂）,0,140.101481,42.252972
None,トドマツ,土流保,None,渡島,249,お,3.88,None,八雲町,None,None,水源涵養,0,140.101084,42.252677
None,ダケカンバ,土流保,None,渡島,249,の,18.63,None,八雲町,他Ｌ,ブナ,山地災害防止（土砂）,0,140.102855,42.254904
None,None,None,None,渡島,249,イ,1.55,None,八雲町,None,None,山地災害防止（土砂）,0,140.100644,42.252108
None,ブナ,土流保,None,渡島,264,ち,4.0,None,八雲町,他Ｌ,シナノキ,山地災害防止（土砂）,0,140.098667,42.253244
None,カラマツ,土流保,None,渡島,249,れ,1.76,None,八雲町,None,他Ｌ,山地災害防止（土砂）,0,140.100141,42.250411
None,トドマツ,土流保,None,渡島,249,つ,2.82,None,八雲町,None,None,山地災害防止（土砂）,0,140.10431,42.247447
None,他Ｌ,土流保,None,渡島,248,れ,4.16,None,八雲町,イタヤカエデ,ブナ,山地災害防止（土砂）,0,140.105665,42.245331
None,トドマツ,土流保,None,渡島,248,り,13.31,None,八雲町,None,None,山地災害防止（土砂）,0,140.104713,42.24415
None,他Ｌ,土流保,None,渡島,248,れ,4.16,None,八雲町,イタヤカエデ,ブナ,山地災害防止（土砂）,0,140.102855,42.243792
None,カラマツ,土流保,None,渡島,249,ら,13.1,None,八雲町,None,ダケカンバ,山地災害防止（土砂）,0,140.097326,42.246685
None,トドマツ,土流保,None,渡島,249,ね,9.7,None,八雲町,None,None,山地災害防止（土砂）,0,140.101771,42.245746
None,トドマツ,土流保,None,渡島,249,な,2.02,None,八雲町,None,ダケカンバ,山地災害防止（土砂）,0,140.099851,42.244286
None,ダケカンバ,土流保,None,渡島,249,う,2.48,None,八雲町,None,トドマツ,山地災害防止（土砂）,0,140.09857,42.244467
None,シナノキ,土流保,None,渡島,249,く,6.46,None,八雲町,他Ｌ,ブナ,山地災害防止（土砂）,0,140.100876,42.24297
None,ブナ,土流保,None,渡島,264,ち,4.0,None,八雲町,他Ｌ,シナノキ,山地災害防止（土砂）,0,140.097237,42.25344
None,トドマツ,土流保,None,渡島,263,ろ,13.05,None,八雲町,None,None,山地災害防止（土砂）,0,140.095035,42.252553
None,他Ｌ,土流保,None,渡島,263,は,7.3,None,八雲町,None,トドマツ,山地災害防止（土砂）,0,140.094656,42.24956
None,カラマツ,土流保,None,渡島,263,い,2.41,None,八雲町,None,ダケカンバ,山地災害防止（土砂）,0,140.094967,42.250521
None,ミズナラ,土流保,None,渡島,266,に,12.35,None,八雲町,他Ｌ,ブナ,山地災害防止（土砂）,2,140.091204,42.253313
None,ダケカンバ,土流保,None,渡島,249,の,18.63,None,八雲町,他Ｌ,ブナ,山地災害防止（土砂）,0,140.095326,42.246566
None,ブナ,土流保,None,渡島,250,と,3.31,None,八雲町,イタヤカエデ,他Ｌ,山地災害防止（土砂）,0,140.09683,42.24535
None,ブナ,土流保,None,渡島,250,ほ,37.63,None,八雲町,イタヤカエデ,他Ｌ,山地災害防止（土砂）,0,140.095148,42.244705
None,None,None,None,渡島,250,イ,1.0,None,八雲町,None,None,山地災害防止（土砂）,0,140.093521,42.246921
None,ブナ,土流保,None,渡島,263,ほ,34.46,None,八雲町,ニレ,他Ｌ,山地災害防止（土砂）,0,140.091298,42.248174
None,他Ｌ,土流保,None,渡島,244,り,17.91,None,八雲町,センノキ,イタヤカエデ,山地災害防止（土砂）,2,140.120652,42.238882
None,トドマツ,土流保,None,渡島,244,ろ,0.92,None,八雲町,None,None,山地災害防止（土砂）,0,140.121667,42.237045
None,他Ｌ,土流保,None,渡島,244,り,12.07,None,八雲町,センノキ,イタヤカエデ,山地災害防止（土砂）,1,140.119936,42.237326
None,ダケカンバ,土流保,None,渡島,243,た,36.6,None,八雲町,他Ｌ,ブナ,山地災害防止（土砂）,0,140.118468,42.236199
None,トドマツ,土流保,None,渡島,243,ろ,1.3,None,八雲町,None,None,山地災害防止（土砂）,0,140.117172,42.235481
None,ダケカンバ,土流保,None,渡島,243,た,36.6,None,八雲町,他Ｌ,ブナ,山地災害防止（土砂）,0,140.118726,42.23528
None,トドマツ,土流保,None,渡島,243,ち,3.99,None,八雲町,None,None,山地災害防止（土砂）,0,140.118618,42.233207
None,トドマツ,土流保,None,渡島,243,い,0.3,None,八雲町,None,None,山地災害防止（土砂）,0,140.11559,42.235824
None,ダケカンバ,土流保,None,渡島,243,つ,0.28,None,八雲町,None,他Ｌ,山地災害防止（土砂）,0,140.116754,42.234591
None,トドマツ,土流保,None,渡島,243,り,1.78,None,八雲町,None,None,山地災害防止（土砂）,0,140.117429,42.232512
None,トドマツ,土流保,None,渡島,243,に,1.15,None,八雲町,None,None,山地災害防止（土砂）,0,140.113821,42.232732
None,他Ｌ,土流保,None,渡島,248,わ,39.05,None,八雲町,ブナ,イタヤカエデ,山地災害防止（土砂）,0,140.111451,42.242563
None,トドマツ,土流保,None,渡島,245,い,2.89,None,八雲町,None,None,山地災害防止（土砂）,0,140.110074,42.238837
None,他Ｌ,土流保,None,渡島,248,れ,4.16,None,八雲町,イタヤカエデ,ブナ,山地災害防止（土砂）,0,140.108197,42.240736
None,トドマツ,土流保,None,渡島,248,ほ,2.15,None,八雲町,他Ｌ,ダケカンバ,山地災害防止（土砂）,0,140.107654,42.241652
None,他Ｌ,土流保,None,渡島,248,れ,4.16,None,八雲町,イタヤカエデ,ブナ,山地災害防止（土砂）,0,140.106252,42.241206
None,トドマツ,土流保,None,渡島,248,そ,8.92,None,八雲町,None,ダケカンバ,山地災害防止（土砂）,0,140.102334,42.240252
None,トドマツ,土流保,None,渡島,243,は,17.62,None,八雲町,None,None,山地災害防止（土砂）,0,140.111635,42.23488
None,ダケカンバ,土流保,None,渡島,243,た,36.6,None,八雲町,他Ｌ,ブナ,山地災害防止（土砂）,0,140.115662,42.234715
None,トドマツ,土流保,None,渡島,245,ろ,10.29,None,八雲町,None,None,山地災害防止（土砂）,0,140.107955,42.235839
None,ダケカンバ,土流保,None,渡島,245,ち,2.04,None,八雲町,None,None,山地災害防止（土砂）,0,140.109431,42.235757
None,トドマツ,土流保,None,渡島,248,い,3.39,None,八雲町,None,None,山地災害防止（土砂）,0,140.105784,42.236545
None,他Ｌ,土流保,None,渡島,245,へ,27.2,None,八雲町,イタヤカエデ,ブナ,山地災害防止（土砂）,0,140.108155,42.234347
None,他Ｌ,土流保,None,渡島,245,へ,27.2,None,八雲町,イタヤカエデ,ブナ,山地災害防止（土砂）,0,140.108324,42.234045
None,トドマツ,土流保,None,渡島,243,は,17.62,None,八雲町,None,None,山地災害防止（土砂）,0,140.109615,42.232964
None,None,None,None,渡島,245,イ,0.48,None,八雲町,None,None,山地災害防止（土砂）,0,140.105487,42.234484
None,トドマツ,土流保,None,渡島,245,ろ,10.29,None,八雲町,None,None,山地災害防止（土砂）,0,140.10642,42.233933
None,ダケカンバ,土流保,None,渡島,245,り,1.07,None,八雲町,None,None,山地災害防止（土砂）,0,140.107566,42.23369
None,他Ｌ,土流保,None,渡島,245,へ,27.2,None,八雲町,イタヤカエデ,ブナ,山地災害防止（土砂）,0,140.106235,42.232307
None,他Ｌ,土流保,None,渡島,245,へ,27.2,None,八雲町,イタヤカエデ,ブナ,山地災害防止（土砂）,0,140.10694,42.232498
None,トドマツ,土流保,None,渡島,243,ぬ,5.63,None,八雲町,None,ダケカンバ,山地災害防止（土砂）,0,140.118222,42.23201
None,ブナ,土流保,None,渡島,242,へ,26.21,None,八雲町,他Ｌ,ミズナラ,山地災害防止（土砂）,0,140.112644,42.226152
None,ダケカンバ,土流保,None,渡島,243,た,36.6,None,八雲町,他Ｌ,ブナ,山地災害防止（土砂）,0,140.11573,42.232034
None,トドマツ,土流保,None,渡島,243,ぬ,5.63,None,八雲町,None,ダケカンバ,山地災害防止（土砂）,0,140.116348,42.230284
None,None,None,None,渡島,243,ロ,2.26,None,八雲町,None,None,山地災害防止（土砂）,0,140.118563,42.232046
None,トドマツ,土流保,None,渡島,243,る,4.68,None,八雲町,None,None,山地災害防止（土砂）,0,140.113569,42.228817
None,トドマツ,土流保,None,渡島,241,ほ,0.23,None,八雲町,None,None,山地災害防止（土砂）,0,140.1199,42.225053
None,トドマツ,土流保,None,渡島,241,へ,0.1,None,八雲町,None,None,山地災害防止（土砂）,0,140.119706,42.22405
None,トドマツ,土流保,None,渡島,241,に,13.26,None,八雲町,None,None,山地災害防止（土砂）,0,140.118471,42.227222
None,トドマツ,土流保,None,渡島,241,か,0.63,None,八雲町,None,None,山地災害防止（土砂）,0,140.118722,42.224126
None,トドマツ,土流保,None,渡島,241,ち,0.55,None,八雲町,None,None,山地災害防止（土砂）,0,140.119901,42.223437
None,トドマツ,土流保,None,渡島,241,と,0.48,None,八雲町,None,None,山地災害防止（土砂）,0,140.118216,42.22332
None,トドマツ,土流保,None,渡島,242,は,6.46,None,八雲町,None,None,山地災害防止（土砂）,0,140.115043,42.226245
None,トドマツ,土流保,None,渡島,241,り,0.65,None,八雲町,None,None,山地災害防止（土砂）,0,140.116226,42.221587
None,ブナ,土流保,None,渡島,241,た,41.35,None,八雲町,他Ｌ,ミズナラ,山地災害防止（土砂）,0,140.114504,42.220329
None,トドマツ,土流保,None,渡島,241,わ,3.5,None,八雲町,None,None,山地災害防止（土砂）,0,140.113771,42.222385
None,トドマツ,土流保,None,渡島,243,ほ,4.59,None,八雲町,None,None,山地災害防止（土砂）,0,140.112419,42.23176
None,ブナ,土流保,None,渡島,243,よ,4.19,None,八雲町,他Ｌ,イタヤカエデ,山地災害防止（土砂）,0,140.11674,42.231844
None,トドマツ,土流保,None,渡島,243,ほ,4.59,None,八雲町,None,None,山地災害防止（土砂）,0,140.11199,42.23026
None,ブナ,土流保,None,渡島,243,よ,4.19,None,八雲町,他Ｌ,イタヤカエデ,山地災害防止（土砂）,0,140.111688,42.230621
None,トドマツ,土流保,None,渡島,243,か,1.61,None,八雲町,None,None,山地災害防止（土砂）,0,140.11183,42.228647
None,ダケカンバ,土流保,None,渡島,243,た,36.6,None,八雲町,他Ｌ,ブナ,山地災害防止（土砂）,0,140.10944,42.227701
None,トドマツ,土流保,None,渡島,243,わ,1.69,None,八雲町,None,None,山地災害防止（土砂）,0,140.110755,42.22753
None,ブナ,土流保,None,渡島,243,よ,4.19,None,八雲町,他Ｌ,イタヤカエデ,山地災害防止（土砂）,0,140.108939,42.230254
None,トドマツ,土流保,None,渡島,243,へ,2.97,None,八雲町,None,None,山地災害防止（土砂）,0,140.107042,42.23004
None,ダケカンバ,土流保,None,渡島,243,た,36.6,None,八雲町,他Ｌ,ブナ,山地災害防止（土砂）,0,140.105785,42.231864
None,ダケカンバ,土流保,None,渡島,243,そ,1.08,None,八雲町,None,None,山地災害防止（土砂）,0,140.106412,42.231804
None,トドマツ,土流保,None,渡島,243,と,4.39,None,八雲町,None,None,山地災害防止（土砂）,0,140.108683,42.229114
None,他Ｌ,土流保,None,渡島,243,れ,11.94,None,八雲町,ダケカンバ,ブナ,自然維持,0,140.106671,42.227043
None,トドマツ,土流保,None,渡島,242,に,3.25,None,八雲町,None,None,山地災害防止（土砂）,0,140.110606,42.225278
None,トドマツ,土流保,None,渡島,241,る,0.1,None,八雲町,None,None,山地災害防止（土砂）,0,140.111715,42.222303
None,トドマツ,土流保,None,渡島,241,ぬ,0.15,None,八雲町,None,None,山地災害防止（土砂）,0,140.11266,42.221561
None,トドマツ,土流保,None,渡島,242,ほ,0.88,None,八雲町,None,None,山地災害防止（土砂）,0,140.11078,42.223326
None,トドマツ,土流保,None,渡島,241,そ,0.92,None,八雲町,None,None,山地災害防止（土砂）,0,140.110727,42.222067
None,他Ｌ,土流保,None,渡島,248,れ,4.16,None,八雲町,イタヤカエデ,ブナ,山地災害防止（土砂）,0,140.104317,42.242162
None,トドマツ,土流保,None,渡島,248,へ,1.98,None,八雲町,None,None,山地災害防止（土砂）,0,140.104681,42.241526
None,トドマツ,土流保,None,渡島,248,と,4.85,None,八雲町,他Ｌ,ダケカンバ,山地災害防止（土砂）,0,140.103021,42.242643
None,ブナ,土流保,None,渡島,250,と,3.31,None,八雲町,イタヤカエデ,他Ｌ,山地災害防止（土砂）,0,140.101008,42.24144
None,トドマツ,土流保,None,渡島,250,い,18.45,None,八雲町,None,None,山地災害防止（土砂）,0,140.099195,42.241466
None,他Ｌ,土流保,None,渡島,248,わ,39.05,None,八雲町,ブナ,イタヤカエデ,山地災害防止（土砂）,0,140.103167,42.23745
None,他Ｌ,土流保,None,渡島,245,へ,27.2,None,八雲町,イタヤカエデ,ブナ,山地災害防止（土砂）,0,140.105851,42.233009
None,ダケカンバ,土流保,None,渡島,245,ほ,5.91,None,八雲町,None,トドマツ,山地災害防止（土砂）,0,140.104402,42.233154
None,ブナ,土流保,None,渡島,246,い,1.05,None,八雲町,他Ｌ,ニレ,山地災害防止（土砂）,2,140.101205,42.235271
None,ダケカンバ,土流保,None,渡島,246,と,1.11,None,八雲町,None,他Ｌ,山地災害防止（土砂）,0,140.100013,42.234521
None,ダケカンバ,土流保,None,渡島,246,は,1.73,None,八雲町,None,ブナ,山地災害防止（土砂）,0,140.101073,42.234331
None,ダケカンバ,土流保,None,渡島,246,ほ,0.53,None,八雲町,None,ブナ,山地災害防止（土砂）,0,140.100625,42.233208
None,ダケカンバ,土流保,None,渡島,246,ろ,1.13,None,八雲町,None,ブナ,山地災害防止（土砂）,0,140.098932,42.233632
None,ダケカンバ,土流保,None,渡島,246,へ,0.58,None,八雲町,None,ブナ,山地災害防止（土砂）,0,140.098425,42.232426
None,トドマツ,土流保,None,渡島,250,ろ,0.56,None,八雲町,None,None,山地災害防止（土砂）,0,140.095336,42.241926
None,トドマツ,土流保,None,渡島,250,は,6.72,None,八雲町,None,None,山地災害防止（土砂）,0,140.094677,42.240707
None,ブナ,土流保,None,渡島,250,ほ,37.63,None,八雲町,イタヤカエデ,他Ｌ,山地災害防止（土砂）,0,140.094663,42.23742
None,他Ｌ,土流保,None,渡島,250,に,3.85,None,八雲町,ブナ,ダケカンバ,山地災害防止（土砂）,0,140.092777,42.240466
None,トドマツ,土流保,None,渡島,251,ろ,3.32,None,八雲町,None,None,山地災害防止（土砂）,0,140.090195,42.238541
None,ダケカンバ,土流保,None,渡島,250,へ,0.88,None,八雲町,イタヤカエデ,他Ｌ,自然維持,0,140.092839,42.234903
None,ダケカンバ,土流保,None,渡島,248,か,1.73,None,八雲町,ブナ,他Ｌ,自然維持,0,140.093516,42.234268
None,他Ｌ,土流保,None,渡島,251,ほ,4.5,None,八雲町,ブナ,ダケカンバ,自然維持,0,140.09156,42.234238
None,ダケカンバ,土流保,None,渡島,245,ぬ,0.14,None,八雲町,None,None,山地災害防止（土砂）,0,140.104904,42.230929
None,ダケカンバ,土流保,None,渡島,245,は,1.32,None,八雲町,None,None,山地災害防止（土砂）,0,140.103441,42.231653
None,トドマツ,土流保,None,渡島,245,る,1.18,None,八雲町,None,None,山地災害防止（土砂）,0,140.102483,42.230764
None,他Ｌ,土流保,None,渡島,245,へ,27.2,None,八雲町,イタヤカエデ,ブナ,山地災害防止（土砂）,0,140.103088,42.229239
None,None,土流保,None,渡島,243,イ,1.59,None,八雲町,None,None,山地災害防止（土砂）,0,140.104884,42.228159
None,トドマツ,土流保,None,渡島,245,に,1.83,None,八雲町,None,None,山地災害防止（土砂）,0,140.101849,42.22977
None,トドマツ,土流保,None,渡島,245,に,1.83,None,八雲町,None,None,山地災害防止（土砂）,0,140.100938,42.231016
None,ブナ,土流保,None,渡島,246,い,22.55,None,八雲町,ニレ,他Ｌ,山地災害防止（土砂）,3,140.098312,42.230051
None,ブナ,土流保,None,渡島,246,い,5.25,None,八雲町,他Ｌ,イタヤカエデ,山地災害防止（土砂）,1,140.099783,42.227654
None,他Ｌ,土流保,None,渡島,245,と,3.7,None,八雲町,ダケカンバ,ブナ,自然維持,0,140.103449,42.226296
None,ブナ,土流保,None,渡島,246,に,39.75,None,八雲町,他Ｌ,ダケカンバ,自然維持,0,140.098129,42.219726
None,None,土流保,None,渡島,246,イ,8.19,None,八雲町,None,None,自然維持,0,140.096221,42.222406
None,ブナ,土流保,None,渡島,247,ろ,37.49,None,八雲町,ダケカンバ,他Ｌ,自然維持,0,140.093449,42.225003
None,None,None,None,渡島,282,イ,1.0,None,八雲町,None,None,山地災害防止（土砂）,0,140.092563,42.264107
None,トドマツ,土流保,None,渡島,282,は,2.72,None,八雲町,None,トドマツ,山地災害防止（土砂）,0,140.089132,42.2636
None,トドマツ,土流保,None,渡島,282,わ,0.15,None,八雲町,None,None,山地災害防止（土砂）,0,140.08747,42.263543
None,ブナ,土流保,None,渡島,282,そ,16.03,None,八雲町,イタヤカエデ,他Ｌ,山地災害防止（土砂）,0,140.086172,42.263214
None,トドマツ,土流保,None,渡島,282,か,0.06,None,八雲町,None,None,山地災害防止（土砂）,0,140.087111,42.263149
None,カラマツ,土流保,None,渡島,267,ほ,10.8,None,八雲町,None,他Ｌ,山地災害防止（土砂）,0,140.089075,42.259674
None,他Ｌ,土流保,None,渡島,267,か,18.97,None,八雲町,イタヤカエデ,シナノキ,山地災害防止（土砂）,0,140.096248,42.262846
None,ダケカンバ,土流保,None,渡島,267,へ,2.34,None,八雲町,None,カラマツ,山地災害防止（土砂）,0,140.086953,42.259629
None,トドマツ,土流保,None,渡島,282,つ,0.2,None,八雲町,None,None,山地災害防止（土砂）,0,140.08428,42.263491
None,ブナ,土流保,None,渡島,268,わ,14.47,None,八雲町,ダケカンバ,他Ｌ,山地災害防止（土砂）,0,140.084497,42.262689
None,トドマツ,土流保,None,渡島,282,よ,0.55,None,八雲町,ミズナラ,他Ｌ,山地災害防止（土砂）,0,140.083045,42.264263
None,ブナ,土流保,None,渡島,281,ぬ,30.12,None,八雲町,ダケカンバ,他Ｌ,山地災害防止（土砂）,0,140.083557,42.26331
None,None,土流保,None,渡島,268,イ,1.19,None,八雲町,None,None,山地災害防止（土砂）,0,140.082608,42.262085
None,トドマツ,土流保,None,渡島,268,に,1.45,None,八雲町,None,None,山地災害防止（土砂）,0,140.083668,42.261963
None,トドマツ,土流保,None,渡島,268,ほ,3.63,None,八雲町,None,他Ｌ,山地災害防止（土砂）,0,140.082505,42.262361
None,ブナ,土流保,None,渡島,268,わ,14.47,None,八雲町,ダケカンバ,他Ｌ,山地災害防止（土砂）,0,140.082696,42.261865
None,他Ｌ,土流保,None,渡島,267,り,3.25,None,八雲町,None,トドマツ,山地災害防止（土砂）,0,140.086232,42.260772
None,トドマツ,土流保,None,渡島,267,と,4.53,None,八雲町,None,None,山地災害防止（土砂）,0,140.085517,42.259309
None,トドマツ,土流保,None,渡島,268,に,1.45,None,八雲町,None,None,山地災害防止（土砂）,0,140.082676,42.261374
None,トドマツ,土流保,None,渡島,267,ち,3.8,None,八雲町,None,None,山地災害防止（土砂）,0,140.084374,42.259367
None,ブナ,土流保,None,渡島,268,わ,14.47,None,八雲町,ダケカンバ,他Ｌ,山地災害防止（土砂）,0,140.083158,42.259957
None,トドマツ,土流保,None,渡島,265,か,5.01,None,八雲町,None,ダケカンバ,山地災害防止（土砂）,0,140.08954,42.257947
None,トドマツ,土流保,None,渡島,266,は,2.43,None,八雲町,None,None,山地災害防止（土砂）,0,140.090376,42.256677
None,トドマツ,土流保,None,渡島,266,は,2.43,None,八雲町,None,None,山地災害防止（土砂）,0,140.089026,42.257466
None,カラマツ,土流保,None,渡島,267,ほ,10.8,None,八雲町,None,他Ｌ,山地災害防止（土砂）,0,140.088135,42.258274
None,他Ｌ,土流保,None,渡島,267,か,18.97,None,八雲町,イタヤカエデ,シナノキ,山地災害防止（土砂）,0,140.087689,42.258506
None,他Ｌ,土流保,None,渡島,267,る,1.96,None,八雲町,イタヤカエデ,シナノキ,山地災害防止（土砂）,0,140.088142,42.257896
None,ダケカンバ,土流保,None,渡島,267,へ,2.34,None,八雲町,None,カラマツ,山地災害防止（土砂）,0,140.087093,42.258264
None,他Ｌ,土流保,None,渡島,267,か,18.97,None,八雲町,イタヤカエデ,シナノキ,山地災害防止（土砂）,0,140.086549,42.25853
None,None,土流保,None,渡島,266,イ,1.07,None,八雲町,None,None,山地災害防止（土砂）,0,140.092253,42.254809
None,トドマツ,土流保,None,渡島,266,ろ,5.69,None,八雲町,None,ダケカンバ,山地災害防止（土砂）,0,140.088708,42.25592
None,トドマツ,土流保,None,渡島,266,ろ,5.69,None,八雲町,None,ダケカンバ,山地災害防止（土砂）,0,140.086874,42.255382
None,トドマツ,土流保,None,渡島,267,と,4.53,None,八雲町,None,None,山地災害防止（土砂）,0,140.084783,42.257688
None,トドマツ,土流保,None,渡島,267,ち,3.8,None,八雲町,None,None,山地災害防止（土砂）,0,140.084185,42.25844
None,None,土流保,None,渡島,267,ロ,0.43,None,八雲町,None,None,山地災害防止（土砂）,0,140.086238,42.258572
None,トドマツ,土流保,None,渡島,268,い,7.5,None,八雲町,None,None,山地災害防止（土砂）,0,140.083179,42.25647
None,ブナ,土流保,None,渡島,266,に,14.61,None,八雲町,センノキ,他Ｌ,山地災害防止（土砂）,1,140.086203,42.254204
None,None,土流保,None,渡島,281,ロ,0.01,None,八雲町,None,None,山地災害防止（土砂）,0,140.082185,42.263018
None,カラマツ,土流保,None,渡島,281,へ,0.59,None,八雲町,None,None,山地災害防止（土砂）,0,140.08172,42.263453
None,ブナ,土流保,None,渡島,268,わ,14.47,None,八雲町,ダケカンバ,他Ｌ,山地災害防止（土砂）,0,140.08187,42.262485
None,トドマツ,土流保,None,渡島,281,る,0.33,None,八雲町,None,None,山地災害防止（土砂）,0,140.080481,42.262457
None,カラマツ,土流保,None,渡島,281,ほ,9.33,None,八雲町,None,ダケカンバ,山地災害防止（土砂）,0,140.078897,42.263961
None,トドマツ,土流保,None,渡島,268,ほ,3.63,None,八雲町,None,他Ｌ,山地災害防止（土砂）,0,140.079636,42.260921
None,トドマツ,土流保,None,渡島,268,へ,10.51,None,八雲町,None,None,山地災害防止（土砂）,0,140.081028,42.260406
None,トドマツ,土流保,None,渡島,268,へ,10.51,None,八雲町,None,None,山地災害防止（土砂）,0,140.08201,42.259924
None,ブナ,土流保,None,渡島,281,ぬ,30.12,None,八雲町,ダケカンバ,他Ｌ,山地災害防止（土砂）,0,140.076078,42.264031
None,トドマツ,土流保,None,渡島,281,に,6.55,None,八雲町,None,None,山地災害防止（土砂）,0,140.075528,42.262372
None,トドマツ,土流保,None,渡島,281,と,0.22,None,八雲町,None,None,山地災害防止（土砂）,0,140.077609,42.261196
None,トドマツ,土流保,None,渡島,281,り,0.13,None,八雲町,None,None,山地災害防止（土砂）,0,140.076848,42.261016
None,他Ｌ,土流保,None,渡島,268,る,5.5,None,八雲町,None,カラマツ,山地災害防止（土砂）,0,140.0767,42.259456
None,ブナ,土流保,None,渡島,281,ぬ,30.12,None,八雲町,ダケカンバ,他Ｌ,山地災害防止（土砂）,0,140.080308,42.261842
None,ダケカンバ,土流保,None,渡島,268,よ,4.25,None,八雲町,他Ｌ,ブナ,山地災害防止（土砂）,0,140.075559,42.258666
None,トドマツ,土流保,None,渡島,268,い,7.5,None,八雲町,None,None,山地災害防止（土砂）,0,140.081439,42.257747
None,トドマツ,土流保,None,渡島,268,へ,10.51,None,八雲町,None,None,山地災害防止（土砂）,0,140.079689,42.258938
None,トドマツ,土流保,None,渡島,268,り,1.05,None,八雲町,None,None,山地災害防止（土砂）,0,140.078998,42.257629
None,トドマツ,土流保,None,渡島,268,と,2.5,None,八雲町,None,None,山地災害防止（土砂）,0,140.080982,42.255573
None,トドマツ,土流保,None,渡島,268,ろ,4.65,None,八雲町,None,None,山地災害防止（土砂）,0,140.081203,42.253595
None,トドマツ,土流保,None,渡島,268,ち,3.44,None,八雲町,None,ダケカンバ,山地災害防止（土砂）,0,140.078994,42.254671
None,トドマツ,土流保,None,渡島,268,ぬ,4.02,None,八雲町,None,None,山地災害防止（土砂）,0,140.077372,42.257307
None,ブナ,土流保,None,渡島,268,わ,14.47,None,八雲町,ダケカンバ,他Ｌ,山地災害防止（土砂）,0,140.078044,42.25515
None,ブナ,土流保,None,渡島,266,に,14.61,None,八雲町,センノキ,他Ｌ,山地災害防止（土砂）,1,140.089623,42.253346
None,他Ｌ,土流保,None,渡島,266,に,39.62,None,八雲町,ニレ,ブナ,山地災害防止（土砂）,3,140.087129,42.252604
None,ブナ,土流保,None,渡島,266,へ,4.1,None,八雲町,None,None,山地災害防止（土砂）,0,140.084701,42.253563
None,ブナ,土流保,None,渡島,266,に,14.61,None,八雲町,センノキ,他Ｌ,山地災害防止（土砂）,1,140.083015,42.25152
None,ミズナラ,土流保,None,渡島,266,に,12.35,None,八雲町,他Ｌ,ブナ,山地災害防止（土砂）,2,140.08145,42.248375
None,他Ｌ,土流保,None,渡島,266,に,39.62,None,八雲町,ニレ,ブナ,山地災害防止（土砂）,3,140.08446,42.247937
None,ブナ,土流保,None,渡島,262,ろ,68.83,None,八雲町,イタヤカエデ,他Ｌ,山地災害防止（土砂）,0,140.084131,42.24416
None,ダケカンバ,土流保,None,渡島,268,よ,4.25,None,八雲町,他Ｌ,ブナ,山地災害防止（土砂）,0,140.082974,42.255255
None,ブナ,土流保,None,渡島,268,わ,14.47,None,八雲町,ダケカンバ,他Ｌ,山地災害防止（土砂）,0,140.078665,42.252628
None,ダケカンバ,土流保,None,渡島,268,は,3.31,None,八雲町,None,トドマツ,山地災害防止（土砂）,0,140.079396,42.251039
None,他Ｌ,土流保,None,渡島,266,ほ,0.74,None,八雲町,ブナ,ダケカンバ,自然維持,0,140.079247,42.248382
None,他Ｌ,土流保,None,渡島,268,か,3.75,None,八雲町,ブナ,ダケカンバ,自然維持,0,140.077226,42.248287
None,ブナ,土流保,None,渡島,262,は,4.14,None,八雲町,他Ｌ,ダケカンバ,自然維持,0,140.078609,42.247484
None,トドマツ,土流保,None,渡島,281,は,4.65,None,八雲町,None,None,山地災害防止（土砂）,0,140.071864,42.262805
None,トドマツ,土流保,None,渡島,281,ち,0.45,None,八雲町,None,None,山地災害防止（土砂）,0,140.072418,42.260751
None,他Ｌ,土流保,None,渡島,287,に,8.88,None,八雲町,イタヤカエデ,ブナ,山地災害防止（土砂）,0,140.070163,42.264089
None,トドマツ,土流保,None,渡島,281,ろ,0.71,None,八雲町,None,None,山地災害防止（土砂）,0,140.069107,42.261825
None,トドマツ,土流保,None,渡島,281,い,2.35,None,八雲町,None,None,山地災害防止（土砂）,0,140.069736,42.260397
None,ブナ,土流保,None,渡島,281,ぬ,30.12,None,八雲町,ダケカンバ,他Ｌ,山地災害防止（土砂）,0,140.067558,42.262176
None,他Ｌ,土流保,None,渡島,269,い,2.33,None,八雲町,None,トドマツ,山地災害防止（土砂）,0,140.07341,42.258122
None,トドマツ,土流保,None,渡島,269,ろ,1.74,None,八雲町,None,None,山地災害防止（土砂）,0,140.072499,42.257518
None,ダケカンバ,土流保,None,渡島,269,に,60.79,None,八雲町,他Ｌ,ブナ,山地災害防止（土砂）,0,140.075243,42.254441
None,トドマツ,土流保,None,渡島,270,い,1.23,None,八雲町,None,None,山地災害防止（土砂）,0,140.069518,42.258501
None,None,None,None,渡島,281,イ,1.5,None,八雲町,None,None,山地災害防止（土砂）,0,140.073337,42.260574
None,ブナ,土流保,None,渡島,270,ほ,12.96,None,八雲町,ウダイカンバ,他Ｌ,山地災害防止（土砂）,0,140.067332,42.254901
None,他Ｌ,土流保,None,渡島,288,へ,0.63,None,八雲町,ミズナラ,ブナ,山地災害防止（土砂）,0,140.063607,42.262562
None,ブナ,土流保,None,渡島,280,と,39.84,None,八雲町,他Ｌ,イタヤカエデ,山地災害防止（土砂）,0,140.065141,42.260332
None,ブナ,土流保,None,渡島,280,へ,7.0,None,八雲町,トドマツ,イタヤカエデ,山地災害防止（土砂）,0,140.061917,42.258946
None,トドマツ,土流保,None,渡島,280,い,1.08,None,八雲町,None,None,山地災害防止（土砂）,0,140.067179,42.258495
None,None,None,None,渡島,280,イ,0.55,None,八雲町,None,None,山地災害防止（土砂）,0,140.064954,42.256403
None,トドマツ,土流保,None,渡島,280,ほ,0.51,None,八雲町,None,None,山地災害防止（土砂）,0,140.064203,42.256466
None,トドマツ,土流保,None,渡島,270,ろ,1.5,None,八雲町,None,None,山地災害防止（土砂）,0,140.06599,42.255922
None,トドマツ,土流保,None,渡島,280,に,6.54,None,八雲町,None,None,山地災害防止（土砂）,0,140.061766,42.257515
None,トドマツ,土流保,None,渡島,280,は,4.48,None,八雲町,None,None,山地災害防止（土砂）,0,140.061044,42.259263
None,ブナ,土流保,None,渡島,280,と,39.84,None,八雲町,他Ｌ,イタヤカエデ,山地災害防止（土砂）,0,140.057575,42.255548
None,カラマツ,土流保,None,渡島,277,る,11.04,None,八雲町,None,ダケカンバ,山地災害防止（土砂）,0,140.061136,42.254136
None,ブナ,土流保,None,渡島,279,り,10.04,None,八雲町,他Ｌ,イタヤカエデ,山地災害防止（土砂）,0,140.057245,42.253855
None,他Ｌ,土流保,None,渡島,269,は,5.91,None,八雲町,None,カラマツ,山地災害防止（土砂）,0,140.072667,42.254087
None,ブナ,土流保,None,渡島,270,に,18.24,None,八雲町,ウダイカンバ,他Ｌ,山地災害防止（土砂）,0,140.067584,42.252412
None,ダケカンバ,土流保,None,渡島,269,ほ,13.44,None,八雲町,他Ｌ,ブナ,自然維持,0,140.073129,42.246985
None,他Ｌ,土流保,None,渡島,270,と,11.88,None,八雲町,ダケカンバ,ブナ,自然維持,0,140.070722,42.245197
None,ブナ,土流保,None,渡島,270,に,18.24,None,八雲町,ウダイカンバ,他Ｌ,山地災害防止（土砂）,0,140.065011,42.250611
None,トドマツ,土流保,None,渡島,270,は,1.46,None,八雲町,None,None,山地災害防止（土砂）,0,140.062962,42.250055
None,カラマツ,土流保,None,渡島,277,る,11.04,None,八雲町,None,ダケカンバ,山地災害防止（土砂）,0,140.06347,42.254524
None,ダケカンバ,土流保,None,渡島,277,い,4.87,None,八雲町,None,カラマツ,山地災害防止（土砂）,0,140.062078,42.254067
None,トドマツ,土流保,None,渡島,277,り,4.32,None,八雲町,None,ダケカンバ,山地災害防止（土砂）,0,140.061199,42.251625
None,トドマツ,土流保,None,渡島,272,い,0.46,None,八雲町,None,None,山地災害防止（土砂）,0,140.062029,42.248389
None,ブナ,土流保,None,渡島,270,へ,24.92,None,八雲町,ウダイカンバ,他Ｌ,山地災害防止（土砂）,0,140.06684,42.24746
None,ブナ,土流保,None,渡島,271,い,44.02,None,八雲町,None,他Ｌ,山地災害防止（土砂）,0,140.065614,42.24349
None,トドマツ,土流保,None,渡島,272,ろ,1.33,None,八雲町,None,None,山地災害防止（土砂）,0,140.062087,42.245932
None,トドマツ,土流保,None,渡島,272,ろ,1.33,None,八雲町,None,None,山地災害防止（土砂）,0,140.061923,42.245163
None,トドマツ,土流保,None,渡島,272,ろ,1.33,None,八雲町,None,None,山地災害防止（土砂）,0,140.061197,42.24505
None,トドマツ,土流保,None,渡島,271,は,0.55,None,八雲町,None,None,山地災害防止（土砂）,0,140.06235,42.2433
None,ドイツトウヒ,土流保,None,渡島,251,い,0.87,None,八雲町,None,None,山地災害防止（土砂）,0,140.08944,42.241351
None,トドマツ,土流保,None,渡島,251,へ,0.15,None,八雲町,None,None,山地災害防止（土砂）,0,140.087651,42.242336
None,ブナ,土流保,None,渡島,251,に,40.64,None,八雲町,他Ｌ,イタヤカエデ,山地災害防止（土砂）,0,140.087606,42.238734
None,ブナ,土流保,None,渡島,251,に,40.64,None,八雲町,他Ｌ,イタヤカエデ,山地災害防止（土砂）,0,140.087211,42.242262
None,ブナ,土流保,None,渡島,251,に,40.64,None,八雲町,他Ｌ,イタヤカエデ,山地災害防止（土砂）,0,140.086122,42.24074
None,トドマツ,土流保,None,渡島,251,は,2.03,None,八雲町,None,None,山地災害防止（土砂）,0,140.08564,42.240337
None,None,None,None,渡島,251,イ,1.45,None,八雲町,None,None,山地災害防止（土砂）,0,140.082442,42.237819
None,None,土流保,None,渡島,251,ロ,1.94,None,八雲町,None,None,山地災害防止（土砂）,0,140.085881,42.23779
None,ブナ,土流保,None,渡島,252,ほ,44.53,None,八雲町,イタヤカエデ,他Ｌ,山地災害防止（土砂）,0,140.085252,42.232799
None,トドマツ,土流保,None,渡島,262,い,5.58,None,八雲町,None,None,山地災害防止（土砂）,0,140.081903,42.240125
None,トドマツ,土流保,None,渡島,260,へ,1.65,None,八雲町,None,None,山地災害防止（土砂）,0,140.080932,42.237516
None,トドマツ,土流保,None,渡島,261,い,3.39,None,八雲町,None,None,山地災害防止（土砂）,0,140.079644,42.239827
None,ブナ,土流保,None,渡島,261,ろ,47.12,None,八雲町,イタヤカエデ,他Ｌ,山地災害防止（土砂）,0,140.076006,42.239636
None,トドマツ,土流保,None,渡島,252,と,0.21,None,八雲町,None,None,山地災害防止（土砂）,0,140.082102,42.235409
None,トドマツ,土流保,None,渡島,251,と,0.28,None,八雲町,None,None,山地災害防止（土砂）,0,140.081807,42.235833
None,ブナ,土流保,None,渡島,251,に,40.64,None,八雲町,他Ｌ,イタヤカエデ,山地災害防止（土砂）,0,140.08152,42.23561
None,トドマツ,土流保,None,渡島,260,ほ,1.16,None,八雲町,None,None,山地災害防止（土砂）,0,140.080268,42.235585
None,トドマツ,土流保,None,渡島,252,い,1.41,None,八雲町,None,None,山地災害防止（土砂）,0,140.081949,42.234219
None,トドマツ,土流保,None,渡島,252,ろ,0.4,None,八雲町,None,None,山地災害防止（土砂）,0,140.082555,42.232706
None,ブナ,土流保,None,渡島,260,と,39.55,None,八雲町,イタヤカエデ,他Ｌ,山地災害防止（土砂）,0,140.08097,42.234046
None,トドマツ,土流保,None,渡島,260,は,1.96,None,八雲町,None,None,山地災害防止（土砂）,0,140.080176,42.233183
None,ブナ,土流保,None,渡島,260,と,39.55,None,八雲町,イタヤカエデ,他Ｌ,山地災害防止（土砂）,0,140.07929,42.233075
None,トドマツ,土流保,None,渡島,260,に,1.75,None,八雲町,None,None,山地災害防止（土砂）,0,140.077567,42.235263
None,ブナ,土流保,None,渡島,260,と,39.55,None,八雲町,イタヤカエデ,他Ｌ,山地災害防止（土砂）,0,140.076705,42.232188
None,他Ｌ,土流保,None,渡島,252,へ,15.94,None,八雲町,ダケカンバ,ブナ,自然維持,0,140.088972,42.230328
None,トドマツ,土流保,None,渡島,252,は,0.83,None,八雲町,None,None,山地災害防止（土砂）,0,140.082432,42.232003
None,None,土流保,None,渡島,247,イ,20.84,None,八雲町,None,None,自然維持,0,140.090226,42.222696
None,ブナ,土流保,None,渡島,253,に,31.75,None,八雲町,ダケカンバ,他Ｌ,自然維持,0,140.087161,42.222013
None,トドマツ,土流保,None,渡島,252,に,0.66,None,八雲町,None,None,山地災害防止（土砂）,0,140.080044,42.229671
None,トドマツ,土流保,None,渡島,260,ろ,1.42,None,八雲町,None,他Ｌ,山地災害防止（土砂）,0,140.080358,42.231767
None,None,None,None,渡島,260,イ,0.7,None,八雲町,None,None,山地災害防止（土砂）,0,140.079822,42.231142
None,トドマツ,土流保,None,渡島,260,い,0.13,None,八雲町,None,None,山地災害防止（土砂）,0,140.079439,42.229981
None,トドマツ,土流保,None,渡島,260,ろ,1.42,None,八雲町,None,他Ｌ,山地災害防止（土砂）,0,140.079103,42.230607
None,トドマツ,土流保,None,渡島,253,い,1.57,None,八雲町,None,None,山地災害防止（土砂）,0,140.079337,42.228197
None,None,None,None,渡島,259,イ,0.44,None,八雲町,None,None,山地災害防止（土砂）,0,140.0772,42.228661
None,トドマツ,土流保,None,渡島,259,ぬ,0.38,None,八雲町,None,他Ｌ,山地災害防止（土砂）,0,140.077274,42.228175
None,トドマツ,土流保,None,渡島,259,り,1.95,None,八雲町,None,他Ｌ,山地災害防止（土砂）,0,140.076435,42.228952
None,ブナ,土流保,None,渡島,253,は,66.94,None,八雲町,イタヤカエデ,他Ｌ,山地災害防止（土砂）,0,140.082311,42.222545
None,トドマツ,土流保,None,渡島,253,ろ,0.24,None,八雲町,None,None,山地災害防止（土砂）,0,140.075973,42.223213
None,ブナ,土流保,None,渡島,261,は,41.56,None,八雲町,他Ｌ,ダケカンバ,自然維持,0,140.069043,42.23884
None,ブナ,土流保,None,渡島,260,ち,8.44,None,八雲町,他Ｌ,ダケカンバ,自然維持,0,140.071544,42.235562
None,他Ｌ,土流保,None,渡島,271,ろ,17.96,None,八雲町,ブナ,ダケカンバ,自然維持,0,140.064369,42.236184
None,トドマツ,土流保,None,渡島,272,は,2.66,None,八雲町,None,None,山地災害防止（土砂）,0,140.061161,42.243215
None,ダケカンバ,土流保,None,渡島,259,か,28.15,None,八雲町,他Ｌ,ブナ,自然維持,0,140.065566,42.233909
None,他Ｌ,土流保,None,渡島,272,ほ,7.81,None,八雲町,ブナ,ダケカンバ,自然維持,0,140.061802,42.235317
None,トドマツ,土流保,None,渡島,259,と,0.33,None,八雲町,None,他Ｌ,山地災害防止（土砂）,0,140.071626,42.230113
None,ブナ,土流保,None,渡島,259,る,58.61,None,八雲町,他Ｌ,イタヤカエデ,山地災害防止（土砂）,0,140.068059,42.231358
None,トドマツ,土流保,None,渡島,259,ち,2.7,None,八雲町,None,他Ｌ,山地災害防止（土砂）,0,140.07294,42.228654
None,トドマツ,土流保,None,渡島,259,へ,1.24,None,八雲町,None,他Ｌ,山地災害防止（土砂）,0,140.070836,42.229228
None,トドマツ,土流保,None,渡島,259,に,1.71,None,八雲町,None,他Ｌ,山地災害防止（土砂）,0,140.073225,42.226695
None,トドマツ,土流保,None,渡島,259,ほ,0.37,None,八雲町,None,他Ｌ,山地災害防止（土砂）,0,140.069958,42.229739
None,トドマツ,土流保,None,渡島,259,は,0.33,None,八雲町,None,None,山地災害防止（土砂）,0,140.069835,42.22716
None,ブナ,土流保,None,渡島,259,わ,0.7,None,八雲町,イタヤカエデ,他Ｌ,山地災害防止（土砂）,0,140.067545,42.226801
None,トドマツ,土流保,None,渡島,257,い,6.03,None,八雲町,None,None,山地災害防止（土砂）,0,140.073561,42.223611
None,トドマツ,土流保,None,渡島,257,ろ,4.42,None,八雲町,None,None,山地災害防止（土砂）,0,140.071731,42.225522
None,ブナ,土流保,None,渡島,257,り,2.0,None,八雲町,イタヤカエデ,他Ｌ,山地災害防止（土砂）,0,140.072626,42.224671
None,トドマツ,土流保,None,渡島,257,ほ,1.47,None,八雲町,None,None,山地災害防止（土砂）,0,140.072052,42.221664
None,トドマツ,土流保,None,渡島,257,は,2.01,None,八雲町,None,None,山地災害防止（土砂）,0,140.069347,42.224143
None,ブナ,土流保,None,渡島,257,り,2.0,None,八雲町,イタヤカエデ,他Ｌ,山地災害防止（土砂）,0,140.070492,42.225101
None,ブナ,土流保,None,渡島,257,と,66.87,None,八雲町,イタヤカエデ,他Ｌ,山地災害防止（土砂）,0,140.063185,42.220748
None,ダケカンバ,土流保,None,渡島,259,い,4.28,None,八雲町,None,トドマツ,山地災害防止（土砂）,0,140.063548,42.230472
None,トドマツ,土流保,None,渡島,259,ろ,0.89,None,八雲町,None,None,山地災害防止（土砂）,0,140.066384,42.227355
None,トドマツ,土流保,None,渡島,258,い,1.93,None,八雲町,None,None,山地災害防止（土砂）,0,140.063628,42.22703
None,トドマツ,土流保,None,渡島,257,に,6.43,None,八雲町,None,None,山地災害防止（土砂）,0,140.0676,42.225224
None,ブナ,土流保,None,渡島,258,ろ,34.12,None,八雲町,他Ｌ,イタヤカエデ,山地災害防止（土砂）,0,140.061375,42.225122
None,None,土流保,None,渡島,301,ハ,14.5,None,八雲町,None,None,山地災害防止（土砂）,0,140.056568,42.277897
None,ダケカンバ,土流保,None,渡島,301,は,26.43,None,八雲町,None,トドマツ,山地災害防止（土砂）,0,140.055258,42.275989
None,None,土流保,None,渡島,301,ホ,3.75,None,八雲町,None,None,山地災害防止（土砂）,0,140.051117,42.274869
None,ダケカンバ,土流保,None,渡島,301,に,3.58,None,八雲町,None,トドマツ,山地災害防止（土砂）,0,140.05164,42.276182
None,None,土流保,None,渡島,300,ホ,10.22,None,八雲町,None,None,山地災害防止（土砂）,0,140.05052,42.275632
None,ケヤマハンノキ,土流保,None,渡島,300,れ,1.73,None,八雲町,None,ダケカンバ,山地災害防止（土砂）,0,140.049303,42.275368
None,None,土流保,None,渡島,299,ニ,12.63,None,八雲町,None,None,山地災害防止（土砂）,0,140.049966,42.276967
None,ダケカンバ,土流保,None,渡島,299,に,14.31,None,八雲町,None,トドマツ,山地災害防止（土砂）,0,140.04801,42.276307
None,トドマツ,土流保,None,渡島,299,り,4.77,None,八雲町,None,ダケカンバ,山地災害防止（土砂）,0,140.045446,42.276751
None,None,土流保,None,渡島,299,ニ,12.63,None,八雲町,None,None,山地災害防止（土砂）,0,140.045845,42.276019
None,ダケカンバ,土流保,None,渡島,299,よ,0.8,None,八雲町,None,None,山地災害防止（土砂）,0,140.044232,42.275824
None,ケヤマハンノキ,土流保,None,渡島,301,る,1.05,None,八雲町,None,None,山地災害防止（土砂）,0,140.058607,42.273193
None,ダケカンバ,土流保,None,渡島,301,は,26.43,None,八雲町,None,トドマツ,山地災害防止（土砂）,0,140.057663,42.273311
None,トドマツ,土流保,None,渡島,301,か,0.55,None,八雲町,None,ダケカンバ,山地災害防止（土砂）,0,140.057012,42.273555
None,None,土流保,None,渡島,301,ニ,6.67,None,八雲町,None,None,山地災害防止（土砂）,0,140.057677,42.271087
None,ケヤマハンノキ,土流保,None,渡島,301,ぬ,2.1,None,八雲町,None,ダケカンバ,山地災害防止（土砂）,0,140.05653,42.271333
None,ダケカンバ,土流保,None,渡島,301,は,26.43,None,八雲町,None,トドマツ,山地災害防止（土砂）,0,140.058656,42.269835
None,ケヤマハンノキ,土流保,None,渡島,301,り,0.52,None,八雲町,None,None,山地災害防止（土砂）,0,140.052958,42.274491
None,ケヤマハンノキ,土流保,None,渡島,301,ち,1.73,None,八雲町,None,ダケカンバ,山地災害防止（土砂）,0,140.052344,42.274013
None,ダケカンバ,土流保,None,渡島,301,は,26.43,None,八雲町,None,トドマツ,山地災害防止（土砂）,0,140.05236,42.27228
None,ダケカンバ,土流保,None,渡島,301,は,26.43,None,八雲町,None,トドマツ,山地災害防止（土砂）,0,140.056713,42.269926
None,トドマツ,土流保,None,渡島,301,ろ,13.49,None,八雲町,None,None,山地災害防止（土砂）,0,140.05348,42.269938
None,ダケカンバ,土流保,None,渡島,300,つ,1.24,None,八雲町,None,None,山地災害防止（土砂）,0,140.051541,42.269751
None,他Ｌ,土流保,None,渡島,301,わ,3.58,None,八雲町,ハンノキ,シナノキ,山地災害防止（土砂）,0,140.062992,42.268839
None,トドマツ,土流保,None,渡島,301,ほ,0.29,None,八雲町,None,None,山地災害防止（土砂）,0,140.057922,42.269359
None,トドマツ,土流保,None,渡島,301,ほ,0.29,None,八雲町,None,None,山地災害防止（土砂）,0,140.057631,42.268832
None,他Ｌ,土流保,None,渡島,301,わ,3.58,None,八雲町,ハンノキ,シナノキ,山地災害防止（土砂）,0,140.056359,42.269239
None,None,None,None,渡島,301,イ,5.12,None,八雲町,None,None,山地災害防止（土砂）,0,140.059566,42.268723
None,None,土流保,None,渡島,288,イ,4.06,None,八雲町,None,None,山地災害防止（土砂）,0,140.05822,42.264427
None,他Ｌ,土流保,None,渡島,301,わ,3.58,None,八雲町,ハンノキ,シナノキ,山地災害防止（土砂）,0,140.054292,42.268336
None,トドマツ,土流保,None,渡島,301,い,2.95,None,八雲町,None,None,山地災害防止（土砂）,0,140.05414,42.267673
None,None,土流保,None,渡島,301,ト,0.09,None,八雲町,None,None,山地災害防止（土砂）,0,140.052846,42.268601
None,トドマツ,土流保,None,渡島,301,ろ,13.49,None,八雲町,None,None,山地災害防止（土砂）,0,140.053031,42.268494
None,ダケカンバ,土流保,None,渡島,300,な,0.3,None,八雲町,None,None,山地災害防止（土砂）,0,140.052315,42.268718
None,ダケカンバ,土流保,None,渡島,300,な,0.3,None,八雲町,None,None,山地災害防止（土砂）,0,140.052261,42.268375
None,トドマツ,土流保,None,渡島,300,わ,0.43,None,八雲町,None,None,山地災害防止（土砂）,0,140.051816,42.267666
None,None,土流保,None,渡島,288,ロ,7.75,None,八雲町,None,None,山地災害防止（土砂）,0,140.055099,42.264628
None,ダケカンバ,土流保,None,渡島,300,つ,1.24,None,八雲町,None,None,山地災害防止（土砂）,0,140.050037,42.273058
None,None,土流保,None,渡島,300,ホ,10.22,None,八雲町,None,None,山地災害防止（土砂）,0,140.048828,42.273928
None,ダケカンバ,土流保,None,渡島,300,は,4.58,None,八雲町,None,トドマツ,山地災害防止（土砂）,0,140.047905,42.272742
None,ダケカンバ,土流保,None,渡島,300,る,1.64,None,八雲町,None,トドマツ,山地災害防止（土砂）,0,140.049376,42.272128
None,トドマツ,土流保,None,渡島,300,ろ,11.3,None,八雲町,None,None,山地災害防止（土砂）,0,140.047381,42.271997
None,ダケカンバ,土流保,None,渡島,300,そ,1.24,None,八雲町,None,None,山地災害防止（土砂）,0,140.049057,42.271129
None,トドマツ,土流保,None,渡島,300,ろ,11.3,None,八雲町,None,None,山地災害防止（土砂）,0,140.04848,42.270839
None,トドマツ,土流保,None,渡島,300,ろ,11.3,None,八雲町,None,None,山地災害防止（土砂）,0,140.048366,42.270506
None,None,土流保,None,渡島,300,ニ,0.38,None,八雲町,None,None,山地災害防止（土砂）,0,140.049228,42.270311
None,トドマツ,土流保,None,渡島,300,か,11.35,None,八雲町,None,None,山地災害防止（土砂）,0,140.050316,42.269838
None,ダケカンバ,土流保,None,渡島,300,た,4.05,None,八雲町,None,None,山地災害防止（土砂）,0,140.046927,42.272666
None,トドマツ,土流保,None,渡島,300,ろ,11.3,None,八雲町,None,None,山地災害防止（土砂）,0,140.045612,42.272993
None,None,土流保,None,渡島,300,ト,1.69,None,八雲町,None,None,山地災害防止（土砂）,0,140.046259,42.272342
None,ダケカンバ,土流保,None,渡島,300,は,4.58,None,八雲町,None,トドマツ,山地災害防止（土砂）,0,140.045113,42.274974
None,ダケカンバ,土流保,None,渡島,300,た,4.05,None,八雲町,None,None,山地災害防止（土砂）,0,140.046299,42.272134
None,トドマツ,土流保,None,渡島,300,ろ,11.3,None,八雲町,None,None,山地災害防止（土砂）,0,140.047112,42.271507
None,None,土流保,None,渡島,300,ハ,1.39,None,八雲町,None,None,山地災害防止（土砂）,0,140.046933,42.271033
None,トドマツ,土流保,None,渡島,300,ろ,11.3,None,八雲町,None,None,山地災害防止（土砂）,0,140.043855,42.272372
None,アカエゾマツ,土流保,None,渡島,300,う,0.57,None,八雲町,None,ダケカンバ,山地災害防止（土砂）,0,140.045033,42.271209
None,トドマツ,土流保,None,渡島,300,ぬ,1.63,None,八雲町,None,None,山地災害防止（土砂）,0,140.050643,42.268801
None,トドマツ,土流保,None,渡島,300,ぬ,1.63,None,八雲町,None,None,山地災害防止（土砂）,0,140.04939,42.268413
None,トドマツ,土流保,None,渡島,300,か,11.35,None,八雲町,None,None,山地災害防止（土砂）,0,140.050854,42.268281
None,トドマツ,土流保,None,渡島,300,ち,0.3,None,八雲町,None,None,山地災害防止（土砂）,0,140.050538,42.267476
None,トドマツ,土流保,None,渡島,300,か,11.35,None,八雲町,None,None,山地災害防止（土砂）,0,140.047166,42.269465
None,他Ｌ,土流保,None,渡島,300,よ,9.0,None,八雲町,シナノキ,ハンノキ,山地災害防止（土砂）,0,140.047932,42.26862
None,トドマツ,土流保,None,渡島,300,ら,0.2,None,八雲町,None,None,山地災害防止（土砂）,0,140.048814,42.267229
None,他Ｌ,土流保,None,渡島,300,よ,9.0,None,八雲町,シナノキ,ハンノキ,山地災害防止（土砂）,0,140.04795,42.267213
None,トドマツ,土流保,None,渡島,300,か,11.35,None,八雲町,None,None,山地災害防止（土砂）,0,140.048017,42.267918
None,ケヤマハンノキ,土流保,None,渡島,292,ぬ,0.32,None,八雲町,None,ダケカンバ,山地災害防止（土砂）,0,140.047936,42.266223
None,トドマツ,土流保,None,渡島,291,い,1.34,None,八雲町,None,None,山地災害防止（土砂）,0,140.047428,42.264902
None,他Ｌ,土流保,None,渡島,300,よ,9.0,None,八雲町,シナノキ,ハンノキ,山地災害防止（土砂）,0,140.04581,42.269054
None,トドマツ,土流保,None,渡島,300,に,4.35,None,八雲町,None,None,山地災害防止（土砂）,0,140.043709,42.269487
None,ケヤマハンノキ,土流保,None,渡島,300,や,0.5,None,八雲町,None,ダケカンバ,山地災害防止（土砂）,0,140.044504,42.267527
None,他Ｌ,土流保,None,渡島,300,と,0.19,None,八雲町,None,None,山地災害防止（土砂）,0,140.044876,42.268165
None,ケヤマハンノキ,土流保,None,渡島,300,く,0.42,None,八雲町,None,ダケカンバ,山地災害防止（土砂）,0,140.043401,42.26798
None,カラマツ,土流保,None,渡島,300,へ,0.74,None,八雲町,None,None,山地災害防止（土砂）,0,140.043341,42.267698
None,ケヤマハンノキ,土流保,None,渡島,292,る,0.27,None,八雲町,None,ダケカンバ,山地災害防止（土砂）,0,140.043436,42.267286
None,アカエゾマツ,土流保,None,渡島,300,ね,0.3,None,八雲町,None,None,山地災害防止（土砂）,0,140.047175,42.266589
None,ブナ,土流保,None,渡島,292,と,33.58,None,八雲町,ウダイカンバ,他Ｌ,山地災害防止（土砂）,0,140.046378,42.266541
None,ケヤマハンノキ,土流保,None,渡島,292,り,0.54,None,八雲町,None,ダケカンバ,山地災害防止（土砂）,0,140.046937,42.265701
None,トドマツ,土流保,None,渡島,292,い,4.93,None,八雲町,None,ダケカンバ,山地災害防止（土砂）,0,140.046027,42.265297
None,ブナ,土流保,None,渡島,292,へ,1.52,None,八雲町,ダケカンバ,他Ｌ,山地災害防止（土砂）,0,140.046271,42.264947
None,None,土流保,None,渡島,291,ロ,0.07,None,八雲町,None,None,山地災害防止（土砂）,0,140.046113,42.26447
None,トドマツ,土流保,None,渡島,292,は,13.05,None,八雲町,None,ダケカンバ,山地災害防止（土砂）,0,140.045563,42.266883
None,None,土流保,None,渡島,298,ロ,3.58,None,八雲町,None,None,山地災害防止（土砂）,0,140.040876,42.282363
None,トドマツ,土流保,None,渡島,298,ろ,7.52,None,八雲町,None,ダケカンバ,山地災害防止（土砂）,0,140.038899,42.282542
None,ダケカンバ,土流保,None,渡島,298,は,6.33,None,八雲町,None,トドマツ,山地災害防止（土砂）,0,140.038274,42.280878
None,ダケカンバ,土流保,None,渡島,298,へ,1.5,None,八雲町,None,ケヤマハンノキ,山地災害防止（土砂）,0,140.036111,42.282566
None,トドマツ,土流保,None,渡島,298,ろ,7.52,None,八雲町,None,ダケカンバ,山地災害防止（土砂）,0,140.035778,42.281528
None,ダケカンバ,土流保,None,渡島,299,ち,2.03,None,八雲町,None,カラマツ,山地災害防止（土砂）,0,140.041584,42.276649
None,ダケカンバ,土流保,None,渡島,300,た,4.05,None,八雲町,None,None,山地災害防止（土砂）,0,140.042299,42.275028
None,ダケカンバ,土流保,None,渡島,299,ほ,1.92,None,八雲町,None,カラマツ,山地災害防止（土砂）,0,140.039956,42.277451
None,他Ｌ,土流保,None,渡島,299,か,10.35,None,八雲町,イタヤカエデ,シナノキ,山地災害防止（土砂）,0,140.042764,42.277992
None,ダケカンバ,土流保,None,渡島,299,と,0.79,None,八雲町,None,トドマツ,山地災害防止（土砂）,0,140.039763,42.275632
None,ダケカンバ,土流保,None,渡島,299,へ,0.86,None,八雲町,None,トドマツ,山地災害防止（土砂）,0,140.039285,42.276791
None,ダケカンバ,土流保,None,渡島,299,は,3.45,None,八雲町,None,カラマツ,山地災害防止（土砂）,0,140.038084,42.277037
None,None,土流保,None,渡島,299,ハ,0.83,None,八雲町,None,None,山地災害防止（土砂）,0,140.038303,42.275608
None,ダケカンバ,土流保,None,渡島,299,ろ,4.02,None,八雲町,None,トドマツ,山地災害防止（土砂）,0,140.036821,42.275122
None,None,土流保,None,渡島,299,ロ,0.87,None,八雲町,None,None,山地災害防止（土砂）,0,140.036316,42.276039
None,トドマツ,土流保,None,渡島,298,ろ,7.52,None,八雲町,None,ダケカンバ,山地災害防止（土砂）,0,140.035166,42.282141
None,トドマツ,土流保,None,渡島,298,ろ,7.52,None,八雲町,None,ダケカンバ,山地災害防止（土砂）,0,140.032456,42.282215
None,ダケカンバ,土流保,None,渡島,298,へ,1.5,None,八雲町,None,ケヤマハンノキ,山地災害防止（土砂）,0,140.031739,42.281959
None,ミズナラ,土流保,None,渡島,298,と,4.63,None,八雲町,None,None,山地災害防止（土砂）,0,140.029412,42.280911
None,他Ｌ,土流保,None,渡島,298,ほ,7.82,None,八雲町,シナノキ,イタヤカエデ,山地災害防止（土砂）,0,140.032244,42.280464
None,トドマツ,土流保,None,渡島,298,ろ,7.52,None,八雲町,None,ダケカンバ,山地災害防止（土砂）,0,140.03089,42.280851
None,ダケカンバ,土流保,None,渡島,298,へ,1.5,None,八雲町,None,ケヤマハンノキ,山地災害防止（土砂）,0,140.029379,42.281482
None,トドマツ,土流保,None,渡島,298,ろ,7.52,None,八雲町,None,ダケカンバ,山地災害防止（土砂）,0,140.029051,42.281387
None,トドマツ,土流保,None,渡島,298,に,29.74,None,八雲町,None,ダケカンバ,山地災害防止（土砂）,0,140.03459,42.278343
None,ダケカンバ,土流保,None,渡島,298,へ,1.5,None,八雲町,None,ケヤマハンノキ,山地災害防止（土砂）,0,140.031965,42.276899
None,ダケカンバ,土流保,None,渡島,298,へ,1.5,None,八雲町,None,ケヤマハンノキ,山地災害防止（土砂）,0,140.0334,42.27544
None,ダケカンバ,土流保,None,渡島,298,へ,1.5,None,八雲町,None,ケヤマハンノキ,山地災害防止（土砂）,0,140.030417,42.279533
None,None,None,None,渡島,298,イ,1.93,None,八雲町,None,None,山地災害防止（土砂）,0,140.030367,42.278512
None,ダケカンバ,土流保,None,渡島,298,へ,1.5,None,八雲町,None,ケヤマハンノキ,山地災害防止（土砂）,0,140.030599,42.276945
None,トドマツ,土流保,None,渡島,298,い,1.59,None,八雲町,None,None,山地災害防止（土砂）,0,140.028429,42.279894
None,トドマツ,土流保,None,渡島,297,か,0.77,None,八雲町,None,None,山地災害防止（土砂）,0,140.027928,42.279222
None,トドマツ,土流保,None,渡島,297,つ,0.4,None,八雲町,None,None,山地災害防止（土砂）,0,140.029608,42.277726
None,トドマツ,土流保,None,渡島,297,ぬ,1.45,None,八雲町,None,None,山地災害防止（土砂）,0,140.030086,42.276263
None,トドマツ,土流保,None,渡島,297,る,0.62,None,八雲町,None,None,山地災害防止（土砂）,0,140.02857,42.276499
None,ダケカンバ,土流保,None,渡島,300,は,4.58,None,八雲町,None,トドマツ,山地災害防止（土砂）,0,140.04256,42.274408
None,ダケカンバ,土流保,None,渡島,299,よ,0.8,None,八雲町,None,None,山地災害防止（土砂）,0,140.042306,42.275409
None,ダケカンバ,土流保,None,渡島,300,た,4.05,None,八雲町,None,None,山地災害防止（土砂）,0,140.04206,42.274686
None,ダケカンバ,土流保,None,渡島,299,よ,0.8,None,八雲町,None,None,山地災害防止（土砂）,0,140.041645,42.274465
None,ダケカンバ,土流保,None,渡島,299,ぬ,3.08,None,八雲町,None,カラマツ,山地災害防止（土砂）,0,140.041381,42.27421
None,アカエゾマツ,土流保,None,渡島,300,む,1.19,None,八雲町,None,ダケカンバ,山地災害防止（土砂）,0,140.042768,42.273033
None,トドマツ,土流保,None,渡島,300,ろ,11.3,None,八雲町,None,None,山地災害防止（土砂）,0,140.042254,42.27255
None,トドマツ,土流保,None,渡島,300,ろ,11.3,None,八雲町,None,None,山地災害防止（土砂）,0,140.041476,42.272821
None,ダケカンバ,土流保,None,渡島,299,ぬ,3.08,None,八雲町,None,カラマツ,山地災害防止（土砂）,0,140.039984,42.274437
None,None,土流保,None,渡島,299,ニ,12.63,None,八雲町,None,None,山地災害防止（土砂）,0,140.040204,42.273118
None,他Ｌ,土流保,None,渡島,300,よ,9.0,None,八雲町,シナノキ,ハンノキ,山地災害防止（土砂）,0,140.042685,42.272169
None,None,土流保,None,渡島,300,ロ,0.43,None,八雲町,None,None,山地災害防止（土砂）,0,140.042584,42.270493
None,他Ｌ,土流保,None,渡島,300,よ,9.0,None,八雲町,シナノキ,ハンノキ,山地災害防止（土砂）,0,140.04178,42.271288
None,トドマツ,土流保,None,渡島,300,い,8.75,None,八雲町,None,None,山地災害防止（土砂）,0,140.040044,42.271034
None,トドマツ,土流保,None,渡島,299,る,0.89,None,八雲町,None,None,山地災害防止（土砂）,0,140.038844,42.274559
None,トドマツ,土流保,None,渡島,299,た,2.97,None,八雲町,None,None,山地災害防止（土砂）,0,140.037546,42.273876
None,トドマツ,土流保,None,渡島,299,た,2.97,None,八雲町,None,None,山地災害防止（土砂）,0,140.039147,42.273279
None,トドマツ,土流保,None,渡島,299,わ,2.94,None,八雲町,None,None,山地災害防止（土砂）,0,140.037297,42.272971
None,トドマツ,土流保,None,渡島,299,わ,2.94,None,八雲町,None,None,山地災害防止（土砂）,0,140.038245,42.271856
None,トドマツ,土流保,None,渡島,299,た,2.97,None,八雲町,None,None,山地災害防止（土砂）,0,140.036139,42.273067
None,他Ｌ,土流保,None,渡島,299,か,10.35,None,八雲町,イタヤカエデ,シナノキ,山地災害防止（土砂）,0,140.035843,42.273516
None,他Ｌ,土流保,None,渡島,299,か,10.35,None,八雲町,イタヤカエデ,シナノキ,山地災害防止（土砂）,0,140.035844,42.273142
None,トドマツ,土流保,None,渡島,299,わ,2.94,None,八雲町,None,None,山地災害防止（土砂）,0,140.035707,42.272638
None,他Ｌ,土流保,None,渡島,299,か,10.35,None,八雲町,イタヤカエデ,シナノキ,山地災害防止（土砂）,0,140.038747,42.271359
None,他Ｌ,土流保,None,渡島,297,そ,14.53,None,八雲町,ハンノキ,ブナ,山地災害防止（土砂）,0,140.038589,42.269561
None,他Ｌ,土流保,None,渡島,299,か,10.35,None,八雲町,イタヤカエデ,シナノキ,山地災害防止（土砂）,0,140.038311,42.270633
None,トドマツ,土流保,None,渡島,300,い,8.75,None,八雲町,None,None,山地災害防止（土砂）,0,140.038369,42.270521
None,トドマツ,土流保,None,渡島,299,わ,2.94,None,八雲町,None,None,山地災害防止（土砂）,0,140.038118,42.27073
None,トドマツ,土流保,None,渡島,297,い,2.57,None,八雲町,None,None,山地災害防止（土砂）,0,140.037335,42.270588
None,None,None,None,渡島,297,イ,1.58,None,八雲町,None,None,山地災害防止（土砂）,0,140.035144,42.272662
None,None,None,None,渡島,297,イ,1.58,None,八雲町,None,None,山地災害防止（土砂）,0,140.035388,42.271306
None,トドマツ,土流保,None,渡島,297,と,1.66,None,八雲町,None,None,山地災害防止（土砂）,0,140.036584,42.270003
None,トドマツ,土流保,None,渡島,297,と,1.66,None,八雲町,None,None,山地災害防止（土砂）,0,140.036156,42.27047
None,ブナ,土流保,None,渡島,296,り,27.82,None,八雲町,イタヤカエデ,他Ｌ,山地災害防止（土砂）,0,140.036449,42.269914
None,トドマツ,土流保,None,渡島,296,い,4.55,None,八雲町,None,ダケカンバ,山地災害防止（土砂）,0,140.035645,42.270212
None,トドマツ,土流保,None,渡島,300,に,4.35,None,八雲町,None,None,山地災害防止（土砂）,0,140.042493,42.269184
None,カラマツ,土流保,None,渡島,300,へ,0.74,None,八雲町,None,None,山地災害防止（土砂）,0,140.043626,42.268332
None,他Ｌ,土流保,None,渡島,300,と,0.19,None,八雲町,None,None,山地災害防止（土砂）,0,140.042341,42.268335
None,ケヤマハンノキ,土流保,None,渡島,300,お,0.11,None,八雲町,None,ダケカンバ,山地災害防止（土砂）,0,140.042766,42.267432
None,ケヤマハンノキ,土流保,None,渡島,292,わ,0.33,None,八雲町,None,ダケカンバ,山地災害防止（土砂）,0,140.041768,42.267936
None,トドマツ,土流保,None,渡島,292,は,13.05,None,八雲町,None,ダケカンバ,山地災害防止（土砂）,0,140.042182,42.266975
None,トドマツ,土流保,None,渡島,300,ほ,0.68,None,八雲町,None,None,山地災害防止（土砂）,0,140.04082,42.268703
None,ケヤマハンノキ,土流保,None,渡島,300,の,0.34,None,八雲町,None,ダケカンバ,山地災害防止（土砂）,0,140.041269,42.268329
None,トドマツ,土流保,None,渡島,300,ほ,0.68,None,八雲町,None,None,山地災害防止（土砂）,0,140.04026,42.268518
None,他Ｌ,土流保,None,渡島,300,よ,9.0,None,八雲町,シナノキ,ハンノキ,山地災害防止（土砂）,0,140.040055,42.269106
None,None,None,None,渡島,300,イ,2.33,None,八雲町,None,None,山地災害防止（土砂）,0,140.042009,42.268963
None,他Ｌ,土流保,None,渡島,300,よ,9.0,None,八雲町,シナノキ,ハンノキ,山地災害防止（土砂）,0,140.040104,42.268869
None,None,土流保,None,渡島,300,ヘ,0.2,None,八雲町,None,None,山地災害防止（土砂）,0,140.040893,42.268428
None,ケヤマハンノキ,土流保,None,渡島,300,の,0.34,None,八雲町,None,ダケカンバ,山地災害防止（土砂）,0,140.040464,42.268176
None,トドマツ,土流保,None,渡島,292,は,13.05,None,八雲町,None,ダケカンバ,山地災害防止（土砂）,0,140.040841,42.26616
None,ブナ,土流保,None,渡島,292,と,33.58,None,八雲町,ウダイカンバ,他Ｌ,山地災害防止（土砂）,0,140.043156,42.266825
None,None,土流保,None,渡島,292,ハ,1.02,None,八雲町,None,None,山地災害防止（土砂）,0,140.045694,42.265358
None,ブナ,土流保,None,渡島,292,と,33.58,None,八雲町,ウダイカンバ,他Ｌ,山地災害防止（土砂）,0,140.042611,42.265456
None,他Ｌ,土流保,None,渡島,300,よ,9.0,None,八雲町,シナノキ,ハンノキ,山地災害防止（土砂）,0,140.039183,42.269178
None,トドマツ,土流保,None,渡島,296,い,4.55,None,八雲町,None,ダケカンバ,山地災害防止（土砂）,0,140.033541,42.269877
None,トドマツ,土流保,None,渡島,293,い,4.81,None,八雲町,None,ダケカンバ,山地災害防止（土砂）,0,140.037411,42.267786
None,カラマツ,土流保,None,渡島,299,い,2.22,None,八雲町,None,ダケカンバ,山地災害防止（土砂）,0,140.035424,42.275049
None,None,None,None,渡島,299,イ,0.98,None,八雲町,None,None,山地災害防止（土砂）,0,140.037486,42.271543
None,None,None,None,渡島,299,ホ,0.09,None,八雲町,None,None,山地災害防止（土砂）,0,140.03469,42.274174
None,カラマツ,土流保,None,渡島,299,い,2.22,None,八雲町,None,ダケカンバ,山地災害防止（土砂）,0,140.033922,42.274663
None,他Ｌ,土流保,None,渡島,299,か,10.35,None,八雲町,イタヤカエデ,シナノキ,山地災害防止（土砂）,0,140.03364,42.274541
None,他Ｌ,土流保,None,渡島,297,そ,14.53,None,八雲町,ハンノキ,ブナ,山地災害防止（土砂）,0,140.035102,42.273337
None,他Ｌ,土流保,None,渡島,299,か,10.35,None,八雲町,イタヤカエデ,シナノキ,山地災害防止（土砂）,0,140.035451,42.272993
None,None,土流保,None,渡島,297,ロ,0.04,None,八雲町,None,None,山地災害防止（土砂）,0,140.034464,42.27295
None,ブナ,土流保,None,渡島,297,れ,9.94,None,八雲町,イタヤカエデ,他Ｌ,山地災害防止（土砂）,0,140.03402,42.272651
None,トドマツ,土流保,None,渡島,297,ろ,4.08,None,八雲町,None,None,山地災害防止（土砂）,0,140.03244,42.272322
None,他Ｌ,土流保,None,渡島,297,そ,14.53,None,八雲町,ハンノキ,ブナ,山地災害防止（土砂）,0,140.035586,42.271678
None,None,土流保,None,渡島,297,ロ,0.04,None,八雲町,None,None,山地災害防止（土砂）,0,140.034894,42.271568
None,他Ｌ,土流保,None,渡島,297,そ,14.53,None,八雲町,ハンノキ,ブナ,山地災害防止（土砂）,0,140.034583,42.271433
None,トドマツ,土流保,None,渡島,297,と,1.66,None,八雲町,None,None,山地災害防止（土砂）,0,140.034987,42.27071
None,None,None,None,渡島,296,イ,0.39,None,八雲町,None,None,山地災害防止（土砂）,0,140.034613,42.270288
None,トドマツ,土流保,None,渡島,296,い,4.55,None,八雲町,None,ダケカンバ,山地災害防止（土砂）,0,140.034951,42.270084
None,トドマツ,土流保,None,渡島,296,い,4.55,None,八雲町,None,ダケカンバ,山地災害防止（土砂）,0,140.034397,42.270591
None,None,None,None,渡島,297,イ,1.58,None,八雲町,None,None,山地災害防止（土砂）,0,140.033039,42.271345
None,トドマツ,土流保,None,渡島,296,ろ,3.07,None,八雲町,None,ダケカンバ,山地災害防止（土砂）,0,140.032148,42.270601
None,他Ｌ,土流保,None,渡島,297,そ,14.53,None,八雲町,ハンノキ,ブナ,山地災害防止（土砂）,0,140.031062,42.274607
None,トドマツ,土流保,None,渡島,297,は,5.37,None,八雲町,None,None,山地災害防止（土砂）,0,140.032278,42.273804
None,ブナ,土流保,None,渡島,297,れ,9.94,None,八雲町,イタヤカエデ,他Ｌ,山地災害防止（土砂）,0,140.031923,42.273041
None,トドマツ,土流保,None,渡島,297,に,5.12,None,八雲町,None,ダケカンバ,山地災害防止（土砂）,0,140.027722,42.273135
None,ブナ,土流保,None,渡島,297,れ,9.94,None,八雲町,イタヤカエデ,他Ｌ,山地災害防止（土砂）,0,140.02862,42.272635
None,ブナ,土流保,None,渡島,297,れ,9.94,None,八雲町,イタヤカエデ,他Ｌ,山地災害防止（土砂）,0,140.031502,42.271657
None,トドマツ,土流保,None,渡島,296,ろ,3.07,None,八雲町,None,ダケカンバ,山地災害防止（土砂）,0,140.029398,42.271107
None,None,None,None,渡島,296,ロ,1.92,None,八雲町,None,None,山地災害防止（土砂）,0,140.028399,42.271057
None,ブナ,土流保,None,渡島,296,り,27.82,None,八雲町,イタヤカエデ,他Ｌ,山地災害防止（土砂）,0,140.02794,42.271228
None,None,None,None,渡島,296,ホ,0.04,None,八雲町,None,None,山地災害防止（土砂）,0,140.029475,42.270951
None,トドマツ,土流保,None,渡島,296,ろ,3.07,None,八雲町,None,ダケカンバ,山地災害防止（土砂）,0,140.029147,42.269946
None,他Ｌ,土流保,None,渡島,295,と,0.69,None,八雲町,イタヤカエデ,ブナ,山地災害防止（土砂）,0,140.033876,42.267776
None,トドマツ,土流保,None,渡島,294,い,0.34,None,八雲町,None,None,山地災害防止（土砂）,0,140.033398,42.267238
None,ブナ,土流保,None,渡島,293,ほ,26.58,None,八雲町,他Ｌ,イタヤカエデ,山地災害防止（土砂）,0,140.033384,42.264124
None,他Ｌ,土流保,None,渡島,295,と,0.69,None,八雲町,イタヤカエデ,ブナ,山地災害防止（土砂）,0,140.03229,42.266786
None,ブナ,土流保,None,渡島,296,り,27.82,None,八雲町,イタヤカエデ,他Ｌ,山地災害防止（土砂）,0,140.031454,42.269402
None,トドマツ,土流保,None,渡島,295,い,10.81,None,八雲町,None,None,山地災害防止（土砂）,0,140.029527,42.266209
None,トドマツ,土流保,None,渡島,298,ろ,7.52,None,八雲町,None,ダケカンバ,山地災害防止（土砂）,0,140.027647,42.281749
None,ダケカンバ,土流保,None,渡島,298,へ,1.5,None,八雲町,None,ケヤマハンノキ,山地災害防止（土砂）,0,140.02699,42.281835
None,トドマツ,土流保,None,渡島,297,た,0.69,None,八雲町,None,None,山地災害防止（土砂）,0,140.026356,42.281024
None,トドマツ,土流保,None,渡島,297,よ,0.65,None,八雲町,None,None,山地災害防止（土砂）,0,140.026924,42.279981
None,他Ｌ,土流保,None,渡島,297,そ,14.53,None,八雲町,ハンノキ,ブナ,山地災害防止（土砂）,0,140.02714,42.279353
None,他Ｌ,土流保,None,渡島,297,そ,14.53,None,八雲町,ハンノキ,ブナ,山地災害防止（土砂）,0,140.026186,42.280236
None,トドマツ,土流保,None,渡島,297,わ,2.45,None,八雲町,None,None,山地災害防止（土砂）,0,140.026069,42.277955
None,トドマツ,土流保,None,渡島,297,へ,3.72,None,八雲町,None,None,山地災害防止（土砂）,0,140.028338,42.277631
None,他Ｌ,土流保,None,渡島,297,そ,14.53,None,八雲町,ハンノキ,ブナ,山地災害防止（土砂）,0,140.026873,42.275479
None,ブナ,土流保,None,渡島,297,れ,9.94,None,八雲町,イタヤカエデ,他Ｌ,山地災害防止（土砂）,0,140.02474,42.276527
None,トドマツ,土流保,None,渡島,297,り,0.51,None,八雲町,None,None,山地災害防止（土砂）,0,140.025745,42.275725
None,ブナ,土流保,None,渡島,297,れ,9.94,None,八雲町,イタヤカエデ,他Ｌ,山地災害防止（土砂）,0,140.028893,42.274683
None,トドマツ,土流保,None,渡島,297,ち,0.12,None,八雲町,None,None,山地災害防止（土砂）,0,140.026525,42.274258
None,トドマツ,土流保,None,渡島,297,ほ,6.07,None,八雲町,None,ダケカンバ,山地災害防止（土砂）,0,140.023708,42.273713
None,トドマツ,土流保,None,渡島,296,は,5.43,None,八雲町,None,None,山地災害防止（土砂）,0,140.02562,42.271413
None,トドマツ,土流保,None,渡島,296,は,5.43,None,八雲町,None,None,山地災害防止（土砂）,0,140.026341,42.270014
None,None,None,None,渡島,296,ハ,1.89,None,八雲町,None,None,山地災害防止（土砂）,0,140.027362,42.271634
None,トドマツ,土流保,None,渡島,296,は,5.43,None,八雲町,None,None,山地災害防止（土砂）,0,140.024443,42.272143
None,トドマツ,土流保,None,渡島,296,は,5.43,None,八雲町,None,None,山地災害防止（土砂）,0,140.024675,42.271393
None,他Ｌ,土流保,None,渡島,296,ち,4.5,None,八雲町,イタヤカエデ,ブナ,山地災害防止（土砂）,0,140.024806,42.270104
None,ブナ,土流保,None,渡島,296,り,27.82,None,八雲町,イタヤカエデ,他Ｌ,山地災害防止（土砂）,0,140.014971,42.271679
None,他Ｌ,土流保,None,渡島,296,ち,4.5,None,八雲町,イタヤカエデ,ブナ,山地災害防止（土砂）,0,140.023336,42.271401
None,None,None,None,渡島,296,ヘ,0.03,None,八雲町,None,None,山地災害防止（土砂）,0,140.02312,42.271386
None,None,None,None,渡島,296,ヘ,0.03,None,八雲町,None,None,山地災害防止（土砂）,0,140.023023,42.2712
None,ブナ,土流保,None,渡島,296,り,27.82,None,八雲町,イタヤカエデ,他Ｌ,山地災害防止（土砂）,0,140.022183,42.271481
None,トドマツ,土流保,None,渡島,296,に,7.78,None,八雲町,None,ダケカンバ,山地災害防止（土砂）,0,140.019815,42.272009
None,トドマツ,土流保,None,渡島,296,に,7.78,None,八雲町,None,ダケカンバ,山地災害防止（土砂）,0,140.020604,42.27129
None,None,None,None,渡島,296,ニ,2.1,None,八雲町,None,None,山地災害防止（土砂）,0,140.015646,42.271002
None,トドマツ,土流保,None,渡島,296,に,7.78,None,八雲町,None,ダケカンバ,山地災害防止（土砂）,0,140.021871,42.269675
None,トドマツ,土流保,None,渡島,295,ろ,8.89,None,八雲町,None,ダケカンバ,山地災害防止（土砂）,0,140.026259,42.267764
None,ダケカンバ,土流保,None,渡島,294,り,4.0,None,八雲町,他Ｌ,ブナ,山地災害防止（土砂）,0,140.029056,42.26469
None,トドマツ,土流保,None,渡島,295,に,1.84,None,八雲町,None,ダケカンバ,山地災害防止（土砂）,0,140.022288,42.268014
None,トドマツ,土流保,None,渡島,295,は,0.61,None,八雲町,None,None,山地災害防止（土砂）,0,140.020838,42.268343
None,他Ｌ,土流保,None,渡島,295,ち,38.01,None,八雲町,イタヤカエデ,ブナ,山地災害防止（土砂）,0,140.022353,42.265023
None,トドマツ,土流保,None,渡島,296,に,7.78,None,八雲町,None,ダケカンバ,山地災害防止（土砂）,0,140.019083,42.271635
None,トドマツ,土流保,None,渡島,296,ほ,0.59,None,八雲町,None,ダケカンバ,山地災害防止（土砂）,0,140.018209,42.271828
None,トドマツ,土流保,None,渡島,296,に,7.78,None,八雲町,None,ダケカンバ,山地災害防止（土砂）,0,140.019695,42.269704
None,ブナ,土流保,None,渡島,296,り,27.82,None,八雲町,イタヤカエデ,他Ｌ,山地災害防止（土砂）,0,140.023338,42.269308
None,トドマツ,土流保,None,渡島,296,ほ,0.59,None,八雲町,None,ダケカンバ,山地災害防止（土砂）,0,140.018157,42.270972
None,トドマツ,土流保,None,渡島,296,へ,0.72,None,八雲町,None,None,山地災害防止（土砂）,0,140.017221,42.27101
None,トドマツ,土流保,None,渡島,296,へ,0.72,None,八雲町,None,None,山地災害防止（土砂）,0,140.017189,42.27174
None,トドマツ,土流保,None,渡島,296,へ,0.72,None,八雲町,None,None,山地災害防止（土砂）,0,140.016569,42.270444
None,ブナ,土流保,None,渡島,296,り,27.82,None,八雲町,イタヤカエデ,他Ｌ,山地災害防止（土砂）,0,140.015214,42.270647
None,トドマツ,土流保,None,渡島,296,と,0.18,None,八雲町,None,None,山地災害防止（土砂）,0,140.015168,42.270403
None,トドマツ,土流保,None,渡島,296,と,0.18,None,八雲町,None,None,山地災害防止（土砂）,0,140.015769,42.270108
None,トドマツ,土流保,None,渡島,296,と,0.18,None,八雲町,None,None,山地災害防止（土砂）,0,140.014803,42.270834
None,ブナ,土流保,None,渡島,296,り,27.82,None,八雲町,イタヤカエデ,他Ｌ,山地災害防止（土砂）,0,140.014995,42.270503
None,トドマツ,土流保,None,渡島,295,ほ,0.42,None,八雲町,None,ダケカンバ,山地災害防止（土砂）,0,140.019202,42.267943
None,トドマツ,土流保,None,渡島,295,へ,4.59,None,八雲町,None,ダケカンバ,山地災害防止（土砂）,0,140.018369,42.268729
None,ブナ,土流保,None,渡島,280,へ,7.0,None,八雲町,トドマツ,イタヤカエデ,山地災害防止（土砂）,0,140.057306,42.262754
None,トドマツ,土流保,None,渡島,280,ろ,19.41,None,八雲町,None,None,山地災害防止（土砂）,0,140.057782,42.260453
None,ブナ,土流保,None,渡島,289,へ,9.75,None,八雲町,イタヤカエデ,他Ｌ,山地災害防止（土砂）,0,140.056244,42.262383
None,トドマツ,土流保,None,渡島,289,い,13.2,None,八雲町,None,None,山地災害防止（土砂）,0,140.052325,42.263031
None,トドマツ,土流保,None,渡島,289,は,1.41,None,八雲町,None,None,山地災害防止（土砂）,0,140.053995,42.258991
None,ブナ,土流保,None,渡島,289,と,18.67,None,八雲町,イタヤカエデ,他Ｌ,山地災害防止（土砂）,0,140.052481,42.260215
None,トドマツ,土流保,None,渡島,279,と,0.77,None,八雲町,None,None,山地災害防止（土砂）,0,140.055691,42.254034
None,ブナ,土流保,None,渡島,280,へ,7.0,None,八雲町,トドマツ,イタヤカエデ,山地災害防止（土砂）,0,140.053999,42.257667
None,ブナ,土流保,None,渡島,289,へ,9.75,None,八雲町,イタヤカエデ,他Ｌ,山地災害防止（土砂）,0,140.051919,42.258449
None,トドマツ,土流保,None,渡島,279,に,0.51,None,八雲町,None,None,山地災害防止（土砂）,0,140.05256,42.25636
None,トドマツ,土流保,None,渡島,279,は,0.41,None,八雲町,None,None,山地災害防止（土砂）,0,140.051866,42.256426
None,トドマツ,土流保,None,渡島,279,へ,1.46,None,八雲町,None,None,山地災害防止（土砂）,0,140.054485,42.254498
None,トドマツ,土流保,None,渡島,279,ほ,1.34,None,八雲町,None,None,山地災害防止（土砂）,0,140.052858,42.255468
None,トドマツ,土流保,None,渡島,279,ろ,0.13,None,八雲町,None,None,山地災害防止（土砂）,0,140.051356,42.255674
None,他Ｌ,土流保,None,渡島,290,へ,23.2,None,八雲町,ハンノキ,ブナ,山地災害防止（土砂）,0,140.048803,42.262363
None,他Ｌ,土流保,None,渡島,290,ほ,7.81,None,八雲町,ハンノキ,ブナ,山地災害防止（土砂）,0,140.047981,42.262433
None,ブナ,土流保,None,渡島,289,へ,9.75,None,八雲町,イタヤカエデ,他Ｌ,山地災害防止（土砂）,0,140.050609,42.260509
None,トドマツ,土流保,None,渡島,289,ほ,2.91,None,八雲町,None,None,山地災害防止（土砂）,0,140.049798,42.261586
None,トドマツ,土流保,None,渡島,289,ろ,1.39,None,八雲町,None,None,山地災害防止（土砂）,0,140.051226,42.259789
None,ブナ,土流保,None,渡島,292,へ,1.52,None,八雲町,ダケカンバ,他Ｌ,山地災害防止（土砂）,0,140.043019,42.262135
None,トドマツ,土流保,None,渡島,292,い,4.93,None,八雲町,None,ダケカンバ,山地災害防止（土砂）,0,140.043648,42.263466
None,他Ｌ,土流保,None,渡島,291,る,7.53,None,八雲町,ブナ,ミズナラ,山地災害防止（土砂）,0,140.042673,42.261368
None,トドマツ,土流保,None,渡島,290,い,8.58,None,八雲町,None,None,山地災害防止（土砂）,0,140.047329,42.260291
None,トドマツ,土流保,None,渡島,291,ろ,13.44,None,八雲町,None,ダケカンバ,山地災害防止（土砂）,0,140.042538,42.259419
None,トドマツ,土流保,None,渡島,289,に,9.5,None,八雲町,None,ダケカンバ,山地災害防止（土砂）,0,140.050616,42.257167
None,ブナ,土流保,None,渡島,289,と,18.67,None,八雲町,イタヤカエデ,他Ｌ,山地災害防止（土砂）,0,140.048471,42.254825
None,ブナ,土流保,None,渡島,279,ち,12.19,None,八雲町,他Ｌ,イタヤカエデ,山地災害防止（土砂）,0,140.048264,42.251107
None,他Ｌ,土流保,None,渡島,290,ほ,7.81,None,八雲町,ハンノキ,ブナ,山地災害防止（土砂）,0,140.046612,42.256278
None,トドマツ,土流保,None,渡島,291,は,4.93,None,八雲町,None,ダケカンバ,山地災害防止（土砂）,0,140.044194,42.258438
None,トドマツ,土流保,None,渡島,290,ろ,8.5,None,八雲町,None,ダケカンバ,山地災害防止（土砂）,0,140.045537,42.255095
None,カラマツ,土流保,None,渡島,277,る,11.04,None,八雲町,None,ダケカンバ,山地災害防止（土砂）,0,140.056373,42.251486
None,トドマツ,土流保,None,渡島,277,ろ,12.48,None,八雲町,None,ダケカンバ,山地災害防止（土砂）,0,140.058568,42.248468
None,ブナ,土流保,None,渡島,277,わ,40.28,None,八雲町,シナノキ,他Ｌ,山地災害防止（土砂）,0,140.053702,42.251426
None,ダケカンバ,土流保,None,渡島,277,へ,1.15,None,八雲町,None,カラマツ,山地災害防止（土砂）,0,140.054133,42.253107
None,トドマツ,土流保,None,渡島,277,に,11.85,None,八雲町,None,None,山地災害防止（土砂）,0,140.055507,42.248372
None,トドマツ,土流保,None,渡島,277,と,1.09,None,八雲町,None,None,山地災害防止（土砂）,0,140.051639,42.249741
None,トドマツ,土流保,None,渡島,277,は,6.54,None,八雲町,None,None,山地災害防止（土砂）,0,140.053099,42.248543
None,トドマツ,土流保,None,渡島,275,い,1.12,None,八雲町,None,None,山地災害防止（土砂）,0,140.056029,42.245018
None,ブナ,土流保,None,渡島,277,わ,40.28,None,八雲町,シナノキ,他Ｌ,山地災害防止（土砂）,0,140.053912,42.247693
None,トドマツ,土流保,None,渡島,277,ほ,3.42,None,八雲町,None,None,山地災害防止（土砂）,0,140.052865,42.246433
None,トドマツ,土流保,None,渡島,279,い,11.0,None,八雲町,None,None,山地災害防止（土砂）,0,140.050187,42.25298
None,トドマツ,土流保,None,渡島,277,ち,0.31,None,八雲町,None,None,山地災害防止（土砂）,0,140.050866,42.249221
None,他Ｌ,土流保,None,渡島,290,ほ,7.81,None,八雲町,ハンノキ,ブナ,山地災害防止（土砂）,0,140.045983,42.253762
None,ダケカンバ,土流保,None,渡島,290,は,3.03,None,八雲町,None,トドマツ,山地災害防止（土砂）,0,140.046665,42.251973
None,他Ｌ,土流保,None,渡島,290,へ,23.2,None,八雲町,ハンノキ,ブナ,山地災害防止（土砂）,0,140.044431,42.254026
None,ブナ,土流保,None,渡島,278,に,51.24,None,八雲町,イタヤカエデ,他Ｌ,山地災害防止（土砂）,0,140.046632,42.250594
None,他Ｌ,土流保,None,渡島,290,ほ,7.81,None,八雲町,ハンノキ,ブナ,山地災害防止（土砂）,0,140.04521,42.252316
None,ダケカンバ,土流保,None,渡島,277,ぬ,2.0,None,八雲町,None,トドマツ,山地災害防止（土砂）,0,140.0491,42.245956
None,トドマツ,土流保,None,渡島,278,い,1.05,None,八雲町,None,None,山地災害防止（土砂）,0,140.048367,42.247813
None,トドマツ,土流保,None,渡島,278,ろ,0.69,None,八雲町,None,None,山地災害防止（土砂）,0,140.047465,42.247796
None,None,土流保,None,渡島,277,イ,2.94,None,八雲町,None,None,山地災害防止（土砂）,0,140.050004,42.244296
None,他Ｌ,土流保,None,渡島,276,い,15.17,None,八雲町,ミズナラ,ダケカンバ,山地災害防止（土砂）,0,140.051075,42.243083
None,トドマツ,土流保,None,渡島,292,に,5.56,None,八雲町,None,None,山地災害防止（土砂）,0,140.039879,42.263486
None,ブナ,土流保,None,渡島,292,へ,1.52,None,八雲町,ダケカンバ,他Ｌ,山地災害防止（土砂）,0,140.040818,42.264224
None,ブナ,土流保,None,渡島,292,へ,1.52,None,八雲町,ダケカンバ,他Ｌ,山地災害防止（土砂）,0,140.042063,42.261216
None,トドマツ,土流保,None,渡島,291,よ,1.13,None,八雲町,None,ダケカンバ,山地災害防止（土砂）,0,140.041872,42.260528
None,トドマツ,土流保,None,渡島,292,ろ,2.9,None,八雲町,None,ダケカンバ,山地災害防止（土砂）,0,140.040774,42.260377
None,トドマツ,土流保,None,渡島,292,ほ,5.95,None,八雲町,None,None,山地災害防止（土砂）,0,140.039725,42.261512
None,ブナ,土流保,None,渡島,292,へ,1.52,None,八雲町,ダケカンバ,他Ｌ,山地災害防止（土砂）,0,140.040931,42.259713
None,None,土流保,None,渡島,292,ロ,2.94,None,八雲町,None,None,山地災害防止（土砂）,0,140.03629,42.263337
None,None,土流保,None,渡島,292,イ,0.63,None,八雲町,None,None,山地災害防止（土砂）,0,140.035918,42.262044
None,ブナ,土流保,None,渡島,292,と,33.58,None,八雲町,ウダイカンバ,他Ｌ,山地災害防止（土砂）,0,140.037356,42.265325
None,トドマツ,土流保,None,渡島,292,た,0.41,None,八雲町,None,ダケカンバ,山地災害防止（土砂）,0,140.035652,42.258974
None,ダケカンバ,土流保,None,渡島,291,か,38.71,None,八雲町,他Ｌ,ブナ,山地災害防止（土砂）,0,140.044209,42.25627
None,ダケカンバ,土流保,None,渡島,292,ち,0.87,None,八雲町,None,ケヤマハンノキ,山地災害防止（土砂）,0,140.039762,42.258349
None,トドマツ,土流保,None,渡島,291,に,9.07,None,八雲町,None,ダケカンバ,山地災害防止（土砂）,0,140.040794,42.254763
None,トドマツ,土流保,None,渡島,292,か,0.15,None,八雲町,None,ダケカンバ,山地災害防止（土砂）,0,140.03926,42.258233
None,トドマツ,土流保,None,渡島,292,よ,1.02,None,八雲町,None,ダケカンバ,山地災害防止（土砂）,0,140.039225,42.257413
None,トドマツ,土流保,None,渡島,292,よ,1.02,None,八雲町,None,ダケカンバ,山地災害防止（土砂）,0,140.038088,42.257471
None,トドマツ,土流保,None,渡島,291,ぬ,2.03,None,八雲町,None,ダケカンバ,山地災害防止（土砂）,0,140.037805,42.256273
None,他Ｌ,土流保,None,渡島,291,る,7.53,None,八雲町,ブナ,ミズナラ,山地災害防止（土砂）,0,140.036958,42.257068
None,トドマツ,土流保,None,渡島,291,た,0.9,None,八雲町,None,ダケカンバ,山地災害防止（土砂）,0,140.037317,42.257112
None,トドマツ,土流保,None,渡島,293,ぬ,0.22,None,八雲町,None,ダケカンバ,山地災害防止（土砂）,0,140.03628,42.256934
None,ダケカンバ,土流保,None,渡島,291,ほ,3.46,None,八雲町,None,トドマツ,山地災害防止（土砂）,0,140.039152,42.255652
None,他Ｌ,土流保,None,渡島,291,る,7.53,None,八雲町,ブナ,ミズナラ,山地災害防止（土砂）,0,140.036886,42.25202
None,トドマツ,土流保,None,渡島,293,り,1.3,None,八雲町,None,ダケカンバ,山地災害防止（土砂）,0,140.036136,42.25634
None,他Ｌ,土流保,None,渡島,293,ち,1.81,None,八雲町,シナノキ,イタヤカエデ,山地災害防止（土砂）,0,140.035794,42.255713
None,トドマツ,土流保,None,渡島,291,り,7.5,None,八雲町,None,ダケカンバ,山地災害防止（土砂）,0,140.0365,42.253831
None,他Ｌ,土流保,None,渡島,293,ち,1.81,None,八雲町,シナノキ,イタヤカエデ,山地災害防止（土砂）,0,140.034918,42.261167
None,トドマツ,土流保,None,渡島,293,ろ,6.78,None,八雲町,None,ダケカンバ,山地災害防止（土砂）,0,140.033802,42.259884
None,トドマツ,土流保,None,渡島,294,に,0.94,None,八雲町,None,ダケカンバ,山地災害防止（土砂）,0,140.029325,42.25901
None,トドマツ,土流保,None,渡島,293,ぬ,0.22,None,八雲町,None,ダケカンバ,山地災害防止（土砂）,0,140.035146,42.258956
None,トドマツ,土流保,None,渡島,293,は,5.42,None,八雲町,None,ダケカンバ,山地災害防止（土砂）,0,140.034993,42.256709
None,トドマツ,土流保,None,渡島,294,は,1.52,None,八雲町,None,ダケカンバ,山地災害防止（土砂）,0,140.032151,42.258514
None,トドマツ,土流保,None,渡島,293,は,5.42,None,八雲町,None,ダケカンバ,山地災害防止（土砂）,0,140.034124,42.25544
None,トドマツ,土流保,None,渡島,293,は,5.42,None,八雲町,None,ダケカンバ,山地災害防止（土砂）,0,140.034565,42.25428
None,ダケカンバ,土流保,None,渡島,294,り,4.0,None,八雲町,他Ｌ,ブナ,山地災害防止（土砂）,0,140.02994,42.257668
None,他Ｌ,土流保,None,渡島,293,へ,32.0,None,八雲町,イタヤカエデ,ブナ,山地災害防止（土砂）,0,140.031099,42.251428
None,トドマツ,土流保,None,渡島,290,に,10.98,None,八雲町,None,ダケカンバ,山地災害防止（土砂）,0,140.043267,42.250696
None,トドマツ,土流保,None,渡島,291,へ,0.85,None,八雲町,None,ダケカンバ,山地災害防止（土砂）,0,140.039964,42.251902
None,ブナ,土流保,None,渡島,278,に,51.24,None,八雲町,イタヤカエデ,他Ｌ,山地災害防止（土砂）,0,140.043169,42.249129
None,ダケカンバ,土流保,None,渡島,278,は,3.44,None,八雲町,None,トドマツ,山地災害防止（土砂）,0,140.047696,42.250346
None,トドマツ,土流保,None,渡島,291,と,3.97,None,八雲町,None,ダケカンバ,山地災害防止（土砂）,0,140.03848,42.252392
None,ダケカンバ,土流保,None,渡島,291,か,38.71,None,八雲町,他Ｌ,ブナ,山地災害防止（土砂）,0,140.038514,42.249957
None,ブナ,土流保,None,渡島,278,に,51.24,None,八雲町,イタヤカエデ,他Ｌ,山地災害防止（土砂）,0,140.043648,42.245258
None,他Ｌ,土流保,None,渡島,290,へ,23.2,None,八雲町,ハンノキ,ブナ,山地災害防止（土砂）,0,140.039408,42.247146
None,他Ｌ,土流保,None,渡島,290,と,11.2,None,八雲町,ブナ,ダケカンバ,自然維持,0,140.035789,42.245876
None,トドマツ,土流保,None,渡島,291,ち,4.98,None,八雲町,None,ダケカンバ,山地災害防止（土砂）,0,140.034084,42.251214
None,トドマツ,土流保,None,渡島,293,に,6.07,None,八雲町,None,ダケカンバ,山地災害防止（土砂）,0,140.032772,42.252429
None,他Ｌ,土流保,None,渡島,293,と,4.19,None,八雲町,ミズナラ,ブナ,自然維持,0,140.028852,42.250177
None,他Ｌ,土流保,None,渡島,291,わ,24.69,None,八雲町,ブナ,ダケカンバ,自然維持,0,140.030296,42.24784
None,None,土流保,None,渡島,291,イ,5.5,None,八雲町,None,None,自然維持,0,140.03112,42.24546
None,ブナ,土流保,None,渡島,272,に,38.77,None,八雲町,他Ｌ,イタヤカエデ,山地災害防止（土砂）,0,140.058816,42.239598
None,他Ｌ,土流保,None,渡島,275,ろ,29.4,None,八雲町,イタヤカエデ,ブナ,山地災害防止（土砂）,0,140.051707,42.240977
None,ブナ,土流保,None,渡島,274,い,27.89,None,八雲町,イタヤカエデ,他Ｌ,山地災害防止（土砂）,0,140.054108,42.238709
None,他Ｌ,土流保,None,渡島,273,い,20.59,None,八雲町,ブナ,ダケカンバ,山地災害防止（土砂）,0,140.055862,42.235076
None,None,土流保,None,渡島,276,イ,5.63,None,八雲町,None,None,山地災害防止（土砂）,0,140.04932,42.242145
None,他Ｌ,土流保,None,渡島,276,い,15.17,None,八雲町,ミズナラ,ダケカンバ,山地災害防止（土砂）,0,140.046402,42.241328
None,他Ｌ,土流保,None,渡島,275,は,94.6,None,八雲町,ミズナラ,ダケカンバ,自然維持,0,140.045668,42.234079
None,他Ｌ,土流保,None,渡島,273,ろ,28.88,None,八雲町,ミズナラ,ダケカンバ,自然維持,0,140.054318,42.231264
None,他Ｌ,土流保,None,渡島,258,は,57.24,None,八雲町,ブナ,ダケカンバ,自然維持,0,140.055777,42.227261
None,ダケカンバ,土流保,None,渡島,274,ろ,62.7,None,八雲町,ブナ,他Ｌ,自然維持,0,140.045071,42.22665
None,None,土流保,None,渡島,258,イ,21.69,None,八雲町,None,None,自然維持,0,140.049716,42.225313
None,他Ｌ,土流保,None,渡島,278,ほ,36.78,None,八雲町,ミズナラ,ダケカンバ,自然維持,0,140.038155,42.241709
None,ダケカンバ,土流保,None,渡島,276,ろ,33.57,None,八雲町,ミズナラ,他Ｌ,自然維持,0,140.038096,42.236252
None,None,土流保,None,渡島,278,イ,15.44,None,八雲町,None,None,自然維持,0,140.03292,42.239132
None,トドマツ,土流保,None,渡島,294,ろ,4.84,None,八雲町,None,ダケカンバ,山地災害防止（土砂）,0,140.025362,42.263558
None,ダケカンバ,土流保,None,渡島,294,ぬ,42.43,None,八雲町,他Ｌ,ブナ,山地災害防止（土砂）,0,140.023673,42.260127
None,トドマツ,土流保,None,渡島,294,へ,1.25,None,八雲町,None,ダケカンバ,山地災害防止（土砂）,0,140.0257,42.261023
None,トドマツ,土流保,None,渡島,294,ち,1.13,None,八雲町,None,ダケカンバ,山地災害防止（土砂）,0,140.023438,42.26188
None,ダケカンバ,土流保,None,渡島,294,り,4.0,None,八雲町,他Ｌ,ブナ,山地災害防止（土砂）,0,140.02064,42.260383
None,トドマツ,土流保,None,渡島,294,ほ,1.54,None,八雲町,None,ダケカンバ,山地災害防止（土砂）,0,140.021823,42.260218
None,トドマツ,土流保,None,渡島,294,と,1.1,None,八雲町,None,ダケカンバ,山地災害防止（土砂）,0,140.023503,42.258595
None,他Ｌ,水涵保,None,渡島,105,い,50.5,None,八雲町,ダケカンバ,ブナ,山地災害防止（土砂）,0,140.271727,42.183868
None,None,水涵保,None,渡島,104,イ,0.91,None,八雲町,None,None,山地災害防止（土砂）,0,140.268722,42.179845
None,None,水涵保,None,渡島,103,イ,1.15,None,八雲町,None,None,山地災害防止（土砂）,0,140.269664,42.17911
None,None,水涵保,None,渡島,105,イ,0.07,None,八雲町,None,None,山地災害防止（土砂）,0,140.269281,42.179508
None,None,水涵保,None,渡島,105,イ,0.07,None,八雲町,None,None,山地災害防止（土砂）,0,140.265662,42.182183
None,None,水涵保,None,渡島,104,イ,0.91,None,八雲町,None,None,山地災害防止（土砂）,0,140.264764,42.182285
None,None,水涵保,None,渡島,104,イ,0.91,None,八雲町,None,None,山地災害防止（土砂）,0,140.262996,42.182711
None,他Ｌ,水涵保,None,渡島,104,い,70.27,None,八雲町,ダケカンバ,ブナ,山地災害防止（土砂）,0,140.261225,42.178379
None,ブナ,水涵保,None,渡島,103,い,65.93,None,八雲町,ダケカンバ,他Ｌ,山地災害防止（土砂）,0,140.269903,42.175534
None,他Ｌ,水涵保,None,渡島,99,い,49.08,None,八雲町,ダケカンバ,ブナ,水源涵養,0,140.269592,42.167597
None,None,水涵保,None,渡島,102,イ,6.5,None,八雲町,None,None,山地災害防止（土砂）,0,140.261076,42.173732
None,他Ｌ,水涵保,None,渡島,101,い,11.5,None,八雲町,ウダイカンバ,ブナ,水源涵養,0,140.266088,42.169675
None,他Ｌ,水涵保,None,渡島,99,ろ,8.81,None,八雲町,イタヤカエデ,ブナ,水源涵養,0,140.266258,42.163706
None,他Ｌ,水涵保,None,渡島,99,ろ,8.81,None,八雲町,イタヤカエデ,ブナ,水源涵養,0,140.265499,42.16622
None,他Ｌ,土流保,None,渡島,90,は,1.38,None,八雲町,イタヤカエデ,ダケカンバ,山地災害防止（土砂）,0,140.268327,42.157418
None,トドマツ,土流保,None,渡島,90,い,3.67,None,八雲町,None,ダケカンバ,山地災害防止（土砂）,0,140.267634,42.158105
None,ダケカンバ,土流保,None,渡島,90,に,20.64,None,八雲町,イタヤカエデ,他Ｌ,山地災害防止（土砂）,0,140.265805,42.159522
None,トドマツ,土流保,None,渡島,90,ろ,6.29,None,八雲町,None,ダケカンバ,山地災害防止（土砂）,0,140.264465,42.15699
None,None,水涵保,None,渡島,102,ロ,2.63,None,八雲町,None,None,山地災害防止（土砂）,0,140.256286,42.172964
None,他Ｌ,水涵保,None,渡島,102,い,54.2,None,八雲町,ダケカンバ,ブナ,山地災害防止（土砂）,0,140.259241,42.17151
None,ダケカンバ,水涵保,None,渡島,101,ろ,65.2,None,八雲町,他Ｌ,ブナ,水源涵養,0,140.256972,42.165668
None,他Ｌ,水涵保,None,渡島,100,い,49.02,None,八雲町,イタヤカエデ,ダケカンバ,水源涵養,0,140.261007,42.161178
None,ブナ,土流保,None,渡島,107,ち,5.13,None,八雲町,ダケカンバ,他Ｌ,山地災害防止（土砂）,0,140.253851,42.170614
None,ダケカンバ,土流保,None,渡島,107,い,17.96,None,八雲町,None,カラマツ,山地災害防止（土砂）,0,140.250816,42.167594
None,ブナ,土流保,None,渡島,107,へ,14.03,None,八雲町,ダケカンバ,他Ｌ,山地災害防止（土砂）,0,140.246565,42.166076
None,他Ｌ,土流保,None,渡島,109,わ,16.83,None,八雲町,None,ニレ,山地災害防止（土砂）,0,140.247774,42.162389
None,ダケカンバ,水涵保,None,渡島,101,は,7.25,None,八雲町,他Ｌ,ブナ,自然維持,0,140.253572,42.161893
None,ダケカンバ,土流保,None,渡島,107,に,11.96,None,八雲町,None,カラマツ,山地災害防止（土砂）,0,140.250435,42.161628
None,他Ｌ,土流保,None,渡島,107,と,13.25,None,八雲町,ダケカンバ,イタヤカエデ,自然維持,0,140.251665,42.158739
None,ダケカンバ,土流保,None,渡島,107,ほ,0.9,None,八雲町,None,トドマツ,山地災害防止（土砂）,0,140.249757,42.159626
None,ダケカンバ,土流保,None,渡島,108,い,0.34,None,八雲町,None,カラマツ,山地災害防止（土砂）,0,140.248283,42.160441
None,トドマツ,土流保,None,渡島,108,ろ,8.82,None,八雲町,None,ダケカンバ,山地災害防止（土砂）,0,140.248238,42.159082
None,他Ｌ,土流保,None,渡島,88,ぬ,3.19,None,八雲町,ダケカンバ,ブナ,山地災害防止（土砂）,0,140.269863,42.156505
None,トドマツ,土流保,None,渡島,88,へ,10.89,None,八雲町,None,None,山地災害防止（土砂）,0,140.270615,42.154828
None,ブナ,土流保,None,渡島,87,は,39.18,None,八雲町,イタヤカエデ,他Ｌ,山地災害防止（土砂）,0,140.269086,42.15259
None,トドマツ,土流保,None,渡島,86,い,8.83,None,八雲町,None,ダケカンバ,山地災害防止（土砂）,0,140.270506,42.149123
None,ダケカンバ,土流保,None,渡島,88,と,1.08,None,八雲町,None,カラマツ,山地災害防止（土砂）,0,140.268243,42.154416
None,他Ｌ,土流保,None,渡島,88,ち,10.57,None,八雲町,ブナ,ダケカンバ,山地災害防止（土砂）,2,140.26633,42.154493
None,他Ｌ,土流保,None,渡島,88,ぬ,3.19,None,八雲町,ダケカンバ,ブナ,山地災害防止（土砂）,0,140.277059,42.156617
None,他Ｌ,土流保,None,渡島,88,り,1.06,None,八雲町,イタヤカエデ,ダケカンバ,自然維持,0,140.264357,42.154329
None,None,土流保,None,渡島,87,イ,3.31,None,八雲町,None,None,山地災害防止（土砂）,0,140.265467,42.151681
None,他Ｌ,土流保,None,渡島,87,に,11.44,None,八雲町,イタヤカエデ,ダケカンバ,自然維持,0,140.262819,42.152414
None,ブナ,土流保,None,渡島,86,ほ,3.0,None,八雲町,シナノキ,他Ｌ,山地災害防止（土砂）,0,140.268071,42.149458
None,ブナ,土流保,None,渡島,86,は,21.32,None,八雲町,イタヤカエデ,他Ｌ,山地災害防止（土砂）,0,140.265991,42.147878
None,トドマツ,土流保,None,渡島,85,い,4.15,None,八雲町,None,None,山地災害防止（土砂）,0,140.27077,42.145197
None,他Ｌ,土流保,None,渡島,85,に,2.38,None,八雲町,ダケカンバ,ブナ,山地災害防止（土砂）,0,140.270914,42.144145
None,トドマツ,土流保,None,渡島,85,ろ,3.3,None,八雲町,None,None,山地災害防止（土砂）,0,140.270648,42.143019
None,トドマツ,土流保,None,渡島,85,い,4.15,None,八雲町,None,None,山地災害防止（土砂）,0,140.268658,42.145936
None,トドマツ,土流保,None,渡島,85,は,3.83,None,八雲町,None,None,山地災害防止（土砂）,0,140.268151,42.14444
None,他Ｌ,土流保,None,渡島,85,ほ,14.94,None,八雲町,ブナ,ダケカンバ,山地災害防止（土砂）,0,140.267696,42.142188
None,ダケカンバ,土流保,None,渡島,85,へ,13.31,None,八雲町,他Ｌ,センノキ,自然維持,0,140.264092,42.14387
None,トドマツ,土流保,None,渡島,84,い,4.43,None,八雲町,None,None,山地災害防止（土砂）,0,140.269332,42.140418
None,トドマツ,土流保,None,渡島,84,ろ,4.94,None,八雲町,None,None,山地災害防止（土砂）,0,140.268314,42.138021
None,他Ｌ,土流保,None,渡島,84,に,1.0,None,八雲町,イタヤカエデ,ダケカンバ,山地災害防止（土砂）,0,140.268671,42.136844
None,トドマツ,土流保,None,渡島,84,は,3.49,None,八雲町,None,None,山地災害防止（土砂）,0,140.268919,42.136014
None,他Ｌ,土流保,None,渡島,84,ほ,23.23,None,八雲町,イタヤカエデ,ダケカンバ,山地災害防止（土砂）,0,140.266971,42.135587
None,他Ｌ,土流保,None,渡島,84,ほ,23.23,None,八雲町,イタヤカエデ,ダケカンバ,山地災害防止（土砂）,0,140.266417,42.139199
None,ダケカンバ,土流保,None,渡島,84,へ,17.81,None,八雲町,イタヤカエデ,他Ｌ,自然維持,0,140.26342,42.140085
None,None,土流保,None,渡島,84,イ,3.19,None,八雲町,None,None,山地災害防止（土砂）,0,140.265241,42.136096
None,他Ｌ,土流保,None,渡島,83,と,0.63,None,八雲町,イタヤカエデ,ダケカンバ,自然維持,0,140.263166,42.136309
None,ダケカンバ,土流保,None,渡島,90,ほ,23.68,None,八雲町,イタヤカエデ,他Ｌ,自然維持,0,140.259005,42.153197
None,イタヤカエデ,水涵保,None,渡島,100,ろ,41.5,None,八雲町,他Ｌ,ダケカンバ,自然維持,0,140.255192,42.155537
None,ダケカンバ,土流保,None,渡島,86,に,38.06,None,八雲町,他Ｌ,センノキ,自然維持,0,140.261049,42.147505
None,他Ｌ,土流保,None,渡島,79,は,37.06,None,八雲町,ブナ,ダケカンバ,自然維持,0,140.256182,42.146302
None,他Ｌ,土流保,None,渡島,78,は,59.82,None,八雲町,ブナ,ダケカンバ,自然維持,0,140.250236,42.148042
None,他Ｌ,土流保,None,渡島,81,ち,12.5,None,八雲町,イタヤカエデ,ダケカンバ,自然維持,0,140.260428,42.139016
None,トドマツ,土流保,None,渡島,81,に,8.78,None,八雲町,None,ダケカンバ,山地災害防止（土砂）,0,140.259052,42.135932
None,ブナ,土流保,None,渡島,79,ろ,29.8,None,八雲町,シナノキ,他Ｌ,山地災害防止（土砂）,0,140.255225,42.140183
None,トドマツ,土流保,None,渡島,79,い,6.01,None,八雲町,None,ダケカンバ,山地災害防止（土砂）,0,140.251912,42.141066
None,トドマツ,土流保,None,渡島,78,い,3.5,None,八雲町,None,ダケカンバ,山地災害防止（土砂）,0,140.249904,42.143054
None,ブナ,土流保,None,渡島,78,ろ,12.01,None,八雲町,シナノキ,他Ｌ,山地災害防止（土砂）,0,140.248434,42.142414
None,ブナ,土流保,None,渡島,77,い,9.36,None,八雲町,センノキ,他Ｌ,山地災害防止（土砂）,0,140.247596,42.140285
None,トドマツ,土流保,None,渡島,76,い,9.97,None,八雲町,None,ダケカンバ,山地災害防止（土砂）,0,140.246658,42.137851
None,他Ｌ,土流保,None,渡島,83,へ,25.97,None,八雲町,ダケカンバ,ブナ,山地災害防止（土砂）,0,140.265829,42.131202
None,トドマツ,土流保,None,渡島,82,へ,2.85,None,八雲町,None,ダケカンバ,山地災害防止（土砂）,0,140.263261,42.130557
None,他Ｌ,土流保,None,渡島,83,ち,0.75,None,八雲町,ニレ,シナノキ,山地災害防止（土砂）,0,140.268775,42.126168
None,トドマツ,土流保,None,渡島,83,い,3.3,None,八雲町,None,ダケカンバ,山地災害防止（土砂）,0,140.266492,42.126064
None,カラマツ,土流保,None,渡島,83,ろ,1.66,None,八雲町,None,イタヤカエデ,山地災害防止（土砂）,0,140.267519,42.126554
None,他Ｌ,土流保,None,渡島,83,ほ,15.1,None,八雲町,ニレ,シナノキ,山地災害防止（土砂）,0,140.265989,42.124834
None,他Ｌ,土流保,None,渡島,83,ほ,15.1,None,八雲町,ニレ,シナノキ,山地災害防止（土砂）,0,140.264746,42.12647
None,トドマツ,土流保,None,渡島,83,り,2.88,None,八雲町,None,ダケカンバ,山地災害防止（土砂）,0,140.264967,42.124456
None,カラマツ,土流保,None,渡島,83,は,3.74,None,八雲町,None,ダケカンバ,山地災害防止（土砂）,0,140.270315,42.123921
None,他Ｌ,土流保,None,渡島,83,ほ,15.1,None,八雲町,ニレ,シナノキ,山地災害防止（土砂）,0,140.268319,42.124622
None,ダケカンバ,土流保,None,渡島,83,に,1.44,None,八雲町,None,カラマツ,山地災害防止（土砂）,0,140.267227,42.124226
None,他Ｌ,土流保,None,渡島,82,ち,20.93,None,八雲町,ブナ,ダケカンバ,山地災害防止（土砂）,0,140.261918,42.133316
None,ダケカンバ,土流保,None,渡島,81,と,35.76,None,八雲町,ハンノキ,他Ｌ,山地災害防止（土砂）,0,140.255755,42.134334
None,トドマツ,土流保,None,渡島,82,ろ,8.77,None,八雲町,None,None,山地災害防止（土砂）,0,140.261621,42.129418
None,他Ｌ,土流保,None,渡島,82,り,2.88,None,八雲町,ブナ,ダケカンバ,山地災害防止（土砂）,0,140.26117,42.127533
None,トドマツ,土流保,None,渡島,82,と,1.63,None,八雲町,None,None,山地災害防止（土砂）,0,140.259673,42.129497
None,トドマツ,土流保,None,渡島,82,ほ,3.43,None,八雲町,None,ダケカンバ,山地災害防止（土砂）,0,140.259716,42.128071
None,他Ｌ,土流保,None,渡島,82,ち,20.93,None,八雲町,ブナ,ダケカンバ,山地災害防止（土砂）,0,140.261298,42.126157
None,None,土流保,None,渡島,47,イ,0.87,None,八雲町,None,None,山地災害防止（土砂）,0,140.261234,42.124819
None,None,土流保,None,渡島,82,イ,0.12,None,八雲町,None,None,山地災害防止（土砂）,0,140.260362,42.125044
None,トドマツ,土流保,None,渡島,82,に,1.05,None,八雲町,None,ダケカンバ,山地災害防止（土砂）,0,140.260156,42.126875
None,トドマツ,土流保,None,渡島,81,い,9.11,None,八雲町,None,ダケカンバ,山地災害防止（土砂）,0,140.255793,42.129466
None,カラマツ,土流保,None,渡島,82,い,10.74,None,八雲町,None,ダケカンバ,山地災害防止（土砂）,0,140.257073,42.127383
None,ブナ,土流保,None,渡島,80,ろ,34.29,None,八雲町,センノキ,他Ｌ,山地災害防止（土砂）,2,140.252397,42.136085
None,トドマツ,土流保,None,渡島,81,は,1.49,None,八雲町,None,ダケカンバ,山地災害防止（土砂）,0,140.25401,42.1327
None,トドマツ,土流保,None,渡島,81,ほ,8.25,None,八雲町,None,ダケカンバ,山地災害防止（土砂）,0,140.253347,42.129893
None,トドマツ,土流保,None,渡島,80,い,1.82,None,八雲町,None,ダケカンバ,山地災害防止（土砂）,0,140.249008,42.133726
None,ブナ,土流保,None,渡島,80,ろ,7.0,None,八雲町,センノキ,他Ｌ,山地災害防止（土砂）,1,140.250209,42.131104
None,ダケカンバ,土流保,None,渡島,81,へ,7.8,None,八雲町,None,トドマツ,山地災害防止（土砂）,0,140.251158,42.127552
None,ダケカンバ,土流保,None,渡島,81,ろ,2.86,None,八雲町,他Ｌ,トドマツ,山地災害防止（土砂）,0,140.250641,42.126019
None,None,土流保,None,渡島,47,ハ,0.25,None,八雲町,None,None,山地災害防止（土砂）,0,140.260731,42.124611
None,トドマツ,土流保,None,渡島,82,は,0.69,None,八雲町,None,None,山地災害防止（土砂）,0,140.259565,42.124739
None,None,土流保,None,渡島,82,ロ,0.51,None,八雲町,None,None,山地災害防止（土砂）,0,140.258905,42.124471
None,None,土流保,None,渡島,47,イ,0.87,None,八雲町,None,None,山地災害防止（土砂）,0,140.258817,42.124046
None,ブナ,土流保,None,渡島,46,に,1.56,None,八雲町,他Ｌ,イタヤカエデ,山地災害防止（土砂）,0,140.259905,42.120504
None,トドマツ,土流保,None,渡島,47,へ,0.16,None,八雲町,None,None,山地災害防止（土砂）,0,140.254689,42.12452
None,トドマツ,土流保,None,渡島,46,い,16.16,None,八雲町,None,None,山地災害防止（土砂）,0,140.26094,42.119057
None,None,土流保,None,渡島,46,イ,0.43,None,八雲町,None,None,山地災害防止（土砂）,0,140.261995,42.118416
None,トドマツ,土流保,None,渡島,46,い,16.16,None,八雲町,None,None,山地災害防止（土砂）,0,140.260622,42.116086
None,トドマツ,土流保,None,渡島,45,ろ,14.79,None,八雲町,None,None,山地災害防止（土砂）,0,140.260604,42.115075
None,ブナ,土流保,None,渡島,46,ろ,37.36,None,八雲町,イタヤカエデ,他Ｌ,山地災害防止（土砂）,0,140.254371,42.117623
None,ブナ,土流保,None,渡島,45,へ,1.88,None,八雲町,他Ｌ,イタヤカエデ,山地災害防止（土砂）,0,140.256622,42.114682
None,トドマツ,土流保,None,渡島,47,い,1.49,None,八雲町,None,None,山地災害防止（土砂）,0,140.252803,42.12469
None,ブナ,土流保,None,渡島,47,と,58.88,None,八雲町,イタヤカエデ,他Ｌ,山地災害防止（土砂）,0,140.255687,42.122607
None,ブナ,土流保,None,渡島,47,と,58.88,None,八雲町,イタヤカエデ,他Ｌ,山地災害防止（土砂）,0,140.248379,42.124663
None,None,None,None,渡島,47,ロ,0.53,None,八雲町,None,None,山地災害防止（土砂）,0,140.24373,42.123706
None,トドマツ,土流保,None,渡島,47,ほ,0.51,None,八雲町,None,None,山地災害防止（土砂）,0,140.250523,42.123532
None,トドマツ,土流保,None,渡島,47,ろ,0.45,None,八雲町,None,None,山地災害防止（土砂）,0,140.246798,42.123073
None,他Ｌ,土流保,None,渡島,47,ち,6.69,None,八雲町,ブナ,ダケカンバ,自然維持,0,140.250152,42.120419
None,ダケカンバ,土流保,None,渡島,46,は,8.63,None,八雲町,ブナ,他Ｌ,自然維持,0,140.249139,42.115578
None,ブナ,土流保,None,渡島,8,り,22.0,None,八雲町,他Ｌ,イタヤカエデ,山地災害防止（土砂）,0,140.272803,42.10765
None,トドマツ,土流保,None,渡島,10,は,5.85,None,八雲町,None,None,山地災害防止（土砂）,0,140.271341,42.103197
None,カラマツ,土流保,None,渡島,10,ろ,6.43,None,八雲町,None,ダケカンバ,山地災害防止（土砂）,0,140.272884,42.101267
None,トドマツ,土流保,None,渡島,10,へ,0.98,None,八雲町,None,None,山地災害防止（土砂）,0,140.271801,42.098517
None,カラマツ,土流保,None,渡島,10,い,3.11,None,八雲町,None,None,山地災害防止（土砂）,0,140.268684,42.100692
None,トドマツ,土流保,None,渡島,39,い,2.64,None,八雲町,None,None,山地災害防止（土砂）,0,140.264954,42.093236
None,トドマツ,土流保,None,渡島,40,ほ,1.46,None,八雲町,None,None,山地災害防止（土砂）,0,140.264145,42.094453
None,None,土流保,None,渡島,40,イ,0.01,None,八雲町,None,None,山地災害防止（土砂）,0,140.262995,42.093871
None,トドマツ,土流保,None,渡島,39,り,3.52,None,八雲町,None,None,山地災害防止（土砂）,0,140.263542,42.093201
None,トドマツ,土流保,None,渡島,45,い,1.19,None,八雲町,None,ドイツトウヒ,山地災害防止（土砂）,0,140.259514,42.113069
None,None,土流保,None,渡島,45,ロ,0.59,None,八雲町,None,None,山地災害防止（土砂）,0,140.258318,42.111706
None,トドマツ,土流保,None,渡島,45,い,1.19,None,八雲町,None,ドイツトウヒ,山地災害防止（土砂）,0,140.258501,42.112765
None,ブナ,土流保,None,渡島,45,に,18.2,None,八雲町,他Ｌ,イタヤカエデ,山地災害防止（土砂）,0,140.257426,42.111367
None,ブナ,土流保,None,渡島,43,と,15.84,None,八雲町,他Ｌ,イタヤカエデ,自然維持,0,140.260886,42.109516
None,ブナ,土流保,None,渡島,43,へ,5.4,None,八雲町,他Ｌ,イタヤカエデ,山地災害防止（土砂）,0,140.260411,42.111418
None,トドマツ,土流保,None,渡島,43,い,22.03,None,八雲町,None,ダケカンバ,山地災害防止（土砂）,0,140.259391,42.111438
None,カラマツ,土流保,None,渡島,43,ろ,3.86,None,八雲町,None,ダケカンバ,山地災害防止（土砂）,0,140.258945,42.108996
None,トドマツ,土流保,None,渡島,45,ろ,14.79,None,八雲町,None,None,山地災害防止（土砂）,0,140.257325,42.113035
None,トドマツ,土流保,None,渡島,45,は,1.66,None,八雲町,None,ダケカンバ,山地災害防止（土砂）,0,140.255871,42.111313
None,トドマツ,土流保,None,渡島,43,い,22.03,None,八雲町,None,ダケカンバ,山地災害防止（土砂）,0,140.257803,42.10989
None,トドマツ,土流保,None,渡島,45,は,1.66,None,八雲町,None,ダケカンバ,山地災害防止（土砂）,0,140.257018,42.111084
None,None,土流保,None,渡島,44,ロ,0.01,None,八雲町,None,None,山地災害防止（土砂）,0,140.256735,42.110686
None,None,土流保,None,渡島,43,イ,1.37,None,八雲町,None,None,山地災害防止（土砂）,0,140.257157,42.108286
None,ブナ,土流保,None,渡島,43,へ,5.4,None,八雲町,他Ｌ,イタヤカエデ,山地災害防止（土砂）,0,140.257962,42.10922
None,ドイツトウヒ,土流保,None,渡島,44,い,0.88,None,八雲町,None,None,山地災害防止（土砂）,0,140.255709,42.110385
None,トドマツ,土流保,None,渡島,43,は,3.31,None,八雲町,None,None,山地災害防止（土砂）,0,140.260423,42.107887
None,トドマツ,土流保,None,渡島,43,に,3.6,None,八雲町,None,ダケカンバ,山地災害防止（土砂）,0,140.2605,42.104064
None,トドマツ,土流保,None,渡島,43,ほ,1.53,None,八雲町,None,ダケカンバ,山地災害防止（土砂）,0,140.258238,42.103744
None,ブナ,土流保,None,渡島,43,へ,5.4,None,八雲町,他Ｌ,イタヤカエデ,山地災害防止（土砂）,0,140.257875,42.107248
None,トドマツ,土流保,None,渡島,43,い,22.03,None,八雲町,None,ダケカンバ,山地災害防止（土砂）,0,140.255884,42.105279
None,トドマツ,土流保,None,渡島,43,い,22.03,None,八雲町,None,ダケカンバ,山地災害防止（土砂）,0,140.255725,42.108476
None,ブナ,土流保,None,渡島,43,と,15.84,None,八雲町,他Ｌ,イタヤカエデ,自然維持,0,140.25744,42.104911
None,トドマツ,土流保,None,渡島,43,ほ,1.53,None,八雲町,None,ダケカンバ,山地災害防止（土砂）,0,140.258067,42.103306
None,ブナ,土流保,None,渡島,43,へ,5.4,None,八雲町,他Ｌ,イタヤカエデ,山地災害防止（土砂）,0,140.255389,42.103928
None,ブナ,土流保,None,渡島,43,と,15.84,None,八雲町,他Ｌ,イタヤカエデ,自然維持,0,140.25589,42.103763
None,ブナ,土流保,None,渡島,45,に,18.2,None,八雲町,他Ｌ,イタヤカエデ,山地災害防止（土砂）,0,140.252949,42.111447
None,他Ｌ,土流保,None,渡島,45,ほ,28.94,None,八雲町,ミズナラ,ブナ,自然維持,0,140.248793,42.111138
None,ブナ,土流保,None,渡島,44,ろ,17.11,None,八雲町,他Ｌ,イタヤカエデ,山地災害防止（土砂）,0,140.252139,42.108091
None,None,土流保,None,渡島,44,イ,9.94,None,八雲町,None,None,山地災害防止（土砂）,0,140.250895,42.105367
None,None,土流保,None,渡島,42,イ,0.12,None,八雲町,None,None,山地災害防止（土砂）,0,140.259339,42.10265
None,ブナ,土流保,None,渡島,43,へ,5.4,None,八雲町,他Ｌ,イタヤカエデ,山地災害防止（土砂）,0,140.259034,42.103132
None,ブナ,土流保,None,渡島,43,へ,5.4,None,八雲町,他Ｌ,イタヤカエデ,山地災害防止（土砂）,0,140.258444,42.103141
None,None,土流保,None,渡島,43,イ,1.37,None,八雲町,None,None,山地災害防止（土砂）,0,140.25763,42.103297
None,ブナ,土流保,None,渡島,42,ろ,26.02,None,八雲町,他Ｌ,イタヤカエデ,山地災害防止（土砂）,0,140.258566,42.102876
None,ブナ,土流保,None,渡島,43,へ,5.4,None,八雲町,他Ｌ,イタヤカエデ,山地災害防止（土砂）,0,140.25725,42.103204
None,None,土流保,None,渡島,42,イ,0.12,None,八雲町,None,None,山地災害防止（土砂）,0,140.257675,42.102999
None,ブナ,土流保,None,渡島,42,ろ,26.02,None,八雲町,他Ｌ,イタヤカエデ,山地災害防止（土砂）,0,140.257525,42.102999
None,ブナ,土流保,None,渡島,43,へ,5.4,None,八雲町,他Ｌ,イタヤカエデ,山地災害防止（土砂）,0,140.25688,42.103184
None,トドマツ,土流保,None,渡島,42,い,17.41,None,八雲町,None,ダケカンバ,山地災害防止（土砂）,0,140.258665,42.100626
None,ブナ,土流保,None,渡島,42,ろ,26.02,None,八雲町,他Ｌ,イタヤカエデ,山地災害防止（土砂）,0,140.255399,42.102035
None,ブナ,土流保,None,渡島,42,ろ,26.02,None,八雲町,他Ｌ,イタヤカエデ,山地災害防止（土砂）,0,140.257614,42.099427
None,トドマツ,土流保,None,渡島,40,い,14.95,None,八雲町,None,ダケカンバ,山地災害防止（土砂）,0,140.260098,42.093657
None,ブナ,土流保,None,渡島,40,ち,18.21,None,八雲町,他Ｌ,イタヤカエデ,山地災害防止（土砂）,0,140.261294,42.092752
None,トドマツ,土流保,None,渡島,41,い,18.73,None,八雲町,None,ダケカンバ,山地災害防止（土砂）,0,140.256477,42.09702
None,ブナ,土流保,None,渡島,41,ほ,16.16,None,八雲町,イタヤカエデ,他Ｌ,山地災害防止（土砂）,0,140.257758,42.096184
None,ブナ,土流保,None,渡島,43,へ,5.4,None,八雲町,他Ｌ,イタヤカエデ,山地災害防止（土砂）,0,140.252857,42.102135
None,ブナ,土流保,None,渡島,43,と,15.84,None,八雲町,他Ｌ,イタヤカエデ,自然維持,0,140.251486,42.101976
None,ダケカンバ,土流保,None,渡島,43,ち,4.56,None,八雲町,ブナ,他Ｌ,自然維持,0,140.247242,42.101201
None,他Ｌ,土流保,None,渡島,42,は,10.31,None,八雲町,ブナ,ダケカンバ,自然維持,0,140.247908,42.098207
None,トドマツ,土流保,None,渡島,41,ろ,15.05,None,八雲町,None,ダケカンバ,山地災害防止（土砂）,0,140.252402,42.096957
None,ブナ,土流保,None,渡島,41,ほ,16.16,None,八雲町,イタヤカエデ,他Ｌ,山地災害防止（土砂）,0,140.252349,42.095295
None,ブナ,土流保,None,渡島,41,に,0.69,None,八雲町,イタヤカエデ,他Ｌ,山地災害防止（土砂）,0,140.250973,42.093577
None,ダケカンバ,土流保,None,渡島,41,へ,22.25,None,八雲町,ブナ,他Ｌ,自然維持,0,140.248021,42.095164
None,トドマツ,土流保,None,渡島,14,ぬ,0.49,None,八雲町,None,None,山地災害防止（土砂）,0,140.271946,42.091134
None,トドマツ,土流保,None,渡島,14,は,3.6,None,八雲町,None,None,水源涵養,0,140.27123,42.091976
None,トドマツ,土流保,None,渡島,14,ぬ,0.49,None,八雲町,None,None,山地災害防止（土砂）,0,140.271195,42.091932
None,None,土流保,None,渡島,14,イ,0.7,None,八雲町,None,None,山地災害防止（土砂）,0,140.275582,42.091878
None,ブナ,土流保,None,渡島,14,ち,9.27,None,八雲町,他Ｌ,シナノキ,山地災害防止（土砂）,0,140.2711,42.091619
None,トドマツ,土流保,None,渡島,15,ろ,0.26,None,八雲町,None,None,山地災害防止（土砂）,0,140.271029,42.091289
None,None,土流保,None,渡島,15,ニ,0.18,None,八雲町,None,None,山地災害防止（土砂）,0,140.269874,42.090901
None,トドマツ,土流保,None,渡島,15,い,1.69,None,八雲町,None,None,山地災害防止（土砂）,0,140.270331,42.091469
None,カラマツ,土流保,None,渡島,15,に,1.44,None,八雲町,None,ダケカンバ,山地災害防止（土砂）,0,140.270842,42.090265
None,トドマツ,土流保,None,渡島,15,は,0.47,None,八雲町,None,None,山地災害防止（土砂）,0,140.270875,42.090915
None,トドマツ,土流保,None,渡島,15,へ,2.73,None,八雲町,None,None,山地災害防止（土砂）,0,140.270518,42.088875
None,ダケカンバ,土流保,None,渡島,15,と,2.5,None,八雲町,トドマツ,アカエゾマツ,山地災害防止（土砂）,0,140.271846,42.087928
None,ブナ,土流保,None,渡島,15,り,41.45,None,八雲町,イタヤカエデ,他Ｌ,山地災害防止（土砂）,0,140.270781,42.082866
None,トドマツ,土流保,None,渡島,15,い,1.69,None,八雲町,None,None,山地災害防止（土砂）,0,140.269654,42.091117
None,ブナ,土流保,None,渡島,15,り,41.45,None,八雲町,イタヤカエデ,他Ｌ,山地災害防止（土砂）,0,140.268486,42.09162
None,ブナ,土流保,None,渡島,39,か,45.13,None,八雲町,ミズナラ,他Ｌ,山地災害防止（土砂）,0,140.268564,42.091187
None,None,土流保,None,渡島,39,ハ,0.02,None,八雲町,None,None,山地災害防止（土砂）,0,140.268883,42.091167
None,トドマツ,土流保,None,渡島,39,る,0.21,None,八雲町,None,None,山地災害防止（土砂）,0,140.268675,42.090737
None,トドマツ,土流保,None,渡島,39,ろ,1.8,None,八雲町,None,None,山地災害防止（土砂）,0,140.267128,42.091889
None,None,None,None,渡島,39,イ,0.65,None,八雲町,None,None,山地災害防止（土砂）,0,140.269245,42.090548
None,トドマツ,土流保,None,渡島,39,わ,0.2,None,八雲町,None,None,山地災害防止（土砂）,0,140.269428,42.089281
None,カラマツ,土流保,None,渡島,39,は,2.22,None,八雲町,None,ダケカンバ,山地災害防止（土砂）,0,140.268444,42.089396
None,ブナ,土流保,None,渡島,39,か,45.13,None,八雲町,ミズナラ,他Ｌ,山地災害防止（土砂）,0,140.268226,42.087399
None,カラマツ,土流保,None,渡島,39,は,2.22,None,八雲町,None,ダケカンバ,山地災害防止（土砂）,0,140.26757,42.089106
None,トドマツ,土流保,None,渡島,39,に,0.81,None,八雲町,None,None,山地災害防止（土砂）,0,140.267761,42.08764
None,トドマツ,土流保,None,渡島,39,に,0.81,None,八雲町,None,None,山地災害防止（土砂）,0,140.266986,42.087706
None,トドマツ,土流保,None,渡島,39,に,0.81,None,八雲町,None,None,山地災害防止（土砂）,0,140.267736,42.087309
None,トドマツ,土流保,None,渡島,39,に,0.81,None,八雲町,None,None,山地災害防止（土砂）,0,140.267442,42.087222
None,ブナ,土流保,None,渡島,39,か,45.13,None,八雲町,ミズナラ,他Ｌ,山地災害防止（土砂）,0,140.265205,42.091031
None,None,土流保,None,渡島,39,ロ,2.07,None,八雲町,None,None,山地災害防止（土砂）,0,140.262792,42.093002
None,トドマツ,土流保,None,渡島,15,ち,4.01,None,八雲町,None,ダケカンバ,山地災害防止（土砂）,0,140.270587,42.085829
None,None,土流保,None,渡島,38,ホ,0.07,None,八雲町,None,None,山地災害防止（土砂）,0,140.26807,42.086475
None,ブナ,土流保,None,渡島,38,ほ,64.59,None,八雲町,イタヤカエデ,他Ｌ,山地災害防止（土砂）,0,140.268192,42.086944
None,None,None,None,渡島,15,イ,0.04,None,八雲町,None,None,山地災害防止（土砂）,0,140.268372,42.086394
None,None,土流保,None,渡島,15,ロ,0.38,None,八雲町,None,None,山地災害防止（土砂）,0,140.268023,42.085817
None,カラマツ,土流保,None,渡島,38,い,0.69,None,八雲町,None,ダケカンバ,山地災害防止（土砂）,0,140.267331,42.086606
None,None,土流保,None,渡島,38,ロ,0.34,None,八雲町,None,None,山地災害防止（土砂）,0,140.267733,42.085948
None,None,None,None,渡島,38,イ,0.31,None,八雲町,None,None,山地災害防止（土砂）,0,140.267743,42.086256
None,None,None,None,渡島,38,ニ,0.06,None,八雲町,None,None,山地災害防止（土砂）,0,140.267,42.085183
None,None,土流保,None,渡島,25,イ,0.03,None,八雲町,None,None,山地災害防止（土砂）,0,140.267094,42.084616
None,None,土流保,None,渡島,25,ロ,0.02,None,八雲町,None,None,山地災害防止（土砂）,0,140.267031,42.084506
None,None,None,None,渡島,38,ニ,0.06,None,八雲町,None,None,山地災害防止（土砂）,0,140.266708,42.085036
None,None,土流保,None,渡島,38,ハ,0.07,None,八雲町,None,None,山地災害防止（土砂）,0,140.266796,42.084832
None,None,土流保,None,渡島,26,ロ,0.02,None,八雲町,None,None,山地災害防止（土砂）,0,140.266766,42.084607
None,None,None,None,渡島,26,ハ,0.01,None,八雲町,None,None,山地災害防止（土砂）,0,140.266729,42.084495
None,None,None,None,渡島,38,ニ,0.06,None,八雲町,None,None,山地災害防止（土砂）,0,140.266459,42.084785
None,None,土流保,None,渡島,26,イ,0.05,None,八雲町,None,None,山地災害防止（土砂）,0,140.266561,42.084648
None,None,None,None,渡島,25,ハ,6.53,None,八雲町,None,None,山地災害防止（土砂）,0,140.269383,42.079552
None,ダケカンバ,土流保,None,渡島,38,に,2.38,None,八雲町,他Ｌ,トドマツ,山地災害防止（土砂）,0,140.265534,42.086016
None,トドマツ,土流保,None,渡島,25,ろ,0.93,None,八雲町,None,None,山地災害防止（土砂）,0,140.271276,42.077808
None,トドマツ,土流保,None,渡島,24,ろ,0.91,None,八雲町,None,None,山地災害防止（土砂）,0,140.272249,42.075828
None,トドマツ,土流保,None,渡島,24,ろ,0.91,None,八雲町,None,None,山地災害防止（土砂）,0,140.27189,42.075059
None,ブナ,土流保,None,渡島,24,い,46.15,None,八雲町,他Ｌ,ダケカンバ,山地災害防止（土砂）,0,140.2701,42.075657
None,None,None,None,渡島,24,イ,4.6,None,八雲町,None,None,山地災害防止（土砂）,0,140.270822,42.075124
None,ブナ,土流保,None,渡島,24,い,46.15,None,八雲町,他Ｌ,ダケカンバ,山地災害防止（土砂）,0,140.271541,42.072331
None,ブナ,土流保,None,渡島,25,い,49.01,None,八雲町,他Ｌ,ダケカンバ,山地災害防止（土砂）,0,140.270686,42.079484
None,None,None,None,渡島,25,ハ,6.53,None,八雲町,None,None,山地災害防止（土砂）,0,140.268034,42.078035
None,ブナ,土流保,None,渡島,25,い,49.01,None,八雲町,他Ｌ,ダケカンバ,山地災害防止（土砂）,0,140.268437,42.077666
None,トドマツ,土流保,None,渡島,25,は,0.8,None,八雲町,None,None,山地災害防止（土砂）,0,140.267954,42.076303
None,ブナ,土流保,None,渡島,25,い,49.01,None,八雲町,他Ｌ,ダケカンバ,山地災害防止（土砂）,0,140.264445,42.077085
None,ブナ,土流保,None,渡島,25,い,49.01,None,八雲町,他Ｌ,ダケカンバ,山地災害防止（土砂）,0,140.268255,42.075805
None,None,None,None,渡島,25,ハ,6.53,None,八雲町,None,None,山地災害防止（土砂）,0,140.266569,42.075236
None,ブナ,土流保,None,渡島,24,い,46.15,None,八雲町,他Ｌ,ダケカンバ,山地災害防止（土砂）,0,140.267469,42.07491
None,None,None,None,渡島,24,イ,4.6,None,八雲町,None,None,山地災害防止（土砂）,0,140.26664,42.074651
None,ブナ,土流保,None,渡島,24,い,46.15,None,八雲町,他Ｌ,ダケカンバ,山地災害防止（土砂）,0,140.265828,42.072493
None,トドマツ,土流保,None,渡島,39,り,3.52,None,八雲町,None,None,山地災害防止（土砂）,0,140.261771,42.092523
None,ブナ,土流保,None,渡島,39,か,45.13,None,八雲町,ミズナラ,他Ｌ,山地災害防止（土砂）,0,140.260828,42.089567
None,トドマツ,土流保,None,渡島,40,へ,0.11,None,八雲町,None,None,山地災害防止（土砂）,0,140.259843,42.091991
None,トドマツ,土流保,None,渡島,40,ろ,1.06,None,八雲町,None,ダケカンバ,山地災害防止（土砂）,0,140.259025,42.091837
None,ブナ,土流保,None,渡島,40,ち,18.21,None,八雲町,他Ｌ,イタヤカエデ,山地災害防止（土砂）,0,140.249411,42.089064
None,トドマツ,土流保,None,渡島,39,ち,2.88,None,八雲町,None,ダケカンバ,山地災害防止（土砂）,0,140.258564,42.091113
None,トドマツ,土流保,None,渡島,40,は,5.83,None,八雲町,None,ダケカンバ,山地災害防止（土砂）,0,140.255416,42.091385
None,トドマツ,土流保,None,渡島,39,と,0.76,None,八雲町,None,ダケカンバ,山地災害防止（土砂）,0,140.256299,42.089528
None,ダケカンバ,土流保,None,渡島,39,ほ,1.88,None,八雲町,None,トドマツ,山地災害防止（土砂）,0,140.255085,42.088204
None,ブナ,土流保,None,渡島,38,ほ,64.59,None,八雲町,イタヤカエデ,他Ｌ,山地災害防止（土砂）,0,140.258646,42.083859
None,ダケカンバ,土流保,None,渡島,38,ろ,4.3,None,八雲町,None,トドマツ,山地災害防止（土砂）,0,140.254512,42.08644
None,トドマツ,土流保,None,渡島,40,に,6.18,None,八雲町,None,ダケカンバ,山地災害防止（土砂）,0,140.253581,42.089782
None,ダケカンバ,土流保,None,渡島,41,は,6.0,None,八雲町,他Ｌ,トドマツ,山地災害防止（土砂）,0,140.251302,42.092007
None,トドマツ,土流保,None,渡島,39,へ,0.38,None,八雲町,None,ダケカンバ,山地災害防止（土砂）,0,140.254055,42.088444
None,ブナ,土流保,None,渡島,39,か,45.13,None,八雲町,ミズナラ,他Ｌ,山地災害防止（土砂）,0,140.254153,42.087965
None,トドマツ,土流保,None,渡島,39,ぬ,0.3,None,八雲町,None,ダケカンバ,山地災害防止（土砂）,0,140.253262,42.088304
None,トドマツ,土流保,None,渡島,38,は,1.7,None,八雲町,None,ダケカンバ,山地災害防止（土砂）,0,140.252737,42.087778
None,トドマツ,土流保,None,渡島,40,と,3.07,None,八雲町,None,ダケカンバ,山地災害防止（土砂）,0,140.251443,42.088574
None,ブナ,土流保,None,渡島,41,ほ,16.16,None,八雲町,イタヤカエデ,他Ｌ,山地災害防止（土砂）,0,140.249466,42.090932
None,ブナ,土流保,None,渡島,40,り,1.38,None,八雲町,他Ｌ,イタヤカエデ,自然維持,0,140.248069,42.088876
None,ブナ,土流保,None,渡島,37,い,39.3,None,八雲町,他Ｌ,イタヤカエデ,山地災害防止（土砂）,0,140.251845,42.080477
None,ブナ,土流保,None,渡島,26,い,68.13,None,八雲町,ダケカンバ,他Ｌ,山地災害防止（土砂）,0,140.258714,42.077846
None,ブナ,土流保,None,渡島,27,い,74.79,None,八雲町,None,他Ｌ,山地災害防止（土砂）,0,140.253231,42.072004
None,None,土流保,None,渡島,37,イ,4.81,None,八雲町,None,None,山地災害防止（土砂）,0,140.247525,42.080547
None,ブナ,土流保,None,渡島,23,い,57.47,None,八雲町,他Ｌ,イタヤカエデ,山地災害防止（土砂）,0,140.26736,42.068931
None,None,None,None,渡島,23,イ,3.66,None,八雲町,None,None,山地災害防止（土砂）,0,140.267571,42.066833
None,ブナ,土流保,None,渡島,28,い,45.97,None,八雲町,他Ｌ,イタヤカエデ,山地災害防止（土砂）,0,140.262417,42.067128
None,ブナ,土流保,None,渡島,23,い,57.47,None,八雲町,他Ｌ,イタヤカエデ,山地災害防止（土砂）,0,140.27008,42.065115
None,None,None,None,渡島,23,イ,3.66,None,八雲町,None,None,山地災害防止（土砂）,0,140.266414,42.061101
None,None,None,None,渡島,23,イ,3.66,None,八雲町,None,None,山地災害防止（土砂）,0,140.267382,42.059609
None,None,None,None,渡島,22,イ,0.24,None,八雲町,None,None,山地災害防止（土砂）,0,140.267281,42.059162
None,None,None,None,渡島,28,イ,2.95,None,八雲町,None,None,山地災害防止（土砂）,0,140.266356,42.060396
None,ダケカンバ,土流保,None,渡島,29,ろ,18.5,None,八雲町,イタヤカエデ,他Ｌ,自然維持,0,140.264842,42.057557
None,None,None,None,渡島,29,イ,0.9,None,八雲町,None,None,山地災害防止（土砂）,0,140.264346,42.05822
None,ブナ,土流保,None,渡島,28,ろ,0.69,None,八雲町,イタヤカエデ,他Ｌ,自然維持,0,140.265897,42.057451
None,ブナ,土流保,None,渡島,29,い,37.54,None,八雲町,他Ｌ,ミズナラ,山地災害防止（土砂）,0,140.262058,42.062044
None,ダケカンバ,土流保,None,渡島,29,ろ,18.5,None,八雲町,イタヤカエデ,他Ｌ,自然維持,0,140.259096,42.060296
None,ブナ,土流保,None,渡島,31,い,39.2,None,八雲町,イタヤカエデ,他Ｌ,山地災害防止（土砂）,0,140.248284,42.069161
None,ブナ,土流保,None,渡島,30,い,29.68,None,八雲町,イタヤカエデ,他Ｌ,山地災害防止（土砂）,0,140.252614,42.065078
None,ダケカンバ,土流保,None,渡島,30,ろ,40.3,None,八雲町,ミズナラ,他Ｌ,自然維持,0,140.251217,42.060825
None,他Ｌ,None,None,渡島,110,わ,3.4,None,八雲町,イタヤカエデ,ダケカンバ,山地災害防止（土砂）,0,140.232058,42.179068
None,ブナ,土流保,None,渡島,150,と,21.19,None,八雲町,他Ｌ,ダケカンバ,山地災害防止（土砂）,0,140.220786,42.181665
None,None,土流保,None,渡島,150,ニ,1.49,None,八雲町,None,None,山地災害防止（土砂）,0,140.218157,42.180721
None,None,None,None,渡島,150,イ,0.7,None,八雲町,None,None,山地災害防止（土砂）,0,140.220642,42.180946
None,ブナ,土流保,None,渡島,150,と,21.19,None,八雲町,他Ｌ,ダケカンバ,山地災害防止（土砂）,0,140.21584,42.180736
None,None,土流保,None,渡島,150,ニ,1.49,None,八雲町,None,None,山地災害防止（土砂）,0,140.21472,42.178089
None,ブナ,土流保,None,渡島,150,と,21.19,None,八雲町,他Ｌ,ダケカンバ,山地災害防止（土砂）,0,140.216606,42.178809
None,トドマツ,土流保,None,渡島,159,い,1.0,None,八雲町,None,ダケカンバ,山地災害防止（土砂）,0,140.187849,42.202583
None,ブナ,土流保,None,渡島,159,ち,4.45,None,八雲町,他Ｌ,イタヤカエデ,山地災害防止（土砂）,0,140.186703,42.201972
None,None,土流保,None,渡島,158,イ,1.33,None,八雲町,None,None,山地災害防止（土砂）,0,140.190073,42.200397
None,他Ｌ,土流保,None,渡島,158,り,14.54,None,八雲町,ダケカンバ,ウダイカンバ,山地災害防止（土砂）,0,140.18845,42.200787
None,トドマツ,土流保,None,渡島,158,か,1.35,None,八雲町,None,ダケカンバ,山地災害防止（土砂）,0,140.186798,42.200465
None,ダケカンバ,土流保,None,渡島,159,ろ,15.7,None,八雲町,None,カラマツ,山地災害防止（土砂）,0,140.184343,42.202143
None,ダケカンバ,土流保,None,渡島,158,い,2.64,None,八雲町,None,None,山地災害防止（土砂）,0,140.185561,42.200087
None,トドマツ,土流保,None,渡島,150,は,11.28,None,八雲町,None,None,山地災害防止（土砂）,0,140.210626,42.189694
None,トドマツ,土流保,None,渡島,150,は,11.28,None,八雲町,None,None,山地災害防止（土砂）,0,140.209588,42.189592
None,トドマツ,土流保,None,渡島,150,に,6.95,None,八雲町,None,None,山地災害防止（土砂）,0,140.20797,42.189921
None,カラマツ,土流保,None,渡島,150,ろ,11.6,None,八雲町,None,ダケカンバ,山地災害防止（土砂）,0,140.212822,42.18663
None,トドマツ,土流保,None,渡島,150,は,11.28,None,八雲町,None,None,山地災害防止（土砂）,0,140.211552,42.18867
None,トドマツ,土流保,None,渡島,150,に,6.95,None,八雲町,None,None,山地災害防止（土砂）,0,140.207388,42.188951
None,トドマツ,土流保,None,渡島,150,は,11.28,None,八雲町,None,None,山地災害防止（土砂）,0,140.208808,42.18767
None,トドマツ,土流保,None,渡島,150,ほ,5.45,None,八雲町,None,None,山地災害防止（土砂）,0,140.209911,42.184915
None,トドマツ,土流保,None,渡島,149,に,1.84,None,八雲町,None,None,山地災害防止（土砂）,0,140.209802,42.184165
None,トドマツ,土流保,None,渡島,149,に,1.84,None,八雲町,None,None,山地災害防止（土砂）,0,140.208016,42.185451
None,他Ｌ,土流保,None,渡島,149,と,1.74,None,八雲町,ブナ,ハンノキ,山地災害防止（土砂）,0,140.208812,42.18441
None,カラマツ,土流保,None,渡島,150,い,14.87,None,八雲町,None,ダケカンバ,山地災害防止（土砂）,0,140.213997,42.183466
None,トドマツ,土流保,None,渡島,150,ほ,5.45,None,八雲町,None,None,山地災害防止（土砂）,0,140.210987,42.185483
None,カラマツ,土流保,None,渡島,149,ろ,0.95,None,八雲町,None,ダケカンバ,山地災害防止（土砂）,0,140.213356,42.181504
None,トドマツ,土流保,None,渡島,149,へ,6.6,None,八雲町,None,None,山地災害防止（土砂）,0,140.211633,42.182209
None,None,土流保,None,渡島,150,ニ,1.49,None,八雲町,None,None,山地災害防止（土砂）,0,140.214236,42.180173
None,トドマツ,土流保,None,渡島,149,は,3.6,None,八雲町,None,None,山地災害防止（土砂）,0,140.213715,42.180884
None,ブナ,土流保,None,渡島,150,と,21.19,None,八雲町,他Ｌ,ダケカンバ,山地災害防止（土砂）,0,140.214129,42.180157
None,トドマツ,土流保,None,渡島,149,は,3.6,None,八雲町,None,None,山地災害防止（土砂）,0,140.212654,42.180675
None,None,土流保,None,渡島,149,ロ,1.24,None,八雲町,None,None,山地災害防止（土砂）,0,140.213443,42.17783
None,トドマツ,土流保,None,渡島,149,は,3.6,None,八雲町,None,None,山地災害防止（土砂）,0,140.213282,42.179564
None,他Ｌ,土流保,None,渡島,149,ち,6.62,None,八雲町,ハンノキ,ブナ,山地災害防止（土砂）,0,140.212278,42.180201
None,他Ｌ,土流保,None,渡島,149,ち,6.62,None,八雲町,ハンノキ,ブナ,山地災害防止（土砂）,0,140.211132,42.17999
None,トドマツ,土流保,None,渡島,149,は,3.6,None,八雲町,None,None,山地災害防止（土砂）,0,140.212744,42.179351
None,他Ｌ,土流保,None,渡島,149,ち,6.62,None,八雲町,ハンノキ,ブナ,山地災害防止（土砂）,0,140.212441,42.179149
None,他Ｌ,土流保,None,渡島,149,と,1.74,None,八雲町,ブナ,ハンノキ,山地災害防止（土砂）,0,140.211182,42.182897
None,トドマツ,土流保,None,渡島,149,に,1.84,None,八雲町,None,None,山地災害防止（土砂）,0,140.210394,42.183689
None,トドマツ,土流保,None,渡島,149,へ,6.6,None,八雲町,None,None,山地災害防止（土砂）,0,140.207846,42.18343
None,None,土流保,None,渡島,149,ロ,1.24,None,八雲町,None,None,山地災害防止（土砂）,0,140.212721,42.181034
None,他Ｌ,土流保,None,渡島,149,り,19.27,None,八雲町,ハンノキ,ブナ,山地災害防止（土砂）,0,140.206866,42.181917
None,ブナ,土流保,None,渡島,150,ち,2.26,None,八雲町,他Ｌ,ダケカンバ,山地災害防止（土砂）,0,140.206892,42.188256
None,ブナ,土流保,None,渡島,150,ち,2.26,None,八雲町,他Ｌ,ダケカンバ,山地災害防止（土砂）,0,140.206995,42.187426
None,None,土流保,None,渡島,150,ニ,1.49,None,八雲町,None,None,山地災害防止（土砂）,0,140.206805,42.188185
None,トドマツ,土流保,None,渡島,150,へ,2.22,None,八雲町,None,None,山地災害防止（土砂）,0,140.20661,42.186804
None,トドマツ,土流保,None,渡島,150,へ,2.22,None,八雲町,None,None,山地災害防止（土砂）,0,140.205886,42.187213
None,トドマツ,土流保,None,渡島,149,ほ,3.55,None,八雲町,None,None,山地災害防止（土砂）,0,140.205513,42.186703
None,ブナ,土流保,None,渡島,150,ち,2.26,None,八雲町,他Ｌ,ダケカンバ,山地災害防止（土砂）,0,140.204888,42.187973
None,ブナ,土流保,None,渡島,150,ち,2.26,None,八雲町,他Ｌ,ダケカンバ,山地災害防止（土砂）,0,140.205109,42.187207
None,他Ｌ,土流保,None,渡島,149,り,19.27,None,八雲町,ハンノキ,ブナ,山地災害防止（土砂）,0,140.204525,42.186697
None,None,土流保,None,渡島,149,イ,0.01,None,八雲町,None,None,山地災害防止（土砂）,0,140.204158,42.187209
None,トドマツ,土流保,None,渡島,149,ほ,3.55,None,八雲町,None,None,山地災害防止（土砂）,0,140.207055,42.185227
None,None,土流保,None,渡島,149,ロ,1.24,None,八雲町,None,None,山地災害防止（土砂）,0,140.20551,42.186583
None,トドマツ,土流保,None,渡島,149,い,2.39,None,八雲町,None,None,山地災害防止（土砂）,0,140.20474,42.183523
None,トドマツ,土流保,None,渡島,148,は,1.38,None,八雲町,None,None,山地災害防止（土砂）,0,140.204263,42.184482
None,トドマツ,土流保,None,渡島,148,ろ,8.89,None,八雲町,None,None,山地災害防止（土砂）,0,140.202263,42.185261
None,他Ｌ,土流保,None,渡島,148,に,11.3,None,八雲町,イタヤカエデ,ブナ,山地災害防止（土砂）,0,140.202934,42.185907
None,None,土流保,None,渡島,148,ロ,0.9,None,八雲町,None,None,山地災害防止（土砂）,0,140.200173,42.184729
None,トドマツ,土流保,None,渡島,148,ろ,8.89,None,八雲町,None,None,山地災害防止（土砂）,0,140.201207,42.18388
None,他Ｌ,土流保,None,渡島,148,に,11.3,None,八雲町,イタヤカエデ,ブナ,山地災害防止（土砂）,0,140.19978,42.184282
None,他Ｌ,土流保,None,渡島,148,ほ,9.91,None,八雲町,イタヤカエデ,ブナ,山地災害防止（土砂）,0,140.206183,42.179819
None,トドマツ,土流保,None,渡島,148,い,13.34,None,八雲町,None,None,山地災害防止（土砂）,0,140.200425,42.181391
None,トドマツ,土流保,None,渡島,148,い,13.34,None,八雲町,None,None,山地災害防止（土砂）,0,140.203642,42.179836
None,他Ｌ,土流保,None,渡島,148,に,11.3,None,八雲町,イタヤカエデ,ブナ,山地災害防止（土砂）,0,140.200248,42.180037
None,トドマツ,土流保,None,渡島,156,わ,1.0,None,八雲町,None,None,水源涵養,0,140.192189,42.196601
None,ウダイカンバ,土流保,None,渡島,155,と,7.0,None,八雲町,None,他Ｌ,自然維持,1,140.193749,42.195089
None,ウダイカンバ,土流保,None,渡島,155,と,3.74,None,八雲町,None,他Ｌ,自然維持,2,140.192609,42.194722
None,トドマツ,土流保,None,渡島,156,そ,1.48,None,八雲町,None,None,水源涵養,0,140.191718,42.195209
None,ウダイカンバ,土流保,None,渡島,155,と,3.74,None,八雲町,None,他Ｌ,自然維持,2,140.194332,42.194756
None,ウダイカンバ,土流保,None,渡島,155,と,7.0,None,八雲町,None,他Ｌ,自然維持,1,140.192624,42.19295
None,None,None,None,渡島,155,イ,0.67,None,八雲町,None,None,山地災害防止（土砂）,0,140.192163,42.191425
None,ダケカンバ,土流保,None,渡島,155,ち,39.78,None,八雲町,他Ｌ,イタヤカエデ,山地災害防止（土砂）,0,140.19304,42.190698
None,トドマツ,土流保,None,渡島,155,い,5.74,None,八雲町,None,None,山地災害防止（土砂）,0,140.19309,42.190189
None,ダケカンバ,土流保,None,渡島,155,ち,39.78,None,八雲町,他Ｌ,イタヤカエデ,山地災害防止（土砂）,0,140.193153,42.189764
None,ダケカンバ,土流保,None,渡島,156,る,14.61,None,八雲町,None,他Ｌ,山地災害防止（土砂）,0,140.189846,42.197696
None,ブナ,土流保,None,渡島,156,か,4.21,None,八雲町,ダケカンバ,他Ｌ,山地災害防止（土砂）,0,140.190224,42.197731
None,他Ｌ,土流保,None,渡島,158,ぬ,15.99,None,八雲町,ダケカンバ,ブナ,山地災害防止（土砂）,0,140.189445,42.198332
None,ダケカンバ,土流保,None,渡島,156,る,14.61,None,八雲町,None,他Ｌ,山地災害防止（土砂）,0,140.189482,42.197711
None,None,土流保,None,渡島,156,ロ,0.44,None,八雲町,None,None,山地災害防止（土砂）,0,140.189712,42.197575
None,None,None,None,渡島,156,イ,0.06,None,八雲町,None,None,山地災害防止（土砂）,0,140.191436,42.196657
None,ダケカンバ,土流保,None,渡島,156,る,14.61,None,八雲町,None,他Ｌ,山地災害防止（土砂）,0,140.189641,42.196967
None,他Ｌ,土流保,None,渡島,158,ぬ,15.99,None,八雲町,ダケカンバ,ブナ,山地災害防止（土砂）,0,140.188932,42.196853
None,None,土流保,None,渡島,158,イ,1.33,None,八雲町,None,None,山地災害防止（土砂）,0,140.188727,42.197427
None,トドマツ,土流保,None,渡島,158,は,9.59,None,八雲町,None,None,山地災害防止（土砂）,0,140.188917,42.195668
None,ダケカンバ,土流保,None,渡島,156,る,14.61,None,八雲町,None,他Ｌ,山地災害防止（土砂）,0,140.188438,42.194898
None,トドマツ,土流保,None,渡島,158,よ,0.95,None,八雲町,None,ダケカンバ,山地災害防止（土砂）,0,140.187127,42.199233
None,ダケカンバ,土流保,None,渡島,158,ろ,2.66,None,八雲町,他Ｌ,他Ｎ,山地災害防止（土砂）,0,140.185494,42.198877
None,トドマツ,土流保,None,渡島,158,は,9.59,None,八雲町,None,None,山地災害防止（土砂）,0,140.185783,42.195615
None,トドマツ,土流保,None,渡島,158,ほ,1.01,None,八雲町,None,None,山地災害防止（土砂）,0,140.184215,42.197011
None,ブナ,土流保,None,渡島,156,か,4.21,None,八雲町,ダケカンバ,他Ｌ,山地災害防止（土砂）,0,140.190339,42.193167
None,ウダイカンバ,土流保,None,渡島,155,と,7.0,None,八雲町,None,他Ｌ,自然維持,1,140.191912,42.193919
None,トドマツ,土流保,None,渡島,156,た,1.63,None,八雲町,None,None,山地災害防止（土砂）,0,140.190239,42.194236
None,ウダイカンバ,土流保,None,渡島,155,と,7.0,None,八雲町,None,他Ｌ,自然維持,1,140.191657,42.192244
None,トドマツ,土流保,None,渡島,156,い,3.93,None,八雲町,None,None,山地災害防止（土砂）,0,140.189067,42.19249
None,ウダイカンバ,土流保,None,渡島,155,と,3.74,None,八雲町,None,他Ｌ,自然維持,2,140.191199,42.192795
None,トドマツ,土流保,None,渡島,155,い,5.74,None,八雲町,None,None,山地災害防止（土砂）,0,140.191315,42.190069
None,トドマツ,土流保,None,渡島,156,ぬ,8.66,None,八雲町,None,None,山地災害防止（土砂）,0,140.187028,42.193652
None,ダケカンバ,土流保,None,渡島,156,る,14.61,None,八雲町,None,他Ｌ,山地災害防止（土砂）,0,140.186007,42.194353
None,トドマツ,土流保,None,渡島,156,ぬ,8.66,None,八雲町,None,None,山地災害防止（土砂）,0,140.186015,42.194088
None,None,土流保,None,渡島,158,イ,1.33,None,八雲町,None,None,山地災害防止（土砂）,0,140.185503,42.194321
None,トドマツ,土流保,None,渡島,158,は,9.59,None,八雲町,None,None,山地災害防止（土砂）,0,140.185487,42.194257
None,None,土流保,None,渡島,156,ロ,0.44,None,八雲町,None,None,山地災害防止（土砂）,0,140.18625,42.194522
None,ダケカンバ,土流保,None,渡島,156,る,14.61,None,八雲町,None,他Ｌ,山地災害防止（土砂）,0,140.185547,42.194134
None,ダケカンバ,土流保,None,渡島,156,る,14.61,None,八雲町,None,他Ｌ,山地災害防止（土砂）,0,140.184743,42.194115
None,None,土流保,None,渡島,156,ロ,0.44,None,八雲町,None,None,山地災害防止（土砂）,0,140.185314,42.194155
None,None,土流保,None,渡島,158,イ,1.33,None,八雲町,None,None,山地災害防止（土砂）,0,140.184025,42.194264
None,トドマツ,土流保,None,渡島,158,は,9.59,None,八雲町,None,None,山地災害防止（土砂）,0,140.184351,42.194271
None,他Ｌ,土流保,None,渡島,158,ぬ,15.99,None,八雲町,ダケカンバ,ブナ,山地災害防止（土砂）,0,140.184172,42.194309
None,ダケカンバ,土流保,None,渡島,156,る,14.61,None,八雲町,None,他Ｌ,山地災害防止（土砂）,0,140.184376,42.194127
None,トドマツ,土流保,None,渡島,156,ろ,4.33,None,八雲町,None,None,山地災害防止（土砂）,0,140.1871,42.191139
None,トドマツ,土流保,None,渡島,156,ほ,5.04,None,八雲町,None,None,山地災害防止（土砂）,0,140.184828,42.190646
None,トドマツ,土流保,None,渡島,151,ろ,4.19,None,八雲町,None,None,山地災害防止（土砂）,0,140.199265,42.184335
None,カラマツ,土流保,None,渡島,151,に,3.2,None,八雲町,None,ダケカンバ,山地災害防止（土砂）,0,140.199434,42.18419
None,トドマツ,土流保,None,渡島,151,ろ,4.19,None,八雲町,None,None,山地災害防止（土砂）,0,140.198642,42.184767
None,トドマツ,土流保,None,渡島,151,ろ,4.19,None,八雲町,None,None,山地災害防止（土砂）,0,140.196658,42.186025
None,None,土流保,None,渡島,151,ハ,0.96,None,八雲町,None,None,山地災害防止（土砂）,0,140.199079,42.184738
None,トドマツ,土流保,None,渡島,151,か,2.0,None,八雲町,None,None,山地災害防止（土砂）,0,140.195703,42.185195
None,ダケカンバ,土流保,None,渡島,151,は,0.61,None,八雲町,None,カラマツ,山地災害防止（土砂）,0,140.196482,42.184667
None,トドマツ,土流保,None,渡島,151,か,2.0,None,八雲町,None,None,山地災害防止（土砂）,0,140.195095,42.185805
None,ダケカンバ,土流保,None,渡島,151,よ,35.77,None,八雲町,他Ｌ,イタヤカエデ,山地災害防止（土砂）,0,140.194497,42.187207
None,ダケカンバ,土流保,None,渡島,155,ち,39.78,None,八雲町,他Ｌ,イタヤカエデ,山地災害防止（土砂）,0,140.193031,42.189172
None,None,土流保,None,渡島,155,ロ,0.31,None,八雲町,None,None,山地災害防止（土砂）,0,140.192288,42.188609
None,トドマツ,土流保,None,渡島,151,い,2.12,None,八雲町,None,他Ｎ,山地災害防止（土砂）,0,140.193525,42.186426
None,ダケカンバ,土流保,None,渡島,151,よ,35.77,None,八雲町,他Ｌ,イタヤカエデ,山地災害防止（土砂）,0,140.193165,42.186945
None,ダケカンバ,土流保,None,渡島,155,ち,39.78,None,八雲町,他Ｌ,イタヤカエデ,山地災害防止（土砂）,0,140.192278,42.187518
None,トドマツ,土流保,None,渡島,151,い,2.12,None,八雲町,None,他Ｎ,山地災害防止（土砂）,0,140.192002,42.186951
None,トドマツ,土流保,None,渡島,151,か,2.0,None,八雲町,None,None,山地災害防止（土砂）,0,140.195476,42.185976
None,トドマツ,土流保,None,渡島,151,ろ,4.19,None,八雲町,None,None,山地災害防止（土砂）,0,140.195449,42.18578
None,トドマツ,土流保,None,渡島,151,い,2.12,None,八雲町,None,他Ｎ,山地災害防止（土砂）,0,140.192741,42.186622
None,カラマツ,土流保,None,渡島,151,に,3.2,None,八雲町,None,ダケカンバ,山地災害防止（土砂）,0,140.199251,42.183849
None,トドマツ,土流保,None,渡島,148,ろ,8.89,None,八雲町,None,None,山地災害防止（土砂）,0,140.199448,42.18321
None,None,土流保,None,渡島,148,イ,0.06,None,八雲町,None,None,山地災害防止（土砂）,0,140.19848,42.183083
None,カラマツ,土流保,None,渡島,151,に,3.2,None,八雲町,None,ダケカンバ,山地災害防止（土砂）,0,140.197784,42.183358
None,None,土流保,None,渡島,148,ロ,0.9,None,八雲町,None,None,山地災害防止（土砂）,0,140.202133,42.180602
None,トドマツ,土流保,None,渡島,148,ろ,8.89,None,八雲町,None,None,山地災害防止（土砂）,0,140.199129,42.181406
None,ブナ,土流保,None,渡島,151,わ,1.83,None,八雲町,他Ｌ,イタヤカエデ,山地災害防止（土砂）,0,140.197184,42.180678
None,トドマツ,土流保,None,渡島,151,ほ,9.22,None,八雲町,None,None,山地災害防止（土砂）,0,140.196378,42.181564
None,ブナ,土流保,None,渡島,151,わ,1.83,None,八雲町,他Ｌ,イタヤカエデ,山地災害防止（土砂）,0,140.195378,42.179136
None,ダケカンバ,土流保,None,渡島,151,へ,2.92,None,八雲町,None,None,山地災害防止（土砂）,0,140.19452,42.180991
None,ダケカンバ,土流保,None,渡島,151,よ,35.77,None,八雲町,他Ｌ,イタヤカエデ,山地災害防止（土砂）,0,140.194523,42.183616
None,カラマツ,土流保,None,渡島,151,と,3.29,None,八雲町,None,ダケカンバ,山地災害防止（土砂）,0,140.192218,42.180525
None,トドマツ,土流保,None,渡島,155,ろ,4.91,None,八雲町,None,None,山地災害防止（土砂）,0,140.188739,42.187391
None,トドマツ,土流保,None,渡島,151,ぬ,0.43,None,八雲町,None,None,山地災害防止（土砂）,0,140.191557,42.185254
None,トドマツ,土流保,None,渡島,155,ほ,1.03,None,八雲町,None,None,山地災害防止（土砂）,0,140.19023,42.186049
None,トドマツ,土流保,None,渡島,155,へ,1.34,None,八雲町,None,None,山地災害防止（土砂）,0,140.187924,42.185733
None,トドマツ,土流保,None,渡島,156,は,3.48,None,八雲町,None,None,山地災害防止（土砂）,0,140.186791,42.18862
None,ダケカンバ,土流保,None,渡島,156,る,14.61,None,八雲町,None,他Ｌ,山地災害防止（土砂）,0,140.189051,42.190133
None,トドマツ,土流保,None,渡島,156,に,2.53,None,八雲町,None,None,山地災害防止（土砂）,0,140.184265,42.18793
None,ダケカンバ,土流保,None,渡島,155,ち,39.78,None,八雲町,他Ｌ,イタヤカエデ,山地災害防止（土砂）,0,140.183654,42.182892
None,トドマツ,土流保,None,渡島,155,は,2.9,None,八雲町,None,None,山地災害防止（土砂）,0,140.184984,42.185409
None,トドマツ,土流保,None,渡島,151,り,1.8,None,八雲町,None,None,山地災害防止（土砂）,0,140.191558,42.183547
None,トドマツ,土流保,None,渡島,151,る,1.9,None,八雲町,None,None,山地災害防止（土砂）,0,140.189388,42.181795
None,トドマツ,土流保,None,渡島,155,に,0.4,None,八雲町,None,None,山地災害防止（土砂）,0,140.187163,42.182155
None,トドマツ,土流保,None,渡島,154,い,4.4,None,八雲町,None,None,山地災害防止（土砂）,0,140.18539,42.179322
None,ブナ,土流保,None,渡島,107,ち,5.13,None,八雲町,ダケカンバ,他Ｌ,山地災害防止（土砂）,0,140.246204,42.169033
None,カラマツ,土流保,None,渡島,107,ろ,3.77,None,八雲町,None,ダケカンバ,山地災害防止（土砂）,0,140.245378,42.167971
None,トドマツ,土流保,None,渡島,107,は,2.46,None,八雲町,None,None,山地災害防止（土砂）,0,140.243877,42.168714
None,ブナ,土流保,None,渡島,107,へ,14.03,None,八雲町,ダケカンバ,他Ｌ,山地災害防止（土砂）,0,140.243201,42.170012
None,ダケカンバ,土流保,None,渡島,109,よ,5.96,None,八雲町,None,他Ｌ,山地災害防止（土砂）,0,140.242658,42.167997
None,トドマツ,土流保,None,渡島,109,ぬ,3.86,None,八雲町,None,None,山地災害防止（土砂）,0,140.241869,42.169521
None,ダケカンバ,土流保,None,渡島,109,よ,5.96,None,八雲町,None,他Ｌ,山地災害防止（土砂）,0,140.240316,42.170082
None,トドマツ,土流保,None,渡島,109,り,1.53,None,八雲町,None,None,山地災害防止（土砂）,0,140.238995,42.169658
None,他Ｌ,None,None,渡島,110,か,40.58,None,八雲町,None,ダケカンバ,山地災害防止（土砂）,0,140.238712,42.168307
None,カラマツ,土流保,None,渡島,109,ろ,7.55,None,八雲町,None,ダケカンバ,山地災害防止（土砂）,0,140.236826,42.175922
None,他Ｌ,土流保,None,渡島,109,わ,16.83,None,八雲町,None,ニレ,山地災害防止（土砂）,0,140.237352,42.173452
None,ダケカンバ,土流保,None,渡島,109,よ,5.96,None,八雲町,None,他Ｌ,山地災害防止（土砂）,0,140.235706,42.173511
None,トドマツ,土流保,None,渡島,109,い,5.1,None,八雲町,None,ダケカンバ,山地災害防止（土砂）,0,140.233585,42.177854
None,トドマツ,None,None,渡島,110,と,2.22,None,八雲町,None,ダケカンバ,山地災害防止（土砂）,0,140.231892,42.177921
None,他Ｌ,None,None,渡島,110,わ,3.4,None,八雲町,イタヤカエデ,ダケカンバ,山地災害防止（土砂）,0,140.232815,42.176774
None,トドマツ,None,None,渡島,110,は,7.0,None,八雲町,None,None,山地災害防止（土砂）,0,140.234285,42.174175
None,トドマツ,土流保,None,渡島,109,は,4.3,None,八雲町,None,エゾマツ,山地災害防止（土砂）,0,140.237005,42.171649
None,他Ｌ,土流保,None,渡島,109,わ,16.83,None,八雲町,None,ニレ,山地災害防止（土砂）,0,140.235916,42.171661
None,トドマツ,土流保,None,渡島,109,へ,0.34,None,八雲町,None,None,山地災害防止（土砂）,0,140.235308,42.172034
None,シラカバ,土流保,None,渡島,109,と,0.1,None,八雲町,None,None,山地災害防止（土砂）,0,140.235162,42.171403
None,他Ｌ,土流保,None,渡島,109,わ,16.83,None,八雲町,None,ニレ,山地災害防止（土砂）,0,140.237879,42.169593
None,トドマツ,土流保,None,渡島,109,る,0.45,None,八雲町,None,None,山地災害防止（土砂）,0,140.23842,42.169023
None,トドマツ,土流保,None,渡島,109,ち,1.0,None,八雲町,None,他Ｌ,山地災害防止（土砂）,0,140.23667,42.170049
None,トドマツ,None,None,渡島,110,へ,4.81,None,八雲町,None,ダケカンバ,山地災害防止（土砂）,0,140.234791,42.169939
None,トドマツ,None,None,渡島,110,り,8.37,None,八雲町,None,None,山地災害防止（土砂）,0,140.236655,42.168236
None,トドマツ,None,None,渡島,110,ろ,10.14,None,八雲町,None,シラカバ,山地災害防止（土砂）,0,140.233065,42.172308
None,シラカバ,None,None,渡島,110,に,2.72,None,八雲町,None,None,山地災害防止（土砂）,0,140.230968,42.16917
None,トドマツ,None,None,渡島,110,ほ,4.44,None,八雲町,None,ダケカンバ,山地災害防止（土砂）,0,140.232489,42.169071
None,ブナ,土流保,None,渡島,107,ち,5.13,None,八雲町,ダケカンバ,他Ｌ,山地災害防止（土砂）,0,140.244438,42.167216
None,ダケカンバ,土流保,None,渡島,109,よ,5.96,None,八雲町,None,他Ｌ,山地災害防止（土砂）,0,140.243966,42.166578
None,トドマツ,土流保,None,渡島,109,に,5.0,None,八雲町,None,ダケカンバ,山地災害防止（土砂）,0,140.242889,42.16608
None,カラマツ,土流保,None,渡島,109,ほ,15.58,None,八雲町,None,ダケカンバ,山地災害防止（土砂）,0,140.24434,42.163318
None,トドマツ,None,None,渡島,110,ち,15.42,None,八雲町,None,ダケカンバ,山地災害防止（土砂）,0,140.238899,42.165891
None,トドマツ,None,None,渡島,110,る,5.45,None,八雲町,None,ダケカンバ,山地災害防止（土砂）,0,140.240998,42.163497
None,他Ｌ,土流保,None,渡島,109,か,2.38,None,八雲町,ダケカンバ,ニレ,山地災害防止（土砂）,0,140.243641,42.160903
None,他Ｌ,None,None,渡島,110,か,40.58,None,八雲町,None,ダケカンバ,山地災害防止（土砂）,0,140.24052,42.159882
None,トドマツ,None,None,渡島,110,ぬ,14.64,None,八雲町,None,None,山地災害防止（土砂）,0,140.235694,42.164107
None,他Ｌ,None,None,渡島,110,わ,3.4,None,八雲町,イタヤカエデ,ダケカンバ,山地災害防止（土砂）,0,140.233167,42.166725
None,トドマツ,土流保,None,渡島,111,に,5.0,None,八雲町,None,None,山地災害防止（土砂）,0,140.232929,42.165356
None,トドマツ,土流保,None,渡島,111,へ,0.8,None,八雲町,None,None,山地災害防止（土砂）,0,140.23347,42.162779
None,トドマツ,土流保,None,渡島,111,ほ,6.15,None,八雲町,None,None,山地災害防止（土砂）,0,140.231377,42.163874
None,トドマツ,None,None,渡島,110,よ,0.84,None,八雲町,None,ダケカンバ,山地災害防止（土砂）,0,140.238289,42.162671
None,トドマツ,土流保,None,渡島,111,と,6.84,None,八雲町,None,None,山地災害防止（土砂）,0,140.235987,42.158843
None,他Ｌ,土流保,None,渡島,111,わ,40.79,None,八雲町,イタヤカエデ,ダケカンバ,山地災害防止（土砂）,0,140.232195,42.161437
None,トドマツ,土流保,None,渡島,111,ぬ,13.23,None,八雲町,None,ダケカンバ,山地災害防止（土砂）,0,140.231878,42.157987
None,トドマツ,None,None,渡島,110,い,7.0,None,八雲町,None,None,山地災害防止（土砂）,0,140.227354,42.171409
None,None,None,None,渡島,110,イ,1.16,None,八雲町,None,None,山地災害防止（土砂）,0,140.228114,42.169877
None,トドマツ,土流保,None,渡島,111,ろ,1.89,None,八雲町,None,None,山地災害防止（土砂）,0,140.228931,42.164614
None,トドマツ,土流保,None,渡島,111,い,3.44,None,八雲町,None,None,山地災害防止（土砂）,0,140.226782,42.166865
None,トドマツ,土流保,None,渡島,113,い,1.29,None,八雲町,None,None,山地災害防止（土砂）,0,140.226291,42.166054
None,カラマツ,土流保,None,渡島,113,り,7.0,None,八雲町,None,ダケカンバ,山地災害防止（土砂）,0,140.2226,42.166388
None,ダケカンバ,土流保,None,渡島,113,と,5.41,None,八雲町,None,トドマツ,山地災害防止（土砂）,0,140.225508,42.162888
None,トドマツ,土流保,None,渡島,113,ち,3.52,None,八雲町,None,ダケカンバ,山地災害防止（土砂）,0,140.22433,42.164197
None,カラマツ,土流保,None,渡島,111,は,2.4,None,八雲町,None,ダケカンバ,山地災害防止（土砂）,0,140.229398,42.160482
None,カラマツ,土流保,None,渡島,113,ろ,6.32,None,八雲町,None,ダケカンバ,山地災害防止（土砂）,0,140.227343,42.164068
None,カラマツ,土流保,None,渡島,111,よ,0.58,None,八雲町,None,ダケカンバ,山地災害防止（土砂）,0,140.229102,42.15814
None,トドマツ,土流保,None,渡島,111,る,1.08,None,八雲町,None,ダケカンバ,山地災害防止（土砂）,0,140.229347,42.157581
None,カラマツ,土流保,None,渡島,113,は,4.42,None,八雲町,None,ダケカンバ,山地災害防止（土砂）,0,140.22776,42.158566
None,トドマツ,土流保,None,渡島,113,へ,2.76,None,八雲町,None,None,山地災害防止（土砂）,0,140.223566,42.162033
None,None,土流保,None,渡島,113,イ,5.88,None,八雲町,None,None,山地災害防止（土砂）,0,140.224646,42.159923
None,ブナ,土流保,None,渡島,113,ぬ,15.69,None,八雲町,他Ｌ,ダケカンバ,山地災害防止（土砂）,0,140.226154,42.157162
None,カラマツ,土流保,None,渡島,114,ほ,9.53,None,八雲町,None,ダケカンバ,山地災害防止（土砂）,0,140.220961,42.163736
None,トドマツ,土流保,None,渡島,114,ろ,10.52,None,八雲町,None,None,山地災害防止（土砂）,0,140.21744,42.163602
None,トドマツ,土流保,None,渡島,114,へ,6.38,None,八雲町,None,None,山地災害防止（土砂）,0,140.2214,42.161345
None,トドマツ,土流保,None,渡島,113,ほ,6.66,None,八雲町,None,None,山地災害防止（土砂）,0,140.222475,42.159457
None,トドマツ,土流保,None,渡島,115,は,1.83,None,八雲町,None,None,山地災害防止（土砂）,0,140.220873,42.15763
None,トドマツ,土流保,None,渡島,114,と,2.99,None,八雲町,None,None,山地災害防止（土砂）,0,140.220694,42.158685
None,ブナ,土流保,None,渡島,115,と,26.25,None,八雲町,ニレ,他Ｌ,山地災害防止（土砂）,0,140.219207,42.158054
None,トドマツ,土流保,None,渡島,114,に,11.91,None,八雲町,None,ダケカンバ,山地災害防止（土砂）,0,140.218079,42.160716
None,ダケカンバ,土流保,None,渡島,114,ち,2.26,None,八雲町,None,トドマツ,山地災害防止（土砂）,0,140.216226,42.158812
None,他Ｌ,土流保,None,渡島,114,ぬ,19.81,None,八雲町,ダケカンバ,ブナ,山地災害防止（土砂）,0,140.21554,42.158545
None,トドマツ,土流保,None,渡島,115,ろ,9.29,None,八雲町,None,None,山地災害防止（土砂）,0,140.216411,42.157026
None,ダケカンバ,土流保,None,渡島,108,は,22.82,None,八雲町,ハンノキ,他Ｌ,山地災害防止（土砂）,0,140.245385,42.159575
None,ダケカンバ,土流保,None,渡島,108,に,62.55,None,八雲町,他Ｌ,イタヤカエデ,自然維持,0,140.248247,42.153925
None,None,土流保,None,渡島,78,イ,14.25,None,八雲町,None,None,自然維持,0,140.244297,42.148143
None,他Ｌ,土流保,None,渡島,111,か,20.25,None,八雲町,ダケカンバ,ブナ,自然維持,0,140.239111,42.152495
None,トドマツ,土流保,None,渡島,111,ち,9.48,None,八雲町,None,ダケカンバ,山地災害防止（土砂）,0,140.236695,42.156196
None,トドマツ,土流保,None,渡島,111,り,9.92,None,八雲町,None,ダケカンバ,山地災害防止（土砂）,0,140.233949,42.155337
None,トドマツ,土流保,None,渡島,112,い,7.29,None,八雲町,None,ダケカンバ,山地災害防止（土砂）,0,140.231351,42.153213
None,他Ｌ,土流保,None,渡島,112,ろ,22.36,None,八雲町,ブナ,ダケカンバ,自然維持,0,140.233221,42.151547
None,ブナ,土流保,None,渡島,77,ろ,17.06,None,八雲町,ダケカンバ,他Ｌ,自然維持,0,140.243104,42.142418
None,None,土流保,None,渡島,77,イ,34.66,None,八雲町,None,None,自然維持,0,140.24057,42.145964
None,ブナ,土流保,None,渡島,76,ろ,31.25,None,八雲町,イタヤカエデ,他Ｌ,山地災害防止（土砂）,0,140.246641,42.133762
None,None,土流保,None,渡島,76,イ,13.88,None,八雲町,None,None,自然維持,0,140.238554,42.13926
None,他Ｌ,土流保,None,渡島,76,は,13.38,None,八雲町,ブナ,ダケカンバ,自然維持,0,140.241028,42.137183
None,他Ｌ,土流保,None,渡島,118,い,45.43,None,八雲町,ブナ,ダケカンバ,自然維持,0,140.2316,42.142042
None,None,土流保,None,渡島,75,イ,11.25,None,八雲町,None,None,自然維持,0,140.238598,42.135941
None,他Ｌ,土流保,None,渡島,111,わ,40.79,None,八雲町,イタヤカエデ,ダケカンバ,山地災害防止（土砂）,0,140.230496,42.156804
None,トドマツ,土流保,None,渡島,113,に,8.63,None,八雲町,None,ダケカンバ,山地災害防止（土砂）,0,140.229215,42.156138
None,ブナ,土流保,None,渡島,113,る,5.13,None,八雲町,ダケカンバ,他Ｌ,自然維持,0,140.224903,42.155892
None,他Ｌ,土流保,None,渡島,115,り,6.63,None,八雲町,イタヤカエデ,ダケカンバ,自然維持,0,140.224254,42.154838
None,ブナ,土流保,None,渡島,116,ろ,71.64,None,八雲町,ダケカンバ,他Ｌ,自然維持,0,140.229719,42.148358
None,ブナ,土流保,None,渡島,116,い,19.86,None,八雲町,シナノキ,他Ｌ,山地災害防止（土砂）,0,140.22486,42.150651
None,ブナ,土流保,None,渡島,115,と,26.25,None,八雲町,ニレ,他Ｌ,山地災害防止（土砂）,0,140.221962,42.154103
None,ブナ,土流保,None,渡島,115,へ,4.52,None,八雲町,イタヤカエデ,他Ｌ,山地災害防止（土砂）,0,140.219965,42.156241
None,トドマツ,土流保,None,渡島,115,に,2.59,None,八雲町,None,None,山地災害防止（土砂）,0,140.218759,42.155067
None,トドマツ,土流保,None,渡島,115,ほ,0.83,None,八雲町,None,None,山地災害防止（土砂）,0,140.218582,42.153873
None,他Ｌ,土流保,None,渡島,115,ち,18.53,None,八雲町,ダケカンバ,ブナ,山地災害防止（土砂）,0,140.217976,42.151152
None,他Ｌ,土流保,None,渡島,115,ぬ,1.84,None,八雲町,シナノキ,ダケカンバ,自然維持,0,140.219402,42.149241
None,他Ｌ,土流保,None,渡島,117,は,38.96,None,八雲町,ブナ,ダケカンバ,自然維持,0,140.222837,42.144931
None,他Ｌ,土流保,None,渡島,119,ろ,33.0,None,八雲町,イタヤカエデ,ダケカンバ,自然維持,0,140.229492,42.137348
None,ブナ,土流保,None,渡島,119,い,27.63,None,八雲町,イタヤカエデ,他Ｌ,山地災害防止（土砂）,0,140.223874,42.139518
None,ブナ,土流保,None,渡島,117,ろ,31.63,None,八雲町,ハンノキ,他Ｌ,山地災害防止（土砂）,0,140.218013,42.144768
None,他Ｌ,土流保,None,渡島,120,ろ,39.52,None,八雲町,イタヤカエデ,ブナ,山地災害防止（土砂）,0,140.221044,42.137654
None,他Ｌ,土流保,None,渡島,120,い,5.4,None,八雲町,イタヤカエデ,ブナ,山地災害防止（土砂）,0,140.219046,42.138267
None,他Ｌ,土流保,None,渡島,120,ろ,39.52,None,八雲町,イタヤカエデ,ブナ,山地災害防止（土砂）,0,140.216682,42.135891
None,ブナ,土流保,None,渡島,150,と,21.19,None,八雲町,他Ｌ,ダケカンバ,山地災害防止（土砂）,0,140.214935,42.177652
None,トドマツ,土流保,None,渡島,149,は,3.6,None,八雲町,None,None,山地災害防止（土砂）,0,140.214509,42.177199
None,他Ｌ,土流保,None,渡島,149,ち,6.62,None,八雲町,ハンノキ,ブナ,山地災害防止（土砂）,0,140.21491,42.177073
None,None,土流保,None,渡島,149,ロ,1.24,None,八雲町,None,None,山地災害防止（土砂）,0,140.214513,42.176826
None,他Ｌ,土流保,None,渡島,149,り,19.27,None,八雲町,ハンノキ,ブナ,山地災害防止（土砂）,0,140.214004,42.176514
None,他Ｌ,土流保,None,渡島,147,ち,43.37,None,八雲町,ダケカンバ,シナノキ,山地災害防止（土砂）,0,140.213455,42.176549
None,他Ｌ,土流保,None,渡島,147,ち,43.37,None,八雲町,ダケカンバ,シナノキ,山地災害防止（土砂）,0,140.213365,42.176774
None,トドマツ,土流保,None,渡島,147,い,3.8,None,八雲町,None,None,山地災害防止（土砂）,0,140.212176,42.177646
None,None,土流保,None,渡島,147,ハ,0.44,None,八雲町,None,None,山地災害防止（土砂）,0,140.209023,42.178287
None,トドマツ,土流保,None,渡島,147,い,3.8,None,八雲町,None,None,山地災害防止（土砂）,0,140.212986,42.176294
None,トドマツ,土流保,None,渡島,147,ろ,4.1,None,八雲町,None,None,山地災害防止（土砂）,0,140.211151,42.176297
None,トドマツ,土流保,None,渡島,147,は,1.74,None,八雲町,None,None,山地災害防止（土砂）,0,140.209655,42.175882
None,トドマツ,土流保,None,渡島,147,ほ,2.79,None,八雲町,None,ダケカンバ,山地災害防止（土砂）,0,140.209112,42.177595
None,トドマツ,土流保,None,渡島,147,に,0.85,None,八雲町,None,None,山地災害防止（土砂）,0,140.208735,42.17607
None,他Ｌ,土流保,None,渡島,146,ほ,0.52,None,八雲町,None,None,山地災害防止（土砂）,0,140.210361,42.175146
None,トドマツ,土流保,None,渡島,146,い,2.94,None,八雲町,None,None,山地災害防止（土砂）,0,140.211596,42.174492
None,カラマツ,土流保,None,渡島,146,ろ,2.24,None,八雲町,None,ダケカンバ,山地災害防止（土砂）,0,140.209737,42.173898
None,他Ｌ,土流保,None,渡島,147,ち,43.37,None,八雲町,ダケカンバ,シナノキ,山地災害防止（土砂）,0,140.208804,42.175407
None,カラマツ,土流保,None,渡島,145,ろ,2.93,None,八雲町,None,ダケカンバ,山地災害防止（土砂）,0,140.211419,42.17016
None,ブナ,土流保,None,渡島,145,ち,26.96,None,八雲町,他Ｌ,イタヤカエデ,山地災害防止（土砂）,0,140.21013,42.16516
None,ダケカンバ,土流保,None,渡島,146,と,1.28,None,八雲町,イタヤカエデ,ブナ,山地災害防止（土砂）,0,140.211411,42.172496
None,カラマツ,土流保,None,渡島,146,は,3.38,None,八雲町,None,ダケカンバ,山地災害防止（土砂）,0,140.209304,42.172554
None,他Ｌ,土流保,None,渡島,145,と,3.22,None,八雲町,None,ブナ,山地災害防止（土砂）,0,140.210894,42.171401
None,カラマツ,土流保,None,渡島,146,に,0.34,None,八雲町,None,ダケカンバ,山地災害防止（土砂）,0,140.208661,42.171684
None,カラマツ,土流保,None,渡島,145,は,5.51,None,八雲町,None,ダケカンバ,山地災害防止（土砂）,0,140.207865,42.17099
None,カラマツ,土流保,None,渡島,145,い,4.09,None,八雲町,None,ダケカンバ,山地災害防止（土砂）,0,140.211617,42.168586
None,トドマツ,土流保,None,渡島,145,ほ,0.38,None,八雲町,None,ダケカンバ,山地災害防止（土砂）,0,140.209741,42.168449
None,カラマツ,土流保,None,渡島,145,ろ,2.93,None,八雲町,None,ダケカンバ,山地災害防止（土砂）,0,140.209626,42.167843
None,トドマツ,土流保,None,渡島,147,へ,7.95,None,八雲町,None,None,山地災害防止（土砂）,0,140.206471,42.176271
None,他Ｌ,土流保,None,渡島,148,に,11.3,None,八雲町,イタヤカエデ,ブナ,山地災害防止（土砂）,0,140.205231,42.178164
None,他Ｌ,土流保,None,渡島,147,り,3.11,None,八雲町,ダケカンバ,シナノキ,山地災害防止（土砂）,0,140.205088,42.174745
None,None,土流保,None,渡島,146,イ,6.62,None,八雲町,None,None,山地災害防止（土砂）,0,140.203153,42.173634
None,トドマツ,土流保,None,渡島,147,と,2.56,None,八雲町,None,None,山地災害防止（土砂）,0,140.20347,42.175898
None,ブナ,土流保,None,渡島,146,へ,45.91,None,八雲町,他Ｌ,ダケカンバ,山地災害防止（土砂）,0,140.194565,42.172207
None,カラマツ,土流保,None,渡島,145,に,11.94,None,八雲町,None,ダケカンバ,山地災害防止（土砂）,0,140.207536,42.16876
None,None,土流保,None,渡島,146,イ,6.62,None,八雲町,None,None,山地災害防止（土砂）,0,140.203521,42.171709
None,ブナ,土流保,None,渡島,145,ち,26.96,None,八雲町,他Ｌ,イタヤカエデ,山地災害防止（土砂）,0,140.20249,42.169093
None,他Ｌ,土流保,None,渡島,114,ぬ,19.81,None,八雲町,ダケカンバ,ブナ,山地災害防止（土砂）,0,140.214018,42.166727
None,トドマツ,土流保,None,渡島,114,い,3.17,None,八雲町,None,None,山地災害防止（土砂）,0,140.215511,42.16555
None,None,土流保,None,渡島,114,イ,3.88,None,八雲町,None,None,山地災害防止（土砂）,0,140.211667,42.164155
None,トドマツ,土流保,None,渡島,145,へ,4.28,None,八雲町,None,None,山地災害防止（土砂）,0,140.210715,42.16704
None,カラマツ,土流保,None,渡島,114,は,9.8,None,八雲町,None,ダケカンバ,山地災害防止（土砂）,0,140.213937,42.161308
None,トドマツ,土流保,None,渡島,114,り,2.2,None,八雲町,None,None,山地災害防止（土砂）,0,140.213647,42.15918
None,トドマツ,土流保,None,渡島,115,い,6.79,None,八雲町,None,None,山地災害防止（土砂）,0,140.212235,42.15843
None,ブナ,土流保,None,渡島,115,と,26.25,None,八雲町,ニレ,他Ｌ,山地災害防止（土砂）,0,140.210408,42.16041
None,None,土流保,None,渡島,143,イ,9.0,None,八雲町,None,None,山地災害防止（土砂）,0,140.203686,42.164998
None,ブナ,土流保,None,渡島,143,い,46.19,None,八雲町,ニレ,他Ｌ,山地災害防止（土砂）,0,140.206081,42.163492
None,ブナ,土流保,None,渡島,142,い,56.5,None,八雲町,None,他Ｌ,山地災害防止（土砂）,0,140.204221,42.159089
None,他Ｌ,土流保,None,渡島,147,ち,43.37,None,八雲町,ダケカンバ,シナノキ,山地災害防止（土砂）,0,140.197628,42.17669
None,ブナ,土流保,None,渡島,151,わ,1.83,None,八雲町,他Ｌ,イタヤカエデ,山地災害防止（土砂）,0,140.195239,42.178311
None,None,土流保,None,渡島,147,ロ,0.27,None,八雲町,None,None,山地災害防止（土砂）,0,140.194471,42.177345
None,ブナ,土流保,None,渡島,151,わ,1.83,None,八雲町,他Ｌ,イタヤカエデ,山地災害防止（土砂）,0,140.194351,42.176704
None,ブナ,土流保,None,渡島,151,わ,1.83,None,八雲町,他Ｌ,イタヤカエデ,山地災害防止（土砂）,0,140.193585,42.176194
None,トドマツ,土流保,None,渡島,151,ち,4.89,None,八雲町,None,ダケカンバ,山地災害防止（土砂）,0,140.193526,42.177654
None,None,土流保,None,渡島,147,ロ,0.27,None,八雲町,None,None,山地災害防止（土砂）,0,140.193469,42.175214
None,他Ｌ,土流保,None,渡島,147,ち,43.37,None,八雲町,ダケカンバ,シナノキ,山地災害防止（土砂）,0,140.193073,42.174906
None,他Ｌ,土流保,None,渡島,152,は,1.27,None,八雲町,None,None,山地災害防止（土砂）,0,140.191682,42.175206
None,ダケカンバ,土流保,None,渡島,152,ち,37.39,None,八雲町,他Ｌ,ブナ,山地災害防止（土砂）,0,140.19004,42.176274
None,他Ｌ,土流保,None,渡島,152,に,2.98,None,八雲町,None,None,山地災害防止（土砂）,0,140.188556,42.173481
None,トドマツ,土流保,None,渡島,154,ろ,1.9,None,八雲町,None,None,山地災害防止（土砂）,0,140.18415,42.176694
None,カラマツ,土流保,None,渡島,152,い,9.03,None,八雲町,None,ダケカンバ,山地災害防止（土砂）,0,140.1875,42.175671
None,トドマツ,土流保,None,渡島,153,い,1.3,None,八雲町,None,None,山地災害防止（土砂）,0,140.184218,42.174095
None,他Ｌ,土流保,None,渡島,152,ほ,1.51,None,八雲町,None,None,山地災害防止（土砂）,0,140.19061,42.17162
None,他Ｌ,土流保,None,渡島,152,へ,3.44,None,八雲町,None,None,山地災害防止（土砂）,0,140.188375,42.171235
None,ダケカンバ,土流保,None,渡島,152,ち,37.39,None,八雲町,他Ｌ,ブナ,山地災害防止（土砂）,0,140.189192,42.167581
None,トドマツ,土流保,None,渡島,152,ろ,3.18,None,八雲町,None,None,山地災害防止（土砂）,0,140.186343,42.172088
None,他Ｌ,土流保,None,渡島,152,と,5.98,None,八雲町,None,None,山地災害防止（土砂）,0,140.187566,42.169037
None,トドマツ,土流保,None,渡島,153,ろ,2.01,None,八雲町,None,None,山地災害防止（土砂）,0,140.183962,42.17025
None,None,土流保,None,渡島,144,イ,1.5,None,八雲町,None,None,山地災害防止（土砂）,0,140.196889,42.165657
None,ブナ,土流保,None,渡島,144,い,61.1,None,八雲町,イタヤカエデ,他Ｌ,山地災害防止（土砂）,0,140.192882,42.165423
None,None,土流保,None,渡島,142,イ,17.5,None,八雲町,None,None,山地災害防止（土砂）,0,140.198448,42.160165
None,ブナ,土流保,None,渡島,137,い,30.08,None,八雲町,None,他Ｌ,山地災害防止（土砂）,0,140.193936,42.157585
None,ダケカンバ,土流保,None,渡島,152,り,5.93,None,八雲町,ブナ,他Ｌ,山地災害防止（土砂）,0,140.188303,42.167145
None,ダケカンバ,土流保,None,渡島,152,り,5.93,None,八雲町,ブナ,他Ｌ,山地災害防止（土砂）,0,140.185168,42.16741
None,None,土流保,None,渡島,141,イ,0.01,None,八雲町,None,None,自然維持,0,140.184717,42.166146
None,ダケカンバ,土流保,None,渡島,152,り,5.93,None,八雲町,ブナ,他Ｌ,山地災害防止（土砂）,0,140.184266,42.165895
None,ブナ,土流保,None,渡島,141,い,45.66,None,八雲町,他Ｌ,イタヤカエデ,山地災害防止（土砂）,0,140.186896,42.161835
None,None,土流保,None,渡島,115,イ,6.22,None,八雲町,None,None,山地災害防止（土砂）,0,140.216392,42.153981
None,None,土流保,None,渡島,127,イ,4.13,None,八雲町,None,None,山地災害防止（土砂）,0,140.210205,42.157603
None,ブナ,土流保,None,渡島,127,い,4.81,None,八雲町,他Ｌ,イタヤカエデ,山地災害防止（土砂）,0,140.212228,42.155276
None,ブナ,土流保,None,渡島,117,い,29.17,None,八雲町,他Ｌ,イタヤカエデ,山地災害防止（土砂）,0,140.213605,42.149629
None,None,土流保,None,渡島,117,イ,2.5,None,八雲町,None,None,山地災害防止（土砂）,0,140.213747,42.146323
None,ブナ,土流保,None,渡島,127,ろ,61.01,None,八雲町,他Ｌ,イタヤカエデ,山地災害防止（土砂）,0,140.207945,42.147764
None,ブナ,土流保,None,渡島,128,い,58.84,None,八雲町,他Ｌ,イタヤカエデ,山地災害防止（土砂）,0,140.200028,42.151818
None,他Ｌ,土流保,None,渡島,128,ろ,21.19,None,八雲町,ダケカンバ,ブナ,自然維持,0,140.202342,42.149004
None,他Ｌ,土流保,None,渡島,127,は,6.44,None,八雲町,ブナ,ダケカンバ,自然維持,0,140.202958,42.145888
None,None,土流保,None,渡島,119,イ,6.25,None,八雲町,None,None,山地災害防止（土砂）,0,140.216472,42.140618
None,他Ｌ,土流保,None,渡島,125,い,31.58,None,八雲町,イタヤカエデ,ブナ,山地災害防止（土砂）,0,140.21183,42.141743
None,他Ｌ,土流保,None,渡島,125,い,31.58,None,八雲町,イタヤカエデ,ブナ,山地災害防止（土砂）,0,140.213336,42.137401
None,None,土流保,None,渡島,125,イ,4.63,None,八雲町,None,None,山地災害防止（土砂）,0,140.211883,42.13968
None,ブナ,土流保,None,渡島,126,い,53.19,None,八雲町,イタヤカエデ,他Ｌ,山地災害防止（土砂）,0,140.206805,42.140165
None,None,土流保,None,渡島,136,イ,3.81,None,八雲町,None,None,山地災害防止（土砂）,0,140.197633,42.154711
None,ブナ,土流保,None,渡島,136,ろ,37.81,None,八雲町,他Ｌ,ダケカンバ,自然維持,0,140.187395,42.151403
None,ブナ,土流保,None,渡島,137,ろ,23.09,None,八雲町,他Ｌ,ダケカンバ,自然維持,0,140.184424,42.153896
None,ブナ,土流保,None,渡島,136,い,30.17,None,八雲町,None,他Ｌ,山地災害防止（土砂）,0,140.190742,42.149487
None,ブナ,土流保,None,渡島,131,い,34.86,None,八雲町,ダケカンバ,他Ｌ,山地災害防止（土砂）,0,140.189453,42.144119
None,ブナ,土流保,None,渡島,129,い,25.39,None,八雲町,イタヤカエデ,他Ｌ,山地災害防止（土砂）,0,140.197317,42.147109
None,シナノキ,土流保,None,渡島,129,ろ,41.47,None,八雲町,ブナ,他Ｌ,自然維持,0,140.200124,42.142128
None,ブナ,土流保,None,渡島,130,い,17.23,None,八雲町,None,他Ｌ,山地災害防止（土砂）,0,140.193981,42.144266
None,ブナ,土流保,None,渡島,131,ろ,12.81,None,八雲町,ダケカンバ,他Ｌ,自然維持,0,140.190695,42.141295
None,ブナ,土流保,None,渡島,135,い,6.77,None,八雲町,他Ｌ,イタヤカエデ,山地災害防止（土砂）,0,140.187426,42.146152
None,ブナ,土流保,None,渡島,133,い,17.04,None,八雲町,ダケカンバ,他Ｌ,山地災害防止（土砂）,0,140.185179,42.140967
None,他Ｌ,土流保,None,渡島,220,は,42.8,None,八雲町,ダケカンバ,ブナ,山地災害防止（土砂）,0,140.168935,42.220219
None,ブナ,土流保,None,渡島,160,は,5.51,None,八雲町,イタヤカエデ,他Ｌ,山地災害防止（土砂）,0,140.170186,42.211723
None,ブナ,土流保,None,渡島,161,と,35.69,None,八雲町,他Ｌ,ダケカンバ,山地災害防止（土砂）,0,140.168368,42.212797
None,イタヤカエデ,土流保,None,渡島,159,り,10.12,None,八雲町,他Ｎ,他Ｌ,山地災害防止（土砂）,0,140.181416,42.205857
None,ダケカンバ,土流保,None,渡島,160,い,3.9,None,八雲町,None,カラマツ,山地災害防止（土砂）,0,140.179039,42.207714
None,トドマツ,土流保,None,渡島,160,ろ,3.71,None,八雲町,None,None,山地災害防止（土砂）,0,140.178648,42.206224
None,トドマツ,土流保,None,渡島,159,に,0.47,None,八雲町,None,ダケカンバ,山地災害防止（土砂）,0,140.183213,42.205092
None,トドマツ,土流保,None,渡島,159,へ,1.27,None,八雲町,None,ダケカンバ,山地災害防止（土砂）,0,140.181629,42.203946
None,ダケカンバ,土流保,None,渡島,159,ぬ,5.34,None,八雲町,他Ｌ,シナノキ,山地災害防止（土砂）,0,140.181465,42.200973
None,ダケカンバ,土流保,None,渡島,159,は,8.09,None,八雲町,None,トドマツ,山地災害防止（土砂）,0,140.179847,42.202155
None,トドマツ,土流保,None,渡島,159,ほ,1.34,None,八雲町,None,ダケカンバ,山地災害防止（土砂）,0,140.177932,42.201983
None,イタヤカエデ,土流保,None,渡島,159,わ,7.84,None,八雲町,他Ｌ,ダケカンバ,山地災害防止（土砂）,0,140.176875,42.198084
None,ブナ,土流保,None,渡島,160,ほ,46.31,None,八雲町,イタヤカエデ,他Ｌ,山地災害防止（土砂）,0,140.173438,42.210369
None,None,土流保,None,渡島,160,イ,6.18,None,八雲町,None,None,山地災害防止（土砂）,0,140.174821,42.207872
None,ブナ,土流保,None,渡島,160,に,9.05,None,八雲町,他Ｌ,イタヤカエデ,山地災害防止（土砂）,0,140.170339,42.209644
None,ブナ,土流保,None,渡島,161,と,35.69,None,八雲町,他Ｌ,ダケカンバ,山地災害防止（土砂）,0,140.172207,42.204788
None,ブナ,土流保,None,渡島,160,ほ,46.31,None,八雲町,イタヤカエデ,他Ｌ,山地災害防止（土砂）,0,140.175277,42.20411
None,トドマツ,土流保,None,渡島,162,へ,9.09,None,八雲町,None,None,山地災害防止（土砂）,0,140.172464,42.203329
None,ダケカンバ,土流保,None,渡島,159,る,1.42,None,八雲町,None,トドマツ,山地災害防止（土砂）,0,140.176357,42.200884
None,ブナ,土流保,None,渡島,162,る,5.6,None,八雲町,イタヤカエデ,他Ｌ,山地災害防止（土砂）,0,140.173594,42.200075
None,None,土流保,None,渡島,162,ロ,0.98,None,八雲町,None,None,山地災害防止（土砂）,0,140.17289,42.202471
None,トドマツ,土流保,None,渡島,161,ほ,5.25,None,八雲町,None,None,山地災害防止（土砂）,0,140.171701,42.204166
None,トドマツ,土流保,None,渡島,162,ほ,0.2,None,八雲町,None,None,山地災害防止（土砂）,0,140.171295,42.203491
None,None,土流保,None,渡島,161,イ,0.5,None,八雲町,None,None,山地災害防止（土砂）,0,140.168868,42.207425
None,トドマツ,土流保,None,渡島,162,ほ,0.2,None,八雲町,None,None,山地災害防止（土砂）,0,140.170502,42.202957
None,トドマツ,土流保,None,渡島,161,ほ,5.25,None,八雲町,None,None,山地災害防止（土砂）,0,140.170084,42.204206
None,トドマツ,土流保,None,渡島,162,へ,9.09,None,八雲町,None,None,山地災害防止（土砂）,0,140.171785,42.20194
None,ブナ,土流保,None,渡島,162,か,30.92,None,八雲町,他Ｌ,イタヤカエデ,山地災害防止（土砂）,0,140.1689,42.201941
None,トドマツ,土流保,None,渡島,162,り,1.18,None,八雲町,None,None,山地災害防止（土砂）,0,140.169346,42.200212
None,None,土流保,None,渡島,220,イ,0.65,None,八雲町,None,None,山地災害防止（土砂）,1,140.167746,42.220176
None,トドマツ,土流保,None,渡島,221,い,1.14,None,八雲町,None,カラマツ,山地災害防止（土砂）,0,140.163499,42.221277
None,カラマツ,土流保,None,渡島,220,い,2.9,None,八雲町,None,他Ｌ,山地災害防止（土砂）,0,140.165272,42.217855
None,トドマツ,土流保,None,渡島,161,へ,0.79,None,八雲町,None,None,山地災害防止（土砂）,0,140.166726,42.213509
None,トドマツ,土流保,None,渡島,161,い,4.68,None,八雲町,None,None,山地災害防止（土砂）,0,140.167307,42.211617
None,ブナ,土流保,None,渡島,161,と,35.69,None,八雲町,他Ｌ,ダケカンバ,山地災害防止（土砂）,0,140.165231,42.211361
None,ダケカンバ,土流保,None,渡島,219,ぬ,50.63,None,八雲町,ブナ,他Ｌ,山地災害防止（土砂）,0,140.161071,42.213957
None,他Ｌ,土流保,None,渡島,220,は,42.8,None,八雲町,ダケカンバ,ブナ,山地災害防止（土砂）,0,140.163049,42.217108
None,他Ｌ,土流保,None,渡島,221,か,2.31,None,八雲町,イタヤカエデ,ブナ,山地災害防止（土砂）,0,140.158425,42.221332
None,None,土流保,None,渡島,220,ロ,6.4,None,八雲町,None,None,山地災害防止（土砂）,0,140.158851,42.217817
None,他Ｌ,土流保,None,渡島,220,に,16.72,None,八雲町,イタヤカエデ,ブナ,山地災害防止（土砂）,0,140.156162,42.216706
None,他Ｌ,土流保,None,渡島,220,ろ,9.5,None,八雲町,ミズナラ,ブナ,山地災害防止（土砂）,0,140.152695,42.220207
None,トドマツ,土流保,None,渡島,219,り,0.95,None,八雲町,None,他Ｌ,山地災害防止（土砂）,0,140.15886,42.214834
None,アカマツ,土流保,None,渡島,219,と,1.77,None,八雲町,ダケカンバ,他Ｌ,山地災害防止（土砂）,0,140.160218,42.214062
None,トドマツ,土流保,None,渡島,219,へ,1.09,None,八雲町,None,None,山地災害防止（土砂）,0,140.157019,42.215316
None,トドマツ,土流保,None,渡島,219,ほ,4.05,None,八雲町,None,トドマツ,山地災害防止（土砂）,0,140.155963,42.214977
None,ダケカンバ,土流保,None,渡島,219,ぬ,50.63,None,八雲町,ブナ,他Ｌ,山地災害防止（土砂）,0,140.157446,42.213279
None,トドマツ,土流保,None,渡島,219,ち,1.32,None,八雲町,None,None,山地災害防止（土砂）,0,140.156471,42.212359
None,トドマツ,土流保,None,渡島,219,に,3.86,None,八雲町,None,トドマツ,山地災害防止（土砂）,0,140.155044,42.212595
None,None,土流保,None,渡島,161,イ,0.5,None,八雲町,None,None,山地災害防止（土砂）,0,140.167639,42.209204
None,トドマツ,土流保,None,渡島,161,ろ,5.3,None,八雲町,None,None,山地災害防止（土砂）,0,140.165024,42.209899
None,ブナ,土流保,None,渡島,161,と,35.69,None,八雲町,他Ｌ,ダケカンバ,山地災害防止（土砂）,0,140.16716,42.206887
None,カラマツ,土流保,None,渡島,162,に,8.03,None,八雲町,None,ダケカンバ,山地災害防止（土砂）,0,140.16487,42.205282
None,カラマツ,土流保,None,渡島,161,に,0.8,None,八雲町,None,ダケカンバ,山地災害防止（土砂）,0,140.163791,42.207948
None,カラマツ,土流保,None,渡島,161,は,1.83,None,八雲町,None,他Ｌ,山地災害防止（土砂）,0,140.162908,42.208682
None,ブナ,土流保,None,渡島,162,る,5.6,None,八雲町,イタヤカエデ,他Ｌ,山地災害防止（土砂）,0,140.16172,42.20832
None,トドマツ,土流保,None,渡島,162,い,3.15,None,八雲町,None,他Ｌ,山地災害防止（土砂）,0,140.160774,42.208167
None,ブナ,土流保,None,渡島,162,る,5.6,None,八雲町,イタヤカエデ,他Ｌ,山地災害防止（土砂）,0,140.161979,42.20721
None,トドマツ,土流保,None,渡島,162,ろ,0.72,None,八雲町,None,None,山地災害防止（土砂）,0,140.161978,42.206856
None,ブナ,土流保,None,渡島,163,へ,2.43,None,八雲町,None,None,山地災害防止（土砂）,0,140.168101,42.199953
None,トドマツ,土流保,None,渡島,162,ぬ,9.09,None,八雲町,エゾマツ,他Ｎ,山地災害防止（土砂）,0,140.164382,42.201576
None,ブナ,土流保,None,渡島,162,か,30.92,None,八雲町,他Ｌ,イタヤカエデ,山地災害防止（土砂）,0,140.161421,42.20285
None,カラマツ,土流保,None,渡島,162,は,7.95,None,八雲町,None,他Ｌ,山地災害防止（土砂）,0,140.158696,42.206443
None,None,None,None,渡島,162,ハ,0.66,None,八雲町,None,None,山地災害防止（土砂）,0,140.155783,42.208055
None,ダケカンバ,土流保,None,渡島,158,る,0.49,None,八雲町,None,None,山地災害防止（土砂）,0,140.18297,42.199128
None,トドマツ,土流保,None,渡島,158,へ,0.84,None,八雲町,None,None,山地災害防止（土砂）,0,140.183252,42.197129
None,トドマツ,土流保,None,渡島,158,と,0.6,None,八雲町,None,None,山地災害防止（土砂）,0,140.181908,42.197584
None,他Ｌ,土流保,None,渡島,158,ぬ,15.99,None,八雲町,ダケカンバ,ブナ,山地災害防止（土砂）,0,140.18088,42.196486
None,トドマツ,土流保,None,渡島,159,と,11.39,None,八雲町,None,None,山地災害防止（土砂）,0,140.179379,42.198532
None,トドマツ,土流保,None,渡島,158,ち,0.41,None,八雲町,None,None,山地災害防止（土砂）,0,140.180084,42.197331
None,イタヤカエデ,土流保,None,渡島,159,わ,7.84,None,八雲町,他Ｌ,ダケカンバ,山地災害防止（土砂）,0,140.178196,42.195038
None,イタヤカエデ,土流保,None,渡島,159,わ,7.84,None,八雲町,他Ｌ,ダケカンバ,山地災害防止（土砂）,0,140.176458,42.196975
None,トドマツ,土流保,None,渡島,162,わ,1.3,None,八雲町,None,None,山地災害防止（土砂）,0,140.176558,42.19586
None,トドマツ,土流保,None,渡島,162,ち,3.55,None,八雲町,None,None,山地災害防止（土砂）,0,140.177271,42.195348
None,None,土流保,None,渡島,164,ハ,0.25,None,八雲町,None,None,山地災害防止（土砂）,0,140.177302,42.194766
None,トドマツ,土流保,None,渡島,164,に,7.79,None,八雲町,None,None,山地災害防止（土砂）,0,140.177668,42.194808
None,トドマツ,土流保,None,渡島,162,わ,1.3,None,八雲町,None,None,山地災害防止（土砂）,0,140.176694,42.195104
None,None,土流保,None,渡島,162,ロ,0.98,None,八雲町,None,None,山地災害防止（土砂）,0,140.176827,42.195639
None,トドマツ,土流保,None,渡島,162,わ,1.3,None,八雲町,None,None,山地災害防止（土砂）,0,140.176501,42.194956
None,ダケカンバ,土流保,None,渡島,156,る,14.61,None,八雲町,None,他Ｌ,山地災害防止（土砂）,0,140.183705,42.194189
None,トドマツ,土流保,None,渡島,156,り,1.04,None,八雲町,None,None,山地災害防止（土砂）,0,140.183609,42.194158
None,None,土流保,None,渡島,156,ロ,0.44,None,八雲町,None,None,山地災害防止（土砂）,0,140.183766,42.194124
None,ダケカンバ,土流保,None,渡島,156,る,14.61,None,八雲町,None,他Ｌ,山地災害防止（土砂）,0,140.183819,42.194074
None,トドマツ,土流保,None,渡島,158,に,8.5,None,八雲町,None,None,山地災害防止（土砂）,0,140.183234,42.193978
None,None,土流保,None,渡島,158,イ,1.33,None,八雲町,None,None,山地災害防止（土砂）,0,140.18324,42.194042
None,None,土流保,None,渡島,156,ロ,0.44,None,八雲町,None,None,山地災害防止（土砂）,0,140.183194,42.1939
None,トドマツ,土流保,None,渡島,156,り,1.04,None,八雲町,None,None,山地災害防止（土砂）,0,140.183421,42.193913
None,トドマツ,土流保,None,渡島,156,り,1.04,None,八雲町,None,None,山地災害防止（土砂）,0,140.182975,42.193617
None,トドマツ,土流保,None,渡島,158,に,8.5,None,八雲町,None,None,山地災害防止（土砂）,0,140.180866,42.194341
None,None,土流保,None,渡島,158,イ,1.33,None,八雲町,None,None,山地災害防止（土砂）,0,140.181821,42.193578
None,トドマツ,土流保,None,渡島,156,り,1.04,None,八雲町,None,None,山地災害防止（土砂）,0,140.181576,42.193012
None,他Ｌ,土流保,None,渡島,156,よ,5.0,None,八雲町,ブナ,ウダイカンバ,山地災害防止（土砂）,0,140.180895,42.191986
None,トドマツ,土流保,None,渡島,158,に,8.5,None,八雲町,None,None,山地災害防止（土砂）,0,140.180391,42.192893
None,ダケカンバ,土流保,None,渡島,156,れ,7.55,None,八雲町,None,他Ｌ,山地災害防止（土砂）,0,140.183933,42.191792
None,トドマツ,土流保,None,渡島,156,ち,2.06,None,八雲町,None,None,山地災害防止（土砂）,0,140.18279,42.190935
None,トドマツ,土流保,None,渡島,156,と,4.11,None,八雲町,None,None,山地災害防止（土砂）,0,140.182536,42.189484
None,他Ｌ,土流保,None,渡島,158,わ,2.03,None,八雲町,ダケカンバ,ブナ,山地災害防止（土砂）,0,140.179685,42.193622
None,他Ｌ,土流保,None,渡島,158,わ,2.03,None,八雲町,ダケカンバ,ブナ,山地災害防止（土砂）,0,140.179642,42.192811
None,トドマツ,土流保,None,渡島,164,ほ,7.25,None,八雲町,None,ダケカンバ,山地災害防止（土砂）,0,140.177631,42.192511
None,他Ｌ,土流保,None,渡島,157,り,3.81,None,八雲町,ウダイカンバ,ブナ,山地災害防止（土砂）,0,140.179056,42.191315
None,トドマツ,土流保,None,渡島,159,よ,2.47,None,八雲町,None,ダケカンバ,山地災害防止（土砂）,0,140.175402,42.19898
None,トドマツ,土流保,None,渡島,159,か,0.48,None,八雲町,None,None,山地災害防止（土砂）,0,140.175651,42.197805
None,トドマツ,土流保,None,渡島,159,か,0.48,None,八雲町,None,None,山地災害防止（土砂）,0,140.176088,42.197178
None,None,土流保,None,渡島,159,イ,0.32,None,八雲町,None,None,山地災害防止（土砂）,0,140.17524,42.197806
None,イタヤカエデ,土流保,None,渡島,159,わ,7.84,None,八雲町,他Ｌ,ダケカンバ,山地災害防止（土砂）,0,140.175391,42.197597
None,ブナ,土流保,None,渡島,162,る,5.6,None,八雲町,イタヤカエデ,他Ｌ,山地災害防止（土砂）,0,140.173744,42.198903
None,トドマツ,土流保,None,渡島,162,と,3.16,None,八雲町,None,None,山地災害防止（土砂）,0,140.172787,42.198647
None,トドマツ,土流保,None,渡島,162,ち,3.55,None,八雲町,None,None,山地災害防止（土砂）,0,140.175589,42.19618
None,None,土流保,None,渡島,164,ハ,0.25,None,八雲町,None,None,山地災害防止（土砂）,0,140.176186,42.195063
None,トドマツ,土流保,None,渡島,164,に,7.79,None,八雲町,None,None,山地災害防止（土砂）,0,140.174279,42.195788
None,トドマツ,土流保,None,渡島,163,ろ,0.45,None,八雲町,None,None,山地災害防止（土砂）,0,140.173813,42.195924
None,トドマツ,土流保,None,渡島,163,ほ,9.12,None,八雲町,None,None,山地災害防止（土砂）,0,140.173402,42.196477
None,トドマツ,土流保,None,渡島,164,に,7.79,None,八雲町,None,None,山地災害防止（土砂）,0,140.173097,42.194507
None,トドマツ,土流保,None,渡島,163,ろ,0.45,None,八雲町,None,None,山地災害防止（土砂）,0,140.173421,42.19578
None,None,土流保,None,渡島,163,ロ,0.32,None,八雲町,None,None,山地災害防止（土砂）,0,140.170019,42.199076
None,トドマツ,土流保,None,渡島,163,ほ,9.12,None,八雲町,None,None,山地災害防止（土砂）,0,140.171085,42.196276
None,トドマツ,土流保,None,渡島,164,は,11.06,None,八雲町,None,None,山地災害防止（土砂）,0,140.175131,42.192875
None,トドマツ,土流保,None,渡島,164,へ,2.91,None,八雲町,None,None,山地災害防止（土砂）,0,140.173437,42.19069
None,トドマツ,土流保,None,渡島,164,ち,1.09,None,八雲町,None,None,山地災害防止（土砂）,0,140.174007,42.189288
None,None,土流保,None,渡島,164,ロ,1.24,None,八雲町,None,None,山地災害防止（土砂）,0,140.17228,42.190455
None,トドマツ,土流保,None,渡島,164,と,3.16,None,八雲町,None,ダケカンバ,山地災害防止（土砂）,0,140.171034,42.18996
None,トドマツ,土流保,None,渡島,156,へ,4.79,None,八雲町,None,他Ｌ,山地災害防止（土砂）,0,140.182217,42.187527
None,トドマツ,土流保,None,渡島,157,は,2.88,None,八雲町,None,None,山地災害防止（土砂）,0,140.180361,42.185281
None,トドマツ,土流保,None,渡島,157,い,3.94,None,八雲町,None,None,山地災害防止（土砂）,0,140.1787,42.188066
None,他Ｌ,土流保,None,渡島,157,ぬ,15.0,None,八雲町,イタヤカエデ,ブナ,山地災害防止（土砂）,0,140.176464,42.18795
None,トドマツ,土流保,None,渡島,157,ろ,5.54,None,八雲町,None,None,山地災害防止（土砂）,0,140.178197,42.185904
None,トドマツ,土流保,None,渡島,157,に,4.23,None,八雲町,None,None,山地災害防止（土砂）,0,140.180367,42.182736
None,トドマツ,土流保,None,渡島,157,ほ,2.99,None,八雲町,None,他Ｌ,山地災害防止（土砂）,0,140.178377,42.182472
None,トドマツ,土流保,None,渡島,157,へ,3.15,None,八雲町,None,None,山地災害防止（土砂）,0,140.178019,42.180543
None,ブナ,土流保,None,渡島,157,る,14.12,None,八雲町,イタヤカエデ,他Ｌ,山地災害防止（土砂）,0,140.177742,42.179245
None,トドマツ,土流保,None,渡島,157,ち,1.5,None,八雲町,None,None,山地災害防止（土砂）,0,140.175629,42.18542
None,ブナ,土流保,None,渡島,165,へ,26.55,None,八雲町,他Ｌ,イタヤカエデ,山地災害防止（土砂）,0,140.168149,42.189499
None,ブナ,土流保,None,渡島,166,い,56.2,None,八雲町,他Ｌ,イタヤカエデ,山地災害防止（土砂）,0,140.171238,42.183286
None,トドマツ,土流保,None,渡島,157,と,2.64,None,八雲町,None,None,山地災害防止（土砂）,0,140.175974,42.18206
None,ブナ,土流保,None,渡島,167,と,2.19,None,八雲町,ダケカンバ,他Ｌ,山地災害防止（土砂）,0,140.174251,42.181908
None,トドマツ,土流保,None,渡島,167,に,5.3,None,八雲町,None,None,山地災害防止（土砂）,0,140.173571,42.180848
None,ブナ,土流保,None,渡島,167,と,2.19,None,八雲町,ダケカンバ,他Ｌ,山地災害防止（土砂）,0,140.171732,42.181169
None,トドマツ,土流保,None,渡島,167,は,3.76,None,八雲町,None,None,山地災害防止（土砂）,0,140.170321,42.178708
None,ブナ,土流保,None,渡島,163,と,49.94,None,八雲町,イタヤカエデ,他Ｌ,山地災害防止（土砂）,0,140.165166,42.197181
None,トドマツ,土流保,None,渡島,163,に,0.66,None,八雲町,None,None,山地災害防止（土砂）,0,140.165475,42.194839
None,トドマツ,土流保,None,渡島,163,い,7.17,None,八雲町,None,None,山地災害防止（土砂）,0,140.162848,42.1992
None,トドマツ,土流保,None,渡島,163,は,5.0,None,八雲町,None,None,山地災害防止（土砂）,0,140.160177,42.196435
None,ブナ,土流保,None,渡島,164,り,38.58,None,八雲町,イタヤカエデ,他Ｌ,山地災害防止（土砂）,0,140.168659,42.192485
None,トドマツ,土流保,None,渡島,164,ろ,0.28,None,八雲町,None,None,山地災害防止（土砂）,0,140.165524,42.194401
None,他Ｌ,土流保,None,渡島,165,ほ,4.0,None,八雲町,イタヤカエデ,ブナ,山地災害防止（土砂）,0,140.165294,42.192012
None,他Ｌ,土流保,None,渡島,165,に,5.88,None,八雲町,イタヤカエデ,ブナ,山地災害防止（土砂）,0,140.165528,42.189504
None,ブナ,土流保,None,渡島,165,へ,26.55,None,八雲町,他Ｌ,イタヤカエデ,山地災害防止（土砂）,0,140.163438,42.1933
None,トドマツ,土流保,None,渡島,165,ろ,3.9,None,八雲町,None,ダケカンバ,山地災害防止（土砂）,0,140.163282,42.192612
None,ブナ,土流保,None,渡島,165,へ,26.55,None,八雲町,他Ｌ,イタヤカエデ,山地災害防止（土砂）,0,140.161069,42.193213
None,None,None,None,渡島,163,イ,0.08,None,八雲町,None,None,山地災害防止（土砂）,0,140.157625,42.196434
None,None,None,None,渡島,164,イ,0.04,None,八雲町,None,None,山地災害防止（土砂）,0,140.157603,42.196147
None,ブナ,土流保,None,渡島,163,と,49.94,None,八雲町,イタヤカエデ,他Ｌ,山地災害防止（土砂）,0,140.157503,42.196465
None,トドマツ,土流保,None,渡島,164,い,2.16,None,八雲町,None,None,山地災害防止（土砂）,0,140.157522,42.196319
None,トドマツ,土流保,None,渡島,165,い,0.79,None,八雲町,None,None,山地災害防止（土砂）,0,140.157625,42.19551
None,トドマツ,土流保,None,渡島,165,い,0.79,None,八雲町,None,None,山地災害防止（土砂）,0,140.157912,42.194602
None,トドマツ,土流保,None,渡島,164,い,2.16,None,八雲町,None,None,山地災害防止（土砂）,0,140.159463,42.193842
None,トドマツ,土流保,None,渡島,165,は,1.5,None,八雲町,None,None,山地災害防止（土砂）,0,140.160359,42.19254
None,ブナ,土流保,None,渡島,165,へ,26.55,None,八雲町,他Ｌ,イタヤカエデ,山地災害防止（土砂）,0,140.157696,42.193583
None,None,None,None,渡島,165,イ,0.35,None,八雲町,None,None,山地災害防止（土砂）,0,140.157879,42.194777
None,None,None,None,渡島,166,イ,0.06,None,八雲町,None,None,山地災害防止（土砂）,0,140.159979,42.190576
None,ブナ,土流保,None,渡島,166,い,56.2,None,八雲町,他Ｌ,イタヤカエデ,山地災害防止（土砂）,0,140.159912,42.190952
None,ブナ,土流保,None,渡島,173,ろ,40.66,None,八雲町,イタヤカエデ,他Ｌ,山地災害防止（土砂）,0,140.160249,42.190349
None,None,None,None,渡島,173,ロ,0.04,None,八雲町,None,None,山地災害防止（土砂）,0,140.160057,42.190372
None,トドマツ,土流保,None,渡島,173,い,6.15,None,八雲町,None,ダケカンバ,山地災害防止（土砂）,0,140.158447,42.189897
None,ブナ,土流保,None,渡島,173,は,2.81,None,八雲町,イタヤカエデ,他Ｌ,山地災害防止（土砂）,0,140.1573,42.190799
None,None,土流保,None,渡島,166,ロ,3.15,None,八雲町,None,None,山地災害防止（土砂）,0,140.168453,42.18581
None,他Ｌ,土流保,None,渡島,170,る,25.08,None,八雲町,ダケカンバ,ブナ,山地災害防止（土砂）,0,140.163369,42.18316
None,None,土流保,None,渡島,167,イ,4.42,None,八雲町,None,None,山地災害防止（土砂）,0,140.164311,42.183855
None,トドマツ,土流保,None,渡島,167,ろ,2.67,None,八雲町,None,None,山地災害防止（土砂）,0,140.167369,42.181137
None,ブナ,土流保,None,渡島,167,ほ,51.59,None,八雲町,ダケカンバ,他Ｌ,山地災害防止（土砂）,0,140.170203,42.174948
None,トドマツ,土流保,None,渡島,170,わ,0.52,None,八雲町,None,None,山地災害防止（土砂）,0,140.164309,42.178013
None,None,None,None,渡島,170,イ,0.8,None,八雲町,None,None,山地災害防止（土砂）,0,140.163934,42.1832
None,他Ｌ,土流保,None,渡島,171,ち,3.25,None,八雲町,イタヤカエデ,ブナ,山地災害防止（土砂）,0,140.160656,42.183289
None,トドマツ,土流保,None,渡島,170,ち,1.59,None,八雲町,None,None,山地災害防止（土砂）,0,140.162257,42.182047
None,トドマツ,土流保,None,渡島,170,り,8.85,None,八雲町,None,None,山地災害防止（土砂）,0,140.162046,42.183546
None,トドマツ,土流保,None,渡島,170,へ,1.19,None,八雲町,None,None,山地災害防止（土砂）,0,140.163363,42.179419
None,ブナ,土流保,None,渡島,172,は,35.28,None,八雲町,イタヤカエデ,他Ｌ,山地災害防止（土砂）,0,140.160562,42.189031
None,None,None,None,渡島,172,イ,0.5,None,八雲町,None,None,山地災害防止（土砂）,0,140.160288,42.188892
None,ブナ,土流保,None,渡島,171,へ,16.58,None,八雲町,イタヤカエデ,他Ｌ,山地災害防止（土砂）,0,140.160195,42.186662
None,トドマツ,土流保,None,渡島,172,い,2.08,None,八雲町,None,None,山地災害防止（土砂）,0,140.158602,42.188458
None,None,None,None,渡島,171,イ,0.04,None,八雲町,None,None,山地災害防止（土砂）,0,140.160137,42.186449
None,ブナ,土流保,None,渡島,172,は,35.28,None,八雲町,イタヤカエデ,他Ｌ,山地災害防止（土砂）,0,140.153394,42.18363
None,トドマツ,土流保,None,渡島,172,ろ,4.86,None,八雲町,None,None,山地災害防止（土砂）,0,140.157185,42.18511
None,None,土流保,None,渡島,173,イ,1.94,None,八雲町,None,None,山地災害防止（土砂）,0,140.153695,42.189314
None,トドマツ,土流保,None,渡島,171,い,2.61,None,八雲町,None,None,山地災害防止（土砂）,0,140.159921,42.183298
None,トドマツ,土流保,None,渡島,171,ろ,8.24,None,八雲町,None,None,山地災害防止（土砂）,0,140.15932,42.180941
None,他Ｌ,土流保,None,渡島,171,ち,3.25,None,八雲町,イタヤカエデ,ブナ,山地災害防止（土砂）,0,140.159351,42.179034
None,ブナ,土流保,None,渡島,171,へ,16.58,None,八雲町,イタヤカエデ,他Ｌ,山地災害防止（土砂）,0,140.157353,42.180313
None,トドマツ,土流保,None,渡島,229,ろ,25.43,None,八雲町,None,None,山地災害防止（土砂）,0,140.151096,42.220742
None,トドマツ,土流保,None,渡島,229,ろ,25.43,None,八雲町,None,None,山地災害防止（土砂）,0,140.151716,42.219051
None,ブナ,土流保,None,渡島,229,へ,27.17,None,八雲町,ニレ,他Ｌ,山地災害防止（土砂）,0,140.150182,42.219685
None,ブナ,土流保,None,渡島,229,ほ,3.75,None,八雲町,ニレ,他Ｌ,山地災害防止（土砂）,0,140.15111,42.218593
None,トドマツ,土流保,None,渡島,229,ろ,25.43,None,八雲町,None,None,山地災害防止（土砂）,0,140.14852,42.220298
None,None,土流保,None,渡島,229,ロ,1.4,None,八雲町,None,None,山地災害防止（土砂）,0,140.151476,42.219224
None,トドマツ,土流保,None,渡島,229,ろ,25.43,None,八雲町,None,None,山地災害防止（土砂）,0,140.146267,42.21922
None,他Ｌ,土流保,None,渡島,230,り,3.08,None,八雲町,None,ダケカンバ,山地災害防止（土砂）,0,140.145373,42.220413
None,ブナ,土流保,None,渡島,229,ほ,3.75,None,八雲町,ニレ,他Ｌ,山地災害防止（土砂）,0,140.147114,42.21808
None,ダケカンバ,土流保,None,渡島,219,ぬ,50.63,None,八雲町,ブナ,他Ｌ,山地災害防止（土砂）,0,140.147601,42.214468
None,ブナ,土流保,None,渡島,229,ほ,3.75,None,八雲町,ニレ,他Ｌ,山地災害防止（土砂）,0,140.145125,42.218488
None,トドマツ,土流保,None,渡島,219,は,9.8,None,八雲町,None,None,山地災害防止（土砂）,0,140.152295,42.214753
None,トドマツ,土流保,None,渡島,219,い,2.46,None,八雲町,None,None,山地災害防止（土砂）,0,140.151329,42.213216
None,ダケカンバ,土流保,None,渡島,219,ろ,3.43,None,八雲町,他Ｌ,トドマツ,山地災害防止（土砂）,0,140.150071,42.215865
None,他Ｌ,土流保,None,渡島,230,ほ,2.96,None,八雲町,None,ダケカンバ,山地災害防止（土砂）,0,140.144583,42.21971
None,トドマツ,土流保,None,渡島,230,は,9.82,None,八雲町,None,ダケカンバ,山地災害防止（土砂）,0,140.143361,42.220927
None,ブナ,土流保,None,渡島,230,へ,3.06,None,八雲町,イタヤカエデ,他Ｌ,山地災害防止（土砂）,0,140.141482,42.219673
None,ブナ,土流保,None,渡島,231,ち,6.94,None,八雲町,イタヤカエデ,他Ｌ,山地災害防止（土砂）,0,140.143024,42.218779
None,トドマツ,土流保,None,渡島,231,は,4.71,None,八雲町,None,None,山地災害防止（土砂）,0,140.138969,42.220263
None,トドマツ,土流保,None,渡島,231,に,7.52,None,八雲町,None,None,山地災害防止（土砂）,0,140.140401,42.217121
None,トドマツ,土流保,None,渡島,218,は,5.35,None,八雲町,None,None,山地災害防止（土砂）,0,140.143428,42.212555
None,他Ｌ,土流保,None,渡島,217,は,20.57,None,八雲町,ダケカンバ,ブナ,山地災害防止（土砂）,0,140.137247,42.212613
None,トドマツ,土流保,None,渡島,218,い,1.77,None,八雲町,None,None,山地災害防止（土砂）,0,140.14865,42.209786
None,他Ｌ,土流保,None,渡島,218,ろ,66.77,None,八雲町,シナノキ,ブナ,山地災害防止（土砂）,0,140.14613,42.20903
None,トドマツ,土流保,None,渡島,217,い,3.65,None,八雲町,None,None,山地災害防止（土砂）,0,140.137833,42.206874
None,トドマツ,土流保,None,渡島,178,い,1.5,None,八雲町,None,None,山地災害防止（土砂）,0,140.138947,42.200259
None,トドマツ,土流保,None,渡島,231,ろ,1.4,None,八雲町,None,None,山地災害防止（土砂）,0,140.136657,42.221233
None,ブナ,土流保,None,渡島,231,と,32.25,None,八雲町,イタヤカエデ,他Ｌ,山地災害防止（土砂）,0,140.137652,42.216044
None,トドマツ,土流保,None,渡島,231,ほ,2.91,None,八雲町,None,None,山地災害防止（土砂）,0,140.135221,42.216989
None,トドマツ,土流保,None,渡島,237,い,2.18,None,八雲町,None,None,山地災害防止（土砂）,0,140.132684,42.22069
None,None,土流保,None,渡島,237,イ,4.65,None,八雲町,None,None,山地災害防止（土砂）,0,140.130553,42.220238
None,トドマツ,土流保,None,渡島,237,ろ,2.23,None,八雲町,None,None,山地災害防止（土砂）,0,140.131189,42.218626
None,トドマツ,土流保,None,渡島,231,へ,0.6,None,八雲町,None,ダケカンバ,山地災害防止（土砂）,0,140.131562,42.216654
None,トドマツ,土流保,None,渡島,237,は,0.69,None,八雲町,None,None,山地災害防止（土砂）,0,140.129683,42.218073
None,ダケカンバ,土流保,None,渡島,232,い,2.0,None,八雲町,None,トドマツ,山地災害防止（土砂）,0,140.135581,42.214129
None,トドマツ,土流保,None,渡島,232,ろ,0.68,None,八雲町,None,None,山地災害防止（土砂）,0,140.131021,42.215061
None,ブナ,土流保,None,渡島,232,に,46.24,None,八雲町,ニレ,他Ｌ,山地災害防止（土砂）,0,140.131337,42.211212
None,トドマツ,土流保,None,渡島,237,に,2.83,None,八雲町,None,None,山地災害防止（土砂）,0,140.128621,42.217267
None,トドマツ,土流保,None,渡島,237,ほ,2.16,None,八雲町,None,None,山地災害防止（土砂）,0,140.125338,42.218733
None,トドマツ,土流保,None,渡島,237,り,0.43,None,八雲町,None,None,山地災害防止（土砂）,0,140.125315,42.217143
None,トドマツ,土流保,None,渡島,240,は,3.3,None,八雲町,None,None,山地災害防止（土砂）,0,140.123693,42.220218
None,トドマツ,土流保,None,渡島,237,ち,1.05,None,八雲町,None,None,山地災害防止（土砂）,0,140.124122,42.219534
None,トドマツ,土流保,None,渡島,237,ぬ,0.84,None,八雲町,None,None,山地災害防止（土砂）,0,140.12481,42.216629
None,トドマツ,土流保,None,渡島,237,と,2.46,None,八雲町,None,None,山地災害防止（土砂）,0,140.129635,42.214458
None,トドマツ,土流保,None,渡島,237,る,0.34,None,八雲町,None,None,山地災害防止（土砂）,0,140.125646,42.215821
None,トドマツ,土流保,None,渡島,237,へ,3.78,None,八雲町,None,None,山地災害防止（土砂）,0,140.126742,42.21451
None,トドマツ,土流保,None,渡島,232,は,0.36,None,八雲町,None,None,山地災害防止（土砂）,0,140.128614,42.212399
None,他Ｌ,土流保,None,渡島,237,わ,78.1,None,八雲町,ミズナラ,ブナ,山地災害防止（土砂）,0,140.128539,42.223141
None,None,土流保,None,渡島,236,イ,8.76,None,八雲町,None,None,山地災害防止（土砂）,0,140.12171,42.212765
None,他Ｌ,土流保,None,渡島,217,ろ,30.18,None,八雲町,ダケカンバ,ブナ,山地災害防止（土砂）,0,140.135596,42.209462
None,ブナ,土流保,None,渡島,216,ろ,49.69,None,八雲町,ダケカンバ,他Ｌ,山地災害防止（土砂）,0,140.133896,42.204078
None,トドマツ,土流保,None,渡島,215,い,0.74,None,八雲町,None,None,山地災害防止（土砂）,0,140.129941,42.202858
None,トドマツ,土流保,None,渡島,216,い,1.02,None,八雲町,None,None,山地災害防止（土砂）,0,140.131118,42.201948
None,他Ｌ,土流保,None,渡島,232,ほ,0.91,None,八雲町,イタヤカエデ,ブナ,山地災害防止（土砂）,0,140.12596,42.209612
None,ブナ,土流保,None,渡島,215,ろ,67.78,None,八雲町,ダケカンバ,他Ｌ,山地災害防止（土砂）,0,140.1251,42.205267
None,トドマツ,土流保,None,渡島,214,に,1.01,None,八雲町,None,None,山地災害防止（土砂）,0,140.126586,42.20121
None,None,土流保,None,渡島,174,イ,0.75,None,八雲町,None,None,山地災害防止（土砂）,0,140.149345,42.196445
None,ブナ,土流保,None,渡島,174,ろ,69.35,None,八雲町,シナノキ,他Ｌ,山地災害防止（土砂）,0,140.146307,42.198829
None,トドマツ,土流保,None,渡島,174,い,7.43,None,八雲町,None,None,山地災害防止（土砂）,0,140.149445,42.1924
None,ブナ,土流保,None,渡島,174,は,1.44,None,八雲町,シナノキ,他Ｌ,山地災害防止（土砂）,0,140.149329,42.191271
None,ブナ,土流保,None,渡島,174,は,1.44,None,八雲町,シナノキ,他Ｌ,山地災害防止（土砂）,0,140.14589,42.194076
None,ブナ,土流保,None,渡島,175,は,40.6,None,八雲町,他Ｌ,イタヤカエデ,山地災害防止（土砂）,0,140.147658,42.190251
None,トドマツ,土流保,None,渡島,177,ろ,0.98,None,八雲町,None,None,山地災害防止（土砂）,0,140.138261,42.199353
None,トドマツ,土流保,None,渡島,175,い,4.53,None,八雲町,None,None,山地災害防止（土砂）,0,140.140513,42.196565
None,他Ｌ,土流保,None,渡島,175,ろ,1.99,None,八雲町,None,None,山地災害防止（土砂）,0,140.141735,42.194237
None,None,土流保,None,渡島,176,イ,3.35,None,八雲町,None,None,山地災害防止（土砂）,0,140.143427,42.191449
None,ブナ,土流保,None,渡島,173,ろ,40.66,None,八雲町,イタヤカエデ,他Ｌ,山地災害防止（土砂）,0,140.151428,42.187274
None,ダケカンバ,土流保,None,渡島,176,ろ,3.25,None,八雲町,他Ｌ,ブナ,山地災害防止（土砂）,0,140.149691,42.182175
None,ダケカンバ,土流保,None,渡島,172,に,5.55,None,八雲町,他Ｌ,ブナ,山地災害防止（土砂）,0,140.151355,42.181256
None,ブナ,土流保,None,渡島,176,い,69.03,None,八雲町,他Ｌ,イタヤカエデ,山地災害防止（土砂）,0,140.146865,42.185782
None,ダケカンバ,土流保,None,渡島,177,ぬ,1.98,None,八雲町,None,他Ｌ,山地災害防止（土砂）,0,140.138376,42.18772
None,ブナ,土流保,None,渡島,178,へ,47.71,None,八雲町,ミズナラ,他Ｌ,山地災害防止（土砂）,0,140.128535,42.199643
None,トドマツ,土流保,None,渡島,177,い,2.66,None,八雲町,None,None,山地災害防止（土砂）,0,140.136081,42.195776
None,トドマツ,土流保,None,渡島,178,に,0.24,None,八雲町,None,None,山地災害防止（土砂）,0,140.135073,42.196868
None,None,None,None,渡島,178,ハ,0.21,None,八雲町,None,None,山地災害防止（土砂）,0,140.131292,42.198883
None,トドマツ,土流保,None,渡島,178,ろ,5.42,None,八雲町,None,ダケカンバ,山地災害防止（土砂）,0,140.129309,42.197532
None,ブナ,土流保,None,渡島,178,ほ,12.16,None,八雲町,ミズナラ,他Ｌ,山地災害防止（土砂）,0,140.132161,42.195164
None,ブナ,土流保,None,渡島,177,は,59.61,None,八雲町,他Ｌ,イタヤカエデ,山地災害防止（土砂）,0,140.138274,42.193462
None,ダケカンバ,土流保,None,渡島,177,り,0.25,None,八雲町,None,他Ｌ,山地災害防止（土砂）,0,140.135862,42.19249
None,ダケカンバ,土流保,None,渡島,177,ち,0.97,None,八雲町,None,他Ｌ,山地災害防止（土砂）,0,140.134951,42.191884
None,ダケカンバ,土流保,None,渡島,177,へ,0.29,None,八雲町,None,他Ｌ,山地災害防止（土砂）,0,140.134448,42.190981
None,ダケカンバ,土流保,None,渡島,177,と,0.12,None,八雲町,None,他Ｌ,山地災害防止（土砂）,0,140.133473,42.191581
None,他Ｌ,土流保,None,渡島,177,に,10.31,None,八雲町,ミズナラ,ブナ,山地災害防止（土砂）,0,140.130077,42.191498
None,None,None,None,渡島,178,ハ,0.21,None,八雲町,None,None,山地災害防止（土砂）,0,140.125548,42.197284
None,None,土流保,None,渡島,178,イ,2.21,None,八雲町,None,None,山地災害防止（土砂）,0,140.126903,42.196648
None,ブナ,土流保,None,渡島,178,へ,47.71,None,八雲町,ミズナラ,他Ｌ,山地災害防止（土砂）,0,140.124895,42.194312
None,トドマツ,土流保,None,渡島,214,は,0.21,None,八雲町,None,None,山地災害防止（土砂）,0,140.12439,42.198839
None,None,None,None,渡島,214,ロ,0.11,None,八雲町,None,None,山地災害防止（土砂）,0,140.122042,42.199882
None,トドマツ,土流保,None,渡島,211,に,0.12,None,八雲町,None,None,山地災害防止（土砂）,0,140.121422,42.195537
None,他Ｌ,土流保,None,渡島,178,と,6.14,None,八雲町,ミズナラ,ブナ,山地災害防止（土砂）,0,140.128609,42.192714
None,ブナ,土流保,保健保,渡島,179,に,1.65,None,八雲町,他Ｌ,ダケカンバ,山地災害防止（土砂）,0,140.127687,42.191576
None,ブナ,土流保,保健保,渡島,179,は,5.63,None,八雲町,イタヤカエデ,他Ｌ,山地災害防止（土砂）,0,140.123746,42.191963
None,トドマツ,土流保,None,渡島,178,は,0.67,None,八雲町,None,None,山地災害防止（土砂）,0,140.121873,42.192747
None,トドマツ,土流保,保健保,渡島,179,い,0.16,None,八雲町,None,None,山地災害防止（土砂）,0,140.122062,42.192336
None,トドマツ,土流保,保健保,渡島,179,ろ,0.1,None,八雲町,None,None,山地災害防止（土砂）,0,140.122379,42.191726
None,ダケカンバ,土流保,None,渡島,177,ほ,0.95,None,八雲町,None,他Ｌ,山地災害防止（土砂）,0,140.136624,42.187812
None,ダケカンバ,土流保,None,渡島,201,と,0.33,None,八雲町,None,None,山地災害防止（土砂）,0,140.124016,42.180642
None,他Ｌ,土流保,None,渡島,201,ほ,38.01,None,八雲町,シナノキ,ブナ,山地災害防止（土砂）,0,140.121737,42.181228
None,他Ｌ,土流保,None,渡島,154,は,50.37,None,八雲町,ブナ,ダケカンバ,山地災害防止（土砂）,0,140.179537,42.175142
None,ダケカンバ,土流保,None,渡島,167,へ,7.25,None,八雲町,他Ｌ,ブナ,自然維持,0,140.176863,42.177987
None,ブナ,土流保,None,渡島,153,は,23.79,None,八雲町,他Ｌ,ダケカンバ,山地災害防止（土砂）,0,140.180991,42.17095
None,ブナ,土流保,None,渡島,167,と,2.19,None,八雲町,ダケカンバ,他Ｌ,山地災害防止（土砂）,0,140.169355,42.178262
None,トドマツ,土流保,None,渡島,167,い,7.32,None,八雲町,None,None,山地災害防止（土砂）,0,140.168979,42.177057
None,トドマツ,土流保,None,渡島,168,ほ,1.05,None,八雲町,None,None,山地災害防止（土砂）,0,140.174193,42.170825
None,ダケカンバ,土流保,None,渡島,168,り,50.27,None,八雲町,ブナ,他Ｌ,自然維持,0,140.174965,42.167923
None,トドマツ,土流保,None,渡島,168,に,0.27,None,八雲町,None,None,山地災害防止（土砂）,0,140.172078,42.170368
None,ダケカンバ,土流保,None,渡島,168,ち,47.38,None,八雲町,他Ｌ,ブナ,山地災害防止（土砂）,0,140.17252,42.172598
None,トドマツ,土流保,None,渡島,168,は,0.26,None,八雲町,None,None,山地災害防止（土砂）,0,140.170005,42.170712
None,トドマツ,土流保,None,渡島,168,ろ,6.89,None,八雲町,None,None,山地災害防止（土砂）,0,140.170349,42.168364
None,他Ｌ,土流保,None,渡島,153,に,18.89,None,八雲町,ダケカンバ,ブナ,山地災害防止（土砂）,0,140.183091,42.165315
None,他Ｌ,土流保,None,渡島,153,に,18.89,None,八雲町,ダケカンバ,ブナ,山地災害防止（土砂）,0,140.182318,42.166876
None,ブナ,土流保,None,渡島,141,ろ,10.74,None,八雲町,他Ｌ,イタヤカエデ,自然維持,0,140.183934,42.163999
None,ダケカンバ,土流保,None,渡島,168,り,50.27,None,八雲町,ブナ,他Ｌ,自然維持,0,140.179335,42.163468
None,トドマツ,土流保,None,渡島,168,と,8.83,None,八雲町,None,None,山地災害防止（土砂）,0,140.177021,42.165718
None,ブナ,土流保,None,渡島,140,ろ,25.48,None,八雲町,ダケカンバ,他Ｌ,自然維持,0,140.181357,42.162955
None,ブナ,土流保,None,渡島,140,い,30.78,None,八雲町,他Ｌ,センノキ,自然維持,0,140.181917,42.159913
None,トドマツ,土流保,None,渡島,168,へ,7.63,None,八雲町,None,None,山地災害防止（土砂）,0,140.172855,42.164427
None,ダケカンバ,土流保,None,渡島,168,り,50.27,None,八雲町,ブナ,他Ｌ,自然維持,0,140.173807,42.160643
None,ブナ,土流保,None,渡島,140,ろ,25.48,None,八雲町,ダケカンバ,他Ｌ,自然維持,0,140.171137,42.160538
None,ダケカンバ,土流保,None,渡島,168,り,50.27,None,八雲町,ブナ,他Ｌ,自然維持,0,140.169733,42.160263
None,None,土流保,None,渡島,140,ハ,2.81,None,八雲町,None,None,自然維持,0,140.17128,42.15778
None,他Ｌ,土流保,None,渡島,139,い,2.31,None,八雲町,ブナ,ダケカンバ,自然維持,0,140.168811,42.158794
None,None,土流保,None,渡島,139,ハ,2.13,None,八雲町,None,None,自然維持,0,140.169896,42.157498
None,None,土流保,None,渡島,170,ロ,1.29,None,八雲町,None,None,山地災害防止（土砂）,0,140.164529,42.17453
None,トドマツ,土流保,None,渡島,168,い,0.9,None,八雲町,None,None,山地災害防止（土砂）,0,140.165925,42.173552
None,トドマツ,土流保,None,渡島,170,と,5.47,None,八雲町,None,None,山地災害防止（土砂）,0,140.163347,42.17775
None,他Ｌ,土流保,None,渡島,170,ぬ,13.63,None,八雲町,ダケカンバ,ブナ,山地災害防止（土砂）,0,140.161757,42.17708
None,他Ｌ,土流保,None,渡島,170,ぬ,13.63,None,八雲町,ダケカンバ,ブナ,山地災害防止（土砂）,0,140.161284,42.173518
None,トドマツ,土流保,None,渡島,169,は,2.94,None,八雲町,None,None,山地災害防止（土砂）,0,140.168118,42.168074
None,トドマツ,土流保,None,渡島,169,ろ,4.34,None,八雲町,None,None,山地災害防止（土砂）,0,140.166114,42.168912
None,ブナ,土流保,None,渡島,169,ほ,23.19,None,八雲町,イタヤカエデ,他Ｌ,山地災害防止（土砂）,0,140.164503,42.16744
None,他Ｌ,土流保,None,渡島,170,ぬ,13.63,None,八雲町,ダケカンバ,ブナ,山地災害防止（土砂）,0,140.163919,42.171891
None,トドマツ,土流保,None,渡島,170,に,1.09,None,八雲町,None,None,山地災害防止（土砂）,0,140.163404,42.17228
None,トドマツ,土流保,None,渡島,170,は,2.06,None,八雲町,None,None,山地災害防止（土砂）,0,140.162198,42.173068
None,他Ｌ,土流保,None,渡島,170,る,25.08,None,八雲町,ダケカンバ,ブナ,山地災害防止（土砂）,0,140.159198,42.170864
None,トドマツ,土流保,None,渡島,169,い,5.05,None,八雲町,None,None,山地災害防止（土砂）,0,140.163211,42.16859
None,トドマツ,土流保,None,渡島,171,は,3.62,None,八雲町,None,None,山地災害防止（土砂）,0,140.160458,42.178399
None,トドマツ,土流保,None,渡島,170,い,2.24,None,八雲町,None,None,山地災害防止（土砂）,0,140.1599,42.176653
None,ブナ,土流保,None,渡島,171,へ,16.58,None,八雲町,イタヤカエデ,他Ｌ,山地災害防止（土砂）,0,140.156418,42.181288
None,トドマツ,土流保,None,渡島,170,ろ,11.74,None,八雲町,None,None,山地災害防止（土砂）,0,140.160859,42.174634
None,他Ｌ,土流保,None,渡島,171,ち,3.25,None,八雲町,イタヤカエデ,ブナ,山地災害防止（土砂）,0,140.157245,42.173711
None,トドマツ,土流保,None,渡島,171,に,7.92,None,八雲町,None,None,山地災害防止（土砂）,0,140.156479,42.175096
None,トドマツ,土流保,None,渡島,171,ほ,1.84,None,八雲町,None,None,山地災害防止（土砂）,0,140.156494,42.17831
None,ニレ,土流保,None,渡島,171,と,22.86,None,八雲町,他Ｌ,ダケカンバ,山地災害防止（土砂）,0,140.153185,42.177879
None,トドマツ,土流保,None,渡島,170,ほ,0.97,None,八雲町,None,None,山地災害防止（土砂）,0,140.160358,42.171612
None,他Ｌ,土流保,None,渡島,170,か,5.44,None,八雲町,ダケカンバ,ブナ,自然維持,0,140.157333,42.172251
None,ブナ,土流保,None,渡島,184,ろ,11.0,None,八雲町,イタヤカエデ,他Ｌ,自然維持,0,140.153354,42.172132
None,トドマツ,土流保,None,渡島,169,に,1.84,None,八雲町,None,None,山地災害防止（土砂）,0,140.16808,42.165129
None,他Ｌ,土流保,None,渡島,169,へ,27.63,None,八雲町,ダケカンバ,ブナ,自然維持,0,140.163636,42.163824
None,他Ｌ,土流保,None,渡島,139,ろ,64.06,None,八雲町,ブナ,ダケカンバ,自然維持,0,140.167147,42.161266
None,None,None,None,渡島,187,ハ,0.01,None,八雲町,None,None,自然維持,0,140.165745,42.161672
None,他Ｌ,土流保,None,渡島,187,ろ,45.94,None,八雲町,ダケカンバ,ブナ,自然維持,0,140.164542,42.160689
None,他Ｌ,土流保,None,渡島,139,ろ,64.06,None,八雲町,ブナ,ダケカンバ,自然維持,0,140.163855,42.16023
None,他Ｌ,土流保,None,渡島,187,ろ,45.94,None,八雲町,ダケカンバ,ブナ,自然維持,0,140.160802,42.159683
None,他Ｌ,土流保,None,渡島,187,ろ,45.94,None,八雲町,ダケカンバ,ブナ,自然維持,0,140.162829,42.158033
None,ブナ,土流保,None,渡島,185,は,8.44,None,八雲町,ダケカンバ,他Ｌ,自然維持,0,140.160692,42.162802
None,ブナ,土流保,None,渡島,187,い,22.04,None,八雲町,ダケカンバ,他Ｌ,山地災害防止（土砂）,0,140.155825,42.161119
None,None,土流保,None,渡島,137,イ,5.5,None,八雲町,None,None,自然維持,0,140.180672,42.153806
None,イタヤカエデ,土流保,None,渡島,138,い,37.69,None,八雲町,他Ｌ,ブナ,自然維持,0,140.180563,42.156657
None,ブナ,土流保,None,渡島,135,ろ,91.95,None,八雲町,他Ｌ,ダケカンバ,自然維持,0,140.17401,42.147009
None,None,土流保,None,渡島,138,イ,4.56,None,八雲町,None,None,自然維持,0,140.172824,42.156537
None,他Ｌ,土流保,None,渡島,138,ろ,45.61,None,八雲町,ダケカンバ,ブナ,自然維持,0,140.176208,42.152441
None,ブナ,土流保,None,渡島,134,い,8.78,None,八雲町,イタヤカエデ,他Ｌ,山地災害防止（土砂）,0,140.183311,42.142427
None,他Ｌ,土流保,None,渡島,134,ろ,58.9,None,八雲町,ブナ,ダケカンバ,自然維持,0,140.179022,42.14036
None,None,水涵保,None,渡島,7320,イ,26.0,None,八雲町,None,None,自然維持,0,140.17008,42.144456
None,None,土流保,None,渡島,134,イ,9.5,None,八雲町,None,None,自然維持,0,140.174047,42.142623
None,None,水涵保,None,渡島,7321,イ,7.54,None,八雲町,None,None,自然維持,0,140.175163,42.136472
None,他Ｌ,水涵保,None,渡島,7321,ろ,108.36,None,八雲町,ダケカンバ,ブナ,自然維持,0,140.168284,42.13756
None,他Ｌ,土流保,None,渡島,139,ろ,64.06,None,八雲町,ブナ,ダケカンバ,自然維持,0,140.163475,42.153409
None,他Ｌ,土流保,None,渡島,139,ろ,64.06,None,八雲町,ブナ,ダケカンバ,自然維持,0,140.158803,42.153548
None,None,土流保,None,渡島,188,イ,0.2,None,八雲町,None,None,自然維持,0,140.158777,42.151828
None,ブナ,土流保,None,渡島,188,ろ,33.85,None,八雲町,ダケカンバ,他Ｌ,自然維持,0,140.159059,42.151868
None,ブナ,土流保,None,渡島,188,ろ,33.85,None,八雲町,ダケカンバ,他Ｌ,自然維持,0,140.154143,42.15508
None,ブナ,土流保,None,渡島,189,ろ,92.4,None,八雲町,他Ｌ,ダケカンバ,自然維持,0,140.158524,42.149138
None,None,水涵保,None,渡島,7319,ロ,50.58,None,八雲町,None,None,自然維持,0,140.156121,42.148069
None,None,None,None,渡島,7319,イ,1.3,None,八雲町,None,None,自然維持,0,140.157931,42.148546
None,ブナ,土流保,None,渡島,189,ろ,92.4,None,八雲町,他Ｌ,ダケカンバ,自然維持,0,140.153129,42.146908
None,ブナ,水涵保,None,渡島,7320,い,92.73,None,八雲町,ダケカンバ,他Ｌ,自然維持,0,140.163488,42.145089
None,None,水涵保,None,渡島,7319,ロ,50.58,None,八雲町,None,None,自然維持,0,140.148039,42.143568
None,ブナ,水涵保,None,渡島,7319,い,47.09,None,八雲町,他Ｌ,ダケカンバ,自然維持,0,140.156021,42.140165
None,他Ｌ,土流保,None,渡島,183,ろ,28.81,None,八雲町,ダケカンバ,ブナ,山地災害防止（土砂）,0,140.151219,42.175136
None,ブナ,土流保,None,渡島,184,い,34.38,None,八雲町,イタヤカエデ,他Ｌ,山地災害防止（土砂）,0,140.154597,42.169953
None,ブナ,土流保,None,渡島,183,い,45.99,None,八雲町,イタヤカエデ,他Ｌ,山地災害防止（土砂）,0,140.144346,42.172313
None,None,None,None,渡島,184,ロ,3.2,None,八雲町,None,None,山地災害防止（土砂）,0,140.143174,42.169378
None,None,None,None,渡島,184,ロ,3.2,None,八雲町,None,None,山地災害防止（土砂）,0,140.143168,42.168548
None,None,None,None,渡島,184,イ,0.16,None,八雲町,None,None,山地災害防止（土砂）,0,140.14297,42.16872
None,None,None,None,渡島,183,ロ,2.15,None,八雲町,None,None,山地災害防止（土砂）,0,140.140845,42.170146
None,None,None,None,渡島,185,イ,0.17,None,八雲町,None,None,山地災害防止（土砂）,0,140.139482,42.169373
None,ブナ,土流保,None,渡島,185,い,75.12,None,八雲町,ダケカンバ,他Ｌ,山地災害防止（土砂）,0,140.138327,42.169323
None,ブナ,土流保,None,渡島,191,は,24.03,None,八雲町,他Ｌ,イタヤカエデ,山地災害防止（土砂）,0,140.139108,42.167025
None,ブナ,土流保,None,渡島,185,い,75.12,None,八雲町,ダケカンバ,他Ｌ,山地災害防止（土砂）,0,140.149988,42.16585
None,ブナ,土流保,None,渡島,185,ろ,1.25,None,八雲町,他Ｌ,イタヤカエデ,自然維持,0,140.145826,42.163822
None,ブナ,土流保,None,渡島,186,は,4.38,None,八雲町,他Ｌ,ダケカンバ,自然維持,0,140.144842,42.163275
None,ブナ,土流保,None,渡島,188,い,33.92,None,八雲町,他Ｌ,シナノキ,山地災害防止（土砂）,0,140.148956,42.157741
None,トドマツ,土流保,None,渡島,186,い,6.25,None,八雲町,None,None,山地災害防止（土砂）,0,140.141324,42.163718
None,ブナ,土流保,None,渡島,191,は,24.03,None,八雲町,他Ｌ,イタヤカエデ,山地災害防止（土砂）,0,140.139012,42.165792
None,None,None,None,渡島,186,ハ,0.76,None,八雲町,None,None,山地災害防止（土砂）,0,140.139054,42.165275
None,None,None,None,渡島,191,ハ,0.04,None,八雲町,None,None,山地災害防止（土砂）,0,140.139382,42.166276
None,トドマツ,土流保,None,渡島,191,い,2.92,None,八雲町,None,他Ｌ,山地災害防止（土砂）,0,140.138081,42.166449
None,トドマツ,土流保,None,渡島,191,い,2.92,None,八雲町,None,他Ｌ,山地災害防止（土砂）,0,140.138317,42.165616
None,ブナ,土流保,None,渡島,191,は,24.03,None,八雲町,他Ｌ,イタヤカエデ,山地災害防止（土砂）,0,140.138318,42.164184
None,None,土流保,None,渡島,191,イ,0.71,None,八雲町,None,None,山地災害防止（土砂）,0,140.137647,42.162362
None,ブナ,土流保,None,渡島,191,ろ,7.15,None,八雲町,イタヤカエデ,他Ｌ,山地災害防止（土砂）,0,140.137758,42.163148
None,ブナ,土流保,None,渡島,186,ろ,47.42,None,八雲町,イタヤカエデ,他Ｌ,山地災害防止（土砂）,0,140.143795,42.161191
None,None,None,None,渡島,186,イ,3.75,None,八雲町,None,None,山地災害防止（土砂）,0,140.139129,42.161643
None,ブナ,土流保,None,渡島,191,は,24.03,None,八雲町,他Ｌ,イタヤカエデ,山地災害防止（土砂）,0,140.137493,42.161806
None,None,None,None,渡島,191,ロ,3.21,None,八雲町,None,None,山地災害防止（土砂）,0,140.137858,42.160466
None,None,None,None,渡島,190,イ,0.52,None,八雲町,None,None,山地災害防止（土砂）,0,140.139267,42.15939
None,None,None,None,渡島,185,ハ,0.07,None,八雲町,None,None,山地災害防止（土砂）,0,140.136991,42.169038
None,None,None,None,渡島,183,ハ,0.04,None,八雲町,None,None,山地災害防止（土砂）,0,140.136159,42.169245
None,ブナ,土流保,None,渡島,191,は,24.03,None,八雲町,他Ｌ,イタヤカエデ,山地災害防止（土砂）,0,140.135926,42.169017
None,None,None,None,渡島,183,イ,0.02,None,八雲町,None,None,山地災害防止（土砂）,0,140.135275,42.169375
None,ブナ,土流保,None,渡島,185,い,75.12,None,八雲町,ダケカンバ,他Ｌ,山地災害防止（土砂）,0,140.136696,42.16885
None,ブナ,土流保,None,渡島,186,ろ,47.42,None,八雲町,イタヤカエデ,他Ｌ,山地災害防止（土砂）,0,140.136694,42.168564
None,None,None,None,渡島,185,ロ,0.11,None,八雲町,None,None,山地災害防止（土砂）,0,140.136722,42.168992
None,ブナ,土流保,None,渡島,186,ろ,47.42,None,八雲町,イタヤカエデ,他Ｌ,山地災害防止（土砂）,0,140.136387,42.168817
None,None,None,None,渡島,186,ロ,0.01,None,八雲町,None,None,山地災害防止（土砂）,0,140.136484,42.16881
None,None,None,None,渡島,191,ハ,0.04,None,八雲町,None,None,山地災害防止（土砂）,0,140.136324,42.16875
None,None,None,None,渡島,186,ハ,0.76,None,八雲町,None,None,山地災害防止（土砂）,0,140.136905,42.168447
None,ブナ,土流保,None,渡島,191,は,24.03,None,八雲町,他Ｌ,イタヤカエデ,山地災害防止（土砂）,0,140.135015,42.16774
None,ブナ,土流保,None,渡島,183,い,45.99,None,八雲町,イタヤカエデ,他Ｌ,山地災害防止（土砂）,0,140.134926,42.169433
None,ダケカンバ,土流保,None,渡島,201,ち,0.35,None,八雲町,None,None,山地災害防止（土砂）,0,140.123753,42.178195
None,他Ｌ,土流保,保健保,渡島,200,に,4.0,None,八雲町,シナノキ,ブナ,山地災害防止（土砂）,0,140.124907,42.176943
None,トドマツ,土流保,None,渡島,200,ろ,6.06,None,八雲町,None,None,山地災害防止（土砂）,0,140.122605,42.175733
None,トドマツ,土流保,None,渡島,199,ろ,0.23,None,八雲町,None,None,山地災害防止（土砂）,0,140.123594,42.173591
None,ブナ,土流保,None,渡島,199,は,26.75,None,八雲町,イタヤカエデ,他Ｌ,山地災害防止（土砂）,0,140.123434,42.17032
None,トドマツ,土流保,None,渡島,199,い,1.14,None,八雲町,None,None,山地災害防止（土砂）,0,140.123089,42.17276
None,トドマツ,土流保,None,渡島,200,と,1.02,None,八雲町,None,None,山地災害防止（土砂）,0,140.122056,42.172147
None,ダケカンバ,土流保,None,渡島,191,に,4.47,None,八雲町,None,トドマツ,山地災害防止（土砂）,0,140.135548,42.165577
None,ブナ,土流保,None,渡島,191,は,24.03,None,八雲町,他Ｌ,イタヤカエデ,山地災害防止（土砂）,0,140.137094,42.164885
None,ブナ,土流保,None,渡島,191,ろ,7.15,None,八雲町,イタヤカエデ,他Ｌ,山地災害防止（土砂）,0,140.13598,42.163194
None,ブナ,土流保,保健保,渡島,193,ろ,10.14,None,八雲町,他Ｌ,イタヤカエデ,森林空間利用,0,140.133327,42.16251
None,None,土流保,保健保,渡島,192,イ,1.19,None,八雲町,None,None,森林空間利用,0,140.12986,42.165195
None,ブナ,土流保,保健保,渡島,192,い,20.67,None,八雲町,他Ｌ,イタヤカエデ,森林空間利用,0,140.130431,42.163599
None,ブナ,土流保,None,渡島,191,は,24.03,None,八雲町,他Ｌ,イタヤカエデ,山地災害防止（土砂）,0,140.136539,42.159271
None,None,土流保,保健保,渡島,192,ロ,1.56,None,八雲町,None,None,森林空間利用,0,140.130888,42.162084
None,ブナ,土流保,保健保,渡島,198,い,20.37,None,八雲町,イタヤカエデ,他Ｌ,森林空間利用,0,140.123912,42.163812
None,ブナ,土流保,保健保,渡島,196,ろ,13.86,None,八雲町,イタヤカエデ,他Ｌ,森林空間利用,0,140.128971,42.159869
None,ブナ,土流保,保健保,渡島,197,い,56.16,None,八雲町,イタヤカエデ,他Ｌ,森林空間利用,0,140.12315,42.159103
None,ブナ,土流保,None,渡島,189,い,11.08,None,八雲町,他Ｌ,ダケカンバ,山地災害防止（土砂）,0,140.146611,42.154429
None,ブナ,土流保,None,渡島,189,ろ,92.4,None,八雲町,他Ｌ,ダケカンバ,自然維持,0,140.149851,42.149975
None,None,水涵保,None,渡島,7319,ロ,50.58,None,八雲町,None,None,自然維持,0,140.15174,42.146716
None,ブナ,土流保,None,渡島,189,ろ,92.4,None,八雲町,他Ｌ,ダケカンバ,自然維持,0,140.151233,42.146414
None,None,水涵保,None,渡島,7319,ロ,50.58,None,八雲町,None,None,自然維持,0,140.150595,42.146411
None,ブナ,土流保,None,渡島,190,い,32.19,None,八雲町,None,他Ｌ,山地災害防止（土砂）,0,140.141227,42.156534
None,ブナ,土流保,None,渡島,190,ろ,28.41,None,八雲町,他Ｌ,ダケカンバ,自然維持,0,140.137545,42.153017
None,None,None,None,渡島,7319,イ,1.3,None,八雲町,None,None,自然維持,0,140.150748,42.146289
None,ブナ,土流保,None,渡島,189,ろ,92.4,None,八雲町,他Ｌ,ダケカンバ,自然維持,0,140.14712,42.145642
None,ブナ,土流保,None,渡島,189,ろ,92.4,None,八雲町,他Ｌ,ダケカンバ,自然維持,0,140.147049,42.145625
None,None,土流保,None,渡島,189,ハ,1.63,None,八雲町,None,None,自然維持,0,140.145788,42.145905
None,None,水涵保,None,渡島,7319,ロ,50.58,None,八雲町,None,None,自然維持,0,140.14558,42.145288
None,None,水涵保,None,渡島,7318,イ,3.75,None,八雲町,None,None,自然維持,0,140.146568,42.14083
None,ブナ,水涵保,None,渡島,7318,い,72.74,None,八雲町,ダケカンバ,他Ｌ,自然維持,0,140.150381,42.136702
None,None,土流保,None,渡島,194,イ,8.98,None,八雲町,None,None,自然維持,0,140.143239,42.144939
None,None,土流保,None,渡島,194,イ,8.98,None,八雲町,None,None,自然維持,0,140.143769,42.143738
None,None,土流保,None,渡島,194,ニ,0.01,None,八雲町,None,None,自然維持,0,140.143237,42.14358
None,None,None,None,渡島,7312,ロ,0.01,None,八雲町,None,None,自然維持,0,140.143348,42.143238
None,None,水涵保,None,渡島,7312,ハ,15.53,None,八雲町,None,None,自然維持,0,140.143585,42.141273
None,None,水涵保,None,渡島,7312,ハ,15.53,None,八雲町,None,None,自然維持,0,140.142322,42.142966
None,None,None,None,渡島,7312,イ,0.33,None,八雲町,None,None,自然維持,0,140.142093,42.142818
None,None,土流保,None,渡島,194,ハ,0.79,None,八雲町,None,None,自然維持,0,140.142588,42.143492
None,None,None,None,渡島,7312,イ,0.33,None,八雲町,None,None,自然維持,0,140.141035,42.142492
None,ダケカンバ,土流保,None,渡島,194,い,56.48,None,八雲町,ブナ,他Ｌ,自然維持,0,140.13777,42.146092
None,None,None,None,渡島,7311,イ,1.02,None,八雲町,None,None,自然維持,0,140.139234,42.142156
None,None,水涵保,None,渡島,7311,ロ,15.25,None,八雲町,None,None,自然維持,0,140.139993,42.142385
None,ダケカンバ,土流保,None,渡島,194,い,56.48,None,八雲町,ブナ,他Ｌ,自然維持,0,140.137935,42.142227
None,None,水涵保,None,渡島,7311,ロ,15.25,None,八雲町,None,None,自然維持,0,140.138627,42.140405
None,ブナ,土流保,None,渡島,193,い,22.7,None,八雲町,他Ｌ,イタヤカエデ,自然維持,0,140.134109,42.156969
None,他Ｌ,土流保,None,渡島,193,は,1.5,None,八雲町,ダケカンバ,ブナ,自然維持,0,140.133848,42.153814
None,None,土流保,None,渡島,193,イ,7.69,None,八雲町,None,None,自然維持,0,140.132641,42.152522
None,None,土流保,None,渡島,194,ロ,7.06,None,八雲町,None,None,自然維持,0,140.133296,42.150492
None,ダケカンバ,土流保,None,渡島,195,い,50.8,None,八雲町,ブナ,他Ｌ,自然維持,0,140.130526,42.146829
None,ブナ,土流保,None,渡島,196,い,49.39,None,八雲町,他Ｌ,ダケカンバ,自然維持,0,140.127627,42.154791
None,ダケカンバ,土流保,保健保,渡島,196,は,38.54,None,八雲町,ブナ,他Ｌ,森林空間利用,0,140.122441,42.15251
None,None,水涵保,None,渡島,7310,ロ,14.69,None,八雲町,None,None,自然維持,0,140.135408,42.142552
None,None,水涵保,None,渡島,7291,イ,22.2,None,八雲町,None,None,自然維持,0,140.126359,42.143299
None,他Ｌ,水涵保,None,渡島,7291,ろ,78.22,None,八雲町,ダケカンバ,ブナ,自然維持,0,140.122019,42.139306
None,ダケカンバ,土流保,None,渡島,75,ろ,7.75,None,八雲町,他Ｌ,ブナ,自然維持,0,140.241473,42.13428
None,ブナ,土流保,None,渡島,75,い,53.08,None,八雲町,ニレ,他Ｌ,山地災害防止（土砂）,0,140.245645,42.129162
None,ブナ,土流保,None,渡島,74,い,45.33,None,八雲町,イタヤカエデ,他Ｌ,山地災害防止（土砂）,0,140.239675,42.125178
None,ダケカンバ,土流保,None,渡島,75,ろ,7.75,None,八雲町,他Ｌ,ブナ,自然維持,0,140.237818,42.133829
None,ブナ,土流保,None,渡島,73,ほ,19.38,None,八雲町,他Ｌ,イタヤカエデ,自然維持,0,140.236179,42.137328
None,トドマツ,土流保,None,渡島,73,い,9.05,None,八雲町,None,ダケカンバ,山地災害防止（土砂）,0,140.236474,42.131761
None,None,土流保,None,渡島,73,イ,17.0,None,八雲町,None,None,自然維持,0,140.23359,42.135481
None,他Ｌ,土流保,None,渡島,73,に,44.73,None,八雲町,ダケカンバ,ブナ,山地災害防止（土砂）,0,140.233479,42.132358
None,トドマツ,土流保,None,渡島,73,は,3.36,None,八雲町,None,ダケカンバ,山地災害防止（土砂）,0,140.233455,42.130691
None,他Ｌ,土流保,None,渡島,73,に,44.73,None,八雲町,ダケカンバ,ブナ,山地災害防止（土砂）,0,140.233359,42.125698
None,トドマツ,土流保,None,渡島,47,は,2.25,None,八雲町,None,None,山地災害防止（土砂）,0,140.245387,42.123888
None,トドマツ,土流保,None,渡島,47,に,0.77,None,八雲町,None,None,山地災害防止（土砂）,0,140.243025,42.1232
None,ブナ,土流保,None,渡島,48,は,29.02,None,八雲町,ミズナラ,他Ｌ,山地災害防止（土砂）,0,140.244516,42.119607
None,ブナ,土流保,None,渡島,48,は,29.02,None,八雲町,ミズナラ,他Ｌ,山地災害防止（土砂）,0,140.241697,42.122436
None,トドマツ,土流保,None,渡島,48,ほ,0.14,None,八雲町,None,None,山地災害防止（土砂）,0,140.241031,42.122241
None,ブナ,土流保,None,渡島,48,は,29.02,None,八雲町,ミズナラ,他Ｌ,山地災害防止（土砂）,0,140.240436,42.122188
None,トドマツ,土流保,None,渡島,48,い,10.01,None,八雲町,None,None,山地災害防止（土砂）,0,140.240872,42.120534
None,他Ｌ,土流保,None,渡島,48,に,40.31,None,八雲町,ブナ,ダケカンバ,自然維持,0,140.246239,42.116104
None,ブナ,土流保,None,渡島,48,は,29.02,None,八雲町,ミズナラ,他Ｌ,山地災害防止（土砂）,0,140.237277,42.12132
None,None,None,None,渡島,48,イ,1.15,None,八雲町,None,None,山地災害防止（土砂）,0,140.241891,42.122522
None,トドマツ,土流保,None,渡島,48,ろ,10.23,None,八雲町,None,None,山地災害防止（土砂）,0,140.234865,42.119777
None,ミズナラ,土流保,None,渡島,49,は,26.64,None,八雲町,イタヤカエデ,他Ｌ,山地災害防止（土砂）,0,140.231157,42.12083
None,トドマツ,土流保,None,渡島,48,へ,0.94,None,八雲町,None,None,山地災害防止（土砂）,0,140.232779,42.120259
None,ブナ,土流保,None,渡島,48,は,29.02,None,八雲町,ミズナラ,他Ｌ,山地災害防止（土砂）,0,140.231826,42.120519
None,None,None,None,渡島,49,イ,0.14,None,八雲町,None,None,山地災害防止（土砂）,0,140.230593,42.120154
None,他Ｌ,土流保,None,渡島,49,に,11.19,None,八雲町,ダケカンバ,ミズナラ,自然維持,0,140.236934,42.114733
None,ブナ,土流保,None,渡島,48,と,0.75,None,八雲町,ミズナラ,他Ｌ,山地災害防止（土砂）,0,140.233332,42.118918
None,ブナ,土流保,None,渡島,57,へ,36.21,None,八雲町,イタヤカエデ,他Ｌ,山地災害防止（土砂）,0,140.23139,42.117764
None,None,土流保,None,渡島,49,ロ,1.81,None,八雲町,None,None,山地災害防止（土砂）,0,140.23314,42.11747
None,トドマツ,土流保,None,渡島,57,ほ,1.63,None,八雲町,None,None,山地災害防止（土砂）,0,140.231137,42.11704
None,ミズナラ,土流保,None,渡島,49,は,26.64,None,八雲町,イタヤカエデ,他Ｌ,山地災害防止（土砂）,0,140.234146,42.115707
None,None,None,None,渡島,57,イ,1.14,None,八雲町,None,None,山地災害防止（土砂）,0,140.232197,42.11663
None,ダケカンバ,土流保,None,渡島,57,は,0.3,None,八雲町,None,トドマツ,山地災害防止（土砂）,0,140.231673,42.115498
None,トドマツ,土流保,None,渡島,49,い,1.05,None,八雲町,None,None,山地災害防止（土砂）,0,140.232143,42.114139
None,ブナ,土流保,None,渡島,73,ほ,19.38,None,八雲町,他Ｌ,イタヤカエデ,自然維持,0,140.230227,42.1332
None,トドマツ,土流保,None,渡島,73,ろ,7.01,None,八雲町,None,ダケカンバ,山地災害防止（土砂）,0,140.229187,42.130276
None,他Ｌ,土流保,None,渡島,72,に,29.12,None,八雲町,イタヤカエデ,ブナ,自然維持,0,140.223735,42.131269
None,トドマツ,土流保,None,渡島,72,い,2.52,None,八雲町,他Ｌ,ダケカンバ,山地災害防止（土砂）,0,140.227997,42.129643
None,ブナ,土流保,None,渡島,72,は,41.92,None,八雲町,イタヤカエデ,他Ｌ,山地災害防止（土砂）,0,140.22819,42.125115
None,他Ｌ,土流保,None,渡島,120,は,26.78,None,八雲町,イタヤカエデ,ブナ,自然維持,0,140.225059,42.134311
None,ダケカンバ,土流保,None,渡島,72,ろ,0.3,None,八雲町,他Ｌ,トドマツ,山地災害防止（土砂）,0,140.230686,42.121716
None,ブナ,土流保,None,渡島,57,へ,36.21,None,八雲町,イタヤカエデ,他Ｌ,山地災害防止（土砂）,0,140.229817,42.119029
None,トドマツ,土流保,None,渡島,57,ろ,0.14,None,八雲町,None,None,山地災害防止（土砂）,0,140.230111,42.119385
None,トドマツ,土流保,None,渡島,71,は,3.0,None,八雲町,None,ダケカンバ,山地災害防止（土砂）,0,140.228457,42.12069
None,トドマツ,土流保,None,渡島,71,ろ,1.32,None,八雲町,None,ダケカンバ,山地災害防止（土砂）,0,140.226531,42.119762
None,ブナ,土流保,None,渡島,71,に,46.48,None,八雲町,None,他Ｌ,山地災害防止（土砂）,0,140.223701,42.120754
None,トドマツ,土流保,None,渡島,57,と,0.17,None,八雲町,None,None,山地災害防止（土砂）,0,140.230241,42.118753
None,トドマツ,土流保,None,渡島,57,い,2.17,None,八雲町,None,None,山地災害防止（土砂）,0,140.229561,42.117977
None,トドマツ,土流保,None,渡島,58,い,0.6,None,八雲町,None,None,山地災害防止（土砂）,0,140.228055,42.117141
None,ブナ,土流保,None,渡島,57,り,0.65,None,八雲町,他Ｌ,トドマツ,山地災害防止（土砂）,0,140.230484,42.115238
None,トドマツ,土流保,None,渡島,58,ろ,2.62,None,八雲町,None,ダケカンバ,山地災害防止（土砂）,0,140.225718,42.116973
None,他Ｌ,土流保,None,渡島,58,は,74.59,None,八雲町,シナノキ,イタヤカエデ,山地災害防止（土砂）,0,140.220422,42.110829
None,ブナ,土流保,None,渡島,71,ほ,48.88,None,八雲町,イタヤカエデ,他Ｌ,自然維持,0,140.219948,42.123628
None,トドマツ,土流保,None,渡島,71,い,4.24,None,八雲町,None,ダケカンバ,山地災害防止（土砂）,0,140.221488,42.118018
None,None,土流保,None,渡島,45,イ,12.5,None,八雲町,None,None,自然維持,0,140.24429,42.111962
None,None,土流保,None,渡島,48,ロ,13.06,None,八雲町,None,None,自然維持,0,140.242267,42.11398
None,None,土流保,None,渡島,49,ハ,3.0,None,八雲町,None,None,自然維持,0,140.240111,42.112592
None,None,土流保,None,渡島,50,イ,23.14,None,八雲町,None,None,山地災害防止（土砂）,0,140.240878,42.109233
None,ダケカンバ,土流保,None,渡島,44,は,38.52,None,八雲町,ミズナラ,他Ｌ,自然維持,0,140.245448,42.106864
None,他Ｌ,土流保,None,渡島,50,は,4.69,None,八雲町,ミズナラ,ダケカンバ,自然維持,0,140.240965,42.106191
None,ブナ,土流保,None,渡島,50,い,14.99,None,八雲町,イタヤカエデ,他Ｌ,山地災害防止（土砂）,0,140.237818,42.109524
None,トドマツ,土流保,None,渡島,49,ろ,3.51,None,八雲町,None,None,山地災害防止（土砂）,0,140.232005,42.112582
None,トドマツ,土流保,None,渡島,56,は,0.23,None,八雲町,None,ダケカンバ,山地災害防止（土砂）,0,140.232841,42.109718
None,ダケカンバ,土流保,None,渡島,56,へ,20.55,None,八雲町,イタヤカエデ,他Ｌ,山地災害防止（土砂）,0,140.232541,42.109421
None,トドマツ,土流保,None,渡島,56,い,12.24,None,八雲町,None,None,山地災害防止（土砂）,0,140.231013,42.108288
None,ブナ,土流保,None,渡島,50,ろ,11.38,None,八雲町,イタヤカエデ,他Ｌ,山地災害防止（土砂）,0,140.237321,42.105781
None,他Ｌ,土流保,None,渡島,51,に,15.62,None,八雲町,ブナ,イタヤカエデ,山地災害防止（土砂）,0,140.235201,42.104893
None,トドマツ,土流保,None,渡島,51,ろ,2.85,None,八雲町,None,None,山地災害防止（土砂）,0,140.236282,42.103465
None,ダケカンバ,土流保,None,渡島,56,へ,20.55,None,八雲町,イタヤカエデ,他Ｌ,山地災害防止（土砂）,0,140.232997,42.108769
None,トドマツ,土流保,None,渡島,56,に,0.31,None,八雲町,None,None,山地災害防止（土砂）,0,140.232794,42.107788
None,ダケカンバ,土流保,None,渡島,56,へ,20.55,None,八雲町,イタヤカエデ,他Ｌ,山地災害防止（土砂）,0,140.232547,42.10845
None,None,None,None,渡島,56,イ,1.0,None,八雲町,None,None,山地災害防止（土砂）,0,140.230831,42.106164
None,ダケカンバ,土流保,None,渡島,56,へ,20.55,None,八雲町,イタヤカエデ,他Ｌ,山地災害防止（土砂）,0,140.231575,42.106652
None,トドマツ,土流保,None,渡島,51,い,1.65,None,八雲町,None,None,山地災害防止（土砂）,0,140.232123,42.104807
None,トドマツ,土流保,None,渡島,51,は,2.41,None,八雲町,None,None,山地災害防止（土砂）,0,140.23912,42.103027
None,トドマツ,土流保,None,渡島,52,ろ,17.84,None,八雲町,None,ダケカンバ,山地災害防止（土砂）,0,140.239564,42.100478
None,他Ｌ,土流保,None,渡島,52,は,3.0,None,八雲町,None,シナノキ,山地災害防止（土砂）,0,140.238882,42.098574
None,ダケカンバ,土流保,None,渡島,51,ほ,52.12,None,八雲町,ミズナラ,他Ｌ,自然維持,0,140.244709,42.096869
None,ブナ,土流保,None,渡島,52,に,30.49,None,八雲町,シナノキ,他Ｌ,山地災害防止（土砂）,0,140.238376,42.095012
None,ブナ,土流保,None,渡島,52,に,30.49,None,八雲町,シナノキ,他Ｌ,山地災害防止（土砂）,0,140.234961,42.102006
None,トドマツ,土流保,None,渡島,52,い,15.38,None,八雲町,None,ダケカンバ,山地災害防止（土砂）,0,140.236074,42.099258
None,ブナ,土流保,None,渡島,55,へ,3.72,None,八雲町,ダケカンバ,他Ｌ,山地災害防止（土砂）,0,140.233464,42.101287
None,トドマツ,土流保,None,渡島,55,は,4.92,None,八雲町,None,None,山地災害防止（土砂）,0,140.233082,42.102569
None,トドマツ,土流保,None,渡島,54,い,4.52,None,八雲町,None,None,山地災害防止（土砂）,0,140.231197,42.099301
None,トドマツ,土流保,None,渡島,53,い,10.83,None,八雲町,None,ダケカンバ,山地災害防止（土砂）,0,140.233993,42.094848
None,トドマツ,土流保,None,渡島,57,ち,0.1,None,八雲町,None,None,山地災害防止（土砂）,0,140.230274,42.113178
None,ブナ,土流保,None,渡島,57,へ,36.21,None,八雲町,イタヤカエデ,他Ｌ,山地災害防止（土砂）,0,140.227638,42.111102
None,ダケカンバ,土流保,None,渡島,56,へ,20.55,None,八雲町,イタヤカエデ,他Ｌ,山地災害防止（土砂）,0,140.230237,42.111102
None,トドマツ,土流保,None,渡島,57,に,0.44,None,八雲町,None,None,山地災害防止（土砂）,0,140.228053,42.108568
None,ブナ,土流保,None,渡島,56,ほ,1.31,None,八雲町,イタヤカエデ,他Ｌ,山地災害防止（土砂）,0,140.228719,42.10819
None,None,None,None,渡島,55,イ,0.06,None,八雲町,None,None,山地災害防止（土砂）,0,140.22985,42.105241
None,トドマツ,土流保,None,渡島,55,い,2.76,None,八雲町,None,None,山地災害防止（土砂）,0,140.229276,42.104183
None,トドマツ,土流保,None,渡島,56,ろ,11.58,None,八雲町,None,None,山地災害防止（土砂）,0,140.226152,42.106477
None,ダケカンバ,土流保,None,渡島,56,へ,20.55,None,八雲町,イタヤカエデ,他Ｌ,山地災害防止（土砂）,0,140.221056,42.106
None,ダケカンバ,土流保,None,渡島,56,と,7.19,None,八雲町,None,他Ｌ,自然維持,0,140.221031,42.103662
None,トドマツ,土流保,None,渡島,55,ろ,4.56,None,八雲町,None,None,山地災害防止（土砂）,0,140.229933,42.102383
None,ブナ,土流保,None,渡島,55,へ,3.72,None,八雲町,ダケカンバ,他Ｌ,山地災害防止（土砂）,0,140.229202,42.103155
None,ブナ,土流保,None,渡島,54,は,12.23,None,八雲町,他Ｌ,ダケカンバ,山地災害防止（土砂）,0,140.228723,42.098021
None,ダケカンバ,土流保,None,渡島,55,に,30.29,None,八雲町,他Ｌ,ブナ,山地災害防止（土砂）,0,140.225816,42.10187
None,ダケカンバ,土流保,None,渡島,55,ほ,22.88,None,八雲町,ブナ,他Ｌ,自然維持,0,140.223735,42.097364
None,トドマツ,土流保,None,渡島,54,ろ,4.78,None,八雲町,None,None,山地災害防止（土砂）,0,140.230604,42.096854
None,ブナ,土流保,None,渡島,53,ろ,8.87,None,八雲町,シナノキ,他Ｌ,山地災害防止（土砂）,0,140.230389,42.094481
None,None,土流保,None,渡島,55,ロ,12.56,None,八雲町,None,None,自然維持,0,140.221509,42.098519
None,None,土流保,None,渡島,60,イ,4.69,None,八雲町,None,None,自然維持,0,140.219779,42.09794
None,ダケカンバ,土流保,None,渡島,59,ろ,15.59,None,八雲町,他Ｌ,イタヤカエデ,自然維持,0,140.218578,42.102994
None,None,土流保,None,渡島,61,イ,2.31,None,八雲町,None,None,自然維持,0,140.220053,42.095957
None,None,土流保,None,渡島,62,イ,4.75,None,八雲町,None,None,自然維持,0,140.220398,42.094044
None,ブナ,土流保,None,渡島,124,い,12.26,None,八雲町,ダケカンバ,他Ｌ,山地災害防止（土砂）,0,140.210228,42.130827
None,他Ｌ,土流保,None,渡島,121,ろ,46.01,None,八雲町,イタヤカエデ,ダケカンバ,自然維持,0,140.218314,42.129198
None,他Ｌ,土流保,None,渡島,121,い,22.04,None,八雲町,ブナ,イタヤカエデ,山地災害防止（土砂）,0,140.214235,42.13118
None,他Ｌ,土流保,None,渡島,125,ろ,26.5,None,八雲町,ブナ,イタヤカエデ,自然維持,0,140.207909,42.133221
None,ダケカンバ,土流保,None,渡島,126,ろ,23.88,None,八雲町,他Ｌ,ブナ,自然維持,0,140.202379,42.135709
None,None,土流保,None,渡島,125,ロ,7.75,None,八雲町,None,None,自然維持,0,140.202566,42.132806
None,ブナ,土流保,None,渡島,122,い,8.26,None,八雲町,イタヤカエデ,他Ｌ,山地災害防止（土砂）,0,140.207131,42.127372
None,他Ｌ,土流保,None,渡島,124,ろ,51.7,None,八雲町,ブナ,ダケカンバ,自然維持,0,140.201494,42.128509
None,ブナ,土流保,None,渡島,70,ろ,31.38,None,八雲町,他Ｌ,イタヤカエデ,自然維持,0,140.211026,42.121072
None,ブナ,土流保,None,渡島,70,い,58.61,None,八雲町,イタヤカエデ,他Ｌ,山地災害防止（土砂）,0,140.211063,42.116378
None,他Ｌ,土流保,None,渡島,122,ろ,42.53,None,八雲町,ダケカンバ,ブナ,自然維持,0,140.206634,42.123953
None,他Ｌ,土流保,None,渡島,69,ろ,24.72,None,八雲町,ブナ,ダケカンバ,自然維持,0,140.203625,42.115792
None,ブナ,土流保,None,渡島,130,ろ,41.17,None,八雲町,ダケカンバ,他Ｌ,自然維持,0,140.198027,42.133874
None,ダケカンバ,土流保,None,渡島,132,い,62.51,None,八雲町,イタヤカエデ,他Ｌ,自然維持,0,140.191902,42.132175
None,ブナ,土流保,None,渡島,133,ろ,26.13,None,八雲町,ダケカンバ,他Ｌ,自然維持,0,140.183731,42.137936
None,ブナ,土流保,None,渡島,133,ろ,26.13,None,八雲町,ダケカンバ,他Ｌ,自然維持,0,140.189212,42.128754
None,None,土流保,None,渡島,133,イ,38.53,None,八雲町,None,None,自然維持,0,140.186128,42.130792
None,None,水涵保,None,渡島,7324,イ,4.07,None,八雲町,None,None,自然維持,0,140.186655,42.126932
None,他Ｌ,土流保,None,渡島,123,い,71.51,None,八雲町,ブナ,ダケカンバ,自然維持,0,140.194263,42.124321
None,None,土流保,None,渡島,68,イ,5.88,None,八雲町,None,None,自然維持,0,140.197207,42.118517
None,None,土流保,None,渡島,123,イ,4.81,None,八雲町,None,None,自然維持,0,140.188723,42.123879
None,None,土流保,None,渡島,67,イ,10.25,None,八雲町,None,None,自然維持,0,140.182912,42.117775
None,他Ｌ,土流保,None,渡島,67,い,86.67,None,八雲町,ブナ,ダケカンバ,自然維持,0,140.187418,42.118088
None,ブナ,土流保,None,渡島,69,い,34.44,None,八雲町,イタヤカエデ,他Ｌ,山地災害防止（土砂）,0,140.207593,42.112749
None,ブナ,土流保,None,渡島,59,い,60.29,None,八雲町,イタヤカエデ,他Ｌ,山地災害防止（土砂）,0,140.21429,42.106724
None,他Ｌ,土流保,None,渡島,66,い,20.92,None,八雲町,イタヤカエデ,ブナ,山地災害防止（土砂）,0,140.204119,42.110327
None,ブナ,土流保,None,渡島,65,い,34.46,None,八雲町,他Ｌ,イタヤカエデ,山地災害防止（土砂）,0,140.20528,42.10604
None,イタヤカエデ,土流保,None,渡島,65,ろ,22.44,None,八雲町,他Ｌ,ダケカンバ,自然維持,0,140.201056,42.105398
None,ブナ,土流保,None,渡島,60,い,46.53,None,八雲町,他Ｌ,イタヤカエデ,山地災害防止（土砂）,0,140.212845,42.098897
None,ダケカンバ,土流保,None,渡島,60,ろ,16.63,None,八雲町,イタヤカエデ,他Ｌ,自然維持,0,140.218021,42.097008
None,他Ｌ,土流保,None,渡島,61,ろ,27.22,None,八雲町,ダケカンバ,ブナ,自然維持,0,140.209901,42.093988
None,ブナ,土流保,None,渡島,61,い,11.21,None,八雲町,イタヤカエデ,他Ｌ,山地災害防止（土砂）,0,140.208015,42.09689
None,ブナ,土流保,None,渡島,63,い,18.99,None,八雲町,イタヤカエデ,他Ｌ,山地災害防止（土砂）,0,140.204788,42.098143
None,他Ｌ,土流保,None,渡島,64,い,16.29,None,八雲町,ブナ,ダケカンバ,自然維持,0,140.201515,42.099387
None,他Ｌ,土流保,None,渡島,63,ろ,18.44,None,八雲町,イタヤカエデ,ブナ,自然維持,0,140.205153,42.093955
None,None,土流保,None,渡島,63,イ,10.94,None,八雲町,None,None,自然維持,0,140.198404,42.095184
None,他Ｌ,土流保,None,渡島,68,い,43.64,None,八雲町,イタヤカエデ,ダケカンバ,自然維持,0,140.198492,42.114769
None,他Ｌ,土流保,None,渡島,66,ろ,35.88,None,八雲町,イタヤカエデ,ダケカンバ,自然維持,0,140.196899,42.110591
None,ダケカンバ,土流保,None,渡島,64,ろ,48.11,None,八雲町,ブナ,他Ｌ,自然維持,0,140.195625,42.10558
None,他Ｌ,土流保,None,渡島,7346,ろ,19.5,None,八雲町,ブナ,ダケカンバ,自然維持,0,140.190336,42.1067
None,None,土流保,None,渡島,64,イ,8.31,None,八雲町,None,None,自然維持,0,140.191822,42.103524
None,ダケカンバ,土流保,None,渡島,64,ろ,48.11,None,八雲町,ブナ,他Ｌ,自然維持,0,140.197878,42.099536
None,None,土流保,None,渡島,64,ロ,8.44,None,八雲町,None,None,自然維持,0,140.195129,42.101194
None,他Ｌ,土流保,None,渡島,7347,ろ,34.56,None,八雲町,ブナ,ダケカンバ,自然維持,0,140.192907,42.098442
None,None,土流保,None,渡島,64,イ,8.31,None,八雲町,None,None,自然維持,0,140.197113,42.097068
None,ブナ,土流保,None,渡島,7347,い,44.64,None,八雲町,イタヤカエデ,他Ｌ,山地災害防止（土砂）,0,140.187299,42.100196
None,他Ｌ,土流保,None,渡島,52,ほ,32.05,None,八雲町,センノキ,ダケカンバ,自然維持,0,140.2393,42.090213
None,ブナ,土流保,None,渡島,37,ろ,40.29,None,八雲町,ダケカンバ,他Ｌ,自然維持,0,140.244299,42.085736
None,他Ｌ,土流保,None,渡島,53,は,47.55,None,八雲町,ブナ,ダケカンバ,自然維持,0,140.231808,42.091129
None,ダケカンバ,土流保,None,渡島,35,ろ,63.53,None,八雲町,ブナ,他Ｌ,自然維持,0,140.238993,42.083721
None,他Ｌ,土流保,None,渡島,36,ろ,27.38,None,八雲町,ブナ,ダケカンバ,自然維持,0,140.243261,42.079372
None,ブナ,土流保,None,渡島,36,い,29.65,None,八雲町,イタヤカエデ,他Ｌ,山地災害防止（土砂）,0,140.245612,42.076203
None,ブナ,土流保,None,渡島,32,い,31.27,None,八雲町,イタヤカエデ,他Ｌ,山地災害防止（土砂）,0,140.241539,42.073534
None,ブナ,土流保,None,渡島,35,い,30.86,None,八雲町,イタヤカエデ,他Ｌ,山地災害防止（土砂）,0,140.236323,42.07716
None,None,土流保,None,渡島,35,イ,11.88,None,八雲町,None,None,山地災害防止（土砂）,0,140.232752,42.08044
None,ブナ,土流保,None,渡島,33,い,29.38,None,八雲町,イタヤカエデ,他Ｌ,山地災害防止（土砂）,0,140.231049,42.075166
None,None,土流保,None,渡島,33,イ,3.75,None,八雲町,None,None,山地災害防止（土砂）,0,140.23199,42.072332
None,ダケカンバ,土流保,None,渡島,54,に,41.69,None,八雲町,ブナ,他Ｌ,自然維持,0,140.225811,42.094575
None,None,土流保,None,渡島,54,イ,14.35,None,八雲町,None,None,自然維持,0,140.222247,42.09296
None,ダケカンバ,土流保,None,渡島,34,ろ,25.2,None,八雲町,ブナ,他Ｌ,自然維持,0,140.22717,42.082605
None,ブナ,土流保,None,渡島,34,い,29.45,None,八雲町,イタヤカエデ,他Ｌ,山地災害防止（土砂）,0,140.229251,42.079188
None,ダケカンバ,土流保,None,渡島,33,ろ,5.38,None,八雲町,ミズナラ,他Ｌ,自然維持,0,140.223728,42.076911
None,ダケカンバ,土流保,None,渡島,31,ろ,23.56,None,八雲町,ミズナラ,他Ｌ,自然維持,0,140.244613,42.068015
None,他Ｌ,土流保,None,渡島,32,ろ,17.44,None,八雲町,ブナ,ダケカンバ,自然維持,0,140.239404,42.067797
None,ダケカンバ,土流保,None,渡島,62,い,60.14,None,八雲町,ブナ,他Ｌ,自然維持,0,140.208242,42.090051
None,None,土流保,None,渡島,63,ロ,10.44,None,八雲町,None,None,自然維持,0,140.201451,42.092053
None,他Ｌ,土流保,None,渡島,7352,ろ,77.36,None,八雲町,ダケカンバ,ブナ,自然維持,0,140.194956,42.091823
None,他Ｌ,土流保,None,渡島,7353,ろ,46.88,None,八雲町,ダケカンバ,ブナ,自然維持,0,140.19337,42.084012
None,他Ｌ,土流保,None,渡島,7352,い,18.84,None,八雲町,イタヤカエデ,ブナ,山地災害防止（土砂）,0,140.189013,42.090265
None,ブナ,土流保,None,渡島,7353,い,43.75,None,八雲町,ダケカンバ,他Ｌ,山地災害防止（土砂）,0,140.186696,42.086531
None,他Ｌ,土流保,None,渡島,7358,ろ,29.09,None,八雲町,ブナ,ダケカンバ,自然維持,0,140.189211,42.07908
None,他Ｌ,土流保,None,渡島,7354,は,11.19,None,八雲町,ダケカンバ,ブナ,自然維持,0,140.186269,42.080898
None,ブナ,土流保,None,渡島,7359,ろ,30.12,None,八雲町,他Ｌ,ダケカンバ,自然維持,0,140.192153,42.076201
None,ブナ,土流保,None,渡島,7359,い,29.0,None,八雲町,イタヤカエデ,他Ｌ,山地災害防止（土砂）,0,140.188309,42.072178
None,他Ｌ,土流保,None,渡島,7360,ろ,11.53,None,八雲町,ダケカンバ,ブナ,自然維持,0,140.191499,42.068892
None,ブナ,土流保,None,渡島,7360,い,39.76,None,八雲町,ダケカンバ,他Ｌ,山地災害防止（土砂）,0,140.176732,42.071068
None,None,水涵保,None,渡島,7323,イ,12.15,None,八雲町,None,None,自然維持,0,140.176299,42.133801
None,ブナ,水涵保,None,渡島,7323,い,84.77,None,八雲町,ダケカンバ,他Ｌ,自然維持,0,140.173215,42.129781
None,ブナ,水涵保,None,渡島,7324,い,89.75,None,八雲町,ダケカンバ,他Ｌ,自然維持,0,140.180589,42.123661
None,ブナ,水涵保,None,渡島,7325,い,81.22,None,八雲町,ダケカンバ,他Ｌ,自然維持,0,140.17824,42.116973
None,他Ｌ,水涵保,None,渡島,7322,ろ,47.29,None,八雲町,ダケカンバ,ブナ,自然維持,0,140.166811,42.129677
None,他Ｌ,水涵保,None,渡島,7322,い,4.66,None,八雲町,None,イタヤカエデ,自然維持,0,140.157294,42.126969
None,ブナ,水涵保,None,渡島,7321,い,3.59,None,八雲町,イタヤカエデ,他Ｌ,自然維持,0,140.155824,42.127548
None,他Ｌ,水涵保,None,渡島,7326,い,9.47,None,八雲町,None,イタヤカエデ,自然維持,0,140.155517,42.125563
None,他Ｌ,水涵保,None,渡島,7326,ろ,85.91,None,八雲町,ダケカンバ,ブナ,自然維持,0,140.165172,42.120998
None,他Ｌ,水涵保,None,渡島,7327,ろ,47.46,None,八雲町,ダケカンバ,ブナ,自然維持,0,140.157794,42.120132
None,他Ｌ,土流保,None,渡島,7345,ろ,49.91,None,八雲町,ブナ,ダケカンバ,自然維持,0,140.183044,42.112105
None,他Ｌ,土流保,None,渡島,7344,ろ,56.22,None,八雲町,ダケカンバ,ブナ,自然維持,0,140.177531,42.111177
None,ブナ,土流保,None,渡島,7345,い,21.72,None,八雲町,ダケカンバ,他Ｌ,山地災害防止（土砂）,0,140.183109,42.106945
None,ブナ,土流保,None,渡島,7344,い,42.19,None,八雲町,イタヤカエデ,他Ｌ,山地災害防止（土砂）,0,140.178895,42.106022
None,ブナ,土流保,None,渡島,7346,い,34.79,None,八雲町,ダケカンバ,他Ｌ,山地災害防止（土砂）,0,140.186004,42.105054
None,他Ｌ,土流保,None,渡島,7348,ろ,16.25,None,八雲町,ダケカンバ,ブナ,自然維持,0,140.182404,42.095793
None,他Ｌ,土流保,None,渡島,7351,ろ,26.38,None,八雲町,ダケカンバ,ブナ,自然維持,0,140.186924,42.094387
None,ブナ,土流保,None,渡島,7348,い,50.91,None,八雲町,イタヤカエデ,他Ｌ,山地災害防止（土砂）,0,140.172377,42.097007
None,ブナ,土流保,None,渡島,7349,は,3.03,None,八雲町,ダケカンバ,他Ｌ,自然維持,0,140.174723,42.093385
None,ブナ,土流保,None,渡島,7349,ろ,42.6,None,八雲町,他Ｌ,イタヤカエデ,山地災害防止（土砂）,0,140.168826,42.092105
None,ブナ,水涵保,None,渡島,7329,い,53.81,None,八雲町,ダケカンバ,他Ｌ,自然維持,0,140.164535,42.113998
None,他Ｌ,土流保,None,渡島,7343,ろ,34.66,None,八雲町,ダケカンバ,ブナ,自然維持,0,140.161794,42.104067
None,ブナ,水涵保,None,渡島,7330,い,58.35,None,八雲町,他Ｌ,ダケカンバ,自然維持,0,140.164054,42.108392
None,他Ｌ,水涵保,None,渡島,7328,ろ,61.91,None,八雲町,ダケカンバ,ブナ,自然維持,0,140.156814,42.113107
None,None,None,None,渡島,7332,イ,0.03,None,八雲町,None,None,自然維持,0,140.158558,42.10595
None,ブナ,水涵保,None,渡島,7332,ち,14.83,None,八雲町,ダケカンバ,他Ｌ,自然維持,0,140.155137,42.107782
None,他Ｌ,水涵保,None,渡島,7335,る,11.53,None,八雲町,None,ダケカンバ,自然維持,0,140.156143,42.104882
None,ブナ,水涵保,None,渡島,7334,わ,2.06,None,八雲町,イタヤカエデ,他Ｌ,自然維持,0,140.154084,42.105668
None,ブナ,土流保,None,渡島,7343,い,59.02,None,八雲町,イタヤカエデ,他Ｌ,山地災害防止（土砂）,0,140.16704,42.100242
None,ブナ,土流保,None,渡島,7342,い,31.35,None,八雲町,イタヤカエデ,他Ｌ,山地災害防止（土砂）,0,140.163902,42.095704
None,ブナ,土流保,None,渡島,7342,ろ,18.55,None,八雲町,イタヤカエデ,他Ｌ,山地災害防止（土砂）,0,140.16286,42.092649
None,他Ｌ,水涵保,None,渡島,7336,ほ,7.06,None,八雲町,イタヤカエデ,ブナ,自然維持,0,140.157342,42.102526
None,トドマツ,水涵保,None,渡島,7335,ち,2.37,None,八雲町,None,他Ｌ,水源涵養,0,140.153366,42.101599
None,ブナ,水涵保,None,渡島,7335,り,20.55,None,八雲町,他Ｌ,イタヤカエデ,水源涵養,0,140.154721,42.100951
None,ブナ,水涵保,None,渡島,7335,ぬ,5.75,None,八雲町,他Ｌ,イタヤカエデ,水源涵養,0,140.152491,42.0984
None,ブナ,土流保,None,渡島,7340,り,8.06,None,八雲町,他Ｌ,イタヤカエデ,山地災害防止（土砂）,0,140.156968,42.093634
None,ブナ,水涵保,None,渡島,7336,に,44.77,None,八雲町,イタヤカエデ,他Ｌ,水源涵養,0,140.15517,42.09659
None,他Ｌ,水涵保,None,渡島,7336,は,1.66,None,八雲町,イタヤカエデ,ブナ,水源涵養,0,140.153689,42.093251
None,ブナ,水涵保,None,渡島,7317,ろ,42.85,None,八雲町,ダケカンバ,他Ｌ,自然維持,0,140.152251,42.130113
None,ブナ,水涵保,None,渡島,7312,い,80.31,None,八雲町,他Ｌ,ダケカンバ,自然維持,0,140.135866,42.13038
None,ブナ,水涵保,None,渡島,7316,ろ,65.78,None,八雲町,他Ｌ,ダケカンバ,自然維持,0,140.143628,42.12955
None,ブナ,水涵保,None,渡島,7317,い,21.56,None,八雲町,イタヤカエデ,他Ｌ,自然維持,0,140.151624,42.124823
None,他Ｌ,水涵保,None,渡島,7327,い,19.16,None,八雲町,イタヤカエデ,ブナ,自然維持,0,140.151694,42.121217
None,ブナ,水涵保,None,渡島,7316,い,18.6,None,八雲町,イタヤカエデ,他Ｌ,自然維持,0,140.145518,42.12329
None,他Ｌ,水涵保,None,渡島,7328,い,29.31,None,八雲町,イタヤカエデ,ブナ,自然維持,0,140.149766,42.116954
None,他Ｌ,水涵保,None,渡島,7331,よ,8.78,None,八雲町,ブナ,ダケカンバ,自然維持,0,140.146319,42.115479
None,他Ｌ,水涵保,None,渡島,7315,ろ,16.06,None,八雲町,ブナ,イタヤカエデ,自然維持,0,140.142787,42.121258
None,他Ｌ,水涵保,None,渡島,7315,は,30.99,None,八雲町,ブナ,ダケカンバ,自然維持,0,140.138103,42.124247
None,他Ｌ,水涵保,None,渡島,7315,い,14.81,None,八雲町,None,イタヤカエデ,自然維持,0,140.14207,42.118108
None,トドマツ,水涵保,None,渡島,7331,い,5.52,None,八雲町,None,None,自然維持,0,140.139569,42.114347
None,ブナ,水涵保,None,渡島,7311,い,69.4,None,八雲町,他Ｌ,ダケカンバ,自然維持,0,140.134942,42.135947
None,ブナ,水涵保,None,渡島,7310,い,107.31,None,八雲町,ダケカンバ,他Ｌ,自然維持,0,140.12677,42.134803
None,他Ｌ,水涵保,None,渡島,7314,ろ,43.85,None,八雲町,ダケカンバ,ブナ,自然維持,0,140.132213,42.123233
None,ブナ,水涵保,None,渡島,7314,い,50.25,None,八雲町,イタヤカエデ,他Ｌ,自然維持,0,140.132368,42.118626
None,他Ｌ,水涵保,None,渡島,7313,ろ,27.84,None,八雲町,ダケカンバ,ブナ,自然維持,0,140.126608,42.12416
None,ブナ,水涵保,None,渡島,7313,い,40.06,None,八雲町,イタヤカエデ,他Ｌ,自然維持,0,140.124082,42.118751
None,他Ｌ,水涵保,None,渡島,7331,た,14.78,None,八雲町,ダケカンバ,ブナ,自然維持,0,140.151683,42.111347
None,ブナ,水涵保,None,渡島,7332,と,9.58,None,八雲町,イタヤカエデ,他Ｌ,自然維持,0,140.150495,42.107405
None,他Ｌ,水涵保,None,渡島,7331,か,43.01,None,八雲町,ニレ,ブナ,自然維持,0,140.146718,42.110684
None,トドマツ,水涵保,None,渡島,7334,ぬ,3.06,None,八雲町,None,None,水源涵養,0,140.151355,42.105673
None,ブナ,水涵保,None,渡島,7334,る,21.72,None,八雲町,イタヤカエデ,他Ｌ,水源涵養,0,140.152932,42.104907
None,トドマツ,水涵保,None,渡島,7334,り,3.0,None,八雲町,None,None,水源涵養,0,140.150395,42.10418
None,トドマツ,水涵保,None,渡島,7332,に,5.01,None,八雲町,None,None,自然維持,0,140.148102,42.105955
None,トドマツ,水涵保,None,渡島,7332,は,7.38,None,八雲町,None,None,自然維持,0,140.146126,42.10802
None,ブナ,水涵保,None,渡島,7332,ほ,3.84,None,八雲町,イタヤカエデ,他Ｌ,自然維持,0,140.150006,42.105943
None,ブナ,水涵保,None,渡島,7333,り,17.98,None,八雲町,他Ｌ,イタヤカエデ,自然維持,0,140.145638,42.104456
None,トドマツ,水涵保,None,渡島,7331,は,3.15,None,八雲町,None,None,自然維持,0,140.143788,42.113297
None,スギ,水涵保,None,渡島,7331,へ,4.7,None,八雲町,None,None,自然維持,0,140.143131,42.112321
None,他Ｌ,水涵保,None,渡島,7331,わ,8.37,None,八雲町,ニレ,ブナ,自然維持,0,140.142705,42.111706
None,トチノキ,水涵保,None,渡島,7331,れ,0.06,None,八雲町,None,None,自然維持,0,140.141904,42.112354
None,カツラ,水涵保,None,渡島,7331,る,0.28,None,八雲町,None,None,自然維持,0,140.141538,42.112247
None,スギ,水涵保,None,渡島,7331,と,1.5,None,八雲町,None,None,自然維持,0,140.141738,42.111661
None,他Ｌ,水涵保,None,渡島,7331,わ,8.37,None,八雲町,ニレ,ブナ,自然維持,0,140.144463,42.109793
None,トドマツ,水涵保,None,渡島,7331,り,2.35,None,八雲町,None,None,自然維持,0,140.143515,42.109976
None,ブナ,水涵保,None,渡島,7332,ほ,3.84,None,八雲町,イタヤカエデ,他Ｌ,自然維持,0,140.144092,42.109042
None,スギ,水涵保,None,渡島,7331,ち,3.61,None,八雲町,None,None,自然維持,0,140.141589,42.110605
None,他Ｌ,水涵保,None,渡島,7331,わ,8.37,None,八雲町,ニレ,ブナ,自然維持,0,140.140737,42.114227
None,ヤチダモ,水涵保,None,渡島,7331,ぬ,0.74,None,八雲町,None,None,自然維持,0,140.14076,42.111508
None,None,水涵保,None,渡島,7331,イ,1.58,None,八雲町,None,None,自然維持,0,140.140327,42.112223
None,他Ｌ,水涵保,None,渡島,7331,か,43.01,None,八雲町,ニレ,ブナ,自然維持,0,140.139475,42.110597
None,トドマツ,水涵保,None,渡島,7332,ろ,4.55,None,八雲町,None,None,自然維持,0,140.14039,42.109276
None,トドマツ,水涵保,None,渡島,7332,ろ,4.55,None,八雲町,None,None,自然維持,0,140.13915,42.108817
None,ブナ,水涵保,None,渡島,7332,ほ,3.84,None,八雲町,イタヤカエデ,他Ｌ,自然維持,0,140.139014,42.110513
None,トドマツ,水涵保,None,渡島,7331,に,5.38,None,八雲町,None,None,自然維持,0,140.138571,42.110021
None,他Ｌ,水涵保,None,渡島,7331,わ,8.37,None,八雲町,ニレ,ブナ,自然維持,0,140.13886,42.110044
None,他Ｌ,水涵保,None,渡島,7331,わ,8.37,None,八雲町,ニレ,ブナ,自然維持,0,140.13827,42.11014
None,None,None,None,渡島,7331,ロ,0.44,None,八雲町,None,None,自然維持,0,140.139137,42.109365
None,トドマツ,水涵保,None,渡島,7332,ろ,4.55,None,八雲町,None,None,自然維持,0,140.138974,42.108818
None,None,None,None,渡島,7332,イ,0.03,None,八雲町,None,None,自然維持,0,140.139187,42.108976
None,他Ｌ,水涵保,None,渡島,7331,わ,8.37,None,八雲町,ニレ,ブナ,自然維持,0,140.138371,42.108788
None,ブナ,水涵保,None,渡島,7332,へ,16.25,None,八雲町,他Ｌ,イタヤカエデ,自然維持,0,140.141657,42.106918
None,トドマツ,水涵保,None,渡島,7333,ほ,3.66,None,八雲町,None,None,自然維持,0,140.143408,42.10331
None,None,None,None,渡島,7331,ロ,0.44,None,八雲町,None,None,自然維持,0,140.13841,42.108379
None,他Ｌ,水涵保,None,渡島,7331,わ,8.37,None,八雲町,ニレ,ブナ,自然維持,0,140.138318,42.108005
None,トドマツ,水涵保,None,渡島,7332,い,1.08,None,八雲町,None,None,自然維持,0,140.138875,42.106374
None,トドマツ,水涵保,None,渡島,7335,と,3.0,None,八雲町,None,ダケカンバ,水源涵養,0,140.15229,42.101268
None,トドマツ,水涵保,None,渡島,7335,わ,0.24,None,八雲町,None,None,水源涵養,0,140.150666,42.101826
None,トドマツ,水涵保,None,渡島,7335,へ,1.19,None,八雲町,None,ホオノキ,水源涵養,0,140.151158,42.101214
None,トドマツ,水涵保,None,渡島,7334,れ,0.3,None,八雲町,None,None,水源涵養,0,140.150195,42.101858
None,ブナ,水涵保,None,渡島,7335,り,20.55,None,八雲町,他Ｌ,イタヤカエデ,水源涵養,0,140.150545,42.101512
None,トドマツ,水涵保,None,渡島,7334,そ,0.2,None,八雲町,None,None,水源涵養,0,140.1495,42.101355
None,トドマツ,水涵保,None,渡島,7335,わ,0.24,None,八雲町,None,None,水源涵養,0,140.149805,42.100985
None,トドマツ,水涵保,None,渡島,7335,ほ,3.81,None,八雲町,None,ダケカンバ,水源涵養,0,140.150284,42.09948
None,トドマツ,水涵保,None,渡島,7335,か,1.12,None,八雲町,None,None,水源涵養,0,140.149096,42.100543
None,トドマツ,水涵保,None,渡島,7335,に,1.38,None,八雲町,None,None,水源涵養,0,140.149131,42.098798
None,トドマツ,水涵保,None,渡島,7334,ち,4.15,None,八雲町,None,None,水源涵養,0,140.148637,42.102171
None,トドマツ,水涵保,None,渡島,7334,と,4.48,None,八雲町,None,None,水源涵養,0,140.146797,42.101459
None,トドマツ,水涵保,None,渡島,7334,つ,0.14,None,八雲町,None,None,水源涵養,0,140.148242,42.100102
None,トドマツ,水涵保,None,渡島,7335,よ,0.23,None,八雲町,None,None,水源涵養,0,140.148593,42.100161
None,ブナ,水涵保,None,渡島,7335,り,20.55,None,八雲町,他Ｌ,イタヤカエデ,水源涵養,0,140.145519,42.095531
None,ブナ,水涵保,None,渡島,7334,る,21.72,None,八雲町,イタヤカエデ,他Ｌ,水源涵養,0,140.148276,42.104084
None,トドマツ,水涵保,None,渡島,7334,へ,3.63,None,八雲町,None,None,水源涵養,0,140.145582,42.099505
None,トドマツ,水涵保,None,渡島,7335,は,2.06,None,八雲町,None,None,水源涵養,0,140.15109,42.097819
None,トドマツ,水涵保,None,渡島,7335,ろ,7.5,None,八雲町,None,None,水源涵養,0,140.148684,42.096806
None,トドマツ,水涵保,None,渡島,7336,ろ,2.91,None,八雲町,None,None,水源涵養,0,140.152669,42.093899
None,トドマツ,水涵保,None,渡島,7334,ほ,2.59,None,八雲町,None,None,水源涵養,0,140.145167,42.097872
None,トドマツ,水涵保,None,渡島,7335,い,1.42,None,八雲町,None,None,水源涵養,0,140.146458,42.096252
None,トドマツ,水涵保,None,渡島,7336,い,2.5,None,八雲町,None,None,水源涵養,0,140.148542,42.094245
None,他Ｌ,水涵保,None,渡島,7336,は,1.66,None,八雲町,イタヤカエデ,ブナ,水源涵養,0,140.14696,42.094597
None,アカエゾマツ,水涵保,None,渡島,7334,よ,1.45,None,八雲町,None,None,水源涵養,0,140.144636,42.100898
None,アカエゾマツ,水涵保,None,渡島,7333,わ,0.49,None,八雲町,None,None,自然維持,0,140.143247,42.100948
None,トドマツ,水涵保,None,渡島,7333,に,3.5,None,八雲町,None,None,自然維持,0,140.142382,42.102162
None,アカエゾマツ,水涵保,None,渡島,7334,た,0.06,None,八雲町,None,None,水源涵養,0,140.143052,42.099123
None,トドマツ,水涵保,None,渡島,7334,ほ,2.59,None,八雲町,None,None,水源涵養,0,140.143994,42.098055
None,トドマツ,水涵保,None,渡島,7333,る,0.84,None,八雲町,None,None,自然維持,0,140.142386,42.099839
None,ブナ,水涵保,None,渡島,7333,と,7.07,None,八雲町,他Ｌ,イタヤカエデ,自然維持,0,140.139649,42.098467
None,アカエゾマツ,水涵保,None,渡島,7333,か,0.4,None,八雲町,None,None,自然維持,0,140.142462,42.098919
None,トドマツ,水涵保,None,渡島,7333,ろ,3.21,None,八雲町,None,他Ｌ,自然維持,0,140.141398,42.09799
None,None,None,None,渡島,7333,ロ,0.57,None,八雲町,None,None,自然維持,0,140.140288,42.10252
None,ブナ,水涵保,None,渡島,7333,と,7.07,None,八雲町,他Ｌ,イタヤカエデ,自然維持,0,140.140059,42.101651
None,スギ,水涵保,None,渡島,7333,ぬ,0.43,None,八雲町,None,None,自然維持,0,140.139581,42.100843
None,スギ,水涵保,None,渡島,7333,へ,0.5,None,八雲町,None,None,自然維持,0,140.138391,42.100881
None,ブナ,水涵保,None,渡島,7333,と,7.07,None,八雲町,他Ｌ,イタヤカエデ,自然維持,0,140.139045,42.100512
None,トドマツ,水涵保,None,渡島,7333,は,3.84,None,八雲町,None,None,自然維持,0,140.140647,42.100056
None,None,None,None,渡島,7333,イ,0.86,None,八雲町,None,None,自然維持,0,140.139897,42.097689
None,トドマツ,水涵保,None,渡島,7333,い,5.55,None,八雲町,None,None,自然維持,0,140.139458,42.097971
None,ブナ,水涵保,None,渡島,7333,り,17.98,None,八雲町,他Ｌ,イタヤカエデ,自然維持,0,140.138072,42.099829
None,ブナ,水涵保,None,渡島,7333,と,7.07,None,八雲町,他Ｌ,イタヤカエデ,自然維持,0,140.1383,42.100188
None,None,水涵保,None,渡島,7333,ホ,0.05,None,八雲町,None,None,自然維持,0,140.138,42.099626
None,None,水涵保,None,渡島,7333,ハ,0.1,None,八雲町,None,None,自然維持,0,140.137117,42.099166
None,ブナ,水涵保,None,渡島,7333,り,17.98,None,八雲町,他Ｌ,イタヤカエデ,自然維持,0,140.137792,42.099291
None,ブナ,水涵保,None,渡島,7333,り,17.98,None,八雲町,他Ｌ,イタヤカエデ,自然維持,0,140.137008,42.09963
None,トドマツ,水涵保,None,渡島,7334,に,1.5,None,八雲町,None,None,水源涵養,0,140.144456,42.096908
None,トドマツ,水涵保,None,渡島,7334,に,1.5,None,八雲町,None,None,水源涵養,0,140.143631,42.096989
None,ブナ,水涵保,None,渡島,7334,る,21.72,None,八雲町,イタヤカエデ,他Ｌ,水源涵養,0,140.14377,42.096506
None,ブナ,水涵保,None,渡島,7333,と,7.07,None,八雲町,他Ｌ,イタヤカエデ,自然維持,0,140.14225,42.097311
None,None,None,None,渡島,7334,イ,0.09,None,八雲町,None,None,水源涵養,0,140.144096,42.097294
None,トドマツ,水涵保,None,渡島,7334,は,2.56,None,八雲町,None,None,水源涵養,0,140.141763,42.096654
None,トドマツ,水涵保,None,渡島,7334,は,2.56,None,八雲町,None,None,水源涵養,0,140.141454,42.095977
None,ブナ,水涵保,None,渡島,7334,か,9.3,None,八雲町,イタヤカエデ,他Ｌ,水源涵養,0,140.142611,42.095129
None,トドマツ,水涵保,None,渡島,7333,い,5.55,None,八雲町,None,None,自然維持,0,140.140706,42.09717
None,ブナ,水涵保,None,渡島,7333,と,7.07,None,八雲町,他Ｌ,イタヤカエデ,自然維持,0,140.140039,42.097616
None,トドマツ,水涵保,None,渡島,7333,い,5.55,None,八雲町,None,None,自然維持,0,140.139251,42.097074
None,ブナ,水涵保,None,渡島,7334,る,21.72,None,八雲町,イタヤカエデ,他Ｌ,水源涵養,0,140.140453,42.095801
None,ブナ,水涵保,None,渡島,7333,と,7.07,None,八雲町,他Ｌ,イタヤカエデ,自然維持,0,140.140023,42.096041
None,トドマツ,水涵保,None,渡島,7334,ろ,4.33,None,八雲町,None,None,水源涵養,0,140.139558,42.095092
None,ブナ,水涵保,None,渡島,7333,と,7.07,None,八雲町,他Ｌ,イタヤカエデ,自然維持,0,140.138901,42.095928
None,ブナ,水涵保,None,渡島,7337,い,26.93,None,八雲町,他Ｌ,イタヤカエデ,水源涵養,0,140.135374,42.091714
None,トドマツ,水涵保,None,渡島,7331,ろ,1.66,None,八雲町,None,None,自然維持,0,140.135853,42.111791
None,トドマツ,水涵保,None,渡島,7331,に,5.38,None,八雲町,None,None,自然維持,0,140.137115,42.109551
None,他Ｌ,水涵保,None,渡島,7331,わ,8.37,None,八雲町,ニレ,ブナ,自然維持,0,140.135638,42.109016
None,トドマツ,水涵保,None,渡島,7331,ほ,0.81,None,八雲町,None,None,自然維持,0,140.13479,42.108704
None,ブナ,水涵保,None,渡島,7306,い,43.19,None,八雲町,イタヤカエデ,他Ｌ,森林空間利用,0,140.123097,42.10616
None,ブナ,水涵保,None,渡島,7333,り,17.98,None,八雲町,他Ｌ,イタヤカエデ,自然維持,0,140.135174,42.100624
None,ブナ,水涵保,None,渡島,7333,り,17.98,None,八雲町,他Ｌ,イタヤカエデ,自然維持,0,140.135691,42.100232
None,None,None,None,渡島,7333,ロ,0.57,None,八雲町,None,None,自然維持,0,140.135921,42.10035
None,None,None,None,渡島,7333,イ,0.86,None,八雲町,None,None,自然維持,0,140.135697,42.100325
None,None,None,None,渡島,7305,イ,1.81,None,八雲町,None,None,山地災害防止（土砂）,0,140.126453,42.094526
None,None,水涵保,None,渡島,7333,ニ,0.03,None,八雲町,None,None,自然維持,0,140.136998,42.099016
None,None,水涵保,None,渡島,7305,ロ,0.02,None,八雲町,None,None,山地災害防止（土砂）,0,140.136869,42.098989
None,ブナ,水涵保,None,渡島,7305,は,20.19,None,八雲町,ミズナラ,他Ｌ,山地災害防止（土砂）,0,140.133939,42.098779
None,トドマツ,水涵保,None,渡島,7305,い,0.23,None,八雲町,None,None,山地災害防止（土砂）,0,140.132695,42.097779
None,ブナ,水涵保,None,渡島,7333,り,17.98,None,八雲町,他Ｌ,イタヤカエデ,自然維持,0,140.136819,42.096202
None,ブナ,水涵保,None,渡島,7334,か,9.3,None,八雲町,イタヤカエデ,他Ｌ,水源涵養,0,140.135234,42.093374
None,ブナ,水涵保,None,渡島,7334,る,21.72,None,八雲町,イタヤカエデ,他Ｌ,水源涵養,0,140.135503,42.094083
None,トドマツ,水涵保,None,渡島,7334,い,1.78,None,八雲町,None,None,水源涵養,0,140.133748,42.093288
None,ブナ,水涵保,None,渡島,7305,は,20.19,None,八雲町,ミズナラ,他Ｌ,山地災害防止（土砂）,0,140.132625,42.096524
None,ブナ,水涵保,None,渡島,7333,ち,16.21,None,八雲町,イタヤカエデ,他Ｌ,自然維持,0,140.132013,42.093945
None,ブナ,水涵保,None,渡島,7334,る,21.72,None,八雲町,イタヤカエデ,他Ｌ,水源涵養,0,140.132198,42.092827
None,ブナ,水涵保,None,渡島,7305,ろ,38.15,None,八雲町,ミズナラ,他Ｌ,山地災害防止（土砂）,0,140.12781,42.095186
None,ブナ,水涵保,None,渡島,7305,ろ,38.15,None,八雲町,ミズナラ,他Ｌ,山地災害防止（土砂）,0,140.124437,42.095056
None,ブナ,土流保,None,渡島,7351,い,42.3,None,八雲町,イタヤカエデ,他Ｌ,山地災害防止（土砂）,0,140.178147,42.089712
None,ブナ,土流保,None,渡島,7354,ろ,35.19,None,八雲町,イタヤカエデ,他Ｌ,山地災害防止（土砂）,0,140.181711,42.08377
None,ブナ,土流保,None,渡島,7354,い,17.03,None,八雲町,イタヤカエデ,他Ｌ,山地災害防止（土砂）,0,140.17656,42.084797
None,他Ｌ,土流保,None,渡島,7350,ろ,1.34,None,八雲町,ダケカンバ,ブナ,自然維持,0,140.175246,42.092469
None,ブナ,土流保,None,渡島,7354,ろ,35.19,None,八雲町,イタヤカエデ,他Ｌ,山地災害防止（土砂）,0,140.173253,42.086086
None,ブナ,土流保,None,渡島,7355,い,51.14,None,八雲町,他Ｌ,イタヤカエデ,山地災害防止（土砂）,0,140.169005,42.083343
None,ブナ,土流保,None,渡島,7357,ろ,10.19,None,八雲町,イタヤカエデ,他Ｌ,自然維持,0,140.181583,42.078984
None,ブナ,土流保,None,渡島,7358,い,26.35,None,八雲町,イタヤカエデ,他Ｌ,山地災害防止（土砂）,0,140.183634,42.075161
None,ブナ,土流保,None,渡島,7357,い,75.24,None,八雲町,他Ｌ,イタヤカエデ,山地災害防止（土砂）,0,140.175992,42.077862
None,ブナ,土流保,None,渡島,7357,ろ,10.19,None,八雲町,イタヤカエデ,他Ｌ,自然維持,0,140.171874,42.079906
None,ダケカンバ,土流保,None,渡島,7355,ろ,1.63,None,八雲町,None,他Ｌ,自然維持,0,140.170873,42.080381
None,他Ｌ,土流保,None,渡島,7356,ろ,1.22,None,八雲町,None,ダケカンバ,自然維持,0,140.170488,42.079502
None,ブナ,土流保,None,渡島,7342,い,31.35,None,八雲町,イタヤカエデ,他Ｌ,山地災害防止（土砂）,0,140.164614,42.090493
None,他Ｌ,土流保,None,渡島,7341,ろ,22.5,None,八雲町,ダケカンバ,ブナ,山地災害防止（土砂）,0,140.162074,42.090254
None,ブナ,土流保,None,渡島,7349,い,23.1,None,八雲町,イタヤカエデ,他Ｌ,山地災害防止（土砂）,0,140.163895,42.087263
None,ブナ,土流保,None,渡島,7350,い,48.63,None,八雲町,イタヤカエデ,他Ｌ,山地災害防止（土砂）,0,140.17317,42.08931
None,ブナ,土流保,None,渡島,7340,ち,35.5,None,八雲町,イタヤカエデ,他Ｌ,山地災害防止（土砂）,0,140.153565,42.088567
None,ブナ,土流保,None,渡島,7341,い,25.44,None,八雲町,イタヤカエデ,他Ｌ,山地災害防止（土砂）,0,140.157055,42.086456
None,ブナ,土流保,None,渡島,7356,い,54.24,None,八雲町,イタヤカエデ,他Ｌ,山地災害防止（土砂）,0,140.166402,42.078208
None,ブナ,土流保,None,渡島,7361,い,21.56,None,八雲町,イタヤカエデ,他Ｌ,山地災害防止（土砂）,0,140.164982,42.072657
None,ブナ,土流保,None,渡島,7363,い,57.65,None,八雲町,イタヤカエデ,他Ｌ,山地災害防止（土砂）,0,140.156719,42.077099
None,ブナ,土流保,None,渡島,7361,ろ,32.54,None,八雲町,ダケカンバ,他Ｌ,山地災害防止（土砂）,0,140.17002,42.070585
None,ブナ,土流保,None,渡島,7362,い,73.77,None,八雲町,他Ｌ,イタヤカエデ,山地災害防止（土砂）,0,140.159501,42.070284
None,他Ｌ,土流保,None,渡島,7362,ろ,8.94,None,八雲町,ダケカンバ,ブナ,自然維持,0,140.15944,42.065597
None,トドマツ,土流保,None,渡島,7340,に,2.12,None,八雲町,None,None,山地災害防止（土砂）,0,140.150922,42.089175
None,ブナ,土流保,None,渡島,7340,ち,35.5,None,八雲町,イタヤカエデ,他Ｌ,山地災害防止（土砂）,0,140.149138,42.087129
None,ブナ,土流保,None,渡島,7340,ろ,1.1,None,八雲町,イタヤカエデ,他Ｌ,山地災害防止（土砂）,0,140.150816,42.088416
None,トドマツ,土流保,None,渡島,7340,は,3.0,None,八雲町,None,None,山地災害防止（土砂）,0,140.150311,42.087141
None,トドマツ,土流保,None,渡島,7339,ほ,1.6,None,八雲町,None,None,山地災害防止（土砂）,0,140.148525,42.089544
None,ブナ,土流保,None,渡島,7339,り,23.57,None,八雲町,ダケカンバ,イタヤカエデ,山地災害防止（土砂）,0,140.145184,42.091202
None,スギ,土流保,None,渡島,7339,に,1.0,None,八雲町,None,None,山地災害防止（土砂）,0,140.147527,42.088615
None,ブナ,土流保,None,渡島,7339,へ,2.37,None,八雲町,イタヤカエデ,他Ｌ,山地災害防止（土砂）,0,140.14644,42.087473
None,スギ,土流保,None,渡島,7339,は,2.65,None,八雲町,None,None,山地災害防止（土砂）,0,140.145185,42.087383
None,トドマツ,土流保,None,渡島,7340,い,2.5,None,八雲町,None,None,山地災害防止（土砂）,0,140.150223,42.085575
None,ブナ,土流保,None,渡島,7340,ち,35.5,None,八雲町,イタヤカエデ,他Ｌ,山地災害防止（土砂）,0,140.149091,42.085126
None,トドマツ,土流保,None,渡島,7340,と,0.7,None,八雲町,None,None,山地災害防止（土砂）,0,140.15173,42.084214
None,None,None,None,渡島,7340,イ,0.2,None,八雲町,None,None,山地災害防止（土砂）,0,140.150168,42.084708
None,ブナ,土流保,None,渡島,7340,ち,35.5,None,八雲町,イタヤカエデ,他Ｌ,山地災害防止（土砂）,0,140.15142,42.083047
None,トドマツ,土流保,None,渡島,7340,へ,0.4,None,八雲町,None,None,山地災害防止（土砂）,0,140.150567,42.08361
None,トドマツ,土流保,None,渡島,7340,ほ,0.51,None,八雲町,None,None,山地災害防止（土砂）,0,140.149572,42.084122
None,トドマツ,土流保,None,渡島,7339,ろ,3.75,None,八雲町,None,None,山地災害防止（土砂）,0,140.147956,42.086797
None,トドマツ,土流保,None,渡島,7339,い,1.08,None,八雲町,None,None,山地災害防止（土砂）,0,140.146816,42.085413
None,ブナ,土流保,None,渡島,7339,ち,6.13,None,八雲町,他Ｌ,イタヤカエデ,山地災害防止（土砂）,0,140.14803,42.084212
None,ブナ,水涵保,None,渡島,7337,ろ,30.75,None,八雲町,他Ｌ,イタヤカエデ,水源涵養,0,140.138929,42.091265
None,ブナ,土流保,None,渡島,7339,と,24.35,None,八雲町,イタヤカエデ,他Ｌ,山地災害防止（土砂）,0,140.144058,42.08565
None,ブナ,土流保,None,渡島,7339,り,23.57,None,八雲町,ダケカンバ,イタヤカエデ,山地災害防止（土砂）,0,140.141454,42.084134
None,ブナ,土流保,None,渡島,7338,ろ,58.25,None,八雲町,他Ｌ,イタヤカエデ,山地災害防止（土砂）,0,140.137037,42.087303
None,None,None,None,渡島,7339,イ,1.01,None,八雲町,None,None,山地災害防止（土砂）,0,140.141456,42.084617
None,ブナ,土流保,None,渡島,7364,い,50.11,None,八雲町,イタヤカエデ,他Ｌ,山地災害防止（土砂）,0,140.150804,42.079241
None,他Ｌ,土流保,None,渡島,7363,ろ,3.63,None,八雲町,ダケカンバ,ブナ,自然維持,0,140.151104,42.071105
None,他Ｌ,土流保,None,渡島,7364,ろ,5.44,None,八雲町,ダケカンバ,ブナ,自然維持,0,140.148804,42.074828
None,ブナ,土流保,None,渡島,7365,い,60.94,None,八雲町,イタヤカエデ,他Ｌ,山地災害防止（土砂）,0,140.139795,42.081058
None,ブナ,土流保,None,渡島,7365,ろ,20.2,None,八雲町,イタヤカエデ,他Ｌ,山地災害防止（土砂）,0,140.142811,42.075505
None,他Ｌ,土流保,None,渡島,7365,は,6.56,None,八雲町,ダケカンバ,ブナ,自然維持,0,140.145954,42.073128
None,ブナ,土流保,None,渡島,7366,ろ,30.9,None,八雲町,イタヤカエデ,他Ｌ,山地災害防止（土砂）,0,140.137965,42.075498
None,ブナ,水涵保,None,渡島,7337,ろ,30.75,None,八雲町,他Ｌ,イタヤカエデ,水源涵養,0,140.131222,42.090593
None,ブナ,土流保,None,渡島,7338,ろ,58.25,None,八雲町,他Ｌ,イタヤカエデ,山地災害防止（土砂）,0,140.134586,42.085141
None,ブナ,土流保,None,渡島,7366,い,8.88,None,八雲町,他Ｌ,イタヤカエデ,山地災害防止（土砂）,0,140.135644,42.081144
None,None,None,None,渡島,7338,イ,1.61,None,八雲町,None,None,山地災害防止（土砂）,0,140.129806,42.085877
None,スギ,水涵保,None,渡島,7304,ち,0.54,None,八雲町,None,None,水源涵養,0,140.122011,42.091737
None,None,None,None,渡島,7337,ロ,0.01,None,八雲町,None,None,水源涵養,0,140.123265,42.088932
None,None,None,None,渡島,7337,イ,0.02,None,八雲町,None,None,水源涵養,0,140.123194,42.088792
None,ブナ,水涵保,None,渡島,7337,ろ,30.75,None,八雲町,他Ｌ,イタヤカエデ,水源涵養,0,140.123111,42.088686
None,ブナ,土流保,None,渡島,7338,ろ,58.25,None,八雲町,他Ｌ,イタヤカエデ,山地災害防止（土砂）,0,140.123339,42.088185
None,ブナ,土流保,None,渡島,7338,い,4.19,None,八雲町,他Ｌ,イタヤカエデ,山地災害防止（土砂）,0,140.130533,42.085518
None,ブナ,土流保,None,渡島,7338,い,4.19,None,八雲町,他Ｌ,イタヤカエデ,山地災害防止（土砂）,0,140.129498,42.085636
None,ブナ,土流保,None,渡島,7368,い,58.98,None,八雲町,イタヤカエデ,他Ｌ,山地災害防止（土砂）,0,140.125285,42.084181
None,ブナ,土流保,None,渡島,7367,い,19.31,None,八雲町,ダケカンバ,他Ｌ,山地災害防止（土砂）,0,140.133397,42.078824
None,ブナ,土流保,None,渡島,7367,ろ,21.81,None,八雲町,ダケカンバ,他Ｌ,山地災害防止（土砂）,0,140.13334,42.074164
None,ブナ,土流保,None,渡島,7367,は,18.13,None,八雲町,他Ｌ,ダケカンバ,自然維持,0,140.128696,42.070832
None,ブナ,土流保,None,渡島,7368,ろ,32.07,None,八雲町,ダケカンバ,他Ｌ,山地災害防止（土砂）,0,140.128308,42.0782
None,ブナ,土流保,None,渡島,7368,は,2.19,None,八雲町,ダケカンバ,他Ｌ,自然維持,0,140.127696,42.073408
None,ブナ,水涵保,None,渡島,7369,へ,53.18,None,八雲町,イタヤカエデ,他Ｌ,山地災害防止（土砂）,0,140.124205,42.076088
None,他Ｌ,土流保,None,渡島,7362,ろ,8.94,None,八雲町,ダケカンバ,ブナ,自然維持,0,140.152295,42.069672
None,他Ｌ,土流保,None,渡島,7366,は,12.25,None,八雲町,ダケカンバ,ブナ,自然維持,0,140.139428,42.071182
None,ダケカンバ,水涵保,None,渡島,7369,と,9.94,None,八雲町,他Ｌ,ブナ,自然維持,0,140.126281,42.070848
None,トドマツ,土流保,None,渡島,240,ほ,1.15,None,八雲町,None,None,山地災害防止（土砂）,0,140.12082,42.220777
None,ブナ,土流保,None,渡島,240,へ,43.14,None,八雲町,他Ｌ,シナノキ,山地災害防止（土砂）,0,140.118689,42.219062
None,ブナ,土流保,None,渡島,236,い,35.28,None,八雲町,他Ｌ,イタヤカエデ,山地災害防止（土砂）,0,140.118497,42.214298
None,他Ｌ,土流保,None,渡島,241,れ,8.88,None,八雲町,ダケカンバ,ブナ,自然維持,0,140.110173,42.220161
None,他Ｌ,土流保,None,渡島,240,と,27.18,None,八雲町,ダケカンバ,ブナ,自然維持,0,140.113413,42.217327
None,ブナ,土流保,None,渡島,236,ろ,17.88,None,八雲町,ダケカンバ,他Ｌ,自然維持,0,140.111164,42.21377
None,ブナ,土流保,None,渡島,233,い,33.84,None,八雲町,他Ｌ,イタヤカエデ,山地災害防止（土砂）,0,140.11993,42.209657
None,None,土流保,None,渡島,233,イ,3.13,None,八雲町,None,None,山地災害防止（土砂）,0,140.114355,42.209337
None,他Ｌ,土流保,None,渡島,215,は,9.63,None,八雲町,ブナ,ダケカンバ,自然維持,0,140.1165,42.205635
None,ブナ,土流保,None,渡島,214,い,44.1,None,八雲町,他Ｌ,ダケカンバ,山地災害防止（土砂）,0,140.118373,42.201225
None,ダケカンバ,土流保,None,渡島,214,ろ,1.78,None,八雲町,ブナ,他Ｌ,自然維持,0,140.114748,42.205035
None,None,土流保,None,渡島,214,イ,1.91,None,八雲町,None,None,山地災害防止（土砂）,0,140.113767,42.200934
None,他Ｌ,土流保,None,渡島,233,ろ,17.06,None,八雲町,ダケカンバ,ブナ,自然維持,0,140.109598,42.208655
None,他Ｌ,土流保,None,渡島,213,ろ,9.41,None,八雲町,ブナ,ダケカンバ,自然維持,0,140.109751,42.206442
None,None,土流保,None,渡島,213,イ,5.38,None,八雲町,None,None,山地災害防止（土砂）,0,140.112239,42.201436
None,シナノキ,土流保,None,渡島,213,い,39.25,None,八雲町,他Ｌ,ダケカンバ,山地災害防止（土砂）,0,140.108314,42.202643
None,他Ｌ,土流保,None,渡島,242,と,46.48,None,八雲町,ダケカンバ,ブナ,自然維持,0,140.104979,42.220996
None,ブナ,土流保,None,渡島,235,い,68.01,None,八雲町,イタヤカエデ,他Ｌ,自然維持,0,140.105103,42.213862
None,None,土流保,None,渡島,235,イ,28.63,None,八雲町,None,None,自然維持,0,140.097078,42.214352
None,ブナ,土流保,None,渡島,255,は,47.91,None,八雲町,他Ｌ,ダケカンバ,自然維持,0,140.09381,42.217187
None,ブナ,土流保,None,渡島,234,い,63.37,None,八雲町,イタヤカエデ,他Ｌ,自然維持,0,140.10363,42.206788
None,ブナ,土流保,None,渡島,212,へ,10.14,None,八雲町,ダケカンバ,他Ｌ,自然維持,0,140.098939,42.203316
None,None,土流保,None,渡島,234,イ,23.25,None,八雲町,None,None,自然維持,0,140.094512,42.209235
None,ダケカンバ,土流保,None,渡島,7224,ろ,70.27,None,八雲町,ブナ,他Ｌ,自然維持,0,140.090466,42.208903
None,None,土流保,None,渡島,210,イ,3.22,None,八雲町,None,None,自然維持,0,140.096722,42.20401
None,ブナ,土流保,None,渡島,210,ろ,29.22,None,八雲町,ダケカンバ,他Ｌ,自然維持,0,140.09477,42.200152
None,ブナ,土流保,None,渡島,211,ほ,6.05,None,八雲町,シナノキ,他Ｌ,山地災害防止（土砂）,0,140.1178,42.196969
None,トドマツ,土流保,None,渡島,211,ろ,0.85,None,八雲町,None,None,山地災害防止（土砂）,0,140.119618,42.195832
None,トドマツ,土流保,None,渡島,211,い,1.29,None,八雲町,None,None,山地災害防止（土砂）,0,140.118449,42.194576
None,ダケカンバ,土流保,None,渡島,212,と,1.01,None,八雲町,None,None,山地災害防止（土砂）,0,140.116503,42.19726
None,ダケカンバ,土流保,None,渡島,211,へ,0.06,None,八雲町,None,None,山地災害防止（土砂）,0,140.117353,42.196244
None,ダケカンバ,土流保,None,渡島,212,ち,0.17,None,八雲町,None,None,山地災害防止（土砂）,0,140.11701,42.196236
None,ブナ,土流保,保健保,渡島,179,は,5.63,None,八雲町,イタヤカエデ,他Ｌ,山地災害防止（土砂）,0,140.120643,42.189483
None,None,None,None,渡島,179,ロ,0.09,None,八雲町,None,None,山地災害防止（土砂）,0,140.121054,42.18925
None,None,土流保,保健保,渡島,179,イ,0.1,None,八雲町,None,None,山地災害防止（土砂）,0,140.119563,42.189954
None,ブナ,土流保,保健保,渡島,179,は,5.63,None,八雲町,イタヤカエデ,他Ｌ,山地災害防止（土砂）,0,140.118606,42.189996
None,他Ｌ,土流保,None,渡島,201,ほ,38.01,None,八雲町,シナノキ,ブナ,山地災害防止（土砂）,0,140.119386,42.189189
None,ブナ,土流保,None,渡島,212,り,0.84,None,八雲町,イタヤカエデ,他Ｌ,山地災害防止（土砂）,0,140.111794,42.198156
None,トドマツ,土流保,None,渡島,212,ろ,0.4,None,八雲町,None,None,山地災害防止（土砂）,0,140.112099,42.197731
None,トドマツ,土流保,None,渡島,212,は,0.5,None,八雲町,None,None,山地災害防止（土砂）,0,140.110995,42.198057
None,トドマツ,土流保,None,渡島,212,い,2.16,None,八雲町,None,None,山地災害防止（土砂）,0,140.11357,42.196376
None,トドマツ,土流保,None,渡島,212,に,2.72,None,八雲町,None,None,山地災害防止（土砂）,0,140.111099,42.196383
None,ブナ,土流保,None,渡島,212,り,0.84,None,八雲町,イタヤカエデ,他Ｌ,山地災害防止（土砂）,0,140.109866,42.196182
None,ブナ,土流保,None,渡島,212,り,0.84,None,八雲町,イタヤカエデ,他Ｌ,山地災害防止（土砂）,0,140.111522,42.194744
None,ブナ,土流保,None,渡島,212,ほ,52.03,None,八雲町,イタヤカエデ,他Ｌ,山地災害防止（土砂）,0,140.105153,42.199971
None,None,土流保,None,渡島,211,イ,4.31,None,八雲町,None,None,山地災害防止（土砂）,0,140.108913,42.195358
None,ブナ,土流保,None,渡島,211,は,44.41,None,八雲町,シナノキ,他Ｌ,山地災害防止（土砂）,0,140.115372,42.192641
None,他Ｌ,土流保,None,渡島,201,い,0.18,None,八雲町,シナノキ,ダケカンバ,山地災害防止（土砂）,0,140.121107,42.188735
None,カラマツ,土流保,None,渡島,201,は,1.37,None,八雲町,None,他Ｌ,山地災害防止（土砂）,0,140.120503,42.18827
None,カラマツ,土流保,None,渡島,202,い,0.54,None,八雲町,None,ダケカンバ,山地災害防止（土砂）,0,140.119073,42.188879
None,ブナ,土流保,None,渡島,202,に,35.56,None,八雲町,他Ｌ,イタヤカエデ,山地災害防止（土砂）,0,140.118841,42.185005
None,他Ｌ,土流保,None,渡島,205,ぬ,55.16,None,八雲町,イタヤカエデ,ブナ,山地災害防止（土砂）,0,140.118767,42.186494
None,ダケカンバ,土流保,None,渡島,205,り,2.97,None,八雲町,None,カラマツ,山地災害防止（土砂）,0,140.117942,42.186876
None,カラマツ,土流保,None,渡島,201,ろ,6.0,None,八雲町,None,ダケカンバ,山地災害防止（土砂）,0,140.120701,42.186064
None,ダケカンバ,土流保,None,渡島,205,い,2.1,None,八雲町,None,カラマツ,山地災害防止（土砂）,0,140.11739,42.189045
None,トドマツ,土流保,None,渡島,205,に,6.79,None,八雲町,None,None,山地災害防止（土砂）,0,140.114207,42.186383
None,トドマツ,土流保,None,渡島,205,ろ,1.25,None,八雲町,None,ダケカンバ,山地災害防止（土砂）,0,140.117216,42.185703
None,トドマツ,土流保,None,渡島,205,は,1.97,None,八雲町,None,ダケカンバ,山地災害防止（土砂）,0,140.115891,42.184565
None,ブナ,土流保,None,渡島,202,に,35.56,None,八雲町,他Ｌ,イタヤカエデ,山地災害防止（土砂）,0,140.117837,42.182199
None,トドマツ,土流保,None,渡島,201,に,6.45,None,八雲町,None,ダケカンバ,山地災害防止（土砂）,0,140.118585,42.180482
None,他Ｌ,土流保,None,渡島,201,へ,1.94,None,八雲町,シナノキ,ブナ,山地災害防止（土砂）,0,140.117477,42.179574
None,トドマツ,土流保,None,渡島,202,ろ,5.62,None,八雲町,None,None,山地災害防止（土砂）,0,140.116165,42.182793
None,トドマツ,土流保,None,渡島,202,は,4.4,None,八雲町,None,None,山地災害防止（土砂）,0,140.116155,42.18092
None,ブナ,土流保,None,渡島,202,に,35.56,None,八雲町,他Ｌ,イタヤカエデ,山地災害防止（土砂）,0,140.115086,42.176173
None,他Ｌ,土流保,None,渡島,205,ぬ,55.16,None,八雲町,イタヤカエデ,ブナ,山地災害防止（土砂）,0,140.111364,42.184044
None,ダケカンバ,土流保,None,渡島,202,ぬ,6.88,None,八雲町,None,カラマツ,山地災害防止（土砂）,0,140.113084,42.180627
None,トドマツ,土流保,None,渡島,205,ほ,13.08,None,八雲町,None,None,山地災害防止（土砂）,0,140.106654,42.183376
None,トドマツ,土流保,None,渡島,204,ろ,5.08,None,八雲町,None,None,山地災害防止（土砂）,0,140.10986,42.179232
None,ブナ,土流保,None,渡島,210,い,43.85,None,八雲町,イタヤカエデ,他Ｌ,山地災害防止（土砂）,0,140.101451,42.197091
None,ブナ,土流保,None,渡島,206,り,8.78,None,八雲町,イタヤカエデ,他Ｌ,山地災害防止（土砂）,0,140.104448,42.191497
None,トドマツ,土流保,None,渡島,206,に,0.41,None,八雲町,None,ダケカンバ,山地災害防止（土砂）,0,140.104351,42.190828
None,トドマツ,土流保,None,渡島,208,い,0.89,None,八雲町,None,ダケカンバ,山地災害防止（土砂）,0,140.103059,42.191185
None,ブナ,土流保,None,渡島,208,へ,54.29,None,八雲町,他Ｌ,イタヤカエデ,山地災害防止（土砂）,0,140.092294,42.192872
None,ブナ,土流保,None,渡島,209,い,45.16,None,八雲町,他Ｌ,イタヤカエデ,山地災害防止（土砂）,0,140.094559,42.195788
None,トドマツ,土流保,None,渡島,208,ろ,9.32,None,八雲町,None,ダケカンバ,山地災害防止（土砂）,0,140.094754,42.190645
None,トドマツ,土流保,None,渡島,208,は,1.38,None,八雲町,None,ダケカンバ,山地災害防止（土砂）,0,140.094135,42.189086
None,トドマツ,土流保,None,渡島,208,ほ,4.23,None,八雲町,None,ダケカンバ,山地災害防止（土砂）,0,140.090167,42.191093
None,トドマツ,土流保,None,渡島,206,ほ,0.22,None,八雲町,None,ダケカンバ,山地災害防止（土砂）,0,140.103806,42.188
None,他Ｌ,土流保,None,渡島,206,と,1.62,None,八雲町,None,カラマツ,山地災害防止（土砂）,0,140.102414,42.187994
None,トドマツ,土流保,None,渡島,206,へ,0.73,None,八雲町,None,他Ｌ,山地災害防止（土砂）,0,140.10324,42.187731
None,カラマツ,土流保,None,渡島,206,ち,2.58,None,八雲町,None,他Ｌ,山地災害防止（土砂）,0,140.102465,42.186605
None,トドマツ,土流保,None,渡島,206,い,13.69,None,八雲町,None,None,山地災害防止（土砂）,0,140.104678,42.185536
None,None,土流保,None,渡島,206,イ,1.21,None,八雲町,None,None,山地災害防止（土砂）,0,140.103287,42.186118
None,None,土流保,None,渡島,206,イ,1.21,None,八雲町,None,None,山地災害防止（土砂）,0,140.102925,42.186337
None,ブナ,土流保,None,渡島,206,り,8.78,None,八雲町,イタヤカエデ,他Ｌ,山地災害防止（土砂）,0,140.099783,42.186198
None,カラマツ,土流保,None,渡島,206,ち,2.58,None,八雲町,None,他Ｌ,山地災害防止（土砂）,0,140.101436,42.187187
None,カラマツ,土流保,None,渡島,206,ち,2.58,None,八雲町,None,他Ｌ,山地災害防止（土砂）,0,140.101004,42.185727
None,他Ｌ,土流保,None,渡島,205,へ,1.08,None,八雲町,None,トドマツ,山地災害防止（土砂）,0,140.10322,42.181923
None,トドマツ,土流保,None,渡島,205,る,0.62,None,八雲町,None,None,山地災害防止（土砂）,0,140.105177,42.179137
None,ダケカンバ,土流保,None,渡島,205,よ,1.73,None,八雲町,None,トドマツ,山地災害防止（土砂）,0,140.103419,42.18043
None,ダケカンバ,土流保,None,渡島,205,か,0.25,None,八雲町,None,None,山地災害防止（土砂）,0,140.103257,42.179555
None,ダケカンバ,土流保,None,渡島,205,わ,0.53,None,八雲町,None,None,山地災害防止（土砂）,0,140.101963,42.178623
None,トドマツ,土流保,None,渡島,206,ろ,7.06,None,八雲町,None,None,山地災害防止（土砂）,0,140.101607,42.182733
None,ブナ,土流保,None,渡島,207,り,24.09,None,八雲町,イタヤカエデ,他Ｌ,山地災害防止（土砂）,0,140.099146,42.182748
None,ブナ,土流保,None,渡島,206,り,8.78,None,八雲町,イタヤカエデ,他Ｌ,山地災害防止（土砂）,0,140.097421,42.180631
None,トドマツ,土流保,None,渡島,206,は,2.28,None,八雲町,None,None,山地災害防止（土砂）,0,140.099788,42.18133
None,他Ｌ,土流保,None,渡島,205,と,0.64,None,八雲町,None,トドマツ,山地災害防止（土砂）,0,140.100674,42.180677
None,ブナ,土流保,None,渡島,207,り,24.09,None,八雲町,イタヤカエデ,他Ｌ,山地災害防止（土砂）,0,140.094877,42.187434
None,トドマツ,土流保,None,渡島,207,ほ,4.06,None,八雲町,None,ダケカンバ,山地災害防止（土砂）,0,140.097182,42.186153
None,トドマツ,土流保,None,渡島,207,へ,14.55,None,八雲町,None,ダケカンバ,山地災害防止（土砂）,0,140.094176,42.184726
None,トドマツ,土流保,None,渡島,207,と,9.64,None,八雲町,None,ダケカンバ,山地災害防止（土砂）,0,140.091191,42.185812
None,トドマツ,土流保,None,渡島,207,い,3.79,None,八雲町,None,None,山地災害防止（土砂）,0,140.097016,42.182075
None,トドマツ,土流保,None,渡島,207,ろ,3.1,None,八雲町,None,None,山地災害防止（土砂）,0,140.094288,42.181356
None,トドマツ,土流保,None,渡島,207,は,9.34,None,八雲町,None,ダケカンバ,山地災害防止（土砂）,0,140.096568,42.180099
None,トドマツ,土流保,None,渡島,205,た,0.41,None,八雲町,None,None,山地災害防止（土砂）,0,140.097743,42.179005
None,トドマツ,土流保,None,渡島,205,ち,0.79,None,八雲町,None,ダケカンバ,山地災害防止（土砂）,0,140.096088,42.178626
None,None,土流保,None,渡島,205,イ,0.03,None,八雲町,None,None,山地災害防止（土砂）,0,140.09605,42.178435
None,ブナ,土流保,None,渡島,207,り,24.09,None,八雲町,イタヤカエデ,他Ｌ,山地災害防止（土砂）,0,140.095956,42.182458
None,トドマツ,土流保,None,渡島,207,に,2.25,None,八雲町,None,ダケカンバ,山地災害防止（土砂）,0,140.092243,42.181791
None,トドマツ,土流保,None,渡島,207,へ,14.55,None,八雲町,None,ダケカンバ,山地災害防止（土砂）,0,140.091859,42.183501
None,トドマツ,土流保,None,渡島,207,に,2.25,None,八雲町,None,ダケカンバ,山地災害防止（土砂）,0,140.091208,42.181251
None,None,土流保,None,渡島,207,ロ,0.01,None,八雲町,None,None,山地災害防止（土砂）,0,140.091167,42.182236
None,None,土流保,None,渡島,207,ホ,0.05,None,八雲町,None,None,山地災害防止（土砂）,0,140.090966,42.182261
None,トドマツ,土流保,None,渡島,207,ろ,3.1,None,八雲町,None,None,山地災害防止（土砂）,0,140.09319,42.180922
None,None,土流保,None,渡島,207,ハ,0.86,None,八雲町,None,None,山地災害防止（土砂）,0,140.093787,42.178664
None,トドマツ,土流保,None,渡島,207,は,9.34,None,八雲町,None,ダケカンバ,山地災害防止（土砂）,0,140.093529,42.179798
None,トドマツ,土流保,None,渡島,207,は,9.34,None,八雲町,None,ダケカンバ,山地災害防止（土砂）,0,140.092756,42.180537
None,ブナ,土流保,None,渡島,207,り,24.09,None,八雲町,イタヤカエデ,他Ｌ,山地災害防止（土砂）,0,140.092278,42.180822
None,ブナ,土流保,None,渡島,207,り,24.09,None,八雲町,イタヤカエデ,他Ｌ,山地災害防止（土砂）,0,140.092305,42.179661
None,ブナ,土流保,None,渡島,207,り,24.09,None,八雲町,イタヤカエデ,他Ｌ,山地災害防止（土砂）,0,140.092005,42.179421
None,ブナ,土流保,None,渡島,7236,ろ,31.98,None,八雲町,他Ｌ,ダケカンバ,山地災害防止（土砂）,0,140.090453,42.178926
None,他Ｌ,土流保,None,渡島,254,へ,20.94,None,八雲町,ダケカンバ,ブナ,自然維持,0,140.08912,42.219709
None,トドマツ,土流保,None,渡島,254,に,2.17,None,八雲町,None,None,山地災害防止（土砂）,0,140.080616,42.217215
None,ブナ,土流保,None,渡島,254,ほ,32.41,None,八雲町,他Ｌ,イタヤカエデ,山地災害防止（土砂）,0,140.07988,42.218757
None,トドマツ,土流保,None,渡島,254,い,2.5,None,八雲町,None,None,山地災害防止（土砂）,0,140.078019,42.220997
None,トドマツ,土流保,None,渡島,254,ろ,2.7,None,八雲町,None,None,山地災害防止（土砂）,0,140.077774,42.21927
None,トドマツ,土流保,None,渡島,256,い,0.4,None,八雲町,None,None,山地災害防止（土砂）,0,140.074824,42.220861
None,トドマツ,土流保,None,渡島,256,ろ,0.61,None,八雲町,None,None,山地災害防止（土砂）,0,140.074812,42.219385
None,トドマツ,土流保,None,渡島,254,は,1.08,None,八雲町,None,None,山地災害防止（土砂）,0,140.078329,42.216632
None,トドマツ,土流保,None,渡島,255,い,3.12,None,八雲町,None,None,山地災害防止（土砂）,0,140.083088,42.214271
None,ブナ,土流保,None,渡島,255,ろ,26.98,None,八雲町,イタヤカエデ,他Ｌ,山地災害防止（土砂）,0,140.08161,42.21324
None,ブナ,土流保,None,渡島,256,は,37.15,None,八雲町,他Ｌ,イタヤカエデ,山地災害防止（土砂）,0,140.074831,42.216142
None,他Ｌ,土流保,None,渡島,256,に,35.56,None,八雲町,ブナ,ダケカンバ,自然維持,0,140.076389,42.212979
None,他Ｌ,土流保,None,渡島,7224,い,17.34,None,八雲町,イタヤカエデ,ブナ,山地災害防止（土砂）,0,140.085104,42.206099
None,None,土流保,None,渡島,209,イ,3.9,None,八雲町,None,None,自然維持,0,140.085659,42.200195
None,ダケカンバ,土流保,None,渡島,7223,ろ,40.13,None,八雲町,他Ｌ,ブナ,自然維持,0,140.068477,42.210809
None,ダケカンバ,土流保,None,渡島,7225,ろ,42.09,None,八雲町,ブナ,他Ｌ,自然維持,0,140.081164,42.202946
None,トドマツ,土流保,None,渡島,257,へ,1.47,None,八雲町,None,None,山地災害防止（土砂）,0,140.073971,42.221214
None,ダケカンバ,土流保,None,渡島,257,ぬ,3.99,None,八雲町,None,None,山地災害防止（土砂）,0,140.069088,42.220856
None,ダケカンバ,土流保,None,渡島,257,わ,3.7,None,八雲町,None,None,山地災害防止（土砂）,0,140.067538,42.218581
None,None,土流保,None,渡島,256,イ,9.06,None,八雲町,None,None,自然維持,0,140.069719,42.214387
None,ダケカンバ,土流保,None,渡島,257,る,1.3,None,八雲町,None,None,山地災害防止（土砂）,0,140.065764,42.218518
None,他Ｌ,土流保,None,渡島,257,ち,36.44,None,八雲町,ブナ,ダケカンバ,自然維持,0,140.059215,42.219051
None,ダケカンバ,土流保,None,渡島,7222,ろ,56.06,None,八雲町,ブナ,他Ｌ,自然維持,0,140.060861,42.212336
None,他Ｌ,土流保,None,渡島,7223,い,50.87,None,八雲町,イタヤカエデ,ブナ,山地災害防止（土砂）,0,140.065782,42.206142
None,他Ｌ,土流保,None,渡島,7225,い,39.12,None,八雲町,イタヤカエデ,ブナ,山地災害防止（土砂）,0,140.070978,42.204417
None,ダケカンバ,土流保,None,渡島,7226,は,13.7,None,八雲町,ブナ,他Ｌ,自然維持,0,140.068691,42.199346
None,他Ｌ,土流保,None,渡島,7222,い,34.78,None,八雲町,イタヤカエデ,ブナ,山地災害防止（土砂）,0,140.061358,42.207635
None,ブナ,土流保,None,渡島,7226,い,71.66,None,八雲町,イタヤカエデ,他Ｌ,山地災害防止（土砂）,0,140.061199,42.201417
None,他Ｌ,土流保,None,渡島,209,ろ,27.67,None,八雲町,ダケカンバ,ブナ,自然維持,0,140.089395,42.199431
None,ブナ,土流保,None,渡島,7230,ろ,6.69,None,八雲町,他Ｌ,イタヤカエデ,自然維持,0,140.084585,42.198011
None,ブナ,土流保,None,渡島,208,と,23.11,None,八雲町,ダケカンバ,他Ｌ,自然維持,0,140.087367,42.194736
None,ブナ,土流保,None,渡島,7230,い,72.87,None,八雲町,他Ｌ,イタヤカエデ,山地災害防止（土砂）,0,140.080532,42.191986
None,ブナ,土流保,None,渡島,7229,い,45.18,None,八雲町,他Ｌ,イタヤカエデ,山地災害防止（土砂）,0,140.074058,42.194392
None,トドマツ,土流保,None,渡島,208,に,3.63,None,八雲町,None,ダケカンバ,山地災害防止（土砂）,0,140.088709,42.188668
None,トドマツ,土流保,None,渡島,207,ち,5.83,None,八雲町,None,ダケカンバ,山地災害防止（土砂）,0,140.088023,42.18758
None,ブナ,土流保,None,渡島,207,り,24.09,None,八雲町,イタヤカエデ,他Ｌ,山地災害防止（土砂）,0,140.087276,42.186646
None,トドマツ,土流保,None,渡島,207,わ,1.55,None,八雲町,None,None,山地災害防止（土砂）,0,140.088267,42.185253
None,トドマツ,土流保,None,渡島,207,よ,0.95,None,八雲町,None,None,山地災害防止（土砂）,0,140.086682,42.185274
None,トドマツ,土流保,None,渡島,207,ぬ,2.66,None,八雲町,他Ｌ,ブナ,山地災害防止（土砂）,0,140.085785,42.185175
None,トドマツ,土流保,None,渡島,207,る,1.46,None,八雲町,None,ダケカンバ,山地災害防止（土砂）,0,140.087139,42.183626
None,トドマツ,土流保,None,渡島,207,よ,0.95,None,八雲町,None,None,山地災害防止（土砂）,0,140.086092,42.186697
None,ブナ,土流保,None,渡島,7233,は,2.97,None,八雲町,ダケカンバ,他Ｌ,自然維持,0,140.084075,42.18492
None,トドマツ,土流保,None,渡島,207,か,0.17,None,八雲町,None,None,山地災害防止（土砂）,0,140.089067,42.183683
None,トドマツ,土流保,None,渡島,207,ぬ,2.66,None,八雲町,他Ｌ,ブナ,山地災害防止（土砂）,0,140.088278,42.182711
None,ダケカンバ,土流保,None,渡島,7235,に,0.96,None,八雲町,None,他Ｌ,山地災害防止（土砂）,0,140.086677,42.181392
None,ブナ,土流保,None,渡島,7236,ろ,31.98,None,八雲町,他Ｌ,ダケカンバ,山地災害防止（土砂）,0,140.090134,42.180261
None,ブナ,土流保,None,渡島,7235,ろ,25.23,None,八雲町,イタヤカエデ,他Ｌ,山地災害防止（土砂）,0,140.088195,42.180063
None,ブナ,土流保,None,渡島,7235,ろ,25.23,None,八雲町,イタヤカエデ,他Ｌ,山地災害防止（土砂）,0,140.08753,42.179025
None,ブナ,土流保,None,渡島,7235,ろ,25.23,None,八雲町,イタヤカエデ,他Ｌ,山地災害防止（土砂）,0,140.08192,42.17934
None,他Ｌ,土流保,None,渡島,7230,は,4.19,None,八雲町,ブナ,ダケカンバ,自然維持,0,140.08147,42.188458
None,ブナ,土流保,None,渡島,7233,ろ,9.16,None,八雲町,他Ｌ,ダケカンバ,自然維持,0,140.08441,42.187724
None,ブナ,土流保,None,渡島,7233,い,46.92,None,八雲町,他Ｌ,ダケカンバ,山地災害防止（土砂）,0,140.078228,42.18516
None,ブナ,土流保,None,渡島,7234,ろ,29.88,None,八雲町,ミズナラ,他Ｌ,山地災害防止（土砂）,0,140.076759,42.180667
None,ダケカンバ,土流保,None,渡島,7229,ろ,42.81,None,八雲町,他Ｌ,ブナ,自然維持,0,140.073853,42.199235
None,ダケカンバ,土流保,None,渡島,7228,ろ,10.47,None,八雲町,ブナ,他Ｌ,自然維持,0,140.0691,42.196711
None,ブナ,土流保,None,渡島,7227,ろ,22.49,None,八雲町,他Ｌ,ミズナラ,山地災害防止（土砂）,0,140.061537,42.196661
None,ダケカンバ,土流保,None,渡島,7228,い,76.61,None,八雲町,ブナ,他Ｌ,山地災害防止（土砂）,0,140.066068,42.192538
None,ブナ,土流保,None,渡島,7232,は,22.75,None,八雲町,他Ｌ,イタヤカエデ,山地災害防止（土砂）,0,140.073995,42.186268
None,ブナ,土流保,None,渡島,7232,い,50.84,None,八雲町,他Ｌ,イタヤカエデ,山地災害防止（土砂）,0,140.069034,42.18495
None,ブナ,土流保,None,渡島,7231,に,4.25,None,八雲町,他Ｌ,ダケカンバ,山地災害防止（土砂）,0,140.066168,42.18754
None,ブナ,土流保,None,渡島,7231,ろ,17.57,None,八雲町,他Ｌ,ミズナラ,山地災害防止（土砂）,0,140.063787,42.186143
None,ブナ,土流保,None,渡島,7234,い,26.69,None,八雲町,イタヤカエデ,他Ｌ,山地災害防止（土砂）,0,140.067898,42.180376
None,ブナ,土流保,None,渡島,7231,い,29.52,None,八雲町,ダケカンバ,他Ｌ,山地災害防止（土砂）,0,140.059914,42.183684
None,ブナ,土流保,None,渡島,7231,ろ,17.57,None,八雲町,他Ｌ,ミズナラ,山地災害防止（土砂）,0,140.059118,42.179117
None,ダケカンバ,土流保,None,渡島,201,り,0.79,None,八雲町,None,None,山地災害防止（土砂）,0,140.120603,42.178023
None,ダケカンバ,土流保,None,渡島,201,ぬ,1.22,None,八雲町,None,None,山地災害防止（土砂）,0,140.119565,42.176117
None,他Ｌ,土流保,保健保,渡島,200,に,4.0,None,八雲町,シナノキ,ブナ,山地災害防止（土砂）,0,140.12065,42.175011
None,他Ｌ,土流保,None,渡島,201,ほ,38.01,None,八雲町,シナノキ,ブナ,山地災害防止（土砂）,0,140.120061,42.175662
None,トドマツ,土流保,None,渡島,200,へ,4.26,None,八雲町,None,ダケカンバ,山地災害防止（土砂）,0,140.119601,42.173307
None,他Ｌ,土流保,None,渡島,201,ほ,38.01,None,八雲町,シナノキ,ブナ,山地災害防止（土砂）,0,140.117053,42.177966
None,ダケカンバ,土流保,None,渡島,201,る,1.42,None,八雲町,None,None,山地災害防止（土砂）,0,140.117155,42.176887
None,他Ｌ,土流保,None,渡島,201,ほ,38.01,None,八雲町,シナノキ,ブナ,山地災害防止（土砂）,0,140.116851,42.17644
None,ブナ,土流保,None,渡島,200,ほ,13.31,None,八雲町,他Ｌ,イタヤカエデ,山地災害防止（土砂）,1,140.120022,42.171231
None,ブナ,土流保,None,渡島,200,ほ,14.63,None,八雲町,他Ｌ,イタヤカエデ,山地災害防止（土砂）,2,140.1181,42.174173
None,ブナ,土流保,None,渡島,200,ほ,13.31,None,八雲町,他Ｌ,イタヤカエデ,山地災害防止（土砂）,1,140.120125,42.168716
None,ブナ,土流保,None,渡島,200,ほ,13.31,None,八雲町,他Ｌ,イタヤカエデ,山地災害防止（土砂）,1,140.118957,42.169463
None,ダケカンバ,土流保,None,渡島,200,い,1.94,None,八雲町,None,None,山地災害防止（土砂）,0,140.116645,42.172364
None,ブナ,土流保,None,渡島,200,ほ,13.31,None,八雲町,他Ｌ,イタヤカエデ,山地災害防止（土砂）,1,140.117246,42.16887
None,他Ｌ,土流保,None,渡島,200,は,2.56,None,八雲町,ブナ,ダケカンバ,山地災害防止（土砂）,0,140.114533,42.168161
None,トドマツ,土流保,None,渡島,202,と,1.18,None,八雲町,None,ダケカンバ,山地災害防止（土砂）,0,140.113118,42.177447
None,トドマツ,土流保,None,渡島,202,ほ,2.33,None,八雲町,None,ダケカンバ,山地災害防止（土砂）,0,140.113464,42.178777
None,トドマツ,土流保,None,渡島,202,ち,0.45,None,八雲町,None,ダケカンバ,山地災害防止（土砂）,0,140.11329,42.174635
None,ダケカンバ,土流保,None,渡島,202,り,0.59,None,八雲町,None,カラマツ,山地災害防止（土砂）,0,140.111976,42.174083
None,ダケカンバ,土流保,None,渡島,203,い,0.6,None,八雲町,None,カラマツ,山地災害防止（土砂）,0,140.111818,42.173729
None,ダケカンバ,土流保,None,渡島,202,へ,1.13,None,八雲町,None,カラマツ,山地災害防止（土砂）,0,140.111708,42.175748
None,ブナ,土流保,None,渡島,202,る,2.25,None,八雲町,他Ｌ,イタヤカエデ,山地災害防止（土砂）,0,140.109758,42.17384
None,トドマツ,土流保,None,渡島,204,い,3.13,None,八雲町,None,None,山地災害防止（土砂）,0,140.108691,42.177368
None,他Ｌ,土流保,None,渡島,204,は,30.11,None,八雲町,ダケカンバ,ミズナラ,山地災害防止（土砂）,0,140.109429,42.176318
None,他Ｌ,土流保,None,渡島,204,は,30.11,None,八雲町,ダケカンバ,ミズナラ,山地災害防止（土砂）,0,140.105321,42.176575
None,トドマツ,土流保,None,渡島,204,ほ,0.33,None,八雲町,None,None,山地災害防止（土砂）,0,140.107297,42.176119
None,ダケカンバ,土流保,None,渡島,204,と,1.33,None,八雲町,None,None,山地災害防止（土砂）,0,140.108618,42.174458
None,トドマツ,土流保,None,渡島,204,へ,0.32,None,八雲町,None,None,山地災害防止（土砂）,0,140.10739,42.174751
None,ブナ,土流保,None,渡島,203,ろ,21.0,None,八雲町,イタヤカエデ,他Ｌ,山地災害防止（土砂）,0,140.114333,42.172419
None,他Ｌ,土流保,None,渡島,203,は,30.74,None,八雲町,ダケカンバ,ブナ,山地災害防止（土砂）,0,140.111326,42.168551
None,他Ｌ,土流保,None,渡島,204,に,10.03,None,八雲町,ブナ,ダケカンバ,山地災害防止（土砂）,0,140.107813,42.172488
None,ダケカンバ,土流保,None,渡島,7251,と,11.97,None,八雲町,他Ｌ,ブナ,自然維持,0,140.107166,42.169649
None,ブナ,土流保,None,渡島,199,に,18.0,None,八雲町,他Ｌ,イタヤカエデ,山地災害防止（土砂）,0,140.117824,42.166492
None,ブナ,土流保,保健保,渡島,198,ろ,12.82,None,八雲町,イタヤカエデ,他Ｌ,森林空間利用,0,140.121683,42.165008
None,他Ｌ,土流保,保健保,渡島,198,は,5.25,None,八雲町,ブナ,ダケカンバ,森林空間利用,0,140.117,42.162128
None,ダケカンバ,土流保,保健保,渡島,197,ろ,36.06,None,八雲町,ブナ,他Ｌ,森林空間利用,0,140.114178,42.158351
None,ダケカンバ,土流保,None,渡島,199,ほ,26.63,None,八雲町,ブナ,他Ｌ,山地災害防止（土砂）,0,140.113266,42.162956
None,None,土流保,None,渡島,203,イ,7.69,None,八雲町,None,None,山地災害防止（土砂）,0,140.109537,42.166768
None,ダケカンバ,土流保,None,渡島,7253,へ,24.69,None,八雲町,他Ｌ,ブナ,自然維持,0,140.105688,42.16257
None,ブナ,土流保,None,渡島,7255,ち,23.28,None,八雲町,他Ｌ,ダケカンバ,自然維持,0,140.108714,42.159421
None,トドマツ,土流保,None,渡島,205,れ,0.66,None,八雲町,None,None,山地災害防止（土砂）,0,140.103617,42.177939
None,トドマツ,土流保,None,渡島,204,ぬ,0.17,None,八雲町,None,None,山地災害防止（土砂）,0,140.103027,42.177238
None,ダケカンバ,土流保,None,渡島,204,り,0.11,None,八雲町,None,None,山地災害防止（土砂）,0,140.102245,42.176713
None,トドマツ,土流保,None,渡島,204,ち,0.52,None,八雲町,None,None,山地災害防止（土砂）,0,140.103628,42.175631
None,ダケカンバ,土流保,None,渡島,7251,へ,16.59,None,八雲町,他Ｌ,ブナ,山地災害防止（土砂）,0,140.100055,42.176428
None,他Ｌ,土流保,None,渡島,7251,ち,1.5,None,八雲町,None,ダケカンバ,山地災害防止（土砂）,0,140.103151,42.172032
None,ブナ,土流保,None,渡島,7251,ほ,41.29,None,八雲町,他Ｌ,ダケカンバ,山地災害防止（土砂）,0,140.102663,42.173836
None,ダケカンバ,土流保,None,渡島,7251,り,1.0,None,八雲町,None,None,山地災害防止（土砂）,0,140.104859,42.16943
None,トドマツ,土流保,None,渡島,7251,に,1.6,None,八雲町,None,他Ｌ,山地災害防止（土砂）,0,140.103983,42.169773
None,他Ｌ,土流保,None,渡島,7251,は,1.02,None,八雲町,None,トドマツ,山地災害防止（土砂）,0,140.102288,42.170187
None,他Ｌ,土流保,None,渡島,7251,ろ,2.2,None,八雲町,None,トドマツ,山地災害防止（土砂）,0,140.100679,42.171097
None,ブナ,土流保,None,渡島,7252,へ,2.69,None,八雲町,ダケカンバ,他Ｌ,山地災害防止（土砂）,0,140.101265,42.167644
None,ブナ,土流保,None,渡島,7252,ほ,0.97,None,八雲町,ダケカンバ,他Ｌ,山地災害防止（土砂）,0,140.099284,42.168568
None,トドマツ,土流保,None,渡島,7252,に,0.85,None,八雲町,None,ダケカンバ,山地災害防止（土砂）,0,140.099307,42.168151
None,トドマツ,土流保,None,渡島,205,ち,0.79,None,八雲町,None,ダケカンバ,山地災害防止（土砂）,0,140.095683,42.178254
None,ブナ,土流保,None,渡島,207,り,24.09,None,八雲町,イタヤカエデ,他Ｌ,山地災害防止（土砂）,0,140.094383,42.177683
None,トドマツ,土流保,None,渡島,207,は,9.34,None,八雲町,None,ダケカンバ,山地災害防止（土砂）,0,140.093683,42.178296
None,ブナ,土流保,None,渡島,7250,ち,48.43,None,八雲町,他Ｌ,ダケカンバ,山地災害防止（土砂）,0,140.093597,42.174532
None,ダケカンバ,土流保,None,渡島,7250,へ,0.96,None,八雲町,None,None,山地災害防止（土砂）,0,140.091462,42.175486
None,ダケカンバ,土流保,None,渡島,7250,へ,0.96,None,八雲町,None,None,山地災害防止（土砂）,0,140.091059,42.174875
None,ダケカンバ,土流保,None,渡島,7250,へ,0.96,None,八雲町,None,None,山地災害防止（土砂）,0,140.090877,42.174171
None,ダケカンバ,土流保,None,渡島,7250,へ,0.96,None,八雲町,None,None,山地災害防止（土砂）,0,140.091221,42.173581
None,他Ｌ,土流保,None,渡島,7250,ほ,2.21,None,八雲町,None,トドマツ,山地災害防止（土砂）,0,140.096744,42.172944
None,他Ｌ,土流保,None,渡島,7250,に,1.5,None,八雲町,None,トドマツ,山地災害防止（土砂）,0,140.096163,42.171274
None,ブナ,土流保,None,渡島,7252,ほ,0.97,None,八雲町,ダケカンバ,他Ｌ,山地災害防止（土砂）,0,140.096782,42.169064
None,トドマツ,土流保,None,渡島,7252,は,2.41,None,八雲町,None,ダケカンバ,山地災害防止（土砂）,0,140.096151,42.168152
None,他Ｌ,土流保,None,渡島,7251,い,1.1,None,八雲町,None,トドマツ,山地災害防止（土砂）,0,140.095932,42.169951
None,トドマツ,土流保,None,渡島,7250,は,5.58,None,八雲町,None,他Ｌ,山地災害防止（土砂）,0,140.091862,42.170059
None,他Ｌ,土流保,None,渡島,7250,ろ,2.86,None,八雲町,None,トドマツ,山地災害防止（土砂）,0,140.092589,42.1683
None,ブナ,土流保,None,渡島,7252,ち,10.16,None,八雲町,他Ｌ,ダケカンバ,自然維持,0,140.104916,42.165896
None,ダケカンバ,土流保,None,渡島,7252,と,15.21,None,八雲町,他Ｌ,ブナ,山地災害防止（土砂）,0,140.100202,42.165748
None,ブナ,土流保,None,渡島,7253,ほ,27.8,None,八雲町,ダケカンバ,他Ｌ,山地災害防止（土砂）,0,140.100105,42.16384
None,ブナ,土流保,None,渡島,7255,へ,19.81,None,八雲町,ダケカンバ,他Ｌ,山地災害防止（土砂）,0,140.104245,42.157598
None,ブナ,土流保,None,渡島,7253,に,17.63,None,八雲町,ダケカンバ,他Ｌ,山地災害防止（土砂）,0,140.099603,42.161964
None,ダケカンバ,土流保,None,渡島,7254,に,2.59,None,八雲町,ブナ,他Ｌ,自然維持,0,140.099229,42.159503
None,トドマツ,土流保,None,渡島,7252,ろ,2.59,None,八雲町,None,ダケカンバ,山地災害防止（土砂）,0,140.097729,42.166775
None,他Ｌ,土流保,None,渡島,7253,ろ,1.48,None,八雲町,None,トドマツ,山地災害防止（土砂）,0,140.096902,42.165272
None,トドマツ,土流保,None,渡島,7252,い,0.59,None,八雲町,None,ダケカンバ,山地災害防止（土砂）,0,140.094212,42.166474
None,他Ｌ,土流保,None,渡島,7250,い,8.19,None,八雲町,None,トドマツ,山地災害防止（土砂）,0,140.092149,42.166462
None,トドマツ,土流保,None,渡島,7253,い,5.2,None,八雲町,None,他Ｌ,山地災害防止（土砂）,0,140.093176,42.164268
None,ブナ,土流保,None,渡島,7253,は,5.22,None,八雲町,他Ｌ,ダケカンバ,山地災害防止（土砂）,0,140.089939,42.165168
None,ブナ,土流保,None,渡島,7255,と,16.71,None,八雲町,ダケカンバ,他Ｌ,山地災害防止（土砂）,0,140.097455,42.157099
None,ブナ,土流保,None,渡島,7254,は,60.86,None,八雲町,他Ｌ,イタヤカエデ,山地災害防止（土砂）,0,140.090272,42.157986
None,None,土流保,保健保,渡島,196,イ,8.8,None,八雲町,None,None,森林空間利用,0,140.118513,42.152348
None,None,土流保,保健保,渡島,197,イ,3.5,None,八雲町,None,None,森林空間利用,0,140.116063,42.154457
None,None,土流保,保健保,渡島,196,ハ,4.81,None,八雲町,None,None,森林空間利用,0,140.122085,42.148867
None,None,土流保,保健保,渡島,196,ロ,1.88,None,八雲町,None,None,森林空間利用,0,140.118969,42.149144
None,None,土流保,None,渡島,195,イ,11.63,None,八雲町,None,None,自然維持,0,140.121206,42.147543
None,None,水涵保,None,渡島,7290,イ,18.06,None,八雲町,None,None,自然維持,0,140.117373,42.146428
None,None,水涵保,None,渡島,7289,イ,27.5,None,八雲町,None,None,自然維持,0,140.113599,42.149573
None,ブナ,土流保,None,渡島,7256,ほ,37.94,None,八雲町,他Ｌ,ダケカンバ,自然維持,0,140.110072,42.154165
None,ダケカンバ,土流保,None,渡島,7257,と,15.71,None,八雲町,他Ｌ,ブナ,自然維持,0,140.106165,42.150827
None,ダケカンバ,土流保,None,渡島,7258,ろ,30.84,None,八雲町,ブナ,他Ｌ,自然維持,0,140.10716,42.147068
None,ダケカンバ,水涵保,None,渡島,7290,ろ,54.62,None,八雲町,他Ｌ,ブナ,自然維持,0,140.114109,42.141342
None,他Ｌ,水涵保,None,渡島,7289,ろ,24.19,None,八雲町,ブナ,ダケカンバ,自然維持,0,140.110591,42.145569
None,ブナ,水涵保,None,渡島,7290,い,6.81,None,八雲町,イタヤカエデ,他Ｌ,自然維持,0,140.110842,42.138228
None,ブナ,水涵保,None,渡島,7289,い,1.81,None,八雲町,イタヤカエデ,他Ｌ,自然維持,0,140.109421,42.138261
None,ブナ,水涵保,None,渡島,7288,ろ,9.13,None,八雲町,他Ｌ,ダケカンバ,自然維持,0,140.108221,42.138472
None,ブナ,土流保,None,渡島,7256,に,29.8,None,八雲町,ダケカンバ,他Ｌ,山地災害防止（土砂）,0,140.103516,42.154111
None,トドマツ,土流保,None,渡島,7255,に,6.32,None,八雲町,None,他Ｌ,山地災害防止（土砂）,0,140.100409,42.155792
None,トドマツ,土流保,None,渡島,7256,ろ,4.19,None,八雲町,None,他Ｌ,山地災害防止（土砂）,0,140.09847,42.152708
None,ブナ,土流保,None,渡島,7256,は,1.09,None,八雲町,ダケカンバ,他Ｌ,山地災害防止（土砂）,0,140.099522,42.152097
None,トドマツ,土流保,None,渡島,7257,は,3.97,None,八雲町,None,他Ｌ,山地災害防止（土砂）,0,140.10248,42.151107
None,ダケカンバ,土流保,None,渡島,7257,ほ,7.34,None,八雲町,他Ｌ,ブナ,山地災害防止（土砂）,0,140.102305,42.148939
None,トドマツ,土流保,None,渡島,7255,は,4.78,None,八雲町,None,他Ｌ,山地災害防止（土砂）,0,140.093844,42.156098
None,トドマツ,土流保,None,渡島,7255,ろ,9.53,None,八雲町,None,他Ｌ,山地災害防止（土砂）,0,140.08935,42.153837
None,ブナ,土流保,None,渡島,7255,と,16.71,None,八雲町,ダケカンバ,他Ｌ,山地災害防止（土砂）,0,140.091404,42.153254
None,トドマツ,土流保,None,渡島,7256,い,1.93,None,八雲町,None,None,山地災害防止（土砂）,0,140.090501,42.152402
None,トドマツ,土流保,None,渡島,7257,い,2.03,None,八雲町,None,None,山地災害防止（土砂）,0,140.091295,42.151827
None,ダケカンバ,土流保,None,渡島,7257,に,2.69,None,八雲町,トドマツ,ブナ,山地災害防止（土砂）,0,140.096962,42.151534
None,トドマツ,土流保,None,渡島,7257,ろ,18.23,None,八雲町,None,他Ｌ,山地災害防止（土砂）,0,140.098173,42.150092
None,ダケカンバ,土流保,None,渡島,7257,へ,4.93,None,八雲町,トドマツ,ブナ,山地災害防止（土砂）,0,140.093603,42.151406
None,トドマツ,土流保,None,渡島,7259,に,1.28,None,八雲町,None,他Ｌ,山地災害防止（土砂）,0,140.091799,42.150828
None,ブナ,土流保,None,渡島,7259,ほ,0.91,None,八雲町,他Ｌ,ダケカンバ,山地災害防止（土砂）,0,140.092283,42.150285
None,トドマツ,土流保,None,渡島,7259,は,5.69,None,八雲町,None,他Ｌ,山地災害防止（土砂）,0,140.092706,42.147288
None,ブナ,土流保,None,渡島,7259,ほ,0.91,None,八雲町,他Ｌ,ダケカンバ,山地災害防止（土砂）,0,140.090792,42.148791
None,トドマツ,土流保,None,渡島,7259,ぬ,0.94,None,八雲町,None,None,山地災害防止（土砂）,0,140.091135,42.148086
None,ブナ,水涵保,None,渡島,7285,へ,8.63,None,八雲町,ダケカンバ,他Ｌ,自然維持,0,140.107752,42.139701
None,ダケカンバ,土流保,None,渡島,7259,り,2.84,None,八雲町,他Ｌ,ブナ,自然維持,0,140.104534,42.142074
None,ブナ,土流保,None,渡島,7259,ち,3.91,None,八雲町,他Ｌ,ダケカンバ,山地災害防止（土砂）,0,140.102423,42.141409
None,ダケカンバ,土流保,None,渡島,7258,い,26.23,None,八雲町,他Ｌ,ブナ,山地災害防止（土砂）,0,140.10133,42.145521
None,ブナ,水涵保,None,渡島,7285,ほ,29.53,None,八雲町,ダケカンバ,他Ｌ,水源涵養,0,140.105087,42.138304
None,トドマツ,水涵保,None,渡島,7285,は,1.78,None,八雲町,None,None,水源涵養,0,140.10307,42.135951
None,ブナ,土流保,None,渡島,7262,ろ,21.79,None,八雲町,他Ｌ,ダケカンバ,山地災害防止（土砂）,0,140.098649,42.140755
None,トドマツ,水涵保,None,渡島,7285,ろ,2.32,None,八雲町,None,ダケカンバ,水源涵養,0,140.100453,42.136973
None,トドマツ,水涵保,None,渡島,7285,と,1.3,None,八雲町,None,None,水源涵養,0,140.099427,42.137895
None,ブナ,土流保,None,渡島,7259,と,33.25,None,八雲町,他Ｌ,ダケカンバ,山地災害防止（土砂）,0,140.095543,42.145408
None,ブナ,水涵保,None,渡島,7285,ほ,29.53,None,八雲町,ダケカンバ,他Ｌ,水源涵養,0,140.096247,42.136769
None,ブナ,土流保,None,渡島,7262,い,56.86,None,八雲町,他Ｌ,イタヤカエデ,山地災害防止（土砂）,0,140.089897,42.140396
None,トドマツ,水涵保,None,渡島,7284,は,4.18,None,八雲町,None,None,水源涵養,0,140.091918,42.135694
None,ブナ,土流保,None,渡島,7236,い,8.89,None,八雲町,他Ｌ,ダケカンバ,山地災害防止（土砂）,0,140.090092,42.176494
None,ダケカンバ,土流保,None,渡島,7236,は,0.62,None,八雲町,None,他Ｌ,山地災害防止（土砂）,0,140.088333,42.175896
None,ブナ,土流保,None,渡島,7236,ろ,31.98,None,八雲町,他Ｌ,ダケカンバ,山地災害防止（土砂）,0,140.087082,42.177884
None,トドマツ,土流保,None,渡島,7249,は,1.79,None,八雲町,None,他Ｌ,山地災害防止（土砂）,0,140.086592,42.173793
None,ブナ,土流保,None,渡島,7236,ろ,31.98,None,八雲町,他Ｌ,ダケカンバ,山地災害防止（土砂）,0,140.085883,42.177861
None,ブナ,土流保,None,渡島,7249,に,0.38,None,八雲町,他Ｌ,イタヤカエデ,山地災害防止（土砂）,0,140.085482,42.174026
None,ブナ,土流保,None,渡島,7236,ろ,31.98,None,八雲町,他Ｌ,ダケカンバ,山地災害防止（土砂）,0,140.083936,42.175132
None,ブナ,土流保,None,渡島,7249,へ,10.37,None,八雲町,他Ｌ,イタヤカエデ,自然維持,0,140.088801,42.171889
None,トドマツ,土流保,None,渡島,7249,ろ,7.16,None,八雲町,None,他Ｌ,山地災害防止（土砂）,0,140.085824,42.171599
None,ブナ,土流保,None,渡島,7249,と,1.8,None,八雲町,イタヤカエデ,他Ｌ,自然維持,0,140.086856,42.170078
None,ブナ,土流保,None,渡島,7250,と,2.34,None,八雲町,他Ｌ,ダケカンバ,山地災害防止（土砂）,0,140.089325,42.169178
None,ブナ,土流保,None,渡島,7236,ろ,31.98,None,八雲町,他Ｌ,ダケカンバ,山地災害防止（土砂）,0,140.07656,42.175376
None,他Ｌ,土流保,None,渡島,7237,り,1.13,None,八雲町,イタヤカエデ,ブナ,山地災害防止（土砂）,0,140.080521,42.173974
None,他Ｌ,土流保,None,渡島,7237,ぬ,22.24,None,八雲町,イタヤカエデ,ブナ,山地災害防止（土砂）,0,140.079791,42.174106
None,ブナ,土流保,None,渡島,7235,は,26.56,None,八雲町,イタヤカエデ,他Ｌ,山地災害防止（土砂）,0,140.073489,42.177851
None,他Ｌ,土流保,None,渡島,7237,り,1.13,None,八雲町,イタヤカエデ,ブナ,山地災害防止（土砂）,0,140.077989,42.174256
None,トドマツ,土流保,None,渡島,7237,い,1.17,None,八雲町,None,None,山地災害防止（土砂）,0,140.07519,42.17455
None,トドマツ,土流保,None,渡島,7237,に,7.91,None,八雲町,None,ダケカンバ,山地災害防止（土砂）,0,140.075179,42.173534
None,他Ｌ,土流保,None,渡島,7237,ぬ,22.24,None,八雲町,イタヤカエデ,ブナ,山地災害防止（土砂）,0,140.074535,42.166832
None,トドマツ,土流保,None,渡島,7237,ほ,12.18,None,八雲町,None,ダケカンバ,山地災害防止（土砂）,0,140.080281,42.171328
None,トドマツ,土流保,None,渡島,7237,ほ,12.18,None,八雲町,None,ダケカンバ,山地災害防止（土砂）,0,140.07959,42.169858
None,トドマツ,土流保,None,渡島,7237,へ,9.97,None,八雲町,None,ダケカンバ,山地災害防止（土砂）,0,140.07915,42.170282
None,トドマツ,土流保,None,渡島,7237,へ,9.97,None,八雲町,None,ダケカンバ,山地災害防止（土砂）,0,140.079369,42.170012
None,トドマツ,土流保,None,渡島,7237,へ,9.97,None,八雲町,None,ダケカンバ,山地災害防止（土砂）,0,140.078533,42.170256
None,トドマツ,土流保,None,渡島,7237,に,7.91,None,八雲町,None,ダケカンバ,山地災害防止（土砂）,0,140.077006,42.171744
None,None,土流保,None,渡島,7237,ヘ,0.95,None,八雲町,None,None,山地災害防止（土砂）,0,140.078394,42.170669
None,トドマツ,土流保,None,渡島,7237,に,7.91,None,八雲町,None,ダケカンバ,山地災害防止（土砂）,0,140.074886,42.172446
None,トドマツ,土流保,None,渡島,7237,に,7.91,None,八雲町,None,ダケカンバ,山地災害防止（土砂）,0,140.076804,42.170278
None,トドマツ,土流保,None,渡島,7237,る,5.22,None,八雲町,None,None,山地災害防止（土砂）,0,140.078017,42.168296
None,トドマツ,土流保,None,渡島,7237,る,5.22,None,八雲町,None,None,山地災害防止（土砂）,0,140.076779,42.168165
None,None,土流保,None,渡島,7237,ハ,2.0,None,八雲町,None,None,山地災害防止（土砂）,0,140.076355,42.169472
None,トドマツ,土流保,None,渡島,7237,へ,9.97,None,八雲町,None,ダケカンバ,山地災害防止（土砂）,0,140.07503,42.169298
None,None,土流保,None,渡島,7249,ロ,0.83,None,八雲町,None,None,自然維持,0,140.086893,42.166241
None,ブナ,土流保,None,渡島,7253,ほ,27.8,None,八雲町,ダケカンバ,他Ｌ,山地災害防止（土砂）,0,140.089135,42.162789
None,トドマツ,土流保,None,渡島,7249,い,2.76,None,八雲町,None,他Ｌ,山地災害防止（土砂）,0,140.085381,42.166047
None,ブナ,土流保,None,渡島,7249,ほ,52.58,None,八雲町,他Ｌ,イタヤカエデ,山地災害防止（土砂）,0,140.08328,42.16657
None,None,土流保,None,渡島,7249,ロ,0.83,None,八雲町,None,None,自然維持,0,140.08423,42.16456
None,None,土流保,None,渡島,7249,ロ,0.83,None,八雲町,None,None,自然維持,0,140.085349,42.164229
None,None,None,None,渡島,7249,イ,0.66,None,八雲町,None,None,山地災害防止（土砂）,0,140.084862,42.163607
None,トドマツ,土流保,None,渡島,7248,は,15.0,None,八雲町,None,ダケカンバ,山地災害防止（土砂）,0,140.085288,42.162486
None,ブナ,土流保,None,渡島,7249,へ,10.37,None,八雲町,他Ｌ,イタヤカエデ,自然維持,0,140.085125,42.163725
None,ブナ,土流保,None,渡島,7248,へ,17.93,None,八雲町,他Ｌ,ダケカンバ,山地災害防止（土砂）,0,140.085027,42.162593
None,ブナ,土流保,None,渡島,7248,へ,17.93,None,八雲町,他Ｌ,ダケカンバ,山地災害防止（土砂）,0,140.084691,42.162484
None,ブナ,土流保,None,渡島,7248,へ,17.93,None,八雲町,他Ｌ,ダケカンバ,山地災害防止（土砂）,0,140.086358,42.161127
None,None,土流保,None,渡島,7254,イ,2.43,None,八雲町,None,None,山地災害防止（土砂）,0,140.087577,42.159367
None,ブナ,土流保,None,渡島,7248,へ,17.93,None,八雲町,他Ｌ,ダケカンバ,山地災害防止（土砂）,0,140.086939,42.159927
None,None,None,None,渡島,7248,イ,1.25,None,八雲町,None,None,山地災害防止（土砂）,0,140.085257,42.158328
None,トドマツ,土流保,None,渡島,7248,は,15.0,None,八雲町,None,ダケカンバ,山地災害防止（土砂）,0,140.084305,42.160395
None,トドマツ,土流保,None,渡島,7248,い,10.26,None,八雲町,None,他Ｌ,山地災害防止（土砂）,0,140.085035,42.156931
None,ブナ,土流保,None,渡島,7249,へ,10.37,None,八雲町,他Ｌ,イタヤカエデ,自然維持,0,140.080884,42.165306
None,トドマツ,土流保,None,渡島,7237,へ,9.97,None,八雲町,None,ダケカンバ,山地災害防止（土砂）,0,140.076977,42.167076
None,トドマツ,土流保,None,渡島,7237,と,2.0,None,八雲町,None,ダケカンバ,山地災害防止（土砂）,0,140.076378,42.166136
None,ブナ,土流保,None,渡島,7248,へ,17.93,None,八雲町,他Ｌ,ダケカンバ,山地災害防止（土砂）,0,140.07737,42.16393
None,他Ｌ,土流保,None,渡島,7239,る,1.94,None,八雲町,None,ブナ,山地災害防止（土砂）,0,140.076364,42.164251
None,ブナ,土流保,None,渡島,7248,へ,17.93,None,八雲町,他Ｌ,ダケカンバ,山地災害防止（土砂）,0,140.083344,42.158455
None,トドマツ,土流保,None,渡島,7248,に,9.31,None,八雲町,None,ダケカンバ,山地災害防止（土砂）,0,140.080408,42.161808
None,トドマツ,土流保,None,渡島,7248,ろ,9.8,None,八雲町,None,他Ｌ,山地災害防止（土砂）,0,140.077163,42.160403
None,トドマツ,土流保,None,渡島,7248,い,10.26,None,八雲町,None,他Ｌ,山地災害防止（土砂）,0,140.080117,42.157665
None,None,土流保,None,渡島,7248,ロ,3.54,None,八雲町,None,None,山地災害防止（土砂）,0,140.07915,42.158766
None,ブナ,土流保,None,渡島,7248,へ,17.93,None,八雲町,他Ｌ,ダケカンバ,山地災害防止（土砂）,0,140.078413,42.158001
None,ブナ,土流保,None,渡島,7248,ほ,0.42,None,八雲町,他Ｌ,ダケカンバ,山地災害防止（土砂）,0,140.077938,42.158477
None,トドマツ,土流保,None,渡島,7247,へ,0.2,None,八雲町,None,他Ｌ,山地災害防止（土砂）,0,140.076739,42.15954
None,他Ｌ,土流保,None,渡島,7237,ぬ,22.24,None,八雲町,イタヤカエデ,ブナ,山地災害防止（土砂）,0,140.07473,42.17569
None,None,土流保,None,渡島,7237,ニ,1.24,None,八雲町,None,None,山地災害防止（土砂）,0,140.073794,42.175258
None,None,None,None,渡島,7237,チ,0.21,None,八雲町,None,None,山地災害防止（土砂）,0,140.073084,42.175351
None,None,None,None,渡島,7237,ト,0.98,None,八雲町,None,None,山地災害防止（土砂）,0,140.073875,42.174372
None,ブナ,土流保,None,渡島,7238,り,9.1,None,八雲町,他Ｌ,イタヤカエデ,山地災害防止（土砂）,0,140.071529,42.175855
None,トドマツ,土流保,None,渡島,7238,は,1.93,None,八雲町,None,他Ｌ,山地災害防止（土砂）,0,140.071638,42.173777
None,ブナ,土流保,None,渡島,7235,い,17.71,None,八雲町,イタヤカエデ,他Ｌ,山地災害防止（土砂）,0,140.069485,42.177396
None,None,土流保,None,渡島,7238,ヌ,1.49,None,八雲町,None,None,山地災害防止（土砂）,0,140.069588,42.17577
None,ブナ,土流保,None,渡島,7235,い,17.71,None,八雲町,イタヤカエデ,他Ｌ,山地災害防止（土砂）,0,140.068728,42.175819
None,None,None,None,渡島,7235,ニ,3.32,None,八雲町,None,None,山地災害防止（土砂）,0,140.066758,42.176467
None,None,None,None,渡島,7238,ニ,0.44,None,八雲町,None,None,山地災害防止（土砂）,0,140.070605,42.17517
None,トドマツ,土流保,None,渡島,7238,ろ,2.15,None,八雲町,None,ダケカンバ,山地災害防止（土砂）,0,140.070013,42.174603
None,None,土流保,None,渡島,7235,ハ,0.66,None,八雲町,None,None,山地災害防止（土砂）,0,140.06732,42.175675
None,ブナ,土流保,None,渡島,7238,り,9.1,None,八雲町,他Ｌ,イタヤカエデ,山地災害防止（土砂）,0,140.068731,42.174201
None,トドマツ,土流保,None,渡島,7238,い,8.31,None,八雲町,None,他Ｌ,山地災害防止（土砂）,0,140.068028,42.174255
None,None,土流保,None,渡島,7238,ヌ,1.49,None,八雲町,None,None,山地災害防止（土砂）,0,140.068334,42.173244
None,他Ｌ,土流保,None,渡島,7237,ぬ,22.24,None,八雲町,イタヤカエデ,ブナ,山地災害防止（土砂）,0,140.07398,42.1726
None,トドマツ,土流保,None,渡島,7237,ろ,1.04,None,八雲町,None,他Ｌ,山地災害防止（土砂）,0,140.073476,42.171928
None,トドマツ,土流保,None,渡島,7237,へ,9.97,None,八雲町,None,ダケカンバ,山地災害防止（土砂）,0,140.074534,42.170839
None,トドマツ,土流保,None,渡島,7237,は,2.89,None,八雲町,None,他Ｌ,山地災害防止（土砂）,0,140.073577,42.1708
None,トドマツ,土流保,None,渡島,7237,ち,0.26,None,八雲町,None,None,山地災害防止（土砂）,0,140.073566,42.171279
None,トドマツ,土流保,None,渡島,7237,ち,0.26,None,八雲町,None,None,山地災害防止（土砂）,0,140.073088,42.171077
None,トドマツ,土流保,None,渡島,7238,に,3.58,None,八雲町,None,ダケカンバ,山地災害防止（土砂）,0,140.072738,42.171212
None,トドマツ,土流保,None,渡島,7238,に,3.58,None,八雲町,None,ダケカンバ,山地災害防止（土砂）,0,140.071959,42.171945
None,None,土流保,None,渡島,7237,ホ,0.8,None,八雲町,None,None,山地災害防止（土砂）,0,140.078856,42.170843
None,トドマツ,土流保,None,渡島,7237,は,2.89,None,八雲町,None,他Ｌ,山地災害防止（土砂）,0,140.073762,42.168865
None,トドマツ,土流保,None,渡島,7238,ほ,4.71,None,八雲町,None,他Ｌ,山地災害防止（土砂）,0,140.072423,42.169771
None,トドマツ,土流保,None,渡島,7238,ほ,4.71,None,八雲町,None,他Ｌ,山地災害防止（土砂）,0,140.071405,42.170889
None,ブナ,土流保,None,渡島,7238,り,9.1,None,八雲町,他Ｌ,イタヤカエデ,山地災害防止（土砂）,0,140.070399,42.171256
None,トドマツ,土流保,None,渡島,7238,わ,8.02,None,八雲町,None,他Ｌ,山地災害防止（土砂）,0,140.065669,42.171411
None,トドマツ,土流保,None,渡島,7238,へ,2.92,None,八雲町,None,None,山地災害防止（土砂）,0,140.067466,42.171287
None,ブナ,土流保,None,渡島,7238,り,9.1,None,八雲町,他Ｌ,イタヤカエデ,山地災害防止（土砂）,0,140.070899,42.169229
None,他Ｌ,土流保,None,渡島,7239,る,1.94,None,八雲町,None,ブナ,山地災害防止（土砂）,0,140.065481,42.168921
None,トドマツ,土流保,None,渡島,7238,へ,2.92,None,八雲町,None,None,山地災害防止（土砂）,0,140.065725,42.174861
None,ブナ,土流保,None,渡島,7238,り,9.1,None,八雲町,他Ｌ,イタヤカエデ,山地災害防止（土砂）,0,140.065266,42.173474
None,ブナ,土流保,None,渡島,7235,い,17.71,None,八雲町,イタヤカエデ,他Ｌ,山地災害防止（土砂）,0,140.064243,42.175412
None,ハンノキ,土流保,None,渡島,7238,る,0.94,None,八雲町,None,他Ｌ,山地災害防止（土砂）,0,140.063907,42.173527
None,ブナ,土流保,None,渡島,7234,い,26.69,None,八雲町,イタヤカエデ,他Ｌ,山地災害防止（土砂）,0,140.061945,42.176356
None,None,None,None,渡島,7232,イ,0.5,None,八雲町,None,None,山地災害防止（土砂）,0,140.060504,42.17728
None,None,None,None,渡島,7231,イ,0.69,None,八雲町,None,None,山地災害防止（土砂）,0,140.05977,42.177324
None,ブナ,土流保,None,渡島,7232,い,50.84,None,八雲町,他Ｌ,イタヤカエデ,山地災害防止（土砂）,0,140.060766,42.176373
None,ブナ,土流保,None,渡島,7232,ろ,0.29,None,八雲町,他Ｌ,イタヤカエデ,山地災害防止（土砂）,0,140.060266,42.175752
None,ブナ,土流保,None,渡島,7231,ろ,17.57,None,八雲町,他Ｌ,ミズナラ,山地災害防止（土砂）,0,140.059891,42.176696
None,トドマツ,土流保,None,渡島,7238,い,8.31,None,八雲町,None,他Ｌ,山地災害防止（土砂）,0,140.066217,42.173858
None,None,土流保,None,渡島,7238,ヘ,0.81,None,八雲町,None,None,山地災害防止（土砂）,0,140.061535,42.174613
None,ブナ,土流保,None,渡島,7238,ち,3.07,None,八雲町,イタヤカエデ,他Ｌ,山地災害防止（土砂）,0,140.060509,42.175118
None,None,土流保,None,渡島,7238,ト,2.21,None,八雲町,None,None,山地災害防止（土砂）,0,140.060523,42.172671
None,None,土流保,None,渡島,7238,リ,1.34,None,八雲町,None,None,山地災害防止（土砂）,0,140.063782,42.171322
None,トドマツ,土流保,None,渡島,7238,わ,8.02,None,八雲町,None,他Ｌ,山地災害防止（土砂）,0,140.068845,42.170748
None,ブナ,土流保,None,渡島,7238,り,9.1,None,八雲町,他Ｌ,イタヤカエデ,山地災害防止（土砂）,0,140.065104,42.17264
None,トドマツ,土流保,None,渡島,7238,わ,8.02,None,八雲町,None,他Ｌ,山地災害防止（土砂）,0,140.06431,42.172396
None,ブナ,土流保,None,渡島,7238,り,9.1,None,八雲町,他Ｌ,イタヤカエデ,山地災害防止（土砂）,0,140.063889,42.172337
None,トドマツ,土流保,None,渡島,7238,わ,8.02,None,八雲町,None,他Ｌ,山地災害防止（土砂）,0,140.064056,42.171253
None,トドマツ,土流保,None,渡島,7238,か,4.14,None,八雲町,None,None,山地災害防止（土砂）,0,140.063634,42.171193
None,トドマツ,土流保,None,渡島,7238,わ,8.02,None,八雲町,None,他Ｌ,山地災害防止（土砂）,0,140.063608,42.170705
None,トドマツ,土流保,None,渡島,7238,か,4.14,None,八雲町,None,None,山地災害防止（土砂）,0,140.06308,42.170763
None,他Ｌ,土流保,None,渡島,7238,と,2.41,None,八雲町,イタヤカエデ,ブナ,山地災害防止（土砂）,0,140.065797,42.169879
None,ブナ,土流保,None,渡島,7239,か,34.11,None,八雲町,イタヤカエデ,他Ｌ,山地災害防止（土砂）,0,140.064379,42.164057
None,None,None,None,渡島,7238,イ,1.27,None,八雲町,None,None,山地災害防止（土砂）,0,140.062784,42.171729
None,トドマツ,土流保,None,渡島,7238,わ,8.02,None,八雲町,None,他Ｌ,山地災害防止（土砂）,0,140.06209,42.171283
None,トドマツ,土流保,None,渡島,7238,か,4.14,None,八雲町,None,None,山地災害防止（土砂）,0,140.06432,42.17189
None,他Ｌ,土流保,None,渡島,7238,と,2.41,None,八雲町,イタヤカエデ,ブナ,山地災害防止（土砂）,0,140.060191,42.169289
None,ブナ,土流保,None,渡島,7238,り,9.1,None,八雲町,他Ｌ,イタヤカエデ,山地災害防止（土砂）,0,140.059502,42.171096
None,ブナ,土流保,None,渡島,7238,ぬ,7.02,None,八雲町,イタヤカエデ,他Ｌ,山地災害防止（土砂）,0,140.061601,42.169356
None,他Ｌ,土流保,None,渡島,7238,と,2.41,None,八雲町,イタヤカエデ,ブナ,山地災害防止（土砂）,0,140.060982,42.170297
None,トドマツ,土流保,None,渡島,7238,か,4.14,None,八雲町,None,None,山地災害防止（土砂）,0,140.060486,42.170066
None,トドマツ,土流保,None,渡島,7239,い,1.78,None,八雲町,None,他Ｌ,山地災害防止（土砂）,0,140.059231,42.168431
None,他Ｌ,土流保,None,渡島,7239,へ,8.04,None,八雲町,None,トドマツ,山地災害防止（土砂）,0,140.073474,42.164526
None,他Ｌ,土流保,None,渡島,7239,よ,8.0,None,八雲町,None,カラマツ,山地災害防止（土砂）,0,140.073476,42.165351
None,他Ｌ,土流保,None,渡島,7239,ほ,5.81,None,八雲町,None,トドマツ,山地災害防止（土砂）,0,140.069966,42.168016
None,他Ｌ,土流保,None,渡島,7239,よ,8.0,None,八雲町,None,カラマツ,山地災害防止（土砂）,0,140.072637,42.165616
None,None,土流保,None,渡島,7239,ニ,3.28,None,八雲町,None,None,山地災害防止（土砂）,0,140.071364,42.166139
None,ブナ,土流保,None,渡島,7239,か,34.11,None,八雲町,イタヤカエデ,他Ｌ,山地災害防止（土砂）,0,140.072936,42.163336
None,他Ｌ,土流保,None,渡島,7239,よ,8.0,None,八雲町,None,カラマツ,山地災害防止（土砂）,0,140.068924,42.166829
None,ダケカンバ,土流保,None,渡島,7239,ぬ,4.2,None,八雲町,None,トドマツ,山地災害防止（土砂）,0,140.07057,42.164143
None,ブナ,土流保,None,渡島,7239,か,34.11,None,八雲町,イタヤカエデ,他Ｌ,山地災害防止（土砂）,0,140.070112,42.165233
None,カラマツ,土流保,None,渡島,7239,ち,8.52,None,八雲町,None,None,山地災害防止（土砂）,0,140.067055,42.163111
None,他Ｌ,土流保,None,渡島,7239,る,1.94,None,八雲町,None,ブナ,山地災害防止（土砂）,0,140.074016,42.161963
None,トドマツ,土流保,None,渡島,7239,と,5.39,None,八雲町,None,他Ｌ,山地災害防止（土砂）,0,140.072275,42.162037
None,トドマツ,土流保,None,渡島,7247,ほ,3.2,None,八雲町,None,他Ｌ,山地災害防止（土砂）,0,140.073357,42.1572
None,ブナ,土流保,None,渡島,7239,か,34.11,None,八雲町,イタヤカエデ,他Ｌ,山地災害防止（土砂）,0,140.069766,42.161624
None,ブナ,土流保,None,渡島,7240,と,15.75,None,八雲町,他Ｌ,ダケカンバ,山地災害防止（土砂）,0,140.068751,42.160689
None,カラマツ,土流保,None,渡島,7239,に,6.44,None,八雲町,None,None,山地災害防止（土砂）,0,140.065542,42.166044
None,トドマツ,土流保,None,渡島,7239,は,4.3,None,八雲町,None,ダケカンバ,山地災害防止（土砂）,0,140.064914,42.167385
None,カラマツ,土流保,None,渡島,7239,ろ,1.38,None,八雲町,None,None,山地災害防止（土砂）,0,140.061839,42.16661
None,トドマツ,土流保,None,渡島,7239,り,1.12,None,八雲町,None,他Ｌ,山地災害防止（土砂）,0,140.060387,42.165251
None,ブナ,土流保,None,渡島,7240,ほ,3.49,None,八雲町,ミズナラ,他Ｌ,山地災害防止（土砂）,0,140.059398,42.165271
None,ブナ,土流保,None,渡島,7240,に,0.78,None,八雲町,ミズナラ,他Ｌ,山地災害防止（土砂）,0,140.061973,42.16462
None,他Ｌ,土流保,None,渡島,7240,は,1.48,None,八雲町,None,カラマツ,山地災害防止（土砂）,0,140.061769,42.162362
None,他Ｌ,土流保,None,渡島,7241,い,0.2,None,八雲町,None,トドマツ,山地災害防止（土砂）,0,140.059174,42.163151
None,他Ｌ,土流保,None,渡島,7239,る,1.94,None,八雲町,None,ブナ,山地災害防止（土砂）,0,140.065569,42.162248
None,ブナ,土流保,None,渡島,7240,に,0.78,None,八雲町,ミズナラ,他Ｌ,山地災害防止（土砂）,0,140.066037,42.161769
None,カラマツ,土流保,None,渡島,7240,ろ,9.06,None,八雲町,None,None,山地災害防止（土砂）,0,140.061273,42.164115
None,ブナ,土流保,None,渡島,7240,へ,25.58,None,八雲町,ミズナラ,他Ｌ,山地災害防止（土砂）,0,140.063781,42.160089
None,トドマツ,土流保,None,渡島,7241,ろ,12.71,None,八雲町,None,他Ｌ,山地災害防止（土砂）,0,140.059049,42.158955
None,ブナ,土流保,None,渡島,7255,ほ,2.81,None,八雲町,ダケカンバ,他Ｌ,山地災害防止（土砂）,0,140.08799,42.153236
None,トドマツ,土流保,None,渡島,7254,い,0.69,None,八雲町,None,None,山地災害防止（土砂）,0,140.08587,42.156737
None,トドマツ,土流保,None,渡島,7254,ろ,0.28,None,八雲町,None,None,山地災害防止（土砂）,0,140.084557,42.156351
None,ブナ,土流保,None,渡島,7248,へ,17.93,None,八雲町,他Ｌ,ダケカンバ,山地災害防止（土砂）,0,140.083531,42.156539
None,トドマツ,土流保,None,渡島,7248,い,10.26,None,八雲町,None,他Ｌ,山地災害防止（土砂）,0,140.083957,42.155845
None,トドマツ,土流保,None,渡島,7248,い,10.26,None,八雲町,None,他Ｌ,山地災害防止（土砂）,0,140.083935,42.155205
None,ブナ,土流保,None,渡島,7248,へ,17.93,None,八雲町,他Ｌ,ダケカンバ,山地災害防止（土砂）,0,140.083499,42.155035
None,ブナ,土流保,None,渡島,7248,へ,17.93,None,八雲町,他Ｌ,ダケカンバ,山地災害防止（土砂）,0,140.084193,42.155658
None,None,土流保,None,渡島,7254,イ,2.43,None,八雲町,None,None,山地災害防止（土砂）,0,140.084381,42.154741
None,トドマツ,土流保,None,渡島,7255,い,7.12,None,八雲町,None,カラマツ,山地災害防止（土砂）,0,140.086605,42.153236
None,ブナ,土流保,None,渡島,7260,る,22.26,None,八雲町,他Ｌ,イタヤカエデ,山地災害防止（土砂）,0,140.082612,42.153302
None,ブナ,土流保,None,渡島,7255,と,16.71,None,八雲町,ダケカンバ,他Ｌ,山地災害防止（土砂）,0,140.083356,42.153084
None,トドマツ,土流保,None,渡島,7260,ろ,4.09,None,八雲町,None,他Ｌ,山地災害防止（土砂）,0,140.083654,42.152033
None,ブナ,土流保,None,渡島,7260,わ,40.19,None,八雲町,他Ｌ,イタヤカエデ,山地災害防止（土砂）,0,140.0866,42.151305
None,トドマツ,土流保,None,渡島,7260,に,2.06,None,八雲町,None,他Ｌ,山地災害防止（土砂）,0,140.0874,42.150275
None,トドマツ,土流保,None,渡島,7259,ろ,10.23,None,八雲町,None,他Ｌ,山地災害防止（土砂）,0,140.092056,42.149408
None,ブナ,土流保,None,渡島,7259,ち,3.91,None,八雲町,他Ｌ,ダケカンバ,山地災害防止（土砂）,0,140.088789,42.149004
None,トドマツ,土流保,None,渡島,7259,る,0.75,None,八雲町,None,None,山地災害防止（土砂）,0,140.088135,42.148564
None,トドマツ,土流保,None,渡島,7259,い,5.49,None,八雲町,None,他Ｌ,山地災害防止（土砂）,0,140.087368,42.148593
None,トドマツ,土流保,None,渡島,7260,ほ,0.25,None,八雲町,None,他Ｌ,山地災害防止（土砂）,0,140.086399,42.147824
None,トドマツ,土流保,None,渡島,7260,に,2.06,None,八雲町,None,他Ｌ,山地災害防止（土砂）,0,140.08593,42.150942
None,トドマツ,土流保,None,渡島,7260,は,4.53,None,八雲町,None,他Ｌ,山地災害防止（土砂）,0,140.085332,42.15082
None,ブナ,土流保,None,渡島,7260,る,22.26,None,八雲町,他Ｌ,イタヤカエデ,山地災害防止（土砂）,0,140.085964,42.149262
None,トドマツ,土流保,None,渡島,7260,は,4.53,None,八雲町,None,他Ｌ,山地災害防止（土砂）,0,140.084288,42.149767
None,トドマツ,土流保,None,渡島,7260,ろ,4.09,None,八雲町,None,他Ｌ,山地災害防止（土砂）,0,140.083337,42.150858
None,ブナ,土流保,None,渡島,7260,と,0.69,None,八雲町,他Ｌ,イタヤカエデ,山地災害防止（土砂）,0,140.083819,42.150384
None,ブナ,土流保,None,渡島,7260,と,0.69,None,八雲町,他Ｌ,イタヤカエデ,山地災害防止（土砂）,0,140.085497,42.147367
None,ブナ,土流保,None,渡島,7248,へ,17.93,None,八雲町,他Ｌ,ダケカンバ,山地災害防止（土砂）,0,140.0816,42.155646
None,ブナ,土流保,None,渡島,7248,ほ,0.42,None,八雲町,他Ｌ,ダケカンバ,山地災害防止（土砂）,0,140.079762,42.156844
None,None,None,None,渡島,7247,イ,0.04,None,八雲町,None,None,山地災害防止（土砂）,0,140.082137,42.154059
None,ブナ,土流保,None,渡島,7247,ち,52.6,None,八雲町,他Ｌ,イタヤカエデ,山地災害防止（土砂）,0,140.082384,42.154066
None,トドマツ,土流保,None,渡島,7260,ろ,4.09,None,八雲町,None,他Ｌ,山地災害防止（土砂）,0,140.082163,42.153559
None,トドマツ,土流保,None,渡島,7260,へ,0.22,None,八雲町,None,他Ｌ,山地災害防止（土砂）,0,140.08095,42.153778
None,トドマツ,土流保,None,渡島,7260,ろ,4.09,None,八雲町,None,他Ｌ,山地災害防止（土砂）,0,140.081592,42.153629
None,None,None,None,渡島,7260,ニ,0.94,None,八雲町,None,None,山地災害防止（土砂）,0,140.084186,42.151732
None,トドマツ,土流保,None,渡島,7260,い,0.27,None,八雲町,None,他Ｌ,山地災害防止（土砂）,0,140.081121,42.152521
None,None,土流保,None,渡島,7260,ロ,3.3,None,八雲町,None,None,山地災害防止（土砂）,0,140.080745,42.152135
None,トドマツ,土流保,None,渡島,7247,い,0.85,None,八雲町,None,他Ｌ,山地災害防止（土砂）,0,140.079708,42.154039
None,トドマツ,土流保,None,渡島,7247,ろ,0.76,None,八雲町,None,他Ｌ,山地災害防止（土砂）,0,140.07935,42.151951
None,ブナ,土流保,None,渡島,7247,ち,52.6,None,八雲町,他Ｌ,イタヤカエデ,山地災害防止（土砂）,0,140.074355,42.159868
None,ブナ,土流保,None,渡島,7247,り,9.41,None,八雲町,他Ｌ,イタヤカエデ,山地災害防止（土砂）,0,140.078768,42.154701
None,ブナ,土流保,None,渡島,7260,わ,40.19,None,八雲町,他Ｌ,イタヤカエデ,山地災害防止（土砂）,0,140.081892,42.150013
None,トドマツ,土流保,None,渡島,7260,ぬ,0.42,None,八雲町,None,None,山地災害防止（土砂）,0,140.080057,42.150253
None,None,None,None,渡島,7260,イ,2.03,None,八雲町,None,None,山地災害防止（土砂）,0,140.076427,42.14908
None,ブナ,土流保,None,渡島,7260,る,22.26,None,八雲町,他Ｌ,イタヤカエデ,山地災害防止（土砂）,0,140.080354,42.148881
None,トドマツ,土流保,None,渡島,7260,ぬ,0.42,None,八雲町,None,None,山地災害防止（土砂）,0,140.079406,42.150039
None,トドマツ,土流保,None,渡島,7260,り,0.2,None,八雲町,None,None,山地災害防止（土砂）,0,140.07839,42.150281
None,None,土流保,None,渡島,7247,ロ,4.23,None,八雲町,None,None,山地災害防止（土砂）,0,140.07615,42.15089
None,None,土流保,None,渡島,7260,ロ,3.3,None,八雲町,None,None,山地災害防止（土砂）,0,140.077765,42.149323
None,トドマツ,土流保,None,渡島,7247,と,0.69,None,八雲町,None,None,山地災害防止（土砂）,0,140.076882,42.149968
None,ブナ,土流保,None,渡島,7247,り,9.41,None,八雲町,他Ｌ,イタヤカエデ,山地災害防止（土砂）,0,140.074672,42.150283
None,トドマツ,土流保,None,渡島,7260,ち,0.1,None,八雲町,None,None,山地災害防止（土砂）,0,140.076065,42.148857
None,ブナ,土流保,None,渡島,7260,わ,40.19,None,八雲町,他Ｌ,イタヤカエデ,山地災害防止（土砂）,0,140.075651,42.148865
None,None,土流保,None,渡島,7260,ロ,3.3,None,八雲町,None,None,山地災害防止（土砂）,0,140.076256,42.14774
None,ブナ,土流保,None,渡島,7260,る,22.26,None,八雲町,他Ｌ,イタヤカエデ,山地災害防止（土砂）,0,140.074597,42.147216
None,ブナ,土流保,None,渡島,7259,へ,13.87,None,八雲町,他Ｌ,ダケカンバ,山地災害防止（土砂）,0,140.089426,42.145893
None,他Ｌ,水涵保,None,渡島,7284,と,12.13,None,八雲町,ブナ,ダケカンバ,自然維持,0,140.088074,42.136997
None,他Ｌ,土流保,None,渡島,7263,い,0.49,None,八雲町,None,トドマツ,山地災害防止（土砂）,0,140.083277,42.13939
None,他Ｌ,土流保,None,渡島,7263,ろ,1.25,None,八雲町,None,他Ｎ,山地災害防止（土砂）,0,140.083082,42.137577
None,ブナ,土流保,None,渡島,7261,ろ,44.91,None,八雲町,他Ｌ,イタヤカエデ,山地災害防止（土砂）,0,140.081896,42.142267
None,ブナ,土流保,None,渡島,7260,わ,40.19,None,八雲町,他Ｌ,イタヤカエデ,山地災害防止（土砂）,0,140.077427,42.145966
None,トドマツ,土流保,None,渡島,7261,い,0.73,None,八雲町,None,シナノキ,山地災害防止（土砂）,0,140.074918,42.142956
None,ブナ,土流保,None,渡島,7263,に,57.18,None,八雲町,他Ｌ,ダケカンバ,山地災害防止（土砂）,0,140.079914,42.136603
None,トドマツ,土流保,None,渡島,7264,ろ,2.19,None,八雲町,None,他Ｌ,山地災害防止（土砂）,0,140.074929,42.139685
None,トドマツ,土流保,None,渡島,7263,は,5.92,None,八雲町,None,他Ｌ,山地災害防止（土砂）,0,140.076987,42.137056
None,ブナ,土流保,None,渡島,7247,り,9.41,None,八雲町,他Ｌ,イタヤカエデ,山地災害防止（土砂）,0,140.073865,42.156043
None,トドマツ,土流保,None,渡島,7247,に,1.88,None,八雲町,None,他Ｌ,山地災害防止（土砂）,0,140.071739,42.156535
None,トドマツ,土流保,None,渡島,7246,は,2.81,None,八雲町,None,None,山地災害防止（土砂）,0,140.070997,42.156228
None,ブナ,土流保,None,渡島,7246,に,0.97,None,八雲町,他Ｌ,イタヤカエデ,山地災害防止（土砂）,0,140.073152,42.152076
None,トドマツ,土流保,None,渡島,7246,ろ,3.0,None,八雲町,None,None,山地災害防止（土砂）,0,140.072308,42.153334
None,ブナ,土流保,None,渡島,7246,へ,26.47,None,八雲町,イタヤカエデ,他Ｌ,山地災害防止（土砂）,0,140.06875,42.154604
None,トドマツ,土流保,None,渡島,7247,は,3.31,None,八雲町,None,他Ｌ,山地災害防止（土砂）,0,140.073054,42.150568
None,ブナ,土流保,None,渡島,7247,り,9.41,None,八雲町,他Ｌ,イタヤカエデ,山地災害防止（土砂）,0,140.07226,42.150357
None,ブナ,土流保,None,渡島,7246,ほ,28.83,None,八雲町,他Ｌ,イタヤカエデ,山地災害防止（土砂）,0,140.070941,42.149838
None,トドマツ,土流保,None,渡島,7246,い,0.44,None,八雲町,None,他Ｌ,山地災害防止（土砂）,0,140.073486,42.148672
None,None,土流保,None,渡島,7246,イ,3.02,None,八雲町,None,None,山地災害防止（土砂）,0,140.068799,42.147531
None,ブナ,土流保,None,渡島,7240,と,15.75,None,八雲町,他Ｌ,ダケカンバ,山地災害防止（土砂）,0,140.065479,42.15666
None,ブナ,土流保,None,渡島,7241,へ,6.06,None,八雲町,イタヤカエデ,他Ｌ,山地災害防止（土砂）,0,140.062153,42.155135
None,ブナ,土流保,None,渡島,7241,ほ,51.83,None,八雲町,イタヤカエデ,他Ｌ,山地災害防止（土砂）,0,140.060175,42.161093
None,ブナ,土流保,None,渡島,7243,ぬ,21.03,None,八雲町,イタヤカエデ,他Ｌ,山地災害防止（土砂）,0,140.060512,42.152587
None,ブナ,土流保,None,渡島,7245,に,15.85,None,八雲町,他Ｌ,イタヤカエデ,山地災害防止（土砂）,0,140.066085,42.149614
None,ブナ,土流保,None,渡島,7245,は,21.76,None,八雲町,他Ｌ,イタヤカエデ,山地災害防止（土砂）,0,140.062901,42.149478
None,カラマツ,土流保,None,渡島,7245,い,2.91,None,八雲町,None,他Ｌ,山地災害防止（土砂）,0,140.06184,42.147108
None,トドマツ,土流保,None,渡島,7265,い,1.96,None,八雲町,None,他Ｌ,山地災害防止（土砂）,0,140.071869,42.14235
None,None,土流保,None,渡島,7261,イ,0.42,None,八雲町,None,None,山地災害防止（土砂）,0,140.070474,42.144197
None,ブナ,土流保,None,渡島,7261,ろ,44.91,None,八雲町,他Ｌ,イタヤカエデ,山地災害防止（土砂）,0,140.07171,42.143489
None,None,土流保,None,渡島,7260,ハ,0.05,None,八雲町,None,None,山地災害防止（土砂）,0,140.068915,42.144621
None,他Ｌ,土流保,None,渡島,7265,に,23.8,None,八雲町,ブナ,ダケカンバ,山地災害防止（土砂）,0,140.068606,42.143492
None,他Ｌ,土流保,None,渡島,7265,に,23.8,None,八雲町,ブナ,ダケカンバ,山地災害防止（土砂）,0,140.066735,42.145017
None,ブナ,土流保,None,渡島,7260,わ,40.19,None,八雲町,他Ｌ,イタヤカエデ,山地災害防止（土砂）,0,140.068767,42.144577
None,None,None,None,渡島,7265,イ,0.23,None,八雲町,None,None,山地災害防止（土砂）,0,140.067037,42.144673
None,ブナ,土流保,None,渡島,7265,は,12.39,None,八雲町,他Ｌ,ダケカンバ,山地災害防止（土砂）,0,140.069601,42.141252
None,トドマツ,土流保,None,渡島,7264,い,8.54,None,八雲町,None,None,山地災害防止（土砂）,0,140.073168,42.140005
None,トドマツ,土流保,None,渡島,7264,は,1.18,None,八雲町,None,他Ｌ,山地災害防止（土砂）,0,140.070585,42.136241
None,トドマツ,土流保,None,渡島,7265,ろ,3.34,None,八雲町,None,イタヤカエデ,山地災害防止（土砂）,0,140.068706,42.13795
None,他Ｌ,土流保,None,渡島,7265,に,23.8,None,八雲町,ブナ,ダケカンバ,山地災害防止（土砂）,0,140.06637,42.134772
None,トドマツ,土流保,None,渡島,7266,ろ,1.21,None,八雲町,None,他Ｌ,山地災害防止（土砂）,0,140.066305,42.143935
None,None,None,None,渡島,7266,ロ,0.08,None,八雲町,None,None,山地災害防止（土砂）,0,140.065051,42.143791
None,None,土流保,None,渡島,7245,イ,1.12,None,八雲町,None,None,山地災害防止（土砂）,0,140.064053,42.1445
None,ブナ,土流保,None,渡島,7266,は,13.25,None,八雲町,他Ｌ,イタヤカエデ,山地災害防止（土砂）,0,140.063895,42.14298
None,ブナ,土流保,None,渡島,7266,は,13.25,None,八雲町,他Ｌ,イタヤカエデ,山地災害防止（土砂）,0,140.066909,42.142065
None,None,None,None,渡島,7266,ロ,0.08,None,八雲町,None,None,山地災害防止（土砂）,0,140.063265,42.142297
None,ブナ,土流保,None,渡島,7245,に,15.85,None,八雲町,他Ｌ,イタヤカエデ,山地災害防止（土砂）,0,140.062495,42.145137
None,ブナ,土流保,None,渡島,7244,に,22.54,None,八雲町,他Ｌ,イタヤカエデ,山地災害防止（土砂）,0,140.060795,42.145632
None,カラマツ,土流保,None,渡島,7245,ろ,3.51,None,八雲町,None,None,山地災害防止（土砂）,0,140.061996,42.143066
None,None,None,None,渡島,7266,イ,1.11,None,八雲町,None,None,山地災害防止（土砂）,0,140.05793,42.14326
None,ブナ,土流保,None,渡島,7266,に,35.96,None,八雲町,他Ｌ,イタヤカエデ,山地災害防止（土砂）,0,140.060701,42.142066
None,トドマツ,土流保,None,渡島,7266,い,1.0,None,八雲町,None,他Ｌ,山地災害防止（土砂）,0,140.059128,42.142094
None,ブナ,土流保,None,渡島,7266,に,35.96,None,八雲町,他Ｌ,イタヤカエデ,山地災害防止（土砂）,0,140.06439,42.138331
None,ダケカンバ,土流保,None,渡島,7221,い,5.81,None,八雲町,他Ｌ,ブナ,山地災害防止（土砂）,0,140.053716,42.213785
None,ダケカンバ,土流保,None,渡島,7221,ろ,137.55,None,八雲町,他Ｌ,ブナ,自然維持,0,140.049121,42.219159
None,ダケカンバ,土流保,None,渡島,7220,ろ,72.14,None,八雲町,他Ｌ,ブナ,自然維持,0,140.047592,42.212062
None,他Ｌ,土流保,None,渡島,7220,い,31.31,None,八雲町,イタヤカエデ,ブナ,山地災害防止（土砂）,0,140.054629,42.209017
None,他Ｌ,土流保,None,渡島,7226,ろ,3.59,None,八雲町,イタヤカエデ,ブナ,自然維持,0,140.053912,42.203345
None,ダケカンバ,土流保,None,渡島,7219,ろ,45.91,None,八雲町,他Ｌ,ブナ,自然維持,0,140.045402,42.207084
None,ブナ,土流保,None,渡島,7219,い,69.57,None,八雲町,イタヤカエデ,他Ｌ,山地災害防止（土砂）,0,140.047808,42.200463
None,ダケカンバ,土流保,None,渡島,7218,ろ,70.54,None,八雲町,他Ｌ,ブナ,自然維持,0,140.03836,42.213022
None,None,土流保,None,渡島,7217,イ,23.74,None,八雲町,None,None,自然維持,0,140.034263,42.219313
None,ダケカンバ,土流保,None,渡島,7217,ろ,55.7,None,八雲町,ブナ,他Ｌ,自然維持,0,140.03012,42.212721
None,ブナ,土流保,None,渡島,7218,い,10.28,None,八雲町,イタヤカエデ,他Ｌ,山地災害防止（土砂）,0,140.03802,42.207844
None,他Ｌ,土流保,None,渡島,7212,い,31.5,None,八雲町,ダケカンバ,ブナ,山地災害防止（土砂）,0,140.038233,42.202005
None,他Ｌ,土流保,None,渡島,7217,い,1.47,None,八雲町,イタヤカエデ,ブナ,山地災害防止（土砂）,0,140.031512,42.208428
None,ブナ,土流保,None,渡島,7227,ろ,22.49,None,八雲町,他Ｌ,ミズナラ,山地災害防止（土砂）,0,140.056908,42.197021
None,ブナ,土流保,None,渡島,7227,い,26.35,None,八雲町,他Ｌ,ミズナラ,山地災害防止（土砂）,0,140.058762,42.194376
None,ブナ,土流保,None,渡島,7227,ろ,22.49,None,八雲町,他Ｌ,ミズナラ,山地災害防止（土砂）,0,140.058104,42.190399
None,ブナ,土流保,None,渡島,7205,い,16.28,None,八雲町,ミズナラ,他Ｌ,山地災害防止（土砂）,0,140.055483,42.191875
None,ブナ,土流保,None,渡島,7206,い,40.16,None,八雲町,ミズナラ,他Ｌ,山地災害防止（土砂）,0,140.045666,42.195582
None,ブナ,土流保,None,渡島,7205,は,30.16,None,八雲町,ミズナラ,イタヤカエデ,自然維持,0,140.04472,42.189872
None,ブナ,土流保,None,渡島,7227,い,26.35,None,八雲町,他Ｌ,ミズナラ,山地災害防止（土砂）,0,140.05734,42.18775
None,他Ｌ,土流保,None,渡島,7204,い,50.44,None,八雲町,ミズナラ,ブナ,山地災害防止（土砂）,0,140.053718,42.183142
None,ブナ,土流保,None,渡島,7203,い,3.02,None,八雲町,他Ｌ,ミズナラ,山地災害防止（土砂）,0,140.052936,42.178961
None,ブナ,土流保,None,渡島,7205,ろ,46.22,None,八雲町,ミズナラ,他Ｌ,山地災害防止（土砂）,0,140.052319,42.19338
None,ブナ,土流保,None,渡島,7204,ろ,21.56,None,八雲町,ミズナラ,他Ｌ,自然維持,0,140.042939,42.187168
None,ブナ,土流保,None,渡島,7203,は,20.83,None,八雲町,他Ｌ,ミズナラ,山地災害防止（土砂）,0,140.047355,42.182323
None,ブナ,土流保,None,渡島,7203,ろ,7.89,None,八雲町,他Ｌ,ミズナラ,山地災害防止（土砂）,0,140.050138,42.179224
None,ブナ,土流保,None,渡島,7202,に,1.19,None,八雲町,イタヤカエデ,他Ｌ,山地災害防止（土砂）,0,140.044307,42.179285
None,ブナ,土流保,None,渡島,7207,い,19.19,None,八雲町,イタヤカエデ,他Ｌ,山地災害防止（土砂）,0,140.037466,42.196746
None,ダケカンバ,土流保,None,渡島,7211,い,14.47,None,八雲町,他Ｌ,ブナ,山地災害防止（土砂）,0,140.036719,42.199163
None,ブナ,土流保,None,渡島,7206,ろ,18.25,None,八雲町,イタヤカエデ,他Ｌ,自然維持,0,140.042563,42.193048
None,ダケカンバ,土流保,None,渡島,7207,ろ,38.57,None,八雲町,他Ｌ,ブナ,自然維持,0,140.038243,42.192726
None,ブナ,土流保,None,渡島,7208,い,2.34,None,八雲町,イタヤカエデ,他Ｌ,山地災害防止（土砂）,0,140.035314,42.196359
None,ブナ,土流保,None,渡島,7209,い,5.06,None,八雲町,イタヤカエデ,他Ｌ,山地災害防止（土砂）,0,140.032802,42.196658
None,ブナ,土流保,None,渡島,7203,に,39.17,None,八雲町,他Ｌ,ミズナラ,自然維持,0,140.039382,42.184093
None,ブナ,土流保,None,渡島,7202,ほ,9.94,None,八雲町,ミズナラ,他Ｌ,自然維持,0,140.042651,42.180113
None,ダケカンバ,土流保,None,渡島,7208,ろ,65.6,None,八雲町,他Ｌ,ブナ,自然維持,0,140.031738,42.189083
None,ダケカンバ,土流保,None,渡島,7200,い,91.37,None,八雲町,他Ｌ,ブナ,自然維持,0,140.032004,42.182128
None,None,土流保,None,渡島,7216,イ,27.94,None,八雲町,None,None,自然維持,0,140.026571,42.219701
None,ダケカンバ,土流保,None,渡島,7216,い,45.4,None,八雲町,他Ｌ,ブナ,自然維持,0,140.023649,42.215342
None,None,土流保,None,渡島,7215,イ,66.11,None,八雲町,None,None,自然維持,0,140.013177,42.216337
None,ダケカンバ,土流保,None,渡島,7215,い,51.62,None,八雲町,他Ｌ,ブナ,自然維持,0,140.018685,42.212577
None,ダケカンバ,土流保,None,渡島,7212,ろ,70.08,None,八雲町,ブナ,他Ｌ,自然維持,0,140.027723,42.204987
None,ダケカンバ,土流保,None,渡島,7211,ろ,82.85,None,八雲町,他Ｌ,ブナ,自然維持,0,140.023953,42.200418
None,ダケカンバ,土流保,None,渡島,7213,い,59.25,None,八雲町,None,他Ｌ,自然維持,0,140.014798,42.204389
None,None,土流保,None,渡島,7214,イ,13.58,None,八雲町,None,None,自然維持,0,140.006256,42.213401
None,ダケカンバ,土流保,None,渡島,7214,い,77.39,None,八雲町,None,他Ｌ,自然維持,0,140.008182,42.209118
None,None,土流保,None,渡島,7213,イ,26.42,None,八雲町,None,None,自然維持,0,140.006211,42.202052
None,None,水涵保,None,渡島,7179,イ,53.56,None,八雲町,None,None,自然維持,0,140.002873,42.200413
None,ダケカンバ,土流保,None,渡島,7209,ろ,56.43,None,八雲町,ブナ,他Ｌ,自然維持,0,140.027971,42.193681
None,None,土流保,None,渡島,7211,イ,8.36,None,八雲町,None,None,自然維持,0,140.0142,42.199693
None,None,土流保,None,渡島,7210,イ,18.6,None,八雲町,None,None,自然維持,0,140.013007,42.197141
None,ダケカンバ,土流保,None,渡島,7210,い,69.63,None,八雲町,他Ｌ,ブナ,自然維持,0,140.019043,42.193644
None,None,水涵保,None,渡島,7180,イ,0.63,None,八雲町,None,None,自然維持,0,140.01235,42.19334
None,None,土流保,None,渡島,7195,イ,6.25,None,八雲町,None,None,自然維持,0,140.022295,42.181919
None,ダケカンバ,水涵保,None,渡島,7180,い,123.3,None,八雲町,ブナ,他Ｌ,自然維持,0,140.011907,42.1895
None,None,土流保,None,渡島,7194,イ,15.13,None,八雲町,None,None,自然維持,0,140.019125,42.180759
None,ダケカンバ,水涵保,None,渡島,7179,い,54.58,None,八雲町,他Ｌ,ブナ,自然維持,0,140.00585,42.194309
None,ダケカンバ,水涵保,None,渡島,7178,い,55.34,None,八雲町,他Ｌ,ブナ,自然維持,0,139.997449,42.192673
None,ダケカンバ,水涵保,None,渡島,7181,い,79.14,None,八雲町,他Ｌ,ブナ,森林空間利用,0,140.008459,42.181612
None,ダケカンバ,水涵保,None,渡島,7177,い,49.96,None,八雲町,ブナ,他Ｌ,自然維持,0,139.996584,42.186637
None,ダケカンバ,水涵保,None,渡島,7176,い,50.82,None,八雲町,他Ｌ,ブナ,自然維持,0,139.993464,42.182168
None,ブナ,土流保,None,渡島,7231,は,3.29,None,八雲町,他Ｌ,ミズナラ,山地災害防止（土砂）,0,140.057437,42.177564
None,None,None,None,渡島,7231,ロ,0.2,None,八雲町,None,None,山地災害防止（土砂）,0,140.057784,42.177105
None,ブナ,土流保,None,渡島,7231,は,3.29,None,八雲町,他Ｌ,ミズナラ,山地災害防止（土砂）,0,140.058612,42.176733
None,ブナ,土流保,None,渡島,7202,ろ,2.05,None,八雲町,ミズナラ,イタヤカエデ,山地災害防止（土砂）,0,140.059474,42.174847
None,ブナ,土流保,None,渡島,7202,ろ,2.05,None,八雲町,ミズナラ,イタヤカエデ,山地災害防止（土砂）,0,140.056534,42.178311
None,None,None,None,渡島,7202,イ,0.37,None,八雲町,None,None,山地災害防止（土砂）,0,140.055751,42.176373
None,ブナ,土流保,None,渡島,7202,い,4.96,None,八雲町,イタヤカエデ,ミズナラ,山地災害防止（土砂）,0,140.055307,42.178047
None,ブナ,土流保,None,渡島,7202,は,34.5,None,八雲町,ミズナラ,イタヤカエデ,山地災害防止（土砂）,0,140.051268,42.176481
None,ブナ,土流保,None,渡島,7201,は,3.4,None,八雲町,イタヤカエデ,他Ｌ,自然維持,0,140.059501,42.173304
None,ブナ,土流保,None,渡島,7238,ち,3.07,None,八雲町,イタヤカエデ,他Ｌ,山地災害防止（土砂）,0,140.058637,42.171194
None,ブナ,土流保,None,渡島,7201,ろ,26.29,None,八雲町,イタヤカエデ,他Ｌ,自然維持,0,140.05545,42.172557
None,ブナ,土流保,None,渡島,7239,わ,0.55,None,八雲町,イタヤカエデ,他Ｌ,山地災害防止（土砂）,0,140.058181,42.169991
None,None,土流保,None,渡島,7239,ハ,1.39,None,八雲町,None,None,山地災害防止（土砂）,0,140.057617,42.169494
None,None,土流保,None,渡島,7239,ロ,0.17,None,八雲町,None,None,山地災害防止（土砂）,0,140.057241,42.168728
None,ブナ,土流保,None,渡島,7239,わ,0.55,None,八雲町,イタヤカエデ,他Ｌ,山地災害防止（土砂）,0,140.05743,42.168685
None,ブナ,土流保,None,渡島,7239,か,34.11,None,八雲町,イタヤカエデ,他Ｌ,山地災害防止（土砂）,0,140.05773,42.16789
None,None,土流保,None,渡島,7201,イ,0.29,None,八雲町,None,None,自然維持,0,140.056092,42.168549
None,None,None,None,渡島,7201,ハ,0.28,None,八雲町,None,None,山地災害防止（土砂）,0,140.052286,42.170299
None,None,土流保,None,渡島,7201,ロ,0.83,None,八雲町,None,None,山地災害防止（土砂）,0,140.050803,42.171146
None,ブナ,土流保,None,渡島,7198,に,2.83,None,八雲町,イタヤカエデ,他Ｌ,山地災害防止（土砂）,0,140.052675,42.169826
None,None,土流保,None,渡島,7198,ニ,0.18,None,八雲町,None,None,山地災害防止（土砂）,0,140.052514,42.169947
None,None,土流保,None,渡島,7198,ニ,0.18,None,八雲町,None,None,山地災害防止（土砂）,0,140.051618,42.169866
None,他Ｌ,土流保,None,渡島,7198,は,0.15,None,八雲町,None,トドマツ,山地災害防止（土砂）,0,140.052942,42.168214
None,ブナ,土流保,None,渡島,7198,へ,27.37,None,八雲町,ダケカンバ,他Ｌ,山地災害防止（土砂）,0,140.052549,42.167687
None,None,None,None,渡島,7198,イ,4.67,None,八雲町,None,None,山地災害防止（土砂）,0,140.051568,42.168692
None,他Ｌ,土流保,None,渡島,7198,い,1.67,None,八雲町,None,トドマツ,山地災害防止（土砂）,0,140.052061,42.168079
None,ブナ,土流保,None,渡島,7201,ほ,44.9,None,八雲町,イタヤカエデ,ミズナラ,山地災害防止（土砂）,0,140.04523,42.175502
None,ブナ,土流保,None,渡島,7198,に,2.83,None,八雲町,イタヤカエデ,他Ｌ,山地災害防止（土砂）,0,140.050644,42.169723
None,他Ｌ,土流保,None,渡島,7198,い,1.67,None,八雲町,None,トドマツ,山地災害防止（土砂）,0,140.050512,42.167975
None,ブナ,土流保,None,渡島,7199,い,19.74,None,八雲町,ダケカンバ,他Ｌ,山地災害防止（土砂）,0,140.043084,42.172259
None,ブナ,土流保,None,渡島,7198,ほ,16.36,None,八雲町,イタヤカエデ,他Ｌ,山地災害防止（土砂）,0,140.046651,42.169278
None,ブナ,土流保,None,渡島,7240,ほ,3.49,None,八雲町,ミズナラ,他Ｌ,山地災害防止（土砂）,0,140.05753,42.16685
None,カラマツ,土流保,None,渡島,7240,い,1.28,None,八雲町,None,None,山地災害防止（土砂）,0,140.058419,42.166062
None,None,None,None,渡島,7240,イ,0.31,None,八雲町,None,None,山地災害防止（土砂）,0,140.057701,42.166246
None,カラマツ,土流保,None,渡島,7240,い,1.28,None,八雲町,None,None,山地災害防止（土砂）,0,140.057049,42.165995
None,ブナ,土流保,None,渡島,7240,ほ,3.49,None,八雲町,ミズナラ,他Ｌ,山地災害防止（土砂）,0,140.056684,42.167457
None,トドマツ,土流保,None,渡島,7241,と,0.11,None,八雲町,None,None,山地災害防止（土砂）,0,140.058567,42.16383
None,トドマツ,土流保,None,渡島,7201,い,0.03,None,八雲町,None,None,自然維持,0,140.053782,42.167434
None,トドマツ,土流保,None,渡島,7201,に,0.22,None,八雲町,None,他Ｌ,山地災害防止（土砂）,0,140.053628,42.167598
None,他Ｌ,土流保,None,渡島,7198,ろ,0.13,None,八雲町,None,トドマツ,山地災害防止（土砂）,0,140.051867,42.167431
None,他Ｌ,土流保,None,渡島,7198,い,1.67,None,八雲町,None,トドマツ,山地災害防止（土砂）,0,140.05183,42.167046
None,他Ｌ,土流保,None,渡島,7198,ろ,0.13,None,八雲町,None,トドマツ,山地災害防止（土砂）,0,140.052119,42.167141
None,None,土流保,None,渡島,7198,ロ,0.12,None,八雲町,None,None,山地災害防止（土砂）,0,140.052108,42.167325
None,None,土流保,None,渡島,7241,イ,0.63,None,八雲町,None,None,山地災害防止（土砂）,0,140.051943,42.162932
None,トドマツ,土流保,None,渡島,7241,は,3.39,None,八雲町,None,他Ｌ,山地災害防止（土砂）,0,140.056866,42.160481
None,ブナ,土流保,None,渡島,7241,に,3.09,None,八雲町,イタヤカエデ,他Ｌ,山地災害防止（土砂）,0,140.055488,42.158706
None,ブナ,土流保,None,渡島,7241,ほ,51.83,None,八雲町,イタヤカエデ,他Ｌ,山地災害防止（土砂）,0,140.054341,42.161808
None,None,土流保,None,渡島,7242,ロ,2.0,None,八雲町,None,None,山地災害防止（土砂）,0,140.051392,42.157556
None,None,None,None,渡島,7197,イ,1.73,None,八雲町,None,None,山地災害防止（土砂）,0,140.049283,42.163914
None,None,None,None,渡島,7197,イ,1.73,None,八雲町,None,None,山地災害防止（土砂）,0,140.049057,42.161825
None,他Ｌ,土流保,None,渡島,7197,る,0.12,None,八雲町,None,トドマツ,山地災害防止（土砂）,0,140.048315,42.163468
None,None,None,None,渡島,7197,イ,1.73,None,八雲町,None,None,山地災害防止（土砂）,0,140.049008,42.1632
None,ブナ,土流保,None,渡島,7198,へ,27.37,None,八雲町,ダケカンバ,他Ｌ,山地災害防止（土砂）,0,140.042179,42.167511
None,ブナ,土流保,None,渡島,7197,わ,55.49,None,八雲町,イタヤカエデ,他Ｌ,山地災害防止（土砂）,0,140.03835,42.160182
None,他Ｌ,土流保,None,渡島,7197,ぬ,0.44,None,八雲町,None,トドマツ,山地災害防止（土砂）,0,140.047135,42.163309
None,None,土流保,None,渡島,7241,ハ,2.19,None,八雲町,None,None,山地災害防止（土砂）,0,140.050074,42.162319
None,None,土流保,None,渡島,7197,ハ,2.8,None,八雲町,None,None,山地災害防止（土砂）,0,140.048692,42.161082
None,他Ｌ,土流保,None,渡島,7197,り,1.25,None,八雲町,None,トドマツ,山地災害防止（土砂）,0,140.047661,42.162019
None,None,土流保,None,渡島,7242,ホ,0.96,None,八雲町,None,None,山地災害防止（土砂）,0,140.048659,42.160298
None,None,土流保,None,渡島,7242,ニ,0.2,None,八雲町,None,None,山地災害防止（土砂）,0,140.048257,42.159546
None,None,土流保,None,渡島,7197,ロ,0.15,None,八雲町,None,None,山地災害防止（土砂）,0,140.047702,42.160051
None,他Ｌ,土流保,None,渡島,7242,い,30.17,None,八雲町,シナノキ,ブナ,山地災害防止（土砂）,0,140.048564,42.157175
None,ブナ,土流保,None,渡島,7197,わ,55.49,None,八雲町,イタヤカエデ,他Ｌ,山地災害防止（土砂）,0,140.046297,42.161447
None,他Ｌ,土流保,None,渡島,7197,ち,0.31,None,八雲町,None,トドマツ,山地災害防止（土砂）,0,140.045635,42.161039
None,トドマツ,土流保,None,渡島,7197,と,4.64,None,八雲町,None,他Ｌ,山地災害防止（土砂）,0,140.044176,42.160806
None,ブナ,土流保,None,渡島,7197,わ,55.49,None,八雲町,イタヤカエデ,他Ｌ,山地災害防止（土砂）,0,140.047041,42.158527
None,None,土流保,None,渡島,7197,ニ,0.02,None,八雲町,None,None,山地災害防止（土砂）,0,140.044694,42.157022
None,ブナ,土流保,None,渡島,7201,と,9.26,None,八雲町,ミズナラ,イタヤカエデ,自然維持,0,140.042249,42.177998
None,ブナ,土流保,None,渡島,7201,へ,4.34,None,八雲町,ミズナラ,他Ｌ,山地災害防止（土砂）,0,140.042052,42.176793
None,ブナ,土流保,None,渡島,7201,と,9.26,None,八雲町,ミズナラ,イタヤカエデ,自然維持,0,140.039821,42.176571
None,他Ｌ,土流保,None,渡島,7199,ろ,9.4,None,八雲町,ダケカンバ,ブナ,山地災害防止（土砂）,0,140.040101,42.172534
None,ブナ,土流保,None,渡島,7198,と,1.4,None,八雲町,イタヤカエデ,他Ｌ,山地災害防止（土砂）,0,140.040134,42.169349
None,他Ｌ,土流保,None,渡島,7199,は,49.07,None,八雲町,ダケカンバ,ブナ,自然維持,0,140.032937,42.175803
None,ダケカンバ,土流保,None,渡島,7196,ち,17.84,None,八雲町,ブナ,他Ｌ,自然維持,0,140.035823,42.168976
None,ダケカンバ,土流保,None,渡島,7195,い,73.54,None,八雲町,他Ｌ,ブナ,自然維持,0,140.026286,42.179086
None,他Ｌ,土流保,None,渡島,7197,へ,0.51,None,八雲町,None,トドマツ,山地災害防止（土砂）,0,140.041439,42.16443
None,他Ｌ,土流保,None,渡島,7197,ほ,1.87,None,八雲町,None,トドマツ,山地災害防止（土砂）,0,140.041462,42.163199
None,他Ｌ,土流保,None,渡島,7196,に,2.68,None,八雲町,None,トドマツ,山地災害防止（土砂）,0,140.037563,42.162827
None,トドマツ,土流保,None,渡島,7197,に,5.21,None,八雲町,None,None,山地災害防止（土砂）,0,140.041531,42.160066
None,スギ,土流保,None,渡島,7197,は,0.11,None,八雲町,None,None,山地災害防止（土砂）,0,140.04269,42.158076
None,他Ｌ,土流保,None,渡島,7197,る,0.12,None,八雲町,None,トドマツ,山地災害防止（土砂）,0,140.04054,42.158425
None,ブナ,土流保,None,渡島,7196,ほ,2.09,None,八雲町,イタヤカエデ,他Ｌ,山地災害防止（土砂）,0,140.03936,42.163639
None,他Ｌ,土流保,None,渡島,7197,い,0.84,None,八雲町,None,カラマツ,山地災害防止（土砂）,0,140.037233,42.15765
None,ブナ,土流保,None,渡島,7196,ほ,2.09,None,八雲町,イタヤカエデ,他Ｌ,山地災害防止（土砂）,0,140.03603,42.157557
None,他Ｌ,土流保,None,渡島,7196,と,26.59,None,八雲町,ブナ,ダケカンバ,山地災害防止（土砂）,0,140.030582,42.166943
None,ブナ,土流保,None,渡島,7196,へ,29.88,None,八雲町,他Ｌ,イタヤカエデ,山地災害防止（土砂）,0,140.036995,42.164873
None,他Ｌ,土流保,None,渡島,7196,は,1.55,None,八雲町,None,トドマツ,山地災害防止（土砂）,0,140.032851,42.162731
None,ブナ,土流保,None,渡島,7193,へ,10.25,None,八雲町,ダケカンバ,イタヤカエデ,山地災害防止（土砂）,0,140.028179,42.166323
None,トドマツ,土流保,None,渡島,7196,い,8.3,None,八雲町,None,None,山地災害防止（土砂）,0,140.033713,42.161595
None,トドマツ,土流保,None,渡島,7196,ろ,3.6,None,八雲町,None,None,山地災害防止（土砂）,0,140.032463,42.16106
None,トドマツ,土流保,None,渡島,7193,ろ,5.45,None,八雲町,None,None,山地災害防止（土砂）,0,140.02974,42.160623
None,スギ,土流保,None,渡島,7193,ち,0.4,None,八雲町,None,ダケカンバ,山地災害防止（土砂）,0,140.031425,42.158677
None,ブナ,土流保,None,渡島,7192,に,0.93,None,八雲町,イタヤカエデ,他Ｌ,山地災害防止（土砂）,0,140.028395,42.158757
None,トドマツ,土流保,None,渡島,7192,い,0.78,None,八雲町,None,ダケカンバ,山地災害防止（土砂）,0,140.028109,42.158093
None,ブナ,土流保,None,渡島,7243,り,43.29,None,八雲町,イタヤカエデ,他Ｌ,山地災害防止（土砂）,0,140.055247,42.154175
None,ブナ,土流保,None,渡島,7243,と,0.22,None,八雲町,イタヤカエデ,他Ｌ,山地災害防止（土砂）,0,140.05155,42.15556
None,トドマツ,土流保,None,渡島,7243,ほ,4.78,None,八雲町,None,他Ｌ,山地災害防止（土砂）,0,140.051933,42.15438
None,ブナ,土流保,None,渡島,7244,ほ,21.26,None,八雲町,他Ｌ,イタヤカエデ,山地災害防止（土砂）,0,140.058727,42.149607
None,トドマツ,土流保,None,渡島,7244,い,3.25,None,八雲町,None,他Ｌ,山地災害防止（土砂）,0,140.055316,42.147226
None,トドマツ,土流保,None,渡島,7243,に,0.22,None,八雲町,None,他Ｌ,山地災害防止（土砂）,0,140.052263,42.151175
None,None,土流保,None,渡島,7243,ロ,3.88,None,八雲町,None,None,山地災害防止（土砂）,0,140.052988,42.150432
None,None,土流保,None,渡島,7244,イ,9.6,None,八雲町,None,None,山地災害防止（土砂）,0,140.052002,42.149314
None,ブナ,土流保,None,渡島,7244,に,22.54,None,八雲町,他Ｌ,イタヤカエデ,山地災害防止（土砂）,0,140.050947,42.147286
None,他Ｌ,土流保,None,渡島,7242,ろ,29.78,None,八雲町,シナノキ,ブナ,山地災害防止（土砂）,0,140.047664,42.15368
None,ブナ,土流保,None,渡島,7243,り,43.29,None,八雲町,イタヤカエデ,他Ｌ,山地災害防止（土砂）,0,140.050599,42.152544
None,ブナ,土流保,None,渡島,7243,ち,7.53,None,八雲町,イタヤカエデ,他Ｌ,山地災害防止（土砂）,0,140.050206,42.150109
None,スギ,土流保,None,渡島,7268,り,0.6,None,八雲町,None,他Ｌ,山地災害防止（土砂）,0,140.047695,42.148081
None,トドマツ,土流保,None,渡島,7268,は,0.6,None,八雲町,None,他Ｌ,山地災害防止（土砂）,0,140.047724,42.146789
None,トドマツ,土流保,None,渡島,7243,は,5.49,None,八雲町,None,None,山地災害防止（土砂）,0,140.045847,42.150458
None,None,土流保,None,渡島,7243,ロ,3.88,None,八雲町,None,None,山地災害防止（土砂）,0,140.046814,42.149239
None,トドマツ,土流保,None,渡島,7243,ろ,2.0,None,八雲町,None,None,山地災害防止（土砂）,0,140.044659,42.151023
None,None,土流保,None,渡島,7243,ロ,3.88,None,八雲町,None,None,山地災害防止（土砂）,0,140.043469,42.150816
None,None,None,None,渡島,7243,ハ,0.3,None,八雲町,None,None,山地災害防止（土砂）,0,140.04446,42.149613
None,None,土流保,None,渡島,7243,ロ,3.88,None,八雲町,None,None,山地災害防止（土砂）,0,140.046936,42.148253
None,None,土流保,None,渡島,7243,ロ,3.88,None,八雲町,None,None,山地災害防止（土砂）,0,140.046063,42.148206
None,None,土流保,None,渡島,7268,ロ,1.85,None,八雲町,None,None,山地災害防止（土砂）,0,140.045333,42.147089
None,ブナ,土流保,None,渡島,7268,わ,13.25,None,八雲町,ダケカンバ,イタヤカエデ,山地災害防止（土砂）,0,140.046134,42.147695
None,トドマツ,土流保,None,渡島,7243,は,5.49,None,八雲町,None,None,山地災害防止（土砂）,0,140.044665,42.14853
None,スギ,土流保,None,渡島,7243,い,1.49,None,八雲町,None,None,山地災害防止（土砂）,0,140.045067,42.147682
None,トドマツ,土流保,None,渡島,7243,へ,0.63,None,八雲町,None,他Ｌ,山地災害防止（土砂）,0,140.043553,42.148851
None,スギ,土流保,None,渡島,7243,い,1.49,None,八雲町,None,None,山地災害防止（土砂）,0,140.043728,42.148353
None,None,None,None,渡島,7243,イ,0.46,None,八雲町,None,None,山地災害防止（土砂）,1,140.04717,42.148536
None,None,土流保,None,渡島,7244,イ,9.6,None,八雲町,None,None,山地災害防止（土砂）,0,140.059055,42.146058
None,トドマツ,土流保,None,渡島,7244,は,2.28,None,八雲町,None,他Ｌ,山地災害防止（土砂）,0,140.057666,42.145152
None,ブナ,土流保,None,渡島,7267,い,9.22,None,八雲町,他Ｌ,ダケカンバ,山地災害防止（土砂）,0,140.057192,42.143591
None,カラマツ,土流保,None,渡島,7244,ろ,1.28,None,八雲町,None,他Ｌ,山地災害防止（土砂）,0,140.056247,42.144578
None,None,None,None,渡島,7266,ロ,0.08,None,八雲町,None,None,山地災害防止（土砂）,0,140.058177,42.143425
None,ブナ,土流保,None,渡島,7266,に,35.96,None,八雲町,他Ｌ,イタヤカエデ,山地災害防止（土砂）,0,140.058084,42.142909
None,None,None,None,渡島,7267,イ,0.03,None,八雲町,None,None,山地災害防止（土砂）,0,140.056982,42.14345
None,None,土流保,None,渡島,7244,イ,9.6,None,八雲町,None,None,山地災害防止（土砂）,0,140.053241,42.145469
None,カラマツ,土流保,None,渡島,7268,へ,1.97,None,八雲町,None,None,山地災害防止（土砂）,0,140.053717,42.143559
None,ブナ,土流保,None,渡島,7268,る,43.96,None,八雲町,他Ｌ,イタヤカエデ,山地災害防止（土砂）,0,140.05515,42.14381
None,ブナ,土流保,None,渡島,7267,い,9.22,None,八雲町,他Ｌ,ダケカンバ,山地災害防止（土砂）,0,140.056716,42.14025
None,ブナ,土流保,None,渡島,7267,ろ,47.85,None,八雲町,他Ｌ,ダケカンバ,山地災害防止（土砂）,0,140.058703,42.135937
None,ブナ,土流保,None,渡島,7268,る,43.96,None,八雲町,他Ｌ,イタヤカエデ,山地災害防止（土砂）,0,140.053506,42.141387
None,トドマツ,土流保,None,渡島,7268,ち,5.12,None,八雲町,None,他Ｌ,山地災害防止（土砂）,0,140.051417,42.139018
None,None,None,None,渡島,7268,イ,1.14,None,八雲町,None,None,山地災害防止（土砂）,0,140.04808,42.148107
None,ブナ,土流保,None,渡島,7268,わ,13.25,None,八雲町,ダケカンバ,イタヤカエデ,山地災害防止（土砂）,0,140.048761,42.144581
None,トドマツ,土流保,None,渡島,7268,と,3.52,None,八雲町,None,他Ｌ,山地災害防止（土砂）,0,140.051273,42.142442
None,カラマツ,土流保,None,渡島,7269,は,2.2,None,八雲町,None,他Ｌ,山地災害防止（土砂）,0,140.047973,42.141974
None,カラマツ,土流保,None,渡島,7268,に,1.98,None,八雲町,None,他Ｌ,山地災害防止（土砂）,0,140.045648,42.145819
None,ブナ,土流保,None,渡島,7268,る,43.96,None,八雲町,他Ｌ,イタヤカエデ,山地災害防止（土砂）,0,140.043866,42.14536
None,ブナ,土流保,None,渡島,7268,ほ,1.13,None,八雲町,イタヤカエデ,他Ｌ,山地災害防止（土砂）,0,140.04467,42.14391
None,ブナ,土流保,None,渡島,7269,と,9.39,None,八雲町,他Ｌ,イタヤカエデ,山地災害防止（土砂）,0,140.045983,42.14267
None,ブナ,土流保,None,渡島,7268,ぬ,0.97,None,八雲町,イタヤカエデ,他Ｌ,山地災害防止（土砂）,0,140.045096,42.143021
None,ブナ,土流保,None,渡島,7269,ほ,0.55,None,八雲町,他Ｌ,イタヤカエデ,山地災害防止（土砂）,0,140.044916,42.142379
None,ブナ,土流保,None,渡島,7268,ぬ,0.97,None,八雲町,イタヤカエデ,他Ｌ,山地災害防止（土砂）,0,140.04832,42.139787
None,トドマツ,土流保,None,渡島,7269,に,2.46,None,八雲町,None,他Ｌ,山地災害防止（土砂）,0,140.047344,42.138838
None,ブナ,土流保,None,渡島,7270,は,21.18,None,八雲町,他Ｌ,ダケカンバ,山地災害防止（土砂）,0,140.048291,42.13651
None,ブナ,土流保,None,渡島,7269,と,9.39,None,八雲町,他Ｌ,イタヤカエデ,山地災害防止（土砂）,0,140.045775,42.140235
None,トドマツ,土流保,None,渡島,7270,い,1.67,None,八雲町,None,他Ｌ,山地災害防止（土砂）,0,140.045376,42.136118
None,None,土流保,None,渡島,7242,イ,2.2,None,八雲町,None,None,山地災害防止（土砂）,0,140.042336,42.152606
None,None,土流保,None,渡島,7243,ロ,3.88,None,八雲町,None,None,山地災害防止（土砂）,0,140.042526,42.150286
None,ブナ,土流保,None,渡島,7243,り,43.29,None,八雲町,イタヤカエデ,他Ｌ,山地災害防止（土砂）,0,140.043096,42.148382
None,トドマツ,土流保,None,渡島,7268,ろ,0.94,None,八雲町,None,他Ｌ,山地災害防止（土砂）,0,140.04236,42.146539
None,ブナ,土流保,None,渡島,7193,ほ,35.41,None,八雲町,イタヤカエデ,他Ｌ,山地災害防止（土砂）,0,140.031564,42.155759
None,トドマツ,土流保,None,渡島,7193,い,1.82,None,八雲町,None,None,山地災害防止（土砂）,0,140.03159,42.156367
None,スギ,土流保,None,渡島,7268,い,0.38,None,八雲町,None,None,山地災害防止（土砂）,0,140.041845,42.146077
None,スギ,土流保,None,渡島,7269,い,5.47,None,八雲町,None,他Ｌ,山地災害防止（土砂）,0,140.041181,42.145258
None,ブナ,土流保,None,渡島,7269,ち,30.11,None,八雲町,他Ｌ,イタヤカエデ,山地災害防止（土砂）,0,140.039722,42.14522
None,トドマツ,土流保,None,渡島,7269,ろ,1.77,None,八雲町,None,他Ｌ,山地災害防止（土砂）,0,140.041752,42.141314
None,ブナ,土流保,None,渡島,7269,へ,0.39,None,八雲町,他Ｌ,イタヤカエデ,山地災害防止（土砂）,0,140.041129,42.141649
None,ブナ,土流保,None,渡島,7269,へ,0.39,None,八雲町,他Ｌ,イタヤカエデ,山地災害防止（土砂）,0,140.040315,42.141703
None,ブナ,土流保,None,渡島,7269,ち,30.11,None,八雲町,他Ｌ,イタヤカエデ,山地災害防止（土砂）,0,140.042697,42.13901
None,ブナ,土流保,None,渡島,7270,は,21.18,None,八雲町,他Ｌ,ダケカンバ,山地災害防止（土砂）,0,140.041289,42.136993
None,None,土流保,None,渡島,7270,イ,9.48,None,八雲町,None,None,山地災害防止（土砂）,0,140.042621,42.136077
None,ブナ,土流保,None,渡島,7190,に,0.53,None,八雲町,ミズナラ,イタヤカエデ,山地災害防止（土砂）,0,140.029549,42.144235
None,トドマツ,土流保,None,渡島,7190,は,1.3,None,八雲町,None,None,山地災害防止（土砂）,0,140.029328,42.143816
None,ダケカンバ,土流保,None,渡島,7194,い,78.13,None,八雲町,他Ｌ,ブナ,自然維持,0,140.020707,42.174459
None,ブナ,土流保,None,渡島,7193,と,21.94,None,八雲町,他Ｌ,ダケカンバ,自然維持,0,140.020045,42.167921
None,ダケカンバ,土流保,None,渡島,7193,に,5.48,None,八雲町,None,トドマツ,山地災害防止（土砂）,0,140.024493,42.165126
None,トドマツ,土流保,None,渡島,7193,は,5.0,None,八雲町,None,None,山地災害防止（土砂）,0,140.02711,42.164113
None,ブナ,土流保,None,渡島,7193,ほ,35.41,None,八雲町,イタヤカエデ,他Ｌ,山地災害防止（土砂）,0,140.024509,42.162399
None,ブナ,土流保,None,渡島,7192,ほ,46.91,None,八雲町,イタヤカエデ,他Ｌ,山地災害防止（土砂）,0,140.020142,42.161828
None,トドマツ,土流保,None,渡島,7192,ろ,1.07,None,八雲町,None,ダケカンバ,山地災害防止（土砂）,0,140.025902,42.158035
None,ブナ,土流保,None,渡島,7192,に,0.93,None,八雲町,イタヤカエデ,他Ｌ,山地災害防止（土砂）,0,140.025239,42.158326
None,トドマツ,土流保,None,渡島,7192,は,6.9,None,八雲町,None,ダケカンバ,山地災害防止（土砂）,0,140.0234,42.157695
None,他Ｌ,土流保,None,渡島,7192,へ,43.41,None,八雲町,ダケカンバ,イタヤカエデ,自然維持,0,140.016358,42.169079
None,ブナ,水涵保,None,渡島,7186,わ,22.53,None,八雲町,他Ｌ,ダケカンバ,森林空間利用,0,140.01218,42.165869
None,ダケカンバ,水涵保,None,渡島,7187,る,5.97,None,八雲町,ブナ,他Ｌ,森林空間利用,0,140.013507,42.163453
None,ブナ,水涵保,None,渡島,7187,り,26.72,None,八雲町,ダケカンバ,他Ｌ,水源涵養,0,140.013485,42.160645
None,トドマツ,水涵保,None,渡島,7187,と,1.47,None,八雲町,None,ダケカンバ,水源涵養,0,140.015002,42.158656
None,ブナ,水涵保,None,渡島,7187,ぬ,18.88,None,八雲町,他Ｌ,ダケカンバ,水源涵養,0,140.017255,42.159595
None,トドマツ,水涵保,None,渡島,7187,へ,5.35,None,八雲町,None,ダケカンバ,水源涵養,0,140.013382,42.15782
None,ダケカンバ,水涵保,None,渡島,7182,ろ,81.93,None,八雲町,他Ｌ,ブナ,森林空間利用,0,140.01056,42.174461
None,None,水涵保,None,渡島,7186,ロ,9.38,None,八雲町,None,None,森林空間利用,0,140.010671,42.168751
None,他Ｌ,水涵保,None,渡島,7183,ろ,29.5,None,八雲町,ブナ,ダケカンバ,森林空間利用,0,140.003906,42.172645
None,ブナ,水涵保,None,渡島,7184,へ,14.69,None,八雲町,他Ｌ,ダケカンバ,森林空間利用,0,140.006713,42.167895
None,ダケカンバ,水涵保,None,渡島,7182,い,1.78,None,八雲町,他Ｌ,ブナ,森林空間利用,0,140.002724,42.176187
None,ダケカンバ,水涵保,None,渡島,7175,ろ,60.54,None,八雲町,ブナ,他Ｌ,森林空間利用,0,139.994053,42.17664
None,他Ｌ,水涵保,None,渡島,7175,い,6.72,None,八雲町,イタヤカエデ,ブナ,森林空間利用,0,139.998616,42.174507
None,他Ｌ,水涵保,None,渡島,7183,い,44.94,None,八雲町,ダケカンバ,ブナ,森林空間利用,0,139.999233,42.170302
None,ブナ,水涵保,None,渡島,7186,か,7.19,None,八雲町,None,他Ｌ,水源涵養,0,140.009886,42.164009
None,他Ｌ,水涵保,None,渡島,7186,る,21.94,None,八雲町,None,ブナ,水源涵養,0,140.005374,42.163734
None,他Ｌ,水涵保,None,渡島,7186,と,3.24,None,八雲町,None,トドマツ,水源涵養,0,140.010458,42.162086
None,ダケカンバ,水涵保,None,渡島,7186,へ,3.8,None,八雲町,None,トドマツ,水源涵養,0,140.008437,42.160455
None,他Ｌ,水涵保,None,渡島,7186,ぬ,1.38,None,八雲町,None,ブナ,水源涵養,0,140.008814,42.158139
None,トドマツ,水涵保,None,渡島,7186,り,0.74,None,八雲町,None,他Ｌ,水源涵養,0,140.008441,42.157853
None,トドマツ,水涵保,None,渡島,7186,に,1.43,None,八雲町,None,None,水源涵養,0,140.006728,42.162059
None,トドマツ,水涵保,None,渡島,7186,ほ,1.72,None,八雲町,None,None,水源涵養,0,140.005206,42.161619
None,トドマツ,水涵保,None,渡島,7186,は,1.13,None,八雲町,None,他Ｌ,水源涵養,0,140.005088,42.160047
None,トドマツ,水涵保,None,渡島,7186,ち,0.38,None,八雲町,None,他Ｌ,水源涵養,0,140.007766,42.159527
None,トドマツ,水涵保,None,渡島,7186,ろ,2.22,None,八雲町,None,他Ｌ,水源涵養,0,140.005183,42.158969
None,他Ｌ,水涵保,None,渡島,7186,ぬ,1.38,None,八雲町,None,ブナ,水源涵養,0,140.004502,42.158462
None,ブナ,水涵保,None,渡島,7184,ほ,32.67,None,八雲町,イタヤカエデ,他Ｌ,森林空間利用,0,140.000501,42.163878
None,None,None,None,渡島,7174,ロ,0.02,None,八雲町,None,None,水源涵養,0,139.997956,42.164368
None,他Ｌ,水涵保,None,渡島,7174,い,3.5,None,八雲町,None,トドマツ,水源涵養,0,139.99691,42.164294
None,ブナ,水涵保,None,渡島,7173,と,17.25,None,八雲町,ダケカンバ,他Ｌ,水源涵養,0,139.996823,42.162358
None,None,None,None,渡島,7173,ロ,0.06,None,八雲町,None,None,水源涵養,0,139.996856,42.162814
None,ブナ,水涵保,None,渡島,7184,に,11.38,None,八雲町,イタヤカエデ,他Ｌ,水源涵養,0,140.00132,42.159979
None,ブナ,水涵保,None,渡島,7184,は,0.59,None,八雲町,他Ｌ,イタヤカエデ,水源涵養,0,140.003807,42.159403
None,トドマツ,水涵保,None,渡島,7184,ろ,1.5,None,八雲町,None,None,水源涵養,0,140.003158,42.159617
None,ブナ,水涵保,None,渡島,7185,か,4.22,None,八雲町,イタヤカエデ,他Ｌ,水源涵養,0,140.00415,42.157925
None,トドマツ,水涵保,None,渡島,7185,ろ,0.95,None,八雲町,None,None,水源涵養,0,140.002733,42.156911
None,None,None,None,渡島,7173,ヘ,0.02,None,八雲町,None,None,水源涵養,0,139.997286,42.162155
None,None,None,None,渡島,7173,ハ,0.02,None,八雲町,None,None,水源涵養,0,139.997359,42.162069
None,トドマツ,水涵保,None,渡島,7184,い,3.2,None,八雲町,None,None,水源涵養,0,139.997571,42.159001
None,ブナ,水涵保,None,渡島,7185,よ,18.16,None,八雲町,イタヤカエデ,他Ｌ,水源涵養,0,139.999048,42.157064
None,ブナ,水涵保,None,渡島,7184,ほ,32.67,None,八雲町,イタヤカエデ,他Ｌ,森林空間利用,0,139.996791,42.158385
None,ブナ,土流保,None,渡島,7191,に,1.98,None,八雲町,ミズナラ,他Ｌ,山地災害防止（土砂）,0,140.023682,42.153747
None,トドマツ,土流保,None,渡島,7191,は,10.51,None,八雲町,None,ダケカンバ,山地災害防止（土砂）,0,140.021972,42.15379
None,トドマツ,土流保,None,渡島,7191,ろ,7.71,None,八雲町,None,ダケカンバ,山地災害防止（土砂）,0,140.019971,42.152043
None,トドマツ,土流保,None,渡島,7191,い,8.78,None,八雲町,None,ダケカンバ,山地災害防止（土砂）,0,140.025362,42.150105
None,None,土流保,None,渡島,7191,イ,0.35,None,八雲町,None,None,山地災害防止（土砂）,0,140.026421,42.14735
None,ブナ,土流保,None,渡島,7191,ほ,59.26,None,八雲町,他Ｌ,ミズナラ,山地災害防止（土砂）,0,140.022698,42.148166
None,ブナ,水涵保,None,渡島,7187,ち,0.63,None,八雲町,ダケカンバ,他Ｌ,水源涵養,0,140.014706,42.154786
None,トドマツ,水涵保,None,渡島,7187,に,5.27,None,八雲町,None,None,水源涵養,0,140.012613,42.155697
None,トドマツ,水涵保,None,渡島,7187,ほ,1.83,None,八雲町,None,ダケカンバ,水源涵養,0,140.013124,42.15429
None,トドマツ,水涵保,None,渡島,7188,へ,1.23,None,八雲町,None,ダケカンバ,水源涵養,0,140.012655,42.151116
None,None,水涵保,None,渡島,7188,ハ,3.05,None,八雲町,None,None,水源涵養,0,140.012224,42.149718
None,ブナ,水涵保,None,渡島,7188,ち,72.06,None,八雲町,他Ｌ,ダケカンバ,水源涵養,0,140.012533,42.145029
None,ブナ,土流保,None,渡島,7190,に,0.53,None,八雲町,ミズナラ,イタヤカエデ,山地災害防止（土砂）,0,140.026649,42.145531
None,トドマツ,土流保,None,渡島,7190,ろ,0.87,None,八雲町,None,None,山地災害防止（土砂）,0,140.025645,42.145526
None,トドマツ,土流保,None,渡島,7190,い,0.78,None,八雲町,None,None,山地災害防止（土砂）,0,140.025094,42.144666
None,ブナ,土流保,None,渡島,7190,ほ,31.47,None,八雲町,ミズナラ,イタヤカエデ,山地災害防止（土砂）,0,140.022601,42.144637
None,ブナ,土流保,None,渡島,7190,へ,21.06,None,八雲町,他Ｌ,ミズナラ,山地災害防止（土砂）,0,140.017735,42.146323
None,他Ｌ,土流保,None,渡島,7189,る,0.5,None,八雲町,ブナ,イタヤカエデ,山地災害防止（土砂）,0,140.026433,42.138539
None,トドマツ,土流保,None,渡島,7189,と,1.0,None,八雲町,None,None,山地災害防止（土砂）,0,140.025846,42.138253
None,スギ,土流保,None,渡島,7189,ち,0.76,None,八雲町,None,None,山地災害防止（土砂）,0,140.026814,42.137454
None,スギ,土流保,None,渡島,7189,へ,0.4,None,八雲町,None,None,山地災害防止（土砂）,0,140.026328,42.13697
None,None,土流保,None,渡島,7189,イ,0.33,None,八雲町,None,None,山地災害防止（土砂）,0,140.024401,42.134686
None,スギ,土流保,None,渡島,7189,り,1.96,None,八雲町,None,None,山地災害防止（土砂）,0,140.024917,42.13639
None,他Ｌ,土流保,None,渡島,7189,る,0.5,None,八雲町,ブナ,イタヤカエデ,山地災害防止（土砂）,0,140.024046,42.136533
None,イタヤカエデ,土流保,None,渡島,7189,わ,47.51,None,八雲町,ブナ,他Ｌ,山地災害防止（土砂）,0,140.017156,42.14259
None,トドマツ,土流保,None,渡島,7189,ほ,3.19,None,八雲町,None,None,山地災害防止（土砂）,0,140.018666,42.140614
None,トドマツ,土流保,None,渡島,7189,い,2.0,None,八雲町,None,None,山地災害防止（土砂）,0,140.02312,42.136301
None,スギ,土流保,None,渡島,7189,ぬ,0.52,None,八雲町,None,None,山地災害防止（土砂）,0,140.022189,42.136087
None,スギ,土流保,None,渡島,7189,に,0.8,None,八雲町,None,None,山地災害防止（土砂）,0,140.021524,42.137903
None,スギ,土流保,None,渡島,7189,に,0.8,None,八雲町,None,None,山地災害防止（土砂）,0,140.019041,42.139633
None,スギ,土流保,None,渡島,7189,は,0.94,None,八雲町,None,None,山地災害防止（土砂）,0,140.019919,42.139191
None,トドマツ,水涵保,None,渡島,7187,ろ,1.03,None,八雲町,None,他Ｌ,水源涵養,0,140.008419,42.154278
None,ブナ,水涵保,None,渡島,7185,か,4.22,None,八雲町,イタヤカエデ,他Ｌ,水源涵養,0,140.012725,42.153441
None,他Ｌ,水涵保,None,渡島,7185,わ,1.45,None,八雲町,None,カラマツ,水源涵養,0,140.010869,42.152713
None,ブナ,水涵保,None,渡島,7187,ぬ,18.88,None,八雲町,他Ｌ,ダケカンバ,水源涵養,0,140.009777,42.154177
None,カラマツ,水涵保,None,渡島,7185,た,1.11,None,八雲町,None,他Ｌ,水源涵養,0,140.009968,42.153157
None,ブナ,水涵保,None,渡島,7185,か,4.22,None,八雲町,イタヤカエデ,他Ｌ,水源涵養,0,140.009248,42.153239
None,トドマツ,水涵保,None,渡島,7185,ぬ,1.25,None,八雲町,None,None,水源涵養,0,140.008418,42.153361
None,トドマツ,水涵保,None,渡島,7185,る,0.75,None,八雲町,None,None,水源涵養,0,140.00825,42.152502
None,トドマツ,水涵保,None,渡島,7187,は,2.12,None,八雲町,None,カラマツ,水源涵養,0,140.011073,42.155789
None,ブナ,水涵保,None,渡島,7187,ち,0.63,None,八雲町,ダケカンバ,他Ｌ,水源涵養,0,140.007679,42.154499
None,トドマツ,水涵保,None,渡島,7186,い,0.2,None,八雲町,None,他Ｌ,水源涵養,0,140.006631,42.155438
None,他Ｌ,水涵保,None,渡島,7186,る,21.94,None,八雲町,None,ブナ,水源涵養,0,140.0065,42.155102
None,トドマツ,水涵保,None,渡島,7187,い,0.38,None,八雲町,None,None,水源涵養,0,140.007101,42.154729
None,ブナ,水涵保,None,渡島,7187,ぬ,18.88,None,八雲町,他Ｌ,ダケカンバ,水源涵養,0,140.006563,42.15487
None,None,水涵保,None,渡島,7186,イ,1.09,None,八雲町,None,None,水源涵養,0,140.005984,42.156946
None,トドマツ,水涵保,None,渡島,7185,は,2.65,None,八雲町,None,None,水源涵養,0,140.004575,42.156645
None,カラマツ,水涵保,None,渡島,7185,ほ,1.24,None,八雲町,None,他Ｌ,水源涵養,0,140.005428,42.155905
None,トドマツ,水涵保,None,渡島,7185,と,0.2,None,八雲町,None,他Ｌ,水源涵養,0,140.006185,42.155436
None,トドマツ,水涵保,None,渡島,7185,へ,1.24,None,八雲町,None,カラマツ,水源涵養,0,140.005196,42.154933
None,ブナ,水涵保,None,渡島,7185,か,4.22,None,八雲町,イタヤカエデ,他Ｌ,水源涵養,0,140.007558,42.152481
None,トドマツ,水涵保,None,渡島,7185,り,3.86,None,八雲町,None,他Ｌ,水源涵養,0,140.006595,42.152881
None,トドマツ,水涵保,None,渡島,7185,ち,1.02,None,八雲町,None,None,水源涵養,0,140.005818,42.153813
None,ブナ,水涵保,None,渡島,7185,よ,18.16,None,八雲町,イタヤカエデ,他Ｌ,水源涵養,0,140.004476,42.152823
None,トドマツ,水涵保,None,渡島,7188,に,5.29,None,八雲町,None,None,水源涵養,0,140.009192,42.15044
None,ブナ,水涵保,None,渡島,7188,と,1.53,None,八雲町,ダケカンバ,他Ｌ,水源涵養,0,140.008211,42.150235
None,トドマツ,水涵保,None,渡島,7188,に,5.29,None,八雲町,None,None,水源涵養,0,140.008727,42.148875
None,ブナ,水涵保,None,渡島,7185,よ,18.16,None,八雲町,イタヤカエデ,他Ｌ,水源涵養,0,140.007579,42.151255
None,トドマツ,水涵保,None,渡島,7188,ほ,1.6,None,八雲町,None,None,水源涵養,0,140.006747,42.149393
None,None,None,None,渡島,7188,ロ,0.67,None,八雲町,None,None,水源涵養,0,140.005944,42.149039
None,トドマツ,水涵保,None,渡島,7188,ほ,1.6,None,八雲町,None,None,水源涵養,0,140.005477,42.149319
None,トドマツ,水涵保,None,渡島,7188,は,3.89,None,八雲町,None,ダケカンバ,水源涵養,0,140.007532,42.147303
None,ブナ,水涵保,None,渡島,7170,へ,50.28,None,八雲町,イタヤカエデ,他Ｌ,森林空間利用,0,140.005731,42.147382
None,None,None,None,渡島,7188,ホ,0.12,None,八雲町,None,None,水源涵養,0,140.005851,42.146783
None,None,None,None,渡島,7170,ニ,0.26,None,八雲町,None,None,森林空間利用,0,140.005668,42.146453
None,ブナ,水涵保,None,渡島,7185,か,4.22,None,八雲町,イタヤカエデ,他Ｌ,水源涵養,0,140.003026,42.156116
None,トドマツ,水涵保,None,渡島,7185,に,4.68,None,八雲町,None,他Ｌ,水源涵養,0,140.003756,42.154965
None,トドマツ,水涵保,None,渡島,7185,い,2.29,None,八雲町,None,None,水源涵養,0,140.000273,42.15641
None,None,None,None,渡島,7185,イ,0.4,None,八雲町,None,None,水源涵養,0,140.002776,42.154693
None,トドマツ,水涵保,None,渡島,7185,に,4.68,None,八雲町,None,他Ｌ,水源涵養,0,140.001668,42.155077
None,トドマツ,水涵保,None,渡島,7170,ほ,0.91,None,八雲町,None,他Ｌ,森林空間利用,0,140.003551,42.148883
None,ブナ,水涵保,None,渡島,7170,へ,50.28,None,八雲町,イタヤカエデ,他Ｌ,森林空間利用,0,139.999969,42.149768
None,トドマツ,水涵保,None,渡島,7170,ろ,1.32,None,八雲町,None,他Ｌ,森林空間利用,0,140.003934,42.147646
None,トドマツ,水涵保,None,渡島,7170,に,0.31,None,八雲町,None,他Ｌ,森林空間利用,0,140.002505,42.148519
None,トドマツ,水涵保,None,渡島,7170,は,0.37,None,八雲町,None,他Ｌ,森林空間利用,0,140.002938,42.147614
None,カラマツ,水涵保,None,渡島,7188,い,1.56,None,八雲町,None,None,水源涵養,0,140.007893,42.144288
None,ブナ,水涵保,None,渡島,7188,と,1.53,None,八雲町,ダケカンバ,他Ｌ,水源涵養,0,140.007127,42.145982
None,トドマツ,水涵保,None,渡島,7188,ろ,1.63,None,八雲町,None,他Ｌ,水源涵養,0,140.00802,42.145502
None,None,None,None,渡島,7188,イ,0.04,None,八雲町,None,None,水源涵養,0,140.007458,42.143545
None,None,None,None,渡島,7188,ロ,0.67,None,八雲町,None,None,水源涵養,0,140.00691,42.144641
None,None,None,None,渡島,7170,ロ,1.77,None,八雲町,None,None,森林空間利用,0,140.00697,42.144015
None,ブナ,水涵保,None,渡島,7170,へ,50.28,None,八雲町,イタヤカエデ,他Ｌ,森林空間利用,0,140.006088,42.145627
None,トドマツ,水涵保,None,渡島,7170,い,0.97,None,八雲町,None,他Ｌ,森林空間利用,0,140.005593,42.144893
None,None,None,None,渡島,7170,イ,0.02,None,八雲町,None,None,森林空間利用,0,140.007437,42.143345
None,ブナ,水涵保,None,渡島,7291,い,4.22,None,八雲町,イタヤカエデ,他Ｌ,自然維持,0,140.113957,42.1353
None,他Ｌ,水涵保,None,渡島,7292,ろ,40.8,None,八雲町,ダケカンバ,ブナ,自然維持,0,140.115129,42.129534
None,ブナ,水涵保,None,渡島,7288,ろ,9.13,None,八雲町,他Ｌ,ダケカンバ,自然維持,0,140.113228,42.133047
None,ブナ,水涵保,None,渡島,7288,は,51.13,None,八雲町,ダケカンバ,他Ｌ,水源涵養,0,140.108217,42.13479
None,他Ｌ,水涵保,None,渡島,7293,は,17.19,None,八雲町,ブナ,ダケカンバ,自然維持,0,140.112202,42.124981
None,ブナ,水涵保,None,渡島,7292,い,34.19,None,八雲町,他Ｌ,ダケカンバ,自然維持,0,140.107519,42.129142
None,ブナ,水涵保,None,渡島,7309,い,18.94,None,八雲町,イタヤカエデ,他Ｌ,自然維持,0,140.119863,42.119966
None,他Ｌ,水涵保,None,渡島,7309,ろ,57.66,None,八雲町,ブナ,ダケカンバ,自然維持,0,140.117208,42.124265
None,他Ｌ,水涵保,None,渡島,7308,ろ,9.66,None,八雲町,ダケカンバ,ブナ,自然維持,0,140.112782,42.119895
None,ブナ,水涵保,None,渡島,7308,い,34.45,None,八雲町,イタヤカエデ,他Ｌ,自然維持,0,140.116002,42.116792
None,ブナ,水涵保,None,渡島,7293,ろ,34.38,None,八雲町,イタヤカエデ,他Ｌ,自然維持,0,140.107336,42.124142
None,ダケカンバ,水涵保,None,渡島,7294,ち,0.75,None,八雲町,ブナ,他Ｌ,自然維持,0,140.107501,42.120227
None,ブナ,水涵保,None,渡島,7295,ぬ,12.81,None,八雲町,他Ｌ,ダケカンバ,自然維持,0,140.110616,42.118856
None,ブナ,水涵保,None,渡島,7295,り,26.33,None,八雲町,ダケカンバ,他Ｌ,自然維持,0,140.106803,42.117205
None,他Ｌ,水涵保,None,渡島,7288,い,2.28,None,八雲町,None,トドマツ,水源涵養,0,140.102765,42.130029
None,ブナ,水涵保,None,渡島,7285,に,23.55,None,八雲町,ダケカンバ,他Ｌ,水源涵養,0,140.099382,42.13504
None,None,None,None,渡島,7285,イ,0.7,None,八雲町,None,None,水源涵養,0,140.100196,42.133614
None,トドマツ,水涵保,None,渡島,7286,ろ,0.54,None,八雲町,None,None,水源涵養,0,140.099982,42.130236
None,トドマツ,水涵保,None,渡島,7286,い,0.57,None,八雲町,None,None,水源涵養,0,140.098615,42.131391
None,ダケカンバ,水涵保,None,渡島,7286,に,1.27,None,八雲町,None,他Ｌ,水源涵養,0,140.098772,42.130684
None,ブナ,水涵保,None,渡島,7286,ほ,14.8,None,八雲町,他Ｌ,イタヤカエデ,水源涵養,0,140.097445,42.128886
None,トドマツ,水涵保,None,渡島,7287,へ,4.43,None,八雲町,None,他Ｌ,水源涵養,0,140.099657,42.127916
None,トドマツ,水涵保,None,渡島,7286,は,0.22,None,八雲町,None,None,水源涵養,0,140.098424,42.129867
None,トドマツ,水涵保,None,渡島,7287,と,6.25,None,八雲町,None,None,水源涵養,0,140.099691,42.126125
None,ブナ,水涵保,None,渡島,7287,ち,1.75,None,八雲町,イタヤカエデ,他Ｌ,水源涵養,0,140.097374,42.126983
None,トドマツ,水涵保,None,渡島,7285,い,1.65,None,八雲町,None,None,水源涵養,0,140.096926,42.135188
None,トドマツ,水涵保,None,渡島,7284,ち,0.63,None,八雲町,None,ダケカンバ,水源涵養,0,140.096196,42.133058
None,ブナ,水涵保,None,渡島,7284,ほ,1.27,None,八雲町,ダケカンバ,他Ｌ,水源涵養,0,140.094401,42.134916
None,トドマツ,水涵保,None,渡島,7284,に,2.45,None,八雲町,None,None,水源涵養,0,140.094717,42.134046
None,None,None,None,渡島,7284,イ,0.54,None,八雲町,None,None,水源涵養,0,140.097589,42.131979
None,ブナ,水涵保,None,渡島,7284,へ,21.37,None,八雲町,ダケカンバ,他Ｌ,水源涵養,0,140.096603,42.131543
None,None,None,None,渡島,7286,イ,0.15,None,八雲町,None,None,水源涵養,0,140.096078,42.130525
None,ブナ,水涵保,None,渡島,7286,ほ,14.8,None,八雲町,他Ｌ,イタヤカエデ,水源涵養,0,140.095891,42.131126
None,ブナ,水涵保,None,渡島,7284,ほ,1.27,None,八雲町,ダケカンバ,他Ｌ,水源涵養,0,140.092228,42.132801
None,トドマツ,水涵保,None,渡島,7284,ろ,1.33,None,八雲町,None,None,水源涵養,0,140.091845,42.134281
None,ブナ,水涵保,None,渡島,7283,ち,3.5,None,八雲町,ダケカンバ,他Ｌ,水源涵養,0,140.092698,42.131729
None,トドマツ,水涵保,None,渡島,7284,い,3.7,None,八雲町,None,None,水源涵養,0,140.094101,42.131316
None,ブナ,水涵保,None,渡島,7284,ほ,1.27,None,八雲町,ダケカンバ,他Ｌ,水源涵養,0,140.093865,42.130202
None,トドマツ,水涵保,None,渡島,7283,は,5.9,None,八雲町,None,None,水源涵養,0,140.091801,42.13126
None,None,None,None,渡島,7284,イ,0.54,None,八雲町,None,None,水源涵養,0,140.095407,42.12909
None,ブナ,水涵保,None,渡島,7284,へ,21.37,None,八雲町,ダケカンバ,他Ｌ,水源涵養,0,140.094879,42.128744
None,ブナ,水涵保,None,渡島,7286,へ,24.18,None,八雲町,他Ｌ,イタヤカエデ,水源涵養,0,140.095163,42.127015
None,トドマツ,水涵保,None,渡島,7283,ほ,5.76,None,八雲町,None,他Ｌ,水源涵養,0,140.090126,42.130092
None,他Ｌ,水涵保,None,渡島,7283,に,4.32,None,八雲町,ダケカンバ,ブナ,水源涵養,0,140.091198,42.128245
None,ブナ,水涵保,None,渡島,7283,り,12.13,None,八雲町,ダケカンバ,他Ｌ,水源涵養,0,140.090393,42.125567
None,他Ｌ,水涵保,None,渡島,7283,ろ,0.65,None,八雲町,ダケカンバ,ブナ,水源涵養,0,140.090509,42.126661
None,ブナ,水涵保,None,渡島,7294,と,54.5,None,八雲町,他Ｌ,ダケカンバ,水源涵養,0,140.100129,42.120376
None,ブナ,水涵保,None,渡島,7293,い,6.22,None,八雲町,イタヤカエデ,他Ｌ,水源涵養,0,140.100361,42.122897
None,ブナ,水涵保,None,渡島,7287,り,25.6,None,八雲町,イタヤカエデ,他Ｌ,水源涵養,0,140.098442,42.12421
None,ブナ,水涵保,None,渡島,7296,は,28.53,None,八雲町,ダケカンバ,他Ｌ,水源涵養,0,140.103401,42.114741
None,トドマツ,水涵保,None,渡島,7294,ほ,5.17,None,八雲町,None,他Ｌ,水源涵養,0,140.099066,42.118277
None,トドマツ,水涵保,None,渡島,7295,ほ,7.89,None,八雲町,None,他Ｌ,水源涵養,0,140.098165,42.115937
None,トドマツ,水涵保,None,渡島,7287,ほ,10.5,None,八雲町,None,None,水源涵養,0,140.095193,42.123053
None,None,None,None,渡島,7282,イ,0.76,None,八雲町,None,None,水源涵養,0,140.088736,42.122269
None,トドマツ,水涵保,None,渡島,7287,に,2.13,None,八雲町,None,None,水源涵養,0,140.092408,42.121037
None,ブナ,水涵保,None,渡島,7294,へ,4.6,None,八雲町,ダケカンバ,他Ｌ,水源涵養,0,140.100742,42.117435
None,ブナ,水涵保,None,渡島,7295,と,3.06,None,八雲町,ダケカンバ,他Ｌ,水源涵養,0,140.101904,42.117089
None,他Ｌ,水涵保,None,渡島,7295,に,1.08,None,八雲町,None,他Ｎ,水源涵養,0,140.096575,42.114919
None,ブナ,水涵保,None,渡島,7295,る,11.0,None,八雲町,他Ｌ,ダケカンバ,水源涵養,0,140.093088,42.114862
None,ブナ,水涵保,None,渡島,7295,へ,3.53,None,八雲町,ダケカンバ,他Ｌ,水源涵養,0,140.091993,42.116914
None,ダケカンバ,水涵保,None,渡島,7295,は,6.1,None,八雲町,None,トドマツ,水源涵養,0,140.093987,42.116446
None,トドマツ,水涵保,None,渡島,7295,ろ,5.34,None,八雲町,None,None,水源涵養,0,140.090876,42.115939
None,ブナ,水涵保,None,渡島,7307,い,39.68,None,八雲町,他Ｌ,イタヤカエデ,自然維持,0,140.116939,42.111631
None,ブナ,水涵保,None,渡島,7306,ろ,22.96,None,八雲町,イタヤカエデ,他Ｌ,森林空間利用,0,140.116868,42.106511
None,ブナ,水涵保,None,渡島,7306,は,5.72,None,八雲町,イタヤカエデ,他Ｌ,森林空間利用,0,140.115146,42.107425
None,ブナ,水涵保,None,渡島,7307,ろ,18.31,None,八雲町,イタヤカエデ,他Ｌ,自然維持,0,140.110853,42.108822
None,ブナ,水涵保,None,渡島,7296,ほ,9.53,None,八雲町,他Ｌ,ダケカンバ,自然維持,0,140.109057,42.109842
None,ブナ,水涵保,None,渡島,7296,に,21.49,None,八雲町,他Ｌ,ダケカンバ,自然維持,0,140.106758,42.11247
None,ブナ,水涵保,None,渡島,7303,と,7.78,None,八雲町,イタヤカエデ,他Ｌ,森林空間利用,0,140.110338,42.106706
None,ダケカンバ,水涵保,None,渡島,7297,に,7.84,None,八雲町,他Ｌ,ブナ,自然維持,0,140.10893,42.107773
None,ブナ,水涵保,None,渡島,7302,わ,4.16,None,八雲町,他Ｌ,ダケカンバ,自然維持,0,140.107376,42.105576
None,ブナ,水涵保,None,渡島,7302,か,8.75,None,八雲町,他Ｌ,イタヤカエデ,水源涵養,0,140.106434,42.104033
None,ブナ,水涵保,None,渡島,7306,ろ,22.96,None,八雲町,イタヤカエデ,他Ｌ,森林空間利用,0,140.121268,42.102002
None,ブナ,水涵保,None,渡島,7304,ぬ,27.29,None,八雲町,他Ｌ,イタヤカエデ,森林空間利用,0,140.120328,42.098459
None,ブナ,水涵保,None,渡島,7304,へ,20.65,None,八雲町,他Ｌ,イタヤカエデ,水源涵養,0,140.116316,42.101283
None,トドマツ,水涵保,None,渡島,7304,に,1.82,None,八雲町,None,None,水源涵養,0,140.116349,42.100021
None,ブナ,水涵保,None,渡島,7304,ほ,0.18,None,八雲町,他Ｌ,イタヤカエデ,水源涵養,0,140.115849,42.100416
None,トドマツ,水涵保,None,渡島,7303,い,0.14,None,八雲町,None,None,水源涵養,0,140.116039,42.099218
None,トドマツ,水涵保,None,渡島,7304,は,1.18,None,八雲町,None,None,水源涵養,0,140.117629,42.094201
None,スギ,水涵保,None,渡島,7304,り,1.69,None,八雲町,None,None,水源涵養,0,140.119341,42.092759
None,カラマツ,水涵保,None,渡島,7304,い,2.4,None,八雲町,None,他Ｌ,水源涵養,0,140.118031,42.093265
None,ブナ,水涵保,None,渡島,7304,へ,20.65,None,八雲町,他Ｌ,イタヤカエデ,水源涵養,0,140.117385,42.095727
None,トドマツ,水涵保,None,渡島,7304,ろ,0.12,None,八雲町,None,None,水源涵養,0,140.117279,42.0931
None,他Ｌ,水涵保,None,渡島,7303,ろ,0.63,None,八雲町,None,他Ｎ,水源涵養,0,140.114997,42.094198
None,ブナ,水涵保,None,渡島,7303,ほ,0.16,None,八雲町,他Ｌ,イタヤカエデ,水源涵養,0,140.114476,42.094102
None,ブナ,水涵保,None,渡島,7303,へ,61.61,None,八雲町,他Ｌ,イタヤカエデ,水源涵養,0,140.113252,42.102628
None,ブナ,水涵保,None,渡島,7302,る,4.22,None,八雲町,イタヤカエデ,他Ｌ,水源涵養,0,140.111654,42.099365
None,ブナ,水涵保,None,渡島,7302,る,4.22,None,八雲町,イタヤカエデ,他Ｌ,水源涵養,0,140.106226,42.102335
None,他Ｌ,水涵保,None,渡島,7302,り,9.25,None,八雲町,None,トドマツ,水源涵養,0,140.109401,42.100026
None,ブナ,水涵保,None,渡島,7297,は,32.72,None,八雲町,他Ｌ,ダケカンバ,自然維持,0,140.101958,42.110445
None,トドマツ,水涵保,None,渡島,7296,ろ,1.97,None,八雲町,None,ダケカンバ,水源涵養,0,140.099353,42.113488
None,ダケカンバ,水涵保,None,渡島,7298,ほ,0.51,None,八雲町,他Ｌ,ブナ,自然維持,0,140.105332,42.106418
None,他Ｌ,水涵保,None,渡島,7298,に,9.16,None,八雲町,ダケカンバ,ブナ,自然維持,0,140.102952,42.106648
None,ブナ,水涵保,None,渡島,7301,わ,0.72,None,八雲町,他Ｌ,ダケカンバ,自然維持,0,140.105114,42.105607
None,ブナ,水涵保,None,渡島,7301,か,3.19,None,八雲町,他Ｌ,ダケカンバ,自然維持,0,140.103114,42.1045
None,ブナ,水涵保,None,渡島,7301,と,5.03,None,八雲町,イタヤカエデ,他Ｌ,水源涵養,0,140.1009,42.104972
None,ブナ,水涵保,None,渡島,7297,ろ,24.81,None,八雲町,イタヤカエデ,他Ｌ,水源涵養,0,140.093314,42.111314
None,ダケカンバ,水涵保,None,渡島,7298,い,9.66,None,八雲町,None,トドマツ,水源涵養,0,140.094602,42.106772
None,トドマツ,水涵保,None,渡島,7301,り,17.38,None,八雲町,None,他Ｌ,水源涵養,0,140.099229,42.10367
None,他Ｌ,水涵保,None,渡島,7298,ろ,2.34,None,八雲町,ダケカンバ,ブナ,水源涵養,0,140.092302,42.10557
None,ブナ,水涵保,None,渡島,7301,と,5.03,None,八雲町,イタヤカエデ,他Ｌ,水源涵養,0,140.09465,42.105095
None,ブナ,水涵保,None,渡島,7298,は,36.86,None,八雲町,ダケカンバ,他Ｌ,水源涵養,0,140.091014,42.108106
None,他Ｌ,水涵保,None,渡島,7302,ち,4.53,None,八雲町,None,トドマツ,水源涵養,0,140.105264,42.102003
None,ブナ,水涵保,None,渡島,7302,る,4.22,None,八雲町,イタヤカエデ,他Ｌ,水源涵養,0,140.107702,42.101312
None,他Ｌ,水涵保,None,渡島,7302,と,2.75,None,八雲町,None,トドマツ,水源涵養,0,140.103791,42.102733
None,カラマツ,水涵保,None,渡島,7302,に,5.6,None,八雲町,None,他Ｌ,水源涵養,0,140.102116,42.102018
None,カラマツ,水涵保,None,渡島,7302,は,6.54,None,八雲町,None,他Ｌ,水源涵養,0,140.104672,42.099705
None,トドマツ,水涵保,None,渡島,7302,へ,6.18,None,八雲町,None,他Ｌ,水源涵養,0,140.103697,42.098362
None,ブナ,水涵保,None,渡島,7302,る,4.22,None,八雲町,イタヤカエデ,他Ｌ,水源涵養,0,140.100686,42.102506
None,ブナ,水涵保,None,渡島,7301,と,5.03,None,八雲町,イタヤカエデ,他Ｌ,水源涵養,0,140.099665,42.102015
None,他Ｌ,水涵保,None,渡島,7302,ぬ,1.51,None,八雲町,None,トドマツ,水源涵養,0,140.099806,42.100956
None,他Ｌ,水涵保,None,渡島,7301,へ,0.33,None,八雲町,None,トドマツ,水源涵養,0,140.099218,42.101242
None,カラマツ,水涵保,None,渡島,7302,ろ,7.03,None,八雲町,None,他Ｌ,水源涵養,0,140.100435,42.099753
None,None,水涵保,None,渡島,7302,イ,0.45,None,八雲町,None,None,水源涵養,0,140.101011,42.098453
None,他Ｌ,水涵保,None,渡島,7301,は,2.03,None,八雲町,None,トドマツ,水源涵養,0,140.098049,42.098428
None,ブナ,水涵保,None,渡島,7302,い,12.31,None,八雲町,イタヤカエデ,他Ｌ,水源涵養,0,140.099858,42.092991
None,他Ｌ,水涵保,None,渡島,7301,い,0.51,None,八雲町,イタヤカエデ,ブナ,水源涵養,0,140.098465,42.094494
None,トドマツ,水涵保,None,渡島,7301,ち,10.0,None,八雲町,None,他Ｌ,水源涵養,0,140.094442,42.102826
None,他Ｌ,水涵保,None,渡島,7301,ぬ,11.66,None,八雲町,イタヤカエデ,ブナ,水源涵養,0,140.096487,42.099818
None,他Ｌ,水涵保,None,渡島,7301,に,1.3,None,八雲町,None,トドマツ,水源涵養,0,140.094994,42.099223
None,ブナ,水涵保,None,渡島,7300,ぬ,11.09,None,八雲町,他Ｌ,イタヤカエデ,水源涵養,0,140.09363,42.097597
None,ブナ,水涵保,None,渡島,7301,と,5.03,None,八雲町,イタヤカエデ,他Ｌ,水源涵養,0,140.092458,42.102204
None,他Ｌ,水涵保,None,渡島,7301,ほ,0.32,None,八雲町,None,トドマツ,水源涵養,0,140.093417,42.101427
None,ブナ,水涵保,None,渡島,7300,り,4.78,None,八雲町,イタヤカエデ,他Ｌ,水源涵養,0,140.093733,42.100778
None,他Ｌ,水涵保,None,渡島,7300,ち,3.28,None,八雲町,None,トドマツ,水源涵養,0,140.091376,42.102156
None,ブナ,水涵保,None,渡島,7300,り,4.78,None,八雲町,イタヤカエデ,他Ｌ,水源涵養,0,140.092116,42.102038
None,他Ｌ,水涵保,None,渡島,7300,と,3.0,None,八雲町,None,ストローブマツ,水源涵養,0,140.092588,42.100144
None,他Ｌ,水涵保,None,渡島,7300,は,3.06,None,八雲町,None,アカマツ,水源涵養,0,140.092253,42.098829
None,他Ｌ,水涵保,None,渡島,7300,に,5.86,None,八雲町,None,トドマツ,水源涵養,0,140.090401,42.10031
None,他Ｌ,水涵保,None,渡島,7302,ほ,4.83,None,八雲町,None,トドマツ,水源涵養,0,140.097866,42.096866
None,他Ｌ,水涵保,None,渡島,7301,ろ,1.12,None,八雲町,None,トドマツ,水源涵養,0,140.097849,42.095912
None,他Ｌ,水涵保,None,渡島,7301,る,17.71,None,八雲町,イタヤカエデ,ブナ,水源涵養,0,140.096408,42.094337
None,他Ｌ,水涵保,None,渡島,7300,い,0.4,None,八雲町,None,カラマツ,水源涵養,0,140.093191,42.095966
None,他Ｌ,水涵保,None,渡島,7300,ろ,1.88,None,八雲町,None,カラマツ,水源涵養,0,140.091975,42.096786
None,他Ｌ,水涵保,None,渡島,7300,へ,16.66,None,八雲町,None,他Ｎ,山地災害防止（土砂）,0,140.090708,42.09319
None,ブナ,水涵保,None,渡島,7284,へ,21.37,None,八雲町,ダケカンバ,他Ｌ,水源涵養,0,140.08935,42.134898
None,ブナ,水涵保,None,渡島,7283,り,12.13,None,八雲町,ダケカンバ,他Ｌ,水源涵養,0,140.089599,42.132681
None,トドマツ,水涵保,None,渡島,7283,と,12.0,None,八雲町,None,None,水源涵養,0,140.086959,42.132851
None,ブナ,水涵保,None,渡島,7283,ち,3.5,None,八雲町,ダケカンバ,他Ｌ,水源涵養,0,140.087221,42.13165
None,トドマツ,水涵保,None,渡島,7283,へ,2.82,None,八雲町,None,他Ｌ,水源涵養,0,140.086533,42.130983
None,ブナ,水涵保,None,渡島,7283,ぬ,7.24,None,八雲町,ダケカンバ,他Ｌ,自然維持,0,140.084184,42.134742
None,ブナ,水涵保,None,渡島,7283,ち,3.5,None,八雲町,ダケカンバ,他Ｌ,水源涵養,0,140.084383,42.132223
None,ブナ,水涵保,None,渡島,7282,ぬ,34.39,None,八雲町,イタヤカエデ,他Ｌ,水源涵養,0,140.08321,42.131547
None,ブナ,水涵保,None,渡島,7283,り,12.13,None,八雲町,ダケカンバ,他Ｌ,水源涵養,0,140.089359,42.127969
None,他Ｌ,水涵保,None,渡島,7283,い,1.95,None,八雲町,ダケカンバ,ブナ,水源涵養,0,140.089655,42.126032
None,ブナ,水涵保,None,渡島,7283,ち,3.5,None,八雲町,ダケカンバ,他Ｌ,水源涵養,0,140.088627,42.126944
None,ブナ,水涵保,None,渡島,7283,り,12.13,None,八雲町,ダケカンバ,他Ｌ,水源涵養,0,140.09,42.125185
None,None,None,None,渡島,7283,イ,0.58,None,八雲町,None,None,水源涵養,0,140.091997,42.126826
None,ブナ,水涵保,None,渡島,7282,り,0.36,None,八雲町,イタヤカエデ,他Ｌ,水源涵養,0,140.088594,42.125727
None,カラマツ,水涵保,None,渡島,7282,は,10.95,None,八雲町,None,ダケカンバ,水源涵養,0,140.086237,42.125742
None,カラマツ,水涵保,None,渡島,7282,に,5.25,None,八雲町,None,None,水源涵養,0,140.085585,42.128484
None,カラマツ,水涵保,None,渡島,7282,ほ,5.06,None,八雲町,None,None,水源涵養,0,140.083704,42.127158
None,カラマツ,水涵保,None,渡島,7282,へ,9.08,None,八雲町,None,None,水源涵養,0,140.081689,42.130207
None,他Ｌ,水涵保,None,渡島,7282,る,24.94,None,八雲町,イタヤカエデ,ダケカンバ,自然維持,0,140.076192,42.131667
None,ブナ,水涵保,None,渡島,7280,へ,9.32,None,八雲町,他Ｌ,ミズナラ,水源涵養,0,140.081185,42.125238
None,他Ｌ,水涵保,None,渡島,7280,は,3.0,None,八雲町,None,他Ｎ,水源涵養,0,140.080569,42.124929
None,トドマツ,水涵保,None,渡島,7282,と,4.39,None,八雲町,None,ダケカンバ,水源涵養,0,140.078254,42.128337
None,ダケカンバ,水涵保,None,渡島,7282,ち,1.69,None,八雲町,None,トドマツ,水源涵養,0,140.076264,42.128708
None,トドマツ,水涵保,None,渡島,7281,ろ,2.13,None,八雲町,None,他Ｌ,水源涵養,0,140.075861,42.126042
None,ブナ,水涵保,None,渡島,7281,に,0.36,None,八雲町,イタヤカエデ,他Ｌ,水源涵養,0,140.075177,42.125128
None,ブナ,水涵保,None,渡島,7282,ぬ,34.39,None,八雲町,イタヤカエデ,他Ｌ,水源涵養,0,140.090407,42.123949
None,カラマツ,水涵保,None,渡島,7282,ろ,4.71,None,八雲町,None,None,水源涵養,0,140.087916,42.123474
None,トドマツ,水涵保,None,渡島,7287,は,1.25,None,八雲町,None,None,水源涵養,0,140.090221,42.121042
None,ブナ,水涵保,None,渡島,7287,り,25.6,None,八雲町,イタヤカエデ,他Ｌ,水源涵養,0,140.089091,42.120829
None,トドマツ,水涵保,None,渡島,7294,に,1.15,None,八雲町,None,他Ｌ,水源涵養,0,140.089064,42.119657
None,カラマツ,水涵保,None,渡島,7282,い,0.5,None,八雲町,None,ダケカンバ,水源涵養,0,140.086498,42.121772
None,トドマツ,水涵保,None,渡島,7287,ろ,1.25,None,八雲町,None,None,水源涵養,0,140.088308,42.12039
None,ブナ,水涵保,None,渡島,7287,り,25.6,None,八雲町,イタヤカエデ,他Ｌ,水源涵養,0,140.08776,42.119538
None,ブナ,水涵保,None,渡島,7280,ち,23.17,None,八雲町,ミズナラ,他Ｌ,水源涵養,0,140.084947,42.121712
None,カラマツ,水涵保,None,渡島,7280,ろ,15.55,None,八雲町,None,None,水源涵養,0,140.085441,42.117954
None,ブナ,水涵保,None,渡島,7280,へ,9.32,None,八雲町,他Ｌ,ミズナラ,水源涵養,0,140.083006,42.120604
None,他Ｌ,水涵保,None,渡島,7294,は,0.7,None,八雲町,None,トドマツ,水源涵養,0,140.089602,42.118347
None,トドマツ,水涵保,None,渡島,7287,い,0.35,None,八雲町,None,None,水源涵養,0,140.086943,42.119057
None,ブナ,水涵保,None,渡島,7287,り,25.6,None,八雲町,イタヤカエデ,他Ｌ,水源涵養,0,140.086555,42.11892
None,ブナ,水涵保,None,渡島,7280,ち,23.17,None,八雲町,ミズナラ,他Ｌ,水源涵養,0,140.086723,42.120155
None,カラマツ,水涵保,None,渡島,7280,に,1.0,None,八雲町,None,None,水源涵養,0,140.087296,42.117207
None,None,None,None,渡島,7280,イ,0.87,None,八雲町,None,None,水源涵養,0,140.086967,42.117686
None,ブナ,水涵保,None,渡島,7295,へ,3.53,None,八雲町,ダケカンバ,他Ｌ,水源涵養,0,140.089214,42.115304
None,カラマツ,水涵保,None,渡島,7295,い,1.5,None,八雲町,None,None,水源涵養,0,140.08887,42.114458
None,ブナ,水涵保,None,渡島,7280,ち,23.17,None,八雲町,ミズナラ,他Ｌ,水源涵養,0,140.086803,42.116221
None,ブナ,水涵保,None,渡島,7294,へ,4.6,None,八雲町,ダケカンバ,他Ｌ,水源涵養,0,140.088441,42.114881
None,スギ,水涵保,None,渡島,7294,り,0.5,None,八雲町,None,None,水源涵養,0,140.087221,42.114616
None,カラマツ,水涵保,None,渡島,7294,い,1.94,None,八雲町,None,他Ｌ,水源涵養,0,140.086146,42.113679
None,ブナ,水涵保,None,渡島,7280,へ,9.32,None,八雲町,他Ｌ,ミズナラ,水源涵養,0,140.082765,42.118188
None,ブナ,水涵保,None,渡島,7294,と,54.5,None,八雲町,他Ｌ,ダケカンバ,水源涵養,0,140.085724,42.114369
None,他Ｌ,水涵保,None,渡島,7280,い,2.0,None,八雲町,None,他Ｎ,水源涵養,0,140.081213,42.122428
None,ブナ,水涵保,None,渡島,7280,ち,23.17,None,八雲町,ミズナラ,他Ｌ,水源涵養,0,140.07952,42.123741
None,他Ｌ,水涵保,None,渡島,7280,と,7.24,None,八雲町,None,他Ｎ,水源涵養,0,140.081056,42.120808
None,ブナ,水涵保,None,渡島,7280,へ,9.32,None,八雲町,他Ｌ,ミズナラ,水源涵養,0,140.079054,42.121664
None,トドマツ,水涵保,None,渡島,7280,ほ,5.32,None,八雲町,None,他Ｌ,水源涵養,0,140.076357,42.124066
None,カラマツ,水涵保,None,渡島,7279,い,0.38,None,八雲町,None,ダケカンバ,水源涵養,0,140.076929,42.121233
None,ブナ,土流保,None,渡島,7264,に,30.18,None,八雲町,他Ｌ,ダケカンバ,山地災害防止（土砂）,0,140.0705,42.134162
None,ブナ,土流保,None,渡島,7264,ほ,7.16,None,八雲町,他Ｌ,ダケカンバ,山地災害防止（土砂）,0,140.06799,42.132237
None,ブナ,水涵保,None,渡島,7281,ほ,49.4,None,八雲町,イタヤカエデ,他Ｌ,水源涵養,0,140.07294,42.127392
None,トドマツ,水涵保,None,渡島,7281,い,3.13,None,八雲町,None,他Ｌ,水源涵養,0,140.066307,42.124745
None,他Ｌ,水涵保,None,渡島,7281,へ,18.56,None,八雲町,ブナ,ダケカンバ,自然維持,0,140.071134,42.130599
None,トドマツ,水涵保,None,渡島,7281,は,4.69,None,八雲町,None,他Ｌ,水源涵養,0,140.067196,42.127338
None,ダケカンバ,土流保,None,渡島,7264,へ,2.09,None,八雲町,他Ｌ,ブナ,自然維持,0,140.066707,42.130747
None,ダケカンバ,土流保,None,渡島,7265,ほ,10.19,None,八雲町,ブナ,他Ｌ,自然維持,0,140.063647,42.131141
None,ダケカンバ,土流保,None,渡島,7267,は,5.53,None,八雲町,ブナ,他Ｌ,自然維持,0,140.060993,42.130891
None,ダケカンバ,水涵保,None,渡島,7281,と,14.06,None,八雲町,イタヤカエデ,他Ｌ,自然維持,0,140.062815,42.12794
None,ブナ,土流保,None,渡島,7274,へ,5.97,None,八雲町,ダケカンバ,他Ｌ,自然維持,0,140.06029,42.128022
None,他Ｌ,土流保,None,渡島,7275,に,3.0,None,八雲町,イタヤカエデ,ブナ,自然維持,0,140.061105,42.126669
None,ブナ,水涵保,None,渡島,7280,へ,9.32,None,八雲町,他Ｌ,ミズナラ,水源涵養,0,140.073677,42.123758
None,ブナ,水涵保,None,渡島,7279,へ,14.89,None,八雲町,他Ｌ,ダケカンバ,水源涵養,0,140.073857,42.121101
None,ダケカンバ,水涵保,None,渡島,7279,に,3.25,None,八雲町,None,トドマツ,水源涵養,0,140.067841,42.122686
None,トドマツ,水涵保,None,渡島,7279,ろ,9.12,None,八雲町,None,ダケカンバ,水源涵養,0,140.070395,42.119955
None,トドマツ,水涵保,None,渡島,7279,は,1.38,None,八雲町,None,ダケカンバ,水源涵養,0,140.067106,42.121358
None,ブナ,水涵保,None,渡島,7279,と,10.27,None,八雲町,ダケカンバ,他Ｌ,水源涵養,0,140.069465,42.122996
None,ブナ,水涵保,None,渡島,7279,ほ,1.03,None,八雲町,他Ｌ,ダケカンバ,水源涵養,0,140.068452,42.119655
None,ブナ,水涵保,None,渡島,7279,ほ,1.03,None,八雲町,他Ｌ,ダケカンバ,水源涵養,0,140.070377,42.118244
None,ブナ,水涵保,None,渡島,7278,は,2.88,None,八雲町,他Ｌ,ダケカンバ,水源涵養,0,140.06869,42.118615
None,トドマツ,水涵保,None,渡島,7278,い,7.0,None,八雲町,None,ダケカンバ,水源涵養,0,140.069723,42.116745
None,トドマツ,水涵保,None,渡島,7278,ろ,3.79,None,八雲町,None,他Ｌ,水源涵養,0,140.068005,42.11774
None,ブナ,水涵保,None,渡島,7278,は,2.88,None,八雲町,他Ｌ,ダケカンバ,水源涵養,0,140.070889,42.115804
None,ブナ,水涵保,None,渡島,7278,に,14.5,None,八雲町,ダケカンバ,他Ｌ,水源涵養,0,140.06582,42.119322
None,ブナ,土流保,None,渡島,7275,は,9.07,None,八雲町,イタヤカエデ,他Ｌ,自然維持,0,140.061576,42.124369
None,ブナ,土流保,None,渡島,7275,い,9.6,None,八雲町,イタヤカエデ,他Ｌ,山地災害防止（土砂）,0,140.061477,42.119852
None,ブナ,土流保,None,渡島,7276,ぬ,0.09,None,八雲町,None,None,山地災害防止（土砂）,0,140.059158,42.113983
None,ブナ,水涵保,None,渡島,7295,り,26.33,None,八雲町,ダケカンバ,他Ｌ,自然維持,0,140.08963,42.113518
None,トドマツ,水涵保,None,渡島,7296,い,2.02,None,八雲町,None,None,水源涵養,0,140.089869,42.112869
None,トドマツ,水涵保,None,渡島,7297,い,1.51,None,八雲町,None,None,水源涵養,0,140.090314,42.111654
None,スギ,水涵保,None,渡島,7295,ち,5.6,None,八雲町,None,None,水源涵養,0,140.088093,42.112846
None,ブナ,水涵保,None,渡島,7296,は,28.53,None,八雲町,ダケカンバ,他Ｌ,水源涵養,0,140.088233,42.111407
None,カラマツ,水涵保,None,渡島,7295,い,1.5,None,八雲町,None,None,水源涵養,0,140.087609,42.111376
None,ブナ,水涵保,None,渡島,7295,る,11.0,None,八雲町,他Ｌ,ダケカンバ,水源涵養,0,140.08704,42.111005
None,None,None,None,渡島,7294,ロ,0.87,None,八雲町,None,None,水源涵養,0,140.085192,42.112909
None,ブナ,水涵保,None,渡島,7294,へ,4.6,None,八雲町,ダケカンバ,他Ｌ,水源涵養,0,140.086019,42.112627
None,スギ,水涵保,None,渡島,7294,ろ,1.57,None,八雲町,None,カラマツ,水源涵養,0,140.085223,42.111723
None,カラマツ,水涵保,None,渡島,7294,ぬ,0.36,None,八雲町,None,トドマツ,水源涵養,0,140.085248,42.112411
None,トドマツ,水涵保,None,渡島,7294,る,0.18,None,八雲町,None,カラマツ,水源涵養,0,140.084917,42.111405
None,ブナ,水涵保,None,渡島,7294,と,54.5,None,八雲町,他Ｌ,ダケカンバ,水源涵養,0,140.084655,42.110776
None,ブナ,水涵保,None,渡島,7294,と,54.5,None,八雲町,他Ｌ,ダケカンバ,水源涵養,0,140.085124,42.110173
None,None,None,None,渡島,7294,ロ,0.87,None,八雲町,None,None,水源涵養,0,140.084497,42.109621
None,ブナ,水涵保,None,渡島,7294,と,54.5,None,八雲町,他Ｌ,ダケカンバ,水源涵養,0,140.084543,42.109682
None,ブナ,水涵保,None,渡島,7294,と,54.5,None,八雲町,他Ｌ,ダケカンバ,水源涵養,0,140.08455,42.109463
None,None,None,None,渡島,7294,イ,0.01,None,八雲町,None,None,水源涵養,0,140.084192,42.109381
None,他Ｌ,水涵保,None,渡島,7299,ぬ,40.35,None,八雲町,イタヤカエデ,ブナ,水源涵養,0,140.083856,42.109379
None,他Ｌ,水涵保,None,渡島,7299,ぬ,40.35,None,八雲町,イタヤカエデ,ブナ,水源涵養,0,140.083815,42.108729
None,ブナ,水涵保,None,渡島,7299,り,6.03,None,八雲町,イタヤカエデ,他Ｌ,水源涵養,0,140.087437,42.107778
None,他Ｌ,水涵保,None,渡島,7299,と,5.5,None,八雲町,None,トドマツ,水源涵養,0,140.086571,42.104141
None,トドマツ,水涵保,None,渡島,7299,ち,6.03,None,八雲町,None,None,水源涵養,0,140.08547,42.107977
None,他Ｌ,水涵保,None,渡島,7299,は,0.75,None,八雲町,イタヤカエデ,ブナ,水源涵養,0,140.084587,42.106319
None,他Ｌ,水涵保,None,渡島,7299,に,5.24,None,八雲町,ブナ,イタヤカエデ,水源涵養,0,140.085184,42.104096
None,ウダイカンバ,水涵保,None,渡島,7299,ほ,2.0,None,八雲町,None,他Ｌ,水源涵養,0,140.08494,42.103539
None,他Ｌ,水涵保,None,渡島,7299,に,5.24,None,八雲町,ブナ,イタヤカエデ,水源涵養,0,140.083835,42.103732
None,他Ｌ,水涵保,None,渡島,7299,い,0.35,None,八雲町,イタヤカエデ,ブナ,水源涵養,0,140.082016,42.106733
None,スギ,水涵保,None,渡島,7299,ろ,3.3,None,八雲町,None,None,水源涵養,0,140.081922,42.105892
None,他Ｌ,水涵保,None,渡島,7299,ぬ,40.35,None,八雲町,イタヤカエデ,ブナ,水源涵養,0,140.089965,42.104712
None,ブナ,水涵保,None,渡島,7300,り,4.78,None,八雲町,イタヤカエデ,他Ｌ,水源涵養,0,140.08493,42.101214
None,ブナ,水涵保,None,渡島,7299,り,6.03,None,八雲町,イタヤカエデ,他Ｌ,水源涵養,0,140.085194,42.102434
None,ウダイカンバ,水涵保,None,渡島,7299,ほ,2.0,None,八雲町,None,他Ｌ,水源涵養,0,140.083089,42.103411
None,他Ｌ,水涵保,None,渡島,7299,に,5.24,None,八雲町,ブナ,イタヤカエデ,水源涵養,0,140.082236,42.103312
None,トドマツ,水涵保,None,渡島,7300,ほ,6.4,None,八雲町,None,他Ｌ,水源涵養,0,140.084005,42.100616
None,None,None,None,渡島,7300,イ,0.6,None,八雲町,None,None,水源涵養,0,140.086802,42.099884
None,トドマツ,水涵保,None,渡島,7300,ほ,6.4,None,八雲町,None,他Ｌ,水源涵養,0,140.088612,42.100642
None,他Ｌ,水涵保,None,渡島,7299,へ,4.29,None,八雲町,None,トドマツ,水源涵養,0,140.081022,42.101475
None,ブナ,土流保,None,渡島,7277,は,1.26,None,八雲町,None,None,山地災害防止（土砂）,0,140.059924,42.113624
None,スギ,水涵保,None,渡島,7304,と,0.44,None,八雲町,None,None,水源涵養,0,140.121013,42.091137
None,カラマツ,水涵保,None,渡島,7304,い,2.4,None,八雲町,None,他Ｌ,水源涵養,0,140.119951,42.092239
None,他Ｌ,水涵保,None,渡島,7369,ろ,1.0,None,八雲町,None,トドマツ,山地災害防止（土砂）,0,140.119373,42.086884
None,他Ｌ,None,None,渡島,7369,に,0.36,None,八雲町,None,トドマツ,山地災害防止（土砂）,0,140.118845,42.087143
None,トドマツ,水涵保,None,渡島,7303,に,0.8,None,八雲町,None,None,水源涵養,0,140.117391,42.091624
None,カラマツ,水涵保,None,渡島,7303,は,1.23,None,八雲町,None,None,水源涵養,0,140.115163,42.092285
None,トドマツ,None,None,渡島,7369,は,1.1,None,八雲町,None,他Ｌ,山地災害防止（土砂）,0,140.117114,42.085669
None,トドマツ,水涵保,None,渡島,7369,い,1.88,None,八雲町,None,他Ｌ,山地災害防止（土砂）,0,140.118132,42.085477
None,ブナ,None,None,渡島,7369,ほ,0.21,None,八雲町,イタヤカエデ,他Ｌ,山地災害防止（土砂）,0,140.116859,42.085303
None,他Ｌ,水涵保,None,渡島,7370,い,1.38,None,八雲町,None,トドマツ,山地災害防止（土砂）,0,140.116867,42.084723
None,他Ｌ,None,None,渡島,7370,に,0.41,None,八雲町,None,トドマツ,山地災害防止（土砂）,0,140.116515,42.085211
None,ブナ,None,None,渡島,7370,ほ,0.14,None,八雲町,イタヤカエデ,他Ｌ,山地災害防止（土砂）,0,140.116213,42.084895
None,ブナ,水涵保,None,渡島,7370,へ,21.31,None,八雲町,イタヤカエデ,他Ｌ,山地災害防止（土砂）,0,140.11605,42.082188
None,ブナ,None,None,渡島,7370,ほ,0.14,None,八雲町,イタヤカエデ,他Ｌ,山地災害防止（土砂）,0,140.115164,42.084211
None,None,None,None,渡島,7370,イ,0.04,None,八雲町,None,None,山地災害防止（土砂）,0,140.115443,42.084364
None,他Ｌ,水涵保,None,渡島,7370,ろ,2.7,None,八雲町,None,トドマツ,山地災害防止（土砂）,0,140.113135,42.083184
None,ブナ,水涵保,None,渡島,7370,と,41.6,None,八雲町,イタヤカエデ,他Ｌ,山地災害防止（土砂）,0,140.119173,42.076441
None,ブナ,水涵保,None,渡島,7370,ち,0.79,None,八雲町,ダケカンバ,他Ｌ,自然維持,0,140.121586,42.073492
None,他Ｌ,水涵保,None,渡島,7371,ほ,10.78,None,八雲町,イタヤカエデ,ブナ,自然維持,0,140.121283,42.071887
None,他Ｌ,水涵保,None,渡島,7371,に,38.64,None,八雲町,イタヤカエデ,ブナ,山地災害防止（土砂）,0,140.116013,42.073039
None,他Ｌ,水涵保,None,渡島,7370,は,1.2,None,八雲町,None,トドマツ,山地災害防止（土砂）,0,140.112051,42.081377
None,トドマツ,水涵保,None,渡島,7371,い,0.67,None,八雲町,None,他Ｌ,山地災害防止（土砂）,0,140.110348,42.079966
None,他Ｌ,水涵保,None,渡島,7371,に,38.64,None,八雲町,イタヤカエデ,ブナ,山地災害防止（土砂）,0,140.110433,42.078633
None,他Ｌ,水涵保,None,渡島,7371,ろ,0.62,None,八雲町,None,トドマツ,山地災害防止（土砂）,0,140.109885,42.078401
None,他Ｌ,水涵保,None,渡島,7371,は,23.31,None,八雲町,イタヤカエデ,ブナ,山地災害防止（土砂）,0,140.112321,42.073883
None,None,None,None,渡島,7372,イ,0.42,None,八雲町,None,None,山地災害防止（土砂）,0,140.106619,42.080564
None,他Ｌ,水涵保,None,渡島,7372,と,1.5,None,八雲町,イタヤカエデ,ブナ,山地災害防止（土砂）,0,140.105945,42.081261
None,トドマツ,水涵保,None,渡島,7372,ち,9.22,None,八雲町,None,他Ｌ,山地災害防止（土砂）,0,140.107981,42.079074
None,カラマツ,水涵保,None,渡島,7372,り,3.08,None,八雲町,None,他Ｌ,山地災害防止（土砂）,0,140.106834,42.076975
None,他Ｌ,水涵保,None,渡島,7371,に,38.64,None,八雲町,イタヤカエデ,ブナ,山地災害防止（土砂）,0,140.107775,42.072915
None,カラマツ,水涵保,None,渡島,7372,に,1.56,None,八雲町,None,ダケカンバ,山地災害防止（土砂）,0,140.103603,42.080527
None,他Ｌ,水涵保,None,渡島,7372,か,26.13,None,八雲町,イタヤカエデ,ブナ,山地災害防止（土砂）,0,140.104258,42.077691
None,トドマツ,水涵保,None,渡島,7372,へ,3.82,None,八雲町,None,None,山地災害防止（土砂）,0,140.102664,42.07762
None,カラマツ,水涵保,None,渡島,7372,る,0.76,None,八雲町,None,他Ｌ,山地災害防止（土砂）,0,140.102063,42.078212
None,カラマツ,水涵保,None,渡島,7372,は,4.14,None,八雲町,None,ダケカンバ,山地災害防止（土砂）,0,140.101883,42.079974
None,カラマツ,水涵保,None,渡島,7372,ほ,3.02,None,八雲町,None,ダケカンバ,山地災害防止（土砂）,0,140.10094,42.078219
None,他Ｌ,水涵保,None,渡島,7372,わ,26.37,None,八雲町,イタヤカエデ,ブナ,山地災害防止（土砂）,0,140.099184,42.074336
None,カラマツ,水涵保,None,渡島,7372,ろ,3.5,None,八雲町,None,ダケカンバ,山地災害防止（土砂）,0,140.098032,42.076672
None,他Ｌ,水涵保,None,渡島,7372,よ,1.06,None,八雲町,イタヤカエデ,ブナ,山地災害防止（土砂）,0,140.103773,42.074254
None,ダケカンバ,水涵保,None,渡島,7372,ぬ,7.26,None,八雲町,None,カラマツ,山地災害防止（土砂）,0,140.104011,42.075392
None,カラマツ,水涵保,None,渡島,7372,い,5.26,None,八雲町,None,ダケカンバ,山地災害防止（土砂）,0,140.097572,42.078878
None,クロマツ,土崩保,None,渡島,7499,に,0.5,None,八雲町,None,None,山地災害防止（土砂）,0,140.059122,42.08245
None,他Ｌ,土崩保,None,渡島,7499,と,6.34,None,八雲町,ミズナラ,イタヤカエデ,山地災害防止（土砂）,0,140.060871,42.079307
None,クロマツ,土崩保,None,渡島,7499,は,0.19,None,八雲町,None,None,山地災害防止（土砂）,0,140.061751,42.078881
None,クロマツ,土崩保,None,渡島,7499,ろ,1.0,None,八雲町,None,None,山地災害防止（土砂）,0,140.06285,42.077179
None,None,None,None,渡島,7499,ニ,0.01,None,八雲町,None,None,山地災害防止（土砂）,0,140.061889,42.076716
None,None,None,None,渡島,7499,ロ,0.01,None,八雲町,None,None,山地災害防止（土砂）,0,140.059913,42.07885
None,他Ｌ,土崩保,None,渡島,7499,へ,3.76,None,八雲町,ミズナラ,イタヤカエデ,山地災害防止（土砂）,0,140.066312,42.075442
None,None,土崩保,None,渡島,7499,ハ,0.29,None,八雲町,None,None,山地災害防止（土砂）,0,140.065703,42.07531
None,スギ,土崩保,None,渡島,7499,い,0.28,None,八雲町,None,None,山地災害防止（土砂）,1,140.065826,42.075577
None,スギ,土崩保,None,渡島,7499,い,0.28,None,八雲町,None,None,山地災害防止（土砂）,1,140.066547,42.074803
None,None,土崩保,None,渡島,7499,ハ,0.29,None,八雲町,None,None,山地災害防止（土砂）,0,140.066223,42.074939
None,None,土崩保,None,渡島,7499,ハ,0.29,None,八雲町,None,None,山地災害防止（土砂）,0,140.064838,42.074012
None,スギ,土崩保,None,渡島,7499,い,0.28,None,八雲町,None,None,山地災害防止（土砂）,1,140.065451,42.07477
None,他Ｌ,土崩保,None,渡島,7499,へ,3.76,None,八雲町,ミズナラ,イタヤカエデ,山地災害防止（土砂）,0,140.065781,42.074023
None,他Ｌ,土崩保,None,渡島,7499,へ,3.76,None,八雲町,ミズナラ,イタヤカエデ,山地災害防止（土砂）,0,140.064191,42.075151
None,ダケカンバ,土流保,None,渡島,7270,に,0.88,None,八雲町,ブナ,他Ｌ,自然維持,0,140.058787,42.131223
None,None,土流保,None,渡島,7270,イ,9.48,None,八雲町,None,None,山地災害防止（土砂）,0,140.051102,42.134577
None,ブナ,土流保,None,渡島,7270,ろ,22.54,None,八雲町,ダケカンバ,他Ｌ,山地災害防止（土砂）,0,140.053298,42.133367
None,ダケカンバ,土流保,None,渡島,7271,り,4.88,None,八雲町,ブナ,他Ｌ,自然維持,0,140.058712,42.12968
None,ブナ,土流保,None,渡島,7274,ほ,14.64,None,八雲町,ダケカンバ,他Ｌ,自然維持,0,140.05794,42.126371
None,ブナ,土流保,None,渡島,7271,と,38.8,None,八雲町,ダケカンバ,イタヤカエデ,山地災害防止（土砂）,0,140.052713,42.129918
None,ダケカンバ,土流保,None,渡島,7271,ち,26.2,None,八雲町,ブナ,他Ｌ,山地災害防止（土砂）,0,140.056031,42.127765
None,ブナ,土流保,None,渡島,7271,と,38.8,None,八雲町,ダケカンバ,イタヤカエデ,山地災害防止（土砂）,0,140.048215,42.130927
None,トドマツ,土流保,None,渡島,7271,に,12.06,None,八雲町,None,他Ｌ,山地災害防止（土砂）,0,140.047794,42.129585
None,ダケカンバ,土流保,None,渡島,7271,ち,26.2,None,八雲町,ブナ,他Ｌ,山地災害防止（土砂）,0,140.045996,42.13455
None,カラマツ,土流保,None,渡島,7271,い,2.82,None,八雲町,None,他Ｌ,山地災害防止（土砂）,0,140.043763,42.133486
None,ブナ,土流保,None,渡島,7271,へ,1.09,None,八雲町,ダケカンバ,イタヤカエデ,山地災害防止（土砂）,0,140.046415,42.130621
None,カラマツ,土流保,None,渡島,7271,は,7.96,None,八雲町,None,他Ｌ,山地災害防止（土砂）,0,140.044208,42.131461
None,ブナ,土流保,None,渡島,7273,り,12.24,None,八雲町,ダケカンバ,他Ｌ,自然維持,0,140.051286,42.125253
None,トドマツ,土流保,None,渡島,7271,ほ,1.12,None,八雲町,None,他Ｌ,山地災害防止（土砂）,0,140.045966,42.128536
None,ブナ,土流保,None,渡島,7271,へ,1.09,None,八雲町,ダケカンバ,イタヤカエデ,山地災害防止（土砂）,0,140.044177,42.128879
None,トドマツ,土流保,None,渡島,7274,と,0.77,None,八雲町,None,None,山地災害防止（土砂）,0,140.054907,42.121688
None,トドマツ,土流保,None,渡島,7274,ち,0.45,None,八雲町,None,None,山地災害防止（土砂）,0,140.054803,42.120928
None,ブナ,土流保,None,渡島,7274,に,37.28,None,八雲町,ダケカンバ,他Ｌ,山地災害防止（土砂）,0,140.052435,42.121668
None,トドマツ,土流保,None,渡島,7274,り,0.59,None,八雲町,None,None,山地災害防止（土砂）,0,140.054589,42.12039
None,トドマツ,土流保,None,渡島,7276,と,0.65,None,八雲町,None,None,山地災害防止（土砂）,0,140.05868,42.117166
None,トドマツ,土流保,None,渡島,7276,ほ,3.6,None,八雲町,None,他Ｌ,山地災害防止（土砂）,0,140.057193,42.117052
None,None,None,None,渡島,7275,イ,0.85,None,八雲町,None,None,山地災害防止（土砂）,0,140.053268,42.117068
None,None,None,None,渡島,7276,イ,0.5,None,八雲町,None,None,山地災害防止（土砂）,0,140.055676,42.116982
None,ブナ,土流保,None,渡島,7274,は,0.71,None,八雲町,ダケカンバ,他Ｌ,山地災害防止（土砂）,0,140.053972,42.11819
None,トドマツ,土流保,None,渡島,7274,ろ,2.12,None,八雲町,None,他Ｌ,山地災害防止（土砂）,0,140.052928,42.118664
None,トドマツ,土流保,None,渡島,7276,ち,1.23,None,八雲町,None,None,山地災害防止（土砂）,0,140.055117,42.116531
None,トドマツ,土流保,None,渡島,7276,に,1.0,None,八雲町,None,他Ｌ,山地災害防止（土砂）,0,140.053465,42.115958
None,トドマツ,土流保,None,渡島,7276,は,1.6,None,八雲町,None,他Ｌ,山地災害防止（土砂）,0,140.051843,42.115895
None,トドマツ,土流保,None,渡島,7273,ほ,3.76,None,八雲町,None,他Ｌ,山地災害防止（土砂）,0,140.047195,42.12285
None,トドマツ,土流保,None,渡島,7274,い,2.35,None,八雲町,None,他Ｌ,山地災害防止（土砂）,0,140.050953,42.120443
None,ブナ,土流保,None,渡島,7274,は,0.71,None,八雲町,ダケカンバ,他Ｌ,山地災害防止（土砂）,0,140.050004,42.120898
None,ブナ,土流保,None,渡島,7273,ち,37.43,None,八雲町,ダケカンバ,他Ｌ,山地災害防止（土砂）,0,140.048093,42.121185
None,トドマツ,土流保,None,渡島,7273,た,2.26,None,八雲町,None,None,山地災害防止（土砂）,0,140.045692,42.123449
None,トドマツ,土流保,None,渡島,7273,に,0.54,None,八雲町,None,他Ｌ,山地災害防止（土砂）,0,140.04498,42.122833
None,トドマツ,土流保,None,渡島,7273,ほ,3.76,None,八雲町,None,他Ｌ,山地災害防止（土砂）,0,140.044479,42.123193
None,トドマツ,土流保,None,渡島,7273,ほ,3.76,None,八雲町,None,他Ｌ,山地災害防止（土砂）,0,140.043559,42.122855
None,トドマツ,土流保,None,渡島,7273,よ,2.14,None,八雲町,None,None,山地災害防止（土砂）,0,140.043757,42.1219
None,トドマツ,土流保,None,渡島,7273,は,2.21,None,八雲町,None,他Ｌ,山地災害防止（土砂）,0,140.04646,42.120546
None,トドマツ,土流保,None,渡島,7273,か,1.97,None,八雲町,None,None,山地災害防止（土砂）,0,140.045274,42.121883
None,ブナ,土流保,None,渡島,7273,と,0.58,None,八雲町,ダケカンバ,他Ｌ,山地災害防止（土砂）,0,140.045872,42.120405
None,トドマツ,土流保,None,渡島,7273,わ,0.55,None,八雲町,None,None,山地災害防止（土砂）,0,140.045686,42.119858
None,トドマツ,土流保,None,渡島,7273,ほ,3.76,None,八雲町,None,他Ｌ,山地災害防止（土砂）,0,140.044527,42.121268
None,トドマツ,土流保,None,渡島,7273,は,2.21,None,八雲町,None,他Ｌ,山地災害防止（土砂）,0,140.043947,42.120692
None,トドマツ,土流保,None,渡島,7273,ほ,3.76,None,八雲町,None,他Ｌ,山地災害防止（土砂）,0,140.043317,42.121162
None,トドマツ,土流保,None,渡島,7273,る,0.97,None,八雲町,None,None,山地災害防止（土砂）,0,140.043728,42.119825
None,ブナ,土流保,None,渡島,7274,に,37.28,None,八雲町,ダケカンバ,他Ｌ,山地災害防止（土砂）,0,140.049975,42.11715
None,None,None,None,渡島,7274,イ,0.87,None,八雲町,None,None,山地災害防止（土砂）,0,140.049397,42.117642
None,トドマツ,土流保,None,渡島,7276,ろ,4.81,None,八雲町,None,他Ｌ,山地災害防止（土砂）,0,140.048427,42.113879
None,トドマツ,土流保,None,渡島,7273,ろ,1.63,None,八雲町,None,他Ｌ,山地災害防止（土砂）,0,140.04559,42.117543
None,None,None,None,渡島,7273,イ,1.37,None,八雲町,None,None,山地災害防止（土砂）,0,140.046503,42.1153
None,トドマツ,土流保,None,渡島,7273,ろ,1.63,None,八雲町,None,他Ｌ,山地災害防止（土砂）,0,140.044486,42.119941
None,トドマツ,土流保,None,渡島,7273,ぬ,0.86,None,八雲町,None,None,山地災害防止（土砂）,0,140.044838,42.118149
None,トドマツ,土流保,None,渡島,7273,い,1.68,None,八雲町,None,他Ｌ,山地災害防止（土砂）,0,140.04511,42.117057
None,トドマツ,土流保,None,渡島,7273,い,1.68,None,八雲町,None,他Ｌ,山地災害防止（土砂）,0,140.046443,42.116392
None,None,土流保,None,渡島,7273,ハ,0.06,None,八雲町,None,None,山地災害防止（土砂）,0,140.04551,42.116117
None,トドマツ,土流保,None,渡島,7273,い,1.68,None,八雲町,None,他Ｌ,山地災害防止（土砂）,0,140.045854,42.115945
None,ブナ,土流保,None,渡島,7273,ち,37.43,None,八雲町,ダケカンバ,他Ｌ,山地災害防止（土砂）,0,140.047251,42.115823
None,ブナ,土流保,None,渡島,7273,ち,37.43,None,八雲町,ダケカンバ,他Ｌ,山地災害防止（土砂）,0,140.045774,42.115141
None,ブナ,土流保,None,渡島,7271,へ,1.09,None,八雲町,ダケカンバ,イタヤカエデ,山地災害防止（土砂）,0,140.042757,42.133295
None,カラマツ,土流保,None,渡島,7271,ろ,0.87,None,八雲町,None,他Ｌ,山地災害防止（土砂）,0,140.042835,42.132342
None,ブナ,土流保,None,渡島,7272,か,0.74,None,八雲町,他Ｌ,ミズナラ,山地災害防止（土砂）,0,140.04244,42.127629
None,ブナ,土流保,None,渡島,7272,た,11.97,None,八雲町,ミズナラ,他Ｌ,山地災害防止（土砂）,0,140.042228,42.12616
None,トドマツ,土流保,None,渡島,7272,る,1.02,None,八雲町,None,ダケカンバ,山地災害防止（土砂）,0,140.038809,42.129155
None,トドマツ,土流保,None,渡島,7272,ぬ,0.99,None,八雲町,None,ダケカンバ,山地災害防止（土砂）,0,140.037424,42.128676
None,トドマツ,土流保,None,渡島,7272,ち,0.7,None,八雲町,None,ダケカンバ,山地災害防止（土砂）,0,140.036,42.129731
None,トドマツ,土流保,None,渡島,7272,り,1.42,None,八雲町,None,ダケカンバ,山地災害防止（土砂）,0,140.035602,42.128849
None,ブナ,土流保,None,渡島,7272,れ,19.91,None,八雲町,ミズナラ,他Ｌ,山地災害防止（土砂）,0,140.038535,42.126426
None,ブナ,土流保,None,渡島,7272,そ,35.67,None,八雲町,他Ｌ,ミズナラ,山地災害防止（土砂）,0,140.033226,42.128251
None,ブナ,土流保,None,渡島,7272,つ,2.13,None,八雲町,ミズナラ,ダケカンバ,山地災害防止（土砂）,0,140.033003,42.13184
None,トドマツ,土流保,None,渡島,7272,に,1.25,None,八雲町,None,ダケカンバ,山地災害防止（土砂）,0,140.032156,42.131836
None,トドマツ,土流保,None,渡島,7272,い,0.5,None,八雲町,None,ダケカンバ,山地災害防止（土砂）,0,140.030296,42.135092
None,トドマツ,土流保,None,渡島,7272,ろ,1.65,None,八雲町,None,ダケカンバ,山地災害防止（土砂）,0,140.029923,42.134125
None,ブナ,土流保,None,渡島,7272,そ,35.67,None,八雲町,他Ｌ,ミズナラ,山地災害防止（土砂）,0,140.03131,42.131736
None,トドマツ,土流保,None,渡島,7272,ほ,0.7,None,八雲町,None,ダケカンバ,山地災害防止（土砂）,0,140.030247,42.131893
None,ブナ,土流保,None,渡島,7272,よ,1.53,None,八雲町,ミズナラ,他Ｌ,山地災害防止（土砂）,0,140.029829,42.131319
None,トドマツ,土流保,None,渡島,7272,は,3.29,None,八雲町,None,ダケカンバ,山地災害防止（土砂）,0,140.029289,42.132779
None,トドマツ,土流保,None,渡島,7272,と,0.19,None,八雲町,None,ダケカンバ,山地災害防止（土砂）,0,140.034809,42.129318
None,スギ,土流保,None,渡島,7272,へ,2.07,None,八雲町,None,ダケカンバ,山地災害防止（土砂）,0,140.031877,42.13
None,トドマツ,土流保,None,渡島,7272,わ,4.22,None,八雲町,None,ダケカンバ,山地災害防止（土砂）,0,140.034946,42.126039
None,カラマツ,土流保,None,渡島,7272,ね,3.68,None,八雲町,None,他Ｌ,山地災害防止（土砂）,0,140.031143,42.127225
None,ダケカンバ,土流保,None,渡島,7273,へ,1.66,None,八雲町,None,他Ｌ,山地災害防止（土砂）,0,140.042501,42.123789
None,ブナ,土流保,None,渡島,7277,ろ,18.14,None,八雲町,他Ｌ,イタヤカエデ,山地災害防止（土砂）,0,140.053698,42.111061
None,ブナ,土流保,None,渡島,7277,い,9.19,None,八雲町,ミズナラ,ダケカンバ,山地災害防止（土砂）,0,140.058572,42.110106
None,トドマツ,土流保,None,渡島,7276,り,1.0,None,八雲町,None,None,山地災害防止（土砂）,0,140.055041,42.113323
None,トドマツ,土流保,None,渡島,7276,い,1.85,None,八雲町,None,他Ｌ,山地災害防止（土砂）,0,140.050755,42.112911
None,None,土流保,None,渡島,7276,ロ,0.06,None,八雲町,None,None,山地災害防止（土砂）,0,140.046635,42.113218
None,None,土流保,None,渡島,7273,ロ,0.08,None,八雲町,None,None,山地災害防止（土砂）,0,140.04654,42.113217
None,スギ,土流保,None,渡島,7189,ろ,0.8,None,八雲町,None,None,山地災害防止（土砂）,0,140.023744,42.135306
None,クロマツ,土崩保,None,渡島,7499,ほ,0.5,None,八雲町,None,None,山地災害防止（土砂）,0,140.05752,42.084713
None,他Ｌ,土崩保,None,渡島,7499,り,2.69,None,八雲町,ミズナラ,イタヤカエデ,山地災害防止（土砂）,0,140.057538,42.083856
None,イタヤカエデ,土崩保,None,渡島,7499,ち,3.78,None,八雲町,ミズナラ,他Ｌ,山地災害防止（土砂）,0,140.058274,42.082484
None,None,水涵保,None,渡島,7153,イ,14.56,None,八雲町,None,None,自然維持,0,139.974856,42.201225
None,None,水涵保,None,渡島,7152,イ,2.68,None,八雲町,None,None,自然維持,0,139.965949,42.204881
None,ダケカンバ,水涵保,None,渡島,7153,ろ,54.82,None,八雲町,他Ｌ,ブナ,自然維持,0,139.968087,42.200271
None,None,水涵保,None,渡島,7178,イ,22.06,None,八雲町,None,None,自然維持,0,139.99065,42.191685
None,None,水涵保,None,渡島,7159,イ,38.06,None,八雲町,None,None,自然維持,0,139.987831,42.195957
None,None,水涵保,None,渡島,7160,イ,30.61,None,八雲町,None,None,自然維持,0,139.986773,42.189123
None,None,水涵保,None,渡島,7177,イ,15.94,None,八雲町,None,None,自然維持,0,139.991349,42.188841
None,None,水涵保,None,渡島,7176,イ,9.13,None,八雲町,None,None,自然維持,0,139.990356,42.183846
None,None,水涵保,None,渡島,7175,イ,3.56,None,八雲町,None,None,森林空間利用,0,139.988852,42.179181
None,None,水涵保,None,渡島,7161,イ,14.59,None,八雲町,None,None,自然維持,0,139.986408,42.185183
None,ダケカンバ,水涵保,None,渡島,7161,ろ,53.48,None,八雲町,他Ｌ,ブナ,自然維持,0,139.985589,42.181423
None,None,水涵保,None,渡島,7174,イ,5.41,None,八雲町,None,None,森林空間利用,0,139.986605,42.178566
None,None,水涵保,None,渡島,7154,イ,15.37,None,八雲町,None,None,自然維持,0,139.978337,42.199284
None,ダケカンバ,水涵保,None,渡島,7159,い,49.14,None,八雲町,ブナ,他Ｌ,自然維持,0,139.979541,42.195246
None,ダケカンバ,水涵保,None,渡島,7160,は,43.13,None,八雲町,他Ｌ,ブナ,自然維持,0,139.978745,42.190521
None,ダケカンバ,水涵保,None,渡島,7154,ろ,46.93,None,八雲町,イタヤカエデ,他Ｌ,自然維持,0,139.973733,42.196824
None,他Ｌ,水涵保,None,渡島,7158,に,28.41,None,八雲町,ブナ,ダケカンバ,自然維持,0,139.970936,42.190626
None,ダケカンバ,水涵保,None,渡島,7155,ろ,20.44,None,八雲町,他Ｌ,ブナ,自然維持,0,139.966255,42.190659
None,他Ｌ,水涵保,None,渡島,7158,に,28.41,None,八雲町,ブナ,ダケカンバ,自然維持,0,139.973592,42.189173
None,ブナ,水涵保,None,渡島,7160,ろ,4.04,None,八雲町,イタヤカエデ,他Ｌ,自然維持,0,139.974109,42.185544
None,他Ｌ,水涵保,None,渡島,7162,は,46.04,None,八雲町,ブナ,ダケカンバ,自然維持,0,139.978812,42.179517
None,ブナ,水涵保,None,渡島,7162,い,5.88,None,八雲町,イタヤカエデ,他Ｌ,自然維持,0,139.975377,42.181403
None,ダケカンバ,水涵保,None,渡島,7161,い,14.34,None,八雲町,他Ｌ,ブナ,自然維持,0,139.975153,42.1839
None,ブナ,水涵保,None,渡島,7158,は,7.16,None,八雲町,イタヤカエデ,他Ｌ,自然維持,0,139.971821,42.187678
None,ブナ,水涵保,None,渡島,7160,い,7.89,None,八雲町,他Ｌ,イタヤカエデ,自然維持,0,139.972431,42.185629
None,他Ｌ,水涵保,None,渡島,7162,ろ,3.25,None,八雲町,イタヤカエデ,ブナ,自然維持,0,139.971775,42.182646
None,ブナ,水涵保,None,渡島,7162,い,5.88,None,八雲町,イタヤカエデ,他Ｌ,自然維持,0,139.970497,42.183242
None,ダケカンバ,水涵保,None,渡島,7163,に,14.94,None,八雲町,ブナ,他Ｌ,自然維持,0,139.971694,42.179168
None,ダケカンバ,水涵保,None,渡島,7152,ろ,20.85,None,八雲町,他Ｌ,ブナ,自然維持,0,139.963207,42.20105
None,他Ｌ,水涵保,None,渡島,7153,い,5.0,None,八雲町,ブナ,イタヤカエデ,自然維持,0,139.964532,42.195702
None,ダケカンバ,水涵保,None,渡島,7152,い,16.72,None,八雲町,他Ｌ,ブナ,自然維持,0,139.961945,42.194929
None,ダケカンバ,水涵保,None,渡島,7154,い,7.38,None,八雲町,他Ｌ,ブナ,自然維持,0,139.964769,42.194073
None,ブナ,水涵保,None,渡島,7151,い,43.94,None,八雲町,イタヤカエデ,他Ｌ,自然維持,0,139.958036,42.191864
None,ダケカンバ,水涵保,None,渡島,7151,は,19.13,None,八雲町,ブナ,他Ｌ,自然維持,0,139.954426,42.193145
None,ダケカンバ,水涵保,None,渡島,7150,は,4.69,None,八雲町,他Ｌ,ブナ,自然維持,0,139.950613,42.190474
None,ブナ,水涵保,None,渡島,7155,い,55.27,None,八雲町,他Ｌ,ダケカンバ,自然維持,0,139.960951,42.186031
None,None,水涵保,None,渡島,7155,イ,1.85,None,八雲町,None,None,自然維持,0,139.958185,42.187248
None,ブナ,水涵保,None,渡島,7158,ろ,31.13,None,八雲町,イタヤカエデ,他Ｌ,水源涵養,0,139.964155,42.183381
None,他Ｌ,水涵保,None,渡島,7158,い,1.45,None,八雲町,None,トドマツ,水源涵養,0,139.962507,42.18024
None,ブナ,水涵保,None,渡島,7157,ぬ,2.84,None,八雲町,ミズナラ,他Ｌ,水源涵養,0,139.961065,42.179812
None,ブナ,水涵保,None,渡島,7157,ぬ,2.84,None,八雲町,ミズナラ,他Ｌ,水源涵養,0,139.960181,42.17861
None,トドマツ,水涵保,None,渡島,7157,へ,10.1,None,八雲町,None,他Ｌ,水源涵養,0,139.95863,42.180846
None,ブナ,水涵保,None,渡島,7157,ぬ,2.84,None,八雲町,ミズナラ,他Ｌ,水源涵養,0,139.958887,42.179533
None,ダケカンバ,水涵保,None,渡島,7151,ろ,18.41,None,八雲町,ブナ,他Ｌ,自然維持,0,139.953006,42.186257
None,ブナ,水涵保,None,渡島,7151,い,43.94,None,八雲町,イタヤカエデ,他Ｌ,自然維持,0,139.951019,42.183786
None,ブナ,水涵保,None,渡島,7150,ろ,9.09,None,八雲町,他Ｌ,ダケカンバ,自然維持,0,139.949426,42.188884
None,ブナ,水涵保,None,渡島,7150,い,65.21,None,八雲町,他Ｌ,ダケカンバ,水源涵養,0,139.946124,42.184399
None,ブナ,水涵保,None,渡島,7149,に,1.06,None,八雲町,シナノキ,他Ｌ,水源涵養,0,139.944118,42.181542
None,トドマツ,水涵保,None,渡島,7149,は,7.13,None,八雲町,None,ウダイカンバ,水源涵養,0,139.942825,42.180993
None,トドマツ,水涵保,None,渡島,7149,ろ,0.73,None,八雲町,None,None,水源涵養,0,139.941255,42.181173
None,ダケカンバ,水涵保,None,渡島,7149,へ,27.12,None,八雲町,None,None,水源涵養,0,139.93651,42.181511
None,他Ｌ,水涵保,None,渡島,7183,ろ,29.5,None,八雲町,ブナ,ダケカンバ,森林空間利用,0,139.993932,42.172242
None,ダケカンバ,水涵保,None,渡島,7174,ろ,11.15,None,八雲町,他Ｌ,ブナ,水源涵養,0,139.995387,42.168438
None,ダケカンバ,水涵保,None,渡島,7174,は,71.44,None,八雲町,他Ｌ,ブナ,森林空間利用,0,139.98711,42.17385
None,ブナ,水涵保,None,渡島,7167,ち,38.0,None,八雲町,他Ｌ,ダケカンバ,自然維持,0,139.982259,42.170217
None,他Ｌ,水涵保,None,渡島,7174,い,3.5,None,八雲町,None,トドマツ,水源涵養,0,139.996045,42.16613
None,ブナ,水涵保,None,渡島,7173,ほ,1.89,None,八雲町,他Ｌ,ダケカンバ,水源涵養,0,139.992778,42.166239
None,トドマツ,水涵保,None,渡島,7173,に,4.13,None,八雲町,None,他Ｌ,水源涵養,0,139.99596,42.16422
None,ブナ,水涵保,None,渡島,7173,ほ,1.89,None,八雲町,他Ｌ,ダケカンバ,水源涵養,0,139.996232,42.163097
None,トドマツ,水涵保,None,渡島,7173,は,5.68,None,八雲町,None,None,水源涵養,0,139.994044,42.163407
None,ブナ,水涵保,None,渡島,7173,へ,18.34,None,八雲町,他Ｌ,ダケカンバ,水源涵養,0,139.991523,42.167344
None,ブナ,水涵保,None,渡島,7173,と,17.25,None,八雲町,ダケカンバ,他Ｌ,水源涵養,0,139.989343,42.162808
None,None,None,None,渡島,7173,イ,0.44,None,八雲町,None,None,水源涵養,0,139.996736,42.161189
None,トドマツ,水涵保,None,渡島,7173,ろ,4.14,None,八雲町,None,他Ｌ,水源涵養,0,139.994572,42.160716
None,ブナ,水涵保,None,渡島,7173,へ,18.34,None,八雲町,他Ｌ,ダケカンバ,水源涵養,0,139.991134,42.160825
None,トドマツ,水涵保,None,渡島,7173,い,5.97,None,八雲町,None,他Ｌ,水源涵養,0,139.993071,42.158887
None,ブナ,水涵保,None,渡島,7173,ほ,1.89,None,八雲町,他Ｌ,ダケカンバ,水源涵養,0,139.990933,42.158792
None,トドマツ,水涵保,None,渡島,7172,い,2.2,None,八雲町,None,他Ｌ,水源涵養,0,139.992727,42.157526
None,ブナ,水涵保,None,渡島,7172,に,0.37,None,八雲町,他Ｌ,ダケカンバ,水源涵養,0,139.991338,42.158079
None,トドマツ,水涵保,None,渡島,7172,ろ,2.46,None,八雲町,None,None,水源涵養,0,139.98969,42.15827
None,ブナ,水涵保,None,渡島,7173,ち,14.72,None,八雲町,他Ｌ,ダケカンバ,自然維持,0,139.988378,42.168643
None,ブナ,水涵保,None,渡島,7172,と,6.84,None,八雲町,他Ｌ,ダケカンバ,自然維持,0,139.986842,42.165735
None,ブナ,水涵保,None,渡島,7172,へ,5.31,None,八雲町,他Ｌ,ダケカンバ,水源涵養,0,139.986254,42.163697
None,ブナ,水涵保,None,渡島,7172,に,0.37,None,八雲町,他Ｌ,ダケカンバ,水源涵養,0,139.987766,42.159756
None,ブナ,水涵保,None,渡島,7172,ほ,29.91,None,八雲町,他Ｌ,ダケカンバ,水源涵養,0,139.985193,42.160382
None,トドマツ,水涵保,None,渡島,7172,は,4.06,None,八雲町,None,他Ｌ,水源涵養,0,139.988829,42.159164
None,None,水涵保,None,渡島,7172,イ,0.26,None,八雲町,None,None,水源涵養,0,139.988131,42.158194
None,ブナ,水涵保,None,渡島,7168,は,28.78,None,八雲町,ダケカンバ,他Ｌ,水源涵養,0,139.981251,42.161781
None,ブナ,水涵保,None,渡島,7165,わ,24.06,None,八雲町,他Ｌ,イタヤカエデ,自然維持,0,139.973215,42.176139
None,ブナ,水涵保,None,渡島,7166,り,32.22,None,八雲町,他Ｌ,イタヤカエデ,自然維持,0,139.97705,42.17288
None,ブナ,水涵保,None,渡島,7166,ち,13.82,None,八雲町,他Ｌ,イタヤカエデ,水源涵養,0,139.975628,42.169283
None,ブナ,水涵保,None,渡島,7164,そ,2.91,None,八雲町,イタヤカエデ,他Ｌ,自然維持,0,139.970122,42.175563
None,ブナ,水涵保,None,渡島,7164,れ,9.03,None,八雲町,イタヤカエデ,他Ｌ,水源涵養,0,139.967248,42.173117
None,ブナ,水涵保,None,渡島,7165,る,6.16,None,八雲町,イタヤカエデ,他Ｌ,水源涵養,0,139.972214,42.171525
None,トドマツ,水涵保,None,渡島,7165,ほ,12.54,None,八雲町,None,他Ｌ,水源涵養,0,139.970145,42.171498
None,トドマツ,水涵保,None,渡島,7165,へ,1.13,None,八雲町,None,他Ｌ,水源涵養,0,139.970081,42.169509
None,トドマツ,水涵保,None,渡島,7166,ほ,3.33,None,八雲町,None,他Ｌ,水源涵養,0,139.970972,42.16939
None,ブナ,水涵保,None,渡島,7165,ち,1.81,None,八雲町,イタヤカエデ,他Ｌ,水源涵養,0,139.966114,42.171386
None,トドマツ,水涵保,None,渡島,7165,は,0.73,None,八雲町,None,他Ｌ,水源涵養,0,139.967884,42.168427
None,トドマツ,水涵保,None,渡島,7165,に,2.07,None,八雲町,None,他Ｌ,水源涵養,0,139.966531,42.168981
None,ブナ,水涵保,None,渡島,7167,と,26.59,None,八雲町,イタヤカエデ,他Ｌ,水源涵養,0,139.981081,42.16677
None,トドマツ,水涵保,None,渡島,7167,は,0.53,None,八雲町,None,他Ｌ,水源涵養,0,139.977868,42.165209
None,ブナ,水涵保,None,渡島,7167,へ,17.57,None,八雲町,イタヤカエデ,他Ｌ,水源涵養,0,139.9815,42.164814
None,トドマツ,水涵保,None,渡島,7167,に,0.38,None,八雲町,None,他Ｌ,水源涵養,0,139.978862,42.164958
None,トドマツ,水涵保,None,渡島,7167,ほ,0.24,None,八雲町,None,他Ｌ,水源涵養,0,139.977797,42.164487
None,トドマツ,水涵保,None,渡島,7167,ろ,1.92,None,八雲町,None,他Ｌ,水源涵養,0,139.976683,42.164899
None,トドマツ,水涵保,None,渡島,7168,い,1.79,None,八雲町,None,None,水源涵養,0,139.977105,42.162859
None,ブナ,水涵保,None,渡島,7167,と,26.59,None,八雲町,イタヤカエデ,他Ｌ,水源涵養,0,139.973596,42.164071
None,トドマツ,水涵保,None,渡島,7167,い,1.86,None,八雲町,None,他Ｌ,水源涵養,0,139.974195,42.162733
None,ブナ,水涵保,None,渡島,7168,ろ,50.56,None,八雲町,イタヤカエデ,他Ｌ,水源涵養,0,139.968468,42.160109
None,ブナ,水涵保,None,渡島,7166,と,19.69,None,八雲町,イタヤカエデ,他Ｌ,水源涵養,0,139.972581,42.165624
None,トドマツ,水涵保,None,渡島,7166,に,1.8,None,八雲町,None,他Ｌ,水源涵養,0,139.971218,42.167053
None,トドマツ,水涵保,None,渡島,7166,は,4.86,None,八雲町,None,他Ｌ,水源涵養,0,139.970293,42.162517
None,ブナ,水涵保,None,渡島,7165,ぬ,13.69,None,八雲町,イタヤカエデ,他Ｌ,水源涵養,0,139.96589,42.16726
None,ブナ,水涵保,None,渡島,7165,ち,1.81,None,八雲町,イタヤカエデ,他Ｌ,水源涵養,0,139.966948,42.165318
None,トドマツ,水涵保,None,渡島,7166,ろ,5.86,None,八雲町,None,None,水源涵養,0,139.967927,42.163956
None,スギ,水涵保,None,渡島,7166,い,4.56,None,八雲町,None,他Ｌ,水源涵養,0,139.968521,42.162626
None,ブナ,水涵保,None,渡島,7166,ち,13.82,None,八雲町,他Ｌ,イタヤカエデ,水源涵養,0,139.965955,42.162242
None,トドマツ,水涵保,None,渡島,7165,ろ,5.15,None,八雲町,None,他Ｌ,水源涵養,0,139.965717,42.165493
None,ブナ,水涵保,None,渡島,7166,へ,0.97,None,八雲町,イタヤカエデ,他Ｌ,水源涵養,0,139.965232,42.162267
None,ブナ,水涵保,None,渡島,7168,は,28.78,None,八雲町,ダケカンバ,他Ｌ,水源涵養,0,139.973443,42.158609
None,ブナ,水涵保,None,渡島,7171,い,24.66,None,八雲町,ダケカンバ,他Ｌ,森林空間利用,0,139.992424,42.154998
None,ブナ,水涵保,None,渡島,7171,ろ,32.69,None,八雲町,ダケカンバ,他Ｌ,森林空間利用,0,139.989476,42.15662
None,ブナ,水涵保,None,渡島,7171,ろ,32.69,None,八雲町,ダケカンバ,他Ｌ,森林空間利用,0,139.983118,42.156432
None,ブナ,水涵保,None,渡島,7169,ろ,20.71,None,八雲町,他Ｌ,ダケカンバ,水源涵養,0,139.980359,42.155874
None,ブナ,水涵保,None,渡島,7169,い,19.78,None,八雲町,イタヤカエデ,他Ｌ,水源涵養,0,139.972299,42.15472
None,ブナ,水涵保,None,渡島,7163,は,55.74,None,八雲町,イタヤカエデ,他Ｌ,水源涵養,0,139.964798,42.177265
None,トドマツ,水涵保,None,渡島,7157,り,0.42,None,八雲町,None,他Ｌ,水源涵養,0,139.961836,42.178309
None,トドマツ,水涵保,None,渡島,7157,ち,0.26,None,八雲町,None,他Ｌ,水源涵養,0,139.961036,42.177756
None,トドマツ,水涵保,None,渡島,7157,と,0.98,None,八雲町,None,他Ｌ,水源涵養,0,139.959583,42.178506
None,トドマツ,水涵保,None,渡島,7157,に,2.3,None,八雲町,None,他Ｌ,水源涵養,0,139.960188,42.176034
None,トドマツ,水涵保,None,渡島,7157,ほ,5.66,None,八雲町,None,他Ｌ,水源涵養,0,139.958132,42.177765
None,トドマツ,水涵保,None,渡島,7163,ろ,2.85,None,八雲町,None,他Ｌ,水源涵養,0,139.959085,42.173954
None,None,None,None,渡島,7163,イ,0.4,None,八雲町,None,None,水源涵養,0,139.95731,42.173025
None,ブナ,水涵保,None,渡島,7157,る,36.59,None,八雲町,ミズナラ,イタヤカエデ,水源涵養,0,139.956054,42.175741
None,トドマツ,水涵保,None,渡島,7164,ぬ,0.47,None,八雲町,None,他Ｌ,水源涵養,0,139.964851,42.17115
None,他Ｌ,水涵保,None,渡島,7164,よ,1.97,None,八雲町,イタヤカエデ,ブナ,水源涵養,0,139.964734,42.170664
None,トドマツ,水涵保,None,渡島,7164,と,1.54,None,八雲町,None,他Ｌ,水源涵養,0,139.964442,42.17037
None,トドマツ,水涵保,None,渡島,7164,と,1.54,None,八雲町,None,他Ｌ,水源涵養,0,139.9631,42.17056
None,ブナ,水涵保,None,渡島,7164,た,51.07,None,八雲町,イタヤカエデ,他Ｌ,水源涵養,0,139.963057,42.173099
None,トドマツ,水涵保,None,渡島,7164,り,1.25,None,八雲町,None,None,水源涵養,0,139.961056,42.171801
None,トドマツ,水涵保,None,渡島,7164,へ,0.64,None,八雲町,None,None,水源涵養,0,139.964251,42.169964
None,他Ｌ,水涵保,None,渡島,7164,よ,1.97,None,八雲町,イタヤカエデ,ブナ,水源涵養,0,139.9645,42.169704
None,トドマツ,水涵保,None,渡島,7164,へ,0.64,None,八雲町,None,None,水源涵養,0,139.964899,42.169356
None,トドマツ,水涵保,None,渡島,7164,へ,0.64,None,八雲町,None,None,水源涵養,0,139.963634,42.169512
None,他Ｌ,水涵保,None,渡島,7164,よ,1.97,None,八雲町,イタヤカエデ,ブナ,水源涵養,0,139.964238,42.169786
None,他Ｌ,水涵保,None,渡島,7164,よ,1.97,None,八雲町,イタヤカエデ,ブナ,水源涵養,0,139.964104,42.168541
None,トドマツ,水涵保,None,渡島,7164,ほ,0.65,None,八雲町,None,他Ｌ,水源涵養,0,139.963733,42.168813
None,トドマツ,水涵保,None,渡島,7164,に,1.09,None,八雲町,None,他Ｌ,水源涵養,0,139.962424,42.169183
None,トドマツ,水涵保,None,渡島,7164,に,1.09,None,八雲町,None,他Ｌ,水源涵養,0,139.962311,42.169273
None,ブナ,水涵保,None,渡島,7164,た,51.07,None,八雲町,イタヤカエデ,他Ｌ,水源涵養,0,139.961631,42.169374
None,トドマツ,水涵保,None,渡島,7164,ち,0.93,None,八雲町,None,None,水源涵養,0,139.960483,42.171269
None,トドマツ,水涵保,None,渡島,7164,ち,0.93,None,八雲町,None,None,水源涵養,0,139.959804,42.171329
None,トドマツ,水涵保,None,渡島,7164,は,0.93,None,八雲町,None,ウダイカンバ,水源涵養,0,139.959733,42.170352
None,トドマツ,水涵保,None,渡島,7164,は,0.93,None,八雲町,None,ウダイカンバ,水源涵養,0,139.958978,42.170649
None,トドマツ,水涵保,None,渡島,7164,に,1.09,None,八雲町,None,他Ｌ,水源涵養,0,139.961014,42.169734
None,ブナ,水涵保,None,渡島,7164,た,51.07,None,八雲町,イタヤカエデ,他Ｌ,水源涵養,0,139.959736,42.169632
None,ブナ,水涵保,None,渡島,7164,た,51.07,None,八雲町,イタヤカエデ,他Ｌ,水源涵養,0,139.959547,42.170045
None,トドマツ,水涵保,None,渡島,7164,は,0.93,None,八雲町,None,ウダイカンバ,水源涵養,0,139.959792,42.170053
None,ブナ,水涵保,None,渡島,7164,た,51.07,None,八雲町,イタヤカエデ,他Ｌ,水源涵養,0,139.958549,42.170235
None,トドマツ,水涵保,None,渡島,7164,る,0.86,None,八雲町,None,他Ｌ,水源涵養,0,139.958021,42.167971
None,ブナ,水涵保,None,渡島,7157,は,1.0,None,八雲町,ミズナラ,他Ｌ,水源涵養,0,139.955277,42.173087
None,ブナ,水涵保,None,渡島,7156,は,47.37,None,八雲町,ダケカンバ,他Ｌ,水源涵養,0,139.951749,42.178355
None,None,None,None,渡島,7156,イ,0.22,None,八雲町,None,None,水源涵養,0,139.951946,42.174812
None,サクラ,水涵保,None,渡島,7156,い,0.18,None,八雲町,None,None,水源涵養,0,139.952696,42.174321
None,他Ｌ,水涵保,None,渡島,7156,ろ,0.17,None,八雲町,None,None,水源涵養,0,139.953065,42.17398
None,ブナ,水涵保,None,渡島,7163,は,55.74,None,八雲町,イタヤカエデ,他Ｌ,水源涵養,0,139.957191,42.173212
None,ブナ,水涵保,None,渡島,7157,は,1.0,None,八雲町,ミズナラ,他Ｌ,水源涵養,0,139.955696,42.17263
None,カラマツ,水涵保,None,渡島,7164,ろ,0.6,None,八雲町,None,他Ｌ,水源涵養,0,139.957275,42.171511
None,カラマツ,水涵保,None,渡島,7163,い,0.73,None,八雲町,None,他Ｌ,水源涵養,0,139.956833,42.171698
None,ブナ,水涵保,None,渡島,7157,る,36.59,None,八雲町,ミズナラ,イタヤカエデ,水源涵養,0,139.955344,42.171964
None,トドマツ,水涵保,None,渡島,7157,ろ,3.34,None,八雲町,None,他Ｌ,水源涵養,0,139.954425,42.172038
None,ブナ,水涵保,None,渡島,7157,る,36.59,None,八雲町,ミズナラ,イタヤカエデ,水源涵養,0,139.955076,42.17112
None,トドマツ,水涵保,None,渡島,7157,ろ,3.34,None,八雲町,None,他Ｌ,水源涵養,0,139.954632,42.170221
None,ブナ,水涵保,None,渡島,7157,る,36.59,None,八雲町,ミズナラ,イタヤカエデ,水源涵養,0,139.953522,42.17142
None,ブナ,水涵保,None,渡島,7164,た,51.07,None,八雲町,イタヤカエデ,他Ｌ,水源涵養,0,139.955093,42.167858
None,トドマツ,水涵保,None,渡島,7157,い,7.6,None,八雲町,None,他Ｌ,水源涵養,0,139.953441,42.168589
None,None,None,None,渡島,7157,イ,0.67,None,八雲町,None,None,水源涵養,0,139.957456,42.174172
None,ブナ,水涵保,None,渡島,7157,ぬ,2.84,None,八雲町,ミズナラ,他Ｌ,水源涵養,0,139.952139,42.170728
None,ブナ,水涵保,None,渡島,7165,り,18.44,None,八雲町,他Ｌ,イタヤカエデ,水源涵養,0,139.962765,42.16307
None,ブナ,水涵保,None,渡島,7164,た,51.07,None,八雲町,イタヤカエデ,他Ｌ,水源涵養,0,139.960146,42.167881
None,トドマツ,水涵保,None,渡島,7164,わ,1.33,None,八雲町,None,他Ｌ,水源涵養,0,139.96095,42.166248
None,トドマツ,水涵保,None,渡島,7164,つ,1.17,None,八雲町,None,他Ｌ,水源涵養,0,139.957981,42.166609
None,トドマツ,水涵保,None,渡島,7164,か,5.88,None,八雲町,None,None,水源涵養,0,139.956349,42.166437
None,トドマツ,水涵保,None,渡島,7164,か,5.88,None,八雲町,None,None,水源涵養,0,139.958812,42.164611
None,トドマツ,水涵保,None,渡島,7164,か,5.88,None,八雲町,None,None,水源涵養,0,139.95775,42.164387
None,トドマツ,水涵保,None,渡島,7165,と,0.39,None,八雲町,None,None,水源涵養,0,139.959021,42.161854
None,None,None,None,渡島,7165,イ,0.72,None,八雲町,None,None,水源涵養,0,139.959009,42.160322
None,None,None,None,渡島,7165,ロ,0.05,None,八雲町,None,None,水源涵養,0,139.958782,42.161131
None,ブナ,水涵保,None,渡島,7164,た,51.07,None,八雲町,イタヤカエデ,他Ｌ,水源涵養,0,139.957708,42.161873
None,スギ,水涵保,None,渡島,7165,い,0.87,None,八雲町,None,None,水源涵養,0,139.958849,42.160697
None,スギ,水涵保,None,渡島,7164,い,2.4,None,八雲町,None,None,水源涵養,0,139.958083,42.160951
None,他Ｌ,水涵保,None,渡島,7164,よ,1.97,None,八雲町,イタヤカエデ,ブナ,水源涵養,0,139.957078,42.166506
None,None,None,None,渡島,7164,イ,1.38,None,八雲町,None,None,水源涵養,0,139.95598,42.166114
None,ブナ,水涵保,None,渡島,7157,る,36.59,None,八雲町,ミズナラ,イタヤカエデ,水源涵養,0,139.954519,42.167135
None,ブナ,水涵保,None,渡島,7149,ほ,50.15,None,八雲町,シナノキ,他Ｌ,水源涵養,0,139.945649,42.176432
None,トドマツ,水涵保,None,渡島,7149,い,3.71,None,八雲町,None,None,水源涵養,0,139.940766,42.176173
None,トドマツ,None,None,渡島,557,る,0.2,None,八雲町,None,None,水源涵養,0,140.284634,42.380446
None,None,None,None,渡島,557,ロ,1.73,None,八雲町,None,None,水源涵養,0,140.284173,42.381029
None,他Ｌ,None,None,渡島,557,て,12.42,None,八雲町,イタヤカエデ,ミズナラ,水源涵養,0,140.284329,42.380564
None,他Ｌ,None,None,渡島,557,て,12.42,None,八雲町,イタヤカエデ,ミズナラ,水源涵養,0,140.283867,42.381186
None,None,None,None,渡島,557,ロ,1.73,None,八雲町,None,None,水源涵養,0,140.283532,42.38083
None,トドマツ,None,None,渡島,557,る,0.2,None,八雲町,None,None,水源涵養,0,140.283764,42.38055
None,トドマツ,None,None,渡島,557,る,0.2,None,八雲町,None,None,水源涵養,0,140.284079,42.380348
None,他Ｌ,None,None,渡島,557,て,12.42,None,八雲町,イタヤカエデ,ミズナラ,水源涵養,0,140.28317,42.380819
None,トドマツ,None,None,渡島,557,ぬ,1.45,None,八雲町,None,None,水源涵養,0,140.283474,42.378532
None,トドマツ,None,None,渡島,557,ぬ,1.45,None,八雲町,None,None,水源涵養,0,140.281615,42.380126
None,トドマツ,None,None,渡島,557,ぬ,1.45,None,八雲町,None,None,水源涵養,0,140.281879,42.378575
None,None,None,None,渡島,557,ロ,1.73,None,八雲町,None,None,水源涵養,0,140.281717,42.378769
None,None,None,None,渡島,557,ヘ,0.03,None,八雲町,None,None,水源涵養,0,140.28335,42.378313
None,他Ｌ,None,None,渡島,557,て,12.42,None,八雲町,イタヤカエデ,ミズナラ,水源涵養,0,140.281295,42.381176
None,None,None,None,渡島,557,ロ,1.73,None,八雲町,None,None,水源涵養,0,140.280834,42.37832
None,他Ｌ,None,None,渡島,557,て,12.42,None,八雲町,イタヤカエデ,ミズナラ,水源涵養,0,140.280496,42.376821
None,トドマツ,None,None,渡島,557,り,2.25,None,八雲町,None,None,水源涵養,0,140.279199,42.378148
None,None,None,None,渡島,557,ホ,1.03,None,八雲町,None,None,水源涵養,0,140.281279,42.376392
None,他Ｌ,None,None,渡島,557,て,12.42,None,八雲町,イタヤカエデ,ミズナラ,水源涵養,0,140.281626,42.374229
None,トドマツ,None,None,渡島,557,え,0.73,None,八雲町,None,None,水源涵養,0,140.281174,42.375764
None,トドマツ,None,None,渡島,557,そ,0.77,None,八雲町,None,None,水源涵養,0,140.279942,42.375713
None,None,None,None,渡島,557,ホ,1.03,None,八雲町,None,None,水源涵養,0,140.281107,42.374124
None,他Ｌ,None,None,渡島,557,う,4.39,None,八雲町,イタヤカエデ,ミズナラ,水源涵養,0,140.281306,42.372311
None,他Ｌ,None,None,渡島,557,ち,0.15,None,八雲町,None,カラマツ,水源涵養,0,140.281819,42.371513
None,カラマツ,None,None,渡島,557,へ,0.13,None,八雲町,ダケカンバ,他Ｌ,水源涵養,0,140.281865,42.37023
None,トドマツ,None,None,渡島,557,ほ,2.02,None,八雲町,None,他Ｌ,水源涵養,0,140.283039,42.369053
None,トドマツ,None,None,渡島,557,に,2.0,None,八雲町,None,None,水源涵養,0,140.282699,42.36755
None,ダケカンバ,None,None,渡島,557,と,3.66,None,八雲町,他Ｌ,トドマツ,水源涵養,0,140.282179,42.370894
None,他Ｌ,None,None,渡島,557,ら,9.75,None,八雲町,イタヤカエデ,ミズナラ,水源涵養,0,140.280803,42.370358
None,トドマツ,None,None,渡島,557,わ,1.18,None,八雲町,None,None,水源涵養,0,140.279894,42.371701
None,トドマツ,None,None,渡島,557,よ,1.19,None,八雲町,None,None,水源涵養,0,140.281014,42.369151
None,トドマツ,None,None,渡島,557,つ,1.62,None,八雲町,None,None,水源涵養,0,140.277713,42.371495
None,他Ｌ,None,None,渡島,557,ら,9.75,None,八雲町,イタヤカエデ,ミズナラ,水源涵養,0,140.281139,42.367913
None,トドマツ,None,None,渡島,557,た,1.2,None,八雲町,None,None,水源涵養,0,140.282576,42.365107
None,他Ｌ,None,None,渡島,557,れ,0.45,None,八雲町,None,カラマツ,水源涵養,0,140.283171,42.364551
None,他Ｌ,None,None,渡島,557,な,4.25,None,八雲町,イタヤカエデ,ミズナラ,水源涵養,0,140.282244,42.360457
None,None,None,None,渡島,557,イ,0.04,None,八雲町,None,None,水源涵養,0,140.282072,42.361286
None,トドマツ,None,None,渡島,557,の,0.05,None,八雲町,None,None,水源涵養,0,140.282755,42.359923
None,トドマツ,None,None,渡島,557,の,0.05,None,八雲町,None,None,水源涵養,0,140.282266,42.359273
None,None,None,None,渡島,557,ハ,0.52,None,八雲町,None,None,水源涵養,0,140.281374,42.359239
None,トドマツ,None,None,渡島,557,ふ,0.28,None,八雲町,None,None,水源涵養,0,140.279985,42.361003
None,トドマツ,None,None,渡島,557,く,0.2,None,八雲町,None,None,水源涵養,0,140.279274,42.357824
None,トドマツ,None,None,渡島,557,や,0.42,None,八雲町,None,None,水源涵養,0,140.275654,42.372395
None,トドマツ,None,None,渡島,557,ま,0.27,None,八雲町,None,None,水源涵養,0,140.275254,42.371724
None,他Ｌ,None,None,渡島,557,む,11.16,None,八雲町,イタヤカエデ,ミズナラ,水源涵養,0,140.277997,42.369845
None,トドマツ,None,None,渡島,557,か,1.53,None,八雲町,None,None,水源涵養,0,140.275234,42.370364
None,他Ｌ,None,None,渡島,557,ね,22.95,None,八雲町,ダケカンバ,ミズナラ,水源涵養,0,140.277073,42.360114
None,カラマツ,None,None,渡島,557,ろ,2.75,None,八雲町,None,他Ｌ,水源涵養,0,140.27613,42.358659
None,トドマツ,None,None,渡島,557,は,3.6,None,八雲町,None,他Ｌ,水源涵養,0,140.274701,42.360703
None,他Ｌ,None,None,渡島,557,こ,4.09,None,八雲町,ミズナラ,ダケカンバ,水源涵養,0,140.278044,42.357037
None,他Ｌ,None,None,渡島,557,い,0.2,None,八雲町,ヤチダモ,ダケカンバ,水源涵養,0,140.276839,42.357049
None,None,None,None,渡島,3138,イ,2.57,None,八雲町,None,None,山地災害防止（土砂）,0,140.402264,42.117133
None,None,None,None,渡島,3138,ロ,0.23,None,八雲町,None,None,山地災害防止（土砂）,0,140.406598,42.113375
None,ブナ,土流保,None,渡島,3138,ぬ,10.34,None,八雲町,イタヤカエデ,他Ｌ,山地災害防止（土砂）,0,140.403869,42.114111
None,None,None,None,渡島,3137,イ,0.72,None,八雲町,None,None,山地災害防止（土砂）,0,140.41985,42.10296
None,カラマツ,土流保,None,渡島,3138,は,1.85,None,八雲町,None,他Ｌ,山地災害防止（土砂）,0,140.412409,42.108909
None,カラマツ,土流保,None,渡島,3137,ろ,1.16,None,八雲町,None,他Ｌ,山地災害防止（土砂）,0,140.41737,42.106852
None,コバノヤマハンノキ,土流保,None,渡島,3137,と,0.21,None,八雲町,None,None,山地災害防止（土砂）,0,140.416548,42.107066
None,他Ｌ,土流保,None,渡島,3137,は,1.5,None,八雲町,None,カラマツ,山地災害防止（土砂）,0,140.417549,42.105964
None,トドマツ,土流保,None,渡島,3137,い,4.5,None,八雲町,None,ダケカンバ,山地災害防止（土砂）,0,140.416016,42.105635
None,None,土流保,None,渡島,3137,ロ,0.16,None,八雲町,None,None,山地災害防止（土砂）,0,140.415719,42.103274
None,None,None,None,渡島,3137,イ,0.72,None,八雲町,None,None,山地災害防止（土砂）,0,140.415797,42.103451
None,トドマツ,土流保,None,渡島,3137,ほ,3.03,None,八雲町,None,イタヤカエデ,山地災害防止（土砂）,0,140.4142,42.103002
None,カラマツ,土流保,None,渡島,3138,へ,1.28,None,八雲町,None,他Ｌ,山地災害防止（土砂）,0,140.412636,42.10736
None,他Ｌ,土流保,None,渡島,3137,ち,14.31,None,八雲町,ダケカンバ,ブナ,山地災害防止（土砂）,0,140.414351,42.105945
None,カラマツ,土流保,None,渡島,3138,と,1.21,None,八雲町,None,他Ｌ,山地災害防止（土砂）,0,140.413618,42.106533
None,カラマツ,土流保,None,渡島,3138,に,1.23,None,八雲町,None,他Ｌ,山地災害防止（土砂）,0,140.411744,42.108337
None,ブナ,土流保,None,渡島,3138,ぬ,10.34,None,八雲町,イタヤカエデ,他Ｌ,山地災害防止（土砂）,0,140.410676,42.108022
None,カラマツ,土流保,None,渡島,3138,ほ,0.88,None,八雲町,None,他Ｌ,山地災害防止（土砂）,0,140.41113,42.106796
None,トドマツ,土流保,None,渡島,3138,り,0.27,None,八雲町,None,ダケカンバ,山地災害防止（土砂）,0,140.413699,42.105615
None,トドマツ,土流保,None,渡島,3137,へ,0.78,None,八雲町,None,ダケカンバ,山地災害防止（土砂）,0,140.414173,42.105092
None,トドマツ,土流保,None,渡島,3138,ち,0.4,None,八雲町,None,ダケカンバ,山地災害防止（土砂）,0,140.413042,42.105916
None,None,None,None,渡島,3137,イ,0.72,None,八雲町,None,None,山地災害防止（土砂）,0,140.4123,42.10388
None,None,None,None,渡島,3136,イ,1.16,None,八雲町,None,None,山地災害防止（土砂）,0,140.410739,42.104306
None,他Ｌ,土流保,None,渡島,3138,る,10.49,None,八雲町,イタヤカエデ,ブナ,山地災害防止（土砂）,0,140.410617,42.110403
None,他Ｌ,土流保,None,渡島,3138,る,10.49,None,八雲町,イタヤカエデ,ブナ,山地災害防止（土砂）,0,140.406826,42.113669
None,カラマツ,土流保,None,渡島,3138,ろ,3.32,None,八雲町,None,他Ｌ,山地災害防止（土砂）,0,140.407177,42.112487
None,トドマツ,土流保,None,渡島,3136,は,3.71,None,八雲町,None,イタヤカエデ,山地災害防止（土砂）,0,140.407352,42.110589
None,カラマツ,土流保,None,渡島,3138,ろ,3.32,None,八雲町,None,他Ｌ,山地災害防止（土砂）,0,140.4063,42.113826
None,ブナ,土流保,None,渡島,3138,ぬ,10.34,None,八雲町,イタヤカエデ,他Ｌ,山地災害防止（土砂）,0,140.406087,42.11236
None,トドマツ,土流保,None,渡島,3136,い,2.5,None,八雲町,イタヤカエデ,ヤチダモ,山地災害防止（土砂）,0,140.404785,42.113023
None,トドマツ,土流保,None,渡島,3136,ろ,8.87,None,八雲町,None,イタヤカエデ,山地災害防止（土砂）,0,140.404573,42.110647
None,トドマツ,土流保,None,渡島,3136,に,1.32,None,八雲町,None,イタヤカエデ,山地災害防止（土砂）,0,140.404153,42.109464
None,他Ｌ,土流保,None,渡島,3136,へ,29.84,None,八雲町,ブナ,ダケカンバ,山地災害防止（土砂）,0,140.408401,42.106966
None,None,None,None,渡島,3136,イ,1.16,None,八雲町,None,None,山地災害防止（土砂）,0,140.407548,42.10521
None,None,土流保,None,渡島,3135,ハ,0.78,None,八雲町,None,None,山地災害防止（土砂）,0,140.406891,42.105294
None,None,土流保,None,渡島,3136,ロ,0.15,None,八雲町,None,None,山地災害防止（土砂）,0,140.407109,42.10513
None,None,None,None,渡島,3135,ロ,3.21,None,八雲町,None,None,山地災害防止（土砂）,0,140.404289,42.10622
None,None,None,None,渡島,3133,ロ,0.04,None,八雲町,None,None,山地災害防止（土砂）,0,140.402768,42.10641
None,ダケカンバ,土流保,None,渡島,3133,ち,10.75,None,八雲町,ブナ,他Ｌ,山地災害防止（土砂）,0,140.404708,42.104056
None,トドマツ,土流保,None,渡島,3133,ほ,0.81,None,八雲町,None,イタヤカエデ,山地災害防止（土砂）,0,140.402873,42.103509
None,トドマツ,土流保,None,渡島,3137,に,20.91,None,八雲町,None,ダケカンバ,山地災害防止（土砂）,0,140.417553,42.102609
None,他Ｌ,土流保,None,渡島,3137,ち,14.31,None,八雲町,ダケカンバ,ブナ,山地災害防止（土砂）,0,140.415692,42.10088
None,ダケカンバ,土流保,None,渡島,3137,り,10.0,None,八雲町,イタヤカエデ,他Ｌ,山地災害防止（土砂）,0,140.416063,42.098878
None,ダケカンバ,土流保,None,渡島,3128,と,22.57,None,八雲町,イタヤカエデ,他Ｌ,山地災害防止（土砂）,0,140.414279,42.097741
None,ダケカンバ,土流保,None,渡島,3136,と,9.0,None,八雲町,None,他Ｌ,山地災害防止（土砂）,0,140.411953,42.100534
None,ダケカンバ,土流保,None,渡島,3129,と,8.75,None,八雲町,イタヤカエデ,他Ｌ,山地災害防止（土砂）,0,140.410947,42.098372
None,アカエゾマツ,土流保,None,渡島,3128,り,4.72,None,八雲町,None,None,山地災害防止（土砂）,0,140.41781,42.095182
None,ダケカンバ,土流保,None,渡島,3128,ち,1.24,None,八雲町,None,None,山地災害防止（土砂）,0,140.417693,42.093592
None,ダケカンバ,土流保,None,渡島,3128,へ,5.39,None,八雲町,イタヤカエデ,他Ｌ,山地災害防止（土砂）,0,140.417999,42.092839
None,ダケカンバ,土流保,None,渡島,3130,ち,1.2,None,八雲町,イタヤカエデ,他Ｌ,山地災害防止（土砂）,0,140.412712,42.096706
None,他Ｌ,土流保,None,渡島,3130,と,2.88,None,八雲町,ブナ,ダケカンバ,山地災害防止（土砂）,0,140.411689,42.095626
None,他Ｌ,土流保,None,渡島,3128,ほ,21.94,None,八雲町,イタヤカエデ,ブナ,山地災害防止（土砂）,0,140.412292,42.09319
None,ダケカンバ,土流保,None,渡島,3133,る,7.0,None,八雲町,イタヤカエデ,他Ｌ,山地災害防止（土砂）,0,140.408721,42.100255
None,ダケカンバ,土流保,None,渡島,3133,ぬ,19.0,None,八雲町,イタヤカエデ,他Ｌ,山地災害防止（土砂）,0,140.401212,42.100175
None,他Ｌ,土流保,None,渡島,3129,へ,14.0,None,八雲町,イタヤカエデ,ブナ,山地災害防止（土砂）,0,140.409576,42.097242
None,他Ｌ,土流保,None,渡島,3130,へ,20.66,None,八雲町,イタヤカエデ,ブナ,山地災害防止（土砂）,0,140.409511,42.094278
None,トドマツ,土流保,None,渡島,3128,は,2.25,None,八雲町,None,ダケカンバ,山地災害防止（土砂）,0,140.409191,42.09282
None,トドマツ,土流保,None,渡島,3129,い,3.94,None,八雲町,None,None,山地災害防止（土砂）,0,140.404459,42.097365
None,トドマツ,土流保,None,渡島,3129,に,1.06,None,八雲町,None,None,山地災害防止（土砂）,0,140.405489,42.095628
None,トドマツ,土流保,None,渡島,3129,は,4.85,None,八雲町,None,None,山地災害防止（土砂）,0,140.407121,42.095109
None,他Ｌ,土流保,None,渡島,3129,ほ,15.35,None,八雲町,イタヤカエデ,ブナ,山地災害防止（土砂）,0,140.402982,42.095513
None,カラマツ,土流保,None,渡島,3138,い,0.98,None,八雲町,None,他Ｌ,山地災害防止（土砂）,0,140.402181,42.114843
None,他Ｌ,土流保,None,渡島,3136,へ,29.84,None,八雲町,ブナ,ダケカンバ,山地災害防止（土砂）,0,140.400698,42.113911
None,トドマツ,土流保,None,渡島,3140,へ,0.62,None,八雲町,イタヤカエデ,アカエゾマツ,山地災害防止（土砂）,0,140.398233,42.115272
None,トドマツ,土流保,None,渡島,3140,と,3.52,None,八雲町,None,他Ｌ,山地災害防止（土砂）,0,140.397459,42.116092
None,トドマツ,土流保,None,渡島,3140,ほ,1.16,None,八雲町,None,他Ｌ,山地災害防止（土砂）,0,140.398405,42.11445
None,トドマツ,土流保,None,渡島,3140,に,1.3,None,八雲町,None,アカエゾマツ,山地災害防止（土砂）,0,140.396937,42.114373
None,カラマツ,土流保,None,渡島,3141,ろ,8.26,None,八雲町,None,None,山地災害防止（土砂）,0,140.391495,42.121555
None,他Ｌ,土流保,None,渡島,3141,い,4.94,None,八雲町,None,カラマツ,山地災害防止（土砂）,0,140.389016,42.121137
None,ヤチダモ,土流保,None,渡島,3141,は,0.08,None,八雲町,None,None,山地災害防止（土砂）,0,140.38973,42.120075
None,トドマツ,土流保,None,渡島,3141,に,0.34,None,八雲町,None,他Ｎ,山地災害防止（土砂）,0,140.389392,42.119824
None,トドマツ,土流保,None,渡島,3141,ほ,0.3,None,八雲町,None,None,山地災害防止（土砂）,0,140.388891,42.119492
None,トドマツ,土流保,None,渡島,3141,と,0.63,None,八雲町,None,None,山地災害防止（土砂）,0,140.387827,42.119606
None,トドマツ,土流保,None,渡島,3141,つ,0.83,None,八雲町,None,None,山地災害防止（土砂）,0,140.391663,42.119206
None,トドマツ,土流保,None,渡島,3140,ち,2.77,None,八雲町,None,他Ｌ,山地災害防止（土砂）,0,140.392938,42.114953
None,ブナ,土流保,None,渡島,3140,る,16.98,None,八雲町,ダケカンバ,他Ｌ,山地災害防止（土砂）,0,140.391177,42.115289
None,トドマツ,土流保,None,渡島,3141,わ,1.5,None,八雲町,他Ｌ,アカエゾマツ,山地災害防止（土砂）,0,140.389561,42.117156
None,カラマツ,土流保,None,渡島,3141,へ,0.7,None,八雲町,None,他Ｌ,山地災害防止（土砂）,0,140.389097,42.118639
None,トドマツ,土流保,None,渡島,3141,ち,1.04,None,八雲町,None,None,山地災害防止（土砂）,0,140.388698,42.11799
None,トドマツ,土流保,None,渡島,3141,り,1.07,None,八雲町,他Ｌ,欧州アカマツ,山地災害防止（土砂）,0,140.387356,42.119245
None,ブナ,土流保,None,渡島,3141,そ,25.43,None,八雲町,イタヤカエデ,他Ｌ,山地災害防止（土砂）,0,140.3887,42.115237
None,トドマツ,土流保,None,渡島,3141,か,4.01,None,八雲町,None,他Ｌ,山地災害防止（土砂）,0,140.387215,42.116505
None,トドマツ,土流保,None,渡島,3141,ぬ,1.19,None,八雲町,None,他Ｌ,山地災害防止（土砂）,0,140.387074,42.118372
None,トドマツ,土流保,None,渡島,3141,る,0.95,None,八雲町,None,他Ｌ,山地災害防止（土砂）,0,140.385932,42.118123
None,ブナ,土流保,None,渡島,3141,れ,4.16,None,八雲町,イタヤカエデ,他Ｌ,山地災害防止（土砂）,0,140.384928,42.11627
None,トドマツ,土流保,None,渡島,3141,よ,5.14,None,八雲町,None,アカエゾマツ,山地災害防止（土砂）,0,140.386362,42.114988
None,None,None,None,渡島,3143,ロ,1.82,None,八雲町,None,None,山地災害防止（土砂）,0,140.377089,42.114572
None,None,None,None,渡島,3143,ロ,1.82,None,八雲町,None,None,山地災害防止（土砂）,0,140.375388,42.114364
None,他Ｌ,土流保,None,渡島,3136,ほ,5.25,None,八雲町,ダケカンバ,ブナ,山地災害防止（土砂）,0,140.402478,42.110963
None,ダケカンバ,土流保,None,渡島,3135,り,28.31,None,八雲町,ブナ,他Ｌ,山地災害防止（土砂）,0,140.39755,42.112612
None,トドマツ,土流保,None,渡島,3135,へ,2.55,None,八雲町,None,None,山地災害防止（土砂）,0,140.399431,42.110852
None,トドマツ,土流保,None,渡島,3135,と,4.52,None,八雲町,None,None,山地災害防止（土砂）,0,140.399864,42.109267
None,トドマツ,土流保,None,渡島,3135,に,0.21,None,八雲町,None,イタヤカエデ,山地災害防止（土砂）,0,140.395963,42.11181
None,トドマツ,土流保,None,渡島,3135,は,2.96,None,八雲町,None,イタヤカエデ,山地災害防止（土砂）,0,140.39485,42.11109
None,他Ｌ,土流保,None,渡島,3135,わ,12.76,None,八雲町,イタヤカエデ,ブナ,山地災害防止（土砂）,0,140.398069,42.11024
None,トドマツ,土流保,None,渡島,3135,ほ,0.74,None,八雲町,None,None,山地災害防止（土砂）,0,140.395089,42.109615
None,None,土流保,None,渡島,3135,ハ,0.78,None,八雲町,None,None,山地災害防止（土砂）,0,140.401676,42.10701
None,None,土流保,None,渡島,3133,ハ,0.05,None,八雲町,None,None,山地災害防止（土砂）,0,140.401762,42.106779
None,他Ｌ,土流保,None,渡島,3135,ぬ,2.92,None,八雲町,ダケカンバ,ブナ,山地災害防止（土砂）,0,140.400802,42.107175
None,トドマツ,土流保,None,渡島,3133,へ,1.76,None,八雲町,None,イタヤカエデ,山地災害防止（土砂）,0,140.399705,42.106529
None,ダケカンバ,土流保,None,渡島,3133,わ,5.3,None,八雲町,ブナ,他Ｌ,山地災害防止（土砂）,0,140.396853,42.106888
None,トドマツ,土流保,None,渡島,3133,に,1.34,None,八雲町,None,イタヤカエデ,山地災害防止（土砂）,0,140.401542,42.104612
None,トドマツ,土流保,None,渡島,3133,は,1.81,None,八雲町,None,イタヤカエデ,山地災害防止（土砂）,0,140.399637,42.105206
None,None,土流保,None,渡島,3135,ハ,0.78,None,八雲町,None,None,山地災害防止（土砂）,0,140.397563,42.108182
None,トドマツ,土流保,None,渡島,3135,る,1.74,None,八雲町,None,イタヤカエデ,山地災害防止（土砂）,0,140.396993,42.108343
None,トドマツ,土流保,None,渡島,3133,か,0.15,None,八雲町,None,イタヤカエデ,山地災害防止（土砂）,0,140.397185,42.107612
None,トドマツ,土流保,None,渡島,3133,と,0.23,None,八雲町,None,イタヤカエデ,山地災害防止（土砂）,0,140.397734,42.107159
None,None,None,None,渡島,3133,イ,0.08,None,八雲町,None,None,山地災害防止（土砂）,0,140.395652,42.106719
None,他Ｌ,土流保,None,渡島,3135,わ,12.76,None,八雲町,イタヤカエデ,ブナ,山地災害防止（土砂）,0,140.394039,42.10883
None,トドマツ,土流保,None,渡島,3133,い,1.09,None,八雲町,None,イタヤカエデ,山地災害防止（土砂）,0,140.395951,42.107042
None,トドマツ,土流保,None,渡島,3133,ろ,2.38,None,八雲町,None,イタヤカエデ,山地災害防止（土砂）,0,140.396742,42.105997
None,トドマツ,土流保,None,渡島,3133,い,1.09,None,八雲町,None,イタヤカエデ,山地災害防止（土砂）,0,140.395619,42.106514
None,トドマツ,土流保,None,渡島,3133,ろ,2.38,None,八雲町,None,イタヤカエデ,山地災害防止（土砂）,0,140.39786,42.105743
None,ミズナラ,土流保,None,渡島,3134,ち,6.31,None,八雲町,他Ｌ,ブナ,山地災害防止（土砂）,0,140.394232,42.103699
None,トドマツ,土流保,None,渡島,3140,は,2.88,None,八雲町,None,イタヤカエデ,山地災害防止（土砂）,0,140.393874,42.113138
None,ブナ,土流保,None,渡島,3140,わ,13.91,None,八雲町,イタヤカエデ,他Ｌ,山地災害防止（土砂）,0,140.391841,42.113519
None,トドマツ,土流保,None,渡島,3140,ろ,0.5,None,八雲町,None,イタヤカエデ,山地災害防止（土砂）,0,140.392118,42.112806
None,トドマツ,土流保,None,渡島,3135,ろ,1.53,None,八雲町,None,イタヤカエデ,山地災害防止（土砂）,0,140.393155,42.111106
None,None,None,None,渡島,3135,ロ,3.21,None,八雲町,None,None,山地災害防止（土砂）,0,140.395979,42.108681
None,None,None,None,渡島,3134,ロ,0.13,None,八雲町,None,None,山地災害防止（土砂）,0,140.392917,42.109478
None,None,None,None,渡島,3134,ロ,0.13,None,八雲町,None,None,山地災害防止（土砂）,0,140.392196,42.109638
None,None,土流保,None,渡島,3135,ハ,0.78,None,八雲町,None,None,山地災害防止（土砂）,0,140.392028,42.109816
None,ブナ,土流保,None,渡島,3134,と,39.84,None,八雲町,イタヤカエデ,他Ｌ,山地災害防止（土砂）,0,140.394811,42.108201
None,トドマツ,土流保,None,渡島,3140,り,2.82,None,八雲町,イタヤカエデ,アカエゾマツ,山地災害防止（土砂）,0,140.390218,42.112928
None,トドマツ,土流保,None,渡島,3140,い,1.36,None,八雲町,None,アカエゾマツ,山地災害防止（土砂）,0,140.390268,42.111515
None,None,土流保,None,渡島,3141,ハ,0.56,None,八雲町,None,None,山地災害防止（土砂）,0,140.386912,42.112764
None,トドマツ,土流保,None,渡島,3141,よ,5.14,None,八雲町,None,アカエゾマツ,山地災害防止（土砂）,0,140.387645,42.112162
None,None,土流保,None,渡島,3140,ハ,0.13,None,八雲町,None,None,山地災害防止（土砂）,0,140.390279,42.111203
None,ブナ,土流保,None,渡島,3140,る,16.98,None,八雲町,ダケカンバ,他Ｌ,山地災害防止（土砂）,0,140.389093,42.111036
None,トドマツ,土流保,None,渡島,3135,い,4.42,None,八雲町,アカエゾマツ,イタヤカエデ,山地災害防止（土砂）,0,140.391163,42.110788
None,トドマツ,土流保,None,渡島,3134,へ,1.11,None,八雲町,None,None,山地災害防止（土砂）,0,140.390001,42.108869
None,ブナ,土流保,None,渡島,3134,と,39.84,None,八雲町,イタヤカエデ,他Ｌ,山地災害防止（土砂）,0,140.390403,42.108619
None,トドマツ,土流保,None,渡島,3140,い,1.36,None,八雲町,None,アカエゾマツ,山地災害防止（土砂）,0,140.387821,42.110811
None,None,土流保,None,渡島,3135,ハ,0.78,None,八雲町,None,None,山地災害防止（土砂）,0,140.388598,42.110724
None,None,None,None,渡島,3140,ニ,0.02,None,八雲町,None,None,山地災害防止（土砂）,0,140.388256,42.110764
None,None,None,None,渡島,3135,ロ,3.21,None,八雲町,None,None,山地災害防止（土砂）,0,140.388327,42.110674
None,None,土流保,None,渡島,3140,イ,0.4,None,八雲町,None,None,山地災害防止（土砂）,0,140.3883,42.11089
None,アカエゾマツ,土流保,None,渡島,3140,ぬ,0.25,None,八雲町,None,イタヤカエデ,山地災害防止（土砂）,0,140.387176,42.110735
None,None,None,None,渡島,3140,ロ,0.3,None,八雲町,None,None,山地災害防止（土砂）,0,140.38731,42.110487
None,他Ｌ,土流保,None,渡島,3135,ち,3.88,None,八雲町,イタヤカエデ,ブナ,山地災害防止（土砂）,0,140.390621,42.109584
None,None,None,None,渡島,3134,ニ,0.96,None,八雲町,None,None,山地災害防止（土砂）,0,140.386492,42.108436
None,他Ｌ,土流保,None,渡島,3133,り,26.89,None,八雲町,ブナ,ダケカンバ,山地災害防止（土砂）,0,140.39425,42.108153
None,None,None,None,渡島,3133,イ,0.08,None,八雲町,None,None,山地災害防止（土砂）,0,140.394218,42.10797
None,ブナ,土流保,None,渡島,3134,と,39.84,None,八雲町,イタヤカエデ,他Ｌ,山地災害防止（土砂）,0,140.394096,42.107705
None,None,None,None,渡島,3134,ニ,0.96,None,八雲町,None,None,山地災害防止（土砂）,0,140.394199,42.107713
None,トドマツ,土流保,None,渡島,3134,ほ,1.42,None,八雲町,アカエゾマツ,イタヤカエデ,山地災害防止（土砂）,0,140.392144,42.108561
None,トドマツ,土流保,None,渡島,3134,か,0.56,None,八雲町,None,イタヤカエデ,山地災害防止（土砂）,0,140.391985,42.107507
None,トドマツ,土流保,None,渡島,3134,よ,1.32,None,八雲町,None,None,山地災害防止（土砂）,0,140.392197,42.105184
None,トドマツ,土流保,None,渡島,3134,わ,1.04,None,八雲町,None,None,山地災害防止（土砂）,0,140.390444,42.106724
None,トドマツ,土流保,None,渡島,3134,そ,1.84,None,八雲町,None,None,山地災害防止（土砂）,0,140.389157,42.10667
None,トドマツ,土流保,None,渡島,3134,そ,1.84,None,八雲町,None,None,山地災害防止（土砂）,0,140.388231,42.106435
None,トドマツ,土流保,None,渡島,3134,そ,1.84,None,八雲町,None,None,山地災害防止（土砂）,0,140.387437,42.106621
None,トドマツ,土流保,None,渡島,3134,れ,0.94,None,八雲町,None,None,山地災害防止（土砂）,0,140.391242,42.104506
None,トドマツ,土流保,None,渡島,3134,た,0.6,None,八雲町,None,None,山地災害防止（土砂）,0,140.38939,42.10534
None,他Ｌ,土流保,None,渡島,3133,り,26.89,None,八雲町,ブナ,ダケカンバ,山地災害防止（土砂）,0,140.403858,42.101953
None,カラマツ,土流保,None,渡島,3132,り,2.44,None,八雲町,None,他Ｌ,山地災害防止（土砂）,0,140.39724,42.101954
None,他Ｌ,土流保,None,渡島,3129,へ,14.0,None,八雲町,イタヤカエデ,ブナ,山地災害防止（土砂）,0,140.401662,42.097332
None,トドマツ,土流保,None,渡島,3129,ろ,1.89,None,八雲町,None,None,山地災害防止（土砂）,0,140.401876,42.094343
None,他Ｌ,土流保,None,渡島,3130,へ,20.66,None,八雲町,イタヤカエデ,ブナ,山地災害防止（土砂）,0,140.398575,42.095943
None,他Ｌ,土流保,None,渡島,3131,へ,13.81,None,八雲町,イタヤカエデ,ブナ,山地災害防止（土砂）,0,140.396026,42.096389
None,他Ｌ,土流保,None,渡島,3130,ほ,18.62,None,八雲町,イタヤカエデ,ブナ,山地災害防止（土砂）,0,140.401216,42.092904
None,他Ｌ,土流保,None,渡島,3132,ち,0.2,None,八雲町,None,カラマツ,山地災害防止（土砂）,0,140.393682,42.102281
None,他Ｌ,土流保,None,渡島,3132,る,44.41,None,八雲町,イタヤカエデ,ブナ,山地災害防止（土砂）,0,140.394326,42.100661
None,他Ｌ,土流保,None,渡島,3131,と,15.0,None,八雲町,イタヤカエデ,ブナ,山地災害防止（土砂）,0,140.397587,42.098099
None,カラマツ,土流保,None,渡島,3132,と,14.23,None,八雲町,None,他Ｌ,山地災害防止（土砂）,0,140.388729,42.103136
None,トドマツ,土流保,None,渡島,3131,は,11.28,None,八雲町,None,イタヤカエデ,山地災害防止（土砂）,0,140.392715,42.096689
None,他Ｌ,土流保,None,渡島,3131,へ,13.81,None,八雲町,イタヤカエデ,ブナ,山地災害防止（土砂）,0,140.39356,42.093086
None,カラマツ,土流保,None,渡島,3131,ほ,8.46,None,八雲町,None,None,山地災害防止（土砂）,0,140.392643,42.093626
None,トドマツ,土流保,None,渡島,3131,ろ,3.21,None,八雲町,None,イタヤカエデ,山地災害防止（土砂）,0,140.389001,42.097379
None,他Ｌ,土流保,None,渡島,3131,へ,13.81,None,八雲町,イタヤカエデ,ブナ,山地災害防止（土砂）,0,140.387759,42.09402
None,トドマツ,土流保,None,渡島,3131,い,5.75,None,八雲町,None,イタヤカエデ,山地災害防止（土砂）,0,140.387623,42.098151
None,カラマツ,土流保,None,渡島,3131,に,6.33,None,八雲町,None,None,山地災害防止（土砂）,0,140.389585,42.094335
None,トドマツ,土流保,None,渡島,3099,そ,0.28,None,八雲町,None,他Ｌ,山地災害防止（土砂）,0,140.387246,42.092266
None,None,土流保,None,渡島,3141,ハ,0.56,None,八雲町,None,None,山地災害防止（土砂）,0,140.387135,42.113748
None,ブナ,土流保,None,渡島,3141,そ,25.43,None,八雲町,イタヤカエデ,他Ｌ,山地災害防止（土砂）,0,140.385594,42.11306
None,None,None,None,渡島,3141,ニ,0.21,None,八雲町,None,None,山地災害防止（土砂）,0,140.385146,42.111538
None,None,土流保,None,渡島,3141,イ,0.12,None,八雲町,None,None,山地災害防止（土砂）,0,140.385396,42.11137
None,トドマツ,土流保,None,渡島,3141,た,2.25,None,八雲町,None,アカエゾマツ,山地災害防止（土砂）,0,140.385979,42.110852
None,他Ｌ,土流保,None,渡島,3135,ち,3.88,None,八雲町,イタヤカエデ,ブナ,山地災害防止（土砂）,0,140.38536,42.109455
None,None,None,None,渡島,3135,イ,0.15,None,八雲町,None,None,山地災害防止（土砂）,0,140.385615,42.109405
None,トドマツ,土流保,None,渡島,3142,ち,0.56,None,八雲町,アカエゾマツ,イタヤカエデ,山地災害防止（土砂）,0,140.383835,42.10884
None,ブナ,土流保,None,渡島,3142,り,50.23,None,八雲町,イタヤカエデ,他Ｌ,山地災害防止（土砂）,0,140.382128,42.110597
None,None,土流保,None,渡島,3143,ハ,0.15,None,八雲町,None,None,山地災害防止（土砂）,0,140.380847,42.113621
None,None,None,None,渡島,3142,イ,0.06,None,八雲町,None,None,山地災害防止（土砂）,0,140.380998,42.113364
None,None,土流保,None,渡島,3143,ハ,0.15,None,八雲町,None,None,山地災害防止（土砂）,0,140.3807,42.113259
None,トドマツ,土流保,None,渡島,3134,に,0.81,None,八雲町,None,イタヤカエデ,山地災害防止（土砂）,0,140.387935,42.108072
None,ブナ,土流保,None,渡島,3134,と,39.84,None,八雲町,イタヤカエデ,他Ｌ,山地災害防止（土砂）,0,140.394177,42.105136
None,トドマツ,土流保,None,渡島,3134,い,0.3,None,八雲町,None,アカエゾマツ,山地災害防止（土砂）,0,140.38475,42.10835
None,トドマツ,土流保,None,渡島,3134,り,0.05,None,八雲町,None,None,山地災害防止（土砂）,0,140.384667,42.107947
None,ブナ,土流保,None,渡島,3134,と,39.84,None,八雲町,イタヤカエデ,他Ｌ,山地災害防止（土砂）,0,140.384477,42.109258
None,トドマツ,土流保,None,渡島,3134,ぬ,0.12,None,八雲町,None,アカエゾマツ,山地災害防止（土砂）,0,140.384331,42.107883
None,トドマツ,土流保,None,渡島,3134,る,0.12,None,八雲町,None,アカエゾマツ,山地災害防止（土砂）,0,140.383854,42.107488
None,トドマツ,土流保,None,渡島,3142,と,0.18,None,八雲町,None,アカエゾマツ,山地災害防止（土砂）,0,140.383211,42.107285
None,トドマツ,土流保,None,渡島,3134,ろ,1.24,None,八雲町,None,イタヤカエデ,山地災害防止（土砂）,0,140.384081,42.106354
None,トドマツ,土流保,None,渡島,3134,ろ,1.24,None,八雲町,None,イタヤカエデ,山地災害防止（土砂）,0,140.383696,42.106005
None,None,土流保,None,渡島,3134,ハ,1.28,None,八雲町,None,None,山地災害防止（土砂）,0,140.387863,42.106608
None,トドマツ,土流保,None,渡島,3134,は,1.25,None,八雲町,None,None,山地災害防止（土砂）,0,140.38354,42.104677
None,トドマツ,土流保,None,渡島,3134,は,1.25,None,八雲町,None,None,山地災害防止（土砂）,0,140.38422,42.104407
None,ブナ,土流保,None,渡島,3134,と,39.84,None,八雲町,イタヤカエデ,他Ｌ,山地災害防止（土砂）,0,140.383306,42.106528
None,コバノヤマハンノキ,土流保,None,渡島,3142,へ,1.42,None,八雲町,None,他Ｎ,山地災害防止（土砂）,0,140.380991,42.104537
None,None,None,None,渡島,3134,イ,0.8,None,八雲町,None,None,山地災害防止（土砂）,0,140.382695,42.104992
None,トドマツ,土流保,None,渡島,3142,に,0.5,None,八雲町,None,None,山地災害防止（土砂）,0,140.37972,42.103369
None,トドマツ,土流保,None,渡島,3143,は,1.68,None,八雲町,None,他Ｌ,山地災害防止（土砂）,0,140.376434,42.111641
None,カラマツ,土流保,None,渡島,3143,ろ,3.35,None,八雲町,None,他Ｌ,山地災害防止（土砂）,0,140.374481,42.11007
None,トドマツ,土流保,None,渡島,3143,に,0.57,None,八雲町,None,他Ｌ,山地災害防止（土砂）,0,140.37364,42.110668
None,トドマツ,土流保,None,渡島,3143,と,1.35,None,八雲町,None,他Ｌ,山地災害防止（土砂）,0,140.374893,42.108955
None,ヤチダモ,土流保,None,渡島,3143,ほ,0.2,None,八雲町,None,他Ｌ,山地災害防止（土砂）,0,140.371488,42.108598
None,ブナ,土流保,None,渡島,3143,い,45.76,None,八雲町,イタヤカエデ,他Ｌ,山地災害防止（土砂）,0,140.37796,42.108708
None,トドマツ,土流保,None,渡島,3142,い,0.18,None,八雲町,None,None,山地災害防止（土砂）,0,140.375788,42.103544
None,トドマツ,土流保,None,渡島,3143,へ,2.05,None,八雲町,None,他Ｌ,山地災害防止（土砂）,0,140.373728,42.108583
None,トドマツ,土流保,None,渡島,3143,ち,6.6,None,八雲町,None,他Ｌ,山地災害防止（土砂）,0,140.372847,42.106348
None,トドマツ,土流保,None,渡島,3132,へ,1.42,None,八雲町,None,イタヤカエデ,山地災害防止（土砂）,0,140.386565,42.100671
None,トドマツ,土流保,None,渡島,3132,ぬ,0.42,None,八雲町,None,イタヤカエデ,山地災害防止（土砂）,0,140.385555,42.100626
None,カラマツ,土流保,None,渡島,3132,ほ,0.55,None,八雲町,None,他Ｌ,山地災害防止（土砂）,0,140.384723,42.101599
None,トドマツ,土流保,None,渡島,3132,に,1.57,None,八雲町,None,他Ｌ,山地災害防止（土砂）,0,140.383973,42.101625
None,トドマツ,土流保,None,渡島,3132,は,0.5,None,八雲町,None,イタヤカエデ,山地災害防止（土砂）,0,140.384052,42.099896
None,ブナ,土流保,None,渡島,3099,つ,26.11,None,八雲町,イタヤカエデ,他Ｌ,山地災害防止（土砂）,0,140.387487,42.09547
None,ドイツトウヒ,土流保,None,渡島,3099,ろ,0.97,None,八雲町,None,他Ｌ,山地災害防止（土砂）,0,140.384019,42.098294
None,トドマツ,土流保,None,渡島,3099,よ,0.67,None,八雲町,None,他Ｌ,山地災害防止（土砂）,0,140.382218,42.102493
None,ブナ,土流保,None,渡島,3099,つ,26.11,None,八雲町,イタヤカエデ,他Ｌ,山地災害防止（土砂）,0,140.382816,42.102305
None,トドマツ,土流保,None,渡島,3142,ほ,0.2,None,八雲町,None,他Ｌ,山地災害防止（土砂）,0,140.381625,42.10311
None,None,None,None,渡島,3099,ハ,0.19,None,八雲町,None,None,山地災害防止（土砂）,0,140.382123,42.102526
None,トドマツ,土流保,None,渡島,3099,い,0.62,None,八雲町,None,None,山地災害防止（土砂）,0,140.382118,42.101966
None,トドマツ,土流保,None,渡島,3099,た,0.2,None,八雲町,None,他Ｌ,山地災害防止（土砂）,0,140.382116,42.101459
None,ブナ,土流保,None,渡島,3099,つ,26.11,None,八雲町,イタヤカエデ,他Ｌ,山地災害防止（土砂）,0,140.38158,42.101683
None,トドマツ,土流保,None,渡島,3099,よ,0.67,None,八雲町,None,他Ｌ,山地災害防止（土砂）,0,140.381189,42.102159
None,カラマツ,土流保,None,渡島,3142,は,1.87,None,八雲町,None,他Ｌ,山地災害防止（土砂）,0,140.3789,42.103548
None,トドマツ,土流保,None,渡島,3099,な,0.6,None,八雲町,None,None,山地災害防止（土砂）,0,140.380676,42.10151
None,トドマツ,土流保,None,渡島,3099,わ,1.25,None,八雲町,スギ,イタヤカエデ,山地災害防止（土砂）,0,140.380676,42.101005
None,トドマツ,土流保,None,渡島,3099,か,1.1,None,八雲町,None,None,山地災害防止（土砂）,0,140.379785,42.100619
None,トドマツ,土流保,None,渡島,3132,ろ,4.0,None,八雲町,None,None,山地災害防止（土砂）,0,140.382946,42.100209
None,トドマツ,土流保,None,渡島,3132,い,0.3,None,八雲町,None,他Ｌ,山地災害防止（土砂）,0,140.382307,42.098721
None,トドマツ,土流保,None,渡島,3132,ろ,4.0,None,八雲町,None,None,山地災害防止（土砂）,0,140.381675,42.098931
None,他Ｌ,土流保,None,渡島,3099,ぬ,0.85,None,八雲町,None,トドマツ,山地災害防止（土砂）,0,140.38022,42.099386
None,トドマツ,土流保,None,渡島,3099,れ,0.5,None,八雲町,None,None,山地災害防止（土砂）,0,140.386768,42.095505
None,トドマツ,土流保,None,渡島,3099,は,0.2,None,八雲町,None,他Ｌ,山地災害防止（土砂）,0,140.3842,42.097706
None,トドマツ,土流保,None,渡島,3099,に,0.91,None,八雲町,None,None,山地災害防止（土砂）,0,140.384142,42.09715
None,ブナ,土流保,None,渡島,3099,ね,10.0,None,八雲町,イタヤカエデ,他Ｌ,山地災害防止（土砂）,0,140.385835,42.094618
None,None,None,None,渡島,3099,イ,2.35,None,八雲町,None,None,山地災害防止（土砂）,0,140.377421,42.10219
None,トドマツ,土流保,None,渡島,3097,と,3.42,None,八雲町,None,他Ｌ,山地災害防止（土砂）,0,140.383479,42.094036
None,トドマツ,土流保,None,渡島,3097,へ,2.04,None,八雲町,None,イタヤカエデ,山地災害防止（土砂）,0,140.379641,42.096379
None,トドマツ,土流保,None,渡島,3095,ほ,0.65,None,八雲町,None,None,山地災害防止（土砂）,0,140.380603,42.093965
None,コバノヤマハンノキ,土流保,None,渡島,3142,ろ,1.12,None,八雲町,None,None,山地災害防止（土砂）,0,140.3782,42.102875
None,ブナ,土流保,None,渡島,3099,つ,26.11,None,八雲町,イタヤカエデ,他Ｌ,山地災害防止（土砂）,0,140.375018,42.10346
None,トドマツ,土流保,None,渡島,3099,る,1.6,None,八雲町,None,None,山地災害防止（土砂）,0,140.377616,42.10179
None,他Ｌ,土流保,None,渡島,3099,ぬ,0.85,None,八雲町,None,トドマツ,山地災害防止（土砂）,0,140.375656,42.102747
None,ブナ,土流保,None,渡島,3099,つ,26.11,None,八雲町,イタヤカエデ,他Ｌ,山地災害防止（土砂）,0,140.375509,42.101121
None,ミズナラ,土流保,None,渡島,3097,り,31.25,None,八雲町,他Ｌ,ブナ,山地災害防止（土砂）,0,140.378145,42.098396
None,トドマツ,土流保,None,渡島,3099,り,3.33,None,八雲町,None,他Ｌ,山地災害防止（土砂）,0,140.374156,42.101974
None,ブナ,土流保,None,渡島,3099,つ,26.11,None,八雲町,イタヤカエデ,他Ｌ,山地災害防止（土砂）,0,140.373509,42.102506
None,トドマツ,土流保,None,渡島,3099,ち,1.25,None,八雲町,None,他Ｌ,山地災害防止（土砂）,0,140.371883,42.101793
None,トドマツ,土流保,None,渡島,3097,に,0.51,None,八雲町,None,イタヤカエデ,山地災害防止（土砂）,0,140.374735,42.098556
None,トドマツ,土流保,None,渡島,3097,は,0.77,None,八雲町,None,イタヤカエデ,山地災害防止（土砂）,0,140.37341,42.09797
None,None,土流保,None,渡島,3097,イ,2.55,None,八雲町,None,None,山地災害防止（土砂）,0,140.378827,42.095592
None,トドマツ,土流保,None,渡島,3097,ほ,2.94,None,八雲町,None,イタヤカエデ,山地災害防止（土砂）,0,140.376417,42.097102
None,None,土流保,None,渡島,3096,ロ,0.81,None,八雲町,None,None,山地災害防止（土砂）,0,140.377591,42.093916
None,トドマツ,土流保,None,渡島,3096,へ,3.53,None,八雲町,None,イタヤカエデ,山地災害防止（土砂）,0,140.37649,42.095157
None,None,土流保,None,渡島,3097,イ,2.55,None,八雲町,None,None,山地災害防止（土砂）,0,140.375349,42.09704
None,トドマツ,土流保,None,渡島,3096,に,0.66,None,八雲町,None,イタヤカエデ,山地災害防止（土砂）,0,140.374198,42.097101
None,トドマツ,土流保,None,渡島,3096,ほ,1.5,None,八雲町,None,イタヤカエデ,山地災害防止（土砂）,0,140.374368,42.095511
None,他Ｌ,土流保,None,渡島,3096,と,3.31,None,八雲町,イタヤカエデ,ブナ,山地災害防止（土砂）,0,140.372266,42.09757
None,トドマツ,土流保,None,渡島,3096,は,1.83,None,八雲町,None,イタヤカエデ,山地災害防止（土砂）,0,140.371962,42.096654
None,ブナ,土流保,None,渡島,3096,ち,40.13,None,八雲町,イタヤカエデ,他Ｌ,山地災害防止（土砂）,0,140.365729,42.09746
None,ダケカンバ,土流保,None,渡島,3127,よ,0.85,None,八雲町,None,None,山地災害防止（土砂）,0,140.419492,42.089886
None,他Ｌ,土流保,None,渡島,3123,ち,42.77,None,八雲町,ブナ,イタヤカエデ,山地災害防止（土砂）,0,140.420653,42.089669
None,他Ｌ,土流保,None,渡島,3123,ち,42.77,None,八雲町,ブナ,イタヤカエデ,山地災害防止（土砂）,0,140.420778,42.089007
None,ダケカンバ,土流保,None,渡島,3123,る,3.95,None,八雲町,イタヤカエデ,他Ｌ,山地災害防止（土砂）,0,140.420631,42.0878
None,ダケカンバ,土流保,None,渡島,3123,わ,0.42,None,八雲町,None,None,山地災害防止（土砂）,0,140.420163,42.089491
None,ダケカンバ,土流保,None,渡島,3123,わ,0.42,None,八雲町,None,None,山地災害防止（土砂）,0,140.419867,42.089222
None,ダケカンバ,土流保,None,渡島,3123,る,3.95,None,八雲町,イタヤカエデ,他Ｌ,山地災害防止（土砂）,0,140.419709,42.088979
None,None,土流保,None,渡島,3123,ロ,0.4,None,八雲町,None,None,山地災害防止（土砂）,0,140.419984,42.088941
None,ダケカンバ,土流保,None,渡島,3127,る,1.07,None,八雲町,None,他Ｌ,山地災害防止（土砂）,0,140.418668,42.089129
None,ダケカンバ,土流保,None,渡島,3123,ぬ,1.22,None,八雲町,イタヤカエデ,他Ｌ,山地災害防止（土砂）,0,140.419171,42.08895
None,ダケカンバ,土流保,None,渡島,3123,ぬ,1.22,None,八雲町,イタヤカエデ,他Ｌ,山地災害防止（土砂）,0,140.419401,42.088332
None,ダケカンバ,土流保,None,渡島,3123,か,1.05,None,八雲町,None,None,山地災害防止（土砂）,0,140.422008,42.086105
None,ダケカンバ,土流保,None,渡島,3123,よ,1.92,None,八雲町,None,None,山地災害防止（土砂）,0,140.422755,42.084823
None,他Ｌ,土流保,None,渡島,3123,ち,42.77,None,八雲町,ブナ,イタヤカエデ,山地災害防止（土砂）,0,140.42205,42.08203
None,ダケカンバ,土流保,None,渡島,3123,り,2.7,None,八雲町,イタヤカエデ,他Ｌ,山地災害防止（土砂）,0,140.419381,42.086933
None,トドマツ,土流保,None,渡島,3123,は,4.84,None,八雲町,None,ダケカンバ,山地災害防止（土砂）,0,140.418707,42.085969
None,ダケカンバ,土流保,None,渡島,3123,た,0.64,None,八雲町,None,None,山地災害防止（土砂）,0,140.421983,42.083928
None,トドマツ,土流保,None,渡島,3123,ほ,3.68,None,八雲町,None,ダケカンバ,山地災害防止（土砂）,0,140.418968,42.084429
None,トドマツ,土流保,None,渡島,3123,へ,1.68,None,八雲町,None,ダケカンバ,山地災害防止（土砂）,0,140.419209,42.082464
None,ダケカンバ,土流保,None,渡島,3123,れ,2.38,None,八雲町,イタヤカエデ,他Ｌ,自然維持,0,140.423969,42.081275
None,ダケカンバ,土流保,None,渡島,3122,は,4.57,None,八雲町,イタヤカエデ,他Ｌ,自然維持,0,140.42392,42.078303
None,ダケカンバ,土流保,None,渡島,3122,ろ,4.25,None,八雲町,イタヤカエデ,他Ｌ,山地災害防止（土砂）,0,140.422047,42.077509
None,ダケカンバ,土流保,None,渡島,3120,へ,23.69,None,八雲町,イタヤカエデ,他Ｌ,自然維持,0,140.421844,42.074198
None,ブナ,土流保,None,渡島,3120,ほ,26.28,None,八雲町,イタヤカエデ,他Ｌ,山地災害防止（土砂）,0,140.41881,42.075607
None,ダケカンバ,土流保,None,渡島,3127,わ,2.53,None,八雲町,None,他Ｌ,山地災害防止（土砂）,0,140.416636,42.091654
None,ダケカンバ,土流保,None,渡島,3127,か,3.5,None,八雲町,None,他Ｌ,山地災害防止（土砂）,0,140.417046,42.090032
None,ダケカンバ,土流保,None,渡島,3127,る,1.07,None,八雲町,None,他Ｌ,山地災害防止（土砂）,0,140.417984,42.088464
None,None,土流保,None,渡島,3127,ハ,0.73,None,八雲町,None,None,山地災害防止（土砂）,0,140.417663,42.08792
None,他Ｌ,土流保,None,渡島,3127,り,30.04,None,八雲町,イタヤカエデ,ブナ,山地災害防止（土砂）,0,140.4175,42.088721
None,ダケカンバ,土流保,None,渡島,3127,る,1.07,None,八雲町,None,他Ｌ,山地災害防止（土砂）,0,140.417446,42.087986
None,None,土流保,None,渡島,3123,ロ,0.4,None,八雲町,None,None,山地災害防止（土砂）,0,140.417514,42.087793
None,他Ｌ,土流保,None,渡島,3123,ち,42.77,None,八雲町,ブナ,イタヤカエデ,山地災害防止（土砂）,0,140.41807,42.08765
None,None,土流保,None,渡島,3127,ハ,0.73,None,八雲町,None,None,山地災害防止（土砂）,0,140.413822,42.086704
None,トドマツ,土流保,None,渡島,3127,ろ,3.32,None,八雲町,None,ダケカンバ,山地災害防止（土砂）,0,140.414845,42.088355
None,トドマツ,土流保,None,渡島,3127,ろ,3.32,None,八雲町,None,ダケカンバ,山地災害防止（土砂）,0,140.415225,42.087223
None,トドマツ,土流保,None,渡島,3127,へ,3.45,None,八雲町,None,ダケカンバ,山地災害防止（土砂）,0,140.414248,42.090835
None,他Ｌ,土流保,None,渡島,3127,り,30.04,None,八雲町,イタヤカエデ,ブナ,山地災害防止（土砂）,0,140.409757,42.088304
None,トドマツ,土流保,None,渡島,3127,と,1.59,None,八雲町,None,ダケカンバ,山地災害防止（土砂）,0,140.410823,42.090115
None,トドマツ,土流保,None,渡島,3127,ほ,2.74,None,八雲町,None,ダケカンバ,山地災害防止（土砂）,0,140.413158,42.089464
None,トドマツ,土流保,None,渡島,3127,に,1.05,None,八雲町,None,ダケカンバ,山地災害防止（土砂）,0,140.412061,42.089054
None,トドマツ,土流保,None,渡島,3127,に,1.05,None,八雲町,None,ダケカンバ,山地災害防止（土砂）,0,140.412273,42.087392
None,トドマツ,土流保,None,渡島,3127,は,1.17,None,八雲町,None,ダケカンバ,山地災害防止（土砂）,0,140.410544,42.088012
None,他Ｌ,土流保,None,渡島,3123,ち,42.77,None,八雲町,ブナ,イタヤカエデ,山地災害防止（土砂）,0,140.418453,42.086393
None,トドマツ,土流保,None,渡島,3123,に,0.88,None,八雲町,None,ダケカンバ,山地災害防止（土砂）,0,140.417326,42.086139
None,トドマツ,土流保,None,渡島,3123,は,4.84,None,八雲町,None,ダケカンバ,山地災害防止（土砂）,0,140.41627,42.086136
None,他Ｌ,土流保,None,渡島,3123,ち,42.77,None,八雲町,ブナ,イタヤカエデ,山地災害防止（土砂）,0,140.414406,42.085752
None,None,土流保,None,渡島,3123,ロ,0.4,None,八雲町,None,None,山地災害防止（土砂）,0,140.414883,42.085026
None,トドマツ,土流保,None,渡島,3123,ろ,1.44,None,八雲町,None,None,山地災害防止（土砂）,0,140.414467,42.085266
None,トドマツ,土流保,None,渡島,3123,ろ,1.44,None,八雲町,None,None,山地災害防止（土砂）,0,140.415114,42.08506
None,トドマツ,土流保,None,渡島,3123,ろ,1.44,None,八雲町,None,None,山地災害防止（土砂）,0,140.414841,42.084464
None,None,土流保,None,渡島,3123,イ,0.16,None,八雲町,None,None,山地災害防止（土砂）,0,140.413905,42.085181
None,トドマツ,土流保,None,渡島,3123,と,2.78,None,八雲町,None,ダケカンバ,山地災害防止（土砂）,0,140.416557,42.08311
None,他Ｌ,土流保,None,渡島,3127,り,30.04,None,八雲町,イタヤカエデ,ブナ,山地災害防止（土砂）,0,140.414359,42.086711
None,トドマツ,土流保,None,渡島,3127,い,1.96,None,八雲町,None,ダケカンバ,山地災害防止（土砂）,0,140.413704,42.085896
None,トドマツ,土流保,None,渡島,3127,ぬ,0.05,None,八雲町,None,None,山地災害防止（土砂）,0,140.413218,42.086734
None,他Ｌ,土流保,None,渡島,3127,り,30.04,None,八雲町,イタヤカエデ,ブナ,山地災害防止（土砂）,0,140.412838,42.08586
None,他Ｌ,土流保,None,渡島,3127,り,30.04,None,八雲町,イタヤカエデ,ブナ,山地災害防止（土砂）,0,140.41278,42.084852
None,None,土流保,None,渡島,3127,ニ,0.29,None,八雲町,None,None,山地災害防止（土砂）,0,140.412908,42.086509
None,トドマツ,土流保,None,渡島,3127,い,1.96,None,八雲町,None,ダケカンバ,山地災害防止（土砂）,0,140.412408,42.085577
None,トドマツ,土流保,None,渡島,3127,は,1.17,None,八雲町,None,ダケカンバ,山地災害防止（土砂）,0,140.411042,42.086974
None,他Ｌ,土流保,None,渡島,3127,り,30.04,None,八雲町,イタヤカエデ,ブナ,山地災害防止（土砂）,0,140.411485,42.086373
None,トドマツ,土流保,None,渡島,3125,れ,0.04,None,八雲町,None,ダケカンバ,山地災害防止（土砂）,0,140.412123,42.085177
None,他Ｌ,土流保,None,渡島,3125,よ,35.86,None,八雲町,ブナ,イタヤカエデ,山地災害防止（土砂）,0,140.411435,42.085727
None,トドマツ,土流保,None,渡島,3125,そ,2.55,None,八雲町,None,ダケカンバ,山地災害防止（土砂）,0,140.41041,42.085723
None,トドマツ,土流保,None,渡島,3123,い,2.53,None,八雲町,None,ダケカンバ,山地災害防止（土砂）,0,140.412819,42.084128
None,トドマツ,土流保,None,渡島,3125,た,0.17,None,八雲町,None,ダケカンバ,山地災害防止（土砂）,0,140.410427,42.083851
None,トドマツ,土流保,None,渡島,3128,に,0.94,None,八雲町,None,ダケカンバ,山地災害防止（土砂）,0,140.409945,42.091654
None,None,土流保,None,渡島,3127,ロ,0.76,None,八雲町,None,None,山地災害防止（土砂）,0,140.412117,42.088551
None,トドマツ,土流保,None,渡島,3127,ち,3.7,None,八雲町,None,ダケカンバ,山地災害防止（土砂）,0,140.409101,42.09078
None,トドマツ,土流保,None,渡島,3128,ろ,1.8,None,八雲町,None,ダケカンバ,山地災害防止（土砂）,0,140.406784,42.091889
None,トドマツ,土流保,None,渡島,3127,ち,3.7,None,八雲町,None,ダケカンバ,山地災害防止（土砂）,0,140.40871,42.089844
None,トドマツ,土流保,None,渡島,3127,ち,3.7,None,八雲町,None,ダケカンバ,山地災害防止（土砂）,0,140.407414,42.090411
None,None,土流保,None,渡島,3127,イ,0.28,None,八雲町,None,None,山地災害防止（土砂）,0,140.409763,42.089414
None,トドマツ,土流保,None,渡島,3125,わ,2.23,None,八雲町,None,ダケカンバ,山地災害防止（土砂）,0,140.406747,42.087935
None,トドマツ,土流保,None,渡島,3128,い,2.1,None,八雲町,None,ダケカンバ,山地災害防止（土砂）,0,140.40508,42.091262
None,トドマツ,土流保,None,渡島,3130,に,4.45,None,八雲町,None,None,山地災害防止（土砂）,0,140.40301,42.092013
None,他Ｌ,土流保,None,渡島,3125,よ,35.86,None,八雲町,ブナ,イタヤカエデ,山地災害防止（土砂）,0,140.40551,42.087032
None,トドマツ,土流保,None,渡島,3125,ほ,12.77,None,八雲町,None,他Ｌ,山地災害防止（土砂）,0,140.403706,42.087197
None,トドマツ,土流保,None,渡島,3125,か,0.33,None,八雲町,None,None,山地災害防止（土砂）,0,140.409624,42.086409
None,トドマツ,土流保,None,渡島,3125,る,2.38,None,八雲町,None,ダケカンバ,山地災害防止（土砂）,0,140.408682,42.085017
None,トドマツ,土流保,None,渡島,3125,ぬ,2.48,None,八雲町,None,ダケカンバ,山地災害防止（土砂）,0,140.408369,42.086463
None,他Ｌ,土流保,None,渡島,3125,よ,35.86,None,八雲町,ブナ,イタヤカエデ,山地災害防止（土砂）,0,140.408215,42.084594
None,トドマツ,土流保,None,渡島,3125,ち,1.47,None,八雲町,None,ダケカンバ,山地災害防止（土砂）,0,140.407229,42.085028
None,トドマツ,土流保,None,渡島,3125,ち,1.47,None,八雲町,None,ダケカンバ,山地災害防止（土砂）,0,140.406866,42.08449
None,トドマツ,土流保,None,渡島,3125,る,2.38,None,八雲町,None,ダケカンバ,山地災害防止（土砂）,0,140.409024,42.083991
None,他Ｌ,土流保,None,渡島,3125,よ,35.86,None,八雲町,ブナ,イタヤカエデ,山地災害防止（土砂）,0,140.407728,42.084045
None,トドマツ,土流保,None,渡島,3125,り,0.22,None,八雲町,None,ダケカンバ,山地災害防止（土砂）,0,140.40749,42.0837
None,トドマツ,土流保,None,渡島,3124,ち,2.93,None,八雲町,None,ダケカンバ,山地災害防止（土砂）,0,140.407686,42.081832
None,None,None,None,渡島,3125,イ,1.07,None,八雲町,None,None,山地災害防止（土砂）,0,140.409221,42.085372
None,トドマツ,土流保,None,渡島,3125,と,1.25,None,八雲町,None,ダケカンバ,山地災害防止（土砂）,0,140.405687,42.083881
None,トドマツ,土流保,None,渡島,3124,へ,3.13,None,八雲町,None,ダケカンバ,山地災害防止（土砂）,0,140.403828,42.082147
None,ダケカンバ,土流保,None,渡島,3121,に,6.63,None,八雲町,イタヤカエデ,他Ｌ,山地災害防止（土砂）,0,140.419131,42.07729
None,他Ｌ,土流保,None,渡島,3122,い,48.78,None,八雲町,イタヤカエデ,ブナ,山地災害防止（土砂）,0,140.417583,42.079892
None,ブナ,土流保,None,渡島,3120,ほ,26.28,None,八雲町,イタヤカエデ,他Ｌ,山地災害防止（土砂）,0,140.416104,42.072332
None,ブナ,土流保,None,渡島,3120,に,9.01,None,八雲町,イタヤカエデ,他Ｌ,山地災害防止（土砂）,0,140.412088,42.074177
None,ブナ,土流保,None,渡島,3121,は,44.17,None,八雲町,イタヤカエデ,他Ｌ,山地災害防止（土砂）,0,140.411047,42.076852
None,トドマツ,土流保,None,渡島,3124,と,2.28,None,八雲町,None,ダケカンバ,山地災害防止（土砂）,0,140.405305,42.081175
None,ブナ,土流保,None,渡島,3120,は,3.31,None,八雲町,イタヤカエデ,他Ｌ,山地災害防止（土砂）,0,140.408536,42.074654
None,トドマツ,土流保,None,渡島,3120,ろ,2.42,None,八雲町,None,None,山地災害防止（土砂）,0,140.407812,42.074071
None,トドマツ,土流保,None,渡島,3120,い,4.01,None,八雲町,None,None,山地災害防止（土砂）,0,140.408455,42.072291
None,ブナ,土流保,None,渡島,3120,は,3.31,None,八雲町,イタヤカエデ,他Ｌ,山地災害防止（土砂）,0,140.406371,42.074025
None,トドマツ,土流保,None,渡島,3121,ろ,4.82,None,八雲町,None,None,山地災害防止（土砂）,0,140.404478,42.075972
None,ブナ,土流保,None,渡島,3120,に,9.01,None,八雲町,イタヤカエデ,他Ｌ,山地災害防止（土砂）,0,140.405674,42.072836
None,ブナ,土流保,None,渡島,3102,と,41.72,None,八雲町,イタヤカエデ,他Ｌ,山地災害防止（土砂）,0,140.40359,42.072764
None,None,None,None,渡島,3102,イ,1.44,None,八雲町,None,None,山地災害防止（土砂）,0,140.402808,42.070197
None,ダケカンバ,土流保,None,渡島,3118,ろ,26.32,None,八雲町,イタヤカエデ,他Ｌ,自然維持,0,140.426818,42.06505
None,ダケカンバ,土流保,None,渡島,3115,ろ,35.0,None,八雲町,イタヤカエデ,他Ｌ,自然維持,0,140.429026,42.060844
None,ダケカンバ,土流保,None,渡島,3119,ほ,0.5,None,八雲町,イタヤカエデ,他Ｌ,自然維持,0,140.419856,42.070764
None,他Ｌ,土流保,None,渡島,3118,い,37.76,None,八雲町,イタヤカエデ,ブナ,山地災害防止（土砂）,0,140.421195,42.067442
None,ブナ,土流保,None,渡島,3117,り,9.96,None,八雲町,イタヤカエデ,他Ｌ,山地災害防止（土砂）,0,140.42001,42.062997
None,ブナ,土流保,None,渡島,3115,い,23.12,None,八雲町,イタヤカエデ,他Ｌ,山地災害防止（土砂）,0,140.422371,42.061226
None,ダケカンバ,土流保,None,渡島,3113,は,62.69,None,八雲町,イタヤカエデ,他Ｌ,自然維持,0,140.431596,42.055835
None,ダケカンバ,土流保,None,渡島,3112,は,47.0,None,八雲町,イタヤカエデ,他Ｌ,自然維持,0,140.433879,42.050373
None,ダケカンバ,土流保,None,渡島,3114,る,8.81,None,八雲町,イタヤカエデ,他Ｌ,自然維持,0,140.423525,42.057897
None,ブナ,土流保,None,渡島,3114,ち,14.01,None,八雲町,イタヤカエデ,他Ｌ,山地災害防止（土砂）,0,140.412499,42.056842
None,トドマツ,土流保,None,渡島,3114,ほ,4.26,None,八雲町,None,他Ｌ,山地災害防止（土砂）,0,140.418927,42.059012
None,トドマツ,土流保,None,渡島,3114,に,6.67,None,八雲町,None,他Ｌ,山地災害防止（土砂）,0,140.416733,42.057844
None,他Ｌ,土流保,None,渡島,3113,ろ,18.58,None,八雲町,イタヤカエデ,ブナ,山地災害防止（土砂）,0,140.422293,42.053281
None,他Ｌ,土流保,None,渡島,3113,い,37.69,None,八雲町,イタヤカエデ,ブナ,山地災害防止（土砂）,0,140.417478,42.050374
None,他Ｌ,土流保,None,渡島,3113,ろ,18.58,None,八雲町,イタヤカエデ,ブナ,山地災害防止（土砂）,0,140.420032,42.050624
None,他Ｌ,土流保,None,渡島,3119,に,9.75,None,八雲町,イタヤカエデ,ブナ,山地災害防止（土砂）,0,140.417451,42.069749
None,ブナ,土流保,None,渡島,3119,は,40.25,None,八雲町,イタヤカエデ,他Ｌ,山地災害防止（土砂）,0,140.412521,42.067672
None,トドマツ,土流保,None,渡島,3119,ろ,1.04,None,八雲町,None,None,山地災害防止（土砂）,0,140.410534,42.067245
None,トドマツ,土流保,None,渡島,3117,ほ,4.35,None,八雲町,None,他Ｌ,山地災害防止（土砂）,0,140.417305,42.062689
None,トドマツ,土流保,None,渡島,3117,に,0.94,None,八雲町,None,他Ｌ,山地災害防止（土砂）,0,140.415992,42.064847
None,トドマツ,土流保,None,渡島,3117,へ,0.4,None,八雲町,None,他Ｌ,山地災害防止（土砂）,0,140.415245,42.062871
None,トドマツ,土流保,None,渡島,3117,は,0.57,None,八雲町,None,他Ｌ,山地災害防止（土砂）,0,140.413974,42.064994
None,ブナ,土流保,None,渡島,3117,ち,33.46,None,八雲町,イタヤカエデ,他Ｌ,山地災害防止（土砂）,0,140.411107,42.063792
None,トドマツ,土流保,None,渡島,3119,い,4.66,None,八雲町,None,他Ｌ,山地災害防止（土砂）,0,140.410032,42.069695
None,トドマツ,土流保,None,渡島,3117,い,3.08,None,八雲町,None,他Ｌ,山地災害防止（土砂）,0,140.406838,42.067661
None,トドマツ,土流保,None,渡島,3117,ろ,3.72,None,八雲町,None,他Ｌ,山地災害防止（土砂）,0,140.407017,42.064861
None,ブナ,土流保,None,渡島,3117,ち,33.46,None,八雲町,イタヤカエデ,他Ｌ,山地災害防止（土砂）,0,140.405113,42.069442
None,None,None,None,渡島,3117,イ,0.12,None,八雲町,None,None,山地災害防止（土砂）,0,140.405065,42.069978
None,他Ｌ,土流保,None,渡島,3116,と,57.46,None,八雲町,イタヤカエデ,ブナ,山地災害防止（土砂）,0,140.403478,42.070419
None,None,None,None,渡島,3116,イ,0.07,None,八雲町,None,None,山地災害防止（土砂）,0,140.403476,42.070176
None,ブナ,土流保,None,渡島,3102,と,41.72,None,八雲町,イタヤカエデ,他Ｌ,山地災害防止（土砂）,0,140.403382,42.069011
None,None,None,None,渡島,3103,イ,1.48,None,八雲町,None,None,山地災害防止（土砂）,0,140.402599,42.068195
None,ブナ,土流保,None,渡島,3117,と,8.44,None,八雲町,イタヤカエデ,他Ｌ,山地災害防止（土砂）,0,140.405923,42.065876
None,トドマツ,土流保,None,渡島,3116,い,1.62,None,八雲町,None,他Ｌ,山地災害防止（土砂）,0,140.403185,42.06722
None,トドマツ,土流保,None,渡島,3116,ろ,1.8,None,八雲町,None,他Ｌ,山地災害防止（土砂）,0,140.402851,42.065962
None,他Ｌ,土流保,None,渡島,3116,と,57.46,None,八雲町,イタヤカエデ,ブナ,山地災害防止（土砂）,0,140.4065,42.060491
None,他Ｌ,土流保,None,渡島,3114,り,34.01,None,八雲町,イタヤカエデ,ブナ,山地災害防止（土砂）,0,140.416089,42.055832
None,トドマツ,土流保,None,渡島,3114,へ,0.58,None,八雲町,None,他Ｌ,山地災害防止（土砂）,0,140.413321,42.058853
None,他Ｌ,土流保,None,渡島,3116,ち,6.94,None,八雲町,イタヤカエデ,ブナ,山地災害防止（土砂）,0,140.411176,42.059831
None,トドマツ,土流保,None,渡島,3114,は,1.0,None,八雲町,None,他Ｌ,山地災害防止（土砂）,0,140.413471,42.057169
None,他Ｌ,土流保,None,渡島,3113,ろ,18.58,None,八雲町,イタヤカエデ,ブナ,山地災害防止（土砂）,0,140.416102,42.052239
None,他Ｌ,土流保,None,渡島,3114,ぬ,23.56,None,八雲町,イタヤカエデ,ブナ,山地災害防止（土砂）,0,140.411414,42.053211
None,他Ｌ,土流保,None,渡島,3113,ろ,18.58,None,八雲町,イタヤカエデ,ブナ,山地災害防止（土砂）,0,140.411151,42.050783
None,トドマツ,土流保,None,渡島,3114,と,1.31,None,八雲町,None,他Ｌ,山地災害防止（土砂）,0,140.409374,42.05659
None,トドマツ,土流保,None,渡島,3116,へ,0.53,None,八雲町,None,アカエゾマツ,山地災害防止（土砂）,0,140.403635,42.057905
None,他Ｌ,土流保,None,渡島,3104,に,15.28,None,八雲町,イタヤカエデ,ブナ,山地災害防止（土砂）,0,140.403316,42.056584
None,トドマツ,土流保,None,渡島,3116,り,0.16,None,八雲町,None,ダケカンバ,山地災害防止（土砂）,0,140.404487,42.057531
None,トドマツ,土流保,None,渡島,3104,は,0.23,None,八雲町,None,他Ｌ,山地災害防止（土砂）,0,140.403647,42.056828
None,None,None,None,渡島,3104,イ,0.5,None,八雲町,None,None,山地災害防止（土砂）,0,140.402152,42.058339
None,ブナ,土流保,None,渡島,3106,い,23.86,None,八雲町,イタヤカエデ,他Ｌ,山地災害防止（土砂）,0,140.403888,42.055017
None,他Ｌ,土流保,None,渡島,3105,い,46.33,None,八雲町,ダケカンバ,ブナ,山地災害防止（土砂）,0,140.403011,42.055471
None,None,None,None,渡島,3105,イ,0.03,None,八雲町,None,None,山地災害防止（土砂）,0,140.402958,42.055438
None,トドマツ,土流保,None,渡島,3114,ろ,0.24,None,八雲町,None,他Ｌ,山地災害防止（土砂）,0,140.407658,42.052669
None,他Ｌ,土流保,None,渡島,3113,い,37.69,None,八雲町,イタヤカエデ,ブナ,山地災害防止（土砂）,0,140.407737,42.05222
None,トドマツ,土流保,None,渡島,3113,に,0.68,None,八雲町,None,None,山地災害防止（土砂）,1,140.409854,42.05038
None,ダケカンバ,土流保,None,渡島,3113,に,1.34,None,八雲町,None,イタヤカエデ,山地災害防止（土砂）,2,140.410107,42.049928
None,ブナ,土流保,None,渡島,3106,い,23.86,None,八雲町,イタヤカエデ,他Ｌ,山地災害防止（土砂）,0,140.408892,42.051836
None,トドマツ,土流保,None,渡島,3106,に,0.28,None,八雲町,None,ダケカンバ,山地災害防止（土砂）,0,140.408273,42.05134
None,他Ｌ,土流保,None,渡島,3106,ろ,30.04,None,八雲町,ダケカンバ,ブナ,山地災害防止（土砂）,0,140.407325,42.05194
None,ブナ,土流保,None,渡島,3106,い,23.86,None,八雲町,イタヤカエデ,他Ｌ,山地災害防止（土砂）,0,140.407231,42.050999
None,トドマツ,土流保,None,渡島,3114,い,2.63,None,八雲町,None,他Ｌ,山地災害防止（土砂）,0,140.406251,42.054395
None,ブナ,土流保,None,渡島,3106,い,23.86,None,八雲町,イタヤカエデ,他Ｌ,山地災害防止（土砂）,0,140.405133,42.054173
None,None,None,None,渡島,3106,イ,0.92,None,八雲町,None,None,山地災害防止（土砂）,0,140.404201,42.054725
None,他Ｌ,土流保,None,渡島,3106,は,0.82,None,八雲町,None,トドマツ,山地災害防止（土砂）,0,140.406597,42.052625
None,ブナ,土流保,None,渡島,3106,い,23.86,None,八雲町,イタヤカエデ,他Ｌ,山地災害防止（土砂）,0,140.405293,42.05295
None,トドマツ,土流保,None,渡島,3126,ほ,0.64,None,八雲町,None,イタヤカエデ,山地災害防止（土砂）,0,140.402073,42.090363
None,トドマツ,土流保,None,渡島,3130,は,3.23,None,八雲町,None,イタヤカエデ,山地災害防止（土砂）,0,140.399499,42.092402
None,カラマツ,土流保,None,渡島,3126,ろ,11.56,None,八雲町,None,他Ｌ,山地災害防止（土砂）,0,140.399218,42.089681
None,イタヤカエデ,土流保,None,渡島,3126,へ,16.59,None,八雲町,ブナ,他Ｌ,山地災害防止（土砂）,0,140.402166,42.089455
None,トドマツ,土流保,None,渡島,3126,は,1.29,None,八雲町,None,イタヤカエデ,山地災害防止（土砂）,0,140.400982,42.088661
None,None,土流保,None,渡島,3125,ホ,0.75,None,八雲町,None,None,山地災害防止（土砂）,0,140.406325,42.085141
None,他Ｌ,土流保,None,渡島,3130,ほ,18.62,None,八雲町,イタヤカエデ,ブナ,山地災害防止（土砂）,0,140.398483,42.092212
None,他Ｌ,土流保,None,渡島,3130,ほ,18.62,None,八雲町,イタヤカエデ,ブナ,山地災害防止（土砂）,0,140.397535,42.092383
None,トドマツ,土流保,None,渡島,3130,ろ,2.57,None,八雲町,None,イタヤカエデ,山地災害防止（土砂）,0,140.397721,42.091746
None,イタヤカエデ,土流保,None,渡島,3126,へ,16.59,None,八雲町,ブナ,他Ｌ,山地災害防止（土砂）,0,140.396852,42.090203
None,トドマツ,土流保,None,渡島,3125,ほ,12.77,None,八雲町,None,他Ｌ,山地災害防止（土砂）,0,140.402164,42.086017
None,トドマツ,土流保,None,渡島,3125,へ,0.3,None,八雲町,None,他Ｌ,山地災害防止（土砂）,0,140.400939,42.086902
None,カラマツ,土流保,None,渡島,3126,い,25.52,None,八雲町,None,他Ｌ,山地災害防止（土砂）,0,140.400185,42.087277
None,None,土流保,None,渡島,3125,ホ,0.75,None,八雲町,None,None,山地災害防止（土砂）,0,140.400366,42.086489
None,カラマツ,土流保,None,渡島,3126,い,25.52,None,八雲町,None,他Ｌ,山地災害防止（土砂）,0,140.399766,42.085864
None,None,土流保,None,渡島,3125,ニ,1.72,None,八雲町,None,None,山地災害防止（土砂）,0,140.399404,42.084567
None,カラマツ,土流保,None,渡島,3125,に,6.16,None,八雲町,None,他Ｌ,山地災害防止（土砂）,0,140.401055,42.083939
None,トドマツ,土流保,None,渡島,3124,る,0.2,None,八雲町,None,ダケカンバ,山地災害防止（土砂）,0,140.40256,42.082039
None,None,土流保,None,渡島,3126,イ,3.81,None,八雲町,None,None,山地災害防止（土砂）,0,140.398539,42.087066
None,トドマツ,土流保,None,渡島,3126,に,1.21,None,八雲町,None,他Ｌ,山地災害防止（土砂）,0,140.398635,42.08584
None,カラマツ,土流保,None,渡島,3126,い,25.52,None,八雲町,None,他Ｌ,山地災害防止（土砂）,0,140.398083,42.085759
None,カラマツ,土流保,None,渡島,3126,い,25.52,None,八雲町,None,他Ｌ,山地災害防止（土砂）,0,140.397863,42.08569
None,イタヤカエデ,土流保,None,渡島,3126,へ,16.59,None,八雲町,ブナ,他Ｌ,山地災害防止（土砂）,0,140.389336,42.088339
None,カラマツ,土流保,None,渡島,3125,は,16.65,None,八雲町,None,他Ｌ,山地災害防止（土砂）,0,140.396007,42.083226
None,カラマツ,土流保,None,渡島,3130,い,10.4,None,八雲町,None,他Ｌ,山地災害防止（土砂）,0,140.395174,42.091988
None,カラマツ,土流保,None,渡島,3126,い,25.52,None,八雲町,None,他Ｌ,山地災害防止（土砂）,0,140.393814,42.087039
None,トドマツ,土流保,None,渡島,3100,い,1.17,None,八雲町,None,None,山地災害防止（土砂）,0,140.388643,42.090808
None,トドマツ,土流保,None,渡島,3100,い,1.17,None,八雲町,None,None,山地災害防止（土砂）,0,140.387991,42.090506
None,トドマツ,土流保,None,渡島,3100,い,1.17,None,八雲町,None,None,山地災害防止（土砂）,0,140.389512,42.089503
None,トドマツ,土流保,None,渡島,3100,ろ,3.74,None,八雲町,None,None,山地災害防止（土砂）,0,140.389209,42.087285
None,トドマツ,土流保,None,渡島,3100,い,1.17,None,八雲町,None,None,山地災害防止（土砂）,0,140.389156,42.089756
None,ブナ,土流保,None,渡島,3100,ち,27.48,None,八雲町,イタヤカエデ,他Ｌ,山地災害防止（土砂）,0,140.388266,42.089103
None,トドマツ,土流保,None,渡島,3100,ろ,3.74,None,八雲町,None,None,山地災害防止（土砂）,0,140.388403,42.088345
None,トドマツ,土流保,None,渡島,3100,ろ,3.74,None,八雲町,None,None,山地災害防止（土砂）,0,140.388077,42.087367
None,オニグルミ,土流保,None,渡島,3100,は,0.96,None,八雲町,None,他Ｌ,山地災害防止（土砂）,0,140.390949,42.085824
None,ブナ,土流保,None,渡島,3100,ち,27.48,None,八雲町,イタヤカエデ,他Ｌ,山地災害防止（土砂）,0,140.391068,42.084938
None,None,土流保,None,渡島,3125,ロ,1.56,None,八雲町,None,None,山地災害防止（土砂）,0,140.391732,42.083839
None,ブナ,土流保,None,渡島,3100,り,40.4,None,八雲町,イタヤカエデ,他Ｌ,山地災害防止（土砂）,0,140.390994,42.084565
None,ヤチダモ,土流保,None,渡島,3100,と,0.08,None,八雲町,None,他Ｌ,山地災害防止（土砂）,0,140.391526,42.082444
None,None,None,None,渡島,3100,ロ,1.52,None,八雲町,None,None,山地災害防止（土砂）,0,140.387754,42.090877
None,None,None,None,渡島,3100,イ,0.08,None,八雲町,None,None,山地災害防止（土砂）,0,140.390395,42.087003
None,オニグルミ,土流保,None,渡島,3100,は,0.96,None,八雲町,None,他Ｌ,山地災害防止（土砂）,0,140.390184,42.086238
None,トドマツ,土流保,None,渡島,3100,ぬ,0.42,None,八雲町,None,イタヤカエデ,山地災害防止（土砂）,0,140.389528,42.086818
None,トドマツ,土流保,None,渡島,3100,に,0.44,None,八雲町,None,イタヤカエデ,山地災害防止（土砂）,0,140.390094,42.085788
None,トドマツ,土流保,None,渡島,3100,ほ,0.43,None,八雲町,None,他Ｌ,山地災害防止（土砂）,0,140.390538,42.084365
None,None,土流保,None,渡島,3100,ハ,0.16,None,八雲町,None,None,山地災害防止（土砂）,0,140.390483,42.082119
None,ブナ,土流保,None,渡島,3100,ち,27.48,None,八雲町,イタヤカエデ,他Ｌ,山地災害防止（土砂）,0,140.388703,42.084737
None,他Ｌ,土流保,None,渡島,3124,た,33.78,None,八雲町,イタヤカエデ,ブナ,山地災害防止（土砂）,0,140.397123,42.077584
None,トドマツ,土流保,None,渡島,3124,り,1.85,None,八雲町,None,ダケカンバ,山地災害防止（土砂）,0,140.401667,42.081266
None,トドマツ,土流保,None,渡島,3124,ぬ,0.75,None,八雲町,None,ダケカンバ,山地災害防止（土砂）,0,140.40112,42.08164
None,トドマツ,土流保,None,渡島,3124,ほ,1.53,None,八雲町,None,ダケカンバ,山地災害防止（土砂）,0,140.402634,42.079868
None,トドマツ,土流保,None,渡島,3124,り,1.85,None,八雲町,None,ダケカンバ,山地災害防止（土砂）,0,140.401328,42.079953
None,None,土流保,None,渡島,3124,ロ,0.56,None,八雲町,None,None,山地災害防止（土砂）,0,140.400678,42.081044
None,他Ｌ,土流保,None,渡島,3125,よ,35.86,None,八雲町,ブナ,イタヤカエデ,山地災害防止（土砂）,0,140.398567,42.081205
None,トドマツ,土流保,None,渡島,3124,に,0.28,None,八雲町,None,ダケカンバ,山地災害防止（土砂）,0,140.400236,42.080375
None,他Ｌ,土流保,None,渡島,3124,た,33.78,None,八雲町,イタヤカエデ,ブナ,山地災害防止（土砂）,0,140.406171,42.080212
None,トドマツ,土流保,None,渡島,3124,は,2.33,None,八雲町,None,ダケカンバ,山地災害防止（土砂）,0,140.400819,42.077601
None,トドマツ,土流保,None,渡島,3124,わ,1.79,None,八雲町,None,None,水源涵養,0,140.399484,42.078488
None,トドマツ,土流保,None,渡島,3124,か,0.25,None,八雲町,None,ダケカンバ,山地災害防止（土砂）,0,140.399575,42.076551
None,トドマツ,土流保,None,渡島,3124,よ,1.62,None,八雲町,None,イタヤカエデ,山地災害防止（土砂）,0,140.397385,42.07945
None,None,土流保,None,渡島,3125,ハ,0.33,None,八雲町,None,None,山地災害防止（土砂）,0,140.395489,42.080837
None,トドマツ,土流保,None,渡島,3124,ろ,1.88,None,八雲町,None,ダケカンバ,山地災害防止（土砂）,0,140.398384,42.07829
None,None,None,None,渡島,3124,イ,1.69,None,八雲町,None,None,山地災害防止（土砂）,0,140.399074,42.078096
None,他Ｌ,土流保,None,渡島,3124,た,33.78,None,八雲町,イタヤカエデ,ブナ,山地災害防止（土砂）,0,140.398877,42.076652
None,トドマツ,土流保,None,渡島,3101,い,0.3,None,八雲町,None,他Ｌ,山地災害防止（土砂）,0,140.394924,42.078215
None,トドマツ,土流保,None,渡島,3101,ろ,0.39,None,八雲町,None,他Ｌ,山地災害防止（土砂）,0,140.396255,42.076662
None,トドマツ,土流保,None,渡島,3121,い,1.15,None,八雲町,None,None,山地災害防止（土砂）,0,140.402549,42.073745
None,None,None,None,渡島,3121,イ,0.23,None,八雲町,None,None,山地災害防止（土砂）,0,140.401483,42.075023
None,None,None,None,渡島,3102,ロ,0.06,None,八雲町,None,None,山地災害防止（土砂）,0,140.401127,42.073792
None,トドマツ,土流保,None,渡島,3124,い,0.83,None,八雲町,None,None,山地災害防止（土砂）,0,140.398154,42.076015
None,ブナ,土流保,None,渡島,3121,は,44.17,None,八雲町,イタヤカエデ,他Ｌ,山地災害防止（土砂）,0,140.40087,42.07496
None,トドマツ,土流保,None,渡島,3102,へ,4.22,None,八雲町,None,他Ｌ,山地災害防止（土砂）,0,140.402131,42.071818
None,ブナ,土流保,None,渡島,3102,と,41.72,None,八雲町,イタヤカエデ,他Ｌ,山地災害防止（土砂）,0,140.391971,42.069499
None,ブナ,土流保,None,渡島,3102,と,41.72,None,八雲町,イタヤカエデ,他Ｌ,山地災害防止（土砂）,0,140.397747,42.075123
None,None,None,None,渡島,3101,イ,0.89,None,八雲町,None,None,山地災害防止（土砂）,0,140.395198,42.077807
None,トドマツ,土流保,None,渡島,3102,い,1.85,None,八雲町,None,他Ｌ,山地災害防止（土砂）,0,140.396808,42.074272
None,トドマツ,土流保,None,渡島,3101,は,0.52,None,八雲町,None,他Ｌ,山地災害防止（土砂）,0,140.396042,42.07601
None,トドマツ,土流保,None,渡島,3102,ろ,1.88,None,八雲町,None,他Ｌ,山地災害防止（土砂）,0,140.397575,42.072495
None,トドマツ,土流保,None,渡島,3102,は,1.25,None,八雲町,None,他Ｌ,山地災害防止（土砂）,0,140.396146,42.071658
None,トドマツ,土流保,None,渡島,3102,ほ,1.4,None,八雲町,None,他Ｌ,山地災害防止（土砂）,0,140.398431,42.071405
None,カラマツ,土流保,None,渡島,3125,ろ,6.42,None,八雲町,None,他Ｌ,山地災害防止（土砂）,0,140.394134,42.080775
None,トドマツ,土流保,None,渡島,3125,い,0.41,None,八雲町,None,他Ｌ,山地災害防止（土砂）,0,140.394212,42.079254
None,ブナ,土流保,None,渡島,3101,ち,45.62,None,八雲町,イタヤカエデ,他Ｌ,山地災害防止（土砂）,0,140.392936,42.079555
None,トドマツ,土流保,None,渡島,3125,へ,0.3,None,八雲町,None,他Ｌ,山地災害防止（土砂）,0,140.393846,42.078832
None,ブナ,土流保,None,渡島,3101,ち,45.62,None,八雲町,イタヤカエデ,他Ｌ,山地災害防止（土砂）,0,140.390972,42.077229
None,ブナ,土流保,None,渡島,3100,ち,27.48,None,八雲町,イタヤカエデ,他Ｌ,山地災害防止（土砂）,0,140.386089,42.079903
None,None,土流保,None,渡島,3101,ロ,0.13,None,八雲町,None,None,山地災害防止（土砂）,0,140.392137,42.074038
None,None,土流保,None,渡島,3102,ハ,0.25,None,八雲町,None,None,山地災害防止（土砂）,0,140.394671,42.071011
None,トドマツ,土流保,None,渡島,3101,へ,1.55,None,八雲町,None,None,山地災害防止（土砂）,0,140.393387,42.071896
None,トドマツ,土流保,None,渡島,3101,に,4.95,None,八雲町,None,他Ｌ,山地災害防止（土砂）,0,140.392159,42.072786
None,他Ｌ,土流保,None,渡島,3101,と,3.5,None,八雲町,イタヤカエデ,ブナ,山地災害防止（土砂）,0,140.391424,42.074174
None,トドマツ,土流保,None,渡島,3101,ほ,2.55,None,八雲町,None,他Ｌ,山地災害防止（土砂）,0,140.390178,42.072754
None,他Ｌ,土流保,None,渡島,3099,ほ,0.06,None,八雲町,None,トドマツ,山地災害防止（土砂）,0,140.386797,42.091948
None,ブナ,土流保,None,渡島,3099,つ,26.11,None,八雲町,イタヤカエデ,他Ｌ,山地災害防止（土砂）,0,140.386643,42.092393
None,他Ｌ,土流保,None,渡島,3099,ほ,0.06,None,八雲町,None,トドマツ,山地災害防止（土砂）,0,140.386328,42.091817
None,トドマツ,土流保,None,渡島,3097,ち,1.49,None,八雲町,None,他Ｌ,山地災害防止（土砂）,0,140.383734,42.092478
None,トドマツ,土流保,None,渡島,3095,い,3.3,None,八雲町,None,None,山地災害防止（土砂）,0,140.383851,42.088762
None,ブナ,土流保,None,渡島,3095,へ,0.38,None,八雲町,イタヤカエデ,他Ｌ,山地災害防止（土砂）,0,140.384494,42.088454
None,トドマツ,土流保,None,渡島,3095,に,6.48,None,八雲町,None,None,山地災害防止（土砂）,0,140.381937,42.09014
None,トドマツ,土流保,None,渡島,3095,は,0.28,None,八雲町,None,None,山地災害防止（土砂）,0,140.382011,42.088089
None,ブナ,土流保,None,渡島,3095,と,45.7,None,八雲町,イタヤカエデ,他Ｌ,山地災害防止（土砂）,0,140.379319,42.087557
None,ブナ,土流保,None,渡島,3100,り,40.4,None,八雲町,イタヤカエデ,他Ｌ,山地災害防止（土砂）,0,140.385214,42.085308
None,トドマツ,土流保,None,渡島,3095,ろ,1.25,None,八雲町,None,None,山地災害防止（土砂）,0,140.382113,42.086812
None,他Ｌ,土流保,None,渡島,3093,ち,3.07,None,八雲町,None,トドマツ,山地災害防止（土砂）,0,140.379664,42.084476
None,None,土流保,None,渡島,3095,イ,7.06,None,八雲町,None,None,山地災害防止（土砂）,0,140.379048,42.091647
None,他Ｌ,土流保,None,渡島,3096,と,3.31,None,八雲町,イタヤカエデ,ブナ,山地災害防止（土砂）,0,140.376658,42.092433
None,トドマツ,土流保,None,渡島,3094,ほ,1.03,None,八雲町,None,イタヤカエデ,山地災害防止（土砂）,0,140.375014,42.091672
None,トドマツ,土流保,None,渡島,3094,と,0.73,None,八雲町,None,イタヤカエデ,山地災害防止（土砂）,0,140.374122,42.091603
None,トドマツ,土流保,None,渡島,3094,と,0.73,None,八雲町,None,イタヤカエデ,山地災害防止（土砂）,0,140.375317,42.091049
None,トドマツ,土流保,None,渡島,3093,ろ,3.41,None,八雲町,None,イタヤカエデ,山地災害防止（土砂）,0,140.372459,42.090034
None,ブナ,土流保,None,渡島,3093,ほ,5.32,None,八雲町,他Ｌ,イタヤカエデ,山地災害防止（土砂）,0,140.373706,42.088984
None,他Ｌ,土流保,None,渡島,3093,は,4.46,None,八雲町,None,トドマツ,山地災害防止（土砂）,0,140.374585,42.087699
None,ブナ,土流保,None,渡島,3093,へ,16.06,None,八雲町,他Ｌ,イタヤカエデ,山地災害防止（土砂）,0,140.371289,42.088281
None,トドマツ,土流保,None,渡島,3093,り,5.06,None,八雲町,None,イタヤカエデ,山地災害防止（土砂）,0,140.378348,42.082438
None,トドマツ,土流保,None,渡島,3093,に,1.58,None,八雲町,None,イタヤカエデ,山地災害防止（土砂）,0,140.37548,42.085311
None,ブナ,土流保,None,渡島,3093,と,27.62,None,八雲町,他Ｌ,イタヤカエデ,山地災害防止（土砂）,0,140.374192,42.083479
None,ブナ,土流保,None,渡島,3093,ほ,5.32,None,八雲町,他Ｌ,イタヤカエデ,山地災害防止（土砂）,0,140.379648,42.081164
None,ブナ,土流保,None,渡島,3095,ち,2.06,None,八雲町,他Ｌ,ダケカンバ,山地災害防止（土砂）,0,140.381057,42.080322
None,ブナ,土流保,None,渡島,3101,り,52.85,None,八雲町,イタヤカエデ,他Ｌ,山地災害防止（土砂）,0,140.385752,42.072787
None,トドマツ,土流保,None,渡島,3093,ぬ,1.5,None,八雲町,None,None,山地災害防止（土砂）,0,140.377849,42.081333
None,他Ｌ,土流保,None,渡島,3089,へ,10.4,None,八雲町,ダケカンバ,ブナ,山地災害防止（土砂）,0,140.377758,42.078332
None,ブナ,土流保,None,渡島,3089,ほ,29.67,None,八雲町,イタヤカエデ,他Ｌ,山地災害防止（土砂）,0,140.374611,42.077775
None,トドマツ,土流保,None,渡島,3089,は,0.99,None,八雲町,None,イタヤカエデ,山地災害防止（土砂）,0,140.372487,42.076959
None,ブナ,土流保,None,渡島,3088,ろ,33.21,None,八雲町,ダケカンバ,他Ｌ,山地災害防止（土砂）,0,140.379684,42.074973
None,ブナ,土流保,None,渡島,3088,い,12.31,None,八雲町,ダケカンバ,他Ｌ,山地災害防止（土砂）,0,140.375296,42.073396
None,トドマツ,土流保,None,渡島,3103,い,0.78,None,八雲町,None,None,山地災害防止（土砂）,0,140.402101,42.068658
None,トドマツ,土流保,None,渡島,3103,ろ,5.5,None,八雲町,None,他Ｌ,山地災害防止（土砂）,0,140.398407,42.06866
None,トドマツ,土流保,None,渡島,3102,に,0.65,None,八雲町,None,他Ｌ,山地災害防止（土砂）,0,140.394917,42.070521
None,トドマツ,土流保,None,渡島,3103,は,0.87,None,八雲町,None,None,山地災害防止（土砂）,0,140.396236,42.065925
None,トドマツ,土流保,None,渡島,3116,は,3.04,None,八雲町,None,他Ｌ,山地災害防止（土砂）,0,140.401285,42.064304
None,トドマツ,土流保,None,渡島,3116,に,2.54,None,八雲町,None,アカエゾマツ,山地災害防止（土砂）,0,140.4025,42.063108
None,ブナ,土流保,None,渡島,3103,り,67.5,None,八雲町,イタヤカエデ,他Ｌ,山地災害防止（土砂）,0,140.400902,42.063081
None,トドマツ,土流保,None,渡島,3103,に,0.76,None,八雲町,None,アカエゾマツ,山地災害防止（土砂）,0,140.399987,42.064288
None,ブナ,土流保,None,渡島,3103,り,67.5,None,八雲町,イタヤカエデ,他Ｌ,山地災害防止（土砂）,0,140.399788,42.063705
None,ブナ,土流保,None,渡島,3103,り,67.5,None,八雲町,イタヤカエデ,他Ｌ,山地災害防止（土砂）,0,140.400177,42.063395
None,ブナ,土流保,None,渡島,3103,り,67.5,None,八雲町,イタヤカエデ,他Ｌ,山地災害防止（土砂）,0,140.401284,42.063161
None,アカエゾマツ,土流保,None,渡島,3103,ち,1.13,None,八雲町,None,トドマツ,山地災害防止（土砂）,0,140.401797,42.060952
None,トドマツ,土流保,None,渡島,3103,ほ,4.5,None,八雲町,None,アカエゾマツ,山地災害防止（土砂）,0,140.399727,42.062285
None,トドマツ,土流保,None,渡島,3103,へ,1.36,None,八雲町,None,None,山地災害防止（土砂）,0,140.400028,42.060792
None,ブナ,土流保,None,渡島,3103,り,67.5,None,八雲町,イタヤカエデ,他Ｌ,山地災害防止（土砂）,0,140.395535,42.063611
None,トドマツ,土流保,None,渡島,3083,ち,12.88,None,八雲町,None,ダケカンバ,山地災害防止（土砂）,0,140.389783,42.06506
None,トドマツ,土流保,None,渡島,3083,わ,0.93,None,八雲町,None,イタヤカエデ,山地災害防止（土砂）,0,140.391224,42.063107
None,None,土流保,None,渡島,3083,ト,2.12,None,八雲町,None,None,山地災害防止（土砂）,0,140.387937,42.066339
None,None,土流保,None,渡島,3083,ヘ,1.44,None,八雲町,None,None,山地災害防止（土砂）,0,140.388323,42.064525
None,トドマツ,土流保,None,渡島,3083,た,0.6,None,八雲町,None,ダケカンバ,山地災害防止（土砂）,0,140.389329,42.062769
None,アカエゾマツ,土流保,None,渡島,3116,ほ,1.24,None,八雲町,None,トドマツ,山地災害防止（土砂）,0,140.403056,42.059482
None,トドマツ,土流保,None,渡島,3104,ろ,0.75,None,八雲町,None,他Ｌ,山地災害防止（土砂）,0,140.402704,42.05851
None,トドマツ,土流保,None,渡島,3103,と,0.84,None,八雲町,None,None,山地災害防止（土砂）,0,140.40024,42.059925
None,トドマツ,土流保,None,渡島,3104,い,2.41,None,八雲町,None,他Ｌ,山地災害防止（土砂）,0,140.402256,42.056335
None,他Ｌ,土流保,None,渡島,3104,に,15.28,None,八雲町,イタヤカエデ,ブナ,山地災害防止（土砂）,0,140.400049,42.056139
None,カラマツ,土流保,None,渡島,3082,ほ,6.8,None,八雲町,None,他Ｌ,山地災害防止（土砂）,0,140.394565,42.059135
None,ブナ,土流保,None,渡島,3103,ぬ,2.8,None,八雲町,イタヤカエデ,他Ｌ,山地災害防止（土砂）,0,140.398297,42.057501
None,トドマツ,土流保,None,渡島,3081,ち,0.97,None,八雲町,None,None,山地災害防止（土砂）,0,140.39597,42.054407
None,トドマツ,土流保,None,渡島,3081,と,0.84,None,八雲町,None,None,山地災害防止（土砂）,0,140.395358,42.053514
None,他Ｌ,土流保,None,渡島,3082,ぬ,1.33,None,八雲町,None,トドマツ,山地災害防止（土砂）,0,140.393142,42.055028
None,トドマツ,土流保,None,渡島,3082,へ,3.55,None,八雲町,None,イタヤカエデ,山地災害防止（土砂）,0,140.392314,42.057815
None,他Ｌ,土流保,None,渡島,3082,に,0.38,None,八雲町,None,カラマツ,山地災害防止（土砂）,0,140.390852,42.060183
None,トドマツ,土流保,None,渡島,3082,か,0.2,None,八雲町,None,ダケカンバ,山地災害防止（土砂）,0,140.390035,42.059508
None,ブナ,土流保,None,渡島,3082,わ,41.42,None,八雲町,イタヤカエデ,他Ｌ,山地災害防止（土砂）,0,140.394349,42.057194
None,トドマツ,土流保,None,渡島,3082,る,0.78,None,八雲町,None,ダケカンバ,山地災害防止（土砂）,0,140.38921,42.058972
None,カラマツ,土流保,None,渡島,3082,は,0.3,None,八雲町,None,他Ｌ,山地災害防止（土砂）,0,140.387622,42.058462
None,他Ｌ,土流保,None,渡島,3082,と,1.4,None,八雲町,None,カラマツ,山地災害防止（土砂）,0,140.387757,42.056552
None,トドマツ,土流保,None,渡島,3081,へ,0.55,None,八雲町,None,None,山地災害防止（土砂）,0,140.39453,42.052307
None,カラマツ,土流保,None,渡島,3081,ほ,1.67,None,八雲町,None,他Ｌ,山地災害防止（土砂）,0,140.39265,42.052911
None,トドマツ,土流保,None,渡島,3081,に,2.45,None,八雲町,None,None,山地災害防止（土砂）,0,140.392378,42.05139
None,他Ｌ,土流保,None,渡島,3081,り,36.27,None,八雲町,イタヤカエデ,ブナ,山地災害防止（土砂）,0,140.397142,42.055623
None,カラマツ,土流保,None,渡島,3082,り,9.56,None,八雲町,None,他Ｌ,山地災害防止（土砂）,0,140.388036,42.054121
None,トドマツ,土流保,None,渡島,3081,は,4.29,None,八雲町,None,ダケカンバ,山地災害防止（土砂）,0,140.390189,42.051937
None,トドマツ,土流保,None,渡島,3081,ろ,4.64,None,八雲町,None,ダケカンバ,山地災害防止（土砂）,0,140.389737,42.04989
None,トドマツ,土流保,None,渡島,3083,と,0.53,None,八雲町,None,ダケカンバ,山地災害防止（土砂）,0,140.386913,42.068141
None,トドマツ,土流保,None,渡島,3084,ぬ,0.5,None,八雲町,None,他Ｌ,山地災害防止（土砂）,0,140.380206,42.066629
None,None,土流保,None,渡島,3083,ホ,0.88,None,八雲町,None,None,山地災害防止（土砂）,0,140.386169,42.06333
None,トドマツ,土流保,None,渡島,3083,か,0.89,None,八雲町,None,他Ｌ,山地災害防止（土砂）,0,140.386846,42.062302
None,カラマツ,土流保,None,渡島,3083,り,3.25,None,八雲町,None,他Ｌ,山地災害防止（土砂）,0,140.386484,42.061254
None,None,土流保,None,渡島,3083,ニ,0.29,None,八雲町,None,None,山地災害防止（土砂）,0,140.384708,42.062411
None,None,土流保,None,渡島,3083,ハ,0.75,None,八雲町,None,None,山地災害防止（土砂）,0,140.38439,42.060623
None,None,土流保,None,渡島,3083,ロ,5.84,None,八雲町,None,None,山地災害防止（土砂）,0,140.382834,42.061199
None,他Ｌ,土流保,None,渡島,3084,か,1.65,None,八雲町,None,トドマツ,山地災害防止（土砂）,0,140.377053,42.069631
None,他Ｌ,土流保,None,渡島,3084,わ,1.73,None,八雲町,None,トドマツ,山地災害防止（土砂）,0,140.376377,42.068646
None,トドマツ,土流保,None,渡島,3084,り,2.86,None,八雲町,None,他Ｌ,山地災害防止（土砂）,0,140.378352,42.068084
None,トドマツ,土流保,None,渡島,3084,る,0.28,None,八雲町,None,他Ｌ,山地災害防止（土砂）,0,140.378338,42.065656
None,トドマツ,土流保,None,渡島,3084,ち,0.84,None,八雲町,None,ダケカンバ,山地災害防止（土砂）,0,140.376826,42.06742
None,他Ｌ,土流保,None,渡島,3084,そ,80.96,None,八雲町,イタヤカエデ,ブナ,山地災害防止（土砂）,0,140.381885,42.068613
None,トドマツ,土流保,None,渡島,3084,と,1.45,None,八雲町,None,他Ｌ,山地災害防止（土砂）,0,140.376801,42.065287
None,ブナ,土流保,None,渡島,3086,へ,4.62,None,八雲町,イタヤカエデ,他Ｌ,山地災害防止（土砂）,0,140.372875,42.070125
None,トドマツ,土流保,None,渡島,3084,つ,0.5,None,八雲町,None,他Ｌ,山地災害防止（土砂）,0,140.378148,42.064457
None,トドマツ,土流保,None,渡島,3084,へ,0.98,None,八雲町,None,ミズキ,山地災害防止（土砂）,0,140.375245,42.064621
None,トドマツ,土流保,None,渡島,3084,ほ,0.63,None,八雲町,None,他Ｌ,山地災害防止（土砂）,0,140.373604,42.063655
None,None,土流保,None,渡島,3084,ハ,3.13,None,八雲町,None,None,山地災害防止（土砂）,0,140.371795,42.064829
None,None,土流保,None,渡島,3083,イ,3.38,None,八雲町,None,None,山地災害防止（土砂）,0,140.375123,42.060791
None,None,土流保,None,渡島,3084,ニ,4.63,None,八雲町,None,None,山地災害防止（土砂）,0,140.374821,42.061723
None,カラマツ,土流保,None,渡島,3084,に,3.03,None,八雲町,None,他Ｌ,山地災害防止（土砂）,0,140.371908,42.061915
None,トドマツ,土流保,None,渡島,3084,よ,0.28,None,八雲町,None,他Ｌ,山地災害防止（土砂）,0,140.3731,42.061127
None,カラマツ,土流保,None,渡島,3083,ぬ,1.38,None,八雲町,None,他Ｌ,山地災害防止（土砂）,0,140.385668,42.05989
None,カラマツ,土流保,None,渡島,3083,る,1.73,None,八雲町,None,他Ｌ,山地災害防止（土砂）,0,140.385202,42.058511
None,トドマツ,土流保,None,渡島,3083,へ,8.63,None,八雲町,None,他Ｌ,山地災害防止（土砂）,0,140.383414,42.059097
None,他Ｌ,土流保,None,渡島,3083,よ,66.93,None,八雲町,イタヤカエデ,ブナ,山地災害防止（土砂）,0,140.383532,42.057935
None,他Ｌ,土流保,None,渡島,3082,ろ,2.35,None,八雲町,None,カラマツ,山地災害防止（土砂）,0,140.385556,42.057287
None,カラマツ,土流保,None,渡島,3082,ち,1.02,None,八雲町,None,他Ｌ,山地災害防止（土砂）,0,140.385773,42.05549
None,カラマツ,土流保,None,渡島,3082,い,2.43,None,八雲町,None,他Ｌ,山地災害防止（土砂）,0,140.384391,42.05667
None,他Ｌ,土流保,None,渡島,3074,り,17.12,None,八雲町,イタヤカエデ,ブナ,山地災害防止（土砂）,0,140.384363,42.054505
None,カラマツ,土流保,None,渡島,3074,ろ,7.88,None,八雲町,None,他Ｌ,山地災害防止（土砂）,0,140.384127,42.055305
None,トドマツ,土流保,None,渡島,3083,ほ,0.3,None,八雲町,None,他Ｌ,山地災害防止（土砂）,0,140.382615,42.058086
None,カラマツ,土流保,None,渡島,3083,に,0.23,None,八雲町,None,他Ｌ,山地災害防止（土砂）,0,140.382175,42.057838
None,カラマツ,土流保,None,渡島,3083,は,3.28,None,八雲町,None,他Ｌ,山地災害防止（土砂）,0,140.379541,42.057727
None,ブナ,土流保,None,渡島,3082,わ,41.42,None,八雲町,イタヤカエデ,他Ｌ,山地災害防止（土砂）,0,140.382554,42.057135
None,ブナ,土流保,None,渡島,3082,わ,41.42,None,八雲町,イタヤカエデ,他Ｌ,山地災害防止（土砂）,0,140.382009,42.056601
None,カラマツ,土流保,None,渡島,3074,ろ,7.88,None,八雲町,None,他Ｌ,山地災害防止（土砂）,0,140.382781,42.053129
None,カラマツ,土流保,None,渡島,3074,ろ,7.88,None,八雲町,None,他Ｌ,山地災害防止（土砂）,0,140.380721,42.056846
None,None,土流保,None,渡島,3073,ハ,0.4,None,八雲町,None,None,山地災害防止（土砂）,0,140.379171,42.056403
None,カラマツ,土流保,None,渡島,3074,ろ,7.88,None,八雲町,None,他Ｌ,山地災害防止（土砂）,0,140.380645,42.0556
None,ブナ,土流保,None,渡島,3080,た,5.15,None,八雲町,イタヤカエデ,他Ｌ,山地災害防止（土砂）,0,140.38763,42.052274
None,他Ｌ,土流保,None,渡島,3080,よ,5.69,None,八雲町,None,トドマツ,山地災害防止（土砂）,0,140.386111,42.052576
None,カラマツ,土流保,None,渡島,3074,ろ,7.88,None,八雲町,None,他Ｌ,山地災害防止（土砂）,0,140.384057,42.053922
None,カラマツ,土流保,None,渡島,3074,に,2.86,None,八雲町,None,他Ｌ,山地災害防止（土砂）,0,140.384503,42.05232
None,カラマツ,土流保,None,渡島,3074,に,2.86,None,八雲町,None,他Ｌ,山地災害防止（土砂）,0,140.383458,42.052313
None,ブナ,土流保,None,渡島,3080,た,5.15,None,八雲町,イタヤカエデ,他Ｌ,山地災害防止（土砂）,0,140.386733,42.051307
None,カラマツ,土流保,None,渡島,3080,か,2.13,None,八雲町,None,None,山地災害防止（土砂）,0,140.386335,42.050289
None,他Ｌ,土流保,None,渡島,3074,り,17.12,None,八雲町,イタヤカエデ,ブナ,山地災害防止（土砂）,0,140.384984,42.05225
None,ブナ,土流保,None,渡島,3080,た,5.15,None,八雲町,イタヤカエデ,他Ｌ,山地災害防止（土砂）,0,140.385232,42.049753
None,カラマツ,土流保,None,渡島,3074,に,2.86,None,八雲町,None,他Ｌ,山地災害防止（土砂）,0,140.384522,42.051144
None,カラマツ,土流保,None,渡島,3075,に,0.54,None,八雲町,None,他Ｌ,山地災害防止（土砂）,0,140.384588,42.050316
None,カラマツ,土流保,None,渡島,3074,と,2.15,None,八雲町,None,ダケカンバ,山地災害防止（土砂）,0,140.379438,42.054047
None,カラマツ,土流保,None,渡島,3074,に,2.86,None,八雲町,None,他Ｌ,山地災害防止（土砂）,0,140.383133,42.051337
None,None,土流保,None,渡島,3074,イ,0.23,None,八雲町,None,None,山地災害防止（土砂）,0,140.382111,42.050546
None,カラマツ,土流保,None,渡島,3074,ほ,6.09,None,八雲町,None,他Ｌ,山地災害防止（土砂）,0,140.380853,42.050169
None,カラマツ,土流保,None,渡島,3074,は,1.51,None,八雲町,None,他Ｌ,山地災害防止（土砂）,0,140.380843,42.052024
None,他Ｌ,土流保,None,渡島,3083,よ,66.93,None,八雲町,イタヤカエデ,ブナ,山地災害防止（土砂）,0,140.379956,42.061953
None,カラマツ,土流保,None,渡島,3073,と,5.7,None,八雲町,None,他Ｌ,山地災害防止（土砂）,0,140.377941,42.057843
None,他Ｌ,土流保,None,渡島,3073,ち,1.03,None,八雲町,イタヤカエデ,ブナ,山地災害防止（土砂）,0,140.377442,42.05769
None,トドマツ,土流保,None,渡島,3083,ろ,1.04,None,八雲町,カラマツ,イタヤカエデ,山地災害防止（土砂）,0,140.376761,42.057958
None,カラマツ,土流保,None,渡島,3083,い,0.95,None,八雲町,None,他Ｌ,山地災害防止（土砂）,0,140.375881,42.058639
None,None,土流保,None,渡島,3073,ハ,0.4,None,八雲町,None,None,山地災害防止（土砂）,0,140.378808,42.056597
None,カラマツ,土流保,None,渡島,3074,い,1.27,None,八雲町,None,他Ｌ,山地災害防止（土砂）,0,140.378703,42.055547
None,None,土流保,None,渡島,3074,ロ,3.04,None,八雲町,None,None,山地災害防止（土砂）,0,140.379705,42.055835
None,None,None,None,渡島,3073,イ,0.7,None,八雲町,None,None,山地災害防止（土砂）,0,140.377167,42.056889
None,カラマツ,土流保,None,渡島,3073,へ,1.22,None,八雲町,None,他Ｌ,山地災害防止（土砂）,0,140.377127,42.056183
None,他Ｌ,土流保,None,渡島,3073,り,67.88,None,八雲町,イタヤカエデ,ブナ,山地災害防止（土砂）,0,140.376017,42.056627
None,他Ｌ,土流保,None,渡島,3073,ち,1.03,None,八雲町,イタヤカエデ,ブナ,山地災害防止（土砂）,0,140.374846,42.057936
None,カラマツ,土流保,None,渡島,3073,に,1.72,None,八雲町,None,他Ｌ,山地災害防止（土砂）,0,140.375178,42.057599
None,カラマツ,土流保,None,渡島,3084,れ,3.46,None,八雲町,None,他Ｌ,山地災害防止（土砂）,0,140.373396,42.05853
None,カラマツ,土流保,None,渡島,3084,た,1.25,None,八雲町,None,他Ｌ,山地災害防止（土砂）,0,140.372503,42.059612
None,カラマツ,土流保,None,渡島,3073,は,1.34,None,八雲町,None,他Ｌ,山地災害防止（土砂）,0,140.371727,42.05801
None,カラマツ,土流保,None,渡島,3073,に,1.72,None,八雲町,None,他Ｌ,山地災害防止（土砂）,0,140.375324,42.057055
None,カラマツ,土流保,None,渡島,3073,に,1.72,None,八雲町,None,他Ｌ,山地災害防止（土砂）,0,140.373959,42.056593
None,カラマツ,土流保,None,渡島,3073,ほ,2.25,None,八雲町,None,イタヤカエデ,山地災害防止（土砂）,0,140.374161,42.055555
None,他Ｌ,土流保,None,渡島,3073,ち,1.03,None,八雲町,イタヤカエデ,ブナ,山地災害防止（土砂）,0,140.372171,42.057401
None,カラマツ,土流保,None,渡島,3073,は,1.34,None,八雲町,None,他Ｌ,山地災害防止（土砂）,0,140.37168,42.057254
None,カラマツ,土流保,None,渡島,3074,い,1.27,None,八雲町,None,他Ｌ,山地災害防止（土砂）,0,140.377487,42.053081
None,カラマツ,土流保,None,渡島,3073,と,5.7,None,八雲町,None,他Ｌ,山地災害防止（土砂）,0,140.376707,42.054296
None,他Ｌ,土流保,None,渡島,3074,り,17.12,None,八雲町,イタヤカエデ,ブナ,山地災害防止（土砂）,0,140.380706,42.054437
None,ダケカンバ,水涵保,None,渡島,91,い,3.03,None,八雲町,None,カラマツ,水源涵養,0,140.32191,42.179262
None,ダケカンバ,水涵保,None,渡島,91,ろ,2.35,None,八雲町,None,カラマツ,水源涵養,0,140.317733,42.179807
None,ダケカンバ,水涵保,None,渡島,91,は,2.9,None,八雲町,None,カラマツ,水源涵養,0,140.314384,42.180461
None,None,水涵保,None,渡島,91,イ,0.53,None,八雲町,None,None,水源涵養,0,140.315602,42.179459
None,None,水涵保,None,渡島,91,イ,0.53,None,八雲町,None,None,水源涵養,0,140.311901,42.180257
None,None,水涵保,None,渡島,92,イ,0.4,None,八雲町,None,None,水源涵養,0,140.311504,42.180354
None,None,水涵保,None,渡島,92,イ,0.4,None,八雲町,None,None,水源涵養,0,140.309603,42.180991
None,None,水涵保,None,渡島,91,イ,0.53,None,八雲町,None,None,水源涵養,0,140.317298,42.178063
None,ブナ,水涵保,None,渡島,91,に,43.6,None,八雲町,ダケカンバ,他Ｌ,水源涵養,0,140.313347,42.177775
None,他Ｌ,水涵保,None,渡島,96,と,31.8,None,八雲町,イタヤカエデ,ダケカンバ,水源涵養,0,140.299863,42.188438
None,他Ｌ,水涵保,None,渡島,95,へ,34.73,None,八雲町,イタヤカエデ,ダケカンバ,水源涵養,0,140.307889,42.184515
None,ダケカンバ,水涵保,None,渡島,95,ほ,3.52,None,八雲町,None,トドマツ,水源涵養,0,140.301683,42.186443
None,None,水涵保,None,渡島,95,イ,1.3,None,八雲町,None,None,水源涵養,0,140.301347,42.185637
None,カラマツ,水涵保,None,渡島,95,い,0.76,None,八雲町,None,None,水源涵養,0,140.307847,42.182365
None,None,水涵保,None,渡島,95,イ,1.3,None,八雲町,None,None,水源涵養,0,140.307332,42.182643
None,None,水涵保,None,渡島,95,イ,1.3,None,八雲町,None,None,水源涵養,0,140.305849,42.183395
None,他Ｌ,水涵保,None,渡島,92,い,48.44,None,八雲町,ブナ,ダケカンバ,水源涵養,0,140.307111,42.178563
None,トドマツ,水涵保,None,渡島,95,ろ,20.73,None,八雲町,None,ダケカンバ,水源涵養,0,140.302856,42.183129
None,None,水涵保,None,渡島,95,イ,1.3,None,八雲町,None,None,水源涵養,0,140.299865,42.186394
None,None,水涵保,None,渡島,96,イ,2.32,None,八雲町,None,None,水源涵養,0,140.297662,42.187321
None,他Ｌ,水涵保,None,渡島,96,と,31.8,None,八雲町,イタヤカエデ,ダケカンバ,水源涵養,0,140.29395,42.1851
None,カラマツ,水涵保,None,渡島,95,は,4.03,None,八雲町,None,None,水源涵養,0,140.299481,42.182092
None,トドマツ,水涵保,None,渡島,95,に,4.37,None,八雲町,None,None,水源涵養,0,140.297678,42.184046
None,他Ｌ,水涵保,None,渡島,96,と,31.8,None,八雲町,イタヤカエデ,ダケカンバ,水源涵養,0,140.290157,42.192234
None,カラマツ,水涵保,None,渡島,96,い,7.87,None,八雲町,None,他Ｌ,水源涵養,0,140.292163,42.191338
None,None,水涵保,None,渡島,96,イ,2.32,None,八雲町,None,None,水源涵養,0,140.292683,42.189432
None,他Ｌ,水涵保,None,渡島,96,ち,0.69,None,八雲町,イタヤカエデ,ダケカンバ,水源涵養,0,140.291113,42.189145
None,トドマツ,水涵保,None,渡島,96,ろ,19.88,None,八雲町,None,ダケカンバ,水源涵養,0,140.296962,42.188913
None,カラマツ,水涵保,None,渡島,96,は,7.24,None,八雲町,None,ダケカンバ,水源涵養,0,140.290053,42.186858
None,トドマツ,水涵保,None,渡島,96,に,5.75,None,八雲町,None,ダケカンバ,水源涵養,0,140.291427,42.184044
None,トドマツ,水涵保,None,渡島,96,へ,3.01,None,八雲町,None,イタヤカエデ,水源涵養,0,140.290125,42.183141
None,ダケカンバ,水涵保,None,渡島,96,ほ,1.14,None,八雲町,None,トドマツ,水源涵養,0,140.287208,42.186931
None,トドマツ,水涵保,None,渡島,97,い,1.46,None,八雲町,None,ダケカンバ,水源涵養,0,140.287118,42.184552
None,トドマツ,水涵保,None,渡島,97,ろ,0.44,None,八雲町,None,None,水源涵養,0,140.290763,42.18222
None,トドマツ,水涵保,None,渡島,94,い,7.26,None,八雲町,None,ダケカンバ,水源涵養,0,140.292141,42.178441
None,ダケカンバ,水涵保,None,渡島,97,ち,6.13,None,八雲町,イタヤカエデ,他Ｌ,水源涵養,0,140.2891,42.182617
None,トドマツ,水涵保,None,渡島,97,は,10.21,None,八雲町,None,None,水源涵養,0,140.286659,42.182484
None,トドマツ,水涵保,None,渡島,97,に,5.76,None,八雲町,None,None,水源涵養,0,140.289255,42.180632
None,ダケカンバ,水涵保,None,渡島,97,ち,6.13,None,八雲町,イタヤカエデ,他Ｌ,水源涵養,0,140.287943,42.179526
None,カラマツ,水涵保,None,渡島,97,ほ,3.79,None,八雲町,None,ダケカンバ,水源涵養,0,140.286869,42.179508
None,他Ｌ,水涵保,None,渡島,106,い,36.9,None,八雲町,ダケカンバ,ブナ,山地災害防止（土砂）,0,140.276401,42.188189
None,他Ｌ,水涵保,None,渡島,106,ろ,10.52,None,八雲町,ウダイカンバ,ブナ,山地災害防止（土砂）,0,140.273168,42.190006
None,ブナ,水涵保,None,渡島,93,い,41.68,None,八雲町,他Ｌ,ダケカンバ,水源涵養,0,140.300297,42.176792
None,他Ｌ,水涵保,None,渡島,94,ほ,33.1,None,八雲町,ブナ,ダケカンバ,水源涵養,0,140.294269,42.181236
None,ダケカンバ,水涵保,None,渡島,94,に,5.4,None,八雲町,None,カラマツ,水源涵養,0,140.294972,42.177275
None,他Ｌ,水涵保,None,渡島,94,へ,4.98,None,八雲町,ブナ,ダケカンバ,水源涵養,0,140.294016,42.174133
None,カラマツ,水涵保,None,渡島,94,ろ,11.37,None,八雲町,None,イタヤカエデ,水源涵養,0,140.291872,42.176082
None,トドマツ,水涵保,None,渡島,94,は,11.0,None,八雲町,None,ダケカンバ,水源涵養,0,140.292155,42.173448
None,他Ｌ,水涵保,None,渡島,97,と,28.2,None,八雲町,イタヤカエデ,ダケカンバ,水源涵養,0,140.28725,42.17592
None,カラマツ,水涵保,None,渡島,97,へ,3.07,None,八雲町,None,ダケカンバ,水源涵養,0,140.285116,42.178431
None,ダケカンバ,水涵保,None,渡島,98,ろ,1.86,None,八雲町,None,トドマツ,水源涵養,0,140.282162,42.174338
None,カラマツ,水涵保,None,渡島,98,い,2.61,None,八雲町,None,ダケカンバ,水源涵養,0,140.280072,42.175254
None,他Ｌ,水涵保,None,渡島,98,は,63.15,None,八雲町,ダケカンバ,ブナ,水源涵養,0,140.280421,42.172254
None,None,水涵保,None,渡島,98,イ,0.38,None,八雲町,None,None,水源涵養,0,140.280603,42.169841
None,トドマツ,土流保,None,渡島,89,い,0.9,None,八雲町,None,ダケカンバ,山地災害防止（土砂）,0,140.278575,42.165035
None,ブナ,土流保,None,渡島,89,ほ,1.56,None,八雲町,他Ｌ,イタヤカエデ,山地災害防止（土砂）,0,140.277995,42.163073
None,None,水涵保,None,渡島,99,イ,0.12,None,八雲町,None,None,水源涵養,0,140.276558,42.173316
None,None,水涵保,None,渡島,103,イ,1.15,None,八雲町,None,None,山地災害防止（土砂）,0,140.274079,42.175467
None,None,水涵保,None,渡島,103,イ,1.15,None,八雲町,None,None,山地災害防止（土砂）,0,140.27256,42.176791
None,None,水涵保,None,渡島,98,イ,0.38,None,八雲町,None,None,水源涵養,0,140.277013,42.172927
None,トドマツ,土流保,None,渡島,89,ろ,5.6,None,八雲町,None,ダケカンバ,山地災害防止（土砂）,0,140.276692,42.162577
None,トドマツ,土流保,None,渡島,89,は,5.85,None,八雲町,None,ダケカンバ,山地災害防止（土砂）,0,140.27399,42.163641
None,ブナ,土流保,None,渡島,89,に,42.55,None,八雲町,イタヤカエデ,他Ｌ,山地災害防止（土砂）,0,140.268439,42.161935
None,他Ｌ,土流保,None,渡島,88,い,0.68,None,八雲町,None,None,山地災害防止（土砂）,0,140.276912,42.159821
None,ブナ,土流保,None,渡島,89,ほ,1.56,None,八雲町,他Ｌ,イタヤカエデ,山地災害防止（土砂）,0,140.274015,42.161485
None,トドマツ,土流保,None,渡島,88,は,5.47,None,八雲町,None,None,山地災害防止（土砂）,0,140.277049,42.157503
None,トドマツ,土流保,None,渡島,88,は,5.47,None,八雲町,None,None,山地災害防止（土砂）,0,140.274987,42.157057
None,None,土流保,None,渡島,88,イ,0.4,None,八雲町,None,None,山地災害防止（土砂）,0,140.275795,42.157314
None,トドマツ,土流保,None,渡島,88,ろ,3.63,None,八雲町,None,None,山地災害防止（土砂）,0,140.273864,42.159005
None,トドマツ,土流保,None,渡島,88,に,2.06,None,八雲町,None,None,山地災害防止（土砂）,0,140.274206,42.157715
None,他Ｌ,土流保,None,渡島,88,ち,12.06,None,八雲町,ダケカンバ,ブナ,山地災害防止（土砂）,1,140.271413,42.158969
None,トドマツ,土流保,None,渡島,88,ほ,3.76,None,八雲町,None,None,山地災害防止（土砂）,0,140.273955,42.155853
None,None,土流保,None,渡島,87,ロ,0.55,None,八雲町,None,None,山地災害防止（土砂）,0,140.27639,42.153103
None,トドマツ,土流保,None,渡島,87,い,4.55,None,八雲町,None,None,山地災害防止（土砂）,0,140.274824,42.15268
None,トドマツ,土流保,None,渡島,87,ろ,2.58,None,八雲町,None,カラマツ,山地災害防止（土砂）,0,140.274509,42.151417
None,ブナ,土流保,None,渡島,86,ほ,3.0,None,八雲町,シナノキ,他Ｌ,山地災害防止（土砂）,0,140.27477,42.149471
None,ブナ,土流保,None,渡島,86,ほ,3.0,None,八雲町,シナノキ,他Ｌ,山地災害防止（土砂）,0,140.273447,42.14986
None,トドマツ,土流保,None,渡島,86,ろ,1.65,None,八雲町,None,None,山地災害防止（土砂）,0,140.273222,42.149347
None,ブナ,土流保,None,渡島,86,ほ,3.0,None,八雲町,シナノキ,他Ｌ,山地災害防止（土砂）,0,140.272138,42.149878
None,None,None,None,渡島,3023,ホ,0.5,None,八雲町,None,None,山地災害防止（土砂）,0,140.368022,42.116802
None,None,None,None,渡島,3023,ホ,0.5,None,八雲町,None,None,山地災害防止（土砂）,0,140.365546,42.116384
None,他Ｌ,土流保,None,渡島,3023,か,2.2,None,八雲町,イタヤカエデ,ブナ,山地災害防止（土砂）,0,140.364026,42.114174
None,None,土流保,None,渡島,3023,ヘ,0.14,None,八雲町,None,None,山地災害防止（土砂）,0,140.361321,42.119567
None,トドマツ,土流保,None,渡島,3023,ぬ,0.82,None,八雲町,None,None,山地災害防止（土砂）,0,140.36021,42.119732
None,カラマツ,土流保,None,渡島,3023,と,4.43,None,八雲町,None,イタヤカエデ,山地災害防止（土砂）,0,140.358186,42.119838
None,他Ｌ,土流保,None,渡島,3023,よ,4.55,None,八雲町,イタヤカエデ,ブナ,山地災害防止（土砂）,0,140.357053,42.120215
None,None,None,None,渡島,3023,イ,0.54,None,八雲町,None,None,山地災害防止（土砂）,0,140.361631,42.119205
None,他Ｌ,土流保,None,渡島,3023,る,0.38,None,八雲町,None,トドマツ,山地災害防止（土砂）,0,140.36258,42.118302
None,None,None,None,渡島,3023,イ,0.54,None,八雲町,None,None,山地災害防止（土砂）,0,140.363085,42.117778
None,None,土流保,None,渡島,3023,ヘ,0.14,None,八雲町,None,None,山地災害防止（土砂）,0,140.362849,42.117692
None,他Ｌ,土流保,None,渡島,3023,よ,4.55,None,八雲町,イタヤカエデ,ブナ,山地災害防止（土砂）,0,140.359498,42.120022
None,カラマツ,土流保,None,渡島,3023,ち,4.67,None,八雲町,None,None,山地災害防止（土砂）,1,140.361483,42.11755
None,カラマツ,土流保,None,渡島,3023,ち,3.0,None,八雲町,None,None,山地災害防止（土砂）,2,140.359852,42.116953
None,他Ｌ,土流保,None,渡島,3023,か,2.2,None,八雲町,イタヤカエデ,ブナ,山地災害防止（土砂）,0,140.363023,42.114189
None,None,None,None,渡島,3023,ハ,0.6,None,八雲町,None,None,山地災害防止（土砂）,0,140.363401,42.114114
None,None,土流保,None,渡島,3023,ト,1.66,None,八雲町,None,None,山地災害防止（土砂）,0,140.361188,42.114121
None,None,None,None,渡島,3023,リ,1.29,None,八雲町,None,None,山地災害防止（土砂）,0,140.360021,42.115656
None,None,None,None,渡島,3023,リ,1.29,None,八雲町,None,None,山地災害防止（土砂）,0,140.360093,42.115571
None,他Ｌ,土流保,None,渡島,3023,か,2.2,None,八雲町,イタヤカエデ,ブナ,山地災害防止（土砂）,0,140.361778,42.114633
None,トドマツ,土流保,None,渡島,3023,り,0.26,None,八雲町,None,None,山地災害防止（土砂）,0,140.359336,42.119257
None,トドマツ,土流保,None,渡島,3023,へ,0.9,None,八雲町,None,None,山地災害防止（土砂）,0,140.357864,42.11705
None,トドマツ,土流保,None,渡島,3023,ほ,0.43,None,八雲町,None,None,山地災害防止（土砂）,0,140.358343,42.116211
None,None,None,None,渡島,3023,リ,1.29,None,八雲町,None,None,山地災害防止（土砂）,0,140.356727,42.114086
None,トドマツ,土流保,None,渡島,3023,に,0.96,None,八雲町,None,イタヤカエデ,山地災害防止（土砂）,0,140.350825,42.119558
None,他Ｌ,土流保,None,渡島,3023,よ,4.55,None,八雲町,イタヤカエデ,ブナ,山地災害防止（土砂）,0,140.35533,42.116913
None,他Ｌ,土流保,None,渡島,3023,わ,25.31,None,八雲町,ミズナラ,ブナ,山地災害防止（土砂）,0,140.354329,42.119444
None,トドマツ,土流保,None,渡島,3023,は,4.72,None,八雲町,None,None,山地災害防止（土砂）,0,140.354653,42.116198
None,カラマツ,土流保,None,渡島,3023,ろ,5.3,None,八雲町,None,None,山地災害防止（土砂）,0,140.354892,42.11465
None,他Ｌ,土流保,None,渡島,3023,よ,4.55,None,八雲町,イタヤカエデ,ブナ,山地災害防止（土砂）,0,140.353925,42.114227
None,トドマツ,土流保,None,渡島,3024,ほ,2.36,None,八雲町,None,イタヤカエデ,山地災害防止（土砂）,0,140.350173,42.118541
None,他Ｌ,土流保,None,渡島,3024,り,70.89,None,八雲町,イタヤカエデ,ブナ,山地災害防止（土砂）,0,140.343641,42.12116
None,トドマツ,土流保,None,渡島,3024,ろ,6.69,None,八雲町,None,他Ｌ,山地災害防止（土砂）,0,140.344969,42.117621
None,カラマツ,土流保,None,渡島,3024,は,2.07,None,八雲町,None,他Ｌ,山地災害防止（土砂）,1,140.347903,42.115122
None,カラマツ,土流保,None,渡島,3024,い,8.19,None,八雲町,None,他Ｌ,山地災害防止（土砂）,0,140.346198,42.11517
None,トドマツ,土流保,None,渡島,3024,と,0.4,None,八雲町,None,他Ｌ,山地災害防止（土砂）,0,140.345193,42.115186
None,トドマツ,土流保,None,渡島,3024,へ,2.94,None,八雲町,None,他Ｌ,山地災害防止（土砂）,0,140.343979,42.1147
None,他Ｌ,土流保,None,渡島,3025,わ,16.44,None,八雲町,イタヤカエデ,ブナ,山地災害防止（土砂）,0,140.340562,42.114809
None,トドマツ,土流保,None,渡島,3061,へ,0.7,None,八雲町,None,他Ｌ,山地災害防止（土砂）,0,140.364435,42.112305
None,ブナ,土流保,None,渡島,3061,ち,15.77,None,八雲町,イタヤカエデ,他Ｌ,山地災害防止（土砂）,0,140.365789,42.1106
None,トドマツ,土流保,None,渡島,3061,ほ,0.74,None,八雲町,None,イタヤカエデ,山地災害防止（土砂）,0,140.364422,42.111049
None,None,None,None,渡島,3099,ロ,1.0,None,八雲町,None,None,山地災害防止（土砂）,0,140.367224,42.105365
None,None,土流保,None,渡島,3061,イ,2.06,None,八雲町,None,None,山地災害防止（土砂）,0,140.363601,42.108185
None,ブナ,土流保,None,渡島,3062,る,12.69,None,八雲町,イタヤカエデ,他Ｌ,山地災害防止（土砂）,0,140.365628,42.10368
None,None,土流保,None,渡島,3060,ロ,0.14,None,八雲町,None,None,山地災害防止（土砂）,0,140.363262,42.113508
None,None,土流保,None,渡島,3023,チ,0.31,None,八雲町,None,None,山地災害防止（土砂）,0,140.363141,42.113778
None,None,土流保,None,渡島,3060,イ,4.2,None,八雲町,None,None,山地災害防止（土砂）,0,140.362917,42.113422
None,ブナ,土流保,None,渡島,3061,と,3.0,None,八雲町,イタヤカエデ,他Ｌ,山地災害防止（土砂）,0,140.36293,42.110249
None,None,土流保,None,渡島,3060,イ,4.2,None,八雲町,None,None,山地災害防止（土砂）,0,140.360615,42.113855
None,トドマツ,土流保,None,渡島,3061,に,2.73,None,八雲町,None,イタヤカエデ,山地災害防止（土砂）,0,140.363685,42.109653
None,ブナ,土流保,None,渡島,3061,と,3.0,None,八雲町,イタヤカエデ,他Ｌ,山地災害防止（土砂）,0,140.358185,42.108282
None,ブナ,土流保,None,渡島,3060,と,36.78,None,八雲町,イタヤカエデ,他Ｌ,山地災害防止（土砂）,0,140.360266,42.111476
None,トドマツ,土流保,None,渡島,3060,い,6.7,None,八雲町,None,他Ｌ,山地災害防止（土砂）,0,140.35646,42.109528
None,カラマツ,土流保,None,渡島,3061,は,3.66,None,八雲町,None,他Ｌ,山地災害防止（土砂）,0,140.360664,42.108228
None,ブナ,土流保,None,渡島,3061,ち,15.77,None,八雲町,イタヤカエデ,他Ｌ,山地災害防止（土砂）,0,140.360451,42.106803
None,ブナ,土流保,None,渡島,3062,る,12.69,None,八雲町,イタヤカエデ,他Ｌ,山地災害防止（土砂）,0,140.36303,42.10541
None,カラマツ,土流保,None,渡島,3062,ち,0.3,None,八雲町,None,他Ｌ,山地災害防止（土砂）,0,140.362756,42.10432
None,トドマツ,土流保,None,渡島,3062,ぬ,1.03,None,八雲町,カラマツ,イタヤカエデ,山地災害防止（土砂）,0,140.361973,42.104057
None,トドマツ,土流保,None,渡島,3062,り,4.44,None,八雲町,None,他Ｌ,山地災害防止（土砂）,0,140.361537,42.106124
None,カラマツ,土流保,None,渡島,3061,ろ,2.0,None,八雲町,他Ｌ,トドマツ,山地災害防止（土砂）,0,140.358698,42.107581
None,他Ｌ,土流保,None,渡島,3061,い,0.98,None,八雲町,None,トドマツ,山地災害防止（土砂）,0,140.35919,42.105966
None,トドマツ,土流保,None,渡島,3060,は,4.97,None,八雲町,None,None,山地災害防止（土砂）,0,140.356853,42.105691
None,トドマツ,土流保,None,渡島,3099,と,0.89,None,八雲町,None,他Ｌ,山地災害防止（土砂）,0,140.370196,42.102141
None,トドマツ,土流保,None,渡島,3099,へ,1.75,None,八雲町,None,他Ｌ,山地災害防止（土砂）,0,140.369467,42.101553
None,トドマツ,土流保,None,渡島,3097,ろ,0.81,None,八雲町,None,イタヤカエデ,山地災害防止（土砂）,0,140.371632,42.099167
None,ブナ,土流保,None,渡島,3096,ち,40.13,None,八雲町,イタヤカエデ,他Ｌ,山地災害防止（土砂）,0,140.369739,42.099232
None,トドマツ,土流保,None,渡島,3097,い,0.3,None,八雲町,None,イタヤカエデ,山地災害防止（土砂）,0,140.368027,42.100447
None,None,土流保,None,渡島,3096,イ,1.17,None,八雲町,None,None,山地災害防止（土砂）,0,140.368214,42.098982
None,カラマツ,土流保,None,渡島,3062,と,1.24,None,八雲町,トドマツ,他Ｌ,山地災害防止（土砂）,0,140.364382,42.103066
None,トドマツ,土流保,None,渡島,3062,へ,0.96,None,八雲町,None,他Ｌ,山地災害防止（土砂）,0,140.363622,42.1011
None,トドマツ,土流保,None,渡島,3096,い,0.5,None,八雲町,None,イタヤカエデ,山地災害防止（土砂）,0,140.367054,42.100272
None,トドマツ,土流保,None,渡島,3096,ろ,3.65,None,八雲町,None,イタヤカエデ,山地災害防止（土砂）,0,140.369035,42.097225
None,トドマツ,土流保,None,渡島,3094,に,1.38,None,八雲町,None,イタヤカエデ,山地災害防止（土砂）,0,140.371746,42.093614
None,ブナ,土流保,None,渡島,3094,へ,32.65,None,八雲町,他Ｌ,イタヤカエデ,山地災害防止（土砂）,0,140.375974,42.089204
None,ブナ,土流保,None,渡島,3094,へ,32.65,None,八雲町,他Ｌ,イタヤカエデ,山地災害防止（土砂）,0,140.368609,42.092841
None,トドマツ,土流保,None,渡島,3092,に,0.11,None,八雲町,None,None,山地災害防止（土砂）,0,140.368376,42.092555
None,トドマツ,土流保,None,渡島,3094,は,0.83,None,八雲町,None,イタヤカエデ,山地災害防止（土砂）,0,140.367682,42.092993
None,トドマツ,土流保,None,渡島,3094,ろ,1.44,None,八雲町,None,イタヤカエデ,山地災害防止（土砂）,0,140.36609,42.093537
None,トドマツ,土流保,None,渡島,3094,い,0.81,None,八雲町,None,イタヤカエデ,山地災害防止（土砂）,0,140.363929,42.095185
None,トドマツ,土流保,None,渡島,3094,い,0.81,None,八雲町,None,イタヤカエデ,山地災害防止（土砂）,0,140.365125,42.093287
None,ブナ,土流保,None,渡島,3092,よ,29.06,None,八雲町,イタヤカエデ,他Ｌ,山地災害防止（土砂）,0,140.365561,42.092556
None,None,土流保,None,渡島,3092,ロ,1.81,None,八雲町,None,None,山地災害防止（土砂）,0,140.364058,42.093472
None,トドマツ,土流保,None,渡島,3062,に,2.23,None,八雲町,None,他Ｌ,山地災害防止（土砂）,1,140.362469,42.10064
None,トドマツ,土流保,None,渡島,3062,ほ,0.07,None,八雲町,None,他Ｌ,山地災害防止（土砂）,0,140.362979,42.100042
None,トドマツ,土流保,None,渡島,3062,は,1.34,None,八雲町,None,None,山地災害防止（土砂）,0,140.362145,42.098788
None,ブナ,土流保,None,渡島,3062,る,12.69,None,八雲町,イタヤカエデ,他Ｌ,山地災害防止（土砂）,0,140.361537,42.0994
None,カラマツ,土流保,None,渡島,3062,ろ,0.29,None,八雲町,None,他Ｌ,山地災害防止（土砂）,0,140.361077,42.098509
None,ブナ,土流保,None,渡島,3062,る,12.69,None,八雲町,イタヤカエデ,他Ｌ,山地災害防止（土砂）,0,140.360723,42.09806
None,ミズナラ,土流保,None,渡島,3062,わ,44.13,None,八雲町,ブナ,他Ｌ,山地災害防止（土砂）,0,140.357394,42.1013
None,None,土流保,None,渡島,3096,ハ,0.03,None,八雲町,None,None,山地災害防止（土砂）,0,140.362638,42.096001
None,None,土流保,None,渡島,3096,ニ,0.08,None,八雲町,None,None,山地災害防止（土砂）,0,140.362536,42.095806
None,None,土流保,None,渡島,3094,イ,0.01,None,八雲町,None,None,山地災害防止（土砂）,0,140.362482,42.095685
None,ブナ,土流保,None,渡島,3092,わ,6.18,None,八雲町,イタヤカエデ,他Ｌ,山地災害防止（土砂）,0,140.362494,42.095408
None,トドマツ,土流保,None,渡島,3062,い,1.2,None,八雲町,None,None,山地災害防止（土砂）,0,140.361048,42.09729
None,ブナ,土流保,None,渡島,3062,る,12.69,None,八雲町,イタヤカエデ,他Ｌ,山地災害防止（土砂）,0,140.360462,42.096701
None,None,土流保,None,渡島,3063,ニ,0.77,None,八雲町,None,None,山地災害防止（土砂）,0,140.361018,42.095727
None,ミズナラ,土流保,None,渡島,3063,り,32.95,None,八雲町,ブナ,他Ｌ,山地災害防止（土砂）,0,140.360493,42.096361
None,None,土流保,None,渡島,3063,イ,1.08,None,八雲町,None,None,山地災害防止（土砂）,0,140.359602,42.093829
None,トドマツ,土流保,None,渡島,3092,い,2.76,None,八雲町,None,他Ｌ,山地災害防止（土砂）,0,140.362193,42.094372
None,ブナ,土流保,None,渡島,3092,わ,6.18,None,八雲町,イタヤカエデ,他Ｌ,山地災害防止（土砂）,0,140.36319,42.093354
None,トドマツ,土流保,None,渡島,3092,ろ,1.43,None,八雲町,None,イタヤカエデ,山地災害防止（土砂）,0,140.361857,42.093033
None,None,土流保,None,渡島,3092,イ,1.83,None,八雲町,None,None,山地災害防止（土砂）,0,140.361061,42.094436
None,None,土流保,None,渡島,3063,ハ,0.93,None,八雲町,None,None,山地災害防止（土砂）,0,140.36038,42.094856
None,None,土流保,None,渡島,3063,ニ,0.77,None,八雲町,None,None,山地災害防止（土砂）,0,140.360385,42.094066
None,トドマツ,土流保,None,渡島,3063,ち,1.9,None,八雲町,None,None,山地災害防止（土砂）,0,140.359417,42.096416
None,None,土流保,None,渡島,3063,ホ,0.21,None,八雲町,None,None,山地災害防止（土砂）,0,140.359297,42.09402
None,ミズナラ,土流保,None,渡島,3063,り,32.95,None,八雲町,ブナ,他Ｌ,山地災害防止（土砂）,0,140.359519,42.09336
None,カラマツ,土流保,None,渡島,3063,と,1.76,None,八雲町,None,他Ｌ,山地災害防止（土砂）,0,140.358655,42.093563
None,トドマツ,土流保,None,渡島,3063,ほ,2.41,None,八雲町,None,ミズキ,山地災害防止（土砂）,0,140.356002,42.093923
None,None,None,None,渡島,3023,リ,1.29,None,八雲町,None,None,山地災害防止（土砂）,0,140.355732,42.113495
None,None,土流保,None,渡島,3060,イ,4.2,None,八雲町,None,None,山地災害防止（土砂）,0,140.358004,42.112157
None,None,None,None,渡島,3023,リ,1.29,None,八雲町,None,None,山地災害防止（土砂）,0,140.354195,42.112236
None,カラマツ,土流保,None,渡島,3023,い,1.3,None,八雲町,None,None,山地災害防止（土砂）,0,140.353309,42.113543
None,None,None,None,渡島,3023,ロ,0.16,None,八雲町,None,None,山地災害防止（土砂）,0,140.35263,42.113019
None,他Ｌ,土流保,None,渡島,3023,わ,25.31,None,八雲町,ミズナラ,ブナ,山地災害防止（土砂）,0,140.353078,42.112034
None,None,None,None,渡島,3024,イ,0.32,None,八雲町,None,None,山地災害防止（土砂）,0,140.352051,42.111586
None,他Ｌ,土流保,None,渡島,3024,り,70.89,None,八雲町,イタヤカエデ,ブナ,山地災害防止（土砂）,0,140.352141,42.111333
None,カラマツ,土流保,None,渡島,3024,に,0.7,None,八雲町,None,None,山地災害防止（土砂）,0,140.35181,42.11223
None,ブナ,土流保,None,渡島,3025,か,6.94,None,八雲町,イタヤカエデ,他Ｌ,山地災害防止（土砂）,0,140.350271,42.111524
None,カラマツ,土流保,None,渡島,3024,は,3.0,None,八雲町,None,他Ｌ,山地災害防止（土砂）,2,140.348861,42.113839
None,ブナ,土流保,None,渡島,3025,か,6.94,None,八雲町,イタヤカエデ,他Ｌ,山地災害防止（土砂）,0,140.351747,42.110883
None,None,None,None,渡島,3025,イ,0.18,None,八雲町,None,None,山地災害防止（土砂）,0,140.351673,42.110717
None,オニグルミ,土流保,None,渡島,3025,ほ,0.66,None,八雲町,None,他Ｌ,山地災害防止（土砂）,0,140.348991,42.108858
None,カラマツ,土流保,None,渡島,3025,へ,0.21,None,八雲町,None,他Ｌ,山地災害防止（土砂）,0,140.347999,42.109094
None,トドマツ,土流保,None,渡島,3060,ろ,1.77,None,八雲町,None,他Ｌ,山地災害防止（土砂）,0,140.35475,42.107663
None,ブナ,土流保,None,渡島,3060,へ,19.62,None,八雲町,イタヤカエデ,他Ｌ,山地災害防止（土砂）,0,140.354605,42.103884
None,トドマツ,土流保,None,渡島,3060,に,2.43,None,八雲町,None,イタヤカエデ,山地災害防止（土砂）,0,140.353182,42.103687
None,ブナ,土流保,None,渡島,3025,か,6.94,None,八雲町,イタヤカエデ,他Ｌ,山地災害防止（土砂）,0,140.348326,42.108557
None,カラマツ,土流保,None,渡島,3060,ほ,3.98,None,八雲町,None,他Ｌ,山地災害防止（土砂）,0,140.350191,42.102955
None,他Ｌ,土流保,None,渡島,3024,ち,4.94,None,八雲町,イタヤカエデ,ブナ,山地災害防止（土砂）,0,140.348018,42.113058
None,カラマツ,土流保,None,渡島,3025,り,8.93,None,八雲町,None,他Ｌ,山地災害防止（土砂）,0,140.348699,42.110539
None,トドマツ,土流保,None,渡島,3025,ぬ,3.16,None,八雲町,None,他Ｌ,山地災害防止（土砂）,0,140.342841,42.113498
None,ブナ,土流保,None,渡島,3025,か,6.94,None,八雲町,イタヤカエデ,他Ｌ,山地災害防止（土砂）,0,140.344193,42.112265
None,カラマツ,土流保,None,渡島,3026,ち,0.7,None,八雲町,None,他Ｌ,山地災害防止（土砂）,0,140.340272,42.111351
None,カラマツ,土流保,None,渡島,3025,と,7.31,None,八雲町,None,他Ｌ,山地災害防止（土砂）,0,140.343999,42.110178
None,カラマツ,土流保,None,渡島,3026,り,10.65,None,八雲町,None,他Ｌ,山地災害防止（土砂）,0,140.342937,42.107869
None,トドマツ,土流保,None,渡島,3025,ち,0.58,None,八雲町,None,None,山地災害防止（土砂）,0,140.341779,42.110702
None,カラマツ,土流保,None,渡島,3026,と,0.21,None,八雲町,None,他Ｌ,山地災害防止（土砂）,0,140.341775,42.110065
None,ブナ,土流保,None,渡島,3025,か,6.94,None,八雲町,イタヤカエデ,他Ｌ,山地災害防止（土砂）,0,140.341156,42.110655
None,他Ｌ,土流保,None,渡島,3026,る,14.29,None,八雲町,イタヤカエデ,ブナ,山地災害防止（土砂）,0,140.341683,42.108715
None,カラマツ,土流保,None,渡島,3025,ろ,3.63,None,八雲町,None,None,山地災害防止（土砂）,0,140.347462,42.107757
None,カラマツ,土流保,None,渡島,3025,に,0.92,None,八雲町,None,他Ｌ,山地災害防止（土砂）,0,140.347002,42.106235
None,トドマツ,土流保,None,渡島,3025,は,2.06,None,八雲町,None,None,山地災害防止（土砂）,0,140.344624,42.108364
None,他Ｌ,土流保,None,渡島,3025,る,1.95,None,八雲町,None,トドマツ,山地災害防止（土砂）,0,140.345874,42.10755
None,カラマツ,土流保,None,渡島,3026,ぬ,0.55,None,八雲町,None,他Ｌ,山地災害防止（土砂）,0,140.345134,42.106331
None,オニグルミ,土流保,None,渡島,3025,い,0.31,None,八雲町,None,他Ｌ,山地災害防止（土砂）,0,140.346505,42.105933
None,他Ｌ,土流保,None,渡島,3026,る,14.29,None,八雲町,イタヤカエデ,ブナ,山地災害防止（土砂）,0,140.345551,42.105771
None,トドマツ,土流保,None,渡島,3023,り,0.26,None,八雲町,None,None,山地災害防止（土砂）,0,140.345159,42.105562
None,ブナ,土流保,None,渡島,3025,か,6.94,None,八雲町,イタヤカエデ,他Ｌ,山地災害防止（土砂）,0,140.345984,42.106406
None,他Ｌ,土流保,None,渡島,3026,る,14.29,None,八雲町,イタヤカエデ,ブナ,山地災害防止（土砂）,0,140.344451,42.106536
None,他Ｌ,土流保,None,渡島,3034,る,2.79,None,八雲町,None,カラマツ,山地災害防止（土砂）,0,140.341833,42.104188
None,None,土流保,None,渡島,3060,ハ,0.69,None,八雲町,None,None,山地災害防止（土砂）,0,140.351359,42.102604
None,ブナ,土流保,None,渡島,3060,へ,19.62,None,八雲町,イタヤカエデ,他Ｌ,山地災害防止（土砂）,0,140.348782,42.101822
None,カラマツ,土流保,None,渡島,3059,ち,1.74,None,八雲町,None,他Ｌ,山地災害防止（土砂）,0,140.350395,42.099406
None,トドマツ,土流保,None,渡島,3063,に,0.62,None,八雲町,None,他Ｌ,山地災害防止（土砂）,0,140.354231,42.094256
None,ミズナラ,土流保,None,渡島,3063,り,32.95,None,八雲町,ブナ,他Ｌ,山地災害防止（土砂）,0,140.355733,42.096987
None,ブナ,土流保,None,渡島,3059,ぬ,54.94,None,八雲町,他Ｌ,イタヤカエデ,山地災害防止（土砂）,0,140.349664,42.094564
None,トドマツ,土流保,None,渡島,3035,ぬ,2.92,None,八雲町,None,他Ｌ,山地災害防止（土砂）,0,140.344688,42.102509
None,None,None,None,渡島,3023,リ,1.29,None,八雲町,None,None,山地災害防止（土砂）,0,140.345557,42.101255
None,カラマツ,土流保,None,渡島,3059,と,0.76,None,八雲町,None,他Ｌ,山地災害防止（土砂）,0,140.347848,42.098686
None,トドマツ,土流保,None,渡島,3035,り,1.29,None,八雲町,None,イタヤカエデ,山地災害防止（土砂）,0,140.342023,42.102961
None,他Ｌ,土流保,None,渡島,3035,ち,7.0,None,八雲町,None,カラマツ,山地災害防止（土砂）,2,140.340728,42.099948
None,カラマツ,土流保,None,渡島,3035,と,8.44,None,八雲町,None,他Ｌ,山地災害防止（土砂）,0,140.343274,42.100537
None,他Ｌ,土流保,None,渡島,3059,り,10.82,None,八雲町,ブナ,イタヤカエデ,山地災害防止（土砂）,0,140.3472,42.09516
None,カラマツ,土流保,None,渡島,3059,へ,2.89,None,八雲町,None,他Ｌ,山地災害防止（土砂）,0,140.346933,42.096369
None,トドマツ,土流保,None,渡島,3059,ほ,4.28,None,八雲町,None,イタヤカエデ,山地災害防止（土砂）,0,140.344569,42.095919
None,他Ｌ,土流保,None,渡島,3059,り,10.82,None,八雲町,ブナ,イタヤカエデ,山地災害防止（土砂）,0,140.346533,42.094083
None,トドマツ,土流保,None,渡島,3059,に,4.17,None,八雲町,None,イタヤカエデ,山地災害防止（土砂）,0,140.345058,42.093626
None,他Ｌ,土流保,None,渡島,3059,り,10.82,None,八雲町,ブナ,イタヤカエデ,山地災害防止（土砂）,0,140.345284,42.092227
None,トドマツ,土流保,None,渡島,3035,へ,2.64,None,八雲町,None,他Ｌ,山地災害防止（土砂）,0,140.34061,42.097345
None,None,None,None,渡島,3023,リ,1.29,None,八雲町,None,None,山地災害防止（土砂）,0,140.341653,42.095617
None,None,None,None,渡島,3023,リ,1.29,None,八雲町,None,None,山地災害防止（土砂）,0,140.341261,42.095563
None,トドマツ,土流保,None,渡島,3059,は,4.27,None,八雲町,None,イタヤカエデ,山地災害防止（土砂）,0,140.342387,42.093359
None,他Ｌ,土流保,None,渡島,3026,わ,15.45,None,八雲町,イタヤカエデ,ブナ,山地災害防止（土砂）,0,140.337639,42.116492
None,カラマツ,土流保,None,渡島,3026,は,1.08,None,八雲町,None,他Ｌ,山地災害防止（土砂）,0,140.337646,42.114622
None,他Ｌ,土流保,None,渡島,3026,る,14.29,None,八雲町,イタヤカエデ,ブナ,山地災害防止（土砂）,0,140.336104,42.114188
None,ブナ,土流保,None,渡島,3027,わ,62.0,None,八雲町,イタヤカエデ,他Ｌ,山地災害防止（土砂）,0,140.332763,42.117597
None,ダケカンバ,土流保,None,渡島,3027,は,3.83,None,八雲町,None,カラマツ,山地災害防止（土砂）,0,140.328638,42.11591
None,トドマツ,土流保,None,渡島,3027,に,2.69,None,八雲町,None,イタヤカエデ,山地災害防止（土砂）,0,140.327571,42.117102
None,トドマツ,土流保,None,渡島,3027,ほ,8.15,None,八雲町,None,他Ｌ,山地災害防止（土砂）,0,140.3254,42.117306
None,トドマツ,土流保,None,渡島,3028,よ,8.56,None,八雲町,None,他Ｌ,山地災害防止（土砂）,0,140.323555,42.115416
None,他Ｌ,土流保,None,渡島,3028,た,46.97,None,八雲町,イタヤカエデ,ブナ,山地災害防止（土砂）,0,140.321167,42.115982
None,トドマツ,土流保,None,渡島,3028,か,1.8,None,八雲町,None,イタヤカエデ,山地災害防止（土砂）,0,140.32091,42.115079
None,トドマツ,土流保,None,渡島,3026,へ,1.48,None,八雲町,None,他Ｌ,山地災害防止（土砂）,0,140.337904,42.11359
None,他Ｌ,土流保,None,渡島,3026,る,14.29,None,八雲町,イタヤカエデ,ブナ,山地災害防止（土砂）,0,140.33856,42.112012
None,トドマツ,土流保,None,渡島,3026,ほ,0.38,None,八雲町,None,イタヤカエデ,山地災害防止（土砂）,0,140.339263,42.110855
None,カラマツ,土流保,None,渡島,3026,に,2.91,None,八雲町,None,他Ｌ,山地災害防止（土砂）,0,140.33882,42.109555
None,カラマツ,土流保,None,渡島,3026,い,7.21,None,八雲町,None,他Ｌ,山地災害防止（土砂）,1,140.336718,42.110634
None,カラマツ,土流保,None,渡島,3026,い,2.0,None,八雲町,None,他Ｌ,山地災害防止（土砂）,2,140.336927,42.108748
None,カラマツ,土流保,None,渡島,3026,ろ,0.73,None,八雲町,None,他Ｌ,山地災害防止（土砂）,0,140.33619,42.113341
None,トドマツ,土流保,None,渡島,3027,る,0.35,None,八雲町,None,ダケカンバ,山地災害防止（土砂）,0,140.335261,42.112588
None,トドマツ,土流保,None,渡島,3027,ぬ,0.33,None,八雲町,None,ダケカンバ,山地災害防止（土砂）,0,140.335077,42.11182
None,他Ｌ,土流保,None,渡島,3027,か,13.71,None,八雲町,イタヤカエデ,ブナ,山地災害防止（土砂）,0,140.330307,42.112368
None,トドマツ,土流保,None,渡島,3027,り,0.25,None,八雲町,None,ダケカンバ,山地災害防止（土砂）,0,140.334998,42.110954
None,ダケカンバ,土流保,None,渡島,3027,と,0.31,None,八雲町,None,カラマツ,山地災害防止（土砂）,0,140.335264,42.110297
None,トドマツ,土流保,None,渡島,3027,ち,0.26,None,八雲町,None,ダケカンバ,山地災害防止（土砂）,0,140.3348,42.11032
None,トドマツ,土流保,None,渡島,3027,へ,1.09,None,八雲町,None,他Ｌ,山地災害防止（土砂）,0,140.335624,42.108889
None,カラマツ,土流保,None,渡島,3027,い,3.16,None,八雲町,None,ダケカンバ,山地災害防止（土砂）,0,140.33302,42.110177
None,他Ｌ,土流保,None,渡島,3034,よ,12.02,None,八雲町,イタヤカエデ,ブナ,山地災害防止（土砂）,0,140.33747,42.106004
None,他Ｌ,土流保,None,渡島,3034,ぬ,3.12,None,八雲町,None,トドマツ,山地災害防止（土砂）,0,140.340066,42.103865
None,トドマツ,土流保,None,渡島,3034,り,1.89,None,八雲町,None,イタヤカエデ,山地災害防止（土砂）,0,140.338719,42.103525
None,カラマツ,土流保,None,渡島,3034,と,1.38,None,八雲町,None,他Ｌ,山地災害防止（土砂）,0,140.336398,42.105158
None,トドマツ,土流保,None,渡島,3034,ち,2.5,None,八雲町,None,他Ｌ,山地災害防止（土砂）,0,140.337226,42.104409
None,他Ｌ,土流保,None,渡島,3034,よ,12.02,None,八雲町,イタヤカエデ,ブナ,山地災害防止（土砂）,0,140.336247,42.106965
None,トドマツ,土流保,None,渡島,3034,へ,2.07,None,八雲町,None,他Ｌ,山地災害防止（土砂）,0,140.33589,42.106262
None,None,None,None,渡島,3027,イ,0.02,None,八雲町,None,None,山地災害防止（土砂）,0,140.334122,42.107471
None,他Ｌ,土流保,None,渡島,3027,か,13.71,None,八雲町,イタヤカエデ,ブナ,山地災害防止（土砂）,0,140.334068,42.107395
None,トドマツ,土流保,None,渡島,3028,れ,0.08,None,八雲町,None,None,山地災害防止（土砂）,0,140.33415,42.106958
None,None,None,None,渡島,3028,イ,0.75,None,八雲町,None,None,山地災害防止（土砂）,0,140.330978,42.105975
None,他Ｌ,土流保,None,渡島,3028,た,46.97,None,八雲町,イタヤカエデ,ブナ,山地災害防止（土砂）,0,140.334068,42.107156
None,トドマツ,土流保,None,渡島,3028,ぬ,0.46,None,八雲町,None,None,山地災害防止（土砂）,0,140.333516,42.107178
None,他Ｌ,土流保,None,渡島,3034,わ,1.26,None,八雲町,イタヤカエデ,ブナ,山地災害防止（土砂）,0,140.334348,42.105425
None,カラマツ,土流保,None,渡島,3034,ほ,3.98,None,八雲町,None,他Ｌ,山地災害防止（土砂）,0,140.332946,42.105777
None,ダケカンバ,土流保,None,渡島,3027,ろ,2.33,None,八雲町,None,カラマツ,山地災害防止（土砂）,0,140.331979,42.111928
None,カラマツ,土流保,None,渡島,3028,る,2.3,None,八雲町,None,ダケカンバ,山地災害防止（土砂）,0,140.331777,42.108781
None,カラマツ,土流保,None,渡島,3028,と,4.04,None,八雲町,None,他Ｌ,山地災害防止（土砂）,0,140.328845,42.110247
None,トドマツ,土流保,None,渡島,3028,つ,2.29,None,八雲町,None,イタヤカエデ,山地災害防止（土砂）,0,140.325412,42.112405
None,トドマツ,土流保,None,渡島,3028,は,3.94,None,八雲町,None,他Ｌ,山地災害防止（土砂）,0,140.326332,42.108842
None,カラマツ,土流保,None,渡島,3028,り,2.76,None,八雲町,None,他Ｌ,山地災害防止（土砂）,0,140.331777,42.107174
None,カラマツ,土流保,None,渡島,3028,ち,2.77,None,八雲町,None,他Ｌ,山地災害防止（土砂）,0,140.330785,42.108278
None,他Ｌ,土流保,None,渡島,3028,た,46.97,None,八雲町,イタヤカエデ,ブナ,山地災害防止（土砂）,0,140.330902,42.105642
None,他Ｌ,土流保,None,渡島,3034,い,0.75,None,八雲町,None,カラマツ,山地災害防止（土砂）,0,140.331306,42.10385
None,カラマツ,土流保,None,渡島,3028,へ,3.63,None,八雲町,None,他Ｌ,山地災害防止（土砂）,0,140.328331,42.105382
None,トドマツ,土流保,None,渡島,3028,そ,0.08,None,八雲町,None,None,山地災害防止（土砂）,0,140.328574,42.104668
None,トドマツ,土流保,None,渡島,3033,ほ,1.94,None,八雲町,None,イタヤカエデ,山地災害防止（土砂）,0,140.329478,42.103771
None,他Ｌ,土流保,None,渡島,3028,た,46.97,None,八雲町,イタヤカエデ,ブナ,山地災害防止（土砂）,0,140.328069,42.106455
None,トドマツ,土流保,None,渡島,3028,に,0.43,None,八雲町,カラマツ,イタヤカエデ,山地災害防止（土砂）,0,140.327749,42.106142
None,トドマツ,土流保,None,渡島,3028,ほ,0.51,None,八雲町,None,他Ｌ,山地災害防止（土砂）,0,140.32728,42.105784
None,トドマツ,土流保,None,渡島,3033,と,0.25,None,八雲町,None,None,山地災害防止（土砂）,0,140.328141,42.10382
None,他Ｌ,土流保,None,渡島,3029,ち,22.1,None,八雲町,イタヤカエデ,ブナ,山地災害防止（土砂）,0,140.326102,42.10413
None,トドマツ,土流保,None,渡島,3029,へ,0.98,None,八雲町,None,None,山地災害防止（土砂）,0,140.326177,42.104916
None,他Ｌ,土流保,None,渡島,3035,ち,5.26,None,八雲町,None,カラマツ,山地災害防止（土砂）,1,140.33892,42.100709
None,ブナ,土流保,None,渡島,3034,か,20.33,None,八雲町,イタヤカエデ,他Ｌ,山地災害防止（土砂）,0,140.336509,42.102166
None,トドマツ,土流保,None,渡島,3035,る,0.41,None,八雲町,None,イタヤカエデ,山地災害防止（土砂）,0,140.339297,42.098955
None,カラマツ,土流保,None,渡島,3035,ほ,11.1,None,八雲町,None,ダケカンバ,山地災害防止（土砂）,0,140.338536,42.097624
None,他Ｌ,土流保,None,渡島,3034,よ,12.02,None,八雲町,イタヤカエデ,ブナ,山地災害防止（土砂）,0,140.334754,42.106503
None,他Ｌ,土流保,None,渡島,3034,に,1.61,None,八雲町,None,カラマツ,山地災害防止（土砂）,0,140.333734,42.101045
None,ダケカンバ,土流保,None,渡島,3035,に,1.88,None,八雲町,None,カラマツ,山地災害防止（土砂）,0,140.334817,42.098607
None,カラマツ,土流保,None,渡島,3035,は,0.58,None,八雲町,None,ダケカンバ,山地災害防止（土砂）,0,140.336473,42.09737
None,トドマツ,土流保,None,渡島,3036,る,3.52,None,八雲町,None,他Ｌ,山地災害防止（土砂）,0,140.337732,42.094489
None,カラマツ,土流保,None,渡島,3035,い,1.02,None,八雲町,None,ダケカンバ,山地災害防止（土砂）,0,140.336204,42.096156
None,ダケカンバ,土流保,None,渡島,3035,ろ,1.84,None,八雲町,None,カラマツ,山地災害防止（土砂）,0,140.333757,42.096629
None,他Ｌ,土流保,None,渡島,3036,か,31.07,None,八雲町,イタヤカエデ,ブナ,山地災害防止（土砂）,0,140.33527,42.0937
None,カラマツ,土流保,None,渡島,3034,ろ,0.34,None,八雲町,None,他Ｌ,山地災害防止（土砂）,0,140.331635,42.102899
None,ブナ,土流保,None,渡島,3034,か,20.33,None,八雲町,イタヤカエデ,他Ｌ,山地災害防止（土砂）,0,140.332231,42.101917
None,カラマツ,土流保,None,渡島,3034,は,0.32,None,八雲町,None,他Ｌ,山地災害防止（土砂）,0,140.331943,42.100925
None,None,土流保,None,渡島,3035,イ,2.06,None,八雲町,None,None,山地災害防止（土砂）,0,140.33179,42.099273
None,他Ｌ,土流保,None,渡島,3033,ち,50.01,None,八雲町,イタヤカエデ,ブナ,山地災害防止（土砂）,0,140.328955,42.099834
None,カラマツ,土流保,None,渡島,3033,に,1.32,None,八雲町,None,他Ｌ,山地災害防止（土砂）,0,140.326078,42.102634
None,None,土流保,None,渡島,3033,イ,4.22,None,八雲町,None,None,山地災害防止（土砂）,0,140.326933,42.099038
None,カラマツ,土流保,None,渡島,3033,は,1.42,None,八雲町,None,他Ｌ,山地災害防止（土砂）,0,140.324703,42.100428
None,カラマツ,土流保,None,渡島,3036,ぬ,2.79,None,八雲町,None,他Ｌ,山地災害防止（土砂）,0,140.331674,42.095249
None,他Ｌ,土流保,None,渡島,3036,か,31.07,None,八雲町,イタヤカエデ,ブナ,山地災害防止（土砂）,0,140.329551,42.094626
None,ブナ,土流保,None,渡島,3036,よ,15.25,None,八雲町,イタヤカエデ,他Ｌ,山地災害防止（土砂）,0,140.327204,42.092978
None,トドマツ,土流保,None,渡島,3028,わ,7.2,None,八雲町,None,イタヤカエデ,山地災害防止（土砂）,0,140.320656,42.113459
None,トドマツ,土流保,None,渡島,3028,ろ,3.85,None,八雲町,None,他Ｌ,山地災害防止（土砂）,0,140.32275,42.111232
None,他Ｌ,土流保,None,渡島,3028,い,1.66,None,八雲町,None,トドマツ,山地災害防止（土砂）,0,140.321379,42.111212
None,他Ｌ,土流保,None,渡島,3028,た,46.97,None,八雲町,イタヤカエデ,ブナ,山地災害防止（土砂）,0,140.323197,42.113658
None,他Ｌ,土流保,None,渡島,3029,に,1.72,None,八雲町,None,トドマツ,山地災害防止（土砂）,0,140.31939,42.111202
None,他Ｌ,土流保,None,渡島,3029,と,7.28,None,八雲町,イタヤカエデ,ブナ,山地災害防止（土砂）,0,140.317525,42.109859
None,他Ｌ,土流保,None,渡島,3029,ち,22.1,None,八雲町,イタヤカエデ,ブナ,山地災害防止（土砂）,0,140.32424,42.106058
None,None,None,None,渡島,3029,イ,0.81,None,八雲町,None,None,山地災害防止（土砂）,0,140.32396,42.103712
None,トドマツ,土流保,None,渡島,3029,わ,0.2,None,八雲町,None,None,山地災害防止（土砂）,0,140.323442,42.103876
None,他Ｌ,土流保,None,渡島,3029,と,7.28,None,八雲町,イタヤカエデ,ブナ,山地災害防止（土砂）,0,140.320624,42.103345
None,トドマツ,土流保,None,渡島,3029,ほ,8.0,None,八雲町,None,他Ｌ,山地災害防止（土砂）,0,140.321441,42.105475
None,トドマツ,土流保,None,渡島,3029,は,8.24,None,八雲町,None,他Ｌ,山地災害防止（土砂）,0,140.31938,42.108938
None,トドマツ,土流保,None,渡島,3029,り,0.12,None,八雲町,None,None,山地災害防止（土砂）,0,140.316861,42.107006
None,トドマツ,土流保,None,渡島,3029,ぬ,2.35,None,八雲町,None,None,山地災害防止（土砂）,0,140.316874,42.106121
None,トドマツ,土流保,None,渡島,3029,ろ,1.3,None,八雲町,None,None,山地災害防止（土砂）,0,140.319133,42.105184
None,トドマツ,土流保,None,渡島,3029,る,3.67,None,八雲町,None,None,山地災害防止（土砂）,0,140.317639,42.105018
None,カラマツ,土流保,None,渡島,3029,い,6.4,None,八雲町,None,ダケカンバ,山地災害防止（土砂）,0,140.317054,42.103783
None,トドマツ,土流保,None,渡島,3030,と,10.66,None,八雲町,None,イタヤカエデ,山地災害防止（土砂）,0,140.31234,42.112727
None,他Ｌ,土流保,None,渡島,3030,ぬ,17.4,None,八雲町,イタヤカエデ,ブナ,山地災害防止（土砂）,0,140.315444,42.108673
None,トドマツ,土流保,None,渡島,3030,へ,16.34,None,八雲町,None,イタヤカエデ,山地災害防止（土砂）,0,140.315158,42.111061
None,他Ｌ,土流保,None,渡島,3029,と,7.28,None,八雲町,イタヤカエデ,ブナ,山地災害防止（土砂）,0,140.31657,42.108618
None,他Ｌ,土流保,None,渡島,3029,と,7.28,None,八雲町,イタヤカエデ,ブナ,山地災害防止（土砂）,0,140.31609,42.106039
None,None,土流保,None,渡島,3030,イ,5.19,None,八雲町,None,None,山地災害防止（土砂）,0,140.31442,42.107241
None,トドマツ,土流保,None,渡島,3030,り,0.23,None,八雲町,None,None,山地災害防止（土砂）,0,140.313159,42.105912
None,他Ｌ,土流保,None,渡島,3029,と,7.28,None,八雲町,イタヤカエデ,ブナ,山地災害防止（土砂）,0,140.316552,42.10553
None,他Ｌ,土流保,None,渡島,3030,ぬ,17.4,None,八雲町,イタヤカエデ,ブナ,山地災害防止（土砂）,0,140.31618,42.105143
None,カラマツ,土流保,None,渡島,3030,ち,0.18,None,八雲町,None,他Ｌ,山地災害防止（土砂）,0,140.316162,42.103661
None,トドマツ,土流保,None,渡島,3030,に,0.97,None,八雲町,None,None,山地災害防止（土砂）,0,140.313601,42.105505
None,None,土流保,None,渡島,3030,ロ,1.25,None,八雲町,None,None,山地災害防止（土砂）,0,140.310959,42.108216
None,None,土流保,None,渡島,3030,ハ,2.12,None,八雲町,None,None,山地災害防止（土砂）,0,140.311874,42.105874
None,トドマツ,土流保,None,渡島,3030,ほ,4.45,None,八雲町,None,他Ｌ,山地災害防止（土砂）,0,140.309128,42.107884
None,トドマツ,土流保,None,渡島,3030,は,1.9,None,八雲町,None,他Ｌ,山地災害防止（土砂）,0,140.312204,42.10401
None,ダケカンバ,土流保,None,渡島,3031,か,19.04,None,八雲町,イタヤカエデ,他Ｌ,山地災害防止（土砂）,0,140.307613,42.107307
None,カラマツ,土流保,None,渡島,3031,わ,6.06,None,八雲町,None,他Ｌ,山地災害防止（土砂）,0,140.309648,42.105182
None,ダケカンバ,土流保,None,渡島,3031,か,19.04,None,八雲町,イタヤカエデ,他Ｌ,山地災害防止（土砂）,0,140.307347,42.101429
None,トドマツ,土流保,None,渡島,3031,る,0.59,None,八雲町,None,他Ｌ,山地災害防止（土砂）,0,140.309601,42.104168
None,カラマツ,土流保,None,渡島,3033,ろ,5.38,None,八雲町,None,他Ｌ,山地災害防止（土砂）,0,140.323273,42.101414
None,他Ｌ,土流保,None,渡島,3029,と,7.28,None,八雲町,イタヤカエデ,ブナ,山地災害防止（土砂）,0,140.321939,42.102824
None,トドマツ,土流保,None,渡島,3033,へ,0.2,None,八雲町,None,None,山地災害防止（土砂）,0,140.320752,42.102465
None,None,None,None,渡島,3032,イ,0.09,None,八雲町,None,None,山地災害防止（土砂）,0,140.318727,42.102976
None,トドマツ,土流保,None,渡島,3032,ほ,0.39,None,八雲町,None,None,山地災害防止（土砂）,0,140.318939,42.102196
None,ブナ,土流保,None,渡島,3032,と,8.92,None,八雲町,イタヤカエデ,他Ｌ,山地災害防止（土砂）,2,140.318069,42.102852
None,ブナ,土流保,None,渡島,3032,と,8.92,None,八雲町,イタヤカエデ,他Ｌ,山地災害防止（土砂）,2,140.317598,42.100414
None,カラマツ,土流保,None,渡島,3033,い,5.81,None,八雲町,None,他Ｌ,山地災害防止（土砂）,0,140.320583,42.100167
None,ブナ,土流保,None,渡島,3037,り,40.9,None,八雲町,イタヤカエデ,ダケカンバ,山地災害防止（土砂）,0,140.321918,42.092668
None,ブナ,土流保,None,渡島,3037,ち,10.75,None,八雲町,イタヤカエデ,他Ｌ,山地災害防止（土砂）,0,140.319234,42.095338
None,トドマツ,土流保,None,渡島,3037,と,11.2,None,八雲町,None,イタヤカエデ,山地災害防止（土砂）,0,140.317659,42.093343
None,トドマツ,土流保,None,渡島,3030,い,0.34,None,八雲町,None,None,山地災害防止（土砂）,0,140.315152,42.10284
None,トドマツ,土流保,None,渡島,3032,ろ,5.51,None,八雲町,None,None,山地災害防止（土砂）,0,140.314753,42.100669
None,トドマツ,土流保,None,渡島,3030,ろ,0.16,None,八雲町,None,None,山地災害防止（土砂）,0,140.313787,42.103016
None,トドマツ,土流保,None,渡島,3032,に,0.72,None,八雲町,None,None,山地災害防止（土砂）,0,140.315745,42.10037
None,トドマツ,土流保,None,渡島,3032,い,6.44,None,八雲町,None,イタヤカエデ,山地災害防止（土砂）,0,140.316518,42.09867
None,ブナ,土流保,None,渡島,3032,と,0.63,None,八雲町,イタヤカエデ,他Ｌ,山地災害防止（土砂）,1,140.314639,42.099635
None,トドマツ,土流保,None,渡島,3032,は,1.52,None,八雲町,None,イタヤカエデ,山地災害防止（土砂）,0,140.31351,42.099458
None,イタヤカエデ,土流保,None,渡島,3032,ち,6.43,None,八雲町,None,トドマツ,山地災害防止（土砂）,0,140.314577,42.098282
None,他Ｌ,土流保,None,渡島,3031,ぬ,3.81,None,八雲町,None,カラマツ,山地災害防止（土砂）,0,140.309263,42.10265
None,イタヤカエデ,土流保,None,渡島,3032,ち,6.43,None,八雲町,None,トドマツ,山地災害防止（土砂）,0,140.310795,42.098033
None,他Ｌ,土流保,None,渡島,3033,り,28.09,None,八雲町,イタヤカエデ,ブナ,山地災害防止（土砂）,0,140.314193,42.095468
None,ブナ,土流保,None,渡島,3038,ほ,18.31,None,八雲町,イタヤカエデ,他Ｌ,山地災害防止（土砂）,0,140.313299,42.093363
None,トドマツ,土流保,None,渡島,3032,い,6.44,None,八雲町,None,イタヤカエデ,山地災害防止（土砂）,0,140.312613,42.0977
None,None,土流保,None,渡島,3039,ロ,1.19,None,八雲町,None,None,山地災害防止（土砂）,0,140.311291,42.094469
None,トドマツ,土流保,None,渡島,3093,い,0.36,None,八雲町,None,None,山地災害防止（土砂）,0,140.371152,42.091324
None,トドマツ,土流保,None,渡島,3093,い,0.36,None,八雲町,None,None,山地災害防止（土砂）,0,140.371389,42.090328
None,トドマツ,土流保,None,渡島,3092,ほ,1.23,None,八雲町,None,イタヤカエデ,山地災害防止（土砂）,0,140.369561,42.090074
None,None,土流保,None,渡島,3092,ハ,3.69,None,八雲町,None,None,山地災害防止（土砂）,0,140.368071,42.091328
None,トドマツ,土流保,None,渡島,3092,へ,0.85,None,八雲町,None,イタヤカエデ,山地災害防止（土砂）,0,140.369986,42.087967
None,ブナ,土流保,None,渡島,3092,よ,29.06,None,八雲町,イタヤカエデ,他Ｌ,山地災害防止（土砂）,0,140.368484,42.088957
None,トドマツ,土流保,None,渡島,3092,た,0.7,None,八雲町,None,イタヤカエデ,山地災害防止（土砂）,0,140.366512,42.08934
None,ブナ,土流保,None,渡島,3092,わ,6.18,None,八雲町,イタヤカエデ,他Ｌ,山地災害防止（土砂）,0,140.365813,42.08903
None,トドマツ,土流保,None,渡島,3092,る,0.46,None,八雲町,None,イタヤカエデ,山地災害防止（土砂）,0,140.365619,42.088562
None,トドマツ,土流保,None,渡島,3092,ぬ,0.65,None,八雲町,None,イタヤカエデ,山地災害防止（土砂）,0,140.364521,42.087331
None,ブナ,土流保,None,渡島,3092,わ,6.18,None,八雲町,イタヤカエデ,他Ｌ,山地災害防止（土砂）,0,140.368161,42.084153
None,他Ｌ,土流保,None,渡島,3092,と,0.47,None,八雲町,None,トドマツ,山地災害防止（土砂）,0,140.368545,42.083529
None,他Ｌ,土流保,None,渡島,3092,り,1.29,None,八雲町,None,トドマツ,山地災害防止（土砂）,0,140.367274,42.085889
None,ブナ,土流保,None,渡島,3092,か,26.84,None,八雲町,イタヤカエデ,他Ｌ,山地災害防止（土砂）,0,140.364746,42.091011
None,トドマツ,土流保,None,渡島,3092,ち,1.27,None,八雲町,None,イタヤカエデ,山地災害防止（土砂）,0,140.36736,42.084568
None,ブナ,土流保,None,渡島,3092,わ,6.18,None,八雲町,イタヤカエデ,他Ｌ,山地災害防止（土砂）,0,140.362955,42.091816
None,ブナ,土流保,None,渡島,3092,わ,6.18,None,八雲町,イタヤカエデ,他Ｌ,山地災害防止（土砂）,0,140.361524,42.09219
None,トドマツ,土流保,None,渡島,3092,は,1.33,None,八雲町,None,イタヤカエデ,山地災害防止（土砂）,0,140.362636,42.089328
None,カラマツ,土流保,None,渡島,3063,へ,2.0,None,八雲町,None,他Ｌ,山地災害防止（土砂）,0,140.358288,42.091922
None,カラマツ,土流保,None,渡島,3063,は,0.28,None,八雲町,None,他Ｌ,山地災害防止（土砂）,0,140.358092,42.091044
None,トドマツ,土流保,None,渡島,3063,ろ,0.31,None,八雲町,None,他Ｌ,山地災害防止（土砂）,0,140.357206,42.090758
None,トドマツ,土流保,None,渡島,3063,い,0.82,None,八雲町,None,ミズキ,山地災害防止（土砂）,0,140.357107,42.090391
None,トドマツ,土流保,None,渡島,3064,へ,1.55,None,八雲町,None,他Ｌ,山地災害防止（土砂）,0,140.35573,42.089866
None,ブナ,土流保,None,渡島,3091,は,58.29,None,八雲町,イタヤカエデ,他Ｌ,山地災害防止（土砂）,0,140.363957,42.083283
None,トドマツ,土流保,None,渡島,3091,ろ,0.54,None,八雲町,None,イタヤカエデ,山地災害防止（土砂）,0,140.360147,42.08258
None,トドマツ,土流保,None,渡島,3091,い,7.25,None,八雲町,None,None,山地災害防止（土砂）,0,140.358986,42.085367
None,他Ｌ,土流保,None,渡島,3090,ほ,0.96,None,八雲町,None,トドマツ,山地災害防止（土砂）,0,140.356654,42.083047
None,他Ｌ,土流保,None,渡島,3089,い,1.23,None,八雲町,None,トドマツ,山地災害防止（土砂）,0,140.370498,42.07869
None,トドマツ,土流保,None,渡島,3089,ろ,0.86,None,八雲町,None,イタヤカエデ,山地災害防止（土砂）,0,140.371393,42.077733
None,トドマツ,土流保,None,渡島,3090,り,0.97,None,八雲町,None,イタヤカエデ,山地災害防止（土砂）,0,140.365144,42.078247
None,ブナ,土流保,None,渡島,3087,へ,26.64,None,八雲町,ダケカンバ,他Ｌ,山地災害防止（土砂）,0,140.371367,42.075051
None,None,土流保,None,渡島,3087,ロ,2.49,None,八雲町,None,None,山地災害防止（土砂）,0,140.367851,42.073846
None,トドマツ,土流保,None,渡島,3086,い,17.61,None,八雲町,None,他Ｌ,山地災害防止（土砂）,0,140.37168,42.072308
None,トドマツ,土流保,None,渡島,3089,に,1.01,None,八雲町,None,イタヤカエデ,山地災害防止（土砂）,0,140.366647,42.075545
None,ブナ,土流保,None,渡島,3087,へ,26.64,None,八雲町,ダケカンバ,他Ｌ,山地災害防止（土砂）,0,140.365966,42.075086
None,トドマツ,土流保,None,渡島,3090,ぬ,0.55,None,八雲町,None,イタヤカエデ,山地災害防止（土砂）,0,140.36343,42.078057
None,トドマツ,土流保,None,渡島,3090,ち,0.7,None,八雲町,None,イタヤカエデ,山地災害防止（土砂）,0,140.362527,42.078843
None,ブナ,土流保,None,渡島,3090,わ,48.42,None,八雲町,イタヤカエデ,他Ｌ,山地災害防止（土砂）,0,140.357567,42.078523
None,トドマツ,土流保,None,渡島,3090,る,0.35,None,八雲町,None,イタヤカエデ,山地災害防止（土砂）,0,140.360661,42.078291
None,他Ｌ,土流保,None,渡島,3090,と,0.85,None,八雲町,None,トドマツ,山地災害防止（土砂）,0,140.359419,42.080219
None,トドマツ,土流保,None,渡島,3090,へ,1.85,None,八雲町,None,イタヤカエデ,山地災害防止（土砂）,0,140.356521,42.080317
None,トドマツ,土流保,None,渡島,3090,か,0.53,None,八雲町,None,イタヤカエデ,山地災害防止（土砂）,0,140.359598,42.078212
None,ブナ,土流保,None,渡島,3087,へ,26.64,None,八雲町,ダケカンバ,他Ｌ,山地災害防止（土砂）,0,140.359263,42.076929
None,トドマツ,土流保,None,渡島,3090,に,0.05,None,八雲町,None,他Ｌ,山地災害防止（土砂）,0,140.356267,42.07827
None,カラマツ,土流保,None,渡島,3087,い,12.0,None,八雲町,None,他Ｌ,山地災害防止（土砂）,0,140.358179,42.076652
None,トドマツ,土流保,None,渡島,3087,に,5.97,None,八雲町,カラマツ,イタヤカエデ,山地災害防止（土砂）,0,140.361582,42.07407
None,ブナ,土流保,None,渡島,3087,へ,26.64,None,八雲町,ダケカンバ,他Ｌ,山地災害防止（土砂）,0,140.359243,42.073106
None,None,土流保,None,渡島,3087,イ,1.74,None,八雲町,None,None,山地災害防止（土砂）,0,140.358002,42.075735
None,None,土流保,None,渡島,3087,イ,1.74,None,八雲町,None,None,山地災害防止（土砂）,0,140.357526,42.074528
None,ブナ,土流保,None,渡島,3071,る,5.27,None,八雲町,イタヤカエデ,他Ｌ,山地災害防止（土砂）,0,140.353258,42.073336
None,他Ｌ,土流保,None,渡島,3087,ほ,0.09,None,八雲町,None,トドマツ,山地災害防止（土砂）,0,140.356571,42.074876
None,他Ｌ,土流保,None,渡島,3087,は,1.71,None,八雲町,None,カラマツ,山地災害防止（土砂）,0,140.358431,42.071733
None,カラマツ,土流保,None,渡島,3087,ろ,4.35,None,八雲町,None,他Ｌ,山地災害防止（土砂）,0,140.356448,42.072385
None,トドマツ,土流保,None,渡島,3064,ほ,1.25,None,八雲町,None,イタヤカエデ,山地災害防止（土砂）,0,140.354133,42.089155
None,トドマツ,土流保,None,渡島,3064,に,1.13,None,八雲町,None,None,山地災害防止（土砂）,0,140.354531,42.087401
None,ブナ,土流保,None,渡島,3064,ち,8.56,None,八雲町,イタヤカエデ,他Ｌ,山地災害防止（土砂）,0,140.354431,42.088215
None,トドマツ,土流保,None,渡島,3064,と,0.47,None,八雲町,None,イタヤカエデ,山地災害防止（土砂）,0,140.351994,42.091066
None,ブナ,土流保,None,渡島,3064,り,44.03,None,八雲町,イタヤカエデ,他Ｌ,山地災害防止（土砂）,0,140.351556,42.088248
None,None,土流保,None,渡島,3064,イ,0.48,None,八雲町,None,None,山地災害防止（土砂）,0,140.354696,42.086756
None,None,土流保,None,渡島,3064,イ,0.48,None,八雲町,None,None,山地災害防止（土砂）,0,140.354102,42.085856
None,None,土流保,None,渡島,3064,イ,0.48,None,八雲町,None,None,山地災害防止（土砂）,0,140.354267,42.085462
None,トドマツ,土流保,None,渡島,3064,は,1.62,None,八雲町,None,None,山地災害防止（土砂）,0,140.354126,42.084975
None,ブナ,土流保,None,渡島,3064,ち,8.56,None,八雲町,イタヤカエデ,他Ｌ,山地災害防止（土砂）,0,140.353237,42.084882
None,ブナ,土流保,None,渡島,3064,ち,8.56,None,八雲町,イタヤカエデ,他Ｌ,山地災害防止（土砂）,0,140.355316,42.082774
None,トドマツ,土流保,None,渡島,3064,い,3.16,None,八雲町,None,None,山地災害防止（土砂）,0,140.354839,42.082911
None,トドマツ,土流保,None,渡島,3090,ろ,0.31,None,八雲町,None,イタヤカエデ,山地災害防止（土砂）,0,140.354481,42.081918
None,トドマツ,土流保,None,渡島,3090,ろ,0.31,None,八雲町,None,イタヤカエデ,山地災害防止（土砂）,0,140.35397,42.082033
None,トドマツ,土流保,None,渡島,3064,い,3.16,None,八雲町,None,None,山地災害防止（土砂）,0,140.352432,42.083319
None,トドマツ,土流保,None,渡島,3064,ろ,2.7,None,八雲町,None,ダケカンバ,山地災害防止（土砂）,0,140.351699,42.084983
None,ブナ,土流保,None,渡島,3064,ち,8.56,None,八雲町,イタヤカエデ,他Ｌ,山地災害防止（土砂）,0,140.35059,42.082986
None,カラマツ,土流保,None,渡島,3059,い,3.31,None,八雲町,None,イタヤカエデ,山地災害防止（土砂）,0,140.345662,42.090803
None,他Ｌ,土流保,None,渡島,3059,り,10.82,None,八雲町,ブナ,イタヤカエデ,山地災害防止（土砂）,0,140.348065,42.089114
None,カラマツ,土流保,None,渡島,3058,に,6.8,None,八雲町,None,他Ｌ,山地災害防止（土砂）,0,140.342989,42.088838
None,カラマツ,土流保,None,渡島,3059,ろ,2.02,None,八雲町,None,他Ｌ,山地災害防止（土砂）,0,140.343981,42.091823
None,カラマツ,土流保,None,渡島,3058,ほ,1.72,None,八雲町,None,他Ｌ,山地災害防止（土砂）,0,140.343425,42.090625
None,ブナ,土流保,None,渡島,3058,と,16.63,None,八雲町,イタヤカエデ,他Ｌ,山地災害防止（土砂）,1,140.342214,42.08766
None,カラマツ,土流保,None,渡島,3058,は,3.41,None,八雲町,None,他Ｌ,山地災害防止（土砂）,0,140.340525,42.087175
None,他Ｌ,土流保,None,渡島,3058,ち,30.2,None,八雲町,イタヤカエデ,ブナ,山地災害防止（土砂）,0,140.340694,42.083823
None,トドマツ,土流保,None,渡島,3090,り,0.97,None,八雲町,None,イタヤカエデ,山地災害防止（土砂）,0,140.353926,42.081763
None,トドマツ,土流保,None,渡島,3090,は,1.41,None,八雲町,None,他Ｌ,山地災害防止（土砂）,0,140.355898,42.079785
None,トドマツ,土流保,None,渡島,3090,は,1.41,None,八雲町,None,他Ｌ,山地災害防止（土砂）,0,140.355016,42.079777
None,ブナ,土流保,None,渡島,3090,わ,48.42,None,八雲町,イタヤカエデ,他Ｌ,山地災害防止（土砂）,0,140.35351,42.082282
None,トドマツ,土流保,None,渡島,3070,い,1.55,None,八雲町,None,他Ｌ,山地災害防止（土砂）,0,140.352684,42.081254
None,トドマツ,土流保,None,渡島,3071,ち,0.52,None,八雲町,None,イタヤカエデ,山地災害防止（土砂）,0,140.355055,42.078208
None,トドマツ,土流保,None,渡島,3071,と,0.4,None,八雲町,None,イタヤカエデ,山地災害防止（土砂）,0,140.355595,42.077249
None,トドマツ,土流保,None,渡島,3071,へ,0.32,None,八雲町,None,イタヤカエデ,山地災害防止（土砂）,0,140.355776,42.076515
None,ブナ,土流保,None,渡島,3071,り,19.72,None,八雲町,イタヤカエデ,他Ｌ,山地災害防止（土砂）,0,140.354648,42.075847
None,ブナ,土流保,None,渡島,3071,ぬ,21.81,None,八雲町,イタヤカエデ,他Ｌ,山地災害防止（土砂）,0,140.352121,42.076428
None,トドマツ,土流保,None,渡島,3065,は,3.55,None,八雲町,None,None,山地災害防止（土砂）,0,140.35114,42.081728
None,ブナ,土流保,None,渡島,3070,へ,23.25,None,八雲町,イタヤカエデ,他Ｌ,山地災害防止（土砂）,0,140.35076,42.078672
None,トドマツ,土流保,None,渡島,3070,ろ,0.69,None,八雲町,None,None,山地災害防止（土砂）,0,140.34951,42.078037
None,トドマツ,土流保,None,渡島,3065,ろ,2.5,None,八雲町,None,ダケカンバ,山地災害防止（土砂）,0,140.34935,42.079863
None,イタヤカエデ,土流保,None,渡島,3071,ほ,1.57,None,八雲町,None,トドマツ,山地災害防止（土砂）,0,140.355007,42.074249
None,ブナ,土流保,None,渡島,3087,へ,26.64,None,八雲町,ダケカンバ,他Ｌ,山地災害防止（土砂）,0,140.355322,42.073377
None,イタヤカエデ,土流保,None,渡島,3071,に,1.7,None,八雲町,トドマツ,カラマツ,山地災害防止（土砂）,0,140.353705,42.073879
None,他Ｌ,土流保,None,渡島,3086,と,27.68,None,八雲町,イタヤカエデ,ブナ,山地災害防止（土砂）,0,140.354598,42.073004
None,カラマツ,土流保,None,渡島,3086,に,4.69,None,八雲町,None,None,山地災害防止（土砂）,0,140.35469,42.071444
None,カラマツ,土流保,None,渡島,3086,ろ,2.3,None,八雲町,None,他Ｌ,山地災害防止（土砂）,0,140.354084,42.072285
None,None,None,None,渡島,3086,イ,0.38,None,八雲町,None,None,山地災害防止（土砂）,0,140.354307,42.071644
None,ブナ,土流保,None,渡島,3070,と,22.19,None,八雲町,イタヤカエデ,他Ｌ,山地災害防止（土砂）,0,140.350143,42.075836
None,None,土流保,None,渡島,3071,イ,5.87,None,八雲町,None,None,山地災害防止（土砂）,0,140.352361,42.072571
None,トドマツ,土流保,None,渡島,3066,は,4.5,None,八雲町,None,他Ｌ,山地災害防止（土砂）,0,140.348207,42.07319
None,トドマツ,土流保,None,渡島,3070,は,0.5,None,八雲町,None,None,山地災害防止（土砂）,0,140.349854,42.073403
None,トドマツ,土流保,None,渡島,3066,ろ,0.78,None,八雲町,None,None,山地災害防止（土砂）,0,140.347984,42.071624
None,ブナ,土流保,None,渡島,3065,ほ,40.26,None,八雲町,イタヤカエデ,他Ｌ,山地災害防止（土砂）,0,140.345259,42.079449
None,トドマツ,土流保,None,渡島,3065,い,1.03,None,八雲町,None,ダケカンバ,山地災害防止（土砂）,0,140.347534,42.077451
None,ブナ,土流保,None,渡島,3065,へ,24.5,None,八雲町,イタヤカエデ,他Ｌ,山地災害防止（土砂）,0,140.341305,42.077392
None,トドマツ,土流保,None,渡島,3065,に,4.84,None,八雲町,None,他Ｌ,山地災害防止（土砂）,0,140.34719,42.075703
None,ブナ,土流保,None,渡島,3066,に,1.38,None,八雲町,イタヤカエデ,他Ｌ,山地災害防止（土砂）,0,140.347217,42.071794
None,トドマツ,土流保,None,渡島,3066,い,0.59,None,八雲町,None,None,山地災害防止（土砂）,0,140.344419,42.071809
None,他Ｌ,土流保,None,渡島,3086,と,27.68,None,八雲町,イタヤカエデ,ブナ,山地災害防止（土砂）,0,140.367274,42.070563
None,他Ｌ,土流保,None,渡島,3085,ぬ,43.58,None,八雲町,イタヤカエデ,ブナ,山地災害防止（土砂）,0,140.366352,42.06775
None,カラマツ,土流保,None,渡島,3085,ほ,4.58,None,八雲町,None,他Ｌ,山地災害防止（土砂）,0,140.368038,42.064832
None,None,土流保,None,渡島,3085,ホ,2.88,None,八雲町,None,None,山地災害防止（土砂）,0,140.369681,42.061443
None,None,土流保,None,渡島,3085,ニ,1.25,None,八雲町,None,None,山地災害防止（土砂）,0,140.366424,42.063366
None,None,土流保,None,渡島,3085,ハ,3.06,None,八雲町,None,None,山地災害防止（土砂）,0,140.364585,42.065659
None,トドマツ,土流保,None,渡島,3085,へ,0.4,None,八雲町,None,None,山地災害防止（土砂）,0,140.365295,42.063121
None,トドマツ,土流保,None,渡島,3085,に,1.1,None,八雲町,None,None,山地災害防止（土砂）,0,140.364104,42.064042
None,トドマツ,土流保,None,渡島,3085,と,2.09,None,八雲町,None,None,山地災害防止（土砂）,0,140.36605,42.062009
None,トドマツ,土流保,None,渡島,3085,ち,0.52,None,八雲町,None,None,山地災害防止（土砂）,0,140.367312,42.060487
None,トドマツ,土流保,None,渡島,3085,ち,0.52,None,八雲町,None,None,山地災害防止（土砂）,0,140.366516,42.06008
None,トドマツ,土流保,None,渡島,3085,と,2.09,None,八雲町,None,None,山地災害防止（土砂）,0,140.365971,42.060291
None,None,土流保,None,渡島,3085,ロ,3.15,None,八雲町,None,None,山地災害防止（土砂）,0,140.362407,42.068463
None,他Ｌ,土流保,None,渡島,3086,と,27.68,None,八雲町,イタヤカエデ,ブナ,山地災害防止（土砂）,0,140.359795,42.068493
None,トドマツ,土流保,None,渡島,3085,い,5.63,None,八雲町,None,他Ｌ,山地災害防止（土砂）,0,140.360596,42.067282
None,None,土流保,None,渡島,3085,ハ,3.06,None,八雲町,None,None,山地災害防止（土砂）,0,140.363379,42.066202
None,他Ｌ,土流保,None,渡島,3085,ぬ,43.58,None,八雲町,イタヤカエデ,ブナ,山地災害防止（土砂）,0,140.359996,42.068112
None,トドマツ,土流保,None,渡島,3086,ほ,1.88,None,八雲町,None,他Ｌ,山地災害防止（土砂）,0,140.359511,42.069227
None,カラマツ,土流保,None,渡島,3086,に,4.69,None,八雲町,None,None,山地災害防止（土砂）,0,140.357121,42.069996
None,トドマツ,土流保,None,渡島,3086,は,0.3,None,八雲町,None,None,山地災害防止（土砂）,0,140.35593,42.070007
None,ブナ,土流保,None,渡島,3071,る,5.27,None,八雲町,イタヤカエデ,他Ｌ,山地災害防止（土砂）,0,140.356059,42.069387
None,トドマツ,土流保,None,渡島,3071,ろ,1.3,None,八雲町,None,None,山地災害防止（土砂）,0,140.356181,42.068504
None,カラマツ,土流保,None,渡島,3086,に,4.69,None,八雲町,None,None,山地災害防止（土砂）,0,140.35784,42.067937
None,トドマツ,土流保,None,渡島,3086,は,0.3,None,八雲町,None,None,山地災害防止（土砂）,0,140.358091,42.067942
None,トドマツ,土流保,None,渡島,3085,り,0.1,None,八雲町,None,None,山地災害防止（土砂）,0,140.35872,42.067223
None,トドマツ,土流保,None,渡島,3085,い,5.63,None,八雲町,None,他Ｌ,山地災害防止（土砂）,0,140.358739,42.066649
None,他Ｌ,土流保,None,渡島,3085,ぬ,43.58,None,八雲町,イタヤカエデ,ブナ,山地災害防止（土砂）,0,140.358276,42.06749
None,トドマツ,土流保,None,渡島,3085,は,0.28,None,八雲町,None,None,山地災害防止（土砂）,0,140.363053,42.064672
None,トドマツ,土流保,None,渡島,3085,ろ,2.43,None,八雲町,None,None,山地災害防止（土砂）,0,140.362,42.065285
None,他Ｌ,土流保,None,渡島,3072,に,7.78,None,八雲町,イタヤカエデ,ブナ,山地災害防止（土砂）,0,140.364024,42.063063
None,トドマツ,土流保,None,渡島,3072,い,9.5,None,八雲町,None,他Ｌ,山地災害防止（土砂）,0,140.364152,42.062268
None,他Ｌ,土流保,None,渡島,3072,に,7.78,None,八雲町,イタヤカエデ,ブナ,山地災害防止（土砂）,0,140.36144,42.062688
None,トドマツ,土流保,None,渡島,3072,い,9.5,None,八雲町,None,他Ｌ,山地災害防止（土砂）,0,140.364226,42.060569
None,ブナ,土流保,None,渡島,3071,る,5.27,None,八雲町,イタヤカエデ,他Ｌ,山地災害防止（土砂）,0,140.358064,42.065485
None,トドマツ,土流保,None,渡島,3071,い,1.15,None,八雲町,None,他Ｌ,山地災害防止（土砂）,0,140.358692,42.065268
None,他Ｌ,土流保,None,渡島,3072,ほ,50.57,None,八雲町,イタヤカエデ,ブナ,山地災害防止（土砂）,0,140.36021,42.060904
None,カラマツ,土流保,None,渡島,3084,は,0.68,None,八雲町,None,他Ｌ,山地災害防止（土砂）,0,140.371096,42.060037
None,トドマツ,土流保,None,渡島,3084,ろ,0.28,None,八雲町,None,ミズキ,山地災害防止（土砂）,0,140.370912,42.059339
None,イタヤカエデ,土流保,None,渡島,3073,ろ,0.26,None,八雲町,None,トドマツ,山地災害防止（土砂）,0,140.370965,42.058206
None,他Ｌ,土流保,None,渡島,3073,ち,1.03,None,八雲町,イタヤカエデ,ブナ,山地災害防止（土砂）,0,140.37011,42.058755
None,None,土流保,None,渡島,3073,ロ,0.16,None,八雲町,None,None,山地災害防止（土砂）,0,140.369995,42.058336
None,None,土流保,None,渡島,3084,ロ,1.84,None,八雲町,None,None,山地災害防止（土砂）,0,140.368871,42.059675
None,イタヤカエデ,土流保,None,渡島,3084,い,0.97,None,八雲町,None,トドマツ,山地災害防止（土砂）,0,140.369441,42.059193
None,他Ｌ,土流保,None,渡島,3073,ち,1.03,None,八雲町,イタヤカエデ,ブナ,山地災害防止（土砂）,0,140.369259,42.058034
None,他Ｌ,土流保,None,渡島,3072,に,7.78,None,八雲町,イタヤカエデ,ブナ,山地災害防止（土砂）,0,140.368164,42.05886
None,他Ｌ,土流保,None,渡島,3072,に,7.78,None,八雲町,イタヤカエデ,ブナ,山地災害防止（土砂）,0,140.368315,42.058169
None,トドマツ,土流保,None,渡島,3072,ろ,0.71,None,八雲町,None,他Ｌ,山地災害防止（土砂）,0,140.367933,42.058093
None,他Ｌ,土流保,None,渡島,3073,ち,1.03,None,八雲町,イタヤカエデ,ブナ,山地災害防止（土砂）,0,140.368487,42.057949
None,カラマツ,土流保,None,渡島,3073,い,2.79,None,八雲町,None,他Ｌ,山地災害防止（土砂）,0,140.369276,42.056421
None,他Ｌ,土流保,None,渡島,3073,ち,1.03,None,八雲町,イタヤカエデ,ブナ,山地災害防止（土砂）,0,140.36822,42.057026
None,トドマツ,土流保,None,渡島,3072,は,0.9,None,八雲町,None,カラマツ,山地災害防止（土砂）,0,140.368051,42.056502
None,ミズナラ,土流保,None,渡島,3085,る,0.41,None,八雲町,None,None,山地災害防止（土砂）,0,140.366868,42.060064
None,他Ｌ,土流保,None,渡島,3072,に,7.78,None,八雲町,イタヤカエデ,ブナ,山地災害防止（土砂）,0,140.366396,42.058134
None,None,土流保,None,渡島,3072,ロ,2.44,None,八雲町,None,None,山地災害防止（土砂）,0,140.367148,42.057342
None,他Ｌ,土流保,None,渡島,3073,り,67.88,None,八雲町,イタヤカエデ,ブナ,山地災害防止（土砂）,0,140.372643,42.051428
None,ブナ,土流保,None,渡島,3069,い,102.58,None,八雲町,イタヤカエデ,他Ｌ,山地災害防止（土砂）,0,140.355148,42.058428
None,None,土流保,None,渡島,3086,ロ,0.38,None,八雲町,None,None,山地災害防止（土砂）,0,140.354779,42.070962
None,コバノヤマハンノキ,土流保,None,渡島,3071,は,2.3,None,八雲町,None,イタヤカエデ,山地災害防止（土砂）,0,140.352772,42.070233
None,ブナ,土流保,None,渡島,3071,り,19.72,None,八雲町,イタヤカエデ,他Ｌ,山地災害防止（土砂）,0,140.354918,42.068805
None,ブナ,土流保,None,渡島,3071,る,5.27,None,八雲町,イタヤカエデ,他Ｌ,山地災害防止（土砂）,0,140.351995,42.069921
None,ブナ,土流保,None,渡島,3071,り,19.72,None,八雲町,イタヤカエデ,他Ｌ,山地災害防止（土砂）,0,140.351936,42.070996
None,トドマツ,土流保,None,渡島,3070,に,3.66,None,八雲町,None,None,山地災害防止（土砂）,0,140.350369,42.070602
None,ブナ,土流保,None,渡島,3070,へ,23.25,None,八雲町,イタヤカエデ,他Ｌ,山地災害防止（土砂）,0,140.350482,42.067005
None,トドマツ,土流保,None,渡島,3070,ほ,0.84,None,八雲町,None,他Ｌ,山地災害防止（土砂）,0,140.348767,42.067473
None,ブナ,土流保,None,渡島,3071,ぬ,21.81,None,八雲町,イタヤカエデ,他Ｌ,山地災害防止（土砂）,0,140.355612,42.065824
None,ブナ,土流保,None,渡島,3070,と,22.19,None,八雲町,イタヤカエデ,他Ｌ,山地災害防止（土砂）,0,140.352769,42.064061
None,ブナ,土流保,None,渡島,3066,ほ,29.37,None,八雲町,イタヤカエデ,他Ｌ,山地災害防止（土砂）,0,140.340732,42.070677
None,ブナ,土流保,None,渡島,3067,い,10.2,None,八雲町,イタヤカエデ,他Ｌ,山地災害防止（土砂）,0,140.347271,42.065487
None,ブナ,土流保,None,渡島,3068,ろ,73.48,None,八雲町,イタヤカエデ,他Ｌ,山地災害防止（土砂）,0,140.35432,42.051621
None,トドマツ,土流保,None,渡島,3058,ろ,4.32,None,八雲町,None,他Ｌ,山地災害防止（土砂）,0,140.338266,42.088915
None,カラマツ,土流保,None,渡島,3036,ち,4.44,None,八雲町,None,他Ｌ,山地災害防止（土砂）,0,140.333484,42.092387
None,カラマツ,土流保,None,渡島,3036,れ,0.34,None,八雲町,None,ダケカンバ,山地災害防止（土砂）,0,140.332543,42.090017
None,トドマツ,土流保,None,渡島,3058,い,6.69,None,八雲町,None,他Ｌ,山地災害防止（土砂）,0,140.334914,42.087356
None,他Ｌ,土流保,None,渡島,3058,と,20.19,None,八雲町,イタヤカエデ,ブナ,山地災害防止（土砂）,2,140.337579,42.085686
None,None,土流保,None,渡島,3058,イ,0.94,None,八雲町,None,None,山地災害防止（土砂）,0,140.334743,42.085547
None,トドマツ,土流保,None,渡島,3047,ろ,3.77,None,八雲町,None,None,山地災害防止（土砂）,0,140.333234,42.084886
None,トドマツ,土流保,None,渡島,3058,へ,0.58,None,八雲町,None,他Ｌ,山地災害防止（土砂）,0,140.335326,42.083676
None,トドマツ,土流保,None,渡島,3057,い,1.6,None,八雲町,None,他Ｌ,山地災害防止（土砂）,0,140.335391,42.082222
None,トドマツ,土流保,None,渡島,3047,は,1.3,None,八雲町,None,他Ｌ,山地災害防止（土砂）,0,140.333777,42.083131
None,カラマツ,土流保,None,渡島,3036,り,0.55,None,八雲町,None,他Ｌ,山地災害防止（土砂）,0,140.331098,42.092377
None,カラマツ,土流保,None,渡島,3036,ほ,0.94,None,八雲町,None,他Ｌ,山地災害防止（土砂）,0,140.33168,42.091003
None,カラマツ,土流保,None,渡島,3036,わ,0.66,None,八雲町,None,他Ｌ,山地災害防止（土砂）,0,140.331124,42.089073
None,トドマツ,土流保,None,渡島,3023,り,0.26,None,八雲町,None,None,山地災害防止（土砂）,0,140.33109,42.088169
None,None,None,None,渡島,3036,イ,0.35,None,八雲町,None,None,山地災害防止（土砂）,0,140.329603,42.088446
None,ブナ,土流保,None,渡島,3036,た,2.4,None,八雲町,イタヤカエデ,他Ｌ,山地災害防止（土砂）,0,140.327368,42.0883
None,トドマツ,土流保,None,渡島,3036,に,0.73,None,八雲町,None,None,山地災害防止（土砂）,0,140.329588,42.088171
None,トドマツ,土流保,None,渡島,3036,と,0.81,None,八雲町,None,イタヤカエデ,山地災害防止（土砂）,0,140.328339,42.090881
None,カラマツ,土流保,None,渡島,3036,い,1.16,None,八雲町,None,他Ｌ,山地災害防止（土砂）,0,140.325669,42.091295
None,ブナ,土流保,None,渡島,3036,た,2.4,None,八雲町,イタヤカエデ,他Ｌ,山地災害防止（土砂）,0,140.326558,42.090902
None,他Ｌ,土流保,None,渡島,3036,ろ,0.74,None,八雲町,None,カラマツ,山地災害防止（土砂）,0,140.326481,42.090079
None,カラマツ,土流保,None,渡島,3037,へ,1.62,None,八雲町,None,他Ｌ,山地災害防止（土砂）,0,140.324688,42.090555
None,ダケカンバ,土流保,None,渡島,3036,は,4.37,None,八雲町,None,カラマツ,山地災害防止（土砂）,0,140.328678,42.089801
None,トドマツ,土流保,None,渡島,3036,へ,0.12,None,八雲町,None,イタヤカエデ,山地災害防止（土砂）,0,140.328438,42.088674
None,トドマツ,土流保,None,渡島,3046,は,1.12,None,八雲町,None,他Ｌ,山地災害防止（土砂）,0,140.328509,42.087663
None,ブナ,土流保,None,渡島,3037,ち,10.75,None,八雲町,イタヤカエデ,他Ｌ,山地災害防止（土砂）,0,140.324766,42.088965
None,カラマツ,土流保,None,渡島,3037,ほ,0.88,None,八雲町,None,他Ｌ,山地災害防止（土砂）,0,140.324926,42.088201
None,トドマツ,土流保,None,渡島,3047,い,1.02,None,八雲町,None,他Ｌ,山地災害防止（土砂）,0,140.331774,42.085906
None,他Ｌ,土流保,None,渡島,3047,へ,8.19,None,八雲町,イタヤカエデ,ブナ,山地災害防止（土砂）,0,140.333243,42.086254
None,他Ｌ,土流保,None,渡島,3047,ち,14.69,None,八雲町,イタヤカエデ,ブナ,山地災害防止（土砂）,0,140.329429,42.082813
None,他Ｌ,土流保,None,渡島,3046,ほ,19.91,None,八雲町,イタヤカエデ,ブナ,山地災害防止（土砂）,0,140.327128,42.084565
None,トドマツ,土流保,None,渡島,3047,に,1.8,None,八雲町,None,None,山地災害防止（土砂）,0,140.333613,42.081569
None,トドマツ,土流保,None,渡島,3047,ほ,2.17,None,八雲町,None,None,山地災害防止（土砂）,0,140.33377,42.079244
None,ブナ,土流保,None,渡島,3057,ろ,27.42,None,八雲町,イタヤカエデ,他Ｌ,山地災害防止（土砂）,0,140.334765,42.077251
None,他Ｌ,土流保,None,渡島,3057,は,36.78,None,八雲町,イタヤカエデ,ブナ,山地災害防止（土砂）,0,140.338055,42.075441
None,他Ｌ,土流保,None,渡島,3047,と,41.46,None,八雲町,イタヤカエデ,ブナ,山地災害防止（土砂）,0,140.327669,42.078868
None,他Ｌ,土流保,None,渡島,3056,い,23.68,None,八雲町,イタヤカエデ,ブナ,山地災害防止（土砂）,0,140.327101,42.074447
None,ブナ,土流保,None,渡島,3037,ち,10.75,None,八雲町,イタヤカエデ,他Ｌ,山地災害防止（土砂）,0,140.318488,42.091255
None,トドマツ,土流保,None,渡島,3037,は,3.96,None,八雲町,None,イタヤカエデ,山地災害防止（土砂）,0,140.317138,42.090267
None,カラマツ,土流保,None,渡島,3037,に,9.97,None,八雲町,None,他Ｌ,山地災害防止（土砂）,0,140.319989,42.089066
None,カラマツ,土流保,None,渡島,3037,ろ,3.7,None,八雲町,None,他Ｌ,山地災害防止（土砂）,0,140.317049,42.088685
None,トドマツ,土流保,None,渡島,3037,い,1.19,None,八雲町,None,イタヤカエデ,山地災害防止（土砂）,0,140.31719,42.087573
None,None,土流保,None,渡島,3037,ロ,4.56,None,八雲町,None,None,山地災害防止（土砂）,0,140.323476,42.087057
None,None,None,None,渡島,3037,イ,1.07,None,八雲町,None,None,山地災害防止（土砂）,0,140.322524,42.087292
None,ブナ,土流保,None,渡島,3046,に,37.99,None,八雲町,イタヤカエデ,他Ｌ,山地災害防止（土砂）,0,140.322943,42.084965
None,トドマツ,土流保,None,渡島,3046,ろ,1.04,None,八雲町,None,他Ｌ,山地災害防止（土砂）,0,140.321326,42.082367
None,トドマツ,土流保,None,渡島,3045,へ,0.68,None,八雲町,None,None,山地災害防止（土砂）,0,140.320377,42.085755
None,None,土流保,None,渡島,3037,ロ,4.56,None,八雲町,None,None,山地災害防止（土砂）,0,140.317838,42.086785
None,トドマツ,土流保,None,渡島,3045,ほ,0.44,None,八雲町,None,None,山地災害防止（土砂）,0,140.317222,42.085735
None,ブナ,土流保,None,渡島,3038,ほ,18.31,None,八雲町,イタヤカエデ,他Ｌ,山地災害防止（土砂）,0,140.314853,42.089386
None,トドマツ,土流保,None,渡島,3038,ろ,8.23,None,八雲町,None,イタヤカエデ,山地災害防止（土砂）,0,140.312239,42.088636
None,None,土流保,None,渡島,3038,ハ,0.97,None,八雲町,None,None,山地災害防止（土砂）,0,140.313535,42.088504
None,None,土流保,None,渡島,3038,ロ,8.58,None,八雲町,None,None,山地災害防止（土砂）,0,140.312747,42.092395
None,トドマツ,土流保,None,渡島,3038,に,5.33,None,八雲町,None,イタヤカエデ,山地災害防止（土砂）,0,140.310685,42.090799
None,ブナ,土流保,None,渡島,3038,ほ,18.31,None,八雲町,イタヤカエデ,他Ｌ,山地災害防止（土砂）,0,140.30952,42.088393
None,トドマツ,土流保,None,渡島,3038,は,0.47,None,八雲町,None,他Ｌ,山地災害防止（土砂）,0,140.310403,42.087353
None,カラマツ,土流保,None,渡島,3038,い,5.18,None,八雲町,None,他Ｌ,山地災害防止（土砂）,0,140.313799,42.087049
None,トドマツ,土流保,None,渡島,3045,に,0.46,None,八雲町,None,他Ｌ,山地災害防止（土砂）,0,140.311739,42.085735
None,None,土流保,None,渡島,3038,ロ,8.58,None,八雲町,None,None,山地災害防止（土砂）,0,140.309262,42.086957
None,トドマツ,土流保,None,渡島,3045,は,3.42,None,八雲町,None,イタヤカエデ,山地災害防止（土砂）,0,140.308991,42.085817
None,他Ｌ,土流保,None,渡島,3046,ほ,19.91,None,八雲町,イタヤカエデ,ブナ,山地災害防止（土砂）,0,140.322433,42.078891
None,トドマツ,土流保,None,渡島,3046,い,2.06,None,八雲町,None,他Ｌ,山地災害防止（土砂）,0,140.31985,42.079799
None,他Ｌ,土流保,None,渡島,3048,い,32.69,None,八雲町,イタヤカエデ,ブナ,山地災害防止（土砂）,0,140.322161,42.075828
None,他Ｌ,土流保,None,渡島,3045,り,29.09,None,八雲町,イタヤカエデ,ブナ,山地災害防止（土砂）,0,140.316716,42.081931
None,他Ｌ,土流保,None,渡島,3048,ろ,38.39,None,八雲町,イタヤカエデ,ブナ,山地災害防止（土砂）,0,140.315478,42.078027
None,ブナ,土流保,None,渡島,3049,い,62.56,None,八雲町,イタヤカエデ,他Ｌ,山地災害防止（土砂）,0,140.31155,42.074796
None,ブナ,土流保,None,渡島,3066,へ,34.26,None,八雲町,イタヤカエデ,他Ｌ,山地災害防止（土砂）,0,140.337308,42.069577
None,None,土流保,None,渡島,3067,イ,41.81,None,八雲町,None,None,山地災害防止（土砂）,0,140.340396,42.065366
None,他Ｌ,土流保,None,渡島,3056,ろ,62.16,None,八雲町,イタヤカエデ,ブナ,山地災害防止（土砂）,0,140.328423,42.070689
None,ダケカンバ,土流保,None,渡島,3067,は,134.72,None,八雲町,イタヤカエデ,他Ｌ,自然維持,0,140.324897,42.060375
None,ブナ,土流保,None,渡島,3067,ろ,502.21,None,八雲町,イタヤカエデ,他Ｌ,山地災害防止（土砂）,0,140.337958,42.054065
None,他Ｌ,土流保,None,渡島,3055,は,45.9,None,八雲町,ブナ,ダケカンバ,山地災害防止（土砂）,0,140.320029,42.065329
None,他Ｌ,土流保,None,渡島,3055,い,3.63,None,八雲町,ブナ,ダケカンバ,山地災害防止（土砂）,0,140.319904,42.069179
None,ダケカンバ,土流保,None,渡島,3055,ろ,13.31,None,八雲町,None,他Ｌ,自然維持,0,140.32285,42.062651
None,ダケカンバ,土流保,None,渡島,3054,ろ,29.46,None,八雲町,イタヤカエデ,他Ｌ,自然維持,0,140.320118,42.060103
None,他Ｌ,土流保,None,渡島,3050,い,76.67,None,八雲町,ダケカンバ,ブナ,山地災害防止（土砂）,0,140.31155,42.066057
None,他Ｌ,土流保,None,渡島,3054,い,58.62,None,八雲町,ブナ,ダケカンバ,山地災害防止（土砂）,0,140.31547,42.062025
None,ダケカンバ,土流保,None,渡島,3054,ろ,29.46,None,八雲町,イタヤカエデ,他Ｌ,自然維持,0,140.322819,42.055739
None,他Ｌ,土流保,None,渡島,3053,い,53.92,None,八雲町,ブナ,ダケカンバ,山地災害防止（土砂）,0,140.310061,42.056978
None,ダケカンバ,土流保,None,渡島,3053,ろ,41.32,None,八雲町,イタヤカエデ,他Ｌ,自然維持,0,140.317478,42.051081
None,ダケカンバ,土流保,None,渡島,1,は,6.12,None,八雲町,None,カラマツ,山地災害防止（土砂）,0,140.302064,42.126405
None,トドマツ,土流保,None,渡島,1,ろ,9.88,None,八雲町,None,None,山地災害防止（土砂）,0,140.297711,42.126772
None,None,土流保,None,渡島,2,イ,1.38,None,八雲町,None,None,山地災害防止（土砂）,0,140.306166,42.119081
None,ブナ,土流保,None,渡島,1,ほ,42.98,None,八雲町,他Ｌ,イタヤカエデ,山地災害防止（土砂）,0,140.299191,42.124622
None,ブナ,土流保,None,渡島,2,は,47.13,None,八雲町,他Ｌ,ダケカンバ,山地災害防止（土砂）,0,140.304601,42.119975
None,ダケカンバ,土流保,None,渡島,2,に,11.13,None,八雲町,None,他Ｌ,山地災害防止（土砂）,0,140.305904,42.115047
None,ダケカンバ,土流保,None,渡島,2,い,5.53,None,八雲町,None,None,山地災害防止（土砂）,0,140.30231,42.118599
None,トドマツ,土流保,None,渡島,2,ろ,6.37,None,八雲町,None,None,山地災害防止（土砂）,0,140.299365,42.119841
None,トドマツ,土流保,None,渡島,3,い,1.56,None,八雲町,None,ダケカンバ,山地災害防止（土砂）,0,140.295513,42.122076
None,トドマツ,土流保,None,渡島,3,ろ,18.84,None,八雲町,None,None,山地災害防止（土砂）,0,140.293487,42.121863
None,ブナ,土流保,None,渡島,3,ち,45.67,None,八雲町,他Ｌ,シナノキ,山地災害防止（土砂）,0,140.29335,42.117039
None,ブナ,土流保,None,渡島,3,ち,45.67,None,八雲町,他Ｌ,シナノキ,山地災害防止（土砂）,0,140.298146,42.114722
None,カラマツ,土流保,None,渡島,1,い,6.28,None,八雲町,None,None,山地災害防止（土砂）,0,140.291247,42.129121
None,トドマツ,土流保,None,渡島,1,に,16.09,None,八雲町,None,None,山地災害防止（土砂）,0,140.292431,42.125589
None,ブナ,土流保,None,渡島,1,ほ,42.98,None,八雲町,他Ｌ,イタヤカエデ,山地災害防止（土砂）,0,140.289703,42.126587
None,ブナ,土流保,None,渡島,6,ち,2.44,None,八雲町,他Ｌ,イタヤカエデ,山地災害防止（土砂）,0,140.289136,42.124967
None,トドマツ,土流保,None,渡島,6,い,2.06,None,八雲町,None,None,山地災害防止（土砂）,0,140.288324,42.125432
None,ダケカンバ,土流保,None,渡島,3,と,2.05,None,八雲町,None,トドマツ,山地災害防止（土砂）,0,140.289566,42.120755
None,トドマツ,土流保,None,渡島,3,は,7.37,None,八雲町,None,None,山地災害防止（土砂）,0,140.291308,42.120169
None,ブナ,土流保,None,渡島,6,と,13.94,None,八雲町,他Ｌ,イタヤカエデ,山地災害防止（土砂）,0,140.288474,42.124142
None,ブナ,土流保,None,渡島,6,ち,2.44,None,八雲町,他Ｌ,イタヤカエデ,山地災害防止（土砂）,0,140.288736,42.123241
None,トドマツ,土流保,None,渡島,6,ろ,1.24,None,八雲町,None,None,山地災害防止（土砂）,0,140.287782,42.12322
None,ブナ,土流保,None,渡島,6,ち,2.44,None,八雲町,他Ｌ,イタヤカエデ,山地災害防止（土砂）,0,140.287005,42.12092
None,カラマツ,土流保,None,渡島,6,は,3.79,None,八雲町,None,None,山地災害防止（土砂）,0,140.285902,42.12146
None,トドマツ,土流保,None,渡島,3,に,3.0,None,八雲町,None,None,山地災害防止（土砂）,0,140.292512,42.117959
None,トドマツ,土流保,None,渡島,3,ほ,3.95,None,八雲町,None,None,山地災害防止（土砂）,0,140.29074,42.117412
None,トドマツ,土流保,None,渡島,3,へ,21.78,None,八雲町,None,None,山地災害防止（土砂）,0,140.292165,42.115345
None,ブナ,土流保,None,渡島,5,い,23.54,None,八雲町,ハンノキ,他Ｌ,山地災害防止（土砂）,0,140.289205,42.111764
None,ブナ,土流保,None,渡島,6,と,13.94,None,八雲町,他Ｌ,イタヤカエデ,山地災害防止（土砂）,0,140.285902,42.119072
None,ブナ,土流保,None,渡島,6,ち,2.44,None,八雲町,他Ｌ,イタヤカエデ,山地災害防止（土砂）,0,140.285901,42.117115
None,ブナ,土流保,None,渡島,7,る,3.94,None,八雲町,他Ｌ,イタヤカエデ,山地災害防止（土砂）,0,140.28744,42.110352
None,カラマツ,土流保,None,渡島,6,に,0.92,None,八雲町,None,None,山地災害防止（土砂）,0,140.284196,42.1202
None,ブナ,土流保,None,渡島,6,ち,2.44,None,八雲町,他Ｌ,イタヤカエデ,山地災害防止（土砂）,0,140.285793,42.118351
None,トドマツ,土流保,None,渡島,6,へ,7.56,None,八雲町,None,None,山地災害防止（土砂）,0,140.284686,42.117694
None,カラマツ,土流保,None,渡島,6,ほ,0.48,None,八雲町,None,None,山地災害防止（土砂）,0,140.282528,42.119142
None,ブナ,土流保,None,渡島,6,と,13.94,None,八雲町,他Ｌ,イタヤカエデ,山地災害防止（土砂）,0,140.283311,42.118415
None,ブナ,土流保,None,渡島,6,と,13.94,None,八雲町,他Ｌ,イタヤカエデ,山地災害防止（土砂）,0,140.281413,42.117489
None,カラマツ,土流保,None,渡島,7,い,3.08,None,八雲町,None,None,山地災害防止（土砂）,0,140.2847,42.11544
None,スギ,None,None,渡島,7,へ,2.39,None,八雲町,None,None,水源涵養,0,140.28144,42.115392
None,トドマツ,None,None,渡島,7,と,1.72,None,八雲町,None,他Ｌ,水源涵養,0,140.281355,42.113891
None,ブナ,None,None,渡島,7,り,3.56,None,八雲町,他Ｌ,イタヤカエデ,水源涵養,0,140.280049,42.115072
None,ダケカンバ,土流保,None,渡島,4,に,21.68,None,八雲町,None,他Ｌ,山地災害防止（土砂）,0,140.305758,42.112254
None,ブナ,土流保,None,渡島,3030,る,14.45,None,八雲町,ダケカンバ,他Ｌ,山地災害防止（土砂）,0,140.308804,42.10991
None,ダケカンバ,土流保,None,渡島,3030,わ,8.27,None,八雲町,イタヤカエデ,他Ｌ,山地災害防止（土砂）,0,140.308011,42.112698
None,トドマツ,土流保,None,渡島,3031,ち,0.98,None,八雲町,None,他Ｌ,山地災害防止（土砂）,0,140.307727,42.106561
None,トドマツ,土流保,None,渡島,3031,た,1.01,None,八雲町,None,None,山地災害防止（土砂）,0,140.308281,42.104889
None,他Ｌ,土流保,None,渡島,3031,と,1.96,None,八雲町,None,カラマツ,山地災害防止（土砂）,0,140.306805,42.104348
None,トドマツ,土流保,None,渡島,3031,ほ,10.27,None,八雲町,None,他Ｌ,山地災害防止（土砂）,0,140.303945,42.10471
None,ブナ,土流保,None,渡島,4,は,30.76,None,八雲町,他Ｌ,ハンノキ,山地災害防止（土砂）,0,140.300667,42.111805
None,ダケカンバ,土流保,None,渡島,4,ろ,3.17,None,八雲町,None,トドマツ,山地災害防止（土砂）,0,140.297575,42.111345
None,ダケカンバ,土流保,None,渡島,5,は,6.44,None,八雲町,None,他Ｌ,山地災害防止（土砂）,0,140.300661,42.107603
None,ダケカンバ,土流保,None,渡島,3031,よ,19.25,None,八雲町,他Ｌ,イタヤカエデ,山地災害防止（土砂）,0,140.30118,42.105988
None,ダケカンバ,土流保,None,渡島,5,ろ,40.08,None,八雲町,None,他Ｌ,山地災害防止（土砂）,0,140.295463,42.106753
None,トドマツ,土流保,None,渡島,3031,り,1.77,None,八雲町,None,None,山地災害防止（土砂）,0,140.307003,42.103134
None,トドマツ,土流保,None,渡島,3031,へ,4.3,None,八雲町,None,ダケカンバ,山地災害防止（土砂）,0,140.306146,42.102128
None,ブナ,土流保,None,渡島,3032,へ,39.67,None,八雲町,イタヤカエデ,他Ｌ,山地災害防止（土砂）,0,140.311045,42.100428
None,トドマツ,土流保,None,渡島,3031,に,5.39,None,八雲町,None,ダケカンバ,山地災害防止（土砂）,0,140.304141,42.102044
None,ダケカンバ,土流保,None,渡島,3031,か,19.04,None,八雲町,イタヤカエデ,他Ｌ,山地災害防止（土砂）,0,140.303052,42.101531
None,トドマツ,土流保,None,渡島,3039,ろ,5.54,None,八雲町,None,他Ｌ,山地災害防止（土砂）,0,140.307423,42.096336
None,他Ｌ,土流保,None,渡島,3039,に,57.48,None,八雲町,イタヤカエデ,ブナ,山地災害防止（土砂）,0,140.303753,42.094846
None,トドマツ,土流保,None,渡島,3031,は,9.54,None,八雲町,None,他Ｌ,山地災害防止（土砂）,0,140.301298,42.102917
None,トドマツ,土流保,None,渡島,3031,い,0.76,None,八雲町,None,ダケカンバ,山地災害防止（土砂）,0,140.300883,42.100815
None,ダケカンバ,土流保,None,渡島,3031,か,19.04,None,八雲町,イタヤカエデ,他Ｌ,山地災害防止（土砂）,0,140.299377,42.10135
None,トドマツ,土流保,None,渡島,3031,ろ,4.91,None,八雲町,None,他Ｌ,山地災害防止（土砂）,0,140.29789,42.102826
None,ブナ,土流保,None,渡島,12,り,12.0,None,八雲町,他Ｌ,イタヤカエデ,山地災害防止（土砂）,0,140.293691,42.097927
None,トドマツ,土流保,None,渡島,3039,は,3.05,None,八雲町,None,他Ｌ,山地災害防止（土砂）,0,140.300814,42.096849
None,None,土流保,None,渡島,3039,イ,0.69,None,八雲町,None,None,山地災害防止（土砂）,0,140.298185,42.097274
None,None,土流保,None,渡島,3040,ハ,1.68,None,八雲町,None,None,山地災害防止（土砂）,0,140.297373,42.096788
None,トドマツ,土流保,None,渡島,3040,に,1.1,None,八雲町,None,他Ｌ,山地災害防止（土砂）,0,140.300375,42.093912
None,None,土流保,None,渡島,3040,ロ,0.57,None,八雲町,None,None,山地災害防止（土砂）,0,140.296284,42.096209
None,トドマツ,土流保,None,渡島,3040,ほ,1.6,None,八雲町,None,None,山地災害防止（土砂）,0,140.296501,42.094879
None,ダケカンバ,土流保,None,渡島,4,い,1.19,None,八雲町,None,トドマツ,山地災害防止（土砂）,0,140.292316,42.11037
None,カラマツ,土流保,None,渡島,7,ろ,5.27,None,八雲町,None,他Ｌ,山地災害防止（土砂）,0,140.285733,42.113962
None,カラマツ,土流保,None,渡島,7,は,6.61,None,八雲町,None,イタヤカエデ,山地災害防止（土砂）,0,140.286238,42.111262
None,ブナ,土流保,None,渡島,9,ほ,57.73,None,八雲町,イタヤカエデ,他Ｌ,山地災害防止（土砂）,0,140.288793,42.106601
None,ダケカンバ,土流保,None,渡島,9,は,6.9,None,八雲町,None,トドマツ,山地災害防止（土砂）,0,140.285128,42.105227
None,ブナ,土流保,None,渡島,7,ぬ,18.18,None,八雲町,他Ｌ,イタヤカエデ,山地災害防止（土砂）,0,140.28294,42.112597
None,ダケカンバ,土流保,None,渡島,7,に,3.82,None,八雲町,None,カラマツ,山地災害防止（土砂）,0,140.282073,42.110798
None,ブナ,None,None,渡島,7,り,3.56,None,八雲町,他Ｌ,イタヤカエデ,水源涵養,0,140.280831,42.113294
None,トドマツ,None,None,渡島,7,ち,3.93,None,八雲町,None,None,水源涵養,0,140.279546,42.112785
None,ブナ,土流保,None,渡島,7,る,3.94,None,八雲町,他Ｌ,イタヤカエデ,山地災害防止（土砂）,0,140.281013,42.110428
None,カラマツ,土流保,None,渡島,7,ほ,2.54,None,八雲町,None,None,山地災害防止（土砂）,0,140.278969,42.110634
None,ブナ,土流保,None,渡島,7,る,3.94,None,八雲町,他Ｌ,イタヤカエデ,山地災害防止（土砂）,0,140.278703,42.109902
None,トドマツ,土流保,None,渡島,9,ろ,7.9,None,八雲町,None,None,山地災害防止（土砂）,0,140.280602,42.107354
None,ブナ,土流保,None,渡島,10,り,0.94,None,八雲町,イタヤカエデ,他Ｌ,山地災害防止（土砂）,0,140.280921,42.104755
None,トドマツ,土流保,None,渡島,9,い,5.72,None,八雲町,None,None,山地災害防止（土砂）,0,140.279826,42.105801
None,ブナ,土流保,None,渡島,9,に,7.5,None,八雲町,イタヤカエデ,他Ｌ,山地災害防止（土砂）,0,140.282959,42.105515
None,他Ｌ,土流保,None,渡島,11,と,42.19,None,八雲町,ブナ,ダケカンバ,山地災害防止（土砂）,0,140.291007,42.100402
None,トドマツ,土流保,None,渡島,11,へ,7.07,None,八雲町,None,None,山地災害防止（土砂）,0,140.286707,42.100013
None,トドマツ,土流保,None,渡島,12,ち,1.83,None,八雲町,None,None,山地災害防止（土砂）,0,140.290965,42.096795
None,トドマツ,土流保,None,渡島,12,ほ,1.81,None,八雲町,None,None,山地災害防止（土砂）,0,140.289958,42.094925
None,トドマツ,土流保,None,渡島,12,と,3.18,None,八雲町,None,None,山地災害防止（土砂）,0,140.289628,42.093019
None,トドマツ,土流保,None,渡島,12,へ,6.96,None,八雲町,None,None,山地災害防止（土砂）,0,140.288667,42.09606
None,カラマツ,土流保,None,渡島,12,に,9.54,None,八雲町,None,None,山地災害防止（土砂）,0,140.28678,42.093181
None,トドマツ,土流保,None,渡島,10,に,19.98,None,八雲町,None,None,山地災害防止（土砂）,0,140.281471,42.102812
None,カラマツ,土流保,None,渡島,10,ほ,8.71,None,八雲町,None,None,山地災害防止（土砂）,0,140.276626,42.100964
None,トドマツ,土流保,None,渡島,11,ほ,12.16,None,八雲町,None,None,山地災害防止（土砂）,0,140.285232,42.097415
None,トドマツ,土流保,None,渡島,11,に,2.93,None,八雲町,None,None,山地災害防止（土砂）,0,140.28277,42.096969
None,ブナ,土流保,None,渡島,12,る,3.16,None,八雲町,イタヤカエデ,他Ｌ,山地災害防止（土砂）,0,140.291496,42.094506
None,カラマツ,土流保,None,渡島,12,は,4.99,None,八雲町,None,None,山地災害防止（土砂）,0,140.284729,42.092986
None,カラマツ,土流保,None,渡島,12,は,4.99,None,八雲町,None,None,山地災害防止（土砂）,0,140.283444,42.09394
None,カラマツ,土流保,None,渡島,11,は,7.89,None,八雲町,None,None,山地災害防止（土砂）,0,140.280935,42.096426
None,None,土流保,None,渡島,11,ロ,3.13,None,八雲町,None,None,山地災害防止（土砂）,0,140.278677,42.095877
None,トドマツ,土流保,None,渡島,12,ろ,7.12,None,八雲町,None,None,山地災害防止（土砂）,0,140.281451,42.093515
None,None,土流保,None,渡島,12,ロ,1.42,None,八雲町,None,None,山地災害防止（土砂）,0,140.279902,42.093507
None,トドマツ,土流保,None,渡島,12,い,2.56,None,八雲町,None,None,山地災害防止（土砂）,0,140.279444,42.093258
None,ブナ,土流保,None,渡島,13,ろ,7.73,None,八雲町,他Ｌ,イタヤカエデ,山地災害防止（土砂）,0,140.278618,42.092548
None,トドマツ,土流保,None,渡島,12,い,2.56,None,八雲町,None,None,山地災害防止（土砂）,0,140.278065,42.093223
None,他Ｌ,土流保,None,渡島,83,ほ,15.1,None,八雲町,ニレ,シナノキ,山地災害防止（土砂）,0,140.272743,42.123519
None,アカエゾマツ,None,None,渡島,8,と,0.46,None,八雲町,None,None,水源涵養,0,140.276007,42.117275
None,トドマツ,None,None,渡島,8,ほ,1.46,None,八雲町,None,None,水源涵養,0,140.276789,42.115396
None,ブナ,None,None,渡島,8,ち,0.7,None,八雲町,他Ｌ,イタヤカエデ,水源涵養,0,140.276646,42.116086
None,トドマツ,None,None,渡島,8,へ,11.0,None,八雲町,None,None,水源涵養,0,140.274203,42.115061
None,ブナ,土流保,None,渡島,8,ぬ,1.63,None,八雲町,他Ｌ,イタヤカエデ,山地災害防止（土砂）,0,140.275395,42.107529
None,カラマツ,土流保,None,渡島,8,は,8.01,None,八雲町,None,None,山地災害防止（土砂）,0,140.275499,42.109184
None,カラマツ,土流保,None,渡島,8,に,3.0,None,八雲町,None,None,山地災害防止（土砂）,0,140.275441,42.111153
None,ブナ,None,None,渡島,8,ち,0.7,None,八雲町,他Ｌ,イタヤカエデ,水源涵養,0,140.272745,42.113832
None,カラマツ,土流保,None,渡島,8,い,6.6,None,八雲町,None,None,山地災害防止（土砂）,0,140.272384,42.112724
None,カラマツ,土流保,None,渡島,8,ろ,4.3,None,八雲町,None,None,山地災害防止（土砂）,0,140.272785,42.110304
None,None,土流保,None,渡島,9,イ,6.94,None,八雲町,None,None,山地災害防止（土砂）,0,140.27678,42.107219
None,トドマツ,土流保,None,渡島,10,と,2.77,None,八雲町,None,None,山地災害防止（土砂）,0,140.276675,42.099151
None,ブナ,土流保,None,渡島,10,ち,43.92,None,八雲町,イタヤカエデ,他Ｌ,山地災害防止（土砂）,0,140.281712,42.099806
None,他Ｌ,土流保,None,渡島,11,と,42.19,None,八雲町,ブナ,ダケカンバ,山地災害防止（土砂）,0,140.275603,42.096157
None,トドマツ,土流保,None,渡島,11,い,1.19,None,八雲町,None,None,山地災害防止（土砂）,0,140.274045,42.096443
None,None,土流保,None,渡島,11,イ,1.68,None,八雲町,None,None,山地災害防止（土砂）,0,140.277379,42.094247
None,トドマツ,土流保,None,渡島,11,ろ,2.95,None,八雲町,None,None,山地災害防止（土砂）,0,140.275811,42.094646
None,ブナ,土流保,None,渡島,12,る,3.16,None,八雲町,イタヤカエデ,他Ｌ,山地災害防止（土砂）,0,140.277474,42.093585
None,トドマツ,土流保,None,渡島,12,い,2.56,None,八雲町,None,None,山地災害防止（土砂）,0,140.277587,42.093443
None,ブナ,土流保,None,渡島,13,ろ,7.73,None,八雲町,他Ｌ,イタヤカエデ,山地災害防止（土砂）,0,140.275451,42.092658
None,None,土流保,None,渡島,12,イ,0.15,None,八雲町,None,None,山地災害防止（土砂）,0,140.27778,42.093506
None,None,土流保,None,渡島,11,イ,1.68,None,八雲町,None,None,山地災害防止（土砂）,0,140.276345,42.093169
None,None,None,None,渡島,11,ハ,0.02,None,八雲町,None,None,山地災害防止（土砂）,0,140.276514,42.09326
None,トドマツ,土流保,None,渡島,11,ろ,2.95,None,八雲町,None,None,山地災害防止（土砂）,0,140.276036,42.093212
None,ブナ,土流保,None,渡島,12,る,3.16,None,八雲町,イタヤカエデ,他Ｌ,山地災害防止（土砂）,0,140.276467,42.093062
None,ブナ,土流保,None,渡島,12,ぬ,3.81,None,八雲町,他Ｌ,イタヤカエデ,山地災害防止（土砂）,0,140.277626,42.092817
None,トドマツ,土流保,None,渡島,14,い,1.59,None,八雲町,None,None,山地災害防止（土砂）,0,140.274048,42.094541
None,トドマツ,土流保,None,渡島,12,い,2.56,None,八雲町,None,None,山地災害防止（土砂）,0,140.275557,42.093271
None,ブナ,土流保,None,渡島,12,ぬ,3.81,None,八雲町,他Ｌ,イタヤカエデ,山地災害防止（土砂）,0,140.27546,42.093371
None,None,土流保,None,渡島,12,イ,0.15,None,八雲町,None,None,山地災害防止（土砂）,0,140.275542,42.093199
None,ブナ,土流保,None,渡島,13,ろ,7.73,None,八雲町,他Ｌ,イタヤカエデ,山地災害防止（土砂）,0,140.275337,42.093163
None,ブナ,土流保,None,渡島,14,ち,9.27,None,八雲町,他Ｌ,シナノキ,山地災害防止（土砂）,0,140.274934,42.093204
None,None,土流保,None,渡島,13,イ,0.04,None,八雲町,None,None,山地災害防止（土砂）,0,140.275289,42.092859
None,ブナ,土流保,None,渡島,14,ち,9.27,None,八雲町,他Ｌ,シナノキ,山地災害防止（土砂）,0,140.274953,42.092636
None,ブナ,土流保,None,渡島,14,ち,9.27,None,八雲町,他Ｌ,シナノキ,山地災害防止（土砂）,0,140.274859,42.092466
None,トドマツ,土流保,None,渡島,14,ろ,0.83,None,八雲町,None,None,山地災害防止（土砂）,0,140.274882,42.092671
None,トドマツ,土流保,None,渡島,14,ろ,0.83,None,八雲町,None,None,山地災害防止（土砂）,0,140.274294,42.09301
None,None,土流保,None,渡島,10,イ,2.06,None,八雲町,None,None,山地災害防止（土砂）,0,140.274029,42.097779
None,ブナ,土流保,None,渡島,14,ち,9.27,None,八雲町,他Ｌ,シナノキ,山地災害防止（土砂）,0,140.271251,42.092493
None,トドマツ,土流保,None,渡島,14,は,3.6,None,八雲町,None,None,水源涵養,0,140.273009,42.092868
None,トドマツ,土流保,None,渡島,3039,い,2.93,None,八雲町,None,他Ｌ,山地災害防止（土砂）,0,140.306206,42.09228
None,None,土流保,None,渡島,3038,ロ,8.58,None,八雲町,None,None,山地災害防止（土砂）,0,140.307904,42.088408
None,None,None,None,渡島,3038,イ,0.97,None,八雲町,None,None,山地災害防止（土砂）,0,140.315594,42.086311
None,他Ｌ,土流保,None,渡島,3041,は,1.5,None,八雲町,イタヤカエデ,ブナ,山地災害防止（土砂）,0,140.307133,42.087797
None,トドマツ,土流保,None,渡島,3041,い,6.84,None,八雲町,None,None,山地災害防止（土砂）,0,140.307311,42.087489
None,None,土流保,None,渡島,3039,ハ,1.0,None,八雲町,None,None,山地災害防止（土砂）,0,140.30571,42.089004
None,トドマツ,土流保,None,渡島,3041,い,6.84,None,八雲町,None,None,山地災害防止（土砂）,0,140.306742,42.087704
None,ブナ,土流保,None,渡島,3040,へ,23.38,None,八雲町,イタヤカエデ,他Ｌ,山地災害防止（土砂）,0,140.302671,42.089945
None,トドマツ,土流保,None,渡島,3040,い,3.2,None,八雲町,None,None,山地災害防止（土砂）,0,140.303583,42.088503
None,None,None,None,渡島,3041,イ,0.94,None,八雲町,None,None,山地災害防止（土砂）,0,140.303469,42.084704
None,トドマツ,土流保,None,渡島,3041,い,6.84,None,八雲町,None,None,山地災害防止（土砂）,0,140.308118,42.086824
None,他Ｌ,土流保,None,渡島,3045,と,1.06,None,八雲町,イタヤカエデ,ブナ,山地災害防止（土砂）,0,140.308284,42.085003
None,トドマツ,土流保,None,渡島,3045,ろ,1.38,None,八雲町,None,他Ｌ,山地災害防止（土砂）,0,140.307585,42.084183
None,他Ｌ,土流保,None,渡島,3041,に,14.94,None,八雲町,ダケカンバ,ブナ,山地災害防止（土砂）,0,140.308573,42.086844
None,トドマツ,土流保,None,渡島,3041,い,6.84,None,八雲町,None,None,山地災害防止（土砂）,0,140.305225,42.085458
None,他Ｌ,土流保,None,渡島,3045,ち,54.92,None,八雲町,イタヤカエデ,ブナ,山地災害防止（土砂）,0,140.30693,42.081651
None,トドマツ,土流保,None,渡島,3041,い,6.84,None,八雲町,None,None,山地災害防止（土砂）,0,140.303953,42.086367
None,他Ｌ,土流保,None,渡島,3041,は,1.5,None,八雲町,イタヤカエデ,ブナ,山地災害防止（土砂）,0,140.301455,42.086581
None,トドマツ,土流保,None,渡島,3045,い,2.39,None,八雲町,None,他Ｌ,山地災害防止（土砂）,0,140.304658,42.082808
None,トドマツ,土流保,None,渡島,3042,い,0.21,None,八雲町,None,イタヤカエデ,山地災害防止（土砂）,0,140.301542,42.083376
None,None,None,None,渡島,3042,イ,0.17,None,八雲町,None,None,山地災害防止（土砂）,0,140.302218,42.082561
None,トドマツ,土流保,None,渡島,3040,は,1.66,None,八雲町,None,他Ｌ,山地災害防止（土砂）,0,140.299625,42.092356
None,トドマツ,土流保,None,渡島,3040,ろ,5.45,None,八雲町,None,他Ｌ,山地災害防止（土砂）,0,140.300191,42.090025
None,ブナ,土流保,None,渡島,3040,と,9.0,None,八雲町,イタヤカエデ,他Ｌ,山地災害防止（土砂）,0,140.297412,42.088909
None,他Ｌ,土流保,None,渡島,3040,ち,27.93,None,八雲町,イタヤカエデ,ブナ,山地災害防止（土砂）,0,140.29584,42.092216
None,None,土流保,None,渡島,3040,イ,0.89,None,八雲町,None,None,山地災害防止（土砂）,0,140.294743,42.0903
None,他Ｌ,土流保,None,渡島,3041,に,14.94,None,八雲町,ダケカンバ,ブナ,山地災害防止（土砂）,0,140.300716,42.084978
None,トドマツ,土流保,None,渡島,3041,ろ,1.55,None,八雲町,None,他Ｌ,山地災害防止（土砂）,0,140.29804,42.082998
None,ダケカンバ,土流保,None,渡島,3041,ほ,13.57,None,八雲町,None,他Ｌ,自然維持,0,140.291535,42.084914
None,ブナ,土流保,None,渡島,3041,へ,18.66,None,八雲町,ダケカンバ,他Ｌ,山地災害防止（土砂）,0,140.294491,42.083802
None,トドマツ,土流保,None,渡島,3044,い,5.03,None,八雲町,None,None,山地災害防止（土砂）,0,140.302802,42.078826
None,他Ｌ,土流保,None,渡島,3044,に,9.75,None,八雲町,イタヤカエデ,ブナ,山地災害防止（土砂）,0,140.302987,42.075364
None,他Ｌ,土流保,None,渡島,3049,ろ,22.4,None,八雲町,イタヤカエデ,ダケカンバ,自然維持,0,140.304959,42.071237
None,ダケカンバ,土流保,None,渡島,3044,ほ,15.52,None,八雲町,None,他Ｌ,自然維持,0,140.301383,42.072269
None,トドマツ,土流保,None,渡島,3042,へ,4.65,None,八雲町,None,None,山地災害防止（土砂）,0,140.300368,42.081178
None,他Ｌ,土流保,None,渡島,3042,は,10.25,None,八雲町,イタヤカエデ,ブナ,山地災害防止（土砂）,0,140.298864,42.079425
None,トドマツ,土流保,None,渡島,3042,ろ,1.45,None,八雲町,None,イタヤカエデ,山地災害防止（土砂）,0,140.297598,42.079412
None,None,土流保,None,渡島,3042,ロ,4.32,None,八雲町,None,None,山地災害防止（土砂）,0,140.299945,42.078707
None,None,土流保,None,渡島,3042,ロ,4.32,None,八雲町,None,None,山地災害防止（土砂）,0,140.296079,42.079532
None,他Ｌ,土流保,None,渡島,3043,い,39.4,None,八雲町,イタヤカエデ,ブナ,山地災害防止（土砂）,0,140.296837,42.07678
None,トドマツ,土流保,None,渡島,3044,ろ,4.49,None,八雲町,None,他Ｌ,山地災害防止（土砂）,0,140.299307,42.074401
None,他Ｌ,土流保,None,渡島,3044,は,31.73,None,八雲町,イタヤカエデ,ブナ,山地災害防止（土砂）,0,140.297123,42.072707
None,ダケカンバ,土流保,None,渡島,3043,ろ,40.4,None,八雲町,None,他Ｌ,自然維持,0,140.293798,42.076282
None,None,土流保,None,渡島,3043,イ,2.0,None,八雲町,None,None,山地災害防止（土砂）,0,140.294523,42.07586
None,ダケカンバ,土流保,None,渡島,12,わ,27.38,None,八雲町,ブナ,他Ｌ,山地災害防止（土砂）,0,140.291322,42.091354
None,ブナ,土流保,None,渡島,13,ろ,7.73,None,八雲町,他Ｌ,イタヤカエデ,山地災害防止（土砂）,0,140.285936,42.089904
None,ダケカンバ,土流保,None,渡島,3040,り,7.46,None,八雲町,None,他Ｌ,自然維持,0,140.292827,42.086962
None,他Ｌ,土流保,None,渡島,13,は,37.96,None,八雲町,ダケカンバ,ブナ,山地災害防止（土砂）,0,140.287388,42.086159
None,ブナ,土流保,None,渡島,12,ぬ,3.81,None,八雲町,他Ｌ,イタヤカエデ,山地災害防止（土砂）,0,140.286144,42.091068
None,トドマツ,土流保,None,渡島,12,ろ,7.12,None,八雲町,None,None,山地災害防止（土砂）,0,140.283736,42.092223
None,カラマツ,土流保,None,渡島,13,い,12.67,None,八雲町,None,None,山地災害防止（土砂）,0,140.283299,42.089559
None,ブナ,土流保,None,渡島,14,ち,9.27,None,八雲町,他Ｌ,シナノキ,山地災害防止（土砂）,0,140.282373,42.084307
None,ブナ,土流保,None,渡島,13,ろ,7.73,None,八雲町,他Ｌ,イタヤカエデ,山地災害防止（土砂）,0,140.280719,42.090587
None,None,土流保,None,渡島,13,ロ,0.17,None,八雲町,None,None,山地災害防止（土砂）,0,140.27853,42.092205
None,カラマツ,土流保,None,渡島,13,い,12.67,None,八雲町,None,None,山地災害防止（土砂）,0,140.278494,42.092061
None,カラマツ,土流保,None,渡島,14,と,33.13,None,八雲町,None,ダケカンバ,山地災害防止（土砂）,0,140.279272,42.086589
None,他Ｌ,土流保,None,渡島,3042,に,30.85,None,八雲町,イタヤカエデ,ブナ,山地災害防止（土砂）,0,140.293063,42.08007
None,ダケカンバ,土流保,None,渡島,3042,ほ,16.78,None,八雲町,None,他Ｌ,自然維持,0,140.289241,42.082664
None,ダケカンバ,土流保,None,渡島,16,い,70.35,None,八雲町,ブナ,他Ｌ,山地災害防止（土砂）,0,140.285603,42.07727
None,None,土流保,None,渡島,3043,イ,2.0,None,八雲町,None,None,山地災害防止（土砂）,0,140.292774,42.074365
None,他Ｌ,土流保,None,渡島,3043,い,39.4,None,八雲町,イタヤカエデ,ブナ,山地災害防止（土砂）,0,140.296364,42.068929
None,ダケカンバ,土流保,None,渡島,17,に,43.04,None,八雲町,ブナ,他Ｌ,山地災害防止（土砂）,0,140.285744,42.070922
None,ブナ,土流保,None,渡島,15,ぬ,21.0,None,八雲町,イタヤカエデ,他Ｌ,山地災害防止（土砂）,0,140.281286,42.081318
None,ダケカンバ,土流保,None,渡島,3043,ろ,40.4,None,八雲町,None,他Ｌ,自然維持,0,140.291168,42.068353
None,他Ｌ,土流保,None,渡島,3050,ろ,44.19,None,八雲町,イタヤカエデ,ダケカンバ,自然維持,0,140.301494,42.065263
None,他Ｌ,土流保,None,渡島,3051,い,17.81,None,八雲町,イタヤカエデ,ブナ,山地災害防止（土砂）,0,140.29882,42.057676
None,他Ｌ,土流保,None,渡島,3052,い,35.0,None,八雲町,ブナ,ダケカンバ,山地災害防止（土砂）,0,140.306434,42.061357
None,ダケカンバ,土流保,None,渡島,3052,ろ,17.72,None,八雲町,イタヤカエデ,他Ｌ,自然維持,0,140.3036,42.055243
None,ダケカンバ,土流保,None,渡島,3051,ろ,94.79,None,八雲町,イタヤカエデ,他Ｌ,自然維持,0,140.293799,42.054744
None,他Ｌ,土流保,None,渡島,19,ろ,12.0,None,八雲町,ブナ,ダケカンバ,自然維持,0,140.291649,42.065241
None,ブナ,土流保,None,渡島,19,い,64.03,None,八雲町,ダケカンバ,他Ｌ,山地災害防止（土砂）,0,140.286043,42.06581
None,ブナ,土流保,None,渡島,18,い,62.95,None,八雲町,イタヤカエデ,他Ｌ,山地災害防止（土砂）,0,140.278486,42.070206
None,ブナ,土流保,None,渡島,20,い,32.38,None,八雲町,ダケカンバ,他Ｌ,山地災害防止（土砂）,0,140.276944,42.062762
None,他Ｌ,土流保,None,渡島,20,ろ,47.36,None,八雲町,ブナ,ダケカンバ,自然維持,0,140.288242,42.059134
None,ダケカンバ,土流保,None,渡島,21,ろ,75.57,None,八雲町,他Ｌ,ブナ,自然維持,0,140.281231,42.055815
None,ブナ,土流保,None,渡島,14,ち,9.27,None,八雲町,他Ｌ,シナノキ,山地災害防止（土砂）,0,140.277444,42.092034
None,トドマツ,土流保,None,渡島,14,ほ,14.5,None,八雲町,None,None,山地災害防止（土砂）,0,140.275896,42.092024
None,トドマツ,土流保,None,渡島,14,ほ,14.5,None,八雲町,None,None,山地災害防止（土砂）,0,140.276052,42.090315
None,トドマツ,土流保,None,渡島,14,ほ,14.5,None,八雲町,None,None,山地災害防止（土砂）,0,140.27525,42.092343
None,トドマツ,土流保,None,渡島,14,ろ,0.83,None,八雲町,None,None,山地災害防止（土砂）,0,140.274399,42.092415
None,ブナ,土流保,None,渡島,14,ち,9.27,None,八雲町,他Ｌ,シナノキ,山地災害防止（土砂）,0,140.2739,42.091983
None,ダケカンバ,土流保,None,渡島,14,へ,1.25,None,八雲町,他Ｌ,トドマツ,山地災害防止（土砂）,0,140.273919,42.089156
None,トドマツ,土流保,None,渡島,14,は,3.6,None,八雲町,None,None,水源涵養,0,140.272791,42.091813
None,カラマツ,土流保,None,渡島,14,に,0.39,None,八雲町,None,ダケカンバ,山地災害防止（土砂）,0,140.272244,42.090518
None,トドマツ,土流保,None,渡島,15,ほ,1.69,None,八雲町,None,他Ｌ,山地災害防止（土砂）,0,140.271933,42.0894
None,ダケカンバ,土流保,None,渡島,15,る,3.2,None,八雲町,None,None,山地災害防止（土砂）,0,140.273469,42.087978
None,他Ｌ,土流保,None,渡島,14,り,15.75,None,八雲町,ダケカンバ,イタヤカエデ,山地災害防止（土砂）,0,140.283464,42.083144
None,None,土流保,None,渡島,15,ハ,16.06,None,八雲町,None,None,山地災害防止（土砂）,0,140.274895,42.082555
None,ブナ,土流保,None,渡島,15,ぬ,21.0,None,八雲町,イタヤカエデ,他Ｌ,山地災害防止（土砂）,0,140.276744,42.082843
None,トドマツ,土流保,None,渡島,17,い,2.99,None,八雲町,None,None,山地災害防止（土砂）,0,140.273984,42.077893
None,ブナ,土流保,None,渡島,17,は,0.88,None,八雲町,イタヤカエデ,他Ｌ,山地災害防止（土砂）,0,140.273112,42.077767
None,ダケカンバ,土流保,None,渡島,17,ろ,10.86,None,八雲町,None,トドマツ,山地災害防止（土砂）,0,140.277693,42.07592
None,ブナ,土流保,None,渡島,17,は,0.88,None,八雲町,イタヤカエデ,他Ｌ,山地災害防止（土砂）,0,140.275778,42.076299
None,ブナ,土流保,None,渡島,21,い,15.45,None,八雲町,イタヤカエデ,他Ｌ,山地災害防止（土砂）,0,140.274874,42.060429
None,ブナ,土流保,None,渡島,22,い,22.04,None,八雲町,イタヤカエデ,他Ｌ,山地災害防止（土砂）,0,140.271957,42.059212
None,ブナ,土流保,None,渡島,22,ろ,55.02,None,八雲町,ダケカンバ,他Ｌ,自然維持,0,140.275286,42.053552
None,ダケカンバ,土流保,None,渡島,3111,は,18.25,None,八雲町,イタヤカエデ,他Ｌ,自然維持,0,140.431399,42.04528
None,他Ｌ,土流保,None,渡島,3112,い,42.07,None,八雲町,イタヤカエデ,ブナ,山地災害防止（土砂）,0,140.427432,42.048769
None,他Ｌ,土流保,None,渡島,3111,ろ,14.25,None,八雲町,ブナ,ダケカンバ,山地災害防止（土砂）,0,140.429463,42.040402
None,他Ｌ,土流保,None,渡島,3112,ろ,10.37,None,八雲町,イタヤカエデ,ブナ,山地災害防止（土砂）,0,140.425574,42.047691
None,他Ｌ,土流保,None,渡島,3112,い,42.07,None,八雲町,イタヤカエデ,ブナ,山地災害防止（土砂）,0,140.420849,42.047665
None,他Ｌ,土流保,None,渡島,3111,い,56.58,None,八雲町,イタヤカエデ,ブナ,山地災害防止（土砂）,0,140.426311,42.043332
None,他Ｌ,土流保,None,渡島,3110,ろ,44.08,None,八雲町,イタヤカエデ,ブナ,山地災害防止（土砂）,0,140.420822,42.0403
None,他Ｌ,土流保,None,渡島,3111,い,56.58,None,八雲町,イタヤカエデ,ブナ,山地災害防止（土砂）,0,140.431554,42.038218
None,ダケカンバ,土流保,None,渡島,3110,は,20.0,None,八雲町,イタヤカエデ,他Ｌ,自然維持,0,140.430543,42.03567
None,他Ｌ,土流保,None,渡島,3109,い,49.47,None,八雲町,ダケカンバ,ブナ,山地災害防止（土砂）,0,140.426651,42.028601
None,他Ｌ,土流保,None,渡島,3110,ろ,44.08,None,八雲町,イタヤカエデ,ブナ,山地災害防止（土砂）,0,140.426506,42.035086
None,他Ｌ,土流保,None,渡島,3110,い,18.0,None,八雲町,イタヤカエデ,ブナ,山地災害防止（土砂）,0,140.421138,42.036787
None,他Ｌ,土流保,None,渡島,3109,ろ,14.33,None,八雲町,ダケカンバ,ブナ,山地災害防止（土砂）,0,140.423867,42.032657
None,ブナ,土流保,None,渡島,3108,ろ,8.13,None,八雲町,イタヤカエデ,他Ｌ,山地災害防止（土砂）,0,140.41886,42.032946
None,他Ｌ,土流保,None,渡島,3108,い,20.64,None,八雲町,イタヤカエデ,ブナ,山地災害防止（土砂）,0,140.41979,42.030488
None,他Ｌ,土流保,None,渡島,3113,ろ,18.58,None,八雲町,イタヤカエデ,ブナ,山地災害防止（土砂）,0,140.414965,42.049608
None,他Ｌ,土流保,None,渡島,3112,ろ,10.37,None,八雲町,イタヤカエデ,ブナ,山地災害防止（土砂）,0,140.415545,42.047787
None,他Ｌ,土流保,None,渡島,3112,い,42.07,None,八雲町,イタヤカエデ,ブナ,山地災害防止（土砂）,0,140.412579,42.048522
None,ブナ,土流保,None,渡島,3106,い,23.86,None,八雲町,イタヤカエデ,他Ｌ,山地災害防止（土砂）,0,140.412232,42.044315
None,ブナ,土流保,None,渡島,3107,い,34.66,None,八雲町,イタヤカエデ,他Ｌ,山地災害防止（土砂）,0,140.414635,42.039398
None,ブナ,土流保,None,渡島,3106,い,23.86,None,八雲町,イタヤカエデ,他Ｌ,山地災害防止（土砂）,0,140.410363,42.047917
None,他Ｌ,土流保,None,渡島,3106,ろ,30.04,None,八雲町,ダケカンバ,ブナ,山地災害防止（土砂）,0,140.409108,42.045692
None,他Ｌ,土流保,None,渡島,3105,い,46.33,None,八雲町,ダケカンバ,ブナ,山地災害防止（土砂）,0,140.405118,42.046955
None,ダケカンバ,土流保,None,渡島,3105,ろ,16.0,None,八雲町,イタヤカエデ,他Ｌ,自然維持,0,140.406588,42.040589
None,他Ｌ,土流保,None,渡島,3108,い,20.64,None,八雲町,イタヤカエデ,ブナ,山地災害防止（土砂）,0,140.418229,42.035214
None,ダケカンバ,土流保,None,渡島,3108,は,31.11,None,八雲町,イタヤカエデ,他Ｌ,自然維持,0,140.416988,42.029485
None,ダケカンバ,土流保,None,渡島,3107,は,47.0,None,八雲町,イタヤカエデ,他Ｌ,自然維持,0,140.411555,42.031953
None,ブナ,土流保,None,渡島,3107,ろ,25.01,None,八雲町,イタヤカエデ,他Ｌ,山地災害防止（土砂）,0,140.414246,42.035231
None,ダケカンバ,土流保,None,渡島,3078,ぬ,27.07,None,八雲町,None,他Ｌ,自然維持,0,140.407253,42.033617
None,トドマツ,土流保,None,渡島,3077,い,5.75,None,八雲町,None,None,山地災害防止（土砂）,0,140.40522,42.029523
None,ダケカンバ,土流保,None,渡島,3109,は,32.0,None,八雲町,イタヤカエデ,他Ｌ,自然維持,0,140.430712,42.030967
None,ブナ,土流保,None,渡島,3108,ろ,8.13,None,八雲町,イタヤカエデ,他Ｌ,山地災害防止（土砂）,0,140.420486,42.027896
None,他Ｌ,土流保,None,渡島,3104,ほ,52.27,None,八雲町,ダケカンバ,ブナ,山地災害防止（土砂）,0,140.400396,42.050967
None,ダケカンバ,土流保,None,渡島,3104,へ,10.0,None,八雲町,イタヤカエデ,他Ｌ,自然維持,0,140.397641,42.048091
None,他Ｌ,土流保,None,渡島,3079,り,42.83,None,八雲町,ダケカンバ,ブナ,山地災害防止（土砂）,0,140.393457,42.041381
None,トドマツ,土流保,None,渡島,3079,へ,0.35,None,八雲町,None,ダケカンバ,山地災害防止（土砂）,0,140.39741,42.038935
None,ブナ,土流保,None,渡島,3079,と,6.88,None,八雲町,イタヤカエデ,他Ｌ,山地災害防止（土砂）,0,140.396625,42.040523
None,トドマツ,土流保,None,渡島,3079,ほ,0.43,None,八雲町,None,ダケカンバ,山地災害防止（土砂）,0,140.396557,42.039359
None,トドマツ,土流保,None,渡島,3079,に,1.7,None,八雲町,None,ダケカンバ,山地災害防止（土砂）,0,140.395433,42.03985
None,ダケカンバ,土流保,None,渡島,3081,ぬ,14.19,None,八雲町,None,他Ｌ,自然維持,0,140.394596,42.048958
None,トドマツ,土流保,None,渡島,3081,い,8.93,None,八雲町,None,ダケカンバ,山地災害防止（土砂）,0,140.392063,42.047964
None,トドマツ,土流保,None,渡島,3080,る,0.93,None,八雲町,None,None,山地災害防止（土砂）,0,140.393052,42.044467
None,トドマツ,土流保,None,渡島,3080,ぬ,1.03,None,八雲町,None,None,山地災害防止（土砂）,0,140.391228,42.045257
None,トドマツ,土流保,None,渡島,3080,ち,0.19,None,八雲町,None,None,山地災害防止（土砂）,0,140.389584,42.047662
None,トドマツ,土流保,None,渡島,3080,と,4.87,None,八雲町,ダケカンバ,カラマツ,山地災害防止（土砂）,0,140.388764,42.048219
None,ブナ,土流保,None,渡島,3080,た,5.15,None,八雲町,イタヤカエデ,他Ｌ,山地災害防止（土砂）,0,140.38788,42.048139
None,トドマツ,土流保,None,渡島,3080,ほ,1.46,None,八雲町,None,ダケカンバ,山地災害防止（土砂）,0,140.387965,42.046955
None,トドマツ,土流保,None,渡島,3080,り,0.47,None,八雲町,None,None,山地災害防止（土砂）,0,140.390462,42.046263
None,他Ｌ,土流保,None,渡島,3080,れ,28.28,None,八雲町,ダケカンバ,ブナ,山地災害防止（土砂）,0,140.389656,42.045205
None,ダケカンバ,土流保,None,渡島,3080,そ,3.17,None,八雲町,None,他Ｌ,山地災害防止（土砂）,0,140.388693,42.043772
None,ブナ,土流保,None,渡島,3080,た,5.15,None,八雲町,イタヤカエデ,他Ｌ,山地災害防止（土砂）,0,140.388488,42.042234
None,他Ｌ,土流保,None,渡島,3079,ち,17.88,None,八雲町,ダケカンバ,ブナ,山地災害防止（土砂）,0,140.391926,42.03786
None,ブナ,土流保,None,渡島,3080,た,5.15,None,八雲町,イタヤカエデ,他Ｌ,山地災害防止（土砂）,0,140.389156,42.040896
None,トドマツ,土流保,None,渡島,3079,ろ,0.33,None,八雲町,None,ダケカンバ,山地災害防止（土砂）,0,140.390181,42.03988
None,None,土流保,None,渡島,3079,イ,0.81,None,八雲町,None,None,山地災害防止（土砂）,0,140.390946,42.039442
None,トドマツ,土流保,None,渡島,3080,い,4.7,None,八雲町,None,ダケカンバ,山地災害防止（土砂）,0,140.388077,42.040862
None,ダケカンバ,土流保,None,渡島,3079,ぬ,1.69,None,八雲町,None,他Ｌ,自然維持,0,140.401866,42.038469
None,トドマツ,土流保,None,渡島,3078,と,4.16,None,八雲町,None,None,山地災害防止（土砂）,0,140.399754,42.0335
None,トドマツ,土流保,None,渡島,3079,は,2.7,None,八雲町,None,ダケカンバ,山地災害防止（土砂）,0,140.395072,42.038355
None,他Ｌ,土流保,None,渡島,3078,り,5.0,None,八雲町,イタヤカエデ,ブナ,山地災害防止（土砂）,0,140.398274,42.035945
None,トドマツ,土流保,None,渡島,3078,へ,0.93,None,八雲町,None,他Ｌ,山地災害防止（土砂）,0,140.398632,42.034545
None,ダケカンバ,土流保,None,渡島,3077,は,50.22,None,八雲町,None,他Ｌ,自然維持,0,140.400446,42.030519
None,他Ｌ,土流保,None,渡島,3077,ろ,28.27,None,八雲町,イタヤカエデ,ブナ,山地災害防止（土砂）,0,140.408203,42.027305
None,トドマツ,土流保,None,渡島,3078,ほ,2.27,None,八雲町,None,他Ｌ,山地災害防止（土砂）,0,140.396259,42.033051
None,トドマツ,土流保,None,渡島,3078,に,0.57,None,八雲町,None,None,山地災害防止（土砂）,0,140.396086,42.031643
None,トドマツ,土流保,None,渡島,3076,と,0.52,None,八雲町,None,None,山地災害防止（土砂）,0,140.39659,42.030791
None,トドマツ,土流保,None,渡島,3076,ち,0.68,None,八雲町,None,None,山地災害防止（土砂）,0,140.397686,42.030081
None,他Ｌ,土流保,None,渡島,3076,ぬ,18.82,None,八雲町,イタヤカエデ,ブナ,山地災害防止（土砂）,0,140.395706,42.029562
None,ブナ,土流保,None,渡島,3078,ち,46.27,None,八雲町,イタヤカエデ,他Ｌ,山地災害防止（土砂）,0,140.393403,42.03434
None,トドマツ,土流保,None,渡島,3079,い,10.74,None,八雲町,None,ダケカンバ,山地災害防止（土砂）,0,140.38983,42.036536
None,トドマツ,土流保,None,渡島,3079,る,1.02,None,八雲町,None,ダケカンバ,山地災害防止（土砂）,0,140.387772,42.036951
None,トドマツ,土流保,None,渡島,3078,い,1.08,None,八雲町,None,他Ｌ,山地災害防止（土砂）,0,140.389272,42.034068
None,None,土流保,None,渡島,3079,ロ,0.44,None,八雲町,None,None,山地災害防止（土砂）,0,140.388697,42.035896
None,他Ｌ,土流保,None,渡島,3079,ち,17.88,None,八雲町,ダケカンバ,ブナ,山地災害防止（土砂）,0,140.389966,42.035104
None,他Ｌ,土流保,None,渡島,3076,る,20.0,None,八雲町,イタヤカエデ,ブナ,山地災害防止（土砂）,0,140.386867,42.036193
None,トドマツ,土流保,None,渡島,3078,は,0.3,None,八雲町,None,None,山地災害防止（土砂）,0,140.394909,42.032341
None,トドマツ,土流保,None,渡島,3076,へ,0.2,None,八雲町,None,None,山地災害防止（土砂）,0,140.394658,42.031252
None,トドマツ,土流保,None,渡島,3078,ろ,2.1,None,八雲町,None,他Ｌ,山地災害防止（土砂）,0,140.392184,42.032306
None,トドマツ,土流保,None,渡島,3076,ほ,2.61,None,八雲町,None,他Ｌ,山地災害防止（土砂）,0,140.392921,42.030535
None,トドマツ,土流保,None,渡島,3078,ろ,2.1,None,八雲町,None,他Ｌ,山地災害防止（土砂）,0,140.390661,42.031768
None,他Ｌ,土流保,None,渡島,3076,る,20.0,None,八雲町,イタヤカエデ,ブナ,山地災害防止（土砂）,0,140.396839,42.027482
None,None,土流保,None,渡島,3078,ロ,0.73,None,八雲町,None,None,山地災害防止（土砂）,0,140.389701,42.033245
None,ブナ,土流保,None,渡島,3078,ち,46.27,None,八雲町,イタヤカエデ,他Ｌ,山地災害防止（土砂）,0,140.389557,42.032504
None,None,土流保,None,渡島,3076,ロ,0.54,None,八雲町,None,None,山地災害防止（土砂）,0,140.390415,42.03095
None,他Ｌ,土流保,None,渡島,3076,り,5.77,None,八雲町,イタヤカエデ,ブナ,山地災害防止（土砂）,0,140.387345,42.032696
None,トドマツ,土流保,None,渡島,3078,い,1.08,None,八雲町,None,他Ｌ,山地災害防止（土砂）,0,140.388309,42.033052
None,トドマツ,土流保,None,渡島,3076,に,0.81,None,八雲町,None,他Ｌ,山地災害防止（土砂）,0,140.38874,42.032145
None,他Ｌ,土流保,None,渡島,3080,へ,1.74,None,八雲町,カラマツ,トドマツ,山地災害防止（土砂）,0,140.386825,42.04876
None,他Ｌ,土流保,None,渡島,3080,わ,0.32,None,八雲町,None,トドマツ,山地災害防止（土砂）,0,140.385075,42.049411
None,他Ｌ,土流保,None,渡島,3080,わ,0.32,None,八雲町,None,トドマツ,山地災害防止（土砂）,0,140.385529,42.048836
None,ブナ,土流保,None,渡島,3080,た,5.15,None,八雲町,イタヤカエデ,他Ｌ,山地災害防止（土砂）,0,140.385884,42.048593
None,ブナ,土流保,None,渡島,3080,た,5.15,None,八雲町,イタヤカエデ,他Ｌ,山地災害防止（土砂）,0,140.385906,42.04734
None,トドマツ,土流保,None,渡島,3075,ほ,0.51,None,八雲町,None,ダケカンバ,山地災害防止（土砂）,0,140.383915,42.049
None,トドマツ,土流保,None,渡島,3080,つ,2.57,None,八雲町,None,ダケカンバ,山地災害防止（土砂）,0,140.385154,42.048093
None,他Ｌ,土流保,None,渡島,3080,ね,2.46,None,八雲町,None,トドマツ,山地災害防止（土砂）,0,140.385147,42.046769
None,トドマツ,土流保,None,渡島,3080,に,2.56,None,八雲町,None,ダケカンバ,山地災害防止（土砂）,0,140.385154,42.045738
None,他Ｌ,土流保,None,渡島,3080,れ,28.28,None,八雲町,ダケカンバ,ブナ,山地災害防止（土砂）,0,140.385366,42.042716
None,トドマツ,土流保,None,渡島,3080,は,2.5,None,八雲町,None,ダケカンバ,山地災害防止（土砂）,0,140.385827,42.044133
None,他Ｌ,土流保,None,渡島,3075,わ,0.99,None,八雲町,None,None,山地災害防止（土砂）,0,140.383902,42.046242
None,カラマツ,土流保,None,渡島,3075,ち,0.44,None,八雲町,None,他Ｌ,山地災害防止（土砂）,0,140.38327,42.045479
None,カラマツ,土流保,None,渡島,3075,へ,1.98,None,八雲町,None,他Ｌ,山地災害防止（土砂）,0,140.382591,42.047919
None,カラマツ,土流保,None,渡島,3075,は,0.32,None,八雲町,None,他Ｌ,山地災害防止（土砂）,0,140.380787,42.048318
None,カラマツ,土流保,None,渡島,3074,へ,0.95,None,八雲町,None,他Ｌ,山地災害防止（土砂）,0,140.380178,42.048751
None,トドマツ,土流保,None,渡島,3075,と,3.01,None,八雲町,None,None,山地災害防止（土砂）,0,140.382674,42.046374
None,他Ｌ,土流保,None,渡島,3075,ろ,19.19,None,八雲町,ブナ,イタヤカエデ,山地災害防止（土砂）,0,140.381117,42.044432
None,トドマツ,土流保,None,渡島,3080,ろ,0.9,None,八雲町,None,ダケカンバ,山地災害防止（土砂）,0,140.386036,42.042728
None,カラマツ,土流保,None,渡島,3075,り,0.43,None,八雲町,None,ダケカンバ,山地災害防止（土砂）,0,140.383512,42.043959
None,他Ｌ,土流保,None,渡島,3075,ろ,19.19,None,八雲町,ブナ,イタヤカエデ,山地災害防止（土砂）,0,140.384057,42.043072
None,None,土流保,None,渡島,3075,ハ,0.15,None,八雲町,None,None,山地災害防止（土砂）,0,140.383706,42.043085
None,他Ｌ,土流保,None,渡島,3075,わ,0.99,None,八雲町,None,None,山地災害防止（土砂）,0,140.38481,42.042465
None,トドマツ,土流保,None,渡島,3075,ぬ,3.77,None,八雲町,None,ダケカンバ,山地災害防止（土砂）,0,140.383791,42.042761
None,トドマツ,土流保,None,渡島,3075,る,0.97,None,八雲町,None,イタヤカエデ,山地災害防止（土砂）,0,140.383916,42.042007
None,アカエゾマツ,土流保,None,渡島,3075,よ,3.14,None,八雲町,None,ダケカンバ,山地災害防止（土砂）,0,140.383989,42.040261
None,トドマツ,土流保,None,渡島,3075,ぬ,3.77,None,八雲町,None,ダケカンバ,山地災害防止（土砂）,0,140.382365,42.042898
None,他Ｌ,土流保,None,渡島,3075,ろ,19.19,None,八雲町,ブナ,イタヤカエデ,山地災害防止（土砂）,0,140.383078,42.042218
None,アカエゾマツ,土流保,None,渡島,3075,た,1.0,None,八雲町,トドマツ,イタヤカエデ,山地災害防止（土砂）,0,140.382959,42.041588
None,他Ｌ,土流保,None,渡島,3075,わ,0.99,None,八雲町,None,None,山地災害防止（土砂）,0,140.38329,42.039309
None,他Ｌ,土流保,None,渡島,3074,ぬ,14.88,None,八雲町,イタヤカエデ,ブナ,山地災害防止（土砂）,0,140.374793,42.047228
None,トドマツ,土流保,None,渡島,3075,い,0.83,None,八雲町,None,イタヤカエデ,山地災害防止（土砂）,0,140.378426,42.047281
None,ブナ,土流保,None,渡島,3075,か,26.47,None,八雲町,イタヤカエデ,他Ｌ,山地災害防止（土砂）,0,140.37707,42.044788
None,他Ｌ,土流保,None,渡島,3075,ろ,19.19,None,八雲町,ブナ,イタヤカエデ,山地災害防止（土砂）,0,140.385172,42.038202
None,None,土流保,None,渡島,3076,ロ,0.54,None,八雲町,None,None,山地災害防止（土砂）,0,140.386124,42.036681
None,トドマツ,土流保,None,渡島,3076,い,0.21,None,八雲町,None,イタヤカエデ,山地災害防止（土砂）,0,140.385856,42.036595
None,トドマツ,土流保,None,渡島,3075,れ,2.61,None,八雲町,None,他Ｌ,山地災害防止（土砂）,0,140.384047,42.038434
None,他Ｌ,土流保,None,渡島,3075,ろ,19.19,None,八雲町,ブナ,イタヤカエデ,山地災害防止（土砂）,0,140.385062,42.037323
None,トドマツ,土流保,None,渡島,3076,ろ,0.77,None,八雲町,None,ダケカンバ,山地災害防止（土砂）,0,140.386294,42.035722
None,トドマツ,土流保,None,渡島,3076,は,1.35,None,八雲町,None,None,山地災害防止（土砂）,0,140.386845,42.034073
None,他Ｌ,土流保,None,渡島,3076,る,20.0,None,八雲町,イタヤカエデ,ブナ,山地災害防止（土砂）,0,140.384674,42.035073
None,ブナ,土流保,None,渡島,3068,い,99.92,None,八雲町,イタヤカエデ,他Ｌ,山地災害防止（土砂）,0,140.356036,42.044484
None,ダケカンバ,土流保,None,渡島,3067,は,134.72,None,八雲町,イタヤカエデ,他Ｌ,自然維持,0,140.344237,42.045217
None,ダケカンバ,土流保,None,渡島,3067,は,134.72,None,八雲町,イタヤカエデ,他Ｌ,自然維持,0,140.321145,42.044719
