A45_031,A45_015,A45_028,A45_029,A45_009,A45_004,A45_010,A45_027,A45_030,A45_014,A45_021,A45_018,A45_026,A45_007,center_lng,center_lat
None,None,None,None,網走南部,354,コ,5.93,None,小清水町,None,None,森林空間利用,0,144.416741,43.941887
None,None,飛砂保,保健保,網走南部,354,エ,29.62,None,小清水町,None,None,森林空間利用,0,144.419445,43.940696
None,None,None,None,網走南部,354,カ,0.08,None,小清水町,None,None,森林空間利用,0,144.41879,43.941313
None,None,None,None,網走南部,354,リ,0.43,None,小清水町,None,None,森林空間利用,0,144.416004,43.942097
None,None,飛砂保,保健保,網走南部,354,タ,2.46,None,小清水町,None,None,森林空間利用,0,144.415182,43.94211
None,None,飛砂保,保健保,網走南部,354,タ,2.46,None,小清水町,None,None,森林空間利用,0,144.414515,43.941638
None,None,None,None,網走南部,354,テ,0.02,None,小清水町,None,None,森林空間利用,0,144.415616,43.940927
None,None,None,None,網走南部,354,ヨ,0.1,None,小清水町,None,None,森林空間利用,0,144.415443,43.941079
None,None,None,None,網走南部,354,ニ,0.05,None,小清水町,None,None,森林空間利用,0,144.413992,43.940943
None,None,飛砂保,None,網走南部,354,オ,0.01,None,小清水町,None,None,森林空間利用,0,144.414417,43.940853
None,None,None,None,網走南部,354,ル,0.05,None,小清水町,None,None,森林空間利用,0,144.413622,43.9424
None,None,None,None,網走南部,354,ツ,0.04,None,小清水町,None,None,森林空間利用,0,144.413206,43.941123
None,None,None,None,網走南部,354,ト,0.03,None,小清水町,None,None,森林空間利用,0,144.413486,43.941059
None,None,飛砂保,保健保,網走南部,354,マ,0.01,None,小清水町,None,None,森林空間利用,0,144.41257,43.941263
None,None,None,None,網走南部,354,ケ,0.11,None,小清水町,None,None,森林空間利用,0,144.412885,43.941198
None,None,飛砂保,保健保,網走南部,354,ロ,0.05,None,小清水町,None,None,森林空間利用,0,144.412403,43.9412
None,None,None,None,網走南部,354,ナ,0.01,None,小清水町,None,None,森林空間利用,0,144.412469,43.941256
None,None,None,None,網走南部,354,ソ,0.36,None,小清水町,None,None,森林空間利用,0,144.412156,43.941313
None,None,飛砂保,保健保,網走南部,354,フ,0.82,None,小清水町,None,None,森林空間利用,0,144.412313,43.941393
None,None,飛砂保,保健保,網走南部,354,エ,29.62,None,小清水町,None,None,森林空間利用,0,144.412932,43.942068
None,None,飛砂保,保健保,網走南部,354,エ,29.62,None,小清水町,None,None,森林空間利用,0,144.40549,43.943
None,None,None,None,網走南部,354,コ,5.93,None,小清水町,None,None,森林空間利用,0,144.412655,43.942766
None,None,None,None,網走南部,354,ヌ,0.1,None,小清水町,None,None,森林空間利用,0,144.395693,43.946578
None,None,None,None,網走南部,354,ク,0.04,None,小清水町,None,None,森林空間利用,0,144.3954,43.945832
None,None,None,None,網走南部,354,ヌ,0.1,None,小清水町,None,None,森林空間利用,0,144.395117,43.94562
None,None,飛砂保,保健保,網走南部,354,エ,29.62,None,小清水町,None,None,森林空間利用,0,144.393685,43.946686
None,None,None,None,網走南部,354,ク,0.04,None,小清水町,None,None,森林空間利用,0,144.389689,43.947469
None,None,飛砂保,保健保,網走南部,354,エ,29.62,None,小清水町,None,None,森林空間利用,0,144.391341,43.946653
None,None,飛砂保,保健保,網走南部,354,イ,16.24,None,小清水町,None,None,森林空間利用,0,144.376337,43.95142
None,None,None,None,網走南部,354,ノ,0.05,None,小清水町,None,None,森林空間利用,0,144.376475,43.951173
None,None,飛砂保,保健保,網走南部,354,イ,16.24,None,小清水町,None,None,森林空間利用,0,144.371302,43.95239
None,None,飛砂保,保健保,網走南部,354,イ,16.24,None,小清水町,None,None,森林空間利用,0,144.387098,43.948444
None,None,None,None,網走南部,354,ノ,0.05,None,小清水町,None,None,森林空間利用,0,144.386935,43.948222
None,None,飛砂保,保健保,網走南部,354,イ,16.24,None,小清水町,None,None,森林空間利用,0,144.385489,43.948305
None,None,None,None,網走南部,354,チ,0.5,None,小清水町,None,None,森林空間利用,0,144.382959,43.949628
None,None,None,None,網走南部,354,チ,0.5,None,小清水町,None,None,森林空間利用,0,144.382844,43.949125
None,None,None,None,網走南部,354,ネ,5.0,None,小清水町,None,None,森林空間利用,0,144.373056,43.952621
None,None,飛砂保,保健保,網走南部,354,イ,16.24,None,小清水町,None,None,森林空間利用,0,144.368166,43.953569
None,None,None,None,網走南部,354,ヘ,0.28,None,小清水町,None,None,森林空間利用,0,144.369525,43.95331
None,None,None,None,網走南部,354,ホ,1.13,None,小清水町,None,None,森林空間利用,0,144.366343,43.954021
None,None,飛砂保,None,網走南部,354,ヤ,0.07,None,小清水町,None,None,森林空間利用,0,144.366954,43.953474
None,None,飛砂保,保健保,網走南部,354,イ,16.24,None,小清水町,None,None,森林空間利用,0,144.364696,43.954409
None,None,飛砂保,保健保,網走南部,354,イ,16.24,None,小清水町,None,None,森林空間利用,0,144.362984,43.954487
None,None,None,None,網走南部,354,ホ,1.13,None,小清水町,None,None,森林空間利用,0,144.367108,43.953202
None,None,飛砂保,保健保,網走南部,354,イ,16.24,None,小清水町,None,None,森林空間利用,0,144.36701,43.953227
None,None,飛砂保,None,網走南部,354,ラ,0.34,None,小清水町,None,None,森林空間利用,0,144.362412,43.955084
None,None,飛砂保,保健保,網走南部,354,イ,16.24,None,小清水町,None,None,森林空間利用,0,144.362447,43.954755
None,None,飛砂保,保健保,網走南部,354,イ,16.24,None,小清水町,None,None,森林空間利用,0,144.362511,43.954202
None,None,飛砂保,保健保,網走南部,354,イ,16.24,None,小清水町,None,None,森林空間利用,0,144.361936,43.954393
None,None,飛砂保,保健保,網走南部,354,イ,16.24,None,小清水町,None,None,森林空間利用,0,144.361173,43.953502
None,None,None,None,網走南部,356,け,0.4,None,小清水町,None,None,森林空間利用,1,144.553811,43.920729
None,カラマツ,潮害保,保健保,網走南部,356,り,1.5,None,小清水町,None,他Ｌ,森林空間利用,0,144.553742,43.920886
None,アカエゾマツ,潮害保,保健保,網走南部,356,や,0.74,None,小清水町,None,None,森林空間利用,1,144.553685,43.920763
None,アカエゾマツ,潮害保,保健保,網走南部,356,や,0.74,None,小清水町,None,None,森林空間利用,1,144.553247,43.920387
None,None,None,None,網走南部,356,け,0.4,None,小清水町,None,None,森林空間利用,1,144.553696,43.919857
None,None,潮害保,保健保,網走南部,356,な,0.59,None,小清水町,None,None,森林空間利用,0,144.553443,43.919215
None,None,None,None,網走南部,356,ま,0.76,None,小清水町,None,None,森林空間利用,1,144.552218,43.921001
None,None,None,None,網走南部,356,ま,0.76,None,小清水町,None,None,森林空間利用,1,144.552651,43.920661
None,カラマツ,潮害保,保健保,網走南部,356,り,1.5,None,小清水町,None,他Ｌ,森林空間利用,0,144.55202,43.920515
None,カラマツ,潮害保,保健保,網走南部,356,り,1.5,None,小清水町,None,他Ｌ,森林空間利用,0,144.551669,43.920904
None,None,None,None,網走南部,356,ま,0.76,None,小清水町,None,None,森林空間利用,1,144.551543,43.920509
None,カラマツ,潮害保,保健保,網走南部,356,り,1.5,None,小清水町,None,他Ｌ,森林空間利用,0,144.550871,43.920505
None,他Ｌ,潮害保,保健保,網走南部,356,へ,4.53,None,小清水町,None,天アカエゾ,森林空間利用,0,144.550336,43.919835
None,他Ｌ,潮害保,保健保,網走南部,356,と,3.0,None,小清水町,None,None,森林空間利用,0,144.552024,43.918942
None,None,潮害保,保健保,網走南部,356,い,4.68,None,小清水町,None,None,森林空間利用,0,144.54858,43.921262
None,None,保健保,None,網走南部,356,ム,0.13,None,小清水町,None,None,森林空間利用,0,144.549661,43.920552
None,None,潮害保,保健保,網走南部,356,い,4.68,None,小清水町,None,None,森林空間利用,0,144.548853,43.920705
None,カラマツ,潮害保,保健保,網走南部,356,り,1.5,None,小清水町,None,他Ｌ,森林空間利用,0,144.547295,43.920581
None,他Ｌ,潮害保,保健保,網走南部,356,へ,4.53,None,小清水町,None,天アカエゾ,森林空間利用,0,144.547411,43.919425
None,None,None,None,網走南部,356,み,1.54,None,小清水町,None,None,森林空間利用,1,144.545587,43.921489
None,カラマツ,潮害保,保健保,網走南部,356,り,1.5,None,小清水町,None,他Ｌ,森林空間利用,0,144.537145,43.922497
None,アカエゾマツ,潮害保,保健保,網走南部,356,む,0.76,None,小清水町,None,カシワ,森林空間利用,1,144.544339,43.921565
None,None,潮害保,保健保,網走南部,356,る,0.97,None,小清水町,None,None,森林空間利用,1,144.545795,43.920444
None,None,None,None,網走南部,356,み,1.54,None,小清水町,None,None,森林空間利用,1,144.544719,43.92115
None,None,None,None,網走南部,356,ひ,1.14,None,小清水町,None,None,森林空間利用,1,144.546685,43.918931
None,None,None,None,網走南部,356,も,0.45,None,小清水町,None,None,森林空間利用,1,144.546113,43.919083
None,None,潮害保,保健保,網走南部,356,み,2.98,None,小清水町,None,None,森林空間利用,0,144.544981,43.919283
None,アカエゾマツ,潮害保,保健保,網走南部,356,う,0.84,None,小清水町,None,None,森林空間利用,1,144.543899,43.920023
None,None,潮害保,保健保,網走南部,356,キ,0.38,None,小清水町,None,None,森林空間利用,0,144.540552,43.92195
None,アカエゾマツ,潮害保,保健保,網走南部,356,う,0.84,None,小清水町,None,None,森林空間利用,1,144.54303,43.920795
None,None,None,None,網走南部,356,め,0.83,None,小清水町,None,None,森林空間利用,1,144.543228,43.921574
None,アカエゾマツ,潮害保,保健保,網走南部,356,む,0.76,None,小清水町,None,カシワ,森林空間利用,1,144.542415,43.921325
None,None,None,None,網走南部,356,め,0.83,None,小清水町,None,None,森林空間利用,1,144.541673,43.921457
None,None,None,None,網走南部,356,ゆ,1.85,None,小清水町,None,None,森林空間利用,1,144.539627,43.922102
None,None,None,None,網走南部,356,ゆ,1.85,None,小清水町,None,None,森林空間利用,1,144.540263,43.921627
None,他Ｌ,潮害保,保健保,網走南部,356,ほ,4.57,None,小清水町,None,None,森林空間利用,0,144.541592,43.920183
None,None,潮害保,保健保,網走南部,356,み,2.98,None,小清水町,None,None,森林空間利用,0,144.541399,43.919161
None,None,潮害保,保健保,網走南部,356,ぬ,3.0,None,小清水町,None,None,森林空間利用,1,144.539576,43.92109
None,None,潮害保,保健保,網走南部,356,ウ,0.03,None,小清水町,None,None,森林空間利用,0,144.53966,43.920755
None,None,潮害保,保健保,網走南部,356,ウ,0.03,None,小清水町,None,None,森林空間利用,0,144.5398,43.920278
None,None,潮害保,保健保,網走南部,356,ウ,0.03,None,小清水町,None,None,森林空間利用,0,144.539699,43.920106
None,アカエゾマツ,潮害保,保健保,網走南部,356,そ,1.48,None,小清水町,None,カシワ,森林空間利用,0,144.539353,43.920563
None,None,潮害保,None,網走南部,356,ホ,0.11,None,小清水町,None,None,森林空間利用,0,144.540464,43.918957
None,アカエゾマツ,潮害保,保健保,網走南部,356,ら,1.15,None,小清水町,None,カシワ,森林空間利用,1,144.538597,43.921912
None,アカエゾマツ,潮害保,保健保,網走南部,356,ら,1.15,None,小清水町,None,カシワ,森林空間利用,1,144.538151,43.92148
None,None,潮害保,保健保,網走南部,356,ぬ,3.0,None,小清水町,None,None,森林空間利用,1,144.536678,43.922008
None,None,None,None,網走南部,356,き,1.28,None,小清水町,None,None,森林空間利用,1,144.536151,43.922339
None,None,潮害保,保健保,網走南部,356,ぬ,3.0,None,小清水町,None,None,森林空間利用,1,144.537402,43.921681
None,None,None,None,網走南部,356,き,1.28,None,小清水町,None,None,森林空間利用,1,144.536456,43.921674
None,アカエゾマツ,潮害保,保健保,網走南部,356,く,1.02,None,小清水町,None,None,森林空間利用,1,144.534745,43.922086
None,None,None,None,網走南部,356,ナ,0.15,None,小清水町,None,None,森林空間利用,0,144.538491,43.921398
None,アカエゾマツ,潮害保,保健保,網走南部,356,そ,1.48,None,小清水町,None,カシワ,森林空間利用,0,144.538502,43.920633
None,他Ｌ,潮害保,保健保,網走南部,356,に,1.94,None,小清水町,None,None,森林空間利用,0,144.537107,43.920917
None,アカエゾマツ,潮害保,保健保,網走南部,356,す,1.6,None,小清水町,None,カシワ,森林空間利用,0,144.536008,43.921127
None,None,潮害保,None,網走南部,356,ネ,0.18,None,小清水町,None,None,森林空間利用,0,144.535639,43.921593
None,アカエゾマツ,潮害保,保健保,網走南部,356,す,1.6,None,小清水町,None,カシワ,森林空間利用,0,144.535303,43.920844
None,カラマツ,潮害保,保健保,網走南部,356,り,1.5,None,小清水町,None,他Ｌ,森林空間利用,0,144.534006,43.922612
None,カラマツ,潮害保,保健保,網走南部,356,り,1.5,None,小清水町,None,他Ｌ,森林空間利用,0,144.535393,43.922453
None,None,None,None,網走南部,356,さ,1.31,None,小清水町,None,None,森林空間利用,1,144.533616,43.922289
None,None,潮害保,保健保,網走南部,356,ぬ,3.0,None,小清水町,None,None,森林空間利用,1,144.533925,43.921729
None,None,保健保,None,網走南部,356,ツ,0.1,None,小清水町,None,None,森林空間利用,0,144.531892,43.922334
None,None,None,None,網走南部,356,さ,1.31,None,小清水町,None,None,森林空間利用,1,144.532884,43.922284
None,None,潮害保,保健保,網走南部,356,ぬ,3.0,None,小清水町,None,None,森林空間利用,1,144.532045,43.922207
None,カラマツ,潮害保,保健保,網走南部,356,り,1.5,None,小清水町,None,他Ｌ,森林空間利用,0,144.5328,43.921325
None,カラマツ,潮害保,保健保,網走南部,356,り,1.5,None,小清水町,None,他Ｌ,森林空間利用,0,144.532567,43.921679
None,アカエゾマツ,潮害保,保健保,網走南部,356,な,1.25,None,小清水町,None,カシワ,森林空間利用,1,144.531348,43.921926
None,アカエゾマツ,潮害保,保健保,網走南部,356,な,1.25,None,小清水町,None,カシワ,森林空間利用,1,144.532074,43.921564
None,他Ｌ,潮害保,保健保,網走南部,356,は,1.38,None,小清水町,None,None,森林空間利用,0,144.533907,43.920845
None,アカエゾマツ,潮害保,保健保,網走南部,356,せ,1.75,None,小清水町,None,カシワ,森林空間利用,0,144.532392,43.920752
None,None,保健保,None,網走南部,356,ツ,0.1,None,小清水町,None,None,森林空間利用,0,144.531885,43.921135
None,カラマツ,潮害保,保健保,網走南部,356,り,1.5,None,小清水町,None,他Ｌ,森林空間利用,0,144.531611,43.921197
None,None,None,None,網走南部,356,あ,1.67,None,小清水町,None,None,森林空間利用,1,144.529832,43.922758
None,None,潮害保,None,網走南部,356,ア,0.07,None,小清水町,None,None,森林空間利用,0,144.532253,43.921432
None,アカエゾマツ,潮害保,保健保,網走南部,356,な,1.25,None,小清水町,None,カシワ,森林空間利用,1,144.530773,43.921523
None,カラマツ,潮害保,保健保,網走南部,356,り,1.5,None,小清水町,None,他Ｌ,森林空間利用,0,144.530257,43.921793
None,カラマツ,潮害保,保健保,網走南部,356,り,1.5,None,小清水町,None,他Ｌ,森林空間利用,0,144.530147,43.92225
None,None,潮害保,None,網走南部,356,ラ,0.25,None,小清水町,None,None,森林空間利用,0,144.529703,43.92211
None,カシワ,潮害保,保健保,網走南部,356,さ,0.94,None,小清水町,None,None,森林空間利用,0,144.530348,43.921492
None,None,None,None,網走南部,356,て,1.06,None,小清水町,None,None,森林空間利用,1,144.52806,43.923244
None,アカエゾマツ,潮害保,保健保,網走南部,356,よ,3.62,None,小清水町,None,None,森林空間利用,0,144.528911,43.922558
None,カラマツ,潮害保,保健保,網走南部,356,り,1.5,None,小清水町,None,他Ｌ,森林空間利用,0,144.528541,43.922928
None,アカエゾマツ,潮害保,保健保,網走南部,356,よ,3.62,None,小清水町,None,None,森林空間利用,0,144.52999,43.921855
None,カラマツ,潮害保,保健保,網走南部,356,か,0.74,None,小清水町,None,None,森林空間利用,0,144.527948,43.921381
None,アカエゾマツ,潮害保,保健保,網走南部,356,せ,1.75,None,小清水町,None,カシワ,森林空間利用,0,144.531306,43.920928
None,アカエゾマツ,潮害保,保健保,網走南部,356,き,0.42,None,小清水町,None,None,森林空間利用,0,144.530272,43.921099
None,アカエゾマツ,潮害保,保健保,網走南部,356,せ,1.75,None,小清水町,None,カシワ,森林空間利用,0,144.529083,43.921055
None,カラマツ,潮害保,保健保,網走南部,356,か,0.74,None,小清水町,None,None,森林空間利用,0,144.528504,43.921108
None,カラマツ,潮害保,保健保,網走南部,356,か,0.74,None,小清水町,None,None,森林空間利用,0,144.528046,43.920806
None,カラマツ,防風保,None,網走南部,358,へ,2.04,None,小清水町,他Ｌ,ミズナラ,山地災害防止（気象）,0,144.527878,43.919074
None,他Ｌ,潮害保,保健保,網走南部,356,ち,0.94,None,小清水町,None,None,森林空間利用,0,144.553768,43.918182
None,None,潮害保,保健保,網走南部,356,な,0.59,None,小清水町,None,None,森林空間利用,0,144.553252,43.918248
None,他Ｌ,潮害保,保健保,網走南部,356,ち,0.94,None,小清水町,None,None,森林空間利用,0,144.552899,43.917623
None,他Ｌ,潮害保,保健保,網走南部,356,ち,0.94,None,小清水町,None,None,森林空間利用,0,144.552445,43.918098
None,他Ｌ,潮害保,保健保,網走南部,356,ち,0.94,None,小清水町,None,None,森林空間利用,0,144.552484,43.917614
None,カラマツ,潮害保,保健保,網走南部,356,め,1.41,None,小清水町,None,ヤチダモ,森林空間利用,0,144.55149,43.917825
None,他Ｌ,防風保,None,網走南部,358,か,1.77,None,小清水町,None,None,山地災害防止（気象）,0,144.552362,43.908861
None,ヤチダモ,防風保,None,網走南部,358,わ,2.07,None,小清水町,None,他Ｌ,山地災害防止（気象）,0,144.551352,43.908835
None,カラマツ,潮害保,保健保,網走南部,356,り,1.5,None,小清水町,None,他Ｌ,森林空間利用,0,144.549707,43.917935
None,カラマツ,潮害保,保健保,網走南部,356,ぬ,2.77,None,小清水町,None,None,森林空間利用,0,144.546632,43.918248
None,カラマツ,潮害保,保健保,網走南部,356,ぬ,2.77,None,小清水町,None,None,森林空間利用,0,144.546052,43.918205
None,カラマツ,潮害保,保健保,網走南部,356,ゆ,0.63,None,小清水町,None,他Ｌ,森林空間利用,0,144.545383,43.918429
None,カラマツ,潮害保,保健保,網走南部,356,ゆ,0.63,None,小清水町,None,他Ｌ,森林空間利用,0,144.543007,43.918067
None,ヤチダモ,防風保,None,網走南部,358,わ,2.07,None,小清水町,None,他Ｌ,山地災害防止（気象）,0,144.549995,43.908731
None,ヤチダモ,防風保,None,網走南部,358,わ,2.07,None,小清水町,None,他Ｌ,山地災害防止（気象）,0,144.54773,43.908554
None,カラマツ,防風保,None,網走南部,358,て,0.14,None,小清水町,None,他Ｌ,山地災害防止（気象）,0,144.54727,43.908466
None,カラマツ,防風保,None,網走南部,358,の,3.55,None,小清水町,None,他Ｌ,山地災害防止（気象）,0,144.546928,43.908751
None,カラマツ,防風保,None,網走南部,358,ま,2.94,None,小清水町,None,None,山地災害防止（気象）,0,144.545525,43.908351
None,カラマツ,防風保,None,網走南部,358,の,3.55,None,小清水町,None,他Ｌ,山地災害防止（気象）,0,144.543364,43.908583
None,カラマツ,潮害保,保健保,網走南部,356,ぬ,2.77,None,小清水町,None,None,森林空間利用,0,144.542021,43.918379
None,None,潮害保,None,網走南部,356,ホ,0.11,None,小清水町,None,None,森林空間利用,0,144.540445,43.9179
None,カラマツ,潮害保,保健保,網走南部,356,お,0.39,None,小清水町,None,他Ｌ,森林空間利用,0,144.540819,43.918052
None,カラマツ,防風保,None,網走南部,358,ま,2.94,None,小清水町,None,None,山地災害防止（気象）,0,144.538978,43.908036
None,カラマツ,防風保,None,網走南部,358,の,3.55,None,小清水町,None,他Ｌ,山地災害防止（気象）,0,144.539373,43.908381
None,他Ｌ,防風保,None,網走南部,358,さ,0.27,None,小清水町,None,None,山地災害防止（気象）,0,144.538369,43.908008
None,ヤチダモ,防風保,None,網走南部,358,え,0.3,None,小清水町,None,他Ｌ,山地災害防止（気象）,0,144.537464,43.908159
None,カラマツ,防風保,None,網走南部,358,の,3.55,None,小清水町,None,他Ｌ,山地災害防止（気象）,0,144.536758,43.908263
None,カラマツ,防風保,None,網走南部,358,ま,2.94,None,小清水町,None,None,山地災害防止（気象）,0,144.536764,43.907932
None,カラマツ,防風保,None,網走南部,358,ゆ,2.9,None,小清水町,None,他Ｌ,山地災害防止（気象）,0,144.529716,43.919146
None,カラマツ,防風保,None,網走南部,358,る,1.02,None,小清水町,None,他Ｌ,山地災害防止（気象）,0,144.529881,43.917731
None,カラマツ,防風保,None,網走南部,358,め,1.66,None,小清水町,None,他Ｌ,山地災害防止（気象）,0,144.530043,43.916648
None,カラマツ,防風保,None,網走南部,358,る,1.02,None,小清水町,None,他Ｌ,山地災害防止（気象）,0,144.52985,43.915954
None,カラマツ,防風保,None,網走南部,358,め,1.66,None,小清水町,None,他Ｌ,山地災害防止（気象）,0,144.529876,43.9151
None,None,防風保,None,網走南部,358,タ,0.01,None,小清水町,None,None,山地災害防止（気象）,0,144.530252,43.913758
None,カラマツ,防風保,None,網走南部,358,ぬ,3.42,None,小清水町,None,他Ｌ,山地災害防止（気象）,0,144.530259,43.914315
None,None,None,None,網走南部,358,ハ,0.02,None,小清水町,None,None,山地災害防止（気象）,0,144.530097,43.913908
None,シラカバ,防風保,None,網走南部,358,や,0.31,None,小清水町,None,None,山地災害防止（気象）,0,144.533235,43.908455
None,カラマツ,防風保,None,網走南部,358,ぬ,3.42,None,小清水町,None,他Ｌ,山地災害防止（気象）,0,144.530311,43.912469
None,None,None,None,網走南部,358,ロ,0.02,None,小清水町,None,None,山地災害防止（気象）,0,144.530158,43.910034
None,カラマツ,防風保,None,網走南部,358,く,3.81,None,小清水町,None,他Ｌ,山地災害防止（気象）,0,144.529207,43.909267
None,None,None,None,網走南部,358,ヘ,0.01,None,小清水町,None,None,山地災害防止（気象）,0,144.528538,43.90963
None,カラマツ,防風保,None,網走南部,358,お,3.96,None,小清水町,None,他Ｌ,山地災害防止（気象）,0,144.527431,43.909484
None,カラマツ,防風保,None,網走南部,358,く,3.81,None,小清水町,None,他Ｌ,山地災害防止（気象）,0,144.528282,43.909227
None,カラマツ,防風保,None,網走南部,358,く,3.81,None,小清水町,None,他Ｌ,山地災害防止（気象）,0,144.530993,43.907411
None,カラマツ,防風保,None,網走南部,358,お,3.96,None,小清水町,None,他Ｌ,山地災害防止（気象）,0,144.530385,43.909225
None,カラマツ,防風保,None,網走南部,358,こ,4.14,None,小清水町,None,他Ｌ,山地災害防止（気象）,0,144.531455,43.902336
None,カラマツ,防風保,None,網走南部,358,こ,4.14,None,小清水町,None,他Ｌ,山地災害防止（気象）,0,144.531754,43.899247
None,カラマツ,防風保,None,網走南部,358,よ,3.71,None,小清水町,None,他Ｌ,山地災害防止（気象）,0,144.531375,43.8984
None,カラマツ,防風保,None,網走南部,358,よ,3.71,None,小清水町,None,他Ｌ,山地災害防止（気象）,0,144.530845,43.904105
None,None,None,None,網走南部,356,ニ,0.14,None,小清水町,None,None,森林空間利用,0,144.523942,43.923964
None,None,None,None,網走南部,356,ソ,1.11,None,小清水町,None,None,森林空間利用,0,144.522666,43.924041
None,カラマツ,潮害保,保健保,網走南部,356,り,1.5,None,小清水町,None,他Ｌ,森林空間利用,0,144.517251,43.924513
None,None,潮害保,保健保,網走南部,356,ハ,0.34,None,小清水町,None,None,森林空間利用,0,144.518262,43.923851
None,アカエゾマツ,潮害保,保健保,網走南部,356,ほ,1.16,None,小清水町,None,None,森林空間利用,1,144.525055,43.922817
None,カシワ,潮害保,保健保,網走南部,356,さ,0.94,None,小清水町,None,None,森林空間利用,0,144.527249,43.922197
None,カシワ,潮害保,保健保,網走南部,356,こ,0.52,None,小清水町,None,アカエゾマツ,森林空間利用,0,144.527335,43.922067
None,トドマツ,潮害保,保健保,網走南部,356,え,0.52,None,小清水町,None,他Ｌ,森林空間利用,0,144.527934,43.921825
None,カラマツ,潮害保,保健保,網走南部,356,り,1.5,None,小清水町,None,他Ｌ,森林空間利用,0,144.52731,43.921475
None,アカエゾマツ,潮害保,保健保,網走南部,356,て,0.52,None,小清水町,None,他Ｌ,森林空間利用,0,144.528108,43.921611
None,None,潮害保,None,網走南部,356,カ,0.23,None,小清水町,None,None,森林空間利用,0,144.522184,43.922115
None,アカエゾマツ,潮害保,保健保,網走南部,356,も,1.55,None,小清水町,None,他Ｌ,森林空間利用,0,144.524693,43.921457
None,アカエゾマツ,潮害保,保健保,網走南部,356,よ,3.62,None,小清水町,None,None,森林空間利用,0,144.524365,43.92344
None,None,None,None,網走南部,356,ソ,1.11,None,小清水町,None,None,森林空間利用,0,144.524163,43.92351
None,カシワ,潮害保,保健保,網走南部,356,あ,0.78,None,小清水町,None,ドロノキ,森林空間利用,0,144.52378,43.923139
None,アカエゾマツ,潮害保,保健保,網走南部,356,ひ,0.81,None,小清水町,None,カシワ,森林空間利用,0,144.523776,43.922694
None,アカエゾマツ,潮害保,保健保,網走南部,356,ふ,0.24,None,小清水町,他Ｌ,カラマツ,森林空間利用,0,144.524937,43.92214
None,トドマツ,潮害保,保健保,網走南部,356,く,0.72,None,小清水町,アカエゾマツ,バンクシャマツ,森林空間利用,0,144.523995,43.922245
None,None,None,None,網走南部,356,フ,0.31,None,小清水町,None,None,森林空間利用,0,144.523783,43.921584
None,None,None,None,網走南部,356,タ,0.14,None,小清水町,None,None,森林空間利用,0,144.523686,43.921148
None,カラマツ,潮害保,保健保,網走南部,356,わ,1.1,None,小清水町,None,他Ｌ,森林空間利用,0,144.52727,43.920769
None,カラマツ,防風保,None,網走南部,358,ほ,2.32,None,小清水町,None,他Ｌ,山地災害防止（気象）,0,144.525229,43.919258
None,アカエゾマツ,防風保,None,網走南部,358,ふ,0.33,None,小清水町,None,他Ｌ,山地災害防止（気象）,0,144.525079,43.919509
None,カラマツ,防風保,None,網走南部,358,と,0.21,None,小清水町,None,None,山地災害防止（気象）,0,144.52426,43.919355
None,None,None,None,網走南部,356,メ,0.58,None,小清水町,None,None,森林空間利用,0,144.523292,43.923965
None,None,None,None,網走南部,356,ユ,0.08,None,小清水町,None,None,森林空間利用,0,144.522389,43.923667
None,None,None,None,網走南部,356,ユ,0.08,None,小清水町,None,None,森林空間利用,0,144.5228,43.9236
None,カシワ,潮害保,保健保,網走南部,356,け,0.45,None,小清水町,None,ヤナギ,森林空間利用,0,144.522517,43.923299
None,None,None,None,網走南部,356,タ,0.14,None,小清水町,None,None,森林空間利用,0,144.523093,43.92357
None,None,None,None,網走南部,356,ユ,0.08,None,小清水町,None,None,森林空間利用,0,144.522056,43.922705
None,カシワ,潮害保,保健保,網走南部,356,け,0.45,None,小清水町,None,ヤナギ,森林空間利用,0,144.521888,43.923519
None,アカエゾマツ,潮害保,保健保,網走南部,356,と,0.86,None,小清水町,None,None,森林空間利用,1,144.521181,43.923553
None,アカエゾマツ,潮害保,保健保,網走南部,356,ひ,0.81,None,小清水町,None,カシワ,森林空間利用,0,144.521931,43.922929
None,アカエゾマツ,潮害保,保健保,網走南部,356,と,0.86,None,小清水町,None,None,森林空間利用,1,144.521505,43.923089
None,カシワ,潮害保,保健保,網走南部,356,ね,0.12,None,小清水町,None,トドマツ,森林空間利用,0,144.523261,43.922498
None,カシワ,潮害保,保健保,網走南部,356,ね,0.12,None,小清水町,None,トドマツ,森林空間利用,0,144.523063,43.922196
None,アカエゾマツ,潮害保,保健保,網走南部,356,も,1.55,None,小清水町,None,他Ｌ,森林空間利用,0,144.523161,43.921981
None,None,None,None,網走南部,356,ケ,0.46,None,小清水町,None,None,森林空間利用,0,144.52304,43.921675
None,カシワ,潮害保,保健保,網走南部,356,つ,1.96,None,小清水町,None,カラマツ,森林空間利用,0,144.52171,43.922446
None,None,None,None,網走南部,356,お,3.72,None,小清水町,None,None,森林空間利用,1,144.522147,43.921746
None,None,潮害保,None,網走南部,356,エ,0.06,None,小清水町,None,None,森林空間利用,0,144.520937,43.923177
None,アカエゾマツ,潮害保,保健保,網走南部,356,と,0.86,None,小清水町,None,None,森林空間利用,1,144.520788,43.923369
None,アカエゾマツ,潮害保,保健保,網走南部,356,と,0.86,None,小清水町,None,None,森林空間利用,1,144.5208,43.922927
None,カラマツ,潮害保,保健保,網走南部,356,り,1.5,None,小清水町,None,他Ｌ,森林空間利用,0,144.520209,43.923849
None,アカエゾマツ,潮害保,保健保,網走南部,356,い,0.59,None,小清水町,None,None,森林空間利用,1,144.520327,43.92334
None,アカエゾマツ,潮害保,保健保,網走南部,356,い,0.59,None,小清水町,None,None,森林空間利用,1,144.520452,43.922886
None,None,保健保,None,網走南部,356,イ,0.18,None,小清水町,None,None,森林空間利用,0,144.520352,43.922927
None,None,None,None,網走南部,356,コ,0.18,None,小清水町,None,None,森林空間利用,0,144.520054,43.921812
None,カラマツ,防風保,None,網走南部,358,へ,2.04,None,小清水町,他Ｌ,ミズナラ,山地災害防止（気象）,0,144.525724,43.918988
None,アカエゾマツ,防風保,None,網走南部,358,ふ,0.33,None,小清水町,None,他Ｌ,山地災害防止（気象）,0,144.519863,43.919262
None,カラマツ,防風保,None,網走南部,358,ほ,2.32,None,小清水町,None,他Ｌ,山地災害防止（気象）,0,144.522328,43.919123
None,None,None,None,網走南部,356,ふ,0.65,None,小清水町,None,None,森林空間利用,1,144.518744,43.924292
None,アカエゾマツ,潮害保,保健保,網走南部,356,よ,0.53,None,小清水町,None,None,森林空間利用,1,144.519413,43.924064
None,None,潮害保,保健保,網走南部,356,ミ,0.24,None,小清水町,None,None,森林空間利用,0,144.516888,43.92476
None,None,潮害保,保健保,網走南部,356,チ,5.4,None,小清水町,None,None,森林空間利用,0,144.516327,43.924537
None,None,潮害保,保健保,網走南部,356,つ,0.1,None,小清水町,None,None,森林空間利用,1,144.51604,43.924431
None,None,潮害保,保健保,網走南部,356,ヤ,0.05,None,小清水町,None,None,森林空間利用,0,144.515708,43.924586
None,None,潮害保,保健保,網走南部,356,し,0.53,None,小清水町,None,None,森林空間利用,0,144.515492,43.924364
None,None,潮害保,保健保,網走南部,356,ク,0.03,None,小清水町,None,None,森林空間利用,0,144.515707,43.924249
None,None,潮害保,保健保,網走南部,356,れ,0.25,None,小清水町,None,None,森林空間利用,1,144.515971,43.924051
None,None,潮害保,保健保,網走南部,356,チ,5.4,None,小清水町,None,None,森林空間利用,0,144.52092,43.924228
None,アカエゾマツ,潮害保,保健保,網走南部,356,へ,0.29,None,小清水町,None,None,森林空間利用,1,144.515017,43.924303
None,アカエゾマツ,潮害保,保健保,網走南部,356,そ,0.7,None,小清水町,None,カシワ,森林空間利用,1,144.514076,43.9247
None,None,潮害保,保健保,網走南部,356,し,0.53,None,小清水町,None,None,森林空間利用,0,144.51447,43.924171
None,None,潮害保,保健保,網走南部,356,ち,0.22,None,小清水町,None,None,森林空間利用,1,144.513841,43.924294
None,None,潮害保,保健保,網走南部,356,オ,0.41,None,小清水町,None,None,森林空間利用,0,144.51377,43.924217
None,None,潮害保,保健保,網走南部,356,ち,0.22,None,小清水町,None,None,森林空間利用,1,144.513393,43.924357
None,バンクシャマツ,潮害保,保健保,網走南部,356,ろ,1.43,None,小清水町,トドマツ,他Ｌ,森林空間利用,0,144.513017,43.923924
None,トドマツ,潮害保,保健保,網走南部,356,の,0.2,None,小清水町,None,他Ｌ,森林空間利用,0,144.51141,43.924093
None,アカエゾマツ,潮害保,保健保,網走南部,356,よ,0.53,None,小清水町,None,None,森林空間利用,1,144.519699,43.923759
None,None,潮害保,保健保,網走南部,356,り,0.95,None,小清水町,None,None,森林空間利用,1,144.519074,43.92328
None,カシワ,潮害保,保健保,網走南部,356,つ,1.96,None,小清水町,None,カラマツ,森林空間利用,0,144.51879,43.922747
None,アカエゾマツ,潮害保,保健保,網走南部,356,た,1.35,None,小清水町,None,他Ｌ,森林空間利用,1,144.518285,43.923625
None,アカエゾマツ,潮害保,保健保,網走南部,356,た,1.35,None,小清水町,None,他Ｌ,森林空間利用,1,144.517421,43.923743
None,None,潮害保,None,網走南部,356,カ,0.23,None,小清水町,None,None,森林空間利用,0,144.518331,43.922521
None,トドマツ,潮害保,保健保,網走南部,356,た,0.36,None,小清水町,他Ｌ,カラマツ,森林空間利用,0,144.517577,43.922886
None,None,None,None,網走南部,356,お,3.72,None,小清水町,None,None,森林空間利用,1,144.517731,43.92239
None,カラマツ,潮害保,保健保,網走南部,356,り,1.5,None,小清水町,None,他Ｌ,森林空間利用,0,144.51668,43.923597
None,トドマツ,潮害保,保健保,網走南部,356,た,0.36,None,小清水町,他Ｌ,カラマツ,森林空間利用,0,144.517038,43.922881
None,None,潮害保,保健保,網走南部,356,は,0.31,None,小清水町,None,None,森林空間利用,1,144.51618,43.923695
None,カシワ,潮害保,保健保,網走南部,356,や,1.13,None,小清水町,バンクシャマツ,トドマツ,森林空間利用,0,144.515026,43.923625
None,カラマツ,潮害保,保健保,網走南部,356,れ,0.28,None,小清水町,None,None,森林空間利用,0,144.51597,43.922957
None,None,None,None,網走南部,356,お,3.72,None,小清水町,None,None,森林空間利用,1,144.516916,43.922489
None,トドマツ,潮害保,保健保,網走南部,356,ま,1.09,None,小清水町,None,他Ｌ,森林空間利用,0,144.516571,43.922515
None,カラマツ,潮害保,保健保,網走南部,356,れ,0.28,None,小清水町,None,None,森林空間利用,0,144.516323,43.922564
None,None,None,None,網走南部,358,レ,0.04,None,小清水町,None,None,山地災害防止（気象）,0,144.518645,43.91918
None,カラマツ,防風保,None,網走南部,358,に,1.69,None,小清水町,None,他Ｌ,山地災害防止（気象）,0,144.518924,43.918972
None,シラカバ,防風保,None,網走南部,358,け,0.04,None,小清水町,None,None,山地災害防止（気象）,0,144.518902,43.919228
None,カラマツ,防風保,None,網走南部,358,へ,2.04,None,小清水町,他Ｌ,ミズナラ,山地災害防止（気象）,0,144.519068,43.918699
None,カラマツ,防風保,None,網走南部,358,ち,0.12,None,小清水町,None,他Ｌ,山地災害防止（気象）,0,144.517552,43.91916
None,カラマツ,防風保,None,網走南部,358,に,1.69,None,小清水町,None,他Ｌ,山地災害防止（気象）,0,144.518019,43.91893
None,カシワ,潮害保,保健保,網走南部,356,や,1.13,None,小清水町,バンクシャマツ,トドマツ,森林空間利用,0,144.514577,43.923735
None,カシワ,潮害保,保健保,網走南部,356,や,1.13,None,小清水町,バンクシャマツ,トドマツ,森林空間利用,0,144.514601,43.923905
None,トドマツ,潮害保,保健保,網走南部,356,ま,1.09,None,小清水町,None,他Ｌ,森林空間利用,0,144.514956,43.923244
None,カラマツ,潮害保,保健保,網走南部,356,れ,0.28,None,小清水町,None,None,森林空間利用,0,144.515267,43.923006
None,バンクシャマツ,潮害保,保健保,網走南部,356,ろ,1.43,None,小清水町,トドマツ,他Ｌ,森林空間利用,0,144.514489,43.923923
None,アカエゾマツ,潮害保,保健保,網走南部,356,る,0.52,None,小清水町,None,None,森林空間利用,0,144.514292,43.923315
None,アカエゾマツ,潮害保,保健保,網走南部,356,る,0.52,None,小清水町,None,None,森林空間利用,0,144.513504,43.923668
None,アカエゾマツ,潮害保,保健保,網走南部,356,む,0.52,None,小清水町,他Ｌ,トドマツ,森林空間利用,0,144.514486,43.922999
None,None,潮害保,None,網走南部,356,ノ,0.08,None,小清水町,None,None,森林空間利用,0,144.514768,43.92314
None,アカエゾマツ,潮害保,保健保,網走南部,356,る,0.52,None,小清水町,None,None,森林空間利用,0,144.513687,43.923175
None,カラマツ,防風保,None,網走南部,358,り,0.22,None,小清水町,None,他Ｌ,山地災害防止（気象）,0,144.514156,43.918997
None,カラマツ,防風保,None,網走南部,358,へ,2.04,None,小清水町,他Ｌ,ミズナラ,山地災害防止（気象）,0,144.515093,43.918528
None,センノキ,防風保,None,網走南部,358,は,4.83,None,小清水町,None,他Ｌ,山地災害防止（気象）,0,144.513134,43.918687
None,カラマツ,潮害保,保健保,網走南部,356,う,0.1,None,小清水町,None,None,森林空間利用,0,144.511127,43.924102
None,None,潮害保,保健保,網走南部,356,ち,0.22,None,小清水町,None,None,森林空間利用,1,144.507044,43.925632
None,None,None,None,網走南部,356,こ,1.02,None,小清水町,None,None,森林空間利用,1,144.509671,43.925432
None,None,None,None,網走南部,356,こ,1.02,None,小清水町,None,None,森林空間利用,1,144.509208,43.925122
None,アカエゾマツ,潮害保,保健保,網走南部,356,ろ,5.67,None,小清水町,None,他Ｌ,森林空間利用,1,144.508126,43.924963
None,None,潮害保,None,網走南部,356,ワ,0.4,None,小清水町,None,None,森林空間利用,0,144.507171,43.924778
None,アカエゾマツ,潮害保,保健保,網走南部,356,ろ,5.67,None,小清水町,None,他Ｌ,森林空間利用,1,144.506466,43.924932
None,None,潮害保,None,網走南部,356,ヨ,0.28,None,小清水町,None,None,森林空間利用,0,144.505038,43.926311
None,None,潮害保,保健保,網走南部,356,チ,5.4,None,小清水町,None,None,森林空間利用,0,144.505253,43.925354
None,None,潮害保,保健保,網走南部,356,テ,0.03,None,小清水町,None,None,森林空間利用,0,144.50516,43.925381
None,None,None,None,網走南部,356,ロ,3.23,None,小清水町,None,None,森林空間利用,0,144.505178,43.925347
None,None,潮害保,保健保,網走南部,356,チ,5.4,None,小清水町,None,None,森林空間利用,0,144.503636,43.92551
None,None,None,None,網走南部,356,ロ,3.23,None,小清水町,None,None,森林空間利用,0,144.505226,43.92579
None,None,None,None,網走南部,356,ロ,3.23,None,小清水町,None,None,森林空間利用,0,144.505128,43.925259
None,None,潮害保,保健保,網走南部,356,テ,0.03,None,小清水町,None,None,森林空間利用,0,144.504891,43.924912
None,None,潮害保,保健保,網走南部,356,い,4.68,None,小清水町,None,None,森林空間利用,0,144.505096,43.924569
None,None,None,None,網走南部,356,ロ,3.23,None,小清水町,None,None,森林空間利用,0,144.504914,43.924607
None,None,潮害保,保健保,網走南部,356,テ,0.03,None,小清水町,None,None,森林空間利用,0,144.504878,43.924579
None,アカエゾマツ,潮害保,保健保,網走南部,356,ろ,5.67,None,小清水町,None,他Ｌ,森林空間利用,1,144.504612,43.925156
None,ヤチダモ,潮害保,保健保,網走南部,356,ら,1.66,None,小清水町,None,None,森林空間利用,0,144.511256,43.923624
None,センノキ,防風保,None,網走南部,358,は,4.83,None,小清水町,None,他Ｌ,山地災害防止（気象）,0,144.511747,43.918624
None,None,潮害保,None,網走南部,356,ヨ,0.28,None,小清水町,None,None,森林空間利用,0,144.503156,43.926329
None,None,潮害保,None,網走南部,356,ヨ,0.28,None,小清水町,None,None,森林空間利用,0,144.5023,43.926515
None,None,潮害保,保健保,網走南部,356,チ,5.4,None,小清水町,None,None,森林空間利用,0,144.500907,43.9265
None,アカエゾマツ,潮害保,保健保,網走南部,356,ろ,5.67,None,小清水町,None,他Ｌ,森林空間利用,1,144.501414,43.925443
None,None,潮害保,保健保,網走南部,356,か,0.92,None,小清水町,None,None,森林空間利用,1,144.500251,43.926247
None,アカエゾマツ,潮害保,保健保,網走南部,356,に,0.79,None,小清水町,None,None,森林空間利用,1,144.500694,43.925761
None,アカエゾマツ,潮害保,保健保,網走南部,356,に,0.79,None,小清水町,None,None,森林空間利用,1,144.499903,43.925641
None,アカエゾマツ,潮害保,保健保,網走南部,356,ろ,5.67,None,小清水町,None,他Ｌ,森林空間利用,1,144.500924,43.925244
None,None,潮害保,保健保,網走南部,356,わ,0.83,None,小清水町,None,None,森林空間利用,1,144.497347,43.926829
None,None,潮害保,None,網走南部,356,レ,0.05,None,小清水町,None,None,森林空間利用,0,144.497029,43.92683
None,None,潮害保,保健保,網走南部,356,か,0.92,None,小清水町,None,None,森林空間利用,1,144.49955,43.925973
None,None,潮害保,保健保,網走南部,356,チ,5.4,None,小清水町,None,None,森林空間利用,0,144.499125,43.925806
None,None,潮害保,None,網走南部,356,ワ,0.4,None,小清水町,None,None,森林空間利用,0,144.49899,43.926222
None,アカエゾマツ,潮害保,保健保,網走南部,356,ね,1.06,None,小清水町,None,カシワ,森林空間利用,1,144.498255,43.926227
None,None,潮害保,保健保,網走南部,356,い,4.68,None,小清水町,None,None,森林空間利用,0,144.4993,43.925518
None,None,潮害保,保健保,網走南部,356,わ,0.83,None,小清水町,None,None,森林空間利用,1,144.496558,43.926596
None,None,潮害保,保健保,網走南部,356,い,4.68,None,小清水町,None,None,森林空間利用,0,144.503344,43.924792
None,他Ｌ,防風保,None,網走南部,358,た,2.45,None,小清水町,ミズナラ,ダケカンバ,山地災害防止（気象）,0,144.524993,43.907406
None,カラマツ,防風保,None,網走南部,358,き,2.33,None,小清水町,None,他Ｌ,山地災害防止（気象）,0,144.522264,43.907608
None,カラマツ,防風保,None,網走南部,358,き,2.33,None,小清水町,None,他Ｌ,山地災害防止（気象）,0,144.520101,43.907504
None,None,防風保,None,網走南部,358,リ,0.01,None,小清水町,None,None,山地災害防止（気象）,0,144.520272,43.907335
None,None,防風保,None,網走南部,358,ソ,0.07,None,小清水町,None,None,山地災害防止（気象）,0,144.519932,43.907345
None,他Ｌ,防風保,None,網走南部,358,た,2.45,None,小清水町,ミズナラ,ダケカンバ,山地災害防止（気象）,0,144.520131,43.907165
None,カラマツ,防風保,None,網走南部,358,き,2.33,None,小清水町,None,他Ｌ,山地災害防止（気象）,0,144.519495,43.907471
None,他Ｌ,防風保,None,網走南部,358,た,2.45,None,小清水町,ミズナラ,ダケカンバ,山地災害防止（気象）,0,144.519725,43.907145
None,カラマツ,防風保,None,網走南部,358,れ,0.96,None,小清水町,None,他Ｌ,山地災害防止（気象）,0,144.51713,43.907439
None,ドイツトウヒ,防風保,None,網走南部,358,そ,2.53,None,小清水町,None,他Ｌ,山地災害防止（気象）,0,144.514548,43.906985
None,カラマツ,防風保,None,網走南部,358,れ,0.96,None,小清水町,None,他Ｌ,山地災害防止（気象）,0,144.512963,43.907242
None,ドイツトウヒ,防風保,None,網走南部,358,そ,2.53,None,小清水町,None,他Ｌ,山地災害防止（気象）,0,144.512866,43.90691
None,センノキ,防風保,None,網走南部,358,は,4.83,None,小清水町,None,他Ｌ,山地災害防止（気象）,0,144.507821,43.918446
None,None,防風保,None,網走南部,358,ニ,0.03,None,小清水町,None,None,山地災害防止（気象）,0,144.505302,43.918527
None,ミズナラ,防風保,None,網走南部,358,ろ,1.1,None,小清水町,ダケカンバ,他Ｌ,山地災害防止（気象）,0,144.504972,43.918283
None,None,None,None,網走南部,358,チ,0.01,None,小清水町,None,None,山地災害防止（気象）,0,144.50472,43.918504
None,ミズナラ,防風保,None,網走南部,358,ろ,1.1,None,小清水町,ダケカンバ,他Ｌ,山地災害防止（気象）,0,144.503784,43.918256
None,他Ｌ,防風保,None,網走南部,358,い,41.33,None,小清水町,None,None,自然維持,0,144.501624,43.917677
None,カラマツ,防風保,None,網走南部,358,つ,1.77,None,小清水町,None,他Ｌ,山地災害防止（気象）,0,144.507388,43.906913
None,ミズナラ,防風保,None,網走南部,358,ね,12.39,None,小清水町,センノキ,他Ｌ,山地災害防止（気象）,0,144.511236,43.906757
None,ミズナラ,防風保,None,網走南部,358,ね,12.39,None,小清水町,センノキ,他Ｌ,山地災害防止（気象）,0,144.506097,43.906503
None,ミズナラ,防風保,None,網走南部,358,ね,12.39,None,小清水町,センノキ,他Ｌ,山地災害防止（気象）,0,144.504213,43.904116
None,None,防風保,None,網走南部,358,ヨ,0.03,None,小清水町,None,None,山地災害防止（気象）,0,144.504413,43.903526
None,None,防風保,None,網走南部,358,ヨ,0.03,None,小清水町,None,None,山地災害防止（気象）,0,144.503589,43.903658
None,ミズナラ,防風保,None,網走南部,358,ね,12.39,None,小清水町,センノキ,他Ｌ,山地災害防止（気象）,0,144.504537,43.899949
None,カラマツ,防風保,None,網走南部,358,あ,3.36,None,小清水町,None,他Ｌ,山地災害防止（気象）,0,144.503828,43.903166
None,ミズナラ,防風保,None,網走南部,358,ね,12.39,None,小清水町,センノキ,他Ｌ,山地災害防止（気象）,0,144.507062,43.89743
None,None,防風保,None,網走南部,358,カ,0.04,None,小清水町,None,None,山地災害防止（気象）,0,144.507243,43.897172
None,カラマツ,防風保,None,網走南部,358,な,1.66,None,小清水町,None,None,山地災害防止（気象）,0,144.506564,43.897585
None,カラマツ,防風保,None,網走南部,358,あ,3.36,None,小清水町,None,他Ｌ,山地災害防止（気象）,0,144.506502,43.898494
None,カラマツ,防風保,None,網走南部,358,あ,3.36,None,小清水町,None,他Ｌ,山地災害防止（気象）,0,144.503662,43.905369
None,ミズナラ,防風保,None,網走南部,358,ね,12.39,None,小清水町,センノキ,他Ｌ,山地災害防止（気象）,0,144.504106,43.906501
None,カラマツ,防風保,None,網走南部,358,あ,3.36,None,小清水町,None,他Ｌ,山地災害防止（気象）,0,144.50375,43.904246
None,他Ｌ,防風保,None,網走南部,358,ら,2.05,None,小清水町,None,None,山地災害防止（気象）,0,144.499192,43.906362
None,他Ｌ,防風保,None,網走南部,358,ら,2.05,None,小清水町,None,None,山地災害防止（気象）,0,144.497651,43.90629
None,カラマツ,防風保,None,網走南部,359,ふ,5.87,None,小清水町,None,他Ｌ,山地災害防止（気象）,0,144.554767,43.888976
None,トドマツ,防風保,None,網走南部,359,わ,5.88,None,小清水町,None,None,山地災害防止（気象）,0,144.556132,43.888707
None,None,None,None,網走南部,359,ト,0.04,None,小清水町,None,None,山地災害防止（気象）,0,144.553432,43.888549
None,カラマツ,防風保,None,網走南部,359,ふ,5.87,None,小清水町,None,他Ｌ,山地災害防止（気象）,0,144.552914,43.888883
None,トドマツ,防風保,None,網走南部,359,わ,5.88,None,小清水町,None,None,山地災害防止（気象）,0,144.551326,43.888483
None,None,防風保,None,網走南部,359,ツ,0.03,None,小清水町,None,None,山地災害防止（気象）,0,144.549772,43.88858
None,カラマツ,防風保,None,網走南部,359,ふ,5.87,None,小清水町,None,他Ｌ,山地災害防止（気象）,0,144.548847,43.888689
None,トドマツ,防風保,None,網走南部,359,わ,5.88,None,小清水町,None,None,山地災害防止（気象）,0,144.546399,43.888255
None,カラマツ,防風保,None,網走南部,359,ふ,5.87,None,小清水町,None,他Ｌ,山地災害防止（気象）,0,144.539556,43.888279
None,トドマツ,防風保,None,網走南部,359,わ,5.88,None,小清水町,None,None,山地災害防止（気象）,0,144.537019,43.887832
None,None,None,None,網走南部,358,イ,0.07,None,小清水町,None,None,山地災害防止（気象）,0,144.531745,43.897005
None,カラマツ,防風保,None,網走南部,358,こ,4.14,None,小清水町,None,他Ｌ,山地災害防止（気象）,0,144.53207,43.895924
None,カラマツ,防風保,None,網走南部,358,よ,3.71,None,小清水町,None,他Ｌ,山地災害防止（気象）,0,144.531618,43.895907
None,None,防風保,None,網走南部,359,ネ,0.02,None,小清水町,None,None,山地災害防止（気象）,0,144.5316,43.894657
None,ミズナラ,防風保,None,網走南部,359,ま,5.26,None,小清水町,センノキ,他Ｌ,山地災害防止（気象）,0,144.532188,43.891745
None,ミズナラ,防風保,None,網走南部,359,ま,5.26,None,小清水町,センノキ,他Ｌ,山地災害防止（気象）,0,144.532452,43.888908
None,カラマツ,防風保,None,網走南部,359,め,6.39,None,小清水町,None,他Ｌ,山地災害防止（気象）,0,144.530958,43.887812
None,他Ｌ,防風保,None,網走南部,359,る,6.26,None,小清水町,ダケカンバ,ミズナラ,山地災害防止（気象）,0,144.532827,43.887457
None,トドマツ,防風保,None,網走南部,359,ち,0.13,None,小清水町,None,他Ｌ,山地災害防止（気象）,1,144.529453,43.887284
None,カラマツ,防風保,None,網走南部,359,め,6.39,None,小清水町,None,他Ｌ,山地災害防止（気象）,0,144.532475,43.886059
None,None,防風保,None,網走南部,359,ラ,0.03,None,小清水町,None,None,山地災害防止（気象）,0,144.532467,43.88484
None,他Ｌ,防風保,None,網走南部,359,る,6.26,None,小清水町,ダケカンバ,ミズナラ,山地災害防止（気象）,0,144.533217,43.882879
None,None,None,None,網走南部,359,イ,0.13,None,小清水町,None,None,山地災害防止（気象）,0,144.533437,43.880958
None,カラマツ,防風保,None,網走南部,359,め,6.39,None,小清水町,None,他Ｌ,山地災害防止（気象）,0,144.532754,43.882923
None,他Ｌ,防風保,None,網走南部,359,る,6.26,None,小清水町,ダケカンバ,ミズナラ,山地災害防止（気象）,0,144.533458,43.880153
None,None,None,None,網走南部,359,カ,0.06,None,小清水町,None,None,山地災害防止（気象）,0,144.532865,43.879826
None,None,None,None,網走南部,359,カ,0.06,None,小清水町,None,None,山地災害防止（気象）,0,144.533688,43.879733
None,None,防風保,None,網走南部,359,ソ,0.02,None,小清水町,None,None,山地災害防止（気象）,0,144.533628,43.879692
None,他Ｌ,防風保,None,網走南部,359,る,6.26,None,小清水町,ダケカンバ,ミズナラ,山地災害防止（気象）,0,144.533546,43.879349
None,カラマツ,防風保,None,網走南部,359,め,6.39,None,小清水町,None,他Ｌ,山地災害防止（気象）,0,144.533085,43.879165
None,カラマツ,防風保,None,網走南部,359,め,6.39,None,小清水町,None,他Ｌ,山地災害防止（気象）,0,144.532992,43.88025
None,トドマツ,防風保,None,網走南部,359,か,2.61,None,小清水町,None,None,山地災害防止（気象）,0,144.533737,43.876256
None,トドマツ,防風保,None,網走南部,359,り,1.25,None,小清水町,None,他Ｌ,山地災害防止（気象）,1,144.534021,43.875637
None,カラマツ,防風保,None,網走南部,359,み,3.8,None,小清水町,None,他Ｌ,山地災害防止（気象）,0,144.53337,43.875995
None,他Ｌ,防風保,None,網走南部,359,よ,6.75,None,小清水町,ダケカンバ,ミズナラ,山地災害防止（気象）,0,144.555117,43.86857
None,カラマツ,防風保,None,網走南部,359,し,6.77,None,小清水町,None,他Ｌ,山地災害防止（気象）,0,144.554412,43.868865
None,カラマツ,防風保,None,網走南部,359,し,6.77,None,小清水町,None,他Ｌ,山地災害防止（気象）,0,144.548103,43.868552
None,他Ｌ,防風保,None,網走南部,359,よ,6.75,None,小清水町,ダケカンバ,ミズナラ,山地災害防止（気象）,0,144.547914,43.868205
None,カラマツ,防風保,None,網走南部,359,し,6.77,None,小清水町,None,他Ｌ,山地災害防止（気象）,0,144.541277,43.868236
None,他Ｌ,防風保,None,網走南部,359,よ,6.75,None,小清水町,ダケカンバ,ミズナラ,山地災害防止（気象）,0,144.541349,43.867906
None,None,防風保,None,網走南部,359,ユ,0.01,None,小清水町,None,None,山地災害防止（気象）,0,144.537883,43.868194
None,カラマツ,防風保,None,網走南部,359,し,6.77,None,小清水町,None,他Ｌ,山地災害防止（気象）,0,144.536545,43.868009
None,他Ｌ,防風保,None,網走南部,359,よ,6.75,None,小清水町,ダケカンバ,ミズナラ,山地災害防止（気象）,0,144.535378,43.867622
None,トドマツ,防風保,None,網走南部,359,り,1.25,None,小清水町,None,他Ｌ,山地災害防止（気象）,1,144.53439,43.871467
None,トドマツ,防風保,None,網走南部,359,か,2.61,None,小清水町,None,None,山地災害防止（気象）,0,144.534014,43.873101
None,カラマツ,防風保,None,網走南部,359,み,3.8,None,小清水町,None,他Ｌ,山地災害防止（気象）,0,144.5337,43.872268
None,トドマツ,防風保,None,網走南部,359,り,1.25,None,小清水町,None,他Ｌ,山地災害防止（気象）,1,144.534608,43.868987
None,トドマツ,防風保,None,網走南部,359,か,2.61,None,小清水町,None,None,山地災害防止（気象）,0,144.534331,43.869526
None,カラマツ,防風保,None,網走南部,359,み,3.8,None,小清水町,None,他Ｌ,山地災害防止（気象）,0,144.53403,43.868707
None,None,防風保,None,網走南部,359,フ,0.02,None,小清水町,None,None,山地災害防止（気象）,0,144.534669,43.868176
None,トドマツ,防風保,None,網走南部,359,り,1.25,None,小清水町,None,他Ｌ,山地災害防止（気象）,1,144.534689,43.867936
None,None,防風保,None,網走南部,359,ケ,0.03,None,小清水町,None,None,山地災害防止（気象）,0,144.534451,43.868171
None,トドマツ,防風保,None,網走南部,359,か,2.61,None,小清水町,None,None,山地災害防止（気象）,0,144.534486,43.867768
None,カラマツ,防風保,None,網走南部,359,み,3.8,None,小清水町,None,他Ｌ,山地災害防止（気象）,0,144.534123,43.867758
None,None,防風保,None,網走南部,359,マ,0.04,None,小清水町,None,None,山地災害防止（気象）,0,144.534225,43.868162
None,他Ｌ,防風保,None,網走南部,359,れ,0.77,None,小清水町,ダケカンバ,ミズナラ,山地災害防止（気象）,0,144.533249,43.867694
None,ダケカンバ,防風保,None,網走南部,359,お,0.27,None,小清水町,None,カラマツ,山地災害防止（気象）,0,144.532102,43.8678
None,カラマツ,防風保,None,網走南部,359,や,0.11,None,小清水町,None,他Ｌ,山地災害防止（気象）,0,144.531441,43.867779
None,他Ｌ,防風保,None,網走南部,359,た,2.07,None,小清水町,ダケカンバ,ミズナラ,山地災害防止（気象）,0,144.533842,43.865505
None,トドマツ,防風保,None,網走南部,359,よ,0.09,None,小清水町,None,他Ｌ,山地災害防止（気象）,1,144.531895,43.86738
None,トドマツ,防風保,None,網走南部,359,そ,0.21,None,小清水町,None,他Ｌ,山地災害防止（気象）,0,144.532402,43.867548
None,トドマツ,防風保,None,網走南部,359,あ,0.07,None,小清水町,None,None,山地災害防止（気象）,0,144.5312,43.86749
None,他Ｌ,防風保,None,網走南部,359,つ,0.09,None,小清水町,ミズナラ,ダケカンバ,山地災害防止（気象）,0,144.531502,43.867459
None,カラマツ,防風保,None,網走南部,359,こ,0.09,None,小清水町,None,他Ｌ,山地災害防止（気象）,0,144.531089,43.867759
None,None,防風保,None,網走南部,359,サ,0.02,None,小清水町,None,None,山地災害防止（気象）,0,144.530738,43.867832
None,カラマツ,防風保,None,網走南部,359,え,1.71,None,小清水町,None,他Ｌ,山地災害防止（気象）,0,144.530259,43.867723
None,カラマツ,防風保,None,網走南部,359,え,1.71,None,小清水町,None,他Ｌ,山地災害防止（気象）,0,144.528479,43.867648
None,トドマツ,防風保,None,網走南部,359,ぬ,0.03,None,小清水町,None,None,山地災害防止（気象）,1,144.531058,43.867333
None,他Ｌ,防風保,None,網走南部,359,は,0.6,None,小清水町,None,ダケカンバ,山地災害防止（気象）,1,144.530288,43.867393
None,None,防風保,None,網走南部,359,オ,0.03,None,小清水町,None,None,山地災害防止（気象）,0,144.529829,43.867307
None,他Ｌ,防風保,None,網走南部,359,は,0.6,None,小清水町,None,ダケカンバ,山地災害防止（気象）,1,144.529572,43.867359
None,カラマツ,防風保,None,網走南部,359,さ,0.36,None,小清水町,None,None,山地災害防止（気象）,0,144.527744,43.867343
None,トドマツ,防風保,None,網走南部,359,る,0.17,None,小清水町,None,他Ｌ,山地災害防止（気象）,1,144.528289,43.867209
None,トドマツ,防風保,None,網走南部,360,み,0.11,None,小清水町,None,None,山地災害防止（気象）,0,144.535121,43.854975
None,ミズナラ,防風保,None,網走南部,360,こ,0.86,None,小清水町,ダケカンバ,他Ｌ,山地災害防止（気象）,0,144.53415,43.864419
None,ミズナラ,防風保,None,網走南部,360,こ,0.86,None,小清水町,ダケカンバ,他Ｌ,山地災害防止（気象）,0,144.534195,43.863929
None,None,None,None,網走南部,360,ヘ,0.11,None,小清水町,None,None,山地災害防止（気象）,0,144.534195,43.864592
None,None,防風保,None,網走南部,359,チ,0.02,None,小清水町,None,None,山地災害防止（気象）,0,144.53412,43.86483
None,None,防風保,None,網走南部,359,ア,0.01,None,小清水町,None,None,山地災害防止（気象）,0,144.533908,43.864793
None,トドマツ,防風保,None,網走南部,360,へ,0.85,None,小清水町,他Ｌ,カラマツ,山地災害防止（気象）,0,144.533706,43.864399
None,None,None,None,網走南部,360,ト,0.05,None,小清水町,None,None,山地災害防止（気象）,0,144.533951,43.86427
None,トドマツ,防風保,None,網走南部,360,へ,0.85,None,小清水町,他Ｌ,カラマツ,山地災害防止（気象）,0,144.533743,43.863913
None,ミズナラ,防風保,None,網走南部,360,こ,0.86,None,小清水町,ダケカンバ,他Ｌ,山地災害防止（気象）,0,144.534305,43.862439
None,トドマツ,防風保,None,網走南部,360,へ,0.85,None,小清水町,他Ｌ,カラマツ,山地災害防止（気象）,0,144.53381,43.863137
None,トドマツ,防風保,None,網走南部,360,き,0.59,None,小清水町,None,None,山地災害防止（気象）,0,144.534469,43.861888
None,トドマツ,防風保,None,網走南部,360,と,0.63,None,小清水町,None,None,山地災害防止（気象）,0,144.534338,43.860411
None,カラマツ,防風保,None,網走南部,360,ね,3.01,None,小清水町,None,他Ｌ,山地災害防止（気象）,0,144.534011,43.860231
None,トドマツ,防風保,None,網走南部,360,き,0.59,None,小清水町,None,None,山地災害防止（気象）,0,144.534678,43.859544
None,トドマツ,防風保,None,網走南部,360,と,0.63,None,小清水町,None,None,山地災害防止（気象）,0,144.534431,43.859407
None,ミズナラ,防風保,None,網走南部,360,ち,0.28,None,小清水町,ダケカンバ,他Ｌ,山地災害防止（気象）,0,144.53463,43.858794
None,トドマツ,防風保,None,網走南部,360,ら,0.57,None,小清水町,None,None,山地災害防止（気象）,0,144.534647,43.857429
None,トドマツ,防風保,None,網走南部,360,め,0.26,None,小清水町,None,None,山地災害防止（気象）,0,144.534845,43.858175
None,カラマツ,防風保,None,網走南部,360,ね,3.01,None,小清水町,None,他Ｌ,山地災害防止（気象）,0,144.534392,43.856093
None,ミズナラ,防風保,None,網走南部,360,え,0.3,None,小清水町,ダケカンバ,他Ｌ,山地災害防止（気象）,0,144.534864,43.856053
None,トドマツ,防風保,None,網走南部,360,む,0.29,None,小清水町,None,None,山地災害防止（気象）,0,144.53484,43.855476
None,None,None,None,網走南部,360,ネ,0.09,None,小清水町,None,None,山地災害防止（気象）,0,144.534721,43.85481
None,None,None,None,網走南部,360,ウ,0.03,None,小清水町,None,None,山地災害防止（気象）,0,144.535149,43.85463
None,None,None,None,網走南部,360,ネ,0.09,None,小清水町,None,None,山地災害防止（気象）,0,144.534596,43.85463
None,トドマツ,防風保,None,網走南部,359,り,3.03,None,小清水町,None,他Ｌ,山地災害防止（気象）,0,144.524536,43.887532
None,カラマツ,防風保,None,網走南部,359,ぬ,2.67,None,小清水町,None,他Ｌ,山地災害防止（気象）,0,144.526797,43.88733
None,None,防風保,None,網走南部,359,ヨ,0.01,None,小清水町,None,None,山地災害防止（気象）,0,144.522063,43.887456
None,トドマツ,防風保,None,網走南部,359,り,3.03,None,小清水町,None,他Ｌ,山地災害防止（気象）,0,144.519146,43.887291
None,カラマツ,防風保,None,網走南部,359,ぬ,2.67,None,小清水町,None,他Ｌ,山地災害防止（気象）,0,144.520389,43.88702
None,トドマツ,防風保,None,網走南部,359,ほ,4.08,None,小清水町,他Ｌ,サクラ,山地災害防止（気象）,1,144.517116,43.887211
None,他Ｌ,防風保,None,網走南部,359,ち,4.65,None,小清水町,ダケカンバ,ミズナラ,山地災害防止（気象）,0,144.518063,43.886917
None,トドマツ,防風保,None,網走南部,359,ほ,4.08,None,小清水町,他Ｌ,サクラ,山地災害防止（気象）,1,144.511787,43.886972
None,他Ｌ,防風保,None,網走南部,359,ち,4.65,None,小清水町,ダケカンバ,ミズナラ,山地災害防止（気象）,0,144.509315,43.886535
None,ミズナラ,防風保,None,網走南部,358,ね,12.39,None,小清水町,センノキ,他Ｌ,山地災害防止（気象）,0,144.507138,43.896247
None,カラマツ,防風保,None,網走南部,358,な,1.66,None,小清水町,None,None,山地災害防止（気象）,0,144.506745,43.895571
None,None,None,None,網走南部,358,ル,0.01,None,小清水町,None,None,山地災害防止（気象）,0,144.507507,43.893816
None,None,None,None,網走南部,359,ワ,0.02,None,小清水町,None,None,山地災害防止（気象）,0,144.507609,43.893619
None,他Ｌ,防風保,None,網走南部,359,く,1.12,None,小清水町,ダケカンバ,ミズナラ,山地災害防止（気象）,0,144.50754,43.892497
None,カラマツ,防風保,None,網走南部,359,け,1.08,None,小清水町,None,他Ｌ,山地災害防止（気象）,0,144.507109,43.892237
None,他Ｌ,防風保,None,網走南部,359,と,1.46,None,小清水町,ダケカンバ,ミズナラ,山地災害防止（気象）,0,144.507691,43.89028
None,他Ｌ,防風保,None,網走南部,359,と,1.46,None,小清水町,ダケカンバ,ミズナラ,山地災害防止（気象）,0,144.507899,43.88833
None,カラマツ,防風保,None,網走南部,359,す,1.46,None,小清水町,None,他Ｌ,山地災害防止（気象）,0,144.507246,43.890171
None,カラマツ,防風保,None,網走南部,359,す,1.46,None,小清水町,None,他Ｌ,山地災害防止（気象）,0,144.50746,43.888126
None,トドマツ,防風保,None,網走南部,359,ほ,4.08,None,小清水町,他Ｌ,サクラ,山地災害防止（気象）,1,144.505701,43.886646
None,カラマツ,防風保,None,網走南部,359,も,2.15,None,小清水町,None,他Ｌ,山地災害防止（気象）,0,144.503081,43.886518
None,トドマツ,防風保,None,網走南部,359,は,0.48,None,小清水町,None,None,山地災害防止（気象）,0,144.500813,43.886431
None,トドマツ,防風保,None,網走南部,359,た,0.4,None,小清水町,None,None,山地災害防止（気象）,1,144.499655,43.886519
None,他Ｌ,防風保,None,網走南部,359,ち,4.65,None,小清水町,ダケカンバ,ミズナラ,山地災害防止（気象）,0,144.506525,43.886269
None,他Ｌ,防風保,None,網走南部,359,ほ,2.14,None,小清水町,ダケカンバ,ミズナラ,山地災害防止（気象）,0,144.50447,43.886008
None,カラマツ,防風保,None,網走南部,359,も,2.15,None,小清水町,None,他Ｌ,山地災害防止（気象）,0,144.504099,43.885458
None,None,防風保,None,網走南部,359,ク,0.01,None,小清水町,None,None,山地災害防止（気象）,0,144.504529,43.883543
None,他Ｌ,防風保,None,網走南部,359,へ,6.13,None,小清水町,ダケカンバ,ミズナラ,山地災害防止（気象）,0,144.505026,43.880411
None,カラマツ,防風保,None,網走南部,359,せ,6.15,None,小清水町,None,None,山地災害防止（気象）,0,144.50455,43.880532
None,他Ｌ,防風保,None,網走南部,359,へ,6.13,None,小清水町,ダケカンバ,ミズナラ,山地災害防止（気象）,0,144.505544,43.874141
None,カラマツ,防風保,None,網走南部,359,せ,6.15,None,小清水町,None,None,山地災害防止（気象）,0,144.504801,43.877706
None,カラマツ,防風保,None,網走南部,359,に,1.58,None,小清水町,None,他Ｌ,山地災害防止（気象）,0,144.497685,43.886055
None,他Ｌ,防風保,None,網走南部,359,に,0.51,None,小清水町,ミズナラ,ダケカンバ,山地災害防止（気象）,1,144.525934,43.867206
None,カラマツ,防風保,None,網走南部,359,て,0.7,None,小清水町,None,他Ｌ,山地災害防止（気象）,0,144.524295,43.867454
None,カラマツ,防風保,None,網走南部,359,き,0.52,None,小清水町,None,None,山地災害防止（気象）,0,144.524257,43.867179
None,トドマツ,防風保,None,網走南部,359,か,0.23,None,小清水町,None,他Ｌ,山地災害防止（気象）,1,144.524269,43.867013
None,None,None,None,網走南部,359,ヤ,0.03,None,小清水町,None,None,山地災害防止（気象）,0,144.523878,43.867009
None,カラマツ,防風保,None,網走南部,359,て,0.7,None,小清水町,None,他Ｌ,山地災害防止（気象）,0,144.522952,43.867389
None,カラマツ,防風保,None,網走南部,359,き,0.52,None,小清水町,None,None,山地災害防止（気象）,0,144.523723,43.867154
None,トドマツ,防風保,None,網走南部,359,か,0.23,None,小清水町,None,他Ｌ,山地災害防止（気象）,1,144.52225,43.866937
None,他Ｌ,防風保,None,網走南部,359,ね,1.65,None,小清水町,ダケカンバ,ミズナラ,山地災害防止（気象）,0,144.521191,43.867161
None,他Ｌ,防風保,None,網走南部,359,ゆ,0.81,None,小清水町,カラマツ,ダケカンバ,山地災害防止（気象）,0,144.518216,43.867176
None,トドマツ,防風保,None,網走南部,359,な,0.55,None,小清水町,None,他Ｌ,山地災害防止（気象）,0,144.517282,43.866876
None,トドマツ,防風保,None,網走南部,359,わ,0.27,None,小清水町,None,他Ｌ,山地災害防止（気象）,1,144.518598,43.866769
None,他Ｌ,防風保,None,網走南部,359,ゆ,0.81,None,小清水町,カラマツ,ダケカンバ,山地災害防止（気象）,0,144.51664,43.867108
None,トドマツ,防風保,None,網走南部,359,わ,0.27,None,小清水町,None,他Ｌ,山地災害防止（気象）,1,144.516829,43.866695
None,トドマツ,防風保,None,網走南部,359,な,0.55,None,小清水町,None,他Ｌ,山地災害防止（気象）,0,144.516664,43.866848
None,他Ｌ,防風保,None,網走南部,359,ら,5.57,None,小清水町,ダケカンバ,ミズナラ,山地災害防止（気象）,0,144.515784,43.866917
None,None,None,None,網走南部,359,ロ,0.12,None,小清水町,None,None,山地災害防止（気象）,0,144.515156,43.867074
None,他Ｌ,防風保,None,網走南部,359,ら,5.57,None,小清水町,ダケカンバ,ミズナラ,山地災害防止（気象）,0,144.511969,43.866731
None,他Ｌ,防風保,None,網走南部,359,へ,6.13,None,小清水町,ダケカンバ,ミズナラ,山地災害防止（気象）,0,144.505673,43.872743
None,カラマツ,防風保,None,網走南部,359,せ,6.15,None,小清水町,None,None,山地災害防止（気象）,0,144.505386,43.870934
None,None,防風保,None,網走南部,359,ル,0.01,None,小清水町,None,None,山地災害防止（気象）,0,144.510332,43.866418
None,None,防風保,None,網走南部,359,レ,0.02,None,小清水町,None,None,山地災害防止（気象）,0,144.510109,43.866425
None,None,防風保,None,網走南部,359,テ,0.01,None,小清水町,None,None,山地災害防止（気象）,0,144.509996,43.866891
None,他Ｌ,防風保,None,網走南部,359,ら,5.57,None,小清水町,ダケカンバ,ミズナラ,山地災害防止（気象）,0,144.507628,43.866551
None,他Ｌ,防風保,None,網走南部,359,へ,6.13,None,小清水町,ダケカンバ,ミズナラ,山地災害防止（気象）,0,144.506147,43.86759
None,カラマツ,防風保,None,網走南部,359,せ,6.15,None,小清水町,None,None,山地災害防止（気象）,0,144.505696,43.867568
None,None,防風保,None,網走南部,359,エ,0.05,None,小清水町,None,None,山地災害防止（気象）,0,144.506186,43.866984
None,他Ｌ,防風保,None,網走南部,359,へ,6.13,None,小清水町,ダケカンバ,ミズナラ,山地災害防止（気象）,0,144.506202,43.866877
None,他Ｌ,防風保,None,網走南部,359,む,12.36,None,小清水町,ダケカンバ,ミズナラ,山地災害防止（気象）,0,144.506017,43.866209
None,None,防風保,None,網走南部,359,コ,0.05,None,小清水町,None,None,山地災害防止（気象）,0,144.505733,43.866969
None,カラマツ,防風保,None,網走南部,359,せ,6.15,None,小清水町,None,None,山地災害防止（気象）,0,144.505847,43.866862
None,他Ｌ,防風保,None,網走南部,359,む,12.36,None,小清水町,ダケカンバ,ミズナラ,山地災害防止（気象）,0,144.49875,43.866137
None,トドマツ,防風保,None,網走南部,359,へ,3.05,None,小清水町,None,他Ｌ,山地災害防止（気象）,1,144.496781,43.866176
None,None,None,None,網走南部,359,ノ,0.02,None,小清水町,None,None,山地災害防止（気象）,0,144.496474,43.866008
None,None,None,None,網走南部,359,ニ,0.05,None,小清水町,None,None,山地災害防止（気象）,0,144.5064,43.863681
None,他Ｌ,防風保,None,網走南部,359,む,12.36,None,小清水町,ダケカンバ,ミズナラ,山地災害防止（気象）,0,144.505848,43.863581
None,None,None,None,網走南部,360,ホ,0.07,None,小清水町,None,None,山地災害防止（気象）,0,144.506501,43.863358
None,ミズナラ,防風保,None,網走南部,360,ろ,12.47,None,小清水町,ダケカンバ,他Ｌ,山地災害防止（気象）,0,144.506497,43.860931
None,ミズナラ,防風保,None,網走南部,360,ろ,12.47,None,小清水町,ダケカンバ,他Ｌ,山地災害防止（気象）,0,144.50681,43.857483
None,カラマツ,防風保,None,網走南部,360,ま,2.26,None,小清水町,None,他Ｌ,山地災害防止（気象）,0,144.556781,43.8489
None,ミズナラ,防風保,None,網走南部,360,あ,3.23,None,小清水町,ダケカンバ,他Ｌ,山地災害防止（気象）,0,144.558398,43.848641
None,カラマツ,防風保,None,網走南部,360,お,0.98,None,小清水町,None,他Ｌ,山地災害防止（気象）,0,144.551561,43.848651
None,ミズナラ,防風保,None,網走南部,360,あ,3.23,None,小清水町,ダケカンバ,他Ｌ,山地災害防止（気象）,0,144.551538,43.848324
None,ドイツトウヒ,防風保,None,網走南部,360,う,1.42,None,小清水町,None,他Ｌ,山地災害防止（気象）,0,144.548882,43.848371
None,カラマツ,防風保,None,網走南部,360,る,2.01,None,小清水町,None,他Ｌ,山地災害防止（気象）,0,144.546704,43.848427
None,ミズナラ,防風保,None,網走南部,360,て,1.75,None,小清水町,ダケカンバ,他Ｌ,山地災害防止（気象）,0,144.546827,43.848102
None,カラマツ,防風保,None,網走南部,360,る,2.01,None,小清水町,None,他Ｌ,山地災害防止（気象）,0,144.543128,43.84825
None,ミズナラ,防風保,None,網走南部,360,て,1.75,None,小清水町,ダケカンバ,他Ｌ,山地災害防止（気象）,0,144.544567,43.847988
None,トドマツ,防風保,None,網走南部,360,さ,0.52,None,小清水町,None,None,山地災害防止（気象）,0,144.535451,43.850917
None,トドマツ,防風保,None,網走南部,360,ぬ,1.05,None,小清水町,None,None,山地災害防止（気象）,0,144.535272,43.850369
None,トドマツ,防風保,None,網走南部,360,さ,0.52,None,小清水町,None,None,山地災害防止（気象）,0,144.535583,43.849457
None,トドマツ,防風保,None,網走南部,360,ぬ,1.05,None,小清水町,None,None,山地災害防止（気象）,0,144.535398,43.848854
None,カラマツ,防風保,None,網走南部,360,ゆ,0.16,None,小清水町,None,None,山地災害防止（気象）,0,144.542389,43.848202
None,カラマツ,防風保,None,網走南部,360,る,2.01,None,小清水町,None,他Ｌ,山地災害防止（気象）,0,144.539961,43.848096
None,None,None,None,網走南部,360,ノ,0.01,None,小清水町,None,None,山地災害防止（気象）,0,144.539384,43.847677
None,ドイツトウヒ,防風保,None,網走南部,360,ほ,7.72,None,小清水町,None,他Ｌ,山地災害防止（気象）,0,144.538569,43.847882
None,ドイツトウヒ,防風保,None,網走南部,360,ほ,7.72,None,小清水町,None,他Ｌ,山地災害防止（気象）,0,144.534851,43.847701
None,ミズナラ,防風保,None,網走南部,360,な,0.97,None,小清水町,ダケカンバ,他Ｌ,山地災害防止（気象）,0,144.535789,43.845841
None,カラマツ,防風保,None,網走南部,360,わ,1.01,None,小清水町,None,他Ｌ,山地災害防止（気象）,0,144.53535,43.845563
None,ミズナラ,防風保,None,網走南部,360,な,0.97,None,小清水町,ダケカンバ,他Ｌ,山地災害防止（気象）,0,144.535855,43.845058
None,カラマツ,防風保,None,網走南部,360,わ,1.01,None,小清水町,None,他Ｌ,山地災害防止（気象）,0,144.535532,43.844923
None,ミズナラ,防風保,None,網走南部,360,り,1.93,None,小清水町,ダケカンバ,他Ｌ,山地災害防止（気象）,0,144.534831,43.853721
None,カラマツ,防風保,None,網走南部,360,や,1.57,None,小清水町,None,他Ｌ,山地災害防止（気象）,0,144.534854,43.850892
None,カラマツ,防風保,None,網走南部,360,や,1.57,None,小清水町,None,他Ｌ,山地災害防止（気象）,0,144.535036,43.848841
None,ドイツトウヒ,防風保,None,網走南部,360,ほ,7.72,None,小清水町,None,他Ｌ,山地災害防止（気象）,0,144.531777,43.847568
None,カラマツ,防風保,None,網走南部,360,か,0.79,None,小清水町,None,他Ｌ,山地災害防止（気象）,0,144.535592,43.842954
None,他Ｌ,防風保,None,網走南部,360,く,3.73,None,小清水町,ダケカンバ,ミズナラ,山地災害防止（気象）,0,144.536218,43.841238
None,カラマツ,防風保,None,網走南部,360,の,3.02,None,小清水町,None,他Ｌ,山地災害防止（気象）,0,144.535729,43.841465
None,None,None,None,網走南部,360,ハ,0.03,None,小清水町,None,None,山地災害防止（気象）,0,144.536545,43.839733
None,他Ｌ,防風保,None,網走南部,360,く,3.73,None,小清水町,ダケカンバ,ミズナラ,山地災害防止（気象）,0,144.536419,43.839264
None,None,防風保,None,網走南部,360,ワ,0.05,None,小清水町,None,None,山地災害防止（気象）,0,144.536581,43.838815
None,カラマツ,防風保,None,網走南部,360,の,3.02,None,小清水町,None,他Ｌ,山地災害防止（気象）,0,144.536187,43.838085
None,他Ｌ,防風保,None,網走南部,360,く,3.73,None,小清水町,ダケカンバ,ミズナラ,山地災害防止（気象）,0,144.536504,43.838203
None,カラマツ,防風保,None,網走南部,360,の,3.02,None,小清水町,None,他Ｌ,山地災害防止（気象）,0,144.535965,43.839316
None,他Ｌ,防風保,None,網走南部,360,く,3.73,None,小清水町,ダケカンバ,ミズナラ,山地災害防止（気象）,0,144.536632,43.836725
None,カラマツ,防風保,None,網走南部,360,の,3.02,None,小清水町,None,他Ｌ,山地災害防止（気象）,0,144.536221,43.836298
None,None,防風保,None,網走南部,360,カ,0.02,None,小清水町,None,None,山地災害防止（気象）,0,144.536538,43.835474
None,カラマツ,防風保,None,網走南部,360,の,3.02,None,小清水町,None,他Ｌ,山地災害防止（気象）,0,144.538072,43.835299
None,None,None,None,網走南部,360,ル,0.13,None,小清水町,None,None,山地災害防止（気象）,0,144.536557,43.834898
None,他Ｌ,防風保,None,網走南部,360,く,3.73,None,小清水町,ダケカンバ,ミズナラ,山地災害防止（気象）,0,144.536761,43.835267
None,カラマツ,防風保,None,網走南部,360,の,3.02,None,小清水町,None,他Ｌ,山地災害防止（気象）,0,144.536315,43.835184
None,None,防風保,None,網走南部,360,チ,0.01,None,小清水町,None,None,山地災害防止（気象）,0,144.525596,43.847555
None,None,None,None,網走南部,360,マ,0.01,None,小清水町,None,None,山地災害防止（気象）,0,144.526494,43.847306
None,ドイツトウヒ,防風保,None,網走南部,360,ほ,7.72,None,小清水町,None,他Ｌ,山地災害防止（気象）,0,144.526135,43.847282
None,None,None,None,網走南部,360,オ,0.04,None,小清水町,None,None,山地災害防止（気象）,0,144.525707,43.847024
None,カラマツ,防風保,None,網走南部,360,は,4.36,None,小清水町,None,他Ｌ,山地災害防止（気象）,0,144.525587,43.847202
None,トドマツ,防風保,None,網走南部,360,ひ,1.76,None,小清水町,None,他Ｌ,山地災害防止（気象）,0,144.525415,43.847448
None,トドマツ,防風保,None,網走南部,360,ひ,1.76,None,小清水町,None,他Ｌ,山地災害防止（気象）,0,144.521938,43.847242
None,カラマツ,防風保,None,網走南部,360,は,4.36,None,小清水町,None,他Ｌ,山地災害防止（気象）,0,144.519808,43.84694
None,None,None,None,網走南部,360,ラ,0.01,None,小清水町,None,None,山地災害防止（気象）,0,144.518863,43.847231
None,トドマツ,防風保,None,網走南部,360,に,2.6,None,小清水町,None,他Ｌ,山地災害防止（気象）,0,144.517822,43.847057
None,カラマツ,防風保,None,網走南部,360,は,4.36,None,小清水町,None,他Ｌ,山地災害防止（気象）,0,144.515368,43.846612
None,None,None,None,網走南部,360,ツ,0.02,None,小清水町,None,None,山地災害防止（気象）,0,144.507529,43.853437
None,ミズナラ,防風保,None,網走南部,360,ろ,12.47,None,小清水町,ダケカンバ,他Ｌ,山地災害防止（気象）,0,144.50722,43.852648
None,None,None,None,網走南部,360,ニ,0.03,None,小清水町,None,None,山地災害防止（気象）,0,144.507728,43.85117
None,ミズナラ,防風保,None,網走南部,360,ろ,12.47,None,小清水町,ダケカンバ,他Ｌ,山地災害防止（気象）,0,144.507469,43.84982
None,カラマツ,防風保,None,網走南部,360,は,4.36,None,小清水町,None,他Ｌ,山地災害防止（気象）,0,144.511041,43.846409
None,トドマツ,防風保,None,網走南部,360,に,2.6,None,小清水町,None,他Ｌ,山地災害防止（気象）,0,144.510628,43.846732
None,他Ｌ,防風保,None,網走南部,360,ふ,14.5,None,小清水町,他Ｌ,ミズナラ,山地災害防止（気象）,0,144.508082,43.845142
None,ミズナラ,防風保,None,網走南部,360,ろ,12.47,None,小清水町,ダケカンバ,他Ｌ,山地災害防止（気象）,0,144.5077,43.847217
None,トドマツ,防風保,None,網走南部,360,け,8.57,None,小清水町,他Ｌ,ポプラ,山地災害防止（気象）,0,144.506553,43.846569
None,トドマツ,防風保,None,網走南部,360,け,8.57,None,小清水町,他Ｌ,ポプラ,山地災害防止（気象）,0,144.507689,43.844881
None,トドマツ,防風保,None,網走南部,360,け,8.57,None,小清水町,他Ｌ,ポプラ,山地災害防止（気象）,0,144.500479,43.846279
None,他Ｌ,防風保,None,網走南部,360,ふ,14.5,None,小清水町,他Ｌ,ミズナラ,山地災害防止（気象）,0,144.504098,43.846112
None,None,None,None,網走南部,360,レ,0.03,None,小清水町,None,None,山地災害防止（気象）,0,144.497991,43.846018
None,None,None,None,網走南部,360,リ,0.01,None,小清水町,None,None,山地災害防止（気象）,0,144.498182,43.846258
None,None,防風保,None,網走南部,360,ナ,0.01,None,小清水町,None,None,山地災害防止（気象）,0,144.498225,43.846304
None,None,防風保,None,網走南部,360,ヤ,0.04,None,小清水町,None,None,山地災害防止（気象）,0,144.497892,43.846282
None,他Ｌ,防風保,None,網走南部,360,ふ,14.5,None,小清水町,他Ｌ,ミズナラ,山地災害防止（気象）,0,144.508456,43.841105
None,トドマツ,防風保,None,網走南部,360,け,8.57,None,小清水町,他Ｌ,ポプラ,山地災害防止（気象）,0,144.508216,43.839162
None,None,None,None,網走南部,360,ロ,0.02,None,小清水町,None,None,山地災害防止（気象）,0,144.508873,43.838425
None,他Ｌ,防風保,None,網走南部,360,ふ,14.5,None,小清水町,他Ｌ,ミズナラ,山地災害防止（気象）,0,144.508756,43.837992
None,トドマツ,防風保,None,網走南部,360,け,8.57,None,小清水町,他Ｌ,ポプラ,山地災害防止（気象）,0,144.508429,43.836795
None,None,防風保,None,網走南部,360,タ,0.03,None,小清水町,None,None,山地災害防止（気象）,0,144.508728,43.835208
None,カラマツ,防風保,None,網走南部,360,よ,0.72,None,小清水町,None,他Ｌ,山地災害防止（気象）,0,144.510016,43.833874
None,トドマツ,防風保,None,網走南部,360,し,1.27,None,小清水町,None,他Ｌ,山地災害防止（気象）,0,144.510077,43.832695
None,他Ｌ,防風保,None,網走南部,360,ふ,14.5,None,小清水町,他Ｌ,ミズナラ,山地災害防止（気象）,0,144.50907,43.834556
None,トドマツ,防風保,None,網走南部,360,け,8.57,None,小清水町,他Ｌ,ポプラ,山地災害防止（気象）,0,144.508653,43.83437
None,None,None,None,網走南部,360,ヌ,0.03,None,小清水町,None,None,山地災害防止（気象）,0,144.51087,43.831606
None,カラマツ,防風保,None,網走南部,360,れ,1.71,None,小清水町,None,他Ｌ,山地災害防止（気象）,0,144.510574,43.83282
None,トドマツ,防風保,None,網走南部,360,た,0.63,None,小清水町,None,None,山地災害防止（気象）,0,144.510352,43.832077
None,カラマツ,防風保,None,網走南部,360,れ,1.71,None,小清水町,None,他Ｌ,山地災害防止（気象）,0,144.510765,43.830721
None,カラマツ,防風保,None,網走南部,360,れ,1.71,None,小清水町,None,他Ｌ,山地災害防止（気象）,0,144.510826,43.830025
None,トドマツ,防風保,None,網走南部,360,し,1.27,None,小清水町,None,他Ｌ,山地災害防止（気象）,0,144.51017,43.831581
None,トドマツ,防風保,None,網走南部,360,た,0.63,None,小清水町,None,None,山地災害防止（気象）,0,144.510487,43.830365
None,None,防風保,None,網走南部,360,ヨ,0.01,None,小清水町,None,None,山地災害防止（気象）,0,144.510856,43.830288
None,トドマツ,防風保,None,網走南部,360,た,0.63,None,小清水町,None,None,山地災害防止（気象）,0,144.51052,43.830009
None,トドマツ,防風保,None,網走南部,360,し,1.27,None,小清水町,None,他Ｌ,山地災害防止（気象）,0,144.510286,43.830077
None,カラマツ,防風保,None,網走南部,360,れ,1.71,None,小清水町,None,他Ｌ,山地災害防止（気象）,0,144.510906,43.829144
None,None,None,None,網走南部,360,ム,0.09,None,小清水町,None,None,山地災害防止（気象）,0,144.51084,43.829737
None,トドマツ,防風保,None,網走南部,360,し,1.27,None,小清水町,None,他Ｌ,山地災害防止（気象）,0,144.510376,43.829125
None,トドマツ,防風保,None,網走南部,360,た,0.63,None,小清水町,None,None,山地災害防止（気象）,0,144.510597,43.829139
None,ミズナラ,防風保,None,網走南部,360,そ,3.95,None,小清水町,ダケカンバ,他Ｌ,山地災害防止（気象）,0,144.510971,43.82603
None,ミズナラ,防風保,None,網走南部,360,つ,7.98,None,小清水町,ダケカンバ,他Ｌ,山地災害防止（気象）,0,144.502734,43.810615
None,None,防風保,None,網走南部,360,ソ,0.01,None,小清水町,None,None,山地災害防止（気象）,0,144.501382,43.810562
None,ミズナラ,防風保,None,網走南部,360,つ,7.98,None,小清水町,ダケカンバ,他Ｌ,山地災害防止（気象）,0,144.497807,43.810395
None,他Ｌ,水涵保,None,網走南部,306,つ,1.88,None,小清水町,None,天トドマツ,水源涵養,0,144.499523,43.787763
None,None,None,None,網走南部,306,ロ,0.1,None,小清水町,None,None,水源涵養,0,144.499566,43.787096
None,他Ｌ,水涵保,None,網走南部,306,や,1.1,None,小清水町,None,None,水源涵養,0,144.499692,43.787887
None,他Ｌ,水涵保,None,網走南部,306,つ,1.88,None,小清水町,None,天トドマツ,水源涵養,0,144.498993,43.7874
None,他Ｌ,水涵保,None,網走南部,306,や,1.1,None,小清水町,None,None,水源涵養,0,144.496434,43.78777
None,アカエゾマツ,水涵保,None,網走南部,306,け,1.11,None,小清水町,None,他Ｌ,水源涵養,0,144.496445,43.786991
None,他Ｌ,水涵保,None,網走南部,306,や,1.1,None,小清水町,None,None,水源涵養,0,144.498207,43.785905
None,トドマツ,水涵保,None,網走南部,306,い,5.22,None,小清水町,None,他Ｌ,水源涵養,0,144.497337,43.785694
None,None,None,None,網走南部,306,イ,5.1,None,小清水町,None,None,水源涵養,0,144.491323,43.774746
None,アカエゾマツ,水涵保,None,網走南部,306,は,5.09,None,小清水町,他Ｌ,他Ｎ,水源涵養,0,144.496963,43.782936
None,トドマツ,水涵保,None,網走南部,306,う,3.63,None,小清水町,None,他Ｌ,水源涵養,0,144.496757,43.77923
None,天トドマツ,水涵保,None,網走南部,302,と,124.77,None,小清水町,他Ｌ,天エゾマツ,水源涵養,0,144.49734,43.770481
None,天エゾマツ,保健保,None,網走南部,302,い,56.78,None,小清水町,ニレ,天トドマツ,森林空間利用,0,144.498218,43.768673
None,トドマツ,水涵保,None,網走南部,302,ほ,2.12,None,小清水町,天エゾマツ,他Ｌ,水源涵養,0,144.498017,43.768874
None,None,None,None,網走南部,302,ハ,0.52,None,小清水町,None,None,水源涵養,0,144.497379,43.768597
None,None,None,None,網走南部,302,ロ,1.2,None,小清水町,None,None,森林空間利用,0,144.498364,43.768171
None,トドマツ,保健保,None,網走南部,302,ろ,1.67,None,小清水町,天エゾマツ,他Ｌ,森林空間利用,0,144.498194,43.766838
None,トドマツ,水涵保,None,網走南部,302,ほ,2.12,None,小清水町,天エゾマツ,他Ｌ,水源涵養,0,144.497032,43.766835
None,天エゾマツ,保健保,None,網走南部,302,い,56.78,None,小清水町,ニレ,天トドマツ,森林空間利用,0,144.499345,43.764141
None,None,None,None,網走南部,302,ロ,1.2,None,小清水町,None,None,森林空間利用,0,144.498626,43.763338
None,None,None,None,網走南部,302,ロ,1.2,None,小清水町,None,None,森林空間利用,0,144.498737,43.765373
None,None,潮害保,保健保,網走南部,356,マ,0.05,None,小清水町,None,None,森林空間利用,0,144.495855,43.926754
None,None,None,None,網走南部,356,ヌ,6.14,None,小清水町,None,None,森林空間利用,0,144.493667,43.927236
None,None,None,None,網走南部,356,ル,0.06,None,小清水町,None,None,森林空間利用,0,144.493673,43.927344
None,None,None,None,網走南部,356,サ,0.02,None,小清水町,None,None,森林空間利用,0,144.495751,43.926448
None,None,None,None,網走南部,355,ク,0.21,None,小清水町,None,None,森林空間利用,0,144.491219,43.928217
None,None,None,None,網走南部,355,ソ,0.13,None,小清水町,None,None,森林空間利用,0,144.491223,43.928336
None,None,潮害保,None,網走南部,355,ノ,0.49,None,小清水町,None,None,森林空間利用,0,144.48996,43.92828
None,None,潮害保,None,網走南部,355,ネ,0.04,None,小清水町,None,None,森林空間利用,0,144.490839,43.927845
None,None,潮害保,None,網走南部,355,マ,0.04,None,小清水町,None,None,森林空間利用,0,144.489767,43.928093
None,None,None,None,網走南部,355,ソ,0.13,None,小清水町,None,None,森林空間利用,0,144.48953,43.928579
None,アカエゾマツ,潮害保,保健保,網走南部,355,へ,0.71,None,小清水町,None,カシワ,森林空間利用,0,144.488329,43.928095
None,None,潮害保,None,網走南部,355,マ,0.04,None,小清水町,None,None,森林空間利用,0,144.489793,43.927865
None,None,潮害保,保健保,網走南部,355,り,8.95,None,小清水町,None,None,森林空間利用,0,144.489445,43.927356
None,None,潮害保,None,網走南部,355,ウ,0.15,None,小清水町,None,None,森林空間利用,0,144.488111,43.927716
None,他Ｌ,防風保,None,網走南部,358,い,41.33,None,小清水町,None,None,自然維持,0,144.489866,43.918841
None,None,潮害保,保健保,網走南部,355,ツ,1.56,None,小清水町,None,None,森林空間利用,0,144.487741,43.928529
None,None,潮害保,保健保,網走南部,355,ふ,1.38,None,小清水町,None,None,森林空間利用,0,144.486336,43.92799
None,None,潮害保,保健保,網走南部,355,り,8.95,None,小清水町,None,None,森林空間利用,0,144.487165,43.927373
None,None,潮害保,None,網走南部,355,ナ,0.6,None,小清水町,None,None,森林空間利用,0,144.487775,43.927653
None,None,潮害保,保健保,網走南部,355,さ,1.13,None,小清水町,None,None,森林空間利用,0,144.484904,43.928601
None,None,潮害保,保健保,網走南部,355,つ,0.82,None,小清水町,None,None,森林空間利用,0,144.485043,43.928134
None,None,潮害保,保健保,網走南部,355,り,8.95,None,小清水町,None,None,森林空間利用,0,144.484665,43.927781
None,None,潮害保,保健保,網走南部,355,ヌ,16.78,None,小清水町,None,None,森林空間利用,0,144.481597,43.929374
None,アカエゾマツ,潮害保,保健保,網走南部,355,よ,0.97,None,小清水町,None,他Ｌ,森林空間利用,0,144.483444,43.928318
None,カシワ,潮害保,保健保,網走南部,355,き,0.62,None,小清水町,None,アカエゾマツ,森林空間利用,0,144.482922,43.929011
None,None,潮害保,保健保,網走南部,355,り,8.95,None,小清水町,None,None,森林空間利用,0,144.481945,43.928689
None,None,潮害保,保健保,網走南部,355,つ,0.82,None,小清水町,None,None,森林空間利用,0,144.4825,43.928818
None,None,潮害保,保健保,網走南部,355,り,8.95,None,小清水町,None,None,森林空間利用,0,144.481535,43.928377
None,None,潮害保,保健保,網走南部,355,り,8.95,None,小清水町,None,None,森林空間利用,0,144.480179,43.928662
None,アカエゾマツ,潮害保,保健保,網走南部,355,ち,0.46,None,小清水町,None,None,森林空間利用,0,144.480802,43.928946
None,None,None,None,網走南部,355,コ,0.06,None,小清水町,None,None,森林空間利用,0,144.481962,43.928604
None,カラマツ,潮害保,保健保,網走南部,355,た,0.4,None,小清水町,None,None,森林空間利用,0,144.480381,43.928098
None,他Ｌ,防風保,None,網走南部,358,い,41.33,None,小清水町,None,None,自然維持,0,144.486262,43.918674
None,None,潮害保,保健保,網走南部,355,ヌ,16.78,None,小清水町,None,None,森林空間利用,0,144.478857,43.930125
None,アカエゾマツ,潮害保,保健保,網走南部,355,の,0.78,None,小清水町,None,None,森林空間利用,0,144.479176,43.929397
None,None,潮害保,保健保,網走南部,355,つ,0.82,None,小清水町,None,None,森林空間利用,0,144.478657,43.929397
None,None,None,None,網走南部,355,ホ,0.23,None,小清水町,None,None,森林空間利用,0,144.476535,43.930833
None,None,None,None,網走南部,355,ニ,0.46,None,小清水町,None,None,森林空間利用,0,144.478064,43.930116
None,None,潮害保,保健保,網走南部,355,ヌ,16.78,None,小清水町,None,None,森林空間利用,0,144.4776,43.930287
None,アカエゾマツ,潮害保,保健保,網走南部,355,か,0.5,None,小清水町,None,None,森林空間利用,0,144.477933,43.929706
None,None,潮害保,保健保,網走南部,355,ア,0.08,None,小清水町,None,None,森林空間利用,0,144.477725,43.930503
None,None,None,None,網走南部,355,キ,0.14,None,小清水町,None,None,森林空間利用,0,144.477511,43.929823
None,アカエゾマツ,潮害保,保健保,網走南部,355,か,0.5,None,小清水町,None,None,森林空間利用,0,144.477493,43.92961
None,カシワ,潮害保,保健保,網走南部,355,あ,1.27,None,小清水町,None,アカエゾマツ,森林空間利用,0,144.476946,43.929819
None,None,潮害保,保健保,網走南部,355,サ,0.27,None,小清水町,None,None,森林空間利用,0,144.474798,43.930909
None,カシワ,潮害保,保健保,網走南部,355,あ,1.27,None,小清水町,None,アカエゾマツ,森林空間利用,0,144.475941,43.930258
None,カシワ,潮害保,保健保,網走南部,355,あ,1.27,None,小清水町,None,アカエゾマツ,森林空間利用,0,144.475785,43.929817
None,アカエゾマツ,潮害保,保健保,網走南部,355,の,0.78,None,小清水町,None,None,森林空間利用,0,144.473685,43.9305
None,カシワ,潮害保,保健保,網走南部,355,ら,0.92,None,小清水町,None,アカエゾマツ,森林空間利用,0,144.475294,43.929398
None,None,潮害保,保健保,網走南部,355,ヌ,16.78,None,小清水町,None,None,森林空間利用,0,144.476544,43.929799
None,アカエゾマツ,潮害保,保健保,網走南部,355,お,0.92,None,小清水町,None,None,森林空間利用,0,144.472501,43.93113
None,アカエゾマツ,潮害保,保健保,網走南部,355,の,0.78,None,小清水町,None,None,森林空間利用,0,144.474261,43.930558
None,アカエゾマツ,潮害保,保健保,網走南部,355,そ,0.5,None,小清水町,None,None,森林空間利用,0,144.473169,43.930445
None,アカエゾマツ,潮害保,保健保,網走南部,355,お,0.92,None,小清水町,None,None,森林空間利用,0,144.472294,43.931032
None,None,潮害保,保健保,網走南部,355,ヌ,16.78,None,小清水町,None,None,森林空間利用,0,144.471986,43.931051
None,カシワ,潮害保,保健保,網走南部,355,て,0.5,None,小清水町,None,アカエゾマツ,森林空間利用,0,144.471191,43.931056
None,None,潮害保,保健保,網走南部,355,エ,0.71,None,小清水町,None,None,森林空間利用,0,144.463135,43.93247
None,アカエゾマツ,潮害保,保健保,網走南部,355,お,0.92,None,小清水町,None,None,森林空間利用,0,144.472412,43.930452
None,None,潮害保,保健保,網走南部,355,ヌ,16.78,None,小清水町,None,None,森林空間利用,0,144.47164,43.930346
None,None,潮害保,保健保,網走南部,355,り,8.95,None,小清水町,None,None,森林空間利用,0,144.468381,43.930455
None,カシワ,潮害保,保健保,網走南部,355,て,0.5,None,小清水町,None,アカエゾマツ,森林空間利用,0,144.471483,43.930656
None,None,潮害保,保健保,網走南部,355,ヌ,16.78,None,小清水町,None,None,森林空間利用,0,144.470936,43.930526
None,アカエゾマツ,潮害保,保健保,網走南部,355,く,1.73,None,小清水町,None,カシワ,森林空間利用,0,144.471039,43.930072
None,アカエゾマツ,潮害保,保健保,網走南部,355,く,1.73,None,小清水町,None,カシワ,森林空間利用,0,144.470552,43.931092
None,None,潮害保,保健保,網走南部,355,ヌ,16.78,None,小清水町,None,None,森林空間利用,0,144.469469,43.931412
None,None,潮害保,保健保,網走南部,355,れ,1.74,None,小清水町,None,None,森林空間利用,0,144.468913,43.930873
None,アカエゾマツ,潮害保,保健保,網走南部,355,く,1.73,None,小清水町,None,カシワ,森林空間利用,0,144.470504,43.930471
None,アカエゾマツ,潮害保,保健保,網走南部,355,や,0.89,None,小清水町,None,カシワ,森林空間利用,0,144.467956,43.931195
None,カシワ,潮害保,保健保,網走南部,355,え,0.51,None,小清水町,None,アカエゾマツ,森林空間利用,0,144.467057,43.931517
None,他Ｌ,潮害保,保健保,網走南部,355,は,1.74,None,小清水町,None,None,森林空間利用,0,144.466698,43.930476
None,None,潮害保,None,網走南部,355,ケ,0.03,None,小清水町,None,None,森林空間利用,0,144.467128,43.929983
None,None,潮害保,保健保,網走南部,355,こ,0.67,None,小清水町,None,None,森林空間利用,0,144.466277,43.931596
None,None,潮害保,保健保,網走南部,355,ヌ,16.78,None,小清水町,None,None,森林空間利用,0,144.468954,43.931295
None,None,潮害保,保健保,網走南部,355,れ,1.74,None,小清水町,None,None,森林空間利用,0,144.465464,43.9312
None,None,潮害保,保健保,網走南部,355,ヌ,16.78,None,小清水町,None,None,森林空間利用,0,144.466664,43.929893
None,アカエゾマツ,潮害保,保健保,網走南部,355,ゆ,0.3,None,小清水町,None,カシワ,森林空間利用,0,144.479939,43.929002
None,None,潮害保,None,網走南部,355,ナ,0.6,None,小清水町,None,None,森林空間利用,0,144.479975,43.928498
None,アカエゾマツ,潮害保,保健保,網走南部,355,る,0.3,None,小清水町,None,None,森林空間利用,0,144.479375,43.928538
None,アカエゾマツ,潮害保,保健保,網走南部,355,う,0.35,None,小清水町,None,None,森林空間利用,0,144.479625,43.928184
None,トドマツ,潮害保,保健保,網走南部,355,に,0.05,None,小清水町,None,None,森林空間利用,0,144.478531,43.928401
None,アカエゾマツ,潮害保,保健保,網走南部,355,か,0.5,None,小清水町,None,None,森林空間利用,0,144.478796,43.92855
None,アカエゾマツ,潮害保,保健保,網走南部,355,か,0.5,None,小清水町,None,None,森林空間利用,0,144.479093,43.928195
None,トドマツ,潮害保,保健保,網走南部,355,ほ,0.07,None,小清水町,None,カシワ,森林空間利用,0,144.479783,43.927975
None,アカエゾマツ,潮害保,保健保,網走南部,355,わ,0.36,None,小清水町,None,他Ｌ,森林空間利用,0,144.47839,43.928921
None,アカエゾマツ,潮害保,保健保,網走南部,355,ぬ,0.59,None,小清水町,None,None,森林空間利用,0,144.477681,43.929281
None,None,潮害保,保健保,網走南部,355,り,8.95,None,小清水町,None,None,森林空間利用,0,144.477843,43.928237
None,アカエゾマツ,潮害保,保健保,網走南部,355,む,0.77,None,小清水町,None,カシワ,森林空間利用,0,144.476918,43.92874
None,他Ｌ,防風保,None,網走南部,358,い,41.33,None,小清水町,None,None,自然維持,0,144.495093,43.917359
None,他Ｌ,防風保,None,網走南部,358,い,41.33,None,小清水町,None,None,自然維持,0,144.490684,43.917142
None,他Ｌ,防風保,None,網走南部,358,い,41.33,None,小清水町,None,None,自然維持,0,144.48121,43.918443
None,ヤチダモ,防風保,None,網走南部,358,む,3.41,None,小清水町,None,他Ｌ,山地災害防止（気象）,0,144.493678,43.906106
None,None,防風保,None,網走南部,358,ワ,0.03,None,小清水町,None,None,山地災害防止（気象）,0,144.492811,43.906319
None,ヤチダモ,防風保,None,網走南部,358,む,3.41,None,小清水町,None,他Ｌ,山地災害防止（気象）,0,144.491119,43.905992
None,他Ｌ,防風保,None,網走南部,358,う,5.79,None,小清水町,None,None,山地災害防止（気象）,0,144.48856,43.905859
None,他Ｌ,防風保,None,網走南部,358,う,5.79,None,小清水町,None,None,山地災害防止（気象）,0,144.485105,43.905719
None,None,None,None,網走南部,358,ホ,0.09,None,小清水町,None,None,山地災害防止（気象）,0,144.483778,43.905392
None,None,None,None,網走南部,358,レ,0.04,None,小清水町,None,None,山地災害防止（気象）,0,144.483452,43.905464
None,他Ｌ,防風保,None,網走南部,358,う,5.79,None,小清水町,None,None,山地災害防止（気象）,0,144.480716,43.905504
None,None,防風保,None,網走南部,358,ツ,0.08,None,小清水町,None,None,自然維持,0,144.477851,43.917612
None,他Ｌ,防風保,None,網走南部,358,い,41.33,None,小清水町,None,None,自然維持,0,144.477798,43.918801
None,他Ｌ,防風保,None,網走南部,358,い,41.33,None,小清水町,None,None,自然維持,0,144.476347,43.918228
None,他Ｌ,防風保,None,網走南部,357,み,12.68,None,小清水町,None,None,自然維持,0,144.472707,43.918063
None,None,防風保,保健保,網走南部,357,ニ,0.06,None,小清水町,None,None,山地災害防止（気象）,0,144.47081,43.91858
None,他Ｌ,防風保,None,網走南部,357,み,12.68,None,小清水町,None,None,自然維持,0,144.469658,43.917978
None,他Ｌ,防風保,None,網走南部,357,み,12.68,None,小清水町,None,None,自然維持,0,144.466546,43.917828
None,None,None,None,網走南部,358,ト,0.04,None,小清水町,None,None,山地災害防止（気象）,0,144.479135,43.905627
None,None,防風保,None,網走南部,357,ソ,0.02,None,小清水町,None,None,山地災害防止（気象）,0,144.478745,43.905705
None,シラカバ,防風保,None,網走南部,357,ゆ,0.99,None,小清水町,None,他Ｌ,山地災害防止（気象）,0,144.478349,43.905415
None,他Ｌ,防風保,None,網走南部,357,め,2.3,None,小清水町,None,None,山地災害防止（気象）,0,144.473666,43.905177
None,他Ｌ,防風保,None,網走南部,357,に,5.81,None,小清水町,None,None,山地災害防止（気象）,0,144.470845,43.905045
None,他Ｌ,防風保,None,網走南部,357,に,5.81,None,小清水町,None,None,山地災害防止（気象）,0,144.467626,43.904873
None,None,None,None,網走南部,355,テ,9.15,None,小清水町,None,None,森林空間利用,0,144.457334,43.934066
None,None,潮害保,保健保,網走南部,355,ヌ,16.78,None,小清水町,None,None,森林空間利用,0,144.462288,43.932912
None,None,潮害保,保健保,網走南部,355,ヌ,16.78,None,小清水町,None,None,森林空間利用,0,144.463563,43.932329
None,None,潮害保,保健保,網走南部,355,ヌ,16.78,None,小清水町,None,None,森林空間利用,0,144.462281,43.932467
None,アカエゾマツ,潮害保,保健保,網走南部,355,と,1.44,None,小清水町,None,カシワ,森林空間利用,0,144.461338,43.932082
None,None,潮害保,保健保,網走南部,355,ま,1.35,None,小清水町,None,None,森林空間利用,0,144.464788,43.93179
None,None,潮害保,保健保,網走南部,355,ヌ,16.78,None,小清水町,None,None,森林空間利用,0,144.463636,43.930883
None,None,潮害保,保健保,網走南部,355,け,1.12,None,小清水町,None,None,森林空間利用,0,144.462423,43.931954
None,他Ｌ,潮害保,保健保,網走南部,355,ろ,0.87,None,小清水町,None,None,森林空間利用,0,144.46304,43.931164
None,None,None,None,網走南部,355,ハ,0.21,None,小清水町,None,None,森林空間利用,0,144.461852,43.932549
None,None,潮害保,保健保,網走南部,355,ヌ,16.78,None,小清水町,None,None,森林空間利用,0,144.460242,43.932238
None,None,潮害保,保健保,網走南部,355,ヌ,16.78,None,小清水町,None,None,森林空間利用,0,144.460679,43.932891
None,None,None,None,網走南部,355,ヨ,0.06,None,小清水町,None,None,森林空間利用,0,144.458529,43.933834
None,None,潮害保,None,網走南部,355,タ,0.02,None,小清水町,None,None,森林空間利用,0,144.458505,43.933652
None,None,潮害保,保健保,網走南部,355,ヌ,16.78,None,小清水町,None,None,森林空間利用,0,144.457999,43.933619
None,カシワ,潮害保,保健保,網走南部,355,な,1.09,None,小清水町,None,アカエゾマツ,森林空間利用,0,144.458361,43.932847
None,None,None,None,網走南部,355,レ,0.09,None,小清水町,None,None,森林空間利用,0,144.457428,43.933573
None,カシワ,潮害保,保健保,網走南部,355,な,1.09,None,小清水町,None,アカエゾマツ,森林空間利用,0,144.45749,43.933136
None,None,None,None,網走南部,355,ヘ,0.47,None,小清水町,None,None,森林空間利用,0,144.451202,43.935131
None,None,None,None,網走南部,355,フ,0.01,None,小清水町,None,None,森林空間利用,0,144.451098,43.935008
None,None,None,None,網走南部,355,コ,0.06,None,小清水町,None,None,森林空間利用,0,144.450926,43.935164
None,None,None,None,網走南部,355,オ,0.5,None,小清水町,None,None,森林空間利用,0,144.450407,43.935239
None,None,潮害保,保健保,網走南部,355,リ,6.36,None,小清水町,None,None,森林空間利用,0,144.448755,43.934943
None,None,潮害保,保健保,網走南部,355,ヌ,16.78,None,小清水町,None,None,森林空間利用,0,144.45666,43.933454
None,None,潮害保,None,網走南部,355,カ,0.2,None,小清水町,None,None,森林空間利用,0,144.455913,43.93405
None,None,None,None,網走南部,355,チ,0.17,None,小清水町,None,None,森林空間利用,0,144.455532,43.934345
None,None,None,None,網走南部,355,ロ,0.08,None,小清水町,None,None,森林空間利用,0,144.455415,43.934164
None,None,潮害保,None,網走南部,355,ラ,0.06,None,小清水町,None,None,森林空間利用,0,144.455919,43.933488
None,None,潮害保,None,網走南部,355,ム,0.04,None,小清水町,None,None,森林空間利用,0,144.456557,43.933193
None,None,潮害保,None,網走南部,355,カ,0.2,None,小清水町,None,None,森林空間利用,0,144.454844,43.934282
None,None,保健保,None,網走南部,355,ワ,0.04,None,小清水町,None,None,森林空間利用,0,144.453519,43.934513
None,None,None,None,網走南部,355,ヤ,0.8,None,小清水町,None,None,森林空間利用,0,144.454008,43.934629
None,None,潮害保,None,網走南部,355,イ,0.88,None,小清水町,None,None,森林空間利用,0,144.451432,43.934726
None,None,None,None,網走南部,355,ト,0.14,None,小清水町,None,None,森林空間利用,0,144.449918,43.934702
None,カラマツ,防風保,None,網走南部,357,く,1.25,None,小清水町,None,他Ｌ,山地災害防止（気象）,0,144.463489,43.929225
None,ミズナラ,防風保,None,網走南部,357,い,5.73,None,小清水町,他Ｌ,センノキ,山地災害防止（気象）,0,144.464103,43.92701
None,None,防風保,None,網走南部,357,レ,0.03,None,小清水町,None,None,山地災害防止（気象）,0,144.463615,43.926992
None,ミズナラ,防風保,None,網走南部,357,い,5.73,None,小清水町,他Ｌ,センノキ,山地災害防止（気象）,0,144.463574,43.927763
None,ミズナラ,防風保,None,網走南部,357,い,5.73,None,小清水町,他Ｌ,センノキ,山地災害防止（気象）,0,144.463891,43.92436
None,None,潮害保,保健保,網走南部,355,ル,0.19,None,小清水町,None,None,森林空間利用,0,144.447295,43.935562
None,None,潮害保,保健保,網走南部,355,リ,6.36,None,小清水町,None,None,森林空間利用,0,144.44245,43.935994
None,None,None,None,網走南部,355,テ,9.15,None,小清水町,None,None,森林空間利用,0,144.445375,43.936138
None,他Ｌ,潮害保,保健保,網走南部,355,い,2.77,None,小清水町,None,None,森林空間利用,0,144.444929,43.934741
None,他Ｌ,潮害保,保健保,網走南部,355,い,2.77,None,小清水町,None,None,森林空間利用,0,144.443409,43.934496
None,None,None,None,網走南部,355,ハ,0.21,None,小清水町,None,None,森林空間利用,0,144.440811,43.935689
None,None,飛砂保,保健保,網走南部,354,ハ,15.96,None,小清水町,None,None,森林空間利用,0,144.44128,43.936489
None,None,None,None,網走南部,354,ワ,0.46,None,小清水町,None,None,森林空間利用,0,144.436195,43.937858
None,None,None,None,網走南部,354,ア,0.9,None,小清水町,None,None,森林空間利用,0,144.434963,43.9376
None,None,飛砂保,保健保,網走南部,354,ハ,15.96,None,小清水町,None,None,森林空間利用,0,144.424862,43.939682
None,ミズナラ,防風保,None,網走南部,357,ろ,3.19,None,小清水町,他Ｌ,他Ｌ,自然維持,0,144.464343,43.918569
None,トドマツ,防風保,None,網走南部,357,え,0.12,None,小清水町,None,他Ｌ,自然維持,0,144.46421,43.91703
None,他Ｌ,防風保,None,網走南部,357,に,5.81,None,小清水町,None,None,山地災害防止（気象）,0,144.462728,43.904644
None,カラマツ,防風保,None,網走南部,357,う,3.5,None,小清水町,None,他Ｌ,山地災害防止（気象）,0,144.460921,43.904796
None,ミズナラ,防風保,None,網走南部,357,ほ,4.67,None,小清水町,シラカバ,他Ｌ,山地災害防止（気象）,0,144.461336,43.904601
None,None,防風保,保健保,網走南部,357,ホ,0.06,None,小清水町,None,None,山地災害防止（気象）,0,144.45845,43.904504
None,None,防風保,None,網走南部,357,ラ,0.03,None,小清水町,None,None,山地災害防止（気象）,0,144.458038,43.904693
None,カラマツ,防風保,None,網走南部,357,う,3.5,None,小清水町,None,他Ｌ,山地災害防止（気象）,0,144.454673,43.904411
None,ミズナラ,防風保,None,網走南部,357,ほ,4.67,None,小清水町,シラカバ,他Ｌ,山地災害防止（気象）,0,144.452671,43.903983
None,ミズナラ,防風保,None,網走南部,357,ほ,4.67,None,小清水町,シラカバ,他Ｌ,山地災害防止（気象）,0,144.45095,43.903906
None,他Ｌ,防風保,None,網走南部,357,へ,1.66,None,小清水町,ミズナラ,ダケカンバ,山地災害防止（気象）,0,144.44646,43.908388
None,カラマツ,防風保,None,網走南部,357,う,3.5,None,小清水町,None,他Ｌ,山地災害防止（気象）,0,144.450916,43.90424
None,トドマツ,防風保,None,網走南部,357,と,1.47,None,小清水町,None,None,山地災害防止（気象）,0,144.447162,43.902288
None,カラマツ,防風保,None,網走南部,357,き,1.42,None,小清水町,None,他Ｌ,山地災害防止（気象）,0,144.44682,43.903423
None,None,防風保,None,網走南部,357,ネ,0.01,None,小清水町,None,None,山地災害防止（気象）,0,144.44738,43.90083
None,None,防風保,None,網走南部,357,ト,0.01,None,小清水町,None,None,山地災害防止（気象）,0,144.446974,43.900964
None,トドマツ,防風保,None,網走南部,357,と,1.47,None,小清水町,None,None,山地災害防止（気象）,0,144.447324,43.900504
None,他Ｌ,防風保,None,網走南部,357,ち,2.9,None,小清水町,ダケカンバ,ミズナラ,山地災害防止（気象）,0,144.447433,43.89793
None,None,防風保,None,網走南部,357,タ,0.01,None,小清水町,None,None,山地災害防止（気象）,0,144.447377,43.897342
None,カラマツ,防風保,None,網走南部,357,き,1.42,None,小清水町,None,他Ｌ,山地災害防止（気象）,0,144.447116,43.900178
None,カラマツ,防風保,None,網走南部,359,ひ,2.51,None,小清水町,None,他Ｌ,山地災害防止（気象）,0,144.495887,43.886218
None,他Ｌ,防風保,None,網走南部,359,ろ,2.6,None,小清水町,ミズナラ,ダケカンバ,山地災害防止（気象）,0,144.495018,43.88584
None,None,防風保,None,網走南部,359,メ,0.03,None,小清水町,None,None,山地災害防止（気象）,0,144.494643,43.886316
None,None,None,None,網走南部,359,キ,0.03,None,小清水町,None,None,山地災害防止（気象）,0,144.494694,43.885705
None,None,防風保,None,網走南部,359,リ,0.01,None,小清水町,None,None,山地災害防止（気象）,0,144.494446,43.885704
None,カラマツ,防風保,None,網走南部,359,ひ,2.51,None,小清水町,None,他Ｌ,山地災害防止（気象）,0,144.490591,43.885987
None,他Ｌ,防風保,None,網走南部,359,ろ,2.6,None,小清水町,ミズナラ,ダケカンバ,山地災害防止（気象）,0,144.491186,43.885678
None,他Ｌ,防風保,None,網走南部,359,い,1.94,None,小清水町,None,None,山地災害防止（気象）,0,144.48774,43.885906
None,他Ｌ,防風保,None,網走南部,359,い,1.94,None,小清水町,None,None,山地災害防止（気象）,0,144.4871,43.88561
None,None,None,None,網走南部,359,ウ,0.08,None,小清水町,None,None,山地災害防止（気象）,0,144.485077,43.885813
None,他Ｌ,防風保,None,網走南部,359,い,1.94,None,小清水町,None,None,山地災害防止（気象）,0,144.48462,43.885516
None,他Ｌ,防風保,None,網走南部,359,い,1.94,None,小清水町,None,None,山地災害防止（気象）,0,144.484038,43.885218
None,None,None,None,網走南部,359,ホ,0.03,None,小清水町,None,None,山地災害防止（気象）,0,144.48404,43.885599
None,他Ｌ,防風保,None,網走南部,357,か,4.83,None,小清水町,ミズナラ,ダケカンバ,山地災害防止（気象）,0,144.482694,43.885333
None,他Ｌ,防風保,None,網走南部,357,か,4.83,None,小清水町,ミズナラ,ダケカンバ,山地災害防止（気象）,0,144.481339,43.885365
None,他Ｌ,防風保,None,網走南部,357,か,4.83,None,小清水町,ミズナラ,ダケカンバ,山地災害防止（気象）,0,144.477277,43.885169
None,None,防風保,None,網走南部,357,ヌ,0.01,None,小清水町,None,None,山地災害防止（気象）,0,144.473682,43.885292
None,ミズナラ,防風保,None,網走南部,357,わ,5.4,None,小清水町,ダケカンバ,他Ｌ,山地災害防止（気象）,0,144.472202,43.885023
None,シラカバ,防風保,None,網走南部,357,さ,0.32,None,小清水町,None,他Ｌ,山地災害防止（気象）,0,144.473418,43.884736
None,ミズナラ,防風保,None,網走南部,357,わ,5.4,None,小清水町,ダケカンバ,他Ｌ,山地災害防止（気象）,0,144.468889,43.884874
None,シラカバ,防風保,None,網走南部,357,さ,0.32,None,小清水町,None,他Ｌ,山地災害防止（気象）,0,144.470699,43.884623
None,None,防風保,None,網走南部,357,ム,0.03,None,小清水町,None,None,山地災害防止（気象）,0,144.466719,43.885004
None,None,防風保,None,網走南部,357,ロ,0.08,None,小清水町,None,None,山地災害防止（気象）,0,144.466795,43.884431
None,None,防風保,None,網走南部,357,カ,0.01,None,小清水町,None,None,山地災害防止（気象）,0,144.466984,43.884438
None,None,防風保,None,網走南部,357,イ,0.07,None,小清水町,None,None,山地災害防止（気象）,0,144.466624,43.884733
None,None,防風保,None,網走南部,357,ロ,0.08,None,小清水町,None,None,山地災害防止（気象）,0,144.466708,43.88447
None,トドマツ,防風保,None,網走南部,359,へ,3.05,None,小清水町,None,他Ｌ,山地災害防止（気象）,1,144.494117,43.866052
None,他Ｌ,防風保,None,網走南部,359,む,12.36,None,小清水町,ダケカンバ,ミズナラ,山地災害防止（気象）,0,144.494067,43.865721
None,None,防風保,None,網走南部,359,ナ,0.11,None,小清水町,None,None,山地災害防止（気象）,0,144.492003,43.865946
None,None,None,None,網走南部,359,ハ,0.04,None,小清水町,None,None,山地災害防止（気象）,0,144.491928,43.865616
None,None,None,None,網走南部,359,ム,0.01,None,小清水町,None,None,山地災害防止（気象）,0,144.491952,43.865942
None,トドマツ,防風保,None,網走南部,359,へ,3.05,None,小清水町,None,他Ｌ,山地災害防止（気象）,1,144.490987,43.865899
None,他Ｌ,防風保,None,網走南部,359,む,12.36,None,小清水町,ダケカンバ,ミズナラ,山地災害防止（気象）,0,144.491577,43.865595
None,None,None,None,網走南部,359,ヌ,0.02,None,小清水町,None,None,山地災害防止（気象）,0,144.489496,43.865932
None,トドマツ,防風保,None,網走南部,359,へ,3.05,None,小清水町,None,他Ｌ,山地災害防止（気象）,1,144.486617,43.865687
None,他Ｌ,防風保,None,網走南部,359,む,12.36,None,小清水町,ダケカンバ,ミズナラ,山地災害防止（気象）,0,144.484895,43.865476
None,他Ｌ,防風保,None,網走南部,359,う,3.19,None,小清水町,ダケカンバ,ミズナラ,山地災害防止（気象）,0,144.478598,43.86518
None,他Ｌ,防風保,None,網走南部,359,の,1.21,None,小清水町,None,None,山地災害防止（気象）,0,144.47524,43.864907
None,他Ｌ,防風保,None,網走南部,359,の,1.21,None,小清水町,None,None,山地災害防止（気象）,0,144.47346,43.863993
None,トドマツ,防風保,None,網走南部,357,む,1.56,None,小清水町,None,他Ｌ,山地災害防止（気象）,0,144.464417,43.884781
None,ミズナラ,防風保,None,網走南部,357,わ,5.4,None,小清水町,ダケカンバ,他Ｌ,山地災害防止（気象）,0,144.460767,43.884285
None,トドマツ,防風保,None,網走南部,357,あ,0.07,None,小清水町,None,他Ｌ,山地災害防止（気象）,0,144.461951,43.884298
None,トドマツ,防風保,None,網走南部,357,む,1.56,None,小清水町,None,他Ｌ,山地災害防止（気象）,0,144.460745,43.884617
None,シラカバ,防風保,保健保,網走南部,357,こ,0.25,None,小清水町,None,None,山地災害防止（気象）,0,144.458372,43.884299
None,他Ｌ,防風保,保健保,網走南部,357,お,0.66,None,小清水町,ミズナラ,シラカバ,山地災害防止（気象）,0,144.457143,43.884303
None,他Ｌ,防風保,保健保,網走南部,357,る,2.58,None,小清水町,None,None,山地災害防止（気象）,0,144.456367,43.884207
None,None,防風保,None,網走南部,357,ウ,0.05,None,小清水町,None,None,山地災害防止（気象）,0,144.45602,43.884008
None,他Ｌ,防風保,保健保,網走南部,357,る,2.58,None,小清水町,None,None,山地災害防止（気象）,0,144.454808,43.884159
None,他Ｌ,防風保,保健保,網走南部,357,る,2.58,None,小清水町,None,None,山地災害防止（気象）,0,144.452586,43.884006
None,None,防風保,None,網走南部,357,ナ,0.01,None,小清水町,None,None,山地災害防止（気象）,0,144.452305,43.883784
None,他Ｌ,防風保,保健保,網走南部,357,る,2.58,None,小清水町,None,None,山地災害防止（気象）,0,144.452374,43.883594
None,None,防風保,None,網走南部,357,リ,0.04,None,小清水町,None,None,山地災害防止（気象）,0,144.45197,43.883737
None,カラマツ,防風保,保健保,網走南部,357,よ,0.26,None,小清水町,None,他Ｌ,山地災害防止（気象）,0,144.451423,43.883618
None,トドマツ,防風保,保健保,網走南部,357,れ,0.87,None,小清水町,None,他Ｌ,山地災害防止（気象）,0,144.449303,43.881571
None,None,防風保,None,網走南部,357,チ,0.01,None,小清水町,None,None,山地災害防止（気象）,0,144.448941,43.880797
None,トドマツ,防風保,保健保,網走南部,357,れ,0.87,None,小清水町,None,他Ｌ,山地災害防止（気象）,0,144.44939,43.880631
None,トドマツ,防風保,保健保,網走南部,357,そ,0.36,None,小清水町,None,他Ｌ,山地災害防止（気象）,0,144.449471,43.879858
None,カラマツ,防風保,保健保,網走南部,357,つ,2.07,None,小清水町,None,他Ｌ,山地災害防止（気象）,0,144.449486,43.878841
None,他Ｌ,防風保,None,網走南部,357,ち,2.9,None,小清水町,ダケカンバ,ミズナラ,山地災害防止（気象）,0,144.447551,43.896696
None,他Ｌ,防風保,None,網走南部,357,ち,2.9,None,小清水町,ダケカンバ,ミズナラ,山地災害防止（気象）,0,144.44552,43.894144
None,None,防風保,保健保,網走南部,357,ハ,0.09,None,小清水町,None,None,山地災害防止（気象）,0,144.445661,43.892498
None,他Ｌ,防風保,None,網走南部,357,り,0.62,None,小清水町,ダケカンバ,ミズナラ,山地災害防止（気象）,0,144.445752,43.891371
None,None,防風保,None,網走南部,357,ワ,0.01,None,小清水町,None,None,山地災害防止（気象）,0,144.446023,43.89062
None,他Ｌ,防風保,None,網走南部,357,や,13.93,None,小清水町,None,ミズナラ,山地災害防止（気象）,0,144.436859,43.893755
None,ミズナラ,防風保,保健保,網走南部,357,て,3.41,None,小清水町,ダケカンバ,他Ｌ,山地災害防止（気象）,0,144.446507,43.886041
None,ミズナラ,防風保,保健保,網走南部,357,ぬ,4.4,None,小清水町,ダケカンバ,他Ｌ,山地災害防止（気象）,0,144.449018,43.883951
None,トドマツ,防風保,保健保,網走南部,357,は,0.43,None,小清水町,None,他Ｌ,山地災害防止（気象）,0,144.448777,43.882393
None,トドマツ,防風保,None,網走南部,357,の,0.28,None,小清水町,シラカバ,ミズナラ,山地災害防止（気象）,0,144.44887,43.881308
None,None,防風保,None,網走南部,357,ヨ,0.05,None,小清水町,None,None,山地災害防止（気象）,0,144.449476,43.880956
None,トドマツ,防風保,保健保,網走南部,357,た,1.36,None,小清水町,None,他Ｌ,山地災害防止（気象）,0,144.449257,43.876247
None,None,防風保,None,網走南部,357,ル,0.02,None,小清水町,None,None,山地災害防止（気象）,0,144.45156,43.873453
None,他Ｌ,防風保,保健保,網走南部,357,ね,1.13,None,小清水町,センノキ,ミズナラ,山地災害防止（気象）,0,144.450256,43.875526
None,他Ｌ,防風保,保健保,網走南部,357,な,3.71,None,小清水町,ミズナラ,ニレ,山地災害防止（気象）,0,144.451086,43.874195
None,他Ｌ,防風保,保健保,網走南部,357,な,3.71,None,小清水町,ミズナラ,ニレ,山地災害防止（気象）,0,144.451274,43.8722
None,カラマツ,防風保,保健保,網走南部,357,ふ,0.29,None,小清水町,None,None,山地災害防止（気象）,0,144.451691,43.870406
None,他Ｌ,防風保,保健保,網走南部,357,な,3.71,None,小清水町,ミズナラ,ニレ,山地災害防止（気象）,0,144.451174,43.870614
None,カラマツ,防風保,保健保,網走南部,357,ふ,0.29,None,小清水町,None,None,山地災害防止（気象）,0,144.450551,43.870661
None,カラマツ,防風保,保健保,網走南部,357,け,0.21,None,小清水町,None,他Ｌ,山地災害防止（気象）,0,144.450001,43.870667
None,None,防風保,None,網走南部,357,ノ,0.37,None,小清水町,None,None,山地災害防止（気象）,0,144.450427,43.869253
None,ミズナラ,防風保,None,網走南部,357,ら,4.45,None,小清水町,ダケカンバ,他Ｌ,山地災害防止（気象）,0,144.449948,43.870223
None,None,防風保,None,網走南部,357,ノ,0.37,None,小清水町,None,None,山地災害防止（気象）,0,144.449982,43.869234
None,None,防風保,None,網走南部,357,ソ,0.02,None,小清水町,None,None,山地災害防止（気象）,0,144.450001,43.869118
None,ミズナラ,防風保,None,網走南部,357,ら,4.45,None,小清水町,ダケカンバ,他Ｌ,山地災害防止（気象）,0,144.450569,43.868742
None,None,防風保,None,網走南部,357,オ,0.03,None,小清水町,None,None,山地災害防止（気象）,0,144.449943,43.868443
None,ミズナラ,防風保,None,網走南部,357,ら,4.45,None,小清水町,ダケカンバ,他Ｌ,山地災害防止（気象）,0,144.450072,43.868726
None,ミズナラ,防風保,None,網走南部,357,ら,4.45,None,小清水町,ダケカンバ,他Ｌ,山地災害防止（気象）,0,144.450434,43.866744
None,ミズナラ,防風保,None,網走南部,357,ら,4.45,None,小清水町,ダケカンバ,他Ｌ,山地災害防止（気象）,0,144.450607,43.864923
None,None,None,None,網走南部,354,レ,3.72,None,小清水町,None,None,森林空間利用,0,144.435726,43.938028
None,None,飛砂保,None,網走南部,354,ウ,0.06,None,小清水町,None,None,森林空間利用,0,144.431906,43.937639
None,None,飛砂保,None,網走南部,354,ウ,0.06,None,小清水町,None,None,森林空間利用,0,144.429032,43.938155
None,None,None,None,網走南部,354,ノ,0.05,None,小清水町,None,None,森林空間利用,0,144.425331,43.939114
None,None,飛砂保,保健保,網走南部,354,ハ,15.96,None,小清水町,None,None,森林空間利用,0,144.425835,43.938814
None,None,None,None,網走南部,354,ク,0.04,None,小清水町,None,None,森林空間利用,0,144.419132,43.940169
None,None,飛砂保,None,網走南部,354,ム,0.15,None,小清水町,None,None,森林空間利用,0,144.419316,43.93997
None,他Ｌ,防風保,None,網走南部,357,や,13.93,None,小清水町,None,ミズナラ,山地災害防止（気象）,0,144.433191,43.894887
None,他Ｌ,防風保,None,網走南部,357,や,13.93,None,小清水町,None,ミズナラ,山地災害防止（気象）,0,144.429178,43.89605
None,他Ｌ,防風保,None,網走南部,357,ま,1.8,None,小清水町,None,None,山地災害防止（気象）,0,144.424576,43.876288
None,None,防風保,None,網走南部,357,ツ,0.07,None,小清水町,None,None,山地災害防止（気象）,0,144.423911,43.876485
None,None,防風保,None,網走南部,357,ツ,0.07,None,小清水町,None,None,山地災害防止（気象）,0,144.424098,43.876301
None,他Ｌ,防風保,None,網走南部,357,ま,1.8,None,小清水町,None,None,山地災害防止（気象）,0,144.423454,43.876597
None,ポプラ,防風保,None,網走南部,360,い,5.82,None,小清水町,他Ｌ,トドマツ,山地災害防止（気象）,0,144.496113,43.846065
None,他Ｌ,防風保,None,網走南部,360,ふ,14.5,None,小清水町,他Ｌ,ミズナラ,山地災害防止（気象）,0,144.492157,43.845555
None,ポプラ,防風保,None,網走南部,360,い,5.82,None,小清水町,他Ｌ,トドマツ,山地災害防止（気象）,0,144.488244,43.845694
None,他Ｌ,防風保,None,網走南部,360,ふ,14.5,None,小清水町,他Ｌ,ミズナラ,山地災害防止（気象）,0,144.490157,43.845448
None,他Ｌ,防風保,None,網走南部,360,ふ,14.5,None,小清水町,他Ｌ,ミズナラ,山地災害防止（気象）,0,144.485578,43.845231
None,ポプラ,防風保,None,網走南部,360,い,5.82,None,小清水町,他Ｌ,トドマツ,山地災害防止（気象）,0,144.485193,43.845551
None,ポプラ,防風保,None,網走南部,360,い,5.82,None,小清水町,他Ｌ,トドマツ,山地災害防止（気象）,0,144.483548,43.845468
None,他Ｌ,防風保,None,網走南部,360,ふ,14.5,None,小清水町,他Ｌ,ミズナラ,山地災害防止（気象）,0,144.483567,43.845135
None,None,None,None,網走南部,360,イ,0.03,None,小清水町,None,None,山地災害防止（気象）,0,144.480717,43.845407
None,ポプラ,防風保,None,網走南部,360,い,5.82,None,小清水町,他Ｌ,トドマツ,山地災害防止（気象）,0,144.480062,43.845294
None,他Ｌ,防風保,None,網走南部,360,ふ,14.5,None,小清水町,他Ｌ,ミズナラ,山地災害防止（気象）,0,144.478148,43.844869
None,他Ｌ,防風保,None,網走南部,360,ふ,14.5,None,小清水町,他Ｌ,ミズナラ,山地災害防止（気象）,0,144.47717,43.844826
None,ポプラ,防風保,None,網走南部,360,い,5.82,None,小清水町,他Ｌ,トドマツ,山地災害防止（気象）,0,144.476894,43.84514
None,None,防風保,None,網走南部,360,ク,0.03,None,小清水町,None,None,山地災害防止（気象）,0,144.476824,43.844864
None,他Ｌ,防風保,None,網走南部,360,ふ,14.5,None,小清水町,他Ｌ,ミズナラ,山地災害防止（気象）,0,144.476745,43.844758
None,他Ｌ,防風保,None,網走南部,360,ふ,14.5,None,小清水町,他Ｌ,ミズナラ,山地災害防止（気象）,0,144.47621,43.845213
None,他Ｌ,防風保,None,網走南部,360,ふ,14.5,None,小清水町,他Ｌ,ミズナラ,山地災害防止（気象）,0,144.476256,43.844947
None,None,None,None,網走南部,318,イ,1.86,None,小清水町,None,None,水源涵養,0,144.482879,43.801976
None,None,None,None,網走南部,306,イ,5.1,None,小清水町,None,None,水源涵養,0,144.494334,43.79863
None,None,None,None,網走南部,306,イ,5.1,None,小清水町,None,None,水源涵養,0,144.494136,43.793866
None,None,None,None,網走南部,318,イ,1.86,None,小清水町,None,None,水源涵養,0,144.479512,43.794612
None,他Ｌ,水涵保,None,網走南部,324,い,65.34,None,小清水町,天トドマツ,天エゾマツ,水源涵養,0,144.471292,43.799456
None,トドマツ,水涵保,None,網走南部,324,れ,4.83,None,小清水町,None,他Ｌ,水源涵養,0,144.470772,43.800883
None,トドマツ,水涵保,None,網走南部,324,よ,3.34,None,小清水町,None,他Ｌ,水源涵養,0,144.465266,43.800684
None,None,None,None,網走南部,318,イ,1.86,None,小清水町,None,None,水源涵養,0,144.478528,43.793887
None,None,None,None,網走南部,318,イ,1.86,None,小清水町,None,None,水源涵養,0,144.476983,43.792829
None,None,None,None,網走南部,318,イ,1.86,None,小清水町,None,None,水源涵養,0,144.475052,43.792054
None,None,None,None,網走南部,318,イ,1.86,None,小清水町,None,None,水源涵養,0,144.474465,43.791984
None,他Ｌ,水涵保,None,網走南部,324,ま,2.49,None,小清水町,シナノキ,天トドマツ,水源涵養,0,144.471557,43.796948
None,トドマツ,水涵保,None,網走南部,324,そ,5.23,None,小清水町,None,他Ｌ,水源涵養,0,144.470742,43.798536
None,他Ｌ,水涵保,None,網走南部,324,い,65.34,None,小清水町,天トドマツ,天エゾマツ,水源涵養,0,144.468672,43.80035
None,トドマツ,水涵保,None,網走南部,324,そ,5.23,None,小清水町,None,他Ｌ,水源涵養,0,144.468985,43.799202
None,他Ｌ,水涵保,None,網走南部,324,い,65.34,None,小清水町,天トドマツ,天エゾマツ,水源涵養,0,144.469821,43.79785
None,トドマツ,水涵保,None,網走南部,324,つ,4.28,None,小清水町,None,他Ｌ,水源涵養,0,144.469767,43.796548
None,他Ｌ,水涵保,None,網走南部,324,い,65.34,None,小清水町,天トドマツ,天エゾマツ,水源涵養,0,144.469232,43.795052
None,天トドマツ,水涵保,None,網走南部,324,た,2.75,None,小清水町,None,他Ｌ,水源涵養,0,144.467589,43.799932
None,トドマツ,水涵保,None,網走南部,324,ね,2.82,None,小清水町,None,他Ｌ,水源涵養,0,144.467134,43.797831
None,他Ｌ,水涵保,None,網走南部,324,い,65.34,None,小清水町,天トドマツ,天エゾマツ,水源涵養,0,144.466341,43.799469
None,トドマツ,水涵保,None,網走南部,324,よ,3.34,None,小清水町,None,他Ｌ,水源涵養,0,144.464762,43.799783
None,None,水涵保,None,網走南部,324,ニ,1.17,None,小清水町,None,None,水源涵養,0,144.466323,43.798055
None,トドマツ,水涵保,None,網走南部,324,ら,2.63,None,小清水町,None,他Ｌ,水源涵養,0,144.46502,43.798471
None,他Ｌ,水涵保,None,網走南部,324,い,65.34,None,小清水町,天トドマツ,天エゾマツ,水源涵養,0,144.468206,43.797857
None,他Ｌ,水涵保,None,網走南部,324,い,65.34,None,小清水町,天トドマツ,天エゾマツ,水源涵養,0,144.468544,43.795988
None,トドマツ,水涵保,None,網走南部,324,な,3.4,None,小清水町,None,他Ｌ,水源涵養,0,144.467419,43.795872
None,他Ｌ,水涵保,None,網走南部,324,い,65.34,None,小清水町,天トドマツ,天エゾマツ,水源涵養,0,144.466241,43.795839
None,トドマツ,水涵保,None,網走南部,324,む,4.61,None,小清水町,None,他Ｌ,水源涵養,0,144.465028,43.795639
None,トドマツ,水涵保,None,網走南部,324,な,3.4,None,小清水町,None,他Ｌ,水源涵養,0,144.467161,43.794446
None,他Ｌ,水涵保,None,網走南部,324,ま,2.49,None,小清水町,シナノキ,天トドマツ,水源涵養,0,144.466939,43.788918
None,トドマツ,水涵保,None,網走南部,324,う,4.34,None,小清水町,None,他Ｌ,水源涵養,0,144.466267,43.793998
None,None,水涵保,None,網走南部,324,ヘ,3.16,None,小清水町,None,None,水源涵養,0,144.467431,43.793846
None,None,水涵保,None,網走南部,324,ヘ,3.16,None,小清水町,None,None,水源涵養,0,144.465835,43.793615
None,トドマツ,水涵保,None,網走南部,324,う,4.34,None,小清水町,None,他Ｌ,水源涵養,0,144.465482,43.792602
None,他Ｌ,水涵保,None,網走南部,324,い,65.34,None,小清水町,天トドマツ,天エゾマツ,水源涵養,0,144.465763,43.790485
None,他Ｌ,水涵保,None,網走南部,306,や,1.1,None,小清水町,None,None,水源涵養,0,144.493068,43.787685
None,トドマツ,水涵保,None,網走南部,306,む,3.64,None,小清水町,None,他Ｌ,水源涵養,0,144.493971,43.787038
None,トドマツ,水涵保,None,網走南部,306,ら,6.4,None,小清水町,None,他Ｌ,水源涵養,0,144.494469,43.785462
None,トドマツ,水涵保,None,網走南部,310,い,14.37,None,小清水町,None,他Ｌ,水源涵養,0,144.491046,43.785629
None,他Ｌ,水涵保,None,網走南部,306,つ,1.88,None,小清水町,None,天トドマツ,水源涵養,0,144.491107,43.779347
None,他Ｌ,水涵保,None,網走南部,306,ろ,29.87,None,小清水町,シナノキ,天トドマツ,水源涵養,0,144.495108,43.780461
None,カラマツ,水涵保,None,網走南部,306,に,6.85,None,小清水町,None,他Ｌ,水源涵養,0,144.492655,43.779127
None,トドマツ,None,None,網走南部,306,な,6.5,None,小清水町,None,None,水源涵養,0,144.491225,43.782068
None,他Ｌ,水涵保,None,網走南部,310,ろ,0.63,None,小清水町,None,None,水源涵養,0,144.4892,43.784575
None,トドマツ,水涵保,None,網走南部,306,あ,3.38,None,小清水町,None,他Ｌ,水源涵養,0,144.490496,43.780589
None,トドマツ,水涵保,None,網走南部,306,ね,3.3,None,小清水町,None,他Ｌ,水源涵養,0,144.489376,43.779541
None,カラマツ,水涵保,None,網走南部,306,ほ,5.22,None,小清水町,None,他Ｌ,水源涵養,0,144.495041,43.776931
None,欧州アカマツ,水涵保,None,網走南部,306,く,4.3,None,小清水町,ストローブマツ,他Ｌ,水源涵養,0,144.495716,43.772872
None,アカエゾマツ,水涵保,None,網走南部,306,こ,0.13,None,小清水町,None,他Ｌ,水源涵養,0,144.490942,43.777829
None,トドマツ,水涵保,None,網走南部,306,へ,5.17,None,小清水町,None,他Ｌ,水源涵養,0,144.491895,43.776896
None,他Ｌ,水涵保,None,網走南部,307,つ,19.45,None,小清水町,シナノキ,天トドマツ,水源涵養,0,144.489676,43.778132
None,トドマツ,水涵保,None,網走南部,307,る,1.29,None,小清水町,None,他Ｌ,水源涵養,0,144.488932,43.778441
None,None,None,None,網走南部,307,ハ,0.17,None,小清水町,None,None,水源涵養,0,144.489145,43.777809
None,他Ｌ,水涵保,None,網走南部,307,つ,19.45,None,小清水町,シナノキ,天トドマツ,水源涵養,0,144.48826,43.776699
None,他Ｌ,水涵保,None,網走南部,306,つ,1.88,None,小清水町,None,天トドマツ,水源涵養,0,144.490788,43.777295
None,アカエゾマツ,水涵保,None,網走南部,306,ふ,0.23,None,小清水町,None,他Ｌ,水源涵養,0,144.490868,43.776231
None,アカエゾマツ,水涵保,None,網走南部,306,ふ,0.23,None,小清水町,None,他Ｌ,水源涵養,0,144.491163,43.774897
None,他Ｌ,水涵保,None,網走南部,306,つ,1.88,None,小清水町,None,天トドマツ,水源涵養,0,144.491477,43.7738
None,トドマツ,水涵保,None,網走南部,307,い,11.73,None,小清水町,None,他Ｌ,水源涵養,0,144.488142,43.773434
None,ストローブマツ,水涵保,None,網走南部,306,と,1.98,None,小清水町,他Ｌ,欧州アカマツ,水源涵養,0,144.494211,43.772821
None,カラマツ,水涵保,None,網走南部,306,て,5.48,None,小清水町,ダケカンバ,シナノキ,水源涵養,0,144.494284,43.770951
None,トドマツ,水涵保,None,網走南部,306,お,13.33,None,小清水町,None,他Ｌ,水源涵養,0,144.492457,43.773662
None,None,None,None,網走南部,302,ハ,0.52,None,小清水町,None,None,水源涵養,0,144.495273,43.769337
None,カラマツ,水涵保,None,網走南部,306,て,5.48,None,小清水町,ダケカンバ,シナノキ,水源涵養,0,144.494732,43.769167
None,None,None,None,網走南部,306,ハ,1.26,None,小清水町,None,None,水源涵養,0,144.492696,43.76976
None,他Ｌ,水涵保,None,網走南部,306,ろ,29.87,None,小清水町,シナノキ,天トドマツ,水源涵養,0,144.493327,43.768941
None,トドマツ,水涵保,None,網走南部,306,お,13.33,None,小清水町,None,他Ｌ,水源涵養,0,144.490341,43.772468
None,他Ｌ,水涵保,None,網走南部,306,ろ,29.87,None,小清水町,シナノキ,天トドマツ,水源涵養,0,144.489788,43.771277
None,None,None,None,網走南部,306,ハ,1.26,None,小清水町,None,None,水源涵養,0,144.488578,43.771408
None,他Ｌ,水涵保,None,網走南部,306,ろ,29.87,None,小清水町,シナノキ,天トドマツ,水源涵養,0,144.491504,43.770457
None,None,None,None,網走南部,306,ハ,1.26,None,小清水町,None,None,水源涵養,0,144.490967,43.770079
None,None,None,None,網走南部,306,ハ,1.26,None,小清水町,None,None,水源涵養,0,144.489637,43.770601
None,トドマツ,水涵保,None,網走南部,307,ぬ,13.37,None,小清水町,None,他Ｌ,水源涵養,0,144.487274,43.777631
None,他Ｌ,水涵保,None,網走南部,307,う,1.28,None,小清水町,None,None,水源涵養,0,144.484945,43.776033
None,None,None,None,網走南部,307,ロ,5.0,None,小清水町,None,None,水源涵養,0,144.489895,43.777923
None,他Ｌ,水涵保,None,網走南部,307,つ,19.45,None,小清水町,シナノキ,天トドマツ,水源涵養,0,144.486586,43.775418
None,カラマツ,水涵保,None,網走南部,307,む,9.72,None,小清水町,他Ｌ,天トドマツ,水源涵養,0,144.485514,43.773843
None,None,None,None,網走南部,307,ニ,1.51,None,小清水町,None,None,水源涵養,0,144.484424,43.773646
None,None,None,None,網走南部,307,ニ,1.51,None,小清水町,None,None,水源涵養,0,144.48671,43.772369
None,他Ｌ,水涵保,None,網走南部,307,つ,19.45,None,小清水町,シナノキ,天トドマツ,水源涵養,0,144.4859,43.773043
None,None,None,None,網走南部,307,ニ,1.51,None,小清水町,None,None,水源涵養,0,144.487587,43.771926
None,他Ｌ,水涵保,None,網走南部,307,つ,19.45,None,小清水町,シナノキ,天トドマツ,水源涵養,0,144.487713,43.771422
None,None,None,None,網走南部,307,ニ,1.51,None,小清水町,None,None,水源涵養,0,144.48548,43.772985
None,None,None,None,網走南部,307,ニ,1.51,None,小清水町,None,None,水源涵養,0,144.485824,43.772497
None,他Ｌ,水涵保,None,網走南部,307,つ,19.45,None,小清水町,シナノキ,天トドマツ,水源涵養,0,144.485035,43.771956
None,トドマツ,水涵保,None,網走南部,307,な,19.32,None,小清水町,None,他Ｌ,水源涵養,0,144.485234,43.769364
None,None,None,None,網走南部,307,ニ,1.51,None,小清水町,None,None,水源涵養,0,144.483759,43.773756
None,トドマツ,水涵保,None,網走南部,307,ぬ,13.37,None,小清水町,None,他Ｌ,水源涵養,0,144.480962,43.769297
None,他Ｌ,水涵保,None,網走南部,307,う,1.28,None,小清水町,None,None,水源涵養,0,144.483008,43.773157
None,他Ｌ,水涵保,None,網走南部,307,つ,19.45,None,小清水町,シナノキ,天トドマツ,水源涵養,0,144.483888,43.770793
None,カラマツ,水涵保,None,網走南部,307,む,9.72,None,小清水町,他Ｌ,天トドマツ,水源涵養,0,144.483877,43.771717
None,他Ｌ,水涵保,None,網走南部,307,つ,19.45,None,小清水町,シナノキ,天トドマツ,水源涵養,0,144.482527,43.769019
None,トドマツ,水涵保,None,網走南部,319,く,8.28,None,小清水町,None,他Ｌ,水源涵養,0,144.472379,43.785952
None,トドマツ,水涵保,None,網走南部,319,や,0.77,None,小清水町,None,他Ｌ,水源涵養,0,144.473885,43.786247
None,天トドマツ,水涵保,None,網走南部,319,へ,7.93,None,小清水町,天エゾマツ,他Ｌ,水源涵養,0,144.472852,43.784348
None,他Ｌ,水涵保,None,網走南部,319,り,2.0,None,小清水町,ダケカンバ,シナノキ,水源涵養,0,144.474277,43.782142
None,天トドマツ,水涵保,None,網走南部,319,か,6.51,None,小清水町,None,他Ｌ,水源涵養,0,144.473627,43.779943
None,他Ｌ,水涵保,None,網走南部,319,ほ,1.88,None,小清水町,シナノキ,天トドマツ,水源涵養,0,144.472653,43.788638
None,None,水涵保,None,網走南部,319,ハ,11.19,None,小清水町,None,None,水源涵養,0,144.471442,43.78807
None,他Ｌ,水涵保,None,網走南部,319,ほ,1.88,None,小清水町,シナノキ,天トドマツ,水源涵養,0,144.468458,43.789686
None,トドマツ,水涵保,None,網走南部,319,け,3.15,None,小清水町,None,他Ｌ,水源涵養,0,144.470555,43.787549
None,None,水涵保,None,網走南部,319,ハ,11.19,None,小清水町,None,None,水源涵養,0,144.468461,43.786421
None,トドマツ,水涵保,None,網走南部,319,け,3.15,None,小清水町,None,他Ｌ,水源涵養,0,144.470353,43.785962
None,天トドマツ,水涵保,None,網走南部,319,へ,7.93,None,小清水町,天エゾマツ,他Ｌ,水源涵養,0,144.46971,43.784818
None,トドマツ,水涵保,None,網走南部,319,る,8.78,None,小清水町,None,他Ｌ,水源涵養,0,144.468265,43.78843
None,トドマツ,水涵保,None,網走南部,324,の,5.38,None,小清水町,None,他Ｌ,水源涵養,0,144.465434,43.789092
None,トドマツ,水涵保,None,網走南部,319,お,1.09,None,小清水町,None,None,水源涵養,0,144.465835,43.787283
None,天トドマツ,水涵保,None,網走南部,319,へ,7.93,None,小清水町,天エゾマツ,他Ｌ,水源涵養,0,144.46588,43.786077
None,ニレ,水涵保,None,網走南部,319,き,1.7,None,小清水町,オニグルミ,トドマツ,水源涵養,1,144.466491,43.785022
None,None,水涵保,None,網走南部,319,ハ,11.19,None,小清水町,None,None,水源涵養,0,144.465148,43.784499
None,トドマツ,水涵保,None,網走南部,319,み,3.07,None,小清水町,None,他Ｌ,水源涵養,0,144.471892,43.782169
None,トドマツ,水涵保,None,網走南部,319,こ,2.2,None,小清水町,None,他Ｌ,水源涵養,0,144.470312,43.78347
None,トドマツ,水涵保,None,網走南部,319,え,1.51,None,小清水町,None,他Ｌ,水源涵養,0,144.471471,43.78028
None,シラカバ,水涵保,None,網走南部,319,ゆ,7.65,None,小清水町,トドマツ,他Ｌ,水源涵養,0,144.470345,43.781306
None,トドマツ,水涵保,None,網走南部,319,の,2.14,None,小清水町,None,他Ｌ,水源涵養,0,144.467488,43.783354
None,トドマツ,水涵保,None,網走南部,319,は,1.54,None,小清水町,None,他Ｌ,水源涵養,1,144.468101,43.780293
None,トドマツ,水涵保,None,網走南部,319,ふ,13.15,None,小清水町,None,他Ｌ,水源涵養,0,144.466865,43.781608
None,天トドマツ,水涵保,None,網走南部,319,と,11.23,None,小清水町,シナノキ,他Ｌ,水源涵養,0,144.464343,43.780503
None,トドマツ,水涵保,None,網走南部,319,に,5.87,None,小清水町,None,他Ｌ,水源涵養,1,144.473891,43.777804
None,他Ｌ,水涵保,None,網走南部,311,う,0.7,None,小清水町,ダケカンバ,シナノキ,水源涵養,0,144.47976,43.769407
None,None,None,None,網走南部,311,イ,0.3,None,小清水町,None,None,水源涵養,0,144.479555,43.768682
None,カラマツ,水涵保,None,網走南部,311,り,23.59,None,小清水町,None,他Ｌ,水源涵養,0,144.478816,43.769492
None,トドマツ,水涵保,None,網走南部,311,な,3.96,None,小清水町,None,None,水源涵養,0,144.472887,43.770488
None,天トドマツ,水涵保,None,網走南部,319,も,0.29,None,小清水町,None,他Ｌ,水源涵養,0,144.472451,43.778011
None,天トドマツ,水涵保,None,網走南部,319,と,11.23,None,小清水町,シナノキ,他Ｌ,水源涵養,0,144.472472,43.777282
None,トドマツ,水涵保,None,網走南部,319,ぬ,5.76,None,小清水町,None,他Ｌ,水源涵養,0,144.471319,43.776215
None,天トドマツ,水涵保,None,網走南部,319,ま,2.04,None,小清水町,None,None,水源涵養,0,144.470457,43.77525
None,トドマツ,水涵保,None,網走南部,319,は,8.08,None,小清水町,None,他Ｌ,水源涵養,0,144.467718,43.775686
None,トドマツ,水涵保,None,網走南部,319,て,6.73,None,小清水町,None,他Ｌ,水源涵養,0,144.469744,43.776573
None,天トドマツ,水涵保,None,網走南部,319,ち,44.53,None,小清水町,天エゾマツ,他Ｌ,水源涵養,0,144.469445,43.771999
None,他Ｌ,水涵保,None,網走南部,311,わ,42.98,None,小清水町,天トドマツ,天エゾマツ,水源涵養,0,144.467186,43.765119
None,トドマツ,水涵保,None,網走南部,311,ら,7.22,None,小清水町,None,他Ｌ,水源涵養,0,144.470696,43.770837
None,天トドマツ,水涵保,None,網走南部,319,ろ,0.27,None,小清水町,None,他Ｌ,水源涵養,1,144.466408,43.77152
None,天トドマツ,水涵保,None,網走南部,319,す,0.52,None,小清水町,None,他Ｌ,水源涵養,0,144.467472,43.769368
None,トドマツ,水涵保,None,網走南部,319,あ,5.23,None,小清水町,None,他Ｌ,水源涵養,0,144.463861,43.771602
None,トドマツ,水涵保,None,網走南部,319,な,14.98,None,小清水町,None,他Ｌ,水源涵養,0,144.465523,43.768777
None,トドマツ,水涵保,None,網走南部,324,ろ,1.57,None,小清水町,None,他Ｌ,水源涵養,0,144.459849,43.800794
None,None,水涵保,None,網走南部,324,イ,0.5,None,小清水町,None,None,水源涵養,0,144.4638,43.796606
None,他Ｌ,水涵保,None,網走南部,324,い,65.34,None,小清水町,天トドマツ,天エゾマツ,水源涵養,0,144.463608,43.800427
None,トドマツ,水涵保,None,網走南部,324,は,5.05,None,小清水町,None,他Ｌ,水源涵養,0,144.461838,43.799246
None,トドマツ,水涵保,None,網走南部,324,む,4.61,None,小清水町,None,他Ｌ,水源涵養,0,144.463831,43.795559
None,アカエゾマツ,水涵保,None,網走南部,324,け,1.5,None,小清水町,None,他Ｌ,水源涵養,0,144.459238,43.8001
None,トドマツ,水涵保,None,網走南部,324,に,3.38,None,小清水町,None,他Ｌ,水源涵養,0,144.458535,43.798255
None,他Ｌ,水涵保,None,網走南部,324,い,65.34,None,小清水町,天トドマツ,天エゾマツ,水源涵養,0,144.459689,43.797798
None,トドマツ,水涵保,None,網走南部,324,ほ,5.08,None,小清水町,None,他Ｌ,水源涵養,0,144.460296,43.796255
None,トドマツ,水涵保,None,網走南部,324,へ,5.05,None,小清水町,None,他Ｌ,水源涵養,0,144.457331,43.794827
None,トドマツ,水涵保,None,網走南部,324,む,4.61,None,小清水町,None,他Ｌ,水源涵養,0,144.464044,43.794373
None,None,水涵保,None,網走南部,324,ヘ,3.16,None,小清水町,None,None,水源涵養,0,144.464044,43.7939
None,他Ｌ,水涵保,None,網走南部,324,い,65.34,None,小清水町,天トドマツ,天エゾマツ,水源涵養,0,144.463431,43.794191
None,トドマツ,水涵保,None,網走南部,324,と,4.11,None,小清水町,None,他Ｌ,水源涵養,0,144.462968,43.794174
None,None,水涵保,None,網走南部,324,ヘ,3.16,None,小清水町,None,None,水源涵養,0,144.462882,43.79402
None,None,水涵保,None,網走南部,324,ヘ,3.16,None,小清水町,None,None,水源涵養,0,144.463547,43.79375
None,None,水涵保,None,網走南部,324,ニ,1.17,None,小清水町,None,None,水源涵養,0,144.464749,43.790754
None,トドマツ,水涵保,None,網走南部,324,と,4.11,None,小清水町,None,他Ｌ,水源涵養,0,144.462721,43.79464
None,None,None,None,網走南部,324,ロ,4.14,None,小清水町,None,None,水源涵養,0,144.46048,43.800893
None,None,水涵保,None,網走南部,324,ハ,0.21,None,小清水町,None,None,水源涵養,0,144.462041,43.794536
None,トドマツ,水涵保,None,網走南部,324,と,4.11,None,小清水町,None,他Ｌ,水源涵養,0,144.46137,43.794741
None,トドマツ,水涵保,None,網走南部,324,と,4.11,None,小清水町,None,他Ｌ,水源涵養,0,144.462131,43.793218
None,トドマツ,水涵保,None,網走南部,324,う,4.34,None,小清水町,None,他Ｌ,水源涵養,0,144.46438,43.790628
None,トドマツ,水涵保,None,網走南部,324,や,5.51,None,小清水町,None,他Ｌ,水源涵養,0,144.463308,43.791245
None,トドマツ,水涵保,None,網走南部,324,や,5.51,None,小清水町,None,他Ｌ,水源涵養,0,144.462142,43.791218
None,None,水涵保,None,網走南部,324,ヘ,3.16,None,小清水町,None,None,水源涵養,0,144.461557,43.793821
None,トドマツ,水涵保,None,網走南部,324,ち,5.23,None,小清水町,None,他Ｌ,水源涵養,0,144.459739,43.792536
None,トドマツ,水涵保,None,網走南部,324,る,4.38,None,小清水町,None,他Ｌ,水源涵養,0,144.459137,43.790175
None,トドマツ,水涵保,None,網走南部,328,い,6.8,None,小清水町,None,他Ｌ,水源涵養,0,144.454941,43.7994
None,None,None,None,網走南部,328,イ,8.59,None,小清水町,None,None,水源涵養,0,144.45487,43.795566
None,天トドマツ,水涵保,None,網走南部,328,れ,74.52,None,小清水町,シナノキ,他Ｌ,水源涵養,0,144.45471,43.797482
None,トドマツ,水涵保,None,網走南部,328,ね,1.73,None,小清水町,None,他Ｌ,水源涵養,0,144.456455,43.797233
None,トドマツ,水涵保,None,網走南部,328,ね,1.73,None,小清水町,None,他Ｌ,水源涵養,0,144.45548,43.797805
None,天トドマツ,水涵保,None,網走南部,328,れ,74.52,None,小清水町,シナノキ,他Ｌ,水源涵養,0,144.457241,43.798779
None,ニレ,水涵保,None,網走南部,328,ろ,7.81,None,小清水町,イタヤカエデ,トドマツ,水源涵養,0,144.45393,43.796172
None,None,None,None,網走南部,328,ホ,1.72,None,小清水町,None,None,水源涵養,0,144.453749,43.795131
None,天トドマツ,水涵保,None,網走南部,328,れ,74.52,None,小清水町,シナノキ,他Ｌ,水源涵養,0,144.453054,43.795518
None,None,水涵保,None,網走南部,328,ロ,2.11,None,小清水町,None,None,水源涵養,0,144.452933,43.799934
None,トドマツ,水涵保,None,網走南部,328,そ,6.08,None,小清水町,None,他Ｌ,水源涵養,0,144.451607,43.796684
None,トドマツ,水涵保,None,網走南部,328,つ,1.32,None,小清水町,None,他Ｌ,水源涵養,0,144.450869,43.80023
None,天トドマツ,水涵保,None,網走南部,328,れ,74.52,None,小清水町,シナノキ,他Ｌ,水源涵養,0,144.449761,43.800124
None,天トドマツ,水涵保,None,網走南部,328,れ,74.52,None,小清水町,シナノキ,他Ｌ,水源涵養,0,144.452578,43.800325
None,None,None,None,網走南部,328,ホ,1.72,None,小清水町,None,None,水源涵養,0,144.452226,43.795837
None,None,水涵保,None,網走南部,328,ロ,2.11,None,小清水町,None,None,水源涵養,0,144.451108,43.792947
None,トドマツ,水涵保,None,網走南部,328,よ,5.88,None,小清水町,None,他Ｌ,水源涵養,0,144.450189,43.797569
None,None,None,None,網走南部,328,ホ,1.72,None,小清水町,None,None,水源涵養,0,144.449644,43.79678
None,トドマツ,水涵保,None,網走南部,328,よ,5.88,None,小清水町,None,他Ｌ,水源涵養,0,144.448199,43.792885
None,None,水涵保,None,網走南部,324,ヘ,3.16,None,小清水町,None,None,水源涵養,0,144.456628,43.793821
None,None,None,None,網走南部,328,ホ,1.72,None,小清水町,None,None,水源涵養,0,144.455717,43.794199
None,None,None,None,網走南部,328,ホ,1.72,None,小清水町,None,None,水源涵養,0,144.455194,43.794264
None,None,水涵保,None,網走南部,324,ヘ,3.16,None,小清水町,None,None,水源涵養,0,144.456755,43.793297
None,ニレ,水涵保,None,網走南部,328,ろ,7.81,None,小清水町,イタヤカエデ,トドマツ,水源涵養,0,144.454862,43.793382
None,None,None,None,網走南部,328,イ,8.59,None,小清水町,None,None,水源涵養,0,144.452361,43.791641
None,None,None,None,網走南部,328,ホ,1.72,None,小清水町,None,None,水源涵養,0,144.453165,43.795146
None,トドマツ,水涵保,None,網走南部,328,こ,0.38,None,小清水町,None,アカエゾマツ,水源涵養,0,144.453783,43.794405
None,ニレ,水涵保,None,網走南部,328,ろ,7.81,None,小清水町,イタヤカエデ,トドマツ,水源涵養,0,144.453852,43.793817
None,天トドマツ,水涵保,None,網走南部,328,れ,74.52,None,小清水町,シナノキ,他Ｌ,水源涵養,0,144.453471,43.792886
None,トドマツ,水涵保,None,網走南部,324,り,4.74,None,小清水町,None,他Ｌ,水源涵養,0,144.456931,43.791825
None,トドマツ,水涵保,None,網走南部,328,は,5.05,None,小清水町,None,他Ｌ,水源涵養,0,144.453537,43.790632
None,トドマツ,水涵保,None,網走南部,328,け,0.93,None,小清水町,他Ｌ,アカエゾマツ,水源涵養,0,144.451626,43.793818
None,トドマツ,水涵保,None,網走南部,328,は,5.05,None,小清水町,None,他Ｌ,水源涵養,0,144.452407,43.793373
None,天トドマツ,水涵保,None,網走南部,328,れ,74.52,None,小清水町,シナノキ,他Ｌ,水源涵養,0,144.441874,43.78599
None,トドマツ,水涵保,None,網走南部,328,そ,6.08,None,小清水町,None,他Ｌ,水源涵養,0,144.450077,43.793628
None,トドマツ,水涵保,None,網走南部,328,は,5.05,None,小清水町,None,他Ｌ,水源涵養,0,144.451964,43.79233
None,None,None,None,網走南部,328,ハ,0.55,None,小清水町,None,None,水源涵養,0,144.448296,43.789923
None,カラマツ,水涵保,None,網走南部,328,へ,7.9,None,小清水町,None,他Ｌ,水源涵養,0,144.447018,43.790339
None,トドマツ,水涵保,None,網走南部,324,の,5.38,None,小清水町,None,他Ｌ,水源涵養,0,144.464257,43.789731
None,他Ｌ,水涵保,None,網走南部,324,い,65.34,None,小清水町,天トドマツ,天エゾマツ,水源涵養,0,144.459657,43.784183
None,天トドマツ,水涵保,None,網走南部,319,し,0.52,None,小清水町,None,他Ｌ,水源涵養,0,144.463272,43.785855
None,トドマツ,水涵保,None,網走南部,319,わ,0.72,None,小清水町,None,他Ｌ,水源涵養,0,144.462235,43.784834
None,トドマツ,水涵保,None,網走南部,324,く,4.92,None,小清水町,None,他Ｌ,水源涵養,0,144.461662,43.787237
None,天トドマツ,水涵保,None,網走南部,324,お,2.25,None,小清水町,None,他Ｌ,水源涵養,0,144.460565,43.78909
None,他Ｌ,水涵保,None,網走南部,324,い,65.34,None,小清水町,天トドマツ,天エゾマツ,水源涵養,0,144.456413,43.784667
None,トドマツ,水涵保,None,網走南部,324,わ,4.81,None,小清水町,None,他Ｌ,水源涵養,0,144.458544,43.787454
None,トドマツ,水涵保,None,網走南部,324,わ,4.81,None,小清水町,None,他Ｌ,水源涵養,0,144.45958,43.785963
None,トドマツ,水涵保,None,網走南部,324,か,3.89,None,小清水町,None,他Ｌ,水源涵養,0,144.458916,43.784981
None,トドマツ,水涵保,None,網走南部,324,か,3.89,None,小清水町,None,他Ｌ,水源涵養,0,144.456905,43.785649
None,ニレ,水涵保,None,網走南部,319,き,1.7,None,小清水町,オニグルミ,トドマツ,水源涵養,1,144.464366,43.783832
None,トドマツ,水涵保,None,網走南部,319,き,4.54,None,小清水町,None,他Ｌ,水源涵養,0,144.464525,43.782383
None,トドマツ,水涵保,None,網走南部,319,さ,6.64,None,小清水町,None,他Ｌ,水源涵養,0,144.462057,43.783302
None,None,水涵保,None,網走南部,319,ハ,11.19,None,小清水町,None,None,水源涵養,0,144.462838,43.78211
None,天トドマツ,水涵保,None,網走南部,319,と,11.23,None,小清水町,シナノキ,他Ｌ,水源涵養,0,144.460968,43.782213
None,トドマツ,水涵保,None,網走南部,319,う,7.29,None,小清水町,None,他Ｌ,水源涵養,0,144.461612,43.780542
None,None,水涵保,None,網走南部,319,ハ,11.19,None,小清水町,None,None,水源涵養,0,144.461002,43.778966
None,シナノキ,水涵保,None,網走南部,325,り,3.67,None,小清水町,天トドマツ,他Ｌ,水源涵養,0,144.458128,43.780959
None,None,None,None,網走南部,324,ロ,4.14,None,小清水町,None,None,水源涵養,0,144.460244,43.787906
None,トドマツ,水涵保,None,網走南部,319,ひ,0.43,None,小清水町,None,他Ｌ,水源涵養,0,144.45889,43.780002
None,トドマツ,水涵保,None,網走南部,324,ぬ,3.95,None,小清水町,None,他Ｌ,水源涵養,0,144.456051,43.789478
None,カラマツ,水涵保,None,網走南部,328,に,8.79,None,小清水町,None,他Ｌ,水源涵養,0,144.4535,43.78844
None,カラマツ,水涵保,None,網走南部,328,ほ,12.8,None,小清水町,None,他Ｌ,水源涵養,0,144.45115,43.788299
None,カラマツ,水涵保,None,網走南部,328,ほ,12.8,None,小清水町,None,他Ｌ,水源涵養,0,144.449388,43.789388
None,カラマツ,水涵保,None,網走南部,328,り,9.21,None,小清水町,None,他Ｌ,水源涵養,0,144.452043,43.784724
None,カラマツ,水涵保,None,網走南部,328,ほ,12.8,None,小清水町,None,他Ｌ,水源涵養,0,144.449818,43.786844
None,カラマツ,水涵保,None,網走南部,328,り,9.21,None,小清水町,None,他Ｌ,水源涵養,0,144.450261,43.784273
None,天エゾマツ,水涵保,None,網走南部,325,い,129.57,None,小清水町,他Ｌ,天トドマツ,水源涵養,0,144.456721,43.783988
None,天トドマツ,水涵保,None,網走南部,325,ち,3.19,None,小清水町,None,他Ｌ,水源涵養,0,144.456414,43.783031
None,トドマツ,水涵保,None,網走南部,325,ろ,3.43,None,小清水町,None,他Ｌ,水源涵養,0,144.455197,43.78403
None,トドマツ,水涵保,None,網走南部,325,ろ,3.43,None,小清水町,None,他Ｌ,水源涵養,0,144.456904,43.782174
None,天トドマツ,水涵保,None,網走南部,325,ち,3.19,None,小清水町,None,他Ｌ,水源涵養,0,144.454912,43.782046
None,トドマツ,水涵保,None,網走南部,325,は,1.87,None,小清水町,None,他Ｌ,水源涵養,0,144.455094,43.780725
None,トドマツ,水涵保,None,網走南部,325,は,1.87,None,小清水町,None,他Ｌ,水源涵養,0,144.453851,43.781061
None,トドマツ,水涵保,None,網走南部,325,に,2.93,None,小清水町,None,他Ｌ,水源涵養,0,144.454882,43.779219
None,トドマツ,水涵保,None,網走南部,328,ふ,1.53,None,小清水町,他Ｌ,アカエゾマツ,水源涵養,0,144.450222,43.782212
None,天トドマツ,水涵保,None,網走南部,328,れ,74.52,None,小清水町,シナノキ,他Ｌ,水源涵養,0,144.454619,43.790375
None,アカエゾマツ,水涵保,None,網走南部,328,や,3.09,None,小清水町,None,他Ｌ,水源涵養,0,144.451778,43.779478
None,カラマツ,水涵保,None,網走南部,328,ぬ,5.76,None,小清水町,None,他Ｌ,水源涵養,0,144.450914,43.781308
None,トドマツ,水涵保,None,網走南部,328,ふ,1.53,None,小清水町,他Ｌ,アカエゾマツ,水源涵養,0,144.449491,43.780317
None,トドマツ,水涵保,None,網走南部,319,い,15.4,None,小清水町,None,他Ｌ,水源涵養,0,144.464747,43.777281
None,トドマツ,水涵保,None,網走南部,319,ろ,7.8,None,小清水町,None,他Ｌ,水源涵養,0,144.461634,43.777717
None,天トドマツ,水涵保,None,網走南部,319,ち,44.53,None,小清水町,天エゾマツ,他Ｌ,水源涵養,0,144.463809,43.774084
None,トドマツ,水涵保,None,網走南部,319,う,7.29,None,小清水町,None,他Ｌ,水源涵養,0,144.460108,43.780804
None,カラマツ,水涵保,None,網走南部,319,め,5.99,None,小清水町,None,他Ｌ,水源涵養,0,144.457209,43.776048
None,天トドマツ,水涵保,None,網走南部,319,ら,4.25,None,小清水町,None,他Ｌ,水源涵養,0,144.464948,43.771936
None,トドマツ,水涵保,None,網走南部,319,な,14.98,None,小清水町,None,他Ｌ,水源涵養,0,144.462615,43.769044
None,None,None,None,網走南部,319,イ,14.62,None,小清水町,None,None,水源涵養,0,144.467907,43.771596
None,天トドマツ,水涵保,None,網走南部,319,む,2.51,None,小清水町,None,他Ｌ,水源涵養,0,144.46233,43.77014
None,カラマツ,水涵保,None,網走南部,319,に,21.89,None,小清水町,None,他Ｌ,水源涵養,0,144.459471,43.774
None,シナノキ,水涵保,None,網走南部,325,ぬ,2.63,None,小清水町,天トドマツ,他Ｌ,水源涵養,0,144.456953,43.779147
None,トドマツ,水涵保,None,網走南部,325,に,2.93,None,小清水町,None,他Ｌ,水源涵養,0,144.453567,43.779202
None,トドマツ,水涵保,None,網走南部,325,ほ,3.78,None,小清水町,None,None,水源涵養,0,144.453716,43.777167
None,カラマツ,水涵保,None,網走南部,319,め,5.99,None,小清水町,None,他Ｌ,水源涵養,0,144.454492,43.772312
None,None,水涵保,None,網走南部,319,ハ,11.19,None,小清水町,None,None,水源涵養,0,144.456698,43.773192
None,天トドマツ,水涵保,None,網走南部,319,ち,44.53,None,小清水町,天エゾマツ,他Ｌ,水源涵養,0,144.457587,43.777733
None,他Ｌ,水涵保,None,網走南部,325,る,2.0,None,小清水町,天トドマツ,シナノキ,水源涵養,0,144.45336,43.774661
None,トドマツ,水涵保,None,網走南部,325,ほ,3.78,None,小清水町,None,None,水源涵養,0,144.451154,43.775761
None,None,水涵保,None,網走南部,328,ロ,2.11,None,小清水町,None,None,水源涵養,0,144.450721,43.779133
None,アカエゾマツ,水涵保,None,網走南部,328,ま,4.9,None,小清水町,他Ｌ,カラマツ,水源涵養,0,144.450648,43.778007
None,トドマツ,水涵保,None,網走南部,325,ほ,3.78,None,小清水町,None,None,水源涵養,0,144.452975,43.77624
None,トドマツ,水涵保,None,網走南部,325,へ,3.68,None,小清水町,None,None,水源涵養,0,144.450334,43.773211
None,トドマツ,水涵保,None,網走南部,325,へ,3.68,None,小清水町,None,None,水源涵養,0,144.449715,43.774545
None,カラマツ,水涵保,None,網走南部,319,め,5.99,None,小清水町,None,他Ｌ,水源涵養,0,144.455882,43.773177
None,アカエゾマツ,水涵保,None,網走南部,320,る,0.3,None,小清水町,None,None,水源涵養,0,144.455338,43.768898
None,トドマツ,水涵保,None,網走南部,320,ろ,7.6,None,小清水町,None,他Ｌ,水源涵養,0,144.453898,43.768045
None,トドマツ,水涵保,None,網走南部,325,お,2.99,None,小清水町,None,他Ｌ,水源涵養,0,144.452935,43.773672
None,トドマツ,水涵保,None,網走南部,325,お,2.99,None,小清水町,None,他Ｌ,水源涵養,0,144.45201,43.773166
None,トドマツ,水涵保,None,網走南部,325,お,2.99,None,小清水町,None,他Ｌ,水源涵養,0,144.452103,43.77135
None,トドマツ,水涵保,None,網走南部,325,わ,2.7,None,小清水町,None,他Ｌ,水源涵養,0,144.450163,43.77029
None,トドマツ,水涵保,None,網走南部,325,わ,2.7,None,小清水町,None,他Ｌ,水源涵養,0,144.450816,43.770119
None,トドマツ,水涵保,None,網走南部,325,わ,2.7,None,小清水町,None,他Ｌ,水源涵養,0,144.449698,43.769351
None,カラマツ,水涵保,None,網走南部,328,む,0.28,None,小清水町,None,他Ｌ,水源涵養,0,144.446569,43.787664
None,カラマツ,水涵保,None,網走南部,328,へ,7.9,None,小清水町,None,他Ｌ,水源涵養,0,144.448291,43.787002
None,トドマツ,水涵保,None,網走南部,328,う,1.61,None,小清水町,他Ｌ,カラマツ,水源涵養,0,144.447287,43.786483
None,カラマツ,水涵保,None,網走南部,328,ち,5.61,None,小清水町,None,他Ｌ,水源涵養,0,144.446737,43.78612
None,トドマツ,水涵保,None,網走南部,328,の,0.63,None,小清水町,None,他Ｌ,水源涵養,0,144.446325,43.785511
None,カラマツ,水涵保,None,網走南部,328,ち,5.61,None,小清水町,None,他Ｌ,水源涵養,0,144.446246,43.784679
None,カラマツ,水涵保,None,網走南部,328,と,11.65,None,小清水町,None,他Ｌ,水源涵養,0,144.44485,43.788761
None,カラマツ,水涵保,None,網走南部,328,と,11.65,None,小清水町,None,他Ｌ,水源涵養,0,144.444982,43.785536
None,トドマツ,水涵保,None,網走南部,328,く,1.75,None,小清水町,None,他Ｌ,水源涵養,0,144.448488,43.783367
None,カラマツ,水涵保,None,網走南部,328,ち,5.61,None,小清水町,None,他Ｌ,水源涵養,0,144.44728,43.783486
None,None,水涵保,None,網走南部,328,ロ,2.11,None,小清水町,None,None,水源涵養,0,144.446663,43.784262
None,カラマツ,水涵保,None,網走南部,328,る,9.86,None,小清水町,None,他Ｌ,水源涵養,0,144.446698,43.779255
None,カラマツ,水涵保,None,網走南部,328,ぬ,5.76,None,小清水町,None,他Ｌ,水源涵養,0,144.448688,43.780238
None,カラマツ,水涵保,None,網走南部,329,ろ,6.38,None,小清水町,None,他Ｌ,水源涵養,0,144.443705,43.780705
None,トドマツ,水涵保,None,網走南部,328,た,2.38,None,小清水町,None,他Ｌ,水源涵養,0,144.440214,43.78468
None,カラマツ,水涵保,None,網走南部,329,た,6.73,None,小清水町,None,他Ｌ,水源涵養,0,144.4395,43.782231
None,カラマツ,水涵保,None,網走南部,328,お,5.9,None,小清水町,None,他Ｌ,水源涵養,0,144.448754,43.778581
None,天トドマツ,水涵保,None,網走南部,328,れ,74.52,None,小清水町,シナノキ,他Ｌ,水源涵養,0,144.446995,43.788113
None,カラマツ,水涵保,None,網走南部,329,は,8.82,None,小清水町,None,他Ｌ,水源涵養,0,144.443973,43.778503
None,None,水涵保,None,網走南部,329,ロ,0.52,None,小清水町,None,None,水源涵養,0,144.442363,43.781628
None,カラマツ,水涵保,None,網走南部,329,ほ,4.78,None,小清水町,None,他Ｌ,水源涵養,0,144.441785,43.779008
None,カラマツ,水涵保,None,網走南部,329,は,8.82,None,小清水町,None,他Ｌ,水源涵養,0,144.443039,43.777303
None,トドマツ,水涵保,None,網走南部,328,な,2.54,None,小清水町,他Ｌ,カラマツ,水源涵養,0,144.448373,43.774502
None,カラマツ,水涵保,None,網走南部,328,わ,7.58,None,小清水町,None,他Ｌ,水源涵養,0,144.447061,43.773665
None,トドマツ,水涵保,None,網走南部,325,と,3.93,None,小清水町,None,他Ｌ,水源涵養,0,144.449016,43.771105
None,トドマツ,水涵保,None,網走南部,325,と,3.93,None,小清水町,None,他Ｌ,水源涵養,0,144.447382,43.769623
None,None,None,None,網走南部,325,イ,5.14,None,小清水町,None,None,水源涵養,0,144.456109,43.781931
None,カラマツ,水涵保,None,網走南部,329,に,12.82,None,小清水町,None,他Ｌ,水源涵養,0,144.443412,43.773418
None,トドマツ,水涵保,None,網走南部,328,ら,3.44,None,小清水町,None,他Ｌ,水源涵養,0,144.4451,43.769779
None,カラマツ,水涵保,None,網走南部,328,か,8.42,None,小清水町,None,他Ｌ,水源涵養,0,144.443071,43.770041
None,カラマツ,水涵保,None,網走南部,329,へ,9.78,None,小清水町,None,他Ｌ,水源涵養,0,144.438972,43.775946
None,カラマツ,水涵保,None,網走南部,329,そ,3.58,None,小清水町,None,他Ｌ,水源涵養,0,144.437169,43.777631
None,カラマツ,水涵保,None,網走南部,329,と,12.78,None,小清水町,None,他Ｌ,水源涵養,0,144.439449,43.772453
None,天トドマツ,水涵保,None,網走南部,328,れ,74.52,None,小清水町,シナノキ,他Ｌ,水源涵養,0,144.440582,43.766575
None,天トドマツ,水涵保,None,網走南部,329,い,59.03,None,小清水町,シナノキ,他Ｌ,水源涵養,0,144.439016,43.769846
None,アカエゾマツ,水涵保,None,網走南部,329,ね,1.56,None,小清水町,None,他Ｌ,水源涵養,0,144.43773,43.769218
None,トドマツ,水涵保,None,網走南部,329,ち,10.07,None,小清水町,None,他Ｌ,水源涵養,0,144.436724,43.76787
None,None,None,None,網走南部,329,イ,5.9,None,小清水町,None,None,水源涵養,0,144.440778,43.781612
None,カラマツ,水涵保,None,網走南部,343,そ,6.31,None,小清水町,None,他Ｌ,水源涵養,0,144.404536,43.789493
None,None,None,None,網走南部,331,ハ,0.01,None,小清水町,None,None,水源涵養,0,144.426419,43.784509
None,天エゾマツ,水涵保,None,網走南部,331,の,9.48,None,小清水町,シナノキ,天トドマツ,水源涵養,0,144.426563,43.779872
None,他Ｌ,水涵保,None,網走南部,340,つ,0.79,None,小清水町,None,None,水源涵養,0,144.420496,43.789508
None,トドマツ,水涵保,None,網走南部,340,ろ,14.51,None,小清水町,None,他Ｌ,水源涵養,0,144.41867,43.788573
None,トドマツ,水涵保,None,網走南部,331,は,8.78,None,小清水町,None,None,水源涵養,0,144.424353,43.780605
None,グイマツ,水涵保,None,網走南部,331,に,7.94,None,小清水町,None,他Ｌ,水源涵養,0,144.422576,43.779919
None,トドマツ,水涵保,None,網走南部,331,つ,5.15,None,小清水町,None,None,水源涵養,0,144.421977,43.783544
None,トドマツ,水涵保,None,網走南部,340,は,9.25,None,小清水町,None,他Ｌ,水源涵養,0,144.418827,43.784187
None,アカエゾマツ,水涵保,None,網走南部,331,け,1.86,None,小清水町,None,None,水源涵養,0,144.421711,43.778875
None,トドマツ,水涵保,None,網走南部,331,う,2.96,None,小清水町,None,None,水源涵養,0,144.419883,43.779984
None,天トドマツ,水涵保,None,網走南部,331,ろ,86.42,None,小清水町,シナノキ,他Ｌ,水源涵養,0,144.418576,43.776976
None,天エゾマツ,水涵保,None,網走南部,331,く,7.88,None,小清水町,シナノキ,天トドマツ,水源涵養,0,144.424413,43.774295
None,None,None,None,網走南部,331,イ,8.32,None,小清水町,None,None,水源涵養,0,144.415968,43.760589
None,グイマツ,水涵保,None,網走南部,331,に,7.94,None,小清水町,None,他Ｌ,水源涵養,0,144.421617,43.77725
None,カラマツ,水涵保,None,網走南部,331,ほ,10.46,None,小清水町,None,他Ｌ,水源涵養,0,144.420856,43.774012
None,アカエゾマツ,水涵保,None,網走南部,331,ふ,1.04,None,小清水町,他Ｌ,カラマツ,水源涵養,0,144.418806,43.773674
None,アカエゾマツ,水涵保,None,網走南部,331,こ,3.12,None,小清水町,他Ｌ,カラマツ,水源涵養,0,144.418173,43.770991
None,天トドマツ,水涵保,None,網走南部,331,い,11.1,None,小清水町,シナノキ,天エゾマツ,水源涵養,0,144.421439,43.770172
None,カラマツ,水涵保,None,網走南部,331,へ,7.13,None,小清水町,None,他Ｌ,水源涵養,0,144.419112,43.770325
None,トドマツ,水涵保,None,網走南部,340,へ,13.43,None,小清水町,None,他Ｌ,水源涵養,0,144.414512,43.787548
None,トドマツ,水涵保,None,網走南部,340,ほ,9.64,None,小清水町,None,他Ｌ,水源涵養,0,144.415647,43.783259
None,トドマツ,水涵保,None,網走南部,340,に,4.43,None,小清水町,None,他Ｌ,水源涵養,0,144.417736,43.779727
None,他Ｌ,水涵保,None,網走南部,340,そ,38.24,None,小清水町,シナノキ,天トドマツ,水源涵養,0,144.41548,43.78974
None,トドマツ,水涵保,None,網走南部,340,た,4.87,None,小清水町,None,他Ｌ,水源涵養,0,144.415397,43.779966
None,トドマツ,水涵保,None,網走南部,343,わ,3.04,None,小清水町,None,他Ｌ,水源涵養,0,144.404714,43.785679
None,None,None,None,網走南部,343,ロ,0.62,None,小清水町,None,None,水源涵養,0,144.403984,43.786658
None,カラマツ,水涵保,None,網走南部,343,ち,13.58,None,小清水町,None,他Ｌ,水源涵養,0,144.407326,43.783825
None,None,None,None,網走南部,343,イ,1.48,None,小清水町,None,None,水源涵養,0,144.405518,43.784853
None,他Ｌ,水涵保,None,網走南部,343,い,34.29,None,小清水町,シナノキ,天トドマツ,水源涵養,0,144.405479,43.781854
None,トドマツ,水涵保,None,網走南部,343,る,5.51,None,小清水町,None,他Ｌ,水源涵養,0,144.40411,43.781802
None,他Ｌ,水涵保,None,網走南部,343,い,34.29,None,小清水町,シナノキ,天トドマツ,水源涵養,0,144.4002,43.780797
None,他Ｌ,水涵保,None,網走南部,344,ろ,32.34,None,小清水町,シナノキ,天トドマツ,水源涵養,0,144.40389,43.780023
None,トドマツ,水涵保,None,網走南部,340,ぬ,6.41,None,小清水町,None,他Ｌ,水源涵養,0,144.417071,43.777356
None,アカエゾマツ,水涵保,None,網走南部,340,か,1.93,None,小清水町,他Ｌ,トドマツ,水源涵養,0,144.415057,43.776422
None,トドマツ,水涵保,None,網走南部,340,れ,12.39,None,小清水町,None,他Ｌ,水源涵養,0,144.411371,43.778991
None,トドマツ,水涵保,None,網走南部,340,る,6.54,None,小清水町,None,他Ｌ,水源涵養,0,144.412381,43.777145
None,トドマツ,水涵保,None,網走南部,340,り,4.75,None,小清水町,None,他Ｌ,水源涵養,0,144.412957,43.775971
None,カラマツ,水涵保,None,網走南部,341,り,8.9,None,小清水町,None,他Ｌ,水源涵養,0,144.411608,43.773219
None,天トドマツ,水涵保,None,網走南部,341,へ,103.06,None,小清水町,天エゾマツ,他Ｌ,水源涵養,0,144.415389,43.774113
None,トドマツ,水涵保,None,網走南部,331,と,5.28,None,小清水町,None,None,水源涵養,0,144.416632,43.773155
None,アカエゾマツ,水涵保,None,網走南部,331,え,2.65,None,小清水町,トドマツ,他Ｌ,水源涵養,0,144.416185,43.770831
None,天トドマツ,水涵保,None,網走南部,341,へ,103.06,None,小清水町,天エゾマツ,他Ｌ,水源涵養,0,144.414634,43.769385
None,天トドマツ,水涵保,None,網走南部,331,ろ,86.42,None,小清水町,シナノキ,他Ｌ,水源涵養,0,144.416777,43.766854
None,他Ｌ,水涵保,None,網走南部,344,ろ,32.34,None,小清水町,シナノキ,天トドマツ,水源涵養,0,144.404441,43.773922
None,トドマツ,水涵保,None,網走南部,344,は,20.19,None,小清水町,None,他Ｌ,水源涵養,0,144.40677,43.775222
None,カラマツ,水涵保,None,網走南部,344,い,12.82,None,小清水町,トドマツ,他Ｌ,水源涵養,0,144.403035,43.776181
None,カラマツ,水涵保,None,網走南部,341,は,8.37,None,小清水町,None,他Ｌ,水源涵養,0,144.409546,43.772081
None,カラマツ,水涵保,None,網走南部,341,ぬ,5.67,None,小清水町,トドマツ,他Ｌ,水源涵養,0,144.407503,43.768913
None,トドマツ,水涵保,None,網走南部,344,ち,6.04,None,小清水町,None,他Ｌ,水源涵養,0,144.40456,43.77087
None,None,None,None,網走南部,344,イ,6.06,None,小清水町,None,None,水源涵養,0,144.403276,43.772485
None,カラマツ,水涵保,None,網走南部,343,と,8.96,None,小清水町,None,他Ｌ,水源涵養,0,144.401364,43.796767
None,カラマツ,水涵保,None,網走南部,343,つ,0.43,None,小清水町,None,他Ｌ,水源涵養,0,144.400793,43.79572
None,他Ｌ,水涵保,None,網走南部,343,た,0.88,None,小清水町,ダケカンバ,シナノキ,水源涵養,0,144.401493,43.797632
None,カラマツ,水涵保,None,網走南部,343,か,3.39,None,小清水町,None,他Ｌ,水源涵養,0,144.401163,43.793828
None,他Ｌ,水涵保,None,網走南部,343,い,34.29,None,小清水町,シナノキ,天トドマツ,水源涵養,0,144.401555,43.792758
None,ストローブマツ,水涵保,None,網走南部,343,り,9.3,None,小清水町,None,他Ｌ,水源涵養,0,144.402315,43.79076
None,カラマツ,水涵保,None,網走南部,343,よ,10.73,None,小清水町,None,他Ｌ,水源涵養,0,144.398471,43.79093
None,カラマツ,水涵保,None,網走南部,343,れ,8.99,None,小清水町,None,他Ｌ,水源涵養,0,144.398228,43.795721
None,カラマツ,水涵保,None,網走南部,343,ろ,9.4,None,小清水町,None,他Ｌ,水源涵養,0,144.395995,43.794524
None,他Ｌ,水涵保,None,網走南部,347,ろ,6.07,None,小清水町,シナノキ,天トドマツ,水源涵養,0,144.390715,43.796453
None,他Ｌ,水涵保,None,網走南部,347,つ,1.79,None,小清水町,天トドマツ,シナノキ,水源涵養,0,144.392874,43.796691
None,トドマツ,水涵保,None,網走南部,347,い,17.41,None,小清水町,None,他Ｌ,水源涵養,0,144.392863,43.794971
None,トドマツ,水涵保,None,網走南部,347,に,11.65,None,小清水町,None,他Ｌ,水源涵養,0,144.390636,43.794069
None,トドマツ,水涵保,None,網走南部,347,い,17.41,None,小清水町,None,他Ｌ,水源涵養,0,144.391141,43.793292
None,他Ｌ,水涵保,None,網走南部,347,ろ,6.07,None,小清水町,シナノキ,天トドマツ,水源涵養,0,144.393191,43.791383
None,トドマツ,水涵保,None,網走南部,347,ほ,11.24,None,小清水町,None,他Ｌ,水源涵養,0,144.39823,43.786079
None,トドマツ,水涵保,None,網走南部,347,は,19.05,None,小清水町,None,他Ｌ,水源涵養,0,144.395216,43.789793
None,天エゾマツ,水涵保,None,網走南部,347,わ,4.86,None,小清水町,他Ｌ,天トドマツ,水源涵養,0,144.395594,43.78631
None,カラマツ,水涵保,None,網走南部,343,ぬ,19.73,None,小清水町,None,他Ｌ,水源涵養,0,144.401709,43.78369
None,トドマツ,水涵保,None,網走南部,347,る,6.44,None,小清水町,None,他Ｌ,水源涵養,0,144.395657,43.784487
None,天エゾマツ,水涵保,None,網走南部,347,ね,5.39,None,小清水町,他Ｌ,天トドマツ,水源涵養,0,144.39868,43.782268
None,トドマツ,水涵保,None,網走南部,347,と,22.97,None,小清水町,None,他Ｌ,水源涵養,0,144.397494,43.779541
None,トドマツ,水涵保,None,網走南部,347,に,11.65,None,小清水町,None,他Ｌ,水源涵養,0,144.391865,43.786941
None,他Ｌ,水涵保,None,網走南部,347,つ,1.79,None,小清水町,天トドマツ,シナノキ,水源涵養,0,144.390544,43.784694
None,天エゾマツ,水涵保,None,網走南部,347,ね,5.39,None,小清水町,他Ｌ,天トドマツ,水源涵養,0,144.393933,43.783232
None,カラマツ,水涵保,None,網走南部,347,へ,9.02,None,小清水町,None,他Ｌ,水源涵養,0,144.392741,43.784466
None,トドマツ,水涵保,None,網走南部,347,と,22.97,None,小清水町,None,他Ｌ,水源涵養,0,144.394297,43.780858
None,トドマツ,水涵保,None,網走南部,347,ち,5.78,None,小清水町,None,他Ｌ,水源涵養,0,144.393258,43.779424
None,None,水涵保,None,網走南部,347,イ,0.65,None,小清水町,None,None,水源涵養,0,144.391877,43.778215
None,トドマツ,水涵保,None,網走南部,347,ち,5.78,None,小清水町,None,他Ｌ,水源涵養,0,144.390897,43.779987
None,カラマツ,水涵保,None,網走南部,347,へ,9.02,None,小清水町,None,他Ｌ,水源涵養,0,144.390703,43.783168
None,天エゾマツ,水涵保,None,網走南部,348,い,18.75,None,小清水町,ダケカンバ,天トドマツ,水源涵養,0,144.387005,43.777608
None,天トドマツ,水涵保,None,網走南部,348,と,10.8,None,小清水町,他Ｌ,天エゾマツ,水源涵養,0,144.388469,43.7794
None,トドマツ,水涵保,None,網走南部,343,ね,7.38,None,小清水町,None,他Ｌ,水源涵養,0,144.400939,43.778392
None,他Ｌ,水涵保,None,網走南部,344,ろ,32.34,None,小清水町,シナノキ,天トドマツ,水源涵養,0,144.402364,43.774262
None,トドマツ,水涵保,None,網走南部,347,な,3.77,None,小清水町,None,他Ｌ,水源涵養,0,144.399429,43.776061
None,他Ｌ,水涵保,None,網走南部,347,ら,32.73,None,小清水町,シナノキ,天トドマツ,水源涵養,0,144.397294,43.776676
None,トドマツ,水涵保,None,網走南部,347,よ,15.57,None,小清水町,None,他Ｌ,水源涵養,0,144.395205,43.774427
None,カラマツ,水涵保,None,網走南部,344,に,3.78,None,小清水町,None,他Ｌ,水源涵養,0,144.401435,43.773401
None,カラマツ,水涵保,None,網走南部,344,と,4.05,None,小清水町,None,他Ｌ,水源涵養,0,144.401044,43.771948
None,他Ｌ,水涵保,None,網走南部,344,ろ,32.34,None,小清水町,シナノキ,天トドマツ,水源涵養,0,144.401239,43.770404
None,カラマツ,水涵保,None,網走南部,344,ほ,8.87,None,小清水町,None,他Ｌ,水源涵養,0,144.399404,43.769008
None,トドマツ,水涵保,None,網走南部,347,よ,15.57,None,小清水町,None,他Ｌ,水源涵養,0,144.397623,43.773309
None,ストローブマツ,水涵保,None,網走南部,347,そ,4.77,None,小清水町,None,他Ｌ,水源涵養,0,144.394946,43.770815
None,カラマツ,水涵保,None,網走南部,347,た,8.35,None,小清水町,None,他Ｌ,水源涵養,0,144.394684,43.769064
None,他Ｌ,水涵保,None,網走南部,347,ら,32.73,None,小清水町,シナノキ,天トドマツ,水源涵養,0,144.393966,43.778252
None,他Ｌ,水涵保,None,網走南部,347,ら,32.73,None,小清水町,シナノキ,天トドマツ,水源涵養,0,144.391251,43.778464
None,ストローブマツ,水涵保,None,網走南部,347,ぬ,13.54,None,小清水町,None,他Ｌ,水源涵養,0,144.392969,43.776683
None,ストローブマツ,水涵保,None,網走南部,347,ぬ,13.54,None,小清水町,None,他Ｌ,水源涵養,0,144.391001,43.775113
None,トドマツ,水涵保,None,網走南部,347,り,2.77,None,小清水町,None,他Ｌ,水源涵養,0,144.390597,43.777263
None,カラマツ,水涵保,None,網走南部,348,へ,10.4,None,小清水町,None,None,水源涵養,0,144.388626,43.771985
None,他Ｌ,水涵保,None,網走南部,347,ら,32.73,None,小清水町,シナノキ,天トドマツ,水源涵養,0,144.393984,43.772875
None,ストローブマツ,水涵保,None,網走南部,347,そ,4.77,None,小清水町,None,他Ｌ,水源涵養,0,144.393821,43.771782
None,ストローブマツ,水涵保,None,網走南部,347,む,3.03,None,小清水町,None,他Ｌ,水源涵養,0,144.391963,43.772301
None,カラマツ,水涵保,None,網走南部,347,た,8.35,None,小清水町,None,他Ｌ,水源涵養,0,144.393294,43.769083
None,他Ｌ,水涵保,None,網走南部,347,ら,32.73,None,小清水町,シナノキ,天トドマツ,水源涵養,0,144.390558,43.773037
None,アカエゾマツ,水涵保,None,網走南部,347,か,7.26,None,小清水町,None,他Ｌ,水源涵養,0,144.392077,43.769073
None,カラマツ,水涵保,None,網走南部,348,ほ,10.15,None,小清水町,None,None,水源涵養,0,144.388058,43.76941
None,アカエゾマツ,水涵保,None,網走南部,348,に,2.85,None,小清水町,None,他Ｌ,水源涵養,0,144.385525,43.769108
None,他Ｌ,水涵保,None,網走南部,306,え,3.49,None,小清水町,トドマツ,ヤチダモ,水源涵養,0,144.493138,43.767573
None,トドマツ,水涵保,None,網走南部,306,ち,10.71,None,小清水町,None,他Ｌ,水源涵養,0,144.490888,43.767275
None,他Ｌ,水涵保,None,網走南部,306,ろ,29.87,None,小清水町,シナノキ,天トドマツ,水源涵養,0,144.487797,43.76621
None,アカエゾマツ,水涵保,None,網走南部,306,き,1.57,None,小清水町,None,他Ｌ,水源涵養,0,144.488304,43.765053
None,天トドマツ,水涵保,None,網走南部,302,と,124.77,None,小清水町,他Ｌ,天エゾマツ,水源涵養,0,144.494132,43.763231
None,トドマツ,水涵保,None,網走南部,306,り,20.19,None,小清水町,None,他Ｌ,水源涵養,0,144.488707,43.760351
None,カラマツ,水涵保,None,網走南部,306,の,8.81,None,小清水町,None,他Ｌ,水源涵養,0,144.487087,43.767448
None,None,None,None,網走南部,306,イ,5.1,None,小清水町,None,None,水源涵養,0,144.48691,43.762945
None,トドマツ,水涵保,None,網走南部,306,ぬ,16.9,None,小清水町,None,他Ｌ,水源涵養,0,144.485979,43.765605
None,他Ｌ,水涵保,None,網走南部,307,つ,19.45,None,小清水町,シナノキ,天トドマツ,水源涵養,0,144.480844,43.766792
None,カラマツ,水涵保,None,網走南部,307,よ,14.62,None,小清水町,天トドマツ,他Ｌ,水源涵養,0,144.48253,43.764071
None,トドマツ,水涵保,None,網走南部,306,ぬ,16.9,None,小清水町,None,他Ｌ,水源涵養,0,144.486827,43.758144
None,天トドマツ,水涵保,None,網走南部,306,ま,4.57,None,小清水町,シナノキ,他Ｌ,水源涵養,0,144.484827,43.763523
None,トドマツ,水涵保,None,網走南部,306,る,8.65,None,小清水町,None,他Ｌ,水源涵養,0,144.484232,43.758811
None,他Ｌ,水涵保,None,網走南部,307,つ,19.45,None,小清水町,シナノキ,天トドマツ,水源涵養,0,144.484172,43.765706
None,天エゾマツ,保健保,None,網走南部,302,い,56.78,None,小清水町,ニレ,天トドマツ,森林空間利用,0,144.493837,43.756233
None,None,None,None,網走南部,302,イ,2.87,None,小清水町,None,None,森林空間利用,0,144.494346,43.756986
None,None,None,None,網走南部,302,イ,2.87,None,小清水町,None,None,森林空間利用,0,144.492612,43.754984
None,None,None,None,網走南部,302,イ,2.87,None,小清水町,None,None,森林空間利用,0,144.490489,43.752948
None,天トドマツ,水涵保,None,網走南部,301,へ,66.01,None,小清水町,他Ｌ,シナノキ,水源涵養,0,144.491445,43.742558
None,天エゾマツ,保健保,None,網走南部,301,は,36.88,None,小清水町,天トドマツ,ニレ,森林空間利用,0,144.491051,43.7521
None,None,None,None,網走南部,302,イ,2.87,None,小清水町,None,None,森林空間利用,0,144.489893,43.748164
None,天エゾマツ,保健保,None,網走南部,302,い,56.78,None,小清水町,ニレ,天トドマツ,森林空間利用,0,144.490055,43.748306
None,None,None,None,網走南部,302,イ,2.87,None,小清水町,None,None,森林空間利用,0,144.489797,43.747261
None,天トドマツ,水涵保,None,網走南部,306,わ,10.94,None,小清水町,天エゾマツ,他Ｌ,水源涵養,0,144.486162,43.756581
None,トドマツ,水涵保,None,網走南部,306,さ,15.92,None,小清水町,None,他Ｌ,水源涵養,0,144.485229,43.752804
None,天トドマツ,水涵保,None,網走南部,306,わ,10.94,None,小清水町,天エゾマツ,他Ｌ,水源涵養,0,144.484775,43.756703
None,トドマツ,水涵保,None,網走南部,306,よ,6.66,None,小清水町,None,他Ｌ,水源涵養,0,144.482573,43.755356
None,天トドマツ,水涵保,None,網走南部,308,ち,9.64,None,小清水町,他Ｌ,天エゾマツ,水源涵養,0,144.478292,43.756862
None,トドマツ,水涵保,None,網走南部,306,か,6.24,None,小清水町,None,他Ｌ,水源涵養,0,144.482101,43.751902
None,他Ｌ,水涵保,None,網走南部,306,た,4.06,None,小清水町,シナノキ,トドマツ,水源涵養,0,144.483323,43.75061
None,トドマツ,水涵保,None,網走南部,306,れ,7.53,None,小清水町,None,他Ｌ,水源涵養,0,144.48497,43.748935
None,他Ｌ,水涵保,None,網走南部,306,そ,5.66,None,小清水町,シナノキ,天トドマツ,水源涵養,0,144.483515,43.747215
None,None,None,None,網走南部,307,イ,0.45,None,小清水町,None,None,水源涵養,0,144.479784,43.768243
None,None,None,None,網走南部,307,イ,0.45,None,小清水町,None,None,水源涵養,0,144.479629,43.767751
None,他Ｌ,水涵保,None,網走南部,307,つ,19.45,None,小清水町,シナノキ,天トドマツ,水源涵養,0,144.479542,43.767335
None,None,None,None,網走南部,311,イ,0.3,None,小清水町,None,None,水源涵養,0,144.47941,43.767869
None,カラマツ,水涵保,None,網走南部,307,ら,6.31,None,小清水町,None,他Ｌ,水源涵養,0,144.480068,43.76593
None,カラマツ,水涵保,None,網走南部,307,ら,6.31,None,小清水町,None,他Ｌ,水源涵養,0,144.478492,43.764322
None,他Ｌ,水涵保,None,網走南部,307,つ,19.45,None,小清水町,シナノキ,天トドマツ,水源涵養,0,144.479074,43.762844
None,None,水涵保,None,網走南部,311,ハ,9.38,None,小清水町,None,None,水源涵養,0,144.475993,43.768347
None,カラマツ,水涵保,None,網走南部,311,り,23.59,None,小清水町,None,他Ｌ,水源涵養,0,144.474118,43.765642
None,トドマツ,水涵保,None,網走南部,311,は,5.12,None,小清水町,None,他Ｌ,水源涵養,0,144.472978,43.767087
None,カラマツ,水涵保,None,網走南部,311,り,23.59,None,小清水町,None,他Ｌ,水源涵養,0,144.476197,43.764786
None,他Ｌ,水涵保,None,網走南部,311,わ,42.98,None,小清水町,天トドマツ,天エゾマツ,水源涵養,0,144.472995,43.764431
None,None,None,None,網走南部,307,ロ,5.0,None,小清水町,None,None,水源涵養,0,144.472987,43.755854
None,他Ｌ,水涵保,None,網走南部,307,つ,19.45,None,小清水町,シナノキ,天トドマツ,水源涵養,0,144.47833,43.761093
None,トドマツ,水涵保,None,網走南部,307,れ,7.07,None,小清水町,None,他Ｌ,水源涵養,0,144.477139,43.760343
None,カラマツ,水涵保,None,網走南部,307,わ,16.11,None,小清水町,天トドマツ,他Ｌ,水源涵養,0,144.479852,43.759062
None,カラマツ,水涵保,None,網走南部,311,る,1.0,None,小清水町,None,他Ｌ,水源涵養,0,144.475094,43.762355
None,カラマツ,水涵保,None,網走南部,311,ぬ,10.94,None,小清水町,None,他Ｌ,水源涵養,0,144.473571,43.763079
None,トドマツ,水涵保,None,網走南部,311,く,4.15,None,小清水町,None,他Ｌ,水源涵養,0,144.473143,43.76086
None,天トドマツ,水涵保,None,網走南部,307,り,2.88,None,小清水町,None,他Ｌ,水源涵養,0,144.475615,43.758301
None,トドマツ,水涵保,None,網走南部,307,ち,6.28,None,小清水町,他Ｌ,アカエゾマツ,水源涵養,0,144.474157,43.757706
None,カラマツ,水涵保,None,網走南部,311,ろ,10.99,None,小清水町,None,他Ｌ,水源涵養,0,144.475857,43.770335
None,アカエゾマツ,水涵保,None,網走南部,311,や,0.84,None,小清水町,None,None,水源涵養,0,144.467675,43.767373
None,トドマツ,水涵保,None,網走南部,311,か,10.16,None,小清水町,None,他Ｌ,水源涵養,0,144.465477,43.765513
None,天トドマツ,水涵保,None,網走南部,319,い,0.38,None,小清水町,None,他Ｌ,水源涵養,1,144.464899,43.76764
None,トドマツ,水涵保,None,網走南部,311,お,1.4,None,小清水町,None,他Ｌ,水源涵養,0,144.471896,43.760816
None,他Ｌ,水涵保,None,網走南部,311,わ,42.98,None,小清水町,天トドマツ,天エゾマツ,水源涵養,0,144.470377,43.762384
None,カラマツ,水涵保,None,網走南部,311,い,14.09,None,小清水町,トドマツ,他Ｌ,水源涵養,0,144.470321,43.759241
None,None,None,None,網走南部,311,ロ,3.18,None,小清水町,None,None,水源涵養,0,144.458344,43.752782
None,他Ｌ,水涵保,None,網走南部,311,わ,42.98,None,小清水町,天トドマツ,天エゾマツ,水源涵養,0,144.467729,43.758125
None,カラマツ,水涵保,None,網走南部,311,の,13.97,None,小清水町,None,他Ｌ,水源涵養,0,144.467078,43.760236
None,カラマツ,水涵保,None,網走南部,311,の,13.97,None,小清水町,None,他Ｌ,水源涵養,0,144.466951,43.76209
None,アカエゾマツ,水涵保,None,網走南部,311,ち,1.0,None,小清水町,None,他Ｌ,水源涵養,0,144.46615,43.760146
None,アカエゾマツ,水涵保,None,網走南部,311,つ,1.4,None,小清水町,None,他Ｌ,水源涵養,0,144.466306,43.759135
None,None,水涵保,None,網走南部,308,ロ,5.07,None,小清水町,None,None,水源涵養,0,144.477686,43.756453
None,None,水涵保,None,網走南部,308,ロ,5.07,None,小清水町,None,None,水源涵養,0,144.477498,43.757164
None,カラマツ,水涵保,None,網走南部,308,い,17.35,None,小清水町,None,他Ｌ,水源涵養,0,144.479788,43.752342
None,None,水涵保,None,網走南部,308,ロ,5.07,None,小清水町,None,None,水源涵養,0,144.477917,43.754046
None,カラマツ,水涵保,None,網走南部,308,わ,7.35,None,小清水町,None,他Ｌ,水源涵養,0,144.476556,43.753413
None,他Ｌ,水涵保,None,網走南部,307,つ,19.45,None,小清水町,シナノキ,天トドマツ,水源涵養,0,144.477599,43.758213
None,カラマツ,水涵保,None,網走南部,307,か,8.45,None,小清水町,None,他Ｌ,水源涵養,0,144.474525,43.754633
None,トドマツ,水涵保,None,網走南部,307,と,2.29,None,小清水町,None,他Ｌ,水源涵養,0,144.473116,43.756727
None,トドマツ,None,None,網走南部,307,は,5.18,None,小清水町,None,他Ｌ,水源涵養,0,144.472856,43.753187
None,天トドマツ,水涵保,None,網走南部,308,ち,9.64,None,小清水町,他Ｌ,天エゾマツ,水源涵養,0,144.477014,43.75033
None,カラマツ,水涵保,None,網走南部,308,は,15.81,None,小清水町,None,他Ｌ,水源涵養,0,144.479074,43.748445
None,トドマツ,水涵保,None,網走南部,308,ろ,4.24,None,小清水町,None,他Ｌ,水源涵養,0,144.474454,43.751884
None,None,水涵保,None,網走南部,308,ロ,5.07,None,小清水町,None,None,水源涵養,0,144.474855,43.750997
None,天トドマツ,水涵保,None,網走南部,308,ち,9.64,None,小清水町,他Ｌ,天エゾマツ,水源涵養,0,144.474226,43.750169
None,カラマツ,水涵保,None,網走南部,308,は,15.81,None,小清水町,None,他Ｌ,水源涵養,0,144.475879,43.746769
None,トドマツ,水涵保,None,網走南部,307,ろ,5.39,None,小清水町,None,他Ｌ,水源涵養,0,144.471074,43.754535
None,天トドマツ,水涵保,None,網走南部,307,そ,4.19,None,小清水町,ニレ,天エゾマツ,水源涵養,0,144.470396,43.753071
None,トドマツ,水涵保,None,網走南部,307,お,4.37,None,小清水町,None,他Ｌ,水源涵養,0,144.469359,43.75269
None,欧州アカマツ,水涵保,None,網走南部,312,と,4.97,None,小清水町,他Ｌ,トドマツ,水源涵養,0,144.466611,43.755085
None,カラマツ,水涵保,None,網走南部,312,へ,12.93,None,小清水町,None,他Ｌ,水源涵養,0,144.468988,43.755286
None,欧州アカマツ,水涵保,None,網走南部,312,と,4.97,None,小清水町,他Ｌ,トドマツ,水源涵養,0,144.46502,43.754412
None,トドマツ,水涵保,None,網走南部,312,ち,1.44,None,小清水町,None,他Ｌ,水源涵養,0,144.465308,43.753525
None,天トドマツ,水涵保,None,網走南部,307,そ,4.19,None,小清水町,ニレ,天エゾマツ,水源涵養,0,144.471468,43.75033
None,トドマツ,None,None,網走南部,307,に,3.44,None,小清水町,None,None,水源涵養,0,144.469796,43.751905
None,アカエゾマツ,水涵保,None,網走南部,307,ね,0.84,None,小清水町,None,他Ｌ,水源涵養,0,144.47067,43.751247
None,トドマツ,水涵保,None,網走南部,307,た,4.64,None,小清水町,None,他Ｌ,水源涵養,0,144.470747,43.747949
None,トドマツ,水涵保,None,網走南部,307,お,4.37,None,小清水町,None,他Ｌ,水源涵養,0,144.469193,43.74774
None,トドマツ,水涵保,None,網走南部,307,へ,0.5,None,小清水町,None,他Ｌ,水源涵養,0,144.467863,43.751392
None,トドマツ,水涵保,None,網走南部,307,お,4.37,None,小清水町,None,他Ｌ,水源涵養,0,144.467875,43.750959
None,アカエゾマツ,水涵保,None,網走南部,307,の,1.48,None,小清水町,None,他Ｌ,水源涵養,0,144.468464,43.750344
None,トドマツ,None,None,網走南部,307,に,3.44,None,小清水町,None,None,水源涵養,0,144.467806,43.749853
None,トドマツ,水涵保,None,網走南部,307,お,4.37,None,小清水町,None,他Ｌ,水源涵養,0,144.466995,43.749603
None,他Ｌ,水涵保,None,網走南部,312,い,37.66,None,小清水町,シナノキ,天トドマツ,水源涵養,0,144.466275,43.750887
None,天トドマツ,水涵保,None,網走南部,312,る,1.23,None,小清水町,天エゾマツ,他Ｌ,水源涵養,0,144.465918,43.749548
None,カラマツ,水涵保,None,網走南部,312,は,19.19,None,小清水町,None,他Ｌ,水源涵養,0,144.466378,43.749263
None,None,None,None,網走南部,301,ロ,0.11,None,小清水町,None,None,森林空間利用,0,144.489592,43.74486
None,None,保健保,None,網走南部,301,ハ,0.01,None,小清水町,None,None,森林空間利用,0,144.488795,43.743763
None,天エゾマツ,保健保,None,網走南部,301,は,36.88,None,小清水町,天トドマツ,ニレ,森林空間利用,0,144.488769,43.744536
None,None,None,None,網走南部,302,イ,2.87,None,小清水町,None,None,森林空間利用,0,144.488214,43.74516
None,天エゾマツ,保健保,None,網走南部,302,い,56.78,None,小清水町,ニレ,天トドマツ,森林空間利用,0,144.486245,43.732117
None,None,None,None,網走南部,302,イ,2.87,None,小清水町,None,None,森林空間利用,0,144.487259,43.741773
None,アカエゾマツ,水涵保,None,網走南部,302,り,2.27,None,小清水町,トドマツ,他Ｌ,水源涵養,0,144.483495,43.73632
None,アカエゾマツ,水涵保,None,網走南部,302,ち,0.9,None,小清水町,他Ｌ,トドマツ,水源涵養,0,144.4817,43.737608
None,天トドマツ,水涵保,None,網走南部,302,へ,96.33,None,小清水町,シナノキ,他Ｌ,水源涵養,0,144.484346,43.734145
None,天トドマツ,水涵保,None,網走南部,301,い,6.3,None,小清水町,天エゾマツ,ミズナラ,水源涵養,0,144.490647,43.734024
None,トドマツ,水涵保,None,網走南部,301,ろ,13.45,None,小清水町,None,他Ｌ,水源涵養,0,144.489134,43.734726
None,天エゾマツ,保健保,None,網走南部,301,は,36.88,None,小清水町,天トドマツ,ニレ,森林空間利用,0,144.48915,43.729308
None,トドマツ,保健保,None,網走南部,301,に,5.3,None,小清水町,None,他Ｌ,森林空間利用,0,144.489041,43.730287
None,None,None,None,網走南部,301,イ,2.65,None,小清水町,None,None,森林空間利用,0,144.488582,43.730433
None,トドマツ,保健保,None,網走南部,301,に,5.3,None,小清水町,None,他Ｌ,森林空間利用,0,144.489087,43.726743
None,トドマツ,保健保,None,網走南部,301,に,5.3,None,小清水町,None,他Ｌ,森林空間利用,0,144.487791,43.734499
None,None,None,None,網走南部,301,イ,2.65,None,小清水町,None,None,森林空間利用,0,144.487073,43.735192
None,None,None,None,網走南部,302,イ,2.87,None,小清水町,None,None,森林空間利用,0,144.488153,43.727033
None,アカエゾマツ,水涵保,None,網走南部,302,ぬ,1.03,None,小清水町,None,None,水源涵養,0,144.485508,43.727527
None,None,None,None,網走南部,302,ニ,2.11,None,小清水町,None,None,水源涵養,0,144.485011,43.726444
None,天トドマツ,水涵保,None,網走南部,308,り,6.11,None,小清水町,シナノキ,他Ｌ,水源涵養,0,144.480583,43.746719
None,カラマツ,水涵保,None,網走南部,308,に,22.37,None,小清水町,None,他Ｌ,水源涵養,0,144.479923,43.743698
None,カラマツ,水涵保,None,網走南部,308,か,7.07,None,小清水町,None,他Ｌ,水源涵養,0,144.4771,43.741618
None,天トドマツ,水涵保,None,網走南部,308,り,6.11,None,小清水町,シナノキ,他Ｌ,水源涵養,0,144.476154,43.745879
None,None,None,None,網走南部,308,イ,8.66,None,小清水町,None,None,水源涵養,0,144.476204,43.751311
None,None,水涵保,None,網走南部,308,ロ,5.07,None,小清水町,None,None,水源涵養,0,144.475566,43.748027
None,カラマツ,水涵保,None,網走南部,308,ほ,21.75,None,小清水町,None,他Ｌ,水源涵養,0,144.472434,43.744807
None,カラマツ,水涵保,None,網走南部,308,と,4.99,None,小清水町,None,他Ｌ,水源涵養,0,144.475422,43.741502
None,他Ｌ,水涵保,None,網走南部,308,ぬ,4.93,None,小清水町,天エゾマツ,天トドマツ,水源涵養,0,144.472646,43.742953
None,トドマツ,None,None,網走南部,308,た,4.26,None,小清水町,None,None,水源涵養,0,144.480984,43.740458
None,トドマツ,None,None,網走南部,308,た,4.26,None,小清水町,None,None,水源涵養,0,144.477886,43.740271
None,カラマツ,水涵保,None,網走南部,308,へ,22.68,None,小清水町,None,他Ｌ,水源涵養,0,144.479842,43.738229
None,他Ｌ,水涵保,None,網走南部,308,ぬ,4.93,None,小清水町,天エゾマツ,天トドマツ,水源涵養,0,144.475411,43.740445
None,天トドマツ,水涵保,None,網走南部,309,と,24.7,None,小清水町,他Ｌ,天エゾマツ,水源涵養,0,144.475827,43.732989
None,カラマツ,水涵保,None,網走南部,309,い,12.46,None,小清水町,None,他Ｌ,水源涵養,0,144.4752,43.734796
None,カラマツ,水涵保,None,網走南部,307,ほ,17.46,None,小清水町,None,他Ｌ,水源涵養,0,144.469135,43.745507
None,トドマツ,水涵保,None,網走南部,309,は,27.27,None,小清水町,None,他Ｌ,水源涵養,0,144.465998,43.737854
None,トドマツ,水涵保,None,網走南部,309,ろ,7.43,None,小清水町,None,他Ｌ,水源涵養,0,144.469427,43.738788
None,カラマツ,水涵保,None,網走南部,309,に,17.64,None,小清水町,None,他Ｌ,水源涵養,0,144.471412,43.735008
None,カラマツ,水涵保,None,網走南部,308,へ,22.68,None,小清水町,None,他Ｌ,水源涵養,0,144.477585,43.738622
None,天エゾマツ,水涵保,None,網走南部,308,る,5.35,None,小清水町,ミズナラ,天トドマツ,水源涵養,0,144.478996,43.733262
None,トドマツ,水涵保,None,網走南部,309,る,12.09,None,小清水町,ストローブマツ,他Ｌ,水源涵養,0,144.47531,43.731306
None,カラマツ,水涵保,None,網走南部,308,よ,19.2,None,小清水町,None,他Ｌ,水源涵養,0,144.480444,43.730456
None,カラマツ,水涵保,None,網走南部,309,わ,13.85,None,小清水町,None,他Ｌ,水源涵養,0,144.477804,43.727961
None,天トドマツ,水涵保,None,網走南部,309,ち,9.44,None,小清水町,シナノキ,天エゾマツ,水源涵養,0,144.477512,43.725573
None,None,水涵保,None,網走南部,309,ロ,1.5,None,小清水町,None,None,水源涵養,0,144.476101,43.728261
None,トドマツ,水涵保,None,網走南部,309,る,12.09,None,小清水町,ストローブマツ,他Ｌ,水源涵養,0,144.474107,43.72901
None,カラマツ,水涵保,None,網走南部,309,わ,13.85,None,小清水町,None,他Ｌ,水源涵養,0,144.475609,43.72739
None,天トドマツ,水涵保,None,網走南部,309,ち,9.44,None,小清水町,シナノキ,天エゾマツ,水源涵養,0,144.476209,43.726024
None,None,None,None,網走南部,309,イ,9.44,None,小清水町,None,None,水源涵養,0,144.473771,43.73188
None,天トドマツ,水涵保,None,網走南部,309,と,24.7,None,小清水町,他Ｌ,天エゾマツ,水源涵養,0,144.466357,43.734972
None,カラマツ,水涵保,None,網走南部,309,か,29.4,None,小清水町,None,他Ｌ,水源涵養,0,144.468837,43.731422
None,トドマツ,水涵保,None,網走南部,314,ち,0.91,None,小清水町,他Ｌ,ウダイカンバ,水源涵養,0,144.465856,43.732397
None,カラマツ,水涵保,None,網走南部,309,か,29.4,None,小清水町,None,他Ｌ,水源涵養,0,144.471185,43.72892
None,天トドマツ,水涵保,None,網走南部,309,ち,9.44,None,小清水町,シナノキ,天エゾマツ,水源涵養,0,144.468273,43.726121
None,他Ｌ,水涵保,None,網走南部,314,と,2.05,None,小清水町,None,トドマツ,水源涵養,0,144.465588,43.725416
None,トドマツ,水涵保,None,網走南部,319,つ,21.06,None,小清水町,None,他Ｌ,水源涵養,0,144.460825,43.76711
None,天トドマツ,水涵保,None,網走南部,319,よ,0.9,None,小清水町,None,他Ｌ,水源涵養,0,144.46225,43.76337
None,トドマツ,水涵保,None,網走南部,320,い,8.55,None,小清水町,None,他Ｌ,水源涵養,0,144.457632,43.766474
None,天トドマツ,水涵保,None,網走南部,319,れ,0.91,None,小清水町,None,他Ｌ,水源涵養,0,144.459757,43.765063
None,トドマツ,水涵保,None,網走南部,319,つ,21.06,None,小清水町,None,他Ｌ,水源涵養,0,144.461632,43.761992
None,トドマツ,水涵保,None,網走南部,311,む,2.1,None,小清水町,None,他Ｌ,水源涵養,0,144.461565,43.758536
None,天トドマツ,水涵保,None,網走南部,319,ち,44.53,None,小清水町,天エゾマツ,他Ｌ,水源涵養,0,144.451627,43.7513
None,トドマツ,水涵保,None,網走南部,319,そ,4.14,None,小清水町,None,他Ｌ,水源涵養,0,144.459545,43.761984
None,トドマツ,水涵保,None,網走南部,319,そ,4.14,None,小清水町,None,他Ｌ,水源涵養,0,144.461075,43.760548
None,None,水涵保,None,網走南部,319,ロ,0.84,None,小清水町,None,None,水源涵養,0,144.459966,43.760477
None,トドマツ,水涵保,None,網走南部,319,せ,15.66,None,小清水町,None,他Ｌ,水源涵養,0,144.460259,43.759359
None,トドマツ,水涵保,None,網走南部,319,せ,15.66,None,小清水町,None,他Ｌ,水源涵養,0,144.458263,43.760391
None,天トドマツ,水涵保,None,網走南部,319,た,0.89,None,小清水町,None,None,水源涵養,0,144.457147,43.758316
None,トドマツ,水涵保,None,網走南部,320,は,7.74,None,小清水町,None,他Ｌ,水源涵養,0,144.455637,43.764824
None,トドマツ,水涵保,None,網走南部,320,は,7.74,None,小清水町,None,他Ｌ,水源涵養,0,144.455969,43.761876
None,アカエゾマツ,水涵保,None,網走南部,320,か,1.18,None,小清水町,None,None,水源涵養,0,144.456091,43.762954
None,トドマツ,水涵保,None,網走南部,320,は,7.74,None,小清水町,None,他Ｌ,水源涵養,0,144.454538,43.763711
None,トドマツ,水涵保,None,網走南部,325,か,2.98,None,小清水町,None,他Ｌ,水源涵養,0,144.449945,43.767829
None,トドマツ,水涵保,None,網走南部,320,に,5.25,None,小清水町,None,他Ｌ,水源涵養,0,144.452337,43.764702
None,None,水涵保,None,網走南部,320,ロ,0.76,None,小清水町,None,None,水源涵養,0,144.453902,43.762665
None,トドマツ,水涵保,None,網走南部,320,ほ,4.93,None,小清水町,None,他Ｌ,水源涵養,0,144.453973,43.75964
None,アカエゾマツ,水涵保,None,網走南部,320,よ,1.26,None,小清水町,None,他Ｌ,水源涵養,0,144.452406,43.760767
None,トドマツ,水涵保,None,網走南部,320,へ,5.82,None,小清水町,None,他Ｌ,水源涵養,0,144.449562,43.760265
None,アカエゾマツ,水涵保,None,網走南部,320,よ,1.26,None,小清水町,None,他Ｌ,水源涵養,0,144.452944,43.759877
None,トドマツ,水涵保,None,網走南部,320,ほ,4.93,None,小清水町,None,他Ｌ,水源涵養,0,144.452167,43.760002
None,トドマツ,水涵保,None,網走南部,320,と,7.54,None,小清水町,None,他Ｌ,水源涵養,0,144.451959,43.757296
None,None,None,None,網走南部,320,イ,5.44,None,小清水町,None,None,水源涵養,0,144.450985,43.760962
None,トドマツ,水涵保,None,網走南部,311,へ,5.44,None,小清水町,None,他Ｌ,水源涵養,0,144.46331,43.754892
None,トドマツ,水涵保,None,網走南部,311,と,9.77,None,小清水町,None,他Ｌ,水源涵養,0,144.462398,43.75706
None,トドマツ,水涵保,None,網走南部,312,ち,1.44,None,小清水町,None,他Ｌ,水源涵養,0,144.46419,43.753786
None,他Ｌ,水涵保,None,網走南部,311,わ,42.98,None,小清水町,天トドマツ,天エゾマツ,水源涵養,0,144.460445,43.754807
None,他Ｌ,水涵保,None,網走南部,311,わ,42.98,None,小清水町,天トドマツ,天エゾマツ,水源涵養,0,144.461191,43.754
None,天トドマツ,水涵保,None,網走南部,319,ち,44.53,None,小清水町,天エゾマツ,他Ｌ,水源涵養,0,144.456089,43.757756
None,アカエゾマツ,水涵保,None,網走南部,319,ほ,0.98,None,小清水町,None,他Ｌ,水源涵養,1,144.457809,43.755486
None,トドマツ,水涵保,None,網走南部,311,ね,5.02,None,小清水町,None,他Ｌ,水源涵養,0,144.459362,43.752395
None,トドマツ,水涵保,None,網走南部,311,む,2.1,None,小清水町,None,他Ｌ,水源涵養,0,144.458675,43.754676
None,トドマツ,水涵保,None,網走南部,311,よ,4.98,None,小清水町,None,他Ｌ,水源涵養,0,144.458189,43.753557
None,トドマツ,水涵保,None,網走南部,311,む,2.1,None,小清水町,None,他Ｌ,水源涵養,0,144.456842,43.753393
None,None,None,None,網走南部,312,ロ,2.5,None,小清水町,None,None,水源涵養,0,144.465885,43.754657
None,カラマツ,水涵保,None,網走南部,312,ほ,9.18,None,小清水町,None,他Ｌ,水源涵養,0,144.464815,43.750097
None,トドマツ,水涵保,None,網走南部,312,ろ,6.07,None,小清水町,None,他Ｌ,水源涵養,0,144.46092,43.750769
None,カラマツ,水涵保,None,網走南部,312,ほ,9.18,None,小清水町,None,他Ｌ,水源涵養,0,144.46348,43.749363
None,カラマツ,水涵保,None,網走南部,312,は,19.19,None,小清水町,None,他Ｌ,水源涵養,0,144.464874,43.747192
None,天トドマツ,水涵保,None,網走南部,311,そ,4.12,None,小清水町,天エゾマツ,他Ｌ,水源涵養,0,144.458265,43.751009
None,他Ｌ,水涵保,None,網走南部,312,い,37.66,None,小清水町,シナノキ,天トドマツ,水源涵養,0,144.463754,43.752671
None,None,None,None,網走南部,312,イ,0.22,None,小清水町,None,None,水源涵養,0,144.460821,43.74715
None,アカエゾマツ,水涵保,None,網走南部,312,ぬ,1.44,None,小清水町,None,他Ｌ,水源涵養,0,144.459307,43.747078
None,トドマツ,水涵保,None,網走南部,312,り,8.6,None,小清水町,None,他Ｌ,水源涵養,0,144.457633,43.747307
None,トドマツ,水涵保,None,網走南部,319,ね,16.97,None,小清水町,None,他Ｌ,水源涵養,0,144.454703,43.754167
None,アカエゾマツ,水涵保,None,網走南部,320,た,3.55,None,小清水町,None,他Ｌ,水源涵養,0,144.450577,43.755902
None,アカエゾマツ,水涵保,None,網走南部,320,そ,2.66,None,小清水町,None,他Ｌ,水源涵養,0,144.448692,43.752356
None,天トドマツ,水涵保,None,網走南部,311,た,3.99,None,小清水町,他Ｌ,天エゾマツ,水源涵養,0,144.451616,43.749829
None,トドマツ,水涵保,None,網走南部,311,に,16.39,None,小清水町,None,他Ｌ,水源涵養,0,144.456302,43.750094
None,他Ｌ,水涵保,None,網走南部,311,れ,4.12,None,小清水町,天トドマツ,天エゾマツ,水源涵養,0,144.450441,43.748558
None,トドマツ,水涵保,None,網走南部,325,か,2.98,None,小清水町,None,他Ｌ,水源涵養,0,144.448669,43.767627
None,トドマツ,水涵保,None,網走南部,325,つ,4.0,None,小清水町,None,他Ｌ,水源涵養,0,144.447881,43.766688
None,天エゾマツ,水涵保,None,網走南部,325,い,129.57,None,小清水町,他Ｌ,天トドマツ,水源涵養,0,144.440785,43.759989
None,トドマツ,水涵保,None,網走南部,325,よ,2.28,None,小清水町,None,他Ｌ,水源涵養,0,144.444665,43.767224
None,トドマツ,水涵保,None,網走南部,325,ね,1.02,None,小清水町,None,他Ｌ,水源涵養,0,144.446693,43.765693
None,トドマツ,水涵保,None,網走南部,325,よ,2.28,None,小清水町,None,他Ｌ,水源涵養,0,144.445374,43.766167
None,トドマツ,水涵保,None,網走南部,325,つ,4.0,None,小清水町,None,他Ｌ,水源涵養,0,144.449004,43.764526
None,トドマツ,水涵保,None,網走南部,325,ね,1.02,None,小清水町,None,他Ｌ,水源涵養,0,144.447157,43.765469
None,天エゾマツ,水涵保,None,網走南部,325,い,129.57,None,小清水町,他Ｌ,天トドマツ,水源涵養,0,144.445645,43.768462
None,トドマツ,水涵保,None,網走南部,325,た,2.3,None,小清水町,None,他Ｌ,水源涵養,0,144.444032,43.765337
None,None,水涵保,None,網走南部,325,ロ,1.68,None,小清水町,None,None,水源涵養,0,144.444947,43.763233
None,トドマツ,水涵保,None,網走南部,325,な,3.55,None,小清水町,None,他Ｌ,水源涵養,0,144.445113,43.764105
None,トドマツ,水涵保,None,網走南部,325,な,3.55,None,小清水町,None,他Ｌ,水源涵養,0,144.44481,43.762623
None,トドマツ,水涵保,None,網走南部,325,な,3.55,None,小清水町,None,他Ｌ,水源涵養,0,144.443862,43.762897
None,トドマツ,水涵保,None,網走南部,325,た,2.3,None,小清水町,None,他Ｌ,水源涵養,0,144.442955,43.764471
None,トドマツ,水涵保,None,網走南部,325,れ,1.85,None,小清水町,None,他Ｌ,水源涵養,0,144.442946,43.763618
None,トドマツ,水涵保,None,網走南部,325,れ,1.85,None,小清水町,None,他Ｌ,水源涵養,0,144.442294,43.763877
None,トドマツ,水涵保,None,網走南部,325,ら,4.69,None,小清水町,None,None,水源涵養,0,144.446249,43.761098
None,トドマツ,水涵保,None,網走南部,320,ち,5.0,None,小清水町,None,他Ｌ,水源涵養,0,144.448748,43.758618
None,他Ｌ,水涵保,None,網走南部,320,わ,79.95,None,小清水町,天トドマツ,天エゾマツ,水源涵養,0,144.439817,43.750425
None,アカエゾマツ,水涵保,None,網走南部,320,れ,1.38,None,小清水町,None,他Ｌ,水源涵養,0,144.447488,43.757892
None,トドマツ,水涵保,None,網走南部,325,む,2.74,None,小清水町,None,他Ｌ,水源涵養,0,144.443467,43.761278
None,天トドマツ,水涵保,None,網走南部,325,そ,2.6,None,小清水町,他Ｌ,天エゾマツ,水源涵養,0,144.441963,43.76244
None,トドマツ,水涵保,None,網走南部,325,む,2.74,None,小清水町,None,他Ｌ,水源涵養,0,144.442327,43.761049
None,トドマツ,水涵保,None,網走南部,325,ら,4.69,None,小清水町,None,None,水源涵養,0,144.443333,43.759235
None,トドマツ,水涵保,None,網走南部,325,う,3.8,None,小清水町,None,他Ｌ,水源涵養,0,144.44198,43.758884
None,アカエゾマツ,水涵保,None,網走南部,329,ね,1.56,None,小清水町,None,他Ｌ,水源涵養,0,144.439144,43.768253
None,トドマツ,水涵保,None,網走南部,329,り,5.07,None,小清水町,None,他Ｌ,水源涵養,0,144.438334,43.765286
None,トドマツ,水涵保,None,網走南部,325,れ,1.85,None,小清水町,None,他Ｌ,水源涵養,0,144.440532,43.763839
None,天トドマツ,水涵保,None,網走南部,325,け,3.33,None,小清水町,他Ｌ,天エゾマツ,水源涵養,0,144.438691,43.762925
None,アカエゾマツ,水涵保,None,網走南部,329,な,1.33,None,小清水町,None,他Ｌ,水源涵養,0,144.437512,43.766057
None,トドマツ,水涵保,None,網走南部,329,り,5.07,None,小清水町,None,他Ｌ,水源涵養,0,144.436684,43.765876
None,天トドマツ,水涵保,None,網走南部,329,い,59.03,None,小清水町,シナノキ,他Ｌ,水源涵養,0,144.432,43.765916
None,トドマツ,水涵保,None,網走南部,329,る,12.7,None,小清水町,None,他Ｌ,水源涵養,0,144.435348,43.764002
None,天トドマツ,水涵保,None,網走南部,325,そ,2.6,None,小清水町,他Ｌ,天エゾマツ,水源涵養,0,144.440846,43.762558
None,トドマツ,水涵保,None,網走南部,325,ふ,0.76,None,小清水町,None,他Ｌ,水源涵養,0,144.438138,43.761511
None,カラマツ,水涵保,None,網走南部,325,ゆ,0.42,None,小清水町,None,None,水源涵養,0,144.438771,43.760434
None,トドマツ,水涵保,None,網走南部,325,え,0.87,None,小清水町,None,他Ｌ,水源涵養,0,144.438089,43.760344
None,トドマツ,水涵保,None,網走南部,325,う,3.8,None,小清水町,None,他Ｌ,水源涵養,0,144.441145,43.75894
None,トドマツ,水涵保,None,網走南部,325,て,0.52,None,小清水町,None,他Ｌ,水源涵養,0,144.439605,43.760065
None,トドマツ,水涵保,None,網走南部,325,の,2.53,None,小清水町,None,他Ｌ,水源涵養,0,144.440727,43.75784
None,天エゾマツ,水涵保,None,網走南部,325,あ,2.5,None,小清水町,他Ｌ,天トドマツ,水源涵養,0,144.439281,43.757902
None,トドマツ,水涵保,None,網走南部,329,つ,12.78,None,小清水町,None,他Ｌ,水源涵養,0,144.434656,43.759819
None,トドマツ,水涵保,None,網走南部,320,り,8.82,None,小清水町,None,他Ｌ,水源涵養,0,144.448911,43.75484
None,トドマツ,水涵保,None,網走南部,320,ぬ,6.43,None,小清水町,None,他Ｌ,水源涵養,0,144.445715,43.755807
None,他Ｌ,水涵保,None,網走南部,320,わ,79.95,None,小清水町,天トドマツ,天エゾマツ,水源涵養,0,144.447713,43.75475
None,トドマツ,水涵保,None,網走南部,325,の,2.53,None,小清水町,None,他Ｌ,水源涵養,0,144.441576,43.755871
None,トドマツ,水涵保,None,網走南部,320,ね,2.98,None,小清水町,None,他Ｌ,水源涵養,0,144.444452,43.753633
None,アカエゾマツ,水涵保,None,網走南部,320,つ,2.1,None,小清水町,None,他Ｌ,水源涵養,0,144.442044,43.752941
None,トドマツ,水涵保,None,網走南部,320,ね,2.98,None,小清水町,None,他Ｌ,水源涵養,0,144.443524,43.75301
None,トドマツ,水涵保,None,網走南部,320,り,8.82,None,小清水町,None,他Ｌ,水源涵養,0,144.448791,43.750715
None,天トドマツ,水涵保,None,網走南部,321,ぬ,0.4,None,小清水町,None,他Ｌ,水源涵養,0,144.445569,43.748327
None,アカエゾマツ,水涵保,None,網走南部,321,な,2.69,None,小清水町,None,他Ｌ,水源涵養,0,144.446634,43.748029
None,トドマツ,水涵保,None,網走南部,321,ろ,10.14,None,小清水町,None,他Ｌ,水源涵養,0,144.447057,43.746667
None,トドマツ,水涵保,None,網走南部,321,と,0.17,None,小清水町,None,他Ｌ,水源涵養,0,144.443997,43.751471
None,トドマツ,水涵保,None,網走南部,321,る,0.49,None,小清水町,None,他Ｌ,水源涵養,0,144.44231,43.750799
None,トドマツ,水涵保,None,網走南部,321,ち,7.41,None,小清水町,None,他Ｌ,水源涵養,0,144.442794,43.749718
None,トドマツ,水涵保,None,網走南部,321,お,0.37,None,小清水町,None,他Ｌ,水源涵養,0,144.441692,43.748966
None,トドマツ,水涵保,None,網走南部,321,か,0.76,None,小清水町,None,他Ｌ,水源涵養,0,144.441767,43.748096
None,トドマツ,水涵保,None,網走南部,325,の,2.53,None,小清水町,None,他Ｌ,水源涵養,0,144.440535,43.75687
None,トドマツ,水涵保,None,網走南部,325,く,2.48,None,小清水町,None,他Ｌ,水源涵養,0,144.439446,43.756222
None,トドマツ,水涵保,None,網走南部,325,く,2.48,None,小清水町,None,他Ｌ,水源涵養,0,144.439903,43.75495
None,天トドマツ,水涵保,None,網走南部,325,さ,2.99,None,小清水町,他Ｌ,天エゾマツ,水源涵養,0,144.437388,43.754997
None,トドマツ,水涵保,None,網走南部,325,や,4.16,None,小清水町,None,他Ｌ,水源涵養,0,144.438473,43.752276
None,トドマツ,水涵保,None,網走南部,325,や,4.16,None,小清水町,None,他Ｌ,水源涵養,0,144.438158,43.75393
None,天エゾマツ,水涵保,None,網走南部,325,こ,9.02,None,小清水町,他Ｌ,天トドマツ,水源涵養,0,144.437251,43.756883
None,天エゾマツ,水涵保,None,網走南部,325,こ,9.02,None,小清水町,他Ｌ,天トドマツ,水源涵養,0,144.437041,43.758391
None,カラマツ,水涵保,None,網走南部,325,め,0.59,None,小清水町,None,None,水源涵養,0,144.435527,43.75458
None,トドマツ,水涵保,None,網走南部,325,き,1.38,None,小清水町,None,他Ｌ,水源涵養,0,144.43576,43.752379
None,天エゾマツ,水涵保,None,網走南部,325,こ,9.02,None,小清水町,他Ｌ,天トドマツ,水源涵養,0,144.434847,43.75396
None,カラマツ,水涵保,None,網走南部,325,み,0.54,None,小清水町,None,他Ｌ,水源涵養,0,144.434944,43.752836
None,None,水涵保,None,網走南部,325,ハ,0.11,None,小清水町,None,None,水源涵養,0,144.434698,43.75213
None,None,水涵保,None,網走南部,325,ニ,0.01,None,小清水町,None,None,水源涵養,0,144.433683,43.752867
None,トドマツ,水涵保,None,網走南部,325,ま,2.79,None,小清水町,None,他Ｌ,水源涵養,0,144.437728,43.750612
None,天トドマツ,水涵保,None,網走南部,326,い,103.54,None,小清水町,他Ｌ,天エゾマツ,水源涵養,0,144.434038,43.751806
None,天トドマツ,水涵保,None,網走南部,326,お,3.3,None,小清水町,シナノキ,天エゾマツ,水源涵養,0,144.434556,43.749681
None,天トドマツ,水涵保,None,網走南部,326,い,103.54,None,小清水町,他Ｌ,天エゾマツ,水源涵養,0,144.426416,43.741353
None,トドマツ,水涵保,None,網走南部,326,わ,1.89,None,小清水町,None,他Ｌ,水源涵養,0,144.434622,43.747646
None,他Ｌ,水涵保,None,網走南部,312,い,37.66,None,小清水町,シナノキ,天トドマツ,水源涵養,0,144.461434,43.743595
None,カラマツ,水涵保,None,網走南部,312,に,12.21,None,小清水町,None,他Ｌ,水源涵養,0,144.463665,43.743547
None,他Ｌ,水涵保,None,網走南部,312,い,37.66,None,小清水町,シナノキ,天トドマツ,水源涵養,0,144.459509,43.744257
None,None,None,None,網走南部,312,イ,0.22,None,小清水町,None,None,水源涵養,0,144.460028,43.745215
None,None,None,None,網走南部,313,イ,4.44,None,小清水町,None,None,水源涵養,0,144.449196,43.736989
None,天トドマツ,水涵保,None,網走南部,313,へ,76.17,None,小清水町,天エゾマツ,他Ｌ,水源涵養,0,144.451229,43.743256
None,トドマツ,水涵保,None,網走南部,313,い,5.01,None,小清水町,None,他Ｌ,水源涵養,0,144.460435,43.741942
None,カラマツ,水涵保,None,網走南部,313,よ,3.44,None,小清水町,None,他Ｌ,水源涵養,0,144.458701,43.74121
None,カラマツ,水涵保,None,網走南部,313,れ,9.94,None,小清水町,None,他Ｌ,水源涵養,0,144.460195,43.738136
None,カラマツ,水涵保,None,網走南部,313,た,9.7,None,小清水町,None,他Ｌ,水源涵養,0,144.458074,43.738177
None,カラマツ,水涵保,None,網走南部,313,ろ,12.13,None,小清水町,None,他Ｌ,水源涵養,0,144.458468,43.736939
None,トドマツ,水涵保,None,網走南部,313,つ,5.9,None,小清水町,None,他Ｌ,水源涵養,0,144.454615,43.745276
None,トドマツ,水涵保,None,網走南部,313,つ,5.9,None,小清水町,None,他Ｌ,水源涵養,0,144.456718,43.743083
None,トドマツ,None,None,網走南部,313,ち,5.03,None,小清水町,None,None,水源涵養,0,144.453281,43.74382
None,トドマツ,水涵保,None,網走南部,311,ほ,16.7,None,小清水町,None,他Ｌ,水源涵養,0,144.450484,43.746
None,カラマツ,水涵保,None,網走南部,313,た,9.7,None,小清水町,None,他Ｌ,水源涵養,0,144.456056,43.73898
None,トドマツ,水涵保,None,網走南部,313,と,13.06,None,小清水町,None,他Ｌ,水源涵養,0,144.453507,43.739557
None,トドマツ,水涵保,None,網走南部,313,と,13.06,None,小清水町,None,他Ｌ,水源涵養,0,144.452689,43.741214
None,カラマツ,水涵保,None,網走南部,313,り,13.4,None,小清水町,None,他Ｌ,水源涵養,0,144.449527,43.739673
None,カラマツ,水涵保,None,網走南部,313,ぬ,13.86,None,小清水町,None,他Ｌ,水源涵養,0,144.450636,43.736309
None,カラマツ,水涵保,None,網走南部,313,は,11.66,None,小清水町,None,他Ｌ,水源涵養,0,144.461551,43.734427
None,トドマツ,水涵保,None,網走南部,314,ほ,2.02,None,小清水町,None,他Ｌ,水源涵養,0,144.461341,43.730621
None,天トドマツ,水涵保,None,網走南部,313,へ,76.17,None,小清水町,天エゾマツ,他Ｌ,水源涵養,0,144.461579,43.740058
None,None,None,None,網走南部,313,イ,4.44,None,小清水町,None,None,水源涵養,0,144.458441,43.742478
None,天エゾマツ,水涵保,None,網走南部,314,い,41.4,None,小清水町,他Ｌ,天トドマツ,水源涵養,0,144.458083,43.733038
None,None,None,None,網走南部,314,イ,1.78,None,小清水町,None,None,水源涵養,0,144.458331,43.732792
None,天エゾマツ,水涵保,None,網走南部,314,い,41.4,None,小清水町,他Ｌ,天トドマツ,水源涵養,0,144.458849,43.732388
None,トドマツ,水涵保,None,網走南部,314,は,22.8,None,小清水町,None,他Ｌ,水源涵養,0,144.465169,43.729195
None,None,None,None,網走南部,314,イ,1.78,None,小清水町,None,None,水源涵養,0,144.461888,43.725866
None,アカエゾマツ,水涵保,None,網走南部,314,に,4.08,None,小清水町,None,他Ｌ,水源涵養,0,144.458481,43.731691
None,トドマツ,水涵保,None,網走南部,314,ろ,13.38,None,小清水町,None,他Ｌ,水源涵養,0,144.459763,43.728021
None,天エゾマツ,水涵保,None,網走南部,314,い,41.4,None,小清水町,他Ｌ,天トドマツ,水源涵養,0,144.458688,43.725585
None,カラマツ,水涵保,None,網走南部,313,ろ,12.13,None,小清水町,None,他Ｌ,水源涵養,0,144.456832,43.735522
None,天トドマツ,水涵保,None,網走南部,317,と,91.6,None,小清水町,他Ｌ,天エゾマツ,水源涵養,0,144.454745,43.733697
None,トドマツ,水涵保,None,網走南部,317,ろ,10.48,None,小清水町,None,他Ｌ,水源涵養,0,144.453588,43.732388
None,アカエゾマツ,水涵保,None,網走南部,317,ほ,2.05,None,小清水町,None,他Ｌ,水源涵養,0,144.455186,43.730715
None,None,None,None,網走南部,317,イ,5.81,None,小清水町,None,None,水源涵養,0,144.441741,43.723921
None,トドマツ,水涵保,None,網走南部,317,り,6.9,None,小清水町,None,他Ｌ,水源涵養,0,144.456132,43.726915
None,トドマツ,水涵保,None,網走南部,317,り,6.9,None,小清水町,None,他Ｌ,水源涵養,0,144.454493,43.727093
None,トドマツ,水涵保,None,網走南部,317,そ,3.1,None,小清水町,None,他Ｌ,水源涵養,0,144.452249,43.728741
None,トドマツ,水涵保,None,網走南部,317,ぬ,7.26,None,小清水町,None,他Ｌ,水源涵養,0,144.44902,43.728955
None,アカエゾマツ,水涵保,None,網走南部,321,な,2.69,None,小清水町,None,他Ｌ,水源涵養,0,144.445269,43.744657
None,アカエゾマツ,水涵保,None,網走南部,321,む,3.27,None,小清水町,None,他Ｌ,水源涵養,0,144.441531,43.744477
None,トドマツ,水涵保,None,網走南部,321,り,7.75,None,小清水町,None,他Ｌ,水源涵養,0,144.441693,43.743113
None,天トドマツ,水涵保,None,網走南部,313,へ,76.17,None,小清水町,天エゾマツ,他Ｌ,水源涵養,0,144.448621,43.740948
None,カラマツ,水涵保,None,網走南部,313,り,13.4,None,小清水町,None,他Ｌ,水源涵養,0,144.448047,43.736828
None,トドマツ,水涵保,None,網走南部,313,る,25.1,None,小清水町,None,他Ｌ,水源涵養,0,144.446967,43.737718
None,トドマツ,水涵保,None,網走南部,313,る,25.1,None,小清水町,None,他Ｌ,水源涵養,0,144.445263,43.740249
None,アカエゾマツ,水涵保,None,網走南部,313,ほ,0.4,None,小清水町,None,トドマツ,水源涵養,0,144.445183,43.737634
None,天トドマツ,水涵保,None,網走南部,313,へ,76.17,None,小清水町,天エゾマツ,他Ｌ,水源涵養,0,144.445258,43.734344
None,天トドマツ,水涵保,None,網走南部,313,へ,76.17,None,小清水町,天エゾマツ,他Ｌ,水源涵養,0,144.442577,43.738664
None,アカエゾマツ,水涵保,None,網走南部,321,む,3.27,None,小清水町,None,他Ｌ,水源涵養,0,144.440171,43.744168
None,トドマツ,水涵保,None,網走南部,321,ね,4.18,None,小清水町,None,他Ｌ,水源涵養,0,144.439078,43.746693
None,天トドマツ,水涵保,None,網走南部,321,い,85.51,None,小清水町,天エゾマツ,他Ｌ,水源涵養,0,144.437964,43.745063
None,None,None,None,網走南部,321,ハ,5.06,None,小清水町,None,None,水源涵養,0,144.441679,43.746718
None,天トドマツ,水涵保,None,網走南部,321,に,0.92,None,小清水町,天エゾマツ,他Ｌ,水源涵養,0,144.436091,43.744349
None,アカエゾマツ,水涵保,None,網走南部,321,れ,3.61,None,小清水町,None,他Ｌ,水源涵養,0,144.437112,43.742765
None,トドマツ,水涵保,None,網走南部,321,は,6.31,None,小清水町,None,他Ｌ,水源涵養,0,144.435533,43.743145
None,None,水涵保,None,網走南部,321,ニ,0.49,None,小清水町,None,None,水源涵養,0,144.440145,43.742756
None,アカエゾマツ,水涵保,None,網走南部,321,ら,1.23,None,小清水町,None,他Ｌ,水源涵養,0,144.438179,43.739761
None,トドマツ,水涵保,None,網走南部,321,ほ,6.27,None,小清水町,None,他Ｌ,水源涵養,0,144.438271,43.740649
None,トドマツ,水涵保,None,網走南部,321,ほ,6.27,None,小清水町,None,他Ｌ,水源涵養,0,144.439425,43.739798
None,トドマツ,水涵保,None,網走南部,313,か,7.08,None,小清水町,None,他Ｌ,水源涵養,0,144.440957,43.737803
None,天トドマツ,水涵保,None,網走南部,321,い,85.51,None,小清水町,天エゾマツ,他Ｌ,水源涵養,0,144.444135,43.747941
None,天トドマツ,水涵保,None,網走南部,313,へ,76.17,None,小清水町,天エゾマツ,他Ｌ,水源涵養,0,144.437897,43.736634
None,天トドマツ,水涵保,None,網走南部,321,い,85.51,None,小清水町,天エゾマツ,他Ｌ,水源涵養,0,144.438781,43.743507
None,アカエゾマツ,水涵保,None,網走南部,321,う,3.42,None,小清水町,None,他Ｌ,水源涵養,0,144.436047,43.73886
None,アカエゾマツ,水涵保,None,網走南部,321,つ,5.69,None,小清水町,None,他Ｌ,水源涵養,0,144.434393,43.739882
None,アカエゾマツ,水涵保,None,網走南部,321,う,3.42,None,小清水町,None,他Ｌ,水源涵養,0,144.435979,43.737198
None,トドマツ,水涵保,None,網走南部,321,よ,3.43,None,小清水町,None,他Ｌ,水源涵養,0,144.435502,43.736223
None,トドマツ,水涵保,None,網走南部,321,よ,3.43,None,小清水町,None,他Ｌ,水源涵養,0,144.435069,43.736759
None,アカエゾマツ,水涵保,None,網走南部,321,う,3.42,None,小清水町,None,他Ｌ,水源涵養,0,144.435317,43.736904
None,アカエゾマツ,水涵保,None,網走南部,313,に,1.31,None,小清水町,他Ｌ,トドマツ,水源涵養,0,144.442726,43.735951
None,ダケカンバ,水涵保,None,網走南部,313,そ,7.73,None,小清水町,None,他Ｌ,水源涵養,0,144.44057,43.735837
None,ダケカンバ,水涵保,None,網走南部,313,わ,29.3,None,小清水町,ウダイカンバ,ストローブマツ,水源涵養,0,144.444448,43.73193
None,天トドマツ,水涵保,None,網走南部,317,た,4.14,None,小清水町,他Ｌ,天エゾマツ,水源涵養,0,144.448441,43.726682
None,トドマツ,None,None,網走南部,317,の,1.38,None,小清水町,None,None,水源涵養,0,144.444476,43.728162
None,トドマツ,水涵保,None,網走南部,317,れ,9.78,None,小清水町,None,他Ｌ,水源涵養,0,144.442836,43.727297
None,天トドマツ,水涵保,None,網走南部,317,と,91.6,None,小清水町,他Ｌ,天エゾマツ,水源涵養,0,144.443116,43.724947
None,トドマツ,水涵保,None,網走南部,321,へ,5.41,None,小清水町,None,他Ｌ,水源涵養,0,144.43892,43.733636
None,None,None,None,網走南部,321,イ,1.94,None,小清水町,None,None,水源涵養,0,144.437788,43.734328
None,トドマツ,水涵保,None,網走南部,321,そ,6.71,None,小清水町,None,他Ｌ,水源涵養,0,144.440454,43.730065
None,アカエゾマツ,水涵保,None,網走南部,321,の,3.58,None,小清水町,None,他Ｌ,水源涵養,0,144.439879,43.729073
None,トドマツ,水涵保,None,網走南部,321,へ,5.41,None,小清水町,None,他Ｌ,水源涵養,0,144.437114,43.734536
None,アカエゾマツ,水涵保,None,網走南部,321,う,3.42,None,小清水町,None,他Ｌ,水源涵養,0,144.434736,43.735159
None,アカエゾマツ,水涵保,None,網走南部,321,う,3.42,None,小清水町,None,他Ｌ,水源涵養,0,144.434189,43.735628
None,天トドマツ,水涵保,None,網走南部,322,は,65.33,None,小清水町,他Ｌ,天エゾマツ,水源涵養,0,144.433665,43.735577
None,None,None,None,網走南部,321,ロ,0.74,None,小清水町,None,None,水源涵養,0,144.436876,43.732441
None,トドマツ,水涵保,None,網走南部,321,そ,6.71,None,小清水町,None,他Ｌ,水源涵養,0,144.438073,43.730356
None,天トドマツ,水涵保,None,網走南部,321,い,85.51,None,小清水町,天エゾマツ,他Ｌ,水源涵養,0,144.432569,43.728593
None,トドマツ,水涵保,None,網走南部,321,た,9.31,None,小清水町,None,他Ｌ,水源涵養,0,144.435033,43.73063
None,アカエゾマツ,水涵保,None,網走南部,322,た,9.56,None,小清水町,None,他Ｌ,水源涵養,0,144.436122,43.725154
None,トドマツ,水涵保,None,網走南部,322,へ,2.04,None,小清水町,None,他Ｌ,水源涵養,0,144.434901,43.727272
None,None,None,None,網走南部,302,ホ,0.18,None,小清水町,None,None,森林空間利用,0,144.486888,43.725188
None,None,None,None,網走南部,302,イ,2.87,None,小清水町,None,None,森林空間利用,0,144.487684,43.724367
None,None,None,None,網走南部,302,イ,2.87,None,小清水町,None,None,森林空間利用,0,144.487651,43.724114
None,None,None,None,網走南部,301,イ,2.65,None,小清水町,None,None,森林空間利用,0,144.488089,43.723522
None,None,None,None,網走南部,302,イ,2.87,None,小清水町,None,None,森林空間利用,0,144.487879,43.722044
None,None,None,None,網走南部,301,イ,2.65,None,小清水町,None,None,森林空間利用,0,144.488034,43.721254
None,None,None,None,網走南部,302,イ,2.87,None,小清水町,None,None,森林空間利用,0,144.486992,43.720132
None,天トドマツ,水涵保,None,網走南部,302,へ,96.33,None,小清水町,シナノキ,他Ｌ,水源涵養,0,144.483867,43.722053
None,None,None,None,網走南部,301,イ,2.65,None,小清水町,None,None,森林空間利用,0,144.486646,43.71905
None,None,None,None,網走南部,302,イ,2.87,None,小清水町,None,None,森林空間利用,0,144.485114,43.717825
None,天エゾマツ,保健保,None,網走南部,302,い,56.78,None,小清水町,ニレ,天トドマツ,森林空間利用,0,144.485399,43.717978
None,天エゾマツ,保健保,None,網走南部,302,い,56.78,None,小清水町,ニレ,天トドマツ,森林空間利用,0,144.484541,43.716323
None,他Ｌ,水涵保,None,網走南部,301,ほ,39.02,None,小清水町,天エゾマツ,天トドマツ,水源涵養,0,144.489155,43.719031
None,天エゾマツ,保健保,None,網走南部,301,は,36.88,None,小清水町,天トドマツ,ニレ,森林空間利用,0,144.488561,43.724075
None,アカエゾマツ,水涵保,None,網走南部,302,か,0.86,None,小清水町,None,None,水源涵養,0,144.481015,43.716041
None,天トドマツ,水涵保,None,網走南部,302,た,38.04,None,小清水町,他Ｌ,天エゾマツ,水源涵養,0,144.481764,43.713932
None,None,None,None,網走南部,301,イ,2.65,None,小清水町,None,None,森林空間利用,0,144.48541,43.714184
None,None,None,None,網走南部,302,イ,2.87,None,小清水町,None,None,森林空間利用,0,144.484573,43.713263
None,None,None,None,網走南部,301,イ,2.65,None,小清水町,None,None,森林空間利用,0,144.483616,43.711786
None,None,None,None,網走南部,302,イ,2.87,None,小清水町,None,None,森林空間利用,0,144.481961,43.710729
None,None,None,None,網走南部,302,ホ,0.18,None,小清水町,None,None,森林空間利用,0,144.482046,43.710644
None,None,None,None,網走南部,302,イ,2.87,None,小清水町,None,None,森林空間利用,0,144.481868,43.710472
None,トドマツ,水涵保,None,網走南部,305,け,0.34,None,小清水町,None,他Ｌ,水源涵養,0,144.480522,43.710831
None,トドマツ,保健保,None,網走南部,305,え,0.56,None,小清水町,None,None,森林空間利用,0,144.480887,43.710497
None,天エゾマツ,保健保,None,網走南部,302,い,56.78,None,小清水町,ニレ,天トドマツ,森林空間利用,0,144.48166,43.71031
None,トドマツ,保健保,None,網走南部,305,え,0.56,None,小清水町,None,None,森林空間利用,0,144.480589,43.709946
None,天トドマツ,保健保,None,網走南部,305,ふ,0.35,None,小清水町,シナノキ,他Ｌ,森林空間利用,0,144.480713,43.709626
None,天トドマツ,水涵保,None,網走南部,303,い,28.98,None,小清水町,天エゾマツ,他Ｌ,水源涵養,0,144.484667,43.708375
None,アカエゾマツ,水涵保,None,網走南部,303,ち,0.87,None,小清水町,None,他Ｌ,水源涵養,0,144.485939,43.706539
None,アカエゾマツ,水涵保,None,網走南部,303,へ,6.61,None,小清水町,None,他Ｌ,水源涵養,0,144.483345,43.70787
None,他Ｌ,保健保,None,網走南部,303,か,2.8,None,小清水町,シナノキ,天トドマツ,森林空間利用,0,144.481661,43.709219
None,None,None,None,網走南部,303,ハ,0.78,None,小清水町,None,None,森林空間利用,0,144.481923,43.709199
None,アカエゾマツ,保健保,None,網走南部,303,よ,1.12,None,小清水町,None,他Ｌ,森林空間利用,0,144.481924,43.708127
None,アカエゾマツ,保健保,None,網走南部,303,わ,1.43,None,小清水町,None,他Ｌ,森林空間利用,0,144.480824,43.706556
None,アカエゾマツ,水涵保,None,網走南部,303,り,7.19,None,小清水町,None,他Ｌ,水源涵養,0,144.482446,43.705782
None,天トドマツ,水涵保,None,網走南部,303,い,28.98,None,小清水町,天エゾマツ,他Ｌ,水源涵養,0,144.483503,43.703979
None,他Ｌ,保健保,None,網走南部,303,か,2.8,None,小清水町,シナノキ,天トドマツ,森林空間利用,0,144.480577,43.705477
None,トドマツ,水涵保,None,網走南部,302,る,2.67,None,小清水町,None,他Ｌ,水源涵養,0,144.480549,43.722972
None,カラマツ,水涵保,None,網走南部,309,へ,22.2,None,小清水町,None,他Ｌ,水源涵養,0,144.477647,43.72321
None,カラマツ,水涵保,None,網走南部,309,へ,22.2,None,小清水町,None,他Ｌ,水源涵養,0,144.474562,43.722658
None,天エゾマツ,水涵保,None,網走南部,309,り,7.27,None,小清水町,他Ｌ,天トドマツ,水源涵養,0,144.473634,43.720631
None,トドマツ,水涵保,None,網走南部,302,わ,0.71,None,小清水町,天エゾマツ,ホオノキ,水源涵養,0,144.480049,43.717369
None,アカエゾマツ,水涵保,None,網走南部,302,は,0.59,None,小清水町,他Ｌ,トドマツ,水源涵養,0,144.478471,43.716733
None,トドマツ,水涵保,None,網走南部,302,に,3.04,None,小清水町,None,他Ｌ,水源涵養,0,144.477975,43.715647
None,トドマツ,水涵保,None,網走南部,309,ほ,19.75,None,小清水町,None,None,水源涵養,0,144.472248,43.718115
None,天トドマツ,水涵保,None,網走南部,305,た,5.63,None,小清水町,天エゾマツ,他Ｌ,水源涵養,0,144.477038,43.714372
None,カラマツ,水涵保,None,網走南部,309,よ,20.27,None,小清水町,None,他Ｌ,水源涵養,0,144.472224,43.724306
None,トドマツ,水涵保,None,網走南部,314,か,16.16,None,小清水町,None,他Ｌ,水源涵養,0,144.466743,43.723468
None,天エゾマツ,水涵保,None,網走南部,314,い,41.4,None,小清水町,他Ｌ,天トドマツ,水源涵養,0,144.464453,43.721424
None,天トドマツ,水涵保,None,網走南部,309,ぬ,2.81,None,小清水町,天エゾマツ,他Ｌ,水源涵養,0,144.471287,43.715899
None,トドマツ,水涵保,None,網走南部,314,わ,20.13,None,小清水町,None,他Ｌ,水源涵養,0,144.467624,43.719133
None,トドマツ,水涵保,None,網走南部,302,よ,0.66,None,小清水町,None,他Ｌ,水源涵養,0,144.478621,43.714184
None,天トドマツ,水涵保,None,網走南部,305,は,7.45,None,小清水町,None,None,水源涵養,0,144.47859,43.711605
None,トドマツ,水涵保,None,網走南部,305,に,1.0,None,小清水町,None,他Ｌ,水源涵養,0,144.479626,43.710003
None,トドマツ,水涵保,None,網走南部,305,に,1.0,None,小清水町,None,他Ｌ,水源涵養,0,144.480187,43.709805
None,トドマツ,水涵保,None,網走南部,305,ろ,13.21,None,小清水町,None,他Ｌ,水源涵養,0,144.478076,43.710062
None,トドマツ,水涵保,None,網走南部,305,ぬ,1.9,None,小清水町,None,他Ｌ,水源涵養,0,144.475347,43.714068
None,トドマツ,水涵保,None,網走南部,305,り,5.89,None,小清水町,None,他Ｌ,水源涵養,0,144.472696,43.713895
None,アカエゾマツ,水涵保,None,網走南部,305,ゆ,3.75,None,小清水町,None,None,水源涵養,0,144.474636,43.714655
None,トドマツ,水涵保,None,網走南部,305,ろ,13.21,None,小清水町,None,他Ｌ,水源涵養,0,144.475252,43.711572
None,アカエゾマツ,水涵保,None,網走南部,305,き,1.11,None,小清水町,None,他Ｌ,水源涵養,0,144.472981,43.710609
None,None,None,None,網走南部,304,イ,2.41,None,小清水町,None,None,森林空間利用,0,144.479977,43.707754
None,アカエゾマツ,保健保,None,網走南部,304,う,7.05,None,小清水町,他Ｌ,他Ｎ,森林空間利用,0,144.478319,43.706976
None,天トドマツ,保健保,None,網走南部,304,ふ,15.81,None,小清水町,天エゾマツ,他Ｌ,森林空間利用,0,144.479636,43.704953
None,アカエゾマツ,保健保,None,網走南部,304,く,0.12,None,小清水町,None,None,森林空間利用,0,144.479591,43.704405
None,アカエゾマツ,保健保,None,網走南部,304,ま,0.52,None,小清水町,None,他Ｌ,森林空間利用,0,144.479225,43.704142
None,天トドマツ,保健保,None,網走南部,304,ふ,15.81,None,小清水町,天エゾマツ,他Ｌ,森林空間利用,0,144.477459,43.704829
None,アカエゾマツ,水涵保,None,網走南部,305,い,10.93,None,小清水町,None,他Ｌ,水源涵養,0,144.475469,43.707908
None,トドマツ,水涵保,None,網走南部,305,ほ,0.55,None,小清水町,None,他Ｌ,水源涵養,0,144.471686,43.712542
None,トドマツ,水涵保,None,網走南部,305,ち,4.43,None,小清水町,None,他Ｌ,水源涵養,0,144.469896,43.713468
None,天トドマツ,水涵保,None,網走南部,305,た,5.63,None,小清水町,天エゾマツ,他Ｌ,水源涵養,0,144.469034,43.714138
None,天トドマツ,水涵保,None,網走南部,305,る,2.98,None,小清水町,None,None,水源涵養,0,144.468471,43.711835
None,トドマツ,水涵保,None,網走南部,305,お,8.77,None,小清水町,None,他Ｌ,水源涵養,0,144.47182,43.711266
None,天トドマツ,水涵保,None,網走南部,305,と,32.32,None,小清水町,他Ｌ,天エゾマツ,水源涵養,0,144.472034,43.708716
None,天トドマツ,水涵保,None,網走南部,305,わ,6.9,None,小清水町,他Ｌ,天エゾマツ,水源涵養,0,144.468996,43.70818
None,アカエゾマツ,水涵保,None,網走南部,305,ね,6.1,None,小清水町,None,他Ｌ,水源涵養,0,144.472069,43.70548
None,アカエゾマツ,水涵保,None,網走南部,305,な,7.0,None,小清水町,None,他Ｌ,水源涵養,0,144.469359,43.705708
None,トドマツ,水涵保,None,網走南部,305,か,5.9,None,小清水町,None,他Ｌ,水源涵養,0,144.467419,43.70897
None,アカエゾマツ,水涵保,None,網走南部,305,な,7.0,None,小清水町,None,他Ｌ,水源涵養,0,144.468165,43.706531
None,天トドマツ,水涵保,None,網走南部,305,と,32.32,None,小清水町,他Ｌ,天エゾマツ,水源涵養,0,144.465925,43.707449
None,天トドマツ,水涵保,None,網走南部,305,と,32.32,None,小清水町,他Ｌ,天エゾマツ,水源涵養,0,144.467281,43.706042
None,トドマツ,水涵保,None,網走南部,305,れ,1.4,None,小清水町,他Ｌ,アカエゾマツ,水源涵養,0,144.464429,43.705497
None,None,水涵保,None,網走南部,305,ロ,0.47,None,小清水町,None,None,水源涵養,0,144.467164,43.705512
None,アカエゾマツ,水涵保,None,網走南部,303,ぬ,11.1,None,小清水町,None,他Ｌ,水源涵養,0,144.487155,43.701122
None,アカエゾマツ,水涵保,None,網走南部,303,た,9.31,None,小清水町,None,他Ｌ,水源涵養,0,144.485849,43.700094
None,アカエゾマツ,水涵保,None,網走南部,303,ぬ,11.1,None,小清水町,None,他Ｌ,水源涵養,0,144.484738,43.702317
None,None,None,None,網走南部,303,ロ,1.03,None,小清水町,None,None,水源涵養,0,144.482991,43.699731
None,アカエゾマツ,水涵保,None,網走南部,303,た,9.31,None,小清水町,None,他Ｌ,水源涵養,0,144.482639,43.700852
None,アカエゾマツ,水涵保,None,網走南部,303,た,9.31,None,小清水町,None,他Ｌ,水源涵養,0,144.482043,43.699659
None,アカエゾマツ,水涵保,None,網走南部,303,る,20.37,None,小清水町,None,他Ｌ,水源涵養,0,144.485512,43.69608
None,アカエゾマツ,水涵保,None,網走南部,303,る,20.37,None,小清水町,None,他Ｌ,水源涵養,0,144.483386,43.696306
None,None,None,None,網走南部,303,イ,4.92,None,小清水町,None,None,水源涵養,0,144.481088,43.700656
None,トドマツ,水涵保,None,網走南部,304,ほ,9.73,None,小清水町,None,他Ｌ,水源涵養,0,144.481314,43.695046
None,アカエゾマツ,水涵保,None,網走南部,303,ろ,22.8,None,小清水町,他Ｌ,他Ｎ,水源涵養,0,144.486672,43.687621
None,トドマツ,水涵保,None,網走南部,304,と,19.58,None,小清水町,None,他Ｌ,水源涵養,0,144.481087,43.691815
None,トドマツ,水涵保,None,網走南部,303,に,3.79,None,小清水町,None,他Ｌ,水源涵養,0,144.483415,43.689586
None,天トドマツ,水涵保,None,網走南部,303,い,28.98,None,小清水町,天エゾマツ,他Ｌ,水源涵養,0,144.484165,43.687027
None,アカエゾマツ,水涵保,None,網走南部,303,と,0.7,None,小清水町,エゾマツ,他Ｌ,水源涵養,0,144.485482,43.682325
None,アカエゾマツ,水涵保,None,網走南部,303,ほ,9.28,None,小清水町,None,他Ｌ,水源涵養,0,144.484329,43.683728
None,None,水涵保,None,網走南部,303,ニ,1.98,None,小清水町,None,None,水源涵養,0,144.476339,43.683407
None,アカエゾマツ,水涵保,None,網走南部,304,ろ,4.48,None,小清水町,他Ｌ,トドマツ,水源涵養,0,144.479047,43.702445
None,トドマツ,保健保,None,網走南部,304,け,0.64,None,小清水町,None,他Ｌ,森林空間利用,0,144.477768,43.703002
None,トドマツ,保健保,None,網走南部,304,な,0.56,None,小清水町,None,他Ｌ,森林空間利用,0,144.476585,43.703322
None,アカエゾマツ,水涵保,None,網走南部,304,は,11.24,None,小清水町,None,他Ｌ,水源涵養,0,144.478881,43.700203
None,天トドマツ,保健保,None,網走南部,304,ふ,15.81,None,小清水町,天エゾマツ,他Ｌ,森林空間利用,0,144.477333,43.70226
None,アカエゾマツ,保健保,None,網走南部,304,る,0.77,None,小清水町,None,他Ｌ,森林空間利用,0,144.475656,43.702579
None,トドマツ,保健保,None,網走南部,304,む,3.66,None,小清水町,None,他Ｌ,森林空間利用,0,144.474506,43.703575
None,天トドマツ,保健保,None,網走南部,304,ふ,15.81,None,小清水町,天エゾマツ,他Ｌ,森林空間利用,0,144.473593,43.702544
None,カラマツ,保健保,None,網走南部,304,ゆ,1.33,None,小清水町,None,他Ｌ,森林空間利用,0,144.476473,43.700595
None,カラマツ,保健保,None,網走南部,304,ね,2.6,None,小清水町,None,他Ｌ,森林空間利用,0,144.475066,43.701059
None,アカエゾマツ,保健保,None,網走南部,304,そ,1.58,None,小清水町,None,他Ｌ,森林空間利用,0,144.474951,43.69972
None,カラマツ,水涵保,None,網走南部,304,こ,0.75,None,小清水町,None,他Ｌ,水源涵養,0,144.473433,43.701078
None,他Ｌ,水涵保,None,網走南部,304,に,6.11,None,小清水町,天エゾマツ,天トドマツ,水源涵養,0,144.479958,43.696871
None,トドマツ,水涵保,None,網走南部,304,へ,14.0,None,小清水町,None,他Ｌ,水源涵養,0,144.477712,43.695553
None,アカエゾマツ,保健保,None,網走南部,304,め,0.44,None,小清水町,None,他Ｌ,森林空間利用,0,144.474989,43.698048
None,トドマツ,保健保,None,網走南部,304,え,5.17,None,小清水町,None,他Ｌ,森林空間利用,0,144.473818,43.69843
None,トドマツ,保健保,None,網走南部,304,み,4.93,None,小清水町,None,他Ｌ,森林空間利用,0,144.473854,43.696365
None,天トドマツ,水涵保,None,網走南部,304,の,1.62,None,小清水町,None,他Ｌ,水源涵養,0,144.472627,43.703112
None,カラマツ,水涵保,None,網走南部,304,い,9.46,None,小清水町,None,他Ｌ,水源涵養,0,144.470707,43.701636
None,トドマツ,水涵保,None,網走南部,304,れ,3.63,None,小清水町,None,他Ｌ,水源涵養,0,144.472292,43.698905
None,カラマツ,水涵保,None,網走南部,304,つ,5.42,None,小清水町,None,他Ｌ,水源涵養,0,144.470228,43.698951
None,トドマツ,水涵保,None,網走南部,305,む,3.0,None,小清水町,None,他Ｌ,水源涵養,0,144.465912,43.70356
None,アカエゾマツ,水涵保,None,網走南部,305,ら,6.78,None,小清水町,None,他Ｌ,水源涵養,0,144.466524,43.70064
None,天トドマツ,水涵保,None,網走南部,305,と,32.32,None,小清水町,他Ｌ,天エゾマツ,水源涵養,0,144.478399,43.709413
None,天トドマツ,保健保,None,網走南部,304,ふ,15.81,None,小清水町,天エゾマツ,他Ｌ,森林空間利用,0,144.470774,43.695924
None,他Ｌ,水涵保,None,網走南部,304,た,8.86,None,小清水町,天エゾマツ,天トドマツ,水源涵養,0,144.469063,43.697943
None,アカエゾマツ,保健保,None,網走南部,304,し,0.19,None,小清水町,None,他Ｌ,森林空間利用,0,144.472198,43.695212
None,天トドマツ,保健保,None,網走南部,304,ふ,15.81,None,小清水町,天エゾマツ,他Ｌ,森林空間利用,0,144.471768,43.695206
None,アカエゾマツ,保健保,None,網走南部,304,や,0.31,None,小清水町,None,他Ｌ,森林空間利用,0,144.471205,43.695597
None,トドマツ,保健保,None,網走南部,304,ひ,2.17,None,小清水町,None,他Ｌ,森林空間利用,0,144.468941,43.692488
None,トドマツ,水涵保,None,網走南部,304,き,2.87,None,小清水町,None,他Ｌ,水源涵養,0,144.469101,43.693732
None,トドマツ,水涵保,None,網走南部,304,よ,17.98,None,小清水町,None,他Ｌ,水源涵養,0,144.466927,43.697327
None,アカエゾマツ,水涵保,None,網走南部,304,わ,4.6,None,小清水町,None,他Ｌ,水源涵養,0,144.465725,43.694542
None,トドマツ,水涵保,None,網走南部,304,ち,25.37,None,小清水町,None,他Ｌ,水源涵養,0,144.477651,43.690542
None,トドマツ,水涵保,None,網走南部,304,ら,1.83,None,小清水町,None,他Ｌ,水源涵養,0,144.476227,43.692699
None,トドマツ,水涵保,None,網走南部,304,り,21.26,None,小清水町,None,他Ｌ,水源涵養,0,144.477992,43.684735
None,トドマツ,水涵保,None,網走南部,303,れ,2.14,None,小清水町,None,None,水源涵養,0,144.477127,43.681991
None,None,None,None,網走南部,304,ロ,0.37,None,小清水町,None,None,水源涵養,0,144.474712,43.686486
None,トドマツ,水涵保,None,網走南部,304,り,21.26,None,小清水町,None,他Ｌ,水源涵養,0,144.475342,43.685603
None,トドマツ,水涵保,None,網走南部,303,は,23.42,None,小清水町,None,他Ｌ,水源涵養,0,144.475619,43.683903
None,トドマツ,水涵保,None,網走南部,303,は,23.42,None,小清水町,None,他Ｌ,水源涵養,0,144.475897,43.682471
None,トドマツ,保健保,None,網走南部,304,て,8.97,None,小清水町,None,他Ｌ,森林空間利用,0,144.468197,43.690103
None,トドマツ,水涵保,None,網走南部,304,ぬ,43.4,None,小清水町,None,他Ｌ,水源涵養,0,144.472168,43.689034
None,トドマツ,保健保,None,網走南部,304,あ,1.62,None,小清水町,None,他Ｌ,森林空間利用,0,144.467957,43.692022
None,トドマツ,保健保,None,網走南部,304,も,1.36,None,小清水町,None,他Ｌ,森林空間利用,0,144.466201,43.688873
None,トドマツ,水涵保,None,網走南部,304,さ,4.37,None,小清水町,None,他Ｌ,水源涵養,0,144.464808,43.688037
None,トドマツ,水涵保,None,網走南部,314,る,18.56,None,小清水町,None,他Ｌ,水源涵養,0,144.463362,43.724813
None,トドマツ,水涵保,None,網走南部,314,ぬ,0.05,None,小清水町,None,None,水源涵養,0,144.463173,43.722933
None,トドマツ,水涵保,None,網走南部,314,る,18.56,None,小清水町,None,他Ｌ,水源涵養,0,144.461369,43.721955
None,トドマツ,水涵保,None,網走南部,314,る,18.56,None,小清水町,None,他Ｌ,水源涵養,0,144.463287,43.721313
None,トドマツ,水涵保,None,網走南部,314,へ,0.8,None,小清水町,None,他Ｌ,水源涵養,0,144.459524,43.722708
None,トドマツ,水涵保,None,網走南部,317,い,11.81,None,小清水町,None,他Ｌ,水源涵養,0,144.457284,43.724269
None,トドマツ,水涵保,None,網走南部,314,り,0.15,None,小清水町,None,他Ｌ,水源涵養,0,144.462136,43.719659
None,天アカエゾ,水涵保,None,網走南部,315,ほ,13.25,None,小清水町,天トドマツ,天エゾマツ,水源涵養,0,144.461605,43.719247
None,天アカエゾ,水涵保,None,網走南部,315,ほ,13.25,None,小清水町,天トドマツ,天エゾマツ,水源涵養,0,144.46146,43.718538
None,アカエゾマツ,水涵保,None,網走南部,315,へ,1.49,None,小清水町,None,他Ｌ,水源涵養,0,144.461695,43.717093
None,アカエゾマツ,水涵保,None,網走南部,315,へ,1.49,None,小清水町,None,他Ｌ,水源涵養,0,144.46087,43.71801
None,天アカエゾ,水涵保,None,網走南部,315,ほ,13.25,None,小清水町,天トドマツ,天エゾマツ,水源涵養,0,144.464569,43.716525
None,天エゾマツ,水涵保,None,網走南部,315,り,46.31,None,小清水町,他Ｌ,天トドマツ,水源涵養,0,144.462675,43.715963
None,天エゾマツ,水涵保,None,網走南部,315,り,46.31,None,小清水町,他Ｌ,天トドマツ,水源涵養,0,144.461852,43.716115
None,天トドマツ,水涵保,None,網走南部,316,ほ,27.6,None,小清水町,他Ｌ,天エゾマツ,水源涵養,0,144.460866,43.719368
None,アカエゾマツ,水涵保,None,網走南部,316,ぬ,0.33,None,小清水町,None,他Ｌ,水源涵養,0,144.460693,43.718742
None,トドマツ,水涵保,None,網走南部,316,は,5.31,None,小清水町,None,他Ｌ,水源涵養,0,144.459431,43.719215
None,他Ｌ,水涵保,None,網走南部,315,よ,2.41,None,小清水町,天エゾマツ,天トドマツ,水源涵養,0,144.459522,43.714641
None,トドマツ,水涵保,None,網走南部,316,わ,5.7,None,小清水町,None,他Ｌ,水源涵養,0,144.457338,43.714068
None,アカエゾマツ,水涵保,None,網走南部,316,に,1.68,None,小清水町,None,他Ｌ,水源涵養,0,144.458212,43.715515
None,None,水涵保,None,網走南部,317,ニ,0.32,None,小清水町,None,None,水源涵養,0,144.457016,43.722294
None,トドマツ,水涵保,None,網走南部,317,い,11.81,None,小清水町,None,他Ｌ,水源涵養,0,144.455284,43.723467
None,トドマツ,水涵保,None,網走南部,317,へ,13.53,None,小清水町,None,他Ｌ,水源涵養,0,144.451915,43.722751
None,天トドマツ,水涵保,None,網走南部,317,と,91.6,None,小清水町,他Ｌ,天エゾマツ,水源涵養,0,144.449344,43.721292
None,トドマツ,水涵保,None,網走南部,317,よ,14.8,None,小清水町,None,他Ｌ,水源涵養,0,144.453268,43.718454
None,トドマツ,水涵保,None,網走南部,316,ち,5.22,None,小清水町,None,他Ｌ,水源涵養,0,144.449395,43.716279
None,天トドマツ,水涵保,None,網走南部,316,ほ,27.6,None,小清水町,他Ｌ,天エゾマツ,水源涵養,0,144.456547,43.716039
None,トドマツ,水涵保,None,網走南部,315,わ,2.19,None,小清水町,None,他Ｌ,水源涵養,0,144.462333,43.713715
None,アカエゾマツ,水涵保,None,網走南部,315,に,22.09,None,小清水町,None,他Ｌ,水源涵養,0,144.46421,43.711594
None,アカエゾマツ,水涵保,None,網走南部,315,に,22.09,None,小清水町,None,他Ｌ,水源涵養,0,144.461409,43.713972
None,天エゾマツ,水涵保,None,網走南部,315,り,46.31,None,小清水町,他Ｌ,天トドマツ,水源涵養,0,144.463235,43.709361
None,トドマツ,水涵保,None,網走南部,315,ち,17.44,None,小清水町,None,他Ｌ,水源涵養,0,144.457839,43.711301
None,None,None,None,網走南部,315,イ,12.65,None,小清水町,None,None,水源涵養,0,144.459957,43.710133
None,アカエゾマツ,水涵保,None,網走南部,315,な,5.71,None,小清水町,None,他Ｌ,水源涵養,0,144.459383,43.710161
None,トドマツ,水涵保,None,網走南部,315,い,8.86,None,小清水町,None,他Ｌ,水源涵養,0,144.461611,43.708697
None,None,None,None,網走南部,305,イ,3.7,None,小清水町,None,None,水源涵養,0,144.464554,43.704845
None,トドマツ,水涵保,None,網走南部,305,よ,10.43,None,小清水町,None,他Ｌ,水源涵養,0,144.46405,43.70427
None,トドマツ,水涵保,None,網走南部,305,よ,10.43,None,小清水町,None,他Ｌ,水源涵養,0,144.462745,43.705787
None,アカエゾマツ,水涵保,None,網走南部,315,な,5.71,None,小清水町,None,他Ｌ,水源涵養,0,144.458809,43.707173
None,トドマツ,水涵保,None,網走南部,305,よ,10.43,None,小清水町,None,他Ｌ,水源涵養,0,144.46079,43.705887
None,天トドマツ,水涵保,None,網走南部,305,て,0.57,None,小清水町,天エゾマツ,他Ｌ,水源涵養,0,144.460581,43.704397
None,トドマツ,水涵保,None,網走南部,315,ぬ,22.58,None,小清水町,None,他Ｌ,水源涵養,0,144.45651,43.705342
None,天エゾマツ,水涵保,None,網走南部,315,り,46.31,None,小清水町,他Ｌ,天トドマツ,水源涵養,0,144.458522,43.704375
None,天トドマツ,水涵保,None,網走南部,316,ほ,27.6,None,小清水町,他Ｌ,天エゾマツ,水源涵養,0,144.456841,43.713101
None,None,None,None,網走南部,316,イ,4.63,None,小清水町,None,None,水源涵養,0,144.457699,43.717904
None,トドマツ,水涵保,None,網走南部,316,い,24.7,None,小清水町,None,他Ｌ,水源涵養,0,144.452948,43.71447
None,トドマツ,水涵保,None,網走南部,316,い,24.7,None,小清水町,None,他Ｌ,水源涵養,0,144.449529,43.711445
None,天エゾマツ,水涵保,None,網走南部,315,り,46.31,None,小清水町,他Ｌ,天トドマツ,水源涵養,0,144.452658,43.709811
None,トドマツ,水涵保,None,網走南部,315,ぬ,22.58,None,小清水町,None,他Ｌ,水源涵養,0,144.455633,43.70768
None,アカエゾマツ,水涵保,None,網走南部,315,ろ,11.65,None,小清水町,None,他Ｌ,水源涵養,0,144.45532,43.704059
None,アカエゾマツ,水涵保,None,網走南部,315,ろ,11.65,None,小清水町,None,他Ｌ,水源涵養,0,144.45431,43.706287
None,None,None,None,網走南部,315,ロ,0.97,None,小清水町,None,None,水源涵養,0,144.451618,43.706685
None,トドマツ,水涵保,None,網走南部,315,ぬ,22.58,None,小清水町,None,他Ｌ,水源涵養,0,144.452252,43.705882
None,天エゾマツ,水涵保,None,網走南部,315,り,46.31,None,小清水町,他Ｌ,天トドマツ,水源涵養,0,144.45159,43.704939
None,トドマツ,水涵保,None,網走南部,317,う,9.85,None,小清水町,None,他Ｌ,水源涵養,0,144.448322,43.723354
None,None,None,None,網走南部,317,ハ,0.46,None,小清水町,None,None,水源涵養,0,144.445073,43.724319
None,トドマツ,水涵保,None,網走南部,317,ら,5.83,None,小清水町,None,他Ｌ,水源涵養,0,144.442642,43.722809
None,トドマツ,水涵保,None,網走南部,317,わ,6.24,None,小清水町,None,他Ｌ,水源涵養,0,144.444964,43.722303
None,トドマツ,水涵保,None,網走南部,317,つ,0.83,None,小清水町,None,他Ｌ,水源涵養,0,144.442083,43.720646
None,トドマツ,水涵保,None,網走南部,317,か,14.3,None,小清水町,None,他Ｌ,水源涵養,0,144.446596,43.719084
None,天エゾマツ,水涵保,None,網走南部,316,り,1.44,None,小清水町,他Ｌ,天トドマツ,水源涵養,0,144.448388,43.715146
None,トドマツ,水涵保,None,網走南部,317,む,4.88,None,小清水町,None,他Ｌ,水源涵養,0,144.443352,43.71922
None,トドマツ,水涵保,None,網走南部,317,な,0.9,None,小清水町,None,他Ｌ,水源涵養,0,144.442106,43.718252
None,天トドマツ,水涵保,None,網走南部,317,と,91.6,None,小清水町,他Ｌ,天エゾマツ,水源涵養,0,144.441727,43.717805
None,トドマツ,水涵保,None,網走南部,317,は,11.13,None,小清水町,None,他Ｌ,水源涵養,0,144.442806,43.716491
None,トドマツ,水涵保,None,網走南部,317,る,11.03,None,小清水町,None,他Ｌ,水源涵養,0,144.440033,43.724721
None,トドマツ,水涵保,None,網走南部,317,ち,13.76,None,小清水町,None,他Ｌ,水源涵養,0,144.436805,43.719741
None,トドマツ,水涵保,None,網走南部,317,は,11.13,None,小清水町,None,他Ｌ,水源涵養,0,144.440413,43.71733
None,天エゾマツ,水涵保,None,網走南部,317,ね,17.36,None,小清水町,他Ｌ,天トドマツ,水源涵養,0,144.438524,43.71657
None,トドマツ,水涵保,None,網走南部,322,り,6.16,None,小清水町,None,他Ｌ,水源涵養,0,144.433973,43.715996
None,トドマツ,水涵保,None,網走南部,316,る,1.06,None,小清水町,None,他Ｌ,水源涵養,0,144.446861,43.712987
None,天エゾマツ,水涵保,None,網走南部,316,へ,1.62,None,小清水町,他Ｌ,天トドマツ,水源涵養,0,144.447064,43.710916
None,トドマツ,水涵保,None,網走南部,316,と,11.05,None,小清水町,None,他Ｌ,水源涵養,0,144.445597,43.711554
None,トドマツ,水涵保,None,網走南部,316,と,11.05,None,小清水町,None,他Ｌ,水源涵養,0,144.445309,43.713755
None,None,水涵保,None,網走南部,316,ロ,0.75,None,小清水町,None,None,水源涵養,0,144.445159,43.712619
None,天トドマツ,水涵保,None,網走南部,317,と,91.6,None,小清水町,他Ｌ,天エゾマツ,水源涵養,0,144.442667,43.713511
None,天トドマツ,水涵保,None,網走南部,316,ほ,27.6,None,小清水町,他Ｌ,天エゾマツ,水源涵養,0,144.442147,43.712326
None,天エゾマツ,水涵保,None,網走南部,315,は,110.78,None,小清水町,他Ｌ,ダケカンバ,水源涵養,0,144.445083,43.707043
None,トドマツ,水涵保,None,網走南部,315,る,5.75,None,小清水町,None,他Ｌ,水源涵養,0,144.448071,43.70546
None,トドマツ,水涵保,None,網走南部,315,る,5.75,None,小清水町,None,他Ｌ,水源涵養,0,144.448648,43.704856
None,天エゾマツ,水涵保,None,網走南部,316,ろ,38.2,None,小清水町,ダケカンバ,天トドマツ,水源涵養,0,144.442294,43.709039
None,トドマツ,水涵保,None,網走南部,315,つ,1.92,None,小清水町,None,他Ｌ,水源涵養,0,144.442699,43.706103
None,アカエゾマツ,水涵保,None,網走南部,315,そ,1.48,None,小清水町,None,他Ｌ,水源涵養,0,144.442425,43.704343
None,天トドマツ,水涵保,None,網走南部,317,に,43.96,None,小清水町,天エゾマツ,ダケカンバ,水源涵養,0,144.437289,43.710941
None,アカエゾマツ,水涵保,None,網走南部,315,と,9.69,None,小清水町,None,他Ｌ,水源涵養,0,144.434073,43.703685
None,トドマツ,水涵保,None,網走南部,305,の,0.3,None,小清水町,None,None,水源涵養,0,144.464515,43.703475
None,トドマツ,水涵保,None,網走南部,305,む,3.0,None,小清水町,None,他Ｌ,水源涵養,0,144.4641,43.702947
None,アカエゾマツ,水涵保,None,網走南部,305,く,2.77,None,小清水町,None,他Ｌ,水源涵養,0,144.46322,43.703437
None,アカエゾマツ,水涵保,None,網走南部,305,う,3.28,None,小清水町,None,他Ｌ,水源涵養,0,144.464521,43.701805
None,天トドマツ,水涵保,None,網走南部,305,と,32.32,None,小清水町,他Ｌ,天エゾマツ,水源涵養,0,144.462728,43.702749
None,天エゾマツ,水涵保,None,網走南部,305,へ,52.09,None,小清水町,ダケカンバ,他Ｌ,水源涵養,0,144.463686,43.699234
None,天トドマツ,水涵保,None,網走南部,305,と,32.32,None,小清水町,他Ｌ,天エゾマツ,水源涵養,0,144.461379,43.702906
None,天トドマツ,水涵保,None,網走南部,305,と,32.32,None,小清水町,他Ｌ,天エゾマツ,水源涵養,0,144.459356,43.70364
None,アカエゾマツ,水涵保,None,網走南部,305,ま,4.18,None,小清水町,None,他Ｌ,水源涵養,0,144.457763,43.702174
None,アカエゾマツ,水涵保,None,網走南部,305,や,10.33,None,小清水町,None,他Ｌ,水源涵養,0,144.461033,43.700968
None,アカエゾマツ,水涵保,None,網走南部,305,そ,14.25,None,小清水町,None,他Ｌ,水源涵養,0,144.461454,43.696849
None,トドマツ,水涵保,None,網走南部,304,か,12.54,None,小清水町,None,他Ｌ,水源涵養,0,144.463261,43.693845
None,天エゾマツ,水涵保,None,網走南部,305,へ,52.09,None,小清水町,ダケカンバ,他Ｌ,水源涵養,0,144.459469,43.694974
None,アカエゾマツ,水涵保,None,網走南部,305,あ,5.81,None,小清水町,None,他Ｌ,水源涵養,0,144.457476,43.695588
None,None,水涵保,None,網走南部,305,ハ,0.54,None,小清水町,None,None,水源涵養,0,144.453846,43.697178
None,アカエゾマツ,水涵保,None,網走南部,315,ね,0.98,None,小清水町,None,None,水源涵養,0,144.4513,43.703717
None,トドマツ,水涵保,None,網走南部,315,る,5.75,None,小清水町,None,他Ｌ,水源涵養,0,144.450111,43.704624
None,None,None,None,網走南部,315,ハ,1.8,None,小清水町,None,None,水源涵養,0,144.450203,43.699148
None,アカエゾマツ,水涵保,None,網走南部,305,さ,9.35,None,小清水町,None,他Ｌ,水源涵養,0,144.45535,43.696073
None,アカエゾマツ,水涵保,None,網走南部,305,つ,12.88,None,小清水町,None,他Ｌ,水源涵養,0,144.453028,43.697324
None,アカエゾマツ,水涵保,None,網走南部,305,つ,12.88,None,小清水町,None,他Ｌ,水源涵養,0,144.452649,43.694547
None,天エゾマツ,水涵保,None,網走南部,305,へ,52.09,None,小清水町,ダケカンバ,他Ｌ,水源涵養,0,144.454039,43.698567
None,トドマツ,水涵保,None,網走南部,304,お,23.63,None,小清水町,None,他Ｌ,水源涵養,0,144.463601,43.690656
None,天エゾマツ,水涵保,None,網走南部,315,は,110.78,None,小清水町,他Ｌ,ダケカンバ,水源涵養,0,144.445311,43.703646
None,天エゾマツ,水涵保,None,網走南部,315,は,110.78,None,小清水町,他Ｌ,ダケカンバ,水源涵養,0,144.448811,43.70109
None,天エゾマツ,水涵保,None,網走南部,315,は,110.78,None,小清水町,他Ｌ,ダケカンバ,水源涵養,0,144.439475,43.704247
None,None,None,None,網走南部,315,ハ,1.8,None,小清水町,None,None,水源涵養,0,144.443138,43.699384
None,アカエゾマツ,水涵保,None,網走南部,305,こ,7.59,None,小清水町,None,他Ｌ,水源涵養,0,144.444953,43.695996
None,None,None,None,網走南部,315,ハ,1.8,None,小清水町,None,None,水源涵養,0,144.441266,43.703515
None,アカエゾマツ,水涵保,None,網走南部,315,と,9.69,None,小清水町,None,他Ｌ,水源涵養,0,144.437298,43.699929
None,天エゾマツ,水涵保,None,網走南部,315,か,33.93,None,小清水町,他Ｌ,ダケカンバ,水源涵養,0,144.435353,43.697628
None,トドマツ,水涵保,None,網走南部,329,ぬ,3.78,None,小清水町,None,他Ｌ,水源涵養,0,144.433639,43.766415
None,トドマツ,水涵保,None,網走南部,329,る,12.7,None,小清水町,None,他Ｌ,水源涵養,0,144.43293,43.763312
None,ダケカンバ,水涵保,None,網走南部,329,よ,8.3,None,小清水町,ウダイカンバ,トドマツ,水源涵養,0,144.430199,43.76542
None,カラマツ,水涵保,None,網走南部,332,い,11.14,None,小清水町,None,他Ｌ,水源涵養,0,144.427753,43.762531
None,トドマツ,水涵保,None,網走南部,329,つ,12.78,None,小清水町,None,他Ｌ,水源涵養,0,144.430435,43.759499
None,天トドマツ,水涵保,None,網走南部,332,は,24.41,None,小清水町,天エゾマツ,他Ｌ,水源涵養,0,144.429553,43.761505
None,トドマツ,水涵保,None,網走南部,329,か,5.91,None,小清水町,None,他Ｌ,水源涵養,0,144.428654,43.757783
None,カラマツ,水涵保,None,網走南部,332,ろ,4.66,None,小清水町,None,他Ｌ,水源涵養,0,144.426449,43.758957
None,トドマツ,水涵保,None,網走南部,331,や,1.44,None,小清水町,None,他Ｌ,水源涵養,0,144.420251,43.76791
None,トドマツ,水涵保,None,網走南部,331,ま,1.79,None,小清水町,None,他Ｌ,水源涵養,0,144.420857,43.765849
None,天トドマツ,水涵保,None,網走南部,332,へ,6.83,None,小清水町,シナノキ,天エゾマツ,水源涵養,0,144.420012,43.758889
None,天トドマツ,水涵保,None,網走南部,331,ろ,86.42,None,小清水町,シナノキ,他Ｌ,水源涵養,0,144.41984,43.766712
None,天トドマツ,水涵保,None,網走南部,332,へ,6.83,None,小清水町,シナノキ,天エゾマツ,水源涵養,0,144.419047,43.759996
None,None,水涵保,None,網走南部,332,ハ,0.34,None,小清水町,None,None,水源涵養,0,144.420182,43.762766
None,天トドマツ,水涵保,None,網走南部,332,は,24.41,None,小清水町,天エゾマツ,他Ｌ,水源涵養,0,144.419432,43.755888
None,天トドマツ,水涵保,None,網走南部,332,と,4.7,None,小清水町,シナノキ,天エゾマツ,水源涵養,0,144.418915,43.757992
None,カラマツ,水涵保,None,網走南部,329,わ,8.18,None,小清水町,None,他Ｌ,水源涵養,0,144.432046,43.755668
None,カラマツ,水涵保,None,網走南部,329,れ,4.34,None,小清水町,None,他Ｌ,水源涵養,0,144.430189,43.756962
None,天トドマツ,水涵保,None,網走南部,326,う,3.21,None,小清水町,シナノキ,天エゾマツ,水源涵養,0,144.431131,43.753423
None,None,水涵保,None,網走南部,329,ハ,0.36,None,小清水町,None,None,水源涵養,0,144.426683,43.754989
None,アカエゾマツ,水涵保,None,網走南部,329,ら,1.43,None,小清水町,None,他Ｌ,水源涵養,0,144.429237,43.756084
None,カラマツ,水涵保,None,網走南部,329,れ,4.34,None,小清水町,None,他Ｌ,水源涵養,0,144.427695,43.755585
None,天トドマツ,水涵保,None,網走南部,326,の,5.26,None,小清水町,シナノキ,天エゾマツ,水源涵養,0,144.428775,43.752605
None,天トドマツ,水涵保,None,網走南部,326,な,2.13,None,小清水町,シナノキ,天エゾマツ,水源涵養,0,144.433278,43.751878
None,天トドマツ,水涵保,None,網走南部,326,な,2.13,None,小清水町,シナノキ,天エゾマツ,水源涵養,0,144.432309,43.751982
None,カラマツ,水涵保,None,網走南部,326,こ,0.58,None,小清水町,None,他Ｌ,水源涵養,0,144.433384,43.750267
None,天エゾマツ,水涵保,None,網走南部,326,ひ,1.68,None,小清水町,アカエゾマツ,天トドマツ,水源涵養,0,144.432074,43.7499
None,天エゾマツ,水涵保,None,網走南部,326,ひ,1.68,None,小清水町,アカエゾマツ,天トドマツ,水源涵養,0,144.431078,43.75064
None,天トドマツ,水涵保,None,網走南部,326,ら,2.8,None,小清水町,シナノキ,天エゾマツ,水源涵養,0,144.429925,43.750275
None,カラマツ,水涵保,None,網走南部,326,え,0.66,None,小清水町,None,他Ｌ,水源涵養,0,144.432686,43.749298
None,トドマツ,水涵保,None,網走南部,326,か,1.82,None,小清水町,None,他Ｌ,水源涵養,0,144.43276,43.747584
None,カラマツ,水涵保,None,網走南部,326,て,0.47,None,小清水町,None,他Ｌ,水源涵養,0,144.431402,43.747874
None,天トドマツ,水涵保,None,網走南部,326,く,4.15,None,小清水町,シナノキ,天エゾマツ,水源涵養,0,144.426056,43.751198
None,天トドマツ,水涵保,None,網走南部,326,む,4.33,None,小清水町,シナノキ,天エゾマツ,水源涵養,0,144.428413,43.749184
None,天トドマツ,水涵保,None,網走南部,326,い,103.54,None,小清水町,他Ｌ,天エゾマツ,水源涵養,0,144.424223,43.744416
None,天トドマツ,水涵保,None,網走南部,326,ま,4.47,None,小清水町,シナノキ,天エゾマツ,水源涵養,0,144.427498,43.746879
None,カラマツ,水涵保,None,網走南部,332,に,14.03,None,小清水町,None,他Ｌ,水源涵養,0,144.423686,43.755068
None,None,水涵保,None,網走南部,332,イ,0.26,None,小清水町,None,None,水源涵養,0,144.422228,43.753928
None,カラマツ,水涵保,None,網走南部,332,に,14.03,None,小清水町,None,他Ｌ,水源涵養,0,144.425315,43.752336
None,トドマツ,水涵保,None,網走南部,332,ほ,1.14,None,小清水町,None,他Ｌ,水源涵養,0,144.421189,43.75571
None,天トドマツ,水涵保,None,網走南部,332,と,4.7,None,小清水町,シナノキ,天エゾマツ,水源涵養,0,144.417974,43.754843
None,None,None,None,網走南部,332,ロ,1.1,None,小清水町,None,None,水源涵養,0,144.42145,43.754142
None,天トドマツ,水涵保,None,網走南部,332,は,24.41,None,小清水町,天エゾマツ,他Ｌ,水源涵養,0,144.421656,43.753589
None,トドマツ,水涵保,None,網走南部,334,ろ,8.36,None,小清水町,None,他Ｌ,水源涵養,0,144.422225,43.749892
None,天トドマツ,水涵保,None,網走南部,326,や,5.43,None,小清水町,シナノキ,天エゾマツ,水源涵養,0,144.42543,43.748762
None,トドマツ,None,None,網走南部,334,ほ,6.24,None,小清水町,None,他Ｌ,水源涵養,0,144.422431,43.746695
None,トドマツ,水涵保,None,網走南部,334,は,6.13,None,小清水町,None,他Ｌ,水源涵養,0,144.420516,43.751138
None,トドマツ,水涵保,None,網走南部,334,に,0.77,None,小清水町,None,None,水源涵養,0,144.418702,43.751266
None,トドマツ,水涵保,None,網走南部,331,と,5.28,None,小清水町,None,None,水源涵養,0,144.416038,43.768496
None,トドマツ,水涵保,None,網走南部,331,ち,8.88,None,小清水町,None,他Ｌ,水源涵養,0,144.417191,43.763852
None,トドマツ,水涵保,None,網走南部,331,り,6.25,None,小清水町,None,他Ｌ,水源涵養,0,144.414718,43.764985
None,カラマツ,水涵保,None,網走南部,341,い,24.27,None,小清水町,None,他Ｌ,水源涵養,0,144.412672,43.767713
None,カラマツ,水涵保,None,網走南部,331,ぬ,8.66,None,小清水町,None,他Ｌ,水源涵養,0,144.417332,43.760606
None,None,水涵保,None,網走南部,331,ロ,0.45,None,小清水町,None,None,水源涵養,0,144.417145,43.759237
None,カラマツ,水涵保,None,網走南部,331,ぬ,8.66,None,小清水町,None,他Ｌ,水源涵養,0,144.416827,43.757884
None,アカエゾマツ,水涵保,None,網走南部,331,き,4.0,None,小清水町,トドマツ,他Ｌ,水源涵養,0,144.414802,43.760015
None,トドマツ,水涵保,None,網走南部,331,む,1.85,None,小清水町,None,他Ｌ,水源涵養,0,144.415662,43.7583
None,トドマツ,水涵保,None,網走南部,331,お,6.54,None,小清水町,None,他Ｌ,水源涵養,0,144.412941,43.762256
None,トドマツ,水涵保,None,網走南部,331,わ,7.62,None,小清水町,None,他Ｌ,水源涵養,0,144.410553,43.760098
None,アカエゾマツ,水涵保,None,網走南部,331,さ,0.8,None,小清水町,他Ｌ,トドマツ,水源涵養,0,144.412391,43.758177
None,カラマツ,水涵保,None,網走南部,341,る,8.01,None,小清水町,None,他Ｌ,水源涵養,0,144.40993,43.764874
None,カラマツ,水涵保,None,網走南部,341,に,13.88,None,小清水町,None,他Ｌ,水源涵養,0,144.407871,43.762855
None,カラマツ,水涵保,None,網走南部,341,か,3.56,None,小清水町,None,他Ｌ,水源涵養,0,144.40528,43.767617
None,天トドマツ,水涵保,None,網走南部,341,へ,103.06,None,小清水町,天エゾマツ,他Ｌ,水源涵養,0,144.404291,43.767571
None,None,None,None,網走南部,341,イ,10.13,None,小清水町,None,None,水源涵養,0,144.412376,43.772028
None,カラマツ,水涵保,None,網走南部,341,か,3.56,None,小清水町,None,他Ｌ,水源涵養,0,144.404759,43.766353
None,トドマツ,水涵保,None,網走南部,344,り,7.92,None,小清水町,None,他Ｌ,水源涵養,0,144.402972,43.76824
None,天トドマツ,水涵保,None,網走南部,341,へ,103.06,None,小清水町,天エゾマツ,他Ｌ,水源涵養,0,144.404077,43.766455
None,カラマツ,水涵保,None,網走南部,341,よ,9.43,None,小清水町,トドマツ,他Ｌ,水源涵養,0,144.404055,43.764415
None,カラマツ,水涵保,None,網走南部,341,ろ,10.64,None,小清水町,None,他Ｌ,水源涵養,0,144.406553,43.758121
None,カラマツ,水涵保,None,網走南部,331,ぬ,8.66,None,小清水町,None,他Ｌ,水源涵養,0,144.416941,43.756322
None,カラマツ,水涵保,None,網走南部,331,る,10.01,None,小清水町,None,他Ｌ,水源涵養,0,144.41449,43.753493
None,カラマツ,水涵保,None,網走南部,331,ね,2.95,None,小清水町,None,他Ｌ,水源涵養,0,144.413334,43.756299
None,トドマツ,水涵保,None,網走南部,331,か,8.37,None,小清水町,None,他Ｌ,水源涵養,0,144.410572,43.757203
None,天トドマツ,水涵保,None,網走南部,331,ろ,86.42,None,小清水町,シナノキ,他Ｌ,水源涵養,0,144.408187,43.754645
None,カラマツ,水涵保,None,網走南部,331,た,4.3,None,小清水町,None,他Ｌ,水源涵養,0,144.411995,43.752868
None,None,水涵保,None,網走南部,331,ニ,0.82,None,小清水町,None,None,水源涵養,0,144.411613,43.754061
None,カラマツ,水涵保,None,網走南部,331,た,4.3,None,小清水町,None,他Ｌ,水源涵養,0,144.410489,43.752364
None,トドマツ,水涵保,None,網走南部,333,り,0.6,None,小清水町,None,他Ｌ,水源涵養,0,144.417215,43.749716
None,トドマツ,水涵保,None,網走南部,334,へ,0.3,None,小清水町,None,他Ｌ,水源涵養,0,144.417808,43.747953
None,アカエゾマツ,水涵保,None,網走南部,331,て,0.75,None,小清水町,None,None,水源涵養,0,144.412897,43.751734
None,トドマツ,水涵保,None,網走南部,331,ら,4.5,None,小清水町,None,None,水源涵養,0,144.410702,43.751123
None,トドマツ,水涵保,None,網走南部,333,ろ,17.13,None,小清水町,None,他Ｌ,水源涵養,0,144.41319,43.749318
None,天トドマツ,水涵保,None,網走南部,341,へ,103.06,None,小清水町,天エゾマツ,他Ｌ,水源涵養,0,144.405121,43.749223
None,トドマツ,水涵保,None,網走南部,331,よ,6.25,None,小清水町,None,他Ｌ,水源涵養,0,144.410041,43.754267
None,アカエゾマツ,水涵保,None,網走南部,331,あ,0.63,None,小清水町,None,None,水源涵養,0,144.408823,43.753442
None,カラマツ,水涵保,None,網走南部,341,た,10.33,None,小清水町,None,他Ｌ,水源涵養,0,144.403199,43.759618
None,カラマツ,水涵保,None,網走南部,341,ら,14.6,None,小清水町,None,他Ｌ,水源涵養,0,144.405323,43.754097
None,トドマツ,水涵保,None,網走南部,331,ら,4.5,None,小清水町,None,None,水源涵養,0,144.408932,43.750469
None,トドマツ,水涵保,None,網走南部,331,な,2.23,None,小清水町,None,他Ｌ,水源涵養,0,144.407774,43.751721
None,アカエゾマツ,None,None,網走南部,331,ゆ,0.85,None,小清水町,None,None,水源涵養,0,144.408475,43.748591
None,トドマツ,水涵保,None,網走南部,331,れ,7.35,None,小清水町,None,他Ｌ,水源涵養,0,144.409498,43.748029
None,トドマツ,水涵保,None,網走南部,331,れ,7.35,None,小清水町,None,他Ｌ,水源涵養,0,144.407425,43.748495
None,トドマツ,水涵保,None,網走南部,341,ほ,7.38,None,小清水町,None,他Ｌ,水源涵養,0,144.403294,43.746238
None,トドマツ,水涵保,None,網走南部,326,よ,0.82,None,小清水町,None,他Ｌ,水源涵養,0,144.432247,43.746207
None,トドマツ,水涵保,None,網走南部,326,よ,0.82,None,小清水町,None,他Ｌ,水源涵養,0,144.431571,43.74668
None,トドマツ,水涵保,None,網走南部,326,た,2.73,None,小清水町,None,他Ｌ,水源涵養,0,144.431557,43.745133
None,None,水涵保,None,網走南部,326,ニ,0.92,None,小清水町,None,None,水源涵養,0,144.434049,43.751131
None,トドマツ,水涵保,None,網走南部,326,よ,0.82,None,小清水町,None,他Ｌ,水源涵養,0,144.430879,43.746601
None,天トドマツ,水涵保,None,網走南部,326,ふ,2.98,None,小清水町,シナノキ,天エゾマツ,水源涵養,0,144.429822,43.746629
None,トドマツ,水涵保,None,網走南部,326,た,2.73,None,小清水町,None,他Ｌ,水源涵養,0,144.429921,43.744726
None,天トドマツ,水涵保,None,網走南部,326,れ,3.26,None,小清水町,シナノキ,天エゾマツ,水源涵養,0,144.429606,43.744156
None,天トドマツ,水涵保,None,網走南部,326,れ,3.26,None,小清水町,シナノキ,天エゾマツ,水源涵養,0,144.432152,43.743353
None,天トドマツ,水涵保,None,網走南部,326,そ,3.28,None,小清水町,シナノキ,天エゾマツ,水源涵養,0,144.4309,43.742219
None,天トドマツ,水涵保,None,網走南部,326,ふ,2.98,None,小清水町,シナノキ,天エゾマツ,水源涵養,0,144.428761,43.746038
None,天トドマツ,水涵保,None,網走南部,326,ふ,2.98,None,小清水町,シナノキ,天エゾマツ,水源涵養,0,144.428441,43.744202
None,天トドマツ,水涵保,None,網走南部,326,り,1.83,None,小清水町,シナノキ,天エゾマツ,水源涵養,0,144.42658,43.744082
None,天トドマツ,水涵保,None,網走南部,326,そ,3.28,None,小清水町,シナノキ,天エゾマツ,水源涵養,0,144.428696,43.743265
None,天トドマツ,水涵保,None,網走南部,326,つ,4.05,None,小清水町,シナノキ,天エゾマツ,水源涵養,0,144.428568,43.741565
None,天トドマツ,水涵保,None,網走南部,326,り,1.83,None,小清水町,シナノキ,天エゾマツ,水源涵養,0,144.427201,43.743138
None,None,水涵保,None,網走南部,326,ハ,3.13,None,小清水町,None,None,水源涵養,0,144.426235,43.742373
None,None,水涵保,None,網走南部,326,ハ,3.13,None,小清水町,None,None,水源涵養,0,144.426954,43.742498
None,天トドマツ,水涵保,None,網走南部,326,つ,4.05,None,小清水町,シナノキ,天エゾマツ,水源涵養,0,144.42768,43.74216
None,天トドマツ,水涵保,None,網走南部,326,あ,3.58,None,小清水町,シナノキ,天エゾマツ,水源涵養,0,144.426584,43.742188
None,トドマツ,水涵保,None,網走南部,321,わ,5.43,None,小清水町,None,他Ｌ,水源涵養,0,144.432805,43.740154
None,トドマツ,水涵保,None,網走南部,323,ぬ,3.62,None,小清水町,None,他Ｌ,水源涵養,0,144.431515,43.736312
None,天トドマツ,水涵保,None,網走南部,323,に,80.09,None,小清水町,他Ｌ,天エゾマツ,水源涵養,0,144.431398,43.737378
None,None,None,None,網走南部,326,イ,1.36,None,小清水町,None,None,水源涵養,0,144.422663,43.739038
None,天トドマツ,水涵保,None,網走南部,326,ね,3.03,None,小清水町,シナノキ,天エゾマツ,水源涵養,0,144.429573,43.73962
None,天トドマツ,水涵保,None,網走南部,326,ね,3.03,None,小清水町,シナノキ,天エゾマツ,水源涵養,0,144.427122,43.740267
None,トドマツ,水涵保,None,網走南部,326,ろ,2.12,None,小清水町,None,他Ｌ,水源涵養,0,144.42864,43.737857
None,トドマツ,水涵保,None,網走南部,326,は,2.84,None,小清水町,None,他Ｌ,水源涵養,0,144.426528,43.737786
None,天トドマツ,水涵保,None,網走南部,326,い,103.54,None,小清水町,他Ｌ,天エゾマツ,水源涵養,0,144.421658,43.735087
None,天トドマツ,水涵保,None,網走南部,326,け,3.13,None,小清水町,シナノキ,天エゾマツ,水源涵養,0,144.424901,43.745371
None,天トドマツ,水涵保,None,網走南部,326,あ,3.58,None,小清水町,シナノキ,天エゾマツ,水源涵養,0,144.424467,43.743175
None,天トドマツ,水涵保,None,網走南部,326,き,4.68,None,小清水町,シナノキ,天エゾマツ,水源涵養,0,144.42234,43.741897
None,トドマツ,水涵保,None,網走南部,334,け,1.24,None,小清水町,None,他Ｌ,水源涵養,0,144.42064,43.746627
None,None,None,None,網走南部,334,ニ,0.31,None,小清水町,None,None,水源涵養,0,144.419952,43.745825
None,天トドマツ,水涵保,None,網走南部,334,い,87.02,None,小清水町,他Ｌ,天エゾマツ,水源涵養,0,144.422666,43.744679
None,天トドマツ,水涵保,None,網走南部,334,い,87.02,None,小清水町,他Ｌ,天エゾマツ,水源涵養,0,144.419787,43.745993
None,None,None,None,網走南部,334,イ,0.56,None,小清水町,None,None,水源涵養,0,144.419218,43.744088
None,トドマツ,水涵保,None,網走南部,334,と,8.58,None,小清水町,None,他Ｌ,水源涵養,0,144.418247,43.743961
None,トドマツ,水涵保,None,網走南部,334,と,8.58,None,小清水町,None,他Ｌ,水源涵養,0,144.419557,43.743056
None,天トドマツ,水涵保,None,網走南部,326,さ,4.0,None,小清水町,シナノキ,天エゾマツ,水源涵養,0,144.424072,43.74062
None,トドマツ,水涵保,None,網走南部,326,に,4.81,None,小清水町,None,他Ｌ,水源涵養,0,144.425253,43.738805
None,トドマツ,水涵保,None,網走南部,326,に,4.81,None,小清水町,None,他Ｌ,水源涵養,0,144.422803,43.736285
None,天トドマツ,水涵保,None,網走南部,326,め,3.53,None,小清水町,シナノキ,天エゾマツ,水源涵養,0,144.422764,43.738229
None,None,水涵保,None,網走南部,326,ロ,0.44,None,小清水町,None,None,水源涵養,0,144.422831,43.735794
None,天トドマツ,水涵保,None,網走南部,326,ゆ,4.73,None,小清水町,シナノキ,天エゾマツ,水源涵養,0,144.420357,43.739336
None,天トドマツ,水涵保,None,網走南部,326,め,3.53,None,小清水町,シナノキ,天エゾマツ,水源涵養,0,144.420523,43.737385
None,天トドマツ,水涵保,None,網走南部,326,い,103.54,None,小清水町,他Ｌ,天エゾマツ,水源涵養,0,144.416044,43.731929
None,天トドマツ,水涵保,None,網走南部,323,に,80.09,None,小清水町,他Ｌ,天エゾマツ,水源涵養,0,144.43313,43.735822
None,None,None,None,網走南部,322,イ,0.08,None,小清水町,None,None,水源涵養,0,144.433676,43.735357
None,トドマツ,水涵保,None,網走南部,322,い,5.93,None,小清水町,None,他Ｌ,水源涵養,0,144.431575,43.731244
None,アカエゾマツ,水涵保,None,網走南部,322,そ,1.0,None,小清水町,None,None,水源涵養,0,144.429707,43.730137
None,アカエゾマツ,水涵保,None,網走南部,326,ぬ,5.02,None,小清水町,None,他Ｌ,水源涵養,0,144.42668,43.735726
None,トドマツ,水涵保,None,網走南部,323,い,4.82,None,小清水町,None,他Ｌ,水源涵養,0,144.428811,43.733283
None,アカエゾマツ,水涵保,None,網走南部,322,そ,1.0,None,小清水町,None,None,水源涵養,0,144.430252,43.729919
None,トドマツ,水涵保,None,網走南部,322,に,0.55,None,小清水町,None,他Ｌ,水源涵養,0,144.431625,43.727029
None,None,水涵保,None,網走南部,322,ハ,1.26,None,小清水町,None,None,水源涵養,0,144.430632,43.726101
None,アカエゾマツ,水涵保,None,網走南部,323,ち,0.6,None,小清水町,None,他Ｌ,水源涵養,0,144.428526,43.728706
None,天トドマツ,水涵保,None,網走南部,323,に,80.09,None,小清水町,他Ｌ,天エゾマツ,水源涵養,0,144.429856,43.735542
None,アカエゾマツ,水涵保,None,網走南部,323,ち,0.6,None,小清水町,None,他Ｌ,水源涵養,0,144.426597,43.727407
None,トドマツ,水涵保,None,網走南部,326,ほ,4.96,None,小清水町,None,他Ｌ,水源涵養,0,144.424335,43.734581
None,トドマツ,水涵保,None,網走南部,326,ほ,4.96,None,小清水町,None,他Ｌ,水源涵養,0,144.422494,43.735404
None,トドマツ,水涵保,None,網走南部,326,る,4.62,None,小清水町,None,他Ｌ,水源涵養,0,144.42498,43.731904
None,トドマツ,水涵保,None,網走南部,326,へ,4.88,None,小清水町,None,他Ｌ,水源涵養,0,144.422188,43.732747
None,None,水涵保,None,網走南部,326,ハ,3.13,None,小清水町,None,None,水源涵養,0,144.420893,43.735967
None,天トドマツ,水涵保,None,網走南部,326,み,5.27,None,小清水町,シナノキ,天エゾマツ,水源涵養,0,144.420471,43.734601
None,天トドマツ,水涵保,None,網走南部,326,み,5.27,None,小清水町,シナノキ,天エゾマツ,水源涵養,0,144.419079,43.735385
None,トドマツ,水涵保,None,網走南部,326,へ,4.88,None,小清水町,None,他Ｌ,水源涵養,0,144.420448,43.732542
None,トドマツ,水涵保,None,網走南部,326,と,2.24,None,小清水町,None,他Ｌ,水源涵養,0,144.419616,43.730936
None,天トドマツ,水涵保,None,網走南部,326,し,3.43,None,小清水町,シナノキ,天エゾマツ,水源涵養,0,144.417993,43.731481
None,トドマツ,水涵保,None,網走南部,323,と,7.33,None,小清水町,None,他Ｌ,水源涵養,0,144.426662,43.728991
None,トドマツ,水涵保,None,網走南部,326,ち,4.46,None,小清水町,None,他Ｌ,水源涵養,0,144.421859,43.730141
None,アカエゾマツ,水涵保,None,網走南部,323,つ,1.55,None,小清水町,トドマツ,他Ｌ,水源涵養,0,144.421489,43.725979
None,トドマツ,水涵保,None,網走南部,323,り,6.99,None,小清水町,None,他Ｌ,水源涵養,0,144.422639,43.725585
None,天エゾマツ,水涵保,None,網走南部,327,ね,3.92,None,小清水町,他Ｌ,天トドマツ,水源涵養,0,144.418748,43.728571
None,天エゾマツ,水涵保,None,網走南部,327,な,5.0,None,小清水町,他Ｌ,天トドマツ,水源涵養,0,144.419238,43.725472
None,アカエゾマツ,水涵保,None,網走南部,334,ち,1.1,None,小清水町,None,他Ｌ,水源涵養,0,144.416919,43.744563
None,カラマツ,水涵保,None,網走南部,334,り,1.69,None,小清水町,None,他Ｌ,水源涵養,0,144.416744,43.742807
None,天トドマツ,水涵保,None,網走南部,334,い,87.02,None,小清水町,他Ｌ,天エゾマツ,水源涵養,0,144.415871,43.744648
None,None,None,None,網走南部,334,ハ,6.08,None,小清水町,None,None,水源涵養,0,144.418459,43.749084
None,カラマツ,水涵保,None,網走南部,333,は,18.52,None,小清水町,None,他Ｌ,水源涵養,0,144.412125,43.744764
None,トドマツ,水涵保,None,網走南部,334,る,3.0,None,小清水町,None,他Ｌ,水源涵養,0,144.416849,43.740428
None,トドマツ,水涵保,None,網走南部,334,ぬ,1.74,None,小清水町,None,他Ｌ,水源涵養,0,144.418119,43.738772
None,None,None,None,網走南部,334,ニ,0.31,None,小清水町,None,None,水源涵養,0,144.415522,43.741325
None,アカエゾマツ,水涵保,None,網走南部,334,た,0.94,None,小清水町,None,他Ｌ,水源涵養,0,144.415653,43.740562
None,カラマツ,水涵保,None,網走南部,334,ふ,4.96,None,小清水町,None,None,水源涵養,0,144.415855,43.737376
None,カラマツ,水涵保,None,網走南部,334,お,4.0,None,小清水町,None,None,水源涵養,0,144.413849,43.738479
None,アカエゾマツ,None,None,網走南部,331,ゆ,0.85,None,小清水町,None,None,水源涵養,0,144.40894,43.746
None,アカエゾマツ,水涵保,None,網走南部,331,そ,7.58,None,小清水町,None,他Ｌ,水源涵養,0,144.406575,43.744998
None,天トドマツ,水涵保,None,網走南部,333,い,55.8,None,小清水町,他Ｌ,天エゾマツ,水源涵養,0,144.413936,43.747501
None,トドマツ,水涵保,None,網走南部,333,に,10.22,None,小清水町,None,他Ｌ,水源涵養,0,144.408099,43.74206
None,トドマツ,水涵保,None,網走南部,341,つ,5.86,None,小清水町,None,他Ｌ,水源涵養,0,144.403516,43.744034
None,トドマツ,水涵保,None,網走南部,341,つ,5.86,None,小清水町,None,他Ｌ,水源涵養,0,144.403081,43.742559
None,カラマツ,水涵保,None,網走南部,333,ほ,18.44,None,小清水町,None,他Ｌ,水源涵養,0,144.409614,43.738784
None,トドマツ,水涵保,None,網走南部,333,へ,24.76,None,小清水町,他Ｌ,エゾマツ,水源涵養,0,144.401135,43.735826
None,トドマツ,水涵保,None,網走南部,334,え,5.14,None,小清水町,None,他Ｌ,水源涵養,0,144.412109,43.736672
None,トドマツ,水涵保,None,網走南部,334,え,5.14,None,小清水町,None,他Ｌ,水源涵養,0,144.415749,43.733619
None,天トドマツ,水涵保,None,網走南部,326,し,3.43,None,小清水町,シナノキ,天エゾマツ,水源涵養,0,144.417407,43.732887
None,トドマツ,None,None,網走南部,334,わ,4.82,None,小清水町,None,他Ｌ,水源涵養,0,144.413166,43.735344
None,トドマツ,水涵保,None,網走南部,334,か,6.25,None,小清水町,None,他Ｌ,水源涵養,0,144.412573,43.731974
None,カラマツ,水涵保,None,網走南部,334,く,6.67,None,小清水町,None,他Ｌ,水源涵養,0,144.410128,43.732088
None,天エゾマツ,水涵保,None,網走南部,327,な,5.0,None,小清水町,他Ｌ,天トドマツ,水源涵養,0,144.416999,43.728238
None,天エゾマツ,水涵保,None,網走南部,327,は,5.36,None,小清水町,他Ｌ,天トドマツ,水源涵養,0,144.415021,43.729945
None,天エゾマツ,水涵保,None,網走南部,327,は,5.36,None,小清水町,他Ｌ,天トドマツ,水源涵養,0,144.415845,43.728411
None,天エゾマツ,水涵保,None,網走南部,327,ら,4.98,None,小清水町,他Ｌ,天トドマツ,水源涵養,0,144.417519,43.727101
None,天エゾマツ,水涵保,None,網走南部,327,に,5.26,None,小清水町,他Ｌ,天トドマツ,水源涵養,0,144.414653,43.726858
None,天トドマツ,水涵保,None,網走南部,334,い,87.02,None,小清水町,他Ｌ,天エゾマツ,水源涵養,0,144.410991,43.728785
None,天エゾマツ,水涵保,None,網走南部,327,に,5.26,None,小清水町,他Ｌ,天トドマツ,水源涵養,0,144.413249,43.727857
None,天エゾマツ,水涵保,None,網走南部,327,ほ,4.27,None,小清水町,他Ｌ,天トドマツ,水源涵養,0,144.412183,43.725625
None,トドマツ,水涵保,None,網走南部,334,や,1.39,None,小清水町,None,他Ｌ,水源涵養,0,144.410045,43.733832
None,トドマツ,水涵保,None,網走南部,334,れ,0.58,None,小清水町,None,他Ｌ,水源涵養,0,144.408763,43.733542
None,天エゾマツ,水涵保,None,網走南部,333,ぬ,1.01,None,小清水町,ダケカンバ,天トドマツ,水源涵養,0,144.4069,43.734208
None,トドマツ,水涵保,None,網走南部,333,ち,3.6,None,小清水町,None,他Ｌ,水源涵養,0,144.407124,43.732863
None,天トドマツ,水涵保,None,網走南部,333,い,55.8,None,小清水町,他Ｌ,天エゾマツ,水源涵養,0,144.405981,43.731789
None,カラマツ,水涵保,None,網走南部,333,と,15.6,None,小清水町,None,他Ｌ,水源涵養,0,144.402412,43.731518
None,トドマツ,水涵保,None,網走南部,334,そ,1.53,None,小清水町,None,他Ｌ,水源涵養,0,144.409249,43.728815
None,カラマツ,水涵保,None,網走南部,334,よ,7.52,None,小清水町,None,他Ｌ,水源涵養,0,144.407209,43.729854
None,トドマツ,水涵保,None,網走南部,334,む,0.1,None,小清水町,None,他Ｌ,水源涵養,0,144.404715,43.729936
None,天トドマツ,水涵保,None,網走南部,333,い,55.8,None,小清水町,他Ｌ,天エゾマツ,水源涵養,0,144.404009,43.7299
None,トドマツ,水涵保,None,網走南部,334,う,0.2,None,小清水町,None,他Ｌ,水源涵養,0,144.404532,43.727599
None,カラマツ,水涵保,None,網走南部,334,ら,7.02,None,小清水町,None,他Ｌ,水源涵養,0,144.402397,43.726157
None,他Ｌ,水涵保,None,網走南部,344,ろ,32.34,None,小清水町,シナノキ,天トドマツ,水源涵養,0,144.404175,43.769224
None,トドマツ,水涵保,None,網走南部,344,り,7.92,None,小清水町,None,他Ｌ,水源涵養,0,144.402567,43.766245
None,他Ｌ,水涵保,None,網走南部,344,ろ,32.34,None,小清水町,シナノキ,天トドマツ,水源涵養,0,144.401302,43.76474
None,トドマツ,水涵保,None,網走南部,344,へ,5.04,None,小清水町,None,他Ｌ,水源涵養,0,144.396993,43.767141
None,他Ｌ,水涵保,None,網走南部,344,ろ,32.34,None,小清水町,シナノキ,天トドマツ,水源涵養,0,144.398885,43.76607
None,天トドマツ,水涵保,None,網走南部,345,に,40.39,None,小清水町,天エゾマツ,他Ｌ,水源涵養,0,144.397615,43.765625
None,カラマツ,水涵保,None,網走南部,345,は,10.99,None,小清水町,None,他Ｌ,水源涵養,0,144.395227,43.763928
None,カラマツ,水涵保,None,網走南部,345,い,10.09,None,小清水町,None,他Ｌ,水源涵養,0,144.399297,43.762259
None,イタヤカエデ,水涵保,None,網走南部,341,む,10.92,None,小清水町,ニレ,ウダイカンバ,水源涵養,0,144.401329,43.757928
None,カラマツ,水涵保,None,網走南部,345,は,10.99,None,小清水町,None,他Ｌ,水源涵養,0,144.395916,43.762324
None,天トドマツ,水涵保,None,網走南部,345,に,40.39,None,小清水町,天エゾマツ,他Ｌ,水源涵養,0,144.395502,43.761691
None,カラマツ,水涵保,None,網走南部,345,ぬ,13.07,None,小清水町,None,他Ｌ,水源涵養,0,144.398258,43.757556
None,カラマツ,水涵保,None,網走南部,345,か,2.68,None,小清水町,None,他Ｌ,水源涵養,0,144.396207,43.759111
None,カラマツ,水涵保,None,網走南部,347,れ,5.0,None,小清水町,None,他Ｌ,水源涵養,0,144.393876,43.767019
None,None,None,None,網走南部,347,ロ,3.53,None,小清水町,None,None,水源涵養,0,144.392591,43.767371
None,カラマツ,水涵保,None,網走南部,347,れ,5.0,None,小清水町,None,他Ｌ,水源涵養,0,144.392624,43.767895
None,カラマツ,水涵保,None,網走南部,345,は,10.99,None,小清水町,None,他Ｌ,水源涵養,0,144.392233,43.763994
None,天トドマツ,水涵保,None,網走南部,345,に,40.39,None,小清水町,天エゾマツ,他Ｌ,水源涵養,0,144.391597,43.763708
None,天トドマツ,水涵保,None,網走南部,349,い,63.96,None,小清水町,天エゾマツ,他Ｌ,水源涵養,0,144.390942,43.763894
None,None,None,None,網走南部,345,ハ,0.05,None,小清水町,None,None,水源涵養,0,144.391062,43.762974
None,None,None,None,網走南部,349,ハ,0.12,None,小清水町,None,None,水源涵養,0,144.390792,43.76291
None,天トドマツ,水涵保,None,網走南部,348,は,5.7,None,小清水町,他Ｌ,天エゾマツ,水源涵養,0,144.38945,43.766253
None,天エゾマツ,水涵保,None,網走南部,348,い,18.75,None,小清水町,ダケカンバ,天トドマツ,水源涵養,0,144.388224,43.765977
None,None,None,None,網走南部,348,イ,1.98,None,小清水町,None,None,水源涵養,0,144.387769,43.766033
None,天エゾマツ,水涵保,None,網走南部,348,い,18.75,None,小清水町,ダケカンバ,天トドマツ,水源涵養,0,144.386985,43.766081
None,None,None,None,網走南部,349,イ,0.87,None,小清水町,None,None,水源涵養,0,144.388009,43.764601
None,トドマツ,水涵保,None,網走南部,349,ろ,7.7,None,小清水町,None,他Ｌ,水源涵養,0,144.38661,43.763538
None,天トドマツ,水涵保,None,網走南部,345,に,40.39,None,小清水町,天エゾマツ,他Ｌ,水源涵養,0,144.394669,43.762075
None,カラマツ,水涵保,None,網走南部,345,わ,6.97,None,小清水町,None,他Ｌ,水源涵養,0,144.393264,43.76078
None,None,None,None,網走南部,345,ロ,0.71,None,小清水町,None,None,水源涵養,0,144.393831,43.759174
None,None,None,None,網走南部,345,イ,8.56,None,小清水町,None,None,水源涵養,0,144.393108,43.756415
None,カラマツ,水涵保,None,網走南部,345,ち,3.46,None,小清水町,None,他Ｌ,水源涵養,0,144.392653,43.759339
None,ストローブマツ,水涵保,None,網走南部,345,と,6.42,None,小清水町,他Ｌ,トドマツ,水源涵養,0,144.390838,43.758781
None,トドマツ,水涵保,None,網走南部,349,に,3.34,None,小清水町,None,他Ｌ,水源涵養,0,144.388743,43.762345
None,天トドマツ,水涵保,None,網走南部,349,い,63.96,None,小清水町,天エゾマツ,他Ｌ,水源涵養,0,144.387769,43.761657
None,トドマツ,水涵保,None,網走南部,349,へ,10.1,None,小清水町,カラマツ,他Ｌ,水源涵養,0,144.387944,43.75991
None,天トドマツ,水涵保,None,網走南部,341,へ,103.06,None,小清水町,天エゾマツ,他Ｌ,水源涵養,0,144.397345,43.743587
None,カラマツ,水涵保,None,網走南部,345,た,3.41,None,小清水町,None,他Ｌ,水源涵養,0,144.395381,43.75741
None,天トドマツ,水涵保,None,網走南部,345,に,40.39,None,小清水町,天エゾマツ,他Ｌ,水源涵養,0,144.397206,43.761141
None,カラマツ,水涵保,None,網走南部,345,る,13.78,None,小清水町,None,他Ｌ,水源涵養,0,144.397011,43.75298
None,ウダイカンバ,水涵保,None,網走南部,341,わ,4.77,None,小清水町,他Ｌ,ダケカンバ,水源涵養,0,144.399815,43.750398
None,トドマツ,水涵保,None,網走南部,341,ち,3.81,None,小清水町,他Ｌ,カラマツ,水源涵養,0,144.400838,43.74801
None,カラマツ,水涵保,None,網走南部,345,れ,3.74,None,小清水町,None,他Ｌ,水源涵養,0,144.397423,43.750698
None,天トドマツ,水涵保,None,網走南部,345,に,40.39,None,小清水町,天エゾマツ,他Ｌ,水源涵養,0,144.397434,43.746607
None,カラマツ,水涵保,None,網走南部,345,ろ,10.51,None,小清水町,None,他Ｌ,水源涵養,0,144.39589,43.747266
None,天トドマツ,水涵保,None,網走南部,345,に,40.39,None,小清水町,天エゾマツ,他Ｌ,水源涵養,0,144.392154,43.75691
None,カラマツ,水涵保,None,網走南部,345,よ,5.41,None,小清水町,None,他Ｌ,水源涵養,0,144.394175,43.754367
None,カラマツ,水涵保,None,網走南部,345,へ,10.45,None,小清水町,他Ｌ,トドマツ,水源涵養,0,144.390191,43.755377
None,トドマツ,水涵保,None,網走南部,349,ほ,7.5,None,小清水町,他Ｌ,カラマツ,水源涵養,0,144.38704,43.756161
None,カラマツ,水涵保,None,網走南部,345,ほ,10.29,None,小清水町,None,他Ｌ,水源涵養,0,144.388019,43.752425
None,ストローブマツ,水涵保,None,網走南部,345,り,5.43,None,小清水町,None,他Ｌ,水源涵養,0,144.392785,43.751778
None,天エゾマツ,水涵保,None,網走南部,346,ぬ,123.58,None,小清水町,天トドマツ,他Ｌ,水源涵養,0,144.391051,43.750028
None,カラマツ,水涵保,None,網走南部,346,に,6.21,None,小清水町,None,他Ｌ,水源涵養,0,144.393169,43.748332
None,天トドマツ,水涵保,None,網走南部,345,に,40.39,None,小清水町,天エゾマツ,他Ｌ,水源涵養,0,144.388776,43.750764
None,トドマツ,水涵保,None,網走南部,346,ゆ,4.08,None,小清水町,None,他Ｌ,水源涵養,0,144.389545,43.748434
None,トドマツ,水涵保,None,網走南部,346,わ,1.63,None,小清水町,None,他Ｌ,水源涵養,0,144.389188,43.748024
None,トドマツ,水涵保,None,網走南部,346,ゆ,4.08,None,小清水町,None,他Ｌ,水源涵養,0,144.388376,43.74904
None,トドマツ,水涵保,None,網走南部,346,わ,1.63,None,小清水町,None,他Ｌ,水源涵養,0,144.387205,43.747965
None,トドマツ,水涵保,None,網走南部,346,ろ,4.73,None,小清水町,None,他Ｌ,水源涵養,0,144.387419,43.747096
None,アカエゾマツ,水涵保,None,網走南部,348,ろ,2.75,None,小清水町,None,他Ｌ,水源涵養,0,144.386205,43.767336
None,天エゾマツ,水涵保,None,網走南部,348,い,18.75,None,小清水町,ダケカンバ,天トドマツ,水源涵養,0,144.385049,43.767652
None,None,None,None,網走南部,348,ハ,0.21,None,小清水町,None,None,水源涵養,0,144.385307,43.766775
None,None,水涵保,None,網走南部,348,ロ,0.04,None,小清水町,None,None,水源涵養,0,144.384081,43.767521
None,天エゾマツ,水涵保,None,網走南部,348,い,18.75,None,小清水町,ダケカンバ,天トドマツ,水源涵養,0,144.384464,43.767194
None,トドマツ,水涵保,None,網走南部,352,ろ,7.95,None,小清水町,None,None,水源涵養,0,144.381573,43.763498
None,トドマツ,水涵保,None,網走南部,349,は,9.66,None,小清水町,None,他Ｌ,水源涵養,0,144.382916,43.76023
None,トドマツ,水涵保,None,網走南部,352,ろ,7.95,None,小清水町,None,None,水源涵養,0,144.380395,43.760301
None,トドマツ,水涵保,None,網走南部,352,は,4.82,None,小清水町,None,他Ｌ,水源涵養,0,144.379934,43.757888
None,トドマツ,水涵保,None,網走南部,352,は,4.82,None,小清水町,None,他Ｌ,水源涵養,0,144.379066,43.758948
None,カラマツ,水涵保,None,網走南部,349,と,6.87,None,小清水町,トドマツ,イタヤカエデ,水源涵養,0,144.385535,43.754583
None,天トドマツ,水涵保,None,網走南部,349,い,63.96,None,小清水町,天エゾマツ,他Ｌ,水源涵養,0,144.384682,43.757041
None,None,None,None,網走南部,349,ロ,7.13,None,小清水町,None,None,水源涵養,0,144.381563,43.744491
None,カラマツ,水涵保,None,網走南部,349,と,6.87,None,小清水町,トドマツ,イタヤカエデ,水源涵養,0,144.384294,43.752002
None,トドマツ,水涵保,None,網走南部,349,ち,6.2,None,小清水町,カラマツ,他Ｌ,水源涵養,0,144.382311,43.757357
None,天トドマツ,水涵保,None,網走南部,352,い,24.52,None,小清水町,天エゾマツ,他Ｌ,水源涵養,0,144.380408,43.755791
None,天トドマツ,水涵保,None,網走南部,349,い,63.96,None,小清水町,天エゾマツ,他Ｌ,水源涵養,0,144.384203,43.766023
None,トドマツ,水涵保,None,網走南部,349,り,9.46,None,小清水町,他Ｌ,カラマツ,水源涵養,0,144.381012,43.75316
None,トドマツ,水涵保,None,網走南部,349,る,6.58,None,小清水町,他Ｌ,カラマツ,水源涵養,0,144.385436,43.749947
None,トドマツ,水涵保,None,網走南部,349,る,6.58,None,小清水町,他Ｌ,カラマツ,水源涵養,0,144.384228,43.750896
None,アカエゾマツ,水涵保,None,網走南部,346,し,0.94,None,小清水町,トドマツ,他Ｌ,水源涵養,0,144.386273,43.747513
None,None,水涵保,None,網走南部,349,ニ,0.48,None,小清水町,None,None,水源涵養,0,144.383179,43.744051
None,トドマツ,水涵保,None,網走南部,349,ぬ,2.19,None,小清水町,None,他Ｌ,水源涵養,0,144.38258,43.751448
None,アカエゾマツ,None,None,網走南部,349,つ,0.65,None,小清水町,None,None,水源涵養,0,144.382656,43.750378
None,None,水涵保,None,網走南部,349,ホ,0.26,None,小清水町,None,None,水源涵養,0,144.381218,43.75245
None,トドマツ,水涵保,None,網走南部,349,り,9.46,None,小清水町,他Ｌ,カラマツ,水源涵養,0,144.381065,43.750109
None,アカエゾマツ,水涵保,None,網走南部,349,か,1.06,None,小清水町,None,他Ｌ,水源涵養,0,144.382707,43.748363
None,カラマツ,水涵保,None,網走南部,349,わ,10.78,None,小清水町,None,他Ｌ,水源涵養,0,144.379994,43.747227
None,None,水涵保,None,網走南部,352,イ,1.26,None,小清水町,None,None,水源涵養,0,144.383126,43.765409
None,トドマツ,水涵保,None,網走南部,352,に,5.46,None,小清水町,None,他Ｌ,水源涵養,0,144.378199,43.753844
None,天トドマツ,水涵保,None,網走南部,352,い,24.52,None,小清水町,天エゾマツ,他Ｌ,水源涵養,0,144.3723,43.745498
None,トドマツ,水涵保,None,網走南部,352,に,5.46,None,小清水町,None,他Ｌ,水源涵養,0,144.378939,43.753116
None,アカエゾマツ,水涵保,None,網走南部,352,ち,3.0,None,小清水町,None,他Ｌ,水源涵養,0,144.377686,43.752661
None,アカエゾマツ,水涵保,None,網走南部,352,ち,3.0,None,小清水町,None,他Ｌ,水源涵養,0,144.378091,43.751402
None,天トドマツ,水涵保,None,網走南部,352,い,24.52,None,小清水町,天エゾマツ,他Ｌ,水源涵養,0,144.377352,43.750237
None,トドマツ,水涵保,None,網走南部,352,ほ,11.13,None,小清水町,None,他Ｌ,水源涵養,0,144.377311,43.749894
None,天トドマツ,水涵保,None,網走南部,352,い,24.52,None,小清水町,天エゾマツ,他Ｌ,水源涵養,0,144.375714,43.745101
None,トドマツ,水涵保,None,網走南部,352,ほ,11.13,None,小清水町,None,他Ｌ,水源涵養,0,144.376253,43.746682
None,トドマツ,水涵保,None,網走南部,352,ほ,11.13,None,小清水町,None,他Ｌ,水源涵養,0,144.37646,43.749518
None,トドマツ,水涵保,None,網走南部,341,れ,8.54,None,小清水町,None,他Ｌ,水源涵養,0,144.398988,43.745055
None,アカエゾマツ,水涵保,None,網走南部,341,そ,2.27,None,小清水町,None,他Ｌ,水源涵養,0,144.401892,43.743394
None,None,水涵保,None,網走南部,341,ロ,3.06,None,小清水町,None,None,水源涵養,0,144.399187,43.741942
None,トドマツ,水涵保,None,網走南部,346,ね,2.92,None,小清水町,None,他Ｌ,水源涵養,0,144.395397,43.744181
None,トドマツ,水涵保,None,網走南部,341,ね,7.13,None,小清水町,None,他Ｌ,水源涵養,0,144.398012,43.741866
None,トドマツ,水涵保,None,網走南部,341,な,7.87,None,小清水町,None,他Ｌ,水源涵養,0,144.40136,43.739313
None,トドマツ,水涵保,None,網走南部,341,と,2.94,None,小清水町,None,他Ｌ,水源涵養,0,144.395704,43.739071
None,トドマツ,水涵保,None,網走南部,346,よ,2.0,None,小清水町,None,他Ｌ,水源涵養,0,144.395339,43.737425
None,トドマツ,水涵保,None,網走南部,346,え,3.08,None,小清水町,他Ｌ,カラマツ,水源涵養,0,144.395196,43.736551
None,カラマツ,水涵保,None,網走南部,346,に,6.21,None,小清水町,None,他Ｌ,水源涵養,0,144.393586,43.746526
None,カラマツ,水涵保,None,網走南部,346,い,3.06,None,小清水町,None,他Ｌ,水源涵養,0,144.392884,43.745461
None,天トドマツ,水涵保,None,網走南部,345,に,40.39,None,小清水町,天エゾマツ,他Ｌ,水源涵養,0,144.394181,43.745445
None,アカエゾマツ,水涵保,None,網走南部,346,せ,2.0,None,小清水町,カラマツ,他Ｌ,水源涵養,0,144.392226,43.744639
None,トドマツ,水涵保,None,網走南部,346,け,3.1,None,小清水町,None,他Ｌ,水源涵養,0,144.39068,43.74585
None,トドマツ,水涵保,None,網走南部,346,ね,2.92,None,小清水町,None,他Ｌ,水源涵養,0,144.391893,43.745358
None,天エゾマツ,水涵保,None,網走南部,346,ぬ,123.58,None,小清水町,天トドマツ,他Ｌ,水源涵養,0,144.395748,43.741647
None,トドマツ,水涵保,None,網走南部,346,お,7.49,None,小清水町,None,他Ｌ,水源涵養,0,144.394479,43.742186
None,カラマツ,水涵保,None,網走南部,346,や,0.89,None,小清水町,None,他Ｌ,水源涵養,0,144.391012,43.742097
None,トドマツ,水涵保,None,網走南部,346,か,3.45,None,小清水町,None,他Ｌ,水源涵養,0,144.388811,43.745779
None,トドマツ,水涵保,None,網走南部,346,さ,1.43,None,小清水町,カラマツ,他Ｌ,水源涵養,0,144.390163,43.744699
None,トドマツ,水涵保,None,網走南部,346,ろ,4.73,None,小清水町,None,他Ｌ,水源涵養,0,144.387172,43.74622
None,トドマツ,水涵保,None,網走南部,346,か,3.45,None,小清水町,None,他Ｌ,水源涵養,0,144.387375,43.745354
None,トドマツ,水涵保,None,網走南部,346,た,4.43,None,小清水町,None,他Ｌ,水源涵養,0,144.387041,43.744278
None,アカエゾマツ,水涵保,None,網走南部,346,ひ,2.73,None,小清水町,None,他Ｌ,水源涵養,0,144.387857,43.743604
None,トドマツ,水涵保,None,網走南部,346,た,4.43,None,小清水町,None,他Ｌ,水源涵養,0,144.38663,43.742706
None,トドマツ,水涵保,None,網走南部,346,お,7.49,None,小清水町,None,他Ｌ,水源涵養,0,144.393024,43.74021
None,None,水涵保,None,網走南部,346,ニ,1.24,None,小清水町,None,None,水源涵養,0,144.393064,43.741305
None,None,None,None,網走南部,346,イ,7.32,None,小清水町,None,None,水源涵養,0,144.391351,43.744013
None,トドマツ,水涵保,None,網走南部,346,り,2.0,None,小清水町,None,他Ｌ,水源涵養,0,144.392841,43.737555
None,天エゾマツ,水涵保,None,網走南部,346,ぬ,123.58,None,小清水町,天トドマツ,他Ｌ,水源涵養,0,144.392466,43.738576
None,カラマツ,水涵保,None,網走南部,346,る,1.12,None,小清水町,None,他Ｌ,水源涵養,0,144.390515,43.739549
None,トドマツ,水涵保,None,網走南部,346,そ,6.93,None,小清水町,None,他Ｌ,水源涵養,0,144.387315,43.739856
None,トドマツ,水涵保,None,網走南部,346,の,4.21,None,小清水町,None,他Ｌ,水源涵養,0,144.389812,43.738544
None,他Ｌ,水涵保,None,網走南部,335,ほ,37.73,None,小清水町,シナノキ,天トドマツ,水源涵養,0,144.398529,43.734674
None,トドマツ,水涵保,None,網走南部,335,は,6.37,None,小清水町,None,他Ｌ,水源涵養,0,144.398022,43.733313
None,アカエゾマツ,水涵保,None,網走南部,335,ら,1.18,None,小清水町,None,None,水源涵養,0,144.396726,43.733545
None,None,None,None,網走南部,335,ロ,0.15,None,小清水町,None,None,水源涵養,0,144.39721,43.732579
None,カラマツ,水涵保,None,網走南部,335,い,20.26,None,小清水町,None,他Ｌ,水源涵養,0,144.396838,43.7325
None,トドマツ,水涵保,None,網走南部,335,わ,3.46,None,小清水町,None,他Ｌ,水源涵養,0,144.401794,43.729157
None,トドマツ,水涵保,None,網走南部,335,ろ,7.77,None,小清水町,None,他Ｌ,水源涵養,0,144.398824,43.730334
None,トドマツ,水涵保,None,網走南部,335,わ,3.46,None,小清水町,None,他Ｌ,水源涵養,0,144.398803,43.728524
None,カラマツ,水涵保,None,網走南部,335,い,20.26,None,小清水町,None,他Ｌ,水源涵養,0,144.400246,43.727101
None,トドマツ,水涵保,None,網走南部,334,ま,2.36,None,小清水町,None,他Ｌ,水源涵養,0,144.400523,43.725517
None,他Ｌ,水涵保,None,網走南部,335,ほ,37.73,None,小清水町,シナノキ,天トドマツ,水源涵養,0,144.398207,43.726357
None,アカエゾマツ,水涵保,None,網走南部,335,な,1.53,None,小清水町,None,他Ｌ,水源涵養,0,144.397242,43.729502
None,カラマツ,水涵保,None,網走南部,335,い,20.26,None,小清水町,None,他Ｌ,水源涵養,0,144.395776,43.730766
None,アカエゾマツ,水涵保,None,網走南部,335,へ,1.35,None,小清水町,None,トドマツ,水源涵養,0,144.394638,43.728294
None,カラマツ,水涵保,None,網走南部,335,り,18.3,None,小清水町,None,他Ｌ,水源涵養,0,144.395207,43.726576
None,カラマツ,水涵保,None,網走南部,346,め,7.62,None,小清水町,None,他Ｌ,水源涵養,0,144.39208,43.734959
None,トドマツ,水涵保,None,網走南部,335,わ,3.46,None,小清水町,None,他Ｌ,水源涵養,0,144.393332,43.732875
None,None,None,None,網走南部,335,ロ,0.15,None,小清水町,None,None,水源涵養,0,144.39258,43.732279
None,カラマツ,水涵保,None,網走南部,335,い,20.26,None,小清水町,None,他Ｌ,水源涵養,0,144.392781,43.732431
None,アカエゾマツ,水涵保,None,網走南部,335,む,0.8,None,小清水町,トドマツ,他Ｌ,水源涵養,0,144.394378,43.730509
None,トドマツ,水涵保,None,網走南部,335,に,1.16,None,小清水町,None,他Ｌ,水源涵養,0,144.392303,43.732396
None,None,None,None,網走南部,335,ニ,0.02,None,小清水町,None,None,水源涵養,0,144.39204,43.731681
None,カラマツ,水涵保,None,網走南部,346,み,5.82,None,小清水町,None,他Ｌ,水源涵養,0,144.389333,43.73556
None,アカエゾマツ,水涵保,None,網走南部,346,こ,1.78,None,小清水町,他Ｌ,トドマツ,水源涵養,0,144.388149,43.732703
None,トドマツ,水涵保,None,網走南部,335,に,1.16,None,小清水町,None,他Ｌ,水源涵養,0,144.391775,43.730458
None,他Ｌ,水涵保,None,網走南部,335,ほ,37.73,None,小清水町,シナノキ,天トドマツ,水源涵養,0,144.395113,43.727454
None,カラマツ,水涵保,None,網走南部,335,り,18.3,None,小清水町,None,他Ｌ,水源涵養,0,144.392464,43.725563
None,トドマツ,水涵保,None,網走南部,346,む,7.37,None,小清水町,None,他Ｌ,水源涵養,0,144.390037,43.730291
None,None,水涵保,None,網走南部,346,ト,0.4,None,小清水町,None,None,水源涵養,0,144.386192,43.725674
None,トドマツ,水涵保,None,網走南部,346,と,6.76,None,小清水町,None,他Ｌ,水源涵養,0,144.389062,43.727179
None,トドマツ,水涵保,None,網走南部,346,と,6.76,None,小清水町,None,他Ｌ,水源涵養,0,144.387965,43.72802
None,トドマツ,水涵保,None,網走南部,346,ろ,4.73,None,小清水町,None,他Ｌ,水源涵養,0,144.385835,43.746446
None,トドマツ,水涵保,None,網走南部,346,つ,7.69,None,小清水町,None,他Ｌ,水源涵養,0,144.386246,43.744957
None,トドマツ,水涵保,None,網走南部,346,た,4.43,None,小清水町,None,他Ｌ,水源涵養,0,144.385997,43.743191
None,None,水涵保,None,網走南部,346,ヘ,0.62,None,小清水町,None,None,水源涵養,0,144.386481,43.744104
None,グイマツ,水涵保,None,網走南部,349,よ,5.07,None,小清水町,None,他Ｌ,水源涵養,0,144.380113,43.744051
None,天トドマツ,水涵保,None,網走南部,349,い,63.96,None,小清水町,天エゾマツ,他Ｌ,水源涵養,0,144.383736,43.753854
None,トドマツ,水涵保,None,網走南部,349,た,1.1,None,小清水町,None,他Ｌ,水源涵養,0,144.381321,43.743166
None,トドマツ,水涵保,None,網走南部,349,そ,6.28,None,小清水町,カラマツ,他Ｌ,水源涵養,0,144.382451,43.741464
None,天トドマツ,水涵保,None,網走南部,349,い,63.96,None,小清水町,天エゾマツ,他Ｌ,水源涵養,0,144.378828,43.749909
None,トドマツ,水涵保,None,網走南部,346,つ,7.69,None,小清水町,None,他Ｌ,水源涵養,0,144.385158,43.741439
None,トドマツ,水涵保,None,網走南部,346,そ,6.93,None,小清水町,None,他Ｌ,水源涵養,0,144.385896,43.738783
None,アカエゾマツ,水涵保,None,網走南部,346,も,0.3,None,小清水町,None,他Ｌ,水源涵養,0,144.386574,43.738777
None,トドマツ,水涵保,None,網走南部,346,つ,7.69,None,小清水町,None,他Ｌ,水源涵養,0,144.384284,43.739914
None,アカエゾマツ,水涵保,None,網走南部,346,す,1.58,None,小清水町,他Ｌ,トドマツ,水源涵養,0,144.386535,43.736444
None,アカエゾマツ,水涵保,None,網走南部,346,す,1.58,None,小清水町,他Ｌ,トドマツ,水源涵養,0,144.385413,43.73555
None,カラマツ,水涵保,None,網走南部,350,は,1.8,None,小清水町,None,他Ｌ,水源涵養,0,144.382357,43.739157
None,カラマツ,水涵保,None,網走南部,350,に,8.23,None,小清水町,None,他Ｌ,水源涵養,0,144.381139,43.736818
None,カラマツ,水涵保,None,網走南部,350,ほ,6.44,None,小清水町,None,他Ｌ,水源涵養,0,144.379504,43.737378
None,カラマツ,水涵保,None,網走南部,350,ほ,6.44,None,小清水町,None,他Ｌ,水源涵養,0,144.379042,43.736706
None,天エゾマツ,水涵保,None,網走南部,350,ろ,54.43,None,小清水町,他Ｌ,天トドマツ,水源涵養,0,144.379091,43.735975
None,トドマツ,水涵保,None,網走南部,352,へ,8.43,None,小清水町,None,他Ｌ,水源涵養,0,144.375283,43.744109
None,天トドマツ,水涵保,None,網走南部,352,い,24.52,None,小清水町,天エゾマツ,他Ｌ,水源涵養,0,144.375489,43.742148
None,トドマツ,水涵保,None,網走南部,352,へ,8.43,None,小清水町,None,他Ｌ,水源涵養,0,144.377284,43.74314
None,トドマツ,水涵保,None,網走南部,352,と,6.1,None,小清水町,None,他Ｌ,水源涵養,0,144.375092,43.742187
None,トドマツ,水涵保,None,網走南部,352,と,6.1,None,小清水町,None,他Ｌ,水源涵養,0,144.373106,43.74507
None,None,None,None,網走南部,352,ロ,0.63,None,小清水町,None,None,水源涵養,0,144.373682,43.742329
None,天エゾマツ,水涵保,None,網走南部,353,る,7.27,None,小清水町,他Ｌ,天トドマツ,水源涵養,0,144.372222,43.742994
None,天エゾマツ,水涵保,None,網走南部,353,い,26.0,None,小清水町,他Ｌ,天トドマツ,水源涵養,0,144.37121,43.743839
None,None,None,None,網走南部,353,ハ,0.86,None,小清水町,None,None,水源涵養,0,144.371771,43.741319
None,カラマツ,水涵保,None,網走南部,349,れ,7.34,None,小清水町,None,他Ｌ,水源涵養,0,144.378749,43.740891
None,None,水涵保,None,網走南部,349,ホ,0.26,None,小清水町,None,None,水源涵養,0,144.377271,43.74099
None,カラマツ,水涵保,None,網走南部,349,れ,7.34,None,小清水町,None,他Ｌ,水源涵養,0,144.377386,43.740749
None,天トドマツ,水涵保,None,網走南部,349,い,63.96,None,小清水町,天エゾマツ,他Ｌ,水源涵養,0,144.376048,43.740936
None,天トドマツ,水涵保,None,網走南部,352,い,24.52,None,小清水町,天エゾマツ,他Ｌ,水源涵養,0,144.375404,43.741034
None,カラマツ,水涵保,None,網走南部,349,れ,7.34,None,小清水町,None,他Ｌ,水源涵養,0,144.376377,43.739698
None,天トドマツ,水涵保,None,網走南部,349,い,63.96,None,小清水町,天エゾマツ,他Ｌ,水源涵養,0,144.376084,43.737842
None,カラマツ,水涵保,None,網走南部,350,ほ,6.44,None,小清水町,None,他Ｌ,水源涵養,0,144.377594,43.736417
None,トドマツ,水涵保,None,網走南部,352,と,6.1,None,小清水町,None,他Ｌ,水源涵養,0,144.37417,43.740543
None,天トドマツ,水涵保,None,網走南部,352,い,24.52,None,小清水町,天エゾマツ,他Ｌ,水源涵養,0,144.373478,43.7405
None,天エゾマツ,水涵保,None,網走南部,353,る,7.27,None,小清水町,他Ｌ,天トドマツ,水源涵養,0,144.372027,43.740102
None,天トドマツ,水涵保,None,網走南部,353,ら,8.26,None,小清水町,他Ｌ,天エゾマツ,水源涵養,0,144.374316,43.736483
None,トドマツ,水涵保,None,網走南部,346,な,6.38,None,小清水町,None,他Ｌ,水源涵養,0,144.386919,43.73534
None,None,水涵保,None,網走南部,346,ホ,1.61,None,小清水町,None,None,水源涵養,0,144.385461,43.732065
None,天エゾマツ,水涵保,None,網走南部,346,ぬ,123.58,None,小清水町,天トドマツ,他Ｌ,水源涵養,0,144.389633,43.741424
None,トドマツ,水涵保,None,網走南部,346,な,6.38,None,小清水町,None,他Ｌ,水源涵養,0,144.385607,43.733937
None,トドマツ,水涵保,None,網走南部,346,ら,8.26,None,小清水町,None,他Ｌ,水源涵養,0,144.384016,43.731844
None,カラマツ,水涵保,None,網走南部,350,に,8.23,None,小清水町,None,他Ｌ,水源涵養,0,144.379662,43.734972
None,グイマツ,水涵保,None,網走南部,350,と,4.6,None,小清水町,None,他Ｌ,水源涵養,0,144.381479,43.732642
None,グイマツ,水涵保,None,網走南部,350,と,4.6,None,小清水町,None,他Ｌ,水源涵養,0,144.380424,43.733031
None,グイマツ,水涵保,None,網走南部,350,ち,10.17,None,小清水町,他Ｌ,カラマツ,水源涵養,0,144.379255,43.731735
None,トドマツ,水涵保,None,網走南部,346,う,7.54,None,小清水町,None,他Ｌ,水源涵養,0,144.384679,43.729743
None,トドマツ,水涵保,None,網走南部,346,う,7.54,None,小清水町,None,他Ｌ,水源涵養,0,144.385664,43.728613
None,トドマツ,水涵保,None,網走南部,346,て,5.44,None,小清水町,None,他Ｌ,水源涵養,0,144.386508,43.726167
None,トドマツ,水涵保,None,網走南部,346,く,4.86,None,小清水町,None,他Ｌ,水源涵養,0,144.384726,43.726642
None,トドマツ,水涵保,None,網走南部,346,い,2.8,None,小清水町,他Ｌ,アカエゾマツ,水源涵養,1,144.38322,43.726226
None,グイマツ,水涵保,None,網走南部,350,ち,10.17,None,小清水町,他Ｌ,カラマツ,水源涵養,0,144.380624,43.728757
None,トドマツ,水涵保,None,網走南部,346,く,4.86,None,小清水町,None,他Ｌ,水源涵養,0,144.383242,43.727805
None,カラマツ,水涵保,None,網走南部,350,へ,9.13,None,小清水町,None,他Ｌ,水源涵養,0,144.378835,43.733265
None,カラマツ,水涵保,None,網走南部,350,へ,9.13,None,小清水町,None,他Ｌ,水源涵養,0,144.376573,43.731218
None,天エゾマツ,水涵保,None,網走南部,350,ろ,54.43,None,小清水町,他Ｌ,天トドマツ,水源涵養,0,144.377659,43.738667
None,天トドマツ,水涵保,None,網走南部,353,わ,9.46,None,小清水町,他Ｌ,天エゾマツ,水源涵養,0,144.373037,43.73394
None,天エゾマツ,水涵保,None,網走南部,353,い,26.0,None,小清水町,他Ｌ,天トドマツ,水源涵養,0,144.371289,43.72659
None,天トドマツ,水涵保,None,網走南部,353,か,8.55,None,小清水町,天エゾマツ,シナノキ,水源涵養,0,144.373522,43.731576
None,None,水涵保,None,網走南部,350,ロ,0.71,None,小清水町,None,None,水源涵養,0,144.375759,43.727208
None,カラマツ,水涵保,None,網走南部,350,り,4.74,None,小清水町,None,他Ｌ,水源涵養,0,144.377645,43.729776
None,カラマツ,水涵保,None,網走南部,350,り,4.74,None,小清水町,None,他Ｌ,水源涵養,0,144.378111,43.728638
None,アカエゾマツ,水涵保,None,網走南部,350,る,2.48,None,小清水町,None,他Ｌ,水源涵養,0,144.375689,43.729768
None,カラマツ,水涵保,None,網走南部,350,そ,6.08,None,小清水町,None,他Ｌ,水源涵養,0,144.376297,43.728112
None,None,None,None,網走南部,350,イ,4.64,None,小清水町,None,None,水源涵養,0,144.37872,43.737525
None,アカエゾマツ,水涵保,None,網走南部,350,る,2.48,None,小清水町,None,他Ｌ,水源涵養,0,144.374953,43.727925
None,カラマツ,水涵保,None,網走南部,350,そ,6.08,None,小清水町,None,他Ｌ,水源涵養,0,144.377487,43.726357
None,カラマツ,水涵保,None,網走南部,350,ぬ,2.54,None,小清水町,None,他Ｌ,水源涵養,0,144.375643,43.727443
None,カラマツ,水涵保,None,網走南部,350,ぬ,2.54,None,小清水町,None,他Ｌ,水源涵養,0,144.375377,43.726118
None,天エゾマツ,水涵保,None,網走南部,353,よ,7.59,None,小清水町,他Ｌ,天トドマツ,水源涵養,0,144.371589,43.72876
None,アカエゾマツ,水涵保,None,網走南部,350,ね,2.53,None,小清水町,None,他Ｌ,水源涵養,0,144.373577,43.725865
None,トドマツ,水涵保,None,網走南部,322,と,13.86,None,小清水町,None,他Ｌ,水源涵養,0,144.432552,43.724614
None,トドマツ,水涵保,None,網走南部,322,と,13.86,None,小清水町,None,他Ｌ,水源涵養,0,144.430233,43.726618
None,天トドマツ,水涵保,None,網走南部,323,に,80.09,None,小清水町,他Ｌ,天エゾマツ,水源涵養,0,144.430729,43.73358
None,トドマツ,水涵保,None,網走南部,322,ち,5.63,None,小清水町,None,他Ｌ,水源涵養,0,144.4314,43.721755
None,アカエゾマツ,水涵保,None,網走南部,323,ね,2.15,None,小清水町,トドマツ,他Ｌ,水源涵養,0,144.429278,43.724538
None,トドマツ,水涵保,None,網走南部,323,る,4.09,None,小清水町,None,他Ｌ,水源涵養,0,144.428307,43.724131
None,None,None,None,網走南部,323,イ,8.78,None,小清水町,None,None,水源涵養,0,144.428014,43.72855
None,天エゾマツ,水涵保,None,網走南部,323,は,4.0,None,小清水町,シナノキ,天トドマツ,水源涵養,0,144.42951,43.723197
None,トドマツ,水涵保,None,網走南部,323,へ,9.21,None,小清水町,None,他Ｌ,水源涵養,0,144.426842,43.721821
None,トドマツ,水涵保,None,網走南部,322,ぬ,1.6,None,小清水町,None,他Ｌ,水源涵養,0,144.432846,43.719412
None,トドマツ,水涵保,None,網走南部,322,ち,5.63,None,小清水町,None,他Ｌ,水源涵養,0,144.432095,43.720599
None,天トドマツ,水涵保,None,網走南部,322,は,65.33,None,小清水町,他Ｌ,天エゾマツ,水源涵養,0,144.433772,43.713063
None,トドマツ,水涵保,None,網走南部,323,か,9.4,None,小清水町,None,他Ｌ,水源涵養,0,144.428813,43.71881
None,トドマツ,水涵保,None,網走南部,323,な,12.01,None,小清水町,None,他Ｌ,水源涵養,0,144.422847,43.722983
None,None,水涵保,None,網走南部,327,ハ,0.5,None,小清水町,None,None,水源涵養,0,144.416522,43.727633
None,天エゾマツ,水涵保,None,網走南部,327,く,3.9,None,小清水町,他Ｌ,天トドマツ,水源涵養,0,144.419296,43.722162
None,アカエゾマツ,水涵保,None,網走南部,323,よ,9.87,None,小清水町,None,他Ｌ,水源涵養,0,144.425389,43.715159
None,アカエゾマツ,水涵保,None,網走南部,323,わ,6.37,None,小清水町,None,他Ｌ,水源涵養,0,144.42172,43.718365
None,天エゾマツ,水涵保,None,網走南部,327,ま,5.05,None,小清水町,他Ｌ,天トドマツ,水源涵養,0,144.418463,43.718509
None,トドマツ,水涵保,None,網走南部,322,つ,6.65,None,小清水町,None,他Ｌ,水源涵養,0,144.432006,43.713037
None,天トドマツ,水涵保,None,網走南部,322,る,1.07,None,小清水町,天エゾマツ,他Ｌ,水源涵養,0,144.431059,43.714197
None,アカエゾマツ,水涵保,None,網走南部,322,わ,11.64,None,小清水町,None,他Ｌ,水源涵養,0,144.430665,43.710214
None,トドマツ,水涵保,None,網走南部,322,れ,1.04,None,小清水町,None,他Ｌ,水源涵養,0,144.428688,43.713926
None,アカエゾマツ,水涵保,None,網走南部,322,か,6.92,None,小清水町,None,他Ｌ,水源涵養,0,144.427499,43.708689
None,天エゾマツ,水涵保,None,網走南部,322,ろ,130.34,None,小清水町,シナノキ,天トドマツ,水源涵養,0,144.429777,43.704935
None,トドマツ,水涵保,None,網走南部,323,た,4.35,None,小清水町,None,他Ｌ,水源涵養,0,144.421854,43.713934
None,トドマツ,水涵保,None,網走南部,323,ほ,6.15,None,小清水町,None,他Ｌ,水源涵養,0,144.425902,43.711753
None,アカエゾマツ,水涵保,None,網走南部,323,れ,6.12,None,小清水町,None,他Ｌ,水源涵養,0,144.42105,43.708128
None,天トドマツ,水涵保,None,網走南部,323,に,80.09,None,小清水町,他Ｌ,天エゾマツ,水源涵養,0,144.423516,43.710674
None,アカエゾマツ,水涵保,None,網走南部,323,そ,9.15,None,小清水町,None,他Ｌ,水源涵養,0,144.419548,43.710005
None,アカエゾマツ,水涵保,None,網走南部,322,よ,4.03,None,小清水町,None,他Ｌ,水源涵養,0,144.423632,43.709444
None,天トドマツ,水涵保,None,網走南部,322,は,65.33,None,小清水町,他Ｌ,天エゾマツ,水源涵養,0,144.422372,43.709183
None,天トドマツ,水涵保,None,網走南部,322,は,65.33,None,小清水町,他Ｌ,天エゾマツ,水源涵養,0,144.423623,43.707287
None,None,None,None,網走南部,322,ロ,3.65,None,小清水町,None,None,水源涵養,0,144.424048,43.707603
None,天エゾマツ,水涵保,None,網走南部,327,ら,4.98,None,小清水町,他Ｌ,天トドマツ,水源涵養,0,144.4176,43.724319
None,天エゾマツ,水涵保,None,網走南部,327,む,3.1,None,小清水町,他Ｌ,天トドマツ,水源涵養,0,144.415607,43.725046
None,天エゾマツ,水涵保,None,網走南部,327,う,3.35,None,小清水町,他Ｌ,天トドマツ,水源涵養,0,144.414989,43.723199
None,天エゾマツ,水涵保,None,網走南部,327,や,5.37,None,小清水町,他Ｌ,天トドマツ,水源涵養,0,144.416562,43.720912
None,天エゾマツ,水涵保,None,網走南部,327,の,3.56,None,小清水町,他Ｌ,天トドマツ,水源涵養,0,144.414751,43.721649
None,天エゾマツ,水涵保,None,網走南部,327,ほ,4.27,None,小清水町,他Ｌ,天トドマツ,水源涵養,0,144.413452,43.725131
None,天エゾマツ,水涵保,None,網走南部,327,い,91.11,None,小清水町,他Ｌ,天トドマツ,水源涵養,0,144.414069,43.725557
None,天エゾマツ,水涵保,None,網走南部,327,う,3.35,None,小清水町,他Ｌ,天トドマツ,水源涵養,0,144.413558,43.723775
None,天エゾマツ,水涵保,None,網走南部,327,へ,3.25,None,小清水町,他Ｌ,天トドマツ,水源涵養,0,144.41099,43.723569
None,天エゾマツ,水涵保,None,網走南部,327,へ,3.25,None,小清水町,他Ｌ,天トドマツ,水源涵養,0,144.411748,43.722723
None,None,水涵保,None,網走南部,327,イ,2.79,None,小清水町,None,None,水源涵養,0,144.416709,43.729963
None,天エゾマツ,水涵保,None,網走南部,327,ち,4.15,None,小清水町,他Ｌ,天トドマツ,水源涵養,0,144.412463,43.722045
None,天エゾマツ,水涵保,None,網走南部,327,の,3.56,None,小清水町,他Ｌ,天トドマツ,水源涵養,0,144.413733,43.72098
None,None,水涵保,None,網走南部,327,ロ,1.92,None,小清水町,None,None,水源涵養,0,144.409652,43.715931
None,天エゾマツ,水涵保,None,網走南部,327,と,5.49,None,小清水町,他Ｌ,天トドマツ,水源涵養,0,144.410772,43.721912
None,天エゾマツ,水涵保,None,網走南部,327,ち,4.15,None,小清水町,他Ｌ,天トドマツ,水源涵養,0,144.411569,43.720923
None,天エゾマツ,水涵保,None,網走南部,327,ち,4.15,None,小清水町,他Ｌ,天トドマツ,水源涵養,0,144.410272,43.720824
None,天エゾマツ,水涵保,None,網走南部,327,い,91.11,None,小清水町,他Ｌ,天トドマツ,水源涵養,0,144.417498,43.730261
None,天エゾマツ,水涵保,None,網走南部,327,け,5.09,None,小清水町,他Ｌ,天トドマツ,水源涵養,0,144.415851,43.718372
None,天エゾマツ,水涵保,None,網走南部,327,ふ,5.01,None,小清水町,他Ｌ,天トドマツ,水源涵養,0,144.415206,43.716041
None,天エゾマツ,水涵保,None,網走南部,327,る,4.37,None,小清水町,他Ｌ,天トドマツ,水源涵養,0,144.412129,43.719622
None,天エゾマツ,水涵保,None,網走南部,327,お,4.52,None,小清水町,他Ｌ,天トドマツ,水源涵養,0,144.413824,43.718977
None,天エゾマツ,水涵保,None,網走南部,327,お,4.52,None,小清水町,他Ｌ,天トドマツ,水源涵養,0,144.411761,43.717208
None,天エゾマツ,水涵保,None,網走南部,327,る,4.37,None,小清水町,他Ｌ,天トドマツ,水源涵養,0,144.411186,43.718702
None,天エゾマツ,水涵保,None,網走南部,327,あ,4.35,None,小清水町,他Ｌ,天トドマツ,水源涵養,0,144.413353,43.715767
None,天エゾマツ,水涵保,None,網走南部,327,あ,4.35,None,小清水町,他Ｌ,天トドマツ,水源涵養,0,144.411805,43.715491
None,カラマツ,水涵保,None,網走南部,334,ね,14.8,None,小清水町,None,他Ｌ,水源涵養,0,144.40781,43.725338
None,天エゾマツ,水涵保,None,網走南部,327,と,5.49,None,小清水町,他Ｌ,天トドマツ,水源涵養,0,144.408479,43.721849
None,カラマツ,水涵保,None,網走南部,334,の,5.42,None,小清水町,None,他Ｌ,水源涵養,0,144.404577,43.724442
None,天エゾマツ,水涵保,None,網走南部,327,り,4.64,None,小清水町,他Ｌ,天トドマツ,水源涵養,0,144.40966,43.719055
None,天エゾマツ,水涵保,None,網走南部,327,り,4.64,None,小清水町,他Ｌ,天トドマツ,水源涵養,0,144.408043,43.719438
None,天エゾマツ,水涵保,None,網走南部,327,ぬ,3.38,None,小清水町,他Ｌ,天トドマツ,水源涵養,0,144.407377,43.717754
None,天エゾマツ,水涵保,None,網走南部,327,わ,4.16,None,小清水町,他Ｌ,天トドマツ,水源涵養,0,144.408662,43.715158
None,天エゾマツ,水涵保,None,網走南部,327,ぬ,3.38,None,小清水町,他Ｌ,天トドマツ,水源涵養,0,144.408128,43.717142
None,トドマツ,水涵保,None,網走南部,334,つ,25.68,None,小清水町,None,他Ｌ,水源涵養,0,144.404604,43.719615
None,天エゾマツ,水涵保,None,網走南部,327,よ,3.7,None,小清水町,他Ｌ,天トドマツ,水源涵養,0,144.405048,43.713511
None,天エゾマツ,水涵保,None,網走南部,327,こ,5.08,None,小清水町,他Ｌ,天トドマツ,水源涵養,0,144.416142,43.714289
None,天エゾマツ,水涵保,None,網走南部,327,え,5.08,None,小清水町,他Ｌ,天トドマツ,水源涵養,0,144.416105,43.712492
None,天エゾマツ,水涵保,None,網走南部,327,て,3.26,None,小清水町,他Ｌ,天トドマツ,水源涵養,0,144.415906,43.710544
None,天エゾマツ,水涵保,None,網走南部,327,さ,5.29,None,小清水町,他Ｌ,天トドマツ,水源涵養,0,144.412794,43.713414
None,天エゾマツ,水涵保,None,網走南部,327,き,4.16,None,小清水町,他Ｌ,天トドマツ,水源涵養,0,144.412842,43.711409
None,天エゾマツ,水涵保,None,網走南部,327,ゆ,3.33,None,小清水町,他Ｌ,天トドマツ,水源涵養,0,144.413427,43.709611
None,天エゾマツ,水涵保,None,網走南部,327,つ,4.63,None,小清水町,他Ｌ,天トドマツ,水源涵養,0,144.410095,43.710859
None,天エゾマツ,水涵保,None,網走南部,327,ろ,29.0,None,小清水町,ダケカンバ,天トドマツ,水源涵養,0,144.411954,43.70679
None,天エゾマツ,水涵保,None,網走南部,327,か,5.49,None,小清水町,他Ｌ,天トドマツ,水源涵養,0,144.408909,43.713015
None,天エゾマツ,水涵保,None,網走南部,327,そ,4.49,None,小清水町,他Ｌ,天トドマツ,水源涵養,0,144.408456,43.709347
None,天エゾマツ,水涵保,None,網走南部,327,よ,3.7,None,小清水町,他Ｌ,天トドマツ,水源涵養,0,144.406228,43.713597
None,天エゾマツ,水涵保,None,網走南部,337,に,3.71,None,小清水町,他Ｌ,天トドマツ,水源涵養,0,144.403308,43.712423
None,天エゾマツ,水涵保,None,網走南部,327,た,4.0,None,小清水町,他Ｌ,天トドマツ,水源涵養,0,144.405778,43.711658
None,天エゾマツ,水涵保,None,網走南部,327,れ,4.16,None,小清水町,他Ｌ,天トドマツ,水源涵養,0,144.406191,43.70913
None,他Ｌ,水涵保,None,網走南部,337,は,29.16,None,小清水町,天トドマツ,天エゾマツ,水源涵養,0,144.410417,43.700517
None,None,None,None,網走南部,337,イ,1.13,None,小清水町,None,None,水源涵養,0,144.403168,43.708523
None,他Ｌ,水涵保,None,網走南部,339,は,14.27,None,小清水町,ダケカンバ,天エゾマツ,水源涵養,0,144.398773,43.703448
None,天エゾマツ,水涵保,None,網走南部,315,か,33.93,None,小清水町,他Ｌ,ダケカンバ,水源涵養,0,144.430376,43.701601
None,アカエゾマツ,水涵保,None,網走南部,315,た,2.53,None,小清水町,None,None,水源涵養,0,144.433388,43.699905
None,アカエゾマツ,水涵保,None,網走南部,315,れ,3.85,None,小清水町,None,他Ｌ,水源涵養,0,144.431215,43.69938
None,天エゾマツ,水涵保,None,網走南部,322,ろ,130.34,None,小清水町,シナノキ,天トドマツ,水源涵養,0,144.421573,43.700951
None,天エゾマツ,水涵保,None,網走南部,322,ほ,29.81,None,小清水町,ダケカンバ,天トドマツ,水源涵養,0,144.414823,43.695306
None,天エゾマツ,水涵保,None,網走南部,323,ろ,50.33,None,小清水町,ダケカンバ,天トドマツ,水源涵養,0,144.418275,43.705676
None,トドマツ,水涵保,None,網走南部,337,ろ,29.96,None,小清水町,None,他Ｌ,水源涵養,0,144.407884,43.703606
None,天エゾマツ,水涵保,保健保,網走南部,339,ち,57.85,None,小清水町,他Ｌ,天トドマツ,森林空間利用,0,144.404271,43.695648
None,トドマツ,水涵保,None,網走南部,334,こ,0.9,None,小清水町,他Ｌ,アカエゾマツ,水源涵養,0,144.400786,43.724599
None,None,None,None,網走南部,334,ロ,1.48,None,小清水町,None,None,水源涵養,0,144.401478,43.723229
None,天トドマツ,水涵保,None,網走南部,334,い,87.02,None,小清水町,他Ｌ,天エゾマツ,水源涵養,0,144.400259,43.717405
None,トドマツ,水涵保,None,網走南部,334,ま,2.36,None,小清水町,None,他Ｌ,水源涵養,0,144.400178,43.724266
None,トドマツ,水涵保,None,網走南部,334,つ,25.68,None,小清水町,None,他Ｌ,水源涵養,0,144.401285,43.721638
None,ストローブマツ,水涵保,None,網走南部,335,ち,8.2,None,小清水町,None,他Ｌ,水源涵養,0,144.396855,43.725077
None,カラマツ,水涵保,None,網走南部,335,り,18.3,None,小清水町,None,他Ｌ,水源涵養,0,144.393974,43.723575
None,他Ｌ,水涵保,None,網走南部,335,ぬ,16.57,None,小清水町,ニレ,イタヤカエデ,水源涵養,0,144.394663,43.719927
None,カラマツ,水涵保,None,網走南部,334,な,18.6,None,小清水町,None,他Ｌ,水源涵養,0,144.399937,43.71967
None,他Ｌ,水涵保,None,網走南部,335,ほ,37.73,None,小清水町,シナノキ,天トドマツ,水源涵養,0,144.387526,43.718994
None,カラマツ,水涵保,None,網走南部,335,る,12.09,None,小清水町,None,他Ｌ,水源涵養,0,144.391501,43.720957
None,天エゾマツ,水涵保,None,網走南部,346,ぬ,123.58,None,小清水町,天トドマツ,他Ｌ,水源涵養,0,144.390352,43.724598
None,トドマツ,水涵保,None,網走南部,346,れ,9.43,None,小清水町,None,他Ｌ,水源涵養,0,144.38704,43.723422
None,None,None,None,網走南部,335,イ,1.84,None,小清水町,None,None,水源涵養,0,144.390514,43.721911
None,カラマツ,水涵保,None,網走南部,335,る,12.09,None,小清水町,None,他Ｌ,水源涵養,0,144.389667,43.722367
None,トドマツ,水涵保,None,網走南部,335,と,2.01,None,小清水町,None,他Ｌ,水源涵養,0,144.386719,43.720588
None,天トドマツ,水涵保,None,網走南部,336,い,57.02,None,小清水町,シナノキ,天エゾマツ,水源涵養,0,144.393614,43.714953
None,トドマツ,水涵保,None,網走南部,335,か,1.23,None,小清水町,None,他Ｌ,水源涵養,0,144.388642,43.719678
None,トドマツ,水涵保,None,網走南部,337,い,13.53,None,小清水町,None,他Ｌ,水源涵養,0,144.401376,43.713216
None,カラマツ,水涵保,None,網走南部,338,い,14.69,None,小清水町,トドマツ,他Ｌ,水源涵養,0,144.399968,43.714838
None,None,None,None,網走南部,338,イ,1.0,None,小清水町,None,None,水源涵養,0,144.39936,43.712705
None,他Ｌ,水涵保,None,網走南部,337,は,29.16,None,小清水町,天トドマツ,天エゾマツ,水源涵養,0,144.399037,43.712148
None,他Ｌ,水涵保,None,網走南部,337,は,29.16,None,小清水町,天トドマツ,天エゾマツ,水源涵養,0,144.403174,43.708267
None,None,None,None,網走南部,338,イ,1.0,None,小清水町,None,None,水源涵養,0,144.398196,43.70799
None,カラマツ,水涵保,None,網走南部,338,い,14.69,None,小清水町,トドマツ,他Ｌ,水源涵養,0,144.399624,43.709836
None,天エゾマツ,水涵保,None,網走南部,338,ほ,2.88,None,小清水町,他Ｌ,天トドマツ,水源涵養,0,144.399071,43.709199
None,カラマツ,水涵保,None,網走南部,338,い,14.69,None,小清水町,トドマツ,他Ｌ,水源涵養,0,144.397713,43.712265
None,天エゾマツ,水涵保,None,網走南部,338,ほ,2.88,None,小清水町,他Ｌ,天トドマツ,水源涵養,0,144.398235,43.709103
None,トドマツ,水涵保,None,網走南部,339,へ,16.15,None,小清水町,None,他Ｌ,水源涵養,0,144.399361,43.705889
None,カラマツ,水涵保,None,網走南部,338,ろ,21.4,None,小清水町,None,他Ｌ,水源涵養,0,144.396164,43.705207
None,カラマツ,水涵保,None,網走南部,338,ろ,21.4,None,小清水町,None,他Ｌ,水源涵養,0,144.394689,43.70533
None,他Ｌ,水涵保,None,網走南部,339,は,14.27,None,小清水町,ダケカンバ,天エゾマツ,水源涵養,0,144.395628,43.703977
None,カラマツ,水涵保,None,網走南部,338,ろ,21.4,None,小清水町,None,他Ｌ,水源涵養,0,144.395351,43.704301
None,カラマツ,水涵保,None,網走南部,338,ろ,21.4,None,小清水町,None,他Ｌ,水源涵養,0,144.39363,43.706734
None,天エゾマツ,水涵保,None,網走南部,336,ろ,89.22,None,小清水町,シナノキ,天トドマツ,水源涵養,0,144.387621,43.708034
None,他Ｌ,水涵保,None,網走南部,338,へ,4.21,None,小清水町,ダケカンバ,天エゾマツ,水源涵養,0,144.390182,43.70409
None,トドマツ,水涵保,None,網走南部,346,て,5.44,None,小清水町,None,他Ｌ,水源涵養,0,144.384945,43.724261
None,トドマツ,水涵保,None,網走南部,346,あ,3.68,None,小清水町,None,他Ｌ,水源涵養,0,144.383841,43.723048
None,None,None,None,網走南部,346,ロ,0.06,None,小清水町,None,None,水源涵養,0,144.385482,43.720128
None,トドマツ,水涵保,None,網走南部,346,ろ,4.9,None,小清水町,他Ｌ,アカエゾマツ,水源涵養,1,144.3815,43.724619
None,アカエゾマツ,水涵保,None,網走南部,346,は,1.7,None,小清水町,他Ｌ,トドマツ,水源涵養,1,144.382017,43.722668
None,トドマツ,水涵保,None,網走南部,346,ま,2.96,None,小清水町,None,他Ｌ,水源涵養,0,144.380466,43.722863
None,トドマツ,水涵保,None,網走南部,346,ろ,4.9,None,小清水町,他Ｌ,アカエゾマツ,水源涵養,1,144.380208,43.724321
None,トドマツ,水涵保,None,網走南部,346,ま,2.96,None,小清水町,None,他Ｌ,水源涵養,0,144.37893,43.724298
None,トドマツ,水涵保,None,網走南部,346,ま,2.96,None,小清水町,None,他Ｌ,水源涵養,0,144.379485,43.72314
None,アカエゾマツ,水涵保,None,網走南部,346,は,7.33,None,小清水町,None,他Ｌ,水源涵養,0,144.382164,43.717739
None,カラマツ,水涵保,None,網走南部,335,よ,20.36,None,小清水町,None,他Ｌ,水源涵養,0,144.388002,43.716861
None,アカエゾマツ,水涵保,None,網走南部,346,き,10.13,None,小清水町,None,他Ｌ,水源涵養,0,144.380383,43.71954
None,None,None,None,網走南部,346,ハ,0.31,None,小清水町,None,None,森林空間利用,0,144.380383,43.716138
None,天エゾマツ,水涵保,保健保,網走南部,346,ほ,6.92,None,小清水町,他Ｌ,天トドマツ,森林空間利用,0,144.38073,43.71624
None,天エゾマツ,水涵保,保健保,網走南部,346,ほ,6.92,None,小清水町,他Ｌ,天トドマツ,森林空間利用,0,144.37947,43.715071
None,アカエゾマツ,None,None,網走南部,350,な,0.41,None,小清水町,None,None,水源涵養,0,144.376244,43.724607
None,トドマツ,水涵保,None,網走南部,350,つ,5.74,None,小清水町,None,他Ｌ,水源涵養,0,144.374917,43.723924
None,アカエゾマツ,水涵保,None,網走南部,346,ふ,9.3,None,小清水町,None,他Ｌ,水源涵養,0,144.377604,43.721365
None,トドマツ,水涵保,None,網走南部,350,か,6.83,None,小清水町,None,他Ｌ,水源涵養,0,144.372379,43.722989
None,天エゾマツ,水涵保,None,網走南部,350,ろ,54.43,None,小清水町,他Ｌ,天トドマツ,水源涵養,0,144.374121,43.717438
None,天エゾマツ,水涵保,None,網走南部,350,た,3.58,None,小清水町,他Ｌ,天トドマツ,水源涵養,0,144.373992,43.721863
None,天エゾマツ,水涵保,None,網走南部,350,ろ,54.43,None,小清水町,他Ｌ,天トドマツ,水源涵養,0,144.371898,43.722094
None,天エゾマツ,水涵保,None,網走南部,350,れ,9.52,None,小清水町,シナノキ,天トドマツ,水源涵養,0,144.371393,43.721116
None,天エゾマツ,水涵保,保健保,網走南部,346,ほ,6.92,None,小清水町,他Ｌ,天トドマツ,森林空間利用,0,144.377698,43.715268
None,None,None,None,網走南部,346,ハ,0.31,None,小清水町,None,None,森林空間利用,0,144.377986,43.714875
None,天エゾマツ,水涵保,保健保,網走南部,346,ほ,6.92,None,小清水町,他Ｌ,天トドマツ,森林空間利用,0,144.377762,43.714743
None,トドマツ,水涵保,保健保,網走南部,346,ち,1.71,None,小清水町,None,他Ｌ,森林空間利用,0,144.377677,43.714692
None,天エゾマツ,水涵保,保健保,網走南部,346,へ,3.5,None,小清水町,他Ｌ,天トドマツ,森林空間利用,0,144.375934,43.715555
None,天エゾマツ,水涵保,None,網走南部,350,れ,9.52,None,小清水町,シナノキ,天トドマツ,水源涵養,0,144.37162,43.718931
None,天エゾマツ,水涵保,保健保,網走南部,335,た,43.8,None,小清水町,シナノキ,天トドマツ,森林空間利用,0,144.380507,43.712334
None,トドマツ,水涵保,保健保,網走南部,346,ち,1.71,None,小清水町,None,他Ｌ,森林空間利用,0,144.377237,43.714725
None,トドマツ,水涵保,保健保,網走南部,346,ち,1.71,None,小清水町,None,他Ｌ,森林空間利用,0,144.376458,43.713559
None,None,None,None,網走南部,346,ハ,0.31,None,小清水町,None,None,森林空間利用,0,144.374575,43.7136
None,天エゾマツ,水涵保,保健保,網走南部,346,ほ,6.92,None,小清水町,他Ｌ,天トドマツ,森林空間利用,0,144.375731,43.713197
None,天エゾマツ,水涵保,保健保,網走南部,335,れ,7.19,None,小清水町,天トドマツ,ダケカンバ,森林空間利用,0,144.374915,43.712218
None,トドマツ,水涵保,保健保,網走南部,346,ち,1.71,None,小清水町,None,他Ｌ,森林空間利用,0,144.374705,43.713504
None,トドマツ,水涵保,保健保,網走南部,351,へ,0.1,None,小清水町,None,None,森林空間利用,0,144.374544,43.713309
None,トドマツ,水涵保,保健保,網走南部,351,へ,0.1,None,小清水町,None,None,森林空間利用,0,144.374712,43.712766
None,None,水涵保,None,網走南部,351,ロ,0.04,None,小清水町,None,None,森林空間利用,0,144.374358,43.712942
None,天エゾマツ,水涵保,保健保,網走南部,351,ろ,43.51,None,小清水町,他Ｌ,天トドマツ,森林空間利用,0,144.374004,43.711761
None,アカエゾマツ,水涵保,保健保,網走南部,335,ね,0.13,None,小清水町,None,None,森林空間利用,0,144.374927,43.710849
None,アカエゾマツ,水涵保,保健保,網走南部,335,ね,0.13,None,小清水町,None,None,森林空間利用,0,144.374461,43.710543
None,None,None,None,網走南部,335,ハ,0.25,None,小清水町,None,None,森林空間利用,0,144.374213,43.710365
None,None,水涵保,None,網走南部,351,ロ,0.04,None,小清水町,None,None,森林空間利用,0,144.37373,43.711735
None,天エゾマツ,水涵保,保健保,網走南部,335,れ,7.19,None,小清水町,天トドマツ,ダケカンバ,森林空間利用,0,144.374195,43.709762
None,天エゾマツ,水涵保,保健保,網走南部,335,れ,7.19,None,小清水町,天トドマツ,ダケカンバ,森林空間利用,0,144.373953,43.710504
None,アカエゾマツ,水涵保,保健保,網走南部,335,つ,0.43,None,小清水町,None,他Ｌ,森林空間利用,0,144.373641,43.709525
None,アカエゾマツ,水涵保,保健保,網走南部,335,そ,1.75,None,小清水町,None,他Ｌ,森林空間利用,0,144.377216,43.708983
None,天エゾマツ,水涵保,保健保,網走南部,336,に,38.21,None,小清水町,ダケカンバ,天トドマツ,森林空間利用,0,144.374384,43.706618
None,アカエゾマツ,None,None,網走南部,336,か,6.42,None,小清水町,他Ｌ,天エゾマツ,森林空間利用,0,144.375249,43.703663
None,None,None,None,網走南部,351,ニ,2.53,None,小清水町,None,None,森林空間利用,0,144.372686,43.709067
None,天エゾマツ,水涵保,保健保,網走南部,351,ろ,43.51,None,小清水町,他Ｌ,天トドマツ,森林空間利用,0,144.372625,43.70891
None,アカエゾマツ,水涵保,保健保,網走南部,336,へ,0.99,None,小清水町,None,None,森林空間利用,0,144.373084,43.709092
None,アカエゾマツ,水涵保,保健保,網走南部,336,へ,0.99,None,小清水町,None,None,森林空間利用,0,144.372041,43.708048
None,None,None,None,網走南部,336,ニ,0.19,None,小清水町,None,None,森林空間利用,0,144.371424,43.708258
None,アカエゾマツ,None,None,網走南部,336,わ,3.81,None,小清水町,他Ｌ,天エゾマツ,森林空間利用,0,144.373195,43.70396
None,アカエゾマツ,None,None,網走南部,336,よ,2.47,None,小清水町,他Ｌ,天エゾマツ,森林空間利用,0,144.371177,43.703967
None,トドマツ,水涵保,None,網走南部,339,い,28.15,None,小清水町,None,他Ｌ,水源涵養,0,144.401198,43.701824
None,トドマツ,水涵保,None,網走南部,339,と,13.59,None,小清水町,None,他Ｌ,水源涵養,0,144.395505,43.701675
None,アカエゾマツ,水涵保,None,網走南部,339,ろ,19.94,None,小清水町,None,他Ｌ,水源涵養,0,144.397986,43.69885
None,ダケカンバ,水涵保,保健保,網走南部,339,に,33.54,None,小清水町,天エゾマツ,他Ｌ,森林空間利用,0,144.397515,43.696252
None,他Ｌ,水涵保,None,網走南部,338,へ,4.21,None,小清水町,ダケカンバ,天エゾマツ,水源涵養,0,144.394417,43.703647
None,トドマツ,水涵保,None,網走南部,339,と,13.59,None,小清水町,None,他Ｌ,水源涵養,0,144.393962,43.703123
None,None,保健保,None,網走南部,339,ハ,0.14,None,小清水町,None,None,水源涵養,0,144.392933,43.701949
None,None,None,None,網走南部,338,ヘ,0.86,None,小清水町,None,None,水源涵養,0,144.394659,43.704089
None,他Ｌ,水涵保,None,網走南部,338,へ,4.21,None,小清水町,ダケカンバ,天エゾマツ,水源涵養,0,144.391493,43.703896
None,アカエゾマツ,水涵保,None,網走南部,338,は,9.82,None,小清水町,None,他Ｌ,水源涵養,0,144.39138,43.702685
None,アカエゾマツ,水涵保,None,網走南部,338,は,9.82,None,小清水町,None,他Ｌ,水源涵養,0,144.392487,43.701768
None,None,水涵保,保健保,網走南部,338,ニ,1.79,None,小清水町,None,None,水源涵養,0,144.390979,43.700003
None,None,水涵保,None,網走南部,339,ロ,0.49,None,小清水町,None,None,水源涵養,0,144.39134,43.6997
None,アカエゾマツ,水涵保,None,網走南部,338,は,9.82,None,小清水町,None,他Ｌ,水源涵養,0,144.384609,43.701719
None,None,None,None,網走南部,338,ヘ,0.86,None,小清水町,None,None,水源涵養,0,144.39766,43.707977
None,None,水涵保,保健保,網走南部,338,ホ,1.47,None,小清水町,None,None,水源涵養,0,144.388836,43.702664
None,アカエゾマツ,水涵保,None,網走南部,338,ぬ,4.06,None,小清水町,None,他Ｌ,水源涵養,0,144.389721,43.702181
None,アカエゾマツ,水涵保,None,網走南部,338,り,9.15,None,小清水町,None,他Ｌ,水源涵養,0,144.387085,43.700183
None,カラマツ,水涵保,None,網走南部,338,に,2.07,None,小清水町,None,他Ｌ,水源涵養,0,144.38797,43.699086
None,ダケカンバ,水涵保,保健保,網走南部,339,ほ,123.91,None,小清水町,天エゾマツ,他Ｌ,自然維持,0,144.390749,43.692584
None,他Ｌ,水涵保,保健保,網走南部,338,と,13.18,None,小清水町,ダケカンバ,天エゾマツ,森林空間利用,0,144.383145,43.700188
None,ダケカンバ,水涵保,None,網走南部,338,ち,74.1,None,小清水町,他Ｌ,天エゾマツ,自然維持,0,144.377033,43.695537
None,ダケカンバ,水涵保,保健保,網走南部,336,ほ,56.85,None,小清水町,天トドマツ,天エゾマツ,自然維持,0,144.373906,43.700753
None,None,None,None,網走南部,336,ロ,1.29,None,小清水町,None,None,自然維持,0,144.372404,43.698991
None,None,None,None,網走南部,338,ハ,0.22,None,小清水町,None,None,自然維持,0,144.371989,43.69816
None,None,None,None,網走南部,338,ロ,0.54,None,小清水町,None,None,自然維持,0,144.371481,43.697064
None,None,水涵保,保健保,網走南部,339,ニ,0.05,None,小清水町,None,None,自然維持,0,144.376703,43.689323
None,None,None,None,網走南部,339,イ,0.41,None,小清水町,None,None,自然維持,0,144.376025,43.68959
None,ダケカンバ,水涵保,保健保,網走南部,339,ほ,123.91,None,小清水町,天エゾマツ,他Ｌ,自然維持,0,144.375237,43.690214
None,トドマツ,水涵保,None,網走南部,303,は,23.42,None,小清水町,None,他Ｌ,水源涵養,0,144.481506,43.681152
None,トドマツ,水涵保,None,網走南部,303,は,23.42,None,小清水町,None,他Ｌ,水源涵養,0,144.476806,43.681609
None,トドマツ,水涵保,None,網走南部,350,わ,4.4,None,小清水町,None,他Ｌ,水源涵養,0,144.371221,43.724509
None,None,None,None,網走南部,353,ニ,0.09,None,小清水町,None,None,水源涵養,0,144.366943,43.722683
None,トドマツ,水涵保,None,網走南部,350,か,6.83,None,小清水町,None,他Ｌ,水源涵養,0,144.369861,43.722452
None,None,None,None,網走南部,350,ハ,1.67,None,小清水町,None,None,水源涵養,0,144.370151,43.721097
None,天エゾマツ,水涵保,None,網走南部,350,よ,5.05,None,小清水町,他Ｌ,天トドマツ,水源涵養,0,144.367021,43.721469
None,天エゾマツ,水涵保,None,網走南部,350,ろ,54.43,None,小清水町,他Ｌ,天トドマツ,水源涵養,0,144.365765,43.721484
None,天エゾマツ,水涵保,None,網走南部,353,い,26.0,None,小清水町,他Ｌ,天トドマツ,水源涵養,0,144.366098,43.722384
None,天エゾマツ,水涵保,None,網走南部,350,ろ,54.43,None,小清水町,他Ｌ,天トドマツ,水源涵養,0,144.369639,43.719694
None,天エゾマツ,水涵保,None,網走南部,350,い,54.9,None,小清水町,ダケカンバ,天トドマツ,水源涵養,0,144.365784,43.717931
None,天エゾマツ,水涵保,None,網走南部,353,ほ,12.77,None,小清水町,他Ｌ,天トドマツ,水源涵養,0,144.359355,43.719702
None,天エゾマツ,水涵保,保健保,網走南部,353,ろ,8.27,None,小清水町,ダケカンバ,天トドマツ,森林空間利用,0,144.356463,43.718436
None,None,None,None,網走南部,353,イ,0.57,None,小清水町,None,None,森林空間利用,0,144.355473,43.718125
None,None,None,None,網走南部,351,ニ,2.53,None,小清水町,None,None,森林空間利用,0,144.360948,43.711469
None,天トドマツ,水涵保,保健保,網走南部,351,ほ,15.41,None,小清水町,他Ｌ,天エゾマツ,森林空間利用,0,144.370589,43.711916
None,天エゾマツ,水涵保,保健保,網走南部,351,い,61.63,None,小清水町,他Ｌ,天トドマツ,森林空間利用,0,144.364838,43.709889
None,天エゾマツ,水涵保,保健保,網走南部,351,ろ,43.51,None,小清水町,他Ｌ,天トドマツ,森林空間利用,0,144.370392,43.707886
None,None,水涵保,None,網走南部,351,ロ,0.04,None,小清水町,None,None,森林空間利用,0,144.370264,43.70777
None,天エゾマツ,水涵保,保健保,網走南部,336,は,13.61,None,小清水町,天トドマツ,他Ｌ,森林空間利用,0,144.371166,43.707098
None,None,None,None,網走南部,336,ト,0.09,None,小清水町,None,None,森林空間利用,0,144.370696,43.706034
None,None,None,None,網走南部,336,ニ,0.19,None,小清水町,None,None,森林空間利用,0,144.370161,43.706355
None,None,None,None,網走南部,336,ハ,0.81,None,小清水町,None,None,森林空間利用,0,144.370226,43.705529
None,天エゾマツ,水涵保,保健保,網走南部,336,は,13.61,None,小清水町,天トドマツ,他Ｌ,森林空間利用,0,144.369796,43.704556
None,アカエゾマツ,水涵保,保健保,網走南部,336,り,0.9,None,小清水町,他Ｌ,天エゾマツ,森林空間利用,0,144.369682,43.703954
None,天エゾマツ,水涵保,保健保,網走南部,336,は,13.61,None,小清水町,天トドマツ,他Ｌ,森林空間利用,0,144.368649,43.705942
None,アカエゾマツ,水涵保,保健保,網走南部,336,と,2.09,None,小清水町,天トドマツ,天エゾマツ,森林空間利用,0,144.367774,43.704885
None,アカエゾマツ,水涵保,保健保,網走南部,336,ち,2.84,None,小清水町,天トドマツ,天エゾマツ,自然維持,0,144.364306,43.704589
None,天エゾマツ,水涵保,保健保,網走南部,351,ろ,43.51,None,小清水町,他Ｌ,天トドマツ,森林空間利用,0,144.361356,43.706426
None,天エゾマツ,水涵保,保健保,網走南部,351,り,25.36,None,小清水町,他Ｌ,天トドマツ,森林空間利用,0,144.356492,43.71448
None,アカエゾマツ,水涵保,保健保,網走南部,351,よ,2.63,None,小清水町,None,None,森林空間利用,0,144.358192,43.711288
None,天エゾマツ,水涵保,保健保,網走南部,351,り,25.36,None,小清水町,他Ｌ,天トドマツ,森林空間利用,0,144.358921,43.710396
None,ダケカンバ,水涵保,保健保,網走南部,351,る,13.74,None,小清水町,他Ｌ,天エゾマツ,森林空間利用,0,144.35662,43.711106
None,アカエゾマツ,水涵保,保健保,網走南部,351,か,0.42,None,小清水町,None,None,森林空間利用,0,144.355542,43.711466
None,天エゾマツ,水涵保,保健保,網走南部,351,ぬ,5.03,None,小清水町,ダケカンバ,他Ｌ,自然維持,0,144.361748,43.704703
None,None,None,None,網走南部,351,ト,1.72,None,小清水町,None,None,自然維持,0,144.360947,43.704667
None,天エゾマツ,水涵保,保健保,網走南部,351,ち,10.61,None,小清水町,天トドマツ,ダケカンバ,森林空間利用,0,144.356398,43.707895
None,天エゾマツ,水涵保,保健保,網走南部,351,ぬ,5.03,None,小清水町,ダケカンバ,他Ｌ,自然維持,0,144.359243,43.704838
None,アカエゾマツ,水涵保,保健保,網走南部,336,り,0.9,None,小清水町,他Ｌ,天エゾマツ,森林空間利用,0,144.358767,43.703842
None,None,水涵保,保健保,網走南部,351,ハ,0.13,None,小清水町,None,None,自然維持,0,144.357816,43.704688
None,None,水涵保,保健保,網走南部,351,ハ,0.13,None,小清水町,None,None,自然維持,0,144.358105,43.704071
None,天エゾマツ,水涵保,保健保,網走南部,351,ぬ,5.03,None,小清水町,ダケカンバ,他Ｌ,自然維持,0,144.358169,43.703933
None,None,水涵保,保健保,網走南部,351,イ,44.3,None,小清水町,None,None,自然維持,0,144.357568,43.703936
None,None,水涵保,保健保,網走南部,351,ヘ,0.06,None,小清水町,None,None,自然維持,0,144.357383,43.704156
None,None,水涵保,None,網走南部,351,ホ,3.48,None,小清水町,None,None,森林空間利用,0,144.354968,43.711077
None,None,None,None,網走南部,351,ト,1.72,None,小清水町,None,None,自然維持,0,144.357369,43.704644
None,None,水涵保,保健保,網走南部,351,イ,44.3,None,小清水町,None,None,自然維持,0,144.356548,43.704079
None,None,水涵保,保健保,網走南部,351,イ,44.3,None,小清水町,None,None,自然維持,0,144.355416,43.704221
None,天エゾマツ,水涵保,保健保,網走南部,353,ろ,8.27,None,小清水町,ダケカンバ,天トドマツ,森林空間利用,0,144.354617,43.71674
None,天エゾマツ,水涵保,None,網走南部,351,に,28.66,None,小清水町,他Ｌ,天トドマツ,森林空間利用,0,144.352232,43.710955
None,天エゾマツ,水涵保,保健保,網走南部,353,は,17.31,None,小清水町,他Ｌ,天トドマツ,森林空間利用,0,144.350581,43.713936
None,ダケカンバ,水涵保,保健保,網走南部,351,る,13.74,None,小清水町,他Ｌ,天エゾマツ,森林空間利用,0,144.34909,43.711367
None,天エゾマツ,水涵保,None,網走南部,351,に,28.66,None,小清水町,他Ｌ,天トドマツ,森林空間利用,0,144.35476,43.706568
None,天エゾマツ,水涵保,保健保,網走南部,351,は,27.76,None,小清水町,他Ｌ,ダケカンバ,自然維持,0,144.354941,43.705046
None,None,水涵保,保健保,網走南部,351,イ,44.3,None,小清水町,None,None,自然維持,0,144.354002,43.704085
None,天エゾマツ,水涵保,保健保,網走南部,351,は,27.76,None,小清水町,他Ｌ,ダケカンバ,自然維持,0,144.352921,43.705465
None,天エゾマツ,水涵保,None,網走南部,351,に,28.66,None,小清水町,他Ｌ,天トドマツ,森林空間利用,0,144.349092,43.70821
None,他Ｌ,水涵保,保健保,網走南部,353,に,5.11,None,小清水町,天エゾマツ,ダケカンバ,自然維持,0,144.344626,43.712514
None,天エゾマツ,水涵保,保健保,網走南部,351,わ,1.25,None,小清水町,ダケカンバ,他Ｌ,森林空間利用,0,144.346388,43.709542
None,ダケカンバ,水涵保,保健保,網走南部,351,と,28.22,None,小清水町,他Ｌ,天エゾマツ,自然維持,0,144.341602,43.70926
None,天エゾマツ,水涵保,保健保,網走南部,351,は,27.76,None,小清水町,他Ｌ,ダケカンバ,自然維持,0,144.344318,43.707667
None,None,水涵保,None,網走南部,351,チ,0.09,None,小清水町,None,None,自然維持,0,144.345363,43.704676
None,アカエゾマツ,None,None,網走南部,336,ぬ,2.77,None,小清水町,天トドマツ,天エゾマツ,自然維持,0,144.369571,43.702873
None,アカエゾマツ,None,None,網走南部,336,お,2.39,None,小清水町,他Ｌ,天エゾマツ,自然維持,0,144.367762,43.703418
None,アカエゾマツ,None,None,網走南部,336,る,3.63,None,小清水町,他Ｌ,天エゾマツ,自然維持,0,144.369521,43.701356
None,アカエゾマツ,None,None,網走南部,336,る,3.63,None,小清水町,他Ｌ,天エゾマツ,自然維持,0,144.367662,43.70169
None,None,水涵保,保健保,網走南部,336,リ,0.81,None,小清水町,None,None,自然維持,0,144.36802,43.701328
None,None,None,None,網走南部,336,ホ,1.26,None,小清水町,None,None,自然維持,0,144.369244,43.700112
None,None,水涵保,保健保,網走南部,336,リ,0.81,None,小清水町,None,None,自然維持,0,144.368407,43.700761
None,ダケカンバ,水涵保,保健保,網走南部,336,ほ,56.85,None,小清水町,天トドマツ,天エゾマツ,自然維持,0,144.366029,43.703062
None,None,水涵保,保健保,網走南部,336,リ,0.81,None,小清水町,None,None,自然維持,0,144.367138,43.701915
None,アカエゾマツ,水涵保,保健保,網走南部,336,へ,0.99,None,小清水町,None,None,森林空間利用,0,144.365962,43.70195
None,None,水涵保,保健保,網走南部,336,リ,0.81,None,小清水町,None,None,自然維持,0,144.366075,43.70134
None,ダケカンバ,水涵保,保健保,網走南部,336,ほ,56.85,None,小清水町,天トドマツ,天エゾマツ,自然維持,0,144.363509,43.702018
None,None,水涵保,保健保,網走南部,336,リ,0.81,None,小清水町,None,None,自然維持,0,144.366924,43.700716
None,アカエゾマツ,水涵保,保健保,網走南部,336,ち,2.84,None,小清水町,天トドマツ,天エゾマツ,自然維持,0,144.362037,43.70323
None,None,None,None,網走南部,336,ヘ,3.79,None,小清水町,None,None,自然維持,0,144.361785,43.702474
None,アカエゾマツ,水涵保,保健保,網走南部,336,り,0.9,None,小清水町,他Ｌ,天エゾマツ,森林空間利用,0,144.36111,43.70173
None,None,水涵保,保健保,網走南部,336,イ,0.2,None,小清水町,None,None,自然維持,0,144.361983,43.701475
None,ダケカンバ,水涵保,保健保,網走南部,336,ほ,56.85,None,小清水町,天トドマツ,天エゾマツ,自然維持,0,144.360457,43.702951
None,アカエゾマツ,水涵保,保健保,網走南部,336,り,0.9,None,小清水町,他Ｌ,天エゾマツ,森林空間利用,0,144.359217,43.703226
None,None,水涵保,保健保,網走南部,336,イ,0.2,None,小清水町,None,None,自然維持,0,144.357898,43.703241
None,None,水涵保,保健保,網走南部,336,チ,17.52,None,小清水町,None,None,自然維持,0,144.357842,43.701901
None,None,水涵保,保健保,網走南部,336,イ,0.2,None,小清水町,None,None,自然維持,0,144.35736,43.703628
None,None,水涵保,保健保,網走南部,336,チ,17.52,None,小清水町,None,None,自然維持,0,144.355402,43.703272
None,None,水涵保,保健保,網走南部,336,ヌ,0.02,None,小清水町,None,None,自然維持,0,144.353139,43.702393
None,None,水涵保,保健保,網走南部,336,チ,17.52,None,小清水町,None,None,自然維持,0,144.351712,43.703356
None,None,水涵保,保健保,網走南部,351,イ,44.3,None,小清水町,None,None,自然維持,0,144.337568,43.703646
