ZIPファイル名,出力年月日・時刻,地番区域,地番,地番区域（筆界未定地構成地番）,地番（筆界未定地構成地番）
01519-4503-1.zip,202602101146,利尻郡利尻富士町鴛泊字湾内,長狭物不明-1,,
01519-4503-1.zip,202602101146,利尻郡利尻富士町鴛泊字湾内,190-1,,
01519-4503-1.zip,202602101146,利尻郡利尻富士町鴛泊字湾内,190-15,,
01519-4503-1.zip,202602101146,利尻郡利尻富士町鴛泊字湾内,190-6,,
01519-4503-1.zip,202602101146,利尻郡利尻富士町鴛泊字湾内,190-4,,
01519-4503-1.zip,202602101146,利尻郡利尻富士町鴛泊字湾内,190-2,,
01519-4503-1.zip,202602101146,利尻郡利尻富士町鴛泊字湾内,190-3,,
01519-4503-1.zip,202602101146,利尻郡利尻富士町鴛泊字湾内,190-12,,
01519-4503-1.zip,202602101146,利尻郡利尻富士町鴛泊字湾内,192-1,,
01519-4503-1.zip,202602101146,利尻郡利尻富士町鴛泊字湾内,192-2,,
01519-4503-1.zip,202602101146,利尻郡利尻富士町鴛泊字湾内,274,,
01519-4503-1.zip,202602101146,利尻郡利尻富士町鴛泊字湾内,長狭物不明-2,,
01519-4503-1.zip,202602101146,利尻郡利尻富士町鴛泊字湾内,275,,
01519-4503-1.zip,202602101146,利尻郡利尻富士町鴛泊字湾内,道-1,,
01519-4503-1.zip,202602101146,利尻郡利尻富士町鴛泊字湾内,218-1,,
01519-4503-1.zip,202602101146,利尻郡利尻富士町鴛泊字湾内,218-2,,
01519-4503-1.zip,202602101146,利尻郡利尻富士町鴛泊字湾内,216,,
01519-4503-1.zip,202602101146,利尻郡利尻富士町鴛泊字湾内,201,,
01519-4503-1.zip,202602101146,利尻郡利尻富士町鴛泊字湾内,200,,
01519-4503-1.zip,202602101146,利尻郡利尻富士町鴛泊字湾内,198-1,,
01519-4503-1.zip,202602101146,利尻郡利尻富士町鴛泊字湾内,197-3,,
01519-4503-1.zip,202602101146,利尻郡利尻富士町鴛泊字湾内,197-2,,
01519-4503-1.zip,202602101146,利尻郡利尻富士町鴛泊字湾内,道-2,,
01519-4503-1.zip,202602101146,利尻郡利尻富士町鴛泊字湾内,190-21,,
01519-4503-1.zip,202602101146,利尻郡利尻富士町鴛泊字湾内,190-22,,
01519-4503-1.zip,202602101146,利尻郡利尻富士町鴛泊字湾内,190-8,,
01519-4503-1.zip,202602101146,利尻郡利尻富士町鴛泊字湾内,190-14,,
01519-4503-1.zip,202602101146,利尻郡利尻富士町鴛泊字湾内,190-7,,
01519-4503-1.zip,202602101146,利尻郡利尻富士町鴛泊字湾内,190-16,,
01519-4503-1.zip,202602101146,利尻郡利尻富士町鴛泊字湾内,190-17,,
01519-4503-1.zip,202602101146,利尻郡利尻富士町鴛泊字湾内,278-2,,
01519-4503-1.zip,202602101146,利尻郡利尻富士町鴛泊字湾内,196-3,,
01519-4503-1.zip,202602101146,利尻郡利尻富士町鴛泊字湾内,196-1,,
01519-4503-1.zip,202602101146,利尻郡利尻富士町鴛泊字湾内,196-4,,
01519-4503-1.zip,202602101146,利尻郡利尻富士町鴛泊字湾内,278-1,,
01519-4503-1.zip,202602101146,利尻郡利尻富士町鴛泊字湾内,196-2,,
01519-4503-1.zip,202602101146,利尻郡利尻富士町鴛泊字湾内,194,,
01519-4503-1.zip,202602101146,利尻郡利尻富士町鴛泊字湾内,190-11,,
01519-4503-1.zip,202602101146,利尻郡利尻富士町鴛泊字湾内,195,,
01519-4503-1.zip,202602101146,利尻郡利尻富士町鴛泊字湾内,190-20,,
01519-4503-1.zip,202602101146,利尻郡利尻富士町鴛泊字湾内,190-5,,
01519-4503-1.zip,202602101146,利尻郡利尻富士町鴛泊字湾内,190-9,,
01519-4503-1.zip,202602101146,利尻郡利尻富士町鴛泊字湾内,190-19,,
01519-4503-1.zip,202602101146,利尻郡利尻富士町鴛泊字湾内,190-18,,
01519-4503-1.zip,202602101146,利尻郡利尻富士町鴛泊字湾内,190-13,,
01519-4503-1.zip,202602101146,利尻郡利尻富士町鴛泊字湾内,197-4,,
01519-4503-1.zip,202602101146,利尻郡利尻富士町鴛泊字湾内,198-2,,
01519-4503-1.zip,202602101146,利尻郡利尻富士町鴛泊字湾内,198-3,,
01519-4503-1.zip,202602101146,利尻郡利尻富士町鴛泊字湾内,197-1,,
01519-4503-1.zip,202602101146,利尻郡利尻富士町鴛泊字湾内,184,,
01519-4503-1.zip,202602101146,利尻郡利尻富士町鴛泊字湾内,185-1,,
01519-4503-1.zip,202602101146,利尻郡利尻富士町鴛泊字湾内,185-2,,
01519-4503-1.zip,202602101146,利尻郡利尻富士町鴛泊字湾内,186,,
01519-4503-1.zip,202602101146,利尻郡利尻富士町鴛泊字湾内,187,,
01519-4503-1.zip,202602101146,利尻郡利尻富士町鴛泊字湾内,188,,
01519-4503-1.zip,202602101146,利尻郡利尻富士町鴛泊字湾内,189-1,,
01519-4503-1.zip,202602101146,利尻郡利尻富士町鴛泊字湾内,189-2,,
01519-4503-1.zip,202602101146,利尻郡利尻富士町鴛泊字湾内,189-3,,
01519-4503-1.zip,202602101146,利尻郡利尻富士町鴛泊字湾内,199-3,,
01519-4503-1.zip,202602101146,利尻郡利尻富士町鴛泊字湾内,199-1,,
01519-4503-1.zip,202602101146,利尻郡利尻富士町鴛泊字湾内,199-2,,
01519-4503-1.zip,202602101146,利尻郡利尻富士町鴛泊字湾内,190-10,,
01519-4503-2.zip,202602101146,利尻郡利尻富士町鴛泊字大磯,270-7,,
01519-4503-2.zip,202602101146,利尻郡利尻富士町鴛泊字大磯,270-6,,
01519-4503-2.zip,202602101146,利尻郡利尻富士町鴛泊字大磯,255-3,,
01519-4503-2.zip,202602101146,利尻郡利尻富士町鴛泊字大磯,道-1,,
01519-4503-2.zip,202602101146,利尻郡利尻富士町鴛泊字大磯,道-2,,
01519-4503-2.zip,202602101146,利尻郡利尻富士町鴛泊字大磯,519,,
01519-4503-2.zip,202602101146,利尻郡利尻富士町鴛泊字富士野,72W1,,
01519-4503-2.zip,202602101146,利尻郡利尻富士町鴛泊字富士野,長狭物不明-1,,
01519-4503-2.zip,202602101146,利尻郡利尻富士町鴛泊字本泊,長狭物不明-2,,
01519-4503-2.zip,202602101146,利尻郡利尻富士町鴛泊字大磯,道-3,,
01519-4503-2.zip,202602101146,利尻郡利尻富士町鴛泊字大磯,517,,
01519-4503-2.zip,202602101146,利尻郡利尻富士町鴛泊字本泊,道-4,,
01519-4503-2.zip,202602101146,利尻郡利尻富士町鴛泊字大磯,276-1,,
01519-4503-2.zip,202602101146,利尻郡利尻富士町鴛泊字大磯,道-5,,
01519-4503-2.zip,202602101146,利尻郡利尻富士町鴛泊字本泊,道-6,,
01519-4503-2.zip,202602101146,利尻郡利尻富士町鴛泊字大磯,長狭物不明-4,,
01519-4503-2.zip,202602101146,利尻郡利尻富士町鴛泊字大磯,筆界未定地-1,利尻郡利尻富士町鴛泊字大磯,395
01519-4503-2.zip,202602101146,利尻郡利尻富士町鴛泊字大磯,筆界未定地-1,利尻郡利尻富士町鴛泊字大磯,396
01519-4503-2.zip,202602101146,利尻郡利尻富士町鴛泊字大磯,筆界未定地-2,利尻郡利尻富士町鴛泊字大磯,397
01519-4503-2.zip,202602101146,利尻郡利尻富士町鴛泊字大磯,筆界未定地-2,利尻郡利尻富士町鴛泊字大磯,399
01519-4503-2.zip,202602101146,利尻郡利尻富士町鴛泊字大磯,筆界未定地-3,利尻郡利尻富士町鴛泊字大磯,320
01519-4503-2.zip,202602101146,利尻郡利尻富士町鴛泊字大磯,筆界未定地-3,利尻郡利尻富士町鴛泊字大磯,321
01519-4503-2.zip,202602101146,利尻郡利尻富士町鴛泊字大磯,筆界未定地-4,利尻郡利尻富士町鴛泊字大磯,307
01519-4503-2.zip,202602101146,利尻郡利尻富士町鴛泊字大磯,筆界未定地-4,利尻郡利尻富士町鴛泊字大磯,317
01519-4503-2.zip,202602101146,利尻郡利尻富士町鴛泊字大磯,筆界未定地-5,利尻郡利尻富士町鴛泊字大磯,295
01519-4503-2.zip,202602101146,利尻郡利尻富士町鴛泊字大磯,筆界未定地-5,利尻郡利尻富士町鴛泊字大磯,296
01519-4503-2.zip,202602101146,利尻郡利尻富士町鴛泊字大磯,筆界未定地-6,利尻郡利尻富士町鴛泊字大磯,287
01519-4503-2.zip,202602101146,利尻郡利尻富士町鴛泊字大磯,筆界未定地-6,利尻郡利尻富士町鴛泊字大磯,道-7
01519-4503-2.zip,202602101146,利尻郡利尻富士町鴛泊字大磯,筆界未定地-7,利尻郡利尻富士町鴛泊字大磯,291
01519-4503-2.zip,202602101146,利尻郡利尻富士町鴛泊字大磯,筆界未定地-7,利尻郡利尻富士町鴛泊字大磯,道-8
01519-4503-2.zip,202602101146,利尻郡利尻富士町鴛泊字大磯,筆界未定地-8,利尻郡利尻富士町鴛泊字大磯,286
01519-4503-2.zip,202602101146,利尻郡利尻富士町鴛泊字大磯,筆界未定地-8,利尻郡利尻富士町鴛泊字大磯,290
01519-4503-2.zip,202602101146,利尻郡利尻富士町鴛泊字大磯,筆界未定地-8,利尻郡利尻富士町鴛泊字大磯,道-9
01519-4503-2.zip,202602101146,利尻郡利尻富士町鴛泊字大磯,筆界未定地-9,利尻郡利尻富士町鴛泊字大磯,223
01519-4503-2.zip,202602101146,利尻郡利尻富士町鴛泊字大磯,筆界未定地-9,利尻郡利尻富士町鴛泊字大磯,道-10
01519-4503-2.zip,202602101146,利尻郡利尻富士町鴛泊字大磯,筆界未定地-10,利尻郡利尻富士町鴛泊字大磯,232
01519-4503-2.zip,202602101146,利尻郡利尻富士町鴛泊字大磯,筆界未定地-10,利尻郡利尻富士町鴛泊字大磯,233
01519-4503-2.zip,202602101146,利尻郡利尻富士町鴛泊字大磯,筆界未定地-10,利尻郡利尻富士町鴛泊字大磯,道-11
01519-4503-2.zip,202602101146,利尻郡利尻富士町鴛泊字大磯,筆界未定地-11,利尻郡利尻富士町鴛泊字大磯,238
01519-4503-2.zip,202602101146,利尻郡利尻富士町鴛泊字大磯,筆界未定地-11,利尻郡利尻富士町鴛泊字大磯,道-12
01519-4503-2.zip,202602101146,利尻郡利尻富士町鴛泊字大磯,筆界未定地-12,利尻郡利尻富士町鴛泊字大磯,241
01519-4503-2.zip,202602101146,利尻郡利尻富士町鴛泊字大磯,筆界未定地-12,利尻郡利尻富士町鴛泊字大磯,道-13
01519-4503-2.zip,202602101146,利尻郡利尻富士町鴛泊字大磯,筆界未定地-14,利尻郡利尻富士町鴛泊字大磯,193
01519-4503-2.zip,202602101146,利尻郡利尻富士町鴛泊字大磯,筆界未定地-14,利尻郡利尻富士町鴛泊字大磯,道-15
01519-4503-2.zip,202602101146,利尻郡利尻富士町鴛泊字大磯,筆界未定地-15,利尻郡利尻富士町鴛泊字大磯,202
01519-4503-2.zip,202602101146,利尻郡利尻富士町鴛泊字大磯,筆界未定地-15,利尻郡利尻富士町鴛泊字大磯,205
01519-4503-2.zip,202602101146,利尻郡利尻富士町鴛泊字大磯,筆界未定地-16,利尻郡利尻富士町鴛泊字大磯,160
01519-4503-2.zip,202602101146,利尻郡利尻富士町鴛泊字大磯,筆界未定地-16,利尻郡利尻富士町鴛泊字大磯,161
01519-4503-2.zip,202602101146,利尻郡利尻富士町鴛泊字大磯,筆界未定地-16,利尻郡利尻富士町鴛泊字大磯,道-16
01519-4503-2.zip,202602101146,利尻郡利尻富士町鴛泊字大磯,筆界未定地-17,利尻郡利尻富士町鴛泊字大磯,162
01519-4503-2.zip,202602101146,利尻郡利尻富士町鴛泊字大磯,筆界未定地-17,利尻郡利尻富士町鴛泊字大磯,道-17
01519-4503-2.zip,202602101146,利尻郡利尻富士町鴛泊字大磯,筆界未定地-18,利尻郡利尻富士町鴛泊字大磯,203
01519-4503-2.zip,202602101146,利尻郡利尻富士町鴛泊字大磯,筆界未定地-18,利尻郡利尻富士町鴛泊字大磯,204
01519-4503-2.zip,202602101146,利尻郡利尻富士町鴛泊字大磯,筆界未定地-20,利尻郡利尻富士町鴛泊字大磯,221
01519-4503-2.zip,202602101146,利尻郡利尻富士町鴛泊字大磯,筆界未定地-20,利尻郡利尻富士町鴛泊字大磯,道-19
01519-4503-2.zip,202602101146,利尻郡利尻富士町鴛泊字大磯,筆界未定地-21,利尻郡利尻富士町鴛泊字大磯,69
01519-4503-2.zip,202602101146,利尻郡利尻富士町鴛泊字大磯,筆界未定地-21,利尻郡利尻富士町鴛泊字大磯,70
01519-4503-2.zip,202602101146,利尻郡利尻富士町鴛泊字大磯,筆界未定地-22,利尻郡利尻富士町鴛泊字大磯,71
01519-4503-2.zip,202602101146,利尻郡利尻富士町鴛泊字大磯,筆界未定地-22,利尻郡利尻富士町鴛泊字大磯,72
01519-4503-2.zip,202602101146,利尻郡利尻富士町鴛泊字大磯,筆界未定地-22,利尻郡利尻富士町鴛泊字大磯,道-20
01519-4503-2.zip,202602101146,利尻郡利尻富士町鴛泊字大磯,筆界未定地-23,利尻郡利尻富士町鴛泊字大磯,99
01519-4503-2.zip,202602101146,利尻郡利尻富士町鴛泊字大磯,筆界未定地-23,利尻郡利尻富士町鴛泊字大磯,100
01519-4503-2.zip,202602101146,利尻郡利尻富士町鴛泊字大磯,筆界未定地-24,利尻郡利尻富士町鴛泊字大磯,61
01519-4503-2.zip,202602101146,利尻郡利尻富士町鴛泊字大磯,筆界未定地-24,利尻郡利尻富士町鴛泊字大磯,62
01519-4503-2.zip,202602101146,利尻郡利尻富士町鴛泊字大磯,筆界未定地-25,利尻郡利尻富士町鴛泊字大磯,130
01519-4503-2.zip,202602101146,利尻郡利尻富士町鴛泊字大磯,筆界未定地-25,利尻郡利尻富士町鴛泊字大磯,131
01519-4503-2.zip,202602101146,利尻郡利尻富士町鴛泊字大磯,筆界未定地-26,利尻郡利尻富士町鴛泊字大磯,146
01519-4503-2.zip,202602101146,利尻郡利尻富士町鴛泊字大磯,筆界未定地-26,利尻郡利尻富士町鴛泊字大磯,147
01519-4503-2.zip,202602101146,利尻郡利尻富士町鴛泊字大磯,筆界未定地-27,利尻郡利尻富士町鴛泊字大磯,148
01519-4503-2.zip,202602101146,利尻郡利尻富士町鴛泊字大磯,筆界未定地-27,利尻郡利尻富士町鴛泊字大磯,149
01519-4503-2.zip,202602101146,利尻郡利尻富士町鴛泊字大磯,筆界未定地-28,利尻郡利尻富士町鴛泊字大磯,155
01519-4503-2.zip,202602101146,利尻郡利尻富士町鴛泊字大磯,筆界未定地-28,利尻郡利尻富士町鴛泊字大磯,156
01519-4503-2.zip,202602101146,利尻郡利尻富士町鴛泊字大磯,筆界未定地-29,利尻郡利尻富士町鴛泊字大磯,48
01519-4503-2.zip,202602101146,利尻郡利尻富士町鴛泊字大磯,筆界未定地-29,利尻郡利尻富士町鴛泊字大磯,51
01519-4503-2.zip,202602101146,利尻郡利尻富士町鴛泊字大磯,筆界未定地-30,利尻郡利尻富士町鴛泊字大磯,49
01519-4503-2.zip,202602101146,利尻郡利尻富士町鴛泊字大磯,筆界未定地-30,利尻郡利尻富士町鴛泊字大磯,50
01519-4503-2.zip,202602101146,利尻郡利尻富士町鴛泊字本泊,筆界未定地-31,利尻郡利尻富士町鴛泊字本泊,215
01519-4503-2.zip,202602101146,利尻郡利尻富士町鴛泊字本泊,筆界未定地-31,利尻郡利尻富士町鴛泊字本泊,217
01519-4503-2.zip,202602101146,利尻郡利尻富士町鴛泊字本泊,筆界未定地-31,利尻郡利尻富士町鴛泊字本泊,218
01519-4503-2.zip,202602101146,利尻郡利尻富士町鴛泊字本泊,筆界未定地-32,利尻郡利尻富士町鴛泊字本泊,206
01519-4503-2.zip,202602101146,利尻郡利尻富士町鴛泊字本泊,筆界未定地-32,利尻郡利尻富士町鴛泊字本泊,207
01519-4503-2.zip,202602101146,利尻郡利尻富士町鴛泊字本泊,筆界未定地-33,利尻郡利尻富士町鴛泊字本泊,201
01519-4503-2.zip,202602101146,利尻郡利尻富士町鴛泊字本泊,筆界未定地-33,利尻郡利尻富士町鴛泊字本泊,203
01519-4503-2.zip,202602101146,利尻郡利尻富士町鴛泊字本泊,筆界未定地-34,利尻郡利尻富士町鴛泊字本泊,199-1
01519-4503-2.zip,202602101146,利尻郡利尻富士町鴛泊字本泊,筆界未定地-34,利尻郡利尻富士町鴛泊字本泊,199-2
01519-4503-2.zip,202602101146,利尻郡利尻富士町鴛泊字本泊,筆界未定地-35,利尻郡利尻富士町鴛泊字本泊,200-1
01519-4503-2.zip,202602101146,利尻郡利尻富士町鴛泊字本泊,筆界未定地-35,利尻郡利尻富士町鴛泊字本泊,200-2
01519-4503-2.zip,202602101146,利尻郡利尻富士町鴛泊字本泊,筆界未定地-36,利尻郡利尻富士町鴛泊字本泊,191-2
01519-4503-2.zip,202602101146,利尻郡利尻富士町鴛泊字本泊,筆界未定地-36,利尻郡利尻富士町鴛泊字本泊,191-3
01519-4503-2.zip,202602101146,利尻郡利尻富士町鴛泊字本泊,筆界未定地-36,利尻郡利尻富士町鴛泊字本泊,191-4
01519-4503-2.zip,202602101146,利尻郡利尻富士町鴛泊字本泊,筆界未定地-36,利尻郡利尻富士町鴛泊字本泊,191-5
01519-4503-2.zip,202602101146,利尻郡利尻富士町鴛泊字本泊,筆界未定地-36,利尻郡利尻富士町鴛泊字本泊,191-6
01519-4503-2.zip,202602101146,利尻郡利尻富士町鴛泊字本泊,筆界未定地-36,利尻郡利尻富士町鴛泊字本泊,191-7
01519-4503-2.zip,202602101146,利尻郡利尻富士町鴛泊字本泊,筆界未定地-37,利尻郡利尻富士町鴛泊字本泊,204-1
01519-4503-2.zip,202602101146,利尻郡利尻富士町鴛泊字本泊,筆界未定地-37,利尻郡利尻富士町鴛泊字本泊,204-2
01519-4503-2.zip,202602101146,利尻郡利尻富士町鴛泊字本泊,筆界未定地-37,利尻郡利尻富士町鴛泊字本泊,204-3
01519-4503-2.zip,202602101146,利尻郡利尻富士町鴛泊字本泊,筆界未定地-37,利尻郡利尻富士町鴛泊字本泊,204-4
01519-4503-2.zip,202602101146,利尻郡利尻富士町鴛泊字本泊,筆界未定地-38,利尻郡利尻富士町鴛泊字本泊,216
01519-4503-2.zip,202602101146,利尻郡利尻富士町鴛泊字本泊,筆界未定地-38,利尻郡利尻富士町鴛泊字本泊,219
01519-4503-2.zip,202602101146,利尻郡利尻富士町鴛泊字本泊,筆界未定地-38,利尻郡利尻富士町鴛泊字本泊,220
01519-4503-2.zip,202602101146,利尻郡利尻富士町鴛泊字本泊,筆界未定地-39,利尻郡利尻富士町鴛泊字本泊,136
01519-4503-2.zip,202602101146,利尻郡利尻富士町鴛泊字本泊,筆界未定地-39,利尻郡利尻富士町鴛泊字本泊,道-21
01519-4503-2.zip,202602101146,利尻郡利尻富士町鴛泊字本泊,筆界未定地-40,利尻郡利尻富士町鴛泊字本泊,140
01519-4503-2.zip,202602101146,利尻郡利尻富士町鴛泊字本泊,筆界未定地-40,利尻郡利尻富士町鴛泊字本泊,道-22
01519-4503-2.zip,202602101146,利尻郡利尻富士町鴛泊字本泊,筆界未定地-41,利尻郡利尻富士町鴛泊字本泊,149
01519-4503-2.zip,202602101146,利尻郡利尻富士町鴛泊字本泊,筆界未定地-41,利尻郡利尻富士町鴛泊字本泊,道-23
01519-4503-2.zip,202602101146,利尻郡利尻富士町鴛泊字本泊,筆界未定地-42,利尻郡利尻富士町鴛泊字本泊,180-2
01519-4503-2.zip,202602101146,利尻郡利尻富士町鴛泊字本泊,筆界未定地-42,利尻郡利尻富士町鴛泊字本泊,道-24
01519-4503-2.zip,202602101146,利尻郡利尻富士町鴛泊字本泊,筆界未定地-43,利尻郡利尻富士町鴛泊字本泊,229
01519-4503-2.zip,202602101146,利尻郡利尻富士町鴛泊字本泊,筆界未定地-43,利尻郡利尻富士町鴛泊字本泊,230
01519-4503-2.zip,202602101146,利尻郡利尻富士町鴛泊字大磯,454-2,,
01519-4503-2.zip,202602101146,利尻郡利尻富士町鴛泊字富士野,72W2,,
01519-4503-2.zip,202602101146,利尻郡利尻富士町鴛泊字富士野,67-2,,
01519-4503-2.zip,202602101146,利尻郡利尻富士町鴛泊字富士野,66-4,,
01519-4503-2.zip,202602101146,利尻郡利尻富士町鴛泊字富士野,66-3,,
01519-4503-2.zip,202602101146,利尻郡利尻富士町鴛泊字富士野,66-5,,
01519-4503-2.zip,202602101146,利尻郡利尻富士町鴛泊字富士野,44,,
01519-4503-2.zip,202602101146,利尻郡利尻富士町鴛泊字富士野,77,,
01519-4503-2.zip,202602101146,利尻郡利尻富士町鴛泊字富士野,66-6,,
01519-4503-2.zip,202602101146,利尻郡利尻富士町鴛泊字富士野,22,,
01519-4503-2.zip,202602101146,利尻郡利尻富士町鴛泊字富士野,25,,
01519-4503-2.zip,202602101146,利尻郡利尻富士町鴛泊字富士野,82,,
01519-4503-2.zip,202602101146,利尻郡利尻富士町鴛泊字富士野,46-4,,
01519-4503-2.zip,202602101146,利尻郡利尻富士町鴛泊字富士野,46-1,,
01519-4503-2.zip,202602101146,利尻郡利尻富士町鴛泊字富士野,24-1,,
01519-4503-2.zip,202602101146,利尻郡利尻富士町鴛泊字富士野,33-4,,
01519-4503-2.zip,202602101146,利尻郡利尻富士町鴛泊字富士野,24-2,,
01519-4503-2.zip,202602101146,利尻郡利尻富士町鴛泊字富士野,33-6,,
01519-4503-2.zip,202602101146,利尻郡利尻富士町鴛泊字富士野,33-3,,
01519-4503-2.zip,202602101146,利尻郡利尻富士町鴛泊字富士野,33-5,,
01519-4503-2.zip,202602101146,利尻郡利尻富士町鴛泊字富士野,72W3,,
01519-4503-2.zip,202602101146,利尻郡利尻富士町鴛泊字富士野,65-6,,
01519-4503-2.zip,202602101146,利尻郡利尻富士町鴛泊字富士野,65-1,,
01519-4503-2.zip,202602101146,利尻郡利尻富士町鴛泊字富士野,65-4,,
01519-4503-2.zip,202602101146,利尻郡利尻富士町鴛泊字富士野,65-3,,
01519-4503-2.zip,202602101146,利尻郡利尻富士町鴛泊字富士野,86,,
01519-4503-2.zip,202602101146,利尻郡利尻富士町鴛泊字富士野,96,,
01519-4503-2.zip,202602101146,利尻郡利尻富士町鴛泊字富士野,88,,
01519-4503-2.zip,202602101146,利尻郡利尻富士町鴛泊字富士野,58-2,,
01519-4503-2.zip,202602101146,利尻郡利尻富士町鴛泊字富士野,84,,
01519-4503-2.zip,202602101146,利尻郡利尻富士町鴛泊字富士野,65-2,,
01519-4503-2.zip,202602101146,利尻郡利尻富士町鴛泊字富士野,58-1,,
01519-4503-2.zip,202602101146,利尻郡利尻富士町鴛泊字富士野,65-7,,
01519-4503-2.zip,202602101146,利尻郡利尻富士町鴛泊字富士野,65-5,,
01519-4503-2.zip,202602101146,利尻郡利尻富士町鴛泊字本泊,長狭物不明-5,,
01519-4503-2.zip,202602101146,利尻郡利尻富士町鴛泊字本泊,長狭物不明-6,,
01519-4503-2.zip,202602101146,利尻郡利尻富士町鴛泊字本泊,道-27,,
01519-4503-2.zip,202602101146,利尻郡利尻富士町鴛泊字本泊,168,,
01519-4503-2.zip,202602101146,利尻郡利尻富士町鴛泊字本泊,167,,
01519-4503-2.zip,202602101146,利尻郡利尻富士町鴛泊字本泊,171,,
01519-4503-2.zip,202602101146,利尻郡利尻富士町鴛泊字本泊,1150-1,,
01519-4503-2.zip,202602101146,利尻郡利尻富士町鴛泊字本泊,163,,
01519-4503-2.zip,202602101146,利尻郡利尻富士町鴛泊字本泊,長狭物不明-7,,
01519-4503-2.zip,202602101146,利尻郡利尻富士町鴛泊字本泊,1164,,
01519-4503-2.zip,202602101146,利尻郡利尻富士町鴛泊字本泊,1165,,
01519-4503-2.zip,202602101146,利尻郡利尻富士町鴛泊字本泊,165,,
01519-4503-2.zip,202602101146,利尻郡利尻富士町鴛泊字本泊,166-2,,
01519-4503-2.zip,202602101146,利尻郡利尻富士町鴛泊字本泊,166-1,,
01519-4503-2.zip,202602101146,利尻郡利尻富士町鴛泊字本泊,1150-2,,
01519-4503-2.zip,202602101146,利尻郡利尻富士町鴛泊字本泊,1150-3,,
01519-4503-2.zip,202602101146,利尻郡利尻富士町鴛泊字本泊,162-1,,
01519-4503-2.zip,202602101146,利尻郡利尻富士町鴛泊字本泊,162-2,,
01519-4503-2.zip,202602101146,利尻郡利尻富士町鴛泊字本泊,161-2,,
01519-4503-2.zip,202602101146,利尻郡利尻富士町鴛泊字本泊,160,,
01519-4503-2.zip,202602101146,利尻郡利尻富士町鴛泊字本泊,161-1,,
01519-4503-2.zip,202602101146,利尻郡利尻富士町鴛泊字本泊,166-3,,
01519-4503-2.zip,202602101146,利尻郡利尻富士町鴛泊字本泊,長狭物不明-8,,
01519-4503-2.zip,202602101146,利尻郡利尻富士町鴛泊字本泊,188-4,,
01519-4503-2.zip,202602101146,利尻郡利尻富士町鴛泊字本泊,188-3,,
01519-4503-2.zip,202602101146,利尻郡利尻富士町鴛泊字本泊,長狭物不明-9,,
01519-4503-2.zip,202602101146,利尻郡利尻富士町鴛泊字本泊,長狭物不明-10,,
01519-4503-2.zip,202602101146,利尻郡利尻富士町鴛泊字本泊,道-28,,
01519-4503-2.zip,202602101146,利尻郡利尻富士町鴛泊字本泊,道-29,,
01519-4503-2.zip,202602101146,利尻郡利尻富士町鴛泊字本泊,1162,,
01519-4503-2.zip,202602101146,利尻郡利尻富士町鴛泊字大磯,道-30,,
01519-4503-2.zip,202602101146,利尻郡利尻富士町鴛泊字本泊,道-31,,
01519-4503-2.zip,202602101146,利尻郡利尻富士町鴛泊字本泊,251-1,,
01519-4503-2.zip,202602101146,利尻郡利尻富士町鴛泊字本泊,長狭物不明-11,,
01519-4503-2.zip,202602101146,利尻郡利尻富士町鴛泊字本泊,1133-1,,
01519-4503-2.zip,202602101146,利尻郡利尻富士町鴛泊字本泊,1133-3W1,,
01519-4503-2.zip,202602101146,利尻郡利尻富士町鴛泊字本泊,271,,
01519-4503-2.zip,202602101146,利尻郡利尻富士町鴛泊字本泊,1133-4,,
01519-4503-2.zip,202602101146,利尻郡利尻富士町鴛泊字本泊,261-4,,
01519-4503-2.zip,202602101146,利尻郡利尻富士町鴛泊字本泊,261-1,,
01519-4503-2.zip,202602101146,利尻郡利尻富士町鴛泊字本泊,261-3,,
01519-4503-2.zip,202602101146,利尻郡利尻富士町鴛泊字本泊,1148W1,,
01519-4503-2.zip,202602101146,利尻郡利尻富士町鴛泊字本泊,264,,
01519-4503-2.zip,202602101146,利尻郡利尻富士町鴛泊字本泊,262-1,,
01519-4503-2.zip,202602101146,利尻郡利尻富士町鴛泊字本泊,1163,,
01519-4503-2.zip,202602101146,利尻郡利尻富士町鴛泊字本泊,263,,
01519-4503-2.zip,202602101146,利尻郡利尻富士町鴛泊字本泊,262-3,,
01519-4503-2.zip,202602101146,利尻郡利尻富士町鴛泊字本泊,250-4,,
01519-4503-2.zip,202602101146,利尻郡利尻富士町鴛泊字本泊,250-1,,
01519-4503-2.zip,202602101146,利尻郡利尻富士町鴛泊字本泊,262-2,,
01519-4503-2.zip,202602101146,利尻郡利尻富士町鴛泊字本泊,261-2,,
01519-4503-2.zip,202602101146,利尻郡利尻富士町鴛泊字本泊,250-2,,
01519-4503-2.zip,202602101146,利尻郡利尻富士町鴛泊字本泊,250-3,,
01519-4503-2.zip,202602101146,利尻郡利尻富士町鴛泊字本泊,251-3,,
01519-4503-2.zip,202602101146,利尻郡利尻富士町鴛泊字本泊,266,,
01519-4503-2.zip,202602101146,利尻郡利尻富士町鴛泊字本泊,267,,
01519-4503-2.zip,202602101146,利尻郡利尻富士町鴛泊字本泊,道-33,,
01519-4503-2.zip,202602101146,利尻郡利尻富士町鴛泊字本泊,254-2,,
01519-4503-2.zip,202602101146,利尻郡利尻富士町鴛泊字本泊,254-1,,
01519-4503-2.zip,202602101146,利尻郡利尻富士町鴛泊字本泊,252,,
01519-4503-2.zip,202602101146,利尻郡利尻富士町鴛泊字本泊,244-1,,
01519-4503-2.zip,202602101146,利尻郡利尻富士町鴛泊字本泊,244-2,,
01519-4503-2.zip,202602101146,利尻郡利尻富士町鴛泊字本泊,245,,
01519-4503-2.zip,202602101146,利尻郡利尻富士町鴛泊字本泊,1125,,
01519-4503-2.zip,202602101146,利尻郡利尻富士町鴛泊字大磯,5-1,,
01519-4503-2.zip,202602101146,利尻郡利尻富士町鴛泊字大磯,5-2,,
01519-4503-2.zip,202602101146,利尻郡利尻富士町鴛泊字本泊,1128,,
01519-4503-2.zip,202602101146,利尻郡利尻富士町鴛泊字本泊,1127,,
01519-4503-2.zip,202602101146,利尻郡利尻富士町鴛泊字本泊,189-16,,
01519-4503-2.zip,202602101146,利尻郡利尻富士町鴛泊字本泊,186-1,,
01519-4503-2.zip,202602101146,利尻郡利尻富士町鴛泊字本泊,147-4,,
01519-4503-2.zip,202602101146,利尻郡利尻富士町鴛泊字本泊,135-2,,
01519-4503-2.zip,202602101146,利尻郡利尻富士町鴛泊字本泊,135-1,,
01519-4503-2.zip,202602101146,利尻郡利尻富士町鴛泊字本泊,388-1,,
01519-4503-2.zip,202602101146,利尻郡利尻富士町鴛泊字本泊,142-2,,
01519-4503-2.zip,202602101146,利尻郡利尻富士町鴛泊字本泊,146-1,,
01519-4503-2.zip,202602101146,利尻郡利尻富士町鴛泊字本泊,147,,
01519-4503-2.zip,202602101146,利尻郡利尻富士町鴛泊字本泊,146-2,,
01519-4503-2.zip,202602101146,利尻郡利尻富士町鴛泊字本泊,142-1,,
01519-4503-2.zip,202602101146,利尻郡利尻富士町鴛泊字本泊,143-2,,
01519-4503-2.zip,202602101146,利尻郡利尻富士町鴛泊字本泊,147-2,,
01519-4503-2.zip,202602101146,利尻郡利尻富士町鴛泊字本泊,147-1,,
01519-4503-2.zip,202602101146,利尻郡利尻富士町鴛泊字本泊,185-1,,
01519-4503-2.zip,202602101146,利尻郡利尻富士町鴛泊字本泊,187-1,,
01519-4503-2.zip,202602101146,利尻郡利尻富士町鴛泊字本泊,189-7,,
01519-4503-2.zip,202602101146,利尻郡利尻富士町鴛泊字本泊,189-10,,
01519-4503-2.zip,202602101146,利尻郡利尻富士町鴛泊字本泊,189-2,,
01519-4503-2.zip,202602101146,利尻郡利尻富士町鴛泊字本泊,1120,,
01519-4503-2.zip,202602101146,利尻郡利尻富士町鴛泊字本泊,1121,,
01519-4503-2.zip,202602101146,利尻郡利尻富士町鴛泊字本泊,1161-1,,
01519-4503-2.zip,202602101146,利尻郡利尻富士町鴛泊字本泊,1161-2,,
01519-4503-2.zip,202602101146,利尻郡利尻富士町鴛泊字本泊,155,,
01519-4503-2.zip,202602101146,利尻郡利尻富士町鴛泊字本泊,1134,,
01519-4503-2.zip,202602101146,利尻郡利尻富士町鴛泊字本泊,道-34,,
01519-4503-2.zip,202602101146,利尻郡利尻富士町鴛泊字本泊,172,,
01519-4503-2.zip,202602101146,利尻郡利尻富士町鴛泊字本泊,道-35,,
01519-4503-2.zip,202602101146,利尻郡利尻富士町鴛泊字本泊,道-36,,
01519-4503-2.zip,202602101146,利尻郡利尻富士町鴛泊字本泊,1135,,
01519-4503-2.zip,202602101146,利尻郡利尻富士町鴛泊字本泊,150-1,,
01519-4503-2.zip,202602101146,利尻郡利尻富士町鴛泊字本泊,154,,
01519-4503-2.zip,202602101146,利尻郡利尻富士町鴛泊字本泊,138,,
01519-4503-2.zip,202602101146,利尻郡利尻富士町鴛泊字本泊,137-2,,
01519-4503-2.zip,202602101146,利尻郡利尻富士町鴛泊字本泊,139-2,,
01519-4503-2.zip,202602101146,利尻郡利尻富士町鴛泊字本泊,150-2,,
01519-4503-2.zip,202602101146,利尻郡利尻富士町鴛泊字本泊,道-37,,
01519-4503-2.zip,202602101146,利尻郡利尻富士町鴛泊字本泊,153,,
01519-4503-2.zip,202602101146,利尻郡利尻富士町鴛泊字本泊,152,,
01519-4503-2.zip,202602101146,利尻郡利尻富士町鴛泊字本泊,151,,
01519-4503-2.zip,202602101146,利尻郡利尻富士町鴛泊字本泊,137-1,,
01519-4503-2.zip,202602101146,利尻郡利尻富士町鴛泊字本泊,139-1,,
01519-4503-2.zip,202602101146,利尻郡利尻富士町鴛泊字本泊,173-2,,
01519-4503-2.zip,202602101146,利尻郡利尻富士町鴛泊字本泊,173-1,,
01519-4503-2.zip,202602101146,利尻郡利尻富士町鴛泊字本泊,道-38,,
01519-4503-2.zip,202602101146,利尻郡利尻富士町鴛泊字本泊,174-7,,
01519-4503-2.zip,202602101146,利尻郡利尻富士町鴛泊字本泊,174-2,,
01519-4503-2.zip,202602101146,利尻郡利尻富士町鴛泊字本泊,176-1,,
01519-4503-2.zip,202602101146,利尻郡利尻富士町鴛泊字本泊,175,,
01519-4503-2.zip,202602101146,利尻郡利尻富士町鴛泊字本泊,241-1,,
01519-4503-2.zip,202602101146,利尻郡利尻富士町鴛泊字本泊,242-1,,
01519-4503-2.zip,202602101146,利尻郡利尻富士町鴛泊字本泊,242-2,,
01519-4503-2.zip,202602101146,利尻郡利尻富士町鴛泊字本泊,241-2,,
01519-4503-2.zip,202602101146,利尻郡利尻富士町鴛泊字本泊,174-3,,
01519-4503-2.zip,202602101146,利尻郡利尻富士町鴛泊字本泊,174-8,,
01519-4503-2.zip,202602101146,利尻郡利尻富士町鴛泊字本泊,道-39,,
01519-4503-2.zip,202602101146,利尻郡利尻富士町鴛泊字本泊,174-6,,
01519-4503-2.zip,202602101146,利尻郡利尻富士町鴛泊字本泊,道-40,,
01519-4503-2.zip,202602101146,利尻郡利尻富士町鴛泊字本泊,240-1,,
01519-4503-2.zip,202602101146,利尻郡利尻富士町鴛泊字本泊,174-9,,
01519-4503-2.zip,202602101146,利尻郡利尻富士町鴛泊字本泊,176-2,,
01519-4503-2.zip,202602101146,利尻郡利尻富士町鴛泊字本泊,174-5,,
01519-4503-2.zip,202602101146,利尻郡利尻富士町鴛泊字本泊,174-1,,
01519-4503-2.zip,202602101146,利尻郡利尻富士町鴛泊字本泊,243-1,,
01519-4503-2.zip,202602101146,利尻郡利尻富士町鴛泊字本泊,243-2,,
01519-4503-2.zip,202602101146,利尻郡利尻富士町鴛泊字本泊,179-2,,
01519-4503-2.zip,202602101146,利尻郡利尻富士町鴛泊字本泊,179-1,,
01519-4503-2.zip,202602101146,利尻郡利尻富士町鴛泊字本泊,178-2,,
01519-4503-2.zip,202602101146,利尻郡利尻富士町鴛泊字本泊,178-1,,
01519-4503-2.zip,202602101146,利尻郡利尻富士町鴛泊字本泊,長狭物不明-12,,
01519-4503-2.zip,202602101146,利尻郡利尻富士町鴛泊字本泊,180-1,,
01519-4503-2.zip,202602101146,利尻郡利尻富士町鴛泊字本泊,239,,
01519-4503-2.zip,202602101146,利尻郡利尻富士町鴛泊字本泊,237,,
01519-4503-2.zip,202602101146,利尻郡利尻富士町鴛泊字本泊,235,,
01519-4503-2.zip,202602101146,利尻郡利尻富士町鴛泊字本泊,234,,
01519-4503-2.zip,202602101146,利尻郡利尻富士町鴛泊字本泊,247,,
01519-4503-2.zip,202602101146,利尻郡利尻富士町鴛泊字本泊,236,,
01519-4503-2.zip,202602101146,利尻郡利尻富士町鴛泊字本泊,246,,
01519-4503-2.zip,202602101146,利尻郡利尻富士町鴛泊字本泊,248,,
01519-4503-2.zip,202602101146,利尻郡利尻富士町鴛泊字本泊,181-1,,
01519-4503-2.zip,202602101146,利尻郡利尻富士町鴛泊字本泊,181-2,,
01519-4503-2.zip,202602101146,利尻郡利尻富士町鴛泊字本泊,144,,
01519-4503-2.zip,202602101146,利尻郡利尻富士町鴛泊字本泊,141,,
01519-4503-2.zip,202602101146,利尻郡利尻富士町鴛泊字本泊,148,,
01519-4503-2.zip,202602101146,利尻郡利尻富士町鴛泊字本泊,145,,
01519-4503-2.zip,202602101146,利尻郡利尻富士町鴛泊字本泊,188-5,,
01519-4503-2.zip,202602101146,利尻郡利尻富士町鴛泊字本泊,232-2,,
01519-4503-2.zip,202602101146,利尻郡利尻富士町鴛泊字本泊,249,,
01519-4503-2.zip,202602101146,利尻郡利尻富士町鴛泊字本泊,233,,
01519-4503-2.zip,202602101146,利尻郡利尻富士町鴛泊字本泊,231-2,,
01519-4503-2.zip,202602101146,利尻郡利尻富士町鴛泊字本泊,188-2,,
01519-4503-2.zip,202602101146,利尻郡利尻富士町鴛泊字本泊,186-2,,
01519-4503-2.zip,202602101146,利尻郡利尻富士町鴛泊字本泊,187-2,,
01519-4503-2.zip,202602101146,利尻郡利尻富士町鴛泊字本泊,232-1,,
01519-4503-2.zip,202602101146,利尻郡利尻富士町鴛泊字本泊,188-1,,
01519-4503-2.zip,202602101146,利尻郡利尻富士町鴛泊字本泊,187,,
01519-4503-2.zip,202602101146,利尻郡利尻富士町鴛泊字本泊,182-1,,
01519-4503-2.zip,202602101146,利尻郡利尻富士町鴛泊字本泊,182-2,,
01519-4503-2.zip,202602101146,利尻郡利尻富士町鴛泊字本泊,181-3,,
01519-4503-2.zip,202602101146,利尻郡利尻富士町鴛泊字本泊,183-2,,
01519-4503-2.zip,202602101146,利尻郡利尻富士町鴛泊字本泊,185-2,,
01519-4503-2.zip,202602101146,利尻郡利尻富士町鴛泊字本泊,184-2,,
01519-4503-2.zip,202602101146,利尻郡利尻富士町鴛泊字本泊,183-1,,
01519-4503-2.zip,202602101146,利尻郡利尻富士町鴛泊字本泊,184-1,,
01519-4503-2.zip,202602101146,利尻郡利尻富士町鴛泊字本泊,186,,
01519-4503-2.zip,202602101146,利尻郡利尻富士町鴛泊字本泊,147-3,,
01519-4503-2.zip,202602101146,利尻郡利尻富士町鴛泊字本泊,185,,
01519-4503-2.zip,202602101146,利尻郡利尻富士町鴛泊字本泊,231-1,,
01519-4503-2.zip,202602101146,利尻郡利尻富士町鴛泊字本泊,240-2,,
01519-4503-2.zip,202602101146,利尻郡利尻富士町鴛泊字本泊,道-41,,
01519-4503-2.zip,202602101146,利尻郡利尻富士町鴛泊字本泊,174-4,,
01519-4503-2.zip,202602101146,利尻郡利尻富士町鴛泊字本泊,143-1,,
01519-4503-2.zip,202602101146,利尻郡利尻富士町鴛泊字本泊,251-2,,
01519-4503-2.zip,202602101146,利尻郡利尻富士町鴛泊字本泊,1126,,
01519-4503-2.zip,202602101146,利尻郡利尻富士町鴛泊字大磯,道-42,,
01519-4503-2.zip,202602101146,利尻郡利尻富士町鴛泊字大磯,長狭物不明-13,,
01519-4503-2.zip,202602101146,利尻郡利尻富士町鴛泊字大磯,長狭物不明-14,,
01519-4503-2.zip,202602101146,利尻郡利尻富士町鴛泊字本泊,長狭物不明-15,,
01519-4503-2.zip,202602101146,利尻郡利尻富士町鴛泊字本泊,道-43,,
01519-4503-2.zip,202602101146,利尻郡利尻富士町鴛泊字本泊,長狭物不明-16,,
01519-4503-2.zip,202602101146,利尻郡利尻富士町鴛泊字本泊,1166,,
01519-4503-2.zip,202602101146,利尻郡利尻富士町鴛泊字本泊,長狭物不明-17,,
01519-4503-2.zip,202602101146,利尻郡利尻富士町鴛泊字本泊,長狭物不明-18,,
01519-4503-2.zip,202602101146,利尻郡利尻富士町鴛泊字大磯,25,,
01519-4503-2.zip,202602101146,利尻郡利尻富士町鴛泊字大磯,23,,
01519-4503-2.zip,202602101146,利尻郡利尻富士町鴛泊字大磯,道-44,,
01519-4503-2.zip,202602101146,利尻郡利尻富士町鴛泊字大磯,438,,
01519-4503-2.zip,202602101146,利尻郡利尻富士町鴛泊字大磯,18-2,,
01519-4503-2.zip,202602101146,利尻郡利尻富士町鴛泊字大磯,16-2,,
01519-4503-2.zip,202602101146,利尻郡利尻富士町鴛泊字大磯,13-2,,
01519-4503-2.zip,202602101146,利尻郡利尻富士町鴛泊字大磯,17-1,,
01519-4503-2.zip,202602101146,利尻郡利尻富士町鴛泊字大磯,16-1,,
01519-4503-2.zip,202602101146,利尻郡利尻富士町鴛泊字大磯,18-1,,
01519-4503-2.zip,202602101146,利尻郡利尻富士町鴛泊字大磯,24,,
01519-4503-2.zip,202602101146,利尻郡利尻富士町鴛泊字大磯,17-2,,
01519-4503-2.zip,202602101146,利尻郡利尻富士町鴛泊字大磯,19-1,,
01519-4503-2.zip,202602101146,利尻郡利尻富士町鴛泊字大磯,19-3,,
01519-4503-2.zip,202602101146,利尻郡利尻富士町鴛泊字大磯,20-2,,
01519-4503-2.zip,202602101146,利尻郡利尻富士町鴛泊字大磯,20-3,,
01519-4503-2.zip,202602101146,利尻郡利尻富士町鴛泊字大磯,21,,
01519-4503-2.zip,202602101146,利尻郡利尻富士町鴛泊字大磯,22,,
01519-4503-2.zip,202602101146,利尻郡利尻富士町鴛泊字大磯,20-1,,
01519-4503-2.zip,202602101146,利尻郡利尻富士町鴛泊字大磯,15-1,,
01519-4503-2.zip,202602101146,利尻郡利尻富士町鴛泊字大磯,14,,
01519-4503-2.zip,202602101146,利尻郡利尻富士町鴛泊字大磯,15-2,,
01519-4503-2.zip,202602101146,利尻郡利尻富士町鴛泊字大磯,19-2,,
01519-4503-2.zip,202602101146,利尻郡利尻富士町鴛泊字大磯,長狭物不明-19,,
01519-4503-2.zip,202602101146,利尻郡利尻富士町鴛泊字大磯,13-1,,
01519-4503-2.zip,202602101146,利尻郡利尻富士町鴛泊字大磯,12-1,,
01519-4503-2.zip,202602101146,利尻郡利尻富士町鴛泊字大磯,10-3,,
01519-4503-2.zip,202602101146,利尻郡利尻富士町鴛泊字大磯,12-2,,
01519-4503-2.zip,202602101146,利尻郡利尻富士町鴛泊字大磯,10-1,,
01519-4503-2.zip,202602101146,利尻郡利尻富士町鴛泊字大磯,1-1,,
01519-4503-2.zip,202602101146,利尻郡利尻富士町鴛泊字本泊,道-45,,
01519-4503-2.zip,202602101146,利尻郡利尻富士町鴛泊字大磯,1-2,,
01519-4503-2.zip,202602101146,利尻郡利尻富士町鴛泊字大磯,437,,
01519-4503-2.zip,202602101146,利尻郡利尻富士町鴛泊字大磯,10-2,,
01519-4503-2.zip,202602101146,利尻郡利尻富士町鴛泊字大磯,2-3,,
01519-4503-2.zip,202602101146,利尻郡利尻富士町鴛泊字大磯,2-2,,
01519-4503-2.zip,202602101146,利尻郡利尻富士町鴛泊字本泊,221-2,,
01519-4503-2.zip,202602101146,利尻郡利尻富士町鴛泊字本泊,221-1,,
01519-4503-2.zip,202602101146,利尻郡利尻富士町鴛泊字本泊,223-3,,
01519-4503-2.zip,202602101146,利尻郡利尻富士町鴛泊字本泊,223-1,,
01519-4503-2.zip,202602101146,利尻郡利尻富士町鴛泊字本泊,226-3,,
01519-4503-2.zip,202602101146,利尻郡利尻富士町鴛泊字本泊,226-1,,
01519-4503-2.zip,202602101146,利尻郡利尻富士町鴛泊字本泊,226-2,,
01519-4503-2.zip,202602101146,利尻郡利尻富士町鴛泊字本泊,223-2,,
01519-4503-2.zip,202602101146,利尻郡利尻富士町鴛泊字本泊,224,,
01519-4503-2.zip,202602101146,利尻郡利尻富士町鴛泊字本泊,222,,
01519-4503-2.zip,202602101146,利尻郡利尻富士町鴛泊字本泊,213,,
01519-4503-2.zip,202602101146,利尻郡利尻富士町鴛泊字本泊,212,,
01519-4503-2.zip,202602101146,利尻郡利尻富士町鴛泊字本泊,205,,
01519-4503-2.zip,202602101146,利尻郡利尻富士町鴛泊字本泊,191-8,,
01519-4503-2.zip,202602101146,利尻郡利尻富士町鴛泊字本泊,227-1,,
01519-4503-2.zip,202602101146,利尻郡利尻富士町鴛泊字本泊,228,,
01519-4503-2.zip,202602101146,利尻郡利尻富士町鴛泊字本泊,227-2,,
01519-4503-2.zip,202602101146,利尻郡利尻富士町鴛泊字本泊,196,,
01519-4503-2.zip,202602101146,利尻郡利尻富士町鴛泊字本泊,197,,
01519-4503-2.zip,202602101146,利尻郡利尻富士町鴛泊字大磯,11,,
01519-4503-2.zip,202602101146,利尻郡利尻富士町鴛泊字大磯,9,,
01519-4503-2.zip,202602101146,利尻郡利尻富士町鴛泊字大磯,2-1,,
01519-4503-2.zip,202602101146,利尻郡利尻富士町鴛泊字大磯,3,,
01519-4503-2.zip,202602101146,利尻郡利尻富士町鴛泊字大磯,4,,
01519-4503-2.zip,202602101146,利尻郡利尻富士町鴛泊字大磯,7,,
01519-4503-2.zip,202602101146,利尻郡利尻富士町鴛泊字大磯,6,,
01519-4503-2.zip,202602101146,利尻郡利尻富士町鴛泊字大磯,8,,
01519-4503-2.zip,202602101146,利尻郡利尻富士町鴛泊字本泊,189-1,,
01519-4503-2.zip,202602101146,利尻郡利尻富士町鴛泊字本泊,195,,
01519-4503-2.zip,202602101146,利尻郡利尻富士町鴛泊字本泊,198,,
01519-4503-2.zip,202602101146,利尻郡利尻富士町鴛泊字本泊,189-6,,
01519-4503-2.zip,202602101146,利尻郡利尻富士町鴛泊字本泊,189-5,,
01519-4503-2.zip,202602101146,利尻郡利尻富士町鴛泊字本泊,1119,,
01519-4503-2.zip,202602101146,利尻郡利尻富士町鴛泊字本泊,189-8,,
01519-4503-2.zip,202602101146,利尻郡利尻富士町鴛泊字本泊,189-4,,
01519-4503-2.zip,202602101146,利尻郡利尻富士町鴛泊字本泊,189-17,,
01519-4503-2.zip,202602101146,利尻郡利尻富士町鴛泊字本泊,189-15,,
01519-4503-2.zip,202602101146,利尻郡利尻富士町鴛泊字本泊,189-3,,
01519-4503-2.zip,202602101146,利尻郡利尻富士町鴛泊字本泊,189-14,,
01519-4503-2.zip,202602101146,利尻郡利尻富士町鴛泊字本泊,189-13,,
01519-4503-2.zip,202602101146,利尻郡利尻富士町鴛泊字本泊,1117,,
01519-4503-2.zip,202602101146,利尻郡利尻富士町鴛泊字本泊,1118,,
01519-4503-2.zip,202602101146,利尻郡利尻富士町鴛泊字本泊,1123,,
01519-4503-2.zip,202602101146,利尻郡利尻富士町鴛泊字本泊,191-9,,
01519-4503-2.zip,202602101146,利尻郡利尻富士町鴛泊字本泊,191-1,,
01519-4503-2.zip,202602101146,利尻郡利尻富士町鴛泊字本泊,210,,
01519-4503-2.zip,202602101146,利尻郡利尻富士町鴛泊字本泊,211,,
01519-4503-2.zip,202602101146,利尻郡利尻富士町鴛泊字本泊,214,,
01519-4503-2.zip,202602101146,利尻郡利尻富士町鴛泊字本泊,209,,
01519-4503-2.zip,202602101146,利尻郡利尻富士町鴛泊字本泊,208,,
01519-4503-2.zip,202602101146,利尻郡利尻富士町鴛泊字本泊,202,,
01519-4503-2.zip,202602101146,利尻郡利尻富士町鴛泊字本泊,長狭物不明-20,,
01519-4503-2.zip,202602101146,利尻郡利尻富士町鴛泊字本泊,1129,,
01519-4503-2.zip,202602101146,利尻郡利尻富士町鴛泊字大磯,長狭物不明-21,,
01519-4503-2.zip,202602101146,利尻郡利尻富士町鴛泊字大磯,道-46,,
01519-4503-2.zip,202602101146,利尻郡利尻富士町鴛泊字大磯,27,,
01519-4503-2.zip,202602101146,利尻郡利尻富士町鴛泊字大磯,28,,
01519-4503-2.zip,202602101146,利尻郡利尻富士町鴛泊字大磯,440,,
01519-4503-2.zip,202602101146,利尻郡利尻富士町鴛泊字大磯,441,,
01519-4503-2.zip,202602101146,利尻郡利尻富士町鴛泊字大磯,長狭物不明-22,,
01519-4503-2.zip,202602101146,利尻郡利尻富士町鴛泊字大磯,39,,
01519-4503-2.zip,202602101146,利尻郡利尻富士町鴛泊字大磯,41,,
01519-4503-2.zip,202602101146,利尻郡利尻富士町鴛泊字大磯,42,,
01519-4503-2.zip,202602101146,利尻郡利尻富士町鴛泊字大磯,52V1,,
01519-4503-2.zip,202602101146,利尻郡利尻富士町鴛泊字大磯,43,,
01519-4503-2.zip,202602101146,利尻郡利尻富士町鴛泊字大磯,44,,
01519-4503-2.zip,202602101146,利尻郡利尻富士町鴛泊字大磯,40,,
01519-4503-2.zip,202602101146,利尻郡利尻富士町鴛泊字大磯,26,,
01519-4503-2.zip,202602101146,利尻郡利尻富士町鴛泊字大磯,45,,
01519-4503-2.zip,202602101146,利尻郡利尻富士町鴛泊字大磯,47,,
01519-4503-2.zip,202602101146,利尻郡利尻富士町鴛泊字大磯,46,,
01519-4503-2.zip,202602101146,利尻郡利尻富士町鴛泊字大磯,52V2,,
01519-4503-2.zip,202602101146,利尻郡利尻富士町鴛泊字大磯,142,,
01519-4503-2.zip,202602101146,利尻郡利尻富士町鴛泊字大磯,144,,
01519-4503-2.zip,202602101146,利尻郡利尻富士町鴛泊字大磯,145,,
01519-4503-2.zip,202602101146,利尻郡利尻富士町鴛泊字大磯,長狭物不明-23,,
01519-4503-2.zip,202602101146,利尻郡利尻富士町鴛泊字大磯,154,,
01519-4503-2.zip,202602101146,利尻郡利尻富士町鴛泊字大磯,153,,
01519-4503-2.zip,202602101146,利尻郡利尻富士町鴛泊字大磯,152,,
01519-4503-2.zip,202602101146,利尻郡利尻富士町鴛泊字大磯,143-1,,
01519-4503-2.zip,202602101146,利尻郡利尻富士町鴛泊字大磯,143-3,,
01519-4503-2.zip,202602101146,利尻郡利尻富士町鴛泊字大磯,140-2,,
01519-4503-2.zip,202602101146,利尻郡利尻富士町鴛泊字大磯,140-1,,
01519-4503-2.zip,202602101146,利尻郡利尻富士町鴛泊字大磯,137,,
01519-4503-2.zip,202602101146,利尻郡利尻富士町鴛泊字大磯,136,,
01519-4503-2.zip,202602101146,利尻郡利尻富士町鴛泊字大磯,138-2,,
01519-4503-2.zip,202602101146,利尻郡利尻富士町鴛泊字大磯,139-2,,
01519-4503-2.zip,202602101146,利尻郡利尻富士町鴛泊字大磯,139-3,,
01519-4503-2.zip,202602101146,利尻郡利尻富士町鴛泊字大磯,139-1,,
01519-4503-2.zip,202602101146,利尻郡利尻富士町鴛泊字大磯,150,,
01519-4503-2.zip,202602101146,利尻郡利尻富士町鴛泊字大磯,138-3,,
01519-4503-2.zip,202602101146,利尻郡利尻富士町鴛泊字大磯,141,,
01519-4503-2.zip,202602101146,利尻郡利尻富士町鴛泊字大磯,143-2,,
01519-4503-2.zip,202602101146,利尻郡利尻富士町鴛泊字大磯,138-1,,
01519-4503-2.zip,202602101146,利尻郡利尻富士町鴛泊字大磯,134-1,,
01519-4503-2.zip,202602101146,利尻郡利尻富士町鴛泊字大磯,134-2,,
01519-4503-2.zip,202602101146,利尻郡利尻富士町鴛泊字大磯,133-2,,
01519-4503-2.zip,202602101146,利尻郡利尻富士町鴛泊字大磯,133-3,,
01519-4503-2.zip,202602101146,利尻郡利尻富士町鴛泊字大磯,道-47,,
01519-4503-2.zip,202602101146,利尻郡利尻富士町鴛泊字大磯,132,,
01519-4503-2.zip,202602101146,利尻郡利尻富士町鴛泊字大磯,135-2,,
01519-4503-2.zip,202602101146,利尻郡利尻富士町鴛泊字大磯,135-1,,
01519-4503-2.zip,202602101146,利尻郡利尻富士町鴛泊字大磯,93,,
01519-4503-2.zip,202602101146,利尻郡利尻富士町鴛泊字大磯,92,,
01519-4503-2.zip,202602101146,利尻郡利尻富士町鴛泊字大磯,91,,
01519-4503-2.zip,202602101146,利尻郡利尻富士町鴛泊字大磯,88,,
01519-4503-2.zip,202602101146,利尻郡利尻富士町鴛泊字大磯,89,,
01519-4503-2.zip,202602101146,利尻郡利尻富士町鴛泊字大磯,95-2,,
01519-4503-2.zip,202602101146,利尻郡利尻富士町鴛泊字大磯,133-1,,
01519-4503-2.zip,202602101146,利尻郡利尻富士町鴛泊字大磯,95-1,,
01519-4503-2.zip,202602101146,利尻郡利尻富士町鴛泊字大磯,97,,
01519-4503-2.zip,202602101146,利尻郡利尻富士町鴛泊字大磯,98-1,,
01519-4503-2.zip,202602101146,利尻郡利尻富士町鴛泊字大磯,96-1,,
01519-4503-2.zip,202602101146,利尻郡利尻富士町鴛泊字大磯,96-2,,
01519-4503-2.zip,202602101146,利尻郡利尻富士町鴛泊字大磯,98-2,,
01519-4503-2.zip,202602101146,利尻郡利尻富士町鴛泊字大磯,128,,
01519-4503-2.zip,202602101146,利尻郡利尻富士町鴛泊字大磯,129,,
01519-4503-2.zip,202602101146,利尻郡利尻富士町鴛泊字大磯,158,,
01519-4503-2.zip,202602101146,利尻郡利尻富士町鴛泊字大磯,151,,
01519-4503-2.zip,202602101146,利尻郡利尻富士町鴛泊字大磯,90,,
01519-4503-2.zip,202602101146,利尻郡利尻富士町鴛泊字大磯,53,,
01519-4503-2.zip,202602101146,利尻郡利尻富士町鴛泊字大磯,59,,
01519-4503-2.zip,202602101146,利尻郡利尻富士町鴛泊字大磯,60,,
01519-4503-2.zip,202602101146,利尻郡利尻富士町鴛泊字大磯,64,,
01519-4503-2.zip,202602101146,利尻郡利尻富士町鴛泊字大磯,57,,
01519-4503-2.zip,202602101146,利尻郡利尻富士町鴛泊字大磯,56,,
01519-4503-2.zip,202602101146,利尻郡利尻富士町鴛泊字大磯,54,,
01519-4503-2.zip,202602101146,利尻郡利尻富士町鴛泊字大磯,55-1,,
01519-4503-2.zip,202602101146,利尻郡利尻富士町鴛泊字大磯,63-2,,
01519-4503-2.zip,202602101146,利尻郡利尻富士町鴛泊字大磯,63-1,,
01519-4503-2.zip,202602101146,利尻郡利尻富士町鴛泊字大磯,55-2,,
01519-4503-2.zip,202602101146,利尻郡利尻富士町鴛泊字大磯,58-2,,
01519-4503-2.zip,202602101146,利尻郡利尻富士町鴛泊字大磯,58-1,,
01519-4503-2.zip,202602101146,利尻郡利尻富士町鴛泊字大磯,135-3,,
01519-4503-2.zip,202602101146,利尻郡利尻富士町鴛泊字大磯,道-48,,
01519-4503-2.zip,202602101146,利尻郡利尻富士町鴛泊字大磯,道-49,,
01519-4503-2.zip,202602101146,利尻郡利尻富士町鴛泊字大磯,116-1,,
01519-4503-2.zip,202602101146,利尻郡利尻富士町鴛泊字大磯,116-3,,
01519-4503-2.zip,202602101146,利尻郡利尻富士町鴛泊字大磯,479,,
01519-4503-2.zip,202602101146,利尻郡利尻富士町鴛泊字大磯,116-2,,
01519-4503-2.zip,202602101146,利尻郡利尻富士町鴛泊字大磯,108,,
01519-4503-2.zip,202602101146,利尻郡利尻富士町鴛泊字大磯,107,,
01519-4503-2.zip,202602101146,利尻郡利尻富士町鴛泊字大磯,106,,
01519-4503-2.zip,202602101146,利尻郡利尻富士町鴛泊字大磯,75,,
01519-4503-2.zip,202602101146,利尻郡利尻富士町鴛泊字大磯,459-1,,
01519-4503-2.zip,202602101146,利尻郡利尻富士町鴛泊字大磯,77,,
01519-4503-2.zip,202602101146,利尻郡利尻富士町鴛泊字大磯,78,,
01519-4503-2.zip,202602101146,利尻郡利尻富士町鴛泊字大磯,86-2,,
01519-4503-2.zip,202602101146,利尻郡利尻富士町鴛泊字大磯,86-1,,
01519-4503-2.zip,202602101146,利尻郡利尻富士町鴛泊字大磯,101,,
01519-4503-2.zip,202602101146,利尻郡利尻富士町鴛泊字大磯,110-1,,
01519-4503-2.zip,202602101146,利尻郡利尻富士町鴛泊字大磯,109,,
01519-4503-2.zip,202602101146,利尻郡利尻富士町鴛泊字大磯,105,,
01519-4503-2.zip,202602101146,利尻郡利尻富士町鴛泊字大磯,104-1,,
01519-4503-2.zip,202602101146,利尻郡利尻富士町鴛泊字大磯,102,,
01519-4503-2.zip,202602101146,利尻郡利尻富士町鴛泊字大磯,111-1,,
01519-4503-2.zip,202602101146,利尻郡利尻富士町鴛泊字大磯,111-2,,
01519-4503-2.zip,202602101146,利尻郡利尻富士町鴛泊字大磯,85,,
01519-4503-2.zip,202602101146,利尻郡利尻富士町鴛泊字大磯,104-2,,
01519-4503-2.zip,202602101146,利尻郡利尻富士町鴛泊字大磯,83,,
01519-4503-2.zip,202602101146,利尻郡利尻富士町鴛泊字大磯,76-1,,
01519-4503-2.zip,202602101146,利尻郡利尻富士町鴛泊字大磯,道-50,,
01519-4503-2.zip,202602101146,利尻郡利尻富士町鴛泊字大磯,道-51,,
01519-4503-2.zip,202602101146,利尻郡利尻富士町鴛泊字大磯,79,,
01519-4503-2.zip,202602101146,利尻郡利尻富士町鴛泊字大磯,84,,
01519-4503-2.zip,202602101146,利尻郡利尻富士町鴛泊字大磯,73-2,,
01519-4503-2.zip,202602101146,利尻郡利尻富士町鴛泊字大磯,長狭物不明-24,,
01519-4503-2.zip,202602101146,利尻郡利尻富士町鴛泊字大磯,34-1,,
01519-4503-2.zip,202602101146,利尻郡利尻富士町鴛泊字本泊,1133-2,,
01519-4503-2.zip,202602101146,利尻郡利尻富士町鴛泊字本泊,道-52,,
01519-4503-2.zip,202602101146,利尻郡利尻富士町鴛泊字本泊,1131-1,,
01519-4503-2.zip,202602101146,利尻郡利尻富士町鴛泊字本泊,270-2,,
01519-4503-2.zip,202602101146,利尻郡利尻富士町鴛泊字本泊,270-1,,
01519-4503-2.zip,202602101146,利尻郡利尻富士町鴛泊字本泊,1133-3W2,,
01519-4503-2.zip,202602101146,利尻郡利尻富士町鴛泊字本泊,1131-2,,
01519-4503-2.zip,202602101146,利尻郡利尻富士町鴛泊字大磯,86-3,,
01519-4503-2.zip,202602101146,利尻郡利尻富士町鴛泊字大磯,103-1,,
01519-4503-2.zip,202602101146,利尻郡利尻富士町鴛泊字大磯,103-2,,
01519-4503-2.zip,202602101146,利尻郡利尻富士町鴛泊字大磯,82-1,,
01519-4503-2.zip,202602101146,利尻郡利尻富士町鴛泊字大磯,82-2,,
01519-4503-2.zip,202602101146,利尻郡利尻富士町鴛泊字大磯,76-2,,
01519-4503-2.zip,202602101146,利尻郡利尻富士町鴛泊字大磯,459-2,,
01519-4503-2.zip,202602101146,利尻郡利尻富士町鴛泊字大磯,74-1,,
01519-4503-2.zip,202602101146,利尻郡利尻富士町鴛泊字大磯,74-2,,
01519-4503-2.zip,202602101146,利尻郡利尻富士町鴛泊字大磯,道-53,,
01519-4503-2.zip,202602101146,利尻郡利尻富士町鴛泊字大磯,73-1,,
01519-4503-2.zip,202602101146,利尻郡利尻富士町鴛泊字大磯,80,,
01519-4503-2.zip,202602101146,利尻郡利尻富士町鴛泊字大磯,81-1,,
01519-4503-2.zip,202602101146,利尻郡利尻富士町鴛泊字大磯,68,,
01519-4503-2.zip,202602101146,利尻郡利尻富士町鴛泊字大磯,38-1,,
01519-4503-2.zip,202602101146,利尻郡利尻富士町鴛泊字大磯,32-1,,
01519-4503-2.zip,202602101146,利尻郡利尻富士町鴛泊字大磯,513,,
01519-4503-2.zip,202602101146,利尻郡利尻富士町鴛泊字大磯,461-3,,
01519-4503-2.zip,202602101146,利尻郡利尻富士町鴛泊字大磯,37-2,,
01519-4503-2.zip,202602101146,利尻郡利尻富士町鴛泊字大磯,道-54,,
01519-4503-2.zip,202602101146,利尻郡利尻富士町鴛泊字大磯,33-1,,
01519-4503-2.zip,202602101146,利尻郡利尻富士町鴛泊字大磯,65-2,,
01519-4503-2.zip,202602101146,利尻郡利尻富士町鴛泊字大磯,67,,
01519-4503-2.zip,202602101146,利尻郡利尻富士町鴛泊字大磯,66,,
01519-4503-2.zip,202602101146,利尻郡利尻富士町鴛泊字大磯,65-1,,
01519-4503-2.zip,202602101146,利尻郡利尻富士町鴛泊字本泊,1148W2,,
01519-4503-2.zip,202602101146,利尻郡利尻富士町鴛泊字大磯,461-2,,
01519-4503-2.zip,202602101146,利尻郡利尻富士町鴛泊字大磯,461-4,,
01519-4503-2.zip,202602101146,利尻郡利尻富士町鴛泊字本泊,1133-5,,
01519-4503-2.zip,202602101146,利尻郡利尻富士町鴛泊字本泊,1131-3,,
01519-4503-2.zip,202602101146,利尻郡利尻富士町鴛泊字大磯,36,,
01519-4503-2.zip,202602101146,利尻郡利尻富士町鴛泊字大磯,37-1,,
01519-4503-2.zip,202602101146,利尻郡利尻富士町鴛泊字大磯,37-3,,
01519-4503-2.zip,202602101146,利尻郡利尻富士町鴛泊字大磯,34-2,,
01519-4503-2.zip,202602101146,利尻郡利尻富士町鴛泊字大磯,33-2,,
01519-4503-2.zip,202602101146,利尻郡利尻富士町鴛泊字大磯,33-3,,
01519-4503-2.zip,202602101146,利尻郡利尻富士町鴛泊字大磯,38-2,,
01519-4503-2.zip,202602101146,利尻郡利尻富士町鴛泊字大磯,38-3,,
01519-4503-2.zip,202602101146,利尻郡利尻富士町鴛泊字大磯,32-2,,
01519-4503-2.zip,202602101146,利尻郡利尻富士町鴛泊字大磯,31-1,,
01519-4503-2.zip,202602101146,利尻郡利尻富士町鴛泊字大磯,31-3,,
01519-4503-2.zip,202602101146,利尻郡利尻富士町鴛泊字大磯,30-1,,
01519-4503-2.zip,202602101146,利尻郡利尻富士町鴛泊字大磯,30-3,,
01519-4503-2.zip,202602101146,利尻郡利尻富士町鴛泊字大磯,30-2,,
01519-4503-2.zip,202602101146,利尻郡利尻富士町鴛泊字大磯,31-2,,
01519-4503-2.zip,202602101146,利尻郡利尻富士町鴛泊字大磯,439,,
01519-4503-2.zip,202602101146,利尻郡利尻富士町鴛泊字大磯,442,,
01519-4503-2.zip,202602101146,利尻郡利尻富士町鴛泊字大磯,126-1,,
01519-4503-2.zip,202602101146,利尻郡利尻富士町鴛泊字大磯,道-55,,
01519-4503-2.zip,202602101146,利尻郡利尻富士町鴛泊字大磯,114-1,,
01519-4503-2.zip,202602101146,利尻郡利尻富士町鴛泊字大磯,115,,
01519-4503-2.zip,202602101146,利尻郡利尻富士町鴛泊字大磯,123-1,,
01519-4503-2.zip,202602101146,利尻郡利尻富士町鴛泊字大磯,124-1,,
01519-4503-2.zip,202602101146,利尻郡利尻富士町鴛泊字大磯,112-1,,
01519-4503-2.zip,202602101146,利尻郡利尻富士町鴛泊字大磯,123-2,,
01519-4503-2.zip,202602101146,利尻郡利尻富士町鴛泊字大磯,114-3,,
01519-4503-2.zip,202602101146,利尻郡利尻富士町鴛泊字大磯,112-3,,
01519-4503-2.zip,202602101146,利尻郡利尻富士町鴛泊字大磯,125-1,,
01519-4503-2.zip,202602101146,利尻郡利尻富士町鴛泊字大磯,125-2,,
01519-4503-2.zip,202602101146,利尻郡利尻富士町鴛泊字大磯,114-7,,
01519-4503-2.zip,202602101146,利尻郡利尻富士町鴛泊字大磯,114-4,,
01519-4503-2.zip,202602101146,利尻郡利尻富士町鴛泊字大磯,114-6,,
01519-4503-2.zip,202602101146,利尻郡利尻富士町鴛泊字大磯,113-1,,
01519-4503-2.zip,202602101146,利尻郡利尻富士町鴛泊字大磯,113-2,,
01519-4503-2.zip,202602101146,利尻郡利尻富士町鴛泊字大磯,114-8,,
01519-4503-2.zip,202602101146,利尻郡利尻富士町鴛泊字大磯,126-2,,
01519-4503-2.zip,202602101146,利尻郡利尻富士町鴛泊字大磯,112-2,,
01519-4503-2.zip,202602101146,利尻郡利尻富士町鴛泊字大磯,127,,
01519-4503-2.zip,202602101146,利尻郡利尻富士町鴛泊字大磯,114-5,,
01519-4503-2.zip,202602101146,利尻郡利尻富士町鴛泊字大磯,114-2,,
01519-4503-2.zip,202602101146,利尻郡利尻富士町鴛泊字大磯,461-1,,
01519-4503-2.zip,202602101146,利尻郡利尻富士町鴛泊字大磯,81-2,,
01519-4503-2.zip,202602101146,利尻郡利尻富士町鴛泊字大磯,110-2,,
01519-4503-2.zip,202602101146,利尻郡利尻富士町鴛泊字大磯,道-56,,
01519-4503-2.zip,202602101146,利尻郡利尻富士町鴛泊字大磯,道-57,,
01519-4503-2.zip,202602101146,利尻郡利尻富士町鴛泊字大磯,169,,
01519-4503-2.zip,202602101146,利尻郡利尻富士町鴛泊字大磯,167,,
01519-4503-2.zip,202602101146,利尻郡利尻富士町鴛泊字大磯,168,,
01519-4503-2.zip,202602101146,利尻郡利尻富士町鴛泊字大磯,道-58,,
01519-4503-2.zip,202602101146,利尻郡利尻富士町鴛泊字大磯,226,,
01519-4503-2.zip,202602101146,利尻郡利尻富士町鴛泊字大磯,220-3,,
01519-4503-2.zip,202602101146,利尻郡利尻富士町鴛泊字大磯,191-1,,
01519-4503-2.zip,202602101146,利尻郡利尻富士町鴛泊字大磯,189-1,,
01519-4503-2.zip,202602101146,利尻郡利尻富士町鴛泊字大磯,187-1,,
01519-4503-2.zip,202602101146,利尻郡利尻富士町鴛泊字大磯,187-3,,
01519-4503-2.zip,202602101146,利尻郡利尻富士町鴛泊字大磯,190,,
01519-4503-2.zip,202602101146,利尻郡利尻富士町鴛泊字大磯,191-2,,
01519-4503-2.zip,202602101146,利尻郡利尻富士町鴛泊字大磯,211,,
01519-4503-2.zip,202602101146,利尻郡利尻富士町鴛泊字大磯,道-60,,
01519-4503-2.zip,202602101146,利尻郡利尻富士町鴛泊字大磯,220-5,,
01519-4503-2.zip,202602101146,利尻郡利尻富士町鴛泊字大磯,191-3,,
01519-4503-2.zip,202602101146,利尻郡利尻富士町鴛泊字大磯,189-2,,
01519-4503-2.zip,202602101146,利尻郡利尻富士町鴛泊字大磯,187-2,,
01519-4503-2.zip,202602101146,利尻郡利尻富士町鴛泊字大磯,184-5,,
01519-4503-2.zip,202602101146,利尻郡利尻富士町鴛泊字大磯,182,,
01519-4503-2.zip,202602101146,利尻郡利尻富士町鴛泊字大磯,181,,
01519-4503-2.zip,202602101146,利尻郡利尻富士町鴛泊字大磯,180,,
01519-4503-2.zip,202602101146,利尻郡利尻富士町鴛泊字大磯,184-1,,
01519-4503-2.zip,202602101146,利尻郡利尻富士町鴛泊字大磯,184-4,,
01519-4503-2.zip,202602101146,利尻郡利尻富士町鴛泊字大磯,184-2,,
01519-4503-2.zip,202602101146,利尻郡利尻富士町鴛泊字大磯,184-3,,
01519-4503-2.zip,202602101146,利尻郡利尻富士町鴛泊字大磯,159-1,,
01519-4503-2.zip,202602101146,利尻郡利尻富士町鴛泊字大磯,157-1,,
01519-4503-2.zip,202602101146,利尻郡利尻富士町鴛泊字大磯,157-5,,
01519-4503-2.zip,202602101146,利尻郡利尻富士町鴛泊字大磯,159-5,,
01519-4503-2.zip,202602101146,利尻郡利尻富士町鴛泊字大磯,157-4,,
01519-4503-2.zip,202602101146,利尻郡利尻富士町鴛泊字大磯,159-4,,
01519-4503-2.zip,202602101146,利尻郡利尻富士町鴛泊字大磯,159-3,,
01519-4503-2.zip,202602101146,利尻郡利尻富士町鴛泊字大磯,157-3,,
01519-4503-2.zip,202602101146,利尻郡利尻富士町鴛泊字大磯,157-2,,
01519-4503-2.zip,202602101146,利尻郡利尻富士町鴛泊字大磯,159-2,,
01519-4503-2.zip,202602101146,利尻郡利尻富士町鴛泊字大磯,183-4,,
01519-4503-2.zip,202602101146,利尻郡利尻富士町鴛泊字大磯,183-1,,
01519-4503-2.zip,202602101146,利尻郡利尻富士町鴛泊字大磯,183-3,,
01519-4503-2.zip,202602101146,利尻郡利尻富士町鴛泊字大磯,183-2,,
01519-4503-2.zip,202602101146,利尻郡利尻富士町鴛泊字大磯,183-5,,
01519-4503-2.zip,202602101146,利尻郡利尻富士町鴛泊字大磯,道-61,,
01519-4503-2.zip,202602101146,利尻郡利尻富士町鴛泊字大磯,224,,
01519-4503-2.zip,202602101146,利尻郡利尻富士町鴛泊字大磯,道-62,,
01519-4503-2.zip,202602101146,利尻郡利尻富士町鴛泊字大磯,225-1,,
01519-4503-2.zip,202602101146,利尻郡利尻富士町鴛泊字大磯,225-2,,
01519-4503-2.zip,202602101146,利尻郡利尻富士町鴛泊字大磯,464,,
01519-4503-2.zip,202602101146,利尻郡利尻富士町鴛泊字大磯,219-1,,
01519-4503-2.zip,202602101146,利尻郡利尻富士町鴛泊字大磯,219-3,,
01519-4503-2.zip,202602101146,利尻郡利尻富士町鴛泊字大磯,222-2,,
01519-4503-2.zip,202602101146,利尻郡利尻富士町鴛泊字大磯,219-5,,
01519-4503-2.zip,202602101146,利尻郡利尻富士町鴛泊字大磯,219-4,,
01519-4503-2.zip,202602101146,利尻郡利尻富士町鴛泊字大磯,219-6,,
01519-4503-2.zip,202602101146,利尻郡利尻富士町鴛泊字大磯,219-2,,
01519-4503-2.zip,202602101146,利尻郡利尻富士町鴛泊字大磯,222-1,,
01519-4503-2.zip,202602101146,利尻郡利尻富士町鴛泊字大磯,172,,
01519-4503-2.zip,202602101146,利尻郡利尻富士町鴛泊字大磯,171,,
01519-4503-2.zip,202602101146,利尻郡利尻富士町鴛泊字大磯,170,,
01519-4503-2.zip,202602101146,利尻郡利尻富士町鴛泊字大磯,166,,
01519-4503-2.zip,202602101146,利尻郡利尻富士町鴛泊字大磯,121,,
01519-4503-2.zip,202602101146,利尻郡利尻富士町鴛泊字大磯,120,,
01519-4503-2.zip,202602101146,利尻郡利尻富士町鴛泊字大磯,122,,
01519-4503-2.zip,202602101146,利尻郡利尻富士町鴛泊字大磯,165,,
01519-4503-2.zip,202602101146,利尻郡利尻富士町鴛泊字大磯,164-2,,
01519-4503-2.zip,202602101146,利尻郡利尻富士町鴛泊字大磯,460,,
01519-4503-2.zip,202602101146,利尻郡利尻富士町鴛泊字大磯,164-1,,
01519-4503-2.zip,202602101146,利尻郡利尻富士町鴛泊字大磯,177-2,,
01519-4503-2.zip,202602101146,利尻郡利尻富士町鴛泊字大磯,177-1,,
01519-4503-2.zip,202602101146,利尻郡利尻富士町鴛泊字大磯,194-2,,
01519-4503-2.zip,202602101146,利尻郡利尻富士町鴛泊字大磯,194-1,,
01519-4503-2.zip,202602101146,利尻郡利尻富士町鴛泊字大磯,199-2,,
01519-4503-2.zip,202602101146,利尻郡利尻富士町鴛泊字大磯,199-1,,
01519-4503-2.zip,202602101146,利尻郡利尻富士町鴛泊字大磯,207-2,,
01519-4503-2.zip,202602101146,利尻郡利尻富士町鴛泊字大磯,207-1,,
01519-4503-2.zip,202602101146,利尻郡利尻富士町鴛泊字大磯,206,,
01519-4503-2.zip,202602101146,利尻郡利尻富士町鴛泊字大磯,209,,
01519-4503-2.zip,202602101146,利尻郡利尻富士町鴛泊字大磯,210,,
01519-4503-2.zip,202602101146,利尻郡利尻富士町鴛泊字大磯,道-63,,
01519-4503-2.zip,202602101146,利尻郡利尻富士町鴛泊字大磯,215,,
01519-4503-2.zip,202602101146,利尻郡利尻富士町鴛泊字大磯,214-1,,
01519-4503-2.zip,202602101146,利尻郡利尻富士町鴛泊字大磯,198,,
01519-4503-2.zip,202602101146,利尻郡利尻富士町鴛泊字大磯,208,,
01519-4503-2.zip,202602101146,利尻郡利尻富士町鴛泊字大磯,195,,
01519-4503-2.zip,202602101146,利尻郡利尻富士町鴛泊字大磯,201,,
01519-4503-2.zip,202602101146,利尻郡利尻富士町鴛泊字大磯,213,,
01519-4503-2.zip,202602101146,利尻郡利尻富士町鴛泊字大磯,214-2,,
01519-4503-2.zip,202602101146,利尻郡利尻富士町鴛泊字大磯,道-64,,
01519-4503-2.zip,202602101146,利尻郡利尻富士町鴛泊字大磯,道-65,,
01519-4503-2.zip,202602101146,利尻郡利尻富士町鴛泊字大磯,192-2,,
01519-4503-2.zip,202602101146,利尻郡利尻富士町鴛泊字大磯,192-1,,
01519-4503-2.zip,202602101146,利尻郡利尻富士町鴛泊字大磯,178-8,,
01519-4503-2.zip,202602101146,利尻郡利尻富士町鴛泊字大磯,200,,
01519-4503-2.zip,202602101146,利尻郡利尻富士町鴛泊字大磯,124,,
01519-4503-2.zip,202602101146,利尻郡利尻富士町鴛泊字大磯,道-66,,
01519-4503-2.zip,202602101146,利尻郡利尻富士町鴛泊字大磯,163,,
01519-4503-2.zip,202602101146,利尻郡利尻富士町鴛泊字大磯,道-67,,
01519-4503-2.zip,202602101146,利尻郡利尻富士町鴛泊字大磯,197,,
01519-4503-2.zip,202602101146,利尻郡利尻富士町鴛泊字大磯,174,,
01519-4503-2.zip,202602101146,利尻郡利尻富士町鴛泊字大磯,173,,
01519-4503-2.zip,202602101146,利尻郡利尻富士町鴛泊字大磯,長狭物不明-25,,
01519-4503-2.zip,202602101146,利尻郡利尻富士町鴛泊字大磯,175,,
01519-4503-2.zip,202602101146,利尻郡利尻富士町鴛泊字大磯,176-2,,
01519-4503-2.zip,202602101146,利尻郡利尻富士町鴛泊字大磯,176-1,,
01519-4503-2.zip,202602101146,利尻郡利尻富士町鴛泊字大磯,178-1,,
01519-4503-2.zip,202602101146,利尻郡利尻富士町鴛泊字大磯,179-1,,
01519-4503-2.zip,202602101146,利尻郡利尻富士町鴛泊字大磯,179-3,,
01519-4503-2.zip,202602101146,利尻郡利尻富士町鴛泊字大磯,179-5,,
01519-4503-2.zip,202602101146,利尻郡利尻富士町鴛泊字大磯,178-4,,
01519-4503-2.zip,202602101146,利尻郡利尻富士町鴛泊字大磯,178-6,,
01519-4503-2.zip,202602101146,利尻郡利尻富士町鴛泊字大磯,178-7,,
01519-4503-2.zip,202602101146,利尻郡利尻富士町鴛泊字大磯,178-2,,
01519-4503-2.zip,202602101146,利尻郡利尻富士町鴛泊字大磯,178-5,,
01519-4503-2.zip,202602101146,利尻郡利尻富士町鴛泊字大磯,178-3,,
01519-4503-2.zip,202602101146,利尻郡利尻富士町鴛泊字大磯,179-4,,
01519-4503-2.zip,202602101146,利尻郡利尻富士町鴛泊字大磯,179-2,,
01519-4503-2.zip,202602101146,利尻郡利尻富士町鴛泊字大磯,道-68,,
01519-4503-2.zip,202602101146,利尻郡利尻富士町鴛泊字大磯,道-69,,
01519-4503-2.zip,202602101146,利尻郡利尻富士町鴛泊字大磯,長狭物不明-26,,
01519-4503-2.zip,202602101146,利尻郡利尻富士町鴛泊字大磯,236,,
01519-4503-2.zip,202602101146,利尻郡利尻富士町鴛泊字大磯,227,,
01519-4503-2.zip,202602101146,利尻郡利尻富士町鴛泊字大磯,228,,
01519-4503-2.zip,202602101146,利尻郡利尻富士町鴛泊字大磯,長狭物不明-27,,
01519-4503-2.zip,202602101146,利尻郡利尻富士町鴛泊字大磯,道-70,,
01519-4503-2.zip,202602101146,利尻郡利尻富士町鴛泊字大磯,237,,
01519-4503-2.zip,202602101146,利尻郡利尻富士町鴛泊字大磯,244,,
01519-4503-2.zip,202602101146,利尻郡利尻富士町鴛泊字大磯,243,,
01519-4503-2.zip,202602101146,利尻郡利尻富士町鴛泊字大磯,道-71,,
01519-4503-2.zip,202602101146,利尻郡利尻富士町鴛泊字大磯,454-1,,
01519-4503-2.zip,202602101146,利尻郡利尻富士町鴛泊字大磯,249,,
01519-4503-2.zip,202602101146,利尻郡利尻富士町鴛泊字大磯,247-1,,
01519-4503-2.zip,202602101146,利尻郡利尻富士町鴛泊字大磯,250,,
01519-4503-2.zip,202602101146,利尻郡利尻富士町鴛泊字大磯,245,,
01519-4503-2.zip,202602101146,利尻郡利尻富士町鴛泊字大磯,242,,
01519-4503-2.zip,202602101146,利尻郡利尻富士町鴛泊字大磯,長狭物不明-28,,
01519-4503-2.zip,202602101146,利尻郡利尻富士町鴛泊字大磯,246,,
01519-4503-2.zip,202602101146,利尻郡利尻富士町鴛泊字大磯,240-1,,
01519-4503-2.zip,202602101146,利尻郡利尻富士町鴛泊字大磯,239-1,,
01519-4503-2.zip,202602101146,利尻郡利尻富士町鴛泊字大磯,道-72,,
01519-4503-2.zip,202602101146,利尻郡利尻富士町鴛泊字大磯,239-2,,
01519-4503-2.zip,202602101146,利尻郡利尻富士町鴛泊字大磯,217,,
01519-4503-2.zip,202602101146,利尻郡利尻富士町鴛泊字大磯,229-1,,
01519-4503-2.zip,202602101146,利尻郡利尻富士町鴛泊字大磯,長狭物不明-29,,
01519-4503-2.zip,202602101146,利尻郡利尻富士町鴛泊字大磯,231-1,,
01519-4503-2.zip,202602101146,利尻郡利尻富士町鴛泊字大磯,道-73,,
01519-4503-2.zip,202602101146,利尻郡利尻富士町鴛泊字大磯,230-1,,
01519-4503-2.zip,202602101146,利尻郡利尻富士町鴛泊字大磯,218,,
01519-4503-2.zip,202602101146,利尻郡利尻富士町鴛泊字大磯,229-2,,
01519-4503-2.zip,202602101146,利尻郡利尻富士町鴛泊字大磯,230-2,,
01519-4503-2.zip,202602101146,利尻郡利尻富士町鴛泊字大磯,道-74,,
01519-4503-2.zip,202602101146,利尻郡利尻富士町鴛泊字大磯,231-2,,
01519-4503-2.zip,202602101146,利尻郡利尻富士町鴛泊字大磯,234,,
01519-4503-2.zip,202602101146,利尻郡利尻富士町鴛泊字大磯,235,,
01519-4503-2.zip,202602101146,利尻郡利尻富士町鴛泊字大磯,216,,
01519-4503-2.zip,202602101146,利尻郡利尻富士町鴛泊字大磯,240-2,,
01519-4503-2.zip,202602101146,利尻郡利尻富士町鴛泊字大磯,457,,
01519-4503-2.zip,202602101146,利尻郡利尻富士町鴛泊字大磯,247-2,,
01519-4503-2.zip,202602101146,利尻郡利尻富士町鴛泊字大磯,道-75,,
01519-4503-2.zip,202602101146,利尻郡利尻富士町鴛泊字大磯,293,,
01519-4503-2.zip,202602101146,利尻郡利尻富士町鴛泊字大磯,292,,
01519-4503-2.zip,202602101146,利尻郡利尻富士町鴛泊字大磯,道-76,,
01519-4503-2.zip,202602101146,利尻郡利尻富士町鴛泊字大磯,長狭物不明-30,,
01519-4503-2.zip,202602101146,利尻郡利尻富士町鴛泊字大磯,451,,
01519-4503-2.zip,202602101146,利尻郡利尻富士町鴛泊字大磯,450,,
01519-4503-2.zip,202602101146,利尻郡利尻富士町鴛泊字大磯,道-77,,
01519-4503-2.zip,202602101146,利尻郡利尻富士町鴛泊字大磯,277-2,,
01519-4503-2.zip,202602101146,利尻郡利尻富士町鴛泊字大磯,水-1,,
01519-4503-2.zip,202602101146,利尻郡利尻富士町鴛泊字大磯,276-2,,
01519-4503-2.zip,202602101146,利尻郡利尻富士町鴛泊字大磯,284-1,,
01519-4503-2.zip,202602101146,利尻郡利尻富士町鴛泊字大磯,284-2,,
01519-4503-2.zip,202602101146,利尻郡利尻富士町鴛泊字大磯,285,,
01519-4503-2.zip,202602101146,利尻郡利尻富士町鴛泊字大磯,283-2,,
01519-4503-2.zip,202602101146,利尻郡利尻富士町鴛泊字大磯,283-1,,
01519-4503-2.zip,202602101146,利尻郡利尻富士町鴛泊字大磯,277-1,,
01519-4503-2.zip,202602101146,利尻郡利尻富士町鴛泊字大磯,497,,
01519-4503-2.zip,202602101146,利尻郡利尻富士町鴛泊字大磯,道-78,,
01519-4503-2.zip,202602101146,利尻郡利尻富士町鴛泊字大磯,288-1,,
01519-4503-2.zip,202602101146,利尻郡利尻富士町鴛泊字大磯,282-2,,
01519-4503-2.zip,202602101146,利尻郡利尻富士町鴛泊字大磯,289-3,,
01519-4503-2.zip,202602101146,利尻郡利尻富士町鴛泊字大磯,289-4,,
01519-4503-2.zip,202602101146,利尻郡利尻富士町鴛泊字大磯,289-2,,
01519-4503-2.zip,202602101146,利尻郡利尻富士町鴛泊字大磯,289-1,,
01519-4503-2.zip,202602101146,利尻郡利尻富士町鴛泊字大磯,280-4,,
01519-4503-2.zip,202602101146,利尻郡利尻富士町鴛泊字大磯,281,,
01519-4503-2.zip,202602101146,利尻郡利尻富士町鴛泊字大磯,280-3,,
01519-4503-2.zip,202602101146,利尻郡利尻富士町鴛泊字大磯,280-2,,
01519-4503-2.zip,202602101146,利尻郡利尻富士町鴛泊字大磯,280-1,,
01519-4503-2.zip,202602101146,利尻郡利尻富士町鴛泊字大磯,282-4,,
01519-4503-2.zip,202602101146,利尻郡利尻富士町鴛泊字大磯,279,,
01519-4503-2.zip,202602101146,利尻郡利尻富士町鴛泊字大磯,278-4,,
01519-4503-2.zip,202602101146,利尻郡利尻富士町鴛泊字大磯,278-3,,
01519-4503-2.zip,202602101146,利尻郡利尻富士町鴛泊字大磯,278-1,,
01519-4503-2.zip,202602101146,利尻郡利尻富士町鴛泊字大磯,278-2,,
01519-4503-2.zip,202602101146,利尻郡利尻富士町鴛泊字大磯,282-3,,
01519-4503-2.zip,202602101146,利尻郡利尻富士町鴛泊字大磯,282-1,,
01519-4503-2.zip,202602101146,利尻郡利尻富士町鴛泊字大磯,456,,
01519-4503-2.zip,202602101146,利尻郡利尻富士町鴛泊字大磯,493,,
01519-4503-2.zip,202602101146,利尻郡利尻富士町鴛泊字大磯,452,,
01519-4503-2.zip,202602101146,利尻郡利尻富士町鴛泊字大磯,長狭物不明-31,,
01519-4503-2.zip,202602101146,利尻郡利尻富士町鴛泊字大磯,251,,
01519-4503-2.zip,202602101146,利尻郡利尻富士町鴛泊字大磯,272,,
01519-4503-2.zip,202602101146,利尻郡利尻富士町鴛泊字大磯,273-2,,
01519-4503-2.zip,202602101146,利尻郡利尻富士町鴛泊字大磯,273-1,,
01519-4503-2.zip,202602101146,利尻郡利尻富士町鴛泊字大磯,252-2,,
01519-4503-2.zip,202602101146,利尻郡利尻富士町鴛泊字大磯,252-1,,
01519-4503-2.zip,202602101146,利尻郡利尻富士町鴛泊字大磯,275-1,,
01519-4503-2.zip,202602101146,利尻郡利尻富士町鴛泊字大磯,271,,
01519-4503-2.zip,202602101146,利尻郡利尻富士町鴛泊字大磯,253,,
01519-4503-2.zip,202602101146,利尻郡利尻富士町鴛泊字大磯,道-79,,
01519-4503-2.zip,202602101146,利尻郡利尻富士町鴛泊字大磯,266-1,,
01519-4503-2.zip,202602101146,利尻郡利尻富士町鴛泊字大磯,266-2,,
01519-4503-2.zip,202602101146,利尻郡利尻富士町鴛泊字大磯,266-3,,
01519-4503-2.zip,202602101146,利尻郡利尻富士町鴛泊字大磯,269-1,,
01519-4503-2.zip,202602101146,利尻郡利尻富士町鴛泊字大磯,266-4,,
01519-4503-2.zip,202602101146,利尻郡利尻富士町鴛泊字大磯,270-5,,
01519-4503-2.zip,202602101146,利尻郡利尻富士町鴛泊字大磯,道-80,,
01519-4503-2.zip,202602101146,利尻郡利尻富士町鴛泊字大磯,255-1,,
01519-4503-2.zip,202602101146,利尻郡利尻富士町鴛泊字大磯,270-1,,
01519-4503-2.zip,202602101146,利尻郡利尻富士町鴛泊字大磯,254,,
01519-4503-2.zip,202602101146,利尻郡利尻富士町鴛泊字大磯,270-3,,
01519-4503-2.zip,202602101146,利尻郡利尻富士町鴛泊字大磯,274-2,,
01519-4503-2.zip,202602101146,利尻郡利尻富士町鴛泊字大磯,270-2,,
01519-4503-2.zip,202602101146,利尻郡利尻富士町鴛泊字大磯,275-2,,
01519-4503-2.zip,202602101146,利尻郡利尻富士町鴛泊字大磯,269-3,,
01519-4503-2.zip,202602101146,利尻郡利尻富士町鴛泊字大磯,267-1,,
01519-4503-2.zip,202602101146,利尻郡利尻富士町鴛泊字大磯,255-2,,
01519-4503-2.zip,202602101146,利尻郡利尻富士町鴛泊字大磯,256,,
01519-4503-2.zip,202602101146,利尻郡利尻富士町鴛泊字大磯,257-1,,
01519-4503-2.zip,202602101146,利尻郡利尻富士町鴛泊字大磯,257-2,,
01519-4503-2.zip,202602101146,利尻郡利尻富士町鴛泊字大磯,266-5,,
01519-4503-2.zip,202602101146,利尻郡利尻富士町鴛泊字大磯,266-6,,
01519-4503-2.zip,202602101146,利尻郡利尻富士町鴛泊字大磯,266-7,,
01519-4503-2.zip,202602101146,利尻郡利尻富士町鴛泊字大磯,267-2,,
01519-4503-2.zip,202602101146,利尻郡利尻富士町鴛泊字大磯,268,,
01519-4503-2.zip,202602101146,利尻郡利尻富士町鴛泊字大磯,269-4,,
01519-4503-2.zip,202602101146,利尻郡利尻富士町鴛泊字大磯,269-2,,
01519-4503-2.zip,202602101146,利尻郡利尻富士町鴛泊字大磯,270-4,,
01519-4503-2.zip,202602101146,利尻郡利尻富士町鴛泊字大磯,274-1,,
01519-4503-2.zip,202602101146,利尻郡利尻富士町鴛泊字大磯,252-3,,
01519-4503-2.zip,202602101146,利尻郡利尻富士町鴛泊字大磯,288-2,,
01519-4503-2.zip,202602101146,利尻郡利尻富士町鴛泊字大磯,道-81,,
01519-4503-2.zip,202602101146,利尻郡利尻富士町鴛泊字大磯,道-82,,
01519-4503-2.zip,202602101146,利尻郡利尻富士町鴛泊字大磯,323,,
01519-4503-2.zip,202602101146,利尻郡利尻富士町鴛泊字大磯,322,,
01519-4503-2.zip,202602101146,利尻郡利尻富士町鴛泊字大磯,318,,
01519-4503-2.zip,202602101146,利尻郡利尻富士町鴛泊字大磯,316,,
01519-4503-2.zip,202602101146,利尻郡利尻富士町鴛泊字大磯,309,,
01519-4503-2.zip,202602101146,利尻郡利尻富士町鴛泊字大磯,308,,
01519-4503-2.zip,202602101146,利尻郡利尻富士町鴛泊字大磯,304,,
01519-4503-2.zip,202602101146,利尻郡利尻富士町鴛泊字大磯,294,,
01519-4503-2.zip,202602101146,利尻郡利尻富士町鴛泊字大磯,305,,
01519-4503-2.zip,202602101146,利尻郡利尻富士町鴛泊字大磯,306,,
01519-4503-2.zip,202602101146,利尻郡利尻富士町鴛泊字大磯,324,,
01519-4503-2.zip,202602101146,利尻郡利尻富士町鴛泊字大磯,319,,
01519-4503-2.zip,202602101146,利尻郡利尻富士町鴛泊字大磯,315,,
01519-4503-2.zip,202602101146,利尻郡利尻富士町鴛泊字大磯,310,,
01519-4503-2.zip,202602101146,利尻郡利尻富士町鴛泊字大磯,311-2,,
01519-4503-2.zip,202602101146,利尻郡利尻富士町鴛泊字大磯,446,,
01519-4503-2.zip,202602101146,利尻郡利尻富士町鴛泊字大磯,312-1,,
01519-4503-2.zip,202602101146,利尻郡利尻富士町鴛泊字大磯,313-1,,
01519-4503-2.zip,202602101146,利尻郡利尻富士町鴛泊字大磯,311-1,,
01519-4503-2.zip,202602101146,利尻郡利尻富士町鴛泊字大磯,314,,
01519-4503-2.zip,202602101146,利尻郡利尻富士町鴛泊字大磯,299-1,,
01519-4503-2.zip,202602101146,利尻郡利尻富士町鴛泊字大磯,299-2,,
01519-4503-2.zip,202602101146,利尻郡利尻富士町鴛泊字大磯,300-1,,
01519-4503-2.zip,202602101146,利尻郡利尻富士町鴛泊字大磯,301-1,,
01519-4503-2.zip,202602101146,利尻郡利尻富士町鴛泊字大磯,455-1,,
01519-4503-2.zip,202602101146,利尻郡利尻富士町鴛泊字大磯,303,,
01519-4503-2.zip,202602101146,利尻郡利尻富士町鴛泊字大磯,297,,
01519-4503-2.zip,202602101146,利尻郡利尻富士町鴛泊字大磯,298-1,,
01519-4503-2.zip,202602101146,利尻郡利尻富士町鴛泊字大磯,300-2,,
01519-4503-2.zip,202602101146,利尻郡利尻富士町鴛泊字大磯,道-83,,
01519-4503-2.zip,202602101146,利尻郡利尻富士町鴛泊字大磯,298-2,,
01519-4503-2.zip,202602101146,利尻郡利尻富士町鴛泊字大磯,302-1,,
01519-4503-2.zip,202602101146,利尻郡利尻富士町鴛泊字大磯,302-2,,
01519-4503-2.zip,202602101146,利尻郡利尻富士町鴛泊字大磯,313-2,,
01519-4503-2.zip,202602101146,利尻郡利尻富士町鴛泊字大磯,道-84,,
01519-4503-2.zip,202602101146,利尻郡利尻富士町鴛泊字大磯,道-85,,
01519-4503-2.zip,202602101146,利尻郡利尻富士町鴛泊字大磯,312-2,,
01519-4503-2.zip,202602101146,利尻郡利尻富士町鴛泊字大磯,455-2,,
01519-4503-2.zip,202602101146,利尻郡利尻富士町鴛泊字大磯,301-2,,
01519-4503-2.zip,202602101146,利尻郡利尻富士町鴛泊字大磯,道-86,,
01519-4503-2.zip,202602101146,利尻郡利尻富士町鴛泊字大磯,344,,
01519-4503-2.zip,202602101146,利尻郡利尻富士町鴛泊字大磯,343,,
01519-4503-2.zip,202602101146,利尻郡利尻富士町鴛泊字大磯,342,,
01519-4503-2.zip,202602101146,利尻郡利尻富士町鴛泊字大磯,332,,
01519-4503-2.zip,202602101146,利尻郡利尻富士町鴛泊字大磯,331,,
01519-4503-2.zip,202602101146,利尻郡利尻富士町鴛泊字大磯,330,,
01519-4503-2.zip,202602101146,利尻郡利尻富士町鴛泊字大磯,道-87,,
01519-4503-2.zip,202602101146,利尻郡利尻富士町鴛泊字大磯,333,,
01519-4503-2.zip,202602101146,利尻郡利尻富士町鴛泊字大磯,334,,
01519-4503-2.zip,202602101146,利尻郡利尻富士町鴛泊字大磯,335,,
01519-4503-2.zip,202602101146,利尻郡利尻富士町鴛泊字大磯,328,,
01519-4503-2.zip,202602101146,利尻郡利尻富士町鴛泊字大磯,327,,
01519-4503-2.zip,202602101146,利尻郡利尻富士町鴛泊字大磯,326,,
01519-4503-2.zip,202602101146,利尻郡利尻富士町鴛泊字大磯,329,,
01519-4503-2.zip,202602101146,利尻郡利尻富士町鴛泊字大磯,325-1,,
01519-4503-2.zip,202602101146,利尻郡利尻富士町鴛泊字大磯,325,,
01519-4503-2.zip,202602101146,利尻郡利尻富士町鴛泊字大磯,359,,
01519-4503-2.zip,202602101146,利尻郡利尻富士町鴛泊字大磯,長狭物不明-32,,
01519-4503-2.zip,202602101146,利尻郡利尻富士町鴛泊字大磯,358,,
01519-4503-2.zip,202602101146,利尻郡利尻富士町鴛泊字大磯,355,,
01519-4503-2.zip,202602101146,利尻郡利尻富士町鴛泊字大磯,361,,
01519-4503-2.zip,202602101146,利尻郡利尻富士町鴛泊字大磯,360,,
01519-4503-2.zip,202602101146,利尻郡利尻富士町鴛泊字大磯,357,,
01519-4503-2.zip,202602101146,利尻郡利尻富士町鴛泊字大磯,356,,
01519-4503-2.zip,202602101146,利尻郡利尻富士町鴛泊字大磯,354,,
01519-4503-2.zip,202602101146,利尻郡利尻富士町鴛泊字大磯,道-88,,
01519-4503-2.zip,202602101146,利尻郡利尻富士町鴛泊字大磯,351,,
01519-4503-2.zip,202602101146,利尻郡利尻富士町鴛泊字大磯,350,,
01519-4503-2.zip,202602101146,利尻郡利尻富士町鴛泊字大磯,346,,
01519-4503-2.zip,202602101146,利尻郡利尻富士町鴛泊字大磯,345,,
01519-4503-2.zip,202602101146,利尻郡利尻富士町鴛泊字大磯,347,,
01519-4503-2.zip,202602101146,利尻郡利尻富士町鴛泊字大磯,長狭物不明-33,,
01519-4503-2.zip,202602101146,利尻郡利尻富士町鴛泊字大磯,349,,
01519-4503-2.zip,202602101146,利尻郡利尻富士町鴛泊字大磯,352,,
01519-4503-2.zip,202602101146,利尻郡利尻富士町鴛泊字大磯,353,,
01519-4503-2.zip,202602101146,利尻郡利尻富士町鴛泊字大磯,道-89,,
01519-4503-2.zip,202602101146,利尻郡利尻富士町鴛泊字大磯,392,,
01519-4503-2.zip,202602101146,利尻郡利尻富士町鴛泊字大磯,380,,
01519-4503-2.zip,202602101146,利尻郡利尻富士町鴛泊字大磯,383-1,,
01519-4503-2.zip,202602101146,利尻郡利尻富士町鴛泊字大磯,383-2,,
01519-4503-2.zip,202602101146,利尻郡利尻富士町鴛泊字大磯,道-90,,
01519-4503-2.zip,202602101146,利尻郡利尻富士町鴛泊字大磯,384,,
01519-4503-2.zip,202602101146,利尻郡利尻富士町鴛泊字大磯,385,,
01519-4503-2.zip,202602101146,利尻郡利尻富士町鴛泊字大磯,387,,
01519-4503-2.zip,202602101146,利尻郡利尻富士町鴛泊字大磯,388,,
01519-4503-2.zip,202602101146,利尻郡利尻富士町鴛泊字大磯,389,,
01519-4503-2.zip,202602101146,利尻郡利尻富士町鴛泊字大磯,道-91,,
01519-4503-2.zip,202602101146,利尻郡利尻富士町鴛泊字大磯,長狭物不明-34,,
01519-4503-2.zip,202602101146,利尻郡利尻富士町鴛泊字大磯,長狭物不明-35,,
01519-4503-2.zip,202602101146,利尻郡利尻富士町鴛泊字大磯,389-2,,
01519-4503-2.zip,202602101146,利尻郡利尻富士町鴛泊字大磯,507,,
01519-4503-2.zip,202602101146,利尻郡利尻富士町鴛泊字大磯,518,,
01519-4503-2.zip,202602101146,利尻郡利尻富士町鴛泊字大磯,390-2,,
01519-4503-2.zip,202602101146,利尻郡利尻富士町鴛泊字大磯,391-1,,
01519-4503-2.zip,202602101146,利尻郡利尻富士町鴛泊字大磯,382-2,,
01519-4503-2.zip,202602101146,利尻郡利尻富士町鴛泊字大磯,375-1,,
01519-4503-2.zip,202602101146,利尻郡利尻富士町鴛泊字大磯,381-1,,
01519-4503-2.zip,202602101146,利尻郡利尻富士町鴛泊字大磯,376-2,,
01519-4503-2.zip,202602101146,利尻郡利尻富士町鴛泊字大磯,374-1,,
01519-4503-2.zip,202602101146,利尻郡利尻富士町鴛泊字大磯,373,,
01519-4503-2.zip,202602101146,利尻郡利尻富士町鴛泊字大磯,364,,
01519-4503-2.zip,202602101146,利尻郡利尻富士町鴛泊字大磯,365,,
01519-4503-2.zip,202602101146,利尻郡利尻富士町鴛泊字大磯,369,,
01519-4503-2.zip,202602101146,利尻郡利尻富士町鴛泊字大磯,370,,
01519-4503-2.zip,202602101146,利尻郡利尻富士町鴛泊字大磯,379,,
01519-4503-2.zip,202602101146,利尻郡利尻富士町鴛泊字大磯,393,,
01519-4503-2.zip,202602101146,利尻郡利尻富士町鴛泊字大磯,394,,
01519-4503-2.zip,202602101146,利尻郡利尻富士町鴛泊字大磯,398,,
01519-4503-2.zip,202602101146,利尻郡利尻富士町鴛泊字大磯,390-3,,
01519-4503-2.zip,202602101146,利尻郡利尻富士町鴛泊字大磯,道-92,,
01519-4503-2.zip,202602101146,利尻郡利尻富士町鴛泊字大磯,386-2,,
01519-4503-2.zip,202602101146,利尻郡利尻富士町鴛泊字大磯,390-4,,
01519-4503-2.zip,202602101146,利尻郡利尻富士町鴛泊字大磯,391-2,,
01519-4503-2.zip,202602101146,利尻郡利尻富士町鴛泊字大磯,391-3,,
01519-4503-2.zip,202602101146,利尻郡利尻富士町鴛泊字大磯,390-1,,
01519-4503-2.zip,202602101146,利尻郡利尻富士町鴛泊字大磯,386-1,,
01519-4503-2.zip,202602101146,利尻郡利尻富士町鴛泊字大磯,390-5,,
01519-4503-2.zip,202602101146,利尻郡利尻富士町鴛泊字大磯,391-4,,
01519-4503-2.zip,202602101146,利尻郡利尻富士町鴛泊字大磯,382-3,,
01519-4503-2.zip,202602101146,利尻郡利尻富士町鴛泊字大磯,381-2,,
01519-4503-2.zip,202602101146,利尻郡利尻富士町鴛泊字大磯,382-1,,
01519-4503-2.zip,202602101146,利尻郡利尻富士町鴛泊字大磯,375-2,,
01519-4503-2.zip,202602101146,利尻郡利尻富士町鴛泊字大磯,376-1,,
01519-4503-2.zip,202602101146,利尻郡利尻富士町鴛泊字大磯,376-3,,
01519-4503-2.zip,202602101146,利尻郡利尻富士町鴛泊字大磯,375-3,,
01519-4503-2.zip,202602101146,利尻郡利尻富士町鴛泊字大磯,378,,
01519-4503-2.zip,202602101146,利尻郡利尻富士町鴛泊字大磯,377,,
01519-4503-2.zip,202602101146,利尻郡利尻富士町鴛泊字大磯,372,,
01519-4503-2.zip,202602101146,利尻郡利尻富士町鴛泊字大磯,367,,
01519-4503-2.zip,202602101146,利尻郡利尻富士町鴛泊字大磯,長狭物不明-36,,
01519-4503-2.zip,202602101146,利尻郡利尻富士町鴛泊字大磯,363,,
01519-4503-2.zip,202602101146,利尻郡利尻富士町鴛泊字大磯,366,,
01519-4503-2.zip,202602101146,利尻郡利尻富士町鴛泊字大磯,368,,
01519-4503-2.zip,202602101146,利尻郡利尻富士町鴛泊字大磯,長狭物不明-37,,
01519-4503-2.zip,202602101146,利尻郡利尻富士町鴛泊字大磯,381-4,,
01519-4503-2.zip,202602101146,利尻郡利尻富士町鴛泊字大磯,381-3,,
01519-4503-2.zip,202602101146,利尻郡利尻富士町鴛泊字大磯,374-2,,
01519-4503-2.zip,202602101146,利尻郡利尻富士町鴛泊字大磯,426,,
01519-4503-2.zip,202602101146,利尻郡利尻富士町鴛泊字大磯,468-1,,
01519-4503-2.zip,202602101146,利尻郡利尻富士町鴛泊字大磯,425-2,,
01519-4503-2.zip,202602101146,利尻郡利尻富士町鴛泊字大磯,466-1,,
01519-4503-2.zip,202602101146,利尻郡利尻富士町鴛泊字大磯,423,,
01519-4503-2.zip,202602101146,利尻郡利尻富士町鴛泊字大磯,道-93,,
01519-4503-2.zip,202602101146,利尻郡利尻富士町鴛泊字大磯,422,,
01519-4503-2.zip,202602101146,利尻郡利尻富士町鴛泊字大磯,418,,
01519-4503-2.zip,202602101146,利尻郡利尻富士町鴛泊字大磯,417,,
01519-4503-2.zip,202602101146,利尻郡利尻富士町鴛泊字大磯,415,,
01519-4503-2.zip,202602101146,利尻郡利尻富士町鴛泊字大磯,414,,
01519-4503-2.zip,202602101146,利尻郡利尻富士町鴛泊字大磯,413,,
01519-4503-2.zip,202602101146,利尻郡利尻富士町鴛泊字大磯,412,,
01519-4503-2.zip,202602101146,利尻郡利尻富士町鴛泊字大磯,411,,
01519-4503-2.zip,202602101146,利尻郡利尻富士町鴛泊字大磯,405,,
01519-4503-2.zip,202602101146,利尻郡利尻富士町鴛泊字大磯,404,,
01519-4503-2.zip,202602101146,利尻郡利尻富士町鴛泊字大磯,402,,
01519-4503-2.zip,202602101146,利尻郡利尻富士町鴛泊字大磯,400-1,,
01519-4503-2.zip,202602101146,利尻郡利尻富士町鴛泊字大磯,403,,
01519-4503-2.zip,202602101146,利尻郡利尻富士町鴛泊字大磯,468-2,,
01519-4503-2.zip,202602101146,利尻郡利尻富士町鴛泊字大磯,408-3,,
01519-4503-2.zip,202602101146,利尻郡利尻富士町鴛泊字大磯,406,,
01519-4503-2.zip,202602101146,利尻郡利尻富士町鴛泊字大磯,400-2,,
01519-4503-2.zip,202602101146,利尻郡利尻富士町鴛泊字大磯,409,,
01519-4503-2.zip,202602101146,利尻郡利尻富士町鴛泊字大磯,408-1,,
01519-4503-2.zip,202602101146,利尻郡利尻富士町鴛泊字大磯,465-1,,
01519-4503-2.zip,202602101146,利尻郡利尻富士町鴛泊字大磯,410,,
01519-4503-2.zip,202602101146,利尻郡利尻富士町鴛泊字大磯,道-94,,
01519-4503-2.zip,202602101146,利尻郡利尻富士町鴛泊字大磯,465-3,,
01519-4503-2.zip,202602101146,利尻郡利尻富士町鴛泊字大磯,道-95,,
01519-4503-2.zip,202602101146,利尻郡利尻富士町鴛泊字大磯,421-2,,
01519-4503-2.zip,202602101146,利尻郡利尻富士町鴛泊字大磯,466-2,,
01519-4503-2.zip,202602101146,利尻郡利尻富士町鴛泊字大磯,420-1,,
01519-4503-2.zip,202602101146,利尻郡利尻富士町鴛泊字大磯,421-1,,
01519-4503-2.zip,202602101146,利尻郡利尻富士町鴛泊字大磯,419,,
01519-4503-2.zip,202602101146,利尻郡利尻富士町鴛泊字大磯,466-3,,
01519-4503-2.zip,202602101146,利尻郡利尻富士町鴛泊字大磯,408-2,,
01519-4503-2.zip,202602101146,利尻郡利尻富士町鴛泊字大磯,465-2,,
01519-4503-2.zip,202602101146,利尻郡利尻富士町鴛泊字大磯,420-2,,
01519-4503-2.zip,202602101146,利尻郡利尻富士町鴛泊字大磯,465-4,,
01519-4503-2.zip,202602101146,利尻郡利尻富士町鴛泊字大磯,421-3,,
01519-4503-2.zip,202602101146,利尻郡利尻富士町鴛泊字大磯,420-3,,
01519-4503-2.zip,202602101146,利尻郡利尻富士町鴛泊字大磯,466-4,,
01519-4503-2.zip,202602101146,利尻郡利尻富士町鴛泊字大磯,466-5,,
01519-4503-2.zip,202602101146,利尻郡利尻富士町鴛泊字富士野,33-2,,
01519-4503-2.zip,202602101146,利尻郡利尻富士町鴛泊字富士野,33-7,,
01519-4503-2.zip,202602101146,利尻郡利尻富士町鴛泊字富士野,46-5,,
01519-4503-2.zip,202602101146,利尻郡利尻富士町鴛泊字富士野,46-3,,
01519-4503-2.zip,202602101146,利尻郡利尻富士町鴛泊字富士野,33-1,,
01519-4503-2.zip,202602101146,利尻郡利尻富士町鴛泊字富士野,67-1,,
01519-4503-2.zip,202602101146,利尻郡利尻富士町鴛泊字富士野,67-4,,
01519-4503-2.zip,202602101146,利尻郡利尻富士町鴛泊字大磯,248-1,,
01519-4503-2.zip,202602101146,利尻郡利尻富士町鴛泊字大磯,248-2,,
01519-4503-2.zip,202602101146,利尻郡利尻富士町鴛泊字大磯,筆界未定地-13,,
01519-4503-2.zip,202602101146,利尻郡利尻富士町鴛泊字大磯,220-2,,
01519-4503-2.zip,202602101146,利尻郡利尻富士町鴛泊字大磯,220-6,,
01519-4503-2.zip,202602101146,利尻郡利尻富士町鴛泊字大磯,220-4,,
01519-4503-2.zip,202602101146,利尻郡利尻富士町鴛泊字大磯,道-59,,
01519-4503-2.zip,202602101146,利尻郡利尻富士町鴛泊字大磯,212-1,,
01519-4503-2.zip,202602101146,利尻郡利尻富士町鴛泊字大磯,212-2,,
01519-4503-2.zip,202602101146,利尻郡利尻富士町鴛泊字大磯,筆界未定地-19,,
01519-4503-2.zip,202602101146,利尻郡利尻富士町鴛泊字大磯,220-1,,
01519-4503-2.zip,202602101146,利尻郡利尻富士町鴛泊字大磯,220-7,,
01519-4503-2.zip,202602101146,利尻郡利尻富士町鴛泊字大磯,220-8,,
01519-4503-2.zip,202602101146,利尻郡利尻富士町鴛泊字富士野,45-1,,
01519-4503-2.zip,202602101146,利尻郡利尻富士町鴛泊字富士野,45-3,,
01519-4503-2.zip,202602101146,利尻郡利尻富士町鴛泊字富士野,45-2,,
01519-4503-2.zip,202602101146,利尻郡利尻富士町鴛泊字富士野,46-2,,
01519-4503-2.zip,202602101146,利尻郡利尻富士町鴛泊字富士野,46-6,,
01519-4503-2.zip,202602101146,利尻郡利尻富士町鴛泊字富士野,66-1,,
01519-4503-2.zip,202602101146,利尻郡利尻富士町鴛泊字富士野,66-7,,
01519-4503-2.zip,202602101146,利尻郡利尻富士町鴛泊字富士野,66-2,,
01519-4503-2.zip,202602101146,利尻郡利尻富士町鴛泊字大磯,425-1,,
01519-4503-2.zip,202602101146,利尻郡利尻富士町鴛泊字大磯,425-4,,
01519-4503-2.zip,202602101146,利尻郡利尻富士町鴛泊字大磯,425-3,,
01519-4503-2.zip,202602101146,利尻郡利尻富士町鴛泊字富士野,道-26,,
01519-4503-2.zip,202602101146,利尻郡利尻富士町鴛泊字富士野,長狭物不明-3,,
01519-4503-2.zip,202602101146,利尻郡利尻富士町鴛泊字富士野,111,,
01519-4503-2.zip,202602101146,利尻郡利尻富士町鴛泊字大磯,509,,
01519-4503-2.zip,202602101146,利尻郡利尻富士町鴛泊字大磯,512,,
01519-4503-2.zip,202602101146,利尻郡利尻富士町鴛泊字大磯,520,,
01519-4503-2.zip,202602101146,利尻郡利尻富士町鴛泊字本泊,253-1,,
01519-4503-2.zip,202602101146,利尻郡利尻富士町鴛泊字本泊,253-5,,
01519-4503-2.zip,202602101146,利尻郡利尻富士町鴛泊字本泊,道-32,,
01519-4503-2.zip,202602101146,利尻郡利尻富士町鴛泊字本泊,253-4,,
01519-4503-2.zip,202602101146,利尻郡利尻富士町鴛泊字本泊,253-3,,
01519-4503-2.zip,202602101146,利尻郡利尻富士町鴛泊字本泊,253-2,,
01519-4503-2.zip,202602101146,利尻郡利尻富士町鴛泊字富士野,23-3,,
01519-4503-2.zip,202602101146,利尻郡利尻富士町鴛泊字富士野,23-1,,
01519-4503-2.zip,202602101146,利尻郡利尻富士町鴛泊字富士野,道-25,,
01519-4503-2.zip,202602101146,利尻郡利尻富士町鴛泊字富士野,23-2,,
01519-4503-3.zip,202602101146,利尻郡利尻富士町鴛泊字富士野,道-1,,
01519-4503-3.zip,202602101146,利尻郡利尻富士町鴛泊字富士野,76,,
01519-4503-3.zip,202602101146,利尻郡利尻富士町鴛泊字富士岬,筆界未定地-1,利尻郡利尻富士町鴛泊字富士岬,85
01519-4503-3.zip,202602101146,利尻郡利尻富士町鴛泊字富士岬,筆界未定地-1,利尻郡利尻富士町鴛泊字富士岬,97
01519-4503-3.zip,202602101146,利尻郡利尻富士町鴛泊字富士岬,424,,
01519-4503-3.zip,202602101146,利尻郡利尻富士町鴛泊字富士岬,長狭物不明-2,,
01519-4503-3.zip,202602101146,利尻郡利尻富士町鴛泊字本泊,道-3,,
01519-4503-3.zip,202602101146,利尻郡利尻富士町鴛泊字本泊,筆界未定地-2,利尻郡利尻富士町鴛泊字本泊,48-1
01519-4503-3.zip,202602101146,利尻郡利尻富士町鴛泊字本泊,筆界未定地-2,利尻郡利尻富士町鴛泊字本泊,48-2
01519-4503-3.zip,202602101146,利尻郡利尻富士町鴛泊字本泊,筆界未定地-2,利尻郡利尻富士町鴛泊字本泊,48-3
01519-4503-3.zip,202602101146,利尻郡利尻富士町鴛泊字富士岬,筆界未定地-3,利尻郡利尻富士町鴛泊字富士岬,360
01519-4503-3.zip,202602101146,利尻郡利尻富士町鴛泊字富士岬,筆界未定地-3,利尻郡利尻富士町鴛泊字富士岬,361
01519-4503-3.zip,202602101146,利尻郡利尻富士町鴛泊字本泊,筆界未定地-4,利尻郡利尻富士町鴛泊字本泊,122
01519-4503-3.zip,202602101146,利尻郡利尻富士町鴛泊字本泊,筆界未定地-4,利尻郡利尻富士町鴛泊字本泊,道-4
01519-4503-3.zip,202602101146,利尻郡利尻富士町鴛泊字本泊,筆界未定地-5,利尻郡利尻富士町鴛泊字本泊,119
01519-4503-3.zip,202602101146,利尻郡利尻富士町鴛泊字本泊,筆界未定地-5,利尻郡利尻富士町鴛泊字本泊,道-5
01519-4503-3.zip,202602101146,利尻郡利尻富士町鴛泊字本泊,筆界未定地-6,利尻郡利尻富士町鴛泊字本泊,15
01519-4503-3.zip,202602101146,利尻郡利尻富士町鴛泊字本泊,筆界未定地-6,利尻郡利尻富士町鴛泊字本泊,16
01519-4503-3.zip,202602101146,利尻郡利尻富士町鴛泊字本泊,筆界未定地-7,利尻郡利尻富士町鴛泊字本泊,12
01519-4503-3.zip,202602101146,利尻郡利尻富士町鴛泊字本泊,筆界未定地-7,利尻郡利尻富士町鴛泊字本泊,13
01519-4503-3.zip,202602101146,利尻郡利尻富士町鴛泊字本泊,筆界未定地-7,利尻郡利尻富士町鴛泊字本泊,14
01519-4503-3.zip,202602101146,利尻郡利尻富士町鴛泊字本泊,筆界未定地-8,利尻郡利尻富士町鴛泊字本泊,8
01519-4503-3.zip,202602101146,利尻郡利尻富士町鴛泊字本泊,筆界未定地-8,利尻郡利尻富士町鴛泊字本泊,9
01519-4503-3.zip,202602101146,利尻郡利尻富士町鴛泊字富士岬,筆界未定地-9,利尻郡利尻富士町鴛泊字富士岬,253
01519-4503-3.zip,202602101146,利尻郡利尻富士町鴛泊字富士岬,筆界未定地-9,利尻郡利尻富士町鴛泊字富士岬,254
01519-4503-3.zip,202602101146,利尻郡利尻富士町鴛泊字富士岬,筆界未定地-10,利尻郡利尻富士町鴛泊字富士岬,191-1
01519-4503-3.zip,202602101146,利尻郡利尻富士町鴛泊字富士岬,筆界未定地-10,利尻郡利尻富士町鴛泊字富士岬,191-2
01519-4503-3.zip,202602101146,利尻郡利尻富士町鴛泊字富士岬,筆界未定地-10,利尻郡利尻富士町鴛泊字富士岬,192
01519-4503-3.zip,202602101146,利尻郡利尻富士町鴛泊字富士岬,筆界未定地-11,利尻郡利尻富士町鴛泊字富士岬,171
01519-4503-3.zip,202602101146,利尻郡利尻富士町鴛泊字富士岬,筆界未定地-11,利尻郡利尻富士町鴛泊字富士岬,171-1
01519-4503-3.zip,202602101146,利尻郡利尻富士町鴛泊字富士岬,筆界未定地-11,利尻郡利尻富士町鴛泊字富士岬,171-2
01519-4503-3.zip,202602101146,利尻郡利尻富士町鴛泊字富士岬,筆界未定地-11,利尻郡利尻富士町鴛泊字富士岬,171-3
01519-4503-3.zip,202602101146,利尻郡利尻富士町鴛泊字富士岬,筆界未定地-12,利尻郡利尻富士町鴛泊字富士岬,172
01519-4503-3.zip,202602101146,利尻郡利尻富士町鴛泊字富士岬,筆界未定地-12,利尻郡利尻富士町鴛泊字富士岬,172-1
01519-4503-3.zip,202602101146,利尻郡利尻富士町鴛泊字富士岬,筆界未定地-12,利尻郡利尻富士町鴛泊字富士岬,172-2
01519-4503-3.zip,202602101146,利尻郡利尻富士町鴛泊字富士岬,筆界未定地-12,利尻郡利尻富士町鴛泊字富士岬,172-3
01519-4503-3.zip,202602101146,利尻郡利尻富士町鴛泊字富士岬,筆界未定地-12,利尻郡利尻富士町鴛泊字富士岬,172-4
01519-4503-3.zip,202602101146,利尻郡利尻富士町鴛泊字富士岬,筆界未定地-12,利尻郡利尻富士町鴛泊字富士岬,173
01519-4503-3.zip,202602101146,利尻郡利尻富士町鴛泊字富士岬,筆界未定地-13,利尻郡利尻富士町鴛泊字富士岬,197
01519-4503-3.zip,202602101146,利尻郡利尻富士町鴛泊字富士岬,筆界未定地-13,利尻郡利尻富士町鴛泊字富士岬,198
01519-4503-3.zip,202602101146,利尻郡利尻富士町鴛泊字富士岬,筆界未定地-14,利尻郡利尻富士町鴛泊字富士岬,206
01519-4503-3.zip,202602101146,利尻郡利尻富士町鴛泊字富士岬,筆界未定地-14,利尻郡利尻富士町鴛泊字富士岬,207
01519-4503-3.zip,202602101146,利尻郡利尻富士町鴛泊字富士岬,筆界未定地-15,利尻郡利尻富士町鴛泊字富士岬,168
01519-4503-3.zip,202602101146,利尻郡利尻富士町鴛泊字富士岬,筆界未定地-15,利尻郡利尻富士町鴛泊字富士岬,168-1
01519-4503-3.zip,202602101146,利尻郡利尻富士町鴛泊字富士岬,筆界未定地-15,利尻郡利尻富士町鴛泊字富士岬,168-2
01519-4503-3.zip,202602101146,利尻郡利尻富士町鴛泊字富士岬,筆界未定地-16,利尻郡利尻富士町鴛泊字富士岬,118
01519-4503-3.zip,202602101146,利尻郡利尻富士町鴛泊字富士岬,筆界未定地-16,利尻郡利尻富士町鴛泊字富士岬,119
01519-4503-3.zip,202602101146,利尻郡利尻富士町鴛泊字富士岬,筆界未定地-16,利尻郡利尻富士町鴛泊字富士岬,120
01519-4503-3.zip,202602101146,利尻郡利尻富士町鴛泊字富士岬,筆界未定地-16,利尻郡利尻富士町鴛泊字富士岬,121
01519-4503-3.zip,202602101146,利尻郡利尻富士町鴛泊字富士岬,筆界未定地-16,利尻郡利尻富士町鴛泊字富士岬,122
01519-4503-3.zip,202602101146,利尻郡利尻富士町鴛泊字富士岬,筆界未定地-16,利尻郡利尻富士町鴛泊字富士岬,123
01519-4503-3.zip,202602101146,利尻郡利尻富士町鴛泊字富士岬,筆界未定地-17,利尻郡利尻富士町鴛泊字富士岬,111
01519-4503-3.zip,202602101146,利尻郡利尻富士町鴛泊字富士岬,筆界未定地-17,利尻郡利尻富士町鴛泊字富士岬,112
01519-4503-3.zip,202602101146,利尻郡利尻富士町鴛泊字富士岬,筆界未定地-17,利尻郡利尻富士町鴛泊字富士岬,113
01519-4503-3.zip,202602101146,利尻郡利尻富士町鴛泊字富士岬,筆界未定地-17,利尻郡利尻富士町鴛泊字富士岬,114
01519-4503-3.zip,202602101146,利尻郡利尻富士町鴛泊字富士岬,筆界未定地-18,利尻郡利尻富士町鴛泊字富士岬,110
01519-4503-3.zip,202602101146,利尻郡利尻富士町鴛泊字富士岬,筆界未定地-18,利尻郡利尻富士町鴛泊字富士岬,115
01519-4503-3.zip,202602101146,利尻郡利尻富士町鴛泊字富士岬,筆界未定地-18,利尻郡利尻富士町鴛泊字富士岬,116
01519-4503-3.zip,202602101146,利尻郡利尻富士町鴛泊字富士岬,筆界未定地-19V1,利尻郡利尻富士町鴛泊字富士岬,98W1
01519-4503-3.zip,202602101146,利尻郡利尻富士町鴛泊字富士岬,筆界未定地-19V1,利尻郡利尻富士町鴛泊字富士岬,99W1
01519-4503-3.zip,202602101146,利尻郡利尻富士町鴛泊字富士岬,筆界未定地-20,利尻郡利尻富士町鴛泊字富士岬,70
01519-4503-3.zip,202602101146,利尻郡利尻富士町鴛泊字富士岬,筆界未定地-20,利尻郡利尻富士町鴛泊字富士岬,72
01519-4503-3.zip,202602101146,利尻郡利尻富士町鴛泊字富士岬,筆界未定地-21,利尻郡利尻富士町鴛泊字富士岬,86
01519-4503-3.zip,202602101146,利尻郡利尻富士町鴛泊字富士岬,筆界未定地-21,利尻郡利尻富士町鴛泊字富士岬,87
01519-4503-3.zip,202602101146,利尻郡利尻富士町鴛泊字富士岬,筆界未定地-21,利尻郡利尻富士町鴛泊字富士岬,88
01519-4503-3.zip,202602101146,利尻郡利尻富士町鴛泊字富士岬,筆界未定地-21,利尻郡利尻富士町鴛泊字富士岬,88-1
01519-4503-3.zip,202602101146,利尻郡利尻富士町鴛泊字富士岬,筆界未定地-19V2,利尻郡利尻富士町鴛泊字富士岬,98W2
01519-4503-3.zip,202602101146,利尻郡利尻富士町鴛泊字富士岬,筆界未定地-19V2,利尻郡利尻富士町鴛泊字富士岬,99W2
01519-4503-3.zip,202602101146,利尻郡利尻富士町鴛泊字富士岬,筆界未定地-22,利尻郡利尻富士町鴛泊字富士岬,33
01519-4503-3.zip,202602101146,利尻郡利尻富士町鴛泊字富士岬,筆界未定地-22,利尻郡利尻富士町鴛泊字富士岬,34
01519-4503-3.zip,202602101146,利尻郡利尻富士町鴛泊字富士岬,筆界未定地-23,利尻郡利尻富士町鴛泊字富士岬,38
01519-4503-3.zip,202602101146,利尻郡利尻富士町鴛泊字富士岬,筆界未定地-23,利尻郡利尻富士町鴛泊字富士岬,39
01519-4503-3.zip,202602101146,利尻郡利尻富士町鴛泊字富士岬,筆界未定地-24,利尻郡利尻富士町鴛泊字富士岬,21
01519-4503-3.zip,202602101146,利尻郡利尻富士町鴛泊字富士岬,筆界未定地-24,利尻郡利尻富士町鴛泊字富士岬,22
01519-4503-3.zip,202602101146,利尻郡利尻富士町鴛泊字富士岬,筆界未定地-25,利尻郡利尻富士町鴛泊字富士岬,25
01519-4503-3.zip,202602101146,利尻郡利尻富士町鴛泊字富士岬,筆界未定地-25,利尻郡利尻富士町鴛泊字富士岬,26
01519-4503-3.zip,202602101146,利尻郡利尻富士町鴛泊字富士岬,筆界未定地-26,利尻郡利尻富士町鴛泊字富士岬,29
01519-4503-3.zip,202602101146,利尻郡利尻富士町鴛泊字富士岬,筆界未定地-26,利尻郡利尻富士町鴛泊字富士岬,30
01519-4503-3.zip,202602101146,利尻郡利尻富士町鴛泊字富士野,筆界未定地-27,利尻郡利尻富士町鴛泊字富士野,40
01519-4503-3.zip,202602101146,利尻郡利尻富士町鴛泊字富士野,筆界未定地-27,利尻郡利尻富士町鴛泊字富士野,41
01519-4503-3.zip,202602101146,利尻郡利尻富士町鴛泊字富士野,筆界未定地-27,利尻郡利尻富士町鴛泊字富士野,42
01519-4503-3.zip,202602101146,利尻郡利尻富士町鴛泊字富士岬,長狭物不明-3,,
01519-4503-3.zip,202602101146,利尻郡利尻富士町鴛泊字富士岬,94-3,,
01519-4503-3.zip,202602101146,利尻郡利尻富士町鴛泊字富士岬,94-1,,
01519-4503-3.zip,202602101146,利尻郡利尻富士町鴛泊字富士岬,4,,
01519-4503-3.zip,202602101146,利尻郡利尻富士町鴛泊字富士野,79,,
01519-4503-3.zip,202602101146,利尻郡利尻富士町鴛泊字富士野,39,,
01519-4503-3.zip,202602101146,利尻郡利尻富士町鴛泊字栄町,長狭物不明-4,,
01519-4503-3.zip,202602101146,利尻郡利尻富士町鴛泊字栄町,長狭物不明-5,,
01519-4503-3.zip,202602101146,利尻郡利尻富士町鴛泊字栄町,長狭物不明-6,,
01519-4503-3.zip,202602101146,利尻郡利尻富士町鴛泊字富士野,47-5,,
01519-4503-3.zip,202602101146,利尻郡利尻富士町鴛泊字富士野,43-1,,
01519-4503-3.zip,202602101146,利尻郡利尻富士町鴛泊字富士野,47-1,,
01519-4503-3.zip,202602101146,利尻郡利尻富士町鴛泊字富士野,83,,
01519-4503-3.zip,202602101146,利尻郡利尻富士町鴛泊字富士野,43-4,,
01519-4503-3.zip,202602101146,利尻郡利尻富士町鴛泊字富士野,47-10,,
01519-4503-3.zip,202602101146,利尻郡利尻富士町鴛泊字富士野,47-6,,
01519-4503-3.zip,202602101146,利尻郡利尻富士町鴛泊字富士野,47-9,,
01519-4503-3.zip,202602101146,利尻郡利尻富士町鴛泊字富士野,47-3,,
01519-4503-3.zip,202602101146,利尻郡利尻富士町鴛泊字富士野,47-7,,
01519-4503-3.zip,202602101146,利尻郡利尻富士町鴛泊字富士野,47-11,,
01519-4503-3.zip,202602101146,利尻郡利尻富士町鴛泊字富士野,43-2,,
01519-4503-3.zip,202602101146,利尻郡利尻富士町鴛泊字富士野,43-3,,
01519-4503-3.zip,202602101146,利尻郡利尻富士町鴛泊字富士野,78,,
01519-4503-3.zip,202602101146,利尻郡利尻富士町鴛泊字富士野,47-4,,
01519-4503-3.zip,202602101146,利尻郡利尻富士町鴛泊字富士野,道-20,,
01519-4503-3.zip,202602101146,利尻郡利尻富士町鴛泊字富士野,47-8,,
01519-4503-3.zip,202602101146,利尻郡利尻富士町鴛泊字富士野,51,,
01519-4503-3.zip,202602101146,利尻郡利尻富士町鴛泊字富士野,50,,
01519-4503-3.zip,202602101146,利尻郡利尻富士町鴛泊字富士野,長狭物不明-9,,
01519-4503-3.zip,202602101146,利尻郡利尻富士町鴛泊字富士野,70W1,,
01519-4503-3.zip,202602101146,利尻郡利尻富士町鴛泊字富士野,69,,
01519-4503-3.zip,202602101146,利尻郡利尻富士町鴛泊字富士野,道-21,,
01519-4503-3.zip,202602101146,利尻郡利尻富士町鴛泊字富士野,57-2,,
01519-4503-3.zip,202602101146,利尻郡利尻富士町鴛泊字富士野,57-1,,
01519-4503-3.zip,202602101146,利尻郡利尻富士町鴛泊字富士野,長狭物不明-10,,
01519-4503-3.zip,202602101146,利尻郡利尻富士町鴛泊字富士野,52-1,,
01519-4503-3.zip,202602101146,利尻郡利尻富士町鴛泊字富士野,53-1,,
01519-4503-3.zip,202602101146,利尻郡利尻富士町鴛泊字富士野,54-1,,
01519-4503-3.zip,202602101146,利尻郡利尻富士町鴛泊字富士野,54-2,,
01519-4503-3.zip,202602101146,利尻郡利尻富士町鴛泊字富士野,55-1,,
01519-4503-3.zip,202602101146,利尻郡利尻富士町鴛泊字富士野,55-4,,
01519-4503-3.zip,202602101146,利尻郡利尻富士町鴛泊字富士野,85,,
01519-4503-3.zip,202602101146,利尻郡利尻富士町鴛泊字富士野,56,,
01519-4503-3.zip,202602101146,利尻郡利尻富士町鴛泊字富士野,道-22,,
01519-4503-3.zip,202602101146,利尻郡利尻富士町鴛泊字富士野,55-6,,
01519-4503-3.zip,202602101146,利尻郡利尻富士町鴛泊字富士野,55-2,,
01519-4503-3.zip,202602101146,利尻郡利尻富士町鴛泊字富士野,87W1,,
01519-4503-3.zip,202602101146,利尻郡利尻富士町鴛泊字富士野,55-3,,
01519-4503-3.zip,202602101146,利尻郡利尻富士町鴛泊字富士野,55-5,,
01519-4503-3.zip,202602101146,利尻郡利尻富士町鴛泊字富士野,52-2,,
01519-4503-3.zip,202602101146,利尻郡利尻富士町鴛泊字富士野,53-2,,
01519-4503-3.zip,202602101146,利尻郡利尻富士町鴛泊字富士野,長狭物不明-11,,
01519-4503-3.zip,202602101146,利尻郡利尻富士町鴛泊字富士野,長狭物不明-12,,
01519-4503-3.zip,202602101146,利尻郡利尻富士町鴛泊字富士野,長狭物不明-13,,
01519-4503-3.zip,202602101146,利尻郡利尻富士町鴛泊字富士野,80,,
01519-4503-3.zip,202602101146,利尻郡利尻富士町鴛泊字富士野,道-23,,
01519-4503-3.zip,202602101146,利尻郡利尻富士町鴛泊字富士野,63-3,,
01519-4503-3.zip,202602101146,利尻郡利尻富士町鴛泊字富士野,62-3,,
01519-4503-3.zip,202602101146,利尻郡利尻富士町鴛泊字富士野,62-2,,
01519-4503-3.zip,202602101146,利尻郡利尻富士町鴛泊字富士野,61-1,,
01519-4503-3.zip,202602101146,利尻郡利尻富士町鴛泊字富士野,60,,
01519-4503-3.zip,202602101146,利尻郡利尻富士町鴛泊字富士野,道-24,,
01519-4503-3.zip,202602101146,利尻郡利尻富士町鴛泊字富士野,61-2,,
01519-4503-3.zip,202602101146,利尻郡利尻富士町鴛泊字富士野,62-1,,
01519-4503-3.zip,202602101146,利尻郡利尻富士町鴛泊字富士野,63-2,,
01519-4503-3.zip,202602101146,利尻郡利尻富士町鴛泊字富士野,63-1,,
01519-4503-3.zip,202602101146,利尻郡利尻富士町鴛泊字富士野,71,,
01519-4503-3.zip,202602101146,利尻郡利尻富士町鴛泊字富士野,70W2,,
01519-4503-3.zip,202602101146,利尻郡利尻富士町鴛泊字富士野,61-3,,
01519-4503-3.zip,202602101146,利尻郡利尻富士町鴛泊字富士野,87W2,,
01519-4503-3.zip,202602101146,利尻郡利尻富士町鴛泊字富士野,89,,
01519-4503-3.zip,202602101146,利尻郡利尻富士町鴛泊字富士岬,長狭物不明-14,,
01519-4503-3.zip,202602101146,利尻郡利尻富士町鴛泊字富士岬,長狭物不明-15,,
01519-4503-3.zip,202602101146,利尻郡利尻富士町鴛泊字富士岬,長狭物不明-16,,
01519-4503-3.zip,202602101146,利尻郡利尻富士町鴛泊字富士岬,道-25,,
01519-4503-3.zip,202602101146,利尻郡利尻富士町鴛泊字富士岬,395,,
01519-4503-3.zip,202602101146,利尻郡利尻富士町鴛泊字富士岬,15,,
01519-4503-3.zip,202602101146,利尻郡利尻富士町鴛泊字富士岬,11,,
01519-4503-3.zip,202602101146,利尻郡利尻富士町鴛泊字富士岬,道-26,,
01519-4503-3.zip,202602101146,利尻郡利尻富士町鴛泊字富士岬,10,,
01519-4503-3.zip,202602101146,利尻郡利尻富士町鴛泊字富士岬,9,,
01519-4503-3.zip,202602101146,利尻郡利尻富士町鴛泊字富士岬,5-2,,
01519-4503-3.zip,202602101146,利尻郡利尻富士町鴛泊字富士岬,414,,
01519-4503-3.zip,202602101146,利尻郡利尻富士町鴛泊字富士岬,404,,
01519-4503-3.zip,202602101146,利尻郡利尻富士町鴛泊字富士岬,14,,
01519-4503-3.zip,202602101146,利尻郡利尻富士町鴛泊字富士岬,13,,
01519-4503-3.zip,202602101146,利尻郡利尻富士町鴛泊字富士岬,394,,
01519-4503-3.zip,202602101146,利尻郡利尻富士町鴛泊字富士岬,3-1,,
01519-4503-3.zip,202602101146,利尻郡利尻富士町鴛泊字富士岬,道-27,,
01519-4503-3.zip,202602101146,利尻郡利尻富士町鴛泊字富士岬,431,,
01519-4503-3.zip,202602101146,利尻郡利尻富士町鴛泊字富士岬,426,,
01519-4503-3.zip,202602101146,利尻郡利尻富士町鴛泊字富士岬,1-5,,
01519-4503-3.zip,202602101146,利尻郡利尻富士町鴛泊字富士岬,1-1,,
01519-4503-3.zip,202602101146,利尻郡利尻富士町鴛泊字富士岬,430W1,,
01519-4503-3.zip,202602101146,利尻郡利尻富士町鴛泊字富士岬,1-4,,
01519-4503-3.zip,202602101146,利尻郡利尻富士町鴛泊字富士岬,1-3,,
01519-4503-3.zip,202602101146,利尻郡利尻富士町鴛泊字富士岬,長狭物不明-17,,
01519-4503-3.zip,202602101146,利尻郡利尻富士町鴛泊字富士岬,1-2,,
01519-4503-3.zip,202602101146,利尻郡利尻富士町鴛泊字富士岬,432,,
01519-4503-3.zip,202602101146,利尻郡利尻富士町鴛泊字富士岬,長狭物不明-18,,
01519-4503-3.zip,202602101146,利尻郡利尻富士町鴛泊字富士岬,3-6,,
01519-4503-3.zip,202602101146,利尻郡利尻富士町鴛泊字富士岬,3-5,,
01519-4503-3.zip,202602101146,利尻郡利尻富士町鴛泊字富士岬,405,,
01519-4503-3.zip,202602101146,利尻郡利尻富士町鴛泊字富士岬,5-1,,
01519-4503-3.zip,202602101146,利尻郡利尻富士町鴛泊字富士岬,6-2,,
01519-4503-3.zip,202602101146,利尻郡利尻富士町鴛泊字富士岬,6-1,,
01519-4503-3.zip,202602101146,利尻郡利尻富士町鴛泊字富士岬,長狭物不明-19,,
01519-4503-3.zip,202602101146,利尻郡利尻富士町鴛泊字富士岬,427,,
01519-4503-3.zip,202602101146,利尻郡利尻富士町鴛泊字富士岬,42W1,,
01519-4503-3.zip,202602101146,利尻郡利尻富士町鴛泊字富士岬,421,,
01519-4503-3.zip,202602101146,利尻郡利尻富士町鴛泊字富士岬,425,,
01519-4503-3.zip,202602101146,利尻郡利尻富士町鴛泊字富士岬,423,,
01519-4503-3.zip,202602101146,利尻郡利尻富士町鴛泊字富士岬,429,,
01519-4503-3.zip,202602101146,利尻郡利尻富士町鴛泊字富士岬,18-2,,
01519-4503-3.zip,202602101146,利尻郡利尻富士町鴛泊字富士岬,430W2,,
01519-4503-3.zip,202602101146,利尻郡利尻富士町鴛泊字富士岬,420,,
01519-4503-3.zip,202602101146,利尻郡利尻富士町鴛泊字富士岬,55,,
01519-4503-3.zip,202602101146,利尻郡利尻富士町鴛泊字富士岬,道-28,,
01519-4503-3.zip,202602101146,利尻郡利尻富士町鴛泊字富士岬,長狭物不明-20,,
01519-4503-3.zip,202602101146,利尻郡利尻富士町鴛泊字富士岬,53,,
01519-4503-3.zip,202602101146,利尻郡利尻富士町鴛泊字富士岬,51-1,,
01519-4503-3.zip,202602101146,利尻郡利尻富士町鴛泊字富士岬,51-2,,
01519-4503-3.zip,202602101146,利尻郡利尻富士町鴛泊字富士岬,50,,
01519-4503-3.zip,202602101146,利尻郡利尻富士町鴛泊字富士岬,43-4,,
01519-4503-3.zip,202602101146,利尻郡利尻富士町鴛泊字富士岬,道-29,,
01519-4503-3.zip,202602101146,利尻郡利尻富士町鴛泊字富士岬,16-2,,
01519-4503-3.zip,202602101146,利尻郡利尻富士町鴛泊字富士岬,道-30,,
01519-4503-3.zip,202602101146,利尻郡利尻富士町鴛泊字富士岬,43-5,,
01519-4503-3.zip,202602101146,利尻郡利尻富士町鴛泊字富士岬,43-3,,
01519-4503-3.zip,202602101146,利尻郡利尻富士町鴛泊字富士岬,379,,
01519-4503-3.zip,202602101146,利尻郡利尻富士町鴛泊字富士岬,49-2,,
01519-4503-3.zip,202602101146,利尻郡利尻富士町鴛泊字富士岬,52,,
01519-4503-3.zip,202602101146,利尻郡利尻富士町鴛泊字富士岬,49-1,,
01519-4503-3.zip,202602101146,利尻郡利尻富士町鴛泊字富士岬,48,,
01519-4503-3.zip,202602101146,利尻郡利尻富士町鴛泊字富士岬,46,,
01519-4503-3.zip,202602101146,利尻郡利尻富士町鴛泊字富士岬,45,,
01519-4503-3.zip,202602101146,利尻郡利尻富士町鴛泊字富士岬,43-1,,
01519-4503-3.zip,202602101146,利尻郡利尻富士町鴛泊字富士岬,道-31,,
01519-4503-3.zip,202602101146,利尻郡利尻富士町鴛泊字富士岬,44-2,,
01519-4503-3.zip,202602101146,利尻郡利尻富士町鴛泊字富士岬,44-3,,
01519-4503-3.zip,202602101146,利尻郡利尻富士町鴛泊字富士岬,47-1,,
01519-4503-3.zip,202602101146,利尻郡利尻富士町鴛泊字富士岬,380,,
01519-4503-3.zip,202602101146,利尻郡利尻富士町鴛泊字富士岬,長狭物不明-21,,
01519-4503-3.zip,202602101146,利尻郡利尻富士町鴛泊字富士岬,47-2,,
01519-4503-3.zip,202602101146,利尻郡利尻富士町鴛泊字富士岬,47-3,,
01519-4503-3.zip,202602101146,利尻郡利尻富士町鴛泊字富士岬,54,,
01519-4503-3.zip,202602101146,利尻郡利尻富士町鴛泊字富士岬,43-2,,
01519-4503-3.zip,202602101146,利尻郡利尻富士町鴛泊字富士岬,長狭物不明-22,,
01519-4503-3.zip,202602101146,利尻郡利尻富士町鴛泊字富士岬,44-1,,
01519-4503-3.zip,202602101146,利尻郡利尻富士町鴛泊字富士岬,16-1,,
01519-4503-3.zip,202602101146,利尻郡利尻富士町鴛泊字富士岬,18-1,,
01519-4503-3.zip,202602101146,利尻郡利尻富士町鴛泊字富士岬,18-6,,
01519-4503-3.zip,202602101146,利尻郡利尻富士町鴛泊字富士岬,道-32,,
01519-4503-3.zip,202602101146,利尻郡利尻富士町鴛泊字富士岬,422,,
01519-4503-3.zip,202602101146,利尻郡利尻富士町鴛泊字富士岬,道-33,,
01519-4503-3.zip,202602101146,利尻郡利尻富士町鴛泊字富士岬,428,,
01519-4503-3.zip,202602101146,利尻郡利尻富士町鴛泊字富士岬,378,,
01519-4503-3.zip,202602101146,利尻郡利尻富士町鴛泊字富士岬,18-5,,
01519-4503-3.zip,202602101146,利尻郡利尻富士町鴛泊字富士岬,18-4,,
01519-4503-3.zip,202602101146,利尻郡利尻富士町鴛泊字富士岬,18-3,,
01519-4503-3.zip,202602101146,利尻郡利尻富士町鴛泊字富士岬,407,,
01519-4503-3.zip,202602101146,利尻郡利尻富士町鴛泊字富士岬,397,,
01519-4503-3.zip,202602101146,利尻郡利尻富士町鴛泊字富士岬,328,,
01519-4503-3.zip,202602101146,利尻郡利尻富士町鴛泊字富士岬,409,,
01519-4503-3.zip,202602101146,利尻郡利尻富士町鴛泊字富士岬,399,,
01519-4503-3.zip,202602101146,利尻郡利尻富士町鴛泊字富士岬,長狭物不明-23,,
01519-4503-3.zip,202602101146,利尻郡利尻富士町鴛泊字富士岬,337-1,,
01519-4503-3.zip,202602101146,利尻郡利尻富士町鴛泊字富士岬,331-1,,
01519-4503-3.zip,202602101146,利尻郡利尻富士町鴛泊字富士岬,327-1,,
01519-4503-3.zip,202602101146,利尻郡利尻富士町鴛泊字富士岬,道-34,,
01519-4503-3.zip,202602101146,利尻郡利尻富士町鴛泊字富士岬,322,,
01519-4503-3.zip,202602101146,利尻郡利尻富士町鴛泊字富士岬,326,,
01519-4503-3.zip,202602101146,利尻郡利尻富士町鴛泊字富士岬,327-3,,
01519-4503-3.zip,202602101146,利尻郡利尻富士町鴛泊字富士岬,446,,
01519-4503-3.zip,202602101146,利尻郡利尻富士町鴛泊字富士岬,331-2,,
01519-4503-3.zip,202602101146,利尻郡利尻富士町鴛泊字富士岬,327-2,,
01519-4503-3.zip,202602101146,利尻郡利尻富士町鴛泊字富士岬,321-2,,
01519-4503-3.zip,202602101146,利尻郡利尻富士町鴛泊字富士岬,321-1,,
01519-4503-3.zip,202602101146,利尻郡利尻富士町鴛泊字富士岬,323,,
01519-4503-3.zip,202602101146,利尻郡利尻富士町鴛泊字富士岬,324,,
01519-4503-3.zip,202602101146,利尻郡利尻富士町鴛泊字富士岬,325,,
01519-4503-3.zip,202602101146,利尻郡利尻富士町鴛泊字富士岬,335-2,,
01519-4503-3.zip,202602101146,利尻郡利尻富士町鴛泊字富士岬,335-1,,
01519-4503-3.zip,202602101146,利尻郡利尻富士町鴛泊字富士岬,337-2,,
01519-4503-3.zip,202602101146,利尻郡利尻富士町鴛泊字富士岬,337-3,,
01519-4503-3.zip,202602101146,利尻郡利尻富士町鴛泊字富士岬,335-3,,
01519-4503-3.zip,202602101146,利尻郡利尻富士町鴛泊字富士岬,333-2,,
01519-4503-3.zip,202602101146,利尻郡利尻富士町鴛泊字富士岬,333-1,,
01519-4503-3.zip,202602101146,利尻郡利尻富士町鴛泊字富士岬,66,,
01519-4503-3.zip,202602101146,利尻郡利尻富士町鴛泊字富士岬,65,,
01519-4503-3.zip,202602101146,利尻郡利尻富士町鴛泊字富士岬,60,,
01519-4503-3.zip,202602101146,利尻郡利尻富士町鴛泊字富士岬,61,,
01519-4503-3.zip,202602101146,利尻郡利尻富士町鴛泊字富士岬,62,,
01519-4503-3.zip,202602101146,利尻郡利尻富士町鴛泊字富士岬,63,,
01519-4503-3.zip,202602101146,利尻郡利尻富士町鴛泊字富士岬,64,,
01519-4503-3.zip,202602101146,利尻郡利尻富士町鴛泊字富士岬,313,,
01519-4503-3.zip,202602101146,利尻郡利尻富士町鴛泊字富士岬,42W2,,
01519-4503-3.zip,202602101146,利尻郡利尻富士町鴛泊字富士岬,28,,
01519-4503-3.zip,202602101146,利尻郡利尻富士町鴛泊字富士岬,道-35,,
01519-4503-3.zip,202602101146,利尻郡利尻富士町鴛泊字富士岬,32,,
01519-4503-3.zip,202602101146,利尻郡利尻富士町鴛泊字富士岬,35,,
01519-4503-3.zip,202602101146,利尻郡利尻富士町鴛泊字富士岬,長狭物不明-24,,
01519-4503-3.zip,202602101146,利尻郡利尻富士町鴛泊字富士岬,31,,
01519-4503-3.zip,202602101146,利尻郡利尻富士町鴛泊字富士岬,24,,
01519-4503-3.zip,202602101146,利尻郡利尻富士町鴛泊字富士岬,27,,
01519-4503-3.zip,202602101146,利尻郡利尻富士町鴛泊字富士岬,23,,
01519-4503-3.zip,202602101146,利尻郡利尻富士町鴛泊字富士岬,20,,
01519-4503-3.zip,202602101146,利尻郡利尻富士町鴛泊字富士岬,19,,
01519-4503-3.zip,202602101146,利尻郡利尻富士町鴛泊字富士岬,41,,
01519-4503-3.zip,202602101146,利尻郡利尻富士町鴛泊字富士岬,37,,
01519-4503-3.zip,202602101146,利尻郡利尻富士町鴛泊字富士岬,36,,
01519-4503-3.zip,202602101146,利尻郡利尻富士町鴛泊字富士岬,40,,
01519-4503-3.zip,202602101146,利尻郡利尻富士町鴛泊字富士岬,94-5,,
01519-4503-3.zip,202602101146,利尻郡利尻富士町鴛泊字富士岬,94-2,,
01519-4503-3.zip,202602101146,利尻郡利尻富士町鴛泊字富士岬,94-4,,
01519-4503-3.zip,202602101146,利尻郡利尻富士町鴛泊字富士岬,道-36,,
01519-4503-3.zip,202602101146,利尻郡利尻富士町鴛泊字富士岬,418,,
01519-4503-3.zip,202602101146,利尻郡利尻富士町鴛泊字富士岬,67-3,,
01519-4503-3.zip,202602101146,利尻郡利尻富士町鴛泊字富士岬,67-2,,
01519-4503-3.zip,202602101146,利尻郡利尻富士町鴛泊字富士岬,68-2,,
01519-4503-3.zip,202602101146,利尻郡利尻富士町鴛泊字富士岬,90-1,,
01519-4503-3.zip,202602101146,利尻郡利尻富士町鴛泊字富士岬,68-1,,
01519-4503-3.zip,202602101146,利尻郡利尻富士町鴛泊字富士岬,67-1,,
01519-4503-3.zip,202602101146,利尻郡利尻富士町鴛泊字富士岬,68-3,,
01519-4503-3.zip,202602101146,利尻郡利尻富士町鴛泊字富士岬,91-1,,
01519-4503-3.zip,202602101146,利尻郡利尻富士町鴛泊字富士岬,92-1,,
01519-4503-3.zip,202602101146,利尻郡利尻富士町鴛泊字富士岬,93-1,,
01519-4503-3.zip,202602101146,利尻郡利尻富士町鴛泊字富士岬,93-2,,
01519-4503-3.zip,202602101146,利尻郡利尻富士町鴛泊字富士岬,92-2,,
01519-4503-3.zip,202602101146,利尻郡利尻富士町鴛泊字富士岬,94-6,,
01519-4503-3.zip,202602101146,利尻郡利尻富士町鴛泊字富士岬,91-5,,
01519-4503-3.zip,202602101146,利尻郡利尻富士町鴛泊字富士岬,91-3,,
01519-4503-3.zip,202602101146,利尻郡利尻富士町鴛泊字富士岬,90-3,,
01519-4503-3.zip,202602101146,利尻郡利尻富士町鴛泊字富士岬,90-2,,
01519-4503-3.zip,202602101146,利尻郡利尻富士町鴛泊字富士岬,91-4,,
01519-4503-3.zip,202602101146,利尻郡利尻富士町鴛泊字富士岬,92-3,,
01519-4503-3.zip,202602101146,利尻郡利尻富士町鴛泊字富士岬,91-2,,
01519-4503-3.zip,202602101146,利尻郡利尻富士町鴛泊字富士岬,91-6,,
01519-4503-3.zip,202602101146,利尻郡利尻富士町鴛泊字富士岬,93-3,,
01519-4503-3.zip,202602101146,利尻郡利尻富士町鴛泊字富士岬,長狭物不明-25,,
01519-4503-3.zip,202602101146,利尻郡利尻富士町鴛泊字富士岬,道-37,,
01519-4503-3.zip,202602101146,利尻郡利尻富士町鴛泊字富士岬,419,,
01519-4503-3.zip,202602101146,利尻郡利尻富士町鴛泊字富士岬,69-4,,
01519-4503-3.zip,202602101146,利尻郡利尻富士町鴛泊字富士岬,69-3,,
01519-4503-3.zip,202602101146,利尻郡利尻富士町鴛泊字富士岬,445,,
01519-4503-3.zip,202602101146,利尻郡利尻富士町鴛泊字富士岬,89-2,,
01519-4503-3.zip,202602101146,利尻郡利尻富士町鴛泊字富士岬,96-2,,
01519-4503-3.zip,202602101146,利尻郡利尻富士町鴛泊字富士岬,95-2,,
01519-4503-3.zip,202602101146,利尻郡利尻富士町鴛泊字富士岬,107,,
01519-4503-3.zip,202602101146,利尻郡利尻富士町鴛泊字富士岬,104,,
01519-4503-3.zip,202602101146,利尻郡利尻富士町鴛泊字富士岬,106-1,,
01519-4503-3.zip,202602101146,利尻郡利尻富士町鴛泊字富士岬,95-1,,
01519-4503-3.zip,202602101146,利尻郡利尻富士町鴛泊字富士岬,105,,
01519-4503-3.zip,202602101146,利尻郡利尻富士町鴛泊字富士岬,96-1,,
01519-4503-3.zip,202602101146,利尻郡利尻富士町鴛泊字富士岬,100,,
01519-4503-3.zip,202602101146,利尻郡利尻富士町鴛泊字富士岬,106-2,,
01519-4503-3.zip,202602101146,利尻郡利尻富士町鴛泊字富士岬,96-3,,
01519-4503-3.zip,202602101146,利尻郡利尻富士町鴛泊字富士岬,95-3,,
01519-4503-3.zip,202602101146,利尻郡利尻富士町鴛泊字富士岬,89-1,,
01519-4503-3.zip,202602101146,利尻郡利尻富士町鴛泊字富士岬,69-1,,
01519-4503-3.zip,202602101146,利尻郡利尻富士町鴛泊字富士岬,71,,
01519-4503-3.zip,202602101146,利尻郡利尻富士町鴛泊字富士岬,69-2,,
01519-4503-3.zip,202602101146,利尻郡利尻富士町鴛泊字富士岬,79,,
01519-4503-3.zip,202602101146,利尻郡利尻富士町鴛泊字富士岬,76,,
01519-4503-3.zip,202602101146,利尻郡利尻富士町鴛泊字富士岬,75,,
01519-4503-3.zip,202602101146,利尻郡利尻富士町鴛泊字富士岬,73,,
01519-4503-3.zip,202602101146,利尻郡利尻富士町鴛泊字富士岬,77,,
01519-4503-3.zip,202602101146,利尻郡利尻富士町鴛泊字富士岬,74-2,,
01519-4503-3.zip,202602101146,利尻郡利尻富士町鴛泊字富士岬,78-2,,
01519-4503-3.zip,202602101146,利尻郡利尻富士町鴛泊字富士岬,78-1,,
01519-4503-3.zip,202602101146,利尻郡利尻富士町鴛泊字富士岬,74-1,,
01519-4503-3.zip,202602101146,利尻郡利尻富士町鴛泊字富士岬,82,,
01519-4503-3.zip,202602101146,利尻郡利尻富士町鴛泊字富士岬,83,,
01519-4503-3.zip,202602101146,利尻郡利尻富士町鴛泊字富士岬,長狭物不明-26,,
01519-4503-3.zip,202602101146,利尻郡利尻富士町鴛泊字富士岬,80,,
01519-4503-3.zip,202602101146,利尻郡利尻富士町鴛泊字富士岬,81-1,,
01519-4503-3.zip,202602101146,利尻郡利尻富士町鴛泊字富士岬,81-2,,
01519-4503-3.zip,202602101146,利尻郡利尻富士町鴛泊字富士岬,84,,
01519-4503-3.zip,202602101146,利尻郡利尻富士町鴛泊字富士岬,101,,
01519-4503-3.zip,202602101146,利尻郡利尻富士町鴛泊字富士岬,103,,
01519-4503-3.zip,202602101146,利尻郡利尻富士町鴛泊字富士岬,102,,
01519-4503-3.zip,202602101146,利尻郡利尻富士町鴛泊字富士岬,372,,
01519-4503-3.zip,202602101146,利尻郡利尻富士町鴛泊字富士岬,374,,
01519-4503-3.zip,202602101146,利尻郡利尻富士町鴛泊字富士岬,369,,
01519-4503-3.zip,202602101146,利尻郡利尻富士町鴛泊字富士岬,101-2,,
01519-4503-3.zip,202602101146,利尻郡利尻富士町鴛泊字富士岬,371,,
01519-4503-3.zip,202602101146,利尻郡利尻富士町鴛泊字富士岬,370,,
01519-4503-3.zip,202602101146,利尻郡利尻富士町鴛泊字富士岬,125-2,,
01519-4503-3.zip,202602101146,利尻郡利尻富士町鴛泊字富士岬,164-1,,
01519-4503-3.zip,202602101146,利尻郡利尻富士町鴛泊字富士岬,163,,
01519-4503-3.zip,202602101146,利尻郡利尻富士町鴛泊字富士岬,126,,
01519-4503-3.zip,202602101146,利尻郡利尻富士町鴛泊字富士岬,125,,
01519-4503-3.zip,202602101146,利尻郡利尻富士町鴛泊字富士岬,124,,
01519-4503-3.zip,202602101146,利尻郡利尻富士町鴛泊字富士岬,道-38,,
01519-4503-3.zip,202602101146,利尻郡利尻富士町鴛泊字富士岬,160-2,,
01519-4503-3.zip,202602101146,利尻郡利尻富士町鴛泊字富士岬,165-1,,
01519-4503-3.zip,202602101146,利尻郡利尻富士町鴛泊字富士岬,128,,
01519-4503-3.zip,202602101146,利尻郡利尻富士町鴛泊字富士岬,127,,
01519-4503-3.zip,202602101146,利尻郡利尻富士町鴛泊字富士岬,160-1,,
01519-4503-3.zip,202602101146,利尻郡利尻富士町鴛泊字富士岬,131-1,,
01519-4503-3.zip,202602101146,利尻郡利尻富士町鴛泊字富士岬,131-2,,
01519-4503-3.zip,202602101146,利尻郡利尻富士町鴛泊字富士岬,441,,
01519-4503-3.zip,202602101146,利尻郡利尻富士町鴛泊字富士岬,132-2,,
01519-4503-3.zip,202602101146,利尻郡利尻富士町鴛泊字富士岬,109-4,,
01519-4503-3.zip,202602101146,利尻郡利尻富士町鴛泊字富士岬,109-8,,
01519-4503-3.zip,202602101146,利尻郡利尻富士町鴛泊字富士岬,109-5,,
01519-4503-3.zip,202602101146,利尻郡利尻富士町鴛泊字富士岬,108-2,,
01519-4503-3.zip,202602101146,利尻郡利尻富士町鴛泊字富士岬,108-5,,
01519-4503-3.zip,202602101146,利尻郡利尻富士町鴛泊字富士岬,108-3,,
01519-4503-3.zip,202602101146,利尻郡利尻富士町鴛泊字富士岬,108-6,,
01519-4503-3.zip,202602101146,利尻郡利尻富士町鴛泊字富士岬,117-9,,
01519-4503-3.zip,202602101146,利尻郡利尻富士町鴛泊字富士岬,117-1,,
01519-4503-3.zip,202602101146,利尻郡利尻富士町鴛泊字富士岬,117-4,,
01519-4503-3.zip,202602101146,利尻郡利尻富士町鴛泊字富士岬,117-10,,
01519-4503-3.zip,202602101146,利尻郡利尻富士町鴛泊字富士岬,117-2,,
01519-4503-3.zip,202602101146,利尻郡利尻富士町鴛泊字富士岬,117-3,,
01519-4503-3.zip,202602101146,利尻郡利尻富士町鴛泊字富士岬,117-5,,
01519-4503-3.zip,202602101146,利尻郡利尻富士町鴛泊字富士岬,117-6,,
01519-4503-3.zip,202602101146,利尻郡利尻富士町鴛泊字富士岬,117-7,,
01519-4503-3.zip,202602101146,利尻郡利尻富士町鴛泊字富士岬,117-8,,
01519-4503-3.zip,202602101146,利尻郡利尻富士町鴛泊字富士岬,129,,
01519-4503-3.zip,202602101146,利尻郡利尻富士町鴛泊字富士岬,130,,
01519-4503-3.zip,202602101146,利尻郡利尻富士町鴛泊字富士岬,166-1,,
01519-4503-3.zip,202602101146,利尻郡利尻富士町鴛泊字富士岬,166-6,,
01519-4503-3.zip,202602101146,利尻郡利尻富士町鴛泊字富士岬,162,,
01519-4503-3.zip,202602101146,利尻郡利尻富士町鴛泊字富士岬,161-2,,
01519-4503-3.zip,202602101146,利尻郡利尻富士町鴛泊字富士岬,161-1,,
01519-4503-3.zip,202602101146,利尻郡利尻富士町鴛泊字富士岬,166-3,,
01519-4503-3.zip,202602101146,利尻郡利尻富士町鴛泊字富士岬,164-3,,
01519-4503-3.zip,202602101146,利尻郡利尻富士町鴛泊字富士岬,165-2,,
01519-4503-3.zip,202602101146,利尻郡利尻富士町鴛泊字富士岬,165-3,,
01519-4503-3.zip,202602101146,利尻郡利尻富士町鴛泊字富士岬,166-4,,
01519-4503-3.zip,202602101146,利尻郡利尻富士町鴛泊字富士岬,166-5,,
01519-4503-3.zip,202602101146,利尻郡利尻富士町鴛泊字富士岬,166-2,,
01519-4503-3.zip,202602101146,利尻郡利尻富士町鴛泊字富士岬,164-2,,
01519-4503-3.zip,202602101146,利尻郡利尻富士町鴛泊字富士岬,132-1,,
01519-4503-3.zip,202602101146,利尻郡利尻富士町鴛泊字富士岬,108-7,,
01519-4503-3.zip,202602101146,利尻郡利尻富士町鴛泊字富士岬,108-1,,
01519-4503-3.zip,202602101146,利尻郡利尻富士町鴛泊字富士岬,109-1,,
01519-4503-3.zip,202602101146,利尻郡利尻富士町鴛泊字富士岬,108-4,,
01519-4503-3.zip,202602101146,利尻郡利尻富士町鴛泊字富士岬,109-3,,
01519-4503-3.zip,202602101146,利尻郡利尻富士町鴛泊字富士岬,109-7,,
01519-4503-3.zip,202602101146,利尻郡利尻富士町鴛泊字富士岬,109-6,,
01519-4503-3.zip,202602101146,利尻郡利尻富士町鴛泊字富士岬,109-2,,
01519-4503-3.zip,202602101146,利尻郡利尻富士町鴛泊字富士岬,377-1,,
01519-4503-3.zip,202602101146,利尻郡利尻富士町鴛泊字富士岬,377-2,,
01519-4503-3.zip,202602101146,利尻郡利尻富士町鴛泊字富士岬,376,,
01519-4503-3.zip,202602101146,利尻郡利尻富士町鴛泊字富士岬,道-39,,
01519-4503-3.zip,202602101146,利尻郡利尻富士町鴛泊字富士岬,道-40,,
01519-4503-3.zip,202602101146,利尻郡利尻富士町鴛泊字富士岬,307,,
01519-4503-3.zip,202602101146,利尻郡利尻富士町鴛泊字富士岬,141,,
01519-4503-3.zip,202602101146,利尻郡利尻富士町鴛泊字富士岬,140,,
01519-4503-3.zip,202602101146,利尻郡利尻富士町鴛泊字富士岬,139,,
01519-4503-3.zip,202602101146,利尻郡利尻富士町鴛泊字富士岬,444,,
01519-4503-3.zip,202602101146,利尻郡利尻富士町鴛泊字富士岬,138-2,,
01519-4503-3.zip,202602101146,利尻郡利尻富士町鴛泊字富士岬,443,,
01519-4503-3.zip,202602101146,利尻郡利尻富士町鴛泊字富士岬,159-2,,
01519-4503-3.zip,202602101146,利尻郡利尻富士町鴛泊字富士岬,442,,
01519-4503-3.zip,202602101146,利尻郡利尻富士町鴛泊字富士岬,134-2,,
01519-4503-3.zip,202602101146,利尻郡利尻富士町鴛泊字富士岬,135-2,,
01519-4503-3.zip,202602101146,利尻郡利尻富士町鴛泊字富士岬,136-3,,
01519-4503-3.zip,202602101146,利尻郡利尻富士町鴛泊字富士岬,167-8,,
01519-4503-3.zip,202602101146,利尻郡利尻富士町鴛泊字富士岬,道-41,,
01519-4503-3.zip,202602101146,利尻郡利尻富士町鴛泊字富士岬,167-3,,
01519-4503-3.zip,202602101146,利尻郡利尻富士町鴛泊字富士岬,167-1,,
01519-4503-3.zip,202602101146,利尻郡利尻富士町鴛泊字富士岬,167-2,,
01519-4503-3.zip,202602101146,利尻郡利尻富士町鴛泊字富士岬,167-7,,
01519-4503-3.zip,202602101146,利尻郡利尻富士町鴛泊字富士岬,167-4,,
01519-4503-3.zip,202602101146,利尻郡利尻富士町鴛泊字富士岬,167-5,,
01519-4503-3.zip,202602101146,利尻郡利尻富士町鴛泊字富士岬,159-1,,
01519-4503-3.zip,202602101146,利尻郡利尻富士町鴛泊字富士岬,158-1,,
01519-4503-3.zip,202602101146,利尻郡利尻富士町鴛泊字富士岬,158-2,,
01519-4503-3.zip,202602101146,利尻郡利尻富士町鴛泊字富士岬,154,,
01519-4503-3.zip,202602101146,利尻郡利尻富士町鴛泊字富士岬,157,,
01519-4503-3.zip,202602101146,利尻郡利尻富士町鴛泊字富士岬,167-6,,
01519-4503-3.zip,202602101146,利尻郡利尻富士町鴛泊字富士岬,156,,
01519-4503-3.zip,202602101146,利尻郡利尻富士町鴛泊字富士岬,153,,
01519-4503-3.zip,202602101146,利尻郡利尻富士町鴛泊字富士岬,152,,
01519-4503-3.zip,202602101146,利尻郡利尻富士町鴛泊字富士岬,151,,
01519-4503-3.zip,202602101146,利尻郡利尻富士町鴛泊字富士岬,138-1,,
01519-4503-3.zip,202602101146,利尻郡利尻富士町鴛泊字富士岬,137,,
01519-4503-3.zip,202602101146,利尻郡利尻富士町鴛泊字富士岬,135-1,,
01519-4503-3.zip,202602101146,利尻郡利尻富士町鴛泊字富士岬,136-4,,
01519-4503-3.zip,202602101146,利尻郡利尻富士町鴛泊字富士岬,135-3,,
01519-4503-3.zip,202602101146,利尻郡利尻富士町鴛泊字富士岬,133-3,,
01519-4503-3.zip,202602101146,利尻郡利尻富士町鴛泊字富士岬,133-1,,
01519-4503-3.zip,202602101146,利尻郡利尻富士町鴛泊字富士岬,133-2,,
01519-4503-3.zip,202602101146,利尻郡利尻富士町鴛泊字富士岬,134-3,,
01519-4503-3.zip,202602101146,利尻郡利尻富士町鴛泊字富士岬,136-6,,
01519-4503-3.zip,202602101146,利尻郡利尻富士町鴛泊字富士岬,136-5,,
01519-4503-3.zip,202602101146,利尻郡利尻富士町鴛泊字富士岬,138-3,,
01519-4503-3.zip,202602101146,利尻郡利尻富士町鴛泊字富士岬,134-1,,
01519-4503-3.zip,202602101146,利尻郡利尻富士町鴛泊字富士岬,136-1,,
01519-4503-3.zip,202602101146,利尻郡利尻富士町鴛泊字富士岬,136-2,,
01519-4503-3.zip,202602101146,利尻郡利尻富士町鴛泊字富士岬,176-8,,
01519-4503-3.zip,202602101146,利尻郡利尻富士町鴛泊字富士岬,229,,
01519-4503-3.zip,202602101146,利尻郡利尻富士町鴛泊字富士岬,188,,
01519-4503-3.zip,202602101146,利尻郡利尻富士町鴛泊字富士岬,187,,
01519-4503-3.zip,202602101146,利尻郡利尻富士町鴛泊字富士岬,186,,
01519-4503-3.zip,202602101146,利尻郡利尻富士町鴛泊字富士岬,218-2,,
01519-4503-3.zip,202602101146,利尻郡利尻富士町鴛泊字富士岬,440,,
01519-4503-3.zip,202602101146,利尻郡利尻富士町鴛泊字富士岬,217-2,,
01519-4503-3.zip,202602101146,利尻郡利尻富士町鴛泊字富士岬,210-2,,
01519-4503-3.zip,202602101146,利尻郡利尻富士町鴛泊字富士岬,209-2,,
01519-4503-3.zip,202602101146,利尻郡利尻富士町鴛泊字富士岬,193,,
01519-4503-3.zip,202602101146,利尻郡利尻富士町鴛泊字富士岬,439,,
01519-4503-3.zip,202602101146,利尻郡利尻富士町鴛泊字富士岬,179-2,,
01519-4503-3.zip,202602101146,利尻郡利尻富士町鴛泊字富士岬,179-3,,
01519-4503-3.zip,202602101146,利尻郡利尻富士町鴛泊字富士岬,178,,
01519-4503-3.zip,202602101146,利尻郡利尻富士町鴛泊字富士岬,177-3,,
01519-4503-3.zip,202602101146,利尻郡利尻富士町鴛泊字富士岬,177-2,,
01519-4503-3.zip,202602101146,利尻郡利尻富士町鴛泊字富士岬,177-1,,
01519-4503-3.zip,202602101146,利尻郡利尻富士町鴛泊字富士岬,169-2,,
01519-4503-3.zip,202602101146,利尻郡利尻富士町鴛泊字富士岬,169-8,,
01519-4503-3.zip,202602101146,利尻郡利尻富士町鴛泊字富士岬,169-5,,
01519-4503-3.zip,202602101146,利尻郡利尻富士町鴛泊字富士岬,170-7,,
01519-4503-3.zip,202602101146,利尻郡利尻富士町鴛泊字富士岬,175-7,,
01519-4503-3.zip,202602101146,利尻郡利尻富士町鴛泊字富士岬,174-2,,
01519-4503-3.zip,202602101146,利尻郡利尻富士町鴛泊字富士岬,194-2,,
01519-4503-3.zip,202602101146,利尻郡利尻富士町鴛泊字富士岬,204-2,,
01519-4503-3.zip,202602101146,利尻郡利尻富士町鴛泊字富士岬,208-2,,
01519-4503-3.zip,202602101146,利尻郡利尻富士町鴛泊字富士岬,211-2,,
01519-4503-3.zip,202602101146,利尻郡利尻富士町鴛泊字富士岬,216-2,,
01519-4503-3.zip,202602101146,利尻郡利尻富士町鴛泊字富士岬,214,,
01519-4503-3.zip,202602101146,利尻郡利尻富士町鴛泊字富士岬,213,,
01519-4503-3.zip,202602101146,利尻郡利尻富士町鴛泊字富士岬,201,,
01519-4503-3.zip,202602101146,利尻郡利尻富士町鴛泊字富士岬,199-2,,
01519-4503-3.zip,202602101146,利尻郡利尻富士町鴛泊字富士岬,202,,
01519-4503-3.zip,202602101146,利尻郡利尻富士町鴛泊字富士岬,170-10,,
01519-4503-3.zip,202602101146,利尻郡利尻富士町鴛泊字富士岬,170-3,,
01519-4503-3.zip,202602101146,利尻郡利尻富士町鴛泊字富士岬,176-7,,
01519-4503-3.zip,202602101146,利尻郡利尻富士町鴛泊字富士岬,175,,
01519-4503-3.zip,202602101146,利尻郡利尻富士町鴛泊字富士岬,176-6,,
01519-4503-3.zip,202602101146,利尻郡利尻富士町鴛泊字富士岬,176-4,,
01519-4503-3.zip,202602101146,利尻郡利尻富士町鴛泊字富士岬,175-4,,
01519-4503-3.zip,202602101146,利尻郡利尻富士町鴛泊字富士岬,170,,
01519-4503-3.zip,202602101146,利尻郡利尻富士町鴛泊字富士岬,170-5,,
01519-4503-3.zip,202602101146,利尻郡利尻富士町鴛泊字富士岬,170-9,,
01519-4503-3.zip,202602101146,利尻郡利尻富士町鴛泊字富士岬,170-4,,
01519-4503-3.zip,202602101146,利尻郡利尻富士町鴛泊字富士岬,170-8,,
01519-4503-3.zip,202602101146,利尻郡利尻富士町鴛泊字富士岬,170-6,,
01519-4503-3.zip,202602101146,利尻郡利尻富士町鴛泊字富士岬,170-2,,
01519-4503-3.zip,202602101146,利尻郡利尻富士町鴛泊字富士岬,170-1,,
01519-4503-3.zip,202602101146,利尻郡利尻富士町鴛泊字富士岬,175-6,,
01519-4503-3.zip,202602101146,利尻郡利尻富士町鴛泊字富士岬,176-3,,
01519-4503-3.zip,202602101146,利尻郡利尻富士町鴛泊字富士岬,174-1,,
01519-4503-3.zip,202602101146,利尻郡利尻富士町鴛泊字富士岬,196-2,,
01519-4503-3.zip,202602101146,利尻郡利尻富士町鴛泊字富士岬,194-1,,
01519-4503-3.zip,202602101146,利尻郡利尻富士町鴛泊字富士岬,176-2,,
01519-4503-3.zip,202602101146,利尻郡利尻富士町鴛泊字富士岬,175-8,,
01519-4503-3.zip,202602101146,利尻郡利尻富士町鴛泊字富士岬,175-5,,
01519-4503-3.zip,202602101146,利尻郡利尻富士町鴛泊字富士岬,176-1,,
01519-4503-3.zip,202602101146,利尻郡利尻富士町鴛泊字富士岬,175-2,,
01519-4503-3.zip,202602101146,利尻郡利尻富士町鴛泊字富士岬,175-3,,
01519-4503-3.zip,202602101146,利尻郡利尻富士町鴛泊字富士岬,196-1,,
01519-4503-3.zip,202602101146,利尻郡利尻富士町鴛泊字富士岬,196-3,,
01519-4503-3.zip,202602101146,利尻郡利尻富士町鴛泊字富士岬,195-1,,
01519-4503-3.zip,202602101146,利尻郡利尻富士町鴛泊字富士岬,195-3,,
01519-4503-3.zip,202602101146,利尻郡利尻富士町鴛泊字富士岬,194-3,,
01519-4503-3.zip,202602101146,利尻郡利尻富士町鴛泊字富士岬,195-2,,
01519-4503-3.zip,202602101146,利尻郡利尻富士町鴛泊字富士岬,199-1,,
01519-4503-3.zip,202602101146,利尻郡利尻富士町鴛泊字富士岬,208-1,,
01519-4503-3.zip,202602101146,利尻郡利尻富士町鴛泊字富士岬,215,,
01519-4503-3.zip,202602101146,利尻郡利尻富士町鴛泊字富士岬,208-3,,
01519-4503-3.zip,202602101146,利尻郡利尻富士町鴛泊字富士岬,204-3,,
01519-4503-3.zip,202602101146,利尻郡利尻富士町鴛泊字富士岬,204-1,,
01519-4503-3.zip,202602101146,利尻郡利尻富士町鴛泊字富士岬,205,,
01519-4503-3.zip,202602101146,利尻郡利尻富士町鴛泊字富士岬,216-1,,
01519-4503-3.zip,202602101146,利尻郡利尻富士町鴛泊字富士岬,道-42,,
01519-4503-3.zip,202602101146,利尻郡利尻富士町鴛泊字富士岬,182,,
01519-4503-3.zip,202602101146,利尻郡利尻富士町鴛泊字富士岬,180,,
01519-4503-3.zip,202602101146,利尻郡利尻富士町鴛泊字富士岬,179-1,,
01519-4503-3.zip,202602101146,利尻郡利尻富士町鴛泊字富士岬,181,,
01519-4503-3.zip,202602101146,利尻郡利尻富士町鴛泊字富士岬,169,,
01519-4503-3.zip,202602101146,利尻郡利尻富士町鴛泊字富士岬,169-7,,
01519-4503-3.zip,202602101146,利尻郡利尻富士町鴛泊字富士岬,169-3,,
01519-4503-3.zip,202602101146,利尻郡利尻富士町鴛泊字富士岬,169-4,,
01519-4503-3.zip,202602101146,利尻郡利尻富士町鴛泊字富士岬,169-6,,
01519-4503-3.zip,202602101146,利尻郡利尻富士町鴛泊字富士岬,184,,
01519-4503-3.zip,202602101146,利尻郡利尻富士町鴛泊字富士岬,190,,
01519-4503-3.zip,202602101146,利尻郡利尻富士町鴛泊字富士岬,185,,
01519-4503-3.zip,202602101146,利尻郡利尻富士町鴛泊字富士岬,183,,
01519-4503-3.zip,202602101146,利尻郡利尻富士町鴛泊字富士岬,155,,
01519-4503-3.zip,202602101146,利尻郡利尻富士町鴛泊字富士岬,189,,
01519-4503-3.zip,202602101146,利尻郡利尻富士町鴛泊字富士岬,217-1,,
01519-4503-3.zip,202602101146,利尻郡利尻富士町鴛泊字富士岬,210-1,,
01519-4503-3.zip,202602101146,利尻郡利尻富士町鴛泊字富士岬,209-1,,
01519-4503-3.zip,202602101146,利尻郡利尻富士町鴛泊字富士岬,203-1,,
01519-4503-3.zip,202602101146,利尻郡利尻富士町鴛泊字富士岬,203-2,,
01519-4503-3.zip,202602101146,利尻郡利尻富士町鴛泊字富士岬,209-3,,
01519-4503-3.zip,202602101146,利尻郡利尻富士町鴛泊字富士岬,210-3,,
01519-4503-3.zip,202602101146,利尻郡利尻富士町鴛泊字富士岬,203-3,,
01519-4503-3.zip,202602101146,利尻郡利尻富士町鴛泊字富士岬,218-1,,
01519-4503-3.zip,202602101146,利尻郡利尻富士町鴛泊字富士岬,228-1,,
01519-4503-3.zip,202602101146,利尻郡利尻富士町鴛泊字富士岬,228-4,,
01519-4503-3.zip,202602101146,利尻郡利尻富士町鴛泊字富士岬,228-3,,
01519-4503-3.zip,202602101146,利尻郡利尻富士町鴛泊字富士岬,228-2,,
01519-4503-3.zip,202602101146,利尻郡利尻富士町鴛泊字富士岬,169-1,,
01519-4503-3.zip,202602101146,利尻郡利尻富士町鴛泊字富士岬,212,,
01519-4503-3.zip,202602101146,利尻郡利尻富士町鴛泊字富士岬,211-1,,
01519-4503-3.zip,202602101146,利尻郡利尻富士町鴛泊字富士岬,176-5,,
01519-4503-3.zip,202602101146,利尻郡利尻富士町鴛泊字富士岬,175-1,,
01519-4503-3.zip,202602101146,利尻郡利尻富士町鴛泊字富士岬,249-4,,
01519-4503-3.zip,202602101146,利尻郡利尻富士町鴛泊字富士岬,435W1,,
01519-4503-3.zip,202602101146,利尻郡利尻富士町鴛泊字富士岬,249-3,,
01519-4503-3.zip,202602101146,利尻郡利尻富士町鴛泊字富士岬,438,,
01519-4503-3.zip,202602101146,利尻郡利尻富士町鴛泊字富士岬,241-2,,
01519-4503-3.zip,202602101146,利尻郡利尻富士町鴛泊字富士岬,237-1,,
01519-4503-3.zip,202602101146,利尻郡利尻富士町鴛泊字富士岬,236-2,,
01519-4503-3.zip,202602101146,利尻郡利尻富士町鴛泊字富士岬,236-1,,
01519-4503-3.zip,202602101146,利尻郡利尻富士町鴛泊字富士岬,231-16,,
01519-4503-3.zip,202602101146,利尻郡利尻富士町鴛泊字富士岬,231-1,,
01519-4503-3.zip,202602101146,利尻郡利尻富士町鴛泊字富士岬,231-11,,
01519-4503-3.zip,202602101146,利尻郡利尻富士町鴛泊字富士岬,231-6,,
01519-4503-3.zip,202602101146,利尻郡利尻富士町鴛泊字富士岬,231-17,,
01519-4503-3.zip,202602101146,利尻郡利尻富士町鴛泊字富士岬,231-7,,
01519-4503-3.zip,202602101146,利尻郡利尻富士町鴛泊字富士岬,231-18,,
01519-4503-3.zip,202602101146,利尻郡利尻富士町鴛泊字富士岬,231-8,,
01519-4503-3.zip,202602101146,利尻郡利尻富士町鴛泊字富士岬,231-19,,
01519-4503-3.zip,202602101146,利尻郡利尻富士町鴛泊字富士岬,231-9,,
01519-4503-3.zip,202602101146,利尻郡利尻富士町鴛泊字富士岬,231-10,,
01519-4503-3.zip,202602101146,利尻郡利尻富士町鴛泊字富士岬,240-18,,
01519-4503-3.zip,202602101146,利尻郡利尻富士町鴛泊字富士岬,230-2,,
01519-4503-3.zip,202602101146,利尻郡利尻富士町鴛泊字富士岬,437,,
01519-4503-3.zip,202602101146,利尻郡利尻富士町鴛泊字富士岬,219-2,,
01519-4503-3.zip,202602101146,利尻郡利尻富士町鴛泊字富士岬,227-2,,
01519-4503-3.zip,202602101146,利尻郡利尻富士町鴛泊字富士岬,436,,
01519-4503-3.zip,202602101146,利尻郡利尻富士町鴛泊字富士岬,220,,
01519-4503-3.zip,202602101146,利尻郡利尻富士町鴛泊字富士岬,221,,
01519-4503-3.zip,202602101146,利尻郡利尻富士町鴛泊字富士岬,222-2,,
01519-4503-3.zip,202602101146,利尻郡利尻富士町鴛泊字富士岬,226-4,,
01519-4503-3.zip,202602101146,利尻郡利尻富士町鴛泊字富士岬,219-3,,
01519-4503-3.zip,202602101146,利尻郡利尻富士町鴛泊字富士岬,225,,
01519-4503-3.zip,202602101146,利尻郡利尻富士町鴛泊字富士岬,223,,
01519-4503-3.zip,202602101146,利尻郡利尻富士町鴛泊字富士岬,道-43,,
01519-4503-3.zip,202602101146,利尻郡利尻富士町鴛泊字富士岬,235,,
01519-4503-3.zip,202602101146,利尻郡利尻富士町鴛泊字富士岬,234,,
01519-4503-3.zip,202602101146,利尻郡利尻富士町鴛泊字富士岬,233,,
01519-4503-3.zip,202602101146,利尻郡利尻富士町鴛泊字富士岬,232,,
01519-4503-3.zip,202602101146,利尻郡利尻富士町鴛泊字富士岬,237-2,,
01519-4503-3.zip,202602101146,利尻郡利尻富士町鴛泊字富士岬,249-1,,
01519-4503-3.zip,202602101146,利尻郡利尻富士町鴛泊字富士岬,237-3,,
01519-4503-3.zip,202602101146,利尻郡利尻富士町鴛泊字富士岬,224,,
01519-4503-3.zip,202602101146,利尻郡利尻富士町鴛泊字富士岬,226-2,,
01519-4503-3.zip,202602101146,利尻郡利尻富士町鴛泊字富士岬,226-1,,
01519-4503-3.zip,202602101146,利尻郡利尻富士町鴛泊字富士岬,222-1,,
01519-4503-3.zip,202602101146,利尻郡利尻富士町鴛泊字富士岬,219-1,,
01519-4503-3.zip,202602101146,利尻郡利尻富士町鴛泊字富士岬,227-1,,
01519-4503-3.zip,202602101146,利尻郡利尻富士町鴛泊字富士岬,226-3,,
01519-4503-3.zip,202602101146,利尻郡利尻富士町鴛泊字富士岬,227-3,,
01519-4503-3.zip,202602101146,利尻郡利尻富士町鴛泊字富士岬,231-12,,
01519-4503-3.zip,202602101146,利尻郡利尻富士町鴛泊字富士岬,231-5,,
01519-4503-3.zip,202602101146,利尻郡利尻富士町鴛泊字富士岬,231-4,,
01519-4503-3.zip,202602101146,利尻郡利尻富士町鴛泊字富士岬,231-3,,
01519-4503-3.zip,202602101146,利尻郡利尻富士町鴛泊字富士岬,231-2,,
01519-4503-3.zip,202602101146,利尻郡利尻富士町鴛泊字富士岬,231-15,,
01519-4503-3.zip,202602101146,利尻郡利尻富士町鴛泊字富士岬,249-2,,
01519-4503-3.zip,202602101146,利尻郡利尻富士町鴛泊字富士岬,241-1,,
01519-4503-3.zip,202602101146,利尻郡利尻富士町鴛泊字富士岬,243,,
01519-4503-3.zip,202602101146,利尻郡利尻富士町鴛泊字富士岬,道-44,,
01519-4503-3.zip,202602101146,利尻郡利尻富士町鴛泊字富士岬,242-9,,
01519-4503-3.zip,202602101146,利尻郡利尻富士町鴛泊字富士岬,242-10,,
01519-4503-3.zip,202602101146,利尻郡利尻富士町鴛泊字富士岬,230-1,,
01519-4503-3.zip,202602101146,利尻郡利尻富士町鴛泊字富士岬,240-1,,
01519-4503-3.zip,202602101146,利尻郡利尻富士町鴛泊字富士岬,242-5,,
01519-4503-3.zip,202602101146,利尻郡利尻富士町鴛泊字富士岬,242-1,,
01519-4503-3.zip,202602101146,利尻郡利尻富士町鴛泊字富士岬,241-3,,
01519-4503-3.zip,202602101146,利尻郡利尻富士町鴛泊字富士岬,240-10,,
01519-4503-3.zip,202602101146,利尻郡利尻富士町鴛泊字富士岬,240-8,,
01519-4503-3.zip,202602101146,利尻郡利尻富士町鴛泊字富士岬,240-17,,
01519-4503-3.zip,202602101146,利尻郡利尻富士町鴛泊字富士岬,240-9,,
01519-4503-3.zip,202602101146,利尻郡利尻富士町鴛泊字富士岬,230-3,,
01519-4503-3.zip,202602101146,利尻郡利尻富士町鴛泊字富士岬,240-7,,
01519-4503-3.zip,202602101146,利尻郡利尻富士町鴛泊字富士岬,240-16,,
01519-4503-3.zip,202602101146,利尻郡利尻富士町鴛泊字富士岬,240-15,,
01519-4503-3.zip,202602101146,利尻郡利尻富士町鴛泊字富士岬,240-5,,
01519-4503-3.zip,202602101146,利尻郡利尻富士町鴛泊字富士岬,240-6,,
01519-4503-3.zip,202602101146,利尻郡利尻富士町鴛泊字富士岬,240-14,,
01519-4503-3.zip,202602101146,利尻郡利尻富士町鴛泊字富士岬,240-13,,
01519-4503-3.zip,202602101146,利尻郡利尻富士町鴛泊字富士岬,240-3,,
01519-4503-3.zip,202602101146,利尻郡利尻富士町鴛泊字富士岬,240-4,,
01519-4503-3.zip,202602101146,利尻郡利尻富士町鴛泊字富士岬,240-12,,
01519-4503-3.zip,202602101146,利尻郡利尻富士町鴛泊字富士岬,240-11,,
01519-4503-3.zip,202602101146,利尻郡利尻富士町鴛泊字富士岬,240-2,,
01519-4503-3.zip,202602101146,利尻郡利尻富士町鴛泊字富士岬,242-8,,
01519-4503-3.zip,202602101146,利尻郡利尻富士町鴛泊字富士岬,242-7,,
01519-4503-3.zip,202602101146,利尻郡利尻富士町鴛泊字富士岬,242-6,,
01519-4503-3.zip,202602101146,利尻郡利尻富士町鴛泊字富士岬,242-4,,
01519-4503-3.zip,202602101146,利尻郡利尻富士町鴛泊字富士岬,242-3,,
01519-4503-3.zip,202602101146,利尻郡利尻富士町鴛泊字富士岬,242-2,,
01519-4503-3.zip,202602101146,利尻郡利尻富士町鴛泊字富士岬,231-13,,
01519-4503-3.zip,202602101146,利尻郡利尻富士町鴛泊字富士岬,226-5,,
01519-4503-3.zip,202602101146,利尻郡利尻富士町鴛泊字富士岬,長狭物不明-27,,
01519-4503-3.zip,202602101146,利尻郡利尻富士町鴛泊字富士岬,道-45,,
01519-4503-3.zip,202602101146,利尻郡利尻富士町鴛泊字富士岬,250,,
01519-4503-3.zip,202602101146,利尻郡利尻富士町鴛泊字富士岬,255,,
01519-4503-3.zip,202602101146,利尻郡利尻富士町鴛泊字富士岬,434,,
01519-4503-3.zip,202602101146,利尻郡利尻富士町鴛泊字富士岬,256,,
01519-4503-3.zip,202602101146,利尻郡利尻富士町鴛泊字富士岬,435W2,,
01519-4503-3.zip,202602101146,利尻郡利尻富士町鴛泊字富士岬,252-1,,
01519-4503-3.zip,202602101146,利尻郡利尻富士町鴛泊字富士岬,257-1,,
01519-4503-3.zip,202602101146,利尻郡利尻富士町鴛泊字富士岬,368,,
01519-4503-3.zip,202602101146,利尻郡利尻富士町鴛泊字富士岬,375,,
01519-4503-3.zip,202602101146,利尻郡利尻富士町鴛泊字富士岬,252-2,,
01519-4503-3.zip,202602101146,利尻郡利尻富士町鴛泊字富士岬,257-2,,
01519-4503-3.zip,202602101146,利尻郡利尻富士町鴛泊字富士岬,262,,
01519-4503-3.zip,202602101146,利尻郡利尻富士町鴛泊字富士岬,261-2,,
01519-4503-3.zip,202602101146,利尻郡利尻富士町鴛泊字富士岬,263-2,,
01519-4503-3.zip,202602101146,利尻郡利尻富士町鴛泊字富士岬,264-5,,
01519-4503-3.zip,202602101146,利尻郡利尻富士町鴛泊字富士岬,433,,
01519-4503-3.zip,202602101146,利尻郡利尻富士町鴛泊字本泊,1-9,,
01519-4503-3.zip,202602101146,利尻郡利尻富士町鴛泊字本泊,1-5,,
01519-4503-3.zip,202602101146,利尻郡利尻富士町鴛泊字本泊,2,,
01519-4503-3.zip,202602101146,利尻郡利尻富士町鴛泊字本泊,1-7,,
01519-4503-3.zip,202602101146,利尻郡利尻富士町鴛泊字本泊,1-2,,
01519-4503-3.zip,202602101146,利尻郡利尻富士町鴛泊字富士岬,264-8,,
01519-4503-3.zip,202602101146,利尻郡利尻富士町鴛泊字富士岬,264-7,,
01519-4503-3.zip,202602101146,利尻郡利尻富士町鴛泊字富士岬,264-1,,
01519-4503-3.zip,202602101146,利尻郡利尻富士町鴛泊字富士岬,264-2,,
01519-4503-3.zip,202602101146,利尻郡利尻富士町鴛泊字富士岬,263-1,,
01519-4503-3.zip,202602101146,利尻郡利尻富士町鴛泊字富士岬,264-6,,
01519-4503-3.zip,202602101146,利尻郡利尻富士町鴛泊字富士岬,261-3,,
01519-4503-3.zip,202602101146,利尻郡利尻富士町鴛泊字富士岬,261-1,,
01519-4503-3.zip,202602101146,利尻郡利尻富士町鴛泊字富士岬,長狭物不明-28,,
01519-4503-3.zip,202602101146,利尻郡利尻富士町鴛泊字富士岬,266-3,,
01519-4503-3.zip,202602101146,利尻郡利尻富士町鴛泊字富士岬,260-1,,
01519-4503-3.zip,202602101146,利尻郡利尻富士町鴛泊字富士岬,267,,
01519-4503-3.zip,202602101146,利尻郡利尻富士町鴛泊字富士岬,246,,
01519-4503-3.zip,202602101146,利尻郡利尻富士町鴛泊字富士岬,245,,
01519-4503-3.zip,202602101146,利尻郡利尻富士町鴛泊字富士岬,道-46,,
01519-4503-3.zip,202602101146,利尻郡利尻富士町鴛泊字本泊,3,,
01519-4503-3.zip,202602101146,利尻郡利尻富士町鴛泊字富士岬,373,,
01519-4503-3.zip,202602101146,利尻郡利尻富士町鴛泊字富士岬,264-9,,
01519-4503-3.zip,202602101146,利尻郡利尻富士町鴛泊字富士岬,264-3,,
01519-4503-3.zip,202602101146,利尻郡利尻富士町鴛泊字富士岬,264-10,,
01519-4503-3.zip,202602101146,利尻郡利尻富士町鴛泊字富士岬,264-4,,
01519-4503-3.zip,202602101146,利尻郡利尻富士町鴛泊字富士岬,264-11,,
01519-4503-3.zip,202602101146,利尻郡利尻富士町鴛泊字本泊,1-3,,
01519-4503-3.zip,202602101146,利尻郡利尻富士町鴛泊字本泊,1-8,,
01519-4503-3.zip,202602101146,利尻郡利尻富士町鴛泊字富士岬,266-2,,
01519-4503-3.zip,202602101146,利尻郡利尻富士町鴛泊字富士岬,260-2,,
01519-4503-3.zip,202602101146,利尻郡利尻富士町鴛泊字富士岬,258-2,,
01519-4503-3.zip,202602101146,利尻郡利尻富士町鴛泊字富士岬,248-5,,
01519-4503-3.zip,202602101146,利尻郡利尻富士町鴛泊字富士岬,248-4,,
01519-4503-3.zip,202602101146,利尻郡利尻富士町鴛泊字富士岬,247-1,,
01519-4503-3.zip,202602101146,利尻郡利尻富士町鴛泊字富士岬,244,,
01519-4503-3.zip,202602101146,利尻郡利尻富士町鴛泊字富士岬,248-1,,
01519-4503-3.zip,202602101146,利尻郡利尻富士町鴛泊字富士岬,247-2,,
01519-4503-3.zip,202602101146,利尻郡利尻富士町鴛泊字富士岬,259,,
01519-4503-3.zip,202602101146,利尻郡利尻富士町鴛泊字富士岬,258-3,,
01519-4503-3.zip,202602101146,利尻郡利尻富士町鴛泊字富士岬,258-1,,
01519-4503-3.zip,202602101146,利尻郡利尻富士町鴛泊字富士岬,248-3,,
01519-4503-3.zip,202602101146,利尻郡利尻富士町鴛泊字富士岬,248-1-2,,
01519-4503-3.zip,202602101146,利尻郡利尻富士町鴛泊字富士岬,248-2,,
01519-4503-3.zip,202602101146,利尻郡利尻富士町鴛泊字富士岬,266-1,,
01519-4503-3.zip,202602101146,利尻郡利尻富士町鴛泊字本泊,1-4,,
01519-4503-3.zip,202602101146,利尻郡利尻富士町鴛泊字富士岬,263-3,,
01519-4503-3.zip,202602101146,利尻郡利尻富士町鴛泊字富士岬,道-47,,
01519-4503-3.zip,202602101146,利尻郡利尻富士町鴛泊字富士岬,277,,
01519-4503-3.zip,202602101146,利尻郡利尻富士町鴛泊字富士岬,273,,
01519-4503-3.zip,202602101146,利尻郡利尻富士町鴛泊字富士岬,長狭物不明-29,,
01519-4503-3.zip,202602101146,利尻郡利尻富士町鴛泊字富士岬,278,,
01519-4503-3.zip,202602101146,利尻郡利尻富士町鴛泊字富士岬,274,,
01519-4503-3.zip,202602101146,利尻郡利尻富士町鴛泊字富士岬,276,,
01519-4503-3.zip,202602101146,利尻郡利尻富士町鴛泊字本泊,道-48,,
01519-4503-3.zip,202602101146,利尻郡利尻富士町鴛泊字本泊,道-49,,
01519-4503-3.zip,202602101146,利尻郡利尻富士町鴛泊字本泊,1158,,
01519-4503-3.zip,202602101146,利尻郡利尻富士町鴛泊字本泊,38-3,,
01519-4503-3.zip,202602101146,利尻郡利尻富士町鴛泊字本泊,37-2,,
01519-4503-3.zip,202602101146,利尻郡利尻富士町鴛泊字本泊,31-8,,
01519-4503-3.zip,202602101146,利尻郡利尻富士町鴛泊字富士岬,268-2,,
01519-4503-3.zip,202602101146,利尻郡利尻富士町鴛泊字本泊,38-5,,
01519-4503-3.zip,202602101146,利尻郡利尻富士町鴛泊字本泊,38-1,,
01519-4503-3.zip,202602101146,利尻郡利尻富士町鴛泊字本泊,31-2,,
01519-4503-3.zip,202602101146,利尻郡利尻富士町鴛泊字本泊,38-2,,
01519-4503-3.zip,202602101146,利尻郡利尻富士町鴛泊字本泊,36-1,,
01519-4503-3.zip,202602101146,利尻郡利尻富士町鴛泊字本泊,35-2,,
01519-4503-3.zip,202602101146,利尻郡利尻富士町鴛泊字本泊,38-4,,
01519-4503-3.zip,202602101146,利尻郡利尻富士町鴛泊字本泊,37-1,,
01519-4503-3.zip,202602101146,利尻郡利尻富士町鴛泊字本泊,35-1,,
01519-4503-3.zip,202602101146,利尻郡利尻富士町鴛泊字本泊,34-1,,
01519-4503-3.zip,202602101146,利尻郡利尻富士町鴛泊字本泊,34-2,,
01519-4503-3.zip,202602101146,利尻郡利尻富士町鴛泊字本泊,31-12,,
01519-4503-3.zip,202602101146,利尻郡利尻富士町鴛泊字本泊,31-11,,
01519-4503-3.zip,202602101146,利尻郡利尻富士町鴛泊字本泊,31-5,,
01519-4503-3.zip,202602101146,利尻郡利尻富士町鴛泊字富士岬,268-3,,
01519-4503-3.zip,202602101146,利尻郡利尻富士町鴛泊字本泊,37-3,,
01519-4503-3.zip,202602101146,利尻郡利尻富士町鴛泊字本泊,36-2,,
01519-4503-3.zip,202602101146,利尻郡利尻富士町鴛泊字本泊,31-1,,
01519-4503-3.zip,202602101146,利尻郡利尻富士町鴛泊字本泊,31-9,,
01519-4503-3.zip,202602101146,利尻郡利尻富士町鴛泊字本泊,31-3,,
01519-4503-3.zip,202602101146,利尻郡利尻富士町鴛泊字本泊,31-10,,
01519-4503-3.zip,202602101146,利尻郡利尻富士町鴛泊字富士岬,268-1,,
01519-4503-3.zip,202602101146,利尻郡利尻富士町鴛泊字本泊,31-13,,
01519-4503-3.zip,202602101146,利尻郡利尻富士町鴛泊字富士岬,道-50,,
01519-4503-3.zip,202602101146,利尻郡利尻富士町鴛泊字富士岬,270,,
01519-4503-3.zip,202602101146,利尻郡利尻富士町鴛泊字本泊,31-4,,
01519-4503-3.zip,202602101146,利尻郡利尻富士町鴛泊字本泊,31-7,,
01519-4503-3.zip,202602101146,利尻郡利尻富士町鴛泊字富士岬,269,,
01519-4503-3.zip,202602101146,利尻郡利尻富士町鴛泊字本泊,31-6,,
01519-4503-3.zip,202602101146,利尻郡利尻富士町鴛泊字本泊,道-51,,
01519-4503-3.zip,202602101146,利尻郡利尻富士町鴛泊字本泊,長狭物不明-30,,
01519-4503-3.zip,202602101146,利尻郡利尻富士町鴛泊字本泊,18,,
01519-4503-3.zip,202602101146,利尻郡利尻富士町鴛泊字本泊,長狭物不明-31,,
01519-4503-3.zip,202602101146,利尻郡利尻富士町鴛泊字本泊,10-2,,
01519-4503-3.zip,202602101146,利尻郡利尻富士町鴛泊字本泊,7,,
01519-4503-3.zip,202602101146,利尻郡利尻富士町鴛泊字本泊,1-1,,
01519-4503-3.zip,202602101146,利尻郡利尻富士町鴛泊字本泊,1-10,,
01519-4503-3.zip,202602101146,利尻郡利尻富士町鴛泊字本泊,道-52,,
01519-4503-3.zip,202602101146,利尻郡利尻富士町鴛泊字本泊,1-6,,
01519-4503-3.zip,202602101146,利尻郡利尻富士町鴛泊字本泊,28-2,,
01519-4503-3.zip,202602101146,利尻郡利尻富士町鴛泊字本泊,28-1,,
01519-4503-3.zip,202602101146,利尻郡利尻富士町鴛泊字本泊,26-1,,
01519-4503-3.zip,202602101146,利尻郡利尻富士町鴛泊字本泊,29-3,,
01519-4503-3.zip,202602101146,利尻郡利尻富士町鴛泊字本泊,29-1,,
01519-4503-3.zip,202602101146,利尻郡利尻富士町鴛泊字本泊,29-2,,
01519-4503-3.zip,202602101146,利尻郡利尻富士町鴛泊字本泊,30-2,,
01519-4503-3.zip,202602101146,利尻郡利尻富士町鴛泊字本泊,30-1,,
01519-4503-3.zip,202602101146,利尻郡利尻富士町鴛泊字本泊,30-3,,
01519-4503-3.zip,202602101146,利尻郡利尻富士町鴛泊字本泊,1157,,
01519-4503-3.zip,202602101146,利尻郡利尻富士町鴛泊字本泊,26-3,,
01519-4503-3.zip,202602101146,利尻郡利尻富士町鴛泊字本泊,25-1,,
01519-4503-3.zip,202602101146,利尻郡利尻富士町鴛泊字本泊,24,,
01519-4503-3.zip,202602101146,利尻郡利尻富士町鴛泊字本泊,26-4,,
01519-4503-3.zip,202602101146,利尻郡利尻富士町鴛泊字本泊,26-5,,
01519-4503-3.zip,202602101146,利尻郡利尻富士町鴛泊字本泊,26-2,,
01519-4503-3.zip,202602101146,利尻郡利尻富士町鴛泊字本泊,25-2,,
01519-4503-3.zip,202602101146,利尻郡利尻富士町鴛泊字本泊,6,,
01519-4503-3.zip,202602101146,利尻郡利尻富士町鴛泊字本泊,17,,
01519-4503-3.zip,202602101146,利尻郡利尻富士町鴛泊字本泊,10-1,,
01519-4503-3.zip,202602101146,利尻郡利尻富士町鴛泊字本泊,5-2,,
01519-4503-3.zip,202602101146,利尻郡利尻富士町鴛泊字本泊,5-1,,
01519-4503-3.zip,202602101146,利尻郡利尻富士町鴛泊字本泊,22-4,,
01519-4503-3.zip,202602101146,利尻郡利尻富士町鴛泊字本泊,21-5,,
01519-4503-3.zip,202602101146,利尻郡利尻富士町鴛泊字本泊,21-3,,
01519-4503-3.zip,202602101146,利尻郡利尻富士町鴛泊字本泊,21-4,,
01519-4503-3.zip,202602101146,利尻郡利尻富士町鴛泊字本泊,22-6,,
01519-4503-3.zip,202602101146,利尻郡利尻富士町鴛泊字本泊,22-9,,
01519-4503-3.zip,202602101146,利尻郡利尻富士町鴛泊字本泊,21-1,,
01519-4503-3.zip,202602101146,利尻郡利尻富士町鴛泊字本泊,22-2,,
01519-4503-3.zip,202602101146,利尻郡利尻富士町鴛泊字本泊,22-1,,
01519-4503-3.zip,202602101146,利尻郡利尻富士町鴛泊字本泊,22-7,,
01519-4503-3.zip,202602101146,利尻郡利尻富士町鴛泊字本泊,22-5,,
01519-4503-3.zip,202602101146,利尻郡利尻富士町鴛泊字本泊,22-3,,
01519-4503-3.zip,202602101146,利尻郡利尻富士町鴛泊字本泊,22-8,,
01519-4503-3.zip,202602101146,利尻郡利尻富士町鴛泊字本泊,21-2,,
01519-4503-3.zip,202602101146,利尻郡利尻富士町鴛泊字本泊,19,,
01519-4503-3.zip,202602101146,利尻郡利尻富士町鴛泊字本泊,20,,
01519-4503-3.zip,202602101146,利尻郡利尻富士町鴛泊字本泊,1156,,
01519-4503-3.zip,202602101146,利尻郡利尻富士町鴛泊字本泊,道-53,,
01519-4503-3.zip,202602101146,利尻郡利尻富士町鴛泊字本泊,70-4,,
01519-4503-3.zip,202602101146,利尻郡利尻富士町鴛泊字本泊,70-3,,
01519-4503-3.zip,202602101146,利尻郡利尻富士町鴛泊字本泊,70-1,,
01519-4503-3.zip,202602101146,利尻郡利尻富士町鴛泊字本泊,70-2,,
01519-4503-3.zip,202602101146,利尻郡利尻富士町鴛泊字本泊,70-5,,
01519-4503-3.zip,202602101146,利尻郡利尻富士町鴛泊字本泊,42-15,,
01519-4503-3.zip,202602101146,利尻郡利尻富士町鴛泊字本泊,42-14,,
01519-4503-3.zip,202602101146,利尻郡利尻富士町鴛泊字本泊,道-54,,
01519-4503-3.zip,202602101146,利尻郡利尻富士町鴛泊字本泊,1147W1,,
01519-4503-3.zip,202602101146,利尻郡利尻富士町鴛泊字本泊,62-26,,
01519-4503-3.zip,202602101146,利尻郡利尻富士町鴛泊字本泊,62-14V1,,
01519-4503-3.zip,202602101146,利尻郡利尻富士町鴛泊字本泊,62-30,,
01519-4503-3.zip,202602101146,利尻郡利尻富士町鴛泊字本泊,62-22,,
01519-4503-3.zip,202602101146,利尻郡利尻富士町鴛泊字本泊,62-19,,
01519-4503-3.zip,202602101146,利尻郡利尻富士町鴛泊字本泊,62-15,,
01519-4503-3.zip,202602101146,利尻郡利尻富士町鴛泊字本泊,62-4,,
01519-4503-3.zip,202602101146,利尻郡利尻富士町鴛泊字本泊,80-1,,
01519-4503-3.zip,202602101146,利尻郡利尻富士町鴛泊字本泊,74-2,,
01519-4503-3.zip,202602101146,利尻郡利尻富士町鴛泊字本泊,74-1,,
01519-4503-3.zip,202602101146,利尻郡利尻富士町鴛泊字本泊,73-1,,
01519-4503-3.zip,202602101146,利尻郡利尻富士町鴛泊字本泊,78,,
01519-4503-3.zip,202602101146,利尻郡利尻富士町鴛泊字本泊,道-55,,
01519-4503-3.zip,202602101146,利尻郡利尻富士町鴛泊字本泊,80-2,,
01519-4503-3.zip,202602101146,利尻郡利尻富士町鴛泊字本泊,80-4,,
01519-4503-3.zip,202602101146,利尻郡利尻富士町鴛泊字本泊,80-3,,
01519-4503-3.zip,202602101146,利尻郡利尻富士町鴛泊字本泊,80-5,,
01519-4503-3.zip,202602101146,利尻郡利尻富士町鴛泊字本泊,道-56,,
01519-4503-3.zip,202602101146,利尻郡利尻富士町鴛泊字本泊,道-57,,
01519-4503-3.zip,202602101146,利尻郡利尻富士町鴛泊字本泊,道-58,,
01519-4503-3.zip,202602101146,利尻郡利尻富士町鴛泊字本泊,42-18,,
01519-4503-3.zip,202602101146,利尻郡利尻富士町鴛泊字本泊,39,,
01519-4503-3.zip,202602101146,利尻郡利尻富士町鴛泊字本泊,40,,
01519-4503-3.zip,202602101146,利尻郡利尻富士町鴛泊字本泊,41-2,,
01519-4503-3.zip,202602101146,利尻郡利尻富士町鴛泊字本泊,41-1,,
01519-4503-3.zip,202602101146,利尻郡利尻富士町鴛泊字本泊,42-3,,
01519-4503-3.zip,202602101146,利尻郡利尻富士町鴛泊字本泊,42-21,,
01519-4503-3.zip,202602101146,利尻郡利尻富士町鴛泊字本泊,42-2,,
01519-4503-3.zip,202602101146,利尻郡利尻富士町鴛泊字本泊,42-23,,
01519-4503-3.zip,202602101146,利尻郡利尻富士町鴛泊字本泊,42-13,,
01519-4503-3.zip,202602101146,利尻郡利尻富士町鴛泊字本泊,42-27,,
01519-4503-3.zip,202602101146,利尻郡利尻富士町鴛泊字本泊,42-25,,
01519-4503-3.zip,202602101146,利尻郡利尻富士町鴛泊字本泊,42-26,,
01519-4503-3.zip,202602101146,利尻郡利尻富士町鴛泊字本泊,42-24,,
01519-4503-3.zip,202602101146,利尻郡利尻富士町鴛泊字本泊,42-4,,
01519-4503-3.zip,202602101146,利尻郡利尻富士町鴛泊字本泊,42-5,,
01519-4503-3.zip,202602101146,利尻郡利尻富士町鴛泊字本泊,62-28,,
01519-4503-3.zip,202602101146,利尻郡利尻富士町鴛泊字本泊,42-6,,
01519-4503-3.zip,202602101146,利尻郡利尻富士町鴛泊字本泊,42-17,,
01519-4503-3.zip,202602101146,利尻郡利尻富士町鴛泊字本泊,42-10,,
01519-4503-3.zip,202602101146,利尻郡利尻富士町鴛泊字本泊,42-19,,
01519-4503-3.zip,202602101146,利尻郡利尻富士町鴛泊字本泊,42-8,,
01519-4503-3.zip,202602101146,利尻郡利尻富士町鴛泊字本泊,42-11,,
01519-4503-3.zip,202602101146,利尻郡利尻富士町鴛泊字本泊,42-22,,
01519-4503-3.zip,202602101146,利尻郡利尻富士町鴛泊字本泊,42-16,,
01519-4503-3.zip,202602101146,利尻郡利尻富士町鴛泊字本泊,42-1,,
01519-4503-3.zip,202602101146,利尻郡利尻富士町鴛泊字本泊,62-36,,
01519-4503-3.zip,202602101146,利尻郡利尻富士町鴛泊字本泊,62-31,,
01519-4503-3.zip,202602101146,利尻郡利尻富士町鴛泊字本泊,62-14V2,,
01519-4503-3.zip,202602101146,利尻郡利尻富士町鴛泊字本泊,62-1,,
01519-4503-3.zip,202602101146,利尻郡利尻富士町鴛泊字本泊,62-23,,
01519-4503-3.zip,202602101146,利尻郡利尻富士町鴛泊字本泊,62-13,,
01519-4503-3.zip,202602101146,利尻郡利尻富士町鴛泊字本泊,62-29,,
01519-4503-3.zip,202602101146,利尻郡利尻富士町鴛泊字本泊,62-2,,
01519-4503-3.zip,202602101146,利尻郡利尻富士町鴛泊字本泊,62-3,,
01519-4503-3.zip,202602101146,利尻郡利尻富士町鴛泊字本泊,62-12,,
01519-4503-3.zip,202602101146,利尻郡利尻富士町鴛泊字本泊,62-10,,
01519-4503-3.zip,202602101146,利尻郡利尻富士町鴛泊字本泊,62-39,,
01519-4503-3.zip,202602101146,利尻郡利尻富士町鴛泊字本泊,62-37,,
01519-4503-3.zip,202602101146,利尻郡利尻富士町鴛泊字本泊,62-38,,
01519-4503-3.zip,202602101146,利尻郡利尻富士町鴛泊字本泊,62-6,,
01519-4503-3.zip,202602101146,利尻郡利尻富士町鴛泊字本泊,62-7,,
01519-4503-3.zip,202602101146,利尻郡利尻富士町鴛泊字本泊,62-5,,
01519-4503-3.zip,202602101146,利尻郡利尻富士町鴛泊字本泊,62-8,,
01519-4503-3.zip,202602101146,利尻郡利尻富士町鴛泊字本泊,62-27,,
01519-4503-3.zip,202602101146,利尻郡利尻富士町鴛泊字本泊,62-24,,
01519-4503-3.zip,202602101146,利尻郡利尻富士町鴛泊字本泊,62-25,,
01519-4503-3.zip,202602101146,利尻郡利尻富士町鴛泊字本泊,62-9,,
01519-4503-3.zip,202602101146,利尻郡利尻富士町鴛泊字本泊,72-2,,
01519-4503-3.zip,202602101146,利尻郡利尻富士町鴛泊字本泊,73-2,,
01519-4503-3.zip,202602101146,利尻郡利尻富士町鴛泊字本泊,73-3,,
01519-4503-3.zip,202602101146,利尻郡利尻富士町鴛泊字本泊,72-1,,
01519-4503-3.zip,202602101146,利尻郡利尻富士町鴛泊字本泊,71,,
01519-4503-3.zip,202602101146,利尻郡利尻富士町鴛泊字本泊,62-21,,
01519-4503-3.zip,202602101146,利尻郡利尻富士町鴛泊字本泊,62-17,,
01519-4503-3.zip,202602101146,利尻郡利尻富士町鴛泊字本泊,62-32,,
01519-4503-3.zip,202602101146,利尻郡利尻富士町鴛泊字本泊,62-20,,
01519-4503-3.zip,202602101146,利尻郡利尻富士町鴛泊字本泊,62-18,,
01519-4503-3.zip,202602101146,利尻郡利尻富士町鴛泊字本泊,62-33,,
01519-4503-3.zip,202602101146,利尻郡利尻富士町鴛泊字本泊,62-16,,
01519-4503-3.zip,202602101146,利尻郡利尻富士町鴛泊字本泊,62-35,,
01519-4503-3.zip,202602101146,利尻郡利尻富士町鴛泊字本泊,62-34,,
01519-4503-3.zip,202602101146,利尻郡利尻富士町鴛泊字本泊,62-11,,
01519-4503-3.zip,202602101146,利尻郡利尻富士町鴛泊字本泊,42-12,,
01519-4503-3.zip,202602101146,利尻郡利尻富士町鴛泊字本泊,42-7,,
01519-4503-3.zip,202602101146,利尻郡利尻富士町鴛泊字本泊,42-9,,
01519-4503-3.zip,202602101146,利尻郡利尻富士町鴛泊字本泊,42-20,,
01519-4503-3.zip,202602101146,利尻郡利尻富士町鴛泊字本泊,130-1,,
01519-4503-3.zip,202602101146,利尻郡利尻富士町鴛泊字本泊,130-2,,
01519-4503-3.zip,202602101146,利尻郡利尻富士町鴛泊字本泊,131-2,,
01519-4503-3.zip,202602101146,利尻郡利尻富士町鴛泊字本泊,131-4,,
01519-4503-3.zip,202602101146,利尻郡利尻富士町鴛泊字本泊,132,,
01519-4503-3.zip,202602101146,利尻郡利尻富士町鴛泊字本泊,132-2,,
01519-4503-3.zip,202602101146,利尻郡利尻富士町鴛泊字本泊,132-3,,
01519-4503-3.zip,202602101146,利尻郡利尻富士町鴛泊字本泊,388-3,,
01519-4503-3.zip,202602101146,利尻郡利尻富士町鴛泊字本泊,道-59,,
01519-4503-3.zip,202602101146,利尻郡利尻富士町鴛泊字本泊,388-4,,
01519-4503-3.zip,202602101146,利尻郡利尻富士町鴛泊字本泊,388-2,,
01519-4503-3.zip,202602101146,利尻郡利尻富士町鴛泊字本泊,131-1,,
01519-4503-3.zip,202602101146,利尻郡利尻富士町鴛泊字本泊,131-3,,
01519-4503-3.zip,202602101146,利尻郡利尻富士町鴛泊字本泊,1147W2,,
01519-4503-3.zip,202602101146,利尻郡利尻富士町鴛泊字本泊,129-4,,
01519-4503-3.zip,202602101146,利尻郡利尻富士町鴛泊字本泊,129-3,,
01519-4503-3.zip,202602101146,利尻郡利尻富士町鴛泊字本泊,129-1,,
01519-4503-3.zip,202602101146,利尻郡利尻富士町鴛泊字本泊,道-60,,
01519-4503-3.zip,202602101146,利尻郡利尻富士町鴛泊字本泊,長狭物不明-32,,
01519-4503-3.zip,202602101146,利尻郡利尻富士町鴛泊字本泊,126-4,,
01519-4503-3.zip,202602101146,利尻郡利尻富士町鴛泊字本泊,126-1,,
01519-4503-3.zip,202602101146,利尻郡利尻富士町鴛泊字本泊,134,,
01519-4503-3.zip,202602101146,利尻郡利尻富士町鴛泊字本泊,128,,
01519-4503-3.zip,202602101146,利尻郡利尻富士町鴛泊字本泊,129-2,,
01519-4503-3.zip,202602101146,利尻郡利尻富士町鴛泊字本泊,126-3,,
01519-4503-3.zip,202602101146,利尻郡利尻富士町鴛泊字本泊,126-2,,
01519-4503-3.zip,202602101146,利尻郡利尻富士町鴛泊字本泊,道-61,,
01519-4503-3.zip,202602101146,利尻郡利尻富士町鴛泊字本泊,道-62,,
01519-4503-3.zip,202602101146,利尻郡利尻富士町鴛泊字本泊,道-63,,
01519-4503-3.zip,202602101146,利尻郡利尻富士町鴛泊字本泊,道-64,,
01519-4503-3.zip,202602101146,利尻郡利尻富士町鴛泊字本泊,道-65,,
01519-4503-3.zip,202602101146,利尻郡利尻富士町鴛泊字本泊,59-2,,
01519-4503-3.zip,202602101146,利尻郡利尻富士町鴛泊字本泊,57-2,,
01519-4503-3.zip,202602101146,利尻郡利尻富士町鴛泊字本泊,60,,
01519-4503-3.zip,202602101146,利尻郡利尻富士町鴛泊字本泊,58,,
01519-4503-3.zip,202602101146,利尻郡利尻富士町鴛泊字本泊,57-1,,
01519-4503-3.zip,202602101146,利尻郡利尻富士町鴛泊字本泊,61-2,,
01519-4503-3.zip,202602101146,利尻郡利尻富士町鴛泊字本泊,61-1,,
01519-4503-3.zip,202602101146,利尻郡利尻富士町鴛泊字本泊,59-1,,
01519-4503-3.zip,202602101146,利尻郡利尻富士町鴛泊字本泊,56,,
01519-4503-3.zip,202602101146,利尻郡利尻富士町鴛泊字本泊,123-2,,
01519-4503-3.zip,202602101146,利尻郡利尻富士町鴛泊字本泊,118-2,,
01519-4503-3.zip,202602101146,利尻郡利尻富士町鴛泊字本泊,道-66,,
01519-4503-3.zip,202602101146,利尻郡利尻富士町鴛泊字本泊,道-67,,
01519-4503-3.zip,202602101146,利尻郡利尻富士町鴛泊字本泊,123-3,,
01519-4503-3.zip,202602101146,利尻郡利尻富士町鴛泊字本泊,121-1,,
01519-4503-3.zip,202602101146,利尻郡利尻富士町鴛泊字本泊,123-1,,
01519-4503-3.zip,202602101146,利尻郡利尻富士町鴛泊字本泊,116-1,,
01519-4503-3.zip,202602101146,利尻郡利尻富士町鴛泊字本泊,125-2,,
01519-4503-3.zip,202602101146,利尻郡利尻富士町鴛泊字本泊,124,,
01519-4503-3.zip,202602101146,利尻郡利尻富士町鴛泊字本泊,113,,
01519-4503-3.zip,202602101146,利尻郡利尻富士町鴛泊字本泊,115,,
01519-4503-3.zip,202602101146,利尻郡利尻富士町鴛泊字本泊,112,,
01519-4503-3.zip,202602101146,利尻郡利尻富士町鴛泊字本泊,114,,
01519-4503-3.zip,202602101146,利尻郡利尻富士町鴛泊字本泊,110V1,,
01519-4503-3.zip,202602101146,利尻郡利尻富士町鴛泊字本泊,120-1,,
01519-4503-3.zip,202602101146,利尻郡利尻富士町鴛泊字本泊,116-3,,
01519-4503-3.zip,202602101146,利尻郡利尻富士町鴛泊字本泊,116-2,,
01519-4503-3.zip,202602101146,利尻郡利尻富士町鴛泊字本泊,117,,
01519-4503-3.zip,202602101146,利尻郡利尻富士町鴛泊字本泊,125-1,,
01519-4503-3.zip,202602101146,利尻郡利尻富士町鴛泊字本泊,118-1,,
01519-4503-3.zip,202602101146,利尻郡利尻富士町鴛泊字本泊,道-68,,
01519-4503-3.zip,202602101146,利尻郡利尻富士町鴛泊字本泊,109,,
01519-4503-3.zip,202602101146,利尻郡利尻富士町鴛泊字本泊,108,,
01519-4503-3.zip,202602101146,利尻郡利尻富士町鴛泊字本泊,93,,
01519-4503-3.zip,202602101146,利尻郡利尻富士町鴛泊字本泊,92,,
01519-4503-3.zip,202602101146,利尻郡利尻富士町鴛泊字本泊,道-69,,
01519-4503-3.zip,202602101146,利尻郡利尻富士町鴛泊字本泊,110V2,,
01519-4503-3.zip,202602101146,利尻郡利尻富士町鴛泊字本泊,89-3,,
01519-4503-3.zip,202602101146,利尻郡利尻富士町鴛泊字本泊,87,,
01519-4503-3.zip,202602101146,利尻郡利尻富士町鴛泊字本泊,90-1,,
01519-4503-3.zip,202602101146,利尻郡利尻富士町鴛泊字本泊,91,,
01519-4503-3.zip,202602101146,利尻郡利尻富士町鴛泊字本泊,88-1,,
01519-4503-3.zip,202602101146,利尻郡利尻富士町鴛泊字本泊,86-1,,
01519-4503-3.zip,202602101146,利尻郡利尻富士町鴛泊字本泊,88-4,,
01519-4503-3.zip,202602101146,利尻郡利尻富士町鴛泊字本泊,84-1,,
01519-4503-3.zip,202602101146,利尻郡利尻富士町鴛泊字本泊,83-2,,
01519-4503-3.zip,202602101146,利尻郡利尻富士町鴛泊字本泊,83-1,,
01519-4503-3.zip,202602101146,利尻郡利尻富士町鴛泊字本泊,89-2,,
01519-4503-3.zip,202602101146,利尻郡利尻富士町鴛泊字本泊,90-2,,
01519-4503-3.zip,202602101146,利尻郡利尻富士町鴛泊字本泊,90-3,,
01519-4503-3.zip,202602101146,利尻郡利尻富士町鴛泊字本泊,89-1,,
01519-4503-3.zip,202602101146,利尻郡利尻富士町鴛泊字本泊,88-3,,
01519-4503-3.zip,202602101146,利尻郡利尻富士町鴛泊字本泊,88-2,,
01519-4503-3.zip,202602101146,利尻郡利尻富士町鴛泊字本泊,86-2,,
01519-4503-3.zip,202602101146,利尻郡利尻富士町鴛泊字本泊,84-8,,
01519-4503-3.zip,202602101146,利尻郡利尻富士町鴛泊字本泊,84-5,,
01519-4503-3.zip,202602101146,利尻郡利尻富士町鴛泊字本泊,84-3,,
01519-4503-3.zip,202602101146,利尻郡利尻富士町鴛泊字本泊,84-4,,
01519-4503-3.zip,202602101146,利尻郡利尻富士町鴛泊字本泊,84-7,,
01519-4503-3.zip,202602101146,利尻郡利尻富士町鴛泊字本泊,84-6,,
01519-4503-3.zip,202602101146,利尻郡利尻富士町鴛泊字本泊,84-2,,
01519-4503-3.zip,202602101146,利尻郡利尻富士町鴛泊字本泊,120-2,,
01519-4503-3.zip,202602101146,利尻郡利尻富士町鴛泊字本泊,121-2,,
01519-4503-3.zip,202602101146,利尻郡利尻富士町鴛泊字富士岬,道-70,,
01519-4503-3.zip,202602101146,利尻郡利尻富士町鴛泊字本泊,1147W3,,
01519-4503-3.zip,202602101146,利尻郡利尻富士町鴛泊字富士岬,403,,
01519-4503-3.zip,202602101146,利尻郡利尻富士町鴛泊字富士岬,413,,
01519-4503-3.zip,202602101146,利尻郡利尻富士町鴛泊字富士岬,401,,
01519-4503-3.zip,202602101146,利尻郡利尻富士町鴛泊字富士岬,359-1,,
01519-4503-3.zip,202602101146,利尻郡利尻富士町鴛泊字富士岬,353,,
01519-4503-3.zip,202602101146,利尻郡利尻富士町鴛泊字富士岬,352,,
01519-4503-3.zip,202602101146,利尻郡利尻富士町鴛泊字富士岬,354,,
01519-4503-3.zip,202602101146,利尻郡利尻富士町鴛泊字富士岬,358-1,,
01519-4503-3.zip,202602101146,利尻郡利尻富士町鴛泊字富士岬,351,,
01519-4503-3.zip,202602101146,利尻郡利尻富士町鴛泊字富士岬,道-71,,
01519-4503-3.zip,202602101146,利尻郡利尻富士町鴛泊字富士岬,長狭物不明-33,,
01519-4503-3.zip,202602101146,利尻郡利尻富士町鴛泊字富士岬,355-1,,
01519-4503-3.zip,202602101146,利尻郡利尻富士町鴛泊字富士岬,345,,
01519-4503-3.zip,202602101146,利尻郡利尻富士町鴛泊字富士岬,412,,
01519-4503-3.zip,202602101146,利尻郡利尻富士町鴛泊字富士岬,357-2,,
01519-4503-3.zip,202602101146,利尻郡利尻富士町鴛泊字富士岬,358-2,,
01519-4503-3.zip,202602101146,利尻郡利尻富士町鴛泊字富士岬,359-2,,
01519-4503-3.zip,202602101146,利尻郡利尻富士町鴛泊字富士岬,347-2,,
01519-4503-3.zip,202602101146,利尻郡利尻富士町鴛泊字富士岬,347-3,,
01519-4503-3.zip,202602101146,利尻郡利尻富士町鴛泊字富士岬,346-1,,
01519-4503-3.zip,202602101146,利尻郡利尻富士町鴛泊字富士岬,346-3,,
01519-4503-3.zip,202602101146,利尻郡利尻富士町鴛泊字富士岬,347-1,,
01519-4503-3.zip,202602101146,利尻郡利尻富士町鴛泊字富士岬,346-2,,
01519-4503-3.zip,202602101146,利尻郡利尻富士町鴛泊字富士岬,391,,
01519-4503-3.zip,202602101146,利尻郡利尻富士町鴛泊字富士岬,390,,
01519-4503-3.zip,202602101146,利尻郡利尻富士町鴛泊字富士岬,357-1,,
01519-4503-3.zip,202602101146,利尻郡利尻富士町鴛泊字富士岬,355-2,,
01519-4503-3.zip,202602101146,利尻郡利尻富士町鴛泊字富士岬,道-72,,
01519-4503-3.zip,202602101146,利尻郡利尻富士町鴛泊字富士岬,道-73,,
01519-4503-3.zip,202602101146,利尻郡利尻富士町鴛泊字富士岬,402,,
01519-4503-3.zip,202602101146,利尻郡利尻富士町鴛泊字富士岬,411,,
01519-4503-3.zip,202602101146,利尻郡利尻富士町鴛泊字富士岬,349-3,,
01519-4503-3.zip,202602101146,利尻郡利尻富士町鴛泊字富士岬,349-2,,
01519-4503-3.zip,202602101146,利尻郡利尻富士町鴛泊字富士岬,350-2,,
01519-4503-3.zip,202602101146,利尻郡利尻富士町鴛泊字富士岬,349-1,,
01519-4503-3.zip,202602101146,利尻郡利尻富士町鴛泊字富士岬,356-2,,
01519-4503-3.zip,202602101146,利尻郡利尻富士町鴛泊字富士岬,356-1,,
01519-4503-3.zip,202602101146,利尻郡利尻富士町鴛泊字富士岬,350-1,,
01519-4503-3.zip,202602101146,利尻郡利尻富士町鴛泊字富士岬,362,,
01519-4503-3.zip,202602101146,利尻郡利尻富士町鴛泊字富士岬,364,,
01519-4503-3.zip,202602101146,利尻郡利尻富士町鴛泊字富士岬,366,,
01519-4503-3.zip,202602101146,利尻郡利尻富士町鴛泊字富士岬,365,,
01519-4503-3.zip,202602101146,利尻郡利尻富士町鴛泊字富士岬,363,,
01519-4503-3.zip,202602101146,利尻郡利尻富士町鴛泊字本泊,道-74,,
01519-4503-3.zip,202602101146,利尻郡利尻富士町鴛泊字本泊,道-75,,
01519-4503-3.zip,202602101146,利尻郡利尻富士町鴛泊字本泊,長狭物不明-34,,
01519-4503-3.zip,202602101146,利尻郡利尻富士町鴛泊字本泊,107,,
01519-4503-3.zip,202602101146,利尻郡利尻富士町鴛泊字本泊,47,,
01519-4503-3.zip,202602101146,利尻郡利尻富士町鴛泊字本泊,54,,
01519-4503-3.zip,202602101146,利尻郡利尻富士町鴛泊字本泊,長狭物不明-35,,
01519-4503-3.zip,202602101146,利尻郡利尻富士町鴛泊字本泊,長狭物不明-36,,
01519-4503-3.zip,202602101146,利尻郡利尻富士町鴛泊字本泊,99,,
01519-4503-3.zip,202602101146,利尻郡利尻富士町鴛泊字本泊,長狭物不明-37,,
01519-4503-3.zip,202602101146,利尻郡利尻富士町鴛泊字本泊,長狭物不明-38,,
01519-4503-3.zip,202602101146,利尻郡利尻富士町鴛泊字本泊,長狭物不明-39,,
01519-4503-3.zip,202602101146,利尻郡利尻富士町鴛泊字本泊,長狭物不明-40,,
01519-4503-3.zip,202602101146,利尻郡利尻富士町鴛泊字本泊,53,,
01519-4503-3.zip,202602101146,利尻郡利尻富士町鴛泊字本泊,55,,
01519-4503-3.zip,202602101146,利尻郡利尻富士町鴛泊字本泊,長狭物不明-41,,
01519-4503-3.zip,202602101146,利尻郡利尻富士町鴛泊字本泊,94,,
01519-4503-3.zip,202602101146,利尻郡利尻富士町鴛泊字本泊,長狭物不明-42,,
01519-4503-3.zip,202602101146,利尻郡利尻富士町鴛泊字本泊,46,,
01519-4503-3.zip,202602101146,利尻郡利尻富士町鴛泊字本泊,道-76,,
01519-4503-3.zip,202602101146,利尻郡利尻富士町鴛泊字本泊,45-2,,
01519-4503-3.zip,202602101146,利尻郡利尻富士町鴛泊字本泊,44-2,,
01519-4503-3.zip,202602101146,利尻郡利尻富士町鴛泊字本泊,45-1,,
01519-4503-3.zip,202602101146,利尻郡利尻富士町鴛泊字本泊,44-3,,
01519-4503-3.zip,202602101146,利尻郡利尻富士町鴛泊字本泊,44-1,,
01519-4503-3.zip,202602101146,利尻郡利尻富士町鴛泊字本泊,長狭物不明-43,,
01519-4503-3.zip,202602101146,利尻郡利尻富士町鴛泊字本泊,長狭物不明-44,,
01519-4503-3.zip,202602101146,利尻郡利尻富士町鴛泊字本泊,長狭物不明-45,,
01519-4503-3.zip,202602101146,利尻郡利尻富士町鴛泊字本泊,111-2,,
01519-4503-3.zip,202602101146,利尻郡利尻富士町鴛泊字本泊,道-77,,
01519-4503-3.zip,202602101146,利尻郡利尻富士町鴛泊字本泊,長狭物不明-46,,
01519-4503-3.zip,202602101146,利尻郡利尻富士町鴛泊字本泊,100,,
01519-4503-3.zip,202602101146,利尻郡利尻富士町鴛泊字本泊,105,,
01519-4503-3.zip,202602101146,利尻郡利尻富士町鴛泊字本泊,106,,
01519-4503-3.zip,202602101146,利尻郡利尻富士町鴛泊字本泊,111-1,,
01519-4503-3.zip,202602101146,利尻郡利尻富士町鴛泊字本泊,156,,
01519-4503-3.zip,202602101146,利尻郡利尻富士町鴛泊字本泊,158,,
01519-4503-3.zip,202602101146,利尻郡利尻富士町鴛泊字本泊,157,,
01519-4503-3.zip,202602101146,利尻郡利尻富士町鴛泊字富士野,47-2,,
01519-4503-3.zip,202602101146,利尻郡利尻富士町鴛泊字富士野,47-12,,
01519-4503-3.zip,202602101146,利尻郡利尻富士町鴛泊字富士岬,17-2,,
01519-4503-3.zip,202602101146,利尻郡利尻富士町鴛泊字富士岬,17-1,,
01519-4503-3.zip,202602101146,利尻郡利尻富士町鴛泊字富士岬,231-14,,
01519-4503-4.zip,202602101146,利尻郡利尻富士町鴛泊字大磯,長狭物不明-1,,
01519-4503-4.zip,202602101146,利尻郡利尻富士町鴛泊字大磯,長狭物不明-2,,
01519-4503-4.zip,202602101146,利尻郡利尻富士町鴛泊字大磯,長狭物不明-4,,
01519-4503-4.zip,202602101146,利尻郡利尻富士町鴛泊字本泊,長狭物不明-5,,
01519-4503-4.zip,202602101146,利尻郡利尻富士町鴛泊字本泊,長狭物不明-6,,
01519-4503-4.zip,202602101146,利尻郡利尻富士町鴛泊字大磯,長狭物不明-7,,
01519-4503-4.zip,202602101146,利尻郡利尻富士町鴛泊字栄町,筆界未定地-1,利尻郡利尻富士町鴛泊字栄町,245-1
01519-4503-4.zip,202602101146,利尻郡利尻富士町鴛泊字栄町,筆界未定地-1,利尻郡利尻富士町鴛泊字栄町,245-2
01519-4503-4.zip,202602101146,利尻郡利尻富士町鴛泊字栄町,筆界未定地-1,利尻郡利尻富士町鴛泊字栄町,245-3
01519-4503-4.zip,202602101146,利尻郡利尻富士町鴛泊字栄町,筆界未定地-1,利尻郡利尻富士町鴛泊字栄町,246
01519-4503-4.zip,202602101146,利尻郡利尻富士町鴛泊字栄町,筆界未定地-1,利尻郡利尻富士町鴛泊字栄町,247
01519-4503-4.zip,202602101146,利尻郡利尻富士町鴛泊字栄町,筆界未定地-1,利尻郡利尻富士町鴛泊字栄町,248
01519-4503-4.zip,202602101146,利尻郡利尻富士町鴛泊字栄町,筆界未定地-1,利尻郡利尻富士町鴛泊字栄町,249
01519-4503-4.zip,202602101146,利尻郡利尻富士町鴛泊字栄町,筆界未定地-1,利尻郡利尻富士町鴛泊字栄町,250
01519-4503-4.zip,202602101146,利尻郡利尻富士町鴛泊字栄町,筆界未定地-2,利尻郡利尻富士町鴛泊字栄町,238
01519-4503-4.zip,202602101146,利尻郡利尻富士町鴛泊字栄町,筆界未定地-2,利尻郡利尻富士町鴛泊字栄町,239
01519-4503-4.zip,202602101146,利尻郡利尻富士町鴛泊字栄町,筆界未定地-3,利尻郡利尻富士町鴛泊字栄町,235
01519-4503-4.zip,202602101146,利尻郡利尻富士町鴛泊字栄町,筆界未定地-3,利尻郡利尻富士町鴛泊字栄町,236
01519-4503-4.zip,202602101146,利尻郡利尻富士町鴛泊字栄町,筆界未定地-3,利尻郡利尻富士町鴛泊字栄町,237
01519-4503-4.zip,202602101146,利尻郡利尻富士町鴛泊字富士野,68-4,,
01519-4503-4.zip,202602101146,利尻郡利尻富士町鴛泊字富士岬,367-3,,
01519-4503-4.zip,202602101146,利尻郡利尻富士町鴛泊字富士野,長狭物不明-8,,
01519-4503-4.zip,202602101146,利尻郡利尻富士町鴛泊字富士岬,長狭物不明-10,,
01519-4503-4.zip,202602101146,利尻郡利尻富士町,地区外-692086,,
01519-4503-4.zip,202602101146,利尻郡利尻富士町,地区外-692087,,
01519-4503-4.zip,202602101146,利尻郡利尻富士町鴛泊字本泊,長狭物不明-11,,
01519-4503-4.zip,202602101146,利尻郡利尻富士町鴛泊字本泊,長狭物不明-12,,
01519-4503-4.zip,202602101146,利尻郡利尻富士町鴛泊字大磯,長狭物不明-13,,
01519-4503-4.zip,202602101146,利尻郡利尻富士町鴛泊字本泊,長狭物不明-14,,
01519-4503-4.zip,202602101146,利尻郡利尻富士町鴛泊字本泊,1122,,
01519-4503-4.zip,202602101146,利尻郡利尻富士町鴛泊字栄町,232-9,,
01519-4503-4.zip,202602101146,利尻郡利尻富士町鴛泊字栄町,232-2,,
01519-4503-4.zip,202602101146,利尻郡利尻富士町鴛泊字栄町,231-2,,
01519-4503-4.zip,202602101146,利尻郡利尻富士町鴛泊字栄町,232-3,,
01519-4503-4.zip,202602101146,利尻郡利尻富士町鴛泊字栄町,231-3,,
01519-4503-4.zip,202602101146,利尻郡利尻富士町鴛泊字富士野,7-9,,
01519-4503-4.zip,202602101146,利尻郡利尻富士町鴛泊字富士野,道-2,,
01519-4503-4.zip,202602101146,利尻郡利尻富士町鴛泊字富士野,67-3,,
01519-4503-4.zip,202602101146,利尻郡利尻富士町鴛泊字大磯,515,,
01519-4503-4.zip,202602101146,利尻郡利尻富士町鴛泊字大磯,水-1,,
01519-4503-4.zip,202602101146,利尻郡利尻富士町鴛泊字大磯,427,,
01519-4503-4.zip,202602101146,利尻郡利尻富士町,地区外-692107,,
01519-4503-4.zip,202602101146,利尻郡利尻富士町鴛泊字大磯,506,,
01519-4503-4.zip,202602101146,利尻郡利尻富士町鴛泊字大磯,長狭物不明-15,,
01519-4503-4.zip,202602101146,利尻郡利尻富士町鴛泊字大磯,長狭物不明-16,,
01519-4503-4.zip,202602101146,利尻郡利尻富士町鴛泊字大磯,516,,
01519-4503-4.zip,202602101146,利尻郡利尻富士町鴛泊字大磯,428,,
01519-4503-4.zip,202602101146,利尻郡利尻富士町鴛泊字大磯,443-1,,
01519-4503-4.zip,202602101146,利尻郡利尻富士町鴛泊字大磯,436,,
01519-4503-4.zip,202602101146,利尻郡利尻富士町鴛泊字大磯,499,,
01519-4503-4.zip,202602101146,利尻郡利尻富士町鴛泊字大磯,443-2,,
01519-4503-4.zip,202602101146,利尻郡利尻富士町鴛泊字大磯,503,,
01519-4503-4.zip,202602101146,利尻郡利尻富士町鴛泊字大磯,504,,
01519-4503-4.zip,202602101146,利尻郡利尻富士町,地区外-692120,,
01519-4503-4.zip,202602101146,利尻郡利尻富士町鴛泊字大磯,445,,
01519-4503-4.zip,202602101146,利尻郡利尻富士町鴛泊字大磯,長狭物不明-18,,
01519-4503-4.zip,202602101146,利尻郡利尻富士町鴛泊字大磯,508,,
01519-4503-4.zip,202602101146,利尻郡利尻富士町鴛泊字大磯,長狭物不明-19,,
01519-4503-4.zip,202602101146,利尻郡利尻富士町鴛泊字大磯,長狭物不明-20,,
01519-4503-4.zip,202602101146,利尻郡利尻富士町鴛泊字大磯,467-2,,
01519-4503-4.zip,202602101146,利尻郡利尻富士町鴛泊字大磯,467-1,,
01519-4503-4.zip,202602101146,利尻郡利尻富士町鴛泊字大磯,501-3,,
01519-4503-4.zip,202602101146,利尻郡利尻富士町鴛泊字大磯,長狭物不明-21,,
01519-4503-4.zip,202602101146,利尻郡利尻富士町,地区外-692130,,
01519-4503-4.zip,202602101146,利尻郡利尻富士町鴛泊字大磯,444,,
01519-4503-4.zip,202602101146,利尻郡利尻富士町鴛泊字大磯,463-1,,
01519-4503-4.zip,202602101146,利尻郡利尻富士町鴛泊字大磯,463-2,,
01519-4503-4.zip,202602101146,利尻郡利尻富士町鴛泊字大磯,長狭物不明-22,,
01519-4503-4.zip,202602101146,利尻郡利尻富士町鴛泊字大磯,462,,
01519-4503-4.zip,202602101146,利尻郡利尻富士町鴛泊字大磯,長狭物不明-23,,
01519-4503-4.zip,202602101146,利尻郡利尻富士町鴛泊字大磯,長狭物不明-24,,
01519-4503-4.zip,202602101146,利尻郡利尻富士町,地区外-692138,,
01519-4503-4.zip,202602101146,利尻郡利尻富士町鴛泊字大磯,長狭物不明-25,,
01519-4503-4.zip,202602101146,利尻郡利尻富士町鴛泊字大磯,長狭物不明-26,,
01519-4503-4.zip,202602101146,利尻郡利尻富士町鴛泊字大磯,長狭物不明-27,,
01519-4503-4.zip,202602101146,利尻郡利尻富士町鴛泊字大磯,長狭物不明-28,,
01519-4503-4.zip,202602101146,利尻郡利尻富士町,地区外-692143,,
01519-4503-4.zip,202602101146,利尻郡利尻富士町鴛泊字大磯,429,,
01519-4503-4.zip,202602101146,利尻郡利尻富士町鴛泊字大磯,430,,
01519-4503-4.zip,202602101146,利尻郡利尻富士町鴛泊字大磯,431,,
01519-4503-4.zip,202602101146,利尻郡利尻富士町,地区外-692147,,
01519-4503-4.zip,202602101146,利尻郡利尻富士町鴛泊字大磯,491,,
01519-4503-4.zip,202602101146,利尻郡利尻富士町鴛泊字大磯,505,,
01519-4503-4.zip,202602101146,利尻郡利尻富士町鴛泊字大磯,492-2,,
01519-4503-4.zip,202602101146,利尻郡利尻富士町鴛泊字大磯,492-1,,
01519-4503-4.zip,202602101146,利尻郡利尻富士町鴛泊字大磯,492-3,,
01519-4503-4.zip,202602101146,利尻郡利尻富士町鴛泊字大磯,長狭物不明-29,,
01519-4503-4.zip,202602101146,利尻郡利尻富士町鴛泊字大磯,長狭物不明-30,,
01519-4503-4.zip,202602101146,利尻郡利尻富士町鴛泊字大磯,510,,
01519-4503-4.zip,202602101146,利尻郡利尻富士町鴛泊字大磯,511,,
01519-4503-4.zip,202602101146,利尻郡利尻富士町鴛泊字大磯,435,,
01519-4503-4.zip,202602101146,利尻郡利尻富士町鴛泊字大磯,長狭物不明-32,,
01519-4503-4.zip,202602101146,利尻郡利尻富士町鴛泊字大磯,長狭物不明-33,,
01519-4503-4.zip,202602101146,利尻郡利尻富士町,地区外-692162,,
01519-4503-4.zip,202602101146,利尻郡利尻富士町鴛泊字大磯,長狭物不明-35,,
01519-4503-4.zip,202602101146,利尻郡利尻富士町鴛泊字大磯,長狭物不明-36,,
01519-4503-4.zip,202602101146,利尻郡利尻富士町鴛泊字大磯,長狭物不明-38,,
01519-4503-4.zip,202602101146,利尻郡利尻富士町鴛泊字大磯,339,,
01519-4503-4.zip,202602101146,利尻郡利尻富士町鴛泊字大磯,長狭物不明-39,,
01519-4503-4.zip,202602101146,利尻郡利尻富士町鴛泊字大磯,338,,
01519-4503-4.zip,202602101146,利尻郡利尻富士町鴛泊字大磯,337,,
01519-4503-4.zip,202602101146,利尻郡利尻富士町鴛泊字大磯,長狭物不明-40,,
01519-4503-4.zip,202602101146,利尻郡利尻富士町鴛泊字大磯,432,,
01519-4503-4.zip,202602101146,利尻郡利尻富士町鴛泊字大磯,433,,
01519-4503-4.zip,202602101146,利尻郡利尻富士町鴛泊字大磯,434,,
01519-4503-4.zip,202602101146,利尻郡利尻富士町鴛泊字大磯,長狭物不明-41,,
01519-4503-4.zip,202602101146,利尻郡利尻富士町鴛泊字大磯,水-2,,
01519-4503-4.zip,202602101146,利尻郡利尻富士町鴛泊字大磯,長狭物不明-43,,
01519-4503-4.zip,202602101146,利尻郡利尻富士町鴛泊字大磯,長狭物不明-44,,
01519-4503-4.zip,202602101146,利尻郡利尻富士町,地区外-692180,,
01519-4503-4.zip,202602101146,利尻郡利尻富士町,地区外-692181,,
01519-4503-4.zip,202602101146,利尻郡利尻富士町鴛泊字大磯,447,,
01519-4503-4.zip,202602101146,利尻郡利尻富士町鴛泊字大磯,514,,
01519-4503-4.zip,202602101146,利尻郡利尻富士町鴛泊字大磯,502,,
01519-4503-4.zip,202602101146,利尻郡利尻富士町鴛泊字大磯,501-2,,
01519-4503-4.zip,202602101146,利尻郡利尻富士町鴛泊字大磯,長狭物不明-45,,
01519-4503-4.zip,202602101146,利尻郡利尻富士町鴛泊字大磯,494,,
01519-4503-4.zip,202602101146,利尻郡利尻富士町鴛泊字大磯,496,,
01519-4503-4.zip,202602101146,利尻郡利尻富士町鴛泊字大磯,453,,
01519-4503-4.zip,202602101146,利尻郡利尻富士町鴛泊字大磯,道-3,,
01519-4503-4.zip,202602101146,利尻郡利尻富士町鴛泊字大磯,道-4,,
01519-4503-4.zip,202602101146,利尻郡利尻富士町鴛泊字大磯,449,,
01519-4503-4.zip,202602101146,利尻郡利尻富士町鴛泊字大磯,道-5,,
01519-4503-4.zip,202602101146,利尻郡利尻富士町鴛泊字大磯,495,,
01519-4503-4.zip,202602101146,利尻郡利尻富士町鴛泊字大磯,448,,
01519-4503-4.zip,202602101146,利尻郡利尻富士町鴛泊字本泊,長狭物不明-46,,
01519-4503-4.zip,202602101146,利尻郡利尻富士町鴛泊字本泊,長狭物不明-47,,
01519-4503-4.zip,202602101146,利尻郡利尻富士町鴛泊字本泊,長狭物不明-48,,
01519-4503-4.zip,202602101146,利尻郡利尻富士町鴛泊字本泊,長狭物不明-49,,
01519-4503-4.zip,202602101146,利尻郡利尻富士町,地区外-692202,,
01519-4503-4.zip,202602101146,利尻郡利尻富士町鴛泊字大磯,長狭物不明-50,,
01519-4503-4.zip,202602101146,利尻郡利尻富士町鴛泊字大磯,長狭物不明-51,,
01519-4503-4.zip,202602101146,利尻郡利尻富士町鴛泊字大磯,長狭物不明-52,,
01519-4503-4.zip,202602101146,利尻郡利尻富士町鴛泊字本泊,長狭物不明-53,,
01519-4503-4.zip,202602101146,利尻郡利尻富士町鴛泊字大磯,長狭物不明-54,,
01519-4503-4.zip,202602101146,利尻郡利尻富士町鴛泊字大磯,長狭物不明-55,,
01519-4503-4.zip,202602101146,利尻郡利尻富士町鴛泊字本泊,長狭物不明-56,,
01519-4503-4.zip,202602101146,利尻郡利尻富士町鴛泊字本泊,長狭物不明-57,,
01519-4503-4.zip,202602101146,利尻郡利尻富士町鴛泊字本泊,長狭物不明-58,,
01519-4503-4.zip,202602101146,利尻郡利尻富士町鴛泊字本泊,長狭物不明-59,,
01519-4503-4.zip,202602101146,利尻郡利尻富士町鴛泊字大磯,長狭物不明-60,,
01519-4503-4.zip,202602101146,利尻郡利尻富士町鴛泊字大磯,長狭物不明-61,,
01519-4503-4.zip,202602101146,利尻郡利尻富士町鴛泊字大磯,長狭物不明-62,,
01519-4503-4.zip,202602101146,利尻郡利尻富士町鴛泊字大磯,長狭物不明-63,,
01519-4503-4.zip,202602101146,利尻郡利尻富士町,地区外-692217,,
01519-4503-4.zip,202602101146,利尻郡利尻富士町鴛泊字大磯,482,,
01519-4503-4.zip,202602101146,利尻郡利尻富士町鴛泊字大磯,長狭物不明-64,,
01519-4503-4.zip,202602101146,利尻郡利尻富士町鴛泊字大磯,長狭物不明-65,,
01519-4503-4.zip,202602101146,利尻郡利尻富士町鴛泊字大磯,長狭物不明-67,,
01519-4503-4.zip,202602101146,利尻郡利尻富士町鴛泊字本泊,長狭物不明-68,,
01519-4503-4.zip,202602101146,利尻郡利尻富士町鴛泊字本泊,長狭物不明-69,,
01519-4503-4.zip,202602101146,利尻郡利尻富士町鴛泊字本泊,長狭物不明-70,,
01519-4503-4.zip,202602101146,利尻郡利尻富士町鴛泊字本泊,長狭物不明-71,,
01519-4503-4.zip,202602101146,利尻郡利尻富士町鴛泊字大磯,260-3,,
01519-4503-4.zip,202602101146,利尻郡利尻富士町鴛泊字大磯,260-4,,
01519-4503-4.zip,202602101146,利尻郡利尻富士町鴛泊字大磯,260-1,,
01519-4503-4.zip,202602101146,利尻郡利尻富士町鴛泊字大磯,260-2,,
01519-4503-4.zip,202602101146,利尻郡利尻富士町鴛泊字大磯,469,,
01519-4503-4.zip,202602101146,利尻郡利尻富士町鴛泊字大磯,260-6,,
01519-4503-4.zip,202602101146,利尻郡利尻富士町鴛泊字大磯,485,,
01519-4503-4.zip,202602101146,利尻郡利尻富士町鴛泊字大磯,490,,
01519-4503-4.zip,202602101146,利尻郡利尻富士町鴛泊字大磯,263-4,,
01519-4503-4.zip,202602101146,利尻郡利尻富士町鴛泊字大磯,263-3,,
01519-4503-4.zip,202602101146,利尻郡利尻富士町鴛泊字大磯,484,,
01519-4503-4.zip,202602101146,利尻郡利尻富士町鴛泊字大磯,長狭物不明-73,,
01519-4503-4.zip,202602101146,利尻郡利尻富士町鴛泊字大磯,488,,
01519-4503-4.zip,202602101146,利尻郡利尻富士町鴛泊字大磯,483,,
01519-4503-4.zip,202602101146,利尻郡利尻富士町鴛泊字大磯,263-1,,
01519-4503-4.zip,202602101146,利尻郡利尻富士町鴛泊字大磯,長狭物不明-74,,
01519-4503-4.zip,202602101146,利尻郡利尻富士町鴛泊字大磯,473,,
01519-4503-4.zip,202602101146,利尻郡利尻富士町鴛泊字大磯,474-1,,
01519-4503-4.zip,202602101146,利尻郡利尻富士町鴛泊字大磯,長狭物不明-75,,
01519-4503-4.zip,202602101146,利尻郡利尻富士町鴛泊字大磯,472,,
01519-4503-4.zip,202602101146,利尻郡利尻富士町鴛泊字大磯,474-2,,
01519-4503-4.zip,202602101146,利尻郡利尻富士町鴛泊字大磯,261-2,,
01519-4503-4.zip,202602101146,利尻郡利尻富士町鴛泊字大磯,261-1,,
01519-4503-4.zip,202602101146,利尻郡利尻富士町鴛泊字大磯,263-2,,
01519-4503-4.zip,202602101146,利尻郡利尻富士町鴛泊字大磯,471-1,,
01519-4503-4.zip,202602101146,利尻郡利尻富士町鴛泊字大磯,475-1,,
01519-4503-4.zip,202602101146,利尻郡利尻富士町鴛泊字大磯,260-5,,
01519-4503-4.zip,202602101146,利尻郡利尻富士町鴛泊字大磯,477-8,,
01519-4503-4.zip,202602101146,利尻郡利尻富士町鴛泊字大磯,477-7,,
01519-4503-4.zip,202602101146,利尻郡利尻富士町鴛泊字大磯,477-4,,
01519-4503-4.zip,202602101146,利尻郡利尻富士町鴛泊字大磯,477-3,,
01519-4503-4.zip,202602101146,利尻郡利尻富士町鴛泊字大磯,477-2,,
01519-4503-4.zip,202602101146,利尻郡利尻富士町鴛泊字大磯,477-5,,
01519-4503-4.zip,202602101146,利尻郡利尻富士町鴛泊字大磯,478-1,,
01519-4503-4.zip,202602101146,利尻郡利尻富士町鴛泊字大磯,478-3,,
01519-4503-4.zip,202602101146,利尻郡利尻富士町鴛泊字大磯,478-4,,
01519-4503-4.zip,202602101146,利尻郡利尻富士町鴛泊字大磯,478-2,,
01519-4503-4.zip,202602101146,利尻郡利尻富士町鴛泊字大磯,470,,
01519-4503-4.zip,202602101146,利尻郡利尻富士町鴛泊字大磯,476,,
01519-4503-4.zip,202602101146,利尻郡利尻富士町鴛泊字大磯,477-1,,
01519-4503-4.zip,202602101146,利尻郡利尻富士町鴛泊字大磯,475-2,,
01519-4503-4.zip,202602101146,利尻郡利尻富士町鴛泊字大磯,480,,
01519-4503-4.zip,202602101146,利尻郡利尻富士町鴛泊字本泊,1146,,
01519-4503-4.zip,202602101146,利尻郡利尻富士町鴛泊字本泊,1142-2,,
01519-4503-4.zip,202602101146,利尻郡利尻富士町鴛泊字本泊,1142-1,,
01519-4503-4.zip,202602101146,利尻郡利尻富士町鴛泊字本泊,387-1,,
01519-4503-4.zip,202602101146,利尻郡利尻富士町鴛泊字本泊,387-20,,
01519-4503-4.zip,202602101146,利尻郡利尻富士町鴛泊字本泊,長狭物不明-76,,
01519-4503-4.zip,202602101146,利尻郡利尻富士町鴛泊字本泊,1138,,
01519-4503-4.zip,202602101146,利尻郡利尻富士町鴛泊字本泊,長狭物不明-77,,
01519-4503-4.zip,202602101146,利尻郡利尻富士町鴛泊字本泊,387-4,,
01519-4503-4.zip,202602101146,利尻郡利尻富士町鴛泊字本泊,387-17,,
01519-4503-4.zip,202602101146,利尻郡利尻富士町鴛泊字本泊,387-2,,
01519-4503-4.zip,202602101146,利尻郡利尻富士町鴛泊字本泊,387-12,,
01519-4503-4.zip,202602101146,利尻郡利尻富士町鴛泊字本泊,387-13,,
01519-4503-4.zip,202602101146,利尻郡利尻富士町鴛泊字本泊,387-14,,
01519-4503-4.zip,202602101146,利尻郡利尻富士町鴛泊字本泊,387-15,,
01519-4503-4.zip,202602101146,利尻郡利尻富士町鴛泊字本泊,387-16,,
01519-4503-4.zip,202602101146,利尻郡利尻富士町鴛泊字本泊,387-11,,
01519-4503-4.zip,202602101146,利尻郡利尻富士町鴛泊字本泊,387-10,,
01519-4503-4.zip,202602101146,利尻郡利尻富士町鴛泊字本泊,387-9,,
01519-4503-4.zip,202602101146,利尻郡利尻富士町鴛泊字本泊,387-8,,
01519-4503-4.zip,202602101146,利尻郡利尻富士町鴛泊字本泊,387-7,,
01519-4503-4.zip,202602101146,利尻郡利尻富士町鴛泊字本泊,387-6,,
01519-4503-4.zip,202602101146,利尻郡利尻富士町鴛泊字本泊,387-5,,
01519-4503-4.zip,202602101146,利尻郡利尻富士町鴛泊字本泊,387-3,,
01519-4503-4.zip,202602101146,利尻郡利尻富士町鴛泊字本泊,387-18,,
01519-4503-4.zip,202602101146,利尻郡利尻富士町鴛泊字本泊,387-19,,
01519-4503-4.zip,202602101146,利尻郡利尻富士町鴛泊字大磯,長狭物不明-78,,
01519-4503-4.zip,202602101146,利尻郡利尻富士町鴛泊字大磯,486,,
01519-4503-4.zip,202602101146,利尻郡利尻富士町鴛泊字大磯,長狭物不明-79,,
01519-4503-4.zip,202602101146,利尻郡利尻富士町鴛泊字大磯,471-2,,
01519-4503-4.zip,202602101146,利尻郡利尻富士町鴛泊字大磯,477-6,,
01519-4503-4.zip,202602101146,利尻郡利尻富士町鴛泊字本泊,291-1,,
01519-4503-4.zip,202602101146,利尻郡利尻富士町鴛泊字本泊,291-9,,
01519-4503-4.zip,202602101146,利尻郡利尻富士町鴛泊字本泊,291-2,,
01519-4503-4.zip,202602101146,利尻郡利尻富士町鴛泊字本泊,291-8,,
01519-4503-4.zip,202602101146,利尻郡利尻富士町鴛泊字本泊,291-3,,
01519-4503-4.zip,202602101146,利尻郡利尻富士町鴛泊字本泊,291-7,,
01519-4503-4.zip,202602101146,利尻郡利尻富士町鴛泊字本泊,256-4,,
01519-4503-4.zip,202602101146,利尻郡利尻富士町鴛泊字本泊,256-2,,
01519-4503-4.zip,202602101146,利尻郡利尻富士町鴛泊字本泊,256-1,,
01519-4503-4.zip,202602101146,利尻郡利尻富士町鴛泊字本泊,256-3,,
01519-4503-4.zip,202602101146,利尻郡利尻富士町鴛泊字本泊,1167-2,,
01519-4503-4.zip,202602101146,利尻郡利尻富士町鴛泊字本泊,1167-1,,
01519-4503-4.zip,202602101146,利尻郡利尻富士町鴛泊字本泊,1130-1,,
01519-4503-4.zip,202602101146,利尻郡利尻富士町鴛泊字本泊,1130-4,,
01519-4503-4.zip,202602101146,利尻郡利尻富士町鴛泊字本泊,1130-5,,
01519-4503-4.zip,202602101146,利尻郡利尻富士町鴛泊字本泊,1130-2,,
01519-4503-4.zip,202602101146,利尻郡利尻富士町鴛泊字本泊,1130-3,,
01519-4503-4.zip,202602101146,利尻郡利尻富士町鴛泊字本泊,道-6,,
01519-4503-4.zip,202602101146,利尻郡利尻富士町鴛泊字本泊,長狭物不明-80,,
01519-4503-4.zip,202602101146,利尻郡利尻富士町鴛泊字大磯,長狭物不明-81,,
01519-4503-4.zip,202602101146,利尻郡利尻富士町鴛泊字本泊,1140-2,,
01519-4503-4.zip,202602101146,利尻郡利尻富士町,地区外-692325,,
01519-4503-4.zip,202602101146,利尻郡利尻富士町鴛泊字本泊,290-1,,
01519-4503-4.zip,202602101146,利尻郡利尻富士町鴛泊字本泊,304-1,,
01519-4503-4.zip,202602101146,利尻郡利尻富士町鴛泊字本泊,304-2,,
01519-4503-4.zip,202602101146,利尻郡利尻富士町鴛泊字大磯,481,,
01519-4503-4.zip,202602101146,利尻郡利尻富士町鴛泊字大磯,長狭物不明-82,,
01519-4503-4.zip,202602101146,利尻郡利尻富士町鴛泊字大磯,道-7,,
01519-4503-4.zip,202602101146,利尻郡利尻富士町鴛泊字本泊,290-2,,
01519-4503-4.zip,202602101146,利尻郡利尻富士町鴛泊字本泊,1130-6,,
01519-4503-4.zip,202602101146,利尻郡利尻富士町鴛泊字本泊,1132-1,,
01519-4503-4.zip,202602101146,利尻郡利尻富士町鴛泊字本泊,長狭物不明-83,,
01519-4503-4.zip,202602101146,利尻郡利尻富士町鴛泊字本泊,1132-2,,
01519-4503-4.zip,202602101146,利尻郡利尻富士町鴛泊字本泊,291-5,,
01519-4503-4.zip,202602101146,利尻郡利尻富士町鴛泊字本泊,291-6,,
01519-4503-4.zip,202602101146,利尻郡利尻富士町鴛泊字本泊,292-2,,
01519-4503-4.zip,202602101146,利尻郡利尻富士町鴛泊字本泊,291-4,,
01519-4503-4.zip,202602101146,利尻郡利尻富士町鴛泊字本泊,293,,
01519-4503-4.zip,202602101146,利尻郡利尻富士町鴛泊字本泊,292-1,,
01519-4503-4.zip,202602101146,利尻郡利尻富士町,地区外-692343,,
01519-4503-4.zip,202602101146,利尻郡利尻富士町鴛泊字本泊,長狭物不明-84,,
01519-4503-4.zip,202602101146,利尻郡利尻富士町鴛泊字本泊,1159-1,,
01519-4503-4.zip,202602101146,利尻郡利尻富士町鴛泊字本泊,1160-1,,
01519-4503-4.zip,202602101146,利尻郡利尻富士町鴛泊字本泊,294-2,,
01519-4503-4.zip,202602101146,利尻郡利尻富士町鴛泊字本泊,294-3,,
01519-4503-4.zip,202602101146,利尻郡利尻富士町鴛泊字本泊,294-1,,
01519-4503-4.zip,202602101146,利尻郡利尻富士町鴛泊字本泊,294-6,,
01519-4503-4.zip,202602101146,利尻郡利尻富士町鴛泊字本泊,1160-2,,
01519-4503-4.zip,202602101146,利尻郡利尻富士町鴛泊字本泊,294-9,,
01519-4503-4.zip,202602101146,利尻郡利尻富士町鴛泊字本泊,294-8,,
01519-4503-4.zip,202602101146,利尻郡利尻富士町鴛泊字本泊,294-4,,
01519-4503-4.zip,202602101146,利尻郡利尻富士町鴛泊字本泊,長狭物不明-85,,
01519-4503-4.zip,202602101146,利尻郡利尻富士町鴛泊字本泊,313-2,,
01519-4503-4.zip,202602101146,利尻郡利尻富士町鴛泊字本泊,長狭物不明-86,,
01519-4503-4.zip,202602101146,利尻郡利尻富士町鴛泊字本泊,312-9,,
01519-4503-4.zip,202602101146,利尻郡利尻富士町鴛泊字本泊,1151,,
01519-4503-4.zip,202602101146,利尻郡利尻富士町鴛泊字本泊,312-3,,
01519-4503-4.zip,202602101146,利尻郡利尻富士町鴛泊字本泊,1124,,
01519-4503-4.zip,202602101146,利尻郡利尻富士町鴛泊字本泊,313-1,,
01519-4503-4.zip,202602101146,利尻郡利尻富士町鴛泊字本泊,312-5,,
01519-4503-4.zip,202602101146,利尻郡利尻富士町鴛泊字本泊,312-7,,
01519-4503-4.zip,202602101146,利尻郡利尻富士町鴛泊字本泊,312-2,,
01519-4503-4.zip,202602101146,利尻郡利尻富士町鴛泊字本泊,312-1,,
01519-4503-4.zip,202602101146,利尻郡利尻富士町鴛泊字本泊,312-8,,
01519-4503-4.zip,202602101146,利尻郡利尻富士町鴛泊字本泊,1159-2,,
01519-4503-4.zip,202602101146,利尻郡利尻富士町鴛泊字本泊,312-6,,
01519-4503-4.zip,202602101146,利尻郡利尻富士町鴛泊字本泊,385-4,,
01519-4503-4.zip,202602101146,利尻郡利尻富士町鴛泊字本泊,385-2,,
01519-4503-4.zip,202602101146,利尻郡利尻富士町鴛泊字本泊,長狭物不明-87,,
01519-4503-4.zip,202602101146,利尻郡利尻富士町鴛泊字本泊,1152-2,,
01519-4503-4.zip,202602101146,利尻郡利尻富士町鴛泊字本泊,1152-3,,
01519-4503-4.zip,202602101146,利尻郡利尻富士町鴛泊字本泊,1152-1,,
01519-4503-4.zip,202602101146,利尻郡利尻富士町鴛泊字本泊,1143,,
01519-4503-4.zip,202602101146,利尻郡利尻富士町鴛泊字大磯,458,,
01519-4503-4.zip,202602101146,利尻郡利尻富士町鴛泊字本泊,341,,
01519-4503-4.zip,202602101146,利尻郡利尻富士町鴛泊字本泊,長狭物不明-88,,
01519-4503-4.zip,202602101146,利尻郡利尻富士町鴛泊字本泊,336,,
01519-4503-4.zip,202602101146,利尻郡利尻富士町鴛泊字本泊,339-1,,
01519-4503-4.zip,202602101146,利尻郡利尻富士町鴛泊字本泊,339-2,,
01519-4503-4.zip,202602101146,利尻郡利尻富士町鴛泊字本泊,365-2,,
01519-4503-4.zip,202602101146,利尻郡利尻富士町鴛泊字本泊,1140-1,,
01519-4503-4.zip,202602101146,利尻郡利尻富士町鴛泊字本泊,1145,,
01519-4503-4.zip,202602101146,利尻郡利尻富士町鴛泊字本泊,1137,,
01519-4503-4.zip,202602101146,利尻郡利尻富士町鴛泊字本泊,365-1,,
01519-4503-4.zip,202602101146,利尻郡利尻富士町鴛泊字本泊,364-1,,
01519-4503-4.zip,202602101146,利尻郡利尻富士町鴛泊字本泊,364-2,,
01519-4503-4.zip,202602101146,利尻郡利尻富士町鴛泊字本泊,365-4,,
01519-4503-4.zip,202602101146,利尻郡利尻富士町鴛泊字本泊,365-3,,
01519-4503-4.zip,202602101146,利尻郡利尻富士町鴛泊字本泊,364-3,,
01519-4503-4.zip,202602101146,利尻郡利尻富士町鴛泊字本泊,1144,,
01519-4503-4.zip,202602101146,利尻郡利尻富士町鴛泊字本泊,1155,,
01519-4503-4.zip,202602101146,利尻郡利尻富士町鴛泊字本泊,312-4,,
01519-4503-4.zip,202602101146,利尻郡利尻富士町鴛泊字本泊,301-1,,
01519-4503-4.zip,202602101146,利尻郡利尻富士町鴛泊字本泊,1141,,
01519-4503-4.zip,202602101146,利尻郡利尻富士町鴛泊字本泊,305-2,,
01519-4503-4.zip,202602101146,利尻郡利尻富士町鴛泊字本泊,305-1,,
01519-4503-4.zip,202602101146,利尻郡利尻富士町鴛泊字本泊,304-3,,
01519-4503-4.zip,202602101146,利尻郡利尻富士町鴛泊字本泊,294-7,,
01519-4503-4.zip,202602101146,利尻郡利尻富士町鴛泊字本泊,1149-2,,
01519-4503-4.zip,202602101146,利尻郡利尻富士町鴛泊字本泊,1149-1,,
01519-4503-4.zip,202602101146,利尻郡利尻富士町鴛泊字本泊,294-5,,
01519-4503-4.zip,202602101146,利尻郡利尻富士町鴛泊字本泊,1149-3,,
01519-4503-4.zip,202602101146,利尻郡利尻富士町鴛泊字本泊,長狭物不明-89,,
01519-4503-4.zip,202602101146,利尻郡利尻富士町鴛泊字栄町,水-3,,
01519-4503-4.zip,202602101146,利尻郡利尻富士町,地区外-692408,,
01519-4503-4.zip,202602101146,利尻郡利尻富士町鴛泊字本泊,長狭物不明-90,,
01519-4503-4.zip,202602101146,利尻郡利尻富士町鴛泊字本泊,水-4,,
01519-4503-4.zip,202602101146,利尻郡利尻富士町鴛泊字栄町,262-2,,
01519-4503-4.zip,202602101146,利尻郡利尻富士町鴛泊字本泊,長狭物不明-92,,
01519-4503-4.zip,202602101146,利尻郡利尻富士町鴛泊字本泊,長狭物不明-93,,
01519-4503-4.zip,202602101146,利尻郡利尻富士町鴛泊字本泊,長狭物不明-94,,
01519-4503-4.zip,202602101146,利尻郡利尻富士町鴛泊字本泊,長狭物不明-95,,
01519-4503-4.zip,202602101146,利尻郡利尻富士町鴛泊字本泊,長狭物不明-96,,
01519-4503-4.zip,202602101146,利尻郡利尻富士町鴛泊字本泊,長狭物不明-97,,
01519-4503-4.zip,202602101146,利尻郡利尻富士町鴛泊字本泊,長狭物不明-98,,
01519-4503-4.zip,202602101146,利尻郡利尻富士町鴛泊字本泊,長狭物不明-99,,
01519-4503-4.zip,202602101146,利尻郡利尻富士町鴛泊字本泊,長狭物不明-100,,
01519-4503-4.zip,202602101146,利尻郡利尻富士町鴛泊字本泊,393,,
01519-4503-4.zip,202602101146,利尻郡利尻富士町鴛泊字栄町,262-4,,
01519-4503-4.zip,202602101146,利尻郡利尻富士町鴛泊字栄町,262-3,,
01519-4503-4.zip,202602101146,利尻郡利尻富士町鴛泊字栄町,262-1,,
01519-4503-4.zip,202602101146,利尻郡利尻富士町鴛泊字栄町,262-18,,
01519-4503-4.zip,202602101146,利尻郡利尻富士町,地区外-692432,,
01519-4503-4.zip,202602101146,利尻郡利尻富士町鴛泊字栄町,262-20,,
01519-4503-4.zip,202602101146,利尻郡利尻富士町鴛泊字栄町,262-21,,
01519-4503-4.zip,202602101146,利尻郡利尻富士町鴛泊字栄町,262-33,,
01519-4503-4.zip,202602101146,利尻郡利尻富士町鴛泊字栄町,262-5,,
01519-4503-4.zip,202602101146,利尻郡利尻富士町鴛泊字栄町,262-24,,
01519-4503-4.zip,202602101146,利尻郡利尻富士町鴛泊字本泊,386-3,,
01519-4503-4.zip,202602101146,利尻郡利尻富士町鴛泊字本泊,386-1,,
01519-4503-4.zip,202602101146,利尻郡利尻富士町鴛泊字本泊,386-5,,
01519-4503-4.zip,202602101146,利尻郡利尻富士町鴛泊字本泊,386-2,,
01519-4503-4.zip,202602101146,利尻郡利尻富士町鴛泊字本泊,386-7,,
01519-4503-4.zip,202602101146,利尻郡利尻富士町鴛泊字本泊,386-6,,
01519-4503-4.zip,202602101146,利尻郡利尻富士町鴛泊字本泊,386-4,,
01519-4503-4.zip,202602101146,利尻郡利尻富士町鴛泊字本泊,385-8,,
01519-4503-4.zip,202602101146,利尻郡利尻富士町鴛泊字本泊,386-8,,
01519-4503-4.zip,202602101146,利尻郡利尻富士町鴛泊字栄町,262-34,,
01519-4503-4.zip,202602101146,利尻郡利尻富士町鴛泊字栄町,262-6,,
01519-4503-4.zip,202602101146,利尻郡利尻富士町鴛泊字栄町,262-32,,
01519-4503-4.zip,202602101146,利尻郡利尻富士町鴛泊字栄町,262-31,,
01519-4503-4.zip,202602101146,利尻郡利尻富士町鴛泊字栄町,262-17,,
01519-4503-4.zip,202602101146,利尻郡利尻富士町鴛泊字栄町,262-12,,
01519-4503-4.zip,202602101146,利尻郡利尻富士町鴛泊字栄町,262-11,,
01519-4503-4.zip,202602101146,利尻郡利尻富士町鴛泊字栄町,262-13,,
01519-4503-4.zip,202602101146,利尻郡利尻富士町鴛泊字栄町,262-14,,
01519-4503-4.zip,202602101146,利尻郡利尻富士町鴛泊字栄町,262-19,,
01519-4503-4.zip,202602101146,利尻郡利尻富士町鴛泊字栄町,262-16,,
01519-4503-4.zip,202602101146,利尻郡利尻富士町鴛泊字栄町,262-15,,
01519-4503-4.zip,202602101146,利尻郡利尻富士町鴛泊字栄町,262-10,,
01519-4503-4.zip,202602101146,利尻郡利尻富士町鴛泊字栄町,262-9,,
01519-4503-4.zip,202602101146,利尻郡利尻富士町鴛泊字栄町,262-22,,
01519-4503-4.zip,202602101146,利尻郡利尻富士町鴛泊字栄町,262-23,,
01519-4503-4.zip,202602101146,利尻郡利尻富士町鴛泊字栄町,262-7,,
01519-4503-4.zip,202602101146,利尻郡利尻富士町鴛泊字栄町,262-8,,
01519-4503-4.zip,202602101146,利尻郡利尻富士町鴛泊字本泊,長狭物不明-102,,
01519-4503-4.zip,202602101146,利尻郡利尻富士町鴛泊字本泊,1154,,
01519-4503-4.zip,202602101146,利尻郡利尻富士町,地区外-692469,,
01519-4503-4.zip,202602101146,利尻郡利尻富士町鴛泊字本泊,385-3,,
01519-4503-4.zip,202602101146,利尻郡利尻富士町鴛泊字富士岬,367-2,,
01519-4503-4.zip,202602101146,利尻郡利尻富士町鴛泊字富士野,68-6,,
01519-4503-4.zip,202602101146,利尻郡利尻富士町鴛泊字富士岬,392,,
01519-4503-4.zip,202602101146,利尻郡利尻富士町鴛泊字本泊,長狭物不明-104,,
01519-4503-4.zip,202602101146,利尻郡利尻富士町鴛泊字本泊,長狭物不明-105,,
01519-4503-4.zip,202602101146,利尻郡利尻富士町鴛泊字本泊,385-6,,
01519-4503-4.zip,202602101146,利尻郡利尻富士町鴛泊字本泊,337,,
01519-4503-4.zip,202602101146,利尻郡利尻富士町鴛泊字本泊,385-7,,
01519-4503-4.zip,202602101146,利尻郡利尻富士町鴛泊字富士岬,367-5,,
01519-4503-4.zip,202602101146,利尻郡利尻富士町鴛泊字富士野,68-5,,
01519-4503-4.zip,202602101146,利尻郡利尻富士町,地区外-692484,,
01519-4503-4.zip,202602101146,利尻郡利尻富士町鴛泊字本泊,1136,,
01519-4503-4.zip,202602101146,利尻郡利尻富士町鴛泊字本泊,1139,,
01519-4503-4.zip,202602101146,利尻郡利尻富士町鴛泊字栄町,227-3,,
01519-4503-4.zip,202602101146,利尻郡利尻富士町鴛泊字栄町,長狭物不明-106,,
01519-4503-4.zip,202602101146,利尻郡利尻富士町鴛泊字栄町,長狭物不明-107,,
01519-4503-4.zip,202602101146,利尻郡利尻富士町鴛泊字栄町,234,,
01519-4503-4.zip,202602101146,利尻郡利尻富士町,地区外-692499,,
01519-4503-4.zip,202602101146,利尻郡利尻富士町鴛泊字栄町,262-26,,
01519-4503-4.zip,202602101146,利尻郡利尻富士町鴛泊字栄町,232-10,,
01519-4503-4.zip,202602101146,利尻郡利尻富士町鴛泊字栄町,227-7,,
01519-4503-4.zip,202602101146,利尻郡利尻富士町鴛泊字栄町,227-2,,
01519-4503-4.zip,202602101146,利尻郡利尻富士町鴛泊字栄町,227-9,,
01519-4503-4.zip,202602101146,利尻郡利尻富士町鴛泊字栄町,227-13,,
01519-4503-4.zip,202602101146,利尻郡利尻富士町鴛泊字栄町,長狭物不明-110,,
01519-4503-4.zip,202602101146,利尻郡利尻富士町鴛泊字栄町,268,,
01519-4503-4.zip,202602101146,利尻郡利尻富士町,地区外-692510,,
01519-4503-4.zip,202602101146,利尻郡利尻富士町鴛泊字栄町,長狭物不明-111,,
01519-4503-4.zip,202602101146,利尻郡利尻富士町鴛泊字栄町,227-11,,
01519-4503-4.zip,202602101146,利尻郡利尻富士町鴛泊字本町,125-1,,
01519-4503-4.zip,202602101146,利尻郡利尻富士町鴛泊字本町,長狭物不明-112,,
01519-4503-4.zip,202602101146,利尻郡利尻富士町鴛泊字本町,125-2,,
01519-4503-4.zip,202602101146,利尻郡利尻富士町鴛泊字栄町,227-8,,
01519-4503-4.zip,202602101146,利尻郡利尻富士町鴛泊字栄町,227-12,,
01519-4503-4.zip,202602101146,利尻郡利尻富士町鴛泊字栄町,267,,
01519-4503-4.zip,202602101146,利尻郡利尻富士町鴛泊字栄町,227-10,,
01519-4503-4.zip,202602101146,利尻郡利尻富士町鴛泊字栄町,長狭物不明-113,,
01519-4503-4.zip,202602101146,利尻郡利尻富士町鴛泊字栄町,長狭物不明-114,,
01519-4503-4.zip,202602101146,利尻郡利尻富士町鴛泊字栄町,266,,
01519-4503-4.zip,202602101146,利尻郡利尻富士町鴛泊字栄町,227-6,,
01519-4503-4.zip,202602101146,利尻郡利尻富士町鴛泊字栄町,262-30,,
01519-4503-4.zip,202602101146,利尻郡利尻富士町鴛泊字栄町,260-2,,
01519-4503-4.zip,202602101146,利尻郡利尻富士町鴛泊字栄町,262-29,,
01519-4503-4.zip,202602101146,利尻郡利尻富士町鴛泊字栄町,251,,
01519-4503-4.zip,202602101146,利尻郡利尻富士町鴛泊字栄町,長狭物不明-115,,
01519-4503-4.zip,202602101146,利尻郡利尻富士町鴛泊字栄町,241,,
01519-4503-4.zip,202602101146,利尻郡利尻富士町鴛泊字栄町,長狭物不明-116,,
01519-4503-4.zip,202602101146,利尻郡利尻富士町鴛泊字栄町,240,,
01519-4503-4.zip,202602101146,利尻郡利尻富士町鴛泊字栄町,252,,
01519-4503-4.zip,202602101146,利尻郡利尻富士町鴛泊字栄町,244,,
01519-4503-4.zip,202602101146,利尻郡利尻富士町,地区外-692556,,
01519-4503-4.zip,202602101146,利尻郡利尻富士町鴛泊字栄町,232-7,,
01519-4503-4.zip,202602101146,利尻郡利尻富士町鴛泊字栄町,232-6,,
01519-4503-4.zip,202602101146,利尻郡利尻富士町鴛泊字栄町,232-5,,
01519-4503-4.zip,202602101146,利尻郡利尻富士町鴛泊字栄町,232-4,,
01519-4503-4.zip,202602101146,利尻郡利尻富士町鴛泊字栄町,265,,
01519-4503-4.zip,202602101146,利尻郡利尻富士町鴛泊字栄町,262-42,,
01519-4503-4.zip,202602101146,利尻郡利尻富士町鴛泊字富士野,68-1,,
01519-4503-4.zip,202602101146,利尻郡利尻富士町鴛泊字富士野,68-8,,
01519-4503-4.zip,202602101146,利尻郡利尻富士町鴛泊字富士野,長狭物不明-91,,
01519-4503-4.zip,202602101146,利尻郡利尻富士町鴛泊字富士岬,長狭物不明-103,,
01519-4503-4.zip,202602101146,利尻郡利尻富士町鴛泊字富士野,68-2,,
01519-4503-4.zip,202602101146,利尻郡利尻富士町,地区外-692563,,
01519-4503-4.zip,202602101146,利尻郡利尻富士町鴛泊字富士野,68-9,,
01519-4503-4.zip,202602101146,利尻郡利尻富士町鴛泊字富士野,長狭物不明-108,,
01519-4503-4.zip,202602101146,利尻郡利尻富士町鴛泊字富士野,長狭物不明-108-1,,
01519-4503-4.zip,202602101146,利尻郡利尻富士町鴛泊字富士野,7-2,,
01519-4503-4.zip,202602101146,利尻郡利尻富士町鴛泊字富士野,109,,
01519-4503-4.zip,202602101146,利尻郡利尻富士町鴛泊字富士野,110,,
01519-4503-4.zip,202602101146,利尻郡利尻富士町鴛泊字栄町,道-16,,
01519-4503-4.zip,202602101146,利尻郡利尻富士町鴛泊字栄町,道-8,,
01519-4503-4.zip,202602101146,利尻郡利尻富士町鴛泊字栄町,道-17,,
01519-4503-4.zip,202602101146,利尻郡利尻富士町鴛泊字栄町,261,,
01519-4503-4.zip,202602101146,利尻郡利尻富士町鴛泊字栄町,260-1,,
01519-4503-4.zip,202602101146,利尻郡利尻富士町鴛泊字栄町,290,,
01519-4503-4.zip,202602101146,利尻郡利尻富士町鴛泊字栄町,291,,
01519-4503-4.zip,202602101146,利尻郡利尻富士町鴛泊字栄町,道-1,,
01519-4503-4.zip,202602101146,利尻郡利尻富士町,地区外-692489,,
01519-4503-4.zip,202602101146,利尻郡利尻富士町鴛泊字栄町,262-25,,
01519-4503-4.zip,202602101146,利尻郡利尻富士町,地区外-692488,,
01519-4503-4.zip,202602101146,利尻郡利尻富士町鴛泊字栄町,292,,
01519-4503-4.zip,202602101146,利尻郡利尻富士町鴛泊字大磯,長狭物不明-3,,
01519-4503-4.zip,202602101146,利尻郡利尻富士町鴛泊字大磯,521,,
01519-4503-4.zip,202602101146,利尻郡利尻富士町鴛泊字大磯,長狭物不明-17,,
01519-4503-4.zip,202602101146,利尻郡利尻富士町鴛泊字大磯,501-1,,
01519-4503-4.zip,202602101146,利尻郡利尻富士町鴛泊字大磯,長狭物不明-31,,
01519-4503-4.zip,202602101146,利尻郡利尻富士町鴛泊字大磯,長狭物不明-34,,
01519-4503-4.zip,202602101146,利尻郡利尻富士町鴛泊字大磯,498,,
01519-4503-4.zip,202602101146,利尻郡利尻富士町鴛泊字大磯,長狭物不明-37,,
01519-4503-4.zip,202602101146,利尻郡利尻富士町鴛泊字大磯,長狭物不明-42,,
01519-4503-4.zip,202602101146,利尻郡利尻富士町鴛泊字大磯,長狭物不明-66,,
01519-4503-4.zip,202602101146,利尻郡利尻富士町鴛泊字大磯,489,,
01519-4503-4.zip,202602101146,利尻郡利尻富士町鴛泊字大磯,487,,
01519-4503-4.zip,202602101146,利尻郡利尻富士町鴛泊字大磯,長狭物不明-72,,
01519-4503-4.zip,202602101146,利尻郡利尻富士町鴛泊字大磯,500,,
01519-4503-4.zip,202602101146,利尻郡利尻富士町鴛泊字本泊,385-9,,
01519-4503-4.zip,202602101146,利尻郡利尻富士町鴛泊字本泊,385-1,,
01519-4503-4.zip,202602101146,利尻郡利尻富士町鴛泊字本泊,385-5,,
01519-4503-4.zip,202602101146,利尻郡利尻富士町鴛泊字本泊,1153,,
01519-4503-4.zip,202602101146,利尻郡利尻富士町鴛泊字本泊,長狭物不明-101,,
01519-4503-4.zip,202602101146,利尻郡利尻富士町鴛泊字富士岬,367-9,,
01519-4503-4.zip,202602101146,利尻郡利尻富士町鴛泊字富士岬,367-1,,
01519-4503-4.zip,202602101146,利尻郡利尻富士町鴛泊字富士岬,367-8,,
01519-4503-4.zip,202602101146,利尻郡利尻富士町鴛泊字富士岬,367-4,,
01519-4503-4.zip,202602101146,利尻郡利尻富士町鴛泊字富士岬,367-6,,
01519-4503-4.zip,202602101146,利尻郡利尻富士町鴛泊字富士岬,長狭物不明-9,,
01519-4503-4.zip,202602101146,利尻郡利尻富士町鴛泊字栄町,233-2,,
01519-4503-4.zip,202602101146,利尻郡利尻富士町鴛泊字栄町,233-4,,
01519-4503-4.zip,202602101146,利尻郡利尻富士町鴛泊字栄町,233-3,,
01519-4503-4.zip,202602101146,利尻郡利尻富士町鴛泊字栄町,233-1,,
01519-4503-4.zip,202602101146,利尻郡利尻富士町鴛泊字栄町,長狭物不明-109,,
01519-4503-4.zip,202602101146,利尻郡利尻富士町鴛泊字栄町,232-8,,
01519-4503-5.zip,202602101146,利尻郡利尻富士町鬼脇字南浜,長狭物不明-1,,
01519-4503-5.zip,202602101146,利尻郡利尻富士町鬼脇字南浜,1332,,
01519-4503-5.zip,202602101146,利尻郡利尻富士町鬼脇字清川,水-1,,
01519-4503-5.zip,202602101146,利尻郡利尻富士町鬼脇字南浜,1330,,
01519-4503-5.zip,202602101146,利尻郡利尻富士町鬼脇字南浜,1329,,
01519-4503-5.zip,202602101146,利尻郡利尻富士町鬼脇字清川,水-2,,
01519-4503-5.zip,202602101146,利尻郡利尻富士町鬼脇字金崎,22,,
01519-4503-5.zip,202602101146,利尻郡利尻富士町鬼脇字南浜,水-3,,
01519-4503-5.zip,202602101146,利尻郡利尻富士町鬼脇字南浜,長狭物不明-2,,
01519-4503-5.zip,202602101146,利尻郡利尻富士町鬼脇字沼浦,133-1,,
01519-4503-5.zip,202602101146,利尻郡利尻富士町鬼脇字清川,道-1,,
01519-4503-5.zip,202602101146,利尻郡利尻富士町鬼脇字鬼脇,道-2,,
01519-4503-5.zip,202602101146,利尻郡利尻富士町鬼脇字沼浦,長狭物不明-3,,
01519-4503-5.zip,202602101146,利尻郡利尻富士町鬼脇字沼浦,長狭物不明-4,,
01519-4503-5.zip,202602101146,利尻郡利尻富士町鬼脇字南浜,長狭物不明-5,,
01519-4503-5.zip,202602101146,利尻郡利尻富士町鬼脇字清川,水-4,,
01519-4503-5.zip,202602101146,利尻郡利尻富士町鬼脇字清川,筆界未定地-1,利尻郡利尻富士町鬼脇字清川,92
01519-4503-5.zip,202602101146,利尻郡利尻富士町鬼脇字清川,筆界未定地-1,利尻郡利尻富士町鬼脇字清川,道-3
01519-4503-5.zip,202602101146,利尻郡利尻富士町鬼脇字清川,筆界未定地-2,利尻郡利尻富士町鬼脇字清川,53
01519-4503-5.zip,202602101146,利尻郡利尻富士町鬼脇字清川,筆界未定地-2,利尻郡利尻富士町鬼脇字清川,54
01519-4503-5.zip,202602101146,利尻郡利尻富士町鬼脇字清川,筆界未定地-2,利尻郡利尻富士町鬼脇字清川,98
01519-4503-5.zip,202602101146,利尻郡利尻富士町鬼脇字清川,筆界未定地-2,利尻郡利尻富士町鬼脇字清川,道-4
01519-4503-5.zip,202602101146,利尻郡利尻富士町鬼脇字清川,筆界未定地-3,利尻郡利尻富士町鬼脇字清川,99
01519-4503-5.zip,202602101146,利尻郡利尻富士町鬼脇字清川,筆界未定地-3,利尻郡利尻富士町鬼脇字清川,道-5
01519-4503-5.zip,202602101146,利尻郡利尻富士町鬼脇字清川,筆界未定地-4,利尻郡利尻富士町鬼脇字清川,100-1W1
01519-4503-5.zip,202602101146,利尻郡利尻富士町鬼脇字清川,筆界未定地-4,利尻郡利尻富士町鬼脇字清川,100-2W1
01519-4503-5.zip,202602101146,利尻郡利尻富士町鬼脇字清川,筆界未定地-4,利尻郡利尻富士町鬼脇字清川,100-3W1
01519-4503-5.zip,202602101146,利尻郡利尻富士町鬼脇字清川,筆界未定地-4,利尻郡利尻富士町鬼脇字清川,100-4W1
01519-4503-5.zip,202602101146,利尻郡利尻富士町鬼脇字清川,筆界未定地-4,利尻郡利尻富士町鬼脇字清川,100-5W1
01519-4503-5.zip,202602101146,利尻郡利尻富士町鬼脇字清川,筆界未定地-4,利尻郡利尻富士町鬼脇字清川,100-6W1
01519-4503-5.zip,202602101146,利尻郡利尻富士町鬼脇字清川,筆界未定地-4,利尻郡利尻富士町鬼脇字清川,100-7W1
01519-4503-5.zip,202602101146,利尻郡利尻富士町鬼脇字清川,筆界未定地-4,利尻郡利尻富士町鬼脇字清川,100-8W1
01519-4503-5.zip,202602101146,利尻郡利尻富士町鬼脇字清川,筆界未定地-4,利尻郡利尻富士町鬼脇字清川,100-9W1
01519-4503-5.zip,202602101146,利尻郡利尻富士町鬼脇字清川,筆界未定地-4,利尻郡利尻富士町鬼脇字清川,100-10W1
01519-4503-5.zip,202602101146,利尻郡利尻富士町鬼脇字清川,筆界未定地-4,利尻郡利尻富士町鬼脇字清川,100-11W1
01519-4503-5.zip,202602101146,利尻郡利尻富士町鬼脇字清川,筆界未定地-4,利尻郡利尻富士町鬼脇字清川,100-12W1
01519-4503-5.zip,202602101146,利尻郡利尻富士町鬼脇字清川,筆界未定地-4,利尻郡利尻富士町鬼脇字清川,100-13W1
01519-4503-5.zip,202602101146,利尻郡利尻富士町鬼脇字清川,筆界未定地-4,利尻郡利尻富士町鬼脇字清川,100-14W1
01519-4503-5.zip,202602101146,利尻郡利尻富士町鬼脇字清川,筆界未定地-4,利尻郡利尻富士町鬼脇字清川,100-15W1
01519-4503-5.zip,202602101146,利尻郡利尻富士町鬼脇字清川,筆界未定地-4,利尻郡利尻富士町鬼脇字清川,100-16W1
01519-4503-5.zip,202602101146,利尻郡利尻富士町鬼脇字清川,筆界未定地-4,利尻郡利尻富士町鬼脇字清川,100-19W1
01519-4503-5.zip,202602101146,利尻郡利尻富士町鬼脇字清川,筆界未定地-4,利尻郡利尻富士町鬼脇字清川,100-20W1
01519-4503-5.zip,202602101146,利尻郡利尻富士町鬼脇字清川,筆界未定地-4,利尻郡利尻富士町鬼脇字清川,100-21W1
01519-4503-5.zip,202602101146,利尻郡利尻富士町鬼脇字清川,筆界未定地-4,利尻郡利尻富士町鬼脇字清川,100-22W1
01519-4503-5.zip,202602101146,利尻郡利尻富士町鬼脇字清川,筆界未定地-4,利尻郡利尻富士町鬼脇字清川,100-23W1
01519-4503-5.zip,202602101146,利尻郡利尻富士町鬼脇字清川,筆界未定地-4,利尻郡利尻富士町鬼脇字清川,100-24W1
01519-4503-5.zip,202602101146,利尻郡利尻富士町鬼脇字清川,筆界未定地-4,利尻郡利尻富士町鬼脇字清川,100-25W1
01519-4503-5.zip,202602101146,利尻郡利尻富士町鬼脇字清川,筆界未定地-4,利尻郡利尻富士町鬼脇字清川,100-26W1
01519-4503-5.zip,202602101146,利尻郡利尻富士町鬼脇字清川,筆界未定地-4,利尻郡利尻富士町鬼脇字清川,100-27W1
01519-4503-5.zip,202602101146,利尻郡利尻富士町鬼脇字清川,筆界未定地-4,利尻郡利尻富士町鬼脇字清川,100-28W1
01519-4503-5.zip,202602101146,利尻郡利尻富士町鬼脇字清川,筆界未定地-4,利尻郡利尻富士町鬼脇字清川,100-29W1
01519-4503-5.zip,202602101146,利尻郡利尻富士町鬼脇字清川,筆界未定地-4,利尻郡利尻富士町鬼脇字清川,100-30W1
01519-4503-5.zip,202602101146,利尻郡利尻富士町鬼脇字清川,筆界未定地-4,利尻郡利尻富士町鬼脇字清川,100-31W1
01519-4503-5.zip,202602101146,利尻郡利尻富士町鬼脇字清川,筆界未定地-4,利尻郡利尻富士町鬼脇字清川,100-32W1
01519-4503-5.zip,202602101146,利尻郡利尻富士町鬼脇字清川,筆界未定地-4,利尻郡利尻富士町鬼脇字清川,100-33W1
01519-4503-5.zip,202602101146,利尻郡利尻富士町鬼脇字清川,筆界未定地-4,利尻郡利尻富士町鬼脇字清川,100-34W1
01519-4503-5.zip,202602101146,利尻郡利尻富士町鬼脇字清川,筆界未定地-4,利尻郡利尻富士町鬼脇字清川,101W1
01519-4503-5.zip,202602101146,利尻郡利尻富士町鬼脇字清川,筆界未定地-4,利尻郡利尻富士町鬼脇字清川,102W1
01519-4503-5.zip,202602101146,利尻郡利尻富士町鬼脇字清川,筆界未定地-4,利尻郡利尻富士町鬼脇字清川,103W1
01519-4503-5.zip,202602101146,利尻郡利尻富士町鬼脇字清川,筆界未定地-4,利尻郡利尻富士町鬼脇字清川,104W1
01519-4503-5.zip,202602101146,利尻郡利尻富士町鬼脇字清川,筆界未定地-4,利尻郡利尻富士町鬼脇字清川,105W1
01519-4503-5.zip,202602101146,利尻郡利尻富士町鬼脇字清川,筆界未定地-4,利尻郡利尻富士町鬼脇字清川,106W1
01519-4503-5.zip,202602101146,利尻郡利尻富士町鬼脇字清川,筆界未定地-4,利尻郡利尻富士町鬼脇字清川,107W1
01519-4503-5.zip,202602101146,利尻郡利尻富士町鬼脇字清川,筆界未定地-4,利尻郡利尻富士町鬼脇字清川,108W1
01519-4503-5.zip,202602101146,利尻郡利尻富士町鬼脇字清川,筆界未定地-4,利尻郡利尻富士町鬼脇字清川,109W1
01519-4503-5.zip,202602101146,利尻郡利尻富士町鬼脇字清川,筆界未定地-4,利尻郡利尻富士町鬼脇字清川,110W1
01519-4503-5.zip,202602101146,利尻郡利尻富士町鬼脇字清川,筆界未定地-4,利尻郡利尻富士町鬼脇字清川,111W1
01519-4503-5.zip,202602101146,利尻郡利尻富士町鬼脇字清川,筆界未定地-4,利尻郡利尻富士町鬼脇字清川,112W1
01519-4503-5.zip,202602101146,利尻郡利尻富士町鬼脇字清川,筆界未定地-4,利尻郡利尻富士町鬼脇字清川,113W1
01519-4503-5.zip,202602101146,利尻郡利尻富士町鬼脇字清川,筆界未定地-4,利尻郡利尻富士町鬼脇字清川,114W1
01519-4503-5.zip,202602101146,利尻郡利尻富士町鬼脇字清川,筆界未定地-4,利尻郡利尻富士町鬼脇字清川,115W1
01519-4503-5.zip,202602101146,利尻郡利尻富士町鬼脇字清川,筆界未定地-4,利尻郡利尻富士町鬼脇字清川,116W1
01519-4503-5.zip,202602101146,利尻郡利尻富士町鬼脇字清川,筆界未定地-4,利尻郡利尻富士町鬼脇字清川,117W1
01519-4503-5.zip,202602101146,利尻郡利尻富士町鬼脇字清川,筆界未定地-4,利尻郡利尻富士町鬼脇字清川,118W1
01519-4503-5.zip,202602101146,利尻郡利尻富士町鬼脇字清川,筆界未定地-5,利尻郡利尻富士町鬼脇字清川,123
01519-4503-5.zip,202602101146,利尻郡利尻富士町鬼脇字清川,筆界未定地-5,利尻郡利尻富士町鬼脇字清川,124
01519-4503-5.zip,202602101146,利尻郡利尻富士町鬼脇字清川,筆界未定地-6,利尻郡利尻富士町鬼脇字清川,100-1W2
01519-4503-5.zip,202602101146,利尻郡利尻富士町鬼脇字清川,筆界未定地-6,利尻郡利尻富士町鬼脇字清川,100-2W2
01519-4503-5.zip,202602101146,利尻郡利尻富士町鬼脇字清川,筆界未定地-6,利尻郡利尻富士町鬼脇字清川,100-3W2
01519-4503-5.zip,202602101146,利尻郡利尻富士町鬼脇字清川,筆界未定地-6,利尻郡利尻富士町鬼脇字清川,100-4W2
01519-4503-5.zip,202602101146,利尻郡利尻富士町鬼脇字清川,筆界未定地-6,利尻郡利尻富士町鬼脇字清川,100-5W2
01519-4503-5.zip,202602101146,利尻郡利尻富士町鬼脇字清川,筆界未定地-6,利尻郡利尻富士町鬼脇字清川,100-6W2
01519-4503-5.zip,202602101146,利尻郡利尻富士町鬼脇字清川,筆界未定地-6,利尻郡利尻富士町鬼脇字清川,100-7W2
01519-4503-5.zip,202602101146,利尻郡利尻富士町鬼脇字清川,筆界未定地-6,利尻郡利尻富士町鬼脇字清川,100-8W2
01519-4503-5.zip,202602101146,利尻郡利尻富士町鬼脇字清川,筆界未定地-6,利尻郡利尻富士町鬼脇字清川,100-9W2
01519-4503-5.zip,202602101146,利尻郡利尻富士町鬼脇字清川,筆界未定地-6,利尻郡利尻富士町鬼脇字清川,100-10W2
01519-4503-5.zip,202602101146,利尻郡利尻富士町鬼脇字清川,筆界未定地-6,利尻郡利尻富士町鬼脇字清川,100-11W2
01519-4503-5.zip,202602101146,利尻郡利尻富士町鬼脇字清川,筆界未定地-6,利尻郡利尻富士町鬼脇字清川,100-12W2
01519-4503-5.zip,202602101146,利尻郡利尻富士町鬼脇字清川,筆界未定地-6,利尻郡利尻富士町鬼脇字清川,100-13W2
01519-4503-5.zip,202602101146,利尻郡利尻富士町鬼脇字清川,筆界未定地-6,利尻郡利尻富士町鬼脇字清川,100-14W2
01519-4503-5.zip,202602101146,利尻郡利尻富士町鬼脇字清川,筆界未定地-6,利尻郡利尻富士町鬼脇字清川,100-15W2
01519-4503-5.zip,202602101146,利尻郡利尻富士町鬼脇字清川,筆界未定地-6,利尻郡利尻富士町鬼脇字清川,100-16W2
01519-4503-5.zip,202602101146,利尻郡利尻富士町鬼脇字清川,筆界未定地-6,利尻郡利尻富士町鬼脇字清川,100-19W2
01519-4503-5.zip,202602101146,利尻郡利尻富士町鬼脇字清川,筆界未定地-6,利尻郡利尻富士町鬼脇字清川,100-20W2
01519-4503-5.zip,202602101146,利尻郡利尻富士町鬼脇字清川,筆界未定地-6,利尻郡利尻富士町鬼脇字清川,100-21W2
01519-4503-5.zip,202602101146,利尻郡利尻富士町鬼脇字清川,筆界未定地-6,利尻郡利尻富士町鬼脇字清川,100-22W2
01519-4503-5.zip,202602101146,利尻郡利尻富士町鬼脇字清川,筆界未定地-6,利尻郡利尻富士町鬼脇字清川,100-23W2
01519-4503-5.zip,202602101146,利尻郡利尻富士町鬼脇字清川,筆界未定地-6,利尻郡利尻富士町鬼脇字清川,100-24W2
01519-4503-5.zip,202602101146,利尻郡利尻富士町鬼脇字清川,筆界未定地-6,利尻郡利尻富士町鬼脇字清川,100-25W2
01519-4503-5.zip,202602101146,利尻郡利尻富士町鬼脇字清川,筆界未定地-6,利尻郡利尻富士町鬼脇字清川,100-26W2
01519-4503-5.zip,202602101146,利尻郡利尻富士町鬼脇字清川,筆界未定地-6,利尻郡利尻富士町鬼脇字清川,100-27W2
01519-4503-5.zip,202602101146,利尻郡利尻富士町鬼脇字清川,筆界未定地-6,利尻郡利尻富士町鬼脇字清川,100-28W2
01519-4503-5.zip,202602101146,利尻郡利尻富士町鬼脇字清川,筆界未定地-6,利尻郡利尻富士町鬼脇字清川,100-29W2
01519-4503-5.zip,202602101146,利尻郡利尻富士町鬼脇字清川,筆界未定地-6,利尻郡利尻富士町鬼脇字清川,100-30W2
01519-4503-5.zip,202602101146,利尻郡利尻富士町鬼脇字清川,筆界未定地-6,利尻郡利尻富士町鬼脇字清川,100-31W2
01519-4503-5.zip,202602101146,利尻郡利尻富士町鬼脇字清川,筆界未定地-6,利尻郡利尻富士町鬼脇字清川,100-32W2
01519-4503-5.zip,202602101146,利尻郡利尻富士町鬼脇字清川,筆界未定地-6,利尻郡利尻富士町鬼脇字清川,100-33W2
01519-4503-5.zip,202602101146,利尻郡利尻富士町鬼脇字清川,筆界未定地-6,利尻郡利尻富士町鬼脇字清川,100-34W2
01519-4503-5.zip,202602101146,利尻郡利尻富士町鬼脇字清川,筆界未定地-6,利尻郡利尻富士町鬼脇字清川,101W2
01519-4503-5.zip,202602101146,利尻郡利尻富士町鬼脇字清川,筆界未定地-6,利尻郡利尻富士町鬼脇字清川,102W2
01519-4503-5.zip,202602101146,利尻郡利尻富士町鬼脇字清川,筆界未定地-6,利尻郡利尻富士町鬼脇字清川,103W2
01519-4503-5.zip,202602101146,利尻郡利尻富士町鬼脇字清川,筆界未定地-6,利尻郡利尻富士町鬼脇字清川,104W2
01519-4503-5.zip,202602101146,利尻郡利尻富士町鬼脇字清川,筆界未定地-6,利尻郡利尻富士町鬼脇字清川,105W2
01519-4503-5.zip,202602101146,利尻郡利尻富士町鬼脇字清川,筆界未定地-6,利尻郡利尻富士町鬼脇字清川,106W2
01519-4503-5.zip,202602101146,利尻郡利尻富士町鬼脇字清川,筆界未定地-6,利尻郡利尻富士町鬼脇字清川,107W2
01519-4503-5.zip,202602101146,利尻郡利尻富士町鬼脇字清川,筆界未定地-6,利尻郡利尻富士町鬼脇字清川,108W2
01519-4503-5.zip,202602101146,利尻郡利尻富士町鬼脇字清川,筆界未定地-6,利尻郡利尻富士町鬼脇字清川,109W2
01519-4503-5.zip,202602101146,利尻郡利尻富士町鬼脇字清川,筆界未定地-6,利尻郡利尻富士町鬼脇字清川,110W2
01519-4503-5.zip,202602101146,利尻郡利尻富士町鬼脇字清川,筆界未定地-6,利尻郡利尻富士町鬼脇字清川,111W2
01519-4503-5.zip,202602101146,利尻郡利尻富士町鬼脇字清川,筆界未定地-6,利尻郡利尻富士町鬼脇字清川,112W2
01519-4503-5.zip,202602101146,利尻郡利尻富士町鬼脇字清川,筆界未定地-6,利尻郡利尻富士町鬼脇字清川,113W2
01519-4503-5.zip,202602101146,利尻郡利尻富士町鬼脇字清川,筆界未定地-6,利尻郡利尻富士町鬼脇字清川,114W2
01519-4503-5.zip,202602101146,利尻郡利尻富士町鬼脇字清川,筆界未定地-6,利尻郡利尻富士町鬼脇字清川,115W2
01519-4503-5.zip,202602101146,利尻郡利尻富士町鬼脇字清川,筆界未定地-6,利尻郡利尻富士町鬼脇字清川,116W2
01519-4503-5.zip,202602101146,利尻郡利尻富士町鬼脇字清川,筆界未定地-6,利尻郡利尻富士町鬼脇字清川,117W2
01519-4503-5.zip,202602101146,利尻郡利尻富士町鬼脇字清川,筆界未定地-6,利尻郡利尻富士町鬼脇字清川,118W2
01519-4503-5.zip,202602101146,利尻郡利尻富士町鬼脇字鬼脇,筆界未定地-8,利尻郡利尻富士町鬼脇字鬼脇,114
01519-4503-5.zip,202602101146,利尻郡利尻富士町鬼脇字鬼脇,筆界未定地-8,利尻郡利尻富士町鬼脇字鬼脇,道-7
01519-4503-5.zip,202602101146,利尻郡利尻富士町鬼脇字鬼脇,筆界未定地-9,利尻郡利尻富士町鬼脇字鬼脇,113
01519-4503-5.zip,202602101146,利尻郡利尻富士町鬼脇字鬼脇,筆界未定地-9,利尻郡利尻富士町鬼脇字鬼脇,道-8
01519-4503-5.zip,202602101146,利尻郡利尻富士町鬼脇字鬼脇,筆界未定地-10,利尻郡利尻富士町鬼脇字鬼脇,154-1
01519-4503-5.zip,202602101146,利尻郡利尻富士町鬼脇字鬼脇,筆界未定地-10,利尻郡利尻富士町鬼脇字鬼脇,154-2
01519-4503-5.zip,202602101146,利尻郡利尻富士町鬼脇字鬼脇,筆界未定地-10,利尻郡利尻富士町鬼脇字鬼脇,154-3
01519-4503-5.zip,202602101146,利尻郡利尻富士町鬼脇字鬼脇,筆界未定地-10,利尻郡利尻富士町鬼脇字鬼脇,154-4
01519-4503-5.zip,202602101146,利尻郡利尻富士町鬼脇字鬼脇,筆界未定地-10,利尻郡利尻富士町鬼脇字鬼脇,154-5
01519-4503-5.zip,202602101146,利尻郡利尻富士町鬼脇字鬼脇,筆界未定地-10,利尻郡利尻富士町鬼脇字鬼脇,154-6
01519-4503-5.zip,202602101146,利尻郡利尻富士町鬼脇字鬼脇,筆界未定地-10,利尻郡利尻富士町鬼脇字鬼脇,154-7
01519-4503-5.zip,202602101146,利尻郡利尻富士町鬼脇字鬼脇,筆界未定地-11,利尻郡利尻富士町鬼脇字鬼脇,94-1
01519-4503-5.zip,202602101146,利尻郡利尻富士町鬼脇字鬼脇,筆界未定地-11,利尻郡利尻富士町鬼脇字鬼脇,94-2
01519-4503-5.zip,202602101146,利尻郡利尻富士町鬼脇字鬼脇,筆界未定地-11,利尻郡利尻富士町鬼脇字鬼脇,94-3
01519-4503-5.zip,202602101146,利尻郡利尻富士町鬼脇字鬼脇,筆界未定地-11,利尻郡利尻富士町鬼脇字鬼脇,94-4
01519-4503-5.zip,202602101146,利尻郡利尻富士町鬼脇字鬼脇,筆界未定地-12,利尻郡利尻富士町鬼脇字鬼脇,152
01519-4503-5.zip,202602101146,利尻郡利尻富士町鬼脇字鬼脇,筆界未定地-12,利尻郡利尻富士町鬼脇字鬼脇,道-9
01519-4503-5.zip,202602101146,利尻郡利尻富士町鬼脇字鬼脇,筆界未定地-13,利尻郡利尻富士町鬼脇字鬼脇,239
01519-4503-5.zip,202602101146,利尻郡利尻富士町鬼脇字鬼脇,筆界未定地-13,利尻郡利尻富士町鬼脇字鬼脇,240
01519-4503-5.zip,202602101146,利尻郡利尻富士町鬼脇字鬼脇,筆界未定地-15,利尻郡利尻富士町鬼脇字鬼脇,219
01519-4503-5.zip,202602101146,利尻郡利尻富士町鬼脇字鬼脇,筆界未定地-15,利尻郡利尻富士町鬼脇字鬼脇,220
01519-4503-5.zip,202602101146,利尻郡利尻富士町鬼脇字金崎,筆界未定地-18,利尻郡利尻富士町鬼脇字金崎,321-1
01519-4503-5.zip,202602101146,利尻郡利尻富士町鬼脇字金崎,筆界未定地-18,利尻郡利尻富士町鬼脇字金崎,321-2
01519-4503-5.zip,202602101146,利尻郡利尻富士町鬼脇字金崎,筆界未定地-18,利尻郡利尻富士町鬼脇字金崎,321-3
01519-4503-5.zip,202602101146,利尻郡利尻富士町鬼脇字金崎,筆界未定地-19,利尻郡利尻富士町鬼脇字金崎,324
01519-4503-5.zip,202602101146,利尻郡利尻富士町鬼脇字金崎,筆界未定地-19,利尻郡利尻富士町鬼脇字金崎,325
01519-4503-5.zip,202602101146,利尻郡利尻富士町鬼脇字金崎,筆界未定地-20,利尻郡利尻富士町鬼脇字金崎,227
01519-4503-5.zip,202602101146,利尻郡利尻富士町鬼脇字金崎,筆界未定地-20,利尻郡利尻富士町鬼脇字金崎,228
01519-4503-5.zip,202602101146,利尻郡利尻富士町鬼脇字金崎,筆界未定地-21V1,利尻郡利尻富士町鬼脇字金崎,215-1W1
01519-4503-5.zip,202602101146,利尻郡利尻富士町鬼脇字金崎,筆界未定地-21V1,利尻郡利尻富士町鬼脇字金崎,215-2W1
01519-4503-5.zip,202602101146,利尻郡利尻富士町鬼脇字金崎,筆界未定地-21V1,利尻郡利尻富士町鬼脇字金崎,215-3W1
01519-4503-5.zip,202602101146,利尻郡利尻富士町鬼脇字金崎,筆界未定地-22V1,利尻郡利尻富士町鬼脇字金崎,218-1W1
01519-4503-5.zip,202602101146,利尻郡利尻富士町鬼脇字金崎,筆界未定地-22V1,利尻郡利尻富士町鬼脇字金崎,218-2W1
01519-4503-5.zip,202602101146,利尻郡利尻富士町鬼脇字金崎,筆界未定地-22V1,利尻郡利尻富士町鬼脇字金崎,218-3W1
01519-4503-5.zip,202602101146,利尻郡利尻富士町鬼脇字金崎,筆界未定地-22V2,利尻郡利尻富士町鬼脇字金崎,218-1W2
01519-4503-5.zip,202602101146,利尻郡利尻富士町鬼脇字金崎,筆界未定地-22V2,利尻郡利尻富士町鬼脇字金崎,218-2W2
01519-4503-5.zip,202602101146,利尻郡利尻富士町鬼脇字金崎,筆界未定地-22V2,利尻郡利尻富士町鬼脇字金崎,218-3W2
01519-4503-5.zip,202602101146,利尻郡利尻富士町鬼脇字金崎,筆界未定地-23,利尻郡利尻富士町鬼脇字金崎,196-1
01519-4503-5.zip,202602101146,利尻郡利尻富士町鬼脇字金崎,筆界未定地-23,利尻郡利尻富士町鬼脇字金崎,196-2
01519-4503-5.zip,202602101146,利尻郡利尻富士町鬼脇字金崎,筆界未定地-23,利尻郡利尻富士町鬼脇字金崎,196-3
01519-4503-5.zip,202602101146,利尻郡利尻富士町鬼脇字金崎,筆界未定地-21V2,利尻郡利尻富士町鬼脇字金崎,215-1W2
01519-4503-5.zip,202602101146,利尻郡利尻富士町鬼脇字金崎,筆界未定地-21V2,利尻郡利尻富士町鬼脇字金崎,215-2W2
01519-4503-5.zip,202602101146,利尻郡利尻富士町鬼脇字金崎,筆界未定地-21V2,利尻郡利尻富士町鬼脇字金崎,215-3W2
01519-4503-5.zip,202602101146,利尻郡利尻富士町鬼脇字金崎,筆界未定地-21V3,利尻郡利尻富士町鬼脇字金崎,215-1W3
01519-4503-5.zip,202602101146,利尻郡利尻富士町鬼脇字金崎,筆界未定地-21V3,利尻郡利尻富士町鬼脇字金崎,215-2W3
01519-4503-5.zip,202602101146,利尻郡利尻富士町鬼脇字金崎,筆界未定地-21V3,利尻郡利尻富士町鬼脇字金崎,215-3W3
01519-4503-5.zip,202602101146,利尻郡利尻富士町鬼脇字金崎,筆界未定地-22V3,利尻郡利尻富士町鬼脇字金崎,218-1W3
01519-4503-5.zip,202602101146,利尻郡利尻富士町鬼脇字金崎,筆界未定地-22V3,利尻郡利尻富士町鬼脇字金崎,218-2W3
01519-4503-5.zip,202602101146,利尻郡利尻富士町鬼脇字金崎,筆界未定地-22V3,利尻郡利尻富士町鬼脇字金崎,218-3W3
01519-4503-5.zip,202602101146,利尻郡利尻富士町鬼脇字金崎,筆界未定地-21V4,利尻郡利尻富士町鬼脇字金崎,215-1W4
01519-4503-5.zip,202602101146,利尻郡利尻富士町鬼脇字金崎,筆界未定地-21V4,利尻郡利尻富士町鬼脇字金崎,215-2W4
01519-4503-5.zip,202602101146,利尻郡利尻富士町鬼脇字金崎,筆界未定地-21V4,利尻郡利尻富士町鬼脇字金崎,215-3W4
01519-4503-5.zip,202602101146,利尻郡利尻富士町鬼脇字金崎,筆界未定地-22V4,利尻郡利尻富士町鬼脇字金崎,218-1W4
01519-4503-5.zip,202602101146,利尻郡利尻富士町鬼脇字金崎,筆界未定地-22V4,利尻郡利尻富士町鬼脇字金崎,218-2W4
01519-4503-5.zip,202602101146,利尻郡利尻富士町鬼脇字金崎,筆界未定地-22V4,利尻郡利尻富士町鬼脇字金崎,218-3W4
01519-4503-5.zip,202602101146,利尻郡利尻富士町鬼脇字金崎,筆界未定地-21V5,利尻郡利尻富士町鬼脇字金崎,215-1W5
01519-4503-5.zip,202602101146,利尻郡利尻富士町鬼脇字金崎,筆界未定地-21V5,利尻郡利尻富士町鬼脇字金崎,215-2W5
01519-4503-5.zip,202602101146,利尻郡利尻富士町鬼脇字金崎,筆界未定地-21V5,利尻郡利尻富士町鬼脇字金崎,215-3W5
01519-4503-5.zip,202602101146,利尻郡利尻富士町鬼脇字金崎,筆界未定地-24,利尻郡利尻富士町鬼脇字金崎,82-1
01519-4503-5.zip,202602101146,利尻郡利尻富士町鬼脇字金崎,筆界未定地-24,利尻郡利尻富士町鬼脇字金崎,82-2
01519-4503-5.zip,202602101146,利尻郡利尻富士町鬼脇字金崎,筆界未定地-25,利尻郡利尻富士町鬼脇字金崎,106
01519-4503-5.zip,202602101146,利尻郡利尻富士町鬼脇字金崎,筆界未定地-25,利尻郡利尻富士町鬼脇字金崎,107
01519-4503-5.zip,202602101146,利尻郡利尻富士町鬼脇字金崎,筆界未定地-26,利尻郡利尻富士町鬼脇字金崎,108
01519-4503-5.zip,202602101146,利尻郡利尻富士町鬼脇字金崎,筆界未定地-26,利尻郡利尻富士町鬼脇字金崎,109
01519-4503-5.zip,202602101146,利尻郡利尻富士町鬼脇字金崎,筆界未定地-26,利尻郡利尻富士町鬼脇字金崎,112
01519-4503-5.zip,202602101146,利尻郡利尻富士町鬼脇字金崎,筆界未定地-26,利尻郡利尻富士町鬼脇字金崎,113
01519-4503-5.zip,202602101146,利尻郡利尻富士町鬼脇字金崎,筆界未定地-27V1,利尻郡利尻富士町鬼脇字金崎,13W1
01519-4503-5.zip,202602101146,利尻郡利尻富士町鬼脇字金崎,筆界未定地-27V1,利尻郡利尻富士町鬼脇字金崎,14W1
01519-4503-5.zip,202602101146,利尻郡利尻富士町鬼脇字金崎,筆界未定地-27V2,利尻郡利尻富士町鬼脇字金崎,13W2
01519-4503-5.zip,202602101146,利尻郡利尻富士町鬼脇字金崎,筆界未定地-27V2,利尻郡利尻富士町鬼脇字金崎,14W2
01519-4503-5.zip,202602101146,利尻郡利尻富士町鬼脇字金崎,筆界未定地-27V3,利尻郡利尻富士町鬼脇字金崎,13W3
01519-4503-5.zip,202602101146,利尻郡利尻富士町鬼脇字金崎,筆界未定地-27V3,利尻郡利尻富士町鬼脇字金崎,14W3
01519-4503-5.zip,202602101146,利尻郡利尻富士町鬼脇字沼浦,筆界未定地-28V1,利尻郡利尻富士町鬼脇字沼浦,167W1
01519-4503-5.zip,202602101146,利尻郡利尻富士町鬼脇字沼浦,筆界未定地-28V1,利尻郡利尻富士町鬼脇字沼浦,168W1
01519-4503-5.zip,202602101146,利尻郡利尻富士町鬼脇字沼浦,筆界未定地-28V2,利尻郡利尻富士町鬼脇字沼浦,167W2
01519-4503-5.zip,202602101146,利尻郡利尻富士町鬼脇字沼浦,筆界未定地-28V2,利尻郡利尻富士町鬼脇字沼浦,168W2
01519-4503-5.zip,202602101146,利尻郡利尻富士町鬼脇字沼浦,筆界未定地-29,利尻郡利尻富士町鬼脇字沼浦,164
01519-4503-5.zip,202602101146,利尻郡利尻富士町鬼脇字沼浦,筆界未定地-29,利尻郡利尻富士町鬼脇字沼浦,165
01519-4503-5.zip,202602101146,利尻郡利尻富士町鬼脇字沼浦,筆界未定地-28V3,利尻郡利尻富士町鬼脇字沼浦,167W3
01519-4503-5.zip,202602101146,利尻郡利尻富士町鬼脇字沼浦,筆界未定地-28V3,利尻郡利尻富士町鬼脇字沼浦,168W3
01519-4503-5.zip,202602101146,利尻郡利尻富士町鬼脇字沼浦,筆界未定地-30,利尻郡利尻富士町鬼脇字沼浦,143-1
01519-4503-5.zip,202602101146,利尻郡利尻富士町鬼脇字沼浦,筆界未定地-30,利尻郡利尻富士町鬼脇字沼浦,143-2
01519-4503-5.zip,202602101146,利尻郡利尻富士町鬼脇字南浜,筆界未定地-31,利尻郡利尻富士町鬼脇字南浜,176
01519-4503-5.zip,202602101146,利尻郡利尻富士町鬼脇字南浜,筆界未定地-31,利尻郡利尻富士町鬼脇字南浜,道-10
01519-4503-5.zip,202602101146,利尻郡利尻富士町鬼脇字沼浦,筆界未定地-32,利尻郡利尻富士町鬼脇字沼浦,13
01519-4503-5.zip,202602101146,利尻郡利尻富士町鬼脇字沼浦,筆界未定地-32,利尻郡利尻富士町鬼脇字沼浦,道-11
01519-4503-5.zip,202602101146,利尻郡利尻富士町鬼脇字沼浦,筆界未定地-33,利尻郡利尻富士町鬼脇字沼浦,11
01519-4503-5.zip,202602101146,利尻郡利尻富士町鬼脇字沼浦,筆界未定地-33,利尻郡利尻富士町鬼脇字沼浦,道-12
01519-4503-5.zip,202602101146,利尻郡利尻富士町鬼脇字沼浦,筆界未定地-34,利尻郡利尻富士町鬼脇字沼浦,264
01519-4503-5.zip,202602101146,利尻郡利尻富士町鬼脇字沼浦,筆界未定地-34,利尻郡利尻富士町鬼脇字沼浦,道-13
01519-4503-5.zip,202602101146,利尻郡利尻富士町鬼脇字沼浦,筆界未定地-35,利尻郡利尻富士町鬼脇字沼浦,28
01519-4503-5.zip,202602101146,利尻郡利尻富士町鬼脇字沼浦,筆界未定地-35,利尻郡利尻富士町鬼脇字沼浦,29
01519-4503-5.zip,202602101146,利尻郡利尻富士町鬼脇字沼浦,筆界未定地-35,利尻郡利尻富士町鬼脇字沼浦,265
01519-4503-5.zip,202602101146,利尻郡利尻富士町鬼脇字沼浦,筆界未定地-35,利尻郡利尻富士町鬼脇字沼浦,道-14
01519-4503-5.zip,202602101146,利尻郡利尻富士町鬼脇字沼浦,筆界未定地-36,利尻郡利尻富士町鬼脇字沼浦,26
01519-4503-5.zip,202602101146,利尻郡利尻富士町鬼脇字沼浦,筆界未定地-36,利尻郡利尻富士町鬼脇字沼浦,道-15
01519-4503-5.zip,202602101146,利尻郡利尻富士町鬼脇字沼浦,筆界未定地-37,利尻郡利尻富士町鬼脇字沼浦,27
01519-4503-5.zip,202602101146,利尻郡利尻富士町鬼脇字沼浦,筆界未定地-37,利尻郡利尻富士町鬼脇字沼浦,道-16
01519-4503-5.zip,202602101146,利尻郡利尻富士町鬼脇字南浜,筆界未定地-38,利尻郡利尻富士町鬼脇字南浜,138
01519-4503-5.zip,202602101146,利尻郡利尻富士町鬼脇字南浜,筆界未定地-38,利尻郡利尻富士町鬼脇字南浜,道-17
01519-4503-5.zip,202602101146,利尻郡利尻富士町鬼脇字南浜,筆界未定地-39,利尻郡利尻富士町鬼脇字南浜,136
01519-4503-5.zip,202602101146,利尻郡利尻富士町鬼脇字南浜,筆界未定地-39,利尻郡利尻富士町鬼脇字南浜,139
01519-4503-5.zip,202602101146,利尻郡利尻富士町鬼脇字南浜,筆界未定地-39,利尻郡利尻富士町鬼脇字南浜,道-18
01519-4503-5.zip,202602101146,利尻郡利尻富士町鬼脇字南浜,筆界未定地-40,利尻郡利尻富士町鬼脇字南浜,157
01519-4503-5.zip,202602101146,利尻郡利尻富士町鬼脇字南浜,筆界未定地-40,利尻郡利尻富士町鬼脇字南浜,道-19
01519-4503-5.zip,202602101146,利尻郡利尻富士町鬼脇字南浜,筆界未定地-41,利尻郡利尻富士町鬼脇字南浜,160
01519-4503-5.zip,202602101146,利尻郡利尻富士町鬼脇字南浜,筆界未定地-41,利尻郡利尻富士町鬼脇字南浜,道-20
01519-4503-5.zip,202602101146,利尻郡利尻富士町鬼脇字南浜,筆界未定地-42,利尻郡利尻富士町鬼脇字南浜,193
01519-4503-5.zip,202602101146,利尻郡利尻富士町鬼脇字南浜,筆界未定地-42,利尻郡利尻富士町鬼脇字南浜,道-21
01519-4503-5.zip,202602101146,利尻郡利尻富士町鬼脇字南浜,筆界未定地-43,利尻郡利尻富士町鬼脇字南浜,194
01519-4503-5.zip,202602101146,利尻郡利尻富士町鬼脇字南浜,筆界未定地-43,利尻郡利尻富士町鬼脇字南浜,道-22
01519-4503-5.zip,202602101146,利尻郡利尻富士町鬼脇字南浜,筆界未定地-44,利尻郡利尻富士町鬼脇字南浜,195
01519-4503-5.zip,202602101146,利尻郡利尻富士町鬼脇字南浜,筆界未定地-44,利尻郡利尻富士町鬼脇字南浜,道-23
01519-4503-5.zip,202602101146,利尻郡利尻富士町鬼脇字南浜,筆界未定地-45,利尻郡利尻富士町鬼脇字南浜,204
01519-4503-5.zip,202602101146,利尻郡利尻富士町鬼脇字南浜,筆界未定地-45,利尻郡利尻富士町鬼脇字南浜,道-24
01519-4503-5.zip,202602101146,利尻郡利尻富士町鬼脇字南浜,筆界未定地-46,利尻郡利尻富士町鬼脇字南浜,203
01519-4503-5.zip,202602101146,利尻郡利尻富士町鬼脇字南浜,筆界未定地-46,利尻郡利尻富士町鬼脇字南浜,道-25
01519-4503-5.zip,202602101146,利尻郡利尻富士町鬼脇字南浜,筆界未定地-47,利尻郡利尻富士町鬼脇字南浜,199
01519-4503-5.zip,202602101146,利尻郡利尻富士町鬼脇字南浜,筆界未定地-47,利尻郡利尻富士町鬼脇字南浜,道-26
01519-4503-5.zip,202602101146,利尻郡利尻富士町鬼脇字南浜,筆界未定地-48,利尻郡利尻富士町鬼脇字南浜,192
01519-4503-5.zip,202602101146,利尻郡利尻富士町鬼脇字南浜,筆界未定地-48,利尻郡利尻富士町鬼脇字南浜,道-27
01519-4503-5.zip,202602101146,利尻郡利尻富士町鬼脇字南浜,筆界未定地-49,利尻郡利尻富士町鬼脇字南浜,205
01519-4503-5.zip,202602101146,利尻郡利尻富士町鬼脇字南浜,筆界未定地-49,利尻郡利尻富士町鬼脇字南浜,道-28
01519-4503-5.zip,202602101146,利尻郡利尻富士町鬼脇字南浜,筆界未定地-50,利尻郡利尻富士町鬼脇字南浜,200
01519-4503-5.zip,202602101146,利尻郡利尻富士町鬼脇字南浜,筆界未定地-50,利尻郡利尻富士町鬼脇字南浜,道-29
01519-4503-5.zip,202602101146,利尻郡利尻富士町鬼脇字南浜,筆界未定地-51,利尻郡利尻富士町鬼脇字南浜,197
01519-4503-5.zip,202602101146,利尻郡利尻富士町鬼脇字南浜,筆界未定地-51,利尻郡利尻富士町鬼脇字南浜,道-30
01519-4503-5.zip,202602101146,利尻郡利尻富士町鬼脇字南浜,筆界未定地-52,利尻郡利尻富士町鬼脇字南浜,196
01519-4503-5.zip,202602101146,利尻郡利尻富士町鬼脇字南浜,筆界未定地-52,利尻郡利尻富士町鬼脇字南浜,道-31
01519-4503-5.zip,202602101146,利尻郡利尻富士町鬼脇字南浜,筆界未定地-53V1,利尻郡利尻富士町鬼脇字南浜,51W1
01519-4503-5.zip,202602101146,利尻郡利尻富士町鬼脇字南浜,筆界未定地-53V1,利尻郡利尻富士町鬼脇字南浜,52W1
01519-4503-5.zip,202602101146,利尻郡利尻富士町鬼脇字南浜,筆界未定地-53V1,利尻郡利尻富士町鬼脇字南浜,53W1
01519-4503-5.zip,202602101146,利尻郡利尻富士町鬼脇字南浜,筆界未定地-53V1,利尻郡利尻富士町鬼脇字南浜,54W1
01519-4503-5.zip,202602101146,利尻郡利尻富士町鬼脇字南浜,筆界未定地-53V2,利尻郡利尻富士町鬼脇字南浜,51W2
01519-4503-5.zip,202602101146,利尻郡利尻富士町鬼脇字南浜,筆界未定地-53V2,利尻郡利尻富士町鬼脇字南浜,52W2
01519-4503-5.zip,202602101146,利尻郡利尻富士町鬼脇字南浜,筆界未定地-53V2,利尻郡利尻富士町鬼脇字南浜,53W2
01519-4503-5.zip,202602101146,利尻郡利尻富士町鬼脇字南浜,筆界未定地-53V2,利尻郡利尻富士町鬼脇字南浜,54W2
01519-4503-5.zip,202602101146,利尻郡利尻富士町鬼脇字南浜,筆界未定地-54,利尻郡利尻富士町鬼脇字南浜,225
01519-4503-5.zip,202602101146,利尻郡利尻富士町鬼脇字南浜,筆界未定地-54,利尻郡利尻富士町鬼脇字南浜,道-32
01519-4503-5.zip,202602101146,利尻郡利尻富士町鬼脇字南浜,筆界未定地-55,利尻郡利尻富士町鬼脇字南浜,226
01519-4503-5.zip,202602101146,利尻郡利尻富士町鬼脇字南浜,筆界未定地-55,利尻郡利尻富士町鬼脇字南浜,227
01519-4503-5.zip,202602101146,利尻郡利尻富士町鬼脇字南浜,筆界未定地-56,利尻郡利尻富士町鬼脇字南浜,214
01519-4503-5.zip,202602101146,利尻郡利尻富士町鬼脇字南浜,筆界未定地-56,利尻郡利尻富士町鬼脇字南浜,道-33
01519-4503-5.zip,202602101146,利尻郡利尻富士町鬼脇字南浜,筆界未定地-57,利尻郡利尻富士町鬼脇字南浜,224-1
01519-4503-5.zip,202602101146,利尻郡利尻富士町鬼脇字南浜,筆界未定地-57,利尻郡利尻富士町鬼脇字南浜,224-2
01519-4503-5.zip,202602101146,利尻郡利尻富士町鬼脇字南浜,筆界未定地-57,利尻郡利尻富士町鬼脇字南浜,道-34
01519-4503-5.zip,202602101146,利尻郡利尻富士町鬼脇字南浜,筆界未定地-58,利尻郡利尻富士町鬼脇字南浜,215
01519-4503-5.zip,202602101146,利尻郡利尻富士町鬼脇字南浜,筆界未定地-58,利尻郡利尻富士町鬼脇字南浜,道-35
01519-4503-5.zip,202602101146,利尻郡利尻富士町鬼脇字南浜,筆界未定地-59,利尻郡利尻富士町鬼脇字南浜,234
01519-4503-5.zip,202602101146,利尻郡利尻富士町鬼脇字南浜,筆界未定地-59,利尻郡利尻富士町鬼脇字南浜,235
01519-4503-5.zip,202602101146,利尻郡利尻富士町鬼脇字南浜,筆界未定地-60,利尻郡利尻富士町鬼脇字南浜,256
01519-4503-5.zip,202602101146,利尻郡利尻富士町鬼脇字南浜,筆界未定地-60,利尻郡利尻富士町鬼脇字南浜,257
01519-4503-5.zip,202602101146,利尻郡利尻富士町鬼脇字南浜,筆界未定地-60,利尻郡利尻富士町鬼脇字南浜,258
01519-4503-5.zip,202602101146,利尻郡利尻富士町鬼脇字南浜,筆界未定地-61,利尻郡利尻富士町鬼脇字南浜,269
01519-4503-5.zip,202602101146,利尻郡利尻富士町鬼脇字南浜,筆界未定地-61,利尻郡利尻富士町鬼脇字南浜,270
01519-4503-5.zip,202602101146,利尻郡利尻富士町鬼脇字南浜,筆界未定地-62,利尻郡利尻富士町鬼脇字南浜,42
01519-4503-5.zip,202602101146,利尻郡利尻富士町鬼脇字南浜,筆界未定地-62,利尻郡利尻富士町鬼脇字南浜,道-36
01519-4503-5.zip,202602101146,利尻郡利尻富士町鬼脇字南浜,筆界未定地-63,利尻郡利尻富士町鬼脇字南浜,31
01519-4503-5.zip,202602101146,利尻郡利尻富士町鬼脇字南浜,筆界未定地-63,利尻郡利尻富士町鬼脇字南浜,32
01519-4503-5.zip,202602101146,利尻郡利尻富士町鬼脇字南浜,筆界未定地-64,利尻郡利尻富士町鬼脇字南浜,34-1
01519-4503-5.zip,202602101146,利尻郡利尻富士町鬼脇字南浜,筆界未定地-64,利尻郡利尻富士町鬼脇字南浜,道-37
01519-4503-5.zip,202602101146,利尻郡利尻富士町鬼脇字南浜,筆界未定地-65,利尻郡利尻富士町鬼脇字南浜,18
01519-4503-5.zip,202602101146,利尻郡利尻富士町鬼脇字南浜,筆界未定地-65,利尻郡利尻富士町鬼脇字南浜,19
01519-4503-5.zip,202602101146,利尻郡利尻富士町鬼脇字南浜,筆界未定地-66,利尻郡利尻富士町鬼脇字南浜,14
01519-4503-5.zip,202602101146,利尻郡利尻富士町鬼脇字南浜,筆界未定地-66,利尻郡利尻富士町鬼脇字南浜,道-38
01519-4503-5.zip,202602101146,利尻郡利尻富士町鬼脇字南浜,筆界未定地-67,利尻郡利尻富士町鬼脇字南浜,11
01519-4503-5.zip,202602101146,利尻郡利尻富士町鬼脇字南浜,筆界未定地-67,利尻郡利尻富士町鬼脇字南浜,道-39
01519-4503-5.zip,202602101146,利尻郡利尻富士町鬼脇字南浜,筆界未定地-68,利尻郡利尻富士町鬼脇字南浜,291
01519-4503-5.zip,202602101146,利尻郡利尻富士町鬼脇字南浜,筆界未定地-68,利尻郡利尻富士町鬼脇字南浜,道-40
01519-4503-5.zip,202602101146,利尻郡利尻富士町鬼脇字南浜,筆界未定地-69,利尻郡利尻富士町鬼脇字南浜,288
01519-4503-5.zip,202602101146,利尻郡利尻富士町鬼脇字南浜,筆界未定地-69,利尻郡利尻富士町鬼脇字南浜,道-41
01519-4503-5.zip,202602101146,利尻郡利尻富士町鬼脇字南浜,筆界未定地-70,利尻郡利尻富士町鬼脇字南浜,290
01519-4503-5.zip,202602101146,利尻郡利尻富士町鬼脇字南浜,筆界未定地-70,利尻郡利尻富士町鬼脇字南浜,道-42
01519-4503-5.zip,202602101146,利尻郡利尻富士町鬼脇字野中,筆界未定地-71,利尻郡利尻富士町鬼脇字野中,138
01519-4503-5.zip,202602101146,利尻郡利尻富士町鬼脇字野中,筆界未定地-71,利尻郡利尻富士町鬼脇字野中,140
01519-4503-5.zip,202602101146,利尻郡利尻富士町鬼脇字野中,筆界未定地-72,利尻郡利尻富士町鬼脇字野中,112-1
01519-4503-5.zip,202602101146,利尻郡利尻富士町鬼脇字野中,筆界未定地-72,利尻郡利尻富士町鬼脇字野中,112-2
01519-4503-5.zip,202602101146,利尻郡利尻富士町鬼脇字野中,筆界未定地-72,利尻郡利尻富士町鬼脇字野中,112-3
01519-4503-5.zip,202602101146,利尻郡利尻富士町鬼脇字野中,筆界未定地-72,利尻郡利尻富士町鬼脇字野中,112-4
01519-4503-5.zip,202602101146,利尻郡利尻富士町鬼脇字野中,筆界未定地-72,利尻郡利尻富士町鬼脇字野中,112-5
01519-4503-5.zip,202602101146,利尻郡利尻富士町鬼脇字野中,筆界未定地-73,利尻郡利尻富士町鬼脇字野中,113-1
01519-4503-5.zip,202602101146,利尻郡利尻富士町鬼脇字野中,筆界未定地-73,利尻郡利尻富士町鬼脇字野中,113-2
01519-4503-5.zip,202602101146,利尻郡利尻富士町鬼脇字野中,筆界未定地-73,利尻郡利尻富士町鬼脇字野中,113-3
01519-4503-5.zip,202602101146,利尻郡利尻富士町鬼脇字野中,筆界未定地-73,利尻郡利尻富士町鬼脇字野中,113-4
01519-4503-5.zip,202602101146,利尻郡利尻富士町鬼脇字野中,筆界未定地-74,利尻郡利尻富士町鬼脇字野中,88-1
01519-4503-5.zip,202602101146,利尻郡利尻富士町鬼脇字野中,筆界未定地-74,利尻郡利尻富士町鬼脇字野中,88-2
01519-4503-5.zip,202602101146,利尻郡利尻富士町鬼脇字野中,筆界未定地-75,利尻郡利尻富士町鬼脇字野中,26
01519-4503-5.zip,202602101146,利尻郡利尻富士町鬼脇字野中,筆界未定地-75,利尻郡利尻富士町鬼脇字野中,27
01519-4503-5.zip,202602101146,利尻郡利尻富士町鬼脇字南浜,水-5,,
01519-4503-5.zip,202602101146,利尻郡利尻富士町鬼脇字野中,水-6,,
01519-4503-5.zip,202602101146,利尻郡利尻富士町鬼脇字野中,長狭物不明-11,,
01519-4503-5.zip,202602101146,利尻郡利尻富士町鬼脇字野中,長狭物不明-12,,
01519-4503-5.zip,202602101146,利尻郡利尻富士町鬼脇字野中,21V1,,
01519-4503-5.zip,202602101146,利尻郡利尻富士町鬼脇字野中,22-2,,
01519-4503-5.zip,202602101146,利尻郡利尻富士町鬼脇字野中,4,,
01519-4503-5.zip,202602101146,利尻郡利尻富士町鬼脇字野中,5,,
01519-4503-5.zip,202602101146,利尻郡利尻富士町鬼脇字野中,3,,
01519-4503-5.zip,202602101146,利尻郡利尻富士町鬼脇字野中,14,,
01519-4503-5.zip,202602101146,利尻郡利尻富士町鬼脇字野中,18,,
01519-4503-5.zip,202602101146,利尻郡利尻富士町鬼脇字野中,19,,
01519-4503-5.zip,202602101146,利尻郡利尻富士町鬼脇字野中,20,,
01519-4503-5.zip,202602101146,利尻郡利尻富士町鬼脇字野中,16,,
01519-4503-5.zip,202602101146,利尻郡利尻富士町鬼脇字野中,15,,
01519-4503-5.zip,202602101146,利尻郡利尻富士町鬼脇字野中,7-2,,
01519-4503-5.zip,202602101146,利尻郡利尻富士町鬼脇字野中,9-2,,
01519-4503-5.zip,202602101146,利尻郡利尻富士町鬼脇字野中,11,,
01519-4503-5.zip,202602101146,利尻郡利尻富士町鬼脇字野中,21V2,,
01519-4503-5.zip,202602101146,利尻郡利尻富士町鬼脇字野中,2,,
01519-4503-5.zip,202602101146,利尻郡利尻富士町鬼脇字野中,8,,
01519-4503-5.zip,202602101146,利尻郡利尻富士町鬼脇字野中,9-1,,
01519-4503-5.zip,202602101146,利尻郡利尻富士町鬼脇字野中,6,,
01519-4503-5.zip,202602101146,利尻郡利尻富士町鬼脇字野中,12,,
01519-4503-5.zip,202602101146,利尻郡利尻富士町鬼脇字野中,22-1,,
01519-4503-5.zip,202602101146,利尻郡利尻富士町鬼脇字野中,13,,
01519-4503-5.zip,202602101146,利尻郡利尻富士町鬼脇字野中,7-1,,
01519-4503-5.zip,202602101146,利尻郡利尻富士町鬼脇字野中,1,,
01519-4503-5.zip,202602101146,利尻郡利尻富士町鬼脇字野中,長狭物不明-13,,
01519-4503-5.zip,202602101146,利尻郡利尻富士町鬼脇字野中,長狭物不明-14,,
01519-4503-5.zip,202602101146,利尻郡利尻富士町鬼脇字野中,長狭物不明-15,,
01519-4503-5.zip,202602101146,利尻郡利尻富士町鬼脇字野中,30,,
01519-4503-5.zip,202602101146,利尻郡利尻富士町鬼脇字野中,28-1,,
01519-4503-5.zip,202602101146,利尻郡利尻富士町鬼脇字野中,54V1,,
01519-4503-5.zip,202602101146,利尻郡利尻富士町鬼脇字野中,53,,
01519-4503-5.zip,202602101146,利尻郡利尻富士町鬼脇字野中,31,,
01519-4503-5.zip,202602101146,利尻郡利尻富士町鬼脇字野中,168-1,,
01519-4503-5.zip,202602101146,利尻郡利尻富士町鬼脇字野中,32-1,,
01519-4503-5.zip,202602101146,利尻郡利尻富士町鬼脇字野中,32-3,,
01519-4503-5.zip,202602101146,利尻郡利尻富士町鬼脇字野中,168-2,,
01519-4503-5.zip,202602101146,利尻郡利尻富士町鬼脇字野中,32-2,,
01519-4503-5.zip,202602101146,利尻郡利尻富士町鬼脇字野中,33,,
01519-4503-5.zip,202602101146,利尻郡利尻富士町鬼脇字野中,25-1,,
01519-4503-5.zip,202602101146,利尻郡利尻富士町鬼脇字野中,28-2,,
01519-4503-5.zip,202602101146,利尻郡利尻富士町鬼脇字野中,25-2,,
01519-4503-5.zip,202602101146,利尻郡利尻富士町鬼脇字野中,36,,
01519-4503-5.zip,202602101146,利尻郡利尻富士町鬼脇字野中,37,,
01519-4503-5.zip,202602101146,利尻郡利尻富士町鬼脇字野中,43,,
01519-4503-5.zip,202602101146,利尻郡利尻富士町鬼脇字野中,42,,
01519-4503-5.zip,202602101146,利尻郡利尻富士町鬼脇字野中,39,,
01519-4503-5.zip,202602101146,利尻郡利尻富士町鬼脇字野中,35,,
01519-4503-5.zip,202602101146,利尻郡利尻富士町鬼脇字野中,38,,
01519-4503-5.zip,202602101146,利尻郡利尻富士町鬼脇字野中,41,,
01519-4503-5.zip,202602101146,利尻郡利尻富士町鬼脇字野中,40,,
01519-4503-5.zip,202602101146,利尻郡利尻富士町鬼脇字野中,46-1,,
01519-4503-5.zip,202602101146,利尻郡利尻富士町鬼脇字野中,44,,
01519-4503-5.zip,202602101146,利尻郡利尻富士町鬼脇字野中,34,,
01519-4503-5.zip,202602101146,利尻郡利尻富士町鬼脇字野中,24-2,,
01519-4503-5.zip,202602101146,利尻郡利尻富士町鬼脇字野中,23-2,,
01519-4503-5.zip,202602101146,利尻郡利尻富士町鬼脇字野中,24-1,,
01519-4503-5.zip,202602101146,利尻郡利尻富士町鬼脇字野中,169,,
01519-4503-5.zip,202602101146,利尻郡利尻富士町鬼脇字野中,45,,
01519-4503-5.zip,202602101146,利尻郡利尻富士町鬼脇字野中,46-2,,
01519-4503-5.zip,202602101146,利尻郡利尻富士町鬼脇字野中,46-3,,
01519-4503-5.zip,202602101146,利尻郡利尻富士町鬼脇字野中,51,,
01519-4503-5.zip,202602101146,利尻郡利尻富士町鬼脇字野中,50,,
01519-4503-5.zip,202602101146,利尻郡利尻富士町鬼脇字野中,52,,
01519-4503-5.zip,202602101146,利尻郡利尻富士町鬼脇字野中,54V2,,
01519-4503-5.zip,202602101146,利尻郡利尻富士町鬼脇字野中,49,,
01519-4503-5.zip,202602101146,利尻郡利尻富士町鬼脇字野中,54V3,,
01519-4503-5.zip,202602101146,利尻郡利尻富士町鬼脇字野中,48-1,,
01519-4503-5.zip,202602101146,利尻郡利尻富士町鬼脇字野中,47-2,,
01519-4503-5.zip,202602101146,利尻郡利尻富士町鬼脇字野中,47-1,,
01519-4503-5.zip,202602101146,利尻郡利尻富士町鬼脇字野中,10,,
01519-4503-5.zip,202602101146,利尻郡利尻富士町鬼脇字野中,23-1,,
01519-4503-5.zip,202602101146,利尻郡利尻富士町鬼脇字野中,48-2,,
01519-4503-5.zip,202602101146,利尻郡利尻富士町鬼脇字野中,長狭物不明-16,,
01519-4503-5.zip,202602101146,利尻郡利尻富士町鬼脇字野中,長狭物不明-17,,
01519-4503-5.zip,202602101146,利尻郡利尻富士町鬼脇字野中,84,,
01519-4503-5.zip,202602101146,利尻郡利尻富士町鬼脇字野中,85,,
01519-4503-5.zip,202602101146,利尻郡利尻富士町鬼脇字野中,86,,
01519-4503-5.zip,202602101146,利尻郡利尻富士町鬼脇字野中,126,,
01519-4503-5.zip,202602101146,利尻郡利尻富士町鬼脇字野中,123,,
01519-4503-5.zip,202602101146,利尻郡利尻富士町鬼脇字野中,125,,
01519-4503-5.zip,202602101146,利尻郡利尻富士町鬼脇字野中,120,,
01519-4503-5.zip,202602101146,利尻郡利尻富士町鬼脇字野中,121,,
01519-4503-5.zip,202602101146,利尻郡利尻富士町鬼脇字野中,87-4,,
01519-4503-5.zip,202602101146,利尻郡利尻富士町鬼脇字野中,87-1,,
01519-4503-5.zip,202602101146,利尻郡利尻富士町鬼脇字野中,87-2,,
01519-4503-5.zip,202602101146,利尻郡利尻富士町鬼脇字野中,87-3,,
01519-4503-5.zip,202602101146,利尻郡利尻富士町鬼脇字野中,124,,
01519-4503-5.zip,202602101146,利尻郡利尻富士町鬼脇字野中,127,,
01519-4503-5.zip,202602101146,利尻郡利尻富士町鬼脇字野中,128,,
01519-4503-5.zip,202602101146,利尻郡利尻富士町鬼脇字野中,129-1,,
01519-4503-5.zip,202602101146,利尻郡利尻富士町鬼脇字野中,129-2,,
01519-4503-5.zip,202602101146,利尻郡利尻富士町鬼脇字野中,114,,
01519-4503-5.zip,202602101146,利尻郡利尻富士町鬼脇字野中,116-2,,
01519-4503-5.zip,202602101146,利尻郡利尻富士町鬼脇字野中,115-2,,
01519-4503-5.zip,202602101146,利尻郡利尻富士町鬼脇字野中,115-1,,
01519-4503-5.zip,202602101146,利尻郡利尻富士町鬼脇字野中,90-3,,
01519-4503-5.zip,202602101146,利尻郡利尻富士町鬼脇字野中,90-2,,
01519-4503-5.zip,202602101146,利尻郡利尻富士町鬼脇字野中,82,,
01519-4503-5.zip,202602101146,利尻郡利尻富士町鬼脇字野中,90-1,,
01519-4503-5.zip,202602101146,利尻郡利尻富士町鬼脇字野中,118,,
01519-4503-5.zip,202602101146,利尻郡利尻富士町鬼脇字野中,117,,
01519-4503-5.zip,202602101146,利尻郡利尻富士町鬼脇字野中,119-2,,
01519-4503-5.zip,202602101146,利尻郡利尻富士町鬼脇字野中,116-1,,
01519-4503-5.zip,202602101146,利尻郡利尻富士町鬼脇字野中,81,,
01519-4503-5.zip,202602101146,利尻郡利尻富士町鬼脇字野中,83-1,,
01519-4503-5.zip,202602101146,利尻郡利尻富士町鬼脇字野中,83-2,,
01519-4503-5.zip,202602101146,利尻郡利尻富士町鬼脇字野中,83-3,,
01519-4503-5.zip,202602101146,利尻郡利尻富士町鬼脇字野中,89-2,,
01519-4503-5.zip,202602101146,利尻郡利尻富士町鬼脇字野中,89-1,,
01519-4503-5.zip,202602101146,利尻郡利尻富士町鬼脇字野中,119-1,,
01519-4503-5.zip,202602101146,利尻郡利尻富士町鬼脇字野中,57,,
01519-4503-5.zip,202602101146,利尻郡利尻富士町鬼脇字野中,58,,
01519-4503-5.zip,202602101146,利尻郡利尻富士町鬼脇字野中,56,,
01519-4503-5.zip,202602101146,利尻郡利尻富士町鬼脇字野中,長狭物不明-18,,
01519-4503-5.zip,202602101146,利尻郡利尻富士町鬼脇字野中,55,,
01519-4503-5.zip,202602101146,利尻郡利尻富士町鬼脇字野中,80,,
01519-4503-5.zip,202602101146,利尻郡利尻富士町鬼脇字野中,78,,
01519-4503-5.zip,202602101146,利尻郡利尻富士町鬼脇字野中,76,,
01519-4503-5.zip,202602101146,利尻郡利尻富士町鬼脇字野中,69,,
01519-4503-5.zip,202602101146,利尻郡利尻富士町鬼脇字野中,70,,
01519-4503-5.zip,202602101146,利尻郡利尻富士町鬼脇字野中,71,,
01519-4503-5.zip,202602101146,利尻郡利尻富士町鬼脇字野中,59,,
01519-4503-5.zip,202602101146,利尻郡利尻富士町鬼脇字野中,60,,
01519-4503-5.zip,202602101146,利尻郡利尻富士町鬼脇字野中,63,,
01519-4503-5.zip,202602101146,利尻郡利尻富士町鬼脇字野中,102,,
01519-4503-5.zip,202602101146,利尻郡利尻富士町鬼脇字野中,107,,
01519-4503-5.zip,202602101146,利尻郡利尻富士町鬼脇字野中,64,,
01519-4503-5.zip,202602101146,利尻郡利尻富士町鬼脇字野中,65,,
01519-4503-5.zip,202602101146,利尻郡利尻富士町鬼脇字野中,100,,
01519-4503-5.zip,202602101146,利尻郡利尻富士町鬼脇字野中,101,,
01519-4503-5.zip,202602101146,利尻郡利尻富士町鬼脇字野中,103,,
01519-4503-5.zip,202602101146,利尻郡利尻富士町鬼脇字野中,104,,
01519-4503-5.zip,202602101146,利尻郡利尻富士町鬼脇字野中,105,,
01519-4503-5.zip,202602101146,利尻郡利尻富士町鬼脇字野中,106,,
01519-4503-5.zip,202602101146,利尻郡利尻富士町鬼脇字野中,111,,
01519-4503-5.zip,202602101146,利尻郡利尻富士町鬼脇字野中,110,,
01519-4503-5.zip,202602101146,利尻郡利尻富士町鬼脇字野中,109,,
01519-4503-5.zip,202602101146,利尻郡利尻富士町鬼脇字野中,108,,
01519-4503-5.zip,202602101146,利尻郡利尻富士町鬼脇字野中,98,,
01519-4503-5.zip,202602101146,利尻郡利尻富士町鬼脇字野中,95,,
01519-4503-5.zip,202602101146,利尻郡利尻富士町鬼脇字野中,92,,
01519-4503-5.zip,202602101146,利尻郡利尻富士町鬼脇字野中,94,,
01519-4503-5.zip,202602101146,利尻郡利尻富士町鬼脇字野中,72,,
01519-4503-5.zip,202602101146,利尻郡利尻富士町鬼脇字野中,93,,
01519-4503-5.zip,202602101146,利尻郡利尻富士町鬼脇字野中,96,,
01519-4503-5.zip,202602101146,利尻郡利尻富士町鬼脇字野中,99,,
01519-4503-5.zip,202602101146,利尻郡利尻富士町鬼脇字野中,97,,
01519-4503-5.zip,202602101146,利尻郡利尻富士町鬼脇字野中,68,,
01519-4503-5.zip,202602101146,利尻郡利尻富士町鬼脇字野中,66,,
01519-4503-5.zip,202602101146,利尻郡利尻富士町鬼脇字野中,67,,
01519-4503-5.zip,202602101146,利尻郡利尻富士町鬼脇字野中,75,,
01519-4503-5.zip,202602101146,利尻郡利尻富士町鬼脇字野中,77,,
01519-4503-5.zip,202602101146,利尻郡利尻富士町鬼脇字野中,73,,
01519-4503-5.zip,202602101146,利尻郡利尻富士町鬼脇字野中,74,,
01519-4503-5.zip,202602101146,利尻郡利尻富士町鬼脇字野中,79,,
01519-4503-5.zip,202602101146,利尻郡利尻富士町鬼脇字野中,長狭物不明-19,,
01519-4503-5.zip,202602101146,利尻郡利尻富士町鬼脇字野中,130-1,,
01519-4503-5.zip,202602101146,利尻郡利尻富士町鬼脇字野中,130-2,,
01519-4503-5.zip,202602101146,利尻郡利尻富士町鬼脇字野中,131,,
01519-4503-5.zip,202602101146,利尻郡利尻富士町鬼脇字野中,130-3,,
01519-4503-5.zip,202602101146,利尻郡利尻富士町鬼脇字野中,139,,
01519-4503-5.zip,202602101146,利尻郡利尻富士町鬼脇字野中,141,,
01519-4503-5.zip,202602101146,利尻郡利尻富士町鬼脇字野中,水-7,,
01519-4503-5.zip,202602101146,利尻郡利尻富士町鬼脇字野中,142,,
01519-4503-5.zip,202602101146,利尻郡利尻富士町鬼脇字野中,137,,
01519-4503-5.zip,202602101146,利尻郡利尻富士町鬼脇字南浜,水-8,,
01519-4503-5.zip,202602101146,利尻郡利尻富士町鬼脇字南浜,294,,
01519-4503-5.zip,202602101146,利尻郡利尻富士町鬼脇字南浜,296,,
01519-4503-5.zip,202602101146,利尻郡利尻富士町鬼脇字南浜,295,,
01519-4503-5.zip,202602101146,利尻郡利尻富士町鬼脇字南浜,長狭物不明-20,,
01519-4503-5.zip,202602101146,利尻郡利尻富士町鬼脇字南浜,長狭物不明-21,,
01519-4503-5.zip,202602101146,利尻郡利尻富士町鬼脇字野中,水-9,,
01519-4503-5.zip,202602101146,利尻郡利尻富士町鬼脇字南浜,長狭物不明-22,,
01519-4503-5.zip,202602101146,利尻郡利尻富士町鬼脇字野中,長狭物不明-23,,
01519-4503-5.zip,202602101146,利尻郡利尻富士町鬼脇字野中,長狭物不明-24,,
01519-4503-5.zip,202602101146,利尻郡利尻富士町鬼脇字南浜,長狭物不明-25,,
01519-4503-5.zip,202602101146,利尻郡利尻富士町鬼脇字南浜,7-1,,
01519-4503-5.zip,202602101146,利尻郡利尻富士町鬼脇字南浜,水-10,,
01519-4503-5.zip,202602101146,利尻郡利尻富士町鬼脇字野中,136,,
01519-4503-5.zip,202602101146,利尻郡利尻富士町鬼脇字南浜,13,,
01519-4503-5.zip,202602101146,利尻郡利尻富士町鬼脇字南浜,10,,
01519-4503-5.zip,202602101146,利尻郡利尻富士町鬼脇字南浜,8,,
01519-4503-5.zip,202602101146,利尻郡利尻富士町鬼脇字南浜,6,,
01519-4503-5.zip,202602101146,利尻郡利尻富士町鬼脇字南浜,道-43,,
01519-4503-5.zip,202602101146,利尻郡利尻富士町鬼脇字南浜,道-44,,
01519-4503-5.zip,202602101146,利尻郡利尻富士町鬼脇字南浜,293,,
01519-4503-5.zip,202602101146,利尻郡利尻富士町鬼脇字南浜,289,,
01519-4503-5.zip,202602101146,利尻郡利尻富士町鬼脇字南浜,292,,
01519-4503-5.zip,202602101146,利尻郡利尻富士町鬼脇字南浜,7-2,,
01519-4503-5.zip,202602101146,利尻郡利尻富士町鬼脇字南浜,12,,
01519-4503-5.zip,202602101146,利尻郡利尻富士町鬼脇字南浜,長狭物不明-26,,
01519-4503-5.zip,202602101146,利尻郡利尻富士町鬼脇字南浜,長狭物不明-27,,
01519-4503-5.zip,202602101146,利尻郡利尻富士町鬼脇字南浜,長狭物不明-28,,
01519-4503-5.zip,202602101146,利尻郡利尻富士町鬼脇字南浜,長狭物不明-29,,
01519-4503-5.zip,202602101146,利尻郡利尻富士町鬼脇字南浜,50,,
01519-4503-5.zip,202602101146,利尻郡利尻富士町鬼脇字南浜,48,,
01519-4503-5.zip,202602101146,利尻郡利尻富士町鬼脇字南浜,38,,
01519-4503-5.zip,202602101146,利尻郡利尻富士町鬼脇字南浜,36-1,,
01519-4503-5.zip,202602101146,利尻郡利尻富士町鬼脇字南浜,21,,
01519-4503-5.zip,202602101146,利尻郡利尻富士町鬼脇字南浜,20,,
01519-4503-5.zip,202602101146,利尻郡利尻富士町鬼脇字南浜,22,,
01519-4503-5.zip,202602101146,利尻郡利尻富士町鬼脇字南浜,16,,
01519-4503-5.zip,202602101146,利尻郡利尻富士町鬼脇字南浜,24,,
01519-4503-5.zip,202602101146,利尻郡利尻富士町鬼脇字南浜,37,,
01519-4503-5.zip,202602101146,利尻郡利尻富士町鬼脇字南浜,49,,
01519-4503-5.zip,202602101146,利尻郡利尻富士町鬼脇字南浜,23-2,,
01519-4503-5.zip,202602101146,利尻郡利尻富士町鬼脇字南浜,23-1,,
01519-4503-5.zip,202602101146,利尻郡利尻富士町鬼脇字南浜,15,,
01519-4503-5.zip,202602101146,利尻郡利尻富士町鬼脇字南浜,17,,
01519-4503-5.zip,202602101146,利尻郡利尻富士町鬼脇字南浜,1328,,
01519-4503-5.zip,202602101146,利尻郡利尻富士町鬼脇字南浜,1331,,
01519-4503-5.zip,202602101146,利尻郡利尻富士町鬼脇字南浜,36-2,,
01519-4503-5.zip,202602101146,利尻郡利尻富士町鬼脇字南浜,25,,
01519-4503-5.zip,202602101146,利尻郡利尻富士町鬼脇字南浜,33,,
01519-4503-5.zip,202602101146,利尻郡利尻富士町鬼脇字南浜,40,,
01519-4503-5.zip,202602101146,利尻郡利尻富士町鬼脇字南浜,46,,
01519-4503-5.zip,202602101146,利尻郡利尻富士町鬼脇字南浜,45-2,,
01519-4503-5.zip,202602101146,利尻郡利尻富士町鬼脇字南浜,道-45,,
01519-4503-5.zip,202602101146,利尻郡利尻富士町鬼脇字南浜,道-46,,
01519-4503-5.zip,202602101146,利尻郡利尻富士町鬼脇字南浜,道-47,,
01519-4503-5.zip,202602101146,利尻郡利尻富士町鬼脇字南浜,267V1,,
01519-4503-5.zip,202602101146,利尻郡利尻富士町鬼脇字南浜,26,,
01519-4503-5.zip,202602101146,利尻郡利尻富士町鬼脇字南浜,道-48,,
01519-4503-5.zip,202602101146,利尻郡利尻富士町鬼脇字南浜,道-49,,
01519-4503-5.zip,202602101146,利尻郡利尻富士町鬼脇字南浜,27,,
01519-4503-5.zip,202602101146,利尻郡利尻富士町鬼脇字南浜,28,,
01519-4503-5.zip,202602101146,利尻郡利尻富士町鬼脇字南浜,30,,
01519-4503-5.zip,202602101146,利尻郡利尻富士町鬼脇字南浜,道-50,,
01519-4503-5.zip,202602101146,利尻郡利尻富士町鬼脇字南浜,29,,
01519-4503-5.zip,202602101146,利尻郡利尻富士町鬼脇字南浜,道-51,,
01519-4503-5.zip,202602101146,利尻郡利尻富士町鬼脇字南浜,道-52,,
01519-4503-5.zip,202602101146,利尻郡利尻富士町鬼脇字南浜,34-2,,
01519-4503-5.zip,202602101146,利尻郡利尻富士町鬼脇字南浜,35-1,,
01519-4503-5.zip,202602101146,利尻郡利尻富士町鬼脇字南浜,39,,
01519-4503-5.zip,202602101146,利尻郡利尻富士町鬼脇字南浜,35-2,,
01519-4503-5.zip,202602101146,利尻郡利尻富士町鬼脇字南浜,35-5,,
01519-4503-5.zip,202602101146,利尻郡利尻富士町鬼脇字南浜,道-53,,
01519-4503-5.zip,202602101146,利尻郡利尻富士町鬼脇字南浜,35-3,,
01519-4503-5.zip,202602101146,利尻郡利尻富士町鬼脇字南浜,35-4,,
01519-4503-5.zip,202602101146,利尻郡利尻富士町鬼脇字南浜,34-5,,
01519-4503-5.zip,202602101146,利尻郡利尻富士町鬼脇字南浜,34-4,,
01519-4503-5.zip,202602101146,利尻郡利尻富士町鬼脇字南浜,34-3,,
01519-4503-5.zip,202602101146,利尻郡利尻富士町鬼脇字南浜,35-6,,
01519-4503-5.zip,202602101146,利尻郡利尻富士町鬼脇字南浜,44-2,,
01519-4503-5.zip,202602101146,利尻郡利尻富士町鬼脇字南浜,41,,
01519-4503-5.zip,202602101146,利尻郡利尻富士町鬼脇字南浜,47,,
01519-4503-5.zip,202602101146,利尻郡利尻富士町鬼脇字南浜,44-1,,
01519-4503-5.zip,202602101146,利尻郡利尻富士町鬼脇字南浜,45-1,,
01519-4503-5.zip,202602101146,利尻郡利尻富士町鬼脇字南浜,44-3,,
01519-4503-5.zip,202602101146,利尻郡利尻富士町鬼脇字南浜,道-54,,
01519-4503-5.zip,202602101146,利尻郡利尻富士町鬼脇字南浜,268,,
01519-4503-5.zip,202602101146,利尻郡利尻富士町鬼脇字南浜,265,,
01519-4503-5.zip,202602101146,利尻郡利尻富士町鬼脇字南浜,262,,
01519-4503-5.zip,202602101146,利尻郡利尻富士町鬼脇字南浜,261,,
01519-4503-5.zip,202602101146,利尻郡利尻富士町鬼脇字南浜,道-55,,
01519-4503-5.zip,202602101146,利尻郡利尻富士町鬼脇字南浜,道-56,,
01519-4503-5.zip,202602101146,利尻郡利尻富士町鬼脇字南浜,264,,
01519-4503-5.zip,202602101146,利尻郡利尻富士町鬼脇字南浜,道-57,,
01519-4503-5.zip,202602101146,利尻郡利尻富士町鬼脇字南浜,道-58,,
01519-4503-5.zip,202602101146,利尻郡利尻富士町鬼脇字南浜,266,,
01519-4503-5.zip,202602101146,利尻郡利尻富士町鬼脇字南浜,267V2,,
01519-4503-5.zip,202602101146,利尻郡利尻富士町鬼脇字南浜,道-59,,
01519-4503-5.zip,202602101146,利尻郡利尻富士町鬼脇字南浜,263,,
01519-4503-5.zip,202602101146,利尻郡利尻富士町鬼脇字南浜,44-4,,
01519-4503-5.zip,202602101146,利尻郡利尻富士町鬼脇字南浜,長狭物不明-30,,
01519-4503-5.zip,202602101146,利尻郡利尻富士町鬼脇字南浜,278,,
01519-4503-5.zip,202602101146,利尻郡利尻富士町鬼脇字南浜,281,,
01519-4503-5.zip,202602101146,利尻郡利尻富士町鬼脇字南浜,長狭物不明-31,,
01519-4503-5.zip,202602101146,利尻郡利尻富士町鬼脇字南浜,286,,
01519-4503-5.zip,202602101146,利尻郡利尻富士町鬼脇字南浜,277,,
01519-4503-5.zip,202602101146,利尻郡利尻富士町鬼脇字南浜,274,,
01519-4503-5.zip,202602101146,利尻郡利尻富士町鬼脇字南浜,273,,
01519-4503-5.zip,202602101146,利尻郡利尻富士町鬼脇字南浜,271,,
01519-4503-5.zip,202602101146,利尻郡利尻富士町鬼脇字南浜,276,,
01519-4503-5.zip,202602101146,利尻郡利尻富士町鬼脇字南浜,275,,
01519-4503-5.zip,202602101146,利尻郡利尻富士町鬼脇字南浜,287,,
01519-4503-5.zip,202602101146,利尻郡利尻富士町鬼脇字南浜,284,,
01519-4503-5.zip,202602101146,利尻郡利尻富士町鬼脇字南浜,279,,
01519-4503-5.zip,202602101146,利尻郡利尻富士町鬼脇字南浜,280,,
01519-4503-5.zip,202602101146,利尻郡利尻富士町鬼脇字南浜,282,,
01519-4503-5.zip,202602101146,利尻郡利尻富士町鬼脇字南浜,285,,
01519-4503-5.zip,202602101146,利尻郡利尻富士町鬼脇字南浜,283,,
01519-4503-5.zip,202602101146,利尻郡利尻富士町鬼脇字南浜,230,,
01519-4503-5.zip,202602101146,利尻郡利尻富士町鬼脇字南浜,長狭物不明-32,,
01519-4503-5.zip,202602101146,利尻郡利尻富士町鬼脇字南浜,259,,
01519-4503-5.zip,202602101146,利尻郡利尻富士町鬼脇字南浜,245,,
01519-4503-5.zip,202602101146,利尻郡利尻富士町鬼脇字南浜,244,,
01519-4503-5.zip,202602101146,利尻郡利尻富士町鬼脇字南浜,243,,
01519-4503-5.zip,202602101146,利尻郡利尻富士町鬼脇字南浜,233,,
01519-4503-5.zip,202602101146,利尻郡利尻富士町鬼脇字南浜,232,,
01519-4503-5.zip,202602101146,利尻郡利尻富士町鬼脇字南浜,240,,
01519-4503-5.zip,202602101146,利尻郡利尻富士町鬼脇字南浜,241,,
01519-4503-5.zip,202602101146,利尻郡利尻富士町鬼脇字南浜,242,,
01519-4503-5.zip,202602101146,利尻郡利尻富士町鬼脇字南浜,231,,
01519-4503-5.zip,202602101146,利尻郡利尻富士町鬼脇字南浜,236,,
01519-4503-5.zip,202602101146,利尻郡利尻富士町鬼脇字南浜,237-1V1,,
01519-4503-5.zip,202602101146,利尻郡利尻富士町鬼脇字南浜,238,,
01519-4503-5.zip,202602101146,利尻郡利尻富士町鬼脇字南浜,長狭物不明-33,,
01519-4503-5.zip,202602101146,利尻郡利尻富士町鬼脇字南浜,248,,
01519-4503-5.zip,202602101146,利尻郡利尻富士町鬼脇字南浜,246,,
01519-4503-5.zip,202602101146,利尻郡利尻富士町鬼脇字南浜,252,,
01519-4503-5.zip,202602101146,利尻郡利尻富士町鬼脇字南浜,253,,
01519-4503-5.zip,202602101146,利尻郡利尻富士町鬼脇字南浜,255,,
01519-4503-5.zip,202602101146,利尻郡利尻富士町鬼脇字南浜,道-60,,
01519-4503-5.zip,202602101146,利尻郡利尻富士町鬼脇字南浜,道-61,,
01519-4503-5.zip,202602101146,利尻郡利尻富士町鬼脇字南浜,251,,
01519-4503-5.zip,202602101146,利尻郡利尻富士町鬼脇字南浜,249,,
01519-4503-5.zip,202602101146,利尻郡利尻富士町鬼脇字南浜,247,,
01519-4503-5.zip,202602101146,利尻郡利尻富士町鬼脇字南浜,250,,
01519-4503-5.zip,202602101146,利尻郡利尻富士町鬼脇字南浜,254,,
01519-4503-5.zip,202602101146,利尻郡利尻富士町鬼脇字南浜,260,,
01519-4503-5.zip,202602101146,利尻郡利尻富士町鬼脇字南浜,229,,
01519-4503-5.zip,202602101146,利尻郡利尻富士町鬼脇字南浜,228,,
01519-4503-5.zip,202602101146,利尻郡利尻富士町鬼脇字南浜,299,,
01519-4503-5.zip,202602101146,利尻郡利尻富士町鬼脇字南浜,長狭物不明-34,,
01519-4503-5.zip,202602101146,利尻郡利尻富士町鬼脇字南浜,298,,
01519-4503-5.zip,202602101146,利尻郡利尻富士町鬼脇字南浜,300,,
01519-4503-5.zip,202602101146,利尻郡利尻富士町鬼脇字南浜,長狭物不明-35,,
01519-4503-5.zip,202602101146,利尻郡利尻富士町鬼脇字南浜,302,,
01519-4503-5.zip,202602101146,利尻郡利尻富士町鬼脇字南浜,301,,
01519-4503-5.zip,202602101146,利尻郡利尻富士町鬼脇字南浜,長狭物不明-36,,
01519-4503-5.zip,202602101146,利尻郡利尻富士町鬼脇字南浜,長狭物不明-37,,
01519-4503-5.zip,202602101146,利尻郡利尻富士町鬼脇字南浜,303,,
01519-4503-5.zip,202602101146,利尻郡利尻富士町鬼脇字南浜,長狭物不明-38,,
01519-4503-5.zip,202602101146,利尻郡利尻富士町鬼脇字南浜,218,,
01519-4503-5.zip,202602101146,利尻郡利尻富士町鬼脇字南浜,217,,
01519-4503-5.zip,202602101146,利尻郡利尻富士町鬼脇字南浜,長狭物不明-39,,
01519-4503-5.zip,202602101146,利尻郡利尻富士町鬼脇字南浜,211,,
01519-4503-5.zip,202602101146,利尻郡利尻富士町鬼脇字南浜,212,,
01519-4503-5.zip,202602101146,利尻郡利尻富士町鬼脇字南浜,213,,
01519-4503-5.zip,202602101146,利尻郡利尻富士町鬼脇字南浜,216,,
01519-4503-5.zip,202602101146,利尻郡利尻富士町鬼脇字南浜,223,,
01519-4503-5.zip,202602101146,利尻郡利尻富士町鬼脇字南浜,222,,
01519-4503-5.zip,202602101146,利尻郡利尻富士町鬼脇字南浜,219,,
01519-4503-5.zip,202602101146,利尻郡利尻富士町鬼脇字南浜,220,,
01519-4503-5.zip,202602101146,利尻郡利尻富士町鬼脇字南浜,221,,
01519-4503-5.zip,202602101146,利尻郡利尻富士町鬼脇字南浜,長狭物不明-40,,
01519-4503-5.zip,202602101146,利尻郡利尻富士町鬼脇字南浜,長狭物不明-41,,
01519-4503-5.zip,202602101146,利尻郡利尻富士町鬼脇字南浜,長狭物不明-42,,
01519-4503-5.zip,202602101146,利尻郡利尻富士町鬼脇字南浜,道-62,,
01519-4503-5.zip,202602101146,利尻郡利尻富士町鬼脇字南浜,道-63,,
01519-4503-5.zip,202602101146,利尻郡利尻富士町鬼脇字南浜,83-4,,
01519-4503-5.zip,202602101146,利尻郡利尻富士町鬼脇字南浜,道-64,,
01519-4503-5.zip,202602101146,利尻郡利尻富士町鬼脇字南浜,道-65,,
01519-4503-5.zip,202602101146,利尻郡利尻富士町鬼脇字南浜,55-2,,
01519-4503-5.zip,202602101146,利尻郡利尻富士町鬼脇字南浜,237-2,,
01519-4503-5.zip,202602101146,利尻郡利尻富士町鬼脇字南浜,76,,
01519-4503-5.zip,202602101146,利尻郡利尻富士町鬼脇字南浜,78,,
01519-4503-5.zip,202602101146,利尻郡利尻富士町鬼脇字南浜,77,,
01519-4503-5.zip,202602101146,利尻郡利尻富士町鬼脇字南浜,57,,
01519-4503-5.zip,202602101146,利尻郡利尻富士町鬼脇字南浜,長狭物不明-43,,
01519-4503-5.zip,202602101146,利尻郡利尻富士町鬼脇字南浜,55-1,,
01519-4503-5.zip,202602101146,利尻郡利尻富士町鬼脇字南浜,56,,
01519-4503-5.zip,202602101146,利尻郡利尻富士町鬼脇字南浜,82,,
01519-4503-5.zip,202602101146,利尻郡利尻富士町鬼脇字南浜,84,,
01519-4503-5.zip,202602101146,利尻郡利尻富士町鬼脇字南浜,86,,
01519-4503-5.zip,202602101146,利尻郡利尻富士町鬼脇字南浜,85-1,,
01519-4503-5.zip,202602101146,利尻郡利尻富士町鬼脇字南浜,87,,
01519-4503-5.zip,202602101146,利尻郡利尻富士町鬼脇字南浜,88-1,,
01519-4503-5.zip,202602101146,利尻郡利尻富士町鬼脇字南浜,道-66,,
01519-4503-5.zip,202602101146,利尻郡利尻富士町鬼脇字南浜,81,,
01519-4503-5.zip,202602101146,利尻郡利尻富士町鬼脇字南浜,83-1,,
01519-4503-5.zip,202602101146,利尻郡利尻富士町鬼脇字南浜,83-5,,
01519-4503-5.zip,202602101146,利尻郡利尻富士町鬼脇字南浜,道-67,,
01519-4503-5.zip,202602101146,利尻郡利尻富士町鬼脇字南浜,83-3,,
01519-4503-5.zip,202602101146,利尻郡利尻富士町鬼脇字南浜,83-6,,
01519-4503-5.zip,202602101146,利尻郡利尻富士町鬼脇字南浜,83-2,,
01519-4503-5.zip,202602101146,利尻郡利尻富士町鬼脇字南浜,85-2,,
01519-4503-5.zip,202602101146,利尻郡利尻富士町鬼脇字南浜,88-2,,
01519-4503-5.zip,202602101146,利尻郡利尻富士町鬼脇字南浜,73,,
01519-4503-5.zip,202602101146,利尻郡利尻富士町鬼脇字南浜,72,,
01519-4503-5.zip,202602101146,利尻郡利尻富士町鬼脇字南浜,69,,
01519-4503-5.zip,202602101146,利尻郡利尻富士町鬼脇字南浜,68,,
01519-4503-5.zip,202602101146,利尻郡利尻富士町鬼脇字南浜,65,,
01519-4503-5.zip,202602101146,利尻郡利尻富士町鬼脇字南浜,64,,
01519-4503-5.zip,202602101146,利尻郡利尻富士町鬼脇字南浜,61,,
01519-4503-5.zip,202602101146,利尻郡利尻富士町鬼脇字南浜,60,,
01519-4503-5.zip,202602101146,利尻郡利尻富士町鬼脇字南浜,75,,
01519-4503-5.zip,202602101146,利尻郡利尻富士町鬼脇字南浜,58,,
01519-4503-5.zip,202602101146,利尻郡利尻富士町鬼脇字南浜,59,,
01519-4503-5.zip,202602101146,利尻郡利尻富士町鬼脇字南浜,62,,
01519-4503-5.zip,202602101146,利尻郡利尻富士町鬼脇字南浜,63,,
01519-4503-5.zip,202602101146,利尻郡利尻富士町鬼脇字南浜,66,,
01519-4503-5.zip,202602101146,利尻郡利尻富士町鬼脇字南浜,67,,
01519-4503-5.zip,202602101146,利尻郡利尻富士町鬼脇字南浜,70,,
01519-4503-5.zip,202602101146,利尻郡利尻富士町鬼脇字南浜,71,,
01519-4503-5.zip,202602101146,利尻郡利尻富士町鬼脇字南浜,74,,
01519-4503-5.zip,202602101146,利尻郡利尻富士町鬼脇字南浜,237-1V2,,
01519-4503-5.zip,202602101146,利尻郡利尻富士町鬼脇字南浜,長狭物不明-44,,
01519-4503-5.zip,202602101146,利尻郡利尻富士町鬼脇字南浜,長狭物不明-45,,
01519-4503-5.zip,202602101146,利尻郡利尻富士町鬼脇字南浜,207,,
01519-4503-5.zip,202602101146,利尻郡利尻富士町鬼脇字南浜,182,,
01519-4503-5.zip,202602101146,利尻郡利尻富士町鬼脇字南浜,181,,
01519-4503-5.zip,202602101146,利尻郡利尻富士町鬼脇字南浜,180,,
01519-4503-5.zip,202602101146,利尻郡利尻富士町鬼脇字南浜,208,,
01519-4503-5.zip,202602101146,利尻郡利尻富士町鬼脇字南浜,210,,
01519-4503-5.zip,202602101146,利尻郡利尻富士町鬼脇字南浜,209,,
01519-4503-5.zip,202602101146,利尻郡利尻富士町鬼脇字南浜,206,,
01519-4503-5.zip,202602101146,利尻郡利尻富士町鬼脇字南浜,184,,
01519-4503-5.zip,202602101146,利尻郡利尻富士町鬼脇字南浜,185,,
01519-4503-5.zip,202602101146,利尻郡利尻富士町鬼脇字南浜,186,,
01519-4503-5.zip,202602101146,利尻郡利尻富士町鬼脇字南浜,190,,
01519-4503-5.zip,202602101146,利尻郡利尻富士町鬼脇字南浜,183,,
01519-4503-5.zip,202602101146,利尻郡利尻富士町鬼脇字南浜,202,,
01519-4503-5.zip,202602101146,利尻郡利尻富士町鬼脇字南浜,198,,
01519-4503-5.zip,202602101146,利尻郡利尻富士町鬼脇字南浜,201,,
01519-4503-5.zip,202602101146,利尻郡利尻富士町鬼脇字南浜,187,,
01519-4503-5.zip,202602101146,利尻郡利尻富士町鬼脇字南浜,188,,
01519-4503-5.zip,202602101146,利尻郡利尻富士町鬼脇字南浜,189,,
01519-4503-5.zip,202602101146,利尻郡利尻富士町鬼脇字南浜,191,,
01519-4503-5.zip,202602101146,利尻郡利尻富士町鬼脇字南浜,長狭物不明-46,,
01519-4503-5.zip,202602101146,利尻郡利尻富士町鬼脇字南浜,長狭物不明-47,,
01519-4503-5.zip,202602101146,利尻郡利尻富士町鬼脇字南浜,道-68,,
01519-4503-5.zip,202602101146,利尻郡利尻富士町鬼脇字南浜,道-69,,
01519-4503-5.zip,202602101146,利尻郡利尻富士町鬼脇字南浜,道-70,,
01519-4503-5.zip,202602101146,利尻郡利尻富士町鬼脇字南浜,102-1,,
01519-4503-5.zip,202602101146,利尻郡利尻富士町鬼脇字南浜,90-1,,
01519-4503-5.zip,202602101146,利尻郡利尻富士町鬼脇字南浜,89,,
01519-4503-5.zip,202602101146,利尻郡利尻富士町鬼脇字南浜,92,,
01519-4503-5.zip,202602101146,利尻郡利尻富士町鬼脇字南浜,94V1,,
01519-4503-5.zip,202602101146,利尻郡利尻富士町鬼脇字南浜,100V1,,
01519-4503-5.zip,202602101146,利尻郡利尻富士町鬼脇字南浜,103,,
01519-4503-5.zip,202602101146,利尻郡利尻富士町鬼脇字南浜,107,,
01519-4503-5.zip,202602101146,利尻郡利尻富士町鬼脇字南浜,93,,
01519-4503-5.zip,202602101146,利尻郡利尻富士町鬼脇字南浜,95,,
01519-4503-5.zip,202602101146,利尻郡利尻富士町鬼脇字南浜,98-1,,
01519-4503-5.zip,202602101146,利尻郡利尻富士町鬼脇字南浜,99,,
01519-4503-5.zip,202602101146,利尻郡利尻富士町鬼脇字南浜,101-1,,
01519-4503-5.zip,202602101146,利尻郡利尻富士町鬼脇字南浜,105,,
01519-4503-5.zip,202602101146,利尻郡利尻富士町鬼脇字南浜,102-2,,
01519-4503-5.zip,202602101146,利尻郡利尻富士町鬼脇字南浜,101-2,,
01519-4503-5.zip,202602101146,利尻郡利尻富士町鬼脇字南浜,104,,
01519-4503-5.zip,202602101146,利尻郡利尻富士町鬼脇字南浜,91-1,,
01519-4503-5.zip,202602101146,利尻郡利尻富士町鬼脇字南浜,91-2,,
01519-4503-5.zip,202602101146,利尻郡利尻富士町鬼脇字南浜,97-2,,
01519-4503-5.zip,202602101146,利尻郡利尻富士町鬼脇字南浜,道-71,,
01519-4503-5.zip,202602101146,利尻郡利尻富士町鬼脇字南浜,道-72,,
01519-4503-5.zip,202602101146,利尻郡利尻富士町鬼脇字南浜,90-2,,
01519-4503-5.zip,202602101146,利尻郡利尻富士町鬼脇字南浜,96-1,,
01519-4503-5.zip,202602101146,利尻郡利尻富士町鬼脇字南浜,96-2,,
01519-4503-5.zip,202602101146,利尻郡利尻富士町鬼脇字南浜,97-1,,
01519-4503-5.zip,202602101146,利尻郡利尻富士町鬼脇字南浜,98-2,,
01519-4503-5.zip,202602101146,利尻郡利尻富士町鬼脇字南浜,79,,
01519-4503-5.zip,202602101146,利尻郡利尻富士町鬼脇字南浜,100V2,,
01519-4503-5.zip,202602101146,利尻郡利尻富士町鬼脇字南浜,106,,
01519-4503-5.zip,202602101146,利尻郡利尻富士町鬼脇字南浜,94V2,,
01519-4503-5.zip,202602101146,利尻郡利尻富士町鬼脇字南浜,108,,
01519-4503-5.zip,202602101146,利尻郡利尻富士町鬼脇字南浜,111,,
01519-4503-5.zip,202602101146,利尻郡利尻富士町鬼脇字南浜,110,,
01519-4503-5.zip,202602101146,利尻郡利尻富士町鬼脇字南浜,109,,
01519-4503-5.zip,202602101146,利尻郡利尻富士町鬼脇字南浜,長狭物不明-48,,
01519-4503-5.zip,202602101146,利尻郡利尻富士町鬼脇字南浜,100V3,,
01519-4503-5.zip,202602101146,利尻郡利尻富士町鬼脇字南浜,94V3,,
01519-4503-5.zip,202602101146,利尻郡利尻富士町鬼脇字南浜,道-73,,
01519-4503-5.zip,202602101146,利尻郡利尻富士町鬼脇字南浜,道-74,,
01519-4503-5.zip,202602101146,利尻郡利尻富士町鬼脇字南浜,長狭物不明-49,,
01519-4503-5.zip,202602101146,利尻郡利尻富士町鬼脇字南浜,道-75,,
01519-4503-5.zip,202602101146,利尻郡利尻富士町鬼脇字南浜,122,,
01519-4503-5.zip,202602101146,利尻郡利尻富士町鬼脇字南浜,113,,
01519-4503-5.zip,202602101146,利尻郡利尻富士町鬼脇字南浜,112,,
01519-4503-5.zip,202602101146,利尻郡利尻富士町鬼脇字南浜,124,,
01519-4503-5.zip,202602101146,利尻郡利尻富士町鬼脇字南浜,130-1,,
01519-4503-5.zip,202602101146,利尻郡利尻富士町鬼脇字南浜,114,,
01519-4503-5.zip,202602101146,利尻郡利尻富士町鬼脇字南浜,道-76,,
01519-4503-5.zip,202602101146,利尻郡利尻富士町鬼脇字南浜,162,,
01519-4503-5.zip,202602101146,利尻郡利尻富士町鬼脇字南浜,116-1,,
01519-4503-5.zip,202602101146,利尻郡利尻富士町鬼脇字南浜,115,,
01519-4503-5.zip,202602101146,利尻郡利尻富士町鬼脇字南浜,117-1,,
01519-4503-5.zip,202602101146,利尻郡利尻富士町鬼脇字南浜,道-77,,
01519-4503-5.zip,202602101146,利尻郡利尻富士町鬼脇字南浜,道-78,,
01519-4503-5.zip,202602101146,利尻郡利尻富士町鬼脇字南浜,118-1,,
01519-4503-5.zip,202602101146,利尻郡利尻富士町鬼脇字南浜,116-2,,
01519-4503-5.zip,202602101146,利尻郡利尻富士町鬼脇字南浜,117-2,,
01519-4503-5.zip,202602101146,利尻郡利尻富士町鬼脇字南浜,118-2,,
01519-4503-5.zip,202602101146,利尻郡利尻富士町鬼脇字南浜,道-79,,
01519-4503-5.zip,202602101146,利尻郡利尻富士町鬼脇字南浜,163,,
01519-4503-5.zip,202602101146,利尻郡利尻富士町鬼脇字南浜,121-1,,
01519-4503-5.zip,202602101146,利尻郡利尻富士町鬼脇字南浜,158,,
01519-4503-5.zip,202602101146,利尻郡利尻富士町鬼脇字南浜,161-2,,
01519-4503-5.zip,202602101146,利尻郡利尻富士町鬼脇字南浜,161-1,,
01519-4503-5.zip,202602101146,利尻郡利尻富士町鬼脇字南浜,119,,
01519-4503-5.zip,202602101146,利尻郡利尻富士町鬼脇字南浜,120-1,,
01519-4503-5.zip,202602101146,利尻郡利尻富士町鬼脇字南浜,121-2,,
01519-4503-5.zip,202602101146,利尻郡利尻富士町鬼脇字南浜,道-80,,
01519-4503-5.zip,202602101146,利尻郡利尻富士町鬼脇字南浜,130-2,,
01519-4503-5.zip,202602101146,利尻郡利尻富士町鬼脇字南浜,道-81,,
01519-4503-5.zip,202602101146,利尻郡利尻富士町鬼脇字南浜,道-82,,
01519-4503-5.zip,202602101146,利尻郡利尻富士町鬼脇字南浜,123,,
01519-4503-5.zip,202602101146,利尻郡利尻富士町鬼脇字南浜,126,,
01519-4503-5.zip,202602101146,利尻郡利尻富士町鬼脇字南浜,125,,
01519-4503-5.zip,202602101146,利尻郡利尻富士町鬼脇字南浜,120-2,,
01519-4503-5.zip,202602101146,利尻郡利尻富士町鬼脇字南浜,道-83,,
01519-4503-5.zip,202602101146,利尻郡利尻富士町鬼脇字南浜,127,,
01519-4503-5.zip,202602101146,利尻郡利尻富士町鬼脇字南浜,129,,
01519-4503-5.zip,202602101146,利尻郡利尻富士町鬼脇字南浜,128,,
01519-4503-5.zip,202602101146,利尻郡利尻富士町鬼脇字南浜,131-2,,
01519-4503-5.zip,202602101146,利尻郡利尻富士町鬼脇字南浜,道-84,,
01519-4503-5.zip,202602101146,利尻郡利尻富士町鬼脇字沼浦,道-85,,
01519-4503-5.zip,202602101146,利尻郡利尻富士町鬼脇字南浜,155,,
01519-4503-5.zip,202602101146,利尻郡利尻富士町鬼脇字南浜,154-3,,
01519-4503-5.zip,202602101146,利尻郡利尻富士町鬼脇字南浜,156-2,,
01519-4503-5.zip,202602101146,利尻郡利尻富士町鬼脇字南浜,140-2,,
01519-4503-5.zip,202602101146,利尻郡利尻富士町鬼脇字南浜,131-1,,
01519-4503-5.zip,202602101146,利尻郡利尻富士町鬼脇字南浜,長狭物不明-50,,
01519-4503-5.zip,202602101146,利尻郡利尻富士町鬼脇字南浜,道-86,,
01519-4503-5.zip,202602101146,利尻郡利尻富士町鬼脇字南浜,131-3,,
01519-4503-5.zip,202602101146,利尻郡利尻富士町鬼脇字南浜,135,,
01519-4503-5.zip,202602101146,利尻郡利尻富士町鬼脇字南浜,134,,
01519-4503-5.zip,202602101146,利尻郡利尻富士町鬼脇字南浜,133,,
01519-4503-5.zip,202602101146,利尻郡利尻富士町鬼脇字南浜,132,,
01519-4503-5.zip,202602101146,利尻郡利尻富士町鬼脇字南浜,137,,
01519-4503-5.zip,202602101146,利尻郡利尻富士町鬼脇字沼浦,12,,
01519-4503-5.zip,202602101146,利尻郡利尻富士町鬼脇字沼浦,長狭物不明-51,,
01519-4503-5.zip,202602101146,利尻郡利尻富士町鬼脇字沼浦,10,,
01519-4503-5.zip,202602101146,利尻郡利尻富士町鬼脇字沼浦,9,,
01519-4503-5.zip,202602101146,利尻郡利尻富士町鬼脇字沼浦,16,,
01519-4503-5.zip,202602101146,利尻郡利尻富士町鬼脇字沼浦,15,,
01519-4503-5.zip,202602101146,利尻郡利尻富士町鬼脇字沼浦,7,,
01519-4503-5.zip,202602101146,利尻郡利尻富士町鬼脇字沼浦,1,,
01519-4503-5.zip,202602101146,利尻郡利尻富士町鬼脇字沼浦,2,,
01519-4503-5.zip,202602101146,利尻郡利尻富士町鬼脇字沼浦,3,,
01519-4503-5.zip,202602101146,利尻郡利尻富士町鬼脇字沼浦,4,,
01519-4503-5.zip,202602101146,利尻郡利尻富士町鬼脇字沼浦,17,,
01519-4503-5.zip,202602101146,利尻郡利尻富士町鬼脇字沼浦,18,,
01519-4503-5.zip,202602101146,利尻郡利尻富士町鬼脇字沼浦,20,,
01519-4503-5.zip,202602101146,利尻郡利尻富士町鬼脇字沼浦,19,,
01519-4503-5.zip,202602101146,利尻郡利尻富士町鬼脇字沼浦,6,,
01519-4503-5.zip,202602101146,利尻郡利尻富士町鬼脇字沼浦,5,,
01519-4503-5.zip,202602101146,利尻郡利尻富士町鬼脇字沼浦,8,,
01519-4503-5.zip,202602101146,利尻郡利尻富士町鬼脇字沼浦,長狭物不明-52,,
01519-4503-5.zip,202602101146,利尻郡利尻富士町鬼脇字沼浦,長狭物不明-53,,
01519-4503-5.zip,202602101146,利尻郡利尻富士町鬼脇字沼浦,42,,
01519-4503-5.zip,202602101146,利尻郡利尻富士町鬼脇字沼浦,38-1,,
01519-4503-5.zip,202602101146,利尻郡利尻富士町鬼脇字沼浦,37-1,,
01519-4503-5.zip,202602101146,利尻郡利尻富士町鬼脇字沼浦,270-1,,
01519-4503-5.zip,202602101146,利尻郡利尻富士町鬼脇字沼浦,268-1,,
01519-4503-5.zip,202602101146,利尻郡利尻富士町鬼脇字沼浦,35-2,,
01519-4503-5.zip,202602101146,利尻郡利尻富士町鬼脇字沼浦,36-2,,
01519-4503-5.zip,202602101146,利尻郡利尻富士町鬼脇字沼浦,39-2,,
01519-4503-5.zip,202602101146,利尻郡利尻富士町鬼脇字沼浦,39-1,,
01519-4503-5.zip,202602101146,利尻郡利尻富士町鬼脇字沼浦,43,,
01519-4503-5.zip,202602101146,利尻郡利尻富士町鬼脇字沼浦,40-1,,
01519-4503-5.zip,202602101146,利尻郡利尻富士町鬼脇字沼浦,38-2,,
01519-4503-5.zip,202602101146,利尻郡利尻富士町鬼脇字沼浦,40-2,,
01519-4503-5.zip,202602101146,利尻郡利尻富士町鬼脇字沼浦,37-2,,
01519-4503-5.zip,202602101146,利尻郡利尻富士町鬼脇字沼浦,36-1,,
01519-4503-5.zip,202602101146,利尻郡利尻富士町鬼脇字沼浦,34-2,,
01519-4503-5.zip,202602101146,利尻郡利尻富士町鬼脇字沼浦,34-1,,
01519-4503-5.zip,202602101146,利尻郡利尻富士町鬼脇字沼浦,31,,
01519-4503-5.zip,202602101146,利尻郡利尻富士町鬼脇字沼浦,32,,
01519-4503-5.zip,202602101146,利尻郡利尻富士町鬼脇字沼浦,30,,
01519-4503-5.zip,202602101146,利尻郡利尻富士町鬼脇字沼浦,35-1,,
01519-4503-5.zip,202602101146,利尻郡利尻富士町鬼脇字沼浦,33,,
01519-4503-5.zip,202602101146,利尻郡利尻富士町鬼脇字沼浦,41,,
01519-4503-5.zip,202602101146,利尻郡利尻富士町鬼脇字沼浦,268-2,,
01519-4503-5.zip,202602101146,利尻郡利尻富士町鬼脇字沼浦,269,,
01519-4503-5.zip,202602101146,利尻郡利尻富士町鬼脇字沼浦,道-87,,
01519-4503-5.zip,202602101146,利尻郡利尻富士町鬼脇字沼浦,道-88,,
01519-4503-5.zip,202602101146,利尻郡利尻富士町鬼脇字沼浦,270-3,,
01519-4503-5.zip,202602101146,利尻郡利尻富士町鬼脇字沼浦,270-2,,
01519-4503-5.zip,202602101146,利尻郡利尻富士町鬼脇字沼浦,253,,
01519-4503-5.zip,202602101146,利尻郡利尻富士町鬼脇字沼浦,259-1,,
01519-4503-5.zip,202602101146,利尻郡利尻富士町鬼脇字沼浦,271,,
01519-4503-5.zip,202602101146,利尻郡利尻富士町鬼脇字沼浦,267,,
01519-4503-5.zip,202602101146,利尻郡利尻富士町鬼脇字沼浦,266,,
01519-4503-5.zip,202602101146,利尻郡利尻富士町鬼脇字沼浦,263,,
01519-4503-5.zip,202602101146,利尻郡利尻富士町鬼脇字沼浦,259-2,,
01519-4503-5.zip,202602101146,利尻郡利尻富士町鬼脇字沼浦,258-2,,
01519-4503-5.zip,202602101146,利尻郡利尻富士町鬼脇字沼浦,257-2,,
01519-4503-5.zip,202602101146,利尻郡利尻富士町鬼脇字沼浦,256-1,,
01519-4503-5.zip,202602101146,利尻郡利尻富士町鬼脇字沼浦,257-1,,
01519-4503-5.zip,202602101146,利尻郡利尻富士町鬼脇字沼浦,256-2,,
01519-4503-5.zip,202602101146,利尻郡利尻富士町鬼脇字沼浦,255-2,,
01519-4503-5.zip,202602101146,利尻郡利尻富士町鬼脇字沼浦,255-1,,
01519-4503-5.zip,202602101146,利尻郡利尻富士町鬼脇字沼浦,254,,
01519-4503-5.zip,202602101146,利尻郡利尻富士町鬼脇字沼浦,255-3,,
01519-4503-5.zip,202602101146,利尻郡利尻富士町鬼脇字沼浦,258-1,,
01519-4503-5.zip,202602101146,利尻郡利尻富士町鬼脇字南浜,道-89,,
01519-4503-5.zip,202602101146,利尻郡利尻富士町鬼脇字沼浦,長狭物不明-54,,
01519-4503-5.zip,202602101146,利尻郡利尻富士町鬼脇字沼浦,長狭物不明-55,,
01519-4503-5.zip,202602101146,利尻郡利尻富士町鬼脇字南浜,長狭物不明-56,,
01519-4503-5.zip,202602101146,利尻郡利尻富士町鬼脇字南浜,145,,
01519-4503-5.zip,202602101146,利尻郡利尻富士町鬼脇字沼浦,道-90,,
01519-4503-5.zip,202602101146,利尻郡利尻富士町鬼脇字沼浦,21,,
01519-4503-5.zip,202602101146,利尻郡利尻富士町鬼脇字沼浦,14,,
01519-4503-5.zip,202602101146,利尻郡利尻富士町鬼脇字南浜,146,,
01519-4503-5.zip,202602101146,利尻郡利尻富士町鬼脇字南浜,143,,
01519-4503-5.zip,202602101146,利尻郡利尻富士町鬼脇字南浜,142-2,,
01519-4503-5.zip,202602101146,利尻郡利尻富士町鬼脇字南浜,142-1,,
01519-4503-5.zip,202602101146,利尻郡利尻富士町鬼脇字南浜,141-2,,
01519-4503-5.zip,202602101146,利尻郡利尻富士町鬼脇字沼浦,25,,
01519-4503-5.zip,202602101146,利尻郡利尻富士町鬼脇字沼浦,23,,
01519-4503-5.zip,202602101146,利尻郡利尻富士町鬼脇字沼浦,22,,
01519-4503-5.zip,202602101146,利尻郡利尻富士町鬼脇字沼浦,長狭物不明-57,,
01519-4503-5.zip,202602101146,利尻郡利尻富士町鬼脇字沼浦,長狭物不明-58,,
01519-4503-5.zip,202602101146,利尻郡利尻富士町鬼脇字沼浦,262,,
01519-4503-5.zip,202602101146,利尻郡利尻富士町鬼脇字沼浦,261,,
01519-4503-5.zip,202602101146,利尻郡利尻富士町鬼脇字沼浦,273,,
01519-4503-5.zip,202602101146,利尻郡利尻富士町鬼脇字沼浦,274,,
01519-4503-5.zip,202602101146,利尻郡利尻富士町鬼脇字沼浦,272,,
01519-4503-5.zip,202602101146,利尻郡利尻富士町鬼脇字南浜,153,,
01519-4503-5.zip,202602101146,利尻郡利尻富士町鬼脇字南浜,151,,
01519-4503-5.zip,202602101146,利尻郡利尻富士町鬼脇字南浜,長狭物不明-60,,
01519-4503-5.zip,202602101146,利尻郡利尻富士町鬼脇字南浜,148,,
01519-4503-5.zip,202602101146,利尻郡利尻富士町鬼脇字南浜,147,,
01519-4503-5.zip,202602101146,利尻郡利尻富士町鬼脇字南浜,長狭物不明-61,,
01519-4503-5.zip,202602101146,利尻郡利尻富士町鬼脇字南浜,149,,
01519-4503-5.zip,202602101146,利尻郡利尻富士町鬼脇字沼浦,長狭物不明-62,,
01519-4503-5.zip,202602101146,利尻郡利尻富士町鬼脇字沼浦,260,,
01519-4503-5.zip,202602101146,利尻郡利尻富士町鬼脇字沼浦,252,,
01519-4503-5.zip,202602101146,利尻郡利尻富士町鬼脇字沼浦,245,,
01519-4503-5.zip,202602101146,利尻郡利尻富士町鬼脇字沼浦,250,,
01519-4503-5.zip,202602101146,利尻郡利尻富士町鬼脇字沼浦,242,,
01519-4503-5.zip,202602101146,利尻郡利尻富士町鬼脇字沼浦,251,,
01519-4503-5.zip,202602101146,利尻郡利尻富士町鬼脇字沼浦,246,,
01519-4503-5.zip,202602101146,利尻郡利尻富士町鬼脇字沼浦,249,,
01519-4503-5.zip,202602101146,利尻郡利尻富士町鬼脇字沼浦,248,,
01519-4503-5.zip,202602101146,利尻郡利尻富士町鬼脇字沼浦,243,,
01519-4503-5.zip,202602101146,利尻郡利尻富士町鬼脇字沼浦,247,,
01519-4503-5.zip,202602101146,利尻郡利尻富士町鬼脇字沼浦,244,,
01519-4503-5.zip,202602101146,利尻郡利尻富士町鬼脇字南浜,長狭物不明-63,,
01519-4503-5.zip,202602101146,利尻郡利尻富士町鬼脇字南浜,179,,
01519-4503-5.zip,202602101146,利尻郡利尻富士町鬼脇字南浜,171,,
01519-4503-5.zip,202602101146,利尻郡利尻富士町鬼脇字南浜,長狭物不明-64,,
01519-4503-5.zip,202602101146,利尻郡利尻富士町鬼脇字南浜,167,,
01519-4503-5.zip,202602101146,利尻郡利尻富士町鬼脇字南浜,165-1,,
01519-4503-5.zip,202602101146,利尻郡利尻富士町鬼脇字南浜,166,,
01519-4503-5.zip,202602101146,利尻郡利尻富士町鬼脇字南浜,174-1,,
01519-4503-5.zip,202602101146,利尻郡利尻富士町鬼脇字南浜,177,,
01519-4503-5.zip,202602101146,利尻郡利尻富士町鬼脇字南浜,175-1,,
01519-4503-5.zip,202602101146,利尻郡利尻富士町鬼脇字南浜,道-91,,
01519-4503-5.zip,202602101146,利尻郡利尻富士町鬼脇字南浜,道-92,,
01519-4503-5.zip,202602101146,利尻郡利尻富士町鬼脇字南浜,164-1,,
01519-4503-5.zip,202602101146,利尻郡利尻富士町鬼脇字南浜,164-2,,
01519-4503-5.zip,202602101146,利尻郡利尻富士町鬼脇字南浜,165-2,,
01519-4503-5.zip,202602101146,利尻郡利尻富士町鬼脇字南浜,175-2,,
01519-4503-5.zip,202602101146,利尻郡利尻富士町鬼脇字南浜,道-93,,
01519-4503-5.zip,202602101146,利尻郡利尻富士町鬼脇字南浜,169,,
01519-4503-5.zip,202602101146,利尻郡利尻富士町鬼脇字南浜,168,,
01519-4503-5.zip,202602101146,利尻郡利尻富士町鬼脇字南浜,170,,
01519-4503-5.zip,202602101146,利尻郡利尻富士町鬼脇字南浜,178,,
01519-4503-5.zip,202602101146,利尻郡利尻富士町鬼脇字南浜,173,,
01519-4503-5.zip,202602101146,利尻郡利尻富士町鬼脇字南浜,172,,
01519-4503-5.zip,202602101146,利尻郡利尻富士町鬼脇字南浜,174-2,,
01519-4503-5.zip,202602101146,利尻郡利尻富士町鬼脇字沼浦,長狭物不明-65,,
01519-4503-5.zip,202602101146,利尻郡利尻富士町鬼脇字沼浦,48,,
01519-4503-5.zip,202602101146,利尻郡利尻富士町鬼脇字沼浦,238-2,,
01519-4503-5.zip,202602101146,利尻郡利尻富士町鬼脇字沼浦,239,,
01519-4503-5.zip,202602101146,利尻郡利尻富士町鬼脇字沼浦,241,,
01519-4503-5.zip,202602101146,利尻郡利尻富士町鬼脇字沼浦,236,,
01519-4503-5.zip,202602101146,利尻郡利尻富士町鬼脇字沼浦,237-2,,
01519-4503-5.zip,202602101146,利尻郡利尻富士町鬼脇字沼浦,237-4,,
01519-4503-5.zip,202602101146,利尻郡利尻富士町鬼脇字沼浦,238-3,,
01519-4503-5.zip,202602101146,利尻郡利尻富士町鬼脇字沼浦,238-1,,
01519-4503-5.zip,202602101146,利尻郡利尻富士町鬼脇字沼浦,237-5,,
01519-4503-5.zip,202602101146,利尻郡利尻富士町鬼脇字沼浦,240,,
01519-4503-5.zip,202602101146,利尻郡利尻富士町鬼脇字沼浦,237-1,,
01519-4503-5.zip,202602101146,利尻郡利尻富士町鬼脇字沼浦,238-4,,
01519-4503-5.zip,202602101146,利尻郡利尻富士町鬼脇字沼浦,237-6,,
01519-4503-5.zip,202602101146,利尻郡利尻富士町鬼脇字沼浦,237-3,,
01519-4503-5.zip,202602101146,利尻郡利尻富士町鬼脇字沼浦,52-3,,
01519-4503-5.zip,202602101146,利尻郡利尻富士町鬼脇字沼浦,52-2,,
01519-4503-5.zip,202602101146,利尻郡利尻富士町鬼脇字沼浦,53-2,,
01519-4503-5.zip,202602101146,利尻郡利尻富士町鬼脇字沼浦,54-3,,
01519-4503-5.zip,202602101146,利尻郡利尻富士町鬼脇字沼浦,54-4,,
01519-4503-5.zip,202602101146,利尻郡利尻富士町鬼脇字沼浦,54-2,,
01519-4503-5.zip,202602101146,利尻郡利尻富士町鬼脇字沼浦,長狭物不明-66,,
01519-4503-5.zip,202602101146,利尻郡利尻富士町鬼脇字沼浦,54-1,,
01519-4503-5.zip,202602101146,利尻郡利尻富士町鬼脇字沼浦,53-1,,
01519-4503-5.zip,202602101146,利尻郡利尻富士町鬼脇字沼浦,52-1,,
01519-4503-5.zip,202602101146,利尻郡利尻富士町鬼脇字沼浦,51,,
01519-4503-5.zip,202602101146,利尻郡利尻富士町鬼脇字沼浦,45,,
01519-4503-5.zip,202602101146,利尻郡利尻富士町鬼脇字沼浦,44,,
01519-4503-5.zip,202602101146,利尻郡利尻富士町鬼脇字沼浦,46,,
01519-4503-5.zip,202602101146,利尻郡利尻富士町鬼脇字沼浦,47,,
01519-4503-5.zip,202602101146,利尻郡利尻富士町鬼脇字沼浦,50,,
01519-4503-5.zip,202602101146,利尻郡利尻富士町鬼脇字沼浦,49,,
01519-4503-5.zip,202602101146,利尻郡利尻富士町鬼脇字沼浦,55,,
01519-4503-5.zip,202602101146,利尻郡利尻富士町鬼脇字沼浦,58,,
01519-4503-5.zip,202602101146,利尻郡利尻富士町鬼脇字沼浦,56,,
01519-4503-5.zip,202602101146,利尻郡利尻富士町鬼脇字沼浦,長狭物不明-67,,
01519-4503-5.zip,202602101146,利尻郡利尻富士町鬼脇字沼浦,長狭物不明-68,,
01519-4503-5.zip,202602101146,利尻郡利尻富士町鬼脇字沼浦,57,,
01519-4503-5.zip,202602101146,利尻郡利尻富士町鬼脇字沼浦,220,,
01519-4503-5.zip,202602101146,利尻郡利尻富士町鬼脇字沼浦,224-2,,
01519-4503-5.zip,202602101146,利尻郡利尻富士町鬼脇字沼浦,長狭物不明-69,,
01519-4503-5.zip,202602101146,利尻郡利尻富士町鬼脇字沼浦,長狭物不明-70,,
01519-4503-5.zip,202602101146,利尻郡利尻富士町鬼脇字沼浦,長狭物不明-71,,
01519-4503-5.zip,202602101146,利尻郡利尻富士町鬼脇字沼浦,64,,
01519-4503-5.zip,202602101146,利尻郡利尻富士町鬼脇字沼浦,76-1V1,,
01519-4503-5.zip,202602101146,利尻郡利尻富士町鬼脇字沼浦,66,,
01519-4503-5.zip,202602101146,利尻郡利尻富士町鬼脇字沼浦,67,,
01519-4503-5.zip,202602101146,利尻郡利尻富士町鬼脇字沼浦,76-1V2,,
01519-4503-5.zip,202602101146,利尻郡利尻富士町鬼脇字沼浦,65,,
01519-4503-5.zip,202602101146,利尻郡利尻富士町鬼脇字沼浦,76-2,,
01519-4503-5.zip,202602101146,利尻郡利尻富士町鬼脇字沼浦,69,,
01519-4503-5.zip,202602101146,利尻郡利尻富士町鬼脇字沼浦,72,,
01519-4503-5.zip,202602101146,利尻郡利尻富士町鬼脇字沼浦,71,,
01519-4503-5.zip,202602101146,利尻郡利尻富士町鬼脇字沼浦,68,,
01519-4503-5.zip,202602101146,利尻郡利尻富士町鬼脇字沼浦,70,,
01519-4503-5.zip,202602101146,利尻郡利尻富士町鬼脇字沼浦,長狭物不明-72,,
01519-4503-5.zip,202602101146,利尻郡利尻富士町鬼脇字沼浦,59,,
01519-4503-5.zip,202602101146,利尻郡利尻富士町鬼脇字沼浦,60,,
01519-4503-5.zip,202602101146,利尻郡利尻富士町鬼脇字沼浦,62,,
01519-4503-5.zip,202602101146,利尻郡利尻富士町鬼脇字沼浦,63,,
01519-4503-5.zip,202602101146,利尻郡利尻富士町鬼脇字沼浦,61,,
01519-4503-5.zip,202602101146,利尻郡利尻富士町鬼脇字沼浦,78,,
01519-4503-5.zip,202602101146,利尻郡利尻富士町鬼脇字沼浦,76-1V3,,
01519-4503-5.zip,202602101146,利尻郡利尻富士町鬼脇字沼浦,81-1,,
01519-4503-5.zip,202602101146,利尻郡利尻富士町鬼脇字沼浦,81-2,,
01519-4503-5.zip,202602101146,利尻郡利尻富士町鬼脇字沼浦,82-2,,
01519-4503-5.zip,202602101146,利尻郡利尻富士町鬼脇字沼浦,83,,
01519-4503-5.zip,202602101146,利尻郡利尻富士町鬼脇字沼浦,84-2,,
01519-4503-5.zip,202602101146,利尻郡利尻富士町鬼脇字沼浦,85-2,,
01519-4503-5.zip,202602101146,利尻郡利尻富士町鬼脇字沼浦,87-2,,
01519-4503-5.zip,202602101146,利尻郡利尻富士町鬼脇字沼浦,86-2,,
01519-4503-5.zip,202602101146,利尻郡利尻富士町鬼脇字沼浦,86-3,,
01519-4503-5.zip,202602101146,利尻郡利尻富士町鬼脇字沼浦,85-3,,
01519-4503-5.zip,202602101146,利尻郡利尻富士町鬼脇字沼浦,82-1,,
01519-4503-5.zip,202602101146,利尻郡利尻富士町鬼脇字沼浦,80-1,,
01519-4503-5.zip,202602101146,利尻郡利尻富士町鬼脇字沼浦,82-3,,
01519-4503-5.zip,202602101146,利尻郡利尻富士町鬼脇字沼浦,80-3,,
01519-4503-5.zip,202602101146,利尻郡利尻富士町鬼脇字沼浦,80-2,,
01519-4503-5.zip,202602101146,利尻郡利尻富士町鬼脇字沼浦,80-4,,
01519-4503-5.zip,202602101146,利尻郡利尻富士町鬼脇字沼浦,79,,
01519-4503-5.zip,202602101146,利尻郡利尻富士町鬼脇字沼浦,77,,
01519-4503-5.zip,202602101146,利尻郡利尻富士町鬼脇字沼浦,80-5,,
01519-4503-5.zip,202602101146,利尻郡利尻富士町鬼脇字沼浦,229,,
01519-4503-5.zip,202602101146,利尻郡利尻富士町鬼脇字沼浦,230-1,,
01519-4503-5.zip,202602101146,利尻郡利尻富士町鬼脇字沼浦,231-2,,
01519-4503-5.zip,202602101146,利尻郡利尻富士町鬼脇字沼浦,231-3,,
01519-4503-5.zip,202602101146,利尻郡利尻富士町鬼脇字沼浦,228,,
01519-4503-5.zip,202602101146,利尻郡利尻富士町鬼脇字沼浦,232-2,,
01519-4503-5.zip,202602101146,利尻郡利尻富士町鬼脇字沼浦,233,,
01519-4503-5.zip,202602101146,利尻郡利尻富士町鬼脇字沼浦,234-2,,
01519-4503-5.zip,202602101146,利尻郡利尻富士町鬼脇字沼浦,235-2,,
01519-4503-5.zip,202602101146,利尻郡利尻富士町鬼脇字沼浦,232-1,,
01519-4503-5.zip,202602101146,利尻郡利尻富士町鬼脇字沼浦,232-5,,
01519-4503-5.zip,202602101146,利尻郡利尻富士町鬼脇字沼浦,232-4,,
01519-4503-5.zip,202602101146,利尻郡利尻富士町鬼脇字沼浦,235-3,,
01519-4503-5.zip,202602101146,利尻郡利尻富士町鬼脇字沼浦,234-1,,
01519-4503-5.zip,202602101146,利尻郡利尻富士町鬼脇字沼浦,232-3,,
01519-4503-5.zip,202602101146,利尻郡利尻富士町鬼脇字沼浦,235-1,,
01519-4503-5.zip,202602101146,利尻郡利尻富士町鬼脇字沼浦,231-1,,
01519-4503-5.zip,202602101146,利尻郡利尻富士町鬼脇字沼浦,230-2,,
01519-4503-5.zip,202602101146,利尻郡利尻富士町鬼脇字沼浦,230-3,,
01519-4503-5.zip,202602101146,利尻郡利尻富士町鬼脇字沼浦,85-4,,
01519-4503-5.zip,202602101146,利尻郡利尻富士町鬼脇字沼浦,84-1,,
01519-4503-5.zip,202602101146,利尻郡利尻富士町鬼脇字沼浦,85-5,,
01519-4503-5.zip,202602101146,利尻郡利尻富士町鬼脇字沼浦,87-3,,
01519-4503-5.zip,202602101146,利尻郡利尻富士町鬼脇字沼浦,85-1,,
01519-4503-5.zip,202602101146,利尻郡利尻富士町鬼脇字沼浦,86-1,,
01519-4503-5.zip,202602101146,利尻郡利尻富士町鬼脇字沼浦,87-1,,
01519-4503-5.zip,202602101146,利尻郡利尻富士町鬼脇字沼浦,234-3,,
01519-4503-5.zip,202602101146,利尻郡利尻富士町鬼脇字沼浦,226,,
01519-4503-5.zip,202602101146,利尻郡利尻富士町鬼脇字沼浦,227,,
01519-4503-5.zip,202602101146,利尻郡利尻富士町鬼脇字沼浦,225,,
01519-4503-5.zip,202602101146,利尻郡利尻富士町鬼脇字沼浦,223,,
01519-4503-5.zip,202602101146,利尻郡利尻富士町鬼脇字沼浦,長狭物不明-73,,
01519-4503-5.zip,202602101146,利尻郡利尻富士町鬼脇字沼浦,221,,
01519-4503-5.zip,202602101146,利尻郡利尻富士町鬼脇字沼浦,224-1,,
01519-4503-5.zip,202602101146,利尻郡利尻富士町鬼脇字沼浦,222,,
01519-4503-5.zip,202602101146,利尻郡利尻富士町鬼脇字沼浦,209,,
01519-4503-5.zip,202602101146,利尻郡利尻富士町鬼脇字沼浦,210,,
01519-4503-5.zip,202602101146,利尻郡利尻富士町鬼脇字沼浦,218,,
01519-4503-5.zip,202602101146,利尻郡利尻富士町鬼脇字沼浦,214,,
01519-4503-5.zip,202602101146,利尻郡利尻富士町鬼脇字沼浦,213,,
01519-4503-5.zip,202602101146,利尻郡利尻富士町鬼脇字沼浦,211,,
01519-4503-5.zip,202602101146,利尻郡利尻富士町鬼脇字沼浦,208,,
01519-4503-5.zip,202602101146,利尻郡利尻富士町鬼脇字沼浦,212-2,,
01519-4503-5.zip,202602101146,利尻郡利尻富士町鬼脇字沼浦,215,,
01519-4503-5.zip,202602101146,利尻郡利尻富士町鬼脇字沼浦,212-1,,
01519-4503-5.zip,202602101146,利尻郡利尻富士町鬼脇字沼浦,長狭物不明-74,,
01519-4503-5.zip,202602101146,利尻郡利尻富士町鬼脇字沼浦,長狭物不明-75,,
01519-4503-5.zip,202602101146,利尻郡利尻富士町鬼脇字沼浦,102-2,,
01519-4503-5.zip,202602101146,利尻郡利尻富士町鬼脇字沼浦,90,,
01519-4503-5.zip,202602101146,利尻郡利尻富士町鬼脇字沼浦,92,,
01519-4503-5.zip,202602101146,利尻郡利尻富士町鬼脇字沼浦,219-1,,
01519-4503-5.zip,202602101146,利尻郡利尻富士町鬼脇字沼浦,219-2,,
01519-4503-5.zip,202602101146,利尻郡利尻富士町鬼脇字沼浦,205,,
01519-4503-5.zip,202602101146,利尻郡利尻富士町鬼脇字沼浦,216,,
01519-4503-5.zip,202602101146,利尻郡利尻富士町鬼脇字沼浦,206,,
01519-4503-5.zip,202602101146,利尻郡利尻富士町鬼脇字沼浦,207,,
01519-4503-5.zip,202602101146,利尻郡利尻富士町鬼脇字沼浦,217,,
01519-4503-5.zip,202602101146,利尻郡利尻富士町鬼脇字沼浦,195,,
01519-4503-5.zip,202602101146,利尻郡利尻富士町鬼脇字沼浦,198,,
01519-4503-5.zip,202602101146,利尻郡利尻富士町鬼脇字沼浦,199-2,,
01519-4503-5.zip,202602101146,利尻郡利尻富士町鬼脇字沼浦,200-2,,
01519-4503-5.zip,202602101146,利尻郡利尻富士町鬼脇字沼浦,204,,
01519-4503-5.zip,202602101146,利尻郡利尻富士町鬼脇字沼浦,194,,
01519-4503-5.zip,202602101146,利尻郡利尻富士町鬼脇字沼浦,203,,
01519-4503-5.zip,202602101146,利尻郡利尻富士町鬼脇字沼浦,202,,
01519-4503-5.zip,202602101146,利尻郡利尻富士町鬼脇字沼浦,201-1,,
01519-4503-5.zip,202602101146,利尻郡利尻富士町鬼脇字沼浦,201-2,,
01519-4503-5.zip,202602101146,利尻郡利尻富士町鬼脇字沼浦,200-1,,
01519-4503-5.zip,202602101146,利尻郡利尻富士町鬼脇字沼浦,197,,
01519-4503-5.zip,202602101146,利尻郡利尻富士町鬼脇字沼浦,196,,
01519-4503-5.zip,202602101146,利尻郡利尻富士町鬼脇字沼浦,88-4,,
01519-4503-5.zip,202602101146,利尻郡利尻富士町鬼脇字沼浦,88-5,,
01519-4503-5.zip,202602101146,利尻郡利尻富士町鬼脇字沼浦,88-6,,
01519-4503-5.zip,202602101146,利尻郡利尻富士町鬼脇字沼浦,88-2,,
01519-4503-5.zip,202602101146,利尻郡利尻富士町鬼脇字沼浦,88-3,,
01519-4503-5.zip,202602101146,利尻郡利尻富士町鬼脇字沼浦,88-1,,
01519-4503-5.zip,202602101146,利尻郡利尻富士町鬼脇字沼浦,89-1,,
01519-4503-5.zip,202602101146,利尻郡利尻富士町鬼脇字沼浦,89-2,,
01519-4503-5.zip,202602101146,利尻郡利尻富士町鬼脇字沼浦,102-1,,
01519-4503-5.zip,202602101146,利尻郡利尻富士町鬼脇字沼浦,91,,
01519-4503-5.zip,202602101146,利尻郡利尻富士町鬼脇字沼浦,99,,
01519-4503-5.zip,202602101146,利尻郡利尻富士町鬼脇字沼浦,100,,
01519-4503-5.zip,202602101146,利尻郡利尻富士町鬼脇字沼浦,101-1,,
01519-4503-5.zip,202602101146,利尻郡利尻富士町鬼脇字沼浦,103,,
01519-4503-5.zip,202602101146,利尻郡利尻富士町鬼脇字沼浦,94,,
01519-4503-5.zip,202602101146,利尻郡利尻富士町鬼脇字沼浦,98,,
01519-4503-5.zip,202602101146,利尻郡利尻富士町鬼脇字沼浦,105,,
01519-4503-5.zip,202602101146,利尻郡利尻富士町鬼脇字沼浦,104,,
01519-4503-5.zip,202602101146,利尻郡利尻富士町鬼脇字沼浦,97,,
01519-4503-5.zip,202602101146,利尻郡利尻富士町鬼脇字沼浦,96,,
01519-4503-5.zip,202602101146,利尻郡利尻富士町鬼脇字沼浦,95,,
01519-4503-5.zip,202602101146,利尻郡利尻富士町鬼脇字沼浦,93-11,,
01519-4503-5.zip,202602101146,利尻郡利尻富士町鬼脇字沼浦,93-1,,
01519-4503-5.zip,202602101146,利尻郡利尻富士町鬼脇字沼浦,93-2,,
01519-4503-5.zip,202602101146,利尻郡利尻富士町鬼脇字沼浦,93-10,,
01519-4503-5.zip,202602101146,利尻郡利尻富士町鬼脇字沼浦,93-9,,
01519-4503-5.zip,202602101146,利尻郡利尻富士町鬼脇字沼浦,93-13,,
01519-4503-5.zip,202602101146,利尻郡利尻富士町鬼脇字沼浦,93-18,,
01519-4503-5.zip,202602101146,利尻郡利尻富士町鬼脇字沼浦,93-16,,
01519-4503-5.zip,202602101146,利尻郡利尻富士町鬼脇字沼浦,93-8,,
01519-4503-5.zip,202602101146,利尻郡利尻富士町鬼脇字沼浦,93-7,,
01519-4503-5.zip,202602101146,利尻郡利尻富士町鬼脇字沼浦,93-15,,
01519-4503-5.zip,202602101146,利尻郡利尻富士町鬼脇字沼浦,93-17,,
01519-4503-5.zip,202602101146,利尻郡利尻富士町鬼脇字沼浦,93-6,,
01519-4503-5.zip,202602101146,利尻郡利尻富士町鬼脇字沼浦,93-5,,
01519-4503-5.zip,202602101146,利尻郡利尻富士町鬼脇字沼浦,93-12,,
01519-4503-5.zip,202602101146,利尻郡利尻富士町鬼脇字沼浦,93-14,,
01519-4503-5.zip,202602101146,利尻郡利尻富士町鬼脇字沼浦,93-3,,
01519-4503-5.zip,202602101146,利尻郡利尻富士町鬼脇字沼浦,93-4,,
01519-4503-5.zip,202602101146,利尻郡利尻富士町鬼脇字沼浦,101-2,,
01519-4503-5.zip,202602101146,利尻郡利尻富士町鬼脇字沼浦,199-1,,
01519-4503-5.zip,202602101146,利尻郡利尻富士町鬼脇字沼浦,長狭物不明-76,,
01519-4503-5.zip,202602101146,利尻郡利尻富士町鬼脇字沼浦,123-2,,
01519-4503-5.zip,202602101146,利尻郡利尻富士町鬼脇字沼浦,123-1,,
01519-4503-5.zip,202602101146,利尻郡利尻富士町鬼脇字沼浦,111,,
01519-4503-5.zip,202602101146,利尻郡利尻富士町鬼脇字沼浦,125,,
01519-4503-5.zip,202602101146,利尻郡利尻富士町鬼脇字沼浦,132,,
01519-4503-5.zip,202602101146,利尻郡利尻富士町鬼脇字沼浦,109,,
01519-4503-5.zip,202602101146,利尻郡利尻富士町鬼脇字沼浦,127,,
01519-4503-5.zip,202602101146,利尻郡利尻富士町鬼脇字沼浦,193,,
01519-4503-5.zip,202602101146,利尻郡利尻富士町鬼脇字沼浦,191,,
01519-4503-5.zip,202602101146,利尻郡利尻富士町鬼脇字沼浦,186,,
01519-4503-5.zip,202602101146,利尻郡利尻富士町鬼脇字沼浦,184,,
01519-4503-5.zip,202602101146,利尻郡利尻富士町鬼脇字沼浦,183-2,,
01519-4503-5.zip,202602101146,利尻郡利尻富士町鬼脇字沼浦,124,,
01519-4503-5.zip,202602101146,利尻郡利尻富士町鬼脇字沼浦,187,,
01519-4503-5.zip,202602101146,利尻郡利尻富士町鬼脇字沼浦,192,,
01519-4503-5.zip,202602101146,利尻郡利尻富士町鬼脇字沼浦,188-2,,
01519-4503-5.zip,202602101146,利尻郡利尻富士町鬼脇字沼浦,190-2,,
01519-4503-5.zip,202602101146,利尻郡利尻富士町鬼脇字沼浦,188-3,,
01519-4503-5.zip,202602101146,利尻郡利尻富士町鬼脇字沼浦,190-3,,
01519-4503-5.zip,202602101146,利尻郡利尻富士町鬼脇字沼浦,190-1,,
01519-4503-5.zip,202602101146,利尻郡利尻富士町鬼脇字沼浦,188-1,,
01519-4503-5.zip,202602101146,利尻郡利尻富士町鬼脇字沼浦,185,,
01519-4503-5.zip,202602101146,利尻郡利尻富士町鬼脇字沼浦,道-94,,
01519-4503-5.zip,202602101146,利尻郡利尻富士町鬼脇字沼浦,183-4,,
01519-4503-5.zip,202602101146,利尻郡利尻富士町鬼脇字沼浦,183-3,,
01519-4503-5.zip,202602101146,利尻郡利尻富士町鬼脇字沼浦,183-1,,
01519-4503-5.zip,202602101146,利尻郡利尻富士町鬼脇字沼浦,122,,
01519-4503-5.zip,202602101146,利尻郡利尻富士町鬼脇字沼浦,119,,
01519-4503-5.zip,202602101146,利尻郡利尻富士町鬼脇字沼浦,117,,
01519-4503-5.zip,202602101146,利尻郡利尻富士町鬼脇字沼浦,115,,
01519-4503-5.zip,202602101146,利尻郡利尻富士町鬼脇字沼浦,113,,
01519-4503-5.zip,202602101146,利尻郡利尻富士町鬼脇字沼浦,110,,
01519-4503-5.zip,202602101146,利尻郡利尻富士町鬼脇字沼浦,126,,
01519-4503-5.zip,202602101146,利尻郡利尻富士町鬼脇字沼浦,128,,
01519-4503-5.zip,202602101146,利尻郡利尻富士町鬼脇字沼浦,129,,
01519-4503-5.zip,202602101146,利尻郡利尻富士町鬼脇字沼浦,121,,
01519-4503-5.zip,202602101146,利尻郡利尻富士町鬼脇字沼浦,120,,
01519-4503-5.zip,202602101146,利尻郡利尻富士町鬼脇字沼浦,118,,
01519-4503-5.zip,202602101146,利尻郡利尻富士町鬼脇字沼浦,116,,
01519-4503-5.zip,202602101146,利尻郡利尻富士町鬼脇字沼浦,114,,
01519-4503-5.zip,202602101146,利尻郡利尻富士町鬼脇字沼浦,112,,
01519-4503-5.zip,202602101146,利尻郡利尻富士町鬼脇字沼浦,108,,
01519-4503-5.zip,202602101146,利尻郡利尻富士町鬼脇字沼浦,107,,
01519-4503-5.zip,202602101146,利尻郡利尻富士町鬼脇字沼浦,189,,
01519-4503-5.zip,202602101146,利尻郡利尻富士町鬼脇字沼浦,長狭物不明-77,,
01519-4503-5.zip,202602101146,利尻郡利尻富士町鬼脇字沼浦,長狭物不明-78,,
01519-4503-5.zip,202602101146,利尻郡利尻富士町鬼脇字沼浦,長狭物不明-79,,
01519-4503-5.zip,202602101146,利尻郡利尻富士町鬼脇字沼浦,182-4,,
01519-4503-5.zip,202602101146,利尻郡利尻富士町鬼脇字沼浦,138-2,,
01519-4503-5.zip,202602101146,利尻郡利尻富士町鬼脇字沼浦,141,,
01519-4503-5.zip,202602101146,利尻郡利尻富士町鬼脇字沼浦,142,,
01519-4503-5.zip,202602101146,利尻郡利尻富士町鬼脇字沼浦,139-1,,
01519-4503-5.zip,202602101146,利尻郡利尻富士町鬼脇字沼浦,138-3,,
01519-4503-5.zip,202602101146,利尻郡利尻富士町鬼脇字沼浦,138-1,,
01519-4503-5.zip,202602101146,利尻郡利尻富士町鬼脇字沼浦,140,,
01519-4503-5.zip,202602101146,利尻郡利尻富士町鬼脇字沼浦,長狭物不明-80,,
01519-4503-5.zip,202602101146,利尻郡利尻富士町鬼脇字沼浦,178,,
01519-4503-5.zip,202602101146,利尻郡利尻富士町鬼脇字沼浦,179,,
01519-4503-5.zip,202602101146,利尻郡利尻富士町鬼脇字沼浦,道-95,,
01519-4503-5.zip,202602101146,利尻郡利尻富士町鬼脇字沼浦,134-8,,
01519-4503-5.zip,202602101146,利尻郡利尻富士町鬼脇字沼浦,134-5,,
01519-4503-5.zip,202602101146,利尻郡利尻富士町鬼脇字沼浦,134-6,,
01519-4503-5.zip,202602101146,利尻郡利尻富士町鬼脇字沼浦,182-3,,
01519-4503-5.zip,202602101146,利尻郡利尻富士町鬼脇字沼浦,182-7,,
01519-4503-5.zip,202602101146,利尻郡利尻富士町鬼脇字沼浦,133-2,,
01519-4503-5.zip,202602101146,利尻郡利尻富士町鬼脇字沼浦,134-1,,
01519-4503-5.zip,202602101146,利尻郡利尻富士町鬼脇字沼浦,134-2,,
01519-4503-5.zip,202602101146,利尻郡利尻富士町鬼脇字沼浦,134-7,,
01519-4503-5.zip,202602101146,利尻郡利尻富士町鬼脇字沼浦,134-3,,
01519-4503-5.zip,202602101146,利尻郡利尻富士町鬼脇字沼浦,134-4,,
01519-4503-5.zip,202602101146,利尻郡利尻富士町鬼脇字沼浦,182-2,,
01519-4503-5.zip,202602101146,利尻郡利尻富士町鬼脇字沼浦,182-6,,
01519-4503-5.zip,202602101146,利尻郡利尻富士町鬼脇字沼浦,182-1,,
01519-4503-5.zip,202602101146,利尻郡利尻富士町鬼脇字沼浦,182-5,,
01519-4503-5.zip,202602101146,利尻郡利尻富士町鬼脇字沼浦,139-2,,
01519-4503-5.zip,202602101146,利尻郡利尻富士町鬼脇字沼浦,長狭物不明-81,,
01519-4503-5.zip,202602101146,利尻郡利尻富士町鬼脇字沼浦,長狭物不明-82,,
01519-4503-5.zip,202602101146,利尻郡利尻富士町鬼脇字沼浦,131-1,,
01519-4503-5.zip,202602101146,利尻郡利尻富士町鬼脇字沼浦,148-1,,
01519-4503-5.zip,202602101146,利尻郡利尻富士町鬼脇字沼浦,149-1,,
01519-4503-5.zip,202602101146,利尻郡利尻富士町鬼脇字沼浦,150V1,,
01519-4503-5.zip,202602101146,利尻郡利尻富士町鬼脇字沼浦,149-2,,
01519-4503-5.zip,202602101146,利尻郡利尻富士町鬼脇字沼浦,131-6,,
01519-4503-5.zip,202602101146,利尻郡利尻富士町鬼脇字沼浦,131-5,,
01519-4503-5.zip,202602101146,利尻郡利尻富士町鬼脇字沼浦,130,,
01519-4503-5.zip,202602101146,利尻郡利尻富士町鬼脇字沼浦,131-4,,
01519-4503-5.zip,202602101146,利尻郡利尻富士町鬼脇字沼浦,131-7,,
01519-4503-5.zip,202602101146,利尻郡利尻富士町鬼脇字沼浦,131-3,,
01519-4503-5.zip,202602101146,利尻郡利尻富士町鬼脇字沼浦,131-2,,
01519-4503-5.zip,202602101146,利尻郡利尻富士町鬼脇字沼浦,152,,
01519-4503-5.zip,202602101146,利尻郡利尻富士町鬼脇字沼浦,153,,
01519-4503-5.zip,202602101146,利尻郡利尻富士町鬼脇字沼浦,150V2,,
01519-4503-5.zip,202602101146,利尻郡利尻富士町鬼脇字沼浦,154,,
01519-4503-5.zip,202602101146,利尻郡利尻富士町鬼脇字沼浦,長狭物不明-83,,
01519-4503-5.zip,202602101146,利尻郡利尻富士町鬼脇字沼浦,151,,
01519-4503-5.zip,202602101146,利尻郡利尻富士町鬼脇字沼浦,144-1,,
01519-4503-5.zip,202602101146,利尻郡利尻富士町鬼脇字沼浦,144-2,,
01519-4503-5.zip,202602101146,利尻郡利尻富士町鬼脇字沼浦,148-2,,
01519-4503-5.zip,202602101146,利尻郡利尻富士町鬼脇字沼浦,長狭物不明-84,,
01519-4503-5.zip,202602101146,利尻郡利尻富士町鬼脇字沼浦,長狭物不明-85,,
01519-4503-5.zip,202602101146,利尻郡利尻富士町鬼脇字沼浦,別図-1,,
01519-4503-5.zip,202602101146,利尻郡利尻富士町鬼脇字沼浦,174,,
01519-4503-5.zip,202602101146,利尻郡利尻富士町鬼脇字沼浦,175,,
01519-4503-5.zip,202602101146,利尻郡利尻富士町鬼脇字沼浦,177,,
01519-4503-5.zip,202602101146,利尻郡利尻富士町鬼脇字沼浦,176,,
01519-4503-5.zip,202602101146,利尻郡利尻富士町鬼脇字沼浦,173,,
01519-4503-5.zip,202602101146,利尻郡利尻富士町鬼脇字沼浦,長狭物不明-86,,
01519-4503-5.zip,202602101146,利尻郡利尻富士町鬼脇字沼浦,155,,
01519-4503-5.zip,202602101146,利尻郡利尻富士町鬼脇字沼浦,長狭物不明-87,,
01519-4503-5.zip,202602101146,利尻郡利尻富士町鬼脇字沼浦,長狭物不明-88,,
01519-4503-5.zip,202602101146,利尻郡利尻富士町鬼脇字沼浦,長狭物不明-89,,
01519-4503-5.zip,202602101146,利尻郡利尻富士町鬼脇字沼浦,156,,
01519-4503-5.zip,202602101146,利尻郡利尻富士町鬼脇字沼浦,長狭物不明-90,,
01519-4503-5.zip,202602101146,利尻郡利尻富士町鬼脇字沼浦,157,,
01519-4503-5.zip,202602101146,利尻郡利尻富士町鬼脇字沼浦,158,,
01519-4503-5.zip,202602101146,利尻郡利尻富士町鬼脇字沼浦,159,,
01519-4503-5.zip,202602101146,利尻郡利尻富士町鬼脇字沼浦,160,,
01519-4503-5.zip,202602101146,利尻郡利尻富士町鬼脇字沼浦,163,,
01519-4503-5.zip,202602101146,利尻郡利尻富士町鬼脇字沼浦,162,,
01519-4503-5.zip,202602101146,利尻郡利尻富士町鬼脇字沼浦,170,,
01519-4503-5.zip,202602101146,利尻郡利尻富士町鬼脇字沼浦,166,,
01519-4503-5.zip,202602101146,利尻郡利尻富士町鬼脇字沼浦,169,,
01519-4503-5.zip,202602101146,利尻郡利尻富士町鬼脇字金崎,道-96,,
01519-4503-5.zip,202602101146,利尻郡利尻富士町鬼脇字金崎,長狭物不明-91,,
01519-4503-5.zip,202602101146,利尻郡利尻富士町鬼脇字金崎,7-1W1,,
01519-4503-5.zip,202602101146,利尻郡利尻富士町鬼脇字金崎,5-1,,
01519-4503-5.zip,202602101146,利尻郡利尻富士町鬼脇字金崎,5-2,,
01519-4503-5.zip,202602101146,利尻郡利尻富士町鬼脇字金崎,長狭物不明-92,,
01519-4503-5.zip,202602101146,利尻郡利尻富士町鬼脇字金崎,7-2,,
01519-4503-5.zip,202602101146,利尻郡利尻富士町鬼脇字金崎,9-1,,
01519-4503-5.zip,202602101146,利尻郡利尻富士町鬼脇字金崎,11,,
01519-4503-5.zip,202602101146,利尻郡利尻富士町鬼脇字金崎,3,,
01519-4503-5.zip,202602101146,利尻郡利尻富士町鬼脇字金崎,2,,
01519-4503-5.zip,202602101146,利尻郡利尻富士町鬼脇字金崎,9-2,,
01519-4503-5.zip,202602101146,利尻郡利尻富士町鬼脇字金崎,8-1,,
01519-4503-5.zip,202602101146,利尻郡利尻富士町鬼脇字金崎,4-1,,
01519-4503-5.zip,202602101146,利尻郡利尻富士町鬼脇字金崎,8-2,,
01519-4503-5.zip,202602101146,利尻郡利尻富士町鬼脇字金崎,4-2,,
01519-4503-5.zip,202602101146,利尻郡利尻富士町鬼脇字金崎,10,,
01519-4503-5.zip,202602101146,利尻郡利尻富士町鬼脇字金崎,12,,
01519-4503-5.zip,202602101146,利尻郡利尻富士町鬼脇字金崎,1,,
01519-4503-5.zip,202602101146,利尻郡利尻富士町鬼脇字金崎,21,,
01519-4503-5.zip,202602101146,利尻郡利尻富士町鬼脇字金崎,19,,
01519-4503-5.zip,202602101146,利尻郡利尻富士町鬼脇字金崎,20,,
01519-4503-5.zip,202602101146,利尻郡利尻富士町鬼脇字金崎,16,,
01519-4503-5.zip,202602101146,利尻郡利尻富士町鬼脇字金崎,17,,
01519-4503-5.zip,202602101146,利尻郡利尻富士町鬼脇字金崎,長狭物不明-93,,
01519-4503-5.zip,202602101146,利尻郡利尻富士町鬼脇字金崎,長狭物不明-94,,
01519-4503-5.zip,202602101146,利尻郡利尻富士町鬼脇字金崎,50,,
01519-4503-5.zip,202602101146,利尻郡利尻富士町鬼脇字金崎,54,,
01519-4503-5.zip,202602101146,利尻郡利尻富士町鬼脇字金崎,56,,
01519-4503-5.zip,202602101146,利尻郡利尻富士町鬼脇字金崎,75,,
01519-4503-5.zip,202602101146,利尻郡利尻富士町鬼脇字金崎,67,,
01519-4503-5.zip,202602101146,利尻郡利尻富士町鬼脇字金崎,66,,
01519-4503-5.zip,202602101146,利尻郡利尻富士町鬼脇字金崎,61,,
01519-4503-5.zip,202602101146,利尻郡利尻富士町鬼脇字金崎,59,,
01519-4503-5.zip,202602101146,利尻郡利尻富士町鬼脇字金崎,23,,
01519-4503-5.zip,202602101146,利尻郡利尻富士町鬼脇字金崎,60,,
01519-4503-5.zip,202602101146,利尻郡利尻富士町鬼脇字金崎,70,,
01519-4503-5.zip,202602101146,利尻郡利尻富士町鬼脇字金崎,71,,
01519-4503-5.zip,202602101146,利尻郡利尻富士町鬼脇字金崎,72,,
01519-4503-5.zip,202602101146,利尻郡利尻富士町鬼脇字金崎,26,,
01519-4503-5.zip,202602101146,利尻郡利尻富士町鬼脇字金崎,49,,
01519-4503-5.zip,202602101146,利尻郡利尻富士町鬼脇字金崎,57,,
01519-4503-5.zip,202602101146,利尻郡利尻富士町鬼脇字金崎,24,,
01519-4503-5.zip,202602101146,利尻郡利尻富士町鬼脇字金崎,25,,
01519-4503-5.zip,202602101146,利尻郡利尻富士町鬼脇字金崎,58,,
01519-4503-5.zip,202602101146,利尻郡利尻富士町鬼脇字金崎,55,,
01519-4503-5.zip,202602101146,利尻郡利尻富士町鬼脇字金崎,53,,
01519-4503-5.zip,202602101146,利尻郡利尻富士町鬼脇字金崎,74,,
01519-4503-5.zip,202602101146,利尻郡利尻富士町鬼脇字金崎,52,,
01519-4503-5.zip,202602101146,利尻郡利尻富士町鬼脇字金崎,51,,
01519-4503-5.zip,202602101146,利尻郡利尻富士町鬼脇字金崎,27-1,,
01519-4503-5.zip,202602101146,利尻郡利尻富士町鬼脇字金崎,47,,
01519-4503-5.zip,202602101146,利尻郡利尻富士町鬼脇字金崎,48-1,,
01519-4503-5.zip,202602101146,利尻郡利尻富士町鬼脇字金崎,45-1,,
01519-4503-5.zip,202602101146,利尻郡利尻富士町鬼脇字金崎,41,,
01519-4503-5.zip,202602101146,利尻郡利尻富士町鬼脇字金崎,40-2,,
01519-4503-5.zip,202602101146,利尻郡利尻富士町鬼脇字金崎,44,,
01519-4503-5.zip,202602101146,利尻郡利尻富士町鬼脇字金崎,45-2,,
01519-4503-5.zip,202602101146,利尻郡利尻富士町鬼脇字金崎,46-2,,
01519-4503-5.zip,202602101146,利尻郡利尻富士町鬼脇字金崎,48-2,,
01519-4503-5.zip,202602101146,利尻郡利尻富士町鬼脇字金崎,46-1,,
01519-4503-5.zip,202602101146,利尻郡利尻富士町鬼脇字金崎,28-2,,
01519-4503-5.zip,202602101146,利尻郡利尻富士町鬼脇字金崎,27-2,,
01519-4503-5.zip,202602101146,利尻郡利尻富士町鬼脇字金崎,43-2,,
01519-4503-5.zip,202602101146,利尻郡利尻富士町鬼脇字金崎,43-1,,
01519-4503-5.zip,202602101146,利尻郡利尻富士町鬼脇字金崎,40-1,,
01519-4503-5.zip,202602101146,利尻郡利尻富士町鬼脇字金崎,42,,
01519-4503-5.zip,202602101146,利尻郡利尻富士町鬼脇字金崎,37-2,,
01519-4503-5.zip,202602101146,利尻郡利尻富士町鬼脇字金崎,38-2,,
01519-4503-5.zip,202602101146,利尻郡利尻富士町鬼脇字金崎,39,,
01519-4503-5.zip,202602101146,利尻郡利尻富士町鬼脇字金崎,31-1,,
01519-4503-5.zip,202602101146,利尻郡利尻富士町鬼脇字金崎,31-2,,
01519-4503-5.zip,202602101146,利尻郡利尻富士町鬼脇字金崎,29-2,,
01519-4503-5.zip,202602101146,利尻郡利尻富士町鬼脇字金崎,29-1,,
01519-4503-5.zip,202602101146,利尻郡利尻富士町鬼脇字金崎,30,,
01519-4503-5.zip,202602101146,利尻郡利尻富士町鬼脇字金崎,7-1W2,,
01519-4503-5.zip,202602101146,利尻郡利尻富士町鬼脇字金崎,34,,
01519-4503-5.zip,202602101146,利尻郡利尻富士町鬼脇字金崎,38-1,,
01519-4503-5.zip,202602101146,利尻郡利尻富士町鬼脇字金崎,36,,
01519-4503-5.zip,202602101146,利尻郡利尻富士町鬼脇字金崎,35,,
01519-4503-5.zip,202602101146,利尻郡利尻富士町鬼脇字金崎,62,,
01519-4503-5.zip,202602101146,利尻郡利尻富士町鬼脇字金崎,37-1,,
01519-4503-5.zip,202602101146,利尻郡利尻富士町鬼脇字金崎,28-1,,
01519-4503-5.zip,202602101146,利尻郡利尻富士町鬼脇字金崎,147,,
01519-4503-5.zip,202602101146,利尻郡利尻富士町鬼脇字金崎,127,,
01519-4503-5.zip,202602101146,利尻郡利尻富士町鬼脇字金崎,130,,
01519-4503-5.zip,202602101146,利尻郡利尻富士町鬼脇字金崎,131,,
01519-4503-5.zip,202602101146,利尻郡利尻富士町鬼脇字金崎,長狭物不明-95,,
01519-4503-5.zip,202602101146,利尻郡利尻富士町鬼脇字金崎,73,,
01519-4503-5.zip,202602101146,利尻郡利尻富士町鬼脇字金崎,132,,
01519-4503-5.zip,202602101146,利尻郡利尻富士町鬼脇字金崎,134,,
01519-4503-5.zip,202602101146,利尻郡利尻富士町鬼脇字金崎,137,,
01519-4503-5.zip,202602101146,利尻郡利尻富士町鬼脇字金崎,138,,
01519-4503-5.zip,202602101146,利尻郡利尻富士町鬼脇字金崎,139,,
01519-4503-5.zip,202602101146,利尻郡利尻富士町鬼脇字金崎,142,,
01519-4503-5.zip,202602101146,利尻郡利尻富士町鬼脇字金崎,146,,
01519-4503-5.zip,202602101146,利尻郡利尻富士町鬼脇字金崎,149,,
01519-4503-5.zip,202602101146,利尻郡利尻富士町鬼脇字金崎,151,,
01519-4503-5.zip,202602101146,利尻郡利尻富士町鬼脇字金崎,150,,
01519-4503-5.zip,202602101146,利尻郡利尻富士町鬼脇字金崎,143,,
01519-4503-5.zip,202602101146,利尻郡利尻富士町鬼脇字金崎,148,,
01519-4503-5.zip,202602101146,利尻郡利尻富士町鬼脇字金崎,153,,
01519-4503-5.zip,202602101146,利尻郡利尻富士町鬼脇字金崎,156,,
01519-4503-5.zip,202602101146,利尻郡利尻富士町鬼脇字金崎,157,,
01519-4503-5.zip,202602101146,利尻郡利尻富士町鬼脇字金崎,145,,
01519-4503-5.zip,202602101146,利尻郡利尻富士町鬼脇字金崎,144,,
01519-4503-5.zip,202602101146,利尻郡利尻富士町鬼脇字金崎,158,,
01519-4503-5.zip,202602101146,利尻郡利尻富士町鬼脇字金崎,163,,
01519-4503-5.zip,202602101146,利尻郡利尻富士町鬼脇字金崎,160,,
01519-4503-5.zip,202602101146,利尻郡利尻富士町鬼脇字金崎,152,,
01519-4503-5.zip,202602101146,利尻郡利尻富士町鬼脇字金崎,159,,
01519-4503-5.zip,202602101146,利尻郡利尻富士町鬼脇字金崎,154,,
01519-4503-5.zip,202602101146,利尻郡利尻富士町鬼脇字金崎,155,,
01519-4503-5.zip,202602101146,利尻郡利尻富士町鬼脇字金崎,長狭物不明-96,,
01519-4503-5.zip,202602101146,利尻郡利尻富士町鬼脇字金崎,164,,
01519-4503-5.zip,202602101146,利尻郡利尻富士町鬼脇字金崎,165,,
01519-4503-5.zip,202602101146,利尻郡利尻富士町鬼脇字金崎,166,,
01519-4503-5.zip,202602101146,利尻郡利尻富士町鬼脇字金崎,167,,
01519-4503-5.zip,202602101146,利尻郡利尻富士町鬼脇字金崎,168,,
01519-4503-5.zip,202602101146,利尻郡利尻富士町鬼脇字金崎,129,,
01519-4503-5.zip,202602101146,利尻郡利尻富士町鬼脇字金崎,125,,
01519-4503-5.zip,202602101146,利尻郡利尻富士町鬼脇字金崎,126,,
01519-4503-5.zip,202602101146,利尻郡利尻富士町鬼脇字金崎,128,,
01519-4503-5.zip,202602101146,利尻郡利尻富士町鬼脇字金崎,161,,
01519-4503-5.zip,202602101146,利尻郡利尻富士町鬼脇字金崎,133,,
01519-4503-5.zip,202602101146,利尻郡利尻富士町鬼脇字金崎,135,,
01519-4503-5.zip,202602101146,利尻郡利尻富士町鬼脇字金崎,長狭物不明-97,,
01519-4503-5.zip,202602101146,利尻郡利尻富士町鬼脇字金崎,105-1V1,,
01519-4503-5.zip,202602101146,利尻郡利尻富士町鬼脇字金崎,98-2,,
01519-4503-5.zip,202602101146,利尻郡利尻富士町鬼脇字金崎,97,,
01519-4503-5.zip,202602101146,利尻郡利尻富士町鬼脇字金崎,96,,
01519-4503-5.zip,202602101146,利尻郡利尻富士町鬼脇字金崎,185-1V1,,
01519-4503-5.zip,202602101146,利尻郡利尻富士町鬼脇字金崎,105-1V2,,
01519-4503-5.zip,202602101146,利尻郡利尻富士町鬼脇字金崎,98-1,,
01519-4503-5.zip,202602101146,利尻郡利尻富士町鬼脇字金崎,100,,
01519-4503-5.zip,202602101146,利尻郡利尻富士町鬼脇字金崎,長狭物不明-98,,
01519-4503-5.zip,202602101146,利尻郡利尻富士町鬼脇字金崎,116,,
01519-4503-5.zip,202602101146,利尻郡利尻富士町鬼脇字金崎,114,,
01519-4503-5.zip,202602101146,利尻郡利尻富士町鬼脇字金崎,121,,
01519-4503-5.zip,202602101146,利尻郡利尻富士町鬼脇字金崎,123,,
01519-4503-5.zip,202602101146,利尻郡利尻富士町鬼脇字金崎,117,,
01519-4503-5.zip,202602101146,利尻郡利尻富士町鬼脇字金崎,115,,
01519-4503-5.zip,202602101146,利尻郡利尻富士町鬼脇字金崎,120,,
01519-4503-5.zip,202602101146,利尻郡利尻富士町鬼脇字金崎,119,,
01519-4503-5.zip,202602101146,利尻郡利尻富士町鬼脇字金崎,102,,
01519-4503-5.zip,202602101146,利尻郡利尻富士町鬼脇字金崎,180,,
01519-4503-5.zip,202602101146,利尻郡利尻富士町鬼脇字金崎,179-1,,
01519-4503-5.zip,202602101146,利尻郡利尻富士町鬼脇字金崎,178,,
01519-4503-5.zip,202602101146,利尻郡利尻富士町鬼脇字金崎,176,,
01519-4503-5.zip,202602101146,利尻郡利尻富士町鬼脇字金崎,174,,
01519-4503-5.zip,202602101146,利尻郡利尻富士町鬼脇字金崎,169,,
01519-4503-5.zip,202602101146,利尻郡利尻富士町鬼脇字金崎,177,,
01519-4503-5.zip,202602101146,利尻郡利尻富士町鬼脇字金崎,175,,
01519-4503-5.zip,202602101146,利尻郡利尻富士町鬼脇字金崎,173,,
01519-4503-5.zip,202602101146,利尻郡利尻富士町鬼脇字金崎,172,,
01519-4503-5.zip,202602101146,利尻郡利尻富士町鬼脇字金崎,171,,
01519-4503-5.zip,202602101146,利尻郡利尻富士町鬼脇字金崎,170,,
01519-4503-5.zip,202602101146,利尻郡利尻富士町鬼脇字金崎,124,,
01519-4503-5.zip,202602101146,利尻郡利尻富士町鬼脇字金崎,122,,
01519-4503-5.zip,202602101146,利尻郡利尻富士町鬼脇字金崎,185-1V2,,
01519-4503-5.zip,202602101146,利尻郡利尻富士町鬼脇字金崎,184-1,,
01519-4503-5.zip,202602101146,利尻郡利尻富士町鬼脇字金崎,183,,
01519-4503-5.zip,202602101146,利尻郡利尻富士町鬼脇字金崎,194,,
01519-4503-5.zip,202602101146,利尻郡利尻富士町鬼脇字金崎,195,,
01519-4503-5.zip,202602101146,利尻郡利尻富士町鬼脇字金崎,182,,
01519-4503-5.zip,202602101146,利尻郡利尻富士町鬼脇字金崎,181,,
01519-4503-5.zip,202602101146,利尻郡利尻富士町鬼脇字金崎,179,,
01519-4503-5.zip,202602101146,利尻郡利尻富士町鬼脇字金崎,105-2,,
01519-4503-5.zip,202602101146,利尻郡利尻富士町鬼脇字金崎,110-2,,
01519-4503-5.zip,202602101146,利尻郡利尻富士町鬼脇字金崎,104-2,,
01519-4503-5.zip,202602101146,利尻郡利尻富士町鬼脇字金崎,103-2,,
01519-4503-5.zip,202602101146,利尻郡利尻富士町鬼脇字金崎,99-5,,
01519-4503-5.zip,202602101146,利尻郡利尻富士町鬼脇字金崎,99-6,,
01519-4503-5.zip,202602101146,利尻郡利尻富士町鬼脇字金崎,101-2,,
01519-4503-5.zip,202602101146,利尻郡利尻富士町鬼脇字金崎,101-1,,
01519-4503-5.zip,202602101146,利尻郡利尻富士町鬼脇字金崎,99-3,,
01519-4503-5.zip,202602101146,利尻郡利尻富士町鬼脇字金崎,99-4,,
01519-4503-5.zip,202602101146,利尻郡利尻富士町鬼脇字金崎,103-1,,
01519-4503-5.zip,202602101146,利尻郡利尻富士町鬼脇字金崎,111,,
01519-4503-5.zip,202602101146,利尻郡利尻富士町鬼脇字金崎,104-1,,
01519-4503-5.zip,202602101146,利尻郡利尻富士町鬼脇字金崎,185-2,,
01519-4503-5.zip,202602101146,利尻郡利尻富士町鬼脇字金崎,110-1,,
01519-4503-5.zip,202602101146,利尻郡利尻富士町鬼脇字金崎,99-1,,
01519-4503-5.zip,202602101146,利尻郡利尻富士町鬼脇字金崎,184-2,,
01519-4503-5.zip,202602101146,利尻郡利尻富士町鬼脇字金崎,185-3,,
01519-4503-5.zip,202602101146,利尻郡利尻富士町鬼脇字金崎,99-2,,
01519-4503-5.zip,202602101146,利尻郡利尻富士町鬼脇字金崎,105-3,,
01519-4503-5.zip,202602101146,利尻郡利尻富士町鬼脇字金崎,118,,
01519-4503-5.zip,202602101146,利尻郡利尻富士町鬼脇字金崎,長狭物不明-99,,
01519-4503-5.zip,202602101146,利尻郡利尻富士町鬼脇字金崎,88-2,,
01519-4503-5.zip,202602101146,利尻郡利尻富士町鬼脇字金崎,91-2,,
01519-4503-5.zip,202602101146,利尻郡利尻富士町鬼脇字金崎,長狭物不明-100,,
01519-4503-5.zip,202602101146,利尻郡利尻富士町鬼脇字金崎,92,,
01519-4503-5.zip,202602101146,利尻郡利尻富士町鬼脇字金崎,94,,
01519-4503-5.zip,202602101146,利尻郡利尻富士町鬼脇字金崎,93,,
01519-4503-5.zip,202602101146,利尻郡利尻富士町鬼脇字金崎,88-1,,
01519-4503-5.zip,202602101146,利尻郡利尻富士町鬼脇字金崎,90-2,,
01519-4503-5.zip,202602101146,利尻郡利尻富士町鬼脇字金崎,90-1,,
01519-4503-5.zip,202602101146,利尻郡利尻富士町鬼脇字金崎,91-1,,
01519-4503-5.zip,202602101146,利尻郡利尻富士町鬼脇字金崎,89,,
01519-4503-5.zip,202602101146,利尻郡利尻富士町鬼脇字金崎,81,,
01519-4503-5.zip,202602101146,利尻郡利尻富士町鬼脇字金崎,86-1,,
01519-4503-5.zip,202602101146,利尻郡利尻富士町鬼脇字金崎,83-1,,
01519-4503-5.zip,202602101146,利尻郡利尻富士町鬼脇字金崎,83-2,,
01519-4503-5.zip,202602101146,利尻郡利尻富士町鬼脇字金崎,86-2,,
01519-4503-5.zip,202602101146,利尻郡利尻富士町鬼脇字金崎,87,,
01519-4503-5.zip,202602101146,利尻郡利尻富士町鬼脇字金崎,84-1,,
01519-4503-5.zip,202602101146,利尻郡利尻富士町鬼脇字金崎,85,,
01519-4503-5.zip,202602101146,利尻郡利尻富士町鬼脇字金崎,84-2,,
01519-4503-5.zip,202602101146,利尻郡利尻富士町鬼脇字金崎,76-3,,
01519-4503-5.zip,202602101146,利尻郡利尻富士町鬼脇字金崎,76-2,,
01519-4503-5.zip,202602101146,利尻郡利尻富士町鬼脇字金崎,76-1,,
01519-4503-5.zip,202602101146,利尻郡利尻富士町鬼脇字金崎,79,,
01519-4503-5.zip,202602101146,利尻郡利尻富士町鬼脇字金崎,77,,
01519-4503-5.zip,202602101146,利尻郡利尻富士町鬼脇字金崎,78,,
01519-4503-5.zip,202602101146,利尻郡利尻富士町鬼脇字金崎,80,,
01519-4503-5.zip,202602101146,利尻郡利尻富士町鬼脇字金崎,198,,
01519-4503-5.zip,202602101146,利尻郡利尻富士町鬼脇字金崎,162,,
01519-4503-5.zip,202602101146,利尻郡利尻富士町鬼脇字金崎,200,,
01519-4503-5.zip,202602101146,利尻郡利尻富士町鬼脇字金崎,197,,
01519-4503-5.zip,202602101146,利尻郡利尻富士町鬼脇字金崎,203,,
01519-4503-5.zip,202602101146,利尻郡利尻富士町鬼脇字金崎,204,,
01519-4503-5.zip,202602101146,利尻郡利尻富士町鬼脇字金崎,212V1,,
01519-4503-5.zip,202602101146,利尻郡利尻富士町鬼脇字金崎,210,,
01519-4503-5.zip,202602101146,利尻郡利尻富士町鬼脇字金崎,211,,
01519-4503-5.zip,202602101146,利尻郡利尻富士町鬼脇字金崎,201,,
01519-4503-5.zip,202602101146,利尻郡利尻富士町鬼脇字金崎,202,,
01519-4503-5.zip,202602101146,利尻郡利尻富士町鬼脇字金崎,199,,
01519-4503-5.zip,202602101146,利尻郡利尻富士町鬼脇字金崎,205,,
01519-4503-5.zip,202602101146,利尻郡利尻富士町鬼脇字金崎,212V2,,
01519-4503-5.zip,202602101146,利尻郡利尻富士町鬼脇字金崎,208,,
01519-4503-5.zip,202602101146,利尻郡利尻富士町鬼脇字金崎,220,,
01519-4503-5.zip,202602101146,利尻郡利尻富士町鬼脇字金崎,191,,
01519-4503-5.zip,202602101146,利尻郡利尻富士町鬼脇字金崎,長狭物不明-101,,
01519-4503-5.zip,202602101146,利尻郡利尻富士町鬼脇字金崎,193,,
01519-4503-5.zip,202602101146,利尻郡利尻富士町鬼脇字金崎,192,,
01519-4503-5.zip,202602101146,利尻郡利尻富士町鬼脇字金崎,長狭物不明-102,,
01519-4503-5.zip,202602101146,利尻郡利尻富士町鬼脇字金崎,235-1,,
01519-4503-5.zip,202602101146,利尻郡利尻富士町鬼脇字金崎,263,,
01519-4503-5.zip,202602101146,利尻郡利尻富士町鬼脇字金崎,長狭物不明-103,,
01519-4503-5.zip,202602101146,利尻郡利尻富士町鬼脇字金崎,188,,
01519-4503-5.zip,202602101146,利尻郡利尻富士町鬼脇字金崎,187,,
01519-4503-5.zip,202602101146,利尻郡利尻富士町鬼脇字金崎,190,,
01519-4503-5.zip,202602101146,利尻郡利尻富士町鬼脇字金崎,230-1,,
01519-4503-5.zip,202602101146,利尻郡利尻富士町鬼脇字金崎,226-1,,
01519-4503-5.zip,202602101146,利尻郡利尻富士町鬼脇字金崎,229,,
01519-4503-5.zip,202602101146,利尻郡利尻富士町鬼脇字金崎,260-1,,
01519-4503-5.zip,202602101146,利尻郡利尻富士町鬼脇字金崎,262,,
01519-4503-5.zip,202602101146,利尻郡利尻富士町鬼脇字金崎,261,,
01519-4503-5.zip,202602101146,利尻郡利尻富士町鬼脇字金崎,260-2,,
01519-4503-5.zip,202602101146,利尻郡利尻富士町鬼脇字金崎,230-3,,
01519-4503-5.zip,202602101146,利尻郡利尻富士町鬼脇字金崎,230-2,,
01519-4503-5.zip,202602101146,利尻郡利尻富士町鬼脇字金崎,189,,
01519-4503-5.zip,202602101146,利尻郡利尻富士町鬼脇字金崎,221,,
01519-4503-5.zip,202602101146,利尻郡利尻富士町鬼脇字金崎,224,,
01519-4503-5.zip,202602101146,利尻郡利尻富士町鬼脇字金崎,225,,
01519-4503-5.zip,202602101146,利尻郡利尻富士町鬼脇字金崎,226-2,,
01519-4503-5.zip,202602101146,利尻郡利尻富士町鬼脇字金崎,223,,
01519-4503-5.zip,202602101146,利尻郡利尻富士町鬼脇字金崎,267,,
01519-4503-5.zip,202602101146,利尻郡利尻富士町鬼脇字金崎,264,,
01519-4503-5.zip,202602101146,利尻郡利尻富士町鬼脇字金崎,265,,
01519-4503-5.zip,202602101146,利尻郡利尻富士町鬼脇字金崎,234,,
01519-4503-5.zip,202602101146,利尻郡利尻富士町鬼脇字金崎,232,,
01519-4503-5.zip,202602101146,利尻郡利尻富士町鬼脇字金崎,235-2,,
01519-4503-5.zip,202602101146,利尻郡利尻富士町鬼脇字金崎,236-2,,
01519-4503-5.zip,202602101146,利尻郡利尻富士町鬼脇字金崎,235-3,,
01519-4503-5.zip,202602101146,利尻郡利尻富士町鬼脇字金崎,236-1,,
01519-4503-5.zip,202602101146,利尻郡利尻富士町鬼脇字金崎,233-2,,
01519-4503-5.zip,202602101146,利尻郡利尻富士町鬼脇字金崎,233-1,,
01519-4503-5.zip,202602101146,利尻郡利尻富士町鬼脇字金崎,236-3,,
01519-4503-5.zip,202602101146,利尻郡利尻富士町鬼脇字金崎,231-2,,
01519-4503-5.zip,202602101146,利尻郡利尻富士町鬼脇字金崎,231-1,,
01519-4503-5.zip,202602101146,利尻郡利尻富士町鬼脇字金崎,長狭物不明-104,,
01519-4503-5.zip,202602101146,利尻郡利尻富士町鬼脇字金崎,242,,
01519-4503-5.zip,202602101146,利尻郡利尻富士町鬼脇字金崎,240-1,,
01519-4503-5.zip,202602101146,利尻郡利尻富士町鬼脇字金崎,239-1,,
01519-4503-5.zip,202602101146,利尻郡利尻富士町鬼脇字金崎,238,,
01519-4503-5.zip,202602101146,利尻郡利尻富士町鬼脇字金崎,237,,
01519-4503-5.zip,202602101146,利尻郡利尻富士町鬼脇字金崎,239-2,,
01519-4503-5.zip,202602101146,利尻郡利尻富士町鬼脇字金崎,240-3,,
01519-4503-5.zip,202602101146,利尻郡利尻富士町鬼脇字金崎,240-4,,
01519-4503-5.zip,202602101146,利尻郡利尻富士町鬼脇字金崎,240-2,,
01519-4503-5.zip,202602101146,利尻郡利尻富士町鬼脇字金崎,240-6,,
01519-4503-5.zip,202602101146,利尻郡利尻富士町鬼脇字金崎,240-5,,
01519-4503-5.zip,202602101146,利尻郡利尻富士町鬼脇字金崎,239-3,,
01519-4503-5.zip,202602101146,利尻郡利尻富士町鬼脇字金崎,長狭物不明-105,,
01519-4503-5.zip,202602101146,利尻郡利尻富士町鬼脇字金崎,248-2,,
01519-4503-5.zip,202602101146,利尻郡利尻富士町鬼脇字金崎,253-2,,
01519-4503-5.zip,202602101146,利尻郡利尻富士町鬼脇字金崎,255-2,,
01519-4503-5.zip,202602101146,利尻郡利尻富士町鬼脇字金崎,256-2,,
01519-4503-5.zip,202602101146,利尻郡利尻富士町鬼脇字金崎,259-2,,
01519-4503-5.zip,202602101146,利尻郡利尻富士町鬼脇字金崎,258,,
01519-4503-5.zip,202602101146,利尻郡利尻富士町鬼脇字金崎,254,,
01519-4503-5.zip,202602101146,利尻郡利尻富士町鬼脇字金崎,259-1,,
01519-4503-5.zip,202602101146,利尻郡利尻富士町鬼脇字金崎,256-1,,
01519-4503-5.zip,202602101146,利尻郡利尻富士町鬼脇字金崎,257,,
01519-4503-5.zip,202602101146,利尻郡利尻富士町鬼脇字金崎,253-1,,
01519-4503-5.zip,202602101146,利尻郡利尻富士町鬼脇字金崎,250-4,,
01519-4503-5.zip,202602101146,利尻郡利尻富士町鬼脇字金崎,250-2,,
01519-4503-5.zip,202602101146,利尻郡利尻富士町鬼脇字金崎,248-1,,
01519-4503-5.zip,202602101146,利尻郡利尻富士町鬼脇字金崎,248-3,,
01519-4503-5.zip,202602101146,利尻郡利尻富士町鬼脇字金崎,252-2,,
01519-4503-5.zip,202602101146,利尻郡利尻富士町鬼脇字金崎,251-2,,
01519-4503-5.zip,202602101146,利尻郡利尻富士町鬼脇字金崎,250-1,,
01519-4503-5.zip,202602101146,利尻郡利尻富士町鬼脇字金崎,249-1,,
01519-4503-5.zip,202602101146,利尻郡利尻富士町鬼脇字金崎,249-2,,
01519-4503-5.zip,202602101146,利尻郡利尻富士町鬼脇字金崎,251-1,,
01519-4503-5.zip,202602101146,利尻郡利尻富士町鬼脇字金崎,248-4,,
01519-4503-5.zip,202602101146,利尻郡利尻富士町鬼脇字金崎,252-1,,
01519-4503-5.zip,202602101146,利尻郡利尻富士町鬼脇字金崎,277,,
01519-4503-5.zip,202602101146,利尻郡利尻富士町鬼脇字金崎,278,,
01519-4503-5.zip,202602101146,利尻郡利尻富士町鬼脇字金崎,279,,
01519-4503-5.zip,202602101146,利尻郡利尻富士町鬼脇字金崎,276-1,,
01519-4503-5.zip,202602101146,利尻郡利尻富士町鬼脇字金崎,276-2,,
01519-4503-5.zip,202602101146,利尻郡利尻富士町鬼脇字金崎,275-2,,
01519-4503-5.zip,202602101146,利尻郡利尻富士町鬼脇字金崎,268,,
01519-4503-5.zip,202602101146,利尻郡利尻富士町鬼脇字金崎,271,,
01519-4503-5.zip,202602101146,利尻郡利尻富士町鬼脇字金崎,272,,
01519-4503-5.zip,202602101146,利尻郡利尻富士町鬼脇字金崎,269,,
01519-4503-5.zip,202602101146,利尻郡利尻富士町鬼脇字金崎,270,,
01519-4503-5.zip,202602101146,利尻郡利尻富士町鬼脇字金崎,273,,
01519-4503-5.zip,202602101146,利尻郡利尻富士町鬼脇字金崎,275-1,,
01519-4503-5.zip,202602101146,利尻郡利尻富士町鬼脇字金崎,250-3,,
01519-4503-5.zip,202602101146,利尻郡利尻富士町鬼脇字金崎,249-3,,
01519-4503-5.zip,202602101146,利尻郡利尻富士町鬼脇字金崎,255-1,,
01519-4503-5.zip,202602101146,利尻郡利尻富士町鬼脇字金崎,長狭物不明-106,,
01519-4503-5.zip,202602101146,利尻郡利尻富士町鬼脇字金崎,329-3,,
01519-4503-5.zip,202602101146,利尻郡利尻富士町鬼脇字金崎,322,,
01519-4503-5.zip,202602101146,利尻郡利尻富士町鬼脇字金崎,323,,
01519-4503-5.zip,202602101146,利尻郡利尻富士町鬼脇字金崎,長狭物不明-108,,
01519-4503-5.zip,202602101146,利尻郡利尻富士町鬼脇字金崎,571-3,,
01519-4503-5.zip,202602101146,利尻郡利尻富士町鬼脇字金崎,328,,
01519-4503-5.zip,202602101146,利尻郡利尻富士町鬼脇字金崎,571-2,,
01519-4503-5.zip,202602101146,利尻郡利尻富士町鬼脇字金崎,329-2,,
01519-4503-5.zip,202602101146,利尻郡利尻富士町鬼脇字金崎,329-1,,
01519-4503-5.zip,202602101146,利尻郡利尻富士町鬼脇字金崎,289-1,,
01519-4503-5.zip,202602101146,利尻郡利尻富士町鬼脇字金崎,246-1,,
01519-4503-5.zip,202602101146,利尻郡利尻富士町鬼脇字金崎,246-2,,
01519-4503-5.zip,202602101146,利尻郡利尻富士町鬼脇字金崎,289-2,,
01519-4503-5.zip,202602101146,利尻郡利尻富士町鬼脇字金崎,326-2,,
01519-4503-5.zip,202602101146,利尻郡利尻富士町鬼脇字金崎,326-1,,
01519-4503-5.zip,202602101146,利尻郡利尻富士町鬼脇字金崎,327,,
01519-4503-5.zip,202602101146,利尻郡利尻富士町鬼脇字金崎,290,,
01519-4503-5.zip,202602101146,利尻郡利尻富士町鬼脇字金崎,326-3,,
01519-4503-5.zip,202602101146,利尻郡利尻富士町鬼脇字金崎,289-3,,
01519-4503-5.zip,202602101146,利尻郡利尻富士町鬼脇字金崎,246-3,,
01519-4503-5.zip,202602101146,利尻郡利尻富士町鬼脇字金崎,289-4,,
01519-4503-5.zip,202602101146,利尻郡利尻富士町鬼脇字金崎,287,,
01519-4503-5.zip,202602101146,利尻郡利尻富士町鬼脇字金崎,284-1,,
01519-4503-5.zip,202602101146,利尻郡利尻富士町鬼脇字金崎,298,,
01519-4503-5.zip,202602101146,利尻郡利尻富士町鬼脇字金崎,284-2,,
01519-4503-5.zip,202602101146,利尻郡利尻富士町鬼脇字金崎,297-2,,
01519-4503-5.zip,202602101146,利尻郡利尻富士町鬼脇字金崎,295-2,,
01519-4503-5.zip,202602101146,利尻郡利尻富士町鬼脇字金崎,294-2,,
01519-4503-5.zip,202602101146,利尻郡利尻富士町鬼脇字金崎,294-1,,
01519-4503-5.zip,202602101146,利尻郡利尻富士町鬼脇字金崎,295-1,,
01519-4503-5.zip,202602101146,利尻郡利尻富士町鬼脇字金崎,296,,
01519-4503-5.zip,202602101146,利尻郡利尻富士町鬼脇字金崎,285,,
01519-4503-5.zip,202602101146,利尻郡利尻富士町鬼脇字金崎,297-1,,
01519-4503-5.zip,202602101146,利尻郡利尻富士町鬼脇字金崎,284-3,,
01519-4503-5.zip,202602101146,利尻郡利尻富士町鬼脇字金崎,294-3,,
01519-4503-5.zip,202602101146,利尻郡利尻富士町鬼脇字金崎,286,,
01519-4503-5.zip,202602101146,利尻郡利尻富士町鬼脇字金崎,280,,
01519-4503-5.zip,202602101146,利尻郡利尻富士町鬼脇字金崎,281,,
01519-4503-5.zip,202602101146,利尻郡利尻富士町鬼脇字金崎,283,,
01519-4503-5.zip,202602101146,利尻郡利尻富士町鬼脇字金崎,299,,
01519-4503-5.zip,202602101146,利尻郡利尻富士町鬼脇字金崎,301,,
01519-4503-5.zip,202602101146,利尻郡利尻富士町鬼脇字金崎,302,,
01519-4503-5.zip,202602101146,利尻郡利尻富士町鬼脇字金崎,291-3,,
01519-4503-5.zip,202602101146,利尻郡利尻富士町鬼脇字金崎,288-2,,
01519-4503-5.zip,202602101146,利尻郡利尻富士町鬼脇字金崎,247-2,,
01519-4503-5.zip,202602101146,利尻郡利尻富士町鬼脇字金崎,247-1,,
01519-4503-5.zip,202602101146,利尻郡利尻富士町鬼脇字金崎,291-4,,
01519-4503-5.zip,202602101146,利尻郡利尻富士町鬼脇字金崎,291-2,,
01519-4503-5.zip,202602101146,利尻郡利尻富士町鬼脇字金崎,291-1,,
01519-4503-5.zip,202602101146,利尻郡利尻富士町鬼脇字金崎,288-1,,
01519-4503-5.zip,202602101146,利尻郡利尻富士町鬼脇字金崎,292,,
01519-4503-5.zip,202602101146,利尻郡利尻富士町鬼脇字金崎,297-3,,
01519-4503-5.zip,202602101146,利尻郡利尻富士町鬼脇字金崎,295-3,,
01519-4503-5.zip,202602101146,利尻郡利尻富士町鬼脇字鬼脇,205-1,,
01519-4503-5.zip,202602101146,利尻郡利尻富士町鬼脇字鬼脇,205-2,,
01519-4503-5.zip,202602101146,利尻郡利尻富士町鬼脇字鬼脇,長狭物不明-109,,
01519-4503-5.zip,202602101146,利尻郡利尻富士町鬼脇字鬼脇,473-3,,
01519-4503-5.zip,202602101146,利尻郡利尻富士町鬼脇字鬼脇,205-4,,
01519-4503-5.zip,202602101146,利尻郡利尻富士町鬼脇字鬼脇,205-5,,
01519-4503-5.zip,202602101146,利尻郡利尻富士町鬼脇字鬼脇,473-2,,
01519-4503-5.zip,202602101146,利尻郡利尻富士町鬼脇字鬼脇,205-3,,
01519-4503-5.zip,202602101146,利尻郡利尻富士町鬼脇字鬼脇,16-1,,
01519-4503-5.zip,202602101146,利尻郡利尻富士町鬼脇字鬼脇,16-2,,
01519-4503-5.zip,202602101146,利尻郡利尻富士町鬼脇字金崎,長狭物不明-110,,
01519-4503-5.zip,202602101146,利尻郡利尻富士町鬼脇字金崎,304,,
01519-4503-5.zip,202602101146,利尻郡利尻富士町鬼脇字金崎,長狭物不明-111,,
01519-4503-5.zip,202602101146,利尻郡利尻富士町鬼脇字金崎,303,,
01519-4503-5.zip,202602101146,利尻郡利尻富士町鬼脇字金崎,306,,
01519-4503-5.zip,202602101146,利尻郡利尻富士町鬼脇字金崎,308-2,,
01519-4503-5.zip,202602101146,利尻郡利尻富士町鬼脇字金崎,311,,
01519-4503-5.zip,202602101146,利尻郡利尻富士町鬼脇字金崎,307,,
01519-4503-5.zip,202602101146,利尻郡利尻富士町鬼脇字金崎,310,,
01519-4503-5.zip,202602101146,利尻郡利尻富士町鬼脇字金崎,308-1,,
01519-4503-5.zip,202602101146,利尻郡利尻富士町鬼脇字金崎,309,,
01519-4503-5.zip,202602101146,利尻郡利尻富士町鬼脇字金崎,305,,
01519-4503-5.zip,202602101146,利尻郡利尻富士町鬼脇字金崎,315,,
01519-4503-5.zip,202602101146,利尻郡利尻富士町鬼脇字金崎,314,,
01519-4503-5.zip,202602101146,利尻郡利尻富士町鬼脇字金崎,320,,
01519-4503-5.zip,202602101146,利尻郡利尻富士町鬼脇字金崎,316,,
01519-4503-5.zip,202602101146,利尻郡利尻富士町鬼脇字金崎,長狭物不明-112,,
01519-4503-5.zip,202602101146,利尻郡利尻富士町鬼脇字金崎,319,,
01519-4503-5.zip,202602101146,利尻郡利尻富士町鬼脇字金崎,318,,
01519-4503-5.zip,202602101146,利尻郡利尻富士町鬼脇字金崎,313,,
01519-4503-5.zip,202602101146,利尻郡利尻富士町鬼脇字金崎,312,,
01519-4503-5.zip,202602101146,利尻郡利尻富士町鬼脇字鬼脇,2,,
01519-4503-5.zip,202602101146,利尻郡利尻富士町鬼脇字鬼脇,無地番-1,,
01519-4503-5.zip,202602101146,利尻郡利尻富士町鬼脇字鬼脇,10,,
01519-4503-5.zip,202602101146,利尻郡利尻富士町鬼脇字鬼脇,13,,
01519-4503-5.zip,202602101146,利尻郡利尻富士町鬼脇字鬼脇,14,,
01519-4503-5.zip,202602101146,利尻郡利尻富士町鬼脇字鬼脇,15,,
01519-4503-5.zip,202602101146,利尻郡利尻富士町鬼脇字金崎,317,,
01519-4503-5.zip,202602101146,利尻郡利尻富士町鬼脇字鬼脇,1,,
01519-4503-5.zip,202602101146,利尻郡利尻富士町鬼脇字鬼脇,4,,
01519-4503-5.zip,202602101146,利尻郡利尻富士町鬼脇字鬼脇,3,,
01519-4503-5.zip,202602101146,利尻郡利尻富士町鬼脇字鬼脇,5,,
01519-4503-5.zip,202602101146,利尻郡利尻富士町鬼脇字鬼脇,8,,
01519-4503-5.zip,202602101146,利尻郡利尻富士町鬼脇字鬼脇,長狭物不明-114,,
01519-4503-5.zip,202602101146,利尻郡利尻富士町鬼脇字鬼脇,長狭物不明-115,,
01519-4503-5.zip,202602101146,利尻郡利尻富士町鬼脇字鬼脇,長狭物不明-117,,
01519-4503-5.zip,202602101146,利尻郡利尻富士町鬼脇字鬼脇,200,,
01519-4503-5.zip,202602101146,利尻郡利尻富士町鬼脇字鬼脇,201,,
01519-4503-5.zip,202602101146,利尻郡利尻富士町鬼脇字鬼脇,202-2,,
01519-4503-5.zip,202602101146,利尻郡利尻富士町鬼脇字鬼脇,203-2,,
01519-4503-5.zip,202602101146,利尻郡利尻富士町鬼脇字鬼脇,203-1,,
01519-4503-5.zip,202602101146,利尻郡利尻富士町鬼脇字鬼脇,202-1,,
01519-4503-5.zip,202602101146,利尻郡利尻富士町鬼脇字鬼脇,203-3,,
01519-4503-5.zip,202602101146,利尻郡利尻富士町鬼脇字鬼脇,204,,
01519-4503-5.zip,202602101146,利尻郡利尻富士町鬼脇字鬼脇,202-3,,
01519-4503-5.zip,202602101146,利尻郡利尻富士町鬼脇字鬼脇,長狭物不明-118,,
01519-4503-5.zip,202602101146,利尻郡利尻富士町鬼脇字鬼脇,34-2,,
01519-4503-5.zip,202602101146,利尻郡利尻富士町鬼脇字鬼脇,32-2,,
01519-4503-5.zip,202602101146,利尻郡利尻富士町鬼脇字鬼脇,30,,
01519-4503-5.zip,202602101146,利尻郡利尻富士町鬼脇字鬼脇,27,,
01519-4503-5.zip,202602101146,利尻郡利尻富士町鬼脇字鬼脇,34-3,,
01519-4503-5.zip,202602101146,利尻郡利尻富士町鬼脇字鬼脇,32-3,,
01519-4503-5.zip,202602101146,利尻郡利尻富士町鬼脇字鬼脇,26,,
01519-4503-5.zip,202602101146,利尻郡利尻富士町鬼脇字鬼脇,21,,
01519-4503-5.zip,202602101146,利尻郡利尻富士町鬼脇字鬼脇,17,,
01519-4503-5.zip,202602101146,利尻郡利尻富士町鬼脇字鬼脇,18-1,,
01519-4503-5.zip,202602101146,利尻郡利尻富士町鬼脇字鬼脇,18-2,,
01519-4503-5.zip,202602101146,利尻郡利尻富士町鬼脇字鬼脇,19,,
01519-4503-5.zip,202602101146,利尻郡利尻富士町鬼脇字鬼脇,20,,
01519-4503-5.zip,202602101146,利尻郡利尻富士町鬼脇字鬼脇,25,,
01519-4503-5.zip,202602101146,利尻郡利尻富士町鬼脇字鬼脇,24,,
01519-4503-5.zip,202602101146,利尻郡利尻富士町鬼脇字鬼脇,34-1,,
01519-4503-5.zip,202602101146,利尻郡利尻富士町鬼脇字鬼脇,33-2,,
01519-4503-5.zip,202602101146,利尻郡利尻富士町鬼脇字鬼脇,33-1,,
01519-4503-5.zip,202602101146,利尻郡利尻富士町鬼脇字鬼脇,32-1,,
01519-4503-5.zip,202602101146,利尻郡利尻富士町鬼脇字鬼脇,38-2,,
01519-4503-5.zip,202602101146,利尻郡利尻富士町鬼脇字鬼脇,37,,
01519-4503-5.zip,202602101146,利尻郡利尻富士町鬼脇字鬼脇,36,,
01519-4503-5.zip,202602101146,利尻郡利尻富士町鬼脇字鬼脇,38-1,,
01519-4503-5.zip,202602101146,利尻郡利尻富士町鬼脇字鬼脇,35,,
01519-4503-5.zip,202602101146,利尻郡利尻富士町鬼脇字鬼脇,39,,
01519-4503-5.zip,202602101146,利尻郡利尻富士町鬼脇字鬼脇,47,,
01519-4503-5.zip,202602101146,利尻郡利尻富士町鬼脇字鬼脇,192-2,,
01519-4503-5.zip,202602101146,利尻郡利尻富士町鬼脇字鬼脇,40-1,,
01519-4503-5.zip,202602101146,利尻郡利尻富士町鬼脇字鬼脇,長狭物不明-119,,
01519-4503-5.zip,202602101146,利尻郡利尻富士町鬼脇字鬼脇,41-1,,
01519-4503-5.zip,202602101146,利尻郡利尻富士町鬼脇字鬼脇,41-2,,
01519-4503-5.zip,202602101146,利尻郡利尻富士町鬼脇字鬼脇,42-2,,
01519-4503-5.zip,202602101146,利尻郡利尻富士町鬼脇字鬼脇,42-1,,
01519-4503-5.zip,202602101146,利尻郡利尻富士町鬼脇字鬼脇,44-1,,
01519-4503-5.zip,202602101146,利尻郡利尻富士町鬼脇字鬼脇,43,,
01519-4503-5.zip,202602101146,利尻郡利尻富士町鬼脇字鬼脇,44-2,,
01519-4503-5.zip,202602101146,利尻郡利尻富士町鬼脇字鬼脇,46,,
01519-4503-5.zip,202602101146,利尻郡利尻富士町鬼脇字鬼脇,45,,
01519-4503-5.zip,202602101146,利尻郡利尻富士町鬼脇字鬼脇,40-2,,
01519-4503-5.zip,202602101146,利尻郡利尻富士町鬼脇字鬼脇,199-2,,
01519-4503-5.zip,202602101146,利尻郡利尻富士町鬼脇字鬼脇,194-2,,
01519-4503-5.zip,202602101146,利尻郡利尻富士町鬼脇字鬼脇,194-1,,
01519-4503-5.zip,202602101146,利尻郡利尻富士町鬼脇字鬼脇,193,,
01519-4503-5.zip,202602101146,利尻郡利尻富士町鬼脇字鬼脇,192-1,,
01519-4503-5.zip,202602101146,利尻郡利尻富士町鬼脇字鬼脇,189-5,,
01519-4503-5.zip,202602101146,利尻郡利尻富士町鬼脇字鬼脇,186,,
01519-4503-5.zip,202602101146,利尻郡利尻富士町鬼脇字鬼脇,198-1,,
01519-4503-5.zip,202602101146,利尻郡利尻富士町鬼脇字鬼脇,道-97,,
01519-4503-5.zip,202602101146,利尻郡利尻富士町鬼脇字鬼脇,187,,
01519-4503-5.zip,202602101146,利尻郡利尻富士町鬼脇字鬼脇,188,,
01519-4503-5.zip,202602101146,利尻郡利尻富士町鬼脇字鬼脇,190,,
01519-4503-5.zip,202602101146,利尻郡利尻富士町鬼脇字鬼脇,189-2,,
01519-4503-5.zip,202602101146,利尻郡利尻富士町鬼脇字鬼脇,191-1,,
01519-4503-5.zip,202602101146,利尻郡利尻富士町鬼脇字鬼脇,189-3,,
01519-4503-5.zip,202602101146,利尻郡利尻富士町鬼脇字鬼脇,196,,
01519-4503-5.zip,202602101146,利尻郡利尻富士町鬼脇字鬼脇,195-1,,
01519-4503-5.zip,202602101146,利尻郡利尻富士町鬼脇字鬼脇,199-1,,
01519-4503-5.zip,202602101146,利尻郡利尻富士町鬼脇字鬼脇,197,,
01519-4503-5.zip,202602101146,利尻郡利尻富士町鬼脇字鬼脇,195-2,,
01519-4503-5.zip,202602101146,利尻郡利尻富士町鬼脇字鬼脇,191-2,,
01519-4503-5.zip,202602101146,利尻郡利尻富士町鬼脇字鬼脇,195-3,,
01519-4503-5.zip,202602101146,利尻郡利尻富士町鬼脇字鬼脇,194-3,,
01519-4503-5.zip,202602101146,利尻郡利尻富士町鬼脇字鬼脇,189-1,,
01519-4503-5.zip,202602101146,利尻郡利尻富士町鬼脇字鬼脇,189-4,,
01519-4503-5.zip,202602101146,利尻郡利尻富士町鬼脇字鬼脇,198-2,,
01519-4503-5.zip,202602101146,利尻郡利尻富士町鬼脇字鬼脇,道-98,,
01519-4503-5.zip,202602101146,利尻郡利尻富士町鬼脇字鬼脇,218,,
01519-4503-5.zip,202602101146,利尻郡利尻富士町鬼脇字鬼脇,水-11,,
01519-4503-5.zip,202602101146,利尻郡利尻富士町鬼脇字鬼脇,長狭物不明-120,,
01519-4503-5.zip,202602101146,利尻郡利尻富士町鬼脇字鬼脇,217-1,,
01519-4503-5.zip,202602101146,利尻郡利尻富士町鬼脇字鬼脇,222,,
01519-4503-5.zip,202602101146,利尻郡利尻富士町鬼脇字鬼脇,221,,
01519-4503-5.zip,202602101146,利尻郡利尻富士町鬼脇字鬼脇,216-2,,
01519-4503-5.zip,202602101146,利尻郡利尻富士町鬼脇字鬼脇,216-1,,
01519-4503-5.zip,202602101146,利尻郡利尻富士町鬼脇字鬼脇,217-2,,
01519-4503-5.zip,202602101146,利尻郡利尻富士町鬼脇字鬼脇,215-1,,
01519-4503-5.zip,202602101146,利尻郡利尻富士町鬼脇字鬼脇,211,,
01519-4503-5.zip,202602101146,利尻郡利尻富士町鬼脇字鬼脇,209,,
01519-4503-5.zip,202602101146,利尻郡利尻富士町鬼脇字鬼脇,208-2,,
01519-4503-5.zip,202602101146,利尻郡利尻富士町鬼脇字鬼脇,208-1,,
01519-4503-5.zip,202602101146,利尻郡利尻富士町鬼脇字鬼脇,210,,
01519-4503-5.zip,202602101146,利尻郡利尻富士町鬼脇字鬼脇,213-1,,
01519-4503-5.zip,202602101146,利尻郡利尻富士町鬼脇字鬼脇,214-2,,
01519-4503-5.zip,202602101146,利尻郡利尻富士町鬼脇字鬼脇,214-1,,
01519-4503-5.zip,202602101146,利尻郡利尻富士町鬼脇字鬼脇,214-3,,
01519-4503-5.zip,202602101146,利尻郡利尻富士町鬼脇字鬼脇,215-3,,
01519-4503-5.zip,202602101146,利尻郡利尻富士町鬼脇字鬼脇,215-2,,
01519-4503-5.zip,202602101146,利尻郡利尻富士町鬼脇字鬼脇,213-3,,
01519-4503-5.zip,202602101146,利尻郡利尻富士町鬼脇字鬼脇,213-2,,
01519-4503-5.zip,202602101146,利尻郡利尻富士町鬼脇字鬼脇,212,,
01519-4503-5.zip,202602101146,利尻郡利尻富士町鬼脇字鬼脇,55,,
01519-4503-5.zip,202602101146,利尻郡利尻富士町鬼脇字鬼脇,道-99,,
01519-4503-5.zip,202602101146,利尻郡利尻富士町鬼脇字鬼脇,50,,
01519-4503-5.zip,202602101146,利尻郡利尻富士町鬼脇字鬼脇,48-3,,
01519-4503-5.zip,202602101146,利尻郡利尻富士町鬼脇字鬼脇,92-1,,
01519-4503-5.zip,202602101146,利尻郡利尻富士町鬼脇字鬼脇,76-2,,
01519-4503-5.zip,202602101146,利尻郡利尻富士町鬼脇字鬼脇,72-2,,
01519-4503-5.zip,202602101146,利尻郡利尻富士町鬼脇字鬼脇,73-10,,
01519-4503-5.zip,202602101146,利尻郡利尻富士町鬼脇字鬼脇,86,,
01519-4503-5.zip,202602101146,利尻郡利尻富士町鬼脇字鬼脇,92-3,,
01519-4503-5.zip,202602101146,利尻郡利尻富士町鬼脇字鬼脇,73-6,,
01519-4503-5.zip,202602101146,利尻郡利尻富士町鬼脇字鬼脇,85-1,,
01519-4503-5.zip,202602101146,利尻郡利尻富士町鬼脇字鬼脇,73-9,,
01519-4503-5.zip,202602101146,利尻郡利尻富士町鬼脇字鬼脇,84,,
01519-4503-5.zip,202602101146,利尻郡利尻富士町鬼脇字鬼脇,89-1,,
01519-4503-5.zip,202602101146,利尻郡利尻富士町鬼脇字鬼脇,90-4,,
01519-4503-5.zip,202602101146,利尻郡利尻富士町鬼脇字鬼脇,85-2,,
01519-4503-5.zip,202602101146,利尻郡利尻富士町鬼脇字鬼脇,90-3,,
01519-4503-5.zip,202602101146,利尻郡利尻富士町鬼脇字鬼脇,90-1,,
01519-4503-5.zip,202602101146,利尻郡利尻富士町鬼脇字鬼脇,90-2,,
01519-4503-5.zip,202602101146,利尻郡利尻富士町鬼脇字鬼脇,87-2,,
01519-4503-5.zip,202602101146,利尻郡利尻富士町鬼脇字鬼脇,85-3,,
01519-4503-5.zip,202602101146,利尻郡利尻富士町鬼脇字鬼脇,72-1,,
01519-4503-5.zip,202602101146,利尻郡利尻富士町鬼脇字鬼脇,73-2,,
01519-4503-5.zip,202602101146,利尻郡利尻富士町鬼脇字鬼脇,75-1,,
01519-4503-5.zip,202602101146,利尻郡利尻富士町鬼脇字鬼脇,73-8,,
01519-4503-5.zip,202602101146,利尻郡利尻富士町鬼脇字鬼脇,73-5,,
01519-4503-5.zip,202602101146,利尻郡利尻富士町鬼脇字鬼脇,73-7,,
01519-4503-5.zip,202602101146,利尻郡利尻富士町鬼脇字鬼脇,73-13,,
01519-4503-5.zip,202602101146,利尻郡利尻富士町鬼脇字鬼脇,85-4,,
01519-4503-5.zip,202602101146,利尻郡利尻富士町鬼脇字鬼脇,88,,
01519-4503-5.zip,202602101146,利尻郡利尻富士町鬼脇字鬼脇,73-3,,
01519-4503-5.zip,202602101146,利尻郡利尻富士町鬼脇字鬼脇,73-4,,
01519-4503-5.zip,202602101146,利尻郡利尻富士町鬼脇字鬼脇,73-12,,
01519-4503-5.zip,202602101146,利尻郡利尻富士町鬼脇字鬼脇,73-1,,
01519-4503-5.zip,202602101146,利尻郡利尻富士町鬼脇字鬼脇,75-3,,
01519-4503-5.zip,202602101146,利尻郡利尻富士町鬼脇字鬼脇,76-4,,
01519-4503-5.zip,202602101146,利尻郡利尻富士町鬼脇字鬼脇,75-2,,
01519-4503-5.zip,202602101146,利尻郡利尻富士町鬼脇字鬼脇,76-3,,
01519-4503-5.zip,202602101146,利尻郡利尻富士町鬼脇字鬼脇,76-1,,
01519-4503-5.zip,202602101146,利尻郡利尻富士町鬼脇字鬼脇,91-1,,
01519-4503-5.zip,202602101146,利尻郡利尻富士町鬼脇字鬼脇,91-2,,
01519-4503-5.zip,202602101146,利尻郡利尻富士町鬼脇字鬼脇,83-1,,
01519-4503-5.zip,202602101146,利尻郡利尻富士町鬼脇字鬼脇,82-2,,
01519-4503-5.zip,202602101146,利尻郡利尻富士町鬼脇字鬼脇,476,,
01519-4503-5.zip,202602101146,利尻郡利尻富士町鬼脇字鬼脇,82-3,,
01519-4503-5.zip,202602101146,利尻郡利尻富士町鬼脇字鬼脇,475,,
01519-4503-5.zip,202602101146,利尻郡利尻富士町鬼脇字鬼脇,82-4,,
01519-4503-5.zip,202602101146,利尻郡利尻富士町鬼脇字鬼脇,83-2,,
01519-4503-5.zip,202602101146,利尻郡利尻富士町鬼脇字鬼脇,78,,
01519-4503-5.zip,202602101146,利尻郡利尻富士町鬼脇字鬼脇,83-3,,
01519-4503-5.zip,202602101146,利尻郡利尻富士町鬼脇字鬼脇,66,,
01519-4503-5.zip,202602101146,利尻郡利尻富士町鬼脇字鬼脇,64,,
01519-4503-5.zip,202602101146,利尻郡利尻富士町鬼脇字鬼脇,65,,
01519-4503-5.zip,202602101146,利尻郡利尻富士町鬼脇字鬼脇,70-2,,
01519-4503-5.zip,202602101146,利尻郡利尻富士町鬼脇字鬼脇,49-2,,
01519-4503-5.zip,202602101146,利尻郡利尻富士町鬼脇字鬼脇,70-1,,
01519-4503-5.zip,202602101146,利尻郡利尻富士町鬼脇字鬼脇,69,,
01519-4503-5.zip,202602101146,利尻郡利尻富士町鬼脇字鬼脇,67,,
01519-4503-5.zip,202602101146,利尻郡利尻富士町鬼脇字鬼脇,71-1,,
01519-4503-5.zip,202602101146,利尻郡利尻富士町鬼脇字鬼脇,68,,
01519-4503-5.zip,202602101146,利尻郡利尻富士町鬼脇字鬼脇,49-4,,
01519-4503-5.zip,202602101146,利尻郡利尻富士町鬼脇字鬼脇,48-2,,
01519-4503-5.zip,202602101146,利尻郡利尻富士町鬼脇字鬼脇,49-1,,
01519-4503-5.zip,202602101146,利尻郡利尻富士町鬼脇字鬼脇,53,,
01519-4503-5.zip,202602101146,利尻郡利尻富士町鬼脇字鬼脇,49-3,,
01519-4503-5.zip,202602101146,利尻郡利尻富士町鬼脇字鬼脇,71-2,,
01519-4503-5.zip,202602101146,利尻郡利尻富士町鬼脇字鬼脇,48-1,,
01519-4503-5.zip,202602101146,利尻郡利尻富士町鬼脇字鬼脇,75-4,,
01519-4503-5.zip,202602101146,利尻郡利尻富士町鬼脇字鬼脇,87-1,,
01519-4503-5.zip,202602101146,利尻郡利尻富士町鬼脇字鬼脇,73-11,,
01519-4503-5.zip,202602101146,利尻郡利尻富士町鬼脇字鬼脇,89-2,,
01519-4503-5.zip,202602101146,利尻郡利尻富士町鬼脇字鬼脇,水-13,,
01519-4503-5.zip,202602101146,利尻郡利尻富士町鬼脇字鬼脇,道-100,,
01519-4503-5.zip,202602101146,利尻郡利尻富士町鬼脇字鬼脇,155-1,,
01519-4503-5.zip,202602101146,利尻郡利尻富士町鬼脇字鬼脇,156-1,,
01519-4503-5.zip,202602101146,利尻郡利尻富士町鬼脇字鬼脇,156-4,,
01519-4503-5.zip,202602101146,利尻郡利尻富士町鬼脇字鬼脇,155-3,,
01519-4503-5.zip,202602101146,利尻郡利尻富士町鬼脇字鬼脇,173-32,,
01519-4503-5.zip,202602101146,利尻郡利尻富士町鬼脇字鬼脇,173-29,,
01519-4503-5.zip,202602101146,利尻郡利尻富士町鬼脇字鬼脇,160,,
01519-4503-5.zip,202602101146,利尻郡利尻富士町鬼脇字鬼脇,173-30,,
01519-4503-5.zip,202602101146,利尻郡利尻富士町鬼脇字鬼脇,171-2,,
01519-4503-5.zip,202602101146,利尻郡利尻富士町鬼脇字鬼脇,165-1,,
01519-4503-5.zip,202602101146,利尻郡利尻富士町鬼脇字鬼脇,159-6,,
01519-4503-5.zip,202602101146,利尻郡利尻富士町鬼脇字鬼脇,165-8,,
01519-4503-5.zip,202602101146,利尻郡利尻富士町鬼脇字鬼脇,158-8,,
01519-4503-5.zip,202602101146,利尻郡利尻富士町鬼脇字鬼脇,172,,
01519-4503-5.zip,202602101146,利尻郡利尻富士町鬼脇字鬼脇,171-1,,
01519-4503-5.zip,202602101146,利尻郡利尻富士町鬼脇字鬼脇,164,,
01519-4503-5.zip,202602101146,利尻郡利尻富士町鬼脇字鬼脇,169-2,,
01519-4503-5.zip,202602101146,利尻郡利尻富士町鬼脇字鬼脇,167-7,,
01519-4503-5.zip,202602101146,利尻郡利尻富士町鬼脇字鬼脇,167-3,,
01519-4503-5.zip,202602101146,利尻郡利尻富士町鬼脇字鬼脇,167-2,,
01519-4503-5.zip,202602101146,利尻郡利尻富士町鬼脇字鬼脇,170-2,,
01519-4503-5.zip,202602101146,利尻郡利尻富士町鬼脇字鬼脇,170-3,,
01519-4503-5.zip,202602101146,利尻郡利尻富士町鬼脇字鬼脇,170-1,,
01519-4503-5.zip,202602101146,利尻郡利尻富士町鬼脇字鬼脇,170-7,,
01519-4503-5.zip,202602101146,利尻郡利尻富士町鬼脇字鬼脇,170-6,,
01519-4503-5.zip,202602101146,利尻郡利尻富士町鬼脇字鬼脇,173-9,,
01519-4503-5.zip,202602101146,利尻郡利尻富士町鬼脇字鬼脇,173-10,,
01519-4503-5.zip,202602101146,利尻郡利尻富士町鬼脇字鬼脇,173-8,,
01519-4503-5.zip,202602101146,利尻郡利尻富士町鬼脇字鬼脇,173-15,,
01519-4503-5.zip,202602101146,利尻郡利尻富士町鬼脇字鬼脇,173-12,,
01519-4503-5.zip,202602101146,利尻郡利尻富士町鬼脇字鬼脇,173-13,,
01519-4503-5.zip,202602101146,利尻郡利尻富士町鬼脇字鬼脇,173-11,,
01519-4503-5.zip,202602101146,利尻郡利尻富士町鬼脇字鬼脇,173-14,,
01519-4503-5.zip,202602101146,利尻郡利尻富士町鬼脇字鬼脇,173-31,,
01519-4503-5.zip,202602101146,利尻郡利尻富士町鬼脇字鬼脇,173-1,,
01519-4503-5.zip,202602101146,利尻郡利尻富士町鬼脇字鬼脇,173-2,,
01519-4503-5.zip,202602101146,利尻郡利尻富士町鬼脇字鬼脇,173-4,,
01519-4503-5.zip,202602101146,利尻郡利尻富士町鬼脇字鬼脇,173-3,,
01519-4503-5.zip,202602101146,利尻郡利尻富士町鬼脇字鬼脇,173-7,,
01519-4503-5.zip,202602101146,利尻郡利尻富士町鬼脇字鬼脇,173-6,,
01519-4503-5.zip,202602101146,利尻郡利尻富士町鬼脇字鬼脇,173-5,,
01519-4503-5.zip,202602101146,利尻郡利尻富士町鬼脇字鬼脇,170-5,,
01519-4503-5.zip,202602101146,利尻郡利尻富士町鬼脇字鬼脇,170-4,,
01519-4503-5.zip,202602101146,利尻郡利尻富士町鬼脇字鬼脇,167-6,,
01519-4503-5.zip,202602101146,利尻郡利尻富士町鬼脇字鬼脇,166-5,,
01519-4503-5.zip,202602101146,利尻郡利尻富士町鬼脇字鬼脇,166-4,,
01519-4503-5.zip,202602101146,利尻郡利尻富士町鬼脇字鬼脇,166-2,,
01519-4503-5.zip,202602101146,利尻郡利尻富士町鬼脇字鬼脇,165-5,,
01519-4503-5.zip,202602101146,利尻郡利尻富士町鬼脇字鬼脇,165-4,,
01519-4503-5.zip,202602101146,利尻郡利尻富士町鬼脇字鬼脇,165-3,,
01519-4503-5.zip,202602101146,利尻郡利尻富士町鬼脇字鬼脇,165-6,,
01519-4503-5.zip,202602101146,利尻郡利尻富士町鬼脇字鬼脇,165-7,,
01519-4503-5.zip,202602101146,利尻郡利尻富士町鬼脇字鬼脇,166-6,,
01519-4503-5.zip,202602101146,利尻郡利尻富士町鬼脇字鬼脇,166-3,,
01519-4503-5.zip,202602101146,利尻郡利尻富士町鬼脇字鬼脇,159-2,,
01519-4503-5.zip,202602101146,利尻郡利尻富士町鬼脇字鬼脇,162,,
01519-4503-5.zip,202602101146,利尻郡利尻富士町鬼脇字鬼脇,157-2,,
01519-4503-5.zip,202602101146,利尻郡利尻富士町鬼脇字鬼脇,157-1,,
01519-4503-5.zip,202602101146,利尻郡利尻富士町鬼脇字鬼脇,159-4,,
01519-4503-5.zip,202602101146,利尻郡利尻富士町鬼脇字鬼脇,158-9,,
01519-4503-5.zip,202602101146,利尻郡利尻富士町鬼脇字鬼脇,158-2,,
01519-4503-5.zip,202602101146,利尻郡利尻富士町鬼脇字鬼脇,158-4,,
01519-4503-5.zip,202602101146,利尻郡利尻富士町鬼脇字鬼脇,163-1,,
01519-4503-5.zip,202602101146,利尻郡利尻富士町鬼脇字鬼脇,163-2,,
01519-4503-5.zip,202602101146,利尻郡利尻富士町鬼脇字鬼脇,161,,
01519-4503-5.zip,202602101146,利尻郡利尻富士町鬼脇字鬼脇,159-1,,
01519-4503-5.zip,202602101146,利尻郡利尻富士町鬼脇字鬼脇,159-7,,
01519-4503-5.zip,202602101146,利尻郡利尻富士町鬼脇字鬼脇,159-5,,
01519-4503-5.zip,202602101146,利尻郡利尻富士町鬼脇字鬼脇,158-3,,
01519-4503-5.zip,202602101146,利尻郡利尻富士町鬼脇字鬼脇,158-5,,
01519-4503-5.zip,202602101146,利尻郡利尻富士町鬼脇字鬼脇,165-2,,
01519-4503-5.zip,202602101146,利尻郡利尻富士町鬼脇字鬼脇,158-6,,
01519-4503-5.zip,202602101146,利尻郡利尻富士町鬼脇字鬼脇,159-3,,
01519-4503-5.zip,202602101146,利尻郡利尻富士町鬼脇字鬼脇,158-10,,
01519-4503-5.zip,202602101146,利尻郡利尻富士町鬼脇字鬼脇,173-17,,
01519-4503-5.zip,202602101146,利尻郡利尻富士町鬼脇字鬼脇,183,,
01519-4503-5.zip,202602101146,利尻郡利尻富士町鬼脇字鬼脇,184-5,,
01519-4503-5.zip,202602101146,利尻郡利尻富士町鬼脇字鬼脇,175,,
01519-4503-5.zip,202602101146,利尻郡利尻富士町鬼脇字鬼脇,179-1,,
01519-4503-5.zip,202602101146,利尻郡利尻富士町鬼脇字鬼脇,179-3,,
01519-4503-5.zip,202602101146,利尻郡利尻富士町鬼脇字鬼脇,180-1,,
01519-4503-5.zip,202602101146,利尻郡利尻富士町鬼脇字鬼脇,173-18,,
01519-4503-5.zip,202602101146,利尻郡利尻富士町鬼脇字鬼脇,177-2,,
01519-4503-5.zip,202602101146,利尻郡利尻富士町鬼脇字鬼脇,176-2,,
01519-4503-5.zip,202602101146,利尻郡利尻富士町鬼脇字鬼脇,182,,
01519-4503-5.zip,202602101146,利尻郡利尻富士町鬼脇字鬼脇,180-2,,
01519-4503-5.zip,202602101146,利尻郡利尻富士町鬼脇字鬼脇,173-19,,
01519-4503-5.zip,202602101146,利尻郡利尻富士町鬼脇字鬼脇,173-20,,
01519-4503-5.zip,202602101146,利尻郡利尻富士町鬼脇字鬼脇,173-21,,
01519-4503-5.zip,202602101146,利尻郡利尻富士町鬼脇字鬼脇,173-22,,
01519-4503-5.zip,202602101146,利尻郡利尻富士町鬼脇字鬼脇,173-23,,
01519-4503-5.zip,202602101146,利尻郡利尻富士町鬼脇字鬼脇,173-24,,
01519-4503-5.zip,202602101146,利尻郡利尻富士町鬼脇字鬼脇,173-25,,
01519-4503-5.zip,202602101146,利尻郡利尻富士町鬼脇字鬼脇,173-26,,
01519-4503-5.zip,202602101146,利尻郡利尻富士町鬼脇字鬼脇,173-27,,
01519-4503-5.zip,202602101146,利尻郡利尻富士町鬼脇字鬼脇,173-28,,
01519-4503-5.zip,202602101146,利尻郡利尻富士町鬼脇字鬼脇,176-1,,
01519-4503-5.zip,202602101146,利尻郡利尻富士町鬼脇字鬼脇,178-1,,
01519-4503-5.zip,202602101146,利尻郡利尻富士町鬼脇字鬼脇,178-2,,
01519-4503-5.zip,202602101146,利尻郡利尻富士町鬼脇字鬼脇,179-2,,
01519-4503-5.zip,202602101146,利尻郡利尻富士町鬼脇字鬼脇,177-1,,
01519-4503-5.zip,202602101146,利尻郡利尻富士町鬼脇字鬼脇,167-5,,
01519-4503-5.zip,202602101146,利尻郡利尻富士町鬼脇字鬼脇,167-4,,
01519-4503-5.zip,202602101146,利尻郡利尻富士町鬼脇字鬼脇,169-1,,
01519-4503-5.zip,202602101146,利尻郡利尻富士町鬼脇字鬼脇,158-1,,
01519-4503-5.zip,202602101146,利尻郡利尻富士町鬼脇字鬼脇,158-7,,
01519-4503-5.zip,202602101146,利尻郡利尻富士町鬼脇字鬼脇,167-1,,
01519-4503-5.zip,202602101146,利尻郡利尻富士町鬼脇字鬼脇,166-1,,
01519-4503-5.zip,202602101146,利尻郡利尻富士町鬼脇字鬼脇,168-1,,
01519-4503-5.zip,202602101146,利尻郡利尻富士町鬼脇字鬼脇,168-2,,
01519-4503-5.zip,202602101146,利尻郡利尻富士町鬼脇字鬼脇,173-16,,
01519-4503-5.zip,202602101146,利尻郡利尻富士町鬼脇字鬼脇,345W1,,
01519-4503-5.zip,202602101146,利尻郡利尻富士町鬼脇字鬼脇,道-101,,
01519-4503-5.zip,202602101146,利尻郡利尻富士町鬼脇字鬼脇,230,,
01519-4503-5.zip,202602101146,利尻郡利尻富士町鬼脇字鬼脇,231,,
01519-4503-5.zip,202602101146,利尻郡利尻富士町鬼脇字鬼脇,237,,
01519-4503-5.zip,202602101146,利尻郡利尻富士町鬼脇字鬼脇,238,,
01519-4503-5.zip,202602101146,利尻郡利尻富士町鬼脇字鬼脇,236,,
01519-4503-5.zip,202602101146,利尻郡利尻富士町鬼脇字鬼脇,223,,
01519-4503-5.zip,202602101146,利尻郡利尻富士町鬼脇字鬼脇,224,,
01519-4503-5.zip,202602101146,利尻郡利尻富士町鬼脇字鬼脇,225,,
01519-4503-5.zip,202602101146,利尻郡利尻富士町鬼脇字鬼脇,226,,
01519-4503-5.zip,202602101146,利尻郡利尻富士町鬼脇字鬼脇,227,,
01519-4503-5.zip,202602101146,利尻郡利尻富士町鬼脇字鬼脇,228,,
01519-4503-5.zip,202602101146,利尻郡利尻富士町鬼脇字鬼脇,229,,
01519-4503-5.zip,202602101146,利尻郡利尻富士町鬼脇字鬼脇,235,,
01519-4503-5.zip,202602101146,利尻郡利尻富士町鬼脇字鬼脇,234,,
01519-4503-5.zip,202602101146,利尻郡利尻富士町鬼脇字鬼脇,232,,
01519-4503-5.zip,202602101146,利尻郡利尻富士町鬼脇字鬼脇,233,,
01519-4503-5.zip,202602101146,利尻郡利尻富士町鬼脇字鬼脇,241,,
01519-4503-5.zip,202602101146,利尻郡利尻富士町鬼脇字鬼脇,242,,
01519-4503-5.zip,202602101146,利尻郡利尻富士町鬼脇字鬼脇,345W2,,
01519-4503-5.zip,202602101146,利尻郡利尻富士町鬼脇字鬼脇,346,,
01519-4503-5.zip,202602101146,利尻郡利尻富士町鬼脇字鬼脇,道-102,,
01519-4503-5.zip,202602101146,利尻郡利尻富士町鬼脇字鬼脇,249-2,,
01519-4503-5.zip,202602101146,利尻郡利尻富士町鬼脇字鬼脇,249-1,,
01519-4503-5.zip,202602101146,利尻郡利尻富士町鬼脇字鬼脇,249-5,,
01519-4503-5.zip,202602101146,利尻郡利尻富士町鬼脇字鬼脇,249-7,,
01519-4503-5.zip,202602101146,利尻郡利尻富士町鬼脇字鬼脇,249-3,,
01519-4503-5.zip,202602101146,利尻郡利尻富士町鬼脇字鬼脇,249-4,,
01519-4503-5.zip,202602101146,利尻郡利尻富士町鬼脇字鬼脇,147-11,,
01519-4503-5.zip,202602101146,利尻郡利尻富士町鬼脇字鬼脇,149-5,,
01519-4503-5.zip,202602101146,利尻郡利尻富士町鬼脇字鬼脇,道-103,,
01519-4503-5.zip,202602101146,利尻郡利尻富士町鬼脇字鬼脇,148-1,,
01519-4503-5.zip,202602101146,利尻郡利尻富士町鬼脇字鬼脇,147-1,,
01519-4503-5.zip,202602101146,利尻郡利尻富士町鬼脇字鬼脇,147-5,,
01519-4503-5.zip,202602101146,利尻郡利尻富士町鬼脇字鬼脇,149-1,,
01519-4503-5.zip,202602101146,利尻郡利尻富士町鬼脇字鬼脇,149-4,,
01519-4503-5.zip,202602101146,利尻郡利尻富士町鬼脇字鬼脇,151-1,,
01519-4503-5.zip,202602101146,利尻郡利尻富士町鬼脇字鬼脇,148-4,,
01519-4503-5.zip,202602101146,利尻郡利尻富士町鬼脇字鬼脇,147-10,,
01519-4503-5.zip,202602101146,利尻郡利尻富士町鬼脇字鬼脇,147-9,,
01519-4503-5.zip,202602101146,利尻郡利尻富士町鬼脇字鬼脇,147-7,,
01519-4503-5.zip,202602101146,利尻郡利尻富士町鬼脇字鬼脇,147-4,,
01519-4503-5.zip,202602101146,利尻郡利尻富士町鬼脇字鬼脇,147-3,,
01519-4503-5.zip,202602101146,利尻郡利尻富士町鬼脇字鬼脇,147-6,,
01519-4503-5.zip,202602101146,利尻郡利尻富士町鬼脇字鬼脇,147-2,,
01519-4503-5.zip,202602101146,利尻郡利尻富士町鬼脇字鬼脇,147-12,,
01519-4503-5.zip,202602101146,利尻郡利尻富士町鬼脇字鬼脇,147-8,,
01519-4503-5.zip,202602101146,利尻郡利尻富士町鬼脇字鬼脇,148-3,,
01519-4503-5.zip,202602101146,利尻郡利尻富士町鬼脇字鬼脇,148-6,,
01519-4503-5.zip,202602101146,利尻郡利尻富士町鬼脇字鬼脇,148-5,,
01519-4503-5.zip,202602101146,利尻郡利尻富士町鬼脇字鬼脇,149-2,,
01519-4503-5.zip,202602101146,利尻郡利尻富士町鬼脇字鬼脇,149-6,,
01519-4503-5.zip,202602101146,利尻郡利尻富士町鬼脇字鬼脇,151-4,,
01519-4503-5.zip,202602101146,利尻郡利尻富士町鬼脇字鬼脇,151-5,,
01519-4503-5.zip,202602101146,利尻郡利尻富士町鬼脇字鬼脇,150-2,,
01519-4503-5.zip,202602101146,利尻郡利尻富士町鬼脇字鬼脇,151-6,,
01519-4503-5.zip,202602101146,利尻郡利尻富士町鬼脇字鬼脇,道-104,,
01519-4503-5.zip,202602101146,利尻郡利尻富士町鬼脇字鬼脇,150-1,,
01519-4503-5.zip,202602101146,利尻郡利尻富士町鬼脇字鬼脇,151-2,,
01519-4503-5.zip,202602101146,利尻郡利尻富士町鬼脇字鬼脇,149-3,,
01519-4503-5.zip,202602101146,利尻郡利尻富士町鬼脇字鬼脇,148-2,,
01519-4503-5.zip,202602101146,利尻郡利尻富士町鬼脇字鬼脇,100-1,,
01519-4503-5.zip,202602101146,利尻郡利尻富士町鬼脇字鬼脇,99-2,,
01519-4503-5.zip,202602101146,利尻郡利尻富士町鬼脇字鬼脇,477,,
01519-4503-5.zip,202602101146,利尻郡利尻富士町鬼脇字鬼脇,水-14,,
01519-4503-5.zip,202602101146,利尻郡利尻富士町鬼脇字鬼脇,98-2,,
01519-4503-5.zip,202602101146,利尻郡利尻富士町鬼脇字鬼脇,95,,
01519-4503-5.zip,202602101146,利尻郡利尻富士町鬼脇字鬼脇,96-2,,
01519-4503-5.zip,202602101146,利尻郡利尻富士町鬼脇字鬼脇,100-2,,
01519-4503-5.zip,202602101146,利尻郡利尻富士町鬼脇字鬼脇,97-11,,
01519-4503-5.zip,202602101146,利尻郡利尻富士町鬼脇字鬼脇,96-1,,
01519-4503-5.zip,202602101146,利尻郡利尻富士町鬼脇字鬼脇,97-1,,
01519-4503-5.zip,202602101146,利尻郡利尻富士町鬼脇字鬼脇,97-5,,
01519-4503-5.zip,202602101146,利尻郡利尻富士町鬼脇字鬼脇,97-10,,
01519-4503-5.zip,202602101146,利尻郡利尻富士町鬼脇字鬼脇,98-1,,
01519-4503-5.zip,202602101146,利尻郡利尻富士町鬼脇字鬼脇,97-7,,
01519-4503-5.zip,202602101146,利尻郡利尻富士町鬼脇字鬼脇,99-1,,
01519-4503-5.zip,202602101146,利尻郡利尻富士町鬼脇字鬼脇,97-8,,
01519-4503-5.zip,202602101146,利尻郡利尻富士町鬼脇字鬼脇,97-6,,
01519-4503-5.zip,202602101146,利尻郡利尻富士町鬼脇字鬼脇,97-2,,
01519-4503-5.zip,202602101146,利尻郡利尻富士町鬼脇字鬼脇,97-9,,
01519-4503-5.zip,202602101146,利尻郡利尻富士町鬼脇字鬼脇,93-1,,
01519-4503-5.zip,202602101146,利尻郡利尻富士町鬼脇字鬼脇,93-4,,
01519-4503-5.zip,202602101146,利尻郡利尻富士町鬼脇字鬼脇,153-2,,
01519-4503-5.zip,202602101146,利尻郡利尻富士町鬼脇字鬼脇,153-1,,
01519-4503-5.zip,202602101146,利尻郡利尻富士町鬼脇字鬼脇,247,,
01519-4503-5.zip,202602101146,利尻郡利尻富士町鬼脇字鬼脇,97-3,,
01519-4503-5.zip,202602101146,利尻郡利尻富士町鬼脇字鬼脇,97-4,,
01519-4503-5.zip,202602101146,利尻郡利尻富士町鬼脇字鬼脇,151-3,,
01519-4503-5.zip,202602101146,利尻郡利尻富士町鬼脇字鬼脇,249-6,,
01519-4503-5.zip,202602101146,利尻郡利尻富士町鬼脇字鬼脇,道-105,,
01519-4503-5.zip,202602101146,利尻郡利尻富士町鬼脇字鬼脇,474,,
01519-4503-5.zip,202602101146,利尻郡利尻富士町鬼脇字鬼脇,104-2,,
01519-4503-5.zip,202602101146,利尻郡利尻富士町鬼脇字鬼脇,104-1,,
01519-4503-5.zip,202602101146,利尻郡利尻富士町鬼脇字鬼脇,110-2,,
01519-4503-5.zip,202602101146,利尻郡利尻富士町鬼脇字鬼脇,111-2,,
01519-4503-5.zip,202602101146,利尻郡利尻富士町鬼脇字鬼脇,479,,
01519-4503-5.zip,202602101146,利尻郡利尻富士町鬼脇字鬼脇,111-1,,
01519-4503-5.zip,202602101146,利尻郡利尻富士町鬼脇字鬼脇,112,,
01519-4503-5.zip,202602101146,利尻郡利尻富士町鬼脇字鬼脇,長狭物不明-128,,
01519-4503-5.zip,202602101146,利尻郡利尻富士町鬼脇字鬼脇,109-3,,
01519-4503-5.zip,202602101146,利尻郡利尻富士町鬼脇字鬼脇,109-1,,
01519-4503-5.zip,202602101146,利尻郡利尻富士町鬼脇字鬼脇,110-1,,
01519-4503-5.zip,202602101146,利尻郡利尻富士町鬼脇字鬼脇,109-2,,
01519-4503-5.zip,202602101146,利尻郡利尻富士町鬼脇字鬼脇,109-7,,
01519-4503-5.zip,202602101146,利尻郡利尻富士町鬼脇字鬼脇,109-4,,
01519-4503-5.zip,202602101146,利尻郡利尻富士町鬼脇字鬼脇,道-106,,
01519-4503-5.zip,202602101146,利尻郡利尻富士町鬼脇字鬼脇,102-5,,
01519-4503-5.zip,202602101146,利尻郡利尻富士町鬼脇字鬼脇,109-6,,
01519-4503-5.zip,202602101146,利尻郡利尻富士町鬼脇字鬼脇,道-107,,
01519-4503-5.zip,202602101146,利尻郡利尻富士町鬼脇字鬼脇,101-2,,
01519-4503-5.zip,202602101146,利尻郡利尻富士町鬼脇字鬼脇,101-1,,
01519-4503-5.zip,202602101146,利尻郡利尻富士町鬼脇字鬼脇,107-1,,
01519-4503-5.zip,202602101146,利尻郡利尻富士町鬼脇字鬼脇,102-2,,
01519-4503-5.zip,202602101146,利尻郡利尻富士町鬼脇字鬼脇,107-2,,
01519-4503-5.zip,202602101146,利尻郡利尻富士町鬼脇字鬼脇,102-3,,
01519-4503-5.zip,202602101146,利尻郡利尻富士町鬼脇字鬼脇,102-1,,
01519-4503-5.zip,202602101146,利尻郡利尻富士町鬼脇字鬼脇,102-4,,
01519-4503-5.zip,202602101146,利尻郡利尻富士町鬼脇字鬼脇,道-108,,
01519-4503-5.zip,202602101146,利尻郡利尻富士町鬼脇字鬼脇,127-6,,
01519-4503-5.zip,202602101146,利尻郡利尻富士町鬼脇字鬼脇,126-2,,
01519-4503-5.zip,202602101146,利尻郡利尻富士町鬼脇字鬼脇,126-1,,
01519-4503-5.zip,202602101146,利尻郡利尻富士町鬼脇字鬼脇,136-1,,
01519-4503-5.zip,202602101146,利尻郡利尻富士町鬼脇字鬼脇,140,,
01519-4503-5.zip,202602101146,利尻郡利尻富士町鬼脇字鬼脇,142-1,,
01519-4503-5.zip,202602101146,利尻郡利尻富士町鬼脇字鬼脇,145-4,,
01519-4503-5.zip,202602101146,利尻郡利尻富士町鬼脇字鬼脇,145-2,,
01519-4503-5.zip,202602101146,利尻郡利尻富士町鬼脇字鬼脇,道-109,,
01519-4503-5.zip,202602101146,利尻郡利尻富士町鬼脇字鬼脇,132,,
01519-4503-5.zip,202602101146,利尻郡利尻富士町鬼脇字鬼脇,144,,
01519-4503-5.zip,202602101146,利尻郡利尻富士町鬼脇字鬼脇,133-1,,
01519-4503-5.zip,202602101146,利尻郡利尻富士町鬼脇字鬼脇,141-1,,
01519-4503-5.zip,202602101146,利尻郡利尻富士町鬼脇字鬼脇,134-1,,
01519-4503-5.zip,202602101146,利尻郡利尻富士町鬼脇字鬼脇,135-1,,
01519-4503-5.zip,202602101146,利尻郡利尻富士町鬼脇字鬼脇,138,,
01519-4503-5.zip,202602101146,利尻郡利尻富士町鬼脇字鬼脇,139,,
01519-4503-5.zip,202602101146,利尻郡利尻富士町鬼脇字鬼脇,142-2,,
01519-4503-5.zip,202602101146,利尻郡利尻富士町鬼脇字鬼脇,141-2,,
01519-4503-5.zip,202602101146,利尻郡利尻富士町鬼脇字鬼脇,135-2,,
01519-4503-5.zip,202602101146,利尻郡利尻富士町鬼脇字鬼脇,133-2,,
01519-4503-5.zip,202602101146,利尻郡利尻富士町鬼脇字鬼脇,130-1,,
01519-4503-5.zip,202602101146,利尻郡利尻富士町鬼脇字鬼脇,143,,
01519-4503-5.zip,202602101146,利尻郡利尻富士町鬼脇字鬼脇,道-110,,
01519-4503-5.zip,202602101146,利尻郡利尻富士町鬼脇字鬼脇,127-13,,
01519-4503-5.zip,202602101146,利尻郡利尻富士町鬼脇字鬼脇,127-4,,
01519-4503-5.zip,202602101146,利尻郡利尻富士町鬼脇字鬼脇,127-12,,
01519-4503-5.zip,202602101146,利尻郡利尻富士町鬼脇字鬼脇,127-3,,
01519-4503-5.zip,202602101146,利尻郡利尻富士町鬼脇字鬼脇,127-11,,
01519-4503-5.zip,202602101146,利尻郡利尻富士町鬼脇字鬼脇,127-1,,
01519-4503-5.zip,202602101146,利尻郡利尻富士町鬼脇字鬼脇,136-2,,
01519-4503-5.zip,202602101146,利尻郡利尻富士町鬼脇字鬼脇,127-2,,
01519-4503-5.zip,202602101146,利尻郡利尻富士町鬼脇字鬼脇,127-8,,
01519-4503-5.zip,202602101146,利尻郡利尻富士町鬼脇字鬼脇,127-14,,
01519-4503-5.zip,202602101146,利尻郡利尻富士町鬼脇字鬼脇,127-7,,
01519-4503-5.zip,202602101146,利尻郡利尻富士町鬼脇字鬼脇,131-2,,
01519-4503-5.zip,202602101146,利尻郡利尻富士町鬼脇字鬼脇,129-1,,
01519-4503-5.zip,202602101146,利尻郡利尻富士町鬼脇字鬼脇,道-111,,
01519-4503-5.zip,202602101146,利尻郡利尻富士町鬼脇字鬼脇,128,,
01519-4503-5.zip,202602101146,利尻郡利尻富士町鬼脇字鬼脇,131-1,,
01519-4503-5.zip,202602101146,利尻郡利尻富士町鬼脇字鬼脇,127-9,,
01519-4503-5.zip,202602101146,利尻郡利尻富士町鬼脇字鬼脇,127-5,,
01519-4503-5.zip,202602101146,利尻郡利尻富士町鬼脇字鬼脇,134-2,,
01519-4503-5.zip,202602101146,利尻郡利尻富士町鬼脇字鬼脇,141-3,,
01519-4503-5.zip,202602101146,利尻郡利尻富士町鬼脇字鬼脇,145-5,,
01519-4503-5.zip,202602101146,利尻郡利尻富士町鬼脇字鬼脇,145-1,,
01519-4503-5.zip,202602101146,利尻郡利尻富士町鬼脇字鬼脇,145-3,,
01519-4503-5.zip,202602101146,利尻郡利尻富士町鬼脇字鬼脇,137,,
01519-4503-5.zip,202602101146,利尻郡利尻富士町鬼脇字鬼脇,464-1,,
01519-4503-5.zip,202602101146,利尻郡利尻富士町鬼脇字鬼脇,121-1,,
01519-4503-5.zip,202602101146,利尻郡利尻富士町鬼脇字鬼脇,464-2,,
01519-4503-5.zip,202602101146,利尻郡利尻富士町鬼脇字鬼脇,125-2,,
01519-4503-5.zip,202602101146,利尻郡利尻富士町鬼脇字鬼脇,116-2,,
01519-4503-5.zip,202602101146,利尻郡利尻富士町鬼脇字鬼脇,117-1,,
01519-4503-5.zip,202602101146,利尻郡利尻富士町鬼脇字鬼脇,123-1,,
01519-4503-5.zip,202602101146,利尻郡利尻富士町鬼脇字鬼脇,124,,
01519-4503-5.zip,202602101146,利尻郡利尻富士町鬼脇字鬼脇,123-2,,
01519-4503-5.zip,202602101146,利尻郡利尻富士町鬼脇字鬼脇,116-3,,
01519-4503-5.zip,202602101146,利尻郡利尻富士町鬼脇字鬼脇,117-2,,
01519-4503-5.zip,202602101146,利尻郡利尻富士町鬼脇字鬼脇,116-1,,
01519-4503-5.zip,202602101146,利尻郡利尻富士町鬼脇字鬼脇,118-2,,
01519-4503-5.zip,202602101146,利尻郡利尻富士町鬼脇字鬼脇,118-1,,
01519-4503-5.zip,202602101146,利尻郡利尻富士町鬼脇字鬼脇,120,,
01519-4503-5.zip,202602101146,利尻郡利尻富士町鬼脇字鬼脇,125-1,,
01519-4503-5.zip,202602101146,利尻郡利尻富士町鬼脇字鬼脇,121-2,,
01519-4503-5.zip,202602101146,利尻郡利尻富士町鬼脇字鬼脇,119,,
01519-4503-5.zip,202602101146,利尻郡利尻富士町鬼脇字鬼脇,127-15,,
01519-4503-5.zip,202602101146,利尻郡利尻富士町鬼脇字鬼脇,127-10,,
01519-4503-5.zip,202602101146,利尻郡利尻富士町鬼脇字鬼脇,129-2,,
01519-4503-5.zip,202602101146,利尻郡利尻富士町鬼脇字鬼脇,130-2,,
01519-4503-5.zip,202602101146,利尻郡利尻富士町鬼脇字鬼脇,109-5,,
01519-4503-5.zip,202602101146,利尻郡利尻富士町鬼脇字清川,道-112,,
01519-4503-5.zip,202602101146,利尻郡利尻富士町鬼脇字清川,222,,
01519-4503-5.zip,202602101146,利尻郡利尻富士町鬼脇字清川,水-16,,
01519-4503-5.zip,202602101146,利尻郡利尻富士町鬼脇字清川,道-113,,
01519-4503-5.zip,202602101146,利尻郡利尻富士町鬼脇字清川,191,,
01519-4503-5.zip,202602101146,利尻郡利尻富士町鬼脇字清川,188,,
01519-4503-5.zip,202602101146,利尻郡利尻富士町鬼脇字清川,189,,
01519-4503-5.zip,202602101146,利尻郡利尻富士町鬼脇字清川,190,,
01519-4503-5.zip,202602101146,利尻郡利尻富士町鬼脇字清川,178,,
01519-4503-5.zip,202602101146,利尻郡利尻富士町鬼脇字清川,7,,
01519-4503-5.zip,202602101146,利尻郡利尻富士町鬼脇字清川,5,,
01519-4503-5.zip,202602101146,利尻郡利尻富士町鬼脇字清川,道-114,,
01519-4503-5.zip,202602101146,利尻郡利尻富士町鬼脇字清川,181,,
01519-4503-5.zip,202602101146,利尻郡利尻富士町鬼脇字清川,179,,
01519-4503-5.zip,202602101146,利尻郡利尻富士町鬼脇字清川,4,,
01519-4503-5.zip,202602101146,利尻郡利尻富士町鬼脇字清川,177-1,,
01519-4503-5.zip,202602101146,利尻郡利尻富士町鬼脇字清川,180,,
01519-4503-5.zip,202602101146,利尻郡利尻富士町鬼脇字清川,183-1,,
01519-4503-5.zip,202602101146,利尻郡利尻富士町鬼脇字清川,176,,
01519-4503-5.zip,202602101146,利尻郡利尻富士町鬼脇字清川,177-2,,
01519-4503-5.zip,202602101146,利尻郡利尻富士町鬼脇字清川,172,,
01519-4503-5.zip,202602101146,利尻郡利尻富士町鬼脇字清川,6,,
01519-4503-5.zip,202602101146,利尻郡利尻富士町鬼脇字清川,183-2,,
01519-4503-5.zip,202602101146,利尻郡利尻富士町鬼脇字清川,182,,
01519-4503-5.zip,202602101146,利尻郡利尻富士町鬼脇字清川,171,,
01519-4503-5.zip,202602101146,利尻郡利尻富士町鬼脇字清川,260,,
01519-4503-5.zip,202602101146,利尻郡利尻富士町鬼脇字清川,174-1,,
01519-4503-5.zip,202602101146,利尻郡利尻富士町鬼脇字清川,174-2,,
01519-4503-5.zip,202602101146,利尻郡利尻富士町鬼脇字清川,長狭物不明-129,,
01519-4503-5.zip,202602101146,利尻郡利尻富士町鬼脇字清川,8,,
01519-4503-5.zip,202602101146,利尻郡利尻富士町鬼脇字清川,3,,
01519-4503-5.zip,202602101146,利尻郡利尻富士町鬼脇字清川,9,,
01519-4503-5.zip,202602101146,利尻郡利尻富士町鬼脇字清川,2,,
01519-4503-5.zip,202602101146,利尻郡利尻富士町鬼脇字清川,1,,
01519-4503-5.zip,202602101146,利尻郡利尻富士町鬼脇字清川,184-1,,
01519-4503-5.zip,202602101146,利尻郡利尻富士町鬼脇字清川,道-115,,
01519-4503-5.zip,202602101146,利尻郡利尻富士町鬼脇字清川,道-116,,
01519-4503-5.zip,202602101146,利尻郡利尻富士町鬼脇字清川,184-2,,
01519-4503-5.zip,202602101146,利尻郡利尻富士町鬼脇字清川,185-1,,
01519-4503-5.zip,202602101146,利尻郡利尻富士町鬼脇字清川,185-3,,
01519-4503-5.zip,202602101146,利尻郡利尻富士町鬼脇字清川,175-1,,
01519-4503-5.zip,202602101146,利尻郡利尻富士町鬼脇字清川,175-2,,
01519-4503-5.zip,202602101146,利尻郡利尻富士町鬼脇字清川,173,,
01519-4503-5.zip,202602101146,利尻郡利尻富士町鬼脇字清川,道-117,,
01519-4503-5.zip,202602101146,利尻郡利尻富士町鬼脇字清川,11,,
01519-4503-5.zip,202602101146,利尻郡利尻富士町鬼脇字清川,17,,
01519-4503-5.zip,202602101146,利尻郡利尻富士町鬼脇字清川,18,,
01519-4503-5.zip,202602101146,利尻郡利尻富士町鬼脇字清川,21,,
01519-4503-5.zip,202602101146,利尻郡利尻富士町鬼脇字清川,23,,
01519-4503-5.zip,202602101146,利尻郡利尻富士町鬼脇字清川,27,,
01519-4503-5.zip,202602101146,利尻郡利尻富士町鬼脇字清川,24,,
01519-4503-5.zip,202602101146,利尻郡利尻富士町鬼脇字清川,22,,
01519-4503-5.zip,202602101146,利尻郡利尻富士町鬼脇字清川,25,,
01519-4503-5.zip,202602101146,利尻郡利尻富士町鬼脇字清川,204,,
01519-4503-5.zip,202602101146,利尻郡利尻富士町鬼脇字清川,202,,
01519-4503-5.zip,202602101146,利尻郡利尻富士町鬼脇字清川,200,,
01519-4503-5.zip,202602101146,利尻郡利尻富士町鬼脇字清川,201,,
01519-4503-5.zip,202602101146,利尻郡利尻富士町鬼脇字清川,203,,
01519-4503-5.zip,202602101146,利尻郡利尻富士町鬼脇字清川,158-1,,
01519-4503-5.zip,202602101146,利尻郡利尻富士町鬼脇字清川,153,,
01519-4503-5.zip,202602101146,利尻郡利尻富士町鬼脇字清川,150-1,,
01519-4503-5.zip,202602101146,利尻郡利尻富士町鬼脇字清川,19,,
01519-4503-5.zip,202602101146,利尻郡利尻富士町鬼脇字清川,13,,
01519-4503-5.zip,202602101146,利尻郡利尻富士町鬼脇字清川,12,,
01519-4503-5.zip,202602101146,利尻郡利尻富士町鬼脇字清川,169-2,,
01519-4503-5.zip,202602101146,利尻郡利尻富士町鬼脇字清川,158-2,,
01519-4503-5.zip,202602101146,利尻郡利尻富士町鬼脇字清川,159-1,,
01519-4503-5.zip,202602101146,利尻郡利尻富士町鬼脇字清川,160-1,,
01519-4503-5.zip,202602101146,利尻郡利尻富士町鬼脇字清川,157,,
01519-4503-5.zip,202602101146,利尻郡利尻富士町鬼脇字清川,162-1,,
01519-4503-5.zip,202602101146,利尻郡利尻富士町鬼脇字清川,162-2,,
01519-4503-5.zip,202602101146,利尻郡利尻富士町鬼脇字清川,160-2,,
01519-4503-5.zip,202602101146,利尻郡利尻富士町鬼脇字清川,159-2,,
01519-4503-5.zip,202602101146,利尻郡利尻富士町鬼脇字清川,158-3,,
01519-4503-5.zip,202602101146,利尻郡利尻富士町鬼脇字清川,16,,
01519-4503-5.zip,202602101146,利尻郡利尻富士町鬼脇字清川,168,,
01519-4503-5.zip,202602101146,利尻郡利尻富士町鬼脇字清川,163,,
01519-4503-5.zip,202602101146,利尻郡利尻富士町鬼脇字清川,161-1,,
01519-4503-5.zip,202602101146,利尻郡利尻富士町鬼脇字清川,156,,
01519-4503-5.zip,202602101146,利尻郡利尻富士町鬼脇字清川,155,,
01519-4503-5.zip,202602101146,利尻郡利尻富士町鬼脇字清川,152-1,,
01519-4503-5.zip,202602101146,利尻郡利尻富士町鬼脇字清川,154,,
01519-4503-5.zip,202602101146,利尻郡利尻富士町鬼脇字清川,20,,
01519-4503-5.zip,202602101146,利尻郡利尻富士町鬼脇字清川,152-2,,
01519-4503-5.zip,202602101146,利尻郡利尻富士町鬼脇字清川,道-118,,
01519-4503-5.zip,202602101146,利尻郡利尻富士町鬼脇字清川,167,,
01519-4503-5.zip,202602101146,利尻郡利尻富士町鬼脇字清川,166-2,,
01519-4503-5.zip,202602101146,利尻郡利尻富士町鬼脇字清川,169-1,,
01519-4503-5.zip,202602101146,利尻郡利尻富士町鬼脇字清川,170,,
01519-4503-5.zip,202602101146,利尻郡利尻富士町鬼脇字清川,165-1,,
01519-4503-5.zip,202602101146,利尻郡利尻富士町鬼脇字清川,165-2,,
01519-4503-5.zip,202602101146,利尻郡利尻富士町鬼脇字清川,15,,
01519-4503-5.zip,202602101146,利尻郡利尻富士町鬼脇字清川,14,,
01519-4503-5.zip,202602101146,利尻郡利尻富士町鬼脇字清川,169-3,,
01519-4503-5.zip,202602101146,利尻郡利尻富士町鬼脇字清川,166-1,,
01519-4503-5.zip,202602101146,利尻郡利尻富士町鬼脇字清川,道-119,,
01519-4503-5.zip,202602101146,利尻郡利尻富士町鬼脇字清川,151-1,,
01519-4503-5.zip,202602101146,利尻郡利尻富士町鬼脇字清川,150-2,,
01519-4503-5.zip,202602101146,利尻郡利尻富士町鬼脇字清川,151-2,,
01519-4503-5.zip,202602101146,利尻郡利尻富士町鬼脇字清川,145-1,,
01519-4503-5.zip,202602101146,利尻郡利尻富士町鬼脇字清川,144,,
01519-4503-5.zip,202602101146,利尻郡利尻富士町鬼脇字清川,143,,
01519-4503-5.zip,202602101146,利尻郡利尻富士町鬼脇字清川,道-120,,
01519-4503-5.zip,202602101146,利尻郡利尻富士町鬼脇字清川,26,,
01519-4503-5.zip,202602101146,利尻郡利尻富士町鬼脇字清川,147-3,,
01519-4503-5.zip,202602101146,利尻郡利尻富士町鬼脇字清川,149-1,,
01519-4503-5.zip,202602101146,利尻郡利尻富士町鬼脇字清川,138-2,,
01519-4503-5.zip,202602101146,利尻郡利尻富士町鬼脇字清川,147-2,,
01519-4503-5.zip,202602101146,利尻郡利尻富士町鬼脇字清川,139-1,,
01519-4503-5.zip,202602101146,利尻郡利尻富士町鬼脇字清川,140,,
01519-4503-5.zip,202602101146,利尻郡利尻富士町鬼脇字清川,141,,
01519-4503-5.zip,202602101146,利尻郡利尻富士町鬼脇字清川,142,,
01519-4503-5.zip,202602101146,利尻郡利尻富士町鬼脇字清川,道-121,,
01519-4503-5.zip,202602101146,利尻郡利尻富士町鬼脇字清川,137-2,,
01519-4503-5.zip,202602101146,利尻郡利尻富士町鬼脇字清川,139-2,,
01519-4503-5.zip,202602101146,利尻郡利尻富士町鬼脇字清川,137-1,,
01519-4503-5.zip,202602101146,利尻郡利尻富士町鬼脇字清川,148-3,,
01519-4503-5.zip,202602101146,利尻郡利尻富士町鬼脇字清川,148-2,,
01519-4503-5.zip,202602101146,利尻郡利尻富士町鬼脇字清川,149-2,,
01519-4503-5.zip,202602101146,利尻郡利尻富士町鬼脇字清川,145-2,,
01519-4503-5.zip,202602101146,利尻郡利尻富士町鬼脇字清川,148-1,,
01519-4503-5.zip,202602101146,利尻郡利尻富士町鬼脇字清川,147-1,,
01519-4503-5.zip,202602101146,利尻郡利尻富士町鬼脇字清川,146,,
01519-4503-5.zip,202602101146,利尻郡利尻富士町鬼脇字清川,138-1,,
01519-4503-5.zip,202602101146,利尻郡利尻富士町鬼脇字清川,152-3,,
01519-4503-5.zip,202602101146,利尻郡利尻富士町鬼脇字清川,164,,
01519-4503-5.zip,202602101146,利尻郡利尻富士町鬼脇字清川,161-2,,
01519-4503-5.zip,202602101146,利尻郡利尻富士町鬼脇字清川,道-122,,
01519-4503-5.zip,202602101146,利尻郡利尻富士町鬼脇字清川,道-123,,
01519-4503-5.zip,202602101146,利尻郡利尻富士町鬼脇字清川,36-2,,
01519-4503-5.zip,202602101146,利尻郡利尻富士町鬼脇字清川,39,,
01519-4503-5.zip,202602101146,利尻郡利尻富士町鬼脇字清川,35-1,,
01519-4503-5.zip,202602101146,利尻郡利尻富士町鬼脇字清川,34-1,,
01519-4503-5.zip,202602101146,利尻郡利尻富士町鬼脇字清川,32-1,,
01519-4503-5.zip,202602101146,利尻郡利尻富士町鬼脇字清川,31-1,,
01519-4503-5.zip,202602101146,利尻郡利尻富士町鬼脇字清川,30-1,,
01519-4503-5.zip,202602101146,利尻郡利尻富士町鬼脇字清川,30-3,,
01519-4503-5.zip,202602101146,利尻郡利尻富士町鬼脇字清川,29-1,,
01519-4503-5.zip,202602101146,利尻郡利尻富士町鬼脇字清川,28-1,,
01519-4503-5.zip,202602101146,利尻郡利尻富士町鬼脇字清川,28-3,,
01519-4503-5.zip,202602101146,利尻郡利尻富士町鬼脇字清川,29-2,,
01519-4503-5.zip,202602101146,利尻郡利尻富士町鬼脇字清川,31-3,,
01519-4503-5.zip,202602101146,利尻郡利尻富士町鬼脇字清川,31-2,,
01519-4503-5.zip,202602101146,利尻郡利尻富士町鬼脇字清川,32-2,,
01519-4503-5.zip,202602101146,利尻郡利尻富士町鬼脇字清川,37-1,,
01519-4503-5.zip,202602101146,利尻郡利尻富士町鬼脇字清川,37-2,,
01519-4503-5.zip,202602101146,利尻郡利尻富士町鬼脇字清川,38-1,,
01519-4503-5.zip,202602101146,利尻郡利尻富士町鬼脇字清川,38-2,,
01519-4503-5.zip,202602101146,利尻郡利尻富士町鬼脇字清川,36-1,,
01519-4503-5.zip,202602101146,利尻郡利尻富士町鬼脇字清川,35-2,,
01519-4503-5.zip,202602101146,利尻郡利尻富士町鬼脇字清川,34-2,,
01519-4503-5.zip,202602101146,利尻郡利尻富士町鬼脇字清川,道-124,,
01519-4503-5.zip,202602101146,利尻郡利尻富士町鬼脇字清川,30-2,,
01519-4503-5.zip,202602101146,利尻郡利尻富士町鬼脇字清川,40-1,,
01519-4503-5.zip,202602101146,利尻郡利尻富士町鬼脇字清川,道-125,,
01519-4503-5.zip,202602101146,利尻郡利尻富士町鬼脇字清川,40-2,,
01519-4503-5.zip,202602101146,利尻郡利尻富士町鬼脇字清川,41-1,,
01519-4503-5.zip,202602101146,利尻郡利尻富士町鬼脇字清川,221,,
01519-4503-5.zip,202602101146,利尻郡利尻富士町鬼脇字清川,119,,
01519-4503-5.zip,202602101146,利尻郡利尻富士町鬼脇字清川,122,,
01519-4503-5.zip,202602101146,利尻郡利尻富士町鬼脇字清川,121,,
01519-4503-5.zip,202602101146,利尻郡利尻富士町鬼脇字清川,120,,
01519-4503-5.zip,202602101146,利尻郡利尻富士町鬼脇字清川,125,,
01519-4503-5.zip,202602101146,利尻郡利尻富士町鬼脇字清川,129,,
01519-4503-5.zip,202602101146,利尻郡利尻富士町鬼脇字清川,136,,
01519-4503-5.zip,202602101146,利尻郡利尻富士町鬼脇字清川,126,,
01519-4503-5.zip,202602101146,利尻郡利尻富士町鬼脇字清川,127,,
01519-4503-5.zip,202602101146,利尻郡利尻富士町鬼脇字清川,128,,
01519-4503-5.zip,202602101146,利尻郡利尻富士町鬼脇字清川,道-126,,
01519-4503-5.zip,202602101146,利尻郡利尻富士町鬼脇字清川,道-127,,
01519-4503-5.zip,202602101146,利尻郡利尻富士町鬼脇字清川,132-4,,
01519-4503-5.zip,202602101146,利尻郡利尻富士町鬼脇字清川,132-3,,
01519-4503-5.zip,202602101146,利尻郡利尻富士町鬼脇字清川,130,,
01519-4503-5.zip,202602101146,利尻郡利尻富士町鬼脇字清川,132-1,,
01519-4503-5.zip,202602101146,利尻郡利尻富士町鬼脇字清川,131,,
01519-4503-5.zip,202602101146,利尻郡利尻富士町鬼脇字清川,135-1,,
01519-4503-5.zip,202602101146,利尻郡利尻富士町鬼脇字清川,135-2,,
01519-4503-5.zip,202602101146,利尻郡利尻富士町鬼脇字清川,134-1,,
01519-4503-5.zip,202602101146,利尻郡利尻富士町鬼脇字清川,道-128,,
01519-4503-5.zip,202602101146,利尻郡利尻富士町鬼脇字清川,134-2,,
01519-4503-5.zip,202602101146,利尻郡利尻富士町鬼脇字清川,133-2,,
01519-4503-5.zip,202602101146,利尻郡利尻富士町鬼脇字清川,132-2,,
01519-4503-5.zip,202602101146,利尻郡利尻富士町鬼脇字清川,133-1,,
01519-4503-5.zip,202602101146,利尻郡利尻富士町鬼脇字清川,41-2,,
01519-4503-5.zip,202602101146,利尻郡利尻富士町鬼脇字清川,道-129,,
01519-4503-5.zip,202602101146,利尻郡利尻富士町鬼脇字清川,28-2,,
01519-4503-5.zip,202602101146,利尻郡利尻富士町鬼脇字清川,長狭物不明-130,,
01519-4503-5.zip,202602101146,利尻郡利尻富士町鬼脇字清川,94,,
01519-4503-5.zip,202602101146,利尻郡利尻富士町鬼脇字清川,道-130,,
01519-4503-5.zip,202602101146,利尻郡利尻富士町鬼脇字清川,52,,
01519-4503-5.zip,202602101146,利尻郡利尻富士町鬼脇字清川,55,,
01519-4503-5.zip,202602101146,利尻郡利尻富士町鬼脇字清川,49-1,,
01519-4503-5.zip,202602101146,利尻郡利尻富士町鬼脇字清川,42-1,,
01519-4503-5.zip,202602101146,利尻郡利尻富士町鬼脇字清川,48-1,,
01519-4503-5.zip,202602101146,利尻郡利尻富士町鬼脇字清川,49-2,,
01519-4503-5.zip,202602101146,利尻郡利尻富士町鬼脇字清川,50,,
01519-4503-5.zip,202602101146,利尻郡利尻富士町鬼脇字清川,51,,
01519-4503-5.zip,202602101146,利尻郡利尻富士町鬼脇字清川,47-1,,
01519-4503-5.zip,202602101146,利尻郡利尻富士町鬼脇字清川,47-2,,
01519-4503-5.zip,202602101146,利尻郡利尻富士町鬼脇字清川,46-2,,
01519-4503-5.zip,202602101146,利尻郡利尻富士町鬼脇字清川,45-1,,
01519-4503-5.zip,202602101146,利尻郡利尻富士町鬼脇字清川,46-1,,
01519-4503-5.zip,202602101146,利尻郡利尻富士町鬼脇字清川,44-1,,
01519-4503-5.zip,202602101146,利尻郡利尻富士町鬼脇字清川,44-2,,
01519-4503-5.zip,202602101146,利尻郡利尻富士町鬼脇字清川,43-2,,
01519-4503-5.zip,202602101146,利尻郡利尻富士町鬼脇字清川,43-1,,
01519-4503-5.zip,202602101146,利尻郡利尻富士町鬼脇字清川,42-2,,
01519-4503-5.zip,202602101146,利尻郡利尻富士町鬼脇字清川,45-2,,
01519-4503-5.zip,202602101146,利尻郡利尻富士町鬼脇字清川,48-2,,
01519-4503-5.zip,202602101146,利尻郡利尻富士町鬼脇字清川,56-1,,
01519-4503-5.zip,202602101146,利尻郡利尻富士町鬼脇字清川,56-2,,
01519-4503-5.zip,202602101146,利尻郡利尻富士町鬼脇字清川,97-2,,
01519-4503-5.zip,202602101146,利尻郡利尻富士町鬼脇字清川,93,,
01519-4503-5.zip,202602101146,利尻郡利尻富士町鬼脇字清川,96,,
01519-4503-5.zip,202602101146,利尻郡利尻富士町鬼脇字清川,97-1,,
01519-4503-5.zip,202602101146,利尻郡利尻富士町鬼脇字清川,95,,
01519-4503-5.zip,202602101146,利尻郡利尻富士町鬼脇字清川,長狭物不明-131,,
01519-4503-5.zip,202602101146,利尻郡利尻富士町鬼脇字清川,長狭物不明-132,,
01519-4503-5.zip,202602101146,利尻郡利尻富士町鬼脇字清川,60-2,,
01519-4503-5.zip,202602101146,利尻郡利尻富士町鬼脇字清川,59-1,,
01519-4503-5.zip,202602101146,利尻郡利尻富士町鬼脇字清川,78,,
01519-4503-5.zip,202602101146,利尻郡利尻富士町鬼脇字清川,水-17,,
01519-4503-5.zip,202602101146,利尻郡利尻富士町鬼脇字清川,81,,
01519-4503-5.zip,202602101146,利尻郡利尻富士町鬼脇字清川,82,,
01519-4503-5.zip,202602101146,利尻郡利尻富士町鬼脇字清川,83,,
01519-4503-5.zip,202602101146,利尻郡利尻富士町鬼脇字清川,89,,
01519-4503-5.zip,202602101146,利尻郡利尻富士町鬼脇字清川,90-1,,
01519-4503-5.zip,202602101146,利尻郡利尻富士町鬼脇字清川,91-1,,
01519-4503-5.zip,202602101146,利尻郡利尻富士町鬼脇字清川,91-2,,
01519-4503-5.zip,202602101146,利尻郡利尻富士町鬼脇字清川,88,,
01519-4503-5.zip,202602101146,利尻郡利尻富士町鬼脇字清川,87-1,,
01519-4503-5.zip,202602101146,利尻郡利尻富士町鬼脇字清川,84,,
01519-4503-5.zip,202602101146,利尻郡利尻富士町鬼脇字清川,85,,
01519-4503-5.zip,202602101146,利尻郡利尻富士町鬼脇字清川,79,,
01519-4503-5.zip,202602101146,利尻郡利尻富士町鬼脇字清川,80,,
01519-4503-5.zip,202602101146,利尻郡利尻富士町鬼脇字清川,77,,
01519-4503-5.zip,202602101146,利尻郡利尻富士町鬼脇字清川,76,,
01519-4503-5.zip,202602101146,利尻郡利尻富士町鬼脇字清川,75,,
01519-4503-5.zip,202602101146,利尻郡利尻富士町鬼脇字清川,86-1,,
01519-4503-5.zip,202602101146,利尻郡利尻富士町鬼脇字清川,74,,
01519-4503-5.zip,202602101146,利尻郡利尻富士町鬼脇字清川,73,,
01519-4503-5.zip,202602101146,利尻郡利尻富士町鬼脇字清川,68-1,,
01519-4503-5.zip,202602101146,利尻郡利尻富士町鬼脇字清川,道-131,,
01519-4503-5.zip,202602101146,利尻郡利尻富士町鬼脇字清川,69,,
01519-4503-5.zip,202602101146,利尻郡利尻富士町鬼脇字清川,道-132,,
01519-4503-5.zip,202602101146,利尻郡利尻富士町鬼脇字清川,72-1,,
01519-4503-5.zip,202602101146,利尻郡利尻富士町鬼脇字清川,71,,
01519-4503-5.zip,202602101146,利尻郡利尻富士町鬼脇字清川,70-1,,
01519-4503-5.zip,202602101146,利尻郡利尻富士町鬼脇字清川,72-2,,
01519-4503-5.zip,202602101146,利尻郡利尻富士町鬼脇字清川,87-2,,
01519-4503-5.zip,202602101146,利尻郡利尻富士町鬼脇字清川,68-2,,
01519-4503-5.zip,202602101146,利尻郡利尻富士町鬼脇字清川,70-2,,
01519-4503-5.zip,202602101146,利尻郡利尻富士町鬼脇字清川,57-1,,
01519-4503-5.zip,202602101146,利尻郡利尻富士町鬼脇字清川,58,,
01519-4503-5.zip,202602101146,利尻郡利尻富士町鬼脇字清川,道-133,,
01519-4503-5.zip,202602101146,利尻郡利尻富士町鬼脇字清川,57-2,,
01519-4503-5.zip,202602101146,利尻郡利尻富士町鬼脇字清川,59-2,,
01519-4503-5.zip,202602101146,利尻郡利尻富士町鬼脇字清川,63-2,,
01519-4503-5.zip,202602101146,利尻郡利尻富士町鬼脇字清川,64,,
01519-4503-5.zip,202602101146,利尻郡利尻富士町鬼脇字清川,62-2,,
01519-4503-5.zip,202602101146,利尻郡利尻富士町鬼脇字清川,61-1,,
01519-4503-5.zip,202602101146,利尻郡利尻富士町鬼脇字清川,61-2,,
01519-4503-5.zip,202602101146,利尻郡利尻富士町鬼脇字清川,60-1,,
01519-4503-5.zip,202602101146,利尻郡利尻富士町鬼脇字清川,62-1,,
01519-4503-5.zip,202602101146,利尻郡利尻富士町鬼脇字清川,62-3,,
01519-4503-5.zip,202602101146,利尻郡利尻富士町鬼脇字清川,63-1,,
01519-4503-5.zip,202602101146,利尻郡利尻富士町鬼脇字清川,66,,
01519-4503-5.zip,202602101146,利尻郡利尻富士町鬼脇字清川,67,,
01519-4503-5.zip,202602101146,利尻郡利尻富士町鬼脇字清川,90-2,,
01519-4503-5.zip,202602101146,利尻郡利尻富士町鬼脇字清川,86-2,,
01519-4503-5.zip,202602101146,利尻郡利尻富士町鬼脇字南浜,154-1,,
01519-4503-5.zip,202602101146,利尻郡利尻富士町鬼脇字南浜,154-5,,
01519-4503-5.zip,202602101146,利尻郡利尻富士町鬼脇字南浜,長狭物不明-59,,
01519-4503-5.zip,202602101146,利尻郡利尻富士町鬼脇字南浜,144,,
01519-4503-5.zip,202602101146,利尻郡利尻富士町鬼脇字南浜,140-3,,
01519-4503-5.zip,202602101146,利尻郡利尻富士町鬼脇字南浜,140-1,,
01519-4503-5.zip,202602101146,利尻郡利尻富士町鬼脇字南浜,141-1,,
01519-4503-5.zip,202602101146,利尻郡利尻富士町鬼脇字南浜,156-1,,
01519-4503-5.zip,202602101146,利尻郡利尻富士町鬼脇字南浜,154-6,,
01519-4503-5.zip,202602101146,利尻郡利尻富士町鬼脇字南浜,154-2,,
01519-4503-5.zip,202602101146,利尻郡利尻富士町鬼脇字南浜,159,,
01519-4503-5.zip,202602101146,利尻郡利尻富士町鬼脇字南浜,154-4,,
01519-4503-5.zip,202602101146,利尻郡利尻富士町鬼脇字金崎,長狭物不明-107,,
01519-4503-5.zip,202602101146,利尻郡利尻富士町鬼脇字金崎,長狭物不明-113,,
01519-4503-5.zip,202602101146,利尻郡利尻富士町鬼脇字金崎,293,,
01519-4503-5.zip,202602101146,利尻郡利尻富士町鬼脇字金崎,572,,
01519-4503-5.zip,202602101146,利尻郡利尻富士町鬼脇字沼浦,106V1,,
01519-4503-5.zip,202602101146,利尻郡利尻富士町鬼脇字沼浦,106V2,,
01519-4503-5.zip,202602101146,利尻郡利尻富士町鬼脇字鬼脇,102-6,,
01519-4503-5.zip,202602101146,利尻郡利尻富士町鬼脇字鬼脇,筆界未定地-7,,
01519-4503-5.zip,202602101146,利尻郡利尻富士町鬼脇字鬼脇,102-7,,
01519-4503-5.zip,202602101146,利尻郡利尻富士町鬼脇字鬼脇,481,,
01519-4503-5.zip,202602101146,利尻郡利尻富士町鬼脇字鬼脇,480,,
01519-4503-5.zip,202602101146,利尻郡利尻富士町鬼脇字鬼脇,482,,
01519-4503-5.zip,202602101146,利尻郡利尻富士町鬼脇字鬼脇,483,,
01519-4503-5.zip,202602101146,利尻郡利尻富士町鬼脇字鬼脇,478,,
01519-4503-5.zip,202602101146,利尻郡利尻富士町鬼脇字鬼脇,484,,
01519-4503-5.zip,202602101146,利尻郡利尻富士町鬼脇字鬼脇,485,,
01519-4503-5.zip,202602101146,利尻郡利尻富士町鬼脇字鬼脇,486,,
01519-4503-5.zip,202602101146,利尻郡利尻富士町鬼脇字鬼脇,487,,
01519-4503-5.zip,202602101146,利尻郡利尻富士町鬼脇字鬼脇,489,,
01519-4503-5.zip,202602101146,利尻郡利尻富士町鬼脇字鬼脇,水-15-1,,
01519-4503-5.zip,202602101146,利尻郡利尻富士町鬼脇字鬼脇,488,,
01519-4503-5.zip,202602101146,利尻郡利尻富士町鬼脇字鬼脇,490,,
01519-4503-5.zip,202602101146,利尻郡利尻富士町鬼脇字鬼脇,491,,
01519-4503-5.zip,202602101146,利尻郡利尻富士町鬼脇字鬼脇,492,,
01519-4503-5.zip,202602101146,利尻郡利尻富士町鬼脇字鬼脇,493,,
01519-4503-5.zip,202602101146,利尻郡利尻富士町鬼脇字鬼脇,494,,
01519-4503-5.zip,202602101146,利尻郡利尻富士町鬼脇字鬼脇,496,,
01519-4503-5.zip,202602101146,利尻郡利尻富士町鬼脇字鬼脇,497,,
01519-4503-5.zip,202602101146,利尻郡利尻富士町鬼脇字鬼脇,495,,
01519-4503-5.zip,202602101146,利尻郡利尻富士町鬼脇字鬼脇,498,,
01519-4503-5.zip,202602101146,利尻郡利尻富士町鬼脇字鬼脇,501,,
01519-4503-5.zip,202602101146,利尻郡利尻富士町鬼脇字鬼脇,7,,
01519-4503-5.zip,202602101146,利尻郡利尻富士町鬼脇字鬼脇,499-2,,
01519-4503-5.zip,202602101146,利尻郡利尻富士町鬼脇字鬼脇,499-1,,
01519-4503-5.zip,202602101146,利尻郡利尻富士町鬼脇字鬼脇,9,,
01519-4503-5.zip,202602101146,利尻郡利尻富士町鬼脇字鬼脇,502,,
01519-4503-5.zip,202602101146,利尻郡利尻富士町鬼脇字鬼脇,503,,
01519-4503-5.zip,202602101146,利尻郡利尻富士町鬼脇字鬼脇,500,,
01519-4503-5.zip,202602101146,利尻郡利尻富士町鬼脇字鬼脇,504,,
01519-4503-5.zip,202602101146,利尻郡利尻富士町鬼脇字鬼脇,505,,
01519-4503-5.zip,202602101146,利尻郡利尻富士町鬼脇字鬼脇,長狭物不明-116,,
01519-4503-5.zip,202602101146,利尻郡利尻富士町鬼脇字鬼脇,31,,
01519-4503-5.zip,202602101146,利尻郡利尻富士町鬼脇字鬼脇,507,,
01519-4503-5.zip,202602101146,利尻郡利尻富士町鬼脇字鬼脇,506,,
01519-4503-5.zip,202602101146,利尻郡利尻富士町鬼脇字鬼脇,508,,
01519-4503-5.zip,202602101146,利尻郡利尻富士町鬼脇字鬼脇,509,,
01519-4503-5.zip,202602101146,利尻郡利尻富士町鬼脇字鬼脇,510,,
01519-4503-5.zip,202602101146,利尻郡利尻富士町鬼脇字鬼脇,511,,
01519-4503-5.zip,202602101146,利尻郡利尻富士町鬼脇字鬼脇,512,,
01519-4503-5.zip,202602101146,利尻郡利尻富士町鬼脇字鬼脇,水-12,,
01519-4503-5.zip,202602101146,利尻郡利尻富士町鬼脇字鬼脇,51-1,,
01519-4503-5.zip,202602101146,利尻郡利尻富士町鬼脇字鬼脇,51-2,,
01519-4503-5.zip,202602101146,利尻郡利尻富士町鬼脇字鬼脇,51-3,,
01519-4503-5.zip,202602101146,利尻郡利尻富士町鬼脇字鬼脇,51-4,,
01519-4503-5.zip,202602101146,利尻郡利尻富士町鬼脇字鬼脇,51-5,,
01519-4503-5.zip,202602101146,利尻郡利尻富士町鬼脇字鬼脇,54-1,,
01519-4503-5.zip,202602101146,利尻郡利尻富士町鬼脇字鬼脇,54-2,,
01519-4503-5.zip,202602101146,利尻郡利尻富士町鬼脇字鬼脇,52,,
01519-4503-5.zip,202602101146,利尻郡利尻富士町鬼脇字鬼脇,11-1,,
01519-4503-5.zip,202602101146,利尻郡利尻富士町鬼脇字鬼脇,11-2,,
01519-4503-5.zip,202602101146,利尻郡利尻富士町鬼脇字鬼脇,12,,
01519-4503-5.zip,202602101146,利尻郡利尻富士町鬼脇字鬼脇,長狭物不明-113,,
01519-4503-5.zip,202602101146,利尻郡利尻富士町鬼脇字鬼脇,184-4,,
01519-4503-5.zip,202602101146,利尻郡利尻富士町鬼脇字鬼脇,184-6,,
01519-4503-5.zip,202602101146,利尻郡利尻富士町鬼脇字鬼脇,185-1,,
01519-4503-5.zip,202602101146,利尻郡利尻富士町鬼脇字鬼脇,185-3,,
01519-4503-5.zip,202602101146,利尻郡利尻富士町鬼脇字鬼脇,185-2,,
01519-4503-6.zip,202602101146,利尻郡利尻富士町鬼脇字沼浦,筆界未定地-1,利尻郡利尻富士町鬼脇字沼浦,181-1
01519-4503-6.zip,202602101146,利尻郡利尻富士町鬼脇字沼浦,筆界未定地-1,利尻郡利尻富士町鬼脇字沼浦,181-2
01519-4503-6.zip,202602101146,利尻郡利尻富士町鬼脇字沼浦,長狭物不明-1,,
01519-4503-6.zip,202602101146,利尻郡利尻富士町鬼脇字沼浦,長狭物不明-2,,
01519-4503-6.zip,202602101146,利尻郡利尻富士町鬼脇字沼浦,長狭物不明-3,,
01519-4503-6.zip,202602101146,利尻郡利尻富士町鬼脇字沼浦,長狭物不明-4,,
01519-4503-6.zip,202602101146,利尻郡利尻富士町鬼脇字沼浦,279,,
01519-4503-6.zip,202602101146,利尻郡利尻富士町鬼脇字沼浦,278,,
01519-4503-6.zip,202602101146,利尻郡利尻富士町鬼脇字沼浦,277,,
01519-4503-6.zip,202602101146,利尻郡利尻富士町鬼脇字沼浦,280,,
01519-4503-7.zip,202602101146,利尻郡利尻富士町鬼脇字野中,134,,
01519-4503-7.zip,202602101146,利尻郡利尻富士町鬼脇字野中,長狭物不明-1,,
01519-4503-7.zip,202602101146,利尻郡利尻富士町鬼脇字南浜,2,,
01519-4503-7.zip,202602101146,利尻郡利尻富士町鬼脇字南浜,3,,
01519-4503-7.zip,202602101146,利尻郡利尻富士町鬼脇字南浜,4,,
01519-4503-7.zip,202602101146,利尻郡利尻富士町鬼脇字南浜,5,,
01519-4503-7.zip,202602101146,利尻郡利尻富士町鬼脇字南浜,325,,
01519-4503-7.zip,202602101146,利尻郡利尻富士町鬼脇字南浜,長狭物不明-2,,
01519-4503-7.zip,202602101146,利尻郡利尻富士町鬼脇字南浜,311,,
01519-4503-7.zip,202602101146,利尻郡利尻富士町鬼脇字南浜,312,,
01519-4503-7.zip,202602101146,利尻郡利尻富士町鬼脇字南浜,314,,
01519-4503-7.zip,202602101146,利尻郡利尻富士町鬼脇字南浜,316,,
01519-4503-7.zip,202602101146,利尻郡利尻富士町鬼脇字南浜,318,,
01519-4503-7.zip,202602101146,利尻郡利尻富士町鬼脇字南浜,315,,
01519-4503-7.zip,202602101146,利尻郡利尻富士町鬼脇字南浜,327,,
01519-4503-7.zip,202602101146,利尻郡利尻富士町鬼脇字南浜,326,,
01519-4503-7.zip,202602101146,利尻郡利尻富士町鬼脇字南浜,329,,
01519-4503-7.zip,202602101146,利尻郡利尻富士町鬼脇字南浜,324,,
01519-4503-7.zip,202602101146,利尻郡利尻富士町鬼脇字南浜,321,,
01519-4503-7.zip,202602101146,利尻郡利尻富士町鬼脇字南浜,322,,
01519-4503-7.zip,202602101146,利尻郡利尻富士町鬼脇字南浜,323,,
01519-4503-7.zip,202602101146,利尻郡利尻富士町鬼脇字南浜,317,,
01519-4503-7.zip,202602101146,利尻郡利尻富士町鬼脇字南浜,313,,
01519-4503-7.zip,202602101146,利尻郡利尻富士町鬼脇字南浜,310,,
01519-4503-7.zip,202602101146,利尻郡利尻富士町鬼脇字南浜,309,,
01519-4503-7.zip,202602101146,利尻郡利尻富士町鬼脇字南浜,308,,
01519-4503-7.zip,202602101146,利尻郡利尻富士町鬼脇字南浜,307,,
01519-4503-7.zip,202602101146,利尻郡利尻富士町鬼脇字南浜,長狭物不明-3,,
01519-4503-7.zip,202602101146,利尻郡利尻富士町鬼脇字南浜,304,,
01519-4503-7.zip,202602101146,利尻郡利尻富士町鬼脇字南浜,305,,
01519-4503-7.zip,202602101146,利尻郡利尻富士町鬼脇字南浜,306,,
01519-4503-7.zip,202602101146,利尻郡利尻富士町鬼脇字南浜,319,,
01519-4503-7.zip,202602101146,利尻郡利尻富士町鬼脇字南浜,320,,
01519-4503-8.zip,202602101146,利尻郡利尻富士町鬼脇字石崎,長狭物不明-1,,
01519-4503-8.zip,202602101146,利尻郡利尻富士町鬼脇字石崎,長狭物不明-2,,
01519-4503-8.zip,202602101146,利尻郡利尻富士町鬼脇字旭浜,水-1,,
01519-4503-8.zip,202602101146,利尻郡利尻富士町鬼脇字旭浜,長狭物不明-3,,
01519-4503-8.zip,202602101146,利尻郡利尻富士町鬼脇字二石,水-2,,
01519-4503-8.zip,202602101146,利尻郡利尻富士町鬼脇字旭浜,長狭物不明-4,,
01519-4503-8.zip,202602101146,利尻郡利尻富士町鬼脇字旭浜,水-4,,
01519-4503-8.zip,202602101146,利尻郡利尻富士町鬼脇字二石,長狭物不明-5,,
01519-4503-8.zip,202602101146,利尻郡利尻富士町鬼脇字二石,長狭物不明-6,,
01519-4503-8.zip,202602101146,利尻郡利尻富士町鬼脇字石崎,長狭物不明-7,,
01519-4503-8.zip,202602101146,利尻郡利尻富士町鬼脇字石崎,長狭物不明-8,,
01519-4503-8.zip,202602101146,利尻郡利尻富士町鬼脇字鰊泊,長狭物不明-11,,
01519-4503-8.zip,202602101146,利尻郡利尻富士町鬼脇字鰊泊,長狭物不明-13,,
01519-4503-8.zip,202602101146,利尻郡利尻富士町鬼脇字鰊泊,長狭物不明-14,,
01519-4503-8.zip,202602101146,利尻郡利尻富士町鬼脇字鰊泊,長狭物不明-15,,
01519-4503-8.zip,202602101146,利尻郡利尻富士町鬼脇字鰊泊,長狭物不明-16,,
01519-4503-8.zip,202602101146,利尻郡利尻富士町鬼脇字鰊泊,長狭物不明-17,,
01519-4503-8.zip,202602101146,利尻郡利尻富士町鬼脇字鰊泊,長狭物不明-18,,
01519-4503-8.zip,202602101146,利尻郡利尻富士町鬼脇字鰊泊,長狭物不明-19,,
01519-4503-8.zip,202602101146,利尻郡利尻富士町鬼脇字鰊泊,長狭物不明-20,,
01519-4503-8.zip,202602101146,利尻郡利尻富士町鬼脇字鰊泊,長狭物不明-21,,
01519-4503-8.zip,202602101146,利尻郡利尻富士町鬼脇字旭浜,長狭物不明-22,,
01519-4503-8.zip,202602101146,利尻郡利尻富士町鬼脇字旭浜,筆界未定地-1,利尻郡利尻富士町鬼脇字旭浜,257-1
01519-4503-8.zip,202602101146,利尻郡利尻富士町鬼脇字旭浜,筆界未定地-1,利尻郡利尻富士町鬼脇字旭浜,257-2
01519-4503-8.zip,202602101146,利尻郡利尻富士町鬼脇字旭浜,筆界未定地-2,利尻郡利尻富士町鬼脇字旭浜,241-1
01519-4503-8.zip,202602101146,利尻郡利尻富士町鬼脇字旭浜,筆界未定地-2,利尻郡利尻富士町鬼脇字旭浜,241-2
01519-4503-8.zip,202602101146,利尻郡利尻富士町鬼脇字石崎,筆界未定地-4,利尻郡利尻富士町鬼脇字石崎,338
01519-4503-8.zip,202602101146,利尻郡利尻富士町鬼脇字石崎,筆界未定地-4,利尻郡利尻富士町鬼脇字石崎,339
01519-4503-8.zip,202602101146,利尻郡利尻富士町鬼脇字石崎,筆界未定地-4,利尻郡利尻富士町鬼脇字石崎,340
01519-4503-8.zip,202602101146,利尻郡利尻富士町鬼脇字鰊泊,筆界未定地-6,利尻郡利尻富士町鬼脇字鰊泊,375
01519-4503-8.zip,202602101146,利尻郡利尻富士町鬼脇字鰊泊,筆界未定地-6,利尻郡利尻富士町鬼脇字鰊泊,376-1
01519-4503-8.zip,202602101146,利尻郡利尻富士町鬼脇字鰊泊,筆界未定地-6,利尻郡利尻富士町鬼脇字鰊泊,376-2
01519-4503-8.zip,202602101146,利尻郡利尻富士町鬼脇字鰊泊,筆界未定地-6,利尻郡利尻富士町鬼脇字鰊泊,376-3
01519-4503-8.zip,202602101146,利尻郡利尻富士町鬼脇字旭浜,筆界未定地-7,利尻郡利尻富士町鬼脇字旭浜,284
01519-4503-8.zip,202602101146,利尻郡利尻富士町鬼脇字旭浜,筆界未定地-7,利尻郡利尻富士町鬼脇字旭浜,285
01519-4503-8.zip,202602101146,利尻郡利尻富士町鬼脇字鰊泊,筆界未定地-8,利尻郡利尻富士町鬼脇字鰊泊,425-1
01519-4503-8.zip,202602101146,利尻郡利尻富士町鬼脇字鰊泊,筆界未定地-8,利尻郡利尻富士町鬼脇字鰊泊,425-2
01519-4503-8.zip,202602101146,利尻郡利尻富士町鬼脇字旭浜,筆界未定地-9,利尻郡利尻富士町鬼脇字旭浜,231-1
01519-4503-8.zip,202602101146,利尻郡利尻富士町鬼脇字旭浜,筆界未定地-9,利尻郡利尻富士町鬼脇字旭浜,231-2
01519-4503-8.zip,202602101146,利尻郡利尻富士町鬼脇字旭浜,筆界未定地-10,利尻郡利尻富士町鬼脇字旭浜,269-1
01519-4503-8.zip,202602101146,利尻郡利尻富士町鬼脇字旭浜,筆界未定地-10,利尻郡利尻富士町鬼脇字旭浜,269-2
01519-4503-8.zip,202602101146,利尻郡利尻富士町鬼脇字石崎,筆界未定地-13,利尻郡利尻富士町鬼脇字石崎,413
01519-4503-8.zip,202602101146,利尻郡利尻富士町鬼脇字石崎,筆界未定地-13,利尻郡利尻富士町鬼脇字石崎,413-2
01519-4503-8.zip,202602101146,利尻郡利尻富士町鬼脇字鰊泊,筆界未定地-14,利尻郡利尻富士町鬼脇字鰊泊,326
01519-4503-8.zip,202602101146,利尻郡利尻富士町鬼脇字鰊泊,筆界未定地-14,利尻郡利尻富士町鬼脇字鰊泊,327
01519-4503-8.zip,202602101146,利尻郡利尻富士町鬼脇字鰊泊,筆界未定地-14,利尻郡利尻富士町鬼脇字鰊泊,328
01519-4503-8.zip,202602101146,利尻郡利尻富士町鬼脇字鰊泊,筆界未定地-14,利尻郡利尻富士町鬼脇字鰊泊,329
01519-4503-8.zip,202602101146,利尻郡利尻富士町鬼脇字鰊泊,筆界未定地-14,利尻郡利尻富士町鬼脇字鰊泊,330
01519-4503-8.zip,202602101146,利尻郡利尻富士町鬼脇字鰊泊,筆界未定地-14,利尻郡利尻富士町鬼脇字鰊泊,331
01519-4503-8.zip,202602101146,利尻郡利尻富士町鬼脇字鰊泊,筆界未定地-14,利尻郡利尻富士町鬼脇字鰊泊,332
01519-4503-8.zip,202602101146,利尻郡利尻富士町鬼脇字鰊泊,筆界未定地-14,利尻郡利尻富士町鬼脇字鰊泊,333
01519-4503-8.zip,202602101146,利尻郡利尻富士町鬼脇字鰊泊,筆界未定地-14,利尻郡利尻富士町鬼脇字鰊泊,334
01519-4503-8.zip,202602101146,利尻郡利尻富士町鬼脇字鰊泊,筆界未定地-14,利尻郡利尻富士町鬼脇字鰊泊,335
01519-4503-8.zip,202602101146,利尻郡利尻富士町鬼脇字鰊泊,筆界未定地-14,利尻郡利尻富士町鬼脇字鰊泊,336
01519-4503-8.zip,202602101146,利尻郡利尻富士町鬼脇字鰊泊,筆界未定地-14,利尻郡利尻富士町鬼脇字鰊泊,337
01519-4503-8.zip,202602101146,利尻郡利尻富士町鬼脇字鰊泊,筆界未定地-14,利尻郡利尻富士町鬼脇字鰊泊,338
01519-4503-8.zip,202602101146,利尻郡利尻富士町鬼脇字鰊泊,筆界未定地-14,利尻郡利尻富士町鬼脇字鰊泊,339
01519-4503-8.zip,202602101146,利尻郡利尻富士町鬼脇字鰊泊,筆界未定地-14,利尻郡利尻富士町鬼脇字鰊泊,340
01519-4503-8.zip,202602101146,利尻郡利尻富士町鬼脇字鰊泊,筆界未定地-14,利尻郡利尻富士町鬼脇字鰊泊,341
01519-4503-8.zip,202602101146,利尻郡利尻富士町鬼脇字鰊泊,筆界未定地-14,利尻郡利尻富士町鬼脇字鰊泊,342
01519-4503-8.zip,202602101146,利尻郡利尻富士町鬼脇字鰊泊,筆界未定地-14,利尻郡利尻富士町鬼脇字鰊泊,343
01519-4503-8.zip,202602101146,利尻郡利尻富士町鬼脇字鰊泊,筆界未定地-16,利尻郡利尻富士町鬼脇字鰊泊,352
01519-4503-8.zip,202602101146,利尻郡利尻富士町鬼脇字鰊泊,筆界未定地-16,利尻郡利尻富士町鬼脇字鰊泊,354
01519-4503-8.zip,202602101146,利尻郡利尻富士町鬼脇字鰊泊,筆界未定地-16,利尻郡利尻富士町鬼脇字鰊泊,365-1
01519-4503-8.zip,202602101146,利尻郡利尻富士町鬼脇字鰊泊,筆界未定地-16,利尻郡利尻富士町鬼脇字鰊泊,365-2
01519-4503-8.zip,202602101146,利尻郡利尻富士町鬼脇字鰊泊,筆界未定地-16,利尻郡利尻富士町鬼脇字鰊泊,365-3
01519-4503-8.zip,202602101146,利尻郡利尻富士町鬼脇字鰊泊,筆界未定地-16,利尻郡利尻富士町鬼脇字鰊泊,365-4
01519-4503-8.zip,202602101146,利尻郡利尻富士町鬼脇字鰊泊,筆界未定地-16,利尻郡利尻富士町鬼脇字鰊泊,365-5
01519-4503-8.zip,202602101146,利尻郡利尻富士町鬼脇字鰊泊,筆界未定地-16,利尻郡利尻富士町鬼脇字鰊泊,556
01519-4503-8.zip,202602101146,利尻郡利尻富士町鬼脇字鰊泊,筆界未定地-17,利尻郡利尻富士町鬼脇字鰊泊,401
01519-4503-8.zip,202602101146,利尻郡利尻富士町鬼脇字鰊泊,筆界未定地-17,利尻郡利尻富士町鬼脇字鰊泊,402
01519-4503-8.zip,202602101146,利尻郡利尻富士町鬼脇字鰊泊,筆界未定地-18,利尻郡利尻富士町鬼脇字鰊泊,464
01519-4503-8.zip,202602101146,利尻郡利尻富士町鬼脇字鰊泊,筆界未定地-18,利尻郡利尻富士町鬼脇字鰊泊,465
01519-4503-8.zip,202602101146,利尻郡利尻富士町鬼脇字鰊泊,筆界未定地-19,利尻郡利尻富士町鬼脇字鰊泊,449
01519-4503-8.zip,202602101146,利尻郡利尻富士町鬼脇字鰊泊,筆界未定地-19,利尻郡利尻富士町鬼脇字鰊泊,450
01519-4503-8.zip,202602101146,利尻郡利尻富士町鬼脇字旭浜,筆界未定地-20,利尻郡利尻富士町鬼脇字旭浜,321
01519-4503-8.zip,202602101146,利尻郡利尻富士町鬼脇字旭浜,筆界未定地-20,利尻郡利尻富士町鬼脇字旭浜,322
01519-4503-8.zip,202602101146,利尻郡利尻富士町鬼脇字旭浜,筆界未定地-21,利尻郡利尻富士町鬼脇字旭浜,329
01519-4503-8.zip,202602101146,利尻郡利尻富士町鬼脇字旭浜,筆界未定地-21,利尻郡利尻富士町鬼脇字旭浜,330
01519-4503-8.zip,202602101146,利尻郡利尻富士町鬼脇字旭浜,筆界未定地-22,利尻郡利尻富士町鬼脇字旭浜,305-1
01519-4503-8.zip,202602101146,利尻郡利尻富士町鬼脇字旭浜,筆界未定地-22,利尻郡利尻富士町鬼脇字旭浜,305-2
01519-4503-8.zip,202602101146,利尻郡利尻富士町鬼脇字鰊泊,筆界未定地-23,利尻郡利尻富士町鬼脇字鰊泊,586-1
01519-4503-8.zip,202602101146,利尻郡利尻富士町鬼脇字鰊泊,筆界未定地-23,利尻郡利尻富士町鬼脇字鰊泊,586-2
01519-4503-8.zip,202602101146,利尻郡利尻富士町鬼脇字旭浜,長狭物不明-23,,
01519-4503-8.zip,202602101146,利尻郡利尻富士町鬼脇字旭浜,264-3,,
01519-4503-8.zip,202602101146,利尻郡利尻富士町鬼脇字鰊泊,366,,
01519-4503-8.zip,202602101146,利尻郡利尻富士町鬼脇字鰊泊,384,,
01519-4503-8.zip,202602101146,利尻郡利尻富士町鬼脇字旭浜,315,,
01519-4503-8.zip,202602101146,利尻郡利尻富士町,地区外-703831,,
01519-4503-8.zip,202602101146,利尻郡利尻富士町鬼脇字鰊泊,460,,
01519-4503-8.zip,202602101146,利尻郡利尻富士町鬼脇字鰊泊,水-5,,
01519-4503-8.zip,202602101146,利尻郡利尻富士町鬼脇字鰊泊,471,,
01519-4503-8.zip,202602101146,利尻郡利尻富士町鬼脇字鰊泊,482,,
01519-4503-8.zip,202602101146,利尻郡利尻富士町鬼脇字石崎,419-5,,
01519-4503-8.zip,202602101146,利尻郡利尻富士町鬼脇字二石,417-1,,
01519-4503-8.zip,202602101146,利尻郡利尻富士町,地区外-703839,,
01519-4503-8.zip,202602101146,利尻郡利尻富士町,地区外-703840,,
01519-4503-8.zip,202602101146,利尻郡利尻富士町,地区外-703841,,
01519-4503-8.zip,202602101146,利尻郡利尻富士町,地区外-703842,,
01519-4503-8.zip,202602101146,利尻郡利尻富士町鬼脇字鰊泊,523,,
01519-4503-8.zip,202602101146,利尻郡利尻富士町鬼脇字鰊泊,513,,
01519-4503-8.zip,202602101146,利尻郡利尻富士町鬼脇字鰊泊,499,,
01519-4503-8.zip,202602101146,利尻郡利尻富士町鬼脇字鰊泊,498,,
01519-4503-8.zip,202602101146,利尻郡利尻富士町鬼脇字鰊泊,512,,
01519-4503-8.zip,202602101146,利尻郡利尻富士町鬼脇字鰊泊,511,,
01519-4503-8.zip,202602101146,利尻郡利尻富士町鬼脇字鰊泊,515,,
01519-4503-8.zip,202602101146,利尻郡利尻富士町鬼脇字鰊泊,514,,
01519-4503-8.zip,202602101146,利尻郡利尻富士町鬼脇字鰊泊,522,,
01519-4503-8.zip,202602101146,利尻郡利尻富士町鬼脇字鰊泊,水-6,,
01519-4503-8.zip,202602101146,利尻郡利尻富士町鬼脇字鰊泊,501,,
01519-4503-8.zip,202602101146,利尻郡利尻富士町鬼脇字鰊泊,水-7,,
01519-4503-8.zip,202602101146,利尻郡利尻富士町鬼脇字鰊泊,495,,
01519-4503-8.zip,202602101146,利尻郡利尻富士町鬼脇字鰊泊,497,,
01519-4503-8.zip,202602101146,利尻郡利尻富士町鬼脇字鰊泊,500,,
01519-4503-8.zip,202602101146,利尻郡利尻富士町,地区外-703858,,
01519-4503-8.zip,202602101146,利尻郡利尻富士町鬼脇字鰊泊,水-8,,
01519-4503-8.zip,202602101146,利尻郡利尻富士町鬼脇字鰊泊,550,,
01519-4503-8.zip,202602101146,利尻郡利尻富士町鬼脇字鰊泊,水-9,,
01519-4503-8.zip,202602101146,利尻郡利尻富士町鬼脇字鰊泊,542,,
01519-4503-8.zip,202602101146,利尻郡利尻富士町鬼脇字鰊泊,532,,
01519-4503-8.zip,202602101146,利尻郡利尻富士町鬼脇字鰊泊,551,,
01519-4503-8.zip,202602101146,利尻郡利尻富士町鬼脇字鰊泊,水-10,,
01519-4503-8.zip,202602101146,利尻郡利尻富士町鬼脇字鰊泊,543,,
01519-4503-8.zip,202602101146,利尻郡利尻富士町鬼脇字鰊泊,531,,
01519-4503-8.zip,202602101146,利尻郡利尻富士町鬼脇字鰊泊,549,,
01519-4503-8.zip,202602101146,利尻郡利尻富士町鬼脇字鰊泊,552,,
01519-4503-8.zip,202602101146,利尻郡利尻富士町鬼脇字鰊泊,548,,
01519-4503-8.zip,202602101146,利尻郡利尻富士町鬼脇字鰊泊,547,,
01519-4503-8.zip,202602101146,利尻郡利尻富士町鬼脇字鰊泊,540,,
01519-4503-8.zip,202602101146,利尻郡利尻富士町鬼脇字鰊泊,545,,
01519-4503-8.zip,202602101146,利尻郡利尻富士町鬼脇字鰊泊,544,,
01519-4503-8.zip,202602101146,利尻郡利尻富士町鬼脇字鰊泊,534,,
01519-4503-8.zip,202602101146,利尻郡利尻富士町鬼脇字鰊泊,530,,
01519-4503-8.zip,202602101146,利尻郡利尻富士町鬼脇字鰊泊,524,,
01519-4503-8.zip,202602101146,利尻郡利尻富士町鬼脇字鰊泊,521,,
01519-4503-8.zip,202602101146,利尻郡利尻富士町鬼脇字鰊泊,525,,
01519-4503-8.zip,202602101146,利尻郡利尻富士町鬼脇字鰊泊,533,,
01519-4503-8.zip,202602101146,利尻郡利尻富士町鬼脇字鰊泊,541,,
01519-4503-8.zip,202602101146,利尻郡利尻富士町,地区外-703882,,
01519-4503-8.zip,202602101146,利尻郡利尻富士町鬼脇字鰊泊,582,,
01519-4503-8.zip,202602101146,利尻郡利尻富士町鬼脇字鰊泊,水-11,,
01519-4503-8.zip,202602101146,利尻郡利尻富士町鬼脇字鰊泊,572,,
01519-4503-8.zip,202602101146,利尻郡利尻富士町鬼脇字鰊泊,水-12,,
01519-4503-8.zip,202602101146,利尻郡利尻富士町鬼脇字鰊泊,564,,
01519-4503-8.zip,202602101146,利尻郡利尻富士町鬼脇字鰊泊,水-13,,
01519-4503-8.zip,202602101146,利尻郡利尻富士町鬼脇字鰊泊,563,,
01519-4503-8.zip,202602101146,利尻郡利尻富士町鬼脇字鰊泊,554,,
01519-4503-8.zip,202602101146,利尻郡利尻富士町鬼脇字鰊泊,553,,
01519-4503-8.zip,202602101146,利尻郡利尻富士町鬼脇字鰊泊,573,,
01519-4503-8.zip,202602101146,利尻郡利尻富士町鬼脇字鰊泊,571,,
01519-4503-8.zip,202602101146,利尻郡利尻富士町鬼脇字鰊泊,570,,
01519-4503-8.zip,202602101146,利尻郡利尻富士町鬼脇字鰊泊,水-14,,
01519-4503-8.zip,202602101146,利尻郡利尻富士町鬼脇字鰊泊,565,,
01519-4503-8.zip,202602101146,利尻郡利尻富士町鬼脇字鰊泊,水-15,,
01519-4503-8.zip,202602101146,利尻郡利尻富士町鬼脇字鰊泊,562,,
01519-4503-8.zip,202602101146,利尻郡利尻富士町鬼脇字鰊泊,559,,
01519-4503-8.zip,202602101146,利尻郡利尻富士町鬼脇字鰊泊,561,,
01519-4503-8.zip,202602101146,利尻郡利尻富士町鬼脇字鰊泊,560,,
01519-4503-8.zip,202602101146,利尻郡利尻富士町鬼脇字鰊泊,566,,
01519-4503-8.zip,202602101146,利尻郡利尻富士町鬼脇字鰊泊,567,,
01519-4503-8.zip,202602101146,利尻郡利尻富士町鬼脇字鰊泊,558,,
01519-4503-8.zip,202602101146,利尻郡利尻富士町鬼脇字鰊泊,568,,
01519-4503-8.zip,202602101146,利尻郡利尻富士町鬼脇字鰊泊,569,,
01519-4503-8.zip,202602101146,利尻郡利尻富士町鬼脇字鰊泊,574,,
01519-4503-8.zip,202602101146,利尻郡利尻富士町鬼脇字鰊泊,水-16,,
01519-4503-8.zip,202602101146,利尻郡利尻富士町鬼脇字鰊泊,581,,
01519-4503-8.zip,202602101146,利尻郡利尻富士町鬼脇字鰊泊,348,,
01519-4503-8.zip,202602101146,利尻郡利尻富士町鬼脇字鰊泊,347,,
01519-4503-8.zip,202602101146,利尻郡利尻富士町鬼脇字鰊泊,346,,
01519-4503-8.zip,202602101146,利尻郡利尻富士町,地区外-703913,,
01519-4503-8.zip,202602101146,利尻郡利尻富士町鬼脇字鰊泊,587,,
01519-4503-8.zip,202602101146,利尻郡利尻富士町鬼脇字鰊泊,水-17,,
01519-4503-8.zip,202602101146,利尻郡利尻富士町鬼脇字鰊泊,588,,
01519-4503-8.zip,202602101146,利尻郡利尻富士町鬼脇字鰊泊,585,,
01519-4503-8.zip,202602101146,利尻郡利尻富士町鬼脇字鰊泊,576,,
01519-4503-8.zip,202602101146,利尻郡利尻富士町鬼脇字鰊泊,575,,
01519-4503-8.zip,202602101146,利尻郡利尻富士町鬼脇字鰊泊,583,,
01519-4503-8.zip,202602101146,利尻郡利尻富士町鬼脇字鰊泊,580,,
01519-4503-8.zip,202602101146,利尻郡利尻富士町鬼脇字鰊泊,584,,
01519-4503-8.zip,202602101146,利尻郡利尻富士町鬼脇字鰊泊,579,,
01519-4503-8.zip,202602101146,利尻郡利尻富士町鬼脇字鰊泊,578,,
01519-4503-8.zip,202602101146,利尻郡利尻富士町鬼脇字鰊泊,577,,
01519-4503-8.zip,202602101146,利尻郡利尻富士町鬼脇字鰊泊,344,,
01519-4503-8.zip,202602101146,利尻郡利尻富士町鬼脇字鰊泊,345,,
01519-4503-8.zip,202602101146,利尻郡利尻富士町鬼脇字鰊泊,水-18,,
01519-4503-8.zip,202602101146,利尻郡利尻富士町,地区外-703929,,
01519-4503-8.zip,202602101146,利尻郡利尻富士町鬼脇字二石,404,,
01519-4503-8.zip,202602101146,利尻郡利尻富士町,地区外-703931,,
01519-4503-8.zip,202602101146,利尻郡利尻富士町鬼脇字二石,405,,
01519-4503-8.zip,202602101146,利尻郡利尻富士町鬼脇字二石,409,,
01519-4503-8.zip,202602101146,利尻郡利尻富士町鬼脇字二石,410,,
01519-4503-8.zip,202602101146,利尻郡利尻富士町鬼脇字二石,長狭物不明-24,,
01519-4503-8.zip,202602101146,利尻郡利尻富士町鬼脇字二石,411,,
01519-4503-8.zip,202602101146,利尻郡利尻富士町鬼脇字二石,長狭物不明-25,,
01519-4503-8.zip,202602101146,利尻郡利尻富士町鬼脇字二石,407,,
01519-4503-8.zip,202602101146,利尻郡利尻富士町鬼脇字二石,408,,
01519-4503-8.zip,202602101146,利尻郡利尻富士町鬼脇字二石,長狭物不明-26,,
01519-4503-8.zip,202602101146,利尻郡利尻富士町鬼脇字二石,長狭物不明-27,,
01519-4503-8.zip,202602101146,利尻郡利尻富士町鬼脇字二石,406,,
01519-4503-8.zip,202602101146,利尻郡利尻富士町,地区外-703943,,
01519-4503-8.zip,202602101146,利尻郡利尻富士町,地区外-703944,,
01519-4503-8.zip,202602101146,利尻郡利尻富士町,地区外-703945,,
01519-4503-8.zip,202602101146,利尻郡利尻富士町鬼脇字二石,417-4,,
01519-4503-8.zip,202602101146,利尻郡利尻富士町鬼脇字二石,417-3,,
01519-4503-8.zip,202602101146,利尻郡利尻富士町,地区外-703948,,
01519-4503-8.zip,202602101146,利尻郡利尻富士町鬼脇字二石,417-2,,
01519-4503-8.zip,202602101146,利尻郡利尻富士町鬼脇字二石,417-5,,
01519-4503-8.zip,202602101146,利尻郡利尻富士町鬼脇字二石,417-6,,
01519-4503-8.zip,202602101146,利尻郡利尻富士町,地区外-703952,,
01519-4503-8.zip,202602101146,利尻郡利尻富士町鬼脇字石崎,418-2,,
01519-4503-8.zip,202602101146,利尻郡利尻富士町鬼脇字石崎,418-4,,
01519-4503-8.zip,202602101146,利尻郡利尻富士町,地区外-703955,,
01519-4503-8.zip,202602101146,利尻郡利尻富士町鬼脇字石崎,418-3,,
01519-4503-8.zip,202602101146,利尻郡利尻富士町,地区外-703957,,
01519-4503-8.zip,202602101146,利尻郡利尻富士町鬼脇字石崎,419-1,,
01519-4503-8.zip,202602101146,利尻郡利尻富士町,地区外-703959,,
01519-4503-8.zip,202602101146,利尻郡利尻富士町鬼脇字石崎,419-7,,
01519-4503-8.zip,202602101146,利尻郡利尻富士町鬼脇字石崎,419-6,,
01519-4503-8.zip,202602101146,利尻郡利尻富士町鬼脇字石崎,419-2,,
01519-4503-8.zip,202602101146,利尻郡利尻富士町,地区外-703963,,
01519-4503-8.zip,202602101146,利尻郡利尻富士町鬼脇字石崎,419-9,,
01519-4503-8.zip,202602101146,利尻郡利尻富士町鬼脇字石崎,419-3,,
01519-4503-8.zip,202602101146,利尻郡利尻富士町,地区外-703966,,
01519-4503-8.zip,202602101146,利尻郡利尻富士町,地区外-703967,,
01519-4503-8.zip,202602101146,利尻郡利尻富士町,地区外-703968,,
01519-4503-8.zip,202602101146,利尻郡利尻富士町鬼脇字旭浜,310-1,,
01519-4503-8.zip,202602101146,利尻郡利尻富士町鬼脇字旭浜,310-2,,
01519-4503-8.zip,202602101146,利尻郡利尻富士町鬼脇字旭浜,307,,
01519-4503-8.zip,202602101146,利尻郡利尻富士町鬼脇字旭浜,306,,
01519-4503-8.zip,202602101146,利尻郡利尻富士町鬼脇字旭浜,長狭物不明-28,,
01519-4503-8.zip,202602101146,利尻郡利尻富士町鬼脇字旭浜,304,,
01519-4503-8.zip,202602101146,利尻郡利尻富士町鬼脇字旭浜,303,,
01519-4503-8.zip,202602101146,利尻郡利尻富士町鬼脇字旭浜,302,,
01519-4503-8.zip,202602101146,利尻郡利尻富士町鬼脇字旭浜,308,,
01519-4503-8.zip,202602101146,利尻郡利尻富士町鬼脇字旭浜,300,,
01519-4503-8.zip,202602101146,利尻郡利尻富士町鬼脇字旭浜,275,,
01519-4503-8.zip,202602101146,利尻郡利尻富士町鬼脇字旭浜,274,,
01519-4503-8.zip,202602101146,利尻郡利尻富士町鬼脇字旭浜,273,,
01519-4503-8.zip,202602101146,利尻郡利尻富士町鬼脇字旭浜,268,,
01519-4503-8.zip,202602101146,利尻郡利尻富士町鬼脇字旭浜,309,,
01519-4503-8.zip,202602101146,利尻郡利尻富士町鬼脇字旭浜,301,,
01519-4503-8.zip,202602101146,利尻郡利尻富士町鬼脇字旭浜,長狭物不明-29,,
01519-4503-8.zip,202602101146,利尻郡利尻富士町,地区外-703986,,
01519-4503-8.zip,202602101146,利尻郡利尻富士町鬼脇字旭浜,長狭物不明-30,,
01519-4503-8.zip,202602101146,利尻郡利尻富士町鬼脇字旭浜,水-19,,
01519-4503-8.zip,202602101146,利尻郡利尻富士町鬼脇字旭浜,312,,
01519-4503-8.zip,202602101146,利尻郡利尻富士町鬼脇字旭浜,311,,
01519-4503-8.zip,202602101146,利尻郡利尻富士町鬼脇字旭浜,313,,
01519-4503-8.zip,202602101146,利尻郡利尻富士町鬼脇字旭浜,314,,
01519-4503-8.zip,202602101146,利尻郡利尻富士町鬼脇字旭浜,水-20,,
01519-4503-8.zip,202602101146,利尻郡利尻富士町鬼脇字旭浜,296,,
01519-4503-8.zip,202602101146,利尻郡利尻富士町鬼脇字旭浜,291,,
01519-4503-8.zip,202602101146,利尻郡利尻富士町鬼脇字旭浜,293,,
01519-4503-8.zip,202602101146,利尻郡利尻富士町鬼脇字旭浜,287,,
01519-4503-8.zip,202602101146,利尻郡利尻富士町鬼脇字旭浜,289,,
01519-4503-8.zip,202602101146,利尻郡利尻富士町鬼脇字旭浜,290,,
01519-4503-8.zip,202602101146,利尻郡利尻富士町鬼脇字旭浜,水-21,,
01519-4503-8.zip,202602101146,利尻郡利尻富士町鬼脇字旭浜,292,,
01519-4503-8.zip,202602101146,利尻郡利尻富士町鬼脇字旭浜,282,,
01519-4503-8.zip,202602101146,利尻郡利尻富士町鬼脇字旭浜,279,,
01519-4503-8.zip,202602101146,利尻郡利尻富士町鬼脇字旭浜,水-22,,
01519-4503-8.zip,202602101146,利尻郡利尻富士町鬼脇字旭浜,277,,
01519-4503-8.zip,202602101146,利尻郡利尻富士町鬼脇字旭浜,278,,
01519-4503-8.zip,202602101146,利尻郡利尻富士町鬼脇字旭浜,298,,
01519-4503-8.zip,202602101146,利尻郡利尻富士町鬼脇字旭浜,297,,
01519-4503-8.zip,202602101146,利尻郡利尻富士町鬼脇字旭浜,299,,
01519-4503-8.zip,202602101146,利尻郡利尻富士町鬼脇字旭浜,水-23,,
01519-4503-8.zip,202602101146,利尻郡利尻富士町鬼脇字旭浜,水-24,,
01519-4503-8.zip,202602101146,利尻郡利尻富士町鬼脇字旭浜,286,,
01519-4503-8.zip,202602101146,利尻郡利尻富士町鬼脇字旭浜,295,,
01519-4503-8.zip,202602101146,利尻郡利尻富士町鬼脇字旭浜,294,,
01519-4503-8.zip,202602101146,利尻郡利尻富士町鬼脇字鰊泊,長狭物不明-31,,
01519-4503-8.zip,202602101146,利尻郡利尻富士町鬼脇字旭浜,長狭物不明-32,,
01519-4503-8.zip,202602101146,利尻郡利尻富士町鬼脇字鰊泊,水-25,,
01519-4503-8.zip,202602101146,利尻郡利尻富士町鬼脇字鰊泊,447,,
01519-4503-8.zip,202602101146,利尻郡利尻富士町,地区外-704019,,
01519-4503-8.zip,202602101146,利尻郡利尻富士町鬼脇字鰊泊,水-26,,
01519-4503-8.zip,202602101146,利尻郡利尻富士町鬼脇字鰊泊,459,,
01519-4503-8.zip,202602101146,利尻郡利尻富士町鬼脇字鰊泊,448,,
01519-4503-8.zip,202602101146,利尻郡利尻富士町鬼脇字鰊泊,446,,
01519-4503-8.zip,202602101146,利尻郡利尻富士町鬼脇字鰊泊,445,,
01519-4503-8.zip,202602101146,利尻郡利尻富士町鬼脇字鰊泊,444,,
01519-4503-8.zip,202602101146,利尻郡利尻富士町鬼脇字鰊泊,462,,
01519-4503-8.zip,202602101146,利尻郡利尻富士町鬼脇字鰊泊,469,,
01519-4503-8.zip,202602101146,利尻郡利尻富士町鬼脇字鰊泊,468,,
01519-4503-8.zip,202602101146,利尻郡利尻富士町鬼脇字鰊泊,470,,
01519-4503-8.zip,202602101146,利尻郡利尻富士町鬼脇字旭浜,長狭物不明-33,,
01519-4503-8.zip,202602101146,利尻郡利尻富士町鬼脇字旭浜,317,,
01519-4503-8.zip,202602101146,利尻郡利尻富士町鬼脇字旭浜,319,,
01519-4503-8.zip,202602101146,利尻郡利尻富士町鬼脇字旭浜,325,,
01519-4503-8.zip,202602101146,利尻郡利尻富士町鬼脇字旭浜,328,,
01519-4503-8.zip,202602101146,利尻郡利尻富士町鬼脇字旭浜,316,,
01519-4503-8.zip,202602101146,利尻郡利尻富士町鬼脇字鰊泊,473,,
01519-4503-8.zip,202602101146,利尻郡利尻富士町鬼脇字鰊泊,461,,
01519-4503-8.zip,202602101146,利尻郡利尻富士町鬼脇字旭浜,288,,
01519-4503-8.zip,202602101146,利尻郡利尻富士町鬼脇字旭浜,283,,
01519-4503-8.zip,202602101146,利尻郡利尻富士町鬼脇字旭浜,218,,
01519-4503-8.zip,202602101146,利尻郡利尻富士町鬼脇字旭浜,318,,
01519-4503-8.zip,202602101146,利尻郡利尻富士町鬼脇字鰊泊,443,,
01519-4503-8.zip,202602101146,利尻郡利尻富士町鬼脇字鰊泊,452,,
01519-4503-8.zip,202602101146,利尻郡利尻富士町鬼脇字鰊泊,457,,
01519-4503-8.zip,202602101146,利尻郡利尻富士町鬼脇字鰊泊,467,,
01519-4503-8.zip,202602101146,利尻郡利尻富士町鬼脇字旭浜,320,,
01519-4503-8.zip,202602101146,利尻郡利尻富士町鬼脇字鰊泊,441,,
01519-4503-8.zip,202602101146,利尻郡利尻富士町鬼脇字鰊泊,長狭物不明-34,,
01519-4503-8.zip,202602101146,利尻郡利尻富士町鬼脇字鰊泊,463,,
01519-4503-8.zip,202602101146,利尻郡利尻富士町鬼脇字鰊泊,442,,
01519-4503-8.zip,202602101146,利尻郡利尻富士町鬼脇字鰊泊,399,,
01519-4503-8.zip,202602101146,利尻郡利尻富士町鬼脇字鰊泊,453,,
01519-4503-8.zip,202602101146,利尻郡利尻富士町鬼脇字鰊泊,454,,
01519-4503-8.zip,202602101146,利尻郡利尻富士町鬼脇字旭浜,323,,
01519-4503-8.zip,202602101146,利尻郡利尻富士町鬼脇字鰊泊,455,,
01519-4503-8.zip,202602101146,利尻郡利尻富士町鬼脇字鰊泊,439,,
01519-4503-8.zip,202602101146,利尻郡利尻富士町鬼脇字鰊泊,438,,
01519-4503-8.zip,202602101146,利尻郡利尻富士町鬼脇字鰊泊,435,,
01519-4503-8.zip,202602101146,利尻郡利尻富士町鬼脇字鰊泊,436,,
01519-4503-8.zip,202602101146,利尻郡利尻富士町鬼脇字鰊泊,437,,
01519-4503-8.zip,202602101146,利尻郡利尻富士町鬼脇字鰊泊,428,,
01519-4503-8.zip,202602101146,利尻郡利尻富士町鬼脇字鰊泊,429,,
01519-4503-8.zip,202602101146,利尻郡利尻富士町鬼脇字鰊泊,430,,
01519-4503-8.zip,202602101146,利尻郡利尻富士町鬼脇字鰊泊,456,,
01519-4503-8.zip,202602101146,利尻郡利尻富士町鬼脇字旭浜,324,,
01519-4503-8.zip,202602101146,利尻郡利尻富士町鬼脇字鰊泊,458,,
01519-4503-8.zip,202602101146,利尻郡利尻富士町鬼脇字鰊泊,451,,
01519-4503-8.zip,202602101146,利尻郡利尻富士町鬼脇字旭浜,327,,
01519-4503-8.zip,202602101146,利尻郡利尻富士町鬼脇字旭浜,326,,
01519-4503-8.zip,202602101146,利尻郡利尻富士町鬼脇字鰊泊,472,,
01519-4503-8.zip,202602101146,利尻郡利尻富士町鬼脇字鰊泊,415,,
01519-4503-8.zip,202602101146,利尻郡利尻富士町鬼脇字鰊泊,416,,
01519-4503-8.zip,202602101146,利尻郡利尻富士町鬼脇字鰊泊,509,,
01519-4503-8.zip,202602101146,利尻郡利尻富士町鬼脇字鰊泊,517,,
01519-4503-8.zip,202602101146,利尻郡利尻富士町鬼脇字鰊泊,510,,
01519-4503-8.zip,202602101146,利尻郡利尻富士町鬼脇字鰊泊,516,,
01519-4503-8.zip,202602101146,利尻郡利尻富士町鬼脇字鰊泊,508,,
01519-4503-8.zip,202602101146,利尻郡利尻富士町鬼脇字鰊泊,水-27,,
01519-4503-8.zip,202602101146,利尻郡利尻富士町鬼脇字鰊泊,長狭物不明-35,,
01519-4503-8.zip,202602101146,利尻郡利尻富士町鬼脇字鰊泊,398,,
01519-4503-8.zip,202602101146,利尻郡利尻富士町鬼脇字鰊泊,391,,
01519-4503-8.zip,202602101146,利尻郡利尻富士町鬼脇字鰊泊,502,,
01519-4503-8.zip,202602101146,利尻郡利尻富士町鬼脇字鰊泊,503,,
01519-4503-8.zip,202602101146,利尻郡利尻富士町鬼脇字鰊泊,505,,
01519-4503-8.zip,202602101146,利尻郡利尻富士町鬼脇字鰊泊,504,,
01519-4503-8.zip,202602101146,利尻郡利尻富士町鬼脇字鰊泊,506,,
01519-4503-8.zip,202602101146,利尻郡利尻富士町鬼脇字鰊泊,490,,
01519-4503-8.zip,202602101146,利尻郡利尻富士町鬼脇字鰊泊,長狭物不明-36,,
01519-4503-8.zip,202602101146,利尻郡利尻富士町鬼脇字鰊泊,403,,
01519-4503-8.zip,202602101146,利尻郡利尻富士町鬼脇字鰊泊,400,,
01519-4503-8.zip,202602101146,利尻郡利尻富士町鬼脇字鰊泊,408,,
01519-4503-8.zip,202602101146,利尻郡利尻富士町鬼脇字鰊泊,406,,
01519-4503-8.zip,202602101146,利尻郡利尻富士町鬼脇字鰊泊,404,,
01519-4503-8.zip,202602101146,利尻郡利尻富士町鬼脇字鰊泊,405,,
01519-4503-8.zip,202602101146,利尻郡利尻富士町鬼脇字鰊泊,407,,
01519-4503-8.zip,202602101146,利尻郡利尻富士町鬼脇字鰊泊,412,,
01519-4503-8.zip,202602101146,利尻郡利尻富士町鬼脇字鰊泊,409,,
01519-4503-8.zip,202602101146,利尻郡利尻富士町鬼脇字鰊泊,413,,
01519-4503-8.zip,202602101146,利尻郡利尻富士町鬼脇字鰊泊,411,,
01519-4503-8.zip,202602101146,利尻郡利尻富士町鬼脇字鰊泊,410,,
01519-4503-8.zip,202602101146,利尻郡利尻富士町鬼脇字鰊泊,488,,
01519-4503-8.zip,202602101146,利尻郡利尻富士町鬼脇字鰊泊,475,,
01519-4503-8.zip,202602101146,利尻郡利尻富士町鬼脇字鰊泊,476,,
01519-4503-8.zip,202602101146,利尻郡利尻富士町鬼脇字鰊泊,487,,
01519-4503-8.zip,202602101146,利尻郡利尻富士町鬼脇字鰊泊,496,,
01519-4503-8.zip,202602101146,利尻郡利尻富士町鬼脇字鰊泊,494,,
01519-4503-8.zip,202602101146,利尻郡利尻富士町鬼脇字鰊泊,493,,
01519-4503-8.zip,202602101146,利尻郡利尻富士町鬼脇字鰊泊,486,,
01519-4503-8.zip,202602101146,利尻郡利尻富士町鬼脇字鰊泊,491,,
01519-4503-8.zip,202602101146,利尻郡利尻富士町鬼脇字鰊泊,483,,
01519-4503-8.zip,202602101146,利尻郡利尻富士町鬼脇字鰊泊,478,,
01519-4503-8.zip,202602101146,利尻郡利尻富士町鬼脇字鰊泊,479,,
01519-4503-8.zip,202602101146,利尻郡利尻富士町鬼脇字鰊泊,484,,
01519-4503-8.zip,202602101146,利尻郡利尻富士町鬼脇字鰊泊,481,,
01519-4503-8.zip,202602101146,利尻郡利尻富士町鬼脇字鰊泊,480,,
01519-4503-8.zip,202602101146,利尻郡利尻富士町鬼脇字鰊泊,492,,
01519-4503-8.zip,202602101146,利尻郡利尻富士町鬼脇字鰊泊,485,,
01519-4503-8.zip,202602101146,利尻郡利尻富士町鬼脇字鰊泊,474,,
01519-4503-8.zip,202602101146,利尻郡利尻富士町鬼脇字鰊泊,477,,
01519-4503-8.zip,202602101146,利尻郡利尻富士町鬼脇字鰊泊,546,,
01519-4503-8.zip,202602101146,利尻郡利尻富士町鬼脇字鰊泊,539,,
01519-4503-8.zip,202602101146,利尻郡利尻富士町鬼脇字鰊泊,538,,
01519-4503-8.zip,202602101146,利尻郡利尻富士町鬼脇字鰊泊,536,,
01519-4503-8.zip,202602101146,利尻郡利尻富士町鬼脇字鰊泊,529,,
01519-4503-8.zip,202602101146,利尻郡利尻富士町鬼脇字鰊泊,526,,
01519-4503-8.zip,202602101146,利尻郡利尻富士町鬼脇字鰊泊,527,,
01519-4503-8.zip,202602101146,利尻郡利尻富士町鬼脇字鰊泊,519,,
01519-4503-8.zip,202602101146,利尻郡利尻富士町鬼脇字鰊泊,518,,
01519-4503-8.zip,202602101146,利尻郡利尻富士町鬼脇字鰊泊,537,,
01519-4503-8.zip,202602101146,利尻郡利尻富士町鬼脇字鰊泊,528,,
01519-4503-8.zip,202602101146,利尻郡利尻富士町鬼脇字鰊泊,397,,
01519-4503-8.zip,202602101146,利尻郡利尻富士町鬼脇字鰊泊,393,,
01519-4503-8.zip,202602101146,利尻郡利尻富士町鬼脇字鰊泊,394,,
01519-4503-8.zip,202602101146,利尻郡利尻富士町鬼脇字鰊泊,392,,
01519-4503-8.zip,202602101146,利尻郡利尻富士町鬼脇字鰊泊,395,,
01519-4503-8.zip,202602101146,利尻郡利尻富士町鬼脇字鰊泊,396,,
01519-4503-8.zip,202602101146,利尻郡利尻富士町鬼脇字鰊泊,387,,
01519-4503-8.zip,202602101146,利尻郡利尻富士町鬼脇字鰊泊,381,,
01519-4503-8.zip,202602101146,利尻郡利尻富士町鬼脇字鰊泊,382,,
01519-4503-8.zip,202602101146,利尻郡利尻富士町鬼脇字鰊泊,385,,
01519-4503-8.zip,202602101146,利尻郡利尻富士町鬼脇字鰊泊,380,,
01519-4503-8.zip,202602101146,利尻郡利尻富士町鬼脇字鰊泊,379,,
01519-4503-8.zip,202602101146,利尻郡利尻富士町鬼脇字鰊泊,377,,
01519-4503-8.zip,202602101146,利尻郡利尻富士町鬼脇字鰊泊,390,,
01519-4503-8.zip,202602101146,利尻郡利尻富士町鬼脇字鰊泊,388,,
01519-4503-8.zip,202602101146,利尻郡利尻富士町鬼脇字鰊泊,378,,
01519-4503-8.zip,202602101146,利尻郡利尻富士町鬼脇字鰊泊,374,,
01519-4503-8.zip,202602101146,利尻郡利尻富士町鬼脇字鰊泊,414,,
01519-4503-8.zip,202602101146,利尻郡利尻富士町鬼脇字鰊泊,389,,
01519-4503-8.zip,202602101146,利尻郡利尻富士町鬼脇字鰊泊,386,,
01519-4503-8.zip,202602101146,利尻郡利尻富士町鬼脇字鰊泊,長狭物不明-37,,
01519-4503-8.zip,202602101146,利尻郡利尻富士町鬼脇字鰊泊,520,,
01519-4503-8.zip,202602101146,利尻郡利尻富士町鬼脇字鰊泊,535,,
01519-4503-8.zip,202602101146,利尻郡利尻富士町鬼脇字鰊泊,351,,
01519-4503-8.zip,202602101146,利尻郡利尻富士町鬼脇字鰊泊,349,,
01519-4503-8.zip,202602101146,利尻郡利尻富士町鬼脇字鰊泊,555,,
01519-4503-8.zip,202602101146,利尻郡利尻富士町鬼脇字鰊泊,557,,
01519-4503-8.zip,202602101146,利尻郡利尻富士町鬼脇字鰊泊,水-28,,
01519-4503-8.zip,202602101146,利尻郡利尻富士町鬼脇字鰊泊,長狭物不明-38,,
01519-4503-8.zip,202602101146,利尻郡利尻富士町鬼脇字鰊泊,353,,
01519-4503-8.zip,202602101146,利尻郡利尻富士町鬼脇字鰊泊,355,,
01519-4503-8.zip,202602101146,利尻郡利尻富士町鬼脇字鰊泊,371,,
01519-4503-8.zip,202602101146,利尻郡利尻富士町鬼脇字鰊泊,369,,
01519-4503-8.zip,202602101146,利尻郡利尻富士町鬼脇字鰊泊,361,,
01519-4503-8.zip,202602101146,利尻郡利尻富士町鬼脇字鰊泊,360,,
01519-4503-8.zip,202602101146,利尻郡利尻富士町鬼脇字鰊泊,359,,
01519-4503-8.zip,202602101146,利尻郡利尻富士町鬼脇字鰊泊,358,,
01519-4503-8.zip,202602101146,利尻郡利尻富士町鬼脇字鰊泊,357,,
01519-4503-8.zip,202602101146,利尻郡利尻富士町鬼脇字鰊泊,356,,
01519-4503-8.zip,202602101146,利尻郡利尻富士町鬼脇字鰊泊,362,,
01519-4503-8.zip,202602101146,利尻郡利尻富士町鬼脇字鰊泊,長狭物不明-39,,
01519-4503-8.zip,202602101146,利尻郡利尻富士町,地区外-704172,,
01519-4503-8.zip,202602101146,利尻郡利尻富士町鬼脇字鰊泊,368,,
01519-4503-8.zip,202602101146,利尻郡利尻富士町,地区外-704174,,
01519-4503-8.zip,202602101146,利尻郡利尻富士町鬼脇字鰊泊,350,,
01519-4503-8.zip,202602101146,利尻郡利尻富士町鬼脇字鰊泊,370,,
01519-4503-8.zip,202602101146,利尻郡利尻富士町鬼脇字鰊泊,372,,
01519-4503-8.zip,202602101146,利尻郡利尻富士町鬼脇字鰊泊,383,,
01519-4503-8.zip,202602101146,利尻郡利尻富士町鬼脇字鰊泊,373,,
01519-4503-8.zip,202602101146,利尻郡利尻富士町,地区外-704180,,
01519-4503-8.zip,202602101146,利尻郡利尻富士町鬼脇字鰊泊,水-29,,
01519-4503-8.zip,202602101146,利尻郡利尻富士町,地区外-704183,,
01519-4503-8.zip,202602101146,利尻郡利尻富士町鬼脇字鰊泊,長狭物不明-40,,
01519-4503-8.zip,202602101146,利尻郡利尻富士町鬼脇字鰊泊,321,,
01519-4503-8.zip,202602101146,利尻郡利尻富士町鬼脇字鰊泊,長狭物不明-41,,
01519-4503-8.zip,202602101146,利尻郡利尻富士町鬼脇字鰊泊,364,,
01519-4503-8.zip,202602101146,利尻郡利尻富士町鬼脇字鰊泊,367,,
01519-4503-8.zip,202602101146,利尻郡利尻富士町,地区外-704189,,
01519-4503-8.zip,202602101146,利尻郡利尻富士町鬼脇字鰊泊,363,,
01519-4503-8.zip,202602101146,利尻郡利尻富士町,地区外-704193,,
01519-4503-8.zip,202602101146,利尻郡利尻富士町鬼脇字二石,401,,
01519-4503-8.zip,202602101146,利尻郡利尻富士町鬼脇字二石,403,,
01519-4503-8.zip,202602101146,利尻郡利尻富士町鬼脇字二石,417-8,,
01519-4503-8.zip,202602101146,利尻郡利尻富士町鬼脇字二石,417-10,,
01519-4503-8.zip,202602101146,利尻郡利尻富士町鬼脇字二石,436,,
01519-4503-8.zip,202602101146,利尻郡利尻富士町鬼脇字二石,402,,
01519-4503-8.zip,202602101146,利尻郡利尻富士町鬼脇字二石,400,,
01519-4503-8.zip,202602101146,利尻郡利尻富士町鬼脇字二石,399,,
01519-4503-8.zip,202602101146,利尻郡利尻富士町鬼脇字二石,398,,
01519-4503-8.zip,202602101146,利尻郡利尻富士町鬼脇字二石,397,,
01519-4503-8.zip,202602101146,利尻郡利尻富士町鬼脇字二石,396,,
01519-4503-8.zip,202602101146,利尻郡利尻富士町鬼脇字二石,394,,
01519-4503-8.zip,202602101146,利尻郡利尻富士町鬼脇字二石,391,,
01519-4503-8.zip,202602101146,利尻郡利尻富士町鬼脇字二石,393,,
01519-4503-8.zip,202602101146,利尻郡利尻富士町鬼脇字二石,102,,
01519-4503-8.zip,202602101146,利尻郡利尻富士町鬼脇字二石,395-1,,
01519-4503-8.zip,202602101146,利尻郡利尻富士町鬼脇字二石,395-2,,
01519-4503-8.zip,202602101146,利尻郡利尻富士町鬼脇字二石,417-12,,
01519-4503-8.zip,202602101146,利尻郡利尻富士町,地区外-704212,,
01519-4503-8.zip,202602101146,利尻郡利尻富士町鬼脇字二石,417-11,,
01519-4503-8.zip,202602101146,利尻郡利尻富士町鬼脇字二石,417-9,,
01519-4503-8.zip,202602101146,利尻郡利尻富士町鬼脇字二石,376,,
01519-4503-8.zip,202602101146,利尻郡利尻富士町鬼脇字二石,377,,
01519-4503-8.zip,202602101146,利尻郡利尻富士町鬼脇字二石,378,,
01519-4503-8.zip,202602101146,利尻郡利尻富士町鬼脇字二石,379,,
01519-4503-8.zip,202602101146,利尻郡利尻富士町鬼脇字二石,380,,
01519-4503-8.zip,202602101146,利尻郡利尻富士町鬼脇字二石,381,,
01519-4503-8.zip,202602101146,利尻郡利尻富士町鬼脇字二石,365V1,,
01519-4503-8.zip,202602101146,利尻郡利尻富士町鬼脇字二石,372,,
01519-4503-8.zip,202602101146,利尻郡利尻富士町鬼脇字二石,373,,
01519-4503-8.zip,202602101146,利尻郡利尻富士町鬼脇字二石,374,,
01519-4503-8.zip,202602101146,利尻郡利尻富士町鬼脇字二石,375,,
01519-4503-8.zip,202602101146,利尻郡利尻富士町鬼脇字二石,366,,
01519-4503-8.zip,202602101146,利尻郡利尻富士町鬼脇字二石,367,,
01519-4503-8.zip,202602101146,利尻郡利尻富士町鬼脇字二石,371,,
01519-4503-8.zip,202602101146,利尻郡利尻富士町鬼脇字二石,370,,
01519-4503-8.zip,202602101146,利尻郡利尻富士町鬼脇字二石,369,,
01519-4503-8.zip,202602101146,利尻郡利尻富士町鬼脇字二石,368,,
01519-4503-8.zip,202602101146,利尻郡利尻富士町鬼脇字二石,387,,
01519-4503-8.zip,202602101146,利尻郡利尻富士町鬼脇字二石,388,,
01519-4503-8.zip,202602101146,利尻郡利尻富士町鬼脇字二石,389,,
01519-4503-8.zip,202602101146,利尻郡利尻富士町鬼脇字二石,390,,
01519-4503-8.zip,202602101146,利尻郡利尻富士町鬼脇字二石,392,,
01519-4503-8.zip,202602101146,利尻郡利尻富士町鬼脇字二石,385,,
01519-4503-8.zip,202602101146,利尻郡利尻富士町鬼脇字二石,386,,
01519-4503-8.zip,202602101146,利尻郡利尻富士町鬼脇字二石,382,,
01519-4503-8.zip,202602101146,利尻郡利尻富士町鬼脇字二石,383,,
01519-4503-8.zip,202602101146,利尻郡利尻富士町鬼脇字二石,384,,
01519-4503-8.zip,202602101146,利尻郡利尻富士町鬼脇字二石,364,,
01519-4503-8.zip,202602101146,利尻郡利尻富士町鬼脇字二石,365V2,,
01519-4503-8.zip,202602101146,利尻郡利尻富士町鬼脇字二石,360,,
01519-4503-8.zip,202602101146,利尻郡利尻富士町鬼脇字二石,361,,
01519-4503-8.zip,202602101146,利尻郡利尻富士町鬼脇字二石,362,,
01519-4503-8.zip,202602101146,利尻郡利尻富士町鬼脇字二石,363,,
01519-4503-8.zip,202602101146,利尻郡利尻富士町鬼脇字二石,358,,
01519-4503-8.zip,202602101146,利尻郡利尻富士町鬼脇字二石,359,,
01519-4503-8.zip,202602101146,利尻郡利尻富士町鬼脇字二石,長狭物不明-43,,
01519-4503-8.zip,202602101146,利尻郡利尻富士町鬼脇字二石,412,,
01519-4503-8.zip,202602101146,利尻郡利尻富士町鬼脇字二石,414,,
01519-4503-8.zip,202602101146,利尻郡利尻富士町鬼脇字二石,413,,
01519-4503-8.zip,202602101146,利尻郡利尻富士町鬼脇字二石,336,,
01519-4503-8.zip,202602101146,利尻郡利尻富士町鬼脇字二石,346,,
01519-4503-8.zip,202602101146,利尻郡利尻富士町鬼脇字二石,417-7,,
01519-4503-8.zip,202602101146,利尻郡利尻富士町鬼脇字二石,347,,
01519-4503-8.zip,202602101146,利尻郡利尻富士町鬼脇字二石,350,,
01519-4503-8.zip,202602101146,利尻郡利尻富士町鬼脇字二石,349,,
01519-4503-8.zip,202602101146,利尻郡利尻富士町鬼脇字二石,348,,
01519-4503-8.zip,202602101146,利尻郡利尻富士町鬼脇字二石,345,,
01519-4503-8.zip,202602101146,利尻郡利尻富士町鬼脇字二石,344,,
01519-4503-8.zip,202602101146,利尻郡利尻富士町鬼脇字二石,351,,
01519-4503-8.zip,202602101146,利尻郡利尻富士町鬼脇字二石,354,,
01519-4503-8.zip,202602101146,利尻郡利尻富士町鬼脇字二石,353,,
01519-4503-8.zip,202602101146,利尻郡利尻富士町鬼脇字二石,352,,
01519-4503-8.zip,202602101146,利尻郡利尻富士町鬼脇字二石,355,,
01519-4503-8.zip,202602101146,利尻郡利尻富士町鬼脇字二石,356,,
01519-4503-8.zip,202602101146,利尻郡利尻富士町鬼脇字二石,357,,
01519-4503-8.zip,202602101146,利尻郡利尻富士町鬼脇字二石,333,,
01519-4503-8.zip,202602101146,利尻郡利尻富士町鬼脇字二石,331,,
01519-4503-8.zip,202602101146,利尻郡利尻富士町鬼脇字二石,330,,
01519-4503-8.zip,202602101146,利尻郡利尻富士町鬼脇字二石,334,,
01519-4503-8.zip,202602101146,利尻郡利尻富士町鬼脇字二石,335,,
01519-4503-8.zip,202602101146,利尻郡利尻富士町鬼脇字二石,332,,
01519-4503-8.zip,202602101146,利尻郡利尻富士町鬼脇字二石,326,,
01519-4503-8.zip,202602101146,利尻郡利尻富士町鬼脇字二石,325,,
01519-4503-8.zip,202602101146,利尻郡利尻富士町鬼脇字二石,324,,
01519-4503-8.zip,202602101146,利尻郡利尻富士町鬼脇字二石,415,,
01519-4503-8.zip,202602101146,利尻郡利尻富士町鬼脇字二石,長狭物不明-44,,
01519-4503-8.zip,202602101146,利尻郡利尻富士町鬼脇字石崎,長狭物不明-45,,
01519-4503-8.zip,202602101146,利尻郡利尻富士町鬼脇字石崎,417,,
01519-4503-8.zip,202602101146,利尻郡利尻富士町鬼脇字石崎,418-1,,
01519-4503-8.zip,202602101146,利尻郡利尻富士町鬼脇字石崎,412,,
01519-4503-8.zip,202602101146,利尻郡利尻富士町鬼脇字石崎,414,,
01519-4503-8.zip,202602101146,利尻郡利尻富士町鬼脇字石崎,415,,
01519-4503-8.zip,202602101146,利尻郡利尻富士町鬼脇字石崎,411,,
01519-4503-8.zip,202602101146,利尻郡利尻富士町鬼脇字石崎,395,,
01519-4503-8.zip,202602101146,利尻郡利尻富士町鬼脇字石崎,393,,
01519-4503-8.zip,202602101146,利尻郡利尻富士町鬼脇字石崎,396,,
01519-4503-8.zip,202602101146,利尻郡利尻富士町鬼脇字石崎,397,,
01519-4503-8.zip,202602101146,利尻郡利尻富士町鬼脇字石崎,398,,
01519-4503-8.zip,202602101146,利尻郡利尻富士町鬼脇字石崎,水-30,,
01519-4503-8.zip,202602101146,利尻郡利尻富士町鬼脇字石崎,377,,
01519-4503-8.zip,202602101146,利尻郡利尻富士町鬼脇字石崎,378,,
01519-4503-8.zip,202602101146,利尻郡利尻富士町鬼脇字石崎,376,,
01519-4503-8.zip,202602101146,利尻郡利尻富士町鬼脇字石崎,375,,
01519-4503-8.zip,202602101146,利尻郡利尻富士町鬼脇字石崎,374,,
01519-4503-8.zip,202602101146,利尻郡利尻富士町鬼脇字石崎,371,,
01519-4503-8.zip,202602101146,利尻郡利尻富士町鬼脇字石崎,370,,
01519-4503-8.zip,202602101146,利尻郡利尻富士町鬼脇字石崎,長狭物不明-46,,
01519-4503-8.zip,202602101146,利尻郡利尻富士町鬼脇字石崎,379,,
01519-4503-8.zip,202602101146,利尻郡利尻富士町鬼脇字石崎,409,,
01519-4503-8.zip,202602101146,利尻郡利尻富士町鬼脇字石崎,408,,
01519-4503-8.zip,202602101146,利尻郡利尻富士町鬼脇字石崎,410,,
01519-4503-8.zip,202602101146,利尻郡利尻富士町鬼脇字石崎,416,,
01519-4503-8.zip,202602101146,利尻郡利尻富士町鬼脇字石崎,407,,
01519-4503-8.zip,202602101146,利尻郡利尻富士町鬼脇字石崎,405,,
01519-4503-8.zip,202602101146,利尻郡利尻富士町鬼脇字石崎,404,,
01519-4503-8.zip,202602101146,利尻郡利尻富士町鬼脇字石崎,406,,
01519-4503-8.zip,202602101146,利尻郡利尻富士町鬼脇字石崎,349,,
01519-4503-8.zip,202602101146,利尻郡利尻富士町鬼脇字石崎,348,,
01519-4503-8.zip,202602101146,利尻郡利尻富士町鬼脇字石崎,長狭物不明-47,,
01519-4503-8.zip,202602101146,利尻郡利尻富士町鬼脇字石崎,346,,
01519-4503-8.zip,202602101146,利尻郡利尻富士町鬼脇字石崎,351,,
01519-4503-8.zip,202602101146,利尻郡利尻富士町鬼脇字石崎,350,,
01519-4503-8.zip,202602101146,利尻郡利尻富士町鬼脇字石崎,353,,
01519-4503-8.zip,202602101146,利尻郡利尻富士町鬼脇字石崎,352,,
01519-4503-8.zip,202602101146,利尻郡利尻富士町鬼脇字石崎,347,,
01519-4503-8.zip,202602101146,利尻郡利尻富士町鬼脇字石崎,373,,
01519-4503-8.zip,202602101146,利尻郡利尻富士町鬼脇字石崎,372,,
01519-4503-8.zip,202602101146,利尻郡利尻富士町鬼脇字石崎,367,,
01519-4503-8.zip,202602101146,利尻郡利尻富士町鬼脇字石崎,368,,
01519-4503-8.zip,202602101146,利尻郡利尻富士町鬼脇字石崎,369,,
01519-4503-8.zip,202602101146,利尻郡利尻富士町鬼脇字石崎,363,,
01519-4503-8.zip,202602101146,利尻郡利尻富士町鬼脇字石崎,364,,
01519-4503-8.zip,202602101146,利尻郡利尻富士町鬼脇字石崎,365,,
01519-4503-8.zip,202602101146,利尻郡利尻富士町鬼脇字石崎,366,,
01519-4503-8.zip,202602101146,利尻郡利尻富士町鬼脇字石崎,343,,
01519-4503-8.zip,202602101146,利尻郡利尻富士町鬼脇字石崎,342,,
01519-4503-8.zip,202602101146,利尻郡利尻富士町鬼脇字石崎,355,,
01519-4503-8.zip,202602101146,利尻郡利尻富士町鬼脇字石崎,354,,
01519-4503-8.zip,202602101146,利尻郡利尻富士町鬼脇字石崎,362,,
01519-4503-8.zip,202602101146,利尻郡利尻富士町鬼脇字石崎,長狭物不明-48,,
01519-4503-8.zip,202602101146,利尻郡利尻富士町鬼脇字石崎,水-31,,
01519-4503-8.zip,202602101146,利尻郡利尻富士町鬼脇字石崎,419-8,,
01519-4503-8.zip,202602101146,利尻郡利尻富士町鬼脇字石崎,419-4,,
01519-4503-8.zip,202602101146,利尻郡利尻富士町鬼脇字石崎,344,,
01519-4503-8.zip,202602101146,利尻郡利尻富士町鬼脇字石崎,341-1,,
01519-4503-8.zip,202602101146,利尻郡利尻富士町鬼脇字石崎,341-2,,
01519-4503-8.zip,202602101146,利尻郡利尻富士町鬼脇字石崎,341-3,,
01519-4503-8.zip,202602101146,利尻郡利尻富士町鬼脇字石崎,長狭物不明-49,,
01519-4503-8.zip,202602101146,利尻郡利尻富士町鬼脇字石崎,337,,
01519-4503-8.zip,202602101146,利尻郡利尻富士町鬼脇字石崎,336,,
01519-4503-8.zip,202602101146,利尻郡利尻富士町鬼脇字石崎,長狭物不明-50,,
01519-4503-8.zip,202602101146,利尻郡利尻富士町鬼脇字石崎,327,,
01519-4503-8.zip,202602101146,利尻郡利尻富士町鬼脇字石崎,329,,
01519-4503-8.zip,202602101146,利尻郡利尻富士町鬼脇字石崎,330,,
01519-4503-8.zip,202602101146,利尻郡利尻富士町,地区外-704349,,
01519-4503-8.zip,202602101146,利尻郡利尻富士町,地区外-704350,,
01519-4503-8.zip,202602101146,利尻郡利尻富士町,地区外-704351,,
01519-4503-8.zip,202602101146,利尻郡利尻富士町鬼脇字石崎,326,,
01519-4503-8.zip,202602101146,利尻郡利尻富士町鬼脇字石崎,323,,
01519-4503-8.zip,202602101146,利尻郡利尻富士町鬼脇字石崎,320,,
01519-4503-8.zip,202602101146,利尻郡利尻富士町鬼脇字石崎,322,,
01519-4503-8.zip,202602101146,利尻郡利尻富士町鬼脇字石崎,長狭物不明-51,,
01519-4503-8.zip,202602101146,利尻郡利尻富士町鬼脇字石崎,長狭物不明-52,,
01519-4503-8.zip,202602101146,利尻郡利尻富士町鬼脇字石崎,長狭物不明-53,,
01519-4503-8.zip,202602101146,利尻郡利尻富士町鬼脇字石崎,長狭物不明-54,,
01519-4503-8.zip,202602101146,利尻郡利尻富士町鬼脇字石崎,328,,
01519-4503-8.zip,202602101146,利尻郡利尻富士町鬼脇字石崎,長狭物不明-55,,
01519-4503-8.zip,202602101146,利尻郡利尻富士町鬼脇字石崎,316-4,,
01519-4503-8.zip,202602101146,利尻郡利尻富士町鬼脇字石崎,316-1,,
01519-4503-8.zip,202602101146,利尻郡利尻富士町鬼脇字石崎,318,,
01519-4503-8.zip,202602101146,利尻郡利尻富士町鬼脇字旭浜,264-4,,
01519-4503-8.zip,202602101146,利尻郡利尻富士町鬼脇字石崎,316-3,,
01519-4503-8.zip,202602101146,利尻郡利尻富士町鬼脇字石崎,316-5,,
01519-4503-8.zip,202602101146,利尻郡利尻富士町鬼脇字石崎,316-7,,
01519-4503-8.zip,202602101146,利尻郡利尻富士町鬼脇字旭浜,264-9,,
01519-4503-8.zip,202602101146,利尻郡利尻富士町鬼脇字旭浜,252,,
01519-4503-8.zip,202602101146,利尻郡利尻富士町鬼脇字旭浜,253,,
01519-4503-8.zip,202602101146,利尻郡利尻富士町鬼脇字旭浜,長狭物不明-56,,
01519-4503-8.zip,202602101146,利尻郡利尻富士町鬼脇字旭浜,254,,
01519-4503-8.zip,202602101146,利尻郡利尻富士町鬼脇字旭浜,259,,
01519-4503-8.zip,202602101146,利尻郡利尻富士町鬼脇字旭浜,261,,
01519-4503-8.zip,202602101146,利尻郡利尻富士町鬼脇字旭浜,長狭物不明-57,,
01519-4503-8.zip,202602101146,利尻郡利尻富士町鬼脇字旭浜,264-6,,
01519-4503-8.zip,202602101146,利尻郡利尻富士町鬼脇字旭浜,263-3,,
01519-4503-8.zip,202602101146,利尻郡利尻富士町鬼脇字旭浜,263-2,,
01519-4503-8.zip,202602101146,利尻郡利尻富士町鬼脇字旭浜,263-1,,
01519-4503-8.zip,202602101146,利尻郡利尻富士町鬼脇字旭浜,262,,
01519-4503-8.zip,202602101146,利尻郡利尻富士町鬼脇字旭浜,263-4,,
01519-4503-8.zip,202602101146,利尻郡利尻富士町鬼脇字旭浜,264-5,,
01519-4503-8.zip,202602101146,利尻郡利尻富士町鬼脇字旭浜,264-7,,
01519-4503-8.zip,202602101146,利尻郡利尻富士町鬼脇字旭浜,260,,
01519-4503-8.zip,202602101146,利尻郡利尻富士町鬼脇字旭浜,256,,
01519-4503-8.zip,202602101146,利尻郡利尻富士町鬼脇字旭浜,水-32,,
01519-4503-8.zip,202602101146,利尻郡利尻富士町鬼脇字旭浜,255,,
01519-4503-8.zip,202602101146,利尻郡利尻富士町鬼脇字旭浜,長狭物不明-58,,
01519-4503-8.zip,202602101146,利尻郡利尻富士町鬼脇字旭浜,水-33,,
01519-4503-8.zip,202602101146,利尻郡利尻富士町鬼脇字旭浜,272,,
01519-4503-8.zip,202602101146,利尻郡利尻富士町鬼脇字旭浜,長狭物不明-59,,
01519-4503-8.zip,202602101146,利尻郡利尻富士町鬼脇字旭浜,水-34,,
01519-4503-8.zip,202602101146,利尻郡利尻富士町鬼脇字旭浜,270,,
01519-4503-8.zip,202602101146,利尻郡利尻富士町鬼脇字旭浜,長狭物不明-60,,
01519-4503-8.zip,202602101146,利尻郡利尻富士町鬼脇字旭浜,239,,
01519-4503-8.zip,202602101146,利尻郡利尻富士町鬼脇字旭浜,長狭物不明-61,,
01519-4503-8.zip,202602101146,利尻郡利尻富士町鬼脇字旭浜,238,,
01519-4503-8.zip,202602101146,利尻郡利尻富士町鬼脇字旭浜,236,,
01519-4503-8.zip,202602101146,利尻郡利尻富士町鬼脇字旭浜,271,,
01519-4503-8.zip,202602101146,利尻郡利尻富士町,地区外-704403,,
01519-4503-8.zip,202602101146,利尻郡利尻富士町鬼脇字旭浜,267,,
01519-4503-8.zip,202602101146,利尻郡利尻富士町鬼脇字旭浜,266,,
01519-4503-8.zip,202602101146,利尻郡利尻富士町鬼脇字旭浜,長狭物不明-62,,
01519-4503-8.zip,202602101146,利尻郡利尻富士町鬼脇字旭浜,250,,
01519-4503-8.zip,202602101146,利尻郡利尻富士町鬼脇字旭浜,245,,
01519-4503-8.zip,202602101146,利尻郡利尻富士町鬼脇字旭浜,248,,
01519-4503-8.zip,202602101146,利尻郡利尻富士町鬼脇字旭浜,246,,
01519-4503-8.zip,202602101146,利尻郡利尻富士町鬼脇字旭浜,水-35,,
01519-4503-8.zip,202602101146,利尻郡利尻富士町鬼脇字旭浜,水-36,,
01519-4503-8.zip,202602101146,利尻郡利尻富士町鬼脇字旭浜,243,,
01519-4503-8.zip,202602101146,利尻郡利尻富士町鬼脇字旭浜,244,,
01519-4503-8.zip,202602101146,利尻郡利尻富士町鬼脇字旭浜,240,,
01519-4503-8.zip,202602101146,利尻郡利尻富士町鬼脇字旭浜,242,,
01519-4503-8.zip,202602101146,利尻郡利尻富士町鬼脇字旭浜,水-37,,
01519-4503-8.zip,202602101146,利尻郡利尻富士町鬼脇字旭浜,83,,
01519-4503-8.zip,202602101146,利尻郡利尻富士町鬼脇字旭浜,水-38,,
01519-4503-8.zip,202602101146,利尻郡利尻富士町鬼脇字旭浜,長狭物不明-64,,
01519-4503-8.zip,202602101146,利尻郡利尻富士町鬼脇字旭浜,水-39,,
01519-4503-8.zip,202602101146,利尻郡利尻富士町鬼脇字旭浜,281,,
01519-4503-8.zip,202602101146,利尻郡利尻富士町鬼脇字旭浜,280,,
01519-4503-8.zip,202602101146,利尻郡利尻富士町鬼脇字旭浜,276,,
01519-4503-8.zip,202602101146,利尻郡利尻富士町鬼脇字旭浜,223,,
01519-4503-8.zip,202602101146,利尻郡利尻富士町鬼脇字旭浜,224,,
01519-4503-8.zip,202602101146,利尻郡利尻富士町鬼脇字旭浜,225,,
01519-4503-8.zip,202602101146,利尻郡利尻富士町鬼脇字旭浜,226,,
01519-4503-8.zip,202602101146,利尻郡利尻富士町鬼脇字旭浜,237,,
01519-4503-8.zip,202602101146,利尻郡利尻富士町鬼脇字旭浜,227,,
01519-4503-8.zip,202602101146,利尻郡利尻富士町鬼脇字旭浜,水-40,,
01519-4503-8.zip,202602101146,利尻郡利尻富士町鬼脇字旭浜,228,,
01519-4503-8.zip,202602101146,利尻郡利尻富士町鬼脇字旭浜,229,,
01519-4503-8.zip,202602101146,利尻郡利尻富士町鬼脇字旭浜,222,,
01519-4503-8.zip,202602101146,利尻郡利尻富士町鬼脇字旭浜,水-41,,
01519-4503-8.zip,202602101146,利尻郡利尻富士町鬼脇字旭浜,221,,
01519-4503-8.zip,202602101146,利尻郡利尻富士町鬼脇字旭浜,232,,
01519-4503-8.zip,202602101146,利尻郡利尻富士町鬼脇字旭浜,235,,
01519-4503-8.zip,202602101146,利尻郡利尻富士町鬼脇字旭浜,230,,
01519-4503-8.zip,202602101146,利尻郡利尻富士町鬼脇字旭浜,長狭物不明-65,,
01519-4503-8.zip,202602101146,利尻郡利尻富士町鬼脇字旭浜,118,,
01519-4503-8.zip,202602101146,利尻郡利尻富士町鬼脇字旭浜,122,,
01519-4503-8.zip,202602101146,利尻郡利尻富士町鬼脇字旭浜,154,,
01519-4503-8.zip,202602101146,利尻郡利尻富士町鬼脇字旭浜,153,,
01519-4503-8.zip,202602101146,利尻郡利尻富士町鬼脇字旭浜,115,,
01519-4503-8.zip,202602101146,利尻郡利尻富士町鬼脇字旭浜,116,,
01519-4503-8.zip,202602101146,利尻郡利尻富士町鬼脇字旭浜,117,,
01519-4503-8.zip,202602101146,利尻郡利尻富士町鬼脇字旭浜,119,,
01519-4503-8.zip,202602101146,利尻郡利尻富士町鬼脇字旭浜,120,,
01519-4503-8.zip,202602101146,利尻郡利尻富士町鬼脇字旭浜,121,,
01519-4503-8.zip,202602101146,利尻郡利尻富士町鬼脇字旭浜,111,,
01519-4503-8.zip,202602101146,利尻郡利尻富士町鬼脇字旭浜,112,,
01519-4503-8.zip,202602101146,利尻郡利尻富士町鬼脇字旭浜,84,,
01519-4503-8.zip,202602101146,利尻郡利尻富士町鬼脇字旭浜,114,,
01519-4503-8.zip,202602101146,利尻郡利尻富士町鬼脇字旭浜,113,,
01519-4503-8.zip,202602101146,利尻郡利尻富士町,地区外-704459,,
01519-4503-8.zip,202602101146,利尻郡利尻富士町鬼脇字旭浜,210,,
01519-4503-8.zip,202602101146,利尻郡利尻富士町鬼脇字鰊泊,434,,
01519-4503-8.zip,202602101146,利尻郡利尻富士町鬼脇字鰊泊,長狭物不明-66,,
01519-4503-8.zip,202602101146,利尻郡利尻富士町鬼脇字鰊泊,426,,
01519-4503-8.zip,202602101146,利尻郡利尻富士町鬼脇字鰊泊,421,,
01519-4503-8.zip,202602101146,利尻郡利尻富士町鬼脇字鰊泊,422,,
01519-4503-8.zip,202602101146,利尻郡利尻富士町鬼脇字鰊泊,424,,
01519-4503-8.zip,202602101146,利尻郡利尻富士町鬼脇字鰊泊,423,,
01519-4503-8.zip,202602101146,利尻郡利尻富士町鬼脇字鰊泊,432,,
01519-4503-8.zip,202602101146,利尻郡利尻富士町鬼脇字鰊泊,431,,
01519-4503-8.zip,202602101146,利尻郡利尻富士町鬼脇字旭浜,217,,
01519-4503-8.zip,202602101146,利尻郡利尻富士町鬼脇字旭浜,216,,
01519-4503-8.zip,202602101146,利尻郡利尻富士町鬼脇字旭浜,212,,
01519-4503-8.zip,202602101146,利尻郡利尻富士町鬼脇字旭浜,211,,
01519-4503-8.zip,202602101146,利尻郡利尻富士町鬼脇字旭浜,215,,
01519-4503-8.zip,202602101146,利尻郡利尻富士町鬼脇字旭浜,長狭物不明-67,,
01519-4503-8.zip,202602101146,利尻郡利尻富士町鬼脇字旭浜,213,,
01519-4503-8.zip,202602101146,利尻郡利尻富士町鬼脇字旭浜,214,,
01519-4503-8.zip,202602101146,利尻郡利尻富士町鬼脇字旭浜,180,,
01519-4503-8.zip,202602101146,利尻郡利尻富士町鬼脇字旭浜,179,,
01519-4503-8.zip,202602101146,利尻郡利尻富士町鬼脇字旭浜,178,,
01519-4503-8.zip,202602101146,利尻郡利尻富士町鬼脇字旭浜,159,,
01519-4503-8.zip,202602101146,利尻郡利尻富士町鬼脇字旭浜,155,,
01519-4503-8.zip,202602101146,利尻郡利尻富士町鬼脇字旭浜,160,,
01519-4503-8.zip,202602101146,利尻郡利尻富士町鬼脇字旭浜,158,,
01519-4503-8.zip,202602101146,利尻郡利尻富士町鬼脇字旭浜,156,,
01519-4503-8.zip,202602101146,利尻郡利尻富士町鬼脇字旭浜,157,,
01519-4503-8.zip,202602101146,利尻郡利尻富士町鬼脇字旭浜,161,,
01519-4503-8.zip,202602101146,利尻郡利尻富士町鬼脇字旭浜,220,,
01519-4503-8.zip,202602101146,利尻郡利尻富士町,地区外-704489,,
01519-4503-8.zip,202602101146,利尻郡利尻富士町鬼脇字鰊泊,419,,
01519-4503-8.zip,202602101146,利尻郡利尻富士町鬼脇字鰊泊,417,,
01519-4503-8.zip,202602101146,利尻郡利尻富士町鬼脇字鰊泊,418,,
01519-4503-8.zip,202602101146,利尻郡利尻富士町鬼脇字鰊泊,427,,
01519-4503-8.zip,202602101146,利尻郡利尻富士町鬼脇字鰊泊,420,,
01519-4503-8.zip,202602101146,利尻郡利尻富士町,地区外-704495,,
01519-4503-8.zip,202602101146,利尻郡利尻富士町鬼脇字鰊泊,長狭物不明-68,,
01519-4503-8.zip,202602101146,利尻郡利尻富士町,地区外-704497,,
01519-4503-8.zip,202602101146,利尻郡利尻富士町,地区外-704498,,
01519-4503-8.zip,202602101146,利尻郡利尻富士町,地区外-704499,,
01519-4503-8.zip,202602101146,利尻郡利尻富士町鬼脇字二石,181,,
01519-4503-8.zip,202602101146,利尻郡利尻富士町,地区外-704501,,
01519-4503-8.zip,202602101146,利尻郡利尻富士町鬼脇字二石,165,,
01519-4503-8.zip,202602101146,利尻郡利尻富士町鬼脇字二石,267,,
01519-4503-8.zip,202602101146,利尻郡利尻富士町,地区外-704504,,
01519-4503-8.zip,202602101146,利尻郡利尻富士町鬼脇字二石,226,,
01519-4503-8.zip,202602101146,利尻郡利尻富士町鬼脇字二石,225,,
01519-4503-8.zip,202602101146,利尻郡利尻富士町鬼脇字二石,224,,
01519-4503-8.zip,202602101146,利尻郡利尻富士町鬼脇字二石,182,,
01519-4503-8.zip,202602101146,利尻郡利尻富士町鬼脇字二石,340,,
01519-4503-8.zip,202602101146,利尻郡利尻富士町鬼脇字二石,339,,
01519-4503-8.zip,202602101146,利尻郡利尻富士町鬼脇字二石,342,,
01519-4503-8.zip,202602101146,利尻郡利尻富士町鬼脇字二石,343,,
01519-4503-8.zip,202602101146,利尻郡利尻富士町鬼脇字二石,341,,
01519-4503-8.zip,202602101146,利尻郡利尻富士町鬼脇字二石,320,,
01519-4503-8.zip,202602101146,利尻郡利尻富士町,地区外-704515,,
01519-4503-8.zip,202602101146,利尻郡利尻富士町鬼脇字二石,長狭物不明-69,,
01519-4503-8.zip,202602101146,利尻郡利尻富士町鬼脇字二石,270,,
01519-4503-8.zip,202602101146,利尻郡利尻富士町鬼脇字二石,269,,
01519-4503-8.zip,202602101146,利尻郡利尻富士町鬼脇字二石,268,,
01519-4503-8.zip,202602101146,利尻郡利尻富士町鬼脇字二石,321,,
01519-4503-8.zip,202602101146,利尻郡利尻富士町鬼脇字二石,327,,
01519-4503-8.zip,202602101146,利尻郡利尻富士町鬼脇字二石,322,,
01519-4503-8.zip,202602101146,利尻郡利尻富士町鬼脇字二石,328,,
01519-4503-8.zip,202602101146,利尻郡利尻富士町鬼脇字二石,329,,
01519-4503-8.zip,202602101146,利尻郡利尻富士町鬼脇字石崎,390,,
01519-4503-8.zip,202602101146,利尻郡利尻富士町,地区外-704526,,
01519-4503-8.zip,202602101146,利尻郡利尻富士町鬼脇字石崎,長狭物不明-70,,
01519-4503-8.zip,202602101146,利尻郡利尻富士町鬼脇字石崎,394,,
01519-4503-8.zip,202602101146,利尻郡利尻富士町鬼脇字石崎,長狭物不明-71,,
01519-4503-8.zip,202602101146,利尻郡利尻富士町鬼脇字二石,323,,
01519-4503-8.zip,202602101146,利尻郡利尻富士町鬼脇字石崎,399,,
01519-4503-8.zip,202602101146,利尻郡利尻富士町鬼脇字石崎,392,,
01519-4503-8.zip,202602101146,利尻郡利尻富士町鬼脇字石崎,382,,
01519-4503-8.zip,202602101146,利尻郡利尻富士町,地区外-704534,,
01519-4503-8.zip,202602101146,利尻郡利尻富士町鬼脇字石崎,383,,
01519-4503-8.zip,202602101146,利尻郡利尻富士町鬼脇字石崎,384,,
01519-4503-8.zip,202602101146,利尻郡利尻富士町鬼脇字石崎,381,,
01519-4503-8.zip,202602101146,利尻郡利尻富士町鬼脇字石崎,380,,
01519-4503-8.zip,202602101146,利尻郡利尻富士町鬼脇字石崎,403,,
01519-4503-8.zip,202602101146,利尻郡利尻富士町鬼脇字石崎,402,,
01519-4503-8.zip,202602101146,利尻郡利尻富士町鬼脇字石崎,400,,
01519-4503-8.zip,202602101146,利尻郡利尻富士町鬼脇字石崎,401,,
01519-4503-8.zip,202602101146,利尻郡利尻富士町鬼脇字石崎,391,,
01519-4503-8.zip,202602101146,利尻郡利尻富士町鬼脇字石崎,386,,
01519-4503-8.zip,202602101146,利尻郡利尻富士町鬼脇字石崎,385,,
01519-4503-8.zip,202602101146,利尻郡利尻富士町,地区外-704546,,
01519-4503-8.zip,202602101146,利尻郡利尻富士町鬼脇字石崎,長狭物不明-72,,
01519-4503-8.zip,202602101146,利尻郡利尻富士町鬼脇字石崎,357,,
01519-4503-8.zip,202602101146,利尻郡利尻富士町鬼脇字石崎,358,,
01519-4503-8.zip,202602101146,利尻郡利尻富士町鬼脇字石崎,359,,
01519-4503-8.zip,202602101146,利尻郡利尻富士町鬼脇字石崎,361,,
01519-4503-8.zip,202602101146,利尻郡利尻富士町,地区外-704552,,
01519-4503-8.zip,202602101146,利尻郡利尻富士町鬼脇字石崎,333,,
01519-4503-8.zip,202602101146,利尻郡利尻富士町鬼脇字石崎,332,,
01519-4503-8.zip,202602101146,利尻郡利尻富士町鬼脇字石崎,長狭物不明-73,,
01519-4503-8.zip,202602101146,利尻郡利尻富士町鬼脇字石崎,331,,
01519-4503-8.zip,202602101146,利尻郡利尻富士町鬼脇字石崎,長狭物不明-74,,
01519-4503-8.zip,202602101146,利尻郡利尻富士町鬼脇字石崎,335,,
01519-4503-8.zip,202602101146,利尻郡利尻富士町鬼脇字石崎,334,,
01519-4503-8.zip,202602101146,利尻郡利尻富士町鬼脇字石崎,長狭物不明-75,,
01519-4503-8.zip,202602101146,利尻郡利尻富士町鬼脇字石崎,長狭物不明-76,,
01519-4503-8.zip,202602101146,利尻郡利尻富士町,地区外-704562,,
01519-4503-8.zip,202602101146,利尻郡利尻富士町鬼脇字石崎,長狭物不明-77,,
01519-4503-8.zip,202602101146,利尻郡利尻富士町,地区外-704564,,
01519-4503-8.zip,202602101146,利尻郡利尻富士町鬼脇字石崎,316-6,,
01519-4503-8.zip,202602101146,利尻郡利尻富士町鬼脇字旭浜,長狭物不明-78,,
01519-4503-8.zip,202602101146,利尻郡利尻富士町鬼脇字旭浜,長狭物不明-79,,
01519-4503-8.zip,202602101146,利尻郡利尻富士町鬼脇字旭浜,長狭物不明-80,,
01519-4503-8.zip,202602101146,利尻郡利尻富士町,地区外-704569,,
01519-4503-8.zip,202602101146,利尻郡利尻富士町鬼脇字旭浜,258,,
01519-4503-8.zip,202602101146,利尻郡利尻富士町鬼脇字旭浜,82,,
01519-4503-8.zip,202602101146,利尻郡利尻富士町,地区外-704572,,
01519-4503-8.zip,202602101146,利尻郡利尻富士町鬼脇字旭浜,80,,
01519-4503-8.zip,202602101146,利尻郡利尻富士町鬼脇字旭浜,78,,
01519-4503-8.zip,202602101146,利尻郡利尻富士町鬼脇字旭浜,水-43,,
01519-4503-8.zip,202602101146,利尻郡利尻富士町鬼脇字旭浜,77,,
01519-4503-8.zip,202602101146,利尻郡利尻富士町鬼脇字旭浜,75,,
01519-4503-8.zip,202602101146,利尻郡利尻富士町鬼脇字旭浜,水-44,,
01519-4503-8.zip,202602101146,利尻郡利尻富士町鬼脇字旭浜,長狭物不明-81,,
01519-4503-8.zip,202602101146,利尻郡利尻富士町鬼脇字旭浜,74,,
01519-4503-8.zip,202602101146,利尻郡利尻富士町鬼脇字旭浜,76,,
01519-4503-8.zip,202602101146,利尻郡利尻富士町鬼脇字旭浜,81,,
01519-4503-8.zip,202602101146,利尻郡利尻富士町鬼脇字旭浜,79,,
01519-4503-8.zip,202602101146,利尻郡利尻富士町鬼脇字旭浜,長狭物不明-82,,
01519-4503-8.zip,202602101146,利尻郡利尻富士町鬼脇字旭浜,長狭物不明-83,,
01519-4503-8.zip,202602101146,利尻郡利尻富士町鬼脇字旭浜,長狭物不明-84,,
01519-4503-8.zip,202602101146,利尻郡利尻富士町鬼脇字旭浜,52,,
01519-4503-8.zip,202602101146,利尻郡利尻富士町鬼脇字旭浜,長狭物不明-85,,
01519-4503-8.zip,202602101146,利尻郡利尻富士町鬼脇字旭浜,51,,
01519-4503-8.zip,202602101146,利尻郡利尻富士町鬼脇字旭浜,48,,
01519-4503-8.zip,202602101146,利尻郡利尻富士町鬼脇字旭浜,49,,
01519-4503-8.zip,202602101146,利尻郡利尻富士町鬼脇字旭浜,50,,
01519-4503-8.zip,202602101146,利尻郡利尻富士町,地区外-704593,,
01519-4503-8.zip,202602101146,利尻郡利尻富士町鬼脇字旭浜,長狭物不明-10-2,,
01519-4503-8.zip,202602101146,利尻郡利尻富士町鬼脇字旭浜,長狭物不明-10-3,,
01519-4503-8.zip,202602101146,利尻郡利尻富士町鬼脇字旭浜,長狭物不明-10-4,,
01519-4503-8.zip,202602101146,利尻郡利尻富士町鬼脇字旭浜,長狭物不明-10-5,,
01519-4503-8.zip,202602101146,利尻郡利尻富士町鬼脇字旭浜,長狭物不明-10-1,,
01519-4503-8.zip,202602101146,利尻郡利尻富士町鬼脇字旭浜,長狭物不明-9,,
01519-4503-8.zip,202602101146,利尻郡利尻富士町鬼脇字旭浜,長狭物不明-63,,
01519-4503-8.zip,202602101146,利尻郡利尻富士町,地区外-704453,,
01519-4503-8.zip,202602101146,利尻郡利尻富士町鬼脇字旭浜,水-42,,
01519-4503-8.zip,202602101146,利尻郡利尻富士町鬼脇字旭浜,333,,
01519-4503-8.zip,202602101146,利尻郡利尻富士町鬼脇字旭浜,334,,
01519-4503-8.zip,202602101146,利尻郡利尻富士町鬼脇字旭浜,335,,
01519-4503-8.zip,202602101146,利尻郡利尻富士町鬼脇字鰊泊,水-3-2,,
01519-4503-8.zip,202602101146,利尻郡利尻富士町鬼脇字鰊泊,592,,
01519-4503-8.zip,202602101146,利尻郡利尻富士町鬼脇字二石,筆界未定地-5-1,利尻郡利尻富士町鬼脇字二石,337
01519-4503-8.zip,202602101146,利尻郡利尻富士町鬼脇字二石,筆界未定地-5-1,利尻郡利尻富士町鬼脇字二石,338
01519-4503-8.zip,202602101146,利尻郡利尻富士町鬼脇字石崎,筆界未定地-3,利尻郡利尻富士町鬼脇字石崎,324
01519-4503-8.zip,202602101146,利尻郡利尻富士町鬼脇字石崎,筆界未定地-3,利尻郡利尻富士町鬼脇字石崎,325
01519-4503-8.zip,202602101146,利尻郡利尻富士町鬼脇字石崎,筆界未定地-3,利尻郡利尻富士町鬼脇字石崎,無地番-2
01519-4503-8.zip,202602101146,利尻郡利尻富士町鬼脇字旭浜,264-1,,
01519-4503-8.zip,202602101146,利尻郡利尻富士町鬼脇字旭浜,264-12,,
01519-4503-8.zip,202602101146,利尻郡利尻富士町鬼脇字石崎,筆界未定地-12,利尻郡利尻富士町鬼脇字石崎,319-1
01519-4503-8.zip,202602101146,利尻郡利尻富士町鬼脇字石崎,筆界未定地-12,利尻郡利尻富士町鬼脇字石崎,319-2
01519-4503-8.zip,202602101146,利尻郡利尻富士町鬼脇字石崎,筆界未定地-12,利尻郡利尻富士町鬼脇字石崎,319-3
01519-4503-8.zip,202602101146,利尻郡利尻富士町,地区外-704371,,
01519-4503-8.zip,202602101146,利尻郡利尻富士町,地区外-704362,,
01519-4503-8.zip,202602101146,利尻郡利尻富士町,地区外-703836,,
01519-4503-8.zip,202602101146,利尻郡利尻富士町鬼脇字旭浜,264-11,,
01519-4503-8.zip,202602101146,利尻郡利尻富士町鬼脇字旭浜,264-8,,
01519-4503-8.zip,202602101146,利尻郡利尻富士町鬼脇字石崎,713,,
01519-4503-8.zip,202602101146,利尻郡利尻富士町鬼脇字石崎,714,,
01519-4503-8.zip,202602101146,利尻郡利尻富士町鬼脇字石崎,715,,
01519-4503-8.zip,202602101146,利尻郡利尻富士町鬼脇字石崎,716,,
01519-4503-8.zip,202602101146,利尻郡利尻富士町鬼脇字石崎,721,,
01519-4503-8.zip,202602101146,利尻郡利尻富士町鬼脇字石崎,712,,
01519-4503-8.zip,202602101146,利尻郡利尻富士町鬼脇字石崎,717,,
01519-4503-8.zip,202602101146,利尻郡利尻富士町,地区外-704192,,
01519-4503-8.zip,202602101146,利尻郡利尻富士町鬼脇字鰊泊,長狭物不明-42,,
01519-4503-8.zip,202602101146,利尻郡利尻富士町鬼脇字鰊泊,水-3-3,,
01519-4503-8.zip,202602101146,利尻郡利尻富士町鬼脇字鰊泊,長狭物不明-12,,
01519-4503-8.zip,202602101146,利尻郡利尻富士町鬼脇字鰊泊,322-6,,
01519-4503-8.zip,202602101146,利尻郡利尻富士町鬼脇字鰊泊,322-4,,
01519-4503-8.zip,202602101146,利尻郡利尻富士町,地区外-703828,,
01519-4503-8.zip,202602101146,利尻郡利尻富士町,地区外-704182,,
01519-4503-8.zip,202602101146,利尻郡利尻富士町鬼脇字鰊泊,筆界未定地-15,利尻郡利尻富士町鬼脇字鰊泊,320
01519-4503-8.zip,202602101146,利尻郡利尻富士町鬼脇字鰊泊,筆界未定地-15,利尻郡利尻富士町鬼脇字鰊泊,322-1
01519-4503-8.zip,202602101146,利尻郡利尻富士町鬼脇字鰊泊,筆界未定地-15,利尻郡利尻富士町鬼脇字鰊泊,322-2
01519-4503-8.zip,202602101146,利尻郡利尻富士町鬼脇字鰊泊,筆界未定地-15,利尻郡利尻富士町鬼脇字鰊泊,322-3
01519-4503-8.zip,202602101146,利尻郡利尻富士町鬼脇字鰊泊,筆界未定地-15,利尻郡利尻富士町鬼脇字鰊泊,322-5
01519-4503-8.zip,202602101146,利尻郡利尻富士町鬼脇字鰊泊,筆界未定地-15,利尻郡利尻富士町鬼脇字鰊泊,323
01519-4503-8.zip,202602101146,利尻郡利尻富士町鬼脇字鰊泊,筆界未定地-15,利尻郡利尻富士町鬼脇字鰊泊,324
01519-4503-8.zip,202602101146,利尻郡利尻富士町鬼脇字鰊泊,筆界未定地-15,利尻郡利尻富士町鬼脇字鰊泊,325
01519-4503-8.zip,202602101146,利尻郡利尻富士町鬼脇字鰊泊,筆界未定地-15-1,利尻郡利尻富士町鬼脇字鰊泊,298
01519-4503-8.zip,202602101146,利尻郡利尻富士町鬼脇字鰊泊,筆界未定地-15-1,利尻郡利尻富士町鬼脇字鰊泊,299
01519-4503-8.zip,202602101146,利尻郡利尻富士町鬼脇字鰊泊,筆界未定地-15-1,利尻郡利尻富士町鬼脇字鰊泊,300
01519-4503-8.zip,202602101146,利尻郡利尻富士町鬼脇字鰊泊,筆界未定地-15-1,利尻郡利尻富士町鬼脇字鰊泊,301
01519-4503-8.zip,202602101146,利尻郡利尻富士町鬼脇字鰊泊,筆界未定地-15-1,利尻郡利尻富士町鬼脇字鰊泊,303
01519-4503-9.zip,202602101146,利尻郡利尻富士町,地区外-707258,,
01519-4503-9.zip,202602101146,利尻郡利尻富士町鴛泊字湾内,長狭物不明-3,,
01519-4503-9.zip,202602101146,利尻郡利尻富士町鴛泊字湾内,別図-1,,
01519-4503-9.zip,202602101146,利尻郡利尻富士町鴛泊字湾内,長狭物不明-4,,
01519-4503-9.zip,202602101146,利尻郡利尻富士町鴛泊字湾内,長狭物不明-5,,
01519-4503-9.zip,202602101146,利尻郡利尻富士町,地区外-707264,,
01519-4503-9.zip,202602101146,利尻郡利尻富士町鴛泊字湾内,水-1,,
01519-4503-9.zip,202602101146,利尻郡利尻富士町鴛泊字湾内,別図-2,,
01519-4503-9.zip,202602101146,利尻郡利尻富士町鴛泊字湾内,長狭物不明-6,,
01519-4503-9.zip,202602101146,利尻郡利尻富士町鴛泊字野塚,長狭物不明-7,,
01519-4503-9.zip,202602101146,利尻郡利尻富士町鴛泊字野塚,長狭物不明-8,,
01519-4503-9.zip,202602101146,利尻郡利尻富士町鴛泊字野塚,長狭物不明-9,,
01519-4503-9.zip,202602101146,利尻郡利尻富士町鴛泊字雄忠志内,長狭物不明-10,,
01519-4503-9.zip,202602101146,利尻郡利尻富士町鴛泊字雄忠志内,長狭物不明-11,,
01519-4503-9.zip,202602101146,利尻郡利尻富士町鴛泊字湾内,長狭物不明-13,,
01519-4503-9.zip,202602101146,利尻郡利尻富士町鴛泊字野塚,311,,
01519-4503-9.zip,202602101146,利尻郡利尻富士町,地区外-707276,,
01519-4503-9.zip,202602101146,利尻郡利尻富士町鴛泊字雄忠志内,筆界未定地-2,利尻郡利尻富士町鴛泊字雄忠志内,281
01519-4503-9.zip,202602101146,利尻郡利尻富士町鴛泊字雄忠志内,筆界未定地-2,利尻郡利尻富士町鴛泊字雄忠志内,282
01519-4503-9.zip,202602101146,利尻郡利尻富士町鴛泊字雄忠志内,筆界未定地-2,利尻郡利尻富士町鴛泊字雄忠志内,283
01519-4503-9.zip,202602101146,利尻郡利尻富士町鴛泊字雄忠志内,筆界未定地-2,利尻郡利尻富士町鴛泊字雄忠志内,284
01519-4503-9.zip,202602101146,利尻郡利尻富士町鴛泊字港町,149,,
01519-4503-9.zip,202602101146,利尻郡利尻富士町鴛泊字雄忠志内,筆界未定地-4,利尻郡利尻富士町鴛泊字雄忠志内,291-1
01519-4503-9.zip,202602101146,利尻郡利尻富士町鴛泊字雄忠志内,筆界未定地-4,利尻郡利尻富士町鴛泊字雄忠志内,291-2
01519-4503-9.zip,202602101146,利尻郡利尻富士町鴛泊字雄忠志内,筆界未定地-4,利尻郡利尻富士町鴛泊字雄忠志内,291-3
01519-4503-9.zip,202602101146,利尻郡利尻富士町鴛泊字雄忠志内,筆界未定地-7,利尻郡利尻富士町鴛泊字雄忠志内,310
01519-4503-9.zip,202602101146,利尻郡利尻富士町鴛泊字雄忠志内,筆界未定地-7,利尻郡利尻富士町鴛泊字雄忠志内,311
01519-4503-9.zip,202602101146,利尻郡利尻富士町鴛泊字雄忠志内,筆界未定地-9,利尻郡利尻富士町鴛泊字雄忠志内,304
01519-4503-9.zip,202602101146,利尻郡利尻富士町鴛泊字雄忠志内,筆界未定地-9,利尻郡利尻富士町鴛泊字雄忠志内,305
01519-4503-9.zip,202602101146,利尻郡利尻富士町鴛泊字雄忠志内,筆界未定地-9,利尻郡利尻富士町鴛泊字雄忠志内,306
01519-4503-9.zip,202602101146,利尻郡利尻富士町鴛泊字雄忠志内,筆界未定地-9,利尻郡利尻富士町鴛泊字雄忠志内,307
01519-4503-9.zip,202602101146,利尻郡利尻富士町鴛泊字雄忠志内,筆界未定地-9,利尻郡利尻富士町鴛泊字雄忠志内,312
01519-4503-9.zip,202602101146,利尻郡利尻富士町鴛泊字雄忠志内,筆界未定地-9,利尻郡利尻富士町鴛泊字雄忠志内,313
01519-4503-9.zip,202602101146,利尻郡利尻富士町鴛泊字雄忠志内,筆界未定地-9,利尻郡利尻富士町鴛泊字雄忠志内,314
01519-4503-9.zip,202602101146,利尻郡利尻富士町鴛泊字雄忠志内,筆界未定地-10,利尻郡利尻富士町鴛泊字雄忠志内,315
01519-4503-9.zip,202602101146,利尻郡利尻富士町鴛泊字雄忠志内,筆界未定地-10,利尻郡利尻富士町鴛泊字雄忠志内,水-3
01519-4503-9.zip,202602101146,利尻郡利尻富士町鴛泊字雄忠志内,筆界未定地-11,利尻郡利尻富士町鴛泊字雄忠志内,292
01519-4503-9.zip,202602101146,利尻郡利尻富士町鴛泊字雄忠志内,筆界未定地-11,利尻郡利尻富士町鴛泊字雄忠志内,293
01519-4503-9.zip,202602101146,利尻郡利尻富士町鴛泊字雄忠志内,筆界未定地-12,利尻郡利尻富士町鴛泊字雄忠志内,332
01519-4503-9.zip,202602101146,利尻郡利尻富士町鴛泊字雄忠志内,筆界未定地-12,利尻郡利尻富士町鴛泊字雄忠志内,333
01519-4503-9.zip,202602101146,利尻郡利尻富士町鴛泊字雄忠志内,筆界未定地-12,利尻郡利尻富士町鴛泊字雄忠志内,334
01519-4503-9.zip,202602101146,利尻郡利尻富士町鴛泊字雄忠志内,筆界未定地-13,利尻郡利尻富士町鴛泊字雄忠志内,339
01519-4503-9.zip,202602101146,利尻郡利尻富士町鴛泊字雄忠志内,筆界未定地-13,利尻郡利尻富士町鴛泊字雄忠志内,340
01519-4503-9.zip,202602101146,利尻郡利尻富士町鴛泊字雄忠志内,筆界未定地-14,利尻郡利尻富士町鴛泊字雄忠志内,335-1
01519-4503-9.zip,202602101146,利尻郡利尻富士町鴛泊字雄忠志内,筆界未定地-14,利尻郡利尻富士町鴛泊字雄忠志内,335-2
01519-4503-9.zip,202602101146,利尻郡利尻富士町鴛泊字雄忠志内,筆界未定地-14,利尻郡利尻富士町鴛泊字雄忠志内,335-3
01519-4503-9.zip,202602101146,利尻郡利尻富士町鴛泊字野塚,筆界未定地-16,利尻郡利尻富士町鴛泊字野塚,356-1
01519-4503-9.zip,202602101146,利尻郡利尻富士町鴛泊字野塚,筆界未定地-16,利尻郡利尻富士町鴛泊字野塚,356-3
01519-4503-9.zip,202602101146,利尻郡利尻富士町鴛泊字野塚,筆界未定地-16,利尻郡利尻富士町鴛泊字野塚,356-4
01519-4503-9.zip,202602101146,利尻郡利尻富士町鴛泊字野塚,筆界未定地-16,利尻郡利尻富士町鴛泊字野塚,356-5
01519-4503-9.zip,202602101146,利尻郡利尻富士町鴛泊字野塚,筆界未定地-16,利尻郡利尻富士町鴛泊字野塚,356-6
01519-4503-9.zip,202602101146,利尻郡利尻富士町鴛泊字野塚,筆界未定地-16,利尻郡利尻富士町鴛泊字野塚,356-7
01519-4503-9.zip,202602101146,利尻郡利尻富士町鴛泊字野塚,筆界未定地-16,利尻郡利尻富士町鴛泊字野塚,356-8
01519-4503-9.zip,202602101146,利尻郡利尻富士町鴛泊字野塚,筆界未定地-17,利尻郡利尻富士町鴛泊字野塚,310
01519-4503-9.zip,202602101146,利尻郡利尻富士町鴛泊字野塚,筆界未定地-17,利尻郡利尻富士町鴛泊字野塚,道-1
01519-4503-9.zip,202602101146,利尻郡利尻富士町鴛泊字野塚,筆界未定地-18,利尻郡利尻富士町鴛泊字野塚,411
01519-4503-9.zip,202602101146,利尻郡利尻富士町鴛泊字野塚,筆界未定地-18,利尻郡利尻富士町鴛泊字野塚,412
01519-4503-9.zip,202602101146,利尻郡利尻富士町鴛泊字野塚,筆界未定地-18,利尻郡利尻富士町鴛泊字野塚,413
01519-4503-9.zip,202602101146,利尻郡利尻富士町鴛泊字野塚,筆界未定地-18,利尻郡利尻富士町鴛泊字野塚,414
01519-4503-9.zip,202602101146,利尻郡利尻富士町鴛泊字雄忠志内,筆界未定地-19,利尻郡利尻富士町鴛泊字雄忠志内,348-1
01519-4503-9.zip,202602101146,利尻郡利尻富士町鴛泊字雄忠志内,筆界未定地-19,利尻郡利尻富士町鴛泊字雄忠志内,348-2
01519-4503-9.zip,202602101146,利尻郡利尻富士町鴛泊字雄忠志内,筆界未定地-20,利尻郡利尻富士町鴛泊字雄忠志内,344
01519-4503-9.zip,202602101146,利尻郡利尻富士町鴛泊字雄忠志内,筆界未定地-20,利尻郡利尻富士町鴛泊字雄忠志内,345
01519-4503-9.zip,202602101146,利尻郡利尻富士町鴛泊字雄忠志内,筆界未定地-21,利尻郡利尻富士町鴛泊字雄忠志内,341-1
01519-4503-9.zip,202602101146,利尻郡利尻富士町鴛泊字雄忠志内,筆界未定地-21,利尻郡利尻富士町鴛泊字雄忠志内,341-2
01519-4503-9.zip,202602101146,利尻郡利尻富士町鴛泊字雄忠志内,筆界未定地-24,利尻郡利尻富士町鴛泊字雄忠志内,342
01519-4503-9.zip,202602101146,利尻郡利尻富士町鴛泊字雄忠志内,筆界未定地-24,利尻郡利尻富士町鴛泊字雄忠志内,343
01519-4503-9.zip,202602101146,利尻郡利尻富士町鴛泊字野塚,筆界未定地-25,利尻郡利尻富士町鴛泊字野塚,444-2
01519-4503-9.zip,202602101146,利尻郡利尻富士町鴛泊字野塚,筆界未定地-25,利尻郡利尻富士町鴛泊字野塚,444-8
01519-4503-9.zip,202602101146,利尻郡利尻富士町鴛泊字野塚,筆界未定地-25,利尻郡利尻富士町鴛泊字野塚,444-9
01519-4503-9.zip,202602101146,利尻郡利尻富士町鴛泊字野塚,筆界未定地-26,利尻郡利尻富士町鴛泊字野塚,294
01519-4503-9.zip,202602101146,利尻郡利尻富士町鴛泊字野塚,筆界未定地-26,利尻郡利尻富士町鴛泊字野塚,道-2
01519-4503-9.zip,202602101146,利尻郡利尻富士町鴛泊字野塚,筆界未定地-27,利尻郡利尻富士町鴛泊字野塚,295
01519-4503-9.zip,202602101146,利尻郡利尻富士町鴛泊字野塚,筆界未定地-27,利尻郡利尻富士町鴛泊字野塚,道-3
01519-4503-9.zip,202602101146,利尻郡利尻富士町鴛泊字野塚,筆界未定地-28,利尻郡利尻富士町鴛泊字野塚,375
01519-4503-9.zip,202602101146,利尻郡利尻富士町鴛泊字野塚,筆界未定地-28,利尻郡利尻富士町鴛泊字野塚,376
01519-4503-9.zip,202602101146,利尻郡利尻富士町鴛泊字野塚,筆界未定地-28,利尻郡利尻富士町鴛泊字野塚,377
01519-4503-9.zip,202602101146,利尻郡利尻富士町鴛泊字野塚,筆界未定地-28,利尻郡利尻富士町鴛泊字野塚,378
01519-4503-9.zip,202602101146,利尻郡利尻富士町鴛泊字野塚,筆界未定地-29,利尻郡利尻富士町鴛泊字野塚,339
01519-4503-9.zip,202602101146,利尻郡利尻富士町鴛泊字野塚,筆界未定地-29,利尻郡利尻富士町鴛泊字野塚,340
01519-4503-9.zip,202602101146,利尻郡利尻富士町鴛泊字野塚,筆界未定地-29,利尻郡利尻富士町鴛泊字野塚,341
01519-4503-9.zip,202602101146,利尻郡利尻富士町鴛泊字野塚,筆界未定地-30,利尻郡利尻富士町鴛泊字野塚,342
01519-4503-9.zip,202602101146,利尻郡利尻富士町鴛泊字野塚,筆界未定地-30,利尻郡利尻富士町鴛泊字野塚,343
01519-4503-9.zip,202602101146,利尻郡利尻富士町鴛泊字野塚,筆界未定地-30,利尻郡利尻富士町鴛泊字野塚,344
01519-4503-9.zip,202602101146,利尻郡利尻富士町鴛泊字野塚,筆界未定地-31,利尻郡利尻富士町鴛泊字野塚,349
01519-4503-9.zip,202602101146,利尻郡利尻富士町鴛泊字野塚,筆界未定地-31,利尻郡利尻富士町鴛泊字野塚,350
01519-4503-9.zip,202602101146,利尻郡利尻富士町鴛泊字野塚,筆界未定地-31,利尻郡利尻富士町鴛泊字野塚,351
01519-4503-9.zip,202602101146,利尻郡利尻富士町鴛泊字野塚,筆界未定地-32,利尻郡利尻富士町鴛泊字野塚,353
01519-4503-9.zip,202602101146,利尻郡利尻富士町鴛泊字野塚,筆界未定地-32,利尻郡利尻富士町鴛泊字野塚,354
01519-4503-9.zip,202602101146,利尻郡利尻富士町鴛泊字野塚,筆界未定地-32,利尻郡利尻富士町鴛泊字野塚,355
01519-4503-9.zip,202602101146,利尻郡利尻富士町鴛泊字野塚,筆界未定地-33,利尻郡利尻富士町鴛泊字野塚,314
01519-4503-9.zip,202602101146,利尻郡利尻富士町鴛泊字野塚,筆界未定地-33,利尻郡利尻富士町鴛泊字野塚,315
01519-4503-9.zip,202602101146,利尻郡利尻富士町鴛泊字野塚,筆界未定地-34,利尻郡利尻富士町鴛泊字野塚,320
01519-4503-9.zip,202602101146,利尻郡利尻富士町鴛泊字野塚,筆界未定地-34,利尻郡利尻富士町鴛泊字野塚,321
01519-4503-9.zip,202602101146,利尻郡利尻富士町鴛泊字野塚,筆界未定地-34,利尻郡利尻富士町鴛泊字野塚,322
01519-4503-9.zip,202602101146,利尻郡利尻富士町鴛泊字野塚,筆界未定地-34,利尻郡利尻富士町鴛泊字野塚,323
01519-4503-9.zip,202602101146,利尻郡利尻富士町鴛泊字野塚,筆界未定地-34,利尻郡利尻富士町鴛泊字野塚,324
01519-4503-9.zip,202602101146,利尻郡利尻富士町鴛泊字野塚,筆界未定地-34,利尻郡利尻富士町鴛泊字野塚,325
01519-4503-9.zip,202602101146,利尻郡利尻富士町鴛泊字野塚,筆界未定地-34,利尻郡利尻富士町鴛泊字野塚,326
01519-4503-9.zip,202602101146,利尻郡利尻富士町鴛泊字野塚,筆界未定地-34,利尻郡利尻富士町鴛泊字野塚,327
01519-4503-9.zip,202602101146,利尻郡利尻富士町鴛泊字野塚,筆界未定地-35,利尻郡利尻富士町鴛泊字野塚,302
01519-4503-9.zip,202602101146,利尻郡利尻富士町鴛泊字野塚,筆界未定地-35,利尻郡利尻富士町鴛泊字野塚,303
01519-4503-9.zip,202602101146,利尻郡利尻富士町鴛泊字野塚,筆界未定地-35,利尻郡利尻富士町鴛泊字野塚,304
01519-4503-9.zip,202602101146,利尻郡利尻富士町鴛泊字野塚,筆界未定地-35,利尻郡利尻富士町鴛泊字野塚,305
01519-4503-9.zip,202602101146,利尻郡利尻富士町鴛泊字野塚,筆界未定地-35,利尻郡利尻富士町鴛泊字野塚,306
01519-4503-9.zip,202602101146,利尻郡利尻富士町鴛泊字野塚,筆界未定地-35,利尻郡利尻富士町鴛泊字野塚,道-4
01519-4503-9.zip,202602101146,利尻郡利尻富士町鴛泊字野塚,筆界未定地-36,利尻郡利尻富士町鴛泊字野塚,307-1
01519-4503-9.zip,202602101146,利尻郡利尻富士町鴛泊字野塚,筆界未定地-36,利尻郡利尻富士町鴛泊字野塚,307-2
01519-4503-9.zip,202602101146,利尻郡利尻富士町鴛泊字野塚,筆界未定地-36,利尻郡利尻富士町鴛泊字野塚,308
01519-4503-9.zip,202602101146,利尻郡利尻富士町鴛泊字野塚,筆界未定地-36,利尻郡利尻富士町鴛泊字野塚,道-5
01519-4503-9.zip,202602101146,利尻郡利尻富士町鴛泊字野塚,筆界未定地-37,利尻郡利尻富士町鴛泊字野塚,328
01519-4503-9.zip,202602101146,利尻郡利尻富士町鴛泊字野塚,筆界未定地-37,利尻郡利尻富士町鴛泊字野塚,329
01519-4503-9.zip,202602101146,利尻郡利尻富士町鴛泊字野塚,筆界未定地-37,利尻郡利尻富士町鴛泊字野塚,330
01519-4503-9.zip,202602101146,利尻郡利尻富士町鴛泊字野塚,筆界未定地-37,利尻郡利尻富士町鴛泊字野塚,331
01519-4503-9.zip,202602101146,利尻郡利尻富士町鴛泊字野塚,筆界未定地-37,利尻郡利尻富士町鴛泊字野塚,332
01519-4503-9.zip,202602101146,利尻郡利尻富士町鴛泊字野塚,筆界未定地-37,利尻郡利尻富士町鴛泊字野塚,333
01519-4503-9.zip,202602101146,利尻郡利尻富士町鴛泊字野塚,筆界未定地-37,利尻郡利尻富士町鴛泊字野塚,334
01519-4503-9.zip,202602101146,利尻郡利尻富士町鴛泊字野塚,筆界未定地-38,利尻郡利尻富士町鴛泊字野塚,296
01519-4503-9.zip,202602101146,利尻郡利尻富士町鴛泊字野塚,筆界未定地-38,利尻郡利尻富士町鴛泊字野塚,297
01519-4503-9.zip,202602101146,利尻郡利尻富士町鴛泊字野塚,筆界未定地-38,利尻郡利尻富士町鴛泊字野塚,298
01519-4503-9.zip,202602101146,利尻郡利尻富士町鴛泊字野塚,筆界未定地-38,利尻郡利尻富士町鴛泊字野塚,299
01519-4503-9.zip,202602101146,利尻郡利尻富士町鴛泊字野塚,筆界未定地-38,利尻郡利尻富士町鴛泊字野塚,300
01519-4503-9.zip,202602101146,利尻郡利尻富士町鴛泊字野塚,筆界未定地-38,利尻郡利尻富士町鴛泊字野塚,301
01519-4503-9.zip,202602101146,利尻郡利尻富士町鴛泊字野塚,筆界未定地-38,利尻郡利尻富士町鴛泊字野塚,道-6
01519-4503-9.zip,202602101146,利尻郡利尻富士町鴛泊字野塚,筆界未定地-39,利尻郡利尻富士町鴛泊字野塚,309
01519-4503-9.zip,202602101146,利尻郡利尻富士町鴛泊字野塚,筆界未定地-39,利尻郡利尻富士町鴛泊字野塚,道-7
01519-4503-9.zip,202602101146,利尻郡利尻富士町鴛泊字野塚,筆界未定地-40,利尻郡利尻富士町鴛泊字野塚,387
01519-4503-9.zip,202602101146,利尻郡利尻富士町鴛泊字野塚,筆界未定地-40,利尻郡利尻富士町鴛泊字野塚,388
01519-4503-9.zip,202602101146,利尻郡利尻富士町鴛泊字野塚,筆界未定地-40,利尻郡利尻富士町鴛泊字野塚,389
01519-4503-9.zip,202602101146,利尻郡利尻富士町鴛泊字野塚,筆界未定地-41,利尻郡利尻富士町鴛泊字野塚,434
01519-4503-9.zip,202602101146,利尻郡利尻富士町鴛泊字野塚,筆界未定地-41,利尻郡利尻富士町鴛泊字野塚,435
01519-4503-9.zip,202602101146,利尻郡利尻富士町鴛泊字野塚,筆界未定地-41,利尻郡利尻富士町鴛泊字野塚,436
01519-4503-9.zip,202602101146,利尻郡利尻富士町鴛泊字野塚,筆界未定地-42,利尻郡利尻富士町鴛泊字野塚,365
01519-4503-9.zip,202602101146,利尻郡利尻富士町鴛泊字野塚,筆界未定地-42,利尻郡利尻富士町鴛泊字野塚,366
01519-4503-9.zip,202602101146,利尻郡利尻富士町鴛泊字野塚,筆界未定地-42,利尻郡利尻富士町鴛泊字野塚,367
01519-4503-9.zip,202602101146,利尻郡利尻富士町鴛泊字野塚,筆界未定地-43,利尻郡利尻富士町鴛泊字野塚,415
01519-4503-9.zip,202602101146,利尻郡利尻富士町鴛泊字野塚,筆界未定地-43,利尻郡利尻富士町鴛泊字野塚,416
01519-4503-9.zip,202602101146,利尻郡利尻富士町鴛泊字野塚,筆界未定地-43,利尻郡利尻富士町鴛泊字野塚,417
01519-4503-9.zip,202602101146,利尻郡利尻富士町鴛泊字野塚,筆界未定地-43,利尻郡利尻富士町鴛泊字野塚,418
01519-4503-9.zip,202602101146,利尻郡利尻富士町鴛泊字野塚,筆界未定地-43,利尻郡利尻富士町鴛泊字野塚,419
01519-4503-9.zip,202602101146,利尻郡利尻富士町鴛泊字野塚,筆界未定地-43,利尻郡利尻富士町鴛泊字野塚,420
01519-4503-9.zip,202602101146,利尻郡利尻富士町鴛泊字野塚,筆界未定地-43,利尻郡利尻富士町鴛泊字野塚,421
01519-4503-9.zip,202602101146,利尻郡利尻富士町鴛泊字野塚,筆界未定地-43,利尻郡利尻富士町鴛泊字野塚,422
01519-4503-9.zip,202602101146,利尻郡利尻富士町鴛泊字野塚,筆界未定地-44,利尻郡利尻富士町鴛泊字野塚,423
01519-4503-9.zip,202602101146,利尻郡利尻富士町鴛泊字野塚,筆界未定地-44,利尻郡利尻富士町鴛泊字野塚,424
01519-4503-9.zip,202602101146,利尻郡利尻富士町鴛泊字野塚,筆界未定地-44,利尻郡利尻富士町鴛泊字野塚,425
01519-4503-9.zip,202602101146,利尻郡利尻富士町鴛泊字野塚,筆界未定地-44,利尻郡利尻富士町鴛泊字野塚,426
01519-4503-9.zip,202602101146,利尻郡利尻富士町鴛泊字野塚,筆界未定地-44,利尻郡利尻富士町鴛泊字野塚,427
01519-4503-9.zip,202602101146,利尻郡利尻富士町鴛泊字野塚,筆界未定地-45,利尻郡利尻富士町鴛泊字野塚,398
01519-4503-9.zip,202602101146,利尻郡利尻富士町鴛泊字野塚,筆界未定地-45,利尻郡利尻富士町鴛泊字野塚,399
01519-4503-9.zip,202602101146,利尻郡利尻富士町鴛泊字野塚,筆界未定地-45,利尻郡利尻富士町鴛泊字野塚,400
01519-4503-9.zip,202602101146,利尻郡利尻富士町鴛泊字野塚,筆界未定地-45,利尻郡利尻富士町鴛泊字野塚,401
01519-4503-9.zip,202602101146,利尻郡利尻富士町鴛泊字野塚,筆界未定地-45,利尻郡利尻富士町鴛泊字野塚,402
01519-4503-9.zip,202602101146,利尻郡利尻富士町鴛泊字野塚,筆界未定地-46,利尻郡利尻富士町鴛泊字野塚,379
01519-4503-9.zip,202602101146,利尻郡利尻富士町鴛泊字野塚,筆界未定地-46,利尻郡利尻富士町鴛泊字野塚,380-1
01519-4503-9.zip,202602101146,利尻郡利尻富士町鴛泊字野塚,筆界未定地-46,利尻郡利尻富士町鴛泊字野塚,380-2
01519-4503-9.zip,202602101146,利尻郡利尻富士町鴛泊字野塚,筆界未定地-46,利尻郡利尻富士町鴛泊字野塚,381
01519-4503-9.zip,202602101146,利尻郡利尻富士町鴛泊字湾内,筆界未定地-49,利尻郡利尻富士町鴛泊字湾内,209
01519-4503-9.zip,202602101146,利尻郡利尻富士町鴛泊字湾内,筆界未定地-49,利尻郡利尻富士町鴛泊字湾内,210
01519-4503-9.zip,202602101146,利尻郡利尻富士町鴛泊字湾内,筆界未定地-50,利尻郡利尻富士町鴛泊字湾内,214-3
01519-4503-9.zip,202602101146,利尻郡利尻富士町鴛泊字湾内,筆界未定地-50,利尻郡利尻富士町鴛泊字湾内,214-6
01519-4503-9.zip,202602101146,利尻郡利尻富士町鴛泊字湾内,筆界未定地-50,利尻郡利尻富士町鴛泊字湾内,214-7
01519-4503-9.zip,202602101146,利尻郡利尻富士町鴛泊字湾内,筆界未定地-50,利尻郡利尻富士町鴛泊字湾内,214-10
01519-4503-9.zip,202602101146,利尻郡利尻富士町鴛泊字湾内,筆界未定地-50,利尻郡利尻富士町鴛泊字湾内,214-13
01519-4503-9.zip,202602101146,利尻郡利尻富士町鴛泊字湾内,筆界未定地-50,利尻郡利尻富士町鴛泊字湾内,214-22
01519-4503-9.zip,202602101146,利尻郡利尻富士町鴛泊字湾内,筆界未定地-50,利尻郡利尻富士町鴛泊字湾内,214-25
01519-4503-9.zip,202602101146,利尻郡利尻富士町鴛泊字湾内,筆界未定地-50,利尻郡利尻富士町鴛泊字湾内,214-27
01519-4503-9.zip,202602101146,利尻郡利尻富士町鴛泊字湾内,筆界未定地-51,利尻郡利尻富士町鴛泊字湾内,229-1
01519-4503-9.zip,202602101146,利尻郡利尻富士町鴛泊字湾内,筆界未定地-51,利尻郡利尻富士町鴛泊字湾内,229-2
01519-4503-9.zip,202602101146,利尻郡利尻富士町鴛泊字湾内,筆界未定地-52,利尻郡利尻富士町鴛泊字湾内,214-2
01519-4503-9.zip,202602101146,利尻郡利尻富士町鴛泊字湾内,筆界未定地-52,利尻郡利尻富士町鴛泊字湾内,214-8
01519-4503-9.zip,202602101146,利尻郡利尻富士町鴛泊字湾内,筆界未定地-52,利尻郡利尻富士町鴛泊字湾内,214-9
01519-4503-9.zip,202602101146,利尻郡利尻富士町鴛泊字湾内,筆界未定地-52,利尻郡利尻富士町鴛泊字湾内,214-24
01519-4503-9.zip,202602101146,利尻郡利尻富士町鴛泊字湾内,筆界未定地-52,利尻郡利尻富士町鴛泊字湾内,214-26
01519-4503-9.zip,202602101146,利尻郡利尻富士町鴛泊字湾内,筆界未定地-53,利尻郡利尻富士町鴛泊字湾内,233
01519-4503-9.zip,202602101146,利尻郡利尻富士町鴛泊字湾内,筆界未定地-53,利尻郡利尻富士町鴛泊字湾内,234
01519-4503-9.zip,202602101146,利尻郡利尻富士町鴛泊字湾内,筆界未定地-54,利尻郡利尻富士町鴛泊字湾内,246
01519-4503-9.zip,202602101146,利尻郡利尻富士町鴛泊字湾内,筆界未定地-54,利尻郡利尻富士町鴛泊字湾内,247
01519-4503-9.zip,202602101146,利尻郡利尻富士町鴛泊字湾内,筆界未定地-55,利尻郡利尻富士町鴛泊字湾内,250-1
01519-4503-9.zip,202602101146,利尻郡利尻富士町鴛泊字湾内,筆界未定地-55,利尻郡利尻富士町鴛泊字湾内,250-2
01519-4503-9.zip,202602101146,利尻郡利尻富士町鴛泊字湾内,筆界未定地-55,利尻郡利尻富士町鴛泊字湾内,250-3
01519-4503-9.zip,202602101146,利尻郡利尻富士町鴛泊字湾内,筆界未定地-55,利尻郡利尻富士町鴛泊字湾内,250-4
01519-4503-9.zip,202602101146,利尻郡利尻富士町鴛泊字湾内,筆界未定地-55,利尻郡利尻富士町鴛泊字湾内,250-5
01519-4503-9.zip,202602101146,利尻郡利尻富士町鴛泊字湾内,筆界未定地-57,利尻郡利尻富士町鴛泊字湾内,255-1
01519-4503-9.zip,202602101146,利尻郡利尻富士町鴛泊字湾内,筆界未定地-57,利尻郡利尻富士町鴛泊字湾内,255-2
01519-4503-9.zip,202602101146,利尻郡利尻富士町鴛泊字湾内,筆界未定地-57,利尻郡利尻富士町鴛泊字湾内,255-3
01519-4503-9.zip,202602101146,利尻郡利尻富士町鴛泊字港町,筆界未定地-58,利尻郡利尻富士町鴛泊字港町,180-1
01519-4503-9.zip,202602101146,利尻郡利尻富士町鴛泊字港町,筆界未定地-58,利尻郡利尻富士町鴛泊字港町,180-3
01519-4503-9.zip,202602101146,利尻郡利尻富士町鴛泊字港町,筆界未定地-58,利尻郡利尻富士町鴛泊字港町,180-4
01519-4503-9.zip,202602101146,利尻郡利尻富士町鴛泊字港町,筆界未定地-59,利尻郡利尻富士町鴛泊字港町,171
01519-4503-9.zip,202602101146,利尻郡利尻富士町鴛泊字港町,筆界未定地-59,利尻郡利尻富士町鴛泊字港町,172
01519-4503-9.zip,202602101146,利尻郡利尻富士町鴛泊字港町,筆界未定地-59,利尻郡利尻富士町鴛泊字港町,173
01519-4503-9.zip,202602101146,利尻郡利尻富士町鴛泊字港町,筆界未定地-59,利尻郡利尻富士町鴛泊字港町,174
01519-4503-9.zip,202602101146,利尻郡利尻富士町鴛泊字港町,筆界未定地-59,利尻郡利尻富士町鴛泊字港町,175
01519-4503-9.zip,202602101146,利尻郡利尻富士町鴛泊字港町,筆界未定地-60,利尻郡利尻富士町鴛泊字港町,157
01519-4503-9.zip,202602101146,利尻郡利尻富士町鴛泊字港町,筆界未定地-60,利尻郡利尻富士町鴛泊字港町,158
01519-4503-9.zip,202602101146,利尻郡利尻富士町鴛泊字港町,筆界未定地-60,利尻郡利尻富士町鴛泊字港町,159
01519-4503-9.zip,202602101146,利尻郡利尻富士町鴛泊字港町,筆界未定地-60,利尻郡利尻富士町鴛泊字港町,160
01519-4503-9.zip,202602101146,利尻郡利尻富士町鴛泊字港町,筆界未定地-61,利尻郡利尻富士町鴛泊字港町,176
01519-4503-9.zip,202602101146,利尻郡利尻富士町鴛泊字港町,筆界未定地-61,利尻郡利尻富士町鴛泊字港町,177
01519-4503-9.zip,202602101146,利尻郡利尻富士町鴛泊字港町,筆界未定地-61,利尻郡利尻富士町鴛泊字港町,178
01519-4503-9.zip,202602101146,利尻郡利尻富士町鴛泊字港町,筆界未定地-61,利尻郡利尻富士町鴛泊字港町,179
01519-4503-9.zip,202602101146,利尻郡利尻富士町鴛泊字港町,筆界未定地-62,利尻郡利尻富士町鴛泊字港町,163
01519-4503-9.zip,202602101146,利尻郡利尻富士町鴛泊字港町,筆界未定地-62,利尻郡利尻富士町鴛泊字港町,164
01519-4503-9.zip,202602101146,利尻郡利尻富士町鴛泊字港町,筆界未定地-62,利尻郡利尻富士町鴛泊字港町,165
01519-4503-9.zip,202602101146,利尻郡利尻富士町鴛泊字港町,筆界未定地-62,利尻郡利尻富士町鴛泊字港町,166
01519-4503-9.zip,202602101146,利尻郡利尻富士町鴛泊字港町,筆界未定地-63,利尻郡利尻富士町鴛泊字港町,168-1
01519-4503-9.zip,202602101146,利尻郡利尻富士町鴛泊字港町,筆界未定地-63,利尻郡利尻富士町鴛泊字港町,168-2
01519-4503-9.zip,202602101146,利尻郡利尻富士町鴛泊字港町,筆界未定地-63,利尻郡利尻富士町鴛泊字港町,169
01519-4503-9.zip,202602101146,利尻郡利尻富士町鴛泊字港町,筆界未定地-63,利尻郡利尻富士町鴛泊字港町,170
01519-4503-9.zip,202602101146,利尻郡利尻富士町鴛泊字本町,筆界未定地-64,利尻郡利尻富士町鴛泊字本町,138-1
01519-4503-9.zip,202602101146,利尻郡利尻富士町鴛泊字本町,筆界未定地-64,利尻郡利尻富士町鴛泊字本町,138-2
01519-4503-9.zip,202602101146,利尻郡利尻富士町鴛泊字港町,長狭物不明-14,,
01519-4503-9.zip,202602101146,利尻郡利尻富士町,地区外-707342,,
01519-4503-9.zip,202602101146,利尻郡利尻富士町,地区外-707343,,
01519-4503-9.zip,202602101146,利尻郡利尻富士町,地区外-707344,,
01519-4503-9.zip,202602101146,利尻郡利尻富士町鴛泊字湾内,284,,
01519-4503-9.zip,202602101146,利尻郡利尻富士町鴛泊字港町,150,,
01519-4503-9.zip,202602101146,利尻郡利尻富士町鴛泊字港町,151,,
01519-4503-9.zip,202602101146,利尻郡利尻富士町鴛泊字湾内,95,,
01519-4503-9.zip,202602101146,利尻郡利尻富士町鴛泊字湾内,94,,
01519-4503-9.zip,202602101146,利尻郡利尻富士町鴛泊字湾内,227-3,,
01519-4503-9.zip,202602101146,利尻郡利尻富士町鴛泊字湾内,273,,
01519-4503-9.zip,202602101146,利尻郡利尻富士町鴛泊字湾内,道-8,,
01519-4503-9.zip,202602101146,利尻郡利尻富士町鴛泊字湾内,226-3,,
01519-4503-9.zip,202602101146,利尻郡利尻富士町鴛泊字湾内,226-2,,
01519-4503-9.zip,202602101146,利尻郡利尻富士町鴛泊字湾内,227-1,,
01519-4503-9.zip,202602101146,利尻郡利尻富士町鴛泊字湾内,227-2,,
01519-4503-9.zip,202602101146,利尻郡利尻富士町鴛泊字湾内,226-1,,
01519-4503-9.zip,202602101146,利尻郡利尻富士町鴛泊字湾内,227-4,,
01519-4503-9.zip,202602101146,利尻郡利尻富士町鴛泊字港町,184,,
01519-4503-9.zip,202602101146,利尻郡利尻富士町,地区外-707361,,
01519-4503-9.zip,202602101146,利尻郡利尻富士町,地区外-707362,,
01519-4503-9.zip,202602101146,利尻郡利尻富士町鴛泊字本町,139-2,,
01519-4503-9.zip,202602101146,利尻郡利尻富士町鴛泊字港町,長狭物不明-15,,
01519-4503-9.zip,202602101146,利尻郡利尻富士町鴛泊字港町,長狭物不明-16,,
01519-4503-9.zip,202602101146,利尻郡利尻富士町鴛泊字港町,長狭物不明-17,,
01519-4503-9.zip,202602101146,利尻郡利尻富士町鴛泊字港町,長狭物不明-19,,
01519-4503-9.zip,202602101146,利尻郡利尻富士町鴛泊字港町,198-4,,
01519-4503-9.zip,202602101146,利尻郡利尻富士町,地区外-707370,,
01519-4503-9.zip,202602101146,利尻郡利尻富士町鴛泊字本町,139-1,,
01519-4503-9.zip,202602101146,利尻郡利尻富士町鴛泊字港町,長狭物不明-20,,
01519-4503-9.zip,202602101146,利尻郡利尻富士町鴛泊字港町,198-1,,
01519-4503-9.zip,202602101146,利尻郡利尻富士町鴛泊字本町,139-5,,
01519-4503-9.zip,202602101146,利尻郡利尻富士町鴛泊字本町,139-3,,
01519-4503-9.zip,202602101146,利尻郡利尻富士町鴛泊字本町,139-4,,
01519-4503-9.zip,202602101146,利尻郡利尻富士町鴛泊字港町,238,,
01519-4503-9.zip,202602101146,利尻郡利尻富士町鴛泊字港町,198-3,,
01519-4503-9.zip,202602101146,利尻郡利尻富士町鴛泊字港町,198-6,,
01519-4503-9.zip,202602101146,利尻郡利尻富士町鴛泊字港町,198-5,,
01519-4503-9.zip,202602101146,利尻郡利尻富士町鴛泊字港町,198-7,,
01519-4503-9.zip,202602101146,利尻郡利尻富士町,地区外-707382,,
01519-4503-9.zip,202602101146,利尻郡利尻富士町鴛泊字港町,198-2,,
01519-4503-9.zip,202602101146,利尻郡利尻富士町鴛泊字本町,長狭物不明-21,,
01519-4503-9.zip,202602101146,利尻郡利尻富士町鴛泊字港町,長狭物不明-22,,
01519-4503-9.zip,202602101146,利尻郡利尻富士町,地区外-707386,,
01519-4503-9.zip,202602101146,利尻郡利尻富士町鴛泊字本町,別図-3,,
01519-4503-9.zip,202602101146,利尻郡利尻富士町鴛泊字湾内,長狭物不明-23,,
01519-4503-9.zip,202602101146,利尻郡利尻富士町鴛泊字港町,長狭物不明-24,,
01519-4503-9.zip,202602101146,利尻郡利尻富士町鴛泊字港町,長狭物不明-25,,
01519-4503-9.zip,202602101146,利尻郡利尻富士町鴛泊字港町,長狭物不明-26,,
01519-4503-9.zip,202602101146,利尻郡利尻富士町,地区外-707392,,
01519-4503-9.zip,202602101146,利尻郡利尻富士町鴛泊字港町,167,,
01519-4503-9.zip,202602101146,利尻郡利尻富士町鴛泊字港町,156,,
01519-4503-9.zip,202602101146,利尻郡利尻富士町鴛泊字港町,長狭物不明-27,,
01519-4503-9.zip,202602101146,利尻郡利尻富士町鴛泊字港町,長狭物不明-28,,
01519-4503-9.zip,202602101146,利尻郡利尻富士町鴛泊字港町,162,,
01519-4503-9.zip,202602101146,利尻郡利尻富士町鴛泊字港町,239,,
01519-4503-9.zip,202602101146,利尻郡利尻富士町鴛泊字港町,155,,
01519-4503-9.zip,202602101146,利尻郡利尻富士町鴛泊字港町,長狭物不明-29,,
01519-4503-9.zip,202602101146,利尻郡利尻富士町鴛泊字港町,長狭物不明-30,,
01519-4503-9.zip,202602101146,利尻郡利尻富士町鴛泊字港町,214,,
01519-4503-9.zip,202602101146,利尻郡利尻富士町鴛泊字港町,長狭物不明-32,,
01519-4503-9.zip,202602101146,利尻郡利尻富士町鴛泊字港町,215,,
01519-4503-9.zip,202602101146,利尻郡利尻富士町鴛泊字港町,185,,
01519-4503-9.zip,202602101146,利尻郡利尻富士町鴛泊字港町,180-2,,
01519-4503-9.zip,202602101146,利尻郡利尻富士町鴛泊字港町,180-5,,
01519-4503-9.zip,202602101146,利尻郡利尻富士町鴛泊字港町,152,,
01519-4503-9.zip,202602101146,利尻郡利尻富士町鴛泊字港町,207-1,,
01519-4503-9.zip,202602101146,利尻郡利尻富士町鴛泊字港町,207-3,,
01519-4503-9.zip,202602101146,利尻郡利尻富士町鴛泊字港町,190,,
01519-4503-9.zip,202602101146,利尻郡利尻富士町鴛泊字港町,189-1,,
01519-4503-9.zip,202602101146,利尻郡利尻富士町鴛泊字港町,189-2,,
01519-4503-9.zip,202602101146,利尻郡利尻富士町鴛泊字港町,189-3,,
01519-4503-9.zip,202602101146,利尻郡利尻富士町鴛泊字港町,205-2,,
01519-4503-9.zip,202602101146,利尻郡利尻富士町鴛泊字港町,別図-4,,
01519-4503-9.zip,202602101146,利尻郡利尻富士町鴛泊字港町,209-1,,
01519-4503-9.zip,202602101146,利尻郡利尻富士町鴛泊字港町,209-2,,
01519-4503-9.zip,202602101146,利尻郡利尻富士町鴛泊字港町,209-3,,
01519-4503-9.zip,202602101146,利尻郡利尻富士町鴛泊字港町,長狭物不明-36,,
01519-4503-9.zip,202602101146,利尻郡利尻富士町,地区外-707433,,
01519-4503-9.zip,202602101146,利尻郡利尻富士町鴛泊字港町,長狭物不明-37,,
01519-4503-9.zip,202602101146,利尻郡利尻富士町鴛泊字港町,186,,
01519-4503-9.zip,202602101146,利尻郡利尻富士町鴛泊字港町,長狭物不明-38,,
01519-4503-9.zip,202602101146,利尻郡利尻富士町,地区外-707437,,
01519-4503-9.zip,202602101146,利尻郡利尻富士町鴛泊字湾内,長狭物不明-39,,
01519-4503-9.zip,202602101146,利尻郡利尻富士町鴛泊字湾内,長狭物不明-40,,
01519-4503-9.zip,202602101146,利尻郡利尻富士町,地区外-707440,,
01519-4503-9.zip,202602101146,利尻郡利尻富士町鴛泊字湾内,280,,
01519-4503-9.zip,202602101146,利尻郡利尻富士町鴛泊字湾内,286,,
01519-4503-9.zip,202602101146,利尻郡利尻富士町鴛泊字湾内,長狭物不明-41,,
01519-4503-9.zip,202602101146,利尻郡利尻富士町鴛泊字湾内,長狭物不明-42,,
01519-4503-9.zip,202602101146,利尻郡利尻富士町鴛泊字湾内,271,,
01519-4503-9.zip,202602101146,利尻郡利尻富士町鴛泊字湾内,長狭物不明-43,,
01519-4503-9.zip,202602101146,利尻郡利尻富士町鴛泊字湾内,283,,
01519-4503-9.zip,202602101146,利尻郡利尻富士町鴛泊字湾内,254,,
01519-4503-9.zip,202602101146,利尻郡利尻富士町鴛泊字湾内,251,,
01519-4503-9.zip,202602101146,利尻郡利尻富士町鴛泊字湾内,長狭物不明-44,,
01519-4503-9.zip,202602101146,利尻郡利尻富士町鴛泊字湾内,長狭物不明-45,,
01519-4503-9.zip,202602101146,利尻郡利尻富士町鴛泊字湾内,長狭物不明-46,,
01519-4503-9.zip,202602101146,利尻郡利尻富士町,地区外-707453,,
01519-4503-9.zip,202602101146,利尻郡利尻富士町鴛泊字湾内,長狭物不明-47,,
01519-4503-9.zip,202602101146,利尻郡利尻富士町鴛泊字湾内,長狭物不明-48,,
01519-4503-9.zip,202602101146,利尻郡利尻富士町鴛泊字湾内,長狭物不明-49,,
01519-4503-9.zip,202602101146,利尻郡利尻富士町鴛泊字湾内,256,,
01519-4503-9.zip,202602101146,利尻郡利尻富士町鴛泊字湾内,長狭物不明-50,,
01519-4503-9.zip,202602101146,利尻郡利尻富士町鴛泊字湾内,長狭物不明-51,,
01519-4503-9.zip,202602101146,利尻郡利尻富士町鴛泊字湾内,長狭物不明-52,,
01519-4503-9.zip,202602101146,利尻郡利尻富士町鴛泊字湾内,長狭物不明-53,,
01519-4503-9.zip,202602101146,利尻郡利尻富士町鴛泊字港町,長狭物不明-54,,
01519-4503-9.zip,202602101146,利尻郡利尻富士町鴛泊字湾内,長狭物不明-55,,
01519-4503-9.zip,202602101146,利尻郡利尻富士町鴛泊字湾内,長狭物不明-56,,
01519-4503-9.zip,202602101146,利尻郡利尻富士町,地区外-707465,,
01519-4503-9.zip,202602101146,利尻郡利尻富士町鴛泊字港町,207-2,,
01519-4503-9.zip,202602101146,利尻郡利尻富士町鴛泊字港町,211,,
01519-4503-9.zip,202602101146,利尻郡利尻富士町鴛泊字港町,253,,
01519-4503-9.zip,202602101146,利尻郡利尻富士町鴛泊字港町,250,,
01519-4503-9.zip,202602101146,利尻郡利尻富士町鴛泊字港町,207-5,,
01519-4503-9.zip,202602101146,利尻郡利尻富士町鴛泊字港町,254,,
01519-4503-9.zip,202602101146,利尻郡利尻富士町鴛泊字湾内,241,,
01519-4503-9.zip,202602101146,利尻郡利尻富士町鴛泊字湾内,242,,
01519-4503-9.zip,202602101146,利尻郡利尻富士町鴛泊字湾内,長狭物不明-57,,
01519-4503-9.zip,202602101146,利尻郡利尻富士町鴛泊字湾内,長狭物不明-58,,
01519-4503-9.zip,202602101146,利尻郡利尻富士町鴛泊字湾内,長狭物不明-59,,
01519-4503-9.zip,202602101146,利尻郡利尻富士町鴛泊字湾内,長狭物不明-60,,
01519-4503-9.zip,202602101146,利尻郡利尻富士町,地区外-707479,,
01519-4503-9.zip,202602101146,利尻郡利尻富士町鴛泊字湾内,長狭物不明-61,,
01519-4503-9.zip,202602101146,利尻郡利尻富士町鴛泊字湾内,248,,
01519-4503-9.zip,202602101146,利尻郡利尻富士町鴛泊字湾内,244-2,,
01519-4503-9.zip,202602101146,利尻郡利尻富士町鴛泊字湾内,239,,
01519-4503-9.zip,202602101146,利尻郡利尻富士町鴛泊字湾内,236,,
01519-4503-9.zip,202602101146,利尻郡利尻富士町鴛泊字湾内,235,,
01519-4503-9.zip,202602101146,利尻郡利尻富士町,地区外-707486,,
01519-4503-9.zip,202602101146,利尻郡利尻富士町鴛泊字湾内,245,,
01519-4503-9.zip,202602101146,利尻郡利尻富士町鴛泊字湾内,240,,
01519-4503-9.zip,202602101146,利尻郡利尻富士町鴛泊字湾内,243,,
01519-4503-9.zip,202602101146,利尻郡利尻富士町鴛泊字湾内,249,,
01519-4503-9.zip,202602101146,利尻郡利尻富士町鴛泊字湾内,244-1,,
01519-4503-9.zip,202602101146,利尻郡利尻富士町鴛泊字湾内,238,,
01519-4503-9.zip,202602101146,利尻郡利尻富士町鴛泊字湾内,長狭物不明-62,,
01519-4503-9.zip,202602101146,利尻郡利尻富士町鴛泊字湾内,281,,
01519-4503-9.zip,202602101146,利尻郡利尻富士町鴛泊字湾内,285,,
01519-4503-9.zip,202602101146,利尻郡利尻富士町鴛泊字湾内,282,,
01519-4503-9.zip,202602101146,利尻郡利尻富士町鴛泊字湾内,長狭物不明-63,,
01519-4503-9.zip,202602101146,利尻郡利尻富士町鴛泊字湾内,長狭物不明-64,,
01519-4503-9.zip,202602101146,利尻郡利尻富士町鴛泊字湾内,長狭物不明-65,,
01519-4503-9.zip,202602101146,利尻郡利尻富士町,地区外-707500,,
01519-4503-9.zip,202602101146,利尻郡利尻富士町鴛泊字湾内,長狭物不明-66,,
01519-4503-9.zip,202602101146,利尻郡利尻富士町鴛泊字湾内,長狭物不明-67,,
01519-4503-9.zip,202602101146,利尻郡利尻富士町鴛泊字湾内,水-4,,
01519-4503-9.zip,202602101146,利尻郡利尻富士町鴛泊字湾内,長狭物不明-68,,
01519-4503-9.zip,202602101146,利尻郡利尻富士町鴛泊字湾内,長狭物不明-69,,
01519-4503-9.zip,202602101146,利尻郡利尻富士町鴛泊字湾内,長狭物不明-70,,
01519-4503-9.zip,202602101146,利尻郡利尻富士町鴛泊字湾内,253,,
01519-4503-9.zip,202602101146,利尻郡利尻富士町鴛泊字湾内,長狭物不明-71,,
01519-4503-9.zip,202602101146,利尻郡利尻富士町,地区外-707509,,
01519-4503-9.zip,202602101146,利尻郡利尻富士町鴛泊字湾内,208,,
01519-4503-9.zip,202602101146,利尻郡利尻富士町鴛泊字湾内,長狭物不明-72,,
01519-4503-9.zip,202602101146,利尻郡利尻富士町鴛泊字湾内,220,,
01519-4503-9.zip,202602101146,利尻郡利尻富士町鴛泊字湾内,221,,
01519-4503-9.zip,202602101146,利尻郡利尻富士町鴛泊字湾内,213,,
01519-4503-9.zip,202602101146,利尻郡利尻富士町鴛泊字湾内,237,,
01519-4503-9.zip,202602101146,利尻郡利尻富士町鴛泊字湾内,223,,
01519-4503-9.zip,202602101146,利尻郡利尻富士町鴛泊字湾内,224,,
01519-4503-9.zip,202602101146,利尻郡利尻富士町鴛泊字湾内,214-1,,
01519-4503-9.zip,202602101146,利尻郡利尻富士町鴛泊字湾内,230,,
01519-4503-9.zip,202602101146,利尻郡利尻富士町鴛泊字湾内,222,,
01519-4503-9.zip,202602101146,利尻郡利尻富士町,地区外-707521,,
01519-4503-9.zip,202602101146,利尻郡利尻富士町鴛泊字湾内,231,,
01519-4503-9.zip,202602101146,利尻郡利尻富士町鴛泊字湾内,212,,
01519-4503-9.zip,202602101146,利尻郡利尻富士町鴛泊字湾内,215-1,,
01519-4503-9.zip,202602101146,利尻郡利尻富士町鴛泊字湾内,219-1,,
01519-4503-9.zip,202602101146,利尻郡利尻富士町鴛泊字湾内,219-2,,
01519-4503-9.zip,202602101146,利尻郡利尻富士町鴛泊字湾内,219-3,,
01519-4503-9.zip,202602101146,利尻郡利尻富士町鴛泊字湾内,214-20,,
01519-4503-9.zip,202602101146,利尻郡利尻富士町鴛泊字湾内,214-19,,
01519-4503-9.zip,202602101146,利尻郡利尻富士町鴛泊字湾内,215-2,,
01519-4503-9.zip,202602101146,利尻郡利尻富士町鴛泊字湾内,215-5,,
01519-4503-9.zip,202602101146,利尻郡利尻富士町鴛泊字湾内,215-3,,
01519-4503-9.zip,202602101146,利尻郡利尻富士町鴛泊字湾内,215-4,,
01519-4503-9.zip,202602101146,利尻郡利尻富士町,地区外-707534,,
01519-4503-9.zip,202602101146,利尻郡利尻富士町鴛泊字湾内,長狭物不明-73,,
01519-4503-9.zip,202602101146,利尻郡利尻富士町鴛泊字湾内,長狭物不明-74,,
01519-4503-9.zip,202602101146,利尻郡利尻富士町鴛泊字湾内,水-5,,
01519-4503-9.zip,202602101146,利尻郡利尻富士町鴛泊字湾内,長狭物不明-75,,
01519-4503-9.zip,202602101146,利尻郡利尻富士町,地区外-707539,,
01519-4503-9.zip,202602101146,利尻郡利尻富士町鴛泊字湾内,214-11,,
01519-4503-9.zip,202602101146,利尻郡利尻富士町鴛泊字湾内,214-14,,
01519-4503-9.zip,202602101146,利尻郡利尻富士町鴛泊字湾内,214-15,,
01519-4503-9.zip,202602101146,利尻郡利尻富士町鴛泊字湾内,214-23,,
01519-4503-9.zip,202602101146,利尻郡利尻富士町鴛泊字湾内,214-16,,
01519-4503-9.zip,202602101146,利尻郡利尻富士町鴛泊字湾内,214-12,,
01519-4503-9.zip,202602101146,利尻郡利尻富士町鴛泊字湾内,長狭物不明-76,,
01519-4503-9.zip,202602101146,利尻郡利尻富士町鴛泊字湾内,214-21,,
01519-4503-9.zip,202602101146,利尻郡利尻富士町鴛泊字野塚,447,,
01519-4503-9.zip,202602101146,利尻郡利尻富士町,地区外-707549,,
01519-4503-9.zip,202602101146,利尻郡利尻富士町,地区外-707550,,
01519-4503-9.zip,202602101146,利尻郡利尻富士町鴛泊字湾内,259,,
01519-4503-9.zip,202602101146,利尻郡利尻富士町鴛泊字湾内,211,,
01519-4503-9.zip,202602101146,利尻郡利尻富士町鴛泊字湾内,182-1,,
01519-4503-9.zip,202602101146,利尻郡利尻富士町鴛泊字湾内,182-2,,
01519-4503-9.zip,202602101146,利尻郡利尻富士町鴛泊字湾内,182-3,,
01519-4503-9.zip,202602101146,利尻郡利尻富士町鴛泊字湾内,202-2,,
01519-4503-9.zip,202602101146,利尻郡利尻富士町,地区外-707557,,
01519-4503-9.zip,202602101146,利尻郡利尻富士町鴛泊字湾内,206,,
01519-4503-9.zip,202602101146,利尻郡利尻富士町鴛泊字湾内,207,,
01519-4503-9.zip,202602101146,利尻郡利尻富士町鴛泊字湾内,205,,
01519-4503-9.zip,202602101146,利尻郡利尻富士町鴛泊字湾内,202-1,,
01519-4503-9.zip,202602101146,利尻郡利尻富士町鴛泊字湾内,204,,
01519-4503-9.zip,202602101146,利尻郡利尻富士町鴛泊字湾内,260,,
01519-4503-9.zip,202602101146,利尻郡利尻富士町鴛泊字湾内,202-4,,
01519-4503-9.zip,202602101146,利尻郡利尻富士町,地区外-707565,,
01519-4503-9.zip,202602101146,利尻郡利尻富士町鴛泊字湾内,長狭物不明-77,,
01519-4503-9.zip,202602101146,利尻郡利尻富士町鴛泊字湾内,長狭物不明-78,,
01519-4503-9.zip,202602101146,利尻郡利尻富士町鴛泊字湾内,長狭物不明-79,,
01519-4503-9.zip,202602101146,利尻郡利尻富士町鴛泊字湾内,長狭物不明-80,,
01519-4503-9.zip,202602101146,利尻郡利尻富士町鴛泊字湾内,別図-5,,
01519-4503-9.zip,202602101146,利尻郡利尻富士町鴛泊字湾内,279-1,,
01519-4503-9.zip,202602101146,利尻郡利尻富士町鴛泊字湾内,181-1,,
01519-4503-9.zip,202602101146,利尻郡利尻富士町鴛泊字湾内,181-3,,
01519-4503-9.zip,202602101146,利尻郡利尻富士町鴛泊字湾内,183-2,,
01519-4503-9.zip,202602101146,利尻郡利尻富士町鴛泊字湾内,183-3,,
01519-4503-9.zip,202602101146,利尻郡利尻富士町鴛泊字湾内,202-5,,
01519-4503-9.zip,202602101146,利尻郡利尻富士町鴛泊字湾内,202-6,,
01519-4503-9.zip,202602101146,利尻郡利尻富士町鴛泊字湾内,203-2,,
01519-4503-9.zip,202602101146,利尻郡利尻富士町鴛泊字湾内,214-4,,
01519-4503-9.zip,202602101146,利尻郡利尻富士町鴛泊字湾内,203-1,,
01519-4503-9.zip,202602101146,利尻郡利尻富士町鴛泊字湾内,214-17,,
01519-4503-9.zip,202602101146,利尻郡利尻富士町鴛泊字湾内,214-5,,
01519-4503-9.zip,202602101146,利尻郡利尻富士町鴛泊字湾内,202-3,,
01519-4503-9.zip,202602101146,利尻郡利尻富士町鴛泊字湾内,214-18,,
01519-4503-9.zip,202602101146,利尻郡利尻富士町鴛泊字湾内,183-1,,
01519-4503-9.zip,202602101146,利尻郡利尻富士町鴛泊字湾内,181-2,,
01519-4503-9.zip,202602101146,利尻郡利尻富士町鴛泊字湾内,279-3,,
01519-4503-9.zip,202602101146,利尻郡利尻富士町鴛泊字湾内,279-2,,
01519-4503-9.zip,202602101146,利尻郡利尻富士町,地区外-707589,,
01519-4503-9.zip,202602101146,利尻郡利尻富士町鴛泊字湾内,長狭物不明-81,,
01519-4503-9.zip,202602101146,利尻郡利尻富士町鴛泊字湾内,長狭物不明-82,,
01519-4503-9.zip,202602101146,利尻郡利尻富士町鴛泊字湾内,288,,
01519-4503-9.zip,202602101146,利尻郡利尻富士町,地区外-707593,,
01519-4503-9.zip,202602101146,利尻郡利尻富士町,地区外-707594,,
01519-4503-9.zip,202602101146,利尻郡利尻富士町,地区外-707595,,
01519-4503-9.zip,202602101146,利尻郡利尻富士町鴛泊字野塚,444-7,,
01519-4503-9.zip,202602101146,利尻郡利尻富士町鴛泊字野塚,444-6,,
01519-4503-9.zip,202602101146,利尻郡利尻富士町鴛泊字野塚,444-4,,
01519-4503-9.zip,202602101146,利尻郡利尻富士町鴛泊字野塚,444-1,,
01519-4503-9.zip,202602101146,利尻郡利尻富士町鴛泊字野塚,444-5,,
01519-4503-9.zip,202602101146,利尻郡利尻富士町鴛泊字野塚,444-3,,
01519-4503-9.zip,202602101146,利尻郡利尻富士町鴛泊字野塚,437,,
01519-4503-9.zip,202602101146,利尻郡利尻富士町鴛泊字湾内,長狭物不明-83,,
01519-4503-9.zip,202602101146,利尻郡利尻富士町鴛泊字湾内,水-6,,
01519-4503-9.zip,202602101146,利尻郡利尻富士町鴛泊字湾内,173,,
01519-4503-9.zip,202602101146,利尻郡利尻富士町鴛泊字野塚,438,,
01519-4503-9.zip,202602101146,利尻郡利尻富士町鴛泊字野塚,443,,
01519-4503-9.zip,202602101146,利尻郡利尻富士町鴛泊字野塚,440,,
01519-4503-9.zip,202602101146,利尻郡利尻富士町鴛泊字野塚,382,,
01519-4503-9.zip,202602101146,利尻郡利尻富士町鴛泊字野塚,441,,
01519-4503-9.zip,202602101146,利尻郡利尻富士町鴛泊字野塚,442,,
01519-4503-9.zip,202602101146,利尻郡利尻富士町鴛泊字野塚,439,,
01519-4503-9.zip,202602101146,利尻郡利尻富士町鴛泊字湾内,172,,
01519-4503-9.zip,202602101146,利尻郡利尻富士町鴛泊字湾内,176,,
01519-4503-9.zip,202602101146,利尻郡利尻富士町鴛泊字湾内,174,,
01519-4503-9.zip,202602101146,利尻郡利尻富士町鴛泊字湾内,261-2,,
01519-4503-9.zip,202602101146,利尻郡利尻富士町鴛泊字湾内,171,,
01519-4503-9.zip,202602101146,利尻郡利尻富士町鴛泊字湾内,長狭物不明-84,,
01519-4503-9.zip,202602101146,利尻郡利尻富士町鴛泊字湾内,水-7,,
01519-4503-9.zip,202602101146,利尻郡利尻富士町鴛泊字湾内,269,,
01519-4503-9.zip,202602101146,利尻郡利尻富士町鴛泊字湾内,276,,
01519-4503-9.zip,202602101146,利尻郡利尻富士町鴛泊字湾内,175-1,,
01519-4503-9.zip,202602101146,利尻郡利尻富士町鴛泊字湾内,277-3,,
01519-4503-9.zip,202602101146,利尻郡利尻富士町鴛泊字湾内,277-2,,
01519-4503-9.zip,202602101146,利尻郡利尻富士町鴛泊字湾内,168,,
01519-4503-9.zip,202602101146,利尻郡利尻富士町鴛泊字湾内,261-4,,
01519-4503-9.zip,202602101146,利尻郡利尻富士町鴛泊字湾内,277-1,,
01519-4503-9.zip,202602101146,利尻郡利尻富士町鴛泊字湾内,169,,
01519-4503-9.zip,202602101146,利尻郡利尻富士町鴛泊字湾内,261-3,,
01519-4503-9.zip,202602101146,利尻郡利尻富士町鴛泊字野塚,338-2,,
01519-4503-9.zip,202602101146,利尻郡利尻富士町鴛泊字野塚,374,,
01519-4503-9.zip,202602101146,利尻郡利尻富士町鴛泊字湾内,170-1,,
01519-4503-9.zip,202602101146,利尻郡利尻富士町鴛泊字湾内,170-2,,
01519-4503-9.zip,202602101146,利尻郡利尻富士町鴛泊字湾内,175-2,,
01519-4503-9.zip,202602101146,利尻郡利尻富士町,地区外-707635,,
01519-4503-9.zip,202602101146,利尻郡利尻富士町,地区外-707636,,
01519-4503-9.zip,202602101146,利尻郡利尻富士町鴛泊字湾内,長狭物不明-85,,
01519-4503-9.zip,202602101146,利尻郡利尻富士町鴛泊字湾内,長狭物不明-86,,
01519-4503-9.zip,202602101146,利尻郡利尻富士町鴛泊字野塚,長狭物不明-87,,
01519-4503-9.zip,202602101146,利尻郡利尻富士町,地区外-707640,,
01519-4503-9.zip,202602101146,利尻郡利尻富士町鴛泊字野塚,428,,
01519-4503-9.zip,202602101146,利尻郡利尻富士町鴛泊字野塚,長狭物不明-88,,
01519-4503-9.zip,202602101146,利尻郡利尻富士町鴛泊字野塚,430,,
01519-4503-9.zip,202602101146,利尻郡利尻富士町鴛泊字野塚,433,,
01519-4503-9.zip,202602101146,利尻郡利尻富士町鴛泊字野塚,403,,
01519-4503-9.zip,202602101146,利尻郡利尻富士町鴛泊字野塚,405,,
01519-4503-9.zip,202602101146,利尻郡利尻富士町鴛泊字野塚,409,,
01519-4503-9.zip,202602101146,利尻郡利尻富士町鴛泊字野塚,408,,
01519-4503-9.zip,202602101146,利尻郡利尻富士町鴛泊字野塚,407,,
01519-4503-9.zip,202602101146,利尻郡利尻富士町鴛泊字野塚,406,,
01519-4503-9.zip,202602101146,利尻郡利尻富士町鴛泊字野塚,404,,
01519-4503-9.zip,202602101146,利尻郡利尻富士町鴛泊字野塚,360,,
01519-4503-9.zip,202602101146,利尻郡利尻富士町鴛泊字野塚,356-2,,
01519-4503-9.zip,202602101146,利尻郡利尻富士町鴛泊字野塚,357,,
01519-4503-9.zip,202602101146,利尻郡利尻富士町鴛泊字野塚,361,,
01519-4503-9.zip,202602101146,利尻郡利尻富士町鴛泊字野塚,359,,
01519-4503-9.zip,202602101146,利尻郡利尻富士町鴛泊字野塚,358,,
01519-4503-9.zip,202602101146,利尻郡利尻富士町鴛泊字野塚,363,,
01519-4503-9.zip,202602101146,利尻郡利尻富士町鴛泊字野塚,362,,
01519-4503-9.zip,202602101146,利尻郡利尻富士町鴛泊字野塚,364,,
01519-4503-9.zip,202602101146,利尻郡利尻富士町鴛泊字野塚,397,,
01519-4503-9.zip,202602101146,利尻郡利尻富士町鴛泊字野塚,352,,
01519-4503-9.zip,202602101146,利尻郡利尻富士町鴛泊字野塚,370,,
01519-4503-9.zip,202602101146,利尻郡利尻富士町鴛泊字野塚,369,,
01519-4503-9.zip,202602101146,利尻郡利尻富士町鴛泊字野塚,368,,
01519-4503-9.zip,202602101146,利尻郡利尻富士町鴛泊字野塚,372,,
01519-4503-9.zip,202602101146,利尻郡利尻富士町鴛泊字野塚,371,,
01519-4503-9.zip,202602101146,利尻郡利尻富士町鴛泊字野塚,383,,
01519-4503-9.zip,202602101146,利尻郡利尻富士町鴛泊字野塚,384,,
01519-4503-9.zip,202602101146,利尻郡利尻富士町鴛泊字野塚,385,,
01519-4503-9.zip,202602101146,利尻郡利尻富士町鴛泊字野塚,386,,
01519-4503-9.zip,202602101146,利尻郡利尻富士町鴛泊字野塚,432,,
01519-4503-9.zip,202602101146,利尻郡利尻富士町鴛泊字野塚,431,,
01519-4503-9.zip,202602101146,利尻郡利尻富士町鴛泊字野塚,429,,
01519-4503-9.zip,202602101146,利尻郡利尻富士町鴛泊字野塚,390,,
01519-4503-9.zip,202602101146,利尻郡利尻富士町鴛泊字野塚,391,,
01519-4503-9.zip,202602101146,利尻郡利尻富士町鴛泊字野塚,395,,
01519-4503-9.zip,202602101146,利尻郡利尻富士町鴛泊字野塚,396,,
01519-4503-9.zip,202602101146,利尻郡利尻富士町鴛泊字野塚,392,,
01519-4503-9.zip,202602101146,利尻郡利尻富士町鴛泊字野塚,393,,
01519-4503-9.zip,202602101146,利尻郡利尻富士町鴛泊字野塚,394,,
01519-4503-9.zip,202602101146,利尻郡利尻富士町鴛泊字野塚,長狭物不明-89,,
01519-4503-9.zip,202602101146,利尻郡利尻富士町鴛泊字野塚,長狭物不明-90,,
01519-4503-9.zip,202602101146,利尻郡利尻富士町鴛泊字野塚,338-1,,
01519-4503-9.zip,202602101146,利尻郡利尻富士町鴛泊字野塚,337-1,,
01519-4503-9.zip,202602101146,利尻郡利尻富士町鴛泊字野塚,335,,
01519-4503-9.zip,202602101146,利尻郡利尻富士町鴛泊字野塚,336-1,,
01519-4503-9.zip,202602101146,利尻郡利尻富士町鴛泊字野塚,337-2,,
01519-4503-9.zip,202602101146,利尻郡利尻富士町鴛泊字野塚,336-2,,
01519-4503-9.zip,202602101146,利尻郡利尻富士町鴛泊字野塚,313,,
01519-4503-9.zip,202602101146,利尻郡利尻富士町鴛泊字野塚,312,,
01519-4503-9.zip,202602101146,利尻郡利尻富士町鴛泊字野塚,317,,
01519-4503-9.zip,202602101146,利尻郡利尻富士町鴛泊字野塚,319,,
01519-4503-9.zip,202602101146,利尻郡利尻富士町鴛泊字野塚,316-1,,
01519-4503-9.zip,202602101146,利尻郡利尻富士町鴛泊字野塚,316-2,,
01519-4503-9.zip,202602101146,利尻郡利尻富士町鴛泊字野塚,318-1,,
01519-4503-9.zip,202602101146,利尻郡利尻富士町鴛泊字野塚,318-2,,
01519-4503-9.zip,202602101146,利尻郡利尻富士町鴛泊字野塚,345-2,,
01519-4503-9.zip,202602101146,利尻郡利尻富士町鴛泊字野塚,347,,
01519-4503-9.zip,202602101146,利尻郡利尻富士町鴛泊字野塚,346,,
01519-4503-9.zip,202602101146,利尻郡利尻富士町鴛泊字野塚,345-1,,
01519-4503-9.zip,202602101146,利尻郡利尻富士町鴛泊字野塚,348,,
01519-4503-9.zip,202602101146,利尻郡利尻富士町,地区外-707703,,
01519-4503-9.zip,202602101146,利尻郡利尻富士町鴛泊字野塚,長狭物不明-91,,
01519-4503-9.zip,202602101146,利尻郡利尻富士町鴛泊字野塚,長狭物不明-92,,
01519-4503-9.zip,202602101146,利尻郡利尻富士町鴛泊字野塚,道-10,,
01519-4503-9.zip,202602101146,利尻郡利尻富士町鴛泊字野塚,464-2,,
01519-4503-9.zip,202602101146,利尻郡利尻富士町鴛泊字野塚,464-1,,
01519-4503-9.zip,202602101146,利尻郡利尻富士町,地区外-707709,,
01519-4503-9.zip,202602101146,利尻郡利尻富士町鴛泊字野塚,463,,
01519-4503-9.zip,202602101146,利尻郡利尻富士町鴛泊字野塚,長狭物不明-93,,
01519-4503-9.zip,202602101146,利尻郡利尻富士町,地区外-707712,,
01519-4503-9.zip,202602101146,利尻郡利尻富士町鴛泊字雄忠志内,長狭物不明-94,,
01519-4503-9.zip,202602101146,利尻郡利尻富士町鴛泊字雄忠志内,337-1,,
01519-4503-9.zip,202602101146,利尻郡利尻富士町鴛泊字雄忠志内,337-2,,
01519-4503-9.zip,202602101146,利尻郡利尻富士町鴛泊字雄忠志内,長狭物不明-95,,
01519-4503-9.zip,202602101146,利尻郡利尻富士町鴛泊字雄忠志内,337-3,,
01519-4503-9.zip,202602101146,利尻郡利尻富士町鴛泊字雄忠志内,338-2,,
01519-4503-9.zip,202602101146,利尻郡利尻富士町鴛泊字雄忠志内,338-1,,
01519-4503-9.zip,202602101146,利尻郡利尻富士町鴛泊字雄忠志内,346-2,,
01519-4503-9.zip,202602101146,利尻郡利尻富士町鴛泊字雄忠志内,346-1,,
01519-4503-9.zip,202602101146,利尻郡利尻富士町鴛泊字雄忠志内,336,,
01519-4503-9.zip,202602101146,利尻郡利尻富士町鴛泊字野塚,長狭物不明-96,,
01519-4503-9.zip,202602101146,利尻郡利尻富士町鴛泊字雄忠志内,長狭物不明-97,,
01519-4503-9.zip,202602101146,利尻郡利尻富士町鴛泊字雄忠志内,244V1,,
01519-4503-9.zip,202602101146,利尻郡利尻富士町鴛泊字雄忠志内,244V2,,
01519-4503-9.zip,202602101146,利尻郡利尻富士町鴛泊字雄忠志内,長狭物不明-98,,
01519-4503-9.zip,202602101146,利尻郡利尻富士町鴛泊字雄忠志内,347-1,,
01519-4503-9.zip,202602101146,利尻郡利尻富士町鴛泊字雄忠志内,347-4,,
01519-4503-9.zip,202602101146,利尻郡利尻富士町鴛泊字雄忠志内,347-3,,
01519-4503-9.zip,202602101146,利尻郡利尻富士町鴛泊字雄忠志内,346-3,,
01519-4503-9.zip,202602101146,利尻郡利尻富士町鴛泊字雄忠志内,346-4,,
01519-4503-9.zip,202602101146,利尻郡利尻富士町鴛泊字雄忠志内,347-2,,
01519-4503-9.zip,202602101146,利尻郡利尻富士町鴛泊字野塚,長狭物不明-100,,
01519-4503-9.zip,202602101146,利尻郡利尻富士町鴛泊字野塚,長狭物不明-101,,
01519-4503-9.zip,202602101146,利尻郡利尻富士町鴛泊字野塚,長狭物不明-102,,
01519-4503-9.zip,202602101146,利尻郡利尻富士町鴛泊字雄忠志内,長狭物不明-103,,
01519-4503-9.zip,202602101146,利尻郡利尻富士町鴛泊字野塚,466,,
01519-4503-9.zip,202602101146,利尻郡利尻富士町,地区外-707742,,
01519-4503-9.zip,202602101146,利尻郡利尻富士町鴛泊字野塚,467,,
01519-4503-9.zip,202602101146,利尻郡利尻富士町鴛泊字雄忠志内,364,,
01519-4503-9.zip,202602101146,利尻郡利尻富士町鴛泊字野塚,455-33,,
01519-4503-9.zip,202602101146,利尻郡利尻富士町鴛泊字野塚,453-4,,
01519-4503-9.zip,202602101146,利尻郡利尻富士町鴛泊字野塚,453-3,,
01519-4503-9.zip,202602101146,利尻郡利尻富士町鴛泊字野塚,453-1,,
01519-4503-9.zip,202602101146,利尻郡利尻富士町鴛泊字野塚,459,,
01519-4503-9.zip,202602101146,利尻郡利尻富士町鴛泊字野塚,453-2,,
01519-4503-9.zip,202602101146,利尻郡利尻富士町鴛泊字野塚,453-5,,
01519-4503-9.zip,202602101146,利尻郡利尻富士町鴛泊字野塚,453-6,,
01519-4503-9.zip,202602101146,利尻郡利尻富士町鴛泊字野塚,455-29,,
01519-4503-9.zip,202602101146,利尻郡利尻富士町鴛泊字野塚,455-24,,
01519-4503-9.zip,202602101146,利尻郡利尻富士町鴛泊字野塚,456-12,,
01519-4503-9.zip,202602101146,利尻郡利尻富士町,地区外-707756,,
01519-4503-9.zip,202602101146,利尻郡利尻富士町鴛泊字野塚,455-12,,
01519-4503-9.zip,202602101146,利尻郡利尻富士町鴛泊字野塚,457,,
01519-4503-9.zip,202602101146,利尻郡利尻富士町鴛泊字野塚,454-8,,
01519-4503-9.zip,202602101146,利尻郡利尻富士町鴛泊字野塚,454-6,,
01519-4503-9.zip,202602101146,利尻郡利尻富士町鴛泊字野塚,454-5,,
01519-4503-9.zip,202602101146,利尻郡利尻富士町鴛泊字野塚,454-4,,
01519-4503-9.zip,202602101146,利尻郡利尻富士町鴛泊字野塚,454-3,,
01519-4503-9.zip,202602101146,利尻郡利尻富士町鴛泊字野塚,454-1,,
01519-4503-9.zip,202602101146,利尻郡利尻富士町鴛泊字野塚,458,,
01519-4503-9.zip,202602101146,利尻郡利尻富士町鴛泊字野塚,455-15,,
01519-4503-9.zip,202602101146,利尻郡利尻富士町鴛泊字野塚,454-2,,
01519-4503-9.zip,202602101146,利尻郡利尻富士町鴛泊字野塚,454-7,,
01519-4503-9.zip,202602101146,利尻郡利尻富士町鴛泊字野塚,455-13,,
01519-4503-9.zip,202602101146,利尻郡利尻富士町鴛泊字野塚,456-1,,
01519-4503-9.zip,202602101146,利尻郡利尻富士町鴛泊字野塚,456-6,,
01519-4503-9.zip,202602101146,利尻郡利尻富士町鴛泊字野塚,456-5,,
01519-4503-9.zip,202602101146,利尻郡利尻富士町鴛泊字野塚,456-2,,
01519-4503-9.zip,202602101146,利尻郡利尻富士町鴛泊字野塚,456-4,,
01519-4503-9.zip,202602101146,利尻郡利尻富士町鴛泊字野塚,456-3,,
01519-4503-9.zip,202602101146,利尻郡利尻富士町鴛泊字野塚,456-14,,
01519-4503-9.zip,202602101146,利尻郡利尻富士町鴛泊字野塚,455-27,,
01519-4503-9.zip,202602101146,利尻郡利尻富士町鴛泊字野塚,455-26,,
01519-4503-9.zip,202602101146,利尻郡利尻富士町鴛泊字野塚,455-19,,
01519-4503-9.zip,202602101146,利尻郡利尻富士町鴛泊字野塚,456-11,,
01519-4503-9.zip,202602101146,利尻郡利尻富士町鴛泊字野塚,456-18,,
01519-4503-9.zip,202602101146,利尻郡利尻富士町鴛泊字野塚,456-10,,
01519-4503-9.zip,202602101146,利尻郡利尻富士町鴛泊字野塚,456-19,,
01519-4503-9.zip,202602101146,利尻郡利尻富士町鴛泊字野塚,456-15,,
01519-4503-9.zip,202602101146,利尻郡利尻富士町鴛泊字野塚,456-7,,
01519-4503-9.zip,202602101146,利尻郡利尻富士町鴛泊字野塚,456-13,,
01519-4503-9.zip,202602101146,利尻郡利尻富士町鴛泊字野塚,456-9,,
01519-4503-9.zip,202602101146,利尻郡利尻富士町鴛泊字野塚,456-8,,
01519-4503-9.zip,202602101146,利尻郡利尻富士町鴛泊字野塚,456-17,,
01519-4503-9.zip,202602101146,利尻郡利尻富士町鴛泊字野塚,456-16,,
01519-4503-9.zip,202602101146,利尻郡利尻富士町鴛泊字野塚,455-31,,
01519-4503-9.zip,202602101146,利尻郡利尻富士町鴛泊字野塚,455-1,,
01519-4503-9.zip,202602101146,利尻郡利尻富士町鴛泊字野塚,455-30,,
01519-4503-9.zip,202602101146,利尻郡利尻富士町鴛泊字野塚,455-25,,
01519-4503-9.zip,202602101146,利尻郡利尻富士町鴛泊字野塚,455-23,,
01519-4503-9.zip,202602101146,利尻郡利尻富士町鴛泊字野塚,455-22,,
01519-4503-9.zip,202602101146,利尻郡利尻富士町鴛泊字野塚,455-10,,
01519-4503-9.zip,202602101146,利尻郡利尻富士町鴛泊字野塚,455-11,,
01519-4503-9.zip,202602101146,利尻郡利尻富士町鴛泊字野塚,455-21,,
01519-4503-9.zip,202602101146,利尻郡利尻富士町鴛泊字野塚,455-8,,
01519-4503-9.zip,202602101146,利尻郡利尻富士町鴛泊字野塚,455-9,,
01519-4503-9.zip,202602101146,利尻郡利尻富士町鴛泊字野塚,455-20,,
01519-4503-9.zip,202602101146,利尻郡利尻富士町鴛泊字野塚,455-6,,
01519-4503-9.zip,202602101146,利尻郡利尻富士町鴛泊字野塚,455-7,,
01519-4503-9.zip,202602101146,利尻郡利尻富士町鴛泊字野塚,455-18,,
01519-4503-9.zip,202602101146,利尻郡利尻富士町鴛泊字野塚,455-17,,
01519-4503-9.zip,202602101146,利尻郡利尻富士町鴛泊字野塚,455-16,,
01519-4503-9.zip,202602101146,利尻郡利尻富士町鴛泊字野塚,455-3,,
01519-4503-9.zip,202602101146,利尻郡利尻富士町鴛泊字野塚,455-4,,
01519-4503-9.zip,202602101146,利尻郡利尻富士町鴛泊字野塚,455-14,,
01519-4503-9.zip,202602101146,利尻郡利尻富士町鴛泊字野塚,455-32,,
01519-4503-9.zip,202602101146,利尻郡利尻富士町鴛泊字野塚,455-28,,
01519-4503-9.zip,202602101146,利尻郡利尻富士町鴛泊字野塚,455-2,,
01519-4503-9.zip,202602101146,利尻郡利尻富士町鴛泊字野塚,455-5,,
01519-4503-9.zip,202602101146,利尻郡利尻富士町,地区外-707815,,
01519-4503-9.zip,202602101146,利尻郡利尻富士町鴛泊字雄忠志内,358,,
01519-4503-9.zip,202602101146,利尻郡利尻富士町,地区外-707818,,
01519-4503-9.zip,202602101146,利尻郡利尻富士町鴛泊字雄忠志内,363,,
01519-4503-9.zip,202602101146,利尻郡利尻富士町,地区外-707820,,
01519-4503-9.zip,202602101146,利尻郡利尻富士町鴛泊字雄忠志内,330,,
01519-4503-9.zip,202602101146,利尻郡利尻富士町,地区外-707822,,
01519-4503-9.zip,202602101146,利尻郡利尻富士町鴛泊字雄忠志内,316-2,,
01519-4503-9.zip,202602101146,利尻郡利尻富士町鴛泊字雄忠志内,331,,
01519-4503-9.zip,202602101146,利尻郡利尻富士町鴛泊字雄忠志内,329-1,,
01519-4503-9.zip,202602101146,利尻郡利尻富士町鴛泊字雄忠志内,329-2,,
01519-4503-9.zip,202602101146,利尻郡利尻富士町,地区外-707829,,
01519-4503-9.zip,202602101146,利尻郡利尻富士町鴛泊字雄忠志内,長狭物不明-106,,
01519-4503-9.zip,202602101146,利尻郡利尻富士町,地区外-707831,,
01519-4503-9.zip,202602101146,利尻郡利尻富士町鴛泊字雄忠志内,260,,
01519-4503-9.zip,202602101146,利尻郡利尻富士町鴛泊字雄忠志内,262-2,,
01519-4503-9.zip,202602101146,利尻郡利尻富士町鴛泊字雄忠志内,262-3,,
01519-4503-9.zip,202602101146,利尻郡利尻富士町鴛泊字雄忠志内,262-1,,
01519-4503-9.zip,202602101146,利尻郡利尻富士町鴛泊字雄忠志内,270-2,,
01519-4503-9.zip,202602101146,利尻郡利尻富士町,地区外-707837,,
01519-4503-9.zip,202602101146,利尻郡利尻富士町鴛泊字雄忠志内,270-1,,
01519-4503-9.zip,202602101146,利尻郡利尻富士町鴛泊字雄忠志内,279,,
01519-4503-9.zip,202602101146,利尻郡利尻富士町鴛泊字雄忠志内,280,,
01519-4503-9.zip,202602101146,利尻郡利尻富士町鴛泊字雄忠志内,287,,
01519-4503-9.zip,202602101146,利尻郡利尻富士町鴛泊字雄忠志内,288-1,,
01519-4503-9.zip,202602101146,利尻郡利尻富士町鴛泊字雄忠志内,289-1,,
01519-4503-9.zip,202602101146,利尻郡利尻富士町鴛泊字雄忠志内,289-2,,
01519-4503-9.zip,202602101146,利尻郡利尻富士町,地区外-707845,,
01519-4503-9.zip,202602101146,利尻郡利尻富士町鴛泊字雄忠志内,288-2,,
01519-4503-9.zip,202602101146,利尻郡利尻富士町鴛泊字雄忠志内,302,,
01519-4503-9.zip,202602101146,利尻郡利尻富士町鴛泊字雄忠志内,水-8,,
01519-4503-9.zip,202602101146,利尻郡利尻富士町鴛泊字雄忠志内,300,,
01519-4503-9.zip,202602101146,利尻郡利尻富士町鴛泊字雄忠志内,299,,
01519-4503-9.zip,202602101146,利尻郡利尻富士町鴛泊字雄忠志内,長狭物不明-107,,
01519-4503-9.zip,202602101146,利尻郡利尻富士町鴛泊字雄忠志内,295,,
01519-4503-9.zip,202602101146,利尻郡利尻富士町鴛泊字雄忠志内,水-9,,
01519-4503-9.zip,202602101146,利尻郡利尻富士町鴛泊字雄忠志内,水-10,,
01519-4503-9.zip,202602101146,利尻郡利尻富士町鴛泊字雄忠志内,水-11,,
01519-4503-9.zip,202602101146,利尻郡利尻富士町鴛泊字雄忠志内,長狭物不明-108,,
01519-4503-9.zip,202602101146,利尻郡利尻富士町鴛泊字雄忠志内,長狭物不明-109,,
01519-4503-9.zip,202602101146,利尻郡利尻富士町鴛泊字雄忠志内,317,,
01519-4503-9.zip,202602101146,利尻郡利尻富士町鴛泊字雄忠志内,318,,
01519-4503-9.zip,202602101146,利尻郡利尻富士町鴛泊字雄忠志内,長狭物不明-110,,
01519-4503-9.zip,202602101146,利尻郡利尻富士町,地区外-707861,,
01519-4503-9.zip,202602101146,利尻郡利尻富士町,地区外-707862,,
01519-4503-9.zip,202602101146,利尻郡利尻富士町鴛泊字雄忠志内,長狭物不明-111,,
01519-4503-9.zip,202602101146,利尻郡利尻富士町鴛泊字雄忠志内,水-12,,
01519-4503-9.zip,202602101146,利尻郡利尻富士町,地区外-707865,,
01519-4503-9.zip,202602101146,利尻郡利尻富士町鴛泊字雄忠志内,長狭物不明-112,,
01519-4503-9.zip,202602101146,利尻郡利尻富士町鴛泊字雄忠志内,水-13,,
01519-4503-9.zip,202602101146,利尻郡利尻富士町鴛泊字雄忠志内,長狭物不明-113,,
01519-4503-9.zip,202602101146,利尻郡利尻富士町鴛泊字雄忠志内,261,,
01519-4503-9.zip,202602101146,利尻郡利尻富士町鴛泊字雄忠志内,264,,
01519-4503-9.zip,202602101146,利尻郡利尻富士町鴛泊字雄忠志内,265,,
01519-4503-9.zip,202602101146,利尻郡利尻富士町,地区外-707872,,
01519-4503-9.zip,202602101146,利尻郡利尻富士町鴛泊字雄忠志内,水-14,,
01519-4503-9.zip,202602101146,利尻郡利尻富士町鴛泊字雄忠志内,285,,
01519-4503-9.zip,202602101146,利尻郡利尻富士町鴛泊字雄忠志内,266,,
01519-4503-9.zip,202602101146,利尻郡利尻富士町鴛泊字雄忠志内,水-15,,
01519-4503-9.zip,202602101146,利尻郡利尻富士町鴛泊字雄忠志内,長狭物不明-114,,
01519-4503-9.zip,202602101146,利尻郡利尻富士町鴛泊字雄忠志内,長狭物不明-115,,
01519-4503-9.zip,202602101146,利尻郡利尻富士町鴛泊字雄忠志内,長狭物不明-116,,
01519-4503-9.zip,202602101146,利尻郡利尻富士町鴛泊字雄忠志内,長狭物不明-117,,
01519-4503-9.zip,202602101146,利尻郡利尻富士町,地区外-707882,,
01519-4503-9.zip,202602101146,利尻郡利尻富士町鴛泊字雄忠志内,長狭物不明-105,,
01519-4503-9.zip,202602101146,利尻郡利尻富士町鴛泊字雄忠志内,375,,
01519-4503-9.zip,202602101146,利尻郡利尻富士町,地区外-707881,,
01519-4503-9.zip,202602101146,利尻郡利尻富士町鴛泊字雄忠志内,376,,
01519-4503-9.zip,202602101146,利尻郡利尻富士町鴛泊字港町,筆界未定地-56,利尻郡利尻富士町鴛泊字港町,183
01519-4503-9.zip,202602101146,利尻郡利尻富士町鴛泊字港町,筆界未定地-56,利尻郡利尻富士町鴛泊字港町,無地番-1
01519-4503-9.zip,202602101146,利尻郡利尻富士町鴛泊字湾内,筆界未定地-1,利尻郡利尻富士町鴛泊字湾内,232
01519-4503-9.zip,202602101146,利尻郡利尻富士町鴛泊字湾内,筆界未定地-1,利尻郡利尻富士町鴛泊字湾内,287
01519-4503-9.zip,202602101146,利尻郡利尻富士町鴛泊字湾内,筆界未定地-1,利尻郡利尻富士町鴛泊字湾内,289
01519-4503-9.zip,202602101146,利尻郡利尻富士町鴛泊字湾内,筆界未定地-1,利尻郡利尻富士町鴛泊字湾内,290
01519-4503-9.zip,202602101146,利尻郡利尻富士町鴛泊字湾内,筆界未定地-1,利尻郡利尻富士町鴛泊字湾内,無地番-1
01519-4503-9.zip,202602101146,利尻郡利尻富士町鴛泊字湾内,筆界未定地-47,利尻郡利尻富士町鴛泊字湾内,177
01519-4503-9.zip,202602101146,利尻郡利尻富士町鴛泊字湾内,筆界未定地-47,利尻郡利尻富士町鴛泊字湾内,無地番-2
01519-4503-9.zip,202602101146,利尻郡利尻富士町鴛泊字湾内,筆界未定地-48,利尻郡利尻富士町鴛泊字湾内,261-1
01519-4503-9.zip,202602101146,利尻郡利尻富士町鴛泊字湾内,筆界未定地-48,利尻郡利尻富士町鴛泊字湾内,無地番-3
01519-4503-9.zip,202602101146,利尻郡利尻富士町鴛泊字野塚,筆界未定地-22-1,利尻郡利尻富士町鴛泊字野塚,445
01519-4503-9.zip,202602101146,利尻郡利尻富士町鴛泊字野塚,筆界未定地-22-1,利尻郡利尻富士町鴛泊字野塚,無地番-1
01519-4503-9.zip,202602101146,利尻郡利尻富士町鴛泊字雄忠志内,筆界未定地-3,利尻郡利尻富士町鴛泊字雄忠志内,286
01519-4503-9.zip,202602101146,利尻郡利尻富士町鴛泊字雄忠志内,筆界未定地-3,利尻郡利尻富士町鴛泊字雄忠志内,無地番-1
01519-4503-9.zip,202602101146,利尻郡利尻富士町鴛泊字雄忠志内,筆界未定地-5,利尻郡利尻富士町鴛泊字雄忠志内,267
01519-4503-9.zip,202602101146,利尻郡利尻富士町鴛泊字雄忠志内,筆界未定地-5,利尻郡利尻富士町鴛泊字雄忠志内,276
01519-4503-9.zip,202602101146,利尻郡利尻富士町鴛泊字雄忠志内,筆界未定地-5,利尻郡利尻富士町鴛泊字雄忠志内,無地番-2
01519-4503-9.zip,202602101146,利尻郡利尻富士町鴛泊字雄忠志内,筆界未定地-5,利尻郡利尻富士町鴛泊字雄忠志内,水-2
01519-4503-9.zip,202602101146,利尻郡利尻富士町鴛泊字雄忠志内,筆界未定地-6,利尻郡利尻富士町鴛泊字雄忠志内,319
01519-4503-9.zip,202602101146,利尻郡利尻富士町鴛泊字雄忠志内,筆界未定地-6,利尻郡利尻富士町鴛泊字雄忠志内,325
01519-4503-9.zip,202602101146,利尻郡利尻富士町鴛泊字雄忠志内,筆界未定地-6,利尻郡利尻富士町鴛泊字雄忠志内,無地番-3
01519-4503-9.zip,202602101146,利尻郡利尻富士町鴛泊字雄忠志内,筆界未定地-8,利尻郡利尻富士町鴛泊字雄忠志内,308
01519-4503-9.zip,202602101146,利尻郡利尻富士町鴛泊字雄忠志内,筆界未定地-8,利尻郡利尻富士町鴛泊字雄忠志内,無地番-4
01519-4503-9.zip,202602101146,利尻郡利尻富士町鴛泊字雄忠志内,筆界未定地-15,利尻郡利尻富士町鴛泊字雄忠志内,316-1
01519-4503-9.zip,202602101146,利尻郡利尻富士町鴛泊字雄忠志内,筆界未定地-15,利尻郡利尻富士町鴛泊字雄忠志内,316-3
01519-4503-9.zip,202602101146,利尻郡利尻富士町鴛泊字雄忠志内,筆界未定地-15,利尻郡利尻富士町鴛泊字雄忠志内,316-4
01519-4503-9.zip,202602101146,利尻郡利尻富士町鴛泊字雄忠志内,筆界未定地-15,利尻郡利尻富士町鴛泊字雄忠志内,316-6
01519-4503-9.zip,202602101146,利尻郡利尻富士町鴛泊字雄忠志内,筆界未定地-15,利尻郡利尻富士町鴛泊字雄忠志内,316-7
01519-4503-9.zip,202602101146,利尻郡利尻富士町鴛泊字雄忠志内,筆界未定地-15,利尻郡利尻富士町鴛泊字雄忠志内,316-8
01519-4503-9.zip,202602101146,利尻郡利尻富士町鴛泊字雄忠志内,筆界未定地-15,利尻郡利尻富士町鴛泊字雄忠志内,316-9
01519-4503-9.zip,202602101146,利尻郡利尻富士町鴛泊字雄忠志内,筆界未定地-15,利尻郡利尻富士町鴛泊字雄忠志内,316-10
01519-4503-9.zip,202602101146,利尻郡利尻富士町,長狭物不明-12,,
01519-4503-9.zip,202602101146,利尻郡利尻富士町鴛泊字雄忠志内,377,,
01519-4503-9.zip,202602101146,利尻郡利尻富士町鴛泊字雄忠志内,長狭物不明-104,,
01519-4503-9.zip,202602101146,利尻郡利尻富士町鴛泊字雄忠志内,327,,
01519-4503-9.zip,202602101146,利尻郡利尻富士町,地区外-707346,,
01519-4503-9.zip,202602101146,利尻郡利尻富士町,地区外-707345,,
01519-4503-9.zip,202602101146,利尻郡利尻富士町鴛泊字雄忠志内,353,,
01519-4503-9.zip,202602101146,利尻郡利尻富士町鴛泊字雄忠志内,354,,
01519-4503-9.zip,202602101146,利尻郡利尻富士町鴛泊字雄忠志内,355,,
01519-4503-9.zip,202602101146,利尻郡利尻富士町鴛泊字雄忠志内,357,,
01519-4503-9.zip,202602101146,利尻郡利尻富士町鴛泊字雄忠志内,356,,
01519-4503-9.zip,202602101146,利尻郡利尻富士町鴛泊字雄忠志内,246-2,,
01519-4503-9.zip,202602101146,利尻郡利尻富士町鴛泊字雄忠志内,246-4,,
01519-4503-9.zip,202602101146,利尻郡利尻富士町鴛泊字雄忠志内,246-1,,
01519-4503-9.zip,202602101146,利尻郡利尻富士町鴛泊字野塚,460-1,,
01519-4503-9.zip,202602101146,利尻郡利尻富士町鴛泊字野塚,460-2,,
01519-4503-9.zip,202602101146,利尻郡利尻富士町鴛泊字雄忠志内,246-3,,
01519-4503-9.zip,202602101146,利尻郡利尻富士町鴛泊字雄忠志内,246-6,,
01519-4503-9.zip,202602101146,利尻郡利尻富士町,地区外-707729,,
01519-4503-9.zip,202602101146,利尻郡利尻富士町鴛泊字雄忠志内,349-1,,
01519-4503-9.zip,202602101146,利尻郡利尻富士町鴛泊字雄忠志内,349-2,,
01519-4503-9.zip,202602101146,利尻郡利尻富士町鴛泊字雄忠志内,長狭物不明-99,,
01519-4503-9.zip,202602101146,利尻郡利尻富士町鴛泊字野塚,長狭物不明-1,,
01519-4503-9.zip,202602101146,利尻郡利尻富士町鴛泊字雄忠志内,長狭物不明-2-2,,
01519-4503-9.zip,202602101146,利尻郡利尻富士町鴛泊字野塚,468,,
01519-4503-9.zip,202602101146,利尻郡利尻富士町鴛泊字雄忠志内,378-2,,
01519-4503-9.zip,202602101146,利尻郡利尻富士町鴛泊字雄忠志内,378-1,,
01519-4503-9.zip,202602101146,利尻郡利尻富士町鴛泊字雄忠志内,246-5,,
01519-4503-9.zip,202602101146,利尻郡利尻富士町鴛泊字港町,188-2,,
01519-4503-9.zip,202602101146,利尻郡利尻富士町鴛泊字港町,188-1,,
01519-4503-9.zip,202602101146,利尻郡利尻富士町,地区外-707415,,
01519-4503-9.zip,202602101146,利尻郡利尻富士町鴛泊字港町,187-1,,
01519-4503-9.zip,202602101146,利尻郡利尻富士町鴛泊字港町,187-2,,
01519-4503-9.zip,202602101146,利尻郡利尻富士町,地区外-707426,,
01519-4503-9.zip,202602101146,利尻郡利尻富士町鴛泊字港町,300,,
01519-4503-9.zip,202602101146,利尻郡利尻富士町鴛泊字港町,長狭物不明-18,,
01519-4503-9.zip,202602101146,利尻郡利尻富士町鴛泊字港町,301,,
01519-4503-9.zip,202602101146,利尻郡利尻富士町鴛泊字港町,213,,
01519-4503-9.zip,202602101146,利尻郡利尻富士町鴛泊字港町,205-1,,
01519-4503-9.zip,202602101146,利尻郡利尻富士町鴛泊字港町,207-4,,
01519-4503-10.zip,202602101146,利尻郡利尻富士町,地区外-711692,,
01519-4503-10.zip,202602101146,利尻郡利尻富士町鴛泊字富士岬,筆界未定地-1,利尻郡利尻富士町鴛泊字富士岬,286
01519-4503-10.zip,202602101146,利尻郡利尻富士町鴛泊字富士岬,筆界未定地-1,利尻郡利尻富士町鴛泊字富士岬,287
01519-4503-10.zip,202602101146,利尻郡利尻富士町鴛泊字富士岬,筆界未定地-1,利尻郡利尻富士町鴛泊字富士岬,288
01519-4503-10.zip,202602101146,利尻郡利尻富士町鴛泊字富士岬,筆界未定地-1,利尻郡利尻富士町鴛泊字富士岬,289
01519-4503-10.zip,202602101146,利尻郡利尻富士町鴛泊字富士岬,筆界未定地-2,利尻郡利尻富士町鴛泊字富士岬,290
01519-4503-10.zip,202602101146,利尻郡利尻富士町鴛泊字富士岬,筆界未定地-2,利尻郡利尻富士町鴛泊字富士岬,291
01519-4503-10.zip,202602101146,利尻郡利尻富士町鴛泊字富士岬,筆界未定地-2,利尻郡利尻富士町鴛泊字富士岬,292
01519-4503-10.zip,202602101146,利尻郡利尻富士町鴛泊字富士岬,筆界未定地-2,利尻郡利尻富士町鴛泊字富士岬,293
01519-4503-10.zip,202602101146,利尻郡利尻富士町,地区外-711723,,
01519-4503-10.zip,202602101146,利尻郡利尻富士町,地区外-711724,,
01519-4503-10.zip,202602101146,利尻郡利尻富士町鴛泊字富士岬,道-3,,
01519-4503-10.zip,202602101146,利尻郡利尻富士町鴛泊字富士岬,148,,
01519-4503-10.zip,202602101146,利尻郡利尻富士町鴛泊字富士岬,149,,
01519-4503-10.zip,202602101146,利尻郡利尻富士町,地区外-711728,,
01519-4503-10.zip,202602101146,利尻郡利尻富士町鴛泊字富士岬,367-7,,
01519-4503-10.zip,202602101146,利尻郡利尻富士町鴛泊字富士岬,道-4,,
01519-4503-10.zip,202602101146,利尻郡利尻富士町鴛泊字富士岬,416,,
01519-4503-10.zip,202602101146,利尻郡利尻富士町鴛泊字富士岬,393,,
01519-4503-10.zip,202602101146,利尻郡利尻富士町鴛泊字富士岬,447-2,,
01519-4503-10.zip,202602101146,利尻郡利尻富士町鴛泊字富士岬,447-1,,
01519-4503-10.zip,202602101146,利尻郡利尻富士町鴛泊字富士岬,417,,
01519-4503-10.zip,202602101146,利尻郡利尻富士町鴛泊字富士岬,長狭物不明-1,,
01519-4503-10.zip,202602101146,利尻郡利尻富士町鴛泊字富士岬,389,,
01519-4503-10.zip,202602101146,利尻郡利尻富士町鴛泊字富士岬,長狭物不明-2,,
01519-4503-10.zip,202602101146,利尻郡利尻富士町,地区外-711739,,
01519-4503-10.zip,202602101146,利尻郡利尻富士町鴛泊字富士岬,271,,
01519-4503-10.zip,202602101146,利尻郡利尻富士町鴛泊字富士岬,長狭物不明-3,,
01519-4503-10.zip,202602101146,利尻郡利尻富士町鴛泊字富士岬,284,,
01519-4503-10.zip,202602101146,利尻郡利尻富士町鴛泊字富士岬,283,,
01519-4503-10.zip,202602101146,利尻郡利尻富士町鴛泊字富士岬,281,,
01519-4503-10.zip,202602101146,利尻郡利尻富士町,地区外-711745,,
01519-4503-10.zip,202602101146,利尻郡利尻富士町鴛泊字富士岬,長狭物不明-4,,
01519-4503-10.zip,202602101146,利尻郡利尻富士町鴛泊字富士岬,295,,
01519-4503-10.zip,202602101146,利尻郡利尻富士町鴛泊字富士岬,298,,
01519-4503-10.zip,202602101146,利尻郡利尻富士町鴛泊字富士岬,299,,
01519-4503-10.zip,202602101146,利尻郡利尻富士町鴛泊字富士岬,301,,
01519-4503-10.zip,202602101146,利尻郡利尻富士町鴛泊字富士岬,300,,
01519-4503-10.zip,202602101146,利尻郡利尻富士町鴛泊字富士岬,305-1,,
01519-4503-10.zip,202602101146,利尻郡利尻富士町鴛泊字富士岬,道-5,,
01519-4503-10.zip,202602101146,利尻郡利尻富士町鴛泊字富士岬,長狭物不明-5,,
01519-4503-10.zip,202602101146,利尻郡利尻富士町鴛泊字富士岬,142,,
01519-4503-10.zip,202602101146,利尻郡利尻富士町鴛泊字富士岬,143,,
01519-4503-10.zip,202602101146,利尻郡利尻富士町鴛泊字富士岬,144,,
01519-4503-10.zip,202602101146,利尻郡利尻富士町鴛泊字富士岬,297,,
01519-4503-10.zip,202602101146,利尻郡利尻富士町鴛泊字富士岬,296,,
01519-4503-10.zip,202602101146,利尻郡利尻富士町鴛泊字富士岬,285,,
01519-4503-10.zip,202602101146,利尻郡利尻富士町鴛泊字富士岬,282,,
01519-4503-10.zip,202602101146,利尻郡利尻富士町鴛泊字富士岬,280,,
01519-4503-10.zip,202602101146,利尻郡利尻富士町鴛泊字富士岬,279,,
01519-4503-10.zip,202602101146,利尻郡利尻富士町鴛泊字富士岬,146,,
01519-4503-10.zip,202602101146,利尻郡利尻富士町鴛泊字富士岬,145,,
01519-4503-10.zip,202602101146,利尻郡利尻富士町鴛泊字富士岬,150,,
01519-4503-10.zip,202602101146,利尻郡利尻富士町鴛泊字富士岬,147,,
01519-4503-10.zip,202602101146,利尻郡利尻富士町,地区外-711768,,
01519-4503-10.zip,202602101146,利尻郡利尻富士町鴛泊字富士岬,長狭物不明-6,,
01519-4503-10.zip,202602101146,利尻郡利尻富士町鴛泊字富士野,86,,
01519-4503-10.zip,202602101146,利尻郡利尻富士町鴛泊字富士野,72,,
01519-4503-10.zip,202602101146,利尻郡利尻富士町鴛泊字富士岬,長狭物不明-7,,
01519-4503-10.zip,202602101146,利尻郡利尻富士町鴛泊字富士岬,318,,
01519-4503-10.zip,202602101146,利尻郡利尻富士町鴛泊字富士岬,319,,
01519-4503-10.zip,202602101146,利尻郡利尻富士町鴛泊字富士岬,406,,
01519-4503-10.zip,202602101146,利尻郡利尻富士町鴛泊字富士野,68-3,,
01519-4503-10.zip,202602101146,利尻郡利尻富士町鴛泊字富士野,68-7,,
01519-4503-10.zip,202602101146,利尻郡利尻富士町鴛泊字富士岬,341,,
01519-4503-10.zip,202602101146,利尻郡利尻富士町鴛泊字富士岬,342,,
01519-4503-10.zip,202602101146,利尻郡利尻富士町鴛泊字富士岬,400,,
01519-4503-10.zip,202602101146,利尻郡利尻富士町鴛泊字富士岬,336,,
01519-4503-10.zip,202602101146,利尻郡利尻富士町鴛泊字富士岬,長狭物不明-8,,
01519-4503-10.zip,202602101146,利尻郡利尻富士町鴛泊字富士岬,長狭物不明-9,,
01519-4503-10.zip,202602101146,利尻郡利尻富士町鴛泊字富士岬,415,,
01519-4503-10.zip,202602101146,利尻郡利尻富士町鴛泊字富士岬,408,,
01519-4503-10.zip,202602101146,利尻郡利尻富士町鴛泊字富士岬,334,,
01519-4503-10.zip,202602101146,利尻郡利尻富士町鴛泊字富士岬,332,,
01519-4503-10.zip,202602101146,利尻郡利尻富士町鴛泊字富士岬,398,,
01519-4503-10.zip,202602101146,利尻郡利尻富士町鴛泊字富士岬,410,,
01519-4503-10.zip,202602101146,利尻郡利尻富士町鴛泊字富士岬,長狭物不明-10,,
01519-4503-10.zip,202602101146,利尻郡利尻富士町鴛泊字富士岬,320-2,,
01519-4503-10.zip,202602101146,利尻郡利尻富士町鴛泊字富士岬,320-1,,
01519-4503-10.zip,202602101146,利尻郡利尻富士町鴛泊字富士岬,396,,
01519-4503-10.zip,202602101146,利尻郡利尻富士町鴛泊字富士岬,長狭物不明-11,,
01519-4503-10.zip,202602101146,利尻郡利尻富士町鴛泊字富士岬,329-1,,
01519-4503-10.zip,202602101146,利尻郡利尻富士町鴛泊字富士岬,330-1,,
01519-4503-10.zip,202602101146,利尻郡利尻富士町,地区外-711797,,
01519-4503-10.zip,202602101146,利尻郡利尻富士町鴛泊字富士岬,306,,
01519-4503-10.zip,202602101146,利尻郡利尻富士町鴛泊字富士岬,308,,
01519-4503-10.zip,202602101146,利尻郡利尻富士町鴛泊字富士岬,道-6,,
01519-4503-10.zip,202602101146,利尻郡利尻富士町鴛泊字富士岬,57,,
01519-4503-10.zip,202602101146,利尻郡利尻富士町鴛泊字富士岬,58-1,,
01519-4503-10.zip,202602101146,利尻郡利尻富士町鴛泊字富士岬,58-3,,
01519-4503-10.zip,202602101146,利尻郡利尻富士町鴛泊字富士岬,58-2,,
01519-4503-10.zip,202602101146,利尻郡利尻富士町鴛泊字富士岬,長狭物不明-12,,
01519-4503-10.zip,202602101146,利尻郡利尻富士町鴛泊字富士岬,道-7,,
01519-4503-10.zip,202602101146,利尻郡利尻富士町鴛泊字富士岬,386,,
01519-4503-10.zip,202602101146,利尻郡利尻富士町鴛泊字富士岬,長狭物不明-13,,
01519-4503-10.zip,202602101146,利尻郡利尻富士町鴛泊字富士岬,311,,
01519-4503-10.zip,202602101146,利尻郡利尻富士町鴛泊字富士岬,310,,
01519-4503-10.zip,202602101146,利尻郡利尻富士町鴛泊字富士岬,314,,
01519-4503-10.zip,202602101146,利尻郡利尻富士町鴛泊字富士岬,315-1,,
01519-4503-10.zip,202602101146,利尻郡利尻富士町鴛泊字富士岬,別図-1,,
01519-4503-10.zip,202602101146,利尻郡利尻富士町鴛泊字富士岬,長狭物不明-14,,
01519-4503-10.zip,202602101146,利尻郡利尻富士町鴛泊字富士岬,56,,
01519-4503-10.zip,202602101146,利尻郡利尻富士町鴛泊字富士岬,381,,
01519-4503-10.zip,202602101146,利尻郡利尻富士町鴛泊字富士岬,382,,
01519-4503-10.zip,202602101146,利尻郡利尻富士町鴛泊字富士岬,329-3,,
01519-4503-10.zip,202602101146,利尻郡利尻富士町鴛泊字富士岬,330-2,,
01519-4503-10.zip,202602101146,利尻郡利尻富士町鴛泊字富士岬,384,,
01519-4503-10.zip,202602101146,利尻郡利尻富士町鴛泊字富士岬,383,,
01519-4503-10.zip,202602101146,利尻郡利尻富士町鴛泊字富士岬,329-2,,
01519-4503-10.zip,202602101146,利尻郡利尻富士町鴛泊字富士岬,315-3,,
01519-4503-10.zip,202602101146,利尻郡利尻富士町鴛泊字富士岬,385,,
01519-4503-10.zip,202602101146,利尻郡利尻富士町鴛泊字富士岬,315-2,,
01519-4503-10.zip,202602101146,利尻郡利尻富士町鴛泊字富士岬,339-1,,
01519-4503-10.zip,202602101146,利尻郡利尻富士町鴛泊字富士岬,長狭物不明-15,,
01519-4503-10.zip,202602101146,利尻郡利尻富士町鴛泊字富士岬,387,,
01519-4503-10.zip,202602101146,利尻郡利尻富士町鴛泊字富士岬,339-2,,
01519-4503-10.zip,202602101146,利尻郡利尻富士町鴛泊字富士岬,339-3,,
01519-4503-10.zip,202602101146,利尻郡利尻富士町鴛泊字富士岬,305-3,,
01519-4503-10.zip,202602101146,利尻郡利尻富士町鴛泊字富士岬,303-2,,
01519-4503-10.zip,202602101146,利尻郡利尻富士町鴛泊字富士岬,388,,
01519-4503-10.zip,202602101146,利尻郡利尻富士町鴛泊字富士岬,303-1,,
01519-4503-10.zip,202602101146,利尻郡利尻富士町鴛泊字富士岬,304,,
01519-4503-10.zip,202602101146,利尻郡利尻富士町鴛泊字富士岬,302-1,,
01519-4503-10.zip,202602101146,利尻郡利尻富士町鴛泊字富士岬,302-3,,
01519-4503-10.zip,202602101146,利尻郡利尻富士町鴛泊字富士岬,302-2,,
01519-4503-10.zip,202602101146,利尻郡利尻富士町鴛泊字富士岬,340,,
01519-4503-10.zip,202602101146,利尻郡利尻富士町鴛泊字富士岬,305-2,,
01519-4503-10.zip,202602101146,利尻郡利尻富士町鴛泊字富士岬,長狭物不明-16,,
01519-4503-10.zip,202602101146,利尻郡利尻富士町鴛泊字富士岬,316,,
01519-4503-11.zip,202602101146,利尻郡利尻富士町鬼脇字金崎,長狭物不明-1,,
01519-4503-11.zip,202602101146,利尻郡利尻富士町鬼脇字沼浦,1001,,
01519-4503-11.zip,202602101146,利尻郡利尻富士町,地区外-712402,,
01519-4503-11.zip,202602101146,利尻郡利尻富士町,地区外-712403,,
01519-4503-11.zip,202602101146,利尻郡利尻富士町,地区外-712404,,
01519-4503-11.zip,202602101146,利尻郡利尻富士町鬼脇字野中,長狭物不明-2,,
01519-4503-11.zip,202602101146,利尻郡利尻富士町鬼脇字野中,171,,
01519-4503-11.zip,202602101146,利尻郡利尻富士町鬼脇字鬼脇,350-4,,
01519-4503-11.zip,202602101146,利尻郡利尻富士町鬼脇字鬼脇,379-2,,
01519-4503-11.zip,202602101146,利尻郡利尻富士町,地区外-712409,,
01519-4503-11.zip,202602101146,利尻郡利尻富士町鬼脇字鬼脇,長狭物不明-4,,
01519-4503-11.zip,202602101146,利尻郡利尻富士町鬼脇字金崎,長狭物不明-5,,
01519-4503-11.zip,202602101146,利尻郡利尻富士町鬼脇字金崎,長狭物不明-6,,
01519-4503-11.zip,202602101146,利尻郡利尻富士町鬼脇字清川,長狭物不明-8,,
01519-4503-11.zip,202602101146,利尻郡利尻富士町鬼脇字清川,長狭物不明-10,,
01519-4503-11.zip,202602101146,利尻郡利尻富士町鬼脇字清川,長狭物不明-11,,
01519-4503-11.zip,202602101146,利尻郡利尻富士町鬼脇字清川,長狭物不明-12,,
01519-4503-11.zip,202602101146,利尻郡利尻富士町鬼脇字清川,長狭物不明-13,,
01519-4503-11.zip,202602101146,利尻郡利尻富士町鬼脇字清川,長狭物不明-14,,
01519-4503-11.zip,202602101146,利尻郡利尻富士町鬼脇字清川,長狭物不明-15,,
01519-4503-11.zip,202602101146,利尻郡利尻富士町鬼脇字鬼脇,長狭物不明-16,,
01519-4503-11.zip,202602101146,利尻郡利尻富士町鬼脇字鬼脇,長狭物不明-17,,
01519-4503-11.zip,202602101146,利尻郡利尻富士町鬼脇字鬼脇,長狭物不明-18,,
01519-4503-11.zip,202602101146,利尻郡利尻富士町鬼脇字野中,長狭物不明-19,,
01519-4503-11.zip,202602101146,利尻郡利尻富士町鬼脇字野中,水-1,,
01519-4503-11.zip,202602101146,利尻郡利尻富士町鬼脇字清川,筆界未定地-1,利尻郡利尻富士町鬼脇字清川,210-1
01519-4503-11.zip,202602101146,利尻郡利尻富士町鬼脇字清川,筆界未定地-1,利尻郡利尻富士町鬼脇字清川,210-2
01519-4503-11.zip,202602101146,利尻郡利尻富士町鬼脇字清川,筆界未定地-1,利尻郡利尻富士町鬼脇字清川,210-3
01519-4503-11.zip,202602101146,利尻郡利尻富士町鬼脇字清川,筆界未定地-1,利尻郡利尻富士町鬼脇字清川,210-4
01519-4503-11.zip,202602101146,利尻郡利尻富士町鬼脇字清川,筆界未定地-2,利尻郡利尻富士町鬼脇字清川,230-1
01519-4503-11.zip,202602101146,利尻郡利尻富士町鬼脇字清川,筆界未定地-2,利尻郡利尻富士町鬼脇字清川,230-2
01519-4503-11.zip,202602101146,利尻郡利尻富士町鬼脇字清川,筆界未定地-2,利尻郡利尻富士町鬼脇字清川,230-3
01519-4503-11.zip,202602101146,利尻郡利尻富士町鬼脇字鬼脇,筆界未定地-3,利尻郡利尻富士町鬼脇字鬼脇,280
01519-4503-11.zip,202602101146,利尻郡利尻富士町鬼脇字鬼脇,筆界未定地-3,利尻郡利尻富士町鬼脇字鬼脇,281
01519-4503-11.zip,202602101146,利尻郡利尻富士町鬼脇字鬼脇,筆界未定地-5,利尻郡利尻富士町鬼脇字鬼脇,253
01519-4503-11.zip,202602101146,利尻郡利尻富士町鬼脇字鬼脇,筆界未定地-5,利尻郡利尻富士町鬼脇字鬼脇,254
01519-4503-11.zip,202602101146,利尻郡利尻富士町鬼脇字鬼脇,筆界未定地-6,利尻郡利尻富士町鬼脇字鬼脇,447
01519-4503-11.zip,202602101146,利尻郡利尻富士町鬼脇字鬼脇,筆界未定地-6,利尻郡利尻富士町鬼脇字鬼脇,448
01519-4503-11.zip,202602101146,利尻郡利尻富士町鬼脇字鬼脇,筆界未定地-8,利尻郡利尻富士町鬼脇字鬼脇,436
01519-4503-11.zip,202602101146,利尻郡利尻富士町鬼脇字鬼脇,筆界未定地-8,利尻郡利尻富士町鬼脇字鬼脇,437
01519-4503-11.zip,202602101146,利尻郡利尻富士町鬼脇字金崎,筆界未定地-9,利尻郡利尻富士町鬼脇字金崎,337-1
01519-4503-11.zip,202602101146,利尻郡利尻富士町鬼脇字金崎,筆界未定地-9,利尻郡利尻富士町鬼脇字金崎,337-2
01519-4503-11.zip,202602101146,利尻郡利尻富士町鬼脇字金崎,筆界未定地-9,利尻郡利尻富士町鬼脇字金崎,337-3
01519-4503-11.zip,202602101146,利尻郡利尻富士町鬼脇字金崎,筆界未定地-9,利尻郡利尻富士町鬼脇字金崎,337-4
01519-4503-11.zip,202602101146,利尻郡利尻富士町鬼脇字金崎,筆界未定地-9,利尻郡利尻富士町鬼脇字金崎,337-5
01519-4503-11.zip,202602101146,利尻郡利尻富士町鬼脇字金崎,筆界未定地-9,利尻郡利尻富士町鬼脇字金崎,337-6
01519-4503-11.zip,202602101146,利尻郡利尻富士町鬼脇字鬼脇,筆界未定地-10,利尻郡利尻富士町鬼脇字鬼脇,206-1
01519-4503-11.zip,202602101146,利尻郡利尻富士町鬼脇字鬼脇,筆界未定地-10,利尻郡利尻富士町鬼脇字鬼脇,206-2
01519-4503-11.zip,202602101146,利尻郡利尻富士町鬼脇字鬼脇,筆界未定地-10,利尻郡利尻富士町鬼脇字鬼脇,206-3
01519-4503-11.zip,202602101146,利尻郡利尻富士町鬼脇字鬼脇,筆界未定地-10,利尻郡利尻富士町鬼脇字鬼脇,206-4
01519-4503-11.zip,202602101146,利尻郡利尻富士町鬼脇字鬼脇,筆界未定地-10,利尻郡利尻富士町鬼脇字鬼脇,206-5
01519-4503-11.zip,202602101146,利尻郡利尻富士町鬼脇字鬼脇,筆界未定地-10,利尻郡利尻富士町鬼脇字鬼脇,206-6
01519-4503-11.zip,202602101146,利尻郡利尻富士町鬼脇字鬼脇,筆界未定地-10,利尻郡利尻富士町鬼脇字鬼脇,206-7
01519-4503-11.zip,202602101146,利尻郡利尻富士町鬼脇字鬼脇,筆界未定地-10,利尻郡利尻富士町鬼脇字鬼脇,206-8
01519-4503-11.zip,202602101146,利尻郡利尻富士町鬼脇字鬼脇,筆界未定地-10,利尻郡利尻富士町鬼脇字鬼脇,206-9
01519-4503-11.zip,202602101146,利尻郡利尻富士町鬼脇字鬼脇,筆界未定地-10,利尻郡利尻富士町鬼脇字鬼脇,206-10
01519-4503-11.zip,202602101146,利尻郡利尻富士町鬼脇字鬼脇,筆界未定地-10,利尻郡利尻富士町鬼脇字鬼脇,206-11
01519-4503-11.zip,202602101146,利尻郡利尻富士町鬼脇字鬼脇,筆界未定地-10,利尻郡利尻富士町鬼脇字鬼脇,206-12
01519-4503-11.zip,202602101146,利尻郡利尻富士町鬼脇字鬼脇,筆界未定地-10,利尻郡利尻富士町鬼脇字鬼脇,206-13
01519-4503-11.zip,202602101146,利尻郡利尻富士町鬼脇字鬼脇,筆界未定地-10,利尻郡利尻富士町鬼脇字鬼脇,206-14
01519-4503-11.zip,202602101146,利尻郡利尻富士町鬼脇字鬼脇,筆界未定地-10,利尻郡利尻富士町鬼脇字鬼脇,206-15
01519-4503-11.zip,202602101146,利尻郡利尻富士町鬼脇字鬼脇,筆界未定地-10,利尻郡利尻富士町鬼脇字鬼脇,206-16
01519-4503-11.zip,202602101146,利尻郡利尻富士町鬼脇字鬼脇,筆界未定地-10,利尻郡利尻富士町鬼脇字鬼脇,206-17
01519-4503-11.zip,202602101146,利尻郡利尻富士町鬼脇字鬼脇,筆界未定地-10,利尻郡利尻富士町鬼脇字鬼脇,206-18
01519-4503-11.zip,202602101146,利尻郡利尻富士町鬼脇字鬼脇,筆界未定地-10,利尻郡利尻富士町鬼脇字鬼脇,206-19
01519-4503-11.zip,202602101146,利尻郡利尻富士町鬼脇字鬼脇,筆界未定地-10,利尻郡利尻富士町鬼脇字鬼脇,206-20
01519-4503-11.zip,202602101146,利尻郡利尻富士町鬼脇字鬼脇,筆界未定地-10,利尻郡利尻富士町鬼脇字鬼脇,206-21
01519-4503-11.zip,202602101146,利尻郡利尻富士町鬼脇字鬼脇,筆界未定地-10,利尻郡利尻富士町鬼脇字鬼脇,206-22
01519-4503-11.zip,202602101146,利尻郡利尻富士町鬼脇字鬼脇,筆界未定地-10,利尻郡利尻富士町鬼脇字鬼脇,206-23
01519-4503-11.zip,202602101146,利尻郡利尻富士町鬼脇字鬼脇,筆界未定地-10,利尻郡利尻富士町鬼脇字鬼脇,206-24
01519-4503-11.zip,202602101146,利尻郡利尻富士町鬼脇字鬼脇,筆界未定地-11,利尻郡利尻富士町鬼脇字鬼脇,364
01519-4503-11.zip,202602101146,利尻郡利尻富士町鬼脇字鬼脇,筆界未定地-11,利尻郡利尻富士町鬼脇字鬼脇,365
01519-4503-11.zip,202602101146,利尻郡利尻富士町鬼脇字鬼脇,筆界未定地-12,利尻郡利尻富士町鬼脇字鬼脇,368
01519-4503-11.zip,202602101146,利尻郡利尻富士町鬼脇字鬼脇,筆界未定地-12,利尻郡利尻富士町鬼脇字鬼脇,369
01519-4503-11.zip,202602101146,利尻郡利尻富士町鬼脇字鬼脇,筆界未定地-13,利尻郡利尻富士町鬼脇字鬼脇,362
01519-4503-11.zip,202602101146,利尻郡利尻富士町鬼脇字鬼脇,筆界未定地-13,利尻郡利尻富士町鬼脇字鬼脇,363
01519-4503-11.zip,202602101146,利尻郡利尻富士町鬼脇字鬼脇,筆界未定地-15,利尻郡利尻富士町鬼脇字鬼脇,353
01519-4503-11.zip,202602101146,利尻郡利尻富士町鬼脇字鬼脇,筆界未定地-15,利尻郡利尻富士町鬼脇字鬼脇,354
01519-4503-11.zip,202602101146,利尻郡利尻富士町鬼脇字金崎,筆界未定地-18,利尻郡利尻富士町鬼脇字金崎,509
01519-4503-11.zip,202602101146,利尻郡利尻富士町鬼脇字金崎,筆界未定地-18,利尻郡利尻富士町鬼脇字金崎,510
01519-4503-11.zip,202602101146,利尻郡利尻富士町鬼脇字金崎,筆界未定地-18,利尻郡利尻富士町鬼脇字金崎,511
01519-4503-11.zip,202602101146,利尻郡利尻富士町鬼脇字金崎,筆界未定地-19,利尻郡利尻富士町鬼脇字金崎,520
01519-4503-11.zip,202602101146,利尻郡利尻富士町鬼脇字金崎,筆界未定地-19,利尻郡利尻富士町鬼脇字金崎,521
01519-4503-11.zip,202602101146,利尻郡利尻富士町鬼脇字金崎,筆界未定地-20,利尻郡利尻富士町鬼脇字金崎,497
01519-4503-11.zip,202602101146,利尻郡利尻富士町鬼脇字金崎,筆界未定地-20,利尻郡利尻富士町鬼脇字金崎,498
01519-4503-11.zip,202602101146,利尻郡利尻富士町鬼脇字金崎,筆界未定地-21,利尻郡利尻富士町鬼脇字金崎,517
01519-4503-11.zip,202602101146,利尻郡利尻富士町鬼脇字金崎,筆界未定地-21,利尻郡利尻富士町鬼脇字金崎,518
01519-4503-11.zip,202602101146,利尻郡利尻富士町鬼脇字金崎,筆界未定地-22,利尻郡利尻富士町鬼脇字金崎,513
01519-4503-11.zip,202602101146,利尻郡利尻富士町鬼脇字金崎,筆界未定地-22,利尻郡利尻富士町鬼脇字金崎,514
01519-4503-11.zip,202602101146,利尻郡利尻富士町鬼脇字金崎,筆界未定地-23,利尻郡利尻富士町鬼脇字金崎,461
01519-4503-11.zip,202602101146,利尻郡利尻富士町鬼脇字金崎,筆界未定地-23,利尻郡利尻富士町鬼脇字金崎,462
01519-4503-11.zip,202602101146,利尻郡利尻富士町鬼脇字金崎,筆界未定地-24,利尻郡利尻富士町鬼脇字金崎,485
01519-4503-11.zip,202602101146,利尻郡利尻富士町鬼脇字金崎,筆界未定地-24,利尻郡利尻富士町鬼脇字金崎,486
01519-4503-11.zip,202602101146,利尻郡利尻富士町鬼脇字金崎,筆界未定地-25,利尻郡利尻富士町鬼脇字金崎,404
01519-4503-11.zip,202602101146,利尻郡利尻富士町鬼脇字金崎,筆界未定地-25,利尻郡利尻富士町鬼脇字金崎,405
01519-4503-11.zip,202602101146,利尻郡利尻富士町鬼脇字金崎,筆界未定地-26,利尻郡利尻富士町鬼脇字金崎,402
01519-4503-11.zip,202602101146,利尻郡利尻富士町鬼脇字金崎,筆界未定地-26,利尻郡利尻富士町鬼脇字金崎,403
01519-4503-11.zip,202602101146,利尻郡利尻富士町鬼脇字金崎,筆界未定地-27,利尻郡利尻富士町鬼脇字金崎,387
01519-4503-11.zip,202602101146,利尻郡利尻富士町鬼脇字金崎,筆界未定地-27,利尻郡利尻富士町鬼脇字金崎,388
01519-4503-11.zip,202602101146,利尻郡利尻富士町鬼脇字金崎,筆界未定地-27,利尻郡利尻富士町鬼脇字金崎,389
01519-4503-11.zip,202602101146,利尻郡利尻富士町鬼脇字金崎,筆界未定地-28,利尻郡利尻富士町鬼脇字金崎,391
01519-4503-11.zip,202602101146,利尻郡利尻富士町鬼脇字金崎,筆界未定地-28,利尻郡利尻富士町鬼脇字金崎,392
01519-4503-11.zip,202602101146,利尻郡利尻富士町鬼脇字金崎,筆界未定地-29,利尻郡利尻富士町鬼脇字金崎,395
01519-4503-11.zip,202602101146,利尻郡利尻富士町鬼脇字金崎,筆界未定地-29,利尻郡利尻富士町鬼脇字金崎,396
01519-4503-11.zip,202602101146,利尻郡利尻富士町鬼脇字沼浦,筆界未定地-30,利尻郡利尻富士町鬼脇字沼浦,285
01519-4503-11.zip,202602101146,利尻郡利尻富士町鬼脇字沼浦,筆界未定地-30,利尻郡利尻富士町鬼脇字沼浦,286
01519-4503-11.zip,202602101146,利尻郡利尻富士町鬼脇字南浜,筆界未定地-31,利尻郡利尻富士町鬼脇字南浜,376-1
01519-4503-11.zip,202602101146,利尻郡利尻富士町鬼脇字南浜,筆界未定地-31,利尻郡利尻富士町鬼脇字南浜,376-2
01519-4503-11.zip,202602101146,利尻郡利尻富士町鬼脇字南浜,筆界未定地-31,利尻郡利尻富士町鬼脇字南浜,376-3
01519-4503-11.zip,202602101146,利尻郡利尻富士町鬼脇字南浜,筆界未定地-31,利尻郡利尻富士町鬼脇字南浜,376-4
01519-4503-11.zip,202602101146,利尻郡利尻富士町鬼脇字南浜,筆界未定地-31,利尻郡利尻富士町鬼脇字南浜,376-5
01519-4503-11.zip,202602101146,利尻郡利尻富士町鬼脇字南浜,筆界未定地-31,利尻郡利尻富士町鬼脇字南浜,376-6
01519-4503-11.zip,202602101146,利尻郡利尻富士町鬼脇字南浜,筆界未定地-31,利尻郡利尻富士町鬼脇字南浜,376-8
01519-4503-11.zip,202602101146,利尻郡利尻富士町鬼脇字南浜,筆界未定地-31,利尻郡利尻富士町鬼脇字南浜,376-9
01519-4503-11.zip,202602101146,利尻郡利尻富士町鬼脇字南浜,筆界未定地-31,利尻郡利尻富士町鬼脇字南浜,376-10
01519-4503-11.zip,202602101146,利尻郡利尻富士町鬼脇字南浜,筆界未定地-31,利尻郡利尻富士町鬼脇字南浜,376-11
01519-4503-11.zip,202602101146,利尻郡利尻富士町鬼脇字沼浦,筆界未定地-32,利尻郡利尻富士町鬼脇字沼浦,293
01519-4503-11.zip,202602101146,利尻郡利尻富士町鬼脇字沼浦,筆界未定地-32,利尻郡利尻富士町鬼脇字沼浦,294
01519-4503-11.zip,202602101146,利尻郡利尻富士町鬼脇字南浜,筆界未定地-33,利尻郡利尻富士町鬼脇字南浜,372
01519-4503-11.zip,202602101146,利尻郡利尻富士町鬼脇字南浜,筆界未定地-33,利尻郡利尻富士町鬼脇字南浜,373
01519-4503-11.zip,202602101146,利尻郡利尻富士町鬼脇字南浜,筆界未定地-34,利尻郡利尻富士町鬼脇字南浜,353
01519-4503-11.zip,202602101146,利尻郡利尻富士町鬼脇字南浜,筆界未定地-34,利尻郡利尻富士町鬼脇字南浜,354
01519-4503-11.zip,202602101146,利尻郡利尻富士町鬼脇字南浜,筆界未定地-35,利尻郡利尻富士町鬼脇字南浜,355
01519-4503-11.zip,202602101146,利尻郡利尻富士町鬼脇字南浜,筆界未定地-35,利尻郡利尻富士町鬼脇字南浜,356
01519-4503-11.zip,202602101146,利尻郡利尻富士町鬼脇字南浜,筆界未定地-35,利尻郡利尻富士町鬼脇字南浜,357
01519-4503-11.zip,202602101146,利尻郡利尻富士町鬼脇字南浜,筆界未定地-35,利尻郡利尻富士町鬼脇字南浜,358
01519-4503-11.zip,202602101146,利尻郡利尻富士町鬼脇字南浜,筆界未定地-36,利尻郡利尻富士町鬼脇字南浜,361
01519-4503-11.zip,202602101146,利尻郡利尻富士町鬼脇字南浜,筆界未定地-36,利尻郡利尻富士町鬼脇字南浜,362
01519-4503-11.zip,202602101146,利尻郡利尻富士町鬼脇字金崎,長狭物不明-20,,
01519-4503-11.zip,202602101146,利尻郡利尻富士町,地区外-712465,,
01519-4503-11.zip,202602101146,利尻郡利尻富士町,地区外-712466,,
01519-4503-11.zip,202602101146,利尻郡利尻富士町鬼脇字清川,220,,
01519-4503-11.zip,202602101146,利尻郡利尻富士町鬼脇字野中,長狭物不明-21,,
01519-4503-11.zip,202602101146,利尻郡利尻富士町,地区外-712469,,
01519-4503-11.zip,202602101146,利尻郡利尻富士町,地区外-712470,,
01519-4503-11.zip,202602101146,利尻郡利尻富士町鬼脇字野中,167-1,,
01519-4503-11.zip,202602101146,利尻郡利尻富士町,地区外-712472,,
01519-4503-11.zip,202602101146,利尻郡利尻富士町鬼脇字野中,148,,
01519-4503-11.zip,202602101146,利尻郡利尻富士町鬼脇字野中,147,,
01519-4503-11.zip,202602101146,利尻郡利尻富士町,地区外-712475,,
01519-4503-11.zip,202602101146,利尻郡利尻富士町,地区外-712476,,
01519-4503-11.zip,202602101146,利尻郡利尻富士町鬼脇字野中,道-1,,
01519-4503-11.zip,202602101146,利尻郡利尻富士町鬼脇字野中,長狭物不明-22,,
01519-4503-11.zip,202602101146,利尻郡利尻富士町鬼脇字野中,132,,
01519-4503-11.zip,202602101146,利尻郡利尻富士町鬼脇字野中,長狭物不明-23,,
01519-4503-11.zip,202602101146,利尻郡利尻富士町鬼脇字野中,61,,
01519-4503-11.zip,202602101146,利尻郡利尻富士町,地区外-712482,,
01519-4503-11.zip,202602101146,利尻郡利尻富士町鬼脇字野中,62,,
01519-4503-11.zip,202602101146,利尻郡利尻富士町鬼脇字野中,長狭物不明-24,,
01519-4503-11.zip,202602101146,利尻郡利尻富士町,地区外-712485,,
01519-4503-11.zip,202602101146,利尻郡利尻富士町,地区外-712486,,
01519-4503-11.zip,202602101146,利尻郡利尻富士町,地区外-712487,,
01519-4503-11.zip,202602101146,利尻郡利尻富士町鬼脇字野中,道-2,,
01519-4503-11.zip,202602101146,利尻郡利尻富士町鬼脇字野中,170,,
01519-4503-11.zip,202602101146,利尻郡利尻富士町鬼脇字野中,長狭物不明-25,,
01519-4503-11.zip,202602101146,利尻郡利尻富士町,地区外-712491,,
01519-4503-11.zip,202602101146,利尻郡利尻富士町鬼脇字野中,長狭物不明-26,,
01519-4503-11.zip,202602101146,利尻郡利尻富士町鬼脇字野中,172,,
01519-4503-11.zip,202602101146,利尻郡利尻富士町鬼脇字野中,長狭物不明-27,,
01519-4503-11.zip,202602101146,利尻郡利尻富士町,地区外-712495,,
01519-4503-11.zip,202602101146,利尻郡利尻富士町,地区外-712496,,
01519-4503-11.zip,202602101146,利尻郡利尻富士町,地区外-712497,,
01519-4503-11.zip,202602101146,利尻郡利尻富士町,地区外-712498,,
01519-4503-11.zip,202602101146,利尻郡利尻富士町,地区外-712499,,
01519-4503-11.zip,202602101146,利尻郡利尻富士町,地区外-712500,,
01519-4503-11.zip,202602101146,利尻郡利尻富士町鬼脇字野中,173,,
01519-4503-11.zip,202602101146,利尻郡利尻富士町鬼脇字野中,長狭物不明-28,,
01519-4503-11.zip,202602101146,利尻郡利尻富士町,地区外-712503,,
01519-4503-11.zip,202602101146,利尻郡利尻富士町鬼脇字野中,長狭物不明-29,,
01519-4503-11.zip,202602101146,利尻郡利尻富士町鬼脇字野中,146,,
01519-4503-11.zip,202602101146,利尻郡利尻富士町鬼脇字南浜,長狭物不明-30,,
01519-4503-11.zip,202602101146,利尻郡利尻富士町鬼脇字南浜,水-2,,
01519-4503-11.zip,202602101146,利尻郡利尻富士町鬼脇字野中,157,,
01519-4503-11.zip,202602101146,利尻郡利尻富士町鬼脇字野中,156,,
01519-4503-11.zip,202602101146,利尻郡利尻富士町鬼脇字野中,153,,
01519-4503-11.zip,202602101146,利尻郡利尻富士町鬼脇字野中,152,,
01519-4503-11.zip,202602101146,利尻郡利尻富士町鬼脇字野中,149,,
01519-4503-11.zip,202602101146,利尻郡利尻富士町鬼脇字野中,155,,
01519-4503-11.zip,202602101146,利尻郡利尻富士町鬼脇字野中,151,,
01519-4503-11.zip,202602101146,利尻郡利尻富士町鬼脇字野中,150,,
01519-4503-11.zip,202602101146,利尻郡利尻富士町鬼脇字野中,154,,
01519-4503-11.zip,202602101146,利尻郡利尻富士町鬼脇字南浜,370,,
01519-4503-11.zip,202602101146,利尻郡利尻富士町鬼脇字野中,158,,
01519-4503-11.zip,202602101146,利尻郡利尻富士町鬼脇字南浜,水-3,,
01519-4503-11.zip,202602101146,利尻郡利尻富士町鬼脇字野中,水-4,,
01519-4503-11.zip,202602101146,利尻郡利尻富士町,地区外-712521,,
01519-4503-11.zip,202602101146,利尻郡利尻富士町鬼脇字野中,167-2,,
01519-4503-11.zip,202602101146,利尻郡利尻富士町鬼脇字野中,167-3,,
01519-4503-11.zip,202602101146,利尻郡利尻富士町鬼脇字野中,159,,
01519-4503-11.zip,202602101146,利尻郡利尻富士町鬼脇字野中,162,,
01519-4503-11.zip,202602101146,利尻郡利尻富士町鬼脇字野中,166,,
01519-4503-11.zip,202602101146,利尻郡利尻富士町鬼脇字野中,165,,
01519-4503-11.zip,202602101146,利尻郡利尻富士町鬼脇字野中,160,,
01519-4503-11.zip,202602101146,利尻郡利尻富士町鬼脇字野中,163,,
01519-4503-11.zip,202602101146,利尻郡利尻富士町鬼脇字野中,164,,
01519-4503-11.zip,202602101146,利尻郡利尻富士町鬼脇字野中,161,,
01519-4503-11.zip,202602101146,利尻郡利尻富士町,地区外-712532,,
01519-4503-11.zip,202602101146,利尻郡利尻富士町鬼脇字野中,長狭物不明-31,,
01519-4503-11.zip,202602101146,利尻郡利尻富士町鬼脇字野中,長狭物不明-32,,
01519-4503-11.zip,202602101146,利尻郡利尻富士町鬼脇字南浜,長狭物不明-33,,
01519-4503-11.zip,202602101146,利尻郡利尻富士町,地区外-712536,,
01519-4503-11.zip,202602101146,利尻郡利尻富士町鬼脇字野中,長狭物不明-34,,
01519-4503-11.zip,202602101146,利尻郡利尻富士町鬼脇字野中,長狭物不明-35,,
01519-4503-11.zip,202602101146,利尻郡利尻富士町鬼脇字野中,長狭物不明-36,,
01519-4503-11.zip,202602101146,利尻郡利尻富士町鬼脇字野中,水-5,,
01519-4503-11.zip,202602101146,利尻郡利尻富士町,地区外-712541,,
01519-4503-11.zip,202602101146,利尻郡利尻富士町鬼脇字南浜,水-6,,
01519-4503-11.zip,202602101146,利尻郡利尻富士町鬼脇字南浜,長狭物不明-37,,
01519-4503-11.zip,202602101146,利尻郡利尻富士町鬼脇字南浜,359,,
01519-4503-11.zip,202602101146,利尻郡利尻富士町鬼脇字野中,144,,
01519-4503-11.zip,202602101146,利尻郡利尻富士町鬼脇字野中,145,,
01519-4503-11.zip,202602101146,利尻郡利尻富士町鬼脇字南浜,364,,
01519-4503-11.zip,202602101146,利尻郡利尻富士町鬼脇字南浜,360,,
01519-4503-11.zip,202602101146,利尻郡利尻富士町鬼脇字南浜,376-7,,
01519-4503-11.zip,202602101146,利尻郡利尻富士町鬼脇字南浜,349,,
01519-4503-11.zip,202602101146,利尻郡利尻富士町鬼脇字南浜,374-2,,
01519-4503-11.zip,202602101146,利尻郡利尻富士町鬼脇字南浜,長狭物不明-38,,
01519-4503-11.zip,202602101146,利尻郡利尻富士町鬼脇字南浜,366,,
01519-4503-11.zip,202602101146,利尻郡利尻富士町鬼脇字南浜,371,,
01519-4503-11.zip,202602101146,利尻郡利尻富士町鬼脇字南浜,369,,
01519-4503-11.zip,202602101146,利尻郡利尻富士町鬼脇字南浜,368,,
01519-4503-11.zip,202602101146,利尻郡利尻富士町鬼脇字南浜,367,,
01519-4503-11.zip,202602101146,利尻郡利尻富士町鬼脇字南浜,365,,
01519-4503-11.zip,202602101146,利尻郡利尻富士町鬼脇字南浜,363,,
01519-4503-11.zip,202602101146,利尻郡利尻富士町鬼脇字南浜,352,,
01519-4503-11.zip,202602101146,利尻郡利尻富士町鬼脇字南浜,350,,
01519-4503-11.zip,202602101146,利尻郡利尻富士町鬼脇字南浜,348,,
01519-4503-11.zip,202602101146,利尻郡利尻富士町,地区外-712563,,
01519-4503-11.zip,202602101146,利尻郡利尻富士町鬼脇字南浜,374-1,,
01519-4503-11.zip,202602101146,利尻郡利尻富士町鬼脇字南浜,344,,
01519-4503-11.zip,202602101146,利尻郡利尻富士町,地区外-712566,,
01519-4503-11.zip,202602101146,利尻郡利尻富士町鬼脇字南浜,347,,
01519-4503-11.zip,202602101146,利尻郡利尻富士町鬼脇字南浜,345,,
01519-4503-11.zip,202602101146,利尻郡利尻富士町鬼脇字南浜,343,,
01519-4503-11.zip,202602101146,利尻郡利尻富士町鬼脇字南浜,375,,
01519-4503-11.zip,202602101146,利尻郡利尻富士町鬼脇字南浜,長狭物不明-39,,
01519-4503-11.zip,202602101146,利尻郡利尻富士町鬼脇字南浜,332,,
01519-4503-11.zip,202602101146,利尻郡利尻富士町鬼脇字南浜,331,,
01519-4503-11.zip,202602101146,利尻郡利尻富士町鬼脇字南浜,333,,
01519-4503-11.zip,202602101146,利尻郡利尻富士町鬼脇字南浜,330,,
01519-4503-11.zip,202602101146,利尻郡利尻富士町鬼脇字南浜,長狭物不明-40,,
01519-4503-11.zip,202602101146,利尻郡利尻富士町,地区外-712577,,
01519-4503-11.zip,202602101146,利尻郡利尻富士町鬼脇字南浜,337,,
01519-4503-11.zip,202602101146,利尻郡利尻富士町鬼脇字南浜,340,,
01519-4503-11.zip,202602101146,利尻郡利尻富士町鬼脇字南浜,335,,
01519-4503-11.zip,202602101146,利尻郡利尻富士町鬼脇字南浜,341,,
01519-4503-11.zip,202602101146,利尻郡利尻富士町鬼脇字南浜,336,,
01519-4503-11.zip,202602101146,利尻郡利尻富士町鬼脇字南浜,338,,
01519-4503-11.zip,202602101146,利尻郡利尻富士町鬼脇字南浜,339,,
01519-4503-11.zip,202602101146,利尻郡利尻富士町鬼脇字南浜,351,,
01519-4503-11.zip,202602101146,利尻郡利尻富士町鬼脇字南浜,346,,
01519-4503-11.zip,202602101146,利尻郡利尻富士町鬼脇字沼浦,999-1,,
01519-4503-11.zip,202602101146,利尻郡利尻富士町,地区外-712588,,
01519-4503-11.zip,202602101146,利尻郡利尻富士町鬼脇字沼浦,306,,
01519-4503-11.zip,202602101146,利尻郡利尻富士町,地区外-712590,,
01519-4503-11.zip,202602101146,利尻郡利尻富士町鬼脇字沼浦,275,,
01519-4503-11.zip,202602101146,利尻郡利尻富士町鬼脇字沼浦,長狭物不明-41,,
01519-4503-11.zip,202602101146,利尻郡利尻富士町鬼脇字沼浦,長狭物不明-42,,
01519-4503-11.zip,202602101146,利尻郡利尻富士町鬼脇字沼浦,281-1,,
01519-4503-11.zip,202602101146,利尻郡利尻富士町鬼脇字沼浦,長狭物不明-43,,
01519-4503-11.zip,202602101146,利尻郡利尻富士町鬼脇字南浜,長狭物不明-44,,
01519-4503-11.zip,202602101146,利尻郡利尻富士町鬼脇字沼浦,長狭物不明-45,,
01519-4503-11.zip,202602101146,利尻郡利尻富士町鬼脇字沼浦,291,,
01519-4503-11.zip,202602101146,利尻郡利尻富士町鬼脇字沼浦,292,,
01519-4503-11.zip,202602101146,利尻郡利尻富士町鬼脇字南浜,328,,
01519-4503-11.zip,202602101146,利尻郡利尻富士町鬼脇字沼浦,290,,
01519-4503-11.zip,202602101146,利尻郡利尻富士町鬼脇字沼浦,297,,
01519-4503-11.zip,202602101146,利尻郡利尻富士町鬼脇字沼浦,296,,
01519-4503-11.zip,202602101146,利尻郡利尻富士町鬼脇字沼浦,295,,
01519-4503-11.zip,202602101146,利尻郡利尻富士町,地区外-712605,,
01519-4503-11.zip,202602101146,利尻郡利尻富士町鬼脇字金崎,570-4,,
01519-4503-11.zip,202602101146,利尻郡利尻富士町,地区外-712607,,
01519-4503-11.zip,202602101146,利尻郡利尻富士町鬼脇字沼浦,長狭物不明-46,,
01519-4503-11.zip,202602101146,利尻郡利尻富士町鬼脇字沼浦,307,,
01519-4503-11.zip,202602101146,利尻郡利尻富士町鬼脇字沼浦,310,,
01519-4503-11.zip,202602101146,利尻郡利尻富士町鬼脇字沼浦,311,,
01519-4503-11.zip,202602101146,利尻郡利尻富士町鬼脇字沼浦,308,,
01519-4503-11.zip,202602101146,利尻郡利尻富士町鬼脇字沼浦,309,,
01519-4503-11.zip,202602101146,利尻郡利尻富士町鬼脇字沼浦,長狭物不明-47,,
01519-4503-11.zip,202602101146,利尻郡利尻富士町鬼脇字沼浦,305,,
01519-4503-11.zip,202602101146,利尻郡利尻富士町鬼脇字沼浦,長狭物不明-48,,
01519-4503-11.zip,202602101146,利尻郡利尻富士町鬼脇字沼浦,303,,
01519-4503-11.zip,202602101146,利尻郡利尻富士町鬼脇字沼浦,304,,
01519-4503-11.zip,202602101146,利尻郡利尻富士町鬼脇字沼浦,長狭物不明-49,,
01519-4503-11.zip,202602101146,利尻郡利尻富士町鬼脇字沼浦,302,,
01519-4503-11.zip,202602101146,利尻郡利尻富士町鬼脇字沼浦,298,,
01519-4503-11.zip,202602101146,利尻郡利尻富士町鬼脇字沼浦,299,,
01519-4503-11.zip,202602101146,利尻郡利尻富士町鬼脇字沼浦,300,,
01519-4503-11.zip,202602101146,利尻郡利尻富士町鬼脇字沼浦,1000,,
01519-4503-11.zip,202602101146,利尻郡利尻富士町鬼脇字金崎,570-2,,
01519-4503-11.zip,202602101146,利尻郡利尻富士町鬼脇字金崎,570-3,,
01519-4503-11.zip,202602101146,利尻郡利尻富士町,地区外-712627,,
01519-4503-11.zip,202602101146,利尻郡利尻富士町鬼脇字沼浦,999-2,,
01519-4503-11.zip,202602101146,利尻郡利尻富士町鬼脇字沼浦,長狭物不明-50,,
01519-4503-11.zip,202602101146,利尻郡利尻富士町,地区外-712630,,
01519-4503-11.zip,202602101146,利尻郡利尻富士町鬼脇字金崎,570-5,,
01519-4503-11.zip,202602101146,利尻郡利尻富士町鬼脇字沼浦,長狭物不明-51,,
01519-4503-11.zip,202602101146,利尻郡利尻富士町鬼脇字沼浦,長狭物不明-52,,
01519-4503-11.zip,202602101146,利尻郡利尻富士町鬼脇字沼浦,長狭物不明-53,,
01519-4503-11.zip,202602101146,利尻郡利尻富士町,地区外-712635,,
01519-4503-11.zip,202602101146,利尻郡利尻富士町鬼脇字沼浦,長狭物不明-54,,
01519-4503-11.zip,202602101146,利尻郡利尻富士町鬼脇字沼浦,長狭物不明-55,,
01519-4503-11.zip,202602101146,利尻郡利尻富士町,地区外-712638,,
01519-4503-11.zip,202602101146,利尻郡利尻富士町鬼脇字沼浦,281-2,,
01519-4503-11.zip,202602101146,利尻郡利尻富士町,地区外-712640,,
01519-4503-11.zip,202602101146,利尻郡利尻富士町鬼脇字沼浦,284,,
01519-4503-11.zip,202602101146,利尻郡利尻富士町鬼脇字沼浦,281-3,,
01519-4503-11.zip,202602101146,利尻郡利尻富士町鬼脇字沼浦,282,,
01519-4503-11.zip,202602101146,利尻郡利尻富士町鬼脇字沼浦,283,,
01519-4503-11.zip,202602101146,利尻郡利尻富士町鬼脇字沼浦,287,,
01519-4503-11.zip,202602101146,利尻郡利尻富士町鬼脇字金崎,344-1,,
01519-4503-11.zip,202602101146,利尻郡利尻富士町,地区外-712647,,
01519-4503-11.zip,202602101146,利尻郡利尻富士町鬼脇字沼浦,312,,
01519-4503-11.zip,202602101146,利尻郡利尻富士町,地区外-712649,,
01519-4503-11.zip,202602101146,利尻郡利尻富士町鬼脇字金崎,長狭物不明-56,,
01519-4503-11.zip,202602101146,利尻郡利尻富士町鬼脇字金崎,長狭物不明-57,,
01519-4503-11.zip,202602101146,利尻郡利尻富士町鬼脇字金崎,長狭物不明-58,,
01519-4503-11.zip,202602101146,利尻郡利尻富士町鬼脇字沼浦,288,,
01519-4503-11.zip,202602101146,利尻郡利尻富士町鬼脇字沼浦,289,,
01519-4503-11.zip,202602101146,利尻郡利尻富士町鬼脇字金崎,345,,
01519-4503-11.zip,202602101146,利尻郡利尻富士町鬼脇字金崎,347,,
01519-4503-11.zip,202602101146,利尻郡利尻富士町鬼脇字金崎,348,,
01519-4503-11.zip,202602101146,利尻郡利尻富士町鬼脇字金崎,349,,
01519-4503-11.zip,202602101146,利尻郡利尻富士町鬼脇字金崎,350,,
01519-4503-11.zip,202602101146,利尻郡利尻富士町鬼脇字金崎,351,,
01519-4503-11.zip,202602101146,利尻郡利尻富士町鬼脇字金崎,352,,
01519-4503-11.zip,202602101146,利尻郡利尻富士町鬼脇字金崎,353,,
01519-4503-11.zip,202602101146,利尻郡利尻富士町鬼脇字金崎,354,,
01519-4503-11.zip,202602101146,利尻郡利尻富士町鬼脇字金崎,379,,
01519-4503-11.zip,202602101146,利尻郡利尻富士町鬼脇字金崎,380,,
01519-4503-11.zip,202602101146,利尻郡利尻富士町鬼脇字金崎,381,,
01519-4503-11.zip,202602101146,利尻郡利尻富士町鬼脇字金崎,383,,
01519-4503-11.zip,202602101146,利尻郡利尻富士町鬼脇字金崎,366,,
01519-4503-11.zip,202602101146,利尻郡利尻富士町鬼脇字金崎,365,,
01519-4503-11.zip,202602101146,利尻郡利尻富士町鬼脇字金崎,378,,
01519-4503-11.zip,202602101146,利尻郡利尻富士町鬼脇字金崎,376,,
01519-4503-11.zip,202602101146,利尻郡利尻富士町鬼脇字金崎,367,,
01519-4503-11.zip,202602101146,利尻郡利尻富士町鬼脇字金崎,386,,
01519-4503-11.zip,202602101146,利尻郡利尻富士町鬼脇字金崎,390,,
01519-4503-11.zip,202602101146,利尻郡利尻富士町鬼脇字金崎,420,,
01519-4503-11.zip,202602101146,利尻郡利尻富士町鬼脇字金崎,363,,
01519-4503-11.zip,202602101146,利尻郡利尻富士町鬼脇字金崎,346,,
01519-4503-11.zip,202602101146,利尻郡利尻富士町鬼脇字金崎,362,,
01519-4503-11.zip,202602101146,利尻郡利尻富士町鬼脇字金崎,377,,
01519-4503-11.zip,202602101146,利尻郡利尻富士町鬼脇字金崎,368,,
01519-4503-11.zip,202602101146,利尻郡利尻富士町鬼脇字金崎,369,,
01519-4503-11.zip,202602101146,利尻郡利尻富士町鬼脇字金崎,371,,
01519-4503-11.zip,202602101146,利尻郡利尻富士町鬼脇字金崎,370,,
01519-4503-11.zip,202602101146,利尻郡利尻富士町鬼脇字金崎,373,,
01519-4503-11.zip,202602101146,利尻郡利尻富士町鬼脇字金崎,372,,
01519-4503-11.zip,202602101146,利尻郡利尻富士町鬼脇字金崎,375,,
01519-4503-11.zip,202602101146,利尻郡利尻富士町鬼脇字金崎,374,,
01519-4503-11.zip,202602101146,利尻郡利尻富士町鬼脇字金崎,382,,
01519-4503-11.zip,202602101146,利尻郡利尻富士町,地区外-712689,,
01519-4503-11.zip,202602101146,利尻郡利尻富士町鬼脇字金崎,355,,
01519-4503-11.zip,202602101146,利尻郡利尻富士町鬼脇字金崎,356,,
01519-4503-11.zip,202602101146,利尻郡利尻富士町鬼脇字金崎,357,,
01519-4503-11.zip,202602101146,利尻郡利尻富士町鬼脇字金崎,358,,
01519-4503-11.zip,202602101146,利尻郡利尻富士町鬼脇字金崎,359,,
01519-4503-11.zip,202602101146,利尻郡利尻富士町鬼脇字金崎,360,,
01519-4503-11.zip,202602101146,利尻郡利尻富士町鬼脇字金崎,361,,
01519-4503-11.zip,202602101146,利尻郡利尻富士町鬼脇字金崎,364,,
01519-4503-11.zip,202602101146,利尻郡利尻富士町鬼脇字金崎,長狭物不明-59,,
01519-4503-11.zip,202602101146,利尻郡利尻富士町鬼脇字金崎,長狭物不明-60,,
01519-4503-11.zip,202602101146,利尻郡利尻富士町鬼脇字金崎,長狭物不明-61,,
01519-4503-11.zip,202602101146,利尻郡利尻富士町鬼脇字金崎,394,,
01519-4503-11.zip,202602101146,利尻郡利尻富士町鬼脇字金崎,393,,
01519-4503-11.zip,202602101146,利尻郡利尻富士町鬼脇字金崎,414,,
01519-4503-11.zip,202602101146,利尻郡利尻富士町鬼脇字金崎,431,,
01519-4503-11.zip,202602101146,利尻郡利尻富士町鬼脇字金崎,429,,
01519-4503-11.zip,202602101146,利尻郡利尻富士町鬼脇字金崎,412,,
01519-4503-11.zip,202602101146,利尻郡利尻富士町鬼脇字金崎,417,,
01519-4503-11.zip,202602101146,利尻郡利尻富士町鬼脇字金崎,415,,
01519-4503-11.zip,202602101146,利尻郡利尻富士町鬼脇字金崎,416,,
01519-4503-11.zip,202602101146,利尻郡利尻富士町鬼脇字金崎,413,,
01519-4503-11.zip,202602101146,利尻郡利尻富士町鬼脇字金崎,399,,
01519-4503-11.zip,202602101146,利尻郡利尻富士町鬼脇字金崎,570-1,,
01519-4503-11.zip,202602101146,利尻郡利尻富士町鬼脇字金崎,400,,
01519-4503-11.zip,202602101146,利尻郡利尻富士町鬼脇字金崎,406,,
01519-4503-11.zip,202602101146,利尻郡利尻富士町鬼脇字金崎,401,,
01519-4503-11.zip,202602101146,利尻郡利尻富士町鬼脇字金崎,444,,
01519-4503-11.zip,202602101146,利尻郡利尻富士町鬼脇字金崎,445,,
01519-4503-11.zip,202602101146,利尻郡利尻富士町鬼脇字金崎,411,,
01519-4503-11.zip,202602101146,利尻郡利尻富士町鬼脇字金崎,432,,
01519-4503-11.zip,202602101146,利尻郡利尻富士町鬼脇字金崎,410,,
01519-4503-11.zip,202602101146,利尻郡利尻富士町鬼脇字金崎,407,,
01519-4503-11.zip,202602101146,利尻郡利尻富士町鬼脇字金崎,441,,
01519-4503-11.zip,202602101146,利尻郡利尻富士町鬼脇字金崎,437,,
01519-4503-11.zip,202602101146,利尻郡利尻富士町鬼脇字金崎,442,,
01519-4503-11.zip,202602101146,利尻郡利尻富士町鬼脇字金崎,440,,
01519-4503-11.zip,202602101146,利尻郡利尻富士町鬼脇字金崎,408,,
01519-4503-11.zip,202602101146,利尻郡利尻富士町鬼脇字金崎,433,,
01519-4503-11.zip,202602101146,利尻郡利尻富士町鬼脇字金崎,438,,
01519-4503-11.zip,202602101146,利尻郡利尻富士町鬼脇字金崎,439,,
01519-4503-11.zip,202602101146,利尻郡利尻富士町鬼脇字金崎,409,,
01519-4503-11.zip,202602101146,利尻郡利尻富士町鬼脇字金崎,長狭物不明-62,,
01519-4503-11.zip,202602101146,利尻郡利尻富士町鬼脇字金崎,長狭物不明-63,,
01519-4503-11.zip,202602101146,利尻郡利尻富士町,地区外-712733,,
01519-4503-11.zip,202602101146,利尻郡利尻富士町鬼脇字金崎,447,,
01519-4503-11.zip,202602101146,利尻郡利尻富士町鬼脇字金崎,448,,
01519-4503-11.zip,202602101146,利尻郡利尻富士町鬼脇字金崎,443,,
01519-4503-11.zip,202602101146,利尻郡利尻富士町,地区外-712737,,
01519-4503-11.zip,202602101146,利尻郡利尻富士町鬼脇字金崎,569,,
01519-4503-11.zip,202602101146,利尻郡利尻富士町鬼脇字金崎,長狭物不明-64,,
01519-4503-11.zip,202602101146,利尻郡利尻富士町鬼脇字金崎,499,,
01519-4503-11.zip,202602101146,利尻郡利尻富士町鬼脇字金崎,500,,
01519-4503-11.zip,202602101146,利尻郡利尻富士町鬼脇字金崎,504,,
01519-4503-11.zip,202602101146,利尻郡利尻富士町鬼脇字金崎,502,,
01519-4503-11.zip,202602101146,利尻郡利尻富士町鬼脇字金崎,508,,
01519-4503-11.zip,202602101146,利尻郡利尻富士町鬼脇字金崎,505,,
01519-4503-11.zip,202602101146,利尻郡利尻富士町鬼脇字金崎,494,,
01519-4503-11.zip,202602101146,利尻郡利尻富士町鬼脇字金崎,495,,
01519-4503-11.zip,202602101146,利尻郡利尻富士町鬼脇字金崎,496,,
01519-4503-11.zip,202602101146,利尻郡利尻富士町,地区外-712749,,
01519-4503-11.zip,202602101146,利尻郡利尻富士町鬼脇字金崎,503,,
01519-4503-11.zip,202602101146,利尻郡利尻富士町鬼脇字沼浦,長狭物不明-65,,
01519-4503-11.zip,202602101146,利尻郡利尻富士町,地区外-712752,,
01519-4503-11.zip,202602101146,利尻郡利尻富士町,地区外-712753,,
01519-4503-11.zip,202602101146,利尻郡利尻富士町,地区外-712754,,
01519-4503-11.zip,202602101146,利尻郡利尻富士町鬼脇字金崎,長狭物不明-66,,
01519-4503-11.zip,202602101146,利尻郡利尻富士町,地区外-712756,,
01519-4503-11.zip,202602101146,利尻郡利尻富士町鬼脇字金崎,344-2,,
01519-4503-11.zip,202602101146,利尻郡利尻富士町鬼脇字金崎,6,,
01519-4503-11.zip,202602101146,利尻郡利尻富士町鬼脇字金崎,421,,
01519-4503-11.zip,202602101146,利尻郡利尻富士町鬼脇字金崎,長狭物不明-67,,
01519-4503-11.zip,202602101146,利尻郡利尻富士町鬼脇字金崎,長狭物不明-68,,
01519-4503-11.zip,202602101146,利尻郡利尻富士町鬼脇字金崎,422,,
01519-4503-11.zip,202602101146,利尻郡利尻富士町鬼脇字金崎,423,,
01519-4503-11.zip,202602101146,利尻郡利尻富士町鬼脇字金崎,430,,
01519-4503-11.zip,202602101146,利尻郡利尻富士町鬼脇字金崎,428,,
01519-4503-11.zip,202602101146,利尻郡利尻富士町鬼脇字金崎,418,,
01519-4503-11.zip,202602101146,利尻郡利尻富士町鬼脇字金崎,424,,
01519-4503-11.zip,202602101146,利尻郡利尻富士町鬼脇字金崎,427,,
01519-4503-11.zip,202602101146,利尻郡利尻富士町鬼脇字金崎,426,,
01519-4503-11.zip,202602101146,利尻郡利尻富士町鬼脇字金崎,425,,
01519-4503-11.zip,202602101146,利尻郡利尻富士町鬼脇字金崎,467,,
01519-4503-11.zip,202602101146,利尻郡利尻富士町鬼脇字金崎,468,,
01519-4503-11.zip,202602101146,利尻郡利尻富士町鬼脇字金崎,469,,
01519-4503-11.zip,202602101146,利尻郡利尻富士町鬼脇字金崎,470,,
01519-4503-11.zip,202602101146,利尻郡利尻富士町鬼脇字金崎,472,,
01519-4503-11.zip,202602101146,利尻郡利尻富士町鬼脇字金崎,473,,
01519-4503-11.zip,202602101146,利尻郡利尻富士町鬼脇字金崎,466,,
01519-4503-11.zip,202602101146,利尻郡利尻富士町鬼脇字金崎,465,,
01519-4503-11.zip,202602101146,利尻郡利尻富士町鬼脇字金崎,471,,
01519-4503-11.zip,202602101146,利尻郡利尻富士町鬼脇字金崎,476,,
01519-4503-11.zip,202602101146,利尻郡利尻富士町鬼脇字金崎,464,,
01519-4503-11.zip,202602101146,利尻郡利尻富士町鬼脇字金崎,474,,
01519-4503-11.zip,202602101146,利尻郡利尻富士町鬼脇字金崎,463,,
01519-4503-11.zip,202602101146,利尻郡利尻富士町鬼脇字金崎,458,,
01519-4503-11.zip,202602101146,利尻郡利尻富士町鬼脇字金崎,456,,
01519-4503-11.zip,202602101146,利尻郡利尻富士町鬼脇字金崎,434,,
01519-4503-11.zip,202602101146,利尻郡利尻富士町鬼脇字金崎,435,,
01519-4503-11.zip,202602101146,利尻郡利尻富士町,地区外-712788,,
01519-4503-11.zip,202602101146,利尻郡利尻富士町鬼脇字金崎,長狭物不明-69,,
01519-4503-11.zip,202602101146,利尻郡利尻富士町鬼脇字金崎,459,,
01519-4503-11.zip,202602101146,利尻郡利尻富士町鬼脇字金崎,450,,
01519-4503-11.zip,202602101146,利尻郡利尻富士町鬼脇字金崎,436,,
01519-4503-11.zip,202602101146,利尻郡利尻富士町鬼脇字金崎,453,,
01519-4503-11.zip,202602101146,利尻郡利尻富士町鬼脇字金崎,487,,
01519-4503-11.zip,202602101146,利尻郡利尻富士町鬼脇字金崎,488,,
01519-4503-11.zip,202602101146,利尻郡利尻富士町鬼脇字金崎,490,,
01519-4503-11.zip,202602101146,利尻郡利尻富士町鬼脇字金崎,484,,
01519-4503-11.zip,202602101146,利尻郡利尻富士町鬼脇字金崎,481,,
01519-4503-11.zip,202602101146,利尻郡利尻富士町鬼脇字金崎,482,,
01519-4503-11.zip,202602101146,利尻郡利尻富士町鬼脇字金崎,477,,
01519-4503-11.zip,202602101146,利尻郡利尻富士町鬼脇字金崎,480,,
01519-4503-11.zip,202602101146,利尻郡利尻富士町鬼脇字金崎,478,,
01519-4503-11.zip,202602101146,利尻郡利尻富士町鬼脇字金崎,479,,
01519-4503-11.zip,202602101146,利尻郡利尻富士町鬼脇字金崎,483,,
01519-4503-11.zip,202602101146,利尻郡利尻富士町鬼脇字金崎,475,,
01519-4503-11.zip,202602101146,利尻郡利尻富士町鬼脇字金崎,531,,
01519-4503-11.zip,202602101146,利尻郡利尻富士町鬼脇字金崎,529,,
01519-4503-11.zip,202602101146,利尻郡利尻富士町鬼脇字金崎,546,,
01519-4503-11.zip,202602101146,利尻郡利尻富士町鬼脇字金崎,530,,
01519-4503-11.zip,202602101146,利尻郡利尻富士町鬼脇字金崎,532,,
01519-4503-11.zip,202602101146,利尻郡利尻富士町鬼脇字金崎,534,,
01519-4503-11.zip,202602101146,利尻郡利尻富士町鬼脇字金崎,535,,
01519-4503-11.zip,202602101146,利尻郡利尻富士町鬼脇字金崎,547,,
01519-4503-11.zip,202602101146,利尻郡利尻富士町鬼脇字金崎,528,,
01519-4503-11.zip,202602101146,利尻郡利尻富士町鬼脇字金崎,527,,
01519-4503-11.zip,202602101146,利尻郡利尻富士町鬼脇字金崎,524,,
01519-4503-11.zip,202602101146,利尻郡利尻富士町鬼脇字金崎,523,,
01519-4503-11.zip,202602101146,利尻郡利尻富士町鬼脇字金崎,525,,
01519-4503-11.zip,202602101146,利尻郡利尻富士町鬼脇字金崎,526,,
01519-4503-11.zip,202602101146,利尻郡利尻富士町鬼脇字金崎,489,,
01519-4503-11.zip,202602101146,利尻郡利尻富士町鬼脇字金崎,491,,
01519-4503-11.zip,202602101146,利尻郡利尻富士町鬼脇字金崎,455,,
01519-4503-11.zip,202602101146,利尻郡利尻富士町鬼脇字金崎,454,,
01519-4503-11.zip,202602101146,利尻郡利尻富士町鬼脇字金崎,452,,
01519-4503-11.zip,202602101146,利尻郡利尻富士町鬼脇字金崎,451,,
01519-4503-11.zip,202602101146,利尻郡利尻富士町鬼脇字金崎,457,,
01519-4503-11.zip,202602101146,利尻郡利尻富士町鬼脇字鬼脇,長狭物不明-70,,
01519-4503-11.zip,202602101146,利尻郡利尻富士町鬼脇字金崎,長狭物不明-71,,
01519-4503-11.zip,202602101146,利尻郡利尻富士町鬼脇字金崎,507,,
01519-4503-11.zip,202602101146,利尻郡利尻富士町鬼脇字金崎,506,,
01519-4503-11.zip,202602101146,利尻郡利尻富士町鬼脇字金崎,563,,
01519-4503-11.zip,202602101146,利尻郡利尻富士町鬼脇字金崎,512,,
01519-4503-11.zip,202602101146,利尻郡利尻富士町鬼脇字金崎,564,,
01519-4503-11.zip,202602101146,利尻郡利尻富士町鬼脇字金崎,562,,
01519-4503-11.zip,202602101146,利尻郡利尻富士町鬼脇字金崎,519,,
01519-4503-11.zip,202602101146,利尻郡利尻富士町鬼脇字金崎,556,,
01519-4503-11.zip,202602101146,利尻郡利尻富士町鬼脇字金崎,558,,
01519-4503-11.zip,202602101146,利尻郡利尻富士町鬼脇字金崎,515,,
01519-4503-11.zip,202602101146,利尻郡利尻富士町鬼脇字金崎,561,,
01519-4503-11.zip,202602101146,利尻郡利尻富士町鬼脇字金崎,560,,
01519-4503-11.zip,202602101146,利尻郡利尻富士町鬼脇字金崎,516,,
01519-4503-11.zip,202602101146,利尻郡利尻富士町鬼脇字金崎,557-1,,
01519-4503-11.zip,202602101146,利尻郡利尻富士町鬼脇字金崎,559,,
01519-4503-11.zip,202602101146,利尻郡利尻富士町鬼脇字金崎,557-2,,
01519-4503-11.zip,202602101146,利尻郡利尻富士町鬼脇字金崎,493,,
01519-4503-11.zip,202602101146,利尻郡利尻富士町鬼脇字金崎,555,,
01519-4503-11.zip,202602101146,利尻郡利尻富士町鬼脇字金崎,553,,
01519-4503-11.zip,202602101146,利尻郡利尻富士町鬼脇字金崎,552,,
01519-4503-11.zip,202602101146,利尻郡利尻富士町鬼脇字金崎,548,,
01519-4503-11.zip,202602101146,利尻郡利尻富士町鬼脇字金崎,549,,
01519-4503-11.zip,202602101146,利尻郡利尻富士町鬼脇字金崎,551,,
01519-4503-11.zip,202602101146,利尻郡利尻富士町鬼脇字金崎,550,,
01519-4503-11.zip,202602101146,利尻郡利尻富士町鬼脇字鬼脇,410,,
01519-4503-11.zip,202602101146,利尻郡利尻富士町鬼脇字鬼脇,413,,
01519-4503-11.zip,202602101146,利尻郡利尻富士町鬼脇字鬼脇,414,,
01519-4503-11.zip,202602101146,利尻郡利尻富士町鬼脇字鬼脇,409,,
01519-4503-11.zip,202602101146,利尻郡利尻富士町鬼脇字鬼脇,405,,
01519-4503-11.zip,202602101146,利尻郡利尻富士町鬼脇字鬼脇,406,,
01519-4503-11.zip,202602101146,利尻郡利尻富士町鬼脇字鬼脇,水-7,,
01519-4503-11.zip,202602101146,利尻郡利尻富士町鬼脇字鬼脇,407,,
01519-4503-11.zip,202602101146,利尻郡利尻富士町,地区外-712861,,
01519-4503-11.zip,202602101146,利尻郡利尻富士町鬼脇字金崎,568,,
01519-4503-11.zip,202602101146,利尻郡利尻富士町鬼脇字金崎,567,,
01519-4503-11.zip,202602101146,利尻郡利尻富士町鬼脇字金崎,566,,
01519-4503-11.zip,202602101146,利尻郡利尻富士町鬼脇字金崎,565,,
01519-4503-11.zip,202602101146,利尻郡利尻富士町鬼脇字鬼脇,418,,
01519-4503-11.zip,202602101146,利尻郡利尻富士町鬼脇字鬼脇,357,,
01519-4503-11.zip,202602101146,利尻郡利尻富士町鬼脇字鬼脇,360,,
01519-4503-11.zip,202602101146,利尻郡利尻富士町鬼脇字鬼脇,417,,
01519-4503-11.zip,202602101146,利尻郡利尻富士町鬼脇字鬼脇,358,,
01519-4503-11.zip,202602101146,利尻郡利尻富士町鬼脇字鬼脇,359,,
01519-4503-11.zip,202602101146,利尻郡利尻富士町鬼脇字鬼脇,356,,
01519-4503-11.zip,202602101146,利尻郡利尻富士町鬼脇字鬼脇,419,,
01519-4503-11.zip,202602101146,利尻郡利尻富士町鬼脇字鬼脇,422,,
01519-4503-11.zip,202602101146,利尻郡利尻富士町鬼脇字鬼脇,352,,
01519-4503-11.zip,202602101146,利尻郡利尻富士町鬼脇字鬼脇,423,,
01519-4503-11.zip,202602101146,利尻郡利尻富士町鬼脇字鬼脇,465-3,,
01519-4503-11.zip,202602101146,利尻郡利尻富士町鬼脇字鬼脇,420,,
01519-4503-11.zip,202602101146,利尻郡利尻富士町鬼脇字鬼脇,355,,
01519-4503-11.zip,202602101146,利尻郡利尻富士町鬼脇字鬼脇,421,,
01519-4503-11.zip,202602101146,利尻郡利尻富士町鬼脇字鬼脇,465-2,,
01519-4503-11.zip,202602101146,利尻郡利尻富士町鬼脇字鬼脇,427,,
01519-4503-11.zip,202602101146,利尻郡利尻富士町鬼脇字鬼脇,長狭物不明-72,,
01519-4503-11.zip,202602101146,利尻郡利尻富士町,地区外-712884,,
01519-4503-11.zip,202602101146,利尻郡利尻富士町鬼脇字鬼脇,426,,
01519-4503-11.zip,202602101146,利尻郡利尻富士町鬼脇字鬼脇,351,,
01519-4503-11.zip,202602101146,利尻郡利尻富士町鬼脇字鬼脇,425,,
01519-4503-11.zip,202602101146,利尻郡利尻富士町鬼脇字鬼脇,424,,
01519-4503-11.zip,202602101146,利尻郡利尻富士町鬼脇字鬼脇,350-1,,
01519-4503-11.zip,202602101146,利尻郡利尻富士町,地区外-712890,,
01519-4503-11.zip,202602101146,利尻郡利尻富士町鬼脇字鬼脇,465-1,,
01519-4503-11.zip,202602101146,利尻郡利尻富士町鬼脇字鬼脇,465-4,,
01519-4503-11.zip,202602101146,利尻郡利尻富士町鬼脇字金崎,長狭物不明-73,,
01519-4503-11.zip,202602101146,利尻郡利尻富士町鬼脇字金崎,長狭物不明-74,,
01519-4503-11.zip,202602101146,利尻郡利尻富士町鬼脇字金崎,長狭物不明-75,,
01519-4503-11.zip,202602101146,利尻郡利尻富士町鬼脇字金崎,186-2,,
01519-4503-11.zip,202602101146,利尻郡利尻富士町鬼脇字金崎,186-4,,
01519-4503-11.zip,202602101146,利尻郡利尻富士町鬼脇字金崎,長狭物不明-76,,
01519-4503-11.zip,202602101146,利尻郡利尻富士町,地区外-712899,,
01519-4503-11.zip,202602101146,利尻郡利尻富士町鬼脇字金崎,186-1,,
01519-4503-11.zip,202602101146,利尻郡利尻富士町鬼脇字金崎,186-3,,
01519-4503-11.zip,202602101146,利尻郡利尻富士町鬼脇字金崎,186-6,,
01519-4503-11.zip,202602101146,利尻郡利尻富士町鬼脇字金崎,186-5,,
01519-4503-11.zip,202602101146,利尻郡利尻富士町鬼脇字金崎,536,,
01519-4503-11.zip,202602101146,利尻郡利尻富士町鬼脇字鬼脇,385,,
01519-4503-11.zip,202602101146,利尻郡利尻富士町鬼脇字鬼脇,389-1,,
01519-4503-11.zip,202602101146,利尻郡利尻富士町鬼脇字鬼脇,長狭物不明-77,,
01519-4503-11.zip,202602101146,利尻郡利尻富士町鬼脇字鬼脇,386-1,,
01519-4503-11.zip,202602101146,利尻郡利尻富士町鬼脇字金崎,342,,
01519-4503-11.zip,202602101146,利尻郡利尻富士町鬼脇字金崎,長狭物不明-78,,
01519-4503-11.zip,202602101146,利尻郡利尻富士町鬼脇字金崎,537,,
01519-4503-11.zip,202602101146,利尻郡利尻富士町鬼脇字金崎,533,,
01519-4503-11.zip,202602101146,利尻郡利尻富士町鬼脇字金崎,540,,
01519-4503-11.zip,202602101146,利尻郡利尻富士町鬼脇字金崎,539,,
01519-4503-11.zip,202602101146,利尻郡利尻富士町鬼脇字金崎,538,,
01519-4503-11.zip,202602101146,利尻郡利尻富士町鬼脇字金崎,541,,
01519-4503-11.zip,202602101146,利尻郡利尻富士町鬼脇字金崎,543,,
01519-4503-11.zip,202602101146,利尻郡利尻富士町鬼脇字金崎,542,,
01519-4503-11.zip,202602101146,利尻郡利尻富士町鬼脇字金崎,545,,
01519-4503-11.zip,202602101146,利尻郡利尻富士町鬼脇字鬼脇,水-8,,
01519-4503-11.zip,202602101146,利尻郡利尻富士町鬼脇字鬼脇,381-2,,
01519-4503-11.zip,202602101146,利尻郡利尻富士町鬼脇字鬼脇,長狭物不明-79,,
01519-4503-11.zip,202602101146,利尻郡利尻富士町鬼脇字鬼脇,396-2,,
01519-4503-11.zip,202602101146,利尻郡利尻富士町鬼脇字鬼脇,404,,
01519-4503-11.zip,202602101146,利尻郡利尻富士町鬼脇字鬼脇,403,,
01519-4503-11.zip,202602101146,利尻郡利尻富士町鬼脇字鬼脇,400-1,,
01519-4503-11.zip,202602101146,利尻郡利尻富士町鬼脇字鬼脇,399-1,,
01519-4503-11.zip,202602101146,利尻郡利尻富士町鬼脇字鬼脇,396-1,,
01519-4503-11.zip,202602101146,利尻郡利尻富士町鬼脇字鬼脇,397,,
01519-4503-11.zip,202602101146,利尻郡利尻富士町鬼脇字鬼脇,402-1,,
01519-4503-11.zip,202602101146,利尻郡利尻富士町鬼脇字鬼脇,401-1,,
01519-4503-11.zip,202602101146,利尻郡利尻富士町鬼脇字鬼脇,372,,
01519-4503-11.zip,202602101146,利尻郡利尻富士町鬼脇字鬼脇,366,,
01519-4503-11.zip,202602101146,利尻郡利尻富士町鬼脇字鬼脇,367,,
01519-4503-11.zip,202602101146,利尻郡利尻富士町鬼脇字鬼脇,370,,
01519-4503-11.zip,202602101146,利尻郡利尻富士町鬼脇字鬼脇,371,,
01519-4503-11.zip,202602101146,利尻郡利尻富士町鬼脇字鬼脇,400-2,,
01519-4503-11.zip,202602101146,利尻郡利尻富士町鬼脇字鬼脇,399-2,,
01519-4503-11.zip,202602101146,利尻郡利尻富士町鬼脇字鬼脇,398-3,,
01519-4503-11.zip,202602101146,利尻郡利尻富士町鬼脇字鬼脇,401-2,,
01519-4503-11.zip,202602101146,利尻郡利尻富士町鬼脇字鬼脇,398-1,,
01519-4503-11.zip,202602101146,利尻郡利尻富士町鬼脇字鬼脇,398-2,,
01519-4503-11.zip,202602101146,利尻郡利尻富士町鬼脇字鬼脇,401-3,,
01519-4503-11.zip,202602101146,利尻郡利尻富士町鬼脇字鬼脇,402-3,,
01519-4503-11.zip,202602101146,利尻郡利尻富士町鬼脇字鬼脇,402-2,,
01519-4503-11.zip,202602101146,利尻郡利尻富士町鬼脇字金崎,544-2,,
01519-4503-11.zip,202602101146,利尻郡利尻富士町鬼脇字金崎,544-1,,
01519-4503-11.zip,202602101146,利尻郡利尻富士町鬼脇字鬼脇,394-2,,
01519-4503-11.zip,202602101146,利尻郡利尻富士町鬼脇字鬼脇,395-1,,
01519-4503-11.zip,202602101146,利尻郡利尻富士町鬼脇字鬼脇,373,,
01519-4503-11.zip,202602101146,利尻郡利尻富士町鬼脇字鬼脇,382-3,,
01519-4503-11.zip,202602101146,利尻郡利尻富士町鬼脇字鬼脇,388,,
01519-4503-11.zip,202602101146,利尻郡利尻富士町鬼脇字鬼脇,377-2,,
01519-4503-11.zip,202602101146,利尻郡利尻富士町鬼脇字鬼脇,377-1,,
01519-4503-11.zip,202602101146,利尻郡利尻富士町鬼脇字鬼脇,水-9,,
01519-4503-11.zip,202602101146,利尻郡利尻富士町鬼脇字鬼脇,391,,
01519-4503-11.zip,202602101146,利尻郡利尻富士町鬼脇字鬼脇,392-2,,
01519-4503-11.zip,202602101146,利尻郡利尻富士町鬼脇字鬼脇,395-2,,
01519-4503-11.zip,202602101146,利尻郡利尻富士町鬼脇字鬼脇,377-3,,
01519-4503-11.zip,202602101146,利尻郡利尻富士町鬼脇字鬼脇,376-1,,
01519-4503-11.zip,202602101146,利尻郡利尻富士町鬼脇字鬼脇,375-2,,
01519-4503-11.zip,202602101146,利尻郡利尻富士町鬼脇字鬼脇,376-2,,
01519-4503-11.zip,202602101146,利尻郡利尻富士町鬼脇字鬼脇,392-1,,
01519-4503-11.zip,202602101146,利尻郡利尻富士町鬼脇字鬼脇,375-1,,
01519-4503-11.zip,202602101146,利尻郡利尻富士町鬼脇字鬼脇,374,,
01519-4503-11.zip,202602101146,利尻郡利尻富士町鬼脇字鬼脇,379-1,,
01519-4503-11.zip,202602101146,利尻郡利尻富士町鬼脇字鬼脇,394-1,,
01519-4503-11.zip,202602101146,利尻郡利尻富士町鬼脇字鬼脇,393-2,,
01519-4503-11.zip,202602101146,利尻郡利尻富士町鬼脇字鬼脇,390-3,,
01519-4503-11.zip,202602101146,利尻郡利尻富士町鬼脇字鬼脇,389-2,,
01519-4503-11.zip,202602101146,利尻郡利尻富士町鬼脇字鬼脇,386-3,,
01519-4503-11.zip,202602101146,利尻郡利尻富士町鬼脇字鬼脇,384,,
01519-4503-11.zip,202602101146,利尻郡利尻富士町鬼脇字鬼脇,382-1,,
01519-4503-11.zip,202602101146,利尻郡利尻富士町鬼脇字金崎,340,,
01519-4503-11.zip,202602101146,利尻郡利尻富士町鬼脇字鬼脇,383-2,,
01519-4503-11.zip,202602101146,利尻郡利尻富士町鬼脇字鬼脇,383-1,,
01519-4503-11.zip,202602101146,利尻郡利尻富士町鬼脇字鬼脇,382-2,,
01519-4503-11.zip,202602101146,利尻郡利尻富士町鬼脇字鬼脇,386-2,,
01519-4503-11.zip,202602101146,利尻郡利尻富士町鬼脇字鬼脇,390-1,,
01519-4503-11.zip,202602101146,利尻郡利尻富士町鬼脇字鬼脇,393-3,,
01519-4503-11.zip,202602101146,利尻郡利尻富士町鬼脇字鬼脇,390-2,,
01519-4503-11.zip,202602101146,利尻郡利尻富士町鬼脇字鬼脇,393-1,,
01519-4503-11.zip,202602101146,利尻郡利尻富士町鬼脇字金崎,343,,
01519-4503-11.zip,202602101146,利尻郡利尻富士町鬼脇字金崎,339,,
01519-4503-11.zip,202602101146,利尻郡利尻富士町鬼脇字鬼脇,349-1,,
01519-4503-11.zip,202602101146,利尻郡利尻富士町鬼脇字鬼脇,380-1,,
01519-4503-11.zip,202602101146,利尻郡利尻富士町鬼脇字鬼脇,349-3,,
01519-4503-11.zip,202602101146,利尻郡利尻富士町鬼脇字鬼脇,380-2,,
01519-4503-11.zip,202602101146,利尻郡利尻富士町鬼脇字鬼脇,361,,
01519-4503-11.zip,202602101146,利尻郡利尻富士町鬼脇字鬼脇,349-4,,
01519-4503-11.zip,202602101146,利尻郡利尻富士町鬼脇字鬼脇,350-5,,
01519-4503-11.zip,202602101146,利尻郡利尻富士町鬼脇字鬼脇,349-2,,
01519-4503-11.zip,202602101146,利尻郡利尻富士町鬼脇字鬼脇,350-2,,
01519-4503-11.zip,202602101146,利尻郡利尻富士町鬼脇字鬼脇,水-10,,
01519-4503-11.zip,202602101146,利尻郡利尻富士町鬼脇字鬼脇,348-1,,
01519-4503-11.zip,202602101146,利尻郡利尻富士町鬼脇字鬼脇,長狭物不明-80,,
01519-4503-11.zip,202602101146,利尻郡利尻富士町鬼脇字鬼脇,長狭物不明-81,,
01519-4503-11.zip,202602101146,利尻郡利尻富士町鬼脇字鬼脇,水-11,,
01519-4503-11.zip,202602101146,利尻郡利尻富士町鬼脇字鬼脇,水-13,,
01519-4503-11.zip,202602101146,利尻郡利尻富士町鬼脇字鬼脇,429,,
01519-4503-11.zip,202602101146,利尻郡利尻富士町鬼脇字鬼脇,長狭物不明-82,,
01519-4503-11.zip,202602101146,利尻郡利尻富士町鬼脇字鬼脇,431,,
01519-4503-11.zip,202602101146,利尻郡利尻富士町鬼脇字鬼脇,455-2,,
01519-4503-11.zip,202602101146,利尻郡利尻富士町鬼脇字鬼脇,433,,
01519-4503-11.zip,202602101146,利尻郡利尻富士町鬼脇字鬼脇,434,,
01519-4503-11.zip,202602101146,利尻郡利尻富士町鬼脇字鬼脇,348-2,,
01519-4503-11.zip,202602101146,利尻郡利尻富士町鬼脇字鬼脇,430,,
01519-4503-11.zip,202602101146,利尻郡利尻富士町鬼脇字鬼脇,455-7,,
01519-4503-11.zip,202602101146,利尻郡利尻富士町鬼脇字鬼脇,350-3,,
01519-4503-11.zip,202602101146,利尻郡利尻富士町鬼脇字鬼脇,435,,
01519-4503-11.zip,202602101146,利尻郡利尻富士町鬼脇字鬼脇,455-4,,
01519-4503-11.zip,202602101146,利尻郡利尻富士町鬼脇字鬼脇,440,,
01519-4503-11.zip,202602101146,利尻郡利尻富士町鬼脇字鬼脇,長狭物不明-83,,
01519-4503-11.zip,202602101146,利尻郡利尻富士町鬼脇字鬼脇,水-14,,
01519-4503-11.zip,202602101146,利尻郡利尻富士町,地区外-713017,,
01519-4503-11.zip,202602101146,利尻郡利尻富士町鬼脇字鬼脇,455-1,,
01519-4503-11.zip,202602101146,利尻郡利尻富士町鬼脇字鬼脇,451,,
01519-4503-11.zip,202602101146,利尻郡利尻富士町鬼脇字鬼脇,452,,
01519-4503-11.zip,202602101146,利尻郡利尻富士町鬼脇字鬼脇,449,,
01519-4503-11.zip,202602101146,利尻郡利尻富士町鬼脇字鬼脇,455-3,,
01519-4503-11.zip,202602101146,利尻郡利尻富士町鬼脇字鬼脇,450,,
01519-4503-11.zip,202602101146,利尻郡利尻富士町鬼脇字鬼脇,466,,
01519-4503-11.zip,202602101146,利尻郡利尻富士町,地区外-713025,,
01519-4503-11.zip,202602101146,利尻郡利尻富士町鬼脇字鬼脇,454,,
01519-4503-11.zip,202602101146,利尻郡利尻富士町鬼脇字鬼脇,453,,
01519-4503-11.zip,202602101146,利尻郡利尻富士町鬼脇字金崎,長狭物不明-84,,
01519-4503-11.zip,202602101146,利尻郡利尻富士町,地区外-713030,,
01519-4503-11.zip,202602101146,利尻郡利尻富士町鬼脇字金崎,242,,
01519-4503-11.zip,202602101146,利尻郡利尻富士町鬼脇字金崎,244,,
01519-4503-11.zip,202602101146,利尻郡利尻富士町鬼脇字金崎,332,,
01519-4503-11.zip,202602101146,利尻郡利尻富士町鬼脇字金崎,331,,
01519-4503-11.zip,202602101146,利尻郡利尻富士町鬼脇字金崎,245,,
01519-4503-11.zip,202602101146,利尻郡利尻富士町鬼脇字金崎,330,,
01519-4503-11.zip,202602101146,利尻郡利尻富士町鬼脇字金崎,571-1,,
01519-4503-11.zip,202602101146,利尻郡利尻富士町鬼脇字金崎,長狭物不明-85,,
01519-4503-11.zip,202602101146,利尻郡利尻富士町鬼脇字金崎,335,,
01519-4503-11.zip,202602101146,利尻郡利尻富士町鬼脇字鬼脇,473-1,,
01519-4503-11.zip,202602101146,利尻郡利尻富士町鬼脇字金崎,333,,
01519-4503-11.zip,202602101146,利尻郡利尻富士町鬼脇字金崎,334,,
01519-4503-11.zip,202602101146,利尻郡利尻富士町,地区外-713043,,
01519-4503-11.zip,202602101146,利尻郡利尻富士町,地区外-713044,,
01519-4503-11.zip,202602101146,利尻郡利尻富士町鬼脇字鬼脇,381-1,,
01519-4503-11.zip,202602101146,利尻郡利尻富士町鬼脇字鬼脇,水-16,,
01519-4503-11.zip,202602101146,利尻郡利尻富士町鬼脇字鬼脇,207,,
01519-4503-11.zip,202602101146,利尻郡利尻富士町鬼脇字金崎,338,,
01519-4503-11.zip,202602101146,利尻郡利尻富士町鬼脇字鬼脇,248,,
01519-4503-11.zip,202602101146,利尻郡利尻富士町鬼脇字鬼脇,307,,
01519-4503-11.zip,202602101146,利尻郡利尻富士町鬼脇字鬼脇,347-3,,
01519-4503-11.zip,202602101146,利尻郡利尻富士町鬼脇字鬼脇,347-2,,
01519-4503-11.zip,202602101146,利尻郡利尻富士町鬼脇字鬼脇,別図-1,,
01519-4503-11.zip,202602101146,利尻郡利尻富士町鬼脇字鬼脇,321,,
01519-4503-11.zip,202602101146,利尻郡利尻富士町鬼脇字鬼脇,320,,
01519-4503-11.zip,202602101146,利尻郡利尻富士町鬼脇字鬼脇,244,,
01519-4503-11.zip,202602101146,利尻郡利尻富士町鬼脇字鬼脇,243,,
01519-4503-11.zip,202602101146,利尻郡利尻富士町鬼脇字鬼脇,246,,
01519-4503-11.zip,202602101146,利尻郡利尻富士町,地区外-713060,,
01519-4503-11.zip,202602101146,利尻郡利尻富士町鬼脇字鬼脇,250-2,,
01519-4503-11.zip,202602101146,利尻郡利尻富士町鬼脇字鬼脇,250-1,,
01519-4503-11.zip,202602101146,利尻郡利尻富士町鬼脇字鬼脇,252,,
01519-4503-11.zip,202602101146,利尻郡利尻富士町鬼脇字鬼脇,251,,
01519-4503-11.zip,202602101146,利尻郡利尻富士町鬼脇字鬼脇,245,,
01519-4503-11.zip,202602101146,利尻郡利尻富士町鬼脇字鬼脇,260,,
01519-4503-11.zip,202602101146,利尻郡利尻富士町鬼脇字鬼脇,261,,
01519-4503-11.zip,202602101146,利尻郡利尻富士町鬼脇字鬼脇,259,,
01519-4503-11.zip,202602101146,利尻郡利尻富士町鬼脇字鬼脇,258,,
01519-4503-11.zip,202602101146,利尻郡利尻富士町鬼脇字鬼脇,461,,
01519-4503-11.zip,202602101146,利尻郡利尻富士町鬼脇字鬼脇,265,,
01519-4503-11.zip,202602101146,利尻郡利尻富士町鬼脇字鬼脇,460,,
01519-4503-11.zip,202602101146,利尻郡利尻富士町鬼脇字鬼脇,316,,
01519-4503-11.zip,202602101146,利尻郡利尻富士町鬼脇字鬼脇,317-1,,
01519-4503-11.zip,202602101146,利尻郡利尻富士町鬼脇字鬼脇,317-2,,
01519-4503-11.zip,202602101146,利尻郡利尻富士町鬼脇字鬼脇,317-3,,
01519-4503-11.zip,202602101146,利尻郡利尻富士町鬼脇字鬼脇,459,,
01519-4503-11.zip,202602101146,利尻郡利尻富士町鬼脇字鬼脇,311,,
01519-4503-11.zip,202602101146,利尻郡利尻富士町鬼脇字鬼脇,312,,
01519-4503-11.zip,202602101146,利尻郡利尻富士町鬼脇字鬼脇,313,,
01519-4503-11.zip,202602101146,利尻郡利尻富士町鬼脇字鬼脇,314,,
01519-4503-11.zip,202602101146,利尻郡利尻富士町鬼脇字鬼脇,315,,
01519-4503-11.zip,202602101146,利尻郡利尻富士町鬼脇字鬼脇,301,,
01519-4503-11.zip,202602101146,利尻郡利尻富士町鬼脇字鬼脇,458,,
01519-4503-11.zip,202602101146,利尻郡利尻富士町鬼脇字鬼脇,309,,
01519-4503-11.zip,202602101146,利尻郡利尻富士町鬼脇字鬼脇,308,,
01519-4503-11.zip,202602101146,利尻郡利尻富士町鬼脇字鬼脇,306,,
01519-4503-11.zip,202602101146,利尻郡利尻富士町鬼脇字鬼脇,457,,
01519-4503-11.zip,202602101146,利尻郡利尻富士町鬼脇字鬼脇,305,,
01519-4503-11.zip,202602101146,利尻郡利尻富士町鬼脇字鬼脇,304,,
01519-4503-11.zip,202602101146,利尻郡利尻富士町鬼脇字鬼脇,319,,
01519-4503-11.zip,202602101146,利尻郡利尻富士町鬼脇字鬼脇,水-17,,
01519-4503-11.zip,202602101146,利尻郡利尻富士町鬼脇字清川,水-18,,
01519-4503-11.zip,202602101146,利尻郡利尻富士町鬼脇字鬼脇,長狭物不明-86,,
01519-4503-11.zip,202602101146,利尻郡利尻富士町鬼脇字鬼脇,439,,
01519-4503-11.zip,202602101146,利尻郡利尻富士町鬼脇字鬼脇,455-5,,
01519-4503-11.zip,202602101146,利尻郡利尻富士町鬼脇字鬼脇,444,,
01519-4503-11.zip,202602101146,利尻郡利尻富士町鬼脇字鬼脇,441,,
01519-4503-11.zip,202602101146,利尻郡利尻富士町鬼脇字鬼脇,438,,
01519-4503-11.zip,202602101146,利尻郡利尻富士町鬼脇字鬼脇,442,,
01519-4503-11.zip,202602101146,利尻郡利尻富士町,地区外-713104,,
01519-4503-11.zip,202602101146,利尻郡利尻富士町鬼脇字鬼脇,長狭物不明-87,,
01519-4503-11.zip,202602101146,利尻郡利尻富士町鬼脇字鬼脇,343,,
01519-4503-11.zip,202602101146,利尻郡利尻富士町鬼脇字鬼脇,325,,
01519-4503-11.zip,202602101146,利尻郡利尻富士町鬼脇字鬼脇,456,,
01519-4503-11.zip,202602101146,利尻郡利尻富士町鬼脇字鬼脇,322,,
01519-4503-11.zip,202602101146,利尻郡利尻富士町鬼脇字鬼脇,323,,
01519-4503-11.zip,202602101146,利尻郡利尻富士町鬼脇字鬼脇,324,,
01519-4503-11.zip,202602101146,利尻郡利尻富士町鬼脇字鬼脇,303,,
01519-4503-11.zip,202602101146,利尻郡利尻富士町鬼脇字鬼脇,300,,
01519-4503-11.zip,202602101146,利尻郡利尻富士町鬼脇字鬼脇,302,,
01519-4503-11.zip,202602101146,利尻郡利尻富士町鬼脇字鬼脇,326,,
01519-4503-11.zip,202602101146,利尻郡利尻富士町鬼脇字鬼脇,328,,
01519-4503-11.zip,202602101146,利尻郡利尻富士町鬼脇字鬼脇,329,,
01519-4503-11.zip,202602101146,利尻郡利尻富士町鬼脇字鬼脇,水-19,,
01519-4503-11.zip,202602101146,利尻郡利尻富士町鬼脇字鬼脇,335,,
01519-4503-11.zip,202602101146,利尻郡利尻富士町鬼脇字鬼脇,339,,
01519-4503-11.zip,202602101146,利尻郡利尻富士町鬼脇字鬼脇,341,,
01519-4503-11.zip,202602101146,利尻郡利尻富士町鬼脇字鬼脇,338,,
01519-4503-11.zip,202602101146,利尻郡利尻富士町鬼脇字鬼脇,337,,
01519-4503-11.zip,202602101146,利尻郡利尻富士町鬼脇字鬼脇,336,,
01519-4503-11.zip,202602101146,利尻郡利尻富士町鬼脇字鬼脇,334,,
01519-4503-11.zip,202602101146,利尻郡利尻富士町鬼脇字鬼脇,333,,
01519-4503-11.zip,202602101146,利尻郡利尻富士町鬼脇字鬼脇,332,,
01519-4503-11.zip,202602101146,利尻郡利尻富士町鬼脇字鬼脇,331,,
01519-4503-11.zip,202602101146,利尻郡利尻富士町鬼脇字鬼脇,330,,
01519-4503-11.zip,202602101146,利尻郡利尻富士町鬼脇字鬼脇,342,,
01519-4503-11.zip,202602101146,利尻郡利尻富士町鬼脇字鬼脇,445,,
01519-4503-11.zip,202602101146,利尻郡利尻富士町鬼脇字鬼脇,455-6,,
01519-4503-11.zip,202602101146,利尻郡利尻富士町鬼脇字鬼脇,443,,
01519-4503-11.zip,202602101146,利尻郡利尻富士町鬼脇字鬼脇,446,,
01519-4503-11.zip,202602101146,利尻郡利尻富士町,地区外-713135,,
01519-4503-11.zip,202602101146,利尻郡利尻富士町,地区外-713136,,
01519-4503-11.zip,202602101146,利尻郡利尻富士町鬼脇字鬼脇,水-20,,
01519-4503-11.zip,202602101146,利尻郡利尻富士町鬼脇字清川,水-21,,
01519-4503-11.zip,202602101146,利尻郡利尻富士町鬼脇字清川,水-22,,
01519-4503-11.zip,202602101146,利尻郡利尻富士町鬼脇字鬼脇,水-23,,
01519-4503-11.zip,202602101146,利尻郡利尻富士町,地区外-713141,,
01519-4503-11.zip,202602101146,利尻郡利尻富士町鬼脇字鬼脇,255,,
01519-4503-11.zip,202602101146,利尻郡利尻富士町鬼脇字鬼脇,256-1,,
01519-4503-11.zip,202602101146,利尻郡利尻富士町鬼脇字鬼脇,256-2,,
01519-4503-11.zip,202602101146,利尻郡利尻富士町鬼脇字清川,217,,
01519-4503-11.zip,202602101146,利尻郡利尻富士町鬼脇字清川,219,,
01519-4503-11.zip,202602101146,利尻郡利尻富士町鬼脇字清川,218,,
01519-4503-11.zip,202602101146,利尻郡利尻富士町鬼脇字清川,216,,
01519-4503-11.zip,202602101146,利尻郡利尻富士町鬼脇字清川,215,,
01519-4503-11.zip,202602101146,利尻郡利尻富士町鬼脇字清川,214,,
01519-4503-11.zip,202602101146,利尻郡利尻富士町鬼脇字清川,213,,
01519-4503-11.zip,202602101146,利尻郡利尻富士町鬼脇字清川,212,,
01519-4503-11.zip,202602101146,利尻郡利尻富士町鬼脇字清川,209,,
01519-4503-11.zip,202602101146,利尻郡利尻富士町鬼脇字清川,208-1,,
01519-4503-11.zip,202602101146,利尻郡利尻富士町鬼脇字清川,208-2,,
01519-4503-11.zip,202602101146,利尻郡利尻富士町鬼脇字清川,207,,
01519-4503-11.zip,202602101146,利尻郡利尻富士町鬼脇字清川,205,,
01519-4503-11.zip,202602101146,利尻郡利尻富士町鬼脇字清川,206,,
01519-4503-11.zip,202602101146,利尻郡利尻富士町鬼脇字清川,199-2,,
01519-4503-11.zip,202602101146,利尻郡利尻富士町鬼脇字清川,199-1,,
01519-4503-11.zip,202602101146,利尻郡利尻富士町鬼脇字清川,198,,
01519-4503-11.zip,202602101146,利尻郡利尻富士町鬼脇字清川,197,,
01519-4503-11.zip,202602101146,利尻郡利尻富士町鬼脇字清川,236,,
01519-4503-11.zip,202602101146,利尻郡利尻富士町鬼脇字清川,234,,
01519-4503-11.zip,202602101146,利尻郡利尻富士町鬼脇字清川,233,,
01519-4503-11.zip,202602101146,利尻郡利尻富士町鬼脇字清川,232,,
01519-4503-11.zip,202602101146,利尻郡利尻富士町鬼脇字清川,231,,
01519-4503-11.zip,202602101146,利尻郡利尻富士町鬼脇字清川,235,,
01519-4503-11.zip,202602101146,利尻郡利尻富士町鬼脇字清川,238,,
01519-4503-11.zip,202602101146,利尻郡利尻富士町鬼脇字清川,水-24,,
01519-4503-11.zip,202602101146,利尻郡利尻富士町鬼脇字鬼脇,294,,
01519-4503-11.zip,202602101146,利尻郡利尻富士町鬼脇字鬼脇,290,,
01519-4503-11.zip,202602101146,利尻郡利尻富士町鬼脇字鬼脇,291,,
01519-4503-11.zip,202602101146,利尻郡利尻富士町鬼脇字鬼脇,292,,
01519-4503-11.zip,202602101146,利尻郡利尻富士町鬼脇字鬼脇,293,,
01519-4503-11.zip,202602101146,利尻郡利尻富士町鬼脇字鬼脇,295,,
01519-4503-11.zip,202602101146,利尻郡利尻富士町鬼脇字鬼脇,296,,
01519-4503-11.zip,202602101146,利尻郡利尻富士町鬼脇字鬼脇,297,,
01519-4503-11.zip,202602101146,利尻郡利尻富士町鬼脇字鬼脇,298,,
01519-4503-11.zip,202602101146,利尻郡利尻富士町鬼脇字鬼脇,299,,
01519-4503-11.zip,202602101146,利尻郡利尻富士町鬼脇字鬼脇,317-4,,
01519-4503-11.zip,202602101146,利尻郡利尻富士町鬼脇字鬼脇,270,,
01519-4503-11.zip,202602101146,利尻郡利尻富士町鬼脇字鬼脇,266,,
01519-4503-11.zip,202602101146,利尻郡利尻富士町鬼脇字鬼脇,267,,
01519-4503-11.zip,202602101146,利尻郡利尻富士町鬼脇字鬼脇,268,,
01519-4503-11.zip,202602101146,利尻郡利尻富士町鬼脇字鬼脇,269,,
01519-4503-11.zip,202602101146,利尻郡利尻富士町鬼脇字鬼脇,271,,
01519-4503-11.zip,202602101146,利尻郡利尻富士町鬼脇字鬼脇,274-2,,
01519-4503-11.zip,202602101146,利尻郡利尻富士町鬼脇字鬼脇,274-1,,
01519-4503-11.zip,202602101146,利尻郡利尻富士町鬼脇字鬼脇,273,,
01519-4503-11.zip,202602101146,利尻郡利尻富士町鬼脇字鬼脇,272,,
01519-4503-11.zip,202602101146,利尻郡利尻富士町鬼脇字鬼脇,257,,
01519-4503-11.zip,202602101146,利尻郡利尻富士町鬼脇字鬼脇,463-2,,
01519-4503-11.zip,202602101146,利尻郡利尻富士町鬼脇字鬼脇,282,,
01519-4503-11.zip,202602101146,利尻郡利尻富士町鬼脇字鬼脇,275-1,,
01519-4503-11.zip,202602101146,利尻郡利尻富士町鬼脇字鬼脇,277,,
01519-4503-11.zip,202602101146,利尻郡利尻富士町鬼脇字鬼脇,275-2,,
01519-4503-11.zip,202602101146,利尻郡利尻富士町鬼脇字鬼脇,276,,
01519-4503-11.zip,202602101146,利尻郡利尻富士町鬼脇字鬼脇,278,,
01519-4503-11.zip,202602101146,利尻郡利尻富士町鬼脇字鬼脇,279,,
01519-4503-11.zip,202602101146,利尻郡利尻富士町鬼脇字清川,192,,
01519-4503-11.zip,202602101146,利尻郡利尻富士町鬼脇字鬼脇,283,,
01519-4503-11.zip,202602101146,利尻郡利尻富士町鬼脇字清川,水-25,,
01519-4503-11.zip,202602101146,利尻郡利尻富士町鬼脇字清川,194,,
01519-4503-11.zip,202602101146,利尻郡利尻富士町鬼脇字清川,193,,
01519-4503-11.zip,202602101146,利尻郡利尻富士町鬼脇字清川,196,,
01519-4503-11.zip,202602101146,利尻郡利尻富士町鬼脇字鬼脇,285,,
01519-4503-11.zip,202602101146,利尻郡利尻富士町鬼脇字鬼脇,284,,
01519-4503-11.zip,202602101146,利尻郡利尻富士町鬼脇字鬼脇,水-26,,
01519-4503-11.zip,202602101146,利尻郡利尻富士町鬼脇字清川,195,,
01519-4503-11.zip,202602101146,利尻郡利尻富士町鬼脇字清川,237,,
01519-4503-11.zip,202602101146,利尻郡利尻富士町鬼脇字鬼脇,286,,
01519-4503-11.zip,202602101146,利尻郡利尻富士町鬼脇字鬼脇,287,,
01519-4503-11.zip,202602101146,利尻郡利尻富士町鬼脇字鬼脇,288,,
01519-4503-11.zip,202602101146,利尻郡利尻富士町鬼脇字鬼脇,289,,
01519-4503-11.zip,202602101146,利尻郡利尻富士町鬼脇字鬼脇,水-27,,
01519-4503-11.zip,202602101146,利尻郡利尻富士町鬼脇字清川,水-28,,
01519-4503-11.zip,202602101146,利尻郡利尻富士町鬼脇字鬼脇,水-29,,
01519-4503-11.zip,202602101146,利尻郡利尻富士町鬼脇字鬼脇,水-30,,
01519-4503-11.zip,202602101146,利尻郡利尻富士町鬼脇字鬼脇,水-31,,
01519-4503-11.zip,202602101146,利尻郡利尻富士町鬼脇字清川,水-32,,
01519-4503-11.zip,202602101146,利尻郡利尻富士町鬼脇字清川,254,,
01519-4503-11.zip,202602101146,利尻郡利尻富士町,地区外-713224,,
01519-4503-11.zip,202602101146,利尻郡利尻富士町鬼脇字清川,224,,
01519-4503-11.zip,202602101146,利尻郡利尻富士町鬼脇字清川,223,,
01519-4503-11.zip,202602101146,利尻郡利尻富士町鬼脇字清川,253,,
01519-4503-11.zip,202602101146,利尻郡利尻富士町鬼脇字清川,252,,
01519-4503-11.zip,202602101146,利尻郡利尻富士町鬼脇字清川,256,,
01519-4503-11.zip,202602101146,利尻郡利尻富士町鬼脇字清川,259,,
01519-4503-11.zip,202602101146,利尻郡利尻富士町鬼脇字清川,257,,
01519-4503-11.zip,202602101146,利尻郡利尻富士町,地区外-713232,,
01519-4503-11.zip,202602101146,利尻郡利尻富士町鬼脇字清川,258,,
01519-4503-11.zip,202602101146,利尻郡利尻富士町鬼脇字鬼脇,水-33,,
01519-4503-11.zip,202602101146,利尻郡利尻富士町鬼脇字清川,246,,
01519-4503-11.zip,202602101146,利尻郡利尻富士町鬼脇字清川,245,,
01519-4503-11.zip,202602101146,利尻郡利尻富士町鬼脇字鬼脇,327,,
01519-4503-11.zip,202602101146,利尻郡利尻富士町鬼脇字清川,水-34,,
01519-4503-11.zip,202602101146,利尻郡利尻富士町鬼脇字鬼脇,水-35,,
01519-4503-11.zip,202602101146,利尻郡利尻富士町鬼脇字清川,242,,
01519-4503-11.zip,202602101146,利尻郡利尻富士町鬼脇字清川,239,,
01519-4503-11.zip,202602101146,利尻郡利尻富士町鬼脇字清川,240,,
01519-4503-11.zip,202602101146,利尻郡利尻富士町鬼脇字清川,241,,
01519-4503-11.zip,202602101146,利尻郡利尻富士町鬼脇字清川,243,,
01519-4503-11.zip,202602101146,利尻郡利尻富士町鬼脇字清川,水-36,,
01519-4503-11.zip,202602101146,利尻郡利尻富士町鬼脇字清川,水-37,,
01519-4503-11.zip,202602101146,利尻郡利尻富士町鬼脇字清川,244,,
01519-4503-11.zip,202602101146,利尻郡利尻富士町鬼脇字清川,247,,
01519-4503-11.zip,202602101146,利尻郡利尻富士町鬼脇字清川,248,,
01519-4503-11.zip,202602101146,利尻郡利尻富士町鬼脇字清川,249,,
01519-4503-11.zip,202602101146,利尻郡利尻富士町鬼脇字清川,228,,
01519-4503-11.zip,202602101146,利尻郡利尻富士町鬼脇字清川,229,,
01519-4503-11.zip,202602101146,利尻郡利尻富士町鬼脇字清川,211,,
01519-4503-11.zip,202602101146,利尻郡利尻富士町鬼脇字清川,225,,
01519-4503-11.zip,202602101146,利尻郡利尻富士町鬼脇字清川,226,,
01519-4503-11.zip,202602101146,利尻郡利尻富士町鬼脇字清川,227,,
01519-4503-11.zip,202602101146,利尻郡利尻富士町鬼脇字清川,250,,
01519-4503-11.zip,202602101146,利尻郡利尻富士町鬼脇字清川,251,,
01519-4503-11.zip,202602101146,利尻郡利尻富士町,地区外-713259,,
01519-4503-11.zip,202602101146,利尻郡利尻富士町鬼脇字清川,255,,
01519-4503-11.zip,202602101146,利尻郡利尻富士町鬼脇字金崎,筆界未定地-14,利尻郡利尻富士町鬼脇字金崎,32
01519-4503-11.zip,202602101146,利尻郡利尻富士町鬼脇字金崎,筆界未定地-14,利尻郡利尻富士町鬼脇字金崎,無地番-1
01519-4503-11.zip,202602101146,利尻郡利尻富士町鬼脇字鬼脇,462,,
01519-4503-11.zip,202602101146,利尻郡利尻富士町鬼脇字鬼脇,筆界未定地-16-2,利尻郡利尻富士町鬼脇字鬼脇,411
01519-4503-11.zip,202602101146,利尻郡利尻富士町鬼脇字鬼脇,筆界未定地-16-2,利尻郡利尻富士町鬼脇字鬼脇,412
01519-4503-11.zip,202602101146,利尻郡利尻富士町鬼脇字鬼脇,筆界未定地-7-1,利尻郡利尻富士町鬼脇字鬼脇,310-1
01519-4503-11.zip,202602101146,利尻郡利尻富士町鬼脇字鬼脇,筆界未定地-7-1,利尻郡利尻富士町鬼脇字鬼脇,310-2
01519-4503-11.zip,202602101146,利尻郡利尻富士町鬼脇字鬼脇,長狭物不明-9,,
01519-4503-11.zip,202602101146,利尻郡利尻富士町鬼脇字鬼脇,水-12-1,,
01519-4503-11.zip,202602101146,利尻郡利尻富士町鬼脇字鬼脇,筆界未定地-17,利尻郡利尻富士町鬼脇字鬼脇,415
01519-4503-11.zip,202602101146,利尻郡利尻富士町鬼脇字鬼脇,筆界未定地-17,利尻郡利尻富士町鬼脇字鬼脇,416
01519-4503-11.zip,202602101146,利尻郡利尻富士町鬼脇字鬼脇,514,,
01519-4503-11.zip,202602101146,利尻郡利尻富士町鬼脇字鬼脇,513,,
01519-4503-11.zip,202602101146,利尻郡利尻富士町鬼脇字鬼脇,長狭物不明-3,,
01519-4503-11.zip,202602101146,利尻郡利尻富士町鬼脇字鬼脇,347-1,,
01519-4503-11.zip,202602101146,利尻郡利尻富士町,地区外-713050,,
01519-4503-11.zip,202602101146,利尻郡利尻富士町鬼脇字鬼脇,515-2,,
01519-4503-11.zip,202602101146,利尻郡利尻富士町鬼脇字鬼脇,515-4,,
01519-4503-11.zip,202602101146,利尻郡利尻富士町鬼脇字鬼脇,515-3,,
01519-4503-11.zip,202602101146,利尻郡利尻富士町鬼脇字鬼脇,長狭物不明-7,,
01519-4503-11.zip,202602101146,利尻郡利尻富士町鬼脇字鬼脇,262,,
01519-4503-11.zip,202602101146,利尻郡利尻富士町鬼脇字鬼脇,長狭物不明-7-7,,
01519-4503-11.zip,202602101146,利尻郡利尻富士町鬼脇字鬼脇,515-1,,
01519-4503-11.zip,202602101146,利尻郡利尻富士町鬼脇字鬼脇,515-5,,
01519-4503-11.zip,202602101146,利尻郡利尻富士町鬼脇字鬼脇,筆界未定地-4,利尻郡利尻富士町鬼脇字鬼脇,263
01519-4503-11.zip,202602101146,利尻郡利尻富士町鬼脇字鬼脇,筆界未定地-4,利尻郡利尻富士町鬼脇字鬼脇,264
01519-4503-11.zip,202602101146,利尻郡利尻富士町鬼脇字鬼脇,318,,
01519-4503-11.zip,202602101146,利尻郡利尻富士町鬼脇字鬼脇,516,,
01519-4503-11.zip,202602101146,利尻郡利尻富士町鬼脇字鬼脇,517,,
01519-4503-11.zip,202602101146,利尻郡利尻富士町鬼脇字鬼脇,518,,
01519-4503-11.zip,202602101146,利尻郡利尻富士町鬼脇字鬼脇,519,,
01519-4503-11.zip,202602101146,利尻郡利尻富士町鬼脇字鬼脇,520,,
01519-4503-11.zip,202602101146,利尻郡利尻富士町鬼脇字鬼脇,521,,
01519-4503-11.zip,202602101146,利尻郡利尻富士町鬼脇字鬼脇,246-1,,
01519-4503-11.zip,202602101146,利尻郡利尻富士町鬼脇字鬼脇,水-15,,
01519-4503-11.zip,202602101146,利尻郡利尻富士町,地区外-713097,,
01519-4503-12.zip,202602101146,利尻郡利尻富士町,地区外-716312,,
01519-4503-12.zip,202602101146,利尻郡利尻富士町鴛泊字富士野,104,,
01519-4503-12.zip,202602101146,利尻郡利尻富士町,地区外-716314,,
01519-4503-12.zip,202602101146,利尻郡利尻富士町,地区外-716315,,
01519-4503-12.zip,202602101146,利尻郡利尻富士町,地区外-716316,,
01519-4503-12.zip,202602101146,利尻郡利尻富士町鴛泊字富士野,105,,
01519-4503-12.zip,202602101146,利尻郡利尻富士町鴛泊字栄町,293,,
01519-4503-12.zip,202602101146,利尻郡利尻富士町鴛泊字富士野,108,,
01519-4503-12.zip,202602101146,利尻郡利尻富士町鴛泊字栄町,302,,
01519-4503-12.zip,202602101146,利尻郡利尻富士町,地区外-716324,,
01519-4503-12.zip,202602101146,利尻郡利尻富士町鴛泊字富士野,99,,
01519-4503-12.zip,202602101146,利尻郡利尻富士町,地区外-716326,,
01519-4503-12.zip,202602101146,利尻郡利尻富士町鴛泊字富士野,35-2,,
01519-4503-12.zip,202602101146,利尻郡利尻富士町鴛泊字富士野,18-1,,
01519-4503-12.zip,202602101146,利尻郡利尻富士町鴛泊字富士野,28-1,,
01519-4503-12.zip,202602101146,利尻郡利尻富士町鴛泊字富士野,100,,
01519-4503-12.zip,202602101146,利尻郡利尻富士町鴛泊字富士野,34,,
01519-4503-12.zip,202602101146,利尻郡利尻富士町鴛泊字富士野,35-11,,
01519-4503-12.zip,202602101146,利尻郡利尻富士町鴛泊字富士野,19-2,,
01519-4503-12.zip,202602101146,利尻郡利尻富士町鴛泊字富士野,18-3,,
01519-4503-12.zip,202602101146,利尻郡利尻富士町鴛泊字富士野,28-2,,
01519-4503-12.zip,202602101146,利尻郡利尻富士町鴛泊字富士野,15,,
01519-4503-12.zip,202602101146,利尻郡利尻富士町鴛泊字富士野,14,,
01519-4503-12.zip,202602101146,利尻郡利尻富士町,地区外-716342,,
01519-4503-12.zip,202602101146,利尻郡利尻富士町鴛泊字富士野,20-5,,
01519-4503-12.zip,202602101146,利尻郡利尻富士町鴛泊字富士野,20-1,,
01519-4503-12.zip,202602101146,利尻郡利尻富士町鴛泊字富士野,13,,
01519-4503-12.zip,202602101146,利尻郡利尻富士町鴛泊字富士野,12-2,,
01519-4503-12.zip,202602101146,利尻郡利尻富士町鴛泊字富士野,12-3,,
01519-4503-12.zip,202602101146,利尻郡利尻富士町鴛泊字富士野,20-3,,
01519-4503-12.zip,202602101146,利尻郡利尻富士町鴛泊字富士野,11-1,,
01519-4503-12.zip,202602101146,利尻郡利尻富士町鴛泊字富士野,20-4,,
01519-4503-12.zip,202602101146,利尻郡利尻富士町鴛泊字富士野,20-8,,
01519-4503-12.zip,202602101146,利尻郡利尻富士町鴛泊字富士野,12-1,,
01519-4503-12.zip,202602101146,利尻郡利尻富士町鴛泊字富士野,5-1,,
01519-4503-12.zip,202602101146,利尻郡利尻富士町鴛泊字富士野,4,,
01519-4503-12.zip,202602101146,利尻郡利尻富士町鴛泊字富士野,5-2,,
01519-4503-12.zip,202602101146,利尻郡利尻富士町鴛泊字富士野,81,,
01519-4503-12.zip,202602101146,利尻郡利尻富士町鴛泊字富士野,90-1,,
01519-4503-12.zip,202602101146,利尻郡利尻富士町鴛泊字富士野,91-1,,
01519-4503-12.zip,202602101146,利尻郡利尻富士町鴛泊字栄町,116-1,,
01519-4503-12.zip,202602101146,利尻郡利尻富士町鴛泊字富士野,6-2,,
01519-4503-12.zip,202602101146,利尻郡利尻富士町鴛泊字富士野,90-2,,
01519-4503-12.zip,202602101146,利尻郡利尻富士町鴛泊字富士野,6-1,,
01519-4503-12.zip,202602101146,利尻郡利尻富士町,地区外-716374,,
01519-4503-12.zip,202602101146,利尻郡利尻富士町鴛泊字富士野,7-10,,
01519-4503-12.zip,202602101146,利尻郡利尻富士町鴛泊字栄町,117-4,,
01519-4503-12.zip,202602101146,利尻郡利尻富士町鴛泊字栄町,117-1,,
01519-4503-12.zip,202602101146,利尻郡利尻富士町鴛泊字富士野,106,,
01519-4503-12.zip,202602101146,利尻郡利尻富士町鴛泊字栄町,157-4,,
01519-4503-12.zip,202602101146,利尻郡利尻富士町鴛泊字栄町,296,,
01519-4503-12.zip,202602101146,利尻郡利尻富士町鴛泊字栄町,157-1,,
01519-4503-12.zip,202602101146,利尻郡利尻富士町,地区外-716382,,
01519-4503-12.zip,202602101146,利尻郡利尻富士町鴛泊字富士野,7-6,,
01519-4503-12.zip,202602101146,利尻郡利尻富士町鴛泊字栄町,297,,
01519-4503-12.zip,202602101146,利尻郡利尻富士町鴛泊字富士野,92,,
01519-4503-12.zip,202602101146,利尻郡利尻富士町鴛泊字栄町,159-1,,
01519-4503-12.zip,202602101146,利尻郡利尻富士町鴛泊字栄町,159-3,,
01519-4503-12.zip,202602101146,利尻郡利尻富士町鴛泊字富士野,7-3,,
01519-4503-12.zip,202602101146,利尻郡利尻富士町,地区外-716390,,
01519-4503-12.zip,202602101146,利尻郡利尻富士町鴛泊字栄町,298,,
01519-4503-12.zip,202602101146,利尻郡利尻富士町鴛泊字栄町,202-2,,
01519-4503-12.zip,202602101146,利尻郡利尻富士町,地区外-716393,,
01519-4503-12.zip,202602101146,利尻郡利尻富士町鴛泊字栄町,203,,
01519-4503-12.zip,202602101146,利尻郡利尻富士町,地区外-716395,,
01519-4503-12.zip,202602101146,利尻郡利尻富士町鴛泊字栄町,202-1,,
01519-4503-12.zip,202602101146,利尻郡利尻富士町鴛泊字栄町,299,,
01519-4503-12.zip,202602101146,利尻郡利尻富士町鴛泊字栄町,204-2,,
01519-4503-12.zip,202602101146,利尻郡利尻富士町,地区外-716399,,
01519-4503-12.zip,202602101146,利尻郡利尻富士町鴛泊字栄町,231-6,,
01519-4503-12.zip,202602101146,利尻郡利尻富士町鴛泊字栄町,231-1,,
01519-4503-12.zip,202602101146,利尻郡利尻富士町鴛泊字栄町,231-5,,
01519-4503-12.zip,202602101146,利尻郡利尻富士町,地区外-716403,,
01519-4503-12.zip,202602101146,利尻郡利尻富士町,地区外-716404,,
01519-4503-12.zip,202602101146,利尻郡利尻富士町,地区外-716405,,
01519-4503-12.zip,202602101146,利尻郡利尻富士町,地区外-716406,,
01519-4503-12.zip,202602101146,利尻郡利尻富士町鴛泊字栄町,113-1,,
01519-4503-12.zip,202602101146,利尻郡利尻富士町鴛泊字富士野,3-4,,
01519-4503-12.zip,202602101146,利尻郡利尻富士町,地区外-716411,,
01519-4503-12.zip,202602101146,利尻郡利尻富士町,地区外-716412,,
01519-4503-12.zip,202602101146,利尻郡利尻富士町,地区外-716413,,
01519-4503-12.zip,202602101146,利尻郡利尻富士町,地区外-716414,,
01519-4503-12.zip,202602101146,利尻郡利尻富士町,地区外-716415,,
01519-4503-12.zip,202602101146,利尻郡利尻富士町,地区外-716416,,
01519-4503-12.zip,202602101146,利尻郡利尻富士町鴛泊字富士野,35-12,,
01519-4503-12.zip,202602101146,利尻郡利尻富士町鴛泊字富士野,18-2,,
01519-4503-12.zip,202602101146,利尻郡利尻富士町鴛泊字富士野,17-3,,
01519-4503-12.zip,202602101146,利尻郡利尻富士町鴛泊字栄町,232-1,,
01519-4503-12.zip,202602101146,利尻郡利尻富士町鴛泊字栄町,231-4,,
01519-4503-12.zip,202602101146,利尻郡利尻富士町鴛泊字栄町,117-2,,
01519-4503-12.zip,202602101146,利尻郡利尻富士町鴛泊字栄町,113-2,,
01519-4503-12.zip,202602101146,利尻郡利尻富士町鴛泊字栄町,113-3,,
01519-4503-12.zip,202602101146,利尻郡利尻富士町鴛泊字栄町,117-3,,
01519-4503-12.zip,202602101146,利尻郡利尻富士町鴛泊字栄町,159-2,,
01519-4503-12.zip,202602101146,利尻郡利尻富士町鴛泊字栄町,204-1,,
01519-4503-12.zip,202602101146,利尻郡利尻富士町鴛泊字栄町,204-3,,
01519-4503-12.zip,202602101146,利尻郡利尻富士町鴛泊字栄町,204-4,,
01519-4503-12.zip,202602101146,利尻郡利尻富士町鴛泊字栄町,204-5,,
01519-4503-12.zip,202602101146,利尻郡利尻富士町鴛泊字栄町,204-6,,
01519-4503-12.zip,202602101146,利尻郡利尻富士町鴛泊字栄町,204-7,,
01519-4503-12.zip,202602101146,利尻郡利尻富士町鴛泊字栄町,204-8,,
01519-4503-12.zip,202602101146,利尻郡利尻富士町鴛泊字栄町,204-9,,
01519-4503-12.zip,202602101146,利尻郡利尻富士町鴛泊字栄町,204-11,,
01519-4503-12.zip,202602101146,利尻郡利尻富士町鴛泊字栄町,204-12,,
01519-4503-12.zip,202602101146,利尻郡利尻富士町鴛泊字栄町,204-13,,
01519-4503-12.zip,202602101146,利尻郡利尻富士町鴛泊字栄町,204-14,,
01519-4503-12.zip,202602101146,利尻郡利尻富士町鴛泊字栄町,204-15,,
01519-4503-12.zip,202602101146,利尻郡利尻富士町鴛泊字栄町,204-16,,
01519-4503-12.zip,202602101146,利尻郡利尻富士町鴛泊字栄町,204-17,,
01519-4503-12.zip,202602101146,利尻郡利尻富士町鴛泊字栄町,204-19,,
01519-4503-12.zip,202602101146,利尻郡利尻富士町鴛泊字栄町,204-20,,
01519-4503-12.zip,202602101146,利尻郡利尻富士町鴛泊字栄町,275,,
01519-4503-12.zip,202602101146,利尻郡利尻富士町鴛泊字栄町,280,,
01519-4503-12.zip,202602101146,利尻郡利尻富士町鴛泊字栄町,281,,
01519-4503-12.zip,202602101146,利尻郡利尻富士町鴛泊字栄町,300,,
01519-4503-12.zip,202602101146,利尻郡利尻富士町鴛泊字栄町,301,,
01519-4503-12.zip,202602101146,利尻郡利尻富士町鴛泊字富士野,1-1,,
01519-4503-12.zip,202602101146,利尻郡利尻富士町鴛泊字富士野,1-2,,
01519-4503-12.zip,202602101146,利尻郡利尻富士町鴛泊字富士野,2,,
01519-4503-12.zip,202602101146,利尻郡利尻富士町鴛泊字富士野,7-1,,
01519-4503-12.zip,202602101146,利尻郡利尻富士町鴛泊字富士野,7-4,,
01519-4503-12.zip,202602101146,利尻郡利尻富士町鴛泊字富士野,7-7,,
01519-4503-12.zip,202602101146,利尻郡利尻富士町鴛泊字富士野,7-8,,
01519-4503-12.zip,202602101146,利尻郡利尻富士町鴛泊字富士野,8-3,,
01519-4503-12.zip,202602101146,利尻郡利尻富士町鴛泊字富士野,10-1,,
01519-4503-12.zip,202602101146,利尻郡利尻富士町鴛泊字富士野,10-2,,
01519-4503-12.zip,202602101146,利尻郡利尻富士町鴛泊字富士野,10-3,,
01519-4503-12.zip,202602101146,利尻郡利尻富士町鴛泊字富士野,11-2,,
01519-4503-12.zip,202602101146,利尻郡利尻富士町鴛泊字富士野,11-3,,
01519-4503-12.zip,202602101146,利尻郡利尻富士町鴛泊字富士野,11-4,,
01519-4503-12.zip,202602101146,利尻郡利尻富士町鴛泊字富士野,11-5,,
01519-4503-12.zip,202602101146,利尻郡利尻富士町鴛泊字富士野,16-1,,
01519-4503-12.zip,202602101146,利尻郡利尻富士町鴛泊字富士野,16-2,,
01519-4503-12.zip,202602101146,利尻郡利尻富士町鴛泊字富士野,16-3,,
01519-4503-12.zip,202602101146,利尻郡利尻富士町鴛泊字富士野,17-1,,
01519-4503-12.zip,202602101146,利尻郡利尻富士町鴛泊字富士野,17-2,,
01519-4503-12.zip,202602101146,利尻郡利尻富士町鴛泊字富士野,19-1,,
01519-4503-12.zip,202602101146,利尻郡利尻富士町鴛泊字富士野,19-3,,
01519-4503-12.zip,202602101146,利尻郡利尻富士町鴛泊字富士野,20-2,,
01519-4503-12.zip,202602101146,利尻郡利尻富士町鴛泊字富士野,20-6,,
01519-4503-12.zip,202602101146,利尻郡利尻富士町鴛泊字富士野,20-7,,
01519-4503-12.zip,202602101146,利尻郡利尻富士町鴛泊字富士野,20-9,,
01519-4503-12.zip,202602101146,利尻郡利尻富士町鴛泊字富士野,20-10,,
01519-4503-12.zip,202602101146,利尻郡利尻富士町鴛泊字富士野,26,,
01519-4503-12.zip,202602101146,利尻郡利尻富士町鴛泊字富士野,30-1,,
01519-4503-12.zip,202602101146,利尻郡利尻富士町鴛泊字富士野,30-2,,
01519-4503-12.zip,202602101146,利尻郡利尻富士町鴛泊字富士野,31-1,,
01519-4503-12.zip,202602101146,利尻郡利尻富士町鴛泊字富士野,31-2,,
01519-4503-12.zip,202602101146,利尻郡利尻富士町鴛泊字富士野,31-3,,
01519-4503-12.zip,202602101146,利尻郡利尻富士町鴛泊字富士野,31-4,,
01519-4503-12.zip,202602101146,利尻郡利尻富士町鴛泊字富士野,31-5,,
01519-4503-12.zip,202602101146,利尻郡利尻富士町鴛泊字富士野,32-1,,
01519-4503-12.zip,202602101146,利尻郡利尻富士町鴛泊字富士野,32-2,,
01519-4503-12.zip,202602101146,利尻郡利尻富士町鴛泊字富士野,32-3,,
01519-4503-12.zip,202602101146,利尻郡利尻富士町鴛泊字富士野,32-4,,
01519-4503-12.zip,202602101146,利尻郡利尻富士町鴛泊字富士野,32-5,,
01519-4503-12.zip,202602101146,利尻郡利尻富士町鴛泊字富士野,32-6,,
01519-4503-12.zip,202602101146,利尻郡利尻富士町鴛泊字富士野,35-9,,
01519-4503-12.zip,202602101146,利尻郡利尻富士町鴛泊字富士野,35-10,,
01519-4503-12.zip,202602101146,利尻郡利尻富士町鴛泊字富士野,37-2,,
01519-4503-12.zip,202602101146,利尻郡利尻富士町鴛泊字富士野,73,,
01519-4503-12.zip,202602101146,利尻郡利尻富士町鴛泊字富士野,74,,
01519-4503-12.zip,202602101146,利尻郡利尻富士町鴛泊字富士野,75,,
01519-4503-12.zip,202602101146,利尻郡利尻富士町鴛泊字富士野,95,,
01519-4503-12.zip,202602101146,利尻郡利尻富士町鴛泊字富士野,97,,
01519-4503-12.zip,202602101146,利尻郡利尻富士町鴛泊字富士野,98,,
01519-4503-12.zip,202602101146,利尻郡利尻富士町鴛泊字富士野,101,,
01519-4503-12.zip,202602101146,利尻郡利尻富士町鴛泊字富士野,102,,
01519-4503-12.zip,202602101146,利尻郡利尻富士町鴛泊字富士野,103,,
01519-4503-12.zip,202602101146,利尻郡利尻富士町鴛泊字富士野,107,,
01519-4503-12.zip,202602101146,利尻郡利尻富士町鴛泊字栄町,204-21,,
01519-4503-12.zip,202602101146,利尻郡利尻富士町鴛泊字栄町,204-10,,
01519-4503-12.zip,202602101146,利尻郡利尻富士町鴛泊字栄町,204-18,,
01519-4503-12.zip,202602101146,利尻郡利尻富士町鴛泊字栄町,283,,
01519-4503-12.zip,202602101146,利尻郡利尻富士町鴛泊字富士野,3-5,,
01519-4503-12.zip,202602101146,利尻郡利尻富士町鴛泊字富士野,3-3,,
01519-4503-12.zip,202602101146,利尻郡利尻富士町鴛泊字富士野,94,,
01519-4503-12.zip,202602101146,利尻郡利尻富士町鴛泊字富士野,9-1,,
01519-4503-12.zip,202602101146,利尻郡利尻富士町鴛泊字富士野,9-5,,
01519-4503-12.zip,202602101146,利尻郡利尻富士町鴛泊字富士野,9-9,,
01519-4503-12.zip,202602101146,利尻郡利尻富士町鴛泊字富士野,9-7,,
01519-4503-12.zip,202602101146,利尻郡利尻富士町鴛泊字富士野,9-8,,
01519-4503-12.zip,202602101146,利尻郡利尻富士町鴛泊字富士野,7-5,,
01519-4503-12.zip,202602101146,利尻郡利尻富士町,地区外-716354,,
01519-4503-12.zip,202602101146,利尻郡利尻富士町鴛泊字富士野,9-4,,
01519-4503-12.zip,202602101146,利尻郡利尻富士町鴛泊字富士野,8-2,,
01519-4503-12.zip,202602101146,利尻郡利尻富士町,地区外-716408,,
01519-4503-12.zip,202602101146,利尻郡利尻富士町鴛泊字富士野,27-1,,
01519-4503-12.zip,202602101146,利尻郡利尻富士町鴛泊字富士野,29,,
01519-4503-12.zip,202602101146,利尻郡利尻富士町鴛泊字富士野,27-2,,
01519-4503-12.zip,202602101146,利尻郡利尻富士町鴛泊字栄町,114-1,,
01519-4503-12.zip,202602101146,利尻郡利尻富士町鴛泊字栄町,114-2,,
01519-4503-12.zip,202602101146,利尻郡利尻富士町,地区外-716370,,
01519-4503-12.zip,202602101146,利尻郡利尻富士町鴛泊字栄町,282,,
01519-4503-12.zip,202602101146,利尻郡利尻富士町鴛泊字富士野,3-6,,
01519-4503-12.zip,202602101146,利尻郡利尻富士町鴛泊字富士野,3-2,,
01519-4503-12.zip,202602101146,利尻郡利尻富士町鴛泊字富士野,3-1,,
01519-4503-12.zip,202602101146,利尻郡利尻富士町鴛泊字富士野,9-10,,
01519-4503-12.zip,202602101146,利尻郡利尻富士町鴛泊字富士野,9-6,,
01519-4503-12.zip,202602101146,利尻郡利尻富士町,地区外-716407,,
01519-4503-12.zip,202602101146,利尻郡利尻富士町鴛泊字富士野,9-2,,
01519-4503-12.zip,202602101146,利尻郡利尻富士町鴛泊字栄町,116-3,,
01519-4503-12.zip,202602101146,利尻郡利尻富士町鴛泊字栄町,116-2,,
01519-4503-12.zip,202602101146,利尻郡利尻富士町鴛泊字栄町,294,,
01519-4503-12.zip,202602101146,利尻郡利尻富士町鴛泊字栄町,295,,
01519-4503-12.zip,202602101146,利尻郡利尻富士町鴛泊字富士野,36-1,,
01519-4503-12.zip,202602101146,利尻郡利尻富士町鴛泊字富士野,36-3,,
01519-4503-12.zip,202602101146,利尻郡利尻富士町鴛泊字富士野,37-1,,
01519-4503-12.zip,202602101146,利尻郡利尻富士町鴛泊字富士野,35-14,,
01519-4503-12.zip,202602101146,利尻郡利尻富士町鴛泊字富士野,35-3,,
01519-4503-12.zip,202602101146,利尻郡利尻富士町鴛泊字富士野,38-1,,
01519-4503-12.zip,202602101146,利尻郡利尻富士町鴛泊字富士野,38-2,,
01519-4503-12.zip,202602101146,利尻郡利尻富士町鴛泊字富士野,35-4,,
01519-4503-12.zip,202602101146,利尻郡利尻富士町鴛泊字富士野,37-3,,
01519-4503-12.zip,202602101146,利尻郡利尻富士町鴛泊字富士野,36-2,,
01519-4503-12.zip,202602101146,利尻郡利尻富士町鴛泊字富士野,35-1,,
01519-4503-12.zip,202602101146,利尻郡利尻富士町鴛泊字富士野,35-15,,
01519-4503-12.zip,202602101146,利尻郡利尻富士町鴛泊字富士野,35-8,,
01519-4503-12.zip,202602101146,利尻郡利尻富士町鴛泊字富士野,35-13,,
01519-4503-13.zip,202602101146,利尻郡利尻富士町鴛泊字雄忠志内,道-1,,
01519-4503-13.zip,202602101146,利尻郡利尻富士町鴛泊字雄忠志内,374,,
01519-4503-13.zip,202602101146,利尻郡利尻富士町鴛泊字雄忠志内,長狭物不明-1,,
01519-4503-13.zip,202602101146,利尻郡利尻富士町鴛泊字雄忠志内,373,,
01519-4503-13.zip,202602101146,利尻郡利尻富士町鴛泊字雄忠志内,372,,
01519-4503-13.zip,202602101146,利尻郡利尻富士町鴛泊字雄忠志内,371,,
01519-4503-13.zip,202602101146,利尻郡利尻富士町鴛泊字雄忠志内,370,,
01519-4503-13.zip,202602101146,利尻郡利尻富士町鴛泊字雄忠志内,369,,
01519-4503-13.zip,202602101146,利尻郡利尻富士町鴛泊字雄忠志内,368,,
01519-4503-13.zip,202602101146,利尻郡利尻富士町鴛泊字雄忠志内,367,,
01519-4503-13.zip,202602101146,利尻郡利尻富士町鴛泊字雄忠志内,366,,
01519-4503-13.zip,202602101146,利尻郡利尻富士町鴛泊字雄忠志内,道-2,,
01519-4503-13.zip,202602101146,利尻郡利尻富士町鴛泊字雄忠志内,365,,
01519-4503-13.zip,202602101146,利尻郡利尻富士町鴛泊字湾内,水-1,,
01519-4503-13.zip,202602101146,利尻郡利尻富士町鴛泊字雄忠志内,183-2,,
01519-4503-13.zip,202602101146,利尻郡利尻富士町鴛泊字湾内,筆界未定地-3,利尻郡利尻富士町鴛泊字湾内,96
01519-4503-13.zip,202602101146,利尻郡利尻富士町鴛泊字湾内,筆界未定地-3,利尻郡利尻富士町鴛泊字湾内,97
01519-4503-13.zip,202602101146,利尻郡利尻富士町鴛泊字湾内,筆界未定地-4,利尻郡利尻富士町鴛泊字湾内,100
01519-4503-13.zip,202602101146,利尻郡利尻富士町鴛泊字湾内,筆界未定地-4,利尻郡利尻富士町鴛泊字湾内,道-3
01519-4503-13.zip,202602101146,利尻郡利尻富士町鴛泊字湾内,筆界未定地-5,利尻郡利尻富士町鴛泊字湾内,115
01519-4503-13.zip,202602101146,利尻郡利尻富士町鴛泊字湾内,筆界未定地-5,利尻郡利尻富士町鴛泊字湾内,116
01519-4503-13.zip,202602101146,利尻郡利尻富士町鴛泊字湾内,筆界未定地-6,利尻郡利尻富士町鴛泊字湾内,113-1
01519-4503-13.zip,202602101146,利尻郡利尻富士町鴛泊字湾内,筆界未定地-6,利尻郡利尻富士町鴛泊字湾内,113-2
01519-4503-13.zip,202602101146,利尻郡利尻富士町鴛泊字湾内,筆界未定地-6,利尻郡利尻富士町鴛泊字湾内,113-3
01519-4503-13.zip,202602101146,利尻郡利尻富士町鴛泊字湾内,筆界未定地-7,利尻郡利尻富士町鴛泊字湾内,101
01519-4503-13.zip,202602101146,利尻郡利尻富士町鴛泊字湾内,筆界未定地-7,利尻郡利尻富士町鴛泊字湾内,道-4
01519-4503-13.zip,202602101146,利尻郡利尻富士町鴛泊字湾内,筆界未定地-8,利尻郡利尻富士町鴛泊字湾内,62
01519-4503-13.zip,202602101146,利尻郡利尻富士町鴛泊字湾内,筆界未定地-8,利尻郡利尻富士町鴛泊字湾内,道-5
01519-4503-13.zip,202602101146,利尻郡利尻富士町鴛泊字湾内,筆界未定地-9,利尻郡利尻富士町鴛泊字湾内,63
01519-4503-13.zip,202602101146,利尻郡利尻富士町鴛泊字湾内,筆界未定地-9,利尻郡利尻富士町鴛泊字湾内,道-6
01519-4503-13.zip,202602101146,利尻郡利尻富士町鴛泊字湾内,筆界未定地-10,利尻郡利尻富士町鴛泊字湾内,64
01519-4503-13.zip,202602101146,利尻郡利尻富士町鴛泊字湾内,筆界未定地-10,利尻郡利尻富士町鴛泊字湾内,道-7
01519-4503-13.zip,202602101146,利尻郡利尻富士町鴛泊字湾内,筆界未定地-11,利尻郡利尻富士町鴛泊字湾内,45-1
01519-4503-13.zip,202602101146,利尻郡利尻富士町鴛泊字湾内,筆界未定地-11,利尻郡利尻富士町鴛泊字湾内,45-2
01519-4503-13.zip,202602101146,利尻郡利尻富士町鴛泊字湾内,筆界未定地-12,利尻郡利尻富士町鴛泊字湾内,16
01519-4503-13.zip,202602101146,利尻郡利尻富士町鴛泊字湾内,筆界未定地-12,利尻郡利尻富士町鴛泊字湾内,道-8
01519-4503-13.zip,202602101146,利尻郡利尻富士町鴛泊字湾内,筆界未定地-13,利尻郡利尻富士町鴛泊字湾内,13-1
01519-4503-13.zip,202602101146,利尻郡利尻富士町鴛泊字湾内,筆界未定地-13,利尻郡利尻富士町鴛泊字湾内,13-3
01519-4503-13.zip,202602101146,利尻郡利尻富士町鴛泊字湾内,筆界未定地-13,利尻郡利尻富士町鴛泊字湾内,13-4
01519-4503-13.zip,202602101146,利尻郡利尻富士町鴛泊字湾内,筆界未定地-13,利尻郡利尻富士町鴛泊字湾内,13-5
01519-4503-13.zip,202602101146,利尻郡利尻富士町鴛泊字湾内,筆界未定地-13,利尻郡利尻富士町鴛泊字湾内,13-6
01519-4503-13.zip,202602101146,利尻郡利尻富士町鴛泊字湾内,筆界未定地-14,利尻郡利尻富士町鴛泊字湾内,8-2
01519-4503-13.zip,202602101146,利尻郡利尻富士町鴛泊字湾内,筆界未定地-14,利尻郡利尻富士町鴛泊字湾内,8-3
01519-4503-13.zip,202602101146,利尻郡利尻富士町鴛泊字湾内,筆界未定地-15,利尻郡利尻富士町鴛泊字湾内,163
01519-4503-13.zip,202602101146,利尻郡利尻富士町鴛泊字湾内,筆界未定地-15,利尻郡利尻富士町鴛泊字湾内,164
01519-4503-13.zip,202602101146,利尻郡利尻富士町鴛泊字湾内,筆界未定地-16,利尻郡利尻富士町鴛泊字湾内,161-1
01519-4503-13.zip,202602101146,利尻郡利尻富士町鴛泊字湾内,筆界未定地-16,利尻郡利尻富士町鴛泊字湾内,161-2
01519-4503-13.zip,202602101146,利尻郡利尻富士町鴛泊字湾内,筆界未定地-16,利尻郡利尻富士町鴛泊字湾内,161-3
01519-4503-13.zip,202602101146,利尻郡利尻富士町鴛泊字湾内,筆界未定地-16,利尻郡利尻富士町鴛泊字湾内,161-4
01519-4503-13.zip,202602101146,利尻郡利尻富士町鴛泊字湾内,筆界未定地-16,利尻郡利尻富士町鴛泊字湾内,161-5
01519-4503-13.zip,202602101146,利尻郡利尻富士町鴛泊字野塚,筆界未定地-17,利尻郡利尻富士町鴛泊字野塚,289
01519-4503-13.zip,202602101146,利尻郡利尻富士町鴛泊字野塚,筆界未定地-17,利尻郡利尻富士町鴛泊字野塚,道-9
01519-4503-13.zip,202602101146,利尻郡利尻富士町鴛泊字野塚,筆界未定地-18,利尻郡利尻富士町鴛泊字野塚,285
01519-4503-13.zip,202602101146,利尻郡利尻富士町鴛泊字野塚,筆界未定地-18,利尻郡利尻富士町鴛泊字野塚,286
01519-4503-13.zip,202602101146,利尻郡利尻富士町鴛泊字野塚,筆界未定地-19,利尻郡利尻富士町鴛泊字野塚,254
01519-4503-13.zip,202602101146,利尻郡利尻富士町鴛泊字野塚,筆界未定地-19,利尻郡利尻富士町鴛泊字野塚,255
01519-4503-13.zip,202602101146,利尻郡利尻富士町鴛泊字野塚,筆界未定地-20,利尻郡利尻富士町鴛泊字野塚,274
01519-4503-13.zip,202602101146,利尻郡利尻富士町鴛泊字野塚,筆界未定地-20,利尻郡利尻富士町鴛泊字野塚,275
01519-4503-13.zip,202602101146,利尻郡利尻富士町鴛泊字野塚,筆界未定地-21,利尻郡利尻富士町鴛泊字野塚,248
01519-4503-13.zip,202602101146,利尻郡利尻富士町鴛泊字野塚,筆界未定地-21,利尻郡利尻富士町鴛泊字野塚,249-1
01519-4503-13.zip,202602101146,利尻郡利尻富士町鴛泊字野塚,筆界未定地-21,利尻郡利尻富士町鴛泊字野塚,249-2
01519-4503-13.zip,202602101146,利尻郡利尻富士町鴛泊字野塚,筆界未定地-21,利尻郡利尻富士町鴛泊字野塚,249-3
01519-4503-13.zip,202602101146,利尻郡利尻富士町鴛泊字野塚,筆界未定地-23,利尻郡利尻富士町鴛泊字野塚,212
01519-4503-13.zip,202602101146,利尻郡利尻富士町鴛泊字野塚,筆界未定地-23,利尻郡利尻富士町鴛泊字野塚,213
01519-4503-13.zip,202602101146,利尻郡利尻富士町鴛泊字野塚,筆界未定地-23,利尻郡利尻富士町鴛泊字野塚,214
01519-4503-13.zip,202602101146,利尻郡利尻富士町鴛泊字野塚,筆界未定地-24,利尻郡利尻富士町鴛泊字野塚,195
01519-4503-13.zip,202602101146,利尻郡利尻富士町鴛泊字野塚,筆界未定地-24,利尻郡利尻富士町鴛泊字野塚,196
01519-4503-13.zip,202602101146,利尻郡利尻富士町鴛泊字野塚,筆界未定地-24,利尻郡利尻富士町鴛泊字野塚,197
01519-4503-13.zip,202602101146,利尻郡利尻富士町鴛泊字野塚,筆界未定地-24,利尻郡利尻富士町鴛泊字野塚,198
01519-4503-13.zip,202602101146,利尻郡利尻富士町鴛泊字野塚,筆界未定地-24,利尻郡利尻富士町鴛泊字野塚,201-1
01519-4503-13.zip,202602101146,利尻郡利尻富士町鴛泊字野塚,筆界未定地-24,利尻郡利尻富士町鴛泊字野塚,201-2
01519-4503-13.zip,202602101146,利尻郡利尻富士町鴛泊字野塚,筆界未定地-24,利尻郡利尻富士町鴛泊字野塚,202-1
01519-4503-13.zip,202602101146,利尻郡利尻富士町鴛泊字野塚,筆界未定地-25,利尻郡利尻富士町鴛泊字野塚,194
01519-4503-13.zip,202602101146,利尻郡利尻富士町鴛泊字野塚,筆界未定地-25,利尻郡利尻富士町鴛泊字野塚,199
01519-4503-13.zip,202602101146,利尻郡利尻富士町鴛泊字野塚,筆界未定地-25,利尻郡利尻富士町鴛泊字野塚,200-1
01519-4503-13.zip,202602101146,利尻郡利尻富士町鴛泊字野塚,筆界未定地-25,利尻郡利尻富士町鴛泊字野塚,200-2
01519-4503-13.zip,202602101146,利尻郡利尻富士町鴛泊字野塚,筆界未定地-26,利尻郡利尻富士町鴛泊字野塚,167
01519-4503-13.zip,202602101146,利尻郡利尻富士町鴛泊字野塚,筆界未定地-26,利尻郡利尻富士町鴛泊字野塚,168
01519-4503-13.zip,202602101146,利尻郡利尻富士町鴛泊字野塚,筆界未定地-27,利尻郡利尻富士町鴛泊字野塚,171
01519-4503-13.zip,202602101146,利尻郡利尻富士町鴛泊字野塚,筆界未定地-27,利尻郡利尻富士町鴛泊字野塚,177
01519-4503-13.zip,202602101146,利尻郡利尻富士町鴛泊字野塚,筆界未定地-28,利尻郡利尻富士町鴛泊字野塚,172
01519-4503-13.zip,202602101146,利尻郡利尻富士町鴛泊字野塚,筆界未定地-28,利尻郡利尻富士町鴛泊字野塚,173
01519-4503-13.zip,202602101146,利尻郡利尻富士町鴛泊字野塚,筆界未定地-29,利尻郡利尻富士町鴛泊字野塚,102-1
01519-4503-13.zip,202602101146,利尻郡利尻富士町鴛泊字野塚,筆界未定地-29,利尻郡利尻富士町鴛泊字野塚,102-2
01519-4503-13.zip,202602101146,利尻郡利尻富士町鴛泊字野塚,筆界未定地-29,利尻郡利尻富士町鴛泊字野塚,102-3
01519-4503-13.zip,202602101146,利尻郡利尻富士町鴛泊字野塚,筆界未定地-29,利尻郡利尻富士町鴛泊字野塚,102-4
01519-4503-13.zip,202602101146,利尻郡利尻富士町鴛泊字野塚,筆界未定地-29,利尻郡利尻富士町鴛泊字野塚,102-5
01519-4503-13.zip,202602101146,利尻郡利尻富士町鴛泊字野塚,筆界未定地-29,利尻郡利尻富士町鴛泊字野塚,102-6
01519-4503-13.zip,202602101146,利尻郡利尻富士町鴛泊字野塚,筆界未定地-29,利尻郡利尻富士町鴛泊字野塚,102-7
01519-4503-13.zip,202602101146,利尻郡利尻富士町鴛泊字野塚,筆界未定地-30,利尻郡利尻富士町鴛泊字野塚,111
01519-4503-13.zip,202602101146,利尻郡利尻富士町鴛泊字野塚,筆界未定地-30,利尻郡利尻富士町鴛泊字野塚,112
01519-4503-13.zip,202602101146,利尻郡利尻富士町鴛泊字野塚,筆界未定地-30,利尻郡利尻富士町鴛泊字野塚,117
01519-4503-13.zip,202602101146,利尻郡利尻富士町鴛泊字野塚,筆界未定地-31,利尻郡利尻富士町鴛泊字野塚,118
01519-4503-13.zip,202602101146,利尻郡利尻富士町鴛泊字野塚,筆界未定地-31,利尻郡利尻富士町鴛泊字野塚,119
01519-4503-13.zip,202602101146,利尻郡利尻富士町鴛泊字野塚,筆界未定地-31,利尻郡利尻富士町鴛泊字野塚,120
01519-4503-13.zip,202602101146,利尻郡利尻富士町鴛泊字野塚,筆界未定地-32,利尻郡利尻富士町鴛泊字野塚,91
01519-4503-13.zip,202602101146,利尻郡利尻富士町鴛泊字野塚,筆界未定地-32,利尻郡利尻富士町鴛泊字野塚,92
01519-4503-13.zip,202602101146,利尻郡利尻富士町鴛泊字野塚,筆界未定地-33,利尻郡利尻富士町鴛泊字野塚,32-1
01519-4503-13.zip,202602101146,利尻郡利尻富士町鴛泊字野塚,筆界未定地-33,利尻郡利尻富士町鴛泊字野塚,32-3
01519-4503-13.zip,202602101146,利尻郡利尻富士町鴛泊字野塚,筆界未定地-33,利尻郡利尻富士町鴛泊字野塚,32-4
01519-4503-13.zip,202602101146,利尻郡利尻富士町鴛泊字野塚,筆界未定地-33,利尻郡利尻富士町鴛泊字野塚,32-5
01519-4503-13.zip,202602101146,利尻郡利尻富士町鴛泊字野塚,筆界未定地-33,利尻郡利尻富士町鴛泊字野塚,32-6
01519-4503-13.zip,202602101146,利尻郡利尻富士町鴛泊字野塚,筆界未定地-33,利尻郡利尻富士町鴛泊字野塚,32-7
01519-4503-13.zip,202602101146,利尻郡利尻富士町鴛泊字野塚,筆界未定地-33,利尻郡利尻富士町鴛泊字野塚,32-8
01519-4503-13.zip,202602101146,利尻郡利尻富士町鴛泊字野塚,筆界未定地-33,利尻郡利尻富士町鴛泊字野塚,32-9
01519-4503-13.zip,202602101146,利尻郡利尻富士町鴛泊字野塚,筆界未定地-33,利尻郡利尻富士町鴛泊字野塚,32-10
01519-4503-13.zip,202602101146,利尻郡利尻富士町鴛泊字野塚,筆界未定地-33,利尻郡利尻富士町鴛泊字野塚,32-11
01519-4503-13.zip,202602101146,利尻郡利尻富士町鴛泊字野塚,筆界未定地-33,利尻郡利尻富士町鴛泊字野塚,32-12
01519-4503-13.zip,202602101146,利尻郡利尻富士町鴛泊字野塚,筆界未定地-33,利尻郡利尻富士町鴛泊字野塚,32-13
01519-4503-13.zip,202602101146,利尻郡利尻富士町鴛泊字野塚,筆界未定地-33,利尻郡利尻富士町鴛泊字野塚,32-14
01519-4503-13.zip,202602101146,利尻郡利尻富士町鴛泊字野塚,筆界未定地-33,利尻郡利尻富士町鴛泊字野塚,32-15
01519-4503-13.zip,202602101146,利尻郡利尻富士町鴛泊字野塚,筆界未定地-33,利尻郡利尻富士町鴛泊字野塚,32-16
01519-4503-13.zip,202602101146,利尻郡利尻富士町鴛泊字野塚,筆界未定地-33,利尻郡利尻富士町鴛泊字野塚,32-17
01519-4503-13.zip,202602101146,利尻郡利尻富士町鴛泊字野塚,筆界未定地-33,利尻郡利尻富士町鴛泊字野塚,32-18
01519-4503-13.zip,202602101146,利尻郡利尻富士町鴛泊字野塚,筆界未定地-33,利尻郡利尻富士町鴛泊字野塚,32-19
01519-4503-13.zip,202602101146,利尻郡利尻富士町鴛泊字野塚,筆界未定地-33,利尻郡利尻富士町鴛泊字野塚,32-20
01519-4503-13.zip,202602101146,利尻郡利尻富士町鴛泊字野塚,筆界未定地-33,利尻郡利尻富士町鴛泊字野塚,32-21
01519-4503-13.zip,202602101146,利尻郡利尻富士町鴛泊字野塚,筆界未定地-34,利尻郡利尻富士町鴛泊字野塚,62
01519-4503-13.zip,202602101146,利尻郡利尻富士町鴛泊字野塚,筆界未定地-34,利尻郡利尻富士町鴛泊字野塚,65
01519-4503-13.zip,202602101146,利尻郡利尻富士町鴛泊字野塚,筆界未定地-34,利尻郡利尻富士町鴛泊字野塚,65-1
01519-4503-13.zip,202602101146,利尻郡利尻富士町鴛泊字野塚,筆界未定地-35,利尻郡利尻富士町鴛泊字野塚,7
01519-4503-13.zip,202602101146,利尻郡利尻富士町鴛泊字野塚,筆界未定地-35,利尻郡利尻富士町鴛泊字野塚,8
01519-4503-13.zip,202602101146,利尻郡利尻富士町鴛泊字野塚,筆界未定地-36,利尻郡利尻富士町鴛泊字野塚,15
01519-4503-13.zip,202602101146,利尻郡利尻富士町鴛泊字野塚,筆界未定地-36,利尻郡利尻富士町鴛泊字野塚,15-1
01519-4503-13.zip,202602101146,利尻郡利尻富士町鴛泊字野塚,筆界未定地-37,利尻郡利尻富士町鴛泊字野塚,26
01519-4503-13.zip,202602101146,利尻郡利尻富士町鴛泊字野塚,筆界未定地-37,利尻郡利尻富士町鴛泊字野塚,27
01519-4503-13.zip,202602101146,利尻郡利尻富士町鴛泊字雄忠志内,筆界未定地-38,利尻郡利尻富士町鴛泊字雄忠志内,236-1
01519-4503-13.zip,202602101146,利尻郡利尻富士町鴛泊字雄忠志内,筆界未定地-38,利尻郡利尻富士町鴛泊字雄忠志内,236-2
01519-4503-13.zip,202602101146,利尻郡利尻富士町鴛泊字雄忠志内,筆界未定地-39,利尻郡利尻富士町鴛泊字雄忠志内,232-1
01519-4503-13.zip,202602101146,利尻郡利尻富士町鴛泊字雄忠志内,筆界未定地-39,利尻郡利尻富士町鴛泊字雄忠志内,232-2
01519-4503-13.zip,202602101146,利尻郡利尻富士町鴛泊字雄忠志内,筆界未定地-40,利尻郡利尻富士町鴛泊字雄忠志内,231-3
01519-4503-13.zip,202602101146,利尻郡利尻富士町鴛泊字雄忠志内,筆界未定地-40,利尻郡利尻富士町鴛泊字雄忠志内,231-4
01519-4503-13.zip,202602101146,利尻郡利尻富士町鴛泊字雄忠志内,筆界未定地-42,利尻郡利尻富士町鴛泊字雄忠志内,208-4
01519-4503-13.zip,202602101146,利尻郡利尻富士町鴛泊字雄忠志内,筆界未定地-42,利尻郡利尻富士町鴛泊字雄忠志内,208-5
01519-4503-13.zip,202602101146,利尻郡利尻富士町鴛泊字雄忠志内,筆界未定地-43,利尻郡利尻富士町鴛泊字雄忠志内,225
01519-4503-13.zip,202602101146,利尻郡利尻富士町鴛泊字雄忠志内,筆界未定地-43,利尻郡利尻富士町鴛泊字雄忠志内,道-11
01519-4503-13.zip,202602101146,利尻郡利尻富士町鴛泊字雄忠志内,筆界未定地-44,利尻郡利尻富士町鴛泊字雄忠志内,199
01519-4503-13.zip,202602101146,利尻郡利尻富士町鴛泊字雄忠志内,筆界未定地-44,利尻郡利尻富士町鴛泊字雄忠志内,200
01519-4503-13.zip,202602101146,利尻郡利尻富士町鴛泊字雄忠志内,筆界未定地-45,利尻郡利尻富士町鴛泊字雄忠志内,129-1
01519-4503-13.zip,202602101146,利尻郡利尻富士町鴛泊字雄忠志内,筆界未定地-45,利尻郡利尻富士町鴛泊字雄忠志内,136-1
01519-4503-13.zip,202602101146,利尻郡利尻富士町鴛泊字雄忠志内,筆界未定地-46,利尻郡利尻富士町鴛泊字雄忠志内,137
01519-4503-13.zip,202602101146,利尻郡利尻富士町鴛泊字雄忠志内,筆界未定地-46,利尻郡利尻富士町鴛泊字雄忠志内,道-12
01519-4503-13.zip,202602101146,利尻郡利尻富士町鴛泊字雄忠志内,筆界未定地-47,利尻郡利尻富士町鴛泊字雄忠志内,138
01519-4503-13.zip,202602101146,利尻郡利尻富士町鴛泊字雄忠志内,筆界未定地-47,利尻郡利尻富士町鴛泊字雄忠志内,道-13
01519-4503-13.zip,202602101146,利尻郡利尻富士町鴛泊字雄忠志内,筆界未定地-48,利尻郡利尻富士町鴛泊字雄忠志内,88-1
01519-4503-13.zip,202602101146,利尻郡利尻富士町鴛泊字雄忠志内,筆界未定地-48,利尻郡利尻富士町鴛泊字雄忠志内,88-2
01519-4503-13.zip,202602101146,利尻郡利尻富士町鴛泊字雄忠志内,筆界未定地-49,利尻郡利尻富士町鴛泊字雄忠志内,86
01519-4503-13.zip,202602101146,利尻郡利尻富士町鴛泊字雄忠志内,筆界未定地-49,利尻郡利尻富士町鴛泊字雄忠志内,道-14
01519-4503-13.zip,202602101146,利尻郡利尻富士町鴛泊字雄忠志内,筆界未定地-50,利尻郡利尻富士町鴛泊字雄忠志内,70
01519-4503-13.zip,202602101146,利尻郡利尻富士町鴛泊字雄忠志内,筆界未定地-50,利尻郡利尻富士町鴛泊字雄忠志内,71
01519-4503-13.zip,202602101146,利尻郡利尻富士町鴛泊字雄忠志内,筆界未定地-50,利尻郡利尻富士町鴛泊字雄忠志内,道-15
01519-4503-13.zip,202602101146,利尻郡利尻富士町鴛泊字雄忠志内,筆界未定地-51,利尻郡利尻富士町鴛泊字雄忠志内,44
01519-4503-13.zip,202602101146,利尻郡利尻富士町鴛泊字雄忠志内,筆界未定地-51,利尻郡利尻富士町鴛泊字雄忠志内,45
01519-4503-13.zip,202602101146,利尻郡利尻富士町鴛泊字雄忠志内,筆界未定地-52,利尻郡利尻富士町鴛泊字雄忠志内,16-1
01519-4503-13.zip,202602101146,利尻郡利尻富士町鴛泊字雄忠志内,筆界未定地-52,利尻郡利尻富士町鴛泊字雄忠志内,16-2
01519-4503-13.zip,202602101146,利尻郡利尻富士町鴛泊字雄忠志内,筆界未定地-52,利尻郡利尻富士町鴛泊字雄忠志内,道-16
01519-4503-13.zip,202602101146,利尻郡利尻富士町鴛泊字雄忠志内,筆界未定地-53,利尻郡利尻富士町鴛泊字雄忠志内,40
01519-4503-13.zip,202602101146,利尻郡利尻富士町鴛泊字雄忠志内,筆界未定地-53,利尻郡利尻富士町鴛泊字雄忠志内,道-17
01519-4503-13.zip,202602101146,利尻郡利尻富士町鴛泊字雄忠志内,筆界未定地-54,利尻郡利尻富士町鴛泊字雄忠志内,26-1
01519-4503-13.zip,202602101146,利尻郡利尻富士町鴛泊字雄忠志内,筆界未定地-54,利尻郡利尻富士町鴛泊字雄忠志内,道-18
01519-4503-13.zip,202602101146,利尻郡利尻富士町鴛泊字雄忠志内,筆界未定地-55,利尻郡利尻富士町鴛泊字雄忠志内,26-3
01519-4503-13.zip,202602101146,利尻郡利尻富士町鴛泊字雄忠志内,筆界未定地-55,利尻郡利尻富士町鴛泊字雄忠志内,道-19
01519-4503-13.zip,202602101146,利尻郡利尻富士町鴛泊字雄忠志内,筆界未定地-56,利尻郡利尻富士町鴛泊字雄忠志内,29-1
01519-4503-13.zip,202602101146,利尻郡利尻富士町鴛泊字雄忠志内,筆界未定地-56,利尻郡利尻富士町鴛泊字雄忠志内,29-2
01519-4503-13.zip,202602101146,利尻郡利尻富士町鴛泊字雄忠志内,筆界未定地-56,利尻郡利尻富士町鴛泊字雄忠志内,29-3
01519-4503-13.zip,202602101146,利尻郡利尻富士町鴛泊字雄忠志内,筆界未定地-56,利尻郡利尻富士町鴛泊字雄忠志内,道-20
01519-4503-13.zip,202602101146,利尻郡利尻富士町鴛泊字雄忠志内,筆界未定地-57,利尻郡利尻富士町鴛泊字雄忠志内,30
01519-4503-13.zip,202602101146,利尻郡利尻富士町鴛泊字雄忠志内,筆界未定地-57,利尻郡利尻富士町鴛泊字雄忠志内,道-21
01519-4503-13.zip,202602101146,利尻郡利尻富士町鴛泊字雄忠志内,筆界未定地-58,利尻郡利尻富士町鴛泊字雄忠志内,37
01519-4503-13.zip,202602101146,利尻郡利尻富士町鴛泊字雄忠志内,筆界未定地-58,利尻郡利尻富士町鴛泊字雄忠志内,道-22
01519-4503-13.zip,202602101146,利尻郡利尻富士町鴛泊字雄忠志内,筆界未定地-59,利尻郡利尻富士町鴛泊字雄忠志内,15-1
01519-4503-13.zip,202602101146,利尻郡利尻富士町鴛泊字雄忠志内,筆界未定地-59,利尻郡利尻富士町鴛泊字雄忠志内,15-2
01519-4503-13.zip,202602101146,利尻郡利尻富士町鴛泊字雄忠志内,筆界未定地-59,利尻郡利尻富士町鴛泊字雄忠志内,15-3
01519-4503-13.zip,202602101146,利尻郡利尻富士町鴛泊字雄忠志内,筆界未定地-59,利尻郡利尻富士町鴛泊字雄忠志内,道-23
01519-4503-13.zip,202602101146,利尻郡利尻富士町鴛泊字湾内,筆界未定地-61,利尻郡利尻富士町鴛泊字湾内,5-1
01519-4503-13.zip,202602101146,利尻郡利尻富士町鴛泊字湾内,筆界未定地-61,利尻郡利尻富士町鴛泊字湾内,5-2
01519-4503-13.zip,202602101146,利尻郡利尻富士町鴛泊字湾内,筆界未定地-62,利尻郡利尻富士町鴛泊字湾内,7-1
01519-4503-13.zip,202602101146,利尻郡利尻富士町鴛泊字湾内,筆界未定地-62,利尻郡利尻富士町鴛泊字湾内,7-2
01519-4503-13.zip,202602101146,利尻郡利尻富士町鴛泊字湾内,筆界未定地-62,利尻郡利尻富士町鴛泊字湾内,7-3
01519-4503-13.zip,202602101146,利尻郡利尻富士町鴛泊字湾内,筆界未定地-63,利尻郡利尻富士町鴛泊字湾内,4-1
01519-4503-13.zip,202602101146,利尻郡利尻富士町鴛泊字湾内,筆界未定地-63,利尻郡利尻富士町鴛泊字湾内,4-2
01519-4503-13.zip,202602101146,利尻郡利尻富士町鴛泊字湾内,筆界未定地-63,利尻郡利尻富士町鴛泊字湾内,4-3
01519-4503-13.zip,202602101146,利尻郡利尻富士町鴛泊字湾内,筆界未定地-64,利尻郡利尻富士町鴛泊字湾内,86-1
01519-4503-13.zip,202602101146,利尻郡利尻富士町鴛泊字湾内,筆界未定地-64,利尻郡利尻富士町鴛泊字湾内,86-2
01519-4503-13.zip,202602101146,利尻郡利尻富士町鴛泊字湾内,筆界未定地-65,利尻郡利尻富士町鴛泊字湾内,81-1
01519-4503-13.zip,202602101146,利尻郡利尻富士町鴛泊字湾内,筆界未定地-65,利尻郡利尻富士町鴛泊字湾内,81-2
01519-4503-13.zip,202602101146,利尻郡利尻富士町鴛泊字湾内,筆界未定地-66,利尻郡利尻富士町鴛泊字湾内,89
01519-4503-13.zip,202602101146,利尻郡利尻富士町鴛泊字湾内,筆界未定地-66,利尻郡利尻富士町鴛泊字湾内,道-24
01519-4503-13.zip,202602101146,利尻郡利尻富士町鴛泊字湾内,筆界未定地-67,利尻郡利尻富士町鴛泊字湾内,90
01519-4503-13.zip,202602101146,利尻郡利尻富士町鴛泊字湾内,筆界未定地-67,利尻郡利尻富士町鴛泊字湾内,91
01519-4503-13.zip,202602101146,利尻郡利尻富士町鴛泊字雄忠志内,長狭物不明-3,,
01519-4503-13.zip,202602101146,利尻郡利尻富士町鴛泊字湾内,水-2,,
01519-4503-13.zip,202602101146,利尻郡利尻富士町鴛泊字湾内,水-3,,
01519-4503-13.zip,202602101146,利尻郡利尻富士町鴛泊字湾内,水-4,,
01519-4503-13.zip,202602101146,利尻郡利尻富士町鴛泊字湾内,水-5,,
01519-4503-13.zip,202602101146,利尻郡利尻富士町鴛泊字湾内,水-6,,
01519-4503-13.zip,202602101146,利尻郡利尻富士町鴛泊字湾内,水-7,,
01519-4503-13.zip,202602101146,利尻郡利尻富士町鴛泊字湾内,道-27,,
01519-4503-13.zip,202602101146,利尻郡利尻富士町鴛泊字湾内,93-2,,
01519-4503-13.zip,202602101146,利尻郡利尻富士町鴛泊字湾内,92-8,,
01519-4503-13.zip,202602101146,利尻郡利尻富士町鴛泊字湾内,92-6,,
01519-4503-13.zip,202602101146,利尻郡利尻富士町鴛泊字湾内,92-5,,
01519-4503-13.zip,202602101146,利尻郡利尻富士町鴛泊字湾内,92-4,,
01519-4503-13.zip,202602101146,利尻郡利尻富士町鴛泊字湾内,92-3,,
01519-4503-13.zip,202602101146,利尻郡利尻富士町鴛泊字湾内,92-2,,
01519-4503-13.zip,202602101146,利尻郡利尻富士町鴛泊字湾内,92-7,,
01519-4503-13.zip,202602101146,利尻郡利尻富士町鴛泊字湾内,93-1,,
01519-4503-13.zip,202602101146,利尻郡利尻富士町鴛泊字湾内,93-4,,
01519-4503-13.zip,202602101146,利尻郡利尻富士町鴛泊字湾内,93-3,,
01519-4503-13.zip,202602101146,利尻郡利尻富士町鴛泊字湾内,92-1,,
01519-4503-13.zip,202602101146,利尻郡利尻富士町鴛泊字湾内,88-2,,
01519-4503-13.zip,202602101146,利尻郡利尻富士町鴛泊字湾内,84-3,,
01519-4503-13.zip,202602101146,利尻郡利尻富士町鴛泊字湾内,84-4,,
01519-4503-13.zip,202602101146,利尻郡利尻富士町鴛泊字湾内,80,,
01519-4503-13.zip,202602101146,利尻郡利尻富士町鴛泊字湾内,84-2,,
01519-4503-13.zip,202602101146,利尻郡利尻富士町鴛泊字湾内,84-1,,
01519-4503-13.zip,202602101146,利尻郡利尻富士町鴛泊字湾内,88-1,,
01519-4503-13.zip,202602101146,利尻郡利尻富士町鴛泊字湾内,87-1,,
01519-4503-13.zip,202602101146,利尻郡利尻富士町鴛泊字湾内,87-2,,
01519-4503-13.zip,202602101146,利尻郡利尻富士町鴛泊字湾内,79,,
01519-4503-13.zip,202602101146,利尻郡利尻富士町鴛泊字湾内,77,,
01519-4503-13.zip,202602101146,利尻郡利尻富士町鴛泊字湾内,76V1,,
01519-4503-13.zip,202602101146,利尻郡利尻富士町鴛泊字湾内,74-2,,
01519-4503-13.zip,202602101146,利尻郡利尻富士町鴛泊字湾内,75-3,,
01519-4503-13.zip,202602101146,利尻郡利尻富士町鴛泊字湾内,76V2,,
01519-4503-13.zip,202602101146,利尻郡利尻富士町鴛泊字湾内,75-2,,
01519-4503-13.zip,202602101146,利尻郡利尻富士町鴛泊字湾内,長狭物不明-4,,
01519-4503-13.zip,202602101146,利尻郡利尻富士町鴛泊字湾内,長狭物不明-5,,
01519-4503-13.zip,202602101146,利尻郡利尻富士町鴛泊字湾内,78,,
01519-4503-13.zip,202602101146,利尻郡利尻富士町鴛泊字湾内,75-1,,
01519-4503-13.zip,202602101146,利尻郡利尻富士町鴛泊字湾内,73,,
01519-4503-13.zip,202602101146,利尻郡利尻富士町鴛泊字湾内,74-1,,
01519-4503-13.zip,202602101146,利尻郡利尻富士町鴛泊字野塚,道-28,,
01519-4503-13.zip,202602101146,利尻郡利尻富士町鴛泊字雄忠志内,道-32,,
01519-4503-13.zip,202602101146,利尻郡利尻富士町鴛泊字湾内,298,,
01519-4503-13.zip,202602101146,利尻郡利尻富士町鴛泊字湾内,266,,
01519-4503-13.zip,202602101146,利尻郡利尻富士町鴛泊字湾内,268,,
01519-4503-13.zip,202602101146,利尻郡利尻富士町鴛泊字湾内,道-33,,
01519-4503-13.zip,202602101146,利尻郡利尻富士町鴛泊字湾内,長狭物不明-6,,
01519-4503-13.zip,202602101146,利尻郡利尻富士町鴛泊字湾内,長狭物不明-7,,
01519-4503-13.zip,202602101146,利尻郡利尻富士町鴛泊字湾内,長狭物不明-8,,
01519-4503-13.zip,202602101146,利尻郡利尻富士町鴛泊字湾内,長狭物不明-9,,
01519-4503-13.zip,202602101146,利尻郡利尻富士町鴛泊字湾内,長狭物不明-10,,
01519-4503-13.zip,202602101146,利尻郡利尻富士町鴛泊字湾内,長狭物不明-11,,
01519-4503-13.zip,202602101146,利尻郡利尻富士町鴛泊字湾内,3,,
01519-4503-13.zip,202602101146,利尻郡利尻富士町鴛泊字湾内,1,,
01519-4503-13.zip,202602101146,利尻郡利尻富士町鴛泊字湾内,2-1,,
01519-4503-13.zip,202602101146,利尻郡利尻富士町鴛泊字湾内,2-2,,
01519-4503-13.zip,202602101146,利尻郡利尻富士町鴛泊字湾内,6,,
01519-4503-13.zip,202602101146,利尻郡利尻富士町鴛泊字野塚,1-1,,
01519-4503-13.zip,202602101146,利尻郡利尻富士町鴛泊字野塚,1-2,,
01519-4503-13.zip,202602101146,利尻郡利尻富士町鴛泊字雄忠志内,道-34,,
01519-4503-13.zip,202602101146,利尻郡利尻富士町鴛泊字雄忠志内,6,,
01519-4503-13.zip,202602101146,利尻郡利尻富士町鴛泊字雄忠志内,7,,
01519-4503-13.zip,202602101146,利尻郡利尻富士町鴛泊字雄忠志内,1-2,,
01519-4503-13.zip,202602101146,利尻郡利尻富士町鴛泊字雄忠志内,9-2,,
01519-4503-13.zip,202602101146,利尻郡利尻富士町鴛泊字雄忠志内,道-36,,
01519-4503-13.zip,202602101146,利尻郡利尻富士町鴛泊字雄忠志内,5-2,,
01519-4503-13.zip,202602101146,利尻郡利尻富士町鴛泊字雄忠志内,道-38,,
01519-4503-13.zip,202602101146,利尻郡利尻富士町鴛泊字雄忠志内,1-1,,
01519-4503-13.zip,202602101146,利尻郡利尻富士町鴛泊字雄忠志内,道-39,,
01519-4503-13.zip,202602101146,利尻郡利尻富士町鴛泊字雄忠志内,道-40,,
01519-4503-13.zip,202602101146,利尻郡利尻富士町鴛泊字雄忠志内,11-2,,
01519-4503-13.zip,202602101146,利尻郡利尻富士町鴛泊字雄忠志内,11-3,,
01519-4503-13.zip,202602101146,利尻郡利尻富士町鴛泊字雄忠志内,11-4,,
01519-4503-13.zip,202602101146,利尻郡利尻富士町鴛泊字雄忠志内,12-4,,
01519-4503-13.zip,202602101146,利尻郡利尻富士町鴛泊字雄忠志内,長狭物不明-13,,
01519-4503-13.zip,202602101146,利尻郡利尻富士町鴛泊字雄忠志内,8,,
01519-4503-13.zip,202602101146,利尻郡利尻富士町鴛泊字雄忠志内,13-2,,
01519-4503-13.zip,202602101146,利尻郡利尻富士町鴛泊字雄忠志内,13-7,,
01519-4503-13.zip,202602101146,利尻郡利尻富士町鴛泊字雄忠志内,13-5,,
01519-4503-13.zip,202602101146,利尻郡利尻富士町鴛泊字雄忠志内,13-4,,
01519-4503-13.zip,202602101146,利尻郡利尻富士町鴛泊字雄忠志内,12-5,,
01519-4503-13.zip,202602101146,利尻郡利尻富士町鴛泊字雄忠志内,13-6,,
01519-4503-13.zip,202602101146,利尻郡利尻富士町鴛泊字雄忠志内,12-3,,
01519-4503-13.zip,202602101146,利尻郡利尻富士町鴛泊字雄忠志内,12-7,,
01519-4503-13.zip,202602101146,利尻郡利尻富士町鴛泊字雄忠志内,12-2,,
01519-4503-13.zip,202602101146,利尻郡利尻富士町鴛泊字雄忠志内,12-6,,
01519-4503-13.zip,202602101146,利尻郡利尻富士町鴛泊字雄忠志内,道-41,,
01519-4503-13.zip,202602101146,利尻郡利尻富士町鴛泊字雄忠志内,長狭物不明-14,,
01519-4503-13.zip,202602101146,利尻郡利尻富士町鴛泊字雄忠志内,水-8,,
01519-4503-13.zip,202602101146,利尻郡利尻富士町鴛泊字雄忠志内,水-9,,
01519-4503-13.zip,202602101146,利尻郡利尻富士町鴛泊字雄忠志内,水-10,,
01519-4503-13.zip,202602101146,利尻郡利尻富士町鴛泊字雄忠志内,道-42,,
01519-4503-13.zip,202602101146,利尻郡利尻富士町鴛泊字雄忠志内,道-43,,
01519-4503-13.zip,202602101146,利尻郡利尻富士町鴛泊字雄忠志内,24-2,,
01519-4503-13.zip,202602101146,利尻郡利尻富士町鴛泊字雄忠志内,24-1,,
01519-4503-13.zip,202602101146,利尻郡利尻富士町鴛泊字雄忠志内,25-4,,
01519-4503-13.zip,202602101146,利尻郡利尻富士町鴛泊字雄忠志内,長狭物不明-15,,
01519-4503-13.zip,202602101146,利尻郡利尻富士町鴛泊字雄忠志内,25-6,,
01519-4503-13.zip,202602101146,利尻郡利尻富士町鴛泊字雄忠志内,25-7,,
01519-4503-13.zip,202602101146,利尻郡利尻富士町鴛泊字雄忠志内,38-2,,
01519-4503-13.zip,202602101146,利尻郡利尻富士町鴛泊字雄忠志内,39,,
01519-4503-13.zip,202602101146,利尻郡利尻富士町鴛泊字雄忠志内,38-1,,
01519-4503-13.zip,202602101146,利尻郡利尻富士町鴛泊字雄忠志内,25-1,,
01519-4503-13.zip,202602101146,利尻郡利尻富士町鴛泊字雄忠志内,43-1,,
01519-4503-13.zip,202602101146,利尻郡利尻富士町鴛泊字雄忠志内,43-2,,
01519-4503-13.zip,202602101146,利尻郡利尻富士町鴛泊字雄忠志内,26-2,,
01519-4503-13.zip,202602101146,利尻郡利尻富士町鴛泊字雄忠志内,26-4,,
01519-4503-13.zip,202602101146,利尻郡利尻富士町鴛泊字雄忠志内,25-8,,
01519-4503-13.zip,202602101146,利尻郡利尻富士町鴛泊字雄忠志内,25-3,,
01519-4503-13.zip,202602101146,利尻郡利尻富士町鴛泊字雄忠志内,25-10,,
01519-4503-13.zip,202602101146,利尻郡利尻富士町鴛泊字雄忠志内,25-5,,
01519-4503-13.zip,202602101146,利尻郡利尻富士町鴛泊字雄忠志内,25-2,,
01519-4503-13.zip,202602101146,利尻郡利尻富士町鴛泊字雄忠志内,25-9,,
01519-4503-13.zip,202602101146,利尻郡利尻富士町鴛泊字雄忠志内,25-11,,
01519-4503-13.zip,202602101146,利尻郡利尻富士町鴛泊字雄忠志内,18-1,,
01519-4503-13.zip,202602101146,利尻郡利尻富士町鴛泊字雄忠志内,19,,
01519-4503-13.zip,202602101146,利尻郡利尻富士町鴛泊字雄忠志内,21-2,,
01519-4503-13.zip,202602101146,利尻郡利尻富士町鴛泊字雄忠志内,34,,
01519-4503-13.zip,202602101146,利尻郡利尻富士町鴛泊字雄忠志内,35-1,,
01519-4503-13.zip,202602101146,利尻郡利尻富士町鴛泊字雄忠志内,42-1,,
01519-4503-13.zip,202602101146,利尻郡利尻富士町鴛泊字雄忠志内,道-44,,
01519-4503-13.zip,202602101146,利尻郡利尻富士町鴛泊字雄忠志内,道-45,,
01519-4503-13.zip,202602101146,利尻郡利尻富士町鴛泊字雄忠志内,31,,
01519-4503-13.zip,202602101146,利尻郡利尻富士町鴛泊字雄忠志内,32-1,,
01519-4503-13.zip,202602101146,利尻郡利尻富士町鴛泊字雄忠志内,33,,
01519-4503-13.zip,202602101146,利尻郡利尻富士町鴛泊字雄忠志内,35-2,,
01519-4503-13.zip,202602101146,利尻郡利尻富士町鴛泊字雄忠志内,道-46,,
01519-4503-13.zip,202602101146,利尻郡利尻富士町鴛泊字雄忠志内,道-47,,
01519-4503-13.zip,202602101146,利尻郡利尻富士町鴛泊字雄忠志内,41,,
01519-4503-13.zip,202602101146,利尻郡利尻富士町鴛泊字雄忠志内,42-2,,
01519-4503-13.zip,202602101146,利尻郡利尻富士町鴛泊字雄忠志内,32-2,,
01519-4503-13.zip,202602101146,利尻郡利尻富士町鴛泊字雄忠志内,36,,
01519-4503-13.zip,202602101146,利尻郡利尻富士町鴛泊字雄忠志内,22-2,,
01519-4503-13.zip,202602101146,利尻郡利尻富士町鴛泊字雄忠志内,道-48,,
01519-4503-13.zip,202602101146,利尻郡利尻富士町鴛泊字雄忠志内,道-49,,
01519-4503-13.zip,202602101146,利尻郡利尻富士町鴛泊字雄忠志内,23-2,,
01519-4503-13.zip,202602101146,利尻郡利尻富士町鴛泊字雄忠志内,23-1,,
01519-4503-13.zip,202602101146,利尻郡利尻富士町鴛泊字雄忠志内,20-1,,
01519-4503-13.zip,202602101146,利尻郡利尻富士町鴛泊字雄忠志内,22-4,,
01519-4503-13.zip,202602101146,利尻郡利尻富士町鴛泊字雄忠志内,28-5,,
01519-4503-13.zip,202602101146,利尻郡利尻富士町鴛泊字雄忠志内,22-5,,
01519-4503-13.zip,202602101146,利尻郡利尻富士町鴛泊字雄忠志内,27-3,,
01519-4503-13.zip,202602101146,利尻郡利尻富士町鴛泊字雄忠志内,22-1,,
01519-4503-13.zip,202602101146,利尻郡利尻富士町鴛泊字雄忠志内,22-3,,
01519-4503-13.zip,202602101146,利尻郡利尻富士町鴛泊字雄忠志内,27-8,,
01519-4503-13.zip,202602101146,利尻郡利尻富士町鴛泊字雄忠志内,27-6,,
01519-4503-13.zip,202602101146,利尻郡利尻富士町鴛泊字雄忠志内,23-3,,
01519-4503-13.zip,202602101146,利尻郡利尻富士町鴛泊字雄忠志内,27-2,,
01519-4503-13.zip,202602101146,利尻郡利尻富士町鴛泊字雄忠志内,27-5,,
01519-4503-13.zip,202602101146,利尻郡利尻富士町鴛泊字雄忠志内,28-2,,
01519-4503-13.zip,202602101146,利尻郡利尻富士町鴛泊字雄忠志内,道-50,,
01519-4503-13.zip,202602101146,利尻郡利尻富士町鴛泊字雄忠志内,28-1,,
01519-4503-13.zip,202602101146,利尻郡利尻富士町鴛泊字雄忠志内,27-1,,
01519-4503-13.zip,202602101146,利尻郡利尻富士町鴛泊字雄忠志内,道-51,,
01519-4503-13.zip,202602101146,利尻郡利尻富士町鴛泊字雄忠志内,27-4,,
01519-4503-13.zip,202602101146,利尻郡利尻富士町鴛泊字雄忠志内,28-4,,
01519-4503-13.zip,202602101146,利尻郡利尻富士町鴛泊字雄忠志内,28-3,,
01519-4503-13.zip,202602101146,利尻郡利尻富士町鴛泊字雄忠志内,27-7,,
01519-4503-13.zip,202602101146,利尻郡利尻富士町鴛泊字雄忠志内,17-2,,
01519-4503-13.zip,202602101146,利尻郡利尻富士町鴛泊字雄忠志内,18-2,,
01519-4503-13.zip,202602101146,利尻郡利尻富士町鴛泊字雄忠志内,17-1,,
01519-4503-13.zip,202602101146,利尻郡利尻富士町鴛泊字雄忠志内,21-3,,
01519-4503-13.zip,202602101146,利尻郡利尻富士町鴛泊字雄忠志内,21-1,,
01519-4503-13.zip,202602101146,利尻郡利尻富士町鴛泊字雄忠志内,20-2,,
01519-4503-13.zip,202602101146,利尻郡利尻富士町鴛泊字雄忠志内,長狭物不明-16,,
01519-4503-13.zip,202602101146,利尻郡利尻富士町鴛泊字雄忠志内,道-52,,
01519-4503-13.zip,202602101146,利尻郡利尻富士町鴛泊字雄忠志内,362,,
01519-4503-13.zip,202602101146,利尻郡利尻富士町鴛泊字雄忠志内,道-53,,
01519-4503-13.zip,202602101146,利尻郡利尻富士町鴛泊字雄忠志内,46-1,,
01519-4503-13.zip,202602101146,利尻郡利尻富士町鴛泊字雄忠志内,道-54,,
01519-4503-13.zip,202602101146,利尻郡利尻富士町鴛泊字雄忠志内,54,,
01519-4503-13.zip,202602101146,利尻郡利尻富士町鴛泊字雄忠志内,55,,
01519-4503-13.zip,202602101146,利尻郡利尻富士町鴛泊字雄忠志内,長狭物不明-17,,
01519-4503-13.zip,202602101146,利尻郡利尻富士町鴛泊字雄忠志内,53,,
01519-4503-13.zip,202602101146,利尻郡利尻富士町鴛泊字雄忠志内,46-2,,
01519-4503-13.zip,202602101146,利尻郡利尻富士町鴛泊字雄忠志内,47-2,,
01519-4503-13.zip,202602101146,利尻郡利尻富士町鴛泊字雄忠志内,道-55,,
01519-4503-13.zip,202602101146,利尻郡利尻富士町鴛泊字雄忠志内,359W1,,
01519-4503-13.zip,202602101146,利尻郡利尻富士町鴛泊字雄忠志内,51-2,,
01519-4503-13.zip,202602101146,利尻郡利尻富士町鴛泊字雄忠志内,57-2,,
01519-4503-13.zip,202602101146,利尻郡利尻富士町鴛泊字雄忠志内,長狭物不明-18,,
01519-4503-13.zip,202602101146,利尻郡利尻富士町鴛泊字雄忠志内,57-1,,
01519-4503-13.zip,202602101146,利尻郡利尻富士町鴛泊字雄忠志内,58-2,,
01519-4503-13.zip,202602101146,利尻郡利尻富士町鴛泊字雄忠志内,58-1,,
01519-4503-13.zip,202602101146,利尻郡利尻富士町鴛泊字雄忠志内,50,,
01519-4503-13.zip,202602101146,利尻郡利尻富士町鴛泊字雄忠志内,59,,
01519-4503-13.zip,202602101146,利尻郡利尻富士町鴛泊字雄忠志内,51-1,,
01519-4503-13.zip,202602101146,利尻郡利尻富士町鴛泊字雄忠志内,52-1,,
01519-4503-13.zip,202602101146,利尻郡利尻富士町鴛泊字雄忠志内,52-2,,
01519-4503-13.zip,202602101146,利尻郡利尻富士町鴛泊字雄忠志内,47-1,,
01519-4503-13.zip,202602101146,利尻郡利尻富士町鴛泊字雄忠志内,47-3,,
01519-4503-13.zip,202602101146,利尻郡利尻富士町鴛泊字雄忠志内,道-56,,
01519-4503-13.zip,202602101146,利尻郡利尻富士町鴛泊字雄忠志内,道-57,,
01519-4503-13.zip,202602101146,利尻郡利尻富士町鴛泊字雄忠志内,56,,
01519-4503-13.zip,202602101146,利尻郡利尻富士町鴛泊字雄忠志内,361,,
01519-4503-13.zip,202602101146,利尻郡利尻富士町鴛泊字雄忠志内,47-4,,
01519-4503-13.zip,202602101146,利尻郡利尻富士町鴛泊字雄忠志内,49,,
01519-4503-13.zip,202602101146,利尻郡利尻富士町鴛泊字雄忠志内,48,,
01519-4503-13.zip,202602101146,利尻郡利尻富士町鴛泊字雄忠志内,359W2,,
01519-4503-13.zip,202602101146,利尻郡利尻富士町鴛泊字雄忠志内,道-58,,
01519-4503-13.zip,202602101146,利尻郡利尻富士町鴛泊字雄忠志内,道-59,,
01519-4503-13.zip,202602101146,利尻郡利尻富士町鴛泊字雄忠志内,67-1,,
01519-4503-13.zip,202602101146,利尻郡利尻富士町鴛泊字雄忠志内,67-3,,
01519-4503-13.zip,202602101146,利尻郡利尻富士町鴛泊字雄忠志内,67-2,,
01519-4503-13.zip,202602101146,利尻郡利尻富士町鴛泊字雄忠志内,72,,
01519-4503-13.zip,202602101146,利尻郡利尻富士町鴛泊字雄忠志内,69,,
01519-4503-13.zip,202602101146,利尻郡利尻富士町鴛泊字雄忠志内,道-60,,
01519-4503-13.zip,202602101146,利尻郡利尻富士町鴛泊字雄忠志内,68,,
01519-4503-13.zip,202602101146,利尻郡利尻富士町鴛泊字雄忠志内,65-1,,
01519-4503-13.zip,202602101146,利尻郡利尻富士町鴛泊字雄忠志内,65-2,,
01519-4503-13.zip,202602101146,利尻郡利尻富士町鴛泊字雄忠志内,道-61,,
01519-4503-13.zip,202602101146,利尻郡利尻富士町鴛泊字雄忠志内,74,,
01519-4503-13.zip,202602101146,利尻郡利尻富士町鴛泊字雄忠志内,64,,
01519-4503-13.zip,202602101146,利尻郡利尻富士町鴛泊字雄忠志内,63,,
01519-4503-13.zip,202602101146,利尻郡利尻富士町鴛泊字雄忠志内,75-2,,
01519-4503-13.zip,202602101146,利尻郡利尻富士町鴛泊字雄忠志内,73,,
01519-4503-13.zip,202602101146,利尻郡利尻富士町鴛泊字雄忠志内,360W1,,
01519-4503-13.zip,202602101146,利尻郡利尻富士町鴛泊字雄忠志内,道-62,,
01519-4503-13.zip,202602101146,利尻郡利尻富士町鴛泊字雄忠志内,長狭物不明-19,,
01519-4503-13.zip,202602101146,利尻郡利尻富士町鴛泊字雄忠志内,75-1,,
01519-4503-13.zip,202602101146,利尻郡利尻富士町鴛泊字雄忠志内,76-2,,
01519-4503-13.zip,202602101146,利尻郡利尻富士町鴛泊字雄忠志内,76-1,,
01519-4503-13.zip,202602101146,利尻郡利尻富士町鴛泊字雄忠志内,77,,
01519-4503-13.zip,202602101146,利尻郡利尻富士町鴛泊字雄忠志内,62,,
01519-4503-13.zip,202602101146,利尻郡利尻富士町鴛泊字雄忠志内,60,,
01519-4503-13.zip,202602101146,利尻郡利尻富士町鴛泊字雄忠志内,61,,
01519-4503-13.zip,202602101146,利尻郡利尻富士町鴛泊字雄忠志内,道-63,,
01519-4503-13.zip,202602101146,利尻郡利尻富士町鴛泊字雄忠志内,長狭物不明-20,,
01519-4503-13.zip,202602101146,利尻郡利尻富士町鴛泊字雄忠志内,81-2,,
01519-4503-13.zip,202602101146,利尻郡利尻富士町鴛泊字雄忠志内,道-64,,
01519-4503-13.zip,202602101146,利尻郡利尻富士町鴛泊字雄忠志内,道-65,,
01519-4503-13.zip,202602101146,利尻郡利尻富士町鴛泊字雄忠志内,道-66,,
01519-4503-13.zip,202602101146,利尻郡利尻富士町鴛泊字雄忠志内,道-67,,
01519-4503-13.zip,202602101146,利尻郡利尻富士町鴛泊字雄忠志内,81-1,,
01519-4503-13.zip,202602101146,利尻郡利尻富士町鴛泊字雄忠志内,道-68,,
01519-4503-13.zip,202602101146,利尻郡利尻富士町鴛泊字雄忠志内,360W2,,
01519-4503-13.zip,202602101146,利尻郡利尻富士町鴛泊字雄忠志内,80,,
01519-4503-13.zip,202602101146,利尻郡利尻富士町鴛泊字雄忠志内,91,,
01519-4503-13.zip,202602101146,利尻郡利尻富士町鴛泊字雄忠志内,78,,
01519-4503-13.zip,202602101146,利尻郡利尻富士町鴛泊字雄忠志内,道-69,,
01519-4503-13.zip,202602101146,利尻郡利尻富士町鴛泊字雄忠志内,90,,
01519-4503-13.zip,202602101146,利尻郡利尻富士町鴛泊字雄忠志内,95,,
01519-4503-13.zip,202602101146,利尻郡利尻富士町鴛泊字雄忠志内,89-2,,
01519-4503-13.zip,202602101146,利尻郡利尻富士町鴛泊字雄忠志内,79-1,,
01519-4503-13.zip,202602101146,利尻郡利尻富士町鴛泊字雄忠志内,79-2,,
01519-4503-13.zip,202602101146,利尻郡利尻富士町鴛泊字雄忠志内,長狭物不明-21,,
01519-4503-13.zip,202602101146,利尻郡利尻富士町鴛泊字雄忠志内,89-4,,
01519-4503-13.zip,202602101146,利尻郡利尻富士町鴛泊字雄忠志内,道-70,,
01519-4503-13.zip,202602101146,利尻郡利尻富士町鴛泊字雄忠志内,道-71,,
01519-4503-13.zip,202602101146,利尻郡利尻富士町鴛泊字雄忠志内,97-2,,
01519-4503-13.zip,202602101146,利尻郡利尻富士町鴛泊字雄忠志内,97-1,,
01519-4503-13.zip,202602101146,利尻郡利尻富士町鴛泊字雄忠志内,道-72,,
01519-4503-13.zip,202602101146,利尻郡利尻富士町鴛泊字雄忠志内,96-3,,
01519-4503-13.zip,202602101146,利尻郡利尻富士町鴛泊字雄忠志内,100-2,,
01519-4503-13.zip,202602101146,利尻郡利尻富士町鴛泊字雄忠志内,100-1,,
01519-4503-13.zip,202602101146,利尻郡利尻富士町鴛泊字雄忠志内,96-1,,
01519-4503-13.zip,202602101146,利尻郡利尻富士町鴛泊字雄忠志内,93,,
01519-4503-13.zip,202602101146,利尻郡利尻富士町鴛泊字雄忠志内,101,,
01519-4503-13.zip,202602101146,利尻郡利尻富士町鴛泊字雄忠志内,109,,
01519-4503-13.zip,202602101146,利尻郡利尻富士町鴛泊字雄忠志内,道-73,,
01519-4503-13.zip,202602101146,利尻郡利尻富士町鴛泊字雄忠志内,107-2,,
01519-4503-13.zip,202602101146,利尻郡利尻富士町鴛泊字雄忠志内,107-1,,
01519-4503-13.zip,202602101146,利尻郡利尻富士町鴛泊字雄忠志内,108-1,,
01519-4503-13.zip,202602101146,利尻郡利尻富士町鴛泊字雄忠志内,108-2,,
01519-4503-13.zip,202602101146,利尻郡利尻富士町鴛泊字雄忠志内,102-1,,
01519-4503-13.zip,202602101146,利尻郡利尻富士町鴛泊字雄忠志内,道-74,,
01519-4503-13.zip,202602101146,利尻郡利尻富士町鴛泊字雄忠志内,96-2,,
01519-4503-13.zip,202602101146,利尻郡利尻富士町鴛泊字雄忠志内,89-1,,
01519-4503-13.zip,202602101146,利尻郡利尻富士町鴛泊字雄忠志内,道-75,,
01519-4503-13.zip,202602101146,利尻郡利尻富士町鴛泊字雄忠志内,94,,
01519-4503-13.zip,202602101146,利尻郡利尻富士町鴛泊字雄忠志内,117W1,,
01519-4503-13.zip,202602101146,利尻郡利尻富士町鴛泊字雄忠志内,106,,
01519-4503-13.zip,202602101146,利尻郡利尻富士町鴛泊字雄忠志内,道-76,,
01519-4503-13.zip,202602101146,利尻郡利尻富士町鴛泊字雄忠志内,105,,
01519-4503-13.zip,202602101146,利尻郡利尻富士町鴛泊字雄忠志内,104,,
01519-4503-13.zip,202602101146,利尻郡利尻富士町鴛泊字雄忠志内,103,,
01519-4503-13.zip,202602101146,利尻郡利尻富士町鴛泊字雄忠志内,99,,
01519-4503-13.zip,202602101146,利尻郡利尻富士町鴛泊字雄忠志内,98-1,,
01519-4503-13.zip,202602101146,利尻郡利尻富士町鴛泊字雄忠志内,長狭物不明-22,,
01519-4503-13.zip,202602101146,利尻郡利尻富士町鴛泊字雄忠志内,道-77,,
01519-4503-13.zip,202602101146,利尻郡利尻富士町鴛泊字雄忠志内,87,,
01519-4503-13.zip,202602101146,利尻郡利尻富士町鴛泊字雄忠志内,85,,
01519-4503-13.zip,202602101146,利尻郡利尻富士町鴛泊字雄忠志内,84,,
01519-4503-13.zip,202602101146,利尻郡利尻富士町鴛泊字雄忠志内,82-1,,
01519-4503-13.zip,202602101146,利尻郡利尻富士町鴛泊字雄忠志内,82-2,,
01519-4503-13.zip,202602101146,利尻郡利尻富士町鴛泊字雄忠志内,98-2,,
01519-4503-13.zip,202602101146,利尻郡利尻富士町鴛泊字雄忠志内,道-78,,
01519-4503-13.zip,202602101146,利尻郡利尻富士町鴛泊字雄忠志内,道-79,,
01519-4503-13.zip,202602101146,利尻郡利尻富士町鴛泊字雄忠志内,89-3,,
01519-4503-13.zip,202602101146,利尻郡利尻富士町鴛泊字雄忠志内,102-2,,
01519-4503-13.zip,202602101146,利尻郡利尻富士町鴛泊字雄忠志内,136-3,,
01519-4503-13.zip,202602101146,利尻郡利尻富士町鴛泊字雄忠志内,136-2,,
01519-4503-13.zip,202602101146,利尻郡利尻富士町鴛泊字雄忠志内,110,,
01519-4503-13.zip,202602101146,利尻郡利尻富士町鴛泊字雄忠志内,111,,
01519-4503-13.zip,202602101146,利尻郡利尻富士町鴛泊字雄忠志内,113,,
01519-4503-13.zip,202602101146,利尻郡利尻富士町鴛泊字雄忠志内,114-1,,
01519-4503-13.zip,202602101146,利尻郡利尻富士町鴛泊字雄忠志内,道-80,,
01519-4503-13.zip,202602101146,利尻郡利尻富士町鴛泊字雄忠志内,115,,
01519-4503-13.zip,202602101146,利尻郡利尻富士町鴛泊字雄忠志内,119,,
01519-4503-13.zip,202602101146,利尻郡利尻富士町鴛泊字雄忠志内,126-2,,
01519-4503-13.zip,202602101146,利尻郡利尻富士町鴛泊字雄忠志内,130-2,,
01519-4503-13.zip,202602101146,利尻郡利尻富士町鴛泊字雄忠志内,139,,
01519-4503-13.zip,202602101146,利尻郡利尻富士町鴛泊字雄忠志内,135,,
01519-4503-13.zip,202602101146,利尻郡利尻富士町鴛泊字雄忠志内,140-2,,
01519-4503-13.zip,202602101146,利尻郡利尻富士町鴛泊字雄忠志内,140-1,,
01519-4503-13.zip,202602101146,利尻郡利尻富士町鴛泊字雄忠志内,141,,
01519-4503-13.zip,202602101146,利尻郡利尻富士町鴛泊字雄忠志内,133,,
01519-4503-13.zip,202602101146,利尻郡利尻富士町鴛泊字雄忠志内,134,,
01519-4503-13.zip,202602101146,利尻郡利尻富士町鴛泊字雄忠志内,132-1,,
01519-4503-13.zip,202602101146,利尻郡利尻富士町鴛泊字雄忠志内,130-1,,
01519-4503-13.zip,202602101146,利尻郡利尻富士町鴛泊字雄忠志内,125,,
01519-4503-13.zip,202602101146,利尻郡利尻富士町鴛泊字雄忠志内,123,,
01519-4503-13.zip,202602101146,利尻郡利尻富士町鴛泊字雄忠志内,132-2,,
01519-4503-13.zip,202602101146,利尻郡利尻富士町鴛泊字雄忠志内,131-1,,
01519-4503-13.zip,202602101146,利尻郡利尻富士町鴛泊字雄忠志内,131-2,,
01519-4503-13.zip,202602101146,利尻郡利尻富士町鴛泊字雄忠志内,132-3,,
01519-4503-13.zip,202602101146,利尻郡利尻富士町鴛泊字雄忠志内,126-1,,
01519-4503-13.zip,202602101146,利尻郡利尻富士町鴛泊字雄忠志内,120-2,,
01519-4503-13.zip,202602101146,利尻郡利尻富士町鴛泊字雄忠志内,120-3,,
01519-4503-13.zip,202602101146,利尻郡利尻富士町鴛泊字雄忠志内,120-1,,
01519-4503-13.zip,202602101146,利尻郡利尻富士町鴛泊字雄忠志内,120-4,,
01519-4503-13.zip,202602101146,利尻郡利尻富士町鴛泊字雄忠志内,114-2,,
01519-4503-13.zip,202602101146,利尻郡利尻富士町鴛泊字雄忠志内,129-3,,
01519-4503-13.zip,202602101146,利尻郡利尻富士町鴛泊字雄忠志内,117W2,,
01519-4503-13.zip,202602101146,利尻郡利尻富士町鴛泊字雄忠志内,長狭物不明-23,,
01519-4503-13.zip,202602101146,利尻郡利尻富士町鴛泊字雄忠志内,118-4,,
01519-4503-13.zip,202602101146,利尻郡利尻富士町鴛泊字雄忠志内,128,,
01519-4503-13.zip,202602101146,利尻郡利尻富士町鴛泊字雄忠志内,118-1,,
01519-4503-13.zip,202602101146,利尻郡利尻富士町鴛泊字雄忠志内,116-1,,
01519-4503-13.zip,202602101146,利尻郡利尻富士町鴛泊字雄忠志内,116-3,,
01519-4503-13.zip,202602101146,利尻郡利尻富士町鴛泊字雄忠志内,127,,
01519-4503-13.zip,202602101146,利尻郡利尻富士町鴛泊字雄忠志内,118-3,,
01519-4503-13.zip,202602101146,利尻郡利尻富士町鴛泊字雄忠志内,116-2,,
01519-4503-13.zip,202602101146,利尻郡利尻富士町鴛泊字雄忠志内,118-2,,
01519-4503-13.zip,202602101146,利尻郡利尻富士町鴛泊字雄忠志内,129-2,,
01519-4503-13.zip,202602101146,利尻郡利尻富士町鴛泊字雄忠志内,122,,
01519-4503-13.zip,202602101146,利尻郡利尻富士町鴛泊字雄忠志内,121,,
01519-4503-13.zip,202602101146,利尻郡利尻富士町鴛泊字雄忠志内,112,,
01519-4503-13.zip,202602101146,利尻郡利尻富士町鴛泊字雄忠志内,124,,
01519-4503-13.zip,202602101146,利尻郡利尻富士町鴛泊字雄忠志内,道-81,,
01519-4503-13.zip,202602101146,利尻郡利尻富士町鴛泊字雄忠志内,水-11,,
01519-4503-13.zip,202602101146,利尻郡利尻富士町鴛泊字雄忠志内,道-82,,
01519-4503-13.zip,202602101146,利尻郡利尻富士町鴛泊字雄忠志内,147-2,,
01519-4503-13.zip,202602101146,利尻郡利尻富士町鴛泊字雄忠志内,142-3,,
01519-4503-13.zip,202602101146,利尻郡利尻富士町鴛泊字雄忠志内,142-2,,
01519-4503-13.zip,202602101146,利尻郡利尻富士町鴛泊字雄忠志内,144,,
01519-4503-13.zip,202602101146,利尻郡利尻富士町鴛泊字雄忠志内,142-4,,
01519-4503-13.zip,202602101146,利尻郡利尻富士町鴛泊字雄忠志内,143,,
01519-4503-13.zip,202602101146,利尻郡利尻富士町鴛泊字雄忠志内,147-1,,
01519-4503-13.zip,202602101146,利尻郡利尻富士町鴛泊字雄忠志内,142-1,,
01519-4503-13.zip,202602101146,利尻郡利尻富士町鴛泊字雄忠志内,道-83,,
01519-4503-13.zip,202602101146,利尻郡利尻富士町鴛泊字雄忠志内,145,,
01519-4503-13.zip,202602101146,利尻郡利尻富士町鴛泊字雄忠志内,149,,
01519-4503-13.zip,202602101146,利尻郡利尻富士町鴛泊字雄忠志内,長狭物不明-24,,
01519-4503-13.zip,202602101146,利尻郡利尻富士町鴛泊字雄忠志内,160-2,,
01519-4503-13.zip,202602101146,利尻郡利尻富士町鴛泊字雄忠志内,158-7,,
01519-4503-13.zip,202602101146,利尻郡利尻富士町鴛泊字雄忠志内,158-10,,
01519-4503-13.zip,202602101146,利尻郡利尻富士町鴛泊字雄忠志内,道-84,,
01519-4503-13.zip,202602101146,利尻郡利尻富士町鴛泊字雄忠志内,道-85,,
01519-4503-13.zip,202602101146,利尻郡利尻富士町鴛泊字雄忠志内,146,,
01519-4503-13.zip,202602101146,利尻郡利尻富士町鴛泊字雄忠志内,158-5,,
01519-4503-13.zip,202602101146,利尻郡利尻富士町鴛泊字雄忠志内,159-2,,
01519-4503-13.zip,202602101146,利尻郡利尻富士町鴛泊字雄忠志内,160-3,,
01519-4503-13.zip,202602101146,利尻郡利尻富士町鴛泊字雄忠志内,166-1,,
01519-4503-13.zip,202602101146,利尻郡利尻富士町鴛泊字雄忠志内,166-2,,
01519-4503-13.zip,202602101146,利尻郡利尻富士町鴛泊字雄忠志内,159-1,,
01519-4503-13.zip,202602101146,利尻郡利尻富士町鴛泊字雄忠志内,160-4,,
01519-4503-13.zip,202602101146,利尻郡利尻富士町鴛泊字雄忠志内,160-1,,
01519-4503-13.zip,202602101146,利尻郡利尻富士町鴛泊字雄忠志内,158-1,,
01519-4503-13.zip,202602101146,利尻郡利尻富士町鴛泊字雄忠志内,158-2,,
01519-4503-13.zip,202602101146,利尻郡利尻富士町鴛泊字雄忠志内,158-6,,
01519-4503-13.zip,202602101146,利尻郡利尻富士町鴛泊字雄忠志内,158-9,,
01519-4503-13.zip,202602101146,利尻郡利尻富士町鴛泊字雄忠志内,158-8,,
01519-4503-13.zip,202602101146,利尻郡利尻富士町鴛泊字雄忠志内,316-5,,
01519-4503-13.zip,202602101146,利尻郡利尻富士町鴛泊字雄忠志内,161-3,,
01519-4503-13.zip,202602101146,利尻郡利尻富士町鴛泊字雄忠志内,148,,
01519-4503-13.zip,202602101146,利尻郡利尻富士町鴛泊字雄忠志内,153,,
01519-4503-13.zip,202602101146,利尻郡利尻富士町鴛泊字雄忠志内,154,,
01519-4503-13.zip,202602101146,利尻郡利尻富士町鴛泊字雄忠志内,164-2,,
01519-4503-13.zip,202602101146,利尻郡利尻富士町鴛泊字雄忠志内,165-2,,
01519-4503-13.zip,202602101146,利尻郡利尻富士町鴛泊字雄忠志内,165-1,,
01519-4503-13.zip,202602101146,利尻郡利尻富士町鴛泊字雄忠志内,161-5,,
01519-4503-13.zip,202602101146,利尻郡利尻富士町鴛泊字雄忠志内,156-2,,
01519-4503-13.zip,202602101146,利尻郡利尻富士町鴛泊字雄忠志内,157-1,,
01519-4503-13.zip,202602101146,利尻郡利尻富士町鴛泊字雄忠志内,151-2,,
01519-4503-13.zip,202602101146,利尻郡利尻富士町鴛泊字雄忠志内,156-1,,
01519-4503-13.zip,202602101146,利尻郡利尻富士町鴛泊字雄忠志内,151-1,,
01519-4503-13.zip,202602101146,利尻郡利尻富士町鴛泊字雄忠志内,152,,
01519-4503-13.zip,202602101146,利尻郡利尻富士町鴛泊字雄忠志内,163,,
01519-4503-13.zip,202602101146,利尻郡利尻富士町鴛泊字雄忠志内,156-3,,
01519-4503-13.zip,202602101146,利尻郡利尻富士町鴛泊字雄忠志内,155,,
01519-4503-13.zip,202602101146,利尻郡利尻富士町鴛泊字雄忠志内,162-2,,
01519-4503-13.zip,202602101146,利尻郡利尻富士町鴛泊字雄忠志内,161-2,,
01519-4503-13.zip,202602101146,利尻郡利尻富士町鴛泊字雄忠志内,157-11,,
01519-4503-13.zip,202602101146,利尻郡利尻富士町鴛泊字雄忠志内,157-8,,
01519-4503-13.zip,202602101146,利尻郡利尻富士町鴛泊字雄忠志内,157-10,,
01519-4503-13.zip,202602101146,利尻郡利尻富士町鴛泊字雄忠志内,157-4,,
01519-4503-13.zip,202602101146,利尻郡利尻富士町鴛泊字雄忠志内,157-3,,
01519-4503-13.zip,202602101146,利尻郡利尻富士町鴛泊字雄忠志内,157-5,,
01519-4503-13.zip,202602101146,利尻郡利尻富士町鴛泊字雄忠志内,165-4,,
01519-4503-13.zip,202602101146,利尻郡利尻富士町鴛泊字雄忠志内,161-4,,
01519-4503-13.zip,202602101146,利尻郡利尻富士町鴛泊字雄忠志内,157-9,,
01519-4503-13.zip,202602101146,利尻郡利尻富士町鴛泊字雄忠志内,157-2,,
01519-4503-13.zip,202602101146,利尻郡利尻富士町鴛泊字雄忠志内,157-12,,
01519-4503-13.zip,202602101146,利尻郡利尻富士町鴛泊字雄忠志内,157-6,,
01519-4503-13.zip,202602101146,利尻郡利尻富士町鴛泊字雄忠志内,157-7,,
01519-4503-13.zip,202602101146,利尻郡利尻富士町鴛泊字雄忠志内,165-3,,
01519-4503-13.zip,202602101146,利尻郡利尻富士町鴛泊字雄忠志内,158-3,,
01519-4503-13.zip,202602101146,利尻郡利尻富士町鴛泊字雄忠志内,158-4,,
01519-4503-13.zip,202602101146,利尻郡利尻富士町鴛泊字雄忠志内,150,,
01519-4503-13.zip,202602101146,利尻郡利尻富士町鴛泊字雄忠志内,長狭物不明-25,,
01519-4503-13.zip,202602101146,利尻郡利尻富士町鴛泊字雄忠志内,長狭物不明-26,,
01519-4503-13.zip,202602101146,利尻郡利尻富士町鴛泊字雄忠志内,長狭物不明-27,,
01519-4503-13.zip,202602101146,利尻郡利尻富士町鴛泊字雄忠志内,長狭物不明-28,,
01519-4503-13.zip,202602101146,利尻郡利尻富士町鴛泊字雄忠志内,長狭物不明-29,,
01519-4503-13.zip,202602101146,利尻郡利尻富士町鴛泊字雄忠志内,水-12,,
01519-4503-13.zip,202602101146,利尻郡利尻富士町鴛泊字雄忠志内,水-13,,
01519-4503-13.zip,202602101146,利尻郡利尻富士町鴛泊字雄忠志内,道-86,,
01519-4503-13.zip,202602101146,利尻郡利尻富士町鴛泊字雄忠志内,道-87,,
01519-4503-13.zip,202602101146,利尻郡利尻富士町鴛泊字雄忠志内,道-88,,
01519-4503-13.zip,202602101146,利尻郡利尻富士町鴛泊字雄忠志内,167-1,,
01519-4503-13.zip,202602101146,利尻郡利尻富士町鴛泊字雄忠志内,167-5,,
01519-4503-13.zip,202602101146,利尻郡利尻富士町鴛泊字雄忠志内,道-89,,
01519-4503-13.zip,202602101146,利尻郡利尻富士町鴛泊字雄忠志内,182-1,,
01519-4503-13.zip,202602101146,利尻郡利尻富士町鴛泊字雄忠志内,190,,
01519-4503-13.zip,202602101146,利尻郡利尻富士町鴛泊字雄忠志内,191-3,,
01519-4503-13.zip,202602101146,利尻郡利尻富士町鴛泊字雄忠志内,191-2,,
01519-4503-13.zip,202602101146,利尻郡利尻富士町鴛泊字雄忠志内,193-3,,
01519-4503-13.zip,202602101146,利尻郡利尻富士町鴛泊字雄忠志内,194-3,,
01519-4503-13.zip,202602101146,利尻郡利尻富士町鴛泊字雄忠志内,194-2,,
01519-4503-13.zip,202602101146,利尻郡利尻富士町鴛泊字雄忠志内,194-4,,
01519-4503-13.zip,202602101146,利尻郡利尻富士町鴛泊字雄忠志内,193-4,,
01519-4503-13.zip,202602101146,利尻郡利尻富士町鴛泊字雄忠志内,193-2,,
01519-4503-13.zip,202602101146,利尻郡利尻富士町鴛泊字雄忠志内,191-4,,
01519-4503-13.zip,202602101146,利尻郡利尻富士町鴛泊字雄忠志内,182-2,,
01519-4503-13.zip,202602101146,利尻郡利尻富士町鴛泊字雄忠志内,道-90,,
01519-4503-13.zip,202602101146,利尻郡利尻富士町鴛泊字雄忠志内,183-1,,
01519-4503-13.zip,202602101146,利尻郡利尻富士町鴛泊字雄忠志内,167-11,,
01519-4503-13.zip,202602101146,利尻郡利尻富士町鴛泊字雄忠志内,167-4,,
01519-4503-13.zip,202602101146,利尻郡利尻富士町鴛泊字雄忠志内,167-16,,
01519-4503-13.zip,202602101146,利尻郡利尻富士町鴛泊字雄忠志内,168-5,,
01519-4503-13.zip,202602101146,利尻郡利尻富士町鴛泊字雄忠志内,168-1,,
01519-4503-13.zip,202602101146,利尻郡利尻富士町鴛泊字雄忠志内,167-9,,
01519-4503-13.zip,202602101146,利尻郡利尻富士町鴛泊字雄忠志内,167-8,,
01519-4503-13.zip,202602101146,利尻郡利尻富士町鴛泊字雄忠志内,167-12,,
01519-4503-13.zip,202602101146,利尻郡利尻富士町鴛泊字雄忠志内,167-10,,
01519-4503-13.zip,202602101146,利尻郡利尻富士町鴛泊字雄忠志内,168-4,,
01519-4503-13.zip,202602101146,利尻郡利尻富士町鴛泊字雄忠志内,168-3,,
01519-4503-13.zip,202602101146,利尻郡利尻富士町鴛泊字雄忠志内,167-2,,
01519-4503-13.zip,202602101146,利尻郡利尻富士町鴛泊字雄忠志内,167-3,,
01519-4503-13.zip,202602101146,利尻郡利尻富士町鴛泊字雄忠志内,168-2,,
01519-4503-13.zip,202602101146,利尻郡利尻富士町鴛泊字雄忠志内,道-91,,
01519-4503-13.zip,202602101146,利尻郡利尻富士町鴛泊字雄忠志内,長狭物不明-30,,
01519-4503-13.zip,202602101146,利尻郡利尻富士町鴛泊字雄忠志内,180-1,,
01519-4503-13.zip,202602101146,利尻郡利尻富士町鴛泊字雄忠志内,187,,
01519-4503-13.zip,202602101146,利尻郡利尻富士町鴛泊字雄忠志内,188,,
01519-4503-13.zip,202602101146,利尻郡利尻富士町鴛泊字雄忠志内,192,,
01519-4503-13.zip,202602101146,利尻郡利尻富士町鴛泊字雄忠志内,道-92,,
01519-4503-13.zip,202602101146,利尻郡利尻富士町鴛泊字雄忠志内,196-2,,
01519-4503-13.zip,202602101146,利尻郡利尻富士町鴛泊字雄忠志内,196-1,,
01519-4503-13.zip,202602101146,利尻郡利尻富士町鴛泊字雄忠志内,道-93,,
01519-4503-13.zip,202602101146,利尻郡利尻富士町鴛泊字雄忠志内,203,,
01519-4503-13.zip,202602101146,利尻郡利尻富士町鴛泊字雄忠志内,195-1,,
01519-4503-13.zip,202602101146,利尻郡利尻富士町鴛泊字雄忠志内,197,,
01519-4503-13.zip,202602101146,利尻郡利尻富士町鴛泊字雄忠志内,195-2,,
01519-4503-13.zip,202602101146,利尻郡利尻富士町鴛泊字雄忠志内,195,,
01519-4503-13.zip,202602101146,利尻郡利尻富士町鴛泊字雄忠志内,道-94,,
01519-4503-13.zip,202602101146,利尻郡利尻富士町鴛泊字雄忠志内,道-95,,
01519-4503-13.zip,202602101146,利尻郡利尻富士町鴛泊字雄忠志内,189,,
01519-4503-13.zip,202602101146,利尻郡利尻富士町鴛泊字雄忠志内,186-2,,
01519-4503-13.zip,202602101146,利尻郡利尻富士町鴛泊字雄忠志内,185-1,,
01519-4503-13.zip,202602101146,利尻郡利尻富士町鴛泊字雄忠志内,185-2,,
01519-4503-13.zip,202602101146,利尻郡利尻富士町鴛泊字雄忠志内,184-1,,
01519-4503-13.zip,202602101146,利尻郡利尻富士町鴛泊字雄忠志内,184-2,,
01519-4503-13.zip,202602101146,利尻郡利尻富士町鴛泊字雄忠志内,181-1,,
01519-4503-13.zip,202602101146,利尻郡利尻富士町鴛泊字雄忠志内,181-2,,
01519-4503-13.zip,202602101146,利尻郡利尻富士町鴛泊字雄忠志内,170-2,,
01519-4503-13.zip,202602101146,利尻郡利尻富士町鴛泊字雄忠志内,170-13,,
01519-4503-13.zip,202602101146,利尻郡利尻富士町鴛泊字雄忠志内,170-1,,
01519-4503-13.zip,202602101146,利尻郡利尻富士町鴛泊字雄忠志内,170-15,,
01519-4503-13.zip,202602101146,利尻郡利尻富士町鴛泊字雄忠志内,道-96,,
01519-4503-13.zip,202602101146,利尻郡利尻富士町鴛泊字雄忠志内,道-97,,
01519-4503-13.zip,202602101146,利尻郡利尻富士町鴛泊字雄忠志内,179,,
01519-4503-13.zip,202602101146,利尻郡利尻富士町鴛泊字雄忠志内,178,,
01519-4503-13.zip,202602101146,利尻郡利尻富士町鴛泊字雄忠志内,172,,
01519-4503-13.zip,202602101146,利尻郡利尻富士町鴛泊字雄忠志内,169-1,,
01519-4503-13.zip,202602101146,利尻郡利尻富士町鴛泊字雄忠志内,169-2,,
01519-4503-13.zip,202602101146,利尻郡利尻富士町鴛泊字雄忠志内,169-3,,
01519-4503-13.zip,202602101146,利尻郡利尻富士町鴛泊字雄忠志内,170-4,,
01519-4503-13.zip,202602101146,利尻郡利尻富士町鴛泊字雄忠志内,170-3,,
01519-4503-13.zip,202602101146,利尻郡利尻富士町鴛泊字雄忠志内,169-4,,
01519-4503-13.zip,202602101146,利尻郡利尻富士町鴛泊字雄忠志内,169-5,,
01519-4503-13.zip,202602101146,利尻郡利尻富士町鴛泊字雄忠志内,170-9,,
01519-4503-13.zip,202602101146,利尻郡利尻富士町鴛泊字雄忠志内,170-10,,
01519-4503-13.zip,202602101146,利尻郡利尻富士町鴛泊字雄忠志内,170-12,,
01519-4503-13.zip,202602101146,利尻郡利尻富士町鴛泊字雄忠志内,186-1,,
01519-4503-13.zip,202602101146,利尻郡利尻富士町鴛泊字雄忠志内,204,,
01519-4503-13.zip,202602101146,利尻郡利尻富士町鴛泊字雄忠志内,201,,
01519-4503-13.zip,202602101146,利尻郡利尻富士町鴛泊字雄忠志内,202,,
01519-4503-13.zip,202602101146,利尻郡利尻富士町鴛泊字雄忠志内,198,,
01519-4503-13.zip,202602101146,利尻郡利尻富士町鴛泊字雄忠志内,道-98,,
01519-4503-13.zip,202602101146,利尻郡利尻富士町鴛泊字雄忠志内,道-99,,
01519-4503-13.zip,202602101146,利尻郡利尻富士町鴛泊字雄忠志内,170-6,,
01519-4503-13.zip,202602101146,利尻郡利尻富士町鴛泊字雄忠志内,170-7,,
01519-4503-13.zip,202602101146,利尻郡利尻富士町鴛泊字雄忠志内,170-14,,
01519-4503-13.zip,202602101146,利尻郡利尻富士町鴛泊字雄忠志内,170-8,,
01519-4503-13.zip,202602101146,利尻郡利尻富士町鴛泊字雄忠志内,170-11,,
01519-4503-13.zip,202602101146,利尻郡利尻富士町鴛泊字雄忠志内,170-5,,
01519-4503-13.zip,202602101146,利尻郡利尻富士町鴛泊字雄忠志内,180-2,,
01519-4503-13.zip,202602101146,利尻郡利尻富士町鴛泊字雄忠志内,道-100,,
01519-4503-13.zip,202602101146,利尻郡利尻富士町鴛泊字雄忠志内,167-14,,
01519-4503-13.zip,202602101146,利尻郡利尻富士町鴛泊字雄忠志内,167-6,,
01519-4503-13.zip,202602101146,利尻郡利尻富士町鴛泊字雄忠志内,167-7,,
01519-4503-13.zip,202602101146,利尻郡利尻富士町鴛泊字雄忠志内,167-15,,
01519-4503-13.zip,202602101146,利尻郡利尻富士町鴛泊字雄忠志内,道-102,,
01519-4503-13.zip,202602101146,利尻郡利尻富士町鴛泊字雄忠志内,220-4,,
01519-4503-13.zip,202602101146,利尻郡利尻富士町鴛泊字雄忠志内,219-5,,
01519-4503-13.zip,202602101146,利尻郡利尻富士町鴛泊字雄忠志内,208-7,,
01519-4503-13.zip,202602101146,利尻郡利尻富士町鴛泊字雄忠志内,208-8,,
01519-4503-13.zip,202602101146,利尻郡利尻富士町鴛泊字雄忠志内,208-6,,
01519-4503-13.zip,202602101146,利尻郡利尻富士町鴛泊字雄忠志内,208-9,,
01519-4503-13.zip,202602101146,利尻郡利尻富士町鴛泊字雄忠志内,208-2,,
01519-4503-13.zip,202602101146,利尻郡利尻富士町鴛泊字雄忠志内,208-1,,
01519-4503-13.zip,202602101146,利尻郡利尻富士町鴛泊字雄忠志内,220-1,,
01519-4503-13.zip,202602101146,利尻郡利尻富士町鴛泊字雄忠志内,219-1,,
01519-4503-13.zip,202602101146,利尻郡利尻富士町鴛泊字雄忠志内,219-2,,
01519-4503-13.zip,202602101146,利尻郡利尻富士町鴛泊字雄忠志内,219-6,,
01519-4503-13.zip,202602101146,利尻郡利尻富士町鴛泊字雄忠志内,219-4,,
01519-4503-13.zip,202602101146,利尻郡利尻富士町鴛泊字雄忠志内,道-103,,
01519-4503-13.zip,202602101146,利尻郡利尻富士町鴛泊字雄忠志内,221-2,,
01519-4503-13.zip,202602101146,利尻郡利尻富士町鴛泊字雄忠志内,211-6,,
01519-4503-13.zip,202602101146,利尻郡利尻富士町鴛泊字雄忠志内,223-1,,
01519-4503-13.zip,202602101146,利尻郡利尻富士町鴛泊字雄忠志内,223-3,,
01519-4503-13.zip,202602101146,利尻郡利尻富士町鴛泊字雄忠志内,215,,
01519-4503-13.zip,202602101146,利尻郡利尻富士町鴛泊字雄忠志内,211-1,,
01519-4503-13.zip,202602101146,利尻郡利尻富士町鴛泊字雄忠志内,205,,
01519-4503-13.zip,202602101146,利尻郡利尻富士町鴛泊字雄忠志内,道-104,,
01519-4503-13.zip,202602101146,利尻郡利尻富士町鴛泊字雄忠志内,207-1,,
01519-4503-13.zip,202602101146,利尻郡利尻富士町鴛泊字雄忠志内,207-2,,
01519-4503-13.zip,202602101146,利尻郡利尻富士町鴛泊字雄忠志内,209-2,,
01519-4503-13.zip,202602101146,利尻郡利尻富士町鴛泊字雄忠志内,209-3,,
01519-4503-13.zip,202602101146,利尻郡利尻富士町鴛泊字雄忠志内,211-4,,
01519-4503-13.zip,202602101146,利尻郡利尻富士町鴛泊字雄忠志内,211-8,,
01519-4503-13.zip,202602101146,利尻郡利尻富士町鴛泊字雄忠志内,213-8,,
01519-4503-13.zip,202602101146,利尻郡利尻富士町鴛泊字雄忠志内,213-9,,
01519-4503-13.zip,202602101146,利尻郡利尻富士町鴛泊字雄忠志内,223-2,,
01519-4503-13.zip,202602101146,利尻郡利尻富士町鴛泊字雄忠志内,223-4,,
01519-4503-13.zip,202602101146,利尻郡利尻富士町鴛泊字雄忠志内,218-3,,
01519-4503-13.zip,202602101146,利尻郡利尻富士町鴛泊字雄忠志内,218-6,,
01519-4503-13.zip,202602101146,利尻郡利尻富士町鴛泊字雄忠志内,221-3,,
01519-4503-13.zip,202602101146,利尻郡利尻富士町鴛泊字雄忠志内,221-4,,
01519-4503-13.zip,202602101146,利尻郡利尻富士町鴛泊字雄忠志内,218-5,,
01519-4503-13.zip,202602101146,利尻郡利尻富士町鴛泊字雄忠志内,218-4,,
01519-4503-13.zip,202602101146,利尻郡利尻富士町鴛泊字雄忠志内,218-7,,
01519-4503-13.zip,202602101146,利尻郡利尻富士町鴛泊字雄忠志内,216-2,,
01519-4503-13.zip,202602101146,利尻郡利尻富士町鴛泊字雄忠志内,223-6,,
01519-4503-13.zip,202602101146,利尻郡利尻富士町鴛泊字雄忠志内,213-1,,
01519-4503-13.zip,202602101146,利尻郡利尻富士町鴛泊字雄忠志内,217-1,,
01519-4503-13.zip,202602101146,利尻郡利尻富士町鴛泊字雄忠志内,213-2,,
01519-4503-13.zip,202602101146,利尻郡利尻富士町鴛泊字雄忠志内,222,,
01519-4503-13.zip,202602101146,利尻郡利尻富士町鴛泊字雄忠志内,214,,
01519-4503-13.zip,202602101146,利尻郡利尻富士町鴛泊字雄忠志内,212-2,,
01519-4503-13.zip,202602101146,利尻郡利尻富士町鴛泊字雄忠志内,218-2,,
01519-4503-13.zip,202602101146,利尻郡利尻富士町鴛泊字雄忠志内,221-1,,
01519-4503-13.zip,202602101146,利尻郡利尻富士町鴛泊字雄忠志内,218-8,,
01519-4503-13.zip,202602101146,利尻郡利尻富士町鴛泊字雄忠志内,212-5,,
01519-4503-13.zip,202602101146,利尻郡利尻富士町鴛泊字雄忠志内,212-6,,
01519-4503-13.zip,202602101146,利尻郡利尻富士町鴛泊字雄忠志内,211-2,,
01519-4503-13.zip,202602101146,利尻郡利尻富士町鴛泊字雄忠志内,211-9,,
01519-4503-13.zip,202602101146,利尻郡利尻富士町鴛泊字雄忠志内,209-1,,
01519-4503-13.zip,202602101146,利尻郡利尻富士町鴛泊字雄忠志内,210-1,,
01519-4503-13.zip,202602101146,利尻郡利尻富士町鴛泊字雄忠志内,206,,
01519-4503-13.zip,202602101146,利尻郡利尻富士町鴛泊字雄忠志内,210-2,,
01519-4503-13.zip,202602101146,利尻郡利尻富士町鴛泊字雄忠志内,211-3,,
01519-4503-13.zip,202602101146,利尻郡利尻富士町鴛泊字雄忠志内,211-5,,
01519-4503-13.zip,202602101146,利尻郡利尻富士町鴛泊字雄忠志内,212-1,,
01519-4503-13.zip,202602101146,利尻郡利尻富士町鴛泊字雄忠志内,212-7,,
01519-4503-13.zip,202602101146,利尻郡利尻富士町鴛泊字雄忠志内,217-2,,
01519-4503-13.zip,202602101146,利尻郡利尻富士町鴛泊字雄忠志内,223-5,,
01519-4503-13.zip,202602101146,利尻郡利尻富士町鴛泊字雄忠志内,216-1,,
01519-4503-13.zip,202602101146,利尻郡利尻富士町鴛泊字雄忠志内,217-3,,
01519-4503-13.zip,202602101146,利尻郡利尻富士町鴛泊字雄忠志内,218-1,,
01519-4503-13.zip,202602101146,利尻郡利尻富士町鴛泊字雄忠志内,212-4,,
01519-4503-13.zip,202602101146,利尻郡利尻富士町鴛泊字雄忠志内,211-7,,
01519-4503-13.zip,202602101146,利尻郡利尻富士町鴛泊字雄忠志内,210-3,,
01519-4503-13.zip,202602101146,利尻郡利尻富士町鴛泊字雄忠志内,220-2,,
01519-4503-13.zip,202602101146,利尻郡利尻富士町鴛泊字雄忠志内,227-17,,
01519-4503-13.zip,202602101146,利尻郡利尻富士町鴛泊字雄忠志内,227-12,,
01519-4503-13.zip,202602101146,利尻郡利尻富士町鴛泊字雄忠志内,227-25,,
01519-4503-13.zip,202602101146,利尻郡利尻富士町鴛泊字雄忠志内,227-22,,
01519-4503-13.zip,202602101146,利尻郡利尻富士町鴛泊字雄忠志内,227-23,,
01519-4503-13.zip,202602101146,利尻郡利尻富士町鴛泊字雄忠志内,227-24,,
01519-4503-13.zip,202602101146,利尻郡利尻富士町鴛泊字雄忠志内,227-26,,
01519-4503-13.zip,202602101146,利尻郡利尻富士町鴛泊字雄忠志内,227-29,,
01519-4503-13.zip,202602101146,利尻郡利尻富士町鴛泊字雄忠志内,227-27,,
01519-4503-13.zip,202602101146,利尻郡利尻富士町鴛泊字雄忠志内,227-13,,
01519-4503-13.zip,202602101146,利尻郡利尻富士町鴛泊字雄忠志内,227-15,,
01519-4503-13.zip,202602101146,利尻郡利尻富士町鴛泊字雄忠志内,227-21,,
01519-4503-13.zip,202602101146,利尻郡利尻富士町鴛泊字雄忠志内,水-14,,
01519-4503-13.zip,202602101146,利尻郡利尻富士町鴛泊字雄忠志内,水-15,,
01519-4503-13.zip,202602101146,利尻郡利尻富士町鴛泊字雄忠志内,水-16,,
01519-4503-13.zip,202602101146,利尻郡利尻富士町鴛泊字雄忠志内,352,,
01519-4503-13.zip,202602101146,利尻郡利尻富士町鴛泊字雄忠志内,351,,
01519-4503-13.zip,202602101146,利尻郡利尻富士町鴛泊字雄忠志内,道-105,,
01519-4503-13.zip,202602101146,利尻郡利尻富士町鴛泊字雄忠志内,231-1,,
01519-4503-13.zip,202602101146,利尻郡利尻富士町鴛泊字雄忠志内,231-7,,
01519-4503-13.zip,202602101146,利尻郡利尻富士町鴛泊字雄忠志内,231-6,,
01519-4503-13.zip,202602101146,利尻郡利尻富士町鴛泊字雄忠志内,231-5,,
01519-4503-13.zip,202602101146,利尻郡利尻富士町鴛泊字雄忠志内,235-2,,
01519-4503-13.zip,202602101146,利尻郡利尻富士町鴛泊字雄忠志内,233-2,,
01519-4503-13.zip,202602101146,利尻郡利尻富士町鴛泊字雄忠志内,235-1,,
01519-4503-13.zip,202602101146,利尻郡利尻富士町鴛泊字雄忠志内,233-1,,
01519-4503-13.zip,202602101146,利尻郡利尻富士町鴛泊字雄忠志内,231-2,,
01519-4503-13.zip,202602101146,利尻郡利尻富士町鴛泊字雄忠志内,道-106,,
01519-4503-13.zip,202602101146,利尻郡利尻富士町鴛泊字雄忠志内,231-8,,
01519-4503-13.zip,202602101146,利尻郡利尻富士町鴛泊字雄忠志内,226-3,,
01519-4503-13.zip,202602101146,利尻郡利尻富士町鴛泊字雄忠志内,226-5,,
01519-4503-13.zip,202602101146,利尻郡利尻富士町鴛泊字雄忠志内,226-4,,
01519-4503-13.zip,202602101146,利尻郡利尻富士町鴛泊字雄忠志内,241-3,,
01519-4503-13.zip,202602101146,利尻郡利尻富士町鴛泊字雄忠志内,239-2,,
01519-4503-13.zip,202602101146,利尻郡利尻富士町鴛泊字雄忠志内,241-5,,
01519-4503-13.zip,202602101146,利尻郡利尻富士町鴛泊字雄忠志内,241-2,,
01519-4503-13.zip,202602101146,利尻郡利尻富士町鴛泊字雄忠志内,241-4,,
01519-4503-13.zip,202602101146,利尻郡利尻富士町鴛泊字雄忠志内,239-3,,
01519-4503-13.zip,202602101146,利尻郡利尻富士町鴛泊字雄忠志内,241-1,,
01519-4503-13.zip,202602101146,利尻郡利尻富士町鴛泊字雄忠志内,229-1,,
01519-4503-13.zip,202602101146,利尻郡利尻富士町鴛泊字雄忠志内,239-1,,
01519-4503-13.zip,202602101146,利尻郡利尻富士町鴛泊字雄忠志内,237-1,,
01519-4503-13.zip,202602101146,利尻郡利尻富士町鴛泊字雄忠志内,237-8,,
01519-4503-13.zip,202602101146,利尻郡利尻富士町鴛泊字雄忠志内,237-3,,
01519-4503-13.zip,202602101146,利尻郡利尻富士町鴛泊字雄忠志内,237-4,,
01519-4503-13.zip,202602101146,利尻郡利尻富士町鴛泊字雄忠志内,237-9,,
01519-4503-13.zip,202602101146,利尻郡利尻富士町鴛泊字雄忠志内,229-33,,
01519-4503-13.zip,202602101146,利尻郡利尻富士町鴛泊字雄忠志内,229-34,,
01519-4503-13.zip,202602101146,利尻郡利尻富士町鴛泊字雄忠志内,229-32,,
01519-4503-13.zip,202602101146,利尻郡利尻富士町鴛泊字雄忠志内,237-5,,
01519-4503-13.zip,202602101146,利尻郡利尻富士町鴛泊字雄忠志内,237-19,,
01519-4503-13.zip,202602101146,利尻郡利尻富士町鴛泊字雄忠志内,237-14,,
01519-4503-13.zip,202602101146,利尻郡利尻富士町鴛泊字雄忠志内,237-17,,
01519-4503-13.zip,202602101146,利尻郡利尻富士町鴛泊字雄忠志内,237-16,,
01519-4503-13.zip,202602101146,利尻郡利尻富士町鴛泊字雄忠志内,237-18,,
01519-4503-13.zip,202602101146,利尻郡利尻富士町鴛泊字雄忠志内,237-6,,
01519-4503-13.zip,202602101146,利尻郡利尻富士町鴛泊字雄忠志内,237-7,,
01519-4503-13.zip,202602101146,利尻郡利尻富士町鴛泊字雄忠志内,237-15,,
01519-4503-13.zip,202602101146,利尻郡利尻富士町鴛泊字雄忠志内,237-13,,
01519-4503-13.zip,202602101146,利尻郡利尻富士町鴛泊字雄忠志内,237-10,,
01519-4503-13.zip,202602101146,利尻郡利尻富士町鴛泊字雄忠志内,237-20,,
01519-4503-13.zip,202602101146,利尻郡利尻富士町鴛泊字雄忠志内,237-11,,
01519-4503-13.zip,202602101146,利尻郡利尻富士町鴛泊字雄忠志内,238-3,,
01519-4503-13.zip,202602101146,利尻郡利尻富士町鴛泊字雄忠志内,238-2,,
01519-4503-13.zip,202602101146,利尻郡利尻富士町鴛泊字雄忠志内,237-21,,
01519-4503-13.zip,202602101146,利尻郡利尻富士町鴛泊字雄忠志内,237-12,,
01519-4503-13.zip,202602101146,利尻郡利尻富士町鴛泊字雄忠志内,229-31,,
01519-4503-13.zip,202602101146,利尻郡利尻富士町鴛泊字雄忠志内,229-21,,
01519-4503-13.zip,202602101146,利尻郡利尻富士町鴛泊字雄忠志内,229-20,,
01519-4503-13.zip,202602101146,利尻郡利尻富士町鴛泊字雄忠志内,229-6,,
01519-4503-13.zip,202602101146,利尻郡利尻富士町鴛泊字雄忠志内,229-30,,
01519-4503-13.zip,202602101146,利尻郡利尻富士町鴛泊字雄忠志内,229-29,,
01519-4503-13.zip,202602101146,利尻郡利尻富士町鴛泊字雄忠志内,229-25,,
01519-4503-13.zip,202602101146,利尻郡利尻富士町鴛泊字雄忠志内,229-28,,
01519-4503-13.zip,202602101146,利尻郡利尻富士町鴛泊字雄忠志内,229-23,,
01519-4503-13.zip,202602101146,利尻郡利尻富士町鴛泊字雄忠志内,229-24,,
01519-4503-13.zip,202602101146,利尻郡利尻富士町鴛泊字雄忠志内,229-22,,
01519-4503-13.zip,202602101146,利尻郡利尻富士町鴛泊字雄忠志内,227-3,,
01519-4503-13.zip,202602101146,利尻郡利尻富士町鴛泊字雄忠志内,227-2,,
01519-4503-13.zip,202602101146,利尻郡利尻富士町鴛泊字雄忠志内,229-9,,
01519-4503-13.zip,202602101146,利尻郡利尻富士町鴛泊字雄忠志内,229-5,,
01519-4503-13.zip,202602101146,利尻郡利尻富士町鴛泊字雄忠志内,229-35,,
01519-4503-13.zip,202602101146,利尻郡利尻富士町鴛泊字雄忠志内,229-4,,
01519-4503-13.zip,202602101146,利尻郡利尻富士町鴛泊字雄忠志内,229-26,,
01519-4503-13.zip,202602101146,利尻郡利尻富士町鴛泊字雄忠志内,229-27,,
01519-4503-13.zip,202602101146,利尻郡利尻富士町鴛泊字雄忠志内,227-33,,
01519-4503-13.zip,202602101146,利尻郡利尻富士町鴛泊字雄忠志内,227-5,,
01519-4503-13.zip,202602101146,利尻郡利尻富士町鴛泊字雄忠志内,227-7,,
01519-4503-13.zip,202602101146,利尻郡利尻富士町鴛泊字雄忠志内,229-2,,
01519-4503-13.zip,202602101146,利尻郡利尻富士町鴛泊字雄忠志内,229-3,,
01519-4503-13.zip,202602101146,利尻郡利尻富士町鴛泊字雄忠志内,229-7,,
01519-4503-13.zip,202602101146,利尻郡利尻富士町鴛泊字雄忠志内,229-8,,
01519-4503-13.zip,202602101146,利尻郡利尻富士町鴛泊字雄忠志内,229-10,,
01519-4503-13.zip,202602101146,利尻郡利尻富士町鴛泊字雄忠志内,229-13,,
01519-4503-13.zip,202602101146,利尻郡利尻富士町鴛泊字雄忠志内,229-12,,
01519-4503-13.zip,202602101146,利尻郡利尻富士町鴛泊字雄忠志内,229-11,,
01519-4503-13.zip,202602101146,利尻郡利尻富士町鴛泊字雄忠志内,227-9,,
01519-4503-13.zip,202602101146,利尻郡利尻富士町鴛泊字雄忠志内,229-14,,
01519-4503-13.zip,202602101146,利尻郡利尻富士町鴛泊字雄忠志内,229-15,,
01519-4503-13.zip,202602101146,利尻郡利尻富士町鴛泊字雄忠志内,229-17,,
01519-4503-13.zip,202602101146,利尻郡利尻富士町鴛泊字雄忠志内,229-19,,
01519-4503-13.zip,202602101146,利尻郡利尻富士町鴛泊字雄忠志内,229-18,,
01519-4503-13.zip,202602101146,利尻郡利尻富士町鴛泊字雄忠志内,229-16,,
01519-4503-13.zip,202602101146,利尻郡利尻富士町鴛泊字雄忠志内,227-10,,
01519-4503-13.zip,202602101146,利尻郡利尻富士町鴛泊字雄忠志内,227-8,,
01519-4503-13.zip,202602101146,利尻郡利尻富士町鴛泊字雄忠志内,227-6,,
01519-4503-13.zip,202602101146,利尻郡利尻富士町鴛泊字雄忠志内,227-11,,
01519-4503-13.zip,202602101146,利尻郡利尻富士町鴛泊字雄忠志内,227-4,,
01519-4503-13.zip,202602101146,利尻郡利尻富士町鴛泊字雄忠志内,227-34,,
01519-4503-13.zip,202602101146,利尻郡利尻富士町鴛泊字雄忠志内,長狭物不明-31,,
01519-4503-13.zip,202602101146,利尻郡利尻富士町鴛泊字雄忠志内,350,,
01519-4503-13.zip,202602101146,利尻郡利尻富士町鴛泊字野塚,道-107,,
01519-4503-13.zip,202602101146,利尻郡利尻富士町鴛泊字野塚,道-108,,
01519-4503-13.zip,202602101146,利尻郡利尻富士町鴛泊字野塚,28-1,,
01519-4503-13.zip,202602101146,利尻郡利尻富士町鴛泊字野塚,28-2,,
01519-4503-13.zip,202602101146,利尻郡利尻富士町鴛泊字野塚,道-109,,
01519-4503-13.zip,202602101146,利尻郡利尻富士町鴛泊字野塚,長狭物不明-32,,
01519-4503-13.zip,202602101146,利尻郡利尻富士町鴛泊字野塚,16,,
01519-4503-13.zip,202602101146,利尻郡利尻富士町鴛泊字野塚,11-2,,
01519-4503-13.zip,202602101146,利尻郡利尻富士町鴛泊字野塚,11-1,,
01519-4503-13.zip,202602101146,利尻郡利尻富士町鴛泊字野塚,12,,
01519-4503-13.zip,202602101146,利尻郡利尻富士町鴛泊字野塚,14,,
01519-4503-13.zip,202602101146,利尻郡利尻富士町鴛泊字野塚,13,,
01519-4503-13.zip,202602101146,利尻郡利尻富士町鴛泊字野塚,10,,
01519-4503-13.zip,202602101146,利尻郡利尻富士町鴛泊字野塚,9,,
01519-4503-13.zip,202602101146,利尻郡利尻富士町鴛泊字野塚,6,,
01519-4503-13.zip,202602101146,利尻郡利尻富士町鴛泊字野塚,5,,
01519-4503-13.zip,202602101146,利尻郡利尻富士町鴛泊字野塚,4,,
01519-4503-13.zip,202602101146,利尻郡利尻富士町鴛泊字野塚,3,,
01519-4503-13.zip,202602101146,利尻郡利尻富士町鴛泊字野塚,20-1,,
01519-4503-13.zip,202602101146,利尻郡利尻富士町鴛泊字野塚,20-2,,
01519-4503-13.zip,202602101146,利尻郡利尻富士町鴛泊字野塚,19-3,,
01519-4503-13.zip,202602101146,利尻郡利尻富士町鴛泊字野塚,19-2,,
01519-4503-13.zip,202602101146,利尻郡利尻富士町鴛泊字野塚,19-1,,
01519-4503-13.zip,202602101146,利尻郡利尻富士町鴛泊字野塚,2,,
01519-4503-13.zip,202602101146,利尻郡利尻富士町鴛泊字野塚,25,,
01519-4503-13.zip,202602101146,利尻郡利尻富士町鴛泊字野塚,24,,
01519-4503-13.zip,202602101146,利尻郡利尻富士町鴛泊字野塚,23,,
01519-4503-13.zip,202602101146,利尻郡利尻富士町鴛泊字野塚,21-4,,
01519-4503-13.zip,202602101146,利尻郡利尻富士町鴛泊字野塚,21-1,,
01519-4503-13.zip,202602101146,利尻郡利尻富士町鴛泊字野塚,21-5,,
01519-4503-13.zip,202602101146,利尻郡利尻富士町鴛泊字野塚,21-6,,
01519-4503-13.zip,202602101146,利尻郡利尻富士町鴛泊字野塚,18,,
01519-4503-13.zip,202602101146,利尻郡利尻富士町鴛泊字野塚,21-3,,
01519-4503-13.zip,202602101146,利尻郡利尻富士町鴛泊字野塚,22-2,,
01519-4503-13.zip,202602101146,利尻郡利尻富士町鴛泊字野塚,22-1,,
01519-4503-13.zip,202602101146,利尻郡利尻富士町鴛泊字野塚,21-2,,
01519-4503-13.zip,202602101146,利尻郡利尻富士町鴛泊字野塚,17,,
01519-4503-13.zip,202602101146,利尻郡利尻富士町鴛泊字野塚,82,,
01519-4503-13.zip,202602101146,利尻郡利尻富士町鴛泊字野塚,77,,
01519-4503-13.zip,202602101146,利尻郡利尻富士町鴛泊字野塚,83-2,,
01519-4503-13.zip,202602101146,利尻郡利尻富士町鴛泊字野塚,83-1,,
01519-4503-13.zip,202602101146,利尻郡利尻富士町鴛泊字野塚,75,,
01519-4503-13.zip,202602101146,利尻郡利尻富士町鴛泊字野塚,73,,
01519-4503-13.zip,202602101146,利尻郡利尻富士町鴛泊字野塚,76-1,,
01519-4503-13.zip,202602101146,利尻郡利尻富士町鴛泊字野塚,71-1,,
01519-4503-13.zip,202602101146,利尻郡利尻富士町鴛泊字野塚,72,,
01519-4503-13.zip,202602101146,利尻郡利尻富士町鴛泊字野塚,64,,
01519-4503-13.zip,202602101146,利尻郡利尻富士町鴛泊字野塚,66-1,,
01519-4503-13.zip,202602101146,利尻郡利尻富士町鴛泊字野塚,63,,
01519-4503-13.zip,202602101146,利尻郡利尻富士町鴛泊字野塚,54,,
01519-4503-13.zip,202602101146,利尻郡利尻富士町鴛泊字野塚,53,,
01519-4503-13.zip,202602101146,利尻郡利尻富士町鴛泊字野塚,76-2,,
01519-4503-13.zip,202602101146,利尻郡利尻富士町鴛泊字野塚,71-2,,
01519-4503-13.zip,202602101146,利尻郡利尻富士町鴛泊字野塚,70,,
01519-4503-13.zip,202602101146,利尻郡利尻富士町鴛泊字野塚,66-2,,
01519-4503-13.zip,202602101146,利尻郡利尻富士町鴛泊字野塚,67,,
01519-4503-13.zip,202602101146,利尻郡利尻富士町鴛泊字野塚,81,,
01519-4503-13.zip,202602101146,利尻郡利尻富士町鴛泊字野塚,80-2,,
01519-4503-13.zip,202602101146,利尻郡利尻富士町鴛泊字野塚,78,,
01519-4503-13.zip,202602101146,利尻郡利尻富士町鴛泊字野塚,80-1,,
01519-4503-13.zip,202602101146,利尻郡利尻富士町鴛泊字野塚,79-2,,
01519-4503-13.zip,202602101146,利尻郡利尻富士町鴛泊字野塚,79-1,,
01519-4503-13.zip,202602101146,利尻郡利尻富士町鴛泊字野塚,68-2,,
01519-4503-13.zip,202602101146,利尻郡利尻富士町鴛泊字野塚,69,,
01519-4503-13.zip,202602101146,利尻郡利尻富士町鴛泊字野塚,59-2,,
01519-4503-13.zip,202602101146,利尻郡利尻富士町鴛泊字野塚,68-1,,
01519-4503-13.zip,202602101146,利尻郡利尻富士町鴛泊字野塚,59-1,,
01519-4503-13.zip,202602101146,利尻郡利尻富士町鴛泊字野塚,60,,
01519-4503-13.zip,202602101146,利尻郡利尻富士町鴛泊字野塚,58-2,,
01519-4503-13.zip,202602101146,利尻郡利尻富士町鴛泊字野塚,58-1,,
01519-4503-13.zip,202602101146,利尻郡利尻富士町鴛泊字野塚,57,,
01519-4503-13.zip,202602101146,利尻郡利尻富士町鴛泊字野塚,56,,
01519-4503-13.zip,202602101146,利尻郡利尻富士町鴛泊字野塚,61-2,,
01519-4503-13.zip,202602101146,利尻郡利尻富士町鴛泊字野塚,61-1,,
01519-4503-13.zip,202602101146,利尻郡利尻富士町鴛泊字野塚,55-2,,
01519-4503-13.zip,202602101146,利尻郡利尻富士町鴛泊字野塚,55-1,,
01519-4503-13.zip,202602101146,利尻郡利尻富士町鴛泊字野塚,93W1,,
01519-4503-13.zip,202602101146,利尻郡利尻富士町鴛泊字野塚,74,,
01519-4503-13.zip,202602101146,利尻郡利尻富士町鴛泊字野塚,道-110,,
01519-4503-13.zip,202602101146,利尻郡利尻富士町鴛泊字野塚,52,,
01519-4503-13.zip,202602101146,利尻郡利尻富士町鴛泊字野塚,51,,
01519-4503-13.zip,202602101146,利尻郡利尻富士町鴛泊字野塚,道-111,,
01519-4503-13.zip,202602101146,利尻郡利尻富士町鴛泊字野塚,50,,
01519-4503-13.zip,202602101146,利尻郡利尻富士町鴛泊字野塚,46,,
01519-4503-13.zip,202602101146,利尻郡利尻富士町鴛泊字野塚,48,,
01519-4503-13.zip,202602101146,利尻郡利尻富士町鴛泊字野塚,49,,
01519-4503-13.zip,202602101146,利尻郡利尻富士町鴛泊字野塚,47,,
01519-4503-13.zip,202602101146,利尻郡利尻富士町鴛泊字野塚,44-1,,
01519-4503-13.zip,202602101146,利尻郡利尻富士町鴛泊字野塚,39-2,,
01519-4503-13.zip,202602101146,利尻郡利尻富士町鴛泊字野塚,39-1,,
01519-4503-13.zip,202602101146,利尻郡利尻富士町鴛泊字野塚,38-1,,
01519-4503-13.zip,202602101146,利尻郡利尻富士町鴛泊字野塚,38-2,,
01519-4503-13.zip,202602101146,利尻郡利尻富士町鴛泊字野塚,37-7,,
01519-4503-13.zip,202602101146,利尻郡利尻富士町鴛泊字野塚,37-10,,
01519-4503-13.zip,202602101146,利尻郡利尻富士町鴛泊字野塚,37-6,,
01519-4503-13.zip,202602101146,利尻郡利尻富士町鴛泊字野塚,37-5,,
01519-4503-13.zip,202602101146,利尻郡利尻富士町鴛泊字野塚,37-9,,
01519-4503-13.zip,202602101146,利尻郡利尻富士町鴛泊字野塚,37-8,,
01519-4503-13.zip,202602101146,利尻郡利尻富士町鴛泊字野塚,37-3,,
01519-4503-13.zip,202602101146,利尻郡利尻富士町鴛泊字野塚,45,,
01519-4503-13.zip,202602101146,利尻郡利尻富士町鴛泊字野塚,42-1,,
01519-4503-13.zip,202602101146,利尻郡利尻富士町鴛泊字野塚,42-2,,
01519-4503-13.zip,202602101146,利尻郡利尻富士町鴛泊字野塚,44-2,,
01519-4503-13.zip,202602101146,利尻郡利尻富士町鴛泊字野塚,44-4,,
01519-4503-13.zip,202602101146,利尻郡利尻富士町鴛泊字野塚,44-3,,
01519-4503-13.zip,202602101146,利尻郡利尻富士町鴛泊字野塚,43,,
01519-4503-13.zip,202602101146,利尻郡利尻富士町鴛泊字野塚,41,,
01519-4503-13.zip,202602101146,利尻郡利尻富士町鴛泊字野塚,37-4,,
01519-4503-13.zip,202602101146,利尻郡利尻富士町鴛泊字野塚,37-2,,
01519-4503-13.zip,202602101146,利尻郡利尻富士町鴛泊字野塚,37-1,,
01519-4503-13.zip,202602101146,利尻郡利尻富士町鴛泊字野塚,40,,
01519-4503-13.zip,202602101146,利尻郡利尻富士町鴛泊字野塚,道-112,,
01519-4503-13.zip,202602101146,利尻郡利尻富士町鴛泊字野塚,35-2,,
01519-4503-13.zip,202602101146,利尻郡利尻富士町鴛泊字野塚,33-2,,
01519-4503-13.zip,202602101146,利尻郡利尻富士町鴛泊字野塚,32-2,,
01519-4503-13.zip,202602101146,利尻郡利尻富士町鴛泊字野塚,29,,
01519-4503-13.zip,202602101146,利尻郡利尻富士町鴛泊字野塚,30,,
01519-4503-13.zip,202602101146,利尻郡利尻富士町鴛泊字野塚,31,,
01519-4503-13.zip,202602101146,利尻郡利尻富士町鴛泊字野塚,道-113,,
01519-4503-13.zip,202602101146,利尻郡利尻富士町鴛泊字野塚,94,,
01519-4503-13.zip,202602101146,利尻郡利尻富士町鴛泊字野塚,93W2,,
01519-4503-13.zip,202602101146,利尻郡利尻富士町鴛泊字野塚,95V1,,
01519-4503-13.zip,202602101146,利尻郡利尻富士町鴛泊字野塚,84,,
01519-4503-13.zip,202602101146,利尻郡利尻富士町鴛泊字野塚,85-1,,
01519-4503-13.zip,202602101146,利尻郡利尻富士町鴛泊字野塚,95V2,,
01519-4503-13.zip,202602101146,利尻郡利尻富士町鴛泊字野塚,90-1,,
01519-4503-13.zip,202602101146,利尻郡利尻富士町鴛泊字野塚,86-1,,
01519-4503-13.zip,202602101146,利尻郡利尻富士町鴛泊字野塚,85-3,,
01519-4503-13.zip,202602101146,利尻郡利尻富士町鴛泊字野塚,85-4,,
01519-4503-13.zip,202602101146,利尻郡利尻富士町鴛泊字野塚,86-3,,
01519-4503-13.zip,202602101146,利尻郡利尻富士町鴛泊字野塚,86-2,,
01519-4503-13.zip,202602101146,利尻郡利尻富士町鴛泊字野塚,90-2,,
01519-4503-13.zip,202602101146,利尻郡利尻富士町鴛泊字野塚,道-114,,
01519-4503-13.zip,202602101146,利尻郡利尻富士町鴛泊字野塚,85-2,,
01519-4503-13.zip,202602101146,利尻郡利尻富士町鴛泊字野塚,87-4,,
01519-4503-13.zip,202602101146,利尻郡利尻富士町鴛泊字野塚,461-2,,
01519-4503-13.zip,202602101146,利尻郡利尻富士町鴛泊字野塚,461-1,,
01519-4503-13.zip,202602101146,利尻郡利尻富士町鴛泊字野塚,長狭物不明-33,,
01519-4503-13.zip,202602101146,利尻郡利尻富士町鴛泊字野塚,87-2,,
01519-4503-13.zip,202602101146,利尻郡利尻富士町鴛泊字野塚,87-3,,
01519-4503-13.zip,202602101146,利尻郡利尻富士町鴛泊字野塚,89-2,,
01519-4503-13.zip,202602101146,利尻郡利尻富士町鴛泊字野塚,107-10,,
01519-4503-13.zip,202602101146,利尻郡利尻富士町鴛泊字野塚,107-11,,
01519-4503-13.zip,202602101146,利尻郡利尻富士町鴛泊字野塚,107-6,,
01519-4503-13.zip,202602101146,利尻郡利尻富士町鴛泊字野塚,89-1,,
01519-4503-13.zip,202602101146,利尻郡利尻富士町鴛泊字野塚,88-1,,
01519-4503-13.zip,202602101146,利尻郡利尻富士町鴛泊字野塚,88-2,,
01519-4503-13.zip,202602101146,利尻郡利尻富士町鴛泊字野塚,87-1,,
01519-4503-13.zip,202602101146,利尻郡利尻富士町鴛泊字野塚,107-8,,
01519-4503-13.zip,202602101146,利尻郡利尻富士町鴛泊字野塚,107-5,,
01519-4503-13.zip,202602101146,利尻郡利尻富士町鴛泊字野塚,107-14,,
01519-4503-13.zip,202602101146,利尻郡利尻富士町鴛泊字野塚,107-13,,
01519-4503-13.zip,202602101146,利尻郡利尻富士町鴛泊字野塚,107-4,,
01519-4503-13.zip,202602101146,利尻郡利尻富士町鴛泊字野塚,107-1,,
01519-4503-13.zip,202602101146,利尻郡利尻富士町鴛泊字野塚,108,,
01519-4503-13.zip,202602101146,利尻郡利尻富士町鴛泊字野塚,107-2,,
01519-4503-13.zip,202602101146,利尻郡利尻富士町鴛泊字野塚,107-9,,
01519-4503-13.zip,202602101146,利尻郡利尻富士町鴛泊字野塚,107-15,,
01519-4503-13.zip,202602101146,利尻郡利尻富士町鴛泊字野塚,107-12,,
01519-4503-13.zip,202602101146,利尻郡利尻富士町鴛泊字野塚,107-3,,
01519-4503-13.zip,202602101146,利尻郡利尻富士町鴛泊字野塚,107-7,,
01519-4503-13.zip,202602101146,利尻郡利尻富士町鴛泊字野塚,462,,
01519-4503-13.zip,202602101146,利尻郡利尻富士町鴛泊字野塚,154,,
01519-4503-13.zip,202602101146,利尻郡利尻富士町鴛泊字野塚,道-115,,
01519-4503-13.zip,202602101146,利尻郡利尻富士町鴛泊字野塚,152,,
01519-4503-13.zip,202602101146,利尻郡利尻富士町鴛泊字野塚,153,,
01519-4503-13.zip,202602101146,利尻郡利尻富士町鴛泊字野塚,98,,
01519-4503-13.zip,202602101146,利尻郡利尻富士町鴛泊字野塚,100,,
01519-4503-13.zip,202602101146,利尻郡利尻富士町鴛泊字野塚,97,,
01519-4503-13.zip,202602101146,利尻郡利尻富士町鴛泊字野塚,123,,
01519-4503-13.zip,202602101146,利尻郡利尻富士町鴛泊字野塚,124,,
01519-4503-13.zip,202602101146,利尻郡利尻富士町鴛泊字野塚,122,,
01519-4503-13.zip,202602101146,利尻郡利尻富士町鴛泊字野塚,121,,
01519-4503-13.zip,202602101146,利尻郡利尻富士町鴛泊字野塚,125-2,,
01519-4503-13.zip,202602101146,利尻郡利尻富士町鴛泊字野塚,125-1,,
01519-4503-13.zip,202602101146,利尻郡利尻富士町鴛泊字野塚,133,,
01519-4503-13.zip,202602101146,利尻郡利尻富士町鴛泊字野塚,126-1,,
01519-4503-13.zip,202602101146,利尻郡利尻富士町鴛泊字野塚,126-5,,
01519-4503-13.zip,202602101146,利尻郡利尻富士町鴛泊字野塚,126-4,,
01519-4503-13.zip,202602101146,利尻郡利尻富士町鴛泊字野塚,126-3,,
01519-4503-13.zip,202602101146,利尻郡利尻富士町鴛泊字野塚,116-1,,
01519-4503-13.zip,202602101146,利尻郡利尻富士町鴛泊字野塚,116-3,,
01519-4503-13.zip,202602101146,利尻郡利尻富士町鴛泊字野塚,116-2,,
01519-4503-13.zip,202602101146,利尻郡利尻富士町鴛泊字野塚,113-2,,
01519-4503-13.zip,202602101146,利尻郡利尻富士町鴛泊字野塚,113-3,,
01519-4503-13.zip,202602101146,利尻郡利尻富士町鴛泊字野塚,113-1,,
01519-4503-13.zip,202602101146,利尻郡利尻富士町鴛泊字野塚,110-1,,
01519-4503-13.zip,202602101146,利尻郡利尻富士町鴛泊字野塚,110-4,,
01519-4503-13.zip,202602101146,利尻郡利尻富士町鴛泊字野塚,110-3,,
01519-4503-13.zip,202602101146,利尻郡利尻富士町鴛泊字野塚,道-116,,
01519-4503-13.zip,202602101146,利尻郡利尻富士町鴛泊字野塚,110-2,,
01519-4503-13.zip,202602101146,利尻郡利尻富士町鴛泊字野塚,103-7,,
01519-4503-13.zip,202602101146,利尻郡利尻富士町鴛泊字野塚,103-2,,
01519-4503-13.zip,202602101146,利尻郡利尻富士町鴛泊字野塚,103-8,,
01519-4503-13.zip,202602101146,利尻郡利尻富士町鴛泊字野塚,103-3,,
01519-4503-13.zip,202602101146,利尻郡利尻富士町鴛泊字野塚,103-4,,
01519-4503-13.zip,202602101146,利尻郡利尻富士町鴛泊字野塚,103-9,,
01519-4503-13.zip,202602101146,利尻郡利尻富士町鴛泊字野塚,103-5,,
01519-4503-13.zip,202602101146,利尻郡利尻富士町鴛泊字野塚,103-1,,
01519-4503-13.zip,202602101146,利尻郡利尻富士町鴛泊字野塚,103-6,,
01519-4503-13.zip,202602101146,利尻郡利尻富士町鴛泊字野塚,103-10,,
01519-4503-13.zip,202602101146,利尻郡利尻富士町鴛泊字野塚,103-11,,
01519-4503-13.zip,202602101146,利尻郡利尻富士町鴛泊字野塚,101-2,,
01519-4503-13.zip,202602101146,利尻郡利尻富士町鴛泊字野塚,101-1,,
01519-4503-13.zip,202602101146,利尻郡利尻富士町鴛泊字野塚,103-12,,
01519-4503-13.zip,202602101146,利尻郡利尻富士町鴛泊字野塚,127-2,,
01519-4503-13.zip,202602101146,利尻郡利尻富士町鴛泊字野塚,127-3,,
01519-4503-13.zip,202602101146,利尻郡利尻富士町鴛泊字野塚,115-3,,
01519-4503-13.zip,202602101146,利尻郡利尻富士町鴛泊字野塚,127-1,,
01519-4503-13.zip,202602101146,利尻郡利尻富士町鴛泊字野塚,115-2,,
01519-4503-13.zip,202602101146,利尻郡利尻富士町鴛泊字野塚,115-1,,
01519-4503-13.zip,202602101146,利尻郡利尻富士町鴛泊字野塚,114,,
01519-4503-13.zip,202602101146,利尻郡利尻富士町鴛泊字野塚,109,,
01519-4503-13.zip,202602101146,利尻郡利尻富士町鴛泊字野塚,192,,
01519-4503-13.zip,202602101146,利尻郡利尻富士町鴛泊字野塚,191,,
01519-4503-13.zip,202602101146,利尻郡利尻富士町鴛泊字野塚,174,,
01519-4503-13.zip,202602101146,利尻郡利尻富士町鴛泊字野塚,156,,
01519-4503-13.zip,202602101146,利尻郡利尻富士町鴛泊字野塚,157,,
01519-4503-13.zip,202602101146,利尻郡利尻富士町鴛泊字野塚,151-2,,
01519-4503-13.zip,202602101146,利尻郡利尻富士町鴛泊字野塚,151-1,,
01519-4503-13.zip,202602101146,利尻郡利尻富士町鴛泊字野塚,150-1,,
01519-4503-13.zip,202602101146,利尻郡利尻富士町鴛泊字野塚,150-2,,
01519-4503-13.zip,202602101146,利尻郡利尻富士町鴛泊字野塚,149,,
01519-4503-13.zip,202602101146,利尻郡利尻富士町鴛泊字野塚,141-1,,
01519-4503-13.zip,202602101146,利尻郡利尻富士町鴛泊字野塚,140-1,,
01519-4503-13.zip,202602101146,利尻郡利尻富士町鴛泊字野塚,134,,
01519-4503-13.zip,202602101146,利尻郡利尻富士町鴛泊字野塚,道-117,,
01519-4503-13.zip,202602101146,利尻郡利尻富士町鴛泊字野塚,132-1,,
01519-4503-13.zip,202602101146,利尻郡利尻富士町鴛泊字野塚,132-2,,
01519-4503-13.zip,202602101146,利尻郡利尻富士町鴛泊字野塚,131,,
01519-4503-13.zip,202602101146,利尻郡利尻富士町鴛泊字野塚,190,,
01519-4503-13.zip,202602101146,利尻郡利尻富士町鴛泊字野塚,189,,
01519-4503-13.zip,202602101146,利尻郡利尻富士町鴛泊字野塚,176,,
01519-4503-13.zip,202602101146,利尻郡利尻富士町鴛泊字野塚,175,,
01519-4503-13.zip,202602101146,利尻郡利尻富士町鴛泊字野塚,187,,
01519-4503-13.zip,202602101146,利尻郡利尻富士町鴛泊字野塚,186,,
01519-4503-13.zip,202602101146,利尻郡利尻富士町鴛泊字野塚,178,,
01519-4503-13.zip,202602101146,利尻郡利尻富士町鴛泊字野塚,179,,
01519-4503-13.zip,202602101146,利尻郡利尻富士町鴛泊字野塚,170,,
01519-4503-13.zip,202602101146,利尻郡利尻富士町鴛泊字野塚,165,,
01519-4503-13.zip,202602101146,利尻郡利尻富士町鴛泊字野塚,169,,
01519-4503-13.zip,202602101146,利尻郡利尻富士町鴛泊字野塚,166,,
01519-4503-13.zip,202602101146,利尻郡利尻富士町鴛泊字野塚,164,,
01519-4503-13.zip,202602101146,利尻郡利尻富士町鴛泊字野塚,163,,
01519-4503-13.zip,202602101146,利尻郡利尻富士町鴛泊字野塚,158,,
01519-4503-13.zip,202602101146,利尻郡利尻富士町鴛泊字野塚,159,,
01519-4503-13.zip,202602101146,利尻郡利尻富士町鴛泊字野塚,道-118,,
01519-4503-13.zip,202602101146,利尻郡利尻富士町鴛泊字野塚,148,,
01519-4503-13.zip,202602101146,利尻郡利尻富士町鴛泊字野塚,142,,
01519-4503-13.zip,202602101146,利尻郡利尻富士町鴛泊字野塚,141-2,,
01519-4503-13.zip,202602101146,利尻郡利尻富士町鴛泊字野塚,140-2,,
01519-4503-13.zip,202602101146,利尻郡利尻富士町鴛泊字野塚,139,,
01519-4503-13.zip,202602101146,利尻郡利尻富士町鴛泊字野塚,188,,
01519-4503-13.zip,202602101146,利尻郡利尻富士町鴛泊字野塚,161,,
01519-4503-13.zip,202602101146,利尻郡利尻富士町鴛泊字野塚,162-2,,
01519-4503-13.zip,202602101146,利尻郡利尻富士町鴛泊字野塚,143-4,,
01519-4503-13.zip,202602101146,利尻郡利尻富士町鴛泊字野塚,162-1,,
01519-4503-13.zip,202602101146,利尻郡利尻富士町鴛泊字野塚,143-7,,
01519-4503-13.zip,202602101146,利尻郡利尻富士町鴛泊字野塚,143-5,,
01519-4503-13.zip,202602101146,利尻郡利尻富士町鴛泊字野塚,143-3,,
01519-4503-13.zip,202602101146,利尻郡利尻富士町鴛泊字野塚,143-2,,
01519-4503-13.zip,202602101146,利尻郡利尻富士町鴛泊字野塚,143-6,,
01519-4503-13.zip,202602101146,利尻郡利尻富士町鴛泊字野塚,143-8,,
01519-4503-13.zip,202602101146,利尻郡利尻富士町鴛泊字野塚,143-1,,
01519-4503-13.zip,202602101146,利尻郡利尻富士町鴛泊字野塚,138-2,,
01519-4503-13.zip,202602101146,利尻郡利尻富士町鴛泊字野塚,136-2,,
01519-4503-13.zip,202602101146,利尻郡利尻富士町鴛泊字野塚,136-3,,
01519-4503-13.zip,202602101146,利尻郡利尻富士町鴛泊字野塚,138-1,,
01519-4503-13.zip,202602101146,利尻郡利尻富士町鴛泊字野塚,136-1,,
01519-4503-13.zip,202602101146,利尻郡利尻富士町鴛泊字野塚,137,,
01519-4503-13.zip,202602101146,利尻郡利尻富士町鴛泊字野塚,146,,
01519-4503-13.zip,202602101146,利尻郡利尻富士町鴛泊字野塚,184-2,,
01519-4503-13.zip,202602101146,利尻郡利尻富士町鴛泊字野塚,184-1,,
01519-4503-13.zip,202602101146,利尻郡利尻富士町鴛泊字野塚,182,,
01519-4503-13.zip,202602101146,利尻郡利尻富士町鴛泊字野塚,181-1,,
01519-4503-13.zip,202602101146,利尻郡利尻富士町鴛泊字野塚,183-1,,
01519-4503-13.zip,202602101146,利尻郡利尻富士町鴛泊字野塚,183-2,,
01519-4503-13.zip,202602101146,利尻郡利尻富士町鴛泊字野塚,180-2,,
01519-4503-13.zip,202602101146,利尻郡利尻富士町鴛泊字野塚,180-1,,
01519-4503-13.zip,202602101146,利尻郡利尻富士町鴛泊字野塚,181-2,,
01519-4503-13.zip,202602101146,利尻郡利尻富士町鴛泊字野塚,160,,
01519-4503-13.zip,202602101146,利尻郡利尻富士町鴛泊字野塚,130,,
01519-4503-13.zip,202602101146,利尻郡利尻富士町鴛泊字野塚,129-2,,
01519-4503-13.zip,202602101146,利尻郡利尻富士町鴛泊字野塚,129-1,,
01519-4503-13.zip,202602101146,利尻郡利尻富士町鴛泊字野塚,128,,
01519-4503-13.zip,202602101146,利尻郡利尻富士町鴛泊字野塚,208-1,,
01519-4503-13.zip,202602101146,利尻郡利尻富士町鴛泊字野塚,185-1,,
01519-4503-13.zip,202602101146,利尻郡利尻富士町鴛泊字野塚,185-2,,
01519-4503-13.zip,202602101146,利尻郡利尻富士町鴛泊字野塚,208-2,,
01519-4503-13.zip,202602101146,利尻郡利尻富士町鴛泊字野塚,道-119,,
01519-4503-13.zip,202602101146,利尻郡利尻富士町鴛泊字野塚,202-3,,
01519-4503-13.zip,202602101146,利尻郡利尻富士町鴛泊字野塚,224,,
01519-4503-13.zip,202602101146,利尻郡利尻富士町鴛泊字野塚,232,,
01519-4503-13.zip,202602101146,利尻郡利尻富士町鴛泊字野塚,202-2,,
01519-4503-13.zip,202602101146,利尻郡利尻富士町鴛泊字野塚,222,,
01519-4503-13.zip,202602101146,利尻郡利尻富士町鴛泊字野塚,223-2,,
01519-4503-13.zip,202602101146,利尻郡利尻富士町鴛泊字野塚,223-1,,
01519-4503-13.zip,202602101146,利尻郡利尻富士町鴛泊字野塚,226,,
01519-4503-13.zip,202602101146,利尻郡利尻富士町鴛泊字野塚,225-1,,
01519-4503-13.zip,202602101146,利尻郡利尻富士町鴛泊字野塚,225-2,,
01519-4503-13.zip,202602101146,利尻郡利尻富士町鴛泊字野塚,231-2,,
01519-4503-13.zip,202602101146,利尻郡利尻富士町鴛泊字野塚,231-1,,
01519-4503-13.zip,202602101146,利尻郡利尻富士町鴛泊字野塚,207V1,,
01519-4503-13.zip,202602101146,利尻郡利尻富士町鴛泊字野塚,209,,
01519-4503-13.zip,202602101146,利尻郡利尻富士町鴛泊字野塚,210,,
01519-4503-13.zip,202602101146,利尻郡利尻富士町鴛泊字野塚,211,,
01519-4503-13.zip,202602101146,利尻郡利尻富士町鴛泊字野塚,207V2,,
01519-4503-13.zip,202602101146,利尻郡利尻富士町鴛泊字野塚,206,,
01519-4503-13.zip,202602101146,利尻郡利尻富士町鴛泊字野塚,203-1,,
01519-4503-13.zip,202602101146,利尻郡利尻富士町鴛泊字野塚,203-2,,
01519-4503-13.zip,202602101146,利尻郡利尻富士町鴛泊字野塚,205-2,,
01519-4503-13.zip,202602101146,利尻郡利尻富士町鴛泊字野塚,205-1,,
01519-4503-13.zip,202602101146,利尻郡利尻富士町鴛泊字野塚,216,,
01519-4503-13.zip,202602101146,利尻郡利尻富士町鴛泊字野塚,218-1,,
01519-4503-13.zip,202602101146,利尻郡利尻富士町鴛泊字野塚,204,,
01519-4503-13.zip,202602101146,利尻郡利尻富士町鴛泊字野塚,220,,
01519-4503-13.zip,202602101146,利尻郡利尻富士町鴛泊字野塚,218-2,,
01519-4503-13.zip,202602101146,利尻郡利尻富士町鴛泊字野塚,221,,
01519-4503-13.zip,202602101146,利尻郡利尻富士町鴛泊字野塚,219-2,,
01519-4503-13.zip,202602101146,利尻郡利尻富士町鴛泊字野塚,219-1,,
01519-4503-13.zip,202602101146,利尻郡利尻富士町鴛泊字野塚,233,,
01519-4503-13.zip,202602101146,利尻郡利尻富士町鴛泊字野塚,235-2,,
01519-4503-13.zip,202602101146,利尻郡利尻富士町鴛泊字野塚,251,,
01519-4503-13.zip,202602101146,利尻郡利尻富士町鴛泊字野塚,237,,
01519-4503-13.zip,202602101146,利尻郡利尻富士町鴛泊字野塚,236,,
01519-4503-13.zip,202602101146,利尻郡利尻富士町鴛泊字野塚,235-1,,
01519-4503-13.zip,202602101146,利尻郡利尻富士町鴛泊字野塚,234,,
01519-4503-13.zip,202602101146,利尻郡利尻富士町鴛泊字野塚,217,,
01519-4503-13.zip,202602101146,利尻郡利尻富士町鴛泊字野塚,215,,
01519-4503-13.zip,202602101146,利尻郡利尻富士町鴛泊字野塚,243,,
01519-4503-13.zip,202602101146,利尻郡利尻富士町鴛泊字野塚,242,,
01519-4503-13.zip,202602101146,利尻郡利尻富士町鴛泊字野塚,241,,
01519-4503-13.zip,202602101146,利尻郡利尻富士町鴛泊字野塚,239,,
01519-4503-13.zip,202602101146,利尻郡利尻富士町鴛泊字野塚,238,,
01519-4503-13.zip,202602101146,利尻郡利尻富士町鴛泊字野塚,240,,
01519-4503-13.zip,202602101146,利尻郡利尻富士町鴛泊字野塚,250,,
01519-4503-13.zip,202602101146,利尻郡利尻富士町鴛泊字野塚,245,,
01519-4503-13.zip,202602101146,利尻郡利尻富士町鴛泊字野塚,247,,
01519-4503-13.zip,202602101146,利尻郡利尻富士町鴛泊字野塚,246,,
01519-4503-13.zip,202602101146,利尻郡利尻富士町鴛泊字野塚,244,,
01519-4503-13.zip,202602101146,利尻郡利尻富士町鴛泊字野塚,長狭物不明-34,,
01519-4503-13.zip,202602101146,利尻郡利尻富士町鴛泊字野塚,道-120,,
01519-4503-13.zip,202602101146,利尻郡利尻富士町鴛泊字野塚,193-4,,
01519-4503-13.zip,202602101146,利尻郡利尻富士町鴛泊字野塚,193-3,,
01519-4503-13.zip,202602101146,利尻郡利尻富士町鴛泊字野塚,193-2,,
01519-4503-13.zip,202602101146,利尻郡利尻富士町鴛泊字野塚,193-1,,
01519-4503-13.zip,202602101146,利尻郡利尻富士町鴛泊字野塚,227,,
01519-4503-13.zip,202602101146,利尻郡利尻富士町鴛泊字野塚,228,,
01519-4503-13.zip,202602101146,利尻郡利尻富士町鴛泊字野塚,256,,
01519-4503-13.zip,202602101146,利尻郡利尻富士町鴛泊字野塚,257-2,,
01519-4503-13.zip,202602101146,利尻郡利尻富士町鴛泊字野塚,257-1,,
01519-4503-13.zip,202602101146,利尻郡利尻富士町鴛泊字野塚,230,,
01519-4503-13.zip,202602101146,利尻郡利尻富士町鴛泊字野塚,229,,
01519-4503-13.zip,202602101146,利尻郡利尻富士町鴛泊字野塚,258-1,,
01519-4503-13.zip,202602101146,利尻郡利尻富士町鴛泊字野塚,258-3,,
01519-4503-13.zip,202602101146,利尻郡利尻富士町鴛泊字野塚,258-2,,
01519-4503-13.zip,202602101146,利尻郡利尻富士町鴛泊字野塚,263-1,,
01519-4503-13.zip,202602101146,利尻郡利尻富士町鴛泊字野塚,263-2,,
01519-4503-13.zip,202602101146,利尻郡利尻富士町鴛泊字野塚,262,,
01519-4503-13.zip,202602101146,利尻郡利尻富士町鴛泊字野塚,265,,
01519-4503-13.zip,202602101146,利尻郡利尻富士町鴛泊字野塚,264-2,,
01519-4503-13.zip,202602101146,利尻郡利尻富士町鴛泊字野塚,263-3,,
01519-4503-13.zip,202602101146,利尻郡利尻富士町鴛泊字野塚,264-1,,
01519-4503-13.zip,202602101146,利尻郡利尻富士町鴛泊字野塚,268,,
01519-4503-13.zip,202602101146,利尻郡利尻富士町鴛泊字野塚,269-2,,
01519-4503-13.zip,202602101146,利尻郡利尻富士町鴛泊字野塚,269-1,,
01519-4503-13.zip,202602101146,利尻郡利尻富士町鴛泊字野塚,270-1,,
01519-4503-13.zip,202602101146,利尻郡利尻富士町鴛泊字野塚,270-2,,
01519-4503-13.zip,202602101146,利尻郡利尻富士町鴛泊字野塚,271,,
01519-4503-13.zip,202602101146,利尻郡利尻富士町鴛泊字野塚,276,,
01519-4503-13.zip,202602101146,利尻郡利尻富士町鴛泊字野塚,277-3,,
01519-4503-13.zip,202602101146,利尻郡利尻富士町鴛泊字野塚,277-2,,
01519-4503-13.zip,202602101146,利尻郡利尻富士町鴛泊字野塚,277-1,,
01519-4503-13.zip,202602101146,利尻郡利尻富士町鴛泊字野塚,259-1,,
01519-4503-13.zip,202602101146,利尻郡利尻富士町鴛泊字野塚,259-2,,
01519-4503-13.zip,202602101146,利尻郡利尻富士町鴛泊字野塚,260,,
01519-4503-13.zip,202602101146,利尻郡利尻富士町鴛泊字野塚,261-2,,
01519-4503-13.zip,202602101146,利尻郡利尻富士町鴛泊字野塚,261-3,,
01519-4503-13.zip,202602101146,利尻郡利尻富士町鴛泊字野塚,261-1,,
01519-4503-13.zip,202602101146,利尻郡利尻富士町鴛泊字野塚,267-1,,
01519-4503-13.zip,202602101146,利尻郡利尻富士町鴛泊字野塚,273-1,,
01519-4503-13.zip,202602101146,利尻郡利尻富士町鴛泊字野塚,272,,
01519-4503-13.zip,202602101146,利尻郡利尻富士町鴛泊字野塚,266,,
01519-4503-13.zip,202602101146,利尻郡利尻富士町鴛泊字野塚,273-2,,
01519-4503-13.zip,202602101146,利尻郡利尻富士町鴛泊字野塚,267-2,,
01519-4503-13.zip,202602101146,利尻郡利尻富士町鴛泊字野塚,道-121,,
01519-4503-13.zip,202602101146,利尻郡利尻富士町鴛泊字湾内,道-122,,
01519-4503-13.zip,202602101146,利尻郡利尻富士町鴛泊字野塚,282-1,,
01519-4503-13.zip,202602101146,利尻郡利尻富士町鴛泊字野塚,281,,
01519-4503-13.zip,202602101146,利尻郡利尻富士町鴛泊字野塚,282-2,,
01519-4503-13.zip,202602101146,利尻郡利尻富士町鴛泊字野塚,283-2,,
01519-4503-13.zip,202602101146,利尻郡利尻富士町鴛泊字野塚,283-1,,
01519-4503-13.zip,202602101146,利尻郡利尻富士町鴛泊字野塚,道-123,,
01519-4503-13.zip,202602101146,利尻郡利尻富士町鴛泊字野塚,280,,
01519-4503-13.zip,202602101146,利尻郡利尻富士町鴛泊字野塚,284,,
01519-4503-13.zip,202602101146,利尻郡利尻富士町鴛泊字野塚,287-3,,
01519-4503-13.zip,202602101146,利尻郡利尻富士町鴛泊字野塚,287-4,,
01519-4503-13.zip,202602101146,利尻郡利尻富士町鴛泊字野塚,287-2,,
01519-4503-13.zip,202602101146,利尻郡利尻富士町鴛泊字野塚,287-1,,
01519-4503-13.zip,202602101146,利尻郡利尻富士町鴛泊字野塚,288,,
01519-4503-13.zip,202602101146,利尻郡利尻富士町鴛泊字野塚,287-5,,
01519-4503-13.zip,202602101146,利尻郡利尻富士町鴛泊字野塚,287-6,,
01519-4503-13.zip,202602101146,利尻郡利尻富士町鴛泊字野塚,279-2,,
01519-4503-13.zip,202602101146,利尻郡利尻富士町鴛泊字野塚,465-1,,
01519-4503-13.zip,202602101146,利尻郡利尻富士町鴛泊字野塚,279-1,,
01519-4503-13.zip,202602101146,利尻郡利尻富士町鴛泊字野塚,465-2,,
01519-4503-13.zip,202602101146,利尻郡利尻富士町鴛泊字野塚,290,,
01519-4503-13.zip,202602101146,利尻郡利尻富士町鴛泊字野塚,291,,
01519-4503-13.zip,202602101146,利尻郡利尻富士町鴛泊字野塚,292,,
01519-4503-13.zip,202602101146,利尻郡利尻富士町鴛泊字野塚,293,,
01519-4503-13.zip,202602101146,利尻郡利尻富士町鴛泊字湾内,水-17,,
01519-4503-13.zip,202602101146,利尻郡利尻富士町鴛泊字湾内,長狭物不明-35,,
01519-4503-13.zip,202602101146,利尻郡利尻富士町鴛泊字湾内,水-18,,
01519-4503-13.zip,202602101146,利尻郡利尻富士町鴛泊字湾内,水-19,,
01519-4503-13.zip,202602101146,利尻郡利尻富士町鴛泊字湾内,水-20,,
01519-4503-13.zip,202602101146,利尻郡利尻富士町鴛泊字湾内,長狭物不明-36,,
01519-4503-13.zip,202602101146,利尻郡利尻富士町鴛泊字湾内,長狭物不明-37,,
01519-4503-13.zip,202602101146,利尻郡利尻富士町鴛泊字湾内,長狭物不明-38,,
01519-4503-13.zip,202602101146,利尻郡利尻富士町鴛泊字湾内,166,,
01519-4503-13.zip,202602101146,利尻郡利尻富士町鴛泊字湾内,270,,
01519-4503-13.zip,202602101146,利尻郡利尻富士町鴛泊字湾内,長狭物不明-39,,
01519-4503-13.zip,202602101146,利尻郡利尻富士町鴛泊字湾内,9-6,,
01519-4503-13.zip,202602101146,利尻郡利尻富士町鴛泊字湾内,9-4,,
01519-4503-13.zip,202602101146,利尻郡利尻富士町鴛泊字湾内,9-1,,
01519-4503-13.zip,202602101146,利尻郡利尻富士町鴛泊字湾内,長狭物不明-40,,
01519-4503-13.zip,202602101146,利尻郡利尻富士町鴛泊字湾内,長狭物不明-41,,
01519-4503-13.zip,202602101146,利尻郡利尻富士町鴛泊字湾内,8-5,,
01519-4503-13.zip,202602101146,利尻郡利尻富士町鴛泊字湾内,8-4,,
01519-4503-13.zip,202602101146,利尻郡利尻富士町鴛泊字湾内,道-124,,
01519-4503-13.zip,202602101146,利尻郡利尻富士町鴛泊字湾内,8-1,,
01519-4503-13.zip,202602101146,利尻郡利尻富士町鴛泊字湾内,9-2,,
01519-4503-13.zip,202602101146,利尻郡利尻富士町鴛泊字湾内,道-125,,
01519-4503-13.zip,202602101146,利尻郡利尻富士町鴛泊字湾内,9-3,,
01519-4503-13.zip,202602101146,利尻郡利尻富士町鴛泊字湾内,9-5,,
01519-4503-13.zip,202602101146,利尻郡利尻富士町鴛泊字湾内,道-126,,
01519-4503-13.zip,202602101146,利尻郡利尻富士町鴛泊字湾内,13-2,,
01519-4503-13.zip,202602101146,利尻郡利尻富士町鴛泊字湾内,165-2,,
01519-4503-13.zip,202602101146,利尻郡利尻富士町鴛泊字湾内,165-1,,
01519-4503-13.zip,202602101146,利尻郡利尻富士町鴛泊字湾内,長狭物不明-42,,
01519-4503-13.zip,202602101146,利尻郡利尻富士町鴛泊字湾内,水-21,,
01519-4503-13.zip,202602101146,利尻郡利尻富士町鴛泊字湾内,長狭物不明-43,,
01519-4503-13.zip,202602101146,利尻郡利尻富士町鴛泊字湾内,157,,
01519-4503-13.zip,202602101146,利尻郡利尻富士町鴛泊字湾内,道-127,,
01519-4503-13.zip,202602101146,利尻郡利尻富士町鴛泊字湾内,158,,
01519-4503-13.zip,202602101146,利尻郡利尻富士町鴛泊字湾内,159,,
01519-4503-13.zip,202602101146,利尻郡利尻富士町鴛泊字湾内,156,,
01519-4503-13.zip,202602101146,利尻郡利尻富士町鴛泊字湾内,155,,
01519-4503-13.zip,202602101146,利尻郡利尻富士町鴛泊字湾内,154,,
01519-4503-13.zip,202602101146,利尻郡利尻富士町鴛泊字湾内,179,,
01519-4503-13.zip,202602101146,利尻郡利尻富士町鴛泊字湾内,180,,
01519-4503-13.zip,202602101146,利尻郡利尻富士町鴛泊字湾内,長狭物不明-44,,
01519-4503-13.zip,202602101146,利尻郡利尻富士町鴛泊字湾内,水-22,,
01519-4503-13.zip,202602101146,利尻郡利尻富士町鴛泊字湾内,長狭物不明-45,,
01519-4503-13.zip,202602101146,利尻郡利尻富士町鴛泊字湾内,道-128,,
01519-4503-13.zip,202602101146,利尻郡利尻富士町鴛泊字湾内,19,,
01519-4503-13.zip,202602101146,利尻郡利尻富士町鴛泊字湾内,道-129,,
01519-4503-13.zip,202602101146,利尻郡利尻富士町鴛泊字湾内,長狭物不明-46,,
01519-4503-13.zip,202602101146,利尻郡利尻富士町鴛泊字湾内,17-2,,
01519-4503-13.zip,202602101146,利尻郡利尻富士町鴛泊字湾内,17-3,,
01519-4503-13.zip,202602101146,利尻郡利尻富士町鴛泊字湾内,17-1,,
01519-4503-13.zip,202602101146,利尻郡利尻富士町鴛泊字湾内,15,,
01519-4503-13.zip,202602101146,利尻郡利尻富士町鴛泊字湾内,道-130,,
01519-4503-13.zip,202602101146,利尻郡利尻富士町鴛泊字湾内,14-2,,
01519-4503-13.zip,202602101146,利尻郡利尻富士町鴛泊字湾内,道-131,,
01519-4503-13.zip,202602101146,利尻郡利尻富士町鴛泊字湾内,14-1,,
01519-4503-13.zip,202602101146,利尻郡利尻富士町鴛泊字湾内,272,,
01519-4503-13.zip,202602101146,利尻郡利尻富士町鴛泊字湾内,長狭物不明-47,,
01519-4503-13.zip,202602101146,利尻郡利尻富士町鴛泊字湾内,長狭物不明-48,,
01519-4503-13.zip,202602101146,利尻郡利尻富士町鴛泊字湾内,長狭物不明-49,,
01519-4503-13.zip,202602101146,利尻郡利尻富士町鴛泊字湾内,長狭物不明-50,,
01519-4503-13.zip,202602101146,利尻郡利尻富士町鴛泊字湾内,水-23,,
01519-4503-13.zip,202602101146,利尻郡利尻富士町鴛泊字湾内,水-24,,
01519-4503-13.zip,202602101146,利尻郡利尻富士町鴛泊字湾内,水-25,,
01519-4503-13.zip,202602101146,利尻郡利尻富士町鴛泊字湾内,道-132,,
01519-4503-13.zip,202602101146,利尻郡利尻富士町鴛泊字湾内,長狭物不明-51,,
01519-4503-13.zip,202602101146,利尻郡利尻富士町鴛泊字湾内,22-12,,
01519-4503-13.zip,202602101146,利尻郡利尻富士町鴛泊字湾内,22-10,,
01519-4503-13.zip,202602101146,利尻郡利尻富士町鴛泊字湾内,22-11,,
01519-4503-13.zip,202602101146,利尻郡利尻富士町鴛泊字湾内,22-13,,
01519-4503-13.zip,202602101146,利尻郡利尻富士町鴛泊字湾内,22-24,,
01519-4503-13.zip,202602101146,利尻郡利尻富士町鴛泊字湾内,22-23,,
01519-4503-13.zip,202602101146,利尻郡利尻富士町鴛泊字湾内,22-9,,
01519-4503-13.zip,202602101146,利尻郡利尻富士町鴛泊字湾内,22-16,,
01519-4503-13.zip,202602101146,利尻郡利尻富士町鴛泊字湾内,22-26,,
01519-4503-13.zip,202602101146,利尻郡利尻富士町鴛泊字湾内,22-15,,
01519-4503-13.zip,202602101146,利尻郡利尻富士町鴛泊字湾内,22-14,,
01519-4503-13.zip,202602101146,利尻郡利尻富士町鴛泊字湾内,22-8,,
01519-4503-13.zip,202602101146,利尻郡利尻富士町鴛泊字湾内,22-6,,
01519-4503-13.zip,202602101146,利尻郡利尻富士町鴛泊字湾内,22-1,,
01519-4503-13.zip,202602101146,利尻郡利尻富士町鴛泊字湾内,22-25,,
01519-4503-13.zip,202602101146,利尻郡利尻富士町鴛泊字湾内,22-22,,
01519-4503-13.zip,202602101146,利尻郡利尻富士町鴛泊字湾内,22-18,,
01519-4503-13.zip,202602101146,利尻郡利尻富士町鴛泊字湾内,22-5,,
01519-4503-13.zip,202602101146,利尻郡利尻富士町鴛泊字湾内,22-7,,
01519-4503-13.zip,202602101146,利尻郡利尻富士町鴛泊字湾内,22-19,,
01519-4503-13.zip,202602101146,利尻郡利尻富士町鴛泊字湾内,22-20,,
01519-4503-13.zip,202602101146,利尻郡利尻富士町鴛泊字湾内,22-17,,
01519-4503-13.zip,202602101146,利尻郡利尻富士町鴛泊字湾内,22-4,,
01519-4503-13.zip,202602101146,利尻郡利尻富士町鴛泊字湾内,22-3,,
01519-4503-13.zip,202602101146,利尻郡利尻富士町鴛泊字湾内,22-21,,
01519-4503-13.zip,202602101146,利尻郡利尻富士町鴛泊字湾内,22-2,,
01519-4503-13.zip,202602101146,利尻郡利尻富士町鴛泊字湾内,20,,
01519-4503-13.zip,202602101146,利尻郡利尻富士町鴛泊字湾内,21,,
01519-4503-13.zip,202602101146,利尻郡利尻富士町鴛泊字湾内,長狭物不明-52,,
01519-4503-13.zip,202602101146,利尻郡利尻富士町鴛泊字湾内,水-26,,
01519-4503-13.zip,202602101146,利尻郡利尻富士町鴛泊字湾内,水-27,,
01519-4503-13.zip,202602101146,利尻郡利尻富士町鴛泊字湾内,水-28,,
01519-4503-13.zip,202602101146,利尻郡利尻富士町鴛泊字湾内,長狭物不明-53,,
01519-4503-13.zip,202602101146,利尻郡利尻富士町鴛泊字湾内,道-133,,
01519-4503-13.zip,202602101146,利尻郡利尻富士町鴛泊字湾内,長狭物不明-54,,
01519-4503-13.zip,202602101146,利尻郡利尻富士町鴛泊字湾内,水-29,,
01519-4503-13.zip,202602101146,利尻郡利尻富士町鴛泊字湾内,水-30,,
01519-4503-13.zip,202602101146,利尻郡利尻富士町鴛泊字湾内,長狭物不明-55,,
01519-4503-13.zip,202602101146,利尻郡利尻富士町鴛泊字湾内,32-2,,
01519-4503-13.zip,202602101146,利尻郡利尻富士町鴛泊字湾内,道-134,,
01519-4503-13.zip,202602101146,利尻郡利尻富士町鴛泊字湾内,32-1,,
01519-4503-13.zip,202602101146,利尻郡利尻富士町鴛泊字湾内,31,,
01519-4503-13.zip,202602101146,利尻郡利尻富士町鴛泊字湾内,水-31,,
01519-4503-13.zip,202602101146,利尻郡利尻富士町鴛泊字湾内,道-135,,
01519-4503-13.zip,202602101146,利尻郡利尻富士町鴛泊字湾内,29,,
01519-4503-13.zip,202602101146,利尻郡利尻富士町鴛泊字湾内,30,,
01519-4503-13.zip,202602101146,利尻郡利尻富士町鴛泊字湾内,28-1,,
01519-4503-13.zip,202602101146,利尻郡利尻富士町鴛泊字湾内,26,,
01519-4503-13.zip,202602101146,利尻郡利尻富士町鴛泊字湾内,27-1,,
01519-4503-13.zip,202602101146,利尻郡利尻富士町鴛泊字湾内,27-2,,
01519-4503-13.zip,202602101146,利尻郡利尻富士町鴛泊字湾内,28-2,,
01519-4503-13.zip,202602101146,利尻郡利尻富士町鴛泊字湾内,27-3,,
01519-4503-13.zip,202602101146,利尻郡利尻富士町鴛泊字湾内,262,,
01519-4503-13.zip,202602101146,利尻郡利尻富士町鴛泊字湾内,長狭物不明-56,,
01519-4503-13.zip,202602101146,利尻郡利尻富士町鴛泊字湾内,長狭物不明-57,,
01519-4503-13.zip,202602101146,利尻郡利尻富士町鴛泊字湾内,長狭物不明-58,,
01519-4503-13.zip,202602101146,利尻郡利尻富士町鴛泊字湾内,長狭物不明-59,,
01519-4503-13.zip,202602101146,利尻郡利尻富士町鴛泊字湾内,長狭物不明-60,,
01519-4503-13.zip,202602101146,利尻郡利尻富士町鴛泊字湾内,長狭物不明-61,,
01519-4503-13.zip,202602101146,利尻郡利尻富士町鴛泊字湾内,長狭物不明-62,,
01519-4503-13.zip,202602101146,利尻郡利尻富士町鴛泊字湾内,水-32,,
01519-4503-13.zip,202602101146,利尻郡利尻富士町鴛泊字湾内,水-33,,
01519-4503-13.zip,202602101146,利尻郡利尻富士町鴛泊字湾内,長狭物不明-63,,
01519-4503-13.zip,202602101146,利尻郡利尻富士町鴛泊字湾内,道-136,,
01519-4503-13.zip,202602101146,利尻郡利尻富士町鴛泊字湾内,47-2,,
01519-4503-13.zip,202602101146,利尻郡利尻富士町鴛泊字湾内,47-1,,
01519-4503-13.zip,202602101146,利尻郡利尻富士町鴛泊字湾内,道-137,,
01519-4503-13.zip,202602101146,利尻郡利尻富士町鴛泊字湾内,39,,
01519-4503-13.zip,202602101146,利尻郡利尻富士町鴛泊字湾内,38,,
01519-4503-13.zip,202602101146,利尻郡利尻富士町鴛泊字湾内,41-12,,
01519-4503-13.zip,202602101146,利尻郡利尻富士町鴛泊字湾内,41-1,,
01519-4503-13.zip,202602101146,利尻郡利尻富士町鴛泊字湾内,40-2,,
01519-4503-13.zip,202602101146,利尻郡利尻富士町鴛泊字湾内,40-1,,
01519-4503-13.zip,202602101146,利尻郡利尻富士町鴛泊字湾内,41-2,,
01519-4503-13.zip,202602101146,利尻郡利尻富士町鴛泊字湾内,41-3,,
01519-4503-13.zip,202602101146,利尻郡利尻富士町鴛泊字湾内,37,,
01519-4503-13.zip,202602101146,利尻郡利尻富士町鴛泊字湾内,41-11,,
01519-4503-13.zip,202602101146,利尻郡利尻富士町鴛泊字湾内,41-10,,
01519-4503-13.zip,202602101146,利尻郡利尻富士町鴛泊字湾内,41-4,,
01519-4503-13.zip,202602101146,利尻郡利尻富士町鴛泊字湾内,41-5,,
01519-4503-13.zip,202602101146,利尻郡利尻富士町鴛泊字湾内,41-6,,
01519-4503-13.zip,202602101146,利尻郡利尻富士町鴛泊字湾内,41-7,,
01519-4503-13.zip,202602101146,利尻郡利尻富士町鴛泊字湾内,41-8,,
01519-4503-13.zip,202602101146,利尻郡利尻富士町鴛泊字湾内,41-9,,
01519-4503-13.zip,202602101146,利尻郡利尻富士町鴛泊字湾内,43-19,,
01519-4503-13.zip,202602101146,利尻郡利尻富士町鴛泊字湾内,43-12,,
01519-4503-13.zip,202602101146,利尻郡利尻富士町鴛泊字湾内,43-18,,
01519-4503-13.zip,202602101146,利尻郡利尻富士町鴛泊字湾内,43-17,,
01519-4503-13.zip,202602101146,利尻郡利尻富士町鴛泊字湾内,43-16,,
01519-4503-13.zip,202602101146,利尻郡利尻富士町鴛泊字湾内,43-15,,
01519-4503-13.zip,202602101146,利尻郡利尻富士町鴛泊字湾内,43-5,,
01519-4503-13.zip,202602101146,利尻郡利尻富士町鴛泊字湾内,43-14,,
01519-4503-13.zip,202602101146,利尻郡利尻富士町鴛泊字湾内,43-27,,
01519-4503-13.zip,202602101146,利尻郡利尻富士町鴛泊字湾内,43-1,,
01519-4503-13.zip,202602101146,利尻郡利尻富士町鴛泊字湾内,43-13,,
01519-4503-13.zip,202602101146,利尻郡利尻富士町鴛泊字湾内,43-37,,
01519-4503-13.zip,202602101146,利尻郡利尻富士町鴛泊字湾内,43-21,,
01519-4503-13.zip,202602101146,利尻郡利尻富士町鴛泊字湾内,長狭物不明-64,,
01519-4503-13.zip,202602101146,利尻郡利尻富士町鴛泊字湾内,43-2,,
01519-4503-13.zip,202602101146,利尻郡利尻富士町鴛泊字湾内,43-34,,
01519-4503-13.zip,202602101146,利尻郡利尻富士町鴛泊字湾内,43-35,,
01519-4503-13.zip,202602101146,利尻郡利尻富士町鴛泊字湾内,43-24,,
01519-4503-13.zip,202602101146,利尻郡利尻富士町鴛泊字湾内,43-23,,
01519-4503-13.zip,202602101146,利尻郡利尻富士町鴛泊字湾内,43-11,,
01519-4503-13.zip,202602101146,利尻郡利尻富士町鴛泊字湾内,43-10,,
01519-4503-13.zip,202602101146,利尻郡利尻富士町鴛泊字湾内,43-9,,
01519-4503-13.zip,202602101146,利尻郡利尻富士町鴛泊字湾内,43-8,,
01519-4503-13.zip,202602101146,利尻郡利尻富士町鴛泊字湾内,43-7,,
01519-4503-13.zip,202602101146,利尻郡利尻富士町鴛泊字湾内,43-6,,
01519-4503-13.zip,202602101146,利尻郡利尻富士町鴛泊字湾内,43-33,,
01519-4503-13.zip,202602101146,利尻郡利尻富士町鴛泊字湾内,43-31,,
01519-4503-13.zip,202602101146,利尻郡利尻富士町鴛泊字湾内,43-32,,
01519-4503-13.zip,202602101146,利尻郡利尻富士町鴛泊字湾内,43-30,,
01519-4503-13.zip,202602101146,利尻郡利尻富士町鴛泊字湾内,43-29,,
01519-4503-13.zip,202602101146,利尻郡利尻富士町鴛泊字湾内,43-22,,
01519-4503-13.zip,202602101146,利尻郡利尻富士町鴛泊字湾内,43-28,,
01519-4503-13.zip,202602101146,利尻郡利尻富士町鴛泊字湾内,43-39,,
01519-4503-13.zip,202602101146,利尻郡利尻富士町鴛泊字湾内,43-40,,
01519-4503-13.zip,202602101146,利尻郡利尻富士町鴛泊字湾内,43-26,,
01519-4503-13.zip,202602101146,利尻郡利尻富士町鴛泊字湾内,43-4,,
01519-4503-13.zip,202602101146,利尻郡利尻富士町鴛泊字湾内,43-3,,
01519-4503-13.zip,202602101146,利尻郡利尻富士町鴛泊字湾内,43-25,,
01519-4503-13.zip,202602101146,利尻郡利尻富士町鴛泊字湾内,43-38,,
01519-4503-13.zip,202602101146,利尻郡利尻富士町鴛泊字湾内,43-36,,
01519-4503-13.zip,202602101146,利尻郡利尻富士町鴛泊字湾内,43-20,,
01519-4503-13.zip,202602101146,利尻郡利尻富士町鴛泊字湾内,36-1,,
01519-4503-13.zip,202602101146,利尻郡利尻富士町鴛泊字湾内,35-1,,
01519-4503-13.zip,202602101146,利尻郡利尻富士町鴛泊字湾内,34-1,,
01519-4503-13.zip,202602101146,利尻郡利尻富士町鴛泊字湾内,33-1,,
01519-4503-13.zip,202602101146,利尻郡利尻富士町鴛泊字湾内,33-2,,
01519-4503-13.zip,202602101146,利尻郡利尻富士町鴛泊字湾内,34-3,,
01519-4503-13.zip,202602101146,利尻郡利尻富士町鴛泊字湾内,34-2,,
01519-4503-13.zip,202602101146,利尻郡利尻富士町鴛泊字湾内,35-2,,
01519-4503-13.zip,202602101146,利尻郡利尻富士町鴛泊字湾内,35-3,,
01519-4503-13.zip,202602101146,利尻郡利尻富士町鴛泊字湾内,36-2,,
01519-4503-13.zip,202602101146,利尻郡利尻富士町鴛泊字湾内,264,,
01519-4503-13.zip,202602101146,利尻郡利尻富士町鴛泊字湾内,長狭物不明-65,,
01519-4503-13.zip,202602101146,利尻郡利尻富士町鴛泊字湾内,263,,
01519-4503-13.zip,202602101146,利尻郡利尻富士町鴛泊字湾内,長狭物不明-66,,
01519-4503-13.zip,202602101146,利尻郡利尻富士町鴛泊字湾内,53,,
01519-4503-13.zip,202602101146,利尻郡利尻富士町鴛泊字湾内,長狭物不明-67,,
01519-4503-13.zip,202602101146,利尻郡利尻富士町鴛泊字湾内,道-138,,
01519-4503-13.zip,202602101146,利尻郡利尻富士町鴛泊字湾内,58,,
01519-4503-13.zip,202602101146,利尻郡利尻富士町鴛泊字湾内,57-1,,
01519-4503-13.zip,202602101146,利尻郡利尻富士町鴛泊字湾内,57-2,,
01519-4503-13.zip,202602101146,利尻郡利尻富士町鴛泊字湾内,道-139,,
01519-4503-13.zip,202602101146,利尻郡利尻富士町鴛泊字湾内,56-1,,
01519-4503-13.zip,202602101146,利尻郡利尻富士町鴛泊字湾内,56-2,,
01519-4503-13.zip,202602101146,利尻郡利尻富士町鴛泊字湾内,55-3,,
01519-4503-13.zip,202602101146,利尻郡利尻富士町鴛泊字湾内,55-1,,
01519-4503-13.zip,202602101146,利尻郡利尻富士町鴛泊字湾内,道-140,,
01519-4503-13.zip,202602101146,利尻郡利尻富士町鴛泊字湾内,54,,
01519-4503-13.zip,202602101146,利尻郡利尻富士町鴛泊字湾内,55-2,,
01519-4503-13.zip,202602101146,利尻郡利尻富士町鴛泊字湾内,51-1,,
01519-4503-13.zip,202602101146,利尻郡利尻富士町鴛泊字湾内,51-2,,
01519-4503-13.zip,202602101146,利尻郡利尻富士町鴛泊字湾内,52,,
01519-4503-13.zip,202602101146,利尻郡利尻富士町鴛泊字湾内,50-2,,
01519-4503-13.zip,202602101146,利尻郡利尻富士町鴛泊字湾内,49-3,,
01519-4503-13.zip,202602101146,利尻郡利尻富士町鴛泊字湾内,49-2,,
01519-4503-13.zip,202602101146,利尻郡利尻富士町鴛泊字湾内,49-4,,
01519-4503-13.zip,202602101146,利尻郡利尻富士町鴛泊字湾内,49-1,,
01519-4503-13.zip,202602101146,利尻郡利尻富士町鴛泊字湾内,50-1,,
01519-4503-13.zip,202602101146,利尻郡利尻富士町鴛泊字湾内,長狭物不明-68,,
01519-4503-13.zip,202602101146,利尻郡利尻富士町鴛泊字湾内,48,,
01519-4503-13.zip,202602101146,利尻郡利尻富士町鴛泊字湾内,道-141,,
01519-4503-13.zip,202602101146,利尻郡利尻富士町鴛泊字湾内,水-34,,
01519-4503-13.zip,202602101146,利尻郡利尻富士町鴛泊字湾内,水-35,,
01519-4503-13.zip,202602101146,利尻郡利尻富士町鴛泊字湾内,71-2,,
01519-4503-13.zip,202602101146,利尻郡利尻富士町鴛泊字湾内,71-1,,
01519-4503-13.zip,202602101146,利尻郡利尻富士町鴛泊字湾内,72,,
01519-4503-13.zip,202602101146,利尻郡利尻富士町鴛泊字湾内,70-1,,
01519-4503-13.zip,202602101146,利尻郡利尻富士町鴛泊字湾内,道-142,,
01519-4503-13.zip,202602101146,利尻郡利尻富士町鴛泊字湾内,70-2,,
01519-4503-13.zip,202602101146,利尻郡利尻富士町鴛泊字湾内,69,,
01519-4503-13.zip,202602101146,利尻郡利尻富士町鴛泊字湾内,70-3,,
01519-4503-13.zip,202602101146,利尻郡利尻富士町鴛泊字湾内,67-2,,
01519-4503-13.zip,202602101146,利尻郡利尻富士町鴛泊字湾内,66-2,,
01519-4503-13.zip,202602101146,利尻郡利尻富士町鴛泊字湾内,65-2,,
01519-4503-13.zip,202602101146,利尻郡利尻富士町鴛泊字湾内,道-143,,
01519-4503-13.zip,202602101146,利尻郡利尻富士町鴛泊字湾内,65-1,,
01519-4503-13.zip,202602101146,利尻郡利尻富士町鴛泊字湾内,66-1,,
01519-4503-13.zip,202602101146,利尻郡利尻富士町鴛泊字湾内,67-1,,
01519-4503-13.zip,202602101146,利尻郡利尻富士町鴛泊字湾内,68,,
01519-4503-13.zip,202602101146,利尻郡利尻富士町鴛泊字湾内,長狭物不明-69,,
01519-4503-13.zip,202602101146,利尻郡利尻富士町鴛泊字湾内,61,,
01519-4503-13.zip,202602101146,利尻郡利尻富士町鴛泊字湾内,60,,
01519-4503-13.zip,202602101146,利尻郡利尻富士町鴛泊字湾内,59-1,,
01519-4503-13.zip,202602101146,利尻郡利尻富士町鴛泊字湾内,道-144,,
01519-4503-13.zip,202602101146,利尻郡利尻富士町鴛泊字湾内,59-2,,
01519-4503-13.zip,202602101146,利尻郡利尻富士町鴛泊字湾内,道-145,,
01519-4503-13.zip,202602101146,利尻郡利尻富士町鴛泊字湾内,109-1,,
01519-4503-13.zip,202602101146,利尻郡利尻富士町鴛泊字湾内,長狭物不明-70,,
01519-4503-13.zip,202602101146,利尻郡利尻富士町鴛泊字湾内,109-2,,
01519-4503-13.zip,202602101146,利尻郡利尻富士町鴛泊字湾内,109-3,,
01519-4503-13.zip,202602101146,利尻郡利尻富士町鴛泊字湾内,109-4,,
01519-4503-13.zip,202602101146,利尻郡利尻富士町鴛泊字湾内,109-5,,
01519-4503-13.zip,202602101146,利尻郡利尻富士町鴛泊字湾内,109-6,,
01519-4503-13.zip,202602101146,利尻郡利尻富士町鴛泊字湾内,109-9,,
01519-4503-13.zip,202602101146,利尻郡利尻富士町鴛泊字湾内,109-7,,
01519-4503-13.zip,202602101146,利尻郡利尻富士町鴛泊字湾内,長狭物不明-71,,
01519-4503-13.zip,202602101146,利尻郡利尻富士町鴛泊字湾内,111,,
01519-4503-13.zip,202602101146,利尻郡利尻富士町鴛泊字湾内,112-2,,
01519-4503-13.zip,202602101146,利尻郡利尻富士町鴛泊字湾内,108,,
01519-4503-13.zip,202602101146,利尻郡利尻富士町鴛泊字湾内,112-1,,
01519-4503-13.zip,202602101146,利尻郡利尻富士町鴛泊字湾内,107-2,,
01519-4503-13.zip,202602101146,利尻郡利尻富士町鴛泊字湾内,107-1,,
01519-4503-13.zip,202602101146,利尻郡利尻富士町鴛泊字湾内,106,,
01519-4503-13.zip,202602101146,利尻郡利尻富士町鴛泊字湾内,83-1,,
01519-4503-13.zip,202602101146,利尻郡利尻富士町鴛泊字湾内,105-1,,
01519-4503-13.zip,202602101146,利尻郡利尻富士町鴛泊字湾内,105-2,,
01519-4503-13.zip,202602101146,利尻郡利尻富士町鴛泊字湾内,83-6,,
01519-4503-13.zip,202602101146,利尻郡利尻富士町鴛泊字湾内,83-8,,
01519-4503-13.zip,202602101146,利尻郡利尻富士町鴛泊字湾内,83-5,,
01519-4503-13.zip,202602101146,利尻郡利尻富士町鴛泊字湾内,83-2,,
01519-4503-13.zip,202602101146,利尻郡利尻富士町鴛泊字湾内,83-11,,
01519-4503-13.zip,202602101146,利尻郡利尻富士町鴛泊字湾内,83-10,,
01519-4503-13.zip,202602101146,利尻郡利尻富士町鴛泊字湾内,83-9,,
01519-4503-13.zip,202602101146,利尻郡利尻富士町鴛泊字湾内,83-3,,
01519-4503-13.zip,202602101146,利尻郡利尻富士町鴛泊字湾内,83-7,,
01519-4503-13.zip,202602101146,利尻郡利尻富士町鴛泊字湾内,83-4,,
01519-4503-13.zip,202602101146,利尻郡利尻富士町鴛泊字湾内,99,,
01519-4503-13.zip,202602101146,利尻郡利尻富士町鴛泊字湾内,98-1,,
01519-4503-13.zip,202602101146,利尻郡利尻富士町鴛泊字湾内,98-2,,
01519-4503-13.zip,202602101146,利尻郡利尻富士町鴛泊字湾内,114,,
01519-4503-13.zip,202602101146,利尻郡利尻富士町鴛泊字湾内,長狭物不明-72,,
01519-4503-13.zip,202602101146,利尻郡利尻富士町鴛泊字湾内,長狭物不明-73,,
01519-4503-13.zip,202602101146,利尻郡利尻富士町鴛泊字湾内,長狭物不明-74,,
01519-4503-13.zip,202602101146,利尻郡利尻富士町鴛泊字湾内,長狭物不明-75,,
01519-4503-13.zip,202602101146,利尻郡利尻富士町鴛泊字湾内,長狭物不明-76,,
01519-4503-13.zip,202602101146,利尻郡利尻富士町鴛泊字湾内,水-37,,
01519-4503-13.zip,202602101146,利尻郡利尻富士町鴛泊字湾内,131-1,,
01519-4503-13.zip,202602101146,利尻郡利尻富士町鴛泊字湾内,道-146,,
01519-4503-13.zip,202602101146,利尻郡利尻富士町鴛泊字湾内,110,,
01519-4503-13.zip,202602101146,利尻郡利尻富士町鴛泊字湾内,109,,
01519-4503-13.zip,202602101146,利尻郡利尻富士町鴛泊字湾内,131-2,,
01519-4503-13.zip,202602101146,利尻郡利尻富士町鴛泊字湾内,109-8,,
01519-4503-13.zip,202602101146,利尻郡利尻富士町鴛泊字湾内,長狭物不明-77,,
01519-4503-13.zip,202602101146,利尻郡利尻富士町鴛泊字湾内,132,,
01519-4503-13.zip,202602101146,利尻郡利尻富士町鴛泊字湾内,141-1,,
01519-4503-13.zip,202602101146,利尻郡利尻富士町鴛泊字湾内,142-2,,
01519-4503-13.zip,202602101146,利尻郡利尻富士町鴛泊字湾内,142-6,,
01519-4503-13.zip,202602101146,利尻郡利尻富士町鴛泊字湾内,141-4,,
01519-4503-13.zip,202602101146,利尻郡利尻富士町鴛泊字湾内,141-3,,
01519-4503-13.zip,202602101146,利尻郡利尻富士町鴛泊字湾内,139-3,,
01519-4503-13.zip,202602101146,利尻郡利尻富士町鴛泊字湾内,139-1,,
01519-4503-13.zip,202602101146,利尻郡利尻富士町鴛泊字湾内,139-2,,
01519-4503-13.zip,202602101146,利尻郡利尻富士町鴛泊字湾内,139-4,,
01519-4503-13.zip,202602101146,利尻郡利尻富士町鴛泊字湾内,141-2,,
01519-4503-13.zip,202602101146,利尻郡利尻富士町鴛泊字湾内,137,,
01519-4503-13.zip,202602101146,利尻郡利尻富士町鴛泊字湾内,138,,
01519-4503-13.zip,202602101146,利尻郡利尻富士町鴛泊字湾内,141-5,,
01519-4503-13.zip,202602101146,利尻郡利尻富士町鴛泊字湾内,140-2,,
01519-4503-13.zip,202602101146,利尻郡利尻富士町鴛泊字湾内,136,,
01519-4503-13.zip,202602101146,利尻郡利尻富士町鴛泊字湾内,135,,
01519-4503-13.zip,202602101146,利尻郡利尻富士町鴛泊字湾内,134,,
01519-4503-13.zip,202602101146,利尻郡利尻富士町鴛泊字湾内,140-1,,
01519-4503-13.zip,202602101146,利尻郡利尻富士町鴛泊字湾内,133,,
01519-4503-13.zip,202602101146,利尻郡利尻富士町鴛泊字湾内,129-5,,
01519-4503-13.zip,202602101146,利尻郡利尻富士町鴛泊字湾内,129-4,,
01519-4503-13.zip,202602101146,利尻郡利尻富士町鴛泊字湾内,129-3,,
01519-4503-13.zip,202602101146,利尻郡利尻富士町鴛泊字湾内,128,,
01519-4503-13.zip,202602101146,利尻郡利尻富士町鴛泊字湾内,125,,
01519-4503-13.zip,202602101146,利尻郡利尻富士町鴛泊字湾内,129-2,,
01519-4503-13.zip,202602101146,利尻郡利尻富士町鴛泊字湾内,129-1,,
01519-4503-13.zip,202602101146,利尻郡利尻富士町鴛泊字湾内,124,,
01519-4503-13.zip,202602101146,利尻郡利尻富士町鴛泊字湾内,123,,
01519-4503-13.zip,202602101146,利尻郡利尻富士町鴛泊字湾内,122,,
01519-4503-13.zip,202602101146,利尻郡利尻富士町鴛泊字湾内,126,,
01519-4503-13.zip,202602101146,利尻郡利尻富士町鴛泊字湾内,127,,
01519-4503-13.zip,202602101146,利尻郡利尻富士町鴛泊字湾内,121,,
01519-4503-13.zip,202602101146,利尻郡利尻富士町鴛泊字湾内,120,,
01519-4503-13.zip,202602101146,利尻郡利尻富士町鴛泊字湾内,118,,
01519-4503-13.zip,202602101146,利尻郡利尻富士町鴛泊字湾内,117,,
01519-4503-13.zip,202602101146,利尻郡利尻富士町鴛泊字湾内,道-147,,
01519-4503-13.zip,202602101146,利尻郡利尻富士町鴛泊字湾内,146-2,,
01519-4503-13.zip,202602101146,利尻郡利尻富士町鴛泊字湾内,146-1,,
01519-4503-13.zip,202602101146,利尻郡利尻富士町鴛泊字湾内,146-3,,
01519-4503-13.zip,202602101146,利尻郡利尻富士町鴛泊字湾内,水-38,,
01519-4503-13.zip,202602101146,利尻郡利尻富士町鴛泊字湾内,長狭物不明-78,,
01519-4503-13.zip,202602101146,利尻郡利尻富士町鴛泊字湾内,道-149,,
01519-4503-13.zip,202602101146,利尻郡利尻富士町鴛泊字湾内,265,,
01519-4503-13.zip,202602101146,利尻郡利尻富士町鴛泊字湾内,153,,
01519-4503-13.zip,202602101146,利尻郡利尻富士町鴛泊字湾内,267,,
01519-4503-13.zip,202602101146,利尻郡利尻富士町鴛泊字湾内,152,,
01519-4503-13.zip,202602101146,利尻郡利尻富士町鴛泊字湾内,151-2,,
01519-4503-13.zip,202602101146,利尻郡利尻富士町鴛泊字湾内,295,,
01519-4503-13.zip,202602101146,利尻郡利尻富士町鴛泊字湾内,150-2,,
01519-4503-13.zip,202602101146,利尻郡利尻富士町鴛泊字湾内,150-1,,
01519-4503-13.zip,202602101146,利尻郡利尻富士町鴛泊字湾内,296,,
01519-4503-13.zip,202602101146,利尻郡利尻富士町鴛泊字湾内,148-3,,
01519-4503-13.zip,202602101146,利尻郡利尻富士町鴛泊字湾内,148-1,,
01519-4503-13.zip,202602101146,利尻郡利尻富士町鴛泊字湾内,148-2,,
01519-4503-13.zip,202602101146,利尻郡利尻富士町鴛泊字湾内,149-2,,
01519-4503-13.zip,202602101146,利尻郡利尻富士町鴛泊字湾内,149-1,,
01519-4503-13.zip,202602101146,利尻郡利尻富士町鴛泊字湾内,151-1,,
01519-4503-13.zip,202602101146,利尻郡利尻富士町鴛泊字湾内,294,,
01519-4503-13.zip,202602101146,利尻郡利尻富士町鴛泊字湾内,長狭物不明-79,,
01519-4503-13.zip,202602101146,利尻郡利尻富士町鴛泊字港町,水-39,,
01519-4503-13.zip,202602101146,利尻郡利尻富士町鴛泊字港町,10-1,,
01519-4503-13.zip,202602101146,利尻郡利尻富士町鴛泊字港町,10-2,,
01519-4503-13.zip,202602101146,利尻郡利尻富士町鴛泊字港町,道-150,,
01519-4503-13.zip,202602101146,利尻郡利尻富士町鴛泊字港町,11-2,,
01519-4503-13.zip,202602101146,利尻郡利尻富士町鴛泊字港町,11-1,,
01519-4503-13.zip,202602101146,利尻郡利尻富士町鴛泊字港町,8,,
01519-4503-13.zip,202602101146,利尻郡利尻富士町鴛泊字港町,9-1,,
01519-4503-13.zip,202602101146,利尻郡利尻富士町鴛泊字港町,9-2,,
01519-4503-13.zip,202602101146,利尻郡利尻富士町鴛泊字港町,206-2,,
01519-4503-13.zip,202602101146,利尻郡利尻富士町鴛泊字港町,206-1,,
01519-4503-13.zip,202602101146,利尻郡利尻富士町鴛泊字港町,4-3,,
01519-4503-13.zip,202602101146,利尻郡利尻富士町鴛泊字港町,4-6,,
01519-4503-13.zip,202602101146,利尻郡利尻富士町鴛泊字港町,4-2,,
01519-4503-13.zip,202602101146,利尻郡利尻富士町鴛泊字港町,208-1,,
01519-4503-13.zip,202602101146,利尻郡利尻富士町鴛泊字港町,208-2,,
01519-4503-13.zip,202602101146,利尻郡利尻富士町鴛泊字港町,3-2,,
01519-4503-13.zip,202602101146,利尻郡利尻富士町鴛泊字港町,3-1,,
01519-4503-13.zip,202602101146,利尻郡利尻富士町鴛泊字港町,3-3,,
01519-4503-13.zip,202602101146,利尻郡利尻富士町鴛泊字港町,4-4,,
01519-4503-13.zip,202602101146,利尻郡利尻富士町鴛泊字港町,4-7,,
01519-4503-13.zip,202602101146,利尻郡利尻富士町鴛泊字港町,4-5,,
01519-4503-13.zip,202602101146,利尻郡利尻富士町鴛泊字港町,4-1,,
01519-4503-13.zip,202602101146,利尻郡利尻富士町鴛泊字港町,2-1,,
01519-4503-13.zip,202602101146,利尻郡利尻富士町鴛泊字港町,2-2,,
01519-4503-13.zip,202602101146,利尻郡利尻富士町鴛泊字港町,5,,
01519-4503-13.zip,202602101146,利尻郡利尻富士町鴛泊字港町,6,,
01519-4503-13.zip,202602101146,利尻郡利尻富士町鴛泊字港町,1,,
01519-4503-13.zip,202602101146,利尻郡利尻富士町鴛泊字港町,7,,
01519-4503-13.zip,202602101146,利尻郡利尻富士町鴛泊字港町,道-151,,
01519-4503-13.zip,202602101146,利尻郡利尻富士町鴛泊字港町,長狭物不明-80,,
01519-4503-13.zip,202602101146,利尻郡利尻富士町鴛泊字港町,水-40,,
01519-4503-13.zip,202602101146,利尻郡利尻富士町鴛泊字港町,水-41,,
01519-4503-13.zip,202602101146,利尻郡利尻富士町鴛泊字港町,水-42,,
01519-4503-13.zip,202602101146,利尻郡利尻富士町鴛泊字港町,水-43,,
01519-4503-13.zip,202602101146,利尻郡利尻富士町鴛泊字港町,道-152,,
01519-4503-13.zip,202602101146,利尻郡利尻富士町鴛泊字港町,20-2,,
01519-4503-13.zip,202602101146,利尻郡利尻富士町鴛泊字港町,20-1,,
01519-4503-13.zip,202602101146,利尻郡利尻富士町鴛泊字港町,19-1,,
01519-4503-13.zip,202602101146,利尻郡利尻富士町鴛泊字港町,19-2,,
01519-4503-13.zip,202602101146,利尻郡利尻富士町鴛泊字港町,18,,
01519-4503-13.zip,202602101146,利尻郡利尻富士町鴛泊字港町,14-2,,
01519-4503-13.zip,202602101146,利尻郡利尻富士町鴛泊字港町,14-1,,
01519-4503-13.zip,202602101146,利尻郡利尻富士町鴛泊字港町,17-2,,
01519-4503-13.zip,202602101146,利尻郡利尻富士町鴛泊字港町,17-1,,
01519-4503-13.zip,202602101146,利尻郡利尻富士町鴛泊字港町,16-1,,
01519-4503-13.zip,202602101146,利尻郡利尻富士町鴛泊字港町,12,,
01519-4503-13.zip,202602101146,利尻郡利尻富士町鴛泊字港町,16-2,,
01519-4503-13.zip,202602101146,利尻郡利尻富士町鴛泊字港町,長狭物不明-81,,
01519-4503-13.zip,202602101146,利尻郡利尻富士町鴛泊字港町,21-2,,
01519-4503-13.zip,202602101146,利尻郡利尻富士町鴛泊字港町,21-1,,
01519-4503-13.zip,202602101146,利尻郡利尻富士町鴛泊字港町,28-1,,
01519-4503-13.zip,202602101146,利尻郡利尻富士町鴛泊字港町,31-2,,
01519-4503-13.zip,202602101146,利尻郡利尻富士町鴛泊字港町,31-1,,
01519-4503-13.zip,202602101146,利尻郡利尻富士町鴛泊字港町,30-1,,
01519-4503-13.zip,202602101146,利尻郡利尻富士町鴛泊字港町,27-3,,
01519-4503-13.zip,202602101146,利尻郡利尻富士町鴛泊字港町,30-2,,
01519-4503-13.zip,202602101146,利尻郡利尻富士町鴛泊字港町,27-2,,
01519-4503-13.zip,202602101146,利尻郡利尻富士町鴛泊字港町,24-2,,
01519-4503-13.zip,202602101146,利尻郡利尻富士町鴛泊字港町,23-2,,
01519-4503-13.zip,202602101146,利尻郡利尻富士町鴛泊字港町,24-1,,
01519-4503-13.zip,202602101146,利尻郡利尻富士町鴛泊字港町,23-1,,
01519-4503-13.zip,202602101146,利尻郡利尻富士町鴛泊字港町,27-1,,
01519-4503-13.zip,202602101146,利尻郡利尻富士町鴛泊字港町,29-2,,
01519-4503-13.zip,202602101146,利尻郡利尻富士町鴛泊字港町,32-2,,
01519-4503-13.zip,202602101146,利尻郡利尻富士町鴛泊字港町,33-2,,
01519-4503-13.zip,202602101146,利尻郡利尻富士町鴛泊字港町,32-1,,
01519-4503-13.zip,202602101146,利尻郡利尻富士町鴛泊字港町,26-2,,
01519-4503-13.zip,202602101146,利尻郡利尻富士町鴛泊字港町,25-2,,
01519-4503-13.zip,202602101146,利尻郡利尻富士町鴛泊字港町,26-1,,
01519-4503-13.zip,202602101146,利尻郡利尻富士町鴛泊字港町,25-1,,
01519-4503-13.zip,202602101146,利尻郡利尻富士町鴛泊字港町,22-1,,
01519-4503-13.zip,202602101146,利尻郡利尻富士町鴛泊字港町,22-2,,
01519-4503-13.zip,202602101146,利尻郡利尻富士町鴛泊字港町,長狭物不明-87,,
01519-4503-13.zip,202602101146,利尻郡利尻富士町鴛泊字港町,139-1,,
01519-4503-13.zip,202602101146,利尻郡利尻富士町鴛泊字港町,144,,
01519-4503-13.zip,202602101146,利尻郡利尻富士町鴛泊字港町,142,,
01519-4503-13.zip,202602101146,利尻郡利尻富士町鴛泊字港町,141,,
01519-4503-13.zip,202602101146,利尻郡利尻富士町鴛泊字港町,140,,
01519-4503-13.zip,202602101146,利尻郡利尻富士町鴛泊字港町,143,,
01519-4503-13.zip,202602101146,利尻郡利尻富士町鴛泊字港町,145,,
01519-4503-13.zip,202602101146,利尻郡利尻富士町鴛泊字港町,147,,
01519-4503-13.zip,202602101146,利尻郡利尻富士町鴛泊字港町,146,,
01519-4503-13.zip,202602101146,利尻郡利尻富士町鴛泊字港町,139-3,,
01519-4503-13.zip,202602101146,利尻郡利尻富士町鴛泊字港町,139-2,,
01519-4503-13.zip,202602101146,利尻郡利尻富士町鴛泊字港町,138,,
01519-4503-13.zip,202602101146,利尻郡利尻富士町鴛泊字本町,153W1,,
01519-4503-13.zip,202602101146,利尻郡利尻富士町鴛泊字本町,135,,
01519-4503-13.zip,202602101146,利尻郡利尻富士町鴛泊字本町,134,,
01519-4503-13.zip,202602101146,利尻郡利尻富士町鴛泊字本町,133,,
01519-4503-13.zip,202602101146,利尻郡利尻富士町鴛泊字本町,154,,
01519-4503-13.zip,202602101146,利尻郡利尻富士町鴛泊字本町,132,,
01519-4503-13.zip,202602101146,利尻郡利尻富士町鴛泊字本町,道-166,,
01519-4503-13.zip,202602101146,利尻郡利尻富士町鴛泊字本町,137,,
01519-4503-13.zip,202602101146,利尻郡利尻富士町鴛泊字本町,136,,
01519-4503-13.zip,202602101146,利尻郡利尻富士町鴛泊字本町,道-167,,
01519-4503-13.zip,202602101146,利尻郡利尻富士町鴛泊字本町,道-168,,
01519-4503-13.zip,202602101146,利尻郡利尻富士町鴛泊字本町,156,,
01519-4503-13.zip,202602101146,利尻郡利尻富士町鴛泊字本町,153W2,,
01519-4503-13.zip,202602101146,利尻郡利尻富士町鴛泊字本町,130,,
01519-4503-13.zip,202602101146,利尻郡利尻富士町鴛泊字本町,128-2,,
01519-4503-13.zip,202602101146,利尻郡利尻富士町鴛泊字本町,127,,
01519-4503-13.zip,202602101146,利尻郡利尻富士町鴛泊字本町,128-3,,
01519-4503-13.zip,202602101146,利尻郡利尻富士町鴛泊字本町,128-1,,
01519-4503-13.zip,202602101146,利尻郡利尻富士町鴛泊字本町,131,,
01519-4503-13.zip,202602101146,利尻郡利尻富士町鴛泊字本町,126,,
01519-4503-13.zip,202602101146,利尻郡利尻富士町鴛泊字本町,153W3,,
01519-4503-13.zip,202602101146,利尻郡利尻富士町鴛泊字本町,122,,
01519-4503-13.zip,202602101146,利尻郡利尻富士町鴛泊字本町,123,,
01519-4503-13.zip,202602101146,利尻郡利尻富士町鴛泊字本町,124,,
01519-4503-13.zip,202602101146,利尻郡利尻富士町鴛泊字雄忠志内,道-37,,
01519-4503-13.zip,202602101146,利尻郡利尻富士町鴛泊字雄忠志内,道-35,,
01519-4503-13.zip,202602101146,利尻郡利尻富士町鴛泊字雄忠志内,2,,
01519-4503-13.zip,202602101146,利尻郡利尻富士町鴛泊字雄忠志内,4-2,,
01519-4503-13.zip,202602101146,利尻郡利尻富士町鴛泊字雄忠志内,4-1,,
01519-4503-13.zip,202602101146,利尻郡利尻富士町鴛泊字雄忠志内,9-1,,
01519-4503-13.zip,202602101146,利尻郡利尻富士町鴛泊字雄忠志内,5-1,,
01519-4503-13.zip,202602101146,利尻郡利尻富士町鴛泊字雄忠志内,10-2,,
01519-4503-13.zip,202602101146,利尻郡利尻富士町鴛泊字雄忠志内,10-1,,
01519-4503-13.zip,202602101146,利尻郡利尻富士町鴛泊字雄忠志内,11-1,,
01519-4503-13.zip,202602101146,利尻郡利尻富士町鴛泊字雄忠志内,11-5,,
01519-4503-13.zip,202602101146,利尻郡利尻富士町鴛泊字雄忠志内,12-8,,
01519-4503-13.zip,202602101146,利尻郡利尻富士町鴛泊字雄忠志内,12-1,,
01519-4503-13.zip,202602101146,利尻郡利尻富士町鴛泊字雄忠志内,13-1,,
01519-4503-13.zip,202602101146,利尻郡利尻富士町鴛泊字雄忠志内,筆界未定地-60,利尻郡利尻富士町鴛泊字雄忠志内,13-3
01519-4503-13.zip,202602101146,利尻郡利尻富士町鴛泊字雄忠志内,筆界未定地-60,利尻郡利尻富士町鴛泊字雄忠志内,14
01519-4503-13.zip,202602101146,利尻郡利尻富士町鴛泊字雄忠志内,3,,
01519-4503-13.zip,202602101146,利尻郡利尻富士町鴛泊字本町,道-170-2,,
01519-4503-13.zip,202602101146,利尻郡利尻富士町鴛泊字本町,道-169-2,,
01519-4503-13.zip,202602101146,利尻郡利尻富士町鴛泊字港町,道-165,,
01519-4503-13.zip,202602101146,利尻郡利尻富士町鴛泊字野塚,筆界未定地-22-2,利尻郡利尻富士町鴛泊字野塚,252
01519-4503-13.zip,202602101146,利尻郡利尻富士町鴛泊字野塚,筆界未定地-22-2,利尻郡利尻富士町鴛泊字野塚,253
01519-4503-13.zip,202602101146,利尻郡利尻富士町鴛泊字湾内,293,,
01519-4503-13.zip,202602101146,利尻郡利尻富士町鴛泊字雄忠志内,長狭物不明-12,,
01519-4503-13.zip,202602101146,利尻郡利尻富士町鴛泊字港町,33-1,,
01519-4503-13.zip,202602101146,利尻郡利尻富士町鴛泊字港町,28-4,,
01519-4503-13.zip,202602101146,利尻郡利尻富士町鴛泊字雄忠志内,161-1,,
01519-4503-13.zip,202602101146,利尻郡利尻富士町鴛泊字雄忠志内,162-1,,
01519-4503-13.zip,202602101146,利尻郡利尻富士町鴛泊字雄忠志内,162-3,,
01519-4503-13.zip,202602101146,利尻郡利尻富士町鴛泊字雄忠志内,161-7,,
01519-4503-13.zip,202602101146,利尻郡利尻富士町鴛泊字雄忠志内,164-3,,
01519-4503-13.zip,202602101146,利尻郡利尻富士町鴛泊字雄忠志内,164-1,,
01519-4503-13.zip,202602101146,利尻郡利尻富士町鴛泊字雄忠志内,161-6,,
01519-4503-13.zip,202602101146,利尻郡利尻富士町鴛泊字港町,道-153,,
01519-4503-13.zip,202602101146,利尻郡利尻富士町鴛泊字湾内,291,,
01519-4503-13.zip,202602101146,利尻郡利尻富士町鴛泊字湾内,292,,
01519-4503-13.zip,202602101146,利尻郡利尻富士町鴛泊字雄忠志内,227-18,,
01519-4503-13.zip,202602101146,利尻郡利尻富士町鴛泊字雄忠志内,227-35,,
01519-4503-13.zip,202602101146,利尻郡利尻富士町鴛泊字雄忠志内,227-28,,
01519-4503-13.zip,202602101146,利尻郡利尻富士町鴛泊字雄忠志内,227-31,,
01519-4503-13.zip,202602101146,利尻郡利尻富士町鴛泊字雄忠志内,227-37,,
01519-4503-13.zip,202602101146,利尻郡利尻富士町鴛泊字雄忠志内,227-20,,
01519-4503-13.zip,202602101146,利尻郡利尻富士町鴛泊字雄忠志内,227-14,,
01519-4503-13.zip,202602101146,利尻郡利尻富士町鴛泊字雄忠志内,227-36,,
01519-4503-13.zip,202602101146,利尻郡利尻富士町鴛泊字雄忠志内,227-1,,
01519-4503-13.zip,202602101146,利尻郡利尻富士町鴛泊字雄忠志内,227-16,,
01519-4503-13.zip,202602101146,利尻郡利尻富士町鴛泊字雄忠志内,長狭物不明-2,,
01519-4503-13.zip,202602101146,利尻郡利尻富士町鴛泊字雄忠志内,227-32,,
01519-4503-13.zip,202602101146,利尻郡利尻富士町鴛泊字雄忠志内,227-19,,
01519-4503-13.zip,202602101146,利尻郡利尻富士町鴛泊字雄忠志内,227-30,,
01519-4503-13.zip,202602101146,利尻郡利尻富士町鴛泊字港町,204-1,,
01519-4503-13.zip,202602101146,利尻郡利尻富士町鴛泊字港町,204-2,,
01519-4503-13.zip,202602101146,利尻郡利尻富士町鴛泊字港町,29-3,,
01519-4503-13.zip,202602101146,利尻郡利尻富士町鴛泊字港町,29-1,,
01519-4503-13.zip,202602101146,利尻郡利尻富士町鴛泊字湾内,142-1,,
01519-4503-13.zip,202602101146,利尻郡利尻富士町鴛泊字湾内,142-8,,
01519-4503-13.zip,202602101146,利尻郡利尻富士町鴛泊字湾内,142-9,,
01519-4503-13.zip,202602101146,利尻郡利尻富士町鴛泊字湾内,142-3,,
01519-4503-13.zip,202602101146,利尻郡利尻富士町鴛泊字湾内,142-10,,
01519-4503-13.zip,202602101146,利尻郡利尻富士町鴛泊字湾内,142-4,,
01519-4503-13.zip,202602101146,利尻郡利尻富士町鴛泊字湾内,142-5,,
01519-4503-13.zip,202602101146,利尻郡利尻富士町鴛泊字湾内,142-11,,
01519-4503-13.zip,202602101146,利尻郡利尻富士町鴛泊字湾内,142-7,,
01519-4503-13.zip,202602101146,利尻郡利尻富士町鴛泊字湾内,147-2,,
01519-4503-13.zip,202602101146,利尻郡利尻富士町鴛泊字湾内,147-1,,
01519-4503-13.zip,202602101146,利尻郡利尻富士町鴛泊字湾内,297,,
01519-4503-13.zip,202602101146,利尻郡利尻富士町鴛泊字雄忠志内,213-10,,
01519-4503-13.zip,202602101146,利尻郡利尻富士町鴛泊字雄忠志内,213-4,,
01519-4503-13.zip,202602101146,利尻郡利尻富士町鴛泊字雄忠志内,212-9,,
01519-4503-13.zip,202602101146,利尻郡利尻富士町鴛泊字雄忠志内,212-3,,
01519-4503-13.zip,202602101146,利尻郡利尻富士町鴛泊字雄忠志内,212-8,,
01519-4503-13.zip,202602101146,利尻郡利尻富士町鴛泊字雄忠志内,208-3,,
01519-4503-13.zip,202602101146,利尻郡利尻富士町鴛泊字雄忠志内,道-101,,
01519-4503-13.zip,202602101146,利尻郡利尻富士町鴛泊字雄忠志内,220-5,,
01519-4503-13.zip,202602101146,利尻郡利尻富士町鴛泊字雄忠志内,220-3,,
01519-4503-13.zip,202602101146,利尻郡利尻富士町鴛泊字雄忠志内,219-7,,
01519-4503-13.zip,202602101146,利尻郡利尻富士町鴛泊字雄忠志内,219-3,,
01519-4503-13.zip,202602101146,利尻郡利尻富士町鴛泊字雄忠志内,213-11,,
01519-4503-13.zip,202602101146,利尻郡利尻富士町鴛泊字雄忠志内,213-7,,
01519-4503-13.zip,202602101146,利尻郡利尻富士町鴛泊字湾内,119-1,,
01519-4503-13.zip,202602101146,利尻郡利尻富士町鴛泊字湾内,119-2,,
01519-4503-13.zip,202602101146,利尻郡利尻富士町鴛泊字湾内,299,,
01519-4503-13.zip,202602101146,利尻郡利尻富士町鴛泊字湾内,道-148,,
01519-4503-13.zip,202602101146,利尻郡利尻富士町鴛泊字湾内,水-36,,
01519-4503-13.zip,202602101146,利尻郡利尻富士町鴛泊字雄忠志内,道-107,,
01519-4503-13.zip,202602101146,利尻郡利尻富士町鴛泊字雄忠志内,379,,
01519-4503-13.zip,202602101146,利尻郡利尻富士町鴛泊字雄忠志内,213-13,,
01519-4503-13.zip,202602101146,利尻郡利尻富士町鴛泊字雄忠志内,213-14,,
01519-4503-13.zip,202602101146,利尻郡利尻富士町鴛泊字雄忠志内,213-5,,
01519-4503-13.zip,202602101146,利尻郡利尻富士町鴛泊字雄忠志内,筆界未定地-41,,
01519-4503-13.zip,202602101146,利尻郡利尻富士町鴛泊字雄忠志内,213-6,,
01519-4503-13.zip,202602101146,利尻郡利尻富士町鴛泊字雄忠志内,213-3,,
01519-4503-13.zip,202602101146,利尻郡利尻富士町鴛泊字雄忠志内,213-12,,
01519-4503-14.zip,202602101146,利尻郡利尻富士町鬼脇字二石,36-4,,
01519-4503-14.zip,202602101146,利尻郡利尻富士町鬼脇字二石,30-4,,
01519-4503-14.zip,202602101146,利尻郡利尻富士町鬼脇字鰊泊,道-1,,
01519-4503-14.zip,202602101146,利尻郡利尻富士町鬼脇字鰊泊,124-4,,
01519-4503-14.zip,202602101146,利尻郡利尻富士町鬼脇字鰊泊,124-2,,
01519-4503-14.zip,202602101146,利尻郡利尻富士町鬼脇字鰊泊,152-7,,
01519-4503-14.zip,202602101146,利尻郡利尻富士町鬼脇字鰊泊,138-1,,
01519-4503-14.zip,202602101146,利尻郡利尻富士町鬼脇字鰊泊,道-2,,
01519-4503-14.zip,202602101146,利尻郡利尻富士町鬼脇字鰊泊,137-1,,
01519-4503-14.zip,202602101146,利尻郡利尻富士町鬼脇字鰊泊,137-2,,
01519-4503-14.zip,202602101146,利尻郡利尻富士町鬼脇字石崎,722W1,,
01519-4503-14.zip,202602101146,利尻郡利尻富士町鬼脇字石崎,722W2,,
01519-4503-14.zip,202602101146,利尻郡利尻富士町鬼脇字旭浜,332,,
01519-4503-14.zip,202602101146,利尻郡利尻富士町鬼脇字鰊泊,275-1,,
01519-4503-14.zip,202602101146,利尻郡利尻富士町鬼脇字旭浜,144,,
01519-4503-14.zip,202602101146,利尻郡利尻富士町鬼脇字二石,水-1,,
01519-4503-14.zip,202602101146,利尻郡利尻富士町鬼脇字石崎,筆界未定地-1,利尻郡利尻富士町鬼脇字石崎,213
01519-4503-14.zip,202602101146,利尻郡利尻富士町鬼脇字石崎,筆界未定地-1,利尻郡利尻富士町鬼脇字石崎,道-3
01519-4503-14.zip,202602101146,利尻郡利尻富士町鬼脇字石崎,筆界未定地-2,利尻郡利尻富士町鬼脇字石崎,214
01519-4503-14.zip,202602101146,利尻郡利尻富士町鬼脇字石崎,筆界未定地-2,利尻郡利尻富士町鬼脇字石崎,道-4
01519-4503-14.zip,202602101146,利尻郡利尻富士町鬼脇字鰊泊,長狭物不明-1,,
01519-4503-14.zip,202602101146,利尻郡利尻富士町鬼脇字石崎,水-2,,
01519-4503-14.zip,202602101146,利尻郡利尻富士町鬼脇字二石,筆界未定地-4,利尻郡利尻富士町鬼脇字二石,64-1
01519-4503-14.zip,202602101146,利尻郡利尻富士町鬼脇字二石,筆界未定地-4,利尻郡利尻富士町鬼脇字二石,64-2
01519-4503-14.zip,202602101146,利尻郡利尻富士町鬼脇字二石,筆界未定地-4,利尻郡利尻富士町鬼脇字二石,64-3
01519-4503-14.zip,202602101146,利尻郡利尻富士町鬼脇字二石,筆界未定地-4,利尻郡利尻富士町鬼脇字二石,64-4
01519-4503-14.zip,202602101146,利尻郡利尻富士町鬼脇字二石,筆界未定地-4,利尻郡利尻富士町鬼脇字二石,64-5
01519-4503-14.zip,202602101146,利尻郡利尻富士町鬼脇字二石,筆界未定地-4,利尻郡利尻富士町鬼脇字二石,64-6
01519-4503-14.zip,202602101146,利尻郡利尻富士町鬼脇字二石,筆界未定地-6,利尻郡利尻富士町鬼脇字二石,137-1
01519-4503-14.zip,202602101146,利尻郡利尻富士町鬼脇字二石,筆界未定地-6,利尻郡利尻富士町鬼脇字二石,137-2
01519-4503-14.zip,202602101146,利尻郡利尻富士町鬼脇字二石,筆界未定地-7,利尻郡利尻富士町鬼脇字二石,143-1
01519-4503-14.zip,202602101146,利尻郡利尻富士町鬼脇字二石,筆界未定地-7,利尻郡利尻富士町鬼脇字二石,143-2
01519-4503-14.zip,202602101146,利尻郡利尻富士町鬼脇字二石,筆界未定地-8,利尻郡利尻富士町鬼脇字二石,141-1
01519-4503-14.zip,202602101146,利尻郡利尻富士町鬼脇字二石,筆界未定地-8,利尻郡利尻富士町鬼脇字二石,141-2
01519-4503-14.zip,202602101146,利尻郡利尻富士町鬼脇字二石,筆界未定地-9,利尻郡利尻富士町鬼脇字二石,147-1
01519-4503-14.zip,202602101146,利尻郡利尻富士町鬼脇字二石,筆界未定地-9,利尻郡利尻富士町鬼脇字二石,147-2
01519-4503-14.zip,202602101146,利尻郡利尻富士町鬼脇字二石,筆界未定地-10,利尻郡利尻富士町鬼脇字二石,140-1
01519-4503-14.zip,202602101146,利尻郡利尻富士町鬼脇字二石,筆界未定地-10,利尻郡利尻富士町鬼脇字二石,140-2
01519-4503-14.zip,202602101146,利尻郡利尻富士町鬼脇字二石,筆界未定地-11,利尻郡利尻富士町鬼脇字二石,291
01519-4503-14.zip,202602101146,利尻郡利尻富士町鬼脇字二石,筆界未定地-11,利尻郡利尻富士町鬼脇字二石,292
01519-4503-14.zip,202602101146,利尻郡利尻富士町鬼脇字二石,筆界未定地-12V1,利尻郡利尻富士町鬼脇字二石,307W1
01519-4503-14.zip,202602101146,利尻郡利尻富士町鬼脇字二石,筆界未定地-12V1,利尻郡利尻富士町鬼脇字二石,308W1
01519-4503-14.zip,202602101146,利尻郡利尻富士町鬼脇字二石,筆界未定地-12V1,利尻郡利尻富士町鬼脇字二石,309W1
01519-4503-14.zip,202602101146,利尻郡利尻富士町鬼脇字二石,筆界未定地-13,利尻郡利尻富士町鬼脇字二石,262
01519-4503-14.zip,202602101146,利尻郡利尻富士町鬼脇字二石,筆界未定地-13,利尻郡利尻富士町鬼脇字二石,263
01519-4503-14.zip,202602101146,利尻郡利尻富士町鬼脇字二石,筆界未定地-12V2,利尻郡利尻富士町鬼脇字二石,307W2
01519-4503-14.zip,202602101146,利尻郡利尻富士町鬼脇字二石,筆界未定地-12V2,利尻郡利尻富士町鬼脇字二石,308W2
01519-4503-14.zip,202602101146,利尻郡利尻富士町鬼脇字二石,筆界未定地-12V2,利尻郡利尻富士町鬼脇字二石,309W2
01519-4503-14.zip,202602101146,利尻郡利尻富士町鬼脇字二石,筆界未定地-12V3,利尻郡利尻富士町鬼脇字二石,307W3
01519-4503-14.zip,202602101146,利尻郡利尻富士町鬼脇字二石,筆界未定地-12V3,利尻郡利尻富士町鬼脇字二石,308W3
01519-4503-14.zip,202602101146,利尻郡利尻富士町鬼脇字二石,筆界未定地-12V3,利尻郡利尻富士町鬼脇字二石,309W3
01519-4503-14.zip,202602101146,利尻郡利尻富士町鬼脇字石崎,筆界未定地-14,利尻郡利尻富士町鬼脇字石崎,54-1
01519-4503-14.zip,202602101146,利尻郡利尻富士町鬼脇字石崎,筆界未定地-14,利尻郡利尻富士町鬼脇字石崎,55
01519-4503-14.zip,202602101146,利尻郡利尻富士町鬼脇字石崎,筆界未定地-15,利尻郡利尻富士町鬼脇字石崎,136
01519-4503-14.zip,202602101146,利尻郡利尻富士町鬼脇字石崎,筆界未定地-15,利尻郡利尻富士町鬼脇字石崎,道-5
01519-4503-14.zip,202602101146,利尻郡利尻富士町鬼脇字石崎,筆界未定地-16,利尻郡利尻富士町鬼脇字石崎,134
01519-4503-14.zip,202602101146,利尻郡利尻富士町鬼脇字石崎,筆界未定地-16,利尻郡利尻富士町鬼脇字石崎,135-1
01519-4503-14.zip,202602101146,利尻郡利尻富士町鬼脇字石崎,筆界未定地-16,利尻郡利尻富士町鬼脇字石崎,135-2
01519-4503-14.zip,202602101146,利尻郡利尻富士町鬼脇字石崎,筆界未定地-17,利尻郡利尻富士町鬼脇字石崎,137
01519-4503-14.zip,202602101146,利尻郡利尻富士町鬼脇字石崎,筆界未定地-17,利尻郡利尻富士町鬼脇字石崎,138
01519-4503-14.zip,202602101146,利尻郡利尻富士町鬼脇字石崎,筆界未定地-17,利尻郡利尻富士町鬼脇字石崎,139
01519-4503-14.zip,202602101146,利尻郡利尻富士町鬼脇字石崎,筆界未定地-18,利尻郡利尻富士町鬼脇字石崎,114
01519-4503-14.zip,202602101146,利尻郡利尻富士町鬼脇字石崎,筆界未定地-18,利尻郡利尻富士町鬼脇字石崎,116-7
01519-4503-14.zip,202602101146,利尻郡利尻富士町鬼脇字石崎,筆界未定地-19,利尻郡利尻富士町鬼脇字石崎,129
01519-4503-14.zip,202602101146,利尻郡利尻富士町鬼脇字石崎,筆界未定地-19,利尻郡利尻富士町鬼脇字石崎,道-6
01519-4503-14.zip,202602101146,利尻郡利尻富士町鬼脇字石崎,筆界未定地-20,利尻郡利尻富士町鬼脇字石崎,131
01519-4503-14.zip,202602101146,利尻郡利尻富士町鬼脇字石崎,筆界未定地-20,利尻郡利尻富士町鬼脇字石崎,132
01519-4503-14.zip,202602101146,利尻郡利尻富士町鬼脇字石崎,筆界未定地-21,利尻郡利尻富士町鬼脇字石崎,250-1
01519-4503-14.zip,202602101146,利尻郡利尻富士町鬼脇字石崎,筆界未定地-21,利尻郡利尻富士町鬼脇字石崎,250-2
01519-4503-14.zip,202602101146,利尻郡利尻富士町鬼脇字石崎,筆界未定地-21,利尻郡利尻富士町鬼脇字石崎,250-3
01519-4503-14.zip,202602101146,利尻郡利尻富士町鬼脇字石崎,筆界未定地-21,利尻郡利尻富士町鬼脇字石崎,250-4
01519-4503-14.zip,202602101146,利尻郡利尻富士町鬼脇字石崎,筆界未定地-22,利尻郡利尻富士町鬼脇字石崎,248-1
01519-4503-14.zip,202602101146,利尻郡利尻富士町鬼脇字石崎,筆界未定地-22,利尻郡利尻富士町鬼脇字石崎,248-2
01519-4503-14.zip,202602101146,利尻郡利尻富士町鬼脇字石崎,筆界未定地-23,利尻郡利尻富士町鬼脇字石崎,245-1
01519-4503-14.zip,202602101146,利尻郡利尻富士町鬼脇字石崎,筆界未定地-23,利尻郡利尻富士町鬼脇字石崎,245-2
01519-4503-14.zip,202602101146,利尻郡利尻富士町鬼脇字石崎,筆界未定地-24,利尻郡利尻富士町鬼脇字石崎,269-2
01519-4503-14.zip,202602101146,利尻郡利尻富士町鬼脇字石崎,筆界未定地-24,利尻郡利尻富士町鬼脇字石崎,269-3
01519-4503-14.zip,202602101146,利尻郡利尻富士町鬼脇字石崎,筆界未定地-24,利尻郡利尻富士町鬼脇字石崎,道-7
01519-4503-14.zip,202602101146,利尻郡利尻富士町鬼脇字石崎,筆界未定地-25,利尻郡利尻富士町鬼脇字石崎,144
01519-4503-14.zip,202602101146,利尻郡利尻富士町鬼脇字石崎,筆界未定地-25,利尻郡利尻富士町鬼脇字石崎,241-1
01519-4503-14.zip,202602101146,利尻郡利尻富士町鬼脇字石崎,筆界未定地-25,利尻郡利尻富士町鬼脇字石崎,241-2
01519-4503-14.zip,202602101146,利尻郡利尻富士町鬼脇字石崎,筆界未定地-25,利尻郡利尻富士町鬼脇字石崎,241-3
01519-4503-14.zip,202602101146,利尻郡利尻富士町鬼脇字石崎,筆界未定地-26,利尻郡利尻富士町鬼脇字石崎,247-1
01519-4503-14.zip,202602101146,利尻郡利尻富士町鬼脇字石崎,筆界未定地-26,利尻郡利尻富士町鬼脇字石崎,247-2
01519-4503-14.zip,202602101146,利尻郡利尻富士町鬼脇字石崎,筆界未定地-26,利尻郡利尻富士町鬼脇字石崎,247-3
01519-4503-14.zip,202602101146,利尻郡利尻富士町鬼脇字石崎,筆界未定地-27,利尻郡利尻富士町鬼脇字石崎,246-1
01519-4503-14.zip,202602101146,利尻郡利尻富士町鬼脇字石崎,筆界未定地-27,利尻郡利尻富士町鬼脇字石崎,246-2
01519-4503-14.zip,202602101146,利尻郡利尻富士町鬼脇字石崎,筆界未定地-27,利尻郡利尻富士町鬼脇字石崎,246-3
01519-4503-14.zip,202602101146,利尻郡利尻富士町鬼脇字石崎,筆界未定地-28,利尻郡利尻富士町鬼脇字石崎,296
01519-4503-14.zip,202602101146,利尻郡利尻富士町鬼脇字石崎,筆界未定地-28,利尻郡利尻富士町鬼脇字石崎,297
01519-4503-14.zip,202602101146,利尻郡利尻富士町鬼脇字石崎,筆界未定地-29,利尻郡利尻富士町鬼脇字石崎,301
01519-4503-14.zip,202602101146,利尻郡利尻富士町鬼脇字石崎,筆界未定地-29,利尻郡利尻富士町鬼脇字石崎,302
01519-4503-14.zip,202602101146,利尻郡利尻富士町鬼脇字旭浜,筆界未定地-30V1,利尻郡利尻富士町鬼脇字旭浜,14W1
01519-4503-14.zip,202602101146,利尻郡利尻富士町鬼脇字旭浜,筆界未定地-30V1,利尻郡利尻富士町鬼脇字旭浜,15W1
01519-4503-14.zip,202602101146,利尻郡利尻富士町鬼脇字旭浜,筆界未定地-30V1,利尻郡利尻富士町鬼脇字旭浜,16W1
01519-4503-14.zip,202602101146,利尻郡利尻富士町鬼脇字旭浜,筆界未定地-31,利尻郡利尻富士町鬼脇字旭浜,9
01519-4503-14.zip,202602101146,利尻郡利尻富士町鬼脇字旭浜,筆界未定地-31,利尻郡利尻富士町鬼脇字旭浜,10
01519-4503-14.zip,202602101146,利尻郡利尻富士町鬼脇字旭浜,筆界未定地-31,利尻郡利尻富士町鬼脇字旭浜,11
01519-4503-14.zip,202602101146,利尻郡利尻富士町鬼脇字旭浜,筆界未定地-32,利尻郡利尻富士町鬼脇字旭浜,7-1
01519-4503-14.zip,202602101146,利尻郡利尻富士町鬼脇字旭浜,筆界未定地-32,利尻郡利尻富士町鬼脇字旭浜,7-2
01519-4503-14.zip,202602101146,利尻郡利尻富士町鬼脇字旭浜,筆界未定地-32,利尻郡利尻富士町鬼脇字旭浜,12-1
01519-4503-14.zip,202602101146,利尻郡利尻富士町鬼脇字旭浜,筆界未定地-32,利尻郡利尻富士町鬼脇字旭浜,12-2
01519-4503-14.zip,202602101146,利尻郡利尻富士町鬼脇字旭浜,筆界未定地-32,利尻郡利尻富士町鬼脇字旭浜,道-8
01519-4503-14.zip,202602101146,利尻郡利尻富士町鬼脇字旭浜,筆界未定地-33,利尻郡利尻富士町鬼脇字旭浜,4
01519-4503-14.zip,202602101146,利尻郡利尻富士町鬼脇字旭浜,筆界未定地-33,利尻郡利尻富士町鬼脇字旭浜,5
01519-4503-14.zip,202602101146,利尻郡利尻富士町鬼脇字旭浜,筆界未定地-33,利尻郡利尻富士町鬼脇字旭浜,6
01519-4503-14.zip,202602101146,利尻郡利尻富士町鬼脇字旭浜,筆界未定地-30V2,利尻郡利尻富士町鬼脇字旭浜,14W2
01519-4503-14.zip,202602101146,利尻郡利尻富士町鬼脇字旭浜,筆界未定地-30V2,利尻郡利尻富士町鬼脇字旭浜,15W2
01519-4503-14.zip,202602101146,利尻郡利尻富士町鬼脇字旭浜,筆界未定地-30V2,利尻郡利尻富士町鬼脇字旭浜,16W2
01519-4503-14.zip,202602101146,利尻郡利尻富士町鬼脇字旭浜,筆界未定地-34,利尻郡利尻富士町鬼脇字旭浜,2
01519-4503-14.zip,202602101146,利尻郡利尻富士町鬼脇字旭浜,筆界未定地-34,利尻郡利尻富士町鬼脇字旭浜,3
01519-4503-14.zip,202602101146,利尻郡利尻富士町鬼脇字旭浜,筆界未定地-35,利尻郡利尻富士町鬼脇字旭浜,23
01519-4503-14.zip,202602101146,利尻郡利尻富士町鬼脇字旭浜,筆界未定地-35,利尻郡利尻富士町鬼脇字旭浜,24
01519-4503-14.zip,202602101146,利尻郡利尻富士町鬼脇字旭浜,筆界未定地-35,利尻郡利尻富士町鬼脇字旭浜,25
01519-4503-14.zip,202602101146,利尻郡利尻富士町鬼脇字旭浜,筆界未定地-35,利尻郡利尻富士町鬼脇字旭浜,26
01519-4503-14.zip,202602101146,利尻郡利尻富士町鬼脇字旭浜,筆界未定地-36,利尻郡利尻富士町鬼脇字旭浜,30
01519-4503-14.zip,202602101146,利尻郡利尻富士町鬼脇字旭浜,筆界未定地-36,利尻郡利尻富士町鬼脇字旭浜,道-9
01519-4503-14.zip,202602101146,利尻郡利尻富士町鬼脇字旭浜,筆界未定地-37,利尻郡利尻富士町鬼脇字旭浜,35
01519-4503-14.zip,202602101146,利尻郡利尻富士町鬼脇字旭浜,筆界未定地-37,利尻郡利尻富士町鬼脇字旭浜,37
01519-4503-14.zip,202602101146,利尻郡利尻富士町鬼脇字旭浜,筆界未定地-37,利尻郡利尻富士町鬼脇字旭浜,道-10
01519-4503-14.zip,202602101146,利尻郡利尻富士町鬼脇字旭浜,筆界未定地-38,利尻郡利尻富士町鬼脇字旭浜,29
01519-4503-14.zip,202602101146,利尻郡利尻富士町鬼脇字旭浜,筆界未定地-38,利尻郡利尻富士町鬼脇字旭浜,道-11
01519-4503-14.zip,202602101146,利尻郡利尻富士町鬼脇字旭浜,筆界未定地-39,利尻郡利尻富士町鬼脇字旭浜,40
01519-4503-14.zip,202602101146,利尻郡利尻富士町鬼脇字旭浜,筆界未定地-39,利尻郡利尻富士町鬼脇字旭浜,41
01519-4503-14.zip,202602101146,利尻郡利尻富士町鬼脇字旭浜,筆界未定地-40,利尻郡利尻富士町鬼脇字旭浜,34
01519-4503-14.zip,202602101146,利尻郡利尻富士町鬼脇字旭浜,筆界未定地-40,利尻郡利尻富士町鬼脇字旭浜,38
01519-4503-14.zip,202602101146,利尻郡利尻富士町鬼脇字旭浜,筆界未定地-40,利尻郡利尻富士町鬼脇字旭浜,道-12
01519-4503-14.zip,202602101146,利尻郡利尻富士町鬼脇字旭浜,筆界未定地-41,利尻郡利尻富士町鬼脇字旭浜,45
01519-4503-14.zip,202602101146,利尻郡利尻富士町鬼脇字旭浜,筆界未定地-41,利尻郡利尻富士町鬼脇字旭浜,46
01519-4503-14.zip,202602101146,利尻郡利尻富士町鬼脇字旭浜,筆界未定地-42,利尻郡利尻富士町鬼脇字旭浜,66
01519-4503-14.zip,202602101146,利尻郡利尻富士町鬼脇字旭浜,筆界未定地-42,利尻郡利尻富士町鬼脇字旭浜,67
01519-4503-14.zip,202602101146,利尻郡利尻富士町鬼脇字旭浜,筆界未定地-43,利尻郡利尻富士町鬼脇字旭浜,20
01519-4503-14.zip,202602101146,利尻郡利尻富士町鬼脇字旭浜,筆界未定地-43,利尻郡利尻富士町鬼脇字旭浜,21
01519-4503-14.zip,202602101146,利尻郡利尻富士町鬼脇字旭浜,筆界未定地-44,利尻郡利尻富士町鬼脇字旭浜,43
01519-4503-14.zip,202602101146,利尻郡利尻富士町鬼脇字旭浜,筆界未定地-44,利尻郡利尻富士町鬼脇字旭浜,44
01519-4503-14.zip,202602101146,利尻郡利尻富士町鬼脇字旭浜,筆界未定地-45,利尻郡利尻富士町鬼脇字旭浜,55
01519-4503-14.zip,202602101146,利尻郡利尻富士町鬼脇字旭浜,筆界未定地-45,利尻郡利尻富士町鬼脇字旭浜,56-1
01519-4503-14.zip,202602101146,利尻郡利尻富士町鬼脇字旭浜,筆界未定地-45,利尻郡利尻富士町鬼脇字旭浜,56-2
01519-4503-14.zip,202602101146,利尻郡利尻富士町鬼脇字旭浜,筆界未定地-45,利尻郡利尻富士町鬼脇字旭浜,57-1
01519-4503-14.zip,202602101146,利尻郡利尻富士町鬼脇字旭浜,筆界未定地-45,利尻郡利尻富士町鬼脇字旭浜,57-2
01519-4503-14.zip,202602101146,利尻郡利尻富士町鬼脇字旭浜,筆界未定地-45,利尻郡利尻富士町鬼脇字旭浜,58
01519-4503-14.zip,202602101146,利尻郡利尻富士町鬼脇字旭浜,筆界未定地-46,利尻郡利尻富士町鬼脇字旭浜,54-1
01519-4503-14.zip,202602101146,利尻郡利尻富士町鬼脇字旭浜,筆界未定地-46,利尻郡利尻富士町鬼脇字旭浜,54-2
01519-4503-14.zip,202602101146,利尻郡利尻富士町鬼脇字旭浜,筆界未定地-46,利尻郡利尻富士町鬼脇字旭浜,54-3
01519-4503-14.zip,202602101146,利尻郡利尻富士町鬼脇字旭浜,筆界未定地-46,利尻郡利尻富士町鬼脇字旭浜,59-1
01519-4503-14.zip,202602101146,利尻郡利尻富士町鬼脇字旭浜,筆界未定地-46,利尻郡利尻富士町鬼脇字旭浜,59-2
01519-4503-14.zip,202602101146,利尻郡利尻富士町鬼脇字旭浜,筆界未定地-46,利尻郡利尻富士町鬼脇字旭浜,60-1
01519-4503-14.zip,202602101146,利尻郡利尻富士町鬼脇字旭浜,筆界未定地-46,利尻郡利尻富士町鬼脇字旭浜,60-2
01519-4503-14.zip,202602101146,利尻郡利尻富士町鬼脇字旭浜,筆界未定地-46,利尻郡利尻富士町鬼脇字旭浜,61-1
01519-4503-14.zip,202602101146,利尻郡利尻富士町鬼脇字旭浜,筆界未定地-46,利尻郡利尻富士町鬼脇字旭浜,61-2
01519-4503-14.zip,202602101146,利尻郡利尻富士町鬼脇字旭浜,筆界未定地-46,利尻郡利尻富士町鬼脇字旭浜,62-1
01519-4503-14.zip,202602101146,利尻郡利尻富士町鬼脇字旭浜,筆界未定地-46,利尻郡利尻富士町鬼脇字旭浜,63
01519-4503-14.zip,202602101146,利尻郡利尻富士町鬼脇字旭浜,筆界未定地-46,利尻郡利尻富士町鬼脇字旭浜,70-4
01519-4503-14.zip,202602101146,利尻郡利尻富士町鬼脇字旭浜,筆界未定地-46,利尻郡利尻富士町鬼脇字旭浜,70-5
01519-4503-14.zip,202602101146,利尻郡利尻富士町鬼脇字旭浜,筆界未定地-46,利尻郡利尻富士町鬼脇字旭浜,70-6
01519-4503-14.zip,202602101146,利尻郡利尻富士町鬼脇字旭浜,筆界未定地-46,利尻郡利尻富士町鬼脇字旭浜,70-7
01519-4503-14.zip,202602101146,利尻郡利尻富士町鬼脇字旭浜,筆界未定地-47,利尻郡利尻富士町鬼脇字旭浜,53-1
01519-4503-14.zip,202602101146,利尻郡利尻富士町鬼脇字旭浜,筆界未定地-47,利尻郡利尻富士町鬼脇字旭浜,53-2
01519-4503-14.zip,202602101146,利尻郡利尻富士町鬼脇字旭浜,筆界未定地-47,利尻郡利尻富士町鬼脇字旭浜,53-3
01519-4503-14.zip,202602101146,利尻郡利尻富士町鬼脇字旭浜,筆界未定地-47,利尻郡利尻富士町鬼脇字旭浜,53-4
01519-4503-14.zip,202602101146,利尻郡利尻富士町鬼脇字旭浜,筆界未定地-47,利尻郡利尻富士町鬼脇字旭浜,53-5
01519-4503-14.zip,202602101146,利尻郡利尻富士町鬼脇字旭浜,筆界未定地-48,利尻郡利尻富士町鬼脇字旭浜,47-1
01519-4503-14.zip,202602101146,利尻郡利尻富士町鬼脇字旭浜,筆界未定地-48,利尻郡利尻富士町鬼脇字旭浜,47-2
01519-4503-14.zip,202602101146,利尻郡利尻富士町鬼脇字旭浜,筆界未定地-49,利尻郡利尻富士町鬼脇字旭浜,98
01519-4503-14.zip,202602101146,利尻郡利尻富士町鬼脇字旭浜,筆界未定地-49,利尻郡利尻富士町鬼脇字旭浜,99
01519-4503-14.zip,202602101146,利尻郡利尻富士町鬼脇字旭浜,筆界未定地-50,利尻郡利尻富士町鬼脇字旭浜,92
01519-4503-14.zip,202602101146,利尻郡利尻富士町鬼脇字旭浜,筆界未定地-50,利尻郡利尻富士町鬼脇字旭浜,道-13
01519-4503-14.zip,202602101146,利尻郡利尻富士町鬼脇字旭浜,筆界未定地-52,利尻郡利尻富士町鬼脇字旭浜,91
01519-4503-14.zip,202602101146,利尻郡利尻富士町鬼脇字旭浜,筆界未定地-52,利尻郡利尻富士町鬼脇字旭浜,道-15
01519-4503-14.zip,202602101146,利尻郡利尻富士町鬼脇字旭浜,筆界未定地-55,利尻郡利尻富士町鬼脇字旭浜,71-1
01519-4503-14.zip,202602101146,利尻郡利尻富士町鬼脇字旭浜,筆界未定地-55,利尻郡利尻富士町鬼脇字旭浜,71-2
01519-4503-14.zip,202602101146,利尻郡利尻富士町鬼脇字旭浜,筆界未定地-56,利尻郡利尻富士町鬼脇字旭浜,70-2
01519-4503-14.zip,202602101146,利尻郡利尻富士町鬼脇字旭浜,筆界未定地-56,利尻郡利尻富士町鬼脇字旭浜,70-3
01519-4503-14.zip,202602101146,利尻郡利尻富士町鬼脇字旭浜,筆界未定地-57,利尻郡利尻富士町鬼脇字旭浜,73-1
01519-4503-14.zip,202602101146,利尻郡利尻富士町鬼脇字旭浜,筆界未定地-57,利尻郡利尻富士町鬼脇字旭浜,73-2
01519-4503-14.zip,202602101146,利尻郡利尻富士町鬼脇字旭浜,筆界未定地-57,利尻郡利尻富士町鬼脇字旭浜,73-3
01519-4503-14.zip,202602101146,利尻郡利尻富士町鬼脇字旭浜,筆界未定地-58,利尻郡利尻富士町鬼脇字旭浜,130
01519-4503-14.zip,202602101146,利尻郡利尻富士町鬼脇字旭浜,筆界未定地-58,利尻郡利尻富士町鬼脇字旭浜,131
01519-4503-14.zip,202602101146,利尻郡利尻富士町鬼脇字旭浜,筆界未定地-66,利尻郡利尻富士町鬼脇字旭浜,173
01519-4503-14.zip,202602101146,利尻郡利尻富士町鬼脇字旭浜,筆界未定地-66,利尻郡利尻富士町鬼脇字旭浜,174
01519-4503-14.zip,202602101146,利尻郡利尻富士町鬼脇字旭浜,筆界未定地-67,利尻郡利尻富士町鬼脇字旭浜,170
01519-4503-14.zip,202602101146,利尻郡利尻富士町鬼脇字旭浜,筆界未定地-67,利尻郡利尻富士町鬼脇字旭浜,171
01519-4503-14.zip,202602101146,利尻郡利尻富士町鬼脇字旭浜,筆界未定地-68,利尻郡利尻富士町鬼脇字旭浜,188
01519-4503-14.zip,202602101146,利尻郡利尻富士町鬼脇字旭浜,筆界未定地-68,利尻郡利尻富士町鬼脇字旭浜,道-20
01519-4503-14.zip,202602101146,利尻郡利尻富士町鬼脇字旭浜,筆界未定地-69,利尻郡利尻富士町鬼脇字旭浜,187
01519-4503-14.zip,202602101146,利尻郡利尻富士町鬼脇字旭浜,筆界未定地-69,利尻郡利尻富士町鬼脇字旭浜,道-21
01519-4503-14.zip,202602101146,利尻郡利尻富士町鬼脇字旭浜,筆界未定地-70,利尻郡利尻富士町鬼脇字旭浜,172
01519-4503-14.zip,202602101146,利尻郡利尻富士町鬼脇字旭浜,筆界未定地-70,利尻郡利尻富士町鬼脇字旭浜,道-22
01519-4503-14.zip,202602101146,利尻郡利尻富士町鬼脇字旭浜,筆界未定地-71,利尻郡利尻富士町鬼脇字旭浜,184
01519-4503-14.zip,202602101146,利尻郡利尻富士町鬼脇字旭浜,筆界未定地-71,利尻郡利尻富士町鬼脇字旭浜,185
01519-4503-14.zip,202602101146,利尻郡利尻富士町鬼脇字旭浜,筆界未定地-73,利尻郡利尻富士町鬼脇字旭浜,202
01519-4503-14.zip,202602101146,利尻郡利尻富士町鬼脇字旭浜,筆界未定地-73,利尻郡利尻富士町鬼脇字旭浜,204
01519-4503-14.zip,202602101146,利尻郡利尻富士町鬼脇字旭浜,筆界未定地-73,利尻郡利尻富士町鬼脇字旭浜,205
01519-4503-14.zip,202602101146,利尻郡利尻富士町鬼脇字旭浜,筆界未定地-73,利尻郡利尻富士町鬼脇字旭浜,道-24
01519-4503-14.zip,202602101146,利尻郡利尻富士町鬼脇字旭浜,筆界未定地-74,利尻郡利尻富士町鬼脇字旭浜,196
01519-4503-14.zip,202602101146,利尻郡利尻富士町鬼脇字旭浜,筆界未定地-74,利尻郡利尻富士町鬼脇字旭浜,197
01519-4503-14.zip,202602101146,利尻郡利尻富士町鬼脇字旭浜,筆界未定地-74,利尻郡利尻富士町鬼脇字旭浜,道-25
01519-4503-14.zip,202602101146,利尻郡利尻富士町鬼脇字旭浜,筆界未定地-76,利尻郡利尻富士町鬼脇字旭浜,191
01519-4503-14.zip,202602101146,利尻郡利尻富士町鬼脇字旭浜,筆界未定地-76,利尻郡利尻富士町鬼脇字旭浜,192
01519-4503-14.zip,202602101146,利尻郡利尻富士町鬼脇字旭浜,筆界未定地-76,利尻郡利尻富士町鬼脇字旭浜,194
01519-4503-14.zip,202602101146,利尻郡利尻富士町鬼脇字旭浜,筆界未定地-76,利尻郡利尻富士町鬼脇字旭浜,195
01519-4503-14.zip,202602101146,利尻郡利尻富士町鬼脇字旭浜,筆界未定地-76,利尻郡利尻富士町鬼脇字旭浜,道-27
01519-4503-14.zip,202602101146,利尻郡利尻富士町鬼脇字旭浜,筆界未定地-77,利尻郡利尻富士町鬼脇字旭浜,199
01519-4503-14.zip,202602101146,利尻郡利尻富士町鬼脇字旭浜,筆界未定地-77,利尻郡利尻富士町鬼脇字旭浜,200
01519-4503-14.zip,202602101146,利尻郡利尻富士町鬼脇字旭浜,筆界未定地-78,利尻郡利尻富士町鬼脇字旭浜,189
01519-4503-14.zip,202602101146,利尻郡利尻富士町鬼脇字旭浜,筆界未定地-78,利尻郡利尻富士町鬼脇字旭浜,190
01519-4503-14.zip,202602101146,利尻郡利尻富士町鬼脇字旭浜,筆界未定地-79,利尻郡利尻富士町鬼脇字旭浜,203
01519-4503-14.zip,202602101146,利尻郡利尻富士町鬼脇字旭浜,筆界未定地-79,利尻郡利尻富士町鬼脇字旭浜,道-28
01519-4503-14.zip,202602101146,利尻郡利尻富士町鬼脇字鰊泊,筆界未定地-80,利尻郡利尻富士町鬼脇字鰊泊,26
01519-4503-14.zip,202602101146,利尻郡利尻富士町鬼脇字鰊泊,筆界未定地-80,利尻郡利尻富士町鬼脇字鰊泊,27
01519-4503-14.zip,202602101146,利尻郡利尻富士町鬼脇字鰊泊,筆界未定地-80,利尻郡利尻富士町鬼脇字鰊泊,道-29
01519-4503-14.zip,202602101146,利尻郡利尻富士町鬼脇字鰊泊,筆界未定地-81,利尻郡利尻富士町鬼脇字鰊泊,19
01519-4503-14.zip,202602101146,利尻郡利尻富士町鬼脇字鰊泊,筆界未定地-81,利尻郡利尻富士町鬼脇字鰊泊,20
01519-4503-14.zip,202602101146,利尻郡利尻富士町鬼脇字鰊泊,筆界未定地-82,利尻郡利尻富士町鬼脇字鰊泊,16
01519-4503-14.zip,202602101146,利尻郡利尻富士町鬼脇字鰊泊,筆界未定地-82,利尻郡利尻富士町鬼脇字鰊泊,17
01519-4503-14.zip,202602101146,利尻郡利尻富士町鬼脇字鰊泊,筆界未定地-83,利尻郡利尻富士町鬼脇字鰊泊,38
01519-4503-14.zip,202602101146,利尻郡利尻富士町鬼脇字鰊泊,筆界未定地-83,利尻郡利尻富士町鬼脇字鰊泊,39
01519-4503-14.zip,202602101146,利尻郡利尻富士町鬼脇字鰊泊,筆界未定地-84,利尻郡利尻富士町鬼脇字鰊泊,40
01519-4503-14.zip,202602101146,利尻郡利尻富士町鬼脇字鰊泊,筆界未定地-84,利尻郡利尻富士町鬼脇字鰊泊,道-30
01519-4503-14.zip,202602101146,利尻郡利尻富士町鬼脇字鰊泊,筆界未定地-85,利尻郡利尻富士町鬼脇字鰊泊,32
01519-4503-14.zip,202602101146,利尻郡利尻富士町鬼脇字鰊泊,筆界未定地-85,利尻郡利尻富士町鬼脇字鰊泊,33
01519-4503-14.zip,202602101146,利尻郡利尻富士町鬼脇字鰊泊,筆界未定地-86,利尻郡利尻富士町鬼脇字鰊泊,22
01519-4503-14.zip,202602101146,利尻郡利尻富士町鬼脇字鰊泊,筆界未定地-86,利尻郡利尻富士町鬼脇字鰊泊,道-31
01519-4503-14.zip,202602101146,利尻郡利尻富士町鬼脇字鰊泊,筆界未定地-87,利尻郡利尻富士町鬼脇字鰊泊,21
01519-4503-14.zip,202602101146,利尻郡利尻富士町鬼脇字鰊泊,筆界未定地-87,利尻郡利尻富士町鬼脇字鰊泊,道-32
01519-4503-14.zip,202602101146,利尻郡利尻富士町鬼脇字鰊泊,筆界未定地-88,利尻郡利尻富士町鬼脇字鰊泊,28
01519-4503-14.zip,202602101146,利尻郡利尻富士町鬼脇字鰊泊,筆界未定地-88,利尻郡利尻富士町鬼脇字鰊泊,道-33
01519-4503-14.zip,202602101146,利尻郡利尻富士町鬼脇字鰊泊,筆界未定地-89,利尻郡利尻富士町鬼脇字鰊泊,69
01519-4503-14.zip,202602101146,利尻郡利尻富士町鬼脇字鰊泊,筆界未定地-89,利尻郡利尻富士町鬼脇字鰊泊,道-34
01519-4503-14.zip,202602101146,利尻郡利尻富士町鬼脇字鰊泊,筆界未定地-90,利尻郡利尻富士町鬼脇字鰊泊,70
01519-4503-14.zip,202602101146,利尻郡利尻富士町鬼脇字鰊泊,筆界未定地-90,利尻郡利尻富士町鬼脇字鰊泊,道-35
01519-4503-14.zip,202602101146,利尻郡利尻富士町鬼脇字鰊泊,筆界未定地-91,利尻郡利尻富士町鬼脇字鰊泊,71
01519-4503-14.zip,202602101146,利尻郡利尻富士町鬼脇字鰊泊,筆界未定地-91,利尻郡利尻富士町鬼脇字鰊泊,道-36
01519-4503-14.zip,202602101146,利尻郡利尻富士町鬼脇字鰊泊,筆界未定地-95,利尻郡利尻富士町鬼脇字鰊泊,47
01519-4503-14.zip,202602101146,利尻郡利尻富士町鬼脇字鰊泊,筆界未定地-95,利尻郡利尻富士町鬼脇字鰊泊,48
01519-4503-14.zip,202602101146,利尻郡利尻富士町鬼脇字鰊泊,筆界未定地-96,利尻郡利尻富士町鬼脇字鰊泊,123-1
01519-4503-14.zip,202602101146,利尻郡利尻富士町鬼脇字鰊泊,筆界未定地-96,利尻郡利尻富士町鬼脇字鰊泊,123-2
01519-4503-14.zip,202602101146,利尻郡利尻富士町鬼脇字鰊泊,筆界未定地-96,利尻郡利尻富士町鬼脇字鰊泊,123-3
01519-4503-14.zip,202602101146,利尻郡利尻富士町鬼脇字鰊泊,筆界未定地-97,利尻郡利尻富士町鬼脇字鰊泊,141-1
01519-4503-14.zip,202602101146,利尻郡利尻富士町鬼脇字鰊泊,筆界未定地-97,利尻郡利尻富士町鬼脇字鰊泊,141-2
01519-4503-14.zip,202602101146,利尻郡利尻富士町鬼脇字鰊泊,筆界未定地-97,利尻郡利尻富士町鬼脇字鰊泊,141-3
01519-4503-14.zip,202602101146,利尻郡利尻富士町鬼脇字鰊泊,筆界未定地-97,利尻郡利尻富士町鬼脇字鰊泊,141-4
01519-4503-14.zip,202602101146,利尻郡利尻富士町鬼脇字鰊泊,筆界未定地-97,利尻郡利尻富士町鬼脇字鰊泊,141-5
01519-4503-14.zip,202602101146,利尻郡利尻富士町鬼脇字鰊泊,筆界未定地-97,利尻郡利尻富士町鬼脇字鰊泊,141-6
01519-4503-14.zip,202602101146,利尻郡利尻富士町鬼脇字鰊泊,筆界未定地-97,利尻郡利尻富士町鬼脇字鰊泊,141-7
01519-4503-14.zip,202602101146,利尻郡利尻富士町鬼脇字鰊泊,筆界未定地-97,利尻郡利尻富士町鬼脇字鰊泊,道-40
01519-4503-14.zip,202602101146,利尻郡利尻富士町鬼脇字鰊泊,筆界未定地-98,利尻郡利尻富士町鬼脇字鰊泊,140
01519-4503-14.zip,202602101146,利尻郡利尻富士町鬼脇字鰊泊,筆界未定地-98,利尻郡利尻富士町鬼脇字鰊泊,道-41
01519-4503-14.zip,202602101146,利尻郡利尻富士町鬼脇字鰊泊,筆界未定地-108,利尻郡利尻富士町鬼脇字鰊泊,87
01519-4503-14.zip,202602101146,利尻郡利尻富士町鬼脇字鰊泊,筆界未定地-108,利尻郡利尻富士町鬼脇字鰊泊,88
01519-4503-14.zip,202602101146,利尻郡利尻富士町鬼脇字鰊泊,筆界未定地-110,利尻郡利尻富士町鬼脇字鰊泊,163-1
01519-4503-14.zip,202602101146,利尻郡利尻富士町鬼脇字鰊泊,筆界未定地-110,利尻郡利尻富士町鬼脇字鰊泊,163-2
01519-4503-14.zip,202602101146,利尻郡利尻富士町鬼脇字鰊泊,筆界未定地-110,利尻郡利尻富士町鬼脇字鰊泊,163-3
01519-4503-14.zip,202602101146,利尻郡利尻富士町鬼脇字鰊泊,筆界未定地-110,利尻郡利尻富士町鬼脇字鰊泊,164-1
01519-4503-14.zip,202602101146,利尻郡利尻富士町鬼脇字鰊泊,筆界未定地-110,利尻郡利尻富士町鬼脇字鰊泊,164-2
01519-4503-14.zip,202602101146,利尻郡利尻富士町鬼脇字鰊泊,筆界未定地-111,利尻郡利尻富士町鬼脇字鰊泊,149-1
01519-4503-14.zip,202602101146,利尻郡利尻富士町鬼脇字鰊泊,筆界未定地-111,利尻郡利尻富士町鬼脇字鰊泊,150
01519-4503-14.zip,202602101146,利尻郡利尻富士町鬼脇字鰊泊,筆界未定地-112,利尻郡利尻富士町鬼脇字鰊泊,194
01519-4503-14.zip,202602101146,利尻郡利尻富士町鬼脇字鰊泊,筆界未定地-112,利尻郡利尻富士町鬼脇字鰊泊,195
01519-4503-14.zip,202602101146,利尻郡利尻富士町鬼脇字鰊泊,筆界未定地-112,利尻郡利尻富士町鬼脇字鰊泊,197
01519-4503-14.zip,202602101146,利尻郡利尻富士町鬼脇字鰊泊,筆界未定地-114,利尻郡利尻富士町鬼脇字鰊泊,154-1
01519-4503-14.zip,202602101146,利尻郡利尻富士町鬼脇字鰊泊,筆界未定地-114,利尻郡利尻富士町鬼脇字鰊泊,154-2
01519-4503-14.zip,202602101146,利尻郡利尻富士町鬼脇字鰊泊,筆界未定地-114,利尻郡利尻富士町鬼脇字鰊泊,154-3
01519-4503-14.zip,202602101146,利尻郡利尻富士町鬼脇字鰊泊,筆界未定地-114,利尻郡利尻富士町鬼脇字鰊泊,154-4
01519-4503-14.zip,202602101146,利尻郡利尻富士町鬼脇字鰊泊,筆界未定地-115,利尻郡利尻富士町鬼脇字鰊泊,243
01519-4503-14.zip,202602101146,利尻郡利尻富士町鬼脇字鰊泊,筆界未定地-115,利尻郡利尻富士町鬼脇字鰊泊,246
01519-4503-14.zip,202602101146,利尻郡利尻富士町鬼脇字鰊泊,筆界未定地-116,利尻郡利尻富士町鬼脇字鰊泊,245-3
01519-4503-14.zip,202602101146,利尻郡利尻富士町鬼脇字鰊泊,筆界未定地-116,利尻郡利尻富士町鬼脇字鰊泊,245-4
01519-4503-14.zip,202602101146,利尻郡利尻富士町鬼脇字鰊泊,筆界未定地-117,利尻郡利尻富士町鬼脇字鰊泊,215
01519-4503-14.zip,202602101146,利尻郡利尻富士町鬼脇字鰊泊,筆界未定地-117,利尻郡利尻富士町鬼脇字鰊泊,217
01519-4503-14.zip,202602101146,利尻郡利尻富士町鬼脇字鰊泊,筆界未定地-118,利尻郡利尻富士町鬼脇字鰊泊,248
01519-4503-14.zip,202602101146,利尻郡利尻富士町鬼脇字鰊泊,筆界未定地-118,利尻郡利尻富士町鬼脇字鰊泊,249
01519-4503-14.zip,202602101146,利尻郡利尻富士町鬼脇字鰊泊,筆界未定地-118,利尻郡利尻富士町鬼脇字鰊泊,250
01519-4503-14.zip,202602101146,利尻郡利尻富士町鬼脇字鰊泊,筆界未定地-119,利尻郡利尻富士町鬼脇字鰊泊,251
01519-4503-14.zip,202602101146,利尻郡利尻富士町鬼脇字鰊泊,筆界未定地-119,利尻郡利尻富士町鬼脇字鰊泊,252
01519-4503-14.zip,202602101146,利尻郡利尻富士町鬼脇字鰊泊,筆界未定地-119,利尻郡利尻富士町鬼脇字鰊泊,253
01519-4503-14.zip,202602101146,利尻郡利尻富士町鬼脇字鰊泊,筆界未定地-119,利尻郡利尻富士町鬼脇字鰊泊,254
01519-4503-14.zip,202602101146,利尻郡利尻富士町鬼脇字鰊泊,筆界未定地-120,利尻郡利尻富士町鬼脇字鰊泊,231-2
01519-4503-14.zip,202602101146,利尻郡利尻富士町鬼脇字鰊泊,筆界未定地-120,利尻郡利尻富士町鬼脇字鰊泊,231-3
01519-4503-14.zip,202602101146,利尻郡利尻富士町鬼脇字鰊泊,筆界未定地-121,利尻郡利尻富士町鬼脇字鰊泊,230-1
01519-4503-14.zip,202602101146,利尻郡利尻富士町鬼脇字鰊泊,筆界未定地-121,利尻郡利尻富士町鬼脇字鰊泊,230-2
01519-4503-14.zip,202602101146,利尻郡利尻富士町鬼脇字鰊泊,筆界未定地-122,利尻郡利尻富士町鬼脇字鰊泊,237
01519-4503-14.zip,202602101146,利尻郡利尻富士町鬼脇字鰊泊,筆界未定地-122,利尻郡利尻富士町鬼脇字鰊泊,238
01519-4503-14.zip,202602101146,利尻郡利尻富士町鬼脇字鰊泊,筆界未定地-123,利尻郡利尻富士町鬼脇字鰊泊,234-2
01519-4503-14.zip,202602101146,利尻郡利尻富士町鬼脇字鰊泊,筆界未定地-123,利尻郡利尻富士町鬼脇字鰊泊,234-6
01519-4503-14.zip,202602101146,利尻郡利尻富士町鬼脇字鰊泊,筆界未定地-123,利尻郡利尻富士町鬼脇字鰊泊,241-2
01519-4503-14.zip,202602101146,利尻郡利尻富士町鬼脇字鰊泊,筆界未定地-124,利尻郡利尻富士町鬼脇字鰊泊,206-1
01519-4503-14.zip,202602101146,利尻郡利尻富士町鬼脇字鰊泊,筆界未定地-124,利尻郡利尻富士町鬼脇字鰊泊,209
01519-4503-14.zip,202602101146,利尻郡利尻富士町鬼脇字鰊泊,筆界未定地-125,利尻郡利尻富士町鬼脇字鰊泊,294
01519-4503-14.zip,202602101146,利尻郡利尻富士町鬼脇字鰊泊,筆界未定地-125,利尻郡利尻富士町鬼脇字鰊泊,295
01519-4503-14.zip,202602101146,利尻郡利尻富士町鬼脇字鰊泊,筆界未定地-126,利尻郡利尻富士町鬼脇字鰊泊,290
01519-4503-14.zip,202602101146,利尻郡利尻富士町鬼脇字鰊泊,筆界未定地-126,利尻郡利尻富士町鬼脇字鰊泊,291
01519-4503-14.zip,202602101146,利尻郡利尻富士町鬼脇字鰊泊,筆界未定地-127,利尻郡利尻富士町鬼脇字鰊泊,288
01519-4503-14.zip,202602101146,利尻郡利尻富士町鬼脇字鰊泊,筆界未定地-127,利尻郡利尻富士町鬼脇字鰊泊,289
01519-4503-14.zip,202602101146,利尻郡利尻富士町鬼脇字鰊泊,筆界未定地-128,利尻郡利尻富士町鬼脇字鰊泊,255
01519-4503-14.zip,202602101146,利尻郡利尻富士町鬼脇字鰊泊,筆界未定地-128,利尻郡利尻富士町鬼脇字鰊泊,257
01519-4503-14.zip,202602101146,利尻郡利尻富士町鬼脇字鰊泊,筆界未定地-128,利尻郡利尻富士町鬼脇字鰊泊,道-51
01519-4503-14.zip,202602101146,利尻郡利尻富士町鬼脇字鰊泊,筆界未定地-129,利尻郡利尻富士町鬼脇字鰊泊,284-1
01519-4503-14.zip,202602101146,利尻郡利尻富士町鬼脇字鰊泊,筆界未定地-129,利尻郡利尻富士町鬼脇字鰊泊,285
01519-4503-14.zip,202602101146,利尻郡利尻富士町鬼脇字石崎,長狭物不明-2,,
01519-4503-14.zip,202602101146,利尻郡利尻富士町鬼脇字旭浜,264-2W1,,
01519-4503-14.zip,202602101146,利尻郡利尻富士町鬼脇字鰊泊,319,,
01519-4503-14.zip,202602101146,利尻郡利尻富士町鬼脇字鰊泊,307,,
01519-4503-14.zip,202602101146,利尻郡利尻富士町鬼脇字鰊泊,317,,
01519-4503-14.zip,202602101146,利尻郡利尻富士町鬼脇字鰊泊,316,,
01519-4503-14.zip,202602101146,利尻郡利尻富士町鬼脇字鰊泊,278,,
01519-4503-14.zip,202602101146,利尻郡利尻富士町鬼脇字鰊泊,279,,
01519-4503-14.zip,202602101146,利尻郡利尻富士町鬼脇字鰊泊,長狭物不明-4,,
01519-4503-14.zip,202602101146,利尻郡利尻富士町鬼脇字鰊泊,283,,
01519-4503-14.zip,202602101146,利尻郡利尻富士町鬼脇字鰊泊,297-1,,
01519-4503-14.zip,202602101146,利尻郡利尻富士町鬼脇字鰊泊,道-58,,
01519-4503-14.zip,202602101146,利尻郡利尻富士町鬼脇字鰊泊,道-59,,
01519-4503-14.zip,202602101146,利尻郡利尻富士町鬼脇字鰊泊,長狭物不明-5,,
01519-4503-14.zip,202602101146,利尻郡利尻富士町鬼脇字鰊泊,道-60,,
01519-4503-14.zip,202602101146,利尻郡利尻富士町鬼脇字鰊泊,道-61,,
01519-4503-14.zip,202602101146,利尻郡利尻富士町鬼脇字鰊泊,道-62,,
01519-4503-14.zip,202602101146,利尻郡利尻富士町鬼脇字鰊泊,道-63,,
01519-4503-14.zip,202602101146,利尻郡利尻富士町鬼脇字鰊泊,道-64,,
01519-4503-14.zip,202602101146,利尻郡利尻富士町鬼脇字鰊泊,道-65,,
01519-4503-14.zip,202602101146,利尻郡利尻富士町鬼脇字鰊泊,長狭物不明-6,,
01519-4503-14.zip,202602101146,利尻郡利尻富士町鬼脇字鰊泊,276,,
01519-4503-14.zip,202602101146,利尻郡利尻富士町鬼脇字鰊泊,274-1,,
01519-4503-14.zip,202602101146,利尻郡利尻富士町鬼脇字鰊泊,274-3,,
01519-4503-14.zip,202602101146,利尻郡利尻富士町鬼脇字鰊泊,275-2,,
01519-4503-14.zip,202602101146,利尻郡利尻富士町鬼脇字鰊泊,275-4,,
01519-4503-14.zip,202602101146,利尻郡利尻富士町鬼脇字鰊泊,274-2,,
01519-4503-14.zip,202602101146,利尻郡利尻富士町鬼脇字鰊泊,275-3,,
01519-4503-14.zip,202602101146,利尻郡利尻富士町鬼脇字鰊泊,277,,
01519-4503-14.zip,202602101146,利尻郡利尻富士町鬼脇字鰊泊,281,,
01519-4503-14.zip,202602101146,利尻郡利尻富士町鬼脇字鰊泊,286,,
01519-4503-14.zip,202602101146,利尻郡利尻富士町鬼脇字鰊泊,道-66,,
01519-4503-14.zip,202602101146,利尻郡利尻富士町鬼脇字鰊泊,273,,
01519-4503-14.zip,202602101146,利尻郡利尻富士町鬼脇字鰊泊,272,,
01519-4503-14.zip,202602101146,利尻郡利尻富士町鬼脇字鰊泊,268,,
01519-4503-14.zip,202602101146,利尻郡利尻富士町鬼脇字鰊泊,265-1,,
01519-4503-14.zip,202602101146,利尻郡利尻富士町鬼脇字鰊泊,258-1,,
01519-4503-14.zip,202602101146,利尻郡利尻富士町鬼脇字鰊泊,266,,
01519-4503-14.zip,202602101146,利尻郡利尻富士町鬼脇字鰊泊,267,,
01519-4503-14.zip,202602101146,利尻郡利尻富士町鬼脇字鰊泊,259-3,,
01519-4503-14.zip,202602101146,利尻郡利尻富士町鬼脇字鰊泊,260,,
01519-4503-14.zip,202602101146,利尻郡利尻富士町鬼脇字鰊泊,261-2,,
01519-4503-14.zip,202602101146,利尻郡利尻富士町鬼脇字鰊泊,261-1,,
01519-4503-14.zip,202602101146,利尻郡利尻富士町鬼脇字鰊泊,263-2,,
01519-4503-14.zip,202602101146,利尻郡利尻富士町鬼脇字鰊泊,263-1,,
01519-4503-14.zip,202602101146,利尻郡利尻富士町鬼脇字鰊泊,265-2,,
01519-4503-14.zip,202602101146,利尻郡利尻富士町鬼脇字鰊泊,292-4,,
01519-4503-14.zip,202602101146,利尻郡利尻富士町鬼脇字鰊泊,292-2,,
01519-4503-14.zip,202602101146,利尻郡利尻富士町鬼脇字鰊泊,292-3,,
01519-4503-14.zip,202602101146,利尻郡利尻富士町鬼脇字鰊泊,292-1,,
01519-4503-14.zip,202602101146,利尻郡利尻富士町鬼脇字鰊泊,296-3,,
01519-4503-14.zip,202602101146,利尻郡利尻富士町鬼脇字鰊泊,296-1,,
01519-4503-14.zip,202602101146,利尻郡利尻富士町鬼脇字鰊泊,297-3,,
01519-4503-14.zip,202602101146,利尻郡利尻富士町鬼脇字鰊泊,287-1,,
01519-4503-14.zip,202602101146,利尻郡利尻富士町鬼脇字鰊泊,長狭物不明-7,,
01519-4503-14.zip,202602101146,利尻郡利尻富士町鬼脇字鰊泊,293-1,,
01519-4503-14.zip,202602101146,利尻郡利尻富士町鬼脇字鰊泊,284-2,,
01519-4503-14.zip,202602101146,利尻郡利尻富士町鬼脇字鰊泊,293-2,,
01519-4503-14.zip,202602101146,利尻郡利尻富士町鬼脇字鰊泊,297-2,,
01519-4503-14.zip,202602101146,利尻郡利尻富士町鬼脇字鰊泊,258-2,,
01519-4503-14.zip,202602101146,利尻郡利尻富士町鬼脇字鰊泊,262,,
01519-4503-14.zip,202602101146,利尻郡利尻富士町鬼脇字鰊泊,264,,
01519-4503-14.zip,202602101146,利尻郡利尻富士町鬼脇字鰊泊,296-2,,
01519-4503-14.zip,202602101146,利尻郡利尻富士町鬼脇字鰊泊,270,,
01519-4503-14.zip,202602101146,利尻郡利尻富士町鬼脇字鰊泊,271,,
01519-4503-14.zip,202602101146,利尻郡利尻富士町鬼脇字鰊泊,269,,
01519-4503-14.zip,202602101146,利尻郡利尻富士町鬼脇字鰊泊,287-2,,
01519-4503-14.zip,202602101146,利尻郡利尻富士町鬼脇字鰊泊,259-2,,
01519-4503-14.zip,202602101146,利尻郡利尻富士町鬼脇字鰊泊,259-1,,
01519-4503-14.zip,202602101146,利尻郡利尻富士町鬼脇字鰊泊,長狭物不明-8,,
01519-4503-14.zip,202602101146,利尻郡利尻富士町鬼脇字鰊泊,208,,
01519-4503-14.zip,202602101146,利尻郡利尻富士町鬼脇字鰊泊,227,,
01519-4503-14.zip,202602101146,利尻郡利尻富士町鬼脇字鰊泊,226,,
01519-4503-14.zip,202602101146,利尻郡利尻富士町鬼脇字鰊泊,222-1,,
01519-4503-14.zip,202602101146,利尻郡利尻富士町鬼脇字鰊泊,223,,
01519-4503-14.zip,202602101146,利尻郡利尻富士町鬼脇字鰊泊,218,,
01519-4503-14.zip,202602101146,利尻郡利尻富士町鬼脇字鰊泊,長狭物不明-9,,
01519-4503-14.zip,202602101146,利尻郡利尻富士町鬼脇字鰊泊,205,,
01519-4503-14.zip,202602101146,利尻郡利尻富士町鬼脇字鰊泊,224,,
01519-4503-14.zip,202602101146,利尻郡利尻富士町鬼脇字鰊泊,220-1,,
01519-4503-14.zip,202602101146,利尻郡利尻富士町鬼脇字鰊泊,225,,
01519-4503-14.zip,202602101146,利尻郡利尻富士町鬼脇字鰊泊,221,,
01519-4503-14.zip,202602101146,利尻郡利尻富士町鬼脇字鰊泊,222-2,,
01519-4503-14.zip,202602101146,利尻郡利尻富士町鬼脇字鰊泊,220-2,,
01519-4503-14.zip,202602101146,利尻郡利尻富士町鬼脇字鰊泊,206-2,,
01519-4503-14.zip,202602101146,利尻郡利尻富士町鬼脇字鰊泊,207,,
01519-4503-14.zip,202602101146,利尻郡利尻富士町鬼脇字鰊泊,道-67,,
01519-4503-14.zip,202602101146,利尻郡利尻富士町鬼脇字鰊泊,231-1,,
01519-4503-14.zip,202602101146,利尻郡利尻富士町鬼脇字鰊泊,242,,
01519-4503-14.zip,202602101146,利尻郡利尻富士町鬼脇字鰊泊,232-4,,
01519-4503-14.zip,202602101146,利尻郡利尻富士町鬼脇字鰊泊,232-3,,
01519-4503-14.zip,202602101146,利尻郡利尻富士町鬼脇字鰊泊,241-3,,
01519-4503-14.zip,202602101146,利尻郡利尻富士町鬼脇字鰊泊,234-4,,
01519-4503-14.zip,202602101146,利尻郡利尻富士町鬼脇字鰊泊,234-3,,
01519-4503-14.zip,202602101146,利尻郡利尻富士町鬼脇字鰊泊,233-1,,
01519-4503-14.zip,202602101146,利尻郡利尻富士町鬼脇字鰊泊,232-1,,
01519-4503-14.zip,202602101146,利尻郡利尻富士町鬼脇字鰊泊,233-2,,
01519-4503-14.zip,202602101146,利尻郡利尻富士町鬼脇字鰊泊,234-5,,
01519-4503-14.zip,202602101146,利尻郡利尻富士町鬼脇字鰊泊,231-4,,
01519-4503-14.zip,202602101146,利尻郡利尻富士町鬼脇字鰊泊,240,,
01519-4503-14.zip,202602101146,利尻郡利尻富士町鬼脇字鰊泊,239,,
01519-4503-14.zip,202602101146,利尻郡利尻富士町鬼脇字鰊泊,235,,
01519-4503-14.zip,202602101146,利尻郡利尻富士町鬼脇字鰊泊,234-1,,
01519-4503-14.zip,202602101146,利尻郡利尻富士町鬼脇字鰊泊,236,,
01519-4503-14.zip,202602101146,利尻郡利尻富士町鬼脇字鰊泊,241-1,,
01519-4503-14.zip,202602101146,利尻郡利尻富士町鬼脇字鰊泊,228,,
01519-4503-14.zip,202602101146,利尻郡利尻富士町鬼脇字鰊泊,211-1,,
01519-4503-14.zip,202602101146,利尻郡利尻富士町鬼脇字鰊泊,216,,
01519-4503-14.zip,202602101146,利尻郡利尻富士町鬼脇字鰊泊,212,,
01519-4503-14.zip,202602101146,利尻郡利尻富士町鬼脇字鰊泊,213,,
01519-4503-14.zip,202602101146,利尻郡利尻富士町鬼脇字鰊泊,210-2,,
01519-4503-14.zip,202602101146,利尻郡利尻富士町鬼脇字鰊泊,211-2,,
01519-4503-14.zip,202602101146,利尻郡利尻富士町鬼脇字鰊泊,214-1,,
01519-4503-14.zip,202602101146,利尻郡利尻富士町鬼脇字鰊泊,214-2,,
01519-4503-14.zip,202602101146,利尻郡利尻富士町鬼脇字鰊泊,210-1,,
01519-4503-14.zip,202602101146,利尻郡利尻富士町鬼脇字鰊泊,245-1,,
01519-4503-14.zip,202602101146,利尻郡利尻富士町鬼脇字鰊泊,247,,
01519-4503-14.zip,202602101146,利尻郡利尻富士町鬼脇字鰊泊,245-2,,
01519-4503-14.zip,202602101146,利尻郡利尻富士町鬼脇字鰊泊,244,,
01519-4503-14.zip,202602101146,利尻郡利尻富士町鬼脇字鰊泊,245-5,,
01519-4503-14.zip,202602101146,利尻郡利尻富士町鬼脇字鰊泊,232-2,,
01519-4503-14.zip,202602101146,利尻郡利尻富士町鬼脇字鰊泊,144-4,,
01519-4503-14.zip,202602101146,利尻郡利尻富士町鬼脇字鰊泊,144-3,,
01519-4503-14.zip,202602101146,利尻郡利尻富士町鬼脇字鰊泊,145-7,,
01519-4503-14.zip,202602101146,利尻郡利尻富士町鬼脇字鰊泊,144-6,,
01519-4503-14.zip,202602101146,利尻郡利尻富士町鬼脇字鰊泊,145-5,,
01519-4503-14.zip,202602101146,利尻郡利尻富士町鬼脇字鰊泊,144-5,,
01519-4503-14.zip,202602101146,利尻郡利尻富士町鬼脇字鰊泊,145-6,,
01519-4503-14.zip,202602101146,利尻郡利尻富士町鬼脇字鰊泊,152-2,,
01519-4503-14.zip,202602101146,利尻郡利尻富士町鬼脇字鰊泊,152-5,,
01519-4503-14.zip,202602101146,利尻郡利尻富士町鬼脇字鰊泊,152-1,,
01519-4503-14.zip,202602101146,利尻郡利尻富士町鬼脇字鰊泊,152-4,,
01519-4503-14.zip,202602101146,利尻郡利尻富士町鬼脇字鰊泊,152-6,,
01519-4503-14.zip,202602101146,利尻郡利尻富士町鬼脇字鰊泊,152-3,,
01519-4503-14.zip,202602101146,利尻郡利尻富士町鬼脇字鰊泊,179,,
01519-4503-14.zip,202602101146,利尻郡利尻富士町鬼脇字鰊泊,180,,
01519-4503-14.zip,202602101146,利尻郡利尻富士町鬼脇字鰊泊,153,,
01519-4503-14.zip,202602101146,利尻郡利尻富士町鬼脇字鰊泊,182,,
01519-4503-14.zip,202602101146,利尻郡利尻富士町鬼脇字鰊泊,185,,
01519-4503-14.zip,202602101146,利尻郡利尻富士町鬼脇字鰊泊,184,,
01519-4503-14.zip,202602101146,利尻郡利尻富士町鬼脇字鰊泊,183,,
01519-4503-14.zip,202602101146,利尻郡利尻富士町鬼脇字鰊泊,181,,
01519-4503-14.zip,202602101146,利尻郡利尻富士町鬼脇字鰊泊,146-7,,
01519-4503-14.zip,202602101146,利尻郡利尻富士町鬼脇字鰊泊,146-5,,
01519-4503-14.zip,202602101146,利尻郡利尻富士町鬼脇字鰊泊,170-3,,
01519-4503-14.zip,202602101146,利尻郡利尻富士町鬼脇字鰊泊,171-2,,
01519-4503-14.zip,202602101146,利尻郡利尻富士町鬼脇字鰊泊,198-1,,
01519-4503-14.zip,202602101146,利尻郡利尻富士町鬼脇字鰊泊,201-4,,
01519-4503-14.zip,202602101146,利尻郡利尻富士町鬼脇字鰊泊,173-1,,
01519-4503-14.zip,202602101146,利尻郡利尻富士町鬼脇字鰊泊,166-1,,
01519-4503-14.zip,202602101146,利尻郡利尻富士町鬼脇字鰊泊,149-2,,
01519-4503-14.zip,202602101146,利尻郡利尻富士町鬼脇字鰊泊,147-2,,
01519-4503-14.zip,202602101146,利尻郡利尻富士町鬼脇字鰊泊,146-3,,
01519-4503-14.zip,202602101146,利尻郡利尻富士町鬼脇字鰊泊,148,,
01519-4503-14.zip,202602101146,利尻郡利尻富士町鬼脇字鰊泊,165-1,,
01519-4503-14.zip,202602101146,利尻郡利尻富士町鬼脇字鰊泊,165-2,,
01519-4503-14.zip,202602101146,利尻郡利尻富士町鬼脇字鰊泊,147-5,,
01519-4503-14.zip,202602101146,利尻郡利尻富士町鬼脇字鰊泊,147-4,,
01519-4503-14.zip,202602101146,利尻郡利尻富士町鬼脇字鰊泊,146-6,,
01519-4503-14.zip,202602101146,利尻郡利尻富士町鬼脇字鰊泊,167-2,,
01519-4503-14.zip,202602101146,利尻郡利尻富士町鬼脇字鰊泊,173-2,,
01519-4503-14.zip,202602101146,利尻郡利尻富士町鬼脇字鰊泊,196-1,,
01519-4503-14.zip,202602101146,利尻郡利尻富士町鬼脇字鰊泊,172-2,,
01519-4503-14.zip,202602101146,利尻郡利尻富士町鬼脇字鰊泊,196-2,,
01519-4503-14.zip,202602101146,利尻郡利尻富士町鬼脇字鰊泊,198-3,,
01519-4503-14.zip,202602101146,利尻郡利尻富士町鬼脇字鰊泊,201-3,,
01519-4503-14.zip,202602101146,利尻郡利尻富士町鬼脇字鰊泊,201-2,,
01519-4503-14.zip,202602101146,利尻郡利尻富士町鬼脇字鰊泊,199-1,,
01519-4503-14.zip,202602101146,利尻郡利尻富士町鬼脇字鰊泊,200,,
01519-4503-14.zip,202602101146,利尻郡利尻富士町鬼脇字鰊泊,201-1,,
01519-4503-14.zip,202602101146,利尻郡利尻富士町鬼脇字鰊泊,151-3,,
01519-4503-14.zip,202602101146,利尻郡利尻富士町鬼脇字鰊泊,151-1,,
01519-4503-14.zip,202602101146,利尻郡利尻富士町鬼脇字鰊泊,161-1,,
01519-4503-14.zip,202602101146,利尻郡利尻富士町鬼脇字鰊泊,161-3,,
01519-4503-14.zip,202602101146,利尻郡利尻富士町鬼脇字鰊泊,161-4,,
01519-4503-14.zip,202602101146,利尻郡利尻富士町鬼脇字鰊泊,161-2,,
01519-4503-14.zip,202602101146,利尻郡利尻富士町鬼脇字鰊泊,162-3,,
01519-4503-14.zip,202602101146,利尻郡利尻富士町鬼脇字鰊泊,162-4,,
01519-4503-14.zip,202602101146,利尻郡利尻富士町鬼脇字鰊泊,178-2,,
01519-4503-14.zip,202602101146,利尻郡利尻富士町鬼脇字鰊泊,178-3,,
01519-4503-14.zip,202602101146,利尻郡利尻富士町鬼脇字鰊泊,174-2,,
01519-4503-14.zip,202602101146,利尻郡利尻富士町鬼脇字鰊泊,160-2,,
01519-4503-14.zip,202602101146,利尻郡利尻富士町鬼脇字鰊泊,158-3,,
01519-4503-14.zip,202602101146,利尻郡利尻富士町鬼脇字鰊泊,159-1,,
01519-4503-14.zip,202602101146,利尻郡利尻富士町鬼脇字鰊泊,157-2,,
01519-4503-14.zip,202602101146,利尻郡利尻富士町鬼脇字鰊泊,178-1,,
01519-4503-14.zip,202602101146,利尻郡利尻富士町鬼脇字鰊泊,177,,
01519-4503-14.zip,202602101146,利尻郡利尻富士町鬼脇字鰊泊,186,,
01519-4503-14.zip,202602101146,利尻郡利尻富士町鬼脇字鰊泊,204,,
01519-4503-14.zip,202602101146,利尻郡利尻富士町鬼脇字鰊泊,202,,
01519-4503-14.zip,202602101146,利尻郡利尻富士町鬼脇字鰊泊,189-1,,
01519-4503-14.zip,202602101146,利尻郡利尻富士町鬼脇字鰊泊,174-1,,
01519-4503-14.zip,202602101146,利尻郡利尻富士町鬼脇字鰊泊,175-3,,
01519-4503-14.zip,202602101146,利尻郡利尻富士町鬼脇字鰊泊,175-4,,
01519-4503-14.zip,202602101146,利尻郡利尻富士町鬼脇字鰊泊,188-2,,
01519-4503-14.zip,202602101146,利尻郡利尻富士町鬼脇字鰊泊,188-3,,
01519-4503-14.zip,202602101146,利尻郡利尻富士町鬼脇字鰊泊,193-1,,
01519-4503-14.zip,202602101146,利尻郡利尻富士町鬼脇字鰊泊,175-1,,
01519-4503-14.zip,202602101146,利尻郡利尻富士町鬼脇字鰊泊,157-3,,
01519-4503-14.zip,202602101146,利尻郡利尻富士町鬼脇字鰊泊,162-5,,
01519-4503-14.zip,202602101146,利尻郡利尻富士町鬼脇字鰊泊,162-2,,
01519-4503-14.zip,202602101146,利尻郡利尻富士町鬼脇字鰊泊,156-2,,
01519-4503-14.zip,202602101146,利尻郡利尻富士町鬼脇字鰊泊,157-4,,
01519-4503-14.zip,202602101146,利尻郡利尻富士町鬼脇字鰊泊,156-3,,
01519-4503-14.zip,202602101146,利尻郡利尻富士町鬼脇字鰊泊,157-1,,
01519-4503-14.zip,202602101146,利尻郡利尻富士町鬼脇字鰊泊,162-1,,
01519-4503-14.zip,202602101146,利尻郡利尻富士町鬼脇字鰊泊,157-6,,
01519-4503-14.zip,202602101146,利尻郡利尻富士町鬼脇字鰊泊,162-6,,
01519-4503-14.zip,202602101146,利尻郡利尻富士町鬼脇字鰊泊,190-2,,
01519-4503-14.zip,202602101146,利尻郡利尻富士町鬼脇字鰊泊,190-1,,
01519-4503-14.zip,202602101146,利尻郡利尻富士町鬼脇字鰊泊,203-2,,
01519-4503-14.zip,202602101146,利尻郡利尻富士町鬼脇字鰊泊,203-1,,
01519-4503-14.zip,202602101146,利尻郡利尻富士町鬼脇字鰊泊,188-4,,
01519-4503-14.zip,202602101146,利尻郡利尻富士町鬼脇字鰊泊,192-2,,
01519-4503-14.zip,202602101146,利尻郡利尻富士町鬼脇字鰊泊,188-1,,
01519-4503-14.zip,202602101146,利尻郡利尻富士町鬼脇字鰊泊,176,,
01519-4503-14.zip,202602101146,利尻郡利尻富士町鬼脇字鰊泊,187,,
01519-4503-14.zip,202602101146,利尻郡利尻富士町鬼脇字鰊泊,191,,
01519-4503-14.zip,202602101146,利尻郡利尻富士町鬼脇字鰊泊,175-2,,
01519-4503-14.zip,202602101146,利尻郡利尻富士町鬼脇字鰊泊,189-2,,
01519-4503-14.zip,202602101146,利尻郡利尻富士町鬼脇字鰊泊,192-1,,
01519-4503-14.zip,202602101146,利尻郡利尻富士町鬼脇字鰊泊,157-5,,
01519-4503-14.zip,202602101146,利尻郡利尻富士町鬼脇字鰊泊,158-1,,
01519-4503-14.zip,202602101146,利尻郡利尻富士町鬼脇字鰊泊,158-2,,
01519-4503-14.zip,202602101146,利尻郡利尻富士町鬼脇字鰊泊,159-2,,
01519-4503-14.zip,202602101146,利尻郡利尻富士町鬼脇字鰊泊,199-3,,
01519-4503-14.zip,202602101146,利尻郡利尻富士町鬼脇字鰊泊,199-2,,
01519-4503-14.zip,202602101146,利尻郡利尻富士町鬼脇字鰊泊,198-2,,
01519-4503-14.zip,202602101146,利尻郡利尻富士町鬼脇字鰊泊,166-5,,
01519-4503-14.zip,202602101146,利尻郡利尻富士町鬼脇字鰊泊,166-3,,
01519-4503-14.zip,202602101146,利尻郡利尻富士町鬼脇字鰊泊,長狭物不明-11,,
01519-4503-14.zip,202602101146,利尻郡利尻富士町鬼脇字鰊泊,83,,
01519-4503-14.zip,202602101146,利尻郡利尻富士町鬼脇字鰊泊,86,,
01519-4503-14.zip,202602101146,利尻郡利尻富士町鬼脇字鰊泊,89,,
01519-4503-14.zip,202602101146,利尻郡利尻富士町鬼脇字鰊泊,75,,
01519-4503-14.zip,202602101146,利尻郡利尻富士町鬼脇字鰊泊,77,,
01519-4503-14.zip,202602101146,利尻郡利尻富士町鬼脇字鰊泊,78,,
01519-4503-14.zip,202602101146,利尻郡利尻富士町鬼脇字鰊泊,85,,
01519-4503-14.zip,202602101146,利尻郡利尻富士町鬼脇字鰊泊,84,,
01519-4503-14.zip,202602101146,利尻郡利尻富士町鬼脇字鰊泊,96,,
01519-4503-14.zip,202602101146,利尻郡利尻富士町鬼脇字鰊泊,94,,
01519-4503-14.zip,202602101146,利尻郡利尻富士町鬼脇字鰊泊,95,,
01519-4503-14.zip,202602101146,利尻郡利尻富士町鬼脇字鰊泊,101,,
01519-4503-14.zip,202602101146,利尻郡利尻富士町鬼脇字鰊泊,水-7,,
01519-4503-14.zip,202602101146,利尻郡利尻富士町鬼脇字鰊泊,111,,
01519-4503-14.zip,202602101146,利尻郡利尻富士町鬼脇字鰊泊,109,,
01519-4503-14.zip,202602101146,利尻郡利尻富士町鬼脇字鰊泊,107,,
01519-4503-14.zip,202602101146,利尻郡利尻富士町鬼脇字鰊泊,105,,
01519-4503-14.zip,202602101146,利尻郡利尻富士町鬼脇字鰊泊,104,,
01519-4503-14.zip,202602101146,利尻郡利尻富士町鬼脇字鰊泊,103,,
01519-4503-14.zip,202602101146,利尻郡利尻富士町鬼脇字鰊泊,102,,
01519-4503-14.zip,202602101146,利尻郡利尻富士町鬼脇字鰊泊,110,,
01519-4503-14.zip,202602101146,利尻郡利尻富士町鬼脇字鰊泊,108,,
01519-4503-14.zip,202602101146,利尻郡利尻富士町鬼脇字鰊泊,132,,
01519-4503-14.zip,202602101146,利尻郡利尻富士町鬼脇字鰊泊,128,,
01519-4503-14.zip,202602101146,利尻郡利尻富士町鬼脇字鰊泊,134,,
01519-4503-14.zip,202602101146,利尻郡利尻富士町鬼脇字鰊泊,130,,
01519-4503-14.zip,202602101146,利尻郡利尻富士町鬼脇字鰊泊,129,,
01519-4503-14.zip,202602101146,利尻郡利尻富士町鬼脇字鰊泊,131,,
01519-4503-14.zip,202602101146,利尻郡利尻富士町鬼脇字鰊泊,133,,
01519-4503-14.zip,202602101146,利尻郡利尻富士町鬼脇字鰊泊,590,,
01519-4503-14.zip,202602101146,利尻郡利尻富士町鬼脇字鰊泊,138-2,,
01519-4503-14.zip,202602101146,利尻郡利尻富士町鬼脇字鰊泊,125-1,,
01519-4503-14.zip,202602101146,利尻郡利尻富士町鬼脇字鰊泊,道-68,,
01519-4503-14.zip,202602101146,利尻郡利尻富士町鬼脇字鰊泊,139-1,,
01519-4503-14.zip,202602101146,利尻郡利尻富士町鬼脇字鰊泊,139-2,,
01519-4503-14.zip,202602101146,利尻郡利尻富士町鬼脇字鰊泊,道-69,,
01519-4503-14.zip,202602101146,利尻郡利尻富士町鬼脇字鰊泊,136-2,,
01519-4503-14.zip,202602101146,利尻郡利尻富士町鬼脇字鰊泊,135-2,,
01519-4503-14.zip,202602101146,利尻郡利尻富士町鬼脇字鰊泊,道-70,,
01519-4503-14.zip,202602101146,利尻郡利尻富士町鬼脇字鰊泊,道-71,,
01519-4503-14.zip,202602101146,利尻郡利尻富士町鬼脇字鰊泊,127-1,,
01519-4503-14.zip,202602101146,利尻郡利尻富士町鬼脇字鰊泊,126-1,,
01519-4503-14.zip,202602101146,利尻郡利尻富士町鬼脇字鰊泊,道-72,,
01519-4503-14.zip,202602101146,利尻郡利尻富士町鬼脇字鰊泊,125-2,,
01519-4503-14.zip,202602101146,利尻郡利尻富士町鬼脇字鰊泊,126-2,,
01519-4503-14.zip,202602101146,利尻郡利尻富士町鬼脇字鰊泊,127-2,,
01519-4503-14.zip,202602101146,利尻郡利尻富士町鬼脇字鰊泊,135-1,,
01519-4503-14.zip,202602101146,利尻郡利尻富士町鬼脇字鰊泊,136-1,,
01519-4503-14.zip,202602101146,利尻郡利尻富士町鬼脇字鰊泊,113-1,,
01519-4503-14.zip,202602101146,利尻郡利尻富士町鬼脇字鰊泊,113-2,,
01519-4503-14.zip,202602101146,利尻郡利尻富士町鬼脇字鰊泊,114,,
01519-4503-14.zip,202602101146,利尻郡利尻富士町鬼脇字鰊泊,117-1,,
01519-4503-14.zip,202602101146,利尻郡利尻富士町鬼脇字鰊泊,120-1,,
01519-4503-14.zip,202602101146,利尻郡利尻富士町鬼脇字鰊泊,道-73,,
01519-4503-14.zip,202602101146,利尻郡利尻富士町鬼脇字鰊泊,119-1,,
01519-4503-14.zip,202602101146,利尻郡利尻富士町鬼脇字鰊泊,118,,
01519-4503-14.zip,202602101146,利尻郡利尻富士町鬼脇字鰊泊,119-2,,
01519-4503-14.zip,202602101146,利尻郡利尻富士町鬼脇字鰊泊,117-2,,
01519-4503-14.zip,202602101146,利尻郡利尻富士町鬼脇字鰊泊,120-2,,
01519-4503-14.zip,202602101146,利尻郡利尻富士町鬼脇字鰊泊,道-74,,
01519-4503-14.zip,202602101146,利尻郡利尻富士町鬼脇字鰊泊,124-3,,
01519-4503-14.zip,202602101146,利尻郡利尻富士町鬼脇字鰊泊,124-1,,
01519-4503-14.zip,202602101146,利尻郡利尻富士町鬼脇字鰊泊,121,,
01519-4503-14.zip,202602101146,利尻郡利尻富士町鬼脇字鰊泊,122,,
01519-4503-14.zip,202602101146,利尻郡利尻富士町鬼脇字鰊泊,143,,
01519-4503-14.zip,202602101146,利尻郡利尻富士町鬼脇字鰊泊,142,,
01519-4503-14.zip,202602101146,利尻郡利尻富士町鬼脇字鰊泊,水-8,,
01519-4503-14.zip,202602101146,利尻郡利尻富士町鬼脇字鰊泊,水-9,,
01519-4503-14.zip,202602101146,利尻郡利尻富士町鬼脇字鰊泊,45-1,,
01519-4503-14.zip,202602101146,利尻郡利尻富士町鬼脇字鰊泊,45-2,,
01519-4503-14.zip,202602101146,利尻郡利尻富士町鬼脇字鰊泊,46-8,,
01519-4503-14.zip,202602101146,利尻郡利尻富士町鬼脇字鰊泊,49-6,,
01519-4503-14.zip,202602101146,利尻郡利尻富士町鬼脇字鰊泊,52-6,,
01519-4503-14.zip,202602101146,利尻郡利尻富士町鬼脇字鰊泊,52-3,,
01519-4503-14.zip,202602101146,利尻郡利尻富士町鬼脇字鰊泊,52-5,,
01519-4503-14.zip,202602101146,利尻郡利尻富士町鬼脇字鰊泊,52-1,,
01519-4503-14.zip,202602101146,利尻郡利尻富士町鬼脇字鰊泊,49-1,,
01519-4503-14.zip,202602101146,利尻郡利尻富士町鬼脇字鰊泊,49-2,,
01519-4503-14.zip,202602101146,利尻郡利尻富士町鬼脇字鰊泊,49-5,,
01519-4503-14.zip,202602101146,利尻郡利尻富士町鬼脇字鰊泊,49-3,,
01519-4503-14.zip,202602101146,利尻郡利尻富士町鬼脇字鰊泊,49-4,,
01519-4503-14.zip,202602101146,利尻郡利尻富士町鬼脇字鰊泊,46-7,,
01519-4503-14.zip,202602101146,利尻郡利尻富士町鬼脇字鰊泊,59,,
01519-4503-14.zip,202602101146,利尻郡利尻富士町鬼脇字鰊泊,45-6,,
01519-4503-14.zip,202602101146,利尻郡利尻富士町鬼脇字鰊泊,57,,
01519-4503-14.zip,202602101146,利尻郡利尻富士町鬼脇字鰊泊,45-3,,
01519-4503-14.zip,202602101146,利尻郡利尻富士町鬼脇字鰊泊,46-1,,
01519-4503-14.zip,202602101146,利尻郡利尻富士町鬼脇字鰊泊,46-2,,
01519-4503-14.zip,202602101146,利尻郡利尻富士町鬼脇字鰊泊,45-4,,
01519-4503-14.zip,202602101146,利尻郡利尻富士町鬼脇字鰊泊,45-5,,
01519-4503-14.zip,202602101146,利尻郡利尻富士町鬼脇字鰊泊,46-3,,
01519-4503-14.zip,202602101146,利尻郡利尻富士町鬼脇字鰊泊,46-9,,
01519-4503-14.zip,202602101146,利尻郡利尻富士町鬼脇字鰊泊,52-2,,
01519-4503-14.zip,202602101146,利尻郡利尻富士町鬼脇字鰊泊,58-1,,
01519-4503-14.zip,202602101146,利尻郡利尻富士町鬼脇字鰊泊,46-6,,
01519-4503-14.zip,202602101146,利尻郡利尻富士町鬼脇字鰊泊,58-2,,
01519-4503-14.zip,202602101146,利尻郡利尻富士町鬼脇字鰊泊,58-3,,
01519-4503-14.zip,202602101146,利尻郡利尻富士町鬼脇字鰊泊,46-5,,
01519-4503-14.zip,202602101146,利尻郡利尻富士町鬼脇字鰊泊,46-4,,
01519-4503-14.zip,202602101146,利尻郡利尻富士町鬼脇字鰊泊,52-4,,
01519-4503-14.zip,202602101146,利尻郡利尻富士町鬼脇字鰊泊,76,,
01519-4503-14.zip,202602101146,利尻郡利尻富士町鬼脇字鰊泊,61,,
01519-4503-14.zip,202602101146,利尻郡利尻富士町鬼脇字鰊泊,66,,
01519-4503-14.zip,202602101146,利尻郡利尻富士町鬼脇字鰊泊,65,,
01519-4503-14.zip,202602101146,利尻郡利尻富士町鬼脇字鰊泊,60,,
01519-4503-14.zip,202602101146,利尻郡利尻富士町鬼脇字鰊泊,63,,
01519-4503-14.zip,202602101146,利尻郡利尻富士町鬼脇字鰊泊,64,,
01519-4503-14.zip,202602101146,利尻郡利尻富士町鬼脇字鰊泊,62,,
01519-4503-14.zip,202602101146,利尻郡利尻富士町鬼脇字鰊泊,74,,
01519-4503-14.zip,202602101146,利尻郡利尻富士町鬼脇字鰊泊,24,,
01519-4503-14.zip,202602101146,利尻郡利尻富士町鬼脇字鰊泊,23,,
01519-4503-14.zip,202602101146,利尻郡利尻富士町鬼脇字鰊泊,25,,
01519-4503-14.zip,202602101146,利尻郡利尻富士町鬼脇字鰊泊,42,,
01519-4503-14.zip,202602101146,利尻郡利尻富士町鬼脇字鰊泊,43,,
01519-4503-14.zip,202602101146,利尻郡利尻富士町鬼脇字鰊泊,44,,
01519-4503-14.zip,202602101146,利尻郡利尻富士町鬼脇字鰊泊,41,,
01519-4503-14.zip,202602101146,利尻郡利尻富士町鬼脇字鰊泊,長狭物不明-14,,
01519-4503-14.zip,202602101146,利尻郡利尻富士町鬼脇字鰊泊,34-2,,
01519-4503-14.zip,202602101146,利尻郡利尻富士町鬼脇字鰊泊,34-3,,
01519-4503-14.zip,202602101146,利尻郡利尻富士町鬼脇字鰊泊,29,,
01519-4503-14.zip,202602101146,利尻郡利尻富士町鬼脇字鰊泊,6-9W1,,
01519-4503-14.zip,202602101146,利尻郡利尻富士町鬼脇字鰊泊,6-1W1,,
01519-4503-14.zip,202602101146,利尻郡利尻富士町鬼脇字鰊泊,6-10,,
01519-4503-14.zip,202602101146,利尻郡利尻富士町鬼脇字鰊泊,6-11,,
01519-4503-14.zip,202602101146,利尻郡利尻富士町鬼脇字鰊泊,6-8W1,,
01519-4503-14.zip,202602101146,利尻郡利尻富士町鬼脇字鰊泊,18,,
01519-4503-14.zip,202602101146,利尻郡利尻富士町鬼脇字鰊泊,34-1,,
01519-4503-14.zip,202602101146,利尻郡利尻富士町鬼脇字鰊泊,31,,
01519-4503-14.zip,202602101146,利尻郡利尻富士町鬼脇字鰊泊,37,,
01519-4503-14.zip,202602101146,利尻郡利尻富士町鬼脇字鰊泊,36-2,,
01519-4503-14.zip,202602101146,利尻郡利尻富士町鬼脇字鰊泊,30,,
01519-4503-14.zip,202602101146,利尻郡利尻富士町鬼脇字鰊泊,36-1,,
01519-4503-14.zip,202602101146,利尻郡利尻富士町鬼脇字鰊泊,長狭物不明-15,,
01519-4503-14.zip,202602101146,利尻郡利尻富士町鬼脇字旭浜,198,,
01519-4503-14.zip,202602101146,利尻郡利尻富士町鬼脇字旭浜,201,,
01519-4503-14.zip,202602101146,利尻郡利尻富士町鬼脇字鰊泊,3,,
01519-4503-14.zip,202602101146,利尻郡利尻富士町鬼脇字鰊泊,5,,
01519-4503-14.zip,202602101146,利尻郡利尻富士町鬼脇字旭浜,長狭物不明-16,,
01519-4503-14.zip,202602101146,利尻郡利尻富士町鬼脇字鰊泊,6-1W2,,
01519-4503-14.zip,202602101146,利尻郡利尻富士町鬼脇字鰊泊,6-8W2,,
01519-4503-14.zip,202602101146,利尻郡利尻富士町鬼脇字鰊泊,6-4,,
01519-4503-14.zip,202602101146,利尻郡利尻富士町鬼脇字鰊泊,6-2,,
01519-4503-14.zip,202602101146,利尻郡利尻富士町鬼脇字鰊泊,6-6,,
01519-4503-14.zip,202602101146,利尻郡利尻富士町鬼脇字鰊泊,4,,
01519-4503-14.zip,202602101146,利尻郡利尻富士町鬼脇字旭浜,186,,
01519-4503-14.zip,202602101146,利尻郡利尻富士町鬼脇字旭浜,181,,
01519-4503-14.zip,202602101146,利尻郡利尻富士町鬼脇字旭浜,209,,
01519-4503-14.zip,202602101146,利尻郡利尻富士町鬼脇字鰊泊,6-9W2,,
01519-4503-14.zip,202602101146,利尻郡利尻富士町鬼脇字鰊泊,6-7,,
01519-4503-14.zip,202602101146,利尻郡利尻富士町鬼脇字鰊泊,6-3,,
01519-4503-14.zip,202602101146,利尻郡利尻富士町鬼脇字鰊泊,6-5,,
01519-4503-14.zip,202602101146,利尻郡利尻富士町鬼脇字鰊泊,1,,
01519-4503-14.zip,202602101146,利尻郡利尻富士町鬼脇字鰊泊,2,,
01519-4503-14.zip,202602101146,利尻郡利尻富士町鬼脇字旭浜,208,,
01519-4503-14.zip,202602101146,利尻郡利尻富士町鬼脇字旭浜,331,,
01519-4503-14.zip,202602101146,利尻郡利尻富士町鬼脇字旭浜,133,,
01519-4503-14.zip,202602101146,利尻郡利尻富士町鬼脇字旭浜,138-1,,
01519-4503-14.zip,202602101146,利尻郡利尻富士町鬼脇字旭浜,138-7,,
01519-4503-14.zip,202602101146,利尻郡利尻富士町鬼脇字旭浜,143-2,,
01519-4503-14.zip,202602101146,利尻郡利尻富士町鬼脇字旭浜,169-2,,
01519-4503-14.zip,202602101146,利尻郡利尻富士町鬼脇字旭浜,169-1,,
01519-4503-14.zip,202602101146,利尻郡利尻富士町鬼脇字旭浜,長狭物不明-17,,
01519-4503-14.zip,202602101146,利尻郡利尻富士町鬼脇字旭浜,168,,
01519-4503-14.zip,202602101146,利尻郡利尻富士町鬼脇字旭浜,138-5,,
01519-4503-14.zip,202602101146,利尻郡利尻富士町鬼脇字旭浜,139-1,,
01519-4503-14.zip,202602101146,利尻郡利尻富士町鬼脇字旭浜,134-1,,
01519-4503-14.zip,202602101146,利尻郡利尻富士町鬼脇字旭浜,135-2,,
01519-4503-14.zip,202602101146,利尻郡利尻富士町鬼脇字旭浜,151-1,,
01519-4503-14.zip,202602101146,利尻郡利尻富士町鬼脇字旭浜,143-1,,
01519-4503-14.zip,202602101146,利尻郡利尻富士町鬼脇字旭浜,138-3,,
01519-4503-14.zip,202602101146,利尻郡利尻富士町鬼脇字旭浜,151-2,,
01519-4503-14.zip,202602101146,利尻郡利尻富士町鬼脇字旭浜,138-9,,
01519-4503-14.zip,202602101146,利尻郡利尻富士町鬼脇字旭浜,134-2,,
01519-4503-14.zip,202602101146,利尻郡利尻富士町鬼脇字旭浜,136-1,,
01519-4503-14.zip,202602101146,利尻郡利尻富士町鬼脇字旭浜,長狭物不明-18,,
01519-4503-14.zip,202602101146,利尻郡利尻富士町鬼脇字旭浜,110,,
01519-4503-14.zip,202602101146,利尻郡利尻富士町鬼脇字旭浜,109,,
01519-4503-14.zip,202602101146,利尻郡利尻富士町鬼脇字旭浜,107,,
01519-4503-14.zip,202602101146,利尻郡利尻富士町鬼脇字旭浜,108,,
01519-4503-14.zip,202602101146,利尻郡利尻富士町鬼脇字旭浜,106-2,,
01519-4503-14.zip,202602101146,利尻郡利尻富士町鬼脇字旭浜,126-1,,
01519-4503-14.zip,202602101146,利尻郡利尻富士町鬼脇字旭浜,124-1,,
01519-4503-14.zip,202602101146,利尻郡利尻富士町鬼脇字旭浜,132,,
01519-4503-14.zip,202602101146,利尻郡利尻富士町鬼脇字旭浜,72,,
01519-4503-14.zip,202602101146,利尻郡利尻富士町鬼脇字旭浜,水-12,,
01519-4503-14.zip,202602101146,利尻郡利尻富士町鬼脇字旭浜,70-8,,
01519-4503-14.zip,202602101146,利尻郡利尻富士町鬼脇字旭浜,道-77,,
01519-4503-14.zip,202602101146,利尻郡利尻富士町鬼脇字旭浜,65,,
01519-4503-14.zip,202602101146,利尻郡利尻富士町鬼脇字旭浜,64,,
01519-4503-14.zip,202602101146,利尻郡利尻富士町鬼脇字旭浜,71-4,,
01519-4503-14.zip,202602101146,利尻郡利尻富士町鬼脇字旭浜,70-9,,
01519-4503-14.zip,202602101146,利尻郡利尻富士町鬼脇字旭浜,73-4,,
01519-4503-14.zip,202602101146,利尻郡利尻富士町鬼脇字旭浜,70-1,,
01519-4503-14.zip,202602101146,利尻郡利尻富士町鬼脇字旭浜,73-5,,
01519-4503-14.zip,202602101146,利尻郡利尻富士町鬼脇字旭浜,87-2,,
01519-4503-14.zip,202602101146,利尻郡利尻富士町鬼脇字旭浜,85,,
01519-4503-14.zip,202602101146,利尻郡利尻富士町鬼脇字旭浜,道-78,,
01519-4503-14.zip,202602101146,利尻郡利尻富士町鬼脇字旭浜,道-79,,
01519-4503-14.zip,202602101146,利尻郡利尻富士町鬼脇字旭浜,86-1,,
01519-4503-14.zip,202602101146,利尻郡利尻富士町鬼脇字旭浜,95,,
01519-4503-14.zip,202602101146,利尻郡利尻富士町鬼脇字旭浜,93,,
01519-4503-14.zip,202602101146,利尻郡利尻富士町鬼脇字旭浜,96-2,,
01519-4503-14.zip,202602101146,利尻郡利尻富士町鬼脇字旭浜,97,,
01519-4503-14.zip,202602101146,利尻郡利尻富士町鬼脇字旭浜,96-1,,
01519-4503-14.zip,202602101146,利尻郡利尻富士町鬼脇字旭浜,94,,
01519-4503-14.zip,202602101146,利尻郡利尻富士町鬼脇字旭浜,88-2,,
01519-4503-14.zip,202602101146,利尻郡利尻富士町鬼脇字旭浜,88-1,,
01519-4503-14.zip,202602101146,利尻郡利尻富士町鬼脇字旭浜,87-1,,
01519-4503-14.zip,202602101146,利尻郡利尻富士町鬼脇字旭浜,86-2,,
01519-4503-14.zip,202602101146,利尻郡利尻富士町鬼脇字旭浜,88-3,,
01519-4503-14.zip,202602101146,利尻郡利尻富士町鬼脇字旭浜,90,,
01519-4503-14.zip,202602101146,利尻郡利尻富士町鬼脇字旭浜,89,,
01519-4503-14.zip,202602101146,利尻郡利尻富士町鬼脇字旭浜,69-2,,
01519-4503-14.zip,202602101146,利尻郡利尻富士町鬼脇字旭浜,68,,
01519-4503-14.zip,202602101146,利尻郡利尻富士町鬼脇字旭浜,69-1V1,,
01519-4503-14.zip,202602101146,利尻郡利尻富士町鬼脇字旭浜,69-1V2,,
01519-4503-14.zip,202602101146,利尻郡利尻富士町鬼脇字旭浜,71-3,,
01519-4503-14.zip,202602101146,利尻郡利尻富士町鬼脇字旭浜,27,,
01519-4503-14.zip,202602101146,利尻郡利尻富士町鬼脇字旭浜,28,,
01519-4503-14.zip,202602101146,利尻郡利尻富士町鬼脇字旭浜,39,,
01519-4503-14.zip,202602101146,利尻郡利尻富士町鬼脇字旭浜,水-13,,
01519-4503-14.zip,202602101146,利尻郡利尻富士町鬼脇字旭浜,長狭物不明-21,,
01519-4503-14.zip,202602101146,利尻郡利尻富士町鬼脇字旭浜,33,,
01519-4503-14.zip,202602101146,利尻郡利尻富士町鬼脇字旭浜,31,,
01519-4503-14.zip,202602101146,利尻郡利尻富士町鬼脇字旭浜,19,,
01519-4503-14.zip,202602101146,利尻郡利尻富士町鬼脇字旭浜,18,,
01519-4503-14.zip,202602101146,利尻郡利尻富士町鬼脇字旭浜,32,,
01519-4503-14.zip,202602101146,利尻郡利尻富士町鬼脇字旭浜,42,,
01519-4503-14.zip,202602101146,利尻郡利尻富士町鬼脇字旭浜,62-2,,
01519-4503-14.zip,202602101146,利尻郡利尻富士町鬼脇字旭浜,264-2W2,,
01519-4503-14.zip,202602101146,利尻郡利尻富士町鬼脇字旭浜,264-10,,
01519-4503-14.zip,202602101146,利尻郡利尻富士町鬼脇字旭浜,長狭物不明-22,,
01519-4503-14.zip,202602101146,利尻郡利尻富士町鬼脇字旭浜,長狭物不明-23,,
01519-4503-14.zip,202602101146,利尻郡利尻富士町鬼脇字旭浜,8,,
01519-4503-14.zip,202602101146,利尻郡利尻富士町鬼脇字旭浜,1,,
01519-4503-14.zip,202602101146,利尻郡利尻富士町鬼脇字旭浜,17,,
01519-4503-14.zip,202602101146,利尻郡利尻富士町鬼脇字石崎,316-8,,
01519-4503-14.zip,202602101146,利尻郡利尻富士町鬼脇字石崎,316-2,,
01519-4503-14.zip,202602101146,利尻郡利尻富士町鬼脇字旭浜,長狭物不明-24,,
01519-4503-14.zip,202602101146,利尻郡利尻富士町鬼脇字石崎,279,,
01519-4503-14.zip,202602101146,利尻郡利尻富士町鬼脇字石崎,315-8,,
01519-4503-14.zip,202602101146,利尻郡利尻富士町鬼脇字石崎,315-4,,
01519-4503-14.zip,202602101146,利尻郡利尻富士町鬼脇字石崎,315-3,,
01519-4503-14.zip,202602101146,利尻郡利尻富士町鬼脇字石崎,長狭物不明-25,,
01519-4503-14.zip,202602101146,利尻郡利尻富士町鬼脇字石崎,294-1,,
01519-4503-14.zip,202602101146,利尻郡利尻富士町鬼脇字石崎,309V1,,
01519-4503-14.zip,202602101146,利尻郡利尻富士町鬼脇字石崎,313-1,,
01519-4503-14.zip,202602101146,利尻郡利尻富士町鬼脇字石崎,313-2,,
01519-4503-14.zip,202602101146,利尻郡利尻富士町鬼脇字石崎,311,,
01519-4503-14.zip,202602101146,利尻郡利尻富士町鬼脇字石崎,310,,
01519-4503-14.zip,202602101146,利尻郡利尻富士町鬼脇字石崎,312,,
01519-4503-14.zip,202602101146,利尻郡利尻富士町鬼脇字石崎,280-2,,
01519-4503-14.zip,202602101146,利尻郡利尻富士町鬼脇字石崎,280-1,,
01519-4503-14.zip,202602101146,利尻郡利尻富士町鬼脇字石崎,308-1,,
01519-4503-14.zip,202602101146,利尻郡利尻富士町鬼脇字石崎,309V2,,
01519-4503-14.zip,202602101146,利尻郡利尻富士町鬼脇字石崎,308-2,,
01519-4503-14.zip,202602101146,利尻郡利尻富士町鬼脇字石崎,307-2,,
01519-4503-14.zip,202602101146,利尻郡利尻富士町鬼脇字石崎,305-2,,
01519-4503-14.zip,202602101146,利尻郡利尻富士町鬼脇字石崎,306,,
01519-4503-14.zip,202602101146,利尻郡利尻富士町鬼脇字石崎,307-1,,
01519-4503-14.zip,202602101146,利尻郡利尻富士町鬼脇字石崎,道-80,,
01519-4503-14.zip,202602101146,利尻郡利尻富士町鬼脇字石崎,道-81,,
01519-4503-14.zip,202602101146,利尻郡利尻富士町鬼脇字石崎,314,,
01519-4503-14.zip,202602101146,利尻郡利尻富士町鬼脇字石崎,315-6,,
01519-4503-14.zip,202602101146,利尻郡利尻富士町鬼脇字石崎,315-5,,
01519-4503-14.zip,202602101146,利尻郡利尻富士町鬼脇字石崎,315-1,,
01519-4503-14.zip,202602101146,利尻郡利尻富士町鬼脇字石崎,305-1,,
01519-4503-14.zip,202602101146,利尻郡利尻富士町鬼脇字石崎,304,,
01519-4503-14.zip,202602101146,利尻郡利尻富士町鬼脇字石崎,303-1,,
01519-4503-14.zip,202602101146,利尻郡利尻富士町鬼脇字石崎,300,,
01519-4503-14.zip,202602101146,利尻郡利尻富士町鬼脇字石崎,299-1,,
01519-4503-14.zip,202602101146,利尻郡利尻富士町鬼脇字石崎,299-2,,
01519-4503-14.zip,202602101146,利尻郡利尻富士町鬼脇字石崎,303-3,,
01519-4503-14.zip,202602101146,利尻郡利尻富士町鬼脇字石崎,295-2,,
01519-4503-14.zip,202602101146,利尻郡利尻富士町鬼脇字石崎,294-3,,
01519-4503-14.zip,202602101146,利尻郡利尻富士町鬼脇字石崎,295-1,,
01519-4503-14.zip,202602101146,利尻郡利尻富士町鬼脇字石崎,294-2,,
01519-4503-14.zip,202602101146,利尻郡利尻富士町鬼脇字石崎,298,,
01519-4503-14.zip,202602101146,利尻郡利尻富士町鬼脇字石崎,303-4,,
01519-4503-14.zip,202602101146,利尻郡利尻富士町鬼脇字石崎,303-2,,
01519-4503-14.zip,202602101146,利尻郡利尻富士町鬼脇字石崎,315-7,,
01519-4503-14.zip,202602101146,利尻郡利尻富士町鬼脇字石崎,315-2,,
01519-4503-14.zip,202602101146,利尻郡利尻富士町鬼脇字石崎,293-2,,
01519-4503-14.zip,202602101146,利尻郡利尻富士町鬼脇字石崎,293-1,,
01519-4503-14.zip,202602101146,利尻郡利尻富士町鬼脇字石崎,道-82,,
01519-4503-14.zip,202602101146,利尻郡利尻富士町鬼脇字石崎,道-83,,
01519-4503-14.zip,202602101146,利尻郡利尻富士町鬼脇字石崎,道-84,,
01519-4503-14.zip,202602101146,利尻郡利尻富士町鬼脇字石崎,道-85,,
01519-4503-14.zip,202602101146,利尻郡利尻富士町鬼脇字石崎,233,,
01519-4503-14.zip,202602101146,利尻郡利尻富士町鬼脇字石崎,234-1,,
01519-4503-14.zip,202602101146,利尻郡利尻富士町鬼脇字石崎,267-1,,
01519-4503-14.zip,202602101146,利尻郡利尻富士町鬼脇字石崎,238-1,,
01519-4503-14.zip,202602101146,利尻郡利尻富士町鬼脇字石崎,長狭物不明-26,,
01519-4503-14.zip,202602101146,利尻郡利尻富士町鬼脇字石崎,249,,
01519-4503-14.zip,202602101146,利尻郡利尻富士町鬼脇字石崎,242,,
01519-4503-14.zip,202602101146,利尻郡利尻富士町鬼脇字石崎,長狭物不明-27,,
01519-4503-14.zip,202602101146,利尻郡利尻富士町鬼脇字石崎,234-2,,
01519-4503-14.zip,202602101146,利尻郡利尻富士町鬼脇字石崎,長狭物不明-28,,
01519-4503-14.zip,202602101146,利尻郡利尻富士町鬼脇字石崎,257,,
01519-4503-14.zip,202602101146,利尻郡利尻富士町鬼脇字石崎,287,,
01519-4503-14.zip,202602101146,利尻郡利尻富士町鬼脇字石崎,289,,
01519-4503-14.zip,202602101146,利尻郡利尻富士町鬼脇字石崎,290,,
01519-4503-14.zip,202602101146,利尻郡利尻富士町鬼脇字石崎,292-1,,
01519-4503-14.zip,202602101146,利尻郡利尻富士町鬼脇字石崎,276,,
01519-4503-14.zip,202602101146,利尻郡利尻富士町鬼脇字石崎,277-2,,
01519-4503-14.zip,202602101146,利尻郡利尻富士町鬼脇字石崎,277-1,,
01519-4503-14.zip,202602101146,利尻郡利尻富士町鬼脇字石崎,278,,
01519-4503-14.zip,202602101146,利尻郡利尻富士町鬼脇字石崎,261-2,,
01519-4503-14.zip,202602101146,利尻郡利尻富士町鬼脇字石崎,258-2,,
01519-4503-14.zip,202602101146,利尻郡利尻富士町鬼脇字石崎,255,,
01519-4503-14.zip,202602101146,利尻郡利尻富士町鬼脇字石崎,258-1,,
01519-4503-14.zip,202602101146,利尻郡利尻富士町鬼脇字石崎,256,,
01519-4503-14.zip,202602101146,利尻郡利尻富士町鬼脇字石崎,253,,
01519-4503-14.zip,202602101146,利尻郡利尻富士町鬼脇字石崎,252,,
01519-4503-14.zip,202602101146,利尻郡利尻富士町鬼脇字石崎,265,,
01519-4503-14.zip,202602101146,利尻郡利尻富士町鬼脇字石崎,266-1,,
01519-4503-14.zip,202602101146,利尻郡利尻富士町鬼脇字石崎,269-1,,
01519-4503-14.zip,202602101146,利尻郡利尻富士町鬼脇字石崎,長狭物不明-29,,
01519-4503-14.zip,202602101146,利尻郡利尻富士町鬼脇字石崎,267-2,,
01519-4503-14.zip,202602101146,利尻郡利尻富士町鬼脇字石崎,266-2,,
01519-4503-14.zip,202602101146,利尻郡利尻富士町鬼脇字石崎,269-4,,
01519-4503-14.zip,202602101146,利尻郡利尻富士町鬼脇字石崎,263-1,,
01519-4503-14.zip,202602101146,利尻郡利尻富士町鬼脇字石崎,259,,
01519-4503-14.zip,202602101146,利尻郡利尻富士町鬼脇字石崎,263-2,,
01519-4503-14.zip,202602101146,利尻郡利尻富士町鬼脇字石崎,道-86,,
01519-4503-14.zip,202602101146,利尻郡利尻富士町鬼脇字石崎,237,,
01519-4503-14.zip,202602101146,利尻郡利尻富士町鬼脇字石崎,235,,
01519-4503-14.zip,202602101146,利尻郡利尻富士町鬼脇字石崎,236,,
01519-4503-14.zip,202602101146,利尻郡利尻富士町鬼脇字石崎,239-1,,
01519-4503-14.zip,202602101146,利尻郡利尻富士町鬼脇字石崎,238-2,,
01519-4503-14.zip,202602101146,利尻郡利尻富士町鬼脇字石崎,284,,
01519-4503-14.zip,202602101146,利尻郡利尻富士町鬼脇字石崎,271,,
01519-4503-14.zip,202602101146,利尻郡利尻富士町鬼脇字石崎,285,,
01519-4503-14.zip,202602101146,利尻郡利尻富士町鬼脇字石崎,274,,
01519-4503-14.zip,202602101146,利尻郡利尻富士町鬼脇字石崎,273-2,,
01519-4503-14.zip,202602101146,利尻郡利尻富士町鬼脇字石崎,273-1,,
01519-4503-14.zip,202602101146,利尻郡利尻富士町鬼脇字石崎,272-1,,
01519-4503-14.zip,202602101146,利尻郡利尻富士町鬼脇字石崎,270-1,,
01519-4503-14.zip,202602101146,利尻郡利尻富士町鬼脇字石崎,無地番-1,,
01519-4503-14.zip,202602101146,利尻郡利尻富士町鬼脇字石崎,260-1,,
01519-4503-14.zip,202602101146,利尻郡利尻富士町鬼脇字石崎,260-2,,
01519-4503-14.zip,202602101146,利尻郡利尻富士町鬼脇字石崎,261-1,,
01519-4503-14.zip,202602101146,利尻郡利尻富士町鬼脇字石崎,286-1,,
01519-4503-14.zip,202602101146,利尻郡利尻富士町鬼脇字石崎,286-2,,
01519-4503-14.zip,202602101146,利尻郡利尻富士町鬼脇字石崎,291-1,,
01519-4503-14.zip,202602101146,利尻郡利尻富士町鬼脇字石崎,291-2,,
01519-4503-14.zip,202602101146,利尻郡利尻富士町鬼脇字石崎,292-2,,
01519-4503-14.zip,202602101146,利尻郡利尻富士町鬼脇字石崎,283-1,,
01519-4503-14.zip,202602101146,利尻郡利尻富士町鬼脇字石崎,275-2,,
01519-4503-14.zip,202602101146,利尻郡利尻富士町鬼脇字石崎,道-87,,
01519-4503-14.zip,202602101146,利尻郡利尻富士町鬼脇字石崎,282,,
01519-4503-14.zip,202602101146,利尻郡利尻富士町鬼脇字石崎,262,,
01519-4503-14.zip,202602101146,利尻郡利尻富士町鬼脇字石崎,275-1,,
01519-4503-14.zip,202602101146,利尻郡利尻富士町鬼脇字石崎,275-3,,
01519-4503-14.zip,202602101146,利尻郡利尻富士町鬼脇字石崎,283,,
01519-4503-14.zip,202602101146,利尻郡利尻富士町鬼脇字石崎,272-2,,
01519-4503-14.zip,202602101146,利尻郡利尻富士町鬼脇字石崎,272-3,,
01519-4503-14.zip,202602101146,利尻郡利尻富士町鬼脇字石崎,273-3,,
01519-4503-14.zip,202602101146,利尻郡利尻富士町鬼脇字石崎,道-88,,
01519-4503-14.zip,202602101146,利尻郡利尻富士町鬼脇字石崎,270-2,,
01519-4503-14.zip,202602101146,利尻郡利尻富士町鬼脇字石崎,239-2,,
01519-4503-14.zip,202602101146,利尻郡利尻富士町鬼脇字石崎,238-4,,
01519-4503-14.zip,202602101146,利尻郡利尻富士町鬼脇字石崎,238-3,,
01519-4503-14.zip,202602101146,利尻郡利尻富士町鬼脇字石崎,288,,
01519-4503-14.zip,202602101146,利尻郡利尻富士町鬼脇字石崎,254,,
01519-4503-14.zip,202602101146,利尻郡利尻富士町鬼脇字石崎,189,,
01519-4503-14.zip,202602101146,利尻郡利尻富士町鬼脇字石崎,道-89,,
01519-4503-14.zip,202602101146,利尻郡利尻富士町鬼脇字石崎,205,,
01519-4503-14.zip,202602101146,利尻郡利尻富士町鬼脇字石崎,190-1,,
01519-4503-14.zip,202602101146,利尻郡利尻富士町鬼脇字石崎,204,,
01519-4503-14.zip,202602101146,利尻郡利尻富士町鬼脇字石崎,202-2,,
01519-4503-14.zip,202602101146,利尻郡利尻富士町鬼脇字石崎,203-2,,
01519-4503-14.zip,202602101146,利尻郡利尻富士町鬼脇字石崎,道-90,,
01519-4503-14.zip,202602101146,利尻郡利尻富士町鬼脇字石崎,道-91,,
01519-4503-14.zip,202602101146,利尻郡利尻富士町鬼脇字石崎,道-92,,
01519-4503-14.zip,202602101146,利尻郡利尻富士町鬼脇字石崎,長狭物不明-30,,
01519-4503-14.zip,202602101146,利尻郡利尻富士町鬼脇字石崎,道-93,,
01519-4503-14.zip,202602101146,利尻郡利尻富士町鬼脇字石崎,長狭物不明-31,,
01519-4503-14.zip,202602101146,利尻郡利尻富士町鬼脇字石崎,206,,
01519-4503-14.zip,202602101146,利尻郡利尻富士町鬼脇字石崎,207,,
01519-4503-14.zip,202602101146,利尻郡利尻富士町鬼脇字石崎,208,,
01519-4503-14.zip,202602101146,利尻郡利尻富士町鬼脇字石崎,209,,
01519-4503-14.zip,202602101146,利尻郡利尻富士町鬼脇字石崎,210-2,,
01519-4503-14.zip,202602101146,利尻郡利尻富士町鬼脇字石崎,212-2,,
01519-4503-14.zip,202602101146,利尻郡利尻富士町鬼脇字石崎,道-94,,
01519-4503-14.zip,202602101146,利尻郡利尻富士町鬼脇字石崎,218-1,,
01519-4503-14.zip,202602101146,利尻郡利尻富士町鬼脇字石崎,220,,
01519-4503-14.zip,202602101146,利尻郡利尻富士町鬼脇字石崎,221-1V1,,
01519-4503-14.zip,202602101146,利尻郡利尻富士町鬼脇字石崎,243-2,,
01519-4503-14.zip,202602101146,利尻郡利尻富士町鬼脇字石崎,長狭物不明-32,,
01519-4503-14.zip,202602101146,利尻郡利尻富士町鬼脇字石崎,231-12,,
01519-4503-14.zip,202602101146,利尻郡利尻富士町鬼脇字石崎,231-6,,
01519-4503-14.zip,202602101146,利尻郡利尻富士町鬼脇字石崎,232,,
01519-4503-14.zip,202602101146,利尻郡利尻富士町鬼脇字石崎,231-1,,
01519-4503-14.zip,202602101146,利尻郡利尻富士町鬼脇字石崎,230-2,,
01519-4503-14.zip,202602101146,利尻郡利尻富士町鬼脇字石崎,218-2,,
01519-4503-14.zip,202602101146,利尻郡利尻富士町鬼脇字石崎,217,,
01519-4503-14.zip,202602101146,利尻郡利尻富士町鬼脇字石崎,210-1,,
01519-4503-14.zip,202602101146,利尻郡利尻富士町鬼脇字石崎,191,,
01519-4503-14.zip,202602101146,利尻郡利尻富士町鬼脇字石崎,202-1,,
01519-4503-14.zip,202602101146,利尻郡利尻富士町鬼脇字石崎,203-1,,
01519-4503-14.zip,202602101146,利尻郡利尻富士町鬼脇字石崎,211-2,,
01519-4503-14.zip,202602101146,利尻郡利尻富士町鬼脇字石崎,201-2,,
01519-4503-14.zip,202602101146,利尻郡利尻富士町鬼脇字石崎,200-1,,
01519-4503-14.zip,202602101146,利尻郡利尻富士町鬼脇字石崎,192,,
01519-4503-14.zip,202602101146,利尻郡利尻富士町鬼脇字石崎,196-1,,
01519-4503-14.zip,202602101146,利尻郡利尻富士町鬼脇字石崎,193,,
01519-4503-14.zip,202602101146,利尻郡利尻富士町鬼脇字石崎,194,,
01519-4503-14.zip,202602101146,利尻郡利尻富士町鬼脇字石崎,195-1,,
01519-4503-14.zip,202602101146,利尻郡利尻富士町鬼脇字石崎,190-2,,
01519-4503-14.zip,202602101146,利尻郡利尻富士町鬼脇字石崎,200-2,,
01519-4503-14.zip,202602101146,利尻郡利尻富士町鬼脇字石崎,212-1,,
01519-4503-14.zip,202602101146,利尻郡利尻富士町鬼脇字石崎,201-1,,
01519-4503-14.zip,202602101146,利尻郡利尻富士町鬼脇字石崎,道-95,,
01519-4503-14.zip,202602101146,利尻郡利尻富士町鬼脇字石崎,道-96,,
01519-4503-14.zip,202602101146,利尻郡利尻富士町鬼脇字石崎,195-2,,
01519-4503-14.zip,202602101146,利尻郡利尻富士町鬼脇字石崎,229-1,,
01519-4503-14.zip,202602101146,利尻郡利尻富士町鬼脇字石崎,231-2,,
01519-4503-14.zip,202602101146,利尻郡利尻富士町鬼脇字石崎,229-4,,
01519-4503-14.zip,202602101146,利尻郡利尻富士町鬼脇字石崎,231-11,,
01519-4503-14.zip,202602101146,利尻郡利尻富士町鬼脇字石崎,228-1,,
01519-4503-14.zip,202602101146,利尻郡利尻富士町鬼脇字石崎,228-9,,
01519-4503-14.zip,202602101146,利尻郡利尻富士町鬼脇字石崎,227,,
01519-4503-14.zip,202602101146,利尻郡利尻富士町鬼脇字石崎,224,,
01519-4503-14.zip,202602101146,利尻郡利尻富士町鬼脇字石崎,231-4,,
01519-4503-14.zip,202602101146,利尻郡利尻富士町鬼脇字石崎,228-3,,
01519-4503-14.zip,202602101146,利尻郡利尻富士町鬼脇字石崎,226,,
01519-4503-14.zip,202602101146,利尻郡利尻富士町鬼脇字石崎,225-4,,
01519-4503-14.zip,202602101146,利尻郡利尻富士町鬼脇字石崎,225-1,,
01519-4503-14.zip,202602101146,利尻郡利尻富士町鬼脇字石崎,231-13,,
01519-4503-14.zip,202602101146,利尻郡利尻富士町鬼脇字石崎,231-14,,
01519-4503-14.zip,202602101146,利尻郡利尻富士町鬼脇字石崎,225-2,,
01519-4503-14.zip,202602101146,利尻郡利尻富士町鬼脇字石崎,231-9,,
01519-4503-14.zip,202602101146,利尻郡利尻富士町鬼脇字石崎,225-3,,
01519-4503-14.zip,202602101146,利尻郡利尻富士町鬼脇字石崎,231-3,,
01519-4503-14.zip,202602101146,利尻郡利尻富士町鬼脇字石崎,230-1,,
01519-4503-14.zip,202602101146,利尻郡利尻富士町鬼脇字石崎,229-3,,
01519-4503-14.zip,202602101146,利尻郡利尻富士町鬼脇字石崎,229-2,,
01519-4503-14.zip,202602101146,利尻郡利尻富士町鬼脇字石崎,231-7,,
01519-4503-14.zip,202602101146,利尻郡利尻富士町鬼脇字石崎,221-2,,
01519-4503-14.zip,202602101146,利尻郡利尻富士町鬼脇字石崎,243-1,,
01519-4503-14.zip,202602101146,利尻郡利尻富士町鬼脇字石崎,228-2,,
01519-4503-14.zip,202602101146,利尻郡利尻富士町鬼脇字石崎,221-1V2,,
01519-4503-14.zip,202602101146,利尻郡利尻富士町鬼脇字石崎,228-8,,
01519-4503-14.zip,202602101146,利尻郡利尻富士町鬼脇字石崎,218-3,,
01519-4503-14.zip,202602101146,利尻郡利尻富士町鬼脇字石崎,219,,
01519-4503-14.zip,202602101146,利尻郡利尻富士町鬼脇字石崎,223-2,,
01519-4503-14.zip,202602101146,利尻郡利尻富士町鬼脇字石崎,221-3,,
01519-4503-14.zip,202602101146,利尻郡利尻富士町鬼脇字石崎,223-3,,
01519-4503-14.zip,202602101146,利尻郡利尻富士町鬼脇字石崎,223-1,,
01519-4503-14.zip,202602101146,利尻郡利尻富士町鬼脇字石崎,244-2,,
01519-4503-14.zip,202602101146,利尻郡利尻富士町鬼脇字石崎,244-1,,
01519-4503-14.zip,202602101146,利尻郡利尻富士町鬼脇字石崎,228-4,,
01519-4503-14.zip,202602101146,利尻郡利尻富士町鬼脇字石崎,228-5,,
01519-4503-14.zip,202602101146,利尻郡利尻富士町鬼脇字石崎,215-1,,
01519-4503-14.zip,202602101146,利尻郡利尻富士町鬼脇字石崎,215-2,,
01519-4503-14.zip,202602101146,利尻郡利尻富士町鬼脇字石崎,215-4,,
01519-4503-14.zip,202602101146,利尻郡利尻富士町鬼脇字石崎,道-97,,
01519-4503-14.zip,202602101146,利尻郡利尻富士町鬼脇字石崎,道-98,,
01519-4503-14.zip,202602101146,利尻郡利尻富士町鬼脇字石崎,道-99,,
01519-4503-14.zip,202602101146,利尻郡利尻富士町鬼脇字石崎,197,,
01519-4503-14.zip,202602101146,利尻郡利尻富士町鬼脇字石崎,198,,
01519-4503-14.zip,202602101146,利尻郡利尻富士町鬼脇字石崎,199,,
01519-4503-14.zip,202602101146,利尻郡利尻富士町鬼脇字石崎,228-6,,
01519-4503-14.zip,202602101146,利尻郡利尻富士町鬼脇字石崎,228-7,,
01519-4503-14.zip,202602101146,利尻郡利尻富士町鬼脇字石崎,215-3,,
01519-4503-14.zip,202602101146,利尻郡利尻富士町鬼脇字石崎,216,,
01519-4503-14.zip,202602101146,利尻郡利尻富士町鬼脇字石崎,231-5,,
01519-4503-14.zip,202602101146,利尻郡利尻富士町鬼脇字石崎,231-8,,
01519-4503-14.zip,202602101146,利尻郡利尻富士町鬼脇字石崎,231-10,,
01519-4503-14.zip,202602101146,利尻郡利尻富士町鬼脇字石崎,196-2,,
01519-4503-14.zip,202602101146,利尻郡利尻富士町鬼脇字石崎,211-1,,
01519-4503-14.zip,202602101146,利尻郡利尻富士町鬼脇字石崎,長狭物不明-33,,
01519-4503-14.zip,202602101146,利尻郡利尻富士町鬼脇字石崎,157,,
01519-4503-14.zip,202602101146,利尻郡利尻富士町鬼脇字石崎,長狭物不明-34,,
01519-4503-14.zip,202602101146,利尻郡利尻富士町鬼脇字石崎,186,,
01519-4503-14.zip,202602101146,利尻郡利尻富士町鬼脇字石崎,185,,
01519-4503-14.zip,202602101146,利尻郡利尻富士町鬼脇字石崎,184,,
01519-4503-14.zip,202602101146,利尻郡利尻富士町鬼脇字石崎,道-100,,
01519-4503-14.zip,202602101146,利尻郡利尻富士町鬼脇字石崎,179,,
01519-4503-14.zip,202602101146,利尻郡利尻富士町鬼脇字石崎,178,,
01519-4503-14.zip,202602101146,利尻郡利尻富士町鬼脇字石崎,177,,
01519-4503-14.zip,202602101146,利尻郡利尻富士町鬼脇字石崎,166-6,,
01519-4503-14.zip,202602101146,利尻郡利尻富士町鬼脇字石崎,166-1,,
01519-4503-14.zip,202602101146,利尻郡利尻富士町鬼脇字石崎,166-2,,
01519-4503-14.zip,202602101146,利尻郡利尻富士町鬼脇字石崎,146-3,,
01519-4503-14.zip,202602101146,利尻郡利尻富士町鬼脇字石崎,143,,
01519-4503-14.zip,202602101146,利尻郡利尻富士町鬼脇字石崎,141,,
01519-4503-14.zip,202602101146,利尻郡利尻富士町鬼脇字石崎,道-101,,
01519-4503-14.zip,202602101146,利尻郡利尻富士町鬼脇字石崎,240,,
01519-4503-14.zip,202602101146,利尻郡利尻富士町鬼脇字石崎,166-7,,
01519-4503-14.zip,202602101146,利尻郡利尻富士町鬼脇字石崎,166-3,,
01519-4503-14.zip,202602101146,利尻郡利尻富士町鬼脇字石崎,道-102,,
01519-4503-14.zip,202602101146,利尻郡利尻富士町鬼脇字石崎,道-103,,
01519-4503-14.zip,202602101146,利尻郡利尻富士町鬼脇字石崎,166-5,,
01519-4503-14.zip,202602101146,利尻郡利尻富士町鬼脇字石崎,166-10,,
01519-4503-14.zip,202602101146,利尻郡利尻富士町鬼脇字石崎,166-8,,
01519-4503-14.zip,202602101146,利尻郡利尻富士町鬼脇字石崎,166-4,,
01519-4503-14.zip,202602101146,利尻郡利尻富士町鬼脇字石崎,166-9,,
01519-4503-14.zip,202602101146,利尻郡利尻富士町鬼脇字石崎,道-104,,
01519-4503-14.zip,202602101146,利尻郡利尻富士町鬼脇字石崎,142,,
01519-4503-14.zip,202602101146,利尻郡利尻富士町鬼脇字石崎,道-105,,
01519-4503-14.zip,202602101146,利尻郡利尻富士町鬼脇字石崎,道-106,,
01519-4503-14.zip,202602101146,利尻郡利尻富士町鬼脇字石崎,145,,
01519-4503-14.zip,202602101146,利尻郡利尻富士町鬼脇字石崎,163-8,,
01519-4503-14.zip,202602101146,利尻郡利尻富士町鬼脇字石崎,163-3,,
01519-4503-14.zip,202602101146,利尻郡利尻富士町鬼脇字石崎,163-10,,
01519-4503-14.zip,202602101146,利尻郡利尻富士町鬼脇字石崎,道-107,,
01519-4503-14.zip,202602101146,利尻郡利尻富士町鬼脇字石崎,151-1,,
01519-4503-14.zip,202602101146,利尻郡利尻富士町鬼脇字石崎,152,,
01519-4503-14.zip,202602101146,利尻郡利尻富士町鬼脇字石崎,153,,
01519-4503-14.zip,202602101146,利尻郡利尻富士町鬼脇字石崎,154,,
01519-4503-14.zip,202602101146,利尻郡利尻富士町鬼脇字石崎,120W1,,
01519-4503-14.zip,202602101146,利尻郡利尻富士町鬼脇字石崎,156,,
01519-4503-14.zip,202602101146,利尻郡利尻富士町鬼脇字石崎,長狭物不明-35,,
01519-4503-14.zip,202602101146,利尻郡利尻富士町鬼脇字石崎,158,,
01519-4503-14.zip,202602101146,利尻郡利尻富士町鬼脇字石崎,159-1,,
01519-4503-14.zip,202602101146,利尻郡利尻富士町鬼脇字石崎,159-2,,
01519-4503-14.zip,202602101146,利尻郡利尻富士町鬼脇字石崎,155,,
01519-4503-14.zip,202602101146,利尻郡利尻富士町鬼脇字石崎,161-3,,
01519-4503-14.zip,202602101146,利尻郡利尻富士町鬼脇字石崎,163-7,,
01519-4503-14.zip,202602101146,利尻郡利尻富士町鬼脇字石崎,149-1,,
01519-4503-14.zip,202602101146,利尻郡利尻富士町鬼脇字石崎,146-1,,
01519-4503-14.zip,202602101146,利尻郡利尻富士町鬼脇字石崎,161-1,,
01519-4503-14.zip,202602101146,利尻郡利尻富士町鬼脇字石崎,161-5,,
01519-4503-14.zip,202602101146,利尻郡利尻富士町鬼脇字石崎,159-4,,
01519-4503-14.zip,202602101146,利尻郡利尻富士町鬼脇字石崎,161-2,,
01519-4503-14.zip,202602101146,利尻郡利尻富士町鬼脇字石崎,163-1,,
01519-4503-14.zip,202602101146,利尻郡利尻富士町鬼脇字石崎,163-2,,
01519-4503-14.zip,202602101146,利尻郡利尻富士町鬼脇字石崎,148,,
01519-4503-14.zip,202602101146,利尻郡利尻富士町鬼脇字石崎,146-2,,
01519-4503-14.zip,202602101146,利尻郡利尻富士町鬼脇字石崎,151-2,,
01519-4503-14.zip,202602101146,利尻郡利尻富士町鬼脇字石崎,150-1,,
01519-4503-14.zip,202602101146,利尻郡利尻富士町鬼脇字石崎,150-2,,
01519-4503-14.zip,202602101146,利尻郡利尻富士町鬼脇字石崎,149-2,,
01519-4503-14.zip,202602101146,利尻郡利尻富士町鬼脇字石崎,161-4,,
01519-4503-14.zip,202602101146,利尻郡利尻富士町鬼脇字石崎,159-3,,
01519-4503-14.zip,202602101146,利尻郡利尻富士町鬼脇字石崎,187,,
01519-4503-14.zip,202602101146,利尻郡利尻富士町鬼脇字石崎,160,,
01519-4503-14.zip,202602101146,利尻郡利尻富士町鬼脇字石崎,163-5,,
01519-4503-14.zip,202602101146,利尻郡利尻富士町鬼脇字石崎,163-6,,
01519-4503-14.zip,202602101146,利尻郡利尻富士町鬼脇字石崎,159-6,,
01519-4503-14.zip,202602101146,利尻郡利尻富士町鬼脇字石崎,181-1,,
01519-4503-14.zip,202602101146,利尻郡利尻富士町鬼脇字石崎,183,,
01519-4503-14.zip,202602101146,利尻郡利尻富士町鬼脇字石崎,180-1,,
01519-4503-14.zip,202602101146,利尻郡利尻富士町鬼脇字石崎,181-2,,
01519-4503-14.zip,202602101146,利尻郡利尻富士町鬼脇字石崎,道-108,,
01519-4503-14.zip,202602101146,利尻郡利尻富士町鬼脇字石崎,182,,
01519-4503-14.zip,202602101146,利尻郡利尻富士町鬼脇字石崎,180-2,,
01519-4503-14.zip,202602101146,利尻郡利尻富士町鬼脇字石崎,163-11,,
01519-4503-14.zip,202602101146,利尻郡利尻富士町鬼脇字石崎,163-4,,
01519-4503-14.zip,202602101146,利尻郡利尻富士町鬼脇字石崎,163-9,,
01519-4503-14.zip,202602101146,利尻郡利尻富士町鬼脇字石崎,159-5,,
01519-4503-14.zip,202602101146,利尻郡利尻富士町鬼脇字石崎,147,,
01519-4503-14.zip,202602101146,利尻郡利尻富士町鬼脇字石崎,道-109,,
01519-4503-14.zip,202602101146,利尻郡利尻富士町鬼脇字石崎,水-14,,
01519-4503-14.zip,202602101146,利尻郡利尻富士町鬼脇字石崎,118-3V1,,
01519-4503-14.zip,202602101146,利尻郡利尻富士町鬼脇字石崎,道-110,,
01519-4503-14.zip,202602101146,利尻郡利尻富士町鬼脇字石崎,360-1,,
01519-4503-14.zip,202602101146,利尻郡利尻富士町鬼脇字石崎,119-5,,
01519-4503-14.zip,202602101146,利尻郡利尻富士町鬼脇字石崎,120W2,,
01519-4503-14.zip,202602101146,利尻郡利尻富士町鬼脇字石崎,118-4,,
01519-4503-14.zip,202602101146,利尻郡利尻富士町鬼脇字石崎,123,,
01519-4503-14.zip,202602101146,利尻郡利尻富士町鬼脇字石崎,122,,
01519-4503-14.zip,202602101146,利尻郡利尻富士町鬼脇字石崎,121,,
01519-4503-14.zip,202602101146,利尻郡利尻富士町鬼脇字石崎,水-15,,
01519-4503-14.zip,202602101146,利尻郡利尻富士町鬼脇字石崎,128,,
01519-4503-14.zip,202602101146,利尻郡利尻富士町鬼脇字石崎,長狭物不明-36,,
01519-4503-14.zip,202602101146,利尻郡利尻富士町鬼脇字石崎,115,,
01519-4503-14.zip,202602101146,利尻郡利尻富士町鬼脇字石崎,118-6,,
01519-4503-14.zip,202602101146,利尻郡利尻富士町鬼脇字石崎,106-2,,
01519-4503-14.zip,202602101146,利尻郡利尻富士町鬼脇字石崎,107-3,,
01519-4503-14.zip,202602101146,利尻郡利尻富士町鬼脇字石崎,99,,
01519-4503-14.zip,202602101146,利尻郡利尻富士町鬼脇字石崎,97,,
01519-4503-14.zip,202602101146,利尻郡利尻富士町鬼脇字石崎,95,,
01519-4503-14.zip,202602101146,利尻郡利尻富士町鬼脇字石崎,96,,
01519-4503-14.zip,202602101146,利尻郡利尻富士町鬼脇字石崎,103-1,,
01519-4503-14.zip,202602101146,利尻郡利尻富士町鬼脇字石崎,103-2,,
01519-4503-14.zip,202602101146,利尻郡利尻富士町鬼脇字石崎,118-1,,
01519-4503-14.zip,202602101146,利尻郡利尻富士町鬼脇字石崎,119-1,,
01519-4503-14.zip,202602101146,利尻郡利尻富士町鬼脇字石崎,119-4,,
01519-4503-14.zip,202602101146,利尻郡利尻富士町鬼脇字石崎,360-4,,
01519-4503-14.zip,202602101146,利尻郡利尻富士町鬼脇字石崎,116-12,,
01519-4503-14.zip,202602101146,利尻郡利尻富士町鬼脇字石崎,116-13,,
01519-4503-14.zip,202602101146,利尻郡利尻富士町鬼脇字石崎,127-1,,
01519-4503-14.zip,202602101146,利尻郡利尻富士町鬼脇字石崎,127-2,,
01519-4503-14.zip,202602101146,利尻郡利尻富士町鬼脇字石崎,126-1,,
01519-4503-14.zip,202602101146,利尻郡利尻富士町鬼脇字石崎,126-2,,
01519-4503-14.zip,202602101146,利尻郡利尻富士町鬼脇字石崎,124-1,,
01519-4503-14.zip,202602101146,利尻郡利尻富士町鬼脇字石崎,124-2,,
01519-4503-14.zip,202602101146,利尻郡利尻富士町鬼脇字石崎,117-2,,
01519-4503-14.zip,202602101146,利尻郡利尻富士町鬼脇字石崎,117-1,,
01519-4503-14.zip,202602101146,利尻郡利尻富士町鬼脇字石崎,117-3,,
01519-4503-14.zip,202602101146,利尻郡利尻富士町鬼脇字石崎,116-3,,
01519-4503-14.zip,202602101146,利尻郡利尻富士町鬼脇字石崎,116-10,,
01519-4503-14.zip,202602101146,利尻郡利尻富士町鬼脇字石崎,116-2,,
01519-4503-14.zip,202602101146,利尻郡利尻富士町鬼脇字石崎,118-3V2,,
01519-4503-14.zip,202602101146,利尻郡利尻富士町鬼脇字石崎,360-3,,
01519-4503-14.zip,202602101146,利尻郡利尻富士町鬼脇字石崎,360-2,,
01519-4503-14.zip,202602101146,利尻郡利尻富士町鬼脇字石崎,104-2,,
01519-4503-14.zip,202602101146,利尻郡利尻富士町鬼脇字石崎,101,,
01519-4503-14.zip,202602101146,利尻郡利尻富士町鬼脇字石崎,107-1,,
01519-4503-14.zip,202602101146,利尻郡利尻富士町鬼脇字石崎,106-1,,
01519-4503-14.zip,202602101146,利尻郡利尻富士町鬼脇字石崎,107-4,,
01519-4503-14.zip,202602101146,利尻郡利尻富士町鬼脇字石崎,107-2,,
01519-4503-14.zip,202602101146,利尻郡利尻富士町鬼脇字石崎,104-1,,
01519-4503-14.zip,202602101146,利尻郡利尻富士町鬼脇字石崎,102,,
01519-4503-14.zip,202602101146,利尻郡利尻富士町鬼脇字石崎,105-2,,
01519-4503-14.zip,202602101146,利尻郡利尻富士町鬼脇字石崎,133,,
01519-4503-14.zip,202602101146,利尻郡利尻富士町鬼脇字石崎,125-1,,
01519-4503-14.zip,202602101146,利尻郡利尻富士町鬼脇字石崎,130,,
01519-4503-14.zip,202602101146,利尻郡利尻富士町鬼脇字石崎,116-9,,
01519-4503-14.zip,202602101146,利尻郡利尻富士町鬼脇字石崎,116-8,,
01519-4503-14.zip,202602101146,利尻郡利尻富士町鬼脇字石崎,118-5,,
01519-4503-14.zip,202602101146,利尻郡利尻富士町鬼脇字石崎,119-3,,
01519-4503-14.zip,202602101146,利尻郡利尻富士町鬼脇字石崎,118-2,,
01519-4503-14.zip,202602101146,利尻郡利尻富士町鬼脇字石崎,98,,
01519-4503-14.zip,202602101146,利尻郡利尻富士町鬼脇字石崎,100,,
01519-4503-14.zip,202602101146,利尻郡利尻富士町鬼脇字石崎,108-1,,
01519-4503-14.zip,202602101146,利尻郡利尻富士町鬼脇字石崎,112,,
01519-4503-14.zip,202602101146,利尻郡利尻富士町鬼脇字石崎,116-14,,
01519-4503-14.zip,202602101146,利尻郡利尻富士町鬼脇字石崎,140-1,,
01519-4503-14.zip,202602101146,利尻郡利尻富士町鬼脇字石崎,116-5,,
01519-4503-14.zip,202602101146,利尻郡利尻富士町鬼脇字石崎,113-1,,
01519-4503-14.zip,202602101146,利尻郡利尻富士町鬼脇字石崎,109,,
01519-4503-14.zip,202602101146,利尻郡利尻富士町鬼脇字石崎,108-3,,
01519-4503-14.zip,202602101146,利尻郡利尻富士町鬼脇字石崎,108-2,,
01519-4503-14.zip,202602101146,利尻郡利尻富士町鬼脇字石崎,113-2,,
01519-4503-14.zip,202602101146,利尻郡利尻富士町鬼脇字石崎,116-6,,
01519-4503-14.zip,202602101146,利尻郡利尻富士町鬼脇字石崎,116-11,,
01519-4503-14.zip,202602101146,利尻郡利尻富士町鬼脇字石崎,140-2,,
01519-4503-14.zip,202602101146,利尻郡利尻富士町鬼脇字石崎,110,,
01519-4503-14.zip,202602101146,利尻郡利尻富士町鬼脇字石崎,111,,
01519-4503-14.zip,202602101146,利尻郡利尻富士町鬼脇字石崎,105-1,,
01519-4503-14.zip,202602101146,利尻郡利尻富士町鬼脇字石崎,116-4,,
01519-4503-14.zip,202602101146,利尻郡利尻富士町鬼脇字石崎,117-4,,
01519-4503-14.zip,202602101146,利尻郡利尻富士町鬼脇字石崎,116-1,,
01519-4503-14.zip,202602101146,利尻郡利尻富士町鬼脇字石崎,125-2,,
01519-4503-14.zip,202602101146,利尻郡利尻富士町鬼脇字石崎,119-2,,
01519-4503-14.zip,202602101146,利尻郡利尻富士町鬼脇字石崎,水-16,,
01519-4503-14.zip,202602101146,利尻郡利尻富士町鬼脇字石崎,74,,
01519-4503-14.zip,202602101146,利尻郡利尻富士町鬼脇字石崎,長狭物不明-37,,
01519-4503-14.zip,202602101146,利尻郡利尻富士町鬼脇字石崎,82-1,,
01519-4503-14.zip,202602101146,利尻郡利尻富士町鬼脇字石崎,82-2,,
01519-4503-14.zip,202602101146,利尻郡利尻富士町鬼脇字石崎,719,,
01519-4503-14.zip,202602101146,利尻郡利尻富士町鬼脇字石崎,長狭物不明-38,,
01519-4503-14.zip,202602101146,利尻郡利尻富士町鬼脇字石崎,87-2,,
01519-4503-14.zip,202602101146,利尻郡利尻富士町鬼脇字石崎,87-1,,
01519-4503-14.zip,202602101146,利尻郡利尻富士町鬼脇字石崎,94,,
01519-4503-14.zip,202602101146,利尻郡利尻富士町鬼脇字石崎,93-1,,
01519-4503-14.zip,202602101146,利尻郡利尻富士町鬼脇字石崎,92,,
01519-4503-14.zip,202602101146,利尻郡利尻富士町鬼脇字石崎,91,,
01519-4503-14.zip,202602101146,利尻郡利尻富士町鬼脇字石崎,89-3,,
01519-4503-14.zip,202602101146,利尻郡利尻富士町鬼脇字石崎,86-1,,
01519-4503-14.zip,202602101146,利尻郡利尻富士町鬼脇字石崎,84,,
01519-4503-14.zip,202602101146,利尻郡利尻富士町鬼脇字石崎,83-1,,
01519-4503-14.zip,202602101146,利尻郡利尻富士町鬼脇字石崎,78-1,,
01519-4503-14.zip,202602101146,利尻郡利尻富士町鬼脇字石崎,66-1,,
01519-4503-14.zip,202602101146,利尻郡利尻富士町鬼脇字石崎,60-1W1,,
01519-4503-14.zip,202602101146,利尻郡利尻富士町鬼脇字石崎,61-1,,
01519-4503-14.zip,202602101146,利尻郡利尻富士町鬼脇字石崎,61-3,,
01519-4503-14.zip,202602101146,利尻郡利尻富士町鬼脇字石崎,64-2,,
01519-4503-14.zip,202602101146,利尻郡利尻富士町鬼脇字石崎,69-2,,
01519-4503-14.zip,202602101146,利尻郡利尻富士町鬼脇字石崎,76-6,,
01519-4503-14.zip,202602101146,利尻郡利尻富士町鬼脇字石崎,79-2,,
01519-4503-14.zip,202602101146,利尻郡利尻富士町鬼脇字石崎,86-2,,
01519-4503-14.zip,202602101146,利尻郡利尻富士町鬼脇字石崎,81-2,,
01519-4503-14.zip,202602101146,利尻郡利尻富士町鬼脇字石崎,71-2,,
01519-4503-14.zip,202602101146,利尻郡利尻富士町鬼脇字石崎,72-2,,
01519-4503-14.zip,202602101146,利尻郡利尻富士町鬼脇字石崎,62-2,,
01519-4503-14.zip,202602101146,利尻郡利尻富士町鬼脇字石崎,62-1,,
01519-4503-14.zip,202602101146,利尻郡利尻富士町鬼脇字石崎,63,,
01519-4503-14.zip,202602101146,利尻郡利尻富士町鬼脇字石崎,72-1,,
01519-4503-14.zip,202602101146,利尻郡利尻富士町鬼脇字石崎,73,,
01519-4503-14.zip,202602101146,利尻郡利尻富士町鬼脇字石崎,75-2,,
01519-4503-14.zip,202602101146,利尻郡利尻富士町鬼脇字石崎,75-1,,
01519-4503-14.zip,202602101146,利尻郡利尻富士町鬼脇字石崎,71-1,,
01519-4503-14.zip,202602101146,利尻郡利尻富士町鬼脇字石崎,80-1,,
01519-4503-14.zip,202602101146,利尻郡利尻富士町鬼脇字石崎,80-2,,
01519-4503-14.zip,202602101146,利尻郡利尻富士町鬼脇字石崎,81-1,,
01519-4503-14.zip,202602101146,利尻郡利尻富士町鬼脇字石崎,89-1,,
01519-4503-14.zip,202602101146,利尻郡利尻富士町鬼脇字石崎,89-4,,
01519-4503-14.zip,202602101146,利尻郡利尻富士町鬼脇字石崎,89-2,,
01519-4503-14.zip,202602101146,利尻郡利尻富士町鬼脇字石崎,88-1,,
01519-4503-14.zip,202602101146,利尻郡利尻富士町鬼脇字石崎,88-2,,
01519-4503-14.zip,202602101146,利尻郡利尻富士町鬼脇字石崎,93-2,,
01519-4503-14.zip,202602101146,利尻郡利尻富士町鬼脇字石崎,85-4,,
01519-4503-14.zip,202602101146,利尻郡利尻富士町鬼脇字石崎,85-2,,
01519-4503-14.zip,202602101146,利尻郡利尻富士町鬼脇字石崎,85-3,,
01519-4503-14.zip,202602101146,利尻郡利尻富士町鬼脇字石崎,85-1,,
01519-4503-14.zip,202602101146,利尻郡利尻富士町鬼脇字石崎,79-1,,
01519-4503-14.zip,202602101146,利尻郡利尻富士町鬼脇字石崎,68-1,,
01519-4503-14.zip,202602101146,利尻郡利尻富士町鬼脇字石崎,67,,
01519-4503-14.zip,202602101146,利尻郡利尻富士町鬼脇字石崎,77,,
01519-4503-14.zip,202602101146,利尻郡利尻富士町鬼脇字石崎,76-1,,
01519-4503-14.zip,202602101146,利尻郡利尻富士町鬼脇字石崎,69-4,,
01519-4503-14.zip,202602101146,利尻郡利尻富士町鬼脇字石崎,69-5,,
01519-4503-14.zip,202602101146,利尻郡利尻富士町鬼脇字石崎,65-3,,
01519-4503-14.zip,202602101146,利尻郡利尻富士町鬼脇字石崎,64-1,,
01519-4503-14.zip,202602101146,利尻郡利尻富士町鬼脇字石崎,61-2,,
01519-4503-14.zip,202602101146,利尻郡利尻富士町鬼脇字石崎,65-2,,
01519-4503-14.zip,202602101146,利尻郡利尻富士町鬼脇字石崎,69-3,,
01519-4503-14.zip,202602101146,利尻郡利尻富士町鬼脇字石崎,68-4,,
01519-4503-14.zip,202602101146,利尻郡利尻富士町鬼脇字石崎,68-3,,
01519-4503-14.zip,202602101146,利尻郡利尻富士町鬼脇字石崎,76-2,,
01519-4503-14.zip,202602101146,利尻郡利尻富士町鬼脇字石崎,68-2,,
01519-4503-14.zip,202602101146,利尻郡利尻富士町鬼脇字石崎,76-4,,
01519-4503-14.zip,202602101146,利尻郡利尻富士町鬼脇字石崎,68-6,,
01519-4503-14.zip,202602101146,利尻郡利尻富士町鬼脇字石崎,66-3,,
01519-4503-14.zip,202602101146,利尻郡利尻富士町鬼脇字石崎,61-4,,
01519-4503-14.zip,202602101146,利尻郡利尻富士町鬼脇字石崎,66-2,,
01519-4503-14.zip,202602101146,利尻郡利尻富士町鬼脇字石崎,69-1,,
01519-4503-14.zip,202602101146,利尻郡利尻富士町鬼脇字石崎,65-1,,
01519-4503-14.zip,202602101146,利尻郡利尻富士町鬼脇字石崎,76-3,,
01519-4503-14.zip,202602101146,利尻郡利尻富士町鬼脇字石崎,長狭物不明-39,,
01519-4503-14.zip,202602101146,利尻郡利尻富士町鬼脇字石崎,70-1,,
01519-4503-14.zip,202602101146,利尻郡利尻富士町鬼脇字石崎,70-2,,
01519-4503-14.zip,202602101146,利尻郡利尻富士町鬼脇字石崎,68-5,,
01519-4503-14.zip,202602101146,利尻郡利尻富士町鬼脇字石崎,64-4,,
01519-4503-14.zip,202602101146,利尻郡利尻富士町鬼脇字石崎,64-3,,
01519-4503-14.zip,202602101146,利尻郡利尻富士町鬼脇字石崎,76-5,,
01519-4503-14.zip,202602101146,利尻郡利尻富士町鬼脇字石崎,83-2,,
01519-4503-14.zip,202602101146,利尻郡利尻富士町鬼脇字石崎,78-2,,
01519-4503-14.zip,202602101146,利尻郡利尻富士町鬼脇字石崎,387,,
01519-4503-14.zip,202602101146,利尻郡利尻富士町鬼脇字石崎,長狭物不明-40,,
01519-4503-14.zip,202602101146,利尻郡利尻富士町鬼脇字石崎,388,,
01519-4503-14.zip,202602101146,利尻郡利尻富士町鬼脇字石崎,長狭物不明-41,,
01519-4503-14.zip,202602101146,利尻郡利尻富士町鬼脇字石崎,長狭物不明-42,,
01519-4503-14.zip,202602101146,利尻郡利尻富士町鬼脇字石崎,49,,
01519-4503-14.zip,202602101146,利尻郡利尻富士町鬼脇字石崎,37-2,,
01519-4503-14.zip,202602101146,利尻郡利尻富士町鬼脇字石崎,19-2,,
01519-4503-14.zip,202602101146,利尻郡利尻富士町鬼脇字石崎,718,,
01519-4503-14.zip,202602101146,利尻郡利尻富士町鬼脇字石崎,38-2,,
01519-4503-14.zip,202602101146,利尻郡利尻富士町鬼脇字石崎,37-3,,
01519-4503-14.zip,202602101146,利尻郡利尻富士町鬼脇字石崎,36-2,,
01519-4503-14.zip,202602101146,利尻郡利尻富士町鬼脇字石崎,35-2,,
01519-4503-14.zip,202602101146,利尻郡利尻富士町鬼脇字石崎,34-2,,
01519-4503-14.zip,202602101146,利尻郡利尻富士町鬼脇字石崎,33-2,,
01519-4503-14.zip,202602101146,利尻郡利尻富士町鬼脇字石崎,47-2,,
01519-4503-14.zip,202602101146,利尻郡利尻富士町鬼脇字石崎,48-2,,
01519-4503-14.zip,202602101146,利尻郡利尻富士町鬼脇字石崎,56-2,,
01519-4503-14.zip,202602101146,利尻郡利尻富士町鬼脇字石崎,56-3,,
01519-4503-14.zip,202602101146,利尻郡利尻富士町鬼脇字石崎,27,,
01519-4503-14.zip,202602101146,利尻郡利尻富士町鬼脇字石崎,26,,
01519-4503-14.zip,202602101146,利尻郡利尻富士町鬼脇字石崎,23,,
01519-4503-14.zip,202602101146,利尻郡利尻富士町鬼脇字石崎,25,,
01519-4503-14.zip,202602101146,利尻郡利尻富士町鬼脇字石崎,24,,
01519-4503-14.zip,202602101146,利尻郡利尻富士町鬼脇字石崎,52-2,,
01519-4503-14.zip,202602101146,利尻郡利尻富士町鬼脇字石崎,32,,
01519-4503-14.zip,202602101146,利尻郡利尻富士町鬼脇字石崎,38-1,,
01519-4503-14.zip,202602101146,利尻郡利尻富士町鬼脇字石崎,29,,
01519-4503-14.zip,202602101146,利尻郡利尻富士町鬼脇字石崎,30,,
01519-4503-14.zip,202602101146,利尻郡利尻富士町鬼脇字石崎,28,,
01519-4503-14.zip,202602101146,利尻郡利尻富士町鬼脇字石崎,31,,
01519-4503-14.zip,202602101146,利尻郡利尻富士町鬼脇字石崎,19-1,,
01519-4503-14.zip,202602101146,利尻郡利尻富士町鬼脇字石崎,37-4,,
01519-4503-14.zip,202602101146,利尻郡利尻富士町鬼脇字石崎,37-1,,
01519-4503-14.zip,202602101146,利尻郡利尻富士町鬼脇字石崎,33-3,,
01519-4503-14.zip,202602101146,利尻郡利尻富士町鬼脇字石崎,33-1,,
01519-4503-14.zip,202602101146,利尻郡利尻富士町鬼脇字石崎,48-3,,
01519-4503-14.zip,202602101146,利尻郡利尻富士町鬼脇字石崎,48-1,,
01519-4503-14.zip,202602101146,利尻郡利尻富士町鬼脇字石崎,56-1,,
01519-4503-14.zip,202602101146,利尻郡利尻富士町鬼脇字石崎,54-3,,
01519-4503-14.zip,202602101146,利尻郡利尻富士町鬼脇字石崎,52-1,,
01519-4503-14.zip,202602101146,利尻郡利尻富士町鬼脇字石崎,長狭物不明-43,,
01519-4503-14.zip,202602101146,利尻郡利尻富士町鬼脇字石崎,51,,
01519-4503-14.zip,202602101146,利尻郡利尻富士町鬼脇字石崎,53,,
01519-4503-14.zip,202602101146,利尻郡利尻富士町鬼脇字石崎,54-2,,
01519-4503-14.zip,202602101146,利尻郡利尻富士町鬼脇字石崎,47-1,,
01519-4503-14.zip,202602101146,利尻郡利尻富士町鬼脇字石崎,34-1,,
01519-4503-14.zip,202602101146,利尻郡利尻富士町鬼脇字石崎,35-1,,
01519-4503-14.zip,202602101146,利尻郡利尻富士町鬼脇字石崎,36-1,,
01519-4503-14.zip,202602101146,利尻郡利尻富士町鬼脇字石崎,36-3,,
01519-4503-14.zip,202602101146,利尻郡利尻富士町鬼脇字石崎,34-3,,
01519-4503-14.zip,202602101146,利尻郡利尻富士町鬼脇字石崎,39-2,,
01519-4503-14.zip,202602101146,利尻郡利尻富士町鬼脇字石崎,43-2,,
01519-4503-14.zip,202602101146,利尻郡利尻富士町鬼脇字石崎,46,,
01519-4503-14.zip,202602101146,利尻郡利尻富士町鬼脇字石崎,60-2,,
01519-4503-14.zip,202602101146,利尻郡利尻富士町鬼脇字石崎,57-2,,
01519-4503-14.zip,202602101146,利尻郡利尻富士町鬼脇字石崎,39-1,,
01519-4503-14.zip,202602101146,利尻郡利尻富士町鬼脇字石崎,40-1,,
01519-4503-14.zip,202602101146,利尻郡利尻富士町鬼脇字石崎,41-1,,
01519-4503-14.zip,202602101146,利尻郡利尻富士町鬼脇字石崎,42-1,,
01519-4503-14.zip,202602101146,利尻郡利尻富士町鬼脇字石崎,44-1,,
01519-4503-14.zip,202602101146,利尻郡利尻富士町鬼脇字石崎,45-1,,
01519-4503-14.zip,202602101146,利尻郡利尻富士町鬼脇字石崎,58,,
01519-4503-14.zip,202602101146,利尻郡利尻富士町鬼脇字石崎,59,,
01519-4503-14.zip,202602101146,利尻郡利尻富士町鬼脇字石崎,60-1W2,,
01519-4503-14.zip,202602101146,利尻郡利尻富士町鬼脇字石崎,43-1,,
01519-4503-14.zip,202602101146,利尻郡利尻富士町鬼脇字石崎,40-2,,
01519-4503-14.zip,202602101146,利尻郡利尻富士町鬼脇字石崎,40-4,,
01519-4503-14.zip,202602101146,利尻郡利尻富士町鬼脇字石崎,40-5,,
01519-4503-14.zip,202602101146,利尻郡利尻富士町鬼脇字石崎,41-3,,
01519-4503-14.zip,202602101146,利尻郡利尻富士町鬼脇字石崎,42-3,,
01519-4503-14.zip,202602101146,利尻郡利尻富士町鬼脇字石崎,43-3,,
01519-4503-14.zip,202602101146,利尻郡利尻富士町鬼脇字石崎,44-3,,
01519-4503-14.zip,202602101146,利尻郡利尻富士町鬼脇字石崎,45-2,,
01519-4503-14.zip,202602101146,利尻郡利尻富士町鬼脇字石崎,60-3,,
01519-4503-14.zip,202602101146,利尻郡利尻富士町鬼脇字石崎,57-1,,
01519-4503-14.zip,202602101146,利尻郡利尻富士町鬼脇字石崎,57-3,,
01519-4503-14.zip,202602101146,利尻郡利尻富士町鬼脇字石崎,40-3,,
01519-4503-14.zip,202602101146,利尻郡利尻富士町鬼脇字石崎,42-2,,
01519-4503-14.zip,202602101146,利尻郡利尻富士町鬼脇字石崎,44-2,,
01519-4503-14.zip,202602101146,利尻郡利尻富士町鬼脇字石崎,41-2,,
01519-4503-14.zip,202602101146,利尻郡利尻富士町鬼脇字石崎,47-3,,
01519-4503-14.zip,202602101146,利尻郡利尻富士町鬼脇字石崎,35-3,,
01519-4503-14.zip,202602101146,利尻郡利尻富士町鬼脇字二石,長狭物不明-44,,
01519-4503-14.zip,202602101146,利尻郡利尻富士町鬼脇字二石,312-1,,
01519-4503-14.zip,202602101146,利尻郡利尻富士町鬼脇字二石,319,,
01519-4503-14.zip,202602101146,利尻郡利尻富士町鬼脇字石崎,長狭物不明-45,,
01519-4503-14.zip,202602101146,利尻郡利尻富士町鬼脇字二石,318-1,,
01519-4503-14.zip,202602101146,利尻郡利尻富士町鬼脇字石崎,720,,
01519-4503-14.zip,202602101146,利尻郡利尻富士町鬼脇字石崎,5-1,,
01519-4503-14.zip,202602101146,利尻郡利尻富士町鬼脇字石崎,6,,
01519-4503-14.zip,202602101146,利尻郡利尻富士町鬼脇字石崎,8,,
01519-4503-14.zip,202602101146,利尻郡利尻富士町鬼脇字石崎,22,,
01519-4503-14.zip,202602101146,利尻郡利尻富士町鬼脇字石崎,20,,
01519-4503-14.zip,202602101146,利尻郡利尻富士町鬼脇字石崎,長狭物不明-46,,
01519-4503-14.zip,202602101146,利尻郡利尻富士町鬼脇字石崎,18-2,,
01519-4503-14.zip,202602101146,利尻郡利尻富士町鬼脇字石崎,15-2,,
01519-4503-14.zip,202602101146,利尻郡利尻富士町鬼脇字石崎,14-3,,
01519-4503-14.zip,202602101146,利尻郡利尻富士町鬼脇字石崎,3-2,,
01519-4503-14.zip,202602101146,利尻郡利尻富士町鬼脇字二石,318-2,,
01519-4503-14.zip,202602101146,利尻郡利尻富士町鬼脇字二石,306-4,,
01519-4503-14.zip,202602101146,利尻郡利尻富士町鬼脇字二石,316-2,,
01519-4503-14.zip,202602101146,利尻郡利尻富士町鬼脇字二石,312-2,,
01519-4503-14.zip,202602101146,利尻郡利尻富士町鬼脇字二石,317-2,,
01519-4503-14.zip,202602101146,利尻郡利尻富士町鬼脇字二石,316-1,,
01519-4503-14.zip,202602101146,利尻郡利尻富士町鬼脇字二石,306-2,,
01519-4503-14.zip,202602101146,利尻郡利尻富士町鬼脇字二石,317-1,,
01519-4503-14.zip,202602101146,利尻郡利尻富士町鬼脇字石崎,9,,
01519-4503-14.zip,202602101146,利尻郡利尻富士町鬼脇字石崎,21,,
01519-4503-14.zip,202602101146,利尻郡利尻富士町鬼脇字石崎,長狭物不明-47,,
01519-4503-14.zip,202602101146,利尻郡利尻富士町鬼脇字石崎,18-1,,
01519-4503-14.zip,202602101146,利尻郡利尻富士町鬼脇字石崎,10,,
01519-4503-14.zip,202602101146,利尻郡利尻富士町鬼脇字石崎,11,,
01519-4503-14.zip,202602101146,利尻郡利尻富士町鬼脇字石崎,12,,
01519-4503-14.zip,202602101146,利尻郡利尻富士町鬼脇字石崎,14-1,,
01519-4503-14.zip,202602101146,利尻郡利尻富士町鬼脇字石崎,15-1,,
01519-4503-14.zip,202602101146,利尻郡利尻富士町鬼脇字石崎,15-3,,
01519-4503-14.zip,202602101146,利尻郡利尻富士町鬼脇字石崎,14-2,,
01519-4503-14.zip,202602101146,利尻郡利尻富士町鬼脇字石崎,5-2,,
01519-4503-14.zip,202602101146,利尻郡利尻富士町鬼脇字石崎,4,,
01519-4503-14.zip,202602101146,利尻郡利尻富士町鬼脇字石崎,3-1,,
01519-4503-14.zip,202602101146,利尻郡利尻富士町鬼脇字石崎,18-3,,
01519-4503-14.zip,202602101146,利尻郡利尻富士町鬼脇字二石,431,,
01519-4503-14.zip,202602101146,利尻郡利尻富士町鬼脇字二石,315-2,,
01519-4503-14.zip,202602101146,利尻郡利尻富士町鬼脇字石崎,1-2,,
01519-4503-14.zip,202602101146,利尻郡利尻富士町鬼脇字石崎,17-2,,
01519-4503-14.zip,202602101146,利尻郡利尻富士町鬼脇字石崎,16-2,,
01519-4503-14.zip,202602101146,利尻郡利尻富士町鬼脇字二石,長狭物不明-48,,
01519-4503-14.zip,202602101146,利尻郡利尻富士町鬼脇字二石,315-1,,
01519-4503-14.zip,202602101146,利尻郡利尻富士町鬼脇字二石,432,,
01519-4503-14.zip,202602101146,利尻郡利尻富士町鬼脇字石崎,2-1,,
01519-4503-14.zip,202602101146,利尻郡利尻富士町鬼脇字石崎,2-2,,
01519-4503-14.zip,202602101146,利尻郡利尻富士町鬼脇字石崎,16-1,,
01519-4503-14.zip,202602101146,利尻郡利尻富士町鬼脇字石崎,16-3,,
01519-4503-14.zip,202602101146,利尻郡利尻富士町鬼脇字石崎,17-1,,
01519-4503-14.zip,202602101146,利尻郡利尻富士町鬼脇字石崎,17-3,,
01519-4503-14.zip,202602101146,利尻郡利尻富士町鬼脇字石崎,17-4,,
01519-4503-14.zip,202602101146,利尻郡利尻富士町鬼脇字二石,314-1,,
01519-4503-14.zip,202602101146,利尻郡利尻富士町鬼脇字石崎,1-1,,
01519-4503-14.zip,202602101146,利尻郡利尻富士町鬼脇字二石,長狭物不明-49,,
01519-4503-14.zip,202602101146,利尻郡利尻富士町鬼脇字二石,314-2,,
01519-4503-14.zip,202602101146,利尻郡利尻富士町鬼脇字二石,長狭物不明-50,,
01519-4503-14.zip,202602101146,利尻郡利尻富士町鬼脇字二石,266,,
01519-4503-14.zip,202602101146,利尻郡利尻富士町鬼脇字二石,261-1,,
01519-4503-14.zip,202602101146,利尻郡利尻富士町鬼脇字二石,261-2,,
01519-4503-14.zip,202602101146,利尻郡利尻富士町鬼脇字二石,260-2,,
01519-4503-14.zip,202602101146,利尻郡利尻富士町鬼脇字二石,259,,
01519-4503-14.zip,202602101146,利尻郡利尻富士町鬼脇字二石,258,,
01519-4503-14.zip,202602101146,利尻郡利尻富士町鬼脇字二石,279-2,,
01519-4503-14.zip,202602101146,利尻郡利尻富士町鬼脇字二石,278-2,,
01519-4503-14.zip,202602101146,利尻郡利尻富士町鬼脇字二石,277-2,,
01519-4503-14.zip,202602101146,利尻郡利尻富士町鬼脇字二石,295-2,,
01519-4503-14.zip,202602101146,利尻郡利尻富士町鬼脇字二石,294-2,,
01519-4503-14.zip,202602101146,利尻郡利尻富士町鬼脇字二石,430,,
01519-4503-14.zip,202602101146,利尻郡利尻富士町鬼脇字二石,305-2,,
01519-4503-14.zip,202602101146,利尻郡利尻富士町鬼脇字二石,306-3,,
01519-4503-14.zip,202602101146,利尻郡利尻富士町鬼脇字二石,長狭物不明-51,,
01519-4503-14.zip,202602101146,利尻郡利尻富士町鬼脇字二石,271,,
01519-4503-14.zip,202602101146,利尻郡利尻富士町鬼脇字二石,273,,
01519-4503-14.zip,202602101146,利尻郡利尻富士町鬼脇字二石,299,,
01519-4503-14.zip,202602101146,利尻郡利尻富士町鬼脇字二石,300,,
01519-4503-14.zip,202602101146,利尻郡利尻富士町鬼脇字二石,長狭物不明-52,,
01519-4503-14.zip,202602101146,利尻郡利尻富士町鬼脇字二石,298,,
01519-4503-14.zip,202602101146,利尻郡利尻富士町鬼脇字二石,264,,
01519-4503-14.zip,202602101146,利尻郡利尻富士町鬼脇字二石,274,,
01519-4503-14.zip,202602101146,利尻郡利尻富士町鬼脇字二石,272,,
01519-4503-14.zip,202602101146,利尻郡利尻富士町鬼脇字二石,275,,
01519-4503-14.zip,202602101146,利尻郡利尻富士町鬼脇字二石,296,,
01519-4503-14.zip,202602101146,利尻郡利尻富士町鬼脇字二石,277-1,,
01519-4503-14.zip,202602101146,利尻郡利尻富士町鬼脇字二石,297,,
01519-4503-14.zip,202602101146,利尻郡利尻富士町鬼脇字二石,294-1,,
01519-4503-14.zip,202602101146,利尻郡利尻富士町鬼脇字二石,295-1,,
01519-4503-14.zip,202602101146,利尻郡利尻富士町鬼脇字二石,305-1,,
01519-4503-14.zip,202602101146,利尻郡利尻富士町鬼脇字二石,306-1,,
01519-4503-14.zip,202602101146,利尻郡利尻富士町鬼脇字二石,310,,
01519-4503-14.zip,202602101146,利尻郡利尻富士町鬼脇字二石,311,,
01519-4503-14.zip,202602101146,利尻郡利尻富士町鬼脇字二石,257,,
01519-4503-14.zip,202602101146,利尻郡利尻富士町鬼脇字二石,280-2,,
01519-4503-14.zip,202602101146,利尻郡利尻富士町鬼脇字二石,281-2,,
01519-4503-14.zip,202602101146,利尻郡利尻富士町鬼脇字二石,287,,
01519-4503-14.zip,202602101146,利尻郡利尻富士町鬼脇字二石,288-2,,
01519-4503-14.zip,202602101146,利尻郡利尻富士町鬼脇字二石,293-2,,
01519-4503-14.zip,202602101146,利尻郡利尻富士町鬼脇字二石,303-2,,
01519-4503-14.zip,202602101146,利尻郡利尻富士町鬼脇字二石,304-2,,
01519-4503-14.zip,202602101146,利尻郡利尻富士町鬼脇字二石,長狭物不明-53,,
01519-4503-14.zip,202602101146,利尻郡利尻富士町鬼脇字二石,255-1,,
01519-4503-14.zip,202602101146,利尻郡利尻富士町鬼脇字二石,428-1,,
01519-4503-14.zip,202602101146,利尻郡利尻富士町鬼脇字二石,280-1,,
01519-4503-14.zip,202602101146,利尻郡利尻富士町鬼脇字二石,281-1,,
01519-4503-14.zip,202602101146,利尻郡利尻富士町鬼脇字二石,254-1,,
01519-4503-14.zip,202602101146,利尻郡利尻富士町鬼脇字二石,256,,
01519-4503-14.zip,202602101146,利尻郡利尻富士町鬼脇字二石,254-2,,
01519-4503-14.zip,202602101146,利尻郡利尻富士町鬼脇字二石,428-2,,
01519-4503-14.zip,202602101146,利尻郡利尻富士町鬼脇字二石,429,,
01519-4503-14.zip,202602101146,利尻郡利尻富士町鬼脇字二石,288-1,,
01519-4503-14.zip,202602101146,利尻郡利尻富士町鬼脇字二石,293-1,,
01519-4503-14.zip,202602101146,利尻郡利尻富士町鬼脇字二石,433,,
01519-4503-14.zip,202602101146,利尻郡利尻富士町鬼脇字二石,282,,
01519-4503-14.zip,202602101146,利尻郡利尻富士町鬼脇字二石,285,,
01519-4503-14.zip,202602101146,利尻郡利尻富士町鬼脇字二石,286,,
01519-4503-14.zip,202602101146,利尻郡利尻富士町鬼脇字二石,289,,
01519-4503-14.zip,202602101146,利尻郡利尻富士町鬼脇字二石,290,,
01519-4503-14.zip,202602101146,利尻郡利尻富士町鬼脇字二石,304-1,,
01519-4503-14.zip,202602101146,利尻郡利尻富士町鬼脇字二石,303-1,,
01519-4503-14.zip,202602101146,利尻郡利尻富士町鬼脇字二石,長狭物不明-54,,
01519-4503-14.zip,202602101146,利尻郡利尻富士町鬼脇字二石,265,,
01519-4503-14.zip,202602101146,利尻郡利尻富士町鬼脇字二石,435,,
01519-4503-14.zip,202602101146,利尻郡利尻富士町鬼脇字二石,434,,
01519-4503-14.zip,202602101146,利尻郡利尻富士町鬼脇字二石,255-2,,
01519-4503-14.zip,202602101146,利尻郡利尻富士町鬼脇字二石,279-1,,
01519-4503-14.zip,202602101146,利尻郡利尻富士町鬼脇字二石,278-1,,
01519-4503-14.zip,202602101146,利尻郡利尻富士町鬼脇字二石,260-1,,
01519-4503-14.zip,202602101146,利尻郡利尻富士町鬼脇字二石,長狭物不明-55,,
01519-4503-14.zip,202602101146,利尻郡利尻富士町鬼脇字二石,長狭物不明-56,,
01519-4503-14.zip,202602101146,利尻郡利尻富士町鬼脇字二石,221,,
01519-4503-14.zip,202602101146,利尻郡利尻富士町鬼脇字二石,219,,
01519-4503-14.zip,202602101146,利尻郡利尻富士町鬼脇字二石,218,,
01519-4503-14.zip,202602101146,利尻郡利尻富士町鬼脇字二石,217-2,,
01519-4503-14.zip,202602101146,利尻郡利尻富士町鬼脇字二石,216-2,,
01519-4503-14.zip,202602101146,利尻郡利尻富士町鬼脇字二石,424,,
01519-4503-14.zip,202602101146,利尻郡利尻富士町鬼脇字二石,241-2,,
01519-4503-14.zip,202602101146,利尻郡利尻富士町鬼脇字二石,240-2,,
01519-4503-14.zip,202602101146,利尻郡利尻富士町鬼脇字二石,239-2,,
01519-4503-14.zip,202602101146,利尻郡利尻富士町鬼脇字二石,238-2,,
01519-4503-14.zip,202602101146,利尻郡利尻富士町鬼脇字二石,237-2,,
01519-4503-14.zip,202602101146,利尻郡利尻富士町鬼脇字二石,234-2,,
01519-4503-14.zip,202602101146,利尻郡利尻富士町鬼脇字二石,233-2,,
01519-4503-14.zip,202602101146,利尻郡利尻富士町鬼脇字二石,426,,
01519-4503-14.zip,202602101146,利尻郡利尻富士町鬼脇字二石,長狭物不明-57,,
01519-4503-14.zip,202602101146,利尻郡利尻富士町鬼脇字二石,223,,
01519-4503-14.zip,202602101146,利尻郡利尻富士町鬼脇字二石,222,,
01519-4503-14.zip,202602101146,利尻郡利尻富士町鬼脇字二石,220,,
01519-4503-14.zip,202602101146,利尻郡利尻富士町鬼脇字二石,216-1,,
01519-4503-14.zip,202602101146,利尻郡利尻富士町鬼脇字二石,241-1,,
01519-4503-14.zip,202602101146,利尻郡利尻富士町鬼脇字二石,240-1,,
01519-4503-14.zip,202602101146,利尻郡利尻富士町鬼脇字二石,238-1,,
01519-4503-14.zip,202602101146,利尻郡利尻富士町鬼脇字二石,227,,
01519-4503-14.zip,202602101146,利尻郡利尻富士町鬼脇字二石,230,,
01519-4503-14.zip,202602101146,利尻郡利尻富士町鬼脇字二石,231,,
01519-4503-14.zip,202602101146,利尻郡利尻富士町鬼脇字二石,232,,
01519-4503-14.zip,202602101146,利尻郡利尻富士町鬼脇字二石,217-1,,
01519-4503-14.zip,202602101146,利尻郡利尻富士町鬼脇字二石,233-1,,
01519-4503-14.zip,202602101146,利尻郡利尻富士町鬼脇字二石,236,,
01519-4503-14.zip,202602101146,利尻郡利尻富士町鬼脇字二石,229,,
01519-4503-14.zip,202602101146,利尻郡利尻富士町鬼脇字二石,235,,
01519-4503-14.zip,202602101146,利尻郡利尻富士町鬼脇字二石,228,,
01519-4503-14.zip,202602101146,利尻郡利尻富士町鬼脇字二石,237-1,,
01519-4503-14.zip,202602101146,利尻郡利尻富士町鬼脇字二石,212-2,,
01519-4503-14.zip,202602101146,利尻郡利尻富士町鬼脇字二石,214,,
01519-4503-14.zip,202602101146,利尻郡利尻富士町鬼脇字二石,242-2,,
01519-4503-14.zip,202602101146,利尻郡利尻富士町鬼脇字二石,243-2,,
01519-4503-14.zip,202602101146,利尻郡利尻富士町鬼脇字二石,244-2,,
01519-4503-14.zip,202602101146,利尻郡利尻富士町鬼脇字二石,247-2,,
01519-4503-14.zip,202602101146,利尻郡利尻富士町鬼脇字二石,248-2,,
01519-4503-14.zip,202602101146,利尻郡利尻富士町鬼脇字二石,251-2,,
01519-4503-14.zip,202602101146,利尻郡利尻富士町鬼脇字二石,252-2,,
01519-4503-14.zip,202602101146,利尻郡利尻富士町鬼脇字二石,427,,
01519-4503-14.zip,202602101146,利尻郡利尻富士町鬼脇字二石,212-1,,
01519-4503-14.zip,202602101146,利尻郡利尻富士町鬼脇字二石,213,,
01519-4503-14.zip,202602101146,利尻郡利尻富士町鬼脇字二石,215-1,,
01519-4503-14.zip,202602101146,利尻郡利尻富士町鬼脇字二石,242-1,,
01519-4503-14.zip,202602101146,利尻郡利尻富士町鬼脇字二石,243-1,,
01519-4503-14.zip,202602101146,利尻郡利尻富士町鬼脇字二石,245-1,,
01519-4503-14.zip,202602101146,利尻郡利尻富士町鬼脇字二石,425,,
01519-4503-14.zip,202602101146,利尻郡利尻富士町鬼脇字二石,245-2,,
01519-4503-14.zip,202602101146,利尻郡利尻富士町鬼脇字二石,247-1,,
01519-4503-14.zip,202602101146,利尻郡利尻富士町鬼脇字二石,246,,
01519-4503-14.zip,202602101146,利尻郡利尻富士町鬼脇字二石,250,,
01519-4503-14.zip,202602101146,利尻郡利尻富士町鬼脇字二石,253,,
01519-4503-14.zip,202602101146,利尻郡利尻富士町鬼脇字二石,249,,
01519-4503-14.zip,202602101146,利尻郡利尻富士町鬼脇字二石,248-1,,
01519-4503-14.zip,202602101146,利尻郡利尻富士町鬼脇字二石,251-1,,
01519-4503-14.zip,202602101146,利尻郡利尻富士町鬼脇字二石,252-1,,
01519-4503-14.zip,202602101146,利尻郡利尻富士町鬼脇字二石,215-2,,
01519-4503-14.zip,202602101146,利尻郡利尻富士町鬼脇字二石,244-1,,
01519-4503-14.zip,202602101146,利尻郡利尻富士町鬼脇字二石,234-1,,
01519-4503-14.zip,202602101146,利尻郡利尻富士町鬼脇字二石,239-1,,
01519-4503-14.zip,202602101146,利尻郡利尻富士町鬼脇字二石,長狭物不明-58,,
01519-4503-14.zip,202602101146,利尻郡利尻富士町鬼脇字二石,長狭物不明-59,,
01519-4503-14.zip,202602101146,利尻郡利尻富士町鬼脇字二石,421-1,,
01519-4503-14.zip,202602101146,利尻郡利尻富士町鬼脇字二石,175-6,,
01519-4503-14.zip,202602101146,利尻郡利尻富士町鬼脇字二石,長狭物不明-60,,
01519-4503-14.zip,202602101146,利尻郡利尻富士町鬼脇字二石,421-2,,
01519-4503-14.zip,202602101146,利尻郡利尻富士町鬼脇字二石,201-1,,
01519-4503-14.zip,202602101146,利尻郡利尻富士町鬼脇字二石,175-1,,
01519-4503-14.zip,202602101146,利尻郡利尻富士町鬼脇字二石,175-7,,
01519-4503-14.zip,202602101146,利尻郡利尻富士町鬼脇字二石,175-13,,
01519-4503-14.zip,202602101146,利尻郡利尻富士町鬼脇字二石,175-14,,
01519-4503-14.zip,202602101146,利尻郡利尻富士町鬼脇字二石,175-10,,
01519-4503-14.zip,202602101146,利尻郡利尻富士町鬼脇字二石,422,,
01519-4503-14.zip,202602101146,利尻郡利尻富士町鬼脇字二石,175-12,,
01519-4503-14.zip,202602101146,利尻郡利尻富士町鬼脇字二石,175-2,,
01519-4503-14.zip,202602101146,利尻郡利尻富士町鬼脇字二石,175-3,,
01519-4503-14.zip,202602101146,利尻郡利尻富士町鬼脇字二石,175-9,,
01519-4503-14.zip,202602101146,利尻郡利尻富士町鬼脇字二石,175-4,,
01519-4503-14.zip,202602101146,利尻郡利尻富士町鬼脇字二石,175-5,,
01519-4503-14.zip,202602101146,利尻郡利尻富士町鬼脇字二石,175-8,,
01519-4503-14.zip,202602101146,利尻郡利尻富士町鬼脇字二石,175-11,,
01519-4503-14.zip,202602101146,利尻郡利尻富士町鬼脇字二石,188-2,,
01519-4503-14.zip,202602101146,利尻郡利尻富士町鬼脇字二石,188-1,,
01519-4503-14.zip,202602101146,利尻郡利尻富士町鬼脇字二石,189-2,,
01519-4503-14.zip,202602101146,利尻郡利尻富士町鬼脇字二石,189-1,,
01519-4503-14.zip,202602101146,利尻郡利尻富士町鬼脇字二石,193-2,,
01519-4503-14.zip,202602101146,利尻郡利尻富士町鬼脇字二石,193-1,,
01519-4503-14.zip,202602101146,利尻郡利尻富士町鬼脇字二石,194-2,,
01519-4503-14.zip,202602101146,利尻郡利尻富士町鬼脇字二石,194-1,,
01519-4503-14.zip,202602101146,利尻郡利尻富士町鬼脇字二石,195-2,,
01519-4503-14.zip,202602101146,利尻郡利尻富士町鬼脇字二石,195-1,,
01519-4503-14.zip,202602101146,利尻郡利尻富士町鬼脇字二石,201-2,,
01519-4503-14.zip,202602101146,利尻郡利尻富士町鬼脇字二石,423,,
01519-4503-14.zip,202602101146,利尻郡利尻富士町鬼脇字二石,186,,
01519-4503-14.zip,202602101146,利尻郡利尻富士町鬼脇字二石,187-2,,
01519-4503-14.zip,202602101146,利尻郡利尻富士町鬼脇字二石,191,,
01519-4503-14.zip,202602101146,利尻郡利尻富士町鬼脇字二石,185,,
01519-4503-14.zip,202602101146,利尻郡利尻富士町鬼脇字二石,183,,
01519-4503-14.zip,202602101146,利尻郡利尻富士町鬼脇字二石,199,,
01519-4503-14.zip,202602101146,利尻郡利尻富士町鬼脇字二石,198-2,,
01519-4503-14.zip,202602101146,利尻郡利尻富士町鬼脇字二石,184,,
01519-4503-14.zip,202602101146,利尻郡利尻富士町鬼脇字二石,192-1,,
01519-4503-14.zip,202602101146,利尻郡利尻富士町鬼脇字二石,190,,
01519-4503-14.zip,202602101146,利尻郡利尻富士町鬼脇字二石,192-2,,
01519-4503-14.zip,202602101146,利尻郡利尻富士町鬼脇字二石,187-1,,
01519-4503-14.zip,202602101146,利尻郡利尻富士町鬼脇字二石,196-2,,
01519-4503-14.zip,202602101146,利尻郡利尻富士町鬼脇字二石,200-2,,
01519-4503-14.zip,202602101146,利尻郡利尻富士町鬼脇字二石,197,,
01519-4503-14.zip,202602101146,利尻郡利尻富士町鬼脇字二石,198-1,,
01519-4503-14.zip,202602101146,利尻郡利尻富士町鬼脇字二石,200-1,,
01519-4503-14.zip,202602101146,利尻郡利尻富士町鬼脇字二石,196-1,,
01519-4503-14.zip,202602101146,利尻郡利尻富士町鬼脇字二石,173-12,,
01519-4503-14.zip,202602101146,利尻郡利尻富士町鬼脇字二石,173-16,,
01519-4503-14.zip,202602101146,利尻郡利尻富士町鬼脇字二石,173-15,,
01519-4503-14.zip,202602101146,利尻郡利尻富士町鬼脇字二石,173-7,,
01519-4503-14.zip,202602101146,利尻郡利尻富士町鬼脇字二石,174,,
01519-4503-14.zip,202602101146,利尻郡利尻富士町鬼脇字二石,203,,
01519-4503-14.zip,202602101146,利尻郡利尻富士町鬼脇字二石,204-2,,
01519-4503-14.zip,202602101146,利尻郡利尻富士町鬼脇字二石,207-3,,
01519-4503-14.zip,202602101146,利尻郡利尻富士町鬼脇字二石,207-5,,
01519-4503-14.zip,202602101146,利尻郡利尻富士町鬼脇字二石,208-2,,
01519-4503-14.zip,202602101146,利尻郡利尻富士町鬼脇字二石,209-2,,
01519-4503-14.zip,202602101146,利尻郡利尻富士町鬼脇字二石,173-4,,
01519-4503-14.zip,202602101146,利尻郡利尻富士町鬼脇字二石,173-5,,
01519-4503-14.zip,202602101146,利尻郡利尻富士町鬼脇字二石,173-6,,
01519-4503-14.zip,202602101146,利尻郡利尻富士町鬼脇字二石,173-9,,
01519-4503-14.zip,202602101146,利尻郡利尻富士町鬼脇字二石,204-1,,
01519-4503-14.zip,202602101146,利尻郡利尻富士町鬼脇字二石,205-1,,
01519-4503-14.zip,202602101146,利尻郡利尻富士町鬼脇字二石,206-1,,
01519-4503-14.zip,202602101146,利尻郡利尻富士町鬼脇字二石,207-1,,
01519-4503-14.zip,202602101146,利尻郡利尻富士町鬼脇字二石,208-1,,
01519-4503-14.zip,202602101146,利尻郡利尻富士町鬼脇字二石,210-1,,
01519-4503-14.zip,202602101146,利尻郡利尻富士町鬼脇字二石,211-1,,
01519-4503-14.zip,202602101146,利尻郡利尻富士町鬼脇字二石,210-2,,
01519-4503-14.zip,202602101146,利尻郡利尻富士町鬼脇字二石,205-4,,
01519-4503-14.zip,202602101146,利尻郡利尻富士町鬼脇字二石,211-2,,
01519-4503-14.zip,202602101146,利尻郡利尻富士町鬼脇字二石,209-1,,
01519-4503-14.zip,202602101146,利尻郡利尻富士町鬼脇字二石,205-2,,
01519-4503-14.zip,202602101146,利尻郡利尻富士町鬼脇字二石,207-2,,
01519-4503-14.zip,202602101146,利尻郡利尻富士町鬼脇字二石,206-3,,
01519-4503-14.zip,202602101146,利尻郡利尻富士町鬼脇字二石,206-2,,
01519-4503-14.zip,202602101146,利尻郡利尻富士町鬼脇字二石,205-3,,
01519-4503-14.zip,202602101146,利尻郡利尻富士町鬼脇字二石,173-14,,
01519-4503-14.zip,202602101146,利尻郡利尻富士町鬼脇字二石,173-8,,
01519-4503-14.zip,202602101146,利尻郡利尻富士町鬼脇字二石,173-13,,
01519-4503-14.zip,202602101146,利尻郡利尻富士町鬼脇字二石,206-4,,
01519-4503-14.zip,202602101146,利尻郡利尻富士町鬼脇字二石,207-4,,
01519-4503-14.zip,202602101146,利尻郡利尻富士町鬼脇字二石,163,,
01519-4503-14.zip,202602101146,利尻郡利尻富士町鬼脇字二石,164,,
01519-4503-14.zip,202602101146,利尻郡利尻富士町鬼脇字二石,166,,
01519-4503-14.zip,202602101146,利尻郡利尻富士町鬼脇字二石,167,,
01519-4503-14.zip,202602101146,利尻郡利尻富士町鬼脇字二石,170-3,,
01519-4503-14.zip,202602101146,利尻郡利尻富士町鬼脇字二石,162,,
01519-4503-14.zip,202602101146,利尻郡利尻富士町鬼脇字二石,161,,
01519-4503-14.zip,202602101146,利尻郡利尻富士町鬼脇字二石,158,,
01519-4503-14.zip,202602101146,利尻郡利尻富士町鬼脇字二石,157,,
01519-4503-14.zip,202602101146,利尻郡利尻富士町鬼脇字二石,長狭物不明-61,,
01519-4503-14.zip,202602101146,利尻郡利尻富士町鬼脇字二石,154-2,,
01519-4503-14.zip,202602101146,利尻郡利尻富士町鬼脇字二石,154-5,,
01519-4503-14.zip,202602101146,利尻郡利尻富士町鬼脇字二石,169-4,,
01519-4503-14.zip,202602101146,利尻郡利尻富士町鬼脇字二石,155,,
01519-4503-14.zip,202602101146,利尻郡利尻富士町鬼脇字二石,156,,
01519-4503-14.zip,202602101146,利尻郡利尻富士町鬼脇字二石,151,,
01519-4503-14.zip,202602101146,利尻郡利尻富士町鬼脇字二石,153-2,,
01519-4503-14.zip,202602101146,利尻郡利尻富士町鬼脇字二石,173-1,,
01519-4503-14.zip,202602101146,利尻郡利尻富士町鬼脇字二石,152,,
01519-4503-14.zip,202602101146,利尻郡利尻富士町鬼脇字二石,173-3,,
01519-4503-14.zip,202602101146,利尻郡利尻富士町鬼脇字二石,173-10,,
01519-4503-14.zip,202602101146,利尻郡利尻富士町鬼脇字二石,149,,
01519-4503-14.zip,202602101146,利尻郡利尻富士町鬼脇字二石,173-2,,
01519-4503-14.zip,202602101146,利尻郡利尻富士町鬼脇字二石,153-3,,
01519-4503-14.zip,202602101146,利尻郡利尻富士町鬼脇字二石,153-1,,
01519-4503-14.zip,202602101146,利尻郡利尻富士町鬼脇字二石,150,,
01519-4503-14.zip,202602101146,利尻郡利尻富士町鬼脇字二石,169-3,,
01519-4503-14.zip,202602101146,利尻郡利尻富士町鬼脇字二石,168-3,,
01519-4503-14.zip,202602101146,利尻郡利尻富士町鬼脇字二石,169-1,,
01519-4503-14.zip,202602101146,利尻郡利尻富士町鬼脇字二石,168-5,,
01519-4503-14.zip,202602101146,利尻郡利尻富士町鬼脇字二石,420-2,,
01519-4503-14.zip,202602101146,利尻郡利尻富士町鬼脇字二石,171-2,,
01519-4503-14.zip,202602101146,利尻郡利尻富士町鬼脇字二石,420-1,,
01519-4503-14.zip,202602101146,利尻郡利尻富士町鬼脇字二石,170-5,,
01519-4503-14.zip,202602101146,利尻郡利尻富士町鬼脇字二石,168-1,,
01519-4503-14.zip,202602101146,利尻郡利尻富士町鬼脇字二石,171-1,,
01519-4503-14.zip,202602101146,利尻郡利尻富士町鬼脇字二石,154-1,,
01519-4503-14.zip,202602101146,利尻郡利尻富士町鬼脇字二石,420-3,,
01519-4503-14.zip,202602101146,利尻郡利尻富士町鬼脇字二石,170-4,,
01519-4503-14.zip,202602101146,利尻郡利尻富士町鬼脇字二石,170-1,,
01519-4503-14.zip,202602101146,利尻郡利尻富士町鬼脇字二石,170-2,,
01519-4503-14.zip,202602101146,利尻郡利尻富士町鬼脇字二石,154-6,,
01519-4503-14.zip,202602101146,利尻郡利尻富士町鬼脇字二石,168-2,,
01519-4503-14.zip,202602101146,利尻郡利尻富士町鬼脇字二石,169-2,,
01519-4503-14.zip,202602101146,利尻郡利尻富士町鬼脇字二石,154-8,,
01519-4503-14.zip,202602101146,利尻郡利尻富士町鬼脇字二石,154-7,,
01519-4503-14.zip,202602101146,利尻郡利尻富士町鬼脇字二石,154-4,,
01519-4503-14.zip,202602101146,利尻郡利尻富士町鬼脇字二石,170-6,,
01519-4503-14.zip,202602101146,利尻郡利尻富士町鬼脇字二石,173-11,,
01519-4503-14.zip,202602101146,利尻郡利尻富士町鬼脇字二石,168-4,,
01519-4503-14.zip,202602101146,利尻郡利尻富士町鬼脇字二石,154-3,,
01519-4503-14.zip,202602101146,利尻郡利尻富士町鬼脇字二石,136,,
01519-4503-14.zip,202602101146,利尻郡利尻富士町鬼脇字二石,長狭物不明-62,,
01519-4503-14.zip,202602101146,利尻郡利尻富士町鬼脇字二石,114-2,,
01519-4503-14.zip,202602101146,利尻郡利尻富士町鬼脇字二石,116,,
01519-4503-14.zip,202602101146,利尻郡利尻富士町鬼脇字二石,148-2,,
01519-4503-14.zip,202602101146,利尻郡利尻富士町鬼脇字二石,160,,
01519-4503-14.zip,202602101146,利尻郡利尻富士町鬼脇字二石,144-2,,
01519-4503-14.zip,202602101146,利尻郡利尻富士町鬼脇字二石,119-2,,
01519-4503-14.zip,202602101146,利尻郡利尻富士町鬼脇字二石,120,,
01519-4503-14.zip,202602101146,利尻郡利尻富士町鬼脇字二石,135,,
01519-4503-14.zip,202602101146,利尻郡利尻富士町鬼脇字二石,114-1,,
01519-4503-14.zip,202602101146,利尻郡利尻富士町鬼脇字二石,115,,
01519-4503-14.zip,202602101146,利尻郡利尻富士町鬼脇字二石,146-1,,
01519-4503-14.zip,202602101146,利尻郡利尻富士町鬼脇字二石,148-1,,
01519-4503-14.zip,202602101146,利尻郡利尻富士町鬼脇字二石,146-2,,
01519-4503-14.zip,202602101146,利尻郡利尻富士町鬼脇字二石,146-3,,
01519-4503-14.zip,202602101146,利尻郡利尻富士町鬼脇字二石,159-2,,
01519-4503-14.zip,202602101146,利尻郡利尻富士町鬼脇字二石,159-1,,
01519-4503-14.zip,202602101146,利尻郡利尻富士町鬼脇字二石,144-4,,
01519-4503-14.zip,202602101146,利尻郡利尻富士町鬼脇字二石,142,,
01519-4503-14.zip,202602101146,利尻郡利尻富士町鬼脇字二石,117,,
01519-4503-14.zip,202602101146,利尻郡利尻富士町鬼脇字二石,144-1,,
01519-4503-14.zip,202602101146,利尻郡利尻富士町鬼脇字二石,144-3,,
01519-4503-14.zip,202602101146,利尻郡利尻富士町鬼脇字二石,145,,
01519-4503-14.zip,202602101146,利尻郡利尻富士町鬼脇字二石,144-5,,
01519-4503-14.zip,202602101146,利尻郡利尻富士町鬼脇字二石,長狭物不明-63,,
01519-4503-14.zip,202602101146,利尻郡利尻富士町鬼脇字二石,長狭物不明-64,,
01519-4503-14.zip,202602101146,利尻郡利尻富士町鬼脇字二石,139,,
01519-4503-14.zip,202602101146,利尻郡利尻富士町鬼脇字二石,130,,
01519-4503-14.zip,202602101146,利尻郡利尻富士町鬼脇字二石,129,,
01519-4503-14.zip,202602101146,利尻郡利尻富士町鬼脇字二石,134,,
01519-4503-14.zip,202602101146,利尻郡利尻富士町鬼脇字二石,127,,
01519-4503-14.zip,202602101146,利尻郡利尻富士町鬼脇字二石,131,,
01519-4503-14.zip,202602101146,利尻郡利尻富士町鬼脇字二石,133,,
01519-4503-14.zip,202602101146,利尻郡利尻富士町鬼脇字二石,124,,
01519-4503-14.zip,202602101146,利尻郡利尻富士町鬼脇字二石,125,,
01519-4503-14.zip,202602101146,利尻郡利尻富士町鬼脇字二石,121-1,,
01519-4503-14.zip,202602101146,利尻郡利尻富士町鬼脇字二石,122,,
01519-4503-14.zip,202602101146,利尻郡利尻富士町鬼脇字二石,118,,
01519-4503-14.zip,202602101146,利尻郡利尻富士町鬼脇字二石,128,,
01519-4503-14.zip,202602101146,利尻郡利尻富士町鬼脇字二石,123,,
01519-4503-14.zip,202602101146,利尻郡利尻富士町鬼脇字二石,126,,
01519-4503-14.zip,202602101146,利尻郡利尻富士町鬼脇字二石,119-1,,
01519-4503-14.zip,202602101146,利尻郡利尻富士町鬼脇字二石,121-2,,
01519-4503-14.zip,202602101146,利尻郡利尻富士町鬼脇字二石,101-1,,
01519-4503-14.zip,202602101146,利尻郡利尻富士町鬼脇字二石,103-2,,
01519-4503-14.zip,202602101146,利尻郡利尻富士町鬼脇字二石,103-3,,
01519-4503-14.zip,202602101146,利尻郡利尻富士町鬼脇字二石,103-5,,
01519-4503-14.zip,202602101146,利尻郡利尻富士町鬼脇字二石,長狭物不明-65,,
01519-4503-14.zip,202602101146,利尻郡利尻富士町鬼脇字二石,103-7,,
01519-4503-14.zip,202602101146,利尻郡利尻富士町鬼脇字二石,103-9,,
01519-4503-14.zip,202602101146,利尻郡利尻富士町鬼脇字二石,95-2,,
01519-4503-14.zip,202602101146,利尻郡利尻富士町鬼脇字二石,101-2,,
01519-4503-14.zip,202602101146,利尻郡利尻富士町鬼脇字二石,95-1,,
01519-4503-14.zip,202602101146,利尻郡利尻富士町鬼脇字二石,99-1,,
01519-4503-14.zip,202602101146,利尻郡利尻富士町鬼脇字二石,100-1,,
01519-4503-14.zip,202602101146,利尻郡利尻富士町鬼脇字二石,95-3,,
01519-4503-14.zip,202602101146,利尻郡利尻富士町鬼脇字二石,98-3,,
01519-4503-14.zip,202602101146,利尻郡利尻富士町鬼脇字二石,98-1,,
01519-4503-14.zip,202602101146,利尻郡利尻富士町鬼脇字二石,99-2,,
01519-4503-14.zip,202602101146,利尻郡利尻富士町鬼脇字二石,103-11,,
01519-4503-14.zip,202602101146,利尻郡利尻富士町鬼脇字二石,103-1,,
01519-4503-14.zip,202602101146,利尻郡利尻富士町鬼脇字二石,103-10,,
01519-4503-14.zip,202602101146,利尻郡利尻富士町鬼脇字二石,100-2,,
01519-4503-14.zip,202602101146,利尻郡利尻富士町鬼脇字二石,96-2,,
01519-4503-14.zip,202602101146,利尻郡利尻富士町鬼脇字二石,96-3,,
01519-4503-14.zip,202602101146,利尻郡利尻富士町鬼脇字二石,96-1,,
01519-4503-14.zip,202602101146,利尻郡利尻富士町鬼脇字二石,97-2,,
01519-4503-14.zip,202602101146,利尻郡利尻富士町鬼脇字二石,98-2,,
01519-4503-14.zip,202602101146,利尻郡利尻富士町鬼脇字二石,103-6,,
01519-4503-14.zip,202602101146,利尻郡利尻富士町鬼脇字二石,103-13,,
01519-4503-14.zip,202602101146,利尻郡利尻富士町鬼脇字二石,103-4,,
01519-4503-14.zip,202602101146,利尻郡利尻富士町鬼脇字二石,103-12,,
01519-4503-14.zip,202602101146,利尻郡利尻富士町鬼脇字二石,103-8,,
01519-4503-14.zip,202602101146,利尻郡利尻富士町鬼脇字二石,94-1,,
01519-4503-14.zip,202602101146,利尻郡利尻富士町鬼脇字二石,111-1,,
01519-4503-14.zip,202602101146,利尻郡利尻富士町鬼脇字二石,111-4,,
01519-4503-14.zip,202602101146,利尻郡利尻富士町鬼脇字二石,111-5,,
01519-4503-14.zip,202602101146,利尻郡利尻富士町鬼脇字二石,111-6,,
01519-4503-14.zip,202602101146,利尻郡利尻富士町鬼脇字二石,94-4,,
01519-4503-14.zip,202602101146,利尻郡利尻富士町鬼脇字二石,111-7,,
01519-4503-14.zip,202602101146,利尻郡利尻富士町鬼脇字二石,94-3,,
01519-4503-14.zip,202602101146,利尻郡利尻富士町鬼脇字二石,111-2,,
01519-4503-14.zip,202602101146,利尻郡利尻富士町鬼脇字二石,111-3,,
01519-4503-14.zip,202602101146,利尻郡利尻富士町鬼脇字二石,94-2,,
01519-4503-14.zip,202602101146,利尻郡利尻富士町鬼脇字二石,111-8,,
01519-4503-14.zip,202602101146,利尻郡利尻富士町鬼脇字二石,111-9,,
01519-4503-14.zip,202602101146,利尻郡利尻富士町鬼脇字二石,97-3,,
01519-4503-14.zip,202602101146,利尻郡利尻富士町鬼脇字二石,97-1,,
01519-4503-14.zip,202602101146,利尻郡利尻富士町鬼脇字二石,83-1,,
01519-4503-14.zip,202602101146,利尻郡利尻富士町鬼脇字二石,87,,
01519-4503-14.zip,202602101146,利尻郡利尻富士町鬼脇字二石,長狭物不明-66,,
01519-4503-14.zip,202602101146,利尻郡利尻富士町鬼脇字二石,83-2,,
01519-4503-14.zip,202602101146,利尻郡利尻富士町鬼脇字二石,86,,
01519-4503-14.zip,202602101146,利尻郡利尻富士町鬼脇字二石,88,,
01519-4503-14.zip,202602101146,利尻郡利尻富士町鬼脇字二石,85,,
01519-4503-14.zip,202602101146,利尻郡利尻富士町鬼脇字二石,84,,
01519-4503-14.zip,202602101146,利尻郡利尻富士町鬼脇字二石,83-3,,
01519-4503-14.zip,202602101146,利尻郡利尻富士町鬼脇字二石,82-3,,
01519-4503-14.zip,202602101146,利尻郡利尻富士町鬼脇字二石,72-2,,
01519-4503-14.zip,202602101146,利尻郡利尻富士町鬼脇字二石,71-1,,
01519-4503-14.zip,202602101146,利尻郡利尻富士町鬼脇字二石,74-1,,
01519-4503-14.zip,202602101146,利尻郡利尻富士町鬼脇字二石,75,,
01519-4503-14.zip,202602101146,利尻郡利尻富士町鬼脇字二石,77,,
01519-4503-14.zip,202602101146,利尻郡利尻富士町鬼脇字二石,76,,
01519-4503-14.zip,202602101146,利尻郡利尻富士町鬼脇字二石,78-2,,
01519-4503-14.zip,202602101146,利尻郡利尻富士町鬼脇字二石,74-2,,
01519-4503-14.zip,202602101146,利尻郡利尻富士町鬼脇字二石,78-1,,
01519-4503-14.zip,202602101146,利尻郡利尻富士町鬼脇字二石,79-1,,
01519-4503-14.zip,202602101146,利尻郡利尻富士町鬼脇字二石,79-3,,
01519-4503-14.zip,202602101146,利尻郡利尻富士町鬼脇字二石,81-4,,
01519-4503-14.zip,202602101146,利尻郡利尻富士町鬼脇字二石,82-2,,
01519-4503-14.zip,202602101146,利尻郡利尻富士町鬼脇字二石,79-2,,
01519-4503-14.zip,202602101146,利尻郡利尻富士町鬼脇字二石,82-1,,
01519-4503-14.zip,202602101146,利尻郡利尻富士町鬼脇字二石,81-9,,
01519-4503-14.zip,202602101146,利尻郡利尻富士町鬼脇字二石,81-8,,
01519-4503-14.zip,202602101146,利尻郡利尻富士町鬼脇字二石,81-5,,
01519-4503-14.zip,202602101146,利尻郡利尻富士町鬼脇字二石,81-6,,
01519-4503-14.zip,202602101146,利尻郡利尻富士町鬼脇字二石,82-4,,
01519-4503-14.zip,202602101146,利尻郡利尻富士町鬼脇字二石,71-2,,
01519-4503-14.zip,202602101146,利尻郡利尻富士町鬼脇字二石,71-3,,
01519-4503-14.zip,202602101146,利尻郡利尻富士町鬼脇字二石,73-2,,
01519-4503-14.zip,202602101146,利尻郡利尻富士町鬼脇字二石,73-3,,
01519-4503-14.zip,202602101146,利尻郡利尻富士町鬼脇字二石,78-3,,
01519-4503-14.zip,202602101146,利尻郡利尻富士町鬼脇字二石,81-7,,
01519-4503-14.zip,202602101146,利尻郡利尻富士町鬼脇字二石,81-3,,
01519-4503-14.zip,202602101146,利尻郡利尻富士町鬼脇字二石,74-3,,
01519-4503-14.zip,202602101146,利尻郡利尻富士町鬼脇字二石,72-3,,
01519-4503-14.zip,202602101146,利尻郡利尻富士町鬼脇字二石,80,,
01519-4503-14.zip,202602101146,利尻郡利尻富士町鬼脇字二石,73-1,,
01519-4503-14.zip,202602101146,利尻郡利尻富士町鬼脇字二石,81-1,,
01519-4503-14.zip,202602101146,利尻郡利尻富士町鬼脇字二石,81-2,,
01519-4503-14.zip,202602101146,利尻郡利尻富士町鬼脇字二石,72-1,,
01519-4503-14.zip,202602101146,利尻郡利尻富士町鬼脇字二石,82-5,,
01519-4503-14.zip,202602101146,利尻郡利尻富士町鬼脇字二石,82-6,,
01519-4503-14.zip,202602101146,利尻郡利尻富士町鬼脇字二石,93,,
01519-4503-14.zip,202602101146,利尻郡利尻富士町鬼脇字二石,長狭物不明-67,,
01519-4503-14.zip,202602101146,利尻郡利尻富士町鬼脇字二石,長狭物不明-68,,
01519-4503-14.zip,202602101146,利尻郡利尻富士町鬼脇字二石,90,,
01519-4503-14.zip,202602101146,利尻郡利尻富士町鬼脇字二石,89,,
01519-4503-14.zip,202602101146,利尻郡利尻富士町鬼脇字二石,道-111,,
01519-4503-14.zip,202602101146,利尻郡利尻富士町鬼脇字二石,70-3,,
01519-4503-14.zip,202602101146,利尻郡利尻富士町鬼脇字二石,70-2,,
01519-4503-14.zip,202602101146,利尻郡利尻富士町鬼脇字二石,70-1,,
01519-4503-14.zip,202602101146,利尻郡利尻富士町鬼脇字二石,70-6,,
01519-4503-14.zip,202602101146,利尻郡利尻富士町鬼脇字二石,70-8,,
01519-4503-14.zip,202602101146,利尻郡利尻富士町鬼脇字二石,70-4,,
01519-4503-14.zip,202602101146,利尻郡利尻富士町鬼脇字二石,70-5,,
01519-4503-14.zip,202602101146,利尻郡利尻富士町鬼脇字二石,70-11,,
01519-4503-14.zip,202602101146,利尻郡利尻富士町鬼脇字二石,70-7,,
01519-4503-14.zip,202602101146,利尻郡利尻富士町鬼脇字二石,70-10,,
01519-4503-14.zip,202602101146,利尻郡利尻富士町鬼脇字二石,70-13,,
01519-4503-14.zip,202602101146,利尻郡利尻富士町鬼脇字二石,70-14,,
01519-4503-14.zip,202602101146,利尻郡利尻富士町鬼脇字二石,70-9,,
01519-4503-14.zip,202602101146,利尻郡利尻富士町鬼脇字二石,70-12,,
01519-4503-14.zip,202602101146,利尻郡利尻富士町鬼脇字二石,41W1,,
01519-4503-14.zip,202602101146,利尻郡利尻富士町鬼脇字二石,長狭物不明-69,,
01519-4503-14.zip,202602101146,利尻郡利尻富士町鬼脇字二石,66,,
01519-4503-14.zip,202602101146,利尻郡利尻富士町鬼脇字二石,道-112,,
01519-4503-14.zip,202602101146,利尻郡利尻富士町鬼脇字二石,65-2,,
01519-4503-14.zip,202602101146,利尻郡利尻富士町鬼脇字二石,65-1,,
01519-4503-14.zip,202602101146,利尻郡利尻富士町鬼脇字二石,67-1,,
01519-4503-14.zip,202602101146,利尻郡利尻富士町鬼脇字二石,67-2,,
01519-4503-14.zip,202602101146,利尻郡利尻富士町鬼脇字二石,67-3,,
01519-4503-14.zip,202602101146,利尻郡利尻富士町鬼脇字二石,67-4,,
01519-4503-14.zip,202602101146,利尻郡利尻富士町鬼脇字二石,61-2,,
01519-4503-14.zip,202602101146,利尻郡利尻富士町鬼脇字二石,69-2,,
01519-4503-14.zip,202602101146,利尻郡利尻富士町鬼脇字二石,69-1,,
01519-4503-14.zip,202602101146,利尻郡利尻富士町鬼脇字二石,68-1,,
01519-4503-14.zip,202602101146,利尻郡利尻富士町鬼脇字二石,68-3,,
01519-4503-14.zip,202602101146,利尻郡利尻富士町鬼脇字二石,61-3,,
01519-4503-14.zip,202602101146,利尻郡利尻富士町鬼脇字二石,61-1,,
01519-4503-14.zip,202602101146,利尻郡利尻富士町鬼脇字二石,62-1,,
01519-4503-14.zip,202602101146,利尻郡利尻富士町鬼脇字二石,62-2,,
01519-4503-14.zip,202602101146,利尻郡利尻富士町鬼脇字二石,69-3,,
01519-4503-14.zip,202602101146,利尻郡利尻富士町鬼脇字二石,68-2,,
01519-4503-14.zip,202602101146,利尻郡利尻富士町鬼脇字二石,68-4,,
01519-4503-14.zip,202602101146,利尻郡利尻富士町鬼脇字二石,69-6,,
01519-4503-14.zip,202602101146,利尻郡利尻富士町鬼脇字二石,道-113,,
01519-4503-14.zip,202602101146,利尻郡利尻富士町鬼脇字二石,63-1,,
01519-4503-14.zip,202602101146,利尻郡利尻富士町鬼脇字二石,63-2,,
01519-4503-14.zip,202602101146,利尻郡利尻富士町鬼脇字二石,69-4,,
01519-4503-14.zip,202602101146,利尻郡利尻富士町鬼脇字二石,69-5,,
01519-4503-14.zip,202602101146,利尻郡利尻富士町鬼脇字二石,60-3,,
01519-4503-14.zip,202602101146,利尻郡利尻富士町鬼脇字二石,41W2,,
01519-4503-14.zip,202602101146,利尻郡利尻富士町鬼脇字二石,道-114,,
01519-4503-14.zip,202602101146,利尻郡利尻富士町鬼脇字二石,長狭物不明-70,,
01519-4503-14.zip,202602101146,利尻郡利尻富士町鬼脇字二石,56-2,,
01519-4503-14.zip,202602101146,利尻郡利尻富士町鬼脇字二石,52-2,,
01519-4503-14.zip,202602101146,利尻郡利尻富士町鬼脇字二石,52-1,,
01519-4503-14.zip,202602101146,利尻郡利尻富士町鬼脇字二石,長狭物不明-71,,
01519-4503-14.zip,202602101146,利尻郡利尻富士町鬼脇字二石,50-1,,
01519-4503-14.zip,202602101146,利尻郡利尻富士町鬼脇字二石,51-1,,
01519-4503-14.zip,202602101146,利尻郡利尻富士町鬼脇字二石,道-115,,
01519-4503-14.zip,202602101146,利尻郡利尻富士町鬼脇字二石,道-116,,
01519-4503-14.zip,202602101146,利尻郡利尻富士町鬼脇字二石,60-4,,
01519-4503-14.zip,202602101146,利尻郡利尻富士町鬼脇字二石,60-1,,
01519-4503-14.zip,202602101146,利尻郡利尻富士町鬼脇字二石,60-2,,
01519-4503-14.zip,202602101146,利尻郡利尻富士町鬼脇字二石,50-2,,
01519-4503-14.zip,202602101146,利尻郡利尻富士町鬼脇字二石,51-2,,
01519-4503-14.zip,202602101146,利尻郡利尻富士町鬼脇字二石,53-1,,
01519-4503-14.zip,202602101146,利尻郡利尻富士町鬼脇字二石,53-2,,
01519-4503-14.zip,202602101146,利尻郡利尻富士町鬼脇字二石,55,,
01519-4503-14.zip,202602101146,利尻郡利尻富士町鬼脇字二石,56-1,,
01519-4503-14.zip,202602101146,利尻郡利尻富士町鬼脇字二石,58-2,,
01519-4503-14.zip,202602101146,利尻郡利尻富士町鬼脇字二石,58-1,,
01519-4503-14.zip,202602101146,利尻郡利尻富士町鬼脇字二石,59-2,,
01519-4503-14.zip,202602101146,利尻郡利尻富士町鬼脇字二石,59-1,,
01519-4503-14.zip,202602101146,利尻郡利尻富士町鬼脇字二石,54-2,,
01519-4503-14.zip,202602101146,利尻郡利尻富士町鬼脇字二石,57,,
01519-4503-14.zip,202602101146,利尻郡利尻富士町鬼脇字二石,54-1,,
01519-4503-14.zip,202602101146,利尻郡利尻富士町鬼脇字二石,36-3,,
01519-4503-14.zip,202602101146,利尻郡利尻富士町鬼脇字二石,36-1,,
01519-4503-14.zip,202602101146,利尻郡利尻富士町鬼脇字二石,49-4,,
01519-4503-14.zip,202602101146,利尻郡利尻富士町鬼脇字二石,49-1,,
01519-4503-14.zip,202602101146,利尻郡利尻富士町鬼脇字二石,49-2,,
01519-4503-14.zip,202602101146,利尻郡利尻富士町鬼脇字二石,長狭物不明-72,,
01519-4503-14.zip,202602101146,利尻郡利尻富士町鬼脇字二石,道-117,,
01519-4503-14.zip,202602101146,利尻郡利尻富士町鬼脇字二石,49-3,,
01519-4503-14.zip,202602101146,利尻郡利尻富士町鬼脇字二石,36-2,,
01519-4503-14.zip,202602101146,利尻郡利尻富士町鬼脇字二石,長狭物不明-73,,
01519-4503-14.zip,202602101146,利尻郡利尻富士町鬼脇字二石,40,,
01519-4503-14.zip,202602101146,利尻郡利尻富士町鬼脇字二石,41W3,,
01519-4503-14.zip,202602101146,利尻郡利尻富士町鬼脇字二石,39,,
01519-4503-14.zip,202602101146,利尻郡利尻富士町鬼脇字二石,38-2,,
01519-4503-14.zip,202602101146,利尻郡利尻富士町鬼脇字二石,38-1,,
01519-4503-14.zip,202602101146,利尻郡利尻富士町鬼脇字二石,44-1,,
01519-4503-14.zip,202602101146,利尻郡利尻富士町鬼脇字二石,45,,
01519-4503-14.zip,202602101146,利尻郡利尻富士町鬼脇字二石,長狭物不明-74,,
01519-4503-14.zip,202602101146,利尻郡利尻富士町鬼脇字二石,42,,
01519-4503-14.zip,202602101146,利尻郡利尻富士町鬼脇字二石,道-118,,
01519-4503-14.zip,202602101146,利尻郡利尻富士町鬼脇字二石,48-2,,
01519-4503-14.zip,202602101146,利尻郡利尻富士町鬼脇字二石,47-2,,
01519-4503-14.zip,202602101146,利尻郡利尻富士町鬼脇字二石,47-1,,
01519-4503-14.zip,202602101146,利尻郡利尻富士町鬼脇字二石,48-1,,
01519-4503-14.zip,202602101146,利尻郡利尻富士町鬼脇字二石,44-2,,
01519-4503-14.zip,202602101146,利尻郡利尻富士町鬼脇字二石,43-1,,
01519-4503-14.zip,202602101146,利尻郡利尻富士町鬼脇字二石,43-2,,
01519-4503-14.zip,202602101146,利尻郡利尻富士町鬼脇字二石,48-3,,
01519-4503-14.zip,202602101146,利尻郡利尻富士町鬼脇字二石,43-3,,
01519-4503-14.zip,202602101146,利尻郡利尻富士町鬼脇字二石,41W4,,
01519-4503-14.zip,202602101146,利尻郡利尻富士町鬼脇字二石,水-17,,
01519-4503-14.zip,202602101146,利尻郡利尻富士町鬼脇字二石,水-18,,
01519-4503-14.zip,202602101146,利尻郡利尻富士町鬼脇字二石,長狭物不明-75,,
01519-4503-14.zip,202602101146,利尻郡利尻富士町鬼脇字二石,21-1,,
01519-4503-14.zip,202602101146,利尻郡利尻富士町鬼脇字二石,21,,
01519-4503-14.zip,202602101146,利尻郡利尻富士町鬼脇字二石,水-19,,
01519-4503-14.zip,202602101146,利尻郡利尻富士町鬼脇字二石,水-20,,
01519-4503-14.zip,202602101146,利尻郡利尻富士町鬼脇字二石,3,,
01519-4503-14.zip,202602101146,利尻郡利尻富士町鬼脇字二石,2-1,,
01519-4503-14.zip,202602101146,利尻郡利尻富士町鬼脇字二石,4,,
01519-4503-14.zip,202602101146,利尻郡利尻富士町鬼脇字二石,30-3,,
01519-4503-14.zip,202602101146,利尻郡利尻富士町鬼脇字二石,32-1,,
01519-4503-14.zip,202602101146,利尻郡利尻富士町鬼脇字二石,32-2,,
01519-4503-14.zip,202602101146,利尻郡利尻富士町鬼脇字二石,34-1,,
01519-4503-14.zip,202602101146,利尻郡利尻富士町鬼脇字二石,15,,
01519-4503-14.zip,202602101146,利尻郡利尻富士町鬼脇字二石,14,,
01519-4503-14.zip,202602101146,利尻郡利尻富士町鬼脇字二石,長狭物不明-76,,
01519-4503-14.zip,202602101146,利尻郡利尻富士町鬼脇字二石,12,,
01519-4503-14.zip,202602101146,利尻郡利尻富士町鬼脇字二石,11,,
01519-4503-14.zip,202602101146,利尻郡利尻富士町鬼脇字二石,10,,
01519-4503-14.zip,202602101146,利尻郡利尻富士町鬼脇字二石,道-119,,
01519-4503-14.zip,202602101146,利尻郡利尻富士町鬼脇字二石,7-2,,
01519-4503-14.zip,202602101146,利尻郡利尻富士町鬼脇字二石,18-2,,
01519-4503-14.zip,202602101146,利尻郡利尻富士町鬼脇字二石,20-2,,
01519-4503-14.zip,202602101146,利尻郡利尻富士町鬼脇字二石,20-1,,
01519-4503-14.zip,202602101146,利尻郡利尻富士町鬼脇字二石,16,,
01519-4503-14.zip,202602101146,利尻郡利尻富士町鬼脇字二石,19-2,,
01519-4503-14.zip,202602101146,利尻郡利尻富士町鬼脇字二石,18-1,,
01519-4503-14.zip,202602101146,利尻郡利尻富士町鬼脇字二石,19-1,,
01519-4503-14.zip,202602101146,利尻郡利尻富士町鬼脇字二石,9,,
01519-4503-14.zip,202602101146,利尻郡利尻富士町鬼脇字二石,8-2,,
01519-4503-14.zip,202602101146,利尻郡利尻富士町鬼脇字二石,6-1,,
01519-4503-14.zip,202602101146,利尻郡利尻富士町鬼脇字二石,6-2,,
01519-4503-14.zip,202602101146,利尻郡利尻富士町鬼脇字二石,7-1,,
01519-4503-14.zip,202602101146,利尻郡利尻富士町鬼脇字二石,8-1,,
01519-4503-14.zip,202602101146,利尻郡利尻富士町鬼脇字二石,5-2,,
01519-4503-14.zip,202602101146,利尻郡利尻富士町鬼脇字二石,5-3,,
01519-4503-14.zip,202602101146,利尻郡利尻富士町鬼脇字二石,5-1,,
01519-4503-14.zip,202602101146,利尻郡利尻富士町鬼脇字二石,1-2,,
01519-4503-14.zip,202602101146,利尻郡利尻富士町鬼脇字二石,1-1,,
01519-4503-14.zip,202602101146,利尻郡利尻富士町鬼脇字二石,2-3,,
01519-4503-14.zip,202602101146,利尻郡利尻富士町鬼脇字二石,2-2,,
01519-4503-14.zip,202602101146,利尻郡利尻富士町鬼脇字二石,17,,
01519-4503-14.zip,202602101146,利尻郡利尻富士町鬼脇字二石,27,,
01519-4503-14.zip,202602101146,利尻郡利尻富士町鬼脇字二石,25,,
01519-4503-14.zip,202602101146,利尻郡利尻富士町鬼脇字二石,道-120,,
01519-4503-14.zip,202602101146,利尻郡利尻富士町鬼脇字二石,24,,
01519-4503-14.zip,202602101146,利尻郡利尻富士町鬼脇字二石,23-1,,
01519-4503-14.zip,202602101146,利尻郡利尻富士町鬼脇字二石,26,,
01519-4503-14.zip,202602101146,利尻郡利尻富士町鬼脇字二石,22-1,,
01519-4503-14.zip,202602101146,利尻郡利尻富士町鬼脇字二石,22-2,,
01519-4503-14.zip,202602101146,利尻郡利尻富士町鬼脇字二石,23-2,,
01519-4503-14.zip,202602101146,利尻郡利尻富士町鬼脇字二石,28,,
01519-4503-14.zip,202602101146,利尻郡利尻富士町鬼脇字二石,道-121,,
01519-4503-14.zip,202602101146,利尻郡利尻富士町鬼脇字二石,長狭物不明-77,,
01519-4503-14.zip,202602101146,利尻郡利尻富士町鬼脇字二石,35,,
01519-4503-14.zip,202602101146,利尻郡利尻富士町鬼脇字二石,道-122,,
01519-4503-14.zip,202602101146,利尻郡利尻富士町鬼脇字二石,33-2,,
01519-4503-14.zip,202602101146,利尻郡利尻富士町鬼脇字二石,31-2,,
01519-4503-14.zip,202602101146,利尻郡利尻富士町鬼脇字二石,29-2,,
01519-4503-14.zip,202602101146,利尻郡利尻富士町鬼脇字二石,31-1,,
01519-4503-14.zip,202602101146,利尻郡利尻富士町鬼脇字二石,29-1,,
01519-4503-14.zip,202602101146,利尻郡利尻富士町鬼脇字二石,30-1,,
01519-4503-14.zip,202602101146,利尻郡利尻富士町鬼脇字二石,30-2,,
01519-4503-14.zip,202602101146,利尻郡利尻富士町鬼脇字二石,33-1,,
01519-4503-14.zip,202602101146,利尻郡利尻富士町鬼脇字二石,34-2,,
01519-4503-14.zip,202602101146,利尻郡利尻富士町鬼脇字二石,34-3,,
01519-4503-14.zip,202602101146,利尻郡利尻富士町鬼脇字二石,道-123,,
01519-4503-14.zip,202602101146,利尻郡利尻富士町鬼脇字鰊泊,156-4,,
01519-4503-14.zip,202602101146,利尻郡利尻富士町鬼脇字鰊泊,155,,
01519-4503-14.zip,202602101146,利尻郡利尻富士町鬼脇字鰊泊,156-1,,
01519-4503-14.zip,202602101146,利尻郡利尻富士町鬼脇字二石,276-1,,
01519-4503-14.zip,202602101146,利尻郡利尻富士町鬼脇字二石,276-2,,
01519-4503-14.zip,202602101146,利尻郡利尻富士町鬼脇字二石,284-2,,
01519-4503-14.zip,202602101146,利尻郡利尻富士町鬼脇字二石,283-2,,
01519-4503-14.zip,202602101146,利尻郡利尻富士町鬼脇字二石,283-1,,
01519-4503-14.zip,202602101146,利尻郡利尻富士町鬼脇字二石,284-1,,
01519-4503-14.zip,202602101146,利尻郡利尻富士町鬼脇字旭浜,124-3,,
01519-4503-14.zip,202602101146,利尻郡利尻富士町鬼脇字旭浜,126-2,,
01519-4503-14.zip,202602101146,利尻郡利尻富士町鬼脇字旭浜,126-4,,
01519-4503-14.zip,202602101146,利尻郡利尻富士町鬼脇字旭浜,149-4,,
01519-4503-14.zip,202602101146,利尻郡利尻富士町鬼脇字鰊泊,310,,
01519-4503-14.zip,202602101146,利尻郡利尻富士町鬼脇字鰊泊,筆界未定地-3,,
01519-4503-14.zip,202602101146,利尻郡利尻富士町鬼脇字鰊泊,303,,
01519-4503-14.zip,202602101146,利尻郡利尻富士町鬼脇字鰊泊,道-57,,
01519-4503-14.zip,202602101146,利尻郡利尻富士町鬼脇字鰊泊,298,,
01519-4503-14.zip,202602101146,利尻郡利尻富士町鬼脇字鰊泊,315,,
01519-4503-14.zip,202602101146,利尻郡利尻富士町鬼脇字鰊泊,筆界未定地-130,,
01519-4503-14.zip,202602101146,利尻郡利尻富士町鬼脇字鰊泊,筆界未定地-132,,
01519-4503-14.zip,202602101146,利尻郡利尻富士町鬼脇字鰊泊,長狭物不明-3,,
01519-4503-14.zip,202602101146,利尻郡利尻富士町鬼脇字鰊泊,筆界未定地-131,,
01519-4503-14.zip,202602101146,利尻郡利尻富士町鬼脇字鰊泊,318-2,,
01519-4503-14.zip,202602101146,利尻郡利尻富士町鬼脇字鰊泊,318-1,,
01519-4503-14.zip,202602101146,利尻郡利尻富士町鬼脇字鰊泊,313-2,,
01519-4503-14.zip,202602101146,利尻郡利尻富士町鬼脇字鰊泊,313-1,,
01519-4503-14.zip,202602101146,利尻郡利尻富士町鬼脇字鰊泊,312,,
01519-4503-14.zip,202602101146,利尻郡利尻富士町鬼脇字鰊泊,311-1,,
01519-4503-14.zip,202602101146,利尻郡利尻富士町鬼脇字鰊泊,311-2,,
01519-4503-14.zip,202602101146,利尻郡利尻富士町鬼脇字鰊泊,314,,
01519-4503-14.zip,202602101146,利尻郡利尻富士町鬼脇字鰊泊,591,,
01519-4503-14.zip,202602101146,利尻郡利尻富士町鬼脇字鰊泊,水-3-1,,
01519-4503-14.zip,202602101146,利尻郡利尻富士町鬼脇字二石,筆界未定地-5-2,利尻郡利尻富士町鬼脇字二石,418
01519-4503-14.zip,202602101146,利尻郡利尻富士町鬼脇字二石,筆界未定地-5-2,利尻郡利尻富士町鬼脇字二石,419
01519-4503-14.zip,202602101146,利尻郡利尻富士町鬼脇字二石,筆界未定地-5-2,利尻郡利尻富士町鬼脇字二石,無地番-1
01519-4503-14.zip,202602101146,利尻郡利尻富士町鬼脇字旭浜,筆界未定地-72,利尻郡利尻富士町鬼脇字旭浜,無地番-1
01519-4503-14.zip,202602101146,利尻郡利尻富士町鬼脇字旭浜,筆界未定地-72,利尻郡利尻富士町鬼脇字旭浜,無地番-2
01519-4503-14.zip,202602101146,利尻郡利尻富士町鬼脇字旭浜,筆界未定地-72,利尻郡利尻富士町鬼脇字旭浜,道-23
01519-4503-14.zip,202602101146,利尻郡利尻富士町鬼脇字鰊泊,145-8,,
01519-4503-14.zip,202602101146,利尻郡利尻富士町鬼脇字鰊泊,145-9,,
01519-4503-14.zip,202602101146,利尻郡利尻富士町鬼脇字鰊泊,145-1,,
01519-4503-14.zip,202602101146,利尻郡利尻富士町鬼脇字鰊泊,145-10,,
01519-4503-14.zip,202602101146,利尻郡利尻富士町鬼脇字鰊泊,145-2,,
01519-4503-14.zip,202602101146,利尻郡利尻富士町鬼脇字鰊泊,166-6,,
01519-4503-14.zip,202602101146,利尻郡利尻富士町鬼脇字鰊泊,166-2,,
01519-4503-14.zip,202602101146,利尻郡利尻富士町鬼脇字鰊泊,146-2,,
01519-4503-14.zip,202602101146,利尻郡利尻富士町鬼脇字鰊泊,146-8,,
01519-4503-14.zip,202602101146,利尻郡利尻富士町鬼脇字鰊泊,147-1,,
01519-4503-14.zip,202602101146,利尻郡利尻富士町鬼脇字鰊泊,167-1,,
01519-4503-14.zip,202602101146,利尻郡利尻富士町鬼脇字鰊泊,171-1,,
01519-4503-14.zip,202602101146,利尻郡利尻富士町鬼脇字鰊泊,171-3,,
01519-4503-14.zip,202602101146,利尻郡利尻富士町鬼脇字鰊泊,172-4,,
01519-4503-14.zip,202602101146,利尻郡利尻富士町鬼脇字鰊泊,172-1,,
01519-4503-14.zip,202602101146,利尻郡利尻富士町鬼脇字鰊泊,170-4,,
01519-4503-14.zip,202602101146,利尻郡利尻富士町鬼脇字鰊泊,169-2,,
01519-4503-14.zip,202602101146,利尻郡利尻富士町鬼脇字鰊泊,168-2,,
01519-4503-14.zip,202602101146,利尻郡利尻富士町鬼脇字鰊泊,168-1,,
01519-4503-14.zip,202602101146,利尻郡利尻富士町鬼脇字鰊泊,169-1,,
01519-4503-14.zip,202602101146,利尻郡利尻富士町鬼脇字鰊泊,170-1,,
01519-4503-14.zip,202602101146,利尻郡利尻富士町鬼脇字鰊泊,146-1,,
01519-4503-14.zip,202602101146,利尻郡利尻富士町鬼脇字鰊泊,146-9,,
01519-4503-14.zip,202602101146,利尻郡利尻富士町鬼脇字鰊泊,172-3,,
01519-4503-14.zip,202602101146,利尻郡利尻富士町鬼脇字鰊泊,170-2,,
01519-4503-14.zip,202602101146,利尻郡利尻富士町鬼脇字鰊泊,299,,
01519-4503-14.zip,202602101146,利尻郡利尻富士町鬼脇字旭浜,343,,
01519-4503-14.zip,202602101146,利尻郡利尻富士町鬼脇字旭浜,341,,
01519-4503-14.zip,202602101146,利尻郡利尻富士町鬼脇字旭浜,338,,
01519-4503-14.zip,202602101146,利尻郡利尻富士町鬼脇字旭浜,337,,
01519-4503-14.zip,202602101146,利尻郡利尻富士町鬼脇字旭浜,336,,
01519-4503-14.zip,202602101146,利尻郡利尻富士町鬼脇字旭浜,339,,
01519-4503-14.zip,202602101146,利尻郡利尻富士町鬼脇字旭浜,340,,
01519-4503-14.zip,202602101146,利尻郡利尻富士町鬼脇字旭浜,342,,
01519-4503-14.zip,202602101146,利尻郡利尻富士町鬼脇字旭浜,長狭物不明-20,,
01519-4503-14.zip,202602101146,利尻郡利尻富士町鬼脇字旭浜,100,,
01519-4503-14.zip,202602101146,利尻郡利尻富士町鬼脇字旭浜,101,,
01519-4503-14.zip,202602101146,利尻郡利尻富士町鬼脇字旭浜,104,,
01519-4503-14.zip,202602101146,利尻郡利尻富士町鬼脇字旭浜,105,,
01519-4503-14.zip,202602101146,利尻郡利尻富士町鬼脇字鰊泊,593,,
01519-4503-14.zip,202602101146,利尻郡利尻富士町鬼脇字鰊泊,594,,
01519-4503-14.zip,202602101146,利尻郡利尻富士町鬼脇字鰊泊,595,,
01519-4503-14.zip,202602101146,利尻郡利尻富士町鬼脇字鰊泊,115,,
01519-4503-14.zip,202602101146,利尻郡利尻富士町鬼脇字鰊泊,116,,
01519-4503-14.zip,202602101146,利尻郡利尻富士町鬼脇字鰊泊,68-1,,
01519-4503-14.zip,202602101146,利尻郡利尻富士町鬼脇字鰊泊,68-2,,
01519-4503-14.zip,202602101146,利尻郡利尻富士町鬼脇字鰊泊,67-1,,
01519-4503-14.zip,202602101146,利尻郡利尻富士町鬼脇字鰊泊,67-2,,
01519-4503-14.zip,202602101146,利尻郡利尻富士町鬼脇字鰊泊,長狭物不明-13,,
01519-4503-14.zip,202602101146,利尻郡利尻富士町鬼脇字鰊泊,301,,
01519-4503-14.zip,202602101146,利尻郡利尻富士町鬼脇字鰊泊,598,,
01519-4503-14.zip,202602101146,利尻郡利尻富士町鬼脇字鰊泊,596,,
01519-4503-14.zip,202602101146,利尻郡利尻富士町鬼脇字鰊泊,300,,
01519-4503-14.zip,202602101146,利尻郡利尻富士町鬼脇字鰊泊,597,,
01519-4503-14.zip,202602101146,利尻郡利尻富士町鬼脇字鰊泊,144-1,,
01519-4503-14.zip,202602101146,利尻郡利尻富士町鬼脇字鰊泊,144-8,,
01519-4503-14.zip,202602101146,利尻郡利尻富士町鬼脇字鰊泊,144-2,,
01519-4503-14.zip,202602101146,利尻郡利尻富士町鬼脇字鰊泊,144-7,,
01519-4503-14.zip,202602101146,利尻郡利尻富士町鬼脇字鰊泊,112-2,,
01519-4503-14.zip,202602101146,利尻郡利尻富士町鬼脇字鰊泊,112-1,,
01519-4503-14.zip,202602101146,利尻郡利尻富士町鬼脇字鰊泊,600,,
01519-4503-14.zip,202602101146,利尻郡利尻富士町鬼脇字鰊泊,99,,
01519-4503-14.zip,202602101146,利尻郡利尻富士町鬼脇字鰊泊,100-2,,
01519-4503-14.zip,202602101146,利尻郡利尻富士町鬼脇字鰊泊,100-1,,
01519-4503-14.zip,202602101146,利尻郡利尻富士町鬼脇字鰊泊,599,,
01519-4503-14.zip,202602101146,利尻郡利尻富士町鬼脇字鰊泊,91-2,,
01519-4503-14.zip,202602101146,利尻郡利尻富士町鬼脇字鰊泊,91-1,,
01519-4503-14.zip,202602101146,利尻郡利尻富士町鬼脇字鰊泊,90-1,,
01519-4503-14.zip,202602101146,利尻郡利尻富士町鬼脇字鰊泊,90-2,,
01519-4503-14.zip,202602101146,利尻郡利尻富士町鬼脇字鰊泊,92,,
01519-4503-14.zip,202602101146,利尻郡利尻富士町鬼脇字鰊泊,93-1,,
01519-4503-14.zip,202602101146,利尻郡利尻富士町鬼脇字鰊泊,93-2,,
01519-4503-14.zip,202602101146,利尻郡利尻富士町鬼脇字鰊泊,601,,
01519-4503-14.zip,202602101146,利尻郡利尻富士町鬼脇字鰊泊,602,,
01519-4503-14.zip,202602101146,利尻郡利尻富士町鬼脇字鰊泊,147-3,,
01519-4503-14.zip,202602101146,利尻郡利尻富士町鬼脇字鰊泊,147-6,,
01519-4503-14.zip,202602101146,利尻郡利尻富士町鬼脇字鰊泊,166-4,,
01519-4503-14.zip,202602101146,利尻郡利尻富士町鬼脇字鰊泊,146-10,,
01519-4503-14.zip,202602101146,利尻郡利尻富士町鬼脇字鰊泊,146-4,,
01519-4503-14.zip,202602101146,利尻郡利尻富士町鬼脇字鰊泊,166-7,,
01519-4503-14.zip,202602101146,利尻郡利尻富士町鬼脇字鰊泊,97-1,,
01519-4503-14.zip,202602101146,利尻郡利尻富士町鬼脇字鰊泊,97-2,,
01519-4503-14.zip,202602101146,利尻郡利尻富士町鬼脇字鰊泊,98,,
01519-4503-14.zip,202602101146,利尻郡利尻富士町鬼脇字鰊泊,水-6,,
01519-4503-14.zip,202602101146,利尻郡利尻富士町鬼脇字鰊泊,603,,
01519-4503-14.zip,202602101146,利尻郡利尻富士町鬼脇字鰊泊,145-11,,
01519-4503-14.zip,202602101146,利尻郡利尻富士町鬼脇字鰊泊,145-4,,
01519-4503-14.zip,202602101146,利尻郡利尻富士町鬼脇字鰊泊,145-3,,
01519-4503-14.zip,202602101146,利尻郡利尻富士町鬼脇字鰊泊,長狭物不明-10-1,,
01519-4503-14.zip,202602101146,利尻郡利尻富士町鬼脇字鰊泊,606,,
01519-4503-14.zip,202602101146,利尻郡利尻富士町鬼脇字鰊泊,605,,
01519-4503-14.zip,202602101146,利尻郡利尻富士町鬼脇字鰊泊,長狭物不明-12-1,,
01519-4503-14.zip,202602101146,利尻郡利尻富士町鬼脇字鰊泊,604,,
01519-4503-14.zip,202602101146,利尻郡利尻富士町鬼脇字鰊泊,長狭物不明-12-2,,
01519-4503-14.zip,202602101146,利尻郡利尻富士町鬼脇字鰊泊,160-1,,
01519-4503-14.zip,202602101146,利尻郡利尻富士町鬼脇字鰊泊,151-2,,
01519-4503-14.zip,202602101146,利尻郡利尻富士町鬼脇字鰊泊,193-2,,
01519-4503-14.zip,202602101146,利尻郡利尻富士町鬼脇字鰊泊,水-4,,
01519-4503-14.zip,202602101146,利尻郡利尻富士町鬼脇字鰊泊,長狭物不明-12-3,,
01519-4503-14.zip,202602101146,利尻郡利尻富士町鬼脇字鰊泊,607,,
01519-4503-14.zip,202602101146,利尻郡利尻富士町鬼脇字鰊泊,長狭物不明-10-2,,
01519-4503-14.zip,202602101146,利尻郡利尻富士町鬼脇字鰊泊,水-5,,
01519-4503-14.zip,202602101146,利尻郡利尻富士町鬼脇字鰊泊,73-1,,
01519-4503-14.zip,202602101146,利尻郡利尻富士町鬼脇字鰊泊,73-2,,
01519-4503-14.zip,202602101146,利尻郡利尻富士町鬼脇字旭浜,176-3,,
01519-4503-14.zip,202602101146,利尻郡利尻富士町鬼脇字旭浜,176-2,,
01519-4503-14.zip,202602101146,利尻郡利尻富士町鬼脇字旭浜,175,,
01519-4503-14.zip,202602101146,利尻郡利尻富士町鬼脇字旭浜,筆界未定地-75,利尻郡利尻富士町鬼脇字旭浜,182
01519-4503-14.zip,202602101146,利尻郡利尻富士町鬼脇字旭浜,筆界未定地-75,利尻郡利尻富士町鬼脇字旭浜,183
01519-4503-14.zip,202602101146,利尻郡利尻富士町鬼脇字旭浜,筆界未定地-75,利尻郡利尻富士町鬼脇字旭浜,道-26
01519-4503-14.zip,202602101146,利尻郡利尻富士町鬼脇字旭浜,141-1,,
01519-4503-14.zip,202602101146,利尻郡利尻富士町鬼脇字旭浜,140-2,,
01519-4503-14.zip,202602101146,利尻郡利尻富士町鬼脇字旭浜,140-4,,
01519-4503-14.zip,202602101146,利尻郡利尻富士町鬼脇字旭浜,141-3,,
01519-4503-14.zip,202602101146,利尻郡利尻富士町鬼脇字旭浜,142,,
01519-4503-14.zip,202602101146,利尻郡利尻富士町鬼脇字旭浜,141-2,,
01519-4503-14.zip,202602101146,利尻郡利尻富士町鬼脇字旭浜,148-1,,
01519-4503-14.zip,202602101146,利尻郡利尻富士町鬼脇字旭浜,148-2,,
01519-4503-14.zip,202602101146,利尻郡利尻富士町鬼脇字旭浜,140-1,,
01519-4503-14.zip,202602101146,利尻郡利尻富士町鬼脇字旭浜,145,,
01519-4503-14.zip,202602101146,利尻郡利尻富士町鬼脇字旭浜,146,,
01519-4503-14.zip,202602101146,利尻郡利尻富士町鬼脇字旭浜,147,,
01519-4503-14.zip,202602101146,利尻郡利尻富士町鬼脇字旭浜,176-1,,
01519-4503-14.zip,202602101146,利尻郡利尻富士町鬼脇字旭浜,164-1,,
01519-4503-14.zip,202602101146,利尻郡利尻富士町鬼脇字旭浜,164-2,,
01519-4503-14.zip,202602101146,利尻郡利尻富士町鬼脇字旭浜,165,,
01519-4503-14.zip,202602101146,利尻郡利尻富士町鬼脇字鰊泊,79-2,,
01519-4503-14.zip,202602101146,利尻郡利尻富士町鬼脇字鰊泊,79-1,,
01519-4503-14.zip,202602101146,利尻郡利尻富士町鬼脇字旭浜,106-3,,
01519-4503-14.zip,202602101146,利尻郡利尻富士町鬼脇字旭浜,106-1,,
01519-4503-14.zip,202602101146,利尻郡利尻富士町鬼脇字旭浜,123-5,,
01519-4503-14.zip,202602101146,利尻郡利尻富士町鬼脇字旭浜,123-1,,
01519-4503-14.zip,202602101146,利尻郡利尻富士町鬼脇字旭浜,123-6,,
01519-4503-14.zip,202602101146,利尻郡利尻富士町鬼脇字旭浜,123-4,,
01519-4503-14.zip,202602101146,利尻郡利尻富士町鬼脇字旭浜,水-11,,
01519-4503-14.zip,202602101146,利尻郡利尻富士町鬼脇字旭浜,123-7,,
01519-4503-14.zip,202602101146,利尻郡利尻富士町鬼脇字旭浜,123-2,,
01519-4503-14.zip,202602101146,利尻郡利尻富士町鬼脇字旭浜,124-4,,
01519-4503-14.zip,202602101146,利尻郡利尻富士町鬼脇字旭浜,124-2,,
01519-4503-14.zip,202602101146,利尻郡利尻富士町鬼脇字旭浜,137-1,,
01519-4503-14.zip,202602101146,利尻郡利尻富士町鬼脇字旭浜,135-1,,
01519-4503-14.zip,202602101146,利尻郡利尻富士町鬼脇字旭浜,166-2,,
01519-4503-14.zip,202602101146,利尻郡利尻富士町鬼脇字旭浜,166-3,,
01519-4503-14.zip,202602101146,利尻郡利尻富士町鬼脇字旭浜,138-2,,
01519-4503-14.zip,202602101146,利尻郡利尻富士町鬼脇字旭浜,149-8,,
01519-4503-14.zip,202602101146,利尻郡利尻富士町鬼脇字旭浜,149-6,,
01519-4503-14.zip,202602101146,利尻郡利尻富士町鬼脇字旭浜,138-10,,
01519-4503-14.zip,202602101146,利尻郡利尻富士町鬼脇字旭浜,149-9,,
01519-4503-14.zip,202602101146,利尻郡利尻富士町鬼脇字旭浜,149-1,,
01519-4503-14.zip,202602101146,利尻郡利尻富士町鬼脇字旭浜,149-5,,
01519-4503-14.zip,202602101146,利尻郡利尻富士町鬼脇字旭浜,138-11,,
01519-4503-14.zip,202602101146,利尻郡利尻富士町鬼脇字旭浜,138-6,,
01519-4503-14.zip,202602101146,利尻郡利尻富士町鬼脇字旭浜,149-2,,
01519-4503-14.zip,202602101146,利尻郡利尻富士町鬼脇字旭浜,149-7,,
01519-4503-14.zip,202602101146,利尻郡利尻富士町鬼脇字旭浜,166-4,,
01519-4503-14.zip,202602101146,利尻郡利尻富士町鬼脇字旭浜,163-1,,
01519-4503-14.zip,202602101146,利尻郡利尻富士町鬼脇字旭浜,152,,
01519-4503-14.zip,202602101146,利尻郡利尻富士町鬼脇字旭浜,163-2,,
01519-4503-14.zip,202602101146,利尻郡利尻富士町鬼脇字旭浜,162-2,,
01519-4503-14.zip,202602101146,利尻郡利尻富士町鬼脇字旭浜,162-1,,
01519-4503-14.zip,202602101146,利尻郡利尻富士町鬼脇字旭浜,177,,
01519-4503-14.zip,202602101146,利尻郡利尻富士町鬼脇字旭浜,103-3,,
01519-4503-14.zip,202602101146,利尻郡利尻富士町鬼脇字旭浜,103-1,,
01519-4503-14.zip,202602101146,利尻郡利尻富士町鬼脇字旭浜,102,,
01519-4503-14.zip,202602101146,利尻郡利尻富士町鬼脇字旭浜,103-2,,
01519-4503-14.zip,202602101146,利尻郡利尻富士町鬼脇字旭浜,149-10,,
01519-4503-14.zip,202602101146,利尻郡利尻富士町鬼脇字旭浜,149-3,,
01519-4503-14.zip,202602101146,利尻郡利尻富士町鬼脇字旭浜,126-5,,
01519-4503-14.zip,202602101146,利尻郡利尻富士町鬼脇字旭浜,126-3,,
01519-4503-14.zip,202602101146,利尻郡利尻富士町鬼脇字旭浜,筆界未定地-59,利尻郡利尻富士町鬼脇字旭浜,128
01519-4503-14.zip,202602101146,利尻郡利尻富士町鬼脇字旭浜,筆界未定地-59,利尻郡利尻富士町鬼脇字旭浜,129
01519-4503-14.zip,202602101146,利尻郡利尻富士町鬼脇字旭浜,水-10,,
01519-4503-14.zip,202602101146,利尻郡利尻富士町鬼脇字旭浜,125-2,,
01519-4503-14.zip,202602101146,利尻郡利尻富士町鬼脇字旭浜,125-3,,
01519-4503-14.zip,202602101146,利尻郡利尻富士町鬼脇字旭浜,167-1,,
01519-4503-14.zip,202602101146,利尻郡利尻富士町鬼脇字旭浜,167-2,,
01519-4503-14.zip,202602101146,利尻郡利尻富士町鬼脇字旭浜,166-1,,
01519-4503-14.zip,202602101146,利尻郡利尻富士町鬼脇字旭浜,123-3,,
01519-4503-14.zip,202602101146,利尻郡利尻富士町鬼脇字旭浜,123-9,,
01519-4503-14.zip,202602101146,利尻郡利尻富士町鬼脇字旭浜,125-4,,
01519-4503-14.zip,202602101146,利尻郡利尻富士町鬼脇字旭浜,125-1,,
01519-4503-14.zip,202602101146,利尻郡利尻富士町鬼脇字旭浜,123-8,,
01519-4503-14.zip,202602101146,利尻郡利尻富士町鬼脇字鰊泊,筆界未定地-103,,
01519-4503-14.zip,202602101146,利尻郡利尻富士町鬼脇字鰊泊,81-1,,
01519-4503-14.zip,202602101146,利尻郡利尻富士町鬼脇字鰊泊,81-2,,
01519-4503-14.zip,202602101146,利尻郡利尻富士町鬼脇字鰊泊,筆界未定地-92,利尻郡利尻富士町鬼脇字鰊泊,72
01519-4503-14.zip,202602101146,利尻郡利尻富士町鬼脇字鰊泊,筆界未定地-92,利尻郡利尻富士町鬼脇字鰊泊,道-37
01519-4503-14.zip,202602101146,利尻郡利尻富士町鬼脇字鰊泊,82-1,,
01519-4503-14.zip,202602101146,利尻郡利尻富士町鬼脇字鰊泊,82-2,,
01519-4503-14.zip,202602101146,利尻郡利尻富士町鬼脇字鰊泊,道-50,,
01519-4503-14.zip,202602101146,利尻郡利尻富士町鬼脇字鰊泊,80,,
01519-4503-14.zip,202602101146,利尻郡利尻富士町鬼脇字鰊泊,筆界未定地-106,,
01519-4503-14.zip,202602101146,利尻郡利尻富士町鬼脇字鰊泊,608,,
01519-4503-14.zip,202602101146,利尻郡利尻富士町鬼脇字旭浜,137-4,,
01519-4503-14.zip,202602101146,利尻郡利尻富士町鬼脇字旭浜,138-13,,
01519-4503-14.zip,202602101146,利尻郡利尻富士町鬼脇字旭浜,140-5,,
01519-4503-14.zip,202602101146,利尻郡利尻富士町鬼脇字旭浜,139-3,,
01519-4503-14.zip,202602101146,利尻郡利尻富士町鬼脇字旭浜,140-3,,
01519-4503-14.zip,202602101146,利尻郡利尻富士町鬼脇字旭浜,138-8,,
01519-4503-14.zip,202602101146,利尻郡利尻富士町鬼脇字旭浜,139-2,,
01519-4503-14.zip,202602101146,利尻郡利尻富士町鬼脇字旭浜,137-2,,
01519-4503-14.zip,202602101146,利尻郡利尻富士町鬼脇字旭浜,136-3,,
01519-4503-14.zip,202602101146,利尻郡利尻富士町鬼脇字旭浜,136-2,,
01519-4503-14.zip,202602101146,利尻郡利尻富士町鬼脇字旭浜,138-12,,
01519-4503-14.zip,202602101146,利尻郡利尻富士町鬼脇字旭浜,138-4,,
01519-4503-14.zip,202602101146,利尻郡利尻富士町鬼脇字旭浜,137-3,,
01519-4503-15.zip,202602101146,利尻郡利尻富士町鴛泊字栄町,1-2,,
01519-4503-15.zip,202602101146,利尻郡利尻富士町鴛泊字栄町,1-3,,
01519-4503-15.zip,202602101146,利尻郡利尻富士町鴛泊字栄町,2-2,,
01519-4503-15.zip,202602101146,利尻郡利尻富士町鴛泊字栄町,3-2,,
01519-4503-15.zip,202602101146,利尻郡利尻富士町鴛泊字栄町,7-1,,
01519-4503-15.zip,202602101146,利尻郡利尻富士町鴛泊字栄町,7-2,,
01519-4503-15.zip,202602101146,利尻郡利尻富士町鴛泊字栄町,7-3,,
01519-4503-15.zip,202602101146,利尻郡利尻富士町鴛泊字栄町,8-1,,
01519-4503-15.zip,202602101146,利尻郡利尻富士町鴛泊字栄町,8-2,,
01519-4503-15.zip,202602101146,利尻郡利尻富士町鴛泊字栄町,8-3,,
01519-4503-15.zip,202602101146,利尻郡利尻富士町鴛泊字栄町,9,,
01519-4503-15.zip,202602101146,利尻郡利尻富士町鴛泊字栄町,10,,
01519-4503-15.zip,202602101146,利尻郡利尻富士町鴛泊字栄町,11,,
01519-4503-15.zip,202602101146,利尻郡利尻富士町鴛泊字栄町,12,,
01519-4503-15.zip,202602101146,利尻郡利尻富士町鴛泊字栄町,13,,
01519-4503-15.zip,202602101146,利尻郡利尻富士町鴛泊字栄町,14-1,,
01519-4503-15.zip,202602101146,利尻郡利尻富士町鴛泊字栄町,14-2,,
01519-4503-15.zip,202602101146,利尻郡利尻富士町鴛泊字栄町,15-1,,
01519-4503-15.zip,202602101146,利尻郡利尻富士町鴛泊字栄町,15-2,,
01519-4503-15.zip,202602101146,利尻郡利尻富士町鴛泊字栄町,17-2,,
01519-4503-15.zip,202602101146,利尻郡利尻富士町鴛泊字栄町,18-1,,
01519-4503-15.zip,202602101146,利尻郡利尻富士町鴛泊字栄町,18-2,,
01519-4503-15.zip,202602101146,利尻郡利尻富士町鴛泊字栄町,19,,
01519-4503-15.zip,202602101146,利尻郡利尻富士町鴛泊字栄町,20,,
01519-4503-15.zip,202602101146,利尻郡利尻富士町鴛泊字栄町,22-1,,
01519-4503-15.zip,202602101146,利尻郡利尻富士町鴛泊字栄町,22-5,,
01519-4503-15.zip,202602101146,利尻郡利尻富士町鴛泊字栄町,22-6,,
01519-4503-15.zip,202602101146,利尻郡利尻富士町鴛泊字栄町,23-2,,
01519-4503-15.zip,202602101146,利尻郡利尻富士町鴛泊字栄町,24-2,,
01519-4503-15.zip,202602101146,利尻郡利尻富士町鴛泊字栄町,25-3,,
01519-4503-15.zip,202602101146,利尻郡利尻富士町鴛泊字栄町,25-4,,
01519-4503-15.zip,202602101146,利尻郡利尻富士町鴛泊字栄町,26-1,,
01519-4503-15.zip,202602101146,利尻郡利尻富士町鴛泊字栄町,26-2,,
01519-4503-15.zip,202602101146,利尻郡利尻富士町鴛泊字栄町,26-3,,
01519-4503-15.zip,202602101146,利尻郡利尻富士町鴛泊字栄町,27-1,,
01519-4503-15.zip,202602101146,利尻郡利尻富士町鴛泊字栄町,27-2,,
01519-4503-15.zip,202602101146,利尻郡利尻富士町鴛泊字栄町,27-3,,
01519-4503-15.zip,202602101146,利尻郡利尻富士町鴛泊字栄町,27-4,,
01519-4503-15.zip,202602101146,利尻郡利尻富士町鴛泊字栄町,27-5,,
01519-4503-15.zip,202602101146,利尻郡利尻富士町鴛泊字栄町,27-6,,
01519-4503-15.zip,202602101146,利尻郡利尻富士町鴛泊字栄町,27-7,,
01519-4503-15.zip,202602101146,利尻郡利尻富士町鴛泊字栄町,28-1,,
01519-4503-15.zip,202602101146,利尻郡利尻富士町鴛泊字栄町,28-5,,
01519-4503-15.zip,202602101146,利尻郡利尻富士町鴛泊字栄町,28-6,,
01519-4503-15.zip,202602101146,利尻郡利尻富士町鴛泊字栄町,28-9,,
01519-4503-15.zip,202602101146,利尻郡利尻富士町鴛泊字栄町,28-10,,
01519-4503-15.zip,202602101146,利尻郡利尻富士町鴛泊字栄町,31,,
01519-4503-15.zip,202602101146,利尻郡利尻富士町鴛泊字栄町,33-2,,
01519-4503-15.zip,202602101146,利尻郡利尻富士町鴛泊字栄町,33-3,,
01519-4503-15.zip,202602101146,利尻郡利尻富士町鴛泊字栄町,34-1,,
01519-4503-15.zip,202602101146,利尻郡利尻富士町鴛泊字栄町,34-2,,
01519-4503-15.zip,202602101146,利尻郡利尻富士町鴛泊字栄町,34-3,,
01519-4503-15.zip,202602101146,利尻郡利尻富士町鴛泊字栄町,34-4,,
01519-4503-15.zip,202602101146,利尻郡利尻富士町鴛泊字栄町,35,,
01519-4503-15.zip,202602101146,利尻郡利尻富士町鴛泊字栄町,40-6,,
01519-4503-15.zip,202602101146,利尻郡利尻富士町鴛泊字栄町,41-2,,
01519-4503-15.zip,202602101146,利尻郡利尻富士町鴛泊字栄町,42-1,,
01519-4503-15.zip,202602101146,利尻郡利尻富士町鴛泊字栄町,42-2,,
01519-4503-15.zip,202602101146,利尻郡利尻富士町鴛泊字栄町,42-4,,
01519-4503-15.zip,202602101146,利尻郡利尻富士町鴛泊字栄町,43,,
01519-4503-15.zip,202602101146,利尻郡利尻富士町鴛泊字栄町,44-2,,
01519-4503-15.zip,202602101146,利尻郡利尻富士町鴛泊字栄町,47-1,,
01519-4503-15.zip,202602101146,利尻郡利尻富士町鴛泊字栄町,47-2,,
01519-4503-15.zip,202602101146,利尻郡利尻富士町鴛泊字栄町,47-3,,
01519-4503-15.zip,202602101146,利尻郡利尻富士町鴛泊字栄町,47-4,,
01519-4503-15.zip,202602101146,利尻郡利尻富士町鴛泊字栄町,47-5,,
01519-4503-15.zip,202602101146,利尻郡利尻富士町鴛泊字栄町,47-6,,
01519-4503-15.zip,202602101146,利尻郡利尻富士町鴛泊字栄町,47-7,,
01519-4503-15.zip,202602101146,利尻郡利尻富士町鴛泊字栄町,47-8,,
01519-4503-15.zip,202602101146,利尻郡利尻富士町鴛泊字栄町,48-2,,
01519-4503-15.zip,202602101146,利尻郡利尻富士町鴛泊字栄町,48-5,,
01519-4503-15.zip,202602101146,利尻郡利尻富士町鴛泊字栄町,48-7,,
01519-4503-15.zip,202602101146,利尻郡利尻富士町鴛泊字栄町,48-10,,
01519-4503-15.zip,202602101146,利尻郡利尻富士町鴛泊字栄町,48-11,,
01519-4503-15.zip,202602101146,利尻郡利尻富士町鴛泊字栄町,48-12,,
01519-4503-15.zip,202602101146,利尻郡利尻富士町鴛泊字栄町,48-13,,
01519-4503-15.zip,202602101146,利尻郡利尻富士町鴛泊字栄町,48-15,,
01519-4503-15.zip,202602101146,利尻郡利尻富士町鴛泊字栄町,48-16,,
01519-4503-15.zip,202602101146,利尻郡利尻富士町鴛泊字栄町,48-17,,
01519-4503-15.zip,202602101146,利尻郡利尻富士町鴛泊字栄町,48-19,,
01519-4503-15.zip,202602101146,利尻郡利尻富士町鴛泊字栄町,48-21,,
01519-4503-15.zip,202602101146,利尻郡利尻富士町鴛泊字栄町,50-2,,
01519-4503-15.zip,202602101146,利尻郡利尻富士町鴛泊字栄町,54-1,,
01519-4503-15.zip,202602101146,利尻郡利尻富士町鴛泊字栄町,55,,
01519-4503-15.zip,202602101146,利尻郡利尻富士町鴛泊字栄町,56,,
01519-4503-15.zip,202602101146,利尻郡利尻富士町鴛泊字栄町,57,,
01519-4503-15.zip,202602101146,利尻郡利尻富士町鴛泊字栄町,61,,
01519-4503-15.zip,202602101146,利尻郡利尻富士町鴛泊字栄町,62,,
01519-4503-15.zip,202602101146,利尻郡利尻富士町鴛泊字栄町,63,,
01519-4503-15.zip,202602101146,利尻郡利尻富士町鴛泊字栄町,64-1,,
01519-4503-15.zip,202602101146,利尻郡利尻富士町鴛泊字栄町,64-2,,
01519-4503-15.zip,202602101146,利尻郡利尻富士町鴛泊字栄町,65-1,,
01519-4503-15.zip,202602101146,利尻郡利尻富士町鴛泊字栄町,65-2,,
01519-4503-15.zip,202602101146,利尻郡利尻富士町鴛泊字栄町,65-3,,
01519-4503-15.zip,202602101146,利尻郡利尻富士町鴛泊字栄町,65-4,,
01519-4503-15.zip,202602101146,利尻郡利尻富士町鴛泊字栄町,66-1,,
01519-4503-15.zip,202602101146,利尻郡利尻富士町鴛泊字栄町,66-2,,
01519-4503-15.zip,202602101146,利尻郡利尻富士町鴛泊字栄町,68,,
01519-4503-15.zip,202602101146,利尻郡利尻富士町鴛泊字栄町,71,,
01519-4503-15.zip,202602101146,利尻郡利尻富士町鴛泊字栄町,72-1,,
01519-4503-15.zip,202602101146,利尻郡利尻富士町鴛泊字栄町,72-2,,
01519-4503-15.zip,202602101146,利尻郡利尻富士町鴛泊字栄町,72-3,,
01519-4503-15.zip,202602101146,利尻郡利尻富士町鴛泊字栄町,72-4,,
01519-4503-15.zip,202602101146,利尻郡利尻富士町鴛泊字栄町,72-5,,
01519-4503-15.zip,202602101146,利尻郡利尻富士町鴛泊字栄町,72-6,,
01519-4503-15.zip,202602101146,利尻郡利尻富士町鴛泊字栄町,72-7,,
01519-4503-15.zip,202602101146,利尻郡利尻富士町鴛泊字栄町,72-8,,
01519-4503-15.zip,202602101146,利尻郡利尻富士町鴛泊字栄町,72-9,,
01519-4503-15.zip,202602101146,利尻郡利尻富士町鴛泊字栄町,73-1,,
01519-4503-15.zip,202602101146,利尻郡利尻富士町鴛泊字栄町,73-2,,
01519-4503-15.zip,202602101146,利尻郡利尻富士町鴛泊字栄町,74-1,,
01519-4503-15.zip,202602101146,利尻郡利尻富士町鴛泊字栄町,74-2,,
01519-4503-15.zip,202602101146,利尻郡利尻富士町鴛泊字栄町,75-1,,
01519-4503-15.zip,202602101146,利尻郡利尻富士町鴛泊字栄町,75-2,,
01519-4503-15.zip,202602101146,利尻郡利尻富士町鴛泊字栄町,76-1,,
01519-4503-15.zip,202602101146,利尻郡利尻富士町鴛泊字栄町,76-2,,
01519-4503-15.zip,202602101146,利尻郡利尻富士町鴛泊字栄町,76-3,,
01519-4503-15.zip,202602101146,利尻郡利尻富士町鴛泊字栄町,76-4,,
01519-4503-15.zip,202602101146,利尻郡利尻富士町鴛泊字栄町,77-1,,
01519-4503-15.zip,202602101146,利尻郡利尻富士町鴛泊字栄町,77-2,,
01519-4503-15.zip,202602101146,利尻郡利尻富士町鴛泊字栄町,77-3,,
01519-4503-15.zip,202602101146,利尻郡利尻富士町鴛泊字栄町,77-4,,
01519-4503-15.zip,202602101146,利尻郡利尻富士町鴛泊字栄町,78-1,,
01519-4503-15.zip,202602101146,利尻郡利尻富士町鴛泊字栄町,78-2,,
01519-4503-15.zip,202602101146,利尻郡利尻富士町鴛泊字栄町,79-1,,
01519-4503-15.zip,202602101146,利尻郡利尻富士町鴛泊字栄町,79-2,,
01519-4503-15.zip,202602101146,利尻郡利尻富士町鴛泊字栄町,80,,
01519-4503-15.zip,202602101146,利尻郡利尻富士町鴛泊字栄町,81-1,,
01519-4503-15.zip,202602101146,利尻郡利尻富士町鴛泊字栄町,81-2,,
01519-4503-15.zip,202602101146,利尻郡利尻富士町鴛泊字栄町,81-3,,
01519-4503-15.zip,202602101146,利尻郡利尻富士町鴛泊字栄町,82-1,,
01519-4503-15.zip,202602101146,利尻郡利尻富士町鴛泊字栄町,82-2,,
01519-4503-15.zip,202602101146,利尻郡利尻富士町鴛泊字栄町,82-3,,
01519-4503-15.zip,202602101146,利尻郡利尻富士町鴛泊字栄町,82-4,,
01519-4503-15.zip,202602101146,利尻郡利尻富士町鴛泊字栄町,82-5,,
01519-4503-15.zip,202602101146,利尻郡利尻富士町鴛泊字栄町,82-6,,
01519-4503-15.zip,202602101146,利尻郡利尻富士町鴛泊字栄町,82-7,,
01519-4503-15.zip,202602101146,利尻郡利尻富士町鴛泊字栄町,83-1,,
01519-4503-15.zip,202602101146,利尻郡利尻富士町鴛泊字栄町,83-2,,
01519-4503-15.zip,202602101146,利尻郡利尻富士町鴛泊字栄町,84,,
01519-4503-15.zip,202602101146,利尻郡利尻富士町鴛泊字栄町,85,,
01519-4503-15.zip,202602101146,利尻郡利尻富士町鴛泊字栄町,86-1,,
01519-4503-15.zip,202602101146,利尻郡利尻富士町鴛泊字栄町,86-2,,
01519-4503-15.zip,202602101146,利尻郡利尻富士町鴛泊字栄町,86-3,,
01519-4503-15.zip,202602101146,利尻郡利尻富士町鴛泊字栄町,86-4,,
01519-4503-15.zip,202602101146,利尻郡利尻富士町鴛泊字栄町,86-5,,
01519-4503-15.zip,202602101146,利尻郡利尻富士町鴛泊字栄町,86-6,,
01519-4503-15.zip,202602101146,利尻郡利尻富士町鴛泊字栄町,86-7,,
01519-4503-15.zip,202602101146,利尻郡利尻富士町鴛泊字栄町,86-8,,
01519-4503-15.zip,202602101146,利尻郡利尻富士町鴛泊字栄町,86-9,,
01519-4503-15.zip,202602101146,利尻郡利尻富士町鴛泊字栄町,87,,
01519-4503-15.zip,202602101146,利尻郡利尻富士町鴛泊字栄町,88,,
01519-4503-15.zip,202602101146,利尻郡利尻富士町鴛泊字栄町,89,,
01519-4503-15.zip,202602101146,利尻郡利尻富士町鴛泊字栄町,93-1,,
01519-4503-15.zip,202602101146,利尻郡利尻富士町鴛泊字栄町,93-2,,
01519-4503-15.zip,202602101146,利尻郡利尻富士町鴛泊字栄町,93-3,,
01519-4503-15.zip,202602101146,利尻郡利尻富士町鴛泊字栄町,93-4,,
01519-4503-15.zip,202602101146,利尻郡利尻富士町鴛泊字栄町,93-5,,
01519-4503-15.zip,202602101146,利尻郡利尻富士町鴛泊字栄町,93-6,,
01519-4503-15.zip,202602101146,利尻郡利尻富士町鴛泊字栄町,93-7,,
01519-4503-15.zip,202602101146,利尻郡利尻富士町鴛泊字栄町,93-8,,
01519-4503-15.zip,202602101146,利尻郡利尻富士町鴛泊字栄町,93-9,,
01519-4503-15.zip,202602101146,利尻郡利尻富士町鴛泊字栄町,93-10,,
01519-4503-15.zip,202602101146,利尻郡利尻富士町鴛泊字栄町,94,,
01519-4503-15.zip,202602101146,利尻郡利尻富士町鴛泊字栄町,95-1,,
01519-4503-15.zip,202602101146,利尻郡利尻富士町鴛泊字栄町,95-2,,
01519-4503-15.zip,202602101146,利尻郡利尻富士町鴛泊字栄町,95-3,,
01519-4503-15.zip,202602101146,利尻郡利尻富士町鴛泊字栄町,95-4,,
01519-4503-15.zip,202602101146,利尻郡利尻富士町鴛泊字栄町,95-5,,
01519-4503-15.zip,202602101146,利尻郡利尻富士町鴛泊字栄町,95-6,,
01519-4503-15.zip,202602101146,利尻郡利尻富士町鴛泊字栄町,95-7,,
01519-4503-15.zip,202602101146,利尻郡利尻富士町鴛泊字栄町,95-8,,
01519-4503-15.zip,202602101146,利尻郡利尻富士町鴛泊字栄町,96,,
01519-4503-15.zip,202602101146,利尻郡利尻富士町鴛泊字栄町,97-1,,
01519-4503-15.zip,202602101146,利尻郡利尻富士町鴛泊字栄町,97-2,,
01519-4503-15.zip,202602101146,利尻郡利尻富士町鴛泊字栄町,97-3,,
01519-4503-15.zip,202602101146,利尻郡利尻富士町鴛泊字栄町,97-4,,
01519-4503-15.zip,202602101146,利尻郡利尻富士町鴛泊字栄町,97-5,,
01519-4503-15.zip,202602101146,利尻郡利尻富士町鴛泊字栄町,97-6,,
01519-4503-15.zip,202602101146,利尻郡利尻富士町鴛泊字栄町,97-7,,
01519-4503-15.zip,202602101146,利尻郡利尻富士町鴛泊字栄町,97-8,,
01519-4503-15.zip,202602101146,利尻郡利尻富士町鴛泊字栄町,97-9,,
01519-4503-15.zip,202602101146,利尻郡利尻富士町鴛泊字栄町,97-10,,
01519-4503-15.zip,202602101146,利尻郡利尻富士町鴛泊字栄町,97-11,,
01519-4503-15.zip,202602101146,利尻郡利尻富士町鴛泊字栄町,97-12,,
01519-4503-15.zip,202602101146,利尻郡利尻富士町鴛泊字栄町,97-13,,
01519-4503-15.zip,202602101146,利尻郡利尻富士町鴛泊字栄町,97-14,,
01519-4503-15.zip,202602101146,利尻郡利尻富士町鴛泊字栄町,97-15,,
01519-4503-15.zip,202602101146,利尻郡利尻富士町鴛泊字栄町,97-16,,
01519-4503-15.zip,202602101146,利尻郡利尻富士町鴛泊字栄町,97-17,,
01519-4503-15.zip,202602101146,利尻郡利尻富士町鴛泊字栄町,97-18,,
01519-4503-15.zip,202602101146,利尻郡利尻富士町鴛泊字栄町,97-19,,
01519-4503-15.zip,202602101146,利尻郡利尻富士町鴛泊字栄町,97-20,,
01519-4503-15.zip,202602101146,利尻郡利尻富士町鴛泊字栄町,100-1,,
01519-4503-15.zip,202602101146,利尻郡利尻富士町鴛泊字栄町,100-2,,
01519-4503-15.zip,202602101146,利尻郡利尻富士町鴛泊字栄町,101,,
01519-4503-15.zip,202602101146,利尻郡利尻富士町鴛泊字栄町,102,,
01519-4503-15.zip,202602101146,利尻郡利尻富士町鴛泊字栄町,103,,
01519-4503-15.zip,202602101146,利尻郡利尻富士町鴛泊字栄町,104,,
01519-4503-15.zip,202602101146,利尻郡利尻富士町鴛泊字栄町,105,,
01519-4503-15.zip,202602101146,利尻郡利尻富士町鴛泊字栄町,106,,
01519-4503-15.zip,202602101146,利尻郡利尻富士町鴛泊字栄町,107,,
01519-4503-15.zip,202602101146,利尻郡利尻富士町鴛泊字栄町,108,,
01519-4503-15.zip,202602101146,利尻郡利尻富士町鴛泊字栄町,109,,
01519-4503-15.zip,202602101146,利尻郡利尻富士町鴛泊字栄町,111,,
01519-4503-15.zip,202602101146,利尻郡利尻富士町鴛泊字栄町,112-1,,
01519-4503-15.zip,202602101146,利尻郡利尻富士町鴛泊字栄町,112-2,,
01519-4503-15.zip,202602101146,利尻郡利尻富士町鴛泊字栄町,112-3,,
01519-4503-15.zip,202602101146,利尻郡利尻富士町鴛泊字栄町,112-4,,
01519-4503-15.zip,202602101146,利尻郡利尻富士町鴛泊字栄町,112-5,,
01519-4503-15.zip,202602101146,利尻郡利尻富士町鴛泊字栄町,112-6,,
01519-4503-15.zip,202602101146,利尻郡利尻富士町鴛泊字栄町,112-8,,
01519-4503-15.zip,202602101146,利尻郡利尻富士町鴛泊字栄町,112-9,,
01519-4503-15.zip,202602101146,利尻郡利尻富士町鴛泊字栄町,112-10,,
01519-4503-15.zip,202602101146,利尻郡利尻富士町鴛泊字栄町,112-11,,
01519-4503-15.zip,202602101146,利尻郡利尻富士町鴛泊字栄町,112-12,,
01519-4503-15.zip,202602101146,利尻郡利尻富士町鴛泊字栄町,112-13,,
01519-4503-15.zip,202602101146,利尻郡利尻富士町鴛泊字栄町,112-14,,
01519-4503-15.zip,202602101146,利尻郡利尻富士町鴛泊字栄町,119-2,,
01519-4503-15.zip,202602101146,利尻郡利尻富士町鴛泊字栄町,120-1,,
01519-4503-15.zip,202602101146,利尻郡利尻富士町鴛泊字栄町,120-3,,
01519-4503-15.zip,202602101146,利尻郡利尻富士町鴛泊字栄町,121-1,,
01519-4503-15.zip,202602101146,利尻郡利尻富士町鴛泊字栄町,121-2,,
01519-4503-15.zip,202602101146,利尻郡利尻富士町鴛泊字栄町,121-3,,
01519-4503-15.zip,202602101146,利尻郡利尻富士町鴛泊字栄町,121-4,,
01519-4503-15.zip,202602101146,利尻郡利尻富士町鴛泊字栄町,121-5,,
01519-4503-15.zip,202602101146,利尻郡利尻富士町鴛泊字栄町,121-6,,
01519-4503-15.zip,202602101146,利尻郡利尻富士町鴛泊字栄町,121-7,,
01519-4503-15.zip,202602101146,利尻郡利尻富士町鴛泊字栄町,121-10,,
01519-4503-15.zip,202602101146,利尻郡利尻富士町鴛泊字栄町,122-1,,
01519-4503-15.zip,202602101146,利尻郡利尻富士町鴛泊字栄町,123,,
01519-4503-15.zip,202602101146,利尻郡利尻富士町鴛泊字栄町,124,,
01519-4503-15.zip,202602101146,利尻郡利尻富士町鴛泊字栄町,125,,
01519-4503-15.zip,202602101146,利尻郡利尻富士町鴛泊字栄町,126,,
01519-4503-15.zip,202602101146,利尻郡利尻富士町鴛泊字栄町,127-1,,
01519-4503-15.zip,202602101146,利尻郡利尻富士町鴛泊字栄町,128,,
01519-4503-15.zip,202602101146,利尻郡利尻富士町鴛泊字栄町,129-1,,
01519-4503-15.zip,202602101146,利尻郡利尻富士町鴛泊字栄町,129-3,,
01519-4503-15.zip,202602101146,利尻郡利尻富士町鴛泊字栄町,129-4,,
01519-4503-15.zip,202602101146,利尻郡利尻富士町鴛泊字栄町,130,,
01519-4503-15.zip,202602101146,利尻郡利尻富士町鴛泊字栄町,131,,
01519-4503-15.zip,202602101146,利尻郡利尻富士町鴛泊字栄町,132,,
01519-4503-15.zip,202602101146,利尻郡利尻富士町鴛泊字栄町,133,,
01519-4503-15.zip,202602101146,利尻郡利尻富士町鴛泊字栄町,134,,
01519-4503-15.zip,202602101146,利尻郡利尻富士町鴛泊字栄町,135,,
01519-4503-15.zip,202602101146,利尻郡利尻富士町鴛泊字栄町,136-1,,
01519-4503-15.zip,202602101146,利尻郡利尻富士町鴛泊字栄町,136-2,,
01519-4503-15.zip,202602101146,利尻郡利尻富士町鴛泊字栄町,137,,
01519-4503-15.zip,202602101146,利尻郡利尻富士町鴛泊字栄町,138,,
01519-4503-15.zip,202602101146,利尻郡利尻富士町鴛泊字栄町,139,,
01519-4503-15.zip,202602101146,利尻郡利尻富士町鴛泊字栄町,140,,
01519-4503-15.zip,202602101146,利尻郡利尻富士町鴛泊字栄町,141,,
01519-4503-15.zip,202602101146,利尻郡利尻富士町鴛泊字栄町,142,,
01519-4503-15.zip,202602101146,利尻郡利尻富士町鴛泊字栄町,143-1,,
01519-4503-15.zip,202602101146,利尻郡利尻富士町鴛泊字栄町,143-2,,
01519-4503-15.zip,202602101146,利尻郡利尻富士町鴛泊字栄町,144-1,,
01519-4503-15.zip,202602101146,利尻郡利尻富士町鴛泊字栄町,144-3,,
01519-4503-15.zip,202602101146,利尻郡利尻富士町鴛泊字栄町,145-1,,
01519-4503-15.zip,202602101146,利尻郡利尻富士町鴛泊字栄町,145-2,,
01519-4503-15.zip,202602101146,利尻郡利尻富士町鴛泊字栄町,146,,
01519-4503-15.zip,202602101146,利尻郡利尻富士町鴛泊字栄町,147,,
01519-4503-15.zip,202602101146,利尻郡利尻富士町鴛泊字栄町,148,,
01519-4503-15.zip,202602101146,利尻郡利尻富士町鴛泊字栄町,149-1,,
01519-4503-15.zip,202602101146,利尻郡利尻富士町鴛泊字栄町,149-2,,
01519-4503-15.zip,202602101146,利尻郡利尻富士町鴛泊字栄町,150-1,,
01519-4503-15.zip,202602101146,利尻郡利尻富士町鴛泊字栄町,151,,
01519-4503-15.zip,202602101146,利尻郡利尻富士町鴛泊字栄町,152-1,,
01519-4503-15.zip,202602101146,利尻郡利尻富士町鴛泊字栄町,152-3,,
01519-4503-15.zip,202602101146,利尻郡利尻富士町鴛泊字栄町,152-4,,
01519-4503-15.zip,202602101146,利尻郡利尻富士町鴛泊字栄町,152-5,,
01519-4503-15.zip,202602101146,利尻郡利尻富士町鴛泊字栄町,152-6,,
01519-4503-15.zip,202602101146,利尻郡利尻富士町鴛泊字栄町,152-7,,
01519-4503-15.zip,202602101146,利尻郡利尻富士町鴛泊字栄町,153-1,,
01519-4503-15.zip,202602101146,利尻郡利尻富士町鴛泊字栄町,153-2,,
01519-4503-15.zip,202602101146,利尻郡利尻富士町鴛泊字栄町,153-3,,
01519-4503-15.zip,202602101146,利尻郡利尻富士町鴛泊字栄町,153-4,,
01519-4503-15.zip,202602101146,利尻郡利尻富士町鴛泊字栄町,153-5,,
01519-4503-15.zip,202602101146,利尻郡利尻富士町鴛泊字栄町,153-6,,
01519-4503-15.zip,202602101146,利尻郡利尻富士町鴛泊字栄町,153-7,,
01519-4503-15.zip,202602101146,利尻郡利尻富士町鴛泊字栄町,153-8,,
01519-4503-15.zip,202602101146,利尻郡利尻富士町鴛泊字栄町,153-9,,
01519-4503-15.zip,202602101146,利尻郡利尻富士町鴛泊字栄町,153-10,,
01519-4503-15.zip,202602101146,利尻郡利尻富士町鴛泊字栄町,153-11,,
01519-4503-15.zip,202602101146,利尻郡利尻富士町鴛泊字栄町,153-12,,
01519-4503-15.zip,202602101146,利尻郡利尻富士町鴛泊字栄町,153-13,,
01519-4503-15.zip,202602101146,利尻郡利尻富士町鴛泊字栄町,153-14,,
01519-4503-15.zip,202602101146,利尻郡利尻富士町鴛泊字栄町,153-15,,
01519-4503-15.zip,202602101146,利尻郡利尻富士町鴛泊字栄町,153-16,,
01519-4503-15.zip,202602101146,利尻郡利尻富士町鴛泊字栄町,153-17,,
01519-4503-15.zip,202602101146,利尻郡利尻富士町鴛泊字栄町,154-1,,
01519-4503-15.zip,202602101146,利尻郡利尻富士町鴛泊字栄町,154-2,,
01519-4503-15.zip,202602101146,利尻郡利尻富士町鴛泊字栄町,154-3,,
01519-4503-15.zip,202602101146,利尻郡利尻富士町鴛泊字栄町,154-4,,
01519-4503-15.zip,202602101146,利尻郡利尻富士町鴛泊字栄町,154-5,,
01519-4503-15.zip,202602101146,利尻郡利尻富士町鴛泊字栄町,154-6,,
01519-4503-15.zip,202602101146,利尻郡利尻富士町鴛泊字栄町,154-7,,
01519-4503-15.zip,202602101146,利尻郡利尻富士町鴛泊字栄町,154-8,,
01519-4503-15.zip,202602101146,利尻郡利尻富士町鴛泊字栄町,154-9,,
01519-4503-15.zip,202602101146,利尻郡利尻富士町鴛泊字栄町,154-10,,
01519-4503-15.zip,202602101146,利尻郡利尻富士町鴛泊字栄町,154-11,,
01519-4503-15.zip,202602101146,利尻郡利尻富士町鴛泊字栄町,154-12,,
01519-4503-15.zip,202602101146,利尻郡利尻富士町鴛泊字栄町,154-13,,
01519-4503-15.zip,202602101146,利尻郡利尻富士町鴛泊字栄町,154-14,,
01519-4503-15.zip,202602101146,利尻郡利尻富士町鴛泊字栄町,155-1,,
01519-4503-15.zip,202602101146,利尻郡利尻富士町鴛泊字栄町,155-3,,
01519-4503-15.zip,202602101146,利尻郡利尻富士町鴛泊字栄町,156-1,,
01519-4503-15.zip,202602101146,利尻郡利尻富士町鴛泊字栄町,156-2,,
01519-4503-15.zip,202602101146,利尻郡利尻富士町鴛泊字栄町,156-3,,
01519-4503-15.zip,202602101146,利尻郡利尻富士町鴛泊字栄町,156-4,,
01519-4503-15.zip,202602101146,利尻郡利尻富士町鴛泊字栄町,156-5,,
01519-4503-15.zip,202602101146,利尻郡利尻富士町鴛泊字栄町,156-6,,
01519-4503-15.zip,202602101146,利尻郡利尻富士町鴛泊字栄町,156-7,,
01519-4503-15.zip,202602101146,利尻郡利尻富士町鴛泊字栄町,156-8,,
01519-4503-15.zip,202602101146,利尻郡利尻富士町鴛泊字栄町,156-9,,
01519-4503-15.zip,202602101146,利尻郡利尻富士町鴛泊字栄町,156-10,,
01519-4503-15.zip,202602101146,利尻郡利尻富士町鴛泊字栄町,156-11,,
01519-4503-15.zip,202602101146,利尻郡利尻富士町鴛泊字栄町,160-1,,
01519-4503-15.zip,202602101146,利尻郡利尻富士町鴛泊字栄町,160-2,,
01519-4503-15.zip,202602101146,利尻郡利尻富士町鴛泊字栄町,160-3,,
01519-4503-15.zip,202602101146,利尻郡利尻富士町鴛泊字栄町,160-4,,
01519-4503-15.zip,202602101146,利尻郡利尻富士町鴛泊字栄町,160-5,,
01519-4503-15.zip,202602101146,利尻郡利尻富士町鴛泊字栄町,160-6,,
01519-4503-15.zip,202602101146,利尻郡利尻富士町鴛泊字栄町,160-7,,
01519-4503-15.zip,202602101146,利尻郡利尻富士町鴛泊字栄町,160-8,,
01519-4503-15.zip,202602101146,利尻郡利尻富士町鴛泊字栄町,160-9,,
01519-4503-15.zip,202602101146,利尻郡利尻富士町鴛泊字栄町,160-10,,
01519-4503-15.zip,202602101146,利尻郡利尻富士町鴛泊字栄町,160-11,,
01519-4503-15.zip,202602101146,利尻郡利尻富士町鴛泊字栄町,160-12,,
01519-4503-15.zip,202602101146,利尻郡利尻富士町鴛泊字栄町,160-13,,
01519-4503-15.zip,202602101146,利尻郡利尻富士町鴛泊字栄町,160-14,,
01519-4503-15.zip,202602101146,利尻郡利尻富士町鴛泊字栄町,160-15,,
01519-4503-15.zip,202602101146,利尻郡利尻富士町鴛泊字栄町,161-2,,
01519-4503-15.zip,202602101146,利尻郡利尻富士町鴛泊字栄町,161-3,,
01519-4503-15.zip,202602101146,利尻郡利尻富士町鴛泊字栄町,161-4,,
01519-4503-15.zip,202602101146,利尻郡利尻富士町鴛泊字栄町,161-5,,
01519-4503-15.zip,202602101146,利尻郡利尻富士町鴛泊字栄町,165-1,,
01519-4503-15.zip,202602101146,利尻郡利尻富士町鴛泊字栄町,165-2,,
01519-4503-15.zip,202602101146,利尻郡利尻富士町鴛泊字栄町,168-1,,
01519-4503-15.zip,202602101146,利尻郡利尻富士町鴛泊字栄町,168-2,,
01519-4503-15.zip,202602101146,利尻郡利尻富士町鴛泊字栄町,168-3,,
01519-4503-15.zip,202602101146,利尻郡利尻富士町鴛泊字栄町,168-4,,
01519-4503-15.zip,202602101146,利尻郡利尻富士町鴛泊字栄町,168-5,,
01519-4503-15.zip,202602101146,利尻郡利尻富士町鴛泊字栄町,168-6,,
01519-4503-15.zip,202602101146,利尻郡利尻富士町鴛泊字栄町,168-7,,
01519-4503-15.zip,202602101146,利尻郡利尻富士町鴛泊字栄町,168-8,,
01519-4503-15.zip,202602101146,利尻郡利尻富士町鴛泊字栄町,168-9,,
01519-4503-15.zip,202602101146,利尻郡利尻富士町鴛泊字栄町,168-10,,
01519-4503-15.zip,202602101146,利尻郡利尻富士町鴛泊字栄町,168-11,,
01519-4503-15.zip,202602101146,利尻郡利尻富士町鴛泊字栄町,168-12,,
01519-4503-15.zip,202602101146,利尻郡利尻富士町鴛泊字栄町,168-13,,
01519-4503-15.zip,202602101146,利尻郡利尻富士町鴛泊字栄町,168-14,,
01519-4503-15.zip,202602101146,利尻郡利尻富士町鴛泊字栄町,170-1,,
01519-4503-15.zip,202602101146,利尻郡利尻富士町鴛泊字栄町,170-2,,
01519-4503-15.zip,202602101146,利尻郡利尻富士町鴛泊字栄町,170-3,,
01519-4503-15.zip,202602101146,利尻郡利尻富士町鴛泊字栄町,170-4,,
01519-4503-15.zip,202602101146,利尻郡利尻富士町鴛泊字栄町,170-5,,
01519-4503-15.zip,202602101146,利尻郡利尻富士町鴛泊字栄町,171,,
01519-4503-15.zip,202602101146,利尻郡利尻富士町鴛泊字栄町,172,,
01519-4503-15.zip,202602101146,利尻郡利尻富士町鴛泊字栄町,173,,
01519-4503-15.zip,202602101146,利尻郡利尻富士町鴛泊字栄町,174,,
01519-4503-15.zip,202602101146,利尻郡利尻富士町鴛泊字栄町,175,,
01519-4503-15.zip,202602101146,利尻郡利尻富士町鴛泊字栄町,176,,
01519-4503-15.zip,202602101146,利尻郡利尻富士町鴛泊字栄町,177,,
01519-4503-15.zip,202602101146,利尻郡利尻富士町鴛泊字栄町,178,,
01519-4503-15.zip,202602101146,利尻郡利尻富士町鴛泊字栄町,179,,
01519-4503-15.zip,202602101146,利尻郡利尻富士町鴛泊字栄町,180,,
01519-4503-15.zip,202602101146,利尻郡利尻富士町鴛泊字栄町,181,,
01519-4503-15.zip,202602101146,利尻郡利尻富士町鴛泊字栄町,182-1,,
01519-4503-15.zip,202602101146,利尻郡利尻富士町鴛泊字栄町,182-2,,
01519-4503-15.zip,202602101146,利尻郡利尻富士町鴛泊字栄町,183,,
01519-4503-15.zip,202602101146,利尻郡利尻富士町鴛泊字栄町,184,,
01519-4503-15.zip,202602101146,利尻郡利尻富士町鴛泊字栄町,185,,
01519-4503-15.zip,202602101146,利尻郡利尻富士町鴛泊字栄町,186,,
01519-4503-15.zip,202602101146,利尻郡利尻富士町鴛泊字栄町,187-1,,
01519-4503-15.zip,202602101146,利尻郡利尻富士町鴛泊字栄町,187-2,,
01519-4503-15.zip,202602101146,利尻郡利尻富士町鴛泊字栄町,188,,
01519-4503-15.zip,202602101146,利尻郡利尻富士町鴛泊字栄町,189-1,,
01519-4503-15.zip,202602101146,利尻郡利尻富士町鴛泊字栄町,189-2,,
01519-4503-15.zip,202602101146,利尻郡利尻富士町鴛泊字栄町,190,,
01519-4503-15.zip,202602101146,利尻郡利尻富士町鴛泊字栄町,191,,
01519-4503-15.zip,202602101146,利尻郡利尻富士町鴛泊字栄町,192,,
01519-4503-15.zip,202602101146,利尻郡利尻富士町鴛泊字栄町,193,,
01519-4503-15.zip,202602101146,利尻郡利尻富士町鴛泊字栄町,194-1,,
01519-4503-15.zip,202602101146,利尻郡利尻富士町鴛泊字栄町,194-3,,
01519-4503-15.zip,202602101146,利尻郡利尻富士町鴛泊字栄町,194-4,,
01519-4503-15.zip,202602101146,利尻郡利尻富士町鴛泊字栄町,194-6,,
01519-4503-15.zip,202602101146,利尻郡利尻富士町鴛泊字栄町,195-1,,
01519-4503-15.zip,202602101146,利尻郡利尻富士町鴛泊字栄町,196,,
01519-4503-15.zip,202602101146,利尻郡利尻富士町鴛泊字栄町,197-1,,
01519-4503-15.zip,202602101146,利尻郡利尻富士町鴛泊字栄町,197-2,,
01519-4503-15.zip,202602101146,利尻郡利尻富士町鴛泊字栄町,198-1,,
01519-4503-15.zip,202602101146,利尻郡利尻富士町鴛泊字栄町,198-2,,
01519-4503-15.zip,202602101146,利尻郡利尻富士町鴛泊字栄町,199-1,,
01519-4503-15.zip,202602101146,利尻郡利尻富士町鴛泊字栄町,199-2,,
01519-4503-15.zip,202602101146,利尻郡利尻富士町鴛泊字栄町,200-1,,
01519-4503-15.zip,202602101146,利尻郡利尻富士町鴛泊字栄町,200-2,,
01519-4503-15.zip,202602101146,利尻郡利尻富士町鴛泊字栄町,200-3,,
01519-4503-15.zip,202602101146,利尻郡利尻富士町鴛泊字栄町,200-4,,
01519-4503-15.zip,202602101146,利尻郡利尻富士町鴛泊字栄町,200-5,,
01519-4503-15.zip,202602101146,利尻郡利尻富士町鴛泊字栄町,201-1,,
01519-4503-15.zip,202602101146,利尻郡利尻富士町鴛泊字栄町,201-3,,
01519-4503-15.zip,202602101146,利尻郡利尻富士町鴛泊字栄町,201-4,,
01519-4503-15.zip,202602101146,利尻郡利尻富士町鴛泊字栄町,201-5,,
01519-4503-15.zip,202602101146,利尻郡利尻富士町鴛泊字栄町,201-7,,
01519-4503-15.zip,202602101146,利尻郡利尻富士町鴛泊字栄町,201-8,,
01519-4503-15.zip,202602101146,利尻郡利尻富士町鴛泊字栄町,201-9,,
01519-4503-15.zip,202602101146,利尻郡利尻富士町鴛泊字栄町,201-10,,
01519-4503-15.zip,202602101146,利尻郡利尻富士町鴛泊字栄町,201-11,,
01519-4503-15.zip,202602101146,利尻郡利尻富士町鴛泊字栄町,201-12,,
01519-4503-15.zip,202602101146,利尻郡利尻富士町鴛泊字栄町,201-13,,
01519-4503-15.zip,202602101146,利尻郡利尻富士町鴛泊字栄町,205-1,,
01519-4503-15.zip,202602101146,利尻郡利尻富士町鴛泊字栄町,205-2,,
01519-4503-15.zip,202602101146,利尻郡利尻富士町鴛泊字栄町,205-3,,
01519-4503-15.zip,202602101146,利尻郡利尻富士町鴛泊字栄町,205-4,,
01519-4503-15.zip,202602101146,利尻郡利尻富士町鴛泊字栄町,205-5,,
01519-4503-15.zip,202602101146,利尻郡利尻富士町鴛泊字栄町,205-6,,
01519-4503-15.zip,202602101146,利尻郡利尻富士町鴛泊字栄町,205-7,,
01519-4503-15.zip,202602101146,利尻郡利尻富士町鴛泊字栄町,205-8,,
01519-4503-15.zip,202602101146,利尻郡利尻富士町鴛泊字栄町,205-9,,
01519-4503-15.zip,202602101146,利尻郡利尻富士町鴛泊字栄町,205-10,,
01519-4503-15.zip,202602101146,利尻郡利尻富士町鴛泊字栄町,205-11,,
01519-4503-15.zip,202602101146,利尻郡利尻富士町鴛泊字栄町,205-12,,
01519-4503-15.zip,202602101146,利尻郡利尻富士町鴛泊字栄町,205-16,,
01519-4503-15.zip,202602101146,利尻郡利尻富士町鴛泊字栄町,205-17,,
01519-4503-15.zip,202602101146,利尻郡利尻富士町鴛泊字栄町,205-18,,
01519-4503-15.zip,202602101146,利尻郡利尻富士町鴛泊字栄町,205-19,,
01519-4503-15.zip,202602101146,利尻郡利尻富士町鴛泊字栄町,206-1,,
01519-4503-15.zip,202602101146,利尻郡利尻富士町鴛泊字栄町,206-3,,
01519-4503-15.zip,202602101146,利尻郡利尻富士町鴛泊字栄町,207,,
01519-4503-15.zip,202602101146,利尻郡利尻富士町鴛泊字栄町,209-1,,
01519-4503-15.zip,202602101146,利尻郡利尻富士町鴛泊字栄町,209-2,,
01519-4503-15.zip,202602101146,利尻郡利尻富士町鴛泊字栄町,211-1,,
01519-4503-15.zip,202602101146,利尻郡利尻富士町鴛泊字栄町,211-2,,
01519-4503-15.zip,202602101146,利尻郡利尻富士町鴛泊字栄町,212,,
01519-4503-15.zip,202602101146,利尻郡利尻富士町鴛泊字栄町,213,,
01519-4503-15.zip,202602101146,利尻郡利尻富士町鴛泊字栄町,214,,
01519-4503-15.zip,202602101146,利尻郡利尻富士町鴛泊字栄町,215,,
01519-4503-15.zip,202602101146,利尻郡利尻富士町鴛泊字栄町,216,,
01519-4503-15.zip,202602101146,利尻郡利尻富士町鴛泊字栄町,217,,
01519-4503-15.zip,202602101146,利尻郡利尻富士町鴛泊字栄町,218,,
01519-4503-15.zip,202602101146,利尻郡利尻富士町鴛泊字栄町,219,,
01519-4503-15.zip,202602101146,利尻郡利尻富士町鴛泊字栄町,220-1,,
01519-4503-15.zip,202602101146,利尻郡利尻富士町鴛泊字栄町,220-2,,
01519-4503-15.zip,202602101146,利尻郡利尻富士町鴛泊字栄町,221-1,,
01519-4503-15.zip,202602101146,利尻郡利尻富士町鴛泊字栄町,222,,
01519-4503-15.zip,202602101146,利尻郡利尻富士町鴛泊字栄町,223,,
01519-4503-15.zip,202602101146,利尻郡利尻富士町鴛泊字栄町,224-1,,
01519-4503-15.zip,202602101146,利尻郡利尻富士町鴛泊字栄町,224-3,,
01519-4503-15.zip,202602101146,利尻郡利尻富士町鴛泊字栄町,225,,
01519-4503-15.zip,202602101146,利尻郡利尻富士町鴛泊字栄町,227-4,,
01519-4503-15.zip,202602101146,利尻郡利尻富士町鴛泊字栄町,227-5,,
01519-4503-15.zip,202602101146,利尻郡利尻富士町鴛泊字栄町,227-16,,
01519-4503-15.zip,202602101146,利尻郡利尻富士町鴛泊字栄町,227-17,,
01519-4503-15.zip,202602101146,利尻郡利尻富士町鴛泊字栄町,227-18,,
01519-4503-15.zip,202602101146,利尻郡利尻富士町鴛泊字栄町,227-19,,
01519-4503-15.zip,202602101146,利尻郡利尻富士町鴛泊字栄町,227-20,,
01519-4503-15.zip,202602101146,利尻郡利尻富士町鴛泊字栄町,227-21,,
01519-4503-15.zip,202602101146,利尻郡利尻富士町鴛泊字栄町,227-22,,
01519-4503-15.zip,202602101146,利尻郡利尻富士町鴛泊字栄町,227-23,,
01519-4503-15.zip,202602101146,利尻郡利尻富士町鴛泊字栄町,227-24,,
01519-4503-15.zip,202602101146,利尻郡利尻富士町鴛泊字栄町,227-25,,
01519-4503-15.zip,202602101146,利尻郡利尻富士町鴛泊字栄町,227-26,,
01519-4503-15.zip,202602101146,利尻郡利尻富士町鴛泊字栄町,227-27,,
01519-4503-15.zip,202602101146,利尻郡利尻富士町鴛泊字栄町,227-28,,
01519-4503-15.zip,202602101146,利尻郡利尻富士町鴛泊字栄町,227-29,,
01519-4503-15.zip,202602101146,利尻郡利尻富士町鴛泊字栄町,227-30,,
01519-4503-15.zip,202602101146,利尻郡利尻富士町鴛泊字栄町,228,,
01519-4503-15.zip,202602101146,利尻郡利尻富士町鴛泊字栄町,229,,
01519-4503-15.zip,202602101146,利尻郡利尻富士町鴛泊字栄町,262-27,,
01519-4503-15.zip,202602101146,利尻郡利尻富士町鴛泊字栄町,262-28,,
01519-4503-15.zip,202602101146,利尻郡利尻富士町鴛泊字栄町,262-40,,
01519-4503-15.zip,202602101146,利尻郡利尻富士町鴛泊字栄町,262-41,,
01519-4503-15.zip,202602101146,利尻郡利尻富士町鴛泊字栄町,269-1,,
01519-4503-15.zip,202602101146,利尻郡利尻富士町鴛泊字栄町,270,,
01519-4503-15.zip,202602101146,利尻郡利尻富士町鴛泊字栄町,271,,
01519-4503-15.zip,202602101146,利尻郡利尻富士町鴛泊字栄町,272,,
01519-4503-15.zip,202602101146,利尻郡利尻富士町鴛泊字栄町,273,,
01519-4503-15.zip,202602101146,利尻郡利尻富士町鴛泊字栄町,274,,
01519-4503-15.zip,202602101146,利尻郡利尻富士町鴛泊字栄町,276,,
01519-4503-15.zip,202602101146,利尻郡利尻富士町鴛泊字栄町,277,,
01519-4503-15.zip,202602101146,利尻郡利尻富士町鴛泊字栄町,278,,
01519-4503-15.zip,202602101146,利尻郡利尻富士町鴛泊字栄町,279,,
01519-4503-15.zip,202602101146,利尻郡利尻富士町鴛泊字栄町,284-1,,
01519-4503-15.zip,202602101146,利尻郡利尻富士町鴛泊字栄町,288-1,,
01519-4503-15.zip,202602101146,利尻郡利尻富士町鴛泊字栄町,289,,
01519-4503-15.zip,202602101146,利尻郡利尻富士町鴛泊字栄町,303,,
01519-4503-15.zip,202602101146,利尻郡利尻富士町鴛泊字栄町,304,,
01519-4503-15.zip,202602101146,利尻郡利尻富士町鴛泊字栄町,305,,
01519-4503-15.zip,202602101146,利尻郡利尻富士町鴛泊字栄町,306,,
01519-4503-15.zip,202602101146,利尻郡利尻富士町鴛泊字栄町,307,,
01519-4503-15.zip,202602101146,利尻郡利尻富士町鴛泊字栄町,308,,
01519-4503-15.zip,202602101146,利尻郡利尻富士町鴛泊字栄町,309,,
01519-4503-15.zip,202602101146,利尻郡利尻富士町鴛泊字栄町,310,,
01519-4503-15.zip,202602101146,利尻郡利尻富士町鴛泊字栄町,311,,
01519-4503-15.zip,202602101146,利尻郡利尻富士町鴛泊字栄町,315,,
01519-4503-15.zip,202602101146,利尻郡利尻富士町鴛泊字栄町,316,,
01519-4503-15.zip,202602101146,利尻郡利尻富士町鴛泊字栄町,318,,
01519-4503-15.zip,202602101146,利尻郡利尻富士町鴛泊字栄町,319,,
01519-4503-15.zip,202602101146,利尻郡利尻富士町鴛泊字栄町,320,,
01519-4503-15.zip,202602101146,利尻郡利尻富士町鴛泊字栄町,322,,
01519-4503-15.zip,202602101146,利尻郡利尻富士町鴛泊字栄町,323,,
01519-4503-15.zip,202602101146,利尻郡利尻富士町鴛泊字栄町,324,,
01519-4503-15.zip,202602101146,利尻郡利尻富士町鴛泊字栄町,325,,
01519-4503-15.zip,202602101146,利尻郡利尻富士町鴛泊字栄町,326,,
01519-4503-15.zip,202602101146,利尻郡利尻富士町鴛泊字栄町,328,,
01519-4503-15.zip,202602101146,利尻郡利尻富士町鴛泊字栄町,330,,
01519-4503-15.zip,202602101146,利尻郡利尻富士町鴛泊字栄町,331,,
01519-4503-15.zip,202602101146,利尻郡利尻富士町鴛泊字栄町,332,,
01519-4503-15.zip,202602101146,利尻郡利尻富士町鴛泊字栄町,333,,
01519-4503-15.zip,202602101146,利尻郡利尻富士町鴛泊字栄町,336,,
01519-4503-15.zip,202602101146,利尻郡利尻富士町鴛泊字栄町,337,,
01519-4503-15.zip,202602101146,利尻郡利尻富士町鴛泊字栄町,338,,
01519-4503-15.zip,202602101146,利尻郡利尻富士町鴛泊字栄町,339,,
01519-4503-15.zip,202602101146,利尻郡利尻富士町鴛泊字栄町,341,,
01519-4503-15.zip,202602101146,利尻郡利尻富士町鴛泊字栄町,342,,
01519-4503-15.zip,202602101146,利尻郡利尻富士町鴛泊字栄町,343,,
01519-4503-15.zip,202602101146,利尻郡利尻富士町鴛泊字栄町,344,,
01519-4503-15.zip,202602101146,利尻郡利尻富士町鴛泊字栄町,345,,
01519-4503-15.zip,202602101146,利尻郡利尻富士町鴛泊字栄町,346,,
01519-4503-15.zip,202602101146,利尻郡利尻富士町鴛泊字栄町,348,,
01519-4503-15.zip,202602101146,利尻郡利尻富士町鴛泊字栄町,32-1,,
01519-4503-15.zip,202602101146,利尻郡利尻富士町鴛泊字栄町,32-2,,
01519-4503-15.zip,202602101146,利尻郡利尻富士町鴛泊字栄町,33-1,,
01519-4503-15.zip,202602101146,利尻郡利尻富士町鴛泊字栄町,21,,
01519-4503-15.zip,202602101146,利尻郡利尻富士町鴛泊字栄町,119-1,,
01519-4503-15.zip,202602101146,利尻郡利尻富士町鴛泊字栄町,164-3,,
01519-4503-15.zip,202602101146,利尻郡利尻富士町鴛泊字栄町,164-2,,
01519-4503-15.zip,202602101146,利尻郡利尻富士町鴛泊字栄町,164-1,,
01519-4503-15.zip,202602101146,利尻郡利尻富士町鴛泊字栄町,335,,
01519-4503-15.zip,202602101146,利尻郡利尻富士町鴛泊字栄町,163-2,,
01519-4503-15.zip,202602101146,利尻郡利尻富士町鴛泊字栄町,91-2,,
01519-4503-15.zip,202602101146,利尻郡利尻富士町鴛泊字栄町,91-1,,
01519-4503-15.zip,202602101146,利尻郡利尻富士町鴛泊字栄町,92,,
01519-4503-15.zip,202602101146,利尻郡利尻富士町鴛泊字栄町,90,,
01519-4503-15.zip,202602101146,利尻郡利尻富士町鴛泊字栄町,201-6,,
01519-4503-15.zip,202602101146,利尻郡利尻富士町鴛泊字栄町,201-15,,
01519-4503-15.zip,202602101146,利尻郡利尻富士町鴛泊字栄町,317,,
01519-4503-15.zip,202602101146,利尻郡利尻富士町鴛泊字栄町,201-14,,
01519-4503-15.zip,202602101146,利尻郡利尻富士町鴛泊字栄町,201-16,,
01519-4503-15.zip,202602101146,利尻郡利尻富士町鴛泊字栄町,201-2,,
01519-4503-15.zip,202602101146,利尻郡利尻富士町鴛泊字栄町,321,,
01519-4503-15.zip,202602101146,利尻郡利尻富士町鴛泊字栄町,312,,
01519-4503-15.zip,202602101146,利尻郡利尻富士町鴛泊字栄町,313,,
01519-4503-15.zip,202602101146,利尻郡利尻富士町鴛泊字栄町,58-2,,
01519-4503-15.zip,202602101146,利尻郡利尻富士町鴛泊字栄町,58-1,,
01519-4503-15.zip,202602101146,利尻郡利尻富士町鴛泊字栄町,28-15,,
01519-4503-15.zip,202602101146,利尻郡利尻富士町鴛泊字栄町,28-3,,
01519-4503-15.zip,202602101146,利尻郡利尻富士町鴛泊字栄町,40-17,,
01519-4503-15.zip,202602101146,利尻郡利尻富士町鴛泊字栄町,44-12,,
01519-4503-15.zip,202602101146,利尻郡利尻富士町鴛泊字栄町,44-3,,
01519-4503-15.zip,202602101146,利尻郡利尻富士町鴛泊字栄町,49-1,,
01519-4503-15.zip,202602101146,利尻郡利尻富士町鴛泊字栄町,50-1,,
01519-4503-15.zip,202602101146,利尻郡利尻富士町鴛泊字栄町,53-1,,
01519-4503-15.zip,202602101146,利尻郡利尻富士町鴛泊字栄町,53-4,,
01519-4503-15.zip,202602101146,利尻郡利尻富士町鴛泊字栄町,50-3,,
01519-4503-15.zip,202602101146,利尻郡利尻富士町鴛泊字栄町,49-3,,
01519-4503-15.zip,202602101146,利尻郡利尻富士町鴛泊字栄町,54-5,,
01519-4503-15.zip,202602101146,利尻郡利尻富士町鴛泊字栄町,54-2,,
01519-4503-15.zip,202602101146,利尻郡利尻富士町鴛泊字栄町,5-2,,
01519-4503-15.zip,202602101146,利尻郡利尻富士町鴛泊字栄町,5-1,,
01519-4503-15.zip,202602101146,利尻郡利尻富士町鴛泊字栄町,6-1,,
01519-4503-15.zip,202602101146,利尻郡利尻富士町鴛泊字栄町,6-2,,
01519-4503-15.zip,202602101146,利尻郡利尻富士町鴛泊字栄町,349,,
01519-4503-15.zip,202602101146,利尻郡利尻富士町鴛泊字栄町,40-18,,
01519-4503-15.zip,202602101146,利尻郡利尻富士町鴛泊字栄町,22-7,,
01519-4503-15.zip,202602101146,利尻郡利尻富士町鴛泊字栄町,22-2,,
01519-4503-15.zip,202602101146,利尻郡利尻富士町鴛泊字栄町,22-8,,
01519-4503-15.zip,202602101146,利尻郡利尻富士町鴛泊字栄町,22-4,,
01519-4503-15.zip,202602101146,利尻郡利尻富士町鴛泊字栄町,37-2,,
01519-4503-15.zip,202602101146,利尻郡利尻富士町鴛泊字栄町,37-6,,
01519-4503-15.zip,202602101146,利尻郡利尻富士町鴛泊字栄町,48-25,,
01519-4503-15.zip,202602101146,利尻郡利尻富士町鴛泊字栄町,48-14,,
01519-4503-15.zip,202602101146,利尻郡利尻富士町鴛泊字栄町,48-23,,
01519-4503-15.zip,202602101146,利尻郡利尻富士町鴛泊字栄町,48-26,,
01519-4503-15.zip,202602101146,利尻郡利尻富士町鴛泊字栄町,48-24,,
01519-4503-15.zip,202602101146,利尻郡利尻富士町鴛泊字栄町,17-7,,
01519-4503-15.zip,202602101146,利尻郡利尻富士町鴛泊字栄町,17-5,,
01519-4503-15.zip,202602101146,利尻郡利尻富士町鴛泊字栄町,23-1,,
01519-4503-15.zip,202602101146,利尻郡利尻富士町鴛泊字栄町,23-3,,
01519-4503-15.zip,202602101146,利尻郡利尻富士町鴛泊字栄町,28-7,,
01519-4503-15.zip,202602101146,利尻郡利尻富士町鴛泊字栄町,28-16,,
01519-4503-15.zip,202602101146,利尻郡利尻富士町鴛泊字栄町,37-7,,
01519-4503-15.zip,202602101146,利尻郡利尻富士町鴛泊字栄町,37-4,,
01519-4503-15.zip,202602101146,利尻郡利尻富士町鴛泊字栄町,28-13,,
01519-4503-15.zip,202602101146,利尻郡利尻富士町鴛泊字栄町,25-2,,
01519-4503-15.zip,202602101146,利尻郡利尻富士町鴛泊字栄町,25-5,,
01519-4503-15.zip,202602101146,利尻郡利尻富士町鴛泊字栄町,40-19,,
01519-4503-15.zip,202602101146,利尻郡利尻富士町鴛泊字栄町,44-11,,
01519-4503-15.zip,202602101146,利尻郡利尻富士町鴛泊字栄町,28-2,,
01519-4503-15.zip,202602101146,利尻郡利尻富士町鴛泊字栄町,28-17,,
01519-4503-15.zip,202602101146,利尻郡利尻富士町鴛泊字栄町,37-1,,
01519-4503-15.zip,202602101146,利尻郡利尻富士町鴛泊字栄町,37-8,,
01519-4503-15.zip,202602101146,利尻郡利尻富士町鴛泊字栄町,18-3,,
01519-4503-15.zip,202602101146,利尻郡利尻富士町鴛泊字栄町,18-4,,
01519-4503-15.zip,202602101146,利尻郡利尻富士町鴛泊字栄町,40-20,,
01519-4503-15.zip,202602101146,利尻郡利尻富士町鴛泊字栄町,24-1,,
01519-4503-15.zip,202602101146,利尻郡利尻富士町鴛泊字栄町,24-3,,
01519-4503-15.zip,202602101146,利尻郡利尻富士町鴛泊字栄町,25-1,,
01519-4503-15.zip,202602101146,利尻郡利尻富士町鴛泊字栄町,25-6,,
01519-4503-15.zip,202602101146,利尻郡利尻富士町鴛泊字栄町,17-1,,
01519-4503-15.zip,202602101146,利尻郡利尻富士町鴛泊字栄町,17-8,,
01519-4503-15.zip,202602101146,利尻郡利尻富士町鴛泊字栄町,48-3,,
01519-4503-15.zip,202602101146,利尻郡利尻富士町鴛泊字栄町,48-27,,
01519-4503-15.zip,202602101146,利尻郡利尻富士町鴛泊字栄町,1-5,,
01519-4503-15.zip,202602101146,利尻郡利尻富士町鴛泊字栄町,1-4,,
01519-4503-15.zip,202602101146,利尻郡利尻富士町鴛泊字栄町,4-2,,
01519-4503-15.zip,202602101146,利尻郡利尻富士町鴛泊字栄町,16-4,,
01519-4503-15.zip,202602101146,利尻郡利尻富士町鴛泊字栄町,16-2,,
01519-4503-15.zip,202602101146,利尻郡利尻富士町鴛泊字栄町,16-1,,
01519-4503-15.zip,202602101146,利尻郡利尻富士町鴛泊字栄町,16-3,,
01519-4503-15.zip,202602101146,利尻郡利尻富士町鴛泊字栄町,4-1,,
01519-4503-15.zip,202602101146,利尻郡利尻富士町鴛泊字栄町,3-3,,
01519-4503-15.zip,202602101146,利尻郡利尻富士町鴛泊字栄町,3-1,,
01519-4503-15.zip,202602101146,利尻郡利尻富士町鴛泊字栄町,2-3,,
01519-4503-15.zip,202602101146,利尻郡利尻富士町鴛泊字栄町,17-6,,
01519-4503-15.zip,202602101146,利尻郡利尻富士町鴛泊字栄町,17-9,,
01519-4503-15.zip,202602101146,利尻郡利尻富士町鴛泊字栄町,347,,
01519-4503-15.zip,202602101146,利尻郡利尻富士町鴛泊字栄町,22-9,,
01519-4503-15.zip,202602101146,利尻郡利尻富士町鴛泊字栄町,22-3,,
01519-4503-15.zip,202602101146,利尻郡利尻富士町鴛泊字栄町,30-2,,
01519-4503-15.zip,202602101146,利尻郡利尻富士町鴛泊字栄町,30-1,,
01519-4503-15.zip,202602101146,利尻郡利尻富士町鴛泊字栄町,29-2,,
01519-4503-15.zip,202602101146,利尻郡利尻富士町鴛泊字栄町,29-3,,
01519-4503-15.zip,202602101146,利尻郡利尻富士町鴛泊字栄町,17-10,,
01519-4503-15.zip,202602101146,利尻郡利尻富士町鴛泊字栄町,17-3,,
01519-4503-15.zip,202602101146,利尻郡利尻富士町鴛泊字栄町,17-4,,
01519-4503-15.zip,202602101146,利尻郡利尻富士町鴛泊字栄町,17-11,,
01519-4503-15.zip,202602101146,利尻郡利尻富士町鴛泊字栄町,48-31,,
01519-4503-15.zip,202602101146,利尻郡利尻富士町鴛泊字栄町,48-9,,
01519-4503-15.zip,202602101146,利尻郡利尻富士町鴛泊字栄町,48-29,,
01519-4503-15.zip,202602101146,利尻郡利尻富士町鴛泊字栄町,48-30,,
01519-4503-15.zip,202602101146,利尻郡利尻富士町鴛泊字栄町,48-33,,
01519-4503-15.zip,202602101146,利尻郡利尻富士町鴛泊字栄町,48-4,,
01519-4503-15.zip,202602101146,利尻郡利尻富士町鴛泊字栄町,53-2,,
01519-4503-15.zip,202602101146,利尻郡利尻富士町鴛泊字栄町,53-5,,
01519-4503-15.zip,202602101146,利尻郡利尻富士町鴛泊字栄町,48-8,,
01519-4503-15.zip,202602101146,利尻郡利尻富士町鴛泊字栄町,48-22,,
01519-4503-15.zip,202602101146,利尻郡利尻富士町鴛泊字栄町,48-32,,
01519-4503-15.zip,202602101146,利尻郡利尻富士町鴛泊字栄町,48-20,,
01519-4503-15.zip,202602101146,利尻郡利尻富士町鴛泊字栄町,60-2,,
01519-4503-15.zip,202602101146,利尻郡利尻富士町鴛泊字栄町,60-1,,
01519-4503-15.zip,202602101146,利尻郡利尻富士町鴛泊字栄町,334,,
01519-4503-15.zip,202602101146,利尻郡利尻富士町鴛泊字栄町,314-2,,
01519-4503-15.zip,202602101146,利尻郡利尻富士町鴛泊字栄町,205-20,,
01519-4503-15.zip,202602101146,利尻郡利尻富士町鴛泊字栄町,205-14,,
01519-4503-15.zip,202602101146,利尻郡利尻富士町鴛泊字栄町,327,,
01519-4503-15.zip,202602101146,利尻郡利尻富士町鴛泊字栄町,205-13,,
01519-4503-15.zip,202602101146,利尻郡利尻富士町鴛泊字栄町,161-1,,
01519-4503-15.zip,202602101146,利尻郡利尻富士町鴛泊字栄町,161-7,,
01519-4503-15.zip,202602101146,利尻郡利尻富士町鴛泊字栄町,161-8,,
01519-4503-15.zip,202602101146,利尻郡利尻富士町鴛泊字栄町,329,,
01519-4503-15.zip,202602101146,利尻郡利尻富士町鴛泊字栄町,161-6,,
01519-4503-15.zip,202602101146,利尻郡利尻富士町鴛泊字栄町,163-1,,
01519-4503-15.zip,202602101146,利尻郡利尻富士町鴛泊字栄町,36-3,,
01519-4503-15.zip,202602101146,利尻郡利尻富士町鴛泊字栄町,36-1,,
01519-4503-15.zip,202602101146,利尻郡利尻富士町鴛泊字栄町,340,,
01519-4503-15.zip,202602101146,利尻郡利尻富士町鴛泊字栄町,36-2,,
01519-4503-15.zip,202602101146,利尻郡利尻富士町鴛泊字栄町,48-1,,
01519-4503-15.zip,202602101146,利尻郡利尻富士町鴛泊字栄町,48-34,,
01519-4503-15.zip,202602101146,利尻郡利尻富士町鴛泊字栄町,48-28,,
01519-4503-15.zip,202602101146,利尻郡利尻富士町鴛泊字栄町,48-18,,
01519-4503-15.zip,202602101146,利尻郡利尻富士町鴛泊字栄町,1-6,,
01519-4503-15.zip,202602101146,利尻郡利尻富士町鴛泊字栄町,1-1,,
01519-4503-15.zip,202602101146,利尻郡利尻富士町鴛泊字栄町,2-1,,
01519-4503-15.zip,202602101146,利尻郡利尻富士町鴛泊字栄町,40-2,,
01519-4503-15.zip,202602101146,利尻郡利尻富士町鴛泊字栄町,314-1,,
01519-4503-15.zip,202602101146,利尻郡利尻富士町鴛泊字栄町,314-3,,
01519-4503-15.zip,202602101146,利尻郡利尻富士町鴛泊字栄町,41-11,,
01519-4503-15.zip,202602101146,利尻郡利尻富士町鴛泊字栄町,41-1,,
01519-4503-16.zip,202602101146,利尻郡利尻富士町鴛泊字本町,1,,
01519-4503-16.zip,202602101146,利尻郡利尻富士町鴛泊字本町,2-1,,
01519-4503-16.zip,202602101146,利尻郡利尻富士町鴛泊字本町,2-2,,
01519-4503-16.zip,202602101146,利尻郡利尻富士町鴛泊字本町,5-3,,
01519-4503-16.zip,202602101146,利尻郡利尻富士町鴛泊字本町,5-4,,
01519-4503-16.zip,202602101146,利尻郡利尻富士町鴛泊字本町,6-4,,
01519-4503-16.zip,202602101146,利尻郡利尻富士町鴛泊字本町,6-9,,
01519-4503-16.zip,202602101146,利尻郡利尻富士町鴛泊字本町,6-10,,
01519-4503-16.zip,202602101146,利尻郡利尻富士町鴛泊字本町,6-12,,
01519-4503-16.zip,202602101146,利尻郡利尻富士町鴛泊字本町,6-13,,
01519-4503-16.zip,202602101146,利尻郡利尻富士町鴛泊字本町,6-14,,
01519-4503-16.zip,202602101146,利尻郡利尻富士町鴛泊字本町,6-15,,
01519-4503-16.zip,202602101146,利尻郡利尻富士町鴛泊字本町,6-16,,
01519-4503-16.zip,202602101146,利尻郡利尻富士町鴛泊字本町,8-2,,
01519-4503-16.zip,202602101146,利尻郡利尻富士町鴛泊字本町,13-1,,
01519-4503-16.zip,202602101146,利尻郡利尻富士町鴛泊字本町,13-2,,
01519-4503-16.zip,202602101146,利尻郡利尻富士町鴛泊字本町,18,,
01519-4503-16.zip,202602101146,利尻郡利尻富士町鴛泊字本町,27,,
01519-4503-16.zip,202602101146,利尻郡利尻富士町鴛泊字本町,37,,
01519-4503-16.zip,202602101146,利尻郡利尻富士町鴛泊字本町,43,,
01519-4503-16.zip,202602101146,利尻郡利尻富士町鴛泊字本町,45-3,,
01519-4503-16.zip,202602101146,利尻郡利尻富士町鴛泊字本町,45-4,,
01519-4503-16.zip,202602101146,利尻郡利尻富士町鴛泊字本町,45-5,,
01519-4503-16.zip,202602101146,利尻郡利尻富士町鴛泊字本町,45-6,,
01519-4503-16.zip,202602101146,利尻郡利尻富士町鴛泊字本町,47,,
01519-4503-16.zip,202602101146,利尻郡利尻富士町鴛泊字本町,53-1,,
01519-4503-16.zip,202602101146,利尻郡利尻富士町鴛泊字本町,53-2,,
01519-4503-16.zip,202602101146,利尻郡利尻富士町鴛泊字本町,53-3,,
01519-4503-16.zip,202602101146,利尻郡利尻富士町鴛泊字本町,55,,
01519-4503-16.zip,202602101146,利尻郡利尻富士町鴛泊字本町,56,,
01519-4503-16.zip,202602101146,利尻郡利尻富士町鴛泊字本町,57,,
01519-4503-16.zip,202602101146,利尻郡利尻富士町鴛泊字本町,58,,
01519-4503-16.zip,202602101146,利尻郡利尻富士町鴛泊字本町,59,,
01519-4503-16.zip,202602101146,利尻郡利尻富士町鴛泊字本町,140,,
01519-4503-16.zip,202602101146,利尻郡利尻富士町鴛泊字本町,141-1,,
01519-4503-16.zip,202602101146,利尻郡利尻富士町鴛泊字本町,141-2,,
01519-4503-16.zip,202602101146,利尻郡利尻富士町鴛泊字本町,142-1,,
01519-4503-16.zip,202602101146,利尻郡利尻富士町鴛泊字本町,142-2,,
01519-4503-16.zip,202602101146,利尻郡利尻富士町鴛泊字本町,143-1,,
01519-4503-16.zip,202602101146,利尻郡利尻富士町鴛泊字本町,143-2,,
01519-4503-16.zip,202602101146,利尻郡利尻富士町鴛泊字本町,144-1,,
01519-4503-16.zip,202602101146,利尻郡利尻富士町鴛泊字本町,144-2,,
01519-4503-16.zip,202602101146,利尻郡利尻富士町鴛泊字本町,145-1,,
01519-4503-16.zip,202602101146,利尻郡利尻富士町鴛泊字本町,145-2,,
01519-4503-16.zip,202602101146,利尻郡利尻富士町鴛泊字本町,146-1,,
01519-4503-16.zip,202602101146,利尻郡利尻富士町鴛泊字本町,146-2,,
01519-4503-16.zip,202602101146,利尻郡利尻富士町鴛泊字本町,147-1,,
01519-4503-16.zip,202602101146,利尻郡利尻富士町鴛泊字本町,147-2,,
01519-4503-16.zip,202602101146,利尻郡利尻富士町鴛泊字本町,148-1,,
01519-4503-16.zip,202602101146,利尻郡利尻富士町鴛泊字本町,148-2,,
01519-4503-16.zip,202602101146,利尻郡利尻富士町鴛泊字本町,149-1,,
01519-4503-16.zip,202602101146,利尻郡利尻富士町鴛泊字本町,150-1,,
01519-4503-16.zip,202602101146,利尻郡利尻富士町鴛泊字本町,150-2,,
01519-4503-16.zip,202602101146,利尻郡利尻富士町鴛泊字本町,151-1,,
01519-4503-16.zip,202602101146,利尻郡利尻富士町鴛泊字本町,151-2,,
01519-4503-16.zip,202602101146,利尻郡利尻富士町鴛泊字本町,152-2,,
01519-4503-16.zip,202602101146,利尻郡利尻富士町鴛泊字本町,160,,
01519-4503-16.zip,202602101146,利尻郡利尻富士町鴛泊字本町,163,,
01519-4503-16.zip,202602101146,利尻郡利尻富士町鴛泊字港町,28-2,,
01519-4503-16.zip,202602101146,利尻郡利尻富士町鴛泊字港町,28-3,,
01519-4503-16.zip,202602101146,利尻郡利尻富士町鴛泊字港町,34,,
01519-4503-16.zip,202602101146,利尻郡利尻富士町鴛泊字港町,35,,
01519-4503-16.zip,202602101146,利尻郡利尻富士町鴛泊字港町,36-1,,
01519-4503-16.zip,202602101146,利尻郡利尻富士町鴛泊字港町,36-2,,
01519-4503-16.zip,202602101146,利尻郡利尻富士町鴛泊字港町,36-3,,
01519-4503-16.zip,202602101146,利尻郡利尻富士町鴛泊字港町,36-4,,
01519-4503-16.zip,202602101146,利尻郡利尻富士町鴛泊字港町,36-5,,
01519-4503-16.zip,202602101146,利尻郡利尻富士町鴛泊字港町,37,,
01519-4503-16.zip,202602101146,利尻郡利尻富士町鴛泊字港町,38-1,,
01519-4503-16.zip,202602101146,利尻郡利尻富士町鴛泊字港町,38-2,,
01519-4503-16.zip,202602101146,利尻郡利尻富士町鴛泊字港町,39-1,,
01519-4503-16.zip,202602101146,利尻郡利尻富士町鴛泊字港町,39-2,,
01519-4503-16.zip,202602101146,利尻郡利尻富士町鴛泊字港町,40-1,,
01519-4503-16.zip,202602101146,利尻郡利尻富士町鴛泊字港町,40-2,,
01519-4503-16.zip,202602101146,利尻郡利尻富士町鴛泊字港町,41-1,,
01519-4503-16.zip,202602101146,利尻郡利尻富士町鴛泊字港町,41-2,,
01519-4503-16.zip,202602101146,利尻郡利尻富士町鴛泊字港町,41-3,,
01519-4503-16.zip,202602101146,利尻郡利尻富士町鴛泊字港町,41-4,,
01519-4503-16.zip,202602101146,利尻郡利尻富士町鴛泊字港町,42-1,,
01519-4503-16.zip,202602101146,利尻郡利尻富士町鴛泊字港町,42-2,,
01519-4503-16.zip,202602101146,利尻郡利尻富士町鴛泊字港町,42-3,,
01519-4503-16.zip,202602101146,利尻郡利尻富士町鴛泊字港町,42-4,,
01519-4503-16.zip,202602101146,利尻郡利尻富士町鴛泊字港町,43-1,,
01519-4503-16.zip,202602101146,利尻郡利尻富士町鴛泊字港町,43-2,,
01519-4503-16.zip,202602101146,利尻郡利尻富士町鴛泊字港町,44-1,,
01519-4503-16.zip,202602101146,利尻郡利尻富士町鴛泊字港町,44-2,,
01519-4503-16.zip,202602101146,利尻郡利尻富士町鴛泊字港町,45-1,,
01519-4503-16.zip,202602101146,利尻郡利尻富士町鴛泊字港町,45-2,,
01519-4503-16.zip,202602101146,利尻郡利尻富士町鴛泊字港町,46-1,,
01519-4503-16.zip,202602101146,利尻郡利尻富士町鴛泊字港町,46-2,,
01519-4503-16.zip,202602101146,利尻郡利尻富士町鴛泊字港町,47-1,,
01519-4503-16.zip,202602101146,利尻郡利尻富士町鴛泊字港町,47-2,,
01519-4503-16.zip,202602101146,利尻郡利尻富士町鴛泊字港町,47-3,,
01519-4503-16.zip,202602101146,利尻郡利尻富士町鴛泊字港町,47-4,,
01519-4503-16.zip,202602101146,利尻郡利尻富士町鴛泊字港町,47-5,,
01519-4503-16.zip,202602101146,利尻郡利尻富士町鴛泊字港町,47-6,,
01519-4503-16.zip,202602101146,利尻郡利尻富士町鴛泊字港町,47-7,,
01519-4503-16.zip,202602101146,利尻郡利尻富士町鴛泊字港町,49-1,,
01519-4503-16.zip,202602101146,利尻郡利尻富士町鴛泊字港町,49-2,,
01519-4503-16.zip,202602101146,利尻郡利尻富士町鴛泊字港町,49-3,,
01519-4503-16.zip,202602101146,利尻郡利尻富士町鴛泊字港町,50-1,,
01519-4503-16.zip,202602101146,利尻郡利尻富士町鴛泊字港町,50-2,,
01519-4503-16.zip,202602101146,利尻郡利尻富士町鴛泊字港町,51-1,,
01519-4503-16.zip,202602101146,利尻郡利尻富士町鴛泊字港町,51-2,,
01519-4503-16.zip,202602101146,利尻郡利尻富士町鴛泊字港町,51-3,,
01519-4503-16.zip,202602101146,利尻郡利尻富士町鴛泊字港町,51-4,,
01519-4503-16.zip,202602101146,利尻郡利尻富士町鴛泊字港町,51-5,,
01519-4503-16.zip,202602101146,利尻郡利尻富士町鴛泊字港町,51-6,,
01519-4503-16.zip,202602101146,利尻郡利尻富士町鴛泊字港町,51-7,,
01519-4503-16.zip,202602101146,利尻郡利尻富士町鴛泊字港町,52-2,,
01519-4503-16.zip,202602101146,利尻郡利尻富士町鴛泊字港町,52-3,,
01519-4503-16.zip,202602101146,利尻郡利尻富士町鴛泊字港町,52-4,,
01519-4503-16.zip,202602101146,利尻郡利尻富士町鴛泊字港町,53-2,,
01519-4503-16.zip,202602101146,利尻郡利尻富士町鴛泊字港町,53-4,,
01519-4503-16.zip,202602101146,利尻郡利尻富士町鴛泊字港町,54-1,,
01519-4503-16.zip,202602101146,利尻郡利尻富士町鴛泊字港町,54-4,,
01519-4503-16.zip,202602101146,利尻郡利尻富士町鴛泊字港町,54-5,,
01519-4503-16.zip,202602101146,利尻郡利尻富士町鴛泊字港町,54-6,,
01519-4503-16.zip,202602101146,利尻郡利尻富士町鴛泊字港町,56-2,,
01519-4503-16.zip,202602101146,利尻郡利尻富士町鴛泊字港町,58,,
01519-4503-16.zip,202602101146,利尻郡利尻富士町鴛泊字港町,59-2,,
01519-4503-16.zip,202602101146,利尻郡利尻富士町鴛泊字港町,60,,
01519-4503-16.zip,202602101146,利尻郡利尻富士町鴛泊字港町,61-1,,
01519-4503-16.zip,202602101146,利尻郡利尻富士町鴛泊字港町,61-2,,
01519-4503-16.zip,202602101146,利尻郡利尻富士町鴛泊字港町,62-2,,
01519-4503-16.zip,202602101146,利尻郡利尻富士町鴛泊字港町,63-1,,
01519-4503-16.zip,202602101146,利尻郡利尻富士町鴛泊字港町,63-2,,
01519-4503-16.zip,202602101146,利尻郡利尻富士町鴛泊字港町,64,,
01519-4503-16.zip,202602101146,利尻郡利尻富士町鴛泊字港町,65-1,,
01519-4503-16.zip,202602101146,利尻郡利尻富士町鴛泊字港町,65-2,,
01519-4503-16.zip,202602101146,利尻郡利尻富士町鴛泊字港町,66-1,,
01519-4503-16.zip,202602101146,利尻郡利尻富士町鴛泊字港町,66-2,,
01519-4503-16.zip,202602101146,利尻郡利尻富士町鴛泊字港町,66-3,,
01519-4503-16.zip,202602101146,利尻郡利尻富士町鴛泊字港町,69-1,,
01519-4503-16.zip,202602101146,利尻郡利尻富士町鴛泊字港町,69-2,,
01519-4503-16.zip,202602101146,利尻郡利尻富士町鴛泊字港町,70,,
01519-4503-16.zip,202602101146,利尻郡利尻富士町鴛泊字港町,71-1,,
01519-4503-16.zip,202602101146,利尻郡利尻富士町鴛泊字港町,71-2,,
01519-4503-16.zip,202602101146,利尻郡利尻富士町鴛泊字港町,72-1,,
01519-4503-16.zip,202602101146,利尻郡利尻富士町鴛泊字港町,72-2,,
01519-4503-16.zip,202602101146,利尻郡利尻富士町鴛泊字港町,72-3,,
01519-4503-16.zip,202602101146,利尻郡利尻富士町鴛泊字港町,73-1,,
01519-4503-16.zip,202602101146,利尻郡利尻富士町鴛泊字港町,73-2,,
01519-4503-16.zip,202602101146,利尻郡利尻富士町鴛泊字港町,74-2,,
01519-4503-16.zip,202602101146,利尻郡利尻富士町鴛泊字港町,75-1,,
01519-4503-16.zip,202602101146,利尻郡利尻富士町鴛泊字港町,75-2,,
01519-4503-16.zip,202602101146,利尻郡利尻富士町鴛泊字港町,75-3,,
01519-4503-16.zip,202602101146,利尻郡利尻富士町鴛泊字港町,75-4,,
01519-4503-16.zip,202602101146,利尻郡利尻富士町鴛泊字港町,75-5,,
01519-4503-16.zip,202602101146,利尻郡利尻富士町鴛泊字港町,75-6,,
01519-4503-16.zip,202602101146,利尻郡利尻富士町鴛泊字港町,76-1,,
01519-4503-16.zip,202602101146,利尻郡利尻富士町鴛泊字港町,76-3,,
01519-4503-16.zip,202602101146,利尻郡利尻富士町鴛泊字港町,76-4,,
01519-4503-16.zip,202602101146,利尻郡利尻富士町鴛泊字港町,76-5,,
01519-4503-16.zip,202602101146,利尻郡利尻富士町鴛泊字港町,76-6,,
01519-4503-16.zip,202602101146,利尻郡利尻富士町鴛泊字港町,76-7,,
01519-4503-16.zip,202602101146,利尻郡利尻富士町鴛泊字港町,76-8,,
01519-4503-16.zip,202602101146,利尻郡利尻富士町鴛泊字港町,77,,
01519-4503-16.zip,202602101146,利尻郡利尻富士町鴛泊字港町,78-1,,
01519-4503-16.zip,202602101146,利尻郡利尻富士町鴛泊字港町,78-2,,
01519-4503-16.zip,202602101146,利尻郡利尻富士町鴛泊字港町,78-3,,
01519-4503-16.zip,202602101146,利尻郡利尻富士町鴛泊字港町,78-4,,
01519-4503-16.zip,202602101146,利尻郡利尻富士町鴛泊字港町,78-5,,
01519-4503-16.zip,202602101146,利尻郡利尻富士町鴛泊字港町,78-6,,
01519-4503-16.zip,202602101146,利尻郡利尻富士町鴛泊字港町,79,,
01519-4503-16.zip,202602101146,利尻郡利尻富士町鴛泊字港町,80-1,,
01519-4503-16.zip,202602101146,利尻郡利尻富士町鴛泊字港町,80-2,,
01519-4503-16.zip,202602101146,利尻郡利尻富士町鴛泊字港町,80-3,,
01519-4503-16.zip,202602101146,利尻郡利尻富士町鴛泊字港町,81-1,,
01519-4503-16.zip,202602101146,利尻郡利尻富士町鴛泊字港町,81-2,,
01519-4503-16.zip,202602101146,利尻郡利尻富士町鴛泊字港町,81-3,,
01519-4503-16.zip,202602101146,利尻郡利尻富士町鴛泊字港町,81-4,,
01519-4503-16.zip,202602101146,利尻郡利尻富士町鴛泊字港町,81-5,,
01519-4503-16.zip,202602101146,利尻郡利尻富士町鴛泊字港町,81-6,,
01519-4503-16.zip,202602101146,利尻郡利尻富士町鴛泊字港町,81-7,,
01519-4503-16.zip,202602101146,利尻郡利尻富士町鴛泊字港町,81-8,,
01519-4503-16.zip,202602101146,利尻郡利尻富士町鴛泊字港町,82-1,,
01519-4503-16.zip,202602101146,利尻郡利尻富士町鴛泊字港町,82-2,,
01519-4503-16.zip,202602101146,利尻郡利尻富士町鴛泊字港町,82-3,,
01519-4503-16.zip,202602101146,利尻郡利尻富士町鴛泊字港町,82-4,,
01519-4503-16.zip,202602101146,利尻郡利尻富士町鴛泊字港町,82-5,,
01519-4503-16.zip,202602101146,利尻郡利尻富士町鴛泊字港町,83,,
01519-4503-16.zip,202602101146,利尻郡利尻富士町鴛泊字港町,84-1,,
01519-4503-16.zip,202602101146,利尻郡利尻富士町鴛泊字港町,84-2,,
01519-4503-16.zip,202602101146,利尻郡利尻富士町鴛泊字港町,85,,
01519-4503-16.zip,202602101146,利尻郡利尻富士町鴛泊字港町,86-1,,
01519-4503-16.zip,202602101146,利尻郡利尻富士町鴛泊字港町,86-2,,
01519-4503-16.zip,202602101146,利尻郡利尻富士町鴛泊字港町,86-3,,
01519-4503-16.zip,202602101146,利尻郡利尻富士町鴛泊字港町,86-4,,
01519-4503-16.zip,202602101146,利尻郡利尻富士町鴛泊字港町,87-1,,
01519-4503-16.zip,202602101146,利尻郡利尻富士町鴛泊字港町,87-2,,
01519-4503-16.zip,202602101146,利尻郡利尻富士町鴛泊字港町,87-3,,
01519-4503-16.zip,202602101146,利尻郡利尻富士町鴛泊字港町,88-1,,
01519-4503-16.zip,202602101146,利尻郡利尻富士町鴛泊字港町,88-3,,
01519-4503-16.zip,202602101146,利尻郡利尻富士町鴛泊字港町,88-5,,
01519-4503-16.zip,202602101146,利尻郡利尻富士町鴛泊字港町,89-1,,
01519-4503-16.zip,202602101146,利尻郡利尻富士町鴛泊字港町,91,,
01519-4503-16.zip,202602101146,利尻郡利尻富士町鴛泊字港町,92,,
01519-4503-16.zip,202602101146,利尻郡利尻富士町鴛泊字港町,93,,
01519-4503-16.zip,202602101146,利尻郡利尻富士町鴛泊字港町,94,,
01519-4503-16.zip,202602101146,利尻郡利尻富士町鴛泊字港町,95-1,,
01519-4503-16.zip,202602101146,利尻郡利尻富士町鴛泊字港町,95-2,,
01519-4503-16.zip,202602101146,利尻郡利尻富士町鴛泊字港町,95-3,,
01519-4503-16.zip,202602101146,利尻郡利尻富士町鴛泊字港町,95-4,,
01519-4503-16.zip,202602101146,利尻郡利尻富士町鴛泊字港町,95-5,,
01519-4503-16.zip,202602101146,利尻郡利尻富士町鴛泊字港町,95-6,,
01519-4503-16.zip,202602101146,利尻郡利尻富士町鴛泊字港町,95-7,,
01519-4503-16.zip,202602101146,利尻郡利尻富士町鴛泊字港町,95-8,,
01519-4503-16.zip,202602101146,利尻郡利尻富士町鴛泊字港町,95-9,,
01519-4503-16.zip,202602101146,利尻郡利尻富士町鴛泊字港町,96,,
01519-4503-16.zip,202602101146,利尻郡利尻富士町鴛泊字港町,97,,
01519-4503-16.zip,202602101146,利尻郡利尻富士町鴛泊字港町,98,,
01519-4503-16.zip,202602101146,利尻郡利尻富士町鴛泊字港町,99-1,,
01519-4503-16.zip,202602101146,利尻郡利尻富士町鴛泊字港町,99-2,,
01519-4503-16.zip,202602101146,利尻郡利尻富士町鴛泊字港町,99-3,,
01519-4503-16.zip,202602101146,利尻郡利尻富士町鴛泊字港町,99-4,,
01519-4503-16.zip,202602101146,利尻郡利尻富士町鴛泊字港町,99-5,,
01519-4503-16.zip,202602101146,利尻郡利尻富士町鴛泊字港町,99-6,,
01519-4503-16.zip,202602101146,利尻郡利尻富士町鴛泊字港町,99-7,,
01519-4503-16.zip,202602101146,利尻郡利尻富士町鴛泊字港町,100-1,,
01519-4503-16.zip,202602101146,利尻郡利尻富士町鴛泊字港町,100-2,,
01519-4503-16.zip,202602101146,利尻郡利尻富士町鴛泊字港町,100-3,,
01519-4503-16.zip,202602101146,利尻郡利尻富士町鴛泊字港町,101-1,,
01519-4503-16.zip,202602101146,利尻郡利尻富士町鴛泊字港町,101-2,,
01519-4503-16.zip,202602101146,利尻郡利尻富士町鴛泊字港町,102-1,,
01519-4503-16.zip,202602101146,利尻郡利尻富士町鴛泊字港町,102-2,,
01519-4503-16.zip,202602101146,利尻郡利尻富士町鴛泊字港町,102-3,,
01519-4503-16.zip,202602101146,利尻郡利尻富士町鴛泊字港町,103,,
01519-4503-16.zip,202602101146,利尻郡利尻富士町鴛泊字港町,104,,
01519-4503-16.zip,202602101146,利尻郡利尻富士町鴛泊字港町,105,,
01519-4503-16.zip,202602101146,利尻郡利尻富士町鴛泊字港町,106,,
01519-4503-16.zip,202602101146,利尻郡利尻富士町鴛泊字港町,107,,
01519-4503-16.zip,202602101146,利尻郡利尻富士町鴛泊字港町,108,,
01519-4503-16.zip,202602101146,利尻郡利尻富士町鴛泊字港町,109-1,,
01519-4503-16.zip,202602101146,利尻郡利尻富士町鴛泊字港町,109-2,,
01519-4503-16.zip,202602101146,利尻郡利尻富士町鴛泊字港町,109-3,,
01519-4503-16.zip,202602101146,利尻郡利尻富士町鴛泊字港町,110-1,,
01519-4503-16.zip,202602101146,利尻郡利尻富士町鴛泊字港町,111,,
01519-4503-16.zip,202602101146,利尻郡利尻富士町鴛泊字港町,112-1,,
01519-4503-16.zip,202602101146,利尻郡利尻富士町鴛泊字港町,112-2,,
01519-4503-16.zip,202602101146,利尻郡利尻富士町鴛泊字港町,112-3,,
01519-4503-16.zip,202602101146,利尻郡利尻富士町鴛泊字港町,113-1,,
01519-4503-16.zip,202602101146,利尻郡利尻富士町鴛泊字港町,113-2,,
01519-4503-16.zip,202602101146,利尻郡利尻富士町鴛泊字港町,113-3,,
01519-4503-16.zip,202602101146,利尻郡利尻富士町鴛泊字港町,113-4,,
01519-4503-16.zip,202602101146,利尻郡利尻富士町鴛泊字港町,113-5,,
01519-4503-16.zip,202602101146,利尻郡利尻富士町鴛泊字港町,113-6,,
01519-4503-16.zip,202602101146,利尻郡利尻富士町鴛泊字港町,113-7,,
01519-4503-16.zip,202602101146,利尻郡利尻富士町鴛泊字港町,113-8,,
01519-4503-16.zip,202602101146,利尻郡利尻富士町鴛泊字港町,114-4,,
01519-4503-16.zip,202602101146,利尻郡利尻富士町鴛泊字港町,114-5,,
01519-4503-16.zip,202602101146,利尻郡利尻富士町鴛泊字港町,114-7,,
01519-4503-16.zip,202602101146,利尻郡利尻富士町鴛泊字港町,115-1,,
01519-4503-16.zip,202602101146,利尻郡利尻富士町鴛泊字港町,115-3,,
01519-4503-16.zip,202602101146,利尻郡利尻富士町鴛泊字港町,115-4,,
01519-4503-16.zip,202602101146,利尻郡利尻富士町鴛泊字港町,115-5,,
01519-4503-16.zip,202602101146,利尻郡利尻富士町鴛泊字港町,115-6,,
01519-4503-16.zip,202602101146,利尻郡利尻富士町鴛泊字港町,115-7,,
01519-4503-16.zip,202602101146,利尻郡利尻富士町鴛泊字港町,116-2,,
01519-4503-16.zip,202602101146,利尻郡利尻富士町鴛泊字港町,116-6,,
01519-4503-16.zip,202602101146,利尻郡利尻富士町鴛泊字港町,116-8,,
01519-4503-16.zip,202602101146,利尻郡利尻富士町鴛泊字港町,116-9,,
01519-4503-16.zip,202602101146,利尻郡利尻富士町鴛泊字港町,116-10,,
01519-4503-16.zip,202602101146,利尻郡利尻富士町鴛泊字港町,116-11,,
01519-4503-16.zip,202602101146,利尻郡利尻富士町鴛泊字港町,116-13,,
01519-4503-16.zip,202602101146,利尻郡利尻富士町鴛泊字港町,116-14,,
01519-4503-16.zip,202602101146,利尻郡利尻富士町鴛泊字港町,116-15,,
01519-4503-16.zip,202602101146,利尻郡利尻富士町鴛泊字港町,117-2,,
01519-4503-16.zip,202602101146,利尻郡利尻富士町鴛泊字港町,117-4,,
01519-4503-16.zip,202602101146,利尻郡利尻富士町鴛泊字港町,117-6,,
01519-4503-16.zip,202602101146,利尻郡利尻富士町鴛泊字港町,117-7,,
01519-4503-16.zip,202602101146,利尻郡利尻富士町鴛泊字港町,118-2,,
01519-4503-16.zip,202602101146,利尻郡利尻富士町鴛泊字港町,118-3,,
01519-4503-16.zip,202602101146,利尻郡利尻富士町鴛泊字港町,118-4,,
01519-4503-16.zip,202602101146,利尻郡利尻富士町鴛泊字港町,119-2,,
01519-4503-16.zip,202602101146,利尻郡利尻富士町鴛泊字港町,120-2,,
01519-4503-16.zip,202602101146,利尻郡利尻富士町鴛泊字港町,121-1,,
01519-4503-16.zip,202602101146,利尻郡利尻富士町鴛泊字港町,121-2,,
01519-4503-16.zip,202602101146,利尻郡利尻富士町鴛泊字港町,122-1,,
01519-4503-16.zip,202602101146,利尻郡利尻富士町鴛泊字港町,122-2,,
01519-4503-16.zip,202602101146,利尻郡利尻富士町鴛泊字港町,123-2,,
01519-4503-16.zip,202602101146,利尻郡利尻富士町鴛泊字港町,124,,
01519-4503-16.zip,202602101146,利尻郡利尻富士町鴛泊字港町,126-1,,
01519-4503-16.zip,202602101146,利尻郡利尻富士町鴛泊字港町,126-2,,
01519-4503-16.zip,202602101146,利尻郡利尻富士町鴛泊字港町,126-3,,
01519-4503-16.zip,202602101146,利尻郡利尻富士町鴛泊字港町,128,,
01519-4503-16.zip,202602101146,利尻郡利尻富士町鴛泊字港町,129,,
01519-4503-16.zip,202602101146,利尻郡利尻富士町鴛泊字港町,130-1,,
01519-4503-16.zip,202602101146,利尻郡利尻富士町鴛泊字港町,130-2,,
01519-4503-16.zip,202602101146,利尻郡利尻富士町鴛泊字港町,130-3,,
01519-4503-16.zip,202602101146,利尻郡利尻富士町鴛泊字港町,130-4,,
01519-4503-16.zip,202602101146,利尻郡利尻富士町鴛泊字港町,130-5,,
01519-4503-16.zip,202602101146,利尻郡利尻富士町鴛泊字港町,131-1,,
01519-4503-16.zip,202602101146,利尻郡利尻富士町鴛泊字港町,131-2,,
01519-4503-16.zip,202602101146,利尻郡利尻富士町鴛泊字港町,131-3,,
01519-4503-16.zip,202602101146,利尻郡利尻富士町鴛泊字港町,131-4,,
01519-4503-16.zip,202602101146,利尻郡利尻富士町鴛泊字港町,131-5,,
01519-4503-16.zip,202602101146,利尻郡利尻富士町鴛泊字港町,131-6,,
01519-4503-16.zip,202602101146,利尻郡利尻富士町鴛泊字港町,131-8,,
01519-4503-16.zip,202602101146,利尻郡利尻富士町鴛泊字港町,131-9,,
01519-4503-16.zip,202602101146,利尻郡利尻富士町鴛泊字港町,131-10,,
01519-4503-16.zip,202602101146,利尻郡利尻富士町鴛泊字港町,131-11,,
01519-4503-16.zip,202602101146,利尻郡利尻富士町鴛泊字港町,131-12,,
01519-4503-16.zip,202602101146,利尻郡利尻富士町鴛泊字港町,131-13,,
01519-4503-16.zip,202602101146,利尻郡利尻富士町鴛泊字港町,131-15,,
01519-4503-16.zip,202602101146,利尻郡利尻富士町鴛泊字港町,131-17,,
01519-4503-16.zip,202602101146,利尻郡利尻富士町鴛泊字港町,132,,
01519-4503-16.zip,202602101146,利尻郡利尻富士町鴛泊字港町,133,,
01519-4503-16.zip,202602101146,利尻郡利尻富士町鴛泊字港町,134-1,,
01519-4503-16.zip,202602101146,利尻郡利尻富士町鴛泊字港町,134-2,,
01519-4503-16.zip,202602101146,利尻郡利尻富士町鴛泊字港町,137,,
01519-4503-16.zip,202602101146,利尻郡利尻富士町鴛泊字港町,192-1,,
01519-4503-16.zip,202602101146,利尻郡利尻富士町鴛泊字港町,192-2,,
01519-4503-16.zip,202602101146,利尻郡利尻富士町鴛泊字港町,193-1,,
01519-4503-16.zip,202602101146,利尻郡利尻富士町鴛泊字港町,193-2,,
01519-4503-16.zip,202602101146,利尻郡利尻富士町鴛泊字港町,194-2,,
01519-4503-16.zip,202602101146,利尻郡利尻富士町鴛泊字港町,194-3,,
01519-4503-16.zip,202602101146,利尻郡利尻富士町鴛泊字港町,194-4,,
01519-4503-16.zip,202602101146,利尻郡利尻富士町鴛泊字港町,194-5,,
01519-4503-16.zip,202602101146,利尻郡利尻富士町鴛泊字港町,194-6,,
01519-4503-16.zip,202602101146,利尻郡利尻富士町鴛泊字港町,194-7,,
01519-4503-16.zip,202602101146,利尻郡利尻富士町鴛泊字港町,194-10,,
01519-4503-16.zip,202602101146,利尻郡利尻富士町鴛泊字港町,194-11,,
01519-4503-16.zip,202602101146,利尻郡利尻富士町鴛泊字港町,194-12,,
01519-4503-16.zip,202602101146,利尻郡利尻富士町鴛泊字港町,194-13,,
01519-4503-16.zip,202602101146,利尻郡利尻富士町鴛泊字港町,194-16,,
01519-4503-16.zip,202602101146,利尻郡利尻富士町鴛泊字港町,194-17,,
01519-4503-16.zip,202602101146,利尻郡利尻富士町鴛泊字港町,194-18,,
01519-4503-16.zip,202602101146,利尻郡利尻富士町鴛泊字港町,194-20,,
01519-4503-16.zip,202602101146,利尻郡利尻富士町鴛泊字港町,194-21,,
01519-4503-16.zip,202602101146,利尻郡利尻富士町鴛泊字港町,194-22,,
01519-4503-16.zip,202602101146,利尻郡利尻富士町鴛泊字港町,194-24,,
01519-4503-16.zip,202602101146,利尻郡利尻富士町鴛泊字港町,194-25,,
01519-4503-16.zip,202602101146,利尻郡利尻富士町鴛泊字港町,194-26,,
01519-4503-16.zip,202602101146,利尻郡利尻富士町鴛泊字港町,194-28,,
01519-4503-16.zip,202602101146,利尻郡利尻富士町鴛泊字港町,194-29,,
01519-4503-16.zip,202602101146,利尻郡利尻富士町鴛泊字港町,194-30,,
01519-4503-16.zip,202602101146,利尻郡利尻富士町鴛泊字港町,194-31,,
01519-4503-16.zip,202602101146,利尻郡利尻富士町鴛泊字港町,194-32,,
01519-4503-16.zip,202602101146,利尻郡利尻富士町鴛泊字港町,194-33,,
01519-4503-16.zip,202602101146,利尻郡利尻富士町鴛泊字港町,194-34,,
01519-4503-16.zip,202602101146,利尻郡利尻富士町鴛泊字港町,196-4,,
01519-4503-16.zip,202602101146,利尻郡利尻富士町鴛泊字港町,196-5,,
01519-4503-16.zip,202602101146,利尻郡利尻富士町鴛泊字港町,196-6,,
01519-4503-16.zip,202602101146,利尻郡利尻富士町鴛泊字港町,197,,
01519-4503-16.zip,202602101146,利尻郡利尻富士町鴛泊字港町,210,,
01519-4503-16.zip,202602101146,利尻郡利尻富士町鴛泊字港町,212-2,,
01519-4503-16.zip,202602101146,利尻郡利尻富士町鴛泊字港町,219,,
01519-4503-16.zip,202602101146,利尻郡利尻富士町鴛泊字港町,222,,
01519-4503-16.zip,202602101146,利尻郡利尻富士町鴛泊字港町,223,,
01519-4503-16.zip,202602101146,利尻郡利尻富士町鴛泊字港町,225,,
01519-4503-16.zip,202602101146,利尻郡利尻富士町鴛泊字港町,226,,
01519-4503-16.zip,202602101146,利尻郡利尻富士町鴛泊字港町,227,,
01519-4503-16.zip,202602101146,利尻郡利尻富士町鴛泊字港町,228,,
01519-4503-16.zip,202602101146,利尻郡利尻富士町鴛泊字港町,229,,
01519-4503-16.zip,202602101146,利尻郡利尻富士町鴛泊字港町,231,,
01519-4503-16.zip,202602101146,利尻郡利尻富士町鴛泊字港町,232,,
01519-4503-16.zip,202602101146,利尻郡利尻富士町鴛泊字港町,233,,
01519-4503-16.zip,202602101146,利尻郡利尻富士町鴛泊字港町,234,,
01519-4503-16.zip,202602101146,利尻郡利尻富士町鴛泊字港町,235,,
01519-4503-16.zip,202602101146,利尻郡利尻富士町鴛泊字港町,236,,
01519-4503-16.zip,202602101146,利尻郡利尻富士町鴛泊字港町,241,,
01519-4503-16.zip,202602101146,利尻郡利尻富士町鴛泊字港町,242,,
01519-4503-16.zip,202602101146,利尻郡利尻富士町鴛泊字港町,243,,
01519-4503-16.zip,202602101146,利尻郡利尻富士町鴛泊字港町,244,,
01519-4503-16.zip,202602101146,利尻郡利尻富士町鴛泊字港町,246,,
01519-4503-16.zip,202602101146,利尻郡利尻富士町鴛泊字港町,247,,
01519-4503-16.zip,202602101146,利尻郡利尻富士町鴛泊字港町,248,,
01519-4503-16.zip,202602101146,利尻郡利尻富士町鴛泊字港町,251,,
01519-4503-16.zip,202602101146,利尻郡利尻富士町鴛泊字港町,256,,
01519-4503-16.zip,202602101146,利尻郡利尻富士町鴛泊字港町,257,,
01519-4503-16.zip,202602101146,利尻郡利尻富士町鴛泊字港町,258,,
01519-4503-16.zip,202602101146,利尻郡利尻富士町鴛泊字港町,259,,
01519-4503-16.zip,202602101146,利尻郡利尻富士町鴛泊字港町,260,,
01519-4503-16.zip,202602101146,利尻郡利尻富士町鴛泊字港町,261,,
01519-4503-16.zip,202602101146,利尻郡利尻富士町鴛泊字港町,262,,
01519-4503-16.zip,202602101146,利尻郡利尻富士町鴛泊字港町,263,,
01519-4503-16.zip,202602101146,利尻郡利尻富士町鴛泊字港町,264,,
01519-4503-16.zip,202602101146,利尻郡利尻富士町鴛泊字港町,265,,
01519-4503-16.zip,202602101146,利尻郡利尻富士町鴛泊字港町,266,,
01519-4503-16.zip,202602101146,利尻郡利尻富士町鴛泊字港町,269,,
01519-4503-16.zip,202602101146,利尻郡利尻富士町鴛泊字港町,271,,
01519-4503-16.zip,202602101146,利尻郡利尻富士町鴛泊字港町,274,,
01519-4503-16.zip,202602101146,利尻郡利尻富士町鴛泊字港町,275,,
01519-4503-16.zip,202602101146,利尻郡利尻富士町鴛泊字港町,277,,
01519-4503-16.zip,202602101146,利尻郡利尻富士町鴛泊字港町,281,,
01519-4503-16.zip,202602101146,利尻郡利尻富士町鴛泊字港町,282,,
01519-4503-16.zip,202602101146,利尻郡利尻富士町鴛泊字港町,283,,
01519-4503-16.zip,202602101146,利尻郡利尻富士町鴛泊字港町,286,,
01519-4503-16.zip,202602101146,利尻郡利尻富士町鴛泊字港町,288,,
01519-4503-16.zip,202602101146,利尻郡利尻富士町鴛泊字港町,291,,
01519-4503-16.zip,202602101146,利尻郡利尻富士町鴛泊字港町,293,,
01519-4503-16.zip,202602101146,利尻郡利尻富士町鴛泊字港町,294,,
01519-4503-16.zip,202602101146,利尻郡利尻富士町鴛泊字港町,125-1,,
01519-4503-16.zip,202602101146,利尻郡利尻富士町鴛泊字港町,125-2,,
01519-4503-16.zip,202602101146,利尻郡利尻富士町鴛泊字港町,255,,
01519-4503-16.zip,202602101146,利尻郡利尻富士町鴛泊字本町,8-3,,
01519-4503-16.zip,202602101146,利尻郡利尻富士町鴛泊字本町,10-1,,
01519-4503-16.zip,202602101146,利尻郡利尻富士町鴛泊字本町,10-2,,
01519-4503-16.zip,202602101146,利尻郡利尻富士町鴛泊字本町,11-2,,
01519-4503-16.zip,202602101146,利尻郡利尻富士町鴛泊字本町,11-1,,
01519-4503-16.zip,202602101146,利尻郡利尻富士町鴛泊字港町,54-7,,
01519-4503-16.zip,202602101146,利尻郡利尻富士町鴛泊字港町,54-2,,
01519-4503-16.zip,202602101146,利尻郡利尻富士町鴛泊字本町,14-1,,
01519-4503-16.zip,202602101146,利尻郡利尻富士町鴛泊字本町,14-2,,
01519-4503-16.zip,202602101146,利尻郡利尻富士町鴛泊字本町,17-1,,
01519-4503-16.zip,202602101146,利尻郡利尻富士町鴛泊字本町,17-2,,
01519-4503-16.zip,202602101146,利尻郡利尻富士町鴛泊字港町,76-2,,
01519-4503-16.zip,202602101146,利尻郡利尻富士町鴛泊字港町,192-3,,
01519-4503-16.zip,202602101146,利尻郡利尻富士町鴛泊字港町,76,,
01519-4503-16.zip,202602101146,利尻郡利尻富士町鴛泊字港町,194-36,,
01519-4503-16.zip,202602101146,利尻郡利尻富士町鴛泊字港町,57-2,,
01519-4503-16.zip,202602101146,利尻郡利尻富士町鴛泊字港町,74-3,,
01519-4503-16.zip,202602101146,利尻郡利尻富士町鴛泊字港町,74-1,,
01519-4503-16.zip,202602101146,利尻郡利尻富士町鴛泊字港町,57-1,,
01519-4503-16.zip,202602101146,利尻郡利尻富士町鴛泊字港町,194-37,,
01519-4503-16.zip,202602101146,利尻郡利尻富士町鴛泊字港町,194-38,,
01519-4503-16.zip,202602101146,利尻郡利尻富士町鴛泊字港町,117-9,,
01519-4503-16.zip,202602101146,利尻郡利尻富士町鴛泊字港町,117-1,,
01519-4503-16.zip,202602101146,利尻郡利尻富士町鴛泊字港町,191-3,,
01519-4503-16.zip,202602101146,利尻郡利尻富士町鴛泊字港町,115-9,,
01519-4503-16.zip,202602101146,利尻郡利尻富士町鴛泊字港町,115-2,,
01519-4503-16.zip,202602101146,利尻郡利尻富士町鴛泊字港町,191-1,,
01519-4503-16.zip,202602101146,利尻郡利尻富士町鴛泊字港町,202-2,,
01519-4503-16.zip,202602101146,利尻郡利尻富士町鴛泊字港町,278,,
01519-4503-16.zip,202602101146,利尻郡利尻富士町鴛泊字港町,117-5,,
01519-4503-16.zip,202602101146,利尻郡利尻富士町鴛泊字港町,191-2,,
01519-4503-16.zip,202602101146,利尻郡利尻富士町鴛泊字港町,56-1,,
01519-4503-16.zip,202602101146,利尻郡利尻富士町鴛泊字港町,55-1,,
01519-4503-16.zip,202602101146,利尻郡利尻富士町鴛泊字港町,52-6,,
01519-4503-16.zip,202602101146,利尻郡利尻富士町鴛泊字港町,52-1,,
01519-4503-16.zip,202602101146,利尻郡利尻富士町鴛泊字港町,52-7,,
01519-4503-16.zip,202602101146,利尻郡利尻富士町鴛泊字港町,55-4,,
01519-4503-16.zip,202602101146,利尻郡利尻富士町鴛泊字港町,55-3,,
01519-4503-16.zip,202602101146,利尻郡利尻富士町鴛泊字港町,56-3,,
01519-4503-16.zip,202602101146,利尻郡利尻富士町鴛泊字港町,53-5,,
01519-4503-16.zip,202602101146,利尻郡利尻富士町鴛泊字港町,53-1,,
01519-4503-16.zip,202602101146,利尻郡利尻富士町鴛泊字港町,62-1,,
01519-4503-16.zip,202602101146,利尻郡利尻富士町鴛泊字港町,62-3,,
01519-4503-16.zip,202602101146,利尻郡利尻富士町鴛泊字港町,67-3,,
01519-4503-16.zip,202602101146,利尻郡利尻富士町鴛泊字港町,194-8,,
01519-4503-16.zip,202602101146,利尻郡利尻富士町鴛泊字港町,194-39,,
01519-4503-16.zip,202602101146,利尻郡利尻富士町鴛泊字港町,194-27,,
01519-4503-16.zip,202602101146,利尻郡利尻富士町鴛泊字港町,194-35,,
01519-4503-16.zip,202602101146,利尻郡利尻富士町鴛泊字港町,53-3,,
01519-4503-16.zip,202602101146,利尻郡利尻富士町鴛泊字港町,52-5,,
01519-4503-16.zip,202602101146,利尻郡利尻富士町鴛泊字港町,55-2,,
01519-4503-16.zip,202602101146,利尻郡利尻富士町鴛泊字港町,54-3,,
01519-4503-16.zip,202602101146,利尻郡利尻富士町鴛泊字港町,59-1,,
01519-4503-16.zip,202602101146,利尻郡利尻富士町鴛泊字港町,194-41,,
01519-4503-16.zip,202602101146,利尻郡利尻富士町鴛泊字本町,5-9,,
01519-4503-16.zip,202602101146,利尻郡利尻富士町鴛泊字本町,5-7,,
01519-4503-16.zip,202602101146,利尻郡利尻富士町鴛泊字本町,12-2,,
01519-4503-16.zip,202602101146,利尻郡利尻富士町鴛泊字本町,12-1,,
01519-4503-16.zip,202602101146,利尻郡利尻富士町鴛泊字本町,5-10,,
01519-4503-16.zip,202602101146,利尻郡利尻富士町鴛泊字本町,5-5,,
01519-4503-16.zip,202602101146,利尻郡利尻富士町鴛泊字本町,19-1,,
01519-4503-16.zip,202602101146,利尻郡利尻富士町鴛泊字本町,19-2,,
01519-4503-16.zip,202602101146,利尻郡利尻富士町鴛泊字本町,21-1,,
01519-4503-16.zip,202602101146,利尻郡利尻富士町鴛泊字本町,21-2,,
01519-4503-16.zip,202602101146,利尻郡利尻富士町鴛泊字本町,4-1,,
01519-4503-16.zip,202602101146,利尻郡利尻富士町鴛泊字本町,4-2,,
01519-4503-16.zip,202602101146,利尻郡利尻富士町鴛泊字本町,22-1,,
01519-4503-16.zip,202602101146,利尻郡利尻富士町鴛泊字本町,22-3,,
01519-4503-16.zip,202602101146,利尻郡利尻富士町鴛泊字本町,155,,
01519-4503-16.zip,202602101146,利尻郡利尻富士町鴛泊字本町,149-2,,
01519-4503-16.zip,202602101146,利尻郡利尻富士町鴛泊字本町,5-11,,
01519-4503-16.zip,202602101146,利尻郡利尻富士町鴛泊字本町,5-12,,
01519-4503-16.zip,202602101146,利尻郡利尻富士町鴛泊字本町,5-6,,
01519-4503-16.zip,202602101146,利尻郡利尻富士町鴛泊字本町,15-2,,
01519-4503-16.zip,202602101146,利尻郡利尻富士町鴛泊字本町,16-2,,
01519-4503-16.zip,202602101146,利尻郡利尻富士町鴛泊字本町,9-1,,
01519-4503-16.zip,202602101146,利尻郡利尻富士町鴛泊字本町,9-2,,
01519-4503-16.zip,202602101146,利尻郡利尻富士町鴛泊字港町,115-8,,
01519-4503-16.zip,202602101146,利尻郡利尻富士町鴛泊字本町,3-1,,
01519-4503-16.zip,202602101146,利尻郡利尻富士町鴛泊字本町,3-2,,
01519-4503-16.zip,202602101146,利尻郡利尻富士町鴛泊字港町,115-10,,
01519-4503-16.zip,202602101146,利尻郡利尻富士町鴛泊字本町,32-5,,
01519-4503-16.zip,202602101146,利尻郡利尻富士町鴛泊字本町,32-1,,
01519-4503-16.zip,202602101146,利尻郡利尻富士町鴛泊字本町,8-1,,
01519-4503-16.zip,202602101146,利尻郡利尻富士町鴛泊字本町,8-5,,
01519-4503-16.zip,202602101146,利尻郡利尻富士町鴛泊字本町,8-4,,
01519-4503-16.zip,202602101146,利尻郡利尻富士町鴛泊字港町,295,,
01519-4503-16.zip,202602101146,利尻郡利尻富士町鴛泊字港町,296,,
01519-4503-16.zip,202602101146,利尻郡利尻富士町鴛泊字港町,89-3,,
01519-4503-16.zip,202602101146,利尻郡利尻富士町鴛泊字港町,297,,
01519-4503-16.zip,202602101146,利尻郡利尻富士町鴛泊字港町,298,,
01519-4503-16.zip,202602101146,利尻郡利尻富士町鴛泊字港町,224,,
01519-4503-16.zip,202602101146,利尻郡利尻富士町鴛泊字港町,218-2,,
01519-4503-16.zip,202602101146,利尻郡利尻富士町鴛泊字港町,218-3,,
01519-4503-16.zip,202602101146,利尻郡利尻富士町鴛泊字港町,221,,
01519-4503-16.zip,202602101146,利尻郡利尻富士町鴛泊字港町,220-1,,
01519-4503-16.zip,202602101146,利尻郡利尻富士町鴛泊字港町,220-2,,
01519-4503-16.zip,202602101146,利尻郡利尻富士町鴛泊字港町,218-1,,
01519-4503-16.zip,202602101146,利尻郡利尻富士町鴛泊字港町,217-1,,
01519-4503-16.zip,202602101146,利尻郡利尻富士町鴛泊字港町,217-2,,
01519-4503-16.zip,202602101146,利尻郡利尻富士町鴛泊字港町,216,,
01519-4503-16.zip,202602101146,利尻郡利尻富士町鴛泊字港町,272-3,,
01519-4503-16.zip,202602101146,利尻郡利尻富士町鴛泊字港町,272-4,,
01519-4503-16.zip,202602101146,利尻郡利尻富士町鴛泊字港町,272-2,,
01519-4503-16.zip,202602101146,利尻郡利尻富士町鴛泊字港町,272-1,,
01519-4503-16.zip,202602101146,利尻郡利尻富士町鴛泊字港町,272-5,,
01519-4503-16.zip,202602101146,利尻郡利尻富士町鴛泊字港町,272-6,,
01519-4503-16.zip,202602101146,利尻郡利尻富士町鴛泊字港町,212-1,,
01519-4503-16.zip,202602101146,利尻郡利尻富士町鴛泊字港町,212-3,,
01519-4503-16.zip,202602101146,利尻郡利尻富士町鴛泊字本町,6-17,,
01519-4503-16.zip,202602101146,利尻郡利尻富士町鴛泊字港町,194-42,,
01519-4503-16.zip,202602101146,利尻郡利尻富士町鴛泊字港町,194-9,,
01519-4503-16.zip,202602101146,利尻郡利尻富士町鴛泊字港町,273-1,,
01519-4503-16.zip,202602101146,利尻郡利尻富士町鴛泊字港町,273-2,,
01519-4503-16.zip,202602101146,利尻郡利尻富士町鴛泊字港町,270-2,,
01519-4503-16.zip,202602101146,利尻郡利尻富士町鴛泊字港町,270-1,,
01519-4503-16.zip,202602101146,利尻郡利尻富士町鴛泊字港町,245-1,,
01519-4503-16.zip,202602101146,利尻郡利尻富士町鴛泊字港町,245-2,,
01519-4503-16.zip,202602101146,利尻郡利尻富士町鴛泊字港町,240-1,,
01519-4503-16.zip,202602101146,利尻郡利尻富士町鴛泊字港町,240-2,,
01519-4503-16.zip,202602101146,利尻郡利尻富士町鴛泊字港町,237-2,,
01519-4503-16.zip,202602101146,利尻郡利尻富士町鴛泊字港町,237-1,,
01519-4503-16.zip,202602101146,利尻郡利尻富士町鴛泊字港町,230-1,,
01519-4503-16.zip,202602101146,利尻郡利尻富士町鴛泊字港町,230-2,,
01519-4503-16.zip,202602101146,利尻郡利尻富士町鴛泊字本町,25-1,,
01519-4503-16.zip,202602101146,利尻郡利尻富士町鴛泊字本町,25-2,,
01519-4503-16.zip,202602101146,利尻郡利尻富士町鴛泊字本町,22-2,,
01519-4503-16.zip,202602101146,利尻郡利尻富士町鴛泊字本町,22-4,,
01519-4503-16.zip,202602101146,利尻郡利尻富士町鴛泊字本町,23-2,,
01519-4503-16.zip,202602101146,利尻郡利尻富士町鴛泊字本町,23-3,,
01519-4503-16.zip,202602101146,利尻郡利尻富士町鴛泊字本町,33-1,,
01519-4503-16.zip,202602101146,利尻郡利尻富士町鴛泊字本町,33-3,,
01519-4503-16.zip,202602101146,利尻郡利尻富士町鴛泊字本町,34-2,,
01519-4503-16.zip,202602101146,利尻郡利尻富士町鴛泊字本町,34-1,,
01519-4503-16.zip,202602101146,利尻郡利尻富士町鴛泊字本町,35-1,,
01519-4503-16.zip,202602101146,利尻郡利尻富士町鴛泊字本町,35-2,,
01519-4503-16.zip,202602101146,利尻郡利尻富士町鴛泊字港町,249-2,,
01519-4503-16.zip,202602101146,利尻郡利尻富士町鴛泊字港町,249-1,,
01519-4503-16.zip,202602101146,利尻郡利尻富士町鴛泊字港町,267-1,,
01519-4503-16.zip,202602101146,利尻郡利尻富士町鴛泊字港町,267-2,,
01519-4503-16.zip,202602101146,利尻郡利尻富士町鴛泊字港町,268-2,,
01519-4503-16.zip,202602101146,利尻郡利尻富士町鴛泊字本町,23-1,,
01519-4503-16.zip,202602101146,利尻郡利尻富士町鴛泊字本町,23-4,,
01519-4503-16.zip,202602101146,利尻郡利尻富士町鴛泊字本町,24-1,,
01519-4503-16.zip,202602101146,利尻郡利尻富士町鴛泊字本町,24-2,,
01519-4503-16.zip,202602101146,利尻郡利尻富士町鴛泊字本町,40-2,,
01519-4503-16.zip,202602101146,利尻郡利尻富士町鴛泊字本町,40-1,,
01519-4503-16.zip,202602101146,利尻郡利尻富士町鴛泊字本町,33-2,,
01519-4503-16.zip,202602101146,利尻郡利尻富士町鴛泊字本町,33-4,,
01519-4503-16.zip,202602101146,利尻郡利尻富士町鴛泊字港町,280-1,,
01519-4503-16.zip,202602101146,利尻郡利尻富士町鴛泊字港町,280-2,,
01519-4503-16.zip,202602101146,利尻郡利尻富士町鴛泊字本町,159-1,,
01519-4503-16.zip,202602101146,利尻郡利尻富士町鴛泊字本町,159-2,,
01519-4503-16.zip,202602101146,利尻郡利尻富士町鴛泊字港町,279-1,,
01519-4503-16.zip,202602101146,利尻郡利尻富士町鴛泊字港町,279-2,,
01519-4503-16.zip,202602101146,利尻郡利尻富士町鴛泊字港町,117-8,,
01519-4503-16.zip,202602101146,利尻郡利尻富士町鴛泊字港町,249-3,,
01519-4503-16.zip,202602101146,利尻郡利尻富士町鴛泊字港町,249-4,,
01519-4503-16.zip,202602101146,利尻郡利尻富士町鴛泊字本町,44-1,,
01519-4503-16.zip,202602101146,利尻郡利尻富士町鴛泊字本町,44-5,,
01519-4503-16.zip,202602101146,利尻郡利尻富士町鴛泊字港町,116-18,,
01519-4503-16.zip,202602101146,利尻郡利尻富士町鴛泊字港町,116-19,,
01519-4503-16.zip,202602101146,利尻郡利尻富士町鴛泊字港町,118-5,,
01519-4503-16.zip,202602101146,利尻郡利尻富士町鴛泊字港町,118-1,,
01519-4503-16.zip,202602101146,利尻郡利尻富士町鴛泊字港町,116-3,,
01519-4503-16.zip,202602101146,利尻郡利尻富士町鴛泊字港町,116-16,,
01519-4503-16.zip,202602101146,利尻郡利尻富士町鴛泊字港町,119-1,,
01519-4503-16.zip,202602101146,利尻郡利尻富士町鴛泊字港町,119-3,,
01519-4503-16.zip,202602101146,利尻郡利尻富士町鴛泊字港町,120-1,,
01519-4503-16.zip,202602101146,利尻郡利尻富士町鴛泊字本町,36-1,,
01519-4503-16.zip,202602101146,利尻郡利尻富士町鴛泊字本町,36-2,,
01519-4503-16.zip,202602101146,利尻郡利尻富士町鴛泊字本町,38-1,,
01519-4503-16.zip,202602101146,利尻郡利尻富士町鴛泊字本町,38-2,,
01519-4503-16.zip,202602101146,利尻郡利尻富士町鴛泊字港町,194-19,,
01519-4503-16.zip,202602101146,利尻郡利尻富士町鴛泊字港町,194-43,,
01519-4503-16.zip,202602101146,利尻郡利尻富士町鴛泊字港町,203-2,,
01519-4503-16.zip,202602101146,利尻郡利尻富士町鴛泊字港町,203-1,,
01519-4503-16.zip,202602101146,利尻郡利尻富士町鴛泊字港町,199-1,,
01519-4503-16.zip,202602101146,利尻郡利尻富士町鴛泊字港町,199-2,,
01519-4503-16.zip,202602101146,利尻郡利尻富士町鴛泊字港町,200-2,,
01519-4503-16.zip,202602101146,利尻郡利尻富士町鴛泊字港町,201-2,,
01519-4503-16.zip,202602101146,利尻郡利尻富士町鴛泊字港町,200-1,,
01519-4503-16.zip,202602101146,利尻郡利尻富士町鴛泊字港町,194-1,,
01519-4503-16.zip,202602101146,利尻郡利尻富士町鴛泊字港町,194-46,,
01519-4503-16.zip,202602101146,利尻郡利尻富士町鴛泊字港町,194-49,,
01519-4503-16.zip,202602101146,利尻郡利尻富士町鴛泊字港町,194-40,,
01519-4503-16.zip,202602101146,利尻郡利尻富士町鴛泊字港町,194-47,,
01519-4503-16.zip,202602101146,利尻郡利尻富士町鴛泊字港町,194-44,,
01519-4503-16.zip,202602101146,利尻郡利尻富士町鴛泊字港町,194-48,,
01519-4503-16.zip,202602101146,利尻郡利尻富士町鴛泊字港町,201-1,,
01519-4503-16.zip,202602101146,利尻郡利尻富士町鴛泊字港町,202-1,,
01519-4503-16.zip,202602101146,利尻郡利尻富士町鴛泊字港町,202-3,,
01519-4503-16.zip,202602101146,利尻郡利尻富士町鴛泊字港町,289,,
01519-4503-16.zip,202602101146,利尻郡利尻富士町鴛泊字港町,194-23,,
01519-4503-16.zip,202602101146,利尻郡利尻富士町鴛泊字港町,194-15,,
01519-4503-16.zip,202602101146,利尻郡利尻富士町鴛泊字港町,131-14,,
01519-4503-16.zip,202602101146,利尻郡利尻富士町鴛泊字港町,131-18,,
01519-4503-16.zip,202602101146,利尻郡利尻富士町鴛泊字港町,287,,
01519-4503-16.zip,202602101146,利尻郡利尻富士町鴛泊字本町,6-19,,
01519-4503-16.zip,202602101146,利尻郡利尻富士町鴛泊字本町,6-6,,
01519-4503-16.zip,202602101146,利尻郡利尻富士町鴛泊字本町,6-1,,
01519-4503-16.zip,202602101146,利尻郡利尻富士町鴛泊字本町,6-18,,
01519-4503-16.zip,202602101146,利尻郡利尻富士町鴛泊字本町,41-2,,
01519-4503-16.zip,202602101146,利尻郡利尻富士町鴛泊字本町,26-2,,
01519-4503-16.zip,202602101146,利尻郡利尻富士町鴛泊字本町,26-1,,
01519-4503-16.zip,202602101146,利尻郡利尻富士町鴛泊字港町,290-1,,
01519-4503-16.zip,202602101146,利尻郡利尻富士町鴛泊字港町,290-2,,
01519-4503-16.zip,202602101146,利尻郡利尻富士町鴛泊字港町,284,,
01519-4503-16.zip,202602101146,利尻郡利尻富士町鴛泊字港町,292-2,,
01519-4503-16.zip,202602101146,利尻郡利尻富士町鴛泊字港町,292-1,,
01519-4503-16.zip,202602101146,利尻郡利尻富士町鴛泊字港町,252,,
01519-4503-16.zip,202602101146,利尻郡利尻富士町鴛泊字港町,116-5,,
01519-4503-16.zip,202602101146,利尻郡利尻富士町鴛泊字港町,116-20,,
01519-4503-16.zip,202602101146,利尻郡利尻富士町鴛泊字本町,20-3,,
01519-4503-16.zip,202602101146,利尻郡利尻富士町鴛泊字本町,20-1,,
01519-4503-16.zip,202602101146,利尻郡利尻富士町鴛泊字本町,20-2,,
01519-4503-16.zip,202602101146,利尻郡利尻富士町鴛泊字港町,116-12,,
01519-4503-16.zip,202602101146,利尻郡利尻富士町鴛泊字港町,116-21,,
01519-4503-16.zip,202602101146,利尻郡利尻富士町鴛泊字港町,131-7,,
01519-4503-16.zip,202602101146,利尻郡利尻富士町鴛泊字港町,116-17,,
01519-4503-16.zip,202602101146,利尻郡利尻富士町鴛泊字港町,123-3,,
01519-4503-16.zip,202602101146,利尻郡利尻富士町鴛泊字港町,127-1,,
01519-4503-16.zip,202602101146,利尻郡利尻富士町鴛泊字港町,127-3,,
01519-4503-16.zip,202602101146,利尻郡利尻富士町鴛泊字港町,127-2,,
01519-4503-16.zip,202602101146,利尻郡利尻富士町鴛泊字港町,285,,
01519-4503-16.zip,202602101146,利尻郡利尻富士町鴛泊字港町,123-5,,
01519-4503-16.zip,202602101146,利尻郡利尻富士町鴛泊字港町,123-1,,
01519-4503-16.zip,202602101146,利尻郡利尻富士町鴛泊字港町,123-4,,
01519-4503-16.zip,202602101146,利尻郡利尻富士町鴛泊字港町,196-1,,
01519-4503-16.zip,202602101146,利尻郡利尻富士町鴛泊字港町,299,,
01519-4503-16.zip,202602101146,利尻郡利尻富士町鴛泊字港町,116-7,,
01519-4503-16.zip,202602101146,利尻郡利尻富士町鴛泊字港町,116-22,,
01519-4503-16.zip,202602101146,利尻郡利尻富士町鴛泊字港町,116-1,,
01519-4503-16.zip,202602101146,利尻郡利尻富士町鴛泊字港町,114-8,,
01519-4503-16.zip,202602101146,利尻郡利尻富士町鴛泊字港町,114-1,,
01519-4503-16.zip,202602101146,利尻郡利尻富士町鴛泊字港町,114-9,,
01519-4503-16.zip,202602101146,利尻郡利尻富士町鴛泊字港町,114-6,,
01519-4503-16.zip,202602101146,利尻郡利尻富士町鴛泊字港町,114-3,,
01519-4503-16.zip,202602101146,利尻郡利尻富士町鴛泊字港町,114-2,,
01519-4503-16.zip,202602101146,利尻郡利尻富士町鴛泊字本町,5-1,,
01519-4503-16.zip,202602101146,利尻郡利尻富士町鴛泊字本町,5-13,,
01519-4503-16.zip,202602101146,利尻郡利尻富士町鴛泊字本町,6-2,,
01519-4503-16.zip,202602101146,利尻郡利尻富士町鴛泊字本町,5-2,,
01519-4503-16.zip,202602101146,利尻郡利尻富士町鴛泊字本町,5-14,,
01519-4503-16.zip,202602101146,利尻郡利尻富士町鴛泊字本町,5-8,,
01519-4503-16.zip,202602101146,利尻郡利尻富士町鴛泊字本町,32-2,,
01519-4503-16.zip,202602101146,利尻郡利尻富士町鴛泊字本町,32-3,,
01519-4503-16.zip,202602101146,利尻郡利尻富士町鴛泊字本町,32-4,,
01519-4503-16.zip,202602101146,利尻郡利尻富士町鴛泊字本町,32-8,,
01519-4503-16.zip,202602101146,利尻郡利尻富士町鴛泊字本町,32-7,,
01519-4503-16.zip,202602101146,利尻郡利尻富士町鴛泊字本町,32-6,,
01519-4503-16.zip,202602101146,利尻郡利尻富士町鴛泊字本町,39-2,,
01519-4503-16.zip,202602101146,利尻郡利尻富士町鴛泊字本町,39-1,,
01519-4503-16.zip,202602101146,利尻郡利尻富士町鴛泊字港町,194-50,,
01519-4503-16.zip,202602101146,利尻郡利尻富士町鴛泊字港町,194-45,,
01519-4503-16.zip,202602101146,利尻郡利尻富士町鴛泊字港町,194-14,,
01519-4503-16.zip,202602101146,利尻郡利尻富士町鴛泊字港町,67-4,,
01519-4503-16.zip,202602101146,利尻郡利尻富士町鴛泊字港町,67-1,,
01519-4503-16.zip,202602101146,利尻郡利尻富士町鴛泊字港町,68-1,,
01519-4503-16.zip,202602101146,利尻郡利尻富士町鴛泊字港町,68-3,,
01519-4503-16.zip,202602101146,利尻郡利尻富士町鴛泊字港町,268-1,,
01519-4503-16.zip,202602101146,利尻郡利尻富士町鴛泊字港町,68-2,,
01519-4503-16.zip,202602101146,利尻郡利尻富士町鴛泊字港町,68-4,,
01519-4503-16.zip,202602101146,利尻郡利尻富士町鴛泊字港町,67-5,,
01519-4503-16.zip,202602101146,利尻郡利尻富士町鴛泊字港町,67-2,,
01519-4503-16.zip,202602101146,利尻郡利尻富士町鴛泊字港町,276,,
01519-4503-16.zip,202602101146,利尻郡利尻富士町鴛泊字本町,42-2,,
01519-4503-16.zip,202602101146,利尻郡利尻富士町鴛泊字本町,44-7,,
01519-4503-16.zip,202602101146,利尻郡利尻富士町鴛泊字本町,51-2,,
01519-4503-16.zip,202602101146,利尻郡利尻富士町鴛泊字本町,50-2,,
01519-4503-16.zip,202602101146,利尻郡利尻富士町鴛泊字本町,42-1,,
01519-4503-16.zip,202602101146,利尻郡利尻富士町鴛泊字本町,42-3,,
01519-4503-16.zip,202602101146,利尻郡利尻富士町鴛泊字本町,41-1,,
01519-4503-16.zip,202602101146,利尻郡利尻富士町鴛泊字本町,50-1,,
01519-4503-16.zip,202602101146,利尻郡利尻富士町鴛泊字本町,50-3,,
01519-4503-16.zip,202602101146,利尻郡利尻富士町鴛泊字本町,152-3,,
01519-4503-16.zip,202602101146,利尻郡利尻富士町鴛泊字本町,152-1,,
01519-4503-16.zip,202602101146,利尻郡利尻富士町鴛泊字港町,116-4,,
01519-4503-16.zip,202602101146,利尻郡利尻富士町鴛泊字本町,48-3,,
01519-4503-16.zip,202602101146,利尻郡利尻富士町鴛泊字本町,48-1,,
01519-4503-16.zip,202602101146,利尻郡利尻富士町鴛泊字本町,49-1,,
01519-4503-16.zip,202602101146,利尻郡利尻富士町鴛泊字本町,49-2,,
01519-4503-16.zip,202602101146,利尻郡利尻富士町鴛泊字本町,48-4,,
01519-4503-16.zip,202602101146,利尻郡利尻富士町鴛泊字本町,52-2,,
01519-4503-16.zip,202602101146,利尻郡利尻富士町鴛泊字本町,161-2,,
01519-4503-16.zip,202602101146,利尻郡利尻富士町鴛泊字本町,52-1,,
01519-4503-16.zip,202602101146,利尻郡利尻富士町鴛泊字本町,52-3,,
01519-4503-16.zip,202602101146,利尻郡利尻富士町鴛泊字本町,162,,
01519-4503-16.zip,202602101146,利尻郡利尻富士町鴛泊字本町,51-1,,
01519-4503-16.zip,202602101146,利尻郡利尻富士町鴛泊字本町,161-3,,
01519-4503-16.zip,202602101146,利尻郡利尻富士町鴛泊字本町,161-1,,
01519-4503-16.zip,202602101146,利尻郡利尻富士町鴛泊字本町,48-2,,
01519-4503-16.zip,202602101146,利尻郡利尻富士町鴛泊字港町,48-2,,
01519-4503-16.zip,202602101146,利尻郡利尻富士町鴛泊字港町,48-1,,
01519-4503-16.zip,202602101146,利尻郡利尻富士町鴛泊字本町,44-10,,
01519-4503-16.zip,202602101146,利尻郡利尻富士町鴛泊字本町,44-8,,
01519-4503-16.zip,202602101146,利尻郡利尻富士町鴛泊字本町,44-3,,
01519-4503-16.zip,202602101146,利尻郡利尻富士町鴛泊字本町,44-9,,
01519-4503-16.zip,202602101146,利尻郡利尻富士町鴛泊字本町,44-4,,
01519-4503-16.zip,202602101146,利尻郡利尻富士町鴛泊字本町,44-6,,
01519-4503-16.zip,202602101146,利尻郡利尻富士町鴛泊字本町,46-1,,
01519-4503-16.zip,202602101146,利尻郡利尻富士町鴛泊字本町,46-2,,
01519-4503-16.zip,202602101146,利尻郡利尻富士町鴛泊字本町,45-2,,
01519-4503-16.zip,202602101146,利尻郡利尻富士町鴛泊字本町,45-7,,
01519-4503-16.zip,202602101146,利尻郡利尻富士町鴛泊字本町,44-2,,
01519-4503-16.zip,202602101146,利尻郡利尻富士町鴛泊字本町,44-12,,
01519-4503-16.zip,202602101146,利尻郡利尻富士町鴛泊字本町,45-1,,
01519-4503-16.zip,202602101146,利尻郡利尻富士町鴛泊字本町,45-8,,
01519-4503-16.zip,202602101146,利尻郡利尻富士町鴛泊字本町,44-11,,
01519-4503-17.zip,202602101146,利尻郡利尻富士町鴛泊字本町,28-1,,
01519-4503-17.zip,202602101146,利尻郡利尻富士町鴛泊字本町,28-2,,
01519-4503-17.zip,202602101146,利尻郡利尻富士町鴛泊字本町,28-3,,
01519-4503-17.zip,202602101146,利尻郡利尻富士町鴛泊字本町,28-4,,
01519-4503-17.zip,202602101146,利尻郡利尻富士町鴛泊字本町,28-5,,
01519-4503-17.zip,202602101146,利尻郡利尻富士町鴛泊字本町,28-6,,
01519-4503-17.zip,202602101146,利尻郡利尻富士町鴛泊字本町,28-7,,
01519-4503-17.zip,202602101146,利尻郡利尻富士町鴛泊字本町,28-8,,
01519-4503-17.zip,202602101146,利尻郡利尻富士町鴛泊字本町,30-1,,
01519-4503-17.zip,202602101146,利尻郡利尻富士町鴛泊字本町,30-2,,
01519-4503-17.zip,202602101146,利尻郡利尻富士町鴛泊字本町,30-3,,
01519-4503-17.zip,202602101146,利尻郡利尻富士町鴛泊字本町,30-4,,
01519-4503-17.zip,202602101146,利尻郡利尻富士町鴛泊字本町,31-1,,
01519-4503-17.zip,202602101146,利尻郡利尻富士町鴛泊字本町,31-2,,
01519-4503-17.zip,202602101146,利尻郡利尻富士町鴛泊字本町,60,,
01519-4503-17.zip,202602101146,利尻郡利尻富士町鴛泊字本町,61,,
01519-4503-17.zip,202602101146,利尻郡利尻富士町鴛泊字本町,62,,
01519-4503-17.zip,202602101146,利尻郡利尻富士町鴛泊字本町,63-1,,
01519-4503-17.zip,202602101146,利尻郡利尻富士町鴛泊字本町,63-2,,
01519-4503-17.zip,202602101146,利尻郡利尻富士町鴛泊字本町,64-1,,
01519-4503-17.zip,202602101146,利尻郡利尻富士町鴛泊字本町,64-2,,
01519-4503-17.zip,202602101146,利尻郡利尻富士町鴛泊字本町,65,,
01519-4503-17.zip,202602101146,利尻郡利尻富士町鴛泊字本町,66,,
01519-4503-17.zip,202602101146,利尻郡利尻富士町鴛泊字本町,67,,
01519-4503-17.zip,202602101146,利尻郡利尻富士町鴛泊字本町,68,,
01519-4503-17.zip,202602101146,利尻郡利尻富士町鴛泊字本町,69,,
01519-4503-17.zip,202602101146,利尻郡利尻富士町鴛泊字本町,70,,
01519-4503-17.zip,202602101146,利尻郡利尻富士町鴛泊字本町,71-1,,
01519-4503-17.zip,202602101146,利尻郡利尻富士町鴛泊字本町,71-2,,
01519-4503-17.zip,202602101146,利尻郡利尻富士町鴛泊字本町,72-1,,
01519-4503-17.zip,202602101146,利尻郡利尻富士町鴛泊字本町,72-2,,
01519-4503-17.zip,202602101146,利尻郡利尻富士町鴛泊字本町,73,,
01519-4503-17.zip,202602101146,利尻郡利尻富士町鴛泊字本町,74,,
01519-4503-17.zip,202602101146,利尻郡利尻富士町鴛泊字本町,75,,
01519-4503-17.zip,202602101146,利尻郡利尻富士町鴛泊字本町,76-1,,
01519-4503-17.zip,202602101146,利尻郡利尻富士町鴛泊字本町,76-2,,
01519-4503-17.zip,202602101146,利尻郡利尻富士町鴛泊字本町,77-1,,
01519-4503-17.zip,202602101146,利尻郡利尻富士町鴛泊字本町,77-2,,
01519-4503-17.zip,202602101146,利尻郡利尻富士町鴛泊字本町,78-1,,
01519-4503-17.zip,202602101146,利尻郡利尻富士町鴛泊字本町,78-2,,
01519-4503-17.zip,202602101146,利尻郡利尻富士町鴛泊字本町,79,,
01519-4503-17.zip,202602101146,利尻郡利尻富士町鴛泊字本町,80-1,,
01519-4503-17.zip,202602101146,利尻郡利尻富士町鴛泊字本町,80-2,,
01519-4503-17.zip,202602101146,利尻郡利尻富士町鴛泊字本町,81-1,,
01519-4503-17.zip,202602101146,利尻郡利尻富士町鴛泊字本町,81-2,,
01519-4503-17.zip,202602101146,利尻郡利尻富士町鴛泊字本町,82-1,,
01519-4503-17.zip,202602101146,利尻郡利尻富士町鴛泊字本町,82-2,,
01519-4503-17.zip,202602101146,利尻郡利尻富士町鴛泊字本町,83-1,,
01519-4503-17.zip,202602101146,利尻郡利尻富士町鴛泊字本町,83-3,,
01519-4503-17.zip,202602101146,利尻郡利尻富士町鴛泊字本町,84-2,,
01519-4503-17.zip,202602101146,利尻郡利尻富士町鴛泊字本町,84-4,,
01519-4503-17.zip,202602101146,利尻郡利尻富士町鴛泊字本町,84-5,,
01519-4503-17.zip,202602101146,利尻郡利尻富士町鴛泊字本町,84-6,,
01519-4503-17.zip,202602101146,利尻郡利尻富士町鴛泊字本町,84-7,,
01519-4503-17.zip,202602101146,利尻郡利尻富士町鴛泊字本町,85,,
01519-4503-17.zip,202602101146,利尻郡利尻富士町鴛泊字本町,86-1,,
01519-4503-17.zip,202602101146,利尻郡利尻富士町鴛泊字本町,86-2,,
01519-4503-17.zip,202602101146,利尻郡利尻富士町鴛泊字本町,87-1,,
01519-4503-17.zip,202602101146,利尻郡利尻富士町鴛泊字本町,87-2,,
01519-4503-17.zip,202602101146,利尻郡利尻富士町鴛泊字本町,88-1,,
01519-4503-17.zip,202602101146,利尻郡利尻富士町鴛泊字本町,88-2,,
01519-4503-17.zip,202602101146,利尻郡利尻富士町鴛泊字本町,88-3,,
01519-4503-17.zip,202602101146,利尻郡利尻富士町鴛泊字本町,89-1,,
01519-4503-17.zip,202602101146,利尻郡利尻富士町鴛泊字本町,89-2,,
01519-4503-17.zip,202602101146,利尻郡利尻富士町鴛泊字本町,89-5,,
01519-4503-17.zip,202602101146,利尻郡利尻富士町鴛泊字本町,89-6,,
01519-4503-17.zip,202602101146,利尻郡利尻富士町鴛泊字本町,89-7,,
01519-4503-17.zip,202602101146,利尻郡利尻富士町鴛泊字本町,89-9,,
01519-4503-17.zip,202602101146,利尻郡利尻富士町鴛泊字本町,89-10,,
01519-4503-17.zip,202602101146,利尻郡利尻富士町鴛泊字本町,90,,
01519-4503-17.zip,202602101146,利尻郡利尻富士町鴛泊字本町,91,,
01519-4503-17.zip,202602101146,利尻郡利尻富士町鴛泊字本町,92,,
01519-4503-17.zip,202602101146,利尻郡利尻富士町鴛泊字本町,93,,
01519-4503-17.zip,202602101146,利尻郡利尻富士町鴛泊字本町,94,,
01519-4503-17.zip,202602101146,利尻郡利尻富士町鴛泊字本町,95-2,,
01519-4503-17.zip,202602101146,利尻郡利尻富士町鴛泊字本町,96,,
01519-4503-17.zip,202602101146,利尻郡利尻富士町鴛泊字本町,97,,
01519-4503-17.zip,202602101146,利尻郡利尻富士町鴛泊字本町,98,,
01519-4503-17.zip,202602101146,利尻郡利尻富士町鴛泊字本町,99,,
01519-4503-17.zip,202602101146,利尻郡利尻富士町鴛泊字本町,100,,
01519-4503-17.zip,202602101146,利尻郡利尻富士町鴛泊字本町,101,,
01519-4503-17.zip,202602101146,利尻郡利尻富士町鴛泊字本町,102,,
01519-4503-17.zip,202602101146,利尻郡利尻富士町鴛泊字本町,103,,
01519-4503-17.zip,202602101146,利尻郡利尻富士町鴛泊字本町,104,,
01519-4503-17.zip,202602101146,利尻郡利尻富士町鴛泊字本町,105,,
01519-4503-17.zip,202602101146,利尻郡利尻富士町鴛泊字本町,106,,
01519-4503-17.zip,202602101146,利尻郡利尻富士町鴛泊字本町,107,,
01519-4503-17.zip,202602101146,利尻郡利尻富士町鴛泊字本町,108,,
01519-4503-17.zip,202602101146,利尻郡利尻富士町鴛泊字本町,109,,
01519-4503-17.zip,202602101146,利尻郡利尻富士町鴛泊字本町,110,,
01519-4503-17.zip,202602101146,利尻郡利尻富士町鴛泊字本町,111,,
01519-4503-17.zip,202602101146,利尻郡利尻富士町鴛泊字本町,112-1,,
01519-4503-17.zip,202602101146,利尻郡利尻富士町鴛泊字本町,112-2,,
01519-4503-17.zip,202602101146,利尻郡利尻富士町鴛泊字本町,113,,
01519-4503-17.zip,202602101146,利尻郡利尻富士町鴛泊字本町,114,,
01519-4503-17.zip,202602101146,利尻郡利尻富士町鴛泊字本町,115,,
01519-4503-17.zip,202602101146,利尻郡利尻富士町鴛泊字本町,116,,
01519-4503-17.zip,202602101146,利尻郡利尻富士町鴛泊字本町,117,,
01519-4503-17.zip,202602101146,利尻郡利尻富士町鴛泊字本町,118,,
01519-4503-17.zip,202602101146,利尻郡利尻富士町鴛泊字本町,119,,
01519-4503-17.zip,202602101146,利尻郡利尻富士町鴛泊字本町,120,,
01519-4503-17.zip,202602101146,利尻郡利尻富士町鴛泊字本町,121,,
01519-4503-17.zip,202602101146,利尻郡利尻富士町鴛泊字本町,157,,
01519-4503-17.zip,202602101146,利尻郡利尻富士町鴛泊字本町,158,,
01519-4503-17.zip,202602101146,利尻郡利尻富士町鴛泊字本町,164,,
01519-4503-17.zip,202602101146,利尻郡利尻富士町鴛泊字本町,165,,
01519-4503-17.zip,202602101146,利尻郡利尻富士町鴛泊字本町,166,,
01519-4503-17.zip,202602101146,利尻郡利尻富士町鴛泊字本町,167,,
01519-4503-17.zip,202602101146,利尻郡利尻富士町鴛泊字本町,168,,
01519-4503-17.zip,202602101146,利尻郡利尻富士町鴛泊字本町,169,,
01519-4503-17.zip,202602101146,利尻郡利尻富士町鴛泊字本町,170,,
01519-4503-17.zip,202602101146,利尻郡利尻富士町鴛泊字本町,171,,
01519-4503-17.zip,202602101146,利尻郡利尻富士町鴛泊字本町,172,,
01519-4503-17.zip,202602101146,利尻郡利尻富士町鴛泊字本町,173,,
01519-4503-17.zip,202602101146,利尻郡利尻富士町鴛泊字本町,174,,
01519-4503-17.zip,202602101146,利尻郡利尻富士町鴛泊字本町,83-4,,
01519-4503-17.zip,202602101146,利尻郡利尻富士町鴛泊字本町,83-2,,
01519-4503-17.zip,202602101146,利尻郡利尻富士町鴛泊字本町,84-8,,
01519-4503-17.zip,202602101146,利尻郡利尻富士町鴛泊字本町,84-1,,
01519-4503-17.zip,202602101146,利尻郡利尻富士町鴛泊字本町,84-3,,
