{"type":"Topology","objects":{"01459-4500-8":{"type":"GeometryCollection","geometries":[{"type":"MultiPolygon","arcs":[[[0,1,2,3]]],"properties":{"筆ID":"H000000001","version":"ver1.0","座標系":"任意座標系","測地系判別":null,"地図名":"美瑛町（２４００）・図郭座標無","地図番号":"切135-1","縮尺分母":"2400","市区町村コード":"01459","市区町村名":"上川郡美瑛町","大字コード":"000","丁目コード":"000","小字コード":"0004","予備コード":"00","大字名":null,"丁目名":null,"小字名":"字ウバクベツ","予備名":null,"地番":"168-1","精度区分":null,"座標値種別":"図上測量","筆界未定構成筆":null,"代表点緯度":4458.953,"代表点経度":2040.547761351}},{"type":"MultiPolygon","arcs":[[[-3,4]]],"properties":{"筆ID":"H000000002","version":"ver1.0","座標系":"任意座標系","測地系判別":null,"地図名":"美瑛町（２４００）・図郭座標無","地図番号":"切135-1","縮尺分母":"2400","市区町村コード":"01459","市区町村名":"上川郡美瑛町","大字コード":"000","丁目コード":"000","小字コード":"0004","予備コード":"00","大字名":null,"丁目名":null,"小字名":"字ウバクベツ","予備名":null,"地番":"168-2","精度区分":null,"座標値種別":"図上測量","筆界未定構成筆":null,"代表点緯度":4383.5195,"代表点経度":1902.363750749}},{"type":"MultiPolygon","arcs":[[[5,6]]],"properties":{"筆ID":"H000000003","version":"ver1.0","座標系":"任意座標系","測地系判別":null,"地図名":"美瑛町（２４００）・図郭座標無","地図番号":"切135-1","縮尺分母":"2400","市区町村コード":"01459","市区町村名":"上川郡美瑛町","大字コード":"000","丁目コード":"000","小字コード":"0004","予備コード":"00","大字名":null,"丁目名":null,"小字名":"字ウバクベツ","予備名":null,"地番":"169","精度区分":null,"座標値種別":"図上測量","筆界未定構成筆":null,"代表点緯度":4301.2275,"代表点経度":2174.479840396}},{"type":"MultiPolygon","arcs":[[[7,8]]],"properties":{"筆ID":"H000000004","version":"ver1.0","座標系":"任意座標系","測地系判別":null,"地図名":"美瑛町（２４００）・図郭座標無","地図番号":"切135-1","縮尺分母":"2400","市区町村コード":"01459","市区町村名":"上川郡美瑛町","大字コード":"000","丁目コード":"000","小字コード":"0004","予備コード":"00","大字名":null,"丁目名":null,"小字名":"字ウバクベツ","予備名":null,"地番":"170","精度区分":null,"座標値種別":"図上測量","筆界未定構成筆":null,"代表点緯度":4265.2835,"代表点経度":2067.075551773}},{"type":"MultiPolygon","arcs":[[[9,10,11,-1]]],"properties":{"筆ID":"H000000005","version":"ver1.0","座標系":"任意座標系","測地系判別":null,"地図名":"美瑛町（２４００）・図郭座標無","地図番号":"切135-1","縮尺分母":"2400","市区町村コード":"01459","市区町村名":"上川郡美瑛町","大字コード":"000","丁目コード":"000","小字コード":"0004","予備コード":"00","大字名":null,"丁目名":null,"小字名":"字ウバクベツ","予備名":null,"地番":"171","精度区分":null,"座標値種別":"図上測量","筆界未定構成筆":null,"代表点緯度":4416.3105,"代表点経度":2170.477676006}},{"type":"MultiPolygon","arcs":[[[12,13,14,-6]]],"properties":{"筆ID":"H000000006","version":"ver1.0","座標系":"任意座標系","測地系判別":null,"地図名":"美瑛町（２４００）・図郭座標無","地図番号":"切135-1","縮尺分母":"2400","市区町村コード":"01459","市区町村名":"上川郡美瑛町","大字コード":"000","丁目コード":"000","小字コード":"0004","予備コード":"00","大字名":null,"丁目名":null,"小字名":"字ウバクベツ","予備名":null,"地番":"172","精度区分":null,"座標値種別":"図上測量","筆界未定構成筆":null,"代表点緯度":4276.7985,"代表点経度":2337.16730644}},{"type":"MultiPolygon","arcs":[[[15,16,17,-11]]],"properties":{"筆ID":"H000000007","version":"ver1.0","座標系":"任意座標系","測地系判別":null,"地図名":"美瑛町（２４００）・図郭座標無","地図番号":"切135-1","縮尺分母":"2400","市区町村コード":"01459","市区町村名":"上川郡美瑛町","大字コード":"000","丁目コード":"000","小字コード":"0004","予備コード":"00","大字名":null,"丁目名":null,"小字名":"字ウバクベツ","予備名":null,"地番":"173","精度区分":null,"座標値種別":"図上測量","筆界未定構成筆":null,"代表点緯度":4390.245,"代表点経度":2350.36707398}},{"type":"MultiPolygon","arcs":[[[18,19,20,-14]]],"properties":{"筆ID":"H000000008","version":"ver1.0","座標系":"任意座標系","測地系判別":null,"地図名":"美瑛町（２４００）・図郭座標無","地図番号":"切135-2","縮尺分母":"2400","市区町村コード":"01459","市区町村名":"上川郡美瑛町","大字コード":"000","丁目コード":"000","小字コード":"0004","予備コード":"00","大字名":null,"丁目名":null,"小字名":"字ウバクベツ","予備名":null,"地番":"174","精度区分":null,"座標値種別":"図上測量","筆界未定構成筆":null,"代表点緯度":4251.8235,"代表点経度":2514.440211496}},{"type":"MultiPolygon","arcs":[[[21,22,23,-17]]],"properties":{"筆ID":"H000000009","version":"ver1.0","座標系":"任意座標系","測地系判別":null,"地図名":"美瑛町（２４００）・図郭座標無","地図番号":"切135-2","縮尺分母":"2400","市区町村コード":"01459","市区町村名":"上川郡美瑛町","大字コード":"000","丁目コード":"000","小字コード":"0004","予備コード":"00","大字名":null,"丁目名":null,"小字名":"字ウバクベツ","予備名":null,"地番":"175","精度区分":null,"座標値種別":"図上測量","筆界未定構成筆":null,"代表点緯度":4374.823,"代表点経度":2529.715075449}},{"type":"MultiPolygon","arcs":[[[24,25,26,-20]]],"properties":{"筆ID":"H000000010","version":"ver1.0","座標系":"任意座標系","測地系判別":null,"地図名":"美瑛町（２４００）・図郭座標無","地図番号":"切135-2","縮尺分母":"2400","市区町村コード":"01459","市区町村名":"上川郡美瑛町","大字コード":"000","丁目コード":"000","小字コード":"0004","予備コード":"00","大字名":null,"丁目名":null,"小字名":"字ウバクベツ","予備名":null,"地番":"176","精度区分":null,"座標値種別":"図上測量","筆界未定構成筆":null,"代表点緯度":4225.246,"代表点経度":2690.18391738}},{"type":"MultiPolygon","arcs":[[[27,28,29,-23]]],"properties":{"筆ID":"H000000011","version":"ver1.0","座標系":"任意座標系","測地系判別":null,"地図名":"美瑛町（２４００）・図郭座標無","地図番号":"切135-2","縮尺分母":"2400","市区町村コード":"01459","市区町村名":"上川郡美瑛町","大字コード":"000","丁目コード":"000","小字コード":"0004","予備コード":"00","大字名":null,"丁目名":null,"小字名":"字ウバクベツ","予備名":null,"地番":"177","精度区分":null,"座標値種別":"図上測量","筆界未定構成筆":null,"代表点緯度":4353.127,"代表点経度":2706.024242461}},{"type":"MultiPolygon","arcs":[[[30,31,32,-26]]],"properties":{"筆ID":"H000000012","version":"ver1.0","座標系":"任意座標系","測地系判別":null,"地図名":"美瑛町（２４００）・図郭座標無","地図番号":"切135-2","縮尺分母":"2400","市区町村コード":"01459","市区町村名":"上川郡美瑛町","大字コード":"000","丁目コード":"000","小字コード":"0004","予備コード":"00","大字名":null,"丁目名":null,"小字名":"字ウバクベツ","予備名":null,"地番":"178","精度区分":null,"座標値種別":"図上測量","筆界未定構成筆":null,"代表点緯度":4188.394,"代表点経度":2866.279974858}},{"type":"MultiPolygon","arcs":[[[33,34,35,36,-29]]],"properties":{"筆ID":"H000000013","version":"ver1.0","座標系":"任意座標系","測地系判別":null,"地図名":"美瑛町（２４００）・図郭座標無","地図番号":"切135-2","縮尺分母":"2400","市区町村コード":"01459","市区町村名":"上川郡美瑛町","大字コード":"000","丁目コード":"000","小字コード":"0004","予備コード":"00","大字名":null,"丁目名":null,"小字名":"字ウバクベツ","予備名":null,"地番":"179-1","精度区分":null,"座標値種別":"図上測量","筆界未定構成筆":null,"代表点緯度":4313.3555,"代表点経度":2881.426640921}},{"type":"MultiPolygon","arcs":[[[37,-35,38]]],"properties":{"筆ID":"H000000014","version":"ver1.0","座標系":"任意座標系","測地系判別":null,"地図名":"美瑛町（２４００）・図郭座標無","地図番号":"切135-2","縮尺分母":"2400","市区町村コード":"01459","市区町村名":"上川郡美瑛町","大字コード":"000","丁目コード":"000","小字コード":"0004","予備コード":"00","大字名":null,"丁目名":null,"小字名":"字ウバクベツ","予備名":null,"地番":"179-4","精度区分":null,"座標値種別":"図上測量","筆界未定構成筆":null,"代表点緯度":4373.5585,"代表点経度":2942.054938721}},{"type":"MultiPolygon","arcs":[[[39,40,41,42,43,-32]]],"properties":{"筆ID":"H000000015","version":"ver1.0","座標系":"任意座標系","測地系判別":null,"地図名":"美瑛町（２４００）・図郭座標無","地図番号":"切135-2","縮尺分母":"2400","市区町村コード":"01459","市区町村名":"上川郡美瑛町","大字コード":"000","丁目コード":"000","小字コード":"0004","予備コード":"00","大字名":null,"丁目名":null,"小字名":"字ウバクベツ","予備名":null,"地番":"180","精度区分":null,"座標値種別":"図上測量","筆界未定構成筆":null,"代表点緯度":4127.909,"代表点経度":3043.042767538}},{"type":"MultiPolygon","arcs":[[[44,45,46,-36]]],"properties":{"筆ID":"H000000016","version":"ver1.0","座標系":"任意座標系","測地系判別":null,"地図名":"美瑛町（２４００）・図郭座標無","地図番号":"切135-2","縮尺分母":"2400","市区町村コード":"01459","市区町村名":"上川郡美瑛町","大字コード":"000","丁目コード":"000","小字コード":"0004","予備コード":"00","大字名":null,"丁目名":null,"小字名":"字ウバクベツ","予備名":null,"地番":"181-1","精度区分":null,"座標値種別":"図上測量","筆界未定構成筆":null,"代表点緯度":4274.245,"代表点経度":3031.246582919}},{"type":"MultiPolygon","arcs":[[[47]]],"properties":{"筆ID":"H000000017","version":"ver1.0","座標系":"任意座標系","測地系判別":null,"地図名":"美瑛町（２４００）・図郭座標無","地図番号":"切135-2","縮尺分母":"2400","市区町村コード":"01459","市区町村名":"上川郡美瑛町","大字コード":"000","丁目コード":"000","小字コード":"0004","予備コード":"00","大字名":null,"丁目名":null,"小字名":"字ウバクベツ","予備名":null,"地番":"181-3","精度区分":null,"座標値種別":"図上測量","筆界未定構成筆":null,"代表点緯度":4379.9615,"代表点経度":2983.662988767}},{"type":"MultiPolygon","arcs":[[[48,-46,49]]],"properties":{"筆ID":"H000000018","version":"ver1.0","座標系":"任意座標系","測地系判別":null,"地図名":"美瑛町（２４００）・図郭座標無","地図番号":"切135-2","縮尺分母":"2400","市区町村コード":"01459","市区町村名":"上川郡美瑛町","大字コード":"000","丁目コード":"000","小字コード":"0004","予備コード":"00","大字名":null,"丁目名":null,"小字名":"字ウバクベツ","予備名":null,"地番":"181-5","精度区分":null,"座標値種別":"図上測量","筆界未定構成筆":null,"代表点緯度":4269.552,"代表点経度":3105.880359837}},{"type":"MultiPolygon","arcs":[[[50,51,52,53,-45,-38]]],"properties":{"筆ID":"H000000019","version":"ver1.0","座標系":"任意座標系","測地系判別":null,"地図名":"美瑛町（２４００）・図郭座標無","地図番号":"切135-2","縮尺分母":"2400","市区町村コード":"01459","市区町村名":"上川郡美瑛町","大字コード":"000","丁目コード":"000","小字コード":"0004","予備コード":"00","大字名":null,"丁目名":null,"小字名":"字ウバクベツ","予備名":null,"地番":"181-7","精度区分":null,"座標値種別":"図上測量","筆界未定構成筆":null,"代表点緯度":4333.928,"代表点経度":3021.025164275}},{"type":"MultiPolygon","arcs":[[[54,-50,-54,55]]],"properties":{"筆ID":"H000000020","version":"ver1.0","座標系":"任意座標系","測地系判別":null,"地図名":"美瑛町（２４００）・図郭座標無","地図番号":"切135-2","縮尺分母":"2400","市区町村コード":"01459","市区町村名":"上川郡美瑛町","大字コード":"000","丁目コード":"000","小字コード":"0004","予備コード":"00","大字名":null,"丁目名":null,"小字名":"字ウバクベツ","予備名":null,"地番":"181-8","精度区分":null,"座標値種別":"図上測量","筆界未定構成筆":null,"代表点緯度":4269.552,"代表点経度":3115.595516961}},{"type":"MultiPolygon","arcs":[[[56,57,58,-41]]],"properties":{"筆ID":"H000000021","version":"ver1.0","座標系":"任意座標系","測地系判別":null,"地図名":"美瑛町（２４００）・図郭座標無","地図番号":"切135-2","縮尺分母":"2400","市区町村コード":"01459","市区町村名":"上川郡美瑛町","大字コード":"000","丁目コード":"000","小字コード":"0004","予備コード":"00","大字名":null,"丁目名":null,"小字名":"字ウバクベツ","予備名":null,"地番":"182-1","精度区分":null,"座標値種別":"図上測量","筆界未定構成筆":null,"代表点緯度":4114.174,"代表点経度":3161.491168477}},{"type":"MultiPolygon","arcs":[[[-43,59,60]]],"properties":{"筆ID":"H000000022","version":"ver1.0","座標系":"任意座標系","測地系判別":null,"地図名":"美瑛町（２４００）・図郭座標無","地図番号":"切128-1","縮尺分母":"2400","市区町村コード":"01459","市区町村名":"上川郡美瑛町","大字コード":"000","丁目コード":"000","小字コード":"0004","予備コード":"00","大字名":null,"丁目名":null,"小字名":"字ウバクベツ","予備名":null,"地番":"182-6","精度区分":null,"座標値種別":"図上測量","筆界未定構成筆":null,"代表点緯度":3830.1815,"代表点経度":3203.842234739}},{"type":"MultiPolygon","arcs":[[[-60,-42,-59,61,62]]],"properties":{"筆ID":"H000000023","version":"ver1.0","座標系":"任意座標系","測地系判別":null,"地図名":"美瑛町（２４００）・図郭座標無","地図番号":"切128-1","縮尺分母":"2400","市区町村コード":"01459","市区町村名":"上川郡美瑛町","大字コード":"000","丁目コード":"000","小字コード":"0004","予備コード":"00","大字名":null,"丁目名":null,"小字名":"字ウバクベツ","予備名":null,"地番":"182-11","精度区分":null,"座標値種別":"図上測量","筆界未定構成筆":null,"代表点緯度":3871.0805,"代表点経度":3272.882206897}},{"type":"MultiPolygon","arcs":[[[63,64,-62,-58,65]]],"properties":{"筆ID":"H000000024","version":"ver1.0","座標系":"任意座標系","測地系判別":null,"地図名":"美瑛町（２４００）・図郭座標無","地図番号":"切128-1","縮尺分母":"2400","市区町村コード":"01459","市区町村名":"上川郡美瑛町","大字コード":"000","丁目コード":"000","小字コード":"0004","予備コード":"00","大字名":null,"丁目名":null,"小字名":"字ウバクベツ","予備名":null,"地番":"182-13","精度区分":null,"座標値種別":"図上測量","筆界未定構成筆":null,"代表点緯度":3974.4075,"代表点経度":3347.02918912}},{"type":"MultiPolygon","arcs":[[[66,-64]]],"properties":{"筆ID":"H000000025","version":"ver1.0","座標系":"任意座標系","測地系判別":null,"地図名":"美瑛町（２４００）・図郭座標無","地図番号":"切128-1","縮尺分母":"2400","市区町村コード":"01459","市区町村名":"上川郡美瑛町","大字コード":"000","丁目コード":"000","小字コード":"0004","予備コード":"00","大字名":null,"丁目名":null,"小字名":"字ウバクベツ","予備名":null,"地番":"182-184","精度区分":null,"座標値種別":"図上測量","筆界未定構成筆":null,"代表点緯度":3741.8785,"代表点経度":3526.036565061}},{"type":"MultiPolygon","arcs":[[[67,68,69]]],"properties":{"筆ID":"H000000026","version":"ver1.0","座標系":"任意座標系","測地系判別":null,"地図名":"美瑛町（２４００）・図郭座標無","地図番号":"切128-1","縮尺分母":"2400","市区町村コード":"01459","市区町村名":"上川郡美瑛町","大字コード":"000","丁目コード":"000","小字コード":"0004","予備コード":"00","大字名":null,"丁目名":null,"小字名":"字ウバクベツ","予備名":null,"地番":"183-7","精度区分":null,"座標値種別":"図上測量","筆界未定構成筆":null,"代表点緯度":4047.336,"代表点経度":3410.592601453}},{"type":"MultiPolygon","arcs":[[[70,-70,71]]],"properties":{"筆ID":"H000000027","version":"ver1.0","座標系":"任意座標系","測地系判別":null,"地図名":"美瑛町（２４００）・図郭座標無","地図番号":"切135-2","縮尺分母":"2400","市区町村コード":"01459","市区町村名":"上川郡美瑛町","大字コード":"000","丁目コード":"000","小字コード":"0004","予備コード":"00","大字名":null,"丁目名":null,"小字名":"字ウバクベツ","予備名":null,"地番":"183-8","精度区分":null,"座標値種別":"図上測量","筆界未定構成筆":null,"代表点緯度":4161.16,"代表点経度":3249.759929516}},{"type":"MultiPolygon","arcs":[[[72,-72,73,-49]]],"properties":{"筆ID":"H000000028","version":"ver1.0","座標系":"任意座標系","測地系判別":null,"地図名":"美瑛町（２４００）・図郭座標無","地図番号":"切135-2","縮尺分母":"2400","市区町村コード":"01459","市区町村名":"上川郡美瑛町","大字コード":"000","丁目コード":"000","小字コード":"0004","予備コード":"00","大字名":null,"丁目名":null,"小字名":"字ウバクベツ","予備名":null,"地番":"183-11","精度区分":null,"座標値種別":"図上測量","筆界未定構成筆":null,"代表点緯度":4205.8525,"代表点経度":3186.988983567}},{"type":"MultiPolygon","arcs":[[[74,75,-68,76]]],"properties":{"筆ID":"H000000029","version":"ver1.0","座標系":"任意座標系","測地系判別":null,"地図名":"美瑛町（２４００）・図郭座標無","地図番号":"切128-1","縮尺分母":"2400","市区町村コード":"01459","市区町村名":"上川郡美瑛町","大字コード":"000","丁目コード":"000","小字コード":"0004","予備コード":"00","大字名":null,"丁目名":null,"小字名":"字ウバクベツ","予備名":null,"地番":"183-120","精度区分":null,"座標値種別":"図上測量","筆界未定構成筆":null,"代表点緯度":4047.336,"代表点経度":3443.748175421}},{"type":"MultiPolygon","arcs":[[[77,-77,-71,78]]],"properties":{"筆ID":"H000000030","version":"ver1.0","座標系":"任意座標系","測地系判別":null,"地図名":"美瑛町（２４００）・図郭座標無","地図番号":"切135-2","縮尺分母":"2400","市区町村コード":"01459","市区町村名":"上川郡美瑛町","大字コード":"000","丁目コード":"000","小字コード":"0004","予備コード":"00","大字名":null,"丁目名":null,"小字名":"字ウバクベツ","予備名":null,"地番":"183-121","精度区分":null,"座標値種別":"図上測量","筆界未定構成筆":null,"代表点緯度":4165.0535,"代表点経度":3266.626038739}},{"type":"MultiPolygon","arcs":[[[79,-79,-73,-55]]],"properties":{"筆ID":"H000000031","version":"ver1.0","座標系":"任意座標系","測地系判別":null,"地図名":"美瑛町（２４００）・図郭座標無","地図番号":"切135-2","縮尺分母":"2400","市区町村コード":"01459","市区町村名":"上川郡美瑛町","大字コード":"000","丁目コード":"000","小字コード":"0004","予備コード":"00","大字名":null,"丁目名":null,"小字名":"字ウバクベツ","予備名":null,"地番":"183-122","精度区分":null,"座標値種別":"図上測量","筆界未定構成筆":null,"代表点緯度":4217.5645,"代表点経度":3192.224665215}},{"type":"MultiPolygon","arcs":[[[-76,80]]],"properties":{"筆ID":"H000000032","version":"ver1.0","座標系":"任意座標系","測地系判別":null,"地図名":"美瑛町（２４００）・図郭座標無","地図番号":"切128-1","縮尺分母":"2400","市区町村コード":"01459","市区町村名":"上川郡美瑛町","大字コード":"000","丁目コード":"000","小字コード":"0004","予備コード":"00","大字名":null,"丁目名":null,"小字名":"字ウバクベツ","予備名":null,"地番":"183-10W2","精度区分":null,"座標値種別":"図上測量","筆界未定構成筆":null,"代表点緯度":3922.116,"代表点経度":3569.150962593}},{"type":"MultiPolygon","arcs":[[[81,82]]],"properties":{"筆ID":"H000000033","version":"ver1.0","座標系":"任意座標系","測地系判別":null,"地図名":"美瑛町（２４００）・図郭座標無","地図番号":"切128-1","縮尺分母":"2400","市区町村コード":"01459","市区町村名":"上川郡美瑛町","大字コード":"000","丁目コード":"000","小字コード":"0004","予備コード":"00","大字名":null,"丁目名":null,"小字名":"字ウバクベツ","予備名":null,"地番":"187","精度区分":null,"座標値種別":"図上測量","筆界未定構成筆":null,"代表点緯度":3620.6845,"代表点経度":3370.204374739}},{"type":"MultiPolygon","arcs":[[[83,-82]]],"properties":{"筆ID":"H000000034","version":"ver1.0","座標系":"任意座標系","測地系判別":null,"地図名":"美瑛町（２４００）・図郭座標無","地図番号":"切128-1","縮尺分母":"2400","市区町村コード":"01459","市区町村名":"上川郡美瑛町","大字コード":"000","丁目コード":"000","小字コード":"0004","予備コード":"00","大字名":null,"丁目名":null,"小字名":"字ウバクベツ","予備名":null,"地番":"190","精度区分":null,"座標値種別":"図上測量","筆界未定構成筆":null,"代表点緯度":3574.3535,"代表点経度":3470.647552416}},{"type":"MultiPolygon","arcs":[[[84,85]]],"properties":{"筆ID":"H000000035","version":"ver1.0","座標系":"任意座標系","測地系判別":null,"地図名":"美瑛町（２４００）・図郭座標無","地図番号":"切135-1","縮尺分母":"2400","市区町村コード":"01459","市区町村名":"上川郡美瑛町","大字コード":"000","丁目コード":"000","小字コード":"0004","予備コード":"00","大字名":null,"丁目名":null,"小字名":"字ウバクベツ","予備名":null,"地番":"798-1","精度区分":null,"座標値種別":"図上測量","筆界未定構成筆":null,"代表点緯度":4318.635,"代表点経度":1619.475361734}},{"type":"MultiPolygon","arcs":[[[-86,86]]],"properties":{"筆ID":"H000000036","version":"ver1.0","座標系":"任意座標系","測地系判別":null,"地図名":"美瑛町（２４００）・図郭座標無","地図番号":"切135-1","縮尺分母":"2400","市区町村コード":"01459","市区町村名":"上川郡美瑛町","大字コード":"000","丁目コード":"000","小字コード":"0004","予備コード":"00","大字名":null,"丁目名":null,"小字名":"字ウバクベツ","予備名":null,"地番":"798-2","精度区分":null,"座標値種別":"図上測量","筆界未定構成筆":null,"代表点緯度":4381.083,"代表点経度":1649.467067944}},{"type":"MultiPolygon","arcs":[[[-9,87]]],"properties":{"筆ID":"H000000037","version":"ver1.0","座標系":"任意座標系","測地系判別":null,"地図名":"美瑛町（２４００）・図郭座標無","地図番号":"切135-1","縮尺分母":"2400","市区町村コード":"01459","市区町村名":"上川郡美瑛町","大字コード":"000","丁目コード":"000","小字コード":"0004","予備コード":"00","大字名":null,"丁目名":null,"小字名":"字ウバクベツ","予備名":null,"地番":"799","精度区分":null,"座標値種別":"図上測量","筆界未定構成筆":null,"代表点緯度":4281.848,"代表点経度":1867.759775778}},{"type":"MultiPolygon","arcs":[[[88,89,90,91]]],"properties":{"筆ID":"H000000038","version":"ver1.0","座標系":"任意座標系","測地系判別":null,"地図名":"美瑛町（２４００）・図郭座標無","地図番号":"切135-1","縮尺分母":"2400","市区町村コード":"01459","市区町村名":"上川郡美瑛町","大字コード":"000","丁目コード":"000","小字コード":"0004","予備コード":"00","大字名":null,"丁目名":null,"小字名":"字ウバクベツ","予備名":null,"地番":"800-1","精度区分":null,"座標値種別":"図上測量","筆界未定構成筆":null,"代表点緯度":4430.5325,"代表点経度":1628.055901976}},{"type":"MultiPolygon","arcs":[[[92,-90]]],"properties":{"筆ID":"H000000039","version":"ver1.0","座標系":"任意座標系","測地系判別":null,"地図名":"美瑛町（２４００）・図郭座標無","地図番号":"切142-2","縮尺分母":"2400","市区町村コード":"01459","市区町村名":"上川郡美瑛町","大字コード":"000","丁目コード":"000","小字コード":"0004","予備コード":"00","大字名":null,"丁目名":null,"小字名":"字ウバクベツ","予備名":null,"地番":"800-2","精度区分":null,"座標値種別":"図上測量","筆界未定構成筆":null,"代表点緯度":4435.5285,"代表点経度":1501.183780682}},{"type":"MultiPolygon","arcs":[[[-92,93]]],"properties":{"筆ID":"H000000040","version":"ver1.0","座標系":"任意座標系","測地系判別":null,"地図名":"美瑛町（２４００）・図郭座標無","地図番号":"切142-2","縮尺分母":"2400","市区町村コード":"01459","市区町村名":"上川郡美瑛町","大字コード":"000","丁目コード":"000","小字コード":"0004","予備コード":"00","大字名":null,"丁目名":null,"小字名":"字ウバクベツ","予備名":null,"地番":"800-3","精度区分":null,"座標値種別":"図上測量","筆界未定構成筆":null,"代表点緯度":4490.0605,"代表点経度":1421.956297644}},{"type":"MultiPolygon","arcs":[[[94]]],"properties":{"筆ID":"H000000041","version":"ver1.0","座標系":"任意座標系","測地系判別":null,"地図名":"美瑛町（２４００）・図郭座標無","地図番号":"切107-3","縮尺分母":"2400","市区町村コード":"01459","市区町村名":"上川郡美瑛町","大字コード":"000","丁目コード":"000","小字コード":"0004","予備コード":"00","大字名":null,"丁目名":null,"小字名":"字ウバクベツ","予備名":null,"地番":"1109","精度区分":null,"座標値種別":"図上測量","筆界未定構成筆":null,"代表点緯度":1244.4525,"代表点経度":8861.83988639}},{"type":"MultiPolygon","arcs":[[[-52,95]]],"properties":{"筆ID":"H000000042","version":"ver1.0","座標系":"任意座標系","測地系判別":null,"地図名":"美瑛町（２４００）・図郭座標無","地図番号":"切135-2","縮尺分母":"2400","市区町村コード":"01459","市区町村名":"上川郡美瑛町","大字コード":"000","丁目コード":"000","小字コード":"0004","予備コード":"00","大字名":null,"丁目名":null,"小字名":"字ウバクベツ","予備名":null,"地番":"無地番-135","精度区分":null,"座標値種別":"図上測量","筆界未定構成筆":null,"代表点緯度":4335.6695,"代表点経度":3020.609614463}},{"type":"MultiPolygon","arcs":[[[96,97,98]]],"properties":{"筆ID":"H000000043","version":"ver1.0","座標系":"任意座標系","測地系判別":null,"地図名":"美瑛町（２４００）・図郭座標無","地図番号":"切109-1","縮尺分母":"2400","市区町村コード":"01459","市区町村名":"上川郡美瑛町","大字コード":"000","丁目コード":"000","小字コード":"0009","予備コード":"00","大字名":null,"丁目名":null,"小字名":"字オキキニウシ原野","予備名":null,"地番":"966-5","精度区分":null,"座標値種別":"図上測量","筆界未定構成筆":null,"代表点緯度":-3383.339,"代表点経度":8463.02379298}},{"type":"MultiPolygon","arcs":[[[99,100,101,102,103]]],"properties":{"筆ID":"H000000044","version":"ver1.0","座標系":"任意座標系","測地系判別":null,"地図名":"美瑛町（２４００）・図郭座標無","地図番号":"切109-3","縮尺分母":"2400","市区町村コード":"01459","市区町村名":"上川郡美瑛町","大字コード":"000","丁目コード":"000","小字コード":"0009","予備コード":"00","大字名":null,"丁目名":null,"小字名":"字オキキニウシ原野","予備名":null,"地番":"968-19","精度区分":null,"座標値種別":"図上測量","筆界未定構成筆":null,"代表点緯度":-3637.136,"代表点経度":8621.195154512}},{"type":"MultiPolygon","arcs":[[[104,-104,105]]],"properties":{"筆ID":"H000000045","version":"ver1.0","座標系":"任意座標系","測地系判別":null,"地図名":"美瑛町（２４００）・図郭座標無","地図番号":"切109-3","縮尺分母":"2400","市区町村コード":"01459","市区町村名":"上川郡美瑛町","大字コード":"000","丁目コード":"000","小字コード":"0009","予備コード":"00","大字名":null,"丁目名":null,"小字名":"字オキキニウシ原野","予備名":null,"地番":"968-35","精度区分":null,"座標値種別":"図上測量","筆界未定構成筆":null,"代表点緯度":-3587.4555,"代表点経度":8608.585856767}},{"type":"MultiPolygon","arcs":[[[-106,106]]],"properties":{"筆ID":"H000000046","version":"ver1.0","座標系":"任意座標系","測地系判別":null,"地図名":"美瑛町（２４００）・図郭座標無","地図番号":"切109-3","縮尺分母":"2400","市区町村コード":"01459","市区町村名":"上川郡美瑛町","大字コード":"000","丁目コード":"000","小字コード":"0009","予備コード":"00","大字名":null,"丁目名":null,"小字名":"字オキキニウシ原野","予備名":null,"地番":"968-37","精度区分":null,"座標値種別":"図上測量","筆界未定構成筆":null,"代表点緯度":-3516.7545,"代表点経度":8726.132340666}},{"type":"MultiPolygon","arcs":[[[107,-102]]],"properties":{"筆ID":"H000000047","version":"ver1.0","座標系":"任意座標系","測地系判別":null,"地図名":"美瑛町（２４００）・図郭座標無","地図番号":"切109-3","縮尺分母":"2400","市区町村コード":"01459","市区町村名":"上川郡美瑛町","大字コード":"000","丁目コード":"000","小字コード":"0009","予備コード":"00","大字名":null,"丁目名":null,"小字名":"字オキキニウシ原野","予備名":null,"地番":"968-38","精度区分":null,"座標値種別":"図上測量","筆界未定構成筆":null,"代表点緯度":-3629.6605,"代表点経度":8607.632573815}},{"type":"MultiPolygon","arcs":[[[108]]],"properties":{"筆ID":"H000000048","version":"ver1.0","座標系":"任意座標系","測地系判別":null,"地図名":"美瑛町（２４００）・図郭座標無","地図番号":"切123-1","縮尺分母":"2400","市区町村コード":"01459","市区町村名":"上川郡美瑛町","大字コード":"000","丁目コード":"000","小字コード":"0009","予備コード":"00","大字名":null,"丁目名":null,"小字名":"字オキキニウシ原野","予備名":null,"地番":"1110-9","精度区分":null,"座標値種別":"図上測量","筆界未定構成筆":null,"代表点緯度":-291.8935,"代表点経度":5748.517043123}},{"type":"MultiPolygon","arcs":[[[109,110,111,112,113,114]]],"properties":{"筆ID":"H000000049","version":"ver1.0","座標系":"任意座標系","測地系判別":null,"地図名":"美瑛町（２４００）・図郭座標無","地図番号":"切123-1","縮尺分母":"2400","市区町村コード":"01459","市区町村名":"上川郡美瑛町","大字コード":"000","丁目コード":"000","小字コード":"0009","予備コード":"00","大字名":null,"丁目名":null,"小字名":"字オキキニウシ原野","予備名":null,"地番":"1110-18","精度区分":null,"座標値種別":"図上測量","筆界未定構成筆":null,"代表点緯度":-53.16,"代表点経度":5295.750115017}},{"type":"MultiPolygon","arcs":[[[115,116,-110]]],"properties":{"筆ID":"H000000050","version":"ver1.0","座標系":"任意座標系","測地系判別":null,"地図名":"美瑛町（２４００）・図郭座標無","地図番号":"切123-1","縮尺分母":"2400","市区町村コード":"01459","市区町村名":"上川郡美瑛町","大字コード":"000","丁目コード":"000","小字コード":"0009","予備コード":"00","大字名":null,"丁目名":null,"小字名":"字オキキニウシ原野","予備名":null,"地番":"1110-30","精度区分":null,"座標値種別":"図上測量","筆界未定構成筆":null,"代表点緯度":-75.4425,"代表点経度":5340.128410622}},{"type":"MultiPolygon","arcs":[[[117,-112]]],"properties":{"筆ID":"H000000051","version":"ver1.0","座標系":"任意座標系","測地系判別":null,"地図名":"美瑛町（２４００）・図郭座標無","地図番号":"切123-1","縮尺分母":"2400","市区町村コード":"01459","市区町村名":"上川郡美瑛町","大字コード":"000","丁目コード":"000","小字コード":"0009","予備コード":"00","大字名":null,"丁目名":null,"小字名":"字オキキニウシ原野","予備名":null,"地番":"1110-70","精度区分":null,"座標値種別":"図上測量","筆界未定構成筆":null,"代表点緯度":-52.91,"代表点経度":5250.782819016}},{"type":"MultiPolygon","arcs":[[[118,119,-111]]],"properties":{"筆ID":"H000000052","version":"ver1.0","座標系":"任意座標系","測地系判別":null,"地図名":"美瑛町（２４００）・図郭座標無","地図番号":"切123-1","縮尺分母":"2400","市区町村コード":"01459","市区町村名":"上川郡美瑛町","大字コード":"000","丁目コード":"000","小字コード":"0009","予備コード":"00","大字名":null,"丁目名":null,"小字名":"字オキキニウシ原野","予備名":null,"地番":"1110-71","精度区分":null,"座標値種別":"図上測量","筆界未定構成筆":null,"代表点緯度":-50.305,"代表点経度":5284.54288147}},{"type":"MultiPolygon","arcs":[[[120,121]]],"properties":{"筆ID":"H000000053","version":"ver1.0","座標系":"任意座標系","測地系判別":null,"地図名":"美瑛町（２４００）・図郭座標無","地図番号":"切123-1","縮尺分母":"2400","市区町村コード":"01459","市区町村名":"上川郡美瑛町","大字コード":"000","丁目コード":"000","小字コード":"0009","予備コード":"00","大字名":null,"丁目名":null,"小字名":"字オキキニウシ原野","予備名":null,"地番":"1110-74","精度区分":null,"座標値種別":"図上測量","筆界未定構成筆":null,"代表点緯度":-318.0415,"代表点経度":5605.150144491}},{"type":"MultiPolygon","arcs":[[[-121,122]]],"properties":{"筆ID":"H000000054","version":"ver1.0","座標系":"任意座標系","測地系判別":null,"地図名":"美瑛町（２４００）・図郭座標無","地図番号":"切123-1","縮尺分母":"2400","市区町村コード":"01459","市区町村名":"上川郡美瑛町","大字コード":"000","丁目コード":"000","小字コード":"0009","予備コード":"00","大字名":null,"丁目名":null,"小字名":"字オキキニウシ原野","予備名":null,"地番":"1110-75","精度区分":null,"座標値種別":"図上測量","筆界未定構成筆":null,"代表点緯度":-319.056,"代表点経度":5608.025413389}},{"type":"MultiPolygon","arcs":[[[-117,123,-119]]],"properties":{"筆ID":"H000000055","version":"ver1.0","座標系":"任意座標系","測地系判別":null,"地図名":"美瑛町（２４００）・図郭座標無","地図番号":"切123-1","縮尺分母":"2400","市区町村コード":"01459","市区町村名":"上川郡美瑛町","大字コード":"000","丁目コード":"000","小字コード":"0009","予備コード":"00","大字名":null,"丁目名":null,"小字名":"字オキキニウシ原野","予備名":null,"地番":"1110-78","精度区分":null,"座標値種別":"図上測量","筆界未定構成筆":null,"代表点緯度":-75.347,"代表点経度":5335.167738158}},{"type":"MultiPolygon","arcs":[[[-114,124]]],"properties":{"筆ID":"H000000056","version":"ver1.0","座標系":"任意座標系","測地系判別":null,"地図名":"美瑛町（２４００）・図郭座標無","地図番号":"切123-1","縮尺分母":"2400","市区町村コード":"01459","市区町村名":"上川郡美瑛町","大字コード":"000","丁目コード":"000","小字コード":"0009","予備コード":"00","大字名":null,"丁目名":null,"小字名":"字オキキニウシ原野","予備名":null,"地番":"1110-79","精度区分":null,"座標値種別":"図上測量","筆界未定構成筆":null,"代表点緯度":-73.751,"代表点経度":5203.234599936}},{"type":"MultiPolygon","arcs":[[[125]]],"properties":{"筆ID":"H000000057","version":"ver1.0","座標系":"任意座標系","測地系判別":null,"地図名":"美瑛町（２４００）・図郭座標無","地図番号":"切123-2","縮尺分母":"2400","市区町村コード":"01459","市区町村名":"上川郡美瑛町","大字コード":"000","丁目コード":"000","小字コード":"0009","予備コード":"00","大字名":null,"丁目名":null,"小字名":"字オキキニウシ原野","予備名":null,"地番":"1111-10","精度区分":null,"座標値種別":"図上測量","筆界未定構成筆":null,"代表点緯度":-585.1155,"代表点経度":5969.849662983}},{"type":"MultiPolygon","arcs":[[[126]]],"properties":{"筆ID":"H000000058","version":"ver1.0","座標系":"任意座標系","測地系判別":null,"地図名":"美瑛町（２４００）・図郭座標無","地図番号":"切143-2","縮尺分母":"2400","市区町村コード":"01459","市区町村名":"上川郡美瑛町","大字コード":"000","丁目コード":"000","小字コード":"0009","予備コード":"00","大字名":null,"丁目名":null,"小字名":"字オキキニウシ原野","予備名":null,"地番":"1142-3","精度区分":null,"座標値種別":"図上測量","筆界未定構成筆":null,"代表点緯度":1760.678,"代表点経度":1013.916171017}},{"type":"MultiPolygon","arcs":[[[127,128,129,-100,-105]]],"properties":{"筆ID":"H000000059","version":"ver1.0","座標系":"任意座標系","測地系判別":null,"地図名":"美瑛町（２４００）・図郭座標無","地図番号":"切109-3","縮尺分母":"2400","市区町村コード":"01459","市区町村名":"上川郡美瑛町","大字コード":"000","丁目コード":"000","小字コード":"0009","予備コード":"00","大字名":null,"丁目名":null,"小字名":"字オキキニウシ原野","予備名":null,"地番":"筆界未定地-2","精度区分":null,"座標値種別":"図上測量","筆界未定構成筆":[{"大字コード":"000","丁目コード":"000","小字コード":"0009","予備コード":"00","小字名":"字オキキニウシ原野","地番":"968-16"},{"大字コード":"000","丁目コード":"000","小字コード":"0009","予備コード":"00","小字名":"字オキキニウシ原野","地番":"968-26"},{"大字コード":"000","丁目コード":"000","小字コード":"0009","予備コード":"00","小字名":"字オキキニウシ原野","地番":"968-27"},{"大字コード":"000","丁目コード":"000","小字コード":"0009","予備コード":"00","小字名":"字オキキニウシ原野","地番":"968-36"}],"代表点緯度":-3696.993,"代表点経度":8814.668556726}},{"type":"MultiPolygon","arcs":[[[-129,130]]],"properties":{"筆ID":"H000000060","version":"ver1.0","座標系":"任意座標系","測地系判別":null,"地図名":"美瑛町（２４００）・図郭座標無","地図番号":"切109-3","縮尺分母":"2400","市区町村コード":"01459","市区町村名":"上川郡美瑛町","大字コード":"000","丁目コード":"000","小字コード":"0009","予備コード":"00","大字名":null,"丁目名":null,"小字名":"字オキキニウシ原野","予備名":null,"地番":"筆界未定地-3","精度区分":null,"座標値種別":"図上測量","筆界未定構成筆":[{"大字コード":"000","丁目コード":"000","小字コード":"0009","予備コード":"00","小字名":"字オキキニウシ原野","地番":"968-25"},{"大字コード":"000","丁目コード":"000","小字コード":"0009","予備コード":"00","小字名":"字オキキニウシ原野","地番":"968-32W2"},{"大字コード":"000","丁目コード":"000","小字コード":"0009","予備コード":"00","小字名":"字オキキニウシ原野","地番":"968-43"}],"代表点緯度":-3630.785,"代表点経度":8778.432415684}},{"type":"MultiPolygon","arcs":[[[131,132,133,134,135,136,137,138,139,140,141,142,143,144,145,146,147,148,149,150,151,152,153,154,155,156,157,158,159,160,161,162,163,164,-154,165,166,167,168,169,170,171,172,173,174,175,176,177,178,179,180,181,182,183,-173,184,185,186,187,188,189,190,191,192,193,194,195,196,197,-190,198,199]]],"properties":{"筆ID":"H000000061","version":"ver1.0","座標系":"任意座標系","測地系判別":null,"地図名":"美瑛町（２４００）・図郭座標無","地図番号":"切67-2","縮尺分母":"2400","市区町村コード":"01459","市区町村名":"上川郡美瑛町","大字コード":"000","丁目コード":"000","小字コード":"0023","予備コード":"00","大字名":null,"丁目名":null,"小字名":"字俵真布","予備名":null,"地番":"2735-1","精度区分":null,"座標値種別":"図上測量","筆界未定構成筆":null,"代表点緯度":4151.041,"代表点経度":16575.959661606}},{"type":"MultiPolygon","arcs":[[[200,201,-132]]],"properties":{"筆ID":"H000000062","version":"ver1.0","座標系":"任意座標系","測地系判別":null,"地図名":"美瑛町（２４００）・図郭座標無","地図番号":"切67-2","縮尺分母":"2400","市区町村コード":"01459","市区町村名":"上川郡美瑛町","大字コード":"000","丁目コード":"000","小字コード":"0023","予備コード":"00","大字名":null,"丁目名":null,"小字名":"字俵真布","予備名":null,"地番":"2735-2","精度区分":null,"座標値種別":"図上測量","筆界未定構成筆":null,"代表点緯度":4280.7285,"代表点経度":16481.840793829}},{"type":"MultiPolygon","arcs":[[[202,203,-133,-202]]],"properties":{"筆ID":"H000000063","version":"ver1.0","座標系":"任意座標系","測地系判別":null,"地図名":"美瑛町（２４００）・図郭座標無","地図番号":"切67-2","縮尺分母":"2400","市区町村コード":"01459","市区町村名":"上川郡美瑛町","大字コード":"000","丁目コード":"000","小字コード":"0023","予備コード":"00","大字名":null,"丁目名":null,"小字名":"字俵真布","予備名":null,"地番":"2735-3","精度区分":null,"座標値種別":"図上測量","筆界未定構成筆":null,"代表点緯度":4263.42,"代表点経度":16497.318396114}},{"type":"MultiPolygon","arcs":[[[204,205,-134,-204]]],"properties":{"筆ID":"H000000064","version":"ver1.0","座標系":"任意座標系","測地系判別":null,"地図名":"美瑛町（２４００）・図郭座標無","地図番号":"切67-2","縮尺分母":"2400","市区町村コード":"01459","市区町村名":"上川郡美瑛町","大字コード":"000","丁目コード":"000","小字コード":"0023","予備コード":"00","大字名":null,"丁目名":null,"小字名":"字俵真布","予備名":null,"地番":"2735-4","精度区分":null,"座標値種別":"図上測量","筆界未定構成筆":null,"代表点緯度":4250.3875,"代表点経度":16509.566745263}},{"type":"MultiPolygon","arcs":[[[206,-135,-206]]],"properties":{"筆ID":"H000000065","version":"ver1.0","座標系":"任意座標系","測地系判別":null,"地図名":"美瑛町（２４００）・図郭座標無","地図番号":"切67-2","縮尺分母":"2400","市区町村コード":"01459","市区町村名":"上川郡美瑛町","大字コード":"000","丁目コード":"000","小字コード":"0023","予備コード":"00","大字名":null,"丁目名":null,"小字名":"字俵真布","予備名":null,"地番":"2735-5","精度区分":null,"座標値種別":"図上測量","筆界未定構成筆":null,"代表点緯度":4236.726,"代表点経度":16522.101982276}},{"type":"MultiPolygon","arcs":[[[207,208,-137]]],"properties":{"筆ID":"H000000066","version":"ver1.0","座標系":"任意座標系","測地系判別":null,"地図名":"美瑛町（２４００）・図郭座標無","地図番号":"切67-2","縮尺分母":"2400","市区町村コード":"01459","市区町村名":"上川郡美瑛町","大字コード":"000","丁目コード":"000","小字コード":"0023","予備コード":"00","大字名":null,"丁目名":null,"小字名":"字俵真布","予備名":null,"地番":"2735-6","精度区分":null,"座標値種別":"図上測量","筆界未定構成筆":null,"代表点緯度":4219.4405,"代表点経度":16539.197426528}},{"type":"MultiPolygon","arcs":[[[209,210,-138,-209]]],"properties":{"筆ID":"H000000067","version":"ver1.0","座標系":"任意座標系","測地系判別":null,"地図名":"美瑛町（２４００）・図郭座標無","地図番号":"切67-2","縮尺分母":"2400","市区町村コード":"01459","市区町村名":"上川郡美瑛町","大字コード":"000","丁目コード":"000","小字コード":"0023","予備コード":"00","大字名":null,"丁目名":null,"小字名":"字俵真布","予備名":null,"地番":"2735-7","精度区分":null,"座標値種別":"図上測量","筆界未定構成筆":null,"代表点緯度":4206.676,"代表点経度":16549.929753659}},{"type":"MultiPolygon","arcs":[[[211,212,-139,-211]]],"properties":{"筆ID":"H000000068","version":"ver1.0","座標系":"任意座標系","測地系判別":null,"地図名":"美瑛町（２４００）・図郭座標無","地図番号":"切67-2","縮尺分母":"2400","市区町村コード":"01459","市区町村名":"上川郡美瑛町","大字コード":"000","丁目コード":"000","小字コード":"0023","予備コード":"00","大字名":null,"丁目名":null,"小字名":"字俵真布","予備名":null,"地番":"2735-8","精度区分":null,"座標値種別":"図上測量","筆界未定構成筆":null,"代表点緯度":4195.4875,"代表点経度":16560.70511949}},{"type":"MultiPolygon","arcs":[[[213,214,-140,-213]]],"properties":{"筆ID":"H000000069","version":"ver1.0","座標系":"任意座標系","測地系判別":null,"地図名":"美瑛町（２４００）・図郭座標無","地図番号":"切67-2","縮尺分母":"2400","市区町村コード":"01459","市区町村名":"上川郡美瑛町","大字コード":"000","丁目コード":"000","小字コード":"0023","予備コード":"00","大字名":null,"丁目名":null,"小字名":"字俵真布","予備名":null,"地番":"2735-9","精度区分":null,"座標値種別":"図上測量","筆界未定構成筆":null,"代表点緯度":4184.1595,"代表点経度":16571.58217833}},{"type":"MultiPolygon","arcs":[[[215,-141,-215]]],"properties":{"筆ID":"H000000070","version":"ver1.0","座標系":"任意座標系","測地系判別":null,"地図名":"美瑛町（２４００）・図郭座標無","地図番号":"切67-2","縮尺分母":"2400","市区町村コード":"01459","市区町村名":"上川郡美瑛町","大字コード":"000","丁目コード":"000","小字コード":"0023","予備コード":"00","大字名":null,"丁目名":null,"小字名":"字俵真布","予備名":null,"地番":"2735-10","精度区分":null,"座標値種別":"図上測量","筆界未定構成筆":null,"代表点緯度":4172.3025,"代表点経度":16582.978137692}},{"type":"MultiPolygon","arcs":[[[216,217,-143]]],"properties":{"筆ID":"H000000071","version":"ver1.0","座標系":"任意座標系","測地系判別":null,"地図名":"美瑛町（２４００）・図郭座標無","地図番号":"切67-2","縮尺分母":"2400","市区町村コード":"01459","市区町村名":"上川郡美瑛町","大字コード":"000","丁目コード":"000","小字コード":"0023","予備コード":"00","大字名":null,"丁目名":null,"小字名":"字俵真布","予備名":null,"地番":"2735-11","精度区分":null,"座標値種別":"図上測量","筆界未定構成筆":null,"代表点緯度":4156.52,"代表点経度":16599.602234069}},{"type":"MultiPolygon","arcs":[[[218,219,-144,-218]]],"properties":{"筆ID":"H000000072","version":"ver1.0","座標系":"任意座標系","測地系判別":null,"地図名":"美瑛町（２４００）・図郭座標無","地図番号":"切67-2","縮尺分母":"2400","市区町村コード":"01459","市区町村名":"上川郡美瑛町","大字コード":"000","丁目コード":"000","小字コード":"0023","予備コード":"00","大字名":null,"丁目名":null,"小字名":"字俵真布","予備名":null,"地番":"2735-12","精度区分":null,"座標値種別":"図上測量","筆界未定構成筆":null,"代表点緯度":4143.775,"代表点経度":16610.65028138}},{"type":"MultiPolygon","arcs":[[[220,221,-145,-220]]],"properties":{"筆ID":"H000000073","version":"ver1.0","座標系":"任意座標系","測地系判別":null,"地図名":"美瑛町（２４００）・図郭座標無","地図番号":"切67-2","縮尺分母":"2400","市区町村コード":"01459","市区町村名":"上川郡美瑛町","大字コード":"000","丁目コード":"000","小字コード":"0023","予備コード":"00","大字名":null,"丁目名":null,"小字名":"字俵真布","予備名":null,"地番":"2735-13","精度区分":null,"座標値種別":"図上測量","筆界未定構成筆":null,"代表点緯度":4132.097,"代表点経度":16621.402366615}},{"type":"MultiPolygon","arcs":[[[222,223,-146,-222]]],"properties":{"筆ID":"H000000074","version":"ver1.0","座標系":"任意座標系","測地系判別":null,"地図名":"美瑛町（２４００）・図郭座標無","地図番号":"切67-2","縮尺分母":"2400","市区町村コード":"01459","市区町村名":"上川郡美瑛町","大字コード":"000","丁目コード":"000","小字コード":"0023","予備コード":"00","大字名":null,"丁目名":null,"小字名":"字俵真布","予備名":null,"地番":"2735-14","精度区分":null,"座標値種別":"図上測量","筆界未定構成筆":null,"代表点緯度":4120.542,"代表点経度":16632.084331783}},{"type":"MultiPolygon","arcs":[[[224,-147,-224]]],"properties":{"筆ID":"H000000075","version":"ver1.0","座標系":"任意座標系","測地系判別":null,"地図名":"美瑛町（２４００）・図郭座標無","地図番号":"切67-2","縮尺分母":"2400","市区町村コード":"01459","市区町村名":"上川郡美瑛町","大字コード":"000","丁目コード":"000","小字コード":"0023","予備コード":"00","大字名":null,"丁目名":null,"小字名":"字俵真布","予備名":null,"地番":"2735-15","精度区分":null,"座標値種別":"図上測量","筆界未定構成筆":null,"代表点緯度":4107.567,"代表点経度":16644.023938848}},{"type":"MultiPolygon","arcs":[[[225,226,-197]]],"properties":{"筆ID":"H000000076","version":"ver1.0","座標系":"任意座標系","測地系判別":null,"地図名":"美瑛町（２４００）・図郭座標無","地図番号":"切67-2","縮尺分母":"2400","市区町村コード":"01459","市区町村名":"上川郡美瑛町","大字コード":"000","丁目コード":"000","小字コード":"0023","予備コード":"00","大字名":null,"丁目名":null,"小字名":"字俵真布","予備名":null,"地番":"2735-16","精度区分":null,"座標値種別":"図上測量","筆界未定構成筆":null,"代表点緯度":4249.699,"代表点経度":16449.800162163}},{"type":"MultiPolygon","arcs":[[[-196,227,228,-226]]],"properties":{"筆ID":"H000000077","version":"ver1.0","座標系":"任意座標系","測地系判別":null,"地図名":"美瑛町（２４００）・図郭座標無","地図番号":"切67-2","縮尺分母":"2400","市区町村コード":"01459","市区町村名":"上川郡美瑛町","大字コード":"000","丁目コード":"000","小字コード":"0023","予備コード":"00","大字名":null,"丁目名":null,"小字名":"字俵真布","予備名":null,"地番":"2735-17","精度区分":null,"座標値種別":"図上測量","筆界未定構成筆":null,"代表点緯度":4232.8735,"代表点経度":16465.845343404}},{"type":"MultiPolygon","arcs":[[[-195,229,230,-228]]],"properties":{"筆ID":"H000000078","version":"ver1.0","座標系":"任意座標系","測地系判別":null,"地図名":"美瑛町（２４００）・図郭座標無","地図番号":"切67-2","縮尺分母":"2400","市区町村コード":"01459","市区町村名":"上川郡美瑛町","大字コード":"000","丁目コード":"000","小字コード":"0023","予備コード":"00","大字名":null,"丁目名":null,"小字名":"字俵真布","予備名":null,"地番":"2735-18","精度区分":null,"座標値種別":"図上測量","筆界未定構成筆":null,"代表点緯度":4220.001,"代表点経度":16478.126240623}},{"type":"MultiPolygon","arcs":[[[-194,231,-230]]],"properties":{"筆ID":"H000000079","version":"ver1.0","座標系":"任意座標系","測地系判別":null,"地図名":"美瑛町（２４００）・図郭座標無","地図番号":"切67-2","縮尺分母":"2400","市区町村コード":"01459","市区町村名":"上川郡美瑛町","大字コード":"000","丁目コード":"000","小字コード":"0023","予備コード":"00","大字名":null,"丁目名":null,"小字名":"字俵真布","予備名":null,"地番":"2735-19","精度区分":null,"座標値種別":"図上測量","筆界未定構成筆":null,"代表点緯度":4206.1615,"代表点経度":16490.35554627}},{"type":"MultiPolygon","arcs":[[[232,233,-183]]],"properties":{"筆ID":"H000000080","version":"ver1.0","座標系":"任意座標系","測地系判別":null,"地図名":"美瑛町（２４００）・図郭座標無","地図番号":"切67-2","縮尺分母":"2400","市区町村コード":"01459","市区町村名":"上川郡美瑛町","大字コード":"000","丁目コード":"000","小字コード":"0023","予備コード":"00","大字名":null,"丁目名":null,"小字名":"字俵真布","予備名":null,"地番":"2735-20","精度区分":null,"座標値種別":"図上測量","筆界未定構成筆":null,"代表点緯度":4189.18,"代表点経度":16507.670520776}},{"type":"MultiPolygon","arcs":[[[-182,234,235,-233]]],"properties":{"筆ID":"H000000081","version":"ver1.0","座標系":"任意座標系","測地系判別":null,"地図名":"美瑛町（２４００）・図郭座標無","地図番号":"切67-2","縮尺分母":"2400","市区町村コード":"01459","市区町村名":"上川郡美瑛町","大字コード":"000","丁目コード":"000","小字コード":"0023","予備コード":"00","大字名":null,"丁目名":null,"小字名":"字俵真布","予備名":null,"地番":"2735-21","精度区分":null,"座標値種別":"図上測量","筆界未定構成筆":null,"代表点緯度":4177.1865,"代表点経度":16519.188196463}},{"type":"MultiPolygon","arcs":[[[-181,236,237,-235]]],"properties":{"筆ID":"H000000082","version":"ver1.0","座標系":"任意座標系","測地系判別":null,"地図名":"美瑛町（２４００）・図郭座標無","地図番号":"切67-2","縮尺分母":"2400","市区町村コード":"01459","市区町村名":"上川郡美瑛町","大字コード":"000","丁目コード":"000","小字コード":"0023","予備コード":"00","大字名":null,"丁目名":null,"小字名":"字俵真布","予備名":null,"地番":"2735-22","精度区分":null,"座標値種別":"図上測量","筆界未定構成筆":null,"代表点緯度":4165.917,"代表点経度":16529.969689665}},{"type":"MultiPolygon","arcs":[[[-180,238,239,-237]]],"properties":{"筆ID":"H000000083","version":"ver1.0","座標系":"任意座標系","測地系判別":null,"地図名":"美瑛町（２４００）・図郭座標無","地図番号":"切67-2","縮尺分母":"2400","市区町村コード":"01459","市区町村名":"上川郡美瑛町","大字コード":"000","丁目コード":"000","小字コード":"0023","予備コード":"00","大字名":null,"丁目名":null,"小字名":"字俵真布","予備名":null,"地番":"2735-23","精度区分":null,"座標値種別":"図上測量","筆界未定構成筆":null,"代表点緯度":4154.577,"代表点経度":16540.757301325}},{"type":"MultiPolygon","arcs":[[[-179,240,-239]]],"properties":{"筆ID":"H000000084","version":"ver1.0","座標系":"任意座標系","測地系判別":null,"地図名":"美瑛町（２４００）・図郭座標無","地図番号":"切67-2","縮尺分母":"2400","市区町村コード":"01459","市区町村名":"上川郡美瑛町","大字コード":"000","丁目コード":"000","小字コード":"0023","予備コード":"00","大字名":null,"丁目名":null,"小字名":"字俵真布","予備名":null,"地番":"2735-24","精度区分":null,"座標値種別":"図上測量","筆界未定構成筆":null,"代表点緯度":4141.987,"代表点経度":16551.268504235}},{"type":"MultiPolygon","arcs":[[[241,242,-164]]],"properties":{"筆ID":"H000000085","version":"ver1.0","座標系":"任意座標系","測地系判別":null,"地図名":"美瑛町（２４００）・図郭座標無","地図番号":"切67-2","縮尺分母":"2400","市区町村コード":"01459","市区町村名":"上川郡美瑛町","大字コード":"000","丁目コード":"000","小字コード":"0023","予備コード":"00","大字名":null,"丁目名":null,"小字名":"字俵真布","予備名":null,"地番":"2735-25","精度区分":null,"座標値種別":"図上測量","筆界未定構成筆":null,"代表点緯度":4125.9785,"代表点経度":16568.123326157}},{"type":"MultiPolygon","arcs":[[[-163,243,244,-242]]],"properties":{"筆ID":"H000000086","version":"ver1.0","座標系":"任意座標系","測地系判別":null,"地図名":"美瑛町（２４００）・図郭座標無","地図番号":"切67-2","縮尺分母":"2400","市区町村コード":"01459","市区町村名":"上川郡美瑛町","大字コード":"000","丁目コード":"000","小字コード":"0023","予備コード":"00","大字名":null,"丁目名":null,"小字名":"字俵真布","予備名":null,"地番":"2735-26","精度区分":null,"座標値種別":"図上測量","筆界未定構成筆":null,"代表点緯度":4113.7565,"代表点経度":16579.732756821}},{"type":"MultiPolygon","arcs":[[[-162,245,246,-244]]],"properties":{"筆ID":"H000000087","version":"ver1.0","座標系":"任意座標系","測地系判別":null,"地図名":"美瑛町（２４００）・図郭座標無","地図番号":"切67-2","縮尺分母":"2400","市区町村コード":"01459","市区町村名":"上川郡美瑛町","大字コード":"000","丁目コード":"000","小字コード":"0023","予備コード":"00","大字名":null,"丁目名":null,"小字名":"字俵真布","予備名":null,"地番":"2735-27","精度区分":null,"座標値種別":"図上測量","筆界未定構成筆":null,"代表点緯度":4102.405,"代表点経度":16590.515079656}},{"type":"MultiPolygon","arcs":[[[-161,247,248,-246]]],"properties":{"筆ID":"H000000088","version":"ver1.0","座標系":"任意座標系","測地系判別":null,"地図名":"美瑛町（２４００）・図郭座標無","地図番号":"切67-2","縮尺分母":"2400","市区町村コード":"01459","市区町村名":"上川郡美瑛町","大字コード":"000","丁目コード":"000","小字コード":"0023","予備コード":"00","大字名":null,"丁目名":null,"小字名":"字俵真布","予備名":null,"地番":"2735-28","精度区分":null,"座標値種別":"図上測量","筆界未定構成筆":null,"代表点緯度":4091.0225,"代表点経度":16601.330538202}},{"type":"MultiPolygon","arcs":[[[-160,249,-248]]],"properties":{"筆ID":"H000000089","version":"ver1.0","座標系":"任意座標系","測地系判別":null,"地図名":"美瑛町（２４００）・図郭座標無","地図番号":"切67-2","縮尺分母":"2400","市区町村コード":"01459","市区町村名":"上川郡美瑛町","大字コード":"000","丁目コード":"000","小字コード":"0023","予備コード":"00","大字名":null,"丁目名":null,"小字名":"字俵真布","予備名":null,"地番":"2735-29","精度区分":null,"座標値種別":"図上測量","筆界未定構成筆":null,"代表点緯度":4077.7875,"代表点経度":16612.923703343}},{"type":"MultiPolygon","arcs":[[[-227,250,-198]]],"properties":{"筆ID":"H000000090","version":"ver1.0","座標系":"任意座標系","測地系判別":null,"地図名":"美瑛町（２４００）・図郭座標無","地図番号":"切67-2","縮尺分母":"2400","市区町村コード":"01459","市区町村名":"上川郡美瑛町","大字コード":"000","丁目コード":"000","小字コード":"0023","予備コード":"00","大字名":null,"丁目名":null,"小字名":"字俵真布","予備名":null,"地番":"2735-30","精度区分":null,"座標値種別":"図上測量","筆界未定構成筆":null,"代表点緯度":4223.4415,"代表点経度":16422.417446352}},{"type":"MultiPolygon","arcs":[[[-229,251,-191,-251]]],"properties":{"筆ID":"H000000091","version":"ver1.0","座標系":"任意座標系","測地系判別":null,"地図名":"美瑛町（２４００）・図郭座標無","地図番号":"切67-2","縮尺分母":"2400","市区町村コード":"01459","市区町村名":"上川郡美瑛町","大字コード":"000","丁目コード":"000","小字コード":"0023","予備コード":"00","大字名":null,"丁目名":null,"小字名":"字俵真布","予備名":null,"地番":"2735-31","精度区分":null,"座標値種別":"図上測量","筆界未定構成筆":null,"代表点緯度":4206.1405,"代表点経度":16437.972897748}},{"type":"MultiPolygon","arcs":[[[-231,252,-192,-252]]],"properties":{"筆ID":"H000000092","version":"ver1.0","座標系":"任意座標系","測地系判別":null,"地図名":"美瑛町（２４００）・図郭座標無","地図番号":"切67-2","縮尺分母":"2400","市区町村コード":"01459","市区町村名":"上川郡美瑛町","大字コード":"000","丁目コード":"000","小字コード":"0023","予備コード":"00","大字名":null,"丁目名":null,"小字名":"字俵真布","予備名":null,"地番":"2735-32","精度区分":null,"座標値種別":"図上測量","筆界未定構成筆":null,"代表点緯度":4193.295,"代表点経度":16450.328399656}},{"type":"MultiPolygon","arcs":[[[-232,-193,-253]]],"properties":{"筆ID":"H000000093","version":"ver1.0","座標系":"任意座標系","測地系判別":null,"地図名":"美瑛町（２４００）・図郭座標無","地図番号":"切67-2","縮尺分母":"2400","市区町村コード":"01459","市区町村名":"上川郡美瑛町","大字コード":"000","丁目コード":"000","小字コード":"0023","予備コード":"00","大字名":null,"丁目名":null,"小字名":"字俵真布","予備名":null,"地番":"2735-33","精度区分":null,"座標値種別":"図上測量","筆界未定構成筆":null,"代表点緯度":4180.0295,"代表点経度":16463.013881385}},{"type":"MultiPolygon","arcs":[[[-234,253,-174,-184]]],"properties":{"筆ID":"H000000094","version":"ver1.0","座標系":"任意座標系","測地系判別":null,"地図名":"美瑛町（２４００）・図郭座標無","地図番号":"切67-2","縮尺分母":"2400","市区町村コード":"01459","市区町村名":"上川郡美瑛町","大字コード":"000","丁目コード":"000","小字コード":"0023","予備コード":"00","大字名":null,"丁目名":null,"小字名":"字俵真布","予備名":null,"地番":"2735-34","精度区分":null,"座標値種別":"図上測量","筆界未定構成筆":null,"代表点緯度":4163.15,"代表点経度":16480.317264279}},{"type":"MultiPolygon","arcs":[[[-236,254,-175,-254]]],"properties":{"筆ID":"H000000095","version":"ver1.0","座標系":"任意座標系","測地系判別":null,"地図名":"美瑛町（２４００）・図郭座標無","地図番号":"切67-2","縮尺分母":"2400","市区町村コード":"01459","市区町村名":"上川郡美瑛町","大字コード":"000","丁目コード":"000","小字コード":"0023","予備コード":"00","大字名":null,"丁目名":null,"小字名":"字俵真布","予備名":null,"地番":"2735-35","精度区分":null,"座標値種別":"図上測量","筆界未定構成筆":null,"代表点緯度":4150.5895,"代表点経度":16491.30110403}},{"type":"MultiPolygon","arcs":[[[-238,255,-176,-255]]],"properties":{"筆ID":"H000000096","version":"ver1.0","座標系":"任意座標系","測地系判別":null,"地図名":"美瑛町（２４００）・図郭座標無","地図番号":"切67-2","縮尺分母":"2400","市区町村コード":"01459","市区町村名":"上川郡美瑛町","大字コード":"000","丁目コード":"000","小字コード":"0023","予備コード":"00","大字名":null,"丁目名":null,"小字名":"字俵真布","予備名":null,"地番":"2735-36","精度区分":null,"座標値種別":"図上測量","筆界未定構成筆":null,"代表点緯度":4139.178,"代表点経度":16502.197833428}},{"type":"MultiPolygon","arcs":[[[-240,256,-177,-256]]],"properties":{"筆ID":"H000000097","version":"ver1.0","座標系":"任意座標系","測地系判別":null,"地図名":"美瑛町（２４００）・図郭座標無","地図番号":"切67-2","縮尺分母":"2400","市区町村コード":"01459","市区町村名":"上川郡美瑛町","大字コード":"000","丁目コード":"000","小字コード":"0023","予備コード":"00","大字名":null,"丁目名":null,"小字名":"字俵真布","予備名":null,"地番":"2735-37","精度区分":null,"座標値種別":"図上測量","筆界未定構成筆":null,"代表点緯度":4127.7815,"代表点経度":16513.019881945}},{"type":"MultiPolygon","arcs":[[[-241,-178,-257]]],"properties":{"筆ID":"H000000098","version":"ver1.0","座標系":"任意座標系","測地系判別":null,"地図名":"美瑛町（２４００）・図郭座標無","地図番号":"切67-2","縮尺分母":"2400","市区町村コード":"01459","市区町村名":"上川郡美瑛町","大字コード":"000","丁目コード":"000","小字コード":"0023","予備コード":"00","大字名":null,"丁目名":null,"小字名":"字俵真布","予備名":null,"地番":"2735-38","精度区分":null,"座標値種別":"図上測量","筆界未定構成筆":null,"代表点緯度":4116.017,"代表点経度":16524.232346997}},{"type":"MultiPolygon","arcs":[[[-243,257,-155,-165]]],"properties":{"筆ID":"H000000099","version":"ver1.0","座標系":"任意座標系","測地系判別":null,"地図名":"美瑛町（２４００）・図郭座標無","地図番号":"切67-2","縮尺分母":"2400","市区町村コード":"01459","市区町村名":"上川郡美瑛町","大字コード":"000","丁目コード":"000","小字コード":"0023","予備コード":"00","大字名":null,"丁目名":null,"小字名":"字俵真布","予備名":null,"地番":"2735-39","精度区分":null,"座標値種別":"図上測量","筆界未定構成筆":null,"代表点緯度":4099.666,"代表点経度":16540.81495488}},{"type":"MultiPolygon","arcs":[[[-245,258,-156,-258]]],"properties":{"筆ID":"H000000100","version":"ver1.0","座標系":"任意座標系","測地系判別":null,"地図名":"美瑛町（２４００）・図郭座標無","地図番号":"切67-2","縮尺分母":"2400","市区町村コード":"01459","市区町村名":"上川郡美瑛町","大字コード":"000","丁目コード":"000","小字コード":"0023","予備コード":"00","大字名":null,"丁目名":null,"小字名":"字俵真布","予備名":null,"地番":"2735-40","精度区分":null,"座標値種別":"図上測量","筆界未定構成筆":null,"代表点緯度":4086.944,"代表点経度":16551.876157934}},{"type":"MultiPolygon","arcs":[[[-247,259,-157,-259]]],"properties":{"筆ID":"H000000101","version":"ver1.0","座標系":"任意座標系","測地系判別":null,"地図名":"美瑛町（２４００）・図郭座標無","地図番号":"切67-2","縮尺分母":"2400","市区町村コード":"01459","市区町村名":"上川郡美瑛町","大字コード":"000","丁目コード":"000","小字コード":"0023","予備コード":"00","大字名":null,"丁目名":null,"小字名":"字俵真布","予備名":null,"地番":"2735-41","精度区分":null,"座標値種別":"図上測量","筆界未定構成筆":null,"代表点緯度":4075.666,"代表点経度":16562.673642256}},{"type":"MultiPolygon","arcs":[[[-249,260,-158,-260]]],"properties":{"筆ID":"H000000102","version":"ver1.0","座標系":"任意座標系","測地系判別":null,"地図名":"美瑛町（２４００）・図郭座標無","地図番号":"切67-2","縮尺分母":"2400","市区町村コード":"01459","市区町村名":"上川郡美瑛町","大字コード":"000","丁目コード":"000","小字コード":"0023","予備コード":"00","大字名":null,"丁目名":null,"小字名":"字俵真布","予備名":null,"地番":"2735-42","精度区分":null,"座標値種別":"図上測量","筆界未定構成筆":null,"代表点緯度":4064.3575,"代表点経度":16573.502749519}},{"type":"MultiPolygon","arcs":[[[-250,-159,-261]]],"properties":{"筆ID":"H000000103","version":"ver1.0","座標系":"任意座標系","測地系判別":null,"地図名":"美瑛町（２４００）・図郭座標無","地図番号":"切67-2","縮尺分母":"2400","市区町村コード":"01459","市区町村名":"上川郡美瑛町","大字コード":"000","丁目コード":"000","小字コード":"0023","予備コード":"00","大字名":null,"丁目名":null,"小字名":"字俵真布","予備名":null,"地番":"2735-43","精度区分":null,"座標値種別":"図上測量","筆界未定構成筆":null,"代表点緯度":4051.681,"代表点経度":16585.646556559}},{"type":"MultiPolygon","arcs":[[[261,262,-199]]],"properties":{"筆ID":"H000000104","version":"ver1.0","座標系":"任意座標系","測地系判別":null,"地図名":"美瑛町（２４００）・図郭座標無","地図番号":"切67-2","縮尺分母":"2400","市区町村コード":"01459","市区町村名":"上川郡美瑛町","大字コード":"000","丁目コード":"000","小字コード":"0023","予備コード":"00","大字名":null,"丁目名":null,"小字名":"字俵真布","予備名":null,"地番":"2735-44","精度区分":null,"座標値種別":"図上測量","筆界未定構成筆":null,"代表点緯度":4192.132,"代表点経度":16389.833254658}},{"type":"MultiPolygon","arcs":[[[-189,263,264,-262]]],"properties":{"筆ID":"H000000105","version":"ver1.0","座標系":"任意座標系","測地系判別":null,"地図名":"美瑛町（２４００）・図郭座標無","地図番号":"切67-2","縮尺分母":"2400","市区町村コード":"01459","市区町村名":"上川郡美瑛町","大字コード":"000","丁目コード":"000","小字コード":"0023","予備コード":"00","大字名":null,"丁目名":null,"小字名":"字俵真布","予備名":null,"地番":"2735-45","精度区分":null,"座標値種別":"図上測量","筆界未定構成筆":null,"代表点緯度":4175.4555,"代表点経度":16405.769741057}},{"type":"MultiPolygon","arcs":[[[-188,265,266,-264]]],"properties":{"筆ID":"H000000106","version":"ver1.0","座標系":"任意座標系","測地系判別":null,"地図名":"美瑛町（２４００）・図郭座標無","地図番号":"切67-2","縮尺分母":"2400","市区町村コード":"01459","市区町村名":"上川郡美瑛町","大字コード":"000","丁目コード":"000","小字コード":"0023","予備コード":"00","大字名":null,"丁目名":null,"小字名":"字俵真布","予備名":null,"地番":"2735-46","精度区分":null,"座標値種別":"図上測量","筆界未定構成筆":null,"代表点緯度":4162.8135,"代表点経度":16418.05459126}},{"type":"MultiPolygon","arcs":[[[-187,267,-266]]],"properties":{"筆ID":"H000000107","version":"ver1.0","座標系":"任意座標系","測地系判別":null,"地図名":"美瑛町（２４００）・図郭座標無","地図番号":"切67-2","縮尺分母":"2400","市区町村コード":"01459","市区町村名":"上川郡美瑛町","大字コード":"000","丁目コード":"000","小字コード":"0023","予備コード":"00","大字名":null,"丁目名":null,"小字名":"字俵真布","予備名":null,"地番":"2735-47","精度区分":null,"座標値種別":"図上測量","筆界未定構成筆":null,"代表点緯度":4148.8475,"代表点経度":16430.167554327}},{"type":"MultiPolygon","arcs":[[[-172,268,269,-185]]],"properties":{"筆ID":"H000000108","version":"ver1.0","座標系":"任意座標系","測地系判別":null,"地図名":"美瑛町（２４００）・図郭座標無","地図番号":"切67-2","縮尺分母":"2400","市区町村コード":"01459","市区町村名":"上川郡美瑛町","大字コード":"000","丁目コード":"000","小字コード":"0023","予備コード":"00","大字名":null,"丁目名":null,"小字名":"字俵真布","予備名":null,"地番":"2735-48","精度区分":null,"座標値種別":"図上測量","筆界未定構成筆":null,"代表点緯度":4131.8585,"代表点経度":16447.634091524}},{"type":"MultiPolygon","arcs":[[[-171,270,271,-269]]],"properties":{"筆ID":"H000000109","version":"ver1.0","座標系":"任意座標系","測地系判別":null,"地図名":"美瑛町（２４００）・図郭座標無","地図番号":"切67-2","縮尺分母":"2400","市区町村コード":"01459","市区町村名":"上川郡美瑛町","大字コード":"000","丁目コード":"000","小字コード":"0023","予備コード":"00","大字名":null,"丁目名":null,"小字名":"字俵真布","予備名":null,"地番":"2735-49","精度区分":null,"座標値種別":"図上測量","筆界未定構成筆":null,"代表点緯度":4119.768,"代表点経度":16459.18262477}},{"type":"MultiPolygon","arcs":[[[-170,272,273,-271]]],"properties":{"筆ID":"H000000110","version":"ver1.0","座標系":"任意座標系","測地系判別":null,"地図名":"美瑛町（２４００）・図郭座標無","地図番号":"切67-2","縮尺分母":"2400","市区町村コード":"01459","市区町村名":"上川郡美瑛町","大字コード":"000","丁目コード":"000","小字コード":"0023","予備コード":"00","大字名":null,"丁目名":null,"小字名":"字俵真布","予備名":null,"地番":"2735-50","精度区分":null,"座標値種別":"図上測量","筆界未定構成筆":null,"代表点緯度":4108.1995,"代表点経度":16470.136394769}},{"type":"MultiPolygon","arcs":[[[-169,274,275,-273]]],"properties":{"筆ID":"H000000111","version":"ver1.0","座標系":"任意座標系","測地系判別":null,"地図名":"美瑛町（２４００）・図郭座標無","地図番号":"切67-2","縮尺分母":"2400","市区町村コード":"01459","市区町村名":"上川郡美瑛町","大字コード":"000","丁目コード":"000","小字コード":"0023","予備コード":"00","大字名":null,"丁目名":null,"小字名":"字俵真布","予備名":null,"地番":"2735-51","精度区分":null,"座標値種別":"図上測量","筆界未定構成筆":null,"代表点緯度":4096.8345,"代表点経度":16480.899684803}},{"type":"MultiPolygon","arcs":[[[-168,276,-275]]],"properties":{"筆ID":"H000000112","version":"ver1.0","座標系":"任意座標系","測地系判別":null,"地図名":"美瑛町（２４００）・図郭座標無","地図番号":"切67-2","縮尺分母":"2400","市区町村コード":"01459","市区町村名":"上川郡美瑛町","大字コード":"000","丁目コード":"000","小字コード":"0023","予備コード":"00","大字名":null,"丁目名":null,"小字名":"字俵真布","予備名":null,"地番":"2735-52","精度区分":null,"座標値種別":"図上測量","筆界未定構成筆":null,"代表点緯度":4084.4335,"代表点経度":16491.454920743}},{"type":"MultiPolygon","arcs":[[[-153,277,278,-166]]],"properties":{"筆ID":"H000000113","version":"ver1.0","座標系":"任意座標系","測地系判別":null,"地図名":"美瑛町（２４００）・図郭座標無","地図番号":"切67-2","縮尺分母":"2400","市区町村コード":"01459","市区町村名":"上川郡美瑛町","大字コード":"000","丁目コード":"000","小字コード":"0023","予備コード":"00","大字名":null,"丁目名":null,"小字名":"字俵真布","予備名":null,"地番":"2735-53","精度区分":null,"座標値種別":"図上測量","筆界未定構成筆":null,"代表点緯度":4068.1585,"代表点経度":16508.273565657}},{"type":"MultiPolygon","arcs":[[[-152,279,280,-278]]],"properties":{"筆ID":"H000000114","version":"ver1.0","座標系":"任意座標系","測地系判別":null,"地図名":"美瑛町（２４００）・図郭座標無","地図番号":"切67-2","縮尺分母":"2400","市区町村コード":"01459","市区町村名":"上川郡美瑛町","大字コード":"000","丁目コード":"000","小字コード":"0023","予備コード":"00","大字名":null,"丁目名":null,"小字名":"字俵真布","予備名":null,"地番":"2735-54","精度区分":null,"座標値種別":"図上測量","筆界未定構成筆":null,"代表点緯度":4056.184,"代表点経度":16519.833013755}},{"type":"MultiPolygon","arcs":[[[-151,281,282,-280]]],"properties":{"筆ID":"H000000115","version":"ver1.0","座標系":"任意座標系","測地系判別":null,"地図名":"美瑛町（２４００）・図郭座標無","地図番号":"切67-2","縮尺分母":"2400","市区町村コード":"01459","市区町村名":"上川郡美瑛町","大字コード":"000","丁目コード":"000","小字コード":"0023","予備コード":"00","大字名":null,"丁目名":null,"小字名":"字俵真布","予備名":null,"地番":"2735-55","精度区分":null,"座標値種別":"図上測量","筆界未定構成筆":null,"代表点緯度":4044.866,"代表点経度":16530.544976623}},{"type":"MultiPolygon","arcs":[[[-150,283,284,-282]]],"properties":{"筆ID":"H000000116","version":"ver1.0","座標系":"任意座標系","測地系判別":null,"地図名":"美瑛町（２４００）・図郭座標無","地図番号":"切67-2","縮尺分母":"2400","市区町村コード":"01459","市区町村名":"上川郡美瑛町","大字コード":"000","丁目コード":"000","小字コード":"0023","予備コード":"00","大字名":null,"丁目名":null,"小字名":"字俵真布","予備名":null,"地番":"2735-56","精度区分":null,"座標値種別":"図上測量","筆界未定構成筆":null,"代表点緯度":4033.64,"代表点経度":16541.376034021}},{"type":"MultiPolygon","arcs":[[[-149,285,-284]]],"properties":{"筆ID":"H000000117","version":"ver1.0","座標系":"任意座標系","測地系判別":null,"地図名":"美瑛町（２４００）・図郭座標無","地図番号":"切67-2","縮尺分母":"2400","市区町村コード":"01459","市区町村名":"上川郡美瑛町","大字コード":"000","丁目コード":"000","小字コード":"0023","予備コード":"00","大字名":null,"丁目名":null,"小字名":"字俵真布","予備名":null,"地番":"2735-57","精度区分":null,"座標値種別":"図上測量","筆界未定構成筆":null,"代表点緯度":4020.3615,"代表点経度":16552.949885086}},{"type":"MultiPolygon","arcs":[[[286,287,288,289,290,291,292,293,294,295,296,297,298,299,300,301,302,303,304,305,306,307,308,309,310,311,312,313,314,315,316,317,318,319,-310,320,321,322,323,324,-303,325,326,327,328,329,330,331,332,333,334,335,336,337,338,339,340,341,342,343,344,345,346]]],"properties":{"筆ID":"H000000118","version":"ver1.0","座標系":"任意座標系","測地系判別":null,"地図名":"美瑛町（２４００）・図郭座標無","地図番号":"切67-2","縮尺分母":"2400","市区町村コード":"01459","市区町村名":"上川郡美瑛町","大字コード":"000","丁目コード":"000","小字コード":"0023","予備コード":"00","大字名":null,"丁目名":null,"小字名":"字俵真布","予備名":null,"地番":"2736-1","精度区分":null,"座標値種別":"図上測量","筆界未定構成筆":null,"代表点緯度":4382.6385,"代表点経度":16354.684706922}},{"type":"MultiPolygon","arcs":[[[347,-296,348]]],"properties":{"筆ID":"H000000119","version":"ver1.0","座標系":"任意座標系","測地系判別":null,"地図名":"美瑛町（２４００）・図郭座標無","地図番号":"切67-2","縮尺分母":"2400","市区町村コード":"01459","市区町村名":"上川郡美瑛町","大字コード":"000","丁目コード":"000","小字コード":"0023","予備コード":"00","大字名":null,"丁目名":null,"小字名":"字俵真布","予備名":null,"地番":"2736-2","精度区分":null,"座標値種別":"図上測量","筆界未定構成筆":null,"代表点緯度":4310.813,"代表点経度":16454.95568717}},{"type":"MultiPolygon","arcs":[[[349,-349,-295,350]]],"properties":{"筆ID":"H000000120","version":"ver1.0","座標系":"任意座標系","測地系判別":null,"地図名":"美瑛町（２４００）・図郭座標無","地図番号":"切67-2","縮尺分母":"2400","市区町村コード":"01459","市区町村名":"上川郡美瑛町","大字コード":"000","丁目コード":"000","小字コード":"0023","予備コード":"00","大字名":null,"丁目名":null,"小字名":"字俵真布","予備名":null,"地番":"2736-3","精度区分":null,"座標値種別":"図上測量","筆界未定構成筆":null,"代表点緯度":4315.114,"代表点経度":16434.449738475}},{"type":"MultiPolygon","arcs":[[[351,-351,-294]]],"properties":{"筆ID":"H000000121","version":"ver1.0","座標系":"任意座標系","測地系判別":null,"地図名":"美瑛町（２４００）・図郭座標無","地図番号":"切67-2","縮尺分母":"2400","市区町村コード":"01459","市区町村名":"上川郡美瑛町","大字コード":"000","丁目コード":"000","小字コード":"0023","予備コード":"00","大字名":null,"丁目名":null,"小字名":"字俵真布","予備名":null,"地番":"2736-4","精度区分":null,"座標値種別":"図上測量","筆界未定構成筆":null,"代表点緯度":4345.539,"代表点経度":16406.39855702}},{"type":"MultiPolygon","arcs":[[[352,-292,353]]],"properties":{"筆ID":"H000000122","version":"ver1.0","座標系":"任意座標系","測地系判別":null,"地図名":"美瑛町（２４００）・図郭座標無","地図番号":"切67-2","縮尺分母":"2400","市区町村コード":"01459","市区町村名":"上川郡美瑛町","大字コード":"000","丁目コード":"000","小字コード":"0023","予備コード":"00","大字名":null,"丁目名":null,"小字名":"字俵真布","予備名":null,"地番":"2736-5","精度区分":null,"座標値種別":"図上測量","筆界未定構成筆":null,"代表点緯度":4379.515,"代表点経度":16375.40922188}},{"type":"MultiPolygon","arcs":[[[354,-354,-291]]],"properties":{"筆ID":"H000000123","version":"ver1.0","座標系":"任意座標系","測地系判別":null,"地図名":"美瑛町（２４００）・図郭座標無","地図番号":"切67-2","縮尺分母":"2400","市区町村コード":"01459","市区町村名":"上川郡美瑛町","大字コード":"000","丁目コード":"000","小字コード":"0023","予備コード":"00","大字名":null,"丁目名":null,"小字名":"字俵真布","予備名":null,"地番":"2736-6","精度区分":null,"座標値種別":"図上測量","筆界未定構成筆":null,"代表点緯度":4409.2445,"代表点経度":16348.229197924}},{"type":"MultiPolygon","arcs":[[[355,-289,356]]],"properties":{"筆ID":"H000000124","version":"ver1.0","座標系":"任意座標系","測地系判別":null,"地図名":"美瑛町（２４００）・図郭座標無","地図番号":"切67-2","縮尺分母":"2400","市区町村コード":"01459","市区町村名":"上川郡美瑛町","大字コード":"000","丁目コード":"000","小字コード":"0023","予備コード":"00","大字名":null,"丁目名":null,"小字名":"字俵真布","予備名":null,"地番":"2736-7","精度区分":null,"座標値種別":"図上測量","筆界未定構成筆":null,"代表点緯度":4440.351,"代表点経度":16319.781984089}},{"type":"MultiPolygon","arcs":[[[357,-357,-288,358]]],"properties":{"筆ID":"H000000125","version":"ver1.0","座標系":"任意座標系","測地系判別":null,"地図名":"美瑛町（２４００）・図郭座標無","地図番号":"切67-2","縮尺分母":"2400","市区町村コード":"01459","市区町村名":"上川郡美瑛町","大字コード":"000","丁目コード":"000","小字コード":"0023","予備コード":"00","大字名":null,"丁目名":null,"小字名":"字俵真布","予備名":null,"地番":"2736-8","精度区分":null,"座標値種別":"図上測量","筆界未定構成筆":null,"代表点緯度":4464.762,"代表点経度":16305.642745216}},{"type":"MultiPolygon","arcs":[[[359,-359,-287]]],"properties":{"筆ID":"H000000126","version":"ver1.0","座標系":"任意座標系","測地系判別":null,"地図名":"美瑛町（２４００）・図郭座標無","地図番号":"切67-2","縮尺分母":"2400","市区町村コード":"01459","市区町村名":"上川郡美瑛町","大字コード":"000","丁目コード":"000","小字コード":"0023","予備コード":"00","大字名":null,"丁目名":null,"小字名":"字俵真布","予備名":null,"地番":"2736-9","精度区分":null,"座標値種別":"図上測量","筆界未定構成筆":null,"代表点緯度":4511.0955,"代表点経度":16310.502625974}},{"type":"MultiPolygon","arcs":[[[-298,360,361,362]]],"properties":{"筆ID":"H000000127","version":"ver1.0","座標系":"任意座標系","測地系判別":null,"地図名":"美瑛町（２４００）・図郭座標無","地図番号":"切67-2","縮尺分母":"2400","市区町村コード":"01459","市区町村名":"上川郡美瑛町","大字コード":"000","丁目コード":"000","小字コード":"0023","予備コード":"00","大字名":null,"丁目名":null,"小字名":"字俵真布","予備名":null,"地番":"2736-10","精度区分":null,"座標値種別":"図上測量","筆界未定構成筆":null,"代表点緯度":4282.4335,"代表点経度":16418.840815876}},{"type":"MultiPolygon","arcs":[[[-299,-363,363,364]]],"properties":{"筆ID":"H000000128","version":"ver1.0","座標系":"任意座標系","測地系判別":null,"地図名":"美瑛町（２４００）・図郭座標無","地図番号":"切67-2","縮尺分母":"2400","市区町村コード":"01459","市区町村名":"上川郡美瑛町","大字コード":"000","丁目コード":"000","小字コード":"0023","予備コード":"00","大字名":null,"丁目名":null,"小字名":"字俵真布","予備名":null,"地番":"2736-11","精度区分":null,"座標値種別":"図上測量","筆界未定構成筆":null,"代表点緯度":4299.845,"代表点経度":16402.928400218}},{"type":"MultiPolygon","arcs":[[[-300,-365,365,366]]],"properties":{"筆ID":"H000000129","version":"ver1.0","座標系":"任意座標系","測地系判別":null,"地図名":"美瑛町（２４００）・図郭座標無","地図番号":"切67-2","縮尺分母":"2400","市区町村コード":"01459","市区町村名":"上川郡美瑛町","大字コード":"000","丁目コード":"000","小字コード":"0023","予備コード":"00","大字名":null,"丁目名":null,"小字名":"字俵真布","予備名":null,"地番":"2736-12","精度区分":null,"座標値種別":"図上測量","筆界未定構成筆":null,"代表点緯度":4313.345,"代表点経度":16389.877075441}},{"type":"MultiPolygon","arcs":[[[-367,367,-301]]],"properties":{"筆ID":"H000000130","version":"ver1.0","座標系":"任意座標系","測地系判別":null,"地図名":"美瑛町（２４００）・図郭座標無","地図番号":"切67-2","縮尺分母":"2400","市区町村コード":"01459","市区町村名":"上川郡美瑛町","大字コード":"000","丁目コード":"000","小字コード":"0023","予備コード":"00","大字名":null,"丁目名":null,"小字名":"字俵真布","予備名":null,"地番":"2736-13","精度区分":null,"座標値種別":"図上測量","筆界未定構成筆":null,"代表点緯度":4326.677,"代表点経度":16376.999420205}},{"type":"MultiPolygon","arcs":[[[-305,368,369]]],"properties":{"筆ID":"H000000131","version":"ver1.0","座標系":"任意座標系","測地系判別":null,"地図名":"美瑛町（２４００）・図郭座標無","地図番号":"切67-2","縮尺分母":"2400","市区町村コード":"01459","市区町村名":"上川郡美瑛町","大字コード":"000","丁目コード":"000","小字コード":"0023","予備コード":"00","大字名":null,"丁目名":null,"小字名":"字俵真布","予備名":null,"地番":"2736-14","精度区分":null,"座標値種別":"図上測量","筆界未定構成筆":null,"代表点緯度":4343.2675,"代表点経度":16360.125864294}},{"type":"MultiPolygon","arcs":[[[-306,-370,370,371]]],"properties":{"筆ID":"H000000132","version":"ver1.0","座標系":"任意座標系","測地系判別":null,"地図名":"美瑛町（２４００）・図郭座標無","地図番号":"切67-2","縮尺分母":"2400","市区町村コード":"01459","市区町村名":"上川郡美瑛町","大字コード":"000","丁目コード":"000","小字コード":"0023","予備コード":"00","大字名":null,"丁目名":null,"小字名":"字俵真布","予備名":null,"地番":"2736-15","精度区分":null,"座標値種別":"図上測量","筆界未定構成筆":null,"代表点緯度":4355.6465,"代表点経度":16349.448102271}},{"type":"MultiPolygon","arcs":[[[-307,-372,372,373]]],"properties":{"筆ID":"H000000133","version":"ver1.0","座標系":"任意座標系","測地系判別":null,"地図名":"美瑛町（２４００）・図郭座標無","地図番号":"切67-2","縮尺分母":"2400","市区町村コード":"01459","市区町村名":"上川郡美瑛町","大字コード":"000","丁目コード":"000","小字コード":"0023","予備コード":"00","大字名":null,"丁目名":null,"小字名":"字俵真布","予備名":null,"地番":"2736-16","精度区分":null,"座標値種別":"図上測量","筆界未定構成筆":null,"代表点緯度":4367.04,"代表点経度":16338.651923306}},{"type":"MultiPolygon","arcs":[[[-308,-374,374,375]]],"properties":{"筆ID":"H000000134","version":"ver1.0","座標系":"任意座標系","測地系判別":null,"地図名":"美瑛町（２４００）・図郭座標無","地図番号":"切67-2","縮尺分母":"2400","市区町村コード":"01459","市区町村名":"上川郡美瑛町","大字コード":"000","丁目コード":"000","小字コード":"0023","予備コード":"00","大字名":null,"丁目名":null,"小字名":"字俵真布","予備名":null,"地番":"2736-17","精度区分":null,"座標値種別":"図上測量","筆界未定構成筆":null,"代表点緯度":4378.583,"代表点経度":16327.751256589}},{"type":"MultiPolygon","arcs":[[[-376,376,-309]]],"properties":{"筆ID":"H000000135","version":"ver1.0","座標系":"任意座標系","測地系判別":null,"地図名":"美瑛町（２４００）・図郭座標無","地図番号":"切67-2","縮尺分母":"2400","市区町村コード":"01459","市区町村名":"上川郡美瑛町","大字コード":"000","丁目コード":"000","小字コード":"0023","予備コード":"00","大字名":null,"丁目名":null,"小字名":"字俵真布","予備名":null,"地番":"2736-18","精度区分":null,"座標値種別":"図上測量","筆界未定構成筆":null,"代表点緯度":4390.936,"代表点経度":16316.137872688}},{"type":"MultiPolygon","arcs":[[[-311,377,378]]],"properties":{"筆ID":"H000000136","version":"ver1.0","座標系":"任意座標系","測地系判別":null,"地図名":"美瑛町（２４００）・図郭座標無","地図番号":"切67-2","縮尺分母":"2400","市区町村コード":"01459","市区町村名":"上川郡美瑛町","大字コード":"000","丁目コード":"000","小字コード":"0023","予備コード":"00","大字名":null,"丁目名":null,"小字名":"字俵真布","予備名":null,"地番":"2736-19","精度区分":null,"座標値種別":"図上測量","筆界未定構成筆":null,"代表点緯度":4407.658,"代表点経度":16299.005273901}},{"type":"MultiPolygon","arcs":[[[-312,-379,379,380]]],"properties":{"筆ID":"H000000137","version":"ver1.0","座標系":"任意座標系","測地系判別":null,"地図名":"美瑛町（２４００）・図郭座標無","地図番号":"切67-2","縮尺分母":"2400","市区町村コード":"01459","市区町村名":"上川郡美瑛町","大字コード":"000","丁目コード":"000","小字コード":"0023","予備コード":"00","大字名":null,"丁目名":null,"小字名":"字俵真布","予備名":null,"地番":"2736-20","精度区分":null,"座標値種別":"図上測量","筆界未定構成筆":null,"代表点緯度":4420.114,"代表点経度":16287.987363997}},{"type":"MultiPolygon","arcs":[[[-313,-381,381,382]]],"properties":{"筆ID":"H000000138","version":"ver1.0","座標系":"任意座標系","測地系判別":null,"地図名":"美瑛町（２４００）・図郭座標無","地図番号":"切67-2","縮尺分母":"2400","市区町村コード":"01459","市区町村名":"上川郡美瑛町","大字コード":"000","丁目コード":"000","小字コード":"0023","予備コード":"00","大字名":null,"丁目名":null,"小字名":"字俵真布","予備名":null,"地番":"2736-21","精度区分":null,"座標値種別":"図上測量","筆界未定構成筆":null,"代表点緯度":4430.791,"代表点経度":16277.715558205}},{"type":"MultiPolygon","arcs":[[[-314,-383,383,384]]],"properties":{"筆ID":"H000000139","version":"ver1.0","座標系":"任意座標系","測地系判別":null,"地図名":"美瑛町（２４００）・図郭座標無","地図番号":"切67-2","縮尺分母":"2400","市区町村コード":"01459","市区町村名":"上川郡美瑛町","大字コード":"000","丁目コード":"000","小字コード":"0023","予備コード":"00","大字名":null,"丁目名":null,"小字名":"字俵真布","予備名":null,"地番":"2736-22","精度区分":null,"座標値種別":"図上測量","筆界未定構成筆":null,"代表点緯度":4442.483,"代表点経度":16266.440492104}},{"type":"MultiPolygon","arcs":[[[-385,385,-315]]],"properties":{"筆ID":"H000000140","version":"ver1.0","座標系":"任意座標系","測地系判別":null,"地図名":"美瑛町（２４００）・図郭座標無","地図番号":"切67-2","縮尺分母":"2400","市区町村コード":"01459","市区町村名":"上川郡美瑛町","大字コード":"000","丁目コード":"000","小字コード":"0023","予備コード":"00","大字名":null,"丁目名":null,"小字名":"字俵真布","予備名":null,"地番":"2736-23","精度区分":null,"座標値種別":"図上測量","筆界未定構成筆":null,"代表点緯度":4455.1055,"代表点経度":16254.375108356}},{"type":"MultiPolygon","arcs":[[[-362,386,-329,387]]],"properties":{"筆ID":"H000000141","version":"ver1.0","座標系":"任意座標系","測地系判別":null,"地図名":"美瑛町（２４００）・図郭座標無","地図番号":"切67-2","縮尺分母":"2400","市区町村コード":"01459","市区町村名":"上川郡美瑛町","大字コード":"000","丁目コード":"000","小字コード":"0023","予備コード":"00","大字名":null,"丁目名":null,"小字名":"字俵真布","予備名":null,"地番":"2736-24","精度区分":null,"座標値種別":"図上測量","筆界未定構成筆":null,"代表点緯度":4256.092,"代表点経度":16391.188966606}},{"type":"MultiPolygon","arcs":[[[-364,-388,-328,388]]],"properties":{"筆ID":"H000000142","version":"ver1.0","座標系":"任意座標系","測地系判別":null,"地図名":"美瑛町（２４００）・図郭座標無","地図番号":"切67-2","縮尺分母":"2400","市区町村コード":"01459","市区町村名":"上川郡美瑛町","大字コード":"000","丁目コード":"000","小字コード":"0023","予備コード":"00","大字名":null,"丁目名":null,"小字名":"字俵真布","予備名":null,"地番":"2736-25","精度区分":null,"座標値種別":"図上測量","筆界未定構成筆":null,"代表点緯度":4273.0515,"代表点経度":16374.881148141}},{"type":"MultiPolygon","arcs":[[[-366,-389,-327,389]]],"properties":{"筆ID":"H000000143","version":"ver1.0","座標系":"任意座標系","測地系判別":null,"地図名":"美瑛町（２４００）・図郭座標無","地図番号":"切67-2","縮尺分母":"2400","市区町村コード":"01459","市区町村名":"上川郡美瑛町","大字コード":"000","丁目コード":"000","小字コード":"0023","予備コード":"00","大字名":null,"丁目名":null,"小字名":"字俵真布","予備名":null,"地番":"2736-26","精度区分":null,"座標値種別":"図上測量","筆界未定構成筆":null,"代表点緯度":4286.57,"代表点経度":16361.919832316}},{"type":"MultiPolygon","arcs":[[[-368,-390,-326,-302]]],"properties":{"筆ID":"H000000144","version":"ver1.0","座標系":"任意座標系","測地系判別":null,"地図名":"美瑛町（２４００）・図郭座標無","地図番号":"切67-2","縮尺分母":"2400","市区町村コード":"01459","市区町村名":"上川郡美瑛町","大字コード":"000","丁目コード":"000","小字コード":"0023","予備コード":"00","大字名":null,"丁目名":null,"小字名":"字俵真布","予備名":null,"地番":"2736-27","精度区分":null,"座標値種別":"図上測量","筆界未定構成筆":null,"代表点緯度":4300.452,"代表点経度":16349.556140088}},{"type":"MultiPolygon","arcs":[[[-369,-304,-325,390]]],"properties":{"筆ID":"H000000145","version":"ver1.0","座標系":"任意座標系","測地系判別":null,"地図名":"美瑛町（２４００）・図郭座標無","地図番号":"切67-2","縮尺分母":"2400","市区町村コード":"01459","市区町村名":"上川郡美瑛町","大字コード":"000","丁目コード":"000","小字コード":"0023","予備コード":"00","大字名":null,"丁目名":null,"小字名":"字俵真布","予備名":null,"地番":"2736-28","精度区分":null,"座標値種別":"図上測量","筆界未定構成筆":null,"代表点緯度":4317.006,"代表点経度":16332.768139356}},{"type":"MultiPolygon","arcs":[[[-371,-391,-324,391]]],"properties":{"筆ID":"H000000146","version":"ver1.0","座標系":"任意座標系","測地系判別":null,"地図名":"美瑛町（２４００）・図郭座標無","地図番号":"切67-2","縮尺分母":"2400","市区町村コード":"01459","市区町村名":"上川郡美瑛町","大字コード":"000","丁目コード":"000","小字コード":"0023","予備コード":"00","大字名":null,"丁目名":null,"小字名":"字俵真布","予備名":null,"地番":"2736-29","精度区分":null,"座標値種別":"図上測量","筆界未定構成筆":null,"代表点緯度":4328.881,"代表点経度":16321.518088352}},{"type":"MultiPolygon","arcs":[[[-373,-392,-323,392]]],"properties":{"筆ID":"H000000147","version":"ver1.0","座標系":"任意座標系","測地系判別":null,"地図名":"美瑛町（２４００）・図郭座標無","地図番号":"切67-2","縮尺分母":"2400","市区町村コード":"01459","市区町村名":"上川郡美瑛町","大字コード":"000","丁目コード":"000","小字コード":"0023","予備コード":"00","大字名":null,"丁目名":null,"小字名":"字俵真布","予備名":null,"地番":"2736-30","精度区分":null,"座標値種別":"図上測量","筆界未定構成筆":null,"代表点緯度":4340.239,"代表点経度":16310.698744015}},{"type":"MultiPolygon","arcs":[[[-375,-393,-322,393]]],"properties":{"筆ID":"H000000148","version":"ver1.0","座標系":"任意座標系","測地系判別":null,"地図名":"美瑛町（２４００）・図郭座標無","地図番号":"切67-2","縮尺分母":"2400","市区町村コード":"01459","市区町村名":"上川郡美瑛町","大字コード":"000","丁目コード":"000","小字コード":"0023","予備コード":"00","大字名":null,"丁目名":null,"小字名":"字俵真布","予備名":null,"地番":"2736-31","精度区分":null,"座標値種別":"図上測量","筆界未定構成筆":null,"代表点緯度":4351.676,"代表点経度":16299.840416055}},{"type":"MultiPolygon","arcs":[[[-377,-394,-321]]],"properties":{"筆ID":"H000000149","version":"ver1.0","座標系":"任意座標系","測地系判別":null,"地図名":"美瑛町（２４００）・図郭座標無","地図番号":"切67-2","縮尺分母":"2400","市区町村コード":"01459","市区町村名":"上川郡美瑛町","大字コード":"000","丁目コード":"000","小字コード":"0023","予備コード":"00","大字名":null,"丁目名":null,"小字名":"字俵真布","予備名":null,"地番":"2736-32","精度区分":null,"座標値種別":"図上測量","筆界未定構成筆":null,"代表点緯度":4364.697,"代表点経度":16288.891732888}},{"type":"MultiPolygon","arcs":[[[-378,-320,394]]],"properties":{"筆ID":"H000000150","version":"ver1.0","座標系":"任意座標系","測地系判別":null,"地図名":"美瑛町（２４００）・図郭座標無","地図番号":"切67-2","縮尺分母":"2400","市区町村コード":"01459","市区町村名":"上川郡美瑛町","大字コード":"000","丁目コード":"000","小字コード":"0023","予備コード":"00","大字名":null,"丁目名":null,"小字名":"字俵真布","予備名":null,"地番":"2736-33","精度区分":null,"座標値種別":"図上測量","筆界未定構成筆":null,"代表点緯度":4381.304,"代表点経度":16271.611472972}},{"type":"MultiPolygon","arcs":[[[-380,-395,-319,395]]],"properties":{"筆ID":"H000000151","version":"ver1.0","座標系":"任意座標系","測地系判別":null,"地図名":"美瑛町（２４００）・図郭座標無","地図番号":"切67-2","縮尺分母":"2400","市区町村コード":"01459","市区町村名":"上川郡美瑛町","大字コード":"000","丁目コード":"000","小字コード":"0023","予備コード":"00","大字名":null,"丁目名":null,"小字名":"字俵真布","予備名":null,"地番":"2736-34","精度区分":null,"座標値種別":"図上測量","筆界未定構成筆":null,"代表点緯度":4393.326,"代表点経度":16260.10619157}},{"type":"MultiPolygon","arcs":[[[-382,-396,-318,396]]],"properties":{"筆ID":"H000000152","version":"ver1.0","座標系":"任意座標系","測地系判別":null,"地図名":"美瑛町（２４００）・図郭座標無","地図番号":"切67-2","縮尺分母":"2400","市区町村コード":"01459","市区町村名":"上川郡美瑛町","大字コード":"000","丁目コード":"000","小字コード":"0023","予備コード":"00","大字名":null,"丁目名":null,"小字名":"字俵真布","予備名":null,"地番":"2736-35","精度区分":null,"座標値種別":"図上測量","筆界未定構成筆":null,"代表点緯度":4404.065,"代表点経度":16249.79150821}},{"type":"MultiPolygon","arcs":[[[-384,-397,-317,397]]],"properties":{"筆ID":"H000000153","version":"ver1.0","座標系":"任意座標系","測地系判別":null,"地図名":"美瑛町（２４００）・図郭座標無","地図番号":"切67-2","縮尺分母":"2400","市区町村コード":"01459","市区町村名":"上川郡美瑛町","大字コード":"000","丁目コード":"000","小字コード":"0023","予備コード":"00","大字名":null,"丁目名":null,"小字名":"字俵真布","予備名":null,"地番":"2736-36","精度区分":null,"座標値種別":"図上測量","筆界未定構成筆":null,"代表点緯度":4415.7315,"代表点経度":16238.566901722}},{"type":"MultiPolygon","arcs":[[[-386,-398,-316]]],"properties":{"筆ID":"H000000154","version":"ver1.0","座標系":"任意座標系","測地系判別":null,"地図名":"美瑛町（２４００）・図郭座標無","地図番号":"切67-2","縮尺分母":"2400","市区町村コード":"01459","市区町村名":"上川郡美瑛町","大字コード":"000","丁目コード":"000","小字コード":"0023","予備コード":"00","大字名":null,"丁目名":null,"小字名":"字俵真布","予備名":null,"地番":"2736-37","精度区分":null,"座標値種別":"図上測量","筆界未定構成筆":null,"代表点緯度":4428.837,"代表点経度":16226.994078859}},{"type":"MultiPolygon","arcs":[[[-331,398,399]]],"properties":{"筆ID":"H000000155","version":"ver1.0","座標系":"任意座標系","測地系判別":null,"地図名":"美瑛町（２４００）・図郭座標無","地図番号":"切67-2","縮尺分母":"2400","市区町村コード":"01459","市区町村名":"上川郡美瑛町","大字コード":"000","丁目コード":"000","小字コード":"0023","予備コード":"00","大字名":null,"丁目名":null,"小字名":"字俵真布","予備名":null,"地番":"2736-38","精度区分":null,"座標値種別":"図上測量","筆界未定構成筆":null,"代表点緯度":4224.713,"代表点経度":16358.174288931}},{"type":"MultiPolygon","arcs":[[[-332,-400,400,401]]],"properties":{"筆ID":"H000000156","version":"ver1.0","座標系":"任意座標系","測地系判別":null,"地図名":"美瑛町（２４００）・図郭座標無","地図番号":"切67-2","縮尺分母":"2400","市区町村コード":"01459","市区町村名":"上川郡美瑛町","大字コード":"000","丁目コード":"000","小字コード":"0023","予備コード":"00","大字名":null,"丁目名":null,"小字名":"字俵真布","予備名":null,"地番":"2736-39","精度区分":null,"座標値種別":"図上測量","筆界未定構成筆":null,"代表点緯度":4242.2025,"代表点経度":16342.510317649}},{"type":"MultiPolygon","arcs":[[[-333,-402,402,403]]],"properties":{"筆ID":"H000000157","version":"ver1.0","座標系":"任意座標系","測地系判別":null,"地図名":"美瑛町（２４００）・図郭座標無","地図番号":"切67-2","縮尺分母":"2400","市区町村コード":"01459","市区町村名":"上川郡美瑛町","大字コード":"000","丁目コード":"000","小字コード":"0023","予備コード":"00","大字名":null,"丁目名":null,"小字名":"字俵真布","予備名":null,"地番":"2736-40","精度区分":null,"座標値種別":"図上測量","筆界未定構成筆":null,"代表点緯度":4255.672,"代表点経度":16329.672009367}},{"type":"MultiPolygon","arcs":[[[-404,404,-334]]],"properties":{"筆ID":"H000000158","version":"ver1.0","座標系":"任意座標系","測地系判別":null,"地図名":"美瑛町（２４００）・図郭座標無","地図番号":"切67-2","縮尺分母":"2400","市区町村コード":"01459","市区町村名":"上川郡美瑛町","大字コード":"000","丁目コード":"000","小字コード":"0023","予備コード":"00","大字名":null,"丁目名":null,"小字名":"字俵真布","予備名":null,"地番":"2736-41","精度区分":null,"座標値種別":"図上測量","筆界未定構成筆":null,"代表点緯度":4269.104,"代表点経度":16316.844698873}},{"type":"MultiPolygon","arcs":[[[-336,405,406]]],"properties":{"筆ID":"H000000159","version":"ver1.0","座標系":"任意座標系","測地系判別":null,"地図名":"美瑛町（２４００）・図郭座標無","地図番号":"切67-2","縮尺分母":"2400","市区町村コード":"01459","市区町村名":"上川郡美瑛町","大字コード":"000","丁目コード":"000","小字コード":"0023","予備コード":"00","大字名":null,"丁目名":null,"小字名":"字俵真布","予備名":null,"地番":"2736-42","精度区分":null,"座標値種別":"図上測量","筆界未定構成筆":null,"代表点緯度":4285.5525,"代表点経度":16299.835824157}},{"type":"MultiPolygon","arcs":[[[-337,-407,407,408]]],"properties":{"筆ID":"H000000160","version":"ver1.0","座標系":"任意座標系","測地系判別":null,"地図名":"美瑛町（２４００）・図郭座標無","地図番号":"切67-2","縮尺分母":"2400","市区町村コード":"01459","市区町村名":"上川郡美瑛町","大字コード":"000","丁目コード":"000","小字コード":"0023","予備コード":"00","大字名":null,"丁目名":null,"小字名":"字俵真布","予備名":null,"地番":"2736-43","精度区分":null,"座標値種別":"図上測量","筆界未定構成筆":null,"代表点緯度":4297.932,"代表点経度":16289.317214573}},{"type":"MultiPolygon","arcs":[[[-338,-409,409,410]]],"properties":{"筆ID":"H000000161","version":"ver1.0","座標系":"任意座標系","測地系判別":null,"地図名":"美瑛町（２４００）・図郭座標無","地図番号":"切67-2","縮尺分母":"2400","市区町村コード":"01459","市区町村名":"上川郡美瑛町","大字コード":"000","丁目コード":"000","小字コード":"0023","予備コード":"00","大字名":null,"丁目名":null,"小字名":"字俵真布","予備名":null,"地番":"2736-44","精度区分":null,"座標値種別":"図上測量","筆界未定構成筆":null,"代表点緯度":4309.2995,"代表点経度":16278.506413281}},{"type":"MultiPolygon","arcs":[[[-339,-411,411,412]]],"properties":{"筆ID":"H000000162","version":"ver1.0","座標系":"任意座標系","測地系判別":null,"地図名":"美瑛町（２４００）・図郭座標無","地図番号":"切67-2","縮尺分母":"2400","市区町村コード":"01459","市区町村名":"上川郡美瑛町","大字コード":"000","丁目コード":"000","小字コード":"0023","予備コード":"00","大字名":null,"丁目名":null,"小字名":"字俵真布","予備名":null,"地番":"2736-45","精度区分":null,"座標値種別":"図上測量","筆界未定構成筆":null,"代表点緯度":4320.788,"代表点経度":16267.560342194}},{"type":"MultiPolygon","arcs":[[[-413,413,-340]]],"properties":{"筆ID":"H000000163","version":"ver1.0","座標系":"任意座標系","測地系判別":null,"地図名":"美瑛町（２４００）・図郭座標無","地図番号":"切67-2","縮尺分母":"2400","市区町村コード":"01459","市区町村名":"上川郡美瑛町","大字コード":"000","丁目コード":"000","小字コード":"0023","予備コード":"00","大字名":null,"丁目名":null,"小字名":"字俵真布","予備名":null,"地番":"2736-46","精度区分":null,"座標値種別":"図上測量","筆界未定構成筆":null,"代表点緯度":4332.984,"代表点経度":16255.94648666}},{"type":"MultiPolygon","arcs":[[[-342,414,415]]],"properties":{"筆ID":"H000000164","version":"ver1.0","座標系":"任意座標系","測地系判別":null,"地図名":"美瑛町（２４００）・図郭座標無","地図番号":"切67-2","縮尺分母":"2400","市区町村コード":"01459","市区町村名":"上川郡美瑛町","大字コード":"000","丁目コード":"000","小字コード":"0023","予備コード":"00","大字名":null,"丁目名":null,"小字名":"字俵真布","予備名":null,"地番":"2736-47","精度区分":null,"座標値種別":"図上測量","筆界未定構成筆":null,"代表点緯度":4349.7645,"代表点経度":16238.729892394}},{"type":"MultiPolygon","arcs":[[[-343,-416,416,417]]],"properties":{"筆ID":"H000000165","version":"ver1.0","座標系":"任意座標系","測地系判別":null,"地図名":"美瑛町（２４００）・図郭座標無","地図番号":"切67-2","縮尺分母":"2400","市区町村コード":"01459","市区町村名":"上川郡美瑛町","大字コード":"000","丁目コード":"000","小字コード":"0023","予備コード":"00","大字名":null,"丁目名":null,"小字名":"字俵真布","予備名":null,"地番":"2736-48","精度区分":null,"座標値種別":"図上測量","筆界未定構成筆":null,"代表点緯度":4362.2985,"代表点経度":16227.958136656}},{"type":"MultiPolygon","arcs":[[[-344,-418,418,419]]],"properties":{"筆ID":"H000000166","version":"ver1.0","座標系":"任意座標系","測地系判別":null,"地図名":"美瑛町（２４００）・図郭座標無","地図番号":"切67-2","縮尺分母":"2400","市区町村コード":"01459","市区町村名":"上川郡美瑛町","大字コード":"000","丁目コード":"000","小字コード":"0023","予備コード":"00","大字名":null,"丁目名":null,"小字名":"字俵真布","予備名":null,"地番":"2736-49","精度区分":null,"座標値種別":"図上測量","筆界未定構成筆":null,"代表点緯度":4373.2335,"代表点経度":16217.710488029}},{"type":"MultiPolygon","arcs":[[[-345,-420,420,421]]],"properties":{"筆ID":"H000000167","version":"ver1.0","座標系":"任意座標系","測地系判別":null,"地図名":"美瑛町（２４００）・図郭座標無","地図番号":"切67-2","縮尺分母":"2400","市区町村コード":"01459","市区町村名":"上川郡美瑛町","大字コード":"000","丁目コード":"000","小字コード":"0023","予備コード":"00","大字名":null,"丁目名":null,"小字名":"字俵真布","予備名":null,"地番":"2736-50","精度区分":null,"座標値種別":"図上測量","筆界未定構成筆":null,"代表点緯度":4384.9495,"代表点経度":16206.483464138}},{"type":"MultiPolygon","arcs":[[[-422,422,-346]]],"properties":{"筆ID":"H000000168","version":"ver1.0","座標系":"任意座標系","測地系判別":null,"地図名":"美瑛町（２４００）・図郭座標無","地図番号":"切67-2","縮尺分母":"2400","市区町村コード":"01459","市区町村名":"上川郡美瑛町","大字コード":"000","丁目コード":"000","小字コード":"0023","予備コード":"00","大字名":null,"丁目名":null,"小字名":"字俵真布","予備名":null,"地番":"2736-51","精度区分":null,"座標値種別":"図上測量","筆界未定構成筆":null,"代表点緯度":4397.5295,"代表点経度":16194.452030793}},{"type":"MultiPolygon","arcs":[[[423,424]]],"properties":{"筆ID":"H000000169","version":"ver1.0","座標系":"任意座標系","測地系判別":null,"地図名":"美瑛町（２４００）・図郭座標無","地図番号":"切96-3","縮尺分母":"2400","市区町村コード":"01459","市区町村名":"上川郡美瑛町","大字コード":"000","丁目コード":"000","小字コード":"0024","予備コード":"00","大字名":null,"丁目名":null,"小字名":"字忠別","予備名":null,"地番":"2799-2","精度区分":null,"座標値種別":"図上測量","筆界未定構成筆":null,"代表点緯度":5567.4495,"代表点経度":10204.393162456}},{"type":"MultiPolygon","arcs":[[[425,426,427]]],"properties":{"筆ID":"H000000170","version":"ver1.0","座標系":"任意座標系","測地系判別":null,"地図名":"美瑛町（２４００）・図郭座標無","地図番号":"切96-3","縮尺分母":"2400","市区町村コード":"01459","市区町村名":"上川郡美瑛町","大字コード":"000","丁目コード":"000","小字コード":"0024","予備コード":"00","大字名":null,"丁目名":null,"小字名":"字忠別","予備名":null,"地番":"2800","精度区分":null,"座標値種別":"図上測量","筆界未定構成筆":null,"代表点緯度":5530.6295,"代表点経度":10409.714621066}},{"type":"MultiPolygon","arcs":[[[428,429,430,431,432,433,434,435]]],"properties":{"筆ID":"H000000171","version":"ver1.0","座標系":"任意座標系","測地系判別":null,"地図名":"美瑛町（２４００）・図郭座標無","地図番号":"切96-3","縮尺分母":"2400","市区町村コード":"01459","市区町村名":"上川郡美瑛町","大字コード":"000","丁目コード":"000","小字コード":"0024","予備コード":"00","大字名":null,"丁目名":null,"小字名":"字忠別","予備名":null,"地番":"2801-1","精度区分":null,"座標値種別":"図上測量","筆界未定構成筆":null,"代表点緯度":5531.268,"代表点経度":10323.813780253}},{"type":"MultiPolygon","arcs":[[[436,-430]]],"properties":{"筆ID":"H000000172","version":"ver1.0","座標系":"任意座標系","測地系判別":null,"地図名":"美瑛町（２４００）・図郭座標無","地図番号":"切96-3","縮尺分母":"2400","市区町村コード":"01459","市区町村名":"上川郡美瑛町","大字コード":"000","丁目コード":"000","小字コード":"0024","予備コード":"00","大字名":null,"丁目名":null,"小字名":"字忠別","予備名":null,"地番":"2801-2","精度区分":null,"座標値種別":"図上測量","筆界未定構成筆":null,"代表点緯度":5536.8435,"代表点経度":10287.79302526}},{"type":"MultiPolygon","arcs":[[[-433,437,438,439,440]]],"properties":{"筆ID":"H000000173","version":"ver1.0","座標系":"任意座標系","測地系判別":null,"地図名":"美瑛町（２４００）・図郭座標無","地図番号":"切96-3","縮尺分母":"2400","市区町村コード":"01459","市区町村名":"上川郡美瑛町","大字コード":"000","丁目コード":"000","小字コード":"0024","予備コード":"00","大字名":null,"丁目名":null,"小字名":"字忠別","予備名":null,"地番":"2801-3","精度区分":null,"座標値種別":"図上測量","筆界未定構成筆":null,"代表点緯度":5467.2585,"代表点経度":10363.026176422}},{"type":"MultiPolygon","arcs":[[[441,442,-429,443]]],"properties":{"筆ID":"H000000174","version":"ver1.0","座標系":"任意座標系","測地系判別":null,"地図名":"美瑛町（２４００）・図郭座標無","地図番号":"切96-3","縮尺分母":"2400","市区町村コード":"01459","市区町村名":"上川郡美瑛町","大字コード":"000","丁目コード":"000","小字コード":"0024","予備コード":"00","大字名":null,"丁目名":null,"小字名":"字忠別","予備名":null,"地番":"2801-6","精度区分":null,"座標値種別":"図上測量","筆界未定構成筆":null,"代表点緯度":5560.426,"代表点経度":10283.657953818}},{"type":"MultiPolygon","arcs":[[[444,-431,445]]],"properties":{"筆ID":"H000000175","version":"ver1.0","座標系":"任意座標系","測地系判別":null,"地図名":"美瑛町（２４００）・図郭座標無","地図番号":"切96-3","縮尺分母":"2400","市区町村コード":"01459","市区町村名":"上川郡美瑛町","大字コード":"000","丁目コード":"000","小字コード":"0024","予備コード":"00","大字名":null,"丁目名":null,"小字名":"字忠別","予備名":null,"地番":"2801-7","精度区分":null,"座標値種別":"図上測量","筆界未定構成筆":null,"代表点緯度":5553.452,"代表点経度":10304.395057196}},{"type":"MultiPolygon","arcs":[[[446,-446,-437,-443]]],"properties":{"筆ID":"H000000176","version":"ver1.0","座標系":"任意座標系","測地系判別":null,"地図名":"美瑛町（２４００）・図郭座標無","地図番号":"切96-3","縮尺分母":"2400","市区町村コード":"01459","市区町村名":"上川郡美瑛町","大字コード":"000","丁目コード":"000","小字コード":"0024","予備コード":"00","大字名":null,"丁目名":null,"小字名":"字忠別","予備名":null,"地番":"2801-8","精度区分":null,"座標値種別":"図上測量","筆界未定構成筆":null,"代表点緯度":5555.471,"代表点経度":10298.392011024}},{"type":"MultiPolygon","arcs":[[[447,448,449,450,451]]],"properties":{"筆ID":"H000000177","version":"ver1.0","座標系":"任意座標系","測地系判別":null,"地図名":"美瑛町（２４００）・図郭座標無","地図番号":"切96-3","縮尺分母":"2400","市区町村コード":"01459","市区町村名":"上川郡美瑛町","大字コード":"000","丁目コード":"000","小字コード":"0024","予備コード":"00","大字名":null,"丁目名":null,"小字名":"字忠別","予備名":null,"地番":"2803-2","精度区分":null,"座標値種別":"図上測量","筆界未定構成筆":null,"代表点緯度":5476.6615,"代表点経度":10532.116438646}},{"type":"MultiPolygon","arcs":[[[452,-448,453]]],"properties":{"筆ID":"H000000178","version":"ver1.0","座標系":"任意座標系","測地系判別":null,"地図名":"美瑛町（２４００）・図郭座標無","地図番号":"切96-3","縮尺分母":"2400","市区町村コード":"01459","市区町村名":"上川郡美瑛町","大字コード":"000","丁目コード":"000","小字コード":"0024","予備コード":"00","大字名":null,"丁目名":null,"小字名":"字忠別","予備名":null,"地番":"2803-3","精度区分":null,"座標値種別":"図上測量","筆界未定構成筆":null,"代表点緯度":5498.0215,"代表点経度":10540.138767721}},{"type":"MultiPolygon","arcs":[[[454,-454,455,456]]],"properties":{"筆ID":"H000000179","version":"ver1.0","座標系":"任意座標系","測地系判別":null,"地図名":"美瑛町（２４００）・図郭座標無","地図番号":"切96-3","縮尺分母":"2400","市区町村コード":"01459","市区町村名":"上川郡美瑛町","大字コード":"000","丁目コード":"000","小字コード":"0024","予備コード":"00","大字名":null,"丁目名":null,"小字名":"字忠別","予備名":null,"地番":"2804-1","精度区分":null,"座標値種別":"図上測量","筆界未定構成筆":null,"代表点緯度":5524.496,"代表点経度":10471.914844721}},{"type":"MultiPolygon","arcs":[[[-456,-452,457,458]]],"properties":{"筆ID":"H000000180","version":"ver1.0","座標系":"任意座標系","測地系判別":null,"地図名":"美瑛町（２４００）・図郭座標無","地図番号":"切96-3","縮尺分母":"2400","市区町村コード":"01459","市区町村名":"上川郡美瑛町","大字コード":"000","丁目コード":"000","小字コード":"0024","予備コード":"00","大字名":null,"丁目名":null,"小字名":"字忠別","予備名":null,"地番":"2804-2","精度区分":null,"座標値種別":"図上測量","筆界未定構成筆":null,"代表点緯度":5503.0695,"代表点経度":10463.858306143}},{"type":"MultiPolygon","arcs":[[[459,460,-455,461]]],"properties":{"筆ID":"H000000181","version":"ver1.0","座標系":"任意座標系","測地系判別":null,"地図名":"美瑛町（２４００）・図郭座標無","地図番号":"切96-3","縮尺分母":"2400","市区町村コード":"01459","市区町村名":"上川郡美瑛町","大字コード":"000","丁目コード":"000","小字コード":"0024","予備コード":"00","大字名":null,"丁目名":null,"小字名":"字忠別","予備名":null,"地番":"2804-3","精度区分":null,"座標値種別":"図上測量","筆界未定構成筆":null,"代表点緯度":5544.8935,"代表点経度":10496.87591445}},{"type":"MultiPolygon","arcs":[[[462,463,464,465,466]]],"properties":{"筆ID":"H000000182","version":"ver1.0","座標系":"任意座標系","測地系判別":null,"地図名":"美瑛町（２４００）・図郭座標無","地図番号":"切96-3","縮尺分母":"2400","市区町村コード":"01459","市区町村名":"上川郡美瑛町","大字コード":"000","丁目コード":"000","小字コード":"0024","予備コード":"00","大字名":null,"丁目名":null,"小字名":"字忠別","予備名":null,"地番":"2805-2","精度区分":null,"座標値種別":"図上測量","筆界未定構成筆":null,"代表点緯度":5469.978,"代表点経度":10519.223929995}},{"type":"MultiPolygon","arcs":[[[467,468,-465]]],"properties":{"筆ID":"H000000183","version":"ver1.0","座標系":"任意座標系","測地系判別":null,"地図名":"美瑛町（２４００）・図郭座標無","地図番号":"切96-3","縮尺分母":"2400","市区町村コード":"01459","市区町村名":"上川郡美瑛町","大字コード":"000","丁目コード":"000","小字コード":"0024","予備コード":"00","大字名":null,"丁目名":null,"小字名":"字忠別","予備名":null,"地番":"2805-3","精度区分":null,"座標値種別":"図上測量","筆界未定構成筆":null,"代表点緯度":5442.5595,"代表点経度":10520.170183212}},{"type":"MultiPolygon","arcs":[[[-469,469,470,471]]],"properties":{"筆ID":"H000000184","version":"ver1.0","座標系":"任意座標系","測地系判別":null,"地図名":"美瑛町（２４００）・図郭座標無","地図番号":"切96-3","縮尺分母":"2400","市区町村コード":"01459","市区町村名":"上川郡美瑛町","大字コード":"000","丁目コード":"000","小字コード":"0024","予備コード":"00","大字名":null,"丁目名":null,"小字名":"字忠別","予備名":null,"地番":"2806-1","精度区分":null,"座標値種別":"図上測量","筆界未定構成筆":null,"代表点緯度":5467.506,"代表点経度":10458.862876262}},{"type":"MultiPolygon","arcs":[[[-466,-472,472,473]]],"properties":{"筆ID":"H000000185","version":"ver1.0","座標系":"任意座標系","測地系判別":null,"地図名":"美瑛町（２４００）・図郭座標無","地図番号":"切96-3","縮尺分母":"2400","市区町村コード":"01459","市区町村名":"上川郡美瑛町","大字コード":"000","丁目コード":"000","小字コード":"0024","予備コード":"00","大字名":null,"丁目名":null,"小字名":"字忠別","予備名":null,"地番":"2806-2","精度区分":null,"座標値種別":"図上測量","筆界未定構成筆":null,"代表点緯度":5496.019,"代表点経度":10451.823002642}},{"type":"MultiPolygon","arcs":[[[474,-470]]],"properties":{"筆ID":"H000000186","version":"ver1.0","座標系":"任意座標系","測地系判別":null,"地図名":"美瑛町（２４００）・図郭座標無","地図番号":"切96-3","縮尺分母":"2400","市区町村コード":"01459","市区町村名":"上川郡美瑛町","大字コード":"000","丁目コード":"000","小字コード":"0024","予備コード":"00","大字名":null,"丁目名":null,"小字名":"字忠別","予備名":null,"地番":"2806-3","精度区分":null,"座標値種別":"図上測量","筆界未定構成筆":null,"代表点緯度":5385.652,"代表点経度":10479.131655595}},{"type":"MultiPolygon","arcs":[[[475,476,477,478,479,480]]],"properties":{"筆ID":"H000000187","version":"ver1.0","座標系":"任意座標系","測地系判別":null,"地図名":"美瑛町（２４００）・図郭座標無","地図番号":"切96-3","縮尺分母":"2400","市区町村コード":"01459","市区町村名":"上川郡美瑛町","大字コード":"000","丁目コード":"000","小字コード":"0024","予備コード":"00","大字名":null,"丁目名":null,"小字名":"字忠別","予備名":null,"地番":"2807-3","精度区分":null,"座標値種別":"図上測量","筆界未定構成筆":null,"代表点緯度":5586.897,"代表点経度":10797.539395884}},{"type":"MultiPolygon","arcs":[[[481,482,483]]],"properties":{"筆ID":"H000000188","version":"ver1.0","座標系":"任意座標系","測地系判別":null,"地図名":"美瑛町（２４００）・図郭座標無","地図番号":"切96-3","縮尺分母":"2400","市区町村コード":"01459","市区町村名":"上川郡美瑛町","大字コード":"000","丁目コード":"000","小字コード":"0024","予備コード":"00","大字名":null,"丁目名":null,"小字名":"字忠別","予備名":null,"地番":"2807-4","精度区分":null,"座標値種別":"図上測量","筆界未定構成筆":null,"代表点緯度":5402.775,"代表点経度":10764.982230723}},{"type":"MultiPolygon","arcs":[[[-479,484]]],"properties":{"筆ID":"H000000189","version":"ver1.0","座標系":"任意座標系","測地系判別":null,"地図名":"美瑛町（２４００）・図郭座標無","地図番号":"切96-3","縮尺分母":"2400","市区町村コード":"01459","市区町村名":"上川郡美瑛町","大字コード":"000","丁目コード":"000","小字コード":"0024","予備コード":"00","大字名":null,"丁目名":null,"小字名":"字忠別","予備名":null,"地番":"2808","精度区分":null,"座標値種別":"図上測量","筆界未定構成筆":null,"代表点緯度":5587.653,"代表点経度":10719.037298569}},{"type":"MultiPolygon","arcs":[[[485,486,487,488,489,490,491,492,493,494,495,-463]]],"properties":{"筆ID":"H000000190","version":"ver1.0","座標系":"任意座標系","測地系判別":null,"地図名":"美瑛町（２４００）・図郭座標無","地図番号":"切96-3","縮尺分母":"2400","市区町村コード":"01459","市区町村名":"上川郡美瑛町","大字コード":"000","丁目コード":"000","小字コード":"0024","予備コード":"00","大字名":null,"丁目名":null,"小字名":"字忠別","予備名":null,"地番":"2809-2","精度区分":null,"座標値種別":"図上測量","筆界未定構成筆":null,"代表点緯度":5411.3305,"代表点経度":10671.01923546}},{"type":"MultiPolygon","arcs":[[[496,497,498,499]]],"properties":{"筆ID":"H000000191","version":"ver1.0","座標系":"任意座標系","測地系判別":null,"地図名":"美瑛町（２４００）・図郭座標無","地図番号":"切96-3","縮尺分母":"2400","市区町村コード":"01459","市区町村名":"上川郡美瑛町","大字コード":"000","丁目コード":"000","小字コード":"0024","予備コード":"00","大字名":null,"丁目名":null,"小字名":"字忠別","予備名":null,"地番":"2809-3","精度区分":null,"座標値種別":"図上測量","筆界未定構成筆":null,"代表点緯度":5324.7935,"代表点経度":10570.403175164}},{"type":"MultiPolygon","arcs":[[[500,501,-497,502]]],"properties":{"筆ID":"H000000192","version":"ver1.0","座標系":"任意座標系","測地系判別":null,"地図名":"美瑛町（２４００）・図郭座標無","地図番号":"切96-3","縮尺分母":"2400","市区町村コード":"01459","市区町村名":"上川郡美瑛町","大字コード":"000","丁目コード":"000","小字コード":"0024","予備コード":"00","大字名":null,"丁目名":null,"小字名":"字忠別","予備名":null,"地番":"2809-4","精度区分":null,"座標値種別":"図上測量","筆界未定構成筆":null,"代表点緯度":5355.4485,"代表点経度":10582.197970361}},{"type":"MultiPolygon","arcs":[[[503,504,-501,505]]],"properties":{"筆ID":"H000000193","version":"ver1.0","座標系":"任意座標系","測地系判別":null,"地図名":"美瑛町（２４００）・図郭座標無","地図番号":"切96-3","縮尺分母":"2400","市区町村コード":"01459","市区町村名":"上川郡美瑛町","大字コード":"000","丁目コード":"000","小字コード":"0024","予備コード":"00","大字名":null,"丁目名":null,"小字名":"字忠別","予備名":null,"地番":"2809-5","精度区分":null,"座標値種別":"図上測量","筆界未定構成筆":null,"代表点緯度":5386.1725,"代表点経度":10594.019494373}},{"type":"MultiPolygon","arcs":[[[-496,506,-504,507]]],"properties":{"筆ID":"H000000194","version":"ver1.0","座標系":"任意座標系","測地系判別":null,"地図名":"美瑛町（２４００）・図郭座標無","地図番号":"切96-3","縮尺分母":"2400","市区町村コード":"01459","市区町村名":"上川郡美瑛町","大字コード":"000","丁目コード":"000","小字コード":"0024","予備コード":"00","大字名":null,"丁目名":null,"小字名":"字忠別","予備名":null,"地番":"2809-6","精度区分":null,"座標値種別":"図上測量","筆界未定構成筆":null,"代表点緯度":5417.2895,"代表点経度":10605.991659274}},{"type":"MultiPolygon","arcs":[[[-498,-502,-505,-507,-495,508,509,510,511,512,513,514,515,516,517,518,519,520,521,522,523,-492,524,525,526,527,528,529,530,531,532,533,534,535,536,537,538,539,-489,540,541]]],"properties":{"筆ID":"H000000195","version":"ver1.0","座標系":"任意座標系","測地系判別":null,"地図名":"美瑛町（２４００）・図郭座標無","地図番号":"切96-3","縮尺分母":"2400","市区町村コード":"01459","市区町村名":"上川郡美瑛町","大字コード":"000","丁目コード":"000","小字コード":"0024","予備コード":"00","大字名":null,"丁目名":null,"小字名":"字忠別","予備名":null,"地番":"2809-7","精度区分":null,"座標値種別":"図上測量","筆界未定構成筆":null,"代表点緯度":5335.1755,"代表点経度":10656.047769749}},{"type":"MultiPolygon","arcs":[[[542,543,-516]]],"properties":{"筆ID":"H000000196","version":"ver1.0","座標系":"任意座標系","測地系判別":null,"地図名":"美瑛町（２４００）・図郭座標無","地図番号":"切96-3","縮尺分母":"2400","市区町村コード":"01459","市区町村名":"上川郡美瑛町","大字コード":"000","丁目コード":"000","小字コード":"0024","予備コード":"00","大字名":null,"丁目名":null,"小字名":"字忠別","予備名":null,"地番":"2809-8","精度区分":null,"座標値種別":"図上測量","筆界未定構成筆":null,"代表点緯度":5292.3905,"代表点経度":10593.732638421}},{"type":"MultiPolygon","arcs":[[[544,545,-543,-515]]],"properties":{"筆ID":"H000000197","version":"ver1.0","座標系":"任意座標系","測地系判別":null,"地図名":"美瑛町（２４００）・図郭座標無","地図番号":"切96-3","縮尺分母":"2400","市区町村コード":"01459","市区町村名":"上川郡美瑛町","大字コード":"000","丁目コード":"000","小字コード":"0024","予備コード":"00","大字名":null,"丁目名":null,"小字名":"字忠別","予備名":null,"地番":"2809-9","精度区分":null,"座標値種別":"図上測量","筆界未定構成筆":null,"代表点緯度":5309.4915,"代表点経度":10600.338368521}},{"type":"MultiPolygon","arcs":[[[546,547,-545,-514]]],"properties":{"筆ID":"H000000198","version":"ver1.0","座標系":"任意座標系","測地系判別":null,"地図名":"美瑛町（２４００）・図郭座標無","地図番号":"切96-3","縮尺分母":"2400","市区町村コード":"01459","市区町村名":"上川郡美瑛町","大字コード":"000","丁目コード":"000","小字コード":"0024","予備コード":"00","大字名":null,"丁目名":null,"小字名":"字忠別","予備名":null,"地番":"2809-10","精度区分":null,"座標値種別":"図上測量","筆界未定構成筆":null,"代表点緯度":5326.661,"代表点経度":10606.969772699}},{"type":"MultiPolygon","arcs":[[[548,549,-547,-513]]],"properties":{"筆ID":"H000000199","version":"ver1.0","座標系":"任意座標系","測地系判別":null,"地図名":"美瑛町（２４００）・図郭座標無","地図番号":"切96-3","縮尺分母":"2400","市区町村コード":"01459","市区町村名":"上川郡美瑛町","大字コード":"000","丁目コード":"000","小字コード":"0024","予備コード":"00","大字名":null,"丁目名":null,"小字名":"字忠別","予備名":null,"地番":"2809-11","精度区分":null,"座標値種別":"図上測量","筆界未定構成筆":null,"代表点緯度":5343.7825,"代表点経度":10613.583190863}},{"type":"MultiPolygon","arcs":[[[550,551,-549,-512]]],"properties":{"筆ID":"H000000200","version":"ver1.0","座標系":"任意座標系","測地系判別":null,"地図名":"美瑛町（２４００）・図郭座標無","地図番号":"切96-3","縮尺分母":"2400","市区町村コード":"01459","市区町村名":"上川郡美瑛町","大字コード":"000","丁目コード":"000","小字コード":"0024","予備コード":"00","大字名":null,"丁目名":null,"小字名":"字忠別","予備名":null,"地番":"2809-12","精度区分":null,"座標値種別":"図上測量","筆界未定構成筆":null,"代表点緯度":5360.708,"代表点経度":10620.120121872}},{"type":"MultiPolygon","arcs":[[[552,553,-551,-511]]],"properties":{"筆ID":"H000000201","version":"ver1.0","座標系":"任意座標系","測地系判別":null,"地図名":"美瑛町（２４００）・図郭座標無","地図番号":"切96-3","縮尺分母":"2400","市区町村コード":"01459","市区町村名":"上川郡美瑛町","大字コード":"000","丁目コード":"000","小字コード":"0024","予備コード":"00","大字名":null,"丁目名":null,"小字名":"字忠別","予備名":null,"地番":"2809-13","精度区分":null,"座標値種別":"図上測量","筆界未定構成筆":null,"代表点緯度":5377.8615,"代表点経度":10626.746086677}},{"type":"MultiPolygon","arcs":[[[554,555,-553,-510]]],"properties":{"筆ID":"H000000202","version":"ver1.0","座標系":"任意座標系","測地系判別":null,"地図名":"美瑛町（２４００）・図郭座標無","地図番号":"切96-3","縮尺分母":"2400","市区町村コード":"01459","市区町村名":"上川郡美瑛町","大字コード":"000","丁目コード":"000","小字コード":"0024","予備コード":"00","大字名":null,"丁目名":null,"小字名":"字忠別","予備名":null,"地番":"2809-14","精度区分":null,"座標値種別":"図上測量","筆界未定構成筆":null,"代表点緯度":5394.994,"代表点経度":10633.363165422}},{"type":"MultiPolygon","arcs":[[[-494,556,-555,-509]]],"properties":{"筆ID":"H000000203","version":"ver1.0","座標系":"任意座標系","測地系判別":null,"地図名":"美瑛町（２４００）・図郭座標無","地図番号":"切96-3","縮尺分母":"2400","市区町村コード":"01459","市区町村名":"上川郡美瑛町","大字コード":"000","丁目コード":"000","小字コード":"0024","予備コード":"00","大字名":null,"丁目名":null,"小字名":"字忠別","予備名":null,"地番":"2809-15","精度区分":null,"座標値種別":"図上測量","筆界未定構成筆":null,"代表点緯度":5412.2945,"代表点経度":10640.045455171}},{"type":"MultiPolygon","arcs":[[[557,-517,-544]]],"properties":{"筆ID":"H000000204","version":"ver1.0","座標系":"任意座標系","測地系判別":null,"地図名":"美瑛町（２４００）・図郭座標無","地図番号":"切96-3","縮尺分母":"2400","市区町村コード":"01459","市区町村名":"上川郡美瑛町","大字コード":"000","丁目コード":"000","小字コード":"0024","予備コード":"00","大字名":null,"丁目名":null,"小字名":"字忠別","予備名":null,"地番":"2809-16","精度区分":null,"座標値種別":"図上測量","筆界未定構成筆":null,"代表点緯度":5282.771,"代表点経度":10618.768031933}},{"type":"MultiPolygon","arcs":[[[558,-518,-558,-546]]],"properties":{"筆ID":"H000000205","version":"ver1.0","座標系":"任意座標系","測地系判別":null,"地図名":"美瑛町（２４００）・図郭座標無","地図番号":"切96-3","縮尺分母":"2400","市区町村コード":"01459","市区町村名":"上川郡美瑛町","大字コード":"000","丁目コード":"000","小字コード":"0024","予備コード":"00","大字名":null,"丁目名":null,"小字名":"字忠別","予備名":null,"地番":"2809-17","精度区分":null,"座標値種別":"図上測量","筆界未定構成筆":null,"代表点緯度":5299.7815,"代表点経度":10625.36201901}},{"type":"MultiPolygon","arcs":[[[559,-519,-559,-548]]],"properties":{"筆ID":"H000000206","version":"ver1.0","座標系":"任意座標系","測地系判別":null,"地図名":"美瑛町（２４００）・図郭座標無","地図番号":"切96-3","縮尺分母":"2400","市区町村コード":"01459","市区町村名":"上川郡美瑛町","大字コード":"000","丁目コード":"000","小字コード":"0024","予備コード":"00","大字名":null,"丁目名":null,"小字名":"字忠別","予備名":null,"地番":"2809-18","精度区分":null,"座標値種別":"図上測量","筆界未定構成筆":null,"代表点緯度":5316.8905,"代表点経度":10631.994375387}},{"type":"MultiPolygon","arcs":[[[560,-520,-560,-550]]],"properties":{"筆ID":"H000000207","version":"ver1.0","座標系":"任意座標系","測地系判別":null,"地図名":"美瑛町（２４００）・図郭座標無","地図番号":"切96-3","縮尺分母":"2400","市区町村コード":"01459","市区町村名":"上川郡美瑛町","大字コード":"000","丁目コード":"000","小字コード":"0024","予備コード":"00","大字名":null,"丁目名":null,"小字名":"字忠別","予備名":null,"地番":"2809-19","精度区分":null,"座標値種別":"図上測量","筆界未定構成筆":null,"代表点緯度":5333.994,"代表点経度":10638.624356182}},{"type":"MultiPolygon","arcs":[[[561,-521,-561,-552]]],"properties":{"筆ID":"H000000208","version":"ver1.0","座標系":"任意座標系","測地系判別":null,"地図名":"美瑛町（２４００）・図郭座標無","地図番号":"切96-3","縮尺分母":"2400","市区町村コード":"01459","市区町村名":"上川郡美瑛町","大字コード":"000","丁目コード":"000","小字コード":"0024","予備コード":"00","大字名":null,"丁目名":null,"小字名":"字忠別","予備名":null,"地番":"2809-20","精度区分":null,"座標値種別":"図上測量","筆界未定構成筆":null,"代表点緯度":5350.916,"代表点経度":10645.18428359}},{"type":"MultiPolygon","arcs":[[[562,-522,-562,-554]]],"properties":{"筆ID":"H000000209","version":"ver1.0","座標系":"任意座標系","測地系判別":null,"地図名":"美瑛町（２４００）・図郭座標無","地図番号":"切96-3","縮尺分母":"2400","市区町村コード":"01459","市区町村名":"上川郡美瑛町","大字コード":"000","丁目コード":"000","小字コード":"0024","予備コード":"00","大字名":null,"丁目名":null,"小字名":"字忠別","予備名":null,"地番":"2809-21","精度区分":null,"座標値種別":"図上測量","筆界未定構成筆":null,"代表点緯度":5368.0715,"代表点経度":10651.834405555}},{"type":"MultiPolygon","arcs":[[[563,-523,-563,-556]]],"properties":{"筆ID":"H000000210","version":"ver1.0","座標系":"任意座標系","測地系判別":null,"地図名":"美瑛町（２４００）・図郭座標無","地図番号":"切96-3","縮尺分母":"2400","市区町村コード":"01459","市区町村名":"上川郡美瑛町","大字コード":"000","丁目コード":"000","小字コード":"0024","予備コード":"00","大字名":null,"丁目名":null,"小字名":"字忠別","予備名":null,"地番":"2809-22","精度区分":null,"座標値種別":"図上測量","筆界未定構成筆":null,"代表点緯度":5385.238,"代表点経度":10658.489152218}},{"type":"MultiPolygon","arcs":[[[-493,-524,-564,-557]]],"properties":{"筆ID":"H000000211","version":"ver1.0","座標系":"任意座標系","測地系判別":null,"地図名":"美瑛町（２４００）・図郭座標無","地図番号":"切96-3","縮尺分母":"2400","市区町村コード":"01459","市区町村名":"上川郡美瑛町","大字コード":"000","丁目コード":"000","小字コード":"0024","予備コード":"00","大字名":null,"丁目名":null,"小字名":"字忠別","予備名":null,"地番":"2809-23","精度区分":null,"座標値種別":"図上測量","筆界未定構成筆":null,"代表点緯度":5402.552,"代表点経度":10665.200530533}},{"type":"MultiPolygon","arcs":[[[564,565,-532]]],"properties":{"筆ID":"H000000212","version":"ver1.0","座標系":"任意座標系","測地系判別":null,"地図名":"美瑛町（２４００）・図郭座標無","地図番号":"切96-3","縮尺分母":"2400","市区町村コード":"01459","市区町村名":"上川郡美瑛町","大字コード":"000","丁目コード":"000","小字コード":"0024","予備コード":"00","大字名":null,"丁目名":null,"小字名":"字忠別","予備名":null,"地番":"2809-24","精度区分":null,"座標値種別":"図上測量","筆界未定構成筆":null,"代表点緯度":5271.3205,"代表点経度":10648.457787893}},{"type":"MultiPolygon","arcs":[[[566,567,-565,-531]]],"properties":{"筆ID":"H000000213","version":"ver1.0","座標系":"任意座標系","測地系判別":null,"地図名":"美瑛町（２４００）・図郭座標無","地図番号":"切96-3","縮尺分母":"2400","市区町村コード":"01459","市区町村名":"上川郡美瑛町","大字コード":"000","丁目コード":"000","小字コード":"0024","予備コード":"00","大字名":null,"丁目名":null,"小字名":"字忠別","予備名":null,"地番":"2809-25","精度区分":null,"座標値種別":"図上測量","筆界未定構成筆":null,"代表点緯度":5288.2445,"代表点経度":10655.006848075}},{"type":"MultiPolygon","arcs":[[[568,569,-567,-530]]],"properties":{"筆ID":"H000000214","version":"ver1.0","座標系":"任意座標系","測地系判別":null,"地図名":"美瑛町（２４００）・図郭座標無","地図番号":"切96-3","縮尺分母":"2400","市区町村コード":"01459","市区町村名":"上川郡美瑛町","大字コード":"000","丁目コード":"000","小字コード":"0024","予備コード":"00","大字名":null,"丁目名":null,"小字名":"字忠別","予備名":null,"地番":"2809-26","精度区分":null,"座標値種別":"図上測量","筆界未定構成筆":null,"代表点緯度":5305.4985,"代表点経度":10661.683859135}},{"type":"MultiPolygon","arcs":[[[570,571,-569,-529]]],"properties":{"筆ID":"H000000215","version":"ver1.0","座標系":"任意座標系","測地系判別":null,"地図名":"美瑛町（２４００）・図郭座標無","地図番号":"切96-3","縮尺分母":"2400","市区町村コード":"01459","市区町村名":"上川郡美瑛町","大字コード":"000","丁目コード":"000","小字コード":"0024","予備コード":"00","大字名":null,"丁目名":null,"小字名":"字忠別","予備名":null,"地番":"2809-27","精度区分":null,"座標値種別":"図上測量","筆界未定構成筆":null,"代表点緯度":5322.448,"代表点経度":10668.24287056}},{"type":"MultiPolygon","arcs":[[[572,573,-571,-528]]],"properties":{"筆ID":"H000000216","version":"ver1.0","座標系":"任意座標系","測地系判別":null,"地図名":"美瑛町（２４００）・図郭座標無","地図番号":"切96-3","縮尺分母":"2400","市区町村コード":"01459","市区町村名":"上川郡美瑛町","大字コード":"000","丁目コード":"000","小字コード":"0024","予備コード":"00","大字名":null,"丁目名":null,"小字名":"字忠別","予備名":null,"地番":"2809-28","精度区分":null,"座標値種別":"図上測量","筆界未定構成筆":null,"代表点緯度":5339.3685,"代表点経度":10674.790765346}},{"type":"MultiPolygon","arcs":[[[574,575,-573,-527]]],"properties":{"筆ID":"H000000217","version":"ver1.0","座標系":"任意座標系","測地系判別":null,"地図名":"美瑛町（２４００）・図郭座標無","地図番号":"切96-3","縮尺分母":"2400","市区町村コード":"01459","市区町村名":"上川郡美瑛町","大字コード":"000","丁目コード":"000","小字コード":"0024","予備コード":"00","大字名":null,"丁目名":null,"小字名":"字忠別","予備名":null,"地番":"2809-29","精度区分":null,"座標値種別":"図上測量","筆界未定構成筆":null,"代表点緯度":5356.4665,"代表点経度":10681.40736699}},{"type":"MultiPolygon","arcs":[[[576,577,-575,-526]]],"properties":{"筆ID":"H000000218","version":"ver1.0","座標系":"任意座標系","測地系判別":null,"地図名":"美瑛町（２４００）・図郭座標無","地図番号":"切96-3","縮尺分母":"2400","市区町村コード":"01459","市区町村名":"上川郡美瑛町","大字コード":"000","丁目コード":"000","小字コード":"0024","予備コード":"00","大字名":null,"丁目名":null,"小字名":"字忠別","予備名":null,"地番":"2809-30","精度区分":null,"座標値種別":"図上測量","筆界未定構成筆":null,"代表点緯度":5373.679,"代表点経度":10688.06842194}},{"type":"MultiPolygon","arcs":[[[-491,578,-577,-525]]],"properties":{"筆ID":"H000000219","version":"ver1.0","座標系":"任意座標系","測地系判別":null,"地図名":"美瑛町（２４００）・図郭座標無","地図番号":"切96-3","縮尺分母":"2400","市区町村コード":"01459","市区町村名":"上川郡美瑛町","大字コード":"000","丁目コード":"000","小字コード":"0024","予備コード":"00","大字名":null,"丁目名":null,"小字名":"字忠別","予備名":null,"地番":"2809-31","精度区分":null,"座標値種別":"図上測量","筆界未定構成筆":null,"代表点緯度":5391.124,"代表点経度":10694.819307724}},{"type":"MultiPolygon","arcs":[[[579,-533,-566]]],"properties":{"筆ID":"H000000220","version":"ver1.0","座標系":"任意座標系","測地系判別":null,"地図名":"美瑛町（２４００）・図郭座標無","地図番号":"切96-3","縮尺分母":"2400","市区町村コード":"01459","市区町村名":"上川郡美瑛町","大字コード":"000","丁目コード":"000","小字コード":"0024","予備コード":"00","大字名":null,"丁目名":null,"小字名":"字忠別","予備名":null,"地番":"2809-32","精度区分":null,"座標値種別":"図上測量","筆界未定構成筆":null,"代表点緯度":5261.578,"代表点経度":10673.778378588}},{"type":"MultiPolygon","arcs":[[[580,-534,-580,-568]]],"properties":{"筆ID":"H000000221","version":"ver1.0","座標系":"任意座標系","測地系判別":null,"地図名":"美瑛町（２４００）・図郭座標無","地図番号":"切96-3","縮尺分母":"2400","市区町村コード":"01459","市区町村名":"上川郡美瑛町","大字コード":"000","丁目コード":"000","小字コード":"0024","予備コード":"00","大字名":null,"丁目名":null,"小字名":"字忠別","予備名":null,"地番":"2809-33","精度区分":null,"座標値種別":"図上測量","筆界未定構成筆":null,"代表点緯度":5278.3975,"代表点経度":10680.254892435}},{"type":"MultiPolygon","arcs":[[[581,-535,-581,-570]]],"properties":{"筆ID":"H000000222","version":"ver1.0","座標系":"任意座標系","測地系判別":null,"地図名":"美瑛町（２４００）・図郭座標無","地図番号":"切96-3","縮尺分母":"2400","市区町村コード":"01459","市区町村名":"上川郡美瑛町","大字コード":"000","丁目コード":"000","小字コード":"0024","予備コード":"00","大字名":null,"丁目名":null,"小字名":"字忠別","予備名":null,"地番":"2809-34","精度区分":null,"座標値種別":"図上測量","筆界未定構成筆":null,"代表点緯度":5295.5625,"代表点経度":10686.864166499}},{"type":"MultiPolygon","arcs":[[[582,-536,-582,-572]]],"properties":{"筆ID":"H000000223","version":"ver1.0","座標系":"任意座標系","測地系判別":null,"地図名":"美瑛町（２４００）・図郭座標無","地図番号":"切96-3","縮尺分母":"2400","市区町村コード":"01459","市区町村名":"上川郡美瑛町","大字コード":"000","丁目コード":"000","小字コード":"0024","予備コード":"00","大字名":null,"丁目名":null,"小字名":"字忠別","予備名":null,"地番":"2809-35","精度区分":null,"座標値種別":"図上測量","筆界未定構成筆":null,"代表点緯度":5312.546,"代表点経度":10693.403676584}},{"type":"MultiPolygon","arcs":[[[583,-537,-583,-574]]],"properties":{"筆ID":"H000000224","version":"ver1.0","座標系":"任意座標系","測地系判別":null,"地図名":"美瑛町（２４００）・図郭座標無","地図番号":"切96-3","縮尺分母":"2400","市区町村コード":"01459","市区町村名":"上川郡美瑛町","大字コード":"000","丁目コード":"000","小字コード":"0024","予備コード":"00","大字名":null,"丁目名":null,"小字名":"字忠別","予備名":null,"地番":"2809-36","精度区分":null,"座標値種別":"図上測量","筆界未定構成筆":null,"代表点緯度":5329.512,"代表点経度":10699.936555913}},{"type":"MultiPolygon","arcs":[[[584,-538,-584,-576]]],"properties":{"筆ID":"H000000225","version":"ver1.0","座標系":"任意座標系","測地系判別":null,"地図名":"美瑛町（２４００）・図郭座標無","地図番号":"切96-3","縮尺分母":"2400","市区町村コード":"01459","市区町村名":"上川郡美瑛町","大字コード":"000","丁目コード":"000","小字コード":"0024","予備コード":"00","大字名":null,"丁目名":null,"小字名":"字忠別","予備名":null,"地番":"2809-37","精度区分":null,"座標値種別":"図上測量","筆界未定構成筆":null,"代表点緯度":5346.663,"代表点経度":10706.540403311}},{"type":"MultiPolygon","arcs":[[[585,-539,-585,-578]]],"properties":{"筆ID":"H000000226","version":"ver1.0","座標系":"任意座標系","測地系判別":null,"地図名":"美瑛町（２４００）・図郭座標無","地図番号":"切96-3","縮尺分母":"2400","市区町村コード":"01459","市区町村名":"上川郡美瑛町","大字コード":"000","丁目コード":"000","小字コード":"0024","予備コード":"00","大字名":null,"丁目名":null,"小字名":"字忠別","予備名":null,"地番":"2809-38","精度区分":null,"座標値種別":"図上測量","筆界未定構成筆":null,"代表点緯度":5363.8655,"代表点経度":10713.164602396}},{"type":"MultiPolygon","arcs":[[[-490,-540,-586,-579]]],"properties":{"筆ID":"H000000227","version":"ver1.0","座標系":"任意座標系","測地系判別":null,"地図名":"美瑛町（２４００）・図郭座標無","地図番号":"切96-3","縮尺分母":"2400","市区町村コード":"01459","市区町村名":"上川郡美瑛町","大字コード":"000","丁目コード":"000","小字コード":"0024","予備コード":"00","大字名":null,"丁目名":null,"小字名":"字忠別","予備名":null,"地番":"2809-39","精度区分":null,"座標値種別":"図上測量","筆界未定構成筆":null,"代表点緯度":5381.3655,"代表点経度":10719.902816557}},{"type":"MultiPolygon","arcs":[[[-488,586,587,-541]]],"properties":{"筆ID":"H000000228","version":"ver1.0","座標系":"任意座標系","測地系判別":null,"地図名":"美瑛町（２４００）・図郭座標無","地図番号":"切96-3","縮尺分母":"2400","市区町村コード":"01459","市区町村名":"上川郡美瑛町","大字コード":"000","丁目コード":"000","小字コード":"0024","予備コード":"00","大字名":null,"丁目名":null,"小字名":"字忠別","予備名":null,"地番":"2809-40","精度区分":null,"座標値種別":"図上測量","筆界未定構成筆":null,"代表点緯度":5361.6475,"代表点経度":10748.265122622}},{"type":"MultiPolygon","arcs":[[[588,589,590,591,592]]],"properties":{"筆ID":"H000000229","version":"ver1.0","座標系":"任意座標系","測地系判別":null,"地図名":"美瑛町（２４００）・図郭座標無","地図番号":"切96-4","縮尺分母":"2400","市区町村コード":"01459","市区町村名":"上川郡美瑛町","大字コード":"000","丁目コード":"000","小字コード":"0024","予備コード":"00","大字名":null,"丁目名":null,"小字名":"字忠別","予備名":null,"地番":"2811-1","精度区分":null,"座標値種別":"図上測量","筆界未定構成筆":null,"代表点緯度":5482.764,"代表点経度":10898.683691829}},{"type":"MultiPolygon","arcs":[[[593,594,595,596,597,598,599]]],"properties":{"筆ID":"H000000230","version":"ver1.0","座標系":"任意座標系","測地系判別":null,"地図名":"美瑛町（２４００）・図郭座標無","地図番号":"切96-4","縮尺分母":"2400","市区町村コード":"01459","市区町村名":"上川郡美瑛町","大字コード":"000","丁目コード":"000","小字コード":"0024","予備コード":"00","大字名":null,"丁目名":null,"小字名":"字忠別","予備名":null,"地番":"2811-2","精度区分":null,"座標値種別":"図上測量","筆界未定構成筆":null,"代表点緯度":5354.7385,"代表点経度":10847.257677088}},{"type":"MultiPolygon","arcs":[[[-481,600,601,-593,602,603]]],"properties":{"筆ID":"H000000231","version":"ver1.0","座標系":"任意座標系","測地系判別":null,"地図名":"美瑛町（２４００）・図郭座標無","地図番号":"切96-4","縮尺分母":"2400","市区町村コード":"01459","市区町村名":"上川郡美瑛町","大字コード":"000","丁目コード":"000","小字コード":"0024","予備コード":"00","大字名":null,"丁目名":null,"小字名":"字忠別","予備名":null,"地番":"2811-3","精度区分":null,"座標値種別":"図上測量","筆界未定構成筆":null,"代表点緯度":5588.8605,"代表点経度":10891.904188173}},{"type":"MultiPolygon","arcs":[[[604,-590,605,606,607,-598,608,609,610,-610,611]]],"properties":{"筆ID":"H000000232","version":"ver1.0","座標系":"任意座標系","測地系判別":null,"地図名":"美瑛町（２４００）・図郭座標無","地図番号":"切96-4","縮尺分母":"2400","市区町村コード":"01459","市区町村名":"上川郡美瑛町","大字コード":"000","丁目コード":"000","小字コード":"0024","予備コード":"00","大字名":null,"丁目名":null,"小字名":"字忠別","予備名":null,"地番":"2811-4","精度区分":null,"座標値種別":"図上測量","筆界未定構成筆":null,"代表点緯度":5376.8315,"代表点経度":10907.590712802}},{"type":"MultiPolygon","arcs":[[[-605,612,613,614,615,-591]]],"properties":{"筆ID":"H000000233","version":"ver1.0","座標系":"任意座標系","測地系判別":null,"地図名":"美瑛町（２４００）・図郭座標無","地図番号":"切96-4","縮尺分母":"2400","市区町村コード":"01459","市区町村名":"上川郡美瑛町","大字コード":"000","丁目コード":"000","小字コード":"0024","予備コード":"00","大字名":null,"丁目名":null,"小字名":"字忠別","予備名":null,"地番":"2811-5","精度区分":null,"座標値種別":"図上測量","筆界未定構成筆":null,"代表点緯度":5422.589,"代表点経度":10864.26165409}},{"type":"MultiPolygon","arcs":[[[616,617,618,-614]]],"properties":{"筆ID":"H000000234","version":"ver1.0","座標系":"任意座標系","測地系判別":null,"地図名":"美瑛町（２４００）・図郭座標無","地図番号":"切96-3","縮尺分母":"2400","市区町村コード":"01459","市区町村名":"上川郡美瑛町","大字コード":"000","丁目コード":"000","小字コード":"0024","予備コード":"00","大字名":null,"丁目名":null,"小字名":"字忠別","予備名":null,"地番":"2811-7","精度区分":null,"座標値種別":"図上測量","筆界未定構成筆":null,"代表点緯度":5404.372,"代表点経度":10831.674521689}},{"type":"MultiPolygon","arcs":[[[619,620]]],"properties":{"筆ID":"H000000235","version":"ver1.0","座標系":"任意座標系","測地系判別":null,"地図名":"美瑛町（２４００）・図郭座標無","地図番号":"切96-3","縮尺分母":"2400","市区町村コード":"01459","市区町村名":"上川郡美瑛町","大字コード":"000","丁目コード":"000","小字コード":"0024","予備コード":"00","大字名":null,"丁目名":null,"小字名":"字忠別","予備名":null,"地番":"2811-8","精度区分":null,"座標値種別":"図上測量","筆界未定構成筆":null,"代表点緯度":5410.957,"代表点経度":10817.97067868}},{"type":"MultiPolygon","arcs":[[[-619,621,-620,622]]],"properties":{"筆ID":"H000000236","version":"ver1.0","座標系":"任意座標系","測地系判別":null,"地図名":"美瑛町（２４００）・図郭座標無","地図番号":"切96-3","縮尺分母":"2400","市区町村コード":"01459","市区町村名":"上川郡美瑛町","大字コード":"000","丁目コード":"000","小字コード":"0024","予備コード":"00","大字名":null,"丁目名":null,"小字名":"字忠別","予備名":null,"地番":"2811-9","精度区分":null,"座標値種別":"図上測量","筆界未定構成筆":null,"代表点緯度":5407.3365,"代表点経度":10826.788511572}},{"type":"MultiPolygon","arcs":[[[-611]]],"properties":{"筆ID":"H000000237","version":"ver1.0","座標系":"任意座標系","測地系判別":null,"地図名":"美瑛町（２４００）・図郭座標無","地図番号":"切96-4","縮尺分母":"2400","市区町村コード":"01459","市区町村名":"上川郡美瑛町","大字コード":"000","丁目コード":"000","小字コード":"0024","予備コード":"00","大字名":null,"丁目名":null,"小字名":"字忠別","予備名":null,"地番":"2811-10","精度区分":null,"座標値種別":"図上測量","筆界未定構成筆":null,"代表点緯度":5366.7955,"代表点経度":10889.976850314}},{"type":"MultiPolygon","arcs":[[[623,624,625,-596,626]]],"properties":{"筆ID":"H000000238","version":"ver1.0","座標系":"任意座標系","測地系判別":null,"地図名":"美瑛町（２４００）・図郭座標無","地図番号":"切96-3","縮尺分母":"2400","市区町村コード":"01459","市区町村名":"上川郡美瑛町","大字コード":"000","丁目コード":"000","小字コード":"0024","予備コード":"00","大字名":null,"丁目名":null,"小字名":"字忠別","予備名":null,"地番":"2811-11","精度区分":null,"座標値種別":"図上測量","筆界未定構成筆":null,"代表点緯度":5366.3795,"代表点経度":10855.296236783}},{"type":"MultiPolygon","arcs":[[[-612,-609,-597,-626,627,628]]],"properties":{"筆ID":"H000000239","version":"ver1.0","座標系":"任意座標系","測地系判別":null,"地図名":"美瑛町（２４００）・図郭座標無","地図番号":"切96-4","縮尺分母":"2400","市区町村コード":"01459","市区町村名":"上川郡美瑛町","大字コード":"000","丁目コード":"000","小字コード":"0024","予備コード":"00","大字名":null,"丁目名":null,"小字名":"字忠別","予備名":null,"地番":"2811-12","精度区分":null,"座標値種別":"図上測量","筆界未定構成筆":null,"代表点緯度":5361.729,"代表点経度":10869.102199773}},{"type":"MultiPolygon","arcs":[[[-627,-595,629,-618,630]]],"properties":{"筆ID":"H000000240","version":"ver1.0","座標系":"任意座標系","測地系判別":null,"地図名":"美瑛町（２４００）・図郭座標無","地図番号":"切96-3","縮尺分母":"2400","市区町村コード":"01459","市区町村名":"上川郡美瑛町","大字コード":"000","丁目コード":"000","小字コード":"0024","予備コード":"00","大字名":null,"丁目名":null,"小字名":"字忠別","予備名":null,"地番":"2811-13","精度区分":null,"座標値種別":"図上測量","筆界未定構成筆":null,"代表点緯度":5378.4,"代表点経度":10832.758219466}},{"type":"MultiPolygon","arcs":[[[631,-628,-625]]],"properties":{"筆ID":"H000000241","version":"ver1.0","座標系":"任意座標系","測地系判別":null,"地図名":"美瑛町（２４００）・図郭座標無","地図番号":"切96-4","縮尺分母":"2400","市区町村コード":"01459","市区町村名":"上川郡美瑛町","大字コード":"000","丁目コード":"000","小字コード":"0024","予備コード":"00","大字名":null,"丁目名":null,"小字名":"字忠別","予備名":null,"地番":"2811-14","精度区分":null,"座標値種別":"図上測量","筆界未定構成筆":null,"代表点緯度":5379.641,"代表点経度":10865.312500091}},{"type":"MultiPolygon","arcs":[[[-613,-629,-632,-624,-631,-617]]],"properties":{"筆ID":"H000000242","version":"ver1.0","座標系":"任意座標系","測地系判別":null,"地図名":"美瑛町（２４００）・図郭座標無","地図番号":"切96-4","縮尺分母":"2400","市区町村コード":"01459","市区町村名":"上川郡美瑛町","大字コード":"000","丁目コード":"000","小字コード":"0024","予備コード":"00","大字名":null,"丁目名":null,"小字名":"字忠別","予備名":null,"地番":"2811-15","精度区分":null,"座標値種別":"図上測量","筆界未定構成筆":null,"代表点緯度":5394.679,"代表点経度":10855.145597408}},{"type":"MultiPolygon","arcs":[[[-592,-616,632,633,-603]]],"properties":{"筆ID":"H000000243","version":"ver1.0","座標系":"任意座標系","測地系判別":null,"地図名":"美瑛町（２４００）・図郭座標無","地図番号":"切96-4","縮尺分母":"2400","市区町村コード":"01459","市区町村名":"上川郡美瑛町","大字コード":"000","丁目コード":"000","小字コード":"0024","予備コード":"00","大字名":null,"丁目名":null,"小字名":"字忠別","予備名":null,"地番":"2812","精度区分":null,"座標値種別":"図上測量","筆界未定構成筆":null,"代表点緯度":5501.805,"代表点経度":10843.07758942}},{"type":"MultiPolygon","arcs":[[[634,635,636,637]]],"properties":{"筆ID":"H000000244","version":"ver1.0","座標系":"任意座標系","測地系判別":null,"地図名":"美瑛町（２４００）・図郭座標無","地図番号":"切96-4","縮尺分母":"2400","市区町村コード":"01459","市区町村名":"上川郡美瑛町","大字コード":"000","丁目コード":"000","小字コード":"0024","予備コード":"00","大字名":null,"丁目名":null,"小字名":"字忠別","予備名":null,"地番":"2813-1","精度区分":null,"座標値種別":"図上測量","筆界未定構成筆":null,"代表点緯度":5272.3095,"代表点経度":10912.099006886}},{"type":"MultiPolygon","arcs":[[[638,-636,639,640,641,642,-487]]],"properties":{"筆ID":"H000000245","version":"ver1.0","座標系":"任意座標系","測地系判別":null,"地図名":"美瑛町（２４００）・図郭座標無","地図番号":"切96-4","縮尺分母":"2400","市区町村コード":"01459","市区町村名":"上川郡美瑛町","大字コード":"000","丁目コード":"000","小字コード":"0024","予備コード":"00","大字名":null,"丁目名":null,"小字名":"字忠別","予備名":null,"地番":"2813-2","精度区分":null,"座標値種別":"図上測量","筆界未定構成筆":null,"代表点緯度":5347.583,"代表点経度":10836.014743843}},{"type":"MultiPolygon","arcs":[[[-641,643,644]]],"properties":{"筆ID":"H000000246","version":"ver1.0","座標系":"任意座標系","測地系判別":null,"地図名":"美瑛町（２４００）・図郭座標無","地図番号":"切96-4","縮尺分母":"2400","市区町村コード":"01459","市区町村名":"上川郡美瑛町","大字コード":"000","丁目コード":"000","小字コード":"0024","予備コード":"00","大字名":null,"丁目名":null,"小字名":"字忠別","予備名":null,"地番":"2813-3","精度区分":null,"座標値種別":"図上測量","筆界未定構成筆":null,"代表点緯度":5323.0125,"代表点経度":10859.45244375}},{"type":"MultiPolygon","arcs":[[[645,646,647,648]]],"properties":{"筆ID":"H000000247","version":"ver1.0","座標系":"任意座標系","測地系判別":null,"地図名":"美瑛町（２４００）・図郭座標無","地図番号":"切96-4","縮尺分母":"2400","市区町村コード":"01459","市区町村名":"上川郡美瑛町","大字コード":"000","丁目コード":"000","小字コード":"0024","予備コード":"00","大字名":null,"丁目名":null,"小字名":"字忠別","予備名":null,"地番":"2816-1","精度区分":null,"座標値種別":"図上測量","筆界未定構成筆":null,"代表点緯度":5436.1595,"代表点経度":11026.380614083}},{"type":"MultiPolygon","arcs":[[[649,650,651,652]]],"properties":{"筆ID":"H000000248","version":"ver1.0","座標系":"任意座標系","測地系判別":null,"地図名":"美瑛町（２４００）・図郭座標無","地図番号":"切96-4","縮尺分母":"2400","市区町村コード":"01459","市区町村名":"上川郡美瑛町","大字コード":"000","丁目コード":"000","小字コード":"0024","予備コード":"00","大字名":null,"丁目名":null,"小字名":"字忠別","予備名":null,"地番":"2816-2","精度区分":null,"座標値種別":"図上測量","筆界未定構成筆":null,"代表点緯度":5323.8725,"代表点経度":10945.987827429}},{"type":"MultiPolygon","arcs":[[[653,654]]],"properties":{"筆ID":"H000000249","version":"ver1.0","座標系":"任意座標系","測地系判別":null,"地図名":"美瑛町（２４００）・図郭座標無","地図番号":"切96-4","縮尺分母":"2400","市区町村コード":"01459","市区町村名":"上川郡美瑛町","大字コード":"000","丁目コード":"000","小字コード":"0024","予備コード":"00","大字名":null,"丁目名":null,"小字名":"字忠別","予備名":null,"地番":"2816-3","精度区分":null,"座標値種別":"図上測量","筆界未定構成筆":null,"代表点緯度":5372.443,"代表点経度":11020.617815828}},{"type":"MultiPolygon","arcs":[[[-654,655,-648,656,657,-650,658]]],"properties":{"筆ID":"H000000250","version":"ver1.0","座標系":"任意座標系","測地系判別":null,"地図名":"美瑛町（２４００）・図郭座標無","地図番号":"切96-4","縮尺分母":"2400","市区町村コード":"01459","市区町村名":"上川郡美瑛町","大字コード":"000","丁目コード":"000","小字コード":"0024","予備コード":"00","大字名":null,"丁目名":null,"小字名":"字忠別","予備名":null,"地番":"2816-4","精度区分":null,"座標値種別":"図上測量","筆界未定構成筆":null,"代表点緯度":5372.443,"代表点経度":11071.357368268}},{"type":"MultiPolygon","arcs":[[[659,660,661,-646,662]]],"properties":{"筆ID":"H000000251","version":"ver1.0","座標系":"任意座標系","測地系判別":null,"地図名":"美瑛町（２４００）・図郭座標無","地図番号":"切96-4","縮尺分母":"2400","市区町村コード":"01459","市区町村名":"上川郡美瑛町","大字コード":"000","丁目コード":"000","小字コード":"0024","予備コード":"00","大字名":null,"丁目名":null,"小字名":"字忠別","予備名":null,"地番":"2816-5","精度区分":null,"座標値種別":"図上測量","筆界未定構成筆":null,"代表点緯度":5545.2325,"代表点経度":11044.541819482}},{"type":"MultiPolygon","arcs":[[[663,-663,664]]],"properties":{"筆ID":"H000000252","version":"ver1.0","座標系":"任意座標系","測地系判別":null,"地図名":"美瑛町（２４００）・図郭座標無","地図番号":"切96-4","縮尺分母":"2400","市区町村コード":"01459","市区町村名":"上川郡美瑛町","大字コード":"000","丁目コード":"000","小字コード":"0024","予備コード":"00","大字名":null,"丁目名":null,"小字名":"字忠別","予備名":null,"地番":"2816-6","精度区分":null,"座標値種別":"図上測量","筆界未定構成筆":null,"代表点緯度":5559.9365,"代表点経度":10958.419317762}},{"type":"MultiPolygon","arcs":[[[665,666,667]]],"properties":{"筆ID":"H000000253","version":"ver1.0","座標系":"任意座標系","測地系判別":null,"地図名":"美瑛町（２４００）・図郭座標無","地図番号":"切96-4","縮尺分母":"2400","市区町村コード":"01459","市区町村名":"上川郡美瑛町","大字コード":"000","丁目コード":"000","小字コード":"0024","予備コード":"00","大字名":null,"丁目名":null,"小字名":"字忠別","予備名":null,"地番":"2817-2","精度区分":null,"座標値種別":"図上測量","筆界未定構成筆":null,"代表点緯度":5310.7795,"代表点経度":10996.714048816}},{"type":"MultiPolygon","arcs":[[[-667,668,669,670,671]]],"properties":{"筆ID":"H000000254","version":"ver1.0","座標系":"任意座標系","測地系判別":null,"地図名":"美瑛町（２４００）・図郭座標無","地図番号":"切96-4","縮尺分母":"2400","市区町村コード":"01459","市区町村名":"上川郡美瑛町","大字コード":"000","丁目コード":"000","小字コード":"0024","予備コード":"00","大字名":null,"丁目名":null,"小字名":"字忠別","予備名":null,"地番":"2817-3","精度区分":null,"座標値種別":"図上測量","筆界未定構成筆":null,"代表点緯度":5287.2785,"代表点経度":10995.307721682}},{"type":"MultiPolygon","arcs":[[[672,673,674,675]]],"properties":{"筆ID":"H000000255","version":"ver1.0","座標系":"任意座標系","測地系判別":null,"地図名":"美瑛町（２４００）・図郭座標無","地図番号":"切96-4","縮尺分母":"2400","市区町村コード":"01459","市区町村名":"上川郡美瑛町","大字コード":"000","丁目コード":"000","小字コード":"0024","予備コード":"00","大字名":null,"丁目名":null,"小字名":"字忠別","予備名":null,"地番":"2818-1","精度区分":null,"座標値種別":"図上測量","筆界未定構成筆":null,"代表点緯度":5283.07,"代表点経度":11103.876268431}},{"type":"MultiPolygon","arcs":[[[676,677,-673,678]]],"properties":{"筆ID":"H000000256","version":"ver1.0","座標系":"任意座標系","測地系判別":null,"地図名":"美瑛町（２４００）・図郭座標無","地図番号":"切96-4","縮尺分母":"2400","市区町村コード":"01459","市区町村名":"上川郡美瑛町","大字コード":"000","丁目コード":"000","小字コード":"0024","予備コード":"00","大字名":null,"丁目名":null,"小字名":"字忠別","予備名":null,"地番":"2818-3","精度区分":null,"座標値種別":"図上測量","筆界未定構成筆":null,"代表点緯度":5310.41,"代表点経度":11103.868988323}},{"type":"MultiPolygon","arcs":[[[-679,679,-666,680]]],"properties":{"筆ID":"H000000257","version":"ver1.0","座標系":"任意座標系","測地系判別":null,"地図名":"美瑛町（２４００）・図郭座標無","地図番号":"切96-4","縮尺分母":"2400","市区町村コード":"01459","市区町村名":"上川郡美瑛町","大字コード":"000","丁目コード":"000","小字コード":"0024","予備コード":"00","大字名":null,"丁目名":null,"小字名":"字忠別","予備名":null,"地番":"2818-4","精度区分":null,"座標値種別":"図上測量","筆界未定構成筆":null,"代表点緯度":5310.5335,"代表点経度":11072.360407533}},{"type":"MultiPolygon","arcs":[[[-676,681,-669,-680]]],"properties":{"筆ID":"H000000258","version":"ver1.0","座標系":"任意座標系","測地系判別":null,"地図名":"美瑛町（２４００）・図郭座標無","地図番号":"切96-4","縮尺分母":"2400","市区町村コード":"01459","市区町村名":"上川郡美瑛町","大字コード":"000","丁目コード":"000","小字コード":"0024","予備コード":"00","大字名":null,"丁目名":null,"小字名":"字忠別","予備名":null,"地番":"2818-5","精度区分":null,"座標値種別":"図上測量","筆界未定構成筆":null,"代表点緯度":5283.0185,"代表点経度":11072.443933758}},{"type":"MultiPolygon","arcs":[[[682,683,684,685,686,687,688,-658,689,-661,690]]],"properties":{"筆ID":"H000000259","version":"ver1.0","座標系":"任意座標系","測地系判別":null,"地図名":"美瑛町（２４００）・図郭座標無","地図番号":"切96-4","縮尺分母":"2400","市区町村コード":"01459","市区町村名":"上川郡美瑛町","大字コード":"000","丁目コード":"000","小字コード":"0024","予備コード":"00","大字名":null,"丁目名":null,"小字名":"字忠別","予備名":null,"地番":"2820-1","精度区分":null,"座標値種別":"図上測量","筆界未定構成筆":null,"代表点緯度":5437.4025,"代表点経度":11258.065312852}},{"type":"MultiPolygon","arcs":[[[691,-687,692,693,-651,-689]]],"properties":{"筆ID":"H000000260","version":"ver1.0","座標系":"任意座標系","測地系判別":null,"地図名":"美瑛町（２４００）・図郭座標無","地図番号":"切96-4","縮尺分母":"2400","市区町村コード":"01459","市区町村名":"上川郡美瑛町","大字コード":"000","丁目コード":"000","小字コード":"0024","予備コード":"00","大字名":null,"丁目名":null,"小字名":"字忠別","予備名":null,"地番":"2820-2","精度区分":null,"座標値種別":"図上測量","筆界未定構成筆":null,"代表点緯度":5321.286,"代表点経度":11203.013582171}},{"type":"MultiPolygon","arcs":[[[-692,-688]]],"properties":{"筆ID":"H000000261","version":"ver1.0","座標系":"任意座標系","測地系判別":null,"地図名":"美瑛町（２４００）・図郭座標無","地図番号":"切96-4","縮尺分母":"2400","市区町村コード":"01459","市区町村名":"上川郡美瑛町","大字コード":"000","丁目コード":"000","小字コード":"0024","予備コード":"00","大字名":null,"丁目名":null,"小字名":"字忠別","予備名":null,"地番":"2820-3","精度区分":null,"座標値種別":"図上測量","筆界未定構成筆":null,"代表点緯度":5335.8595,"代表点経度":11211.15140974}},{"type":"MultiPolygon","arcs":[[[-657,-647,-662,-690]]],"properties":{"筆ID":"H000000262","version":"ver1.0","座標系":"任意座標系","測地系判別":null,"地図名":"美瑛町（２４００）・図郭座標無","地図番号":"切96-4","縮尺分母":"2400","市区町村コード":"01459","市区町村名":"上川郡美瑛町","大字コード":"000","丁目コード":"000","小字コード":"0024","予備コード":"00","大字名":null,"丁目名":null,"小字名":"字忠別","予備名":null,"地番":"2820-4","精度区分":null,"座標値種別":"図上測量","筆界未定構成筆":null,"代表点緯度":5436.2415,"代表点経度":11168.108355278}},{"type":"MultiPolygon","arcs":[[[694,695]]],"properties":{"筆ID":"H000000263","version":"ver1.0","座標系":"任意座標系","測地系判別":null,"地図名":"美瑛町（２４００）・図郭座標無","地図番号":"切96-4","縮尺分母":"2400","市区町村コード":"01459","市区町村名":"上川郡美瑛町","大字コード":"000","丁目コード":"000","小字コード":"0024","予備コード":"00","大字名":null,"丁目名":null,"小字名":"字忠別","予備名":null,"地番":"2821-1","精度区分":null,"座標値種別":"図上測量","筆界未定構成筆":null,"代表点緯度":5256.247,"代表点経度":11203.444310296}},{"type":"MultiPolygon","arcs":[[[696,-696,697,698]]],"properties":{"筆ID":"H000000264","version":"ver1.0","座標系":"任意座標系","測地系判別":null,"地図名":"美瑛町（２４００）・図郭座標無","地図番号":"切96-4","縮尺分母":"2400","市区町村コード":"01459","市区町村名":"上川郡美瑛町","大字コード":"000","丁目コード":"000","小字コード":"0024","予備コード":"00","大字名":null,"丁目名":null,"小字名":"字忠別","予備名":null,"地番":"2821-2","精度区分":null,"座標値種別":"図上測量","筆界未定構成筆":null,"代表点緯度":5310.294,"代表点経度":11203.368373971}},{"type":"MultiPolygon","arcs":[[[699,700,-685,701]]],"properties":{"筆ID":"H000000265","version":"ver1.0","座標系":"任意座標系","測地系判別":null,"地図名":"美瑛町（２４００）・図郭座標無","地図番号":"切96-4","縮尺分母":"2400","市区町村コード":"01459","市区町村名":"上川郡美瑛町","大字コード":"000","丁目コード":"000","小字コード":"0024","予備コード":"00","大字名":null,"丁目名":null,"小字名":"字忠別","予備名":null,"地番":"2823-1","精度区分":null,"座標値種別":"図上測量","筆界未定構成筆":null,"代表点緯度":5400.327,"代表点経度":11378.858572182}},{"type":"MultiPolygon","arcs":[[[702,703,-693,704]]],"properties":{"筆ID":"H000000266","version":"ver1.0","座標系":"任意座標系","測地系判別":null,"地図名":"美瑛町（２４００）・図郭座標無","地図番号":"切96-4","縮尺分母":"2400","市区町村コード":"01459","市区町村名":"上川郡美瑛町","大字コード":"000","丁目コード":"000","小字コード":"0024","予備コード":"00","大字名":null,"丁目名":null,"小字名":"字忠別","予備名":null,"地番":"2823-2","精度区分":null,"座標値種別":"図上測量","筆界未定構成筆":null,"代表点緯度":5321.1815,"代表点経度":11379.270211946}},{"type":"MultiPolygon","arcs":[[[705,-705,-686,-701]]],"properties":{"筆ID":"H000000267","version":"ver1.0","座標系":"任意座標系","測地系判別":null,"地図名":"美瑛町（２４００）・図郭座標無","地図番号":"切96-4","縮尺分母":"2400","市区町村コード":"01459","市区町村名":"上川郡美瑛町","大字コード":"000","丁目コード":"000","小字コード":"0024","予備コード":"00","大字名":null,"丁目名":null,"小字名":"字忠別","予備名":null,"地番":"2823-3","精度区分":null,"座標値種別":"図上測量","筆界未定構成筆":null,"代表点緯度":5352.552,"代表点経度":11379.107126309}},{"type":"MultiPolygon","arcs":[[[706,707,-702,-684]]],"properties":{"筆ID":"H000000268","version":"ver1.0","座標系":"任意座標系","測地系判別":null,"地図名":"美瑛町（２４００）・図郭座標無","地図番号":"切96-4","縮尺分母":"2400","市区町村コード":"01459","市区町村名":"上川郡美瑛町","大字コード":"000","丁目コード":"000","小字コード":"0024","予備コード":"00","大字名":null,"丁目名":null,"小字名":"字忠別","予備名":null,"地番":"2823-4","精度区分":null,"座標値種別":"図上測量","筆界未定構成筆":null,"代表点緯度":5437.4395,"代表点経度":11378.665644435}},{"type":"MultiPolygon","arcs":[[[708,709,-707,-683]]],"properties":{"筆ID":"H000000269","version":"ver1.0","座標系":"任意座標系","測地系判別":null,"地図名":"美瑛町（２４００）・図郭座標無","地図番号":"切96-4","縮尺分母":"2400","市区町村コード":"01459","市区町村名":"上川郡美瑛町","大字コード":"000","丁目コード":"000","小字コード":"0024","予備コード":"00","大字名":null,"丁目名":null,"小字名":"字忠別","予備名":null,"地番":"2823-5","精度区分":null,"座標値種別":"図上測量","筆界未定構成筆":null,"代表点緯度":5480.294,"代表点経度":11422.911864842}},{"type":"MultiPolygon","arcs":[[[710,711,712,713,714,715]]],"properties":{"筆ID":"H000000270","version":"ver1.0","座標系":"任意座標系","測地系判別":null,"地図名":"美瑛町（２４００）・図郭座標無","地図番号":"切96-4","縮尺分母":"2400","市区町村コード":"01459","市区町村名":"上川郡美瑛町","大字コード":"000","丁目コード":"000","小字コード":"0024","予備コード":"00","大字名":null,"丁目名":null,"小字名":"字忠別","予備名":null,"地番":"2824-1","精度区分":null,"座標値種別":"図上測量","筆界未定構成筆":null,"代表点緯度":5262.3465,"代表点経度":11320.977943492}},{"type":"MultiPolygon","arcs":[[[716,717,718,719,-716,720,721]]],"properties":{"筆ID":"H000000271","version":"ver1.0","座標系":"任意座標系","測地系判別":null,"地図名":"美瑛町（２４００）・図郭座標無","地図番号":"切96-4","縮尺分母":"2400","市区町村コード":"01459","市区町村名":"上川郡美瑛町","大字コード":"000","丁目コード":"000","小字コード":"0024","予備コード":"00","大字名":null,"丁目名":null,"小字名":"字忠別","予備名":null,"地番":"2824-2","精度区分":null,"座標値種別":"図上測量","筆界未定構成筆":null,"代表点緯度":5310.13,"代表点経度":11370.518487893}},{"type":"MultiPolygon","arcs":[[[722,-711,-720]]],"properties":{"筆ID":"H000000272","version":"ver1.0","座標系":"任意座標系","測地系判別":null,"地図名":"美瑛町（２４００）・図郭座標無","地図番号":"切96-4","縮尺分母":"2400","市区町村コード":"01459","市区町村名":"上川郡美瑛町","大字コード":"000","丁目コード":"000","小字コード":"0024","予備コード":"00","大字名":null,"丁目名":null,"小字名":"字忠別","予備名":null,"地番":"2824-3","精度区分":null,"座標値種別":"図上測量","筆界未定構成筆":null,"代表点緯度":5285.468,"代表点経度":11372.076933089}},{"type":"MultiPolygon","arcs":[[[723,-712,724,-718]]],"properties":{"筆ID":"H000000273","version":"ver1.0","座標系":"任意座標系","測地系判別":null,"地図名":"美瑛町（２４００）・図郭座標無","地図番号":"切96-4","縮尺分母":"2400","市区町村コード":"01459","市区町村名":"上川郡美瑛町","大字コード":"000","丁目コード":"000","小字コード":"0024","予備コード":"00","大字名":null,"丁目名":null,"小字名":"字忠別","予備名":null,"地番":"2824-4","精度区分":null,"座標値種別":"図上測量","筆界未定構成筆":null,"代表点緯度":5290.206,"代表点経度":11429.660714525}},{"type":"MultiPolygon","arcs":[[[-725,-723,-719]]],"properties":{"筆ID":"H000000274","version":"ver1.0","座標系":"任意座標系","測地系判別":null,"地図名":"美瑛町（２４００）・図郭座標無","地図番号":"切96-4","縮尺分母":"2400","市区町村コード":"01459","市区町村名":"上川郡美瑛町","大字コード":"000","丁目コード":"000","小字コード":"0024","予備コード":"00","大字名":null,"丁目名":null,"小字名":"字忠別","予備名":null,"地番":"2824-5","精度区分":null,"座標値種別":"図上測量","筆界未定構成筆":null,"代表点緯度":5285.468,"代表点経度":11403.533945229}},{"type":"MultiPolygon","arcs":[[[725,726,-717,727]]],"properties":{"筆ID":"H000000275","version":"ver1.0","座標系":"任意座標系","測地系判別":null,"地図名":"美瑛町（２４００）・図郭座標無","地図番号":"切96-4","縮尺分母":"2400","市区町村コード":"01459","市区町村名":"上川郡美瑛町","大字コード":"000","丁目コード":"000","小字コード":"0024","予備コード":"00","大字名":null,"丁目名":null,"小字名":"字忠別","予備名":null,"地番":"2825-2","精度区分":null,"座標値種別":"図上測量","筆界未定構成筆":null,"代表点緯度":5310.058,"代表点経度":11456.908726397}},{"type":"MultiPolygon","arcs":[[[728,729,-714]]],"properties":{"筆ID":"H000000276","version":"ver1.0","座標系":"任意座標系","測地系判別":null,"地図名":"美瑛町（２４００）・図郭座標無","地図番号":"切96-4","縮尺分母":"2400","市区町村コード":"01459","市区町村名":"上川郡美瑛町","大字コード":"000","丁目コード":"000","小字コード":"0024","予備コード":"00","大字名":null,"丁目名":null,"小字名":"字忠別","予備名":null,"地番":"2825-3","精度区分":null,"座標値種別":"図上測量","筆界未定構成筆":null,"代表点緯度":5166.5165,"代表点経度":11348.201493685}},{"type":"MultiPolygon","arcs":[[[730,731,-724,-727]]],"properties":{"筆ID":"H000000277","version":"ver1.0","座標系":"任意座標系","測地系判別":null,"地図名":"美瑛町（２４００）・図郭座標無","地図番号":"切96-4","縮尺分母":"2400","市区町村コード":"01459","市区町村名":"上川郡美瑛町","大字コード":"000","丁目コード":"000","小字コード":"0024","予備コード":"00","大字名":null,"丁目名":null,"小字名":"字忠別","予備名":null,"地番":"2825-4","精度区分":null,"座標値種別":"図上測量","筆界未定構成筆":null,"代表点緯度":5273.6025,"代表点経度":11457.174688616}},{"type":"MultiPolygon","arcs":[[[732,733,734,735,736,737,738,739]]],"properties":{"筆ID":"H000000278","version":"ver1.0","座標系":"任意座標系","測地系判別":null,"地図名":"美瑛町（２４００）・図郭座標無","地図番号":"切96-4","縮尺分母":"2400","市区町村コード":"01459","市区町村名":"上川郡美瑛町","大字コード":"000","丁目コード":"000","小字コード":"0024","予備コード":"00","大字名":null,"丁目名":null,"小字名":"字忠別","予備名":null,"地番":"2826-1","精度区分":null,"座標値種別":"図上測量","筆界未定構成筆":null,"代表点緯度":5441.2265,"代表点経度":11574.536332702}},{"type":"MultiPolygon","arcs":[[[-738,740,741,742,743,744]]],"properties":{"筆ID":"H000000279","version":"ver1.0","座標系":"任意座標系","測地系判別":null,"地図名":"美瑛町（２４００）・図郭座標無","地図番号":"切96-4","縮尺分母":"2400","市区町村コード":"01459","市区町村名":"上川郡美瑛町","大字コード":"000","丁目コード":"000","小字コード":"0024","予備コード":"00","大字名":null,"丁目名":null,"小字名":"字忠別","予備名":null,"地番":"2826-2","精度区分":null,"座標値種別":"図上測量","筆界未定構成筆":null,"代表点緯度":5321.62,"代表点経度":11561.095656429}},{"type":"MultiPolygon","arcs":[[[745,-734]]],"properties":{"筆ID":"H000000280","version":"ver1.0","座標系":"任意座標系","測地系判別":null,"地図名":"美瑛町（２４００）・図郭座標無","地図番号":"切96-4","縮尺分母":"2400","市区町村コード":"01459","市区町村名":"上川郡美瑛町","大字コード":"000","丁目コード":"000","小字コード":"0024","予備コード":"00","大字名":null,"丁目名":null,"小字名":"字忠別","予備名":null,"地番":"2826-3","精度区分":null,"座標値種別":"図上測量","筆界未定構成筆":null,"代表点緯度":5441.2265,"代表点経度":11618.122889765}},{"type":"MultiPolygon","arcs":[[[746,747]]],"properties":{"筆ID":"H000000281","version":"ver1.0","座標系":"任意座標系","測地系判別":null,"地図名":"美瑛町（２４００）・図郭座標無","地図番号":"切96-4","縮尺分母":"2400","市区町村コード":"01459","市区町村名":"上川郡美瑛町","大字コード":"000","丁目コード":"000","小字コード":"0024","予備コード":"00","大字名":null,"丁目名":null,"小字名":"字忠別","予備名":null,"地番":"2826-4","精度区分":null,"座標値種別":"図上測量","筆界未定構成筆":null,"代表点緯度":5441.361,"代表点経度":11493.961762012}},{"type":"MultiPolygon","arcs":[[[-739,-745,748,-748,749,750]]],"properties":{"筆ID":"H000000282","version":"ver1.0","座標系":"任意座標系","測地系判別":null,"地図名":"美瑛町（２４００）・図郭座標無","地図番号":"切96-4","縮尺分母":"2400","市区町村コード":"01459","市区町村名":"上川郡美瑛町","大字コード":"000","丁目コード":"000","小字コード":"0024","予備コード":"00","大字名":null,"丁目名":null,"小字名":"字忠別","予備名":null,"地番":"2826-5","精度区分":null,"座標値種別":"図上測量","筆界未定構成筆":null,"代表点緯度":5368.305,"代表点経度":11517.425238635}},{"type":"MultiPolygon","arcs":[[[751,-741,-737]]],"properties":{"筆ID":"H000000283","version":"ver1.0","座標系":"任意座標系","測地系判別":null,"地図名":"美瑛町（２４００）・図郭座標無","地図番号":"切96-4","縮尺分母":"2400","市区町村コード":"01459","市区町村名":"上川郡美瑛町","大字コード":"000","丁目コード":"000","小字コード":"0024","予備コード":"00","大字名":null,"丁目名":null,"小字名":"字忠別","予備名":null,"地番":"2826-6","精度区分":null,"座標値種別":"図上測量","筆界未定構成筆":null,"代表点緯度":5363.889,"代表点経度":11605.211035417}},{"type":"MultiPolygon","arcs":[[[752,753,754]]],"properties":{"筆ID":"H000000284","version":"ver1.0","座標系":"任意座標系","測地系判別":null,"地図名":"美瑛町（２４００）・図郭座標無","地図番号":"切96-4","縮尺分母":"2400","市区町村コード":"01459","市区町村名":"上川郡美瑛町","大字コード":"000","丁目コード":"000","小字コード":"0024","予備コード":"00","大字名":null,"丁目名":null,"小字名":"字忠別","予備名":null,"地番":"2827-2","精度区分":null,"座標値種別":"図上測量","筆界未定構成筆":null,"代表点緯度":5284.08,"代表点経度":11567.959064429}},{"type":"MultiPolygon","arcs":[[[755]]],"properties":{"筆ID":"H000000285","version":"ver1.0","座標系":"任意座標系","測地系判別":null,"地図名":"美瑛町（２４００）・図郭座標無","地図番号":"切96-4","縮尺分母":"2400","市区町村コード":"01459","市区町村名":"上川郡美瑛町","大字コード":"000","丁目コード":"000","小字コード":"0024","予備コード":"00","大字名":null,"丁目名":null,"小字名":"字忠別","予備名":null,"地番":"2827-3","精度区分":null,"座標値種別":"図上測量","筆界未定構成筆":null,"代表点緯度":5229.5205,"代表点経度":11590.893752751}},{"type":"MultiPolygon","arcs":[[[756,757,-735,-746,-733,758]]],"properties":{"筆ID":"H000000286","version":"ver1.0","座標系":"任意座標系","測地系判別":null,"地図名":"美瑛町（２４００）・図郭座標無","地図番号":"切87-3","縮尺分母":"2400","市区町村コード":"01459","市区町村名":"上川郡美瑛町","大字コード":"000","丁目コード":"000","小字コード":"0024","予備コード":"00","大字名":null,"丁目名":null,"小字名":"字忠別","予備名":null,"地番":"2830-1","精度区分":null,"座標値種別":"図上測量","筆界未定構成筆":null,"代表点緯度":5504.411,"代表点経度":11700.154862046}},{"type":"MultiPolygon","arcs":[[[759,760,761,762,-742,763]]],"properties":{"筆ID":"H000000287","version":"ver1.0","座標系":"任意座標系","測地系判別":null,"地図名":"美瑛町（２４００）・図郭座標無","地図番号":"切87-3","縮尺分母":"2400","市区町村コード":"01459","市区町村名":"上川郡美瑛町","大字コード":"000","丁目コード":"000","小字コード":"0024","予備コード":"00","大字名":null,"丁目名":null,"小字名":"字忠別","予備名":null,"地番":"2830-2","精度区分":null,"座標値種別":"図上測量","筆界未定構成筆":null,"代表点緯度":5321.967,"代表点経度":11736.289056132}},{"type":"MultiPolygon","arcs":[[[764,-761,765,-764,-752,-736,-758]]],"properties":{"筆ID":"H000000288","version":"ver1.0","座標系":"任意座標系","測地系判別":null,"地図名":"美瑛町（２４００）・図郭座標無","地図番号":"切87-3","縮尺分母":"2400","市区町村コード":"01459","市区町村名":"上川郡美瑛町","大字コード":"000","丁目コード":"000","小字コード":"0024","予備コード":"00","大字名":null,"丁目名":null,"小字名":"字忠別","予備名":null,"地番":"2830-3","精度区分":null,"座標値種別":"図上測量","筆界未定構成筆":null,"代表点緯度":5377.9205,"代表点経度":11736.0075714}},{"type":"MultiPolygon","arcs":[[[-760,-766]]],"properties":{"筆ID":"H000000289","version":"ver1.0","座標系":"任意座標系","測地系判別":null,"地図名":"美瑛町（２４００）・図郭座標無","地図番号":"切87-3","縮尺分母":"2400","市区町村コード":"01459","市区町村名":"上川郡美瑛町","大字コード":"000","丁目コード":"000","小字コード":"0024","予備コード":"00","大字名":null,"丁目名":null,"小字名":"字忠別","予備名":null,"地番":"2830-4","精度区分":null,"座標値種別":"図上測量","筆界未定構成筆":null,"代表点緯度":5337.0255,"代表点経度":11746.30825017}},{"type":"MultiPolygon","arcs":[[[766,767,768,769,770,771]]],"properties":{"筆ID":"H000000290","version":"ver1.0","座標系":"任意座標系","測地系判別":null,"地図名":"美瑛町（２４００）・図郭座標無","地図番号":"切87-3","縮尺分母":"2400","市区町村コード":"01459","市区町村名":"上川郡美瑛町","大字コード":"000","丁目コード":"000","小字コード":"0024","予備コード":"00","大字名":null,"丁目名":null,"小字名":"字忠別","予備名":null,"地番":"2831-2","精度区分":null,"座標値種別":"図上測量","筆界未定構成筆":null,"代表点緯度":5311.2855,"代表点経度":11736.756115442}},{"type":"MultiPolygon","arcs":[[[-769,772]]],"properties":{"筆ID":"H000000291","version":"ver1.0","座標系":"任意座標系","測地系判別":null,"地図名":"美瑛町（２４００）・図郭座標無","地図番号":"切87-3","縮尺分母":"2400","市区町村コード":"01459","市区町村名":"上川郡美瑛町","大字コード":"000","丁目コード":"000","小字コード":"0024","予備コード":"00","大字名":null,"丁目名":null,"小字名":"字忠別","予備名":null,"地番":"2831-3","精度区分":null,"座標値種別":"図上測量","筆界未定構成筆":null,"代表点緯度":5295.68,"代表点経度":11727.182665792}},{"type":"MultiPolygon","arcs":[[[773]]],"properties":{"筆ID":"H000000292","version":"ver1.0","座標系":"任意座標系","測地系判別":null,"地図名":"美瑛町（２４００）・図郭座標無","地図番号":"切87-3","縮尺分母":"2400","市区町村コード":"01459","市区町村名":"上川郡美瑛町","大字コード":"000","丁目コード":"000","小字コード":"0024","予備コード":"00","大字名":null,"丁目名":null,"小字名":"字忠別","予備名":null,"地番":"2831-4","精度区分":null,"座標値種別":"図上測量","筆界未定構成筆":null,"代表点緯度":5232.842,"代表点経度":11738.111960871}},{"type":"MultiPolygon","arcs":[[[774,775]]],"properties":{"筆ID":"H000000293","version":"ver1.0","座標系":"任意座標系","測地系判別":null,"地図名":"美瑛町（２４００）・図郭座標無","地図番号":"切96-4","縮尺分母":"2400","市区町村コード":"01459","市区町村名":"上川郡美瑛町","大字コード":"000","丁目コード":"000","小字コード":"0024","予備コード":"00","大字名":null,"丁目名":null,"小字名":"字忠別","予備名":null,"地番":"2831-5","精度区分":null,"座標値種別":"図上測量","筆界未定構成筆":null,"代表点緯度":5222.5045,"代表点経度":11667.152386601}},{"type":"MultiPolygon","arcs":[[[776,777,778,779]]],"properties":{"筆ID":"H000000294","version":"ver1.0","座標系":"任意座標系","測地系判別":null,"地図名":"美瑛町（２４００）・図郭座標無","地図番号":"切87-3","縮尺分母":"2400","市区町村コード":"01459","市区町村名":"上川郡美瑛町","大字コード":"000","丁目コード":"000","小字コード":"0024","予備コード":"00","大字名":null,"丁目名":null,"小字名":"字忠別","予備名":null,"地番":"2833-1","精度区分":null,"座標値種別":"図上測量","筆界未定構成筆":null,"代表点緯度":5183.109,"代表点経度":11796.84615172}},{"type":"MultiPolygon","arcs":[[[780,781,-765,-757,782]]],"properties":{"筆ID":"H000000295","version":"ver1.0","座標系":"任意座標系","測地系判別":null,"地図名":"美瑛町（２４００）・図郭座標無","地図番号":"切87-3","縮尺分母":"2400","市区町村コード":"01459","市区町村名":"上川郡美瑛町","大字コード":"000","丁目コード":"000","小字コード":"0024","予備コード":"00","大字名":null,"丁目名":null,"小字名":"字忠別","予備名":null,"地番":"2834-1","精度区分":null,"座標値種別":"図上測量","筆界未定構成筆":null,"代表点緯度":5382.8775,"代表点経度":11847.973347747}},{"type":"MultiPolygon","arcs":[[[783,784,785,786,787,-762,-782]]],"properties":{"筆ID":"H000000296","version":"ver1.0","座標系":"任意座標系","測地系判別":null,"地図名":"美瑛町（２４００）・図郭座標無","地図番号":"切87-3","縮尺分母":"2400","市区町村コード":"01459","市区町村名":"上川郡美瑛町","大字コード":"000","丁目コード":"000","小字コード":"0024","予備コード":"00","大字名":null,"丁目名":null,"小字名":"字忠別","予備名":null,"地番":"2834-2","精度区分":null,"座標値種別":"図上測量","筆界未定構成筆":null,"代表点緯度":5322.102,"代表点経度":11912.833929308}},{"type":"MultiPolygon","arcs":[[[-785,788,789]]],"properties":{"筆ID":"H000000297","version":"ver1.0","座標系":"任意座標系","測地系判別":null,"地図名":"美瑛町（２４００）・図郭座標無","地図番号":"切87-3","縮尺分母":"2400","市区町村コード":"01459","市区町村名":"上川郡美瑛町","大字コード":"000","丁目コード":"000","小字コード":"0024","予備コード":"00","大字名":null,"丁目名":null,"小字名":"字忠別","予備名":null,"地番":"2834-3","精度区分":null,"座標値種別":"図上測量","筆界未定構成筆":null,"代表点緯度":5336.7935,"代表点経度":11939.380255983}},{"type":"MultiPolygon","arcs":[[[790,791,-789,-784,-781]]],"properties":{"筆ID":"H000000298","version":"ver1.0","座標系":"任意座標系","測地系判別":null,"地図名":"美瑛町（２４００）・図郭座標無","地図番号":"切87-3","縮尺分母":"2400","市区町村コード":"01459","市区町村名":"上川郡美瑛町","大字コード":"000","丁目コード":"000","小字コード":"0024","予備コード":"00","大字名":null,"丁目名":null,"小字名":"字忠別","予備名":null,"地番":"2834-4","精度区分":null,"座標値種別":"図上測量","筆界未定構成筆":null,"代表点緯度":5412.5515,"代表点経度":11899.780937595}},{"type":"MultiPolygon","arcs":[[[792,-786,-790,-792,793]]],"properties":{"筆ID":"H000000299","version":"ver1.0","座標系":"任意座標系","測地系判別":null,"地図名":"美瑛町（２４００）・図郭座標無","地図番号":"切87-3","縮尺分母":"2400","市区町村コード":"01459","市区町村名":"上川郡美瑛町","大字コード":"000","丁目コード":"000","小字コード":"0024","予備コード":"00","大字名":null,"丁目名":null,"小字名":"字忠別","予備名":null,"地番":"2834-5","精度区分":null,"座標値種別":"図上測量","筆界未定構成筆":null,"代表点緯度":5411.4785,"代表点経度":11964.146569939}},{"type":"MultiPolygon","arcs":[[[794,795,796,797,-767,798]]],"properties":{"筆ID":"H000000300","version":"ver1.0","座標系":"任意座標系","測地系判別":null,"地図名":"美瑛町（２４００）・図郭座標無","地図番号":"切87-3","縮尺分母":"2400","市区町村コード":"01459","市区町村名":"上川郡美瑛町","大字コード":"000","丁目コード":"000","小字コード":"0024","予備コード":"00","大字名":null,"丁目名":null,"小字名":"字忠別","予備名":null,"地番":"2835-2","精度区分":null,"座標値種別":"図上測量","筆界未定構成筆":null,"代表点緯度":5312.397,"代表点経度":11913.363511223}},{"type":"MultiPolygon","arcs":[[[-797,799]]],"properties":{"筆ID":"H000000301","version":"ver1.0","座標系":"任意座標系","測地系判別":null,"地図名":"美瑛町（２４００）・図郭座標無","地図番号":"切87-3","縮尺分母":"2400","市区町村コード":"01459","市区町村名":"上川郡美瑛町","大字コード":"000","丁目コード":"000","小字コード":"0024","予備コード":"00","大字名":null,"丁目名":null,"小字名":"字忠別","予備名":null,"地番":"2835-3","精度区分":null,"座標値種別":"図上測量","筆界未定構成筆":null,"代表点緯度":5295.155,"代表点経度":11960.601274341}},{"type":"MultiPolygon","arcs":[[[800,801,802,803,804]]],"properties":{"筆ID":"H000000302","version":"ver1.0","座標系":"任意座標系","測地系判別":null,"地図名":"美瑛町（２４００）・図郭座標無","地図番号":"切87-3","縮尺分母":"2400","市区町村コード":"01459","市区町村名":"上川郡美瑛町","大字コード":"000","丁目コード":"000","小字コード":"0024","予備コード":"00","大字名":null,"丁目名":null,"小字名":"字忠別","予備名":null,"地番":"2837-1","精度区分":null,"座標値種別":"図上測量","筆界未定構成筆":null,"代表点緯度":5376.062,"代表点経度":12082.580311478}},{"type":"MultiPolygon","arcs":[[[-803,805,806,807,808,809]]],"properties":{"筆ID":"H000000303","version":"ver1.0","座標系":"任意座標系","測地系判別":null,"地図名":"美瑛町（２４００）・図郭座標無","地図番号":"切87-3","縮尺分母":"2400","市区町村コード":"01459","市区町村名":"上川郡美瑛町","大字コード":"000","丁目コード":"000","小字コード":"0024","予備コード":"00","大字名":null,"丁目名":null,"小字名":"字忠別","予備名":null,"地番":"2837-2","精度区分":null,"座標値種別":"図上測量","筆界未定構成筆":null,"代表点緯度":5322.69,"代表点経度":12093.311532326}},{"type":"MultiPolygon","arcs":[[[-804,-810,810,811]]],"properties":{"筆ID":"H000000304","version":"ver1.0","座標系":"任意座標系","測地系判別":null,"地図名":"美瑛町（２４００）・図郭座標無","地図番号":"切87-3","縮尺分母":"2400","市区町村コード":"01459","市区町村名":"上川郡美瑛町","大字コード":"000","丁目コード":"000","小字コード":"0024","予備コード":"00","大字名":null,"丁目名":null,"小字名":"字忠別","予備名":null,"地番":"2837-3","精度区分":null,"座標値種別":"図上測量","筆界未定構成筆":null,"代表点緯度":5366.2395,"代表点経度":12031.514490282}},{"type":"MultiPolygon","arcs":[[[812,813,814,815,-806,-802,816]]],"properties":{"筆ID":"H000000305","version":"ver1.0","座標系":"任意座標系","測地系判別":null,"地図名":"美瑛町（２４００）・図郭座標無","地図番号":"切87-3","縮尺分母":"2400","市区町村コード":"01459","市区町村名":"上川郡美瑛町","大字コード":"000","丁目コード":"000","小字コード":"0024","予備コード":"00","大字名":null,"丁目名":null,"小字名":"字忠別","予備名":null,"地番":"2837-4","精度区分":null,"座標値種別":"図上測量","筆界未定構成筆":null,"代表点緯度":5378.572,"代表点経度":12144.590181405}},{"type":"MultiPolygon","arcs":[[[-801,817,818,-817]]],"properties":{"筆ID":"H000000306","version":"ver1.0","座標系":"任意座標系","測地系判別":null,"地図名":"美瑛町（２４００）・図郭座標無","地図番号":"切87-3","縮尺分母":"2400","市区町村コード":"01459","市区町村名":"上川郡美瑛町","大字コード":"000","丁目コード":"000","小字コード":"0024","予備コード":"00","大字名":null,"丁目名":null,"小字名":"字忠別","予備名":null,"地番":"2838-1","精度区分":null,"座標値種別":"図上測量","筆界未定構成筆":null,"代表点緯度":5475.0945,"代表点経度":12072.875543777}},{"type":"MultiPolygon","arcs":[[[-805,-812,819,820,-818]]],"properties":{"筆ID":"H000000307","version":"ver1.0","座標系":"任意座標系","測地系判別":null,"地図名":"美瑛町（２４００）・図郭座標無","地図番号":"切87-3","縮尺分母":"2400","市区町村コード":"01459","市区町村名":"上川郡美瑛町","大字コード":"000","丁目コード":"000","小字コード":"0024","予備コード":"00","大字名":null,"丁目名":null,"小字名":"字忠別","予備名":null,"地番":"2838-2","精度区分":null,"座標値種別":"図上測量","筆界未定構成筆":null,"代表点緯度":5451.6545,"代表点経度":12032.169010914}},{"type":"MultiPolygon","arcs":[[[821,822,823,824]]],"properties":{"筆ID":"H000000308","version":"ver1.0","座標系":"任意座標系","測地系判別":null,"地図名":"美瑛町（２４００）・図郭座標無","地図番号":"切87-3","縮尺分母":"2400","市区町村コード":"01459","市区町村名":"上川郡美瑛町","大字コード":"000","丁目コード":"000","小字コード":"0024","予備コード":"00","大字名":null,"丁目名":null,"小字名":"字忠別","予備名":null,"地番":"2839-1","精度区分":null,"座標値種別":"図上測量","筆界未定構成筆":null,"代表点緯度":5287.7915,"代表点経度":12102.704671914}},{"type":"MultiPolygon","arcs":[[[825,826,827,828,-825,829,830]]],"properties":{"筆ID":"H000000309","version":"ver1.0","座標系":"任意座標系","測地系判別":null,"地図名":"美瑛町（２４００）・図郭座標無","地図番号":"切87-3","縮尺分母":"2400","市区町村コード":"01459","市区町村名":"上川郡美瑛町","大字コード":"000","丁目コード":"000","小字コード":"0024","予備コード":"00","大字名":null,"丁目名":null,"小字名":"字忠別","予備名":null,"地番":"2839-2","精度区分":null,"座標値種別":"図上測量","筆界未定構成筆":null,"代表点緯度":5311.3915,"代表点経度":12129.961683973}},{"type":"MultiPolygon","arcs":[[[831,832,833,834]]],"properties":{"筆ID":"H000000310","version":"ver1.0","座標系":"任意座標系","測地系判別":null,"地図名":"美瑛町（２４００）・図郭座標無","地図番号":"切87-3","縮尺分母":"2400","市区町村コード":"01459","市区町村名":"上川郡美瑛町","大字コード":"000","丁目コード":"000","小字コード":"0024","予備コード":"00","大字名":null,"丁目名":null,"小字名":"字忠別","予備名":null,"地番":"2839-3","精度区分":null,"座標値種別":"図上測量","筆界未定構成筆":null,"代表点緯度":5311.316,"代表点経度":12027.48839262}},{"type":"MultiPolygon","arcs":[[[-827,835,836]]],"properties":{"筆ID":"H000000311","version":"ver1.0","座標系":"任意座標系","測地系判別":null,"地図名":"美瑛町（２４００）・図郭座標無","地図番号":"切87-3","縮尺分母":"2400","市区町村コード":"01459","市区町村名":"上川郡美瑛町","大字コード":"000","丁目コード":"000","小字コード":"0024","予備コード":"00","大字名":null,"丁目名":null,"小字名":"字忠別","予備名":null,"地番":"2839-4","精度区分":null,"座標値種別":"図上測量","筆界未定構成筆":null,"代表点緯度":5292.2635,"代表点経度":12163.768866892}},{"type":"MultiPolygon","arcs":[[[-829,837,-822]]],"properties":{"筆ID":"H000000312","version":"ver1.0","座標系":"任意座標系","測地系判別":null,"地図名":"美瑛町（２４００）・図郭座標無","地図番号":"切87-3","縮尺分母":"2400","市区町村コード":"01459","市区町村名":"上川郡美瑛町","大字コード":"000","丁目コード":"000","小字コード":"0024","予備コード":"00","大字名":null,"丁目名":null,"小字名":"字忠別","予備名":null,"地番":"2839-5","精度区分":null,"座標値種別":"図上測量","筆界未定構成筆":null,"代表点緯度":5287.7915,"代表点経度":12124.361650388}},{"type":"MultiPolygon","arcs":[[[-824,838,839]]],"properties":{"筆ID":"H000000313","version":"ver1.0","座標系":"任意座標系","測地系判別":null,"地図名":"美瑛町（２４００）・図郭座標無","地図番号":"切87-3","縮尺分母":"2400","市区町村コード":"01459","市区町村名":"上川郡美瑛町","大字コード":"000","丁目コード":"000","小字コード":"0024","予備コード":"00","大字名":null,"丁目名":null,"小字名":"字忠別","予備名":null,"地番":"2840-1","精度区分":null,"座標値種別":"図上測量","筆界未定構成筆":null,"代表点緯度":5287.775,"代表点経度":12064.400338437}},{"type":"MultiPolygon","arcs":[[[-830,-840,-832,840]]],"properties":{"筆ID":"H000000314","version":"ver1.0","座標系":"任意座標系","測地系判別":null,"地図名":"美瑛町（２４００）・図郭座標無","地図番号":"切87-3","縮尺分母":"2400","市区町村コード":"01459","市区町村名":"上川郡美瑛町","大字コード":"000","丁目コード":"000","小字コード":"0024","予備コード":"00","大字名":null,"丁目名":null,"小字名":"字忠別","予備名":null,"地番":"2840-2","精度区分":null,"座標値種別":"図上測量","筆界未定構成筆":null,"代表点緯度":5311.355,"代表点経度":12064.207172062}},{"type":"MultiPolygon","arcs":[[[841,842,843,844,845,-815,846]]],"properties":{"筆ID":"H000000315","version":"ver1.0","座標系":"任意座標系","測地系判別":null,"地図名":"美瑛町（２４００）・図郭座標無","地図番号":"切87-3","縮尺分母":"2400","市区町村コード":"01459","市区町村名":"上川郡美瑛町","大字コード":"000","丁目コード":"000","小字コード":"0024","予備コード":"00","大字名":null,"丁目名":null,"小字名":"字忠別","予備名":null,"地番":"2841-1","精度区分":null,"座標値種別":"図上測量","筆界未定構成筆":null,"代表点緯度":5431.4595,"代表点経度":12307.550992643}},{"type":"MultiPolygon","arcs":[[[847,848,-807,849,850,851]]],"properties":{"筆ID":"H000000316","version":"ver1.0","座標系":"任意座標系","測地系判別":null,"地図名":"美瑛町（２４００）・図郭座標無","地図番号":"切87-3","縮尺分母":"2400","市区町村コード":"01459","市区町村名":"上川郡美瑛町","大字コード":"000","丁目コード":"000","小字コード":"0024","予備コード":"00","大字名":null,"丁目名":null,"小字名":"字忠別","予備名":null,"地番":"2841-2","精度区分":null,"座標値種別":"図上測量","筆界未定構成筆":null,"代表点緯度":5322.7555,"代表点経度":12269.527162687}},{"type":"MultiPolygon","arcs":[[[852,-850,-816,-846]]],"properties":{"筆ID":"H000000317","version":"ver1.0","座標系":"任意座標系","測地系判別":null,"地図名":"美瑛町（２４００）・図郭座標無","地図番号":"切87-3","縮尺分母":"2400","市区町村コード":"01459","市区町村名":"上川郡美瑛町","大字コード":"000","丁目コード":"000","小字コード":"0024","予備コード":"00","大字名":null,"丁目名":null,"小字名":"字忠別","予備名":null,"地番":"2841-3","精度区分":null,"座標値種別":"図上測量","筆界未定構成筆":null,"代表点緯度":5369.0875,"代表点経度":12179.474248592}},{"type":"MultiPolygon","arcs":[[[853,-851,-853,-845]]],"properties":{"筆ID":"H000000318","version":"ver1.0","座標系":"任意座標系","測地系判別":null,"地図名":"美瑛町（２４００）・図郭座標無","地図番号":"切87-3","縮尺分母":"2400","市区町村コード":"01459","市区町村名":"上川郡美瑛町","大字コード":"000","丁目コード":"000","小字コード":"0024","予備コード":"00","大字名":null,"丁目名":null,"小字名":"字忠別","予備名":null,"地番":"2841-4","精度区分":null,"座標値種別":"図上測量","筆界未定構成筆":null,"代表点緯度":5382.0815,"代表点経度":12245.319631663}},{"type":"MultiPolygon","arcs":[[[-844,854,-852,-854]]],"properties":{"筆ID":"H000000319","version":"ver1.0","座標系":"任意座標系","測地系判別":null,"地図名":"美瑛町（２４００）・図郭座標無","地図番号":"切87-3","縮尺分母":"2400","市区町村コード":"01459","市区町村名":"上川郡美瑛町","大字コード":"000","丁目コード":"000","小字コード":"0024","予備コード":"00","大字名":null,"丁目名":null,"小字名":"字忠別","予備名":null,"地番":"2841-5","精度区分":null,"座標値種別":"図上測量","筆界未定構成筆":null,"代表点緯度":5336.294,"代表点経度":12305.805127263}},{"type":"MultiPolygon","arcs":[[[-847,-814,855]]],"properties":{"筆ID":"H000000320","version":"ver1.0","座標系":"任意座標系","測地系判別":null,"地図名":"美瑛町（２４００）・図郭座標無","地図番号":"切87-3","縮尺分母":"2400","市区町村コード":"01459","市区町村名":"上川郡美瑛町","大字コード":"000","丁目コード":"000","小字コード":"0024","予備コード":"00","大字名":null,"丁目名":null,"小字名":"字忠別","予備名":null,"地番":"2842","精度区分":null,"座標値種別":"図上測量","筆界未定構成筆":null,"代表点緯度":5505.528,"代表点経度":12230.500135281}},{"type":"MultiPolygon","arcs":[[[856,857,858,859]]],"properties":{"筆ID":"H000000321","version":"ver1.0","座標系":"任意座標系","測地系判別":null,"地図名":"美瑛町（２４００）・図郭座標無","地図番号":"切87-3","縮尺分母":"2400","市区町村コード":"01459","市区町村名":"上川郡美瑛町","大字コード":"000","丁目コード":"000","小字コード":"0024","予備コード":"00","大字名":null,"丁目名":null,"小字名":"字忠別","予備名":null,"地番":"2844-1","精度区分":null,"座標値種別":"図上測量","筆界未定構成筆":null,"代表点緯度":5467.503,"代表点経度":12503.3981714}},{"type":"MultiPolygon","arcs":[[[860,861,862,863,-848,864]]],"properties":{"筆ID":"H000000322","version":"ver1.0","座標系":"任意座標系","測地系判別":null,"地図名":"美瑛町（２４００）・図郭座標無","地図番号":"切87-3","縮尺分母":"2400","市区町村コード":"01459","市区町村名":"上川郡美瑛町","大字コード":"000","丁目コード":"000","小字コード":"0024","予備コード":"00","大字名":null,"丁目名":null,"小字名":"字忠別","予備名":null,"地番":"2844-2","精度区分":null,"座標値種別":"図上測量","筆界未定構成筆":null,"代表点緯度":5322.8175,"代表点経度":12447.284584313}},{"type":"MultiPolygon","arcs":[[[-861,865]]],"properties":{"筆ID":"H000000323","version":"ver1.0","座標系":"任意座標系","測地系判別":null,"地図名":"美瑛町（２４００）・図郭座標無","地図番号":"切87-3","縮尺分母":"2400","市区町村コード":"01459","市区町村名":"上川郡美瑛町","大字コード":"000","丁目コード":"000","小字コード":"0024","予備コード":"00","大字名":null,"丁目名":null,"小字名":"字忠別","予備名":null,"地番":"2844-3","精度区分":null,"座標値種別":"図上測量","筆界未定構成筆":null,"代表点緯度":5337.176,"代表点経度":12468.418005001}},{"type":"MultiPolygon","arcs":[[[866,867,-862,-866,-865,-855,-843,868]]],"properties":{"筆ID":"H000000324","version":"ver1.0","座標系":"任意座標系","測地系判別":null,"地図名":"美瑛町（２４００）・図郭座標無","地図番号":"切87-3","縮尺分母":"2400","市区町村コード":"01459","市区町村名":"上川郡美瑛町","大字コード":"000","丁目コード":"000","小字コード":"0024","予備コード":"00","大字名":null,"丁目名":null,"小字名":"字忠別","予備名":null,"地番":"2844-4","精度区分":null,"座標値種別":"図上測量","筆界未定構成筆":null,"代表点緯度":5390.4605,"代表点経度":12419.167370986}},{"type":"MultiPolygon","arcs":[[[-858,869,-868,870]]],"properties":{"筆ID":"H000000325","version":"ver1.0","座標系":"任意座標系","測地系判別":null,"地図名":"美瑛町（２４００）・図郭座標無","地図番号":"切87-3","縮尺分母":"2400","市区町村コード":"01459","市区町村名":"上川郡美瑛町","大字コード":"000","丁目コード":"000","小字コード":"0024","予備コード":"00","大字名":null,"丁目名":null,"小字名":"字忠別","予備名":null,"地番":"2844-5","精度区分":null,"座標値種別":"図上測量","筆界未定構成筆":null,"代表点緯度":5397.952,"代表点経度":12489.925276408}},{"type":"MultiPolygon","arcs":[[[-859,-871,-867,871]]],"properties":{"筆ID":"H000000326","version":"ver1.0","座標系":"任意座標系","測地系判別":null,"地図名":"美瑛町（２４００）・図郭座標無","地図番号":"切87-3","縮尺分母":"2400","市区町村コード":"01459","市区町村名":"上川郡美瑛町","大字コード":"000","丁目コード":"000","小字コード":"0024","予備コード":"00","大字名":null,"丁目名":null,"小字名":"字忠別","予備名":null,"地番":"2845","精度区分":null,"座標値種別":"図上測量","筆界未定構成筆":null,"代表点緯度":5464.433,"代表点経度":12446.069586973}},{"type":"MultiPolygon","arcs":[[[872,873,874,875,876,877]]],"properties":{"筆ID":"H000000327","version":"ver1.0","座標系":"任意座標系","測地系判別":null,"地図名":"美瑛町（２４００）・図郭座標無","地図番号":"切87-3","縮尺分母":"2400","市区町村コード":"01459","市区町村名":"上川郡美瑛町","大字コード":"000","丁目コード":"000","小字コード":"0024","予備コード":"00","大字名":null,"丁目名":null,"小字名":"字忠別","予備名":null,"地番":"2846-1","精度区分":null,"座標値種別":"図上測量","筆界未定構成筆":null,"代表点緯度":5275.7585,"代表点経度":12447.495010725}},{"type":"MultiPolygon","arcs":[[[878,879,880,-876]]],"properties":{"筆ID":"H000000328","version":"ver1.0","座標系":"任意座標系","測地系判別":null,"地図名":"美瑛町（２４００）・図郭座標無","地図番号":"切87-3","縮尺分母":"2400","市区町村コード":"01459","市区町村名":"上川郡美瑛町","大字コード":"000","丁目コード":"000","小字コード":"0024","予備コード":"00","大字名":null,"丁目名":null,"小字名":"字忠別","予備名":null,"地番":"2846-2","精度区分":null,"座標値種別":"図上測量","筆界未定構成筆":null,"代表点緯度":5250.1535,"代表点経度":12447.618556809}},{"type":"MultiPolygon","arcs":[[[881,-874,882]]],"properties":{"筆ID":"H000000329","version":"ver1.0","座標系":"任意座標系","測地系判別":null,"地図名":"美瑛町（２４００）・図郭座標無","地図番号":"切87-3","縮尺分母":"2400","市区町村コード":"01459","市区町村名":"上川郡美瑛町","大字コード":"000","丁目コード":"000","小字コード":"0024","予備コード":"00","大字名":null,"丁目名":null,"小字名":"字忠別","予備名":null,"地番":"2846-3","精度区分":null,"座標値種別":"図上測量","筆界未定構成筆":null,"代表点緯度":5302.2315,"代表点経度":12511.724068293}},{"type":"MultiPolygon","arcs":[[[-878,883,884]]],"properties":{"筆ID":"H000000330","version":"ver1.0","座標系":"任意座標系","測地系判別":null,"地図名":"美瑛町（２４００）・図郭座標無","地図番号":"切87-3","縮尺分母":"2400","市区町村コード":"01459","市区町村名":"上川郡美瑛町","大字コード":"000","丁目コード":"000","小字コード":"0024","予備コード":"00","大字名":null,"丁目名":null,"小字名":"字忠別","予備名":null,"地番":"2846-4","精度区分":null,"座標値種別":"図上測量","筆界未定構成筆":null,"代表点緯度":5303.2675,"代表点経度":12376.04725683}},{"type":"MultiPolygon","arcs":[[[885,886,887,888,889,890]]],"properties":{"筆ID":"H000000331","version":"ver1.0","座標系":"任意座標系","測地系判別":null,"地図名":"美瑛町（２４００）・図郭座標無","地図番号":"切87-4","縮尺分母":"2400","市区町村コード":"01459","市区町村名":"上川郡美瑛町","大字コード":"000","丁目コード":"000","小字コード":"0024","予備コード":"00","大字名":null,"丁目名":null,"小字名":"字忠別","予備名":null,"地番":"2848-1","精度区分":null,"座標値種別":"図上測量","筆界未定構成筆":null,"代表点緯度":5401.0595,"代表点経度":12669.083226983}},{"type":"MultiPolygon","arcs":[[[891,892,893,894,895]]],"properties":{"筆ID":"H000000332","version":"ver1.0","座標系":"任意座標系","測地系判別":null,"地図名":"美瑛町（２４００）・図郭座標無","地図番号":"切87-4","縮尺分母":"2400","市区町村コード":"01459","市区町村名":"上川郡美瑛町","大字コード":"000","丁目コード":"000","小字コード":"0024","予備コード":"00","大字名":null,"丁目名":null,"小字名":"字忠別","予備名":null,"地番":"2848-2","精度区分":null,"座標値種別":"図上測量","筆界未定構成筆":null,"代表点緯度":5322.8705,"代表点経度":12629.468162468}},{"type":"MultiPolygon","arcs":[[[896,897,-890,898,-892,899]]],"properties":{"筆ID":"H000000333","version":"ver1.0","座標系":"任意座標系","測地系判別":null,"地図名":"美瑛町（２４００）・図郭座標無","地図番号":"切87-4","縮尺分母":"2400","市区町村コード":"01459","市区町村名":"上川郡美瑛町","大字コード":"000","丁目コード":"000","小字コード":"0024","予備コード":"00","大字名":null,"丁目名":null,"小字名":"字忠別","予備名":null,"地番":"2848-3","精度区分":null,"座標値種別":"図上測量","筆界未定構成筆":null,"代表点緯度":5401.236,"代表点経度":12583.040129854}},{"type":"MultiPolygon","arcs":[[[-889,900,-893,-899]]],"properties":{"筆ID":"H000000334","version":"ver1.0","座標系":"任意座標系","測地系判別":null,"地図名":"美瑛町（２４００）・図郭座標無","地図番号":"切87-4","縮尺分母":"2400","市区町村コード":"01459","市区町村名":"上川郡美瑛町","大字コード":"000","丁目コード":"000","小字コード":"0024","予備コード":"00","大字名":null,"丁目名":null,"小字名":"字忠別","予備名":null,"地番":"2848-4","精度区分":null,"座標値種別":"図上測量","筆界未定構成筆":null,"代表点緯度":5339.512,"代表点経度":12668.997817685}},{"type":"MultiPolygon","arcs":[[[901,-897,902]]],"properties":{"筆ID":"H000000335","version":"ver1.0","座標系":"任意座標系","測地系判別":null,"地図名":"美瑛町（２４００）・図郭座標無","地図番号":"切87-4","縮尺分母":"2400","市区町村コード":"01459","市区町村名":"上川郡美瑛町","大字コード":"000","丁目コード":"000","小字コード":"0024","予備コード":"00","大字名":null,"丁目名":null,"小字名":"字忠別","予備名":null,"地番":"2849-1","精度区分":null,"座標値種別":"図上測量","筆界未定構成筆":null,"代表点緯度":5468.365,"代表点経度":12551.599308666}},{"type":"MultiPolygon","arcs":[[[903,904,-898,-902,905]]],"properties":{"筆ID":"H000000336","version":"ver1.0","座標系":"任意座標系","測地系判別":null,"地図名":"美瑛町（２４００）・図郭座標無","地図番号":"切87-4","縮尺分母":"2400","市区町村コード":"01459","市区町村名":"上川郡美瑛町","大字コード":"000","丁目コード":"000","小字コード":"0024","予備コード":"00","大字名":null,"丁目名":null,"小字名":"字忠別","予備名":null,"地番":"2849-2","精度区分":null,"座標値種別":"図上測量","筆界未定構成筆":null,"代表点緯度":5468.0205,"代表点経度":12590.987767455}},{"type":"MultiPolygon","arcs":[[[-891,-905,906]]],"properties":{"筆ID":"H000000337","version":"ver1.0","座標系":"任意座標系","測地系判別":null,"地図名":"美瑛町（２４００）・図郭座標無","地図番号":"切87-4","縮尺分母":"2400","市区町村コード":"01459","市区町村名":"上川郡美瑛町","大字コード":"000","丁目コード":"000","小字コード":"0024","予備コード":"00","大字名":null,"丁目名":null,"小字名":"字忠別","予備名":null,"地番":"2849-3","精度区分":null,"座標値種別":"図上測量","筆界未定構成筆":null,"代表点緯度":5473.798,"代表点経度":12628.321304379}},{"type":"MultiPolygon","arcs":[[[907,908,909,910]]],"properties":{"筆ID":"H000000338","version":"ver1.0","座標系":"任意座標系","測地系判別":null,"地図名":"美瑛町（２４００）・図郭座標無","地図番号":"切87-4","縮尺分母":"2400","市区町村コード":"01459","市区町村名":"上川郡美瑛町","大字コード":"000","丁目コード":"000","小字コード":"0024","予備コード":"00","大字名":null,"丁目名":null,"小字名":"字忠別","予備名":null,"地番":"2850-1","精度区分":null,"座標値種別":"図上測量","筆界未定構成筆":null,"代表点緯度":5274.9885,"代表点経度":12709.975146397}},{"type":"MultiPolygon","arcs":[[[911,-911,912,913]]],"properties":{"筆ID":"H000000339","version":"ver1.0","座標系":"任意座標系","測地系判別":null,"地図名":"美瑛町（２４００）・図郭座標無","地図番号":"切87-4","縮尺分母":"2400","市区町村コード":"01459","市区町村名":"上川郡美瑛町","大字コード":"000","丁目コード":"000","小字コード":"0024","予備コード":"00","大字名":null,"丁目名":null,"小字名":"字忠別","予備名":null,"地番":"2850-2","精度区分":null,"座標値種別":"図上測量","筆界未定構成筆":null,"代表点緯度":5311.1975,"代表点経度":12709.708043047}},{"type":"MultiPolygon","arcs":[[[914,-913,-910,915]]],"properties":{"筆ID":"H000000340","version":"ver1.0","座標系":"任意座標系","測地系判別":null,"地図名":"美瑛町（２４００）・図郭座標無","地図番号":"切87-4","縮尺分母":"2400","市区町村コード":"01459","市区町村名":"上川郡美瑛町","大字コード":"000","丁目コード":"000","小字コード":"0024","予備コード":"00","大字名":null,"丁目名":null,"小字名":"字忠別","予備名":null,"地番":"2851","精度区分":null,"座標値種別":"図上測量","筆界未定構成筆":null,"代表点緯度":5276.1,"代表点経度":12662.210058771}},{"type":"MultiPolygon","arcs":[[[916,917,918,919,920,921,922]]],"properties":{"筆ID":"H000000341","version":"ver1.0","座標系":"任意座標系","測地系判別":null,"地図名":"美瑛町（２４００）・図郭座標無","地図番号":"切87-4","縮尺分母":"2400","市区町村コード":"01459","市区町村名":"上川郡美瑛町","大字コード":"000","丁目コード":"000","小字コード":"0024","予備コード":"00","大字名":null,"丁目名":null,"小字名":"字忠別","予備名":null,"地番":"2852-1","精度区分":null,"座標値種別":"図上測量","筆界未定構成筆":null,"代表点緯度":5148.8005,"代表点経度":12634.414747692}},{"type":"MultiPolygon","arcs":[[[-916,923,-923,924,925]]],"properties":{"筆ID":"H000000342","version":"ver1.0","座標系":"任意座標系","測地系判別":null,"地図名":"美瑛町（２４００）・図郭座標無","地図番号":"切87-4","縮尺分母":"2400","市区町村コード":"01459","市区町村名":"上川郡美瑛町","大字コード":"000","丁目コード":"000","小字コード":"0024","予備コード":"00","大字名":null,"丁目名":null,"小字名":"字忠別","予備名":null,"地番":"2852-2","精度区分":null,"座標値種別":"図上測量","筆界未定構成筆":null,"代表点緯度":5258.0365,"代表点経度":12606.503976281}},{"type":"MultiPolygon","arcs":[[[926,927,-924,-909]]],"properties":{"筆ID":"H000000343","version":"ver1.0","座標系":"任意座標系","測地系判別":null,"地図名":"美瑛町（２４００）・図郭座標無","地図番号":"切87-4","縮尺分母":"2400","市区町村コード":"01459","市区町村名":"上川郡美瑛町","大字コード":"000","丁目コード":"000","小字コード":"0024","予備コード":"00","大字名":null,"丁目名":null,"小字名":"字忠別","予備名":null,"地番":"2852-3","精度区分":null,"座標値種別":"図上測量","筆界未定構成筆":null,"代表点緯度":5230.454,"代表点経度":12710.303523172}},{"type":"MultiPolygon","arcs":[[[928,929,930,-917,-928]]],"properties":{"筆ID":"H000000344","version":"ver1.0","座標系":"任意座標系","測地系判別":null,"地図名":"美瑛町（２４００）・図郭座標無","地図番号":"切87-4","縮尺分母":"2400","市区町村コード":"01459","市区町村名":"上川郡美瑛町","大字コード":"000","丁目コード":"000","小字コード":"0024","予備コード":"00","大字名":null,"丁目名":null,"小字名":"字忠別","予備名":null,"地番":"2852-4","精度区分":null,"座標値種別":"図上測量","筆界未定構成筆":null,"代表点緯度":5188.9085,"代表点経度":12710.609774278}},{"type":"MultiPolygon","arcs":[[[931,932]]],"properties":{"筆ID":"H000000345","version":"ver1.0","座標系":"任意座標系","測地系判別":null,"地図名":"美瑛町（２４００）・図郭座標無","地図番号":"切87-4","縮尺分母":"2400","市区町村コード":"01459","市区町村名":"上川郡美瑛町","大字コード":"000","丁目コード":"000","小字コード":"0024","予備コード":"00","大字名":null,"丁目名":null,"小字名":"字忠別","予備名":null,"地番":"2853-1","精度区分":null,"座標値種別":"図上測量","筆界未定構成筆":null,"代表点緯度":4998.399,"代表点経度":12620.051310808}},{"type":"MultiPolygon","arcs":[[[933,934,935,-920]]],"properties":{"筆ID":"H000000346","version":"ver1.0","座標系":"任意座標系","測地系判別":null,"地図名":"美瑛町（２４００）・図郭座標無","地図番号":"切87-4","縮尺分母":"2400","市区町村コード":"01459","市区町村名":"上川郡美瑛町","大字コード":"000","丁目コード":"000","小字コード":"0024","予備コード":"00","大字名":null,"丁目名":null,"小字名":"字忠別","予備名":null,"地番":"2853-2","精度区分":null,"座標値種別":"図上測量","筆界未定構成筆":null,"代表点緯度":5037.548,"代表点経度":12619.65655469}},{"type":"MultiPolygon","arcs":[[[936,-933,937,-935]]],"properties":{"筆ID":"H000000347","version":"ver1.0","座標系":"任意座標系","測地系判別":null,"地図名":"美瑛町（２４００）・図郭座標無","地図番号":"切87-4","縮尺分母":"2400","市区町村コード":"01459","市区町村名":"上川郡美瑛町","大字コード":"000","丁目コード":"000","小字コード":"0024","予備コード":"00","大字名":null,"丁目名":null,"小字名":"字忠別","予備名":null,"地番":"2853-3","精度区分":null,"座標値種別":"図上測量","筆界未定構成筆":null,"代表点緯度":5022.8975,"代表点経度":12619.803983808}},{"type":"MultiPolygon","arcs":[[[-921,-936,938,939]]],"properties":{"筆ID":"H000000348","version":"ver1.0","座標系":"任意座標系","測地系判別":null,"地図名":"美瑛町（２４００）・図郭座標無","地図番号":"切87-4","縮尺分母":"2400","市区町村コード":"01459","市区町村名":"上川郡美瑛町","大字コード":"000","丁目コード":"000","小字コード":"0024","予備コード":"00","大字名":null,"丁目名":null,"小字名":"字忠別","予備名":null,"地番":"2854-2","精度区分":null,"座標値種別":"図上測量","筆界未定構成筆":null,"代表点緯度":5038.1785,"代表点経度":12583.733954428}},{"type":"MultiPolygon","arcs":[[[940,941,-934,-919]]],"properties":{"筆ID":"H000000349","version":"ver1.0","座標系":"任意座標系","測地系判別":null,"地図名":"美瑛町（２４００）・図郭座標無","地図番号":"切87-4","縮尺分母":"2400","市区町村コード":"01459","市区町村名":"上川郡美瑛町","大字コード":"000","丁目コード":"000","小字コード":"0024","予備コード":"00","大字名":null,"丁目名":null,"小字名":"字忠別","予備名":null,"地番":"2854-3","精度区分":null,"座標値種別":"図上測量","筆界未定構成筆":null,"代表点緯度":5035.062,"代表点経度":12658.432087893}},{"type":"MultiPolygon","arcs":[[[-939,-938,942,943]]],"properties":{"筆ID":"H000000350","version":"ver1.0","座標系":"任意座標系","測地系判別":null,"地図名":"美瑛町（２４００）・図郭座標無","地図番号":"切87-4","縮尺分母":"2400","市区町村コード":"01459","市区町村名":"上川郡美瑛町","大字コード":"000","丁目コード":"000","小字コード":"0024","予備コード":"00","大字名":null,"丁目名":null,"小字名":"字忠別","予備名":null,"地番":"2854-4","精度区分":null,"座標値種別":"図上測量","筆界未定構成筆":null,"代表点緯度":5023.6105,"代表点経度":12580.174448818}},{"type":"MultiPolygon","arcs":[[[944,945,-937,-942]]],"properties":{"筆ID":"H000000351","version":"ver1.0","座標系":"任意座標系","測地系判別":null,"地図名":"美瑛町（２４００）・図郭座標無","地図番号":"切87-4","縮尺分母":"2400","市区町村コード":"01459","市区町村名":"上川郡美瑛町","大字コード":"000","丁目コード":"000","小字コード":"0024","予備コード":"00","大字名":null,"丁目名":null,"小字名":"字忠別","予備名":null,"地番":"2854-5","精度区分":null,"座標値種別":"図上測量","筆界未定構成筆":null,"代表点緯度":5025.641,"代表点経度":12702.815729421}},{"type":"MultiPolygon","arcs":[[[-901,-888,946,947,948,949,950,951,-894]]],"properties":{"筆ID":"H000000352","version":"ver1.0","座標系":"任意座標系","測地系判別":null,"地図名":"美瑛町（２４００）・図郭座標無","地図番号":"切87-4","縮尺分母":"2400","市区町村コード":"01459","市区町村名":"上川郡美瑛町","大字コード":"000","丁目コード":"000","小字コード":"0024","予備コード":"00","大字名":null,"丁目名":null,"小字名":"字忠別","予備名":null,"地番":"2855-1","精度区分":null,"座標値種別":"図上測量","筆界未定構成筆":null,"代表点緯度":5387.8615,"代表点経度":12805.814480372}},{"type":"MultiPolygon","arcs":[[[952,953,954,-951]]],"properties":{"筆ID":"H000000353","version":"ver1.0","座標系":"任意座標系","測地系判別":null,"地図名":"美瑛町（２４００）・図郭座標無","地図番号":"切87-4","縮尺分母":"2400","市区町村コード":"01459","市区町村名":"上川郡美瑛町","大字コード":"000","丁目コード":"000","小字コード":"0024","予備コード":"00","大字名":null,"丁目名":null,"小字名":"字忠別","予備名":null,"地番":"2855-2","精度区分":null,"座標値種別":"図上測量","筆界未定構成筆":null,"代表点緯度":5345.8245,"代表点経度":12831.876387528}},{"type":"MultiPolygon","arcs":[[[955,-947,-887]]],"properties":{"筆ID":"H000000354","version":"ver1.0","座標系":"任意座標系","測地系判別":null,"地図名":"美瑛町（２４００）・図郭座標無","地図番号":"切87-4","縮尺分母":"2400","市区町村コード":"01459","市区町村名":"上川郡美瑛町","大字コード":"000","丁目コード":"000","小字コード":"0024","予備コード":"00","大字名":null,"丁目名":null,"小字名":"字忠別","予備名":null,"地番":"2856","精度区分":null,"座標値種別":"図上測量","筆界未定構成筆":null,"代表点緯度":5504.642,"代表点経度":12769.279743507}},{"type":"MultiPolygon","arcs":[[[956,957,-908,958]]],"properties":{"筆ID":"H000000355","version":"ver1.0","座標系":"任意座標系","測地系判別":null,"地図名":"美瑛町（２４００）・図郭座標無","地図番号":"切87-4","縮尺分母":"2400","市区町村コード":"01459","市区町村名":"上川郡美瑛町","大字コード":"000","丁目コード":"000","小字コード":"0024","予備コード":"00","大字名":null,"丁目名":null,"小字名":"字忠別","予備名":null,"地番":"2857-1","精度区分":null,"座標値種別":"図上測量","筆界未定構成筆":null,"代表点緯度":5274.8455,"代表点経度":12746.172294386}},{"type":"MultiPolygon","arcs":[[[959,-959,-912,960]]],"properties":{"筆ID":"H000000356","version":"ver1.0","座標系":"任意座標系","測地系判別":null,"地図名":"美瑛町（２４００）・図郭座標無","地図番号":"切87-4","縮尺分母":"2400","市区町村コード":"01459","市区町村名":"上川郡美瑛町","大字コード":"000","丁目コード":"000","小字コード":"0024","予備コード":"00","大字名":null,"丁目名":null,"小字名":"字忠別","予備名":null,"地番":"2857-2","精度区分":null,"座標値種別":"図上測量","筆界未定構成筆":null,"代表点緯度":5311.1395,"代表点経度":12746.034643237}},{"type":"MultiPolygon","arcs":[[[-957,961,962,963,964,965,966,967,968]]],"properties":{"筆ID":"H000000357","version":"ver1.0","座標系":"任意座標系","測地系判別":null,"地図名":"美瑛町（２４００）・図郭座標無","地図番号":"切87-4","縮尺分母":"2400","市区町村コード":"01459","市区町村名":"上川郡美瑛町","大字コード":"000","丁目コード":"000","小字コード":"0024","予備コード":"00","大字名":null,"丁目名":null,"小字名":"字忠別","予備名":null,"地番":"2858-1","精度区分":null,"座標値種別":"図上測量","筆界未定構成筆":null,"代表点緯度":5182.243,"代表点経度":12794.420769469}},{"type":"MultiPolygon","arcs":[[[969,970,971,-962,-960,972]]],"properties":{"筆ID":"H000000358","version":"ver1.0","座標系":"任意座標系","測地系判別":null,"地図名":"美瑛町（２４００）・図郭座標無","地図番号":"切87-4","縮尺分母":"2400","市区町村コード":"01459","市区町村名":"上川郡美瑛町","大字コード":"000","丁目コード":"000","小字コード":"0024","予備コード":"00","大字名":null,"丁目名":null,"小字名":"字忠別","予備名":null,"地番":"2858-2","精度区分":null,"座標値種別":"図上測量","筆界未定構成筆":null,"代表点緯度":5310.995,"代表点経度":12833.041815815}},{"type":"MultiPolygon","arcs":[[[973,974,-964,975,-971]]],"properties":{"筆ID":"H000000359","version":"ver1.0","座標系":"任意座標系","測地系判別":null,"地図名":"美瑛町（２４００）・図郭座標無","地図番号":"切87-4","縮尺分母":"2400","市区町村コード":"01459","市区町村名":"上川郡美瑛町","大字コード":"000","丁目コード":"000","小字コード":"0024","予備コード":"00","大字名":null,"丁目名":null,"小字名":"字忠別","予備名":null,"地番":"2858-3","精度区分":null,"座標値種別":"図上測量","筆界未定構成筆":null,"代表点緯度":5252.9625,"代表点経度":12869.674886342}},{"type":"MultiPolygon","arcs":[[[-976,-963,-972]]],"properties":{"筆ID":"H000000360","version":"ver1.0","座標系":"任意座標系","測地系判別":null,"地図名":"美瑛町（２４００）・図郭座標無","地図番号":"切87-4","縮尺分母":"2400","市区町村コード":"01459","市区町村名":"上川郡美瑛町","大字コード":"000","丁目コード":"000","小字コード":"0024","予備コード":"00","大字名":null,"丁目名":null,"小字名":"字忠別","予備名":null,"地番":"2858-4","精度区分":null,"座標値種別":"図上測量","筆界未定構成筆":null,"代表点緯度":5293.031,"代表点経度":12807.503148057}},{"type":"MultiPolygon","arcs":[[[-969,976,-929,-927,-958]]],"properties":{"筆ID":"H000000361","version":"ver1.0","座標系":"任意座標系","測地系判別":null,"地図名":"美瑛町（２４００）・図郭座標無","地図番号":"切87-4","縮尺分母":"2400","市区町村コード":"01459","市区町村名":"上川郡美瑛町","大字コード":"000","丁目コード":"000","小字コード":"0024","予備コード":"00","大字名":null,"丁目名":null,"小字名":"字忠別","予備名":null,"地番":"2858-5","精度区分":null,"座標値種別":"図上測量","筆界未定構成筆":null,"代表点緯度":5212.1195,"代表点経度":12746.410048446}},{"type":"MultiPolygon","arcs":[[[-968,977,-941,-918,-931,978]]],"properties":{"筆ID":"H000000362","version":"ver1.0","座標系":"任意座標系","測地系判別":null,"地図名":"美瑛町（２４００）・図郭座標無","地図番号":"切87-4","縮尺分母":"2400","市区町村コード":"01459","市区町村名":"上川郡美瑛町","大字コード":"000","丁目コード":"000","小字コード":"0024","予備コード":"00","大字名":null,"丁目名":null,"小字名":"字忠別","予備名":null,"地番":"2859-1","精度区分":null,"座標値種別":"図上測量","筆界未定構成筆":null,"代表点緯度":5129.282,"代表点経度":12763.788863137}},{"type":"MultiPolygon","arcs":[[[-979,-930,-977]]],"properties":{"筆ID":"H000000363","version":"ver1.0","座標系":"任意座標系","測地系判別":null,"地図名":"美瑛町（２４００）・図郭座標無","地図番号":"切87-4","縮尺分母":"2400","市区町村コード":"01459","市区町村名":"上川郡美瑛町","大字コード":"000","丁目コード":"000","小字コード":"0024","予備コード":"00","大字名":null,"丁目名":null,"小字名":"字忠別","予備名":null,"地番":"2859-2","精度区分":null,"座標値種別":"図上測量","筆界未定構成筆":null,"代表点緯度":5201.354,"代表点経度":12724.934979349}},{"type":"MultiPolygon","arcs":[[[979,980,981,982,983]]],"properties":{"筆ID":"H000000364","version":"ver1.0","座標系":"任意座標系","測地系判別":null,"地図名":"美瑛町（２４００）・図郭座標無","地図番号":"切87-4","縮尺分母":"2400","市区町村コード":"01459","市区町村名":"上川郡美瑛町","大字コード":"000","丁目コード":"000","小字コード":"0024","予備コード":"00","大字名":null,"丁目名":null,"小字名":"字忠別","予備名":null,"地番":"2859-3","精度区分":null,"座標値種別":"図上測量","筆界未定構成筆":null,"代表点緯度":5050.095,"代表点経度":12868.060174235}},{"type":"MultiPolygon","arcs":[[[-978,984,-980,985,-945]]],"properties":{"筆ID":"H000000365","version":"ver1.0","座標系":"任意座標系","測地系判別":null,"地図名":"美瑛町（２４００）・図郭座標無","地図番号":"切87-4","縮尺分母":"2400","市区町村コード":"01459","市区町村名":"上川郡美瑛町","大字コード":"000","丁目コード":"000","小字コード":"0024","予備コード":"00","大字名":null,"丁目名":null,"小字名":"字忠別","予備名":null,"地番":"2859-4","精度区分":null,"座標値種別":"図上測量","筆界未定構成筆":null,"代表点緯度":5060.1345,"代表点経度":12836.979308165}},{"type":"MultiPolygon","arcs":[[[-950,986,987,988,989,-953]]],"properties":{"筆ID":"H000000366","version":"ver1.0","座標系":"任意座標系","測地系判別":null,"地図名":"美瑛町（２４００）・図郭座標無","地図番号":"切87-4","縮尺分母":"2400","市区町村コード":"01459","市区町村名":"上川郡美瑛町","大字コード":"000","丁目コード":"000","小字コード":"0024","予備コード":"00","大字名":null,"丁目名":null,"小字名":"字忠別","予備名":null,"地番":"2860-1","精度区分":null,"座標値種別":"図上測量","筆界未定構成筆":null,"代表点緯度":5385.114,"代表点経度":12968.253034227}},{"type":"MultiPolygon","arcs":[[[-990,990,991,992,-954]]],"properties":{"筆ID":"H000000367","version":"ver1.0","座標系":"任意座標系","測地系判別":null,"地図名":"美瑛町（２４００）・図郭座標無","地図番号":"切87-4","縮尺分母":"2400","市区町村コード":"01459","市区町村名":"上川郡美瑛町","大字コード":"000","丁目コード":"000","小字コード":"0024","予備コード":"00","大字名":null,"丁目名":null,"小字名":"字忠別","予備名":null,"地番":"2860-2","精度区分":null,"座標値種別":"図上測量","筆界未定構成筆":null,"代表点緯度":5322.2655,"代表点経度":12968.346645413}},{"type":"MultiPolygon","arcs":[[[993,-991,-989]]],"properties":{"筆ID":"H000000368","version":"ver1.0","座標系":"任意座標系","測地系判別":null,"地図名":"美瑛町（２４００）・図郭座標無","地図番号":"切87-4","縮尺分母":"2400","市区町村コード":"01459","市区町村名":"上川郡美瑛町","大字コード":"000","丁目コード":"000","小字コード":"0024","予備コード":"00","大字名":null,"丁目名":null,"小字名":"字忠別","予備名":null,"地番":"2860-3","精度区分":null,"座標値種別":"図上測量","筆界未定構成筆":null,"代表点緯度":5336.4635,"代表点経度":13031.152356283}},{"type":"MultiPolygon","arcs":[[[994,995,996,-987,-949]]],"properties":{"筆ID":"H000000369","version":"ver1.0","座標系":"任意座標系","測地系判別":null,"地図名":"美瑛町（２４００）・図郭座標無","地図番号":"切87-4","縮尺分母":"2400","市区町村コード":"01459","市区町村名":"上川郡美瑛町","大字コード":"000","丁目コード":"000","小字コード":"0024","予備コード":"00","大字名":null,"丁目名":null,"小字名":"字忠別","予備名":null,"地番":"2860-4","精度区分":null,"座標値種別":"図上測量","筆界未定構成筆":null,"代表点緯度":5454.2605,"代表点経度":13049.259853877}},{"type":"MultiPolygon","arcs":[[[997,998,999,1000,1001,1002]]],"properties":{"筆ID":"H000000370","version":"ver1.0","座標系":"任意座標系","測地系判別":null,"地図名":"美瑛町（２４００）・図郭座標無","地図番号":"切87-4","縮尺分母":"2400","市区町村コード":"01459","市区町村名":"上川郡美瑛町","大字コード":"000","丁目コード":"000","小字コード":"0024","予備コード":"00","大字名":null,"丁目名":null,"小字名":"字忠別","予備名":null,"地番":"2861-1","精度区分":null,"座標値種別":"図上測量","筆界未定構成筆":null,"代表点緯度":5358.0335,"代表点経度":13067.78106939}},{"type":"MultiPolygon","arcs":[[[-1002,1003,1004,1005]]],"properties":{"筆ID":"H000000371","version":"ver1.0","座標系":"任意座標系","測地系判別":null,"地図名":"美瑛町（２４００）・図郭座標無","地図番号":"切87-4","縮尺分母":"2400","市区町村コード":"01459","市区町村名":"上川郡美瑛町","大字コード":"000","丁目コード":"000","小字コード":"0024","予備コード":"00","大字名":null,"丁目名":null,"小字名":"字忠別","予備名":null,"地番":"2861-2","精度区分":null,"座標値種別":"図上測量","筆界未定構成筆":null,"代表点緯度":5321.82,"代表点経度":13067.885996254}},{"type":"MultiPolygon","arcs":[[[1006,1007,-966]]],"properties":{"筆ID":"H000000372","version":"ver1.0","座標系":"任意座標系","測地系判別":null,"地図名":"美瑛町（２４００）・図郭座標無","地図番号":"切87-4","縮尺分母":"2400","市区町村コード":"01459","市区町村名":"上川郡美瑛町","大字コード":"000","丁目コード":"000","小字コード":"0024","予備コード":"00","大字名":null,"丁目名":null,"小字名":"字忠別","予備名":null,"地番":"2862-1","精度区分":null,"座標値種別":"図上測量","筆界未定構成筆":null,"代表点緯度":5124.0735,"代表点経度":12923.819862321}},{"type":"MultiPolygon","arcs":[[[1008,1009,1010,1011,1012,1013,-970]]],"properties":{"筆ID":"H000000373","version":"ver1.0","座標系":"任意座標系","測地系判別":null,"地図名":"美瑛町（２４００）・図郭座標無","地図番号":"切87-4","縮尺分母":"2400","市区町村コード":"01459","市区町村名":"上川郡美瑛町","大字コード":"000","丁目コード":"000","小字コード":"0024","予備コード":"00","大字名":null,"丁目名":null,"小字名":"字忠別","予備名":null,"地番":"2862-2","精度区分":null,"座標値種別":"図上測量","筆界未定構成筆":null,"代表点緯度":5310.755,"代表点経度":12987.221415878}},{"type":"MultiPolygon","arcs":[[[-1014,1014,-974]]],"properties":{"筆ID":"H000000374","version":"ver1.0","座標系":"任意座標系","測地系判別":null,"地図名":"美瑛町（２４００）・図郭座標無","地図番号":"切87-4","縮尺分母":"2400","市区町村コード":"01459","市区町村名":"上川郡美瑛町","大字コード":"000","丁目コード":"000","小字コード":"0024","予備コード":"00","大字名":null,"丁目名":null,"小字名":"字忠別","予備名":null,"地番":"2862-3","精度区分":null,"座標値種別":"図上測量","筆界未定構成筆":null,"代表点緯度":5269.85,"代表点経度":12933.185415246}},{"type":"MultiPolygon","arcs":[[[-1012,1015]]],"properties":{"筆ID":"H000000375","version":"ver1.0","座標系":"任意座標系","測地系判別":null,"地図名":"美瑛町（２４００）・図郭座標無","地図番号":"切87-4","縮尺分母":"2400","市区町村コード":"01459","市区町村名":"上川郡美瑛町","大字コード":"000","丁目コード":"000","小字コード":"0024","予備コード":"00","大字名":null,"丁目名":null,"小字名":"字忠別","予備名":null,"地番":"2862-4","精度区分":null,"座標値種別":"図上測量","筆界未定構成筆":null,"代表点緯度":5300.9195,"代表点経度":13045.486894449}},{"type":"MultiPolygon","arcs":[[[-975,-1015,-1013,-1016,-1011,1016,1017,-1007,-965]]],"properties":{"筆ID":"H000000376","version":"ver1.0","座標系":"任意座標系","測地系判別":null,"地図名":"美瑛町（２４００）・図郭座標無","地図番号":"切87-4","縮尺分母":"2400","市区町村コード":"01459","市区町村名":"上川郡美瑛町","大字コード":"000","丁目コード":"000","小字コード":"0024","予備コード":"00","大字名":null,"丁目名":null,"小字名":"字忠別","予備名":null,"地番":"2862-5","精度区分":null,"座標値種別":"図上測量","筆界未定構成筆":null,"代表点緯度":5260.8605,"代表点経度":13023.314731757}},{"type":"MultiPolygon","arcs":[[[-983,1018,1019,1020,-1020,1021,1022,1023]]],"properties":{"筆ID":"H000000377","version":"ver1.0","座標系":"任意座標系","測地系判別":null,"地図名":"美瑛町（２４００）・図郭座標無","地図番号":"切87-4","縮尺分母":"2400","市区町村コード":"01459","市区町村名":"上川郡美瑛町","大字コード":"000","丁目コード":"000","小字コード":"0024","予備コード":"00","大字名":null,"丁目名":null,"小字名":"字忠別","予備名":null,"地番":"2865","精度区分":null,"座標値種別":"図上測量","筆界未定構成筆":null,"代表点緯度":4873.6275,"代表点経度":12946.264723817}},{"type":"MultiPolygon","arcs":[[[1024,1025,1026,1027,1028,-1001,1029]]],"properties":{"筆ID":"H000000378","version":"ver1.0","座標系":"任意座標系","測地系判別":null,"地図名":"美瑛町（２４００）・図郭座標無","地図番号":"切87-4","縮尺分母":"2400","市区町村コード":"01459","市区町村名":"上川郡美瑛町","大字コード":"000","丁目コード":"000","小字コード":"0024","予備コード":"00","大字名":null,"丁目名":null,"小字名":"字忠別","予備名":null,"地番":"2866-1","精度区分":null,"座標値種別":"図上測量","筆界未定構成筆":null,"代表点緯度":5375.189,"代表点経度":13130.3499227}},{"type":"MultiPolygon","arcs":[[[1030,-1027,1031,1032,1033,-1004,-1029]]],"properties":{"筆ID":"H000000379","version":"ver1.0","座標系":"任意座標系","測地系判別":null,"地図名":"美瑛町（２４００）・図郭座標無","地図番号":"切87-4","縮尺分母":"2400","市区町村コード":"01459","市区町村名":"上川郡美瑛町","大字コード":"000","丁目コード":"000","小字コード":"0024","予備コード":"00","大字名":null,"丁目名":null,"小字名":"字忠別","予備名":null,"地番":"2866-2","精度区分":null,"座標値種別":"図上測量","筆界未定構成筆":null,"代表点緯度":5321.351,"代表点経度":13176.099377002}},{"type":"MultiPolygon","arcs":[[[-1030,-1000,1034]]],"properties":{"筆ID":"H000000380","version":"ver1.0","座標系":"任意座標系","測地系判別":null,"地図名":"美瑛町（２４００）・図郭座標無","地図番号":"切87-4","縮尺分母":"2400","市区町村コード":"01459","市区町村名":"上川郡美瑛町","大字コード":"000","丁目コード":"000","小字コード":"0024","予備コード":"00","大字名":null,"丁目名":null,"小字名":"字忠別","予備名":null,"地番":"2866-3","精度区分":null,"座標値種別":"図上測量","筆界未定構成筆":null,"代表点緯度":5406.4115,"代表点経度":13094.04051199}},{"type":"MultiPolygon","arcs":[[[1035,1036,1037,-1032,-1026]]],"properties":{"筆ID":"H000000381","version":"ver1.0","座標系":"任意座標系","測地系判別":null,"地図名":"美瑛町（２４００）・図郭座標無","地図番号":"切87-4","縮尺分母":"2400","市区町村コード":"01459","市区町村名":"上川郡美瑛町","大字コード":"000","丁目コード":"000","小字コード":"0024","予備コード":"00","大字名":null,"丁目名":null,"小字名":"字忠別","予備名":null,"地番":"2866-4","精度区分":null,"座標値種別":"図上測量","筆界未定構成筆":null,"代表点緯度":5370.4395,"代表点経度":13220.853125555}},{"type":"MultiPolygon","arcs":[[[-1031,-1028]]],"properties":{"筆ID":"H000000382","version":"ver1.0","座標系":"任意座標系","測地系判別":null,"地図名":"美瑛町（２４００）・図郭座標無","地図番号":"切87-4","縮尺分母":"2400","市区町村コード":"01459","市区町村名":"上川郡美瑛町","大字コード":"000","丁目コード":"000","小字コード":"0024","予備コード":"00","大字名":null,"丁目名":null,"小字名":"字忠別","予備名":null,"地番":"2866-5","精度区分":null,"座標値種別":"図上測量","筆界未定構成筆":null,"代表点緯度":5339.7795,"代表点経度":13125.615697783}},{"type":"MultiPolygon","arcs":[[[1038,-1036,-1025,-1035,-999,1039]]],"properties":{"筆ID":"H000000383","version":"ver1.0","座標系":"任意座標系","測地系判別":null,"地図名":"美瑛町（２４００）・図郭座標無","地図番号":"切87-4","縮尺分母":"2400","市区町村コード":"01459","市区町村名":"上川郡美瑛町","大字コード":"000","丁目コード":"000","小字コード":"0024","予備コード":"00","大字名":null,"丁目名":null,"小字名":"字忠別","予備名":null,"地番":"2867-1","精度区分":null,"座標値種別":"図上測量","筆界未定構成筆":null,"代表点緯度":5467.7465,"代表点経度":13179.640543075}},{"type":"MultiPolygon","arcs":[[[1040,1041,1042]]],"properties":{"筆ID":"H000000384","version":"ver1.0","座標系":"任意座標系","測地系判別":null,"地図名":"美瑛町（２４００）・図郭座標無","地図番号":"切87-4","縮尺分母":"2400","市区町村コード":"01459","市区町村名":"上川郡美瑛町","大字コード":"000","丁目コード":"000","小字コード":"0024","予備コード":"00","大字名":null,"丁目名":null,"小字名":"字忠別","予備名":null,"地番":"2867-2","精度区分":null,"座標値種別":"図上測量","筆界未定構成筆":null,"代表点緯度":5511.46,"代表点経度":13253.856089275}},{"type":"MultiPolygon","arcs":[[[-1042,1043,1044,-1037,-1039]]],"properties":{"筆ID":"H000000385","version":"ver1.0","座標系":"任意座標系","測地系判別":null,"地図名":"美瑛町（２４００）・図郭座標無","地図番号":"切87-4","縮尺分母":"2400","市区町村コード":"01459","市区町村名":"上川郡美瑛町","大字コード":"000","丁目コード":"000","小字コード":"0024","予備コード":"00","大字名":null,"丁目名":null,"小字名":"字忠別","予備名":null,"地番":"2867-3","精度区分":null,"座標値種別":"図上測量","筆界未定構成筆":null,"代表点緯度":5463.0475,"代表点経度":13238.81160297}},{"type":"MultiPolygon","arcs":[[[1045,-996,1046]]],"properties":{"筆ID":"H000000386","version":"ver1.0","座標系":"任意座標系","測地系判別":null,"地図名":"美瑛町（２４００）・図郭座標無","地図番号":"切87-4","縮尺分母":"2400","市区町村コード":"01459","市区町村名":"上川郡美瑛町","大字コード":"000","丁目コード":"000","小字コード":"0024","予備コード":"00","大字名":null,"丁目名":null,"小字名":"字忠別","予備名":null,"地番":"2868","精度区分":null,"座標値種別":"図上測量","筆界未定構成筆":null,"代表点緯度":5460.0145,"代表点経度":13099.986228533}},{"type":"MultiPolygon","arcs":[[[1047,1048,1049]]],"properties":{"筆ID":"H000000387","version":"ver1.0","座標系":"任意座標系","測地系判別":null,"地図名":"美瑛町（２４００）・図郭座標無","地図番号":"切87-4","縮尺分母":"2400","市区町村コード":"01459","市区町村名":"上川郡美瑛町","大字コード":"000","丁目コード":"000","小字コード":"0024","予備コード":"00","大字名":null,"丁目名":null,"小字名":"字忠別","予備名":null,"地番":"2869-1","精度区分":null,"座標値種別":"図上測量","筆界未定構成筆":null,"代表点緯度":5203.785,"代表点経度":13232.234597491}},{"type":"MultiPolygon","arcs":[[[1050,1051,1052,1053,1054,1055]]],"properties":{"筆ID":"H000000388","version":"ver1.0","座標系":"任意座標系","測地系判別":null,"地図名":"美瑛町（２４００）・図郭座標無","地図番号":"切87-4","縮尺分母":"2400","市区町村コード":"01459","市区町村名":"上川郡美瑛町","大字コード":"000","丁目コード":"000","小字コード":"0024","予備コード":"00","大字名":null,"丁目名":null,"小字名":"字忠別","予備名":null,"地番":"2869-2","精度区分":null,"座標値種別":"図上測量","筆界未定構成筆":null,"代表点緯度":5247.09,"代表点経度":13171.029364138}},{"type":"MultiPolygon","arcs":[[[1056,-1050,1057,1058,-1054]]],"properties":{"筆ID":"H000000389","version":"ver1.0","座標系":"任意座標系","測地系判別":null,"地図名":"美瑛町（２４００）・図郭座標無","地図番号":"切87-4","縮尺分母":"2400","市区町村コード":"01459","市区町村名":"上川郡美瑛町","大字コード":"000","丁目コード":"000","小字コード":"0024","予備コード":"00","大字名":null,"丁目名":null,"小字名":"字忠別","予備名":null,"地番":"2869-3","精度区分":null,"座標値種別":"図上測量","筆界未定構成筆":null,"代表点緯度":5223.3995,"代表点経度":13189.565586136}},{"type":"MultiPolygon","arcs":[[[-1056,1059,1060]]],"properties":{"筆ID":"H000000390","version":"ver1.0","座標系":"任意座標系","測地系判別":null,"地図名":"美瑛町（２４００）・図郭座標無","地図番号":"切87-4","縮尺分母":"2400","市区町村コード":"01459","市区町村名":"上川郡美瑛町","大字コード":"000","丁目コード":"000","小字コード":"0024","予備コード":"00","大字名":null,"丁目名":null,"小字名":"字忠別","予備名":null,"地番":"2870","精度区分":null,"座標値種別":"図上測量","筆界未定構成筆":null,"代表点緯度":5265.8275,"代表点経度":13113.45106173}},{"type":"MultiPolygon","arcs":[[[1061,1062,1063,1064]]],"properties":{"筆ID":"H000000391","version":"ver1.0","座標系":"任意座標系","測地系判別":null,"地図名":"美瑛町（２４００）・図郭座標無","地図番号":"切87-4","縮尺分母":"2400","市区町村コード":"01459","市区町村名":"上川郡美瑛町","大字コード":"000","丁目コード":"000","小字コード":"0024","予備コード":"00","大字名":null,"丁目名":null,"小字名":"字忠別","予備名":null,"地番":"2871-1","精度区分":null,"座標値種別":"図上測量","筆界未定構成筆":null,"代表点緯度":5335.206,"代表点経度":13337.057517724}},{"type":"MultiPolygon","arcs":[[[1065,-1064,1066,1067,-1033]]],"properties":{"筆ID":"H000000392","version":"ver1.0","座標系":"任意座標系","測地系判別":null,"地図名":"美瑛町（２４００）・図郭座標無","地図番号":"切87-4","縮尺分母":"2400","市区町村コード":"01459","市区町村名":"上川郡美瑛町","大字コード":"000","丁目コード":"000","小字コード":"0024","予備コード":"00","大字名":null,"丁目名":null,"小字名":"字忠別","予備名":null,"地番":"2871-2","精度区分":null,"座標値種別":"図上測量","筆界未定構成筆":null,"代表点緯度":5320.9835,"代表点経度":13317.729307465}},{"type":"MultiPolygon","arcs":[[[-1045,1068,1069,-1065,-1066,-1038]]],"properties":{"筆ID":"H000000393","version":"ver1.0","座標系":"任意座標系","測地系判別":null,"地図名":"美瑛町（２４００）・図郭座標無","地図番号":"切87-4","縮尺分母":"2400","市区町村コード":"01459","市区町村名":"上川郡美瑛町","大字コード":"000","丁目コード":"000","小字コード":"0024","予備コード":"00","大字名":null,"丁目名":null,"小字名":"字忠別","予備名":null,"地番":"2871-3","精度区分":null,"座標値種別":"図上測量","筆界未定構成筆":null,"代表点緯度":5390.9345,"代表点経度":13304.573839137}},{"type":"MultiPolygon","arcs":[[[1070,1071,1072,1073,-1062]]],"properties":{"筆ID":"H000000394","version":"ver1.0","座標系":"任意座標系","測地系判別":null,"地図名":"美瑛町（２４００）・図郭座標無","地図番号":"切77-3","縮尺分母":"2400","市区町村コード":"01459","市区町村名":"上川郡美瑛町","大字コード":"000","丁目コード":"000","小字コード":"0024","予備コード":"00","大字名":null,"丁目名":null,"小字名":"字忠別","予備名":null,"地番":"2872-1","精度区分":null,"座標値種別":"図上測量","筆界未定構成筆":null,"代表点緯度":5355.387,"代表点経度":13373.984334854}},{"type":"MultiPolygon","arcs":[[[-1073,1074,1075,-1067,1076]]],"properties":{"筆ID":"H000000395","version":"ver1.0","座標系":"任意座標系","測地系判別":null,"地図名":"美瑛町（２４００）・図郭座標無","地図番号":"切77-3","縮尺分母":"2400","市区町村コード":"01459","市区町村名":"上川郡美瑛町","大字コード":"000","丁目コード":"000","小字コード":"0024","予備コード":"00","大字名":null,"丁目名":null,"小字名":"字忠別","予備名":null,"地番":"2872-2","精度区分":null,"座標値種別":"図上測量","筆界未定構成筆":null,"代表点緯度":5321.0135,"代表点経度":13386.832827848}},{"type":"MultiPolygon","arcs":[[[-1063,-1074,-1077]]],"properties":{"筆ID":"H000000396","version":"ver1.0","座標系":"任意座標系","測地系判別":null,"地図名":"美瑛町（２４００）・図郭座標無","地図番号":"切77-3","縮尺分母":"2400","市区町村コード":"01459","市区町村名":"上川郡美瑛町","大字コード":"000","丁目コード":"000","小字コード":"0024","予備コード":"00","大字名":null,"丁目名":null,"小字名":"字忠別","予備名":null,"地番":"2872-3","精度区分":null,"座標値種別":"図上測量","筆界未定構成筆":null,"代表点緯度":5334.5675,"代表点経度":13373.244095349}},{"type":"MultiPolygon","arcs":[[[-1041,1077,1078,1079,1080,-1069,-1044]]],"properties":{"筆ID":"H000000397","version":"ver1.0","座標系":"任意座標系","測地系判別":null,"地図名":"美瑛町（２４００）・図郭座標無","地図番号":"切77-3","縮尺分母":"2400","市区町村コード":"01459","市区町村名":"上川郡美瑛町","大字コード":"000","丁目コード":"000","小字コード":"0024","予備コード":"00","大字名":null,"丁目名":null,"小字名":"字忠別","予備名":null,"地番":"2872-4","精度区分":null,"座標値種別":"図上測量","筆界未定構成筆":null,"代表点緯度":5463.0475,"代表点経度":13322.78826735}},{"type":"MultiPolygon","arcs":[[[1081,-1071,-1070,-1081]]],"properties":{"筆ID":"H000000398","version":"ver1.0","座標系":"任意座標系","測地系判別":null,"地図名":"美瑛町（２４００）・図郭座標無","地図番号":"切77-3","縮尺分母":"2400","市区町村コード":"01459","市区町村名":"上川郡美瑛町","大字コード":"000","丁目コード":"000","小字コード":"0024","予備コード":"00","大字名":null,"丁目名":null,"小字名":"字忠別","予備名":null,"地番":"2872-5","精度区分":null,"座標値種別":"図上測量","筆界未定構成筆":null,"代表点緯度":5392.5065,"代表点経度":13360.107728634}},{"type":"MultiPolygon","arcs":[[[1082,1083,1084,-1072,1085]]],"properties":{"筆ID":"H000000399","version":"ver1.0","座標系":"任意座標系","測地系判別":null,"地図名":"美瑛町（２４００）・図郭座標無","地図番号":"切77-3","縮尺分母":"2400","市区町村コード":"01459","市区町村名":"上川郡美瑛町","大字コード":"000","丁目コード":"000","小字コード":"0024","予備コード":"00","大字名":null,"丁目名":null,"小字名":"字忠別","予備名":null,"地番":"2873-1","精度区分":null,"座標値種別":"図上測量","筆界未定構成筆":null,"代表点緯度":5348.9435,"代表点経度":13418.77862614}},{"type":"MultiPolygon","arcs":[[[1086,1087,-1075,-1085]]],"properties":{"筆ID":"H000000400","version":"ver1.0","座標系":"任意座標系","測地系判別":null,"地図名":"美瑛町（２４００）・図郭座標無","地図番号":"切77-3","縮尺分母":"2400","市区町村コード":"01459","市区町村名":"上川郡美瑛町","大字コード":"000","丁目コード":"000","小字コード":"0024","予備コード":"00","大字名":null,"丁目名":null,"小字名":"字忠別","予備名":null,"地番":"2873-2","精度区分":null,"座標値種別":"図上測量","筆界未定構成筆":null,"代表点緯度":5321.0295,"代表点経度":13423.833116014}},{"type":"MultiPolygon","arcs":[[[1088,-1086,-1082,-1080]]],"properties":{"筆ID":"H000000401","version":"ver1.0","座標系":"任意座標系","測地系判別":null,"地図名":"美瑛町（２４００）・図郭座標無","地図番号":"切77-3","縮尺分母":"2400","市区町村コード":"01459","市区町村名":"上川郡美瑛町","大字コード":"000","丁目コード":"000","小字コード":"0024","予備コード":"00","大字名":null,"丁目名":null,"小字名":"字忠別","予備名":null,"地番":"2873-3","精度区分":null,"座標値種別":"図上測量","筆界未定構成筆":null,"代表点緯度":5388.2935,"代表点経度":13396.896703891}},{"type":"MultiPolygon","arcs":[[[1089,1090,1091,1092,1093,-1048,1094]]],"properties":{"筆ID":"H000000402","version":"ver1.0","座標系":"任意座標系","測地系判別":null,"地図名":"美瑛町（２４００）・図郭座標無","地図番号":"切77-3","縮尺分母":"2400","市区町村コード":"01459","市区町村名":"上川郡美瑛町","大字コード":"000","丁目コード":"000","小字コード":"0024","予備コード":"00","大字名":null,"丁目名":null,"小字名":"字忠別","予備名":null,"地番":"2874-1","精度区分":null,"座標値種別":"図上測量","筆界未定構成筆":null,"代表点緯度":5193.46,"代表点経度":13344.511028035}},{"type":"MultiPolygon","arcs":[[[1095,1096,1097,-1052,1098]]],"properties":{"筆ID":"H000000403","version":"ver1.0","座標系":"任意座標系","測地系判別":null,"地図名":"美瑛町（２４００）・図郭座標無","地図番号":"切87-4","縮尺分母":"2400","市区町村コード":"01459","市区町村名":"上川郡美瑛町","大字コード":"000","丁目コード":"000","小字コード":"0024","予備コード":"00","大字名":null,"丁目名":null,"小字名":"字忠別","予備名":null,"地番":"2874-2","精度区分":null,"座標値種別":"図上測量","筆界未定構成筆":null,"代表点緯度":5310.25,"代表点経度":13321.149864587}},{"type":"MultiPolygon","arcs":[[[1099,-1091]]],"properties":{"筆ID":"H000000404","version":"ver1.0","座標系":"任意座標系","測地系判別":null,"地図名":"美瑛町（２４００）・図郭座標無","地図番号":"切77-3","縮尺分母":"2400","市区町村コード":"01459","市区町村名":"上川郡美瑛町","大字コード":"000","丁目コード":"000","小字コード":"0024","予備コード":"00","大字名":null,"丁目名":null,"小字名":"字忠別","予備名":null,"地番":"2874-3","精度区分":null,"座標値種別":"図上測量","筆界未定構成筆":null,"代表点緯度":5250.7275,"代表点経度":13369.428233057}},{"type":"MultiPolygon","arcs":[[[1100,-1053,-1098]]],"properties":{"筆ID":"H000000405","version":"ver1.0","座標系":"任意座標系","測地系判別":null,"地図名":"美瑛町（２４００）・図郭座標無","地図番号":"切87-4","縮尺分母":"2400","市区町村コード":"01459","市区町村名":"上川郡美瑛町","大字コード":"000","丁目コード":"000","小字コード":"0024","予備コード":"00","大字名":null,"丁目名":null,"小字名":"字忠別","予備名":null,"地番":"2874-4","精度区分":null,"座標値種別":"図上測量","筆界未定構成筆":null,"代表点緯度":5288.451,"代表点経度":13277.226220561}},{"type":"MultiPolygon","arcs":[[[-1097,1101,-1095,-1057,-1101]]],"properties":{"筆ID":"H000000406","version":"ver1.0","座標系":"任意座標系","測地系判別":null,"地図名":"美瑛町（２４００）・図郭座標無","地図番号":"切77-3","縮尺分母":"2400","市区町村コード":"01459","市区町村名":"上川郡美瑛町","大字コード":"000","丁目コード":"000","小字コード":"0024","予備コード":"00","大字名":null,"丁目名":null,"小字名":"字忠別","予備名":null,"地番":"2874-5","精度区分":null,"座標値種別":"図上測量","筆界未定構成筆":null,"代表点緯度":5262.647,"代表点経度":13284.355526626}},{"type":"MultiPolygon","arcs":[[[1102,1103,1104,1105,-1092,-1100,-1090,1106]]],"properties":{"筆ID":"H000000407","version":"ver1.0","座標系":"任意座標系","測地系判別":null,"地図名":"美瑛町（２４００）・図郭座標無","地図番号":"切77-3","縮尺分母":"2400","市区町村コード":"01459","市区町村名":"上川郡美瑛町","大字コード":"000","丁目コード":"000","小字コード":"0024","予備コード":"00","大字名":null,"丁目名":null,"小字名":"字忠別","予備名":null,"地番":"2875-1","精度区分":null,"座標値種別":"図上測量","筆界未定構成筆":null,"代表点緯度":5213.365,"代表点経度":13424.458907333}},{"type":"MultiPolygon","arcs":[[[1107,1108,-1096,1109]]],"properties":{"筆ID":"H000000408","version":"ver1.0","座標系":"任意座標系","測地系判別":null,"地図名":"美瑛町（２４００）・図郭座標無","地図番号":"切77-3","縮尺分母":"2400","市区町村コード":"01459","市区町村名":"上川郡美瑛町","大字コード":"000","丁目コード":"000","小字コード":"0024","予備コード":"00","大字名":null,"丁目名":null,"小字名":"字忠別","予備名":null,"地番":"2875-2","精度区分":null,"座標値種別":"図上測量","筆界未定構成筆":null,"代表点緯度":5310.159,"代表点経度":13389.073222036}},{"type":"MultiPolygon","arcs":[[[1110,-1107,-1102,-1109]]],"properties":{"筆ID":"H000000409","version":"ver1.0","座標系":"任意座標系","測地系判別":null,"地図名":"美瑛町（２４００）・図郭座標無","地図番号":"切77-3","縮尺分母":"2400","市区町村コード":"01459","市区町村名":"上川郡美瑛町","大字コード":"000","丁目コード":"000","小字コード":"0024","予備コード":"00","大字名":null,"丁目名":null,"小字名":"字忠別","予備名":null,"地番":"2875-3","精度区分":null,"座標値種別":"図上測量","筆界未定構成筆":null,"代表点緯度":5304.0775,"代表点経度":13391.295775513}},{"type":"MultiPolygon","arcs":[[[1111,1112,1113,-1104,1114]]],"properties":{"筆ID":"H000000410","version":"ver1.0","座標系":"任意座標系","測地系判別":null,"地図名":"美瑛町（２４００）・図郭座標無","地図番号":"切77-3","縮尺分母":"2400","市区町村コード":"01459","市区町村名":"上川郡美瑛町","大字コード":"000","丁目コード":"000","小字コード":"0024","予備コード":"00","大字名":null,"丁目名":null,"小字名":"字忠別","予備名":null,"地番":"2876-1","精度区分":null,"座標値種別":"図上測量","筆界未定構成筆":null,"代表点緯度":5233.837,"代表点経度":13438.419033104}},{"type":"MultiPolygon","arcs":[[[1115,1116,-1108,1117]]],"properties":{"筆ID":"H000000411","version":"ver1.0","座標系":"任意座標系","測地系判別":null,"地図名":"美瑛町（２４００）・図郭座標無","地図番号":"切77-3","縮尺分母":"2400","市区町村コード":"01459","市区町村名":"上川郡美瑛町","大字コード":"000","丁目コード":"000","小字コード":"0024","予備コード":"00","大字名":null,"丁目名":null,"小字名":"字忠別","予備名":null,"地番":"2876-2","精度区分":null,"座標値種別":"図上測量","筆界未定構成筆":null,"代表点緯度":5310.0925,"代表点経度":13424.420459547}},{"type":"MultiPolygon","arcs":[[[1118,-1115,-1103,1119]]],"properties":{"筆ID":"H000000412","version":"ver1.0","座標系":"任意座標系","測地系判別":null,"地図名":"美瑛町（２４００）・図郭座標無","地図番号":"切77-3","縮尺分母":"2400","市区町村コード":"01459","市区町村名":"上川郡美瑛町","大字コード":"000","丁目コード":"000","小字コード":"0024","予備コード":"00","大字名":null,"丁目名":null,"小字名":"字忠別","予備名":null,"地番":"2876-3","精度区分":null,"座標値種別":"図上測量","筆界未定構成筆":null,"代表点緯度":5294.482,"代表点経度":13427.286029234}},{"type":"MultiPolygon","arcs":[[[1120,1121,-1120,-1111,-1117]]],"properties":{"筆ID":"H000000413","version":"ver1.0","座標系":"任意座標系","測地系判別":null,"地図名":"美瑛町（２４００）・図郭座標無","地図番号":"切77-3","縮尺分母":"2400","市区町村コード":"01459","市区町村名":"上川郡美瑛町","大字コード":"000","丁目コード":"000","小字コード":"0024","予備コード":"00","大字名":null,"丁目名":null,"小字名":"字忠別","予備名":null,"地番":"2876-4","精度区分":null,"座標値種別":"図上測量","筆界未定構成筆":null,"代表点緯度":5306.4,"代表点経度":13425.098087214}},{"type":"MultiPolygon","arcs":[[[1122,1123,1124,1125,-1084]]],"properties":{"筆ID":"H000000414","version":"ver1.0","座標系":"任意座標系","測地系判別":null,"地図名":"美瑛町（２４００）・図郭座標無","地図番号":"切77-3","縮尺分母":"2400","市区町村コード":"01459","市区町村名":"上川郡美瑛町","大字コード":"000","丁目コード":"000","小字コード":"0024","予備コード":"00","大字名":null,"丁目名":null,"小字名":"字忠別","予備名":null,"地番":"2877-1","精度区分":null,"座標値種別":"図上測量","筆界未定構成筆":null,"代表点緯度":5356.954,"代表点経度":13531.315479347}},{"type":"MultiPolygon","arcs":[[[1126,-1125,1127,1128,-1087]]],"properties":{"筆ID":"H000000415","version":"ver1.0","座標系":"任意座標系","測地系判別":null,"地図名":"美瑛町（２４００）・図郭座標無","地図番号":"切77-3","縮尺分母":"2400","市区町村コード":"01459","市区町村名":"上川郡美瑛町","大字コード":"000","丁目コード":"000","小字コード":"0024","予備コード":"00","大字名":null,"丁目名":null,"小字名":"字忠別","予備名":null,"地番":"2877-2","精度区分":null,"座標値種別":"図上測量","筆界未定構成筆":null,"代表点緯度":5321.038,"代表点経度":13531.461784744}},{"type":"MultiPolygon","arcs":[[[-1127,-1126]]],"properties":{"筆ID":"H000000416","version":"ver1.0","座標系":"任意座標系","測地系判別":null,"地図名":"美瑛町（２４００）・図郭座標無","地図番号":"切77-3","縮尺分母":"2400","市区町村コード":"01459","市区町村名":"上川郡美瑛町","大字コード":"000","丁目コード":"000","小字コード":"0024","予備コード":"00","大字名":null,"丁目名":null,"小字名":"字忠別","予備名":null,"地番":"2877-3","精度区分":null,"座標値種別":"図上測量","筆界未定構成筆":null,"代表点緯度":5324.793,"代表点経度":13485.415048143}},{"type":"MultiPolygon","arcs":[[[1129,1130,-1123,-1083]]],"properties":{"筆ID":"H000000417","version":"ver1.0","座標系":"任意座標系","測地系判別":null,"地図名":"美瑛町（２４００）・図郭座標無","地図番号":"切77-3","縮尺分母":"2400","市区町村コード":"01459","市区町村名":"上川郡美瑛町","大字コード":"000","丁目コード":"000","小字コード":"0024","予備コード":"00","大字名":null,"丁目名":null,"小字名":"字忠別","予備名":null,"地番":"2878-1","精度区分":null,"座標値種別":"図上測量","筆界未定構成筆":null,"代表点緯度":5399.1735,"代表点経度":13496.979424365}},{"type":"MultiPolygon","arcs":[[[-1089,-1079,1131,1132,-1130]]],"properties":{"筆ID":"H000000418","version":"ver1.0","座標系":"任意座標系","測地系判別":null,"地図名":"美瑛町（２４００）・図郭座標無","地図番号":"切77-3","縮尺分母":"2400","市区町村コード":"01459","市区町村名":"上川郡美瑛町","大字コード":"000","丁目コード":"000","小字コード":"0024","予備コード":"00","大字名":null,"丁目名":null,"小字名":"字忠別","予備名":null,"地番":"2878-2","精度区分":null,"座標値種別":"図上測量","筆界未定構成筆":null,"代表点緯度":5419.8855,"代表点経度":13531.053520686}},{"type":"MultiPolygon","arcs":[[[1133,1134,1135,-1093,-1106,1136]]],"properties":{"筆ID":"H000000419","version":"ver1.0","座標系":"任意座標系","測地系判別":null,"地図名":"美瑛町（２４００）・図郭座標無","地図番号":"切77-3","縮尺分母":"2400","市区町村コード":"01459","市区町村名":"上川郡美瑛町","大字コード":"000","丁目コード":"000","小字コード":"0024","予備コード":"00","大字名":null,"丁目名":null,"小字名":"字忠別","予備名":null,"地番":"2879-1","精度区分":null,"座標値種別":"図上測量","筆界未定構成筆":null,"代表点緯度":5096.097,"代表点経度":13470.648333876}},{"type":"MultiPolygon","arcs":[[[1137,1138,1139,1140,1141,-1116]]],"properties":{"筆ID":"H000000420","version":"ver1.0","座標系":"任意座標系","測地系判別":null,"地図名":"美瑛町（２４００）・図郭座標無","地図番号":"切77-3","縮尺分母":"2400","市区町村コード":"01459","市区町村名":"上川郡美瑛町","大字コード":"000","丁目コード":"000","小字コード":"0024","予備コード":"00","大字名":null,"丁目名":null,"小字名":"字忠別","予備名":null,"地番":"2879-2","精度区分":null,"座標値種別":"図上測量","筆界未定構成筆":null,"代表点緯度":5309.9005,"代表点経度":13533.67512526}},{"type":"MultiPolygon","arcs":[[[1142,-1112,-1119,-1122,1143]]],"properties":{"筆ID":"H000000421","version":"ver1.0","座標系":"任意座標系","測地系判別":null,"地図名":"美瑛町（２４００）・図郭座標無","地図番号":"切77-3","縮尺分母":"2400","市区町村コード":"01459","市区町村名":"上川郡美瑛町","大字コード":"000","丁目コード":"000","小字コード":"0024","予備コード":"00","大字名":null,"丁目名":null,"小字名":"字忠別","予備名":null,"地番":"2879-3","精度区分":null,"座標値種別":"図上測量","筆界未定構成筆":null,"代表点緯度":5295.7275,"代表点経度":13456.667759832}},{"type":"MultiPolygon","arcs":[[[1144,1145,1146,-1134,1147,-1113,-1143]]],"properties":{"筆ID":"H000000422","version":"ver1.0","座標系":"任意座標系","測地系判別":null,"地図名":"美瑛町（２４００）・図郭座標無","地図番号":"切77-3","縮尺分母":"2400","市区町村コード":"01459","市区町村名":"上川郡美瑛町","大字コード":"000","丁目コード":"000","小字コード":"0024","予備コード":"00","大字名":null,"丁目名":null,"小字名":"字忠別","予備名":null,"地番":"2879-4","精度区分":null,"座標値種別":"図上測量","筆界未定構成筆":null,"代表点緯度":5247.217,"代表点経度":13507.583894444}},{"type":"MultiPolygon","arcs":[[[1148,1149,1150,-1147]]],"properties":{"筆ID":"H000000423","version":"ver1.0","座標系":"任意座標系","測地系判別":null,"地図名":"美瑛町（２４００）・図郭座標無","地図番号":"切77-3","縮尺分母":"2400","市区町村コード":"01459","市区町村名":"上川郡美瑛町","大字コード":"000","丁目コード":"000","小字コード":"0024","予備コード":"00","大字名":null,"丁目名":null,"小字名":"字忠別","予備名":null,"地番":"2879-5","精度区分":null,"座標値種別":"図上測量","筆界未定構成筆":null,"代表点緯度":5186.669,"代表点経度":13594.690033099}},{"type":"MultiPolygon","arcs":[[[-1151,1151,-1135]]],"properties":{"筆ID":"H000000424","version":"ver1.0","座標系":"任意座標系","測地系判別":null,"地図名":"美瑛町（２４００）・図郭座標無","地図番号":"切77-3","縮尺分母":"2400","市区町村コード":"01459","市区町村名":"上川郡美瑛町","大字コード":"000","丁目コード":"000","小字コード":"0024","予備コード":"00","大字名":null,"丁目名":null,"小字名":"字忠別","予備名":null,"地番":"2879-6","精度区分":null,"座標値種別":"図上測量","筆界未定構成筆":null,"代表点緯度":5128.9455,"代表点経度":13595.337358255}},{"type":"MultiPolygon","arcs":[[[1152,-1144,-1121,-1142]]],"properties":{"筆ID":"H000000425","version":"ver1.0","座標系":"任意座標系","測地系判別":null,"地図名":"美瑛町（２４００）・図郭座標無","地図番号":"切77-3","縮尺分母":"2400","市区町村コード":"01459","市区町村名":"上川郡美瑛町","大字コード":"000","丁目コード":"000","小字コード":"0024","予備コード":"00","大字名":null,"丁目名":null,"小字名":"字忠別","予備名":null,"地番":"2879-7","精度区分":null,"座標値種別":"図上測量","筆界未定構成筆":null,"代表点緯度":5306.9025,"代表点経度":13456.687032505}},{"type":"MultiPolygon","arcs":[[[-1141,1153,-1145,-1153]]],"properties":{"筆ID":"H000000426","version":"ver1.0","座標系":"任意座標系","測地系判別":null,"地図名":"美瑛町（２４００）・図郭座標無","地図番号":"切77-3","縮尺分母":"2400","市区町村コード":"01459","市区町村名":"上川郡美瑛町","大字コード":"000","丁目コード":"000","小字コード":"0024","予備コード":"00","大字名":null,"丁目名":null,"小字名":"字忠別","予備名":null,"地番":"2879-8","精度区分":null,"座標値種別":"図上測量","筆界未定構成筆":null,"代表点緯度":5307.49,"代表点経度":13516.340589534}},{"type":"MultiPolygon","arcs":[[[1154,-1149,-1146,-1154,-1140]]],"properties":{"筆ID":"H000000427","version":"ver1.0","座標系":"任意座標系","測地系判別":null,"地図名":"美瑛町（２４００）・図郭座標無","地図番号":"切77-3","縮尺分母":"2400","市区町村コード":"01459","市区町村名":"上川郡美瑛町","大字コード":"000","丁目コード":"000","小字コード":"0024","予備コード":"00","大字名":null,"丁目名":null,"小字名":"字忠別","予備名":null,"地番":"2879-9","精度区分":null,"座標値種別":"図上測量","筆界未定構成筆":null,"代表点緯度":5258.774,"代表点経度":13593.882708021}},{"type":"MultiPolygon","arcs":[[[-1137,-1105,-1114,-1148]]],"properties":{"筆ID":"H000000428","version":"ver1.0","座標系":"任意座標系","測地系判別":null,"地図名":"美瑛町（２４００）・図郭座標無","地図番号":"切77-3","縮尺分母":"2400","市区町村コード":"01459","市区町村名":"上川郡美瑛町","大字コード":"000","丁目コード":"000","小字コード":"0024","予備コード":"00","大字名":null,"丁目名":null,"小字名":"字忠別","予備名":null,"地番":"2880","精度区分":null,"座標値種別":"図上測量","筆界未定構成筆":null,"代表点緯度":5130.9905,"代表点経度":13486.732570111}},{"type":"MultiPolygon","arcs":[[[1155,1156,1157,1158,1159,1160]]],"properties":{"筆ID":"H000000429","version":"ver1.0","座標系":"任意座標系","測地系判別":null,"地図名":"美瑛町（２４００）・図郭座標無","地図番号":"切77-3","縮尺分母":"2400","市区町村コード":"01459","市区町村名":"上川郡美瑛町","大字コード":"000","丁目コード":"000","小字コード":"0024","予備コード":"00","大字名":null,"丁目名":null,"小字名":"字忠別","予備名":null,"地番":"2881-1","精度区分":null,"座標値種別":"図上測量","筆界未定構成筆":null,"代表点緯度":5368.162,"代表点経度":13716.704692104}},{"type":"MultiPolygon","arcs":[[[1161,1162,1163,-1159]]],"properties":{"筆ID":"H000000430","version":"ver1.0","座標系":"任意座標系","測地系判別":null,"地図名":"美瑛町（２４００）・図郭座標無","地図番号":"切77-3","縮尺分母":"2400","市区町村コード":"01459","市区町村名":"上川郡美瑛町","大字コード":"000","丁目コード":"000","小字コード":"0024","予備コード":"00","大字名":null,"丁目名":null,"小字名":"字忠別","予備名":null,"地番":"2881-2","精度区分":null,"座標値種別":"図上測量","筆界未定構成筆":null,"代表点緯度":5322.395,"代表点経度":13717.087290457}},{"type":"MultiPolygon","arcs":[[[1164,-1162,-1158]]],"properties":{"筆ID":"H000000431","version":"ver1.0","座標系":"任意座標系","測地系判別":null,"地図名":"美瑛町（２４００）・図郭座標無","地図番号":"切77-3","縮尺分母":"2400","市区町村コード":"01459","市区町村名":"上川郡美瑛町","大字コード":"000","丁目コード":"000","小字コード":"0024","予備コード":"00","大字名":null,"丁目名":null,"小字名":"字忠別","予備名":null,"地番":"2881-3","精度区分":null,"座標値種別":"図上測量","筆界未定構成筆":null,"代表点緯度":5337.406,"代表点経度":13793.800947437}},{"type":"MultiPolygon","arcs":[[[1165,1166,1167,1168]]],"properties":{"筆ID":"H000000432","version":"ver1.0","座標系":"任意座標系","測地系判別":null,"地図名":"美瑛町（２４００）・図郭座標無","地図番号":"切77-3","縮尺分母":"2400","市区町村コード":"01459","市区町村名":"上川郡美瑛町","大字コード":"000","丁目コード":"000","小字コード":"0024","予備コード":"00","大字名":null,"丁目名":null,"小字名":"字忠別","予備名":null,"地番":"2881-4","精度区分":null,"座標値種別":"図上測量","筆界未定構成筆":null,"代表点緯度":5447.1535,"代表点経度":13774.28763233}},{"type":"MultiPolygon","arcs":[[[1169,-1156,1170,-1167]]],"properties":{"筆ID":"H000000433","version":"ver1.0","座標系":"任意座標系","測地系判別":null,"地図名":"美瑛町（２４００）・図郭座標無","地図番号":"切77-3","縮尺分母":"2400","市区町村コード":"01459","市区町村名":"上川郡美瑛町","大字コード":"000","丁目コード":"000","小字コード":"0024","予備コード":"00","大字名":null,"丁目名":null,"小字名":"字忠別","予備名":null,"地番":"2881-5","精度区分":null,"座標値種別":"図上測量","筆界未定構成筆":null,"代表点緯度":5420.7945,"代表点経度":13774.474111654}},{"type":"MultiPolygon","arcs":[[[-1161,1171,1172]]],"properties":{"筆ID":"H000000434","version":"ver1.0","座標系":"任意座標系","測地系判別":null,"地図名":"美瑛町（２４００）・図郭座標無","地図番号":"切77-3","縮尺分母":"2400","市区町村コード":"01459","市区町村名":"上川郡美瑛町","大字コード":"000","丁目コード":"000","小字コード":"0024","予備コード":"00","大字名":null,"丁目名":null,"小字名":"字忠別","予備名":null,"地番":"2882-1","精度区分":null,"座標値種別":"図上測量","筆界未定構成筆":null,"代表点緯度":5402.0225,"代表点経度":13689.182826478}},{"type":"MultiPolygon","arcs":[[[-1168,1173,1174,1175]]],"properties":{"筆ID":"H000000435","version":"ver1.0","座標系":"任意座標系","測地系判別":null,"地図名":"美瑛町（２４００）・図郭座標無","地図番号":"切77-3","縮尺分母":"2400","市区町村コード":"01459","市区町村名":"上川郡美瑛町","大字コード":"000","丁目コード":"000","小字コード":"0024","予備コード":"00","大字名":null,"丁目名":null,"小字名":"字忠別","予備名":null,"地番":"2882-2","精度区分":null,"座標値種別":"図上測量","筆界未定構成筆":null,"代表点緯度":5441.441,"代表点経度":13688.732161615}},{"type":"MultiPolygon","arcs":[[[-1173,1176,-1174,-1171]]],"properties":{"筆ID":"H000000436","version":"ver1.0","座標系":"任意座標系","測地系判別":null,"地図名":"美瑛町（２４００）・図郭座標無","地図番号":"切77-3","縮尺分母":"2400","市区町村コード":"01459","市区町村名":"上川郡美瑛町","大字コード":"000","丁目コード":"000","小字コード":"0024","予備コード":"00","大字名":null,"丁目名":null,"小字名":"字忠別","予備名":null,"地番":"2882-3","精度区分":null,"座標値種別":"図上測量","筆界未定構成筆":null,"代表点緯度":5424.2165,"代表点経度":13688.929280312}},{"type":"MultiPolygon","arcs":[[[1177,1178,1179,1180]]],"properties":{"筆ID":"H000000437","version":"ver1.0","座標系":"任意座標系","測地系判別":null,"地図名":"美瑛町（２４００）・図郭座標無","地図番号":"切77-3","縮尺分母":"2400","市区町村コード":"01459","市区町村名":"上川郡美瑛町","大字コード":"000","丁目コード":"000","小字コード":"0024","予備コード":"00","大字名":null,"丁目名":null,"小字名":"字忠別","予備名":null,"地番":"2883-1","精度区分":null,"座標値種別":"図上測量","筆界未定構成筆":null,"代表点緯度":5144.3135,"代表点経度":13674.01457022}},{"type":"MultiPolygon","arcs":[[[1181,1182,1183,1184,1185]]],"properties":{"筆ID":"H000000438","version":"ver1.0","座標系":"任意座標系","測地系判別":null,"地図名":"美瑛町（２４００）・図郭座標無","地図番号":"切77-3","縮尺分母":"2400","市区町村コード":"01459","市区町村名":"上川郡美瑛町","大字コード":"000","丁目コード":"000","小字コード":"0024","予備コード":"00","大字名":null,"丁目名":null,"小字名":"字忠別","予備名":null,"地番":"2883-2","精度区分":null,"座標値種別":"図上測量","筆界未定構成筆":null,"代表点緯度":5310.675,"代表点経度":13716.461302694}},{"type":"MultiPolygon","arcs":[[[1186,-1184]]],"properties":{"筆ID":"H000000439","version":"ver1.0","座標系":"任意座標系","測地系判別":null,"地図名":"美瑛町（２４００）・図郭座標無","地図番号":"切77-3","縮尺分母":"2400","市区町村コード":"01459","市区町村名":"上川郡美瑛町","大字コード":"000","丁目コード":"000","小字コード":"0024","予備コード":"00","大字名":null,"丁目名":null,"小字名":"字忠別","予備名":null,"地番":"2883-3","精度区分":null,"座標値種別":"図上測量","筆界未定構成筆":null,"代表点緯度":5296.1155,"代表点経度":13694.903800478}},{"type":"MultiPolygon","arcs":[[[-1185,-1187,-1183,1187,-1178,1188]]],"properties":{"筆ID":"H000000440","version":"ver1.0","座標系":"任意座標系","測地系判別":null,"地図名":"美瑛町（２４００）・図郭座標無","地図番号":"切77-3","縮尺分母":"2400","市区町村コード":"01459","市区町村名":"上川郡美瑛町","大字コード":"000","丁目コード":"000","小字コード":"0024","予備コード":"00","大字名":null,"丁目名":null,"小字名":"字忠別","予備名":null,"地番":"2883-4","精度区分":null,"座標値種別":"図上測量","筆界未定構成筆":null,"代表点緯度":5254.2585,"代表点経度":13716.657557432}},{"type":"MultiPolygon","arcs":[[[1189,1190,1191,-1165,-1157,1192]]],"properties":{"筆ID":"H000000441","version":"ver1.0","座標系":"任意座標系","測地系判別":null,"地図名":"美瑛町（２４００）・図郭座標無","地図番号":"切77-3","縮尺分母":"2400","市区町村コード":"01459","市区町村名":"上川郡美瑛町","大字コード":"000","丁目コード":"000","小字コード":"0024","予備コード":"00","大字名":null,"丁目名":null,"小字名":"字忠別","予備名":null,"地番":"2884-1","精度区分":null,"座標値種別":"図上測量","筆界未定構成筆":null,"代表点緯度":5364.0335,"代表点経度":13892.599196651}},{"type":"MultiPolygon","arcs":[[[1193,1194,-1163,-1192]]],"properties":{"筆ID":"H000000442","version":"ver1.0","座標系":"任意座標系","測地系判別":null,"地図名":"美瑛町（２４００）・図郭座標無","地図番号":"切77-3","縮尺分母":"2400","市区町村コード":"01459","市区町村名":"上川郡美瑛町","大字コード":"000","丁目コード":"000","小字コード":"0024","予備コード":"00","大字名":null,"丁目名":null,"小字名":"字忠別","予備名":null,"地番":"2884-2","精度区分":null,"座標値種別":"図上測量","筆界未定構成筆":null,"代表点緯度":5323.893,"代表点経度":13893.082045419}},{"type":"MultiPolygon","arcs":[[[1195,1196,-1166,1197]]],"properties":{"筆ID":"H000000443","version":"ver1.0","座標系":"任意座標系","測地系判別":null,"地図名":"美瑛町（２４００）・図郭座標無","地図番号":"切77-3","縮尺分母":"2400","市区町村コード":"01459","市区町村名":"上川郡美瑛町","大字コード":"000","丁目コード":"000","小字コード":"0024","予備コード":"00","大字名":null,"丁目名":null,"小字名":"字忠別","予備名":null,"地番":"2884-3","精度区分":null,"座標値種別":"図上測量","筆界未定構成筆":null,"代表点緯度":5454.5635,"代表点経度":13828.551119742}},{"type":"MultiPolygon","arcs":[[[1198,1199,-1193,-1170,-1197]]],"properties":{"筆ID":"H000000444","version":"ver1.0","座標系":"任意座標系","測地系判別":null,"地図名":"美瑛町（２４００）・図郭座標無","地図番号":"切77-3","縮尺分母":"2400","市区町村コード":"01459","市区町村名":"上川郡美瑛町","大字コード":"000","丁目コード":"000","小字コード":"0024","予備コード":"00","大字名":null,"丁目名":null,"小字名":"字忠別","予備名":null,"地番":"2884-4","精度区分":null,"座標値種別":"図上測量","筆界未定構成筆":null,"代表点緯度":5426.518,"代表点経度":13828.918727933}},{"type":"MultiPolygon","arcs":[[[1200,1201,-1199,1202]]],"properties":{"筆ID":"H000000445","version":"ver1.0","座標系":"任意座標系","測地系判別":null,"地図名":"美瑛町（２４００）・図郭座標無","地図番号":"切77-3","縮尺分母":"2400","市区町村コード":"01459","市区町村名":"上川郡美瑛町","大字コード":"000","丁目コード":"000","小字コード":"0024","予備コード":"00","大字名":null,"丁目名":null,"小字名":"字忠別","予備名":null,"地番":"2885-1","精度区分":null,"座標値種別":"図上測量","筆界未定構成筆":null,"代表点緯度":5430.554,"代表点経度":13918.987010153}},{"type":"MultiPolygon","arcs":[[[1203,-1203,-1196,1204]]],"properties":{"筆ID":"H000000446","version":"ver1.0","座標系":"任意座標系","測地系判別":null,"地図名":"美瑛町（２４００）・図郭座標無","地図番号":"切77-3","縮尺分母":"2400","市区町村コード":"01459","市区町村名":"上川郡美瑛町","大字コード":"000","丁目コード":"000","小字コード":"0024","予備コード":"00","大字名":null,"丁目名":null,"小字名":"字忠別","予備名":null,"地番":"2885-2","精度区分":null,"座標値種別":"図上測量","筆界未定構成筆":null,"代表点緯度":5450.9395,"代表点経度":13918.667777088}},{"type":"MultiPolygon","arcs":[[[1205,1206,1207,-1179,-1188,1208]]],"properties":{"筆ID":"H000000447","version":"ver1.0","座標系":"任意座標系","測地系判別":null,"地図名":"美瑛町（２４００）・図郭座標無","地図番号":"切77-3","縮尺分母":"2400","市区町村コード":"01459","市区町村名":"上川郡美瑛町","大字コード":"000","丁目コード":"000","小字コード":"0024","予備コード":"00","大字名":null,"丁目名":null,"小字名":"字忠別","予備名":null,"地番":"2886-1","精度区分":null,"座標値種別":"図上測量","筆界未定構成筆":null,"代表点緯度":5268.201,"代表点経度":13893.07041586}},{"type":"MultiPolygon","arcs":[[[1209,-1209,-1182,1210]]],"properties":{"筆ID":"H000000448","version":"ver1.0","座標系":"任意座標系","測地系判別":null,"地図名":"美瑛町（２４００）・図郭座標無","地図番号":"切77-3","縮尺分母":"2400","市区町村コード":"01459","市区町村名":"上川郡美瑛町","大字コード":"000","丁目コード":"000","小字コード":"0024","予備コード":"00","大字名":null,"丁目名":null,"小字名":"字忠別","予備名":null,"地番":"2886-2","精度区分":null,"座標値種別":"図上測量","筆界未定構成筆":null,"代表点緯度":5312.3075,"代表点経度":13892.523957846}},{"type":"MultiPolygon","arcs":[[[1211,-1180,-1208]]],"properties":{"筆ID":"H000000449","version":"ver1.0","座標系":"任意座標系","測地系判別":null,"地図名":"美瑛町（２４００）・図郭座標無","地図番号":"切77-3","縮尺分母":"2400","市区町村コード":"01459","市区町村名":"上川郡美瑛町","大字コード":"000","丁目コード":"000","小字コード":"0024","予備コード":"00","大字名":null,"丁目名":null,"小字名":"字忠別","予備名":null,"地番":"2887","精度区分":null,"座標値種別":"図上測量","筆界未定構成筆":null,"代表点緯度":5198.7245,"代表点経度":13828.709472803}},{"type":"MultiPolygon","arcs":[[[1212,1213,1214,1215]]],"properties":{"筆ID":"H000000450","version":"ver1.0","座標系":"任意座標系","測地系判別":null,"地図名":"美瑛町（２４００）・図郭座標無","地図番号":"切77-3","縮尺分母":"2400","市区町村コード":"01459","市区町村名":"上川郡美瑛町","大字コード":"000","丁目コード":"000","小字コード":"0024","予備コード":"00","大字名":null,"丁目名":null,"小字名":"字忠別","予備名":null,"地番":"2888-1","精度区分":null,"座標値種別":"図上測量","筆界未定構成筆":null,"代表点緯度":5349.823,"代表点経度":14137.950338309}},{"type":"MultiPolygon","arcs":[[[1216,-1215,1217,-1194,1218,1219,1220]]],"properties":{"筆ID":"H000000451","version":"ver1.0","座標系":"任意座標系","測地系判別":null,"地図名":"美瑛町（２４００）・図郭座標無","地図番号":"切77-3","縮尺分母":"2400","市区町村コード":"01459","市区町村名":"上川郡美瑛町","大字コード":"000","丁目コード":"000","小字コード":"0024","予備コード":"00","大字名":null,"丁目名":null,"小字名":"字忠別","予備名":null,"地番":"2888-2","精度区分":null,"座標値種別":"図上測量","筆界未定構成筆":null,"代表点緯度":5325.432,"代表点経度":14073.911870942}},{"type":"MultiPolygon","arcs":[[[-1216,-1217,1221,1222]]],"properties":{"筆ID":"H000000452","version":"ver1.0","座標系":"任意座標系","測地系判別":null,"地図名":"美瑛町（２４００）・図郭座標無","地図番号":"切77-3","縮尺分母":"2400","市区町村コード":"01459","市区町村名":"上川郡美瑛町","大字コード":"000","丁目コード":"000","小字コード":"0024","予備コード":"00","大字名":null,"丁目名":null,"小字名":"字忠別","予備名":null,"地番":"2888-3","精度区分":null,"座標値種別":"図上測量","筆界未定構成筆":null,"代表点緯度":5349.5835,"代表点経度":14110.728232854}},{"type":"MultiPolygon","arcs":[[[1223,1224,-1213,-1223,1225,1226,1227]]],"properties":{"筆ID":"H000000453","version":"ver1.0","座標系":"任意座標系","測地系判別":null,"地図名":"美瑛町（２４００）・図郭座標無","地図番号":"切77-3","縮尺分母":"2400","市区町村コード":"01459","市区町村名":"上川郡美瑛町","大字コード":"000","丁目コード":"000","小字コード":"0024","予備コード":"00","大字名":null,"丁目名":null,"小字名":"字忠別","予備名":null,"地番":"2888-4","精度区分":null,"座標値種別":"図上測量","筆界未定構成筆":null,"代表点緯度":5400.641,"代表点経度":14103.246421915}},{"type":"MultiPolygon","arcs":[[[-1222,-1221,1228,-1226]]],"properties":{"筆ID":"H000000454","version":"ver1.0","座標系":"任意座標系","測地系判別":null,"地図名":"美瑛町（２４００）・図郭座標無","地図番号":"切77-3","縮尺分母":"2400","市区町村コード":"01459","市区町村名":"上川郡美瑛町","大字コード":"000","丁目コード":"000","小字コード":"0024","予備コード":"00","大字名":null,"丁目名":null,"小字名":"字忠別","予備名":null,"地番":"2888-5","精度区分":null,"座標値種別":"図上測量","筆界未定構成筆":null,"代表点緯度":5343.6815,"代表点経度":14076.079553729}},{"type":"MultiPolygon","arcs":[[[1229,1230,1231]]],"properties":{"筆ID":"H000000455","version":"ver1.0","座標系":"任意座標系","測地系判別":null,"地図名":"美瑛町（２４００）・図郭座標無","地図番号":"切77-3","縮尺分母":"2400","市区町村コード":"01459","市区町村名":"上川郡美瑛町","大字コード":"000","丁目コード":"000","小字コード":"0024","予備コード":"00","大字名":null,"丁目名":null,"小字名":"字忠別","予備名":null,"地番":"2888-6","精度区分":null,"座標値種別":"図上測量","筆界未定構成筆":null,"代表点緯度":5458.76,"代表点経度":14129.276242171}},{"type":"MultiPolygon","arcs":[[[-1228,1232,1233,-1200,-1202,1234]]],"properties":{"筆ID":"H000000456","version":"ver1.0","座標系":"任意座標系","測地系判別":null,"地図名":"美瑛町（２４００）・図郭座標無","地図番号":"切77-3","縮尺分母":"2400","市区町村コード":"01459","市区町村名":"上川郡美瑛町","大字コード":"000","丁目コード":"000","小字コード":"0024","予備コード":"00","大字名":null,"丁目名":null,"小字名":"字忠別","予備名":null,"地番":"2888-7","精度区分":null,"座標値種別":"図上測量","筆界未定構成筆":null,"代表点緯度":5411.0735,"代表点経度":14010.977603509}},{"type":"MultiPolygon","arcs":[[[-1230,1235,-1224,1236]]],"properties":{"筆ID":"H000000457","version":"ver1.0","座標系":"任意座標系","測地系判別":null,"地図名":"美瑛町（２４００）・図郭座標無","地図番号":"切77-3","縮尺分母":"2400","市区町村コード":"01459","市区町村名":"上川郡美瑛町","大字コード":"000","丁目コード":"000","小字コード":"0024","予備コード":"00","大字名":null,"丁目名":null,"小字名":"字忠別","予備名":null,"地番":"2888-8","精度区分":null,"座標値種別":"図上測量","筆界未定構成筆":null,"代表点緯度":5462.677,"代表点経度":14153.78966566}},{"type":"MultiPolygon","arcs":[[[1237,1238,-1190,-1234]]],"properties":{"筆ID":"H000000458","version":"ver1.0","座標系":"任意座標系","測地系判別":null,"地図名":"美瑛町（２４００）・図郭座標無","地図番号":"切77-3","縮尺分母":"2400","市区町村コード":"01459","市区町村名":"上川郡美瑛町","大字コード":"000","丁目コード":"000","小字コード":"0024","予備コード":"00","大字名":null,"丁目名":null,"小字名":"字忠別","予備名":null,"地番":"2888-9","精度区分":null,"座標値種別":"図上測量","筆界未定構成筆":null,"代表点緯度":5391.0015,"代表点経度":14021.736363243}},{"type":"MultiPolygon","arcs":[[[-1227,1239,-1238,-1233]]],"properties":{"筆ID":"H000000459","version":"ver1.0","座標系":"任意座標系","測地系判別":null,"地図名":"美瑛町（２４００）・図郭座標無","地図番号":"切77-3","縮尺分母":"2400","市区町村コード":"01459","市区町村名":"上川郡美瑛町","大字コード":"000","丁目コード":"000","小字コード":"0024","予備コード":"00","大字名":null,"丁目名":null,"小字名":"字忠別","予備名":null,"地番":"2888-10","精度区分":null,"座標値種別":"図上測量","筆界未定構成筆":null,"代表点緯度":5388.821,"代表点経度":14034.082421128}},{"type":"MultiPolygon","arcs":[[[1240,-1219,-1191,-1239]]],"properties":{"筆ID":"H000000460","version":"ver1.0","座標系":"任意座標系","測地系判別":null,"地図名":"美瑛町（２４００）・図郭座標無","地図番号":"切77-3","縮尺分母":"2400","市区町村コード":"01459","市区町村名":"上川郡美瑛町","大字コード":"000","丁目コード":"000","小字コード":"0024","予備コード":"00","大字名":null,"丁目名":null,"小字名":"字忠別","予備名":null,"地番":"2888-11","精度区分":null,"座標値種別":"図上測量","筆界未定構成筆":null,"代表点緯度":5343.4525,"代表点経度":14005.232973404}},{"type":"MultiPolygon","arcs":[[[-1229,-1220,-1241,-1240]]],"properties":{"筆ID":"H000000461","version":"ver1.0","座標系":"任意座標系","測地系判別":null,"地図名":"美瑛町（２４００）・図郭座標無","地図番号":"切77-3","縮尺分母":"2400","市区町村コード":"01459","市区町村名":"上川郡美瑛町","大字コード":"000","丁目コード":"000","小字コード":"0024","予備コード":"00","大字名":null,"丁目名":null,"小字名":"字忠別","予備名":null,"地番":"2888-12","精度区分":null,"座標値種別":"図上測量","筆界未定構成筆":null,"代表点緯度":5343.547,"代表点経度":14034.9151635}},{"type":"MultiPolygon","arcs":[[[-1231,-1237,-1235,-1201,-1204,1241]]],"properties":{"筆ID":"H000000462","version":"ver1.0","座標系":"任意座標系","測地系判別":null,"地図名":"美瑛町（２４００）・図郭座標無","地図番号":"切77-3","縮尺分母":"2400","市区町村コード":"01459","市区町村名":"上川郡美瑛町","大字コード":"000","丁目コード":"000","小字コード":"0024","予備コード":"00","大字名":null,"丁目名":null,"小字名":"字忠別","予備名":null,"地番":"2889","精度区分":null,"座標値種別":"図上測量","筆界未定構成筆":null,"代表点緯度":5448.3845,"代表点経度":14049.000991896}},{"type":"MultiPolygon","arcs":[[[1242,1243,1244,-1206,1245]]],"properties":{"筆ID":"H000000463","version":"ver1.0","座標系":"任意座標系","測地系判別":null,"地図名":"美瑛町（２４００）・図郭座標無","地図番号":"切77-3","縮尺分母":"2400","市区町村コード":"01459","市区町村名":"上川郡美瑛町","大字コード":"000","丁目コード":"000","小字コード":"0024","予備コード":"00","大字名":null,"丁目名":null,"小字名":"字忠別","予備名":null,"地番":"2890-1","精度区分":null,"座標値種別":"図上測量","筆界未定構成筆":null,"代表点緯度":5262.953,"代表点経度":14074.82985074}},{"type":"MultiPolygon","arcs":[[[-1246,-1210,1246]]],"properties":{"筆ID":"H000000464","version":"ver1.0","座標系":"任意座標系","測地系判別":null,"地図名":"美瑛町（２４００）・図郭座標無","地図番号":"切77-3","縮尺分母":"2400","市区町村コード":"01459","市区町村名":"上川郡美瑛町","大字コード":"000","丁目コード":"000","小字コード":"0024","予備コード":"00","大字名":null,"丁目名":null,"小字名":"字忠別","予備名":null,"地番":"2890-2","精度区分":null,"座標値種別":"図上測量","筆界未定構成筆":null,"代表点緯度":5313.993,"代表点経度":14073.904079561}},{"type":"MultiPolygon","arcs":[[[1247,-1244]]],"properties":{"筆ID":"H000000465","version":"ver1.0","座標系":"任意座標系","測地系判別":null,"地図名":"美瑛町（２４００）・図郭座標無","地図番号":"切77-3","縮尺分母":"2400","市区町村コード":"01459","市区町村名":"上川郡美瑛町","大字コード":"000","丁目コード":"000","小字コード":"0024","予備コード":"00","大字名":null,"丁目名":null,"小字名":"字忠別","予備名":null,"地番":"2891","精度区分":null,"座標値種別":"図上測量","筆界未定構成筆":null,"代表点緯度":5175.337,"代表点経度":14122.403596961}},{"type":"MultiPolygon","arcs":[[[1248]]],"properties":{"筆ID":"H000000466","version":"ver1.0","座標系":"任意座標系","測地系判別":null,"地図名":"美瑛町（２４００）・図郭座標無","地図番号":"切77-4","縮尺分母":"2400","市区町村コード":"01459","市区町村名":"上川郡美瑛町","大字コード":"000","丁目コード":"000","小字コード":"0024","予備コード":"00","大字名":null,"丁目名":null,"小字名":"字忠別","予備名":null,"地番":"2892-2","精度区分":null,"座標値種別":"図上測量","筆界未定構成筆":null,"代表点緯度":5328.599,"代表点経度":14305.630865542}},{"type":"MultiPolygon","arcs":[[[1249,1250,1251,1252,1253]]],"properties":{"筆ID":"H000000467","version":"ver1.0","座標系":"任意座標系","測地系判別":null,"地図名":"美瑛町（２４００）・図郭座標無","地図番号":"切77-4","縮尺分母":"2400","市区町村コード":"01459","市区町村名":"上川郡美瑛町","大字コード":"000","丁目コード":"000","小字コード":"0024","予備コード":"00","大字名":null,"丁目名":null,"小字名":"字忠別","予備名":null,"地番":"2894-1","精度区分":null,"座標値種別":"図上測量","筆界未定構成筆":null,"代表点緯度":5213.966,"代表点経度":14296.516500017}},{"type":"MultiPolygon","arcs":[[[1254,1255,1256,1257,1258]]],"properties":{"筆ID":"H000000468","version":"ver1.0","座標系":"任意座標系","測地系判別":null,"地図名":"美瑛町（２４００）・図郭座標無","地図番号":"切77-4","縮尺分母":"2400","市区町村コード":"01459","市区町村名":"上川郡美瑛町","大字コード":"000","丁目コード":"000","小字コード":"0024","予備コード":"00","大字名":null,"丁目名":null,"小字名":"字忠別","予備名":null,"地番":"2894-2","精度区分":null,"座標値種別":"図上測量","筆界未定構成筆":null,"代表点緯度":5315.7245,"代表点経度":14234.655456716}},{"type":"MultiPolygon","arcs":[[[1259,1260,-1258]]],"properties":{"筆ID":"H000000469","version":"ver1.0","座標系":"任意座標系","測地系判別":null,"地図名":"美瑛町（２４００）・図郭座標無","地図番号":"切77-4","縮尺分母":"2400","市区町村コード":"01459","市区町村名":"上川郡美瑛町","大字コード":"000","丁目コード":"000","小字コード":"0024","予備コード":"00","大字名":null,"丁目名":null,"小字名":"字忠別","予備名":null,"地番":"2894-3","精度区分":null,"座標値種別":"図上測量","筆界未定構成筆":null,"代表点緯度":5236.6625,"代表点経度":14206.753032727}},{"type":"MultiPolygon","arcs":[[[1261,-1254,1262,1263]]],"properties":{"筆ID":"H000000470","version":"ver1.0","座標系":"任意座標系","測地系判別":null,"地図名":"美瑛町（２４００）・図郭座標無","地図番号":"切77-4","縮尺分母":"2400","市区町村コード":"01459","市区町村名":"上川郡美瑛町","大字コード":"000","丁目コード":"000","小字コード":"0024","予備コード":"00","大字名":null,"丁目名":null,"小字名":"字忠別","予備名":null,"地番":"2894-4","精度区分":null,"座標値種別":"図上測量","筆界未定構成筆":null,"代表点緯度":5258.6425,"代表点経度":14296.00871391}},{"type":"MultiPolygon","arcs":[[[1264,1265,-1264,1266,-1256]]],"properties":{"筆ID":"H000000471","version":"ver1.0","座標系":"任意座標系","測地系判別":null,"地図名":"美瑛町（２４００）・図郭座標無","地図番号":"切77-4","縮尺分母":"2400","市区町村コード":"01459","市区町村名":"上川郡美瑛町","大字コード":"000","丁目コード":"000","小字コード":"0024","予備コード":"00","大字名":null,"丁目名":null,"小字名":"字忠別","予備名":null,"地番":"2894-5","精度区分":null,"座標値種別":"図上測量","筆界未定構成筆":null,"代表点緯度":5288.3815,"代表点経度":14295.670590147}},{"type":"MultiPolygon","arcs":[[[-1267,-1263,-1253,1267,-1260,-1257]]],"properties":{"筆ID":"H000000472","version":"ver1.0","座標系":"任意座標系","測地系判別":null,"地図名":"美瑛町（２４００）・図郭座標無","地図番号":"切77-4","縮尺分母":"2400","市区町村コード":"01459","市区町村名":"上川郡美瑛町","大字コード":"000","丁目コード":"000","小字コード":"0024","予備コード":"00","大字名":null,"丁目名":null,"小字名":"字忠別","予備名":null,"地番":"2894-6","精度区分":null,"座標値種別":"図上測量","筆界未定構成筆":null,"代表点緯度":5198.1505,"代表点経度":14243.510906413}},{"type":"MultiPolygon","arcs":[[[1268,-1251]]],"properties":{"筆ID":"H000000473","version":"ver1.0","座標系":"任意座標系","測地系判別":null,"地図名":"美瑛町（２４００）・図郭座標無","地図番号":"切77-4","縮尺分母":"2400","市区町村コード":"01459","市区町村名":"上川郡美瑛町","大字コード":"000","丁目コード":"000","小字コード":"0024","予備コード":"00","大字名":null,"丁目名":null,"小字名":"字忠別","予備名":null,"地番":"2895","精度区分":null,"座標値種別":"図上測量","筆界未定構成筆":null,"代表点緯度":5161.2495,"代表点経度":14305.807768874}},{"type":"MultiPolygon","arcs":[[[1269,1270,1271,1272]]],"properties":{"筆ID":"H000000474","version":"ver1.0","座標系":"任意座標系","測地系判別":null,"地図名":"美瑛町（２４００）・図郭座標無","地図番号":"切77-4","縮尺分母":"2400","市区町村コード":"01459","市区町村名":"上川郡美瑛町","大字コード":"000","丁目コード":"000","小字コード":"0024","予備コード":"00","大字名":null,"丁目名":null,"小字名":"字忠別","予備名":null,"地番":"2896-2","精度区分":null,"座標値種別":"図上測量","筆界未定構成筆":null,"代表点緯度":5464.6235,"代表点経度":14520.878124806}},{"type":"MultiPolygon","arcs":[[[-1265,-1255,1273]]],"properties":{"筆ID":"H000000475","version":"ver1.0","座標系":"任意座標系","測地系判別":null,"地図名":"美瑛町（２４００）・図郭座標無","地図番号":"切77-4","縮尺分母":"2400","市区町村コード":"01459","市区町村名":"上川郡美瑛町","大字コード":"000","丁目コード":"000","小字コード":"0024","予備コード":"00","大字名":null,"丁目名":null,"小字名":"字忠別","予備名":null,"地番":"2897-2","精度区分":null,"座標値種別":"図上測量","筆界未定構成筆":null,"代表点緯度":5308.3275,"代表点経度":14372.173259649}},{"type":"MultiPolygon","arcs":[[[1274,1275,1276,1277]]],"properties":{"筆ID":"H000000476","version":"ver1.0","座標系":"任意座標系","測地系判別":null,"地図名":"美瑛町（２４００）・図郭座標無","地図番号":"切77-4","縮尺分母":"2400","市区町村コード":"01459","市区町村名":"上川郡美瑛町","大字コード":"000","丁目コード":"000","小字コード":"0024","予備コード":"00","大字名":null,"丁目名":null,"小字名":"字忠別","予備名":null,"地番":"2898-1","精度区分":null,"座標値種別":"図上測量","筆界未定構成筆":null,"代表点緯度":5352.5395,"代表点経度":14637.486132603}},{"type":"MultiPolygon","arcs":[[[1278,1279,-1272,1280]]],"properties":{"筆ID":"H000000477","version":"ver1.0","座標系":"任意座標系","測地系判別":null,"地図名":"美瑛町（２４００）・図郭座標無","地図番号":"切77-4","縮尺分母":"2400","市区町村コード":"01459","市区町村名":"上川郡美瑛町","大字コード":"000","丁目コード":"000","小字コード":"0024","予備コード":"00","大字名":null,"丁目名":null,"小字名":"字忠別","予備名":null,"地番":"2898-2","精度区分":null,"座標値種別":"図上測量","筆界未定構成筆":null,"代表点緯度":5331.167,"代表点経度":14609.797526141}},{"type":"MultiPolygon","arcs":[[[-1271,1281,-1277,1282,-1281]]],"properties":{"筆ID":"H000000478","version":"ver1.0","座標系":"任意座標系","測地系判別":null,"地図名":"美瑛町（２４００）・図郭座標無","地図番号":"切77-4","縮尺分母":"2400","市区町村コード":"01459","市区町村名":"上川郡美瑛町","大字コード":"000","丁目コード":"000","小字コード":"0024","予備コード":"00","大字名":null,"丁目名":null,"小字名":"字忠別","予備名":null,"地番":"2898-5","精度区分":null,"座標値種別":"図上測量","筆界未定構成筆":null,"代表点緯度":5332.053,"代表点経度":14551.75948302}},{"type":"MultiPolygon","arcs":[[[1283,-1279,-1283,-1276]]],"properties":{"筆ID":"H000000479","version":"ver1.0","座標系":"任意座標系","測地系判別":null,"地図名":"美瑛町（２４００）・図郭座標無","地図番号":"切77-4","縮尺分母":"2400","市区町村コード":"01459","市区町村名":"上川郡美瑛町","大字コード":"000","丁目コード":"000","小字コード":"0024","予備コード":"00","大字名":null,"丁目名":null,"小字名":"字忠別","予備名":null,"地番":"2898-6","精度区分":null,"座標値種別":"図上測量","筆界未定構成筆":null,"代表点緯度":5334.894,"代表点経度":14688.825113636}},{"type":"MultiPolygon","arcs":[[[-1278,-1282,-1270,1284]]],"properties":{"筆ID":"H000000480","version":"ver1.0","座標系":"任意座標系","測地系判別":null,"地図名":"美瑛町（２４００）・図郭座標無","地図番号":"切77-4","縮尺分母":"2400","市区町村コード":"01459","市区町村名":"上川郡美瑛町","大字コード":"000","丁目コード":"000","小字コード":"0024","予備コード":"00","大字名":null,"丁目名":null,"小字名":"字忠別","予備名":null,"地番":"2898-7","精度区分":null,"座標値種別":"図上測量","筆界未定構成筆":null,"代表点緯度":5352.378,"代表点経度":14552.873695577}},{"type":"MultiPolygon","arcs":[[[1285,1286,1287,1288,1289]]],"properties":{"筆ID":"H000000481","version":"ver1.0","座標系":"任意座標系","測地系判別":null,"地図名":"美瑛町（２４００）・図郭座標無","地図番号":"切77-4","縮尺分母":"2400","市区町村コード":"01459","市区町村名":"上川郡美瑛町","大字コード":"000","丁目コード":"000","小字コード":"0024","予備コード":"00","大字名":null,"丁目名":null,"小字名":"字忠別","予備名":null,"地番":"2900-1","精度区分":null,"座標値種別":"図上測量","筆界未定構成筆":null,"代表点緯度":5259.347,"代表点経度":14554.707362637}},{"type":"MultiPolygon","arcs":[[[1290,1291]]],"properties":{"筆ID":"H000000482","version":"ver1.0","座標系":"任意座標系","測地系判別":null,"地図名":"美瑛町（２４００）・図郭座標無","地図番号":"切77-4","縮尺分母":"2400","市区町村コード":"01459","市区町村名":"上川郡美瑛町","大字コード":"000","丁目コード":"000","小字コード":"0024","予備コード":"00","大字名":null,"丁目名":null,"小字名":"字忠別","予備名":null,"地番":"2900-2","精度区分":null,"座標値種別":"図上測量","筆界未定構成筆":null,"代表点緯度":5319.486,"代表点経度":14609.795948153}},{"type":"MultiPolygon","arcs":[[[1292,1293,1294,-1290,1295,-1291]]],"properties":{"筆ID":"H000000483","version":"ver1.0","座標系":"任意座標系","測地系判別":null,"地図名":"美瑛町（２４００）・図郭座標無","地図番号":"切77-4","縮尺分母":"2400","市区町村コード":"01459","市区町村名":"上川郡美瑛町","大字コード":"000","丁目コード":"000","小字コード":"0024","予備コード":"00","大字名":null,"丁目名":null,"小字名":"字忠別","予備名":null,"地番":"2900-3","精度区分":null,"座標値種別":"図上測量","筆界未定構成筆":null,"代表点緯度":5317.719,"代表点経度":14603.89074207}},{"type":"MultiPolygon","arcs":[[[1296,-1294]]],"properties":{"筆ID":"H000000484","version":"ver1.0","座標系":"任意座標系","測地系判別":null,"地図名":"美瑛町（２４００）・図郭座標無","地図番号":"切77-4","縮尺分母":"2400","市区町村コード":"01459","市区町村名":"上川郡美瑛町","大字コード":"000","丁目コード":"000","小字コード":"0024","予備コード":"00","大字名":null,"丁目名":null,"小字名":"字忠別","予備名":null,"地番":"2900-4","精度区分":null,"座標値種別":"図上測量","筆界未定構成筆":null,"代表点緯度":5297.1505,"代表点経度":14634.252479581}},{"type":"MultiPolygon","arcs":[[[-1297,-1293,1297,-1286,-1295]]],"properties":{"筆ID":"H000000485","version":"ver1.0","座標系":"任意座標系","測地系判別":null,"地図名":"美瑛町（２４００）・図郭座標無","地図番号":"切77-4","縮尺分母":"2400","市区町村コード":"01459","市区町村名":"上川郡美瑛町","大字コード":"000","丁目コード":"000","小字コード":"0024","予備コード":"00","大字名":null,"丁目名":null,"小字名":"字忠別","予備名":null,"地番":"2900-5","精度区分":null,"座標値種別":"図上測量","筆界未定構成筆":null,"代表点緯度":5239.7265,"代表点経度":14639.849636622}},{"type":"MultiPolygon","arcs":[[[1298,-1288]]],"properties":{"筆ID":"H000000486","version":"ver1.0","座標系":"任意座標系","測地系判別":null,"地図名":"美瑛町（２４００）・図郭座標無","地図番号":"切77-4","縮尺分母":"2400","市区町村コード":"01459","市区町村名":"上川郡美瑛町","大字コード":"000","丁目コード":"000","小字コード":"0024","予備コード":"00","大字名":null,"丁目名":null,"小字名":"字忠別","予備名":null,"地番":"2901","精度区分":null,"座標値種別":"図上測量","筆界未定構成筆":null,"代表点緯度":5129.236,"代表点経度":14652.378317271}},{"type":"MultiPolygon","arcs":[[[1299,1300,1301,1302,1303,1304]]],"properties":{"筆ID":"H000000487","version":"ver1.0","座標系":"任意座標系","測地系判別":null,"地図名":"美瑛町（２４００）・図郭座標無","地図番号":"切77-4","縮尺分母":"2400","市区町村コード":"01459","市区町村名":"上川郡美瑛町","大字コード":"000","丁目コード":"000","小字コード":"0024","予備コード":"00","大字名":null,"丁目名":null,"小字名":"字忠別","予備名":null,"地番":"2902-1","精度区分":null,"座標値種別":"図上測量","筆界未定構成筆":null,"代表点緯度":5396.2335,"代表点経度":14754.298335684}},{"type":"MultiPolygon","arcs":[[[1305,1306,1307,1308]]],"properties":{"筆ID":"H000000488","version":"ver1.0","座標系":"任意座標系","測地系判別":null,"地図名":"美瑛町（２４００）・図郭座標無","地図番号":"切77-4","縮尺分母":"2400","市区町村コード":"01459","市区町村名":"上川郡美瑛町","大字コード":"000","丁目コード":"000","小字コード":"0024","予備コード":"00","大字名":null,"丁目名":null,"小字名":"字忠別","予備名":null,"地番":"2902-2","精度区分":null,"座標値種別":"図上測量","筆界未定構成筆":null,"代表点緯度":5332.703,"代表点経度":14791.157214}},{"type":"MultiPolygon","arcs":[[[1309,1310,1311]]],"properties":{"筆ID":"H000000489","version":"ver1.0","座標系":"任意座標系","測地系判別":null,"地図名":"美瑛町（２４００）・図郭座標無","地図番号":"切77-4","縮尺分母":"2400","市区町村コード":"01459","市区町村名":"上川郡美瑛町","大字コード":"000","丁目コード":"000","小字コード":"0024","予備コード":"00","大字名":null,"丁目名":null,"小字名":"字忠別","予備名":null,"地番":"2902-3","精度区分":null,"座標値種別":"図上測量","筆界未定構成筆":null,"代表点緯度":5486.753,"代表点経度":14705.802233723}},{"type":"MultiPolygon","arcs":[[[1312,-1305,1313,-1310]]],"properties":{"筆ID":"H000000490","version":"ver1.0","座標系":"任意座標系","測地系判別":null,"地図名":"美瑛町（２４００）・図郭座標無","地図番号":"切77-4","縮尺分母":"2400","市区町村コード":"01459","市区町村名":"上川郡美瑛町","大字コード":"000","丁目コード":"000","小字コード":"0024","予備コード":"00","大字名":null,"丁目名":null,"小字名":"字忠別","予備名":null,"地番":"2902-4","精度区分":null,"座標値種別":"図上測量","筆界未定構成筆":null,"代表点緯度":5476.882,"代表点経度":14715.923168009}},{"type":"MultiPolygon","arcs":[[[1314,1315,1316,1317,-1306,1318]]],"properties":{"筆ID":"H000000491","version":"ver1.0","座標系":"任意座標系","測地系判別":null,"地図名":"美瑛町（２４００）・図郭座標無","地図番号":"切77-4","縮尺分母":"2400","市区町村コード":"01459","市区町村名":"上川郡美瑛町","大字コード":"000","丁目コード":"000","小字コード":"0024","予備コード":"00","大字名":null,"丁目名":null,"小字名":"字忠別","予備名":null,"地番":"2902-5","精度区分":null,"座標値種別":"図上測量","筆界未定構成筆":null,"代表点緯度":5377.9285,"代表点経度":14844.609170339}},{"type":"MultiPolygon","arcs":[[[1319,-1316,1320,1321,1322,-1301]]],"properties":{"筆ID":"H000000492","version":"ver1.0","座標系":"任意座標系","測地系判別":null,"地図名":"美瑛町（２４００）・図郭座標無","地図番号":"切77-4","縮尺分母":"2400","市区町村コード":"01459","市区町村名":"上川郡美瑛町","大字コード":"000","丁目コード":"000","小字コード":"0024","予備コード":"00","大字名":null,"丁目名":null,"小字名":"字忠別","予備名":null,"地番":"2902-6","精度区分":null,"座標値種別":"図上測量","筆界未定構成筆":null,"代表点緯度":5397.2305,"代表点経度":14823.042431058}},{"type":"MultiPolygon","arcs":[[[-1323,1323,-1302]]],"properties":{"筆ID":"H000000493","version":"ver1.0","座標系":"任意座標系","測地系判別":null,"地図名":"美瑛町（２４００）・図郭座標無","地図番号":"切77-4","縮尺分母":"2400","市区町村コード":"01459","市区町村名":"上川郡美瑛町","大字コード":"000","丁目コード":"000","小字コード":"0024","予備コード":"00","大字名":null,"丁目名":null,"小字名":"字忠別","予備名":null,"地番":"2902-7","精度区分":null,"座標値種別":"図上測量","筆界未定構成筆":null,"代表点緯度":5396.599,"代表点経度":14809.341531134}},{"type":"MultiPolygon","arcs":[[[-1324,-1322,1324,-1319,-1309,1325,-1303]]],"properties":{"筆ID":"H000000494","version":"ver1.0","座標系":"任意座標系","測地系判別":null,"地図名":"美瑛町（２４００）・図郭座標無","地図番号":"切77-4","縮尺分母":"2400","市区町村コード":"01459","市区町村名":"上川郡美瑛町","大字コード":"000","丁目コード":"000","小字コード":"0024","予備コード":"00","大字名":null,"丁目名":null,"小字名":"字忠別","予備名":null,"地番":"2902-8","精度区分":null,"座標値種別":"図上測量","筆界未定構成筆":null,"代表点緯度":5356.0765,"代表点経度":14767.60221108}},{"type":"MultiPolygon","arcs":[[[-1321,-1315,-1325]]],"properties":{"筆ID":"H000000495","version":"ver1.0","座標系":"任意座標系","測地系判別":null,"地図名":"美瑛町（２４００）・図郭座標無","地図番号":"切77-4","縮尺分母":"2400","市区町村コード":"01459","市区町村名":"上川郡美瑛町","大字コード":"000","丁目コード":"000","小字コード":"0024","予備コード":"00","大字名":null,"丁目名":null,"小字名":"字忠別","予備名":null,"地番":"2902-9","精度区分":null,"座標値種別":"図上測量","筆界未定構成筆":null,"代表点緯度":5368.594,"代表点経度":14802.152390244}},{"type":"MultiPolygon","arcs":[[[1326,1327,1328]]],"properties":{"筆ID":"H000000496","version":"ver1.0","座標系":"任意座標系","測地系判別":null,"地図名":"美瑛町（２４００）・図郭座標無","地図番号":"切77-4","縮尺分母":"2400","市区町村コード":"01459","市区町村名":"上川郡美瑛町","大字コード":"000","丁目コード":"000","小字コード":"0024","予備コード":"00","大字名":null,"丁目名":null,"小字名":"字忠別","予備名":null,"地番":"2903","精度区分":null,"座標値種別":"図上測量","筆界未定構成筆":null,"代表点緯度":5615.05,"代表点経度":14846.696617067}},{"type":"MultiPolygon","arcs":[[[-1328,1329,1330,1331,1332,-1312,1333,1334]]],"properties":{"筆ID":"H000000497","version":"ver1.0","座標系":"任意座標系","測地系判別":null,"地図名":"美瑛町（２４００）・図郭座標無","地図番号":"切77-4","縮尺分母":"2400","市区町村コード":"01459","市区町村名":"上川郡美瑛町","大字コード":"000","丁目コード":"000","小字コード":"0024","予備コード":"00","大字名":null,"丁目名":null,"小字名":"字忠別","予備名":null,"地番":"2904-1","精度区分":null,"座標値種別":"図上測量","筆界未定構成筆":null,"代表点緯度":5527.8335,"代表点経度":14788.364631941}},{"type":"MultiPolygon","arcs":[[[1335,1336,1337,1338,-1300,1339]]],"properties":{"筆ID":"H000000498","version":"ver1.0","座標系":"任意座標系","測地系判別":null,"地図名":"美瑛町（２４００）・図郭座標無","地図番号":"切77-4","縮尺分母":"2400","市区町村コード":"01459","市区町村名":"上川郡美瑛町","大字コード":"000","丁目コード":"000","小字コード":"0024","予備コード":"00","大字名":null,"丁目名":null,"小字名":"字忠別","予備名":null,"地番":"2904-2","精度区分":null,"座標値種別":"図上測量","筆界未定構成筆":null,"代表点緯度":5441.8645,"代表点経度":14824.567030108}},{"type":"MultiPolygon","arcs":[[[1340,-1337,1341,-1331]]],"properties":{"筆ID":"H000000499","version":"ver1.0","座標系":"任意座標系","測地系判別":null,"地図名":"美瑛町（２４００）・図郭座標無","地図番号":"切77-4","縮尺分母":"2400","市区町村コード":"01459","市区町村名":"上川郡美瑛町","大字コード":"000","丁目コード":"000","小字コード":"0024","予備コード":"00","大字名":null,"丁目名":null,"小字名":"字忠別","予備名":null,"地番":"2904-3","精度区分":null,"座標値種別":"図上測量","筆界未定構成筆":null,"代表点緯度":5482.7485,"代表点経度":14825.538886583}},{"type":"MultiPolygon","arcs":[[[1342,-1340,-1313,-1333]]],"properties":{"筆ID":"H000000500","version":"ver1.0","座標系":"任意座標系","測地系判別":null,"地図名":"美瑛町（２４００）・図郭座標無","地図番号":"切77-4","縮尺分母":"2400","市区町村コード":"01459","市区町村名":"上川郡美瑛町","大字コード":"000","丁目コード":"000","小字コード":"0024","予備コード":"00","大字名":null,"丁目名":null,"小字名":"字忠別","予備名":null,"地番":"2904-4","精度区分":null,"座標値種別":"図上測量","筆界未定構成筆":null,"代表点緯度":5474.8825,"代表点経度":14740.879801514}},{"type":"MultiPolygon","arcs":[[[-1342,-1336,-1343,-1332]]],"properties":{"筆ID":"H000000501","version":"ver1.0","座標系":"任意座標系","測地系判別":null,"地図名":"美瑛町（２４００）・図郭座標無","地図番号":"切77-4","縮尺分母":"2400","市区町村コード":"01459","市区町村名":"上川郡美瑛町","大字コード":"000","丁目コード":"000","小字コード":"0024","予備コード":"00","大字名":null,"丁目名":null,"小字名":"字忠別","予備名":null,"地番":"2904-5","精度区分":null,"座標値種別":"図上測量","筆界未定構成筆":null,"代表点緯度":5480.4315,"代表点経度":14773.012261027}},{"type":"MultiPolygon","arcs":[[[1343,1344,-1317,1345]]],"properties":{"筆ID":"H000000502","version":"ver1.0","座標系":"任意座標系","測地系判別":null,"地図名":"美瑛町（２４００）・図郭座標無","地図番号":"切77-4","縮尺分母":"2400","市区町村コード":"01459","市区町村名":"上川郡美瑛町","大字コード":"000","丁目コード":"000","小字コード":"0024","予備コード":"00","大字名":null,"丁目名":null,"小字名":"字忠別","予備名":null,"地番":"2904-6","精度区分":null,"座標値種別":"図上測量","筆界未定構成筆":null,"代表点緯度":5423.02,"代表点経度":14868.163762735}},{"type":"MultiPolygon","arcs":[[[1346,1347,-1346,-1320,-1339]]],"properties":{"筆ID":"H000000503","version":"ver1.0","座標系":"任意座標系","測地系判別":null,"地図名":"美瑛町（２４００）・図郭座標無","地図番号":"切77-4","縮尺分母":"2400","市区町村コード":"01459","市区町村名":"上川郡美瑛町","大字コード":"000","丁目コード":"000","小字コード":"0024","予備コード":"00","大字名":null,"丁目名":null,"小字名":"字忠別","予備名":null,"地番":"2904-7","精度区分":null,"座標値種別":"図上測量","筆界未定構成筆":null,"代表点緯度":5447.248,"代表点経度":14864.951396871}},{"type":"MultiPolygon","arcs":[[[1348,-1344,-1348]]],"properties":{"筆ID":"H000000504","version":"ver1.0","座標系":"任意座標系","測地系判別":null,"地図名":"美瑛町（２４００）・図郭座標無","地図番号":"切77-4","縮尺分母":"2400","市区町村コード":"01459","市区町村名":"上川郡美瑛町","大字コード":"000","丁目コード":"000","小字コード":"0024","予備コード":"00","大字名":null,"丁目名":null,"小字名":"字忠別","予備名":null,"地番":"2904-8","精度区分":null,"座標値種別":"図上測量","筆界未定構成筆":null,"代表点緯度":5431.7495,"代表点経度":14874.67500531}},{"type":"MultiPolygon","arcs":[[[1349,1350]]],"properties":{"筆ID":"H000000505","version":"ver1.0","座標系":"任意座標系","測地系判別":null,"地図名":"美瑛町（２４００）・図郭座標無","地図番号":"切77-4","縮尺分母":"2400","市区町村コード":"01459","市区町村名":"上川郡美瑛町","大字コード":"000","丁目コード":"000","小字コード":"0024","予備コード":"00","大字名":null,"丁目名":null,"小字名":"字忠別","予備名":null,"地番":"2905-2","精度区分":null,"座標値種別":"図上測量","筆界未定構成筆":null,"代表点緯度":5295.579,"代表点経度":14827.920331856}},{"type":"MultiPolygon","arcs":[[[-1350,1351]]],"properties":{"筆ID":"H000000506","version":"ver1.0","座標系":"任意座標系","測地系判別":null,"地図名":"美瑛町（２４００）・図郭座標無","地図番号":"切77-4","縮尺分母":"2400","市区町村コード":"01459","市区町村名":"上川郡美瑛町","大字コード":"000","丁目コード":"000","小字コード":"0024","予備コード":"00","大字名":null,"丁目名":null,"小字名":"字忠別","予備名":null,"地番":"2905-3","精度区分":null,"座標値種別":"図上測量","筆界未定構成筆":null,"代表点緯度":5294.6115,"代表点経度":14742.016216789}},{"type":"MultiPolygon","arcs":[[[1352,1353,-1307,1354]]],"properties":{"筆ID":"H000000507","version":"ver1.0","座標系":"任意座標系","測地系判別":null,"地図名":"美瑛町（２４００）・図郭座標無","地図番号":"切66-3","縮尺分母":"2400","市区町村コード":"01459","市区町村名":"上川郡美瑛町","大字コード":"000","丁目コード":"000","小字コード":"0024","予備コード":"00","大字名":null,"丁目名":null,"小字名":"字忠別","予備名":null,"地番":"2907-2","精度区分":null,"座標値種別":"図上測量","筆界未定構成筆":null,"代表点緯度":5335.7055,"代表点経度":15010.29304543}},{"type":"MultiPolygon","arcs":[[[1355,1356,1357,-1353]]],"properties":{"筆ID":"H000000508","version":"ver1.0","座標系":"任意座標系","測地系判別":null,"地図名":"美瑛町（２４００）・図郭座標無","地図番号":"切66-3","縮尺分母":"2400","市区町村コード":"01459","市区町村名":"上川郡美瑛町","大字コード":"000","丁目コード":"000","小字コード":"0024","予備コード":"00","大字名":null,"丁目名":null,"小字名":"字忠別","予備名":null,"地番":"2914-2","精度区分":null,"座標値種別":"図上測量","筆界未定構成筆":null,"代表点緯度":5336.098,"代表点経度":15125.151689731}},{"type":"MultiPolygon","arcs":[[[1358,-1357]]],"properties":{"筆ID":"H000000509","version":"ver1.0","座標系":"任意座標系","測地系判別":null,"地図名":"美瑛町（２４００）・図郭座標無","地図番号":"切66-3","縮尺分母":"2400","市区町村コード":"01459","市区町村名":"上川郡美瑛町","大字コード":"000","丁目コード":"000","小字コード":"0024","予備コード":"00","大字名":null,"丁目名":null,"小字名":"字忠別","予備名":null,"地番":"2914-3","精度区分":null,"座標値種別":"図上測量","筆界未定構成筆":null,"代表点緯度":5336.4005,"代表点経度":15211.225087297}},{"type":"MultiPolygon","arcs":[[[1359,1360]]],"properties":{"筆ID":"H000000510","version":"ver1.0","座標系":"任意座標系","測地系判別":null,"地図名":"美瑛町（２４００）・図郭座標無","地図番号":"切66-3","縮尺分母":"2400","市区町村コード":"01459","市区町村名":"上川郡美瑛町","大字コード":"000","丁目コード":"000","小字コード":"0024","予備コード":"00","大字名":null,"丁目名":null,"小字名":"字忠別","予備名":null,"地番":"2916","精度区分":null,"座標値種別":"図上測量","筆界未定構成筆":null,"代表点緯度":5101.339,"代表点経度":15144.105511015}},{"type":"MultiPolygon","arcs":[[[1361,1362,-1361,1363,1364]]],"properties":{"筆ID":"H000000511","version":"ver1.0","座標系":"任意座標系","測地系判別":null,"地図名":"美瑛町（２４００）・図郭座標無","地図番号":"切66-3","縮尺分母":"2400","市区町村コード":"01459","市区町村名":"上川郡美瑛町","大字コード":"000","丁目コード":"000","小字コード":"0024","予備コード":"00","大字名":null,"丁目名":null,"小字名":"字忠別","予備名":null,"地番":"2917-1","精度区分":null,"座標値種別":"図上測量","筆界未定構成筆":null,"代表点緯度":5234.4,"代表点経度":15142.181108238}},{"type":"MultiPolygon","arcs":[[[1365,-1365,1366]]],"properties":{"筆ID":"H000000512","version":"ver1.0","座標系":"任意座標系","測地系判別":null,"地図名":"美瑛町（２４００）・図郭座標無","地図番号":"切66-3","縮尺分母":"2400","市区町村コード":"01459","市区町村名":"上川郡美瑛町","大字コード":"000","丁目コード":"000","小字コード":"0024","予備コード":"00","大字名":null,"丁目名":null,"小字名":"字忠別","予備名":null,"地番":"2917-2","精度区分":null,"座標値種別":"図上測量","筆界未定構成筆":null,"代表点緯度":5324.6745,"代表点経度":15132.822929149}},{"type":"MultiPolygon","arcs":[[[1367,-1362,-1366]]],"properties":{"筆ID":"H000000513","version":"ver1.0","座標系":"任意座標系","測地系判別":null,"地図名":"美瑛町（２４００）・図郭座標無","地図番号":"切66-3","縮尺分母":"2400","市区町村コード":"01459","市区町村名":"上川郡美瑛町","大字コード":"000","丁目コード":"000","小字コード":"0024","予備コード":"00","大字名":null,"丁目名":null,"小字名":"字忠別","予備名":null,"地番":"2917-3","精度区分":null,"座標値種別":"図上測量","筆界未定構成筆":null,"代表点緯度":5325.498,"代表点経度":15218.998543823}},{"type":"MultiPolygon","arcs":[[[1368,1369,-1329,-1335,1370]]],"properties":{"筆ID":"H000000514","version":"ver1.0","座標系":"任意座標系","測地系判別":null,"地図名":"美瑛町（２４００）・図郭座標無","地図番号":"切77-2","縮尺分母":"2400","市区町村コード":"01459","市区町村名":"上川郡美瑛町","大字コード":"000","丁目コード":"000","小字コード":"0024","予備コード":"00","大字名":null,"丁目名":null,"小字名":"字忠別","予備名":null,"地番":"2941-1","精度区分":null,"座標値種別":"図上測量","筆界未定構成筆":null,"代表点緯度":5663.221,"代表点経度":14840.317329562}},{"type":"MultiPolygon","arcs":[[[1371,1372,1373,-1369]]],"properties":{"筆ID":"H000000515","version":"ver1.0","座標系":"任意座標系","測地系判別":null,"地図名":"美瑛町（２４００）・図郭座標無","地図番号":"切77-2","縮尺分母":"2400","市区町村コード":"01459","市区町村名":"上川郡美瑛町","大字コード":"000","丁目コード":"000","小字コード":"0024","予備コード":"00","大字名":null,"丁目名":null,"小字名":"字忠別","予備名":null,"地番":"2941-3","精度区分":null,"座標値種別":"図上測量","筆界未定構成筆":null,"代表点緯度":5728.4,"代表点経度":15015.050776167}},{"type":"MultiPolygon","arcs":[[[1374,1375]]],"properties":{"筆ID":"H000000516","version":"ver1.0","座標系":"任意座標系","測地系判別":null,"地図名":"美瑛町（２４００）・図郭座標無","地図番号":"切66-3","縮尺分母":"2400","市区町村コード":"01459","市区町村名":"上川郡美瑛町","大字コード":"000","丁目コード":"000","小字コード":"0024","予備コード":"00","大字名":null,"丁目名":null,"小字名":"字忠別","予備名":null,"地番":"2941-4","精度区分":null,"座標値種別":"図上測量","筆界未定構成筆":null,"代表点緯度":5535.0555,"代表点経度":15357.701549692}},{"type":"MultiPolygon","arcs":[[[1376,1377,-1373]]],"properties":{"筆ID":"H000000517","version":"ver1.0","座標系":"任意座標系","測地系判別":null,"地図名":"美瑛町（２４００）・図郭座標無","地図番号":"切77-2","縮尺分母":"2400","市区町村コード":"01459","市区町村名":"上川郡美瑛町","大字コード":"000","丁目コード":"000","小字コード":"0024","予備コード":"00","大字名":null,"丁目名":null,"小字名":"字忠別","予備名":null,"地番":"2941-6","精度区分":null,"座標値種別":"図上測量","筆界未定構成筆":null,"代表点緯度":5714.2955,"代表点経度":15018.750294735}},{"type":"MultiPolygon","arcs":[[[1378,1379,1380,-1378]]],"properties":{"筆ID":"H000000518","version":"ver1.0","座標系":"任意座標系","測地系判別":null,"地図名":"美瑛町（２４００）・図郭座標無","地図番号":"切66-1","縮尺分母":"2400","市区町村コード":"01459","市区町村名":"上川郡美瑛町","大字コード":"000","丁目コード":"000","小字コード":"0024","予備コード":"00","大字名":null,"丁目名":null,"小字名":"字忠別","予備名":null,"地番":"2941-7","精度区分":null,"座標値種別":"図上測量","筆界未定構成筆":null,"代表点緯度":5713.3405,"代表点経度":15031.157272305}},{"type":"MultiPolygon","arcs":[[[1381,1382,1383,1384,-1380]]],"properties":{"筆ID":"H000000519","version":"ver1.0","座標系":"任意座標系","測地系判別":null,"地図名":"美瑛町（２４００）・図郭座標無","地図番号":"切66-3","縮尺分母":"2400","市区町村コード":"01459","市区町村名":"上川郡美瑛町","大字コード":"000","丁目コード":"000","小字コード":"0024","予備コード":"00","大字名":null,"丁目名":null,"小字名":"字忠別","予備名":null,"地番":"2941-8","精度区分":null,"座標値種別":"図上測量","筆界未定構成筆":null,"代表点緯度":5686.564,"代表点経度":15058.393665429}},{"type":"MultiPolygon","arcs":[[[-1068,-1076,-1088,-1129,1385,-1138,-1118,-1110,-1099,-1051,-1061,1386,-1034]]],"properties":{"筆ID":"H000000520","version":"ver1.0","座標系":"任意座標系","測地系判別":null,"地図名":"美瑛町（２４００）・図郭座標無","地図番号":"切77-3","縮尺分母":"2400","市区町村コード":"01459","市区町村名":"上川郡美瑛町","大字コード":"000","丁目コード":"000","小字コード":"0024","予備コード":"00","大字名":null,"丁目名":null,"小字名":"字忠別","予備名":null,"地番":"11895","精度区分":null,"座標値種別":"図上測量","筆界未定構成筆":null,"代表点緯度":5315.8765,"代表点経度":13352.925259585}},{"type":"MultiPolygon","arcs":[[[-427,1387,-438,-432,-445,-447,-442,1388,-424,1389,1390,1391]]],"properties":{"筆ID":"H000000521","version":"ver1.0","座標系":"任意座標系","測地系判別":null,"地図名":"美瑛町（２４００）・図郭座標無","地図番号":"切96-3","縮尺分母":"2400","市区町村コード":"01459","市区町村名":"上川郡美瑛町","大字コード":"000","丁目コード":"000","小字コード":"0024","予備コード":"00","大字名":null,"丁目名":null,"小字名":"字忠別","予備名":null,"地番":"11896","精度区分":null,"座標値種別":"図上測量","筆界未定構成筆":null,"代表点緯度":5562.8605,"代表点経度":10292.309111779}},{"type":"MultiPolygon","arcs":[[[1392,-458,-451,1393,-599,-608,1394,-639,-486,-467,-474,1395,-1388]]],"properties":{"筆ID":"H000000522","version":"ver1.0","座標系":"任意座標系","測地系判別":null,"地図名":"美瑛町（２４００）・図郭座標無","地図番号":"切96-4","縮尺分母":"2400","市区町村コード":"01459","市区町村名":"上川郡美瑛町","大字コード":"000","丁目コード":"000","小字コード":"0024","予備コード":"00","大字名":null,"丁目名":null,"小字名":"字忠別","予備名":null,"地番":"11897","精度区分":null,"座標値種別":"図上測量","筆界未定構成筆":null,"代表点緯度":5411.615,"代表点経度":10685.233521646}},{"type":"MultiPolygon","arcs":[[[-1395,-607,1396,-652,-694,-704,1397,-728,-722,-699,-677,-681,-668,1398]]],"properties":{"筆ID":"H000000523","version":"ver1.0","座標系":"任意座標系","測地系判別":null,"地図名":"美瑛町（２４００）・図郭座標無","地図番号":"切96-4","縮尺分母":"2400","市区町村コード":"01459","市区町村名":"上川郡美瑛町","大字コード":"000","丁目コード":"000","小字コード":"0024","予備コード":"00","大字名":null,"丁目名":null,"小字名":"字忠別","予備名":null,"地番":"11898","精度区分":null,"座標値種別":"図上測量","筆界未定構成筆":null,"代表点緯度":5316.1095,"代表点経度":11197.808925233}},{"type":"MultiPolygon","arcs":[[[1399,-808,-849,-864,1400,-883,-873,-885,1401,1402,1403,1404,-831,-841,-835,1405,-795,1406]]],"properties":{"筆ID":"H000000524","version":"ver1.0","座標系":"任意座標系","測地系判別":null,"地図名":"美瑛町（２４００）・図郭座標無","地図番号":"切87-3","縮尺分母":"2400","市区町村コード":"01459","市区町村名":"上川郡美瑛町","大字コード":"000","丁目コード":"000","小字コード":"0024","予備コード":"00","大字名":null,"丁目名":null,"小字名":"字忠別","予備名":null,"地番":"11899","精度区分":null,"座標値種別":"図上測量","筆界未定構成筆":null,"代表点緯度":5317.6545,"代表点経度":12266.328766411}},{"type":"MultiPolygon","arcs":[[[-743,-763,-788,-1407,-799,-772,1407,-753,1408,1409,-1398,1410]]],"properties":{"筆ID":"H000000525","version":"ver1.0","座標系":"任意座標系","測地系判別":null,"地図名":"美瑛町（２４００）・図郭座標無","地図番号":"切87-3","縮尺分母":"2400","市区町村コード":"01459","市区町村名":"上川郡美瑛町","大字コード":"000","丁目コード":"000","小字コード":"0024","予備コード":"00","大字名":null,"丁目名":null,"小字名":"字忠別","予備名":null,"地番":"11900","精度区分":null,"座標値種別":"図上測量","筆界未定構成筆":null,"代表点緯度":5316.9735,"代表点経度":11732.309593046}},{"type":"MultiPolygon","arcs":[[[-895,-952,-955,-993,1411,-1005,-1387,1412,-1009,-973,-961,-914,-915,-926,1413,-1401,1414]]],"properties":{"筆ID":"H000000526","version":"ver1.0","座標系":"任意座標系","測地系判別":null,"地図名":"美瑛町（２４００）・図郭座標無","地図番号":"切87-4","縮尺分母":"2400","市区町村コード":"01459","市区町村名":"上川郡美瑛町","大字コード":"000","丁目コード":"000","小字コード":"0024","予備コード":"00","大字名":null,"丁目名":null,"小字名":"字忠別","予備名":null,"地番":"11901","精度区分":null,"座標値種別":"図上測量","筆界未定構成筆":null,"代表点緯度":5316.861,"代表点経度":12809.896007654}},{"type":"MultiPolygon","arcs":[[[-462,-457,-459,-1393,-426,1415]]],"properties":{"筆ID":"H000000527","version":"ver1.0","座標系":"任意座標系","測地系判別":null,"地図名":"美瑛町（２４００）・図郭座標無","地図番号":"切96-3","縮尺分母":"2400","市区町村コード":"01459","市区町村名":"上川郡美瑛町","大字コード":"000","丁目コード":"000","小字コード":"0024","予備コード":"00","大字名":null,"丁目名":null,"小字名":"字忠別","予備名":null,"地番":"12096","精度区分":null,"座標値種別":"図上測量","筆界未定構成筆":null,"代表点緯度":5536.7015,"代表点経度":10437.450358697}},{"type":"MultiPolygon","arcs":[[[-589,-602,1416,-665,-649,-656,-655,-659,-653,-1397,-606]]],"properties":{"筆ID":"H000000528","version":"ver1.0","座標系":"任意座標系","測地系判別":null,"地図名":"美瑛町（２４００）・図郭座標無","地図番号":"切96-4","縮尺分母":"2400","市区町村コード":"01459","市区町村名":"上川郡美瑛町","大字コード":"000","丁目コード":"000","小字コード":"0024","予備コード":"00","大字名":null,"丁目名":null,"小字名":"字忠別","予備名":null,"地番":"12098","精度区分":null,"座標値種別":"図上測量","筆界未定構成筆":null,"代表点緯度":5487.2475,"代表点経度":10936.756774565}},{"type":"MultiPolygon","arcs":[[[-700,-708,-710,1417,-750,-747,-749,-744,-1411,-703,-706]]],"properties":{"筆ID":"H000000529","version":"ver1.0","座標系":"任意座標系","測地系判別":null,"地図名":"美瑛町（２４００）・図郭座標無","地図番号":"切96-4","縮尺分母":"2400","市区町村コード":"01459","市区町村名":"上川郡美瑛町","大字コード":"000","丁目コード":"000","小字コード":"0024","予備コード":"00","大字名":null,"丁目名":null,"小字名":"字忠別","予備名":null,"地番":"12100","精度区分":null,"座標値種別":"図上測量","筆界未定構成筆":null,"代表点緯度":5398.707,"代表点経度":11470.621154577}},{"type":"MultiPolygon","arcs":[[[-1400,-787,-793,1418,-820,-811,-809]]],"properties":{"筆ID":"H000000530","version":"ver1.0","座標系":"任意座標系","測地系判別":null,"地図名":"美瑛町（２４００）・図郭座標無","地図番号":"切87-3","縮尺分母":"2400","市区町村コード":"01459","市区町村名":"上川郡美瑛町","大字コード":"000","丁目コード":"000","小字コード":"0024","予備コード":"00","大字名":null,"丁目名":null,"小字名":"字忠別","予備名":null,"地番":"12102","精度区分":null,"座標値種別":"図上測量","筆界未定構成筆":null,"代表点緯度":5366.2395,"代表点経度":12003.345387029}},{"type":"MultiPolygon","arcs":[[[-906,-903,-900,-896,-1415,-863,-870,-857,1419]]],"properties":{"筆ID":"H000000531","version":"ver1.0","座標系":"任意座標系","測地系判別":null,"地図名":"美瑛町（２４００）・図郭座標無","地図番号":"切87-3","縮尺分母":"2400","市区町村コード":"01459","市区町村名":"上川郡美瑛町","大字コード":"000","丁目コード":"000","小字コード":"0024","予備コード":"00","大字名":null,"丁目名":null,"小字名":"字忠別","予備名":null,"地番":"12104","精度区分":null,"座標値種別":"図上測量","筆界未定構成筆":null,"代表点緯度":5408.686,"代表点経度":12538.470090961}},{"type":"MultiPolygon","arcs":[[[-1060,-1055,1420,-1017,-1010,-1413]]],"properties":{"筆ID":"H000000532","version":"ver1.0","座標系":"任意座標系","測地系判別":null,"地図名":"美瑛町（２４００）・図郭座標無","地図番号":"切87-4","縮尺分母":"2400","市区町村コード":"01459","市区町村名":"上川郡美瑛町","大字コード":"000","丁目コード":"000","小字コード":"0024","予備コード":"00","大字名":null,"丁目名":null,"小字名":"字忠別","予備名":null,"地番":"12105","精度区分":null,"座標値種別":"図上測量","筆界未定構成筆":null,"代表点緯度":5264.928,"代表点経度":13081.95357968}},{"type":"MultiPolygon","arcs":[[[-1003,-1006,-1412,-992,-994,-988,-997,-1046,1421]]],"properties":{"筆ID":"H000000533","version":"ver1.0","座標系":"任意座標系","測地系判別":null,"地図名":"美瑛町（２４００）・図郭座標無","地図番号":"切87-4","縮尺分母":"2400","市区町村コード":"01459","市区町村名":"上川郡美瑛町","大字コード":"000","丁目コード":"000","小字コード":"0024","予備コード":"00","大字名":null,"丁目名":null,"小字名":"字忠別","予備名":null,"地番":"12106","精度区分":null,"座標値種別":"図上測量","筆界未定構成筆":null,"代表点緯度":5385.216,"代表点経度":13045.236777233}},{"type":"MultiPolygon","arcs":[[[-1175,-1177,1422,-1133,1423]]],"properties":{"筆ID":"H000000534","version":"ver1.0","座標系":"任意座標系","測地系判別":null,"地図名":"美瑛町（２４００）・図郭座標無","地図番号":"切77-3","縮尺分母":"2400","市区町村コード":"01459","市区町村名":"上川郡美瑛町","大字コード":"000","丁目コード":"000","小字コード":"0024","予備コード":"00","大字名":null,"丁目名":null,"小字名":"字忠別","予備名":null,"地番":"12107","精度区分":null,"座標値種別":"図上測量","筆界未定構成筆":null,"代表点緯度":5425.51,"代表点経度":13624.680643713}},{"type":"MultiPolygon","arcs":[[[-1236,1424]]],"properties":{"筆ID":"H000000535","version":"ver1.0","座標系":"任意座標系","測地系判別":null,"地図名":"美瑛町（２４００）・図郭座標無","地図番号":"切77-3","縮尺分母":"2400","市区町村コード":"01459","市区町村名":"上川郡美瑛町","大字コード":"000","丁目コード":"000","小字コード":"0024","予備コード":"00","大字名":null,"丁目名":null,"小字名":"字忠別","予備名":null,"地番":"12108","精度区分":null,"座標値種別":"図上測量","筆界未定構成筆":null,"代表点緯度":5447.927,"代表点経度":14167.79309144}},{"type":"MultiPolygon","arcs":[[[1425,1426,-981,1427]]],"properties":{"筆ID":"H000000536","version":"ver1.0","座標系":"任意座標系","測地系判別":null,"地図名":"美瑛町（２４００）・図郭座標無","地図番号":"切87-4","縮尺分母":"2400","市区町村コード":"01459","市区町村名":"上川郡美瑛町","大字コード":"000","丁目コード":"000","小字コード":"0024","予備コード":"00","大字名":null,"丁目名":null,"小字名":"字忠別","予備名":null,"地番":"2858-6","精度区分":null,"座標値種別":"図上測量","筆界未定構成筆":null,"代表点緯度":5049.154,"代表点経度":12892.952388542}},{"type":"MultiPolygon","arcs":[[[-967,1428,1429,-1428,-985]]],"properties":{"筆ID":"H000000537","version":"ver1.0","座標系":"任意座標系","測地系判別":null,"地図名":"美瑛町（２４００）・図郭座標無","地図番号":"切87-4","縮尺分母":"2400","市区町村コード":"01459","市区町村名":"上川郡美瑛町","大字コード":"000","丁目コード":"000","小字コード":"0024","予備コード":"00","大字名":null,"丁目名":null,"小字名":"字忠別","予備名":null,"地番":"2858-7","精度区分":null,"座標値種別":"図上測量","筆界未定構成筆":null,"代表点緯度":5086.419,"代表点経度":12883.197763846}},{"type":"MultiPolygon","arcs":[[[1430,1431,1432]]],"properties":{"筆ID":"H000000538","version":"ver1.0","座標系":"任意座標系","測地系判別":null,"地図名":"美瑛町（２４００）・図郭座標無","地図番号":"切87-4","縮尺分母":"2400","市区町村コード":"01459","市区町村名":"上川郡美瑛町","大字コード":"000","丁目コード":"000","小字コード":"0024","予備コード":"00","大字名":null,"丁目名":null,"小字名":"字忠別","予備名":null,"地番":"2862-9","精度区分":null,"座標値種別":"図上測量","筆界未定構成筆":null,"代表点緯度":5121.1525,"代表点経度":13014.235110822}},{"type":"MultiPolygon","arcs":[[[1433,1434,1435,1436,-1432]]],"properties":{"筆ID":"H000000539","version":"ver1.0","座標系":"任意座標系","測地系判別":null,"地図名":"美瑛町（２４００）・図郭座標無","地図番号":"切87-4","縮尺分母":"2400","市区町村コード":"01459","市区町村名":"上川郡美瑛町","大字コード":"000","丁目コード":"000","小字コード":"0024","予備コード":"00","大字名":null,"丁目名":null,"小字名":"字忠別","予備名":null,"地番":"2862-8","精度区分":null,"座標値種別":"図上測量","筆界未定構成筆":null,"代表点緯度":5083.258,"代表点経度":12996.017952375}},{"type":"MultiPolygon","arcs":[[[1437,1438,1439,-1435]]],"properties":{"筆ID":"H000000540","version":"ver1.0","座標系":"任意座標系","測地系判別":null,"地図名":"美瑛町（２４００）・図郭座標無","地図番号":"切87-4","縮尺分母":"2400","市区町村コード":"01459","市区町村名":"上川郡美瑛町","大字コード":"000","丁目コード":"000","小字コード":"0024","予備コード":"00","大字名":null,"丁目名":null,"小字名":"字忠別","予備名":null,"地番":"2862-11","精度区分":null,"座標値種別":"図上測量","筆界未定構成筆":null,"代表点緯度":5053.5295,"代表点経度":12992.82668678}},{"type":"MultiPolygon","arcs":[[[1440,1441,-1434,-1431]]],"properties":{"筆ID":"H000000541","version":"ver1.0","座標系":"任意座標系","測地系判別":null,"地図名":"美瑛町（２４００）・図郭座標無","地図番号":"切87-4","縮尺分母":"2400","市区町村コード":"01459","市区町村名":"上川郡美瑛町","大字コード":"000","丁目コード":"000","小字コード":"0024","予備コード":"00","大字名":null,"丁目名":null,"小字名":"字忠別","予備名":null,"地番":"12113-1","精度区分":null,"座標値種別":"図上測量","筆界未定構成筆":null,"代表点緯度":5079.587,"代表点経度":13024.393340506}},{"type":"MultiPolygon","arcs":[[[-1442,1442,1443,-1438]]],"properties":{"筆ID":"H000000542","version":"ver1.0","座標系":"任意座標系","測地系判別":null,"地図名":"美瑛町（２４００）・図郭座標無","地図番号":"切87-4","縮尺分母":"2400","市区町村コード":"01459","市区町村名":"上川郡美瑛町","大字コード":"000","丁目コード":"000","小字コード":"0024","予備コード":"00","大字名":null,"丁目名":null,"小字名":"字忠別","予備名":null,"地番":"12113-2","精度区分":null,"座標値種別":"図上測量","筆界未定構成筆":null,"代表点緯度":5042.6735,"代表点経度":13024.148985096}},{"type":"MultiPolygon","arcs":[[[-453,-461,1444,-477,1445,1446,-449]]],"properties":{"筆ID":"H000000543","version":"ver1.0","座標系":"任意座標系","測地系判別":null,"地図名":"美瑛町（２４００）・図郭座標無","地図番号":"切96-3","縮尺分母":"2400","市区町村コード":"01459","市区町村名":"上川郡美瑛町","大字コード":"000","丁目コード":"000","小字コード":"0024","予備コード":"00","大字名":null,"丁目名":null,"小字名":"字忠別","予備名":null,"地番":"2803-1","精度区分":null,"座標値種別":"図上測量","筆界未定構成筆":null,"代表点緯度":5532.6375,"代表点経度":10572.564911862}},{"type":"MultiPolygon","arcs":[[[-623,-621,-622,-630,-594,1447,-484,1448,1449,-633,-615]]],"properties":{"筆ID":"H000000544","version":"ver1.0","座標系":"任意座標系","測地系判別":null,"地図名":"美瑛町（２４００）・図郭座標無","地図番号":"切96-3","縮尺分母":"2400","市区町村コード":"01459","市区町村名":"上川郡美瑛町","大字コード":"000","丁目コード":"000","小字コード":"0024","予備コード":"00","大字名":null,"丁目名":null,"小字名":"字忠別","予備名":null,"地番":"2811-6","精度区分":null,"座標値種別":"図上測量","筆界未定構成筆":null,"代表点緯度":5418.818,"代表点経度":10798.122829359}},{"type":"MultiPolygon","arcs":[[[-1444,1450,1451,1452,-1439]]],"properties":{"筆ID":"H000000545","version":"ver1.0","座標系":"任意座標系","測地系判別":null,"地図名":"美瑛町（２４００）・図郭座標無","地図番号":"切87-4","縮尺分母":"2400","市区町村コード":"01459","市区町村名":"上川郡美瑛町","大字コード":"000","丁目コード":"000","小字コード":"0024","予備コード":"00","大字名":null,"丁目名":null,"小字名":"字忠別","予備名":null,"地番":"2863-2","精度区分":null,"座標値種別":"図上測量","筆界未定構成筆":null,"代表点緯度":5032.7105,"代表点経度":12992.002063989}},{"type":"MultiPolygon","arcs":[[[1453,-1022,-1019,-982,1454,1455,-1452]]],"properties":{"筆ID":"H000000546","version":"ver1.0","座標系":"任意座標系","測地系判別":null,"地図名":"美瑛町（２４００）・図郭座標無","地図番号":"切87-4","縮尺分母":"2400","市区町村コード":"01459","市区町村名":"上川郡美瑛町","大字コード":"000","丁目コード":"000","小字コード":"0024","予備コード":"00","大字名":null,"丁目名":null,"小字名":"字忠別","予備名":null,"地番":"2863-1","精度区分":null,"座標値種別":"図上測量","筆界未定構成筆":null,"代表点緯度":4955.0925,"代表点経度":12990.370724738}},{"type":"MultiPolygon","arcs":[[[-1430,1456,-1426]]],"properties":{"筆ID":"H000000547","version":"ver1.0","座標系":"任意座標系","測地系判別":null,"地図名":"美瑛町（２４００）・図郭座標無","地図番号":"切87-4","縮尺分母":"2400","市区町村コード":"01459","市区町村名":"上川郡美瑛町","大字コード":"000","丁目コード":"000","小字コード":"0024","予備コード":"00","大字名":null,"丁目名":null,"小字名":"字忠別","予備名":null,"地番":"2858-8","精度区分":null,"座標値種別":"図上測量","筆界未定構成筆":null,"代表点緯度":5063.544,"代表点経度":12894.90257445}},{"type":"MultiPolygon","arcs":[[[-1436,1457,1458]]],"properties":{"筆ID":"H000000548","version":"ver1.0","座標系":"任意座標系","測地系判別":null,"地図名":"美瑛町（２４００）・図郭座標無","地図番号":"切87-4","縮尺分母":"2400","市区町村コード":"01459","市区町村名":"上川郡美瑛町","大字コード":"000","丁目コード":"000","小字コード":"0024","予備コード":"00","大字名":null,"丁目名":null,"小字名":"字忠別","予備名":null,"地番":"2862-6","精度区分":null,"座標値種別":"図上測量","筆界未定構成筆":null,"代表点緯度":5081.609,"代表点経度":12943.082825516}},{"type":"MultiPolygon","arcs":[[[-1440,-1453,-1456,1459,1460,1461,-1458]]],"properties":{"筆ID":"H000000549","version":"ver1.0","座標系":"任意座標系","測地系判別":null,"地図名":"美瑛町（２４００）・図郭座標無","地図番号":"切87-4","縮尺分母":"2400","市区町村コード":"01459","市区町村名":"上川郡美瑛町","大字コード":"000","丁目コード":"000","小字コード":"0024","予備コード":"00","大字名":null,"丁目名":null,"小字名":"字忠別","予備名":null,"地番":"2862-13","精度区分":null,"座標値種別":"図上測量","筆界未定構成筆":null,"代表点緯度":5056.96,"代表点経度":12952.915569492}},{"type":"MultiPolygon","arcs":[[[1462,-1460,-1455,-1427]]],"properties":{"筆ID":"H000000550","version":"ver1.0","座標系":"任意座標系","測地系判別":null,"地図名":"美瑛町（２４００）・図郭座標無","地図番号":"切87-4","縮尺分母":"2400","市区町村コード":"01459","市区町村名":"上川郡美瑛町","大字コード":"000","丁目コード":"000","小字コード":"0024","予備コード":"00","大字名":null,"丁目名":null,"小字名":"字忠別","予備名":null,"地番":"2862-10","精度区分":null,"座標値種別":"図上測量","筆界未定構成筆":null,"代表点緯度":5046.2835,"代表点経度":12899.490751064}},{"type":"MultiPolygon","arcs":[[[1463,-1461,-1463,-1457]]],"properties":{"筆ID":"H000000551","version":"ver1.0","座標系":"任意座標系","測地系判別":null,"地図名":"美瑛町（２４００）・図郭座標無","地図番号":"切87-4","縮尺分母":"2400","市区町村コード":"01459","市区町村名":"上川郡美瑛町","大字コード":"000","丁目コード":"000","小字コード":"0024","予備コード":"00","大字名":null,"丁目名":null,"小字名":"字忠別","予備名":null,"地番":"2862-12","精度区分":null,"座標値種別":"図上測量","筆界未定構成筆":null,"代表点緯度":5065.1355,"代表点経度":12899.527537603}},{"type":"MultiPolygon","arcs":[[[-1008,-1018,1464,-1433,-1437,-1459,-1462,-1464,-1429]]],"properties":{"筆ID":"H000000552","version":"ver1.0","座標系":"任意座標系","測地系判別":null,"地図名":"美瑛町（２４００）・図郭座標無","地図番号":"切87-4","縮尺分母":"2400","市区町村コード":"01459","市区町村名":"上川郡美瑛町","大字コード":"000","丁目コード":"000","小字コード":"0024","予備コード":"00","大字名":null,"丁目名":null,"小字名":"字忠別","予備名":null,"地番":"2862-7","精度区分":null,"座標値種別":"図上測量","筆界未定構成筆":null,"代表点緯度":5129.4265,"代表点経度":12989.806987685}},{"type":"MultiPolygon","arcs":[[[-943,-932,-946,-986,-984,-1024,1465,1466,1467,1468]]],"properties":{"筆ID":"H000000553","version":"ver1.0","座標系":"任意座標系","測地系判別":null,"地図名":"美瑛町（２４００）・図郭座標無","地図番号":"切87-4","縮尺分母":"2400","市区町村コード":"01459","市区町村名":"上川郡美瑛町","大字コード":"000","丁目コード":"000","小字コード":"0024","予備コード":"00","大字名":null,"丁目名":null,"小字名":"字忠別","予備名":null,"地番":"2854-1","精度区分":null,"座標値種別":"図上測量","筆界未定構成筆":null,"代表点緯度":4919.1265,"代表点経度":12675.681815324}},{"type":"MultiPolygon","arcs":[[[1469,1470]]],"properties":{"筆ID":"H000000554","version":"ver1.0","座標系":"任意座標系","測地系判別":null,"地図名":"美瑛町（２４００）・図郭座標無","地図番号":"切107-1","縮尺分母":"2400","市区町村コード":"01459","市区町村名":"上川郡美瑛町","大字コード":"000","丁目コード":"000","小字コード":"0004","予備コード":"00","大字名":null,"丁目名":null,"小字名":"字ウバクベツ","予備名":null,"地番":"1055-1","精度区分":null,"座標値種別":"図上測量","筆界未定構成筆":null,"代表点緯度":1623.501,"代表点経度":8430.485287373}},{"type":"MultiPolygon","arcs":[[[-1471,1471]]],"properties":{"筆ID":"H000000555","version":"ver1.0","座標系":"任意座標系","測地系判別":null,"地図名":"美瑛町（２４００）・図郭座標無","地図番号":"切107-1","縮尺分母":"2400","市区町村コード":"01459","市区町村名":"上川郡美瑛町","大字コード":"000","丁目コード":"000","小字コード":"0004","予備コード":"00","大字名":null,"丁目名":null,"小字名":"字ウバクベツ","予備名":null,"地番":"1055-2","精度区分":null,"座標値種別":"図上測量","筆界未定構成筆":null,"代表点緯度":1628.0415,"代表点経度":8395.593922354}},{"type":"MultiPolygon","arcs":[[[-476,-604,-634,-1450,1472,-1446]]],"properties":{"筆ID":"H000000556","version":"ver1.0","座標系":"任意座標系","測地系判別":null,"地図名":"美瑛町（２４００）・図郭座標無","地図番号":"切96-3","縮尺分母":"2400","市区町村コード":"01459","市区町村名":"上川郡美瑛町","大字コード":"000","丁目コード":"000","小字コード":"0024","予備コード":"00","大字名":null,"丁目名":null,"小字名":"字忠別","予備名":null,"地番":"2807-1","精度区分":null,"座標値種別":"図上測量","筆界未定構成筆":null,"代表点緯度":5507.7695,"代表点経度":10720.823399862}},{"type":"MultiPolygon","arcs":[[[1473,1474]]],"properties":{"筆ID":"H000000557","version":"ver1.0","座標系":"任意座標系","測地系判別":null,"地図名":"美瑛町（２４００）・図郭座標無","地図番号":"切87-3","縮尺分母":"2400","市区町村コード":"01459","市区町村名":"上川郡美瑛町","大字コード":"000","丁目コード":"000","小字コード":"0024","予備コード":"00","大字名":null,"丁目名":null,"小字名":"字忠別","予備名":null,"地番":"11821-4","精度区分":null,"座標値種別":"図上測量","筆界未定構成筆":null,"代表点緯度":4780.104,"代表点経度":12482.012037651}},{"type":"MultiPolygon","arcs":[[[1475,-1467,1476]]],"properties":{"筆ID":"H000000558","version":"ver1.0","座標系":"任意座標系","測地系判別":null,"地図名":"美瑛町（２４００）・図郭座標無","地図番号":"切87-3","縮尺分母":"2400","市区町村コード":"01459","市区町村名":"上川郡美瑛町","大字コード":"000","丁目コード":"000","小字コード":"0024","予備コード":"00","大字名":null,"丁目名":null,"小字名":"字忠別","予備名":null,"地番":"11821-3","精度区分":null,"座標値種別":"図上測量","筆界未定構成筆":null,"代表点緯度":4920.232,"代表点経度":12533.624545756}},{"type":"MultiPolygon","arcs":[[[1477,-1469,1478]]],"properties":{"筆ID":"H000000559","version":"ver1.0","座標系":"任意座標系","測地系判別":null,"地図名":"美瑛町（２４００）・図郭座標無","地図番号":"切87-4","縮尺分母":"2400","市区町村コード":"01459","市区町村名":"上川郡美瑛町","大字コード":"000","丁目コード":"000","小字コード":"0024","予備コード":"00","大字名":null,"丁目名":null,"小字名":"字忠別","予備名":null,"地番":"11821-2","精度区分":null,"座標値種別":"図上測量","筆界未定構成筆":null,"代表点緯度":4987.3065,"代表点経度":12554.913294768}},{"type":"MultiPolygon","arcs":[[[-1479,-1468,-1476,1479,-1474,1480,1481]]],"properties":{"筆ID":"H000000560","version":"ver1.0","座標系":"任意座標系","測地系判別":null,"地図名":"美瑛町（２４００）・図郭座標無","地図番号":"切87-4","縮尺分母":"2400","市区町村コード":"01459","市区町村名":"上川郡美瑛町","大字コード":"000","丁目コード":"000","小字コード":"0024","予備コード":"00","大字名":null,"丁目名":null,"小字名":"字忠別","予備名":null,"地番":"11821-1","精度区分":null,"座標値種別":"図上測量","筆界未定構成筆":null,"代表点緯度":4920.232,"代表点経度":12525.730535379}},{"type":"MultiPolygon","arcs":[[[1482,-1058]]],"properties":{"筆ID":"H000000561","version":"ver1.0","座標系":"任意座標系","測地系判別":null,"地図名":"美瑛町（２４００）・図郭座標無","地図番号":"切87-4","縮尺分母":"2400","市区町村コード":"01459","市区町村名":"上川郡美瑛町","大字コード":"000","丁目コード":"000","小字コード":"0024","予備コード":"00","大字名":null,"丁目名":null,"小字名":"字忠別","予備名":null,"地番":"11837","精度区分":null,"座標値種別":"図上測量","筆界未定構成筆":null,"代表点緯度":5161.65,"代表点経度":13089.69671245}},{"type":"MultiPolygon","arcs":[[[-1473,-1449,-483,1483,-1447]]],"properties":{"筆ID":"H000000562","version":"ver1.0","座標系":"任意座標系","測地系判別":null,"地図名":"美瑛町（２４００）・図郭座標無","地図番号":"切96-3","縮尺分母":"2400","市区町村コード":"01459","市区町村名":"上川郡美瑛町","大字コード":"000","丁目コード":"000","小字コード":"0024","予備コード":"00","大字名":null,"丁目名":null,"小字名":"字忠別","予備名":null,"地番":"2807-5","精度区分":null,"座標値種別":"図上測量","筆界未定構成筆":null,"代表点緯度":5434.845,"代表点経度":10715.25654642}},{"type":"MultiPolygon","arcs":[[[-1484,-482,-1448,-600,-1394,-450]]],"properties":{"筆ID":"H000000563","version":"ver1.0","座標系":"任意座標系","測地系判別":null,"地図名":"美瑛町（２４００）・図郭座標無","地図番号":"切96-3","縮尺分母":"2400","市区町村コード":"01459","市区町村名":"上川郡美瑛町","大字コード":"000","丁目コード":"000","小字コード":"0024","予備コード":"00","大字名":null,"丁目名":null,"小字名":"字忠別","予備名":null,"地番":"2807-2","精度区分":null,"座標値種別":"図上測量","筆界未定構成筆":null,"代表点緯度":5420.791,"代表点経度":10676.527741007}},{"type":"MultiPolygon","arcs":[[[1484,1485,1486,1487]]],"properties":{"筆ID":"H000000564","version":"ver1.0","座標系":"任意座標系","測地系判別":null,"地図名":"美瑛町（２４００）・図郭座標無","地図番号":"切109-3","縮尺分母":"2400","市区町村コード":"01459","市区町村名":"上川郡美瑛町","大字コード":"000","丁目コード":"000","小字コード":"0009","予備コード":"00","大字名":null,"丁目名":null,"小字名":"字オキキニウシ原野","予備名":null,"地番":"966-13","精度区分":null,"座標値種別":"図上測量","筆界未定構成筆":null,"代表点緯度":-3438.4635,"代表点経度":8483.401499959}},{"type":"MultiPolygon","arcs":[[[-1487,1488,1489,1490]]],"properties":{"筆ID":"H000000565","version":"ver1.0","座標系":"任意座標系","測地系判別":null,"地図名":"美瑛町（２４００）・図郭座標無","地図番号":"切109-3","縮尺分母":"2400","市区町村コード":"01459","市区町村名":"上川郡美瑛町","大字コード":"000","丁目コード":"000","小字コード":"0009","予備コード":"00","大字名":null,"丁目名":null,"小字名":"字オキキニウシ原野","予備名":null,"地番":"966-6","精度区分":null,"座標値種別":"図上測量","筆界未定構成筆":null,"代表点緯度":-3449.2455,"代表点経度":8473.188397432}},{"type":"MultiPolygon","arcs":[[[1491,1492,1493]]],"properties":{"筆ID":"H000000566","version":"ver1.0","座標系":"任意座標系","測地系判別":null,"地図名":"美瑛町（２４００）・図郭座標無","地図番号":"切109-3","縮尺分母":"2400","市区町村コード":"01459","市区町村名":"上川郡美瑛町","大字コード":"000","丁目コード":"000","小字コード":"0009","予備コード":"00","大字名":null,"丁目名":null,"小字名":"字オキキニウシ原野","予備名":null,"地番":"966-7","精度区分":null,"座標値種別":"図上測量","筆界未定構成筆":null,"代表点緯度":-3424.7825,"代表点経度":8498.258839624}},{"type":"MultiPolygon","arcs":[[[1494,1495,-1493]]],"properties":{"筆ID":"H000000567","version":"ver1.0","座標系":"任意座標系","測地系判別":null,"地図名":"美瑛町（２４００）・図郭座標無","地図番号":"切109-3","縮尺分母":"2400","市区町村コード":"01459","市区町村名":"上川郡美瑛町","大字コード":"000","丁目コード":"000","小字コード":"0009","予備コード":"00","大字名":null,"丁目名":null,"小字名":"字オキキニウシ原野","予備名":null,"地番":"966-14","精度区分":null,"座標値種別":"図上測量","筆界未定構成筆":null,"代表点緯度":-3424.7825,"代表点経度":8491.995155615}},{"type":"MultiPolygon","arcs":[[[1496,1497,1498]]],"properties":{"筆ID":"H000000568","version":"ver1.0","座標系":"任意座標系","測地系判別":null,"地図名":"美瑛町（２４００）・図郭座標無","地図番号":"切109-3","縮尺分母":"2400","市区町村コード":"01459","市区町村名":"上川郡美瑛町","大字コード":"000","丁目コード":"000","小字コード":"0009","予備コード":"00","大字名":null,"丁目名":null,"小字名":"字オキキニウシ原野","予備名":null,"地番":"966-8","精度区分":null,"座標値種別":"図上測量","筆界未定構成筆":null,"代表点緯度":-3480.2445,"代表点経度":8527.607435015}},{"type":"MultiPolygon","arcs":[[[1499,1500,1501,-1498]]],"properties":{"筆ID":"H000000569","version":"ver1.0","座標系":"任意座標系","測地系判別":null,"地図名":"美瑛町（２４００）・図郭座標無","地図番号":"切109-3","縮尺分母":"2400","市区町村コード":"01459","市区町村名":"上川郡美瑛町","大字コード":"000","丁目コード":"000","小字コード":"0009","予備コード":"00","大字名":null,"丁目名":null,"小字名":"字オキキニウシ原野","予備名":null,"地番":"966-15","精度区分":null,"座標値種別":"図上測量","筆界未定構成筆":null,"代表点緯度":-3516.008,"代表点経度":8542.963189169}},{"type":"MultiPolygon","arcs":[[[-98,-1488,1502,1503]]],"properties":{"筆ID":"H000000570","version":"ver1.0","座標系":"任意座標系","測地系判別":null,"地図名":"美瑛町（２４００）・図郭座標無","地図番号":"切109-1","縮尺分母":"2400","市区町村コード":"01459","市区町村名":"上川郡美瑛町","大字コード":"000","丁目コード":"000","小字コード":"0009","予備コード":"00","大字名":null,"丁目名":null,"小字名":"字オキキニウシ原野","予備名":null,"地番":"966-17","精度区分":null,"座標値種別":"図上測量","筆界未定構成筆":null,"代表点緯度":-3382.244,"代表点経度":8452.325763585}},{"type":"MultiPolygon","arcs":[[[-1491,1504,-1503]]],"properties":{"筆ID":"H000000571","version":"ver1.0","座標系":"任意座標系","測地系判別":null,"地図名":"美瑛町（２４００）・図郭座標無","地図番号":"切109-3","縮尺分母":"2400","市区町村コード":"01459","市区町村名":"上川郡美瑛町","大字コード":"000","丁目コード":"000","小字コード":"0009","予備コード":"00","大字名":null,"丁目名":null,"小字名":"字オキキニウシ原野","予備名":null,"地番":"966-1","精度区分":null,"座標値種別":"図上測量","筆界未定構成筆":null,"代表点緯度":-3400.523,"代表点経度":8442.22911556}},{"type":"MultiPolygon","arcs":[[[-1489,-1486,1505,1506,1507]]],"properties":{"筆ID":"H000000572","version":"ver1.0","座標系":"任意座標系","測地系判別":null,"地図名":"美瑛町（２４００）・図郭座標無","地図番号":"切109-3","縮尺分母":"2400","市区町村コード":"01459","市区町村名":"上川郡美瑛町","大字コード":"000","丁目コード":"000","小字コード":"0009","予備コード":"00","大字名":null,"丁目名":null,"小字名":"字オキキニウシ原野","予備名":null,"地番":"筆界未定地-1","精度区分":null,"座標値種別":"図上測量","筆界未定構成筆":null,"代表点緯度":-3558.6585,"代表点経度":8535.179457357}},{"type":"MultiPolygon","arcs":[[[-1496,1508,-1501,1509,1510,-1506,-1485,-97]]],"properties":{"筆ID":"H000000573","version":"ver1.0","座標系":"任意座標系","測地系判別":null,"地図名":"美瑛町（２４００）・図郭座標無","地図番号":"切109-3","縮尺分母":"2400","市区町村コード":"01459","市区町村名":"上川郡美瑛町","大字コード":"000","丁目コード":"000","小字コード":"0009","予備コード":"00","大字名":null,"丁目名":null,"小字名":"字オキキニウシ原野","予備名":null,"地番":"966-10","精度区分":null,"座標値種別":"図上測量","筆界未定構成筆":null,"代表点緯度":-3501.5825,"代表点経度":8527.405890034}},{"type":"MultiPolygon","arcs":[[[1511,-1499,1512,-1492]]],"properties":{"筆ID":"H000000574","version":"ver1.0","座標系":"任意座標系","測地系判別":null,"地図名":"美瑛町（２４００）・図郭座標無","地図番号":"切109-3","縮尺分母":"2400","市区町村コード":"01459","市区町村名":"上川郡美瑛町","大字コード":"000","丁目コード":"000","小字コード":"0009","予備コード":"00","大字名":null,"丁目名":null,"小字名":"字オキキニウシ原野","予備名":null,"地番":"966-9","精度区分":null,"座標値種別":"図上測量","筆界未定構成筆":null,"代表点緯度":-3465.9625,"代表点経度":8520.088363711}},{"type":"MultiPolygon","arcs":[[[-1513,-1502,-1509,-1495]]],"properties":{"筆ID":"H000000575","version":"ver1.0","座標系":"任意座標系","測地系判別":null,"地図名":"美瑛町（２４００）・図郭座標無","地図番号":"切109-3","縮尺分母":"2400","市区町村コード":"01459","市区町村名":"上川郡美瑛町","大字コード":"000","丁目コード":"000","小字コード":"0009","予備コード":"00","大字名":null,"丁目名":null,"小字名":"字オキキニウシ原野","予備名":null,"地番":"966-24","精度区分":null,"座標値種別":"図上測量","筆界未定構成筆":null,"代表点緯度":-3467.3925,"代表点経度":8516.916644789}},{"type":"MultiPolygon","arcs":[[[1513,-1507,-1511]]],"properties":{"筆ID":"H000000576","version":"ver1.0","座標系":"任意座標系","測地系判別":null,"地図名":"美瑛町（２４００）・図郭座標無","地図番号":"切109-3","縮尺分母":"2400","市区町村コード":"01459","市区町村名":"上川郡美瑛町","大字コード":"000","丁目コード":"000","小字コード":"0009","予備コード":"00","大字名":null,"丁目名":null,"小字名":"字オキキニウシ原野","予備名":null,"地番":"966-16","精度区分":null,"座標値種別":"図上測量","筆界未定構成筆":null,"代表点緯度":-3561.7325,"代表点経度":8555.489315661}},{"type":"MultiPolygon","arcs":[[[-1390,-425,-1389,-444,-436,1514,1515,1516]]],"properties":{"筆ID":"H000000577","version":"ver1.0","座標系":"任意座標系","測地系判別":null,"地図名":"美瑛町（２４００）・図郭座標無","地図番号":"切96-3","縮尺分母":"2400","市区町村コード":"01459","市区町村名":"上川郡美瑛町","大字コード":"000","丁目コード":"000","小字コード":"0024","予備コード":"00","大字名":null,"丁目名":null,"小字名":"字忠別","予備名":null,"地番":"2799-1","精度区分":null,"座標値種別":"図上測量","筆界未定構成筆":null,"代表点緯度":5468.5805,"代表点経度":10182.485516818}},{"type":"MultiPolygon","arcs":[[[-435,1517,1518,-1515]]],"properties":{"筆ID":"H000000578","version":"ver1.0","座標系":"任意座標系","測地系判別":null,"地図名":"美瑛町（２４００）・図郭座標無","地図番号":"切96-3","縮尺分母":"2400","市区町村コード":"01459","市区町村名":"上川郡美瑛町","大字コード":"000","丁目コード":"000","小字コード":"0024","予備コード":"00","大字名":null,"丁目名":null,"小字名":"字忠別","予備名":null,"地番":"2801-5","精度区分":null,"座標値種別":"図上測量","筆界未定構成筆":null,"代表点緯度":5444.064,"代表点経度":10234.646554129}},{"type":"MultiPolygon","arcs":[[[-1391,-1517,1519,1520]]],"properties":{"筆ID":"H000000579","version":"ver1.0","座標系":"任意座標系","測地系判別":null,"地図名":"美瑛町（２４００）・図郭座標無","地図番号":"切96-3","縮尺分母":"2400","市区町村コード":"01459","市区町村名":"上川郡美瑛町","大字コード":"000","丁目コード":"000","小字コード":"0024","予備コード":"00","大字名":null,"丁目名":null,"小字名":"字忠別","予備名":null,"地番":"2799-3","精度区分":null,"座標値種別":"図上測量","筆界未定構成筆":null,"代表点緯度":5540.8485,"代表点経度":10104.314486828}},{"type":"MultiPolygon","arcs":[[[1521,1522,1523,-439,-1396]]],"properties":{"筆ID":"H000000580","version":"ver1.0","座標系":"任意座標系","測地系判別":null,"地図名":"美瑛町（２４００）・図郭座標無","地図番号":"切96-3","縮尺分母":"2400","市区町村コード":"01459","市区町村名":"上川郡美瑛町","大字コード":"000","丁目コード":"000","小字コード":"0024","予備コード":"00","大字名":null,"丁目名":null,"小字名":"字忠別","予備名":null,"地番":"12095","精度区分":null,"座標値種別":"図上測量","筆界未定構成筆":null,"代表点緯度":5395.2,"代表点経度":10382.849973275}},{"type":"MultiPolygon","arcs":[[[-473,-471,-475,-468,-464,-508,-506,-503,-500,1524,1525,-1522]]],"properties":{"筆ID":"H000000581","version":"ver1.0","座標系":"任意座標系","測地系判別":null,"地図名":"美瑛町（２４００）・図郭座標無","地図番号":"切96-3","縮尺分母":"2400","市区町村コード":"01459","市区町村名":"上川郡美瑛町","大字コード":"000","丁目コード":"000","小字コード":"0024","予備コード":"00","大字名":null,"丁目名":null,"小字名":"字忠別","予備名":null,"地番":"2805-1","精度区分":null,"座標値種別":"図上測量","筆界未定構成筆":null,"代表点緯度":5391.6025,"代表点経度":10538.535067969}},{"type":"MultiPolygon","arcs":[[[-440,-1524,1526,1527]]],"properties":{"筆ID":"H000000582","version":"ver1.0","座標系":"任意座標系","測地系判別":null,"地図名":"美瑛町（２４００）・図郭座標無","地図番号":"切96-3","縮尺分母":"2400","市区町村コード":"01459","市区町村名":"上川郡美瑛町","大字コード":"000","丁目コード":"000","小字コード":"0024","予備コード":"00","大字名":null,"丁目名":null,"小字名":"字忠別","予備名":null,"地番":"2802","精度区分":null,"座標値種別":"図上測量","筆界未定構成筆":null,"代表点緯度":5413.2505,"代表点経度":10363.876086377}},{"type":"MultiPolygon","arcs":[[[-434,-441,-1528,1528,-1518]]],"properties":{"筆ID":"H000000583","version":"ver1.0","座標系":"任意座標系","測地系判別":null,"地図名":"美瑛町（２４００）・図郭座標無","地図番号":"切96-3","縮尺分母":"2400","市区町村コード":"01459","市区町村名":"上川郡美瑛町","大字コード":"000","丁目コード":"000","小字コード":"0024","予備コード":"00","大字名":null,"丁目名":null,"小字名":"字忠別","予備名":null,"地番":"2801-4","精度区分":null,"座標値種別":"図上測量","筆界未定構成筆":null,"代表点緯度":5442.199,"代表点経度":10281.37492135}},{"type":"MultiPolygon","arcs":[[[-588,1529,1530,1531,1532,-1525,-499,-542]]],"properties":{"筆ID":"H000000584","version":"ver1.0","座標系":"任意座標系","測地系判別":null,"地図名":"美瑛町（２４００）・図郭座標無","地図番号":"切96-3","縮尺分母":"2400","市区町村コード":"01459","市区町村名":"上川郡美瑛町","大字コード":"000","丁目コード":"000","小字コード":"0024","予備コード":"00","大字名":null,"丁目名":null,"小字名":"字忠別","予備名":null,"地番":"2809-1","精度区分":null,"座標値種別":"図上測量","筆界未定構成筆":null,"代表点緯度":5294.729,"代表点経度":10558.835870583}},{"type":"MultiPolygon","arcs":[[[-1531,1533,1534,1535]]],"properties":{"筆ID":"H000000585","version":"ver1.0","座標系":"任意座標系","測地系判別":null,"地図名":"美瑛町（２４００）・図郭座標無","地図番号":"切96-3","縮尺分母":"2400","市区町村コード":"01459","市区町村名":"上川郡美瑛町","大字コード":"000","丁目コード":"000","小字コード":"0024","予備コード":"00","大字名":null,"丁目名":null,"小字名":"字忠別","予備名":null,"地番":"2815","精度区分":null,"座標値種別":"図上測量","筆界未定構成筆":null,"代表点緯度":5268.545,"代表点経度":10749.722361467}},{"type":"MultiPolygon","arcs":[[[1536,-642,-645,1537,1538]]],"properties":{"筆ID":"H000000586","version":"ver1.0","座標系":"任意座標系","測地系判別":null,"地図名":"美瑛町（２４００）・図郭座標無","地図番号":"切96-3","縮尺分母":"2400","市区町村コード":"01459","市区町村名":"上川郡美瑛町","大字コード":"000","丁目コード":"000","小字コード":"0024","予備コード":"00","大字名":null,"丁目名":null,"小字名":"字忠別","予備名":null,"地番":"2813-5","精度区分":null,"座標値種別":"図上測量","筆界未定構成筆":null,"代表点緯度":5261.311,"代表点経度":10800.90857715}},{"type":"MultiPolygon","arcs":[[[-1537,1539,-1534,-1530,-587,-643]]],"properties":{"筆ID":"H000000587","version":"ver1.0","座標系":"任意座標系","測地系判別":null,"地図名":"美瑛町（２４００）・図郭座標無","地図番号":"切96-3","縮尺分母":"2400","市区町村コード":"01459","市区町村名":"上川郡美瑛町","大字コード":"000","丁目コード":"000","小字コード":"0024","予備コード":"00","大字名":null,"丁目名":null,"小字名":"字忠別","予備名":null,"地番":"2813-4","精度区分":null,"座標値種別":"図上測量","筆界未定構成筆":null,"代表点緯度":5259.0625,"代表点経度":10771.377238467}},{"type":"MultiPolygon","arcs":[[[-1536,1540,-1532]]],"properties":{"筆ID":"H000000588","version":"ver1.0","座標系":"任意座標系","測地系判別":null,"地図名":"美瑛町（２４００）・図郭座標無","地図番号":"切96-3","縮尺分母":"2400","市区町村コード":"01459","市区町村名":"上川郡美瑛町","大字コード":"000","丁目コード":"000","小字コード":"0024","予備コード":"00","大字名":null,"丁目名":null,"小字名":"字忠別","予備名":null,"地番":"2810","精度区分":null,"座標値種別":"図上測量","筆界未定構成筆":null,"代表点緯度":5283.1125,"代表点経度":10718.847868493}},{"type":"MultiPolygon","arcs":[[[-672,1541,1542,1543,-637,-1399]]],"properties":{"筆ID":"H000000589","version":"ver1.0","座標系":"任意座標系","測地系判別":null,"地図名":"美瑛町（２４００）・図郭座標無","地図番号":"切96-4","縮尺分母":"2400","市区町村コード":"01459","市区町村名":"上川郡美瑛町","大字コード":"000","丁目コード":"000","小字コード":"0024","予備コード":"00","大字名":null,"丁目名":null,"小字名":"字忠別","予備名":null,"地番":"12097","精度区分":null,"座標値種別":"図上測量","筆界未定構成筆":null,"代表点緯度":5186.319,"代表点経度":10934.738251722}},{"type":"MultiPolygon","arcs":[[[-671,1544,1545,-1542]]],"properties":{"筆ID":"H000000590","version":"ver1.0","座標系":"任意座標系","測地系判別":null,"地図名":"美瑛町（２４００）・図郭座標無","地図番号":"切96-4","縮尺分母":"2400","市区町村コード":"01459","市区町村名":"上川郡美瑛町","大字コード":"000","丁目コード":"000","小字コード":"0024","予備コード":"00","大字名":null,"丁目名":null,"小字名":"字忠別","予備名":null,"地番":"2819","精度区分":null,"座標値種別":"図上測量","筆界未定構成筆":null,"代表点緯度":5201.9315,"代表点経度":10957.631660466}},{"type":"MultiPolygon","arcs":[[[-670,1546,1547,-1545]]],"properties":{"筆ID":"H000000591","version":"ver1.0","座標系":"任意座標系","測地系判別":null,"地図名":"美瑛町（２４００）・図郭座標無","地図番号":"切96-4","縮尺分母":"2400","市区町村コード":"01459","市区町村名":"上川郡美瑛町","大字コード":"000","丁目コード":"000","小字コード":"0024","予備コード":"00","大字名":null,"丁目名":null,"小字名":"字忠別","予備名":null,"地番":"2817-1","精度区分":null,"座標値種別":"図上測量","筆界未定構成筆":null,"代表点緯度":5211.1795,"代表点経度":11013.394670405}},{"type":"MultiPolygon","arcs":[[[1548,1549,1550]]],"properties":{"筆ID":"H000000592","version":"ver1.0","座標系":"任意座標系","測地系判別":null,"地図名":"美瑛町（２４００）・図郭座標無","地図番号":"切96-3","縮尺分母":"2400","市区町村コード":"01459","市区町村名":"上川郡美瑛町","大字コード":"000","丁目コード":"000","小字コード":"0024","予備コード":"00","大字名":null,"丁目名":null,"小字名":"字忠別","予備名":null,"地番":"2814-2","精度区分":null,"座標値種別":"図上測量","筆界未定構成筆":null,"代表点緯度":5199.2645,"代表点経度":10840.808131549}},{"type":"MultiPolygon","arcs":[[[-638,-1544,1551,-1549]]],"properties":{"筆ID":"H000000593","version":"ver1.0","座標系":"任意座標系","測地系判別":null,"地図名":"美瑛町（２４００）・図郭座標無","地図番号":"切96-4","縮尺分母":"2400","市区町村コード":"01459","市区町村名":"上川郡美瑛町","大字コード":"000","丁目コード":"000","小字コード":"0024","予備コード":"00","大字名":null,"丁目名":null,"小字名":"字忠別","予備名":null,"地番":"2814-1","精度区分":null,"座標値種別":"図上測量","筆界未定構成筆":null,"代表点緯度":5164.766,"代表点経度":10908.690000022}},{"type":"MultiPolygon","arcs":[[[-644,-640,-635,-1551,1552,-1538]]],"properties":{"筆ID":"H000000594","version":"ver1.0","座標系":"任意座標系","測地系判別":null,"地図名":"美瑛町（２４００）・図郭座標無","地図番号":"切96-4","縮尺分母":"2400","市区町村コード":"01459","市区町村名":"上川郡美瑛町","大字コード":"000","丁目コード":"000","小字コード":"0024","予備コード":"00","大字名":null,"丁目名":null,"小字名":"字忠別","予備名":null,"地番":"2813-6","精度区分":null,"座標値種別":"図上測量","筆界未定構成筆":null,"代表点緯度":5262.8755,"代表点経度":10857.683922006}},{"type":"MultiPolygon","arcs":[[[-697,-721,-715,-730,1553,1554,1555,-674,-678,-698,-695]]],"properties":{"筆ID":"H000000595","version":"ver1.0","座標系":"任意座標系","測地系判別":null,"地図名":"美瑛町（２４００）・図郭座標無","地図番号":"切96-4","縮尺分母":"2400","市区町村コード":"01459","市区町村名":"上川郡美瑛町","大字コード":"000","丁目コード":"000","小字コード":"0024","予備コード":"00","大字名":null,"丁目名":null,"小字名":"字忠別","予備名":null,"地番":"2822","精度区分":null,"座標値種別":"図上測量","筆界未定構成筆":null,"代表点緯度":5168.7945,"代表点経度":11203.538675708}},{"type":"MultiPolygon","arcs":[[[-675,-1556,1556,-1547,-682]]],"properties":{"筆ID":"H000000596","version":"ver1.0","座標系":"任意座標系","測地系判別":null,"地図名":"美瑛町（２４００）・図郭座標無","地図番号":"切96-4","縮尺分母":"2400","市区町村コード":"01459","市区町村名":"上川郡美瑛町","大字コード":"000","丁目コード":"000","小字コード":"0024","予備コード":"00","大字名":null,"丁目名":null,"小字名":"字忠別","予備名":null,"地番":"2818-2","精度区分":null,"座標値種別":"図上測量","筆界未定構成筆":null,"代表点緯度":5206.0265,"代表点経度":11082.535706843}},{"type":"MultiPolygon","arcs":[[[-713,-732,1557,1558,-1554,-729]]],"properties":{"筆ID":"H000000597","version":"ver1.0","座標系":"任意座標系","測地系判別":null,"地図名":"美瑛町（２４００）・図郭座標無","地図番号":"切96-4","縮尺分母":"2400","市区町村コード":"01459","市区町村名":"上川郡美瑛町","大字コード":"000","丁目コード":"000","小字コード":"0024","予備コード":"00","大字名":null,"丁目名":null,"小字名":"字忠別","予備名":null,"地番":"2825-1","精度区分":null,"座標値種別":"図上測量","筆界未定構成筆":null,"代表点緯度":5166.3745,"代表点経度":11435.284817074}},{"type":"MultiPolygon","arcs":[[[1559,1560,1561]]],"properties":{"筆ID":"H000000598","version":"ver1.0","座標系":"任意座標系","測地系判別":null,"地図名":"美瑛町（２４００）・図郭座標無","地図番号":"切96-4","縮尺分母":"2400","市区町村コード":"01459","市区町村名":"上川郡美瑛町","大字コード":"000","丁目コード":"000","小字コード":"0024","予備コード":"00","大字名":null,"丁目名":null,"小字名":"字忠別","予備名":null,"地番":"2829","精度区分":null,"座標値種別":"図上測量","筆界未定構成筆":null,"代表点緯度":5127.547,"代表点経度":11596.123727521}},{"type":"MultiPolygon","arcs":[[[-1409,-755,1562,-756,-1563,-754,-1408,-771,1563,-775,1564,1565,-1562,1566,1567,1568]]],"properties":{"筆ID":"H000000599","version":"ver1.0","座標系":"任意座標系","測地系判別":null,"地図名":"美瑛町（２４００）・図郭座標無","地図番号":"切96-4","縮尺分母":"2400","市区町村コード":"01459","市区町村名":"上川郡美瑛町","大字コード":"000","丁目コード":"000","小字コード":"0024","予備コード":"00","大字名":null,"丁目名":null,"小字名":"字忠別","予備名":null,"地番":"2827-1","精度区分":null,"座標値種別":"図上測量","筆界未定構成筆":null,"代表点緯度":5189.023,"代表点経度":11575.118769749}},{"type":"MultiPolygon","arcs":[[[-1569,1569,1570,-1558,-731,-726,-1410]]],"properties":{"筆ID":"H000000600","version":"ver1.0","座標系":"任意座標系","測地系判別":null,"地図名":"美瑛町（２４００）・図郭座標無","地図番号":"切96-4","縮尺分母":"2400","市区町村コード":"01459","市区町村名":"上川郡美瑛町","大字コード":"000","丁目コード":"000","小字コード":"0024","予備コード":"00","大字名":null,"丁目名":null,"小字名":"字忠別","予備名":null,"地番":"12099","精度区分":null,"座標値種別":"図上測量","筆界未定構成筆":null,"代表点緯度":5217.8595,"代表点経度":11471.668271589}},{"type":"MultiPolygon","arcs":[[[-1568,1571,-1570]]],"properties":{"筆ID":"H000000601","version":"ver1.0","座標系":"任意座標系","測地系判別":null,"地図名":"美瑛町（２４００）・図郭座標無","地図番号":"切96-4","縮尺分母":"2400","市区町村コード":"01459","市区町村名":"上川郡美瑛町","大字コード":"000","丁目コード":"000","小字コード":"0024","予備コード":"00","大字名":null,"丁目名":null,"小字名":"字忠別","予備名":null,"地番":"2828","精度区分":null,"座標値種別":"図上測量","筆界未定構成筆":null,"代表点緯度":5169.82,"代表点経度":11490.350647779}},{"type":"MultiPolygon","arcs":[[[1572,-1560,-1566,1573]]],"properties":{"筆ID":"H000000602","version":"ver1.0","座標系":"任意座標系","測地系判別":null,"地図名":"美瑛町（２４００）・図郭座標無","地図番号":"切87-3","縮尺分母":"2400","市区町村コード":"01459","市区町村名":"上川郡美瑛町","大字コード":"000","丁目コード":"000","小字コード":"0024","予備コード":"00","大字名":null,"丁目名":null,"小字名":"字忠別","予備名":null,"地番":"2832","精度区分":null,"座標値種別":"図上測量","筆界未定構成筆":null,"代表点緯度":5135.589,"代表点経度":11665.792565232}},{"type":"MultiPolygon","arcs":[[[1574,1575,1576,-778]]],"properties":{"筆ID":"H000000603","version":"ver1.0","座標系":"任意座標系","測地系判別":null,"地図名":"美瑛町（２４００）・図郭座標無","地図番号":"切87-3","縮尺分母":"2400","市区町村コード":"01459","市区町村名":"上川郡美瑛町","大字コード":"000","丁目コード":"000","小字コード":"0024","予備コード":"00","大字名":null,"丁目名":null,"小字名":"字忠別","予備名":null,"地番":"2833-2","精度区分":null,"座標値種別":"図上測量","筆界未定構成筆":null,"代表点緯度":5137.237,"代表点経度":11797.163694688}},{"type":"MultiPolygon","arcs":[[[-1577,1577,-1574,-1565,-776,-1564,-770,-773,-768,1578,1579,-780,1580,-779]]],"properties":{"筆ID":"H000000604","version":"ver1.0","座標系":"任意座標系","測地系判別":null,"地図名":"美瑛町（２４００）・図郭座標無","地図番号":"切87-3","縮尺分母":"2400","市区町村コード":"01459","市区町村名":"上川郡美瑛町","大字コード":"000","丁目コード":"000","小字コード":"0024","予備コード":"00","大字名":null,"丁目名":null,"小字名":"字忠別","予備名":null,"地番":"2831-1","精度区分":null,"座標値種別":"図上測量","筆界未定構成筆":null,"代表点緯度":5198.3735,"代表点経度":11726.669239935}},{"type":"MultiPolygon","arcs":[[[-800,-796,1581,1582,1583,-1579,-798]]],"properties":{"筆ID":"H000000605","version":"ver1.0","座標系":"任意座標系","測地系判別":null,"地図名":"美瑛町（２４００）・図郭座標無","地図番号":"切87-3","縮尺分母":"2400","市区町村コード":"01459","市区町村名":"上川郡美瑛町","大字コード":"000","丁目コード":"000","小字コード":"0024","予備コード":"00","大字名":null,"丁目名":null,"小字名":"字忠別","予備名":null,"地番":"2835-1","精度区分":null,"座標値種別":"図上測量","筆界未定構成筆":null,"代表点緯度":5168.078,"代表点経度":11937.187127803}},{"type":"MultiPolygon","arcs":[[[1584,1585,-1582,-1406,-834]]],"properties":{"筆ID":"H000000606","version":"ver1.0","座標系":"任意座標系","測地系判別":null,"地図名":"美瑛町（２４００）・図郭座標無","地図番号":"切87-3","縮尺分母":"2400","市区町村コード":"01459","市区町村名":"上川郡美瑛町","大字コード":"000","丁目コード":"000","小字コード":"0024","予備コード":"00","大字名":null,"丁目名":null,"小字名":"字忠別","予備名":null,"地番":"12101","精度区分":null,"座標値種別":"図上測量","筆界未定構成筆":null,"代表点緯度":5175.5555,"代表点経度":12004.541399903}},{"type":"MultiPolygon","arcs":[[[1586,-1575,-777,-1580,-1584]]],"properties":{"筆ID":"H000000607","version":"ver1.0","座標系":"任意座標系","測地系判別":null,"地図名":"美瑛町（２４００）・図郭座標無","地図番号":"切87-3","縮尺分母":"2400","市区町村コード":"01459","市区町村名":"上川郡美瑛町","大字コード":"000","丁目コード":"000","小字コード":"0024","予備コード":"00","大字名":null,"丁目名":null,"小字名":"字忠別","予備名":null,"地番":"2836","精度区分":null,"座標値種別":"図上測量","筆界未定構成筆":null,"代表点緯度":5183.3775,"代表点経度":11851.260323022}},{"type":"MultiPolygon","arcs":[[[-839,-823,-838,-828,-837,1587,1588,-1585,-833]]],"properties":{"筆ID":"H000000608","version":"ver1.0","座標系":"任意座標系","測地系判別":null,"地図名":"美瑛町（２４００）・図郭座標無","地図番号":"切87-3","縮尺分母":"2400","市区町村コード":"01459","市区町村名":"上川郡美瑛町","大字コード":"000","丁目コード":"000","小字コード":"0024","予備コード":"00","大字名":null,"丁目名":null,"小字名":"字忠別","予備名":null,"地番":"2839-6","精度区分":null,"座標値種別":"図上測量","筆界未定構成筆":null,"代表点緯度":5179.7255,"代表点経度":12094.183966397}},{"type":"MultiPolygon","arcs":[[[1589,1590,-1588,-836,-826,-1405]]],"properties":{"筆ID":"H000000609","version":"ver1.0","座標系":"任意座標系","測地系判別":null,"地図名":"美瑛町（２４００）・図郭座標無","地図番号":"切87-3","縮尺分母":"2400","市区町村コード":"01459","市区町村名":"上川郡美瑛町","大字コード":"000","丁目コード":"000","小字コード":"0024","予備コード":"00","大字名":null,"丁目名":null,"小字名":"字忠別","予備名":null,"地番":"2843-1","精度区分":null,"座標値種別":"図上測量","筆界未定構成筆":null,"代表点緯度":5210.2545,"代表点経度":12242.076793442}},{"type":"MultiPolygon","arcs":[[[1591,1592,1593,-880]]],"properties":{"筆ID":"H000000610","version":"ver1.0","座標系":"任意座標系","測地系判別":null,"地図名":"美瑛町（２４００）・図郭座標無","地図番号":"切87-3","縮尺分母":"2400","市区町村コード":"01459","市区町村名":"上川郡美瑛町","大字コード":"000","丁目コード":"000","小字コード":"0024","予備コード":"00","大字名":null,"丁目名":null,"小字名":"字忠別","予備名":null,"地番":"2847","精度区分":null,"座標値種別":"図上測量","筆界未定構成筆":null,"代表点緯度":5175.433,"代表点経度":12447.978879278}},{"type":"MultiPolygon","arcs":[[[1594,1595,1596,-1403]]],"properties":{"筆ID":"H000000611","version":"ver1.0","座標系":"任意座標系","測地系判別":null,"地図名":"美瑛町（２４００）・図郭座標無","地図番号":"切87-3","縮尺分母":"2400","市区町村コード":"01459","市区町村名":"上川郡美瑛町","大字コード":"000","丁目コード":"000","小字コード":"0024","予備コード":"00","大字名":null,"丁目名":null,"小字名":"字忠別","予備名":null,"地番":"2843-3","精度区分":null,"座標値種別":"図上測量","筆界未定構成筆":null,"代表点緯度":5217.7185,"代表点経度":12312.756545125}},{"type":"MultiPolygon","arcs":[[[-884,-877,-881,-1594,1597,-1595,-1402]]],"properties":{"筆ID":"H000000612","version":"ver1.0","座標系":"任意座標系","測地系判別":null,"地図名":"美瑛町（２４００）・図郭座標無","地図番号":"切87-3","縮尺分母":"2400","市区町村コード":"01459","市区町村名":"上川郡美瑛町","大字コード":"000","丁目コード":"000","小字コード":"0024","予備コード":"00","大字名":null,"丁目名":null,"小字名":"字忠別","予備名":null,"地番":"2843-2","精度区分":null,"座標値種別":"図上測量","筆界未定構成筆":null,"代表点緯度":5180.1105,"代表点経度":12339.1810416}},{"type":"MultiPolygon","arcs":[[[-1597,1598,-1590,-1404]]],"properties":{"筆ID":"H000000613","version":"ver1.0","座標系":"任意座標系","測地系判別":null,"地図名":"美瑛町（２４００）・図郭座標無","地図番号":"切87-3","縮尺分母":"2400","市区町村コード":"01459","市区町村名":"上川郡美瑛町","大字コード":"000","丁目コード":"000","小字コード":"0024","予備コード":"00","大字名":null,"丁目名":null,"小字名":"字忠別","予備名":null,"地番":"2843-4","精度区分":null,"座標値種別":"図上測量","筆界未定構成筆":null,"代表点緯度":5218.045,"代表点経度":12306.9054115}},{"type":"MultiPolygon","arcs":[[[-925,-922,-940,1599,1600,-1592,-879,-875,-882,-1414]]],"properties":{"筆ID":"H000000614","version":"ver1.0","座標系":"任意座標系","測地系判別":null,"地図名":"美瑛町（２４００）・図郭座標無","地図番号":"切87-4","縮尺分母":"2400","市区町村コード":"01459","市区町村名":"上川郡美瑛町","大字コード":"000","丁目コード":"000","小字コード":"0024","予備コード":"00","大字名":null,"丁目名":null,"小字名":"字忠別","予備名":null,"地番":"12103","精度区分":null,"座標値種別":"図上測量","筆界未定構成筆":null,"代表点緯度":5152.551,"代表点経度":12539.743254141}},{"type":"MultiPolygon","arcs":[[[1601,1602,1603,1604,1605,1606,1607,1608,1609,1610,1611,1612,1613,1614,1615,1616,1617,1618,1619,1620,-1520,-1516,-1519,-1529,-1527,-1523,-1526,-1533,-1541,-1535,-1540,-1539,-1553,-1550,-1552,-1543,-1546,-1548,-1557,-1555,-1559,-1571,-1572,-1567,-1561,-1573,-1578,-1576,-1587,-1583,-1586,-1589,-1591,-1599,-1596,-1598,-1593,-1601]]],"properties":{"筆ID":"H000000615","version":"ver1.0","座標系":"任意座標系","測地系判別":null,"地図名":"美瑛町（２４００）・図郭座標無","地図番号":"切87-4","縮尺分母":"2400","市区町村コード":"01459","市区町村名":"上川郡美瑛町","大字コード":"000","丁目コード":"000","小字コード":"0024","予備コード":"00","大字名":null,"丁目名":null,"小字名":"字忠別","予備名":null,"地番":"12037","精度区分":null,"座標値種別":"図上測量","筆界未定構成筆":null,"代表点緯度":5256.3595,"代表点経度":10481.1122996}},{"type":"MultiPolygon","arcs":[[[1621,-1619]]],"properties":{"筆ID":"H000000616","version":"ver1.0","座標系":"任意座標系","測地系判別":null,"地図名":"美瑛町（２４００）・図郭座標無","地図番号":"切96-3","縮尺分母":"2400","市区町村コード":"01459","市区町村名":"上川郡美瑛町","大字コード":"000","丁目コード":"000","小字コード":"0024","予備コード":"00","大字名":null,"丁目名":null,"小字名":"字忠別","予備名":null,"地番":"11934","精度区分":null,"座標値種別":"図上測量","筆界未定構成筆":null,"代表点緯度":5329.442,"代表点経度":10137.509360909}},{"type":"MultiPolygon","arcs":[[[1622,-1608]]],"properties":{"筆ID":"H000000617","version":"ver1.0","座標系":"任意座標系","測地系判別":null,"地図名":"美瑛町（２４００）・図郭座標無","地図番号":"切96-4","縮尺分母":"2400","市区町村コード":"01459","市区町村名":"上川郡美瑛町","大字コード":"000","丁目コード":"000","小字コード":"0024","予備コード":"00","大字名":null,"丁目名":null,"小字名":"字忠別","予備名":null,"地番":"11935","精度区分":null,"座標値種別":"図上測量","筆界未定構成筆":null,"代表点緯度":5099.6265,"代表点経度":11040.23244098}},{"type":"MultiPolygon","arcs":[[[1623,-1604]]],"properties":{"筆ID":"H000000618","version":"ver1.0","座標系":"任意座標系","測地系判別":null,"地図名":"美瑛町（２４００）・図郭座標無","地図番号":"切87-3","縮尺分母":"2400","市区町村コード":"01459","市区町村名":"上川郡美瑛町","大字コード":"000","丁目コード":"000","小字コード":"0024","予備コード":"00","大字名":null,"丁目名":null,"小字名":"字忠別","予備名":null,"地番":"11936","精度区分":null,"座標値種別":"図上測量","筆界未定構成筆":null,"代表点緯度":5068.171,"代表点経度":12138.054574115}},{"type":"MultiPolygon","arcs":[[[1624,-1613]]],"properties":{"筆ID":"H000000619","version":"ver1.0","座標系":"任意座標系","測地系判別":null,"地図名":"美瑛町（２４００）・図郭座標無","地図番号":"切96-3","縮尺分母":"2400","市区町村コード":"01459","市区町村名":"上川郡美瑛町","大字コード":"000","丁目コード":"000","小字コード":"0024","予備コード":"00","大字名":null,"丁目名":null,"小字名":"字忠別","予備名":null,"地番":"11955","精度区分":null,"座標値種別":"図上測量","筆界未定構成筆":null,"代表点緯度":5161.8255,"代表点経度":10626.549916083}},{"type":"MultiPolygon","arcs":[[[1625,-1620,-1622,-1618]]],"properties":{"筆ID":"H000000620","version":"ver1.0","座標系":"任意座標系","測地系判別":null,"地図名":"美瑛町（２４００）・図郭座標無","地図番号":"切96-3","縮尺分母":"2400","市区町村コード":"01459","市区町村名":"上川郡美瑛町","大字コード":"000","丁目コード":"000","小字コード":"0024","予備コード":"00","大字名":null,"丁目名":null,"小字名":"字忠別","予備名":null,"地番":"11833","精度区分":null,"座標値種別":"図上測量","筆界未定構成筆":null,"代表点緯度":5337.371,"代表点経度":10034.108593024}},{"type":"MultiPolygon","arcs":[[[1626,-1616]]],"properties":{"筆ID":"H000000621","version":"ver1.0","座標系":"任意座標系","測地系判別":null,"地図名":"美瑛町（２４００）・図郭座標無","地図番号":"切96-3","縮尺分母":"2400","市区町村コード":"01459","市区町村名":"上川郡美瑛町","大字コード":"000","丁目コード":"000","小字コード":"0024","予備コード":"00","大字名":null,"丁目名":null,"小字名":"字忠別","予備名":null,"地番":"11834","精度区分":null,"座標値種別":"図上測量","筆界未定構成筆":null,"代表点緯度":5230.566,"代表点経度":10386.968040562}},{"type":"MultiPolygon","arcs":[[[-1614,-1625,-1612,1627]]],"properties":{"筆ID":"H000000622","version":"ver1.0","座標系":"任意座標系","測地系判別":null,"地図名":"美瑛町（２４００）・図郭座標無","地図番号":"切96-3","縮尺分母":"2400","市区町村コード":"01459","市区町村名":"上川郡美瑛町","大字コード":"000","丁目コード":"000","小字コード":"0024","予備コード":"00","大字名":null,"丁目名":null,"小字名":"字忠別","予備名":null,"地番":"11835","精度区分":null,"座標値種別":"図上測量","筆界未定構成筆":null,"代表点緯度":5122.378,"代表点経度":10654.682042045}},{"type":"MultiPolygon","arcs":[[[1628,1629,-1610]]],"properties":{"筆ID":"H000000623","version":"ver1.0","座標系":"任意座標系","測地系判別":null,"地図名":"美瑛町（２４００）・図郭座標無","地図番号":"切96-3","縮尺分母":"2400","市区町村コード":"01459","市区町村名":"上川郡美瑛町","大字コード":"000","丁目コード":"000","小字コード":"0024","予備コード":"00","大字名":null,"丁目名":null,"小字名":"字忠別","予備名":null,"地番":"11836","精度区分":null,"座標値種別":"図上測量","筆界未定構成筆":null,"代表点緯度":5085.1795,"代表点経度":10771.340843546}},{"type":"MultiPolygon","arcs":[[[-1600,1630,1631,-1602]]],"properties":{"筆ID":"H000000624","version":"ver1.0","座標系":"任意座標系","測地系判別":null,"地図名":"美瑛町（２４００）・図郭座標無","地図番号":"切87-4","縮尺分母":"2400","市区町村コード":"01459","市区町村名":"上川郡美瑛町","大字コード":"000","丁目コード":"000","小字コード":"0024","予備コード":"00","大字名":null,"丁目名":null,"小字名":"字忠別","予備名":null,"地番":"11841","精度区分":null,"座標値種別":"図上測量","筆界未定構成筆":null,"代表点緯度":5071.935,"代表点経度":12524.175069188}},{"type":"MultiPolygon","arcs":[[[-1629,-1609,-1623,-1607,1632,1633]]],"properties":{"筆ID":"H000000625","version":"ver1.0","座標系":"任意座標系","測地系判別":null,"地図名":"美瑛町（２４００）・図郭座標無","地図番号":"切96-4","縮尺分母":"2400","市区町村コード":"01459","市区町村名":"上川郡美瑛町","大字コード":"000","丁目コード":"000","小字コード":"0024","予備コード":"00","大字名":null,"丁目名":null,"小字名":"字忠別","予備名":null,"地番":"11842","精度区分":null,"座標値種別":"図上測量","筆界未定構成筆":null,"代表点緯度":5037.17,"代表点経度":11333.930715913}},{"type":"MultiPolygon","arcs":[[[1634,1635,-1633,-1606]]],"properties":{"筆ID":"H000000626","version":"ver1.0","座標系":"任意座標系","測地系判別":null,"地図名":"美瑛町（２４００）・図郭座標無","地図番号":"切87-3","縮尺分母":"2400","市区町村コード":"01459","市区町村名":"上川郡美瑛町","大字コード":"000","丁目コード":"000","小字コード":"0024","予備コード":"00","大字名":null,"丁目名":null,"小字名":"字忠別","予備名":null,"地番":"11748","精度区分":null,"座標値種別":"図上測量","筆界未定構成筆":null,"代表点緯度":5018.2025,"代表点経度":11791.8262756}},{"type":"MultiPolygon","arcs":[[[1636,1637,1638,-1635,-1605,-1624,-1603,-1632]]],"properties":{"筆ID":"H000000627","version":"ver1.0","座標系":"任意座標系","測地系判別":null,"地図名":"美瑛町（２４００）・図郭座標無","地図番号":"切87-4","縮尺分母":"2400","市区町村コード":"01459","市区町村名":"上川郡美瑛町","大字コード":"000","丁目コード":"000","小字コード":"0024","予備コード":"00","大字名":null,"丁目名":null,"小字名":"字忠別","予備名":null,"地番":"11635","精度区分":null,"座標値種別":"図上測量","筆界未定構成筆":null,"代表点緯度":5038.6155,"代表点経度":12434.673473669}},{"type":"MultiPolygon","arcs":[[[-1021]]],"properties":{"筆ID":"H000000628","version":"ver1.0","座標系":"任意座標系","測地系判別":null,"地図名":"美瑛町（２４００）・図郭座標無","地図番号":"切87-4","縮尺分母":"2400","市区町村コード":"01459","市区町村名":"上川郡美瑛町","大字コード":"000","丁目コード":"000","小字コード":"0024","予備コード":"00","大字名":null,"丁目名":null,"小字名":"字忠別","予備名":null,"地番":"2864","精度区分":null,"座標値種別":"図上測量","筆界未定構成筆":null,"代表点緯度":4906.8275,"代表点経度":12880.418924497}},{"type":"MultiPolygon","arcs":[[[-1451,-1443,1639]]],"properties":{"筆ID":"H000000629","version":"ver1.0","座標系":"任意座標系","測地系判別":null,"地図名":"美瑛町（２４００）・図郭座標無","地図番号":"切87-4","縮尺分母":"2400","市区町村コード":"01459","市区町村名":"上川郡美瑛町","大字コード":"000","丁目コード":"000","小字コード":"0024","予備コード":"00","大字名":null,"丁目名":null,"小字名":"字忠別","予備名":null,"地番":"2942","精度区分":null,"座標値種別":"図上測量","筆界未定構成筆":null,"代表点緯度":4539.8475,"代表点経度":13179.630214073}},{"type":"MultiPolygon","arcs":[[[1640,1641,-1383,1642]]],"properties":{"筆ID":"H000000630","version":"ver1.0","座標系":"任意座標系","測地系判別":null,"地図名":"美瑛町（２４００）・図郭座標無","地図番号":"切66-3","縮尺分母":"2400","市区町村コード":"01459","市区町村名":"上川郡美瑛町","大字コード":"000","丁目コード":"000","小字コード":"0024","予備コード":"00","大字名":null,"丁目名":null,"小字名":"字忠別","予備名":null,"地番":"2941-2","精度区分":null,"座標値種別":"図上測量","筆界未定構成筆":null,"代表点緯度":5690.2265,"代表点経度":15160.203691671}},{"type":"MultiPolygon","arcs":[[[1643,1644,-1641]]],"properties":{"筆ID":"H000000631","version":"ver1.0","座標系":"任意座標系","測地系判別":null,"地図名":"美瑛町（２４００）・図郭座標無","地図番号":"切66-3","縮尺分母":"2400","市区町村コード":"01459","市区町村名":"上川郡美瑛町","大字コード":"000","丁目コード":"000","小字コード":"0024","予備コード":"00","大字名":null,"丁目名":null,"小字名":"字忠別","予備名":null,"地番":"2941-9","精度区分":null,"座標値種別":"図上測量","筆界未定構成筆":null,"代表点緯度":5597.49,"代表点経度":15275.01001381}},{"type":"MultiPolygon","arcs":[[[-1642,-1645,1645,-1376,1646,-1384]]],"properties":{"筆ID":"H000000632","version":"ver1.0","座標系":"任意座標系","測地系判別":null,"地図名":"美瑛町（２４００）・図郭座標無","地図番号":"切66-3","縮尺分母":"2400","市区町村コード":"01459","市区町村名":"上川郡美瑛町","大字コード":"000","丁目コード":"000","小字コード":"0024","予備コード":"00","大字名":null,"丁目名":null,"小字名":"字忠別","予備名":null,"地番":"2941-5","精度区分":null,"座標値種別":"図上測量","筆界未定構成筆":null,"代表点緯度":5587.749,"代表点経度":15270.308104561}}]}},"arcs":[[[69154,866089],[-1129,-14515]],[[68025,851574],[-7944,1579]],[[60081,853153],[-1466,586],[-1864,1148]],[[56751,854887],[304,3462],[12099,7740]],[[60081,853153],[-3425,681],[95,1053]],[[79376,848220],[-548,-8311]],[[78828,839909],[-345,-51],[-3182,399],[-1544,3097],[-13718,8538],[19337,-3672]],[[66765,843541],[4779,-3750],[-4966,753]],[[66578,840544],[187,2997]],[[69154,866089],[11323,-2110]],[[80477,863979],[-1017,-14583]],[[79460,849396],[-11435,2178]],[[79376,848220],[11618,-2247]],[[90994,845973],[-619,-8418]],[[90375,837555],[-212,63],[-5792,2893],[-5543,-602]],[[80477,863979],[11190,-3217],[420,-36]],[[92087,860726],[-994,-13583]],[[91093,847143],[-11633,2253]],[[90994,845973],[11132,-2248]],[[102126,843725],[-753,-9455]],[[101373,834270],[-151,74],[-10847,3211]],[[92087,860726],[11293,-960]],[[103380,859766],[-1182,-14878]],[[102198,844888],[-11105,2255]],[[102126,843725],[11426,-2253]],[[113552,841472],[-998,-12664]],[[112554,828808],[-11181,5462]],[[103380,859766],[736,-136],[10587,-2130]],[[114703,857500],[-1067,-14928]],[[113636,842572],[-11438,2316]],[[113552,841472],[11233,-2217]],[[124785,839255],[-1304,-20515]],[[123481,818740],[-4114,7736],[-6813,2332]],[[114703,857500],[61,844],[3746,-785],[1335,-1091],[1252,-1024]],[[121097,855444],[1334,-1370],[3298,-2545]],[[125729,851529],[-830,-11198]],[[124899,840331],[-11263,2241]],[[125738,851649],[-9,-120]],[[121097,855444],[3514,-2873],[986,-806],[141,-116]],[[124785,839255],[11673,-2328],[168,-207]],[[136626,836720],[-1430,-18794]],[[135196,817926],[-347,-4151]],[[134849,813775],[-945,-11330]],[[133904,802445],[-4775,2907],[-5648,13388]],[[125729,851529],[1566,-1253],[1879,-1647],[2037,-2035],[702,-974]],[[131913,845620],[4234,-7568]],[[136147,838052],[-11248,2279]],[[125838,855289],[3153,-4978],[-3331,2379],[178,2599]],[[136333,840617],[-186,-2565]],[[131913,845620],[1159,-1606],[2563,-3054],[632,-268],[66,-75]],[[125738,851649],[1653,-1353]],[[127391,850296],[656,-537],[2056,-1919]],[[130103,847840],[866,-809],[298,-343],[139,-161]],[[131406,846527],[507,-907]],[[136348,840824],[-15,-207]],[[131406,846527],[4942,-5703]],[[136626,836720],[4842,-5964]],[[141468,830756],[-4358,-8914]],[[137110,821842],[-1914,-3916]],[[134849,813775],[14478,-25604],[-4416,-7749]],[[144911,780422],[-1217,-507],[-3181,4322],[-2267,7728],[-4425,9494],[83,986]],[[137110,821842],[17965,-36933]],[[155075,784909],[-10164,-4487]],[[161457,794062],[-2813,-13099]],[[158644,780963],[-2409,3177],[-394,-783],[-766,1552]],[[141468,830756],[23468,-29122],[-3479,-7572]],[[161457,794062],[462,-17412],[-3275,4313]],[[146270,828959],[2320,-2636],[4009,-3802],[5721,-6370],[1128,-1523],[1281,-2304],[603,-1325],[2751,-6935]],[[164083,804064],[-22673,27468]],[[141410,831532],[4860,-2573]],[[142358,833649],[1129,-1306],[1113,-1486],[1670,-1898]],[[141410,831532],[948,2117]],[[136333,840617],[6025,-6968]],[[141410,831532],[-5263,6520]],[[147442,828339],[5317,-5630],[7768,-8874],[343,-391],[602,-1068],[722,-1787],[600,-2073]],[[162794,808516],[1289,-4452]],[[146270,828959],[1172,-620]],[[142459,833874],[484,-538],[3122,-3467],[1377,-1530]],[[142358,833649],[101,225]],[[136348,840824],[489,-556],[5622,-6394]],[[162794,808516],[2572,-5997],[-1283,1545]],[[152844,776799],[-1722,-3826]],[[151122,772973],[-3418,4931],[1506,1612],[3634,-2717]],[[152844,776799],[2727,-867],[1187,2949],[6054,-11735],[-3056,-5732],[-8634,11559]],[[47524,854402],[874,-164],[-10270,-9884],[-4613,10335],[-1713,2255]],[[31802,856944],[5437,-5720],[2506,-377],[4588,311],[3165,2653],[26,591]],[[31802,856944],[-517,680],[16239,-3222]],[[66578,840544],[-11257,1707],[-11804,-3569],[492,6404],[7139,3720],[4674,-1083],[9377,-3728],[1566,-454]],[[27053,865968],[7517,-2400],[10604,-5724],[11122,303],[-299,-4221],[-16670,3365]],[[39327,857291],[28,613],[-6897,3545],[-566,-1080],[-4975,1353]],[[26917,861722],[-632,2841]],[[26285,864563],[396,389],[372,1016]],[[39327,857291],[-8905,1826],[-582,71],[-269,-36],[-279,-55],[-315,-105],[-399,-205],[-357,-218],[-499,-348],[-805,3501]],[[26285,864563],[-394,1776],[1162,-371]],[[514093,513211],[-2644,1768],[-5362,6519],[-3765,1005],[-4465,9642],[-201,2103],[16437,-21037]],[[127391,850296],[1814,-1304],[898,-1152]],[[477385,42551],[-519,-814]],[[476866,41737],[-2031,6108]],[[474835,47845],[784,-20],[1766,-5274]],[[484850,22645],[2868,-6371]],[[487718,16274],[-936,313]],[[486782,16587],[-1930,4319]],[[484852,20906],[-1151,4293]],[[483701,25199],[1149,-2554]],[[489638,26271],[-4788,-3626]],[[483701,25199],[5937,1072]],[[483701,25199],[-2370,8834],[4079,2953],[2036,-7358],[10957,8599],[309,-4272],[-257,-1007],[-8817,-6677]],[[486782,16587],[-909,304],[-284,1254],[-737,2761]],[[304550,375108],[756,10444],[265,103],[-780,-10626],[-3826,-15673],[-225,141],[3810,15611]],[[274951,391408],[-366,-46]],[[274585,391362],[-2728,2218],[-190,-77]],[[271667,393503],[-451,-184],[-896,-2373]],[[270320,390946],[-66,-175],[-300,-34],[924,2411],[-676,-286],[-2168,-2152],[-153,-229]],[[267881,390481],[-203,-23]],[[267678,390458],[50,250],[2491,2460],[680,280],[-43,1546],[261,53],[62,-1452],[738,316],[3034,-2503]],[[274951,391408],[4863,-4011],[-868,417],[-555,451]],[[278391,388265],[-3806,3097]],[[271667,393503],[-903,-2500],[-444,-57]],[[274585,391362],[-211,-27]],[[274374,391335],[-2707,2168]],[[293639,364799],[79,-731]],[[293718,364068],[-251,211],[172,520]],[[293639,364799],[174,527],[158,-1473],[-253,215]],[[278391,388265],[-240,46],[-3777,3024]],[[267881,390481],[1598,187],[-1987,-1146],[186,936]],[[316821,336946],[212,-371],[-57,-88],[-212,366],[57,93]],[[29,581208],[519,-81],[285,91],[-14,-134],[-819,-133],[29,257]],[[489638,26271],[466,84]],[[490104,26355],[4041,-10290],[6131,718]],[[500276,16783],[490,-2177],[2301,-3743],[5559,-6356],[-1923,-4507],[-1179,1991],[-2565,-735],[-800,6568],[-4645,825],[-3476,5509],[-6320,2116]],[[490104,26355],[7941,1434],[543,-5136],[479,-620],[1209,-5250]],[[988391,846044],[-1658,-2623],[4,-206],[1186,-2032]],[[987923,841183],[795,-1364]],[[988718,839819],[774,-1327]],[[989492,838492],[779,-1335],[180,27],[1562,2458]],[[992013,839642],[242,-446]],[[992255,839196],[-1577,-2455],[-3,-250],[710,-1206]],[[991385,835285],[696,-1182]],[[992081,834103],[688,-1169]],[[992769,832934],[699,-1186]],[[993468,831748],[667,-1134],[165,20],[1524,2329]],[[995824,832963],[251,-422]],[[996075,832541],[-1528,-2355],[5,-269],[698,-1196]],[[995250,828721],[712,-1221]],[[995962,827500],[679,-1164]],[[996641,826336],[702,-1202]],[[997343,825134],[780,-1338],[138,-23],[1472,2315]],[[999733,826088],[266,-487],[-7464,-11545],[-242,413]],[[992293,814469],[1714,2662],[11,213],[-797,1360]],[[993221,818704],[-691,1181]],[[992530,819885],[-692,1181]],[[991838,821066],[-680,1162]],[[991158,822228],[-720,1229]],[[990438,823457],[271,422]],[[990709,823879],[713,-1214]],[[991422,822665],[695,-1182]],[[992117,821483],[684,-1163]],[[992801,820320],[698,-1189]],[[993499,819131],[774,-1316],[157,-11],[1693,2642]],[[996123,820446],[1711,2672],[-16,244],[-764,1320]],[[997054,824682],[-696,1205]],[[996358,825887],[-682,1178]],[[995676,827065],[-693,1197]],[[994983,828262],[-710,1227],[-172,-20],[-1700,-2673]],[[992401,826796],[-1697,-2667],[5,-250]],[[990438,823457],[-153,12],[-1695,-2687]],[[988590,820782],[-276,471]],[[988314,821253],[1713,2633],[6,250],[-677,1173]],[[989356,825309],[-684,1181]],[[988672,826490],[-690,1195]],[[987982,827685],[-700,1211]],[[987282,828896],[-693,1199]],[[986589,830095],[259,408]],[[986848,830503],[701,-1197]],[[987549,829306],[698,-1195]],[[988247,828111],[701,-1198]],[[988948,826913],[686,-1171]],[[989634,825742],[678,-1160],[126,-11],[1710,2670]],[[992148,827241],[1687,2632],[3,326],[-659,1121]],[[993179,831320],[-693,1180]],[[992486,832500],[-684,1166]],[[991802,833666],[-686,1167]],[[991116,834833],[-711,1212],[-150,5],[-1706,-2656]],[[988549,833394],[-1706,-2653],[5,-238]],[[986589,830095],[-169,-21],[-1703,-2687]],[[984717,827387],[-265,452]],[[984452,827839],[1714,2684],[3,269],[-770,1303]],[[985399,832095],[-772,1307]],[[984627,833402],[-800,1355]],[[983827,834757],[267,410]],[[984094,835167],[799,-1350]],[[984893,833817],[784,-1324]],[[985677,832493],[758,-1280],[158,-11],[1695,2626]],[[988288,833828],[1724,2670],[-8,213],[-784,1344]],[[989220,838055],[-772,1325]],[[988448,839380],[-792,1361]],[[987656,840741],[-1193,2046],[-115,18],[-1732,-2708]],[[984616,840097],[-1714,-2682],[8,-250],[1184,-1998]],[[983827,834757],[-1195,2024],[-134,-8],[-1709,-2688]],[[980789,834085],[-176,299],[7628,11921],[150,-261]],[[988391,846044],[1240,-2163]],[[989631,843881],[-1708,-2698]],[[989631,843881],[785,-1368]],[[990416,842513],[-1698,-2694]],[[990416,842513],[775,-1352]],[[991191,841161],[-1699,-2669]],[[991191,841161],[822,-1519]],[[992255,839196],[761,-1405]],[[993016,837791],[-1631,-2506]],[[993016,837791],[651,-1204]],[[993667,836587],[-1586,-2484]],[[993667,836587],[684,-1149]],[[994351,835438],[-1582,-2504]],[[994351,835438],[709,-1191]],[[995060,834247],[-1592,-2499]],[[995060,834247],[764,-1284]],[[996075,832541],[776,-1305]],[[996851,831236],[-1601,-2515]],[[996851,831236],[709,-1191]],[[997560,830045],[-1598,-2545]],[[997560,830045],[131,-221],[542,-991]],[[998233,828833],[-1592,-2497]],[[998233,828833],[680,-1244]],[[998913,827589],[-1570,-2455]],[[998913,827589],[820,-1501]],[[987656,840741],[-1783,-2790]],[[985873,837951],[-1257,2146]],[[988448,839380],[-1780,-2786]],[[986668,836594],[-795,1357]],[[989220,838055],[-1775,-2788]],[[987445,835267],[-777,1327]],[[988288,833828],[-843,1439]],[[991116,834833],[-1788,-2771]],[[989328,832062],[-779,1332]],[[991802,833666],[-1783,-2786]],[[990019,830880],[-691,1182]],[[992486,832500],[-1775,-2803]],[[990711,829697],[-692,1183]],[[993179,831320],[-1779,-2800]],[[991400,828520],[-689,1177]],[[992148,827241],[-748,1279]],[[994983,828262],[-1791,-2816]],[[993192,825446],[-791,1350]],[[995676,827065],[-1789,-2806]],[[993887,824259],[-695,1187]],[[996358,825887],[-1786,-2795]],[[994572,823092],[-685,1167]],[[997054,824682],[-1783,-2784]],[[995271,821898],[-699,1194]],[[996123,820446],[-852,1452]],[[985873,837951],[-1779,-2784]],[[986668,836594],[-1775,-2777]],[[987445,835267],[-1768,-2774]],[[989328,832062],[-1779,-2756]],[[990019,830880],[-1772,-2769]],[[990711,829697],[-1763,-2784]],[[991400,828520],[-1766,-2778]],[[993192,825446],[-1770,-2781]],[[993887,824259],[-1770,-2776]],[[994572,823092],[-1771,-2772]],[[995271,821898],[-1772,-2767]],[[983827,834757],[-1795,-2792]],[[982032,831965],[-1243,2120]],[[984627,833402],[-1817,-2764]],[[982810,830638],[-778,1327]],[[985399,832095],[-1804,-2795]],[[983595,829300],[-785,1338]],[[984452,827839],[-857,1461]],[[987282,828896],[-1798,-2817]],[[985484,826079],[-767,1308]],[[987982,827685],[-1785,-2822]],[[986197,824863],[-713,1216]],[[988672,826490],[-1779,-2813]],[[986893,823677],[-696,1186]],[[989356,825309],[-1782,-2793]],[[987574,822516],[-681,1161]],[[988314,821253],[-740,1263]],[[991158,822228],[-1786,-2779]],[[989372,819449],[-782,1333]],[[991838,821066],[-1775,-2794]],[[990063,818272],[-691,1177]],[[992530,819885],[-1788,-2771]],[[990742,817114],[-679,1158]],[[993221,818704],[-1779,-2784]],[[991442,815920],[-700,1194]],[[992293,814469],[-851,1451]],[[977773,869503],[-3256,-5093],[13,-244],[1173,-1991]],[[975703,862175],[778,-1321]],[[976481,860854],[1574,-2671],[123,-12],[977,1537]],[[979155,859708],[248,-460]],[[979403,859248],[-967,-1519],[12,-237],[1411,-2417]],[[979859,855075],[2061,-3529],[145,-30],[793,1295]],[[982858,852811],[253,-470]],[[983111,852341],[-810,-1280],[12,-213],[1410,-2374]],[[983723,848474],[1406,-2368]],[[985129,846106],[809,-1365],[102,-14]],[[986040,844727],[-391,-607]],[[985649,844120],[0,206],[-1187,2000]],[[984462,846326],[-848,1427]],[[983614,847753],[-822,1386]],[[982792,849139],[-753,1269],[-134,12],[-1725,-2683]],[[980180,847737],[-1718,-2670]],[[978462,845067],[-247,442]],[[978215,845509],[1708,2673]],[[979923,848182],[1715,2686],[-4,225],[-673,1162]],[[980961,852255],[-686,1184]],[[980275,853439],[-693,1196]],[[979582,854635],[-705,1216]],[[978877,855851],[-707,1219],[-146,11],[-1703,-2666]],[[976321,854415],[-264,424]],[[976057,854839],[1716,2691],[-4,206],[-751,1279]],[[977018,859015],[-649,1106]],[[976369,860121],[-657,1119]],[[975712,861240],[-782,1333]],[[974930,862573],[-702,1196],[-122,-13],[-1728,-2692]],[[972378,861064],[-1711,-2667],[5,-213],[702,-1201]],[[971374,856983],[768,-1312]],[[972142,855671],[659,-1127]],[[972801,854544],[658,-1124]],[[973459,853420],[742,-1269],[145,8],[1711,2680]],[[976321,854415],[-1709,-2673],[-10,-282],[716,-1222]],[[975318,850238],[699,-1193]],[[976017,849045],[688,-1175]],[[976705,847870],[697,-1191]],[[977402,846679],[687,-1171],[126,1]],[[978462,845067],[12,-225],[749,-1282]],[[979223,843560],[813,-1394]],[[980036,842166],[833,-1427]],[[980869,840739],[1185,-2030],[112,1]],[[982166,838710],[-398,-617]],[[981768,838093],[7,226],[-1181,2008]],[[980594,840327],[-833,1415]],[[979761,841742],[-812,1379]],[[978949,843121],[-761,1293],[-141,-14],[-1709,-2641]],[[976338,841759],[-257,440]],[[976081,842199],[1700,2637],[10,263],[-668,1144]],[[977123,846243],[-688,1175]],[[976435,847418],[-694,1189]],[[975741,848607],[-702,1201]],[[975039,849808],[-719,1231],[-115,17],[-1733,-2673]],[[972472,848383],[-262,449]],[[972210,848832],[1698,2647],[22,238],[-743,1271]],[[973187,852988],[-664,1134]],[[972523,854122],[-651,1114]],[[971872,855236],[-770,1317]],[[971102,856553],[-697,1191],[-134,18],[-1711,-2675]],[[968560,855087],[-298,510],[9454,14789],[57,-883]],[[986576,848362],[1227,-896],[-1763,-2739]],[[985129,846106],[1447,2256]],[[984589,849813],[1987,-1451]],[[983723,848474],[866,1339]],[[983111,852341],[1279,-2383],[199,-145]],[[980830,856589],[2028,-3778]],[[979859,855075],[971,1514]],[[979403,859248],[1427,-2659]],[[978161,863474],[139,-2174],[855,-1592]],[[976481,860854],[1680,2620]],[[978011,865800],[150,-2326]],[[975703,862175],[2308,3625]],[[977773,869503],[238,-3703]],[[985649,844120],[-1732,-2689]],[[983917,841431],[-1248,2106]],[[982669,843537],[1793,2789]],[[982669,843537],[-843,1423]],[[981826,844960],[1788,2793]],[[981826,844960],[-821,1385]],[[981005,846345],[1787,2794]],[[981005,846345],[-825,1392]],[[979923,848182],[-742,1284]],[[979181,849466],[1780,2789]],[[979181,849466],[-689,1192]],[[978492,850658],[1783,2781]],[[978492,850658],[-688,1190]],[[977804,851848],[1778,2787]],[[977804,851848],[-699,1209]],[[977105,853057],[1772,2794]],[[977105,853057],[-784,1358]],[[976057,854839],[-817,1381]],[[975240,856220],[1778,2795]],[[975240,856220],[-656,1111]],[[974584,857331],[1785,2790]],[[974584,857331],[-661,1118]],[[973923,858449],[1789,2791]],[[973923,858449],[-778,1318]],[[973145,859767],[1785,2806]],[[973145,859767],[-767,1297]],[[983917,841431],[-1751,-2721]],[[980869,840739],[1800,2798]],[[980036,842166],[1790,2794]],[[979223,843560],[1782,2785]],[[977402,846679],[1779,2787]],[[976705,847870],[1787,2788]],[[976017,849045],[1787,2803]],[[975318,850238],[1787,2819]],[[973459,853420],[1781,2800]],[[972801,854544],[1783,2787]],[[972142,855671],[1781,2778]],[[971374,856983],[1771,2784]],[[981768,838093],[-1726,-2681],[-1240,2125]],[[978802,837537],[1792,2790]],[[978802,837537],[-824,1411]],[[977978,838948],[1783,2794]],[[977978,838948],[-812,1392]],[[977166,840340],[1783,2781]],[[977166,840340],[-828,1419]],[[976081,842199],[-742,1273]],[[975339,843472],[1784,2771]],[[975339,843472],[-685,1173]],[[974654,844645],[1781,2773]],[[974654,844645],[-696,1192]],[[973958,845837],[1783,2770]],[[973958,845837],[-703,1206]],[[973255,847043],[1784,2765]],[[973255,847043],[-783,1340]],[[972210,848832],[-803,1376]],[[971407,850208],[1780,2780]],[[971407,850208],[-643,1103]],[[970764,851311],[1759,2811]],[[970764,851311],[-668,1144]],[[970096,852455],[1776,2781]],[[970096,852455],[-775,1327]],[[969321,853782],[1781,2771]],[[969321,853782],[-761,1305]],[[586623,979375],[1703,-534]],[[588326,978841],[-343,-2835],[-1676,563],[316,2806]],[[602477,976977],[-1069,-4539]],[[601408,972438],[-4612,2863]],[[596796,975301],[5681,1676]],[[591069,977687],[292,-312],[1824,-891]],[[593185,976484],[-380,-1614],[-696,445],[-414,-1743],[1597,-1021],[402,1749],[-676,434],[400,1636]],[[593418,976370],[505,-246]],[[593923,976124],[2491,-1560]],[[596414,974564],[-872,-3689]],[[595542,970875],[-3976,-1183]],[[591566,969692],[-2218,655]],[[589348,970347],[1721,7340]],[[593185,976484],[233,-114]],[[596414,974564],[4788,-2998]],[[601202,971566],[-1852,-7906]],[[599350,963660],[-6468,-4039]],[[592882,959621],[2660,11254]],[[591115,977882],[2091,-1309]],[[593206,976573],[-21,-89]],[[591069,977687],[46,195]],[[593432,976431],[491,-307]],[[593418,976370],[14,61]],[[593206,976573],[226,-142]],[[605825,969885],[4869,-3078]],[[610694,966807],[2034,-1286]],[[612728,965521],[-43,-186]],[[612685,965335],[-6906,4352]],[[605779,969687],[46,198]],[[606806,974145],[4875,-3086],[-987,-4252]],[[605825,969885],[981,4260]],[[602982,976566],[3824,-2421]],[[605825,969885],[-3845,2431]],[[601980,972316],[1002,4250]],[[605779,969687],[-3847,2424]],[[601932,972111],[48,205]],[[603116,977138],[4708,1422]],[[607824,978560],[-1018,-4415]],[[602982,976566],[134,572]],[[612475,964461],[-41,-172]],[[612434,964289],[-2418,1524]],[[610016,965813],[-5514,3475]],[[604502,969288],[-34,221]],[[604468,969509],[8007,-5048]],[[610016,965813],[-1069,-4466],[-3570,2228]],[[605377,963575],[-875,5713]],[[605377,963575],[-2760,1723]],[[602617,965298],[-861,5720]],[[601756,971018],[2746,-1730]],[[601756,971018],[-33,221]],[[601723,971239],[2745,-1730]],[[605377,963575],[1751,-11433],[-2806,1813],[-1705,11343]],[[627688,976445],[-12969,-2433]],[[614719,974012],[174,740],[1757,7493]],[[616650,982245],[1290,127],[439,30]],[[618379,982402],[222,-5572],[3366,388],[-206,5528]],[[621761,982746],[206,22],[982,-17],[6496,753]],[[629445,983504],[-1757,-7059]],[[623304,958835],[-802,507],[-278,176]],[[622224,959518],[707,2742],[1057,-679]],[[623988,961581],[-684,-2746]],[[618379,982402],[401,28],[2981,316]],[[612475,964461],[10905,-6876]],[[623380,957585],[-40,-168]],[[623340,957417],[-1778,1120]],[[621562,958537],[-309,195]],[[621253,958732],[-1607,1012]],[[619646,959744],[-1599,1008]],[[618047,960752],[-287,181]],[[617760,960933],[-1610,1015]],[[616150,961948],[-1603,1010]],[[614547,962958],[-287,181]],[[614260,963139],[-1826,1150]],[[610157,954608],[1810,-1163]],[[611967,953445],[-758,-3210]],[[611209,950235],[-1805,1170]],[[609404,951405],[753,3203]],[[610905,957787],[1815,-1158]],[[612720,956629],[-753,-3184]],[[610157,954608],[748,3179]],[[611657,960984],[1825,-1132]],[[613482,959852],[-762,-3223]],[[610905,957787],[752,3197]],[[614260,963139],[-778,-3287]],[[611657,960984],[777,3305]],[[614547,962958],[-434,-1824]],[[614113,961134],[-422,-1775]],[[613691,959359],[-426,-1791]],[[613265,957568],[-422,-1774]],[[612843,955794],[-418,-1756]],[[612425,954038],[-428,-1803]],[[611997,952235],[-424,-1781]],[[611573,950454],[-424,-1782],[1634,-1015]],[[612783,947657],[1563,-972],[420,1752]],[[614766,948437],[425,1775]],[[615191,950212],[427,1784]],[[615618,951996],[424,1767]],[[616042,953763],[422,1761]],[[616464,955524],[432,1804]],[[616896,957328],[426,1777]],[[617322,959105],[438,1828]],[[618047,960752],[-433,-1826]],[[617614,958926],[-426,-1795]],[[617188,957131],[-426,-1795]],[[616762,955336],[-420,-1768]],[[616342,953568],[-415,-1749]],[[615927,951819],[-423,-1784]],[[615504,950035],[-428,-1805]],[[615076,948230],[-415,-1749],[1601,-1007]],[[616262,945474],[1635,-1029],[413,1759]],[[618310,946204],[411,1752]],[[618721,947956],[423,1799]],[[619144,949755],[411,1748]],[[619555,951503],[419,1788]],[[619974,953291],[423,1797]],[[620397,955088],[420,1789]],[[620817,956877],[436,1855]],[[621562,958537],[-815,-3425]],[[620747,955112],[-2696,-11329],[-7288,4567],[446,1885]],[[611573,950454],[1627,-1028]],[[613200,949426],[-417,-1769]],[[611997,952235],[1622,-1028]],[[613619,951207],[-419,-1781]],[[612425,954038],[1618,-1034]],[[614043,953004],[-424,-1797]],[[612843,955794],[1615,-1026]],[[614458,954768],[-415,-1764]],[[613265,957568],[1611,-1029]],[[614876,956539],[-418,-1771]],[[613691,959359],[1609,-1020]],[[615300,958339],[-424,-1800]],[[614113,961134],[1606,-1016]],[[615719,960118],[-419,-1779]],[[616150,961948],[-431,-1830]],[[613200,949426],[1566,-989]],[[613619,951207],[1572,-995]],[[614043,953004],[1575,-1008]],[[614458,954768],[1584,-1005]],[[614876,956539],[1588,-1015]],[[615300,958339],[1596,-1011]],[[615719,960118],[1603,-1013]],[[615076,948230],[1602,-1003]],[[616678,947227],[-416,-1753]],[[615504,950035],[1595,-1031]],[[617099,949004],[-421,-1777]],[[615927,951819],[1597,-1025]],[[617524,950794],[-425,-1790]],[[616342,953568],[1596,-1026]],[[617938,952542],[-414,-1748]],[[616762,955336],[1598,-1017]],[[618360,954319],[-422,-1777]],[[617188,957131],[1597,-1017]],[[618785,956114],[-425,-1795]],[[617614,958926],[1596,-1021]],[[619210,957905],[-425,-1791]],[[619646,959744],[-436,-1839]],[[616678,947227],[1632,-1023]],[[617099,949004],[1622,-1048]],[[617524,950794],[1620,-1039]],[[617938,952542],[1617,-1039]],[[618360,954319],[1614,-1028]],[[618785,956114],[1612,-1026]],[[619210,957905],[1607,-1028]],[[623340,957417],[-816,-3423]],[[622524,953994],[-1777,1118]],[[633869,972376],[-8,-10461]],[[633861,961915],[-2452,1623]],[[631409,963538],[-2798,1851]],[[628611,965389],[2081,8866]],[[630692,974255],[3177,-1879]],[[623602,958646],[2711,-1714]],[[626313,956932],[84,-52],[1410,-892]],[[627807,955988],[1403,-887],[130,-82]],[[629340,955019],[82,-52],[120,-76]],[[629542,954891],[3963,-2505],[8,-146]],[[633513,952240],[-399,221],[-9551,6019]],[[623563,958480],[39,166]],[[629445,983504],[1165,-35],[1644,75],[1623,-117]],[[633877,983427],[-8,-11051]],[[630692,974255],[-3094,1830]],[[627598,976085],[90,360]],[[630428,959498],[981,4040]],[[633861,961915],[-7,-9817]],[[633854,952098],[-215,73]],[[633639,952171],[-126,69]],[[629542,954891],[730,3034],[107,-42]],[[630379,957883],[395,-74]],[[630774,957809],[-342,-1375],[1554,-1048],[238,1025],[-1092,757],[65,372],[-423,269]],[[630379,957883],[317,1435],[-268,180]],[[630428,959498],[-2779,1879]],[[627649,961377],[54,163],[-215,149]],[[627488,961689],[943,3819]],[[628431,965508],[180,-119]],[[627649,961377],[-350,-1464]],[[627299,959913],[-215,141]],[[627084,960054],[404,1635]],[[627030,961996],[-403,-1636]],[[626627,960360],[-668,447],[403,1638],[668,-449]],[[627084,960054],[-457,306]],[[627030,961996],[458,-307]],[[628559,959087],[51,153],[509,-360],[-33,-174]],[[629086,958706],[-119,-483],[982,-696]],[[629949,957527],[-609,-2508]],[[627807,955988],[752,3099]],[[629949,957527],[128,528]],[[630077,958055],[351,1443]],[[626313,956932],[771,3122]],[[627299,959913],[1260,-826]],[[629086,958706],[991,-651]],[[628431,965508],[-2975,1970]],[[625456,967478],[2142,8607]],[[629408,941396],[3521,9978]],[[632929,951374],[280,-176],[437,-85]],[[633646,951113],[-12,-8312]],[[633634,942801],[-4226,-1405]],[[623380,957585],[10266,-6472]],[[632929,951374],[-2932,1847]],[[629997,953221],[-1133,714]],[[628864,953935],[-2741,1728]],[[626123,955663],[-222,140],[-2561,1614]],[[629997,953221],[-562,-2669],[-1152,705]],[[628283,951257],[581,2678]],[[634289,966324],[11028,71]],[[645317,966395],[8,-4718]],[[645325,961677],[-11043,54]],[[634282,961731],[7,4593]],[[634269,952459],[1601,-260],[9471,-14]],[[645341,952185],[0,-234]],[[645341,951951],[-11073,5]],[[634268,951956],[1,503]],[[634274,956099],[4573,-75],[9,2704],[1169,-49],[-16,-2991],[-5735,135]],[[634274,955823],[0,276]],[[634274,956099],[8,5632]],[[645325,961677],[3,-2100]],[[645328,959577],[13,-7392]],[[634269,952459],[5,3364]],[[636618,982549],[8676,-3064]],[[645294,979485],[18,-10205]],[[645312,969280],[5,-2885]],[[634289,966324],[2339,4972],[-10,11253]],[[634312,983363],[2306,-814]],[[634289,966324],[23,17039]],[[641350,951022],[0,-161]],[[641350,950861],[-6730,46],[-342,129]],[[634278,951036],[7072,-14]],[[641350,950861],[24,-5581]],[[641374,945280],[-4800,891]],[[636574,946171],[-2298,-1595]],[[634276,944576],[2,6460]],[[644128,950838],[1246,-1]],[[645374,950837],[5,-5518]],[[645379,945319],[-1253,-12]],[[644126,945307],[2,5531]],[[644129,951017],[1245,-3]],[[645374,951014],[0,-177]],[[644128,950838],[1,179]],[[644128,950838],[-2778,23]],[[641350,951022],[2779,-5]],[[644126,945307],[-2752,-27]],[[656899,966300],[-92,-38]],[[656807,966262],[5,-4211]],[[656812,962051],[5,-3586]],[[656817,958465],[7,-6297]],[[656824,952168],[-4653,7]],[[652171,952175],[24,2804],[-1161,4],[-24,-2806]],[[651010,952177],[-5669,8]],[[645328,959577],[7056,-129],[5,9781],[-7077,51]],[[645294,979485],[9076,-3265],[2529,-9920]],[[651010,952177],[1161,-2]],[[656824,952168],[0,-223]],[[656824,951945],[-11483,6]],[[656785,950822],[-2925,-11077],[-5489,-4],[-2949,11096]],[[645422,950837],[11363,-15]],[[656830,950992],[-45,-170]],[[645422,950837],[-48,177]],[[645374,951014],[11456,-22]],[[667800,962059],[19,-3522]],[[667819,958537],[-11002,-72]],[[656812,962051],[10988,8]],[[667852,952152],[1,-225]],[[667853,951927],[-11029,18]],[[656824,952168],[11028,-16]],[[667819,958537],[33,-6385]],[[656807,966262],[10971,169]],[[667778,966431],[22,-4372]],[[656899,966300],[10856,4519]],[[667755,970819],[23,-4388]],[[660339,950817],[67,-5813],[4016,-20],[-20,1850]],[[664402,946834],[2341,-3458]],[[666743,943376],[7,-3702],[-2923,30]],[[663827,939704],[-6984,70]],[[656843,939774],[-13,11048]],[[656830,950822],[3509,-5]],[[666728,950972],[0,-163]],[[666728,950809],[-2370,3]],[[664358,950812],[-1990,3]],[[662368,950815],[-2029,2]],[[656830,950822],[0,170]],[[656830,950992],[9898,-20]],[[662368,950815],[11,-993],[2023,-2988]],[[666728,950809],[15,-7433]],[[664402,946834],[-44,3978]],[[667863,950970],[2,-162]],[[667865,950808],[-1137,1]],[[666728,950972],[1135,-2]],[[663827,939704],[69,-7537],[-7045,-73]],[[656851,932094],[-8,7680]],[[667865,950808],[64,-9184]],[[667929,941624],[-1186,1752]],[[679270,975380],[31,-7913]],[[679301,967467],[-3428,-58],[-7,-5709],[3458,1]],[[679324,961701],[0,-130]],[[679324,961571],[4,-827]],[[679328,960744],[-5162,-8],[45,-8530]],[[674211,952206],[-399,-4]],[[673812,952202],[-102,18972]],[[673710,971174],[5560,4206]],[[674211,952206],[5150,54]],[[679361,952260],[1,-219]],[[679362,952041],[-10825,-112]],[[668537,951929],[0,219]],[[668537,952148],[5275,54]],[[679301,967467],[23,-5766]],[[668532,961714],[-2,5700]],[[668530,967414],[2257,4],[13,-5694],[-2268,-10]],[[668537,952148],[-5,9566]],[[668530,967414],[-2,3767]],[[668528,971181],[5182,-7]],[[679328,960744],[33,-8484]],[[674207,951000],[243,2]],[[674450,951002],[4,-1864],[798,0],[-6,-1914],[-1715,6]],[[673531,947230],[-9,1907],[679,0],[6,1863]],[[673545,945335],[4594,47],[6,-5766],[-4565,47],[-35,5672]],[[690877,968350],[7,-3624]],[[690884,964726],[-8105,-2223],[-3455,-932]],[[679270,975380],[5283,-1562],[3639,-5360],[2685,-108]],[[685095,952240],[1323,-5]],[[686418,952235],[4494,-15]],[[690912,952220],[0,-183]],[[690912,952037],[-11550,4]],[[679361,952260],[5734,-20]],[[690884,964726],[28,-12506]],[[686418,952235],[46,2924],[-1334,16],[-35,-2935]],[[690980,951174],[0,-167]],[[690980,951007],[-5791,-81]],[[685189,950926],[-1265,-18]],[[683924,950908],[-4570,-63]],[[679354,950845],[0,183]],[[679354,951028],[11626,146]],[[685189,950926],[-4,-3051],[-1261,-14],[0,3047]],[[686994,940964],[-3448,4],[-52,3754],[3486,145],[14,-3903]],[[679370,941226],[-8,4823]],[[679362,946049],[2721,-3739],[-70,-4766],[-2643,3682]],[[690986,941020],[4,-6656]],[[690990,934364],[-3943,-31]],[[687047,934333],[-53,6631]],[[686994,940964],[3992,56]],[[693641,968207],[-2,-15981]],[[693639,952226],[-2727,-6]],[[690877,968350],[2764,-143]],[[693639,952226],[3877,8]],[[697516,952234],[1181,3]],[[698697,952237],[3212,7]],[[701909,952244],[1,-175]],[[701910,952069],[-10998,-32]],[[697516,952234],[-1,2895]],[[697515,955129],[1182,-16],[0,-2876]],[[693641,968207],[3873,-201]],[[697514,968006],[1,-12877]],[[701828,967782],[81,-15538]],[[697514,968006],[4314,-224]],[[701909,951293],[1,-200]],[[701910,951093],[-2360,-19]],[[699550,951074],[-203,-1]],[[699347,951073],[-8367,-66]],[[690980,951174],[10929,119]],[[699550,951074],[25,-3486],[803,13],[9,-1926],[-1680,11],[3,1883],[663,19],[-26,3485]],[[705619,964091],[2089,1946]],[[707708,966037],[2385,-13718]],[[710093,952319],[-4058,2]],[[706035,952321],[-1360,10890]],[[704675,963211],[944,880]],[[710093,952319],[3263,-2]],[[713356,952317],[1,-223]],[[713357,952094],[-10841,-19]],[[702516,952075],[-1,248]],[[702515,952323],[3520,-2]],[[702515,952323],[-38,8839]],[[702477,961162],[2198,2049]],[[707626,972131],[508,429],[5090,1207]],[[713224,973767],[20,-3223]],[[713244,970544],[42,-6808]],[[713286,963736],[70,-11419]],[[707708,966037],[-80,6044],[-2,50]],[[705619,964091],[-57,6039],[-1,259]],[[705561,970389],[2065,1742]],[[702477,961162],[-25,6030],[7,580]],[[702459,967772],[3102,2617]],[[709854,950945],[-26,-4750],[-1537,-3]],[[708291,946192],[-1047,-1]],[[707244,946191],[-27,4755]],[[707217,950946],[2637,-1]],[[713336,951134],[1,-190]],[[713337,950944],[-1803,0]],[[711534,950944],[-1534,1]],[[710000,950945],[-146,0]],[[707217,950946],[-1,165]],[[707216,951111],[6120,23]],[[704938,951103],[1,-157]],[[704939,950946],[-2412,1]],[[702527,950947],[0,147]],[[702527,951094],[2411,9]],[[713337,950944],[20,-3822]],[[713357,947122],[-1844,6],[21,3816]],[[710000,950945],[-9,-6671],[-1695,49],[-5,1869]],[[707244,946191],[15,-2615],[-2289,-5],[-31,7375]],[[704939,950946],[2278,0]],[[704938,951103],[2278,8]],[[720171,971965],[4798,-2011]],[[724969,969954],[44,-15022]],[[725013,954932],[-3273,72]],[[721740,955004],[7,6688],[-8223,70]],[[713524,961762],[-8,1582],[4729,-28],[15,3260],[-1198,36],[-26,-2881],[-3750,5]],[[713244,970544],[6849,-1813],[78,3234]],[[725021,952310],[1,-195]],[[725022,952115],[-11665,-21]],[[713356,952317],[160,0],[59,0]],[[713575,952317],[4408,-3]],[[717983,952314],[7038,-4]],[[713524,961762],[51,-9445]],[[721740,955004],[-3734,90],[-23,-2780]],[[725013,954932],[8,-2622]],[[713224,973767],[219,52],[6578,-1791],[150,-63]],[[736008,971933],[39,-15145]],[[736047,956788],[-3329,6740]],[[732718,963528],[1331,129],[-3643,7271]],[[730406,970928],[5602,1005]],[[731292,952306],[1207,-1]],[[732499,952305],[3560,-2]],[[736059,952303],[0,-168]],[[736059,952135],[-11037,-20]],[[725021,952310],[6271,-4]],[[731292,952306],[-4,2921],[1192,-103],[19,-2819]],[[726838,970289],[3580,-6984]],[[730418,963305],[5641,-11002]],[[724969,969954],[1869,335]],[[736047,956788],[12,-4485]],[[730418,963305],[2300,223]],[[726838,970289],[3568,639]],[[726957,951156],[6285,11]],[[733242,951167],[5,-2189],[2825,4]],[[736072,948982],[18,-3328]],[[736090,945654],[-11063,-2]],[[725027,945652],[-2,3559]],[[725025,949211],[1933,0],[-1,1945]],[[736090,945654],[11,-2009]],[[736101,943645],[-11073,-126]],[[725028,943519],[-1,2133]],[[736060,951171],[12,-2189]],[[733242,951167],[2818,4]],[[725025,949211],[-1,1942]],[[725024,951153],[1933,3]],[[742488,970718],[903,-64],[4323,3668]],[[747714,974322],[-10,-3942]],[[747704,970380],[-36,-14764]],[[747668,955616],[-5936,-17]],[[741732,955599],[-7,9580]],[[741725,965179],[746,-54],[17,5593]],[[736689,952306],[5045,5]],[[741734,952311],[5926,7]],[[747660,952318],[-1,-203]],[[747659,952115],[-10970,28]],[[736689,952143],[0,163]],[[736692,965542],[996,-72]],[[737688,965470],[4037,-291]],[[741732,955599],[2,-3288]],[[736689,952306],[3,13236]],[[747668,955616],[-8,-3298]],[[736692,969340],[1042,-117],[-46,-3753]],[[736692,965542],[0,3798]],[[736693,971129],[5027,-356]],[[741720,970773],[5,-5594]],[[736692,969340],[1,1789]],[[741720,970773],[768,-55]],[[748167,950897],[32,-7346]],[[748199,943551],[-1734,24]],[[746465,943575],[-35,7325]],[[746430,950900],[1737,-3]],[[748166,951116],[1,-219]],[[746430,950900],[-1,222]],[[746429,951122],[1737,-6]],[[739466,951148],[6963,-26]],[[746465,943575],[-1745,25],[-14,3740],[-5246,23],[6,3785]],[[746476,941075],[19,-3937],[1732,-36]],[[748227,937102],[62,-14291]],[[748289,922811],[-5019,-36]],[[743270,922775],[-3448,-25]],[[739822,922750],[-682,-5]],[[739140,922745],[574,4626],[-2960,3706],[-32,6806]],[[736722,937883],[9754,3192]],[[746465,943575],[11,-2500]],[[736722,937883],[-34,13275]],[[736688,951158],[2778,-10]],[[748199,943551],[9,-1909]],[[748208,941642],[-1732,-567]],[[748208,941642],[8,-1912]],[[748216,939730],[1,-333]],[[748217,939397],[10,-2295]],[[743276,919972],[5,-2825],[-3401,10],[-26,2552]],[[739854,919709],[352,-26],[3070,289]],[[743270,922775],[2,-802]],[[743272,921973],[-1641,1],[-1803,274]],[[739828,922248],[-6,502]],[[743272,921973],[4,-2001]],[[739854,919709],[-26,2539]],[[739828,922248],[-930,141],[-429,351]],[[738469,922740],[671,5]],[[748289,922811],[575,4]],[[748864,922815],[-1123,-165],[-2343,-143],[-1243,-535],[-883,1]],[[739854,919709],[-1822,137]],[[738032,919846],[437,2894]],[[748864,922815],[5047,42]],[[753911,922857],[-583,-306],[-1343,-502],[-2959,-1517],[-1986,12],[-2907,-491],[-857,-81]],[[747704,970380],[6766,-2244],[36,3808]],[[754506,971944],[2758,-966],[1933,-4135]],[[759197,966843],[-1,-4468]],[[759196,962375],[-3,-8688]],[[759193,953687],[-1693,18],[16,1822],[-4815,27],[-35,-3452]],[[752666,952102],[-5007,13]],[[759193,953687],[-1,-1370]],[[759192,952317],[0,-232]],[[759192,952085],[-6526,17]],[[747714,974322],[6792,-2378]],[[751069,950892],[3,-7382]],[[751072,943510],[-2873,41]],[[748167,950897],[2902,-5]],[[751069,951108],[0,-216]],[[748166,951116],[2903,-8]],[[751069,950892],[280,-1]],[[751349,950891],[10,-3560],[4381,18]],[[755740,947349],[52,-11603],[3479,2]],[[759271,935748],[0,-646]],[[759271,935102],[-3,-5544]],[[759268,929558],[-58,-66],[-803,-1321],[-1840,-1161]],[[756567,927010],[-8133,12389]],[[748434,939399],[2639,14],[-1,4097]],[[759279,951083],[0,-207]],[[759279,950876],[-3554,7]],[[755725,950883],[-4376,8]],[[751069,951108],[8210,-25]],[[759279,950876],[-4,-8342]],[[759275,942534],[-4,-6786]],[[755740,947349],[-15,3534]],[[748434,939399],[-218,331]],[[756567,927010],[-404,-309],[-1057,-990],[-2132,-1155],[-1203,-445],[-1057,-563],[-1850,-733]],[[748217,939397],[217,2]],[[753918,922858],[494,323],[1199,302],[1078,646],[905,1019],[93,156]],[[757687,925304],[1577,-2402]],[[759264,922902],[-53,0]],[[759211,922902],[-5112,-43]],[[754099,922859],[-181,-1]],[[756567,927010],[1120,-1706]],[[753918,922858],[-7,-1]],[[759196,962375],[9218,346]],[[768414,962721],[17,-7688]],[[768431,955033],[-1213,10],[-3,-2795]],[[767215,952248],[-8023,69]],[[767215,952248],[1222,-10]],[[768437,952238],[-1,-197]],[[768436,952041],[-9244,44]],[[768431,955033],[6,-2795]],[[759197,966843],[2891,-3120],[9159,4343]],[[771247,968066],[15,-3083]],[[771262,964983],[-2848,-2262]],[[769034,962406],[2227,1738]],[[771261,964144],[11,-1851]],[[771272,962293],[15,-2722]],[[771287,959571],[42,-7383]],[[771329,952188],[-2316,17]],[[769013,952205],[21,10201]],[[771329,952188],[1,-162]],[[771330,952026],[-2317,16]],[[769013,952042],[0,163]],[[759271,935102],[794,1544],[4698,49],[3074,-626]],[[767837,936069],[-1777,-1486],[-1114,-1291],[-4545,-3557],[-1133,-177]],[[759279,951083],[11481,-35]],[[770760,951048],[1,-193]],[[770761,950855],[-1144,2]],[[769617,950857],[-1737,3]],[[767880,950860],[-4003,7]],[[763877,950867],[-4598,9]],[[763877,950867],[-31,-8434],[-4571,101]],[[769617,950857],[-6,-1863],[-1756,24],[25,1842]],[[770761,950855],[76,-12795]],[[770837,938060],[-1453,-1279],[-845,-854],[-702,142]],[[759211,922902],[0,-2526]],[[759211,920376],[1818,-5866]],[[761029,914510],[-5687,-8],[35,-11244],[5675,-18],[-23,11270]],[[759211,920376],[4410,-20],[-389,-12751],[606,-20],[-335,-9524],[2919,-65]],[[766422,897996],[-77,-2058],[-6011,-4491],[-3860,1275],[-2385,2903]],[[754089,895625],[10,27234]],[[772401,962285],[4632,-32]],[[777033,962253],[-25,-10105]],[[777008,952148],[-2278,16]],[[774730,952164],[-6,3632],[-1737,11],[2,-3631]],[[772989,952176],[-1660,12]],[[771287,959571],[1118,-28],[-4,2742]],[[772989,952176],[1741,-12]],[[777008,952148],[5826,-41]],[[782834,952107],[-1,-163]],[[782833,951944],[-11503,82]],[[771272,962293],[1129,-8]],[[777033,962253],[2074,-14]],[[779107,962239],[3775,-26]],[[782882,962213],[-48,-10106]],[[779398,970492],[-291,-8253]],[[771261,964144],[8137,6348]],[[782934,973252],[-13,-2764]],[[782921,970488],[-3523,4]],[[779398,970492],[3536,2760]],[[782921,970488],[-35,-7319]],[[782886,963169],[-4,-956]],[[775112,968042],[-3850,-3059]],[[771247,968066],[3865,-24]],[[782938,944307],[191,-8856]],[[783129,935451],[-6108,2863]],[[777021,938314],[2554,3008],[2264,1863],[1099,1122]],[[774758,951033],[8035,-18]],[[782793,951015],[4,-184]],[[782797,950831],[70,-3238]],[[782867,947593],[-1879,-1435],[-1289,-628],[-2035,-2401],[-1363,-728],[-4928,-4098]],[[771373,938303],[-10,3218]],[[771363,941521],[3503,9],[-108,9503]],[[782867,947593],[71,-3286]],[[777021,938314],[-338,158],[-5303,-2679]],[[771380,935793],[-7,2510]],[[771363,941521],[-27,9526]],[[771336,951047],[3422,-14]],[[788385,956418],[380,-1612]],[[788765,954806],[634,-2695]],[[789399,952111],[-4586,-3]],[[784813,952108],[-158,105],[2689,3501],[1041,704]],[[782834,952107],[1979,1]],[[789399,952111],[38,-162]],[[789437,951949],[-6604,-5]],[[782886,963169],[3931,-86]],[[786817,963083],[1568,-6665]],[[788385,956418],[1996,1349]],[[790381,957767],[1261,-5654]],[[791642,952113],[-1080,-1]],[[790562,952112],[-611,2662],[-1186,32]],[[791642,952113],[36,-162]],[[791678,951951],[-2241,-2]],[[789399,952111],[1163,1]],[[782934,973252],[11219,-10208]],[[794153,963044],[-2,-1785]],[[794151,961259],[-4534,-67]],[[789617,961192],[-2800,1891]],[[789617,961192],[764,-3425]],[[794150,960314],[-1,-1419]],[[794149,958895],[-5,-6780]],[[794144,952115],[-2502,-2]],[[790381,957767],[3769,2547]],[[794144,952115],[-2,-163]],[[794142,951952],[-2464,-1]],[[794151,961259],[-1,-945]],[[790289,949141],[352,-1578]],[[790641,947563],[-3265,-2000],[820,-3530],[3275,1821]],[[791471,943854],[2947,-13178]],[[794418,930676],[2,-5079]],[[794420,925597],[-7948,3583],[-3343,6271]],[[782938,944307],[4383,3352],[2495,1393],[473,89]],[[789876,950989],[38,-171]],[[789914,950818],[-2143,4]],[[787771,950822],[-4974,9]],[[782793,951015],[7083,-26]],[[790641,947563],[830,-3709]],[[787771,950822],[-2169,-1138],[-2735,-2091]],[[789914,950818],[375,-1677]],[[791733,949718],[203,-903]],[[791936,948815],[2479,-11037]],[[794415,937778],[3,-6260]],[[794418,931518],[0,-842]],[[790289,949141],[766,145],[678,432]],[[791449,950983],[38,-168]],[[791487,950815],[-1573,3]],[[789876,950989],[1573,-6]],[[791487,950815],[246,-1097]],[[794409,948784],[1,-787]],[[794410,947997],[5,-10096]],[[794415,937901],[0,-123]],[[791936,948815],[2473,-31]],[[794408,950972],[0,-163]],[[794408,950809],[-2921,6]],[[791449,950983],[2959,-11]],[[794409,950010],[0,-1226]],[[791733,949718],[464,296],[2212,-4]],[[794408,950809],[1,-601]],[[794409,950208],[0,-198]],[[794149,958895],[11216,-10]],[[805365,958885],[40,-6766]],[[805405,952119],[-2371,-1]],[[803034,952118],[-1149,188],[-974,-34],[-1473,-18],[-1277,289],[-2524,123],[-1493,-551]],[[794144,952115],[8890,3]],[[805405,952119],[1,-169]],[[805406,951950],[-11264,2]],[[794150,960314],[588,394],[2483,-372],[2252,1141],[1685,-1443],[1663,710],[845,-128],[885,476],[576,527],[222,-82]],[[805349,961537],[16,-2652]],[[794153,963044],[1,1316],[11173,948]],[[805327,965308],[22,-3771]],[[799414,932950],[2773,1128]],[[802187,934078],[80,-8266]],[[802267,925812],[-359,-1101],[-4105,-1297],[-3383,2183]],[[794418,931518],[5040,-4996],[-44,6428]],[[794408,950972],[11015,-35]],[[805423,950937],[1,-150]],[[805424,950787],[-3398,6]],[[802026,950793],[-6436,10]],[[795590,950803],[-1182,6]],[[795590,950319],[-7,-2331],[-1173,9]],[[794409,950208],[338,-35],[843,146]],[[795590,950319],[1653,132],[4787,-92]],[[802030,950359],[93,-9661]],[[802123,940698],[64,-6620]],[[799414,932950],[-4999,4951]],[[802123,940698],[3342,37]],[[805465,940735],[22,-5363]],[[805487,935372],[-3300,-1294]],[[805487,935372],[22,-5408],[-2204,-965],[-1038,-3187]],[[795590,950803],[0,-484]],[[802026,950793],[4,-434]],[[805424,950787],[41,-10052]],[[813562,961182],[848,-400],[2648,-2072]],[[817058,958710],[20,-3533]],[[817078,955177],[-1103,-49],[-15,-2794]],[[815960,952334],[-9799,-138]],[[806161,952196],[-34,7564]],[[806127,959760],[7453,-469],[-18,1891]],[[815960,952334],[1135,15]],[[817095,952349],[1,-196]],[[817096,952153],[-10934,-150],[-1,193]],[[817078,955177],[17,-2828]],[[817012,966626],[6,-1137]],[[817018,965489],[-3480,-1818]],[[813538,963671],[-11,1185]],[[813527,964856],[3485,1770]],[[817018,965489],[40,-6779]],[[813562,961182],[-24,2489]],[[806127,959760],[-7,1751]],[[806120,961511],[132,-68],[1964,-67],[1272,451],[2462,68],[1612,-713]],[[813538,963671],[-7431,628]],[[806107,964299],[-5,1155]],[[806102,965454],[7425,-598]],[[806120,961511],[-13,2788]],[[806143,941911],[10928,210]],[[817071,942121],[7,-1469]],[[817078,940652],[19,-3837]],[[817097,936815],[-10960,-6386],[6,11482]],[[817028,951147],[1,-210]],[[817029,950937],[-6201,-88]],[[810828,950849],[-1246,-17]],[[809582,950832],[-3434,-49]],[[806148,950783],[0,188],[10880,176]],[[810828,950849],[12,-2806],[-1243,-11],[-15,2800]],[[817029,950937],[42,-8816]],[[806143,941911],[5,8872]],[[828583,958665],[4,-489]],[[828587,958176],[51,-5665]],[[828638,952511],[-11543,-162]],[[817058,958710],[978,-766],[1550,-95],[2243,671],[4880,462],[1874,-317]],[[828638,952511],[2,-198]],[[828640,952313],[-11544,-160]],[[820472,966400],[12,-1140]],[[820484,965260],[-3466,229]],[[817012,966626],[3460,-226]],[[820484,965260],[46,-4474],[8039,-522]],[[828569,960264],[14,-1599]],[[828529,964727],[23,-2568]],[[828552,962159],[17,-1895]],[[820484,965260],[8045,-533]],[[828518,965874],[11,-1147]],[[820472,966400],[8046,-526]],[[828635,951101],[148,-14180]],[[828783,936921],[-3242,2708],[-5100,-1699]],[[820441,937930],[-36,3825],[-3327,-1103]],[[817029,950937],[11606,164]],[[828633,951334],[2,-233]],[[817028,951147],[11605,187]],[[820441,937930],[-3344,-1115]],[[837721,958272],[2414,22]],[[840135,958294],[54,-5621]],[[840189,952673],[-3339,-47]],[[836850,952626],[-17,4766],[893,5],[-5,875]],[[836708,952624],[142,2]],[[840189,952673],[2,-201],[-11551,-159]],[[828638,952511],[2656,37]],[[831294,952548],[1329,19]],[[832623,952567],[4085,57]],[[836708,952624],[-36,4765],[-957,1],[-8,850]],[[835707,958240],[-9,994],[2018,45],[5,-1007]],[[835950,964187],[1670,-2069],[1881,-744],[605,3]],[[840106,961377],[29,-3083]],[[835707,958240],[-3270,-29]],[[832437,958211],[37,3382]],[[832474,961593],[3476,2594]],[[832623,952567],[-159,319],[-104,3013],[77,2312]],[[840032,969068],[-2403,-5193],[-496,636]],[[837133,964511],[-43,3741]],[[837090,968252],[2942,816]],[[832474,961593],[-481,-359],[-731,-1254]],[[831262,959980],[-938,-1610],[-1741,295]],[[828552,962159],[7398,2028]],[[840032,969068],[74,-7691]],[[835950,964187],[1183,324]],[[831262,959980],[67,-1779]],[[831329,958201],[-2742,-25]],[[832437,958211],[-1108,-10]],[[831329,958201],[18,-1454],[97,-876],[-15,-3004],[-135,-319]],[[828518,965874],[8572,2378]],[[840196,951265],[153,-12926]],[[840349,938339],[-5782,2524],[122,-5494]],[[834689,935369],[-5906,1552]],[[828635,951101],[11561,164]],[[828633,951334],[11560,187],[3,-256]],[[840349,938339],[64,-5403],[-5724,2433]],[[851671,952919],[3,-195],[-10896,-194],[-2,173],[10895,216]],[[851725,943745],[27,-7254]],[[851752,936491],[-5084,1599],[32,-3808]],[[846700,934282],[-1111,329]],[[845589,934611],[-94,9056]],[[845495,943667],[6230,78]],[[851697,951749],[0,-202]],[[851697,951547],[-6282,-134]],[[845415,951413],[-517,-12]],[[844898,951401],[-4094,-88]],[[840804,951313],[-2,245],[10895,191]],[[844898,951401],[70,-16606]],[[844968,934795],[-1277,378],[-2748,-2793],[-139,18933]],[[851712,947436],[13,-3691]],[[845495,943667],[-38,3654]],[[845457,947321],[6255,115]],[[851697,951547],[7,-1721]],[[851704,949826],[8,-2390]],[[845457,947321],[-42,4092]],[[845589,934611],[-621,184]],[[851752,936491],[13,-3708],[-5065,1499]],[[863200,956701],[32,-3507]],[[863232,953194],[1,-87]],[[863233,953107],[2,-207]],[[863235,952900],[-261,-4],[-282,24388],[249,175],[65,-7],[194,-20751]],[[851697,951749],[3524,62],[2,-1940],[-3519,-45]],[[866962,956735],[1277,11],[13,2791],[5725,98],[56,-6048]],[[874033,953587],[-1406,-220],[-5997,-110]],[[866630,953257],[-111,-2]],[[866519,953255],[100,641],[343,2839]],[[866626,953168],[7410,135]],[[874036,953303],[2,-232],[-10803,-171]],[[863233,953107],[3393,61]],[[863232,953194],[3287,61]],[[866630,953257],[-4,-89]],[[874033,953587],[3,-284]],[[863200,956701],[3762,34]],[[866955,951596],[30,-12048],[7189,116]],[[874174,939664],[57,-5703]],[[874231,933961],[-5754,1681],[-27,-5501]],[[868450,930141],[-3170,951],[-1923,1917],[-135,18539]],[[863222,951548],[3733,48]],[[874051,951845],[-10830,-146]],[[863221,951699],[-1,200],[10829,183],[2,-237]],[[874051,951845],[-808,-168],[-1744,-22]],[[871499,951655],[-2616,-34]],[[868883,951621],[-1928,-25]],[[863222,951548],[-1,151]],[[871499,951655],[-15,-4186],[-2561,-9],[-40,4161]],[[874051,951845],[123,-12181]],[[874231,933961],[56,-5570],[-5837,1750]],[[877032,967611],[5867,-4694]],[[882899,962917],[-1230,-2029]],[[881669,960888],[-1237,-2041]],[[880432,958847],[-302,-497],[-1677,-2069],[-2068,-1693],[-1666,-789]],[[874719,953799],[-98,13885]],[[874621,967684],[1083,-181],[1328,108]],[[879048,953333],[6661,113]],[[885709,953446],[2,-208]],[[885711,953238],[-10987,-187],[-1,209]],[[874723,953260],[4325,73]],[[875476,968856],[-865,190]],[[874611,969046],[-3,505]],[[874608,969551],[868,-695]],[[875476,968856],[1556,-1245]],[[874621,967684],[-10,1362]],[[879212,955087],[1787,1779],[1200,2189]],[[882199,959055],[1951,2861]],[[884150,961916],[1483,-1186]],[[885633,960730],[76,-7284]],[[879048,953333],[-33,1515],[197,239]],[[882899,962917],[1251,-1001]],[[882199,959055],[-493,-723]],[[881706,958332],[-9,592]],[[881697,958924],[-28,1964]],[[881697,958924],[-1265,-77]],[[881706,958332],[-833,-1222],[-1661,-2023]],[[874723,953260],[-4,539]],[[885375,985284],[55,-5239]],[[885430,980045],[-6743,-226]],[[878687,979819],[6630,5489],[58,-24]],[[885430,980045],[98,-9289]],[[885528,970756],[-1501,-468],[-1097,14],[-1308,-418],[-306,-212]],[[881316,969672],[-737,-512],[-1354,-261],[-2510,-29]],[[876715,968870],[-1239,-14]],[[874608,969551],[-49,6850]],[[874559,976401],[4128,3418]],[[878310,967714],[2398,195],[688,242]],[[881396,968151],[4144,1460]],[[885540,969611],[26,-2469]],[[885566,967142],[-600,-816],[-2067,-3409]],[[877032,967611],[1278,103]],[[885528,970756],[12,-1145]],[[881396,968151],[-80,1521]],[[876715,968870],[63,-461],[1532,-695]],[[885391,963735],[214,-334]],[[885605,963401],[28,-2671]],[[884150,961916],[1241,1819]],[[885566,967142],[32,-3103]],[[885598,964039],[-207,-304]],[[885598,964039],[7,-638]],[[879430,946485],[-56,5677]],[[879374,952162],[6329,119],[49,-5681],[-6322,-115]],[[879430,946485],[-4653,-84],[-42,5674],[4639,87]],[[897045,953677],[-2,-286]],[[897043,953391],[-11332,-153]],[[885709,953446],[11336,231]],[[897045,953677],[9001,40]],[[906046,953717],[0,-189]],[[906046,953528],[-9003,-137]],[[906046,953717],[1991,14],[2,-180],[-1993,-23]],[[908230,933802],[88,-9315],[-11041,-91],[-78,9459]],[[897199,933855],[11031,-53]],[[907023,952339],[1030,17]],[[908053,952356],[177,-18554]],[[897199,933855],[-150,18305]],[[897049,952160],[9974,179]],[[907027,952640],[-4,-301]],[[897049,952160],[-3,326],[9981,154]],[[907027,952640],[1023,17],[3,-301]],[[894995,998679],[-1656,-8315],[-550,-1870],[-1092,-5693]],[[891697,982801],[-6322,2483]],[[874559,976401],[-767,-636],[-12354,2082],[11886,9025],[12229,13127],[9442,-1320]],[[894995,998679],[688,-96]],[[895683,998583],[-3178,-16099]],[[892505,982484],[-808,317]],[[917037,976810],[3098,-4959],[-12290,5139],[-9894,3352]],[[897951,980342],[689,463],[2677,610],[2717,-360],[13003,-4245]],[[895683,998583],[344,-48]],[[896027,998535],[-2215,-11062],[-1307,-4989]],[[896027,998535],[1424,-199]],[[897451,998336],[-3796,-16304]],[[893655,982032],[-1150,452]],[[897451,998336],[2664,-379]],[[900115,997957],[-2174,-15684]],[[897941,982273],[-1819,-1210]],[[896122,981063],[-2467,969]],[[805406,951950],[17,-1013]],[[771336,951047],[-6,979]],[[601408,972438],[-206,-872]],[[591115,977882],[-273,171],[-2516,788]],[[586623,979375],[-1726,541]],[[584897,979916],[-5110,1602]],[[579787,981518],[256,783],[11165,-3532],[5588,-3468]],[[601408,972438],[524,-327]],[[612685,965335],[10878,-6855]],[[633639,952171],[7,-1058]],[[601723,971239],[-521,327]],[[633854,952098],[414,-142]],[[667853,951927],[10,-957]],[[634278,951036],[-632,77]],[[701910,952069],[606,6]],[[736059,952135],[1,-964]],[[725024,951153],[-2853,-5]],[[722171,951148],[-526,0]],[[721645,951148],[-214,-1]],[[721431,951147],[-8095,-13]],[[702527,951094],[-617,-1]],[[701909,951293],[1,776]],[[679354,951028],[-4904,-26]],[[674207,951000],[-5657,-31]],[[668550,950969],[-687,1]],[[667853,951927],[684,2]],[[768436,952041],[577,1]],[[771336,951047],[-576,1]],[[736688,951158],[-628,13]],[[736059,952135],[630,8]],[[602477,976977],[639,161]],[[633877,983427],[435,-64]],[[667755,970819],[773,362]],[[701828,967782],[631,-10]],[[736008,971933],[685,-804]],[[771373,938303],[-536,-243]],[[775112,968042],[1127,2],[-7205,-5638]],[[806120,961511],[-771,26]],[[805327,965308],[775,146]],[[840032,969068],[678,578],[77,-8208],[-681,-61]],[[758702,925900],[563,-1386]],[[759265,924514],[-1,-1612]],[[757687,925304],[1015,596]],[[759268,929558],[-2,-3326]],[[759266,926232],[-564,-332]],[[768436,932809],[-1281,-1825],[-1,-1043]],[[767154,929941],[-568,-369],[-466,1862]],[[766120,931434],[1728,1274],[588,101]],[[767154,929941],[-8,-6124]],[[767146,923817],[-670,694],[-1410,439],[-1104,0]],[[763962,924950],[109,4974]],[[764071,929924],[2049,1510]],[[767146,923817],[-2,-1091]],[[767144,922726],[-3229,73]],[[763915,922799],[47,2151]],[[768436,932809],[633,42],[-1404,-1907],[-52,-7606]],[[767613,923338],[-467,479]],[[767613,923338],[-4,-610],[-261,-6]],[[767348,922722],[-204,4]],[[607824,978560],[5613,4088],[3213,-403]],[[614719,974012],[-1183,-5049],[-270,-1151]],[[613266,967812],[-538,-2291]],[[623602,958646],[-298,189]],[[623988,961581],[1347,5411]],[[625335,966992],[121,486]],[[767348,922722],[-94,-2511]],[[767254,920211],[-1596,561],[-1198,752],[-2260,941],[-1382,403]],[[760818,922868],[2895,-65],[202,-4]],[[767254,920211],[-832,-22215]],[[759264,922902],[306,-7]],[[759570,922895],[1248,-27]],[[759266,926232],[-1,-1718]],[[763962,924950],[-1433,-191],[-1646,-476],[-699,524],[-321,558],[-184,1103]],[[759679,926468],[181,104],[1067,1035],[2856,2104],[288,213]],[[759570,922895],[1,1021]],[[759571,923916],[5,2493]],[[759576,926409],[103,59]],[[759265,924514],[306,-598]],[[759266,926232],[310,177]],[[770837,938060],[11,-1815],[-2412,-3436]],[[754089,895625],[-5666,6734],[-5091,747],[-7702,4514]],[[735630,907620],[1053,5082]],[[736683,912702],[470,2272]],[[737153,914974],[526,2540],[353,2332]],[[471249,569167],[6194,-4851],[-1069,145]],[[476374,564461],[-5125,4706]],[[476374,564461],[-6998,946],[1873,3760]],[[625335,966992],[-12069,820]],[[734585,899276],[564,-398]],[[735149,898878],[-825,-7626],[-1745,245],[-2307,980],[1021,7401],[3292,-602]],[[735172,907851],[1511,4851]],[[735630,907620],[-458,231]],[[737197,919678],[835,168]],[[737153,914974],[46,2041],[-2,2663]],[[735172,907851],[-350,-1071],[-112,-512],[8,-754],[431,-6636]],[[734585,899276],[-495,6209],[20,1044],[165,944],[1842,5758],[408,1812],[76,1936],[-190,2541]],[[736411,919520],[786,158]],[[777021,938314],[-263,-142],[-2954,-1470],[-2317,-1639],[-2063,-2067],[1956,2797]],[[622224,959518],[-9496,6003]],[[476866,41737],[1360,-4091]],[[478226,37646],[-291,-270]],[[477935,37376],[-1384,3867]],[[476551,41243],[315,494]],[[477935,37376],[-1442,-1337]],[[476493,36039],[-808,3228],[-173,348]],[[475512,39615],[1039,1628]],[[479822,36870],[-251,-193]],[[479571,36677],[-903,2512],[-86,-65],[-1197,3427]],[[477385,42551],[643,1006],[1794,-6687]],[[479571,36677],[-173,-134]],[[479398,36543],[-2013,6008]],[[479926,36483],[702,-2618]],[[480628,33865],[-915,2453]],[[479713,36318],[213,165]],[[480628,33865],[1341,-4998]],[[481969,28867],[-2447,7304]],[[479522,36171],[191,147]],[[476551,41243],[-750,2133],[46,43],[-1346,3766]],[[474501,47185],[133,665],[201,-5]],[[475512,39615],[-1803,3625],[792,3945]],[[478226,37646],[2687,-8079]],[[480913,29567],[-227,-172],[3174,-7577]],[[483860,21818],[681,-2539],[823,-3735],[-2613,1440],[-818,5218],[-1907,2248],[-658,5217],[-2355,4294],[-520,2078]],[[479398,36543],[124,-372]],[[481969,28867],[1141,-4253]],[[483110,24614],[-1872,3976],[-325,977]],[[479822,36870],[104,-387]],[[479713,36318],[-142,359]],[[483110,24614],[750,-2796]],[[589348,970347],[-2425,-10337]],[[586923,960010],[-4161,4453]],[[582762,964463],[2135,15453]],[[591566,969692],[-2473,-10531]],[[589093,959161],[-2170,849]],[[582762,964463],[-2793,2989],[-3965,2500]],[[576004,969952],[3783,11566]],[[601723,971239],[-3763,-15745]],[[597960,955494],[-437,366]],[[597523,955860],[1827,7800]],[[609404,951405],[-1137,-4833]],[[608267,946572],[-8250,8154],[-2057,768]],[[597523,955860],[-6554,2566]],[[590969,958426],[1913,1195]],[[590969,958426],[-1876,735]],[[622524,953994],[-199,-835]],[[622325,953159],[-41,-174]],[[622284,952985],[-1653,1047],[-2587,-10853]],[[618044,943179],[-9777,3393]],[[622325,953159],[2116,-2723],[-2318,-9718]],[[622123,940718],[-2291,1976]],[[619832,942694],[2452,10291]],[[622532,940365],[3591,15298]],[[628283,951257],[-2580,-10940]],[[625703,940317],[-2956,-137],[-215,185]],[[622532,940365],[-409,353]],[[619832,942694],[-1788,485]],[[634276,944576],[-3,-11380]],[[634273,933196],[-288,-312],[-364,270]],[[633621,933154],[13,9647]],[[636574,946171],[-40,-11497]],[[636534,934674],[-2261,-1478]],[[641374,945280],[43,-10457]],[[641417,934823],[-3011,1074],[-1872,-1223]],[[629408,941396],[-1128,-3044]],[[628280,938352],[-2046,1990]],[[626234,940342],[3174,1054]],[[633621,933154],[-5341,5198]],[[626234,940342],[-271,-13],[-260,-12]],[[656851,932094],[7,-6541]],[[656858,925553],[-7073,7051],[-4396,-1297]],[[645389,931307],[-10,14012]],[[645389,931307],[-3972,3516]],[[667929,941624],[73,-10496]],[[668002,931128],[-7858,-5312],[-3286,-263]],[[679379,935843],[14,-8437]],[[679393,927406],[-6437,502]],[[672956,927908],[64,8080],[6359,-145]],[[673531,947230],[14,-1895]],[[679354,950845],[8,-4796]],[[679370,941226],[7,-4283]],[[679377,936943],[2,-1100]],[[672956,927908],[-2624,2531]],[[670332,930439],[-23,10519],[-1763,-13]],[[668546,940945],[4,10024]],[[668546,940945],[-4,-9331],[-7,-545]],[[668535,931069],[-333,168],[-200,-109]],[[670332,930439],[-1797,630]],[[683743,929583],[-4350,-2177]],[[679377,936943],[4366,-7360]],[[690990,934364],[2,-2927]],[[690992,931437],[-3916,-958]],[[687076,930479],[-29,3854]],[[687076,930479],[-3333,-896]],[[690980,951007],[6,-9637]],[[690986,941370],[0,-350]],[[686994,940964],[-14,3903],[-3486,-145],[52,-3754],[3448,-4]],[[701910,951093],[99,-28287]],[[702009,922806],[-2425,1778],[-4594,6033],[-1019,209]],[[693971,930826],[-2,10559],[-2983,-15]],[[702527,950947],[98,-28724]],[[702625,922223],[-217,-163],[-399,746]],[[693971,930826],[-2979,611]],[[713357,947122],[86,-16070]],[[713443,931052],[-3505,-158],[-7313,-8671]],[[721431,951147],[89,-19687]],[[721520,931460],[-6577,2402],[-1500,-2810]],[[736101,943645],[73,-13436]],[[736174,930209],[-2874,-1160],[-8266,1127]],[[725034,930176],[-6,13343]],[[722171,951148],[104,-19964]],[[722275,931184],[-567,207]],[[721708,931391],[-63,19757]],[[725034,930176],[-2759,1008]],[[721708,931391],[-188,69]],[[738469,922740],[244,2225]],[[738713,924965],[205,1868],[-2744,3376]],[[738713,924965],[-420,-185],[-1037,3670],[-2535,-260],[-1514,-1354],[-463,-1510],[-175,-1275]],[[732569,924051],[-160,286],[-159,-442],[-1547,416],[-1770,1224],[-701,-469],[-1196,911],[-1132,365],[-2487,-26],[-1101,1249],[-1211,-104],[-734,260],[-813,-1093],[-1196,156],[-1387,26],[-2344,-989],[-606,-547],[-622,-286],[-1323,885]],[[712080,925873],[-686,859],[-813,-364],[-941,-1510],[-30,-60]],[[709610,924798],[-911,-1788],[-1243,156],[-1196,-260],[-1196,-703],[-1036,-1015],[-2456,234],[-1148,364],[-1228,-26],[-207,-546],[-957,-104],[-1514,156]],[[696518,921266],[-925,208],[-1276,599],[-1211,468],[-1266,82],[-1064,-21],[-1182,1200],[-1221,-278],[-1378,857],[-1208,-793],[-1300,429],[-1248,300],[-1208,-300],[-985,450],[-118,-214],[-1247,-22],[-1195,-64],[-736,-665],[-1024,472],[-1694,-665],[-13,86],[-1746,-472],[-1130,-814],[-1260,300],[-604,-107],[-788,43],[-1379,193],[-840,85],[-827,-43]],[[666445,922580],[-434,43],[-604,-450],[-1799,493],[-1287,-64],[-1181,-22],[-1130,215],[-1155,536],[-880,386],[-407,-215],[-1142,643],[-1169,493],[-1103,794],[-578,793],[-564,150],[-1156,514],[-236,450],[-1011,-128],[-1195,814],[-2443,772],[-853,858],[-53,235],[-157,-128],[-854,236],[-574,-29],[-1248,-536],[-932,-343],[-250,-343],[-551,-43]],[[641499,928704],[-1221,1886],[-1051,536],[-998,-943],[-1024,-1543],[-1064,-1780]],[[636141,926860],[-1195,0],[-945,429],[-184,-171],[-1195,214],[-1011,-1136],[-2442,857],[-1064,150],[-775,1758],[-1234,493],[-262,64],[-1235,-964]],[[624599,928554],[-1891,579],[-538,0],[-617,-236],[-171,-429]],[[621382,928468],[-958,-2079],[-591,235],[65,1029],[-210,1480]],[[619688,929133],[-118,1114],[-2771,2294],[-971,1415]],[[615828,933956],[-1642,2122],[-761,-1500]],[[613425,934578],[-473,235],[-565,-986]],[[612387,933827],[-1129,-1929],[-709,-450],[-919,-1779],[-617,-1201],[-578,-1522],[-486,-1608],[-893,-729],[-1470,0],[210,1651],[-631,2637],[-407,2251],[132,2122],[538,3087],[105,2079],[-60,746]],[[605473,939182],[-45,562],[-131,1693],[-1092,763],[-1219,816],[-1244,239],[-914,398],[-1073,896],[-1158,358],[-1244,836],[-1134,319],[-1036,517],[-1793,159],[-439,-1055]],[[592951,945683],[-719,-1493],[-598,-955],[-1243,-319],[-683,498],[-1427,2787],[452,975],[-61,378]],[[588672,947554],[-171,1294],[-598,478],[-1255,557],[-1025,359],[-1085,716],[-1036,1314]],[[583502,952272],[-768,1334],[-695,517],[-683,-298]],[[581356,953825],[-1427,-179],[-1158,895],[-1012,817],[-1098,1214],[-963,1055],[-1048,895],[-1317,259],[-147,956],[-768,358],[-1146,916],[-2292,1592]],[[568980,962603],[-549,2210],[-390,378],[-915,-796],[-792,258],[-183,777],[-890,40],[-1610,-976],[-951,259],[-853,677],[2573,199],[1377,179],[891,-120],[2206,-19],[1512,358],[4036,935],[1562,2990]],[[583502,952272],[-1110,1274],[-1036,279]],[[641499,928704],[-755,-467],[-1317,1378],[-1137,-386],[-1080,-1948],[-1069,-421]],[[712080,925873],[-1303,-368],[-1167,-707]],[[615828,933956],[-1016,859],[-1387,-237]],[[588672,947554],[-927,-79],[-1378,-319],[-3109,-2368],[-2451,398],[-975,3025],[-842,2210],[-2207,1632],[-2438,-219],[-2122,3145],[-744,2090],[-2207,2031],[-853,79],[561,3424]],[[605473,939182],[-3535,-1003],[-939,1154],[-2244,-1512],[-1878,457],[-1560,2190],[-2366,5215]],[[619688,929133],[-1184,-180],[-2679,-257],[-1159,955],[-1295,2775],[-984,1401]],[[624599,928554],[-29,-4176]],[[624570,924378],[-934,-239],[-135,2315],[-2119,2014]],[[738469,922740],[-27,-179]],[[738442,922561],[-453,-196],[-2364,294],[-2442,643],[-614,749]],[[666445,922580],[-136,-1350],[488,-3424],[914,-40],[2524,1951],[1720,338]],[[671955,920055],[-4963,-5135],[-3975,40],[-4682,4876],[-5902,4061],[-2719,-318],[-3158,-2588],[-1304,4180],[-1037,2070],[-158,-20],[-1771,-1006],[-1126,-1506],[-1801,-4520],[-2723,1892],[-3422,1911],[-2679,-1654],[-5323,2169],[-642,-129]],[[696518,921266],[-252,-2576]],[[696266,918690],[-1983,-758],[-2966,-1380],[-3390,3503],[-2389,-2985],[-4841,3583],[-3560,537],[-1208,-876],[-1268,358],[-2706,-617]],[[738442,922561],[-410,-2715]],[[738032,919846],[-1621,-326]],[[736411,919520],[-2229,-49],[-2603,1539],[-2842,1194],[-4220,-1676],[-1267,2480],[-2251,207],[-3024,-1906],[-3419,1447],[-3391,-4755],[-3812,1723],[-3067,-2297],[-2561,1034],[-2546,-644],[-2519,988],[-394,-115]],[[767613,923338],[2884,-2135],[1641,-460],[1257,-1516],[450,-1393],[169,-3001],[-459,-1302],[-554,-1010],[-591,-613],[-1857,-1669],[-103,-1470],[1341,-7640],[19,-2312],[-188,-2068],[0,-2143],[-159,-2435],[628,-2526],[57,-4073],[412,-1731],[685,-1592],[1163,-3246],[319,-1792],[1895,-2542],[586,-2261],[779,-904],[1144,-3445],[1097,-1179],[1032,-1807],[1651,-689],[1163,-1531],[816,-964],[600,-797],[394,-1087],[1004,-3506],[-207,-4946],[-215,-1593],[309,-1684],[-94,-1056],[723,-1317],[-282,-1547],[272,-2297],[-337,-2235],[-1013,-1057],[-526,-4716],[-1294,215],[-272,-1057],[-703,-475],[-263,-2327],[-675,-505],[-779,-245],[-497,383],[-741,-1072],[-825,-613],[-1069,-1332],[-2345,-4961],[-188,-2419],[450,-2067],[-788,-429],[-544,2220],[179,3307],[365,2205],[226,-199],[1378,3185],[685,1363],[1660,1991],[816,826],[413,-92],[628,1026],[948,873],[-132,2603],[563,352],[910,-597],[1219,2190],[-159,2588],[1144,842],[-713,4103],[-263,2864],[-272,1133],[57,3460],[319,490],[159,2404],[-1041,2190],[-1069,1301],[-1548,-796],[-853,398],[469,3338],[-601,399],[-1463,2051],[-1191,276],[-788,842],[-244,3507],[-1956,3777],[-1529,1960],[-412,2174],[-657,1654],[-422,1684],[-741,1914],[-844,4441],[94,1562],[-722,3077],[872,3645],[-103,2327],[112,827],[-309,2251],[-57,1393],[-394,2006],[-187,1868],[-432,2098],[329,2480],[2710,4456],[272,1807],[-769,1730],[-2382,582],[-2005,708]],[[915183,979778],[-998,288],[-5045,1538],[-1091,360],[-3637,1109],[-1091,340],[-1342,185],[-1377,-58],[1,-424]],[[900603,983116],[-2249,-565],[-413,-278]],[[900115,997957],[4063,-562],[11005,-17617]],[[915183,979778],[299,-479]],[[915482,979299],[-11239,3513],[-2890,492],[-750,-188]],[[915482,979299],[1555,-2489]],[[897951,980342],[-1829,721]]],"bbox":[1007.346,-3817.074,16666.89,5781.435],"transform":{"scale":[0.01565955965955966,0.0095985185985186],"translate":[1007.346,-3817.074]}}
