{"type":"Topology","objects":{"01207-4601-7.featurecollection":{"type":"GeometryCollection","geometries":[{"type":"Polygon","arcs":[[0,1,2]],"properties":{"市区町村名":"帯広市","大字名":"西二十条南","丁目名":"４丁目","小字名":null,"地番":"2-1","精度区分":null,"座標系":"任意座標系"}},{"type":"Polygon","arcs":[[3,4,5]],"properties":{"市区町村名":"帯広市","大字名":"西二十条南","丁目名":"４丁目","小字名":null,"地番":"2-3","精度区分":null,"座標系":"任意座標系"}},{"type":"Polygon","arcs":[[6,7,8,9,10,11,12,13,14,15,16,17,18,19,20,21,22]],"properties":{"市区町村名":"帯広市","大字名":"西二十条南","丁目名":"４丁目","小字名":null,"地番":"4-1","精度区分":null,"座標系":"任意座標系"}},{"type":"Polygon","arcs":[[23,24,25,26,27,28,29,30,31,32,33,34,35,36,37,38,39,40,41,42,43,44,45,46,47,48]],"properties":{"市区町村名":"帯広市","大字名":"西二十条南","丁目名":"４丁目","小字名":null,"地番":"4-2","精度区分":null,"座標系":"任意座標系"}},{"type":"Polygon","arcs":[[49,50,51,52,53,54,55,56,57,58,59,60,61,62,63,64,65,66,-3,67,68,69,70,71,-44]],"properties":{"市区町村名":"帯広市","大字名":"西二十条南","丁目名":"４丁目","小字名":null,"地番":"4-3","精度区分":null,"座標系":"任意座標系"}},{"type":"Polygon","arcs":[[72,73,74,75,76,77,78,79]],"properties":{"市区町村名":"帯広市","大字名":"西二十条南","丁目名":"４丁目","小字名":null,"地番":"4-4","精度区分":null,"座標系":"任意座標系"}},{"type":"Polygon","arcs":[[80,81,82,83,84,85,86,87,88,89,90,91,92,93,-62,94,95,-33,96,97,98,99,100]],"properties":{"市区町村名":"帯広市","大字名":"西二十条南","丁目名":"４丁目","小字名":null,"地番":"4-5","精度区分":null,"座標系":"任意座標系"}},{"type":"Polygon","arcs":[[-2,101,102,103,104,105,106,107,108,-17,109,110,111,112,-68]],"properties":{"市区町村名":"帯広市","大字名":"西二十条南","丁目名":"４丁目","小字名":null,"地番":"4-6","精度区分":null,"座標系":"任意座標系"}},{"type":"Polygon","arcs":[[113,114,115,116,117,118,119,120,121,122,123,124,125,126,127,128,129,130,131,132,-102,-1,-67]],"properties":{"市区町村名":"帯広市","大字名":"西二十条南","丁目名":"４丁目","小字名":null,"地番":"4-7","精度区分":null,"座標系":"任意座標系"}},{"type":"Polygon","arcs":[[133,134,135,136,137,138,139,140,141,142,143,144,145,-21,146]],"properties":{"市区町村名":"帯広市","大字名":"西二十条南","丁目名":"４丁目","小字名":null,"地番":"4-8","精度区分":null,"座標系":"任意座標系"}},{"type":"Polygon","arcs":[[147,148,149,150,151,152,153,154,155,156,157,158,159,160,161,162,163,164,165,166,167,168,169,170,171,172,173,-108]],"properties":{"市区町村名":"帯広市","大字名":"西二十条南","丁目名":"４丁目","小字名":null,"地番":"4-9","精度区分":null,"座標系":"任意座標系"}},{"type":"Polygon","arcs":[[174,175,176,177,178,179,180,181,182,183,184,185,186,187,188,-176,189,190,191,192,193,194,195,196,197,198,199,200,201,202,-75,203]],"properties":{"市区町村名":"帯広市","大字名":"西二十条南","丁目名":"４丁目","小字名":null,"地番":"4-12","精度区分":null,"座標系":"任意座標系"}},{"type":"Polygon","arcs":[[204,205,206,207,208,209,210,-191,211,212,213,214,215,216,217,218,-89,219,220,221,-199,222]],"properties":{"市区町村名":"帯広市","大字名":"西二十条南","丁目名":"４丁目","小字名":null,"地番":"4-13","精度区分":null,"座標系":"任意座標系"}},{"type":"Polygon","arcs":[[223,224,225,226,227,228,229,230,-213,231,232,233,234,235,236,237,238,-123,239,240,-219]],"properties":{"市区町村名":"帯広市","大字名":"西二十条南","丁目名":"４丁目","小字名":null,"地番":"4-14","精度区分":null,"座標系":"任意座標系"}},{"type":"Polygon","arcs":[[241,242,243,244,245,246,247,248,249,250,251,252,253,254,255,256,257,258,259,260,261,262,263,264,265]],"properties":{"市区町村名":"帯広市","大字名":"西二十条南","丁目名":"４丁目","小字名":null,"地番":"4-16","精度区分":null,"座標系":"任意座標系"}},{"type":"Polygon","arcs":[[266,-73]],"properties":{"市区町村名":"帯広市","大字名":"西二十条南","丁目名":"４丁目","小字名":null,"地番":"4-17","精度区分":null,"座標系":"任意座標系"}},{"type":"Polygon","arcs":[[267,268,-100]],"properties":{"市区町村名":"帯広市","大字名":"西二十条南","丁目名":"４丁目","小字名":null,"地番":"4-18","精度区分":null,"座標系":"任意座標系"}},{"type":"Polygon","arcs":[[269,270,271,272,273,274,275,276,277,278,279,280,281,282,283,284,285,286,287,288,289,290,291,292,293,294,295,296,297,298]],"properties":{"市区町村名":"帯広市","大字名":"西二十条南","丁目名":"４丁目","小字名":null,"地番":"5-2","精度区分":null,"座標系":"任意座標系"}},{"type":"Polygon","arcs":[[299,300,301,302,303,304,305,306,307,308,309,310,311,312,313,314,-6,315,316,317,318,319,320,321,-294,322]],"properties":{"市区町村名":"帯広市","大字名":"西二十条南","丁目名":"４丁目","小字名":null,"地番":"5-3","精度区分":null,"座標系":"任意座標系"}},{"type":"Polygon","arcs":[[323,324,325,326,327,328,329,330,331,332,333,334,335,336]],"properties":{"市区町村名":"帯広市","大字名":"西二十条南","丁目名":"４丁目","小字名":null,"地番":"5-5","精度区分":null,"座標系":"任意座標系"}},{"type":"Polygon","arcs":[[-5,337,338,339,340,341,342,343,344,345,346,347,348,-316]],"properties":{"市区町村名":"帯広市","大字名":"西二十条南","丁目名":"４丁目","小字名":null,"地番":"5-6","精度区分":null,"座標系":"任意座標系"}},{"type":"Polygon","arcs":[[349,350,351,352,353,354,355,356,357,358,359,360,361,362,363,364,365,366,367,368,369,370,371,-331,372,373,374,-345]],"properties":{"市区町村名":"帯広市","大字名":"西二十条南","丁目名":"４丁目","小字名":null,"地番":"5-8","精度区分":null,"座標系":"任意座標系"}},{"type":"Polygon","arcs":[[375,376,377,378,379,380,381,382,383,384,-335,385]],"properties":{"市区町村名":"帯広市","大字名":"西二十条南","丁目名":"４丁目","小字名":null,"地番":"5-9","精度区分":null,"座標系":"任意座標系"}},{"type":"Polygon","arcs":[[386,387,388,389,390,391,392,393,394,-384,395,396,-368]],"properties":{"市区町村名":"帯広市","大字名":"西二十条南","丁目名":"４丁目","小字名":null,"地番":"5-10","精度区分":null,"座標系":"任意座標系"}},{"type":"Polygon","arcs":[[397,398,399,400,401,402,403,404,405,406,-394,407,408,-361,409,410,411,412]],"properties":{"市区町村名":"帯広市","大字名":"西二十条南","丁目名":"４丁目","小字名":null,"地番":"5-11","精度区分":null,"座標系":"任意座標系"}},{"type":"Polygon","arcs":[[413,414,415,416,417,418,-252,419,420,421,422,423,424,425,426,427,428,429,430,431,-258,432]],"properties":{"市区町村名":"帯広市","大字名":"西二十条南","丁目名":"４丁目","小字名":null,"地番":"5-12","精度区分":null,"座標系":"任意座標系"}},{"type":"Polygon","arcs":[[433,434,435,436,437,438,439,440,-421,441,442,443,444,445,446,447,448,449,450,451,452,453,-427]],"properties":{"市区町村名":"帯広市","大字名":"西二十条南","丁目名":"４丁目","小字名":null,"地番":"5-13","精度区分":null,"座標系":"任意座標系"}},{"type":"Polygon","arcs":[[454,455,456,457,458,459,460,461,462,463,464,465,466,467,468,469,470,471,472,473,474]],"properties":{"市区町村名":"帯広市","大字名":"西二十条南","丁目名":"４丁目","小字名":null,"地番":"5-15","精度区分":null,"座標系":"任意座標系"}},{"type":"Polygon","arcs":[[475,476,477,478,479,480,481,482,-406,483,484,485,486,-469]],"properties":{"市区町村名":"帯広市","大字名":"西二十条南","丁目名":"４丁目","小字名":null,"地番":"5-17","精度区分":null,"座標系":"任意座標系"}},{"type":"Polygon","arcs":[[487,488,-482]],"properties":{"市区町村名":"帯広市","大字名":"西二十条南","丁目名":"４丁目","小字名":null,"地番":"5-18","精度区分":null,"座標系":"任意座標系"}},{"type":"Polygon","arcs":[[489,-23,490,491]],"properties":{"市区町村名":"帯広市","大字名":"西二十条南","丁目名":"４丁目","小字名":null,"地番":"9-1","精度区分":null,"座標系":"任意座標系"}},{"type":"Polygon","arcs":[[492,493,494,495,-492,496]],"properties":{"市区町村名":"帯広市","大字名":"西二十条南","丁目名":"４丁目","小字名":null,"地番":"9-2","精度区分":null,"座標系":"任意座標系"}},{"type":"Polygon","arcs":[[497,-493,498,-48]],"properties":{"市区町村名":"帯広市","大字名":"西二十条南","丁目名":"４丁目","小字名":null,"地番":"9-3","精度区分":null,"座標系":"任意座標系"}},{"type":"Polygon","arcs":[[-496,499,500,-7,-490]],"properties":{"市区町村名":"帯広市","大字名":"西二十条南","丁目名":"４丁目","小字名":null,"地番":"9-4","精度区分":null,"座標系":"任意座標系"}},{"type":"Polygon","arcs":[[-46,501,-500,-495,502]],"properties":{"市区町村名":"帯広市","大字名":"西二十条南","丁目名":"４丁目","小字名":null,"地番":"9-5","精度区分":null,"座標系":"任意座標系"}},{"type":"Polygon","arcs":[[503,-8,-501,504]],"properties":{"市区町村名":"帯広市","大字名":"西二十条南","丁目名":"４丁目","小字名":null,"地番":"9-6","精度区分":null,"座標系":"任意座標系"}},{"type":"Polygon","arcs":[[-72,505,-505,-502,-45]],"properties":{"市区町村名":"帯広市","大字名":"西二十条南","丁目名":"４丁目","小字名":null,"地番":"9-7","精度区分":null,"座標系":"任意座標系"}},{"type":"Polygon","arcs":[[506,-9,-504,507]],"properties":{"市区町村名":"帯広市","大字名":"西二十条南","丁目名":"４丁目","小字名":null,"地番":"9-8","精度区分":null,"座標系":"任意座標系"}},{"type":"Polygon","arcs":[[-71,508,-508,-506]],"properties":{"市区町村名":"帯広市","大字名":"西二十条南","丁目名":"４丁目","小字名":null,"地番":"9-9","精度区分":null,"座標系":"任意座標系"}},{"type":"Polygon","arcs":[[509,510,-10,-507]],"properties":{"市区町村名":"帯広市","大字名":"西二十条南","丁目名":"４丁目","小字名":null,"地番":"9-10","精度区分":null,"座標系":"任意座標系"}},{"type":"Polygon","arcs":[[-70,511,-510,-509]],"properties":{"市区町村名":"帯広市","大字名":"西二十条南","丁目名":"４丁目","小字名":null,"地番":"9-11","精度区分":null,"座標系":"任意座標系"}},{"type":"Polygon","arcs":[[512,-11,-511,513]],"properties":{"市区町村名":"帯広市","大字名":"西二十条南","丁目名":"４丁目","小字名":null,"地番":"9-12","精度区分":null,"座標系":"任意座標系"}},{"type":"Polygon","arcs":[[-113,514,-514,-512,-69]],"properties":{"市区町村名":"帯広市","大字名":"西二十条南","丁目名":"４丁目","小字名":null,"地番":"9-13","精度区分":null,"座標系":"任意座標系"}},{"type":"Polygon","arcs":[[515,-12,-513,516]],"properties":{"市区町村名":"帯広市","大字名":"西二十条南","丁目名":"４丁目","小字名":null,"地番":"9-14","精度区分":null,"座標系":"任意座標系"}},{"type":"Polygon","arcs":[[-112,517,-517,-515]],"properties":{"市区町村名":"帯広市","大字名":"西二十条南","丁目名":"４丁目","小字名":null,"地番":"9-15","精度区分":null,"座標系":"任意座標系"}},{"type":"Polygon","arcs":[[518,519,520,-13,-516]],"properties":{"市区町村名":"帯広市","大字名":"西二十条南","丁目名":"４丁目","小字名":null,"地番":"9-16","精度区分":null,"座標系":"任意座標系"}},{"type":"Polygon","arcs":[[-111,521,522,-519,-518]],"properties":{"市区町村名":"帯広市","大字名":"西二十条南","丁目名":"４丁目","小字名":null,"地番":"9-17","精度区分":null,"座標系":"任意座標系"}},{"type":"Polygon","arcs":[[523,-14,-521]],"properties":{"市区町村名":"帯広市","大字名":"西二十条南","丁目名":"４丁目","小字名":null,"地番":"9-18","精度区分":null,"座標系":"任意座標系"}},{"type":"Polygon","arcs":[[-523,524,-15,-524,-520]],"properties":{"市区町村名":"帯広市","大字名":"西二十条南","丁目名":"４丁目","小字名":null,"地番":"9-19","精度区分":null,"座標系":"任意座標系"}},{"type":"Polygon","arcs":[[-16,-525,-522,-110]],"properties":{"市区町村名":"帯広市","大字名":"西二十条南","丁目名":"４丁目","小字名":null,"地番":"9-20","精度区分":null,"座標系":"任意座標系"}},{"type":"Polygon","arcs":[[-503,-494,-498,-47]],"properties":{"市区町村名":"帯広市","大字名":"西二十条南","丁目名":"４丁目","小字名":null,"地番":"9-21","精度区分":null,"座標系":"任意座標系"}},{"type":"Polygon","arcs":[[525,-24,526]],"properties":{"市区町村名":"帯広市","大字名":"西二十条南","丁目名":"４丁目","小字名":null,"地番":"10-1","精度区分":null,"座標系":"任意座標系"}},{"type":"Polygon","arcs":[[527,-25,-526,528]],"properties":{"市区町村名":"帯広市","大字名":"西二十条南","丁目名":"４丁目","小字名":null,"地番":"10-2","精度区分":null,"座標系":"任意座標系"}},{"type":"Polygon","arcs":[[529,-26,-528,530]],"properties":{"市区町村名":"帯広市","大字名":"西二十条南","丁目名":"４丁目","小字名":null,"地番":"10-3","精度区分":null,"座標系":"任意座標系"}},{"type":"Polygon","arcs":[[531,-27,-530,532]],"properties":{"市区町村名":"帯広市","大字名":"西二十条南","丁目名":"４丁目","小字名":null,"地番":"10-4","精度区分":null,"座標系":"任意座標系"}},{"type":"Polygon","arcs":[[-28,-532,533,534,535]],"properties":{"市区町村名":"帯広市","大字名":"西二十条南","丁目名":"４丁目","小字名":null,"地番":"10-5","精度区分":null,"座標系":"任意座標系"}},{"type":"Polygon","arcs":[[536,-535,537,538]],"properties":{"市区町村名":"帯広市","大字名":"西二十条南","丁目名":"４丁目","小字名":null,"地番":"10-6","精度区分":null,"座標系":"任意座標系"}},{"type":"Polygon","arcs":[[539,540,-30,541,-539,542,543]],"properties":{"市区町村名":"帯広市","大字名":"西二十条南","丁目名":"４丁目","小字名":null,"地番":"10-7","精度区分":null,"座標系":"任意座標系"}},{"type":"Polygon","arcs":[[544,-31,-541,545]],"properties":{"市区町村名":"帯広市","大字名":"西二十条南","丁目名":"４丁目","小字名":null,"地番":"10-8","精度区分":null,"座標系":"任意座標系"}},{"type":"Polygon","arcs":[[546,-546,-540,547,-98]],"properties":{"市区町村名":"帯広市","大字名":"西二十条南","丁目名":"４丁目","小字名":null,"地番":"10-9","精度区分":null,"座標系":"任意座標系"}},{"type":"Polygon","arcs":[[-99,-548,-544,548]],"properties":{"市区町村名":"帯広市","大字名":"西二十条南","丁目名":"４丁目","小字名":null,"地番":"10-10","精度区分":null,"座標系":"任意座標系"}},{"type":"Polygon","arcs":[[-534,549,550]],"properties":{"市区町村名":"帯広市","大字名":"西二十条南","丁目名":"４丁目","小字名":null,"地番":"10-11","精度区分":null,"座標系":"任意座標系"}},{"type":"Polygon","arcs":[[-538,-551,551,552]],"properties":{"市区町村名":"帯広市","大字名":"西二十条南","丁目名":"４丁目","小字名":null,"地番":"10-12","精度区分":null,"座標系":"任意座標系"}},{"type":"Polygon","arcs":[[553,-543,-553,554]],"properties":{"市区町村名":"帯広市","大字名":"西二十条南","丁目名":"４丁目","小字名":null,"地番":"10-13","精度区分":null,"座標系":"任意座標系"}},{"type":"Polygon","arcs":[[-549,-554,555,-268]],"properties":{"市区町村名":"帯広市","大字名":"西二十条南","丁目名":"４丁目","小字名":null,"地番":"10-14","精度区分":null,"座標系":"任意座標系"}},{"type":"Polygon","arcs":[[-32,-545,-547,-97]],"properties":{"市区町村名":"帯広市","大字名":"西二十条南","丁目名":"４丁目","小字名":null,"地番":"10-15","精度区分":null,"座標系":"任意座標系"}},{"type":"Polygon","arcs":[[-29,-536,-537,-542]],"properties":{"市区町村名":"帯広市","大字名":"西二十条南","丁目名":"４丁目","小字名":null,"地番":"10-16","精度区分":null,"座標系":"任意座標系"}},{"type":"Polygon","arcs":[[556,557,-50,-43]],"properties":{"市区町村名":"帯広市","大字名":"西二十条南","丁目名":"４丁目","小字名":null,"地番":"11-1","精度区分":null,"座標系":"任意座標系"}},{"type":"Polygon","arcs":[[-52,558,559]],"properties":{"市区町村名":"帯広市","大字名":"西二十条南","丁目名":"４丁目","小字名":null,"地番":"11-2","精度区分":null,"座標系":"任意座標系"}},{"type":"Polygon","arcs":[[560,561,-557,-42]],"properties":{"市区町村名":"帯広市","大字名":"西二十条南","丁目名":"４丁目","小字名":null,"地番":"11-3","精度区分":null,"座標系":"任意座標系"}},{"type":"Polygon","arcs":[[562,-53,-560,563,-562]],"properties":{"市区町村名":"帯広市","大字名":"西二十条南","丁目名":"４丁目","小字名":null,"地番":"11-4","精度区分":null,"座標系":"任意座標系"}},{"type":"Polygon","arcs":[[564,565,-561,-41]],"properties":{"市区町村名":"帯広市","大字名":"西二十条南","丁目名":"４丁目","小字名":null,"地番":"11-5","精度区分":null,"座標系":"任意座標系"}},{"type":"Polygon","arcs":[[-54,-563,-566,566]],"properties":{"市区町村名":"帯広市","大字名":"西二十条南","丁目名":"４丁目","小字名":null,"地番":"11-6","精度区分":null,"座標系":"任意座標系"}},{"type":"Polygon","arcs":[[567,-565,-40,568]],"properties":{"市区町村名":"帯広市","大字名":"西二十条南","丁目名":"４丁目","小字名":null,"地番":"11-7","精度区分":null,"座標系":"任意座標系"}},{"type":"Polygon","arcs":[[-55,-567,-568,569]],"properties":{"市区町村名":"帯広市","大字名":"西二十条南","丁目名":"４丁目","小字名":null,"地番":"11-8","精度区分":null,"座標系":"任意座標系"}},{"type":"Polygon","arcs":[[570,-569,-39,571]],"properties":{"市区町村名":"帯広市","大字名":"西二十条南","丁目名":"４丁目","小字名":null,"地番":"11-9","精度区分":null,"座標系":"任意座標系"}},{"type":"Polygon","arcs":[[572,-56,-570,-571]],"properties":{"市区町村名":"帯広市","大字名":"西二十条南","丁目名":"４丁目","小字名":null,"地番":"11-10","精度区分":null,"座標系":"任意座標系"}},{"type":"Polygon","arcs":[[573,-572,-38,574]],"properties":{"市区町村名":"帯広市","大字名":"西二十条南","丁目名":"４丁目","小字名":null,"地番":"11-11","精度区分":null,"座標系":"任意座標系"}},{"type":"Polygon","arcs":[[-57,-573,-574,575]],"properties":{"市区町村名":"帯広市","大字名":"西二十条南","丁目名":"４丁目","小字名":null,"地番":"11-12","精度区分":null,"座標系":"任意座標系"}},{"type":"Polygon","arcs":[[576,-575,-37,577]],"properties":{"市区町村名":"帯広市","大字名":"西二十条南","丁目名":"４丁目","小字名":null,"地番":"11-13","精度区分":null,"座標系":"任意座標系"}},{"type":"Polygon","arcs":[[-58,-576,-577,578]],"properties":{"市区町村名":"帯広市","大字名":"西二十条南","丁目名":"４丁目","小字名":null,"地番":"11-14","精度区分":null,"座標系":"任意座標系"}},{"type":"Polygon","arcs":[[579,-578,-36,580]],"properties":{"市区町村名":"帯広市","大字名":"西二十条南","丁目名":"４丁目","小字名":null,"地番":"11-15","精度区分":null,"座標系":"任意座標系"}},{"type":"Polygon","arcs":[[581,-59,-579,-580]],"properties":{"市区町村名":"帯広市","大字名":"西二十条南","丁目名":"４丁目","小字名":null,"地番":"11-16","精度区分":null,"座標系":"任意座標系"}},{"type":"Polygon","arcs":[[582,583,-581,-35]],"properties":{"市区町村名":"帯広市","大字名":"西二十条南","丁目名":"４丁目","小字名":null,"地番":"11-17","精度区分":null,"座標系":"任意座標系"}},{"type":"Polygon","arcs":[[-60,-582,-584,584]],"properties":{"市区町村名":"帯広市","大字名":"西二十条南","丁目名":"４丁目","小字名":null,"地番":"11-18","精度区分":null,"座標系":"任意座標系"}},{"type":"Polygon","arcs":[[-96,585,-583,-34]],"properties":{"市区町村名":"帯広市","大字名":"西二十条南","丁目名":"４丁目","小字名":null,"地番":"11-19","精度区分":null,"座標系":"任意座標系"}},{"type":"Polygon","arcs":[[-61,-585,-586,-95]],"properties":{"市区町村名":"帯広市","大字名":"西二十条南","丁目名":"４丁目","小字名":null,"地番":"11-20","精度区分":null,"座標系":"任意座標系"}},{"type":"Polygon","arcs":[[-559,-51,-558,-564]],"properties":{"市区町村名":"帯広市","大字名":"西二十条南","丁目名":"４丁目","小字名":null,"地番":"11-21","精度区分":null,"座標系":"任意座標系"}},{"type":"Polygon","arcs":[[-79,586,587,-81,588]],"properties":{"市区町村名":"帯広市","大字名":"西二十条南","丁目名":"４丁目","小字名":null,"地番":"12-1","精度区分":null,"座標系":"任意座標系"}},{"type":"Polygon","arcs":[[589,590,591,-587,-78]],"properties":{"市区町村名":"帯広市","大字名":"西二十条南","丁目名":"４丁目","小字名":null,"地番":"12-2","精度区分":null,"座標系":"任意座標系"}},{"type":"Polygon","arcs":[[592,593,-76,-203]],"properties":{"市区町村名":"帯広市","大字名":"西二十条南","丁目名":"４丁目","小字名":null,"地番":"12-3","精度区分":null,"座標系":"任意座標系"}},{"type":"Polygon","arcs":[[594,595,-82,-588,-592]],"properties":{"市区町村名":"帯広市","大字名":"西二十条南","丁目名":"４丁目","小字名":null,"地番":"12-4","精度区分":null,"座標系":"任意座標系"}},{"type":"Polygon","arcs":[[596,-593,-202,597,-595,-591]],"properties":{"市区町村名":"帯広市","大字名":"西二十条南","丁目名":"４丁目","小字名":null,"地番":"12-5","精度区分":null,"座標系":"任意座標系"}},{"type":"Polygon","arcs":[[598,-83,-596,599]],"properties":{"市区町村名":"帯広市","大字名":"西二十条南","丁目名":"４丁目","小字名":null,"地番":"12-6","精度区分":null,"座標系":"任意座標系"}},{"type":"Polygon","arcs":[[600,-600,-598,-201]],"properties":{"市区町村名":"帯広市","大字名":"西二十条南","丁目名":"４丁目","小字名":null,"地番":"12-7","精度区分":null,"座標系":"任意座標系"}},{"type":"Polygon","arcs":[[601,602,-84,-599]],"properties":{"市区町村名":"帯広市","大字名":"西二十条南","丁目名":"４丁目","小字名":null,"地番":"12-8","精度区分":null,"座標系":"任意座標系"}},{"type":"Polygon","arcs":[[-200,-222,603,-602,-601]],"properties":{"市区町村名":"帯広市","大字名":"西二十条南","丁目名":"４丁目","小字名":null,"地番":"12-9","精度区分":null,"座標系":"任意座標系"}},{"type":"Polygon","arcs":[[604,605,606,-85,-603]],"properties":{"市区町村名":"帯広市","大字名":"西二十条南","丁目名":"４丁目","小字名":null,"地番":"12-10","精度区分":null,"座標系":"任意座標系"}},{"type":"Polygon","arcs":[[607,608,-605,-604,-221]],"properties":{"市区町村名":"帯広市","大字名":"西二十条南","丁目名":"４丁目","小字名":null,"地番":"12-11","精度区分":null,"座標系":"任意座標系"}},{"type":"Polygon","arcs":[[609,-86,-607]],"properties":{"市区町村名":"帯広市","大字名":"西二十条南","丁目名":"４丁目","小字名":null,"地番":"12-12","精度区分":null,"座標系":"任意座標系"}},{"type":"Polygon","arcs":[[610,-87,-610,-606,-609]],"properties":{"市区町村名":"帯広市","大字名":"西二十条南","丁目名":"４丁目","小字名":null,"地番":"12-13","精度区分":null,"座標系":"任意座標系"}},{"type":"Polygon","arcs":[[-220,-88,-611,-608]],"properties":{"市区町村名":"帯広市","大字名":"西二十条南","丁目名":"４丁目","小字名":null,"地番":"12-14","精度区分":null,"座標系":"任意座標系"}},{"type":"Polygon","arcs":[[-594,-597,-590,-77]],"properties":{"市区町村名":"帯広市","大字名":"西二十条南","丁目名":"４丁目","小字名":null,"地番":"12-17","精度区分":null,"座標系":"任意座標系"}},{"type":"Polygon","arcs":[[611,612,-114,-66]],"properties":{"市区町村名":"帯広市","大字名":"西二十条南","丁目名":"４丁目","小字名":null,"地番":"13-1","精度区分":null,"座標系":"任意座標系"}},{"type":"Polygon","arcs":[[-115,-613,613]],"properties":{"市区町村名":"帯広市","大字名":"西二十条南","丁目名":"４丁目","小字名":null,"地番":"13-2","精度区分":null,"座標系":"任意座標系"}},{"type":"Polygon","arcs":[[614,615,-612,-65]],"properties":{"市区町村名":"帯広市","大字名":"西二十条南","丁目名":"４丁目","小字名":null,"地番":"13-3","精度区分":null,"座標系":"任意座標系"}},{"type":"Polygon","arcs":[[-116,-614,-616,616]],"properties":{"市区町村名":"帯広市","大字名":"西二十条南","丁目名":"４丁目","小字名":null,"地番":"13-4","精度区分":null,"座標系":"任意座標系"}},{"type":"Polygon","arcs":[[617,618,-615,-64]],"properties":{"市区町村名":"帯広市","大字名":"西二十条南","丁目名":"４丁目","小字名":null,"地番":"13-5","精度区分":null,"座標系":"任意座標系"}},{"type":"Polygon","arcs":[[-117,-617,-619,619]],"properties":{"市区町村名":"帯広市","大字名":"西二十条南","丁目名":"４丁目","小字名":null,"地番":"13-6","精度区分":null,"座標系":"任意座標系"}},{"type":"Polygon","arcs":[[-94,620,621,-618,-63]],"properties":{"市区町村名":"帯広市","大字名":"西二十条南","丁目名":"４丁目","小字名":null,"地番":"13-7","精度区分":null,"座標系":"任意座標系"}},{"type":"Polygon","arcs":[[622,-118,-620,-622]],"properties":{"市区町村名":"帯広市","大字名":"西二十条南","丁目名":"４丁目","小字名":null,"地番":"13-8","精度区分":null,"座標系":"任意座標系"}},{"type":"Polygon","arcs":[[623,624,-621,-93]],"properties":{"市区町村名":"帯広市","大字名":"西二十条南","丁目名":"４丁目","小字名":null,"地番":"13-9","精度区分":null,"座標系":"任意座標系"}},{"type":"Polygon","arcs":[[625,-119,-623,-625]],"properties":{"市区町村名":"帯広市","大字名":"西二十条南","丁目名":"４丁目","小字名":null,"地番":"13-10","精度区分":null,"座標系":"任意座標系"}},{"type":"Polygon","arcs":[[626,627,-624,-92]],"properties":{"市区町村名":"帯広市","大字名":"西二十条南","丁目名":"４丁目","小字名":null,"地番":"13-11","精度区分":null,"座標系":"任意座標系"}},{"type":"Polygon","arcs":[[-120,-626,-628,628]],"properties":{"市区町村名":"帯広市","大字名":"西二十条南","丁目名":"４丁目","小字名":null,"地番":"13-12","精度区分":null,"座標系":"任意座標系"}},{"type":"Polygon","arcs":[[629,630,-627,-91]],"properties":{"市区町村名":"帯広市","大字名":"西二十条南","丁目名":"４丁目","小字名":null,"地番":"13-13","精度区分":null,"座標系":"任意座標系"}},{"type":"Polygon","arcs":[[-121,-629,-631,631]],"properties":{"市区町村名":"帯広市","大字名":"西二十条南","丁目名":"４丁目","小字名":null,"地番":"13-14","精度区分":null,"座標系":"任意座標系"}},{"type":"Polygon","arcs":[[632,-630,-90,-241]],"properties":{"市区町村名":"帯広市","大字名":"西二十条南","丁目名":"４丁目","小字名":null,"地番":"13-15","精度区分":null,"座標系":"任意座標系"}},{"type":"Polygon","arcs":[[-122,-632,-633,-240]],"properties":{"市区町村名":"帯広市","大字名":"西二十条南","丁目名":"４丁目","小字名":null,"地番":"13-16","精度区分":null,"座標系":"任意座標系"}},{"type":"Polygon","arcs":[[633,-147,-20,634]],"properties":{"市区町村名":"帯広市","大字名":"西二十条南","丁目名":"４丁目","小字名":null,"地番":"14-1","精度区分":null,"座標系":"任意座標系"}},{"type":"Polygon","arcs":[[635,636,637,-635,-19]],"properties":{"市区町村名":"帯広市","大字名":"西二十条南","丁目名":"４丁目","小字名":null,"地番":"14-2","精度区分":null,"座標系":"任意座標系"}},{"type":"Polygon","arcs":[[-109,-174,638,-636,-18]],"properties":{"市区町村名":"帯広市","大字名":"西二十条南","丁目名":"４丁目","小字名":null,"地番":"14-3","精度区分":null,"座標系":"任意座標系"}},{"type":"Polygon","arcs":[[-638,639,640,-134,-634]],"properties":{"市区町村名":"帯広市","大字名":"西二十条南","丁目名":"４丁目","小字名":null,"地番":"14-4","精度区分":null,"座標系":"任意座標系"}},{"type":"Polygon","arcs":[[-639,-173,641,-640,-637]],"properties":{"市区町村名":"帯広市","大字名":"西二十条南","丁目名":"４丁目","小字名":null,"地番":"14-5","精度区分":null,"座標系":"任意座標系"}},{"type":"Polygon","arcs":[[642,-135,-641,643]],"properties":{"市区町村名":"帯広市","大字名":"西二十条南","丁目名":"４丁目","小字名":null,"地番":"14-6","精度区分":null,"座標系":"任意座標系"}},{"type":"Polygon","arcs":[[-172,644,-644,-642]],"properties":{"市区町村名":"帯広市","大字名":"西二十条南","丁目名":"４丁目","小字名":null,"地番":"14-7","精度区分":null,"座標系":"任意座標系"}},{"type":"Polygon","arcs":[[645,-136,-643,646]],"properties":{"市区町村名":"帯広市","大字名":"西二十条南","丁目名":"４丁目","小字名":null,"地番":"14-8","精度区分":null,"座標系":"任意座標系"}},{"type":"Polygon","arcs":[[647,648,-647,-645,-171]],"properties":{"市区町村名":"帯広市","大字名":"西二十条南","丁目名":"４丁目","小字名":null,"地番":"14-9","精度区分":null,"座標系":"任意座標系"}},{"type":"Polygon","arcs":[[649,650,-137,-646]],"properties":{"市区町村名":"帯広市","大字名":"西二十条南","丁目名":"４丁目","小字名":null,"地番":"14-10","精度区分":null,"座標系":"任意座標系"}},{"type":"Polygon","arcs":[[651,-650,-649,652]],"properties":{"市区町村名":"帯広市","大字名":"西二十条南","丁目名":"４丁目","小字名":null,"地番":"14-11","精度区分":null,"座標系":"任意座標系"}},{"type":"Polygon","arcs":[[653,654,655,-138,-651]],"properties":{"市区町村名":"帯広市","大字名":"西二十条南","丁目名":"４丁目","小字名":null,"地番":"14-12","精度区分":null,"座標系":"任意座標系"}},{"type":"Polygon","arcs":[[656,657,658,-654,-652]],"properties":{"市区町村名":"帯広市","大字名":"西二十条南","丁目名":"４丁目","小字名":null,"地番":"14-13","精度区分":null,"座標系":"任意座標系"}},{"type":"Polygon","arcs":[[-139,-656,659]],"properties":{"市区町村名":"帯広市","大字名":"西二十条南","丁目名":"４丁目","小字名":null,"地番":"14-14","精度区分":null,"座標系":"任意座標系"}},{"type":"Polygon","arcs":[[-659,660,-140,-660,-655]],"properties":{"市区町村名":"帯広市","大字名":"西二十条南","丁目名":"４丁目","小字名":null,"地番":"14-15","精度区分":null,"座標系":"任意座標系"}},{"type":"Polygon","arcs":[[-141,-661,-658,661]],"properties":{"市区町村名":"帯広市","大字名":"西二十条南","丁目名":"４丁目","小字名":null,"地番":"14-16","精度区分":null,"座標系":"任意座標系"}},{"type":"Polygon","arcs":[[662,663,-148,-107]],"properties":{"市区町村名":"帯広市","大字名":"西二十条南","丁目名":"４丁目","小字名":null,"地番":"15-1","精度区分":null,"座標系":"任意座標系"}},{"type":"Polygon","arcs":[[664,-149,-664]],"properties":{"市区町村名":"帯広市","大字名":"西二十条南","丁目名":"４丁目","小字名":null,"地番":"15-2","精度区分":null,"座標系":"任意座標系"}},{"type":"Polygon","arcs":[[665,-663,-106,666]],"properties":{"市区町村名":"帯広市","大字名":"西二十条南","丁目名":"４丁目","小字名":null,"地番":"15-3","精度区分":null,"座標系":"任意座標系"}},{"type":"Polygon","arcs":[[667,-150,-665,-666]],"properties":{"市区町村名":"帯広市","大字名":"西二十条南","丁目名":"４丁目","小字名":null,"地番":"15-4","精度区分":null,"座標系":"任意座標系"}},{"type":"Polygon","arcs":[[668,669,-667,-105]],"properties":{"市区町村名":"帯広市","大字名":"西二十条南","丁目名":"４丁目","小字名":null,"地番":"15-5","精度区分":null,"座標系":"任意座標系"}},{"type":"Polygon","arcs":[[670,-151,-668,-670]],"properties":{"市区町村名":"帯広市","大字名":"西二十条南","丁目名":"４丁目","小字名":null,"地番":"15-6","精度区分":null,"座標系":"任意座標系"}},{"type":"Polygon","arcs":[[671,672,-669,-104]],"properties":{"市区町村名":"帯広市","大字名":"西二十条南","丁目名":"４丁目","小字名":null,"地番":"15-7","精度区分":null,"座標系":"任意座標系"}},{"type":"Polygon","arcs":[[-152,-671,-673,673]],"properties":{"市区町村名":"帯広市","大字名":"西二十条南","丁目名":"４丁目","小字名":null,"地番":"15-8","精度区分":null,"座標系":"任意座標系"}},{"type":"Polygon","arcs":[[-133,674,675,-672,-103]],"properties":{"市区町村名":"帯広市","大字名":"西二十条南","丁目名":"４丁目","小字名":null,"地番":"15-9","精度区分":null,"座標系":"任意座標系"}},{"type":"Polygon","arcs":[[-153,-674,-676,676]],"properties":{"市区町村名":"帯広市","大字名":"西二十条南","丁目名":"４丁目","小字名":null,"地番":"15-10","精度区分":null,"座標系":"任意座標系"}},{"type":"Polygon","arcs":[[677,-675,-132,678]],"properties":{"市区町村名":"帯広市","大字名":"西二十条南","丁目名":"４丁目","小字名":null,"地番":"15-11","精度区分":null,"座標系":"任意座標系"}},{"type":"Polygon","arcs":[[-154,-677,-678,679]],"properties":{"市区町村名":"帯広市","大字名":"西二十条南","丁目名":"４丁目","小字名":null,"地番":"15-12","精度区分":null,"座標系":"任意座標系"}},{"type":"Polygon","arcs":[[680,-679,-131,681]],"properties":{"市区町村名":"帯広市","大字名":"西二十条南","丁目名":"４丁目","小字名":null,"地番":"15-13","精度区分":null,"座標系":"任意座標系"}},{"type":"Polygon","arcs":[[682,-155,-680,-681]],"properties":{"市区町村名":"帯広市","大字名":"西二十条南","丁目名":"４丁目","小字名":null,"地番":"15-14","精度区分":null,"座標系":"任意座標系"}},{"type":"Polygon","arcs":[[683,-682,-130,684]],"properties":{"市区町村名":"帯広市","大字名":"西二十条南","丁目名":"４丁目","小字名":null,"地番":"15-15","精度区分":null,"座標系":"任意座標系"}},{"type":"Polygon","arcs":[[685,-156,-683,-684]],"properties":{"市区町村名":"帯広市","大字名":"西二十条南","丁目名":"４丁目","小字名":null,"地番":"15-16","精度区分":null,"座標系":"任意座標系"}},{"type":"Polygon","arcs":[[686,687,-685,-129]],"properties":{"市区町村名":"帯広市","大字名":"西二十条南","丁目名":"４丁目","小字名":null,"地番":"15-17","精度区分":null,"座標系":"任意座標系"}},{"type":"Polygon","arcs":[[-157,-686,-688,688]],"properties":{"市区町村名":"帯広市","大字名":"西二十条南","丁目名":"４丁目","小字名":null,"地番":"15-18","精度区分":null,"座標系":"任意座標系"}},{"type":"Polygon","arcs":[[689,690,-687,-128]],"properties":{"市区町村名":"帯広市","大字名":"西二十条南","丁目名":"４丁目","小字名":null,"地番":"15-19","精度区分":null,"座標系":"任意座標系"}},{"type":"Polygon","arcs":[[-158,-689,-691,691]],"properties":{"市区町村名":"帯広市","大字名":"西二十条南","丁目名":"４丁目","小字名":null,"地番":"15-20","精度区分":null,"座標系":"任意座標系"}},{"type":"Polygon","arcs":[[692,693,694,-169]],"properties":{"市区町村名":"帯広市","大字名":"西二十条南","丁目名":"４丁目","小字名":null,"地番":"16-1","精度区分":null,"座標系":"任意座標系"}},{"type":"Polygon","arcs":[[695,696,697]],"properties":{"市区町村名":"帯広市","大字名":"西二十条南","丁目名":"４丁目","小字名":null,"地番":"16-2","精度区分":null,"座標系":"任意座標系"}},{"type":"Polygon","arcs":[[698,699,-693,-168]],"properties":{"市区町村名":"帯広市","大字名":"西二十条南","丁目名":"４丁目","小字名":null,"地番":"16-3","精度区分":null,"座標系":"任意座標系"}},{"type":"Polygon","arcs":[[700,701,-697,702,-700]],"properties":{"市区町村名":"帯広市","大字名":"西二十条南","丁目名":"４丁目","小字名":null,"地番":"16-4","精度区分":null,"座標系":"任意座標系"}},{"type":"Polygon","arcs":[[703,-699,-167,704]],"properties":{"市区町村名":"帯広市","大字名":"西二十条南","丁目名":"４丁目","小字名":null,"地番":"16-5","精度区分":null,"座標系":"任意座標系"}},{"type":"Polygon","arcs":[[705,706,-701,-704]],"properties":{"市区町村名":"帯広市","大字名":"西二十条南","丁目名":"４丁目","小字名":null,"地番":"16-6","精度区分":null,"座標系":"任意座標系"}},{"type":"Polygon","arcs":[[707,-705,-166,708]],"properties":{"市区町村名":"帯広市","大字名":"西二十条南","丁目名":"４丁目","小字名":null,"地番":"16-7","精度区分":null,"座標系":"任意座標系"}},{"type":"Polygon","arcs":[[709,-706,-708,710]],"properties":{"市区町村名":"帯広市","大字名":"西二十条南","丁目名":"４丁目","小字名":null,"地番":"16-8","精度区分":null,"座標系":"任意座標系"}},{"type":"Polygon","arcs":[[711,-709,-165,712]],"properties":{"市区町村名":"帯広市","大字名":"西二十条南","丁目名":"４丁目","小字名":null,"地番":"16-9","精度区分":null,"座標系":"任意座標系"}},{"type":"Polygon","arcs":[[713,714,-711,-712]],"properties":{"市区町村名":"帯広市","大字名":"西二十条南","丁目名":"４丁目","小字名":null,"地番":"16-10","精度区分":null,"座標系":"任意座標系"}},{"type":"Polygon","arcs":[[715,-713,-164,716]],"properties":{"市区町村名":"帯広市","大字名":"西二十条南","丁目名":"４丁目","小字名":null,"地番":"16-11","精度区分":null,"座標系":"任意座標系"}},{"type":"Polygon","arcs":[[717,-714,-716,718]],"properties":{"市区町村名":"帯広市","大字名":"西二十条南","丁目名":"４丁目","小字名":null,"地番":"16-12","精度区分":null,"座標系":"任意座標系"}},{"type":"Polygon","arcs":[[719,720,-717,-163]],"properties":{"市区町村名":"帯広市","大字名":"西二十条南","丁目名":"４丁目","小字名":null,"地番":"16-13","精度区分":null,"座標系":"任意座標系"}},{"type":"Polygon","arcs":[[721,-719,-721,722]],"properties":{"市区町村名":"帯広市","大字名":"西二十条南","丁目名":"４丁目","小字名":null,"地番":"16-14","精度区分":null,"座標系":"任意座標系"}},{"type":"Polygon","arcs":[[723,-720,-162,724]],"properties":{"市区町村名":"帯広市","大字名":"西二十条南","丁目名":"４丁目","小字名":null,"地番":"16-15","精度区分":null,"座標系":"任意座標系"}},{"type":"Polygon","arcs":[[725,-723,-724,726]],"properties":{"市区町村名":"帯広市","大字名":"西二十条南","丁目名":"４丁目","小字名":null,"地番":"16-16","精度区分":null,"座標系":"任意座標系"}},{"type":"Polygon","arcs":[[727,728,-725,-161]],"properties":{"市区町村名":"帯広市","大字名":"西二十条南","丁目名":"４丁目","小字名":null,"地番":"16-17","精度区分":null,"座標系":"任意座標系"}},{"type":"Polygon","arcs":[[729,-727,-729,730]],"properties":{"市区町村名":"帯広市","大字名":"西二十条南","丁目名":"４丁目","小字名":null,"地番":"16-18","精度区分":null,"座標系":"任意座標系"}},{"type":"Polygon","arcs":[[-703,-696,731,-694]],"properties":{"市区町村名":"帯広市","大字名":"西二十条南","丁目名":"４丁目","小字名":null,"地番":"16-21","精度区分":null,"座標系":"任意座標系"}},{"type":"Polygon","arcs":[[732,733,734,-124]],"properties":{"市区町村名":"帯広市","大字名":"西二十条南","丁目名":"４丁目","小字名":null,"地番":"17-3","精度区分":null,"座標系":"任意座標系"}},{"type":"Polygon","arcs":[[735,736,737,738,739]],"properties":{"市区町村名":"帯広市","大字名":"西二十条南","丁目名":"４丁目","小字名":null,"地番":"17-4","精度区分":null,"座標系":"任意座標系"}},{"type":"Polygon","arcs":[[740,741,-737,742,-734]],"properties":{"市区町村名":"帯広市","大字名":"西二十条南","丁目名":"４丁目","小字名":null,"地番":"17-5","精度区分":null,"座標系":"任意座標系"}},{"type":"Polygon","arcs":[[743,744,745,-738]],"properties":{"市区町村名":"帯広市","大字名":"西二十条南","丁目名":"４丁目","小字名":null,"地番":"17-6","精度区分":null,"座標系":"任意座標系"}},{"type":"Polygon","arcs":[[746,747,748,-744,-742]],"properties":{"市区町村名":"帯広市","大字名":"西二十条南","丁目名":"４丁目","小字名":null,"地番":"17-7","精度区分":null,"座標系":"任意座標系"}},{"type":"Polygon","arcs":[[749,750,751,752]],"properties":{"市区町村名":"帯広市","大字名":"西二十条南","丁目名":"４丁目","小字名":null,"地番":"17-8","精度区分":null,"座標系":"任意座標系"}},{"type":"Polygon","arcs":[[753,-263,754,-750,-748]],"properties":{"市区町村名":"帯広市","大字名":"西二十条南","丁目名":"４丁目","小字名":null,"地番":"17-9","精度区分":null,"座標系":"任意座標系"}},{"type":"Polygon","arcs":[[755,756,757,-751,758]],"properties":{"市区町村名":"帯広市","大字名":"西二十条南","丁目名":"４丁目","小字名":null,"地番":"17-10","精度区分":null,"座標系":"任意座標系"}},{"type":"Polygon","arcs":[[759,760,-759,-755,-262]],"properties":{"市区町村名":"帯広市","大字名":"西二十条南","丁目名":"４丁目","小字名":null,"地番":"17-11","精度区分":null,"座標系":"任意座標系"}},{"type":"Polygon","arcs":[[761,-757,762]],"properties":{"市区町村名":"帯広市","大字名":"西二十条南","丁目名":"４丁目","小字名":null,"地番":"17-12","精度区分":null,"座標系":"任意座標系"}},{"type":"Polygon","arcs":[[763,764,-763,-756,-761]],"properties":{"市区町村名":"帯広市","大字名":"西二十条南","丁目名":"４丁目","小字名":null,"地番":"17-13","精度区分":null,"座標系":"任意座標系"}},{"type":"Polygon","arcs":[[765,-764,-760,-261]],"properties":{"市区町村名":"帯広市","大字名":"西二十条南","丁目名":"４丁目","小字名":null,"地番":"17-14","精度区分":null,"座標系":"任意座標系"}},{"type":"Polygon","arcs":[[-749,-753,766,-745]],"properties":{"市区町村名":"帯広市","大字名":"西二十条南","丁目名":"４丁目","小字名":null,"地番":"17-15","精度区分":null,"座標系":"任意座標系"}},{"type":"Polygon","arcs":[[767,768,-182]],"properties":{"市区町村名":"帯広市","大字名":"西二十条南","丁目名":"４丁目","小字名":null,"地番":"18-1","精度区分":null,"座標系":"任意座標系"}},{"type":"Polygon","arcs":[[769,-183,-769,770]],"properties":{"市区町村名":"帯広市","大字名":"西二十条南","丁目名":"４丁目","小字名":null,"地番":"18-2","精度区分":null,"座標系":"任意座標系"}},{"type":"Polygon","arcs":[[771,-768,-181,772]],"properties":{"市区町村名":"帯広市","大字名":"西二十条南","丁目名":"４丁目","小字名":null,"地番":"18-3","精度区分":null,"座標系":"任意座標系"}},{"type":"Polygon","arcs":[[773,-185,774,-771,-772]],"properties":{"市区町村名":"帯広市","大字名":"西二十条南","丁目名":"４丁目","小字名":null,"地番":"18-4","精度区分":null,"座標系":"任意座標系"}},{"type":"Polygon","arcs":[[775,776,-179,777]],"properties":{"市区町村名":"帯広市","大字名":"西二十条南","丁目名":"４丁目","小字名":null,"地番":"18-5","精度区分":null,"座標系":"任意座標系"}},{"type":"Polygon","arcs":[[778,-186,-774,779,-776]],"properties":{"市区町村名":"帯広市","大字名":"西二十条南","丁目名":"４丁目","小字名":null,"地番":"18-6","精度区分":null,"座標系":"任意座標系"}},{"type":"Polygon","arcs":[[780,781,-778,-178]],"properties":{"市区町村名":"帯広市","大字名":"西二十条南","丁目名":"４丁目","小字名":null,"地番":"18-7","精度区分":null,"座標系":"任意座標系"}},{"type":"Polygon","arcs":[[-187,-779,-782,782]],"properties":{"市区町村名":"帯広市","大字名":"西二十条南","丁目名":"４丁目","小字名":null,"地番":"18-8","精度区分":null,"座標系":"任意座標系"}},{"type":"Polygon","arcs":[[-189,783,-781,-177]],"properties":{"市区町村名":"帯広市","大字名":"西二十条南","丁目名":"４丁目","小字名":null,"地番":"18-9","精度区分":null,"座標系":"任意座標系"}},{"type":"Polygon","arcs":[[-783,-784,-188]],"properties":{"市区町村名":"帯広市","大字名":"西二十条南","丁目名":"４丁目","小字名":null,"地番":"18-10","精度区分":null,"座標系":"任意座標系"}},{"type":"Polygon","arcs":[[-184,-770,-775]],"properties":{"市区町村名":"帯広市","大字名":"西二十条南","丁目名":"４丁目","小字名":null,"地番":"18-11","精度区分":null,"座標系":"任意座標系"}},{"type":"Polygon","arcs":[[-780,-773,-180,-777]],"properties":{"市区町村名":"帯広市","大字名":"西二十条南","丁目名":"４丁目","小字名":null,"地番":"18-12","精度区分":null,"座標系":"任意座標系"}},{"type":"Polygon","arcs":[[784,-223,-198,785]],"properties":{"市区町村名":"帯広市","大字名":"西二十条南","丁目名":"４丁目","小字名":null,"地番":"19-1","精度区分":null,"座標系":"任意座標系"}},{"type":"Polygon","arcs":[[786,787,-205,-785]],"properties":{"市区町村名":"帯広市","大字名":"西二十条南","丁目名":"４丁目","小字名":null,"地番":"19-2","精度区分":null,"座標系":"任意座標系"}},{"type":"Polygon","arcs":[[788,-786,-197,789]],"properties":{"市区町村名":"帯広市","大字名":"西二十条南","丁目名":"４丁目","小字名":null,"地番":"19-3","精度区分":null,"座標系":"任意座標系"}},{"type":"Polygon","arcs":[[-207,790,-787,-789,791]],"properties":{"市区町村名":"帯広市","大字名":"西二十条南","丁目名":"４丁目","小字名":null,"地番":"19-4","精度区分":null,"座標系":"任意座標系"}},{"type":"Polygon","arcs":[[792,793,-790,-196]],"properties":{"市区町村名":"帯広市","大字名":"西二十条南","丁目名":"４丁目","小字名":null,"地番":"19-5","精度区分":null,"座標系":"任意座標系"}},{"type":"Polygon","arcs":[[794,-208,-792,-794,795]],"properties":{"市区町村名":"帯広市","大字名":"西二十条南","丁目名":"４丁目","小字名":null,"地番":"19-6","精度区分":null,"座標系":"任意座標系"}},{"type":"Polygon","arcs":[[796,797,-194,798]],"properties":{"市区町村名":"帯広市","大字名":"西二十条南","丁目名":"４丁目","小字名":null,"地番":"19-7","精度区分":null,"座標系":"任意座標系"}},{"type":"Polygon","arcs":[[799,800,-209,-795,-797]],"properties":{"市区町村名":"帯広市","大字名":"西二十条南","丁目名":"４丁目","小字名":null,"地番":"19-8","精度区分":null,"座標系":"任意座標系"}},{"type":"Polygon","arcs":[[-211,801,802,-192]],"properties":{"市区町村名":"帯広市","大字名":"西二十条南","丁目名":"４丁目","小字名":null,"地番":"19-9","精度区分":null,"座標系":"任意座標系"}},{"type":"Polygon","arcs":[[-802,-210,-801,803]],"properties":{"市区町村名":"帯広市","大字名":"西二十条南","丁目名":"４丁目","小字名":null,"地番":"19-10","精度区分":null,"座標系":"任意座標系"}},{"type":"Polygon","arcs":[[-791,-206,-788]],"properties":{"市区町村名":"帯広市","大字名":"西二十条南","丁目名":"４丁目","小字名":null,"地番":"19-12","精度区分":null,"座標系":"任意座標系"}},{"type":"Polygon","arcs":[[-804,-800,-799,-193,-803]],"properties":{"市区町村名":"帯広市","大字名":"西二十条南","丁目名":"４丁目","小字名":null,"地番":"19-13","精度区分":null,"座標系":"任意座標系"}},{"type":"Polygon","arcs":[[-798,-796,-793,-195]],"properties":{"市区町村名":"帯広市","大字名":"西二十条南","丁目名":"４丁目","小字名":null,"地番":"19-14","精度区分":null,"座標系":"任意座標系"}},{"type":"Polygon","arcs":[[804,805,-224,-218]],"properties":{"市区町村名":"帯広市","大字名":"西二十条南","丁目名":"４丁目","小字名":null,"地番":"20-1","精度区分":null,"座標系":"任意座標系"}},{"type":"Polygon","arcs":[[-225,-806,806]],"properties":{"市区町村名":"帯広市","大字名":"西二十条南","丁目名":"４丁目","小字名":null,"地番":"20-2","精度区分":null,"座標系":"任意座標系"}},{"type":"Polygon","arcs":[[807,-805,-217,808]],"properties":{"市区町村名":"帯広市","大字名":"西二十条南","丁目名":"４丁目","小字名":null,"地番":"20-3","精度区分":null,"座標系":"任意座標系"}},{"type":"Polygon","arcs":[[-226,-807,-808,809]],"properties":{"市区町村名":"帯広市","大字名":"西二十条南","丁目名":"４丁目","小字名":null,"地番":"20-4","精度区分":null,"座標系":"任意座標系"}},{"type":"Polygon","arcs":[[810,811,-809,-216]],"properties":{"市区町村名":"帯広市","大字名":"西二十条南","丁目名":"４丁目","小字名":null,"地番":"20-5","精度区分":null,"座標系":"任意座標系"}},{"type":"Polygon","arcs":[[812,-227,-810,-812]],"properties":{"市区町村名":"帯広市","大字名":"西二十条南","丁目名":"４丁目","小字名":null,"地番":"20-6","精度区分":null,"座標系":"任意座標系"}},{"type":"Polygon","arcs":[[813,-811,-215,814]],"properties":{"市区町村名":"帯広市","大字名":"西二十条南","丁目名":"４丁目","小字名":null,"地番":"20-7","精度区分":null,"座標系":"任意座標系"}},{"type":"Polygon","arcs":[[815,816,-228,-813,-814]],"properties":{"市区町村名":"帯広市","大字名":"西二十条南","丁目名":"４丁目","小字名":null,"地番":"20-8","精度区分":null,"座標系":"任意座標系"}},{"type":"Polygon","arcs":[[-231,817,-815,-214]],"properties":{"市区町村名":"帯広市","大字名":"西二十条南","丁目名":"４丁目","小字名":null,"地番":"20-9","精度区分":null,"座標系":"任意座標系"}},{"type":"Polygon","arcs":[[-230,818,-816,-818]],"properties":{"市区町村名":"帯広市","大字名":"西二十条南","丁目名":"４丁目","小字名":null,"地番":"20-10","精度区分":null,"座標系":"任意座標系"}},{"type":"Polygon","arcs":[[-229,-817,-819]],"properties":{"市区町村名":"帯広市","大字名":"西二十条南","丁目名":"４丁目","小字名":null,"地番":"20-11","精度区分":null,"座標系":"任意座標系"}},{"type":"Polygon","arcs":[[819,820,821]],"properties":{"市区町村名":"帯広市","大字名":"西二十条南","丁目名":"４丁目","小字名":null,"地番":"21-2","精度区分":null,"座標系":"任意座標系"}},{"type":"Polygon","arcs":[[822,823,-820,824]],"properties":{"市区町村名":"帯広市","大字名":"西二十条南","丁目名":"４丁目","小字名":null,"地番":"21-4","精度区分":null,"座標系":"任意座標系"}},{"type":"Polygon","arcs":[[825,826,827,-236]],"properties":{"市区町村名":"帯広市","大字名":"西二十条南","丁目名":"４丁目","小字名":null,"地番":"21-5","精度区分":null,"座標系":"任意座標系"}},{"type":"Polygon","arcs":[[828,829,-823,-827]],"properties":{"市区町村名":"帯広市","大字名":"西二十条南","丁目名":"４丁目","小字名":null,"地番":"21-6","精度区分":null,"座標系":"任意座標系"}},{"type":"Polygon","arcs":[[830,831,-826,-235]],"properties":{"市区町村名":"帯広市","大字名":"西二十条南","丁目名":"４丁目","小字名":null,"地番":"21-7","精度区分":null,"座標系":"任意座標系"}},{"type":"Polygon","arcs":[[832,-829,-832,833]],"properties":{"市区町村名":"帯広市","大字名":"西二十条南","丁目名":"４丁目","小字名":null,"地番":"21-8","精度区分":null,"座標系":"任意座標系"}},{"type":"Polygon","arcs":[[834,835,-831,-234]],"properties":{"市区町村名":"帯広市","大字名":"西二十条南","丁目名":"４丁目","小字名":null,"地番":"21-9","精度区分":null,"座標系":"任意座標系"}},{"type":"Polygon","arcs":[[836,-834,-836]],"properties":{"市区町村名":"帯広市","大字名":"西二十条南","丁目名":"４丁目","小字名":null,"地番":"21-10","精度区分":null,"座標系":"任意座標系"}},{"type":"Polygon","arcs":[[837,-266,838,839]],"properties":{"市区町村名":"帯広市","大字名":"西二十条南","丁目名":"４丁目","小字名":null,"地番":"22-1","精度区分":null,"座標系":"任意座標系"}},{"type":"Polygon","arcs":[[840,-242,-838]],"properties":{"市区町村名":"帯広市","大字名":"西二十条南","丁目名":"４丁目","小字名":null,"地番":"22-2","精度区分":null,"座標系":"任意座標系"}},{"type":"Polygon","arcs":[[841,842,-840,843,844]],"properties":{"市区町村名":"帯広市","大字名":"西二十条南","丁目名":"４丁目","小字名":null,"地番":"22-3","精度区分":null,"座標系":"任意座標系"}},{"type":"Polygon","arcs":[[845,-243,-841,-843]],"properties":{"市区町村名":"帯広市","大字名":"西二十条南","丁目名":"４丁目","小字名":null,"地番":"22-4","精度区分":null,"座標系":"任意座標系"}},{"type":"Polygon","arcs":[[846,-842,847,848]],"properties":{"市区町村名":"帯広市","大字名":"西二十条南","丁目名":"４丁目","小字名":null,"地番":"22-5","精度区分":null,"座標系":"任意座標系"}},{"type":"Polygon","arcs":[[-244,-846,-847,849]],"properties":{"市区町村名":"帯広市","大字名":"西二十条南","丁目名":"４丁目","小字名":null,"地番":"22-6","精度区分":null,"座標系":"任意座標系"}},{"type":"Polygon","arcs":[[850,851,-849,852]],"properties":{"市区町村名":"帯広市","大字名":"西二十条南","丁目名":"４丁目","小字名":null,"地番":"22-7","精度区分":null,"座標系":"任意座標系"}},{"type":"Polygon","arcs":[[853,-245,-850,-852]],"properties":{"市区町村名":"帯広市","大字名":"西二十条南","丁目名":"４丁目","小字名":null,"地番":"22-8","精度区分":null,"座標系":"任意座標系"}},{"type":"Polygon","arcs":[[-247,854,-851,855]],"properties":{"市区町村名":"帯広市","大字名":"西二十条南","丁目名":"４丁目","小字名":null,"地番":"22-9","精度区分":null,"座標系":"任意座標系"}},{"type":"Polygon","arcs":[[-854,-855,-246]],"properties":{"市区町村名":"帯広市","大字名":"西二十条南","丁目名":"４丁目","小字名":null,"地番":"22-10","精度区分":null,"座標系":"任意座標系"}},{"type":"Polygon","arcs":[[-839,-265,856,-844]],"properties":{"市区町村名":"帯広市","大字名":"西二十条南","丁目名":"４丁目","小字名":null,"地番":"22-11","精度区分":null,"座標系":"任意座標系"}},{"type":"Polygon","arcs":[[857,858,859,860,-144]],"properties":{"市区町村名":"帯広市","大字名":"西二十条南","丁目名":"４丁目","小字名":null,"地番":"23-1","精度区分":null,"座標系":"任意座標系"}},{"type":"Polygon","arcs":[[-298,861,-858,-143]],"properties":{"市区町村名":"帯広市","大字名":"西二十条南","丁目名":"４丁目","小字名":null,"地番":"23-3","精度区分":null,"座標系":"任意座標系"}},{"type":"Polygon","arcs":[[862,863,-860,864]],"properties":{"市区町村名":"帯広市","大字名":"西二十条南","丁目名":"４丁目","小字名":null,"地番":"23-4","精度区分":null,"座標系":"任意座標系"}},{"type":"Polygon","arcs":[[-297,865,-865,-859,-862]],"properties":{"市区町村名":"帯広市","大字名":"西二十条南","丁目名":"４丁目","小字名":null,"地番":"23-5","精度区分":null,"座標系":"任意座標系"}},{"type":"Polygon","arcs":[[866,867,868,-863]],"properties":{"市区町村名":"帯広市","大字名":"西二十条南","丁目名":"４丁目","小字名":null,"地番":"23-6","精度区分":null,"座標系":"任意座標系"}},{"type":"Polygon","arcs":[[-296,869,-867,-866]],"properties":{"市区町村名":"帯広市","大字名":"西二十条南","丁目名":"４丁目","小字名":null,"地番":"23-7","精度区分":null,"座標系":"任意座標系"}},{"type":"Polygon","arcs":[[870,871,872,-868]],"properties":{"市区町村名":"帯広市","大字名":"西二十条南","丁目名":"４丁目","小字名":null,"地番":"23-8","精度区分":null,"座標系":"任意座標系"}},{"type":"Polygon","arcs":[[-322,873,-871,-870,-295]],"properties":{"市区町村名":"帯広市","大字名":"西二十条南","丁目名":"４丁目","小字名":null,"地番":"23-9","精度区分":null,"座標系":"任意座標系"}},{"type":"Polygon","arcs":[[874,875,876,-872]],"properties":{"市区町村名":"帯広市","大字名":"西二十条南","丁目名":"４丁目","小字名":null,"地番":"23-10","精度区分":null,"座標系":"任意座標系"}},{"type":"Polygon","arcs":[[877,-875,-874,-321]],"properties":{"市区町村名":"帯広市","大字名":"西二十条南","丁目名":"４丁目","小字名":null,"地番":"23-11","精度区分":null,"座標系":"任意座標系"}},{"type":"Polygon","arcs":[[878,879,880,881,-876]],"properties":{"市区町村名":"帯広市","大字名":"西二十条南","丁目名":"４丁目","小字名":null,"地番":"23-12","精度区分":null,"座標系":"任意座標系"}},{"type":"Polygon","arcs":[[882,883,-879,-878,-320]],"properties":{"市区町村名":"帯広市","大字名":"西二十条南","丁目名":"４丁目","小字名":null,"地番":"23-13","精度区分":null,"座標系":"任意座標系"}},{"type":"Polygon","arcs":[[884,-881,885]],"properties":{"市区町村名":"帯広市","大字名":"西二十条南","丁目名":"４丁目","小字名":null,"地番":"23-14","精度区分":null,"座標系":"任意座標系"}},{"type":"Polygon","arcs":[[-884,886,887,-886,-880]],"properties":{"市区町村名":"帯広市","大字名":"西二十条南","丁目名":"４丁目","小字名":null,"地番":"23-15","精度区分":null,"座標系":"任意座標系"}},{"type":"Polygon","arcs":[[888,-887,-883,-319]],"properties":{"市区町村名":"帯広市","大字名":"西二十条南","丁目名":"４丁目","小字名":null,"地番":"23-16","精度区分":null,"座標系":"任意座標系"}},{"type":"Polygon","arcs":[[889,-270,890,891]],"properties":{"市区町村名":"帯広市","大字名":"西二十条南","丁目名":"４丁目","小字名":null,"地番":"24-1","精度区分":null,"座標系":"任意座標系"}},{"type":"Polygon","arcs":[[892,893,-272,894]],"properties":{"市区町村名":"帯広市","大字名":"西二十条南","丁目名":"４丁目","小字名":null,"地番":"24-2","精度区分":null,"座標系":"任意座標系"}},{"type":"Polygon","arcs":[[895,896,-892,897,898]],"properties":{"市区町村名":"帯広市","大字名":"西二十条南","丁目名":"４丁目","小字名":null,"地番":"24-3","精度区分":null,"座標系":"任意座標系"}},{"type":"Polygon","arcs":[[-274,899,-893,-896,900]],"properties":{"市区町村名":"帯広市","大字名":"西二十条南","丁目名":"４丁目","小字名":null,"地番":"24-4","精度区分":null,"座標系":"任意座標系"}},{"type":"Polygon","arcs":[[901,902,-899,903]],"properties":{"市区町村名":"帯広市","大字名":"西二十条南","丁目名":"４丁目","小字名":null,"地番":"24-5","精度区分":null,"座標系":"任意座標系"}},{"type":"Polygon","arcs":[[904,-275,-901,-903]],"properties":{"市区町村名":"帯広市","大字名":"西二十条南","丁目名":"４丁目","小字名":null,"地番":"24-6","精度区分":null,"座標系":"任意座標系"}},{"type":"Polygon","arcs":[[905,-902,906,907]],"properties":{"市区町村名":"帯広市","大字名":"西二十条南","丁目名":"４丁目","小字名":null,"地番":"24-7","精度区分":null,"座標系":"任意座標系"}},{"type":"Polygon","arcs":[[908,-276,-905,-906]],"properties":{"市区町村名":"帯広市","大字名":"西二十条南","丁目名":"４丁目","小字名":null,"地番":"24-8","精度区分":null,"座標系":"任意座標系"}},{"type":"Polygon","arcs":[[909,-908,910,911]],"properties":{"市区町村名":"帯広市","大字名":"西二十条南","丁目名":"４丁目","小字名":null,"地番":"24-9","精度区分":null,"座標系":"任意座標系"}},{"type":"Polygon","arcs":[[912,-277,-909,-910]],"properties":{"市区町村名":"帯広市","大字名":"西二十条南","丁目名":"４丁目","小字名":null,"地番":"24-10","精度区分":null,"座標系":"任意座標系"}},{"type":"Polygon","arcs":[[913,-912,914,915]],"properties":{"市区町村名":"帯広市","大字名":"西二十条南","丁目名":"４丁目","小字名":null,"地番":"24-11","精度区分":null,"座標系":"任意座標系"}},{"type":"Polygon","arcs":[[916,-278,-913,-914]],"properties":{"市区町村名":"帯広市","大字名":"西二十条南","丁目名":"４丁目","小字名":null,"地番":"24-12","精度区分":null,"座標系":"任意座標系"}},{"type":"Polygon","arcs":[[917,918,-916,919]],"properties":{"市区町村名":"帯広市","大字名":"西二十条南","丁目名":"４丁目","小字名":null,"地番":"24-13","精度区分":null,"座標系":"任意座標系"}},{"type":"Polygon","arcs":[[-279,-917,-919,920]],"properties":{"市区町村名":"帯広市","大字名":"西二十条南","丁目名":"４丁目","小字名":null,"地番":"24-14","精度区分":null,"座標系":"任意座標系"}},{"type":"Polygon","arcs":[[921,-918,922,923]],"properties":{"市区町村名":"帯広市","大字名":"西二十条南","丁目名":"４丁目","小字名":null,"地番":"24-15","精度区分":null,"座標系":"任意座標系"}},{"type":"Polygon","arcs":[[924,-280,-921,-922]],"properties":{"市区町村名":"帯広市","大字名":"西二十条南","丁目名":"４丁目","小字名":null,"地番":"24-16","精度区分":null,"座標系":"任意座標系"}},{"type":"Polygon","arcs":[[925,-924,926,927]],"properties":{"市区町村名":"帯広市","大字名":"西二十条南","丁目名":"４丁目","小字名":null,"地番":"24-17","精度区分":null,"座標系":"任意座標系"}},{"type":"Polygon","arcs":[[-281,-925,-926,928]],"properties":{"市区町村名":"帯広市","大字名":"西二十条南","丁目名":"４丁目","小字名":null,"地番":"24-18","精度区分":null,"座標系":"任意座標系"}},{"type":"Polygon","arcs":[[929,930,-928,931]],"properties":{"市区町村名":"帯広市","大字名":"西二十条南","丁目名":"４丁目","小字名":null,"地番":"24-19","精度区分":null,"座標系":"任意座標系"}},{"type":"Polygon","arcs":[[932,-282,-929,-931]],"properties":{"市区町村名":"帯広市","大字名":"西二十条南","丁目名":"４丁目","小字名":null,"地番":"24-20","精度区分":null,"座標系":"任意座標系"}},{"type":"Polygon","arcs":[[-895,-271,-890,-897]],"properties":{"市区町村名":"帯広市","大字名":"西二十条南","丁目名":"４丁目","小字名":null,"地番":"24-21","精度区分":null,"座標系":"任意座標系"}},{"type":"Polygon","arcs":[[-900,-273,-894]],"properties":{"市区町村名":"帯広市","大字名":"西二十条南","丁目名":"４丁目","小字名":null,"地番":"24-22","精度区分":null,"座標系":"任意座標系"}},{"type":"Polygon","arcs":[[933,934,-323,-293]],"properties":{"市区町村名":"帯広市","大字名":"西二十条南","丁目名":"４丁目","小字名":null,"地番":"25-1","精度区分":null,"座標系":"任意座標系"}},{"type":"Polygon","arcs":[[935,-300,-935]],"properties":{"市区町村名":"帯広市","大字名":"西二十条南","丁目名":"４丁目","小字名":null,"地番":"25-2","精度区分":null,"座標系":"任意座標系"}},{"type":"Polygon","arcs":[[936,937,-934,-292]],"properties":{"市区町村名":"帯広市","大字名":"西二十条南","丁目名":"４丁目","小字名":null,"地番":"25-3","精度区分":null,"座標系":"任意座標系"}},{"type":"Polygon","arcs":[[938,-301,-936,-938]],"properties":{"市区町村名":"帯広市","大字名":"西二十条南","丁目名":"４丁目","小字名":null,"地番":"25-4","精度区分":null,"座標系":"任意座標系"}},{"type":"Polygon","arcs":[[939,-937,-291,940]],"properties":{"市区町村名":"帯広市","大字名":"西二十条南","丁目名":"４丁目","小字名":null,"地番":"25-5","精度区分":null,"座標系":"任意座標系"}},{"type":"Polygon","arcs":[[-302,-939,-940,941]],"properties":{"市区町村名":"帯広市","大字名":"西二十条南","丁目名":"４丁目","小字名":null,"地番":"25-6","精度区分":null,"座標系":"任意座標系"}},{"type":"Polygon","arcs":[[942,943,-941,-290]],"properties":{"市区町村名":"帯広市","大字名":"西二十条南","丁目名":"４丁目","小字名":null,"地番":"25-7","精度区分":null,"座標系":"任意座標系"}},{"type":"Polygon","arcs":[[-303,-942,-944,944]],"properties":{"市区町村名":"帯広市","大字名":"西二十条南","丁目名":"４丁目","小字名":null,"地番":"25-8","精度区分":null,"座標系":"任意座標系"}},{"type":"Polygon","arcs":[[945,946,-943,-289]],"properties":{"市区町村名":"帯広市","大字名":"西二十条南","丁目名":"４丁目","小字名":null,"地番":"25-9","精度区分":null,"座標系":"任意座標系"}},{"type":"Polygon","arcs":[[-304,-945,-947,947]],"properties":{"市区町村名":"帯広市","大字名":"西二十条南","丁目名":"４丁目","小字名":null,"地番":"25-10","精度区分":null,"座標系":"任意座標系"}},{"type":"Polygon","arcs":[[948,-946,-288,949]],"properties":{"市区町村名":"帯広市","大字名":"西二十条南","丁目名":"４丁目","小字名":null,"地番":"25-11","精度区分":null,"座標系":"任意座標系"}},{"type":"Polygon","arcs":[[950,-305,-948,-949]],"properties":{"市区町村名":"帯広市","大字名":"西二十条南","丁目名":"４丁目","小字名":null,"地番":"25-12","精度区分":null,"座標系":"任意座標系"}},{"type":"Polygon","arcs":[[951,952,-950,-287]],"properties":{"市区町村名":"帯広市","大字名":"西二十条南","丁目名":"４丁目","小字名":null,"地番":"25-13","精度区分":null,"座標系":"任意座標系"}},{"type":"Polygon","arcs":[[953,-306,-951,-953]],"properties":{"市区町村名":"帯広市","大字名":"西二十条南","丁目名":"４丁目","小字名":null,"地番":"25-14","精度区分":null,"座標系":"任意座標系"}},{"type":"Polygon","arcs":[[954,955,-952,-286]],"properties":{"市区町村名":"帯広市","大字名":"西二十条南","丁目名":"４丁目","小字名":null,"地番":"25-15","精度区分":null,"座標系":"任意座標系"}},{"type":"Polygon","arcs":[[956,-307,-954,-956]],"properties":{"市区町村名":"帯広市","大字名":"西二十条南","丁目名":"４丁目","小字名":null,"地番":"25-16","精度区分":null,"座標系":"任意座標系"}},{"type":"Polygon","arcs":[[957,-955,-285,958]],"properties":{"市区町村名":"帯広市","大字名":"西二十条南","丁目名":"４丁目","小字名":null,"地番":"25-17","精度区分":null,"座標系":"任意座標系"}},{"type":"Polygon","arcs":[[959,-308,-957,-958]],"properties":{"市区町村名":"帯広市","大字名":"西二十条南","丁目名":"４丁目","小字名":null,"地番":"25-18","精度区分":null,"座標系":"任意座標系"}},{"type":"Polygon","arcs":[[960,961,-959,-284]],"properties":{"市区町村名":"帯広市","大字名":"西二十条南","丁目名":"４丁目","小字名":null,"地番":"25-19","精度区分":null,"座標系":"任意座標系"}},{"type":"Polygon","arcs":[[962,-309,-960,-962]],"properties":{"市区町村名":"帯広市","大字名":"西二十条南","丁目名":"４丁目","小字名":null,"地番":"25-20","精度区分":null,"座標系":"任意座標系"}},{"type":"Polygon","arcs":[[963,964,965,966]],"properties":{"市区町村名":"帯広市","大字名":"西二十条南","丁目名":"４丁目","小字名":null,"地番":"26-1","精度区分":null,"座標系":"任意座標系"}},{"type":"Polygon","arcs":[[967,968,969,-964,970]],"properties":{"市区町村名":"帯広市","大字名":"西二十条南","丁目名":"４丁目","小字名":null,"地番":"26-2","精度区分":null,"座標系":"任意座標系"}},{"type":"Polygon","arcs":[[-432,971,972,-968,973,-259]],"properties":{"市区町村名":"帯広市","大字名":"西二十条南","丁目名":"４丁目","小字名":null,"地番":"26-3","精度区分":null,"座標系":"任意座標系"}},{"type":"Polygon","arcs":[[974,975,976,-965,-970]],"properties":{"市区町村名":"帯広市","大字名":"西二十条南","丁目名":"４丁目","小字名":null,"地番":"26-4","精度区分":null,"座標系":"任意座標系"}},{"type":"Polygon","arcs":[[-973,977,-430,978,-975,-969]],"properties":{"市区町村名":"帯広市","大字名":"西二十条南","丁目名":"４丁目","小字名":null,"地番":"26-5","精度区分":null,"座標系":"任意座標系"}},{"type":"Polygon","arcs":[[979,980,-976,981]],"properties":{"市区町村名":"帯広市","大字名":"西二十条南","丁目名":"４丁目","小字名":null,"地番":"26-6","精度区分":null,"座標系":"任意座標系"}},{"type":"Polygon","arcs":[[982,-982,-979,-429]],"properties":{"市区町村名":"帯広市","大字名":"西二十条南","丁目名":"４丁目","小字名":null,"地番":"26-7","精度区分":null,"座標系":"任意座標系"}},{"type":"Polygon","arcs":[[983,984,-980,985]],"properties":{"市区町村名":"帯広市","大字名":"西二十条南","丁目名":"４丁目","小字名":null,"地番":"26-8","精度区分":null,"座標系":"任意座標系"}},{"type":"Polygon","arcs":[[-454,986,-986,-983,-428]],"properties":{"市区町村名":"帯広市","大字名":"西二十条南","丁目名":"４丁目","小字名":null,"地番":"26-9","精度区分":null,"座標系":"任意座標系"}},{"type":"Polygon","arcs":[[987,988,-984,989]],"properties":{"市区町村名":"帯広市","大字名":"西二十条南","丁目名":"４丁目","小字名":null,"地番":"26-10","精度区分":null,"座標系":"任意座標系"}},{"type":"Polygon","arcs":[[-453,990,-990,-987]],"properties":{"市区町村名":"帯広市","大字名":"西二十条南","丁目名":"４丁目","小字名":null,"地番":"26-11","精度区分":null,"座標系":"任意座標系"}},{"type":"Polygon","arcs":[[991,992,993,994,-988]],"properties":{"市区町村名":"帯広市","大字名":"西二十条南","丁目名":"４丁目","小字名":null,"地番":"26-12","精度区分":null,"座標系":"任意座標系"}},{"type":"Polygon","arcs":[[995,-994,996]],"properties":{"市区町村名":"帯広市","大字名":"西二十条南","丁目名":"４丁目","小字名":null,"地番":"26-14","精度区分":null,"座標系":"任意座標系"}},{"type":"Polygon","arcs":[[-978,-972,-431]],"properties":{"市区町村名":"帯広市","大字名":"西二十条南","丁目名":"４丁目","小字名":null,"地番":"26-17","精度区分":null,"座標系":"任意座標系"}},{"type":"Polygon","arcs":[[997,998,-324,999]],"properties":{"市区町村名":"帯広市","大字名":"西二十条南","丁目名":"４丁目","小字名":null,"地番":"27-1","精度区分":null,"座標系":"任意座標系"}},{"type":"Polygon","arcs":[[1000,-325,-999,1001]],"properties":{"市区町村名":"帯広市","大字名":"西二十条南","丁目名":"４丁目","小字名":null,"地番":"27-18","精度区分":null,"座標系":"任意座標系"}},{"type":"Polygon","arcs":[[1002,1003,-326,-1001]],"properties":{"市区町村名":"帯広市","大字名":"西二十条南","丁目名":"４丁目","小字名":null,"地番":"27-20","精度区分":null,"座標系":"任意座標系"}},{"type":"Polygon","arcs":[[1004,-1003,1005,-347]],"properties":{"市区町村名":"帯広市","大字名":"西二十条南","丁目名":"４丁目","小字名":null,"地番":"27-21","精度区分":null,"座標系":"任意座標系"}},{"type":"Polygon","arcs":[[1006,1007,-327,-1004]],"properties":{"市区町村名":"帯広市","大字名":"西二十条南","丁目名":"４丁目","小字名":null,"地番":"27-22","精度区分":null,"座標系":"任意座標系"}},{"type":"Polygon","arcs":[[-346,-375,1008,-1007,-1005]],"properties":{"市区町村名":"帯広市","大字名":"西二十条南","丁目名":"４丁目","小字名":null,"地番":"27-23","精度区分":null,"座標系":"任意座標系"}},{"type":"Polygon","arcs":[[1009,-328,-1008,1010]],"properties":{"市区町村名":"帯広市","大字名":"西二十条南","丁目名":"４丁目","小字名":null,"地番":"27-24","精度区分":null,"座標系":"任意座標系"}},{"type":"Polygon","arcs":[[-374,1011,-1011,-1009]],"properties":{"市区町村名":"帯広市","大字名":"西二十条南","丁目名":"４丁目","小字名":null,"地番":"27-25","精度区分":null,"座標系":"任意座標系"}},{"type":"Polygon","arcs":[[1012,-329,-1010]],"properties":{"市区町村名":"帯広市","大字名":"西二十条南","丁目名":"４丁目","小字名":null,"地番":"27-26","精度区分":null,"座標系":"任意座標系"}},{"type":"Polygon","arcs":[[-330,-1013,-1012,-373]],"properties":{"市区町村名":"帯広市","大字名":"西二十条南","丁目名":"４丁目","小字名":null,"地番":"27-27","精度区分":null,"座標系":"任意座標系"}},{"type":"Polygon","arcs":[[1013,1014,1015,-314]],"properties":{"市区町村名":"帯広市","大字名":"西二十条南","丁目名":"４丁目","小字名":null,"地番":"28-1","精度区分":null,"座標系":"任意座標系"}},{"type":"Polygon","arcs":[[1016,-1014,-313,1017]],"properties":{"市区町村名":"帯広市","大字名":"西二十条南","丁目名":"４丁目","小字名":null,"地番":"28-3","精度区分":null,"座標系":"任意座標系"}},{"type":"Polygon","arcs":[[1018,-1018,-312,1019]],"properties":{"市区町村名":"帯広市","大字名":"西二十条南","丁目名":"４丁目","小字名":null,"地番":"28-5","精度区分":null,"座標系":"任意座標系"}},{"type":"Polygon","arcs":[[1020,1021,1022,-1020,-311,1023]],"properties":{"市区町村名":"帯広市","大字名":"西二十条南","丁目名":"４丁目","小字名":null,"地番":"28-7","精度区分":null,"座標系":"任意座標系"}},{"type":"Polygon","arcs":[[1024,1025,1026,-1022]],"properties":{"市区町村名":"帯広市","大字名":"西二十条南","丁目名":"４丁目","小字名":null,"地番":"28-8","精度区分":null,"座標系":"任意座標系"}},{"type":"Polygon","arcs":[[1027,1028,-1021,1029]],"properties":{"市区町村名":"帯広市","大字名":"西二十条南","丁目名":"４丁目","小字名":null,"地番":"28-9","精度区分":null,"座標系":"任意座標系"}},{"type":"Polygon","arcs":[[1030,1031,-1025,-1029]],"properties":{"市区町村名":"帯広市","大字名":"西二十条南","丁目名":"４丁目","小字名":null,"地番":"28-10","精度区分":null,"座標系":"任意座標系"}},{"type":"Polygon","arcs":[[1032,1033,-1028,1034]],"properties":{"市区町村名":"帯広市","大字名":"西二十条南","丁目名":"４丁目","小字名":null,"地番":"28-11","精度区分":null,"座標系":"任意座標系"}},{"type":"Polygon","arcs":[[1035,-1031,-1034,1036]],"properties":{"市区町村名":"帯広市","大字名":"西二十条南","丁目名":"４丁目","小字名":null,"地番":"28-12","精度区分":null,"座標系":"任意座標系"}},{"type":"Polygon","arcs":[[1037,1038,-1033,1039]],"properties":{"市区町村名":"帯広市","大字名":"西二十条南","丁目名":"４丁目","小字名":null,"地番":"28-13","精度区分":null,"座標系":"任意座標系"}},{"type":"Polygon","arcs":[[1040,-1037,-1039,1041]],"properties":{"市区町村名":"帯広市","大字名":"西二十条南","丁目名":"４丁目","小字名":null,"地番":"28-14","精度区分":null,"座標系":"任意座標系"}},{"type":"Polygon","arcs":[[1042,-1038,1043,1044]],"properties":{"市区町村名":"帯広市","大字名":"西二十条南","丁目名":"４丁目","小字名":null,"地番":"28-15","精度区分":null,"座標系":"任意座標系"}},{"type":"Polygon","arcs":[[1045,1046,-1042,-1043]],"properties":{"市区町村名":"帯広市","大字名":"西二十条南","丁目名":"４丁目","小字名":null,"地番":"28-16","精度区分":null,"座標系":"任意座標系"}},{"type":"Polygon","arcs":[[-1027,1047,1048,-1023]],"properties":{"市区町村名":"帯広市","大字名":"西二十条南","丁目名":"４丁目","小字名":null,"地番":"28-17","精度区分":null,"座標系":"任意座標系"}},{"type":"Polygon","arcs":[[1049,1050,-350,-344]],"properties":{"市区町村名":"帯広市","大字名":"西二十条南","丁目名":"４丁目","小字名":null,"地番":"29-1","精度区分":null,"座標系":"任意座標系"}},{"type":"Polygon","arcs":[[-351,-1051,1051]],"properties":{"市区町村名":"帯広市","大字名":"西二十条南","丁目名":"４丁目","小字名":null,"地番":"29-2","精度区分":null,"座標系":"任意座標系"}},{"type":"Polygon","arcs":[[1052,1053,-1050,-343]],"properties":{"市区町村名":"帯広市","大字名":"西二十条南","丁目名":"４丁目","小字名":null,"地番":"29-3","精度区分":null,"座標系":"任意座標系"}},{"type":"Polygon","arcs":[[-352,-1052,-1054,1054]],"properties":{"市区町村名":"帯広市","大字名":"西二十条南","丁目名":"４丁目","小字名":null,"地番":"29-4","精度区分":null,"座標系":"任意座標系"}},{"type":"Polygon","arcs":[[1055,1056,-1053,-342]],"properties":{"市区町村名":"帯広市","大字名":"西二十条南","丁目名":"４丁目","小字名":null,"地番":"29-5","精度区分":null,"座標系":"任意座標系"}},{"type":"Polygon","arcs":[[-353,-1055,-1057,1057]],"properties":{"市区町村名":"帯広市","大字名":"西二十条南","丁目名":"４丁目","小字名":null,"地番":"29-6","精度区分":null,"座標系":"任意座標系"}},{"type":"Polygon","arcs":[[1058,1059,-1056,-341]],"properties":{"市区町村名":"帯広市","大字名":"西二十条南","丁目名":"４丁目","小字名":null,"地番":"29-7","精度区分":null,"座標系":"任意座標系"}},{"type":"Polygon","arcs":[[1060,-354,-1058,-1060]],"properties":{"市区町村名":"帯広市","大字名":"西二十条南","丁目名":"４丁目","小字名":null,"地番":"29-8","精度区分":null,"座標系":"任意座標系"}},{"type":"Polygon","arcs":[[1061,1062,-1059,-340]],"properties":{"市区町村名":"帯広市","大字名":"西二十条南","丁目名":"４丁目","小字名":null,"地番":"29-9","精度区分":null,"座標系":"任意座標系"}},{"type":"Polygon","arcs":[[-355,-1061,-1063,1063]],"properties":{"市区町村名":"帯広市","大字名":"西二十条南","丁目名":"４丁目","小字名":null,"地番":"29-10","精度区分":null,"座標系":"任意座標系"}},{"type":"Polygon","arcs":[[1064,1065,-1062,-339,1066]],"properties":{"市区町村名":"帯広市","大字名":"西二十条南","丁目名":"４丁目","小字名":null,"地番":"29-11","精度区分":null,"座標系":"任意座標系"}},{"type":"Polygon","arcs":[[-356,-1064,-1066,1067]],"properties":{"市区町村名":"帯広市","大字名":"西二十条南","丁目名":"４丁目","小字名":null,"地番":"29-12","精度区分":null,"座標系":"任意座標系"}},{"type":"Polygon","arcs":[[1068,1069,-1065,1070]],"properties":{"市区町村名":"帯広市","大字名":"西二十条南","丁目名":"４丁目","小字名":null,"地番":"29-13","精度区分":null,"座標系":"任意座標系"}},{"type":"Polygon","arcs":[[1071,-357,-1068,-1070]],"properties":{"市区町村名":"帯広市","大字名":"西二十条南","丁目名":"４丁目","小字名":null,"地番":"29-14","精度区分":null,"座標系":"任意座標系"}},{"type":"Polygon","arcs":[[1072,1073,-1069,1074]],"properties":{"市区町村名":"帯広市","大字名":"西二十条南","丁目名":"４丁目","小字名":null,"地番":"29-15","精度区分":null,"座標系":"任意座標系"}},{"type":"Polygon","arcs":[[1075,-358,-1072,-1074]],"properties":{"市区町村名":"帯広市","大字名":"西二十条南","丁目名":"４丁目","小字名":null,"地番":"29-16","精度区分":null,"座標系":"任意座標系"}},{"type":"Polygon","arcs":[[1076,1077,-1073,1078]],"properties":{"市区町村名":"帯広市","大字名":"西二十条南","丁目名":"４丁目","小字名":null,"地番":"29-17","精度区分":null,"座標系":"任意座標系"}},{"type":"Polygon","arcs":[[-359,-1076,-1078,1079]],"properties":{"市区町村名":"帯広市","大字名":"西二十条南","丁目名":"４丁目","小字名":null,"地番":"29-18","精度区分":null,"座標系":"任意座標系"}},{"type":"Polygon","arcs":[[-411,1080,-1077,1081]],"properties":{"市区町村名":"帯広市","大字名":"西二十条南","丁目名":"４丁目","小字名":null,"地番":"29-19","精度区分":null,"座標系":"任意座標系"}},{"type":"Polygon","arcs":[[-360,-1080,-1081,-410]],"properties":{"市区町村名":"帯広市","大字名":"西二十条南","丁目名":"４丁目","小字名":null,"地番":"29-20","精度区分":null,"座標系":"任意座標系"}},{"type":"Polygon","arcs":[[-378,1082,-376,1083,1084]],"properties":{"市区町村名":"帯広市","大字名":"西二十条南","丁目名":"４丁目","小字名":null,"地番":"30-1","精度区分":null,"座標系":"任意座標系"}},{"type":"Polygon","arcs":[[1085,1086,-370,1087]],"properties":{"市区町村名":"帯広市","大字名":"西二十条南","丁目名":"４丁目","小字名":null,"地番":"30-2","精度区分":null,"座標系":"任意座標系"}},{"type":"Polygon","arcs":[[1088,-382,1089,-1086]],"properties":{"市区町村名":"帯広市","大字名":"西二十条南","丁目名":"４丁目","小字名":null,"地番":"30-3","精度区分":null,"座標系":"任意座標系"}},{"type":"Polygon","arcs":[[-397,1090,-1088,-369]],"properties":{"市区町村名":"帯広市","大字名":"西二十条南","丁目名":"４丁目","小字名":null,"地番":"30-4","精度区分":null,"座標系":"任意座標系"}},{"type":"Polygon","arcs":[[-396,-383,-1089,-1091]],"properties":{"市区町村名":"帯広市","大字名":"西二十条南","丁目名":"４丁目","小字名":null,"地番":"30-5","精度区分":null,"座標系":"任意座標系"}},{"type":"Polygon","arcs":[[-379,-1085,1091,1092]],"properties":{"市区町村名":"帯広市","大字名":"西二十条南","丁目名":"４丁目","小字名":null,"地番":"30-6","精度区分":null,"座標系":"任意座標系"}},{"type":"Polygon","arcs":[[1093,-380,-1093,1094,-332,-372]],"properties":{"市区町村名":"帯広市","大字名":"西二十条南","丁目名":"４丁目","小字名":null,"地番":"30-7","精度区分":null,"座標系":"任意座標系"}},{"type":"Polygon","arcs":[[-1090,-381,-1094,-371,-1087]],"properties":{"市区町村名":"帯広市","大字名":"西二十条南","丁目名":"４丁目","小字名":null,"地番":"30-8","精度区分":null,"座標系":"任意座標系"}},{"type":"Polygon","arcs":[[-377,-1083]],"properties":{"市区町村名":"帯広市","大字名":"西二十条南","丁目名":"４丁目","小字名":null,"地番":"30-9","精度区分":null,"座標系":"任意座標系"}},{"type":"Polygon","arcs":[[-1084,-386,-334,1095]],"properties":{"市区町村名":"帯広市","大字名":"西二十条南","丁目名":"４丁目","小字名":null,"地番":"30-10","精度区分":null,"座標系":"任意座標系"}},{"type":"Polygon","arcs":[[-1092,-1096,-333,-1095]],"properties":{"市区町村名":"帯広市","大字名":"西二十条南","丁目名":"４丁目","小字名":null,"地番":"30-11","精度区分":null,"座標系":"任意座標系"}},{"type":"Polygon","arcs":[[1096,1097,-387,-367]],"properties":{"市区町村名":"帯広市","大字名":"西二十条南","丁目名":"４丁目","小字名":null,"地番":"31-1","精度区分":null,"座標系":"任意座標系"}},{"type":"Polygon","arcs":[[-388,-1098,1098]],"properties":{"市区町村名":"帯広市","大字名":"西二十条南","丁目名":"４丁目","小字名":null,"地番":"31-2","精度区分":null,"座標系":"任意座標系"}},{"type":"Polygon","arcs":[[1099,1100,-1097,-366]],"properties":{"市区町村名":"帯広市","大字名":"西二十条南","丁目名":"４丁目","小字名":null,"地番":"31-3","精度区分":null,"座標系":"任意座標系"}},{"type":"Polygon","arcs":[[1101,-389,-1099,-1101]],"properties":{"市区町村名":"帯広市","大字名":"西二十条南","丁目名":"４丁目","小字名":null,"地番":"31-4","精度区分":null,"座標系":"任意座標系"}},{"type":"Polygon","arcs":[[1102,-1100,-365,1103]],"properties":{"市区町村名":"帯広市","大字名":"西二十条南","丁目名":"４丁目","小字名":null,"地番":"31-5","精度区分":null,"座標系":"任意座標系"}},{"type":"Polygon","arcs":[[-390,-1102,-1103,1104]],"properties":{"市区町村名":"帯広市","大字名":"西二十条南","丁目名":"４丁目","小字名":null,"地番":"31-6","精度区分":null,"座標系":"任意座標系"}},{"type":"Polygon","arcs":[[1105,1106,-1104,-364]],"properties":{"市区町村名":"帯広市","大字名":"西二十条南","丁目名":"４丁目","小字名":null,"地番":"31-7","精度区分":null,"座標系":"任意座標系"}},{"type":"Polygon","arcs":[[1107,-391,-1105,-1107]],"properties":{"市区町村名":"帯広市","大字名":"西二十条南","丁目名":"４丁目","小字名":null,"地番":"31-8","精度区分":null,"座標系":"任意座標系"}},{"type":"Polygon","arcs":[[1108,-1106,-363,1109]],"properties":{"市区町村名":"帯広市","大字名":"西二十条南","丁目名":"４丁目","小字名":null,"地番":"31-9","精度区分":null,"座標系":"任意座標系"}},{"type":"Polygon","arcs":[[1110,-392,-1108,-1109]],"properties":{"市区町村名":"帯広市","大字名":"西二十条南","丁目名":"４丁目","小字名":null,"地番":"31-10","精度区分":null,"座標系":"任意座標系"}},{"type":"Polygon","arcs":[[-409,1111,-1110,-362]],"properties":{"市区町村名":"帯広市","大字名":"西二十条南","丁目名":"４丁目","小字名":null,"地番":"31-11","精度区分":null,"座標系":"任意座標系"}},{"type":"Polygon","arcs":[[-393,-1111,-1112,-408]],"properties":{"市区町村名":"帯広市","大字名":"西二十条南","丁目名":"４丁目","小字名":null,"地番":"31-12","精度区分":null,"座標系":"任意座標系"}},{"type":"Polygon","arcs":[[1112,1113,-413,1114]],"properties":{"市区町村名":"帯広市","大字名":"西二十条南","丁目名":"４丁目","小字名":null,"地番":"32-1","精度区分":null,"座標系":"任意座標系"}},{"type":"Polygon","arcs":[[1115,1116,1117,-1113,1118]],"properties":{"市区町村名":"帯広市","大字名":"西二十条南","丁目名":"４丁目","小字名":null,"地番":"32-2","精度区分":null,"座標系":"任意座標系"}},{"type":"Polygon","arcs":[[1119,-1116,1120,-473]],"properties":{"市区町村名":"帯広市","大字名":"西二十条南","丁目名":"４丁目","小字名":null,"地番":"32-3","精度区分":null,"座標系":"任意座標系"}},{"type":"Polygon","arcs":[[-1118,1121,1122,-398,-1114]],"properties":{"市区町村名":"帯広市","大字名":"西二十条南","丁目名":"４丁目","小字名":null,"地番":"32-4","精度区分":null,"座標系":"任意座標系"}},{"type":"Polygon","arcs":[[-1120,-472,1123,-1122,-1117]],"properties":{"市区町村名":"帯広市","大字名":"西二十条南","丁目名":"４丁目","小字名":null,"地番":"32-5","精度区分":null,"座標系":"任意座標系"}},{"type":"Polygon","arcs":[[1124,-399,-1123,1125]],"properties":{"市区町村名":"帯広市","大字名":"西二十条南","丁目名":"４丁目","小字名":null,"地番":"32-6","精度区分":null,"座標系":"任意座標系"}},{"type":"Polygon","arcs":[[1126,-1126,-1124,-471]],"properties":{"市区町村名":"帯広市","大字名":"西二十条南","丁目名":"４丁目","小字名":null,"地番":"32-7","精度区分":null,"座標系":"任意座標系"}},{"type":"Polygon","arcs":[[1127,1128,-400,-1125]],"properties":{"市区町村名":"帯広市","大字名":"西二十条南","丁目名":"４丁目","小字名":null,"地番":"32-8","精度区分":null,"座標系":"任意座標系"}},{"type":"Polygon","arcs":[[-487,1129,-1128,-1127,-470]],"properties":{"市区町村名":"帯広市","大字名":"西二十条南","丁目名":"４丁目","小字名":null,"地番":"32-9","精度区分":null,"座標系":"任意座標系"}},{"type":"Polygon","arcs":[[1130,1131,-401,-1129]],"properties":{"市区町村名":"帯広市","大字名":"西二十条南","丁目名":"４丁目","小字名":null,"地番":"32-10","精度区分":null,"座標系":"任意座標系"}},{"type":"Polygon","arcs":[[-486,1132,-1131,-1130]],"properties":{"市区町村名":"帯広市","大字名":"西二十条南","丁目名":"４丁目","小字名":null,"地番":"32-11","精度区分":null,"座標系":"任意座標系"}},{"type":"Polygon","arcs":[[1133,1134,-402,-1132,1135]],"properties":{"市区町村名":"帯広市","大字名":"西二十条南","丁目名":"４丁目","小字名":null,"地番":"32-12","精度区分":null,"座標系":"任意座標系"}},{"type":"Polygon","arcs":[[-485,1136,1137,-1136,-1133]],"properties":{"市区町村名":"帯広市","大字名":"西二十条南","丁目名":"４丁目","小字名":null,"地番":"32-13","精度区分":null,"座標系":"任意座標系"}},{"type":"Polygon","arcs":[[-403,-1135,1138]],"properties":{"市区町村名":"帯広市","大字名":"西二十条南","丁目名":"４丁目","小字名":null,"地番":"32-14","精度区分":null,"座標系":"任意座標系"}},{"type":"Polygon","arcs":[[1139,-404,-1139,-1134,-1138]],"properties":{"市区町村名":"帯広市","大字名":"西二十条南","丁目名":"４丁目","小字名":null,"地番":"32-15","精度区分":null,"座標系":"任意座標系"}},{"type":"Polygon","arcs":[[-484,-405,-1140,-1137]],"properties":{"市区町村名":"帯広市","大字名":"西二十条南","丁目名":"４丁目","小字名":null,"地番":"32-16","精度区分":null,"座標系":"任意座標系"}},{"type":"Polygon","arcs":[[1140,1141,-433,-257]],"properties":{"市区町村名":"帯広市","大字名":"西二十条南","丁目名":"４丁目","小字名":null,"地番":"33-1","精度区分":null,"座標系":"任意座標系"}},{"type":"Polygon","arcs":[[1142,-414,-1142]],"properties":{"市区町村名":"帯広市","大字名":"西二十条南","丁目名":"４丁目","小字名":null,"地番":"33-2","精度区分":null,"座標系":"任意座標系"}},{"type":"Polygon","arcs":[[1143,1144,-1141,-256]],"properties":{"市区町村名":"帯広市","大字名":"西二十条南","丁目名":"４丁目","小字名":null,"地番":"33-3","精度区分":null,"座標系":"任意座標系"}},{"type":"Polygon","arcs":[[1145,-415,-1143,-1145]],"properties":{"市区町村名":"帯広市","大字名":"西二十条南","丁目名":"４丁目","小字名":null,"地番":"33-4","精度区分":null,"座標系":"任意座標系"}},{"type":"Polygon","arcs":[[1146,1147,-1144,-255]],"properties":{"市区町村名":"帯広市","大字名":"西二十条南","丁目名":"４丁目","小字名":null,"地番":"33-5","精度区分":null,"座標系":"任意座標系"}},{"type":"Polygon","arcs":[[-416,-1146,-1148,1148]],"properties":{"市区町村名":"帯広市","大字名":"西二十条南","丁目名":"４丁目","小字名":null,"地番":"33-6","精度区分":null,"座標系":"任意座標系"}},{"type":"Polygon","arcs":[[1149,-1147,-254,1150]],"properties":{"市区町村名":"帯広市","大字名":"西二十条南","丁目名":"４丁目","小字名":null,"地番":"33-7","精度区分":null,"座標系":"任意座標系"}},{"type":"Polygon","arcs":[[-417,-1149,-1150,1151]],"properties":{"市区町村名":"帯広市","大字名":"西二十条南","丁目名":"４丁目","小字名":null,"地番":"33-8","精度区分":null,"座標系":"任意座標系"}},{"type":"Polygon","arcs":[[-419,1152,-1151,-253]],"properties":{"市区町村名":"帯広市","大字名":"西二十条南","丁目名":"４丁目","小字名":null,"地番":"33-9","精度区分":null,"座標系":"任意座標系"}},{"type":"Polygon","arcs":[[-1152,-1153,-418]],"properties":{"市区町村名":"帯広市","大字名":"西二十条南","丁目名":"４丁目","小字名":null,"地番":"33-10","精度区分":null,"座標系":"任意座標系"}},{"type":"Polygon","arcs":[[1153,-434,-426,1154]],"properties":{"市区町村名":"帯広市","大字名":"西二十条南","丁目名":"４丁目","小字名":null,"地番":"34-1","精度区分":null,"座標系":"任意座標系"}},{"type":"Polygon","arcs":[[1155,1156,-435,-1154]],"properties":{"市区町村名":"帯広市","大字名":"西二十条南","丁目名":"４丁目","小字名":null,"地番":"34-2","精度区分":null,"座標系":"任意座標系"}},{"type":"Polygon","arcs":[[1157,-1155,-425,1158]],"properties":{"市区町村名":"帯広市","大字名":"西二十条南","丁目名":"４丁目","小字名":null,"地番":"34-3","精度区分":null,"座標系":"任意座標系"}},{"type":"Polygon","arcs":[[-437,1159,-1156,-1158,1160]],"properties":{"市区町村名":"帯広市","大字名":"西二十条南","丁目名":"４丁目","小字名":null,"地番":"34-4","精度区分":null,"座標系":"任意座標系"}},{"type":"Polygon","arcs":[[1161,1162,-1159,-424]],"properties":{"市区町村名":"帯広市","大字名":"西二十条南","丁目名":"４丁目","小字名":null,"地番":"34-5","精度区分":null,"座標系":"任意座標系"}},{"type":"Polygon","arcs":[[-438,-1161,-1163,1163]],"properties":{"市区町村名":"帯広市","大字名":"西二十条南","丁目名":"４丁目","小字名":null,"地番":"34-6","精度区分":null,"座標系":"任意座標系"}},{"type":"Polygon","arcs":[[1164,1165,-1162,-423]],"properties":{"市区町村名":"帯広市","大字名":"西二十条南","丁目名":"４丁目","小字名":null,"地番":"34-7","精度区分":null,"座標系":"任意座標系"}},{"type":"Polygon","arcs":[[-439,-1164,-1166,1166]],"properties":{"市区町村名":"帯広市","大字名":"西二十条南","丁目名":"４丁目","小字名":null,"地番":"34-8","精度区分":null,"座標系":"任意座標系"}},{"type":"Polygon","arcs":[[-441,1167,-1165,-422]],"properties":{"市区町村名":"帯広市","大字名":"西二十条南","丁目名":"４丁目","小字名":null,"地番":"34-9","精度区分":null,"座標系":"任意座標系"}},{"type":"Polygon","arcs":[[-440,-1167,-1168]],"properties":{"市区町村名":"帯広市","大字名":"西二十条南","丁目名":"４丁目","小字名":null,"地番":"34-10","精度区分":null,"座標系":"任意座標系"}},{"type":"Polygon","arcs":[[-1160,-436,-1157]],"properties":{"市区町村名":"帯広市","大字名":"西二十条南","丁目名":"４丁目","小字名":null,"地番":"34-11","精度区分":null,"座標系":"任意座標系"}},{"type":"Polygon","arcs":[[1168,1169,-448,1170]],"properties":{"市区町村名":"帯広市","大字名":"西二十条南","丁目名":"４丁目","小字名":null,"地番":"35-1","精度区分":null,"座標系":"任意座標系"}},{"type":"Polygon","arcs":[[1171,1172,-1169]],"properties":{"市区町村名":"帯広市","大字名":"西二十条南","丁目名":"４丁目","小字名":null,"地番":"35-2","精度区分":null,"座標系":"任意座標系"}},{"type":"Polygon","arcs":[[1173,-1171,-447,1174]],"properties":{"市区町村名":"帯広市","大字名":"西二十条南","丁目名":"４丁目","小字名":null,"地番":"35-3","精度区分":null,"座標系":"任意座標系"}},{"type":"Polygon","arcs":[[1175,1176,-1172,-1174]],"properties":{"市区町村名":"帯広市","大字名":"西二十条南","丁目名":"４丁目","小字名":null,"地番":"35-4","精度区分":null,"座標系":"任意座標系"}},{"type":"Polygon","arcs":[[1177,1178,-1175,-446]],"properties":{"市区町村名":"帯広市","大字名":"西二十条南","丁目名":"４丁目","小字名":null,"地番":"35-5","精度区分":null,"座標系":"任意座標系"}},{"type":"Polygon","arcs":[[1179,1180,-1176,-1179]],"properties":{"市区町村名":"帯広市","大字名":"西二十条南","丁目名":"４丁目","小字名":null,"地番":"35-6","精度区分":null,"座標系":"任意座標系"}},{"type":"Polygon","arcs":[[1181,1182,-1178,-445]],"properties":{"市区町村名":"帯広市","大字名":"西二十条南","丁目名":"４丁目","小字名":null,"地番":"35-7","精度区分":null,"座標系":"任意座標系"}},{"type":"Polygon","arcs":[[1183,1184,-1182,-444]],"properties":{"市区町村名":"帯広市","大字名":"西二十条南","丁目名":"４丁目","小字名":null,"地番":"35-9","精度区分":null,"座標系":"任意座標系"}},{"type":"Polygon","arcs":[[1185,1186,-475,1187]],"properties":{"市区町村名":"帯広市","大字名":"西二十条南","丁目名":"４丁目","小字名":null,"地番":"36-1","精度区分":null,"座標系":"任意座標系"}},{"type":"Polygon","arcs":[[-455,-1187,1188]],"properties":{"市区町村名":"帯広市","大字名":"西二十条南","丁目名":"４丁目","小字名":null,"地番":"36-2","精度区分":null,"座標系":"任意座標系"}},{"type":"Polygon","arcs":[[1189,1190,-1186,1191]],"properties":{"市区町村名":"帯広市","大字名":"西二十条南","丁目名":"４丁目","小字名":null,"地番":"36-3","精度区分":null,"座標系":"任意座標系"}},{"type":"Polygon","arcs":[[1192,-456,-1189,-1191]],"properties":{"市区町村名":"帯広市","大字名":"西二十条南","丁目名":"４丁目","小字名":null,"地番":"36-4","精度区分":null,"座標系":"任意座標系"}},{"type":"Polygon","arcs":[[1193,1194,-1190,1195]],"properties":{"市区町村名":"帯広市","大字名":"西二十条南","丁目名":"４丁目","小字名":null,"地番":"36-5","精度区分":null,"座標系":"任意座標系"}},{"type":"Polygon","arcs":[[1196,-457,-1193,-1195]],"properties":{"市区町村名":"帯広市","大字名":"西二十条南","丁目名":"４丁目","小字名":null,"地番":"36-6","精度区分":null,"座標系":"任意座標系"}},{"type":"Polygon","arcs":[[1197,1198,-1194,1199]],"properties":{"市区町村名":"帯広市","大字名":"西二十条南","丁目名":"４丁目","小字名":null,"地番":"36-7","精度区分":null,"座標系":"任意座標系"}},{"type":"Polygon","arcs":[[-458,-1197,-1199,1200]],"properties":{"市区町村名":"帯広市","大字名":"西二十条南","丁目名":"４丁目","小字名":null,"地番":"36-8","精度区分":null,"座標系":"任意座標系"}},{"type":"Polygon","arcs":[[-460,1201,-1198,1202]],"properties":{"市区町村名":"帯広市","大字名":"西二十条南","丁目名":"４丁目","小字名":null,"地番":"36-9","精度区分":null,"座標系":"任意座標系"}},{"type":"Polygon","arcs":[[-459,-1201,-1202]],"properties":{"市区町村名":"帯広市","大字名":"西二十条南","丁目名":"４丁目","小字名":null,"地番":"36-10","精度区分":null,"座標系":"任意座標系"}},{"type":"Polygon","arcs":[[1203,-476,-468,1204]],"properties":{"市区町村名":"帯広市","大字名":"西二十条南","丁目名":"４丁目","小字名":null,"地番":"37-1","精度区分":null,"座標系":"任意座標系"}},{"type":"Polygon","arcs":[[1205,-477,-1204]],"properties":{"市区町村名":"帯広市","大字名":"西二十条南","丁目名":"４丁目","小字名":null,"地番":"37-2","精度区分":null,"座標系":"任意座標系"}},{"type":"Polygon","arcs":[[1206,-1205,-467,1207]],"properties":{"市区町村名":"帯広市","大字名":"西二十条南","丁目名":"４丁目","小字名":null,"地番":"37-3","精度区分":null,"座標系":"任意座標系"}},{"type":"Polygon","arcs":[[-478,-1206,-1207,1208]],"properties":{"市区町村名":"帯広市","大字名":"西二十条南","丁目名":"４丁目","小字名":null,"地番":"37-4","精度区分":null,"座標系":"任意座標系"}},{"type":"Polygon","arcs":[[1209,1210,-1208,-466]],"properties":{"市区町村名":"帯広市","大字名":"西二十条南","丁目名":"４丁目","小字名":null,"地番":"37-5","精度区分":null,"座標系":"任意座標系"}},{"type":"Polygon","arcs":[[-479,-1209,-1211,1211]],"properties":{"市区町村名":"帯広市","大字名":"西二十条南","丁目名":"４丁目","小字名":null,"地番":"37-6","精度区分":null,"座標系":"任意座標系"}},{"type":"Polygon","arcs":[[1212,1213,-480,-1212,1214]],"properties":{"市区町村名":"帯広市","大字名":"西二十条南","丁目名":"４丁目","小字名":null,"地番":"37-8","精度区分":null,"座標系":"任意座標系"}},{"type":"Polygon","arcs":[[1215,1216,-232,-212,-190,-175]],"properties":{"市区町村名":"帯広市","大字名":"西二十条南","丁目名":"４丁目","小字名":null,"地番":"38-1","精度区分":null,"座標系":"任意座標系"}},{"type":"Polygon","arcs":[[1217,1218,-249,1219,-1217]],"properties":{"市区町村名":"帯広市","大字名":"西二十条南","丁目名":"４丁目","小字名":null,"地番":"38-2","精度区分":null,"座標系":"任意座標系"}},{"type":"Polygon","arcs":[[1220,1221,-442,-420,-251,1222,1223]],"properties":{"市区町村名":"帯広市","大字名":"西二十条南","丁目名":"４丁目","小字名":null,"地番":"38-3","精度区分":null,"座標系":"任意座標系"}},{"type":"Polygon","arcs":[[-462,-1221,1224,-488,1225]],"properties":{"市区町村名":"帯広市","大字名":"西二十条南","丁目名":"４丁目","小字名":null,"地番":"38-4","精度区分":null,"座標系":"任意座標系"}},{"type":"Polygon","arcs":[[1226,-1223,-250,-1219]],"properties":{"市区町村名":"帯広市","大字名":"西二十条南","丁目名":"４丁目","小字名":null,"地番":"38-5","精度区分":null,"座標系":"任意座標系"}},{"type":"Polygon","arcs":[[-349,1227,1228,1229,-317]],"properties":{"市区町村名":"帯広市","大字名":"西二十条南","丁目名":"４丁目","小字名":null,"地番":"27-17","精度区分":null,"座標系":"任意座標系"}},{"type":"Polygon","arcs":[[-1229,1230,-998,1231]],"properties":{"市区町村名":"帯広市","大字名":"西二十条南","丁目名":"４丁目","小字名":null,"地番":"27-28","精度区分":null,"座標系":"任意座標系"}},{"type":"Polygon","arcs":[[-1006,-1002,-1231,-1228,-348]],"properties":{"市区町村名":"帯広市","大字名":"西二十条南","丁目名":"４丁目","小字名":null,"地番":"27-19","精度区分":null,"座標系":"任意座標系"}},{"type":"Polygon","arcs":[[-864,-869,-873,-877,-882,-885,-888,-889,-318,-1230,-1232,-1000,-337,1232,-145,-861]],"properties":{"市区町村名":"帯広市","大字名":"西二十条南","丁目名":"４丁目","小字名":null,"地番":"5-1","精度区分":null,"座標系":"任意座標系"}},{"type":"Polygon","arcs":[[1233,1234,-997,-993,1235]],"properties":{"市区町村名":"帯広市","大字名":"西二十条南","丁目名":"４丁目","小字名":null,"地番":"26-15","精度区分":null,"座標系":"任意座標系"}},{"type":"Polygon","arcs":[[-452,1236,-1236,-992,-991]],"properties":{"市区町村名":"帯広市","大字名":"西二十条南","丁目名":"４丁目","小字名":null,"地番":"26-13","精度区分":null,"座標系":"任意座標系"}},{"type":"Polygon","arcs":[[-977,-981,-985,-989,-995,-996,-1235,1237,-450,-1044,-1040,-1035,-1030,-1024,-310,-963,-961,-283,-933,-930,1238,-966]],"properties":{"市区町村名":"帯広市","大字名":"西二十条南","丁目名":"４丁目","小字名":null,"地番":"5-4","精度区分":null,"座標系":"任意座標系"}},{"type":"Polygon","arcs":[[-1234,-1237,-451,-1238]],"properties":{"市区町村名":"帯広市","大字名":"西二十条南","丁目名":"４丁目","小字名":null,"地番":"26-16","精度区分":null,"座標系":"任意座標系"}},{"type":"Polygon","arcs":[[1239,1240,1241,-464]],"properties":{"市区町村名":"帯広市","大字名":"西二十条南","丁目名":"４丁目","小字名":null,"地番":"37-9","精度区分":null,"座標系":"任意座標系"}},{"type":"Polygon","arcs":[[-1241,1242,-1213,1243]],"properties":{"市区町村名":"帯広市","大字名":"西二十条南","丁目名":"４丁目","小字名":null,"地番":"37-10","精度区分":null,"座標系":"任意座標系"}},{"type":"Polygon","arcs":[[-1215,-1210,-465,-1242,-1244]],"properties":{"市区町村名":"帯広市","大字名":"西二十条南","丁目名":"４丁目","小字名":null,"地番":"37-7","精度区分":null,"座標系":"任意座標系"}},{"type":"Polygon","arcs":[[-1243,-1240,-463,-1226,-481,-1214]],"properties":{"市区町村名":"帯広市","大字名":"西二十条南","丁目名":"４丁目","小字名":null,"地番":"5-16","精度区分":null,"座標系":"任意座標系"}},{"type":"Polygon","arcs":[[1244,1245,1246,-1185]],"properties":{"市区町村名":"帯広市","大字名":"西二十条南","丁目名":"４丁目","小字名":null,"地番":"35-11","精度区分":null,"座標系":"任意座標系"}},{"type":"Polygon","arcs":[[1247,1248,-1246]],"properties":{"市区町村名":"帯広市","大字名":"西二十条南","丁目名":"４丁目","小字名":null,"地番":"35-10","精度区分":null,"座標系":"任意座標系"}},{"type":"Polygon","arcs":[[-1247,-1249,1249,-1180,-1183]],"properties":{"市区町村名":"帯広市","大字名":"西二十条南","丁目名":"４丁目","小字名":null,"地番":"35-8","精度区分":null,"座標系":"任意座標系"}},{"type":"Polygon","arcs":[[-1170,-1173,-1177,-1181,-1250,-1248,-1245,-1184,-443,-1222,-461,-1203,-1200,-1196,-1192,-1188,-474,1250,-1046,-1045,-449]],"properties":{"市区町村名":"帯広市","大字名":"西二十条南","丁目名":"４丁目","小字名":null,"地番":"5-14","精度区分":null,"座標系":"任意座標系"}},{"type":"Polygon","arcs":[[1251,1252,1253,-1015]],"properties":{"市区町村名":"帯広市","大字名":"西二十条南","丁目名":"４丁目","小字名":null,"地番":"28-2","精度区分":null,"座標系":"任意座標系"}},{"type":"Polygon","arcs":[[1254,1255,-1253]],"properties":{"市区町村名":"帯広市","大字名":"西二十条南","丁目名":"４丁目","小字名":null,"地番":"28-18","精度区分":null,"座標系":"任意座標系"}},{"type":"Polygon","arcs":[[-1254,-1256,1256,1257,-1048,-1026,-1032,-1036,-1041,-1047,-1251,-1121,-1119,-1115,-412,-1082,-1079,-1075,-1071,-1067,-338,-4,-315,-1016]],"properties":{"市区町村名":"帯広市","大字名":"西二十条南","丁目名":"４丁目","小字名":null,"地番":"5-7","精度区分":null,"座標系":"任意座標系"}},{"type":"Polygon","arcs":[[1258,1259,-1252,-1017]],"properties":{"市区町村名":"帯広市","大字名":"西二十条南","丁目名":"４丁目","小字名":null,"地番":"28-4","精度区分":null,"座標系":"任意座標系"}},{"type":"Polygon","arcs":[[1260,-1257,-1255,-1260]],"properties":{"市区町村名":"帯広市","大字名":"西二十条南","丁目名":"４丁目","小字名":null,"地番":"28-19","精度区分":null,"座標系":"任意座標系"}},{"type":"Polygon","arcs":[[-1049,-1258,-1261,-1259,-1019]],"properties":{"市区町村名":"帯広市","大字名":"西二十条南","丁目名":"４丁目","小字名":null,"地番":"28-6","精度区分":null,"座標系":"任意座標系"}},{"type":"Polygon","arcs":[[1261,1262,1263,-238]],"properties":{"市区町村名":"帯広市","大字名":"西二十条南","丁目名":"４丁目","小字名":null,"地番":"21-1","精度区分":null,"座標系":"任意座標系"}},{"type":"Polygon","arcs":[[1264,-822,1265,-1263]],"properties":{"市区町村名":"帯広市","大字名":"西二十条南","丁目名":"４丁目","小字名":null,"地番":"21-11","精度区分":null,"座標系":"任意座標系"}},{"type":"Polygon","arcs":[[-1264,-1266,-821,-824,-830,-833,-837,-835,-233,-1220,-248,-856,-853,-848,-845,-857,-264,-754,-747,-741,-733,-239]],"properties":{"市区町村名":"帯広市","大字名":"西二十条南","丁目名":"４丁目","小字名":null,"地番":"4-15","精度区分":null,"座標系":"任意座標系"}},{"type":"Polygon","arcs":[[-825,-1265,-1262,-237,-828]],"properties":{"市区町村名":"帯広市","大字名":"西二十条南","丁目名":"４丁目","小字名":null,"地番":"21-3","精度区分":null,"座標系":"任意座標系"}},{"type":"Polygon","arcs":[[1266,1267,1268,1269]],"properties":{"市区町村名":"帯広市","大字名":"西二十条南","丁目名":"４丁目","小字名":null,"地番":"16-20","精度区分":null,"座標系":"任意座標系"}},{"type":"Polygon","arcs":[[-1269,1270,-731,1271]],"properties":{"市区町村名":"帯広市","大字名":"西二十条南","丁目名":"４丁目","小字名":null,"地番":"16-22","精度区分":null,"座標系":"任意座標系"}},{"type":"Polygon","arcs":[[-695,-732,-698,-702,-707,-710,-715,-718,-722,-726,-730,-1271,-1268,1272,-932,-927,-923,-920,-915,-911,-907,-904,-898,-891,-299,-142,-662,-657,-653,-648,-170]],"properties":{"市区町村名":"帯広市","大字名":"西二十条南","丁目名":"４丁目","小字名":null,"地番":"4-10","精度区分":null,"座標系":"任意座標系"}},{"type":"Polygon","arcs":[[1273,-1270,-1272,-728,-160]],"properties":{"市区町村名":"帯広市","大字名":"西二十条南","丁目名":"４丁目","小字名":null,"地番":"16-19","精度区分":null,"座標系":"任意座標系"}},{"type":"Polygon","arcs":[[1274,1275,1276,-126]],"properties":{"市区町村名":"帯広市","大字名":"西二十条南","丁目名":"４丁目","小字名":null,"地番":"17-1","精度区分":null,"座標系":"任意座標系"}},{"type":"Polygon","arcs":[[1277,-740,1278,-1276]],"properties":{"市区町村名":"帯広市","大字名":"西二十条南","丁目名":"４丁目","小字名":null,"地番":"17-16","精度区分":null,"座標系":"任意座標系"}},{"type":"Polygon","arcs":[[-1277,-1279,-739,-746,-767,-752,-758,-762,-765,-766,-260,-974,-971,-967,-1239,-1273,-1267,-1274,-159,-692,-690,-127]],"properties":{"市区町村名":"帯広市","大字名":"西二十条南","丁目名":"４丁目","小字名":null,"地番":"4-11","精度区分":null,"座標系":"任意座標系"}},{"type":"Polygon","arcs":[[-743,-736,-1278,-1275,-125,-735]],"properties":{"市区町村名":"帯広市","大字名":"西二十条南","丁目名":"４丁目","小字名":null,"地番":"17-2","精度区分":null,"座標系":"任意座標系"}}]}},"arcs":[[[320364,736872],[15706,-67111],[-3802,-3937]],[[332268,665824],[-129565,-17219],[-5310,2723],[-15940,67667]],[[181453,718995],[3881,3910],[128697,17049],[6333,-3082]],[[430435,296920],[16094,-67013],[-3679,-4261]],[[442850,225646],[-135263,-17698],[-5748,3034],[-15818,66963]],[[286021,277945],[3677,3987],[135257,17901],[5480,-2913]],[[38974,811299],[4781,-20240]],[[43755,791059],[5206,-22033]],[[48961,769026],[5142,-21765]],[[54103,747261],[5289,-22386]],[[59392,724875],[5283,-22360]],[[64675,702515],[5204,-22027]],[[69879,680488],[5193,-21977]],[[75072,658511],[6117,-25895],[33434,4353]],[[114623,636969],[33112,4313]],[[147735,641282],[28433,3703]],[[176168,644985],[3218,-12531]],[[179386,632454],[-28911,-3810]],[[150475,628644],[-33294,-4387]],[[117181,624257],[-32752,-4316]],[[84429,619941],[-29538,-3890]],[[54891,616051],[-54891,233153],[29106,3854]],[[29106,853058],[9868,-41759]],[[146068,868541],[10013,-43152],[5122,-2731],[29098,3831]],[[190301,826489],[32506,4282]],[[222807,830771],[32230,4242]],[[255037,835013],[32625,4297]],[[287662,839310],[32325,4257]],[[319987,843567],[32531,4284]],[[352518,847851],[31859,4195]],[[384377,852046],[24931,3282]],[[409308,855328],[20272,2671]],[[429580,857999],[3128,-12909]],[[432708,845090],[-23398,-3080]],[[409310,842010],[-27537,-3624]],[[381773,838386],[-27685,-3645]],[[354088,834741],[-27642,-3637]],[[326446,831104],[-27632,-3638]],[[298814,827466],[-27794,-3661]],[[271020,823805],[-27176,-3577]],[[243844,820228],[-27882,-3669]],[[215962,816559],[-28044,-3692]],[[187918,812867],[-22882,-3013],[-4162,-4285]],[[160874,805569],[-17197,-2180]],[[143677,803389],[-187,793]],[[143490,804182],[-4815,20503]],[[138675,824685],[-4447,18927]],[[134228,843612],[-5321,22657]],[[128907,866269],[17161,2272]],[[160874,805569],[7863,-33295]],[[168737,772274],[4403,-18666]],[[173140,753608],[3554,-15046],[5314,-2834],[23215,3065]],[[205223,738793],[28268,3733]],[[233491,742526],[27461,3625]],[[260952,746151],[27470,3624]],[[288422,749775],[27623,3648]],[[316045,753423],[27943,3690]],[[343988,757113],[27507,3631]],[[371495,760744],[27864,3677]],[[399359,764421],[27546,3636]],[[426905,768057],[23301,3078]],[[450206,771135],[2953,-12809]],[[453159,758326],[-27621,-3655]],[[425538,754671],[-29516,-3909]],[[396022,750762],[-29681,-3929]],[[366341,746833],[-24602,-3258],[-4359,-4449]],[[337380,739126],[-17016,-2254]],[[181453,718995],[-17420,-2279]],[[164033,716716],[-5074,21605]],[[158959,738321],[-5188,22084]],[[153771,760405],[-5152,21946]],[[148619,782351],[-4942,21038]],[[458964,947117],[26267,12506]],[[485231,959623],[36188,4809]],[[521419,964432],[3353,-14530]],[[524772,949902],[-27450,-3570]],[[497322,946332],[-5638,-745]],[[491684,945587],[-25601,-3378]],[[466083,942209],[-29889,-3945]],[[436194,938264],[957,314],[21813,8539]],[[433221,937287],[7585,-31888]],[[440806,905399],[6307,-26530]],[[447113,878869],[5697,-23947]],[[452810,854922],[5762,-24225]],[[458572,830697],[5772,-24275]],[[464344,806422],[6882,-28930],[5129,-2807],[29681,3969]],[[506036,778654],[31140,4167]],[[537176,782821],[34011,4551]],[[571187,787372],[3028,-12837]],[[574215,774535],[-29804,-4128]],[[544411,770407],[-28900,-3827]],[[515511,766580],[-30154,-3990]],[[485357,762590],[-29490,-3905]],[[455867,758685],[-2708,-359]],[[450206,771135],[3780,3886],[-7977,33961]],[[446009,808982],[-7810,33245],[-5491,2863]],[[429580,857999],[3751,3885],[-4175,17644]],[[429156,879528],[-4925,20812]],[[424231,900340],[-7288,30793]],[[416943,931133],[6035,2792]],[[422978,933925],[10243,3362]],[[332268,665824],[2988,-12793]],[[335256,653031],[-24040,-3154]],[[311216,649877],[-27413,-3594]],[[283803,646283],[-27489,-3604]],[[256314,642679],[-27739,-3640]],[[228575,639039],[-22413,-2939],[-4170,-4394]],[[201992,631706],[-17134,-2462]],[[184858,629244],[-5472,3210]],[[176168,644985],[3718,4235],[-5300,22568]],[[174586,671788],[-5116,21786]],[[169470,693574],[-5206,22165]],[[164264,715739],[-231,977]],[[337380,739126],[7902,-33326]],[[345282,705800],[8025,-33846],[5272,-2857],[25550,3418]],[[384129,672515],[29710,3973]],[[413839,676488],[29505,3946]],[[443344,680434],[30043,4020]],[[473387,684454],[29593,3959]],[[502980,688413],[29661,3967]],[[532641,692380],[29448,3938]],[[562089,696318],[29389,3933]],[[591478,700251],[3019,-12994]],[[594497,687257],[-35630,-4687]],[[558867,682570],[-31640,-4190]],[[527227,678380],[-27310,-3618],[-4083,-4516]],[[495834,670246],[-17445,-2218]],[[478389,668028],[-5621,3037],[-23147,-3036]],[[449621,668029],[-27900,-3659]],[[421721,664370],[-27542,-3611]],[[394179,660759],[-27478,-3603]],[[366701,657156],[-27586,-3618]],[[339115,653538],[-3859,-507]],[[90506,594151],[5188,-22019]],[[95694,572132],[5128,-21762]],[[100822,550370],[5188,-22026]],[[106010,528344],[5125,-21748]],[[111135,506596],[5171,-21942]],[[116306,484654],[4785,-20314],[8396,-4511],[25885,3456]],[[155372,463285],[32899,4390]],[[188271,467675],[33501,4472]],[[221772,472147],[4480,-19410]],[[226252,452737],[-33578,-4525]],[[192674,448212],[-58501,-7745],[-6286,-6781]],[[127887,433686],[-29211,-3610]],[[98676,430076],[-43785,185975]],[[84429,619941],[6077,-25790]],[[201992,631706],[7788,-33510]],[[209780,598196],[7869,-33842],[5402,-2674],[23060,3034]],[[246111,564714],[27614,3636]],[[273725,568350],[27645,3641]],[[301370,571991],[27550,3628]],[[328920,575619],[27691,3646]],[[356611,579265],[27470,3617]],[[384081,582882],[27546,3628]],[[411627,586510],[27739,3652]],[[439366,590162],[27698,3646]],[[467064,593808],[23356,3075]],[[490420,596883],[2854,-12408]],[[493274,584475],[-23235,-3087]],[[470039,581388],[-27799,-3693]],[[442240,577695],[-27642,-3674]],[[414598,574021],[-27626,-3672]],[[386972,570349],[-27274,-3625]],[[359698,566724],[-27869,-3701]],[[331829,563023],[-27504,-3656]],[[304325,559367],[-27588,-3667]],[[276737,555700],[-27774,-3691]],[[248963,552009],[-22803,-3031],[-3776,-4108]],[[222384,544870],[-17183,-2205]],[[205201,542665],[-4872,20738]],[[200329,563403],[-5147,21902]],[[195182,585305],[-5191,22096]],[[189991,607401],[-5133,21843]],[[792553,985647],[-56885,-7679]],[[735668,977968],[-16875,-2143]],[[718793,975825],[-29907,-3997]],[[688886,971828],[-30663,-4098]],[[658223,967730],[-27110,-3621]],[[631113,964109],[-3151,-422]],[[627962,963687],[-30328,-4052]],[[597634,959635],[-22741,-3039],[-6349,-6325],[8135,-34264]],[[576679,916007],[4984,-21000]],[[581663,895007],[3857,-16248],[30460,4079]],[[615980,882838],[30218,4046]],[[646198,886884],[30332,4062]],[[676530,890946],[30600,4097]],[[707130,895043],[25090,3359],[3859,3900],[-7922,33690]],[[728157,935992],[-9364,39833]],[[735668,977968],[22121,-93151]],[[757789,884817],[-17097,-2305]],[[740692,882512],[-5454,2857],[-18459,-2446]],[[716779,882923],[-23441,-3108]],[[693338,879815],[-14067,-1864]],[[679271,877951],[-7804,-1033]],[[671467,876918],[-22132,-2932]],[[649335,873986],[-30462,-4038]],[[618873,869948],[-30295,-4017]],[[588578,865931],[-34843,-4616]],[[553735,861315],[-1590,6730]],[[552145,868045],[-5731,24273]],[[546414,892318],[-6285,26628]],[[540129,918946],[-6187,26218],[-9170,4738]],[[521419,964432],[267740,35567],[3394,-14352]],[[597189,829072],[5472,-23431]],[[602661,805641],[3152,-13498],[30517,4051]],[[636330,796194],[30449,4044]],[[666779,800238],[29865,3967]],[[696644,804205],[30705,4076]],[[727349,808281],[25381,3372],[3789,3742],[-7981,33843]],[[748538,849238],[-7846,33274]],[[757789,884817],[20585,-86694]],[[778374,798123],[-17068,-2303]],[[761306,795820],[-5485,2890],[-25440,-3387]],[[730381,795323],[-30451,-4052]],[[699930,791271],[-30326,-4038]],[[669604,787233],[-30176,-4018]],[[639428,783215],[-30370,-4044]],[[609058,779171],[-34843,-4636]],[[571187,787372],[-7619,32274]],[[563568,819646],[-5761,24400]],[[557807,844046],[-4072,17269]],[[588578,865931],[8611,-36859]],[[609058,779171],[8703,-36812]],[[617761,742359],[8139,-37207],[30811,4156]],[[656711,709308],[30348,4026]],[[687059,713334],[30297,4018]],[[717356,717352],[30633,4064]],[[747989,721416],[25587,3394],[3585,3752],[-1812,7679]],[[775349,736241],[-6171,26175]],[[769178,762416],[-7872,33404]],[[778374,798123],[20098,-86990]],[[798472,711133],[-17494,-2556]],[[780978,708577],[-5982,2964],[-30260,-4071]],[[744736,707470],[-27573,-3711]],[[717163,703759],[-27294,-3674]],[[689869,700085],[-27357,-3682]],[[662512,696403],[-34488,-4641]],[[628024,691762],[-33527,-4505]],[[591478,700251],[-8648,37218]],[[582830,737469],[-8615,37066]],[[657823,568101],[7626,-31770],[8313,-4222],[27531,3604]],[[701293,535713],[27598,3736]],[[728891,539449],[26952,3647]],[[755843,543096],[27744,3756]],[[783587,546852],[34920,4728],[-8905,36977]],[[809602,588557],[-8021,33321]],[[801581,621878],[17237,2322]],[[818818,624200],[1959,-8195]],[[820777,616005],[16867,-72025]],[[837644,543980],[2077,-9784]],[[839721,534196],[-16780,-2280]],[[822941,531916],[-30585,-4157]],[[792356,527759],[-30394,-4132]],[[761962,523627],[-30359,-4127]],[[731603,519500],[-30284,-4115]],[[701319,515385],[-22520,-3061],[-6180,-6708]],[[672619,505616],[-34626,-4708]],[[637993,500908],[-9289,5047]],[[628704,505955],[-4633,19312]],[[624071,525267],[6539,6452],[-6349,26613]],[[624261,558332],[-5745,24073]],[[618516,582405],[-4254,17831]],[[614262,600236],[34722,4685]],[[648984,604921],[4107,-17108]],[[653091,587813],[4732,-19712]],[[458964,947117],[-2071,8741],[28338,3765]],[[416943,931133],[-178,754]],[[416765,931887],[6213,2038]],[[243327,454921],[5958,-25133]],[[249285,429788],[2804,-11821]],[[252089,417967],[3267,-13768]],[[255356,404199],[4699,-19815],[5105,-2859],[23501,3114]],[[288661,384639],[27748,3673]],[[316409,388312],[27702,3671]],[[344111,391983],[27588,3654]],[[371699,395637],[27794,3682]],[[399493,399319],[27693,3667]],[[427186,402986],[27518,3644]],[[454704,406630],[27994,3709]],[[482698,410339],[27522,3644]],[[510220,413983],[22575,2992]],[[532795,416975],[3097,-12833]],[[535892,404142],[-22627,-3000]],[[513265,401142],[-27621,-3666]],[[485644,397476],[-27869,-3698]],[[457775,393778],[-27535,-3654]],[[430240,390124],[-27693,-3672]],[[402547,386452],[-27770,-3686]],[[374777,382766],[-27639,-3667]],[[347138,379099],[-27689,-3675]],[[319449,375424],[-27673,-3671]],[[291776,371753],[-23270,-3087],[-3824,-3960]],[[264682,364706],[-17174,-2253]],[[247508,362453],[-5094,21397]],[[242414,383850],[-5200,21844]],[[237214,405694],[-5177,21745]],[[232037,427439],[-5785,25298]],[[226252,452737],[17075,2184]],[[272770,331165],[8414,-33536],[5419,-2923],[22864,3041]],[[309467,297747],[27711,3683]],[[337178,301430],[27606,3669]],[[364784,305099],[27634,3675]],[[392418,308774],[27871,3705]],[[420289,312479],[27548,3664]],[[447837,316143],[27562,3663]],[[475399,319806],[28088,3734]],[[503487,323540],[27651,3677]],[[531138,327217],[22610,3103]],[[553748,330320],[3317,-12977]],[[557065,317343],[-24053,-3196]],[[533012,314147],[-28356,-3769]],[[504656,310378],[-29071,-3863]],[[475585,306515],[-24291,-3226],[-3834,-4008]],[[447460,299281],[-17025,-2361]],[[286021,277945],[-17149,-2328]],[[268872,275617],[-5561,2882]],[[263311,278499],[-3120,12813]],[[260191,291312],[3574,3810],[-5577,22475]],[[258188,317597],[-5169,21704]],[[253019,339301],[-5362,22523]],[[247657,361824],[-149,629]],[[264682,364706],[8088,-33541]],[[168270,265909],[6130,-25990]],[[174400,239919],[6408,-27155]],[[180808,212764],[6461,-27382]],[[187269,185382],[6472,-27439]],[[193741,157943],[6417,-27198]],[[200158,130745],[6121,-25933],[49822,6619]],[[256101,111431],[45797,6084]],[[301898,117515],[2813,-12926]],[[304711,104589],[-29422,-3892]],[[275289,100697],[-33073,-4374]],[[242216,96323],[-32526,-4303]],[[209690,92020],[-29154,-3856]],[[180536,88164],[-41572,173856]],[[138964,262020],[29306,3889]],[[442850,225646],[3212,-12570]],[[446062,213076],[-2233,-295]],[[443829,212781],[-27623,-3656]],[[416206,209125],[-27435,-3629]],[[388771,205496],[-27524,-3641]],[[361247,201855],[-27880,-3691]],[[333367,198164],[-22667,-3000],[-4140,-4201]],[[306560,190963],[-17349,-2235]],[[289211,188728],[-2264,9672]],[[286947,198400],[-6417,27415]],[[280530,225815],[-6432,27477]],[[274098,253292],[-5226,22325]],[[306560,190963],[8039,-33515]],[[314599,157448],[8106,-33808],[5384,-2773],[22849,3037]],[[350938,123904],[27685,3677]],[[378623,127581],[27811,3695]],[[406434,131276],[27509,3652]],[[433943,134928],[27764,3689]],[[461707,138617],[27759,3687]],[[489466,142304],[27430,3644]],[[516896,145948],[27851,3698]],[[544747,149646],[27520,3656]],[[572267,153302],[23088,3067]],[[595355,156369],[3146,-12846]],[[598501,143523],[-26945,-3578]],[[571556,139945],[-31329,-4163]],[[540227,135782],[-31028,-4119]],[[509199,131663],[-31218,-4148]],[[477981,127515],[-31570,-4193]],[[446411,123322],[-26877,-3571],[-3949,-3708]],[[415585,116043],[-17413,-2398]],[[398172,113645],[-5182,2621],[-23358,-3090]],[[369632,113176],[-28323,-3746]],[[341309,109430],[-33040,-4371]],[[308269,105059],[-3558,-470]],[[301898,117515],[3072,3892],[-5296,22631]],[[299674,144038],[-6325,27020]],[[293349,171058],[-4138,17670]],[[216522,63067],[7843,-33242]],[[224365,29825],[1393,-5907],[8725,-4590],[7554,1005]],[[242037,20333],[17829,2370]],[[259866,22703],[33433,4446]],[[293299,27149],[32594,4336]],[[325893,31485],[32930,4377]],[[358823,35862],[28259,3759]],[[387082,39621],[28036,3728]],[[415118,43349],[3488,-14472]],[[418606,28877],[-217180,-28877],[-20890,88164]],[[209690,92020],[6832,-28953]],[[415585,116043],[7944,-33436]],[[423529,82607],[8850,-37238],[31467,4159]],[[463846,49528],[31440,4156]],[[495286,53684],[31328,4141]],[[526614,57825],[31226,4128]],[[557840,61953],[31398,4150]],[[589238,66103],[31386,4148]],[[620624,70251],[3357,-14066]],[[623981,56185],[-205375,-27308]],[[415118,43349],[-8883,36846]],[[406235,80195],[-8063,33450]],[[605710,207581],[5200,-21918]],[[610910,185663],[5188,-21886]],[[616098,163777],[5160,-21749]],[[621258,142028],[5210,-21967]],[[626468,120061],[5165,-21771]],[[631633,98290],[6119,-25800],[33033,4453]],[[670785,76943],[33199,4477]],[[703984,81420],[25327,3411]],[[729311,84831],[3382,-14190]],[[732693,70641],[-108712,-14456]],[[620624,70251],[-8885,37244]],[[611739,107495],[-7854,32925],[-5384,3103]],[[595355,156369],[3736,3777],[-8040,33956]],[[591051,194102],[-7931,33485]],[[583120,227587],[17272,2410]],[[600392,229997],[5318,-22416]],[[680181,474362],[8938,-36953],[30269,4126]],[[719388,441535],[30530,4161]],[[749918,445696],[30187,4113]],[[780105,449809],[30265,4126]],[[810370,453935],[26745,3646],[3706,3923],[-8521,33550]],[[832300,495054],[-9359,36862]],[[839721,534196],[23240,-89698]],[[862961,444498],[-17119,-2417]],[[845842,442081],[-6112,2815],[-23720,-3241]],[[816010,441655],[-30947,-4228]],[[785063,437427],[-31104,-4249]],[[753959,433178],[-30756,-4202]],[[723203,428976],[-31423,-3991]],[[691780,424985],[-34385,-4550]],[[657395,420435],[-4341,18007]],[[653054,438442],[-5250,21784]],[[647804,460226],[-1716,7113]],[[646088,467339],[-3543,14690]],[[642545,482029],[-4552,18879]],[[672619,505616],[7562,-31254]],[[691780,424985],[9372,-37041]],[[701152,387944],[6244,-25787]],[[707396,362157],[2415,-11181],[31647,4269]],[[741458,355245],[30528,4200]],[[771986,359445],[31170,4290]],[[803156,363735],[30936,4256]],[[834092,367991],[25894,3564],[3548,3815],[-8958,33778]],[[854576,409148],[-8734,32933]],[[862961,444498],[22770,-86145]],[[885731,358353],[-17270,-2339]],[[868461,356014],[-5770,2654],[-25332,-3482]],[[837359,355186],[-30932,-4249]],[[806427,350937],[-31181,-4285]],[[775246,346652],[-30857,-4241]],[[744389,342411],[-31693,-4353]],[[712696,338058],[-34672,-4642]],[[678024,333416],[-3102,13018]],[[674922,346434],[-5875,25698]],[[669047,372132],[-5300,22162]],[[663747,394294],[-5358,21948]],[[658389,416242],[-994,4193]],[[742498,214282],[8832,-36929],[31077,4172]],[[782407,181525],[31365,4208]],[[813772,185733],[30826,4138]],[[844598,189871],[31221,4192]],[[875819,194063],[24942,3347],[4107,3546],[-1024,4994],[-5643,29172]],[[898201,235122],[-4300,22020],[-2575,11832]],[[891326,268974],[16155,2181]],[[907481,271155],[3116,-11794],[10484,-51562],[4081,-24295]],[[925162,183504],[-16628,-2197]],[[908534,181307],[-5559,3141],[-35863,-4812]],[[867112,179636],[-28178,-3780]],[[838934,175856],[-28033,-3761]],[[810901,172095],[-28172,-3778]],[[782729,168317],[-28612,-3838]],[[754117,164479],[-34734,-4657]],[[719383,159822],[-4061,17037]],[[715322,176859],[-5276,22150]],[[710046,199009],[-5175,21724]],[[704871,220733],[-6167,25884]],[[698704,246617],[34953,4636]],[[733657,251253],[8841,-36971]],[[754117,164479],[9109,-36759]],[[763226,127720],[7643,-31754],[8137,-4282],[21278,2860]],[[800284,94544],[28358,3812]],[[828642,98356],[27983,3759]],[[856625,102115],[8210,1103]],[[864835,103218],[23604,3197]],[[888439,106415],[-19601,-17446]],[[868838,88969],[-136145,-18328]],[[729311,84831],[6561,6764],[-5002,20009]],[[730870,111604],[-5190,21786]],[[725680,133390],[-5222,21920]],[[720458,155310],[-1075,4512]],[[888439,106415],[108096,14505]],[[996535,120920],[3464,-14295],[-131161,-17656]],[[72284,815772],[-33310,-4473]],[[29106,853058],[33119,4383]],[[62225,857441],[10059,-41669]],[[95212,861809],[5438,-22666]],[[100650,839143],[4546,-18953]],[[105196,820190],[-15954,-2141]],[[89242,818049],[-16958,-2277]],[[62225,857441],[32987,4368]],[[134228,843612],[-33578,-4469]],[[95212,861809],[33695,4460]],[[89242,818049],[4787,-20373]],[[94029,797676],[-50274,-6617]],[[143490,804182],[-49461,-6506]],[[105196,820190],[33479,4495]],[[99183,775741],[-50222,-6715]],[[94029,797676],[5154,-21935]],[[148619,782351],[-49436,-6610]],[[104319,753882],[-50216,-6621]],[[99183,775741],[5136,-21859]],[[153771,760405],[-49452,-6523]],[[104319,753882],[5223,-22233]],[[109542,731649],[-50150,-6774]],[[158959,738321],[-49417,-6672]],[[114823,709175],[-50148,-6660]],[[109542,731649],[5281,-22474]],[[164264,715739],[-49441,-6564]],[[120016,687077],[-50137,-6589]],[[114823,709175],[5193,-22098]],[[169470,693574],[-49454,-6497]],[[120016,687077],[5142,-21885]],[[125158,665192],[-16651,-2220]],[[108507,662972],[-33435,-4461]],[[174586,671788],[-33007,-4405]],[[141579,667383],[-16421,-2191]],[[108507,662972],[6116,-26003]],[[141579,667383],[6156,-26101]],[[179323,872941],[10978,-46452]],[[146068,868541],[33255,4400]],[[211774,877238],[11033,-46467]],[[179323,872941],[32451,4297]],[[244123,881522],[10914,-46509]],[[211774,877238],[32349,4284]],[[276346,885787],[11316,-46477]],[[244123,881522],[32223,4265]],[[276346,885787],[32171,5702]],[[308517,891489],[5522,-23071]],[[314039,868418],[5948,-24851]],[[346489,872692],[-32450,-4274]],[[308517,891489],[9969,1767],[21347,6853]],[[339833,900109],[6656,-27417]],[[374320,893905],[5027,-20913]],[[379347,872992],[5030,-20946]],[[352518,847851],[-6029,24841]],[[339833,900109],[30633,9834]],[[370466,909943],[3854,-16038]],[[404117,876243],[5191,-20915]],[[379347,872992],[24770,3251]],[[429156,879528],[-25039,-3285]],[[374320,893905],[49911,6435]],[[370466,909943],[2264,726],[44213,20464]],[[276346,885787],[31094,10207]],[[307440,895994],[1077,-4505]],[[307440,895994],[30927,10154]],[[338367,906148],[1466,-6039]],[[368965,916194],[1501,-6251]],[[338367,906148],[30598,10046]],[[368965,916194],[47800,15693]],[[187918,812867],[8624,-36911]],[[196542,775956],[-27805,-3682]],[[173140,753608],[27720,3866]],[[200860,757474],[4363,-18681]],[[215962,816559],[8732,-36879]],[[224694,779680],[-28152,-3724]],[[224694,779680],[8797,-37154]],[[200860,757474],[-4318,18482]],[[243844,820228],[8517,-36884]],[[252361,783344],[-27667,-3664]],[[252361,783344],[8591,-37193]],[[279679,786961],[-27318,-3617]],[[271020,823805],[8659,-36844]],[[279679,786961],[8743,-37186]],[[307385,790630],[-27706,-3669]],[[298814,827466],[8571,-36836]],[[307385,790630],[8660,-37207]],[[335171,794307],[-27786,-3677]],[[326446,831104],[8725,-36797]],[[335171,794307],[8817,-37194]],[[362741,797958],[-27570,-3651]],[[354088,834741],[8653,-36783]],[[362741,797958],[8754,-37214]],[[390513,801635],[-27772,-3677]],[[381773,838386],[8740,-36751]],[[390513,801635],[8846,-37214]],[[409310,842010],[8741,-36729]],[[418051,805281],[-27538,-3646]],[[418051,805281],[8854,-37224]],[[446009,808982],[-27958,-3701]],[[466083,942209],[7797,-32299]],[[473880,909910],[-33074,-4511]],[[433221,937287],[2973,977]],[[491684,945587],[7781,-32185]],[[499465,913402],[-9357,-1277]],[[490108,912125],[-16228,-2215]],[[540129,918946],[-34971,-4770]],[[505158,914176],[-7836,32156]],[[490108,912125],[6646,-26533]],[[496754,885592],[-49641,-6723]],[[499465,913402],[5693,774]],[[546414,892318],[-49660,-6726]],[[502780,861522],[-49970,-6600]],[[496754,885592],[6026,-24070]],[[552145,868045],[-49365,-6523]],[[502780,861522],[5643,-24118]],[[508423,837404],[-49851,-6707]],[[557807,844046],[-49384,-6642]],[[508423,837404],[5695,-24348]],[[514118,813056],[-15745,-2098]],[[498373,810958],[-34029,-4536]],[[563568,819646],[-34152,-4551]],[[529416,815095],[-15298,-2039]],[[498373,810958],[7663,-32304]],[[529416,815095],[7760,-32274]],[[366341,746833],[8868,-37044]],[[375209,709789],[-29927,-3989]],[[375209,709789],[8920,-37274]],[[396022,750762],[8881,-37014]],[[404903,713748],[-29694,-3959]],[[404903,713748],[8936,-37260]],[[425538,754671],[8875,-36987]],[[434413,717684],[-29510,-3936]],[[434413,717684],[8931,-37250]],[[455867,758685],[8727,-36978]],[[464594,721707],[-30181,-4023]],[[464594,721707],[8793,-37253]],[[485357,762590],[8777,-36946]],[[494134,725644],[-29540,-3937]],[[494134,725644],[8846,-37231]],[[515511,766580],[8530,-36947]],[[524041,729633],[-29907,-3989]],[[524041,729633],[8600,-37253]],[[544411,770407],[8802,-36886]],[[553213,733521],[-29172,-3888]],[[553213,733521],[8876,-37203]],[[582830,737469],[-29617,-3948]],[[123276,598516],[-32770,-4365]],[[117181,624257],[6095,-25741]],[[150475,628644],[5985,-25708]],[[156460,602936],[-16263,-2166]],[[140197,600770],[-16921,-2254]],[[189991,607401],[-33531,-4465]],[[140197,600770],[5169,-22062]],[[145366,578708],[-49672,-6576]],[[195182,585305],[-49816,-6597]],[[150480,556873],[-49658,-6503]],[[145366,578708],[5114,-21835]],[[200329,563403],[-49849,-6530]],[[155618,534949],[-49608,-6605]],[[150480,556873],[5138,-21924]],[[205201,542665],[255,-1080]],[[205456,541585],[-49838,-6636]],[[155618,534949],[5103,-21781]],[[160721,513168],[-49586,-6572]],[[210579,519777],[-49858,-6609]],[[205456,541585],[5123,-21808]],[[160721,513168],[5144,-21960]],[[165865,491208],[-16603,-2197]],[[149262,489011],[-32956,-4357]],[[210579,519777],[5164,-21976]],[[215743,497801],[-33399,-4416]],[[182344,493385],[-16479,-2177]],[[149262,489011],[6110,-25726]],[[182344,493385],[5927,-25710]],[[215743,497801],[6029,-25654]],[[228575,639039],[8775,-37192]],[[237350,601847],[-27570,-3651]],[[237350,601847],[8761,-37133]],[[265020,605510],[-27670,-3663]],[[256314,642679],[8706,-37169]],[[265020,605510],[8705,-37160]],[[283803,646283],[8778,-37126]],[[292581,609157],[-27561,-3647]],[[292581,609157],[8789,-37166]],[[311216,649877],[8841,-37082]],[[320057,612795],[-27476,-3638]],[[320057,612795],[8863,-37176]],[[339115,653538],[8732,-37064]],[[347847,616474],[-27790,-3679]],[[347847,616474],[8764,-37209]],[[375369,620118],[-27522,-3644]],[[366701,657156],[8668,-37038]],[[375369,620118],[8712,-37236]],[[402876,623757],[-27507,-3639]],[[394179,660759],[8697,-37002]],[[402876,623757],[8751,-37247]],[[430510,627416],[-27634,-3659]],[[421721,664370],[8789,-36954]],[[430510,627416],[8856,-37254]],[[449621,668029],[8679,-36934]],[[458300,631095],[-27790,-3679]],[[458300,631095],[8764,-37287]],[[478389,668028],[33,-133],[7838,-33097]],[[486260,634798],[-27960,-3703]],[[486260,634798],[8078,-34100],[-3918,-3815]],[[248963,552009],[8725,-37124]],[[257688,514885],[-27424,-3659]],[[230264,511226],[-7880,33644]],[[234784,491932],[27443,3653]],[[262227,495585],[4159,-17694]],[[266386,477891],[-27458,-3647],[-4144,17688]],[[276737,555700],[8639,-37123]],[[285376,518577],[-27688,-3692]],[[285376,518577],[8616,-37020]],[[293992,481557],[-27606,-3666]],[[262227,495585],[-4539,19300]],[[313070,522268],[-27694,-3691]],[[304325,559367],[8745,-37099]],[[313070,522268],[8727,-37018]],[[321797,485250],[-27805,-3693]],[[340581,525937],[-27511,-3669]],[[331829,563023],[8752,-37086]],[[349317,488908],[-27520,-3658]],[[340581,525937],[8736,-37029]],[[368399,529647],[-27818,-3710]],[[359698,566724],[8701,-37077]],[[368399,529647],[8692,-37051]],[[377091,492596],[-27774,-3688]],[[395733,533293],[-27334,-3646]],[[386972,570349],[8761,-37056]],[[404490,496236],[-27399,-3640]],[[395733,533293],[8757,-37057]],[[414598,574021],[8736,-37049]],[[423334,536972],[-27601,-3679]],[[432072,499899],[-27582,-3663]],[[423334,536972],[8738,-37073]],[[451047,540668],[-27713,-3696]],[[442240,577695],[8807,-37027]],[[459862,503591],[-27790,-3692]],[[451047,540668],[8815,-37077]],[[470039,581388],[8764,-37018]],[[478803,544370],[-27756,-3702]],[[487588,507275],[-27726,-3684]],[[478803,544370],[8785,-37095]],[[234784,491932],[-4520,19294]],[[594497,687257],[7310,-32188]],[[601807,655069],[-35216,-4620]],[[566591,650449],[-7724,32121]],[[534912,646292],[16807,2206]],[[551719,648498],[5713,-24169]],[[557432,624329],[-49310,-6451]],[[508122,617878],[-5669,24156]],[[502453,642034],[32459,4258]],[[601807,655069],[5502,-24217]],[[607309,630852],[-49877,-6523]],[[551719,648498],[14872,1951]],[[557432,624329],[2821,-11939]],[[560253,612390],[-49285,-6635]],[[510968,605755],[-2846,12123]],[[607309,630852],[5437,-23941]],[[612746,606911],[-49650,-6547]],[[563096,600364],[-2843,12026]],[[563096,600364],[5777,-24456]],[[568873,575908],[-49386,-6461]],[[519487,569447],[-5726,24408]],[[513761,593855],[49335,6509]],[[612746,606911],[1516,-6675]],[[618516,582405],[-49643,-6497]],[[574577,551783],[-16342,-2154]],[[558235,549629],[-33075,-4359]],[[525160,545270],[-5673,24177]],[[568873,575908],[5704,-24125]],[[624261,558332],[-34819,-4590]],[[589442,553742],[-14865,-1959]],[[565951,517472],[-33229,-4423],[-7562,32221]],[[558235,549629],[7716,-32157]],[[589442,553742],[7550,-32139]],[[596992,521603],[-31041,-4131]],[[624071,525267],[-27079,-3664]],[[513761,593855],[-2793,11900]],[[597634,959635],[9465,-39617]],[[607099,920018],[-30420,-4011]],[[612105,899068],[-30442,-4061]],[[607099,920018],[5006,-20950]],[[637383,924015],[-30284,-3997]],[[627962,963687],[9421,-39672]],[[637383,924015],[8815,-37131]],[[615980,882838],[-3875,16230]],[[667693,928015],[-27100,-3577]],[[640593,924438],[-9480,39671]],[[658223,967730],[9470,-39715]],[[667693,928015],[8837,-37069]],[[637383,924015],[3210,423]],[[688886,971828],[9451,-39768]],[[698337,932060],[-30644,-4045]],[[698337,932060],[8793,-37017]],[[728157,935992],[-29820,-3932]],[[627590,833123],[-30401,-4051]],[[618873,869948],[8717,-36825]],[[627590,833123],[5557,-23477]],[[633147,809646],[-30486,-4005]],[[658043,837179],[-30453,-4056]],[[649335,873986],[8708,-36807]],[[636330,796194],[-3183,13452]],[[658043,837179],[8736,-36941]],[[671467,876918],[8694,-36791]],[[680161,840127],[-22118,-2948]],[[687938,841163],[8706,-36958]],[[680161,840127],[7777,1036]],[[702144,843056],[-14206,-1893]],[[687938,841163],[-8667,36788]],[[693338,879815],[8806,-36759]],[[702144,843056],[16581,2210]],[[718725,845266],[8624,-36985]],[[748538,849238],[-22953,-3057]],[[725585,846181],[-8806,36742]],[[718725,845266],[6860,915]],[[639428,783215],[8617,-36844]],[[648045,746371],[-30284,-4012]],[[648045,746371],[8666,-37063]],[[678312,750380],[-30267,-4009]],[[669604,787233],[8708,-36853]],[[678312,750380],[8747,-37046]],[[699930,791271],[8695,-36877]],[[708625,754394],[-30313,-4014]],[[708625,754394],[8731,-37042]],[[739168,758441],[-30543,-4047]],[[730381,795323],[8787,-36882]],[[739168,758441],[6208,-26062]],[[745376,732379],[2613,-10963]],[[769178,762416],[-30010,-3975]],[[775349,736241],[-29973,-3862]],[[671570,659198],[8971,-36852]],[[680541,622346],[-34657,-4633],[-8883,36831]],[[637001,654544],[34569,4654]],[[698967,662887],[9015,-36876]],[[707982,626011],[-27441,-3665]],[[671570,659198],[27397,3689]],[[717163,703759],[9054,-37205]],[[726217,666554],[-27250,-3667]],[[698967,662887],[-9098,37198]],[[726217,666554],[8980,-36905]],[[735197,629649],[-27215,-3638]],[[744736,707470],[9062,-37203]],[[753798,670267],[-27581,-3713]],[[762798,633338],[-27601,-3689]],[[753798,670267],[9000,-36929]],[[780978,708577],[7964,-33579]],[[788942,674998],[-35144,-4731]],[[788942,674998],[8021,-33819],[-3403,-3730],[-30762,-4111]],[[692348,572755],[-34525,-4654]],[[653091,587813],[34499,4652]],[[687590,592465],[4758,-19710]],[[692348,572755],[8945,-37042]],[[710836,613264],[9004,-36804]],[[719840,576460],[-27492,-3705]],[[687590,592465],[-4131,17107]],[[683459,609572],[27377,3692]],[[719840,576460],[9051,-37011]],[[747068,580131],[-27228,-3671]],[[710836,613264],[27504,3711]],[[738340,616975],[8728,-36844]],[[747068,580131],[8775,-37035]],[[765757,620674],[8892,-36827]],[[774649,583847],[-27581,-3716]],[[738340,616975],[27417,3699]],[[774649,583847],[8938,-36995]],[[809602,588557],[-34953,-4710]],[[765757,620674],[30236,4078],[5588,-2874]],[[648984,604921],[34475,4651]],[[192674,448212],[5944,-25259]],[[198618,422953],[-16448,-2206]],[[182170,420747],[-49599,-6658]],[[132571,414089],[-4684,19597]],[[232037,427439],[-33419,-4486]],[[187354,398996],[-49588,-6664]],[[137766,392332],[-5195,21757]],[[182170,420747],[5184,-21751]],[[237214,405694],[-49860,-6698]],[[187354,398996],[5220,-21889]],[[192574,377107],[-49567,-6708]],[[143007,370399],[-5241,21933]],[[242414,383850],[-49840,-6743]],[[192574,377107],[5236,-21970]],[[197810,355137],[-49566,-6649]],[[148244,348488],[-5237,21911]],[[247657,361824],[-49847,-6687]],[[197810,355137],[5320,-22323]],[[203130,332814],[-49603,-6446]],[[153527,326368],[-5283,22120]],[[253019,339301],[-49889,-6487]],[[203130,332814],[5220,-21894]],[[208350,310920],[-16674,-2234]],[[191676,308686],[-32871,-4405]],[[158805,304281],[-5278,22087]],[[258188,317597],[-33207,-4447]],[[224981,313150],[-16631,-2230]],[[197782,282966],[-32702,-4374],[-6275,25689]],[[191676,308686],[6106,-25720]],[[224981,313150],[6062,-25735]],[[231043,287415],[-33261,-4449]],[[260191,291312],[-29148,-3897]],[[277062,433455],[-27777,-3667]],[[243327,454921],[27761,3675]],[[271088,458596],[5974,-25141]],[[279861,421675],[3280,-13810]],[[283141,407865],[-27785,-3666]],[[252089,417967],[27772,3708]],[[307635,425385],[-27774,-3710]],[[279861,421675],[-2799,11780]],[[271088,458596],[27814,3684]],[[298902,462280],[8733,-36895]],[[288661,384639],[-5520,23226]],[[307635,425385],[8774,-37073]],[[326604,465949],[8727,-36868]],[[335331,429081],[-27696,-3696]],[[298902,462280],[27702,3669]],[[335331,429081],[8780,-37098]],[[362833,432752],[-27502,-3671]],[[326604,465949],[27427,3632]],[[354031,469581],[8802,-36829]],[[362833,432752],[8866,-37115]],[[390605,436462],[-27772,-3710]],[[354031,469581],[27764,3676]],[[381795,473257],[8810,-36795]],[[390605,436462],[8888,-37143]],[[418343,440165],[-27738,-3703]],[[381795,473257],[27801,3682]],[[409596,476939],[8747,-36774]],[[418343,440165],[8843,-37179]],[[437120,480585],[8736,-36746]],[[445856,443839],[-27513,-3674]],[[409596,476939],[27524,3646]],[[445856,443839],[8848,-37209]],[[473786,447567],[-27930,-3728]],[[437120,480585],[27884,3693]],[[465004,484278],[8782,-36711]],[[473786,447567],[8912,-37228]],[[501229,451231],[-27443,-3664]],[[465004,484278],[27377,3623]],[[492381,487901],[8848,-36670]],[[501229,451231],[8991,-37248]],[[519840,491539],[8668,-36666]],[[528508,454873],[-27279,-3642]],[[492381,487901],[27459,3638]],[[528508,454873],[8141,-33910],[-3854,-3988]],[[291776,371753],[8822,-36895]],[[300598,334858],[-27828,-3693]],[[300598,334858],[8869,-37111]],[[319449,375424],[8840,-36892]],[[328289,338532],[-27691,-3674]],[[328289,338532],[8889,-37102]],[[355938,342201],[-27649,-3669]],[[347138,379099],[8800,-36898]],[[355938,342201],[8846,-37102]],[[374777,382766],[8799,-36898]],[[383576,345868],[-27638,-3667]],[[383576,345868],[8842,-37094]],[[402547,386452],[8845,-36894]],[[411392,349558],[-27816,-3690]],[[411392,349558],[8897,-37079]],[[439015,353224],[-27623,-3666]],[[430240,390124],[8775,-36900]],[[439015,353224],[8822,-37081]],[[457775,393778],[8789,-36898]],[[466564,356880],[-27549,-3656]],[[466564,356880],[8835,-37074]],[[485644,397476],[8900,-36883]],[[494544,360593],[-27980,-3713]],[[494544,360593],[8943,-37053]],[[522181,364258],[-27637,-3665]],[[513265,401142],[8916,-36884]],[[522181,364258],[8957,-37041]],[[535892,404142],[5645,-2962],[8104,-33245]],[[549641,367935],[-27460,-3677]],[[549641,367935],[8054,-33562],[-3947,-4053]],[[570053,498190],[5924,-25153]],[[575977,473037],[-32599,-4403]],[[543378,468634],[-6009,25226]],[[537369,493860],[32684,4330]],[[603398,502604],[5871,-25070]],[[609269,477534],[-16582,-2241]],[[592687,475293],[-16710,-2256]],[[570053,498190],[33345,4414]],[[642545,482029],[-15331,-2071]],[[627214,479958],[-17945,-2424]],[[603398,502604],[25306,3351]],[[592687,475293],[5211,-21854]],[[597898,453439],[-49301,-6702]],[[548597,446737],[-5219,21897]],[[627214,479958],[3458,-14613],[15416,1994]],[[647804,460226],[-49906,-6787]],[[603095,431629],[-49294,-6723]],[[553801,424906],[-5204,21831]],[[597898,453439],[5197,-21810]],[[653054,438442],[-49959,-6813]],[[608338,409632],[-49346,-6516]],[[558992,403116],[-5191,21790]],[[603095,431629],[5243,-21997]],[[658389,416242],[-50051,-6610]],[[613601,387558],[-49320,-6633]],[[564281,380925],[-5289,22191]],[[608338,409632],[5263,-22074]],[[663747,394294],[-50146,-6736]],[[613601,387558],[5281,-22149]],[[618882,365409],[-16540,-2193]],[[602342,363216],[-32802,-4355]],[[569540,358861],[-5259,22064]],[[608606,337555],[-28281,-3810],[-5483,2866],[-5302,22250]],[[602342,363216],[6264,-25661]],[[218022,272501],[6126,-25910]],[[224148,246591],[-49748,-6672]],[[168270,265909],[49752,6592]],[[230604,219281],[-49796,-6517]],[[224148,246591],[6456,-27310]],[[230604,219281],[6477,-27392]],[[237081,191889],[-49812,-6507]],[[286947,198400],[-49866,-6511]],[[230604,219281],[49926,6534]],[[237081,191889],[6474,-27387]],[[243555,164502],[-49814,-6559]],[[293349,171058],[-49794,-6556]],[[249965,137397],[-49807,-6652]],[[243555,164502],[6410,-27105]],[[299674,144038],[-49709,-6641]],[[249965,137397],[6136,-25966]],[[475585,306515],[8837,-37057]],[[484422,269458],[-28799,-3839]],[[455623,265619],[-8163,33662]],[[513482,273332],[-29060,-3874]],[[504656,310378],[8826,-37046]],[[541831,277110],[-28349,-3778]],[[533012,314147],[8819,-37037]],[[562548,318071],[8911,-37013]],[[571459,281058],[-28676,-3821]],[[542783,277237],[-952,-127]],[[557065,317343],[5483,728]],[[571459,281058],[8914,-37041]],[[580373,244017],[-28702,-3810]],[[551671,240207],[-8888,37030]],[[591500,321917],[8820,-37011]],[[600320,284906],[-28861,-3848]],[[562548,318071],[28952,3846]],[[600320,284906],[8830,-37071]],[[609150,247835],[-28777,-3818]],[[620111,325719],[8839,-36997]],[[628950,288722],[-28630,-3816]],[[591500,321917],[28611,3802]],[[637806,251637],[-28656,-3802]],[[628950,288722],[8856,-37085]],[[648749,329525],[8921,-36975]],[[657670,292550],[-28720,-3828]],[[620111,325719],[28638,3806]],[[666616,255460],[-28810,-3823]],[[657670,292550],[8946,-37090]],[[686835,296437],[-29165,-3887]],[[648749,329525],[29275,3891]],[[678024,333416],[8811,-36979]],[[686835,296437],[8843,-37120]],[[695678,259317],[-29062,-3857]],[[551671,240207],[-1021,-136]],[[550650,240071],[-8819,37039]],[[333367,198164],[8771,-37064]],[[342138,161100],[-27539,-3652]],[[342138,161100],[8800,-37196]],[[361247,201855],[8675,-37073]],[[369922,164782],[-27784,-3682]],[[369922,164782],[8701,-37201]],[[388771,205496],[8815,-37045]],[[397586,168451],[-27664,-3669]],[[397586,168451],[8848,-37175]],[[416206,209125],[8850,-37031]],[[425056,172094],[-27470,-3643]],[[425056,172094],[8887,-37166]],[[443829,212781],[8922,-37015]],[[452751,175766],[-27695,-3672]],[[452751,175766],[8956,-37149]],[[471781,216481],[8826,-37023]],[[480607,179458],[-27856,-3692]],[[446062,213076],[25719,3405]],[[480607,179458],[8859,-37154]],[[499303,220122],[8780,-37022]],[[508083,183100],[-27476,-3642]],[[471781,216481],[27522,3641]],[[508083,183100],[8813,-37152]],[[527110,223801],[8802,-37010]],[[535912,186791],[-27829,-3691]],[[499303,220122],[27807,3679]],[[535912,186791],[8835,-37145]],[[554564,227435],[8835,-36999]],[[563399,190436],[-27487,-3645]],[[527110,223801],[27454,3634]],[[563399,190436],[8868,-37134]],[[591051,194102],[-27652,-3666]],[[554564,227435],[23143,3062],[5413,-2910]],[[242037,20333],[-17672,9492]],[[216522,63067],[32616,4389]],[[249138,67456],[10728,-44753]],[[378318,76559],[-28304,-3688]],[[350014,72871],[-8705,36559]],[[369632,113176],[8686,-36617]],[[378318,76559],[8764,-36938]],[[358823,35862],[-8809,37009]],[[406235,80195],[-27917,-3636]],[[249138,67456],[33198,4465]],[[282336,71921],[10963,-44772]],[[308269,105059],[17624,-73574]],[[282336,71921],[-7047,28776]],[[242216,96323],[6922,-28867]],[[446411,123322],[8635,-36548]],[[455046,86774],[-31517,-4167]],[[455046,86774],[8800,-37246]],[[477981,127515],[8571,-36574]],[[486552,90941],[-31506,-4167]],[[486552,90941],[8734,-37257]],[[517826,95076],[-31274,-4135]],[[509199,131663],[8627,-36587]],[[517826,95076],[8788,-37251]],[[540227,135782],[8730,-36588]],[[548957,99194],[-31131,-4118]],[[548957,99194],[8883,-37241]],[[580323,103341],[-31366,-4147]],[[571556,139945],[8767,-36604]],[[580323,103341],[8915,-37238]],[[611739,107495],[-31416,-4154]],[[632528,237792],[6257,-25824]],[[638785,211968],[-33075,-4387]],[[600392,229997],[4184,4069],[27952,3726]],[[665638,242207],[6386,-25829]],[[672024,216378],[-16831,-2233]],[[655193,214145],[-16408,-2177]],[[632528,237792],[33110,4415]],[[704871,220733],[-32847,-4355]],[[665638,242207],[33066,4410]],[[655193,214145],[5243,-21815]],[[660436,192330],[-49526,-6667]],[[710046,199009],[-49610,-6679]],[[665728,170322],[-49630,-6545]],[[660436,192330],[5292,-22008]],[[715322,176859],[-49594,-6537]],[[665728,170322],[5204,-21643]],[[670932,148679],[-49674,-6651]],[[720458,155310],[-49526,-6631]],[[670932,148679],[5276,-21936]],[[676208,126743],[-49740,-6682]],[[725680,133390],[-49472,-6647]],[[681440,104972],[-16728,-2244]],[[664712,102728],[-33079,-4438]],[[676208,126743],[5232,-21771]],[[730870,111604],[-32908,-4415]],[[697962,107189],[-16522,-2217]],[[664712,102728],[6073,-25785]],[[697962,107189],[6022,-25769]],[[701319,515385],[9034,-36920]],[[710353,478465],[-30172,-4103]],[[710353,478465],[9035,-36930]],[[731603,519500],[9155,-36897]],[[740758,482603],[-30405,-4138]],[[740758,482603],[9160,-36907]],[[761962,523627],[9069,-36906]],[[771031,486721],[-30273,-4118]],[[771031,486721],[9074,-36912]],[[801362,490847],[-30331,-4126]],[[792356,527759],[9006,-36912]],[[801362,490847],[9008,-36912]],[[832300,495054],[-30938,-4207]],[[732296,392248],[-31144,-4304]],[[723203,428976],[9093,-36728]],[[732296,392248],[6380,-25770]],[[738676,366478],[-31280,-4321]],[[762929,396481],[-30633,-4233]],[[753959,433178],[8970,-36697]],[[741458,355245],[-2782,11233]],[[762929,396481],[9057,-37036]],[[785063,437427],[8997,-36644]],[[794060,400783],[-31131,-4302]],[[794060,400783],[9096,-37048]],[[816010,441655],[8982,-36597]],[[824992,405058],[-30932,-4275]],[[824992,405058],[9100,-37067]],[[854576,409148],[-29584,-4090]],[[753469,305411],[-31278,-4263]],[[722191,301148],[-9495,36910]],[[744389,342411],[9080,-37000]],[[753469,305411],[9041,-36838]],[[762510,268573],[-31894,-4379],[-8425,36954]],[[784322,309617],[-30853,-4206]],[[775246,346652],[9076,-37035]],[[784322,309617],[9030,-36843]],[[793352,272774],[-30842,-4201]],[[806427,350937],[8936,-37092]],[[815363,313845],[-31041,-4228]],[[815363,313845],[8883,-36861]],[[824246,276984],[-30894,-4210]],[[837359,355186],[9098,-37102]],[[846457,318084],[-31094,-4239]],[[868461,356014],[8991,-33705]],[[877452,322309],[-30995,-4225]],[[765136,255483],[8642,-37014]],[[773778,218469],[-31280,-4187]],[[733657,251253],[31479,4230]],[[773778,218469],[8629,-36944]],[[796070,259642],[8863,-37002]],[[804933,222640],[-31155,-4171]],[[765136,255483],[30934,4159]],[[804933,222640],[8839,-36907]],[[826907,263786],[8859,-37022]],[[835766,226764],[-30833,-4124]],[[796070,259642],[30837,4144]],[[835766,226764],[8832,-36893]],[[858203,267992],[8828,-37042]],[[867031,230950],[-31265,-4186]],[[826907,263786],[31296,4206]],[[867031,230950],[8788,-36887]],[[898201,235122],[-31170,-4172]],[[858203,267992],[27386,3681],[5737,-2699]],[[791487,131504],[-28261,-3784]],[[782729,168317],[8758,-36813]],[[791487,131504],[8797,-36960]],[[819755,135287],[-28268,-3783]],[[810901,172095],[8854,-36808]],[[819755,135287],[8887,-36931]],[[838934,175856],[8832,-36818]],[[847766,139038],[-28011,-3751]],[[847766,139038],[8859,-36923]],[[876028,142820],[24758,3313]],[[900786,146133],[-3706,-7431],[-32245,-35484]],[[847766,139038],[28262,3782]],[[792553,985647],[62308,-267063]],[[854861,718584],[-56389,-7451]],[[854861,718584],[22308,-95033]],[[877169,623551],[-56392,-7546]],[[818818,624200],[-20346,86933]],[[958949,278466],[-51468,-7311]],[[907481,271155],[-21750,87198]],[[837644,543980],[55542,7618]],[[893186,551598],[65763,-273132]],[[958949,278466],[37586,-157546]],[[888439,106415],[24183,26236],[9201,19508],[4028,27248],[-689,4097]],[[877169,623551],[16017,-71953]],[[274098,253292],[-27165,-3644]],[[246933,249648],[-6276,25851]],[[240657,275499],[22654,3000]],[[246933,249648],[-22785,-3057]],[[218022,272501],[22635,2998]],[[138964,262020],[-40288,168056]],[[626150,366375],[6178,-25623]],[[632328,340752],[-23722,-3197]],[[618882,365409],[7268,966]],[[669047,372132],[-33544,-4516],[-9353,-1241]],[[632328,340752],[9348,1259],[33246,4423]],[[519840,491539],[17529,2321]],[[908534,181307],[283,-2039],[-1735,-12558]],[[907082,166710],[-35677,-4805]],[[871405,161905],[-4293,17731]],[[907082,166710],[-1516,-10983],[-4780,-9594]],[[876028,142820],[-4623,19085]],[[877452,322309],[5175,-19408]],[[882627,302901],[-31339,-4515]],[[851288,298386],[-4831,19698]],[[882627,302901],[3672,-13769],[-3176,-4128],[-27632,-3764]],[[855491,281240],[-4203,17146]],[[855491,281240],[-31245,-4256]],[[698704,246617],[-3026,12700]],[[484422,269458],[2321,-9733]],[[486743,259725],[-28751,-3875]],[[457992,255850],[-2369,9769]],[[486743,259725],[6505,-27270]],[[493248,232455],[-24207,-3212],[-5187,2444],[-5862,24163]],[[493248,232455],[29058,3855]],[[522306,236310],[28344,3761]],[[513482,273332],[2284,-9582]],[[515766,263750],[-29023,-4025]],[[515766,263750],[6540,-27440]],[[662512,696403],[4512,-18533]],[[667024,677870],[-34500,-4764]],[[632524,673106],[-4500,18656]],[[667024,677870],[4546,-18672]],[[637001,654544],[-4477,18562]],[[506806,548105],[8462,-37155]],[[515268,510950],[-27336,-3629]],[[487932,507321],[-8775,37097]],[[479157,544418],[27649,3687]],[[487932,507321],[-344,-46]],[[478803,544370],[354,48]],[[515268,510950],[4572,-19411]],[[493274,584475],[5728,-3057],[7804,-33313]],[[527227,678380],[3880,-16203]],[[531107,662177],[-32320,-4520]],[[498787,657657],[-2953,12589]],[[531107,662177],[3805,-15885]],[[502453,642034],[-3666,15623]]],"bbox":[-11.009,-85.492,444.806,524.506],"transform":{"scale":[0.00045581545581545584,0.0006099986099986099],"translate":[-11.009,-85.492]}}