{"type":"Topology","objects":{"01206-4600-7.featurecollection":{"type":"GeometryCollection","geometries":[{"type":"Polygon","arcs":[[0]],"properties":{"市区町村名":"釧路市","大字名":"音別町","丁目名":null,"小字名":"音別","地番":"1","精度区分":null,"座標系":"任意座標系"}},{"type":"Polygon","arcs":[[1,2,3,4]],"properties":{"市区町村名":"釧路市","大字名":"音別町","丁目名":null,"小字名":"音別","地番":"12","精度区分":null,"座標系":"任意座標系"}},{"type":"Polygon","arcs":[[5,6]],"properties":{"市区町村名":"釧路市","大字名":"音別町","丁目名":null,"小字名":"音別","地番":"16-4","精度区分":null,"座標系":"任意座標系"}},{"type":"Polygon","arcs":[[7,8]],"properties":{"市区町村名":"釧路市","大字名":"音別町","丁目名":null,"小字名":"音別","地番":"16-5","精度区分":null,"座標系":"任意座標系"}},{"type":"Polygon","arcs":[[9,10]],"properties":{"市区町村名":"釧路市","大字名":"音別町","丁目名":null,"小字名":"音別","地番":"16-6","精度区分":null,"座標系":"任意座標系"}},{"type":"Polygon","arcs":[[11,12,13]],"properties":{"市区町村名":"釧路市","大字名":"音別町","丁目名":null,"小字名":"音別","地番":"16-7","精度区分":null,"座標系":"任意座標系"}},{"type":"Polygon","arcs":[[14,-9,15,-7,16,17]],"properties":{"市区町村名":"釧路市","大字名":"音別町","丁目名":null,"小字名":"音別","地番":"16-8","精度区分":null,"座標系":"任意座標系"}},{"type":"Polygon","arcs":[[-10,-13,18,19,20,21]],"properties":{"市区町村名":"釧路市","大字名":"音別町","丁目名":null,"小字名":"音別","地番":"16-9","精度区分":null,"座標系":"任意座標系"}},{"type":"Polygon","arcs":[[22,23,24,25,26,27,28,29]],"properties":{"市区町村名":"釧路市","大字名":"音別町","丁目名":null,"小字名":"音別","地番":"17-1","精度区分":null,"座標系":"任意座標系"}},{"type":"Polygon","arcs":[[30,31]],"properties":{"市区町村名":"釧路市","大字名":"音別町","丁目名":null,"小字名":"音別","地番":"17-2","精度区分":null,"座標系":"任意座標系"}},{"type":"Polygon","arcs":[[32,33,34,35,36]],"properties":{"市区町村名":"釧路市","大字名":"音別町","丁目名":null,"小字名":"音別","地番":"17-3","精度区分":null,"座標系":"任意座標系"}},{"type":"Polygon","arcs":[[37,38,39,40]],"properties":{"市区町村名":"釧路市","大字名":"音別町","丁目名":null,"小字名":"音別","地番":"17-4","精度区分":null,"座標系":"任意座標系"}},{"type":"Polygon","arcs":[[41,42,43]],"properties":{"市区町村名":"釧路市","大字名":"音別町","丁目名":null,"小字名":"音別","地番":"17-5","精度区分":null,"座標系":"任意座標系"}},{"type":"Polygon","arcs":[[44,-37,45,-24]],"properties":{"市区町村名":"釧路市","大字名":"音別町","丁目名":null,"小字名":"音別","地番":"17-6","精度区分":null,"座標系":"任意座標系"}},{"type":"Polygon","arcs":[[-31,46,-38,47]],"properties":{"市区町村名":"釧路市","大字名":"音別町","丁目名":null,"小字名":"音別","地番":"17-7","精度区分":null,"座標系":"任意座標系"}},{"type":"Polygon","arcs":[[-40,48,-26,49]],"properties":{"市区町村名":"釧路市","大字名":"音別町","丁目名":null,"小字名":"音別","地番":"17-8","精度区分":null,"座標系":"任意座標系"}},{"type":"Polygon","arcs":[[50,-44,51,-28]],"properties":{"市区町村名":"釧路市","大字名":"音別町","丁目名":null,"小字名":"音別","地番":"17-9","精度区分":null,"座標系":"任意座標系"}},{"type":"Polygon","arcs":[[52,53,54]],"properties":{"市区町村名":"釧路市","大字名":"音別町","丁目名":null,"小字名":"音別","地番":"21","精度区分":null,"座標系":"任意座標系"}},{"type":"Polygon","arcs":[[-53,55,56,57,58]],"properties":{"市区町村名":"釧路市","大字名":"音別町","丁目名":null,"小字名":"音別","地番":"22","精度区分":null,"座標系":"任意座標系"}},{"type":"Polygon","arcs":[[59,60]],"properties":{"市区町村名":"釧路市","大字名":"音別町","丁目名":null,"小字名":"音別","地番":"26-1","精度区分":null,"座標系":"任意座標系"}},{"type":"Polygon","arcs":[[61,62,63,64,65]],"properties":{"市区町村名":"釧路市","大字名":"音別町","丁目名":null,"小字名":"音別","地番":"30","精度区分":null,"座標系":"任意座標系"}},{"type":"Polygon","arcs":[[66,67,68,69,70,71,72,73]],"properties":{"市区町村名":"釧路市","大字名":"音別町","丁目名":null,"小字名":"音別","地番":"32","精度区分":null,"座標系":"任意座標系"}},{"type":"Polygon","arcs":[[74,75,76,-72]],"properties":{"市区町村名":"釧路市","大字名":"音別町","丁目名":null,"小字名":"音別","地番":"33","精度区分":null,"座標系":"任意座標系"}},{"type":"Polygon","arcs":[[77,78,79,80,81,82,83]],"properties":{"市区町村名":"釧路市","大字名":"音別町","丁目名":null,"小字名":"音別","地番":"45","精度区分":null,"座標系":"任意座標系"}},{"type":"Polygon","arcs":[[84,85]],"properties":{"市区町村名":"釧路市","大字名":"音別町","丁目名":null,"小字名":"音別","地番":"46","精度区分":null,"座標系":"任意座標系"}},{"type":"Polygon","arcs":[[86,87,-30,88,89]],"properties":{"市区町村名":"釧路市","大字名":"音別町","丁目名":null,"小字名":"音別","地番":"47","精度区分":null,"座標系":"任意座標系"}},{"type":"Polygon","arcs":[[90,91,92,93,94]],"properties":{"市区町村名":"釧路市","大字名":"音別町","丁目名":null,"小字名":"音別","地番":"50","精度区分":null,"座標系":"任意座標系"}},{"type":"Polygon","arcs":[[95,96,-78,97,98]],"properties":{"市区町村名":"釧路市","大字名":"音別町","丁目名":null,"小字名":"音別","地番":"63-2","精度区分":null,"座標系":"任意座標系"}},{"type":"Polygon","arcs":[[99,100,101]],"properties":{"市区町村名":"釧路市","大字名":"音別町","丁目名":null,"小字名":"音別","地番":"63-4","精度区分":null,"座標系":"任意座標系"}},{"type":"Polygon","arcs":[[102,103]],"properties":{"市区町村名":"釧路市","大字名":"音別町","丁目名":null,"小字名":"音別","地番":"63-5","精度区分":null,"座標系":"任意座標系"}},{"type":"Polygon","arcs":[[104,105,106]],"properties":{"市区町村名":"釧路市","大字名":"音別町","丁目名":null,"小字名":"音別","地番":"63-6","精度区分":null,"座標系":"任意座標系"}},{"type":"Polygon","arcs":[[107,108,109,110]],"properties":{"市区町村名":"釧路市","大字名":"音別町","丁目名":null,"小字名":"音別","地番":"63-7","精度区分":null,"座標系":"任意座標系"}},{"type":"Polygon","arcs":[[111,112,113]],"properties":{"市区町村名":"釧路市","大字名":"音別町","丁目名":null,"小字名":"音別","地番":"63-9","精度区分":null,"座標系":"任意座標系"}},{"type":"Polygon","arcs":[[114,-111,115,116]],"properties":{"市区町村名":"釧路市","大字名":"音別町","丁目名":null,"小字名":"音別","地番":"63-10","精度区分":null,"座標系":"任意座標系"}},{"type":"Polygon","arcs":[[117,-104,118,119,120]],"properties":{"市区町村名":"釧路市","大字名":"音別町","丁目名":null,"小字名":"音別","地番":"63-11","精度区分":null,"座標系":"任意座標系"}},{"type":"Polygon","arcs":[[121,-107,-114,122,123]],"properties":{"市区町村名":"釧路市","大字名":"音別町","丁目名":null,"小字名":"音別","地番":"63-12","精度区分":null,"座標系":"任意座標系"}},{"type":"Polygon","arcs":[[-110,124,125,126]],"properties":{"市区町村名":"釧路市","大字名":"音別町","丁目名":null,"小字名":"音別","地番":"63-13","精度区分":null,"座標系":"任意座標系"}},{"type":"Polygon","arcs":[[-116,-127,127,-100]],"properties":{"市区町村名":"釧路市","大字名":"音別町","丁目名":null,"小字名":"音別","地番":"63-14","精度区分":null,"座標系":"任意座標系"}},{"type":"Polygon","arcs":[[128,129]],"properties":{"市区町村名":"釧路市","大字名":"音別町","丁目名":null,"小字名":"音別","地番":"64","精度区分":null,"座標系":"任意座標系"}},{"type":"Polygon","arcs":[[130,131]],"properties":{"市区町村名":"釧路市","大字名":"音別町","丁目名":null,"小字名":"音別","地番":"65","精度区分":null,"座標系":"任意座標系"}},{"type":"Polygon","arcs":[[132,133]],"properties":{"市区町村名":"釧路市","大字名":"音別町","丁目名":null,"小字名":"音別","地番":"66","精度区分":null,"座標系":"任意座標系"}},{"type":"Polygon","arcs":[[134,135,136,137,138,139,140,141,142,143]],"properties":{"市区町村名":"釧路市","大字名":"音別町","丁目名":null,"小字名":"音別","地番":"67-1","精度区分":null,"座標系":"任意座標系"}},{"type":"Polygon","arcs":[[144,145,146,147,148,149,150,151,152,-138]],"properties":{"市区町村名":"釧路市","大字名":"音別町","丁目名":null,"小字名":"音別","地番":"67-2","精度区分":null,"座標系":"任意座標系"}},{"type":"Polygon","arcs":[[-153,153,-139]],"properties":{"市区町村名":"釧路市","大字名":"音別町","丁目名":null,"小字名":"音別","地番":"67-3","精度区分":null,"座標系":"任意座標系"}},{"type":"Polygon","arcs":[[154,-141]],"properties":{"市区町村名":"釧路市","大字名":"音別町","丁目名":null,"小字名":"音別","地番":"67-4","精度区分":null,"座標系":"任意座標系"}},{"type":"Polygon","arcs":[[-146]],"properties":{"市区町村名":"釧路市","大字名":"音別町","丁目名":null,"小字名":"音別","地番":"67-5","精度区分":null,"座標系":"任意座標系"}},{"type":"Polygon","arcs":[[155,-150,156]],"properties":{"市区町村名":"釧路市","大字名":"音別町","丁目名":null,"小字名":"音別","地番":"67-6","精度区分":null,"座標系":"任意座標系"}},{"type":"Polygon","arcs":[[157,-157,-149,158]],"properties":{"市区町村名":"釧路市","大字名":"音別町","丁目名":null,"小字名":"音別","地番":"67-7","精度区分":null,"座標系":"任意座標系"}},{"type":"Polygon","arcs":[[159,160]],"properties":{"市区町村名":"釧路市","大字名":"音別町","丁目名":null,"小字名":"音別","地番":"68-2","精度区分":null,"座標系":"任意座標系"}},{"type":"Polygon","arcs":[[161,162,163,164]],"properties":{"市区町村名":"釧路市","大字名":"音別町","丁目名":null,"小字名":"音別","地番":"68-5","精度区分":null,"座標系":"任意座標系"}},{"type":"Polygon","arcs":[[165,-165,166,167]],"properties":{"市区町村名":"釧路市","大字名":"音別町","丁目名":null,"小字名":"音別","地番":"68-6","精度区分":null,"座標系":"任意座標系"}},{"type":"Polygon","arcs":[[168,169]],"properties":{"市区町村名":"釧路市","大字名":"音別町","丁目名":null,"小字名":"音別","地番":"69","精度区分":null,"座標系":"任意座標系"}},{"type":"Polygon","arcs":[[170,171,172,173,174,-80]],"properties":{"市区町村名":"釧路市","大字名":"音別町","丁目名":null,"小字名":"音別","地番":"71-1","精度区分":null,"座標系":"任意座標系"}},{"type":"Polygon","arcs":[[175,176]],"properties":{"市区町村名":"釧路市","大字名":"音別町","丁目名":null,"小字名":"音別","地番":"71-2","精度区分":null,"座標系":"任意座標系"}},{"type":"Polygon","arcs":[[-120,-177,177,-172]],"properties":{"市区町村名":"釧路市","大字名":"音別町","丁目名":null,"小字名":"音別","地番":"71-3","精度区分":null,"座標系":"任意座標系"}},{"type":"Polygon","arcs":[[178,179,180,181,182,183,-135,184,185]],"properties":{"市区町村名":"釧路市","大字名":"音別町","丁目名":null,"小字名":"音別","地番":"72-1","精度区分":null,"座標系":"任意座標系"}},{"type":"Polygon","arcs":[[186,187,188]],"properties":{"市区町村名":"釧路市","大字名":"音別町","丁目名":null,"小字名":"音別","地番":"72-2","精度区分":null,"座標系":"任意座標系"}},{"type":"Polygon","arcs":[[189,190]],"properties":{"市区町村名":"釧路市","大字名":"音別町","丁目名":null,"小字名":"音別","地番":"72-3","精度区分":null,"座標系":"任意座標系"}},{"type":"Polygon","arcs":[[191,192,193]],"properties":{"市区町村名":"釧路市","大字名":"音別町","丁目名":null,"小字名":"音別","地番":"72-4","精度区分":null,"座標系":"任意座標系"}},{"type":"Polygon","arcs":[[-192,194,-182,195,196]],"properties":{"市区町村名":"釧路市","大字名":"音別町","丁目名":null,"小字名":"音別","地番":"72-5","精度区分":null,"座標系":"任意座標系"}},{"type":"Polygon","arcs":[[197,198]],"properties":{"市区町村名":"釧路市","大字名":"音別町","丁目名":null,"小字名":"音別","地番":"72-6","精度区分":null,"座標系":"任意座標系"}},{"type":"Polygon","arcs":[[199,200,-180,201,-190]],"properties":{"市区町村名":"釧路市","大字名":"音別町","丁目名":null,"小字名":"音別","地番":"72-7","精度区分":null,"座標系":"任意座標系"}},{"type":"Polygon","arcs":[[202,-186,203,-188]],"properties":{"市区町村名":"釧路市","大字名":"音別町","丁目名":null,"小字名":"音別","地番":"72-8","精度区分":null,"座標系":"任意座標系"}},{"type":"Polygon","arcs":[[204,205,206,207,208,209,210,211,212]],"properties":{"市区町村名":"釧路市","大字名":"音別町","丁目名":null,"小字名":"音別","地番":"73","精度区分":null,"座標系":"任意座標系"}},{"type":"Polygon","arcs":[[213,214,215]],"properties":{"市区町村名":"釧路市","大字名":"音別町","丁目名":null,"小字名":"音別","地番":"74","精度区分":null,"座標系":"任意座標系"}},{"type":"Polygon","arcs":[[216,217,-209]],"properties":{"市区町村名":"釧路市","大字名":"音別町","丁目名":null,"小字名":"音別","地番":"75","精度区分":null,"座標系":"任意座標系"}},{"type":"Polygon","arcs":[[218,219,220,-207]],"properties":{"市区町村名":"釧路市","大字名":"音別町","丁目名":null,"小字名":"音別","地番":"76","精度区分":null,"座標系":"任意座標系"}},{"type":"Polygon","arcs":[[-218,221,222,-210]],"properties":{"市区町村名":"釧路市","大字名":"音別町","丁目名":null,"小字名":"音別","地番":"77","精度区分":null,"座標系":"任意座標系"}},{"type":"Polygon","arcs":[[223,224,225,226,227,228,229]],"properties":{"市区町村名":"釧路市","大字名":"音別町","丁目名":null,"小字名":"音別","地番":"80-1","精度区分":null,"座標系":"任意座標系"}},{"type":"Polygon","arcs":[[230,-226]],"properties":{"市区町村名":"釧路市","大字名":"音別町","丁目名":null,"小字名":"音別","地番":"80-2","精度区分":null,"座標系":"任意座標系"}},{"type":"Polygon","arcs":[[231,232,233,234,235,-228]],"properties":{"市区町村名":"釧路市","大字名":"音別町","丁目名":null,"小字名":"音別","地番":"81","精度区分":null,"座標系":"任意座標系"}},{"type":"Polygon","arcs":[[236,237,238,-233]],"properties":{"市区町村名":"釧路市","大字名":"音別町","丁目名":null,"小字名":"音別","地番":"82","精度区分":null,"座標系":"任意座標系"}},{"type":"Polygon","arcs":[[239,240,241]],"properties":{"市区町村名":"釧路市","大字名":"音別町","丁目名":null,"小字名":"音別","地番":"96","精度区分":null,"座標系":"任意座標系"}},{"type":"Polygon","arcs":[[242,243,244]],"properties":{"市区町村名":"釧路市","大字名":"音別町","丁目名":null,"小字名":"音別","地番":"100","精度区分":null,"座標系":"任意座標系"}},{"type":"Polygon","arcs":[[-244,245,246,247]],"properties":{"市区町村名":"釧路市","大字名":"音別町","丁目名":null,"小字名":"音別","地番":"101","精度区分":null,"座標系":"任意座標系"}},{"type":"Polygon","arcs":[[248,249,250]],"properties":{"市区町村名":"釧路市","大字名":"音別町","丁目名":null,"小字名":"音別","地番":"102","精度区分":null,"座標系":"任意座標系"}},{"type":"Polygon","arcs":[[-236,251,-249,252]],"properties":{"市区町村名":"釧路市","大字名":"音別町","丁目名":null,"小字名":"音別","地番":"103","精度区分":null,"座標系":"任意座標系"}},{"type":"Polygon","arcs":[[-73,-77,253,254,-62,255]],"properties":{"市区町村名":"釧路市","大字名":"音別町","丁目名":null,"小字名":"音別","地番":"無地番-2","精度区分":null,"座標系":"任意座標系"}},{"type":"Polygon","arcs":[[256,257,258,-75,-71]],"properties":{"市区町村名":"釧路市","大字名":"音別町","丁目名":null,"小字名":"音別","地番":"無地番-4","精度区分":null,"座標系":"任意座標系"}},{"type":"Polygon","arcs":[[-94,259,-67,260]],"properties":{"市区町村名":"釧路市","大字名":"音別町","丁目名":null,"小字名":"音別","地番":"無地番-9","精度区分":null,"座標系":"任意座標系"}},{"type":"Polygon","arcs":[[-61,261]],"properties":{"市区町村名":"釧路市","大字名":"音別町","丁目名":null,"小字名":"音別","地番":"無地番-13","精度区分":null,"座標系":"任意座標系"}},{"type":"Polygon","arcs":[[262,263,-69]],"properties":{"市区町村名":"釧路市","大字名":"音別町","丁目名":null,"小字名":"音別","地番":"無地番-17","精度区分":null,"座標系":"任意座標系"}},{"type":"Polygon","arcs":[[264,-91,265,266,267,268,269,270,271]],"properties":{"市区町村名":"釧路市","大字名":"音別町","丁目名":null,"小字名":"音別","地番":"無地番-18","精度区分":null,"座標系":"任意座標系"}},{"type":"Polygon","arcs":[[272,273,-89,-29,-52,-43,274,-35,275,-33,-45,-23,-88,276,-82,277,-174,278,-194,279,-189,-204,-185,-144,280,281,-5,282,283,284,285]],"properties":{"市区町村名":"釧路市","大字名":"音別町","丁目名":null,"小字名":"音別","地番":"無地番-22","精度区分":null,"座標系":"任意座標系"}},{"type":"Polygon","arcs":[[-265,286,-92]],"properties":{"市区町村名":"釧路市","大字名":"音別町","丁目名":null,"小字名":"音別","地番":"無地番-28","精度区分":null,"座標系":"任意座標系"}},{"type":"Polygon","arcs":[[287,288]],"properties":{"市区町村名":"釧路市","大字名":"音別町","丁目名":null,"小字名":"音別","地番":"無地番-32","精度区分":null,"座標系":"任意座標系"}},{"type":"Polygon","arcs":[[-271,289,-245,-248,290,291,292,293]],"properties":{"市区町村名":"釧路市","大字名":"音別町","丁目名":null,"小字名":"音別","地番":"無地番-33","精度区分":null,"座標系":"任意座標系"}},{"type":"Polygon","arcs":[[294,295,-269]],"properties":{"市区町村名":"釧路市","大字名":"音別町","丁目名":null,"小字名":"音別","地番":"無地番-36","精度区分":null,"座標系":"任意座標系"}},{"type":"Polygon","arcs":[[-85,296,-83,-277,-87,297]],"properties":{"市区町村名":"釧路市","大字名":"音別町","丁目名":null,"小字名":"音別","地番":"無地番-37","精度区分":null,"座標系":"任意座標系"}},{"type":"Polygon","arcs":[[-223,298,-220,-224,299,-216,300,-211]],"properties":{"市区町村名":"釧路市","大字名":"音別町","丁目名":null,"小字名":"音別","地番":"無地番-48","精度区分":null,"座標系":"任意座標系"}},{"type":"Polygon","arcs":[[301,-238]],"properties":{"市区町村名":"釧路市","大字名":"音別町","丁目名":null,"小字名":"音別","地番":"無地番-52","精度区分":null,"座標系":"任意座標系"}},{"type":"Polygon","arcs":[[-217,-208,-221,-299,-222]],"properties":{"市区町村名":"釧路市","大字名":"音別町","丁目名":null,"小字名":"音別","地番":"無地番-62","精度区分":null,"座標系":"任意座標系"}},{"type":"Polygon","arcs":[[302,303,304,-3]],"properties":{"市区町村名":"釧路市","大字名":"音別町","丁目名":null,"小字名":"音別","地番":"無地番-63","精度区分":null,"座標系":"任意座標系"}},{"type":"Polygon","arcs":[[305,306,307,-58]],"properties":{"市区町村名":"釧路市","大字名":"音別町","丁目名":null,"小字名":"音別","地番":"無地番-71","精度区分":null,"座標系":"任意座標系"}},{"type":"Polygon","arcs":[[308,-307]],"properties":{"市区町村名":"釧路市","大字名":"音別町","丁目名":null,"小字名":"音別","地番":"無地番-83","精度区分":null,"座標系":"任意座標系"}},{"type":"Polygon","arcs":[[-203,-187,-280,-193,-197,-199,-200,-191,-202,-179]],"properties":{"市区町村名":"釧路市","大字名":"音別町","丁目名":null,"小字名":"音別","地番":"無地番-95","精度区分":null,"座標系":"任意座標系"}},{"type":"Polygon","arcs":[[-55,309,-56]],"properties":{"市区町村名":"釧路市","大字名":"音別町","丁目名":null,"小字名":"音別","地番":"無地番-99","精度区分":null,"座標系":"任意座標系"}},{"type":"Polygon","arcs":[[-198,-196,-181,-201]],"properties":{"市区町村名":"釧路市","大字名":"音別町","丁目名":null,"小字名":"音別","地番":"無地番-101","精度区分":null,"座標系":"任意座標系"}},{"type":"Polygon","arcs":[[-183,310]],"properties":{"市区町村名":"釧路市","大字名":"音別町","丁目名":null,"小字名":"音別","地番":"無地番-103","精度区分":null,"座標系":"任意座標系"}},{"type":"Polygon","arcs":[[-169,311,312,313,314,315]],"properties":{"市区町村名":"釧路市","大字名":"音別町","丁目名":null,"小字名":"音別","地番":"無地番-106","精度区分":null,"座標系":"任意座標系"}},{"type":"Polygon","arcs":[[-106,316,-125,-109,317,-134,318,-132,319,-130,320,-112]],"properties":{"市区町村名":"釧路市","大字名":"音別町","丁目名":null,"小字名":"音別","地番":"無地番-107","精度区分":null,"座標系":"任意座標系"}},{"type":"Polygon","arcs":[[-122,321,-101,-128,-126,-317,-105]],"properties":{"市区町村名":"釧路市","大字名":"音別町","丁目名":null,"小字名":"音別","地番":"無地番-110","精度区分":null,"座標系":"任意座標系"}},{"type":"Polygon","arcs":[[-160,322,323]],"properties":{"市区町村名":"釧路市","大字名":"音別町","丁目名":null,"小字名":"音別","地番":"無地番-145","精度区分":null,"座標系":"任意座標系"}},{"type":"Polygon","arcs":[[-163,324]],"properties":{"市区町村名":"釧路市","大字名":"音別町","丁目名":null,"小字名":"音別","地番":"無地番-149","精度区分":null,"座標系":"任意座標系"}},{"type":"Polygon","arcs":[[325,-159,-148]],"properties":{"市区町村名":"釧路市","大字名":"音別町","丁目名":null,"小字名":"音別","地番":"無地番-154","精度区分":null,"座標系":"任意座標系"}},{"type":"Polygon","arcs":[[-11,-22,326,327,328,-17,-6,-16,-8,-15,329,330,331,-14]],"properties":{"市区町村名":"釧路市","大字名":"音別町","丁目名":null,"小字名":"音別","地番":"無地番-155","精度区分":null,"座標系":"任意座標系"}},{"type":"Polygon","arcs":[[332,333]],"properties":{"市区町村名":"釧路市","大字名":"音別町","丁目名":null,"小字名":"音別","地番":"無地番-158","精度区分":null,"座標系":"任意座標系"}},{"type":"Polygon","arcs":[[-288,334,335,-98,-84,-297,-86,-298,-90,-274,336]],"properties":{"市区町村名":"釧路市","大字名":"音別町","丁目名":null,"小字名":"音別","地番":"筆界未定地-1","精度区分":null,"座標系":"任意座標系"}},{"type":"Polygon","arcs":[[-300,-230,337,-214]],"properties":{"市区町村名":"釧路市","大字名":"音別町","丁目名":null,"小字名":"音別","地番":"筆界未定地-5","精度区分":null,"座標系":"任意座標系"}},{"type":"Polygon","arcs":[[338,-241,339,340,341,342,343,-295,-268]],"properties":{"市区町村名":"釧路市","大字名":"音別町","丁目名":null,"小字名":"音別","地番":"道-5","精度区分":null,"座標系":"任意座標系"}},{"type":"Polygon","arcs":[[344,345,346]],"properties":{"市区町村名":"釧路市","大字名":"音別町","丁目名":null,"小字名":"音別","地番":"水-10","精度区分":null,"座標系":"任意座標系"}},{"type":"Polygon","arcs":[[347,348,-342,349,350]],"properties":{"市区町村名":"釧路市","大字名":"音別町","丁目名":null,"小字名":"音別","地番":"水-11","精度区分":null,"座標系":"任意座標系"}},{"type":"Polygon","arcs":[[-46,-36,-275,-42,-51,-27,-49,-39,-47,-32,-48,-41,-50,-25]],"properties":{"市区町村名":"釧路市","大字名":"音別町","丁目名":null,"小字名":"音別","地番":"水-12","精度区分":null,"座標系":"任意座標系"}},{"type":"Polygon","arcs":[[-276,-34]],"properties":{"市区町村名":"釧路市","大字名":"音別町","丁目名":null,"小字名":"音別","地番":"水-15","精度区分":null,"座標系":"任意座標系"}},{"type":"Polygon","arcs":[[-175,-278,-81]],"properties":{"市区町村名":"釧路市","大字名":"音別町","丁目名":null,"小字名":"音別","地番":"水-16","精度区分":null,"座標系":"任意座標系"}},{"type":"Polygon","arcs":[[-136,-184,-311,-195,-279,-173,-178,-176,-119,-103,-118,351,-123,-113,-321,-129,-320,-131,-319,-133,-318,-108,-115,352,353]],"properties":{"市区町村名":"釧路市","大字名":"音別町","丁目名":null,"小字名":"音別","地番":"水-21","精度区分":null,"座標系":"任意座標系"}},{"type":"Polygon","arcs":[[354,355,356,357]],"properties":{"市区町村名":"釧路市","大字名":"音別町","丁目名":null,"小字名":"音別原野西三線","地番":"30-4","精度区分":null,"座標系":"任意座標系"}},{"type":"Polygon","arcs":[[358,359,360,361]],"properties":{"市区町村名":"釧路市","大字名":"音別町","丁目名":null,"小字名":"音別原野西三線","地番":"32-5W2","精度区分":null,"座標系":"任意座標系"}},{"type":"Polygon","arcs":[[362,363,364,365]],"properties":{"市区町村名":"釧路市","大字名":"音別町","丁目名":null,"小字名":"音別原野西三線","地番":"301-1","精度区分":null,"座標系":"任意座標系"}},{"type":"Polygon","arcs":[[366,367,368]],"properties":{"市区町村名":"釧路市","大字名":"音別町","丁目名":null,"小字名":"音別原野西三線","地番":"302-1","精度区分":null,"座標系":"任意座標系"}},{"type":"Polygon","arcs":[[369,370,371,372]],"properties":{"市区町村名":"釧路市","大字名":"音別町","丁目名":null,"小字名":"音別原野西三線","地番":"302-2","精度区分":null,"座標系":"任意座標系"}},{"type":"Polygon","arcs":[[373,374,375,376]],"properties":{"市区町村名":"釧路市","大字名":"音別町","丁目名":null,"小字名":"音別原野西三線","地番":"303-1","精度区分":null,"座標系":"任意座標系"}},{"type":"Polygon","arcs":[[377,378,379]],"properties":{"市区町村名":"釧路市","大字名":"音別町","丁目名":null,"小字名":"音別原野西三線","地番":"303-2","精度区分":null,"座標系":"任意座標系"}},{"type":"Polygon","arcs":[[380,381,382,383]],"properties":{"市区町村名":"釧路市","大字名":"音別町","丁目名":null,"小字名":"音別原野西三線","地番":"304-1","精度区分":null,"座標系":"任意座標系"}},{"type":"Polygon","arcs":[[384,385,386]],"properties":{"市区町村名":"釧路市","大字名":"音別町","丁目名":null,"小字名":"音別原野西三線","地番":"304-2","精度区分":null,"座標系":"任意座標系"}},{"type":"Polygon","arcs":[[387,388,389,390]],"properties":{"市区町村名":"釧路市","大字名":"音別町","丁目名":null,"小字名":"音別原野西三線","地番":"304-3","精度区分":null,"座標系":"任意座標系"}},{"type":"Polygon","arcs":[[391,-391,392,393]],"properties":{"市区町村名":"釧路市","大字名":"音別町","丁目名":null,"小字名":"音別原野西三線","地番":"304-4","精度区分":null,"座標系":"任意座標系"}},{"type":"Polygon","arcs":[[394,395,-380,396]],"properties":{"市区町村名":"釧路市","大字名":"音別町","丁目名":null,"小字名":"音別原野西三線","地番":"307-1","精度区分":null,"座標系":"任意座標系"}},{"type":"Polygon","arcs":[[397,-377,398,-395,399]],"properties":{"市区町村名":"釧路市","大字名":"音別町","丁目名":null,"小字名":"音別原野西三線","地番":"307-2","精度区分":null,"座標系":"任意座標系"}},{"type":"Polygon","arcs":[[400,401,402,403]],"properties":{"市区町村名":"釧路市","大字名":"音別町","丁目名":null,"小字名":"音別原野西三線","地番":"309-1","精度区分":null,"座標系":"任意座標系"}},{"type":"Polygon","arcs":[[404,-402,405]],"properties":{"市区町村名":"釧路市","大字名":"音別町","丁目名":null,"小字名":"音別原野西三線","地番":"309-2","精度区分":null,"座標系":"任意座標系"}},{"type":"Polygon","arcs":[[406,407,-406,-401,408]],"properties":{"市区町村名":"釧路市","大字名":"音別町","丁目名":null,"小字名":"音別原野西三線","地番":"309-3","精度区分":null,"座標系":"任意座標系"}},{"type":"Polygon","arcs":[[409,410,411,412]],"properties":{"市区町村名":"釧路市","大字名":"音別町","丁目名":null,"小字名":"音別原野西三線","地番":"310-1","精度区分":null,"座標系":"任意座標系"}},{"type":"Polygon","arcs":[[413,414,415,416,417,418]],"properties":{"市区町村名":"釧路市","大字名":"音別町","丁目名":null,"小字名":"音別原野西三線","地番":"313-1","精度区分":null,"座標系":"任意座標系"}},{"type":"Polygon","arcs":[[419,420,421,422,423]],"properties":{"市区町村名":"釧路市","大字名":"音別町","丁目名":null,"小字名":"音別原野西三線","地番":"313-2","精度区分":null,"座標系":"任意座標系"}},{"type":"Polygon","arcs":[[424,425,426,-422]],"properties":{"市区町村名":"釧路市","大字名":"音別町","丁目名":null,"小字名":"音別原野西三線","地番":"313-3","精度区分":null,"座標系":"任意座標系"}},{"type":"Polygon","arcs":[[427,-425,-421,428]],"properties":{"市区町村名":"釧路市","大字名":"音別町","丁目名":null,"小字名":"音別原野西三線","地番":"313-4","精度区分":null,"座標系":"任意座標系"}},{"type":"Polygon","arcs":[[429,430,-417]],"properties":{"市区町村名":"釧路市","大字名":"音別町","丁目名":null,"小字名":"音別原野西三線","地番":"313-5","精度区分":null,"座標系":"任意座標系"}},{"type":"Polygon","arcs":[[431,432]],"properties":{"市区町村名":"釧路市","大字名":"音別町","丁目名":null,"小字名":"音別原野西三線","地番":"314","精度区分":null,"座標系":"任意座標系"}},{"type":"Polygon","arcs":[[433,434,435]],"properties":{"市区町村名":"釧路市","大字名":"音別町","丁目名":null,"小字名":"音別原野西三線","地番":"315-1","精度区分":null,"座標系":"任意座標系"}},{"type":"Polygon","arcs":[[436,437,438]],"properties":{"市区町村名":"釧路市","大字名":"音別町","丁目名":null,"小字名":"音別原野西三線","地番":"315-2","精度区分":null,"座標系":"任意座標系"}},{"type":"Polygon","arcs":[[439,440,441]],"properties":{"市区町村名":"釧路市","大字名":"音別町","丁目名":null,"小字名":"音別原野西三線","地番":"316","精度区分":null,"座標系":"任意座標系"}},{"type":"Polygon","arcs":[[-389,442,-387,443,-384,444]],"properties":{"市区町村名":"釧路市","大字名":"音別町","丁目名":null,"小字名":"音別原野西三線","地番":"無地番-19","精度区分":null,"座標系":"任意座標系"}},{"type":"Polygon","arcs":[[-399,-376,445,-378,-396]],"properties":{"市区町村名":"釧路市","大字名":"音別町","丁目名":null,"小字名":"音別原野西三線","地番":"無地番-20","精度区分":null,"座標系":"任意座標系"}},{"type":"Polygon","arcs":[[-386,446,-381,-444]],"properties":{"市区町村名":"釧路市","大字名":"音別町","丁目名":null,"小字名":"音別原野西三線","地番":"無地番-21","精度区分":null,"座標系":"任意座標系"}},{"type":"Polygon","arcs":[[-372,447,-369,448]],"properties":{"市区町村名":"釧路市","大字名":"音別町","丁目名":null,"小字名":"音別原野西三線","地番":"無地番-23","精度区分":null,"座標系":"任意座標系"}},{"type":"Polygon","arcs":[[449,450,451,452]],"properties":{"市区町村名":"釧路市","大字名":"音別町","丁目名":null,"小字名":"音別原野西三線","地番":"無地番-128","精度区分":null,"座標系":"任意座標系"}},{"type":"Polygon","arcs":[[-382,-447,-385,-443,-388,-392,453,-410,454,455,-414,456,-442,457,-435,458,-437,459,-424,460,-433,461,462,-403,-405,-408,463,-400,-397,-379,-446,-375,464,465,-365,466,-367,-448,-371,467,468,469,470]],"properties":{"市区町村名":"釧路市","大字名":"音別町","丁目名":null,"小字名":"音別原野西三線","地番":"道-1","精度区分":null,"座標系":"任意座標系"}},{"type":"Polygon","arcs":[[-457,-419,471,-440]],"properties":{"市区町村名":"釧路市","大字名":"音別町","丁目名":null,"小字名":"音別原野西三線","地番":"道-2","精度区分":null,"座標系":"任意座標系"}},{"type":"Polygon","arcs":[[-416,472,-411,-454,-394,473,474,475,-430]],"properties":{"市区町村名":"釧路市","大字名":"音別町","丁目名":null,"小字名":"音別原野西三線","地番":"道-4","精度区分":null,"座標系":"任意座標系"}},{"type":"Polygon","arcs":[[476,477,-359,478]],"properties":{"市区町村名":"釧路市","大字名":"音別町","丁目名":null,"小字名":"音別原野西三線","地番":"道-13","精度区分":null,"座標系":"任意座標系"}},{"type":"Polygon","arcs":[[-438,-459,-434,479]],"properties":{"市区町村名":"釧路市","大字名":"音別町","丁目名":null,"小字名":"音別原野西三線","地番":"水-2","精度区分":null,"座標系":"任意座標系"}},{"type":"Polygon","arcs":[[-423,-427,480,-462,-432,-461]],"properties":{"市区町村名":"釧路市","大字名":"音別町","丁目名":null,"小字名":"音別原野西三線","地番":"水-3","精度区分":null,"座標系":"任意座標系"}},{"type":"Polygon","arcs":[[-456,481,-412,-473,-415]],"properties":{"市区町村名":"釧路市","大字名":"音別町","丁目名":null,"小字名":"音別原野西三線","地番":"水-4","精度区分":null,"座標系":"任意座標系"}},{"type":"Polygon","arcs":[[-393,-390,-445,-383,-471,482,483,-474]],"properties":{"市区町村名":"釧路市","大字名":"音別町","丁目名":null,"小字名":"音別原野西三線","地番":"水-6","精度区分":null,"座標系":"任意座標系"}},{"type":"Polygon","arcs":[[484,-373,-449,-368,-467,-364,485,486,487,488,-469]],"properties":{"市区町村名":"釧路市","大字名":"音別町","丁目名":null,"小字名":"音別原野西三線","地番":"水-8","精度区分":null,"座標系":"任意座標系"}},{"type":"Polygon","arcs":[[489,490,491]],"properties":{"市区町村名":"釧路市","大字名":"音別町","丁目名":null,"小字名":"音別原野西四線","地番":"29-1","精度区分":null,"座標系":"任意座標系"}},{"type":"Polygon","arcs":[[492,493,494,495,496]],"properties":{"市区町村名":"釧路市","大字名":"音別町","丁目名":null,"小字名":"音別原野西四線","地番":"29-2","精度区分":null,"座標系":"任意座標系"}},{"type":"Polygon","arcs":[[497,498]],"properties":{"市区町村名":"釧路市","大字名":"音別町","丁目名":null,"小字名":"音別原野西四線","地番":"30-1","精度区分":null,"座標系":"任意座標系"}},{"type":"Polygon","arcs":[[499,500]],"properties":{"市区町村名":"釧路市","大字名":"音別町","丁目名":null,"小字名":"音別原野西四線","地番":"30-2","精度区分":null,"座標系":"任意座標系"}},{"type":"Polygon","arcs":[[501,502,503,504]],"properties":{"市区町村名":"釧路市","大字名":"音別町","丁目名":null,"小字名":"音別原野西四線","地番":"31-1","精度区分":null,"座標系":"任意座標系"}},{"type":"Polygon","arcs":[[505,506]],"properties":{"市区町村名":"釧路市","大字名":"音別町","丁目名":null,"小字名":"音別原野西四線","地番":"31-2","精度区分":null,"座標系":"任意座標系"}},{"type":"Polygon","arcs":[[507,508,509,510,511]],"properties":{"市区町村名":"釧路市","大字名":"音別町","丁目名":null,"小字名":"音別原野西四線","地番":"31-3","精度区分":null,"座標系":"任意座標系"}},{"type":"Polygon","arcs":[[-504,512,-508,513]],"properties":{"市区町村名":"釧路市","大字名":"音別町","丁目名":null,"小字名":"音別原野西四線","地番":"31-4","精度区分":null,"座標系":"任意座標系"}},{"type":"Polygon","arcs":[[514,515,516]],"properties":{"市区町村名":"釧路市","大字名":"音別町","丁目名":null,"小字名":"音別原野西四線","地番":"34","精度区分":null,"座標系":"任意座標系"}},{"type":"Polygon","arcs":[[-489,517,518]],"properties":{"市区町村名":"釧路市","大字名":"音別町","丁目名":null,"小字名":"音別原野西四線","地番":"301-1","精度区分":null,"座標系":"任意座標系"}},{"type":"Polygon","arcs":[[519,-487]],"properties":{"市区町村名":"釧路市","大字名":"音別町","丁目名":null,"小字名":"音別原野西四線","地番":"301-2","精度区分":null,"座標系":"任意座標系"}},{"type":"Polygon","arcs":[[520,-483,521,522]],"properties":{"市区町村名":"釧路市","大字名":"音別町","丁目名":null,"小字名":"音別原野西四線","地番":"303-1","精度区分":null,"座標系":"任意座標系"}},{"type":"Polygon","arcs":[[-484,-521,523,524,-475]],"properties":{"市区町村名":"釧路市","大字名":"音別町","丁目名":null,"小字名":"音別原野西四線","地番":"303-2","精度区分":null,"座標系":"任意座標系"}},{"type":"Polygon","arcs":[[-523,525,526,-524]],"properties":{"市区町村名":"釧路市","大字名":"音別町","丁目名":null,"小字名":"音別原野西四線","地番":"303-3","精度区分":null,"座標系":"任意座標系"}},{"type":"Polygon","arcs":[[527,528,529,530]],"properties":{"市区町村名":"釧路市","大字名":"音別町","丁目名":null,"小字名":"音別原野西四線","地番":"無地番-51","精度区分":null,"座標系":"任意座標系"}},{"type":"Polygon","arcs":[[-511,531,-506,532]],"properties":{"市区町村名":"釧路市","大字名":"音別町","丁目名":null,"小字名":"音別原野西四線","地番":"無地番-126","精度区分":null,"座標系":"任意座標系"}},{"type":"Polygon","arcs":[[533,-491,-452,-493]],"properties":{"市区町村名":"釧路市","大字名":"音別町","丁目名":null,"小字名":"音別原野西四線","地番":"無地番-157","精度区分":null,"座標系":"任意座標系"}},{"type":"Polygon","arcs":[[534,-526,-522,-470,-519]],"properties":{"市区町村名":"釧路市","大字名":"音別町","丁目名":null,"小字名":"音別原野西四線","地番":"道-15","精度区分":null,"座標系":"任意座標系"}},{"type":"Polygon","arcs":[[-534,-497,535,-499,-501,536,537,538,-528,539,540,-505,-514,-512,-533,-507,-532,-510,541,-492]],"properties":{"市区町村名":"釧路市","大字名":"音別町","丁目名":null,"小字名":"音別原野西四線","地番":"道-16","精度区分":null,"座標系":"任意座標系"}},{"type":"Polygon","arcs":[[-19,-12,-332,542,-530,543]],"properties":{"市区町村名":"釧路市","大字名":"音別町","丁目名":null,"小字名":"音別原野西五線","地番":"無地番-156","精度区分":null,"座標系":"任意座標系"}},{"type":"Polygon","arcs":[[544,545,546,547]],"properties":{"市区町村名":"釧路市","大字名":"音別町","丁目名":null,"小字名":"尺別","地番":"3-7","精度区分":null,"座標系":"任意座標系"}},{"type":"Polygon","arcs":[[548,549,550,551]],"properties":{"市区町村名":"釧路市","大字名":"音別町","丁目名":null,"小字名":"尺別","地番":"3-28","精度区分":null,"座標系":"任意座標系"}},{"type":"Polygon","arcs":[[552,553,554]],"properties":{"市区町村名":"釧路市","大字名":"音別町","丁目名":null,"小字名":"尺別","地番":"3-31","精度区分":null,"座標系":"任意座標系"}},{"type":"Polygon","arcs":[[555,556,557,558]],"properties":{"市区町村名":"釧路市","大字名":"音別町","丁目名":null,"小字名":"尺別","地番":"3-36","精度区分":null,"座標系":"任意座標系"}},{"type":"Polygon","arcs":[[559,560]],"properties":{"市区町村名":"釧路市","大字名":"音別町","丁目名":null,"小字名":"尺別","地番":"3-39","精度区分":null,"座標系":"任意座標系"}},{"type":"Polygon","arcs":[[561,562,563,564,565]],"properties":{"市区町村名":"釧路市","大字名":"音別町","丁目名":null,"小字名":"尺別","地番":"3-40","精度区分":null,"座標系":"任意座標系"}},{"type":"Polygon","arcs":[[566,567]],"properties":{"市区町村名":"釧路市","大字名":"音別町","丁目名":null,"小字名":"尺別","地番":"3-45","精度区分":null,"座標系":"任意座標系"}},{"type":"Polygon","arcs":[[-566,568,569]],"properties":{"市区町村名":"釧路市","大字名":"音別町","丁目名":null,"小字名":"尺別","地番":"3-46","精度区分":null,"座標系":"任意座標系"}},{"type":"Polygon","arcs":[[-563,570]],"properties":{"市区町村名":"釧路市","大字名":"音別町","丁目名":null,"小字名":"尺別","地番":"3-47","精度区分":null,"座標系":"任意座標系"}},{"type":"Polygon","arcs":[[571,-561,572,-564,573]],"properties":{"市区町村名":"釧路市","大字名":"音別町","丁目名":null,"小字名":"尺別","地番":"3-48","精度区分":null,"座標系":"任意座標系"}},{"type":"Polygon","arcs":[[574,575]],"properties":{"市区町村名":"釧路市","大字名":"音別町","丁目名":null,"小字名":"尺別","地番":"3-49","精度区分":null,"座標系":"任意座標系"}},{"type":"Polygon","arcs":[[-551,576,577,578,579,-557,580]],"properties":{"市区町村名":"釧路市","大字名":"音別町","丁目名":null,"小字名":"尺別","地番":"3-56","精度区分":null,"座標系":"任意座標系"}},{"type":"Polygon","arcs":[[581,582]],"properties":{"市区町村名":"釧路市","大字名":"音別町","丁目名":null,"小字名":"尺別","地番":"3-59","精度区分":null,"座標系":"任意座標系"}},{"type":"Polygon","arcs":[[583,584]],"properties":{"市区町村名":"釧路市","大字名":"音別町","丁目名":null,"小字名":"尺別","地番":"3-60","精度区分":null,"座標系":"任意座標系"}},{"type":"Polygon","arcs":[[585,586,587,588]],"properties":{"市区町村名":"釧路市","大字名":"音別町","丁目名":null,"小字名":"尺別","地番":"6","精度区分":null,"座標系":"任意座標系"}},{"type":"Polygon","arcs":[[589,590]],"properties":{"市区町村名":"釧路市","大字名":"音別町","丁目名":null,"小字名":"尺別","地番":"7-2","精度区分":null,"座標系":"任意座標系"}},{"type":"Polygon","arcs":[[591,592]],"properties":{"市区町村名":"釧路市","大字名":"音別町","丁目名":null,"小字名":"尺別","地番":"7-5","精度区分":null,"座標系":"任意座標系"}},{"type":"Polygon","arcs":[[593,594]],"properties":{"市区町村名":"釧路市","大字名":"音別町","丁目名":null,"小字名":"尺別","地番":"9-2","精度区分":null,"座標系":"任意座標系"}},{"type":"Polygon","arcs":[[595,596,597,598]],"properties":{"市区町村名":"釧路市","大字名":"音別町","丁目名":null,"小字名":"尺別","地番":"16-2","精度区分":null,"座標系":"任意座標系"}},{"type":"Polygon","arcs":[[599,600,601,602]],"properties":{"市区町村名":"釧路市","大字名":"音別町","丁目名":null,"小字名":"尺別","地番":"16-3","精度区分":null,"座標系":"任意座標系"}},{"type":"Polygon","arcs":[[603,604]],"properties":{"市区町村名":"釧路市","大字名":"音別町","丁目名":null,"小字名":"尺別","地番":"16-4","精度区分":null,"座標系":"任意座標系"}},{"type":"Polygon","arcs":[[605,606,607,608,609,610]],"properties":{"市区町村名":"釧路市","大字名":"音別町","丁目名":null,"小字名":"尺別","地番":"16-5","精度区分":null,"座標系":"任意座標系"}},{"type":"Polygon","arcs":[[611,612,-597]],"properties":{"市区町村名":"釧路市","大字名":"音別町","丁目名":null,"小字名":"尺別","地番":"16-6","精度区分":null,"座標系":"任意座標系"}},{"type":"Polygon","arcs":[[613,-601]],"properties":{"市区町村名":"釧路市","大字名":"音別町","丁目名":null,"小字名":"尺別","地番":"16-7","精度区分":null,"座標系":"任意座標系"}},{"type":"Polygon","arcs":[[614,-609]],"properties":{"市区町村名":"釧路市","大字名":"音別町","丁目名":null,"小字名":"尺別","地番":"16-8","精度区分":null,"座標系":"任意座標系"}},{"type":"Polygon","arcs":[[-611,615,616]],"properties":{"市区町村名":"釧路市","大字名":"音別町","丁目名":null,"小字名":"尺別","地番":"16-9","精度区分":null,"座標系":"任意座標系"}},{"type":"Polygon","arcs":[[617,618,619,620,621]],"properties":{"市区町村名":"釧路市","大字名":"音別町","丁目名":null,"小字名":"尺別","地番":"17","精度区分":null,"座標系":"任意座標系"}},{"type":"Polygon","arcs":[[-285,622,623,624]],"properties":{"市区町村名":"釧路市","大字名":"音別町","丁目名":null,"小字名":"尺別","地番":"18","精度区分":null,"座標系":"任意座標系"}},{"type":"Polygon","arcs":[[625,626,627,628]],"properties":{"市区町村名":"釧路市","大字名":"音別町","丁目名":null,"小字名":"尺別","地番":"19","精度区分":null,"座標系":"任意座標系"}},{"type":"Polygon","arcs":[[629,-589,630,631]],"properties":{"市区町村名":"釧路市","大字名":"音別町","丁目名":null,"小字名":"尺別","地番":"20","精度区分":null,"座標系":"任意座標系"}},{"type":"Polygon","arcs":[[632,633]],"properties":{"市区町村名":"釧路市","大字名":"音別町","丁目名":null,"小字名":"尺別","地番":"22","精度区分":null,"座標系":"任意座標系"}},{"type":"Polygon","arcs":[[634,635,636,637]],"properties":{"市区町村名":"釧路市","大字名":"音別町","丁目名":null,"小字名":"尺別","地番":"23","精度区分":null,"座標系":"任意座標系"}},{"type":"Polygon","arcs":[[638,639,640,641]],"properties":{"市区町村名":"釧路市","大字名":"音別町","丁目名":null,"小字名":"尺別","地番":"24","精度区分":null,"座標系":"任意座標系"}},{"type":"Polygon","arcs":[[642,643]],"properties":{"市区町村名":"釧路市","大字名":"音別町","丁目名":null,"小字名":"尺別","地番":"27-1","精度区分":null,"座標系":"任意座標系"}},{"type":"Polygon","arcs":[[644,-644,645]],"properties":{"市区町村名":"釧路市","大字名":"音別町","丁目名":null,"小字名":"尺別","地番":"27-2","精度区分":null,"座標系":"任意座標系"}},{"type":"Polygon","arcs":[[646,647,648,649]],"properties":{"市区町村名":"釧路市","大字名":"音別町","丁目名":null,"小字名":"尺別","地番":"水-01","精度区分":null,"座標系":"任意座標系"}},{"type":"Polygon","arcs":[[650,-610]],"properties":{"市区町村名":"釧路市","大字名":"音別町","丁目名":null,"小字名":"尺別","地番":"無地番-7","精度区分":null,"座標系":"任意座標系"}},{"type":"Polygon","arcs":[[-604,651,-602,652,-608]],"properties":{"市区町村名":"釧路市","大字名":"音別町","丁目名":null,"小字名":"尺別","地番":"無地番-8","精度区分":null,"座標系":"任意座標系"}},{"type":"Polygon","arcs":[[653,-598,654,-600]],"properties":{"市区町村名":"釧路市","大字名":"音別町","丁目名":null,"小字名":"尺別","地番":"無地番-11","精度区分":null,"座標系":"任意座標系"}},{"type":"Polygon","arcs":[[-654,655]],"properties":{"市区町村名":"釧路市","大字名":"音別町","丁目名":null,"小字名":"尺別","地番":"無地番-12","精度区分":null,"座標系":"任意座標系"}},{"type":"Polygon","arcs":[[-624,656,657,658,-626,659]],"properties":{"市区町村名":"釧路市","大字名":"音別町","丁目名":null,"小字名":"尺別","地番":"無地番-29","精度区分":null,"座標系":"任意座標系"}},{"type":"Polygon","arcs":[[660,661]],"properties":{"市区町村名":"釧路市","大字名":"音別町","丁目名":null,"小字名":"尺別","地番":"無地番-30","精度区分":null,"座標系":"任意座標系"}},{"type":"Polygon","arcs":[[662,663]],"properties":{"市区町村名":"釧路市","大字名":"音別町","丁目名":null,"小字名":"尺別","地番":"無地番-40","精度区分":null,"座標系":"任意座標系"}},{"type":"Polygon","arcs":[[664,665,666,667]],"properties":{"市区町村名":"釧路市","大字名":"音別町","丁目名":null,"小字名":"尺別","地番":"無地番-44","精度区分":null,"座標系":"任意座標系"}},{"type":"Polygon","arcs":[[668,669]],"properties":{"市区町村名":"釧路市","大字名":"音別町","丁目名":null,"小字名":"尺別","地番":"無地番-56","精度区分":null,"座標系":"任意座標系"}},{"type":"Polygon","arcs":[[670,-649,671,-553,672,673,674,675,676]],"properties":{"市区町村名":"釧路市","大字名":"音別町","丁目名":null,"小字名":"尺別","地番":"無地番-94","精度区分":null,"座標系":"任意座標系"}},{"type":"Polygon","arcs":[[-549,677]],"properties":{"市区町村名":"釧路市","大字名":"音別町","丁目名":null,"小字名":"尺別","地番":"無地番-102","精度区分":null,"座標系":"任意座標系"}},{"type":"Polygon","arcs":[[678,679,-577,680]],"properties":{"市区町村名":"釧路市","大字名":"音別町","丁目名":null,"小字名":"尺別","地番":"無地番-105","精度区分":null,"座標系":"任意座標系"}},{"type":"Polygon","arcs":[[681,682,683,-333,-633]],"properties":{"市区町村名":"釧路市","大字名":"音別町","丁目名":null,"小字名":"尺別","地番":"無地番-108","精度区分":null,"座標系":"任意座標系"}},{"type":"Polygon","arcs":[[684,685,686]],"properties":{"市区町村名":"釧路市","大字名":"音別町","丁目名":null,"小字名":"尺別","地番":"無地番-109","精度区分":null,"座標系":"任意座標系"}},{"type":"Polygon","arcs":[[687,688,689,690]],"properties":{"市区町村名":"釧路市","大字名":"音別町","丁目名":null,"小字名":"尺別","地番":"無地番-112","精度区分":null,"座標系":"任意座標系"}},{"type":"Polygon","arcs":[[691,692,693,694]],"properties":{"市区町村名":"釧路市","大字名":"音別町","丁目名":null,"小字名":"尺別","地番":"無地番-113","精度区分":null,"座標系":"任意座標系"}},{"type":"Polygon","arcs":[[695,696,697,-688,-694]],"properties":{"市区町村名":"釧路市","大字名":"音別町","丁目名":null,"小字名":"尺別","地番":"無地番-114","精度区分":null,"座標系":"任意座標系"}},{"type":"Polygon","arcs":[[698,-640,699,700,701,-696,-693]],"properties":{"市区町村名":"釧路市","大字名":"音別町","丁目名":null,"小字名":"尺別","地番":"無地番-115","精度区分":null,"座標系":"任意座標系"}},{"type":"Polygon","arcs":[[702,703,704,705]],"properties":{"市区町村名":"釧路市","大字名":"音別町","丁目名":null,"小字名":"尺別","地番":"無地番-116","精度区分":null,"座標系":"任意座標系"}},{"type":"Polygon","arcs":[[706,-700,-639,707]],"properties":{"市区町村名":"釧路市","大字名":"音別町","丁目名":null,"小字名":"尺別","地番":"無地番-117","精度区分":null,"座標系":"任意座標系"}},{"type":"Polygon","arcs":[[708,-638,709,710]],"properties":{"市区町村名":"釧路市","大字名":"音別町","丁目名":null,"小字名":"尺別","地番":"無地番-118","精度区分":null,"座標系":"任意座標系"}},{"type":"Polygon","arcs":[[-637,711,712,713,714,715,-710]],"properties":{"市区町村名":"釧路市","大字名":"音別町","丁目名":null,"小字名":"尺別","地番":"無地番-119","精度区分":null,"座標系":"任意座標系"}},{"type":"Polygon","arcs":[[716,717,718,719]],"properties":{"市区町村名":"釧路市","大字名":"音別町","丁目名":null,"小字名":"尺別","地番":"無地番-120","精度区分":null,"座標系":"任意座標系"}},{"type":"Polygon","arcs":[[720,-717,721]],"properties":{"市区町村名":"釧路市","大字名":"音別町","丁目名":null,"小字名":"尺別","地番":"無地番-123","精度区分":null,"座標系":"任意座標系"}},{"type":"Polygon","arcs":[[722,723,724,725,726]],"properties":{"市区町村名":"釧路市","大字名":"音別町","丁目名":null,"小字名":"尺別","地番":"無地番-125","精度区分":null,"座標系":"任意座標系"}},{"type":"Polygon","arcs":[[727,728,729,730,731,732]],"properties":{"市区町村名":"釧路市","大字名":"音別町","丁目名":null,"小字名":"尺別","地番":"無地番-127","精度区分":null,"座標系":"任意座標系"}},{"type":"Polygon","arcs":[[733,-593,-729,734]],"properties":{"市区町村名":"釧路市","大字名":"音別町","丁目名":null,"小字名":"尺別","地番":"無地番-131","精度区分":null,"座標系":"任意座標系"}},{"type":"Polygon","arcs":[[735,736,737,738]],"properties":{"市区町村名":"釧路市","大字名":"音別町","丁目名":null,"小字名":"尺別","地番":"無地番-135","精度区分":null,"座標系":"任意座標系"}},{"type":"Polygon","arcs":[[-590,739,740,741]],"properties":{"市区町村名":"釧路市","大字名":"音別町","丁目名":null,"小字名":"尺別","地番":"無地番-138","精度区分":null,"座標系":"任意座標系"}},{"type":"Polygon","arcs":[[742,-713]],"properties":{"市区町村名":"釧路市","大字名":"音別町","丁目名":null,"小字名":"尺別","地番":"無地番-139","精度区分":null,"座標系":"任意座標系"}},{"type":"Polygon","arcs":[[743,744,745,-725]],"properties":{"市区町村名":"釧路市","大字名":"音別町","丁目名":null,"小字名":"尺別","地番":"無地番-140","精度区分":null,"座標系":"任意座標系"}},{"type":"Polygon","arcs":[[746,747,-745]],"properties":{"市区町村名":"釧路市","大字名":"音別町","丁目名":null,"小字名":"尺別","地番":"無地番-141","精度区分":null,"座標系":"任意座標系"}},{"type":"Polygon","arcs":[[748,749,-747,-744,-724,750]],"properties":{"市区町村名":"釧路市","大字名":"音別町","丁目名":null,"小字名":"尺別","地番":"無地番-142","精度区分":null,"座標系":"任意座標系"}},{"type":"Polygon","arcs":[[751,752]],"properties":{"市区町村名":"釧路市","大字名":"音別町","丁目名":null,"小字名":"尺別","地番":"無地番-143","精度区分":null,"座標系":"任意座標系"}},{"type":"Polygon","arcs":[[753,754]],"properties":{"市区町村名":"釧路市","大字名":"音別町","丁目名":null,"小字名":"尺別","地番":"無地番-148","精度区分":null,"座標系":"任意座標系"}},{"type":"Polygon","arcs":[[755,756]],"properties":{"市区町村名":"釧路市","大字名":"音別町","丁目名":null,"小字名":"尺別","地番":"無地番-150","精度区分":null,"座標系":"任意座標系"}},{"type":"Polygon","arcs":[[757,758]],"properties":{"市区町村名":"釧路市","大字名":"音別町","丁目名":null,"小字名":"尺別","地番":"無地番-151","精度区分":null,"座標系":"任意座標系"}},{"type":"Polygon","arcs":[[759,760,-756,761]],"properties":{"市区町村名":"釧路市","大字名":"音別町","丁目名":null,"小字名":"尺別","地番":"無地番-152","精度区分":null,"座標系":"任意座標系"}},{"type":"Polygon","arcs":[[762,-760,763]],"properties":{"市区町村名":"釧路市","大字名":"音別町","丁目名":null,"小字名":"尺別","地番":"無地番-153","精度区分":null,"座標系":"任意座標系"}},{"type":"Polygon","arcs":[[764,765,766,767,768,-704,769,-708,-642,770,771,-695,-691,772,773,-646,-643,-645,-774,774,-689,-698,775,776,777,778,779]],"properties":{"市区町村名":"釧路市","大字名":"音別町","丁目名":null,"小字名":"尺別","地番":"道-6","精度区分":null,"座標系":"任意座標系"}},{"type":"Polygon","arcs":[[-641,-699,780,-771]],"properties":{"市区町村名":"釧路市","大字名":"音別町","丁目名":null,"小字名":"尺別","地番":"道-9","精度区分":null,"座標系":"任意座標系"}},{"type":"Polygon","arcs":[[-718,-721,781,-635,-709,782]],"properties":{"市区町村名":"釧路市","大字名":"音別町","丁目名":null,"小字名":"尺別","地番":"道-11","精度区分":null,"座標系":"任意座標系"}},{"type":"Polygon","arcs":[[783,-732,784,-727,785,786,787,788]],"properties":{"市区町村名":"釧路市","大字名":"音別町","丁目名":null,"小字名":"尺別","地番":"道-12","精度区分":null,"座標系":"任意座標系"}},{"type":"Polygon","arcs":[[789,790,791]],"properties":{"市区町村名":"釧路市","大字名":"音別町","丁目名":null,"小字名":"尺別","地番":"道-14","精度区分":null,"座標系":"任意座標系"}},{"type":"Polygon","arcs":[[792,-791,793,794,-670,795,-664,796,797,798,799,800,801,802,803,804,805,806,807,808]],"properties":{"市区町村名":"釧路市","大字名":"音別町","丁目名":null,"小字名":"尺別","地番":"道-19","精度区分":null,"座標系":"任意座標系"}},{"type":"Polygon","arcs":[[-770,-703,809,-719,-783,-711,-716,810,-701,-707]],"properties":{"市区町村名":"釧路市","大字名":"音別町","丁目名":null,"小字名":"尺別","地番":"水-17","精度区分":null,"座標系":"任意座標系"}},{"type":"Polygon","arcs":[[-758,811,812,813,814,815,816]],"properties":{"市区町村名":"釧路市","大字名":"音別町","丁目名":null,"小字名":"尺別","地番":"水-18","精度区分":null,"座標系":"任意座標系"}},{"type":"Polygon","arcs":[[817,-616,-651,-615,-653,-614,-655,-613,818,-618]],"properties":{"市区町村名":"釧路市","大字名":"音別町","丁目名":null,"小字名":"尺別","地番":"水-19","精度区分":null,"座標系":"任意座標系"}},{"type":"Polygon","arcs":[[819,-780,820,821]],"properties":{"市区町村名":"釧路市","大字名":"音別町","丁目名":null,"小字名":"尺別原野基線","地番":"1-2","精度区分":null,"座標系":"任意座標系"}},{"type":"Polygon","arcs":[[822,-778,823,824,825]],"properties":{"市区町村名":"釧路市","大字名":"音別町","丁目名":null,"小字名":"尺別原野基線","地番":"2-2","精度区分":null,"座標系":"任意座標系"}},{"type":"Polygon","arcs":[[826,827,828,-828,829,830,831,832]],"properties":{"市区町村名":"釧路市","大字名":"音別町","丁目名":null,"小字名":"尺別原野基線","地番":"73-3","精度区分":null,"座標系":"任意座標系"}},{"type":"Polygon","arcs":[[-829]],"properties":{"市区町村名":"釧路市","大字名":"音別町","丁目名":null,"小字名":"尺別原野基線","地番":"73-4","精度区分":null,"座標系":"任意座標系"}},{"type":"Polygon","arcs":[[833,834,-830,835]],"properties":{"市区町村名":"釧路市","大字名":"音別町","丁目名":null,"小字名":"尺別原野基線","地番":"73-5","精度区分":null,"座標系":"任意座標系"}},{"type":"Polygon","arcs":[[836,837,838]],"properties":{"市区町村名":"釧路市","大字名":"音別町","丁目名":null,"小字名":"尺別原野基線","地番":"79-1","精度区分":null,"座標系":"任意座標系"}},{"type":"Polygon","arcs":[[839,840,841,842]],"properties":{"市区町村名":"釧路市","大字名":"音別町","丁目名":null,"小字名":"尺別原野基線","地番":"79-2","精度区分":null,"座標系":"任意座標系"}},{"type":"Polygon","arcs":[[843,844,-841]],"properties":{"市区町村名":"釧路市","大字名":"音別町","丁目名":null,"小字名":"尺別原野基線","地番":"79-3","精度区分":null,"座標系":"任意座標系"}},{"type":"Polygon","arcs":[[845,846,-837,847]],"properties":{"市区町村名":"釧路市","大字名":"音別町","丁目名":null,"小字名":"尺別原野基線","地番":"79-4","精度区分":null,"座標系":"任意座標系"}},{"type":"Polygon","arcs":[[848,849,850,851]],"properties":{"市区町村名":"釧路市","大字名":"音別町","丁目名":null,"小字名":"尺別原野基線","地番":"79-5","精度区分":null,"座標系":"任意座標系"}},{"type":"Polygon","arcs":[[852,-849,853]],"properties":{"市区町村名":"釧路市","大字名":"音別町","丁目名":null,"小字名":"尺別原野基線","地番":"79-6","精度区分":null,"座標系":"任意座標系"}},{"type":"Polygon","arcs":[[854,855,-838,-847,856,-854,-852,857,-843,858]],"properties":{"市区町村名":"釧路市","大字名":"音別町","丁目名":null,"小字名":"尺別原野基線","地番":"79-7","精度区分":null,"座標系":"任意座標系"}},{"type":"Polygon","arcs":[[859,860,861,862,863]],"properties":{"市区町村名":"釧路市","大字名":"音別町","丁目名":null,"小字名":"尺別原野基線","地番":"81-1","精度区分":null,"座標系":"任意座標系"}},{"type":"Polygon","arcs":[[864,865,866,-612]],"properties":{"市区町村名":"釧路市","大字名":"音別町","丁目名":null,"小字名":"尺別原野基線","地番":"81-2","精度区分":null,"座標系":"任意座標系"}},{"type":"Polygon","arcs":[[-855,867]],"properties":{"市区町村名":"釧路市","大字名":"音別町","丁目名":null,"小字名":"尺別原野基線","地番":"81-3","精度区分":null,"座標系":"任意座標系"}},{"type":"Polygon","arcs":[[868,869,-866]],"properties":{"市区町村名":"釧路市","大字名":"音別町","丁目名":null,"小字名":"尺別原野基線","地番":"81-4","精度区分":null,"座標系":"任意座標系"}},{"type":"Polygon","arcs":[[870,871,-869,872]],"properties":{"市区町村名":"釧路市","大字名":"音別町","丁目名":null,"小字名":"尺別原野基線","地番":"81-5","精度区分":null,"座標系":"任意座標系"}},{"type":"Polygon","arcs":[[873,-871,874]],"properties":{"市区町村名":"釧路市","大字名":"音別町","丁目名":null,"小字名":"尺別原野基線","地番":"81-6","精度区分":null,"座標系":"任意座標系"}},{"type":"Polygon","arcs":[[875,-862]],"properties":{"市区町村名":"釧路市","大字名":"音別町","丁目名":null,"小字名":"尺別原野基線","地番":"81-7","精度区分":null,"座標系":"任意座標系"}},{"type":"Polygon","arcs":[[876,-873,-865,-596]],"properties":{"市区町村名":"釧路市","大字名":"音別町","丁目名":null,"小字名":"尺別原野基線","地番":"81-8","精度区分":null,"座標系":"任意座標系"}},{"type":"Polygon","arcs":[[877,-875,-877,878]],"properties":{"市区町村名":"釧路市","大字名":"音別町","丁目名":null,"小字名":"尺別原野基線","地番":"81-9","精度区分":null,"座標系":"任意座標系"}},{"type":"Polygon","arcs":[[879,880,-839,-856,-868,-859,881,-860]],"properties":{"市区町村名":"釧路市","大字名":"音別町","丁目名":null,"小字名":"尺別原野基線","地番":"81-10","精度区分":null,"座標系":"任意座標系"}},{"type":"Polygon","arcs":[[-848,-881,882]],"properties":{"市区町村名":"釧路市","大字名":"音別町","丁目名":null,"小字名":"尺別原野基線","地番":"81-11","精度区分":null,"座標系":"任意座標系"}},{"type":"Polygon","arcs":[[883,884]],"properties":{"市区町村名":"釧路市","大字名":"音別町","丁目名":null,"小字名":"尺別原野基線","地番":"82-2","精度区分":null,"座標系":"任意座標系"}},{"type":"Polygon","arcs":[[885,886,887,888,889,890]],"properties":{"市区町村名":"釧路市","大字名":"音別町","丁目名":null,"小字名":"尺別原野基線","地番":"82-3","精度区分":null,"座標系":"任意座標系"}},{"type":"Polygon","arcs":[[-888,891]],"properties":{"市区町村名":"釧路市","大字名":"音別町","丁目名":null,"小字名":"尺別原野基線","地番":"82-4","精度区分":null,"座標系":"任意座標系"}},{"type":"Polygon","arcs":[[892,893,894,895]],"properties":{"市区町村名":"釧路市","大字名":"音別町","丁目名":null,"小字名":"尺別原野基線","地番":"82-5","精度区分":null,"座標系":"任意座標系"}},{"type":"Polygon","arcs":[[896,897,-894,898]],"properties":{"市区町村名":"釧路市","大字名":"音別町","丁目名":null,"小字名":"尺別原野基線","地番":"82-8","精度区分":null,"座標系":"任意座標系"}},{"type":"Polygon","arcs":[[899,-897,900]],"properties":{"市区町村名":"釧路市","大字名":"音別町","丁目名":null,"小字名":"尺別原野基線","地番":"82-9","精度区分":null,"座標系":"任意座標系"}},{"type":"Polygon","arcs":[[901,902,903,-895]],"properties":{"市区町村名":"釧路市","大字名":"音別町","丁目名":null,"小字名":"尺別原野基線","地番":"82-10","精度区分":null,"座標系":"任意座標系"}},{"type":"Polygon","arcs":[[904,905,-902,-898]],"properties":{"市区町村名":"釧路市","大字名":"音別町","丁目名":null,"小字名":"尺別原野基線","地番":"82-11","精度区分":null,"座標系":"任意座標系"}},{"type":"Polygon","arcs":[[906,907,-905,-900]],"properties":{"市区町村名":"釧路市","大字名":"音別町","丁目名":null,"小字名":"尺別原野基線","地番":"82-12","精度区分":null,"座標系":"任意座標系"}},{"type":"Polygon","arcs":[[908]],"properties":{"市区町村名":"釧路市","大字名":"音別町","丁目名":null,"小字名":"尺別原野基線","地番":"82-13","精度区分":null,"座標系":"任意座標系"}},{"type":"Polygon","arcs":[[909,910]],"properties":{"市区町村名":"釧路市","大字名":"音別町","丁目名":null,"小字名":"尺別原野基線","地番":"82-15","精度区分":null,"座標系":"任意座標系"}},{"type":"Polygon","arcs":[[-886,911]],"properties":{"市区町村名":"釧路市","大字名":"音別町","丁目名":null,"小字名":"尺別原野基線","地番":"82-16","精度区分":null,"座標系":"任意座標系"}},{"type":"Polygon","arcs":[[912,913,914,915]],"properties":{"市区町村名":"釧路市","大字名":"音別町","丁目名":null,"小字名":"尺別原野基線","地番":"82-17","精度区分":null,"座標系":"任意座標系"}},{"type":"Polygon","arcs":[[916,917,918]],"properties":{"市区町村名":"釧路市","大字名":"音別町","丁目名":null,"小字名":"尺別原野基線","地番":"82-18","精度区分":null,"座標系":"任意座標系"}},{"type":"Polygon","arcs":[[-915,919]],"properties":{"市区町村名":"釧路市","大字名":"音別町","丁目名":null,"小字名":"尺別原野基線","地番":"82-19","精度区分":null,"座標系":"任意座標系"}},{"type":"Polygon","arcs":[[920,-919,921,-913,922,923]],"properties":{"市区町村名":"釧路市","大字名":"音別町","丁目名":null,"小字名":"尺別原野基線","地番":"82-20","精度区分":null,"座標系":"任意座標系"}},{"type":"Polygon","arcs":[[924,925,926]],"properties":{"市区町村名":"釧路市","大字名":"音別町","丁目名":null,"小字名":"尺別原野基線","地番":"83-1","精度区分":null,"座標系":"任意座標系"}},{"type":"Polygon","arcs":[[-927,927,928]],"properties":{"市区町村名":"釧路市","大字名":"音別町","丁目名":null,"小字名":"尺別原野基線","地番":"83-2","精度区分":null,"座標系":"任意座標系"}},{"type":"Polygon","arcs":[[929,-821,-779,-823]],"properties":{"市区町村名":"釧路市","大字名":"音別町","丁目名":null,"小字名":"尺別原野基線","地番":"道-18","精度区分":null,"座標系":"任意座標系"}},{"type":"Polygon","arcs":[[-840,-858,-851,930,-844]],"properties":{"市区町村名":"釧路市","大字名":"音別町","丁目名":null,"小字名":"尺別原野基線","地番":"水-7","精度区分":null,"座標系":"任意座標系"}},{"type":"Polygon","arcs":[[-825,931,932]],"properties":{"市区町村名":"釧路市","大字名":"音別町","丁目名":null,"小字名":"尺別原野西一線","地番":"1-2","精度区分":null,"座標系":"任意座標系"}},{"type":"Polygon","arcs":[[933,934]],"properties":{"市区町村名":"釧路市","大字名":"音別町","丁目名":null,"小字名":"尺別原野西一線","地番":"26","精度区分":null,"座標系":"任意座標系"}},{"type":"Polygon","arcs":[[-705,-769,935,936]],"properties":{"市区町村名":"釧路市","大字名":"音別町","丁目名":null,"小字名":"尺別原野東一線","地番":"1-2","精度区分":null,"座標系":"任意座標系"}},{"type":"Polygon","arcs":[[937,-766,938,939]],"properties":{"市区町村名":"釧路市","大字名":"音別町","丁目名":null,"小字名":"尺別原野東一線","地番":"無地番-111","精度区分":null,"座標系":"任意座標系"}},{"type":"Polygon","arcs":[[-936,-768,940,941]],"properties":{"市区町村名":"釧路市","大字名":"音別町","丁目名":null,"小字名":"尺別原野東一線","地番":"道-8","精度区分":null,"座標系":"任意座標系"}},{"type":"Polygon","arcs":[[942,943,944]],"properties":{"市区町村名":"釧路市","大字名":"音別町","丁目名":null,"小字名":"尺別原野東二線","地番":"4-2","精度区分":null,"座標系":"任意座標系"}},{"type":"Polygon","arcs":[[945,946,947]],"properties":{"市区町村名":"釧路市","大字名":"音別町","丁目名":null,"小字名":"尺別原野東二線","地番":"6-1","精度区分":null,"座標系":"任意座標系"}},{"type":"Polygon","arcs":[[948,949,950,951]],"properties":{"市区町村名":"釧路市","大字名":"音別町","丁目名":null,"小字名":"尺別原野東二線","地番":"6-2","精度区分":null,"座標系":"任意座標系"}},{"type":"Polygon","arcs":[[-952,952,953]],"properties":{"市区町村名":"釧路市","大字名":"音別町","丁目名":null,"小字名":"尺別原野東二線","地番":"6-3","精度区分":null,"座標系":"任意座標系"}},{"type":"Polygon","arcs":[[954,-945,-948,955,956]],"properties":{"市区町村名":"釧路市","大字名":"音別町","丁目名":null,"小字名":"尺別原野東二線","地番":"6-4","精度区分":null,"座標系":"任意座標系"}},{"type":"Polygon","arcs":[[957,958,-957,959,-950]],"properties":{"市区町村名":"釧路市","大字名":"音別町","丁目名":null,"小字名":"尺別原野東二線","地番":"6-5","精度区分":null,"座標系":"任意座標系"}},{"type":"Polygon","arcs":[[960,961,962]],"properties":{"市区町村名":"釧路市","大字名":"音別町","丁目名":null,"小字名":"尺別原野東二線","地番":"無地番-122","精度区分":null,"座標系":"任意座標系"}},{"type":"Polygon","arcs":[[963,-789,964,-961]],"properties":{"市区町村名":"釧路市","大字名":"音別町","丁目名":null,"小字名":"尺別原野東二線","地番":"無地番-124","精度区分":null,"座標系":"任意座標系"}},{"type":"Polygon","arcs":[[965,966]],"properties":{"市区町村名":"釧路市","大字名":"音別町","丁目名":null,"小字名":"チャンベツ","地番":"4-1","精度区分":null,"座標系":"任意座標系"}},{"type":"Polygon","arcs":[[-967,967]],"properties":{"市区町村名":"釧路市","大字名":"音別町","丁目名":null,"小字名":"チャンベツ","地番":"4-2","精度区分":null,"座標系":"任意座標系"}},{"type":"Polygon","arcs":[[968]],"properties":{"市区町村名":"釧路市","大字名":"音別町","丁目名":null,"小字名":"チャンベツ","地番":"5","精度区分":null,"座標系":"任意座標系"}},{"type":"Polygon","arcs":[[969,970,-205,971]],"properties":{"市区町村名":"釧路市","大字名":"音別町","丁目名":null,"小字名":"チャンベツ右岸","地番":"3","精度区分":null,"座標系":"任意座標系"}},{"type":"Polygon","arcs":[[972,973,-972,-213,974,975]],"properties":{"市区町村名":"釧路市","大字名":"音別町","丁目名":null,"小字名":"チャンベツ右岸","地番":"4-1","精度区分":null,"座標系":"任意座標系"}},{"type":"Polygon","arcs":[[976,-976,977,978]],"properties":{"市区町村名":"釧路市","大字名":"音別町","丁目名":null,"小字名":"チャンベツ右岸","地番":"4-3","精度区分":null,"座標系":"任意座標系"}},{"type":"Polygon","arcs":[[979,980,981]],"properties":{"市区町村名":"釧路市","大字名":"音別町","丁目名":null,"小字名":"チャンベツ右岸","地番":"無地番-54","精度区分":null,"座標系":"任意座標系"}},{"type":"Polygon","arcs":[[982,983,984,985]],"properties":{"市区町村名":"釧路市","大字名":"音別町","丁目名":null,"小字名":"チャンベツ右岸","地番":"筆界未定地-3","精度区分":null,"座標系":"任意座標系"}},{"type":"Polygon","arcs":[[986,987,-984]],"properties":{"市区町村名":"釧路市","大字名":"音別町","丁目名":null,"小字名":"チャンベツ右岸","地番":"筆界未定地-4","精度区分":null,"座標系":"任意座標系"}},{"type":"Polygon","arcs":[[-987,-983,988,-982,989,-973,-977,990,-343,991]],"properties":{"市区町村名":"釧路市","大字名":"音別町","丁目名":null,"小字名":"チャンベツ右岸","地番":"道-7","精度区分":null,"座標系":"任意座標系"}},{"type":"Polygon","arcs":[[-992,-349,-988]],"properties":{"市区町村名":"釧路市","大字名":"音別町","丁目名":null,"小字名":"チャンベツ右岸","地番":"水-13","精度区分":null,"座標系":"任意座標系"}},{"type":"Polygon","arcs":[[-981,992,-970,-974,-990]],"properties":{"市区町村名":"釧路市","大字名":"音別町","丁目名":null,"小字名":"チャンベツ右岸","地番":"水-14","精度区分":null,"座標系":"任意座標系"}},{"type":"Polygon","arcs":[[-793,993]],"properties":{"市区町村名":"釧路市","大字名":"音別町","丁目名":null,"小字名":"直別","地番":"1-1","精度区分":null,"座標系":"任意座標系"}},{"type":"Polygon","arcs":[[994,-794]],"properties":{"市区町村名":"釧路市","大字名":"音別町","丁目名":null,"小字名":"直別","地番":"1-2","精度区分":null,"座標系":"任意座標系"}},{"type":"Polygon","arcs":[[995,996,997,998]],"properties":{"市区町村名":"釧路市","大字名":"音別町","丁目名":null,"小字名":"直別","地番":"4-1","精度区分":null,"座標系":"任意座標系"}},{"type":"Polygon","arcs":[[999,1000,-998,1001,1002,1003,1004,1005,1006,1007,1008]],"properties":{"市区町村名":"釧路市","大字名":"音別町","丁目名":null,"小字名":"直別","地番":"4-3","精度区分":null,"座標系":"任意座標系"}},{"type":"Polygon","arcs":[[1009,1010,1011,1012,1013,1014,-1004,1015]],"properties":{"市区町村名":"釧路市","大字名":"音別町","丁目名":null,"小字名":"直別","地番":"4-4","精度区分":null,"座標系":"任意座標系"}},{"type":"Polygon","arcs":[[1016,-1011,1017]],"properties":{"市区町村名":"釧路市","大字名":"音別町","丁目名":null,"小字名":"直別","地番":"4-6","精度区分":null,"座標系":"任意座標系"}},{"type":"Polygon","arcs":[[1018,-1012,-1017]],"properties":{"市区町村名":"釧路市","大字名":"音別町","丁目名":null,"小字名":"直別","地番":"4-7","精度区分":null,"座標系":"任意座標系"}},{"type":"Polygon","arcs":[[-1013,1019]],"properties":{"市区町村名":"釧路市","大字名":"音別町","丁目名":null,"小字名":"直別","地番":"4-8","精度区分":null,"座標系":"任意座標系"}},{"type":"Polygon","arcs":[[1020,1021,-1009,1022,1023]],"properties":{"市区町村名":"釧路市","大字名":"音別町","丁目名":null,"小字名":"直別","地番":"4-9","精度区分":null,"座標系":"任意座標系"}},{"type":"Polygon","arcs":[[1024,-1010,1025,1026]],"properties":{"市区町村名":"釧路市","大字名":"音別町","丁目名":null,"小字名":"直別","地番":"4-10","精度区分":null,"座標系":"任意座標系"}},{"type":"Polygon","arcs":[[-1026,-1016,-1003,1027]],"properties":{"市区町村名":"釧路市","大字名":"音別町","丁目名":null,"小字名":"直別","地番":"4-11","精度区分":null,"座標系":"任意座標系"}},{"type":"Polygon","arcs":[[1028,-1027,-1028,-1002,-997]],"properties":{"市区町村名":"釧路市","大字名":"音別町","丁目名":null,"小字名":"直別","地番":"4-12","精度区分":null,"座標系":"任意座標系"}},{"type":"Polygon","arcs":[[1029,1030]],"properties":{"市区町村名":"釧路市","大字名":"音別町","丁目名":null,"小字名":"直別","地番":"4-13","精度区分":null,"座標系":"任意座標系"}},{"type":"Polygon","arcs":[[1031,-1031,1032,1033]],"properties":{"市区町村名":"釧路市","大字名":"音別町","丁目名":null,"小字名":"直別","地番":"4-21","精度区分":null,"座標系":"任意座標系"}},{"type":"Polygon","arcs":[[1034,-1034,1035,-1007]],"properties":{"市区町村名":"釧路市","大字名":"音別町","丁目名":null,"小字名":"直別","地番":"4-22","精度区分":null,"座標系":"任意座標系"}},{"type":"Polygon","arcs":[[1036,1037,1038,1039,1040,1041,1042,1043,1044,1045,1046,1047,1048]],"properties":{"市区町村名":"釧路市","大字名":"音別町","丁目名":null,"小字名":"直別","地番":"5-1","精度区分":null,"座標系":"任意座標系"}},{"type":"Polygon","arcs":[[1049,-1038]],"properties":{"市区町村名":"釧路市","大字名":"音別町","丁目名":null,"小字名":"直別","地番":"5-2","精度区分":null,"座標系":"任意座標系"}},{"type":"Polygon","arcs":[[1050,-1040]],"properties":{"市区町村名":"釧路市","大字名":"音別町","丁目名":null,"小字名":"直別","地番":"5-3","精度区分":null,"座標系":"任意座標系"}},{"type":"Polygon","arcs":[[1051,1052]],"properties":{"市区町村名":"釧路市","大字名":"音別町","丁目名":null,"小字名":"直別","地番":"5-4","精度区分":null,"座標系":"任意座標系"}},{"type":"Polygon","arcs":[[1053,1054,-1043,1055]],"properties":{"市区町村名":"釧路市","大字名":"音別町","丁目名":null,"小字名":"直別","地番":"5-5","精度区分":null,"座標系":"任意座標系"}},{"type":"Polygon","arcs":[[-1052,1056,-1054,1057,1058]],"properties":{"市区町村名":"釧路市","大字名":"音別町","丁目名":null,"小字名":"直別","地番":"5-6","精度区分":null,"座標系":"任意座標系"}},{"type":"Polygon","arcs":[[-1058,-1056,-1042,1059]],"properties":{"市区町村名":"釧路市","大字名":"音別町","丁目名":null,"小字名":"直別","地番":"5-7","精度区分":null,"座標系":"任意座標系"}},{"type":"Polygon","arcs":[[1060,1061,1062,1063,1064,1065,1066,1067,1068,1069]],"properties":{"市区町村名":"釧路市","大字名":"音別町","丁目名":null,"小字名":"直別","地番":"6-1","精度区分":null,"座標系":"任意座標系"}},{"type":"Polygon","arcs":[[1070,1071,-1068]],"properties":{"市区町村名":"釧路市","大字名":"音別町","丁目名":null,"小字名":"直別","地番":"6-2","精度区分":null,"座標系":"任意座標系"}},{"type":"Polygon","arcs":[[1072,1073]],"properties":{"市区町村名":"釧路市","大字名":"音別町","丁目名":null,"小字名":"直別","地番":"6-3","精度区分":null,"座標系":"任意座標系"}},{"type":"Polygon","arcs":[[1074,1075]],"properties":{"市区町村名":"釧路市","大字名":"音別町","丁目名":null,"小字名":"直別","地番":"6-4","精度区分":null,"座標系":"任意座標系"}},{"type":"Polygon","arcs":[[1076,1077,-1062]],"properties":{"市区町村名":"釧路市","大字名":"音別町","丁目名":null,"小字名":"直別","地番":"6-5","精度区分":null,"座標系":"任意座標系"}},{"type":"Polygon","arcs":[[1078,1079,1080,-1063]],"properties":{"市区町村名":"釧路市","大字名":"音別町","丁目名":null,"小字名":"直別","地番":"6-6","精度区分":null,"座標系":"任意座標系"}},{"type":"Polygon","arcs":[[1081,1082,1083,-1080]],"properties":{"市区町村名":"釧路市","大字名":"音別町","丁目名":null,"小字名":"直別","地番":"6-7","精度区分":null,"座標系":"任意座標系"}},{"type":"Polygon","arcs":[[1084,-1082,1085]],"properties":{"市区町村名":"釧路市","大字名":"音別町","丁目名":null,"小字名":"直別","地番":"6-8","精度区分":null,"座標系":"任意座標系"}},{"type":"Polygon","arcs":[[1086,-1086,-1079,-1078]],"properties":{"市区町村名":"釧路市","大字名":"音別町","丁目名":null,"小字名":"直別","地番":"6-9","精度区分":null,"座標系":"任意座標系"}},{"type":"Polygon","arcs":[[1087,1088,-1076,1089,-1074,1090,1091]],"properties":{"市区町村名":"釧路市","大字名":"音別町","丁目名":null,"小字名":"直別","地番":"6-10","精度区分":null,"座標系":"任意座標系"}},{"type":"Polygon","arcs":[[-1067,1092,-1088,1093]],"properties":{"市区町村名":"釧路市","大字名":"音別町","丁目名":null,"小字名":"直別","地番":"6-11","精度区分":null,"座標系":"任意座標系"}},{"type":"Polygon","arcs":[[1094,-1065]],"properties":{"市区町村名":"釧路市","大字名":"音別町","丁目名":null,"小字名":"直別","地番":"6-12","精度区分":null,"座標系":"任意座標系"}},{"type":"Polygon","arcs":[[-1092,1095,1096]],"properties":{"市区町村名":"釧路市","大字名":"音別町","丁目名":null,"小字名":"直別","地番":"6-13","精度区分":null,"座標系":"任意座標系"}},{"type":"Polygon","arcs":[[-1094,-1097,1097,-1071]],"properties":{"市区町村名":"釧路市","大字名":"音別町","丁目名":null,"小字名":"直別","地番":"6-14","精度区分":null,"座標系":"任意座標系"}},{"type":"Polygon","arcs":[[1098,1099,1100]],"properties":{"市区町村名":"釧路市","大字名":"音別町","丁目名":null,"小字名":"直別","地番":"7","精度区分":null,"座標系":"任意座標系"}},{"type":"Polygon","arcs":[[-1100,1101,-1070,1102,-1049,1103]],"properties":{"市区町村名":"釧路市","大字名":"音別町","丁目名":null,"小字名":"直別","地番":"8","精度区分":null,"座標系":"任意座標系"}},{"type":"Polygon","arcs":[[1104,1105,1106,1107,1108,1109,1110]],"properties":{"市区町村名":"釧路市","大字名":"音別町","丁目名":null,"小字名":"直別","地番":"9-2","精度区分":null,"座標系":"任意座標系"}},{"type":"Polygon","arcs":[[1111,1112]],"properties":{"市区町村名":"釧路市","大字名":"音別町","丁目名":null,"小字名":"直別","地番":"9-5","精度区分":null,"座標系":"任意座標系"}},{"type":"Polygon","arcs":[[1113,1114,1115,1116,1117,1118]],"properties":{"市区町村名":"釧路市","大字名":"音別町","丁目名":null,"小字名":"直別","地番":"9-7","精度区分":null,"座標系":"任意座標系"}},{"type":"Polygon","arcs":[[1119,1120]],"properties":{"市区町村名":"釧路市","大字名":"音別町","丁目名":null,"小字名":"直別","地番":"9-8","精度区分":null,"座標系":"任意座標系"}},{"type":"Polygon","arcs":[[1121,1122,1123,-1117]],"properties":{"市区町村名":"釧路市","大字名":"音別町","丁目名":null,"小字名":"直別","地番":"9-16","精度区分":null,"座標系":"任意座標系"}},{"type":"Polygon","arcs":[[1124,-1115,1125]],"properties":{"市区町村名":"釧路市","大字名":"音別町","丁目名":null,"小字名":"直別","地番":"9-19","精度区分":null,"座標系":"任意座標系"}},{"type":"Polygon","arcs":[[-1119,1126,1127]],"properties":{"市区町村名":"釧路市","大字名":"音別町","丁目名":null,"小字名":"直別","地番":"9-20","精度区分":null,"座標系":"任意座標系"}},{"type":"Polygon","arcs":[[1128,-1128,1129,-1109]],"properties":{"市区町村名":"釧路市","大字名":"音別町","丁目名":null,"小字名":"直別","地番":"9-21","精度区分":null,"座標系":"任意座標系"}},{"type":"Polygon","arcs":[[1130,-1126,1131,-1107]],"properties":{"市区町村名":"釧路市","大字名":"音別町","丁目名":null,"小字名":"直別","地番":"9-22","精度区分":null,"座標系":"任意座標系"}},{"type":"Polygon","arcs":[[1132,-1108]],"properties":{"市区町村名":"釧路市","大字名":"音別町","丁目名":null,"小字名":"直別","地番":"9-23","精度区分":null,"座標系":"任意座標系"}},{"type":"Polygon","arcs":[[-1133,-1132,-1114,-1129]],"properties":{"市区町村名":"釧路市","大字名":"音別町","丁目名":null,"小字名":"直別","地番":"9-24","精度区分":null,"座標系":"任意座標系"}},{"type":"Polygon","arcs":[[1133,-1120,1134,1135,1136,-1105,1137]],"properties":{"市区町村名":"釧路市","大字名":"音別町","丁目名":null,"小字名":"直別","地番":"9-25","精度区分":null,"座標系":"任意座標系"}},{"type":"Polygon","arcs":[[1138,1139,1140,-1136]],"properties":{"市区町村名":"釧路市","大字名":"音別町","丁目名":null,"小字名":"直別","地番":"9-26","精度区分":null,"座標系":"任意座標系"}},{"type":"Polygon","arcs":[[1141,-1106,-1137]],"properties":{"市区町村名":"釧路市","大字名":"音別町","丁目名":null,"小字名":"直別","地番":"9-27","精度区分":null,"座標系":"任意座標系"}},{"type":"Polygon","arcs":[[-1141,1142,-1131,-1142]],"properties":{"市区町村名":"釧路市","大字名":"音別町","丁目名":null,"小字名":"直別","地番":"9-28","精度区分":null,"座標系":"任意座標系"}},{"type":"Polygon","arcs":[[1143,1144,1145,1146,-1021,1147,1148,1149,1150,1151,1152,1153,1154,-1046]],"properties":{"市区町村名":"釧路市","大字名":"音別町","丁目名":null,"小字名":"直別","地番":"11-1","精度区分":null,"座標系":"任意座標系"}},{"type":"Polygon","arcs":[[-1155,1155,1156,-1047]],"properties":{"市区町村名":"釧路市","大字名":"音別町","丁目名":null,"小字名":"直別","地番":"11-2","精度区分":null,"座標系":"任意座標系"}},{"type":"Polygon","arcs":[[-1156,-1154,1157]],"properties":{"市区町村名":"釧路市","大字名":"音別町","丁目名":null,"小字名":"直別","地番":"11-3","精度区分":null,"座標系":"任意座標系"}},{"type":"Polygon","arcs":[[1158,-1152]],"properties":{"市区町村名":"釧路市","大字名":"音別町","丁目名":null,"小字名":"直別","地番":"11-4","精度区分":null,"座標系":"任意座標系"}},{"type":"Polygon","arcs":[[1159,1160,-1150]],"properties":{"市区町村名":"釧路市","大字名":"音別町","丁目名":null,"小字名":"直別","地番":"11-5","精度区分":null,"座標系":"任意座標系"}},{"type":"Polygon","arcs":[[-1149,1161,1162,1163,1164,1165,-1160]],"properties":{"市区町村名":"釧路市","大字名":"音別町","丁目名":null,"小字名":"直別","地番":"11-6","精度区分":null,"座標系":"任意座標系"}},{"type":"Polygon","arcs":[[1166,1167,1168,1169,-1163]],"properties":{"市区町村名":"釧路市","大字名":"音別町","丁目名":null,"小字名":"直別","地番":"11-7","精度区分":null,"座標系":"任意座標系"}},{"type":"Polygon","arcs":[[1170,-1165]],"properties":{"市区町村名":"釧路市","大字名":"音別町","丁目名":null,"小字名":"直別","地番":"11-9","精度区分":null,"座標系":"任意座標系"}},{"type":"Polygon","arcs":[[1171,1172]],"properties":{"市区町村名":"釧路市","大字名":"音別町","丁目名":null,"小字名":"直別","地番":"33-1","精度区分":null,"座標系":"任意座標系"}},{"type":"Polygon","arcs":[[1173,1174,-1172,1175]],"properties":{"市区町村名":"釧路市","大字名":"音別町","丁目名":null,"小字名":"直別","地番":"33-2","精度区分":null,"座標系":"任意座標系"}},{"type":"Polygon","arcs":[[-1069,-1072,-1098,-1096,-1091,-1073,-1090,-1075,-1089,-1093,-1066,-1095,-1064,-1081,-1084,1176,-1044,-1055,-1057,-1053,-1059,-1060,-1041,-1051,-1039,-1050,-1037,-1103]],"properties":{"市区町村名":"釧路市","大字名":"音別町","丁目名":null,"小字名":"直別","地番":"無地番-1","精度区分":null,"座標系":"任意座標系"}},{"type":"Polygon","arcs":[[-621,1177,-1144,-1045,-1177,-1083,-1085,-1087,-1077,-1061,-1102,-1099,1178]],"properties":{"市区町村名":"釧路市","大字名":"音別町","丁目名":null,"小字名":"直別","地番":"無地番-3","精度区分":null,"座標系":"任意座標系"}},{"type":"Polygon","arcs":[[1179,-1146]],"properties":{"市区町村名":"釧路市","大字名":"音別町","丁目名":null,"小字名":"直別","地番":"無地番-6","精度区分":null,"座標系":"任意座標系"}},{"type":"Polygon","arcs":[[-1015,1180,-1138,-1111,1181,-1005]],"properties":{"市区町村名":"釧路市","大字名":"音別町","丁目名":null,"小字名":"直別","地番":"無地番-31","精度区分":null,"座標系":"任意座標系"}},{"type":"Polygon","arcs":[[1182]],"properties":{"市区町村名":"釧路市","大字名":"音別町","丁目名":null,"小字名":"直別","地番":"無地番-35","精度区分":null,"座標系":"任意座標系"}},{"type":"Polygon","arcs":[[1183,-798,1184,1185]],"properties":{"市区町村名":"釧路市","大字名":"音別町","丁目名":null,"小字名":"直別原野東一線","地番":"1","精度区分":null,"座標系":"任意座標系"}},{"type":"Polygon","arcs":[[1186,-1186,1187,1188]],"properties":{"市区町村名":"釧路市","大字名":"音別町","丁目名":null,"小字名":"直別原野東一線","地番":"3","精度区分":null,"座標系":"任意座標系"}},{"type":"Polygon","arcs":[[1189,1190]],"properties":{"市区町村名":"釧路市","大字名":"音別町","丁目名":null,"小字名":"直別原野東一線","地番":"5-1","精度区分":null,"座標系":"任意座標系"}},{"type":"Polygon","arcs":[[-1190,1191,1192,1193,1194,1195]],"properties":{"市区町村名":"釧路市","大字名":"音別町","丁目名":null,"小字名":"直別原野東一線","地番":"5-2","精度区分":null,"座標系":"任意座標系"}},{"type":"Polygon","arcs":[[1196,-1189,1197,-1194]],"properties":{"市区町村名":"釧路市","大字名":"音別町","丁目名":null,"小字名":"直別原野東一線","地番":"5-3","精度区分":null,"座標系":"任意座標系"}},{"type":"Polygon","arcs":[[1198,1199,1200]],"properties":{"市区町村名":"釧路市","大字名":"音別町","丁目名":null,"小字名":"直別原野東一線","地番":"7-1","精度区分":null,"座標系":"任意座標系"}},{"type":"Polygon","arcs":[[-1191,-1196,1201,-1200,1202,-1192]],"properties":{"市区町村名":"釧路市","大字名":"音別町","丁目名":null,"小字名":"直別原野東一線","地番":"道-21","精度区分":null,"座標系":"任意座標系"}},{"type":"Polygon","arcs":[[1203,-802,1204,1205]],"properties":{"市区町村名":"釧路市","大字名":"音別町","丁目名":null,"小字名":"直別原野東二線","地番":"1-1","精度区分":null,"座標系":"任意座標系"}},{"type":"Polygon","arcs":[[1206,-804,1207]],"properties":{"市区町村名":"釧路市","大字名":"音別町","丁目名":null,"小字名":"直別原野東二線","地番":"1-2","精度区分":null,"座標系":"任意座標系"}},{"type":"Polygon","arcs":[[1208,-799,-1184,1209]],"properties":{"市区町村名":"釧路市","大字名":"音別町","丁目名":null,"小字名":"直別原野東二線","地番":"2","精度区分":null,"座標系":"任意座標系"}},{"type":"Polygon","arcs":[[1210,1211,1212]],"properties":{"市区町村名":"釧路市","大字名":"音別町","丁目名":null,"小字名":"直別原野東二線","地番":"3-1","精度区分":null,"座標系":"任意座標系"}},{"type":"Polygon","arcs":[[1213,-1206,1214,1215]],"properties":{"市区町村名":"釧路市","大字名":"音別町","丁目名":null,"小字名":"直別原野東二線","地番":"3-2","精度区分":null,"座標系":"任意座標系"}},{"type":"Polygon","arcs":[[1216,-1210,-1187,1217]],"properties":{"市区町村名":"釧路市","大字名":"音別町","丁目名":null,"小字名":"直別原野東二線","地番":"4","精度区分":null,"座標系":"任意座標系"}},{"type":"Polygon","arcs":[[1218,-1216,1219,1220]],"properties":{"市区町村名":"釧路市","大字名":"音別町","丁目名":null,"小字名":"直別原野東二線","地番":"5-1","精度区分":null,"座標系":"任意座標系"}},{"type":"Polygon","arcs":[[1221,-1213,1222,1223]],"properties":{"市区町村名":"釧路市","大字名":"音別町","丁目名":null,"小字名":"直別原野東二線","地番":"5-2","精度区分":null,"座標系":"任意座標系"}},{"type":"Polygon","arcs":[[-1218,-1197,-1193,1224]],"properties":{"市区町村名":"釧路市","大字名":"音別町","丁目名":null,"小字名":"直別原野東二線","地番":"6","精度区分":null,"座標系":"任意座標系"}},{"type":"Polygon","arcs":[[1225,1226,1227]],"properties":{"市区町村名":"釧路市","大字名":"音別町","丁目名":null,"小字名":"直別原野東二線","地番":"33","精度区分":null,"座標系":"任意座標系"}},{"type":"Polygon","arcs":[[1228,1229,1230,-1226,1231]],"properties":{"市区町村名":"釧路市","大字名":"音別町","丁目名":null,"小字名":"直別原野東二線","地番":"35-3","精度区分":null,"座標系":"任意座標系"}},{"type":"Polygon","arcs":[[1232]],"properties":{"市区町村名":"釧路市","大字名":"音別町","丁目名":null,"小字名":"直別原野東二線","地番":"35-4","精度区分":null,"座標系":"任意座標系"}},{"type":"Polygon","arcs":[[1233,1234,1235,1236]],"properties":{"市区町村名":"釧路市","大字名":"音別町","丁目名":null,"小字名":"直別原野東二線","地番":"37-1","精度区分":null,"座標系":"任意座標系"}},{"type":"Polygon","arcs":[[-1234,1237]],"properties":{"市区町村名":"釧路市","大字名":"音別町","丁目名":null,"小字名":"直別原野東二線","地番":"37-2","精度区分":null,"座標系":"任意座標系"}},{"type":"Polygon","arcs":[[1238,-1235,1239]],"properties":{"市区町村名":"釧路市","大字名":"音別町","丁目名":null,"小字名":"直別原野東二線","地番":"37-3","精度区分":null,"座標系":"任意座標系"}},{"type":"Polygon","arcs":[[-1236,-1239,1240,1241,1242,1243]],"properties":{"市区町村名":"釧路市","大字名":"音別町","丁目名":null,"小字名":"直別原野東二線","地番":"無地番-26","精度区分":null,"座標系":"任意座標系"}},{"type":"Polygon","arcs":[[-1220,-1215,-1205,-801,1244,-1211,-1222,1245]],"properties":{"市区町村名":"釧路市","大字名":"音別町","丁目名":null,"小字名":"直別原野東二線","地番":"無地番-41","精度区分":null,"座標系":"任意座標系"}},{"type":"Polygon","arcs":[[1246,1247,1248,-1208,-803,-1204,-1214,-1219,1249]],"properties":{"市区町村名":"釧路市","大字名":"音別町","丁目名":null,"小字名":"直別原野東二線","地番":"無地番-43","精度区分":null,"座標系":"任意座標系"}},{"type":"Polygon","arcs":[[-805,-1207,1250]],"properties":{"市区町村名":"釧路市","大字名":"音別町","丁目名":null,"小字名":"直別原野東三線","地番":"2","精度区分":null,"座標系":"任意座標系"}},{"type":"Polygon","arcs":[[-806,-1251,-1249,1251]],"properties":{"市区町村名":"釧路市","大字名":"音別町","丁目名":null,"小字名":"直別原野東三線","地番":"4","精度区分":null,"座標系":"任意座標系"}},{"type":"Polygon","arcs":[[1252,1253]],"properties":{"市区町村名":"釧路市","大字名":"音別町","丁目名":null,"小字名":"直別原野東三線","地番":"5","精度区分":null,"座標系":"任意座標系"}},{"type":"Polygon","arcs":[[1254,-807,-1252,-1248]],"properties":{"市区町村名":"釧路市","大字名":"音別町","丁目名":null,"小字名":"直別原野東三線","地番":"6","精度区分":null,"座標系":"任意座標系"}},{"type":"Polygon","arcs":[[1255,1256,1257]],"properties":{"市区町村名":"釧路市","大字名":"音別町","丁目名":null,"小字名":"直別原野東三線","地番":"7","精度区分":null,"座標系":"任意座標系"}},{"type":"Polygon","arcs":[[1258,1259,-65]],"properties":{"市区町村名":"釧路市","大字名":"音別町","丁目名":null,"小字名":"ムリ","地番":"21","精度区分":null,"座標系":"任意座標系"}},{"type":"Polygon","arcs":[[-63,-255,1260,1261,1262]],"properties":{"市区町村名":"釧路市","大字名":"音別町","丁目名":null,"小字名":"ムリ","地番":"22-1","精度区分":null,"座標系":"任意座標系"}},{"type":"Polygon","arcs":[[-1259,-64,-1263,1263]],"properties":{"市区町村名":"釧路市","大字名":"音別町","丁目名":null,"小字名":"ムリ","地番":"無地番-5","精度区分":null,"座標系":"任意座標系"}},{"type":"Polygon","arcs":[[1264,-928,-926,1265,-924,1266,-911,1267,1268,-619]],"properties":{"市区町村名":"釧路市","大字名":"音別町","丁目名":null,"小字名":"尺別","地番":"筆界未定地-10","精度区分":null,"座標系":"任意座標系"}},{"type":"Polygon","arcs":[[-781,-692,-772]],"properties":{"市区町村名":"釧路市","大字名":"音別町","丁目名":null,"小字名":"尺別","地番":"筆界未定地-25","精度区分":null,"座標系":"任意座標系"}},{"type":"Polygon","arcs":[[-690,-775,-773]],"properties":{"市区町村名":"釧路市","大字名":"音別町","丁目名":null,"小字名":"尺別","地番":"筆界未定地-26","精度区分":null,"座標系":"任意座標系"}},{"type":"Polygon","arcs":[[1269,-685,1270,1271,-684,1272,1273,1274]],"properties":{"市区町村名":"釧路市","大字名":"音別町","丁目名":null,"小字名":"尺別","地番":"21-1","精度区分":null,"座標系":"任意座標系"}},{"type":"Polygon","arcs":[[1275,-1274]],"properties":{"市区町村名":"釧路市","大字名":"音別町","丁目名":null,"小字名":"尺別","地番":"21-2","精度区分":null,"座標系":"任意座標系"}},{"type":"Polygon","arcs":[[1276,1277,1278,1279]],"properties":{"市区町村名":"釧路市","大字名":"音別町","丁目名":null,"小字名":"尺別","地番":"3-2","精度区分":null,"座標系":"任意座標系"}},{"type":"Polygon","arcs":[[-272,-294,1280,1281,1282,1283,-263,-68,-260,-93,-287]],"properties":{"市区町村名":"釧路市","大字名":"音別町","丁目名":null,"小字名":"音別","地番":"27-1","精度区分":null,"座標系":"任意座標系"}},{"type":"Polygon","arcs":[[1284,-1282]],"properties":{"市区町村名":"釧路市","大字名":"音別町","丁目名":null,"小字名":"音別","地番":"27-2","精度区分":null,"座標系":"任意座標系"}},{"type":"Polygon","arcs":[[-264,-1284,1285,-257,-70]],"properties":{"市区町村名":"釧路市","大字名":"音別町","丁目名":null,"小字名":"音別","地番":"筆界未定地-41","精度区分":null,"座標系":"任意座標系"}},{"type":"Polygon","arcs":[[-516,1286,-540,-531,1287]],"properties":{"市区町村名":"釧路市","大字名":"音別町","丁目名":null,"小字名":"音別原野西四線","地番":"筆界未定地-1","精度区分":null,"座標系":"任意座標系"}},{"type":"Polygon","arcs":[[-284,1288,-657,-623]],"properties":{"市区町村名":"釧路市","大字名":"音別町","丁目名":null,"小字名":"尺別","地番":"筆界未定地-4","精度区分":null,"座標系":"任意座標系"}},{"type":"Polygon","arcs":[[1289,1290,-517,-1288,-543,-331]],"properties":{"市区町村名":"釧路市","大字名":"音別町","丁目名":null,"小字名":"音別原野西五線","地番":"筆界未定地-31","精度区分":null,"座標系":"任意座標系"}},{"type":"Polygon","arcs":[[1291,-985,-348,1292,-242,-339,-267]],"properties":{"市区町村名":"釧路市","大字名":"音別町","丁目名":null,"小字名":"音別","地番":"筆界未定地-51","精度区分":null,"座標系":"任意座標系"}},{"type":"Polygon","arcs":[[-939,-765,-820,1293]],"properties":{"市区町村名":"釧路市","大字名":"音別町","丁目名":null,"小字名":"尺別原野東一線","地番":"筆界未定地-24","精度区分":null,"座標系":"任意座標系"}},{"type":"Polygon","arcs":[[-1243,1294,1295,1296,1297,-1297,1298,1299]],"properties":{"市区町村名":"釧路市","大字名":"音別町","丁目名":null,"小字名":"直別原野東二線","地番":"筆界未定地-35","精度区分":null,"座標系":"任意座標系"}},{"type":"Polygon","arcs":[[-259,1300,-1261,-254,-76]],"properties":{"市区町村名":"釧路市","大字名":"音別町","丁目名":null,"小字名":"音別","地番":"筆界未定地-2","精度区分":null,"座標系":"任意座標系"}},{"type":"Polygon","arcs":[[1301,-312,-170,-316,1302,1303,1304,1305,1306,-537,-500,-498,-536,-496]],"properties":{"市区町村名":"釧路市","大字名":"音別町","丁目名":null,"小字名":"音別","地番":"48-2","精度区分":null,"座標系":"任意座標系"}},{"type":"Polygon","arcs":[[-1306,1307,-303,-2,-282,1308]],"properties":{"市区町村名":"釧路市","大字名":"音別町","丁目名":null,"小字名":"音別","地番":"48-1","精度区分":null,"座標系":"任意座標系"}},{"type":"Polygon","arcs":[[1309,1310,-1304]],"properties":{"市区町村名":"釧路市","大字名":"音別町","丁目名":null,"小字名":"音別","地番":"48-3","精度区分":null,"座標系":"任意座標系"}},{"type":"Polygon","arcs":[[-315,1311,-682,-634,-334,-1272,1312,-1310,-1303]],"properties":{"市区町村名":"釧路市","大字名":"音別町","丁目名":null,"小字名":"音別","地番":"筆界未定地-6","精度区分":null,"座標系":"任意座標系"}},{"type":"Polygon","arcs":[[1313,1314,1315]],"properties":{"市区町村名":"釧路市","大字名":"音別町","丁目名":null,"小字名":"直別原野西一線","地番":"57-2","精度区分":null,"座標系":"任意座標系"}},{"type":"Polygon","arcs":[[1316,-1316,1317,1318,-1168,1319]],"properties":{"市区町村名":"釧路市","大字名":"音別町","丁目名":null,"小字名":"直別原野西一線","地番":"57-1","精度区分":null,"座標系":"任意座標系"}},{"type":"Polygon","arcs":[[-1318,1320,1321]],"properties":{"市区町村名":"釧路市","大字名":"音別町","丁目名":null,"小字名":"直別原野西一線","地番":"57-3","精度区分":null,"座標系":"任意座標系"}},{"type":"Polygon","arcs":[[1322,1323,1324,-1321,-1315]],"properties":{"市区町村名":"釧路市","大字名":"音別町","丁目名":null,"小字名":"直別原野西一線","地番":"57-4","精度区分":null,"座標系":"任意座標系"}},{"type":"Polygon","arcs":[[-1319,-1322,-1325,1325,-1169]],"properties":{"市区町村名":"釧路市","大字名":"音別町","丁目名":null,"小字名":"直別","地番":"11-10","精度区分":null,"座標系":"任意座標系"}},{"type":"Polygon","arcs":[[-529,-539,1326]],"properties":{"市区町村名":"釧路市","大字名":"音別町","丁目名":null,"小字名":"音別原野西四線","地番":"筆界未定地-2","精度区分":null,"座標系":"任意座標系"}},{"type":"Polygon","arcs":[[-1293,-351,1327,-340,-240]],"properties":{"市区町村名":"釧路市","大字名":"音別町","丁目名":null,"小字名":"音別","地番":"筆界未定地-9","精度区分":null,"座標系":"任意座標系"}},{"type":"Polygon","arcs":[[-350,-341,-1328]],"properties":{"市区町村名":"釧路市","大字名":"音別町","丁目名":null,"小字名":"音別","地番":"筆界未定地-3","精度区分":null,"座標系":"任意座標系"}},{"type":"Polygon","arcs":[[-627,-659,1328,-662,1329,1330]],"properties":{"市区町村名":"釧路市","大字名":"音別町","丁目名":null,"小字名":"尺別","地番":"筆界未定地-5","精度区分":null,"座標系":"任意座標系"}},{"type":"Polygon","arcs":[[-906,-908,1331,1332,-903]],"properties":{"市区町村名":"釧路市","大字名":"音別町","丁目名":null,"小字名":"尺別原野基線","地番":"筆界未定地-76","精度区分":null,"座標系":"任意座標系"}},{"type":"Polygon","arcs":[[1333,-1229,1334]],"properties":{"市区町村名":"釧路市","大字名":"音別町","丁目名":null,"小字名":"直別原野東二線","地番":"筆界未定地-36","精度区分":null,"座標系":"任意座標系"}},{"type":"Polygon","arcs":[[-20,-544,-1327,-538,1335]],"properties":{"市区町村名":"釧路市","大字名":"音別町","丁目名":null,"小字名":"音別原野西五線","地番":"筆界未定地-32","精度区分":null,"座標系":"任意座標系"}},{"type":"Polygon","arcs":[[-1268,-910,-1267,-923,-916,-920,-914,-922,-918,1336,-885,1337,1338,1339,-1339,1340,1341]],"properties":{"市区町村名":"釧路市","大字名":"音別町","丁目名":null,"小字名":"尺別原野基線","地番":"筆界未定地-75","精度区分":null,"座標系":"任意座標系"}},{"type":"Polygon","arcs":[[1342,-1314,-1317,1343]],"properties":{"市区町村名":"釧路市","大字名":"音別町","丁目名":null,"小字名":"直別原野西一線","地番":"58-1","精度区分":null,"座標系":"任意座標系"}},{"type":"Polygon","arcs":[[-1343,1344,-1323]],"properties":{"市区町村名":"釧路市","大字名":"音別町","丁目名":null,"小字名":"直別原野西一線","地番":"58-2","精度区分":null,"座標系":"任意座標系"}},{"type":"Polygon","arcs":[[-1162,-1148,-1024,1345,-1345,-1344,-1320,-1167]],"properties":{"市区町村名":"釧路市","大字名":"音別町","丁目名":null,"小字名":"直別","地番":"11-8","精度区分":null,"座標系":"任意座標系"}},{"type":"Polygon","arcs":[[-733,1346,-949,1347]],"properties":{"市区町村名":"釧路市","大字名":"音別町","丁目名":null,"小字名":"尺別","地番":"筆界未定地-6","精度区分":null,"座標系":"任意座標系"}},{"type":"Polygon","arcs":[[1348,1349,-1122,-1116,-1125,-1143,1350,1351]],"properties":{"市区町村名":"釧路市","大字名":"音別町","丁目名":null,"小字名":"直別","地番":"筆界未定地-1","精度区分":null,"座標系":"任意座標系"}},{"type":"Polygon","arcs":[[1352,1353,-1113,1354,-1123,-1350]],"properties":{"市区町村名":"釧路市","大字名":"音別町","丁目名":null,"小字名":"直別","地番":"9-3","精度区分":null,"座標系":"任意座標系"}},{"type":"Polygon","arcs":[[-1353,-1349,1355]],"properties":{"市区町村名":"釧路市","大字名":"音別町","丁目名":null,"小字名":"直別","地番":"9-12","精度区分":null,"座標系":"任意座標系"}},{"type":"Polygon","arcs":[[1356,-1351,-1140]],"properties":{"市区町村名":"釧路市","大字名":"音別町","丁目名":null,"小字名":"直別","地番":"9-1","精度区分":null,"座標系":"任意座標系"}},{"type":"Polygon","arcs":[[1357]],"properties":{"市区町村名":"釧路市","大字名":"音別町","丁目名":null,"小字名":"ムリ","地番":"筆界未定地-1","精度区分":null,"座標系":"任意座標系"}},{"type":"Polygon","arcs":[[1358,1359]],"properties":{"市区町村名":"釧路市","大字名":"音別町","丁目名":null,"小字名":"尺別","地番":"筆界未定地-7","精度区分":null,"座標系":"任意座標系"}},{"type":"Polygon","arcs":[[-556,1360]],"properties":{"市区町村名":"釧路市","大字名":"音別町","丁目名":null,"小字名":"尺別","地番":"3-33","精度区分":null,"座標系":"任意座標系"}},{"type":"Polygon","arcs":[[-941,-767,-938,1361]],"properties":{"市区町村名":"釧路市","大字名":"音別町","丁目名":null,"小字名":"尺別原野東一線","地番":"2-3","精度区分":null,"座標系":"任意座標系"}},{"type":"Polygon","arcs":[[-335,-289,-337,-273,1362,-346,1363,1364]],"properties":{"市区町村名":"釧路市","大字名":"音別町","丁目名":null,"小字名":"音別","地番":"10-1","精度区分":null,"座標系":"任意座標系"}},{"type":"Polygon","arcs":[[1365,1366,-1364,-345]],"properties":{"市区町村名":"釧路市","大字名":"音別町","丁目名":null,"小字名":"音別","地番":"10-2","精度区分":null,"座標系":"任意座標系"}},{"type":"Polygon","arcs":[[-666,1367,1368,1369]],"properties":{"市区町村名":"釧路市","大字名":"音別町","丁目名":null,"小字名":"尺別","地番":"30","精度区分":null,"座標系":"任意座標系"}},{"type":"Polygon","arcs":[[-370,-485,-468]],"properties":{"市区町村名":"釧路市","大字名":"音別町","丁目名":null,"小字名":"音別原野西三線","地番":"筆界未定地-1","精度区分":null,"座標系":"任意座標系"}},{"type":"Polygon","arcs":[[-784,-964,-963,1370,1371,-958,-1347]],"properties":{"市区町村名":"釧路市","大字名":"音別町","丁目名":null,"小字名":"尺別","地番":"筆界未定地-8","精度区分":null,"座標系":"任意座標系"}},{"type":"Polygon","arcs":[[-686,-1270,1372,1373,-753,1374,-741,1375,-739,1376,-735,1377,-1348,-954,1378]],"properties":{"市区町村名":"釧路市","大字名":"音別町","丁目名":null,"小字名":"尺別","地番":"筆界未定地-20","精度区分":null,"座標系":"任意座標系"}},{"type":"Polygon","arcs":[[-728,-1378]],"properties":{"市区町村名":"釧路市","大字名":"音別町","丁目名":null,"小字名":"尺別","地番":"無地番-129","精度区分":null,"座標系":"任意座標系"}},{"type":"Polygon","arcs":[[1379,-1377]],"properties":{"市区町村名":"釧路市","大字名":"音別町","丁目名":null,"小字名":"尺別","地番":"無地番-133","精度区分":null,"座標系":"任意座標系"}},{"type":"Polygon","arcs":[[1380,-1376]],"properties":{"市区町村名":"釧路市","大字名":"音別町","丁目名":null,"小字名":"尺別","地番":"無地番-137","精度区分":null,"座標系":"任意座標系"}},{"type":"Polygon","arcs":[[1381,1382,1383]],"properties":{"市区町村名":"釧路市","大字名":"音別町","丁目名":null,"小字名":"尺別","地番":"3-69","精度区分":null,"座標系":"任意座標系"}},{"type":"Polygon","arcs":[[1384,1385,-647,1386,-1383]],"properties":{"市区町村名":"釧路市","大字名":"音別町","丁目名":null,"小字名":"尺別","地番":"3-8","精度区分":null,"座標系":"任意座標系"}},{"type":"Polygon","arcs":[[1387,1388,-1384,-1387,-650,-671,1389]],"properties":{"市区町村名":"釧路市","大字名":"音別町","丁目名":null,"小字名":"尺別","地番":"3-17","精度区分":null,"座標系":"任意座標系"}},{"type":"Polygon","arcs":[[-581,-1361,1390,1391,1392]],"properties":{"市区町村名":"釧路市","大字名":"音別町","丁目名":null,"小字名":"尺別","地番":"3-57","精度区分":null,"座標系":"任意座標系"}},{"type":"Polygon","arcs":[[1393,-1391,-559,-547,1394]],"properties":{"市区町村名":"釧路市","大字名":"音別町","丁目名":null,"小字名":"尺別","地番":"3-55","精度区分":null,"座標系":"任意座標系"}},{"type":"Polygon","arcs":[[1395,1396,1397,-679,1398]],"properties":{"市区町村名":"釧路市","大字名":"音別町","丁目名":null,"小字名":"尺別","地番":"3-58","精度区分":null,"座標系":"任意座標系"}},{"type":"Polygon","arcs":[[-675,1399,1400,1401]],"properties":{"市区町村名":"釧路市","大字名":"音別町","丁目名":null,"小字名":"尺別","地番":"3-71","精度区分":null,"座標系":"任意座標系"}},{"type":"Polygon","arcs":[[-1401,1402,-1396,1403,1404]],"properties":{"市区町村名":"釧路市","大字名":"音別町","丁目名":null,"小字名":"尺別","地番":"3-72","精度区分":null,"座標系":"任意座標系"}},{"type":"Polygon","arcs":[[-676,-1402,-1405,1405,-668,1406,1407]],"properties":{"市区町村名":"釧路市","大字名":"音別町","丁目名":null,"小字名":"尺別","地番":"3-18","精度区分":null,"座標系":"任意座標系"}},{"type":"Polygon","arcs":[[-1400,-674,1408,-1397,-1403]],"properties":{"市区町村名":"釧路市","大字名":"音別町","丁目名":null,"小字名":"尺別","地番":"3-32","精度区分":null,"座標系":"任意座標系"}},{"type":"Polygon","arcs":[[1409,1410,-1382,1411]],"properties":{"市区町村名":"釧路市","大字名":"音別町","丁目名":null,"小字名":"尺別原野西一線","地番":"7-4","精度区分":null,"座標系":"任意座標系"}},{"type":"Polygon","arcs":[[1412,1413,-1410]],"properties":{"市区町村名":"釧路市","大字名":"音別町","丁目名":null,"小字名":"尺別原野西一線","地番":"7-2","精度区分":null,"座標系":"任意座標系"}},{"type":"Polygon","arcs":[[1414,-1413,-1412,-1389,1415]],"properties":{"市区町村名":"釧路市","大字名":"音別町","丁目名":null,"小字名":"尺別原野西一線","地番":"7-1","精度区分":null,"座標系":"任意座標系"}},{"type":"Polygon","arcs":[[-1385,-1411,-1414,-1415,1416]],"properties":{"市区町村名":"釧路市","大字名":"音別町","丁目名":null,"小字名":"尺別","地番":"国有地-1","精度区分":null,"座標系":"任意座標系"}},{"type":"Polygon","arcs":[[-243,-290,-270,-296,-344,1417,-978,-975,-212,-301,-215,-338,-229,-253,-251,1418,-246]],"properties":{"市区町村名":"釧路市","大字名":"音別町","丁目名":null,"小字名":"音別","地番":"筆界未定地-10","精度区分":null,"座標系":"任意座標系"}},{"type":"Polygon","arcs":[[-979,-1418,-991]],"properties":{"市区町村名":"釧路市","大字名":"音別町","丁目名":null,"小字名":"チャンベツ右岸","地番":"4-2","精度区分":null,"座標系":"任意座標系"}},{"type":"Polygon","arcs":[[-239,1419,1420,1421,-292,1422,-234]],"properties":{"市区町村名":"釧路市","大字名":"音別町","丁目名":null,"小字名":"音別","地番":"104-1","精度区分":null,"座標系":"任意座標系"}},{"type":"Polygon","arcs":[[-1421,1423]],"properties":{"市区町村名":"釧路市","大字名":"音別町","丁目名":null,"小字名":"音別","地番":"104-5","精度区分":null,"座標系":"任意座標系"}},{"type":"Polygon","arcs":[[-247,-1419,-250,-252,-235,-1423,-291]],"properties":{"市区町村名":"釧路市","大字名":"音別町","丁目名":null,"小字名":"音別","地番":"無地番-34","精度区分":null,"座標系":"任意座標系"}},{"type":"Polygon","arcs":[[-495,1424,-450,1425,1426,-161,-324,1427,-168,1428,-313,-1302]],"properties":{"市区町村名":"釧路市","大字名":"音別町","丁目名":null,"小字名":"音別","地番":"筆界未定地-7","精度区分":null,"座標系":"任意座標系"}},{"type":"Polygon","arcs":[[1429,-99,-336,-1365,-1367]],"properties":{"市区町村名":"釧路市","大字名":"音別町","丁目名":null,"小字名":"音別","地番":"筆界未定地-11","精度区分":null,"座標系":"任意座標系"}},{"type":"Polygon","arcs":[[-1308,-1305,-1311,-1313,-1271,1430,-304]],"properties":{"市区町村名":"釧路市","大字名":"音別町","丁目名":null,"小字名":"音別","地番":"筆界未定地-12","精度区分":null,"座標系":"任意座標系"}},{"type":"Polygon","arcs":[[1431,-477,1432,-502,-541,-1287,-515,-1291,1433,1434,1435,1436,1437,1438,1439,1440,1441,1442,-142,-155,-140,-154,-152,1443]],"properties":{"市区町村名":"釧路市","大字名":"音別町","丁目名":null,"小字名":"音別","地番":"20-1","精度区分":null,"座標系":"任意座標系"}},{"type":"Polygon","arcs":[[1444,1445,-1441]],"properties":{"市区町村名":"釧路市","大字名":"音別町","丁目名":null,"小字名":"音別","地番":"20-8","精度区分":null,"座標系":"任意座標系"}},{"type":"Polygon","arcs":[[-1440,1446,1447,-1445]],"properties":{"市区町村名":"釧路市","大字名":"音別町","丁目名":null,"小字名":"音別","地番":"20-7","精度区分":null,"座標系":"任意座標系"}},{"type":"Polygon","arcs":[[-1439,1448,1449,-1447]],"properties":{"市区町村名":"釧路市","大字名":"音別町","丁目名":null,"小字名":"音別","地番":"20-6","精度区分":null,"座標系":"任意座標系"}},{"type":"Polygon","arcs":[[-1438,1450,1451,-1449]],"properties":{"市区町村名":"釧路市","大字名":"音別町","丁目名":null,"小字名":"音別","地番":"20-5","精度区分":null,"座標系":"任意座標系"}},{"type":"Polygon","arcs":[[-1437,1452,1453,-1451]],"properties":{"市区町村名":"釧路市","大字名":"音別町","丁目名":null,"小字名":"音別","地番":"20-4","精度区分":null,"座標系":"任意座標系"}},{"type":"Polygon","arcs":[[-1436,1454,1455,-1453]],"properties":{"市区町村名":"釧路市","大字名":"音別町","丁目名":null,"小字名":"音別","地番":"20-3","精度区分":null,"座標系":"任意座標系"}},{"type":"Polygon","arcs":[[1456,-1455,-1435]],"properties":{"市区町村名":"釧路市","大字名":"音別町","丁目名":null,"小字名":"音別","地番":"20-2","精度区分":null,"座標系":"任意座標系"}},{"type":"Polygon","arcs":[[-102,-322,-124,-352,-121,-171,-79,-97,1457,-353,-117]],"properties":{"市区町村名":"釧路市","大字名":"音別町","丁目名":null,"小字名":"音別","地番":"筆界未定地-8","精度区分":null,"座標系":"任意座標系"}},{"type":"Polygon","arcs":[[1458,-1199,1459]],"properties":{"市区町村名":"釧路市","大字名":"音別町","丁目名":null,"小字名":"直別原野東二線","地番":"8-1","精度区分":null,"座標系":"任意座標系"}},{"type":"Polygon","arcs":[[-1432,1460,1461,-478]],"properties":{"市区町村名":"釧路市","大字名":"音別町","丁目名":null,"小字名":"音別原野西三線","地番":"31-1","精度区分":null,"座標系":"任意座標系"}},{"type":"Polygon","arcs":[[1462,-360,-1462]],"properties":{"市区町村名":"釧路市","大字名":"音別町","丁目名":null,"小字名":"音別原野西三線","地番":"31-2","精度区分":null,"座標系":"任意座標系"}},{"type":"Polygon","arcs":[[-404,-463,-481,-426,-428,1463,-409]],"properties":{"市区町村名":"釧路市","大字名":"音別町","丁目名":null,"小字名":"音別原野西三線","地番":"317","精度区分":null,"座標系":"任意座標系"}},{"type":"Polygon","arcs":[[1464,-509,1465]],"properties":{"市区町村名":"釧路市","大字名":"音別町","丁目名":null,"小字名":"音別原野西三線","地番":"32-3","精度区分":null,"座標系":"任意座標系"}},{"type":"Polygon","arcs":[[-479,1466,1467,-503,-1433]],"properties":{"市区町村名":"釧路市","大字名":"音別町","丁目名":null,"小字名":"音別原野西三線","地番":"32-1","精度区分":null,"座標系":"任意座標系"}},{"type":"Polygon","arcs":[[1468,1469,-1466,-513,-1468]],"properties":{"市区町村名":"釧路市","大字名":"音別町","丁目名":null,"小字名":"音別原野西三線","地番":"32-4","精度区分":null,"座標系":"任意座標系"}},{"type":"Polygon","arcs":[[-358,1470,-542,-1465,-1470]],"properties":{"市区町村名":"釧路市","大字名":"音別町","丁目名":null,"小字名":"音別原野西三線","地番":"道-10","精度区分":null,"座標系":"任意座標系"}},{"type":"Polygon","arcs":[[-362,-355,-1469,-1467]],"properties":{"市区町村名":"釧路市","大字名":"音別町","丁目名":null,"小字名":"音別原野西三線","地番":"32-2","精度区分":null,"座標系":"任意座標系"}},{"type":"Polygon","arcs":[[-413,-482,-455]],"properties":{"市区町村名":"釧路市","大字名":"音別町","丁目名":null,"小字名":"音別原野西三線","地番":"318","精度区分":null,"座標系":"任意座標系"}},{"type":"Polygon","arcs":[[1471,1472]],"properties":{"市区町村名":"釧路市","大字名":"音別町","丁目名":null,"小字名":"尺別原野基線","地番":"77-3","精度区分":null,"座標系":"任意座標系"}},{"type":"Polygon","arcs":[[1473,1474,1475]],"properties":{"市区町村名":"釧路市","大字名":"音別町","丁目名":null,"小字名":"尺別原野基線","地番":"77-5","精度区分":null,"座標系":"任意座標系"}},{"type":"Polygon","arcs":[[1476,1477,1478]],"properties":{"市区町村名":"釧路市","大字名":"音別町","丁目名":null,"小字名":"尺別原野基線","地番":"77-4","精度区分":null,"座標系":"任意座標系"}},{"type":"Polygon","arcs":[[1479,1480,-1476,-1472,-1477]],"properties":{"市区町村名":"釧路市","大字名":"音別町","丁目名":null,"小字名":"尺別原野基線","地番":"77-2","精度区分":null,"座標系":"任意座標系"}},{"type":"Polygon","arcs":[[1481,1482,1483,1484,1485,1486,-1332,-907,-901,-899,-893,1487,-872,-874,-878,1488,1489,-863,-876,-861,-882,-842,-845,-931,-850,-853,-857,1490,1491,1492,1493,1494,1495,1496]],"properties":{"市区町村名":"釧路市","大字名":"音別町","丁目名":null,"小字名":"尺別原野基線","地番":"道-3","精度区分":null,"座標系":"任意座標系"}},{"type":"Polygon","arcs":[[1497,-890,1498,1499,1500,1501,1502,1503]],"properties":{"市区町村名":"釧路市","大字名":"音別町","丁目名":null,"小字名":"尺別","地番":"筆界未定地-13","精度区分":null,"座標系":"任意座標系"}},{"type":"Polygon","arcs":[[1504]],"properties":{"市区町村名":"釧路市","大字名":"音別町","丁目名":null,"小字名":"尺別原野基線","地番":"76-2","精度区分":null,"座標系":"任意座標系"}},{"type":"Polygon","arcs":[[1505,1506,-1500,1507]],"properties":{"市区町村名":"釧路市","大字名":"音別町","丁目名":null,"小字名":"尺別原野基線","地番":"80-1","精度区分":null,"座標系":"任意座標系"}},{"type":"Polygon","arcs":[[1508,1509,-1506,1510]],"properties":{"市区町村名":"釧路市","大字名":"音別町","丁目名":null,"小字名":"尺別原野基線","地番":"80-3","精度区分":null,"座標系":"任意座標系"}},{"type":"Polygon","arcs":[[-1486,1511,-1509,1512]],"properties":{"市区町村名":"釧路市","大字名":"音別町","丁目名":null,"小字名":"尺別原野基線","地番":"80-2","精度区分":null,"座標系":"任意座標系"}},{"type":"Polygon","arcs":[[1513,-1502,1514,1515]],"properties":{"市区町村名":"釧路市","大字名":"音別町","丁目名":null,"小字名":"尺別原野基線","地番":"78-1","精度区分":null,"座標系":"任意座標系"}},{"type":"Polygon","arcs":[[1516,1517,1518]],"properties":{"市区町村名":"釧路市","大字名":"音別町","丁目名":null,"小字名":"尺別原野基線","地番":"78-2","精度区分":null,"座標系":"任意座標系"}},{"type":"Polygon","arcs":[[1519,-1516,1520,-1518]],"properties":{"市区町村名":"釧路市","大字名":"音別町","丁目名":null,"小字名":"尺別原野基線","地番":"78-3","精度区分":null,"座標系":"任意座標系"}},{"type":"Polygon","arcs":[[-1483,1521,1522,1523],[-1505]],"properties":{"市区町村名":"釧路市","大字名":"音別町","丁目名":null,"小字名":"尺別原野基線","地番":"76-3","精度区分":null,"座標系":"任意座標系"}},{"type":"Polygon","arcs":[[1524,1525,-1523]],"properties":{"市区町村名":"釧路市","大字名":"音別町","丁目名":null,"小字名":"尺別原野基線","地番":"76-1","精度区分":null,"座標系":"任意座標系"}},{"type":"Polygon","arcs":[[-1487,-1513,-1511,-1508,-1499,-889,-892,-887,-912,-891,-1498,1526,-1341,-1338,-884,-1337,-917,-921,-1266,-925,-929,-1265,-819,-867,-870,-1488,-896,-904,-1333]],"properties":{"市区町村名":"釧路市","大字名":"音別町","丁目名":null,"小字名":"尺別原野基線","地番":"水-1","精度区分":null,"座標系":"任意座標系"}},{"type":"Polygon","arcs":[[-1485,-1519,-1521,-1515,-1501,-1507,-1510,-1512]],"properties":{"市区町村名":"釧路市","大字名":"音別町","丁目名":null,"小字名":"尺別原野基線","地番":"道-3-1","精度区分":null,"座標系":"任意座標系"}},{"type":"Polygon","arcs":[[-1524,-1526,1527,-1514,-1520,-1517,-1484]],"properties":{"市区町村名":"釧路市","大字名":"音別町","丁目名":null,"小字名":"尺別原野基線","地番":"水-5","精度区分":null,"座標系":"任意座標系"}},{"type":"Polygon","arcs":[[-731,1528,1529,-751,-723,-785]],"properties":{"市区町村名":"釧路市","大字名":"音別町","丁目名":null,"小字名":"尺別","地番":"筆界未定地-16","精度区分":null,"座標系":"任意座標系"}},{"type":"Polygon","arcs":[[-451,-1425,-494]],"properties":{"市区町村名":"釧路市","大字名":"音別町","丁目名":null,"小字名":"音別原野西三線","地番":"30-2","精度区分":null,"座標系":"任意座標系"}},{"type":"Polygon","arcs":[[1530,-1426,-453,-490,-1471,1531]],"properties":{"市区町村名":"釧路市","大字名":"音別町","丁目名":null,"小字名":"音別原野西三線","地番":"30-1","精度区分":null,"座標系":"任意座標系"}},{"type":"Polygon","arcs":[[-357,1532,-1532]],"properties":{"市区町村名":"釧路市","大字名":"音別町","丁目名":null,"小字名":"音別原野西三線","地番":"30-3","精度区分":null,"座標系":"任意座標系"}},{"type":"Polygon","arcs":[[-21,-1336,-1307,1533,-327]],"properties":{"市区町村名":"釧路市","大字名":"音別町","丁目名":null,"小字名":"音別","地番":"筆界未定地-4","精度区分":null,"座標系":"任意座標系"}},{"type":"Polygon","arcs":[[1534,-366,-466]],"properties":{"市区町村名":"釧路市","大字名":"音別町","丁目名":null,"小字名":"音別原野西三線","地番":"筆界未定地-2","精度区分":null,"座標系":"任意座標系"}},{"type":"Polygon","arcs":[[1535,1536,1537,1538,1539]],"properties":{"市区町村名":"釧路市","大字名":"音別町","丁目名":null,"小字名":"尺別","地番":"3-54","精度区分":null,"座標系":"任意座標系"}},{"type":"Polygon","arcs":[[1540,1541]],"properties":{"市区町村名":"釧路市","大字名":"音別町","丁目名":null,"小字名":"尺別","地番":"3-13","精度区分":null,"座標系":"任意座標系"}},{"type":"Polygon","arcs":[[1542,1543]],"properties":{"市区町村名":"釧路市","大字名":"音別町","丁目名":null,"小字名":"尺別","地番":"3-6","精度区分":null,"座標系":"任意座標系"}},{"type":"Polygon","arcs":[[1544,1545,1546,1547,-1536,1548,1549]],"properties":{"市区町村名":"釧路市","大字名":"音別町","丁目名":null,"小字名":"尺別","地番":"3-5","精度区分":null,"座標系":"任意座標系"}},{"type":"Polygon","arcs":[[1550,-1549,1551]],"properties":{"市区町村名":"釧路市","大字名":"音別町","丁目名":null,"小字名":"尺別","地番":"3-50","精度区分":null,"座標系":"任意座標系"}},{"type":"Polygon","arcs":[[1552,1553,1554,1555]],"properties":{"市区町村名":"釧路市","大字名":"音別町","丁目名":null,"小字名":"直別","地番":"63-3","精度区分":null,"座標系":"任意座標系"}},{"type":"Polygon","arcs":[[1556,1557,1558,-1554]],"properties":{"市区町村名":"釧路市","大字名":"音別町","丁目名":null,"小字名":"直別","地番":"63-4","精度区分":null,"座標系":"任意座標系"}},{"type":"Polygon","arcs":[[1559,1560]],"properties":{"市区町村名":"釧路市","大字名":"音別町","丁目名":null,"小字名":"尺別","地番":"41-3","精度区分":null,"座標系":"任意座標系"}},{"type":"Polygon","arcs":[[1561,1562,1563,-1561,1564,1565,-1545,1566,-1543,-545,1567]],"properties":{"市区町村名":"釧路市","大字名":"音別町","丁目名":null,"小字名":"尺別","地番":"41-1","精度区分":null,"座標系":"任意座標系"}},{"type":"Polygon","arcs":[[1568,-1552,-1540,1569]],"properties":{"市区町村名":"釧路市","大字名":"音別町","丁目名":null,"小字名":"尺別","地番":"3-41","精度区分":null,"座標系":"任意座標系"}},{"type":"Polygon","arcs":[[-1544,-1567,-1550,-1551,1570,1571,1572,1573,-546]],"properties":{"市区町村名":"釧路市","大字名":"音別町","丁目名":null,"小字名":"尺別","地番":"3-22","精度区分":null,"座標系":"任意座標系"}},{"type":"Polygon","arcs":[[1574,-1548,1575,1576,1577,1578]],"properties":{"市区町村名":"釧路市","大字名":"音別町","丁目名":null,"小字名":"尺別","地番":"3-23","精度区分":null,"座標系":"任意座標系"}},{"type":"Polygon","arcs":[[-1537,-1575,1579]],"properties":{"市区町村名":"釧路市","大字名":"音別町","丁目名":null,"小字名":"尺別","地番":"3-53","精度区分":null,"座標系":"任意座標系"}},{"type":"Polygon","arcs":[[1580,1581,1582,1583,1584]],"properties":{"市区町村名":"釧路市","大字名":"音別町","丁目名":null,"小字名":"尺別","地番":"3-37","精度区分":null,"座標系":"任意座標系"}},{"type":"Polygon","arcs":[[1585,1586,-1581]],"properties":{"市区町村名":"釧路市","大字名":"音別町","丁目名":null,"小字名":"尺別","地番":"3-14","精度区分":null,"座標系":"任意座標系"}},{"type":"Polygon","arcs":[[1587,1588,-1582]],"properties":{"市区町村名":"釧路市","大字名":"音別町","丁目名":null,"小字名":"直別","地番":"63-2","精度区分":null,"座標系":"任意座標系"}},{"type":"Polygon","arcs":[[-1559,1589,1590,-1583,-1589,1591,-1555]],"properties":{"市区町村名":"釧路市","大字名":"音別町","丁目名":null,"小字名":"直別","地番":"水-1","精度区分":null,"座標系":"任意座標系"}},{"type":"Polygon","arcs":[[1592,1593,-1556,-1592,-1588,-1587,1594,1595,1596,-1541,1597,1598,1599,-1576,-1547]],"properties":{"市区町村名":"釧路市","大字名":"音別町","丁目名":null,"小字名":"直別","地番":"63-1","精度区分":null,"座標系":"任意座標系"}},{"type":"Polygon","arcs":[[1600,1601,1602,1603,-1563]],"properties":{"市区町村名":"釧路市","大字名":"音別町","丁目名":null,"小字名":"尺別","地番":"41-2","精度区分":null,"座標系":"任意座標系"}},{"type":"Polygon","arcs":[[1604,1605,1606]],"properties":{"市区町村名":"釧路市","大字名":"音別町","丁目名":null,"小字名":"尺別","地番":"42-2","精度区分":null,"座標系":"任意座標系"}},{"type":"Polygon","arcs":[[-1560,-1564,-1604,1607,-1557,-1553,-1594,1608,-1565]],"properties":{"市区町村名":"釧路市","大字名":"音別町","丁目名":null,"小字名":"尺別","地番":"水-3","精度区分":null,"座標系":"任意座標系"}},{"type":"Polygon","arcs":[[1609,-792,-994,-809,-1253,1610,-1256,1611,1612,-1590,-1558,-1608,-1603,1613,-1605,1614,1615,1616,1617,-932,-824,-777]],"properties":{"市区町村名":"釧路市","大字名":"音別町","丁目名":null,"小字名":"尺別","地番":"筆界未定地-3","精度区分":null,"座標系":"任意座標系"}},{"type":"Polygon","arcs":[[1618,1619,1620,-1617]],"properties":{"市区町村名":"釧路市","大字名":"音別町","丁目名":null,"小字名":"尺別","地番":"筆界未定地-2","精度区分":null,"座標系":"任意座標系"}},{"type":"Polygon","arcs":[[-1615,-1607,1621,1622]],"properties":{"市区町村名":"釧路市","大字名":"音別町","丁目名":null,"小字名":"尺別","地番":"42-3","精度区分":null,"座標系":"任意座標系"}},{"type":"Polygon","arcs":[[1623,1624,-1622,-1606,-1614,-1602,1625]],"properties":{"市区町村名":"釧路市","大字名":"音別町","丁目名":null,"小字名":"尺別","地番":"水-2","精度区分":null,"座標系":"任意座標系"}},{"type":"Polygon","arcs":[[-1612,-1258,1626,1627]],"properties":{"市区町村名":"釧路市","大字名":"音別町","丁目名":null,"小字名":"直別原野東三線","地番":"無地番-42","精度区分":null,"座標系":"任意座標系"}},{"type":"Polygon","arcs":[[-934,1628,-1390,-677,-1408,1629]],"properties":{"市区町村名":"釧路市","大字名":"音別町","丁目名":null,"小字名":"尺別","地番":"筆界未定地-1","精度区分":null,"座標系":"任意座標系"}},{"type":"Polygon","arcs":[[-1566,-1609,-1593,-1546]],"properties":{"市区町村名":"釧路市","大字名":"音別町","丁目名":null,"小字名":"尺別","地番":"3-11","精度区分":null,"座標系":"任意座標系"}},{"type":"Polygon","arcs":[[-1599,1630]],"properties":{"市区町村名":"釧路市","大字名":"音別町","丁目名":null,"小字名":"尺別","地番":"3-12","精度区分":null,"座標系":"任意座標系"}},{"type":"Polygon","arcs":[[1631,-1596,1632,1633]],"properties":{"市区町村名":"釧路市","大字名":"音別町","丁目名":null,"小字名":"尺別","地番":"3-24","精度区分":null,"座標系":"任意座標系"}},{"type":"Polygon","arcs":[[1634,1635,1636]],"properties":{"市区町村名":"釧路市","大字名":"音別町","丁目名":null,"小字名":"尺別","地番":"3-15","精度区分":null,"座標系":"任意座標系"}},{"type":"Polygon","arcs":[[-1636,1637,-1279]],"properties":{"市区町村名":"釧路市","大字名":"音別町","丁目名":null,"小字名":"尺別","地番":"3-38","精度区分":null,"座標系":"任意座標系"}},{"type":"Polygon","arcs":[[1638,-1395,-1574,1639,-1572,1640,-1570,-1539,1641,-1578,1642,-1634,1643,1644,-569,-565,-573,-560,-572,-575]],"properties":{"市区町村名":"釧路市","大字名":"音別町","丁目名":null,"小字名":"尺別","地番":"3-29","精度区分":null,"座標系":"任意座標系"}},{"type":"Polygon","arcs":[[-1404,-1399,1645,-678,-552,-1393,1646,-1639,-576,-574,-571,-562,-570,-1645,1647,1648,-568,1649,-1368,-665,-1406]],"properties":{"市区町村名":"釧路市","大字名":"音別町","丁目名":null,"小字名":"尺別","地番":"3-19","精度区分":null,"座標系":"任意座標系"}},{"type":"Polygon","arcs":[[1650,-1624,1651,1652]],"properties":{"市区町村名":"釧路市","大字名":"音別町","丁目名":null,"小字名":"尺別","地番":"3-61","精度区分":null,"座標系":"任意座標系"}},{"type":"Polygon","arcs":[[-1600,-1631,-1598,-1542,-1597,-1632,-1643,-1577]],"properties":{"市区町村名":"釧路市","大字名":"音別町","丁目名":null,"小字名":"尺別","地番":"3-4","精度区分":null,"座標系":"任意座標系"}},{"type":"Polygon","arcs":[[-1538,-1580,-1579,-1642]],"properties":{"市区町村名":"釧路市","大字名":"音別町","丁目名":null,"小字名":"尺別","地番":"3-42","精度区分":null,"座標系":"任意座標系"}},{"type":"Polygon","arcs":[[-1573,-1640]],"properties":{"市区町村名":"釧路市","大字名":"音別町","丁目名":null,"小字名":"尺別","地番":"3-52","精度区分":null,"座標系":"任意座標系"}},{"type":"Polygon","arcs":[[-1571,-1569,-1641]],"properties":{"市区町村名":"釧路市","大字名":"音別町","丁目名":null,"小字名":"尺別","地番":"3-51","精度区分":null,"座標系":"任意座標系"}},{"type":"Polygon","arcs":[[-1616,-1623,-1625,-1651,1653,-1619]],"properties":{"市区町村名":"釧路市","大字名":"音別町","丁目名":null,"小字名":"尺別","地番":"42-1","精度区分":null,"座標系":"任意座標系"}},{"type":"Polygon","arcs":[[-1652,-1626,-1601,-1562,1654]],"properties":{"市区町村名":"釧路市","大字名":"音別町","丁目名":null,"小字名":"尺別","地番":"41-4","精度区分":null,"座標系":"任意座標系"}},{"type":"Polygon","arcs":[[-1647,-1392,-1394]],"properties":{"市区町村名":"釧路市","大字名":"音別町","丁目名":null,"小字名":"尺別","地番":"3-70","精度区分":null,"座標系":"任意座標系"}},{"type":"Polygon","arcs":[[-681,-550,-1646]],"properties":{"市区町村名":"釧路市","大字名":"音別町","丁目名":null,"小字名":"尺別","地番":"無地番-104","精度区分":null,"座標系":"任意座標系"}},{"type":"Polygon","arcs":[[1655,1656,-1620,-1654,-1653,-1655,-1568,-548,-558,1657,-579,-584,1658,-582]],"properties":{"市区町村名":"釧路市","大字名":"音別町","丁目名":null,"小字名":"尺別","地番":"3-9","精度区分":null,"座標系":"任意座標系"}},{"type":"Polygon","arcs":[[-1658,-580]],"properties":{"市区町村名":"釧路市","大字名":"音別町","丁目名":null,"小字名":"尺別","地番":"3-35","精度区分":null,"座標系":"任意座標系"}},{"type":"Polygon","arcs":[[-680,-1398,-1409,-673,-555,1659,-1656,-583,-1659,-585,-578]],"properties":{"市区町村名":"釧路市","大字名":"音別町","丁目名":null,"小字名":"尺別","地番":"3-34","精度区分":null,"座標系":"任意座標系"}},{"type":"Polygon","arcs":[[1660,-1648]],"properties":{"市区町村名":"釧路市","大字名":"音別町","丁目名":null,"小字名":"尺別","地番":"3-66","精度区分":null,"座標系":"任意座標系"}},{"type":"Polygon","arcs":[[-1595,-1586,-1585,1661,1662,1663,-1661,-1644,-1633]],"properties":{"市区町村名":"釧路市","大字名":"音別町","丁目名":null,"小字名":"尺別","地番":"3-3","精度区分":null,"座標系":"任意座標系"}},{"type":"Polygon","arcs":[[1664,1665,-1176,1666]],"properties":{"市区町村名":"釧路市","大字名":"音別町","丁目名":null,"小字名":"尺別","地番":"3-25","精度区分":null,"座標系":"任意座標系"}},{"type":"Polygon","arcs":[[-1649,-1664,-1667,-1173,1667,1668,-1277,1669,-1369,-1650,-567]],"properties":{"市区町村名":"釧路市","大字名":"音別町","丁目名":null,"小字名":"尺別","地番":"3-30","精度区分":null,"座標系":"任意座標系"}},{"type":"Polygon","arcs":[[1670,-1669]],"properties":{"市区町村名":"釧路市","大字名":"音別町","丁目名":null,"小字名":"尺別","地番":"3-27","精度区分":null,"座標系":"任意座標系"}},{"type":"Polygon","arcs":[[-1175,1671,-1668]],"properties":{"市区町村名":"釧路市","大字名":"音別町","丁目名":null,"小字名":"尺別","地番":"3-26","精度区分":null,"座標系":"任意座標系"}},{"type":"Polygon","arcs":[[-1637,-1278,-1671,1672]],"properties":{"市区町村名":"釧路市","大字名":"音別町","丁目名":null,"小字名":"尺別","地番":"3-64","精度区分":null,"座標系":"任意座標系"}},{"type":"Polygon","arcs":[[-1663,1673,-1665]],"properties":{"市区町村名":"釧路市","大字名":"音別町","丁目名":null,"小字名":"尺別","地番":"3-65","精度区分":null,"座標系":"任意座標系"}},{"type":"Polygon","arcs":[[-813,1674,1675,1676,-764,-762,-757,-761,-763,-1677,1677,1678,1679,1680,1681,1682]],"properties":{"市区町村名":"釧路市","大字名":"音別町","丁目名":null,"小字名":"音別","地番":"筆界未定地-14","精度区分":null,"座標系":"任意座標系"}},{"type":"Polygon","arcs":[[1683,1684,1685]],"properties":{"市区町村名":"釧路市","大字名":"音別町","丁目名":null,"小字名":"尺別","地番":"筆界未定地-12","精度区分":null,"座標系":"任意座標系"}},{"type":"Polygon","arcs":[[-1359,1686,-1681,1687,1688]],"properties":{"市区町村名":"釧路市","大字名":"音別町","丁目名":null,"小字名":"尺別","地番":"筆界未定地-15","精度区分":null,"座標系":"任意座標系"}},{"type":"Polygon","arcs":[[-1680,1689,1690,-1688]],"properties":{"市区町村名":"釧路市","大字名":"音別町","丁目名":null,"小字名":"尺別","地番":"筆界未定地-9","精度区分":null,"座標系":"任意座標系"}},{"type":"Polygon","arcs":[[-594,1691,-1682,-1687,1692]],"properties":{"市区町村名":"釧路市","大字名":"音別町","丁目名":null,"小字名":"尺別","地番":"筆界未定地-14","精度区分":null,"座標系":"任意座標系"}},{"type":"Polygon","arcs":[[1693]],"properties":{"市区町村名":"釧路市","大字名":"音別町","丁目名":null,"小字名":"尺別","地番":"無地番-147","精度区分":null,"座標系":"任意座標系"}},{"type":"Polygon","arcs":[[1694,1695,1696,1697,1698,1699,1700,1701,1702]],"properties":{"市区町村名":"釧路市","大字名":"音別町","丁目名":null,"小字名":"直別原野東三線","地番":"水-1","精度区分":null,"座標系":"任意座標系"}},{"type":"Polygon","arcs":[[-1334,1703,-1299,-1296,1704,1705,-1699,1706,-1230]],"properties":{"市区町村名":"釧路市","大字名":"音別町","丁目名":null,"小字名":"直別原野東二線","地番":"無地番-159","精度区分":null,"座標系":"任意座標系"}},{"type":"Polygon","arcs":[[-1242,1707,1708,1709,-1705,-1295]],"properties":{"市区町村名":"釧路市","大字名":"音別町","丁目名":null,"小字名":"直別原野東二線","地番":"筆界未定地-37","精度区分":null,"座標系":"任意座標系"}},{"type":"Polygon","arcs":[[-1702,1710]],"properties":{"市区町村名":"釧路市","大字名":"音別町","丁目名":null,"小字名":"直別原野東三線","地番":"38-6","精度区分":null,"座標系":"任意座標系"}},{"type":"Polygon","arcs":[[-1700,-1706,-1710,1711]],"properties":{"市区町村名":"釧路市","大字名":"音別町","丁目名":null,"小字名":"直別原野東三線","地番":"38-7","精度区分":null,"座標系":"任意座標系"}},{"type":"Polygon","arcs":[[1712,-1703,-1711,-1701,-1712,-1709,1713]],"properties":{"市区町村名":"釧路市","大字名":"音別町","丁目名":null,"小字名":"直別原野東三線","地番":"38-8","精度区分":null,"座標系":"任意座標系"}},{"type":"Polygon","arcs":[[1714,-1714,-1708]],"properties":{"市区町村名":"釧路市","大字名":"音別町","丁目名":null,"小字名":"直別原野東三線","地番":"38-4","精度区分":null,"座標系":"任意座標系"}},{"type":"Polygon","arcs":[[1715,-1697]],"properties":{"市区町村名":"釧路市","大字名":"音別町","丁目名":null,"小字名":"直別原野東三線","地番":"38-9","精度区分":null,"座標系":"任意座標系"}},{"type":"Polygon","arcs":[[1716,1717,-1231,-1707,-1698,-1716,-1696]],"properties":{"市区町村名":"釧路市","大字名":"音別町","丁目名":null,"小字名":"直別原野東三線","地番":"38-5","精度区分":null,"座標系":"任意座標系"}},{"type":"Polygon","arcs":[[1718,-1022,-1147,1719]],"properties":{"市区町村名":"釧路市","大字名":"音別町","丁目名":null,"小字名":"直別","地番":"4-19","精度区分":null,"座標系":"任意座標系"}},{"type":"Polygon","arcs":[[1720,1721,-1000,-1719]],"properties":{"市区町村名":"釧路市","大字名":"音別町","丁目名":null,"小字名":"直別","地番":"4-20","精度区分":null,"座標系":"任意座標系"}},{"type":"Polygon","arcs":[[1722,-999,-1001,-1722,1723,-1227,-1718]],"properties":{"市区町村名":"釧路市","大字名":"音別町","丁目名":null,"小字名":"直別","地番":"4-5","精度区分":null,"座標系":"任意座標系"}},{"type":"Polygon","arcs":[[1724,1725,1726,1727,1728]],"properties":{"市区町村名":"釧路市","大字名":"音別町","丁目名":null,"小字名":"直別","地番":"水-3","精度区分":null,"座標系":"任意座標系"}},{"type":"Polygon","arcs":[[1729,1730,-1725,1731,1732,1733,1734]],"properties":{"市区町村名":"釧路市","大字名":"音別町","丁目名":null,"小字名":"直別原野東三線","地番":"水-2","精度区分":null,"座標系":"任意座標系"}},{"type":"Polygon","arcs":[[1735,1736,1737,1738,-1726,-1731]],"properties":{"市区町村名":"釧路市","大字名":"音別町","丁目名":null,"小字名":"直別原野東三線","地番":"8-1","精度区分":null,"座標系":"任意座標系"}},{"type":"Polygon","arcs":[[1739,1740,1741,1742]],"properties":{"市区町村名":"釧路市","大字名":"音別町","丁目名":null,"小字名":"直別","地番":"筆界未定地-2","精度区分":null,"座標系":"任意座標系"}},{"type":"Polygon","arcs":[[1743,1744,1745,-1223,-1212,-1245,-800,-1209,-1217,-1225,-1203,-1459]],"properties":{"市区町村名":"釧路市","大字名":"音別町","丁目名":null,"小字名":"直別原野東二線","地番":"道-20","精度区分":null,"座標系":"任意座標系"}},{"type":"Polygon","arcs":[[-1221,-1246,-1224,-1746,1746,1747,1748,-1737,1749,-1250]],"properties":{"市区町村名":"釧路市","大字名":"音別町","丁目名":null,"小字名":"直別原野東二線","地番":"道-22","精度区分":null,"座標系":"任意座標系"}},{"type":"Polygon","arcs":[[-1247,-1750,-1736,-1730,1750,-1743,1751,-1627,-1257,-1611,-1254,-808,-1255]],"properties":{"市区町村名":"釧路市","大字名":"音別町","丁目名":null,"小字名":"直別原野東三線","地番":"道-23","精度区分":null,"座標系":"任意座標系"}},{"type":"Polygon","arcs":[[1752,1753,1754,1755]],"properties":{"市区町村名":"釧路市","大字名":"音別町","丁目名":null,"小字名":"直別","地番":"40-3","精度区分":null,"座標系":"任意座標系"}},{"type":"Polygon","arcs":[[-1755,1756,1757,1758,1759]],"properties":{"市区町村名":"釧路市","大字名":"音別町","丁目名":null,"小字名":"直別","地番":"40-2","精度区分":null,"座標系":"任意座標系"}},{"type":"Polygon","arcs":[[-1739,1760,-1753,1761,-1727]],"properties":{"市区町村名":"釧路市","大字名":"音別町","丁目名":null,"小字名":"直別","地番":"40-1","精度区分":null,"座標系":"任意座標系"}},{"type":"Polygon","arcs":[[1762,-1732,-1729,1763,1764]],"properties":{"市区町村名":"釧路市","大字名":"音別町","丁目名":null,"小字名":"直別","地番":"41-1","精度区分":null,"座標系":"任意座標系"}},{"type":"Polygon","arcs":[[1765,1766,-1765,1767]],"properties":{"市区町村名":"釧路市","大字名":"音別町","丁目名":null,"小字名":"直別","地番":"41-3","精度区分":null,"座標系":"任意座標系"}},{"type":"Polygon","arcs":[[1768,-1766,1769,-1741]],"properties":{"市区町村名":"釧路市","大字名":"音別町","丁目名":null,"小字名":"直別","地番":"41-2","精度区分":null,"座標系":"任意座標系"}},{"type":"Polygon","arcs":[[1770,-1733,-1763]],"properties":{"市区町村名":"釧路市","大字名":"音別町","丁目名":null,"小字名":"直別原野東三線","地番":"8-3","精度区分":null,"座標系":"任意座標系"}},{"type":"Polygon","arcs":[[-1734,-1771,-1767,1771]],"properties":{"市区町村名":"釧路市","大字名":"音別町","丁目名":null,"小字名":"直別原野東三線","地番":"8-4","精度区分":null,"座標系":"任意座標系"}},{"type":"Polygon","arcs":[[-1751,-1735,-1772,-1769,-1740]],"properties":{"市区町村名":"釧路市","大字名":"音別町","丁目名":null,"小字名":"直別原野東三線","地番":"8-2","精度区分":null,"座標系":"任意座標系"}},{"type":"Polygon","arcs":[[1772,-1754]],"properties":{"市区町村名":"釧路市","大字名":"音別町","丁目名":null,"小字名":"直別原野東二線","地番":"7-4","精度区分":null,"座標系":"任意座標系"}},{"type":"Polygon","arcs":[[-1738,-1749,1773,-1757,-1773,-1761]],"properties":{"市区町村名":"釧路市","大字名":"音別町","丁目名":null,"小字名":"直別原野東二線","地番":"7-1","精度区分":null,"座標系":"任意座標系"}},{"type":"Polygon","arcs":[[-1774,-1748,1774,-1758]],"properties":{"市区町村名":"釧路市","大字名":"音別町","丁目名":null,"小字名":"直別原野東二線","地番":"7-3","精度区分":null,"座標系":"任意座標系"}},{"type":"Polygon","arcs":[[-1775,-1747,-1745,1775,-1759]],"properties":{"市区町村名":"釧路市","大字名":"音別町","丁目名":null,"小字名":"直別原野東二線","地番":"7-2","精度区分":null,"座標系":"任意座標系"}},{"type":"Polygon","arcs":[[1776,1777,1778]],"properties":{"市区町村名":"釧路市","大字名":"音別町","丁目名":null,"小字名":"尺別原野東二線","地番":"4-1","精度区分":null,"座標系":"任意座標系"}},{"type":"Polygon","arcs":[[1779,1780,1781,-946,-944]],"properties":{"市区町村名":"釧路市","大字名":"音別町","丁目名":null,"小字名":"尺別原野東二線","地番":"4-4","精度区分":null,"座標系":"任意座標系"}},{"type":"Polygon","arcs":[[1782,1783,-1777,1784,-1781,1785]],"properties":{"市区町村名":"釧路市","大字名":"音別町","丁目名":null,"小字名":"尺別原野東二線","地番":"4-5","精度区分":null,"座標系":"任意座標系"}},{"type":"Polygon","arcs":[[-1780,-943,-955,-959,-1372,1786,-1786]],"properties":{"市区町村名":"釧路市","大字名":"音別町","丁目名":null,"小字名":"尺別原野東二線","地番":"筆界未定地-1","精度区分":null,"座標系":"任意座標系"}},{"type":"Polygon","arcs":[[-1783,-1787,-1371,-962,-965,-788,1787]],"properties":{"市区町村名":"釧路市","大字名":"音別町","丁目名":null,"小字名":"尺別原野東二線","地番":"道-17","精度区分":null,"座標系":"任意座標系"}},{"type":"Polygon","arcs":[[-1784,-1788,-787,1788,1789,-1778]],"properties":{"市区町村名":"釧路市","大字名":"音別町","丁目名":null,"小字名":"尺別原野東二線","地番":"2","精度区分":null,"座標系":"任意座標系"}},{"type":"Polygon","arcs":[[1790,-714,-743,-712,-636,1791,-726,-746,-748,-750,1792,-1678,-1676]],"properties":{"市区町村名":"釧路市","大字名":"音別町","丁目名":null,"小字名":"尺別","地番":"無地番-121","精度区分":null,"座標系":"任意座標系"}},{"type":"Polygon","arcs":[[-786,-1792,-782,1793]],"properties":{"市区町村名":"釧路市","大字名":"音別町","丁目名":null,"小字名":"尺別","地番":"49","精度区分":null,"座標系":"任意座標系"}},{"type":"Polygon","arcs":[[-1794,-722,1794,-1789]],"properties":{"市区町村名":"釧路市","大字名":"音別町","丁目名":null,"小字名":"尺別","地番":"37","精度区分":null,"座標系":"任意座標系"}},{"type":"Polygon","arcs":[[-814,-1683,-1692,-595,-1693,-1360,-1689,-1691,1795,-1529,-730,-592,1796,1797,1798,-591,-742,-1375,-752,-1374,1799,-1686,1800]],"properties":{"市区町村名":"釧路市","大字名":"音別町","丁目名":null,"小字名":"尺別","地番":"筆界未定地-17","精度区分":null,"座標系":"任意座標系"}},{"type":"Polygon","arcs":[[-1679,-1793,-749,-1530,-1796,-1690]],"properties":{"市区町村名":"釧路市","大字名":"音別町","丁目名":null,"小字名":"尺別","地番":"無地番-132","精度区分":null,"座標系":"任意座標系"}},{"type":"Polygon","arcs":[[-738,-1797,-734,-1380]],"properties":{"市区町村名":"釧路市","大字名":"音別町","丁目名":null,"小字名":"尺別","地番":"無地番-134","精度区分":null,"座標系":"任意座標系"}},{"type":"Polygon","arcs":[[-1381,-740,-1799,-736]],"properties":{"市区町村名":"釧路市","大字名":"音別町","丁目名":null,"小字名":"尺別","地番":"無地番-136","精度区分":null,"座標系":"任意座標系"}},{"type":"Polygon","arcs":[[-1798,-737]],"properties":{"市区町村名":"釧路市","大字名":"音別町","丁目名":null,"小字名":"尺別","地番":"7-3","精度区分":null,"座標系":"任意座標系"}},{"type":"Polygon","arcs":[[1801,-1497,1802,1803]],"properties":{"市区町村名":"釧路市","大字名":"音別町","丁目名":null,"小字名":"尺別原野基線","地番":"75-5","精度区分":null,"座標系":"任意座標系"}},{"type":"Polygon","arcs":[[1804,-1495,1805,1806]],"properties":{"市区町村名":"釧路市","大字名":"音別町","丁目名":null,"小字名":"尺別原野基線","地番":"75-4","精度区分":null,"座標系":"任意座標系"}},{"type":"Polygon","arcs":[[1807,-1803,-1496,-1805]],"properties":{"市区町村名":"釧路市","大字名":"音別町","丁目名":null,"小字名":"尺別原野基線","地番":"75-6","精度区分":null,"座標系":"任意座標系"}},{"type":"Polygon","arcs":[[1808,-832,1809,-1804,1810,-1807,1811,-1474]],"properties":{"市区町村名":"釧路市","大字名":"音別町","丁目名":null,"小字名":"尺別原野基線","地番":"75-1","精度区分":null,"座標系":"任意座標系"}},{"type":"Polygon","arcs":[[-1808,-1811]],"properties":{"市区町村名":"釧路市","大字名":"音別町","丁目名":null,"小字名":"尺別原野基線","地番":"75-2","精度区分":null,"座標系":"任意座標系"}},{"type":"Polygon","arcs":[[-1812,1812,1813,-1492,1814,-1478,-1473,-1475]],"properties":{"市区町村名":"釧路市","大字名":"音別町","丁目名":null,"小字名":"尺別原野基線","地番":"77-1","精度区分":null,"座標系":"任意座標系"}},{"type":"Polygon","arcs":[[-1813,-1806,-1494,1815]],"properties":{"市区町村名":"釧路市","大字名":"音別町","丁目名":null,"小字名":"尺別原野基線","地番":"77-6","精度区分":null,"座標系":"任意座標系"}},{"type":"Polygon","arcs":[[-1814,-1816,-1493]],"properties":{"市区町村名":"釧路市","大字名":"音別町","丁目名":null,"小字名":"尺別原野基線","地番":"水-9","精度区分":null,"座標系":"任意座標系"}},{"type":"Polygon","arcs":[[1816,-1503,-1528,-1525,-1522,-1482,-1802,-1810,-831,-835,1817]],"properties":{"市区町村名":"釧路市","大字名":"音別町","丁目名":null,"小字名":"尺別","地番":"水-20-1","精度区分":null,"座標系":"任意座標系"}},{"type":"Polygon","arcs":[[1818,1819,-587,1820]],"properties":{"市区町村名":"釧路市","大字名":"音別町","丁目名":null,"小字名":"尺別原野基線","地番":"73-2","精度区分":null,"座標系":"任意座標系"}},{"type":"Polygon","arcs":[[-833,-1809,-1481,1821,1822]],"properties":{"市区町村名":"釧路市","大字名":"音別町","丁目名":null,"小字名":"尺別原野基線","地番":"75-3","精度区分":null,"座標系":"任意座標系"}},{"type":"Polygon","arcs":[[1823,1824,-836,-827,-1823,1825,-1819]],"properties":{"市区町村名":"釧路市","大字名":"音別町","丁目名":null,"小字名":"尺別原野基線","地番":"73-1","精度区分":null,"座標系":"任意座標系"}},{"type":"Polygon","arcs":[[-1825,1826,1827,-1818,-834]],"properties":{"市区町村名":"釧路市","大字名":"音別町","丁目名":null,"小字名":"尺別原野基線","地番":"73-6","精度区分":null,"座標系":"任意座標系"}},{"type":"Polygon","arcs":[[-1827,-1824,-1821,-586,-630,1828,-628,-1331,1829]],"properties":{"市区町村名":"釧路市","大字名":"音別町","丁目名":null,"小字名":"尺別","地番":"水-20","精度区分":null,"座標系":"任意座標系"}},{"type":"Polygon","arcs":[[1830,-816,1831,-755,1832,1833,-1833,-754,-1832,-815,-1801,-1685]],"properties":{"市区町村名":"釧路市","大字名":"音別町","丁目名":null,"小字名":"音別","地番":"筆界未定地-13","精度区分":null,"座標系":"任意座標系"}},{"type":"Polygon","arcs":[[-143,-1443,1834,-328,-1534,-1309,-281]],"properties":{"市区町村名":"釧路市","大字名":"音別町","丁目名":null,"小字名":"音別","地番":"16-2","精度区分":null,"座標系":"任意座標系"}},{"type":"Polygon","arcs":[[-1446,-1448,-1450,-1452,-1454,-1456,-1457,-1434,-1290,-330,-18,-329,-1835,-1442]],"properties":{"市区町村名":"釧路市","大字名":"音別町","丁目名":null,"小字名":"音別","地番":"16-1","精度区分":null,"座標系":"任意座標系"}},{"type":"Polygon","arcs":[[-1826,-1822,-1480,-1479,-1815,-1491,-846,-883,-880,-864,-1490,1835,-588,-1820]],"properties":{"市区町村名":"釧路市","大字名":"音別町","丁目名":null,"小字名":"尺別","地番":"筆界未定地-11","精度区分":null,"座標系":"任意座標系"}},{"type":"Polygon","arcs":[[-631,-1836,-1489,-879,-599,-656,-603,1836,-605,-607,1837,1838,1839]],"properties":{"市区町村名":"釧路市","大字名":"音別町","丁目名":null,"小字名":"尺別","地番":"16-1","精度区分":null,"座標系":"任意座標系"}},{"type":"Polygon","arcs":[[1840,-1839]],"properties":{"市区町村名":"釧路市","大字名":"音別町","丁目名":null,"小字名":"尺別","地番":"16-10","精度区分":null,"座標系":"任意座標系"}},{"type":"Polygon","arcs":[[-652,-1837]],"properties":{"市区町村名":"釧路市","大字名":"音別町","丁目名":null,"小字名":"尺別","地番":"無地番-10","精度区分":null,"座標系":"任意座標系"}}]}},"arcs":[[[990448,161330],[-8842,-3388],[-619,680],[9600,3584],[7484,2824],[1928,0],[-9551,-3700]],[[649517,294702],[6086,-6970],[13281,-15124]],[[668884,272608],[-1139,-7509],[480,-1832],[-7069,-7803],[-1182,-7022],[451,-3854],[215,-1997],[1806,-5841],[1908,-1956],[2759,-4942],[-994,-2179]],[[666119,227673],[-8543,4415],[-4728,2428],[-11091,10824],[-5520,3210],[-5250,3094],[-22592,282],[-6617,3898],[1228,966],[-8675,7415],[-3715,107],[-10282,-1408],[-507,-251],[-5062,123],[-6612,4305],[-85,3426]],[[568068,270507],[81449,24195]],[[827447,326805],[-4080,-1219],[-4083,-343],[-3577,1304],[-4948,-2597],[-2683,-1391],[-8623,-1263],[-4333,731],[-2717,844],[-4034,1229],[-655,1285],[-1623,311]],[[786091,325696],[6153,105],[168,56],[2328,12],[10075,351],[987,-198],[273,167],[2035,99],[1450,154],[4567,94],[4938,204],[1548,-130],[238,152],[6366,264],[230,-221]],[[840153,324304],[-790,-24],[-1140,544]],[[838223,324824],[1930,-520]],[[853812,321258],[-8381,2459]],[[845431,323717],[1171,34],[1513,-511],[5697,-1982]],[[858365,320235],[-97,-202]],[[858268,320033],[-4456,1225]],[[853812,321258],[4553,-1023]],[[842851,324385],[-2698,-81]],[[838223,324824],[-4691,2237],[-5325,-29],[-760,-227]],[[786091,325696],[-1514,291]],[[784577,325987],[17,602],[6658,90],[9140,150],[4457,157],[5,151],[736,20],[302,-155],[3768,196],[1414,-17],[8327,354],[34,257],[934,13],[236,-174],[921,28],[7395,264],[2471,-156],[3570,-1055],[1136,-195],[3029,-1088],[1034,-225],[2690,-819]],[[858268,320033],[-82,-172]],[[858186,319861],[-206,-432]],[[857980,319429],[-13033,3421],[-1229,238],[-456,344],[-708,202]],[[842554,323634],[2877,83]],[[661501,398627],[15527,-14965],[11413,-11077],[3518,-3405]],[[691959,369180],[-574,-405],[-4061,-1880],[-1779,-726],[-3516,-802],[-1728,-1769],[-1706,-618],[-1758,0],[-843,301],[-536,761],[-1816,1900],[-1277,489],[-2615,730],[-1411,595],[-7526,3],[-1240,-1071],[-1077,-784],[-2072,-749],[-5683,-284],[-2394,-695],[-1338,-1024],[-3343,-2020]],[[643666,361132],[-2443,306],[-3626,1817],[-2854,2038],[1238,1569],[-3526,2376],[-5114,-503],[1109,-2172],[2435,-1356],[2895,-4],[3140,-2389],[-4080,-753],[-1628,-1882],[3843,-3634],[820,429]],[[635875,356974],[2261,-898],[2466,392],[804,-127],[2169,300],[963,673],[658,789],[335,85]],[[645531,358188],[-732,-953],[4192,-529]],[[648991,356706],[-1372,-1568],[-3337,-2797],[-3882,-2048],[-1967,-762],[-2030,-258],[-3802,-801],[-1094,-2961],[-1294,-629],[-1117,278],[-1759,746],[-1455,249],[-2242,-411],[-1092,39],[-1726,733],[-3175,46],[-3186,-2007],[-507,-960],[605,-1681],[-220,-2620],[-1196,-819],[-103,-41],[-1862,-623],[-920,-736]],[[610258,337075],[-10795,11069],[-23596,23839]],[[575867,371983],[85634,26644]],[[642710,360719],[-1847,-1067],[-946,-295],[-67,-7]],[[639850,359350],[1288,1562],[1572,-193]],[[692550,368607],[9597,-9288],[-8952,-2606]],[[693195,356713],[-10372,1334],[-14974,48],[15113,-412],[9177,-1277]],[[692139,356406],[-26030,-7577]],[[666109,348829],[-7596,7991],[4450,2415],[2771,3803],[-10565,-12],[-8057,-2326],[-2581,324]],[[644531,361024],[487,236],[1750,1304],[1045,637],[368,34],[856,466],[197,374],[1767,403],[5562,299],[3468,1135],[1367,1250],[1114,189],[4375,30],[3465,-1123],[1043,-571],[795,-484],[1998,-1437],[1014,-1221],[2479,-181],[1070,-220],[2203,281],[1547,1910],[6334,2179],[3715,2093]],[[637921,358043],[1085,77],[1574,366],[1643,582],[1263,1554]],[[643486,360622],[3574,-442],[-818,-1066]],[[646242,359114],[-2211,-1103],[-1806,-382],[-1116,-346],[-2206,66],[-1828,-183],[-129,367]],[[636946,357533],[975,510]],[[649723,356614],[1376,-169],[6468,140],[7611,-8040]],[[665178,348545],[-15510,-4712],[-8354,-2550],[-12851,-3888],[-4424,-1360],[-9870,-2971],[-3366,3452]],[[610803,336516],[137,229],[665,684],[2093,782],[1404,819],[390,1148],[-144,1043],[-419,1802],[112,1163],[1653,1136],[1428,846],[1657,-186],[3232,-735],[2461,390],[1073,-62],[2388,-967],[2050,-73],[1187,511],[611,2642],[868,537],[6020,1107],[1477,589],[3970,2362],[3148,2662],[1459,1669]],[[691959,369180],[591,-573]],[[644531,361024],[-865,108]],[[642710,360719],[776,-97]],[[637921,358043],[1497,782],[432,525]],[[646242,359114],[-711,-926]],[[635875,356974],[1071,559]],[[648991,356706],[732,-92]],[[610803,336516],[-545,559]],[[783052,769933],[9858,55277]],[[792910,825210],[894,-470],[3785,2804],[6083,745],[12064,-1630],[13882,-6697],[5517,-1861],[1682,-1703],[3680,-816],[1735,1091],[3744,-1444],[5223,145],[2537,-3535],[3380,-1320],[9780,2196],[18459,-846],[16821,7828],[3649,-10523],[-1528,-8355],[-8911,-4797],[-6870,4461],[-5471,-2347],[-7309,-3160],[-7750,-2127],[-24196,-6689],[1964,-24406],[-8794,-9243],[-2597,-4014],[-6951,-883],[-8964,-2789],[-13453,-4217],[-12093,-2303],[3664,-14726],[1029,-4054],[9437,-2675],[-2603,-4125],[-4029,-6465],[6848,-3634],[1962,-6004],[-5520,-2765],[-6921,-711],[-10387,-1088],[-10107,11879],[-2011,3773],[-4428,8436],[-9851,9447],[-13173,6324],[-17974,8393],[-4682,4092],[-11358,-3642]],[[712798,740760],[-4566,3212],[-358,2689],[1299,6252],[3205,1470],[6865,2932],[7165,-2404],[2082,-683],[10769,7997],[5057,618],[1599,2090],[6222,201],[1116,1060],[4351,-559],[3680,1068],[7984,-1700],[8849,1178],[6599,2920],[4579,94],[7360,2502],[1385,1314],[1384,278],[5757,1208],[5683,2749],[1426,1204],[4321,1617],[-4187,-809],[-1706,-1224],[-6195,-2723],[-169,-46],[-238,-86],[-1165,-166],[-5092,-972],[-1810,-1415],[-7850,-2700],[-5147,7]],[[783052,769933],[-5505,-2520],[-9344,-1060],[-3866,1342],[-4308,245],[-3963,-1021],[-2145,1028],[-2639,-1783],[-6086,263],[-3144,-2979],[-4065,-343],[-10704,-6956],[-8125,2970],[-7116,-3150],[-4916,-2263],[-1972,-7536],[822,-3161],[4206,-1422],[100,-797],[1136,-470]],[[711418,740320],[-4329,-1414],[-2212,897]],[[704877,739803],[-446,762],[-756,1055],[-290,385],[-427,462],[-619,605],[-911,862],[-1453,1478],[-346,361],[-302,286],[-638,547],[-259,195],[-560,396],[-943,612],[-610,333],[-1784,898],[-421,237],[-298,209],[-265,208],[-203,179],[-243,228],[-458,451],[-973,1015],[-356,336],[-568,452],[-309,220],[-336,222],[-1285,897],[-326,204],[-398,226],[-455,228],[-456,218],[-592,245],[-444,156],[-500,156],[-489,141],[-405,97],[-600,126],[-2288,418],[-955,200],[-802,188],[-743,182],[-500,101],[-604,98],[-637,98],[-570,72],[-658,71],[-809,89],[-914,118],[-899,108],[-593,55],[-353,20],[-387,9],[-393,-15],[-921,-71],[-1270,-135],[-1038,-130],[-1682,-226],[-760,-120],[-424,-82],[-838,-199]],[[665115,756340],[-939,424],[-21352,17243],[-8720,6917],[-14003,11241],[3736,2084],[7392,1100],[1464,-1475],[16205,-417],[7925,6702],[11667,4640],[12278,4036],[20670,2188],[7625,-2118],[8993,2899],[9507,7515],[13968,732],[20208,-578],[13621,8217],[14757,-1014],[2793,-1466]],[[634692,739232],[7465,-5896],[-18477,-10720],[2317,-1222],[-118922,-38216],[-12275,1654],[-8730,4981],[-880,3114],[-8415,6132],[1998,90],[3592,6211],[-536,6797],[-3163,2514],[-280,1212],[3294,3853],[7638,9158],[39,235],[-6943,7081],[-3490,3514],[-3809,10586],[-3037,10847]],[[472078,761157],[117437,-15845],[13950,-1653],[14562,-4833],[16665,406]],[[297604,575520],[37363,-37486],[1970,-3614],[33307,-33857]],[[370244,500563],[-712,-216],[-11530,-5760],[-2581,-768],[-6561,-638],[-3022,607],[-6172,5],[-13509,1949],[-11620,5174],[-9410,-2731],[-17165,-4947],[-566,-376]],[[287396,492862],[-603,-400]],[[286793,492462],[-7695,-5026],[-14050,-5131],[-5310,-1960]],[[259738,480345],[-10663,672],[-8025,-2302],[-13482,6884],[-13019,323],[-5067,2300],[-5080,2330],[-4123,14876],[-6462,8770],[-1774,4327],[-5193,12514],[-1955,4653],[-3450,400],[4343,3042],[-1300,1702],[-115,2799],[113231,31885]],[[343800,668767],[34274,-34266],[27746,-28179]],[[405820,606322],[-3245,-942]],[[402575,605380],[-615,-179]],[[401960,605201],[-59451,-17218],[-13879,-3834]],[[328630,584149],[-148,47],[780,2080],[-5783,5530],[-3361,-1072],[-3636,734],[-2311,-1562],[-1184,2210],[-4038,1844],[-4341,1941],[-9176,2114],[-4421,3400],[-10465,1629],[-10224,3361]],[[270322,606405],[-1089,359]],[[269233,606764],[-26264,27955],[-15325,16021]],[[227644,650740],[7306,-829],[7765,-170],[2518,2369],[15366,5340],[3441,1993],[2686,-751],[3787,1196],[5267,-1296],[1769,3113],[6544,-1341],[1872,1687],[1338,-2210],[6963,1644],[4725,793],[1830,21],[10519,-28],[1460,1991],[6488,-1270],[3692,1834],[4077,-85],[5328,2077],[5447,2154],[4423,-1841],[1545,1636]],[[270322,606405],[6768,-3314],[6815,-1923],[5746,-617],[4202,-3282],[7170,-1646],[11306,-5193],[1326,-2168],[3036,2182],[4243,-885],[4967,-1696],[985,-1686],[-1416,-1607],[693,-1103]],[[326163,583467],[-28016,-7836]],[[298147,575631],[-28914,31133]],[[662320,450804],[9460,-5945],[325,-1521]],[[672105,443338],[602,-2823],[6300,-10651],[8010,-5126],[4485,-8041],[6909,-2263],[4528,-3291]],[[702939,411143],[-17034,-5027]],[[685905,406116],[-2592,-765]],[[683313,405351],[-3007,-887]],[[680306,404464],[-1814,2945],[-15354,1624],[-1655,1310],[3093,1368],[7219,9900],[-8691,4850],[-5318,10370],[-11072,4807],[-7762,243]],[[638952,441881],[23368,8923]],[[635154,440839],[9735,-364],[3312,-1431],[7619,-3201],[5010,-10037],[7902,-4425],[-6503,-9121],[-4516,-1741],[978,-1314],[-13829,-2781],[-11347,5618],[-5683,2835],[-4368,1228],[-14879,4135],[-11815,6855]],[[596770,427095],[19093,6844],[9741,3467],[9550,3433]],[[594660,426337],[12044,-7328],[16724,-4676],[2819,-815],[17224,-8890],[16633,3309],[16292,-1909],[1333,-2372]],[[677729,403656],[-16228,-5029]],[[575867,371983],[-34681,34933]],[[541186,406916],[31898,11602],[21576,7819]],[[544353,656979],[894,-3864],[6049,-2351]],[[551296,650764],[-7777,-2207],[-13260,-3821],[-33396,-9627],[-16566,-4961],[318,-354]],[[480615,629794],[1285,-1428],[-15543,-4642],[-59871,-17211]],[[406486,606513],[-27493,27987],[-34488,34531]],[[344505,669031],[5731,2147],[478,2068],[2003,-12],[897,1004],[3422,1717],[799,5365],[2240,579],[-1357,2051],[14,1274],[3286,776],[697,2215],[872,164],[1019,2486],[1737,403],[1161,1854],[-1212,1537],[770,968],[1931,1089],[-634,946],[358,1242],[23497,-47],[6166,341],[14057,-9965],[13397,-2355],[2113,-4088],[4575,-3649],[8685,-1191],[11107,2393],[46,-6537],[3899,-3464],[1506,-1374],[20597,3227],[7417,828],[6987,-2123],[13813,-4260],[2594,-49],[9200,-231],[8077,-2791],[12985,-4523],[4918,-2067]],[[723314,502699],[998,-61]],[[724312,502638],[-39542,-44929],[-12665,-14371]],[[662320,450804],[-2501,3279],[-4021,706],[-1653,1673],[-4935,2138],[-434,1637]],[[648776,460237],[7178,3127],[7716,4407],[8878,2981],[13117,6059],[7462,6015],[3052,1467],[5510,2622],[1087,744],[6363,4487],[4884,2059],[3876,1785],[5415,6709]],[[817844,445517],[-83,-46],[-2764,-1143],[-3362,-543]],[[811635,443785],[-958,540]],[[810677,444325],[2095,362],[-473,725],[5052,929],[493,-824]],[[750868,418386],[1047,-1152],[3539,-1365],[-4633,-1116],[-3897,-58]],[[746924,414695],[1328,1643],[1467,1540],[1149,508]],[[798866,440713],[-1570,-3198]],[[797296,437515],[-22801,-6956],[-102,-14]],[[774393,430545],[4460,1817],[6772,2972],[1735,735],[9127,3816],[2379,828]],[[831763,451329],[-2809,-6153]],[[828954,445176],[-9168,-1593],[-748,-131]],[[819038,443452],[-945,1635]],[[818093,445087],[1803,771],[560,418],[5616,2408],[5567,2623],[124,22]],[[774393,430545],[-7565,-11954]],[[766828,418591],[-9930,-2362],[-3779,1524],[-1158,1174]],[[751961,418927],[3134,1107],[1424,370],[1009,483],[5720,1947],[2632,1174],[5361,4186],[690,353],[829,688],[153,326],[1480,984]],[[832133,452107],[-370,-778]],[[818093,445087],[-249,430]],[[817844,445517],[368,280],[965,468],[794,230],[6667,2983],[5495,2629]],[[750575,418708],[293,-322]],[[746924,414695],[-203,-3],[-2544,-3505],[-779,-871]],[[743398,410316],[-779,371]],[[742619,410687],[642,784],[275,184],[2476,2943],[2003,2331],[1192,1204],[1368,575]],[[799182,441357],[-316,-644]],[[751961,418927],[-253,257]],[[751708,419184],[3075,1219],[632,352],[1062,347],[873,155],[5332,2048],[2649,915],[2652,1941],[3280,2796],[2571,2059],[4548,1841],[5720,2502],[5349,2063],[4409,1871],[1642,860],[3680,1204]],[[819038,443452],[-5196,-911]],[[813842,442541],[-1510,851]],[[812332,443392],[2953,651],[1182,448],[1515,548],[111,48]],[[812332,443392],[-697,393]],[[773189,427560],[4267,-4714],[-8337,-1658]],[[769119,421188],[4070,6372]],[[797067,437048],[-1443,-2916],[-6972,-1902],[-6412,308]],[[782240,432538],[14827,4510]],[[828889,444834],[-2274,-3771],[-9483,-1958],[-2961,3171]],[[814171,442276],[7945,1392],[6773,1166]],[[702922,359180],[29354,8894],[10114,3068],[22566,6773],[13989,4220],[3193,7488],[-3322,-1257],[-6502,405],[-3444,-659],[-3412,2624],[-607,3197],[-1755,996],[-2251,2858],[-4529,2925],[-2412,2413]],[[753904,403125],[1455,156],[10401,1052],[-1735,5684],[8647,3302],[3953,319],[7250,612],[11715,4972],[3290,1366],[3651,4163],[-251,3136],[5540,2369],[1118,466],[3159,-1444],[6334,68],[3090,2289],[2896,2106],[7747,3620],[3607,4174],[4996,5946]],[[840767,447481],[14373,-10830],[24578,522],[6008,-6207],[-1682,-1150],[10719,-10119],[2615,-2497],[-7931,-9282],[7636,-16826],[13226,-8662]],[[910309,382430],[-9449,-5646],[-6244,-3687],[-8440,-5020]],[[886176,368077],[-5468,3564],[-4889,5572],[-9230,-1132],[-10999,1740]],[[855590,377821],[-17571,1257]],[[838019,379078],[-3605,3264],[-28271,4652],[-10628,297],[-9222,-1810]],[[786293,385481],[-4991,-10638],[-12483,-4712],[-8545,-3244],[-3224,-1195],[-9444,-3566],[-4029,-1531],[-18517,-6988]],[[725060,353607],[-22594,5441]],[[702466,359048],[456,132]],[[910309,382430],[3683,-2412],[24105,-576],[-131,-9034],[85,-383],[-1898,-563]],[[936153,369462],[-1849,1945],[-5891,-1695],[1850,-1998],[5890,1748]],[[936153,369462],[1898,563],[2125,-7826],[2964,-2122]],[[943140,360077],[-3781,-926],[382,-383]],[[939741,358768],[674,-676]],[[940415,358092],[2931,-2941],[4858,1319]],[[948204,356470],[1651,-3674],[750,-2227],[-2679,-21]],[[947926,350548],[-8357,2269],[-25559,5621],[-10875,2299],[-12762,4605]],[[890373,365342],[-4197,2735]],[[890373,365342],[-10840,3882],[-19373,6976],[-4570,1621]],[[838019,379078],[-12425,887],[-11101,810],[-16417,2750],[-11783,1956]],[[944123,359371],[4081,-2901]],[[940415,358092],[1468,367],[-263,311],[2503,601]],[[943981,359473],[142,-102]],[[939741,358768],[1555,375],[229,-266],[2456,596]],[[915526,293992],[6745,-6742],[-14463,-6758]],[[907808,280492],[7718,13500]],[[930541,253589],[1502,-920]],[[932043,252669],[-1418,-8202],[2432,-372],[1950,-2191],[-3252,-3284],[-1801,-224],[-1659,-1854],[504,-758],[-1026,-1684],[-5352,-2533]],[[922421,231567],[1906,3686],[-4054,3988]],[[920273,239241],[698,-128],[-383,1401],[212,1371],[27,1834],[-1070,1085],[332,2353],[-144,1774],[1935,698],[936,1682],[1920,339],[1465,1093],[3602,745],[738,101]],[[929526,254210],[1015,-621]],[[920273,239241],[-594,109]],[[919679,239350],[-553,1126],[-258,1353],[-719,2504],[102,302],[-580,1366],[-307,1225],[3,553],[1367,917],[-480,566],[1867,2400],[1189,239],[2223,1755],[341,256],[502,338],[1019,-407],[1569,610],[2264,-307],[298,64]],[[780726,267161],[1511,-2172],[-36,-3096],[-3649,427],[-7815,-3772],[-6062,4093]],[[764675,262641],[16051,4520]],[[702939,411143],[15955,4668],[2223,-2537],[3290,-740],[5778,266],[4355,-1053],[4468,661],[3611,-1721]],[[742619,410687],[-124,-459],[-3246,-2924],[-1499,-455],[346,-691],[-1825,-1259],[-897,-713]],[[735374,404186],[-10463,-2016],[-7131,-2745],[178,-2304]],[[717958,397121],[-12582,-4640]],[[705376,392481],[-3414,1670],[-4679,650],[-5116,2930],[-6262,8385]],[[743398,410316],[92,-43],[-4833,-5454],[-1375,-263]],[[737282,404556],[320,274],[5796,5486]],[[737282,404556],[-1908,-370]],[[710667,385822],[-4601,-4959],[-6951,-3444],[-1896,-3766],[3466,3549],[6955,3507],[5443,5679],[-228,1562]],[[712855,387950],[1933,2305]],[[714788,390255],[7947,4152],[-178,1424]],[[722557,395831],[3600,1760],[2871,1881],[1033,24],[183,877],[604,505]],[[730848,400878],[10078,1616],[4855,5293]],[[745781,407787],[5373,-1219],[2343,-3041],[407,-402]],[[702922,359180],[-10043,9710]],[[692879,368890],[633,415],[529,2583],[436,3428],[1297,2989],[524,685],[2786,1342],[2805,1702],[1379,1373],[1935,752],[283,299],[3195,758],[1986,606]],[[702384,391048],[5912,-1192],[2252,698],[535,-3745]],[[711083,386809],[-803,-675],[-6573,-1855],[-5398,-3723],[-2247,-714],[-1080,-1292],[-1445,-3164],[-276,-2770],[-982,-2149],[212,-867],[-202,-139]],[[692289,369461],[-5079,4910],[-9100,8834],[-15908,15369],[13819,4228],[7024,2131],[5910,-9372],[13336,-4495],[93,-18]],[[716444,393066],[-3710,-4293]],[[712734,388773],[-312,2140],[4022,2153]],[[730117,400752],[-2279,-1506],[-2417,-1524],[-2930,-1406]],[[722491,396316],[-268,2002]],[[722223,398318],[2381,887],[2956,1135],[2557,412]],[[730117,400752],[731,126]],[[722557,395831],[-2917,-1089],[-132,-32]],[[719508,394710],[2983,1606]],[[719508,394710],[-534,-989],[-1301,2]],[[717673,393723],[1835,987]],[[716444,393066],[1229,657]],[[717673,393723],[-10,-42],[-2875,-3426]],[[712855,387950],[-121,823]],[[711083,386809],[67,-467],[-483,-520]],[[692879,368890],[-590,571]],[[647816,677915],[4171,623]],[[651987,678538],[73,7],[5874,-121],[5637,393],[7035,-3167],[8657,769],[6475,-2157],[1026,-1404],[2398,-1089],[5642,-3120],[5426,-3899],[5973,-665],[4275,-3912],[3603,-1775],[-19043,-16028]],[[695038,642370],[-270,97],[-336,109],[-298,71],[-570,83],[-695,177],[-394,115],[-351,156],[-481,210],[-1235,360],[-590,163],[-541,135],[-639,133],[-853,124],[-202,42],[-190,58],[-190,78],[-297,151],[-407,242],[-439,288],[-358,268],[-242,147],[-294,137],[-566,216],[-487,164],[-461,134],[-195,32],[-175,12],[-144,0],[-463,-28],[-376,4],[-765,-44],[-175,-19],[-210,-14],[-575,-60],[-195,-6],[-249,-19],[-811,-93],[-220,-17],[-294,-13],[-385,-56],[-541,-34],[-230,-35],[-221,-54],[-593,-139],[-268,-54],[-314,-45],[-290,-25],[-463,-27],[-434,-2],[-558,45],[-731,-6],[-402,37],[-134,13]],[[673241,645581],[-104,151]],[[673137,645732],[7057,817],[-3183,744],[-3000,2605],[-1314,2930],[-2174,1319],[-2410,32],[-1234,599]],[[666879,654778],[-2965,1438],[-3044,413],[-4888,-811],[-3948,-70],[48,-1221]],[[652082,654527],[-3078,3205],[-8012,2188]],[[640992,659920],[-22,546]],[[640970,660466],[207,202],[102,160],[112,212],[132,201],[158,192],[154,144],[217,173],[168,112],[258,162],[171,139],[95,136],[51,146],[51,514],[59,374],[107,427],[95,213],[66,104],[168,203],[114,175],[91,177],[175,459],[78,160],[161,270],[222,310],[351,430],[119,184],[266,479],[63,169],[32,146],[24,233],[-2,195],[-61,457],[-3,315],[25,168],[51,125],[63,95],[-34,125],[-2,90],[27,139],[63,149],[439,604],[148,273],[127,257],[88,140],[560,641],[212,195],[186,153],[502,373],[148,124],[134,153],[254,356],[136,208],[103,174],[260,326],[273,325],[95,151],[61,150],[47,215],[9,155],[-14,102],[-49,161],[-197,417],[-91,477],[-60,206],[-122,276],[-144,294],[-134,235],[-56,140],[-37,155],[0,252],[-36,318],[-49,217],[-141,362]],[[651766,654294],[-10502,-964]],[[641264,653330],[-259,6268]],[[641005,659598],[7603,-2053],[3158,-3251]],[[673137,645732],[-67,98]],[[673070,645830],[-6191,8948]],[[695038,642370],[-12286,-10543]],[[682752,631827],[-4157,6014]],[[678595,637841],[-5354,7740]],[[673070,645830],[-3975,13],[-1431,-364],[-7719,863]],[[659945,646342],[-7863,8185]],[[682303,632022],[94,-28],[183,-76],[172,-91]],[[682752,631827],[-11516,-9805],[11053,-4114]],[[682289,617908],[-2927,-5437],[-522,-619],[-212,-1121]],[[678628,610731],[-76,-148]],[[678552,610583],[-435,175],[-848,279],[-1372,540],[-1021,321],[-241,90],[-641,280],[-978,458],[-273,123],[-170,70],[-195,63],[-180,41],[-290,40],[-327,26],[-848,23],[-227,20],[-219,34],[-334,63],[-263,34],[-439,43],[-441,40],[-290,37],[-258,53],[-356,101],[-256,95],[-149,71],[-163,92],[-127,93],[-448,377],[-454,410],[-163,112],[-173,99],[-258,106],[-224,77],[-295,87],[-256,67],[-412,91],[-875,179],[-361,96],[-302,104],[-444,167],[-955,380],[-548,193],[-175,57],[-1086,350],[-325,117],[-234,102],[-1101,614],[-424,208],[-266,108],[-1377,422],[-348,91],[-1199,248],[-256,45],[-1438,183],[-307,46],[-254,62],[-329,104],[-729,254],[-387,125],[-227,65],[-175,43],[-878,177],[-287,64],[-1197,305],[-302,67],[-1265,224],[-1299,264],[-275,66],[-234,75],[-885,368],[-319,144],[-559,300]],[[642906,621731],[-450,6568]],[[642456,628299],[463,-2],[431,13],[1121,57],[832,72],[621,72],[336,54],[332,58],[2198,285],[899,145],[615,120],[748,125],[558,111],[358,97],[195,66],[183,86],[346,174],[163,64],[244,72],[234,51],[200,30],[256,22],[241,0],[534,-54],[248,-7],[124,7],[154,24],[185,47],[305,99],[217,60],[219,52],[237,50],[2403,449],[243,57],[566,154],[633,158],[368,67],[393,76],[537,37],[375,15],[461,0],[258,-12],[288,-42],[1262,-296],[317,-52],[690,-98],[200,-36],[236,-55],[224,-83],[200,-106],[332,-222],[280,-205],[154,-82],[224,-75],[224,-55],[400,-38],[1116,26],[178,-8],[231,-25],[329,-40],[346,-18],[1000,-78],[348,-5],[1536,75],[192,2],[329,-22],[171,-32],[485,-120],[217,-40],[309,-31],[346,-1],[368,16],[305,23],[268,41],[222,50],[170,54],[303,124],[185,74],[153,41],[210,40],[317,41],[282,47],[208,46],[199,59],[227,85],[241,105],[161,98],[183,141],[178,168],[273,228],[153,105],[1360,718],[147,65],[143,46],[198,45],[251,29],[241,14],[290,1],[178,-15],[141,-27],[94,-28]],[[682289,617908],[29,-11],[-3690,-7166]],[[678552,610583],[-3504,-6829],[-19375,3015],[-3793,-7125],[-2749,-6184]],[[649131,593460],[-143,17],[-132,28],[-136,49],[-215,103],[-568,310],[-253,109],[-207,65],[-222,51],[-163,29],[-848,90],[-222,48],[-502,176],[-198,67],[-414,102],[-219,62]],[[644689,594766],[-583,9143],[-190,3171]],[[643916,607080],[-3,167]],[[643913,607247],[-1007,14484]],[[649131,593460],[-314,-730]],[[648817,592730],[-3546,-7087]],[[645271,585643],[-582,9123]],[[611439,672675],[-215,-263],[-34,-79],[-14,-282],[-27,-124],[-83,-151],[-163,-211],[-151,-162],[-74,-117],[-39,-108],[-4,-118],[65,-335],[3,-152],[31,-177],[64,-130],[70,-99]],[[610868,670167],[-10842,-1046]],[[600026,669121],[83,157],[99,133],[276,282],[209,147],[288,161],[556,286],[524,317],[153,81],[229,103],[778,298],[204,63],[651,166],[120,37],[134,54],[923,89],[390,57],[1475,260],[285,65],[448,120],[785,234],[717,191],[918,146],[576,64],[592,43]],[[567026,632562],[727,-438],[973,-443],[463,-3383],[1299,-2960],[-473,-1077],[-2152,-2113],[312,-861],[88,-2326],[-1826,-1622],[-1050,-1448]],[[565387,615891],[-4767,-256]],[[560620,615635],[6406,16927]],[[565387,615891],[-724,-952],[-285,-653],[-153,-556],[-22,-1036]],[[564203,612694],[-4560,318]],[[559643,613012],[977,2623]],[[599248,612489],[41,-36],[71,-41],[146,-65],[553,-220],[571,-301],[273,-152],[200,-145],[243,-239],[200,-239],[198,-220],[314,-262],[368,-282],[117,-130]],[[602543,610157],[-3351,201]],[[599192,610358],[14,130],[3,257],[-159,567],[-24,266],[83,609],[54,175],[85,127]],[[643913,607247],[-32436,2303],[-7384,515],[-1550,92]],[[599248,612489],[-66,96],[-39,104],[-5,167],[32,313],[207,759],[149,316],[126,159],[137,119],[214,151],[276,178],[158,131],[631,621],[220,269],[187,292],[86,184],[56,168],[70,382],[261,393],[493,916],[316,516],[183,267],[129,152],[222,206],[229,163],[471,262],[377,235],[285,195],[515,315],[268,188],[348,277],[600,524],[83,59],[470,275],[232,154],[312,239],[238,165],[366,204],[231,116],[461,185],[305,102],[317,94],[1106,237],[346,62],[366,49],[377,31],[549,27],[975,30],[860,50],[305,5],[351,-8],[307,-18],[1118,-121],[390,0],[310,17],[236,33],[232,43],[702,173],[355,62],[368,47],[541,63],[1307,217],[346,47],[490,55],[1979,159],[823,77],[359,17],[999,2],[1808,70],[792,68],[412,44],[778,68],[789,46],[254,5],[326,0],[349,-15],[967,-64],[1095,-95],[1113,-43],[186,-22],[231,-40],[268,-73],[541,-159],[361,-89],[444,-88],[1221,-201],[248,-53],[1133,-294],[273,-77],[366,-123],[1216,-485],[575,-218],[259,-111],[209,-105],[587,-345],[609,-326]],[[298147,575631],[37227,-37358],[1999,-3481],[33519,-34049]],[[370892,500743],[-648,-180]],[[297604,575520],[-55230,59195],[-15352,15883],[622,142]],[[328630,584149],[6759,-2140],[1553,10],[2576,36],[5867,424],[6308,-1678],[11366,-881],[8728,-3520],[863,-5968],[4011,-8188],[10280,-5761],[2544,-8465],[18208,-8782],[4655,-3784],[6987,-4529],[8649,-4842]],[[427984,526081],[-2130,-5805],[-3889,-190]],[[421965,520086],[-951,529],[2306,3277],[1396,908],[-7925,4637],[-6639,5026],[-5306,4345],[-17812,8095],[-2520,8810],[-3454,1880],[-8055,4468],[-122,3073],[-2478,4854],[-1840,5990],[-7036,2638],[-8389,888],[-9283,1550],[-3881,-302],[-4840,-105],[-8720,2417],[-253,403]],[[406486,606513],[-666,-191]],[[343800,668767],[705,264]],[[472078,761157],[-1794,1777],[-66,3092],[-3317,6029],[-5576,-236],[-21349,1391],[-22478,6409],[-8276,2953],[-15905,5741],[1837,1882],[32427,4303],[38353,5117],[25916,3944],[5001,544],[23219,2475],[40230,4215],[28773,3035],[5735,493],[-2366,-9965],[-9145,-2946],[-17703,-5897],[5213,-4322],[18708,-15386],[25336,-20577],[-6285,-2112],[12229,-4781],[3719,-3592],[10178,-5511]],[[402575,605380],[63529,-64851],[-907,0]],[[465197,540529],[-63237,64672]],[[576859,657736],[-377,226],[-8435,-2402],[-9069,-2612],[-7682,-2184]],[[544353,656979],[2868,798],[12990,6863],[1253,-66],[5542,-343],[2661,6600],[13166,4645]],[[582833,675476],[-656,-3185],[-1874,-9501],[-329,-1815]],[[579974,660975],[-88,-412]],[[579886,660563],[-4,-19]],[[579882,660544],[-627,-2939],[-1369,-3422],[-4192,-7636],[-2467,-2217]],[[571227,644330],[-770,-53]],[[570457,644277],[-7906,-2571],[-4121,-597],[-9737,-4000],[-6578,-4552],[-8238,-2595],[-7294,-2320],[-22249,-2772],[-26279,-11272],[-6525,-273],[-17257,-10964],[-14121,-3009],[-10294,-857],[-8187,1086],[8737,-602],[9152,1109],[13811,2878],[16463,10956],[7241,280],[3115,1329],[7686,3329],[7141,3046],[9790,4216],[21271,2528],[10071,3114],[4910,1499],[6630,4938],[9985,3991],[3873,580],[4231,1395],[5449,1827],[2021,3424],[236,4043],[3375,4275]],[[442120,503065],[30528,-27001],[10109,-10320],[9846,-9962],[2803,-2866]],[[495406,452916],[45780,-46000]],[[665178,348545],[931,284]],[[692139,356406],[1056,307]],[[677729,403656],[2577,808]],[[683313,405351],[6078,-9604],[12966,-4379],[3019,1113]],[[717958,397121],[4679,1725],[1163,401],[3860,1374],[3013,490],[-556,-359]],[[722223,398318],[-19839,-7270]],[[702466,359048],[-38742,-11328],[-14709,-4462],[-20467,-6233],[-6346,-1947],[-7729,-2332],[4329,-4567],[3007,-3139],[4680,-4931],[23941,-25135]],[[650430,294974],[-913,-272]],[[568068,270507],[126,587]],[[568194,271094],[80950,24099],[-11644,12235],[-23972,25177],[-13429,13820],[-9674,10136]],[[590425,356561],[-44016,44369]],[[546409,400930],[-39655,39780],[-34949,35323],[-30719,27241],[1034,-209]],[[576859,657736],[-17900,-5144],[-15169,-4332],[-17607,-5093],[-21708,-6270],[-23860,-7103]],[[570519,475938],[-2318,-713]],[[568201,475225],[-6342,3724],[-6597,6114],[-13007,8290],[-3982,8299],[1815,-2356],[4007,-5330],[12003,-7746],[2781,-2473],[5101,-4602],[4533,-2245],[2006,-962]],[[571227,644330],[-4201,-11768]],[[559643,613012],[-76,-201]],[[559567,612811],[-7397,-19522],[-1686,-4349]],[[550484,588940],[-505,180]],[[549979,589120],[5045,13305],[6671,17821],[3385,8946],[5377,15085]],[[579886,660563],[15894,7909],[21571,2098],[1269,488]],[[618620,671058],[-4432,-3599],[-17333,-2075],[-14146,-7012],[-2827,2172]],[[635154,440839],[3798,1042]],[[594660,426337],[2110,758]],[[659945,646342],[880,-919],[5633,-837],[12137,-6745]],[[682303,632022],[-3920,5558],[-12191,6589],[-5477,860],[-8949,9265]],[[641005,659598],[-13,322]],[[648817,592730],[15821,-2271],[-3677,-7338],[-15673,2272],[-17,250]],[[668884,272608],[1183,-1348]],[[670067,271260],[34,-3390],[458,-1613],[-1238,-4390],[-2959,-2677],[-897,-1379],[-2650,-3753],[-747,-8328],[1747,-7703],[3936,-5486],[1224,-2839],[-1319,-3495],[3059,-14053],[10380,-8786],[-427,-2244],[1599,-2030],[6804,-8499],[1789,-2545],[1584,-2211],[1811,-2665]],[[694255,183174],[-1518,-850],[-424,787],[-702,971],[-8091,11467],[-7287,6876],[2329,1028],[-3509,1432],[-6232,6184],[-2927,15720],[-2,385],[227,499]],[[704877,739803],[-4962,2011]],[[699915,741814],[-232,213],[-466,384],[-424,373],[-402,394],[-702,780],[-175,184],[-149,140],[-224,207],[-370,323],[-1736,1459],[-589,475],[-390,294],[-602,412],[-483,365],[-387,305],[-1175,943],[-956,714],[-555,393],[-731,473],[-332,202],[-258,146],[-351,177],[-290,123],[-317,125],[-638,222],[-1338,438],[-2589,928],[-251,83],[-341,96],[-261,61],[-358,57],[-499,46],[-378,20],[-649,3],[-404,-11],[-524,-45],[-641,-70],[-1587,-233],[-511,-87],[-1477,-336],[-278,-70],[-293,-88],[-381,-132]],[[674221,752300],[-9106,4040]],[[699915,741814],[-4285,1737],[-3824,2624],[-6088,4111],[-9412,1088],[-2085,926]],[[712798,740760],[-1380,-440]],[[730848,400878],[609,366],[9125,1515],[4599,5109],[600,-81]],[[780726,267161],[1351,384]],[[782077,267545],[1896,-2747],[-295,-3130],[5118,-1740],[8125,58],[7594,-4073],[2518,-3879],[9529,-2880],[315,-3135],[8013,-3344],[3222,-4058],[3163,-866],[6029,963]],[[837304,238714],[-297,-1006]],[[837007,237708],[-5661,-840],[-4577,1254],[-3146,4113],[-8406,3278],[-431,2939],[-9386,3021],[-2091,3646],[-6683,3468],[-7784,-59],[-6008,2404],[-3928,358],[-7804,-3902],[-1959,528],[-6145,4250]],[[762998,262166],[1677,475]],[[797296,437515],[15703,4787],[843,239]],[[828954,445176],[-65,-342]],[[814171,442276],[-17104,-5228]],[[782240,432538],[-7302,-2238],[-1749,-2740]],[[769119,421188],[-1443,-2261],[-848,-336]],[[799182,441357],[346,706],[10760,2481],[389,-219]],[[915526,293992],[7188,-1260],[-529,-2735],[3478,-1495],[-10260,-6291],[-7984,-2400]],[[907419,279811],[389,681]],[[932043,252669],[480,-559],[-1255,-7390],[2303,-374],[2189,-2525],[-3693,-3622],[-1847,-160],[-1253,-1525],[512,-788],[-1177,-1936],[-6171,-2784],[290,561]],[[943140,360077],[841,-604]],[[842554,323634],[-3640,-105],[-5884,2794],[-4645,-7],[-4010,-1262],[-5425,-504],[-2805,1093],[-7572,-3800],[-8905,-1430],[-5542,1168],[-6949,2095],[-740,1228],[-7278,1435],[-1530,748],[-2752,2052],[-9298,1236],[-14959,-3642],[-8171,-1972],[-1879,-1328],[-3649,-1381]],[[736921,322052],[-8250,1265],[-5600,2886],[-1752,-124],[-5503,1825],[-3374,-268],[-7387,-2060],[-3364,247],[-8795,-4006],[-6639,2679],[-5978,-1988],[-6973,1547],[-4479,-164],[-5586,-837],[-4945,566],[-3191,-925],[-5949,133],[-4413,1098],[9709,-410],[3866,971],[5559,-465],[4906,1030],[5805,-23],[5830,-1401],[6307,2055],[6877,-2508],[7929,3507],[4174,24],[6430,1843],[4475,396],[4192,-1712],[2761,-66],[5528,-2769],[7589,-1458],[5452,2859]],[[742132,325799],[23823,5721],[4250,-686],[4979,-819],[4665,-2603],[448,-598],[4280,-827]],[[842851,324385],[4527,136],[7022,-2440],[4390,-994]],[[858790,321087],[-94,-194]],[[858696,320893],[-331,-658]],[[826496,222808],[-726,-861]],[[825770,221947],[-3983,417],[-6958,2714],[-2344,13],[-3046,-2173],[-6910,-2282],[-9936,574],[-3914,-516],[-7865,-3538],[-906,-1532],[-3444,-2213],[-9134,-1225],[9919,2674],[2778,3210],[7070,3303],[5586,1164],[9724,-539],[5635,1585],[3458,2438],[2745,591],[12251,-3804]],[[570519,475938],[8147,2477],[13138,4035]],[[591804,482450],[199,-132],[8847,-4795],[4623,-4044],[6493,-3145],[4764,-2943],[8779,-1978],[3239,-2794],[4631,164],[3190,98],[5483,-729],[6724,-1915]],[[495406,452916],[24196,7443],[37047,11334],[11552,3532]],[[642456,628299],[-1192,25031]],[[579974,660975],[15567,7713],[4485,433]],[[610868,670167],[6354,612],[5288,2024]],[[622510,672803],[17488,6711]],[[639998,679514],[185,73]],[[640183,679587],[12,-248]],[[640195,679339],[-3244,-1259],[-6507,-2476],[-11824,-4546]],[[550121,564149],[-8223,-3159],[-4541,-4564],[-3139,-3113],[-1735,-8866],[-1834,-9064],[-870,-4116],[-12012,296]],[[517767,531563],[-5457,3135]],[[512310,534698],[9695,4849],[1329,9930],[-802,1072],[-351,8762],[576,1129],[833,2970],[812,592],[4672,2296],[13789,1427],[3249,-1583],[4009,-1993]],[[619390,674244],[6262,2965],[8422,1848],[2559,543],[3522,452]],[[640155,680052],[28,-465]],[[639998,679514],[-2583,-293],[-9976,-1996],[-1887,-731]],[[625552,676494],[-7803,-3027],[1641,777]],[[750575,418708],[1133,476]],[[832133,452107],[542,1013],[6003,1088]],[[838678,454208],[2089,-6727]],[[915520,302253],[3457,-640]],[[918977,301613],[-207,-391]],[[918770,301222],[-3519,654]],[[915251,301876],[269,377]],[[919417,302442],[666,-114]],[[920083,302328],[-445,-831]],[[919638,301497],[-661,116]],[[918977,301613],[440,829]],[[460597,957382],[2027,-2065],[2838,-8785]],[[465462,946532],[-4058,-753]],[[461404,945779],[-5784,8083],[-1660,2366]],[[453960,956228],[6637,1154]],[[454691,954107],[5997,-8386]],[[460688,945721],[-8787,-374],[-1104,-31],[2544,3277],[-7752,3424],[-151,367]],[[445438,952384],[82,1],[1916,-183],[2615,1538],[2630,70],[2010,297]],[[447733,955151],[5528,962]],[[453261,956113],[1240,-1721]],[[454501,954392],[-1886,-337],[-2493,-57],[-254,957],[-236,-994],[-2530,-1494],[-1772,149]],[[445330,952616],[-833,1972],[3236,563]],[[435979,981294],[3553,-3754],[8776,-4773],[4039,-6774]],[[452347,965993],[-4662,-851],[-4426,6205],[-7020,1928]],[[436239,973275],[-479,2300],[-1263,904],[-1369,1697]],[[433128,978176],[2851,3118]],[[432807,977825],[1325,-1659],[1213,-872],[271,-1848]],[[435616,973446],[-5430,1508]],[[430186,974954],[2621,2871]],[[434533,970695],[5410,1149]],[[439943,971844],[2687,-742],[392,-519],[3912,-5578],[-10499,-1940]],[[436435,963065],[229,2815],[-3926,3758]],[[432738,969638],[1795,1057]],[[436059,972920],[3283,-910]],[[439342,972010],[-4123,-911]],[[435219,971099],[840,1821]],[[429813,974640],[5611,-1548]],[[435424,973092],[-339,-767],[-515,-1053],[-2461,-1319],[-78,-53]],[[432031,969900],[-3717,874],[-1387,805]],[[426927,971579],[2886,3061]],[[417547,978019],[12266,-3379]],[[426927,971579],[-9997,5808]],[[416930,977387],[617,632]],[[422914,983522],[1325,-1098],[4112,-1440],[1160,-577],[1784,-928],[1686,-1464]],[[432981,978015],[-174,-190]],[[430186,974954],[-12322,3393],[5050,5175]],[[428487,989232],[7492,-7938]],[[433128,978176],[-147,-161]],[[422914,983522],[5573,5710]],[[413979,990598],[3824,-1640],[2452,-1796],[1364,-1505]],[[421619,985657],[873,-1807]],[[422492,983850],[-5269,-5338],[-11519,3177]],[[405704,981689],[8275,8909]],[[427371,988759],[-4879,-4909]],[[421619,985657],[178,924],[556,648],[1630,1062],[1034,286],[1167,12],[1187,170]],[[419784,996904],[8396,-7310]],[[428180,989594],[-809,-835]],[[413979,990598],[5805,6306]],[[405273,981390],[5445,-1504],[6200,-1694]],[[416918,978192],[-625,-633]],[[416293,977559],[-15034,1353]],[[401259,978912],[4014,2478]],[[381632,987868],[8945,-2442]],[[390577,985426],[-816,-3661],[3076,-1524],[5771,-2824],[15807,-1763]],[[414415,975654],[-1201,-1224]],[[413214,974430],[-20458,1410],[-9388,9607],[-1832,741]],[[381536,986188],[-788,806]],[[380748,986994],[884,874]],[[388687,995193],[33,-45],[7034,1239]],[[395754,996387],[602,-1233],[12,-539],[-234,-329]],[[396134,994286],[-475,-437],[-514,-103],[-1560,-9],[-1465,-211],[-1192,-277],[-516,-303],[365,-1152]],[[390777,991794],[-5334,119]],[[385443,991913],[3244,3280]],[[396134,994286],[2364,-341],[2067,-140],[1048,153]],[[401613,993958],[-4898,-6010]],[[396715,987948],[-4938,3823],[-1000,23]],[[404855,997987],[-3242,-4029]],[[395754,996387],[9101,1600]],[[413214,974430],[-576,-579]],[[412638,973851],[-20435,1464],[-4726,4788],[-5941,6085]],[[383584,989940],[5563,-95],[2634,-2346],[-1007,-1686]],[[390774,985813],[-8814,2425],[1624,1702]],[[377427,995510],[5734,-5365]],[[383161,990145],[-1691,-1793],[-8481,2337],[-19178,5222]],[[353811,995911],[6115,834],[3253,-2770],[3493,-72],[3319,1129],[456,-1789],[3729,-992],[3251,3259]],[[388332,995515],[-3279,-3353]],[[385053,992162],[-3176,4434]],[[381877,996596],[6455,-1081]],[[381197,987987],[-897,-922]],[[380300,987065],[-19185,3099],[-5554,-1134],[-2345,6580]],[[353216,995610],[19229,-5218],[8752,-2405]],[[435424,973092],[635,-172]],[[435219,971099],[-686,-404]],[[432738,969638],[-771,-556],[-875,182],[939,636]],[[436239,973275],[-623,171]],[[439342,972010],[601,-166]],[[454501,954392],[190,-285]],[[445438,952384],[-361,-37],[-668,-401],[-161,139],[-414,390],[-102,118],[533,-137],[1065,160]],[[914550,293241],[-495,-950]],[[914055,292291],[-2893,1822],[-4857,1782],[-636,1378],[-4818,3136],[-3216,308]],[[897635,300717],[534,988]],[[898169,301705],[3271,-572],[5949,-3587],[961,-1254],[4170,-1423],[2030,-1628]],[[417547,978019],[-629,173]],[[405273,981390],[-10974,3030]],[[394299,984420],[-3722,1006]],[[381632,987868],[-435,119]],[[353216,995610],[595,301]],[[383161,990145],[1070,1123],[678,747],[144,147]],[[388332,995515],[130,-21],[225,-301]],[[385443,991913],[-1859,-1973]],[[390774,985813],[3481,-958]],[[394255,984855],[11449,-3166]],[[428180,989594],[307,-362]],[[452347,965993],[390,-396]],[[452737,965597],[-4758,-870],[5981,-8499]],[[461404,945779],[148,-206],[-685,-103],[-179,251]],[[453261,956113],[-5964,8490],[-10801,-2011]],[[436496,962592],[-7965,-1473]],[[428531,961119],[-275,434]],[[428256,961553],[8179,1512]],[[380748,986994],[-448,71]],[[414415,975654],[1878,1905]],[[416930,977387],[-2085,-2137]],[[414845,975250],[-1393,-1426],[18,-32]],[[413470,973792],[-832,59]],[[922985,308970],[589,-129]],[[923574,308841],[-3491,-6513]],[[919417,302442],[3568,6528]],[[377427,995510],[4450,1086]],[[396715,987948],[935,-714],[-3526,-1658],[131,-721]],[[394299,984420],[325,-2420],[4925,-2316],[1710,-772]],[[428256,961553],[-1059,1850]],[[427197,963403],[-97,169],[2586,1517],[-8527,2769],[-2830,3346],[-3484,4046]],[[436496,962592],[555,-1211],[8004,-2232],[2678,-3998]],[[465462,946532],[409,-1266],[-8275,-1791],[-11907,1045]],[[445689,944520],[2724,3527],[-1430,615],[-4891,2031]],[[442092,950693],[-659,1131],[-4862,2615]],[[436571,954439],[1514,2723],[4494,-398],[-741,1328],[-8925,1812],[-919,1027],[-3010,-594],[-453,782]],[[899820,304751],[-1651,-3046]],[[898169,301705],[-4075,714],[-3671,2418],[-1260,1839]],[[889163,306676],[10657,-1925]],[[887278,307016],[341,-737],[1659,-1855],[4699,-3352],[3658,-355]],[[897635,300717],[-848,-1531]],[[896787,299186],[-286,89]],[[896501,299275],[-8566,2650],[-8456,2592]],[[879479,304517],[1890,3567],[5909,-1068]],[[877654,302494],[-9368,7858]],[[868286,310352],[12423,-2160],[-3055,-5698]],[[868286,310352],[-8932,-2645],[-4561,4993]],[[854793,312700],[13493,-2348]],[[885231,315347],[18418,-3299]],[[903649,312048],[-2442,-4696]],[[901207,307352],[-12968,3835],[-1289,527],[-973,56],[-2228,730]],[[883749,312500],[1482,2847]],[[882205,309570],[4414,-1154],[498,-1006]],[[887117,307410],[-5529,988],[617,1172]],[[883364,311769],[2276,-623],[515,-278],[1306,-267],[13394,-3927]],[[900855,306674],[-823,-1549]],[[900032,305125],[-11044,1957]],[[888988,307082],[-1661,2271],[-4635,1142]],[[882692,310495],[672,1274]],[[901207,307352],[-352,-678]],[[883364,311769],[385,731]],[[872250,332375],[5660,-15671]],[[877910,316704],[-12466,2302]],[[865444,319006],[6806,13369]],[[436571,954439],[-4682,2152],[-8088,3653]],[[423801,960244],[4730,875]],[[445689,944520],[-3597,6173]],[[425591,962611],[1149,489],[457,303]],[[428256,961553],[-4694,-873]],[[423562,960680],[672,1234],[1070,575],[287,122]],[[425591,962611],[-9597,4014]],[[415994,966625],[-1611,4666],[-882,2455],[-31,46]],[[423562,960680],[-891,-162]],[[422671,960518],[-5014,1216],[-1663,4891]],[[882064,310676],[-495,-927]],[[881569,309749],[-2684,223],[-1459,1336],[-347,1965],[-1383,442],[-4761,-159],[-3187,1879],[-3523,1355]],[[864225,316790],[427,661]],[[864652,317451],[4756,-1835],[1594,-980],[7138,-419],[336,-2422],[1251,-936],[2337,-183]],[[888988,307082],[-1871,328]],[[882205,309570],[487,925]],[[887278,307016],[1885,-340]],[[423801,960244],[-1130,274]],[[879479,304517],[-1081,-2041],[-744,18]],[[854793,312700],[199,465]],[[854992,313165],[6747,-1219]],[[861739,311946],[19158,-3461],[672,1264]],[[882064,310676],[2514,4788]],[[884578,315464],[653,-117]],[[900032,305125],[-212,-374]],[[858696,320893],[4470,-2868],[1486,-574]],[[864225,316790],[-2162,831],[-3877,2240]],[[707053,80158],[-1918,-741]],[[705135,79417],[777,431],[83,76],[46,74],[-209,177],[-465,148],[-615,197],[-295,235],[-200,325],[30,802],[-271,170],[-643,241],[-834,267],[-1296,215],[-566,122],[-629,374],[-326,578]],[[699722,83849],[1240,-63]],[[700962,83786],[108,-278],[331,-157],[841,-82],[1287,-326],[265,-75],[293,-108],[597,-249],[126,-58],[169,-78],[251,-271],[126,-404],[-82,-444],[19,-205],[329,-177],[585,-154],[212,-45],[383,-217],[251,-300]],[[719633,84091],[7204,-429],[91,194],[16928,1920],[-34,248],[3302,397],[2715,556],[2905,1003]],[[752744,87980],[537,63]],[[753281,88043],[-35,-36],[-3097,-1252],[-7711,-1327],[-3780,-299],[-3700,-456],[-3746,-707],[-6563,-766],[-2844,-25],[-1801,35],[-2286,498],[-524,88],[-363,59],[-2949,358],[-2581,130],[-1682,297],[-919,274]],[[708700,84914],[5447,-360],[-2,-139],[5488,-324]],[[765996,94415],[2875,-708]],[[768871,93707],[-4126,-229]],[[764745,93478],[1251,937]],[[703044,85246],[4313,-248]],[[707357,84998],[164,-236],[414,-286],[531,-140],[2189,-527],[1201,-102],[2031,-90],[653,-136],[1196,-115],[1397,-177],[2236,-474]],[[719369,82715],[-7715,495],[-10692,576]],[[700962,83786],[-251,506],[83,113],[1363,521],[887,320]],[[691000,85159],[-4942,-640],[-90,195]],[[685968,84714],[4930,669],[102,-224]],[[670149,82300],[196,136]],[[670345,82436],[13273,2199],[2225,351]],[[685843,84986],[81,-176]],[[685924,84810],[-15559,-2598],[-1133,-737]],[[669232,81475],[917,825]],[[643271,78064],[192,-326],[-1942,-421],[-3878,-1195],[-3546,-1460],[-243,194]],[[633854,74856],[3863,1684],[5554,1524]],[[669232,81475],[-9883,-1649],[-1323,68]],[[658026,79894],[3129,482],[2581,918],[3129,108],[2615,444],[669,454]],[[670345,82436],[1682,609],[8289,1308],[5527,633]],[[693703,85296],[-2703,-137]],[[685968,84714],[-44,96]],[[685843,84986],[3083,580],[744,115],[1035,101],[2998,-486]],[[697264,85429],[-3561,-133]],[[693703,85296],[1816,733],[1745,-600]],[[753281,88043],[1257,147]],[[754538,88190],[-514,-554],[-2172,-937],[-1204,-413],[-1101,-258],[-6683,-1169],[-3951,-283],[-3019,-335],[-3705,-670],[-5378,-679],[-2187,-290]],[[724624,82602],[-2417,56]],[[722207,82658],[-2838,57]],[[707357,84998],[1343,-84]],[[761182,90810],[-1104,-1361],[-1984,-1208],[-1243,-753],[-2546,-1253]],[[754305,86235],[2846,1609],[3197,2330],[834,636]],[[744229,84014],[-5165,-359],[-14440,-1053]],[[724624,82602],[1931,199],[17593,1614],[81,-401]],[[470697,320483],[2198,-2625],[2834,-3468],[1090,-2997],[1820,-1895],[-1584,-14367]],[[477055,295131],[-2439,-261],[-461,-2147]],[[474155,292723],[-6417,6608],[-15144,16193]],[[452594,315524],[18103,4959]],[[895138,138950],[35,171],[7,219],[-17,164],[-78,180],[-110,201],[-202,312]],[[894773,140197],[1877,-957],[-1512,-290]],[[891012,136498],[717,-783],[-1807,214]],[[889922,135929],[108,68],[266,143],[716,358]],[[908348,167913],[710,-690],[-2561,-758],[-686,709]],[[905811,167174],[2537,739]],[[389206,298831],[-1735,-451]],[[387471,298380],[-760,521],[-3015,1754],[-2698,1383],[-3015,1275],[-3202,1309],[-9930,3457]],[[364851,308079],[-161,866],[-2515,1142]],[[362175,310087],[2291,-549],[6138,-2037],[4784,-1883],[3899,-1478],[2479,-1002],[2612,-1343],[2671,-1494],[2157,-1470]],[[357193,311656],[-1172,-890]],[[356021,310766],[-2435,995],[-4945,2656],[-485,233]],[[348156,314650],[-263,1310]],[[347893,315960],[2225,-1047],[4836,-2413],[2239,-844]],[[345573,317122],[-2209,1074],[-1448,1811]],[[341916,320007],[463,-425],[259,-209],[2935,-2251]],[[336701,344865],[2593,511]],[[339294,345376],[-298,-238],[-421,-406],[-266,-266],[-261,-295],[-341,-437],[-207,-308],[-331,-574],[-264,-638],[-112,-359],[-83,-381],[-53,-506],[7,-647],[68,-492],[222,-872],[59,-327],[19,-247],[8,-336],[-54,-449],[-100,-467],[-73,-220],[-173,-370],[-190,-349],[-200,-320],[-149,-212],[-205,-257],[-243,-275],[-200,-210],[-302,-276],[-225,-190],[-329,-268],[-277,-274],[-247,-292],[-199,-297],[-156,-287],[-115,-291],[-97,-351],[-42,-278],[-5,-206],[25,-402],[80,-331],[171,-502],[258,-559],[319,-536],[188,-265],[288,-362],[292,-338],[539,-544],[224,-198],[341,-289],[2388,-1723],[1321,-924],[344,-258],[244,-221],[148,-176],[147,-194],[121,-219],[81,-182],[49,-142],[41,-184],[27,-205],[2,-171],[-34,-230],[-92,-358],[12,-407],[83,-411],[100,-325],[173,-387],[221,-382],[356,-476]],[[341916,320007],[-1829,406]],[[340087,320413],[-233,421],[-178,378],[-207,581],[-63,269],[7,328],[-41,334],[-59,264],[-107,294],[-97,215],[-91,166],[-180,265],[-207,260],[-202,223],[-215,209],[-170,141],[-1253,950],[-2133,1516],[-667,548],[-622,601]],[[333369,328376],[-1123,2010],[-217,22]],[[332029,330408],[-112,543],[-39,470],[7,512],[49,360],[119,515],[202,535],[127,270],[161,287],[197,302],[229,312],[269,327],[341,360],[248,221],[254,199],[214,181],[349,340],[226,283],[191,280],[180,314],[117,289],[102,386],[34,407],[-12,220],[-58,384],[-327,1410],[-80,576],[-10,616],[73,573],[129,522],[154,438],[173,396],[339,594],[355,499],[471,536]],[[387471,298380],[-3651,-950]],[[383820,297430],[-7082,4367],[-4523,2843],[-6425,-1572],[-939,5011]],[[356021,310766],[-3734,-2889],[-3129,1850],[-1002,4923]],[[340087,320413],[-2592,576],[-4126,7387]],[[332029,330408],[-10614,1102],[-5591,5698],[-3546,2901]],[[312278,340109],[4999,989],[19424,3767]],[[309349,339548],[1708,-1788],[3161,-1884],[3376,-5281],[10128,-1651],[2428,-412],[1060,-3828],[3331,-5335],[4436,-1327],[1816,-2267],[4931,-2202],[446,-4687],[4143,-3027],[5518,-498],[8159,-5215],[8438,547],[7165,-4439]],[[379593,296254],[-43824,-12905],[-4272,-1205]],[[331497,282144],[-5418,-1551]],[[326079,280593],[-37161,55008]],[[288918,335601],[20431,3947]],[[590425,356561],[-12386,-3586],[-56087,-15102]],[[521952,337873],[-5184,4293],[-2432,4063],[-2466,883],[-1555,5831],[-3178,5595],[-8847,3988],[-2569,4831],[-5922,4859],[-6439,3927]],[[483360,376143],[63049,24787]],[[480794,375358],[6029,-3743],[5625,-4248],[4124,-6107],[48,-50],[8747,-4033],[1784,-4234],[1736,-6446],[3694,-1630],[1855,-3381],[5774,-4029],[107,-51]],[[520317,337406],[-17262,-4710],[-12257,-3322],[-11423,-3137],[-7696,-2091]],[[471679,324146],[29,1161],[-7479,5307],[-4836,2652],[-7265,4037],[-4874,3468],[-6688,1359],[-5118,3253],[-3726,2402],[-5871,5187],[-3065,2359],[-2523,3580],[-4839,3474]],[[415424,362385],[8783,1720],[56587,11253]],[[413786,362069],[4725,-4074],[4888,-5009],[6164,-5007],[8293,-5922],[9032,-2536],[3878,-3003],[6658,-3896],[6853,-4148],[3461,-2655],[2064,-4252],[895,-1084]],[[452594,315524],[-42901,45755]],[[409693,361279],[4093,790]],[[828136,224097],[-22,-1143],[-1618,-146]],[[826496,222808],[1406,1121],[234,168]],[[863575,118245],[4152,2537]],[[867727,120782],[2563,103],[1160,15],[6541,-62],[1433,30],[1311,27],[1531,47],[1074,65],[754,52],[1640,139],[989,102],[775,93],[1077,143],[583,90],[580,103],[685,132],[651,141],[687,166],[619,163],[573,165],[728,239],[546,194],[388,148],[582,254]],[[895197,123331],[-682,-1026],[-13641,-3333],[-2327,-1159],[-18415,-9048]],[[860132,108765],[24,3791],[4119,3128],[-700,2561]],[[852633,111594],[350,-6305]],[[852983,105289],[-89,-43]],[[852894,105246],[-5898,2939]],[[846996,108185],[5637,3409]],[[821356,91322],[4205,-2245],[-3154,-1110],[-2408,1612],[-1462,197]],[[818537,89776],[2819,1546]],[[819361,92387],[1995,-1065]],[[818537,89776],[-1623,219],[-788,596],[3235,1796]],[[768061,97090],[692,-457]],[[768753,96633],[-2053,-996]],[[766700,95637],[-1149,288]],[[765551,95925],[2510,1165]],[[333369,328376],[-417,492],[-224,303],[-329,506],[-214,398],[-156,333]],[[345573,317122],[2320,-1162]],[[348156,314650],[-2120,1045],[-3396,2177],[-375,268],[-429,333],[-566,499],[-409,427],[-380,452],[-394,562]],[[357193,311656],[1411,-529],[3571,-1040]],[[364851,308079],[-422,147],[-2001,625],[-2590,603],[-3208,1065],[-609,247]],[[357193,311656],[556,413],[4426,-1982]],[[521952,337873],[5028,-2314],[2435,-1969],[1418,-2404],[3724,-1217],[1555,-1549],[4472,-1178],[721,-2281],[7356,-1623],[4148,-3207],[2308,-2987],[5983,-358],[1886,-2425],[5625,-3173],[3943,-219],[1316,-2757],[-2610,-1440],[-443,-2003],[682,-512],[1877,-4894],[287,-7501],[11974,5146],[580,1809],[2752,2723],[-3,97],[-865,4035],[6005,3933],[2350,377],[34,2627],[2863,4218],[1543,3807],[166,-3683],[-2869,-4699],[675,-2542],[-3770,-918],[-1772,-1255],[-1513,-1053],[2323,-2900],[-1733,-1609],[-4151,-3914],[258,-730],[-8669,-4013],[-6407,-2998],[-3919,-6076],[-1652,-2508]],[[567863,281736],[-156,4854]],[[567707,286590],[2981,5180],[-753,10405],[-1850,2305],[-166,2366],[3273,1608],[-183,807],[-2900,174],[-7131,3695],[-1387,2087],[-4279,-69],[-2564,1600],[-2030,3432],[-3934,2024],[-5688,983],[-2308,1192],[-319,2010],[-2903,833],[-2964,2044],[-3027,958],[-2366,3730],[-1370,1107],[-5522,2345]],[[480794,375358],[2566,785]],[[497939,276068],[-239,-22],[-2322,1393],[-3868,8717],[-4197,9357],[-1299,12312],[-202,2354]],[[485812,310179],[746,25],[1411,-14460],[4396,-9748],[3770,-8466],[1804,-1462]],[[666408,17215],[-736,-838],[-1828,-1668],[-4046,-2298],[-9234,-6920],[-960,-912],[-1358,-1561],[-1526,-1605],[-5651,-1413],[-17048,8216]],[[624021,8216],[9120,6172],[5705,3833],[5642,3823],[4821,3240],[17099,-8069]],[[630252,76961],[2105,-1548]],[[632357,75413],[-773,-470]],[[631584,74943],[-1359,2011]],[[630225,76954],[27,7]],[[692994,24353],[-17574,-10931],[-8764,4215]],[[666656,17637],[-16879,7979],[3317,2280],[17372,11669],[18692,-12604],[3836,-2608]],[[722049,103469],[7820,-2428],[2484,-1287],[4762,-629],[11396,306],[12061,-2260],[4979,-1246]],[[766700,95637],[3080,-771],[-909,-1159]],[[765996,94415],[-1846,454]],[[764150,94869],[-953,234]],[[763197,95103],[-975,240]],[[762222,95343],[-3241,798],[-11857,1931],[-10965,-58],[-4923,817],[-1896,1310],[-3265,922]],[[726075,101063],[-5616,1587],[-2763,2188],[-9073,2854],[-4747,1432],[-8623,5138],[7852,-3438],[1775,-793],[13276,-4113],[3349,-2280],[544,-169]],[[719633,84091],[12503,1485],[20608,2404]],[[753463,88230],[1655,583]],[[755118,88813],[-580,-623]],[[753281,88043],[182,187]],[[828136,224097],[1458,3046],[750,899],[6061,7485]],[[836405,235527],[-192,-695],[1138,-287]],[[837351,234545],[0,-740],[-1284,-271],[-7495,-11237],[-2802,-350]],[[770815,170159],[7967,-1157]],[[778782,169002],[-4662,-8190]],[[774120,160812],[-6317,3458],[3012,5889]],[[840686,104354],[502,-30],[251,0],[309,24],[870,103],[376,57],[511,59],[676,53],[389,20],[364,0],[324,-23],[348,-34],[432,-59],[616,-97],[641,-81],[298,-42],[321,-53],[407,-81],[639,-171],[280,-51],[453,-54],[398,-61]],[[850091,103833],[-1136,-1468]],[[848955,102365],[-4638,1553],[-4945,-350]],[[839372,103568],[1314,786]],[[843928,106323],[8487,-1311]],[[852415,105012],[-1839,-900]],[[850576,104112],[-249,56],[-268,48],[-502,87],[-539,78],[-1343,233],[-1123,170],[-692,103],[-290,27],[-500,18],[-383,-6],[-307,-16],[-443,-40],[-488,-68],[-558,-88],[-748,-136],[-404,-57],[-298,-42],[-565,-108],[-190,-17]],[[840686,104354],[3242,1969]],[[850576,104112],[360,-106],[337,-87],[114,-6]],[[851387,103913],[-521,-258]],[[850866,103655],[-171,31],[-604,147]],[[852415,105012],[479,234]],[[852983,105289],[2082,1018]],[[855065,106307],[122,-96],[170,-96],[149,-56],[136,-41]],[[855642,106018],[-4255,-2105]],[[855348,119258],[4,-183],[15,-107],[56,-221],[68,-172],[95,-198],[142,-230],[146,-268],[78,-127],[127,-177],[100,-175],[129,-246],[187,-404],[91,-237],[90,-407],[9,-189],[-99,-947]],[[856586,114970],[-3992,-2422]],[[852594,112548],[-354,6006]],[[852240,118554],[799,200],[749,175],[794,174],[766,155]],[[856335,113855],[-149,-411],[-73,-159],[-90,-150],[-259,-348],[-212,-273],[-190,-252],[-402,-596],[-249,-351],[-141,-241],[-261,-527],[-148,-383],[-88,-309],[-27,-266],[5,-200],[146,-1034],[103,-432],[95,-290],[180,-420],[153,-435],[69,-166],[75,-119],[88,-97],[105,-89]],[[852633,111594],[3702,2261]],[[858859,115394],[4716,2851]],[[860132,108765],[-1833,-903]],[[858299,107862],[-310,304],[-129,142],[-122,164],[-136,211],[-271,464],[-78,176],[-61,211],[-29,171],[7,197],[42,329],[212,629],[480,1089],[295,567],[227,445],[104,235],[81,244],[68,286],[105,588],[56,506],[19,574]],[[895197,123331],[1079,539]],[[896276,123870],[-825,-1295],[9129,2399],[-2042,2025]],[[902538,126999],[650,323]],[[903188,127322],[2572,-2646],[-24377,-5993],[-22631,-11123]],[[858752,107560],[-207,109],[-141,100],[-105,93]],[[861516,120209],[1987,-1066]],[[863503,119143],[-4510,-2732]],[[858993,116411],[91,449],[158,1020],[27,412],[-25,225],[-116,417],[-93,226],[-149,309],[-197,377]],[[858689,119846],[1021,148],[621,81],[1185,134]],[[866012,120664],[-2509,-1521]],[[861516,120209],[2922,310],[1574,145]],[[888215,134425],[9154,-4941],[1925,708]],[[899294,130192],[275,-285]],[[899569,129907],[-2403,-3607]],[[897166,126300],[-3241,-1658],[-619,-351],[-293,-143],[-277,-115],[-719,-266],[-495,-159],[-904,-236],[-1058,-246],[-548,-111],[-722,-133],[-794,-122],[-614,-82],[-1241,-140],[-1253,-119],[-1506,-110],[-1301,-47],[-1053,-8],[-904,0],[-6892,166],[-909,-1],[-1332,-20]],[[870491,122399],[6935,4271],[8893,5424],[1896,2331]],[[887740,135288],[290,136],[207,119],[781,494]],[[889018,136037],[904,-108]],[[889922,135929],[-899,-564]],[[889023,135365],[-21,3],[-28,-34]],[[888974,135334],[-562,-322],[-565,-246],[-361,-135],[-388,-132]],[[887098,134499],[642,789]],[[890626,136918],[386,-420]],[[889018,136037],[374,236],[280,159],[954,486]],[[893353,138363],[-46,-529]],[[893307,137834],[-194,-86],[-195,-100],[-314,-177],[-156,-98]],[[892448,137373],[-1385,-190]],[[891063,137183],[978,605],[390,221],[222,104],[261,101],[439,149]],[[895138,138950],[-932,-179]],[[894206,138771],[75,90],[49,97],[43,240],[8,177],[-76,273],[-122,298],[-358,567],[-179,259]],[[893646,140772],[1127,-575]],[[896276,123870],[6262,3129]],[[899569,129907],[361,-354]],[[899930,129553],[-1784,-2758]],[[898146,126795],[-980,-495]],[[899930,129553],[1246,-1224]],[[901176,128329],[-3030,-1534]],[[899940,130429],[1794,-1818]],[[901734,128611],[-558,-282]],[[899294,130192],[646,237]],[[902600,176223],[10866,-6115],[-2444,-724]],[[911022,169384],[-8550,6473],[128,366]],[[922654,175046],[848,-792],[-2032,-473]],[[921470,173781],[-785,697],[1969,568]],[[924519,156217],[3979,-978]],[[928498,155239],[-1606,-2663],[-3994,900],[1621,2741]],[[935874,180042],[-3402,2499],[-275,231],[-459,414],[-1486,1472],[-510,629],[-187,209],[-198,178],[-217,157],[-414,259],[-268,198],[-256,264],[-197,226],[-246,231],[-339,297],[-461,439],[-243,277],[-727,942],[-602,910],[-441,587],[-278,329],[-182,253],[-108,213],[-63,193]],[[924315,191449],[11411,-2106],[2544,-4939],[-2396,-4362]],[[926160,158991],[3986,-989]],[[930146,158002],[-1648,-2763]],[[924519,156217],[1641,2774]],[[931747,160673],[-1601,-2671]],[[926160,158991],[1519,2570],[4068,-888]],[[832985,100817],[4502,2608]],[[837487,103425],[2009,1203]],[[839496,104628],[6132,3722]],[[845628,108350],[459,277]],[[846087,108627],[6507,3921]],[[856586,114970],[-93,-506],[-158,-609]],[[846996,108185],[-456,-277]],[[846540,107908],[-2612,-1585]],[[839372,103568],[-9612,-5445],[-9678,-5323]],[[820082,92800],[-721,-413]],[[820082,92800],[7222,-3873],[17925,8618],[119,47],[3607,4773]],[[850866,103655],[-4984,-6320],[-18015,-8725],[-3091,-902],[-3078,-1244],[-1681,-1028],[-5050,-3144],[-10499,-4028],[-13079,-6836],[-1277,0]],[[790112,71428],[14236,7357],[10170,3892],[4660,2897],[1850,1125],[-6502,2996],[-1338,-735],[-1784,-180]],[[811404,88780],[7187,4009]],[[818591,92789],[687,407]],[[819278,93196],[13707,7621]],[[852415,105012],[-5875,2896]],[[866012,120664],[1715,118]],[[858859,115394],[134,1017]],[[885149,132144],[1949,2355]],[[888974,135334],[-759,-909]],[[870491,122399],[-1639,-49]],[[868852,122350],[4591,2848]],[[873443,125198],[566,318]],[[874009,125516],[11140,6628]],[[784958,68884],[0,-561],[-71132,-35493],[-7881,-4633],[-5562,-3264]],[[700383,24933],[-653,322]],[[699730,25255],[14096,8204],[71132,35425]],[[694766,24087],[1392,-922],[3572,2090]],[[700383,24933],[-3645,-2150],[1271,-848]],[[698009,21935],[-750,-434],[-4265,2852]],[[666656,17637],[-248,-422]],[[624021,8216],[-573,274]],[[623448,8490],[10300,6951],[2790,1861]],[[636538,17302],[12215,8237]],[[648753,25539],[475,329]],[[649228,25868],[1427,957]],[[650655,26825],[6257,4191]],[[656912,31016],[1042,699]],[[657954,31715],[4130,2812]],[[662084,34527],[7914,5307],[-6635,7733]],[[663363,47567],[-289,338],[-10127,4580]],[[652947,52485],[-2667,1203]],[[650280,53688],[205,447]],[[650485,54135],[23612,-10681],[-539,-312],[-8676,3916],[12,-48],[5852,-6839],[24020,-16084]],[[855348,119258],[1896,353],[1445,235]],[[858752,107560],[-3110,-1542]],[[935874,180042],[415,-333],[480,-347],[1087,-713],[548,-397],[285,-182],[341,-174],[317,-138],[841,-328],[1340,-589],[741,-275],[261,-119],[319,-152],[312,-119],[268,-78],[381,-96],[287,-92],[363,-126],[505,-197],[151,-83],[-6756,-4512]],[[938360,170992],[-412,456],[-638,661],[-190,167],[-300,201],[-346,189],[-339,149],[-802,315],[-465,202],[-429,224],[-831,494],[-1265,833]],[[932343,174883],[-743,467]],[[931600,175350],[-1465,866],[-1319,671],[-492,282],[-578,389]],[[927746,177558],[-251,196],[-519,431],[-748,567],[-460,326],[-539,331],[-463,262],[-551,355],[-239,175],[-202,180],[-229,251],[-203,266],[-126,190],[-237,423],[-180,394],[-146,292],[-205,324],[-200,264],[-178,347],[-36,114],[-129,915],[-71,320],[-166,410],[-97,196],[-127,212],[-95,221],[-29,119],[-49,1075],[15,421],[-42,212],[-88,218],[-153,264],[-237,360],[-90,115],[-224,266],[-105,141],[-61,102],[-70,154],[-220,683],[-109,253],[-193,373],[-71,194],[-65,261],[-305,964],[-183,704]],[[919070,192399],[5245,-950]],[[309349,339548],[2929,561]],[[383820,297430],[-4227,-1176]],[[828273,103608],[1068,-604],[780,-645],[2864,-1542]],[[819278,93196],[-3241,1730]],[[816037,94926],[12236,8682]],[[815418,94478],[3173,-1689]],[[811404,88780],[-11083,-1569]],[[800321,87211],[-789,431]],[[799532,87642],[4083,813],[2851,865],[1899,718],[2368,1272],[4685,3168]],[[464278,280274],[4014,-20],[-732,-4377]],[[467560,275877],[-1457,222]],[[466103,276099],[1150,840],[121,1884],[-2761,53],[-162,-2739],[1652,-38]],[[467560,275877],[-254,-1522]],[[467306,274355],[-3941,264]],[[463365,274619],[593,3672]],[[463958,278291],[320,1983]],[[471650,274314],[-1217,-169]],[[470433,274145],[-3127,210]],[[467560,275877],[2347,1474],[2201,-81],[-458,-2956]],[[423370,278535],[3407,-1070],[6166,4371]],[[432943,281836],[-324,-930],[-263,-183],[-3490,-2517],[-2769,-1320],[-2808,1225]],[[423289,278111],[81,424]],[[429967,277415],[-1814,-778]],[[428153,276637],[-214,-40],[-3994,-996]],[[423945,275601],[-1148,68]],[[422797,275669],[7170,1746]],[[428153,276637],[-2636,-1130]],[[425517,275507],[-1572,94]],[[423597,279730],[3141,-1145],[1331,785],[9000,5444]],[[437069,284814],[-4126,-2978]],[[423370,278535],[227,1195]],[[434434,278456],[1358,-106]],[[435792,278350],[-93,-448]],[[435699,277902],[-1352,78]],[[434347,277980],[87,476]],[[435885,278792],[-93,-442]],[[434434,278456],[76,413],[1375,-77]],[[423002,276671],[110,549]],[[423112,277220],[177,891]],[[437069,284814],[-1184,-6022]],[[434347,277980],[-2698,156],[-1682,-721]],[[422797,275669],[205,1002]],[[415990,282526],[-5756,-1994],[2487,-4275]],[[412721,276257],[-29,2]],[[412692,276259],[-4717,7037],[-571,475]],[[407404,283771],[-1274,2318]],[[406130,286089],[9860,-3563]],[[387471,298380],[6700,-5451],[8937,-7346]],[[403108,285583],[-1994,-349]],[[401114,285234],[-129,76],[-4143,3091],[-6834,5170],[-6188,3859]],[[423002,276671],[-1297,103],[95,527],[1312,-81]],[[403108,285583],[2956,-2432],[4506,-6771]],[[410570,276380],[-763,362],[-2888,1454],[-5805,7038]],[[404819,285873],[1140,-938]],[[405959,284935],[4628,-8539],[-17,-16]],[[403108,285583],[1711,290]],[[405415,285965],[544,-1030]],[[404819,285873],[596,92]],[[412692,276259],[-1122,67],[-4166,7445]],[[389206,298831],[11270,-9370],[4343,-3588]],[[389857,299000],[15503,-12930],[55,-105]],[[389206,298831],[651,169]],[[415990,282526],[4209,-1547]],[[420199,280979],[441,-1587],[2730,-857]],[[422797,275669],[-10076,588]],[[420199,280979],[3398,-1249]],[[405222,263660],[-5847,-2922]],[[399375,260738],[-1148,560],[634,1213],[5744,1519],[617,-370]],[[401866,257484],[720,-685],[6144,2307],[-913,740]],[[407817,259846],[2021,824]],[[409838,260670],[883,-804],[1078,406],[-897,832]],[[410902,261104],[7932,3295],[3171,1291]],[[422005,265690],[-7255,-6584],[-13324,-2906],[-8784,-1837]],[[392642,254363],[9224,3121]],[[409838,260670],[1064,434]],[[410338,275810],[618,-36]],[[410956,275774],[1965,-2880]],[[412921,272894],[-2745,-1121]],[[410176,271773],[-1098,530],[1260,3507]],[[413094,275649],[1422,-2113]],[[414516,273536],[-1595,-642]],[[410956,275774],[2138,-125]],[[420820,275187],[-6142,-1586],[-162,-65]],[[413094,275649],[7726,-462]],[[412921,272894],[249,-365]],[[413170,272529],[-2523,-982]],[[410647,271547],[-471,226]],[[414516,273536],[258,-384]],[[414774,273152],[-1604,-623]],[[420820,275187],[1264,-77]],[[422084,275110],[-6816,-1757],[-494,-201]],[[379818,254989],[-317,262],[1014,379],[300,-256],[-997,-385]],[[394240,263444],[-1540,-1792],[-5629,-2332],[-7048,-2723]],[[380023,256597],[6171,2723],[8046,4124]],[[401866,257484],[4137,1622],[1814,740]],[[400594,265246],[641,211],[322,-95],[241,131],[1233,852]],[[403031,266345],[1343,73],[-758,-448],[195,-200],[-695,-374],[17,-166],[-319,-167],[-378,85],[-2975,-1553],[46,-180],[-492,-248],[-173,57],[-907,-560]],[[397935,262664],[-412,543]],[[397523,263207],[195,5],[994,524],[-46,146],[497,274],[266,-35],[1128,672],[37,453]],[[407146,268621],[56,-520]],[[407202,268101],[-2270,-1209],[-195,-155],[-1243,-80]],[[403494,266657],[678,464],[2974,1500]],[[397935,262664],[-402,-248],[-4465,-1844],[-190,1],[-2909,-1253],[-6549,-2742],[-509,485],[5365,2257],[3500,1331],[112,293],[478,195],[158,-104],[2099,765],[22,80],[2573,1098],[-75,77],[283,149],[97,3]],[[406996,269991],[150,-1370]],[[403494,266657],[-463,-312]],[[400594,265246],[-1060,932]],[[399534,266178],[7462,3813]],[[393672,286712],[5267,-2859],[1382,-3844]],[[400321,280009],[-7431,6373]],[[392890,286382],[782,330]],[[392890,286382],[-2966,2561],[-3787,3326]],[[386137,292269],[2244,-63],[2830,-2960],[2461,-2534]],[[815418,94478],[619,448]],[[435699,277902],[-616,-2989],[-9566,594]],[[800321,87211],[-10098,-1429]],[[790223,85782],[9309,1860]],[[671698,138768],[-56,-23],[-3007,-1890],[-4948,2686],[-8852,-2048]],[[654835,137493],[1543,746],[5554,2749],[4429,466],[5337,-2686]],[[846087,108627],[-6669,3300]],[[839418,111927],[517,390],[1014,713],[1287,823],[1852,1144],[497,295],[1448,816],[665,339],[522,247],[541,234],[821,338],[909,356],[1270,454],[448,150],[1031,328]],[[831093,105608],[2377,-645],[3593,-488],[2433,153]],[[837487,103425],[-4573,438],[-2996,912]],[[829918,104775],[1175,833]],[[845628,108350],[-6636,3262]],[[838992,111612],[426,315]],[[844152,130322],[148,-593]],[[844300,129729],[-1445,-127]],[[842855,129602],[1297,720]],[[842855,129602],[-6221,-3506]],[[836634,126096],[-441,2915]],[[836193,129011],[6662,591]],[[839819,131811],[4980,-504]],[[844799,131307],[-204,-67],[-290,-82],[-310,-61],[-341,-43],[-422,-33],[-472,-23],[-729,11],[-1487,70],[-911,54],[-2103,134],[-1679,10]],[[835851,131277],[-86,564]],[[835765,131841],[2340,8],[1714,-38]],[[835765,131841],[-73,485]],[[835692,132326],[4127,-515]],[[844676,130614],[-524,-292]],[[836193,129011],[-132,878]],[[836061,129889],[8615,725]],[[844799,131307],[951,-96]],[[845750,131211],[-1074,-597]],[[836061,129889],[-210,1388]],[[867333,132502],[-2917,-1751]],[[864416,130751],[-3392,1873]],[[861024,132624],[6309,-122]],[[867333,132502],[17816,-358]],[[874009,125516],[-9593,5235]],[[434796,696402],[-295,-273],[-3559,-629],[-5673,90],[-4185,869],[-4494,289],[-575,2463],[460,3056],[-577,1712]],[[415898,703979],[4550,-1834],[4821,-1904],[9527,-3839]],[[415898,703979],[-473,1404],[9966,-2393],[4401,-2057],[4635,-1605],[1280,-2083],[-911,-843]],[[379906,708000],[5891,2951],[641,3013],[-2381,1068],[1742,1624],[5998,493],[6731,-1985],[4229,-2422],[2144,-2392],[386,-2075],[-4858,-454],[-3217,-443],[-2861,-1103],[-2893,-297],[-2785,1093],[-2728,-60],[-1684,-1908],[-4603,-109],[-466,1304],[714,1702]],[[648697,680514],[4095,469]],[[652792,680983],[-805,-2445]],[[647816,677915],[7,124],[92,169],[69,135],[53,215],[16,147],[-46,158],[-78,163],[-148,243],[-47,118],[-19,111],[19,89],[71,110],[88,90],[217,168],[380,327],[207,232]],[[640723,679474],[1203,261]],[[641926,679735],[6771,779]],[[640970,660466],[-758,18460]],[[640212,678926],[511,548]],[[640474,679420],[249,54]],[[640212,678926],[-9,216]],[[640203,679142],[271,278]],[[653186,682179],[-147,-446]],[[653039,681733],[-4763,-619]],[[648276,681114],[4910,1065]],[[653317,682579],[-613,-138]],[[652704,682441],[-171,57],[-514,224],[-198,67],[-529,134],[-857,212],[-220,32],[-331,30],[-268,4],[-237,-5],[-282,-37],[-527,-79],[-475,-50],[-161,-35],[-682,-185],[-171,-31],[-263,-30],[-1404,-124],[-227,-38],[-285,-74],[-297,-118],[-495,-276],[-146,-68],[-124,-40],[-527,-140],[-180,-55],[-181,-77],[-214,-124],[-288,-243],[-158,-123],[-144,-73],[-146,-48],[-344,-83],[-99,-33],[-164,-88],[-468,-321],[-772,-551]],[[640155,680052],[-346,8863],[-54,2067]],[[639755,690982],[1014,467],[9687,11299],[6620,2115],[10755,3355],[8030,2528],[8779,2792],[7238,2266],[20301,-18690],[-1615,-559],[14865,-17550],[-6027,-13529],[-2557,2275],[-7259,2361],[-2537,1475],[-5876,5807],[-770,259],[-6856,1053],[-16050,2544],[-6851,3527],[-7036,798],[-9286,62],[-1007,-3058]],[[652704,682441],[-7946,-1787]],[[644758,680654],[-4603,-602]],[[653317,682579],[-131,-400]],[[648276,681114],[-6350,-1379]],[[640474,679420],[-151,-32],[-128,-49]],[[640183,679587],[254,99],[4321,968]],[[653039,681733],[-247,-750]],[[694766,24087],[3429,1973],[1535,-805]],[[700383,24933],[1473,-772],[-3847,-2226]],[[507758,125038],[8118,-2166]],[[515876,122872],[-24731,-19415],[-15359,-12153]],[[475786,91304],[-23894,9934]],[[451892,101238],[21933,9440],[33933,14360]],[[408808,118986],[1962,-793]],[[410770,118193],[26426,-10899],[8979,-3680],[5717,-2376]],[[475786,91304],[10646,-4461],[5919,-2457]],[[492351,84386],[3254,-1364]],[[495605,83022],[9186,-3865],[41873,-17414]],[[546664,61743],[-20381,-13396]],[[526283,48347],[-5648,2247],[-2905,818],[-1462,-839],[-2588,1354],[-17019,330],[-4309,8185],[-56,139],[-718,400],[-6188,352],[-9308,474],[-10579,4824],[-1428,1462],[-4918,5431],[-10616,5064],[-5057,953],[-8376,1613],[-14167,2099],[-12995,6621],[-6108,-3083],[6310,-5142],[122,-1297]],[[408270,80352],[-4614,3067],[-2442,1384],[-4945,2365],[-41,320],[-1691,887],[-771,812],[-3070,1924],[-5343,1394],[-6899,-122]],[[378454,92383],[-1255,5532],[-3697,3541],[-2757,2699],[-15091,1406],[-1207,-102]],[[354447,105459],[3657,885],[9339,2305],[25480,6338],[15885,3999]],[[520843,90947],[30516,9528]],[[551359,100475],[2803,-7068]],[[554162,93407],[12363,-10384]],[[566525,83023],[2849,-6409]],[[569374,76614],[-8249,-5402]],[[561125,71212],[-14461,-9469]],[[495605,83022],[25238,7925]],[[562860,95379],[-8698,-1972]],[[551359,100475],[4409,1273],[7092,-6369]],[[562860,95379],[29,-26],[3636,-12330]],[[566525,83023],[7302,-3494],[-4453,-2915]],[[343656,127116],[23182,6410]],[[366838,133526],[10829,-3778],[31141,-10762]],[[354447,105459],[-116,-28],[-2976,6536],[-699,1457],[-6008,-2851],[-9144,2619],[-3929,598],[-7538,8102]],[[324037,121892],[19619,5224]],[[537360,108509],[6103,-2468],[4737,-3366],[3159,-2200]],[[520843,90947],[-4196,8001]],[[516647,98948],[9276,4309],[11437,5252]],[[492351,84386],[17291,10398],[7005,4164]],[[515876,122872],[13300,-3549],[3095,-8784],[5089,-2030]],[[393018,77723],[-3529,865],[-972,1125]],[[388517,79713],[1562,1190],[1779,-2027],[1160,-1153]],[[407068,79253],[-12008,-2030],[-2042,500]],[[388517,79713],[-2259,2615],[4306,2279],[-234,4559],[-4158,1126]],[[386172,90292],[1614,596],[1052,-198],[2808,-2479],[3322,-1825],[2493,-1035],[5881,-3297],[1128,-402],[2598,-2399]],[[408270,80352],[70,-747],[-372,-199],[-900,-153]],[[386172,90292],[-7718,2091]],[[193804,316428],[955,-201],[9572,-2032],[7069,-4116],[3869,-2305],[-1659,-9399],[-2036,-3976],[2161,-5371],[6020,-4203],[5580,-3208]],[[225335,281617],[-1333,-476],[-4463,-1675],[2898,-1907],[5803,-3759],[5647,1948]],[[233887,275748],[6149,-2856],[4691,-2210],[4516,-4169],[9303,-1186],[4801,-1678],[2084,-1985],[8320,-1106],[2841,-1123],[1918,-1554]],[[278510,257881],[-2848,-2433],[8598,-1946]],[[284260,253502],[4560,614],[6520,906],[-771,4291],[987,549],[237,117]],[[295793,259979],[1817,-2434],[1137,-2095]],[[298747,255450],[1414,-2023],[717,-768],[617,-486],[866,-574],[1387,-818],[1860,-697],[2115,-610],[3050,-541],[2455,-168],[2912,53],[4555,418],[313,-86],[7111,984],[1812,332],[1089,171],[1238,230],[1674,326],[1850,560],[1727,659]],[[337509,252412],[2535,165],[4177,127]],[[344221,252704],[10341,-15963],[15988,-24374]],[[370550,212367],[-20930,-4496],[-58694,-12322],[-62917,-13036],[-8227,-1685],[-8375,-1667]],[[211407,179161],[-17345,-3476]],[[194062,175685],[-8590,1622],[-1093,3155],[-752,2265],[-4909,3257],[-12289,1025],[-8031,-2732],[-5690,-3761],[-6604,-785],[5760,3238],[-2597,2726],[-5028,-130],[6583,9017],[-4665,5668],[2159,5087],[-5739,2527],[-2206,992],[-989,3202],[-13342,5601],[-7496,506],[-8334,585],[3014,2940],[-6216,3437],[-8962,-3184],[-4097,250],[-3497,4649],[-6760,133],[628,7106],[7402,681],[3049,2934],[4724,690],[6904,3237],[4377,9667],[9402,-1390],[-1292,4940],[-1462,1141],[-6519,620],[-1636,2808],[-5615,455],[2195,4016],[-5648,751],[713,3795],[-2947,2993],[-7002,1731],[-8649,2550],[1448,2945],[-4026,3872],[-3253,3171],[-5419,1044],[-1020,1156]],[[70046,287888],[123758,28540]],[[225335,281617],[5739,-3320],[2813,-2549]],[[278510,257881],[5750,-4379]],[[313154,255786],[13,-1394],[-5344,-74],[-48,1438]],[[307775,255756],[5379,30]],[[299699,255618],[234,-148],[739,-1037],[844,-983],[1558,-1369],[1307,-736],[1700,-750],[2736,-715],[1591,-263],[3074,-252],[2143,32],[2635,143],[2452,329],[2264,261],[1324,111],[2886,391],[1170,174],[1520,291],[2126,340],[2172,544],[927,366]],[[335101,252347],[493,-65],[1915,130]],[[298747,255450],[952,168]],[[313154,255786],[2332,6],[3056,-1010],[3831,-1287],[3092,147],[9636,-1295]],[[299699,255618],[-631,1178],[-568,832],[-874,1542],[285,48],[-1109,1258]],[[296802,260476],[636,314],[5250,-1477],[5087,-3557]],[[295793,259979],[1009,497]],[[288317,335505],[53361,-78945]],[[341678,256560],[-6546,1008],[1000,-1465],[3445,-483]],[[339577,255620],[-413,-161],[-1298,-826],[-129,-359],[-1059,-1088]],[[336678,253186],[-596,-33],[-10520,1567],[-2542,-197],[-6617,2289],[-7265,-130],[-3890,2628],[-2376,1350],[-4743,788]],[[298129,261448],[67,119],[-901,19]],[[297295,261586],[-998,166],[-546,-308]],[[295751,261444],[-270,71],[-973,468],[-1745,1428],[-843,448],[-1908,1353],[-3032,1860],[-1363,1277],[-1335,1634],[-3670,2651],[-1407,695],[-5788,1672],[-6544,1613],[-2303,573],[-1228,350],[-2269,929],[-1070,575],[-1145,877],[251,374],[-363,254],[-1046,-107],[-1689,979],[-1842,1193],[-1087,619],[-1124,470],[-2588,917],[-7075,844],[-1925,192],[-3049,-77],[-1392,-116],[-1014,-151],[-555,-172],[-3182,-534]],[[231178,284603],[289,159],[-4083,2353],[-4206,2377],[-4537,-2525]],[[218641,286967],[-2520,2057],[-2782,5572],[1870,3548],[1091,5566],[787,4221],[-4378,2573],[-7799,4549],[-8631,1946]],[[196279,316999],[92038,18506]],[[231178,284603],[-2702,-454],[-1423,134],[-960,-227],[-380,142],[-1477,159],[-1197,78],[-75,-220]],[[222964,284215],[-2960,1639],[-1363,1113]],[[246767,271264],[-4231,1976],[-8252,3769],[-32,28]],[[234252,277037],[4170,2877],[12547,-5682],[-4202,-2968]],[[275655,261054],[-7870,1207],[-2564,2084],[-5910,2349]],[[259311,266694],[13068,1064],[4146,-5791],[-870,-913]],[[341678,256560],[148,-218]],[[341826,256342],[-1431,-388],[-818,-334]],[[339577,255620],[1976,-270]],[[341553,255350],[-958,-380],[-1279,-669],[132,-140],[-413,-579],[-457,-292]],[[338578,253290],[-1900,-104]],[[341553,255350],[1049,-146]],[[342602,255204],[1052,-1624]],[[343654,253580],[-5076,-290]],[[342318,255622],[284,-418]],[[341553,255350],[765,272]],[[341826,256342],[492,-720]],[[229636,283753],[897,154],[1304,111],[4433,745],[2462,259],[2995,-140],[5893,-753],[1214,-240],[731,-185],[1594,-442],[1165,-480],[1062,-499],[3990,-2427],[1920,-1305],[2101,-1044],[1424,-544],[1030,-314],[4158,-1096],[3904,-939],[3259,-820],[487,-168],[675,-124],[2304,-799],[1128,-567],[2028,-1264],[780,-563],[826,-870],[-205,-644],[244,-436],[799,-189],[22,-139],[587,-226],[507,-394],[658,-715],[2791,-1881],[1389,-730],[1665,-998],[892,-661],[755,-713],[578,-664],[215,-424]],[[294297,260625],[-2086,-1318],[826,-3392],[-7676,-1061],[-6134,4571],[-3572,1629]],[[259311,266694],[-8291,708],[-4253,3862]],[[234252,277037],[-2832,2483],[-4716,2616]],[[226704,282136],[2932,1617]],[[295751,261444],[-1454,-819]],[[229636,283753],[1542,850]],[[298129,261448],[-834,138]],[[226704,282136],[-2185,1214]],[[224519,283350],[804,-42],[529,-15],[1525,70],[2259,390]],[[224519,283350],[-1555,865]],[[240825,404371],[20713,-29960]],[[261538,374411],[-19587,-3784],[-22239,-4344],[-32978,-6632],[-31929,-6481],[-58896,-11388],[-44766,-8385]],[[51143,333397],[-4047,1339],[2308,3276],[-2767,1251],[-2281,-935],[-5291,3581],[1928,1484],[-12776,8106],[-1127,3835],[1197,821],[-3414,4182],[-10262,2610],[2298,1537],[-2700,5353],[5604,4400],[-482,1138],[924,1600],[3775,6389],[7120,1353],[8508,3899],[1061,4550],[-7780,3409],[-1632,1240],[-1442,1054],[-6236,1775],[-9528,1020],[-4081,-753],[-5985,388],[-2954,962],[-1081,2949],[2919,6172],[4183,4143],[177,2344],[-839,2484],[-1406,1014],[3161,4850],[71,1231],[3964,3989],[1732,3005],[11763,-3679],[2151,-2680],[1554,-1993],[7232,-4317],[6510,-564],[4289,-1453],[10326,-3523],[8745,-2028],[2797,-99],[9942,-3593],[4822,-1768],[-9308,-1298],[-2755,-932],[-15615,-438],[-6912,-408],[7140,-604],[8145,365],[8518,349],[4186,1284],[9781,580],[7769,3809],[7727,-2242],[4203,-3168],[7171,-5468],[6420,-329],[-7815,-4354],[8257,-657],[15901,-11030],[-1904,-3846],[9068,-2712],[6480,-1901],[8306,2978],[1590,3896],[6250,-1539],[97,4220],[7003,-2144],[4157,1324],[-5012,7197],[6761,-1376],[14005,5955],[-6571,4072],[2146,1616],[15192,511],[8500,5042],[5959,1076],[13825,-3204],[8067,-998]],[[261538,374411],[14776,-21173],[12003,-17733]],[[196279,316999],[-10716,2446],[-5288,1544],[-12163,221],[12364,-1200],[6194,-2080],[7134,-1502]],[[70046,287888],[-317,359],[1351,2538],[-2376,2161],[-4659,-202],[-4100,-206],[-10252,8530],[2844,1912],[-2449,4541],[4529,2638],[-5456,10806],[-5438,876],[7154,5198],[-2436,2474],[5616,-328],[1395,1207],[10,1591],[-4319,1414]],[[544190,59424],[2165,-1008]],[[546355,58416],[3843,-1751]],[[550198,56665],[-344,-1040],[-2841,-989],[-254,-1091],[1090,-1122],[-676,-1614],[136,-566]],[[547309,50243],[-3136,-1980],[-5461,-3510]],[[538712,44753],[-1253,351],[-2822,409],[-3739,1200],[-860,134]],[[530038,46847],[-2696,1417]],[[527342,48264],[16848,11160]],[[567302,25998],[-4570,-171]],[[562732,25827],[4606,2901],[2374,-1158],[-2410,-1572]],[[537174,43772],[431,-48],[4260,-260],[3113,436],[2917,822],[1932,1531],[386,1575],[-576,2544],[-107,1275]],[[549530,51647],[4867,3121]],[[554397,54768],[12282,-5595]],[[566679,49173],[-7025,-4779],[-4528,-3043],[-8847,-5998],[-10135,4720]],[[536144,40073],[-820,2534]],[[535324,42607],[1850,1165]],[[567351,70880],[-4834,299]],[[562517,71179],[6070,1224],[-1236,-1523]],[[566679,49173],[7761,-3532]],[[574440,45641],[-22119,-15019]],[[552321,30622],[-15425,7129],[-752,2322]],[[551970,55864],[2427,-1096]],[[549530,51647],[-102,1221],[2542,2996]],[[535324,42607],[-614,1803],[-1562,815]],[[533148,45225],[880,-206],[2088,-929],[890,-274],[168,-44]],[[538712,44753],[-1538,-981]],[[533148,45225],[-3110,1622]],[[550198,56665],[1772,-801]],[[549530,51647],[-2221,-1404]],[[547309,50243],[579,-2413],[-451,-1488],[-2939,-1925],[-4482,30],[-1304,306]],[[561984,71212],[533,-33]],[[567351,70880],[4498,-2167]],[[571849,68713],[-3326,-1018]],[[568523,67695],[-4714,2187],[-9531,-6278],[-7923,-5188]],[[544190,59424],[8518,5621],[9276,6167]],[[571849,68713],[1097,-529]],[[572946,68184],[-3149,-1080]],[[569797,67104],[-1274,591]],[[568523,67695],[-5289,-1589],[-4255,-1483],[-4170,-2465],[-553,-1130],[-2082,-343],[-531,-632],[597,-1181],[-1771,-1394],[-271,-813]],[[569797,67104],[-4333,-1477],[-1891,-345],[-5062,-2353],[-1182,-1240],[-2247,-999],[124,-1011],[-3236,-3815]],[[370550,212367],[30713,-46958]],[[401263,165409],[11494,-17983]],[[412757,147426],[-6123,1546],[-4672,4187],[-3380,867],[-6483,4053],[-7411,16],[-4918,1050],[-6712,5959],[-7611,79],[1,226],[-2383,317],[-3521,1805],[-7553,3918],[-3785,-91],[-4502,1557],[-6338,-184],[-9053,2611],[-5611,1632],[-4089,2464],[-4438,1303],[-6815,-225],[-5624,738],[3606,-1353],[4713,64],[3766,71],[4199,-1155],[3863,-2539],[14926,-4329],[7169,155],[4603,-1829],[3157,176],[9906,-5106],[3233,-679],[7038,-96],[6232,-6023],[6088,-1284],[7141,-141],[6392,-4013],[3293,-732],[4564,-4148],[7712,-1771]],[[413337,146522],[-31206,-8749],[-11123,-3082],[-4170,-1165]],[[343656,127116],[-18392,5664],[-8503,2624],[-5679,1766],[-6208,3915]],[[304874,141085],[-11005,3938],[-17646,-4930]],[[276223,140093],[-7569,2446],[-4054,-395]],[[264600,142144],[-4377,-514],[-7467,-911],[-10058,4423],[8251,3531],[-2167,3615],[-2004,649]],[[246778,152937],[-2110,5253],[-9670,-1419]],[[234998,156771],[-4929,5376]],[[230069,162147],[4502,2722],[-1170,2325],[-4341,905]],[[229060,168099],[-6096,4670],[-5057,3654],[-6500,2738]],[[229060,168099],[-6866,-2318],[-2506,-1041]],[[219688,164740],[0,993],[0,61],[-2290,0],[-706,1851],[-4490,2328],[-14197,-357],[-3943,6069]],[[230069,162147],[-10381,286],[0,2307]],[[246778,152937],[-5639,1825],[-6141,2009]],[[276223,140093],[-2160,-5915]],[[274063,134178],[-9463,7966]],[[304874,141085],[-1942,-12901]],[[302932,128184],[-7077,118]],[[295855,128302],[-4850,804]],[[291005,129106],[-6043,1398],[-210,-155]],[[284752,130349],[-10689,3829]],[[302932,128184],[-126,-819]],[[302806,127365],[-1067,-596]],[[301739,126769],[-5014,824]],[[296725,127593],[-870,709]],[[291005,129106],[-5282,885],[-971,358]],[[643893,75152],[-804,-194],[-2767,-858]],[[640322,74100],[3927,2442],[-356,-1390]],[[643837,74905],[-2064,-608],[-2350,-752]],[[639423,73545],[899,555]],[[643893,75152],[-56,-247]],[[343654,253580],[567,-876]],[[326079,280593],[3656,-5428],[13946,-20396],[11627,-17765],[33689,-51386],[7235,-11118],[5959,-9091],[-928,0]],[[240825,404371],[643,-80],[35514,-51053],[11936,-17637]],[[412757,147426],[580,-904]],[[561125,71212],[859,0]],[[527342,48264],[-838,-5],[-221,88]],[[562119,127524],[1618,-2834],[-1284,-544],[-1034,1851],[700,1527]],[[625917,22262],[10621,-4960]],[[623448,8490],[-2105,1005],[-8340,4034]],[[613003,13529],[12914,8733]],[[615303,27201],[9603,-4455],[1011,-484]],[[613003,13529],[-10543,5050]],[[602460,18579],[3070,2072],[9773,6550]],[[599697,28395],[2019,-939],[590,374],[1228,-583],[-2,-24],[-1158,-759],[-1272,584],[419,272],[-2027,942]],[[599494,28262],[203,133]],[[599697,28395],[5415,3536]],[[605112,31931],[5149,-2379]],[[610261,29552],[-5649,-3759],[-7227,-4756]],[[597385,21037],[-5135,2475]],[[592250,23512],[7244,4750]],[[610261,29552],[5042,-2351]],[[602460,18579],[-5075,2458]],[[598134,35164],[6461,-2998]],[[604595,32166],[-5343,-3490],[-7077,-4667],[-423,-259]],[[591752,23750],[-1734,831],[0,2464],[1833,1222],[239,161],[1810,1369],[1136,1269],[3098,4098]],[[592250,23512],[-498,238]],[[604595,32166],[517,-235]],[[649248,38009],[29,-45],[3846,-3521],[3789,-3427]],[[650655,26825],[-9023,4380],[-149,1563]],[[641483,32768],[34,38],[7731,5203]],[[651340,39433],[10744,-4906]],[[657954,31715],[-4285,3410],[-3108,3781],[779,527]],[[638108,30496],[10645,-4957]],[[625917,22262],[5627,3773],[6564,4461]],[[631636,38177],[2589,-1000],[856,-1864],[2588,-323],[2605,-3048],[-1681,-1127]],[[638593,30815],[-10573,4946]],[[628020,35761],[3616,2416]],[[639995,43777],[8512,-3996],[741,-1772]],[[641483,32768],[-2810,2970],[-2449,335],[-514,1580],[-3097,1186]],[[632613,38839],[7382,4938]],[[627528,35430],[10580,-4934]],[[615303,27201],[12225,8229]],[[630159,48263],[1305,-991],[3943,-604],[5352,-2380],[-764,-511]],[[632613,38839],[-2809,1076],[-709,1895],[-1487,771],[18,2326],[-1158,947]],[[626468,45854],[3691,2409]],[[625318,45108],[1079,-717],[-161,-2368],[1962,-1078],[373,-1584],[3065,-1184]],[[628020,35761],[-4048,1878],[-5888,2772]],[[618084,40411],[7234,4697]],[[605112,31931],[6114,3993],[6385,4151],[9917,-4645]],[[467200,131263],[5452,-112],[11661,-202]],[[484313,130949],[-2880,-1184],[-8964,-3624],[-5269,3863]],[[467200,130004],[0,1259]],[[467200,133217],[7372,-558]],[[474572,132659],[4523,-1490],[1609,1962],[3753,-872]],[[484457,132259],[-125,-1135],[-19,-175]],[[467200,131263],[0,1954]],[[479383,135469],[-5545,-280],[98,1408],[5520,-118],[-73,-1010]],[[467200,140800],[6227,-77]],[[473427,140723],[2030,-28],[-78,-2004]],[[475379,138691],[-8179,189]],[[467200,138880],[0,1920]],[[467200,140800],[0,2042],[6227,-2119]],[[484918,138470],[-9539,221]],[[473427,140723],[4004,1994],[5849,2872],[2235,-312],[-597,-6807]],[[484918,138470],[-39,-453]],[[484879,138017],[-1933,47]],[[482946,138064],[-15746,387]],[[467200,138451],[0,429]],[[649228,25868],[-10635,4947]],[[625318,45108],[1150,746]],[[630961,48786],[3398,2218]],[[634359,51004],[69,-684],[-2196,-1620],[-549,-269],[1721,-780],[497,153],[5669,-403],[2764,-2061]],[[642334,45340],[1062,-2009],[-68,-249],[4389,-1983],[3623,-1666]],[[630159,48263],[802,523]],[[651340,39433],[12023,8134]],[[642334,45340],[53,41],[10560,7104]],[[655263,64547],[-4778,-10412]],[[650485,54135],[-6648,2995],[6720,4384],[4706,3033]],[[634359,51004],[8976,5817],[6945,-3133]],[[644427,69636],[2601,-1209],[7706,-3638]],[[654734,64789],[-4109,-2645],[-6444,-4210],[-894,-561],[-10746,4840]],[[632541,62213],[3112,1926],[7680,4825],[1094,672]],[[286793,492462],[1303,-3363],[-1676,-2384],[-1753,-447],[-1333,-1398],[-1962,-674],[-2861,-5037],[838,-3323],[-2239,-3232]],[[277110,472604],[-17372,7741]],[[370892,500743],[5435,1490],[11393,699]],[[387720,502932],[1823,-4471],[-7053,-8036],[-4738,-858],[-5244,-1607],[-1899,-927],[-11944,-4074],[-9819,-6441],[-15548,133],[-1847,-784],[-1492,-321],[-3180,585],[-11594,-1081],[-8089,309],[-2707,-1576],[-4490,-4358],[-1537,-990],[-4865,-2092],[-11247,1579],[-2815,681],[-4390,-671]],[[275045,467932],[771,1235],[4382,6757],[-744,3526],[2413,4458],[1884,512],[1431,1488],[1983,626],[1823,2600],[-1592,3728]],[[275045,467932],[-1362,-208],[3427,4880]],[[379593,296254],[6544,-3985]],[[400321,280009],[6670,-9984],[5,-34]],[[399534,266178],[-5294,-2734]],[[380023,256597],[-11888,-4984],[-3934,-1671]],[[364201,249942],[-9930,9378],[-22774,22824]],[[882857,189618],[-17991,-268],[-9766,-7205],[-11074,-8134],[-35275,-2742],[-29969,-2267]],[[770815,170159],[-8974,1292],[-9456,3401],[-1906,2111],[10553,7259],[6010,4105],[8991,3408],[22919,8640],[1355,489]],[[800307,200864],[3887,3238],[21576,17845]],[[837351,234545],[95,-23],[2156,-184],[266,-86],[17036,-3016],[20540,-3677],[7628,-5267],[2810,-558],[3433,-669]],[[891315,221065],[2288,-1579]],[[893603,219486],[-179,-239],[890,-1145],[3926,-3546],[3229,-2875],[2347,-436],[-2181,-4285],[-2764,-5361],[-14598,-2620],[3495,-609],[-4911,-8752]],[[891315,221065],[3030,-590],[-742,-989]],[[633622,72854],[52,37],[413,186],[493,76],[190,-11],[353,-31],[1163,-216],[8,-2]],[[636294,72893],[-816,-473]],[[635478,72420],[-636,119],[-226,2],[-177,-64]],[[634439,72477],[-817,377]],[[549979,589120],[-857,-2276],[-11718,-865],[-8559,-6262],[-11998,-3709],[-901,-453]],[[515946,575555],[-1076,751],[2115,1150],[-6422,2453],[-7634,-4927],[4006,-3979]],[[506935,571003],[-600,-4803],[-2366,-4987],[-5940,-3886],[-6748,-4377],[-12707,-8332],[-2211,-247],[-497,-322],[953,-560],[-10651,-3953]],[[466168,539536],[-971,993]],[[515946,575555],[-7135,-3592],[-1876,-960]],[[466168,539536],[1725,-4756],[-1958,-323],[-1920,-1974],[-3680,-38],[-15074,-8209],[-12546,-2164],[-4731,4009]],[[877910,316704],[6668,-1240]],[[864652,317451],[792,1555]],[[568194,271094],[-331,10642]],[[858790,321087],[6339,13179]],[[865129,334266],[6780,-947],[341,-944]],[[582833,675476],[22142,4514],[7852,3553],[2674,1191],[10287,-167],[9258,4241],[4709,2174]],[[619390,674244],[-247,-33],[-578,8],[-295,-34],[-266,-55],[-443,-134],[-502,-195],[-229,-75],[-1580,-403],[-238,-45],[-1019,-116],[-641,-94],[-261,-53],[-953,-248],[-380,-65],[-319,-27]],[[828273,103608],[1645,1167]],[[482946,138064],[-339,-4556]],[[482607,133508],[-3331,589]],[[479276,134097],[107,1372]],[[479383,135469],[73,1010],[-5520,118],[-98,-1408],[5545,280]],[[479276,134097],[-697,-1886],[-8791,2990],[-2588,1519]],[[467200,136720],[0,1731]],[[421965,520086],[-8608,-4297],[-13773,-2307],[-11864,-10550]],[[896501,299275],[-6952,-1942],[-7524,-2078],[-12855,-3613],[-31148,-8522],[-55945,-15575]],[[762998,262166],[-4865,-1374]],[[758133,260792],[-9534,10376],[-59561,-20846]],[[689038,250322],[-4128,4342]],[[684910,254664],[100140,32349],[-26436,33480]],[[758614,320493],[15054,-1072],[64321,-4811],[17003,-1445]],[[684910,254664],[-4303,4526],[-10540,12070]],[[650430,294974],[103,-109],[63470,15949],[14571,3165],[21795,4740],[8245,1774]],[[758133,260792],[-62318,-17598]],[[695815,243194],[-6777,7128]],[[837007,237708],[-602,-2181]],[[800307,200864],[-47517,4380],[-22010,1971],[-16804,16544],[-18161,19435]],[[303789,126844],[1564,-857]],[[305353,125987],[-2324,433]],[[303029,126420],[760,424]],[[302840,127365],[949,-521]],[[303029,126420],[-1440,269]],[[301589,126689],[150,80]],[[302806,127365],[34,0]],[[303029,126420],[-684,-381],[-979,531]],[[301366,126570],[223,119]],[[305353,125987],[3757,-2061]],[[309110,123926],[-3698,-2018],[-4817,2874],[-1224,723]],[[299371,125505],[1400,746],[595,319]],[[299371,125505],[-238,135],[-2408,1953]],[[861739,311946],[2486,4844]],[[625552,676494],[-114,-209],[-78,-111],[-129,-107],[-159,-105],[-214,-130],[-147,-117],[-665,-824],[-256,-224],[-251,-202],[-209,-214],[-147,-202],[-163,-231],[-275,-314],[-147,-192],[-78,-134],[-41,-125],[-2,-119],[33,-131]],[[567707,286590],[-356,11036],[-58,848],[-7073,-3044],[-8318,-3540],[3034,-10840],[714,-5459],[-12729,-1123],[-3699,-1822],[-6639,253],[-11901,422],[-648,292],[-17889,2841],[-4206,-386]],[[485812,310179],[-4036,2040]],[[481776,312219],[-2137,1147],[-695,1925],[-2140,1088],[-870,1714],[-1920,1098],[-2416,2302],[81,2653]],[[422084,275110],[602,-37]],[[422686,275073],[-612,-3085],[-7681,-2242],[-3746,1801]],[[467200,135274],[638,-396],[6734,-2219]],[[467200,133217],[0,2057]],[[854992,313165],[2988,6264]],[[407202,268101],[357,-3273],[-2337,-1168]],[[399375,260738],[-2839,-1418],[-9314,-3915],[-6819,-2716],[-1572,870]],[[378831,253559],[987,1430]],[[379818,254989],[997,385],[-300,256],[-1014,-379],[317,-262]],[[378831,253559],[-8271,-2127],[-7551,-1995]],[[363009,249437],[1192,505]],[[310988,124952],[-5635,1035]],[[302840,127365],[4499,-127],[7510,-179],[-3861,-2107]],[[310988,124952],[-1878,-1026]],[[324037,121892],[-3203,3447],[-5303,-722],[-6106,-863],[-315,172]],[[887098,134499],[-246,-84],[-441,-111],[-711,-146],[-883,-158],[-645,-91],[-359,-34],[-685,-31],[-1779,16],[-4296,136],[-3871,141],[-641,32],[-935,79],[-610,67],[-582,82],[-724,108],[-621,71],[-814,71],[-800,33],[-1289,10],[-3207,-29],[-2143,-64],[-1637,-73],[-2121,-116],[-738,-79],[-339,-52],[-3307,-642],[-1587,-372],[-1155,-283],[-882,-239],[-802,-258],[-1621,-572],[-1828,-604]],[[839819,131811],[723,-16],[1274,-52],[846,-45],[639,-1],[365,23],[373,52],[332,76],[309,99],[726,283],[1611,545],[1192,382],[609,168],[1234,313],[1910,456],[1582,350],[624,130],[758,132],[631,93],[585,77],[619,67],[656,50],[755,44],[2693,70],[2216,100],[1530,31],[1952,16],[1094,-14],[466,-23],[648,-45],[756,-65],[436,-47],[985,-115],[1065,-142],[514,-58],[451,-41],[526,-28],[566,-12],[1479,-4],[1262,-35],[4341,-158],[514,-5],[1338,5],[773,27],[487,38],[539,63],[697,119],[548,109],[431,97],[649,162],[460,135],[152,71]],[[592775,37320],[-772,354]],[[592003,37674],[-1392,638],[-6064,2750],[-7823,3536],[-2284,1043]],[[569797,67104],[6347,-2982],[7418,-3437],[5925,-2774]],[[589487,57911],[1124,-839],[2136,-1594],[1865,-1392],[5335,-713],[100,-4647],[-410,-338],[-4379,-9482],[-2308,-1402],[-175,-184]],[[592003,37674],[-1392,-1582],[-1185,-1268],[-1667,-1289],[-1421,-1690],[-4389,-3450],[-3405,-1942]],[[578544,26453],[-11242,-455]],[[562732,25827],[-10411,4795]],[[592775,37320],[-2164,-2278],[-6086,-6403],[-2532,-655],[287,-225],[-1196,-682],[-663,-549],[-1877,-75]],[[572946,68184],[12259,-5929],[4282,-4344]],[[73665,596485],[6393,1350],[2732,949],[8925,1655],[14749,5788],[6829,2676],[1115,4843],[-491,4116],[999,3380],[2505,4246],[1434,4595],[3698,-1925],[9278,-745],[2628,-1295],[6599,-1208],[4759,-853],[4335,-1440],[4301,-377],[4268,-1579],[480,-1535],[-4039,-835],[1746,-5068],[4697,-942],[2081,-6143],[1496,-4344],[4,-11570],[-4,-142],[4245,0],[6806,-19322],[-22375,6022],[-6152,1668],[-5369,-638],[-30818,-3591],[-851,714],[2709,1395],[-3531,2363],[-9094,1810],[-3195,67],[2432,1347],[73,3987],[-2583,1565],[-5208,-1262],[-679,1784],[-4540,2660],[-4768,154],[-1364,1529],[-6142,906],[-4062,3196],[2949,49]],[[905409,156104],[-142,-267],[5,-131],[115,-615],[146,-1225],[10,-1293],[-39,-288],[-59,-216],[-92,-233],[-110,-212],[-105,-162],[-236,-296],[-156,-185],[-198,-201],[-399,-347],[-359,-266],[-550,-364],[-205,-123],[-636,-340],[-568,-272],[-546,-232],[-643,-247],[-724,-252],[-88,-24],[-74,-11]],[[899756,148302],[5653,7802]],[[703044,85246],[775,284],[1511,320],[1016,86],[434,-132],[577,-806]],[[831093,105608],[5963,4271],[612,680],[966,779],[358,274]],[[442120,503065],[9027,1344],[1492,1345],[5337,4926],[10887,5029],[1009,58],[10107,3441],[2381,1174],[8101,4070],[-2503,1344],[13134,3316],[11218,5586]],[[517767,531563],[17860,-18895],[21368,-1574]],[[556995,511094],[15561,-12302],[8788,-6874],[719,-3084],[1116,-694],[8625,-5690]],[[550121,564149],[7601,-690]],[[557722,563459],[-5844,-7143],[-553,-11205],[-4461,-7584],[-3851,-6408],[2179,-1997],[9697,-9082],[2106,-8946]],[[632357,75413],[1068,-785]],[[633425,74628],[-1558,-775]],[[631867,73853],[-353,201],[310,535],[-240,354]],[[861024,132624],[-1165,-56]],[[859859,132568],[-14109,-1357]],[[882857,189618],[15722,6530],[3743,-684]],[[902322,195464],[1612,-5187],[-3967,338],[-4458,-1658],[6666,-12495],[425,-239]],[[911022,169384],[-9040,-2675],[2354,-10529],[-11028,-15235],[338,-173]],[[894206,138771],[-832,-159],[-21,-249]],[[891063,137183],[-604,-83],[167,-182]],[[889018,136037],[-589,69],[-689,-818]],[[835692,132326],[-1226,8299],[-8025,60],[-3122,-1692],[-3288,1653],[-6873,-678],[-10172,3777],[-1355,4915],[-10105,-46],[-12651,5115],[-6548,2638],[1793,4445]],[[891063,137183],[-437,-265]],[[894206,138771],[-67,-80],[-202,-108],[-275,-114],[-309,-106]],[[770691,98311],[212,-340]],[[770903,97971],[-434,237]],[[770469,98208],[222,103]],[[770903,97971],[141,-226]],[[771044,97745],[-2291,-1112]],[[768061,97090],[2408,1118]],[[724966,103975],[6275,1088],[27540,4691],[3536,-1945],[1982,-2376],[1140,-942],[1519,-1373],[1100,-641]],[[768058,102477],[2633,-4166]],[[722049,103469],[2917,506]],[[703044,85246],[-647,40]],[[702397,85286],[320,537]],[[702717,85823],[336,125],[1970,426],[1133,149],[685,-2],[563,-250],[236,-217],[938,-1098],[122,-42]],[[701431,85345],[966,-59]],[[699722,83849],[-171,478],[393,398],[597,290],[890,330]],[[755713,89842],[1829,375]],[[757542,90217],[-273,-341]],[[757269,89876],[-2151,-1063]],[[753463,88230],[853,884],[1236,624],[161,104]],[[763197,95103],[-2097,-1656]],[[761100,93447],[-35,990]],[[761065,94437],[1157,906]],[[761100,93447],[-2650,-2094],[-908,-1136]],[[755713,89842],[655,422],[1041,1311],[1812,1419]],[[759221,92994],[1844,1443]],[[759221,92994],[-20108,-1561],[-18651,-1491],[-29450,-3333],[-23857,-2700],[-9127,-1041],[-7938,-925],[-1509,-368],[-9005,-2263],[-9324,-2351]],[[630225,76954],[-229,352],[-2974,652],[-1671,1655]],[[625351,79613],[13311,2838],[17070,3664],[23840,5087],[13327,2818],[33176,7043]],[[764150,94869],[-2384,-1852],[-277,67],[-3773,-2987],[-447,-221]],[[771017,98455],[342,-210]],[[771359,98245],[-456,-274]],[[770691,98311],[326,144]],[[771017,98455],[2583,1135]],[[773600,99590],[-2241,-1345]],[[774223,99963],[-623,-373]],[[768058,102477],[549,-320],[2452,-1103],[1706,-616],[1458,-475]],[[774223,99963],[577,-188],[-2162,-1257],[-1594,-773]],[[640195,679339],[8,-197]],[[599192,610358],[-34989,2336]],[[645271,585643],[-3773,-7415],[-13904,-2793],[-5387,-1092]],[[622207,574343],[-2314,33]],[[619893,574376],[-8635,4328],[-8781,-634],[-11630,908],[-3886,3070],[-3354,664],[-6427,2216],[-8866,-239],[-6600,332],[-11230,3919]],[[559567,612811],[44565,-2903],[25044,-1773],[14740,-1055]],[[622207,574343],[-1600,-325],[-714,358]],[[896787,299186],[12087,-5281],[4881,-2160],[300,546]],[[914550,293241],[441,845]],[[914991,294086],[535,-94]],[[907419,279811],[-632,97],[-3979,-6952],[14318,-13253],[4661,-792],[4158,-2508],[3581,-2193]],[[919679,239350],[-13691,2515],[-6395,10144],[-2715,-5110],[-6603,-632],[-1050,3277],[-773,133],[1002,1856],[-19080,3547],[-7485,-13577],[-25538,-2630],[-47,-159]],[[557722,563459],[9027,-810],[6498,-562],[8376,-759],[4085,-6],[26142,-2839],[5092,581],[8447,-5238],[7925,-382],[1977,-109],[7857,-4107],[17189,-5806],[14105,-3845],[3865,-2284],[6680,-7261],[-5044,-6493],[12241,-10445],[107,-73],[28938,-10195],[2085,-127]],[[770815,170159],[-5282,-2417],[-1801,-804],[-5637,1669],[-9505,1357],[-5844,1930],[-28163,5882],[-3443,2367],[-3897,407],[-1765,2498],[-7182,2438],[-4041,-2312]],[[938170,298097],[-14596,10744]],[[922985,308970],[-19173,3393],[-163,-315]],[[865129,334266],[16,32],[-27191,1870],[-27874,1109]],[[810080,337277],[5122,21129],[-1460,245],[-1585,323]],[[812157,358974],[-7566,1546]],[[804591,360520],[-7324,1496]],[[797267,362016],[-7375,1506]],[[789892,363522],[-7375,1507]],[[782517,365029],[-7163,1463]],[[775354,366492],[-7245,1480],[-13798,-20318]],[[754311,347654],[-8967,1812],[-7484,1496]],[[737860,350962],[-9675,1915],[-3125,730]],[[947926,350548],[-11005,-105],[-12328,-99],[193,-296],[21824,-6273],[3390,-7812],[10,-7529],[897,-6933],[136,-5716],[-2851,-3239],[-2644,-7297],[1362,-8740],[-8740,1588]],[[775354,366492],[-13610,-20339]],[[761744,346153],[-7433,1501]],[[782517,365029],[-13428,-20341]],[[769089,344688],[-5827,1158],[-1518,307]],[[789892,363522],[-13569,-20277]],[[776323,343245],[-2145,433],[-5089,1010]],[[797267,362016],[-13447,-20282]],[[783820,341734],[-7497,1511]],[[804591,360520],[-13577,-20240]],[[791014,340280],[-2891,587],[-4303,867]],[[812157,358974],[-13784,-20187]],[[798373,338787],[-7359,1493]],[[810080,337277],[-5311,211],[-6396,1299]],[[724312,502638],[11888,-724],[7331,-465],[1177,-264],[17711,-4157],[20923,-4866],[11730,-4310],[13258,-6886],[4428,-1519],[22624,-14623],[3296,-10616]],[[606030,45456],[11052,-5131],[-10479,-6833],[-2008,-1326]],[[598134,35164],[4584,6005],[3312,4287]],[[938170,298097],[-967,177]],[[937203,298274],[-3471,1087],[-3436,937],[-3552,792],[-5911,1077],[-750,161]],[[937203,298274],[-17565,3223]],[[404855,997987],[11354,2012],[787,-682],[2788,-2413]],[[913585,302612],[-13553,2513]],[[900855,306674],[11930,-3690],[800,-372]],[[919417,302442],[-263,51],[-1367,377],[-1258,379],[-408,-403]],[[916121,302846],[-1230,421],[-1453,266],[-12231,3819]],[[916121,302846],[-601,-593]],[[915520,302253],[-1935,359]],[[915251,301876],[-15431,2875]],[[445379,279774],[4581,-1795]],[[449960,277979],[-2411,-626],[-2170,2421]],[[451146,277959],[-39,-164],[-59,-242]],[[451048,277553],[-538,211],[-550,215]],[[449960,277979],[199,44],[987,-64]],[[444571,280759],[808,-985]],[[445379,279774],[-226,89],[-2467,966]],[[442686,280829],[1885,-70]],[[444571,280759],[7192,-243]],[[451763,280516],[-617,-2557]],[[463132,273177],[2344,-143],[-1171,-197],[-637,-129],[-520,-113],[-1575,97]],[[461573,272692],[-14995,918]],[[446578,273610],[-10887,667]],[[435691,274277],[-560,34]],[[435131,274311],[-3348,205]],[[431783,274516],[-9097,557]],[[410338,275810],[-2480,145],[-54,185],[-97,210],[-110,200],[2973,-170]],[[389857,299000],[892,159]],[[390749,299159],[15293,-12910],[88,-160]],[[437069,284814],[731,-262]],[[437800,284552],[-1360,-7055]],[[436440,277497],[-543,-2632],[5437,-359],[3173,-200]],[[444507,274306],[5667,-340]],[[450174,273966],[9889,-602]],[[460063,273364],[264,-16]],[[460327,273348],[2805,-171]],[[371344,244264],[21298,10099]],[[422005,265690],[8321,1418]],[[430326,267108],[3350,-202]],[[433676,266906],[565,-37]],[[434241,266869],[16080,-975]],[[450321,265894],[10996,452]],[[461317,266346],[11797,-1369],[17489,-777],[2362,-1246],[3054,-1556],[13465,-3999],[-1940,-6540],[16409,3730],[10173,-4583],[12841,-3961],[7314,-5266],[-14759,-4944],[-9198,-3105],[-31096,-10397],[-33710,-11216],[-22073,278],[-39134,549],[-21334,20969],[-11633,11351]],[[457348,272578],[2004,-124],[-146,-743],[-2002,123],[144,744]],[[431499,273073],[3357,-160]],[[434856,272913],[-1180,-6007]],[[430326,267108],[1173,5965]],[[431756,274378],[3354,-175]],[[435110,274203],[-254,-1290]],[[431499,273073],[257,1305]],[[435131,274311],[-21,-108]],[[431756,274378],[27,138]],[[438763,272517],[11558,-6623]],[[434241,266869],[1172,5988]],[[435413,272857],[3350,-340]],[[435691,274277],[198,-114]],[[435889,274163],[-218,11]],[[435671,274174],[20,103]],[[435889,274163],[2874,-1646]],[[435413,272857],[258,1317]],[[461573,272692],[-1738,-961]],[[459835,271731],[-2803,-230],[-3802,-106],[-3552,194]],[[449678,271589],[-3100,2021]],[[459835,271731],[-5615,-3103]],[[454220,268628],[-4542,2961]],[[371344,244264],[-8335,5173]],[[454220,268628],[-3899,-2734]],[[889023,135365],[4751,-567],[-1633,1932],[2235,323],[36,1084],[4224,818],[-4231,2156],[4375,5900],[15746,-7030]],[[914526,139981],[-3183,-4111],[-6222,-3717],[-5181,-1724]],[[918439,300596],[-3448,-6510]],[[915251,301876],[-395,-385],[3004,-784],[579,-111]],[[918770,301222],[-331,-626]],[[758614,320493],[-9380,685],[-12313,874]],[[452737,965597],[6312,-6648],[1548,-1567]],[[678024,81048],[-1456,-260],[-824,-147],[-1290,-229],[-142,-18]],[[674312,80394],[148,147]],[[674460,80541],[185,184]],[[674645,80725],[181,181],[339,144],[1055,122],[1078,2]],[[677298,81174],[161,-27],[565,-99]],[[662419,77641],[-193,-1005],[-1250,67]],[[660976,76703],[191,141],[191,131],[164,129],[132,95],[191,121],[159,101],[173,101],[112,59],[130,60]],[[705135,79417],[-1601,-603],[-1014,-346]],[[702520,78468],[660,354],[1955,595]],[[690122,77421],[-701,-31],[-478,-21]],[[688943,77369],[-1213,1207],[-72,59],[-127,59],[-80,44],[-152,42],[-157,39],[-158,24],[-5011,889],[-568,106],[-3153,585],[-368,72],[-257,32],[-215,23],[-245,16],[-282,2],[-468,-25],[-356,-25],[-133,-9],[-87,-12],[-95,-25],[-119,-49],[-98,-72],[-1203,-1238],[-1262,-1323],[-254,-267]],[[672810,77523],[-1189,73]],[[671621,77596],[1312,1347],[588,623],[791,828]],[[678024,81048],[110,-20]],[[678134,81028],[854,-149],[4493,-778],[4160,-749],[156,-41],[168,-46],[151,-53],[117,-55],[140,-69],[128,-83],[106,-81],[123,-124],[1392,-1379]],[[687035,82578],[-759,-208],[-4166,-822],[-1506,-67],[-2470,-453]],[[678024,81048],[3137,558],[2941,494],[2933,478]],[[673234,74884],[372,-1171],[-759,-669]],[[672847,73044],[-6128,341],[-5955,354],[-3127,75]],[[657637,73814],[-1348,1470]],[[656289,75284],[4731,-84],[5995,-312],[6219,-4]],[[672847,73044],[-869,-766],[-3458,-916],[-2194,134],[-5169,-846]],[[661157,70650],[260,1497],[-960,62],[-1643,63],[-1686,21]],[[657128,72293],[649,1373],[-140,148]],[[675035,72973],[605,553],[-519,1319]],[[675121,74845],[4200,479],[5528,51],[314,-2487],[-6237,-78],[-3891,163]],[[714570,80483],[466,-937],[-12259,-1444],[-1615,-375],[1680,-2670],[-4154,-469],[190,-1331]],[[698878,73257],[-16252,-2054],[-7049,-658],[-7380,78],[-1764,95]],[[666433,70718],[1498,261],[2255,-122],[3725,1086],[1124,1030]],[[675121,74845],[341,2518]],[[675462,77363],[4175,-257],[1167,-19],[951,5],[1003,14],[1254,48],[4931,215]],[[690122,77421],[450,20],[7622,323],[1375,101],[668,97],[667,97],[1616,409]],[[707053,80158],[1368,437],[3075,825],[2387,439],[687,-1376]],[[686956,82772],[79,-194]],[[677298,81174],[672,114],[4473,745],[4513,739]],[[687035,82578],[33,6],[1182,627]],[[688250,83211],[2140,277]],[[690390,83488],[1784,24],[1738,166],[1993,40],[1470,-7],[1305,-7],[196,-1],[780,147]],[[699656,83850],[66,-1]],[[671648,80056],[2664,338]],[[671621,77596],[-3217,178]],[[668404,77774],[-8,231],[-53,566],[-53,197],[-65,167],[-43,87],[-72,115],[-75,105],[-65,71],[-95,92],[-69,69],[-69,61],[-72,60],[-121,83],[-154,88],[-111,59],[-95,48],[-126,43]],[[667058,79916],[2814,451]],[[669872,80367],[1776,-311]],[[671648,80056],[2633,466],[179,19]],[[655730,76947],[-328,-237]],[[655402,76710],[-1066,-56],[-660,-26],[-264,-27],[-714,-80]],[[652698,76521],[-781,-72],[-826,-94]],[[651091,76355],[-638,-97],[-473,-69],[-434,-59],[-462,-67],[-432,-79],[-489,-88],[-440,-82],[-441,-86],[-503,-99],[-471,-102]],[[646308,75527],[5056,4156],[173,89],[43,18],[175,38],[189,-1],[815,-211],[1068,-167],[1458,-160],[94,-21],[60,-18],[40,-15],[59,-35],[25,-27],[22,-41],[1,-74],[-123,-747],[41,-534],[28,-273],[198,-557]],[[655730,76947],[70,-185]],[[655800,76762],[-189,-27],[-209,-25]],[[655402,76710],[-61,-52],[-1749,-250]],[[653592,76408],[-894,113]],[[657128,72293],[-582,-14]],[[656546,72279],[575,1404],[-130,139],[-1408,1436],[-568,565],[-2868,392],[-1056,140]],[[653592,76408],[1919,-270],[778,-854]],[[672810,77523],[850,-57]],[[673660,77466],[-426,-2582]],[[655800,76762],[1093,43]],[[656893,76805],[1072,-6],[937,-33],[805,-1]],[[659707,76765],[1269,-62]],[[662419,77641],[101,485],[794,-44],[10,-1]],[[663324,78081],[457,-30],[3525,-214]],[[667306,77837],[777,-47],[321,-16]],[[698878,73257],[2031,242]],[[700909,73499],[-1207,-775],[-1312,-2223]],[[698390,70501],[-14445,-591],[-5459,43],[-13136,564]],[[665350,70517],[1083,201]],[[717201,75495],[317,-608],[-804,-169],[-515,-119],[-541,-145],[-531,-137],[-887,-262],[-3418,-1326],[-797,-245],[-645,-196],[-733,-224],[-835,-204],[-885,-217],[-961,-210],[-987,-182],[-1049,-197],[-1075,-168],[-1138,-147],[-1278,-126],[-1298,-89]],[[699141,70524],[1190,1931],[1715,1099]],[[702046,73554],[15155,1941]],[[665350,70517],[-1092,-200],[-3101,333]],[[673660,77466],[14,0],[1788,-103]],[[790112,71428],[-5154,0],[0,-2544]],[[655263,64547],[-529,242]],[[644427,69636],[592,375],[14,215]],[[645033,70226],[508,182],[1251,362],[1306,332],[1523,362],[1524,241],[1578,211],[1904,211],[1919,152]],[[698390,70501],[751,23]],[[717201,75495],[-376,773],[1127,166],[1185,73],[1185,34],[1137,-27],[1150,-67],[1173,-134],[1137,-175],[6610,-1240],[3387,-657],[1621,-275],[1694,-221],[1693,-154],[1754,-94],[1754,-40],[1754,33],[1899,121],[-327,1468]],[[746758,75079],[1923,195],[6750,853]],[[755431,76127],[2360,403],[2326,362],[1693,398],[1163,375],[6763,2970]],[[769736,80635],[1662,-1107],[5501,2515],[3407,1392],[2364,795],[1940,450],[5613,1102]],[[755431,76127],[-599,1410],[-6717,-809],[-1731,-186],[-422,1477],[-752,-37],[-642,-41]],[[744568,77941],[3034,3820],[-1243,606],[7844,1780],[3471,2903]],[[757674,87050],[2711,-1442],[9351,-4973]],[[702046,73554],[1314,631]],[[703360,74185],[4199,1191],[3512,1308],[3501,1011],[3760,524],[3939,52],[3796,-447],[9958,-1908],[3461,-487],[3623,-163],[3590,111],[59,-298]],[[722147,80869],[1684,-18]],[[723831,80851],[-3604,-935],[-2434,-103],[-2278,-812],[-5499,-1542],[-3178,-1605],[-3478,-1669]],[[700909,73499],[667,425],[4975,2279],[3124,1565],[5452,1549],[470,172],[1948,710],[2464,93],[2138,577]],[[632541,62213],[-2732,1226]],[[629809,63439],[2222,1315],[2015,1203],[1576,759],[1473,673],[1524,587],[1858,679],[2492,867],[982,346],[1082,358]],[[671698,138768],[3471,1445],[11608,-1290],[7586,-1424],[5840,-262],[3909,-2808],[7736,-4835],[-12666,-6422],[-168,-97],[28060,-1405],[8527,325],[2216,-6128],[-2418,-1349],[4155,-1618],[-14976,-8699],[388,-226]],[[625351,79613],[441,1033],[948,541],[4489,3883],[4790,13003],[1773,4813],[23770,23302],[439,417],[-11526,8377],[3832,2388],[528,123]],[[663324,78081],[3003,1243],[109,36],[109,0],[114,-18],[108,-66],[125,-87],[154,-118],[87,-109],[43,-108],[44,-145],[86,-872]],[[665318,79637],[-215,-82],[-319,-132],[-687,-303],[-2165,-953],[-1006,-465],[-1219,-937]],[[656893,76805],[-173,470],[-93,255]],[[656627,77530],[1367,941],[7324,1166]],[[636930,72150],[145,-146],[-379,35],[-1439,250]],[[635257,72289],[221,131]],[[635478,72420],[1452,-270]],[[635257,72289],[-860,151],[42,37]],[[697264,85429],[4167,-84]],[[699656,83850],[-3544,40],[-4823,-285],[-899,-117]],[[688250,83211],[-1399,-181],[105,-258]],[[674645,80725],[-637,-85],[-2545,-393],[-1591,120]],[[667058,79916],[-149,19],[-92,10],[-173,5],[-186,-4],[-113,-5],[-207,-24],[-149,-31],[-143,-45],[-110,-44],[-418,-160]],[[656627,77530],[-13,36],[-10,101],[-55,661],[129,635],[-3,287],[-193,276],[-376,219],[-489,123],[-1549,170],[-929,137]],[[653139,80175],[83,17],[4804,-298]],[[753463,88230],[-719,-250]],[[702717,85823],[-1286,-478]],[[653139,80175],[-958,243],[-631,-5],[-544,-113],[-469,-244],[-709,-591]],[[649828,79465],[-6557,-1401]],[[633854,74856],[-32,-31],[-397,-197]],[[742516,77941],[-301,8],[-1240,57],[-1153,105],[-1168,154],[-1124,202],[-3415,647],[-482,89],[-6144,1141],[-1795,299],[-1863,208]],[[722147,80869],[-205,16]],[[721942,80885],[1480,262],[4468,-358],[9020,-1799],[5606,-1049]],[[742516,77941],[914,-24],[496,16],[642,8]],[[714570,80483],[1822,231],[1814,142],[1758,56],[1791,-12],[187,-15]],[[761182,90810],[1841,1379]],[[763023,92189],[-5349,-5139]],[[719369,82715],[179,-39],[2593,-186],[66,168]],[[744229,84014],[3695,482],[3719,864],[2662,875]],[[764745,93478],[-1722,-1289]],[[653139,80175],[-3311,-710]],[[646308,75527],[-156,-37],[-140,-32],[-488,-116],[-426,-99],[-152,-36]],[[644946,75207],[-65,84]],[[644881,75291],[4947,4174]],[[644881,75291],[-229,-154]],[[644652,75137],[-815,-232]],[[643893,75152],[923,225],[65,-86]],[[640322,74100],[-590,-186],[-2822,-1135]],[[636910,72779],[-400,242],[-216,-128]],[[633622,72854],[-1755,999]],[[636910,72779],[-350,65],[-266,49]],[[639423,73545],[-2513,-766]],[[636910,72779],[-480,-127],[500,-502]],[[644946,75207],[-294,-70]],[[938360,170992],[-4731,-5962]],[[933629,165030],[-196,-445],[-326,-878],[-217,-671],[-215,-822],[-92,-511],[-63,-779]],[[932520,160924],[-773,-251]],[[932520,160924],[-88,-602],[-59,-284],[-4196,-11117]],[[928177,148921],[-2438,1458]],[[925739,150379],[-11035,6583],[-1483,5315]],[[913221,162277],[-194,695]],[[913027,162972],[-1568,5845]],[[911459,168817],[20884,6066]],[[903061,195328],[5668,-1037]],[[908729,194291],[-5930,-17477],[5,-89]],[[902804,176725],[-6449,12128],[3573,1331],[4881,-357],[-1748,5501]],[[905409,156104],[524,280],[409,252],[602,308],[841,278],[624,255],[485,231],[392,208],[359,209],[260,185],[185,150],[125,126],[114,187],[81,201],[24,122],[100,876],[200,1025],[97,326],[100,235],[120,219],[151,224],[244,259],[153,131],[207,140],[220,117],[158,67],[251,92],[327,100],[265,65]],[[913221,162277],[-194,-55],[-360,-123],[-220,-108],[-258,-167],[-137,-116],[-90,-104],[-85,-135],[-80,-189],[-83,-329],[-54,-336],[-12,-516],[61,-1239],[-15,-183],[-41,-181],[-59,-128],[-80,-110],[-105,-99],[-175,-122],[-364,-228],[-355,-191],[-1024,-490],[-300,-127],[-392,-164],[-605,-198],[-706,-274],[-585,-344],[-268,-206],[-149,-243],[-32,-121],[166,-2014],[7,-1081],[-41,-235],[-78,-262],[-88,-215],[-129,-228],[-249,-351],[-329,-389],[-368,-359],[-282,-250],[-324,-256],[-612,-424],[-843,-476],[-980,-462],[-1031,-423],[-819,-286]],[[900454,147740],[-838,369],[140,193]],[[925739,150379],[-5902,-8040],[-4387,-1238]],[[915450,141101],[-14996,6639]],[[908348,167913],[3111,904]],[[905409,156104],[-2275,10292],[2677,778]],[[919520,173329],[460,-474],[-1250,-333],[-436,449],[1226,358]],[[499197,134981],[-4266,-2011]],[[494931,132970],[-3394,525],[-3128,-193],[-946,697]],[[487463,133999],[-274,202],[-618,-373]],[[486571,133828],[-2098,-1268]],[[484473,132560],[21,399]],[[484494,132959],[950,624]],[[485444,133583],[1101,724],[960,117],[658,-442]],[[488163,133982],[645,-433],[2704,235],[3517,-497],[2154,1332]],[[497183,134619],[333,207],[1681,155]],[[467200,135274],[0,1446]],[[482607,133508],[1899,-335]],[[484506,133173],[-12,-214]],[[484473,132560],[-16,-301]],[[484879,138017],[-298,-3866]],[[484581,134151],[-47,-608]],[[484534,133543],[-28,-370]],[[488163,133982],[2047,278],[2476,215],[4497,144]],[[484534,133543],[824,71],[86,-31]],[[500089,135401],[-892,-420]],[[484581,134151],[510,54],[234,192],[1375,109],[3159,436],[2749,249],[5830,160],[1651,50]],[[484879,138017],[19750,-475],[-4540,-2141]],[[487463,133999],[-384,-56],[-508,-115]],[[494931,132970],[-5400,-2545]],[[489531,130425],[-5218,524]],[[465206,131488],[-8905,-1982],[-47493,-10520]],[[413337,146522],[6810,2101],[3264,-5066],[-1577,-6605],[15833,-4795],[27539,-669]],[[465206,131488],[1299,-975]],[[466505,130513],[-33030,-7294],[-22705,-5026]],[[489531,130425],[18227,-5387]],[[466505,130513],[695,-509]],[[626528,57649],[-1007,-656]],[[625521,56993],[-92,-60]],[[625429,56933],[-1051,-30],[-762,547],[-2019,368]],[[621597,57818],[1127,728]],[[622724,58546],[2082,-358],[596,-174],[431,-230],[695,-135]],[[634594,51756],[-300,-195],[-2319,-1518]],[[631975,50043],[444,3646],[-5149,1380],[-1749,1924]],[[626528,57649],[66,43]],[[626594,57692],[2400,-2364],[2654,-606]],[[631648,54722],[1481,-337]],[[633129,54385],[153,-35],[1312,-2594]],[[631975,50043],[-1552,-1015]],[[630423,49028],[-253,-165]],[[630170,48863],[-10067,4601]],[[620103,53464],[186,121],[5140,3348]],[[632638,61629],[-3460,-2254],[-827,-539]],[[628351,58836],[-1203,925],[-299,1450]],[[626849,61211],[2798,1761]],[[629647,62972],[2382,-1070],[609,-273]],[[606030,45456],[314,413],[1224,-569],[396,-184]],[[607964,45116],[9594,-4464]],[[617558,40652],[526,-241]],[[617558,40652],[5395,3506]],[[622953,44158],[219,142],[2676,1739]],[[625848,46039],[337,219],[3985,2605]],[[630423,49028],[538,-242]],[[634594,51756],[8178,5322],[-10134,4551]],[[629647,62972],[-322,144],[484,323]],[[619176,56246],[-308,-576],[-1220,-1389],[378,-109],[-1129,-1295],[-405,108],[-96,-111],[-288,-481],[51,-724],[425,-497]],[[616584,51172],[-462,-301]],[[616122,50871],[-593,716],[-58,873],[356,609],[791,884],[543,772],[505,517]],[[617666,55242],[833,555],[636,422],[41,27]],[[616122,50871],[-323,-210]],[[615799,50661],[-2874,-1872]],[[612925,48789],[-3983,-2594]],[[608942,46195],[1854,2257],[1630,2005],[646,752],[542,575],[776,782],[588,534],[978,833],[675,536],[644,482],[376,281],[15,10]],[[620103,53464],[-3519,-2292]],[[619176,56246],[539,357],[1882,1215]],[[627405,58220],[-483,-314],[-328,-214]],[[622724,58546],[2350,1518]],[[625074,60064],[1155,-849],[1176,-995]],[[625907,60603],[2318,-1849]],[[628225,58754],[-820,-534]],[[625074,60064],[833,539]],[[628351,58836],[-126,-82]],[[625907,60603],[942,608]],[[627405,58220],[4243,-3498]],[[628225,58754],[5082,-4226],[146,-18],[-324,-125]],[[616584,51172],[126,-148],[-533,-218],[-55,65]],[[625848,46039],[-10049,4622]],[[622953,44158],[-10028,4631]],[[607964,45116],[978,1079]],[[845361,125539],[18349,4788]],[[863710,130327],[-7337,-4366],[-2468,-1496]],[[853905,124465],[-2454,1410],[-6090,-336]],[[844300,129729],[12962,1328]],[[857262,131057],[-6649,-1628],[216,-284],[-14147,-3367]],[[836682,125778],[-48,318]],[[861770,131531],[2073,-1125]],[[863843,130406],[-133,-79]],[[845361,125539],[-8572,-472],[-26,173],[-81,538]],[[857262,131057],[4508,474]],[[859859,132568],[601,-327],[1310,-710]],[[873443,125198],[-9600,5208]],[[868852,122350],[-1019,-35],[-853,-41],[-1867,-124],[-1679,-161],[-938,-104],[-749,-91],[-848,-115],[-1647,-261]],[[859252,121418],[-5347,3047]],[[933629,165030],[2822,0],[-320,-618],[-275,-613],[-229,-582],[-188,-537],[-102,-404],[-90,-478],[-66,-652],[-7,-349],[-74,-463],[-70,-336],[-129,-355],[-325,-866],[-4974,-13168],[-299,-849],[-417,-883],[-125,-243],[-216,-409],[-312,-519],[-354,-553],[-348,-494],[-456,-581],[-234,-344],[-341,-445],[-634,-715],[-248,-252],[-376,-351],[-336,-282],[-315,-254],[-480,-356],[-650,-436],[-656,-396],[-868,-485],[-443,-237],[-1333,-671],[-12135,-6088],[-4838,-2444]],[[867727,120782],[2764,1617]],[[901734,128611],[17052,8674],[1263,656],[745,429],[615,378],[548,380],[624,465],[536,465],[266,248],[282,286],[346,378],[359,431],[209,277],[207,309],[281,364],[175,234],[193,282],[187,283],[227,374],[71,93],[380,674],[366,741],[360,871],[1151,3018]],[[866012,120664],[2840,1686]],[[861516,120209],[-2264,1209]],[[915450,141101],[-924,-1120]],[[891012,136498],[330,181],[1106,694]],[[892448,137373],[829,114],[30,347]],[[893307,137834],[581,191],[295,112],[298,123],[282,159],[112,101],[152,192],[63,110],[48,128]],[[902322,195464],[739,-136]],[[902804,176725],[11320,-6423],[17476,5048]],[[463225,273754],[-93,-577]],[[460327,273348],[73,368]],[[460400,273716],[18,0],[2386,54],[421,-16]],[[460132,273716],[-69,-352]],[[450174,273966],[27,111]],[[450201,274077],[2670,-144],[3104,-163],[3169,-90],[980,36],[8,0]],[[460132,273716],[268,0]],[[451146,277959],[12812,332]],[[463365,274619],[-140,-865]],[[460400,273716],[663,3353],[953,-85],[202,713],[-2220,197],[-198,-713],[988,-88],[-656,-3377]],[[450201,274077],[847,3476]],[[450201,274077],[-6165,415]],[[444036,274492],[-7596,3005]],[[437800,284552],[4789,-3685],[97,-38]],[[444507,274306],[-471,186]],[[473372,273987],[-7097,-2716],[-4958,-4925]],[[470433,274145],[1836,-123],[1103,-35]],[[475487,281399],[-1701,-20],[-2046,24]],[[471740,281403],[105,862],[750,3451],[897,3919],[663,3088]],[[477055,295131],[2289,-1124],[-688,-3491],[-4162,-3949],[814,-4263],[179,-905]],[[451763,280516],[268,974],[12442,-116]],[[464473,281374],[-100,-514],[-95,-586]],[[475487,281399],[-1521,-6860]],[[473966,274539],[-2316,-225]],[[464473,281374],[4817,58],[2450,-29]],[[473966,274539],[-79,-355]],[[473887,274184],[-47,-212],[-468,15]],[[413786,362069],[1638,316]],[[481776,312219],[-1760,-16458],[2779,-3799],[-4494,-3815],[-2564,-13255],[-1850,-708]],[[908729,194291],[10341,-1892]],[[927746,177558],[-5092,-2512]],[[921470,173781],[-1950,-452]],[[919520,173329],[-1226,-358],[436,-449],[1250,333],[-460,474]],[[737860,350962],[4272,-25163]],[[390749,299159],[39940,10570],[21905,5795]],[[347893,315960],[-44,257],[-2276,905]],[[339294,345376],[16497,3726]],[[355791,349102],[801,-562],[6848,-1000],[1181,-427],[1771,-319],[2464,793],[1520,-736],[1476,-1406],[4812,-1005],[5416,-491],[251,589],[-3572,856],[2701,2134],[-4073,715],[-1329,-973],[-2184,673],[-3542,1840],[-4708,-434],[-7432,296]],[[358192,349645],[51501,11634]],[[355791,349102],[2401,543]]],"bbox":[1381.072,1107.442,14878.334,25475.015],"transform":{"scale":[0.013497275497275498,0.024367597367597367],"translate":[1381.072,1107.442]}}