{"type":"Topology","objects":{"01367-4401-8.featurecollection":{"type":"GeometryCollection","geometries":[{"type":"Polygon","arcs":[[0,1,2,3,4]],"properties":{"市区町村名":"奥尻郡奥尻町","大字名":null,"丁目名":null,"小字名":"字球浦","地番":"122-4","精度区分":null,"座標系":"任意座標系"}},{"type":"Polygon","arcs":[[5,6,7,8]],"properties":{"市区町村名":"奥尻郡奥尻町","大字名":null,"丁目名":null,"小字名":"字球浦","地番":"筆界未定地-2","精度区分":null,"座標系":"任意座標系"}},{"type":"Polygon","arcs":[[9,10,11]],"properties":{"市区町村名":"奥尻郡奥尻町","大字名":null,"丁目名":null,"小字名":"字宮津","地番":"41-6","精度区分":null,"座標系":"任意座標系"}},{"type":"Polygon","arcs":[[12,13,14,15,16,17,18,19]],"properties":{"市区町村名":"奥尻郡奥尻町","大字名":null,"丁目名":null,"小字名":"字奥尻","地番":"105","精度区分":null,"座標系":"任意座標系"}},{"type":"Polygon","arcs":[[20,21,22,23]],"properties":{"市区町村名":"奥尻郡奥尻町","大字名":null,"丁目名":null,"小字名":"字球浦","地番":"70","精度区分":null,"座標系":"任意座標系"}},{"type":"Polygon","arcs":[[24,25,26]],"properties":{"市区町村名":"奥尻郡奥尻町","大字名":null,"丁目名":null,"小字名":"字球浦","地番":"93-1","精度区分":null,"座標系":"任意座標系"}},{"type":"Polygon","arcs":[[27,28,29,30,31,32]],"properties":{"市区町村名":"奥尻郡奥尻町","大字名":null,"丁目名":null,"小字名":"字球浦","地番":"97","精度区分":null,"座標系":"任意座標系"}},{"type":"Polygon","arcs":[[33,34,35]],"properties":{"市区町村名":"奥尻郡奥尻町","大字名":null,"丁目名":null,"小字名":"字球浦","地番":"157-18","精度区分":null,"座標系":"任意座標系"}},{"type":"Polygon","arcs":[[36,37,38]],"properties":{"市区町村名":"奥尻郡奥尻町","大字名":null,"丁目名":null,"小字名":"字宮津","地番":"42-14","精度区分":null,"座標系":"任意座標系"}},{"type":"Polygon","arcs":[[39,40,41]],"properties":{"市区町村名":"奥尻郡奥尻町","大字名":null,"丁目名":null,"小字名":"字稲穂","地番":"125-3","精度区分":null,"座標系":"任意座標系"}},{"type":"Polygon","arcs":[[42,43,44]],"properties":{"市区町村名":"奥尻郡奥尻町","大字名":null,"丁目名":null,"小字名":"字奥尻","地番":"93-4","精度区分":null,"座標系":"任意座標系"}},{"type":"Polygon","arcs":[[45,46,47,48]],"properties":{"市区町村名":"奥尻郡奥尻町","大字名":null,"丁目名":null,"小字名":"字宮津","地番":"308-1","精度区分":null,"座標系":"任意座標系"}},{"type":"Polygon","arcs":[[49,50,51]],"properties":{"市区町村名":"奥尻郡奥尻町","大字名":null,"丁目名":null,"小字名":"字球浦","地番":"77-2","精度区分":null,"座標系":"任意座標系"}},{"type":"Polygon","arcs":[[52,53,54]],"properties":{"市区町村名":"奥尻郡奥尻町","大字名":null,"丁目名":null,"小字名":"字稲穂","地番":"547-3","精度区分":null,"座標系":"任意座標系"}},{"type":"Polygon","arcs":[[55,56,57,58]],"properties":{"市区町村名":"奥尻郡奥尻町","大字名":null,"丁目名":null,"小字名":"字球浦","地番":"152","精度区分":null,"座標系":"任意座標系"}},{"type":"Polygon","arcs":[[59,60,61,62,63,64,65,66]],"properties":{"市区町村名":"奥尻郡奥尻町","大字名":null,"丁目名":null,"小字名":"字球浦","地番":"道-2","精度区分":null,"座標系":"任意座標系"}},{"type":"Polygon","arcs":[[67,68,69,70,71]],"properties":{"市区町村名":"奥尻郡奥尻町","大字名":null,"丁目名":null,"小字名":"字稲穂","地番":"565-2","精度区分":null,"座標系":"任意座標系"}},{"type":"Polygon","arcs":[[72,73,74,75]],"properties":{"市区町村名":"奥尻郡奥尻町","大字名":null,"丁目名":null,"小字名":"字稲穂","地番":"548-1","精度区分":null,"座標系":"任意座標系"}},{"type":"Polygon","arcs":[[76,77,78,79]],"properties":{"市区町村名":"奥尻郡奥尻町","大字名":null,"丁目名":null,"小字名":"字稲穂","地番":"118-2","精度区分":null,"座標系":"任意座標系"}},{"type":"Polygon","arcs":[[80,-77,81,82]],"properties":{"市区町村名":"奥尻郡奥尻町","大字名":null,"丁目名":null,"小字名":"字稲穂","地番":"118-3","精度区分":null,"座標系":"任意座標系"}},{"type":"Polygon","arcs":[[83,-83,84]],"properties":{"市区町村名":"奥尻郡奥尻町","大字名":null,"丁目名":null,"小字名":"字稲穂","地番":"119-2","精度区分":null,"座標系":"任意座標系"}},{"type":"Polygon","arcs":[[85,86,87,88,89,90,91]],"properties":{"市区町村名":"奥尻郡奥尻町","大字名":null,"丁目名":null,"小字名":"字稲穂","地番":"道-4","精度区分":null,"座標系":"任意座標系"}},{"type":"Polygon","arcs":[[92,93,94,95,96]],"properties":{"市区町村名":"奥尻郡奥尻町","大字名":null,"丁目名":null,"小字名":"字宮津","地番":"47-3","精度区分":null,"座標系":"任意座標系"}},{"type":"Polygon","arcs":[[97,98,99,-93,100,101]],"properties":{"市区町村名":"奥尻郡奥尻町","大字名":null,"丁目名":null,"小字名":"字宮津","地番":"47-1","精度区分":null,"座標系":"任意座標系"}},{"type":"Polygon","arcs":[[102,103,104,105,106,107,108,109,110,111,112,-63,113]],"properties":{"市区町村名":"奥尻郡奥尻町","大字名":null,"丁目名":null,"小字名":"字球浦","地番":"道-5","精度区分":null,"座標系":"任意座標系"}},{"type":"Polygon","arcs":[[114]],"properties":{"市区町村名":"奥尻郡奥尻町","大字名":null,"丁目名":null,"小字名":"字球浦","地番":"筆界未定地-3","精度区分":null,"座標系":"任意座標系"}},{"type":"Polygon","arcs":[[115,116,117,118]],"properties":{"市区町村名":"奥尻郡奥尻町","大字名":null,"丁目名":null,"小字名":"字奥尻","地番":"筆界未定地-4","精度区分":null,"座標系":"任意座標系"}},{"type":"Polygon","arcs":[[119,120,121,122,123,124,125]],"properties":{"市区町村名":"奥尻郡奥尻町","大字名":null,"丁目名":null,"小字名":"字奥尻","地番":"筆界未定地-6","精度区分":null,"座標系":"任意座標系"}},{"type":"Polygon","arcs":[[126,127,128,129,130,131]],"properties":{"市区町村名":"奥尻郡奥尻町","大字名":null,"丁目名":null,"小字名":"字奥尻","地番":"筆界未定地-7","精度区分":null,"座標系":"任意座標系"}},{"type":"Polygon","arcs":[[132,133,134,135]],"properties":{"市区町村名":"奥尻郡奥尻町","大字名":null,"丁目名":null,"小字名":"字奥尻","地番":"筆界未定地-8","精度区分":null,"座標系":"任意座標系"}},{"type":"Polygon","arcs":[[136,137,138,139,140,141]],"properties":{"市区町村名":"奥尻郡奥尻町","大字名":null,"丁目名":null,"小字名":"字奥尻","地番":"筆界未定地-9","精度区分":null,"座標系":"任意座標系"}},{"type":"Polygon","arcs":[[142,143,144,145,146]],"properties":{"市区町村名":"奥尻郡奥尻町","大字名":null,"丁目名":null,"小字名":"字奥尻","地番":"筆界未定地-11","精度区分":null,"座標系":"任意座標系"}},{"type":"Polygon","arcs":[[-16,147,148,149,150,151]],"properties":{"市区町村名":"奥尻郡奥尻町","大字名":null,"丁目名":null,"小字名":"字奥尻","地番":"筆界未定地-12","精度区分":null,"座標系":"任意座標系"}},{"type":"Polygon","arcs":[[152,153,154,155]],"properties":{"市区町村名":"奥尻郡奥尻町","大字名":null,"丁目名":null,"小字名":"字奥尻","地番":"筆界未定地-13","精度区分":null,"座標系":"任意座標系"}},{"type":"Polygon","arcs":[[156,157]],"properties":{"市区町村名":"奥尻郡奥尻町","大字名":null,"丁目名":null,"小字名":"字奥尻","地番":"筆界未定地-14","精度区分":null,"座標系":"任意座標系"}},{"type":"Polygon","arcs":[[158,159,-158,160]],"properties":{"市区町村名":"奥尻郡奥尻町","大字名":null,"丁目名":null,"小字名":"字奥尻","地番":"筆界未定地-15","精度区分":null,"座標系":"任意座標系"}},{"type":"Polygon","arcs":[[161,162,163,164,-159,165]],"properties":{"市区町村名":"奥尻郡奥尻町","大字名":null,"丁目名":null,"小字名":"字奥尻","地番":"筆界未定地-16","精度区分":null,"座標系":"任意座標系"}},{"type":"Polygon","arcs":[[166,167]],"properties":{"市区町村名":"奥尻郡奥尻町","大字名":null,"丁目名":null,"小字名":"字奥尻","地番":"筆界未定地-17","精度区分":null,"座標系":"任意座標系"}},{"type":"Polygon","arcs":[[168,169,170,171]],"properties":{"市区町村名":"奥尻郡奥尻町","大字名":null,"丁目名":null,"小字名":"字奥尻","地番":"筆界未定地-18","精度区分":null,"座標系":"任意座標系"}},{"type":"Polygon","arcs":[[172,173,174,175]],"properties":{"市区町村名":"奥尻郡奥尻町","大字名":null,"丁目名":null,"小字名":"字球浦","地番":"筆界未定地-19","精度区分":null,"座標系":"任意座標系"}},{"type":"Polygon","arcs":[[-89,176,177,178,179,180,181,-181,182,183]],"properties":{"市区町村名":"奥尻郡奥尻町","大字名":null,"丁目名":null,"小字名":"字宮津","地番":"筆界未定地-20","精度区分":null,"座標系":"任意座標系"}},{"type":"Polygon","arcs":[[184,185,186,187,188,189,190]],"properties":{"市区町村名":"奥尻郡奥尻町","大字名":null,"丁目名":null,"小字名":"字球浦","地番":"筆界未定地-21","精度区分":null,"座標系":"任意座標系"}},{"type":"Polygon","arcs":[[191,192,193,-185,194,195]],"properties":{"市区町村名":"奥尻郡奥尻町","大字名":null,"丁目名":null,"小字名":"字球浦","地番":"筆界未定地-22","精度区分":null,"座標系":"任意座標系"}},{"type":"Polygon","arcs":[[196,197,198,199,200]],"properties":{"市区町村名":"奥尻郡奥尻町","大字名":null,"丁目名":null,"小字名":"字球浦","地番":"筆界未定地-23","精度区分":null,"座標系":"任意座標系"}},{"type":"Polygon","arcs":[[201,202,203,-197,204]],"properties":{"市区町村名":"奥尻郡奥尻町","大字名":null,"丁目名":null,"小字名":"字球浦","地番":"筆界未定地-24","精度区分":null,"座標系":"任意座標系"}},{"type":"Polygon","arcs":[[205,206,207,208,209,210]],"properties":{"市区町村名":"奥尻郡奥尻町","大字名":null,"丁目名":null,"小字名":"字球浦","地番":"筆界未定地-25","精度区分":null,"座標系":"任意座標系"}},{"type":"Polygon","arcs":[[211,212,213]],"properties":{"市区町村名":"奥尻郡奥尻町","大字名":null,"丁目名":null,"小字名":"字球浦","地番":"筆界未定地-26","精度区分":null,"座標系":"任意座標系"}},{"type":"Polygon","arcs":[[214,215,216,217]],"properties":{"市区町村名":"奥尻郡奥尻町","大字名":null,"丁目名":null,"小字名":"字球浦","地番":"筆界未定地-27","精度区分":null,"座標系":"任意座標系"}},{"type":"Polygon","arcs":[[218,219,220,221,222]],"properties":{"市区町村名":"奥尻郡奥尻町","大字名":null,"丁目名":null,"小字名":"字稲穂","地番":"筆界未定地-28","精度区分":null,"座標系":"任意座標系"}},{"type":"Polygon","arcs":[[223,224]],"properties":{"市区町村名":"奥尻郡奥尻町","大字名":null,"丁目名":null,"小字名":"字稲穂","地番":"筆界未定地-29","精度区分":null,"座標系":"任意座標系"}},{"type":"Polygon","arcs":[[225,226,227,228,229,230,231,232,233]],"properties":{"市区町村名":"奥尻郡奥尻町","大字名":null,"丁目名":null,"小字名":"字稲穂","地番":"筆界未定地-30","精度区分":null,"座標系":"任意座標系"}},{"type":"Polygon","arcs":[[234,235,236,237,238,239]],"properties":{"市区町村名":"奥尻郡奥尻町","大字名":null,"丁目名":null,"小字名":"字稲穂","地番":"筆界未定地-31","精度区分":null,"座標系":"任意座標系"}},{"type":"Polygon","arcs":[[240,241,242,243,244]],"properties":{"市区町村名":"奥尻郡奥尻町","大字名":null,"丁目名":null,"小字名":"字稲穂","地番":"筆界未定地-32","精度区分":null,"座標系":"任意座標系"}},{"type":"Polygon","arcs":[[245,246,247,248]],"properties":{"市区町村名":"奥尻郡奥尻町","大字名":null,"丁目名":null,"小字名":"字宮津","地番":"筆界未定地-33","精度区分":null,"座標系":"任意座標系"}},{"type":"Polygon","arcs":[[249,250]],"properties":{"市区町村名":"奥尻郡奥尻町","大字名":null,"丁目名":null,"小字名":"字宮津","地番":"筆界未定地-34","精度区分":null,"座標系":"任意座標系"}},{"type":"Polygon","arcs":[[251,252,253,254,255,256,257,258,259,260,261]],"properties":{"市区町村名":"奥尻郡奥尻町","大字名":null,"丁目名":null,"小字名":"字宮津","地番":"筆界未定地-35","精度区分":null,"座標系":"任意座標系"}},{"type":"Polygon","arcs":[[262,263,264,265,266,267]],"properties":{"市区町村名":"奥尻郡奥尻町","大字名":null,"丁目名":null,"小字名":"字球浦","地番":"筆界未定地-39","精度区分":null,"座標系":"任意座標系"}},{"type":"Polygon","arcs":[[268,269]],"properties":{"市区町村名":"奥尻郡奥尻町","大字名":null,"丁目名":null,"小字名":"字球浦","地番":"筆界未定地-40","精度区分":null,"座標系":"任意座標系"}},{"type":"Polygon","arcs":[[270,271,272,273,274,275,276]],"properties":{"市区町村名":"奥尻郡奥尻町","大字名":null,"丁目名":null,"小字名":"字宮津","地番":"筆界未定地-41","精度区分":null,"座標系":"任意座標系"}},{"type":"Polygon","arcs":[[277,-273]],"properties":{"市区町村名":"奥尻郡奥尻町","大字名":null,"丁目名":null,"小字名":"字宮津","地番":"筆界未定地-42","精度区分":null,"座標系":"任意座標系"}},{"type":"Polygon","arcs":[[-276,278,279]],"properties":{"市区町村名":"奥尻郡奥尻町","大字名":null,"丁目名":null,"小字名":"字宮津","地番":"筆界未定地-43","精度区分":null,"座標系":"任意座標系"}},{"type":"Polygon","arcs":[[280,281,282,283]],"properties":{"市区町村名":"奥尻郡奥尻町","大字名":null,"丁目名":null,"小字名":"字宮津","地番":"筆界未定地-44","精度区分":null,"座標系":"任意座標系"}},{"type":"Polygon","arcs":[[284,285,286,287,288,289,290,291]],"properties":{"市区町村名":"奥尻郡奥尻町","大字名":null,"丁目名":null,"小字名":"字宮津","地番":"筆界未定地-45","精度区分":null,"座標系":"任意座標系"}},{"type":"Polygon","arcs":[[292,293,294,295,-286]],"properties":{"市区町村名":"奥尻郡奥尻町","大字名":null,"丁目名":null,"小字名":"字宮津","地番":"筆界未定地-46","精度区分":null,"座標系":"任意座標系"}},{"type":"Polygon","arcs":[[296,297,298,299,300,301]],"properties":{"市区町村名":"奥尻郡奥尻町","大字名":null,"丁目名":null,"小字名":"字宮津","地番":"筆界未定地-47","精度区分":null,"座標系":"任意座標系"}},{"type":"Polygon","arcs":[[-297,302,303,-287,-296,304]],"properties":{"市区町村名":"奥尻郡奥尻町","大字名":null,"丁目名":null,"小字名":"字宮津","地番":"筆界未定地-48","精度区分":null,"座標系":"任意座標系"}},{"type":"Polygon","arcs":[[305,306,307,308]],"properties":{"市区町村名":"奥尻郡奥尻町","大字名":null,"丁目名":null,"小字名":"字宮津","地番":"筆界未定地-49","精度区分":null,"座標系":"任意座標系"}},{"type":"Polygon","arcs":[[309,310,311,312]],"properties":{"市区町村名":"奥尻郡奥尻町","大字名":null,"丁目名":null,"小字名":"字宮津","地番":"筆界未定地-50","精度区分":null,"座標系":"任意座標系"}},{"type":"Polygon","arcs":[[313,314,315]],"properties":{"市区町村名":"奥尻郡奥尻町","大字名":null,"丁目名":null,"小字名":"字宮津","地番":"筆界未定地-51","精度区分":null,"座標系":"任意座標系"}},{"type":"Polygon","arcs":[[316]],"properties":{"市区町村名":"奥尻郡奥尻町","大字名":null,"丁目名":null,"小字名":"字稲穂","地番":"筆界未定地-52","精度区分":null,"座標系":"任意座標系"}},{"type":"Polygon","arcs":[[317]],"properties":{"市区町村名":"奥尻郡奥尻町","大字名":null,"丁目名":null,"小字名":"字稲穂","地番":"筆界未定地-53","精度区分":null,"座標系":"任意座標系"}},{"type":"Polygon","arcs":[[318,319,-237]],"properties":{"市区町村名":"奥尻郡奥尻町","大字名":null,"丁目名":null,"小字名":"字稲穂","地番":"筆界未定地-54","精度区分":null,"座標系":"任意座標系"}},{"type":"Polygon","arcs":[[320,321,322,323,324]],"properties":{"市区町村名":"奥尻郡奥尻町","大字名":null,"丁目名":null,"小字名":"字稲穂","地番":"筆界未定地-55","精度区分":null,"座標系":"任意座標系"}},{"type":"Polygon","arcs":[[325]],"properties":{"市区町村名":"奥尻郡奥尻町","大字名":null,"丁目名":null,"小字名":"字宮津","地番":"筆界未定地-56","精度区分":null,"座標系":"任意座標系"}},{"type":"Polygon","arcs":[[326,327,328,329,330]],"properties":{"市区町村名":"奥尻郡奥尻町","大字名":null,"丁目名":null,"小字名":"字稲穂","地番":"筆界未定地-57","精度区分":null,"座標系":"任意座標系"}},{"type":"Polygon","arcs":[[331,332,333,334,335]],"properties":{"市区町村名":"奥尻郡奥尻町","大字名":null,"丁目名":null,"小字名":"字稲穂","地番":"筆界未定地-58","精度区分":null,"座標系":"任意座標系"}},{"type":"Polygon","arcs":[[-336,-331,336,337]],"properties":{"市区町村名":"奥尻郡奥尻町","大字名":null,"丁目名":null,"小字名":"字稲穂","地番":"筆界未定地-59","精度区分":null,"座標系":"任意座標系"}},{"type":"Polygon","arcs":[[338,-337,-330,339,340]],"properties":{"市区町村名":"奥尻郡奥尻町","大字名":null,"丁目名":null,"小字名":"字稲穂","地番":"筆界未定地-60","精度区分":null,"座標系":"任意座標系"}},{"type":"Polygon","arcs":[[341,-340,-329,342,343,344,345,346]],"properties":{"市区町村名":"奥尻郡奥尻町","大字名":null,"丁目名":null,"小字名":"字稲穂","地番":"筆界未定地-61","精度区分":null,"座標系":"任意座標系"}},{"type":"Polygon","arcs":[[347,-341,-342,348,349,350]],"properties":{"市区町村名":"奥尻郡奥尻町","大字名":null,"丁目名":null,"小字名":"字稲穂","地番":"筆界未定地-62","精度区分":null,"座標系":"任意座標系"}},{"type":"Polygon","arcs":[[351,352,353,-332,-338,-339,-348,354,355,356]],"properties":{"市区町村名":"奥尻郡奥尻町","大字名":null,"丁目名":null,"小字名":"字稲穂","地番":"筆界未定地-63","精度区分":null,"座標系":"任意座標系"}},{"type":"Polygon","arcs":[[357,358,359,360,361,362]],"properties":{"市区町村名":"奥尻郡奥尻町","大字名":null,"丁目名":null,"小字名":"字稲穂","地番":"筆界未定地-64","精度区分":null,"座標系":"任意座標系"}},{"type":"Polygon","arcs":[[363]],"properties":{"市区町村名":"奥尻郡奥尻町","大字名":null,"丁目名":null,"小字名":"字稲穂","地番":"筆界未定地-65","精度区分":null,"座標系":"任意座標系"}},{"type":"Polygon","arcs":[[-195,-191,364,365,366,367]],"properties":{"市区町村名":"奥尻郡奥尻町","大字名":null,"丁目名":null,"小字名":"字球浦","地番":"筆界未定地-66","精度区分":null,"座標系":"任意座標系"}},{"type":"Polygon","arcs":[[368,369,370,371,372,373]],"properties":{"市区町村名":"奥尻郡奥尻町","大字名":null,"丁目名":null,"小字名":"字奥尻","地番":"筆界未定地-67","精度区分":null,"座標系":"任意座標系"}},{"type":"Polygon","arcs":[[374,375,-371]],"properties":{"市区町村名":"奥尻郡奥尻町","大字名":null,"丁目名":null,"小字名":"字奥尻","地番":"筆界未定地-68","精度区分":null,"座標系":"任意座標系"}},{"type":"Polygon","arcs":[[-17,376,377,378]],"properties":{"市区町村名":"奥尻郡奥尻町","大字名":null,"丁目名":null,"小字名":"字奥尻","地番":"106","精度区分":null,"座標系":"任意座標系"}},{"type":"Polygon","arcs":[[379,380,381,382]],"properties":{"市区町村名":"奥尻郡奥尻町","大字名":null,"丁目名":null,"小字名":"字稲穂","地番":"485-1","精度区分":null,"座標系":"任意座標系"}},{"type":"Polygon","arcs":[[383,-240,384,385]],"properties":{"市区町村名":"奥尻郡奥尻町","大字名":null,"丁目名":null,"小字名":"字稲穂","地番":"488","精度区分":null,"座標系":"任意座標系"}},{"type":"Polygon","arcs":[[386,387,388,389,390]],"properties":{"市区町村名":"奥尻郡奥尻町","大字名":null,"丁目名":null,"小字名":"字稲穂","地番":"553","精度区分":null,"座標系":"任意座標系"}},{"type":"Polygon","arcs":[[391,392,-86,393,394]],"properties":{"市区町村名":"奥尻郡奥尻町","大字名":null,"丁目名":null,"小字名":"字稲穂","地番":"564-1","精度区分":null,"座標系":"任意座標系"}},{"type":"Polygon","arcs":[[395,396,397,398,399,400,401,402]],"properties":{"市区町村名":"奥尻郡奥尻町","大字名":null,"丁目名":null,"小字名":"字宮津","地番":"水-3","精度区分":null,"座標系":"任意座標系"}},{"type":"Polygon","arcs":[[403,404,405,406,407]],"properties":{"市区町村名":"奥尻郡奥尻町","大字名":null,"丁目名":null,"小字名":"字宮津","地番":"水-4","精度区分":null,"座標系":"任意座標系"}},{"type":"Polygon","arcs":[[-404,408,-397,409]],"properties":{"市区町村名":"奥尻郡奥尻町","大字名":null,"丁目名":null,"小字名":"字宮津","地番":"335-1","精度区分":null,"座標系":"任意座標系"}},{"type":"Polygon","arcs":[[410,411]],"properties":{"市区町村名":"奥尻郡奥尻町","大字名":null,"丁目名":null,"小字名":"字宮津","地番":"232","精度区分":null,"座標系":"任意座標系"}},{"type":"Polygon","arcs":[[412,-411,413,414,415,416,417,418,419,420,421,422,423,424,425,426,427,428,429,430,431,432,433,434,435,436,437,438,439,440,441,442,443,444,445,446,447,448]],"properties":{"市区町村名":"奥尻郡奥尻町","大字名":null,"丁目名":null,"小字名":"字宮津","地番":"道-8","精度区分":null,"座標系":"任意座標系"}},{"type":"Polygon","arcs":[[449,450,451,452,453,454,455,456,457,458,459,460,461,462,463,464]],"properties":{"市区町村名":"奥尻郡奥尻町","大字名":null,"丁目名":null,"小字名":"字宮津","地番":"道-9","精度区分":null,"座標系":"任意座標系"}},{"type":"Polygon","arcs":[[465,466]],"properties":{"市区町村名":"奥尻郡奥尻町","大字名":null,"丁目名":null,"小字名":"字宮津","地番":"271","精度区分":null,"座標系":"任意座標系"}},{"type":"Polygon","arcs":[[467,468]],"properties":{"市区町村名":"奥尻郡奥尻町","大字名":null,"丁目名":null,"小字名":"字宮津","地番":"270","精度区分":null,"座標系":"任意座標系"}},{"type":"Polygon","arcs":[[469,470,471,472,473,474,475]],"properties":{"市区町村名":"奥尻郡奥尻町","大字名":null,"丁目名":null,"小字名":"字宮津","地番":"327","精度区分":null,"座標系":"任意座標系"}},{"type":"Polygon","arcs":[[476,477,478,-284,479,480,-294,481,482,-307]],"properties":{"市区町村名":"奥尻郡奥尻町","大字名":null,"丁目名":null,"小字名":"字宮津","地番":"292","精度区分":null,"座標系":"任意座標系"}},{"type":"Polygon","arcs":[[483,484,485,486,487,488,489,490,491,492,493,494,-309,495,496,497,498,499,500,501,502,-303,-302,503,504,505,506,507,508,509,510,511,512,513,514,515,516,517,518,519,520,521,522,523,524,525,526,527,528,529,530,531,532,533,534,535,536,537,538,539,540,541,542,543,544,-311,545,546,547,548,549,550,551,552,553,554,555]],"properties":{"市区町村名":"奥尻郡奥尻町","大字名":null,"丁目名":null,"小字名":"字宮津","地番":"道-10","精度区分":null,"座標系":"任意座標系"}},{"type":"Polygon","arcs":[[556,557,558,559,560,561,562,563,564,565,566]],"properties":{"市区町村名":"奥尻郡奥尻町","大字名":null,"丁目名":null,"小字名":"字宮津","地番":"10-1","精度区分":null,"座標系":"任意座標系"}},{"type":"Polygon","arcs":[[567,568,569,-24,570,-198,-204,571,572,573]],"properties":{"市区町村名":"奥尻郡奥尻町","大字名":null,"丁目名":null,"小字名":"字球浦","地番":"道-11","精度区分":null,"座標系":"任意座標系"}},{"type":"Polygon","arcs":[[574,575,576,577,578,579,580,581,582,583,584,585,586,587,588,589,590,591,592]],"properties":{"市区町村名":"奥尻郡奥尻町","大字名":null,"丁目名":null,"小字名":"字奥尻","地番":"水-5","精度区分":null,"座標系":"任意座標系"}},{"type":"Polygon","arcs":[[593,594,595,596]],"properties":{"市区町村名":"奥尻郡奥尻町","大字名":null,"丁目名":null,"小字名":"字球浦","地番":"218","精度区分":null,"座標系":"任意座標系"}},{"type":"Polygon","arcs":[[597,598,599,600]],"properties":{"市区町村名":"奥尻郡奥尻町","大字名":null,"丁目名":null,"小字名":"字奥尻","地番":"道-12","精度区分":null,"座標系":"任意座標系"}},{"type":"Polygon","arcs":[[601,602,603,604,605,606,607,608,609,610,611,612,613,614,615,616,617,618,619,620,621,622,623,624,625,626,627,628,-137,629,630,631,632,633,634,635,636,637,638,639,640,641,642,643,644,645,646,647,648,649,650,651,652,653,654,655,656,657,658,659,660]],"properties":{"市区町村名":"奥尻郡奥尻町","大字名":null,"丁目名":null,"小字名":"字奥尻","地番":"道-13","精度区分":null,"座標系":"任意座標系"}},{"type":"Polygon","arcs":[[661,662,663,664,665,666,667,668,669,670,671,672,673,674,675,676,677,678,-168,679,-678,680,681,682,683,-165,684,685,686,-166,-161,-157,-160,687,688,689,690,691,692,693]],"properties":{"市区町村名":"奥尻郡奥尻町","大字名":null,"丁目名":null,"小字名":"字奥尻","地番":"道-14","精度区分":null,"座標系":"任意座標系"}},{"type":"Polygon","arcs":[[694,695,696,697,698]],"properties":{"市区町村名":"奥尻郡奥尻町","大字名":null,"丁目名":null,"小字名":"字稲穂","地番":"396","精度区分":null,"座標系":"任意座標系"}},{"type":"Polygon","arcs":[[699,700,701,702]],"properties":{"市区町村名":"奥尻郡奥尻町","大字名":null,"丁目名":null,"小字名":"字宮津","地番":"310-3","精度区分":null,"座標系":"任意座標系"}},{"type":"Polygon","arcs":[[-609,703,704]],"properties":{"市区町村名":"奥尻郡奥尻町","大字名":null,"丁目名":null,"小字名":"字奥尻","地番":"163","精度区分":null,"座標系":"任意座標系"}},{"type":"Polygon","arcs":[[705,706,707,708,709,710]],"properties":{"市区町村名":"奥尻郡奥尻町","大字名":null,"丁目名":null,"小字名":"字奥尻","地番":"道-16","精度区分":null,"座標系":"任意座標系"}},{"type":"Polygon","arcs":[[711,712,713]],"properties":{"市区町村名":"奥尻郡奥尻町","大字名":null,"丁目名":null,"小字名":"字奥尻","地番":"60","精度区分":null,"座標系":"任意座標系"}},{"type":"Polygon","arcs":[[714,715,716,717]],"properties":{"市区町村名":"奥尻郡奥尻町","大字名":null,"丁目名":null,"小字名":"字宮津","地番":"長狭物不明-1","精度区分":null,"座標系":"任意座標系"}},{"type":"Polygon","arcs":[[718,719,720,721,722,-712,723,724,-124]],"properties":{"市区町村名":"奥尻郡奥尻町","大字名":null,"丁目名":null,"小字名":"字奥尻","地番":"69","精度区分":null,"座標系":"任意座標系"}},{"type":"Polygon","arcs":[[725,726,-719,-123]],"properties":{"市区町村名":"奥尻郡奥尻町","大字名":null,"丁目名":null,"小字名":"字奥尻","地番":"70","精度区分":null,"座標系":"任意座標系"}},{"type":"Polygon","arcs":[[-647,727,728]],"properties":{"市区町村名":"奥尻郡奥尻町","大字名":null,"丁目名":null,"小字名":"字奥尻","地番":"154","精度区分":null,"座標系":"任意座標系"}},{"type":"Polygon","arcs":[[-648,-729,729]],"properties":{"市区町村名":"奥尻郡奥尻町","大字名":null,"丁目名":null,"小字名":"字奥尻","地番":"155","精度区分":null,"座標系":"任意座標系"}},{"type":"Polygon","arcs":[[-657,730]],"properties":{"市区町村名":"奥尻郡奥尻町","大字名":null,"丁目名":null,"小字名":"字奥尻","地番":"水-6","精度区分":null,"座標系":"任意座標系"}},{"type":"Polygon","arcs":[[731,732,733,734,735,736,737,738,739,740,741,742,743,744,745,746,-711,747,748,749,750,751,752,753,754,755,756,757,758,759,760,761,762,763,764,765,766,767,768,-610,-705,769,-605,770,-603,771,772,773,774,775,776]],"properties":{"市区町村名":"奥尻郡奥尻町","大字名":null,"丁目名":null,"小字名":"字奥尻","地番":"水-7","精度区分":null,"座標系":"任意座標系"}},{"type":"Polygon","arcs":[[777,778,779,780,781,782]],"properties":{"市区町村名":"奥尻郡奥尻町","大字名":null,"丁目名":null,"小字名":"字稲穂","地番":"長狭物不明-2","精度区分":null,"座標系":"任意座標系"}},{"type":"Polygon","arcs":[[783,784,-763]],"properties":{"市区町村名":"奥尻郡奥尻町","大字名":null,"丁目名":null,"小字名":"字奥尻","地番":"144-2","精度区分":null,"座標系":"任意座標系"}},{"type":"Polygon","arcs":[[-724,-714,785,786,787]],"properties":{"市区町村名":"奥尻郡奥尻町","大字名":null,"丁目名":null,"小字名":"字奥尻","地番":"66","精度区分":null,"座標系":"任意座標系"}},{"type":"Polygon","arcs":[[788,-373,789,790,791]],"properties":{"市区町村名":"奥尻郡奥尻町","大字名":null,"丁目名":null,"小字名":"字奥尻","地番":"54-1","精度区分":null,"座標系":"任意座標系"}},{"type":"Polygon","arcs":[[792,-374,-789,793]],"properties":{"市区町村名":"奥尻郡奥尻町","大字名":null,"丁目名":null,"小字名":"字奥尻","地番":"54-2","精度区分":null,"座標系":"任意座標系"}},{"type":"Polygon","arcs":[[794,-791,795,796]],"properties":{"市区町村名":"奥尻郡奥尻町","大字名":null,"丁目名":null,"小字名":"字奥尻","地番":"55","精度区分":null,"座標系":"任意座標系"}},{"type":"Polygon","arcs":[[797,-794,-792,-795,798]],"properties":{"市区町村名":"奥尻郡奥尻町","大字名":null,"丁目名":null,"小字名":"字奥尻","地番":"56","精度区分":null,"座標系":"任意座標系"}},{"type":"Polygon","arcs":[[-129,799,-793,-798,800]],"properties":{"市区町村名":"奥尻郡奥尻町","大字名":null,"丁目名":null,"小字名":"字奥尻","地番":"57","精度区分":null,"座標系":"任意座標系"}},{"type":"Polygon","arcs":[[801,802,803]],"properties":{"市区町村名":"奥尻郡奥尻町","大字名":null,"丁目名":null,"小字名":"字奥尻","地番":"水-8","精度区分":null,"座標系":"任意座標系"}},{"type":"Polygon","arcs":[[-803,804,805]],"properties":{"市区町村名":"奥尻郡奥尻町","大字名":null,"丁目名":null,"小字名":"字奥尻","地番":"59","精度区分":null,"座標系":"任意座標系"}},{"type":"Polygon","arcs":[[806,807,-805,-802,808,809,-801,-799,-797,810,811,-720,-727,812]],"properties":{"市区町村名":"奥尻郡奥尻町","大字名":null,"丁目名":null,"小字名":"字奥尻","地番":"道-17","精度区分":null,"座標系":"任意座標系"}},{"type":"Polygon","arcs":[[-722,813,814]],"properties":{"市区町村名":"奥尻郡奥尻町","大字名":null,"丁目名":null,"小字名":"字奥尻","地番":"1","精度区分":null,"座標系":"任意座標系"}},{"type":"Polygon","arcs":[[-723,-815,815,816,-786,-713]],"properties":{"市区町村名":"奥尻郡奥尻町","大字名":null,"丁目名":null,"小字名":"字奥尻","地番":"61","精度区分":null,"座標系":"任意座標系"}},{"type":"Polygon","arcs":[[817,818,819]],"properties":{"市区町村名":"奥尻郡奥尻町","大字名":null,"丁目名":null,"小字名":"字奥尻","地番":"63","精度区分":null,"座標系":"任意座標系"}},{"type":"Polygon","arcs":[[820,821,822,823,-787,-817,824,-819,825,826,827,828,829,830,831,-140]],"properties":{"市区町村名":"奥尻郡奥尻町","大字名":null,"丁目名":null,"小字名":"字奥尻","地番":"道-18","精度区分":null,"座標系":"任意座標系"}},{"type":"Polygon","arcs":[[832,-827,833]],"properties":{"市区町村名":"奥尻郡奥尻町","大字名":null,"丁目名":null,"小字名":"字奥尻","地番":"62","精度区分":null,"座標系":"任意座標系"}},{"type":"Polygon","arcs":[[-828,-833,834,835]],"properties":{"市区町村名":"奥尻郡奥尻町","大字名":null,"丁目名":null,"小字名":"字奥尻","地番":"65","精度区分":null,"座標系":"任意座標系"}},{"type":"Polygon","arcs":[[-834,-826,-818,836,837,-835]],"properties":{"市区町村名":"奥尻郡奥尻町","大字名":null,"丁目名":null,"小字名":"字奥尻","地番":"64","精度区分":null,"座標系":"任意座標系"}},{"type":"Polygon","arcs":[[-800,-128,838,839,-369]],"properties":{"市区町村名":"奥尻郡奥尻町","大字名":null,"丁目名":null,"小字名":"字奥尻","地番":"50","精度区分":null,"座標系":"任意座標系"}},{"type":"Polygon","arcs":[[840,841,842,-631]],"properties":{"市区町村名":"奥尻郡奥尻町","大字名":null,"丁目名":null,"小字名":"字奥尻","地番":"129","精度区分":null,"座標系":"任意座標系"}},{"type":"Polygon","arcs":[[-645,843,844,-636,845]],"properties":{"市区町村名":"奥尻郡奥尻町","大字名":null,"丁目名":null,"小字名":"字奥尻","地番":"131","精度区分":null,"座標系":"任意座標系"}},{"type":"Polygon","arcs":[[-634,846,-146,847,848]],"properties":{"市区町村名":"奥尻郡奥尻町","大字名":null,"丁目名":null,"小字名":"字奥尻","地番":"127","精度区分":null,"座標系":"任意座標系"}},{"type":"Polygon","arcs":[[-147,-847,-633]],"properties":{"市区町村名":"奥尻郡奥尻町","大字名":null,"丁目名":null,"小字名":"字奥尻","地番":"128","精度区分":null,"座標系":"任意座標系"}},{"type":"Polygon","arcs":[[849,-641,850,-639,851,-637,-845]],"properties":{"市区町村名":"奥尻郡奥尻町","大字名":null,"丁目名":null,"小字名":"字奥尻","地番":"132","精度区分":null,"座標系":"任意座標系"}},{"type":"Polygon","arcs":[[-638,-852]],"properties":{"市区町村名":"奥尻郡奥尻町","大字名":null,"丁目名":null,"小字名":"字奥尻","地番":"水-9","精度区分":null,"座標系":"任意座標系"}},{"type":"Polygon","arcs":[[852,-642,-850,-844,-644]],"properties":{"市区町村名":"奥尻郡奥尻町","大字名":null,"丁目名":null,"小字名":"字奥尻","地番":"153","精度区分":null,"座標系":"任意座標系"}},{"type":"Polygon","arcs":[[853,-685,-164]],"properties":{"市区町村名":"奥尻郡奥尻町","大字名":null,"丁目名":null,"小字名":"字奥尻","地番":"242","精度区分":null,"座標系":"任意座標系"}},{"type":"Polygon","arcs":[[854,-686,-854,-163]],"properties":{"市区町村名":"奥尻郡奥尻町","大字名":null,"丁目名":null,"小字名":"字奥尻","地番":"241","精度区分":null,"座標系":"任意座標系"}},{"type":"Polygon","arcs":[[-679,-680,-167]],"properties":{"市区町村名":"奥尻郡奥尻町","大字名":null,"丁目名":null,"小字名":"字奥尻","地番":"238","精度区分":null,"座標系":"任意座標系"}},{"type":"Polygon","arcs":[[855,856,-676]],"properties":{"市区町村名":"奥尻郡奥尻町","大字名":null,"丁目名":null,"小字名":"字奥尻","地番":"236","精度区分":null,"座標系":"任意座標系"}},{"type":"Polygon","arcs":[[-677,-857,857,-681]],"properties":{"市区町村名":"奥尻郡奥尻町","大字名":null,"丁目名":null,"小字名":"字奥尻","地番":"237","精度区分":null,"座標系":"任意座標系"}},{"type":"Polygon","arcs":[[-675,858,-682,-858,-856]],"properties":{"市区町村名":"奥尻郡奥尻町","大字名":null,"丁目名":null,"小字名":"字奥尻","地番":"235","精度区分":null,"座標系":"任意座標系"}},{"type":"Polygon","arcs":[[859,-683,-859,-674]],"properties":{"市区町村名":"奥尻郡奥尻町","大字名":null,"丁目名":null,"小字名":"字奥尻","地番":"234","精度区分":null,"座標系":"任意座標系"}},{"type":"Polygon","arcs":[[860,-672,861]],"properties":{"市区町村名":"奥尻郡奥尻町","大字名":null,"丁目名":null,"小字名":"字奥尻","地番":"231","精度区分":null,"座標系":"任意座標系"}},{"type":"Polygon","arcs":[[862,863,864,865,866,867,868,869,870,871,872,873,874,875,-662,876,877,878,879,880,881,882,883]],"properties":{"市区町村名":"奥尻郡奥尻町","大字名":null,"丁目名":null,"小字名":"字奥尻","地番":"水-10","精度区分":null,"座標系":"任意座標系"}},{"type":"Polygon","arcs":[[884,885,-596,886,887,888,889,890]],"properties":{"市区町村名":"奥尻郡奥尻町","大字名":null,"丁目名":null,"小字名":"字奥尻","地番":"水-11","精度区分":null,"座標系":"任意座標系"}},{"type":"Polygon","arcs":[[891,892,893]],"properties":{"市区町村名":"奥尻郡奥尻町","大字名":null,"丁目名":null,"小字名":"字奥尻","地番":"道-22","精度区分":null,"座標系":"任意座標系"}},{"type":"Polygon","arcs":[[894,895,-599]],"properties":{"市区町村名":"奥尻郡奥尻町","大字名":null,"丁目名":null,"小字名":"字奥尻","地番":"533","精度区分":null,"座標系":"任意座標系"}},{"type":"Polygon","arcs":[[896,897,898]],"properties":{"市区町村名":"奥尻郡奥尻町","大字名":null,"丁目名":null,"小字名":"字宮津","地番":"352","精度区分":null,"座標系":"任意座標系"}},{"type":"Polygon","arcs":[[899,900,-897,901,902]],"properties":{"市区町村名":"奥尻郡奥尻町","大字名":null,"丁目名":null,"小字名":"字宮津","地番":"351","精度区分":null,"座標系":"任意座標系"}},{"type":"Polygon","arcs":[[903,-178]],"properties":{"市区町村名":"奥尻郡奥尻町","大字名":null,"丁目名":null,"小字名":"字宮津","地番":"無地番-2","精度区分":null,"座標系":"任意座標系"}},{"type":"Polygon","arcs":[[-182]],"properties":{"市区町村名":"奥尻郡奥尻町","大字名":null,"丁目名":null,"小字名":"字宮津","地番":"無地番-4","精度区分":null,"座標系":"任意座標系"}},{"type":"Polygon","arcs":[[-90,-184,904,-179,-904,-177,-88,905,-900]],"properties":{"市区町村名":"奥尻郡奥尻町","大字名":null,"丁目名":null,"小字名":"字宮津","地番":"道-23","精度区分":null,"座標系":"任意座標系"}},{"type":"Polygon","arcs":[[906,907,-393,908]],"properties":{"市区町村名":"奥尻郡奥尻町","大字名":null,"丁目名":null,"小字名":"字稲穂","地番":"563-1","精度区分":null,"座標系":"任意座標系"}},{"type":"Polygon","arcs":[[909,910,911,912]],"properties":{"市区町村名":"奥尻郡奥尻町","大字名":null,"丁目名":null,"小字名":"字球浦","地番":"220","精度区分":null,"座標系":"任意座標系"}},{"type":"Polygon","arcs":[[913,914,915,916,917]],"properties":{"市区町村名":"奥尻郡奥尻町","大字名":null,"丁目名":null,"小字名":"字球浦","地番":"67-23","精度区分":null,"座標系":"任意座標系"}},{"type":"Polygon","arcs":[[-917,918,919,920]],"properties":{"市区町村名":"奥尻郡奥尻町","大字名":null,"丁目名":null,"小字名":"字球浦","地番":"67-22","精度区分":null,"座標系":"任意座標系"}},{"type":"Polygon","arcs":[[921,-920,922,923,924,925,926]],"properties":{"市区町村名":"奥尻郡奥尻町","大字名":null,"丁目名":null,"小字名":"字球浦","地番":"67-20","精度区分":null,"座標系":"任意座標系"}},{"type":"Polygon","arcs":[[927,928,929,930,931,932]],"properties":{"市区町村名":"奥尻郡奥尻町","大字名":null,"丁目名":null,"小字名":"字球浦","地番":"67-19","精度区分":null,"座標系":"任意座標系"}},{"type":"Polygon","arcs":[[933,934,935,936]],"properties":{"市区町村名":"奥尻郡奥尻町","大字名":null,"丁目名":null,"小字名":"字球浦","地番":"67-18","精度区分":null,"座標系":"任意座標系"}},{"type":"Polygon","arcs":[[937,-937,938,939]],"properties":{"市区町村名":"奥尻郡奥尻町","大字名":null,"丁目名":null,"小字名":"字球浦","地番":"67-17","精度区分":null,"座標系":"任意座標系"}},{"type":"Polygon","arcs":[[940,-927,941,942,943]],"properties":{"市区町村名":"奥尻郡奥尻町","大字名":null,"丁目名":null,"小字名":"字球浦","地番":"67-16","精度区分":null,"座標系":"任意座標系"}},{"type":"Polygon","arcs":[[-943,944,945,-935,946]],"properties":{"市区町村名":"奥尻郡奥尻町","大字名":null,"丁目名":null,"小字名":"字球浦","地番":"67-15","精度区分":null,"座標系":"任意座標系"}},{"type":"Polygon","arcs":[[947,-941,948,949]],"properties":{"市区町村名":"奥尻郡奥尻町","大字名":null,"丁目名":null,"小字名":"字球浦","地番":"67-14","精度区分":null,"座標系":"任意座標系"}},{"type":"Polygon","arcs":[[-934,950,951]],"properties":{"市区町村名":"奥尻郡奥尻町","大字名":null,"丁目名":null,"小字名":"字球浦","地番":"67-12","精度区分":null,"座標系":"任意座標系"}},{"type":"Polygon","arcs":[[-936,-946,952,953]],"properties":{"市区町村名":"奥尻郡奥尻町","大字名":null,"丁目名":null,"小字名":"字球浦","地番":"67-13","精度区分":null,"座標系":"任意座標系"}},{"type":"Polygon","arcs":[[954,955,956]],"properties":{"市区町村名":"奥尻郡奥尻町","大字名":null,"丁目名":null,"小字名":"字球浦","地番":"67-11","精度区分":null,"座標系":"任意座標系"}},{"type":"Polygon","arcs":[[957,-957,958,-951,-938,959,-930,960,961]],"properties":{"市区町村名":"奥尻郡奥尻町","大字名":null,"丁目名":null,"小字名":"字球浦","地番":"67-10","精度区分":null,"座標系":"任意座標系"}},{"type":"Polygon","arcs":[[-939,-954,962]],"properties":{"市区町村名":"奥尻郡奥尻町","大字名":null,"丁目名":null,"小字名":"字球浦","地番":"67-7","精度区分":null,"座標系":"任意座標系"}},{"type":"Polygon","arcs":[[-931,-960,-940,963,964,965]],"properties":{"市区町村名":"奥尻郡奥尻町","大字名":null,"丁目名":null,"小字名":"字球浦","地番":"67-8","精度区分":null,"座標系":"任意座標系"}},{"type":"Polygon","arcs":[[-932,-966,966,967]],"properties":{"市区町村名":"奥尻郡奥尻町","大字名":null,"丁目名":null,"小字名":"字球浦","地番":"67-6","精度区分":null,"座標系":"任意座標系"}},{"type":"Polygon","arcs":[[968,-921,-922,-948]],"properties":{"市区町村名":"奥尻郡奥尻町","大字名":null,"丁目名":null,"小字名":"字球浦","地番":"67-2","精度区分":null,"座標系":"任意座標系"}},{"type":"Polygon","arcs":[[969,970,971,972,-923]],"properties":{"市区町村名":"奥尻郡奥尻町","大字名":null,"丁目名":null,"小字名":"字球浦","地番":"74-5","精度区分":null,"座標系":"任意座標系"}},{"type":"Polygon","arcs":[[973,974,-970,-919,-916]],"properties":{"市区町村名":"奥尻郡奥尻町","大字名":null,"丁目名":null,"小字名":"字球浦","地番":"74-1","精度区分":null,"座標系":"任意座標系"}},{"type":"Polygon","arcs":[[975,976,977,-22]],"properties":{"市区町村名":"奥尻郡奥尻町","大字名":null,"丁目名":null,"小字名":"字球浦","地番":"69-1","精度区分":null,"座標系":"任意座標系"}},{"type":"Polygon","arcs":[[978,979,980,-977]],"properties":{"市区町村名":"奥尻郡奥尻町","大字名":null,"丁目名":null,"小字名":"字球浦","地番":"69-2","精度区分":null,"座標系":"任意座標系"}},{"type":"Polygon","arcs":[[-981,981,982]],"properties":{"市区町村名":"奥尻郡奥尻町","大字名":null,"丁目名":null,"小字名":"字球浦","地番":"68-2","精度区分":null,"座標系":"任意座標系"}},{"type":"Polygon","arcs":[[-23,-978,-983,983]],"properties":{"市区町村名":"奥尻郡奥尻町","大字名":null,"丁目名":null,"小字名":"字球浦","地番":"68-1","精度区分":null,"座標系":"任意座標系"}},{"type":"Polygon","arcs":[[984,985,986,987,988]],"properties":{"市区町村名":"奥尻郡奥尻町","大字名":null,"丁目名":null,"小字名":"字球浦","地番":"31","精度区分":null,"座標系":"任意座標系"}},{"type":"Polygon","arcs":[[989,990,991,992,993]],"properties":{"市区町村名":"奥尻郡奥尻町","大字名":null,"丁目名":null,"小字名":"字球浦","地番":"道-25","精度区分":null,"座標系":"任意座標系"}},{"type":"Polygon","arcs":[[994,995,996,997,-991]],"properties":{"市区町村名":"奥尻郡奥尻町","大字名":null,"丁目名":null,"小字名":"字球浦","地番":"214","精度区分":null,"座標系":"任意座標系"}},{"type":"Polygon","arcs":[[998,-985,999,-997]],"properties":{"市区町村名":"奥尻郡奥尻町","大字名":null,"丁目名":null,"小字名":"字球浦","地番":"道-26","精度区分":null,"座標系":"任意座標系"}},{"type":"Polygon","arcs":[[1000,1001,-993,1002,1003,-912]],"properties":{"市区町村名":"奥尻郡奥尻町","大字名":null,"丁目名":null,"小字名":"字球浦","地番":"216","精度区分":null,"座標系":"任意座標系"}},{"type":"Polygon","arcs":[[1004,1005,1006,1007,1008,1009,1010,-887,1011,-594,1012]],"properties":{"市区町村名":"奥尻郡奥尻町","大字名":null,"丁目名":null,"小字名":"字球浦","地番":"水-12","精度区分":null,"座標系":"任意座標系"}},{"type":"Polygon","arcs":[[1013,1014,1015,1016,-577,1017]],"properties":{"市区町村名":"奥尻郡奥尻町","大字名":null,"丁目名":null,"小字名":"字奥尻","地番":"527-1","精度区分":null,"座標系":"任意座標系"}},{"type":"Polygon","arcs":[[1018,1019,-1010]],"properties":{"市区町村名":"奥尻郡奥尻町","大字名":null,"丁目名":null,"小字名":"字球浦","地番":"無地番-5","精度区分":null,"座標系":"任意座標系"}},{"type":"Polygon","arcs":[[1020,1021,1022,-1019,-1009]],"properties":{"市区町村名":"奥尻郡奥尻町","大字名":null,"丁目名":null,"小字名":"字球浦","地番":"7","精度区分":null,"座標系":"任意座標系"}},{"type":"Polygon","arcs":[[1023,-592,1024,1025]],"properties":{"市区町村名":"奥尻郡奥尻町","大字名":null,"丁目名":null,"小字名":"字奥尻","地番":"522-1","精度区分":null,"座標系":"任意座標系"}},{"type":"Polygon","arcs":[[-170,1026,1027,1028]],"properties":{"市区町村名":"奥尻郡奥尻町","大字名":null,"丁目名":null,"小字名":"字奥尻","地番":"526","精度区分":null,"座標系":"任意座標系"}},{"type":"Polygon","arcs":[[1029,1030,-1028]],"properties":{"市区町村名":"奥尻郡奥尻町","大字名":null,"丁目名":null,"小字名":"字奥尻","地番":"525","精度区分":null,"座標系":"任意座標系"}},{"type":"Polygon","arcs":[[1031,1032]],"properties":{"市区町村名":"奥尻郡奥尻町","大字名":null,"丁目名":null,"小字名":"字奥尻","地番":"329-2","精度区分":null,"座標系":"任意座標系"}},{"type":"Polygon","arcs":[[-587,1033,1034]],"properties":{"市区町村名":"奥尻郡奥尻町","大字名":null,"丁目名":null,"小字名":"字奥尻","地番":"329-3","精度区分":null,"座標系":"任意座標系"}},{"type":"Polygon","arcs":[[1035,1036,-171,-1029,-1031,1037,1038,-585,1039,-1016]],"properties":{"市区町村名":"奥尻郡奥尻町","大字名":null,"丁目名":null,"小字名":"字奥尻","地番":"道-27","精度区分":null,"座標系":"任意座標系"}},{"type":"Polygon","arcs":[[1040,-583]],"properties":{"市区町村名":"奥尻郡奥尻町","大字名":null,"丁目名":null,"小字名":"字奥尻","地番":"523-2","精度区分":null,"座標系":"任意座標系"}},{"type":"Polygon","arcs":[[1041,-581]],"properties":{"市区町村名":"奥尻郡奥尻町","大字名":null,"丁目名":null,"小字名":"字奥尻","地番":"523-3","精度区分":null,"座標系":"任意座標系"}},{"type":"Polygon","arcs":[[1042,1043,-580]],"properties":{"市区町村名":"奥尻郡奥尻町","大字名":null,"丁目名":null,"小字名":"字奥尻","地番":"523-4","精度区分":null,"座標系":"任意座標系"}},{"type":"Polygon","arcs":[[1044,-1043,-579]],"properties":{"市区町村名":"奥尻郡奥尻町","大字名":null,"丁目名":null,"小字名":"字奥尻","地番":"523-5","精度区分":null,"座標系":"任意座標系"}},{"type":"Polygon","arcs":[[-1040,-584,-1041,-582,-1042,-1044,-1045,-578,-1017]],"properties":{"市区町村名":"奥尻郡奥尻町","大字名":null,"丁目名":null,"小字名":"字奥尻","地番":"523-1","精度区分":null,"座標系":"任意座標系"}},{"type":"Polygon","arcs":[[1045,1046,-588,-1035,-1033,1047]],"properties":{"市区町村名":"奥尻郡奥尻町","大字名":null,"丁目名":null,"小字名":"字奥尻","地番":"329-1","精度区分":null,"座標系":"任意座標系"}},{"type":"Polygon","arcs":[[-589,-1047,1048]],"properties":{"市区町村名":"奥尻郡奥尻町","大字名":null,"丁目名":null,"小字名":"字奥尻","地番":"329-4","精度区分":null,"座標系":"任意座標系"}},{"type":"Polygon","arcs":[[-590,-1049,1049]],"properties":{"市区町村名":"奥尻郡奥尻町","大字名":null,"丁目名":null,"小字名":"字奥尻","地番":"521-2","精度区分":null,"座標系":"任意座標系"}},{"type":"Polygon","arcs":[[-1025,-591,-1050,-1046,1050]],"properties":{"市区町村名":"奥尻郡奥尻町","大字名":null,"丁目名":null,"小字名":"字奥尻","地番":"521-1","精度区分":null,"座標系":"任意座標系"}},{"type":"Polygon","arcs":[[-890,1051,-1038,-1030,1052,1053]],"properties":{"市区町村名":"奥尻郡奥尻町","大字名":null,"丁目名":null,"小字名":"字奥尻","地番":"524","精度区分":null,"座標系":"任意座標系"}},{"type":"Polygon","arcs":[[-1007,1054]],"properties":{"市区町村名":"奥尻郡奥尻町","大字名":null,"丁目名":null,"小字名":"字球浦","地番":"10","精度区分":null,"座標系":"任意座標系"}},{"type":"Polygon","arcs":[[1055,-1022]],"properties":{"市区町村名":"奥尻郡奥尻町","大字名":null,"丁目名":null,"小字名":"字球浦","地番":"8","精度区分":null,"座標系":"任意座標系"}},{"type":"Polygon","arcs":[[-189,1056,1057,1058,1059]],"properties":{"市区町村名":"奥尻郡奥尻町","大字名":null,"丁目名":null,"小字名":"字球浦","地番":"38","精度区分":null,"座標系":"任意座標系"}},{"type":"Polygon","arcs":[[-595,-1012]],"properties":{"市区町村名":"奥尻郡奥尻町","大字名":null,"丁目名":null,"小字名":"字球浦","地番":"9","精度区分":null,"座標系":"任意座標系"}},{"type":"Polygon","arcs":[[-913,-1004,1060,1061,-888,-1011,-1020,-1023,-1056,-1021,-1008,-1055,-1006,1062,1063,1064]],"properties":{"市区町村名":"奥尻郡奥尻町","大字名":null,"丁目名":null,"小字名":"字球浦","地番":"道-28","精度区分":null,"座標系":"任意座標系"}},{"type":"Polygon","arcs":[[-1003,1065,1066,-1061]],"properties":{"市区町村名":"奥尻郡奥尻町","大字名":null,"丁目名":null,"小字名":"字球浦","地番":"11","精度区分":null,"座標系":"任意座標系"}},{"type":"Polygon","arcs":[[1067,1068]],"properties":{"市区町村名":"奥尻郡奥尻町","大字名":null,"丁目名":null,"小字名":"字球浦","地番":"34","精度区分":null,"座標系":"任意座標系"}},{"type":"Polygon","arcs":[[-1068,1069,1070,1071]],"properties":{"市区町村名":"奥尻郡奥尻町","大字名":null,"丁目名":null,"小字名":"字球浦","地番":"33","精度区分":null,"座標系":"任意座標系"}},{"type":"Polygon","arcs":[[1072,-1069,-1072,1073,-367]],"properties":{"市区町村名":"奥尻郡奥尻町","大字名":null,"丁目名":null,"小字名":"字球浦","地番":"32","精度区分":null,"座標系":"任意座標系"}},{"type":"Polygon","arcs":[[1074,1075,-190,-1060,1076,1077]],"properties":{"市区町村名":"奥尻郡奥尻町","大字名":null,"丁目名":null,"小字名":"字球浦","地番":"37","精度区分":null,"座標系":"任意座標系"}},{"type":"Polygon","arcs":[[-365,-1076,1078]],"properties":{"市区町村名":"奥尻郡奥尻町","大字名":null,"丁目名":null,"小字名":"字球浦","地番":"36","精度区分":null,"座標系":"任意座標系"}},{"type":"Polygon","arcs":[[-1073,-366,-1079,-1075,1079,-1070]],"properties":{"市区町村名":"奥尻郡奥尻町","大字名":null,"丁目名":null,"小字名":"字球浦","地番":"35","精度区分":null,"座標系":"任意座標系"}},{"type":"Polygon","arcs":[[-1077,-1059,1080,1081]],"properties":{"市区町村名":"奥尻郡奥尻町","大字名":null,"丁目名":null,"小字名":"字球浦","地番":"道-29","精度区分":null,"座標系":"任意座標系"}},{"type":"Polygon","arcs":[[-988,1082,1083]],"properties":{"市区町村名":"奥尻郡奥尻町","大字名":null,"丁目名":null,"小字名":"字球浦","地番":"12","精度区分":null,"座標系":"任意座標系"}},{"type":"Polygon","arcs":[[-992,-998,-1000,-989,-1084,1084,-1066]],"properties":{"市区町村名":"奥尻郡奥尻町","大字名":null,"丁目名":null,"小字名":"字球浦","地番":"道-30","精度区分":null,"座標系":"任意座標系"}},{"type":"Polygon","arcs":[[1085,1086,1087,-211,1088,1089,1090,-187,1091,1092,1093,-193,1094,1095,1096]],"properties":{"市区町村名":"奥尻郡奥尻町","大字名":null,"丁目名":null,"小字名":"字球浦","地番":"水-13","精度区分":null,"座標系":"任意座標系"}},{"type":"Polygon","arcs":[[1097,1098,1099,1100,1101,1102,1103,1104,1105]],"properties":{"市区町村名":"奥尻郡奥尻町","大字名":null,"丁目名":null,"小字名":"字球浦","地番":"水-14","精度区分":null,"座標系":"任意座標系"}},{"type":"Polygon","arcs":[[1106,1107]],"properties":{"市区町村名":"奥尻郡奥尻町","大字名":null,"丁目名":null,"小字名":"字球浦","地番":"161","精度区分":null,"座標系":"任意座標系"}},{"type":"Polygon","arcs":[[1108,1109,1110,1111,1112]],"properties":{"市区町村名":"奥尻郡奥尻町","大字名":null,"丁目名":null,"小字名":"字球浦","地番":"111-4","精度区分":null,"座標系":"任意座標系"}},{"type":"Polygon","arcs":[[1113,1114,1115,1116,1117,1118,1119,1120,1121,1122,1123,1124,1125,1126,1127,1128,1129,1130,1131,1132,1133,1134,1135,1136,-224,1137,-222,1138,1139,1140,1141,1142,1143,1144,1145,1146,1147,1148,1149,-238,-320,1150,1151,-1151,-319,-236,1152,1153,-382,1154,-228,1155,1156,1157,1158,1159,1160,1161,1162,1163,1164,1165,1166,-325,1167,1168,-1168,-324,1169,1170,1171,1172,1173,1174,1175,-1175,1176,1177,1178,-1178,1179,1180,-1171,1181,1182,1183,1184,1185,-1185,1186,-1183,1187,1188,1189,1190,1191,1192,1193,1194,1195,-1195,1196,-1193,1197,-1191,1198,1199,1200,1201,1202,1203,1204,-1204,1205,-1202,1206,1207,1208,1209,1210,1211,1212,1213,1214,1215,1216,1217,-1215,1218,1219,1220,-364,-1221,1221,1222,1223,1224,1225,1226,-1226,1227,1228,-1223,1229,1230,1231,1232,1233,1234,1235,1236,1237,1238,1239,1240,1241,-1236,1242,1243,-1232,1244,1245,1246,1247,1248,1249,1250,1251,1252,-1252,1253,1254,1255,1256,1257,1258,1259,1260,1261,-1261,1262,1263,1264,-1264,1265,-1259,1266,1267,-1256,1268,1269,1270,1271,1272,1273,1274,1275,1276,-699,1277,1278,1279,1280,1281,1282,-1280,1283,1284,1285,1286,-426,1287,1288,-1288,1289,1290,-422,1291,1292,1293,-417,1294,1295,1296,1297,-405,-410,-396,1298,1299,1300]],"properties":{"市区町村名":"奥尻郡奥尻町","大字名":null,"丁目名":null,"小字名":"字稲穂","地番":"道-32","精度区分":null,"座標系":"任意座標系"}},{"type":"Polygon","arcs":[[-383,-1154,1301,1302,1303]],"properties":{"市区町村名":"奥尻郡奥尻町","大字名":null,"丁目名":null,"小字名":"字稲穂","地番":"486-1","精度区分":null,"座標系":"任意座標系"}},{"type":"Polygon","arcs":[[1304,-229,-1155,-381,1305]],"properties":{"市区町村名":"奥尻郡奥尻町","大字名":null,"丁目名":null,"小字名":"字稲穂","地番":"485-4","精度区分":null,"座標系":"任意座標系"}},{"type":"Polygon","arcs":[[-232,1306,-230,-1305]],"properties":{"市区町村名":"奥尻郡奥尻町","大字名":null,"丁目名":null,"小字名":"字稲穂","地番":"485-3","精度区分":null,"座標系":"任意座標系"}},{"type":"Polygon","arcs":[[1307,1308,1309,1310,1311,1312,1313,1314,1315,1316,1317,1318,1319,1320,1321,-53,1322,1323,1324,-73,1325,1326,-244,1327,1328,1329,1330,1331,1332,1333,1334,-388]],"properties":{"市区町村名":"奥尻郡奥尻町","大字名":null,"丁目名":null,"小字名":"字稲穂","地番":"道-33","精度区分":null,"座標系":"任意座標系"}},{"type":"Polygon","arcs":[[1335,1336,1337,-1328,-243,1338]],"properties":{"市区町村名":"奥尻郡奥尻町","大字名":null,"丁目名":null,"小字名":"字稲穂","地番":"554-1","精度区分":null,"座標系":"任意座標系"}},{"type":"Polygon","arcs":[[-1298,1339,1340,1341,-406]],"properties":{"市区町村名":"奥尻郡奥尻町","大字名":null,"丁目名":null,"小字名":"字宮津","地番":"334","精度区分":null,"座標系":"任意座標系"}},{"type":"Polygon","arcs":[[1342,-401,1343,-1301]],"properties":{"市区町村名":"奥尻郡奥尻町","大字名":null,"丁目名":null,"小字名":"字宮津","地番":"336-2","精度区分":null,"座標系":"任意座標系"}},{"type":"Polygon","arcs":[[-408,1344,-398,-409]],"properties":{"市区町村名":"奥尻郡奥尻町","大字名":null,"丁目名":null,"小字名":"字宮津","地番":"335-3","精度区分":null,"座標系":"任意座標系"}},{"type":"Polygon","arcs":[[-1345,1345,-399]],"properties":{"市区町村名":"奥尻郡奥尻町","大字名":null,"丁目名":null,"小字名":"字宮津","地番":"335-2","精度区分":null,"座標系":"任意座標系"}},{"type":"Polygon","arcs":[[1346,-226,1347,1348,1349,-1314]],"properties":{"市区町村名":"奥尻郡奥尻町","大字名":null,"丁目名":null,"小字名":"字稲穂","地番":"496-3","精度区分":null,"座標系":"任意座標系"}},{"type":"Polygon","arcs":[[1350,1351,1352,1353]],"properties":{"市区町村名":"奥尻郡奥尻町","大字名":null,"丁目名":null,"小字名":"字宮津","地番":"11-12","精度区分":null,"座標系":"任意座標系"}},{"type":"Polygon","arcs":[[1354,-1354,1355]],"properties":{"市区町村名":"奥尻郡奥尻町","大字名":null,"丁目名":null,"小字名":"字宮津","地番":"10-2","精度区分":null,"座標系":"任意座標系"}},{"type":"Polygon","arcs":[[1356,1357,-1355]],"properties":{"市区町村名":"奥尻郡奥尻町","大字名":null,"丁目名":null,"小字名":"字宮津","地番":"10-5","精度区分":null,"座標系":"任意座標系"}},{"type":"Polygon","arcs":[[1358,1359,1360,1361,-268,1362,1363,1364,1365]],"properties":{"市区町村名":"奥尻郡奥尻町","大字名":null,"丁目名":null,"小字名":"字球浦","地番":"158-1","精度区分":null,"座標系":"任意座標系"}},{"type":"Polygon","arcs":[[1366,1367,1368]],"properties":{"市区町村名":"奥尻郡奥尻町","大字名":null,"丁目名":null,"小字名":"字宮津","地番":"38-2","精度区分":null,"座標系":"任意座標系"}},{"type":"Polygon","arcs":[[1369,1370,1371]],"properties":{"市区町村名":"奥尻郡奥尻町","大字名":null,"丁目名":null,"小字名":"字宮津","地番":"14-2","精度区分":null,"座標系":"任意座標系"}},{"type":"Polygon","arcs":[[1372,1373,1374,1375,1376,1377,-702,1378,1379,1380,1381,1382,1383,1384,1385,1386,1387,1388,1389,1390]],"properties":{"市区町村名":"奥尻郡奥尻町","大字名":null,"丁目名":null,"小字名":"字宮津","地番":"道-35","精度区分":null,"座標系":"任意座標系"}},{"type":"Polygon","arcs":[[1391,1392,1393]],"properties":{"市区町村名":"奥尻郡奥尻町","大字名":null,"丁目名":null,"小字名":"字宮津","地番":"272","精度区分":null,"座標系":"任意座標系"}},{"type":"Polygon","arcs":[[-469,1394,1395,1396]],"properties":{"市区町村名":"奥尻郡奥尻町","大字名":null,"丁目名":null,"小字名":"字宮津","地番":"水-15","精度区分":null,"座標系":"任意座標系"}},{"type":"Polygon","arcs":[[1397,1398,1399,1400]],"properties":{"市区町村名":"奥尻郡奥尻町","大字名":null,"丁目名":null,"小字名":"字宮津","地番":"水-16","精度区分":null,"座標系":"任意座標系"}},{"type":"Polygon","arcs":[[1401,1402]],"properties":{"市区町村名":"奥尻郡奥尻町","大字名":null,"丁目名":null,"小字名":"字宮津","地番":"331-2","精度区分":null,"座標系":"任意座標系"}},{"type":"Polygon","arcs":[[1403,1404,-1403,1405]],"properties":{"市区町村名":"奥尻郡奥尻町","大字名":null,"丁目名":null,"小字名":"字宮津","地番":"331-3","精度区分":null,"座標系":"任意座標系"}},{"type":"Polygon","arcs":[[1406,1407,-1404,1408,1409]],"properties":{"市区町村名":"奥尻郡奥尻町","大字名":null,"丁目名":null,"小字名":"字宮津","地番":"331-1","精度区分":null,"座標系":"任意座標系"}},{"type":"Polygon","arcs":[[1410,-1407,1411]],"properties":{"市区町村名":"奥尻郡奥尻町","大字名":null,"丁目名":null,"小字名":"字宮津","地番":"332","精度区分":null,"座標系":"任意座標系"}},{"type":"Polygon","arcs":[[-445,1412]],"properties":{"市区町村名":"奥尻郡奥尻町","大字名":null,"丁目名":null,"小字名":"字宮津","地番":"212V1","精度区分":null,"座標系":"任意座標系"}},{"type":"Polygon","arcs":[[1413,1414,1415,-439]],"properties":{"市区町村名":"奥尻郡奥尻町","大字名":null,"丁目名":null,"小字名":"字宮津","地番":"212V2","精度区分":null,"座標系":"任意座標系"}},{"type":"Polygon","arcs":[[1416,1417,1418,1419,-443,1420,1421,1422,1423,1424,1425,1426,1427,1428,1429,1430,1431,1432,1433]],"properties":{"市区町村名":"奥尻郡奥尻町","大字名":null,"丁目名":null,"小字名":"字宮津","地番":"水-18","精度区分":null,"座標系":"任意座標系"}},{"type":"Polygon","arcs":[[1434,1435,1436,1437,-448,1438]],"properties":{"市区町村名":"奥尻郡奥尻町","大字名":null,"丁目名":null,"小字名":"字宮津","地番":"218","精度区分":null,"座標系":"任意座標系"}},{"type":"Polygon","arcs":[[1439,1440,-414,-412,-413,1441]],"properties":{"市区町村名":"奥尻郡奥尻町","大字名":null,"丁目名":null,"小字名":"字宮津","地番":"水-19","精度区分":null,"座標系":"任意座標系"}},{"type":"Polygon","arcs":[[-1297,1442,1443,-1340]],"properties":{"市区町村名":"奥尻郡奥尻町","大字名":null,"丁目名":null,"小字名":"字宮津","地番":"道-36","精度区分":null,"座標系":"任意座標系"}},{"type":"Polygon","arcs":[[1444,1445,1446,1447,1448,1449,1450,1451]],"properties":{"市区町村名":"奥尻郡奥尻町","大字名":null,"丁目名":null,"小字名":"字稲穂","地番":"57-3","精度区分":null,"座標系":"任意座標系"}},{"type":"Polygon","arcs":[[-1452,1452]],"properties":{"市区町村名":"奥尻郡奥尻町","大字名":null,"丁目名":null,"小字名":"字稲穂","地番":"56","精度区分":null,"座標系":"任意座標系"}},{"type":"Polygon","arcs":[[1453,1454,1455,1456,-1445,-1453,-1451,1457]],"properties":{"市区町村名":"奥尻郡奥尻町","大字名":null,"丁目名":null,"小字名":"字稲穂","地番":"57-1","精度区分":null,"座標系":"任意座標系"}},{"type":"Polygon","arcs":[[1458,1459,1460]],"properties":{"市区町村名":"奥尻郡奥尻町","大字名":null,"丁目名":null,"小字名":"字稲穂","地番":"84-2","精度区分":null,"座標系":"任意座標系"}},{"type":"Polygon","arcs":[[1461,1462,1463,1464,1465,1466,1467,1468,1469,1470,1471,1472,1473]],"properties":{"市区町村名":"奥尻郡奥尻町","大字名":null,"丁目名":null,"小字名":"字稲穂","地番":"無地番-6","精度区分":null,"座標系":"任意座標系"}},{"type":"Polygon","arcs":[[1474,1475,1476,1477,1478]],"properties":{"市区町村名":"奥尻郡奥尻町","大字名":null,"丁目名":null,"小字名":"字稲穂","地番":"110-2","精度区分":null,"座標系":"任意座標系"}},{"type":"Polygon","arcs":[[1479,1480,1481,1482,1483,1484,1485,1486,1487,1488,1489,1490,1491,1492,1493,1494,1495,1496,1497,1498,1499,1500,1501,1502]],"properties":{"市区町村名":"奥尻郡奥尻町","大字名":null,"丁目名":null,"小字名":"字稲穂","地番":"道-38","精度区分":null,"座標系":"任意座標系"}},{"type":"Polygon","arcs":[[1503,1504]],"properties":{"市区町村名":"奥尻郡奥尻町","大字名":null,"丁目名":null,"小字名":"字稲穂","地番":"61-2","精度区分":null,"座標系":"任意座標系"}},{"type":"Polygon","arcs":[[1505,1506]],"properties":{"市区町村名":"奥尻郡奥尻町","大字名":null,"丁目名":null,"小字名":"字稲穂","地番":"88","精度区分":null,"座標系":"任意座標系"}},{"type":"Polygon","arcs":[[1507,1508]],"properties":{"市区町村名":"奥尻郡奥尻町","大字名":null,"丁目名":null,"小字名":"字稲穂","地番":"86","精度区分":null,"座標系":"任意座標系"}},{"type":"Polygon","arcs":[[1509,1510,1511,1512,1513,1514,1515]],"properties":{"市区町村名":"奥尻郡奥尻町","大字名":null,"丁目名":null,"小字名":"字稲穂","地番":"73-2","精度区分":null,"座標系":"任意座標系"}},{"type":"Polygon","arcs":[[1516,1517,1518,-1512]],"properties":{"市区町村名":"奥尻郡奥尻町","大字名":null,"丁目名":null,"小字名":"字稲穂","地番":"80","精度区分":null,"座標系":"任意座標系"}},{"type":"Polygon","arcs":[[1519,1520,1521,1522,1523]],"properties":{"市区町村名":"奥尻郡奥尻町","大字名":null,"丁目名":null,"小字名":"字稲穂","地番":"74-1","精度区分":null,"座標系":"任意座標系"}},{"type":"Polygon","arcs":[[1524,1525,1526]],"properties":{"市区町村名":"奥尻郡奥尻町","大字名":null,"丁目名":null,"小字名":"字稲穂","地番":"77","精度区分":null,"座標系":"任意座標系"}},{"type":"Polygon","arcs":[[1527,1528,-1527,1529]],"properties":{"市区町村名":"奥尻郡奥尻町","大字名":null,"丁目名":null,"小字名":"字稲穂","地番":"78","精度区分":null,"座標系":"任意座標系"}},{"type":"Polygon","arcs":[[1530,-1528,1531]],"properties":{"市区町村名":"奥尻郡奥尻町","大字名":null,"丁目名":null,"小字名":"字稲穂","地番":"79","精度区分":null,"座標系":"任意座標系"}},{"type":"Polygon","arcs":[[1532,1533,1534,-1505,1535,1536,1537]],"properties":{"市区町村名":"奥尻郡奥尻町","大字名":null,"丁目名":null,"小字名":"字稲穂","地番":"61-1","精度区分":null,"座標系":"任意座標系"}},{"type":"Polygon","arcs":[[1538,1539,1540,1541,1542]],"properties":{"市区町村名":"奥尻郡奥尻町","大字名":null,"丁目名":null,"小字名":"字稲穂","地番":"63-9","精度区分":null,"座標系":"任意座標系"}},{"type":"Polygon","arcs":[[-1542,1543,1544]],"properties":{"市区町村名":"奥尻郡奥尻町","大字名":null,"丁目名":null,"小字名":"字稲穂","地番":"60-2","精度区分":null,"座標系":"任意座標系"}},{"type":"Polygon","arcs":[[1545,1546,1547,1548]],"properties":{"市区町村名":"奥尻郡奥尻町","大字名":null,"丁目名":null,"小字名":"字稲穂","地番":"60-1","精度区分":null,"座標系":"任意座標系"}},{"type":"Polygon","arcs":[[1549,1550,1551,1552]],"properties":{"市区町村名":"奥尻郡奥尻町","大字名":null,"丁目名":null,"小字名":"字稲穂","地番":"59-3","精度区分":null,"座標系":"任意座標系"}},{"type":"Polygon","arcs":[[-1537,1553,1554]],"properties":{"市区町村名":"奥尻郡奥尻町","大字名":null,"丁目名":null,"小字名":"字稲穂","地番":"63-6","精度区分":null,"座標系":"任意座標系"}},{"type":"Polygon","arcs":[[1555,1556,-1548,1557,1558,-1448]],"properties":{"市区町村名":"奥尻郡奥尻町","大字名":null,"丁目名":null,"小字名":"字稲穂","地番":"57-5","精度区分":null,"座標系":"任意座標系"}},{"type":"Polygon","arcs":[[1559,1560,1561]],"properties":{"市区町村名":"奥尻郡奥尻町","大字名":null,"丁目名":null,"小字名":"字稲穂","地番":"57-4","精度区分":null,"座標系":"任意座標系"}},{"type":"Polygon","arcs":[[-1552,1562,1563,-1549,-1557,1564]],"properties":{"市区町村名":"奥尻郡奥尻町","大字名":null,"丁目名":null,"小字名":"字稲穂","地番":"59-1","精度区分":null,"座標系":"任意座標系"}},{"type":"Polygon","arcs":[[-1547,1565,-1543,-1545,1566,1567]],"properties":{"市区町村名":"奥尻郡奥尻町","大字名":null,"丁目名":null,"小字名":"字稲穂","地番":"60-3","精度区分":null,"座標系":"任意座標系"}},{"type":"Polygon","arcs":[[-1558,-1568,1568]],"properties":{"市区町村名":"奥尻郡奥尻町","大字名":null,"丁目名":null,"小字名":"字稲穂","地番":"57-2","精度区分":null,"座標系":"任意座標系"}},{"type":"Polygon","arcs":[[1569,-1556,-1447]],"properties":{"市区町村名":"奥尻郡奥尻町","大字名":null,"丁目名":null,"小字名":"字稲穂","地番":"57-9","精度区分":null,"座標系":"任意座標系"}},{"type":"Polygon","arcs":[[1570,-1562,-1553,-1565,-1570,-1446,-1457]],"properties":{"市区町村名":"奥尻郡奥尻町","大字名":null,"丁目名":null,"小字名":"字稲穂","地番":"57-8","精度区分":null,"座標系":"任意座標系"}},{"type":"Polygon","arcs":[[1571,-1560,-1571,-1456]],"properties":{"市区町村名":"奥尻郡奥尻町","大字名":null,"丁目名":null,"小字名":"字稲穂","地番":"58","精度区分":null,"座標系":"任意座標系"}},{"type":"Polygon","arcs":[[1572,-1538,-1555,-1550,-1561,-1572,-1455]],"properties":{"市区町村名":"奥尻郡奥尻町","大字名":null,"丁目名":null,"小字名":"字稲穂","地番":"59-2","精度区分":null,"座標系":"任意座標系"}},{"type":"Polygon","arcs":[[1573]],"properties":{"市区町村名":"奥尻郡奥尻町","大字名":null,"丁目名":null,"小字名":"字稲穂","地番":"62","精度区分":null,"座標系":"任意座標系"}},{"type":"Polygon","arcs":[[1574,1575,1576,1577]],"properties":{"市区町村名":"奥尻郡奥尻町","大字名":null,"丁目名":null,"小字名":"字稲穂","地番":"85-1","精度区分":null,"座標系":"任意座標系"}},{"type":"Polygon","arcs":[[-1578,1578,-1509,-1517,-1511]],"properties":{"市区町村名":"奥尻郡奥尻町","大字名":null,"丁目名":null,"小字名":"字稲穂","地番":"81","精度区分":null,"座標系":"任意座標系"}},{"type":"Polygon","arcs":[[1579,1580,1581,1582]],"properties":{"市区町村名":"奥尻郡奥尻町","大字名":null,"丁目名":null,"小字名":"字稲穂","地番":"87","精度区分":null,"座標系":"任意座標系"}},{"type":"Polygon","arcs":[[1583,-1575,-1510,-1460]],"properties":{"市区町村名":"奥尻郡奥尻町","大字名":null,"丁目名":null,"小字名":"字稲穂","地番":"85-2","精度区分":null,"座標系":"任意座標系"}},{"type":"Polygon","arcs":[[1584,1585,1586,-1576,-1584,-1459,1587]],"properties":{"市区町村名":"奥尻郡奥尻町","大字名":null,"丁目名":null,"小字名":"字稲穂","地番":"91","精度区分":null,"座標系":"任意座標系"}},{"type":"Polygon","arcs":[[1588,1589,-1585,1590]],"properties":{"市区町村名":"奥尻郡奥尻町","大字名":null,"丁目名":null,"小字名":"字稲穂","地番":"84-3","精度区分":null,"座標系":"任意座標系"}},{"type":"Polygon","arcs":[[-1470,1591,-1580,1592]],"properties":{"市区町村名":"奥尻郡奥尻町","大字名":null,"丁目名":null,"小字名":"字稲穂","地番":"90","精度区分":null,"座標系":"任意座標系"}},{"type":"Polygon","arcs":[[1593,1594,-1520,1595]],"properties":{"市区町村名":"奥尻郡奥尻町","大字名":null,"丁目名":null,"小字名":"字稲穂","地番":"75","精度区分":null,"座標系":"任意座標系"}},{"type":"Polygon","arcs":[[-1595,1596,-1521]],"properties":{"市区町村名":"奥尻郡奥尻町","大字名":null,"丁目名":null,"小字名":"字稲穂","地番":"75-1","精度区分":null,"座標系":"任意座標系"}},{"type":"Polygon","arcs":[[-1523,1597,1598,1599,-1519,1600]],"properties":{"市区町村名":"奥尻郡奥尻町","大字名":null,"丁目名":null,"小字名":"字稲穂","地番":"74-4","精度区分":null,"座標系":"任意座標系"}},{"type":"Polygon","arcs":[[-1600,1601,1602,1603,-1513]],"properties":{"市区町村名":"奥尻郡奥尻町","大字名":null,"丁目名":null,"小字名":"字稲穂","地番":"74-2","精度区分":null,"座標系":"任意座標系"}},{"type":"Polygon","arcs":[[-1604,1604,1605,-1514]],"properties":{"市区町村名":"奥尻郡奥尻町","大字名":null,"丁目名":null,"小字名":"字稲穂","地番":"74-3","精度区分":null,"座標系":"任意座標系"}},{"type":"Polygon","arcs":[[-1515,-1606,1606,1607,1608]],"properties":{"市区町村名":"奥尻郡奥尻町","大字名":null,"丁目名":null,"小字名":"字稲穂","地番":"73-1","精度区分":null,"座標系":"任意座標系"}},{"type":"Polygon","arcs":[[-1516,-1609,1609,1610]],"properties":{"市区町村名":"奥尻郡奥尻町","大字名":null,"丁目名":null,"小字名":"字稲穂","地番":"72","精度区分":null,"座標系":"任意座標系"}},{"type":"Polygon","arcs":[[1611,1612,1613]],"properties":{"市区町村名":"奥尻郡奥尻町","大字名":null,"丁目名":null,"小字名":"字稲穂","地番":"82","精度区分":null,"座標系":"任意座標系"}},{"type":"Polygon","arcs":[[1614,1615,1616,1617,1618,1619]],"properties":{"市区町村名":"奥尻郡奥尻町","大字名":null,"丁目名":null,"小字名":"字稲穂","地番":"71","精度区分":null,"座標系":"任意座標系"}},{"type":"Polygon","arcs":[[1620,1621,1622,1623,1624]],"properties":{"市区町村名":"奥尻郡奥尻町","大字名":null,"丁目名":null,"小字名":"字稲穂","地番":"115-18","精度区分":null,"座標系":"任意座標系"}},{"type":"Polygon","arcs":[[1625,1626,1627]],"properties":{"市区町村名":"奥尻郡奥尻町","大字名":null,"丁目名":null,"小字名":"字稲穂","地番":"120-1","精度区分":null,"座標系":"任意座標系"}},{"type":"Polygon","arcs":[[1628,1629,1630,1631,1632]],"properties":{"市区町村名":"奥尻郡奥尻町","大字名":null,"丁目名":null,"小字名":"字稲穂","地番":"121-2","精度区分":null,"座標系":"任意座標系"}},{"type":"Polygon","arcs":[[1633,1634,-1633,1635]],"properties":{"市区町村名":"奥尻郡奥尻町","大字名":null,"丁目名":null,"小字名":"字稲穂","地番":"121-1","精度区分":null,"座標系":"任意座標系"}},{"type":"Polygon","arcs":[[1636,1637,-1635,1638]],"properties":{"市区町村名":"奥尻郡奥尻町","大字名":null,"丁目名":null,"小字名":"字稲穂","地番":"120-4","精度区分":null,"座標系":"任意座標系"}},{"type":"Polygon","arcs":[[1639,1640,-1636,1641]],"properties":{"市区町村名":"奥尻郡奥尻町","大字名":null,"丁目名":null,"小字名":"字稲穂","地番":"122-1","精度区分":null,"座標系":"任意座標系"}},{"type":"Polygon","arcs":[[-1642,-1632,-1628,1642,-40,1643]],"properties":{"市区町村名":"奥尻郡奥尻町","大字名":null,"丁目名":null,"小字名":"字稲穂","地番":"122-2","精度区分":null,"座標系":"任意座標系"}},{"type":"Polygon","arcs":[[-1631,1644,1645,-1626]],"properties":{"市区町村名":"奥尻郡奥尻町","大字名":null,"丁目名":null,"小字名":"字稲穂","地番":"120-2","精度区分":null,"座標系":"任意座標系"}},{"type":"Polygon","arcs":[[-1638,1646,1647,-1629]],"properties":{"市区町村名":"奥尻郡奥尻町","大字名":null,"丁目名":null,"小字名":"字稲穂","地番":"120-6","精度区分":null,"座標系":"任意座標系"}},{"type":"Polygon","arcs":[[-82,-80,1648,1649,1650]],"properties":{"市区町村名":"奥尻郡奥尻町","大字名":null,"丁目名":null,"小字名":"字稲穂","地番":"118-4","精度区分":null,"座標系":"任意座標系"}},{"type":"Polygon","arcs":[[1651,1652,-78,-81,1653]],"properties":{"市区町村名":"奥尻郡奥尻町","大字名":null,"丁目名":null,"小字名":"字稲穂","地番":"117-2","精度区分":null,"座標系":"任意座標系"}},{"type":"Polygon","arcs":[[1654,-41,-1643,-1627,-1646,1655,-1502,1656,-1652,1657,1658,1659]],"properties":{"市区町村名":"奥尻郡奥尻町","大字名":null,"丁目名":null,"小字名":"字稲穂","地番":"125-1","精度区分":null,"座標系":"任意座標系"}},{"type":"Polygon","arcs":[[1660,-1658,-1654,-84]],"properties":{"市区町村名":"奥尻郡奥尻町","大字名":null,"丁目名":null,"小字名":"字稲穂","地番":"117-3","精度区分":null,"座標系":"任意座標系"}},{"type":"Polygon","arcs":[[1661,1662,1663]],"properties":{"市区町村名":"奥尻郡奥尻町","大字名":null,"丁目名":null,"小字名":"字稲穂","地番":"119-4","精度区分":null,"座標系":"任意座標系"}},{"type":"Polygon","arcs":[[1664,1665,1666]],"properties":{"市区町村名":"奥尻郡奥尻町","大字名":null,"丁目名":null,"小字名":"字稲穂","地番":"127-3","精度区分":null,"座標系":"任意座標系"}},{"type":"Polygon","arcs":[[1667,-1664,1668,-1666]],"properties":{"市区町村名":"奥尻郡奥尻町","大字名":null,"丁目名":null,"小字名":"字稲穂","地番":"127-4","精度区分":null,"座標系":"任意座標系"}},{"type":"Polygon","arcs":[[1669,-85,-1651,1670,-1662]],"properties":{"市区町村名":"奥尻郡奥尻町","大字名":null,"丁目名":null,"小字名":"字稲穂","地番":"119-3","精度区分":null,"座標系":"任意座標系"}},{"type":"Polygon","arcs":[[1671,-1650,1672,1673]],"properties":{"市区町村名":"奥尻郡奥尻町","大字名":null,"丁目名":null,"小字名":"字稲穂","地番":"118-1","精度区分":null,"座標系":"任意座標系"}},{"type":"Polygon","arcs":[[1674,1675,1676]],"properties":{"市区町村名":"奥尻郡奥尻町","大字名":null,"丁目名":null,"小字名":"字稲穂","地番":"128","精度区分":null,"座標系":"任意座標系"}},{"type":"Polygon","arcs":[[-1663,-1671,-1672,1677,-1675,1678,1679]],"properties":{"市区町村名":"奥尻郡奥尻町","大字名":null,"丁目名":null,"小字名":"字稲穂","地番":"119-1","精度区分":null,"座標系":"任意座標系"}},{"type":"Polygon","arcs":[[1680,-1667,-1669,-1680,1681]],"properties":{"市区町村名":"奥尻郡奥尻町","大字名":null,"丁目名":null,"小字名":"字稲穂","地番":"127-1","精度区分":null,"座標系":"任意座標系"}},{"type":"Polygon","arcs":[[1682,-1670,-1668,-1665,-1681,1683]],"properties":{"市区町村名":"奥尻郡奥尻町","大字名":null,"丁目名":null,"小字名":"字稲穂","地番":"127-2","精度区分":null,"座標系":"任意座標系"}},{"type":"Polygon","arcs":[[-1659,-1661,-1683,1684]],"properties":{"市区町村名":"奥尻郡奥尻町","大字名":null,"丁目名":null,"小字名":"字稲穂","地番":"126-1","精度区分":null,"座標系":"任意座標系"}},{"type":"Polygon","arcs":[[1685,-1640,-1644,-42,-1655,1686]],"properties":{"市区町村名":"奥尻郡奥尻町","大字名":null,"丁目名":null,"小字名":"字稲穂","地番":"125-2","精度区分":null,"座標系":"任意座標系"}},{"type":"Polygon","arcs":[[1687,1688,1689,-1686,1690]],"properties":{"市区町村名":"奥尻郡奥尻町","大字名":null,"丁目名":null,"小字名":"字稲穂","地番":"124-1","精度区分":null,"座標系":"任意座標系"}},{"type":"Polygon","arcs":[[1691,1692,-1639,-1634,-1641,-1690,1693]],"properties":{"市区町村名":"奥尻郡奥尻町","大字名":null,"丁目名":null,"小字名":"字稲穂","地番":"123","精度区分":null,"座標系":"任意座標系"}},{"type":"Polygon","arcs":[[1694,-1589,1695,-1472]],"properties":{"市区町村名":"奥尻郡奥尻町","大字名":null,"丁目名":null,"小字名":"字稲穂","地番":"115-2","精度区分":null,"座標系":"任意座標系"}},{"type":"Polygon","arcs":[[-1695,1696,-1586,-1590]],"properties":{"市区町村名":"奥尻郡奥尻町","大字名":null,"丁目名":null,"小字名":"字稲穂","地番":"84-4","精度区分":null,"座標系":"任意座標系"}},{"type":"Polygon","arcs":[[1697,1698,-1591,-1588,-1461,-1611,1699,-1617,1700,1701]],"properties":{"市区町村名":"奥尻郡奥尻町","大字名":null,"丁目名":null,"小字名":"字稲穂","地番":"84-1","精度区分":null,"座標系":"任意座標系"}},{"type":"Polygon","arcs":[[-1676,-1678,-1674,1702,1703,-1702,1704]],"properties":{"市区町村名":"奥尻郡奥尻町","大字名":null,"丁目名":null,"小字名":"字稲穂","地番":"116","精度区分":null,"座標系":"任意座標系"}},{"type":"Polygon","arcs":[[1705,1706]],"properties":{"市区町村名":"奥尻郡奥尻町","大字名":null,"丁目名":null,"小字名":"字稲穂","地番":"117-6","精度区分":null,"座標系":"任意座標系"}},{"type":"Polygon","arcs":[[1707,1708,-1707,1709,-1703,-1673]],"properties":{"市区町村名":"奥尻郡奥尻町","大字名":null,"丁目名":null,"小字名":"字稲穂","地番":"117-4","精度区分":null,"座標系":"任意座標系"}},{"type":"Polygon","arcs":[[1710,1711,1712,1713]],"properties":{"市区町村名":"奥尻郡奥尻町","大字名":null,"丁目名":null,"小字名":"字稲穂","地番":"115-12","精度区分":null,"座標系":"任意座標系"}},{"type":"Polygon","arcs":[[1714,-1714,-1708,-1649]],"properties":{"市区町村名":"奥尻郡奥尻町","大字名":null,"丁目名":null,"小字名":"字稲穂","地番":"117-8","精度区分":null,"座標系":"任意座標系"}},{"type":"Polygon","arcs":[[1715,1716,-1647,1717]],"properties":{"市区町村名":"奥尻郡奥尻町","大字名":null,"丁目名":null,"小字名":"字稲穂","地番":"120-7","精度区分":null,"座標系":"任意座標系"}},{"type":"Polygon","arcs":[[1718,-1718,-1637,-1693]],"properties":{"市区町村名":"奥尻郡奥尻町","大字名":null,"丁目名":null,"小字名":"字稲穂","地番":"120-5","精度区分":null,"座標系":"任意座標系"}},{"type":"Polygon","arcs":[[1719,1720,-1719,-1692,1721]],"properties":{"市区町村名":"奥尻郡奥尻町","大字名":null,"丁目名":null,"小字名":"字稲穂","地番":"115-8","精度区分":null,"座標系":"任意座標系"}},{"type":"Polygon","arcs":[[1722,1723,1724,1725,-1621]],"properties":{"市区町村名":"奥尻郡奥尻町","大字名":null,"丁目名":null,"小字名":"字稲穂","地番":"115-3","精度区分":null,"座標系":"任意座標系"}},{"type":"Polygon","arcs":[[1726,1727,1728,1729,-1724]],"properties":{"市区町村名":"奥尻郡奥尻町","大字名":null,"丁目名":null,"小字名":"字稲穂","地番":"112","精度区分":null,"座標系":"任意座標系"}},{"type":"Polygon","arcs":[[1730,1731,-1481,1732]],"properties":{"市区町村名":"奥尻郡奥尻町","大字名":null,"丁目名":null,"小字名":"字稲穂","地番":"115-19","精度区分":null,"座標系":"任意座標系"}},{"type":"Polygon","arcs":[[1733,1734,1735,-1482,-1732,1736,-1725,-1730]],"properties":{"市区町村名":"奥尻郡奥尻町","大字名":null,"丁目名":null,"小字名":"字稲穂","地番":"113","精度区分":null,"座標系":"任意座標系"}},{"type":"Polygon","arcs":[[1737,-1486,1738,1739]],"properties":{"市区町村名":"奥尻郡奥尻町","大字名":null,"丁目名":null,"小字名":"字稲穂","地番":"114-1","精度区分":null,"座標系":"任意座標系"}},{"type":"Polygon","arcs":[[1740,1741,1742,1743,-1487]],"properties":{"市区町村名":"奥尻郡奥尻町","大字名":null,"丁目名":null,"小字名":"字稲穂","地番":"98","精度区分":null,"座標系":"任意座標系"}},{"type":"Polygon","arcs":[[1744,1745,-1488,-1744]],"properties":{"市区町村名":"奥尻郡奥尻町","大字名":null,"丁目名":null,"小字名":"字稲穂","地番":"95","精度区分":null,"座標系":"任意座標系"}},{"type":"Polygon","arcs":[[1746,1747,-1489,-1746]],"properties":{"市区町村名":"奥尻郡奥尻町","大字名":null,"丁目名":null,"小字名":"字稲穂","地番":"94","精度区分":null,"座標系":"任意座標系"}},{"type":"Polygon","arcs":[[1748,1749,-1747,-1745,-1743,1750]],"properties":{"市区町村名":"奥尻郡奥尻町","大字名":null,"丁目名":null,"小字名":"字稲穂","地番":"100","精度区分":null,"座標系":"任意座標系"}},{"type":"Polygon","arcs":[[1751,1752,1753,1754]],"properties":{"市区町村名":"奥尻郡奥尻町","大字名":null,"丁目名":null,"小字名":"字稲穂","地番":"102","精度区分":null,"座標系":"任意座標系"}},{"type":"Polygon","arcs":[[1755,1756,1757,-1755,1758]],"properties":{"市区町村名":"奥尻郡奥尻町","大字名":null,"丁目名":null,"小字名":"字稲穂","地番":"105","精度区分":null,"座標系":"任意座標系"}},{"type":"Polygon","arcs":[[1759,1760,1761,1762]],"properties":{"市区町村名":"奥尻郡奥尻町","大字名":null,"丁目名":null,"小字名":"字稲穂","地番":"107","精度区分":null,"座標系":"任意座標系"}},{"type":"Polygon","arcs":[[-1760,1763,-1756,1764]],"properties":{"市区町村名":"奥尻郡奥尻町","大字名":null,"丁目名":null,"小字名":"字稲穂","地番":"106","精度区分":null,"座標系":"任意座標系"}},{"type":"Polygon","arcs":[[-1762,1765,1766,1767,1768,1769]],"properties":{"市区町村名":"奥尻郡奥尻町","大字名":null,"丁目名":null,"小字名":"字稲穂","地番":"108","精度区分":null,"座標系":"任意座標系"}},{"type":"Polygon","arcs":[[-1742,1770,1771,-1751]],"properties":{"市区町村名":"奥尻郡奥尻町","大字名":null,"丁目名":null,"小字名":"字稲穂","地番":"99","精度区分":null,"座標系":"任意座標系"}},{"type":"Polygon","arcs":[[1772,1773,1774]],"properties":{"市区町村名":"奥尻郡奥尻町","大字名":null,"丁目名":null,"小字名":"字稲穂","地番":"109","精度区分":null,"座標系":"任意座標系"}},{"type":"Polygon","arcs":[[1775,-1773,-1771,-1741,-1738,1776]],"properties":{"市区町村名":"奥尻郡奥尻町","大字名":null,"丁目名":null,"小字名":"字稲穂","地番":"110-1","精度区分":null,"座標系":"任意座標系"}},{"type":"Polygon","arcs":[[-1729,-1475,1777,1778,-1734]],"properties":{"市区町村名":"奥尻郡奥尻町","大字名":null,"丁目名":null,"小字名":"字稲穂","地番":"114-2","精度区分":null,"座標系":"任意座標系"}},{"type":"Polygon","arcs":[[-1728,1779,-1769,1780,-1476]],"properties":{"市区町村名":"奥尻郡奥尻町","大字名":null,"丁目名":null,"小字名":"字稲穂","地番":"111-2","精度区分":null,"座標系":"任意座標系"}},{"type":"Polygon","arcs":[[-1767,-1774,-1776,1781]],"properties":{"市区町村名":"奥尻郡奥尻町","大字名":null,"丁目名":null,"小字名":"字稲穂","地番":"111-1","精度区分":null,"座標系":"任意座標系"}},{"type":"Polygon","arcs":[[-1768,-1782,1782,-1477,-1781]],"properties":{"市区町村名":"奥尻郡奥尻町","大字名":null,"丁目名":null,"小字名":"字稲穂","地番":"111-3","精度区分":null,"座標系":"任意座標系"}},{"type":"Polygon","arcs":[[-1783,-1777,1783,-1478]],"properties":{"市区町村名":"奥尻郡奥尻町","大字名":null,"丁目名":null,"小字名":"字稲穂","地番":"110-3","精度区分":null,"座標系":"任意座標系"}},{"type":"Polygon","arcs":[[-1784,-1740,1784,1785,-1483,-1736,1786,-1778,-1479]],"properties":{"市区町村名":"奥尻郡奥尻町","大字名":null,"丁目名":null,"小字名":"字稲穂","地番":"114-3","精度区分":null,"座標系":"任意座標系"}},{"type":"Polygon","arcs":[[1787,-1484,-1786]],"properties":{"市区町村名":"奥尻郡奥尻町","大字名":null,"丁目名":null,"小字名":"字稲穂","地番":"114-4","精度区分":null,"座標系":"任意座標系"}},{"type":"Polygon","arcs":[[-1779,-1787,-1735]],"properties":{"市区町村名":"奥尻郡奥尻町","大字名":null,"丁目名":null,"小字名":"字稲穂","地番":"114-6","精度区分":null,"座標系":"任意座標系"}},{"type":"Polygon","arcs":[[-1737,-1731,1788,-1622,-1726]],"properties":{"市区町村名":"奥尻郡奥尻町","大字名":null,"丁目名":null,"小字名":"字稲穂","地番":"115-20","精度区分":null,"座標系":"任意座標系"}},{"type":"Polygon","arcs":[[-1739,-1485,-1788,-1785]],"properties":{"市区町村名":"奥尻郡奥尻町","大字名":null,"丁目名":null,"小字名":"字稲穂","地番":"114-5","精度区分":null,"座標系":"任意座標系"}},{"type":"Polygon","arcs":[[-1492,1789,1790]],"properties":{"市区町村名":"奥尻郡奥尻町","大字名":null,"丁目名":null,"小字名":"字稲穂","地番":"96-4","精度区分":null,"座標系":"任意座標系"}},{"type":"Polygon","arcs":[[-1491,1791,-1467,1792,-1790]],"properties":{"市区町村名":"奥尻郡奥尻町","大字名":null,"丁目名":null,"小字名":"字稲穂","地番":"93-2","精度区分":null,"座標系":"任意座標系"}},{"type":"Polygon","arcs":[[1793,1794,-1463,1795,1796,1797,1798,-1497]],"properties":{"市区町村名":"奥尻郡奥尻町","大字名":null,"丁目名":null,"小字名":"字稲穂","地番":"97-1","精度区分":null,"座標系":"任意座標系"}},{"type":"Polygon","arcs":[[1799,1800,1801,1802,1803,-1794,-1496]],"properties":{"市区町村名":"奥尻郡奥尻町","大字名":null,"丁目名":null,"小字名":"字稲穂","地番":"96-2","精度区分":null,"座標系":"任意座標系"}},{"type":"Polygon","arcs":[[-1494,1804,-1801,1805]],"properties":{"市区町村名":"奥尻郡奥尻町","大字名":null,"丁目名":null,"小字名":"字稲穂","地番":"96-1","精度区分":null,"座標系":"任意座標系"}},{"type":"Polygon","arcs":[[-1493,-1791,1806,-1802,-1805]],"properties":{"市区町村名":"奥尻郡奥尻町","大字名":null,"丁目名":null,"小字名":"字稲穂","地番":"96-5","精度区分":null,"座標系":"任意座標系"}},{"type":"Polygon","arcs":[[-1793,-1466,1807,-1807]],"properties":{"市区町村名":"奥尻郡奥尻町","大字名":null,"丁目名":null,"小字名":"字稲穂","地番":"93-4","精度区分":null,"座標系":"任意座標系"}},{"type":"Polygon","arcs":[[-1808,-1465,1808,-1803]],"properties":{"市区町村名":"奥尻郡奥尻町","大字名":null,"丁目名":null,"小字名":"字稲穂","地番":"93-3","精度区分":null,"座標系":"任意座標系"}},{"type":"Polygon","arcs":[[-1809,-1464,-1795,-1804]],"properties":{"市区町村名":"奥尻郡奥尻町","大字名":null,"丁目名":null,"小字名":"字稲穂","地番":"93-1","精度区分":null,"座標系":"任意座標系"}},{"type":"Polygon","arcs":[[-1495,-1806,-1800]],"properties":{"市区町村名":"奥尻郡奥尻町","大字名":null,"丁目名":null,"小字名":"字稲穂","地番":"96-3","精度区分":null,"座標系":"任意座標系"}},{"type":"Polygon","arcs":[[1809,-1271,1810]],"properties":{"市区町村名":"奥尻郡奥尻町","大字名":null,"丁目名":null,"小字名":"字稲穂","地番":"398","精度区分":null,"座標系":"任意座標系"}},{"type":"Polygon","arcs":[[-1276,1811,-357,1812,-696,1813]],"properties":{"市区町村名":"奥尻郡奥尻町","大字名":null,"丁目名":null,"小字名":"字稲穂","地番":"395","精度区分":null,"座標系":"任意座標系"}},{"type":"Polygon","arcs":[[-1275,1814,1815,-352,-1812]],"properties":{"市区町村名":"奥尻郡奥尻町","大字名":null,"丁目名":null,"小字名":"字稲穂","地番":"384","精度区分":null,"座標系":"任意座標系"}},{"type":"Polygon","arcs":[[-1274,1816,1817,-1815]],"properties":{"市区町村名":"奥尻郡奥尻町","大字名":null,"丁目名":null,"小字名":"字稲穂","地番":"383","精度区分":null,"座標系":"任意座標系"}},{"type":"Polygon","arcs":[[-1273,1818,1819,-362,1820,1821,-1817]],"properties":{"市区町村名":"奥尻郡奥尻町","大字名":null,"丁目名":null,"小字名":"字稲穂","地番":"357","精度区分":null,"座標系":"任意座標系"}},{"type":"Polygon","arcs":[[1822,1823,-363,-1820]],"properties":{"市区町村名":"奥尻郡奥尻町","大字名":null,"丁目名":null,"小字名":"字稲穂","地番":"355","精度区分":null,"座標系":"任意座標系"}},{"type":"Polygon","arcs":[[-1821,-361,1824,-333,-354,1825]],"properties":{"市区町村名":"奥尻郡奥尻町","大字名":null,"丁目名":null,"小字名":"字稲穂","地番":"358","精度区分":null,"座標系":"任意座標系"}},{"type":"Polygon","arcs":[[1826,1827,1828,1829]],"properties":{"市区町村名":"奥尻郡奥尻町","大字名":null,"丁目名":null,"小字名":"字稲穂","地番":"349","精度区分":null,"座標系":"任意座標系"}},{"type":"Polygon","arcs":[[1830,1831,1832,1833,1834,1835]],"properties":{"市区町村名":"奥尻郡奥尻町","大字名":null,"丁目名":null,"小字名":"字稲穂","地番":"道-40","精度区分":null,"座標系":"任意座標系"}},{"type":"Polygon","arcs":[[-698,1836,1837,1838,1839,-1278]],"properties":{"市区町村名":"奥尻郡奥尻町","大字名":null,"丁目名":null,"小字名":"字稲穂","地番":"393","精度区分":null,"座標系":"任意座標系"}},{"type":"Polygon","arcs":[[-1813,-1837,-697]],"properties":{"市区町村名":"奥尻郡奥尻町","大字名":null,"丁目名":null,"小字名":"字稲穂","地番":"394","精度区分":null,"座標系":"任意座標系"}},{"type":"Polygon","arcs":[[1840,-1838,-356,1841,1842,1843,1844]],"properties":{"市区町村名":"奥尻郡奥尻町","大字名":null,"丁目名":null,"小字名":"字稲穂","地番":"390","精度区分":null,"座標系":"任意座標系"}},{"type":"Polygon","arcs":[[-355,1845,1846,-1842]],"properties":{"市区町村名":"奥尻郡奥尻町","大字名":null,"丁目名":null,"小字名":"字稲穂","地番":"389","精度区分":null,"座標系":"任意座標系"}},{"type":"Polygon","arcs":[[-1814,-695,-1277]],"properties":{"市区町村名":"奥尻郡奥尻町","大字名":null,"丁目名":null,"小字名":"字稲穂","地番":"397","精度区分":null,"座標系":"任意座標系"}},{"type":"Polygon","arcs":[[1847,-1839,-1841,1848,-1285]],"properties":{"市区町村名":"奥尻郡奥尻町","大字名":null,"丁目名":null,"小字名":"字稲穂","地番":"391","精度区分":null,"座標系":"任意座標系"}},{"type":"Polygon","arcs":[[1849,1850,1851,-1844]],"properties":{"市区町村名":"奥尻郡奥尻町","大字名":null,"丁目名":null,"小字名":"字稲穂","地番":"387","精度区分":null,"座標系":"任意座標系"}},{"type":"Polygon","arcs":[[-349,1852,1853,1854]],"properties":{"市区町村名":"奥尻郡奥尻町","大字名":null,"丁目名":null,"小字名":"字稲穂","地番":"376","精度区分":null,"座標系":"任意座標系"}},{"type":"Polygon","arcs":[[1855,1856,1857,1858]],"properties":{"市区町村名":"奥尻郡奥尻町","大字名":null,"丁目名":null,"小字名":"字稲穂","地番":"372","精度区分":null,"座標系":"任意座標系"}},{"type":"Polygon","arcs":[[1859,1860,-1856]],"properties":{"市区町村名":"奥尻郡奥尻町","大字名":null,"丁目名":null,"小字名":"字稲穂","地番":"371","精度区分":null,"座標系":"任意座標系"}},{"type":"Polygon","arcs":[[-1854,1861,1862,-1858,1863,1864]],"properties":{"市区町村名":"奥尻郡奥尻町","大字名":null,"丁目名":null,"小字名":"字稲穂","地番":"375","精度区分":null,"座標系":"任意座標系"}},{"type":"Polygon","arcs":[[-1853,-347,1865,-1862]],"properties":{"市区町村名":"奥尻郡奥尻町","大字名":null,"丁目名":null,"小字名":"字稲穂","地番":"374","精度区分":null,"座標系":"任意座標系"}},{"type":"Polygon","arcs":[[-1847,1866,-1850,-1843]],"properties":{"市区町村名":"奥尻郡奥尻町","大字名":null,"丁目名":null,"小字名":"字稲穂","地番":"388","精度区分":null,"座標系":"任意座標系"}},{"type":"Polygon","arcs":[[-1867,-1846,-351,1867,-1851]],"properties":{"市区町村名":"奥尻郡奥尻町","大字名":null,"丁目名":null,"小字名":"字稲穂","地番":"386","精度区分":null,"座標系":"任意座標系"}},{"type":"Polygon","arcs":[[-1818,-1822,-1826,-353,-1816]],"properties":{"市区町村名":"奥尻郡奥尻町","大字名":null,"丁目名":null,"小字名":"字稲穂","地番":"382","精度区分":null,"座標系":"任意座標系"}},{"type":"Polygon","arcs":[[1868,-1859,-1863,-1866]],"properties":{"市区町村名":"奥尻郡奥尻町","大字名":null,"丁目名":null,"小字名":"字稲穂","地番":"373","精度区分":null,"座標系":"任意座標系"}},{"type":"Polygon","arcs":[[-346,1869,-1860,-1869]],"properties":{"市区町村名":"奥尻郡奥尻町","大字名":null,"丁目名":null,"小字名":"字稲穂","地番":"370","精度区分":null,"座標系":"任意座標系"}},{"type":"Polygon","arcs":[[-1829,1870,1871,1872,1873]],"properties":{"市区町村名":"奥尻郡奥尻町","大字名":null,"丁目名":null,"小字名":"字稲穂","地番":"350","精度区分":null,"座標系":"任意座標系"}},{"type":"Polygon","arcs":[[-1834,1874,1875,1876]],"properties":{"市区町村名":"奥尻郡奥尻町","大字名":null,"丁目名":null,"小字名":"字稲穂","地番":"366","精度区分":null,"座標系":"任意座標系"}},{"type":"Polygon","arcs":[[1877,-1827,1878]],"properties":{"市区町村名":"奥尻郡奥尻町","大字名":null,"丁目名":null,"小字名":"字稲穂","地番":"348","精度区分":null,"座標系":"任意座標系"}},{"type":"Polygon","arcs":[[-1873,1879,-1836,1880]],"properties":{"市区町村名":"奥尻郡奥尻町","大字名":null,"丁目名":null,"小字名":"字稲穂","地番":"351","精度区分":null,"座標系":"任意座標系"}},{"type":"Polygon","arcs":[[-1872,1881,-1831,-1880]],"properties":{"市区町村名":"奥尻郡奥尻町","大字名":null,"丁目名":null,"小字名":"字稲穂","地番":"352","精度区分":null,"座標系":"任意座標系"}},{"type":"Polygon","arcs":[[-334,-1825,-360,1882,1883,1884]],"properties":{"市区町村名":"奥尻郡奥尻町","大字名":null,"丁目名":null,"小字名":"字稲穂","地番":"359","精度区分":null,"座標系":"任意座標系"}},{"type":"Polygon","arcs":[[1885,1886,-1884]],"properties":{"市区町村名":"奥尻郡奥尻町","大字名":null,"丁目名":null,"小字名":"字稲穂","地番":"360","精度区分":null,"座標系":"任意座標系"}},{"type":"Polygon","arcs":[[1887,1888,-327,-335,-1885]],"properties":{"市区町村名":"奥尻郡奥尻町","大字名":null,"丁目名":null,"小字名":"字稲穂","地番":"362","精度区分":null,"座標系":"任意座標系"}},{"type":"Polygon","arcs":[[-1889,1889,-343,-328]],"properties":{"市区町村名":"奥尻郡奥尻町","大字名":null,"丁目名":null,"小字名":"字稲穂","地番":"363","精度区分":null,"座標系":"任意座標系"}},{"type":"Polygon","arcs":[[-1888,-1887,1890]],"properties":{"市区町村名":"奥尻郡奥尻町","大字名":null,"丁目名":null,"小字名":"字稲穂","地番":"361","精度区分":null,"座標系":"任意座標系"}},{"type":"Polygon","arcs":[[1891,1892,-1890,-1891]],"properties":{"市区町村名":"奥尻郡奥尻町","大字名":null,"丁目名":null,"小字名":"字稲穂","地番":"364","精度区分":null,"座標系":"任意座標系"}},{"type":"Polygon","arcs":[[1893,1894,-1892]],"properties":{"市区町村名":"奥尻郡奥尻町","大字名":null,"丁目名":null,"小字名":"字稲穂","地番":"365","精度区分":null,"座標系":"任意座標系"}},{"type":"Polygon","arcs":[[1895,1896,-1895]],"properties":{"市区町村名":"奥尻郡奥尻町","大字名":null,"丁目名":null,"小字名":"字稲穂","地番":"367","精度区分":null,"座標系":"任意座標系"}},{"type":"Polygon","arcs":[[-1893,-1897,1897,-344]],"properties":{"市区町村名":"奥尻郡奥尻町","大字名":null,"丁目名":null,"小字名":"字稲穂","地番":"368","精度区分":null,"座標系":"任意座標系"}},{"type":"Polygon","arcs":[[1898,-1875,-1833]],"properties":{"市区町村名":"奥尻郡奥尻町","大字名":null,"丁目名":null,"小字名":"字稲穂","地番":"353","精度区分":null,"座標系":"任意座標系"}},{"type":"Polygon","arcs":[[1899,1900]],"properties":{"市区町村名":"奥尻郡奥尻町","大字名":null,"丁目名":null,"小字名":"字稲穂","地番":"2-2","精度区分":null,"座標系":"任意座標系"}},{"type":"Polygon","arcs":[[1901,-1900]],"properties":{"市区町村名":"奥尻郡奥尻町","大字名":null,"丁目名":null,"小字名":"字稲穂","地番":"2-1","精度区分":null,"座標系":"任意座標系"}},{"type":"Polygon","arcs":[[-1279,-1840,-1848,-1284]],"properties":{"市区町村名":"奥尻郡奥尻町","大字名":null,"丁目名":null,"小字名":"字稲穂","地番":"392","精度区分":null,"座標系":"任意座標系"}},{"type":"Polygon","arcs":[[-1260,-1266,-1263]],"properties":{"市区町村名":"奥尻郡奥尻町","大字名":null,"丁目名":null,"小字名":"字稲穂","地番":"403","精度区分":null,"座標系":"任意座標系"}},{"type":"Polygon","arcs":[[-427,-1287,1902,1903,1904]],"properties":{"市区町村名":"奥尻郡奥尻町","大字名":null,"丁目名":null,"小字名":"字宮津","地番":"190","精度区分":null,"座標系":"任意座標系"}},{"type":"Polygon","arcs":[[1905,1906,1907,-1904]],"properties":{"市区町村名":"奥尻郡奥尻町","大字名":null,"丁目名":null,"小字名":"字宮津","地番":"191","精度区分":null,"座標系":"任意座標系"}},{"type":"Polygon","arcs":[[-1905,-1908,1908,1909,-428]],"properties":{"市区町村名":"奥尻郡奥尻町","大字名":null,"丁目名":null,"小字名":"字宮津","地番":"193","精度区分":null,"座標系":"任意座標系"}},{"type":"Polygon","arcs":[[1910,1911,1912,1913,1914,-430]],"properties":{"市区町村名":"奥尻郡奥尻町","大字名":null,"丁目名":null,"小字名":"字宮津","地番":"197","精度区分":null,"座標系":"任意座標系"}},{"type":"Polygon","arcs":[[1915,1916,1917,-1913]],"properties":{"市区町村名":"奥尻郡奥尻町","大字名":null,"丁目名":null,"小字名":"字宮津","地番":"196","精度区分":null,"座標系":"任意座標系"}},{"type":"Polygon","arcs":[[1918,-1914,1919,1920,1921,1922]],"properties":{"市区町村名":"奥尻郡奥尻町","大字名":null,"丁目名":null,"小字名":"字宮津","地番":"198","精度区分":null,"座標系":"任意座標系"}},{"type":"Polygon","arcs":[[-1915,-1919,1923,-431]],"properties":{"市区町村名":"奥尻郡奥尻町","大字名":null,"丁目名":null,"小字名":"字宮津","地番":"199","精度区分":null,"座標系":"任意座標系"}},{"type":"Polygon","arcs":[[-432,-1924,-1923,1924]],"properties":{"市区町村名":"奥尻郡奥尻町","大字名":null,"丁目名":null,"小字名":"字宮津","地番":"201","精度区分":null,"座標系":"任意座標系"}},{"type":"Polygon","arcs":[[-433,-1925,1925,1926,1927]],"properties":{"市区町村名":"奥尻郡奥尻町","大字名":null,"丁目名":null,"小字名":"字宮津","地番":"202","精度区分":null,"座標系":"任意座標系"}},{"type":"Polygon","arcs":[[1928,1929,1930,1931,-1926,-1922]],"properties":{"市区町村名":"奥尻郡奥尻町","大字名":null,"丁目名":null,"小字名":"字宮津","地番":"187","精度区分":null,"座標系":"任意座標系"}},{"type":"Polygon","arcs":[[-1929,1932,1933,1934]],"properties":{"市区町村名":"奥尻郡奥尻町","大字名":null,"丁目名":null,"小字名":"字宮津","地番":"186","精度区分":null,"座標系":"任意座標系"}},{"type":"Polygon","arcs":[[-1907,1935,-1916,1936]],"properties":{"市区町村名":"奥尻郡奥尻町","大字名":null,"丁目名":null,"小字名":"字宮津","地番":"192","精度区分":null,"座標系":"任意座標系"}},{"type":"Polygon","arcs":[[-1910,1937,-1911,-429]],"properties":{"市区町村名":"奥尻郡奥尻町","大字名":null,"丁目名":null,"小字名":"字宮津","地番":"194","精度区分":null,"座標系":"任意座標系"}},{"type":"Polygon","arcs":[[-1909,-1937,-1912,-1938]],"properties":{"市区町村名":"奥尻郡奥尻町","大字名":null,"丁目名":null,"小字名":"字宮津","地番":"195","精度区分":null,"座標系":"任意座標系"}},{"type":"Polygon","arcs":[[1938,1939,1940]],"properties":{"市区町村名":"奥尻郡奥尻町","大字名":null,"丁目名":null,"小字名":"字稲穂","地番":"631","精度区分":null,"座標系":"任意座標系"}},{"type":"Polygon","arcs":[[1941,1942,-1939]],"properties":{"市区町村名":"奥尻郡奥尻町","大字名":null,"丁目名":null,"小字名":"字稲穂","地番":"632","精度区分":null,"座標系":"任意座標系"}},{"type":"Polygon","arcs":[[1943,1944,1945,1946]],"properties":{"市区町村名":"奥尻郡奥尻町","大字名":null,"丁目名":null,"小字名":"字稲穂","地番":"1-5","精度区分":null,"座標系":"任意座標系"}},{"type":"Polygon","arcs":[[-1927,-1932,1947,1948]],"properties":{"市区町村名":"奥尻郡奥尻町","大字名":null,"丁目名":null,"小字名":"字宮津","地番":"203","精度区分":null,"座標系":"任意座標系"}},{"type":"Polygon","arcs":[[1949,-1948,-1931,1950,-435]],"properties":{"市区町村名":"奥尻郡奥尻町","大字名":null,"丁目名":null,"小字名":"字宮津","地番":"205","精度区分":null,"座標系":"任意座標系"}},{"type":"Polygon","arcs":[[-1934,1951,1952,1953]],"properties":{"市区町村名":"奥尻郡奥尻町","大字名":null,"丁目名":null,"小字名":"字宮津","地番":"185","精度区分":null,"座標系":"任意座標系"}},{"type":"Polygon","arcs":[[-1952,1954]],"properties":{"市区町村名":"奥尻郡奥尻町","大字名":null,"丁目名":null,"小字名":"字宮津","地番":"184","精度区分":null,"座標系":"任意座標系"}},{"type":"Polygon","arcs":[[1955]],"properties":{"市区町村名":"奥尻郡奥尻町","大字名":null,"丁目名":null,"小字名":"字宮津","地番":"無地番-9","精度区分":null,"座標系":"任意座標系"}},{"type":"Polygon","arcs":[[1956]],"properties":{"市区町村名":"奥尻郡奥尻町","大字名":null,"丁目名":null,"小字名":"字宮津","地番":"182","精度区分":null,"座標系":"任意座標系"}},{"type":"Polygon","arcs":[[1957]],"properties":{"市区町村名":"奥尻郡奥尻町","大字名":null,"丁目名":null,"小字名":"字宮津","地番":"183","精度区分":null,"座標系":"任意座標系"}},{"type":"Polygon","arcs":[[-1205]],"properties":{"市区町村名":"奥尻郡奥尻町","大字名":null,"丁目名":null,"小字名":"字稲穂","地番":"432","精度区分":null,"座標系":"任意座標系"}},{"type":"Polygon","arcs":[[-1227]],"properties":{"市区町村名":"奥尻郡奥尻町","大字名":null,"丁目名":null,"小字名":"字稲穂","地番":"412","精度区分":null,"座標系":"任意座標系"}},{"type":"Polygon","arcs":[[-1228,-1225,1958]],"properties":{"市区町村名":"奥尻郡奥尻町","大字名":null,"丁目名":null,"小字名":"字稲穂","地番":"428","精度区分":null,"座標系":"任意座標系"}},{"type":"Polygon","arcs":[[-1229,-1959,-1224]],"properties":{"市区町村名":"奥尻郡奥尻町","大字名":null,"丁目名":null,"小字名":"字稲穂","地番":"427","精度区分":null,"座標系":"任意座標系"}},{"type":"Polygon","arcs":[[1959,1960,-1234]],"properties":{"市区町村名":"奥尻郡奥尻町","大字名":null,"丁目名":null,"小字名":"字稲穂","地番":"423","精度区分":null,"座標系":"任意座標系"}},{"type":"Polygon","arcs":[[-1262]],"properties":{"市区町村名":"奥尻郡奥尻町","大字名":null,"丁目名":null,"小字名":"字稲穂","地番":"413","精度区分":null,"座標系":"任意座標系"}},{"type":"Polygon","arcs":[[-1244,1961,-1960,-1233]],"properties":{"市区町村名":"奥尻郡奥尻町","大字名":null,"丁目名":null,"小字名":"字稲穂","地番":"424","精度区分":null,"座標系":"任意座標系"}},{"type":"Polygon","arcs":[[-1243,-1235,-1961,-1962]],"properties":{"市区町村名":"奥尻郡奥尻町","大字名":null,"丁目名":null,"小字名":"字稲穂","地番":"422","精度区分":null,"座標系":"任意座標系"}},{"type":"Polygon","arcs":[[1962,-1241,1963,1964,-1238]],"properties":{"市区町村名":"奥尻郡奥尻町","大字名":null,"丁目名":null,"小字名":"字稲穂","地番":"416","精度区分":null,"座標系":"任意座標系"}},{"type":"Polygon","arcs":[[1965,-1267,-1258]],"properties":{"市区町村名":"奥尻郡奥尻町","大字名":null,"丁目名":null,"小字名":"字稲穂","地番":"402","精度区分":null,"座標系":"任意座標系"}},{"type":"Polygon","arcs":[[-1268,-1966,-1257]],"properties":{"市区町村名":"奥尻郡奥尻町","大字名":null,"丁目名":null,"小字名":"字稲穂","地番":"401","精度区分":null,"座標系":"任意座標系"}},{"type":"Polygon","arcs":[[1966,1967,-1254,-1251]],"properties":{"市区町村名":"奥尻郡奥尻町","大字名":null,"丁目名":null,"小字名":"字稲穂","地番":"419","精度区分":null,"座標系":"任意座標系"}},{"type":"Polygon","arcs":[[1968,-1255,-1968]],"properties":{"市区町村名":"奥尻郡奥尻町","大字名":null,"丁目名":null,"小字名":"字稲穂","地番":"無地番-10","精度区分":null,"座標系":"任意座標系"}},{"type":"Polygon","arcs":[[1969,-1811,-1270]],"properties":{"市区町村名":"奥尻郡奥尻町","大字名":null,"丁目名":null,"小字名":"字稲穂","地番":"399","精度区分":null,"座標系":"任意座標系"}},{"type":"Polygon","arcs":[[-1963,-1237,-1242]],"properties":{"市区町村名":"奥尻郡奥尻町","大字名":null,"丁目名":null,"小字名":"字稲穂","地番":"417","精度区分":null,"座標系":"任意座標系"}},{"type":"Polygon","arcs":[[-1253]],"properties":{"市区町村名":"奥尻郡奥尻町","大字名":null,"丁目名":null,"小字名":"字稲穂","地番":"418","精度区分":null,"座標系":"任意座標系"}},{"type":"Polygon","arcs":[[-1246,1970]],"properties":{"市区町村名":"奥尻郡奥尻町","大字名":null,"丁目名":null,"小字名":"字稲穂","地番":"420","精度区分":null,"座標系":"任意座標系"}},{"type":"Polygon","arcs":[[-1971,-1245,-1231,1971,-1247]],"properties":{"市区町村名":"奥尻郡奥尻町","大字名":null,"丁目名":null,"小字名":"字稲穂","地番":"421","精度区分":null,"座標系":"任意座標系"}},{"type":"Polygon","arcs":[[-1248,-1972,1972]],"properties":{"市区町村名":"奥尻郡奥尻町","大字名":null,"丁目名":null,"小字名":"字稲穂","地番":"425","精度区分":null,"座標系":"任意座標系"}},{"type":"Polygon","arcs":[[1973,-1249,-1973,-1230,1974]],"properties":{"市区町村名":"奥尻郡奥尻町","大字名":null,"丁目名":null,"小字名":"字稲穂","地番":"426","精度区分":null,"座標系":"任意座標系"}},{"type":"Polygon","arcs":[[1975,-1975,-1222]],"properties":{"市区町村名":"奥尻郡奥尻町","大字名":null,"丁目名":null,"小字名":"字稲穂","地番":"429","精度区分":null,"座標系":"任意座標系"}},{"type":"Polygon","arcs":[[1976,-1217]],"properties":{"市区町村名":"奥尻郡奥尻町","大字名":null,"丁目名":null,"小字名":"字稲穂","地番":"445","精度区分":null,"座標系":"任意座標系"}},{"type":"Polygon","arcs":[[-1977,-1216,-1218]],"properties":{"市区町村名":"奥尻郡奥尻町","大字名":null,"丁目名":null,"小字名":"字稲穂","地番":"444","精度区分":null,"座標系":"任意座標系"}},{"type":"Polygon","arcs":[[-1208,1977,1978]],"properties":{"市区町村名":"奥尻郡奥尻町","大字名":null,"丁目名":null,"小字名":"字稲穂","地番":"443","精度区分":null,"座標系":"任意座標系"}},{"type":"Polygon","arcs":[[-1210,1979]],"properties":{"市区町村名":"奥尻郡奥尻町","大字名":null,"丁目名":null,"小字名":"字稲穂","地番":"448","精度区分":null,"座標系":"任意座標系"}},{"type":"Polygon","arcs":[[1980,-1212]],"properties":{"市区町村名":"奥尻郡奥尻町","大字名":null,"丁目名":null,"小字名":"字稲穂","地番":"447","精度区分":null,"座標系":"任意座標系"}},{"type":"Polygon","arcs":[[1981,-1219,-1214]],"properties":{"市区町村名":"奥尻郡奥尻町","大字名":null,"丁目名":null,"小字名":"字稲穂","地番":"446","精度区分":null,"座標系":"任意座標系"}},{"type":"Polygon","arcs":[[-1965,1982,-1239]],"properties":{"市区町村名":"奥尻郡奥尻町","大字名":null,"丁目名":null,"小字名":"字稲穂","地番":"415","精度区分":null,"座標系":"任意座標系"}},{"type":"Polygon","arcs":[[-1964,-1240,-1983]],"properties":{"市区町村名":"奥尻郡奥尻町","大字名":null,"丁目名":null,"小字名":"字稲穂","地番":"414","精度区分":null,"座標系":"任意座標系"}},{"type":"Polygon","arcs":[[1983,1984,-321,-1167,1985,-1165]],"properties":{"市区町村名":"奥尻郡奥尻町","大字名":null,"丁目名":null,"小字名":"字稲穂","地番":"450","精度区分":null,"座標系":"任意座標系"}},{"type":"Polygon","arcs":[[-1986,-1166]],"properties":{"市区町村名":"奥尻郡奥尻町","大字名":null,"丁目名":null,"小字名":"字稲穂","地番":"451","精度区分":null,"座標系":"任意座標系"}},{"type":"Polygon","arcs":[[-1163,1986,1987]],"properties":{"市区町村名":"奥尻郡奥尻町","大字名":null,"丁目名":null,"小字名":"字稲穂","地番":"452","精度区分":null,"座標系":"任意座標系"}},{"type":"Polygon","arcs":[[-1987,-1162,1988]],"properties":{"市区町村名":"奥尻郡奥尻町","大字名":null,"丁目名":null,"小字名":"字稲穂","地番":"453","精度区分":null,"座標系":"任意座標系"}},{"type":"Polygon","arcs":[[-1160,1989,1990,1991]],"properties":{"市区町村名":"奥尻郡奥尻町","大字名":null,"丁目名":null,"小字名":"字稲穂","地番":"454","精度区分":null,"座標系":"任意座標系"}},{"type":"Polygon","arcs":[[1992,1993,1994]],"properties":{"市区町村名":"奥尻郡奥尻町","大字名":null,"丁目名":null,"小字名":"字稲穂","地番":"464","精度区分":null,"座標系":"任意座標系"}},{"type":"Polygon","arcs":[[-1994,1995]],"properties":{"市区町村名":"奥尻郡奥尻町","大字名":null,"丁目名":null,"小字名":"字稲穂","地番":"463","精度区分":null,"座標系":"任意座標系"}},{"type":"Polygon","arcs":[[1996,-1996,-1993,-1991,1997]],"properties":{"市区町村名":"奥尻郡奥尻町","大字名":null,"丁目名":null,"小字名":"字稲穂","地番":"道-41","精度区分":null,"座標系":"任意座標系"}},{"type":"Polygon","arcs":[[-1990,-1159,1998,-1998]],"properties":{"市区町村名":"奥尻郡奥尻町","大字名":null,"丁目名":null,"小字名":"字稲穂","地番":"462","精度区分":null,"座標系":"任意座標系"}},{"type":"Polygon","arcs":[[1999,-1157]],"properties":{"市区町村名":"奥尻郡奥尻町","大字名":null,"丁目名":null,"小字名":"字稲穂","地番":"470","精度区分":null,"座標系":"任意座標系"}},{"type":"Polygon","arcs":[[-1985,2000,2001,-322]],"properties":{"市区町村名":"奥尻郡奥尻町","大字名":null,"丁目名":null,"小字名":"字稲穂","地番":"449","精度区分":null,"座標系":"任意座標系"}},{"type":"Polygon","arcs":[[-1978,-1207,-1201,2002]],"properties":{"市区町村名":"奥尻郡奥尻町","大字名":null,"丁目名":null,"小字名":"字稲穂","地番":"442","精度区分":null,"座標系":"任意座標系"}},{"type":"Polygon","arcs":[[-1203,-1206]],"properties":{"市区町村名":"奥尻郡奥尻町","大字名":null,"丁目名":null,"小字名":"字稲穂","地番":"441","精度区分":null,"座標系":"任意座標系"}},{"type":"Polygon","arcs":[[-1199,-1190,2003]],"properties":{"市区町村名":"奥尻郡奥尻町","大字名":null,"丁目名":null,"小字名":"字稲穂","地番":"439","精度区分":null,"座標系":"任意座標系"}},{"type":"Polygon","arcs":[[-1192,-1198]],"properties":{"市区町村名":"奥尻郡奥尻町","大字名":null,"丁目名":null,"小字名":"字稲穂","地番":"440","精度区分":null,"座標系":"任意座標系"}},{"type":"Polygon","arcs":[[-1197,-1194]],"properties":{"市区町村名":"奥尻郡奥尻町","大字名":null,"丁目名":null,"小字名":"字稲穂","地番":"433","精度区分":null,"座標系":"任意座標系"}},{"type":"Polygon","arcs":[[-1196]],"properties":{"市区町村名":"奥尻郡奥尻町","大字名":null,"丁目名":null,"小字名":"字稲穂","地番":"411","精度区分":null,"座標系":"任意座標系"}},{"type":"Polygon","arcs":[[-1265]],"properties":{"市区町村名":"奥尻郡奥尻町","大字名":null,"丁目名":null,"小字名":"字稲穂","地番":"410","精度区分":null,"座標系":"任意座標系"}},{"type":"Polygon","arcs":[[-1188,-1182,2004]],"properties":{"市区町村名":"奥尻郡奥尻町","大字名":null,"丁目名":null,"小字名":"字稲穂","地番":"438","精度区分":null,"座標系":"任意座標系"}},{"type":"Polygon","arcs":[[-1184,-1187]],"properties":{"市区町村名":"奥尻郡奥尻町","大字名":null,"丁目名":null,"小字名":"字稲穂","地番":"437","精度区分":null,"座標系":"任意座標系"}},{"type":"Polygon","arcs":[[-1186]],"properties":{"市区町村名":"奥尻郡奥尻町","大字名":null,"丁目名":null,"小字名":"字稲穂","地番":"434","精度区分":null,"座標系":"任意座標系"}},{"type":"Polygon","arcs":[[-1179]],"properties":{"市区町村名":"奥尻郡奥尻町","大字名":null,"丁目名":null,"小字名":"字稲穂","地番":"408","精度区分":null,"座標系":"任意座標系"}},{"type":"Polygon","arcs":[[-1176]],"properties":{"市区町村名":"奥尻郡奥尻町","大字名":null,"丁目名":null,"小字名":"字稲穂","地番":"409","精度区分":null,"座標系":"任意座標系"}},{"type":"Polygon","arcs":[[2005,-1302,-1153,-235,-384]],"properties":{"市区町村名":"奥尻郡奥尻町","大字名":null,"丁目名":null,"小字名":"字稲穂","地番":"487","精度区分":null,"座標系":"任意座標系"}},{"type":"Polygon","arcs":[[2006,2007,2008,-1149]],"properties":{"市区町村名":"奥尻郡奥尻町","大字名":null,"丁目名":null,"小字名":"字稲穂","地番":"490","精度区分":null,"座標系":"任意座標系"}},{"type":"Polygon","arcs":[[2009,-239,-1150,-2009]],"properties":{"市区町村名":"奥尻郡奥尻町","大字名":null,"丁目名":null,"小字名":"字稲穂","地番":"468","精度区分":null,"座標系":"任意座標系"}},{"type":"Polygon","arcs":[[-1131,2010,-1121,2011]],"properties":{"市区町村名":"奥尻郡奥尻町","大字名":null,"丁目名":null,"小字名":"字稲穂","地番":"467","精度区分":null,"座標系":"任意座標系"}},{"type":"Polygon","arcs":[[-1130,2012,-1122,-2011]],"properties":{"市区町村名":"奥尻郡奥尻町","大字名":null,"丁目名":null,"小字名":"字稲穂","地番":"466","精度区分":null,"座標系":"任意座標系"}},{"type":"Polygon","arcs":[[-1128,2013,-1124,2014]],"properties":{"市区町村名":"奥尻郡奥尻町","大字名":null,"丁目名":null,"小字名":"字稲穂","地番":"458","精度区分":null,"座標系":"任意座標系"}},{"type":"Polygon","arcs":[[-1126,2015]],"properties":{"市区町村名":"奥尻郡奥尻町","大字名":null,"丁目名":null,"小字名":"字稲穂","地番":"456","精度区分":null,"座標系":"任意座標系"}},{"type":"Polygon","arcs":[[-1180,2016,-1173,2017]],"properties":{"市区町村名":"奥尻郡奥尻町","大字名":null,"丁目名":null,"小字名":"字稲穂","地番":"435","精度区分":null,"座標系":"任意座標系"}},{"type":"Polygon","arcs":[[-1177,-1174,-2017]],"properties":{"市区町村名":"奥尻郡奥尻町","大字名":null,"丁目名":null,"小字名":"字稲穂","地番":"407","精度区分":null,"座標系":"任意座標系"}},{"type":"Polygon","arcs":[[-1181,-2018,-1172]],"properties":{"市区町村名":"奥尻郡奥尻町","大字名":null,"丁目名":null,"小字名":"字稲穂","地番":"436","精度区分":null,"座標系":"任意座標系"}},{"type":"Polygon","arcs":[[-1127,-2016,-1125,-2014]],"properties":{"市区町村名":"奥尻郡奥尻町","大字名":null,"丁目名":null,"小字名":"字稲穂","地番":"457","精度区分":null,"座標系":"任意座標系"}},{"type":"Polygon","arcs":[[-1129,-2015,-1123,-2013]],"properties":{"市区町村名":"奥尻郡奥尻町","大字名":null,"丁目名":null,"小字名":"字稲穂","地番":"460","精度区分":null,"座標系":"任意座標系"}},{"type":"Polygon","arcs":[[-1132,-2012,-1120,2018]],"properties":{"市区町村名":"奥尻郡奥尻町","大字名":null,"丁目名":null,"小字名":"字稲穂","地番":"491","精度区分":null,"座標系":"任意座標系"}},{"type":"Polygon","arcs":[[2019,-1282]],"properties":{"市区町村名":"奥尻郡奥尻町","大字名":null,"丁目名":null,"小字名":"字稲穂","地番":"404","精度区分":null,"座標系":"任意座標系"}},{"type":"Polygon","arcs":[[-2020,-1281,-1283]],"properties":{"市区町村名":"奥尻郡奥尻町","大字名":null,"丁目名":null,"小字名":"字稲穂","地番":"405","精度区分":null,"座標系":"任意座標系"}},{"type":"Polygon","arcs":[[-1296,2020,2021,-1443]],"properties":{"市区町村名":"奥尻郡奥尻町","大字名":null,"丁目名":null,"小字名":"字宮津","地番":"229","精度区分":null,"座標系":"任意座標系"}},{"type":"Polygon","arcs":[[-1295,-416,2022,-2021]],"properties":{"市区町村名":"奥尻郡奥尻町","大字名":null,"丁目名":null,"小字名":"字宮津","地番":"228","精度区分":null,"座標系":"任意座標系"}},{"type":"Polygon","arcs":[[2023,2024,2025,2026]],"properties":{"市区町村名":"奥尻郡奥尻町","大字名":null,"丁目名":null,"小字名":"字宮津","地番":"230-1","精度区分":null,"座標系":"任意座標系"}},{"type":"Polygon","arcs":[[-415,-1441,2027,2028,-2025,2029,-2023]],"properties":{"市区町村名":"奥尻郡奥尻町","大字名":null,"丁目名":null,"小字名":"字宮津","地番":"231-1","精度区分":null,"座標系":"任意座標系"}},{"type":"Polygon","arcs":[[-2022,-2030,-2024]],"properties":{"市区町村名":"奥尻郡奥尻町","大字名":null,"丁目名":null,"小字名":"字宮津","地番":"230","精度区分":null,"座標系":"任意座標系"}},{"type":"Polygon","arcs":[[2030,2031,-419]],"properties":{"市区町村名":"奥尻郡奥尻町","大字名":null,"丁目名":null,"小字名":"字宮津","地番":"227","精度区分":null,"座標系":"任意座標系"}},{"type":"Polygon","arcs":[[-418,-1294,2032,-2031]],"properties":{"市区町村名":"奥尻郡奥尻町","大字名":null,"丁目名":null,"小字名":"字宮津","地番":"225","精度区分":null,"座標系":"任意座標系"}},{"type":"Polygon","arcs":[[-1293,2033,2034,-2033]],"properties":{"市区町村名":"奥尻郡奥尻町","大字名":null,"丁目名":null,"小字名":"字宮津","地番":"224","精度区分":null,"座標系":"任意座標系"}},{"type":"Polygon","arcs":[[-2035,2035,-420,-2032]],"properties":{"市区町村名":"奥尻郡奥尻町","大字名":null,"丁目名":null,"小字名":"字宮津","地番":"226","精度区分":null,"座標系":"任意座標系"}},{"type":"Polygon","arcs":[[-1292,-421,-2036,-2034]],"properties":{"市区町村名":"奥尻郡奥尻町","大字名":null,"丁目名":null,"小字名":"字宮津","地番":"223","精度区分":null,"座標系":"任意座標系"}},{"type":"Polygon","arcs":[[-1291,2036,2037,-423]],"properties":{"市区町村名":"奥尻郡奥尻町","大字名":null,"丁目名":null,"小字名":"字宮津","地番":"222","精度区分":null,"座標系":"任意座標系"}},{"type":"Polygon","arcs":[[-2037,-1290,-425,2038]],"properties":{"市区町村名":"奥尻郡奥尻町","大字名":null,"丁目名":null,"小字名":"字宮津","地番":"221","精度区分":null,"座標系":"任意座標系"}},{"type":"Polygon","arcs":[[-2038,-2039,-424]],"properties":{"市区町村名":"奥尻郡奥尻町","大字名":null,"丁目名":null,"小字名":"字宮津","地番":"220","精度区分":null,"座標系":"任意座標系"}},{"type":"Polygon","arcs":[[-1289]],"properties":{"市区町村名":"奥尻郡奥尻町","大字名":null,"丁目名":null,"小字名":"字稲穂","地番":"406","精度区分":null,"座標系":"任意座標系"}},{"type":"Polygon","arcs":[[2039,2040,2041]],"properties":{"市区町村名":"奥尻郡奥尻町","大字名":null,"丁目名":null,"小字名":"字宮津","地番":"330-2","精度区分":null,"座標系":"任意座標系"}},{"type":"Polygon","arcs":[[2042,-2041,2043,2044]],"properties":{"市区町村名":"奥尻郡奥尻町","大字名":null,"丁目名":null,"小字名":"字宮津","地番":"328-4","精度区分":null,"座標系":"任意座標系"}},{"type":"Polygon","arcs":[[2045,-2042,2046,2047]],"properties":{"市区町村名":"奥尻郡奥尻町","大字名":null,"丁目名":null,"小字名":"字宮津","地番":"330-4","精度区分":null,"座標系":"任意座標系"}},{"type":"Polygon","arcs":[[2048,2049,2050]],"properties":{"市区町村名":"奥尻郡奥尻町","大字名":null,"丁目名":null,"小字名":"字宮津","地番":"328-1","精度区分":null,"座標系":"任意座標系"}},{"type":"Polygon","arcs":[[-2050,-2047,-2043,2051,2052]],"properties":{"市区町村名":"奥尻郡奥尻町","大字名":null,"丁目名":null,"小字名":"字宮津","地番":"328-5","精度区分":null,"座標系":"任意座標系"}},{"type":"Polygon","arcs":[[2053,2054,2055]],"properties":{"市区町村名":"奥尻郡奥尻町","大字名":null,"丁目名":null,"小字名":"字宮津","地番":"333-1","精度区分":null,"座標系":"任意座標系"}},{"type":"Polygon","arcs":[[2056,-1341,2057,2058]],"properties":{"市区町村名":"奥尻郡奥尻町","大字名":null,"丁目名":null,"小字名":"字宮津","地番":"333-2","精度区分":null,"座標系":"任意座標系"}},{"type":"Polygon","arcs":[[-2059,2059,-2054,2060]],"properties":{"市区町村名":"奥尻郡奥尻町","大字名":null,"丁目名":null,"小字名":"字宮津","地番":"333-3","精度区分":null,"座標系":"任意座標系"}},{"type":"Polygon","arcs":[[2061,2062]],"properties":{"市区町村名":"奥尻郡奥尻町","大字名":null,"丁目名":null,"小字名":"字宮津","地番":"230-2","精度区分":null,"座標系":"任意座標系"}},{"type":"Polygon","arcs":[[-2026,2063,2064,-2062,2065]],"properties":{"市区町村名":"奥尻郡奥尻町","大字名":null,"丁目名":null,"小字名":"字宮津","地番":"230-3","精度区分":null,"座標系":"任意座標系"}},{"type":"Polygon","arcs":[[-2029,-2064]],"properties":{"市区町村名":"奥尻郡奥尻町","大字名":null,"丁目名":null,"小字名":"字宮津","地番":"231-2","精度区分":null,"座標系":"任意座標系"}},{"type":"Polygon","arcs":[[2066,-436,2067]],"properties":{"市区町村名":"奥尻郡奥尻町","大字名":null,"丁目名":null,"小字名":"字宮津","地番":"208","精度区分":null,"座標系":"任意座標系"}},{"type":"Polygon","arcs":[[-2067,2068,2069,-437]],"properties":{"市区町村名":"奥尻郡奥尻町","大字名":null,"丁目名":null,"小字名":"字宮津","地番":"209","精度区分":null,"座標系":"任意座標系"}},{"type":"Polygon","arcs":[[-2070,2070,2071,-1414,-438]],"properties":{"市区町村名":"奥尻郡奥尻町","大字名":null,"丁目名":null,"小字名":"字宮津","地番":"210","精度区分":null,"座標系":"任意座標系"}},{"type":"Polygon","arcs":[[-2072,2072,-1415]],"properties":{"市区町村名":"奥尻郡奥尻町","大字名":null,"丁目名":null,"小字名":"字宮津","地番":"211","精度区分":null,"座標系":"任意座標系"}},{"type":"Polygon","arcs":[[2073,2074,-2068]],"properties":{"市区町村名":"奥尻郡奥尻町","大字名":null,"丁目名":null,"小字名":"字宮津","地番":"207","精度区分":null,"座標系":"任意座標系"}},{"type":"Polygon","arcs":[[-434,-1928,-1949,-1950]],"properties":{"市区町村名":"奥尻郡奥尻町","大字名":null,"丁目名":null,"小字名":"字宮津","地番":"204","精度区分":null,"座標系":"任意座標系"}},{"type":"Polygon","arcs":[[2075,2076,2077]],"properties":{"市区町村名":"奥尻郡奥尻町","大字名":null,"丁目名":null,"小字名":"字宮津","地番":"239-1","精度区分":null,"座標系":"任意座標系"}},{"type":"Polygon","arcs":[[2078,2079,2080,-2077]],"properties":{"市区町村名":"奥尻郡奥尻町","大字名":null,"丁目名":null,"小字名":"字宮津","地番":"239-3","精度区分":null,"座標系":"任意座標系"}},{"type":"Polygon","arcs":[[2081,2082,-2080]],"properties":{"市区町村名":"奥尻郡奥尻町","大字名":null,"丁目名":null,"小字名":"字宮津","地番":"239-2","精度区分":null,"座標系":"任意座標系"}},{"type":"Polygon","arcs":[[2083,-1439,-447,2084,-1419]],"properties":{"市区町村名":"奥尻郡奥尻町","大字名":null,"丁目名":null,"小字名":"字宮津","地番":"217","精度区分":null,"座標系":"任意座標系"}},{"type":"Polygon","arcs":[[-2085,-446,-1413,-444,-1420]],"properties":{"市区町村名":"奥尻郡奥尻町","大字名":null,"丁目名":null,"小字名":"字宮津","地番":"216","精度区分":null,"座標系":"任意座標系"}},{"type":"Polygon","arcs":[[-441,2085,-1422,2086]],"properties":{"市区町村名":"奥尻郡奥尻町","大字名":null,"丁目名":null,"小字名":"字宮津","地番":"215-2","精度区分":null,"座標系":"任意座標系"}},{"type":"Polygon","arcs":[[-442,-2087,-1421]],"properties":{"市区町村名":"奥尻郡奥尻町","大字名":null,"丁目名":null,"小字名":"字宮津","地番":"215-1","精度区分":null,"座標系":"任意座標系"}},{"type":"Polygon","arcs":[[2087,-1435,-2084,-1418]],"properties":{"市区町村名":"奥尻郡奥尻町","大字名":null,"丁目名":null,"小字名":"字宮津","地番":"246","精度区分":null,"座標系":"任意座標系"}},{"type":"Polygon","arcs":[[2088,2089,-1434,2090,2091]],"properties":{"市区町村名":"奥尻郡奥尻町","大字名":null,"丁目名":null,"小字名":"字宮津","地番":"245","精度区分":null,"座標系":"任意座標系"}},{"type":"Polygon","arcs":[[2092,-2089,2093]],"properties":{"市区町村名":"奥尻郡奥尻町","大字名":null,"丁目名":null,"小字名":"字宮津","地番":"243","精度区分":null,"座標系":"任意座標系"}},{"type":"Polygon","arcs":[[-450,2094]],"properties":{"市区町村名":"奥尻郡奥尻町","大字名":null,"丁目名":null,"小字名":"字宮津","地番":"249","精度区分":null,"座標系":"任意座標系"}},{"type":"Polygon","arcs":[[-464,2095,2096]],"properties":{"市区町村名":"奥尻郡奥尻町","大字名":null,"丁目名":null,"小字名":"字宮津","地番":"265","精度区分":null,"座標系":"任意座標系"}},{"type":"Polygon","arcs":[[-463,2097,2098,-2096]],"properties":{"市区町村名":"奥尻郡奥尻町","大字名":null,"丁目名":null,"小字名":"字宮津","地番":"264","精度区分":null,"座標系":"任意座標系"}},{"type":"Polygon","arcs":[[2099,2100,2101,2102,-1392]],"properties":{"市区町村名":"奥尻郡奥尻町","大字名":null,"丁目名":null,"小字名":"字宮津","地番":"273","精度区分":null,"座標系":"任意座標系"}},{"type":"Polygon","arcs":[[-2102,2103,2104,2105,2106,-461,2107,2108,2109,2110,2111,2112,2113,2114,2115,2116,2117]],"properties":{"市区町村名":"奥尻郡奥尻町","大字名":null,"丁目名":null,"小字名":"字宮津","地番":"道-42","精度区分":null,"座標系":"任意座標系"}},{"type":"Polygon","arcs":[[-460,2118,2119,-2108]],"properties":{"市区町村名":"奥尻郡奥尻町","大字名":null,"丁目名":null,"小字名":"字宮津","地番":"257-3","精度区分":null,"座標系":"任意座標系"}},{"type":"Polygon","arcs":[[-2120,2120,2121,-2109]],"properties":{"市区町村名":"奥尻郡奥尻町","大字名":null,"丁目名":null,"小字名":"字宮津","地番":"長狭物不明-6","精度区分":null,"座標系":"任意座標系"}},{"type":"Polygon","arcs":[[2122,-2098,-462,-2107,2123,-2105,2124,2125]],"properties":{"市区町村名":"奥尻郡奥尻町","大字名":null,"丁目名":null,"小字名":"字宮津","地番":"263-1","精度区分":null,"座標系":"任意座標系"}},{"type":"Polygon","arcs":[[-2122,2126,2127,-2110]],"properties":{"市区町村名":"奥尻郡奥尻町","大字名":null,"丁目名":null,"小字名":"字宮津","地番":"262","精度区分":null,"座標系":"任意座標系"}},{"type":"Polygon","arcs":[[-2094,-2092,2128,-452]],"properties":{"市区町村名":"奥尻郡奥尻町","大字名":null,"丁目名":null,"小字名":"字宮津","地番":"244","精度区分":null,"座標系":"任意座標系"}},{"type":"Polygon","arcs":[[-2129,-2091,-1433,2129,-453]],"properties":{"市区町村名":"奥尻郡奥尻町","大字名":null,"丁目名":null,"小字名":"字宮津","地番":"247","精度区分":null,"座標系":"任意座標系"}},{"type":"Polygon","arcs":[[-2130,-1432,2130,-454]],"properties":{"市区町村名":"奥尻郡奥尻町","大字名":null,"丁目名":null,"小字名":"字宮津","地番":"248","精度区分":null,"座標系":"任意座標系"}},{"type":"Polygon","arcs":[[-2131,-1431,2131,-455]],"properties":{"市区町村名":"奥尻郡奥尻町","大字名":null,"丁目名":null,"小字名":"字宮津","地番":"250","精度区分":null,"座標系":"任意座標系"}},{"type":"Polygon","arcs":[[-2132,-1430,2132,2133,-456]],"properties":{"市区町村名":"奥尻郡奥尻町","大字名":null,"丁目名":null,"小字名":"字宮津","地番":"251","精度区分":null,"座標系":"任意座標系"}},{"type":"Polygon","arcs":[[-2134,2134,-457]],"properties":{"市区町村名":"奥尻郡奥尻町","大字名":null,"丁目名":null,"小字名":"字宮津","地番":"256","精度区分":null,"座標系":"任意座標系"}},{"type":"Polygon","arcs":[[-2135,2135,-1428,2136,2137,-458]],"properties":{"市区町村名":"奥尻郡奥尻町","大字名":null,"丁目名":null,"小字名":"字宮津","地番":"255","精度区分":null,"座標系":"任意座標系"}},{"type":"Polygon","arcs":[[-2137,-1427,2138,2139]],"properties":{"市区町村名":"奥尻郡奥尻町","大字名":null,"丁目名":null,"小字名":"字宮津","地番":"253","精度区分":null,"座標系":"任意座標系"}},{"type":"Polygon","arcs":[[-2136,-2133,-1429]],"properties":{"市区町村名":"奥尻郡奥尻町","大字名":null,"丁目名":null,"小字名":"字宮津","地番":"254","精度区分":null,"座標系":"任意座標系"}},{"type":"Polygon","arcs":[[2140,2141]],"properties":{"市区町村名":"奥尻郡奥尻町","大字名":null,"丁目名":null,"小字名":"字宮津","地番":"252-3","精度区分":null,"座標系":"任意座標系"}},{"type":"Polygon","arcs":[[2142,-1424,2143,-2141,2144,-2139,-1426]],"properties":{"市区町村名":"奥尻郡奥尻町","大字名":null,"丁目名":null,"小字名":"字宮津","地番":"252-2","精度区分":null,"座標系":"任意座標系"}},{"type":"Polygon","arcs":[[-2143,-1425]],"properties":{"市区町村名":"奥尻郡奥尻町","大字名":null,"丁目名":null,"小字名":"字宮津","地番":"252-1","精度区分":null,"座標系":"任意座標系"}},{"type":"Polygon","arcs":[[2145,2146]],"properties":{"市区町村名":"奥尻郡奥尻町","大字名":null,"丁目名":null,"小字名":"字宮津","地番":"268-2","精度区分":null,"座標系":"任意座標系"}},{"type":"Polygon","arcs":[[2147,-2147,2148,2149]],"properties":{"市区町村名":"奥尻郡奥尻町","大字名":null,"丁目名":null,"小字名":"字宮津","地番":"268-3","精度区分":null,"座標系":"任意座標系"}},{"type":"Polygon","arcs":[[2150,2151,2152]],"properties":{"市区町村名":"奥尻郡奥尻町","大字名":null,"丁目名":null,"小字名":"字宮津","地番":"267","精度区分":null,"座標系":"任意座標系"}},{"type":"Polygon","arcs":[[-2153,2153,-467]],"properties":{"市区町村名":"奥尻郡奥尻町","大字名":null,"丁目名":null,"小字名":"字宮津","地番":"266","精度区分":null,"座標系":"任意座標系"}},{"type":"Polygon","arcs":[[2154,-2150,2155,-2151,2156,2157,-472]],"properties":{"市区町村名":"奥尻郡奥尻町","大字名":null,"丁目名":null,"小字名":"字宮津","地番":"268-1","精度区分":null,"座標系":"任意座標系"}},{"type":"Polygon","arcs":[[2158,2159,2160,2161]],"properties":{"市区町村名":"奥尻郡奥尻町","大字名":null,"丁目名":null,"小字名":"字宮津","地番":"240-2","精度区分":null,"座標系":"任意座標系"}},{"type":"Polygon","arcs":[[-2161,2162,2163,2164]],"properties":{"市区町村名":"奥尻郡奥尻町","大字名":null,"丁目名":null,"小字名":"字宮津","地番":"241","精度区分":null,"座標系":"任意座標系"}},{"type":"Polygon","arcs":[[-2164,2165,2166]],"properties":{"市区町村名":"奥尻郡奥尻町","大字名":null,"丁目名":null,"小字名":"字宮津","地番":"242","精度区分":null,"座標系":"任意座標系"}},{"type":"Polygon","arcs":[[2167,2168]],"properties":{"市区町村名":"奥尻郡奥尻町","大字名":null,"丁目名":null,"小字名":"字宮津","地番":"240-1","精度区分":null,"座標系":"任意座標系"}},{"type":"Polygon","arcs":[[-2168,2169,-2159,2170]],"properties":{"市区町村名":"奥尻郡奥尻町","大字名":null,"丁目名":null,"小字名":"字宮津","地番":"240-3","精度区分":null,"座標系":"任意座標系"}},{"type":"Polygon","arcs":[[-315,2171,-1437,2172]],"properties":{"市区町村名":"奥尻郡奥尻町","大字名":null,"丁目名":null,"小字名":"字宮津","地番":"234","精度区分":null,"座標系":"任意座標系"}},{"type":"Polygon","arcs":[[2173,2174,-470,2175]],"properties":{"市区町村名":"奥尻郡奥尻町","大字名":null,"丁目名":null,"小字名":"字宮津","地番":"328-2","精度区分":null,"座標系":"任意座標系"}},{"type":"Polygon","arcs":[[2176,2177,2178,2179,2180,2181,2182]],"properties":{"市区町村名":"奥尻郡奥尻町","大字名":null,"丁目名":null,"小字名":"字宮津","地番":"道-43","精度区分":null,"座標系":"任意座標系"}},{"type":"Polygon","arcs":[[-2182,2183,2184]],"properties":{"市区町村名":"奥尻郡奥尻町","大字名":null,"丁目名":null,"小字名":"字宮津","地番":"314","精度区分":null,"座標系":"任意座標系"}},{"type":"Polygon","arcs":[[2185,-484,2186,-1373,2187,2188,2189,-2177]],"properties":{"市区町村名":"奥尻郡奥尻町","大字名":null,"丁目名":null,"小字名":"字宮津","地番":"315","精度区分":null,"座標系":"任意座標系"}},{"type":"Polygon","arcs":[[2190,-2178,-2190]],"properties":{"市区町村名":"奥尻郡奥尻町","大字名":null,"丁目名":null,"小字名":"字宮津","地番":"313","精度区分":null,"座標系":"任意座標系"}},{"type":"Polygon","arcs":[[-2187,2191,2192,2193,2194,-1374]],"properties":{"市区町村名":"奥尻郡奥尻町","大字名":null,"丁目名":null,"小字名":"字宮津","地番":"317-2","精度区分":null,"座標系":"任意座標系"}},{"type":"Polygon","arcs":[[2195,-554,2196,2197,2198,-2194]],"properties":{"市区町村名":"奥尻郡奥尻町","大字名":null,"丁目名":null,"小字名":"字宮津","地番":"319-4","精度区分":null,"座標系":"任意座標系"}},{"type":"Polygon","arcs":[[-2198,2199,2200,2201,2202,2203,2204,2205,2206]],"properties":{"市区町村名":"奥尻郡奥尻町","大字名":null,"丁目名":null,"小字名":"字宮津","地番":"317-1","精度区分":null,"座標系":"任意座標系"}},{"type":"Polygon","arcs":[[2207,-2204,2208]],"properties":{"市区町村名":"奥尻郡奥尻町","大字名":null,"丁目名":null,"小字名":"字宮津","地番":"319-8","精度区分":null,"座標系":"任意座標系"}},{"type":"Polygon","arcs":[[-2206,2209,2210,2211,-701]],"properties":{"市区町村名":"奥尻郡奥尻町","大字名":null,"丁目名":null,"小字名":"字宮津","地番":"310-1","精度区分":null,"座標系":"任意座標系"}},{"type":"Polygon","arcs":[[2212,-527,2213,-2211]],"properties":{"市区町村名":"奥尻郡奥尻町","大字名":null,"丁目名":null,"小字名":"字宮津","地番":"309-1","精度区分":null,"座標系":"任意座標系"}},{"type":"Polygon","arcs":[[-2199,-2207,-700,2214,-1376,2215,-2195]],"properties":{"市区町村名":"奥尻郡奥尻町","大字名":null,"丁目名":null,"小字名":"字宮津","地番":"317-5","精度区分":null,"座標系":"任意座標系"}},{"type":"Polygon","arcs":[[-2216,-1375]],"properties":{"市区町村名":"奥尻郡奥尻町","大字名":null,"丁目名":null,"小字名":"字宮津","地番":"317-3","精度区分":null,"座標系":"任意座標系"}},{"type":"Polygon","arcs":[[-1377,-2215,2216]],"properties":{"市区町村名":"奥尻郡奥尻町","大字名":null,"丁目名":null,"小字名":"字宮津","地番":"317-4","精度区分":null,"座標系":"任意座標系"}},{"type":"Polygon","arcs":[[-2188,-1391,2217,-1389,2218,-1387,2219,-1385,2220]],"properties":{"市区町村名":"奥尻郡奥尻町","大字名":null,"丁目名":null,"小字名":"字宮津","地番":"316-1","精度区分":null,"座標系":"任意座標系"}},{"type":"Polygon","arcs":[[-1390,-2218]],"properties":{"市区町村名":"奥尻郡奥尻町","大字名":null,"丁目名":null,"小字名":"字宮津","地番":"316-2","精度区分":null,"座標系":"任意座標系"}},{"type":"Polygon","arcs":[[-1384,2221,2222,2223,2224,2225,2226,2227,2228,2229,2230,2231,2232,2233,2234,-2179,-2191,-2189,-2221]],"properties":{"市区町村名":"奥尻郡奥尻町","大字名":null,"丁目名":null,"小字名":"字宮津","地番":"水-21","精度区分":null,"座標系":"任意座標系"}},{"type":"Polygon","arcs":[[-2217,-703,-1378]],"properties":{"市区町村名":"奥尻郡奥尻町","大字名":null,"丁目名":null,"小字名":"字宮津","地番":"310-2","精度区分":null,"座標系":"任意座標系"}},{"type":"Polygon","arcs":[[-2205,2235,2236,-2210]],"properties":{"市区町村名":"奥尻郡奥尻町","大字名":null,"丁目名":null,"小字名":"字宮津","地番":"310-4","精度区分":null,"座標系":"任意座標系"}},{"type":"Polygon","arcs":[[2237,-2214,-526,2238,2239]],"properties":{"市区町村名":"奥尻郡奥尻町","大字名":null,"丁目名":null,"小字名":"字宮津","地番":"44","精度区分":null,"座標系":"任意座標系"}},{"type":"Polygon","arcs":[[-2239,-525,2240,-523,2241,-98]],"properties":{"市区町村名":"奥尻郡奥尻町","大字名":null,"丁目名":null,"小字名":"字宮津","地番":"45-1","精度区分":null,"座標系":"任意座標系"}},{"type":"Polygon","arcs":[[2242,2243,2244,-528,-2213,-2237]],"properties":{"市区町村名":"奥尻郡奥尻町","大字名":null,"丁目名":null,"小字名":"字宮津","地番":"309-3","精度区分":null,"座標系":"任意座標系"}},{"type":"Polygon","arcs":[[2245,-531]],"properties":{"市区町村名":"奥尻郡奥尻町","大字名":null,"丁目名":null,"小字名":"字宮津","地番":"308-2","精度区分":null,"座標系":"任意座標系"}},{"type":"Polygon","arcs":[[2246,-533,2247]],"properties":{"市区町村名":"奥尻郡奥尻町","大字名":null,"丁目名":null,"小字名":"字宮津","地番":"307-2","精度区分":null,"座標系":"任意座標系"}},{"type":"Polygon","arcs":[[-538,2248,2249]],"properties":{"市区町村名":"奥尻郡奥尻町","大字名":null,"丁目名":null,"小字名":"字宮津","地番":"306-7","精度区分":null,"座標系":"任意座標系"}},{"type":"Polygon","arcs":[[2250,-539,-2250,2251]],"properties":{"市区町村名":"奥尻郡奥尻町","大字名":null,"丁目名":null,"小字名":"字宮津","地番":"306-3","精度区分":null,"座標系":"任意座標系"}},{"type":"Polygon","arcs":[[2252,2253,2254,2255,-541]],"properties":{"市区町村名":"奥尻郡奥尻町","大字名":null,"丁目名":null,"小字名":"字宮津","地番":"306-2","精度区分":null,"座標系":"任意座標系"}},{"type":"Polygon","arcs":[[-2256,2256,-534,-2247,-46,-542]],"properties":{"市区町村名":"奥尻郡奥尻町","大字名":null,"丁目名":null,"小字名":"字宮津","地番":"307-1","精度区分":null,"座標系":"任意座標系"}},{"type":"Polygon","arcs":[[-2255,2257,2258,-535,-2257]],"properties":{"市区町村名":"奥尻郡奥尻町","大字名":null,"丁目名":null,"小字名":"字宮津","地番":"306-5","精度区分":null,"座標系":"任意座標系"}},{"type":"Polygon","arcs":[[-2249,-537,2259,2260]],"properties":{"市区町村名":"奥尻郡奥尻町","大字名":null,"丁目名":null,"小字名":"字宮津","地番":"306-6","精度区分":null,"座標系":"任意座標系"}},{"type":"Polygon","arcs":[[-540,-2251,-2253]],"properties":{"市区町村名":"奥尻郡奥尻町","大字名":null,"丁目名":null,"小字名":"字宮津","地番":"306-1","精度区分":null,"座標系":"任意座標系"}},{"type":"Polygon","arcs":[[-2260,-536,-2259]],"properties":{"市区町村名":"奥尻郡奥尻町","大字名":null,"丁目名":null,"小字名":"字宮津","地番":"306-8","精度区分":null,"座標系":"任意座標系"}},{"type":"Polygon","arcs":[[-47,-2248,-532,-2246,-530]],"properties":{"市区町村名":"奥尻郡奥尻町","大字名":null,"丁目名":null,"小字名":"字宮津","地番":"308-3","精度区分":null,"座標系":"任意座標系"}},{"type":"Polygon","arcs":[[2261,2262,2263,2264,2265,2266,-544,2267,-2243,-2236,-2208]],"properties":{"市区町村名":"奥尻郡奥尻町","大字名":null,"丁目名":null,"小字名":"字宮津","地番":"305","精度区分":null,"座標系":"任意座標系"}},{"type":"Polygon","arcs":[[-48,-529,-2245]],"properties":{"市区町村名":"奥尻郡奥尻町","大字名":null,"丁目名":null,"小字名":"字宮津","地番":"308-4","精度区分":null,"座標系":"任意座標系"}},{"type":"Polygon","arcs":[[-552,2268,2269,2270,-2262,-2209,-2203,2271]],"properties":{"市区町村名":"奥尻郡奥尻町","大字名":null,"丁目名":null,"小字名":"字宮津","地番":"319-1","精度区分":null,"座標系":"任意座標系"}},{"type":"Polygon","arcs":[[2272,2273,2274,-2265,2275]],"properties":{"市区町村名":"奥尻郡奥尻町","大字名":null,"丁目名":null,"小字名":"字宮津","地番":"318-1","精度区分":null,"座標系":"任意座標系"}},{"type":"Polygon","arcs":[[-2273,2276,2277]],"properties":{"市区町村名":"奥尻郡奥尻町","大字名":null,"丁目名":null,"小字名":"字宮津","地番":"319-7","精度区分":null,"座標系":"任意座標系"}},{"type":"Polygon","arcs":[[2278,-546,-310,-2274,-2278,2279]],"properties":{"市区町村名":"奥尻郡奥尻町","大字名":null,"丁目名":null,"小字名":"字宮津","地番":"301-1","精度区分":null,"座標系":"任意座標系"}},{"type":"Polygon","arcs":[[2280,-312,-545,-2267]],"properties":{"市区町村名":"奥尻郡奥尻町","大字名":null,"丁目名":null,"小字名":"字宮津","地番":"304","精度区分":null,"座標系":"任意座標系"}},{"type":"Polygon","arcs":[[2281,-2276,-2264,2282]],"properties":{"市区町村名":"奥尻郡奥尻町","大字名":null,"丁目名":null,"小字名":"字宮津","地番":"318-3","精度区分":null,"座標系":"任意座標系"}},{"type":"Polygon","arcs":[[-2275,-313,-2281,-2266]],"properties":{"市区町村名":"奥尻郡奥尻町","大字名":null,"丁目名":null,"小字名":"字宮津","地番":"303","精度区分":null,"座標系":"任意座標系"}},{"type":"Polygon","arcs":[[-549,2283,2284,-2280,2285,2286]],"properties":{"市区町村名":"奥尻郡奥尻町","大字名":null,"丁目名":null,"小字名":"字宮津","地番":"301-5","精度区分":null,"座標系":"任意座標系"}},{"type":"Polygon","arcs":[[2287,-547,-2279,2288]],"properties":{"市区町村名":"奥尻郡奥尻町","大字名":null,"丁目名":null,"小字名":"字宮津","地番":"300-1","精度区分":null,"座標系":"任意座標系"}},{"type":"Polygon","arcs":[[-2289,-2285]],"properties":{"市区町村名":"奥尻郡奥尻町","大字名":null,"丁目名":null,"小字名":"字宮津","地番":"300-2","精度区分":null,"座標系":"任意座標系"}},{"type":"Polygon","arcs":[[-2284,-548,-2288]],"properties":{"市区町村名":"奥尻郡奥尻町","大字名":null,"丁目名":null,"小字名":"字宮津","地番":"301-4","精度区分":null,"座標系":"任意座標系"}},{"type":"Polygon","arcs":[[-551,2289,-2287,-2269]],"properties":{"市区町村名":"奥尻郡奥尻町","大字名":null,"丁目名":null,"小字名":"字宮津","地番":"301-3","精度区分":null,"座標系":"任意座標系"}},{"type":"Polygon","arcs":[[-553,-2272,-2202,2290,-2200,-2197]],"properties":{"市区町村名":"奥尻郡奥尻町","大字名":null,"丁目名":null,"小字名":"字宮津","地番":"319-6","精度区分":null,"座標系":"任意座標系"}},{"type":"Polygon","arcs":[[-2201,-2291]],"properties":{"市区町村名":"奥尻郡奥尻町","大字名":null,"丁目名":null,"小字名":"字宮津","地番":"319-5","精度区分":null,"座標系":"任意座標系"}},{"type":"Polygon","arcs":[[-550,-2290]],"properties":{"市区町村名":"奥尻郡奥尻町","大字名":null,"丁目名":null,"小字名":"字宮津","地番":"301-2","精度区分":null,"座標系":"任意座標系"}},{"type":"Polygon","arcs":[[-2286,-2277,-2282,-2270]],"properties":{"市区町村名":"奥尻郡奥尻町","大字名":null,"丁目名":null,"小字名":"字宮津","地番":"319-9","精度区分":null,"座標系":"任意座標系"}},{"type":"Polygon","arcs":[[-2271,-2283,-2263]],"properties":{"市区町村名":"奥尻郡奥尻町","大字名":null,"丁目名":null,"小字名":"字宮津","地番":"318-2","精度区分":null,"座標系":"任意座標系"}},{"type":"Polygon","arcs":[[-524,-2241]],"properties":{"市区町村名":"奥尻郡奥尻町","大字名":null,"丁目名":null,"小字名":"字宮津","地番":"45-2","精度区分":null,"座標系":"任意座標系"}},{"type":"Polygon","arcs":[[-522,2291,2292,2293,2294,2295,-99,-2242]],"properties":{"市区町村名":"奥尻郡奥尻町","大字名":null,"丁目名":null,"小字名":"字宮津","地番":"46-1","精度区分":null,"座標系":"任意座標系"}},{"type":"Polygon","arcs":[[-521,2296,-2292]],"properties":{"市区町村名":"奥尻郡奥尻町","大字名":null,"丁目名":null,"小字名":"字宮津","地番":"46-2","精度区分":null,"座標系":"任意座標系"}},{"type":"Polygon","arcs":[[-517,2297,2298,2299,2300,2301]],"properties":{"市区町村名":"奥尻郡奥尻町","大字名":null,"丁目名":null,"小字名":"字宮津","地番":"58-10","精度区分":null,"座標系":"任意座標系"}},{"type":"Polygon","arcs":[[-2298,-516,2302,2303,2304,2305,2306,2307]],"properties":{"市区町村名":"奥尻郡奥尻町","大字名":null,"丁目名":null,"小字名":"字宮津","地番":"58-13","精度区分":null,"座標系":"任意座標系"}},{"type":"Polygon","arcs":[[2308,-514,2309,2310]],"properties":{"市区町村名":"奥尻郡奥尻町","大字名":null,"丁目名":null,"小字名":"字宮津","地番":"無地番-11","精度区分":null,"座標系":"任意座標系"}},{"type":"Polygon","arcs":[[2311,-511,2312,2313,2314]],"properties":{"市区町村名":"奥尻郡奥尻町","大字名":null,"丁目名":null,"小字名":"字宮津","地番":"63-1","精度区分":null,"座標系":"任意座標系"}},{"type":"Polygon","arcs":[[-509,2315,2316]],"properties":{"市区町村名":"奥尻郡奥尻町","大字名":null,"丁目名":null,"小字名":"字宮津","地番":"67-1","精度区分":null,"座標系":"任意座標系"}},{"type":"Polygon","arcs":[[-2316,-508,2317,2318,2319]],"properties":{"市区町村名":"奥尻郡奥尻町","大字名":null,"丁目名":null,"小字名":"字宮津","地番":"67-2","精度区分":null,"座標系":"任意座標系"}},{"type":"Polygon","arcs":[[2320,-2315,2321,2322,2323]],"properties":{"市区町村名":"奥尻郡奥尻町","大字名":null,"丁目名":null,"小字名":"字宮津","地番":"64-1","精度区分":null,"座標系":"任意座標系"}},{"type":"Polygon","arcs":[[-2324,2324,2325]],"properties":{"市区町村名":"奥尻郡奥尻町","大字名":null,"丁目名":null,"小字名":"字宮津","地番":"65","精度区分":null,"座標系":"任意座標系"}},{"type":"Polygon","arcs":[[2326,2327]],"properties":{"市区町村名":"奥尻郡奥尻町","大字名":null,"丁目名":null,"小字名":"字宮津","地番":"59-2","精度区分":null,"座標系":"任意座標系"}},{"type":"Polygon","arcs":[[2328,-2328,2329,2330,2331,2332,-512,-2312,-2321,-2326,2333,2334,2335,2336,2337,2338]],"properties":{"市区町村名":"奥尻郡奥尻町","大字名":null,"丁目名":null,"小字名":"字宮津","地番":"道-44","精度区分":null,"座標系":"任意座標系"}},{"type":"Polygon","arcs":[[2339,2340,2341,-2339,-94]],"properties":{"市区町村名":"奥尻郡奥尻町","大字名":null,"丁目名":null,"小字名":"字宮津","地番":"55-2","精度区分":null,"座標系":"任意座標系"}},{"type":"Polygon","arcs":[[-95,-2338,2342]],"properties":{"市区町村名":"奥尻郡奥尻町","大字名":null,"丁目名":null,"小字名":"字宮津","地番":"52-3","精度区分":null,"座標系":"任意座標系"}},{"type":"Polygon","arcs":[[-2343,-2337,2343,2344,2345]],"properties":{"市区町村名":"奥尻郡奥尻町","大字名":null,"丁目名":null,"小字名":"字宮津","地番":"52-1","精度区分":null,"座標系":"任意座標系"}},{"type":"Polygon","arcs":[[2346,2347]],"properties":{"市区町村名":"奥尻郡奥尻町","大字名":null,"丁目名":null,"小字名":"字宮津","地番":"53","精度区分":null,"座標系":"任意座標系"}},{"type":"Polygon","arcs":[[2348,-2347]],"properties":{"市区町村名":"奥尻郡奥尻町","大字名":null,"丁目名":null,"小字名":"字宮津","地番":"54","精度区分":null,"座標系":"任意座標系"}},{"type":"Polygon","arcs":[[-2322,2349,-2319,2350]],"properties":{"市区町村名":"奥尻郡奥尻町","大字名":null,"丁目名":null,"小字名":"字宮津","地番":"64-2","精度区分":null,"座標系":"任意座標系"}},{"type":"Polygon","arcs":[[2351,-2320,2352]],"properties":{"市区町村名":"奥尻郡奥尻町","大字名":null,"丁目名":null,"小字名":"字宮津","地番":"66-2","精度区分":null,"座標系":"任意座標系"}},{"type":"Polygon","arcs":[[-2313,-510,-2317,-2352]],"properties":{"市区町村名":"奥尻郡奥尻町","大字名":null,"丁目名":null,"小字名":"字宮津","地番":"66-1","精度区分":null,"座標系":"任意座標系"}},{"type":"Polygon","arcs":[[2353,-2311,2354,2355,-2331,2356]],"properties":{"市区町村名":"奥尻郡奥尻町","大字名":null,"丁目名":null,"小字名":"字宮津","地番":"59-1","精度区分":null,"座標系":"任意座標系"}},{"type":"Polygon","arcs":[[-2356,2357,-2332]],"properties":{"市区町村名":"奥尻郡奥尻町","大字名":null,"丁目名":null,"小字名":"字宮津","地番":"60","精度区分":null,"座標系":"任意座標系"}},{"type":"Polygon","arcs":[[2358,2359,-2304,-2357,-2330,-2327,-2329,-2342,2360]],"properties":{"市区町村名":"奥尻郡奥尻町","大字名":null,"丁目名":null,"小字名":"字宮津","地番":"59-4","精度区分":null,"座標系":"任意座標系"}},{"type":"Polygon","arcs":[[-2305,-2360,2361]],"properties":{"市区町村名":"奥尻郡奥尻町","大字名":null,"丁目名":null,"小字名":"字宮津","地番":"58-8","精度区分":null,"座標系":"任意座標系"}},{"type":"Polygon","arcs":[[2362,2363,2364,2365,2366,2367,-2295]],"properties":{"市区町村名":"奥尻郡奥尻町","大字名":null,"丁目名":null,"小字名":"字宮津","地番":"58-4","精度区分":null,"座標系":"任意座標系"}},{"type":"Polygon","arcs":[[2368,2369,-2367]],"properties":{"市区町村名":"奥尻郡奥尻町","大字名":null,"丁目名":null,"小字名":"字宮津","地番":"無地番-12","精度区分":null,"座標系":"任意座標系"}},{"type":"Polygon","arcs":[[-2294,2370,2371,2372,-2363]],"properties":{"市区町村名":"奥尻郡奥尻町","大字名":null,"丁目名":null,"小字名":"字宮津","地番":"58-3","精度区分":null,"座標系":"任意座標系"}},{"type":"Polygon","arcs":[[-520,2373,-2301,2374,2375,-2297]],"properties":{"市区町村名":"奥尻郡奥尻町","大字名":null,"丁目名":null,"小字名":"字宮津","地番":"58-16","精度区分":null,"座標系":"任意座標系"}},{"type":"Polygon","arcs":[[-2296,-2368,-2370,2376,2377,2378,-100]],"properties":{"市区町村名":"奥尻郡奥尻町","大字名":null,"丁目名":null,"小字名":"字宮津","地番":"56-1","精度区分":null,"座標系":"任意座標系"}},{"type":"Polygon","arcs":[[-2369,-2366,2379,-2359,-2377]],"properties":{"市区町村名":"奥尻郡奥尻町","大字名":null,"丁目名":null,"小字名":"字宮津","地番":"59-3","精度区分":null,"座標系":"任意座標系"}},{"type":"Polygon","arcs":[[-515,-2309,-2354,-2303]],"properties":{"市区町村名":"奥尻郡奥尻町","大字名":null,"丁目名":null,"小字名":"字宮津","地番":"58-7","精度区分":null,"座標系":"任意座標系"}},{"type":"Polygon","arcs":[[-101,2380,2381,2382]],"properties":{"市区町村名":"奥尻郡奥尻町","大字名":null,"丁目名":null,"小字名":"字宮津","地番":"48-1","精度区分":null,"座標系":"任意座標系"}},{"type":"Polygon","arcs":[[-2379,-2340]],"properties":{"市区町村名":"奥尻郡奥尻町","大字名":null,"丁目名":null,"小字名":"字宮津","地番":"55-1","精度区分":null,"座標系":"任意座標系"}},{"type":"Polygon","arcs":[[-2378,-2361,-2341]],"properties":{"市区町村名":"奥尻郡奥尻町","大字名":null,"丁目名":null,"小字名":"字宮津","地番":"56-2","精度区分":null,"座標系":"任意座標系"}},{"type":"Polygon","arcs":[[2383,2384,2385,-2362,-2380,-2365]],"properties":{"市区町村名":"奥尻郡奥尻町","大字名":null,"丁目名":null,"小字名":"字宮津","地番":"58-5","精度区分":null,"座標系":"任意座標系"}},{"type":"Polygon","arcs":[[2386,-518,-2302]],"properties":{"市区町村名":"奥尻郡奥尻町","大字名":null,"丁目名":null,"小字名":"字宮津","地番":"58-9","精度区分":null,"座標系":"任意座標系"}},{"type":"Polygon","arcs":[[-519,-2387,-2374]],"properties":{"市区町村名":"奥尻郡奥尻町","大字名":null,"丁目名":null,"小字名":"字宮津","地番":"58-15","精度区分":null,"座標系":"任意座標系"}},{"type":"Polygon","arcs":[[-2376,-2371,-2293]],"properties":{"市区町村名":"奥尻郡奥尻町","大字名":null,"丁目名":null,"小字名":"字宮津","地番":"58-2","精度区分":null,"座標系":"任意座標系"}},{"type":"Polygon","arcs":[[-2375,-2300,-2372]],"properties":{"市区町村名":"奥尻郡奥尻町","大字名":null,"丁目名":null,"小字名":"字宮津","地番":"58-14","精度区分":null,"座標系":"任意座標系"}},{"type":"Polygon","arcs":[[2387,2388,-2384,-2364,-2373,-2299]],"properties":{"市区町村名":"奥尻郡奥尻町","大字名":null,"丁目名":null,"小字名":"字宮津","地番":"58-1","精度区分":null,"座標系":"任意座標系"}},{"type":"Polygon","arcs":[[-2388,-2308,2389]],"properties":{"市区町村名":"奥尻郡奥尻町","大字名":null,"丁目名":null,"小字名":"字宮津","地番":"58-11","精度区分":null,"座標系":"任意座標系"}},{"type":"Polygon","arcs":[[-2389,-2390,-2307,2390,-2385]],"properties":{"市区町村名":"奥尻郡奥尻町","大字名":null,"丁目名":null,"小字名":"字宮津","地番":"58-6","精度区分":null,"座標系":"任意座標系"}},{"type":"Polygon","arcs":[[-2310,-513,-2333,-2358,-2355]],"properties":{"市区町村名":"奥尻郡奥尻町","大字名":null,"丁目名":null,"小字名":"字宮津","地番":"61","精度区分":null,"座標系":"任意座標系"}},{"type":"Polygon","arcs":[[2391,2392,2393,2394,2395,-486]],"properties":{"市区町村名":"奥尻郡奥尻町","大字名":null,"丁目名":null,"小字名":"字宮津","地番":"320-2","精度区分":null,"座標系":"任意座標系"}},{"type":"Polygon","arcs":[[2396,-555,-2196,-2193]],"properties":{"市区町村名":"奥尻郡奥尻町","大字名":null,"丁目名":null,"小字名":"字宮津","地番":"319-3","精度区分":null,"座標系":"任意座標系"}},{"type":"Polygon","arcs":[[-556,-2397,-2192]],"properties":{"市区町村名":"奥尻郡奥尻町","大字名":null,"丁目名":null,"小字名":"字宮津","地番":"319-2","精度区分":null,"座標系":"任意座標系"}},{"type":"Polygon","arcs":[[2397,2398,-489]],"properties":{"市区町村名":"奥尻郡奥尻町","大字名":null,"丁目名":null,"小字名":"字宮津","地番":"320-4","精度区分":null,"座標系":"任意座標系"}},{"type":"Polygon","arcs":[[2399,2400,2401,2402,2403,-491,2404]],"properties":{"市区町村名":"奥尻郡奥尻町","大字名":null,"丁目名":null,"小字名":"字宮津","地番":"320-1","精度区分":null,"座標系":"任意座標系"}},{"type":"Polygon","arcs":[[2405,-2403,2406,2407,-493]],"properties":{"市区町村名":"奥尻郡奥尻町","大字名":null,"丁目名":null,"小字名":"字宮津","地番":"298","精度区分":null,"座標系":"任意座標系"}},{"type":"Polygon","arcs":[[2408,2409,2410,-282,2411,-477,-306,-495]],"properties":{"市区町村名":"奥尻郡奥尻町","大字名":null,"丁目名":null,"小字名":"字宮津","地番":"道-45","精度区分":null,"座標系":"任意座標系"}},{"type":"Polygon","arcs":[[-483,2412,2413,2414,2415,-496,-308]],"properties":{"市区町村名":"奥尻郡奥尻町","大字名":null,"丁目名":null,"小字名":"字宮津","地番":"295-4","精度区分":null,"座標系":"任意座標系"}},{"type":"Polygon","arcs":[[2416,2417,-498,2418]],"properties":{"市区町村名":"奥尻郡奥尻町","大字名":null,"丁目名":null,"小字名":"字宮津","地番":"295-6","精度区分":null,"座標系":"任意座標系"}},{"type":"Polygon","arcs":[[2419,2420,-502]],"properties":{"市区町村名":"奥尻郡奥尻町","大字名":null,"丁目名":null,"小字名":"字宮津","地番":"73-15","精度区分":null,"座標系":"任意座標系"}},{"type":"Polygon","arcs":[[2421,-288,-304,-503,-2421]],"properties":{"市区町村名":"奥尻郡奥尻町","大字名":null,"丁目名":null,"小字名":"字宮津","地番":"73-6","精度区分":null,"座標系":"任意座標系"}},{"type":"Polygon","arcs":[[-301,2422,2423,-504]],"properties":{"市区町村名":"奥尻郡奥尻町","大字名":null,"丁目名":null,"小字名":"字宮津","地番":"70","精度区分":null,"座標系":"任意座標系"}},{"type":"Polygon","arcs":[[-2424,2424,2425,-505]],"properties":{"市区町村名":"奥尻郡奥尻町","大字名":null,"丁目名":null,"小字名":"字宮津","地番":"68-1","精度区分":null,"座標系":"任意座標系"}},{"type":"Polygon","arcs":[[2426,2427,2428,-2425]],"properties":{"市区町村名":"奥尻郡奥尻町","大字名":null,"丁目名":null,"小字名":"字宮津","地番":"69-1","精度区分":null,"座標系":"任意座標系"}},{"type":"Polygon","arcs":[[2429,-2427,-2423,-300]],"properties":{"市区町村名":"奥尻郡奥尻町","大字名":null,"丁目名":null,"小字名":"字宮津","地番":"77","精度区分":null,"座標系":"任意座標系"}},{"type":"Polygon","arcs":[[-2429,2430,2431]],"properties":{"市区町村名":"奥尻郡奥尻町","大字名":null,"丁目名":null,"小字名":"字宮津","地番":"69-2","精度区分":null,"座標系":"任意座標系"}},{"type":"Polygon","arcs":[[-2426,-2432,2432,-506]],"properties":{"市区町村名":"奥尻郡奥尻町","大字名":null,"丁目名":null,"小字名":"字宮津","地番":"68-2","精度区分":null,"座標系":"任意座標系"}},{"type":"Polygon","arcs":[[2433,2434,-2417,-2415]],"properties":{"市区町村名":"奥尻郡奥尻町","大字名":null,"丁目名":null,"小字名":"字宮津","地番":"295-2","精度区分":null,"座標系":"任意座標系"}},{"type":"Polygon","arcs":[[2435,2436,-500,2437]],"properties":{"市区町村名":"奥尻郡奥尻町","大字名":null,"丁目名":null,"小字名":"字宮津","地番":"73-14","精度区分":null,"座標系":"任意座標系"}},{"type":"Polygon","arcs":[[2438,-290,2439,-2436]],"properties":{"市区町村名":"奥尻郡奥尻町","大字名":null,"丁目名":null,"小字名":"字宮津","地番":"73-5","精度区分":null,"座標系":"任意座標系"}},{"type":"Polygon","arcs":[[2440,2441,-2405,-490,-2399,2442,2443]],"properties":{"市区町村名":"奥尻郡奥尻町","大字名":null,"丁目名":null,"小字名":"字宮津","地番":"320-7","精度区分":null,"座標系":"任意座標系"}},{"type":"Polygon","arcs":[[2444,-2400,-2442]],"properties":{"市区町村名":"奥尻郡奥尻町","大字名":null,"丁目名":null,"小字名":"字宮津","地番":"320-5","精度区分":null,"座標系":"任意座標系"}},{"type":"Polygon","arcs":[[-481,2445,-298,-305,-295]],"properties":{"市区町村名":"奥尻郡奥尻町","大字名":null,"丁目名":null,"小字名":"字宮津","地番":"76","精度区分":null,"座標系":"任意座標系"}},{"type":"Polygon","arcs":[[2446,-292,-2434,-2414]],"properties":{"市区町村名":"奥尻郡奥尻町","大字名":null,"丁目名":null,"小字名":"字宮津","地番":"295-1","精度区分":null,"座標系":"任意座標系"}},{"type":"Polygon","arcs":[[-482,-293,-285,-2447,-2413]],"properties":{"市区町村名":"奥尻郡奥尻町","大字名":null,"丁目名":null,"小字名":"字宮津","地番":"295-3","精度区分":null,"座標系":"任意座標系"}},{"type":"Polygon","arcs":[[2447,-2438,-499,-2418]],"properties":{"市区町村名":"奥尻郡奥尻町","大字名":null,"丁目名":null,"小字名":"字宮津","地番":"73-16","精度区分":null,"座標系":"任意座標系"}},{"type":"Polygon","arcs":[[-2416,-2419,-497]],"properties":{"市区町村名":"奥尻郡奥尻町","大字名":null,"丁目名":null,"小字名":"字宮津","地番":"295-5","精度区分":null,"座標系":"任意座標系"}},{"type":"Polygon","arcs":[[2448,-2420,-501,-2437]],"properties":{"市区町村名":"奥尻郡奥尻町","大字名":null,"丁目名":null,"小字名":"字宮津","地番":"73-13","精度区分":null,"座標系":"任意座標系"}},{"type":"Polygon","arcs":[[-289,-2422,-2449,-2440]],"properties":{"市区町村名":"奥尻郡奥尻町","大字名":null,"丁目名":null,"小字名":"字宮津","地番":"73-2","精度区分":null,"座標系":"任意座標系"}},{"type":"Polygon","arcs":[[-2408,2449,-2409,-494]],"properties":{"市区町村名":"奥尻郡奥尻町","大字名":null,"丁目名":null,"小字名":"字宮津","地番":"297","精度区分":null,"座標系":"任意座標系"}},{"type":"Polygon","arcs":[[2450,-281,-479]],"properties":{"市区町村名":"奥尻郡奥尻町","大字名":null,"丁目名":null,"小字名":"字宮津","地番":"293","精度区分":null,"座標系":"任意座標系"}},{"type":"Polygon","arcs":[[-2412,-2451,-478]],"properties":{"市区町村名":"奥尻郡奥尻町","大字名":null,"丁目名":null,"小字名":"字宮津","地番":"291","精度区分":null,"座標系":"任意座標系"}},{"type":"Polygon","arcs":[[2451,2452]],"properties":{"市区町村名":"奥尻郡奥尻町","大字名":null,"丁目名":null,"小字名":"字宮津","地番":"324-2","精度区分":null,"座標系":"任意座標系"}},{"type":"Polygon","arcs":[[-1400,2453,2454,2455,2456,2457,2458,2459,2460,2461]],"properties":{"市区町村名":"奥尻郡奥尻町","大字名":null,"丁目名":null,"小字名":"字宮津","地番":"324-1","精度区分":null,"座標系":"任意座標系"}},{"type":"Polygon","arcs":[[2462,-2456,2463]],"properties":{"市区町村名":"奥尻郡奥尻町","大字名":null,"丁目名":null,"小字名":"字宮津","地番":"324-6","精度区分":null,"座標系":"任意座標系"}},{"type":"Polygon","arcs":[[-2459,2464]],"properties":{"市区町村名":"奥尻郡奥尻町","大字名":null,"丁目名":null,"小字名":"字宮津","地番":"324-4","精度区分":null,"座標系":"任意座標系"}},{"type":"Polygon","arcs":[[-2461,2465,-2452,2466]],"properties":{"市区町村名":"奥尻郡奥尻町","大字名":null,"丁目名":null,"小字名":"字宮津","地番":"324-3","精度区分":null,"座標系":"任意座標系"}},{"type":"Polygon","arcs":[[2467,-2444,2468,2469,2470]],"properties":{"市区町村名":"奥尻郡奥尻町","大字名":null,"丁目名":null,"小字名":"字宮津","地番":"320-10","精度区分":null,"座標系":"任意座標系"}},{"type":"Polygon","arcs":[[-2469,2471,-487,-2396]],"properties":{"市区町村名":"奥尻郡奥尻町","大字名":null,"丁目名":null,"小字名":"字宮津","地番":"320-3","精度区分":null,"座標系":"任意座標系"}},{"type":"Polygon","arcs":[[-2443,-2398,-488,-2472]],"properties":{"市区町村名":"奥尻郡奥尻町","大字名":null,"丁目名":null,"小字名":"字宮津","地番":"320-6","精度区分":null,"座標系":"任意座標系"}},{"type":"Polygon","arcs":[[-2470,-2395]],"properties":{"市区町村名":"奥尻郡奥尻町","大字名":null,"丁目名":null,"小字名":"字宮津","地番":"320-8","精度区分":null,"座標系":"任意座標系"}},{"type":"Polygon","arcs":[[-2394,2472,-2471]],"properties":{"市区町村名":"奥尻郡奥尻町","大字名":null,"丁目名":null,"小字名":"字宮津","地番":"320-9","精度区分":null,"座標系":"任意座標系"}},{"type":"Polygon","arcs":[[-2404,-2406,-492]],"properties":{"市区町村名":"奥尻郡奥尻町","大字名":null,"丁目名":null,"小字名":"字宮津","地番":"299","精度区分":null,"座標系":"任意座標系"}},{"type":"Polygon","arcs":[[2473,2474]],"properties":{"市区町村名":"奥尻郡奥尻町","大字名":null,"丁目名":null,"小字名":"字宮津","地番":"289","精度区分":null,"座標系":"任意座標系"}},{"type":"Polygon","arcs":[[-2457,-2463,2475]],"properties":{"市区町村名":"奥尻郡奥尻町","大字名":null,"丁目名":null,"小字名":"字宮津","地番":"324-5","精度区分":null,"座標系":"任意座標系"}},{"type":"Polygon","arcs":[[-1398,2476]],"properties":{"市区町村名":"奥尻郡奥尻町","大字名":null,"丁目名":null,"小字名":"字宮津","地番":"325","精度区分":null,"座標系":"任意座標系"}},{"type":"Polygon","arcs":[[-474,2477,2478,2479]],"properties":{"市区町村名":"奥尻郡奥尻町","大字名":null,"丁目名":null,"小字名":"字宮津","地番":"326","精度区分":null,"座標系":"任意座標系"}},{"type":"Polygon","arcs":[[-2479,2480,2481,2482]],"properties":{"市区町村名":"奥尻郡奥尻町","大字名":null,"丁目名":null,"小字名":"字宮津","地番":"水-22","精度区分":null,"座標系":"任意座標系"}},{"type":"Polygon","arcs":[[-2482,2483]],"properties":{"市区町村名":"奥尻郡奥尻町","大字名":null,"丁目名":null,"小字名":"字宮津","地番":"323","精度区分":null,"座標系":"任意座標系"}},{"type":"Polygon","arcs":[[2484,2485,2486]],"properties":{"市区町村名":"奥尻郡奥尻町","大字名":null,"丁目名":null,"小字名":"字宮津","地番":"287","精度区分":null,"座標系":"任意座標系"}},{"type":"Polygon","arcs":[[2487,2488]],"properties":{"市区町村名":"奥尻郡奥尻町","大字名":null,"丁目名":null,"小字名":"字宮津","地番":"284","精度区分":null,"座標系":"任意座標系"}},{"type":"Polygon","arcs":[[2489,2490,-2488,2491,-2486,2492]],"properties":{"市区町村名":"奥尻郡奥尻町","大字名":null,"丁目名":null,"小字名":"字宮津","地番":"水-23","精度区分":null,"座標系":"任意座標系"}},{"type":"Polygon","arcs":[[2493,-2490]],"properties":{"市区町村名":"奥尻郡奥尻町","大字名":null,"丁目名":null,"小字名":"字宮津","地番":"285","精度区分":null,"座標系":"任意座標系"}},{"type":"Polygon","arcs":[[2494,-1396,2495,2496,2497]],"properties":{"市区町村名":"奥尻郡奥尻町","大字名":null,"丁目名":null,"小字名":"字宮津","地番":"269","精度区分":null,"座標系":"任意座標系"}},{"type":"Polygon","arcs":[[2498,2499]],"properties":{"市区町村名":"奥尻郡奥尻町","大字名":null,"丁目名":null,"小字名":"字宮津","地番":"286","精度区分":null,"座標系":"任意座標系"}},{"type":"Polygon","arcs":[[-2497,2500,-2499,2501]],"properties":{"市区町村名":"奥尻郡奥尻町","大字名":null,"丁目名":null,"小字名":"字宮津","地番":"水-24","精度区分":null,"座標系":"任意座標系"}},{"type":"Polygon","arcs":[[-2052,-2045,2502,-2174,2503]],"properties":{"市区町村名":"奥尻郡奥尻町","大字名":null,"丁目名":null,"小字名":"字宮津","地番":"328-3","精度区分":null,"座標系":"任意座標系"}},{"type":"Polygon","arcs":[[-2101,2504,-2126,2505,-2104]],"properties":{"市区町村名":"奥尻郡奥尻町","大字名":null,"丁目名":null,"小字名":"字宮津","地番":"274","精度区分":null,"座標系":"任意座標系"}},{"type":"Polygon","arcs":[[-2124,-2106]],"properties":{"市区町村名":"奥尻郡奥尻町","大字名":null,"丁目名":null,"小字名":"字宮津","地番":"263-2","精度区分":null,"座標系":"任意座標系"}},{"type":"Polygon","arcs":[[-2128,2506,-2111]],"properties":{"市区町村名":"奥尻郡奥尻町","大字名":null,"丁目名":null,"小字名":"字宮津","地番":"261","精度区分":null,"座標系":"任意座標系"}},{"type":"Polygon","arcs":[[2507,2508]],"properties":{"市区町村名":"奥尻郡奥尻町","大字名":null,"丁目名":null,"小字名":"字宮津","地番":"281","精度区分":null,"座標系":"任意座標系"}},{"type":"Polygon","arcs":[[2509,-2115,2510,2511]],"properties":{"市区町村名":"奥尻郡奥尻町","大字名":null,"丁目名":null,"小字名":"字宮津","地番":"279","精度区分":null,"座標系":"任意座標系"}},{"type":"Polygon","arcs":[[-2510,2512,2513,-2116]],"properties":{"市区町村名":"奥尻郡奥尻町","大字名":null,"丁目名":null,"小字名":"字宮津","地番":"276","精度区分":null,"座標系":"任意座標系"}},{"type":"Polygon","arcs":[[2514,-2117,-2514,2515,2516]],"properties":{"市区町村名":"奥尻郡奥尻町","大字名":null,"丁目名":null,"小字名":"字宮津","地番":"277","精度区分":null,"座標系":"任意座標系"}},{"type":"Polygon","arcs":[[-1393,-2103,-2118,-2515,2517]],"properties":{"市区町村名":"奥尻郡奥尻町","大字名":null,"丁目名":null,"小字名":"字宮津","地番":"283","精度区分":null,"座標系":"任意座標系"}},{"type":"Polygon","arcs":[[-2516,-2513,-2512,2518]],"properties":{"市区町村名":"奥尻郡奥尻町","大字名":null,"丁目名":null,"小字名":"字宮津","地番":"278","精度区分":null,"座標系":"任意座標系"}},{"type":"Polygon","arcs":[[2519,2520]],"properties":{"市区町村名":"奥尻郡奥尻町","大字名":null,"丁目名":null,"小字名":"字宮津","地番":"282","精度区分":null,"座標系":"任意座標系"}},{"type":"Polygon","arcs":[[2521,2522,-2520,2523]],"properties":{"市区町村名":"奥尻郡奥尻町","大字名":null,"丁目名":null,"小字名":"字宮津","地番":"水-25","精度区分":null,"座標系":"任意座標系"}},{"type":"Polygon","arcs":[[-2125,-2506]],"properties":{"市区町村名":"奥尻郡奥尻町","大字名":null,"丁目名":null,"小字名":"字宮津","地番":"275","精度区分":null,"座標系":"任意座標系"}},{"type":"Polygon","arcs":[[-291,-2439,-2448,-2435]],"properties":{"市区町村名":"奥尻郡奥尻町","大字名":null,"丁目名":null,"小字名":"字宮津","地番":"73-7","精度区分":null,"座標系":"任意座標系"}},{"type":"Polygon","arcs":[[-2350,-2314,-2353]],"properties":{"市区町村名":"奥尻郡奥尻町","大字名":null,"丁目名":null,"小字名":"字宮津","地番":"63-2","精度区分":null,"座標系":"任意座標系"}},{"type":"Polygon","arcs":[[-2254,-2252,-2261,-2258]],"properties":{"市区町村名":"奥尻郡奥尻町","大字名":null,"丁目名":null,"小字名":"字宮津","地番":"306-4","精度区分":null,"座標系":"任意座標系"}},{"type":"Polygon","arcs":[[2524,2525,2526,-1357,2527]],"properties":{"市区町村名":"奥尻郡奥尻町","大字名":null,"丁目名":null,"小字名":"字宮津","地番":"10-3","精度区分":null,"座標系":"任意座標系"}},{"type":"Polygon","arcs":[[2528,2529,-2230,2530,2531,2532,2533,2534,2535,2536,2537,-2527,2538]],"properties":{"市区町村名":"奥尻郡奥尻町","大字名":null,"丁目名":null,"小字名":"字宮津","地番":"11-3","精度区分":null,"座標系":"任意座標系"}},{"type":"Polygon","arcs":[[2539,2540,2541,2542,2543,2544,2545,-2539,-2526,2546]],"properties":{"市区町村名":"奥尻郡奥尻町","大字名":null,"丁目名":null,"小字名":"字宮津","地番":"11-7","精度区分":null,"座標系":"任意座標系"}},{"type":"Polygon","arcs":[[2547,2548,-2541,2549,2550]],"properties":{"市区町村名":"奥尻郡奥尻町","大字名":null,"丁目名":null,"小字名":"字宮津","地番":"11-17","精度区分":null,"座標系":"任意座標系"}},{"type":"Polygon","arcs":[[-562,2551,-2551]],"properties":{"市区町村名":"奥尻郡奥尻町","大字名":null,"丁目名":null,"小字名":"字宮津","地番":"10-7","精度区分":null,"座標系":"任意座標系"}},{"type":"Polygon","arcs":[[-564,-2547,-2525,2552]],"properties":{"市区町村名":"奥尻郡奥尻町","大字名":null,"丁目名":null,"小字名":"字宮津","地番":"10-4","精度区分":null,"座標系":"任意座標系"}},{"type":"Polygon","arcs":[[2553,2554,2555]],"properties":{"市区町村名":"奥尻郡奥尻町","大字名":null,"丁目名":null,"小字名":"字宮津","地番":"2-4","精度区分":null,"座標系":"任意座標系"}},{"type":"Polygon","arcs":[[-1352,2556,2557,2558,2559,2560,2561]],"properties":{"市区町村名":"奥尻郡奥尻町","大字名":null,"丁目名":null,"小字名":"字宮津","地番":"2-1","精度区分":null,"座標系":"任意座標系"}},{"type":"Polygon","arcs":[[-1353,-2562,2562,-2554,2563]],"properties":{"市区町村名":"奥尻郡奥尻町","大字名":null,"丁目名":null,"小字名":"字宮津","地番":"2-5","精度区分":null,"座標系":"任意座標系"}},{"type":"Polygon","arcs":[[2564,-59,2565]],"properties":{"市区町村名":"奥尻郡奥尻町","大字名":null,"丁目名":null,"小字名":"字球浦","地番":"143","精度区分":null,"座標系":"任意座標系"}},{"type":"Polygon","arcs":[[2566,2567,-57]],"properties":{"市区町村名":"奥尻郡奥尻町","大字名":null,"丁目名":null,"小字名":"字球浦","地番":"153","精度区分":null,"座標系":"任意座標系"}},{"type":"Polygon","arcs":[[2568,2569,2570,2571]],"properties":{"市区町村名":"奥尻郡奥尻町","大字名":null,"丁目名":null,"小字名":"字球浦","地番":"144-4","精度区分":null,"座標系":"任意座標系"}},{"type":"Polygon","arcs":[[2572,2573,2574,2575]],"properties":{"市区町村名":"奥尻郡奥尻町","大字名":null,"丁目名":null,"小字名":"字球浦","地番":"150-3","精度区分":null,"座標系":"任意座標系"}},{"type":"Polygon","arcs":[[2576,2577,2578,2579,2580,2581,2582]],"properties":{"市区町村名":"奥尻郡奥尻町","大字名":null,"丁目名":null,"小字名":"字宮津","地番":"4-1","精度区分":null,"座標系":"任意座標系"}},{"type":"Polygon","arcs":[[2583,-2577,-2560]],"properties":{"市区町村名":"奥尻郡奥尻町","大字名":null,"丁目名":null,"小字名":"字宮津","地番":"3-3","精度区分":null,"座標系":"任意座標系"}},{"type":"Polygon","arcs":[[2584,2585,-262,2586,2587]],"properties":{"市区町村名":"奥尻郡奥尻町","大字名":null,"丁目名":null,"小字名":"字宮津","地番":"4-4","精度区分":null,"座標系":"任意座標系"}},{"type":"Polygon","arcs":[[2588,2589,2590,2591,-2585,2592,2593]],"properties":{"市区町村名":"奥尻郡奥尻町","大字名":null,"丁目名":null,"小字名":"字宮津","地番":"3-1","精度区分":null,"座標系":"任意座標系"}},{"type":"Polygon","arcs":[[2594,2595,-252,-2586]],"properties":{"市区町村名":"奥尻郡奥尻町","大字名":null,"丁目名":null,"小字名":"字宮津","地番":"11-33","精度区分":null,"座標系":"任意座標系"}},{"type":"Polygon","arcs":[[2596,2597,2598,-2595,-2592]],"properties":{"市区町村名":"奥尻郡奥尻町","大字名":null,"丁目名":null,"小字名":"字宮津","地番":"11-32","精度区分":null,"座標系":"任意座標系"}},{"type":"Polygon","arcs":[[2599,2600,-2228,2601,2602,2603,2604,-1371,2605,2606,2607,2608,2609,2610,2611,2612,2613,2614,2615,2616,2617,2618,2619,2620,-253,-2596]],"properties":{"市区町村名":"奥尻郡奥尻町","大字名":null,"丁目名":null,"小字名":"字宮津","地番":"29-6","精度区分":null,"座標系":"任意座標系"}},{"type":"Polygon","arcs":[[2621,-2601,2622]],"properties":{"市区町村名":"奥尻郡奥尻町","大字名":null,"丁目名":null,"小字名":"字宮津","地番":"11-20","精度区分":null,"座標系":"任意座標系"}},{"type":"Polygon","arcs":[[2623,-2234,2624,2625,2626,2627,2628,2629,2630,2631,2632,2633,-558]],"properties":{"市区町村名":"奥尻郡奥尻町","大字名":null,"丁目名":null,"小字名":"字宮津","地番":"11-1","精度区分":null,"座標系":"任意座標系"}},{"type":"Polygon","arcs":[[-2235,-2624,-557,2634,-2180]],"properties":{"市区町村名":"奥尻郡奥尻町","大字名":null,"丁目名":null,"小字名":"字宮津","地番":"312","精度区分":null,"座標系":"任意座標系"}},{"type":"Polygon","arcs":[[2635,2636,2637,-1359]],"properties":{"市区町村名":"奥尻郡奥尻町","大字名":null,"丁目名":null,"小字名":"字球浦","地番":"158-3","精度区分":null,"座標系":"任意座標系"}},{"type":"Polygon","arcs":[[-2638,2638,2639,-1360]],"properties":{"市区町村名":"奥尻郡奥尻町","大字名":null,"丁目名":null,"小字名":"字球浦","地番":"158-4","精度区分":null,"座標系":"任意座標系"}},{"type":"Polygon","arcs":[[2640,2641,2642,2643,2644,2645,-263,-1362]],"properties":{"市区町村名":"奥尻郡奥尻町","大字名":null,"丁目名":null,"小字名":"字球浦","地番":"157-1","精度区分":null,"座標系":"任意座標系"}},{"type":"Polygon","arcs":[[2646,-2582,2647,2648]],"properties":{"市区町村名":"奥尻郡奥尻町","大字名":null,"丁目名":null,"小字名":"字宮津","地番":"1","精度区分":null,"座標系":"任意座標系"}},{"type":"Polygon","arcs":[[2649,2650,2651,2652]],"properties":{"市区町村名":"奥尻郡奥尻町","大字名":null,"丁目名":null,"小字名":"字宮津","地番":"5-4","精度区分":null,"座標系":"任意座標系"}},{"type":"Polygon","arcs":[[-2580,2653,-2651]],"properties":{"市区町村名":"奥尻郡奥尻町","大字名":null,"丁目名":null,"小字名":"字宮津","地番":"5-1","精度区分":null,"座標系":"任意座標系"}},{"type":"Polygon","arcs":[[2654,2655,2656,2657,2658,-2654]],"properties":{"市区町村名":"奥尻郡奥尻町","大字名":null,"丁目名":null,"小字名":"字宮津","地番":"5-2","精度区分":null,"座標系":"任意座標系"}},{"type":"Polygon","arcs":[[2659,2660,-2655,-2579]],"properties":{"市区町村名":"奥尻郡奥尻町","大字名":null,"丁目名":null,"小字名":"字宮津","地番":"4-6","精度区分":null,"座標系":"任意座標系"}},{"type":"Polygon","arcs":[[2661,2662,2663,2664]],"properties":{"市区町村名":"奥尻郡奥尻町","大字名":null,"丁目名":null,"小字名":"字宮津","地番":"8-4","精度区分":null,"座標系":"任意座標系"}},{"type":"Polygon","arcs":[[2665,2666,-2663,2667,2668]],"properties":{"市区町村名":"奥尻郡奥尻町","大字名":null,"丁目名":null,"小字名":"字宮津","地番":"22-1","精度区分":null,"座標系":"任意座標系"}},{"type":"Polygon","arcs":[[2669,2670,2671,2672,2673,2674,2675,2676,2677]],"properties":{"市区町村名":"奥尻郡奥尻町","大字名":null,"丁目名":null,"小字名":"字宮津","地番":"22-2","精度区分":null,"座標系":"任意座標系"}},{"type":"Polygon","arcs":[[-2673,2678]],"properties":{"市区町村名":"奥尻郡奥尻町","大字名":null,"丁目名":null,"小字名":"字宮津","地番":"23","精度区分":null,"座標系":"任意座標系"}},{"type":"Polygon","arcs":[[2679,2680,-2671,2681]],"properties":{"市区町村名":"奥尻郡奥尻町","大字名":null,"丁目名":null,"小字名":"字宮津","地番":"24-1","精度区分":null,"座標系":"任意座標系"}},{"type":"Polygon","arcs":[[2682,2683,2684,2685]],"properties":{"市区町村名":"奥尻郡奥尻町","大字名":null,"丁目名":null,"小字名":"字宮津","地番":"24-2","精度区分":null,"座標系":"任意座標系"}},{"type":"Polygon","arcs":[[2686,2687,2688,-2684]],"properties":{"市区町村名":"奥尻郡奥尻町","大字名":null,"丁目名":null,"小字名":"字宮津","地番":"22-5","精度区分":null,"座標系":"任意座標系"}},{"type":"Polygon","arcs":[[-2621,2689,2690,-254]],"properties":{"市区町村名":"奥尻郡奥尻町","大字名":null,"丁目名":null,"小字名":"字宮津","地番":"16-1","精度区分":null,"座標系":"任意座標系"}},{"type":"Polygon","arcs":[[-2619,2691,2692,2693]],"properties":{"市区町村名":"奥尻郡奥尻町","大字名":null,"丁目名":null,"小字名":"字宮津","地番":"16-3","精度区分":null,"座標系":"任意座標系"}},{"type":"Polygon","arcs":[[-2614,2694,2695,2696,2697,2698]],"properties":{"市区町村名":"奥尻郡奥尻町","大字名":null,"丁目名":null,"小字名":"字宮津","地番":"28-3","精度区分":null,"座標系":"任意座標系"}},{"type":"Polygon","arcs":[[2699,2700,2701]],"properties":{"市区町村名":"奥尻郡奥尻町","大字名":null,"丁目名":null,"小字名":"字宮津","地番":"27-3","精度区分":null,"座標系":"任意座標系"}},{"type":"Polygon","arcs":[[-2612,2702,2703,2704,2705,-2700]],"properties":{"市区町村名":"奥尻郡奥尻町","大字名":null,"丁目名":null,"小字名":"字宮津","地番":"39-7","精度区分":null,"座標系":"任意座標系"}},{"type":"Polygon","arcs":[[-2705,2706,2707,2708,2709,2710,2711,2712,2713,2714,-2335,2715,-250,2716,2717,2718]],"properties":{"市区町村名":"奥尻郡奥尻町","大字名":null,"丁目名":null,"小字名":"字宮津","地番":"長狭物不明-7","精度区分":null,"座標系":"任意座標系"}},{"type":"Polygon","arcs":[[-2718,2719]],"properties":{"市区町村名":"奥尻郡奥尻町","大字名":null,"丁目名":null,"小字名":"字宮津","地番":"35","精度区分":null,"座標系":"任意座標系"}},{"type":"Polygon","arcs":[[2720,2721,2722,2723]],"properties":{"市区町村名":"奥尻郡奥尻町","大字名":null,"丁目名":null,"小字名":"字宮津","地番":"48-2","精度区分":null,"座標系":"任意座標系"}},{"type":"Polygon","arcs":[[2724,2725,2726,-2723]],"properties":{"市区町村名":"奥尻郡奥尻町","大字名":null,"丁目名":null,"小字名":"字宮津","地番":"長狭物不明-8","精度区分":null,"座標系":"任意座標系"}},{"type":"Polygon","arcs":[[2727,2728,-2714,2729]],"properties":{"市区町村名":"奥尻郡奥尻町","大字名":null,"丁目名":null,"小字名":"字宮津","地番":"51-2","精度区分":null,"座標系":"任意座標系"}},{"type":"Polygon","arcs":[[2730,-2712,2731]],"properties":{"市区町村名":"奥尻郡奥尻町","大字名":null,"丁目名":null,"小字名":"字宮津","地番":"49-2","精度区分":null,"座標系":"任意座標系"}},{"type":"Polygon","arcs":[[2732,-2711,2733]],"properties":{"市区町村名":"奥尻郡奥尻町","大字名":null,"丁目名":null,"小字名":"字宮津","地番":"36-1","精度区分":null,"座標系":"任意座標系"}},{"type":"Polygon","arcs":[[2734,-2734,-2710,2735]],"properties":{"市区町村名":"奥尻郡奥尻町","大字名":null,"丁目名":null,"小字名":"字宮津","地番":"36-2","精度区分":null,"座標系":"任意座標系"}},{"type":"Polygon","arcs":[[2736,2737,2738,2739,-1367,-2704,2740]],"properties":{"市区町村名":"奥尻郡奥尻町","大字名":null,"丁目名":null,"小字名":"字宮津","地番":"39-3","精度区分":null,"座標系":"任意座標系"}},{"type":"Polygon","arcs":[[2741,2742,-2611,2743]],"properties":{"市区町村名":"奥尻郡奥尻町","大字名":null,"丁目名":null,"小字名":"字宮津","地番":"29-7","精度区分":null,"座標系":"任意座標系"}},{"type":"Polygon","arcs":[[-2225,2744,2745,-2744,-2610,2746,2747,2748,2749,2750,2751]],"properties":{"市区町村名":"奥尻郡奥尻町","大字名":null,"丁目名":null,"小字名":"字宮津","地番":"12-1","精度区分":null,"座標系":"任意座標系"}},{"type":"Polygon","arcs":[[2752,-2603,2753,-2227]],"properties":{"市区町村名":"奥尻郡奥尻町","大字名":null,"丁目名":null,"小字名":"字宮津","地番":"12-5","精度区分":null,"座標系":"任意座標系"}},{"type":"Polygon","arcs":[[-2754,-2602]],"properties":{"市区町村名":"奥尻郡奥尻町","大字名":null,"丁目名":null,"小字名":"字宮津","地番":"12-2","精度区分":null,"座標系":"任意座標系"}},{"type":"Polygon","arcs":[[-2222,-1383,2754]],"properties":{"市区町村名":"奥尻郡奥尻町","大字名":null,"丁目名":null,"小字名":"字宮津","地番":"30-2","精度区分":null,"座標系":"任意座標系"}},{"type":"Polygon","arcs":[[-1379,2755,2756,-1381,2757]],"properties":{"市区町村名":"奥尻郡奥尻町","大字名":null,"丁目名":null,"小字名":"字宮津","地番":"311-3","精度区分":null,"座標系":"任意座標系"}},{"type":"Polygon","arcs":[[-1380,-2758]],"properties":{"市区町村名":"奥尻郡奥尻町","大字名":null,"丁目名":null,"小字名":"字宮津","地番":"311-2","精度区分":null,"座標系":"任意座標系"}},{"type":"Polygon","arcs":[[-1388,-2219]],"properties":{"市区町村名":"奥尻郡奥尻町","大字名":null,"丁目名":null,"小字名":"字宮津","地番":"316-3","精度区分":null,"座標系":"任意座標系"}},{"type":"Polygon","arcs":[[2758,-1361,2759,2760,2761]],"properties":{"市区町村名":"奥尻郡奥尻町","大字名":null,"丁目名":null,"小字名":"字球浦","地番":"157-16","精度区分":null,"座標系":"任意座標系"}},{"type":"Polygon","arcs":[[2762,2763,2764,2765,2766,2767,-2760,-2640]],"properties":{"市区町村名":"奥尻郡奥尻町","大字名":null,"丁目名":null,"小字名":"字球浦","地番":"157-3","精度区分":null,"座標系":"任意座標系"}},{"type":"Polygon","arcs":[[-2768,2768]],"properties":{"市区町村名":"奥尻郡奥尻町","大字名":null,"丁目名":null,"小字名":"字球浦","地番":"157-22","精度区分":null,"座標系":"任意座標系"}},{"type":"Polygon","arcs":[[-2762,2769,2770,2771]],"properties":{"市区町村名":"奥尻郡奥尻町","大字名":null,"丁目名":null,"小字名":"字球浦","地番":"157-15","精度区分":null,"座標系":"任意座標系"}},{"type":"Polygon","arcs":[[-2642,2772,-2772,-36,2773,2774,2775,2776,2777,2778,2779]],"properties":{"市区町村名":"奥尻郡奥尻町","大字名":null,"丁目名":null,"小字名":"字球浦","地番":"157-5","精度区分":null,"座標系":"任意座標系"}},{"type":"Polygon","arcs":[[2780,2781,2782,2783,2784,-2778]],"properties":{"市区町村名":"奥尻郡奥尻町","大字名":null,"丁目名":null,"小字名":"字球浦","地番":"157-2","精度区分":null,"座標系":"任意座標系"}},{"type":"Polygon","arcs":[[2785,-2783,2786,2787]],"properties":{"市区町村名":"奥尻郡奥尻町","大字名":null,"丁目名":null,"小字名":"字球浦","地番":"157-4","精度区分":null,"座標系":"任意座標系"}},{"type":"Polygon","arcs":[[2788,2789,-2764,2790,2791]],"properties":{"市区町村名":"奥尻郡奥尻町","大字名":null,"丁目名":null,"小字名":"字球浦","地番":"157-9","精度区分":null,"座標系":"任意座標系"}},{"type":"Polygon","arcs":[[2792,2793,-2765,-2790,2794,-2775]],"properties":{"市区町村名":"奥尻郡奥尻町","大字名":null,"丁目名":null,"小字名":"字球浦","地番":"157-10","精度区分":null,"座標系":"任意座標系"}},{"type":"Polygon","arcs":[[2795,2796,-2766,-2794]],"properties":{"市区町村名":"奥尻郡奥尻町","大字名":null,"丁目名":null,"小字名":"字球浦","地番":"157-11","精度区分":null,"座標系":"任意座標系"}},{"type":"Polygon","arcs":[[2797,-2767,-2797,2798,-34,-2771]],"properties":{"市区町村名":"奥尻郡奥尻町","大字名":null,"丁目名":null,"小字名":"字球浦","地番":"157-13","精度区分":null,"座標系":"任意座標系"}},{"type":"Polygon","arcs":[[-2796,-2793,2799,-2799]],"properties":{"市区町村名":"奥尻郡奥尻町","大字名":null,"丁目名":null,"小字名":"字球浦","地番":"157-12","精度区分":null,"座標系":"任意座標系"}},{"type":"Polygon","arcs":[[2800,-2791,-2787,-2782]],"properties":{"市区町村名":"奥尻郡奥尻町","大字名":null,"丁目名":null,"小字名":"字球浦","地番":"157-6","精度区分":null,"座標系":"任意座標系"}},{"type":"Polygon","arcs":[[2801,2802,2803]],"properties":{"市区町村名":"奥尻郡奥尻町","大字名":null,"丁目名":null,"小字名":"字球浦","地番":"156-4","精度区分":null,"座標系":"任意座標系"}},{"type":"Polygon","arcs":[[-2646,2804,2805,2806,2807,2808,2809,-264]],"properties":{"市区町村名":"奥尻郡奥尻町","大字名":null,"丁目名":null,"小字名":"字球浦","地番":"146-3","精度区分":null,"座標系":"任意座標系"}},{"type":"Polygon","arcs":[[2810,2811,2812,2813]],"properties":{"市区町村名":"奥尻郡奥尻町","大字名":null,"丁目名":null,"小字名":"字球浦","地番":"144-9","精度区分":null,"座標系":"任意座標系"}},{"type":"Polygon","arcs":[[2814,2815,2816,2817]],"properties":{"市区町村名":"奥尻郡奥尻町","大字名":null,"丁目名":null,"小字名":"字球浦","地番":"144-7","精度区分":null,"座標系":"任意座標系"}},{"type":"Polygon","arcs":[[2818,2819,-2815,2820]],"properties":{"市区町村名":"奥尻郡奥尻町","大字名":null,"丁目名":null,"小字名":"字球浦","地番":"144-13","精度区分":null,"座標系":"任意座標系"}},{"type":"Polygon","arcs":[[2821,2822,2823,-2816]],"properties":{"市区町村名":"奥尻郡奥尻町","大字名":null,"丁目名":null,"小字名":"字球浦","地番":"144-6","精度区分":null,"座標系":"任意座標系"}},{"type":"Polygon","arcs":[[2824,-2822,-2820]],"properties":{"市区町村名":"奥尻郡奥尻町","大字名":null,"丁目名":null,"小字名":"字球浦","地番":"144-11","精度区分":null,"座標系":"任意座標系"}},{"type":"Polygon","arcs":[[2825,-2572,2826,-2823]],"properties":{"市区町村名":"奥尻郡奥尻町","大字名":null,"丁目名":null,"小字名":"字球浦","地番":"144-5","精度区分":null,"座標系":"任意座標系"}},{"type":"Polygon","arcs":[[2827,2828,2829,-2570]],"properties":{"市区町村名":"奥尻郡奥尻町","大字名":null,"丁目名":null,"小字名":"字球浦","地番":"144-3","精度区分":null,"座標系":"任意座標系"}},{"type":"Polygon","arcs":[[2830,2831,2832,2833,2834]],"properties":{"市区町村名":"奥尻郡奥尻町","大字名":null,"丁目名":null,"小字名":"字球浦","地番":"151-1","精度区分":null,"座標系":"任意座標系"}},{"type":"Polygon","arcs":[[2835,2836,2837,2838,2839,2840,2841,-2831]],"properties":{"市区町村名":"奥尻郡奥尻町","大字名":null,"丁目名":null,"小字名":"字球浦","地番":"149-1","精度区分":null,"座標系":"任意座標系"}},{"type":"Polygon","arcs":[[-2841,2842,2843,-2573,2844,2845]],"properties":{"市区町村名":"奥尻郡奥尻町","大字名":null,"丁目名":null,"小字名":"字球浦","地番":"150-2","精度区分":null,"座標系":"任意座標系"}},{"type":"Polygon","arcs":[[2846,2847,2848,-2829]],"properties":{"市区町村名":"奥尻郡奥尻町","大字名":null,"丁目名":null,"小字名":"字球浦","地番":"144-2","精度区分":null,"座標系":"任意座標系"}},{"type":"Polygon","arcs":[[-2840,2849,-2843]],"properties":{"市区町村名":"奥尻郡奥尻町","大字名":null,"丁目名":null,"小字名":"字球浦","地番":"149","精度区分":null,"座標系":"任意座標系"}},{"type":"Polygon","arcs":[[2850,-2643,-2780,2851,2852,2853,2854,2855,2856]],"properties":{"市区町村名":"奥尻郡奥尻町","大字名":null,"丁目名":null,"小字名":"字球浦","地番":"156-1","精度区分":null,"座標系":"任意座標系"}},{"type":"Polygon","arcs":[[2857,-2644,-2851,2858,2859]],"properties":{"市区町村名":"奥尻郡奥尻町","大字名":null,"丁目名":null,"小字名":"字球浦","地番":"148-1","精度区分":null,"座標系":"任意座標系"}},{"type":"Polygon","arcs":[[-2805,-2645,-2858,2860,2861]],"properties":{"市区町村名":"奥尻郡奥尻町","大字名":null,"丁目名":null,"小字名":"字球浦","地番":"148-3","精度区分":null,"座標系":"任意座標系"}},{"type":"Polygon","arcs":[[2862,-2838,2863,2864,-2806,-2862]],"properties":{"市区町村名":"奥尻郡奥尻町","大字名":null,"丁目名":null,"小字名":"字球浦","地番":"148-4","精度区分":null,"座標系":"任意座標系"}},{"type":"Polygon","arcs":[[2865,2866,2867,2868,2869]],"properties":{"市区町村名":"奥尻郡奥尻町","大字名":null,"丁目名":null,"小字名":"字球浦","地番":"146-8","精度区分":null,"座標系":"任意座標系"}},{"type":"Polygon","arcs":[[-2807,-2865,2870,2871]],"properties":{"市区町村名":"奥尻郡奥尻町","大字名":null,"丁目名":null,"小字名":"字球浦","地番":"146-10","精度区分":null,"座標系":"任意座標系"}},{"type":"Polygon","arcs":[[-2863,2872,-2859,2873,-2839]],"properties":{"市区町村名":"奥尻郡奥尻町","大字名":null,"丁目名":null,"小字名":"字球浦","地番":"148-5","精度区分":null,"座標系":"任意座標系"}},{"type":"Polygon","arcs":[[-2860,-2873,-2861]],"properties":{"市区町村名":"奥尻郡奥尻町","大字名":null,"丁目名":null,"小字名":"字球浦","地番":"148-6","精度区分":null,"座標系":"任意座標系"}},{"type":"Polygon","arcs":[[2874,-266,2875,2876,2877]],"properties":{"市区町村名":"奥尻郡奥尻町","大字名":null,"丁目名":null,"小字名":"字球浦","地番":"146-2","精度区分":null,"座標系":"任意座標系"}},{"type":"Polygon","arcs":[[2878,2879,2880]],"properties":{"市区町村名":"奥尻郡奥尻町","大字名":null,"丁目名":null,"小字名":"字球浦","地番":"146-4","精度区分":null,"座標系":"任意座標系"}},{"type":"Polygon","arcs":[[2881,-2866,2882,2883]],"properties":{"市区町村名":"奥尻郡奥尻町","大字名":null,"丁目名":null,"小字名":"字球浦","地番":"146-13","精度区分":null,"座標系":"任意座標系"}},{"type":"Polygon","arcs":[[-2878,2884,-2867,2885,-2879,2886]],"properties":{"市区町村名":"奥尻郡奥尻町","大字名":null,"丁目名":null,"小字名":"字球浦","地番":"146-12","精度区分":null,"座標系":"任意座標系"}},{"type":"Polygon","arcs":[[-2809,2887,-2868,-2885,-2877]],"properties":{"市区町村名":"奥尻郡奥尻町","大字名":null,"丁目名":null,"小字名":"字球浦","地番":"146-5","精度区分":null,"座標系":"任意座標系"}},{"type":"Polygon","arcs":[[-265,-2810,-2876]],"properties":{"市区町村名":"奥尻郡奥尻町","大字名":null,"丁目名":null,"小字名":"字球浦","地番":"146-6","精度区分":null,"座標系":"任意座標系"}},{"type":"Polygon","arcs":[[-2808,2888,-2888]],"properties":{"市区町村名":"奥尻郡奥尻町","大字名":null,"丁目名":null,"小字名":"字球浦","地番":"146-7","精度区分":null,"座標系":"任意座標系"}},{"type":"Polygon","arcs":[[-2869,-2889,-2872,2889]],"properties":{"市区町村名":"奥尻郡奥尻町","大字名":null,"丁目名":null,"小字名":"字球浦","地番":"146-9","精度区分":null,"座標系":"任意座標系"}},{"type":"Polygon","arcs":[[-2845,-2576,2890,-2833]],"properties":{"市区町村名":"奥尻郡奥尻町","大字名":null,"丁目名":null,"小字名":"字球浦","地番":"150-1","精度区分":null,"座標系":"任意座標系"}},{"type":"Polygon","arcs":[[-2854,2891,2892,2893,2894]],"properties":{"市区町村名":"奥尻郡奥尻町","大字名":null,"丁目名":null,"小字名":"字球浦","地番":"156-9","精度区分":null,"座標系":"任意座標系"}},{"type":"Polygon","arcs":[[-2852,-2779,-2785,2895,2896]],"properties":{"市区町村名":"奥尻郡奥尻町","大字名":null,"丁目名":null,"小字名":"字球浦","地番":"156-8","精度区分":null,"座標系":"任意座標系"}},{"type":"Polygon","arcs":[[2897,-2802,2898,-2786]],"properties":{"市区町村名":"奥尻郡奥尻町","大字名":null,"丁目名":null,"小字名":"字球浦","地番":"156-5","精度区分":null,"座標系":"任意座標系"}},{"type":"Polygon","arcs":[[-2856,2899,-2894,2900,2901]],"properties":{"市区町村名":"奥尻郡奥尻町","大字名":null,"丁目名":null,"小字名":"字球浦","地番":"156-10","精度区分":null,"座標系":"任意座標系"}},{"type":"Polygon","arcs":[[-2897,2902,-2892,-2853]],"properties":{"市区町村名":"奥尻郡奥尻町","大字名":null,"丁目名":null,"小字名":"字球浦","地番":"156-11","精度区分":null,"座標系":"任意座標系"}},{"type":"Polygon","arcs":[[-2761,-2769,-2798,-2770]],"properties":{"市区町村名":"奥尻郡奥尻町","大字名":null,"丁目名":null,"小字名":"字球浦","地番":"157-14","精度区分":null,"座標系":"任意座標系"}},{"type":"Polygon","arcs":[[-2800,-2774,-35]],"properties":{"市区町村名":"奥尻郡奥尻町","大字名":null,"丁目名":null,"小字名":"字球浦","地番":"157-19","精度区分":null,"座標系":"任意座標系"}},{"type":"Polygon","arcs":[[2903,2904,-2776]],"properties":{"市区町村名":"奥尻郡奥尻町","大字名":null,"丁目名":null,"小字名":"字球浦","地番":"157-20","精度区分":null,"座標系":"任意座標系"}},{"type":"Polygon","arcs":[[-2905,2905,-2777]],"properties":{"市区町村名":"奥尻郡奥尻町","大字名":null,"丁目名":null,"小字名":"字球浦","地番":"157-21","精度区分":null,"座標系":"任意座標系"}},{"type":"Polygon","arcs":[[2906,-2792,-2801,-2781,-2906]],"properties":{"市区町村名":"奥尻郡奥尻町","大字名":null,"丁目名":null,"小字名":"字球浦","地番":"157-7","精度区分":null,"座標系":"任意座標系"}},{"type":"Polygon","arcs":[[-2789,-2907,-2904,-2795]],"properties":{"市区町村名":"奥尻郡奥尻町","大字名":null,"丁目名":null,"小字名":"字球浦","地番":"157-8","精度区分":null,"座標系":"任意座標系"}},{"type":"Polygon","arcs":[[-566,2907]],"properties":{"市区町村名":"奥尻郡奥尻町","大字名":null,"丁目名":null,"小字名":"字宮津","地番":"10-6","精度区分":null,"座標系":"任意座標系"}},{"type":"Polygon","arcs":[[-2581,-2650,-2648]],"properties":{"市区町村名":"奥尻郡奥尻町","大字名":null,"丁目名":null,"小字名":"字宮津","地番":"4-7","精度区分":null,"座標系":"任意座標系"}},{"type":"Polygon","arcs":[[-2659,2908,-2652]],"properties":{"市区町村名":"奥尻郡奥尻町","大字名":null,"丁目名":null,"小字名":"字宮津","地番":"5-3","精度区分":null,"座標系":"任意座標系"}},{"type":"Polygon","arcs":[[2909,-2588,2910,2911,2912,-2660,-2578]],"properties":{"市区町村名":"奥尻郡奥尻町","大字名":null,"丁目名":null,"小字名":"字宮津","地番":"4-3","精度区分":null,"座標系":"任意座標系"}},{"type":"Polygon","arcs":[[2913,2914,-2656,-2661]],"properties":{"市区町村名":"奥尻郡奥尻町","大字名":null,"丁目名":null,"小字名":"字宮津","地番":"7-1","精度区分":null,"座標系":"任意座標系"}},{"type":"Polygon","arcs":[[2915,2916,-2914,-2913]],"properties":{"市区町村名":"奥尻郡奥尻町","大字名":null,"丁目名":null,"小字名":"字宮津","地番":"7-2","精度区分":null,"座標系":"任意座標系"}},{"type":"Polygon","arcs":[[2917,2918,2919,-2668,-2662]],"properties":{"市区町村名":"奥尻郡奥尻町","大字名":null,"丁目名":null,"小字名":"字宮津","地番":"8-8","精度区分":null,"座標系":"任意座標系"}},{"type":"Polygon","arcs":[[-260,2920,-2912,2921]],"properties":{"市区町村名":"奥尻郡奥尻町","大字名":null,"丁目名":null,"小字名":"字宮津","地番":"4-5","精度区分":null,"座標系":"任意座標系"}},{"type":"Polygon","arcs":[[-258,2922,2923,2924]],"properties":{"市区町村名":"奥尻郡奥尻町","大字名":null,"丁目名":null,"小字名":"字宮津","地番":"8-6","精度区分":null,"座標系":"任意座標系"}},{"type":"Polygon","arcs":[[-256,2925,2926,-2685,-2689,-2919,2927]],"properties":{"市区町村名":"奥尻郡奥尻町","大字名":null,"丁目名":null,"小字名":"字宮津","地番":"8-9","精度区分":null,"座標系":"任意座標系"}},{"type":"Polygon","arcs":[[-2691,2928,2929,2930,-2926,-255]],"properties":{"市区町村名":"奥尻郡奥尻町","大字名":null,"丁目名":null,"小字名":"字宮津","地番":"20","精度区分":null,"座標系":"任意座標系"}},{"type":"Polygon","arcs":[[2931,2932,2933,2934]],"properties":{"市区町村名":"奥尻郡奥尻町","大字名":null,"丁目名":null,"小字名":"字宮津","地番":"25-5","精度区分":null,"座標系":"任意座標系"}},{"type":"Polygon","arcs":[[-2929,2935,-2693,2936,-2617,2937,2938,2939,2940,-2932,2941,2942]],"properties":{"市区町村名":"奥尻郡奥尻町","大字名":null,"丁目名":null,"小字名":"字宮津","地番":"17-2","精度区分":null,"座標系":"任意座標系"}},{"type":"Polygon","arcs":[[-2939,2943,2944]],"properties":{"市区町村名":"奥尻郡奥尻町","大字名":null,"丁目名":null,"小字名":"字宮津","地番":"25-2","精度区分":null,"座標系":"任意座標系"}},{"type":"Polygon","arcs":[[-2934,-2682,2945,-2683]],"properties":{"市区町村名":"奥尻郡奥尻町","大字名":null,"丁目名":null,"小字名":"字宮津","地番":"24-3","精度区分":null,"座標系":"任意座標系"}},{"type":"Polygon","arcs":[[-2666,2946,-2687,-2946,-2670,2947,2948,2949]],"properties":{"市区町村名":"奥尻郡奥尻町","大字名":null,"丁目名":null,"小字名":"字宮津","地番":"22-3","精度区分":null,"座標系":"任意座標系"}},{"type":"Polygon","arcs":[[2950,2951,2952,-2949]],"properties":{"市区町村名":"奥尻郡奥尻町","大字名":null,"丁目名":null,"小字名":"字宮津","地番":"22-7","精度区分":null,"座標系":"任意座標系"}},{"type":"Polygon","arcs":[[-2927,-2931,2953,-2942,-2935,-2686]],"properties":{"市区町村名":"奥尻郡奥尻町","大字名":null,"丁目名":null,"小字名":"字宮津","地番":"25-4","精度区分":null,"座標系":"任意座標系"}},{"type":"Polygon","arcs":[[2954,2955,2956,-2657,-2915]],"properties":{"市区町村名":"奥尻郡奥尻町","大字名":null,"丁目名":null,"小字名":"字宮津","地番":"8-1","精度区分":null,"座標系":"任意座標系"}},{"type":"Polygon","arcs":[[-2921,-259,-2925,-2916]],"properties":{"市区町村名":"奥尻郡奥尻町","大字名":null,"丁目名":null,"小字名":"字宮津","地番":"7-3","精度区分":null,"座標系":"任意座標系"}},{"type":"Polygon","arcs":[[-2593,-2910,-2584,-2559,2957]],"properties":{"市区町村名":"奥尻郡奥尻町","大字名":null,"丁目名":null,"小字名":"字宮津","地番":"3-2","精度区分":null,"座標系":"任意座標系"}},{"type":"Polygon","arcs":[[-261,-2922,-2911,-2587]],"properties":{"市区町村名":"奥尻郡奥尻町","大字名":null,"丁目名":null,"小字名":"字宮津","地番":"4-2","精度区分":null,"座標系":"任意座標系"}},{"type":"Polygon","arcs":[[2958,-2918,2959,2960]],"properties":{"市区町村名":"奥尻郡奥尻町","大字名":null,"丁目名":null,"小字名":"字宮津","地番":"8-7","精度区分":null,"座標系":"任意座標系"}},{"type":"Polygon","arcs":[[-257,-2928,-2959,-2923]],"properties":{"市区町村名":"奥尻郡奥尻町","大字名":null,"丁目名":null,"小字名":"字宮津","地番":"8-2","精度区分":null,"座標系":"任意座標系"}},{"type":"Polygon","arcs":[[-2688,-2947,-2669,-2920]],"properties":{"市区町村名":"奥尻郡奥尻町","大字名":null,"丁目名":null,"小字名":"字宮津","地番":"22-4","精度区分":null,"座標系":"任意座標系"}},{"type":"Polygon","arcs":[[-2678,2961,-2676,2962,-2951,-2948]],"properties":{"市区町村名":"奥尻郡奥尻町","大字名":null,"丁目名":null,"小字名":"字宮津","地番":"22-6","精度区分":null,"座標系":"任意座標系"}},{"type":"Polygon","arcs":[[-2677,-2962]],"properties":{"市区町村名":"奥尻郡奥尻町","大字名":null,"丁目名":null,"小字名":"字宮津","地番":"22-8","精度区分":null,"座標系":"任意座標系"}},{"type":"Polygon","arcs":[[-2963,-2675,2963,-2952]],"properties":{"市区町村名":"奥尻郡奥尻町","大字名":null,"丁目名":null,"小字名":"字宮津","地番":"22-9","精度区分":null,"座標系":"任意座標系"}},{"type":"Polygon","arcs":[[-2941,2964,-2945,2965,-2680,-2933]],"properties":{"市区町村名":"奥尻郡奥尻町","大字名":null,"丁目名":null,"小字名":"字宮津","地番":"25-1","精度区分":null,"座標系":"任意座標系"}},{"type":"Polygon","arcs":[[-2940,-2965]],"properties":{"市区町村名":"奥尻郡奥尻町","大字名":null,"丁目名":null,"小字名":"字宮津","地番":"25-3","精度区分":null,"座標系":"任意座標系"}},{"type":"Polygon","arcs":[[-2618,-2937,-2692]],"properties":{"市区町村名":"奥尻郡奥尻町","大字名":null,"丁目名":null,"小字名":"字宮津","地番":"16-2","精度区分":null,"座標系":"任意座標系"}},{"type":"Polygon","arcs":[[-2620,-2694,-2936,-2690]],"properties":{"市区町村名":"奥尻郡奥尻町","大字名":null,"丁目名":null,"小字名":"字宮津","地番":"16-4","精度区分":null,"座標系":"任意座標系"}},{"type":"Polygon","arcs":[[-2943,-2954,-2930]],"properties":{"市区町村名":"奥尻郡奥尻町","大字名":null,"丁目名":null,"小字名":"字宮津","地番":"17-1","精度区分":null,"座標系":"任意座標系"}},{"type":"Polygon","arcs":[[2966,-2534,2967,-2597,-2591]],"properties":{"市区町村名":"奥尻郡奥尻町","大字名":null,"丁目名":null,"小字名":"字宮津","地番":"11-2","精度区分":null,"座標系":"任意座標系"}},{"type":"Polygon","arcs":[[-2531,-2229,-2622,2968]],"properties":{"市区町村名":"奥尻郡奥尻町","大字名":null,"丁目名":null,"小字名":"字宮津","地番":"11-8","精度区分":null,"座標系":"任意座標系"}},{"type":"Polygon","arcs":[[-2533,2969,-2598,-2968]],"properties":{"市区町村名":"奥尻郡奥尻町","大字名":null,"丁目名":null,"小字名":"字宮津","地番":"11-36","精度区分":null,"座標系":"任意座標系"}},{"type":"Polygon","arcs":[[-2970,-2532,-2969,-2623,-2600,-2599]],"properties":{"市区町村名":"奥尻郡奥尻町","大字名":null,"丁目名":null,"小字名":"字宮津","地番":"11-19","精度区分":null,"座標系":"任意座標系"}},{"type":"Polygon","arcs":[[-2226,-2752,2970,2971,-2604,-2753]],"properties":{"市区町村名":"奥尻郡奥尻町","大字名":null,"丁目名":null,"小字名":"字宮津","地番":"12-3","精度区分":null,"座標系":"任意座標系"}},{"type":"Polygon","arcs":[[2972,2973,2974]],"properties":{"市区町村名":"奥尻郡奥尻町","大字名":null,"丁目名":null,"小字名":"字宮津","地番":"15-1","精度区分":null,"座標系":"任意座標系"}},{"type":"Polygon","arcs":[[-2606,-1370,-2973,-2750,2975]],"properties":{"市区町村名":"奥尻郡奥尻町","大字名":null,"丁目名":null,"小字名":"字宮津","地番":"14-3","精度区分":null,"座標系":"任意座標系"}},{"type":"Polygon","arcs":[[-1372,-2605,-2972,2976,-2974]],"properties":{"市区町村名":"奥尻郡奥尻町","大字名":null,"丁目名":null,"小字名":"字宮津","地番":"15-2","精度区分":null,"座標系":"任意座標系"}},{"type":"Polygon","arcs":[[-2748,2977,-2608,2978]],"properties":{"市区町村名":"奥尻郡奥尻町","大字名":null,"丁目名":null,"小字名":"字宮津","地番":"14-1","精度区分":null,"座標系":"任意座標系"}},{"type":"Polygon","arcs":[[-2747,-2609,-2978]],"properties":{"市区町村名":"奥尻郡奥尻町","大字名":null,"丁目名":null,"小字名":"字宮津","地番":"13","精度区分":null,"座標系":"任意座標系"}},{"type":"Polygon","arcs":[[-2979,-2607,-2976,-2749]],"properties":{"市区町村名":"奥尻郡奥尻町","大字名":null,"丁目名":null,"小字名":"字宮津","地番":"14-4","精度区分":null,"座標系":"任意座標系"}},{"type":"Polygon","arcs":[[-2751,-2975,-2977,-2971]],"properties":{"市区町村名":"奥尻郡奥尻町","大字名":null,"丁目名":null,"小字名":"字宮津","地番":"12-4","精度区分":null,"座標系":"任意座標系"}},{"type":"Polygon","arcs":[[2979,-2545,2980,2981]],"properties":{"市区町村名":"奥尻郡奥尻町","大字名":null,"丁目名":null,"小字名":"字宮津","地番":"11-13","精度区分":null,"座標系":"任意座標系"}},{"type":"Polygon","arcs":[[2982,2983,-2542,-2549,2984]],"properties":{"市区町村名":"奥尻郡奥尻町","大字名":null,"丁目名":null,"小字名":"字宮津","地番":"11-21","精度区分":null,"座標系":"任意座標系"}},{"type":"Polygon","arcs":[[2985,2986,2987,-2985,-2548]],"properties":{"市区町村名":"奥尻郡奥尻町","大字名":null,"丁目名":null,"小字名":"字宮津","地番":"11-22","精度区分":null,"座標系":"任意座標系"}},{"type":"Polygon","arcs":[[-2988,2988,2989,-2983]],"properties":{"市区町村名":"奥尻郡奥尻町","大字名":null,"丁目名":null,"小字名":"字宮津","地番":"11-23","精度区分":null,"座標系":"任意座標系"}},{"type":"Polygon","arcs":[[-2986,-2552,-561]],"properties":{"市区町村名":"奥尻郡奥尻町","大字名":null,"丁目名":null,"小字名":"字宮津","地番":"10-8","精度区分":null,"座標系":"任意座標系"}},{"type":"Polygon","arcs":[[2990,-559]],"properties":{"市区町村名":"奥尻郡奥尻町","大字名":null,"丁目名":null,"小字名":"字宮津","地番":"10-9","精度区分":null,"座標系":"任意座標系"}},{"type":"Polygon","arcs":[[2991,2992,2993,2994,2995,-2627,2996,-2989,-2987,-560,2997,2998,2999]],"properties":{"市区町村名":"奥尻郡奥尻町","大字名":null,"丁目名":null,"小字名":"字宮津","地番":"11-24","精度区分":null,"座標系":"任意座標系"}},{"type":"Polygon","arcs":[[-2991,-2634,3000,3001,3002,3003,-2998]],"properties":{"市区町村名":"奥尻郡奥尻町","大字名":null,"丁目名":null,"小字名":"字宮津","地番":"11-25","精度区分":null,"座標系":"任意座標系"}},{"type":"Polygon","arcs":[[3004,-2999,-3004]],"properties":{"市区町村名":"奥尻郡奥尻町","大字名":null,"丁目名":null,"小字名":"字宮津","地番":"11-26","精度区分":null,"座標系":"任意座標系"}},{"type":"Polygon","arcs":[[3005,3006,-2993]],"properties":{"市区町村名":"奥尻郡奥尻町","大字名":null,"丁目名":null,"小字名":"字宮津","地番":"11-37","精度区分":null,"座標系":"任意座標系"}},{"type":"Polygon","arcs":[[3007,-3006,3008,3009,-2632]],"properties":{"市区町村名":"奥尻郡奥尻町","大字名":null,"丁目名":null,"小字名":"字宮津","地番":"11-38","精度区分":null,"座標系":"任意座標系"}},{"type":"Polygon","arcs":[[-3010,3010,-3001,-2633]],"properties":{"市区町村名":"奥尻郡奥尻町","大字名":null,"丁目名":null,"小字名":"字宮津","地番":"11-39","精度区分":null,"座標系":"任意座標系"}},{"type":"Polygon","arcs":[[3011,-2982,3012,-2543,-2984,-2990,-2997,3013]],"properties":{"市区町村名":"奥尻郡奥尻町","大字名":null,"丁目名":null,"小字名":"字宮津","地番":"11-15","精度区分":null,"座標系":"任意座標系"}},{"type":"Polygon","arcs":[[-2626,3014,-3014]],"properties":{"市区町村名":"奥尻郡奥尻町","大字名":null,"丁目名":null,"小字名":"字宮津","地番":"11-29","精度区分":null,"座標系":"任意座標系"}},{"type":"Polygon","arcs":[[-2625,-2233,3015,3016,-2980,-3012,-3015]],"properties":{"市区町村名":"奥尻郡奥尻町","大字名":null,"丁目名":null,"小字名":"字宮津","地番":"11-5","精度区分":null,"座標系":"任意座標系"}},{"type":"Polygon","arcs":[[-3017,3017,-2529,-2546]],"properties":{"市区町村名":"奥尻郡奥尻町","大字名":null,"丁目名":null,"小字名":"字宮津","地番":"11-10","精度区分":null,"座標系":"任意座標系"}},{"type":"Polygon","arcs":[[-3018,3018,-2231,-2530]],"properties":{"市区町村名":"奥尻郡奥尻町","大字名":null,"丁目名":null,"小字名":"字宮津","地番":"11-9","精度区分":null,"座標系":"任意座標系"}},{"type":"Polygon","arcs":[[-3016,-2232,-3019]],"properties":{"市区町村名":"奥尻郡奥尻町","大字名":null,"丁目名":null,"小字名":"字宮津","地番":"11-4","精度区分":null,"座標系":"任意座標系"}},{"type":"Polygon","arcs":[[-2981,-2544,-3013]],"properties":{"市区町村名":"奥尻郡奥尻町","大字名":null,"丁目名":null,"小字名":"字宮津","地番":"11-14","精度区分":null,"座標系":"任意座標系"}},{"type":"Polygon","arcs":[[-2631,3019,3020,-2994,-3007,-3008]],"properties":{"市区町村名":"奥尻郡奥尻町","大字名":null,"丁目名":null,"小字名":"字宮津","地番":"11-30","精度区分":null,"座標系":"任意座標系"}},{"type":"Polygon","arcs":[[-3003,3021,-3000,-3005]],"properties":{"市区町村名":"奥尻郡奥尻町","大字名":null,"丁目名":null,"小字名":"字宮津","地番":"11-27","精度区分":null,"座標系":"任意座標系"}},{"type":"Polygon","arcs":[[-3011,-3009,-2992,-3022,-3002]],"properties":{"市区町村名":"奥尻郡奥尻町","大字名":null,"丁目名":null,"小字名":"字宮津","地番":"11-28","精度区分":null,"座標系":"任意座標系"}},{"type":"Polygon","arcs":[[-2630,3022,-3020]],"properties":{"市区町村名":"奥尻郡奥尻町","大字名":null,"丁目名":null,"小字名":"字宮津","地番":"11-34","精度区分":null,"座標系":"任意座標系"}},{"type":"Polygon","arcs":[[-3021,-3023,-2629,3023,-2995]],"properties":{"市区町村名":"奥尻郡奥尻町","大字名":null,"丁目名":null,"小字名":"字宮津","地番":"11-31","精度区分":null,"座標系":"任意座標系"}},{"type":"Polygon","arcs":[[-3024,-2628,-2996]],"properties":{"市区町村名":"奥尻郡奥尻町","大字名":null,"丁目名":null,"小字名":"字宮津","地番":"11-35","精度区分":null,"座標系":"任意座標系"}},{"type":"Polygon","arcs":[[-1382,-2757,3024,-2223,-2755]],"properties":{"市区町村名":"奥尻郡奥尻町","大字名":null,"丁目名":null,"小字名":"字宮津","地番":"30-3","精度区分":null,"座標系":"任意座標系"}},{"type":"Polygon","arcs":[[-2212,3025,-2756]],"properties":{"市区町村名":"奥尻郡奥尻町","大字名":null,"丁目名":null,"小字名":"字宮津","地番":"311-1","精度区分":null,"座標系":"任意座標系"}},{"type":"Polygon","arcs":[[-3026,-2238,3026,3027,-2745,-2224,-3025]],"properties":{"市区町村名":"奥尻郡奥尻町","大字名":null,"丁目名":null,"小字名":"字宮津","地番":"30-1","精度区分":null,"座標系":"任意座標系"}},{"type":"Polygon","arcs":[[-3028,3028,-2742,-2746]],"properties":{"市区町村名":"奥尻郡奥尻町","大字名":null,"丁目名":null,"小字名":"字宮津","地番":"29-1","精度区分":null,"座標系":"任意座標系"}},{"type":"Polygon","arcs":[[-2615,-2699,3029,3030]],"properties":{"市区町村名":"奥尻郡奥尻町","大字名":null,"丁目名":null,"小字名":"字宮津","地番":"28-2","精度区分":null,"座標系":"任意座標系"}},{"type":"Polygon","arcs":[[3031,3032,3033,3034,3035,3036]],"properties":{"市区町村名":"奥尻郡奥尻町","大字名":null,"丁目名":null,"小字名":"字宮津","地番":"27-1","精度区分":null,"座標系":"任意座標系"}},{"type":"Polygon","arcs":[[3037,3038,-3036]],"properties":{"市区町村名":"奥尻郡奥尻町","大字名":null,"丁目名":null,"小字名":"字宮津","地番":"34-1","精度区分":null,"座標系":"任意座標系"}},{"type":"Polygon","arcs":[[3039,-2706,3040]],"properties":{"市区町村名":"奥尻郡奥尻町","大字名":null,"丁目名":null,"小字名":"字宮津","地番":"33","精度区分":null,"座標系":"任意座標系"}},{"type":"Polygon","arcs":[[3041,3042,-3040]],"properties":{"市区町村名":"奥尻郡奥尻町","大字名":null,"丁目名":null,"小字名":"字宮津","地番":"34-2","精度区分":null,"座標系":"任意座標系"}},{"type":"Polygon","arcs":[[-2613,-2702,3043,3044,3045,-2695]],"properties":{"市区町村名":"奥尻郡奥尻町","大字名":null,"丁目名":null,"小字名":"字宮津","地番":"29-8","精度区分":null,"座標系":"任意座標系"}},{"type":"Polygon","arcs":[[-3044,3046,3047,3048,3049,3050]],"properties":{"市区町村名":"奥尻郡奥尻町","大字名":null,"丁目名":null,"小字名":"字宮津","地番":"29-3","精度区分":null,"座標系":"任意座標系"}},{"type":"Polygon","arcs":[[-3045,-3051,3051,3052]],"properties":{"市区町村名":"奥尻郡奥尻町","大字名":null,"丁目名":null,"小字名":"字宮津","地番":"29-5","精度区分":null,"座標系":"任意座標系"}},{"type":"Polygon","arcs":[[3053,3054,3055,3056,3057,3058]],"properties":{"市区町村名":"奥尻郡奥尻町","大字名":null,"丁目名":null,"小字名":"字宮津","地番":"27-2","精度区分":null,"座標系":"任意座標系"}},{"type":"Polygon","arcs":[[3059,-3058,3060,-3050,3061,-3032,3062]],"properties":{"市区町村名":"奥尻郡奥尻町","大字名":null,"丁目名":null,"小字名":"字宮津","地番":"27-4","精度区分":null,"座標系":"任意座標系"}},{"type":"Polygon","arcs":[[-3030,3063,-3059,-3060,3064]],"properties":{"市区町村名":"奥尻郡奥尻町","大字名":null,"丁目名":null,"小字名":"字宮津","地番":"27-6","精度区分":null,"座標系":"任意座標系"}},{"type":"Polygon","arcs":[[-2698,-3054,-3064]],"properties":{"市区町村名":"奥尻郡奥尻町","大字名":null,"丁目名":null,"小字名":"字宮津","地番":"27-10","精度区分":null,"座標系":"任意座標系"}},{"type":"Polygon","arcs":[[-2697,3065,-3055]],"properties":{"市区町村名":"奥尻郡奥尻町","大字名":null,"丁目名":null,"小字名":"字宮津","地番":"28-1","精度区分":null,"座標系":"任意座標系"}},{"type":"Polygon","arcs":[[-3062,-3049,-3033]],"properties":{"市区町村名":"奥尻郡奥尻町","大字名":null,"丁目名":null,"小字名":"字宮津","地番":"27-9","精度区分":null,"座標系":"任意座標系"}},{"type":"Polygon","arcs":[[-3048,3066,-3034]],"properties":{"市区町村名":"奥尻郡奥尻町","大字名":null,"丁目名":null,"小字名":"字宮津","地番":"29-2","精度区分":null,"座標系":"任意座標系"}},{"type":"Polygon","arcs":[[-3067,3067,3068,-3035]],"properties":{"市区町村名":"奥尻郡奥尻町","大字名":null,"丁目名":null,"小字名":"字宮津","地番":"27-8","精度区分":null,"座標系":"任意座標系"}},{"type":"Polygon","arcs":[[-3042,3069,-3038,-3069,3070]],"properties":{"市区町村名":"奥尻郡奥尻町","大字名":null,"丁目名":null,"小字名":"字宮津","地番":"34-3","精度区分":null,"座標系":"任意座標系"}},{"type":"Polygon","arcs":[[-3047,-2701,-3043,-3071,-3068]],"properties":{"市区町村名":"奥尻郡奥尻町","大字名":null,"丁目名":null,"小字名":"字宮津","地番":"27-5","精度区分":null,"座標系":"任意座標系"}},{"type":"Polygon","arcs":[[3071]],"properties":{"市区町村名":"奥尻郡奥尻町","大字名":null,"丁目名":null,"小字名":"字宮津","地番":"26","精度区分":null,"座標系":"任意座標系"}},{"type":"Polygon","arcs":[[-3046,-3053,-3056,-3066,-2696]],"properties":{"市区町村名":"奥尻郡奥尻町","大字名":null,"丁目名":null,"小字名":"字宮津","地番":"29-4","精度区分":null,"座標系":"任意座標系"}},{"type":"Polygon","arcs":[[-3052,-3061,-3057]],"properties":{"市区町村名":"奥尻郡奥尻町","大字名":null,"丁目名":null,"小字名":"字宮津","地番":"27-7","精度区分":null,"座標系":"任意座標系"}},{"type":"Polygon","arcs":[[3072,3073,3074,3075,-2737]],"properties":{"市区町村名":"奥尻郡奥尻町","大字名":null,"丁目名":null,"小字名":"字宮津","地番":"39-1","精度区分":null,"座標系":"任意座標系"}},{"type":"Polygon","arcs":[[3076,-2240,-102,3077,3078]],"properties":{"市区町村名":"奥尻郡奥尻町","大字名":null,"丁目名":null,"小字名":"字宮津","地番":"43","精度区分":null,"座標系":"任意座標系"}},{"type":"Polygon","arcs":[[-3078,-2383,3079,3080,3081]],"properties":{"市区町村名":"奥尻郡奥尻町","大字名":null,"丁目名":null,"小字名":"字宮津","地番":"42-7","精度区分":null,"座標系":"任意座標系"}},{"type":"Polygon","arcs":[[3082,3083,-2732,-2733,3084]],"properties":{"市区町村名":"奥尻郡奥尻町","大字名":null,"丁目名":null,"小字名":"字宮津","地番":"36-3","精度区分":null,"座標系":"任意座標系"}},{"type":"Polygon","arcs":[[3085,3086,-2708,3087]],"properties":{"市区町村名":"奥尻郡奥尻町","大字名":null,"丁目名":null,"小字名":"字宮津","地番":"37-2","精度区分":null,"座標系":"任意座標系"}},{"type":"Polygon","arcs":[[-2736,-2709,-3087]],"properties":{"市区町村名":"奥尻郡奥尻町","大字名":null,"丁目名":null,"小字名":"字宮津","地番":"37-1","精度区分":null,"座標系":"任意座標系"}},{"type":"Polygon","arcs":[[-3076,3088,3089,-2738]],"properties":{"市区町村名":"奥尻郡奥尻町","大字名":null,"丁目名":null,"小字名":"字宮津","地番":"39-2","精度区分":null,"座標系":"任意座標系"}},{"type":"Polygon","arcs":[[-3090,3090,-2739]],"properties":{"市区町村名":"奥尻郡奥尻町","大字名":null,"丁目名":null,"小字名":"字宮津","地番":"39-4","精度区分":null,"座標系":"任意座標系"}},{"type":"Polygon","arcs":[[3091,-249,3092,-1368,-2740]],"properties":{"市区町村名":"奥尻郡奥尻町","大字名":null,"丁目名":null,"小字名":"字宮津","地番":"39-5","精度区分":null,"座標系":"任意座標系"}},{"type":"Polygon","arcs":[[3093,3094,-3092,3095]],"properties":{"市区町村名":"奥尻郡奥尻町","大字名":null,"丁目名":null,"小字名":"字宮津","地番":"39-6","精度区分":null,"座標系":"任意座標系"}},{"type":"Polygon","arcs":[[3096,3097,3098,3099,-246,-3095,3100]],"properties":{"市区町村名":"奥尻郡奥尻町","大字名":null,"丁目名":null,"小字名":"字宮津","地番":"42-4","精度区分":null,"座標系":"任意座標系"}},{"type":"Polygon","arcs":[[3101,3102,3103,-10,-247,3104,3105]],"properties":{"市区町村名":"奥尻郡奥尻町","大字名":null,"丁目名":null,"小字名":"字宮津","地番":"41-5","精度区分":null,"座標系":"任意座標系"}},{"type":"Polygon","arcs":[[3106,-3106,3107]],"properties":{"市区町村名":"奥尻郡奥尻町","大字名":null,"丁目名":null,"小字名":"字宮津","地番":"41-3","精度区分":null,"座標系":"任意座標系"}},{"type":"Polygon","arcs":[[3108,3109,3110,-3102]],"properties":{"市区町村名":"奥尻郡奥尻町","大字名":null,"丁目名":null,"小字名":"字宮津","地番":"41-4","精度区分":null,"座標系":"任意座標系"}},{"type":"Polygon","arcs":[[3111,-3109,-3107,3112,3113]],"properties":{"市区町村名":"奥尻郡奥尻町","大字名":null,"丁目名":null,"小字名":"字宮津","地番":"41-7","精度区分":null,"座標系":"任意座標系"}},{"type":"Polygon","arcs":[[3114,3115,3116,3117]],"properties":{"市区町村名":"奥尻郡奥尻町","大字名":null,"丁目名":null,"小字名":"字宮津","地番":"42-20","精度区分":null,"座標系":"任意座標系"}},{"type":"Polygon","arcs":[[-3115,3118,3119]],"properties":{"市区町村名":"奥尻郡奥尻町","大字名":null,"丁目名":null,"小字名":"字宮津","地番":"42-11","精度区分":null,"座標系":"任意座標系"}},{"type":"Polygon","arcs":[[-3080,-2382,-3117]],"properties":{"市区町村名":"奥尻郡奥尻町","大字名":null,"丁目名":null,"小字名":"字宮津","地番":"42-8","精度区分":null,"座標系":"任意座標系"}},{"type":"Polygon","arcs":[[-3081,-3116,-3120,3120]],"properties":{"市区町村名":"奥尻郡奥尻町","大字名":null,"丁目名":null,"小字名":"字宮津","地番":"42-19","精度区分":null,"座標系":"任意座標系"}},{"type":"Polygon","arcs":[[3121,3122,-3075]],"properties":{"市区町村名":"奥尻郡奥尻町","大字名":null,"丁目名":null,"小字名":"字宮津","地番":"39-10","精度区分":null,"座標系":"任意座標系"}},{"type":"Polygon","arcs":[[3123,3124,3125,-3089,-3123]],"properties":{"市区町村名":"奥尻郡奥尻町","大字名":null,"丁目名":null,"小字名":"字宮津","地番":"39-11","精度区分":null,"座標系":"任意座標系"}},{"type":"Polygon","arcs":[[3126,-3101,-3094,-3125]],"properties":{"市区町村名":"奥尻郡奥尻町","大字名":null,"丁目名":null,"小字名":"字宮津","地番":"39-8","精度区分":null,"座標系":"任意座標系"}},{"type":"Polygon","arcs":[[3127,3128,3129,3130,-3097,-3127,-3124]],"properties":{"市区町村名":"奥尻郡奥尻町","大字名":null,"丁目名":null,"小字名":"字宮津","地番":"42-2","精度区分":null,"座標系":"任意座標系"}},{"type":"Polygon","arcs":[[-3091,-3126,-3096]],"properties":{"市区町村名":"奥尻郡奥尻町","大字名":null,"丁目名":null,"小字名":"字宮津","地番":"39-9","精度区分":null,"座標系":"任意座標系"}},{"type":"Polygon","arcs":[[-1369,-3093,3131,-3088,-2707]],"properties":{"市区町村名":"奥尻郡奥尻町","大字名":null,"丁目名":null,"小字名":"字宮津","地番":"38-1","精度区分":null,"座標系":"任意座標系"}},{"type":"Polygon","arcs":[[-248,-12,3132,-3083,3133,-3132]],"properties":{"市区町村名":"奥尻郡奥尻町","大字名":null,"丁目名":null,"小字名":"字宮津","地番":"40","精度区分":null,"座標系":"任意座標系"}},{"type":"Polygon","arcs":[[3134,-2730,-2713,-2731,-3084,-3133]],"properties":{"市区町村名":"奥尻郡奥尻町","大字名":null,"丁目名":null,"小字名":"字宮津","地番":"49-3","精度区分":null,"座標系":"任意座標系"}},{"type":"Polygon","arcs":[[3135,3136,-3135]],"properties":{"市区町村名":"奥尻郡奥尻町","大字名":null,"丁目名":null,"小字名":"字宮津","地番":"49-4","精度区分":null,"座標系":"任意座標系"}},{"type":"Polygon","arcs":[[3137,-2728,-3137,3138]],"properties":{"市区町村名":"奥尻郡奥尻町","大字名":null,"丁目名":null,"小字名":"字宮津","地番":"51-3","精度区分":null,"座標系":"任意座標系"}},{"type":"Polygon","arcs":[[3139,-3136,-11,-3104,3140,3141,-2726]],"properties":{"市区町村名":"奥尻郡奥尻町","大字名":null,"丁目名":null,"小字名":"字宮津","地番":"49-1","精度区分":null,"座標系":"任意座標系"}},{"type":"Polygon","arcs":[[3142,-3139,-3140]],"properties":{"市区町村名":"奥尻郡奥尻町","大字名":null,"丁目名":null,"小字名":"字宮津","地番":"51-1","精度区分":null,"座標系":"任意座標系"}},{"type":"Polygon","arcs":[[-3119,3143,3144,3145,3146,-37]],"properties":{"市区町村名":"奥尻郡奥尻町","大字名":null,"丁目名":null,"小字名":"字宮津","地番":"42-12","精度区分":null,"座標系":"任意座標系"}},{"type":"Polygon","arcs":[[3147,-38,-3147,3148,-3130]],"properties":{"市区町村名":"奥尻郡奥尻町","大字名":null,"丁目名":null,"小字名":"字宮津","地番":"42-15","精度区分":null,"座標系":"任意座標系"}},{"type":"Polygon","arcs":[[-3079,-3082,3149,-3074]],"properties":{"市区町村名":"奥尻郡奥尻町","大字名":null,"丁目名":null,"小字名":"字宮津","地番":"42-1","精度区分":null,"座標系":"任意座標系"}},{"type":"Polygon","arcs":[[-3149,3150,-3098,-3131]],"properties":{"市区町村名":"奥尻郡奥尻町","大字名":null,"丁目名":null,"小字名":"字宮津","地番":"42-3","精度区分":null,"座標系":"任意座標系"}},{"type":"Polygon","arcs":[[3151,-3113,3152,-3099]],"properties":{"市区町村名":"奥尻郡奥尻町","大字名":null,"丁目名":null,"小字名":"字宮津","地番":"42-10","精度区分":null,"座標系":"任意座標系"}},{"type":"Polygon","arcs":[[-3146,-3114,-3152,-3151]],"properties":{"市区町村名":"奥尻郡奥尻町","大字名":null,"丁目名":null,"小字名":"字宮津","地番":"42-6","精度区分":null,"座標系":"任意座標系"}},{"type":"Polygon","arcs":[[-3145,3153,-3112]],"properties":{"市区町村名":"奥尻郡奥尻町","大字名":null,"丁目名":null,"小字名":"字宮津","地番":"41-8","精度区分":null,"座標系":"任意座標系"}},{"type":"Polygon","arcs":[[3154,-3110,-3154]],"properties":{"市区町村名":"奥尻郡奥尻町","大字名":null,"丁目名":null,"小字名":"字宮津","地番":"41-9","精度区分":null,"座標系":"任意座標系"}},{"type":"Polygon","arcs":[[-3118,3155,3156,-3155,-3144]],"properties":{"市区町村名":"奥尻郡奥尻町","大字名":null,"丁目名":null,"小字名":"字宮津","地番":"42-17","精度区分":null,"座標系":"任意座標系"}},{"type":"Polygon","arcs":[[3157,-3141,-3103]],"properties":{"市区町村名":"奥尻郡奥尻町","大字名":null,"丁目名":null,"小字名":"字宮津","地番":"42-9","精度区分":null,"座標系":"任意座標系"}},{"type":"Polygon","arcs":[[-3157,-2724,-2727,-3142,-3158,-3111]],"properties":{"市区町村名":"奥尻郡奥尻町","大字名":null,"丁目名":null,"小字名":"字宮津","地番":"42-16","精度区分":null,"座標系":"任意座標系"}},{"type":"Polygon","arcs":[[3158,-3148,-3129]],"properties":{"市区町村名":"奥尻郡奥尻町","大字名":null,"丁目名":null,"小字名":"字宮津","地番":"42-13","精度区分":null,"座標系":"任意座標系"}},{"type":"Polygon","arcs":[[-2381,-97,-2721,-3156]],"properties":{"市区町村名":"奥尻郡奥尻町","大字名":null,"丁目名":null,"小字名":"字宮津","地番":"48-3","精度区分":null,"座標系":"任意座標系"}},{"type":"Polygon","arcs":[[-3134,-3085,-2735,-3086]],"properties":{"市区町村名":"奥尻郡奥尻町","大字名":null,"丁目名":null,"小字名":"字宮津","地番":"36-4","精度区分":null,"座標系":"任意座標系"}},{"type":"Polygon","arcs":[[-3150,-3121,-39,-3159,-3128,-3122]],"properties":{"市区町村名":"奥尻郡奥尻町","大字名":null,"丁目名":null,"小字名":"字宮津","地番":"42-18","精度区分":null,"座標系":"任意座標系"}},{"type":"Polygon","arcs":[[-96,-2346,3159,-2722]],"properties":{"市区町村名":"奥尻郡奥尻町","大字名":null,"丁目名":null,"小字名":"字宮津","地番":"47-2","精度区分":null,"座標系":"任意座標系"}},{"type":"Polygon","arcs":[[-2960,-2665,3160,-2956]],"properties":{"市区町村名":"奥尻郡奥尻町","大字名":null,"丁目名":null,"小字名":"字宮津","地番":"8-3","精度区分":null,"座標系":"任意座標系"}},{"type":"Polygon","arcs":[[-2924,-2961,-2955,-2917]],"properties":{"市区町村名":"奥尻郡奥尻町","大字名":null,"丁目名":null,"小字名":"字宮津","地番":"8-5","精度区分":null,"座標系":"任意座標系"}},{"type":"Polygon","arcs":[[-3160,-2345,3161,-2715,-2729,-3138,-3143,-2725]],"properties":{"市区町村名":"奥尻郡奥尻町","大字名":null,"丁目名":null,"小字名":"字宮津","地番":"長狭物不明-9","精度区分":null,"座標系":"任意座標系"}},{"type":"Polygon","arcs":[[-3153,-3108,-3105,-3100]],"properties":{"市区町村名":"奥尻郡奥尻町","大字名":null,"丁目名":null,"小字名":"字宮津","地番":"42-5","精度区分":null,"座標系":"任意座標系"}},{"type":"Polygon","arcs":[[-2641,-2759,-2773]],"properties":{"市区町村名":"奥尻郡奥尻町","大字名":null,"丁目名":null,"小字名":"字球浦","地番":"157-17","精度区分":null,"座標系":"任意座標系"}},{"type":"Polygon","arcs":[[-2784,-2899,3162,-2893,-2903,-2896]],"properties":{"市区町村名":"奥尻郡奥尻町","大字名":null,"丁目名":null,"小字名":"字球浦","地番":"156-2","精度区分":null,"座標系":"任意座標系"}},{"type":"Polygon","arcs":[[-2842,-2846,-2832]],"properties":{"市区町村名":"奥尻郡奥尻町","大字名":null,"丁目名":null,"小字名":"字球浦","地番":"151-2","精度区分":null,"座標系":"任意座標系"}},{"type":"Polygon","arcs":[[3163,-2864,-2837]],"properties":{"市区町村名":"奥尻郡奥尻町","大字名":null,"丁目名":null,"小字名":"字球浦","地番":"148-2","精度区分":null,"座標系":"任意座標系"}},{"type":"Polygon","arcs":[[3164,-2821,3165,3166]],"properties":{"市区町村名":"奥尻郡奥尻町","大字名":null,"丁目名":null,"小字名":"字球浦","地番":"144-12","精度区分":null,"座標系":"任意座標系"}},{"type":"Polygon","arcs":[[3167,-3167,-2811,3168]],"properties":{"市区町村名":"奥尻郡奥尻町","大字名":null,"丁目名":null,"小字名":"字球浦","地番":"144-10","精度区分":null,"座標系":"任意座標系"}},{"type":"Polygon","arcs":[[-2336,-3162,-2344]],"properties":{"市区町村名":"奥尻郡奥尻町","大字名":null,"丁目名":null,"小字名":"字宮津","地番":"52-2","精度区分":null,"座標系":"任意座標系"}},{"type":"Polygon","arcs":[[-2540,-563,-2550]],"properties":{"市区町村名":"奥尻郡奥尻町","大字名":null,"丁目名":null,"小字名":"字宮津","地番":"11-18","精度区分":null,"座標系":"任意座標系"}},{"type":"Polygon","arcs":[[-2895,-2900,-2855]],"properties":{"市区町村名":"奥尻郡奥尻町","大字名":null,"丁目名":null,"小字名":"字球浦","地番":"156-7","精度区分":null,"座標系":"任意座標系"}},{"type":"Polygon","arcs":[[3169,3170,3171,3172]],"properties":{"市区町村名":"奥尻郡奥尻町","大字名":null,"丁目名":null,"小字名":"字球浦","地番":"159-5","精度区分":null,"座標系":"任意座標系"}},{"type":"Polygon","arcs":[[3173,3174,-1336,3175]],"properties":{"市区町村名":"奥尻郡奥尻町","大字名":null,"丁目名":null,"小字名":"字稲穂","地番":"554-9","精度区分":null,"座標系":"任意座標系"}},{"type":"Polygon","arcs":[[3176,-1331,3177,3178,-1337]],"properties":{"市区町村名":"奥尻郡奥尻町","大字名":null,"丁目名":null,"小字名":"字稲穂","地番":"554-3","精度区分":null,"座標系":"任意座標系"}},{"type":"Polygon","arcs":[[3179,3180,-1332,-3177,-3175]],"properties":{"市区町村名":"奥尻郡奥尻町","大字名":null,"丁目名":null,"小字名":"字稲穂","地番":"554-7","精度区分":null,"座標系":"任意座標系"}},{"type":"Polygon","arcs":[[3181,-1333,-3181,3182]],"properties":{"市区町村名":"奥尻郡奥尻町","大字名":null,"丁目名":null,"小字名":"字稲穂","地番":"554-6","精度区分":null,"座標系":"任意座標系"}},{"type":"Polygon","arcs":[[3183,-1334,-3182]],"properties":{"市区町村名":"奥尻郡奥尻町","大字名":null,"丁目名":null,"小字名":"字稲穂","地番":"554-4","精度区分":null,"座標系":"任意座標系"}},{"type":"Polygon","arcs":[[3184,-1309]],"properties":{"市区町村名":"奥尻郡奥尻町","大字名":null,"丁目名":null,"小字名":"字稲穂","地番":"552","精度区分":null,"座標系":"任意座標系"}},{"type":"Polygon","arcs":[[3185,-1310]],"properties":{"市区町村名":"奥尻郡奥尻町","大字名":null,"丁目名":null,"小字名":"字稲穂","地番":"551","精度区分":null,"座標系":"任意座標系"}},{"type":"Polygon","arcs":[[-1315,3186,-1142,3187]],"properties":{"市区町村名":"奥尻郡奥尻町","大字名":null,"丁目名":null,"小字名":"字稲穂","地番":"無地番-16","精度区分":null,"座標系":"任意座標系"}},{"type":"Polygon","arcs":[[-1350,3188,3189,3190,-3187]],"properties":{"市区町村名":"奥尻郡奥尻町","大字名":null,"丁目名":null,"小字名":"字稲穂","地番":"496-6","精度区分":null,"座標系":"任意座標系"}},{"type":"Polygon","arcs":[[3191,3192,-1303,-2006,-386,3193,-2007,-1148,3194,3195,3196,3197,3198,3199,3200,3201,3202,3203,3204]],"properties":{"市区町村名":"奥尻郡奥尻町","大字名":null,"丁目名":null,"小字名":"字稲穂","地番":"496-1","精度区分":null,"座標系":"任意座標系"}},{"type":"Polygon","arcs":[[-3194,-385,-2010,-2008]],"properties":{"市区町村名":"奥尻郡奥尻町","大字名":null,"丁目名":null,"小字名":"字稲穂","地番":"489","精度区分":null,"座標系":"任意座標系"}},{"type":"Polygon","arcs":[[-3193,-233,-1306,-380,-1304]],"properties":{"市区町村名":"奥尻郡奥尻町","大字名":null,"丁目名":null,"小字名":"字稲穂","地番":"486-6","精度区分":null,"座標系":"任意座標系"}},{"type":"Polygon","arcs":[[-231,-1307]],"properties":{"市区町村名":"奥尻郡奥尻町","大字名":null,"丁目名":null,"小字名":"字稲穂","地番":"485-2","精度区分":null,"座標系":"任意座標系"}},{"type":"Polygon","arcs":[[-234,-3192,3205,-1348]],"properties":{"市区町村名":"奥尻郡奥尻町","大字名":null,"丁目名":null,"小字名":"字稲穂","地番":"496-4","精度区分":null,"座標系":"任意座標系"}},{"type":"Polygon","arcs":[[3206,3207,3208,-1143,-3191]],"properties":{"市区町村名":"奥尻郡奥尻町","大字名":null,"丁目名":null,"小字名":"字稲穂","地番":"496-20","精度区分":null,"座標系":"任意座標系"}},{"type":"Polygon","arcs":[[-3188,3209,3210,3211]],"properties":{"市区町村名":"奥尻郡奥尻町","大字名":null,"丁目名":null,"小字名":"字稲穂","地番":"495-4","精度区分":null,"座標系":"任意座標系"}},{"type":"Polygon","arcs":[[-3210,-1141,3212,3213]],"properties":{"市区町村名":"奥尻郡奥尻町","大字名":null,"丁目名":null,"小字名":"字稲穂","地番":"無地番-17","精度区分":null,"座標系":"任意座標系"}},{"type":"Polygon","arcs":[[3214,3215,-3211,3216]],"properties":{"市区町村名":"奥尻郡奥尻町","大字名":null,"丁目名":null,"小字名":"字稲穂","地番":"長狭物不明-10","精度区分":null,"座標系":"任意座標系"}},{"type":"Polygon","arcs":[[3217,3218,3219,3220,-3217,-3214,3221,3222,-223,-1138,-225,-1137,3223,-1115,3224,3225,3226]],"properties":{"市区町村名":"奥尻郡奥尻町","大字名":null,"丁目名":null,"小字名":"字稲穂","地番":"水-26","精度区分":null,"座標系":"任意座標系"}},{"type":"Polygon","arcs":[[-1316,-3212,3227]],"properties":{"市区町村名":"奥尻郡奥尻町","大字名":null,"丁目名":null,"小字名":"字稲穂","地番":"495-3","精度区分":null,"座標系":"任意座標系"}},{"type":"Polygon","arcs":[[-1317,-3228,-3216,3228,3229,3230]],"properties":{"市区町村名":"奥尻郡奥尻町","大字名":null,"丁目名":null,"小字名":"字稲穂","地番":"水-27","精度区分":null,"座標系":"任意座標系"}},{"type":"Polygon","arcs":[[3231,-1312]],"properties":{"市区町村名":"奥尻郡奥尻町","大字名":null,"丁目名":null,"小字名":"字稲穂","地番":"544","精度区分":null,"座標系":"任意座標系"}},{"type":"Polygon","arcs":[[-1319,3232,3233,-3229,-3215,-3221,3234,3235]],"properties":{"市区町村名":"奥尻郡奥尻町","大字名":null,"丁目名":null,"小字名":"字稲穂","地番":"545-4","精度区分":null,"座標系":"任意座標系"}},{"type":"Polygon","arcs":[[-1318,-3231,3236,-3233]],"properties":{"市区町村名":"奥尻郡奥尻町","大字名":null,"丁目名":null,"小字名":"字稲穂","地番":"545-3","精度区分":null,"座標系":"任意座標系"}},{"type":"Polygon","arcs":[[3237,-1139,-221,3238]],"properties":{"市区町村名":"奥尻郡奥尻町","大字名":null,"丁目名":null,"小字名":"字稲穂","地番":"495-1","精度区分":null,"座標系":"任意座標系"}},{"type":"Polygon","arcs":[[-1136,3239,-1116,-3224]],"properties":{"市区町村名":"奥尻郡奥尻町","大字名":null,"丁目名":null,"小字名":"字稲穂","地番":"492-1","精度区分":null,"座標系":"任意座標系"}},{"type":"Polygon","arcs":[[3240,-402,-1343,-1300]],"properties":{"市区町村名":"奥尻郡奥尻町","大字名":null,"丁目名":null,"小字名":"字宮津","地番":"336-3","精度区分":null,"座標系":"任意座標系"}},{"type":"Polygon","arcs":[[-403,-3241,-1299]],"properties":{"市区町村名":"奥尻郡奥尻町","大字名":null,"丁目名":null,"小字名":"字宮津","地番":"336-1","精度区分":null,"座標系":"任意座標系"}},{"type":"Polygon","arcs":[[-54,-1322,3241,3242,3243,3244,3245,3246,3247,-75]],"properties":{"市区町村名":"奥尻郡奥尻町","大字名":null,"丁目名":null,"小字名":"字稲穂","地番":"547-1","精度区分":null,"座標系":"任意座標系"}},{"type":"Polygon","arcs":[[3248,3249,3250,-3247]],"properties":{"市区町村名":"奥尻郡奥尻町","大字名":null,"丁目名":null,"小字名":"字稲穂","地番":"546-2","精度区分":null,"座標系":"任意座標系"}},{"type":"Polygon","arcs":[[3251,-3226,3252,-3250]],"properties":{"市区町村名":"奥尻郡奥尻町","大字名":null,"丁目名":null,"小字名":"字稲穂","地番":"546-1","精度区分":null,"座標系":"任意座標系"}},{"type":"Polygon","arcs":[[-3178,-1330,3253]],"properties":{"市区町村名":"奥尻郡奥尻町","大字名":null,"丁目名":null,"小字名":"字稲穂","地番":"554-2","精度区分":null,"座標系":"任意座標系"}},{"type":"Polygon","arcs":[[-3179,-3254,-1329,-1338]],"properties":{"市区町村名":"奥尻郡奥尻町","大字名":null,"丁目名":null,"小字名":"字稲穂","地番":"無地番-18","精度区分":null,"座標系":"任意座標系"}},{"type":"Polygon","arcs":[[3254]],"properties":{"市区町村名":"奥尻郡奥尻町","大字名":null,"丁目名":null,"小字名":"字稲穂","地番":"542","精度区分":null,"座標系":"任意座標系"}},{"type":"Polygon","arcs":[[-1321,3255,-3242]],"properties":{"市区町村名":"奥尻郡奥尻町","大字名":null,"丁目名":null,"小字名":"字稲穂","地番":"547-2","精度区分":null,"座標系":"任意座標系"}},{"type":"Polygon","arcs":[[3256,-1324]],"properties":{"市区町村名":"奥尻郡奥尻町","大字名":null,"丁目名":null,"小字名":"字稲穂","地番":"548-2","精度区分":null,"座標系":"任意座標系"}},{"type":"Polygon","arcs":[[-1325,-3257,-1323,-55,-74]],"properties":{"市区町村名":"奥尻郡奥尻町","大字名":null,"丁目名":null,"小字名":"字稲穂","地番":"548-3","精度区分":null,"座標系":"任意座標系"}},{"type":"Polygon","arcs":[[3257,3258,3259,3260,-3245]],"properties":{"市区町村名":"奥尻郡奥尻町","大字名":null,"丁目名":null,"小字名":"字稲穂","地番":"545-5","精度区分":null,"座標系":"任意座標系"}},{"type":"Polygon","arcs":[[-3261,3261,-3249,-3246]],"properties":{"市区町村名":"奥尻郡奥尻町","大字名":null,"丁目名":null,"小字名":"字稲穂","地番":"545-6","精度区分":null,"座標系":"任意座標系"}},{"type":"Polygon","arcs":[[-3260,3262,-3227,-3252,-3262]],"properties":{"市区町村名":"奥尻郡奥尻町","大字名":null,"丁目名":null,"小字名":"字稲穂","地番":"545-7","精度区分":null,"座標系":"任意座標系"}},{"type":"Polygon","arcs":[[3263,-3258,-3244]],"properties":{"市区町村名":"奥尻郡奥尻町","大字名":null,"丁目名":null,"小字名":"字稲穂","地番":"545-8","精度区分":null,"座標系":"任意座標系"}},{"type":"Polygon","arcs":[[-3235,-3220,3264,3265]],"properties":{"市区町村名":"奥尻郡奥尻町","大字名":null,"丁目名":null,"小字名":"字稲穂","地番":"545-12","精度区分":null,"座標系":"任意座標系"}},{"type":"Polygon","arcs":[[-3237,-3230,-3234]],"properties":{"市区町村名":"奥尻郡奥尻町","大字名":null,"丁目名":null,"小字名":"字稲穂","地番":"545-1","精度区分":null,"座標系":"任意座標系"}},{"type":"Polygon","arcs":[[3266,3267,-3218,-3263]],"properties":{"市区町村名":"奥尻郡奥尻町","大字名":null,"丁目名":null,"小字名":"字稲穂","地番":"545-11","精度区分":null,"座標系":"任意座標系"}},{"type":"Polygon","arcs":[[-3259,3268,-3266,-3267]],"properties":{"市区町村名":"奥尻郡奥尻町","大字名":null,"丁目名":null,"小字名":"字稲穂","地番":"545-13","精度区分":null,"座標系":"任意座標系"}},{"type":"Polygon","arcs":[[-1320,-3236,-3269,-3264,-3243,-3256]],"properties":{"市区町村名":"奥尻郡奥尻町","大字名":null,"丁目名":null,"小字名":"字稲穂","地番":"545-9","精度区分":null,"座標系":"任意座標系"}},{"type":"Polygon","arcs":[[-3265,-3219,-3268]],"properties":{"市区町村名":"奥尻郡奥尻町","大字名":null,"丁目名":null,"小字名":"字稲穂","地番":"545-10","精度区分":null,"座標系":"任意座標系"}},{"type":"Polygon","arcs":[[-3213,-1140,-3238,3269,-3222]],"properties":{"市区町村名":"奥尻郡奥尻町","大字名":null,"丁目名":null,"小字名":"字稲穂","地番":"無地番-19","精度区分":null,"座標系":"任意座標系"}},{"type":"Polygon","arcs":[[3270,-219,-3223]],"properties":{"市区町村名":"奥尻郡奥尻町","大字名":null,"丁目名":null,"小字名":"字稲穂","地番":"495-6","精度区分":null,"座標系":"任意座標系"}},{"type":"Polygon","arcs":[[-1133,-2019,-1119,3271]],"properties":{"市区町村名":"奥尻郡奥尻町","大字名":null,"丁目名":null,"小字名":"字稲穂","地番":"水-28","精度区分":null,"座標系":"任意座標系"}},{"type":"Polygon","arcs":[[-1134,-3272,-1118,3272]],"properties":{"市区町村名":"奥尻郡奥尻町","大字名":null,"丁目名":null,"小字名":"字稲穂","地番":"492-2","精度区分":null,"座標系":"任意座標系"}},{"type":"Polygon","arcs":[[-1135,-3273,-1117,-3240]],"properties":{"市区町村名":"奥尻郡奥尻町","大字名":null,"丁目名":null,"小字名":"字稲穂","地番":"492-3","精度区分":null,"座標系":"任意座標系"}},{"type":"Polygon","arcs":[[-3270,-3239,-220,-3271]],"properties":{"市区町村名":"奥尻郡奥尻町","大字名":null,"丁目名":null,"小字名":"字稲穂","地番":"495-7","精度区分":null,"座標系":"任意座標系"}},{"type":"Polygon","arcs":[[3273,-3198,3274]],"properties":{"市区町村名":"奥尻郡奥尻町","大字名":null,"丁目名":null,"小字名":"字稲穂","地番":"496-13","精度区分":null,"座標系":"任意座標系"}},{"type":"Polygon","arcs":[[3275,-3204,3276,3277]],"properties":{"市区町村名":"奥尻郡奥尻町","大字名":null,"丁目名":null,"小字名":"字稲穂","地番":"496-7","精度区分":null,"座標系":"任意座標系"}},{"type":"Polygon","arcs":[[-1349,-3206,-3205,-3276,3278,-3189]],"properties":{"市区町村名":"奥尻郡奥尻町","大字名":null,"丁目名":null,"小字名":"字稲穂","地番":"496-5","精度区分":null,"座標系":"任意座標系"}},{"type":"Polygon","arcs":[[3279,3280,-3196,3281,3282]],"properties":{"市区町村名":"奥尻郡奥尻町","大字名":null,"丁目名":null,"小字名":"字稲穂","地番":"496-19","精度区分":null,"座標系":"任意座標系"}},{"type":"Polygon","arcs":[[-3278,3283,3284,3285,3286,3287,-3275,-3197,-3281,3288,3289,3290,3291,-3279]],"properties":{"市区町村名":"奥尻郡奥尻町","大字名":null,"丁目名":null,"小字名":"字稲穂","地番":"496-14","精度区分":null,"座標系":"任意座標系"}},{"type":"Polygon","arcs":[[-3207,-3190,-3292,3292]],"properties":{"市区町村名":"奥尻郡奥尻町","大字名":null,"丁目名":null,"小字名":"字稲穂","地番":"496-15","精度区分":null,"座標系":"任意座標系"}},{"type":"Polygon","arcs":[[3293,-3199,-3274,-3288]],"properties":{"市区町村名":"奥尻郡奥尻町","大字名":null,"丁目名":null,"小字名":"字稲穂","地番":"496-12","精度区分":null,"座標系":"任意座標系"}},{"type":"Polygon","arcs":[[3294,-3200,-3294,-3287]],"properties":{"市区町村名":"奥尻郡奥尻町","大字名":null,"丁目名":null,"小字名":"字稲穂","地番":"496-11","精度区分":null,"座標系":"任意座標系"}},{"type":"Polygon","arcs":[[3295,-3201,-3295,-3286]],"properties":{"市区町村名":"奥尻郡奥尻町","大字名":null,"丁目名":null,"小字名":"字稲穂","地番":"496-10","精度区分":null,"座標系":"任意座標系"}},{"type":"Polygon","arcs":[[3296,-3202,-3296,-3285]],"properties":{"市区町村名":"奥尻郡奥尻町","大字名":null,"丁目名":null,"小字名":"字稲穂","地番":"496-9","精度区分":null,"座標系":"任意座標系"}},{"type":"Polygon","arcs":[[-3277,-3203,-3297,-3284]],"properties":{"市区町村名":"奥尻郡奥尻町","大字名":null,"丁目名":null,"小字名":"字稲穂","地番":"496-8","精度区分":null,"座標系":"任意座標系"}},{"type":"Polygon","arcs":[[-3293,-3291,3297,3298,-3208]],"properties":{"市区町村名":"奥尻郡奥尻町","大字名":null,"丁目名":null,"小字名":"字稲穂","地番":"496-16","精度区分":null,"座標系":"任意座標系"}},{"type":"Polygon","arcs":[[-3298,-3290,3299,3300,3301]],"properties":{"市区町村名":"奥尻郡奥尻町","大字名":null,"丁目名":null,"小字名":"字稲穂","地番":"496-17","精度区分":null,"座標系":"任意座標系"}},{"type":"Polygon","arcs":[[-3300,-3289,-3280,3302,3303]],"properties":{"市区町村名":"奥尻郡奥尻町","大字名":null,"丁目名":null,"小字名":"字稲穂","地番":"496-18","精度区分":null,"座標系":"任意座標系"}},{"type":"Polygon","arcs":[[3304,-3282,-3195,-1147]],"properties":{"市区町村名":"奥尻郡奥尻町","大字名":null,"丁目名":null,"小字名":"字稲穂","地番":"496-24","精度区分":null,"座標系":"任意座標系"}},{"type":"Polygon","arcs":[[3305,-3303,-3283,-3305,-1146]],"properties":{"市区町村名":"奥尻郡奥尻町","大字名":null,"丁目名":null,"小字名":"字稲穂","地番":"496-23","精度区分":null,"座標系":"任意座標系"}},{"type":"Polygon","arcs":[[3306,-3301,-3304,-3306,-1145]],"properties":{"市区町村名":"奥尻郡奥尻町","大字名":null,"丁目名":null,"小字名":"字稲穂","地番":"496-22","精度区分":null,"座標系":"任意座標系"}},{"type":"Polygon","arcs":[[-3209,-3299,-3302,-3307,-1144]],"properties":{"市区町村名":"奥尻郡奥尻町","大字名":null,"丁目名":null,"小字名":"字稲穂","地番":"496-21","精度区分":null,"座標系":"任意座標系"}},{"type":"Polygon","arcs":[[-109,3307,-107,3308]],"properties":{"市区町村名":"奥尻郡奥尻町","大字名":null,"丁目名":null,"小字名":"字球浦","地番":"178","精度区分":null,"座標系":"任意座標系"}},{"type":"Polygon","arcs":[[-3308,-108]],"properties":{"市区町村名":"奥尻郡奥尻町","大字名":null,"丁目名":null,"小字名":"字球浦","地番":"177","精度区分":null,"座標系":"任意座標系"}},{"type":"Polygon","arcs":[[-104,3309]],"properties":{"市区町村名":"奥尻郡奥尻町","大字名":null,"丁目名":null,"小字名":"字球浦","地番":"179","精度区分":null,"座標系":"任意座標系"}},{"type":"Polygon","arcs":[[-3310,-103,3310]],"properties":{"市区町村名":"奥尻郡奥尻町","大字名":null,"丁目名":null,"小字名":"字球浦","地番":"180","精度区分":null,"座標系":"任意座標系"}},{"type":"Polygon","arcs":[[3311,3312,3313,3314,-60,3315]],"properties":{"市区町村名":"奥尻郡奥尻町","大字名":null,"丁目名":null,"小字名":"字球浦","地番":"172","精度区分":null,"座標系":"任意座標系"}},{"type":"Polygon","arcs":[[3316,3317,-111]],"properties":{"市区町村名":"奥尻郡奥尻町","大字名":null,"丁目名":null,"小字名":"字球浦","地番":"176","精度区分":null,"座標系":"任意座標系"}},{"type":"Polygon","arcs":[[-3318,-3316,-67,3318,-112]],"properties":{"市区町村名":"奥尻郡奥尻町","大字名":null,"丁目名":null,"小字名":"字球浦","地番":"175","精度区分":null,"座標系":"任意座標系"}},{"type":"Polygon","arcs":[[-213,3319,3320,3321,3322]],"properties":{"市区町村名":"奥尻郡奥尻町","大字名":null,"丁目名":null,"小字名":"字球浦","地番":"186","精度区分":null,"座標系":"任意座標系"}},{"type":"Polygon","arcs":[[-3322,3323,3324,3325]],"properties":{"市区町村名":"奥尻郡奥尻町","大字名":null,"丁目名":null,"小字名":"字球浦","地番":"187","精度区分":null,"座標系":"任意座標系"}},{"type":"Polygon","arcs":[[-3321,3326,3327,3328,3329,-3324]],"properties":{"市区町村名":"奥尻郡奥尻町","大字名":null,"丁目名":null,"小字名":"字球浦","地番":"182","精度区分":null,"座標系":"任意座標系"}},{"type":"Polygon","arcs":[[-3325,-3330,3330,3331]],"properties":{"市区町村名":"奥尻郡奥尻町","大字名":null,"丁目名":null,"小字名":"字球浦","地番":"188","精度区分":null,"座標系":"任意座標系"}},{"type":"Polygon","arcs":[[-3328,3332]],"properties":{"市区町村名":"奥尻郡奥尻町","大字名":null,"丁目名":null,"小字名":"字球浦","地番":"183","精度区分":null,"座標系":"任意座標系"}},{"type":"Polygon","arcs":[[-66,3333,-64,-113,-3319]],"properties":{"市区町村名":"奥尻郡奥尻町","大字名":null,"丁目名":null,"小字名":"字球浦","地番":"174","精度区分":null,"座標系":"任意座標系"}},{"type":"Polygon","arcs":[[-65,-3334]],"properties":{"市区町村名":"奥尻郡奥尻町","大字名":null,"丁目名":null,"小字名":"字球浦","地番":"水-29","精度区分":null,"座標系":"任意座標系"}},{"type":"Polygon","arcs":[[-3315,-61]],"properties":{"市区町村名":"奥尻郡奥尻町","大字名":null,"丁目名":null,"小字名":"字球浦","地番":"173","精度区分":null,"座標系":"任意座標系"}},{"type":"Polygon","arcs":[[3334,3335,3336,3337,3338,3339,3340,-3312]],"properties":{"市区町村名":"奥尻郡奥尻町","大字名":null,"丁目名":null,"小字名":"字球浦","地番":"171","精度区分":null,"座標系":"任意座標系"}},{"type":"Polygon","arcs":[[3341,3342,3343,-3336]],"properties":{"市区町村名":"奥尻郡奥尻町","大字名":null,"丁目名":null,"小字名":"字球浦","地番":"163","精度区分":null,"座標系":"任意座標系"}},{"type":"Polygon","arcs":[[-3313,-3341,3344]],"properties":{"市区町村名":"奥尻郡奥尻町","大字名":null,"丁目名":null,"小字名":"字球浦","地番":"170","精度区分":null,"座標系":"任意座標系"}},{"type":"Polygon","arcs":[[-3339,3345]],"properties":{"市区町村名":"奥尻郡奥尻町","大字名":null,"丁目名":null,"小字名":"字球浦","地番":"169","精度区分":null,"座標系":"任意座標系"}},{"type":"Polygon","arcs":[[3346,-28,3347,3348]],"properties":{"市区町村名":"奥尻郡奥尻町","大字名":null,"丁目名":null,"小字名":"字球浦","地番":"無地番-20","精度区分":null,"座標系":"任意座標系"}},{"type":"Polygon","arcs":[[3349,-29,-3347,3350,3351,3352,3353,3354,3355,3356]],"properties":{"市区町村名":"奥尻郡奥尻町","大字名":null,"丁目名":null,"小字名":"字球浦","地番":"88","精度区分":null,"座標系":"任意座標系"}},{"type":"Polygon","arcs":[[-31,3357]],"properties":{"市区町村名":"奥尻郡奥尻町","大字名":null,"丁目名":null,"小字名":"字球浦","地番":"98","精度区分":null,"座標系":"任意座標系"}},{"type":"Polygon","arcs":[[3358,-215,3359,3360,-3343]],"properties":{"市区町村名":"奥尻郡奥尻町","大字名":null,"丁目名":null,"小字名":"字球浦","地番":"164","精度区分":null,"座標系":"任意座標系"}},{"type":"Polygon","arcs":[[-3360,-218,3361,3362]],"properties":{"市区町村名":"奥尻郡奥尻町","大字名":null,"丁目名":null,"小字名":"字球浦","地番":"166","精度区分":null,"座標系":"任意座標系"}},{"type":"Polygon","arcs":[[-217,3363,3364]],"properties":{"市区町村名":"奥尻郡奥尻町","大字名":null,"丁目名":null,"小字名":"字球浦","地番":"168","精度区分":null,"座標系":"任意座標系"}},{"type":"Polygon","arcs":[[-3362,-3365,3365,3366]],"properties":{"市区町村名":"奥尻郡奥尻町","大字名":null,"丁目名":null,"小字名":"字球浦","地番":"167","精度区分":null,"座標系":"任意座標系"}},{"type":"Polygon","arcs":[[3367,3368,3369]],"properties":{"市区町村名":"奥尻郡奥尻町","大字名":null,"丁目名":null,"小字名":"字球浦","地番":"162-5","精度区分":null,"座標系":"任意座標系"}},{"type":"Polygon","arcs":[[3370,3371,-3368,3372]],"properties":{"市区町村名":"奥尻郡奥尻町","大字名":null,"丁目名":null,"小字名":"字球浦","地番":"159-3","精度区分":null,"座標系":"任意座標系"}},{"type":"Polygon","arcs":[[-3351,-3349,3373,3374,-25,3375,3376]],"properties":{"市区町村名":"奥尻郡奥尻町","大字名":null,"丁目名":null,"小字名":"字球浦","地番":"91-1","精度区分":null,"座標系":"任意座標系"}},{"type":"Polygon","arcs":[[3377,3378,3379,3380,-26,-3375]],"properties":{"市区町村名":"奥尻郡奥尻町","大字名":null,"丁目名":null,"小字名":"字球浦","地番":"95","精度区分":null,"座標系":"任意座標系"}},{"type":"Polygon","arcs":[[3381,3382,3383,3384]],"properties":{"市区町村名":"奥尻郡奥尻町","大字名":null,"丁目名":null,"小字名":"字球浦","地番":"無地番-21","精度区分":null,"座標系":"任意座標系"}},{"type":"Polygon","arcs":[[3385,3386,3387,3388,-3383]],"properties":{"市区町村名":"奥尻郡奥尻町","大字名":null,"丁目名":null,"小字名":"字球浦","地番":"無地番-22","精度区分":null,"座標系":"任意座標系"}},{"type":"Polygon","arcs":[[3389,3390,3391,3392]],"properties":{"市区町村名":"奥尻郡奥尻町","大字名":null,"丁目名":null,"小字名":"字球浦","地番":"103-1","精度区分":null,"座標系":"任意座標系"}},{"type":"Polygon","arcs":[[-3393,3393,3394,3395]],"properties":{"市区町村名":"奥尻郡奥尻町","大字名":null,"丁目名":null,"小字名":"字球浦","地番":"103-3","精度区分":null,"座標系":"任意座標系"}},{"type":"Polygon","arcs":[[-3392,3396,3397,3398]],"properties":{"市区町村名":"奥尻郡奥尻町","大字名":null,"丁目名":null,"小字名":"字球浦","地番":"104-1","精度区分":null,"座標系":"任意座標系"}},{"type":"Polygon","arcs":[[-3395,3399,3400,3401,-3388]],"properties":{"市区町村名":"奥尻郡奥尻町","大字名":null,"丁目名":null,"小字名":"字球浦","地番":"無地番-23","精度区分":null,"座標系":"任意座標系"}},{"type":"Polygon","arcs":[[-3398,3402,3403,3404]],"properties":{"市区町村名":"奥尻郡奥尻町","大字名":null,"丁目名":null,"小字名":"字球浦","地番":"105-1","精度区分":null,"座標系":"任意座標系"}},{"type":"Polygon","arcs":[[-3399,3405,-3400,-3394]],"properties":{"市区町村名":"奥尻郡奥尻町","大字名":null,"丁目名":null,"小字名":"字球浦","地番":"104-3","精度区分":null,"座標系":"任意座標系"}},{"type":"Polygon","arcs":[[3406,-1,3407,3408]],"properties":{"市区町村名":"奥尻郡奥尻町","大字名":null,"丁目名":null,"小字名":"字球浦","地番":"122-1","精度区分":null,"座標系":"任意座標系"}},{"type":"Polygon","arcs":[[3409,3410,3411,3412,3413]],"properties":{"市区町村名":"奥尻郡奥尻町","大字名":null,"丁目名":null,"小字名":"字球浦","地番":"120-1","精度区分":null,"座標系":"任意座標系"}},{"type":"Polygon","arcs":[[3414,3415,3416,3417,3418,3419,3420]],"properties":{"市区町村名":"奥尻郡奥尻町","大字名":null,"丁目名":null,"小字名":"字球浦","地番":"162-10","精度区分":null,"座標系":"任意座標系"}},{"type":"Polygon","arcs":[[3421,-3417,-3411]],"properties":{"市区町村名":"奥尻郡奥尻町","大字名":null,"丁目名":null,"小字名":"字球浦","地番":"120-3","精度区分":null,"座標系":"任意座標系"}},{"type":"Polygon","arcs":[[3422,-3412,-3416]],"properties":{"市区町村名":"奥尻郡奥尻町","大字名":null,"丁目名":null,"小字名":"字球浦","地番":"162-7","精度区分":null,"座標系":"任意座標系"}},{"type":"Polygon","arcs":[[3423,-1109,-3404]],"properties":{"市区町村名":"奥尻郡奥尻町","大字名":null,"丁目名":null,"小字名":"字球浦","地番":"111-1","精度区分":null,"座標系":"任意座標系"}},{"type":"Polygon","arcs":[[-1111,3424,3425]],"properties":{"市区町村名":"奥尻郡奥尻町","大字名":null,"丁目名":null,"小字名":"字球浦","地番":"111-3","精度区分":null,"座標系":"任意座標系"}},{"type":"Polygon","arcs":[[-3405,-1113,3426,-3406]],"properties":{"市区町村名":"奥尻郡奥尻町","大字名":null,"丁目名":null,"小字名":"字球浦","地番":"105-3","精度区分":null,"座標系":"任意座標系"}},{"type":"Polygon","arcs":[[3427,-568]],"properties":{"市区町村名":"奥尻郡奥尻町","大字名":null,"丁目名":null,"小字名":"字球浦","地番":"192","精度区分":null,"座標系":"任意座標系"}},{"type":"Polygon","arcs":[[3428,3429,3430,3431,3432,3433]],"properties":{"市区町村名":"奥尻郡奥尻町","大字名":null,"丁目名":null,"小字名":"字球浦","地番":"76-1","精度区分":null,"座標系":"任意座標系"}},{"type":"Polygon","arcs":[[-3431,3434,3435,3436,3437]],"properties":{"市区町村名":"奥尻郡奥尻町","大字名":null,"丁目名":null,"小字名":"字球浦","地番":"80-3","精度区分":null,"座標系":"任意座標系"}},{"type":"Polygon","arcs":[[3438,3439,-1105,3440,3441,-3436,3442,3443]],"properties":{"市区町村名":"奥尻郡奥尻町","大字名":null,"丁目名":null,"小字名":"字球浦","地番":"78-1","精度区分":null,"座標系":"任意座標系"}},{"type":"Polygon","arcs":[[-3443,-3435,3444]],"properties":{"市区町村名":"奥尻郡奥尻町","大字名":null,"丁目名":null,"小字名":"字球浦","地番":"78-2","精度区分":null,"座標系":"任意座標系"}},{"type":"Polygon","arcs":[[-3442,3445,3446,3447,-3437]],"properties":{"市区町村名":"奥尻郡奥尻町","大字名":null,"丁目名":null,"小字名":"字球浦","地番":"80-4","精度区分":null,"座標系":"任意座標系"}},{"type":"Polygon","arcs":[[-3441,-1104,3448,3449,-3446]],"properties":{"市区町村名":"奥尻郡奥尻町","大字名":null,"丁目名":null,"小字名":"字球浦","地番":"80-1","精度区分":null,"座標系":"任意座標系"}},{"type":"Polygon","arcs":[[-3447,3450,3451,3452]],"properties":{"市区町村名":"奥尻郡奥尻町","大字名":null,"丁目名":null,"小字名":"字球浦","地番":"83-3","精度区分":null,"座標系":"任意座標系"}},{"type":"Polygon","arcs":[[-3438,3453,3454,-3432]],"properties":{"市区町村名":"奥尻郡奥尻町","大字名":null,"丁目名":null,"小字名":"字球浦","地番":"81-1","精度区分":null,"座標系":"任意座標系"}},{"type":"Polygon","arcs":[[3455,3456,-3433,-3455]],"properties":{"市区町村名":"奥尻郡奥尻町","大字名":null,"丁目名":null,"小字名":"字球浦","地番":"82-1","精度区分":null,"座標系":"任意座標系"}},{"type":"Polygon","arcs":[[-3448,3457,-3454]],"properties":{"市区町村名":"奥尻郡奥尻町","大字名":null,"丁目名":null,"小字名":"字球浦","地番":"81-2","精度区分":null,"座標系":"任意座標系"}},{"type":"Polygon","arcs":[[3458,-3457,3459,3460,3461]],"properties":{"市区町村名":"奥尻郡奥尻町","大字名":null,"丁目名":null,"小字名":"字球浦","地番":"82-2","精度区分":null,"座標系":"任意座標系"}},{"type":"Polygon","arcs":[[-3452,3462,3463,-1102,3464,-3461]],"properties":{"市区町村名":"奥尻郡奥尻町","大字名":null,"丁目名":null,"小字名":"字球浦","地番":"83-2","精度区分":null,"座標系":"任意座標系"}},{"type":"Polygon","arcs":[[-3456,-3458,-3453,-3460]],"properties":{"市区町村名":"奥尻郡奥尻町","大字名":null,"丁目名":null,"小字名":"字球浦","地番":"82-3","精度区分":null,"座標系":"任意座標系"}},{"type":"Polygon","arcs":[[3465,3466,3467]],"properties":{"市区町村名":"奥尻郡奥尻町","大字名":null,"丁目名":null,"小字名":"字球浦","地番":"189","精度区分":null,"座標系":"任意座標系"}},{"type":"Polygon","arcs":[[-3467,3468,3469,3470,3471]],"properties":{"市区町村名":"奥尻郡奥尻町","大字名":null,"丁目名":null,"小字名":"字球浦","地番":"73-3","精度区分":null,"座標系":"任意座標系"}},{"type":"Polygon","arcs":[[-3471,3472,3473,3474,-962,3475,3476,3477]],"properties":{"市区町村名":"奥尻郡奥尻町","大字名":null,"丁目名":null,"小字名":"字球浦","地番":"71-1","精度区分":null,"座標系":"任意座標系"}},{"type":"Polygon","arcs":[[-3470,3478,3479,3480,-3473]],"properties":{"市区町村名":"奥尻郡奥尻町","大字名":null,"丁目名":null,"小字名":"字球浦","地番":"72","精度区分":null,"座標系":"任意座標系"}},{"type":"Polygon","arcs":[[-3466,3481,3482,-3479,-3469]],"properties":{"市区町村名":"奥尻郡奥尻町","大字名":null,"丁目名":null,"小字名":"字球浦","地番":"73-2","精度区分":null,"座標系":"任意座標系"}},{"type":"Polygon","arcs":[[-3483,3483,3484,3485,-3480]],"properties":{"市区町村名":"奥尻郡奥尻町","大字名":null,"丁目名":null,"小字名":"字球浦","地番":"73-4","精度区分":null,"座標系":"任意座標系"}},{"type":"Polygon","arcs":[[-3486,3486,3487,-3474,-3481]],"properties":{"市区町村名":"奥尻郡奥尻町","大字名":null,"丁目名":null,"小字名":"字球浦","地番":"73-1","精度区分":null,"座標系":"任意座標系"}},{"type":"Polygon","arcs":[[-3476,-961,-929,3488,3489,3490]],"properties":{"市区町村名":"奥尻郡奥尻町","大字名":null,"丁目名":null,"小字名":"字球浦","地番":"67-1","精度区分":null,"座標系":"任意座標系"}},{"type":"Polygon","arcs":[[3491,-3477,-3491,3492,3493]],"properties":{"市区町村名":"奥尻郡奥尻町","大字名":null,"丁目名":null,"小字名":"字球浦","地番":"71-2","精度区分":null,"座標系":"任意座標系"}},{"type":"Polygon","arcs":[[-3494,3494]],"properties":{"市区町村名":"奥尻郡奥尻町","大字名":null,"丁目名":null,"小字名":"字球浦","地番":"71-3","精度区分":null,"座標系":"任意座標系"}},{"type":"Polygon","arcs":[[3495,-3357,3496,-1106,-3440]],"properties":{"市区町村名":"奥尻郡奥尻町","大字名":null,"丁目名":null,"小字名":"字球浦","地番":"86","精度区分":null,"座標系":"任意座標系"}},{"type":"Polygon","arcs":[[-3451,-3450,-3463]],"properties":{"市区町村名":"奥尻郡奥尻町","大字名":null,"丁目名":null,"小字名":"字球浦","地番":"83-1","精度区分":null,"座標系":"任意座標系"}},{"type":"Polygon","arcs":[[-3449,-1103,-3464]],"properties":{"市区町村名":"奥尻郡奥尻町","大字名":null,"丁目名":null,"小字名":"字球浦","地番":"80-2","精度区分":null,"座標系":"任意座標系"}},{"type":"Polygon","arcs":[[3497,-914,-3487]],"properties":{"市区町村名":"奥尻郡奥尻町","大字名":null,"丁目名":null,"小字名":"字球浦","地番":"73-6","精度区分":null,"座標系":"任意座標系"}},{"type":"Polygon","arcs":[[-974,-915,-3498,-3485]],"properties":{"市区町村名":"奥尻郡奥尻町","大字名":null,"丁目名":null,"小字名":"字球浦","地番":"73-5","精度区分":null,"座標系":"任意座標系"}},{"type":"Polygon","arcs":[[-3488,-918,-969,-950,3498,-955,-958,-3475]],"properties":{"市区町村名":"奥尻郡奥尻町","大字名":null,"丁目名":null,"小字名":"字球浦","地番":"67-9","精度区分":null,"座標系":"任意座標系"}},{"type":"Polygon","arcs":[[-3499,-949,-944,-947,-952,-959,-956]],"properties":{"市区町村名":"奥尻郡奥尻町","大字名":null,"丁目名":null,"小字名":"字球浦","地番":"67-3","精度区分":null,"座標系":"任意座標系"}},{"type":"Polygon","arcs":[[-3356,3499,3500,3501,-3497]],"properties":{"市区町村名":"奥尻郡奥尻町","大字名":null,"丁目名":null,"小字名":"字球浦","地番":"87","精度区分":null,"座標系":"任意座標系"}},{"type":"Polygon","arcs":[[-3502,3502,3503,-1098]],"properties":{"市区町村名":"奥尻郡奥尻町","大字名":null,"丁目名":null,"小字名":"字球浦","地番":"85-1","精度区分":null,"座標系":"任意座標系"}},{"type":"Polygon","arcs":[[3504,3505,3506,-1100]],"properties":{"市区町村名":"奥尻郡奥尻町","大字名":null,"丁目名":null,"小字名":"字球浦","地番":"84-4","精度区分":null,"座標系":"任意座標系"}},{"type":"Polygon","arcs":[[-3503,-3501,3507,3508]],"properties":{"市区町村名":"奥尻郡奥尻町","大字名":null,"丁目名":null,"小字名":"字球浦","地番":"85-3","精度区分":null,"座標系":"任意座標系"}},{"type":"Polygon","arcs":[[-3509,3509,3510,3511]],"properties":{"市区町村名":"奥尻郡奥尻町","大字名":null,"丁目名":null,"小字名":"字球浦","地番":"84-3","精度区分":null,"座標系":"任意座標系"}},{"type":"Polygon","arcs":[[-3508,-3500,-3355,3512]],"properties":{"市区町村名":"奥尻郡奥尻町","大字名":null,"丁目名":null,"小字名":"字球浦","地番":"85-2","精度区分":null,"座標系":"任意座標系"}},{"type":"Polygon","arcs":[[-3511,3513,3514,-3506]],"properties":{"市区町村名":"奥尻郡奥尻町","大字名":null,"丁目名":null,"小字名":"字球浦","地番":"84-6","精度区分":null,"座標系":"任意座標系"}},{"type":"Polygon","arcs":[[3515,3516,3517,-3514]],"properties":{"市区町村名":"奥尻郡奥尻町","大字名":null,"丁目名":null,"小字名":"字球浦","地番":"84-5","精度区分":null,"座標系":"任意座標系"}},{"type":"Polygon","arcs":[[-3513,-3354,3518,3519,-3516,-3510]],"properties":{"市区町村名":"奥尻郡奥尻町","大字名":null,"丁目名":null,"小字名":"字球浦","地番":"84-2","精度区分":null,"座標系":"任意座標系"}},{"type":"Polygon","arcs":[[3520,-3352,-3377,3521,-9,3522,-3517,-3520]],"properties":{"市区町村名":"奥尻郡奥尻町","大字名":null,"丁目名":null,"小字名":"字球浦","地番":"90","精度区分":null,"座標系":"任意座標系"}},{"type":"Polygon","arcs":[[-3519,-3353,-3521]],"properties":{"市区町村名":"奥尻郡奥尻町","大字名":null,"丁目名":null,"小字名":"字球浦","地番":"89","精度区分":null,"座標系":"任意座標系"}},{"type":"Polygon","arcs":[[-3376,3523,-6,-3522]],"properties":{"市区町村名":"奥尻郡奥尻町","大字名":null,"丁目名":null,"小字名":"字球浦","地番":"91-2","精度区分":null,"座標系":"任意座標系"}},{"type":"Polygon","arcs":[[-27,-3381,3524,-3524]],"properties":{"市区町村名":"奥尻郡奥尻町","大字名":null,"丁目名":null,"小字名":"字球浦","地番":"93-2","精度区分":null,"座標系":"任意座標系"}},{"type":"Polygon","arcs":[[-3489,-928,3525,3526]],"properties":{"市区町村名":"奥尻郡奥尻町","大字名":null,"丁目名":null,"小字名":"字球浦","地番":"67-21","精度区分":null,"座標系":"任意座標系"}},{"type":"Polygon","arcs":[[3527,3528,3529,3530,3531]],"properties":{"市区町村名":"奥尻郡奥尻町","大字名":null,"丁目名":null,"小字名":"字球浦","地番":"74-2","精度区分":null,"座標系":"任意座標系"}},{"type":"Polygon","arcs":[[-3530,3532,3533,3534]],"properties":{"市区町村名":"奥尻郡奥尻町","大字名":null,"丁目名":null,"小字名":"字球浦","地番":"75","精度区分":null,"座標系":"任意座標系"}},{"type":"Polygon","arcs":[[-972,-3528,3535]],"properties":{"市区町村名":"奥尻郡奥尻町","大字名":null,"丁目名":null,"小字名":"字球浦","地番":"74-4","精度区分":null,"座標系":"任意座標系"}},{"type":"Polygon","arcs":[[-3536,-3532,3536,-924,-973]],"properties":{"市区町村名":"奥尻郡奥尻町","大字名":null,"丁目名":null,"小字名":"字球浦","地番":"74-3","精度区分":null,"座標系":"任意座標系"}},{"type":"Polygon","arcs":[[-3537,-3531,3537,-925]],"properties":{"市区町村名":"奥尻郡奥尻町","大字名":null,"丁目名":null,"小字名":"字球浦","地番":"67-4","精度区分":null,"座標系":"任意座標系"}},{"type":"Polygon","arcs":[[-979,-976,-21,-570,3538]],"properties":{"市区町村名":"奥尻郡奥尻町","大字名":null,"丁目名":null,"小字名":"字球浦","地番":"190","精度区分":null,"座標系":"任意座標系"}},{"type":"Polygon","arcs":[[3539,3540,-573,3541,3542]],"properties":{"市区町村名":"奥尻郡奥尻町","大字名":null,"丁目名":null,"小字名":"字球浦","地番":"193","精度区分":null,"座標系":"任意座標系"}},{"type":"Polygon","arcs":[[-3540,3543,-208,3544]],"properties":{"市区町村名":"奥尻郡奥尻町","大字名":null,"丁目名":null,"小字名":"字球浦","地番":"194","精度区分":null,"座標系":"任意座標系"}},{"type":"Polygon","arcs":[[-3544,-3543,3545,3546,3547,-209]],"properties":{"市区町村名":"奥尻郡奥尻町","大字名":null,"丁目名":null,"小字名":"字球浦","地番":"195","精度区分":null,"座標系":"任意座標系"}},{"type":"Polygon","arcs":[[-210,-3548,3548,3549,-1089]],"properties":{"市区町村名":"奥尻郡奥尻町","大字名":null,"丁目名":null,"小字名":"字球浦","地番":"202","精度区分":null,"座標系":"任意座標系"}},{"type":"Polygon","arcs":[[-3547,3550,-200,3551,-3549]],"properties":{"市区町村名":"奥尻郡奥尻町","大字名":null,"丁目名":null,"小字名":"字球浦","地番":"201","精度区分":null,"座標系":"任意座標系"}},{"type":"Polygon","arcs":[[3552,-3551,-3546,-202]],"properties":{"市区町村名":"奥尻郡奥尻町","大字名":null,"丁目名":null,"小字名":"字球浦","地番":"196","精度区分":null,"座標系":"任意座標系"}},{"type":"Polygon","arcs":[[-3553,-205,-201]],"properties":{"市区町村名":"奥尻郡奥尻町","大字名":null,"丁目名":null,"小字名":"字球浦","地番":"197","精度区分":null,"座標系":"任意座標系"}},{"type":"Polygon","arcs":[[-3542,-572,-203]],"properties":{"市区町村名":"奥尻郡奥尻町","大字名":null,"丁目名":null,"小字名":"字球浦","地番":"198","精度区分":null,"座標系":"任意座標系"}},{"type":"Polygon","arcs":[[3553,3554,3555,-206,-1088,3556]],"properties":{"市区町村名":"奥尻郡奥尻町","大字名":null,"丁目名":null,"小字名":"字球浦","地番":"無地番-26","精度区分":null,"座標系":"任意座標系"}},{"type":"Polygon","arcs":[[3557,3558,3559,3560]],"properties":{"市区町村名":"奥尻郡奥尻町","大字名":null,"丁目名":null,"小字名":"字球浦","地番":"230","精度区分":null,"座標系":"任意座標系"}},{"type":"Polygon","arcs":[[3561,-3560,3562,-3555,3563,3564]],"properties":{"市区町村名":"奥尻郡奥尻町","大字名":null,"丁目名":null,"小字名":"字球浦","地番":"229","精度区分":null,"座標系":"任意座標系"}},{"type":"Polygon","arcs":[[-3564,-3554,3565,3566]],"properties":{"市区町村名":"奥尻郡奥尻町","大字名":null,"丁目名":null,"小字名":"字球浦","地番":"226","精度区分":null,"座標系":"任意座標系"}},{"type":"Polygon","arcs":[[-3565,-3567,3567,3568]],"properties":{"市区町村名":"奥尻郡奥尻町","大字名":null,"丁目名":null,"小字名":"字球浦","地番":"227","精度区分":null,"座標系":"任意座標系"}},{"type":"Polygon","arcs":[[3569,3570,-3568,-3566,-3557,-1087]],"properties":{"市区町村名":"奥尻郡奥尻町","大字名":null,"丁目名":null,"小字名":"字球浦","地番":"225","精度区分":null,"座標系":"任意座標系"}},{"type":"Polygon","arcs":[[3571,3572,-3561,-3562,-3569,-3571]],"properties":{"市区町村名":"奥尻郡奥尻町","大字名":null,"丁目名":null,"小字名":"字球浦","地番":"228","精度区分":null,"座標系":"任意座標系"}},{"type":"Polygon","arcs":[[-1096,3573,3574,3575,3576]],"properties":{"市区町村名":"奥尻郡奥尻町","大字名":null,"丁目名":null,"小字名":"字球浦","地番":"224","精度区分":null,"座標系":"任意座標系"}},{"type":"Polygon","arcs":[[-1095,-192,3577,-3574]],"properties":{"市区町村名":"奥尻郡奥尻町","大字名":null,"丁目名":null,"小字名":"字球浦","地番":"209","精度区分":null,"座標系":"任意座標系"}},{"type":"Polygon","arcs":[[3578,3579,3580,-3575,-3578,-196,-368,-1074,-1071,-1080,-1078,-1082,3581,-986,-999,-996,3582]],"properties":{"市区町村名":"奥尻郡奥尻町","大字名":null,"丁目名":null,"小字名":"字球浦","地番":"道-48","精度区分":null,"座標系":"任意座標系"}},{"type":"Polygon","arcs":[[-3583,-995,-990,3583,-1001,-911,3584]],"properties":{"市区町村名":"奥尻郡奥尻町","大字名":null,"丁目名":null,"小字名":"字球浦","地番":"221","精度区分":null,"座標系":"任意座標系"}},{"type":"Polygon","arcs":[[-3584,-994,-1002]],"properties":{"市区町村名":"奥尻郡奥尻町","大字名":null,"丁目名":null,"小字名":"字球浦","地番":"215","精度区分":null,"座標系":"任意座標系"}},{"type":"Polygon","arcs":[[-1094,3585,-1092,-186,-194]],"properties":{"市区町村名":"奥尻郡奥尻町","大字名":null,"丁目名":null,"小字名":"字球浦","地番":"203","精度区分":null,"座標系":"任意座標系"}},{"type":"Polygon","arcs":[[-1093,-3586]],"properties":{"市区町村名":"奥尻郡奥尻町","大字名":null,"丁目名":null,"小字名":"字球浦","地番":"204","精度区分":null,"座標系":"任意座標系"}},{"type":"Polygon","arcs":[[-3504,-3512,-3505,-1099]],"properties":{"市区町村名":"奥尻郡奥尻町","大字名":null,"丁目名":null,"小字名":"字球浦","地番":"84-1","精度区分":null,"座標系":"任意座標系"}},{"type":"Polygon","arcs":[[3586,3587,3588,3589]],"properties":{"市区町村名":"奥尻郡奥尻町","大字名":null,"丁目名":null,"小字名":"字稲穂","地番":"長狭物不明-11","精度区分":null,"座標系":"任意座標系"}},{"type":"Polygon","arcs":[[-3588,3590]],"properties":{"市区町村名":"奥尻郡奥尻町","大字名":null,"丁目名":null,"小字名":"字稲穂","地番":"575","精度区分":null,"座標系":"任意座標系"}},{"type":"Polygon","arcs":[[3591,3592]],"properties":{"市区町村名":"奥尻郡奥尻町","大字名":null,"丁目名":null,"小字名":"字稲穂","地番":"576","精度区分":null,"座標系":"任意座標系"}},{"type":"Polygon","arcs":[[3593,3594,3595,-3592]],"properties":{"市区町村名":"奥尻郡奥尻町","大字名":null,"丁目名":null,"小字名":"字稲穂","地番":"574","精度区分":null,"座標系":"任意座標系"}},{"type":"Polygon","arcs":[[3596,3597,3598,3599]],"properties":{"市区町村名":"奥尻郡奥尻町","大字名":null,"丁目名":null,"小字名":"字稲穂","地番":"573","精度区分":null,"座標系":"任意座標系"}},{"type":"Polygon","arcs":[[3600,3601,-3598,3602]],"properties":{"市区町村名":"奥尻郡奥尻町","大字名":null,"丁目名":null,"小字名":"字稲穂","地番":"572","精度区分":null,"座標系":"任意座標系"}},{"type":"Polygon","arcs":[[3603,-3601]],"properties":{"市区町村名":"奥尻郡奥尻町","大字名":null,"丁目名":null,"小字名":"字稲穂","地番":"571","精度区分":null,"座標系":"任意座標系"}},{"type":"Polygon","arcs":[[3604]],"properties":{"市区町村名":"奥尻郡奥尻町","大字名":null,"丁目名":null,"小字名":"字稲穂","地番":"569","精度区分":null,"座標系":"任意座標系"}},{"type":"Polygon","arcs":[[3605,3606]],"properties":{"市区町村名":"奥尻郡奥尻町","大字名":null,"丁目名":null,"小字名":"字稲穂","地番":"570","精度区分":null,"座標系":"任意座標系"}},{"type":"Polygon","arcs":[[3607,3608,3609,3610,3611,3612]],"properties":{"市区町村名":"奥尻郡奥尻町","大字名":null,"丁目名":null,"小字名":"字稲穂","地番":"565-1","精度区分":null,"座標系":"任意座標系"}},{"type":"Polygon","arcs":[[3613,-72,3614,-3609]],"properties":{"市区町村名":"奥尻郡奥尻町","大字名":null,"丁目名":null,"小字名":"字稲穂","地番":"565-4","精度区分":null,"座標系":"任意座標系"}},{"type":"Polygon","arcs":[[3615,3616,3617,3618,3619,3620,3621]],"properties":{"市区町村名":"奥尻郡奥尻町","大字名":null,"丁目名":null,"小字名":"字稲穂","地番":"558","精度区分":null,"座標系":"任意座標系"}},{"type":"Polygon","arcs":[[3622,3623]],"properties":{"市区町村名":"奥尻郡奥尻町","大字名":null,"丁目名":null,"小字名":"字稲穂","地番":"567","精度区分":null,"座標系":"任意座標系"}},{"type":"Polygon","arcs":[[3624,3625,3626,3627]],"properties":{"市区町村名":"奥尻郡奥尻町","大字名":null,"丁目名":null,"小字名":"字稲穂","地番":"563-5","精度区分":null,"座標系":"任意座標系"}},{"type":"Polygon","arcs":[[3628,3629,3630,-3625]],"properties":{"市区町村名":"奥尻郡奥尻町","大字名":null,"丁目名":null,"小字名":"字稲穂","地番":"563-2","精度区分":null,"座標系":"任意座標系"}},{"type":"Polygon","arcs":[[-3630,3631,-909,3632]],"properties":{"市区町村名":"奥尻郡奥尻町","大字名":null,"丁目名":null,"小字名":"字稲穂","地番":"563-4","精度区分":null,"座標系":"任意座標系"}},{"type":"Polygon","arcs":[[3633,-3631]],"properties":{"市区町村名":"奥尻郡奥尻町","大字名":null,"丁目名":null,"小字名":"字稲穂","地番":"564-2","精度区分":null,"座標系":"任意座標系"}},{"type":"Polygon","arcs":[[-395,3634,-3627]],"properties":{"市区町村名":"奥尻郡奥尻町","大字名":null,"丁目名":null,"小字名":"字稲穂","地番":"563-3","精度区分":null,"座標系":"任意座標系"}},{"type":"Polygon","arcs":[[-3634,-3633,-392,-3626]],"properties":{"市区町村名":"奥尻郡奥尻町","大字名":null,"丁目名":null,"小字名":"字稲穂","地番":"564-3","精度区分":null,"座標系":"任意座標系"}},{"type":"Polygon","arcs":[[3635,3636,-69,-3621]],"properties":{"市区町村名":"奥尻郡奥尻町","大字名":null,"丁目名":null,"小字名":"字稲穂","地番":"561","精度区分":null,"座標系":"任意座標系"}},{"type":"Polygon","arcs":[[-3618,3637,3638,3639,3640,-3636,-3620,3641]],"properties":{"市区町村名":"奥尻郡奥尻町","大字名":null,"丁目名":null,"小字名":"字稲穂","地番":"水-30","精度区分":null,"座標系":"任意座標系"}},{"type":"Polygon","arcs":[[3642,3643,-3640]],"properties":{"市区町村名":"奥尻郡奥尻町","大字名":null,"丁目名":null,"小字名":"字稲穂","地番":"560","精度区分":null,"座標系":"任意座標系"}},{"type":"Polygon","arcs":[[-3642,-3619]],"properties":{"市区町村名":"奥尻郡奥尻町","大字名":null,"丁目名":null,"小字名":"字稲穂","地番":"559","精度区分":null,"座標系":"任意座標系"}},{"type":"Polygon","arcs":[[-3617,3644,-3638]],"properties":{"市区町村名":"奥尻郡奥尻町","大字名":null,"丁目名":null,"小字名":"字稲穂","地番":"557","精度区分":null,"座標系":"任意座標系"}},{"type":"Polygon","arcs":[[3645,3646]],"properties":{"市区町村名":"奥尻郡奥尻町","大字名":null,"丁目名":null,"小字名":"字稲穂","地番":"568","精度区分":null,"座標系":"任意座標系"}},{"type":"Polygon","arcs":[[3647,3648]],"properties":{"市区町村名":"奥尻郡奥尻町","大字名":null,"丁目名":null,"小字名":"字稲穂","地番":"579","精度区分":null,"座標系":"任意座標系"}},{"type":"Polygon","arcs":[[3649]],"properties":{"市区町村名":"奥尻郡奥尻町","大字名":null,"丁目名":null,"小字名":"字稲穂","地番":"543","精度区分":null,"座標系":"任意座標系"}},{"type":"Polygon","arcs":[[3650,-3611]],"properties":{"市区町村名":"奥尻郡奥尻町","大字名":null,"丁目名":null,"小字名":"字稲穂","地番":"565-3","精度区分":null,"座標系":"任意座標系"}},{"type":"Polygon","arcs":[[-3613,3651,3652]],"properties":{"市区町村名":"奥尻郡奥尻町","大字名":null,"丁目名":null,"小字名":"字稲穂","地番":"584-1","精度区分":null,"座標系":"任意座標系"}},{"type":"Polygon","arcs":[[3653,3654,3655]],"properties":{"市区町村名":"奥尻郡奥尻町","大字名":null,"丁目名":null,"小字名":"字宮津","地番":"358","精度区分":null,"座標系":"任意座標系"}},{"type":"Polygon","arcs":[[3656,3657,3658,-902,-899,3659,3660,3661,3662,3663,3664,3665,3666,-3664,3667,-3662,3668,3669,3670,3671,-3654]],"properties":{"市区町村名":"奥尻郡奥尻町","大字名":null,"丁目名":null,"小字名":"字宮津","地番":"水-31","精度区分":null,"座標系":"任意座標系"}},{"type":"Polygon","arcs":[[-3655,-3672]],"properties":{"市区町村名":"奥尻郡奥尻町","大字名":null,"丁目名":null,"小字名":"字宮津","地番":"359","精度区分":null,"座標系":"任意座標系"}},{"type":"Polygon","arcs":[[-3670,-716,3672]],"properties":{"市区町村名":"奥尻郡奥尻町","大字名":null,"丁目名":null,"小字名":"字宮津","地番":"360-1","精度区分":null,"座標系":"任意座標系"}},{"type":"Polygon","arcs":[[3673,-718]],"properties":{"市区町村名":"奥尻郡奥尻町","大字名":null,"丁目名":null,"小字名":"字宮津","地番":"361","精度区分":null,"座標系":"任意座標系"}},{"type":"Polygon","arcs":[[3674,-91,-903,-3659]],"properties":{"市区町村名":"奥尻郡奥尻町","大字名":null,"丁目名":null,"小字名":"字宮津","地番":"357","精度区分":null,"座標系":"任意座標系"}},{"type":"Polygon","arcs":[[3675,-3665,-3667]],"properties":{"市区町村名":"奥尻郡奥尻町","大字名":null,"丁目名":null,"小字名":"字宮津","地番":"355","精度区分":null,"座標系":"任意座標系"}},{"type":"Polygon","arcs":[[-3676,-3666]],"properties":{"市区町村名":"奥尻郡奥尻町","大字名":null,"丁目名":null,"小字名":"字宮津","地番":"356","精度区分":null,"座標系":"任意座標系"}},{"type":"Polygon","arcs":[[-3663,-3668]],"properties":{"市区町村名":"奥尻郡奥尻町","大字名":null,"丁目名":null,"小字名":"字宮津","地番":"354","精度区分":null,"座標系":"任意座標系"}},{"type":"Polygon","arcs":[[3676,-3669,-3661]],"properties":{"市区町村名":"奥尻郡奥尻町","大字名":null,"丁目名":null,"小字名":"字宮津","地番":"353","精度区分":null,"座標系":"任意座標系"}},{"type":"Polygon","arcs":[[3677,-174]],"properties":{"市区町村名":"奥尻郡奥尻町","大字名":null,"丁目名":null,"小字名":"字球浦","地番":"234","精度区分":null,"座標系":"任意座標系"}},{"type":"Polygon","arcs":[[3678,-3558,-3573]],"properties":{"市区町村名":"奥尻郡奥尻町","大字名":null,"丁目名":null,"小字名":"字球浦","地番":"231","精度区分":null,"座標系":"任意座標系"}},{"type":"Polygon","arcs":[[-1097,-3577,3679,-3580,3680]],"properties":{"市区町村名":"奥尻郡奥尻町","大字名":null,"丁目名":null,"小字名":"字球浦","地番":"222","精度区分":null,"座標系":"任意座標系"}},{"type":"Polygon","arcs":[[-3581,-3680,-3576]],"properties":{"市区町村名":"奥尻郡奥尻町","大字名":null,"丁目名":null,"小字名":"字球浦","地番":"無地番-27","精度区分":null,"座標系":"任意座標系"}},{"type":"Polygon","arcs":[[-1064,3681,-1013,-597,-886,3682]],"properties":{"市区町村名":"奥尻郡奥尻町","大字名":null,"丁目名":null,"小字名":"字球浦","地番":"219","精度区分":null,"座標系":"任意座標系"}},{"type":"Polygon","arcs":[[-3682,-1063,-1005]],"properties":{"市区町村名":"奥尻郡奥尻町","大字名":null,"丁目名":null,"小字名":"字球浦","地番":"217","精度区分":null,"座標系":"任意座標系"}},{"type":"Polygon","arcs":[[3683,3684,3685,3686,3687,3688,3689,3690,3691,3692,3693,3694,3695,3696]],"properties":{"市区町村名":"奥尻郡奥尻町","大字名":null,"丁目名":null,"小字名":"字奥尻","地番":"長狭物不明-13","精度区分":null,"座標系":"任意座標系"}},{"type":"Polygon","arcs":[[-894,3697,-3685,3698]],"properties":{"市区町村名":"奥尻郡奥尻町","大字名":null,"丁目名":null,"小字名":"字奥尻","地番":"549","精度区分":null,"座標系":"任意座標系"}},{"type":"Polygon","arcs":[[3699,3700,-3697,3701,-3695,3702,-3693,3703,-3691]],"properties":{"市区町村名":"奥尻郡奥尻町","大字名":null,"丁目名":null,"小字名":"字奥尻","地番":"551-1","精度区分":null,"座標系":"任意座標系"}},{"type":"Polygon","arcs":[[3704,3705,3706,3707]],"properties":{"市区町村名":"奥尻郡奥尻町","大字名":null,"丁目名":null,"小字名":"字奥尻","地番":"道-49","精度区分":null,"座標系":"任意座標系"}},{"type":"Polygon","arcs":[[3708,-3706]],"properties":{"市区町村名":"奥尻郡奥尻町","大字名":null,"丁目名":null,"小字名":"字奥尻","地番":"535","精度区分":null,"座標系":"任意座標系"}},{"type":"Polygon","arcs":[[3709]],"properties":{"市区町村名":"奥尻郡奥尻町","大字名":null,"丁目名":null,"小字名":"字奥尻","地番":"520","精度区分":null,"座標系":"任意座標系"}},{"type":"Polygon","arcs":[[3710,3711]],"properties":{"市区町村名":"奥尻郡奥尻町","大字名":null,"丁目名":null,"小字名":"字奥尻","地番":"522-3","精度区分":null,"座標系":"任意座標系"}},{"type":"Polygon","arcs":[[3712,3713]],"properties":{"市区町村名":"奥尻郡奥尻町","大字名":null,"丁目名":null,"小字名":"字奥尻","地番":"522-4","精度区分":null,"座標系":"任意座標系"}},{"type":"Polygon","arcs":[[3714,-593,-1024,3715,-3712,3716,-3714]],"properties":{"市区町村名":"奥尻郡奥尻町","大字名":null,"丁目名":null,"小字名":"字奥尻","地番":"522-2","精度区分":null,"座標系":"任意座標系"}},{"type":"Polygon","arcs":[[3717,-1018,-576]],"properties":{"市区町村名":"奥尻郡奥尻町","大字名":null,"丁目名":null,"小字名":"字奥尻","地番":"527-2","精度区分":null,"座標系":"任意座標系"}},{"type":"Polygon","arcs":[[3718,-172,-1037]],"properties":{"市区町村名":"奥尻郡奥尻町","大字名":null,"丁目名":null,"小字名":"字奥尻","地番":"529","精度区分":null,"座標系":"任意座標系"}},{"type":"Polygon","arcs":[[-891,-1054,3719]],"properties":{"市区町村名":"奥尻郡奥尻町","大字名":null,"丁目名":null,"小字名":"字奥尻","地番":"530","精度区分":null,"座標系":"任意座標系"}},{"type":"Polygon","arcs":[[-3702,-3696]],"properties":{"市区町村名":"奥尻郡奥尻町","大字名":null,"丁目名":null,"小字名":"字奥尻","地番":"551-2","精度区分":null,"座標系":"任意座標系"}},{"type":"Polygon","arcs":[[-3703,-3694]],"properties":{"市区町村名":"奥尻郡奥尻町","大字名":null,"丁目名":null,"小字名":"字奥尻","地番":"551-3","精度区分":null,"座標系":"任意座標系"}},{"type":"Polygon","arcs":[[3720,3721,3722,3723]],"properties":{"市区町村名":"奥尻郡奥尻町","大字名":null,"丁目名":null,"小字名":"字奥尻","地番":"207-2","精度区分":null,"座標系":"任意座標系"}},{"type":"Polygon","arcs":[[3724,3725,3726,-3723]],"properties":{"市区町村名":"奥尻郡奥尻町","大字名":null,"丁目名":null,"小字名":"字奥尻","地番":"212-1","精度区分":null,"座標系":"任意座標系"}},{"type":"Polygon","arcs":[[3727,3728,3729,-3726]],"properties":{"市区町村名":"奥尻郡奥尻町","大字名":null,"丁目名":null,"小字名":"字奥尻","地番":"215-1","精度区分":null,"座標系":"任意座標系"}},{"type":"Polygon","arcs":[[3730,3731,3732,-3729]],"properties":{"市区町村名":"奥尻郡奥尻町","大字名":null,"丁目名":null,"小字名":"字奥尻","地番":"216-2","精度区分":null,"座標系":"任意座標系"}},{"type":"Polygon","arcs":[[3733,3734,3735,3736,3737,3738,3739]],"properties":{"市区町村名":"奥尻郡奥尻町","大字名":null,"丁目名":null,"小字名":"字奥尻","地番":"218-1","精度区分":null,"座標系":"任意座標系"}},{"type":"Polygon","arcs":[[3740,3741,-669,3742,-3735]],"properties":{"市区町村名":"奥尻郡奥尻町","大字名":null,"丁目名":null,"小字名":"字奥尻","地番":"道-50","精度区分":null,"座標系":"任意座標系"}},{"type":"Polygon","arcs":[[3743,3744,3745]],"properties":{"市区町村名":"奥尻郡奥尻町","大字名":null,"丁目名":null,"小字名":"字奥尻","地番":"230","精度区分":null,"座標系":"任意座標系"}},{"type":"Polygon","arcs":[[3746,3747,3748]],"properties":{"市区町村名":"奥尻郡奥尻町","大字名":null,"丁目名":null,"小字名":"字奥尻","地番":"187-2","精度区分":null,"座標系":"任意座標系"}},{"type":"Polygon","arcs":[[3749,3750,-3749,3751,-3721,3752,3753,-876,3754,3755,3756,3757,3758,3759]],"properties":{"市区町村名":"奥尻郡奥尻町","大字名":null,"丁目名":null,"小字名":"字奥尻","地番":"187-1","精度区分":null,"座標系":"任意座標系"}},{"type":"Polygon","arcs":[[-3724,3760,3761,-3753]],"properties":{"市区町村名":"奥尻郡奥尻町","大字名":null,"丁目名":null,"小字名":"字奥尻","地番":"207-3","精度区分":null,"座標系":"任意座標系"}},{"type":"Polygon","arcs":[[-3762,3762,-663,-3754]],"properties":{"市区町村名":"奥尻郡奥尻町","大字名":null,"丁目名":null,"小字名":"字奥尻","地番":"207-1","精度区分":null,"座標系":"任意座標系"}},{"type":"Polygon","arcs":[[3763,3764,-879,3765,3766,3767]],"properties":{"市区町村名":"奥尻郡奥尻町","大字名":null,"丁目名":null,"小字名":"字奥尻","地番":"長狭物不明-14","精度区分":null,"座標系":"任意座標系"}},{"type":"Polygon","arcs":[[3768,-3755,-875,3769]],"properties":{"市区町村名":"奥尻郡奥尻町","大字名":null,"丁目名":null,"小字名":"字奥尻","地番":"206-1","精度区分":null,"座標系":"任意座標系"}},{"type":"Polygon","arcs":[[3770,-3756,-3769,3771]],"properties":{"市区町村名":"奥尻郡奥尻町","大字名":null,"丁目名":null,"小字名":"字奥尻","地番":"206-3","精度区分":null,"座標系":"任意座標系"}},{"type":"Polygon","arcs":[[-3757,-3771,3772]],"properties":{"市区町村名":"奥尻郡奥尻町","大字名":null,"丁目名":null,"小字名":"字奥尻","地番":"206-2","精度区分":null,"座標系":"任意座標系"}},{"type":"Polygon","arcs":[[-880,-3765,3773]],"properties":{"市区町村名":"奥尻郡奥尻町","大字名":null,"丁目名":null,"小字名":"字奥尻","地番":"205","精度区分":null,"座標系":"任意座標系"}},{"type":"Polygon","arcs":[[-881,-3774,-3764,3774,3775]],"properties":{"市区町村名":"奥尻郡奥尻町","大字名":null,"丁目名":null,"小字名":"字奥尻","地番":"189","精度区分":null,"座標系":"任意座標系"}},{"type":"Polygon","arcs":[[-3727,3776,3777,-3761]],"properties":{"市区町村名":"奥尻郡奥尻町","大字名":null,"丁目名":null,"小字名":"字奥尻","地番":"212-3","精度区分":null,"座標系":"任意座標系"}},{"type":"Polygon","arcs":[[-3730,3778,3779,-3777]],"properties":{"市区町村名":"奥尻郡奥尻町","大字名":null,"丁目名":null,"小字名":"字奥尻","地番":"215-3","精度区分":null,"座標系":"任意座標系"}},{"type":"Polygon","arcs":[[-3733,3780,3781,-3779]],"properties":{"市区町村名":"奥尻郡奥尻町","大字名":null,"丁目名":null,"小字名":"字奥尻","地番":"216-3","精度区分":null,"座標系":"任意座標系"}},{"type":"Polygon","arcs":[[-3781,3782,3783,3784,3785]],"properties":{"市区町村名":"奥尻郡奥尻町","大字名":null,"丁目名":null,"小字名":"字奥尻","地番":"219-6","精度区分":null,"座標系":"任意座標系"}},{"type":"Polygon","arcs":[[-3732,-3740,-3783]],"properties":{"市区町村名":"奥尻郡奥尻町","大字名":null,"丁目名":null,"小字名":"字奥尻","地番":"219-4","精度区分":null,"座標系":"任意座標系"}},{"type":"Polygon","arcs":[[-3739,-3784]],"properties":{"市区町村名":"奥尻郡奥尻町","大字名":null,"丁目名":null,"小字名":"字奥尻","地番":"219-3","精度区分":null,"座標系":"任意座標系"}},{"type":"Polygon","arcs":[[-3738,3786,3787,-3785]],"properties":{"市区町村名":"奥尻郡奥尻町","大字名":null,"丁目名":null,"小字名":"字奥尻","地番":"218-2","精度区分":null,"座標系":"任意座標系"}},{"type":"Polygon","arcs":[[-3787,3788,3789,3790]],"properties":{"市区町村名":"奥尻郡奥尻町","大字名":null,"丁目名":null,"小字名":"字奥尻","地番":"219-5","精度区分":null,"座標系":"任意座標系"}},{"type":"Polygon","arcs":[[-3737,3791,-3789]],"properties":{"市区町村名":"奥尻郡奥尻町","大字名":null,"丁目名":null,"小字名":"字奥尻","地番":"219-2","精度区分":null,"座標系":"任意座標系"}},{"type":"Polygon","arcs":[[3792,-3790,-3792,-3736,-3743,-668]],"properties":{"市区町村名":"奥尻郡奥尻町","大字名":null,"丁目名":null,"小字名":"字奥尻","地番":"227","精度区分":null,"座標系":"任意座標系"}},{"type":"Polygon","arcs":[[3793,-3786,-3788,-3791,-3793,-667]],"properties":{"市区町村名":"奥尻郡奥尻町","大字名":null,"丁目名":null,"小字名":"字奥尻","地番":"219-1","精度区分":null,"座標系":"任意座標系"}},{"type":"Polygon","arcs":[[3794,-3745,-862,-671]],"properties":{"市区町村名":"奥尻郡奥尻町","大字名":null,"丁目名":null,"小字名":"字奥尻","地番":"228","精度区分":null,"座標系":"任意座標系"}},{"type":"Polygon","arcs":[[-3778,3795,-664,-3763]],"properties":{"市区町村名":"奥尻郡奥尻町","大字名":null,"丁目名":null,"小字名":"字奥尻","地番":"212-2","精度区分":null,"座標系":"任意座標系"}},{"type":"Polygon","arcs":[[-3780,3796,-665,-3796]],"properties":{"市区町村名":"奥尻郡奥尻町","大字名":null,"丁目名":null,"小字名":"字奥尻","地番":"215-2","精度区分":null,"座標系":"任意座標系"}},{"type":"Polygon","arcs":[[-3782,-3794,-666,-3797]],"properties":{"市区町村名":"奥尻郡奥尻町","大字名":null,"丁目名":null,"小字名":"字奥尻","地番":"216-1","精度区分":null,"座標系":"任意座標系"}},{"type":"Polygon","arcs":[[3797,3798,3799,3800,-3766,-878]],"properties":{"市区町村名":"奥尻郡奥尻町","大字名":null,"丁目名":null,"小字名":"字奥尻","地番":"204","精度区分":null,"座標系":"任意座標系"}},{"type":"Polygon","arcs":[[-3767,-3801,3801,3802,3803]],"properties":{"市区町村名":"奥尻郡奥尻町","大字名":null,"丁目名":null,"小字名":"字奥尻","地番":"190","精度区分":null,"座標系":"任意座標系"}},{"type":"Polygon","arcs":[[-3800,3804,3805,3806,3807]],"properties":{"市区町村名":"奥尻郡奥尻町","大字名":null,"丁目名":null,"小字名":"字奥尻","地番":"196-1","精度区分":null,"座標系":"任意座標系"}},{"type":"Polygon","arcs":[[-3805,3808,3809]],"properties":{"市区町村名":"奥尻郡奥尻町","大字名":null,"丁目名":null,"小字名":"字奥尻","地番":"197-1","精度区分":null,"座標系":"任意座標系"}},{"type":"Polygon","arcs":[[-3799,3810,3811,3812,-3809]],"properties":{"市区町村名":"奥尻郡奥尻町","大字名":null,"丁目名":null,"小字名":"字奥尻","地番":"203-1","精度区分":null,"座標系":"任意座標系"}},{"type":"Polygon","arcs":[[-3813,3813,3814,3815]],"properties":{"市区町村名":"奥尻郡奥尻町","大字名":null,"丁目名":null,"小字名":"字奥尻","地番":"203-2","精度区分":null,"座標系":"任意座標系"}},{"type":"Polygon","arcs":[[3816,-3815,3817,3818,3819,3820,3821,-706,-747]],"properties":{"市区町村名":"奥尻郡奥尻町","大字名":null,"丁目名":null,"小字名":"字奥尻","地番":"198-9","精度区分":null,"座標系":"任意座標系"}},{"type":"Polygon","arcs":[[3822,3823,3824,-3819]],"properties":{"市区町村名":"奥尻郡奥尻町","大字名":null,"丁目名":null,"小字名":"字奥尻","地番":"198-2","精度区分":null,"座標系":"任意座標系"}},{"type":"Polygon","arcs":[[-3825,3825,3826,-3820]],"properties":{"市区町村名":"奥尻郡奥尻町","大字名":null,"丁目名":null,"小字名":"字奥尻","地番":"198-7","精度区分":null,"座標系":"任意座標系"}},{"type":"Polygon","arcs":[[-3827,3827,-3821]],"properties":{"市区町村名":"奥尻郡奥尻町","大字名":null,"丁目名":null,"小字名":"字奥尻","地番":"198-8","精度区分":null,"座標系":"任意座標系"}},{"type":"Polygon","arcs":[[-3828,3828,3829,3830]],"properties":{"市区町村名":"奥尻郡奥尻町","大字名":null,"丁目名":null,"小字名":"字奥尻","地番":"198-4","精度区分":null,"座標系":"任意座標系"}},{"type":"Polygon","arcs":[[-3826,3831,3832,-3829]],"properties":{"市区町村名":"奥尻郡奥尻町","大字名":null,"丁目名":null,"小字名":"字奥尻","地番":"198-5","精度区分":null,"座標系":"任意座標系"}},{"type":"Polygon","arcs":[[3833,-3830,-3833,3834,3835,-708]],"properties":{"市区町村名":"奥尻郡奥尻町","大字名":null,"丁目名":null,"小字名":"字奥尻","地番":"198-3","精度区分":null,"座標系":"任意座標系"}},{"type":"Polygon","arcs":[[-3824,3836,3837,3838,3839,-3835,-3832]],"properties":{"市区町村名":"奥尻郡奥尻町","大字名":null,"丁目名":null,"小字名":"字奥尻","地番":"198-1","精度区分":null,"座標系":"任意座標系"}},{"type":"Polygon","arcs":[[-3836,3840,3841,-709]],"properties":{"市区町村名":"奥尻郡奥尻町","大字名":null,"丁目名":null,"小字名":"字奥尻","地番":"199-2","精度区分":null,"座標系":"任意座標系"}},{"type":"Polygon","arcs":[[-3840,3842,-3841]],"properties":{"市区町村名":"奥尻郡奥尻町","大字名":null,"丁目名":null,"小字名":"字奥尻","地番":"199-1","精度区分":null,"座標系":"任意座標系"}},{"type":"Polygon","arcs":[[3843,3844,3845,3846,3847,-3842,-3843,-3839]],"properties":{"市区町村名":"奥尻郡奥尻町","大字名":null,"丁目名":null,"小字名":"字奥尻","地番":"200","精度区分":null,"座標系":"任意座標系"}},{"type":"Polygon","arcs":[[3848,-751,3849,-749,3850,-3847]],"properties":{"市区町村名":"奥尻郡奥尻町","大字名":null,"丁目名":null,"小字名":"字奥尻","地番":"223-1","精度区分":null,"座標系":"任意座標系"}},{"type":"Polygon","arcs":[[-3850,-750]],"properties":{"市区町村名":"奥尻郡奥尻町","大字名":null,"丁目名":null,"小字名":"字奥尻","地番":"223-2","精度区分":null,"座標系":"任意座標系"}},{"type":"Polygon","arcs":[[3851,3852,3853,3854,3855,3856,3857,3858,3859,-3845,3860,3861,-3811,-3798,-877]],"properties":{"市区町村名":"奥尻郡奥尻町","大字名":null,"丁目名":null,"小字名":"字奥尻","地番":"長狭物不明-15","精度区分":null,"座標系":"任意座標系"}},{"type":"Polygon","arcs":[[-3851,-748,-710,-3848]],"properties":{"市区町村名":"奥尻郡奥尻町","大字名":null,"丁目名":null,"小字名":"字奥尻","地番":"223-3","精度区分":null,"座標系":"任意座標系"}},{"type":"Polygon","arcs":[[-694,-3852]],"properties":{"市区町村名":"奥尻郡奥尻町","大字名":null,"丁目名":null,"小字名":"字奥尻","地番":"208","精度区分":null,"座標系":"任意座標系"}},{"type":"Polygon","arcs":[[-693,3862,-3853]],"properties":{"市区町村名":"奥尻郡奥尻町","大字名":null,"丁目名":null,"小字名":"字奥尻","地番":"213","精度区分":null,"座標系":"任意座標系"}},{"type":"Polygon","arcs":[[-692,3863,-3854,-3863]],"properties":{"市区町村名":"奥尻郡奥尻町","大字名":null,"丁目名":null,"小字名":"字奥尻","地番":"214","精度区分":null,"座標系":"任意座標系"}},{"type":"Polygon","arcs":[[-691,3864,-3855,-3864]],"properties":{"市区町村名":"奥尻郡奥尻町","大字名":null,"丁目名":null,"小字名":"字奥尻","地番":"217","精度区分":null,"座標系":"任意座標系"}},{"type":"Polygon","arcs":[[-3865,-690,3865,3866,-3856]],"properties":{"市区町村名":"奥尻郡奥尻町","大字名":null,"丁目名":null,"小字名":"字奥尻","地番":"220","精度区分":null,"座標系":"任意座標系"}},{"type":"Polygon","arcs":[[-3867,3867,-3857]],"properties":{"市区町村名":"奥尻郡奥尻町","大字名":null,"丁目名":null,"小字名":"字奥尻","地番":"221","精度区分":null,"座標系":"任意座標系"}},{"type":"Polygon","arcs":[[3868,-3858]],"properties":{"市区町村名":"奥尻郡奥尻町","大字名":null,"丁目名":null,"小字名":"字奥尻","地番":"222","精度区分":null,"座標系":"任意座標系"}},{"type":"Polygon","arcs":[[-3869,-3868,-3866,-689,3869,-3859]],"properties":{"市区町村名":"奥尻郡奥尻町","大字名":null,"丁目名":null,"小字名":"字奥尻","地番":"226","精度区分":null,"座標系":"任意座標系"}},{"type":"Polygon","arcs":[[-3742,-3746,-3795,-670]],"properties":{"市区町村名":"奥尻郡奥尻町","大字名":null,"丁目名":null,"小字名":"字奥尻","地番":"229","精度区分":null,"座標系":"任意座標系"}},{"type":"Polygon","arcs":[[-855,-162,-687]],"properties":{"市区町村名":"奥尻郡奥尻町","大字名":null,"丁目名":null,"小字名":"字奥尻","地番":"240","精度区分":null,"座標系":"任意座標系"}},{"type":"Polygon","arcs":[[-3812,-3862,3870,-3837,-3823,3871]],"properties":{"市区町村名":"奥尻郡奥尻町","大字名":null,"丁目名":null,"小字名":"字奥尻","地番":"202-1","精度区分":null,"座標系":"任意座標系"}},{"type":"Polygon","arcs":[[-3871,-3861,-3844,-3838]],"properties":{"市区町村名":"奥尻郡奥尻町","大字名":null,"丁目名":null,"小字名":"字奥尻","地番":"201","精度区分":null,"座標系":"任意座標系"}},{"type":"Polygon","arcs":[[-3802,3872,3873,3874,3875,3876]],"properties":{"市区町村名":"奥尻郡奥尻町","大字名":null,"丁目名":null,"小字名":"字奥尻","地番":"195-1","精度区分":null,"座標系":"任意座標系"}},{"type":"Polygon","arcs":[[3877,3878,-3875,3879,-3873,-3808,3880,3881,3882,3883,3884,-742,3885,-740]],"properties":{"市区町村名":"奥尻郡奥尻町","大字名":null,"丁目名":null,"小字名":"字奥尻","地番":"道-51","精度区分":null,"座標系":"任意座標系"}},{"type":"Polygon","arcs":[[3886,3887,-3876,-3879]],"properties":{"市区町村名":"奥尻郡奥尻町","大字名":null,"丁目名":null,"小字名":"字奥尻","地番":"192","精度区分":null,"座標系":"任意座標系"}},{"type":"Polygon","arcs":[[-3803,-3877,-3888,3888]],"properties":{"市区町村名":"奥尻郡奥尻町","大字名":null,"丁目名":null,"小字名":"字奥尻","地番":"191","精度区分":null,"座標系":"任意座標系"}},{"type":"Polygon","arcs":[[-3886,-741]],"properties":{"市区町村名":"奥尻郡奥尻町","大字名":null,"丁目名":null,"小字名":"字奥尻","地番":"193","精度区分":null,"座標系":"任意座標系"}},{"type":"Polygon","arcs":[[-3885,3889,-743]],"properties":{"市区町村名":"奥尻郡奥尻町","大字名":null,"丁目名":null,"小字名":"字奥尻","地番":"194-1","精度区分":null,"座標系":"任意座標系"}},{"type":"Polygon","arcs":[[-3883,3890]],"properties":{"市区町村名":"奥尻郡奥尻町","大字名":null,"丁目名":null,"小字名":"字奥尻","地番":"194-2","精度区分":null,"座標系":"任意座標系"}},{"type":"Polygon","arcs":[[-3881,-3807,3891]],"properties":{"市区町村名":"奥尻郡奥尻町","大字名":null,"丁目名":null,"小字名":"字奥尻","地番":"194-3","精度区分":null,"座標系":"任意座標系"}},{"type":"Polygon","arcs":[[-3806,3892,-745,3893]],"properties":{"市区町村名":"奥尻郡奥尻町","大字名":null,"丁目名":null,"小字名":"字奥尻","地番":"196-2","精度区分":null,"座標系":"任意座標系"}},{"type":"Polygon","arcs":[[-3893,-3810,-3816,-3817,-746]],"properties":{"市区町村名":"奥尻郡奥尻町","大字名":null,"丁目名":null,"小字名":"字奥尻","地番":"197-2","精度区分":null,"座標系":"任意座標系"}},{"type":"Polygon","arcs":[[-3814,-3872,-3818]],"properties":{"市区町村名":"奥尻郡奥尻町","大字名":null,"丁目名":null,"小字名":"字奥尻","地番":"202-2","精度区分":null,"座標系":"任意座標系"}},{"type":"Polygon","arcs":[[-3884,-3891,-3882,-3892,-3894,-744,-3890]],"properties":{"市区町村名":"奥尻郡奥尻町","大字名":null,"丁目名":null,"小字名":"字奥尻","地番":"194-4","精度区分":null,"座標系":"任意座標系"}},{"type":"Polygon","arcs":[[-611,-769,3894,3895,3896,3897]],"properties":{"市区町村名":"奥尻郡奥尻町","大字名":null,"丁目名":null,"小字名":"字奥尻","地番":"147-2","精度区分":null,"座標系":"任意座標系"}},{"type":"Polygon","arcs":[[3898,-766]],"properties":{"市区町村名":"奥尻郡奥尻町","大字名":null,"丁目名":null,"小字名":"字奥尻","地番":"145-2","精度区分":null,"座標系":"任意座標系"}},{"type":"Polygon","arcs":[[3899,3900,-767,-3899,-765,3901,-20,3902]],"properties":{"市区町村名":"奥尻郡奥尻町","大字名":null,"丁目名":null,"小字名":"字奥尻","地番":"145-1","精度区分":null,"座標系":"任意座標系"}},{"type":"Polygon","arcs":[[3903,-768,-3901,3904,3905,-618,3906]],"properties":{"市区町村名":"奥尻郡奥尻町","大字名":null,"丁目名":null,"小字名":"字奥尻","地番":"道-52","精度区分":null,"座標系":"任意座標系"}},{"type":"Polygon","arcs":[[-616,3907,3908,-3904,3909]],"properties":{"市区町村名":"奥尻郡奥尻町","大字名":null,"丁目名":null,"小字名":"字奥尻","地番":"149","精度区分":null,"座標系":"任意座標系"}},{"type":"Polygon","arcs":[[-3895,-3909,3910]],"properties":{"市区町村名":"奥尻郡奥尻町","大字名":null,"丁目名":null,"小字名":"字奥尻","地番":"148-2","精度区分":null,"座標系":"任意座標系"}},{"type":"Polygon","arcs":[[3911,-613,3912,3913,-3896,-3911,-3908,-615]],"properties":{"市区町村名":"奥尻郡奥尻町","大字名":null,"丁目名":null,"小字名":"字奥尻","地番":"148-1","精度区分":null,"座標系":"任意座標系"}},{"type":"Polygon","arcs":[[-614,-3912]],"properties":{"市区町村名":"奥尻郡奥尻町","大字名":null,"丁目名":null,"小字名":"字奥尻","地番":"148-4","精度区分":null,"座標系":"任意座標系"}},{"type":"Polygon","arcs":[[-612,-3898,-3913]],"properties":{"市区町村名":"奥尻郡奥尻町","大字名":null,"丁目名":null,"小字名":"字奥尻","地番":"148-3","精度区分":null,"座標系":"任意座標系"}},{"type":"Polygon","arcs":[[-3897,-3914]],"properties":{"市区町村名":"奥尻郡奥尻町","大字名":null,"丁目名":null,"小字名":"字奥尻","地番":"147-1","精度区分":null,"座標系":"任意座標系"}},{"type":"Polygon","arcs":[[-3822,-3831,-3834,-707]],"properties":{"市区町村名":"奥尻郡奥尻町","大字名":null,"丁目名":null,"小字名":"字奥尻","地番":"198-6","精度区分":null,"座標系":"任意座標系"}},{"type":"Polygon","arcs":[[3914,-753,3915]],"properties":{"市区町村名":"奥尻郡奥尻町","大字名":null,"丁目名":null,"小字名":"字奥尻","地番":"225-2","精度区分":null,"座標系":"任意座標系"}},{"type":"Polygon","arcs":[[-3915,3916,-756,3917,-754]],"properties":{"市区町村名":"奥尻郡奥尻町","大字名":null,"丁目名":null,"小字名":"字奥尻","地番":"225-1","精度区分":null,"座標系":"任意座標系"}},{"type":"Polygon","arcs":[[-3874,-3880]],"properties":{"市区町村名":"奥尻郡奥尻町","大字名":null,"丁目名":null,"小字名":"字奥尻","地番":"195-2","精度区分":null,"座標系":"任意座標系"}},{"type":"Polygon","arcs":[[-3910,-3907,-617]],"properties":{"市区町村名":"奥尻郡奥尻町","大字名":null,"丁目名":null,"小字名":"字奥尻","地番":"151","精度区分":null,"座標系":"任意座標系"}},{"type":"Polygon","arcs":[[-619,-3906,3918,3919]],"properties":{"市区町村名":"奥尻郡奥尻町","大字名":null,"丁目名":null,"小字名":"字奥尻","地番":"150","精度区分":null,"座標系":"任意座標系"}},{"type":"Polygon","arcs":[[3920,-607]],"properties":{"市区町村名":"奥尻郡奥尻町","大字名":null,"丁目名":null,"小字名":"字奥尻","地番":"162","精度区分":null,"座標系":"任意座標系"}},{"type":"Polygon","arcs":[[-655,3921,-653,3922,3923]],"properties":{"市区町村名":"奥尻郡奥尻町","大字名":null,"丁目名":null,"小字名":"字奥尻","地番":"160","精度区分":null,"座標系":"任意座標系"}},{"type":"Polygon","arcs":[[3924,-3923,-652,3925]],"properties":{"市区町村名":"奥尻郡奥尻町","大字名":null,"丁目名":null,"小字名":"字奥尻","地番":"159","精度区分":null,"座標系":"任意座標系"}},{"type":"Polygon","arcs":[[3926,-156,3927,3928,-621]],"properties":{"市区町村名":"奥尻郡奥尻町","大字名":null,"丁目名":null,"小字名":"字奥尻","地番":"152","精度区分":null,"座標系":"任意座標系"}},{"type":"Polygon","arcs":[[-135,3929,-625,3930,3931]],"properties":{"市区町村名":"奥尻郡奥尻町","大字名":null,"丁目名":null,"小字名":"字奥尻","地番":"139","精度区分":null,"座標系":"任意座標系"}},{"type":"Polygon","arcs":[[-3920,3932,-3903,-19,3933,3934,3935,-136,-3932,3936,-623,3937,-153,-3927,-620]],"properties":{"市区町村名":"奥尻郡奥尻町","大字名":null,"丁目名":null,"小字名":"字奥尻","地番":"長狭物不明-16","精度区分":null,"座標系":"任意座標系"}},{"type":"Polygon","arcs":[[-3919,-3905,-3900,-3933]],"properties":{"市区町村名":"奥尻郡奥尻町","大字名":null,"丁目名":null,"小字名":"字奥尻","地番":"146","精度区分":null,"座標系":"任意座標系"}},{"type":"Polygon","arcs":[[3938,-154,-3938,-622,-3929]],"properties":{"市区町村名":"奥尻郡奥尻町","大字名":null,"丁目名":null,"小字名":"字奥尻","地番":"135","精度区分":null,"座標系":"任意座標系"}},{"type":"Polygon","arcs":[[-155,-3939,-3928]],"properties":{"市区町村名":"奥尻郡奥尻町","大字名":null,"丁目名":null,"小字名":"字奥尻","地番":"136","精度区分":null,"座標系":"任意座標系"}},{"type":"Polygon","arcs":[[-764,-785,3939,3940,3941,-13,-3902]],"properties":{"市区町村名":"奥尻郡奥尻町","大字名":null,"丁目名":null,"小字名":"字奥尻","地番":"144-1","精度区分":null,"座標系":"任意座標系"}},{"type":"Polygon","arcs":[[-3941,3942,3943,3944,3945,3946,3947,3948]],"properties":{"市区町村名":"奥尻郡奥尻町","大字名":null,"丁目名":null,"小字名":"字奥尻","地番":"長狭物不明-17","精度区分":null,"座標系":"任意座標系"}},{"type":"Polygon","arcs":[[3949,3950,3951,3952,3953,-3944]],"properties":{"市区町村名":"奥尻郡奥尻町","大字名":null,"丁目名":null,"小字名":"字奥尻","地番":"102-1","精度区分":null,"座標系":"任意座標系"}},{"type":"Polygon","arcs":[[3954,3955]],"properties":{"市区町村名":"奥尻郡奥尻町","大字名":null,"丁目名":null,"小字名":"字奥尻","地番":"103-4","精度区分":null,"座標系":"任意座標系"}},{"type":"Polygon","arcs":[[-762,3956,3957,3958,-3955,-784]],"properties":{"市区町村名":"奥尻郡奥尻町","大字名":null,"丁目名":null,"小字名":"字奥尻","地番":"103-2","精度区分":null,"座標系":"任意座標系"}},{"type":"Polygon","arcs":[[-3956,-3959,3959,-3950,-3943,-3940]],"properties":{"市区町村名":"奥尻郡奥尻町","大字名":null,"丁目名":null,"小字名":"字奥尻","地番":"103-1","精度区分":null,"座標系":"任意座標系"}},{"type":"Polygon","arcs":[[3960,3961,3962,-3951,3963]],"properties":{"市区町村名":"奥尻郡奥尻町","大字名":null,"丁目名":null,"小字名":"字奥尻","地番":"102-7","精度区分":null,"座標系":"任意座標系"}},{"type":"Polygon","arcs":[[-3957,-761,3964,-3961]],"properties":{"市区町村名":"奥尻郡奥尻町","大字名":null,"丁目名":null,"小字名":"字奥尻","地番":"102-4","精度区分":null,"座標系":"任意座標系"}},{"type":"Polygon","arcs":[[3965,3966,-3952,-3963]],"properties":{"市区町村名":"奥尻郡奥尻町","大字名":null,"丁目名":null,"小字名":"字奥尻","地番":"102-3","精度区分":null,"座標系":"任意座標系"}},{"type":"Polygon","arcs":[[3967,-758,3968,3969,3970,3971,3972,3973,3974,-3966,-3962,-3965,-760]],"properties":{"市区町村名":"奥尻郡奥尻町","大字名":null,"丁目名":null,"小字名":"字奥尻","地番":"長狭物不明-18","精度区分":null,"座標系":"任意座標系"}},{"type":"Polygon","arcs":[[3975,-3973,3976]],"properties":{"市区町村名":"奥尻郡奥尻町","大字名":null,"丁目名":null,"小字名":"字奥尻","地番":"99-2","精度区分":null,"座標系":"任意座標系"}},{"type":"Polygon","arcs":[[-3972,3977,3978,3979,3980]],"properties":{"市区町村名":"奥尻郡奥尻町","大字名":null,"丁目名":null,"小字名":"字奥尻","地番":"99-1","精度区分":null,"座標系":"任意座標系"}},{"type":"Polygon","arcs":[[-3971,3981,3982,-3978]],"properties":{"市区町村名":"奥尻郡奥尻町","大字名":null,"丁目名":null,"小字名":"字奥尻","地番":"99-5","精度区分":null,"座標系":"任意座標系"}},{"type":"Polygon","arcs":[[-3970,3983,3984,3985,3986,3987,-3982]],"properties":{"市区町村名":"奥尻郡奥尻町","大字名":null,"丁目名":null,"小字名":"字奥尻","地番":"97-4","精度区分":null,"座標系":"任意座標系"}},{"type":"Polygon","arcs":[[-3985,3988,3989,3990]],"properties":{"市区町村名":"奥尻郡奥尻町","大字名":null,"丁目名":null,"小字名":"字奥尻","地番":"97-5","精度区分":null,"座標系":"任意座標系"}},{"type":"Polygon","arcs":[[3991,3992,3993,3994]],"properties":{"市区町村名":"奥尻郡奥尻町","大字名":null,"丁目名":null,"小字名":"字奥尻","地番":"814-3","精度区分":null,"座標系":"任意座標系"}},{"type":"Polygon","arcs":[[3995,3996,3997,3998,3999,4000,4001,4002,4003]],"properties":{"市区町村名":"奥尻郡奥尻町","大字名":null,"丁目名":null,"小字名":"字奥尻","地番":"94-1","精度区分":null,"座標系":"任意座標系"}},{"type":"Polygon","arcs":[[4004,4005,4006,-3999]],"properties":{"市区町村名":"奥尻郡奥尻町","大字名":null,"丁目名":null,"小字名":"字奥尻","地番":"95-1","精度区分":null,"座標系":"任意座標系"}},{"type":"Polygon","arcs":[[-3993,4007,4008,4009,4010,4011,4012,4013,4014,-43,4015,4016,4017,-4001,4018,4019]],"properties":{"市区町村名":"奥尻郡奥尻町","大字名":null,"丁目名":null,"小字名":"字奥尻","地番":"長狭物不明-19","精度区分":null,"座標系":"任意座標系"}},{"type":"Polygon","arcs":[[4020,4021,4022]],"properties":{"市区町村名":"奥尻郡奥尻町","大字名":null,"丁目名":null,"小字名":"字奥尻","地番":"102-6","精度区分":null,"座標系":"任意座標系"}},{"type":"Polygon","arcs":[[-3967,-3975,4023,-4021]],"properties":{"市区町村名":"奥尻郡奥尻町","大字名":null,"丁目名":null,"小字名":"字奥尻","地番":"102-5","精度区分":null,"座標系":"任意座標系"}},{"type":"Polygon","arcs":[[-4022,4024,4025,4026]],"properties":{"市区町村名":"奥尻郡奥尻町","大字名":null,"丁目名":null,"小字名":"字奥尻","地番":"101-4","精度区分":null,"座標系":"任意座標系"}},{"type":"Polygon","arcs":[[-4024,-3974,-3976,-4025]],"properties":{"市区町村名":"奥尻郡奥尻町","大字名":null,"丁目名":null,"小字名":"字奥尻","地番":"101-3","精度区分":null,"座標系":"任意座標系"}},{"type":"Polygon","arcs":[[4027,4028,-4027,-3946]],"properties":{"市区町村名":"奥尻郡奥尻町","大字名":null,"丁目名":null,"小字名":"字奥尻","地番":"101-2","精度区分":null,"座標系":"任意座標系"}},{"type":"Polygon","arcs":[[-3954,-4028,-3945]],"properties":{"市区町村名":"奥尻郡奥尻町","大字名":null,"丁目名":null,"小字名":"字奥尻","地番":"101-1","精度区分":null,"座標系":"任意座標系"}},{"type":"Polygon","arcs":[[-759,-3968]],"properties":{"市区町村名":"奥尻郡奥尻町","大字名":null,"丁目名":null,"小字名":"字奥尻","地番":"100","精度区分":null,"座標系":"任意座標系"}},{"type":"Polygon","arcs":[[-3918,-755]],"properties":{"市区町村名":"奥尻郡奥尻町","大字名":null,"丁目名":null,"小字名":"字奥尻","地番":"225-3","精度区分":null,"座標系":"任意座標系"}},{"type":"Polygon","arcs":[[4029,4030,4031,-4007,4032,4033]],"properties":{"市区町村名":"奥尻郡奥尻町","大字名":null,"丁目名":null,"小字名":"字奥尻","地番":"95-3","精度区分":null,"座標系":"任意座標系"}},{"type":"Polygon","arcs":[[-4018,4034,-4002]],"properties":{"市区町村名":"奥尻郡奥尻町","大字名":null,"丁目名":null,"小字名":"字奥尻","地番":"94-5","精度区分":null,"座標系":"任意座標系"}},{"type":"Polygon","arcs":[[-4035,-4017,4035,4036,4037]],"properties":{"市区町村名":"奥尻郡奥尻町","大字名":null,"丁目名":null,"小字名":"字奥尻","地番":"93-2","精度区分":null,"座標系":"任意座標系"}},{"type":"Polygon","arcs":[[-4016,-45,4038,-4036]],"properties":{"市区町村名":"奥尻郡奥尻町","大字名":null,"丁目名":null,"小字名":"字奥尻","地番":"93-3","精度区分":null,"座標系":"任意座標系"}},{"type":"Polygon","arcs":[[-4011,4039,4040,4041,4042]],"properties":{"市区町村名":"奥尻郡奥尻町","大字名":null,"丁目名":null,"小字名":"字奥尻","地番":"89-18","精度区分":null,"座標系":"任意座標系"}},{"type":"Polygon","arcs":[[-4041,4043,4044,4045,4046]],"properties":{"市区町村名":"奥尻郡奥尻町","大字名":null,"丁目名":null,"小字名":"字奥尻","地番":"89-11","精度区分":null,"座標系":"任意座標系"}},{"type":"Polygon","arcs":[[-4045,4047,4048,4049]],"properties":{"市区町村名":"奥尻郡奥尻町","大字名":null,"丁目名":null,"小字名":"字奥尻","地番":"89-7","精度区分":null,"座標系":"任意座標系"}},{"type":"Polygon","arcs":[[-4046,-4050,4050,4051,4052]],"properties":{"市区町村名":"奥尻郡奥尻町","大字名":null,"丁目名":null,"小字名":"字奥尻","地番":"89-6","精度区分":null,"座標系":"任意座標系"}},{"type":"Polygon","arcs":[[-643,-853]],"properties":{"市区町村名":"奥尻郡奥尻町","大字名":null,"丁目名":null,"小字名":"字奥尻","地番":"134","精度区分":null,"座標系":"任意座標系"}},{"type":"Polygon","arcs":[[-640,-851]],"properties":{"市区町村名":"奥尻郡奥尻町","大字名":null,"丁目名":null,"小字名":"字奥尻","地番":"133","精度区分":null,"座標系":"任意座標系"}},{"type":"Polygon","arcs":[[4053,4054,4055,4056,4057,-143,-632]],"properties":{"市区町村名":"奥尻郡奥尻町","大字名":null,"丁目名":null,"小字名":"字奥尻","地番":"道-53","精度区分":null,"座標系":"任意座標系"}},{"type":"Polygon","arcs":[[-145,4058,4059,-848]],"properties":{"市区町村名":"奥尻郡奥尻町","大字名":null,"丁目名":null,"小字名":"字奥尻","地番":"124","精度区分":null,"座標系":"任意座標系"}},{"type":"Polygon","arcs":[[-144,-4058,4060,-4059]],"properties":{"市区町村名":"奥尻郡奥尻町","大字名":null,"丁目名":null,"小字名":"字奥尻","地番":"123","精度区分":null,"座標系":"任意座標系"}},{"type":"Polygon","arcs":[[-18,-379,4061,4062,4063,4064,4065,4066,-3934]],"properties":{"市区町村名":"奥尻郡奥尻町","大字名":null,"丁目名":null,"小字名":"字奥尻","地番":"道-54","精度区分":null,"座標系":"任意座標系"}},{"type":"Polygon","arcs":[[-377,-152,4067,4068]],"properties":{"市区町村名":"奥尻郡奥尻町","大字名":null,"丁目名":null,"小字名":"字奥尻","地番":"道-55","精度区分":null,"座標系":"任意座標系"}},{"type":"Polygon","arcs":[[-378,-4069,-4064,4069,-4062]],"properties":{"市区町村名":"奥尻郡奥尻町","大字名":null,"丁目名":null,"小字名":"字奥尻","地番":"82","精度区分":null,"座標系":"任意座標系"}},{"type":"Polygon","arcs":[[-4070,-4063]],"properties":{"市区町村名":"奥尻郡奥尻町","大字名":null,"丁目名":null,"小字名":"字奥尻","地番":"83","精度区分":null,"座標系":"任意座標系"}},{"type":"Polygon","arcs":[[4070,4071,-4004,4072,-149]],"properties":{"市区町村名":"奥尻郡奥尻町","大字名":null,"丁目名":null,"小字名":"字奥尻","地番":"98-1","精度区分":null,"座標系":"任意座標系"}},{"type":"Polygon","arcs":[[4073,-4055,4074]],"properties":{"市区町村名":"奥尻郡奥尻町","大字名":null,"丁目名":null,"小字名":"字奥尻","地番":"122","精度区分":null,"座標系":"任意座標系"}},{"type":"Polygon","arcs":[[4075,-4075,-4054,-843]],"properties":{"市区町村名":"奥尻郡奥尻町","大字名":null,"丁目名":null,"小字名":"字奥尻","地番":"121","精度区分":null,"座標系":"任意座標系"}},{"type":"Polygon","arcs":[[4076,-839,-127,4077,4078,-133,-3936]],"properties":{"市区町村名":"奥尻郡奥尻町","大字名":null,"丁目名":null,"小字名":"字奥尻","地番":"道-56","精度区分":null,"座標系":"任意座標系"}},{"type":"Polygon","arcs":[[-4079,4079,4080,-626,-3930,-134]],"properties":{"市区町村名":"奥尻郡奥尻町","大字名":null,"丁目名":null,"小字名":"字奥尻","地番":"143","精度区分":null,"座標系":"任意座標系"}},{"type":"Polygon","arcs":[[4081,4082,4083,-628]],"properties":{"市区町村名":"奥尻郡奥尻町","大字名":null,"丁目名":null,"小字名":"字奥尻","地番":"110","精度区分":null,"座標系":"任意座標系"}},{"type":"Polygon","arcs":[[-4081,4084,-131,4085,4086,-4082,-627]],"properties":{"市区町村名":"奥尻郡奥尻町","大字名":null,"丁目名":null,"小字名":"字奥尻","地番":"109","精度区分":null,"座標系":"任意座標系"}},{"type":"Polygon","arcs":[[-4080,-4078,-132,-4085]],"properties":{"市区町村名":"奥尻郡奥尻町","大字名":null,"丁目名":null,"小字名":"字奥尻","地番":"108","精度区分":null,"座標系":"任意座標系"}},{"type":"Polygon","arcs":[[-141,-832,4087,4088,4089]],"properties":{"市区町村名":"奥尻郡奥尻町","大字名":null,"丁目名":null,"小字名":"字奥尻","地番":"116","精度区分":null,"座標系":"任意座標系"}},{"type":"Polygon","arcs":[[-3991,4090,4091,-3986]],"properties":{"市区町村名":"奥尻郡奥尻町","大字名":null,"丁目名":null,"小字名":"字奥尻","地番":"97-1","精度区分":null,"座標系":"任意座標系"}},{"type":"Polygon","arcs":[[4092,4093,4094,-3979]],"properties":{"市区町村名":"奥尻郡奥尻町","大字名":null,"丁目名":null,"小字名":"字奥尻","地番":"94-2","精度区分":null,"座標系":"任意座標系"}},{"type":"Polygon","arcs":[[-3983,-3988,-4093]],"properties":{"市区町村名":"奥尻郡奥尻町","大字名":null,"丁目名":null,"小字名":"字奥尻","地番":"94-4","精度区分":null,"座標系":"任意座標系"}},{"type":"Polygon","arcs":[[-3987,-4092,4095,4096,4097]],"properties":{"市区町村名":"奥尻郡奥尻町","大字名":null,"丁目名":null,"小字名":"字奥尻","地番":"97-3","精度区分":null,"座標系":"任意座標系"}},{"type":"Polygon","arcs":[[-4097,4098,-3997]],"properties":{"市区町村名":"奥尻郡奥尻町","大字名":null,"丁目名":null,"小字名":"字奥尻","地番":"97-2","精度区分":null,"座標系":"任意座標系"}},{"type":"Polygon","arcs":[[4099,-4005,-3998,-4099]],"properties":{"市区町村名":"奥尻郡奥尻町","大字名":null,"丁目名":null,"小字名":"字奥尻","地番":"96-1","精度区分":null,"座標系":"任意座標系"}},{"type":"Polygon","arcs":[[-4096,4100,4101,-4100]],"properties":{"市区町村名":"奥尻郡奥尻町","大字名":null,"丁目名":null,"小字名":"字奥尻","地番":"96-3","精度区分":null,"座標系":"任意座標系"}},{"type":"Polygon","arcs":[[-4091,-3990,4102,-4034,-4101]],"properties":{"市区町村名":"奥尻郡奥尻町","大字名":null,"丁目名":null,"小字名":"字奥尻","地番":"96-2","精度区分":null,"座標系":"任意座標系"}},{"type":"Polygon","arcs":[[-4102,-4033,-4006]],"properties":{"市区町村名":"奥尻郡奥尻町","大字名":null,"丁目名":null,"小字名":"字奥尻","地番":"95-2","精度区分":null,"座標系":"任意座標系"}},{"type":"Polygon","arcs":[[-4032,4103,-4019,-4000]],"properties":{"市区町村名":"奥尻郡奥尻町","大字名":null,"丁目名":null,"小字名":"字奥尻","地番":"94-6","精度区分":null,"座標系":"任意座標系"}},{"type":"Polygon","arcs":[[-3977,-3981,4104,4105,-4026]],"properties":{"市区町村名":"奥尻郡奥尻町","大字名":null,"丁目名":null,"小字名":"字奥尻","地番":"99-4","精度区分":null,"座標系":"任意座標系"}},{"type":"Polygon","arcs":[[-3947,-4106,4106,4107]],"properties":{"市区町村名":"奥尻郡奥尻町","大字名":null,"丁目名":null,"小字名":"字奥尻","地番":"99-3","精度区分":null,"座標系":"任意座標系"}},{"type":"Polygon","arcs":[[-4105,-3980,-4095,4108,-4071,4109,-4107]],"properties":{"市区町村名":"奥尻郡奥尻町","大字名":null,"丁目名":null,"小字名":"字奥尻","地番":"道-57","精度区分":null,"座標系":"任意座標系"}},{"type":"Polygon","arcs":[[-4073,4110,4111,4112,4113,-150]],"properties":{"市区町村名":"奥尻郡奥尻町","大字名":null,"丁目名":null,"小字名":"字奥尻","地番":"88","精度区分":null,"座標系":"任意座標系"}},{"type":"Polygon","arcs":[[-4003,-4038,4114,-4111]],"properties":{"市区町村名":"奥尻郡奥尻町","大字名":null,"丁目名":null,"小字名":"字奥尻","地番":"93-1","精度区分":null,"座標系":"任意座標系"}},{"type":"Polygon","arcs":[[4115,4116,4117,4118,4119,4120,4121,4122,4123,4124,-4113]],"properties":{"市区町村名":"奥尻郡奥尻町","大字名":null,"丁目名":null,"小字名":"字奥尻","地番":"89-1","精度区分":null,"座標系":"任意座標系"}},{"type":"Polygon","arcs":[[-3931,-624,-3937]],"properties":{"市区町村名":"奥尻郡奥尻町","大字名":null,"丁目名":null,"小字名":"字奥尻","地番":"137","精度区分":null,"座標系":"任意座標系"}},{"type":"Polygon","arcs":[[-654,-3922]],"properties":{"市区町村名":"奥尻郡奥尻町","大字名":null,"丁目名":null,"小字名":"字奥尻","地番":"161","精度区分":null,"座標系":"任意座標系"}},{"type":"Polygon","arcs":[[-130,-810,4125,-807,4126,4127,4128,-116,4129,-4086]],"properties":{"市区町村名":"奥尻郡奥尻町","大字名":null,"丁目名":null,"小字名":"字奥尻","地番":"80","精度区分":null,"座標系":"任意座標系"}},{"type":"Polygon","arcs":[[-4083,-4087,-4130,-119,4130,4131]],"properties":{"市区町村名":"奥尻郡奥尻町","大字名":null,"丁目名":null,"小字名":"字奥尻","地番":"111","精度区分":null,"座標系":"任意座標系"}},{"type":"Polygon","arcs":[[4132,-4128,4133,4134]],"properties":{"市区町村名":"奥尻郡奥尻町","大字名":null,"丁目名":null,"小字名":"字奥尻","地番":"77","精度区分":null,"座標系":"任意座標系"}},{"type":"Polygon","arcs":[[-4134,-4127,-813,-726,4135]],"properties":{"市区町村名":"奥尻郡奥尻町","大字名":null,"丁目名":null,"小字名":"字奥尻","地番":"71","精度区分":null,"座標系":"任意座標系"}},{"type":"Polygon","arcs":[[-118,4136,-120,4137,-4131]],"properties":{"市区町村名":"奥尻郡奥尻町","大字名":null,"丁目名":null,"小字名":"字奥尻","地番":"74","精度区分":null,"座標系":"任意座標系"}},{"type":"Polygon","arcs":[[4138,-4135,-4136,-122]],"properties":{"市区町村名":"奥尻郡奥尻町","大字名":null,"丁目名":null,"小字名":"字奥尻","地番":"76","精度区分":null,"座標系":"任意座標系"}},{"type":"Polygon","arcs":[[-629,4139,-126,4140,-138]],"properties":{"市区町村名":"奥尻郡奥尻町","大字名":null,"丁目名":null,"小字名":"字奥尻","地番":"113","精度区分":null,"座標系":"任意座標系"}},{"type":"Polygon","arcs":[[-4141,4141,4142,4143]],"properties":{"市区町村名":"奥尻郡奥尻町","大字名":null,"丁目名":null,"小字名":"字奥尻","地番":"水-32","精度区分":null,"座標系":"任意座標系"}},{"type":"Polygon","arcs":[[-125,-725,-788,-824,4144]],"properties":{"市区町村名":"奥尻郡奥尻町","大字名":null,"丁目名":null,"小字名":"字奥尻","地番":"68","精度区分":null,"座標系":"任意座標系"}},{"type":"Polygon","arcs":[[-139,-4144,4145,-821]],"properties":{"市区町村名":"奥尻郡奥尻町","大字名":null,"丁目名":null,"小字名":"字奥尻","地番":"115","精度区分":null,"座標系":"任意座標系"}},{"type":"Polygon","arcs":[[-4143,4146,-822,-4146]],"properties":{"市区町村名":"奥尻郡奥尻町","大字名":null,"丁目名":null,"小字名":"字奥尻","地番":"117V1","精度区分":null,"座標系":"任意座標系"}},{"type":"Polygon","arcs":[[-4142,-4145,-823,-4147]],"properties":{"市区町村名":"奥尻郡奥尻町","大字名":null,"丁目名":null,"小字名":"字奥尻","地番":"118","精度区分":null,"座標系":"任意座標系"}},{"type":"Polygon","arcs":[[-830,4147,4148,4149,4150]],"properties":{"市区町村名":"奥尻郡奥尻町","大字名":null,"丁目名":null,"小字名":"字奥尻","地番":"119","精度区分":null,"座標系":"任意座標系"}},{"type":"Polygon","arcs":[[-829,-836,-838,4151,-4148]],"properties":{"市区町村名":"奥尻郡奥尻町","大字名":null,"丁目名":null,"小字名":"字奥尻","地番":"67","精度区分":null,"座標系":"任意座標系"}},{"type":"Polygon","arcs":[[-3942,-3949,4152,-14]],"properties":{"市区町村名":"奥尻郡奥尻町","大字名":null,"丁目名":null,"小字名":"字奥尻","地番":"104-1","精度区分":null,"座標系":"任意座標系"}},{"type":"Polygon","arcs":[[-4153,-3948,-4108,-4110,-148,-15]],"properties":{"市区町村名":"奥尻郡奥尻町","大字名":null,"丁目名":null,"小字名":"字奥尻","地番":"104-2","精度区分":null,"座標系":"任意座標系"}},{"type":"Polygon","arcs":[[4153,-4116,-4112,-4115]],"properties":{"市区町村名":"奥尻郡奥尻町","大字名":null,"丁目名":null,"小字名":"字奥尻","地番":"89-2","精度区分":null,"座標系":"任意座標系"}},{"type":"Polygon","arcs":[[-4037,4154,4155,-4117,-4154]],"properties":{"市区町村名":"奥尻郡奥尻町","大字名":null,"丁目名":null,"小字名":"字奥尻","地番":"89-16","精度区分":null,"座標系":"任意座標系"}},{"type":"Polygon","arcs":[[4156,4157,4158,4159,-4119]],"properties":{"市区町村名":"奥尻郡奥尻町","大字名":null,"丁目名":null,"小字名":"字奥尻","地番":"89-4","精度区分":null,"座標系":"任意座標系"}},{"type":"Polygon","arcs":[[-4160,4160,4161,-4052,-4120]],"properties":{"市区町村名":"奥尻郡奥尻町","大字名":null,"丁目名":null,"小字名":"字奥尻","地番":"89-5","精度区分":null,"座標系":"任意座標系"}},{"type":"Polygon","arcs":[[-4121,-4051,-4049,4162,4163]],"properties":{"市区町村名":"奥尻郡奥尻町","大字名":null,"丁目名":null,"小字名":"字奥尻","地番":"89-8","精度区分":null,"座標系":"任意座標系"}},{"type":"Polygon","arcs":[[-4109,4164,-4072]],"properties":{"市区町村名":"奥尻郡奥尻町","大字名":null,"丁目名":null,"小字名":"字奥尻","地番":"98-2","精度区分":null,"座標系":"任意座標系"}},{"type":"Polygon","arcs":[[-3958,-3964,-3960]],"properties":{"市区町村名":"奥尻郡奥尻町","大字名":null,"丁目名":null,"小字名":"字奥尻","地番":"103-3","精度区分":null,"座標系":"任意座標系"}},{"type":"Polygon","arcs":[[4165,-4013,4166,-4158]],"properties":{"市区町村名":"奥尻郡奥尻町","大字名":null,"丁目名":null,"小字名":"字奥尻","地番":"89-20","精度区分":null,"座標系":"任意座標系"}},{"type":"Polygon","arcs":[[4167,-4014,-4166,4168]],"properties":{"市区町村名":"奥尻郡奥尻町","大字名":null,"丁目名":null,"小字名":"字奥尻","地番":"89-21","精度区分":null,"座標系":"任意座標系"}},{"type":"Polygon","arcs":[[-4161,-4159,4169,-4043,4170,4171]],"properties":{"市区町村名":"奥尻郡奥尻町","大字名":null,"丁目名":null,"小字名":"字奥尻","地番":"89-24","精度区分":null,"座標系":"任意座標系"}},{"type":"Polygon","arcs":[[-4167,-4012,-4170]],"properties":{"市区町村名":"奥尻郡奥尻町","大字名":null,"丁目名":null,"小字名":"字奥尻","地番":"89-19","精度区分":null,"座標系":"任意座標系"}},{"type":"Polygon","arcs":[[-4171,-4042,-4047,4172]],"properties":{"市区町村名":"奥尻郡奥尻町","大字名":null,"丁目名":null,"小字名":"字奥尻","地番":"89-22","精度区分":null,"座標系":"任意座標系"}},{"type":"Polygon","arcs":[[-4172,-4173,-4053,-4162]],"properties":{"市区町村名":"奥尻郡奥尻町","大字名":null,"丁目名":null,"小字名":"字奥尻","地番":"89-23","精度区分":null,"座標系":"任意座標系"}},{"type":"Polygon","arcs":[[4173,4174]],"properties":{"市区町村名":"奥尻郡奥尻町","大字名":null,"丁目名":null,"小字名":"字奥尻","地番":"道-58","精度区分":null,"座標系":"任意座標系"}},{"type":"Polygon","arcs":[[4175,-4175,4176,-4066]],"properties":{"市区町村名":"奥尻郡奥尻町","大字名":null,"丁目名":null,"小字名":"字奥尻","地番":"84","精度区分":null,"座標系":"任意座標系"}},{"type":"Polygon","arcs":[[-4089,4177,-4150,4178,4179]],"properties":{"市区町村名":"奥尻郡奥尻町","大字名":null,"丁目名":null,"小字名":"字奥尻","地番":"120","精度区分":null,"座標系":"任意座標系"}},{"type":"Polygon","arcs":[[-4088,-831,-4151,-4178]],"properties":{"市区町村名":"奥尻郡奥尻町","大字名":null,"丁目名":null,"小字名":"字奥尻","地番":"117V2","精度区分":null,"座標系":"任意座標系"}},{"type":"Polygon","arcs":[[-4126,-809,-804,-806,-808]],"properties":{"市区町村名":"奥尻郡奥尻町","大字名":null,"丁目名":null,"小字名":"字奥尻","地番":"58","精度区分":null,"座標系":"任意座標系"}},{"type":"Polygon","arcs":[[4180,-4139,-121,-4137]],"properties":{"市区町村名":"奥尻郡奥尻町","大字名":null,"丁目名":null,"小字名":"字奥尻","地番":"75","精度区分":null,"座標系":"任意座標系"}},{"type":"Polygon","arcs":[[-117,-4129,-4133,-4181]],"properties":{"市区町村名":"奥尻郡奥尻町","大字名":null,"丁目名":null,"小字名":"字奥尻","地番":"78","精度区分":null,"座標系":"任意座標系"}},{"type":"Polygon","arcs":[[4181,4182,4183,4184,4185]],"properties":{"市区町村名":"奥尻郡奥尻町","大字名":null,"丁目名":null,"小字名":"字奥尻","地番":"92-3","精度区分":null,"座標系":"任意座標系"}},{"type":"Polygon","arcs":[[4186,4187,-4009,4188]],"properties":{"市区町村名":"奥尻郡奥尻町","大字名":null,"丁目名":null,"小字名":"字奥尻","地番":"92-4","精度区分":null,"座標系":"任意座標系"}},{"type":"Polygon","arcs":[[4189,4190,4191]],"properties":{"市区町村名":"奥尻郡奥尻町","大字名":null,"丁目名":null,"小字名":"字奥尻","地番":"92-5","精度区分":null,"座標系":"任意座標系"}},{"type":"Polygon","arcs":[[4192,4193,-4190,4194,4195,-4186]],"properties":{"市区町村名":"奥尻郡奥尻町","大字名":null,"丁目名":null,"小字名":"字奥尻","地番":"92-1","精度区分":null,"座標系":"任意座標系"}},{"type":"Polygon","arcs":[[4196,4197,4198,-4195,-4192,4199,-4187]],"properties":{"市区町村名":"奥尻郡奥尻町","大字名":null,"丁目名":null,"小字名":"字奥尻","地番":"92-2","精度区分":null,"座標系":"任意座標系"}},{"type":"Polygon","arcs":[[4200,-4182,-4196,-4199]],"properties":{"市区町村名":"奥尻郡奥尻町","大字名":null,"丁目名":null,"小字名":"字奥尻","地番":"92-6","精度区分":null,"座標系":"任意座標系"}},{"type":"Polygon","arcs":[[4201,-4193,-4185]],"properties":{"市区町村名":"奥尻郡奥尻町","大字名":null,"丁目名":null,"小字名":"字奥尻","地番":"92-7","精度区分":null,"座標系":"任意座標系"}},{"type":"Polygon","arcs":[[-4183,-4201,-4198,4202]],"properties":{"市区町村名":"奥尻郡奥尻町","大字名":null,"丁目名":null,"小字名":"字奥尻","地番":"814-2","精度区分":null,"座標系":"任意座標系"}},{"type":"Polygon","arcs":[[-4039,-44,-4015,-4168,4203,-4155]],"properties":{"市区町村名":"奥尻郡奥尻町","大字名":null,"丁目名":null,"小字名":"字奥尻","地番":"89-17","精度区分":null,"座標系":"任意座標系"}},{"type":"Polygon","arcs":[[-4094,-4098,-3996,-4165]],"properties":{"市区町村名":"奥尻郡奥尻町","大字名":null,"丁目名":null,"小字名":"字奥尻","地番":"94-3","精度区分":null,"座標系":"任意座標系"}},{"type":"Polygon","arcs":[[-4164,-4122]],"properties":{"市区町村名":"奥尻郡奥尻町","大字名":null,"丁目名":null,"小字名":"字奥尻","地番":"89-9","精度区分":null,"座標系":"任意座標系"}},{"type":"Polygon","arcs":[[4204,-4124]],"properties":{"市区町村名":"奥尻郡奥尻町","大字名":null,"丁目名":null,"小字名":"字奥尻","地番":"40-12","精度区分":null,"座標系":"任意座標系"}},{"type":"Polygon","arcs":[[-4156,-4204,-4169,-4157,-4118]],"properties":{"市区町村名":"奥尻郡奥尻町","大字名":null,"丁目名":null,"小字名":"字奥尻","地番":"89-3","精度区分":null,"座標系":"任意座標系"}},{"type":"Polygon","arcs":[[-3953,-4023,-4029]],"properties":{"市区町村名":"奥尻郡奥尻町","大字名":null,"丁目名":null,"小字名":"字奥尻","地番":"102-2","精度区分":null,"座標系":"任意座標系"}},{"type":"Polygon","arcs":[[4205,-779,4206]],"properties":{"市区町村名":"奥尻郡奥尻町","大字名":null,"丁目名":null,"小字名":"字稲穂","地番":"578","精度区分":null,"座標系":"任意座標系"}},{"type":"Polygon","arcs":[[4207]],"properties":{"市区町村名":"奥尻郡奥尻町","大字名":null,"丁目名":null,"小字名":"字稲穂","地番":"577","精度区分":null,"座標系":"任意座標系"}},{"type":"Polygon","arcs":[[4208,-780,-4206]],"properties":{"市区町村名":"奥尻郡奥尻町","大字名":null,"丁目名":null,"小字名":"字稲穂","地番":"607","精度区分":null,"座標系":"任意座標系"}},{"type":"Polygon","arcs":[[-782,4209,4210,4211]],"properties":{"市区町村名":"奥尻郡奥尻町","大字名":null,"丁目名":null,"小字名":"字稲穂","地番":"608","精度区分":null,"座標系":"任意座標系"}},{"type":"Polygon","arcs":[[-4211,4212,4213,4214]],"properties":{"市区町村名":"奥尻郡奥尻町","大字名":null,"丁目名":null,"小字名":"字稲穂","地番":"609","精度区分":null,"座標系":"任意座標系"}},{"type":"Polygon","arcs":[[-4214,4215,4216,4217]],"properties":{"市区町村名":"奥尻郡奥尻町","大字名":null,"丁目名":null,"小字名":"字稲穂","地番":"610","精度区分":null,"座標系":"任意座標系"}},{"type":"Polygon","arcs":[[4218,4219,4220,4221,-3700,-3690,4222,4223]],"properties":{"市区町村名":"奥尻郡奥尻町","大字名":null,"丁目名":null,"小字名":"字球浦","地番":"道-59","精度区分":null,"座標系":"任意座標系"}},{"type":"Polygon","arcs":[[4224,-4219,4225,-892,-3699,-3684,-3701,-4222,4226]],"properties":{"市区町村名":"奥尻郡奥尻町","大字名":null,"丁目名":null,"小字名":"字球浦","地番":"399","精度区分":null,"座標系":"任意座標系"}},{"type":"Polygon","arcs":[[-4221,4227,-4227]],"properties":{"市区町村名":"奥尻郡奥尻町","大字名":null,"丁目名":null,"小字名":"字球浦","地番":"400","精度区分":null,"座標系":"任意座標系"}},{"type":"Polygon","arcs":[[-4220,-4225,-4228]],"properties":{"市区町村名":"奥尻郡奥尻町","大字名":null,"丁目名":null,"小字名":"字球浦","地番":"401-1","精度区分":null,"座標系":"任意座標系"}},{"type":"Polygon","arcs":[[4228,-4223,-3689]],"properties":{"市区町村名":"奥尻郡奥尻町","大字名":null,"丁目名":null,"小字名":"字奥尻","地番":"550","精度区分":null,"座標系":"任意座標系"}},{"type":"Polygon","arcs":[[-3704,-3692]],"properties":{"市区町村名":"奥尻郡奥尻町","大字名":null,"丁目名":null,"小字名":"字奥尻","地番":"551-4","精度区分":null,"座標系":"任意座標系"}},{"type":"Polygon","arcs":[[4229,4230,4231,4232,4233,-3687,4234,-3747,-3751,4235,-3760,-867,4236]],"properties":{"市区町村名":"奥尻郡奥尻町","大字名":null,"丁目名":null,"小字名":"字奥尻","地番":"水-33","精度区分":null,"座標系":"任意座標系"}},{"type":"Polygon","arcs":[[4237,-4237,4238,4239]],"properties":{"市区町村名":"奥尻郡奥尻町","大字名":null,"丁目名":null,"小字名":"字奥尻","地番":"184","精度区分":null,"座標系":"任意座標系"}},{"type":"Polygon","arcs":[[-4233,4240]],"properties":{"市区町村名":"奥尻郡奥尻町","大字名":null,"丁目名":null,"小字名":"字奥尻","地番":"186","精度区分":null,"座標系":"任意座標系"}},{"type":"Polygon","arcs":[[-4231,4241]],"properties":{"市区町村名":"奥尻郡奥尻町","大字名":null,"丁目名":null,"小字名":"字奥尻","地番":"185","精度区分":null,"座標系":"任意座標系"}},{"type":"Polygon","arcs":[[4242,4243,4244]],"properties":{"市区町村名":"奥尻郡奥尻町","大字名":null,"丁目名":null,"小字名":"字奥尻","地番":"183","精度区分":null,"座標系":"任意座標系"}},{"type":"Polygon","arcs":[[4245,4246,4247,-732,4248]],"properties":{"市区町村名":"奥尻郡奥尻町","大字名":null,"丁目名":null,"小字名":"字奥尻","地番":"170","精度区分":null,"座標系":"任意座標系"}},{"type":"Polygon","arcs":[[4249,4250,-884,4251,4252,4253]],"properties":{"市区町村名":"奥尻郡奥尻町","大字名":null,"丁目名":null,"小字名":"字奥尻","地番":"171","精度区分":null,"座標系":"任意座標系"}},{"type":"Polygon","arcs":[[4254,-4239,-866]],"properties":{"市区町村名":"奥尻郡奥尻町","大字名":null,"丁目名":null,"小字名":"字奥尻","地番":"179","精度区分":null,"座標系":"任意座標系"}},{"type":"Polygon","arcs":[[-4240,-4255,-865,-4243]],"properties":{"市区町村名":"奥尻郡奥尻町","大字名":null,"丁目名":null,"小字名":"字奥尻","地番":"182","精度区分":null,"座標系":"任意座標系"}},{"type":"Polygon","arcs":[[4255,-4244,-864,-4250]],"properties":{"市区町村名":"奥尻郡奥尻町","大字名":null,"丁目名":null,"小字名":"字奥尻","地番":"無地番-28","精度区分":null,"座標系":"任意座標系"}},{"type":"Polygon","arcs":[[4256,-4253,4257,-4246]],"properties":{"市区町村名":"奥尻郡奥尻町","大字名":null,"丁目名":null,"小字名":"字奥尻","地番":"水-34","精度区分":null,"座標系":"任意座標系"}},{"type":"Polygon","arcs":[[-4236,-3750]],"properties":{"市区町村名":"奥尻郡奥尻町","大字名":null,"丁目名":null,"小字名":"字奥尻","地番":"187-3","精度区分":null,"座標系":"任意座標系"}},{"type":"Polygon","arcs":[[4258,-868,-3759,4259,4260,-871,4261]],"properties":{"市区町村名":"奥尻郡奥尻町","大字名":null,"丁目名":null,"小字名":"字奥尻","地番":"178-1","精度区分":null,"座標系":"任意座標系"}},{"type":"Polygon","arcs":[[-4259,4262,-869]],"properties":{"市区町村名":"奥尻郡奥尻町","大字名":null,"丁目名":null,"小字名":"字奥尻","地番":"180","精度区分":null,"座標系":"任意座標系"}},{"type":"Polygon","arcs":[[-4261,4263,-872]],"properties":{"市区町村名":"奥尻郡奥尻町","大字名":null,"丁目名":null,"小字名":"字奥尻","地番":"178-2","精度区分":null,"座標系":"任意座標系"}},{"type":"Polygon","arcs":[[-3770,-874,4264]],"properties":{"市区町村名":"奥尻郡奥尻町","大字名":null,"丁目名":null,"小字名":"字奥尻","地番":"188-2","精度区分":null,"座標系":"任意座標系"}},{"type":"Polygon","arcs":[[-4258,-4252,-883,4265,-735,4266,-4247]],"properties":{"市区町村名":"奥尻郡奥尻町","大字名":null,"丁目名":null,"小字名":"字奥尻","地番":"172","精度区分":null,"座標系":"任意座標系"}},{"type":"Polygon","arcs":[[-4266,-882,-3776,4267,-738,4268,-736]],"properties":{"市区町村名":"奥尻郡奥尻町","大字名":null,"丁目名":null,"小字名":"字奥尻","地番":"175","精度区分":null,"座標系":"任意座標系"}},{"type":"Polygon","arcs":[[-4268,-3775,-3768,-3804,-3889,-3887,-3878,-739]],"properties":{"市区町村名":"奥尻郡奥尻町","大字名":null,"丁目名":null,"小字名":"字奥尻","地番":"177","精度区分":null,"座標系":"任意座標系"}},{"type":"Polygon","arcs":[[-4269,-737]],"properties":{"市区町村名":"奥尻郡奥尻町","大字名":null,"丁目名":null,"小字名":"字奥尻","地番":"176","精度区分":null,"座標系":"任意座標系"}},{"type":"Polygon","arcs":[[4269,-3772,-4265,-873,-4264]],"properties":{"市区町村名":"奥尻郡奥尻町","大字名":null,"丁目名":null,"小字名":"字奥尻","地番":"188-3","精度区分":null,"座標系":"任意座標系"}},{"type":"Polygon","arcs":[[-4262,-870,-4263]],"properties":{"市区町村名":"奥尻郡奥尻町","大字名":null,"丁目名":null,"小字名":"字奥尻","地番":"178-3","精度区分":null,"座標系":"任意座標系"}},{"type":"Polygon","arcs":[[-4251,-863]],"properties":{"市区町村名":"奥尻郡奥尻町","大字名":null,"丁目名":null,"小字名":"字奥尻","地番":"181","精度区分":null,"座標系":"任意座標系"}},{"type":"Polygon","arcs":[[-3758,-3773,-4270,-4260]],"properties":{"市区町村名":"奥尻郡奥尻町","大字名":null,"丁目名":null,"小字名":"字奥尻","地番":"188-1","精度区分":null,"座標系":"任意座標系"}},{"type":"Polygon","arcs":[[4270,-733]],"properties":{"市区町村名":"奥尻郡奥尻町","大字名":null,"丁目名":null,"小字名":"字奥尻","地番":"174","精度区分":null,"座標系":"任意座標系"}},{"type":"Polygon","arcs":[[-4267,-734,-4271,-4248]],"properties":{"市区町村名":"奥尻郡奥尻町","大字名":null,"丁目名":null,"小字名":"字奥尻","地番":"173","精度区分":null,"座標系":"任意座標系"}},{"type":"Polygon","arcs":[[-704,-608,-3921,-606,-770]],"properties":{"市区町村名":"奥尻郡奥尻町","大字名":null,"丁目名":null,"小字名":"字奥尻","地番":"164","精度区分":null,"座標系":"任意座標系"}},{"type":"Polygon","arcs":[[-659,4271]],"properties":{"市区町村名":"奥尻郡奥尻町","大字名":null,"丁目名":null,"小字名":"字奥尻","地番":"水-35","精度区分":null,"座標系":"任意座標系"}},{"type":"Polygon","arcs":[[-776,4272,4273,4274]],"properties":{"市区町村名":"奥尻郡奥尻町","大字名":null,"丁目名":null,"小字名":"字奥尻","地番":"167","精度区分":null,"座標系":"任意座標系"}},{"type":"Polygon","arcs":[[-775,4275,-773,4276,-4273]],"properties":{"市区町村名":"奥尻郡奥尻町","大字名":null,"丁目名":null,"小字名":"字奥尻","地番":"168","精度区分":null,"座標系":"任意座標系"}},{"type":"Polygon","arcs":[[-4276,-774]],"properties":{"市区町村名":"奥尻郡奥尻町","大字名":null,"丁目名":null,"小字名":"字奥尻","地番":"169","精度区分":null,"座標系":"任意座標系"}},{"type":"Polygon","arcs":[[-4277,-772,-602,4277,-4274]],"properties":{"市区町村名":"奥尻郡奥尻町","大字名":null,"丁目名":null,"小字名":"字奥尻","地番":"166","精度区分":null,"座標系":"任意座標系"}},{"type":"Polygon","arcs":[[-660,-4272,-658,-731,4278,4279,-650,4280]],"properties":{"市区町村名":"奥尻郡奥尻町","大字名":null,"丁目名":null,"小字名":"字奥尻","地番":"156","精度区分":null,"座標系":"任意座標系"}},{"type":"Polygon","arcs":[[-771,-604]],"properties":{"市区町村名":"奥尻郡奥尻町","大字名":null,"丁目名":null,"小字名":"字奥尻","地番":"165","精度区分":null,"座標系":"任意座標系"}},{"type":"Polygon","arcs":[[-656,-3924,-3925,4281,-4279]],"properties":{"市区町村名":"奥尻郡奥尻町","大字名":null,"丁目名":null,"小字名":"字奥尻","地番":"158","精度区分":null,"座標系":"任意座標系"}},{"type":"Polygon","arcs":[[-4282,-3926,-651,-4280]],"properties":{"市区町村名":"奥尻郡奥尻町","大字名":null,"丁目名":null,"小字名":"字奥尻","地番":"157","精度区分":null,"座標系":"任意座標系"}},{"type":"Polygon","arcs":[[4282,-3994,-4020,-4104]],"properties":{"市区町村名":"奥尻郡奥尻町","大字名":null,"丁目名":null,"小字名":"字奥尻","地番":"94-7","精度区分":null,"座標系":"任意座標系"}},{"type":"Polygon","arcs":[[-142,-4090,-4180,4283,-841,-630]],"properties":{"市区町村名":"奥尻郡奥尻町","大字名":null,"丁目名":null,"小字名":"字奥尻","地番":"筆界未定地-10","精度区分":null,"座標系":"任意座標系"}},{"type":"Polygon","arcs":[[4284,4285,4286,-3707,-3709,-3705,4287,4288,4289,-601]],"properties":{"市区町村名":"奥尻郡奥尻町","大字名":null,"丁目名":null,"小字名":"字奥尻","地番":"534-1","精度区分":null,"座標系":"任意座標系"}},{"type":"Polygon","arcs":[[-4132,-4138,-4140,-4084]],"properties":{"市区町村名":"奥尻郡奥尻町","大字名":null,"丁目名":null,"小字名":"字奥尻","地番":"筆界未定地-5","精度区分":null,"座標系":"任意座標系"}},{"type":"Polygon","arcs":[[4290,4291,4292,4293,-1474]],"properties":{"市区町村名":"奥尻郡奥尻町","大字名":null,"丁目名":null,"小字名":"字稲穂","地番":"115-4","精度区分":null,"座標系":"任意座標系"}},{"type":"Polygon","arcs":[[-4293,4294,4295,4296]],"properties":{"市区町村名":"奥尻郡奥尻町","大字名":null,"丁目名":null,"小字名":"字稲穂","地番":"115-15","精度区分":null,"座標系":"任意座標系"}},{"type":"Polygon","arcs":[[-4292,-1698,-1704,-1710,-1706,-1709,-1713,4297,4298,4299,4300,4301,-1499,4302,4303,-4295]],"properties":{"市区町村名":"奥尻郡奥尻町","大字名":null,"丁目名":null,"小字名":"字稲穂","地番":"115-1","精度区分":null,"座標系":"任意座標系"}},{"type":"Polygon","arcs":[[4304,4305,4306,-4298,-1712,4307]],"properties":{"市区町村名":"奥尻郡奥尻町","大字名":null,"丁目名":null,"小字名":"字稲穂","地番":"115-16","精度区分":null,"座標系":"任意座標系"}},{"type":"Polygon","arcs":[[-1498,-1799,-4303]],"properties":{"市区町村名":"奥尻郡奥尻町","大字名":null,"丁目名":null,"小字名":"字稲穂","地番":"115-5","精度区分":null,"座標系":"任意座標系"}},{"type":"Polygon","arcs":[[4308,-4296,4309]],"properties":{"市区町村名":"奥尻郡奥尻町","大字名":null,"丁目名":null,"小字名":"字稲穂","地番":"97-5","精度区分":null,"座標系":"任意座標系"}},{"type":"Polygon","arcs":[[-1797,4310,-4297,-4309,4311]],"properties":{"市区町村名":"奥尻郡奥尻町","大字名":null,"丁目名":null,"小字名":"字稲穂","地番":"97-4","精度区分":null,"座標系":"任意座標系"}},{"type":"Polygon","arcs":[[-1796,-1462,-4294,-4311]],"properties":{"市区町村名":"奥尻郡奥尻町","大字名":null,"丁目名":null,"小字名":"字稲穂","地番":"97-3","精度区分":null,"座標系":"任意座標系"}},{"type":"Polygon","arcs":[[-1798,-4312,-4310,-4304]],"properties":{"市区町村名":"奥尻郡奥尻町","大字名":null,"丁目名":null,"小字名":"字稲穂","地番":"97-2","精度区分":null,"座標系":"任意座標系"}},{"type":"Polygon","arcs":[[-1696,-1699,-4291,-1473]],"properties":{"市区町村名":"奥尻郡奥尻町","大字名":null,"丁目名":null,"小字名":"字稲穂","地番":"無地番-8","精度区分":null,"座標系":"任意座標系"}},{"type":"Polygon","arcs":[[4312,4313,4314,4315]],"properties":{"市区町村名":"奥尻郡奥尻町","大字名":null,"丁目名":null,"小字名":"字稲穂","地番":"562-3","精度区分":null,"座標系":"任意座標系"}},{"type":"Polygon","arcs":[[-4316,4316,4317]],"properties":{"市区町村名":"奥尻郡奥尻町","大字名":null,"丁目名":null,"小字名":"字稲穂","地番":"562-2","精度区分":null,"座標系":"任意座標系"}},{"type":"Polygon","arcs":[[4318,4319,4320,-4314]],"properties":{"市区町村名":"奥尻郡奥尻町","大字名":null,"丁目名":null,"小字名":"字稲穂","地番":"562-1","精度区分":null,"座標系":"任意座標系"}},{"type":"Polygon","arcs":[[-3652,-3612,-3651,-3610,-3615,-71,4321,-4317,-4315,-4321,4322,-907,-3632,-3629,-3628,-3635,-394,-92,-3675,-3658,4323]],"properties":{"市区町村名":"奥尻郡奥尻町","大字名":null,"丁目名":null,"小字名":"字稲穂","地番":"水-2","精度区分":null,"座標系":"任意座標系"}},{"type":"Polygon","arcs":[[-188,-1091,4324,-1057]],"properties":{"市区町村名":"奥尻郡奥尻町","大字名":null,"丁目名":null,"小字名":"字球浦","地番":"筆界未定地-41","精度区分":null,"座標系":"任意座標系"}},{"type":"Polygon","arcs":[[4325,-3445,-3430]],"properties":{"市区町村名":"奥尻郡奥尻町","大字名":null,"丁目名":null,"小字名":"字球浦","地番":"77-3","精度区分":null,"座標系":"任意座標系"}},{"type":"Polygon","arcs":[[-2902,4326,4327,4328,4329,4330,-2874,-2857]],"properties":{"市区町村名":"奥尻郡奥尻町","大字名":null,"丁目名":null,"小字名":"字球浦","地番":"156-3","精度区分":null,"座標系":"任意座標系"}},{"type":"Polygon","arcs":[[4331,-4330]],"properties":{"市区町村名":"奥尻郡奥尻町","大字名":null,"丁目名":null,"小字名":"字球浦","地番":"155-2","精度区分":null,"座標系":"任意座標系"}},{"type":"Polygon","arcs":[[4332,4333,-3378,-3374,-3348,-33]],"properties":{"市区町村名":"奥尻郡奥尻町","大字名":null,"丁目名":null,"小字名":"字球浦","地番":"96-1","精度区分":null,"座標系":"任意座標系"}},{"type":"Polygon","arcs":[[4334,4335,-3379,-4334,4336]],"properties":{"市区町村名":"奥尻郡奥尻町","大字名":null,"丁目名":null,"小字名":"字球浦","地番":"96-2","精度区分":null,"座標系":"任意座標系"}},{"type":"Polygon","arcs":[[4337,4338,4339,4340]],"properties":{"市区町村名":"奥尻郡奥尻町","大字名":null,"丁目名":null,"小字名":"字球浦","地番":"100-2","精度区分":null,"座標系":"任意座標系"}},{"type":"Polygon","arcs":[[4341,-3386,-4339]],"properties":{"市区町村名":"奥尻郡奥尻町","大字名":null,"丁目名":null,"小字名":"字球浦","地番":"100-3","精度区分":null,"座標系":"任意座標系"}},{"type":"Polygon","arcs":[[4342,-4341,4343,-4335]],"properties":{"市区町村名":"奥尻郡奥尻町","大字名":null,"丁目名":null,"小字名":"字球浦","地番":"100-1","精度区分":null,"座標系":"任意座標系"}},{"type":"Polygon","arcs":[[4344,-3396,-3387,-4342,-4338]],"properties":{"市区町村名":"奥尻郡奥尻町","大字名":null,"丁目名":null,"小字名":"字球浦","地番":"99-3","精度区分":null,"座標系":"任意座標系"}},{"type":"Polygon","arcs":[[-3390,-4345,-4343,-4337,-4333,4345]],"properties":{"市区町村名":"奥尻郡奥尻町","大字名":null,"丁目名":null,"小字名":"字球浦","地番":"99-1","精度区分":null,"座標系":"任意座標系"}},{"type":"Polygon","arcs":[[4346,-4340,-3382,-3380]],"properties":{"市区町村名":"奥尻郡奥尻町","大字名":null,"丁目名":null,"小字名":"字球浦","地番":"94-2","精度区分":null,"座標系":"任意座標系"}},{"type":"Polygon","arcs":[[-4336,-4344,-4347]],"properties":{"市区町村名":"奥尻郡奥尻町","大字名":null,"丁目名":null,"小字名":"字球浦","地番":"94-1","精度区分":null,"座標系":"任意座標系"}},{"type":"Polygon","arcs":[[4347,4348,4349,4350,4351]],"properties":{"市区町村名":"奥尻郡奥尻町","大字名":null,"丁目名":null,"小字名":"字球浦","地番":"154-7","精度区分":null,"座標系":"任意座標系"}},{"type":"Polygon","arcs":[[4352,4353,4354,4355,-4350]],"properties":{"市区町村名":"奥尻郡奥尻町","大字名":null,"丁目名":null,"小字名":"字球浦","地番":"154-1","精度区分":null,"座標系":"任意座標系"}},{"type":"Polygon","arcs":[[4356,4357,4358,4359]],"properties":{"市区町村名":"奥尻郡奥尻町","大字名":null,"丁目名":null,"小字名":"字球浦","地番":"154-4","精度区分":null,"座標系":"任意座標系"}},{"type":"Polygon","arcs":[[-4360,4360,4361,4362]],"properties":{"市区町村名":"奥尻郡奥尻町","大字名":null,"丁目名":null,"小字名":"字球浦","地番":"154-3","精度区分":null,"座標系":"任意座標系"}},{"type":"Polygon","arcs":[[-2184,-2181,-2635,-567,-2908,-565,-2553,-2528,-1356,-2564,-2556,4363,-4348,4364,-4357,-4363,4365,-2788,-2763,-2639,-2637,4366]],"properties":{"市区町村名":"奥尻郡奥尻町","大字名":null,"丁目名":null,"小字名":"字球浦","地番":"水-17","精度区分":null,"座標系":"任意座標系"}},{"type":"Polygon","arcs":[[-2850,-4331,-4332,-4329,-4361,4367,-2844]],"properties":{"市区町村名":"奥尻郡奥尻町","大字名":null,"丁目名":null,"小字名":"字球浦","地番":"155-3","精度区分":null,"座標系":"任意座標系"}},{"type":"Polygon","arcs":[[-3163,-2804,-4327,-2901]],"properties":{"市区町村名":"奥尻郡奥尻町","大字名":null,"丁目名":null,"小字名":"字球浦","地番":"156-6","精度区分":null,"座標系":"任意座標系"}},{"type":"Polygon","arcs":[[-4362,-4328,-2803,-2898,-4366]],"properties":{"市区町村名":"奥尻郡奥尻町","大字名":null,"丁目名":null,"小字名":"字球浦","地番":"154-2","精度区分":null,"座標系":"任意座標系"}},{"type":"Polygon","arcs":[[-4368,4368,-4355,4369]],"properties":{"市区町村名":"奥尻郡奥尻町","大字名":null,"丁目名":null,"小字名":"字球浦","地番":"155-4","精度区分":null,"座標系":"任意座標系"}},{"type":"Polygon","arcs":[[-2574,-4370,-4354]],"properties":{"市区町村名":"奥尻郡奥尻町","大字名":null,"丁目名":null,"小字名":"字球浦","地番":"155-1","精度区分":null,"座標系":"任意座標系"}},{"type":"Polygon","arcs":[[-2536,4370]],"properties":{"市区町村名":"奥尻郡奥尻町","大字名":null,"丁目名":null,"小字名":"字宮津","地番":"11-6","精度区分":null,"座標系":"任意座標系"}},{"type":"Polygon","arcs":[[-2538,4371,4372,-2557,-1351,-1358]],"properties":{"市区町村名":"奥尻郡奥尻町","大字名":null,"丁目名":null,"小字名":"字宮津","地番":"11-11","精度区分":null,"座標系":"任意座標系"}},{"type":"Polygon","arcs":[[4373,-2589,4374]],"properties":{"市区町村名":"奥尻郡奥尻町","大字名":null,"丁目名":null,"小字名":"字宮津","地番":"2-3","精度区分":null,"座標系":"任意座標系"}},{"type":"Polygon","arcs":[[-4373,4375,-4375,-2594,-2958,-2558]],"properties":{"市区町村名":"奥尻郡奥尻町","大字名":null,"丁目名":null,"小字名":"字宮津","地番":"2-2","精度区分":null,"座標系":"任意座標系"}},{"type":"Polygon","arcs":[[-2268,-543,-49,-2244]],"properties":{"市区町村名":"奥尻郡奥尻町","大字名":null,"丁目名":null,"小字名":"字宮津","地番":"309-2","精度区分":null,"座標系":"任意座標系"}},{"type":"Polygon","arcs":[[-1386,-2220]],"properties":{"市区町村名":"奥尻郡奥尻町","大字名":null,"丁目名":null,"小字名":"字宮津","地番":"316-4","精度区分":null,"座標系":"任意座標系"}},{"type":"Polygon","arcs":[[-183,-180,-905]],"properties":{"市区町村名":"奥尻郡奥尻町","大字名":null,"丁目名":null,"小字名":"字宮津","地番":"無地番-3","精度区分":null,"座標系":"任意座標系"}},{"type":"Polygon","arcs":[[4376,4377,4378]],"properties":{"市区町村名":"奥尻郡奥尻町","大字名":null,"丁目名":null,"小字名":"字宮津","地番":"330-3","精度区分":null,"座標系":"任意座標系"}},{"type":"Polygon","arcs":[[-2049,4379,4380,4381,-2048]],"properties":{"市区町村名":"奥尻郡奥尻町","大字名":null,"丁目名":null,"小字名":"字宮津","地番":"330-1","精度区分":null,"座標系":"任意座標系"}},{"type":"Polygon","arcs":[[4382,-4381,4383,-4378]],"properties":{"市区町村名":"奥尻郡奥尻町","大字名":null,"丁目名":null,"小字名":"字宮津","地番":"330-5","精度区分":null,"座標系":"任意座標系"}},{"type":"Polygon","arcs":[[4384,-2055,-2060,-2058,-1444,-2027,-2066,-2063,-2065,-2028,-1440,4385,-2078,-2081,-2083,4386,-2166,-2163,-2160,-2170,-2169,-2171,-2162,-2165,-2167,4387,-316,-2173,-1436,-2088,-1417,-2090,-2093,-451,-2095,-465,-2097,-2099,-2123,-2505,-2100,-1394,-2518,-2517,-2519,-2511,-2114,4388,-2524,-2521,-2523,4389,4390,-2509,4391,4392,-2474,4393,-274,-278,-272,4394,-2487,-2492,-2489,-2491,-2494,-2493,-2485,-4395,-271,4395,-2454,-1399,-2477,-1401,-2462,-2467,-2453,-2466,-2460,-2465,-2458,-2476,-2464,-2455,-4396,-277,-280,4396,-2401,-2445,-2441,-2468,-2473,-2393,4397,-475,-2480,-2483,-2484,-2481,-2478,-473,-2158,4398,-2498,-2502,-2500,-2501,-2496,-1395,-468,-1397,-2495,-4399,-2157,-466,-2154,-2152,-2156,-2149,-2146,-2148,-2155,-471,-2175,-2503,-2044,-2040,-2046,-4382,-4383,-4377,4399,-1409,-1406,-1402,-1405,-1408,-1411]],"properties":{"市区町村名":"奥尻郡奥尻町","大字名":null,"丁目名":null,"小字名":"字宮津","地番":"道-7","精度区分":null,"座標系":"任意座標系"}},{"type":"Polygon","arcs":[[-4179,-4149,-4152,4400,-4056,-4074,-4076,-842,-4284]],"properties":{"市区町村名":"奥尻郡奥尻町","大字名":null,"丁目名":null,"小字名":"字奥尻","地番":"水-1","精度区分":null,"座標系":"任意座標系"}},{"type":"Polygon","arcs":[[4401]],"properties":{"市区町村名":"奥尻郡奥尻町","大字名":null,"丁目名":null,"小字名":"字奥尻","地番":"道-1-2","精度区分":null,"座標系":"任意座標系"}},{"type":"Polygon","arcs":[[-1761,-1765,-1759,-1754,-1749,-1772,-1775,-1766]],"properties":{"市区町村名":"奥尻郡奥尻町","大字名":null,"丁目名":null,"小字名":"字稲穂","地番":"筆界未定地-1-2","精度区分":null,"座標系":"任意座標系"}},{"type":"Polygon","arcs":[[-1688,4402]],"properties":{"市区町村名":"奥尻郡奥尻町","大字名":null,"丁目名":null,"小字名":"字稲穂","地番":"124-2","精度区分":null,"座標系":"任意座標系"}},{"type":"Polygon","arcs":[[4403,-1614,-1620,4404]],"properties":{"市区町村名":"奥尻郡奥尻町","大字名":null,"丁目名":null,"小字名":"字稲穂","地番":"道-39","精度区分":null,"座標系":"任意座標系"}},{"type":"Polygon","arcs":[[4405,-1612,-4404]],"properties":{"市区町村名":"奥尻郡奥尻町","大字名":null,"丁目名":null,"小字名":"字稲穂","地番":"83V1","精度区分":null,"座標系":"任意座標系"}},{"type":"Polygon","arcs":[[-1615,-1613,4406]],"properties":{"市区町村名":"奥尻郡奥尻町","大字名":null,"丁目名":null,"小字名":"字稲穂","地番":"83V2","精度区分":null,"座標系":"任意座標系"}},{"type":"Polygon","arcs":[[4407,4408,4409,4410,4411,-5]],"properties":{"市区町村名":"奥尻郡奥尻町","大字名":null,"丁目名":null,"小字名":"字球浦","地番":"121-4","精度区分":null,"座標系":"任意座標系"}},{"type":"Polygon","arcs":[[-3408,-4412,4412,-3410,4413]],"properties":{"市区町村名":"奥尻郡奥尻町","大字名":null,"丁目名":null,"小字名":"字球浦","地番":"121-1","精度区分":null,"座標系":"任意座標系"}},{"type":"Polygon","arcs":[[-3423,4414,4415,4416,4417,4418,4419,4420,4421,-3366,-3364,-216,-3359,-3342,4422,4423,-3373,-3370,4424,-3413]],"properties":{"市区町村名":"奥尻郡奥尻町","大字名":null,"丁目名":null,"小字名":"字球浦","地番":"162-1","精度区分":null,"座標系":"任意座標系"}},{"type":"Polygon","arcs":[[4425,4426,-4420]],"properties":{"市区町村名":"奥尻郡奥尻町","大字名":null,"丁目名":null,"小字名":"字球浦","地番":"162-12","精度区分":null,"座標系":"任意座標系"}},{"type":"Polygon","arcs":[[4427,-4421,-4427]],"properties":{"市区町村名":"奥尻郡奥尻町","大字名":null,"丁目名":null,"小字名":"字球浦","地番":"162-11","精度区分":null,"座標系":"任意座標系"}},{"type":"Polygon","arcs":[[-4428,4428,4429]],"properties":{"市区町村名":"奥尻郡奥尻町","大字名":null,"丁目名":null,"小字名":"字球浦","地番":"162-8","精度区分":null,"座標系":"任意座標系"}},{"type":"Polygon","arcs":[[4430,4431,-4426,-4419]],"properties":{"市区町村名":"奥尻郡奥尻町","大字名":null,"丁目名":null,"小字名":"字球浦","地番":"162-4","精度区分":null,"座標系":"任意座標系"}},{"type":"Polygon","arcs":[[4432,-1108,4433,4434,-3371,-4424]],"properties":{"市区町村名":"奥尻郡奥尻町","大字名":null,"丁目名":null,"小字名":"字球浦","地番":"道-31","精度区分":null,"座標系":"任意座標系"}},{"type":"Polygon","arcs":[[-3415,4435,-4415]],"properties":{"市区町村名":"奥尻郡奥尻町","大字名":null,"丁目名":null,"小字名":"字球浦","地番":"162-9","精度区分":null,"座標系":"任意座標系"}},{"type":"Polygon","arcs":[[4436,-4217,4437]],"properties":{"市区町村名":"奥尻郡奥尻町","大字名":null,"丁目名":null,"小字名":"字稲穂","地番":"611","精度区分":null,"座標系":"任意座標系"}},{"type":"Polygon","arcs":[[-3649,4438,-4438,-4216,-4213,-4210,-781,-4209,-4207,-778,4439,-3589,-3591,-3587,4440,-3600,4441,-3594,-3593,-3596,4442]],"properties":{"市区町村名":"奥尻郡奥尻町","大字名":null,"丁目名":null,"小字名":"字稲穂","地番":"道-24","精度区分":null,"座標系":"任意座標系"}},{"type":"Polygon","arcs":[[-389,-1335,-3184,-3183,-3180,-3174,4443,4444,4445]],"properties":{"市区町村名":"奥尻郡奥尻町","大字名":null,"丁目名":null,"小字名":"字稲穂","地番":"554-8","精度区分":null,"座標系":"任意座標系"}},{"type":"Polygon","arcs":[[-4445,4446,4447,4448,4449,4450,4451,4452,4453]],"properties":{"市区町村名":"奥尻郡奥尻町","大字名":null,"丁目名":null,"小字名":"字稲穂","地番":"554-11","精度区分":null,"座標系":"任意座標系"}},{"type":"Polygon","arcs":[[4454,4455,4456,-1582]],"properties":{"市区町村名":"奥尻郡奥尻町","大字名":null,"丁目名":null,"小字名":"字稲穂","地番":"無地番-7","精度区分":null,"座標系":"任意座標系"}},{"type":"Polygon","arcs":[[4457,4458,4459,4460]],"properties":{"市区町村名":"奥尻郡奥尻町","大字名":null,"丁目名":null,"小字名":"字球浦","地番":"125-1","精度区分":null,"座標系":"任意座標系"}},{"type":"Polygon","arcs":[[4461,4462,4463,-4459]],"properties":{"市区町村名":"奥尻郡奥尻町","大字名":null,"丁目名":null,"小字名":"字球浦","地番":"125-3","精度区分":null,"座標系":"任意座標系"}},{"type":"Polygon","arcs":[[4464,4465]],"properties":{"市区町村名":"奥尻郡奥尻町","大字名":null,"丁目名":null,"小字名":"字稲穂","地番":"566-4","精度区分":null,"座標系":"任意座標系"}},{"type":"Polygon","arcs":[[4466,4467,-4465,4468,4469]],"properties":{"市区町村名":"奥尻郡奥尻町","大字名":null,"丁目名":null,"小字名":"字稲穂","地番":"566-1","精度区分":null,"座標系":"任意座標系"}},{"type":"Polygon","arcs":[[4470,-3606,-3623,4471,-3622,-68,-3614,-3608,4472,4473,4474,-4470]],"properties":{"市区町村名":"奥尻郡奥尻町","大字名":null,"丁目名":null,"小字名":"字稲穂","地番":"道-20","精度区分":null,"座標系":"任意座標系"}},{"type":"Polygon","arcs":[[-3646,4475]],"properties":{"市区町村名":"奥尻郡奥尻町","大字名":null,"丁目名":null,"小字名":"字稲穂","地番":"長狭物不明-12","精度区分":null,"座標系":"任意座標系"}},{"type":"Polygon","arcs":[[4476,4477]],"properties":{"市区町村名":"奥尻郡奥尻町","大字名":null,"丁目名":null,"小字名":"字稲穂","地番":"566-8","精度区分":null,"座標系":"任意座標系"}},{"type":"Polygon","arcs":[[-4474,4478,4479,4480,4481,-4477,4482]],"properties":{"市区町村名":"奥尻郡奥尻町","大字名":null,"丁目名":null,"小字名":"字稲穂","地番":"566-5","精度区分":null,"座標系":"任意座標系"}},{"type":"Polygon","arcs":[[-4481,4483]],"properties":{"市区町村名":"奥尻郡奥尻町","大字名":null,"丁目名":null,"小字名":"字稲穂","地番":"566-7","精度区分":null,"座標系":"任意座標系"}},{"type":"Polygon","arcs":[[-4475,-4483,-4478,-4482,-4484,-4480,4484,-4467]],"properties":{"市区町村名":"奥尻郡奥尻町","大字名":null,"丁目名":null,"小字名":"字稲穂","地番":"566-6","精度区分":null,"座標系":"任意座標系"}},{"type":"Polygon","arcs":[[-176,4485,-3681,-3579,-3585,-910,-1065,-3683,-885,-3720,-1053,-1027,-169,-3719,-1036,-1015,4486,4487,-4285,-600,-896,4488]],"properties":{"市区町村名":"奥尻郡奥尻町","大字名":null,"丁目名":null,"小字名":"字奥尻","地番":"531-1","精度区分":null,"座標系":"任意座標系"}},{"type":"Polygon","arcs":[[4489,4490,4491,4492]],"properties":{"市区町村名":"奥尻郡奥尻町","大字名":null,"丁目名":null,"小字名":"字球浦","地番":"134","精度区分":null,"座標系":"任意座標系"}},{"type":"Polygon","arcs":[[-3166,-2818,4493,-2812]],"properties":{"市区町村名":"奥尻郡奥尻町","大字名":null,"丁目名":null,"小字名":"字球浦","地番":"144-8","精度区分":null,"座標系":"任意座標系"}},{"type":"Polygon","arcs":[[4494,-2835,4495,-2848]],"properties":{"市区町村名":"奥尻郡奥尻町","大字名":null,"丁目名":null,"小字名":"字球浦","地番":"144-1","精度区分":null,"座標系":"任意座標系"}},{"type":"Polygon","arcs":[[-2555,-2563,-2561,-2583,-2647,4496]],"properties":{"市区町村名":"奥尻郡奥尻町","大字名":null,"丁目名":null,"小字名":"字宮津","地番":"道-34","精度区分":null,"座標系":"任意座標系"}},{"type":"Polygon","arcs":[[4497,4498,4499,4500]],"properties":{"市区町村名":"奥尻郡奥尻町","大字名":null,"丁目名":null,"小字名":"字球浦","地番":"142-4","精度区分":null,"座標系":"任意座標系"}},{"type":"Polygon","arcs":[[-2814,4501,4502,-4499]],"properties":{"市区町村名":"奥尻郡奥尻町","大字名":null,"丁目名":null,"小字名":"字球浦","地番":"142-1","精度区分":null,"座標系":"任意座標系"}},{"type":"Polygon","arcs":[[4503,4504,4505,4506]],"properties":{"市区町村名":"奥尻郡奥尻町","大字名":null,"丁目名":null,"小字名":"字球浦","地番":"133-1","精度区分":null,"座標系":"任意座標系"}},{"type":"Polygon","arcs":[[-3169,4507,4508,4509,4510,4511]],"properties":{"市区町村名":"奥尻郡奥尻町","大字名":null,"丁目名":null,"小字名":"字球浦","地番":"道-60","精度区分":null,"座標系":"任意座標系"}},{"type":"Polygon","arcs":[[-4509,-4501,4512]],"properties":{"市区町村名":"奥尻郡奥尻町","大字名":null,"丁目名":null,"小字名":"字球浦","地番":"142-2","精度区分":null,"座標系":"任意座標系"}},{"type":"Polygon","arcs":[[4513,-2883,-2870,-2890,-2871,-3164,-2836,-4495,-2847,-2828,-2569,-2826,-2825,-2819,-3165,-3168,-4512,4514,4515]],"properties":{"市区町村名":"奥尻郡奥尻町","大字名":null,"丁目名":null,"小字名":"字球浦","地番":"145","精度区分":null,"座標系":"任意座標系"}},{"type":"Polygon","arcs":[[-4508,-4498]],"properties":{"市区町村名":"奥尻郡奥尻町","大字名":null,"丁目名":null,"小字名":"字球浦","地番":"142-3","精度区分":null,"座標系":"任意座標系"}},{"type":"Polygon","arcs":[[-4491,4516,4517,4518,4519]],"properties":{"市区町村名":"奥尻郡奥尻町","大字名":null,"丁目名":null,"小字名":"字球浦","地番":"131","精度区分":null,"座標系":"任意座標系"}},{"type":"Polygon","arcs":[[4520,4521,4522]],"properties":{"市区町村名":"奥尻郡奥尻町","大字名":null,"丁目名":null,"小字名":"字球浦","地番":"141-5","精度区分":null,"座標系":"任意座標系"}},{"type":"Polygon","arcs":[[4523,4524]],"properties":{"市区町村名":"奥尻郡奥尻町","大字名":null,"丁目名":null,"小字名":"字球浦","地番":"141-4","精度区分":null,"座標系":"任意座標系"}},{"type":"Polygon","arcs":[[-4515,-4511,4525,-4521,4526,-4524,4527,4528]],"properties":{"市区町村名":"奥尻郡奥尻町","大字名":null,"丁目名":null,"小字名":"字球浦","地番":"141-2","精度区分":null,"座標系":"任意座標系"}},{"type":"Polygon","arcs":[[-4463,4529,4530,4531]],"properties":{"市区町村名":"奥尻郡奥尻町","大字名":null,"丁目名":null,"小字名":"字球浦","地番":"125-2","精度区分":null,"座標系":"任意座標系"}},{"type":"Polygon","arcs":[[-4531,4532,4533,4534]],"properties":{"市区町村名":"奥尻郡奥尻町","大字名":null,"丁目名":null,"小字名":"字球浦","地番":"126-1","精度区分":null,"座標系":"任意座標系"}},{"type":"Polygon","arcs":[[4535,-4530,4536,4537]],"properties":{"市区町村名":"奥尻郡奥尻町","大字名":null,"丁目名":null,"小字名":"字球浦","地番":"127-3","精度区分":null,"座標系":"任意座標系"}},{"type":"Polygon","arcs":[[4538,4539,4540,4541,4542,4543,4544]],"properties":{"市区町村名":"奥尻郡奥尻町","大字名":null,"丁目名":null,"小字名":"字球浦","地番":"159-12","精度区分":null,"座標系":"任意座標系"}},{"type":"Polygon","arcs":[[4545,4546,-4545,4547,4548]],"properties":{"市区町村名":"奥尻郡奥尻町","大字名":null,"丁目名":null,"小字名":"字球浦","地番":"159-10","精度区分":null,"座標系":"任意座標系"}},{"type":"Polygon","arcs":[[4549,4550,4551,4552,4553,-4546,4554,4555,4556]],"properties":{"市区町村名":"奥尻郡奥尻町","大字名":null,"丁目名":null,"小字名":"字球浦","地番":"159-11","精度区分":null,"座標系":"任意座標系"}},{"type":"Polygon","arcs":[[-4517,4557,4558,4559,-4556]],"properties":{"市区町村名":"奥尻郡奥尻町","大字名":null,"丁目名":null,"小字名":"字球浦","地番":"130-2","精度区分":null,"座標系":"任意座標系"}},{"type":"Polygon","arcs":[[-2887,-2881,4560,4561,4562,-267,-2875]],"properties":{"市区町村名":"奥尻郡奥尻町","大字名":null,"丁目名":null,"小字名":"字球浦","地番":"146-1","精度区分":null,"座標系":"任意座標系"}},{"type":"Polygon","arcs":[[-2884,-4514,4563,-4562]],"properties":{"市区町村名":"奥尻郡奥尻町","大字名":null,"丁目名":null,"小字名":"字球浦","地番":"146-14","精度区分":null,"座標系":"任意座標系"}},{"type":"Polygon","arcs":[[-4516,-4529,4564,-4564]],"properties":{"市区町村名":"奥尻郡奥尻町","大字名":null,"丁目名":null,"小字名":"字球浦","地番":"141-3","精度区分":null,"座標系":"任意座標系"}},{"type":"Polygon","arcs":[[-2880,-2886,-2882,-4561]],"properties":{"市区町村名":"奥尻郡奥尻町","大字名":null,"丁目名":null,"小字名":"字球浦","地番":"146-11","精度区分":null,"座標系":"任意座標系"}},{"type":"Polygon","arcs":[[4565,4566,4567,4568]],"properties":{"市区町村名":"奥尻郡奥尻町","大字名":null,"丁目名":null,"小字名":"字球浦","地番":"140-2","精度区分":null,"座標系":"任意座標系"}},{"type":"Polygon","arcs":[[-4567,4569,4570,4571]],"properties":{"市区町村名":"奥尻郡奥尻町","大字名":null,"丁目名":null,"小字名":"字球浦","地番":"140-1","精度区分":null,"座標系":"任意座標系"}},{"type":"Polygon","arcs":[[4572,-4492,4573,4574]],"properties":{"市区町村名":"奥尻郡奥尻町","大字名":null,"丁目名":null,"小字名":"字球浦","地番":"133-2","精度区分":null,"座標系":"任意座標系"}},{"type":"Polygon","arcs":[[4575,4576,-4558,-4490]],"properties":{"市区町村名":"奥尻郡奥尻町","大字名":null,"丁目名":null,"小字名":"字球浦","地番":"135-2","精度区分":null,"座標系":"任意座標系"}},{"type":"Polygon","arcs":[[-4575,4577,4578,-4505,4579]],"properties":{"市区町村名":"奥尻郡奥尻町","大字名":null,"丁目名":null,"小字名":"字球浦","地番":"133-3","精度区分":null,"座標系":"任意座標系"}},{"type":"Polygon","arcs":[[-1364,4580,-4568,-4572,4581]],"properties":{"市区町村名":"奥尻郡奥尻町","大字名":null,"丁目名":null,"小字名":"字球浦","地番":"158-2","精度区分":null,"座標系":"任意座標系"}},{"type":"Polygon","arcs":[[-4528,-4525,-4527,-4523,4582,-4569,-4581,-1363,-4563,-4565]],"properties":{"市区町村名":"奥尻郡奥尻町","大字名":null,"丁目名":null,"小字名":"字球浦","地番":"141-1","精度区分":null,"座標系":"任意座標系"}},{"type":"Polygon","arcs":[[4583,4584,4585,-4493,4586]],"properties":{"市区町村名":"奥尻郡奥尻町","大字名":null,"丁目名":null,"小字名":"字球浦","地番":"138-1","精度区分":null,"座標系":"任意座標系"}},{"type":"Polygon","arcs":[[-4510,4587,-4584,4588]],"properties":{"市区町村名":"奥尻郡奥尻町","大字名":null,"丁目名":null,"小字名":"字球浦","地番":"138-2","精度区分":null,"座標系":"任意座標系"}},{"type":"Polygon","arcs":[[4589,4590]],"properties":{"市区町村名":"奥尻郡奥尻町","大字名":null,"丁目名":null,"小字名":"字球浦","地番":"139","精度区分":null,"座標系":"任意座標系"}},{"type":"Polygon","arcs":[[-4497,4591,-2567,-56,-2565,4592,-269,4593,-3172,4594,4595,4596,4597,-4590,4598,-4502,-2813,-4494,-2817,-2824,-2827,-2571,-2830,-2849,-4496,-2834,-2891,-2575,-4353,-4349,-4364]],"properties":{"市区町村名":"奥尻郡奥尻町","大字名":null,"丁目名":null,"小字名":"字球浦","地番":"道-46","精度区分":null,"座標系":"任意座標系"}},{"type":"Polygon","arcs":[[4599,4600,4601,4602,4603]],"properties":{"市区町村名":"奥尻郡奥尻町","大字名":null,"丁目名":null,"小字名":"字球浦","地番":"137-6","精度区分":null,"座標系":"任意座標系"}},{"type":"Polygon","arcs":[[4604,-4597,4605,-4601]],"properties":{"市区町村名":"奥尻郡奥尻町","大字名":null,"丁目名":null,"小字名":"字球浦","地番":"137-1","精度区分":null,"座標系":"任意座標系"}},{"type":"Polygon","arcs":[[-4586,-4603,-4576]],"properties":{"市区町村名":"奥尻郡奥尻町","大字名":null,"丁目名":null,"小字名":"字球浦","地番":"137-5","精度区分":null,"座標系":"任意座標系"}},{"type":"Polygon","arcs":[[4606,4607,-4504,-4570]],"properties":{"市区町村名":"奥尻郡奥尻町","大字名":null,"丁目名":null,"小字名":"字球浦","地番":"139-1","精度区分":null,"座標系":"任意座標系"}},{"type":"Polygon","arcs":[[4608,4609,-4580,-4608]],"properties":{"市区町村名":"奥尻郡奥尻町","大字名":null,"丁目名":null,"小字名":"字球浦","地番":"139-5","精度区分":null,"座標系":"任意座標系"}},{"type":"Polygon","arcs":[[4610,-4587,-4573,-4610]],"properties":{"市区町村名":"奥尻郡奥尻町","大字名":null,"丁目名":null,"小字名":"字球浦","地番":"139-3","精度区分":null,"座標系":"任意座標系"}},{"type":"Polygon","arcs":[[4611,4612,-4550,4613]],"properties":{"市区町村名":"奥尻郡奥尻町","大字名":null,"丁目名":null,"小字名":"字球浦","地番":"130-4","精度区分":null,"座標系":"任意座標系"}},{"type":"Polygon","arcs":[[4614,4615,-4613]],"properties":{"市区町村名":"奥尻郡奥尻町","大字名":null,"丁目名":null,"小字名":"字球浦","地番":"130-1","精度区分":null,"座標系":"任意座標系"}},{"type":"Polygon","arcs":[[-4616,-4595,4616,-4551]],"properties":{"市区町村名":"奥尻郡奥尻町","大字名":null,"丁目名":null,"小字名":"字球浦","地番":"159-8","精度区分":null,"座標系":"任意座標系"}},{"type":"Polygon","arcs":[[-4560,-4614,-4557]],"properties":{"市区町村名":"奥尻郡奥尻町","大字名":null,"丁目名":null,"小字名":"字球浦","地番":"130-3","精度区分":null,"座標系":"任意座標系"}},{"type":"Polygon","arcs":[[-4596,-4615,4617,-4606]],"properties":{"市区町村名":"奥尻郡奥尻町","大字名":null,"丁目名":null,"小字名":"字球浦","地番":"135-1","精度区分":null,"座標系":"任意座標系"}},{"type":"Polygon","arcs":[[-4618,-4612,-4559,-4577,-4602]],"properties":{"市区町村名":"奥尻郡奥尻町","大字名":null,"丁目名":null,"小字名":"字球浦","地番":"135-3","精度区分":null,"座標系":"任意座標系"}},{"type":"Polygon","arcs":[[-4503,-4599,-4591,-4598,-4605,4618]],"properties":{"市区町村名":"奥尻郡奥尻町","大字名":null,"丁目名":null,"小字名":"字球浦","地番":"137-2","精度区分":null,"座標系":"任意座標系"}},{"type":"Polygon","arcs":[[4619,-4604,-4585]],"properties":{"市区町村名":"奥尻郡奥尻町","大字名":null,"丁目名":null,"小字名":"字球浦","地番":"137-3","精度区分":null,"座標系":"任意座標系"}},{"type":"Polygon","arcs":[[-4513,4620,-4620,-4588]],"properties":{"市区町村名":"奥尻郡奥尻町","大字名":null,"丁目名":null,"小字名":"字球浦","地番":"137-4","精度区分":null,"座標系":"任意座標系"}},{"type":"Polygon","arcs":[[-4583,4621,-4607,-4566]],"properties":{"市区町村名":"奥尻郡奥尻町","大字名":null,"丁目名":null,"小字名":"字球浦","地番":"139-2","精度区分":null,"座標系":"任意座標系"}},{"type":"Polygon","arcs":[[-4522,4622,-4609,-4622]],"properties":{"市区町村名":"奥尻郡奥尻町","大字名":null,"丁目名":null,"小字名":"字球浦","地番":"139-6","精度区分":null,"座標系":"任意座標系"}},{"type":"Polygon","arcs":[[-4526,-4589,-4611,-4623]],"properties":{"市区町村名":"奥尻郡奥尻町","大字名":null,"丁目名":null,"小字名":"字球浦","地番":"139-4","精度区分":null,"座標系":"任意座標系"}},{"type":"Polygon","arcs":[[4623,4624,4625,4626,-3402,4627,4628]],"properties":{"市区町村名":"奥尻郡奥尻町","大字名":null,"丁目名":null,"小字名":"字球浦","地番":"無地番-23-2","精度区分":null,"座標系":"任意座標系"}},{"type":"Polygon","arcs":[[-3427,4629,4630,-3401]],"properties":{"市区町村名":"奥尻郡奥尻町","大字名":null,"丁目名":null,"小字名":"字球浦","地番":"105-2","精度区分":null,"座標系":"任意座標系"}},{"type":"Polygon","arcs":[[4631,4632,4633]],"properties":{"市区町村名":"奥尻郡奥尻町","大字名":null,"丁目名":null,"小字名":"字球浦","地番":"107","精度区分":null,"座標系":"任意座標系"}},{"type":"Polygon","arcs":[[4634,4635,4636,4637,4638,4639]],"properties":{"市区町村名":"奥尻郡奥尻町","大字名":null,"丁目名":null,"小字名":"字球浦","地番":"109-2","精度区分":null,"座標系":"任意座標系"}},{"type":"Polygon","arcs":[[4640,-4639,4641,-4628,-4631]],"properties":{"市区町村名":"奥尻郡奥尻町","大字名":null,"丁目名":null,"小字名":"字球浦","地番":"106-3","精度区分":null,"座標系":"任意座標系"}},{"type":"Polygon","arcs":[[-4638,-4632,-4629,-4642]],"properties":{"市区町村名":"奥尻郡奥尻町","大字名":null,"丁目名":null,"小字名":"字球浦","地番":"106-1","精度区分":null,"座標系":"任意座標系"}},{"type":"Polygon","arcs":[[-4637,4642,4643,-4633]],"properties":{"市区町村名":"奥尻郡奥尻町","大字名":null,"丁目名":null,"小字名":"字球浦","地番":"108-2","精度区分":null,"座標系":"任意座標系"}},{"type":"Polygon","arcs":[[-1112,-3426,4644,4645,-4641,-4630]],"properties":{"市区町村名":"奥尻郡奥尻町","大字名":null,"丁目名":null,"小字名":"字球浦","地番":"111-2","精度区分":null,"座標系":"任意座標系"}},{"type":"Polygon","arcs":[[-4646,4646,-4640]],"properties":{"市区町村名":"奥尻郡奥尻町","大字名":null,"丁目名":null,"小字名":"字球浦","地番":"110","精度区分":null,"座標系":"任意座標系"}},{"type":"Polygon","arcs":[[4647,4648,4649]],"properties":{"市区町村名":"奥尻郡奥尻町","大字名":null,"丁目名":null,"小字名":"字稲穂","地番":"117-5","精度区分":null,"座標系":"任意座標系"}},{"type":"Polygon","arcs":[[-1501,-4650,-1653,-1657]],"properties":{"市区町村名":"奥尻郡奥尻町","大字名":null,"丁目名":null,"小字名":"字稲穂","地番":"117-1","精度区分":null,"座標系":"任意座標系"}},{"type":"Polygon","arcs":[[-4302,4650,-4300,4651,4652,-4305,4653,-4648,-1500]],"properties":{"市区町村名":"奥尻郡奥尻町","大字名":null,"丁目名":null,"小字名":"字稲穂","地番":"115-6","精度区分":null,"座標系":"任意座標系"}},{"type":"Polygon","arcs":[[4654,4655,-1720,4656,-1624]],"properties":{"市区町村名":"奥尻郡奥尻町","大字名":null,"丁目名":null,"小字名":"字稲穂","地番":"115-9","精度区分":null,"座標系":"任意座標系"}},{"type":"Polygon","arcs":[[-4656,4657,-1716,-1721]],"properties":{"市区町村名":"奥尻郡奥尻町","大字名":null,"丁目名":null,"小字名":"字稲穂","地番":"115-17","精度区分":null,"座標系":"任意座標系"}},{"type":"Polygon","arcs":[[-4658,-4655,-1623,-1789,-1733,-1480]],"properties":{"市区町村名":"奥尻郡奥尻町","大字名":null,"丁目名":null,"小字名":"字稲穂","地番":"115-7","精度区分":null,"座標系":"任意座標系"}},{"type":"Polygon","arcs":[[-4654,-4308,-1711,4658]],"properties":{"市区町村名":"奥尻郡奥尻町","大字名":null,"丁目名":null,"小字名":"字稲穂","地番":"115-10","精度区分":null,"座標系":"任意座標系"}},{"type":"Polygon","arcs":[[-4649,-4659,-1715,-79]],"properties":{"市区町村名":"奥尻郡奥尻町","大字名":null,"丁目名":null,"小字名":"字稲穂","地番":"117-7","精度区分":null,"座標系":"任意座標系"}},{"type":"Polygon","arcs":[[-1717,-1503,-1656,-1645,-1630,-1648]],"properties":{"市区町村名":"奥尻郡奥尻町","大字名":null,"丁目名":null,"小字名":"字稲穂","地番":"120-3","精度区分":null,"座標系":"任意座標系"}},{"type":"Polygon","arcs":[[-4653,4659,-4306]],"properties":{"市区町村名":"奥尻郡奥尻町","大字名":null,"丁目名":null,"小字名":"字稲穂","地番":"115-11","精度区分":null,"座標系":"任意座標系"}},{"type":"Polygon","arcs":[[-4651,-4301]],"properties":{"市区町村名":"奥尻郡奥尻町","大字名":null,"丁目名":null,"小字名":"字稲穂","地番":"115-14","精度区分":null,"座標系":"任意座標系"}},{"type":"Polygon","arcs":[[-4660,-4652,-4299,-4307]],"properties":{"市区町村名":"奥尻郡奥尻町","大字名":null,"丁目名":null,"小字名":"字稲穂","地番":"115-13","精度区分":null,"座標系":"任意座標系"}},{"type":"Polygon","arcs":[[-3170,4660,4661,4662,4663,4664,-4539,-4547,4665,4666]],"properties":{"市区町村名":"奥尻郡奥尻町","大字名":null,"丁目名":null,"小字名":"字球浦","地番":"道-3-1","精度区分":null,"座標系":"任意座標系"}},{"type":"Polygon","arcs":[[-4662,4667,4668,4669,4670]],"properties":{"市区町村名":"奥尻郡奥尻町","大字名":null,"丁目名":null,"小字名":"字球浦","地番":"629","精度区分":null,"座標系":"任意座標系"}},{"type":"Polygon","arcs":[[-4663,-4671,4671,4672,-4533,-4536,4673,-4542,4674]],"properties":{"市区町村名":"奥尻郡奥尻町","大字名":null,"丁目名":null,"小字名":"字球浦","地番":"128","精度区分":null,"座標系":"任意座標系"}},{"type":"Polygon","arcs":[[-4554,-4666]],"properties":{"市区町村名":"奥尻郡奥尻町","大字名":null,"丁目名":null,"小字名":"字球浦","地番":"628","精度区分":null,"座標系":"任意座標系"}},{"type":"Polygon","arcs":[[-4541,4675,-4664,-4675]],"properties":{"市区町村名":"奥尻郡奥尻町","大字名":null,"丁目名":null,"小字名":"字球浦","地番":"129-2","精度区分":null,"座標系":"任意座標系"}},{"type":"Polygon","arcs":[[-4676,-4540,-4665]],"properties":{"市区町村名":"奥尻郡奥尻町","大字名":null,"丁目名":null,"小字名":"字球浦","地番":"129-1","精度区分":null,"座標系":"任意座標系"}},{"type":"Polygon","arcs":[[4676,-4667,-4553]],"properties":{"市区町村名":"奥尻郡奥尻町","大字名":null,"丁目名":null,"小字名":"字球浦","地番":"159-9","精度区分":null,"座標系":"任意座標系"}},{"type":"Polygon","arcs":[[-4677,-4552,-4617,-3171]],"properties":{"市区町村名":"奥尻郡奥尻町","大字名":null,"丁目名":null,"小字名":"字球浦","地番":"159-4","精度区分":null,"座標系":"任意座標系"}},{"type":"Polygon","arcs":[[-4464,4677,-2,4678]],"properties":{"市区町村名":"奥尻郡奥尻町","大字名":null,"丁目名":null,"小字名":"字球浦","地番":"630","精度区分":null,"座標系":"任意座標系"}},{"type":"Polygon","arcs":[[-4460,-4679,-3407,4679]],"properties":{"市区町村名":"奥尻郡奥尻町","大字名":null,"丁目名":null,"小字名":"字球浦","地番":"無地番-29","精度区分":null,"座標系":"任意座標系"}},{"type":"Polygon","arcs":[[-3,4680,4681]],"properties":{"市区町村名":"奥尻郡奥尻町","大字名":null,"丁目名":null,"小字名":"字球浦","地番":"123-1","精度区分":null,"座標系":"任意座標系"}},{"type":"Polygon","arcs":[[-4672,-4670,4682,4683,4684,4685,4686,4687,4688,4689,4690,4691,4692,4693,4694,-3419,4695,4696,4697,4698,4699,4700,4701,4702],[4703]],"properties":{"市区町村名":"奥尻郡奥尻町","大字名":null,"丁目名":null,"小字名":"字球浦","地番":"道-3-2","精度区分":null,"座標系":"任意座標系"}},{"type":"Polygon","arcs":[[4704,-3526,-933,-968,4705,4706,-3534,4707,-3462,-3465,-1101,-3507,-3515,-3518,-3523,-8,4708,-3384,4709,4710,4711,4712,4713,4714,4715,4716,4717]],"properties":{"市区町村名":"奥尻郡奥尻町","大字名":null,"丁目名":null,"小字名":"字球浦","地番":"道-3-4","精度区分":null,"座標系":"任意座標系"}},{"type":"Polygon","arcs":[[-4718,4718,-4687,4719]],"properties":{"市区町村名":"奥尻郡奥尻町","大字名":null,"丁目名":null,"小字名":"字球浦","地番":"632","精度区分":null,"座標系":"任意座標系"}},{"type":"Polygon","arcs":[[4720,-964,-963,-953,-945,-942,-926,-3538,-3535,-4707]],"properties":{"市区町村名":"奥尻郡奥尻町","大字名":null,"丁目名":null,"小字名":"字球浦","地番":"無地番-24","精度区分":null,"座標系":"任意座標系"}},{"type":"Polygon","arcs":[[-967,-965,-4721,-4706]],"properties":{"市区町村名":"奥尻郡奥尻町","大字名":null,"丁目名":null,"小字名":"字球浦","地番":"67-5","精度区分":null,"座標系":"任意座標系"}},{"type":"Polygon","arcs":[[-51,-3434,-3459,4721]],"properties":{"市区町村名":"奥尻郡奥尻町","大字名":null,"丁目名":null,"小字名":"字球浦","地番":"76-2","精度区分":null,"座標系":"任意座標系"}},{"type":"Polygon","arcs":[[4722,-4711,4723,-4626]],"properties":{"市区町村名":"奥尻郡奥尻町","大字名":null,"丁目名":null,"小字名":"字球浦","地番":"102-2","精度区分":null,"座標系":"任意座標系"}},{"type":"Polygon","arcs":[[-4710,-3389,-4627,-4724]],"properties":{"市区町村名":"奥尻郡奥尻町","大字名":null,"丁目名":null,"小字名":"字球浦","地番":"101","精度区分":null,"座標系":"任意座標系"}},{"type":"Polygon","arcs":[[4724,-4712,-4723,-4625]],"properties":{"市区町村名":"奥尻郡奥尻町","大字名":null,"丁目名":null,"小字名":"字球浦","地番":"102-3","精度区分":null,"座標系":"任意座標系"}},{"type":"Polygon","arcs":[[-7,-3525,-3385,-4709]],"properties":{"市区町村名":"奥尻郡奥尻町","大字名":null,"丁目名":null,"小字名":"字球浦","地番":"無地番-25","精度区分":null,"座標系":"任意座標系"}},{"type":"Polygon","arcs":[[-4644,4725,-4713,-4725,-4624,-4634]],"properties":{"市区町村名":"奥尻郡奥尻町","大字名":null,"丁目名":null,"小字名":"字球浦","地番":"102-1","精度区分":null,"座標系":"任意座標系"}},{"type":"Polygon","arcs":[[4726,-4714,-4726,-4643]],"properties":{"市区町村名":"奥尻郡奥尻町","大字名":null,"丁目名":null,"小字名":"字球浦","地番":"108-1","精度区分":null,"座標系":"任意座標系"}},{"type":"Polygon","arcs":[[4727,-4715,-4727,-4636]],"properties":{"市区町村名":"奥尻郡奥尻町","大字名":null,"丁目名":null,"小字名":"字球浦","地番":"109-1","精度区分":null,"座標系":"任意座標系"}},{"type":"Polygon","arcs":[[4728,-4719,-4717,4729,4730]],"properties":{"市区町村名":"奥尻郡奥尻町","大字名":null,"丁目名":null,"小字名":"字球浦","地番":"114","精度区分":null,"座標系":"任意座標系"}},{"type":"Polygon","arcs":[[-4429,-4432,4731,-4691,4732]],"properties":{"市区町村名":"奥尻郡奥尻町","大字名":null,"丁目名":null,"小字名":"字球浦","地番":"162-6","精度区分":null,"座標系":"任意座標系"}},{"type":"Polygon","arcs":[[4733,4734,-4685]],"properties":{"市区町村名":"奥尻郡奥尻町","大字名":null,"丁目名":null,"小字名":"字球浦","地番":"115-2","精度区分":null,"座標系":"任意座標系"}},{"type":"Polygon","arcs":[[-4734,-4684,4735]],"properties":{"市区町村名":"奥尻郡奥尻町","大字名":null,"丁目名":null,"小字名":"字球浦","地番":"115-1","精度区分":null,"座標系":"任意座標系"}},{"type":"Polygon","arcs":[[-3422,-4413,-4411,4736,-4696,-3418]],"properties":{"市区町村名":"奥尻郡奥尻町","大字名":null,"丁目名":null,"小字名":"字球浦","地番":"120-2","精度区分":null,"座標系":"任意座標系"}},{"type":"Polygon","arcs":[[-4704]],"properties":{"市区町村名":"奥尻郡奥尻町","大字名":null,"丁目名":null,"小字名":"字球浦","地番":"631","精度区分":null,"座標系":"任意座標系"}},{"type":"Polygon","arcs":[[-4,4737,-4699,4738,-4408]],"properties":{"市区町村名":"奥尻郡奥尻町","大字名":null,"丁目名":null,"小字名":"字球浦","地番":"122-3","精度区分":null,"座標系":"任意座標系"}},{"type":"Polygon","arcs":[[4739,-4697,-4737,-4410]],"properties":{"市区町村名":"奥尻郡奥尻町","大字名":null,"丁目名":null,"小字名":"字球浦","地番":"121-2","精度区分":null,"座標系":"任意座標系"}},{"type":"Polygon","arcs":[[-4682,4740,-4701,4741]],"properties":{"市区町村名":"奥尻郡奥尻町","大字名":null,"丁目名":null,"小字名":"字球浦","地番":"123-2","精度区分":null,"座標系":"任意座標系"}},{"type":"Polygon","arcs":[[-4742,-4700,-4738]],"properties":{"市区町村名":"奥尻郡奥尻町","大字名":null,"丁目名":null,"小字名":"字球浦","地番":"122-2","精度区分":null,"座標系":"任意座標系"}},{"type":"Polygon","arcs":[[4742,-4702,-4741,-4681,-4678,-4532,-4535]],"properties":{"市区町村名":"奥尻郡奥尻町","大字名":null,"丁目名":null,"小字名":"字球浦","地番":"無地番-28","精度区分":null,"座標系":"任意座標系"}},{"type":"Polygon","arcs":[[-4739,-4698,-4740,-4409]],"properties":{"市区町村名":"奥尻郡奥尻町","大字名":null,"丁目名":null,"小字名":"字球浦","地番":"121-3","精度区分":null,"座標系":"任意座標系"}},{"type":"Polygon","arcs":[[-4668,4743]],"properties":{"市区町村名":"奥尻郡奥尻町","大字名":null,"丁目名":null,"小字名":"字球浦","地番":"道-3-3","精度区分":null,"座標系":"任意座標系"}},{"type":"Polygon","arcs":[[-4534,-4673,-4703,-4743]],"properties":{"市区町村名":"奥尻郡奥尻町","大字名":null,"丁目名":null,"小字名":"字球浦","地番":"126-2","精度区分":null,"座標系":"任意座標系"}},{"type":"Polygon","arcs":[[-4430,4744,4745,-3337,-3344,-3361,-3363,-3367,-4422]],"properties":{"市区町村名":"奥尻郡奥尻町","大字名":null,"丁目名":null,"小字名":"字球浦","地番":"道-47","精度区分":null,"座標系":"任意座標系"}},{"type":"Polygon","arcs":[[4746,4747,4748,4749,4750,-4730,-4716,-4728,-4635,-4647,-4645,-3425,-1110,-3424,-3403,-3397,-3391,-4346,-32,-3358,-30,-3350,-3496,-3439,4751,-3331,-3329,-3333,-3327,-3320,-212,4752,-105,-3311,-114,-62,-3314,-3345,-3340,-3346,-3338,-4746]],"properties":{"市区町村名":"奥尻郡奥尻町","大字名":null,"丁目名":null,"小字名":"字球浦","地番":"181","精度区分":null,"座標系":"任意座標系"}},{"type":"Polygon","arcs":[[4753,4754,4755,-4747]],"properties":{"市区町村名":"奥尻郡奥尻町","大字名":null,"丁目名":null,"小字名":"字球浦","地番":"634","精度区分":null,"座標系":"任意座標系"}},{"type":"Polygon","arcs":[[4756,4757,-4731,-4751]],"properties":{"市区町村名":"奥尻郡奥尻町","大字名":null,"丁目名":null,"小字名":"字球浦","地番":"112-2","精度区分":null,"座標系":"任意座標系"}},{"type":"Polygon","arcs":[[-4756,4758,-4749,4759]],"properties":{"市区町村名":"奥尻郡奥尻町","大字名":null,"丁目名":null,"小字名":"字球浦","地番":"112-4","精度区分":null,"座標系":"任意座標系"}},{"type":"Polygon","arcs":[[-4748,-4760]],"properties":{"市区町村名":"奥尻郡奥尻町","大字名":null,"丁目名":null,"小字名":"字球浦","地番":"112-1","精度区分":null,"座標系":"任意座標系"}},{"type":"Polygon","arcs":[[-4454,4760,-4452,4761,-390,-4446]],"properties":{"市区町村名":"奥尻郡奥尻町","大字名":null,"丁目名":null,"小字名":"字稲穂","地番":"554-5","精度区分":null,"座標系":"任意座標系"}},{"type":"Polygon","arcs":[[-4761,-4453]],"properties":{"市区町村名":"奥尻郡奥尻町","大字名":null,"丁目名":null,"小字名":"字稲穂","地番":"554-12","精度区分":null,"座標系":"任意座標系"}},{"type":"Polygon","arcs":[[4762,-241,4763,-4450]],"properties":{"市区町村名":"奥尻郡奥尻町","大字名":null,"丁目名":null,"小字名":"字稲穂","地番":"554-13","精度区分":null,"座標系":"任意座標系"}},{"type":"Polygon","arcs":[[-1339,-242,-4763,-4449,4764,-4447,-4444,-3176]],"properties":{"市区町村名":"奥尻郡奥尻町","大字名":null,"丁目名":null,"小字名":"字稲穂","地番":"554-10","精度区分":null,"座標系":"任意座標系"}},{"type":"Polygon","arcs":[[-4765,-4448]],"properties":{"市区町村名":"奥尻郡奥尻町","大字名":null,"丁目名":null,"小字名":"字稲穂","地番":"554-14","精度区分":null,"座標系":"任意座標系"}},{"type":"Polygon","arcs":[[4765,4766,-4689,4767]],"properties":{"市区町村名":"奥尻郡奥尻町","大字名":null,"丁目名":null,"小字名":"字球浦","地番":"113-1","精度区分":null,"座標系":"任意座標系"}},{"type":"Polygon","arcs":[[-4750,-4759,-4755,-4766,-4757]],"properties":{"市区町村名":"奥尻郡奥尻町","大字名":null,"丁目名":null,"小字名":"字球浦","地番":"112-3","精度区分":null,"座標系":"任意座標系"}},{"type":"Polygon","arcs":[[-4758,-4768,-4688,-4729]],"properties":{"市区町村名":"奥尻郡奥尻町","大字名":null,"丁目名":null,"小字名":"字球浦","地番":"113-2","精度区分":null,"座標系":"任意座標系"}},{"type":"Polygon","arcs":[[-4690,-4767,-4754,-4745,-4733]],"properties":{"市区町村名":"奥尻郡奥尻町","大字名":null,"丁目名":null,"小字名":"字球浦","地番":"633","精度区分":null,"座標系":"任意座標系"}},{"type":"Polygon","arcs":[[4768,4769,-4458,4770,4771,4772]],"properties":{"市区町村名":"奥尻郡奥尻町","大字名":null,"丁目名":null,"小字名":"字球浦","地番":"127-1","精度区分":null,"座標系":"任意座標系"}},{"type":"Polygon","arcs":[[-4772,4773]],"properties":{"市区町村名":"奥尻郡奥尻町","大字名":null,"丁目名":null,"小字名":"字球浦","地番":"127-5","精度区分":null,"座標系":"任意座標系"}},{"type":"Polygon","arcs":[[-4674,-4538,4774,-4769,-4543]],"properties":{"市区町村名":"奥尻郡奥尻町","大字名":null,"丁目名":null,"小字名":"字球浦","地番":"127-2","精度区分":null,"座標系":"任意座標系"}},{"type":"Polygon","arcs":[[-4775,-4537,-4462,-4770]],"properties":{"市区町村名":"奥尻郡奥尻町","大字名":null,"丁目名":null,"小字名":"字球浦","地番":"127-4","精度区分":null,"座標系":"任意座標系"}},{"type":"Polygon","arcs":[[-4500,-4619,-4600,-4621]],"properties":{"市区町村名":"奥尻郡奥尻町","大字名":null,"丁目名":null,"小字名":"字球浦","地番":"137-7","精度区分":null,"座標系":"任意座標系"}},{"type":"Polygon","arcs":[[-3995,-4283,-4031]],"properties":{"市区町村名":"奥尻郡奥尻町","大字名":null,"丁目名":null,"小字名":"字奥尻","地番":"95-4","精度区分":null,"座標系":"任意座標系"}},{"type":"Polygon","arcs":[[-4289,4775]],"properties":{"市区町村名":"奥尻郡奥尻町","大字名":null,"丁目名":null,"小字名":"字奥尻","地番":"534-2","精度区分":null,"座標系":"任意座標系"}},{"type":"Polygon","arcs":[[-4352,4776,-4358,-4365]],"properties":{"市区町村名":"奥尻郡奥尻町","大字名":null,"丁目名":null,"小字名":"字球浦","地番":"154-5","精度区分":null,"座標系":"任意座標系"}},{"type":"Polygon","arcs":[[-3444,-4326,-3429,-50,4777]],"properties":{"市区町村名":"奥尻郡奥尻町","大字名":null,"丁目名":null,"小字名":"字球浦","地番":"77-1","精度区分":null,"座標系":"任意座標系"}},{"type":"Polygon","arcs":[[-4777,-4351,-4356,-4369,-4359]],"properties":{"市区町村名":"奥尻郡奥尻町","大字名":null,"丁目名":null,"小字名":"字球浦","地番":"154-6","精度区分":null,"座標系":"任意座標系"}},{"type":"Polygon","arcs":[[-4372,-2537,-4371,-2535,-2967,-2590,-4374,-4376]],"properties":{"市区町村名":"奥尻郡奥尻町","大字名":null,"丁目名":null,"小字名":"字宮津","地番":"11-16","精度区分":null,"座標系":"任意座標系"}},{"type":"Polygon","arcs":[[-2306,-2386,-2391]],"properties":{"市区町村名":"奥尻郡奥尻町","大字名":null,"丁目名":null,"小字名":"字宮津","地番":"58-12","精度区分":null,"座標系":"任意座標系"}},{"type":"Polygon","arcs":[[4778,4779,-4692,-4732]],"properties":{"市区町村名":"奥尻郡奥尻町","大字名":null,"丁目名":null,"小字名":"字球浦","地番":"116-2","精度区分":null,"座標系":"任意座標系"}},{"type":"Polygon","arcs":[[4780,4781,-4779,-4431]],"properties":{"市区町村名":"奥尻郡奥尻町","大字名":null,"丁目名":null,"小字名":"字球浦","地番":"116-3","精度区分":null,"座標系":"任意座標系"}},{"type":"Polygon","arcs":[[4782,4783,4784,-4417]],"properties":{"市区町村名":"奥尻郡奥尻町","大字名":null,"丁目名":null,"小字名":"字球浦","地番":"117-1","精度区分":null,"座標系":"任意座標系"}},{"type":"Polygon","arcs":[[4785,-4693,-4780,-4782,4786,4787,-4784]],"properties":{"市区町村名":"奥尻郡奥尻町","大字名":null,"丁目名":null,"小字名":"字球浦","地番":"117-2","精度区分":null,"座標系":"任意座標系"}},{"type":"Polygon","arcs":[[-4785,-4788,4788,-4418]],"properties":{"市区町村名":"奥尻郡奥尻町","大字名":null,"丁目名":null,"小字名":"字球浦","地番":"116-1","精度区分":null,"座標系":"任意座標系"}},{"type":"Polygon","arcs":[[-4787,-4781,-4789]],"properties":{"市区町村名":"奥尻郡奥尻町","大字名":null,"丁目名":null,"小字名":"字球浦","地番":"116-4","精度区分":null,"座標系":"任意座標系"}},{"type":"Polygon","arcs":[[4789,-4694,-4786,4790,4791]],"properties":{"市区町村名":"奥尻郡奥尻町","大字名":null,"丁目名":null,"小字名":"字球浦","地番":"118-2","精度区分":null,"座標系":"任意座標系"}},{"type":"Polygon","arcs":[[4792,-4791,-4783,-4416]],"properties":{"市区町村名":"奥尻郡奥尻町","大字名":null,"丁目名":null,"小字名":"字球浦","地番":"118-1","精度区分":null,"座標系":"任意座標系"}},{"type":"Polygon","arcs":[[4793,-3420,-4695,-4790]],"properties":{"市区町村名":"奥尻郡奥尻町","大字名":null,"丁目名":null,"小字名":"字球浦","地番":"162-2","精度区分":null,"座標系":"任意座標系"}},{"type":"Polygon","arcs":[[-4436,-3421,-4794,-4792,-4793]],"properties":{"市区町村名":"奥尻郡奥尻町","大字名":null,"丁目名":null,"小字名":"字球浦","地番":"162-3","精度区分":null,"座標系":"任意座標系"}},{"type":"Polygon","arcs":[[4794,4795,4796,4797,4798,-1594]],"properties":{"市区町村名":"奥尻郡奥尻町","大字名":null,"丁目名":null,"小字名":"字稲穂","地番":"67-1","精度区分":null,"座標系":"任意座標系"}},{"type":"Polygon","arcs":[[4799,4800,4801,-4797]],"properties":{"市区町村名":"奥尻郡奥尻町","大字名":null,"丁目名":null,"小字名":"字稲穂","地番":"67-2","精度区分":null,"座標系":"任意座標系"}},{"type":"Polygon","arcs":[[-4798,-4802,4802]],"properties":{"市区町村名":"奥尻郡奥尻町","大字名":null,"丁目名":null,"小字名":"字稲穂","地番":"68","精度区分":null,"座標系":"任意座標系"}},{"type":"Polygon","arcs":[[4803,4804,-4796]],"properties":{"市区町村名":"奥尻郡奥尻町","大字名":null,"丁目名":null,"小字名":"字稲穂","地番":"66-1","精度区分":null,"座標系":"任意座標系"}},{"type":"Polygon","arcs":[[4805,4806,4807,-4800,-4805]],"properties":{"市区町村名":"奥尻郡奥尻町","大字名":null,"丁目名":null,"小字名":"字稲穂","地番":"66-3","精度区分":null,"座標系":"任意座標系"}},{"type":"Polygon","arcs":[[-1471,-1593,-1583,-4457,4808,-1507,4809,-1532,-1530,-1526,4810,4811,-1449,-1559,-1569,-1567,-1544,-1541,4812,4813,4814,4815,4816,-4806,-4804,-4795,-1596,-1524,-1601,-1518,-1508,-1579,-1577,-1587,-1697]],"properties":{"市区町村名":"奥尻郡奥尻町","大字名":null,"丁目名":null,"小字名":"字稲穂","地番":"道-37","精度区分":null,"座標系":"任意座標系"}},{"type":"Polygon","arcs":[[4817,-4807,-4817]],"properties":{"市区町村名":"奥尻郡奥尻町","大字名":null,"丁目名":null,"小字名":"字稲穂","地番":"66-2","精度区分":null,"座標系":"任意座標系"}},{"type":"Polygon","arcs":[[4818,-1607,-1605,-1603,4819,4820,4821]],"properties":{"市区町村名":"奥尻郡奥尻町","大字名":null,"丁目名":null,"小字名":"字稲穂","地番":"70-2","精度区分":null,"座標系":"任意座標系"}},{"type":"Polygon","arcs":[[4822,4823,4824,4825,4826,4827,4828,4829]],"properties":{"市区町村名":"奥尻郡奥尻町","大字名":null,"丁目名":null,"小字名":"字稲穂","地番":"63-3","精度区分":null,"座標系":"任意座標系"}},{"type":"Polygon","arcs":[[4830,4831,4832,4833,-4829]],"properties":{"市区町村名":"奥尻郡奥尻町","大字名":null,"丁目名":null,"小字名":"字稲穂","地番":"63-2","精度区分":null,"座標系":"任意座標系"}},{"type":"Polygon","arcs":[[4834,-4832,4835,-1534,4836]],"properties":{"市区町村名":"奥尻郡奥尻町","大字名":null,"丁目名":null,"小字名":"字稲穂","地番":"63-1","精度区分":null,"座標系":"任意座標系"}},{"type":"Polygon","arcs":[[4837,-4822,4838]],"properties":{"市区町村名":"奥尻郡奥尻町","大字名":null,"丁目名":null,"小字名":"字稲穂","地番":"69-1","精度区分":null,"座標系":"任意座標系"}},{"type":"Polygon","arcs":[[4839,4840,4841,-1598,-1522,-1597,-4799,-4803,-4801,4842]],"properties":{"市区町村名":"奥尻郡奥尻町","大字名":null,"丁目名":null,"小字名":"字稲穂","地番":"69-3","精度区分":null,"座標系":"任意座標系"}},{"type":"Polygon","arcs":[[4843,4844,4845,-4841]],"properties":{"市区町村名":"奥尻郡奥尻町","大字名":null,"丁目名":null,"小字名":"字稲穂","地番":"69-2","精度区分":null,"座標系":"任意座標系"}},{"type":"Polygon","arcs":[[4846,-4839,-4821,4847,-4845]],"properties":{"市区町村名":"奥尻郡奥尻町","大字名":null,"丁目名":null,"小字名":"字稲穂","地番":"69-4","精度区分":null,"座標系":"任意座標系"}},{"type":"Polygon","arcs":[[4848,-4813,-1540,4849,-4825]],"properties":{"市区町村名":"奥尻郡奥尻町","大字名":null,"丁目名":null,"小字名":"字稲穂","地番":"63-5","精度区分":null,"座標系":"任意座標系"}},{"type":"Polygon","arcs":[[-1554,-1536,-1504,-1535,-4836,-4831,-4828,4850,-1563,-1551]],"properties":{"市区町村名":"奥尻郡奥尻町","大字名":null,"丁目名":null,"小字名":"字稲穂","地番":"63-7","精度区分":null,"座標系":"任意座標系"}},{"type":"Polygon","arcs":[[-4851,-4827,4851,-1546,-1564]],"properties":{"市区町村名":"奥尻郡奥尻町","大字名":null,"丁目名":null,"小字名":"字稲穂","地番":"63-8","精度区分":null,"座標系":"任意座標系"}},{"type":"Polygon","arcs":[[-4852,-4826,-4850,-1539,-1566]],"properties":{"市区町村名":"奥尻郡奥尻町","大字名":null,"丁目名":null,"小字名":"字稲穂","地番":"63-4","精度区分":null,"座標系":"任意座標系"}},{"type":"Polygon","arcs":[[4852,-4815,4853]],"properties":{"市区町村名":"奥尻郡奥尻町","大字名":null,"丁目名":null,"小字名":"字稲穂","地番":"64","精度区分":null,"座標系":"任意座標系"}},{"type":"Polygon","arcs":[[-4854,-4814,-4849,-4824]],"properties":{"市区町村名":"奥尻郡奥尻町","大字名":null,"丁目名":null,"小字名":"字稲穂","地番":"63-11","精度区分":null,"座標系":"任意座標系"}},{"type":"Polygon","arcs":[[-4808,-4818,-4816,-4853,-4823,4854,-4843]],"properties":{"市区町村名":"奥尻郡奥尻町","大字名":null,"丁目名":null,"小字名":"字稲穂","地番":"65","精度区分":null,"座標系":"任意座標系"}},{"type":"Polygon","arcs":[[-1602,4855,-4846,-4848,-4820]],"properties":{"市区町村名":"奥尻郡奥尻町","大字名":null,"丁目名":null,"小字名":"字稲穂","地番":"70-3","精度区分":null,"座標系":"任意座標系"}},{"type":"Polygon","arcs":[[-1599,-4842,-4856]],"properties":{"市区町村名":"奥尻郡奥尻町","大字名":null,"丁目名":null,"小字名":"字稲穂","地番":"70-1","精度区分":null,"座標系":"任意座標系"}},{"type":"Polygon","arcs":[[4856,-1618,-1700,-1610,-1608,-4819,-4838,4857]],"properties":{"市区町村名":"奥尻郡奥尻町","大字名":null,"丁目名":null,"小字名":"字稲穂","地番":"長狭物不明-3","精度区分":null,"座標系":"任意座標系"}},{"type":"Polygon","arcs":[[-4855,-4830,-4834,4858,-4844,-4840]],"properties":{"市区町村名":"奥尻郡奥尻町","大字名":null,"丁目名":null,"小字名":"字稲穂","地番":"長狭物不明-29","精度区分":null,"座標系":"任意座標系"}},{"type":"Polygon","arcs":[[4859,4860,-4837,-1533,-1573,-1454,4861]],"properties":{"市区町村名":"奥尻郡奥尻町","大字名":null,"丁目名":null,"小字名":"字稲穂","地番":"長狭物不明-28","精度区分":null,"座標系":"任意座標系"}},{"type":"Polygon","arcs":[[4862,4863,-4860]],"properties":{"市区町村名":"奥尻郡奥尻町","大字名":null,"丁目名":null,"小字名":"字稲穂","地番":"636","精度区分":null,"座標系":"任意座標系"}},{"type":"Polygon","arcs":[[4864,-4833,-4835,-4861,-4864]],"properties":{"市区町村名":"奥尻郡奥尻町","大字名":null,"丁目名":null,"小字名":"字稲穂","地番":"63-10","精度区分":null,"座標系":"任意座標系"}},{"type":"Polygon","arcs":[[-4859,-4865,-4863,-4858,-4847]],"properties":{"市区町村名":"奥尻郡奥尻町","大字名":null,"丁目名":null,"小字名":"字稲穂","地番":"635","精度区分":null,"座標系":"任意座標系"}},{"type":"Polygon","arcs":[[-1951,-1930,-1935,-1954,4865,-2074]],"properties":{"市区町村名":"奥尻郡奥尻町","大字名":null,"丁目名":null,"小字名":"字宮津","地番":"国有地-1","精度区分":null,"座標系":"任意座標系"}},{"type":"Polygon","arcs":[[-4394,-2475,-4393,-2410,-2450,-2407,-2402,-4397,-279,-275]],"properties":{"市区町村名":"奥尻郡奥尻町","大字名":null,"丁目名":null,"小字名":"字宮津","地番":"国有地-2","精度区分":null,"座標系":"任意座標系"}},{"type":"Polygon","arcs":[[4866,-358,-1824]],"properties":{"市区町村名":"奥尻郡奥尻町","大字名":null,"丁目名":null,"小字名":"字稲穂","地番":"国有地-2","精度区分":null,"座標系":"任意座標系"}},{"type":"Polygon","arcs":[[-1752,-1758,4867]],"properties":{"市区町村名":"奥尻郡奥尻町","大字名":null,"丁目名":null,"小字名":"字稲穂","地番":"国有地-3","精度区分":null,"座標系":"任意座標系"}},{"type":"Polygon","arcs":[[-4811,-1525,-1529,4868]],"properties":{"市区町村名":"奥尻郡奥尻町","大字名":null,"丁目名":null,"小字名":"字稲穂","地番":"国有地-7","精度区分":null,"座標系":"任意座標系"}},{"type":"Polygon","arcs":[[-1469,4869,-4455,-1581,-1592]],"properties":{"市区町村名":"奥尻郡奥尻町","大字名":null,"丁目名":null,"小字名":"字稲穂","地番":"国有地-8","精度区分":null,"座標系":"任意座標系"}},{"type":"Polygon","arcs":[[4870,-1879,-1830,-1874,-1881,-1835,-1877,4871,-1864,-1857,-1861,-1870,-345,-1898,-1896,-1894,-1886,-1883,-359]],"properties":{"市区町村名":"奥尻郡奥尻町","大字名":null,"丁目名":null,"小字名":"字稲穂","地番":"道-6","精度区分":null,"座標系":"任意座標系"}},{"type":"Polygon","arcs":[[-4389,-2113,4872,-4390,-2522]],"properties":{"市区町村名":"奥尻郡奥尻町","大字名":null,"丁目名":null,"小字名":"字宮津","地番":"280","精度区分":null,"座標系":"任意座標系"}},{"type":"Polygon","arcs":[[4873,-1940,-1943]],"properties":{"市区町村名":"奥尻郡奥尻町","大字名":null,"丁目名":null,"小字名":"字稲穂","地番":"639","精度区分":null,"座標系":"任意座標系"}},{"type":"Polygon","arcs":[[4874,4875,4876]],"properties":{"市区町村名":"奥尻郡奥尻町","大字名":null,"丁目名":null,"小字名":"字球浦","地番":"159-13","精度区分":null,"座標系":"任意座標系"}},{"type":"Polygon","arcs":[[-4571,-4507,4877,4878,-4876,-4548,-4544,-4773,-4774,-4771,-4461,-4680,-3409,-4414,-3414,-4425,-3369,-3372,-4435,4879,-1365,-4582]],"properties":{"市区町村名":"奥尻郡奥尻町","大字名":null,"丁目名":null,"小字名":"字球浦","地番":"159-1","精度区分":null,"座標系":"任意座標系"}},{"type":"Polygon","arcs":[[4880,4881]],"properties":{"市区町村名":"奥尻郡奥尻町","大字名":null,"丁目名":null,"小字名":"字稲穂","地番":"637","精度区分":null,"座標系":"任意座標系"}},{"type":"Polygon","arcs":[[4882]],"properties":{"市区町村名":"奥尻郡奥尻町","大字名":null,"丁目名":null,"小字名":"字稲穂","地番":"638","精度区分":null,"座標系":"任意座標系"}},{"type":"Polygon","arcs":[[-4881,4883]],"properties":{"市区町村名":"奥尻郡奥尻町","大字名":null,"丁目名":null,"小字名":"字宮津","地番":"388","精度区分":null,"座標系":"任意座標系"}},{"type":"Polygon","arcs":[[-1918,4884,-1920]],"properties":{"市区町村名":"奥尻郡奥尻町","大字名":null,"丁目名":null,"小字名":"字宮津","地番":"長狭物不明-5","精度区分":null,"座標系":"任意座標系"}},{"type":"Polygon","arcs":[[4885,4886]],"properties":{"市区町村名":"奥尻郡奥尻町","大字名":null,"丁目名":null,"小字名":"字宮津","地番":"188","精度区分":null,"座標系":"任意座標系"}},{"type":"Polygon","arcs":[[-4886,4887]],"properties":{"市区町村名":"奥尻郡奥尻町","大字名":null,"丁目名":null,"小字名":"字宮津","地番":"189","精度区分":null,"座標系":"任意座標系"}},{"type":"Polygon","arcs":[[-3027,-3077,-3073,-2741,-2703,-2743,-3029]],"properties":{"市区町村名":"奥尻郡奥尻町","大字名":null,"丁目名":null,"小字名":"字宮津","地番":"筆界未定地-61","精度区分":null,"座標系":"任意座標系"}},{"type":"Polygon","arcs":[[4888,4889,4890,4891,-4878,-4506]],"properties":{"市区町村名":"奥尻郡奥尻町","大字名":null,"丁目名":null,"小字名":"字球浦","地番":"132-6","精度区分":null,"座標系":"任意座標系"}},{"type":"Polygon","arcs":[[-4574,-4520,4892,4893,4894,-4890,4895,-4578]],"properties":{"市区町村名":"奥尻郡奥尻町","大字名":null,"丁目名":null,"小字名":"字球浦","地番":"132-2","精度区分":null,"座標系":"任意座標系"}},{"type":"Polygon","arcs":[[-4579,-4896,-4889]],"properties":{"市区町村名":"奥尻郡奥尻町","大字名":null,"丁目名":null,"小字名":"字球浦","地番":"132-4","精度区分":null,"座標系":"任意座標系"}},{"type":"Polygon","arcs":[[-4892,4896,4897,4898,4899,-4893,-4519,4900,4901,-4877,-4879]],"properties":{"市区町村名":"奥尻郡奥尻町","大字名":null,"丁目名":null,"小字名":"字球浦","地番":"159-2","精度区分":null,"座標系":"任意座標系"}},{"type":"Polygon","arcs":[[4902,-4897]],"properties":{"市区町村名":"奥尻郡奥尻町","大字名":null,"丁目名":null,"小字名":"字球浦","地番":"159-14","精度区分":null,"座標系":"任意座標系"}},{"type":"Polygon","arcs":[[4903,-4549,-4875,-4902]],"properties":{"市区町村名":"奥尻郡奥尻町","大字名":null,"丁目名":null,"小字名":"字球浦","地番":"159-6","精度区分":null,"座標系":"任意座標系"}},{"type":"Polygon","arcs":[[-4518,-4555,-4904,-4901]],"properties":{"市区町村名":"奥尻郡奥尻町","大字名":null,"丁目名":null,"小字名":"字球浦","地番":"159-7","精度区分":null,"座標系":"任意座標系"}},{"type":"Polygon","arcs":[[4904,-4894,-4900,4905,-4898]],"properties":{"市区町村名":"奥尻郡奥尻町","大字名":null,"丁目名":null,"小字名":"字球浦","地番":"132-1","精度区分":null,"座標系":"任意座標系"}},{"type":"Polygon","arcs":[[-4895,-4905,-4903,-4891]],"properties":{"市区町村名":"奥尻郡奥尻町","大字名":null,"丁目名":null,"小字名":"字球浦","地番":"132-5","精度区分":null,"座標系":"任意座標系"}},{"type":"Polygon","arcs":[[-4906,-4899]],"properties":{"市区町村名":"奥尻郡奥尻町","大字名":null,"丁目名":null,"小字名":"字球浦","地番":"132-3","精度区分":null,"座標系":"任意座標系"}},{"type":"Polygon","arcs":[[-3637,-3641,-3644,4906,-391,-4762,-4451,-4764,-245,-1327,4907,-4319,-4313,-4318,-4322,-70]],"properties":{"市区町村名":"奥尻郡奥尻町","大字名":null,"丁目名":null,"小字名":"字稲穂","地番":"道-15","精度区分":null,"座標系":"任意座標系"}},{"type":"Polygon","arcs":[[4908,-1211,-1980,-1209,-1979,-2003,-1200,-2004,-1189,-2005,-1170,-323,-2002]],"properties":{"市区町村名":"奥尻郡奥尻町","大字名":null,"丁目名":null,"小字名":"字稲穂","地番":"水-20","精度区分":null,"座標系":"任意座標系"}},{"type":"Polygon","arcs":[[-1944,4909]],"properties":{"市区町村名":"奥尻郡奥尻町","大字名":null,"丁目名":null,"小字名":"字稲穂","地番":"1-3","精度区分":null,"座標系":"任意座標系"}},{"type":"Polygon","arcs":[[-1946,4910]],"properties":{"市区町村名":"奥尻郡奥尻町","大字名":null,"丁目名":null,"小字名":"字稲穂","地番":"1-4","精度区分":null,"座標系":"任意座標系"}},{"type":"Polygon","arcs":[[4911,-811,-796,-790,-372,-376]],"properties":{"市区町村名":"奥尻郡奥尻町","大字名":null,"丁目名":null,"小字名":"字奥尻","地番":"道-19","精度区分":null,"座標系":"任意座標系"}},{"type":"Polygon","arcs":[[-4286,-4488,4912]],"properties":{"市区町村名":"奥尻郡奥尻町","大字名":null,"丁目名":null,"小字名":"字奥尻","地番":"道-21","精度区分":null,"座標系":"任意座標系"}}]}},"arcs":[[[597885,413956],[8519,6970],[598,397]],[[607002,421323],[614,-348]],[[607616,420975],[-2353,-1842]],[[605263,419133],[-2537,-1905],[-4257,-3657]],[[598469,413571],[-584,385]],[[514807,351056],[3963,2895]],[[518770,353951],[1219,-441]],[[519989,353510],[-4110,-2948]],[[515879,350562],[-1072,494]],[[777463,506199],[5163,6380]],[[782626,512579],[394,-173]],[[783020,512406],[-5557,-6207]],[[214605,81891],[4011,-36],[7320,1243],[9754,9225]],[[235690,92323],[-1751,-8828],[31548,-3100]],[[265487,80395],[37320,-3668]],[[302807,76727],[-2896,-3888]],[[299911,72839],[-66675,8661],[-2405,-6577]],[[230831,74923],[-12253,5087]],[[218578,80010],[-413,171]],[[218165,80181],[-3560,1710]],[[461810,321931],[5053,-1511]],[[466863,320420],[2009,-447]],[[468872,319973],[-817,-697]],[[468055,319276],[-6245,2655]],[[518396,354085],[-625,226],[1650,1626]],[[519421,355937],[988,-356]],[[520409,355581],[-2013,-1496]],[[516278,357063],[-249,119]],[[516029,357182],[6171,5072]],[[522200,362254],[258,-119]],[[522458,362135],[931,-433]],[[523389,361702],[384,-179]],[[523773,361523],[-7495,-4460]],[[686729,481173],[1340,-556]],[[688069,480617],[-206,-120]],[[687863,480497],[-1134,676]],[[760018,512596],[128,-46]],[[760146,512550],[-462,-317]],[[759684,512233],[334,363]],[[930948,942785],[444,-144]],[[931392,942641],[-1590,-1603]],[[929802,941038],[1146,1747]],[[346017,89379],[355,105]],[[346372,89484],[-182,-223]],[[346190,89261],[-173,118]],[[735842,537978],[8763,-130],[18967,-143]],[[763572,537705],[-11702,-2656],[-5012,-686]],[[746858,534363],[-3565,485]],[[743293,534848],[-7451,3130]],[[486223,330689],[190,81]],[[486413,330770],[444,-430]],[[486857,330340],[-634,349]],[[497828,753125],[3631,731]],[[501459,753856],[-3620,-1095]],[[497839,752761],[-11,364]],[[690823,463796],[6934,2839]],[[697757,466635],[1772,-1287]],[[699529,465348],[-7236,-2893],[-250,195]],[[692043,462650],[-1220,1146]],[[494378,394090],[3818,-2743],[8374,-3745]],[[506570,387602],[14308,-10332],[284,40],[5146,3559]],[[526308,380869],[133,-158],[-5256,-3660],[-3932,-1236],[-2742,-920]],[[514511,374895],[-170,125]],[[514341,375020],[2574,830]],[[516915,375850],[676,217]],[[517591,376067],[3190,1029],[-6846,4875],[-7462,5455],[-8505,3808],[-3771,2752]],[[494197,393986],[181,104]],[[377768,706803],[258,952],[2585,4701],[6333,4452],[-107,145]],[[386837,717053],[553,-455]],[[387390,716598],[2,-372]],[[387392,716226],[-2327,-1122],[-1083,-3550],[-5577,-4527],[14,-487]],[[378419,706540],[-651,263]],[[475535,705211],[8054,42114]],[[483589,747325],[5499,2787],[8751,2649]],[[497839,752761],[1479,-44296]],[[499318,708465],[-23783,-3254]],[[934938,944818],[-144,26]],[[934794,944844],[574,776]],[[935368,945620],[124,-39]],[[935492,945581],[-554,-763]],[[934194,944033],[600,811]],[[934938,944818],[-603,-833]],[[934335,943985],[-141,48]],[[932946,942157],[1248,1876]],[[934335,943985],[-1389,-1828]],[[388136,691292],[18284,-1567]],[[406420,689725],[1820,-187],[10930,-2277]],[[419170,687261],[-616,-240]],[[418554,687021],[-11034,2263],[-1102,126],[-17268,1410]],[[389150,690820],[-767,64]],[[388383,690884],[-146,240]],[[388237,691124],[-101,168]],[[776418,525761],[4164,3141]],[[780582,528902],[2115,-1399]],[[782697,527503],[-93,-92],[-2904,-2796],[1247,-1397]],[[780947,523218],[-836,-806]],[[780111,522412],[-3693,3349]],[[755556,524486],[9015,3629]],[[764571,528115],[10918,4328]],[[775489,532443],[5093,-3541]],[[776418,525761],[-2406,2194],[-10598,-6436]],[[763414,521519],[-7858,2967]],[[465339,388324],[8307,7981]],[[473646,396305],[11526,7896],[-6705,2686],[-9780,3976],[-2514,1050]],[[466173,411913],[-55,110]],[[466118,412023],[938,239]],[[467056,412262],[12073,-5005]],[[479129,407257],[6436,-2651],[16154,4956]],[[501719,409562],[4385,1329]],[[506104,410891],[569,-231]],[[506673,410660],[-5564,-1657],[-9055,-2785],[-5806,-1729],[-6566,-4565],[-5803,-3951],[3330,-6170],[103,45]],[[477312,389848],[6189,-1935],[175,99]],[[483676,388012],[30665,-12992]],[[514511,374895],[-512,-221],[-30502,12990],[-6757,1919],[-3309,5930],[-7534,-7246],[-558,57]],[[106557,297433],[19121,20740],[21285,23152],[13276,14441],[2220,2389],[7194,-2389],[23398,-7701],[-20114,-45894],[-15205,7850],[-10769,-3701],[-9212,-3166],[9212,-5856],[12663,-8049],[1969,-9909],[-1526,-653],[-92,-94],[-13014,633],[-8214,400],[4286,4694],[809,886],[-37287,12227]],[[305716,54106],[11344,-2302]],[[317060,51804],[-139,-6335]],[[316921,45469],[-10886,374]],[[306035,45843],[-319,8263]],[[306226,40900],[70,6],[10515,-402]],[[316811,40504],[3969,-152]],[[320780,40352],[12242,-468]],[[333022,39884],[-94,-344]],[[332928,39540],[-408,-1493]],[[332520,38047],[-5387,-817],[-20771,153]],[[306362,37383],[-136,3517]],[[276330,63913],[1683,-33],[11234,-2203],[12373,2155],[13836,-2624],[6723,-2379],[6018,-1204],[7071,1086],[14413,-5316],[4459,-2657]],[[354140,50738],[-1052,-1358]],[[353088,49380],[-1397,-1497]],[[351691,47883],[-1519,398],[-14773,3176],[-26194,5756],[-32403,425]],[[276802,57638],[-327,4344]],[[276475,61982],[-145,1931]],[[210929,72597],[20637,-627]],[[231566,71970],[-11601,-11288]],[[219965,60682],[-9019,1525]],[[210946,62207],[-13828,2337],[13811,8053]],[[217295,22370],[-3454,4726],[9991,15652],[3846,3596],[20744,-4370],[20747,-4466]],[[269169,37508],[-251,-2192]],[[268918,35316],[-15406,775],[-154,-4465]],[[253358,31626],[-13,-389]],[[253345,31237],[-216,-6232]],[[253129,25005],[-35834,-2635]],[[275281,19545],[21926,6520],[22258,4106]],[[319465,30171],[6423,-3072]],[[325888,27099],[-17223,-7436]],[[308665,19663],[-22250,-9646]],[[286415,10017],[-11134,9528]],[[302807,76727],[5792,10134]],[[308599,86861],[24400,-6707],[56,-184]],[[333055,79970],[1352,-4441]],[[334407,75529],[2319,-7615]],[[336726,67914],[-36815,4925]],[[176428,57756],[20067,6537],[13529,-2249],[-11819,-10071]],[[198205,51973],[-2948,1087]],[[195257,53060],[-11534,4251]],[[183723,57311],[-7295,445]],[[392319,104980],[-1307,-3263],[-29,-278],[-688,-2971],[-542,-2259],[-26336,4046],[-24214,4020],[-401,4437]],[[338802,108712],[53517,-3732]],[[336490,118050],[37990,-3502],[26402,-2389]],[[400882,112159],[-6071,-4064],[-2492,-3115]],[[338802,108712],[-2306,8925],[-6,413]],[[340254,124650],[11473,-1131]],[[351727,123519],[15194,-1503]],[[366921,122016],[34035,-3229]],[[400956,118787],[11,-1015],[-85,-5613]],[[336490,118050],[3764,6600]],[[373457,130405],[-2573,-4438]],[[370884,125967],[-28028,3210],[2500,4322],[28101,-3094]],[[340181,255849],[19465,-7116],[-4380,-3368]],[[355266,245365],[-4514,-4315]],[[350752,241050],[-7082,3614],[-7975,2199]],[[335695,246863],[4486,8986]],[[315436,336751],[4257,6064]],[[319693,342815],[9385,-2803],[3942,5845],[-9306,2772]],[[323714,348629],[5088,7137],[1702,2515],[4785,-2515],[19348,-10230],[-4221,-5869],[-11003,-15155]],[[339413,324512],[-23977,12239]],[[418554,687021],[-865,-3692]],[[417689,683329],[-3550,-1697],[-669,-2943],[1924,-2475]],[[415394,676214],[-2647,-5640],[2730,-9019],[-8488,9341]],[[406989,670896],[456,13785]],[[407445,684681],[1877,-1039]],[[409322,683642],[-28,-1043],[2613,-4],[153,992],[-2738,55]],[[407445,684681],[-9076,-4156]],[[398369,680525],[-9219,10295]],[[401586,287375],[2450,2917],[3405,3847],[276,172],[245,490],[272,337]],[[408234,295138],[1149,44],[2667,181],[-1000,2135],[6227,-631],[948,-1578],[7857,-2352],[3663,2593],[3535,313],[3401,5497]],[[436681,301340],[109,22]],[[436790,301362],[4515,-2127],[-9751,-11162],[-1984,-296]],[[429570,287777],[-5038,-754]],[[424532,287023],[-898,-327]],[[423634,286696],[-16551,482],[-5497,197]],[[383939,285989],[8050,10358]],[[391989,296347],[16943,2468]],[[408932,298815],[-170,-497],[-528,-3180]],[[401586,287375],[4734,-6572]],[[406320,280803],[-16178,-3115],[-4269,5630],[-1934,2671]],[[442774,320360],[9171,6021]],[[451945,326381],[11537,-5724]],[[463482,320657],[-8597,-10200]],[[454885,310457],[-9870,4502],[-6140,2861]],[[438875,317820],[3899,2540]],[[429781,322033],[-2045,-821]],[[427736,321212],[16152,9153]],[[443888,330365],[8057,-3984]],[[442774,320360],[-2945,5724],[-10048,-4051]],[[393779,298662],[14310,18419],[3720,4735]],[[411809,321816],[2726,-2142],[2457,-1985]],[[416992,317689],[2760,-2192]],[[419752,315497],[11752,-9334]],[[431504,306163],[-8736,-2878]],[[422768,303285],[-11523,-3727],[-17466,-896]],[[442002,355766],[1560,2635],[8330,3815]],[[451892,362216],[3179,-2224],[-11990,-6688]],[[443081,353304],[-1707,1400],[628,1062]],[[552245,400406],[9849,6166]],[[562094,406572],[4790,-1563],[1793,-555],[1825,-3149]],[[570502,401305],[-11152,-7226]],[[559350,394079],[-7105,6327]],[[556128,742713],[8400,-3639],[5411,-3850]],[[569939,735224],[683,-486],[21,-15]],[[570643,734723],[23333,-16670]],[[593976,718053],[-5431,628]],[[588545,718681],[-8511,5946],[-5925,3165],[-9575,829],[-20,2631],[-14415,7732],[6029,3729]],[[586983,718862],[-22630,2618]],[[564353,721480],[159,6630],[9291,-884],[5366,-2900],[7814,-5464]],[[569869,767523],[-4725,4551],[4279,5036]],[[569423,777110],[9945,3645],[5240,1921],[9486,828]],[[594094,783504],[-294,-290]],[[593800,783214],[-322,-316]],[[593478,782898],[-2462,-2143]],[[591016,780755],[-1814,-1607]],[[589202,779148],[-2374,-2111],[-38,-33]],[[586790,777004],[-264,-52],[-1751,-790],[-3033,-1799],[-2189,-1468],[-1562,-1373],[402,-149],[-6224,-6065]],[[572169,765308],[-2300,2215]],[[618548,744741],[5501,12843]],[[624049,757584],[7639,219]],[[631688,757803],[8288,-19851],[5967,-14060]],[[645943,723892],[-11965,-1061]],[[633978,722831],[-17781,16418]],[[616197,739249],[2351,5492]],[[400542,706617],[2679,752]],[[403221,707369],[6941,649],[3529,743],[3503,1882],[2692,1950],[1389,1670],[1218,5082],[2804,4089],[332,6]],[[425629,723440],[6026,-29567]],[[431655,693873],[-21555,-1755]],[[410100,692118],[-9558,14499]],[[768752,503260],[4649,4536]],[[773401,507796],[4062,-1597]],[[777463,506199],[-4011,-4464]],[[773452,501735],[-4700,1525]],[[788691,521073],[76,879]],[[788767,521952],[2951,-1553],[45,-2684],[-2165,-437],[1409,2494],[-2316,1301]],[[714604,476492],[1410,1753]],[[716014,478245],[194,240],[4898,2463]],[[721106,480948],[9900,1835]],[[731006,482783],[1342,-3133]],[[732348,479650],[-2274,-390]],[[730074,479260],[-3443,-591]],[[726631,478669],[-2386,-445]],[[724245,478224],[-4271,-796]],[[719974,477428],[-2203,-384]],[[717771,477044],[-2014,-351]],[[715757,476693],[-1153,-201]],[[675070,474375],[9273,-1593]],[[684343,472782],[-6800,-1997]],[[677543,470785],[-1631,-479]],[[675912,470306],[-7997,-2350]],[[667915,467956],[-4472,-1313]],[[663443,466643],[11627,7732]],[[644970,440868],[10925,5407]],[[655895,446275],[1000,-841],[-9365,-4671],[-1271,-632],[-1107,632],[-182,105]],[[699322,580244],[6141,1180],[5848,1076]],[[711311,582500],[3578,109]],[[714889,582609],[68,-1347],[405,-5710],[1,-13]],[[715363,575539],[12,-206]],[[715375,575333],[144,-2507]],[[715519,572826],[-1645,1494],[-7884,-943]],[[705990,573377],[-5743,1483],[-925,5384]],[[714889,582609],[24690,938],[16351,642],[936,-1634],[-20105,-3442],[-21398,-3574]],[[715519,572826],[109,-1894],[6,-46]],[[715634,570886],[-9644,2491]],[[781310,570793],[-5887,4166]],[[775423,574959],[845,16]],[[776268,574975],[41775,672],[-1082,-1538]],[[816961,574109],[-27635,-2587],[-8016,-729]],[[780870,565764],[188,1463]],[[781058,567227],[20225,1536]],[[801283,568763],[95,-7878]],[[801378,560885],[-13255,412]],[[788123,561297],[-3179,99]],[[784944,561396],[-2475,77]],[[782469,561473],[-2147,67]],[[780322,561540],[548,4224]],[[781058,567227],[409,3187]],[[781467,570414],[19774,1908]],[[801241,572322],[41,-3505]],[[801282,568817],[1,-54]],[[808398,556329],[3631,11817]],[[812029,568146],[2816,-236]],[[814845,567910],[694,-3236]],[[815539,564674],[1098,-5114]],[[816637,559560],[-5378,-3855]],[[811259,555705],[-2861,624]],[[808398,556329],[-6972,534]],[[801426,556863],[-48,4022]],[[801282,568817],[8251,-463],[2496,-208]],[[738075,560735],[823,9832]],[[738898,570567],[10660,82],[11464,-2343]],[[761022,568306],[1978,-10003]],[[763000,558303],[-10141,628],[-3762,499],[-11022,1305]],[[729369,554916],[8096,5485]],[[737465,560401],[14306,-1685],[-5212,-7142]],[[746559,551574],[-7328,1425]],[[739231,552999],[-9862,1917]],[[716186,671266],[43448,4032]],[[759634,675298],[-1084,-18403]],[[758550,656895],[-26643,-3427],[-15721,17798]],[[694000,728256],[-11440,-1499],[-27278,38807],[7548,1181],[31170,-38489]],[[658523,725040],[-17527,36049],[13942,4490],[11595,-16553],[15732,-22288],[-23742,-1698]],[[631688,757803],[9060,3166],[3992,-8297],[13521,-27689]],[[658261,724983],[-12318,-1091]],[[672251,767620],[13516,1654]],[[685767,769274],[17309,-9742]],[[703076,759532],[3594,-4735],[1514,-4913],[8264,-4965],[3075,-1792],[-65,-11502]],[[719458,731625],[-25201,-3336]],[[694257,728289],[-30928,38273],[8922,1058]],[[899780,669557],[-3192,-3215],[-11222,-5707],[39,1250],[10257,5985],[2021,2197],[2097,-510]],[[927227,823509],[10634,-1861]],[[937861,821648],[3757,-925]],[[941618,820723],[-5996,-6385],[-7204,-3651]],[[928418,810687],[-17557,2549]],[[910861,813236],[16366,10273]],[[900839,825245],[501,2464],[-53,42]],[[901287,827751],[5699,7838]],[[906986,835589],[14525,-8686]],[[921511,826903],[5716,-3394]],[[927227,823509],[-26388,1736]],[[910861,813236],[-2465,-6971]],[[908396,806265],[-4355,6857],[-4206,767],[1004,11356]],[[908817,802949],[-421,3316]],[[928418,810687],[-9631,-5560]],[[918787,805127],[-9970,-2178]],[[929966,789477],[-11179,15650]],[[941618,820723],[8679,4435]],[[950297,825158],[8873,-8725]],[[959170,816433],[4719,-13631]],[[963889,802802],[-6360,-12051]],[[957529,790751],[-27563,-1274]],[[906196,789180],[4697,6720],[-2076,7049]],[[929966,789477],[-4793,-3316],[-4350,-341]],[[920823,785820],[-6173,-979]],[[914650,784841],[-8454,4339]],[[857917,816629],[22489,11825]],[[880406,828454],[2674,-3930],[15289,5564]],[[898369,830088],[2918,-2337]],[[906196,789180],[-19370,4385]],[[886826,793565],[-11551,1451],[-4776,348]],[[870499,795364],[-12582,21265]],[[901204,857010],[12434,7595]],[[913638,864605],[6328,-18591]],[[919966,846014],[-6983,-5603]],[[912983,840411],[-3079,4339]],[[909904,844750],[-5932,8360],[-1356,1910]],[[902616,855020],[-1412,1990]],[[732752,791354],[3344,1345],[19304,8016],[4400,-11328],[-20754,-9429],[-4775,8737],[-1519,2659]],[[423634,286696],[-1713,-600]],[[421921,286096],[-7608,-2667]],[[414313,283429],[-7420,-2437]],[[406893,280992],[-573,-189]],[[367795,46119],[1252,3562],[759,2086]],[[369806,51767],[2867,63],[5568,123]],[[378241,51953],[538,-2272],[874,-3753],[5442,-193],[2475,-109]],[[387570,45626],[242,-3093]],[[387812,42533],[-9387,1667]],[[378425,44200],[-10630,1919]],[[378241,51953],[4164,-61]],[[382405,51892],[1714,-1915],[824,-296],[2365,-887],[262,-3168]],[[299911,72839],[-179,-329]],[[299732,72510],[-1978,-3632]],[[297754,68878],[-17358,1849],[-11725,3106],[-14035,1157],[-12292,-1133],[-11513,1066]],[[578075,769365],[6326,5544]],[[584401,774909],[2979,1421],[5311,976],[1823,1299],[300,4721]],[[594814,783326],[11757,1297],[13786,2591]],[[620357,787214],[-20218,-23557],[-22064,5708]],[[603695,747005],[14853,-2264]],[[616197,739249],[-9019,69]],[[607178,739318],[-3319,5340],[-164,2347]],[[398241,750380],[5719,-265],[30007,-1392]],[[433967,748723],[-19188,-1161],[-8857,-1917],[214,-294]],[[406136,745351],[-3044,-9614]],[[403092,735737],[-1201,-3795]],[[401891,731942],[-4741,4565],[1091,13873]],[[382927,702851],[1380,-15],[3592,275],[-38,194],[4619,328]],[[392480,703633],[5681,-7149],[1160,-910],[7099,-5849]],[[388136,691292],[-2428,1550],[-2596,9266]],[[383112,702108],[-185,743]],[[593268,704581],[901,84]],[[594169,704665],[2366,-3541],[1505,-4005],[1344,-716]],[[599384,696403],[2961,-1586]],[[602345,694817],[696,-3404]],[[603041,691413],[-874,-36]],[[602167,691377],[-651,3226],[-3303,1753]],[[598213,696356],[-1147,610],[-37,108]],[[597029,697074],[-1352,3936],[-2409,3571]],[[608155,692656],[-758,3814],[3674,4963],[9,5106]],[[611080,706539],[883,105]],[[611963,706644],[-67,-5415],[-3518,-4853],[798,-4562]],[[609176,691814],[-837,-61]],[[608339,691753],[-184,903]],[[608155,692656],[-3906,2293],[-4865,1454]],[[594169,704665],[16911,1874]],[[711862,700742],[302,-16183],[-8302,-858]],[[703862,683701],[533,4870],[4807,8501],[2660,3670]],[[703826,683371],[36,330]],[[711862,700742],[-19,1007]],[[711843,701749],[-29,1542]],[[711814,703291],[-4259,17194]],[[707555,720485],[631,118]],[[708186,720603],[4239,-17256]],[[712425,703347],[287,-18723],[32746,4834],[13097,1895]],[[758555,691353],[30769,4404],[11715,1775],[-6148,16579]],[[794891,714111],[-4909,16857]],[[789982,730968],[534,106]],[[790516,731074],[4998,-16970]],[[795514,714104],[6174,-16502],[7805,-74],[-1015,4281],[10241,14963]],[[818719,716772],[9406,13745]],[[828125,730517],[1077,-345]],[[829202,730172],[-9345,-13564]],[[819857,716608],[-3136,-4564]],[[816721,712044],[-3481,-5064]],[[813240,706980],[-3585,-5215]],[[809655,701765],[1002,-4114]],[[810657,697651],[-376,-4218]],[[810281,693433],[-238,-3841]],[[810043,689592],[-210,-3374]],[[809833,686218],[-158,-2556]],[[809675,683662],[-171,-2754],[-526,-2832]],[[808978,678076],[-1216,-6549]],[[807762,671527],[-252,-7157],[3705,-7715],[1109,-3420]],[[812324,653235],[159,-7123]],[[812483,646112],[10169,-11065],[6955,-7422],[-620,-6],[-291,298]],[[828696,627917],[-3256,3335]],[[825440,631252],[-2444,2503]],[[822996,633755],[-851,871]],[[822145,634626],[-11060,11354],[3,492]],[[811088,646472],[42,5781]],[[811130,652253],[3,404]],[[811133,652657],[-1216,4038],[-3503,7511],[142,6805]],[[806556,671011],[1791,9614]],[[808347,680625],[1098,16546],[-7677,80],[-1174,-174],[-9120,-1320],[-2017,-228],[-21278,-3094],[-55506,-8159],[-661,-84],[-8186,-821]],[[718885,623919],[10312,-2166],[4227,1548],[21811,-8185],[2823,3119],[9074,5029],[-14893,7658],[-8511,2540],[-8604,6086],[-2588,2221],[-3101,6192]],[[729435,647961],[348,661]],[[729783,648622],[3530,-6714]],[[733313,641908],[2494,-2219]],[[735807,639689],[8388,-5880],[8172,-2547]],[[752367,631262],[390,-111],[15351,-7712]],[[768108,623439],[74,-38],[246,-58]],[[768428,623343],[9642,-2280]],[[778070,621063],[11354,-1818],[6922,-1065]],[[796346,618180],[-265,-291]],[[796081,617889],[-6673,875],[-11346,1789],[-10387,2451],[-9090,-5056]],[[758585,617948],[-73,-41],[-82,-95]],[[758430,617812],[-2876,-3364]],[[755554,614448],[-22134,8357],[-4112,-1483]],[[729308,621322],[-10380,2163]],[[718928,623485],[-43,434]],[[720546,611007],[-5023,-7340],[-40411,8002]],[[675112,611669],[20535,-336],[24899,-326]],[[675243,609902],[536,1291],[40379,-8204],[-1495,-5410]],[[714663,597579],[-2462,1915],[-6364,3068],[-11353,2794],[-19241,4546]],[[636534,596531],[6435,5722]],[[642969,602253],[648,-379]],[[643617,601874],[13434,-7886]],[[657051,593988],[567,-375]],[[657618,593613],[-7332,-10672]],[[650286,582941],[-856,-5]],[[649430,582936],[-12896,13595]],[[738898,570567],[6534,4003]],[[745432,574570],[2171,-3618],[1854,98]],[[749457,571050],[11466,-2419],[20387,2162]],[[816961,574109],[-223,-334]],[[816738,573775],[-15497,-1453]],[[781467,570414],[-3161,-305]],[[778306,570109],[-9861,-997],[-7423,-806]],[[655040,564184],[36,146]],[[655076,564330],[50,202]],[[655126,564532],[9825,-1342]],[[664951,563190],[3419,-467]],[[668370,562723],[230,-32]],[[668600,562691],[3976,-543],[5803,2776]],[[678379,564924],[4273,2044]],[[682652,566968],[2777,1329],[10571,-1840],[10694,-1836]],[[706694,564621],[6020,-1034]],[[712714,563587],[169,-29],[13025,-1438]],[[725908,562120],[11354,-1292]],[[737262,560828],[813,-93]],[[763000,558303],[11625,-693],[1415,-58]],[[776040,557552],[1428,-58]],[[777468,557494],[2317,-94]],[[779785,557400],[2403,-64]],[[782188,557336],[2409,-64]],[[784597,557272],[3171,-85]],[[787768,557187],[4733,-126],[41,-1]],[[792542,557060],[8884,-197]],[[811259,555705],[3241,-708]],[[814500,554997],[5454,438],[798,-167]],[[820752,555268],[3804,-796]],[[824556,554472],[-328,-198]],[[824228,554274],[-3629,783]],[[820599,555057],[-707,153],[-5566,-469],[-271,57]],[[814055,554798],[-3077,656]],[[810978,555454],[-2722,580],[-1476,91]],[[806780,556125],[-18,1],[-187,12]],[[806575,556138],[-5593,369]],[[800982,556507],[-125,3]],[[800857,556510],[-7623,173]],[[793234,556683],[-29,1],[-7167,170]],[[786038,556854],[-5955,141],[-5917,-9178]],[[774166,547817],[-3102,-4811]],[[771064,543006],[-2587,-4013]],[[768477,538993],[-935,-1451]],[[767542,537542],[-590,-910]],[[766952,536632],[-2425,-3737],[-9354,608]],[[755173,533503],[-614,40]],[[754559,533543],[-10318,672],[-1238,-1117]],[[743003,533098],[-424,-382]],[[742579,532716],[-237,149],[-369,-231]],[[741973,532634],[341,316]],[[742314,532950],[1718,1588]],[[744032,534538],[2826,-175]],[[746858,534363],[9033,-560]],[[755891,533803],[8341,-516],[2135,3270]],[[766367,536557],[732,1122]],[[767099,537679],[693,1063]],[[767792,538742],[5353,8371]],[[773145,547113],[845,1322]],[[773990,548435],[800,1251]],[[774790,549686],[1937,3029]],[[776727,552715],[2712,4243],[-3977,220]],[[775462,557178],[-3580,198]],[[771882,557376],[-19774,1273],[-2913,-3989]],[[749195,554660],[-4223,-5780]],[[744972,548880],[-125,8],[-9005,-10910]],[[735842,537978],[-304,127]],[[735538,538105],[9040,10846]],[[744578,548951],[1981,2623]],[[737465,560401],[-10694,1210]],[[726771,561611],[-13954,1580],[-27272,4717]],[[685545,567908],[-2355,-1131]],[[683190,566777],[-3729,-1790]],[[679461,564987],[-5235,-2519]],[[674226,562468],[-1087,-523]],[[673139,561945],[-383,-185]],[[672756,561760],[-4458,610]],[[668298,562370],[-249,34]],[[668049,562404],[-6501,890]],[[661548,563294],[-6508,890]],[[687969,488061],[918,2975]],[[688887,491036],[5843,-4758]],[[694730,486278],[-904,-332],[4656,-3984],[880,542]],[[699362,482504],[730,-594]],[[700092,481910],[-340,-225],[-32,-590],[3123,-2276]],[[702843,478819],[1787,-1354]],[[704630,477465],[515,-1439]],[[705145,476026],[-1177,-858]],[[703968,475168],[-2555,2168]],[[701413,477336],[-232,1056],[644,90],[-948,1205],[-476,-47],[-1298,1055],[-1777,1024],[369,351],[-1937,738],[-401,-412],[-373,69]],[[694984,482465],[-7015,5596]],[[386547,346266],[32621,-8874]],[[419168,337392],[2872,-546],[14344,-2980],[2748,-584],[1011,-496],[4900,-2476]],[[445043,330310],[16767,-8379]],[[468055,319276],[-4573,1381]],[[443888,330365],[-3183,1598]],[[440705,331963],[-1020,483]],[[439685,332446],[-808,491],[-18503,3881],[-1228,192],[-33051,9004],[452,252]],[[329284,240482],[96,1390]],[[329380,241872],[5615,-385],[4078,-2995],[16572,-2662]],[[355645,235830],[4168,-669]],[[359813,235161],[9078,-2254]],[[368891,232907],[6273,493]],[[375164,233400],[4329,329]],[[379493,233729],[3,-2191],[2087,-261]],[[381583,231277],[1664,-205]],[[383247,231072],[1627,-204]],[[384874,230868],[3225,-384]],[[388099,230484],[-620,-1084],[423,-320]],[[387902,229080],[-615,-999]],[[387287,228081],[-1809,1427],[-2929,448]],[[382549,229956],[-1724,280]],[[380825,230236],[-3178,503]],[[377647,230739],[305,790],[-835,23]],[[377117,231552],[-8958,266],[-6809,958]],[[361350,232776],[-6908,1239]],[[354442,234015],[-17696,3333],[-7462,3134]],[[345729,270979],[1760,-211],[9631,-1357],[3130,-1070],[5089,-2557],[6284,-3144],[-420,-687]],[[371203,261953],[-4088,-6687],[-2268,-895]],[[364847,254371],[-807,356],[-12307,5666],[-2195,6163],[-8686,-499]],[[340852,266057],[4877,4922]],[[213772,267023],[952,874]],[[214724,267897],[9904,-1732],[5152,451]],[[229780,266616],[2874,222],[-861,-1084]],[[231793,265754],[-7275,-626],[-10746,1895]],[[69568,49375],[20427,1760]],[[89995,51135],[2214,195]],[[92209,51330],[5800,512]],[[98009,51842],[1581,139]],[[99590,51981],[22671,1982]],[[122261,53963],[32057,2805],[-12898,10619],[1730,11129],[-26018,-2315]],[[117132,76201],[-175,758]],[[116957,76959],[26273,2264],[2860,18616]],[[146090,97839],[353,2390],[520,935],[3248,1102],[6796,2284],[9515,3267],[6976,-362],[7014,1575],[664,3480],[18833,1544],[5323,-3324],[6882,10],[2614,-2287],[1336,289],[317,-287],[-1849,-431]],[[214632,108024],[-2719,2331],[-6892,54],[-5337,3267],[-17982,-1454],[-669,-3456]],[[181033,108766],[-2781,-651]],[[178252,108115],[-4783,-1039],[-6543,302]],[[166926,107378],[-289,26],[-2108,-730]],[[164529,106674],[-16941,-5733],[-400,-2787]],[[147188,98154],[-225,-2491],[-4368,-28255],[123,-5]],[[142718,67403],[12830,-10507],[4200,362]],[[159748,57258],[516,44]],[[160264,57302],[-67,-4980]],[[160197,52322],[-6,-473]],[[160191,51849],[-81,-6062],[15085,563]],[[175195,46350],[27055,-2098]],[[202250,44252],[655,-51]],[[202905,44201],[3674,-285],[16460,-1276]],[[223039,42640],[4030,3936],[11058,9829]],[[238127,56405],[324,-76]],[[238451,56329],[244,-44]],[[238695,56285],[-10723,-9624],[20293,-4219],[20956,-4480]],[[269221,37962],[-52,-454]],[[217295,22370],[907,-1241]],[[218202,21129],[1579,-2159],[55422,937]],[[275203,19907],[78,-362]],[[275281,19545],[-55309,-924],[1567,-11825]],[[221539,6796],[322,-2423]],[[221861,4373],[105,-786],[-711,-4],[-103,772]],[[221152,4355],[-330,2466]],[[220822,6821],[-1418,11756],[-1524,2077]],[[217880,20654],[-607,826]],[[217273,21480],[-355,485]],[[216918,21965],[-3496,4764],[-10647,895]],[[202775,27624],[-26761,2251]],[[176014,29875],[-20,341]],[[175994,30216],[37213,-3096],[9665,15195],[-47785,3690]],[[175087,46005],[-14934,-595],[3766,-30951]],[[163919,14459],[956,-7640]],[[164875,6819],[134,-1071],[-743,0],[-430,4111]],[[163836,9859],[-2142,17830],[-20462,167],[-6979,95],[-5523,-474]],[[128730,27477],[-50416,-4372]],[[78314,23105],[-284,683]],[[78030,23788],[27862,2414]],[[105892,26202],[27981,2429]],[[133873,28631],[27770,-240],[-2140,17228]],[[159503,45619],[75,10937],[-7828,-696]],[[151750,55860],[-14924,-1300]],[[136826,54560],[-9147,-804]],[[127679,53756],[-27915,-2457]],[[99764,51299],[-1315,-133]],[[98449,51166],[-6772,-573]],[[91677,50593],[-1993,-198]],[[89684,50395],[-19866,-1693]],[[69818,48702],[-250,673]],[[168949,141254],[53,420]],[[169002,141674],[7308,-1189],[7383,-1206],[7953,-1290],[9096,-1496]],[[200742,136493],[26262,11683]],[[227004,148176],[26485,-6417],[632,-154]],[[254121,141605],[23,-1478],[5502,-1235],[5762,-1213]],[[265408,137679],[5418,-1278],[10674,-2475],[13252,-3048],[17007,-3156]],[[311759,127722],[13117,-3336],[12670,-3216],[4291,7494],[2858,5007],[1679,5823],[-7364,2899],[-8103,3147],[-8389,3306]],[[322518,148846],[182,353]],[[322700,149199],[4932,-1904]],[[327632,147295],[18863,-7382],[158,548],[7978,6959]],[[354631,147420],[1561,1405],[5524,2946],[5581,3023]],[[367297,154794],[3669,-690],[710,30],[13190,-2363],[5981,-1028],[-82,-347]],[[390765,150396],[-7973,1375],[-15200,2693],[-4986,-2693],[-5981,-3216]],[[356625,148555],[-9322,-8145]],[[347303,140410],[-1887,-6521],[28444,-3162]],[[373860,130727],[27148,-2833]],[[401008,127894],[-2,-353]],[[401006,127541],[-27549,2864]],[[370884,125967],[30074,-3197],[48,4771]],[[401008,127894],[46,6460]],[[401054,134354],[68,6918],[-473,521],[-1662,447]],[[398987,142240],[561,6615],[-850,152]],[[398698,149007],[116,333],[1296,-229],[-509,-6678],[1551,-412],[553,-682],[-39,-2466],[-44,-10364],[-5,-10737],[-129,-5781],[-606,168]],[[400956,118787],[25,3611],[-32461,3466]],[[368520,125864],[-14753,1667]],[[353767,127531],[-11086,1300],[-2427,-4181]],[[400882,112159],[606,-168],[-6114,-4061],[-2448,-3043],[-1333,-3233],[-192,-882],[-515,-2361],[-142,-634],[-451,-2011],[-29166,4473],[-3243,533],[-19309,3173],[-66,478]],[[338509,104423],[-431,4406],[-2273,9349],[1560,2631],[-25813,6567]],[[311552,127376],[-17255,3260],[-29118,6711]],[[265179,137347],[-11696,2509]],[[253483,139856],[-12,1507],[-26398,6412]],[[227073,147775],[-26218,-11740]],[[200855,136035],[-31906,5219]],[[822482,812127],[9805,-376],[7900,-624]],[[840187,811127],[6177,-13990]],[[846364,797137],[3517,-7967]],[[849881,789170],[-17958,-8853]],[[831923,780317],[-9222,6916],[-4198,5774],[641,3913],[-2029,7032],[5367,8175]],[[696492,540373],[4664,406]],[[701156,540779],[2026,-1536],[2236,-2674],[2518,-3494],[2981,-8645]],[[710917,524430],[-3646,3908]],[[707271,528338],[-2231,4101],[-2773,3266],[-1657,2512],[-4118,2156]],[[116957,76959],[-3173,13777]],[[113784,90736],[-480,2076],[4341,2488],[-4702,5717],[20869,-7696],[12278,4518]],[[220620,109746],[4266,-4413],[4143,-1112]],[[229029,104221],[1316,-353],[4972,-613]],[[235317,103255],[7087,-912],[12037,3346],[5521,-1742]],[[259962,103947],[153,-483],[1269,-2413],[12252,4750]],[[273636,105801],[1273,53]],[[274909,105854],[-10627,-4118],[1185,-456],[-550,-269],[-1377,468],[-2422,-933],[-1735,3223],[-4879,1546],[-12182,-3341],[-12053,1555],[-5964,1606],[-3964,4140],[-2156,-486],[-304,341],[2739,616]],[[359746,38517],[4634,3246],[1916,257],[5974,-474],[132,-74]],[[372402,41472],[3086,-2158],[2785,-1959]],[[378273,37355],[-33,2],[-18494,1160]],[[371095,621560],[-1121,216]],[[369974,621776],[3594,640],[4411,53],[6299,-447]],[[384278,622022],[-2346,-363]],[[381932,621659],[-4102,448],[-4626,-99],[-2109,-448]],[[332928,39540],[3117,369],[7095,-17],[3598,491],[2510,413],[3666,-357],[4069,572],[4036,382]],[[361019,41393],[252,13],[3408,2227],[6523,-1305],[14920,-2974],[4801,-482]],[[390923,38872],[1709,-1481],[3553,-123],[-232,-1640]],[[395953,35628],[-961,969],[-1141,-315]],[[393851,36282],[-4202,1861],[-17247,3329]],[[359746,38517],[-11813,740]],[[347933,39257],[-9480,-310],[-5933,-900]],[[333022,39884],[23957,1615]],[[356979,41499],[4040,-106]],[[163836,9859],[-12918,-2706],[-3955,-2210],[-5186,-2898],[-7988,4016]],[[133789,6061],[-5059,21416]],[[133789,6061],[-35725,-6061],[-18912,492],[-166,4992],[381,10290],[91,4537],[-1144,2794]],[[99764,51299],[-2442,-6624],[-874,-985],[-4296,-4492],[4263,6119],[2034,5849]],[[7771,65861],[18330,603],[4545,6839],[15985,1017],[16046,5539],[889,307],[4461,1543],[811,244]],[[68838,81953],[17729,5826],[5336,444],[-1137,3025],[-11983,3826]],[[78783,95074],[-6642,2100],[-3020,564]],[[69121,97738],[-7119,1327],[7312,-709]],[[69314,98356],[4796,-477],[5458,-1757]],[[79568,96122],[10627,-3457],[5631,3800],[6423,799],[2810,3508],[3463,2776],[-5543,9959],[-6323,4975]],[[96656,118482],[-3936,3097],[4222,-2710]],[[96942,118869],[7443,-4778],[5298,-9597],[1423,1044],[4399,562],[10688,-5709]],[[126193,100391],[439,-238],[1050,248]],[[127682,100401],[4778,-2578],[6593,449],[9886,8104],[1241,1066]],[[150180,107442],[1313,426],[3116,701]],[[154609,108569],[-4165,-1441],[-852,-1159],[13213,2922]],[[162805,108891],[8119,1843],[4514,-460],[4856,4062],[7260,657]],[[187554,114993],[5268,379],[698,2502]],[[193520,117874],[6733,84],[2767,-1690],[2665,-1563]],[[205685,114705],[-5,-1020],[11289,-129],[3651,-3810]],[[274909,105854],[459,19]],[[275368,105873],[4353,180],[-702,-1461]],[[279019,104592],[-453,-852],[5013,-1215],[4450,1]],[[288029,102526],[1155,1]],[[289184,102527],[913,-1755],[452,-868]],[[290549,99904],[5930,-740]],[[296479,99164],[6013,-750],[1290,-550]],[[303782,97864],[1430,-611]],[[305212,97253],[2167,-925],[801,59]],[[308180,96387],[1243,-612],[2464,-257]],[[311887,95518],[-1268,-452],[-1738,-1239],[-2645,-2310],[-2484,-269],[-5089,1877],[-2075,467]],[[296588,93592],[626,2586],[-10440,1864],[-3026,-1556]],[[283748,96486],[-7402,1669],[-1912,1402],[-7675,1102],[-581,-260],[3064,-440]],[[269242,99959],[-3979,-1179]],[[265263,98780],[-6040,-1789],[-4311,1421]],[[254912,98412],[-130,758],[-5195,2330],[-3741,-2532]],[[245846,98968],[-490,-338],[-5763,-672]],[[239593,97958],[-6217,1193]],[[233376,99151],[-14685,2817]],[[218691,101968],[-2101,397]],[[216590,102365],[-747,140]],[[215843,102505],[1307,3357],[-2518,2162]],[[113784,90736],[-9552,-803],[445,-6887],[248,-5049],[-1451,-3438],[-2093,-5300],[468,-3680],[-3955,-6368],[1696,-7230]],[[98009,51842],[-1420,1664],[-506,3536],[-3673,-4056],[-201,-1656]],[[89995,51135],[411,2166],[4558,5076],[-500,1274],[1240,2393]],[[95704,62044],[1030,2159]],[[96734,64203],[1632,3183],[-68,3685],[2927,6025],[-1961,10443],[-4764,-3185],[-2206,-1388]],[[92294,82966],[-32,61],[-14178,-3317]],[[78084,79710],[-14604,-3369]],[[63480,76341],[-307,1344],[-287,654],[-9382,-3666],[-8524,-2452],[-2696,-342],[-7651,-343],[-1714,-387],[-1724,-1050],[-3245,-4527],[-1868,-1024],[-3314,-363],[-8076,483],[-5922,-242],[-999,1435]],[[127079,704686],[2508,688]],[[129587,705374],[5374,-5024],[-441,-4593],[-1094,-3852],[5570,-3287],[-178,-5397],[5748,-2423]],[[144566,680798],[4467,-7823]],[[149033,672975],[91,-399]],[[149124,672576],[-2004,-717]],[[147120,671859],[-1637,879],[-1888,1595],[-375,897],[-482,819],[-1921,1119],[-1280,761],[-1421,1212],[-1895,1680],[-349,630],[-818,2046],[681,1977],[48,1403],[-238,764],[-1467,2235],[-1236,2296],[-640,1745],[56,1840],[76,2442],[-332,1630],[-642,1444],[-973,1209],[-736,766],[-1616,697],[-956,741]],[[254912,98412],[187,-1086]],[[255099,97326],[-434,10],[-2773,903],[-2203,386],[-3843,343]],[[378273,37355],[1068,-70],[-18,-999]],[[379323,36286],[-20839,-81],[-10049,584]],[[348435,36789],[-502,2468]],[[377831,43174],[594,1026]],[[387812,42533],[336,-394],[1489,-1745]],[[389637,40394],[-1377,328],[-317,76],[-9738,2288]],[[378205,43086],[-374,88]],[[367447,45617],[348,502]],[[377831,43174],[-10384,2443]],[[376912,41546],[1293,1540]],[[389637,40394],[954,-1128]],[[390591,39266],[-2262,238],[-291,28],[-1904,185],[-4478,884],[-4744,945]],[[366109,43695],[1338,1922]],[[376912,41546],[-10803,2149]],[[353088,49380],[14707,-3261]],[[366109,43695],[-8055,1726],[-2530,135],[-3360,1315],[-473,1012]],[[355036,45172],[2585,-3],[6468,-1392],[-1213,-811]],[[362876,42966],[-1436,901],[-3548,209]],[[357892,44076],[-2856,1096]],[[362876,42966],[-1749,-1170],[-4223,125]],[[356904,41921],[988,2155]],[[345218,45577],[205,339]],[[345423,45916],[5649,-2677],[5832,-1318]],[[355036,45172],[-8166,3136]],[[346870,48308],[4821,-425]],[[390591,39266],[375,-38]],[[390966,39228],[-43,-356]],[[356979,41499],[-5989,1437],[-558,178],[-5214,2463]],[[395953,35628],[-3818,-1481]],[[392135,34147],[-2115,1044],[3831,1091]],[[392135,34147],[-2179,-332]],[[389956,33815],[-487,464],[-2924,-221],[-440,214],[1486,1418],[-1864,609],[-6404,-13]],[[382268,31958],[1395,184],[2727,1567]],[[386390,33709],[2810,212],[344,-321]],[[389544,33600],[-2634,-1095],[-1011,-480],[-1448,-666],[-2963,58],[780,541]],[[253358,31626],[35703,1175]],[[289061,32801],[9538,1844]],[[298599,34645],[8047,1556]],[[306646,36201],[41789,588]],[[389956,33815],[225,-214],[-499,-130],[-138,129]],[[386390,33709],[-1103,462]],[[385287,34171],[1469,1398],[-1246,400],[-6193,-19]],[[379317,35950],[-20997,-106],[-9759,569]],[[348561,36413],[-41878,-537]],[[306683,35876],[-7886,-1556]],[[298797,34320],[-9528,-1880]],[[289269,32440],[-35924,-1203]],[[379266,33312],[51,2638]],[[385287,34171],[-6021,-859]],[[379266,33312],[-30314,1367]],[[348952,34679],[-391,1734]],[[382268,31958],[-5920,279],[-7134,360],[-8087,391],[-12106,1386]],[[349021,34374],[-69,305]],[[354140,50738],[290,374]],[[354430,51112],[6697,-141],[2921,-122],[-15,276],[5773,642]],[[218202,21129],[1566,167],[1576,-25],[1725,-145],[1188,42],[1662,211],[1087,27],[2913,-191],[1224,-8],[2028,255],[2852,75],[4452,97],[2376,121],[911,-12],[1567,222],[3113,200],[475,60],[961,51],[1122,5],[2315,412],[2088,42],[2477,-172],[1400,-332],[1440,-94],[1165,-238],[797,13],[1828,311],[1838,41],[3837,-754],[1484,-163],[1045,6],[1652,262]],[[274366,21615],[123,-251]],[[274489,21364],[714,-1457]],[[163919,14459],[12963,406]],[[176882,14865],[18690,-5467],[25250,-2577]],[[221152,4355],[-11862,-766],[-24996,2914],[-6022,272],[-13397,44]],[[221539,6796],[64876,3221]],[[308665,19663],[1770,-972]],[[310435,18691],[-7000,-2917],[-5022,-2139],[-3999,-2791],[-11142,-2880],[-15487,-1637],[-4244,-469],[-11836,-146],[-14413,-1219],[-12052,-57],[-3379,-63]],[[176882,14865],[-868,15010]],[[202775,27624],[-2295,-6969],[16438,1310]],[[217273,21480],[-4159,-2003],[-1961,-4005],[3149,3670],[3578,1512]],[[175087,46005],[907,-15789]],[[366921,122016],[1599,3848]],[[351727,123519],[2040,4012]],[[347303,140410],[13841,-1552],[14157,-1598]],[[375301,137260],[-1441,-6533]],[[375301,137260],[25753,-2906]],[[356625,148555],[4519,-687],[31116,-4636],[6727,-992]],[[390765,150396],[-372,-2055],[2380,-167],[417,541],[157,-58],[4608,-1695],[743,2045]],[[344605,149305],[6007,804],[10515,4746],[1731,781],[4439,-842]],[[354631,147420],[-10026,1885]],[[56413,129265],[5280,-817],[4768,1787],[-9936,1590]],[[56525,131825],[34,787]],[[56559,132612],[49,-5],[13336,-2292],[8815,-256]],[[78759,130059],[2648,464],[798,1384]],[[82205,131907],[1481,273]],[[83686,132180],[-1563,-2340],[-3833,-724]],[[78290,129116],[-10405,668],[-5509,-1840],[12156,-1792],[3273,873]],[[77805,127025],[684,183]],[[78489,127208],[6887,1837]],[[85376,129045],[1768,472],[8349,2253]],[[95493,131770],[14502,3913]],[[109995,135683],[57,16],[19643,5279],[5991,-1455]],[[135686,139523],[1085,-267],[18619,1302],[13105,-881],[-2,2019]],[[168493,141696],[509,-22]],[[168949,141254],[94,-488]],[[169043,140766],[130,-673],[1605,-6636]],[[170778,133457],[-1494,-321]],[[169284,133136],[-563,5712],[-13292,941],[-18772,-1295]],[[136657,138494],[-7239,1603],[-5870,-1550],[-18920,-5077],[-8762,-2370]],[[95866,131100],[-18315,-4884]],[[77551,126216],[-3135,-836],[-14671,1967],[-3394,497]],[[56351,127844],[62,1421]],[[338313,264297],[2401,1752]],[[340714,266049],[138,8]],[[364847,254371],[-795,-321],[971,-283],[2900,-1136],[3865,-521],[6205,-1004],[4632,-1495],[2500,-286],[1020,-932],[312,-933],[549,-2801],[-790,-2251],[649,-847],[1591,-248],[1223,105],[1070,-283],[1509,-1240],[49,-74]],[[392307,239821],[205,-309]],[[392512,239512],[-1243,-397]],[[391269,239115],[-516,858],[-5900,1510],[1028,3370],[-824,3796],[-3227,365],[-3701,1599],[-10545,1407],[-5822,1748],[-374,114],[-261,80],[-3182,2621],[-6978,3035]],[[350967,259618],[-3869,5068],[-8785,-389]],[[76428,212078],[277,299]],[[76705,212377],[10774,-1463],[31352,-4100],[28132,614],[298,6],[8010,10604],[7500,11889],[569,-69],[-7115,-11248],[-8555,-11488]],[[147670,207122],[-28970,-673],[-30752,4063],[-11520,1566]],[[214724,267897],[3106,2871],[5774,5336]],[[223604,276104],[4988,-2568],[1188,-6920]],[[373234,645405],[54424,3576]],[[427658,648981],[17640,-17891],[-41338,-6157],[-10847,-1616]],[[393113,623317],[-18447,8091],[-1432,13997]],[[388383,690884],[28318,-31545]],[[416701,659339],[10957,-10358]],[[373234,645405],[-880,8625],[-121,1211]],[[372233,655241],[-359,3564],[11797,11031],[2301,2123],[2411,18925]],[[417689,683329],[-832,-4056],[-1463,-3059]],[[398369,680525],[8620,-9629]],[[419170,687261],[-1759,-8049],[-4004,-8756],[3294,-11117]],[[395536,704233],[5820,-3252],[1577,-2313],[-382,-2210],[5964,-5952]],[[408515,690506],[-2095,-781]],[[392480,703633],[3056,600]],[[313425,287835],[6618,5674],[6594,5747]],[[326637,299256],[22051,-10024],[12597,-5828]],[[361285,283404],[-11855,-8750]],[[349430,274654],[-15775,5798],[-20230,7383]],[[480231,326316],[215,296]],[[480446,326612],[420,397]],[[480866,327009],[616,-178]],[[481482,326831],[-740,-915]],[[480742,325916],[-511,400]],[[481482,326831],[1143,-374]],[[482625,326457],[-806,-1104]],[[481819,325353],[-687,239],[-390,324]],[[481371,324738],[448,615]],[[482625,326457],[527,-183]],[[483152,326274],[63,-23]],[[483215,326251],[-179,-616]],[[483036,325635],[-812,-1021]],[[482224,324614],[-853,124]],[[474133,318811],[326,237]],[[474459,319048],[3212,2121]],[[477671,321169],[339,-165]],[[478010,321004],[-775,-515]],[[477235,320489],[-2387,-1538]],[[474848,318951],[-715,-140]],[[480166,322473],[144,143]],[[480310,322616],[156,-28]],[[480466,322588],[-183,-171]],[[480283,322417],[-117,56]],[[479445,321823],[721,650]],[[480283,322417],[-734,-642]],[[479549,321775],[-104,48]],[[481081,324406],[290,332]],[[482224,324614],[-22,-28],[-366,-446]],[[481836,324140],[-619,218],[-90,32]],[[481127,324390],[-46,16]],[[481836,324140],[-334,-412],[-60,-78],[-394,-521]],[[481048,323129],[-582,-541]],[[480310,322616],[603,565],[126,1104],[88,105]],[[480005,324937],[1366,-199]],[[481081,324406],[-1168,409]],[[479913,324815],[92,122]],[[480166,322473],[-570,272]],[[479596,322745],[714,-129]],[[481048,323129],[-564,-708],[-79,-62]],[[480405,322359],[-122,58]],[[478464,322999],[183,209]],[[478647,323208],[860,-420]],[[479507,322788],[-1043,211]],[[477851,323122],[613,-123]],[[479507,322788],[89,-43]],[[479445,321823],[-122,55],[-1313,-874]],[[477671,321169],[-968,470]],[[476703,321639],[8,10],[1140,1473]],[[480405,322359],[-856,-584]],[[479549,321775],[-264,-180],[-1226,-842]],[[478059,320753],[-642,-368]],[[477417,320385],[-182,104]],[[477417,320385],[-2462,-1413]],[[474955,318972],[-107,-21]],[[480005,324937],[737,979]],[[482625,326457],[796,1038]],[[483421,327495],[377,-54]],[[483798,327441],[-546,-903]],[[483252,326538],[-100,-264]],[[480866,327009],[-318,854]],[[480548,327863],[2873,-368]],[[466863,320420],[1450,989]],[[468313,321409],[859,-557],[-122,-369],[60,-311]],[[469110,320172],[-238,-199]],[[468313,321409],[193,131]],[[468506,321540],[1360,-735]],[[469866,320805],[-756,-633]],[[469866,320805],[1051,-549],[-213,-774],[-1203,-97]],[[469501,319385],[-152,219],[-239,568]],[[469501,319385],[-1446,-109]],[[403585,269624],[-13062,7764]],[[390523,277388],[16244,3118],[7515,-5848],[1578,-3363],[6,-13]],[[415866,271282],[241,-514],[954,-2034],[5369,-352],[37,-1331],[-7,-1327],[17,-2093],[-5832,-1793]],[[416645,261838],[-12710,7577]],[[403935,269415],[-350,209]],[[369141,289443],[322,243]],[[369463,289686],[14448,-10716],[-5144,-1078],[19799,-10972]],[[398566,266920],[-456,-247]],[[398110,266673],[-1170,643],[-1199,666],[-1808,997],[-3318,1832],[-1483,813],[-1905,1061],[-3485,1920],[-6217,3426]],[[377525,278031],[5462,1085],[-11724,8605],[-2122,1722]],[[369463,289686],[3511,2652]],[[372974,292338],[7329,-4612],[3195,-2048],[1786,-2462],[4518,-5967]],[[389802,277249],[13303,-7887]],[[403105,269362],[-4539,-2442]],[[389802,277249],[721,139]],[[403585,269624],[-480,-262]],[[361285,283404],[2655,2019]],[[363940,285423],[2596,-1598],[9868,-6017],[1121,223]],[[398110,266673],[-9727,-5278],[-4789,-3541],[-2064,-1490]],[[381530,256364],[-2760,2136],[-2984,2343],[-1592,1250],[-1268,1000],[-573,444],[-4470,3036],[-18453,8081]],[[346950,272212],[10269,-1444]],[[357219,270768],[10183,-4409],[4592,-3052],[46,-64],[1409,-1136]],[[373449,262107],[1572,-2164],[4129,-3559],[1115,-995],[2559,-249]],[[382824,255140],[134,-65]],[[382958,255075],[797,-1307],[3055,-5052],[1198,-5487]],[[388008,243229],[4618,-2229],[628,-864]],[[393254,240136],[-947,-315]],[[364847,254371],[699,-170],[2177,-433],[16315,-3585],[-2662,3585],[-5046,2115],[-5127,6070]],[[345729,270979],[1221,1233]],[[319375,245869],[-2893,1155]],[[316482,247024],[2819,1956],[16009,-2465]],[[335310,246515],[523,-102],[7601,-2152],[6846,-3495],[457,-119],[5857,-783],[7013,503]],[[363607,240367],[-3794,-5206]],[[355645,235830],[-316,645],[1154,1964],[-6410,1727],[-1744,-2255],[-1034,138],[-1224,992],[-6709,1324],[-825,1598],[-10463,2940],[-8699,966]],[[388008,243229],[7002,-2533]],[[395010,240696],[-1756,-560]],[[382958,255075],[8029,346]],[[390987,255421],[210,-1653],[439,-3222],[11114,525]],[[402750,251071],[1180,-7511],[-8920,-2864]],[[349477,231096],[1828,2269],[1667,-362],[756,229],[320,82],[394,701]],[[361350,232776],[-62,-3727]],[[361288,229049],[-161,28],[-11650,2019]],[[355266,245365],[11661,-578]],[[366927,244787],[1106,-3750]],[[368033,241037],[-11341,-819],[-5940,832]],[[366927,244787],[10213,3220],[1811,-2640],[-1315,-558],[1500,-2751],[99,-2625]],[[379235,239433],[-11202,1604]],[[388921,226792],[2911,-1014],[1370,-1634]],[[393202,224144],[-2687,1656],[-395,-210],[-936,548],[344,216],[-607,438]],[[387287,228081],[1634,-1289]],[[388921,226792],[-2011,1362],[-2314,1102],[-255,-259],[-950,287],[-172,-177],[-1058,333],[388,516]],[[335310,246515],[-9992,6564],[461,238]],[[325779,253317],[9814,-6425],[102,-29]],[[379235,239433],[1683,-749],[5772,-1459],[7185,-4410],[4076,-231]],[[397951,232584],[37,-374],[-4395,258],[-2736,1672],[-2197,-3786],[-358,-626],[-400,-648]],[[388099,230484],[2296,3943],[-4056,2495],[-5716,1450],[-1640,727],[-10887,1601],[-4489,-333]],[[383247,231072],[229,272],[1398,-476]],[[379493,233729],[2247,-795],[-652,-790],[979,-338],[-484,-529]],[[375164,233400],[86,293]],[[375250,233693],[3192,407],[1051,-371]],[[368891,232907],[6359,786]],[[376068,226627],[1387,3584]],[[377455,230211],[1450,-469],[369,373],[1096,-354],[455,475]],[[393202,224144],[1800,-2093],[-18934,4576]],[[377455,230211],[192,528]],[[377455,230211],[-338,1341]],[[376068,226627],[-14780,2422]],[[391269,239115],[2925,-4864],[3726,-289],[31,-1378]],[[366927,244787],[-5015,2845],[1716,1996],[-8216,4604],[-8056,2888]],[[347356,257120],[3611,2498]],[[373449,262107],[7653,-5975],[1722,-992]],[[390987,255421],[10948,461],[378,-2114],[437,-2697]],[[429570,287777],[12958,-3476]],[[442528,284301],[-1183,-1757],[-1980,-2355],[-8761,1561]],[[430604,281750],[-578,106]],[[430026,281856],[-7841,1379],[2347,3788]],[[381530,256364],[1579,-925],[11937,496],[7400,328],[398,-2495],[75,-220],[5,-28]],[[402924,253520],[1558,-9807],[-21,-360],[-10968,-3526],[-981,-315]],[[357219,270768],[-8133,3593]],[[349086,274361],[-36023,13164]],[[313063,287525],[362,310]],[[398110,266673],[6903,-4205],[8614,-5225]],[[413627,257243],[-4726,-1644],[-5977,-2079]],[[414035,281689],[-1115,-527]],[[412920,281162],[-1371,1079],[1125,525],[1361,-1077]],[[414035,281689],[303,-99],[676,-265],[1237,-509],[-1666,-4153]],[[414585,276663],[-556,128]],[[414029,276791],[-1617,372],[508,3999]],[[414313,283429],[-278,-1740]],[[414029,276791],[122,-1478],[-5068,3856],[-2190,1823]],[[414998,274412],[601,933]],[[415599,275345],[254,326],[7781,11025]],[[430026,281856],[-13867,-9930]],[[416159,271926],[-1161,2486]],[[415599,275345],[-5,63],[6327,10688]],[[414998,274412],[-208,425],[-205,1826]],[[430604,281750],[-5042,-3606],[-3304,-2345],[-5945,-4201]],[[416313,271598],[-154,328]],[[416645,261838],[-2571,-4308]],[[414074,257530],[-15063,9133],[4924,2752]],[[414074,257530],[-447,-287]],[[341771,323297],[1656,-853]],[[343427,322444],[37846,-20288],[813,-396]],[[382086,301760],[11693,-3098]],[[422768,303285],[16534,966],[7402,-1867]],[[446704,302384],[-24,-2924]],[[446680,299460],[-5138,1710],[-4752,192]],[[436681,301340],[-5216,-340]],[[431465,301000],[-12531,-774],[-2435,-2073]],[[416499,298153],[-7567,662]],[[391989,296347],[-10229,2343],[-4665,2915],[-958,1123],[-1246,1651]],[[374891,304379],[-16025,3158],[-7490,3373]],[[351376,310910],[-1696,6657],[-7909,5730]],[[492809,341692],[2792,-1711]],[[495601,339981],[2251,-1381]],[[497852,338600],[663,-406]],[[498515,338194],[-357,-252]],[[498158,337942],[-546,373]],[[497612,338315],[-83,57]],[[497529,338372],[-2468,1688]],[[495061,340060],[-2054,1070]],[[493007,341130],[-3683,2396],[-1754,1341],[-3284,2630],[-2675,1893],[3907,-2540],[3084,-2168],[4207,-2990]],[[566853,441878],[2755,-1115],[8280,-3281],[11202,-4542]],[[589090,432940],[-14941,-13311],[-5031,-3577],[-16172,13587],[13907,12239]],[[541041,369361],[6643,4650]],[[547684,374011],[819,-210]],[[548503,373801],[-4448,-3123]],[[544055,370678],[-2412,-1694]],[[541643,368984],[-602,377]],[[583177,703432],[-22428,-337]],[[560749,703095],[178,377]],[[560927,703472],[22361,275],[593,66]],[[583881,703813],[1699,192]],[[585580,704005],[7583,856]],[[593163,704861],[925,104]],[[594088,704965],[24598,2788]],[[618686,707753],[6555,710],[31222,4890]],[[656463,713353],[5561,865]],[[662024,714218],[19601,2903]],[[681625,717121],[5622,814]],[[687247,717935],[20503,2993],[5519,727]],[[713269,721655],[24801,3130],[-11414,4038],[-7310,2382],[-10669,-1394]],[[708677,729811],[-26157,-3419]],[[682520,726392],[-3914,-280]],[[678606,726112],[-18698,-1341]],[[659908,724771],[-9,0],[-14196,-1277]],[[645703,723494],[-35049,-3176]],[[610654,720318],[-232,359],[-6298,6623],[-89,-28],[-9649,-9646],[-5785,671]],[[588601,718297],[-1312,152]],[[587289,718449],[-8707,1009]],[[578582,719458],[-1366,158]],[[577216,719616],[-12933,1499]],[[564283,721115],[70,365]],[[586983,718862],[1562,-181]],[[593976,718053],[119,-14],[9662,9652],[-19251,9555],[-9400,3520],[-5604,6812],[-4866,5907]],[[564636,753485],[-857,1041]],[[563779,754526],[-2079,2537]],[[561700,757063],[393,317]],[[562093,757380],[1047,-1282]],[[563140,756098],[1418,-1735]],[[564558,754363],[1456,-1784]],[[566014,752579],[1432,-1752]],[[567446,750827],[1134,-1388]],[[568580,749439],[6812,-8339],[9434,-3585],[19286,-9542]],[[604112,727973],[6908,-7263],[15211,1433]],[[626231,722143],[7747,688]],[[658261,724983],[262,57]],[[658523,725040],[23742,1698],[-15732,22288],[-11595,16553],[-13942,-4490],[17527,-36049]],[[624049,757584],[-10201,-409]],[[613848,757175],[4275,18672],[2234,11367]],[[594814,783326],[-1014,-112]],[[594094,783504],[1677,1624],[515,-78],[-1411,-1414],[11482,1290],[11766,2182],[2274,431],[641,-54],[-1370,-6730],[-1545,-7475],[-131,-570]],[[617992,772710],[-3468,-15095],[17049,498]],[[631573,758113],[8853,3171]],[[640426,761284],[14181,4544]],[[654607,765828],[2900,446]],[[657507,766274],[1856,288]],[[659363,766562],[3102,492],[-1828,9808],[0,455]],[[660637,777317],[680,2258]],[[661317,779575],[584,7]],[[661901,779582],[-810,-2573]],[[661091,777009],[401,-1587],[1676,-8611],[8753,1087]],[[671921,767898],[330,-278]],[[694257,728289],[-257,-33]],[[694000,728256],[-31170,38489],[-7548,-1181],[27278,-38807],[11440,1499]],[[719458,731625],[0,-73],[6772,-2141],[536,89]],[[726766,729500],[-106,-205]],[[726660,729295],[12283,-4383],[8792,1095]],[[747735,726007],[36388,4604]],[[784123,730611],[6127,752],[21259,4861],[1941,-608],[-685,4294]],[[812765,739910],[-42,180]],[[812723,740090],[-2710,17629],[-17503,-2597],[6717,-19957],[13496,4925]],[[812765,739910],[-13561,-4951],[-16758,-1864]],[[782446,733095],[118,148]],[[782564,733243],[16416,1814],[-6714,20032],[-20307,-2231],[10605,-19615]],[[782446,733095],[-18404,323],[-18047,-885],[-874,-146]],[[745121,732387],[-18461,-3092]],[[726766,729500],[18852,3133]],[[745618,732633],[273,63]],[[745891,732696],[17906,864]],[[763797,733560],[287,-9]],[[764084,733551],[18238,-278],[-10632,19551],[-15254,-3201],[7648,-16072]],[[763797,733560],[-7599,16055],[-19709,-1354],[9402,-15565]],[[745618,732633],[-9453,15600],[-14120,-1743]],[[722045,746490],[-41,198]],[[722004,746688],[14129,1712]],[[736133,748400],[253,21]],[[736386,748421],[19675,1341],[-9176,15433]],[[746885,765195],[242,38]],[[747127,765233],[9208,-15459],[15322,3192]],[[771657,752966],[232,38]],[[771889,753004],[20314,2225],[-8698,18883],[-18723,-3117],[7107,-17991]],[[771657,752966],[-7189,17949],[-17341,-5682]],[[746885,765195],[-18987,-3095],[8488,-13679]],[[736133,748400],[-8493,13635],[-18869,-3584]],[[708771,758451],[-149,182]],[[708622,758633],[18902,3557]],[[727524,762190],[252,63]],[[727776,762253],[18999,3086],[-7872,14351]],[[738903,779690],[234,83]],[[739137,779773],[7890,-14384],[17444,5734],[-4698,18058],[-20636,-9408]],[[738903,779690],[-15878,-5622],[4751,-11815]],[[727524,762190],[-4846,11923],[-439,714]],[[722239,774827],[-4397,7541],[-16212,-10161]],[[701630,772207],[-81,191]],[[701549,772398],[16160,10131],[-869,1623],[-18005,-6832]],[[698835,777320],[-5,236]],[[698830,777556],[17965,6770],[-631,1121],[-1836,3387]],[[714328,788834],[-45,567]],[[714283,789401],[3632,-6728]],[[717915,782673],[131,-147]],[[718046,782526],[4879,-8318],[15945,5649],[-4160,7507]],[[734710,787364],[-689,1306],[-1472,2505],[-5726,-3381]],[[726823,787794],[-8777,-5268]],[[717915,782673],[5868,3522]],[[723783,786195],[6329,3798],[2688,1570]],[[732800,791563],[-48,-209]],[[732800,791563],[3213,1295],[19407,8057]],[[755420,800915],[182,-137]],[[755602,800778],[2437,-6172]],[[758039,794606],[1974,-5148]],[[760013,789458],[-25,-182]],[[759988,789276],[4753,-18128],[18735,3122],[-5590,20374],[-17898,-5368]],[[760013,789458],[17783,5342],[-1394,4900]],[[776402,799700],[-3715,13245],[-17085,-12167]],[[755420,800915],[589,350],[16648,11895],[-927,3234]],[[771730,816394],[270,189]],[[772000,816583],[49,-163]],[[772049,816420],[4682,-16628]],[[776731,799792],[1383,-4896],[8551,2403]],[[786665,797299],[2140,608],[-6563,22704]],[[782242,820611],[228,123]],[[782470,820734],[251,-865]],[[782721,819869],[3858,-13308]],[[786579,806561],[975,-3362]],[[787554,803199],[255,-883]],[[787809,802316],[1257,-4335],[8593,2442],[-4537,20644]],[[793122,821067],[-610,2671],[-6218,-1372],[-2442,1470],[-591,-2782],[-791,-320]],[[782242,820611],[-2125,-867]],[[780117,819744],[-8068,-3324]],[[772000,816583],[11041,4566],[781,3671]],[[783822,824820],[55,259],[-6487,3369],[-3282,-2021]],[[774108,826427],[-5574,-3412],[35,-73]],[[768569,822942],[-7650,-7285]],[[760919,815657],[-295,356]],[[760624,816013],[7694,7430],[3111,1856],[5886,3646]],[[777315,828945],[5782,-3017],[5456,-1156]],[[788553,824772],[-8,-290]],[[788545,824482],[-4041,826],[-298,-1232],[2308,-1337],[5997,1301],[-3966,442]],[[788553,824772],[5167,-608],[2233,232]],[[795953,824396],[2703,233],[2483,271],[7481,728]],[[808620,825628],[234,-315]],[[808854,825313],[-15998,-1595],[3884,-17937]],[[796740,805781],[1178,-5284],[18042,3420]],[[815960,803917],[-7,-165]],[[815953,803752],[-18027,-3406]],[[797926,800346],[-253,-88]],[[797673,800258],[-19543,-5548],[5610,-20374],[19663,3859],[-5730,22063]],[[797926,800346],[5768,-22160],[6521,-20307]],[[810215,757879],[-290,-33]],[[809925,757846],[-6439,20183],[-19707,-3875],[8674,-18895],[17472,2587]],[[810215,757879],[21832,1393],[240,1360],[3137,13491],[-1059,3017],[-2979,1748],[-536,1204],[-9031,6692],[-4510,6191],[697,4016],[-2053,6761]],[[815960,803917],[3428,5414]],[[819388,809331],[1850,2923],[-4864,9962],[-916,4113],[-6604,-1016]],[[808620,825628],[8032,1228]],[[816652,826856],[712,-3936],[6312,2373]],[[823676,825293],[20549,-3465],[1587,8016]],[[845812,829844],[12012,3657],[24438,15592],[799,-17]],[[883061,849076],[-1283,-810]],[[881778,848266],[-4345,-2745],[-6023,-3848]],[[871410,841673],[-13262,-8450],[-7842,-2402]],[[850306,830821],[-3927,-1198],[-1698,-8224],[-9753,1640]],[[834928,823039],[-11302,1866],[-6188,-2414],[5044,-10364]],[[831923,780317],[364,-891],[3101,-1962],[1031,-3403],[-2995,-14504]],[[833424,759557],[-4422,-6855]],[[829002,752702],[-1176,14]],[[827826,752716],[1729,2710]],[[829555,755426],[2353,3689],[-21628,-1398],[487,-3050]],[[810767,754667],[2925,-18997],[16194,-526],[1142,10128],[-2032,3400],[-1170,4044]],[[829002,752702],[1085,-3726],[2196,-3828],[-223,-1076],[-1480,-11775],[13035,1774]],[[843615,734071],[36222,4690]],[[879837,738761],[102,-282]],[[879939,738479],[-49513,-6530],[-1224,-1777]],[[828125,730517],[250,376]],[[828375,730893],[1265,1682],[234,2372],[-16107,576],[14608,-4630]],[[828125,730517],[-16584,5313]],[[811541,735830],[-21025,-4756]],[[789982,730968],[-19110,-2401]],[[770872,728567],[-21275,-2673]],[[749597,725894],[-41411,-5291]],[[707555,720485],[-41241,-5977]],[[666314,714508],[-40971,-6349]],[[625343,708159],[-589,-61]],[[624754,708098],[-12791,-1454]],[[593268,704581],[-7552,-860]],[[585716,703721],[-1785,-203]],[[583931,703518],[-754,-86]],[[613848,757175],[-10778,-1222]],[[603070,755953],[-17071,7760],[-11603,-580],[-1459,1435]],[[572937,764568],[5138,4797]],[[586790,777004],[1352,262],[113,-129],[2084,297],[1875,525],[1149,927],[443,1173],[71,1473],[-633,11],[234,1355]],[[584401,774909],[2389,2095]],[[589202,779148],[939,188],[525,408],[265,464],[85,547]],[[433967,748723],[12329,-572]],[[446296,748151],[9932,-1976],[11339,999]],[[467567,747174],[15434,1304],[-645,1940]],[[482356,750418],[30996,6212]],[[513352,756630],[7684,3788],[1048,3398],[1680,5453]],[[523764,769269],[9438,4102],[5944,3123],[366,241],[4031,1494]],[[543543,778229],[3939,-3049],[13764,-16763]],[[561246,758417],[-392,-322]],[[560854,758095],[-13813,16859],[-3705,2841],[-3419,-1293]],[[539917,776502],[-6639,-3469]],[[533278,773033],[-5259,-2292]],[[528019,770741],[-3633,-1582],[-1656,-5343],[-1101,-3549],[-7585,-3803]],[[514044,756464],[-239,-120]],[[513805,756344],[-5378,-1084]],[[508427,755260],[-6968,-1404]],[[497828,753125],[-4173,-841]],[[493655,752284],[-10649,-2146],[743,-1975]],[[483749,748163],[-160,-838]],[[475535,705211],[-626,-8445],[-601,-52],[-10980,-957],[-52725,-4311]],[[410603,691446],[-503,672]],[[431655,693873],[22991,1884],[19728,1672],[525,7568],[4507,23797]],[[479406,728794],[567,2976]],[[479973,731770],[1429,7507]],[[481402,739277],[1555,7899]],[[482957,747176],[120,667]],[[483077,747843],[52,290],[-21894,-1858]],[[461235,746275],[-5144,-437],[-9878,1997]],[[446213,747835],[-12622,555],[-18893,-1204],[-8562,-1835]],[[425554,723809],[11,15],[2008,1177],[1747,745],[2834,1119],[5000,541],[1974,1312],[6939,6020]],[[446067,734738],[17213,-4401]],[[463280,730337],[16126,-1543]],[[425629,723440],[-75,369]],[[624754,708098],[3840,-15118]],[[628594,692980],[-10471,-668]],[[618123,692312],[-8947,-498]],[[583931,703518],[1952,-3858],[2686,-2459],[1811,-807],[1947,-168],[-34,114],[5920,16]],[[602167,691377],[-15617,-986],[-1403,5366],[-1970,7675]],[[608339,691753],[-4632,2670],[-1362,394]],[[608339,691753],[-5298,-340]],[[543543,778229],[4058,1495],[2800,1031],[1720,656],[6277,4843],[3555,4111],[5417,-9610],[2053,-3645]],[[569869,767523],[-1744,-1745],[655,-285],[-2256,-1831],[701,-330],[-355,-292]],[[566870,763040],[-2132,-1752]],[[564738,761288],[-3492,-2871]],[[705944,473758],[467,-170]],[[706411,473588],[-272,-162]],[[706139,473426],[-69,-41]],[[706070,473385],[-126,373]],[[705325,474016],[619,-258]],[[706070,473385],[-745,631]],[[705325,474016],[426,313]],[[705751,474329],[193,-571]],[[667647,493303],[-181,-328],[1745,-4645],[1474,-480],[2145,1056],[1643,-490],[654,573],[1321,-397],[238,211]],[[676686,488803],[2277,-1079],[275,178],[1923,-945],[-292,-259],[1307,-711],[253,146],[2066,-1181],[-297,-221],[645,-391]],[[684843,484340],[-1679,-1712]],[[683164,482628],[-8094,-8253]],[[663443,466643],[-5667,4366],[-12679,-6154],[-9802,-4738],[14133,-7654]],[[649428,452463],[-13185,-6857]],[[636243,445606],[-5827,3961]],[[630416,449567],[-12293,8355],[-20745,14052],[20745,6245],[28848,8807],[20676,6277]],[[770542,499218],[1406,1611]],[[771948,500829],[129,-92]],[[772077,500737],[-1535,-1519]],[[730631,485796],[964,-142]],[[731595,485654],[-893,-210]],[[730702,485444],[-71,352]],[[651271,560510],[-265,231],[157,134]],[[651163,560875],[14254,-4882],[9099,-3112]],[[674516,552881],[8659,-2910]],[[683175,549971],[4051,-1400],[6919,-6970]],[[694145,541601],[1306,-1319]],[[695451,540282],[11820,-11944]],[[710917,524430],[-1711,-2243]],[[709206,522187],[-1118,-1467],[3782,-7015]],[[711870,513705],[401,-744],[-12,-12]],[[712259,512949],[-2267,-2330]],[[709992,510619],[-1484,-1524],[-6186,-6363]],[[702322,502732],[-302,195]],[[702020,502927],[9431,9917]],[[711451,512844],[212,222],[-61,112]],[[711602,513178],[-4150,7599],[1718,2267]],[[709170,523044],[1027,1355],[-1322,1362]],[[708875,525761],[-10159,10463],[-6757,6971]],[[691959,543195],[-1568,1618],[-3602,3618],[-2862,972]],[[683927,549403],[-11119,3776],[-21537,7331]],[[723318,610838],[19540,-10389]],[[742858,600449],[-1632,-1451]],[[741226,598998],[-1214,-1081],[-9768,2304],[-13955,3348],[4727,6973],[2302,296]],[[714663,597579],[-273,-990]],[[714390,596589],[-2794,2073],[-6133,3016],[-8914,2066],[-9126,2601],[-12659,2403]],[[674764,608748],[479,1154]],[[649311,575988],[13266,1779],[11248,1625],[9380,1485]],[[683205,580877],[3336,-161]],[[686541,580716],[-2026,-415],[-2242,-439],[-5129,-761],[-5061,-743],[-8843,-1297],[-13643,-1923]],[[649597,575138],[-286,850]],[[629796,638011],[-13374,-2693]],[[616422,635318],[512,360],[3946,1690],[4455,739],[4461,-96]],[[611311,634293],[4029,2495],[4706,2008],[5188,903],[5330,112],[4264,-787]],[[634828,639024],[-5032,-1013]],[[616422,635318],[-5111,-1025]],[[605265,657543],[25948,3003]],[[631213,660546],[18354,-18554],[-14739,-2968]],[[611311,634293],[-1793,-359]],[[609518,633934],[-4253,23609]],[[599176,674259],[29810,1542],[2227,-15255]],[[605265,657543],[-6089,16716]],[[811088,646472],[-5018,1104],[5060,4677]],[[812324,653235],[45,166]],[[812369,653401],[1558,924],[1980,-6273]],[[815907,648052],[-3424,-1940]],[[753607,655904],[1426,179]],[[755033,656083],[1416,-1488],[1000,-2875],[2283,-1867],[895,1660]],[[760627,651513],[8839,-5742]],[[769466,645771],[25072,-4873],[27607,-6272]],[[822996,633755],[-30254,6836],[-23477,4545],[-8382,5469],[-633,-1178],[4043,-3518],[5332,-3298],[5830,-2929],[20017,-4977],[12404,-2028],[10379,-2943],[6057,-1586]],[[824312,628148],[933,-245],[2574,-1879]],[[827819,626024],[-1182,-600]],[[826637,625424],[-2080,2157],[-166,8]],[[824391,627589],[-361,18],[-6237,1006],[-800,171],[-9098,3003],[-11028,1638],[-7447,1623],[-9287,2183],[-5294,1721],[-5836,2741],[-6511,4021],[-2888,2589],[-607,-1082],[770,-2854],[13426,-6058],[444,-2265],[11270,-3302],[16529,-4736],[-1066,-934],[2966,-4706],[2884,-482]],[[806220,621884],[856,-143]],[[807076,621741],[-5279,-1137]],[[801797,620604],[982,1636]],[[802779,622240],[-3290,5043]],[[799489,627283],[377,50],[602,395],[-27466,8021]],[[773002,635749],[-496,2384]],[[772506,638133],[-13450,6115]],[[759056,644248],[-1138,4471]],[[757918,648719],[1058,-203],[155,302],[-2968,2707],[-904,2581],[-1652,1798]],[[760770,651771],[2725,4936]],[[763495,656707],[180,371]],[[763675,657078],[-284,3238],[4875,15926]],[[768266,676242],[31750,3472],[8331,911]],[[806556,671011],[-10285,-4274],[-35501,-14966]],[[702784,683289],[62,314]],[[702846,683603],[706,5097],[5055,8565],[3236,4484]],[[703826,683371],[-1042,-82]],[[625343,708159],[3878,-14933],[5,-167]],[[629226,693059],[-632,-79]],[[982413,866443],[847,-40]],[[983260,866403],[926,-76]],[[984186,866327],[760,-65]],[[984946,866262],[395,-32]],[[985341,866230],[-100,-478]],[[985241,865752],[-106,-499],[-442,34],[-773,60],[-1001,78]],[[982919,865425],[5,129],[-1012,90]],[[981912,865644],[501,799]],[[981912,865644],[-564,-876],[-2975,919],[2049,1555],[2135,-567],[-144,-232]],[[976958,865752],[4571,7275]],[[981529,873027],[1264,-171]],[[982793,872856],[-282,-3472],[1673,-279]],[[984184,869105],[-924,-2702]],[[982919,865425],[-576,-1607],[-6284,497],[899,1437]],[[971008,939161],[894,-1882]],[[971902,937279],[741,-2016]],[[972643,935263],[-859,1996],[-776,1902]],[[966739,950145],[-343,849]],[[966396,950994],[1270,10]],[[967666,951004],[526,2]],[[968192,951006],[91,1]],[[968283,951007],[262,1]],[[968545,951008],[7562,37]],[[976107,951045],[-47,-295],[-713,-4512]],[[975347,946238],[-1858,-245]],[[973489,945993],[-2151,-91]],[[971338,945902],[-377,-16],[-455,-19]],[[970506,945867],[-615,641]],[[969891,946508],[-2751,2596]],[[967140,949104],[-53,208],[-348,833]],[[951408,965877],[-516,214]],[[950892,966091],[183,207]],[[951075,966298],[134,126]],[[951209,966424],[534,-686]],[[951743,965738],[-335,139]],[[935574,949258],[3592,5283],[314,329],[1985,3015],[966,942],[1497,701],[1815,379],[1954,26],[5964,-521],[1956,0]],[[955617,959412],[655,-67]],[[956272,959345],[611,173]],[[956883,959518],[666,188]],[[957549,959706],[474,134]],[[958023,959840],[3541,1001]],[[961564,960841],[1191,336]],[[962755,961177],[3265,-2318],[4773,166]],[[970793,959025],[2519,97]],[[973312,959122],[2501,99]],[[975813,959221],[91,-302]],[[975904,958919],[-10167,-402]],[[965737,958517],[-3182,2260],[-501,-144]],[[962054,960633],[-3433,-986]],[[958621,959647],[-876,-252]],[[957745,959395],[-671,-192]],[[957074,959203],[467,-428]],[[957541,958775],[1561,-1474]],[[959102,957301],[-2052,734],[-2410,229]],[[954640,958264],[-1611,154],[-331,31]],[[952698,958449],[-5080,474],[-1091,-17],[-1620,-232],[-765,-447],[-779,-699],[-5820,-8735]],[[937543,948793],[-463,109]],[[937080,948902],[-269,64],[-251,59]],[[936560,949025],[-986,233]],[[988185,880572],[-505,-973]],[[987680,879599],[248,714],[257,259]],[[979319,936870],[1787,-2711]],[[981106,934159],[-3744,-755],[-684,2660],[2641,806]],[[975186,935588],[997,245],[795,-2823]],[[976978,933010],[-532,867],[-1260,1711]],[[972643,935263],[624,129]],[[973267,935392],[1990,-2747]],[[975257,932645],[5981,-9172],[3177,-4967]],[[984415,918506],[1377,-3269]],[[985792,915237],[42,-100]],[[985834,915137],[-5845,8983],[-7182,10955]],[[972807,935075],[-164,188]],[[975257,932645],[1721,365]],[[976978,933010],[4900,-10011],[600,96]],[[982478,923095],[1856,-4397],[81,-192]],[[983895,923313],[2156,-3921],[577,-1080],[596,-971]],[[987224,917341],[1766,-3295],[1480,-2625]],[[990470,911421],[-426,-96]],[[990044,911325],[-5205,9167],[-1749,2704]],[[983090,923196],[805,117]],[[984600,930057],[3045,-5806]],[[987645,924251],[-5345,-836],[-2690,5466]],[[979610,928881],[4990,1176]],[[979134,929833],[4748,1666]],[[983882,931499],[718,-1442]],[[979610,928881],[-476,952]],[[981117,933897],[2765,-2398]],[[979134,929833],[-1646,3345],[3629,719]],[[983129,875743],[4011,7917]],[[987140,883660],[2322,-588],[-1108,-2159]],[[988354,880913],[-169,-341]],[[987680,879599],[-253,-551]],[[987427,879048],[-246,-495],[-1569,-3042]],[[985612,875511],[-2483,232]],[[989270,875152],[889,2304],[1123,3217]],[[991282,880673],[-631,-3762]],[[990651,876911],[-751,-1829]],[[989900,875082],[-463,51]],[[989437,875133],[-167,19]],[[989900,875082],[-280,-552],[-644,-1271]],[[988976,873259],[461,1874]],[[988509,875212],[239,-19]],[[988748,875193],[-847,-3113]],[[987901,872080],[-947,139]],[[986954,872219],[1555,2993]],[[985762,872407],[163,458],[242,1014],[405,1542]],[[986572,875421],[308,-35]],[[986880,875386],[-859,-3025]],[[986021,872361],[-259,46]],[[987427,879048],[-563,-2465],[-292,-1162]],[[986572,875421],[-960,90]],[[984946,866262],[662,2770],[807,3266]],[[986415,872298],[539,-79]],[[987901,872080],[-657,-2162]],[[987244,869918],[-1903,-3688]],[[985176,871218],[155,1253]],[[985331,872471],[431,-64]],[[985762,872407],[-586,-1189]],[[986880,875386],[400,-43]],[[987280,875343],[1229,-131]],[[986415,872298],[-394,63]],[[988748,875193],[522,-41]],[[988976,873259],[-612,-1229]],[[988364,872030],[-463,50]],[[988364,872030],[-1120,-2112]],[[984186,866327],[1028,2610],[1201,3361]],[[984184,869105],[699,-112],[293,2225]],[[982793,872856],[2538,-385]],[[981529,873027],[1600,2716]],[[981764,883155],[-2295,629],[1107,1428],[2420,-685],[-1232,-1372]],[[973267,935392],[-993,1963]],[[972274,937355],[2458,512]],[[974732,937867],[1273,-1745],[-1009,-275]],[[974996,935847],[-1729,-455]],[[974996,935847],[190,-259]],[[975308,937992],[1073,240]],[[976381,938232],[622,131]],[[977003,938363],[1623,-1469]],[[978626,936894],[-2101,-629],[-1217,1727]],[[971902,937279],[372,76]],[[970203,945627],[163,26]],[[970366,945653],[336,49]],[[970702,945702],[4030,-7835]],[[971008,939161],[-2939,6183],[2134,283]],[[970114,945813],[170,23]],[[970284,945836],[82,-183]],[[970203,945627],[-89,186]],[[973489,945993],[542,-1349],[2350,-6412]],[[975308,937992],[-3970,7910]],[[993642,912176],[-2795,-670]],[[990847,911506],[-2992,4806],[-631,1029]],[[983895,923313],[3955,577],[5792,-11714]],[[990847,911506],[-377,-85]],[[990044,911325],[-566,-151]],[[989478,911174],[-246,-65]],[[989232,911109],[-4817,7397]],[[982478,923095],[612,101]],[[989232,911109],[-453,-119]],[[988779,910990],[-219,-44]],[[988560,910946],[-2768,4291]],[[988560,910946],[-839,-200],[-406,901]],[[987315,911647],[-1481,3490]],[[987315,911647],[-3721,-1657]],[[983594,909990],[-1625,6031]],[[981969,916021],[-3893,6265],[-1254,4427],[-1348,2755],[-2667,5607]],[[981969,916021],[-2691,-1140],[-4682,8626]],[[974596,923507],[-300,550],[-2850,11069],[1197,137]],[[958257,926484],[4495,183]],[[962752,926667],[1062,-3535]],[[963814,923132],[-3856,833],[-1701,2519]],[[963814,923132],[3532,1915]],[[967346,925047],[2723,-946]],[[970069,924101],[3741,-494]],[[973810,923607],[4977,-9202],[2417,946],[1693,-5179],[-1755,-756]],[[981142,909416],[-11198,12147],[-6249,1337]],[[963695,922900],[119,232]],[[928932,952178],[1302,790],[421,107],[109,-77],[7454,2124]],[[938218,955122],[1540,443]],[[939758,955565],[-489,-758]],[[939269,954807],[-8028,-2382],[-1325,-714],[-900,-1193]],[[929016,950518],[-1159,232],[1075,1428]],[[932320,944426],[439,-114]],[[932759,944312],[-632,-773]],[[932127,943539],[-330,110],[523,777]],[[932973,946305],[563,-163]],[[933536,946142],[342,-113]],[[933878,946029],[-672,-554],[-886,-1049]],[[932320,944426],[-426,118]],[[931894,944544],[1079,1761]],[[931086,944764],[791,1891]],[[931877,946655],[1096,-350]],[[931894,944544],[-808,220]],[[932297,947629],[1376,-314]],[[933673,947315],[-700,-1010]],[[931877,946655],[420,974]],[[930717,942864],[-409,131]],[[930308,942995],[778,1769]],[[931894,944544],[-1177,-1680]],[[932127,943539],[-735,-898]],[[930948,942785],[-231,79]],[[933878,946029],[212,-70]],[[934090,945959],[-1331,-1647]],[[933673,947315],[553,-122]],[[934226,947193],[-690,-1051]],[[935492,945581],[1330,-426]],[[936822,945155],[-1208,-1604]],[[935614,943551],[-1279,434]],[[933366,944314],[1245,1528]],[[934611,945842],[757,-222]],[[934194,944033],[-828,281]],[[925597,936545],[4205,4493]],[[934090,945959],[2470,3066]],[[937080,948902],[-114,-141],[-599,-743],[-1756,-2176]],[[933366,944314],[-1477,-1850]],[[931889,942464],[-5738,-6047]],[[926151,936417],[-554,128]],[[932946,942157],[-1057,307]],[[933859,941866],[626,334]],[[934485,942200],[-61,-508]],[[934424,941692],[-565,174]],[[931481,939292],[535,828]],[[932016,940120],[2161,-496]],[[934177,939624],[-620,-859],[-2076,527]],[[932016,940120],[430,647],[1413,1099]],[[934424,941692],[-247,-2068]],[[933859,941866],[-913,291]],[[935614,943551],[-1129,-1351]],[[943952,940662],[-8338,2889]],[[936822,945155],[8842,-2746]],[[945664,942409],[-1712,-1747]],[[939547,940129],[3141,-760]],[[942688,939369],[-1218,-4624]],[[941470,934745],[-4891,1262],[2968,4122]],[[943952,940662],[-1264,-1293]],[[939547,940129],[-293,66]],[[939254,940195],[-4830,1497]],[[929072,935658],[2409,3634]],[[939254,940195],[-2958,-4113],[-1390,-1932],[-5834,1508]],[[928872,935712],[4074,6445]],[[929072,935658],[-200,54]],[[928872,935712],[-2721,705]],[[924589,936817],[5719,6178]],[[925597,936545],[-1008,272]],[[923637,937085],[816,1316]],[[924453,938401],[4622,5037]],[[929075,943438],[1233,-443]],[[924589,936817],[-952,268]],[[931720,949979],[1415,-260]],[[933135,949719],[-838,-2090]],[[929075,943438],[2645,6541]],[[970506,945867],[-222,-31]],[[970114,945813],[-223,695]],[[970506,945867],[196,-165]],[[958670,944288],[9652,1291]],[[968322,945579],[1792,234]],[[974596,923507],[-786,100]],[[970069,924101],[-8227,14516],[-2857,5105]],[[958985,943722],[-315,566]],[[945664,942409],[1695,1636]],[[947359,944045],[7762,-262],[3549,505]],[[958985,943722],[-7543,-4624],[-3914,-5400],[-11254,-13812],[4857,13809],[339,1050]],[[942785,947808],[3171,-618],[1090,-2639]],[[947046,944551],[-5311,1641],[1050,1616]],[[936822,945155],[2543,3339]],[[939365,948494],[3420,-686]],[[947046,944551],[313,-506]],[[937909,948733],[4063,5491]],[[941972,954224],[948,-205]],[[942920,954019],[-373,-1406],[-3182,-4119]],[[939365,948494],[-1456,239]],[[935492,945581],[2417,3152]],[[934929,949389],[645,-131]],[[935574,949258],[-1348,-2065]],[[933673,947315],[1256,2074]],[[933135,949719],[1794,-330]],[[929297,950462],[945,1192],[1288,673],[6384,1851]],[[937914,954178],[-108,-615],[-996,-1245],[-1881,-2929]],[[931720,949979],[-2423,483]],[[928932,952178],[7115,9484],[5941,11591],[3224,-3133]],[[945212,970120],[4832,-4696]],[[950044,965424],[2716,-2651]],[[952760,962773],[-3129,-169],[-3375,-772],[-2030,-1095],[-3805,-1636],[-322,-1070],[-968,-1077],[-892,-1495],[-21,-337]],[[945212,970120],[852,575]],[[946064,970695],[4828,-4604]],[[950892,966091],[-518,-407]],[[950374,965684],[-330,-260]],[[948819,959941],[1950,520],[2556,166],[1724,-88]],[[955049,960539],[1223,-1194]],[[955617,959412],[-2487,253],[-4311,276]],[[950374,965684],[3047,-2884]],[[953421,962800],[1678,-1587]],[[955099,961213],[1784,-1695]],[[955049,960539],[-2289,2234]],[[953949,964824],[8806,-3647]],[[961564,960841],[-1587,715],[-3234,966],[-1273,88]],[[955470,962610],[-723,1010],[-798,1204]],[[962755,961177],[1252,2935]],[[964007,964112],[4792,402]],[[968799,964514],[1912,-56]],[[970711,964458],[82,-5433]],[[970711,964458],[2359,-69]],[[973070,964389],[242,-5267]],[[973070,964389],[2343,-59]],[[975413,964330],[400,-5109]],[[968852,970307],[7701,933]],[[976553,971240],[-1140,-6910]],[[968799,964514],[53,5793]],[[977331,976901],[1650,-5421]],[[978981,971480],[-2428,-240]],[[976553,971240],[-1457,5355]],[[975096,976595],[2235,306]],[[973145,982986],[2169,526]],[[975314,983512],[1308,-4286]],[[976622,979226],[709,-2325]],[[975096,976595],[-1951,6391]],[[971082,989113],[-2057,-311],[-1232,-247]],[[967793,988555],[-4356,-1219]],[[963437,987336],[1430,6097],[-7533,760]],[[957334,994193],[4374,5806],[7033,-75],[2341,-10811]],[[971082,989113],[4232,-5601]],[[973145,982986],[-5352,5569]],[[963437,987336],[-2737,-11921]],[[960700,975415],[-5123,830]],[[955577,976245],[-1452,236]],[[954125,976481],[-308,50]],[[953817,976531],[3517,17662]],[[964007,964112],[947,5630]],[[964954,969742],[3898,565]],[[964954,969742],[-8683,1468]],[[956271,971210],[4429,4205]],[[960700,975415],[3115,-36],[1139,-5637]],[[952295,967441],[3976,3769]],[[953949,964824],[-1234,1634],[172,91],[-592,892]],[[951408,965877],[2411,-3047]],[[953819,962830],[-398,-30]],[[946064,970695],[7753,5836]],[[954125,976481],[-3790,-4607],[-711,-1546],[-113,-630],[176,-1137],[551,-1186],[837,-1077]],[[952295,967441],[-800,1225],[-216,992],[81,883],[372,792],[3845,4912]],[[952295,967441],[-1086,-1017]],[[953949,964824],[-2206,914]],[[955470,962610],[1785,-2494]],[[957255,960116],[294,-410]],[[955099,961213],[-1280,1617]],[[957255,960116],[768,-276]],[[948819,959941],[-1163,75],[-2607,-96],[-2277,-559],[-1416,-1232],[-1598,-2564]],[[965737,958517],[110,-362],[305,-1014]],[[966152,957141],[-669,740],[-905,1001],[-899,656],[-939,707],[-686,388]],[[975904,958919],[203,-7874]],[[968545,951008],[-444,1205],[-563,1524],[-368,1424],[-904,1868],[-114,112]],[[957541,958775],[4325,-2545],[4877,-3507],[726,-934]],[[967469,951789],[197,-785]],[[966396,950994],[-240,502],[-452,671]],[[965704,952167],[-663,660],[-741,663],[-212,155]],[[964088,953645],[-1466,1068],[-2550,1887],[-657,408]],[[959415,957008],[-313,293]],[[957074,959203],[974,-172]],[[958048,959031],[431,-76],[1533,-484],[1871,-812]],[[961883,957659],[1204,-522],[2649,-1749],[1116,-1156]],[[966852,954232],[409,-1614]],[[967261,952618],[208,-829]],[[958621,959647],[1356,-650],[1906,-1338]],[[958048,959031],[-303,364]],[[966152,957141],[700,-2909]],[[968283,951007],[-159,385],[-947,1824],[122,568],[-447,448]],[[968192,951006],[-931,1612]],[[824398,828040],[7889,664],[13525,1140]],[[823676,825293],[722,2747]],[[850306,830821],[7611,-14192]],[[870499,795364],[-24135,1773]],[[840187,811127],[-5259,11912]],[[871410,841673],[5980,-8787]],[[877390,832886],[3016,-4432]],[[881778,848266],[9098,-9969]],[[890876,838297],[-13486,-5411]],[[883061,849076],[2112,-109],[3090,-160],[877,1078],[924,1138]],[[890064,851023],[12552,3997]],[[909904,844750],[-18313,-7237]],[[891591,837513],[-715,784]],[[890064,851023],[1476,1815],[9151,4895]],[[900691,857733],[513,-723]],[[912983,840411],[-5997,-4822]],[[898369,830088],[-6778,7425]],[[917617,854673],[4015,1793],[8954,4106],[10603,4914]],[[941189,865486],[385,9]],[[941574,865495],[-21026,-19339]],[[920548,846156],[-2931,8517]],[[939304,842894],[16140,22311]],[[955444,865205],[1884,-39]],[[957328,865166],[-10341,-14102],[-8453,-11424],[420,-1329],[578,-719],[1840,-1391]],[[941372,836201],[-448,-578]],[[940924,835623],[-3077,1596]],[[937847,837219],[-875,1548],[589,1429],[-128,117],[1871,2581]],[[849881,789170],[20618,6194]],[[870499,795364],[-3061,-11982]],[[867438,783382],[-10964,-5723],[-5553,-18823]],[[850921,758836],[-17497,721]],[[880628,779545],[-13190,3837]],[[886826,793565],[535,-1977]],[[887361,791588],[2803,-10354]],[[890164,781234],[72,-263]],[[890236,780971],[-1729,-216],[-7879,-1210]],[[906196,789180],[-2061,-676]],[[904135,788504],[-16774,3084]],[[843615,734071],[7306,24765]],[[880628,779545],[8677,-22411],[-13203,-9061],[3735,-9312]],[[890164,781234],[10057,5987]],[[900221,787221],[7210,-1241],[-4642,-3019]],[[902789,782961],[-12553,-1990]],[[929966,789477],[-109,-3579]],[[929857,785898],[-86,-2808]],[[929771,783090],[-8948,2730]],[[958928,790816],[8946,414]],[[967874,791230],[4590,-11957]],[[972464,779273],[-10314,1570]],[[962150,780843],[-4327,5655],[-189,1102],[173,928],[1121,2288]],[[958928,790816],[5419,10667]],[[964347,801483],[1317,-3799],[2210,-6454]],[[929857,785898],[29583,-4631]],[[959440,781267],[2710,-424]],[[972464,779273],[889,-2267],[2346,-8041]],[[975699,768965],[-21954,6798],[-16331,4992],[-7643,2335]],[[957529,790751],[-991,-2800],[-234,-1047],[3136,-5637]],[[904135,788504],[-3914,-1283]],[[914650,784841],[-11861,-1880]],[[957529,790751],[1399,65]],[[963889,802802],[22,-61],[436,-1258]],[[941574,865495],[4475,-94]],[[946049,865401],[-1147,-1462]],[[944902,863939],[-5111,-6516],[-4916,-6402],[-6842,-8712]],[[928033,842309],[-7485,3847]],[[941372,836201],[5931,7254]],[[947303,843455],[19393,-25099],[4052,-9068],[-1869,-19335]],[[968879,789953],[-13152,37994],[-14803,7676]],[[914113,864857],[27076,629]],[[917617,854673],[-3504,10184]],[[944902,863939],[-5598,-21045]],[[937847,837219],[-9814,5090]],[[946049,865401],[9395,-196]],[[919966,846014],[19333,-9966]],[[939299,836048],[2434,-2471]],[[941733,833577],[-20222,-6674]],[[939299,836048],[3891,-2024]],[[943190,834024],[-1457,-447]],[[941733,833577],[893,-860]],[[942626,832717],[-4765,-11069]],[[942626,832717],[946,-936],[6725,-6623]],[[943190,834024],[-564,-1307]],[[943190,834024],[2369,-2254],[6051,-5934]],[[951610,825836],[-1313,-678]],[[943190,834024],[12061,-6305]],[[955251,827719],[-3641,-1883]],[[955251,827719],[2806,-8140]],[[958057,819579],[-6447,6257]],[[958057,819579],[1113,-3146]],[[957328,865166],[-815,-3853],[-9210,-17858]],[[989734,784409],[1783,-3137]],[[991517,781272],[-2070,-334],[-1883,3172],[2170,299]],[[989734,784409],[663,91],[1459,-3146],[-339,-82]],[[879939,738479],[-8812,-11899]],[[871127,726580],[-45,-60],[-14438,-4044],[-6452,-2798]],[[850192,719678],[-7442,-704],[-22893,-2366]],[[871127,726580],[19542,-154],[-3258,-3234]],[[887411,723192],[-18217,-290],[-18846,-7319]],[[850348,715583],[-156,4095]],[[850348,715583],[-16829,-1831]],[[833519,713752],[-16798,-1708]],[[813240,706980],[21495,2769]],[[834735,709749],[15900,2112]],[[850635,711861],[229,-2975]],[[850864,708886],[-5070,-1257]],[[845794,707629],[-36139,-5864]],[[850635,711861],[9630,5036]],[[860265,716897],[257,-3054]],[[860522,713843],[-9658,-4957]],[[842306,703082],[3488,4547]],[[850864,708886],[1091,144]],[[851955,709030],[3071,405],[3461,-12690]],[[858487,696745],[-18879,2290]],[[839608,699035],[2698,4047]],[[842306,703082],[-31649,-5431]],[[839608,699035],[-17474,-3278],[-11853,-2324]],[[839608,699035],[1547,-3964]],[[841155,695071],[-16241,-2862]],[[824914,692209],[-14871,-2617]],[[858487,696745],[-12135,-10320]],[[846352,686425],[-2472,1274]],[[843880,687699],[-1395,3725]],[[842485,691424],[-1330,3647]],[[858487,696745],[1000,-988],[10747,-10620]],[[870234,685137],[-4167,218],[-19951,862]],[[846116,686217],[236,208]],[[887411,723192],[46,-2897],[-14915,-1898],[-12277,-1500]],[[850635,711861],[-287,3722]],[[833519,713752],[1216,-4003]],[[975007,752147],[5293,2461],[-21,-125]],[[980279,754483],[-89,-520],[3022,-418]],[[983212,753545],[-338,-3504],[-1690,-2266],[-814,131],[-5832,1048],[588,1365],[-119,1828]],[[975007,752147],[-2437,2462],[5233,3568],[538,1559],[-837,8626],[1421,1491],[1094,1780],[-1342,937],[562,1393],[255,1398],[-1129,896],[5530,2815],[462,-1434],[4945,586],[327,-558],[277,-3159],[-1784,77],[-741,-3169],[1644,-145],[-2900,-7045],[-75,-3976],[-2924,-5537]],[[983126,754712],[-2847,-229]],[[986257,753461],[-965,-3486]],[[985292,749975],[-3564,-7035]],[[981728,742940],[-2468,-2370]],[[979260,740570],[-1246,229],[7494,12060],[-681,2368],[736,-10],[694,-1756]],[[842485,691424],[-15591,-2489]],[[826894,688935],[-1980,3274]],[[809833,686218],[17061,2717]],[[843880,687699],[-34205,-4037]],[[870234,685137],[-17273,-9020],[2606,-2277]],[[855567,673840],[-13161,-3476],[-5686,14695]],[[836720,685059],[6960,2492],[2436,-1334]],[[870234,685137],[308,-837],[5077,-9966],[-17024,-2407],[-3028,1913]],[[872530,657149],[3462,927],[6894,1739],[311,-410],[-10346,-2561],[-321,305]],[[899780,669557],[-566,1482],[767,-64],[-201,-1418]],[[893125,667708],[1260,1266],[287,-951],[-1547,-315]],[[758039,794606],[18363,5094]],[[776731,799792],[8530,2376]],[[785261,802168],[1404,-4869]],[[780117,819744],[5144,-17576]],[[782721,819869],[10401,1198]],[[787809,802316],[1390,209],[-200,916]],[[788999,803441],[1818,304],[-1037,3292],[-3201,-476]],[[796740,805781],[22648,3550]],[[777315,828945],[8519,-2156],[10065,-504]],[[795899,826285],[54,-1889]],[[795899,826285],[12721,-657]],[[816652,826856],[7746,1184]],[[783822,824820],[-9714,1607]],[[771730,816394],[-3161,6548]],[[771730,816394],[-7586,-4623],[-3225,3886]],[[749068,805156],[2619,2265],[6708,6440],[2229,2152]],[[755420,800915],[-6352,4241]],[[732800,791563],[1409,1118],[4915,4140],[956,832],[8988,7503]],[[734710,787364],[-7887,430]],[[722239,774827],[-19629,-4458]],[[702610,770369],[-980,1838]],[[701549,772398],[-2714,4922]],[[698830,777556],[1957,2095],[3415,1104],[9920,3205],[206,4874]],[[714283,789401],[5857,741],[3643,-3947]],[[788999,803441],[-1445,-242]],[[661901,779582],[24623,-10215]],[[686524,769367],[-757,-93]],[[671921,767898],[-10830,9111]],[[660637,777317],[-9043,-1255]],[[651594,776062],[-4941,2302],[5706,1107],[8958,104]],[[659363,766562],[-7769,9500]],[[654607,765828],[-4025,4289]],[[650582,770117],[-214,141]],[[650368,770258],[-571,2104],[7710,-6088]],[[650368,770258],[-63,9]],[[650305,770267],[-5771,803],[-6686,-7103]],[[637848,763967],[-2149,5436],[-220,5848],[9522,2336],[5367,-7329]],[[650305,770267],[-12457,-6300]],[[638048,763794],[-200,173]],[[650582,770117],[-12534,-6323]],[[640426,761284],[-2378,2510]],[[617992,772710],[131,-3],[7154,-156],[6296,-14438]],[[686524,769367],[3338,-1414],[2883,3087]],[[692745,771040],[10331,-11508]],[[708622,758633],[-6012,11736]],[[722004,746688],[-13233,11763]],[[726766,729500],[-4721,16990]],[[603695,747005],[-625,8948]],[[604112,727973],[4078,4037]],[[608190,732010],[8169,1090]],[[616359,733100],[4,-2554],[9868,-8403]],[[616359,733100],[-162,6149]],[[645703,723494],[10760,-10141]],[[618686,707753],[-8032,12565]],[[659908,724771],[2116,-10553]],[[682520,726392],[4727,-8457]],[[681625,717121],[-3019,8991]],[[713269,721655],[-4592,8156]],[[782446,733095],[1677,-2484]],[[747735,726007],[-2614,6380]],[[594088,704965],[-5487,13332]],[[829555,755426],[-18788,-759]],[[666314,714508],[4119,-14898]],[[670433,699610],[-41207,-6551]],[[711814,703291],[-41381,-3681]],[[629226,693059],[21634,2698],[18196,2363],[1462,-1641]],[[670518,696479],[575,-12138]],[[671093,684341],[-1263,867],[-4484,2512],[-2196,778],[-2472,-24],[-12089,-1833],[-6516,-2297],[-4559,-312],[-5731,-1369],[-2261,44]],[[629522,682707],[-296,10352]],[[702846,683603],[-31600,-3127]],[[671246,680476],[794,1128],[-370,2340],[-577,397]],[[670518,696479],[-85,3131]],[[712425,703347],[41516,4674]],[[753941,708021],[4614,-16668]],[[749597,725894],[4344,-17873]],[[770872,728567],[5226,-17251]],[[776098,711316],[-22157,-3295]],[[776098,711316],[18793,2795]],[[811541,735830],[-4519,-20403]],[[807022,715427],[-11508,-1323]],[[818719,716772],[-11697,-1345]],[[635539,638773],[14088,2827],[-2547,-14275],[-1920,-9925]],[[645160,617400],[-5475,-787]],[[639685,616613],[3057,5979],[3441,4569],[-2687,6835],[-2989,2668],[-4968,2109]],[[634795,600573],[1273,2915],[640,3819],[2183,5720],[794,3586]],[[645160,617400],[-989,-6641]],[[644171,610759],[-8835,-10301],[-541,115]],[[630057,637674],[5482,1099]],[[639685,616613],[-2505,-359]],[[637180,616254],[3977,14223],[-1480,2302],[-2408,2186],[-3282,1691],[-3930,1018]],[[620175,613811],[17005,2443]],[[637180,616254],[-231,-835],[-1894,-3581],[-2992,-9631]],[[632063,602207],[-3809,4835],[-4436,3717],[-3643,3052]],[[634795,600573],[-515,-1180]],[[634280,599393],[-2217,2814]],[[618123,686943],[1317,-305],[1418,-494],[1132,-1068],[1017,-1619],[882,-841],[1778,-491],[3257,-112]],[[628924,682013],[175,-5801],[-10976,-587]],[[618123,675625],[0,11318]],[[618123,687689],[0,4623]],[[628594,692980],[310,-10288]],[[628904,682692],[-3210,138],[-949,329],[-751,540],[-990,1729],[-1332,1182],[-1737,649],[-1812,430]],[[628904,682692],[20,-679]],[[618123,686943],[0,746]],[[629542,682006],[2154,-93],[165,-233],[6023,1535],[4706,329],[135,-184],[6210,2295],[12088,1874],[1568,0],[1684,-629],[365,190],[4484,-2422],[1140,-1085],[-74,-1343],[-418,-1914]],[[669772,680326],[-40066,-4072],[-164,5752]],[[671093,684341],[153,-3865]],[[671246,680476],[-1474,-150]],[[629542,682006],[-20,701]],[[818754,678193],[-9776,-117]],[[809675,683662],[9079,-5469]],[[818754,678193],[-1571,-2483]],[[817183,675710],[-9421,-4183]],[[817183,675710],[-8294,-10438],[5400,-4790]],[[814289,660482],[-1920,-7081]],[[814289,660482],[1381,-9621],[237,-2809]],[[809675,683662],[12091,-234]],[[821766,683428],[-3012,-5235]],[[631803,660617],[40714,5095]],[[672517,665712],[8944,-19456]],[[681461,646256],[-31294,-4118],[-18364,18479]],[[672517,665712],[959,106]],[[673476,665818],[9057,-19422]],[[682533,646396],[-1072,-140]],[[673476,665818],[17322,-18337]],[[690798,647481],[-8265,-1085]],[[760627,651513],[143,258]],[[811133,652657],[-41667,-6886]],[[828696,627917],[-877,-1893]],[[824312,628148],[-264,853],[-10505,3159],[443,924],[8968,-1246],[2486,-586]],[[755033,656083],[3320,417],[5142,207]],[[742686,651641],[5196,2627],[-216,891]],[[747666,655159],[5941,745]],[[757918,648719],[-11433,2193]],[[746485,650912],[-3799,729]],[[729783,648622],[2425,4601],[15458,1936]],[[742686,651641],[-12903,-3019]],[[718885,623919],[-626,3167],[5747,10512],[1328,2580],[4101,7783]],[[729308,621322],[10197,-2125]],[[739505,619197],[-16242,-7965],[-4315,12055],[-20,198]],[[755554,614448],[-4620,-5418]],[[750934,609030],[-10917,9945],[-158,148],[-354,74]],[[723318,610838],[16303,7944],[10956,-10147]],[[750577,608635],[-6117,-6761]],[[744460,601874],[-328,-291]],[[744132,601583],[-1274,-1134]],[[744460,601874],[7592,-2819],[7094,-1653],[7449,-1194],[754,2981],[415,-21]],[[767764,599168],[6708,-327]],[[774472,598841],[5778,-326],[1025,1059],[1061,9780]],[[782336,609354],[-7956,1864],[-15950,6594]],[[758585,617948],[10574,-4405],[4824,-1966]],[[773983,611577],[493,-201]],[[774476,611376],[8262,-1927],[-294,-2726]],[[782444,606723],[-338,-3118],[-431,-3973],[-1172,-1175],[16344,-8448]],[[796847,590009],[-313,-285]],[[796534,589724],[-2935,1522]],[[793599,591246],[-1012,525]],[[792587,591771],[-12537,6503]],[[780050,598274],[-12391,664],[-819,-3109]],[[766840,595829],[-8032,1269]],[[758808,597098],[-7157,1638],[-7519,2847]],[[796081,617889],[-6561,-6135]],[[789520,611754],[-9407,4008],[-6130,-4185]],[[789520,611754],[-269,-995],[-455,0]],[[788796,610759],[111,746],[-8808,3823],[-5623,-3952]],[[750757,608834],[177,196]],[[782336,609354],[-7864,-10513]],[[767764,599168],[2462,2272],[-4577,1352],[-110,-51]],[[765539,602741],[-7077,1815],[-7705,4278]],[[788796,610759],[-403,-2710]],[[788393,608049],[-5949,-1326]],[[746485,650912],[-13172,-9004]],[[759056,644248],[-23249,-4559]],[[772506,638133],[-4060,-3381],[-16079,-3490]],[[773002,635749],[-4894,-12310]],[[799489,627283],[-9769,-1281],[-10140,-1271]],[[779580,624731],[-11152,-1388]],[[779580,624731],[-1510,-3668]],[[779580,624731],[23199,-2491]],[[801797,620604],[-217,-362],[-543,-2161]],[[801037,618081],[-47,-183],[-573,-345],[-4071,627]],[[807076,621741],[456,99]],[[807532,621840],[128,-2808],[-6623,-951]],[[807745,621010],[6227,-223],[4973,298]],[[818945,621085],[-10227,-3875],[-973,3800]],[[806220,621884],[21,635],[8707,1669],[9546,729],[-103,2672]],[[826637,625424],[-1471,-3241],[-1625,533],[-4596,-1631]],[[807745,621010],[-213,830]],[[644785,610759],[1006,6628],[8725,1195]],[[654516,618582],[-9731,-7823]],[[644621,609470],[164,1289]],[[654516,618582],[1919,263]],[[656435,618845],[-11814,-9375]],[[675112,611669],[-8962,3811],[997,1461],[5929,3103],[7473,2124]],[[680549,622168],[413,57]],[[680962,622225],[-5850,-10556]],[[680962,622225],[36906,4566],[485,-3093],[4551,-12721],[-2358,30]],[[643617,601874],[1004,7596]],[[656435,618845],[24114,3323]],[[675112,611669],[-1527,-3545],[-6594,-9674]],[[666991,598450],[-9940,-4462]],[[653630,618738],[3320,4014],[4308,5277],[5685,3183],[6652,3716],[4955,5171],[4168,5975]],[[682718,646074],[8202,1070]],[[690920,647144],[-9825,-24589]],[[681095,622555],[-27465,-3817]],[[690920,647144],[19091,2845]],[[710011,649989],[-8656,-24965]],[[701355,625024],[-20260,-2469]],[[710011,649989],[21475,3215]],[[731486,653204],[-1677,-3343],[-6983,-13298],[-5107,-9507],[-16364,-2032]],[[681322,645892],[-3188,-4650],[-5619,-6023],[-5996,-3413],[-6047,-3308],[-8254,-9956]],[[652218,618542],[-6404,-890],[2158,11386],[2301,12805],[31049,4049]],[[681322,645892],[1396,182]],[[653630,618738],[-1412,-196]],[[759634,675298],[8632,944]],[[763675,657078],[-5125,-183]],[[634815,598714],[568,765],[267,-101],[8323,10052]],[[643973,609430],[-1004,-7177]],[[636534,596531],[-1719,2183]],[[642841,562607],[9680,-11046],[11041,-12579]],[[663562,538982],[3627,-4132],[-1,-3971],[7424,-6873],[-2936,-3222]],[[671676,520784],[-600,-622]],[[671076,520162],[-1554,-1613]],[[669522,518549],[-316,327]],[[669206,518876],[4682,5146],[-7351,6842],[16,3897],[-17036,19442],[-7205,8329]],[[642312,562532],[529,75]],[[669206,518876],[-4844,5020],[-22445,14441],[-8224,12531]],[[633693,550868],[-9,4071],[8628,7593]],[[642841,562607],[12235,1723]],[[655040,564184],[-3877,-3309]],[[651271,560510],[9208,-8043]],[[660479,552467],[1295,-1131]],[[661774,551336],[831,-726],[957,-11628]],[[661774,551336],[13386,-4148],[11572,-8365],[8023,-7768],[4009,-8741],[715,-12793],[-4560,-4211],[-10315,-2195],[-3687,6272],[-694,5297],[-262,1910],[-207,836],[-8078,3354]],[[655040,564184],[3359,-1356]],[[658399,562828],[1686,-681]],[[660085,562147],[6739,-2720]],[[666824,559427],[-714,-1222],[736,-1833],[7670,-3491]],[[660085,562147],[908,87],[3825,-729],[2417,55],[814,844]],[[668298,562370],[1707,-2891],[5064,-3422]],[[675069,556057],[-6422,2625]],[[668647,558682],[-1823,745]],[[675069,556057],[1866,-763]],[[676935,555294],[9537,-3898]],[[686472,551396],[4430,-1810]],[[690902,549586],[15585,-6370]],[[706487,543216],[3978,-1626]],[[710465,541590],[-1546,-135]],[[708919,541455],[-7763,-676]],[[701156,540779],[-88,66],[-3679,1882],[-9572,6220],[-3262,3107],[-5995,1652],[-4527,879],[-5311,2827],[-543,841],[468,429]],[[702655,547684],[7810,-6094]],[[706487,543216],[-1500,1610],[-2332,2858]],[[708919,541455],[369,-289],[2728,-1424]],[[712016,539742],[3753,-4469],[10592,-12468]],[[726361,522805],[-15444,1625]],[[712016,539742],[3181,-537],[12057,-2874],[15060,-3381]],[[741973,532634],[-15612,-9829]],[[696492,540373],[-2347,1228]],[[683175,549971],[-933,681],[-4733,1883],[-2993,346]],[[696492,540373],[-1041,-91]],[[683927,549403],[8032,-6208]],[[708875,525761],[295,-2717]],[[711602,513178],[-151,-334]],[[702020,502927],[-2032,-952],[-4085,3054],[4655,4387],[-827,13370],[-4177,8643],[-7777,7601],[-12427,8814],[-14871,4623]],[[702322,502732],[10111,-10189]],[[712433,492543],[1253,-1262]],[[713686,491281],[505,-509]],[[714191,490772],[5253,-5274]],[[719444,485498],[931,-935]],[[720375,484563],[1034,-1038]],[[721409,483525],[-733,-96]],[[720676,483429],[-949,968]],[[719727,484397],[-812,828]],[[718915,485225],[-104,106]],[[718811,485331],[-5226,5332]],[[713585,490663],[-1258,1283]],[[712327,491946],[-1211,1236],[-9282,9262],[-2659,-1214]],[[699175,501230],[-4197,3307],[-11147,-2317],[-3946,6694],[-1117,8096],[-7692,3152]],[[710465,541590],[61,-74]],[[710526,541516],[1490,-1774]],[[740505,514912],[-14144,7893]],[[742579,532716],[12977,-8230]],[[755556,524486],[-15051,-9574]],[[743003,533098],[3051,-450],[3104,-117],[3138,314],[2263,698]],[[755173,533503],[9398,-5388]],[[710526,541516],[3606,1129]],[[714132,542645],[2634,-1150],[3648,-952],[6079,-1278],[5766,-1150],[5622,-1679],[2972,-1256],[2440,-332]],[[743293,534848],[739,-310]],[[755891,533803],[10476,2754]],[[763572,537705],[4220,1037]],[[767099,537679],[-3527,26]],[[776727,552715],[-4009,283]],[[772718,552998],[-303,1088],[1802,2424],[1245,668]],[[769316,553238],[2566,4138]],[[772718,552998],[-3402,240]],[[749195,554660],[20121,-1422]],[[769316,553238],[-1892,-3051]],[[767424,550187],[-1627,-2622]],[[765797,547565],[-16323,1003],[-4502,312]],[[765797,547565],[7348,-452]],[[767424,550187],[6195,-421]],[[773619,549766],[371,-1331]],[[774790,549686],[-1171,80]],[[773619,549766],[-901,3232]],[[702655,547684],[-6125,4780],[530,206]],[[697060,552670],[5105,-3963]],[[702165,548707],[8601,-6677],[2628,832]],[[713394,542862],[6708,2123],[6597,7574]],[[726699,552559],[10224,-2087]],[[736923,550472],[7356,-1502],[299,-19]],[[735538,538105],[-12295,5238],[-2914,1242],[-1023,-321],[-5174,-1619]],[[673139,561945],[17821,-2239]],[[690960,559706],[4126,-3249],[3070,-3361]],[[698156,553096],[-1096,-426]],[[690902,549586],[-1834,1440],[-1396,1475],[-421,1933],[-11928,4543],[-2567,2783]],[[702169,554654],[7093,2754]],[[709262,557408],[20107,-2492]],[[729369,554916],[-2670,-2357]],[[713394,542862],[-938,368],[-2805,2241],[-4468,5851],[-3014,3332]],[[702169,554654],[-5224,4301]],[[696945,558955],[12317,-1547]],[[690978,563461],[1199,-216],[19760,-3436],[13835,-1460],[999,3262]],[[696945,558955],[-314,258],[-3049,2443],[-2604,1805]],[[736923,550472],[2308,2527]],[[698156,553096],[4013,1558]],[[702165,548707],[-4009,4389]],[[683190,566777],[1517,-645]],[[684707,566132],[-672,-1422],[6943,-1249]],[[696945,558955],[-5985,751]],[[690960,559706],[-3004,2239],[-2649,1643],[-3287,1223],[-2559,176]],[[684707,566132],[838,1776]],[[690978,563461],[-19,13],[-6252,2658]],[[674226,562468],[3026,-620],[2330,-214],[1340,662],[536,1172],[-586,797],[-1411,722]],[[686472,551396],[-3497,2731],[-4401,1939],[-1639,-772]],[[766952,536632],[1807,486]],[[768759,537118],[4562,-1592]],[[773321,535526],[2816,-955]],[[776137,534571],[1749,-593]],[[777886,533978],[-2397,-1535]],[[767542,537542],[1217,-424]],[[786038,556854],[-582,-2309]],[[785456,554545],[-1544,92],[-3283,-1021],[-1444,-1950],[-604,-6096],[2645,-784],[-2639,-2401]],[[778587,542385],[-1625,134]],[[776962,542519],[-1696,140]],[[775266,542659],[563,1664],[-1663,3494]],[[793234,556683],[1896,-2072],[483,-2304],[-103,-1120]],[[795510,551187],[-30,-29],[-615,-602]],[[794865,550556],[-4906,426]],[[789959,550982],[-53,782]],[[789906,551764],[343,430],[-450,54]],[[789799,552248],[-1469,1593],[-2874,704]],[[797125,552795],[3732,3715]],[[800982,556507],[-1920,-3997]],[[799062,552510],[-1937,285]],[[804060,550443],[2720,5682]],[[810978,555454],[-922,-978],[4462,-3246]],[[814518,551230],[-700,-351]],[[813818,550879],[-6034,2544],[-3689,-2951],[-35,-29]],[[820599,555057],[-5013,-3293]],[[815586,551764],[-1531,3034]],[[824228,554274],[-7359,-4713],[-138,-67]],[[816731,549494],[-100,198]],[[816631,549692],[-1045,2072]],[[798996,546291],[5064,4152]],[[813818,550879],[-470,-235],[-3793,-2684],[-4047,-2200],[-1598,-2498]],[[803910,543262],[-2267,-1103]],[[801643,542159],[-2647,4132]],[[801643,542159],[-2431,-1174]],[[799212,540985],[-216,5306]],[[794768,539486],[360,1172],[4,2943],[3058,824]],[[798190,544425],[-9,-3788],[-3413,-1151]],[[794686,539403],[82,83]],[[798190,544425],[3,1458]],[[798193,545883],[2,998],[5067,4002]],[[803262,550883],[719,-101],[388,801]],[[804369,551583],[2206,4555]],[[799212,540985],[429,-586],[-3763,-1255],[-4966,-5013],[-6715,-6650],[1631,-1720],[2687,-2833]],[[788515,522928],[-903,-347]],[[787612,522581],[-391,409]],[[787221,522990],[-3543,3457]],[[783678,526447],[-981,1056]],[[782697,527503],[7302,7174],[4687,4726]],[[780582,528902],[3122,2247],[808,1777]],[[784512,532926],[7214,7220]],[[791726,540146],[2960,-743]],[[783678,526447],[-1311,-1185],[-1420,-2044]],[[787221,522990],[-20,-566]],[[787201,522424],[-4130,-1586]],[[783071,520838],[-2124,2380]],[[808264,535378],[3858,4369]],[[812122,539747],[4695,3520],[3304,3168],[4094,874],[-7104,-5125],[-4407,-2737],[-3934,-4269],[-3493,-4231],[-2020,-3050],[-1422,-2136],[-1062,-1594],[113,-3895],[-1112,-2560],[-915,221],[1051,2414],[67,4039],[926,1375],[3634,5395],[3727,4222]],[[808264,535378],[-991,349],[4395,4249],[454,-229]],[[813818,550879],[2813,-1187]],[[816731,549494],[-12821,-6232]],[[814518,551230],[1068,534]],[[816631,549692],[-2113,1538]],[[795510,551187],[1615,1608]],[[799062,552510],[3651,-638]],[[802713,551872],[-380,-859],[929,-130]],[[798193,545883],[-3327,1163],[644,4141]],[[802713,551872],[1656,-289]],[[789076,540810],[1286,1964],[1218,709],[-1004,2876]],[[790576,546359],[4289,4197]],[[791726,540146],[-2650,664]],[[790576,546359],[-410,1547],[-207,3076]],[[776137,534571],[6175,7507]],[[782312,542078],[414,1640]],[[782726,543718],[6960,1760]],[[789686,545478],[-3866,-3831]],[[785820,541647],[-16,-15],[-7405,-7313]],[[778399,534319],[-513,-341]],[[785820,541647],[2604,-673]],[[788424,540974],[-10025,-6655]],[[773321,535526],[1788,3434]],[[775109,538960],[2197,1784],[1281,1641]],[[778587,542385],[3725,-307]],[[768477,538993],[2413,552],[2232,718],[1765,1275],[379,1121]],[[776962,542519],[-1853,-3559]],[[775109,538960],[-3036,-952],[-3314,-890]],[[788424,540974],[652,-164]],[[789076,540810],[-2812,-4297],[-247,-1353],[-1505,-2234]],[[784512,532926],[-3930,-4024]],[[789686,545478],[890,881]],[[776418,525761],[-3643,-2580],[-4825,-3972]],[[767950,519209],[-1450,739]],[[766500,519948],[-3086,1571]],[[782726,543718],[1947,7723]],[[784673,551441],[4654,-404]],[[789327,551037],[632,-55]],[[775266,542659],[-4202,347]],[[785456,554545],[-436,-1729]],[[785020,552816],[-347,-1375]],[[789799,552248],[-4779,568]],[[789906,551764],[-579,-727]],[[655126,564532],[92,371]],[[655218,564903],[933,3961]],[[656151,568864],[518,32]],[[656669,568896],[911,-322],[983,-36]],[[658563,568538],[327,-430],[0,-936],[331,31],[600,-1122],[1182,-644],[4645,-1467],[-697,-780]],[[658399,562828],[1914,450],[1235,16]],[[668600,562691],[3312,1457],[548,697],[-135,443],[-70,1013]],[[672255,566301],[3158,-802],[1908,-412],[1058,-163]],[[673323,568462],[18,1425]],[[673341,569887],[42367,478]],[[715708,570365],[3107,27]],[[718815,570392],[-3471,-3871]],[[715344,566521],[-5781,971],[-2869,-2871]],[[682652,566968],[-3014,1461],[-6315,33]],[[712714,563587],[2630,2934]],[[718815,570392],[10101,88]],[[728916,570480],[-3008,-8360]],[[737262,560828],[746,9713],[30,18]],[[738038,570559],[7185,4360],[4546,2208],[7007,2094],[6989,2067]],[[763765,581288],[12503,-6313]],[[775423,574959],[-2121,1113],[-9626,4860],[-13387,-3958],[-4857,-2404]],[[778306,570109],[1790,-4342]],[[780096,565767],[-4026,14],[284,-4118],[839,-26]],[[777193,561637],[230,-3457]],[[777423,558180],[-1383,-628]],[[777423,558180],[460,210],[1259,709],[861,-20]],[[780003,559079],[-218,-1679]],[[777468,557494],[-45,686]],[[787768,557187],[130,1504]],[[787898,558691],[2783,-239],[1861,-1392]],[[787898,558691],[225,2606]],[[816637,559560],[1713,-617]],[[818350,558943],[-3850,-3946]],[[818350,558943],[5619,-1931]],[[823969,557012],[-1347,-438],[-1870,-1306]],[[818350,558943],[5687,-271]],[[824037,558672],[1388,-459],[327,-621]],[[825752,557592],[-1783,-580]],[[815539,564674],[6068,-461],[2430,-5541]],[[825752,557592],[714,-1355],[-34,-71]],[[826432,556166],[-2463,846]],[[826432,556166],[-536,-1133],[-1340,-561]],[[777193,561637],[3129,-97]],[[780322,561540],[-319,-2461]],[[782303,559023],[2414,-58]],[[784717,558965],[-4,-47],[-116,-1646]],[[782188,557336],[115,1687]],[[782303,559023],[166,2450]],[[784944,561396],[-227,-2431]],[[656311,569542],[41,177],[6964,69]],[[663316,569788],[7377,-1312],[2630,-14]],[[672255,566301],[-2139,544],[-9794,1630]],[[660322,568475],[-580,810],[-2025,395],[-1406,-138]],[[663316,569788],[10025,99]],[[816738,573775],[-1778,-5874],[-115,9]],[[780096,565767],[774,-3]],[[780003,559079],[2300,-56]],[[784717,558965],[3181,-274]],[[728916,570480],[9122,79]],[[749457,571050],[-349,3978],[9778,-2635],[9901,-226],[6636,2792]],[[653162,568732],[1190,-118],[58,-141],[959,129]],[[655369,568602],[-638,-2690],[-1569,2820]],[[686541,580716],[12141,-590]],[[698682,580126],[944,-5567],[13987,-3684],[-18326,-190]],[[695287,570685],[-142,5896],[-9615,-1658],[-308,-41]],[[685222,574882],[-9667,-1292],[-2177,-3217]],[[673378,570373],[-5985,-76]],[[667393,570297],[-77,218],[33,233],[472,2489],[-10395,-1065],[-619,-2008]],[[656807,570164],[-1072,-14],[-160,-677]],[[655575,569473],[-1445,-143],[-218,339],[-1500,411]],[[652412,570080],[-2815,5058]],[[685180,570541],[42,4341]],[[695287,570685],[-10107,-144]],[[667393,570297],[-10586,-133]],[[655575,569473],[-206,-871]],[[653162,568732],[-750,1348]],[[656198,569062],[113,480]],[[660322,568475],[-1759,63]],[[658563,568538],[-75,99],[-885,101],[-202,202],[-732,-44]],[[656669,568896],[-471,166]],[[660322,568475],[272,-380],[0,-860],[437,-582],[595,161],[203,-264],[4703,-1458],[2015,-1196],[-177,-1173]],[[656151,568864],[47,198]],[[720311,576163],[23283,3915]],[[743594,580078],[950,-3247],[-10378,-2759],[-11655,-3080],[-2200,5171]],[[685180,570541],[-11802,-168]],[[649311,575988],[792,6519],[33102,-1630]],[[657618,593613],[9715,4387],[33107,-12161],[885,-328]],[[701325,585511],[-4234,-2036],[-12296,-2215]],[[684795,581260],[-13931,646],[-20578,1035]],[[701325,585511],[1458,-540]],[[702783,584971],[-4587,-2456],[-6603,-841],[-2962,-592]],[[688631,581082],[-3836,178]],[[702783,584971],[6477,-2401],[-10234,-2019],[-10395,531]],[[711410,582836],[1941,7154]],[[713351,589990],[8349,1919],[5407,-404],[4359,-846],[10299,-953],[7693,-1131],[6435,-179]],[[755893,588396],[-128,-3798],[-44355,-1762]],[[755921,589211],[-5463,100],[-8761,1264],[-9734,1007],[-4094,749],[-6094,680],[-6498,4078]],[[715277,597089],[1585,5844],[23390,-5545],[1241,1035],[14558,-5340],[-130,-3872]],[[713673,591178],[6548,1234],[-5192,3761]],[[715029,596173],[248,916]],[[755921,589211],[-28,-815]],[[713351,589990],[322,1188]],[[713673,591178],[1356,4995]],[[667773,598450],[6828,9809],[163,489]],[[714390,596589],[-1536,-5561]],[[712854,591028],[-10757,-5203]],[[702097,585825],[-34324,12625]],[[703354,585363],[9170,4472]],[[712524,589835],[-1966,-7116],[-7204,2644]],[[712854,591028],[-330,-1193]],[[703354,585363],[-1257,462]],[[644171,610759],[-198,-1329]],[[634815,598714],[-535,679]],[[750577,608635],[180,199]],[[765539,602741],[-2269,-1063],[4494,-2510]],[[788393,608049],[-735,-6842],[19417,-1917],[-10228,-9281]],[[799574,587643],[16754,-7210],[-34537,-1249],[-17421,2482]],[[764370,581666],[-6501,1201],[-7,81],[8229,292],[10006,-382],[1551,347],[972,-338],[4137,2000],[-340,448],[1774,-365],[-112,636],[2829,-632],[-597,1567],[3789,-894],[-505,1217],[9979,799]],[[776069,595469],[4012,2250],[-31,555]],[[792587,591771],[-7335,972],[-2020,328]],[[783232,593071],[-7163,2398]],[[776069,595469],[-2400,-1629]],[[773669,593840],[-6829,1989]],[[757980,595317],[828,1781]],[[773669,593840],[-3553,-2411]],[[770116,591429],[-12136,3888]],[[757980,595317],[-1526,-1911],[-15228,5592]],[[783232,593071],[-13034,-1669],[-82,27]],[[756686,588442],[17194,-434],[9457,1226],[5882,-1900]],[[789219,587334],[-568,-46],[303,-843],[-3785,975],[649,-1666],[-2614,622],[212,-796],[-2196,335],[596,-869],[-3274,-1598],[-646,213],[-1947,-366],[-10194,360],[-8535,-335],[-639,1073],[105,4049]],[[756706,589183],[17119,-299],[9910,1182],[7723,-2555]],[[791458,587511],[-2239,-177]],[[756686,588442],[20,741]],[[704108,475049],[1100,801]],[[705208,475850],[51,-142]],[[705259,475708],[492,-1379]],[[705325,474016],[-1217,1033]],[[715891,483277],[1134,730]],[[717025,484007],[1890,1218]],[[719727,484397],[-5051,-3591]],[[714676,480806],[-1217,-865]],[[713459,479941],[-2093,-1489]],[[711366,478452],[-1758,-1250]],[[709608,477202],[-165,-214]],[[709443,476988],[-1904,-1371]],[[707539,475617],[-1720,-1239]],[[705819,474378],[-68,-49]],[[705259,475708],[8804,6148],[1828,1421]],[[705145,476026],[862,628]],[[706007,476654],[2011,1875]],[[708018,478529],[3121,2129]],[[711139,480658],[710,484]],[[711849,481142],[1943,1326]],[[713792,482468],[1873,1069]],[[715665,483537],[226,-260]],[[705208,475850],[-63,176]],[[703451,479215],[1765,1487]],[[705216,480702],[2802,-2173]],[[706007,476654],[-1377,811]],[[704630,477465],[-201,564],[-978,1186]],[[702843,478819],[608,396]],[[704108,475049],[-140,119]],[[706097,473316],[1551,-665]],[[707648,472651],[-967,-656],[-43,-30]],[[706638,471965],[-541,1351]],[[706411,473588],[72,43]],[[706483,473631],[589,-201],[317,-182],[470,12],[90,26]],[[707949,473286],[51,-68]],[[708000,473218],[164,-217]],[[708164,473001],[-344,-233]],[[707820,472768],[-713,236],[-968,422]],[[707820,472768],[-172,-117]],[[706097,473316],[-27,69]],[[658283,447480],[1106,554],[6578,4331],[4975,3271],[5778,2402],[14103,5758]],[[692043,462650],[-8105,-3392],[-13151,-5431],[-518,-356],[-2279,-1506],[-8536,-5380],[-1171,895]],[[697757,466635],[6496,2661],[839,575]],[[705092,469871],[1911,-1440],[-7474,-3083]],[[687179,465073],[1578,553]],[[688757,465626],[1227,-1290]],[[689984,464336],[-1400,-577]],[[688584,463759],[-1405,1314]],[[700122,470652],[1117,615]],[[701239,471267],[2425,-1321]],[[703664,469946],[-1593,-642]],[[702071,469304],[-1949,1348]],[[708164,473001],[239,162],[525,363]],[[708928,473526],[3122,1035],[6461,1096]],[[718511,475657],[917,-2041]],[[719428,473616],[-6749,-1699],[-2619,-670]],[[710060,471247],[-839,849],[-349,-30]],[[708872,472066],[-198,260]],[[708674,472326],[-510,675]],[[708000,473218],[928,308]],[[710453,474579],[2353,1625]],[[712806,476204],[1350,-270],[448,558]],[[715757,476693],[288,-717]],[[716045,475976],[-3275,-586],[-2317,-811]],[[707531,473838],[-218,289]],[[707313,474127],[3805,2160]],[[711118,476287],[749,425]],[[711867,476712],[178,101],[761,-609]],[[710453,474579],[-1712,-599],[-1189,-170]],[[707552,473810],[-21,28]],[[712806,476204],[1984,2530],[258,126]],[[715048,478860],[966,-615]],[[711867,476712],[-434,511],[1042,683]],[[712475,477906],[2005,1316]],[[714480,479222],[568,-362]],[[715048,478860],[2505,1218]],[[717553,480078],[4339,2110],[-1216,1241]],[[721409,483525],[993,-996],[3049,1480]],[[725451,484009],[789,382],[1218,288]],[[727458,484679],[1809,426]],[[729267,485105],[1435,339]],[[731595,485654],[1587,375]],[[733182,486029],[435,102]],[[733617,486131],[676,159]],[[734293,486290],[3762,888]],[[738055,487178],[9517,-1270]],[[747572,485908],[3605,3746],[134,1086],[2117,1102],[4053,1727],[5498,3582]],[[762979,497151],[1067,-394]],[[764046,496757],[-5855,-3712]],[[758191,493045],[-4314,-1820],[-1562,-858],[68,-889],[-3135,-3382]],[[749248,486096],[-594,-642]],[[748654,485454],[-349,-376],[-161,21]],[[748144,485099],[-2636,347]],[[745508,485446],[-992,131]],[[744516,485577],[-6476,853],[-7225,-1702]],[[730815,484728],[-559,-132]],[[730256,484596],[-3565,-839],[-5585,-2809]],[[715987,481570],[1524,889],[2361,864],[804,106]],[[717553,480078],[-1566,1492]],[[688887,491036],[1931,6255],[8357,3939]],[[712327,491946],[-338,-3003]],[[711989,488943],[-5693,-2120],[-567,-1859]],[[705729,484964],[-325,-151],[-1727,1612]],[[703677,486425],[1024,404],[1506,3593]],[[706207,490422],[-1461,1394]],[[704746,491816],[-1559,1490],[-2411,-905]],[[700776,492401],[-2516,-944]],[[698260,491457],[-333,304],[-2436,-1724],[-431,-543]],[[695060,489494],[-956,-1206],[2120,-1462]],[[696224,486826],[-1494,-548]],[[687969,488061],[-6411,5115],[-6584,14022],[1791,3238],[-5666,4668],[-1577,3445]],[[667647,493303],[1295,393]],[[668942,493696],[3194,969],[5850,-3161]],[[677986,491504],[-211,-177],[1092,-596],[-2181,-1928]],[[677986,491504],[9074,-4903]],[[687060,486601],[-2217,-2261]],[[683164,482628],[1233,-737]],[[684397,481891],[10177,-6067]],[[694574,475824],[-1171,-348]],[[693403,475476],[-6278,-1867]],[[687125,473609],[-2667,-792]],[[684458,472817],[-87,-26],[-28,-9]],[[706793,471037],[1881,1289]],[[708872,472066],[717,-939]],[[709589,471127],[-2581,-661],[-215,571]],[[709589,471127],[471,120]],[[710060,471247],[249,-252],[2462,867],[6998,995]],[[719769,472857],[248,-550]],[[720017,472307],[-3315,-1119],[-5806,-1833],[-1307,1772]],[[719428,473616],[341,-759]],[[719428,473616],[3172,798]],[[722600,474414],[2925,528]],[[725525,474942],[101,18]],[[725626,474960],[263,-664],[-1951,-665]],[[723938,473631],[-4169,-774]],[[718511,475657],[2609,455]],[[721120,476112],[1480,-1698]],[[730718,477545],[10,2],[2495,485],[1714,98]],[[734937,478130],[616,-1380]],[[735553,476750],[-4249,-766]],[[731304,475984],[-586,1561]],[[742019,478637],[-678,-1458]],[[741341,477179],[-5788,-429]],[[734937,478130],[-60,133]],[[734877,478263],[7142,374]],[[742260,479236],[38,601]],[[742298,479837],[6952,339]],[[749250,480176],[1465,71],[-649,-1379]],[[750066,478868],[-532,-1131]],[[749534,477737],[-4213,-287]],[[745321,477450],[590,941]],[[745911,478391],[853,-122],[4,-218],[945,-47],[-45,795],[-944,55],[-415,52]],[[746309,478906],[510,814],[-946,195],[-599,-879]],[[745274,479036],[-2392,300],[-622,-100]],[[750066,478868],[4416,-336],[-1094,-787],[-3854,-8]],[[742153,480648],[7229,830]],[[749382,481478],[-132,-1302]],[[742298,479837],[21,333],[-166,478]],[[741924,480630],[156,-419],[-14,-378]],[[742066,479833],[-7730,-371]],[[734336,479462],[-122,271]],[[734214,479733],[7710,897]],[[742066,479833],[-26,-659]],[[742040,479174],[-7418,-344]],[[734622,478830],[-286,632]],[[730256,484596],[2063,-188],[2447,-928]],[[734766,483480],[-81,-15],[-3679,-682]],[[744516,485577],[338,-250]],[[744854,485327],[-1584,-291]],[[743270,485036],[-635,213],[-2044,380],[-1694,-131],[-2327,-505],[-3222,-452],[-2533,187]],[[758191,493045],[2946,-1117]],[[761137,491928],[340,-129]],[[761477,491799],[-2753,-2761]],[[758724,489038],[-3902,-2732]],[[754822,486306],[-3205,-658],[-2369,448]],[[764046,496757],[1556,986],[925,160]],[[766527,497903],[-673,-1814]],[[765854,496089],[-1808,668]],[[762979,497151],[1575,1026]],[[764554,498177],[5988,1041]],[[770542,499218],[-639,-731]],[[769903,498487],[-3376,-584]],[[770542,499218],[3061,532]],[[773603,499750],[1117,194]],[[774720,499944],[2770,481]],[[777490,500425],[264,124],[1040,977]],[[778794,501526],[4168,3810],[2919,5818]],[[785881,511154],[857,3188]],[[786738,514342],[445,1656]],[[787183,515998],[396,6083]],[[787579,522081],[33,500]],[[788515,522928],[308,-327],[-56,-649]],[[788691,521073],[-437,-5030],[-290,-1294],[-910,-3707],[-141,-278]],[[786913,510764],[-2890,-5708],[-5605,-5097]],[[778418,499959],[-8515,-1472]],[[786913,510764],[344,-60],[-1397,-8940],[-6325,-2285],[-1117,480]],[[770822,517747],[2406,1691],[3335,840],[3548,2134]],[[780111,522412],[2100,-1905]],[[782211,520507],[-9426,-3619]],[[772785,516888],[-1963,859]],[[782211,520507],[375,-339]],[[782586,520168],[-9222,-3534]],[[773364,516634],[-579,254]],[[786525,516595],[682,3375],[143,2023]],[[787350,521993],[229,88]],[[787183,515998],[-658,597]],[[784324,511836],[2414,2506]],[[785881,511154],[-1557,682]],[[776768,502192],[5436,5970],[3677,2992]],[[778794,501526],[-2026,666]],[[775690,501009],[1078,1183]],[[777490,500425],[-1800,584]],[[743532,508414],[9550,-3336]],[[753082,505078],[8989,-3140]],[[762071,501938],[4050,-1406],[1846,1914]],[[767967,502446],[926,-431],[2089,-495],[966,-691]],[[764554,498177],[-21985,6966],[963,3271]],[[740358,489175],[5834,5722],[6163,5964]],[[752355,500861],[534,-102],[10090,-3608]],[[747572,485908],[-7214,3267]],[[714191,490772],[14784,3560]],[[728975,494332],[11383,-5157]],[[738055,487178],[-2250,3265],[-3831,-814]],[[731974,489629],[-4748,-1009],[994,-1712]],[[728220,486908],[183,-315]],[[728403,486593],[93,-159]],[[728496,486434],[-3451,20]],[[725045,486454],[-2366,14],[-2166,-427],[-1069,-543]],[[720375,484563],[888,397],[1477,357],[1766,3],[2952,-641]],[[725451,484009],[-4042,-484]],[[709992,510619],[-575,-2748],[5645,-7281],[-100,-394],[-2217,-2373],[-117,-1181],[352,-1549],[-547,-2550]],[[710917,524430],[312,-1498],[3562,-4293],[-458,-3207],[515,-2528]],[[714848,512904],[-2589,45]],[[711870,513705],[142,4811],[-2415,1716],[-391,1955]],[[684637,482029],[-1473,599]],[[684843,484340],[937,-568],[513,217],[1012,-421]],[[687305,483568],[-2333,-1345]],[[684972,482223],[-335,-194]],[[687060,486601],[9815,-6911]],[[696875,479690],[-1143,642],[-246,-133],[-1216,450]],[[694270,480649],[98,239],[-558,203]],[[693810,481091],[-3050,1111],[-316,-186]],[[690444,482016],[-1606,585]],[[688838,482601],[336,189],[-1869,778]],[[688838,482601],[-19,7],[-1514,960]],[[684972,482223],[1549,-925]],[[686521,481298],[208,-125]],[[686729,481173],[-247,103],[-1845,753]],[[684397,481891],[240,138]],[[687863,480497],[2350,-1404],[653,363]],[[690866,479456],[686,-285]],[[691552,479171],[-747,-406],[2178,-1328]],[[692983,477437],[1646,-1004],[2126,579]],[[696755,477012],[755,-315]],[[697510,476697],[-2322,-691]],[[695188,476006],[-614,-182]],[[696755,477012],[502,136]],[[697257,477148],[1278,348]],[[698535,477496],[298,-406]],[[698833,477090],[-594,-176]],[[698239,476914],[-729,-217]],[[700043,477450],[-1210,-360]],[[698535,477496],[-705,961],[27,303],[-982,930]],[[696875,479690],[3168,-2240]],[[694821,478501],[-2080,1317]],[[692741,479818],[1529,831]],[[696875,479690],[-1883,-1090]],[[694992,478600],[-171,-99]],[[690866,479456],[1025,569]],[[691891,480025],[1919,1066]],[[692741,479818],[-1189,-647]],[[691891,480025],[-2449,1400]],[[689442,481425],[1002,591]],[[686521,481298],[2317,1303]],[[689442,481425],[-1373,-808]],[[690866,479456],[-2797,1161]],[[697257,477148],[-2265,1452]],[[700357,475012],[731,314]],[[701088,475326],[730,-1518]],[[701818,473808],[-1025,609],[-436,595]],[[684458,472817],[8518,-3758]],[[692976,469059],[307,-136]],[[693283,468923],[-5935,-2320]],[[687348,466603],[-2674,2873],[-665,-209]],[[684009,469267],[-4138,-1302]],[[679871,467965],[-2328,2820]],[[669773,456867],[3778,1851]],[[673551,458718],[946,-764]],[[674497,457954],[-4284,-1765]],[[670213,456189],[-440,678]],[[675166,459509],[2801,1373],[15,8]],[[677982,460890],[1229,-993]],[[679211,459897],[-3012,-1242]],[[676199,458655],[-1033,854]],[[674831,459786],[2876,1326]],[[677707,461112],[275,-222]],[[675166,459509],[-335,277]],[[677982,460890],[6449,3169]],[[684431,464059],[1465,-1408]],[[685896,462651],[-6685,-2754]],[[677707,461112],[2508,1280],[212,-111],[4004,1778]],[[684431,464059],[763,317],[1985,697]],[[688584,463759],[-2688,-1108]],[[688757,465626],[3365,1181]],[[692122,466807],[1162,-1096]],[[693284,465711],[-3300,-1375]],[[695108,468118],[2072,910]],[[697180,469028],[682,376]],[[697862,469404],[1341,-1257]],[[699203,468147],[-2174,-876]],[[697029,467271],[-1921,847]],[[695108,468118],[-1140,503]],[[693968,468621],[504,183],[423,235],[305,210],[147,278]],[[695347,469527],[317,124]],[[695664,469651],[4197,2367]],[[699861,472018],[-1361,-1517]],[[698500,470501],[-825,-921]],[[697675,469580],[-495,-552]],[[698500,470501],[2396,953]],[[700896,471454],[343,-187]],[[700122,470652],[-2260,-1248]],[[697862,469404],[-187,176]],[[692122,466807],[1680,737]],[[693802,467544],[1175,-1127]],[[694977,466417],[-1693,-706]],[[699861,472018],[1035,-564]],[[699521,472201],[-6118,3275]],[[695188,476006],[1227,-970]],[[696415,475036],[427,-337]],[[696842,474699],[339,-159]],[[697181,474540],[997,-466]],[[698178,474074],[2411,-1126]],[[700589,472948],[-1068,-747]],[[692700,471025],[-5575,2584]],[[699521,472201],[-1983,-1257]],[[697538,470944],[-2939,1368],[-1899,-1287]],[[692700,471025],[2511,-1164]],[[695211,469861],[-2235,-802]],[[695211,469861],[453,-210]],[[695347,469527],[-1823,-710]],[[693524,468817],[-241,106]],[[679140,462734],[-515,239]],[[678625,462973],[414,221],[3144,1390]],[[682183,464584],[4510,1763]],[[686693,466347],[125,-135]],[[686818,466212],[-2698,-1049],[-4611,-2104],[114,-104],[-483,-221]],[[693524,468817],[-6049,-2350]],[[687475,466467],[-127,136]],[[695211,469861],[1426,511],[901,572]],[[699521,472201],[340,-183]],[[675215,464560],[-7300,3396]],[[675912,470306],[2497,-2801],[1462,460]],[[679871,467965],[1364,-1653]],[[681235,466312],[-6020,-1752]],[[675577,464391],[1966,-914]],[[677543,463477],[-3261,-1725]],[[674282,461752],[-1441,1040],[2736,1599]],[[674957,461265],[896,515],[1921,918],[-186,143],[200,74],[284,-198],[553,256]],[[679140,462734],[-3799,-1745]],[[675341,460989],[-384,276]],[[681235,466312],[948,-1728]],[[678625,462973],[-1082,504]],[[675577,464391],[-362,169]],[[684009,469267],[2684,-2920]],[[687348,466603],[-655,-256]],[[687475,466467],[-657,-255]],[[702071,469304],[-2868,-1157]],[[696842,474699],[2423,730]],[[699265,475429],[473,-684]],[[699738,474745],[-717,-308]],[[699021,474437],[-1840,103]],[[698239,476914],[757,-1096]],[[698996,475818],[-2581,-782]],[[700043,477450],[1045,-2124]],[[700357,475012],[-1524,2078]],[[698178,474074],[843,363]],[[699738,474745],[198,-287],[1353,-1021]],[[701289,473437],[-700,-489]],[[698996,475818],[269,-389]],[[691552,479171],[2578,-1070]],[[694130,478101],[-1147,-664]],[[694130,478101],[2625,-1089]],[[694130,478101],[691,400]],[[701413,477336],[-6429,5129]],[[723938,473631],[-3921,-1324]],[[708928,473526],[1525,1053]],[[716045,475976],[2095,375],[-36,69]],[[718104,476420],[2379,423]],[[720483,476843],[637,-731]],[[721120,476112],[3679,642],[18,3]],[[724817,476757],[708,-1815]],[[720483,476843],[4021,716]],[[724504,477559],[313,-802]],[[730718,477545],[-302,805]],[[730416,478350],[2100,382],[2106,98]],[[734622,478830],[255,-567]],[[719974,477428],[509,-585]],[[718104,476420],[-333,624]],[[726631,478669],[316,-784]],[[726947,477885],[-2443,-326]],[[724504,477559],[-259,665]],[[732348,479650],[1767,303]],[[734115,479953],[99,-220]],[[730416,478350],[-342,910]],[[734766,483480],[450,-890]],[[735216,482590],[1125,-2228]],[[736341,480362],[-2226,-409]],[[741660,481339],[237,44]],[[741897,481383],[256,-735]],[[742153,480648],[-229,-18]],[[741924,480630],[-264,709]],[[734766,483480],[8504,1556]],[[744854,485327],[654,119]],[[748144,485099],[1365,-2369]],[[749509,482730],[-2009,-356]],[[747500,482374],[-5207,-921]],[[742293,481453],[-396,-70]],[[741660,481339],[-534,-98]],[[741126,481241],[-5910,1349]],[[749509,482730],[-111,-1097]],[[749398,481633],[-1898,741]],[[742298,479837],[-232,-4]],[[742019,478637],[21,537]],[[742260,479236],[-33,-519]],[[742227,478717],[-8,-132],[-560,-1384]],[[741659,477201],[-318,-22]],[[742227,478717],[821,81],[1649,-235]],[[744697,478563],[-893,-1117],[-608,-141]],[[743196,477305],[-1537,-104]],[[736341,480362],[4785,879]],[[724817,476757],[2454,328]],[[727271,477085],[689,-1704]],[[727960,475381],[-2334,-421]],[[707949,473286],[-397,524]],[[726947,477885],[3428,457],[41,8]],[[730718,477545],[-3447,-460]],[[727271,477085],[-324,800]],[[745274,479036],[1035,-130]],[[745911,478391],[-1214,172]],[[745321,477450],[-2125,-145]],[[742293,481453],[2256,-215],[2951,1136]],[[749398,481633],[-16,-155]],[[711118,476287],[-1510,915]],[[711366,478452],[1109,-546]],[[715987,481570],[-1311,-764]],[[713459,479941],[1021,-719]],[[725045,486454],[1988,-421],[260,178],[1648,-544]],[[728941,485667],[326,-562]],[[728496,486434],[11,0],[2124,-638]],[[730631,485796],[-1901,235]],[[728730,486031],[-234,403]],[[728403,486593],[381,16],[4398,-580]],[[728941,485667],[-211,364]],[[731974,489629],[2319,-3339]],[[733617,486131],[-4070,793],[-1327,-16]],[[713398,486144],[2267,-2607]],[[713792,482468],[-1588,1300]],[[712204,483768],[-1156,1651],[2350,725]],[[703448,481537],[3626,2357]],[[707074,483894],[4065,-3236]],[[705216,480702],[-1480,510],[-288,325]],[[703451,479215],[-3359,2695]],[[700092,481910],[1902,1260]],[[701994,483170],[1454,-1633]],[[701994,483170],[4401,1264]],[[706395,484434],[679,-540]],[[694730,486278],[4632,-3774]],[[701178,487603],[-2431,2347]],[[698747,489950],[823,305]],[[699570,490255],[313,-292]],[[699883,489963],[1499,-1398]],[[701382,488565],[2295,-2140]],[[705729,484964],[666,-530]],[[699362,482504],[2097,1293],[282,82]],[[701741,483879],[2534,734],[-1564,1510]],[[702711,486123],[-1533,1480]],[[696224,486826],[952,349]],[[697176,487175],[803,-786],[767,291]],[[698746,486680],[1542,-1442]],[[700288,485238],[1453,-1359]],[[700288,485238],[2423,885]],[[698747,489950],[-219,211],[757,360]],[[699285,490521],[285,-266]],[[698260,491457],[1025,-936]],[[698747,489950],[-2910,-1079]],[[695837,488871],[-777,623]],[[695837,488871],[-286,-106],[1625,-1590]],[[711920,487844],[1478,-1700]],[[712204,483768],[-1822,-866],[935,-778],[-422,-216],[954,-766]],[[705729,484964],[6191,2880]],[[711989,488943],[-69,-1099]],[[713585,490663],[-259,-2354],[3523,-4097]],[[716849,484212],[-1184,-675]],[[716849,484212],[176,-205]],[[716849,484212],[1962,1119]],[[700776,492401],[1570,-1499]],[[702346,490902],[-2463,-939]],[[698746,486680],[2432,923]],[[704746,491816],[-2400,-914]],[[706207,490422],[-4825,-1857]],[[714848,512904],[-43,-1089],[-2193,-2013],[-1169,-2070],[4908,-6374],[209,-1028],[-736,-1129],[-912,-843],[-4,-836],[-363,-786],[388,-1958],[-611,-2885],[-581,-29],[-55,-583]],[[726361,522805],[-6308,-9992],[-5205,91]],[[740505,514912],[-230,-11758]],[[740275,503154],[-11300,-8822]],[[740275,503154],[12080,-2293]],[[754822,486306],[-3689,-2583]],[[751133,483723],[-199,58],[-2280,1673]],[[755709,482381],[2659,2459]],[[758368,484840],[2829,1490],[2537,2327],[2108,2400]],[[765842,491057],[4131,3511]],[[769973,494568],[2260,689],[-61,1237]],[[772172,496494],[4036,-959]],[[776208,495535],[-20240,-13230],[-259,76]],[[772172,496494],[-50,1013]],[[772122,497507],[3998,-283],[88,-1689]],[[769179,497715],[-2652,188]],[[769903,498487],[-724,-772]],[[769179,497715],[-378,-401]],[[768801,497314],[-2274,589]],[[765854,496089],[-241,-649],[532,-30],[-90,-1014],[-403,10],[1,-203]],[[765653,494203],[-1319,-1543]],[[764334,492660],[-1395,590],[-1802,-1322]],[[765854,496089],[2059,-760]],[[767913,495329],[-4,-8],[-401,-2368],[-1666,-1896]],[[765842,491057],[-742,-631]],[[765100,490426],[-1654,627]],[[763446,491053],[830,616],[-219,208],[1598,1045],[-2,1281]],[[763446,491053],[-314,119]],[[763132,491172],[1202,1488]],[[756302,486610],[2422,2428]],[[758724,489038],[219,154],[3324,2307]],[[762267,491499],[865,-327]],[[763132,491172],[-709,-879]],[[762423,490293],[-2990,-2220]],[[759433,488073],[-3131,-1463]],[[753970,482891],[5463,5182]],[[762423,490293],[1023,760]],[[765100,490426],[-4793,-3793],[-1939,-1793]],[[755709,482381],[-1739,510]],[[754822,486306],[1480,304]],[[753970,482891],[-2837,832]],[[761477,491799],[790,-300]],[[767913,495329],[2060,-761]],[[767913,495329],[758,1335],[498,554]],[[769169,497218],[512,-132],[2491,-592]],[[769179,497715],[2943,-208]],[[769169,497218],[-368,96]],[[760928,483003],[2583,1551],[1044,-502],[-2248,-1714],[-1379,665]],[[743532,508414],[1060,3602]],[[744592,512016],[6385,-2320]],[[750977,509696],[-36,-547],[536,-1056],[904,-1512],[1259,-901]],[[753640,505680],[-558,-602]],[[744592,512016],[-4087,2896]],[[763414,521519],[-11734,-5924]],[[751680,515595],[-7088,-3579]],[[766500,519948],[-3186,-3630]],[[763314,516318],[-6102,-2713]],[[757212,513605],[-5532,1990]],[[775521,502603],[3359,3761],[5045,5646]],[[783925,512010],[399,-174]],[[776768,502192],[-1247,411]],[[774452,501411],[1238,-402]],[[775690,501009],[-970,-1065]],[[773603,499750],[245,298],[-459,177],[1063,1186]],[[753640,505680],[1558,-735],[2535,-556],[5721,-959]],[[763454,503430],[-1383,-1492]],[[763454,503430],[4513,-984]],[[767967,502446],[785,814]],[[773452,501735],[-1084,-1206],[-291,208]],[[763838,503844],[823,888]],[[764661,504732],[4091,-1472]],[[767967,502446],[-4129,1398]],[[762092,505657],[2124,2238]],[[764216,507895],[2283,2376]],[[766499,510271],[1159,-416]],[[767658,509855],[5743,-2059]],[[764661,504732],[-2569,925]],[[771082,512668],[2971,3017]],[[774053,515685],[3601,-929]],[[777654,514756],[4972,-2177]],[[773401,507796],[999,896]],[[774400,508692],[2118,1900],[-5436,2076]],[[769456,511333],[1626,1335]],[[774400,508692],[-4944,2641]],[[771082,512668],[-4979,1863]],[[766103,514531],[3441,2317]],[[769544,516848],[4509,-1163]],[[765076,513631],[1027,900]],[[769456,511333],[-1280,683]],[[768176,512016],[-3100,1615]],[[763726,515438],[-886,339]],[[762840,515777],[474,541]],[[763314,516318],[3228,1668],[1408,1223]],[[767950,519209],[-1668,-1811],[-2556,-1960]],[[763726,515438],[-3708,-2842]],[[760018,512596],[2822,3181]],[[760018,512596],[-2806,1009]],[[750977,509696],[4773,-1735]],[[755750,507961],[-8,-9],[-2102,-2272]],[[755750,507961],[2642,-960]],[[758392,507001],[1199,-1389],[3031,-1356],[1216,-412]],[[763838,503844],[-384,-414]],[[758392,507001],[3700,-1344]],[[755750,507961],[2046,2222]],[[757796,510183],[265,-94]],[[758061,510089],[3330,-1187]],[[761391,508902],[2825,-1007]],[[773452,501735],[1000,-324]],[[783020,512406],[905,-396]],[[775521,502603],[-1069,-1192]],[[783020,512406],[3505,4189]],[[783020,512406],[2657,4958]],[[785677,517364],[848,-769]],[[787024,521868],[326,125]],[[785677,517364],[1347,4504]],[[782586,520168],[3091,-2804]],[[777654,514756],[-3155,1381]],[[774499,516137],[-1135,497]],[[782586,520168],[4438,1700]],[[763726,515438],[2207,-843]],[[765933,514595],[-1013,-883],[156,-81]],[[765076,513631],[-2075,-2105]],[[763001,511526],[-2855,1024]],[[758061,510089],[1623,2144]],[[763001,511526],[-1525,-1784],[-85,-840]],[[757212,513605],[-1282,-308],[-2104,-636],[-1636,-962],[-1170,-1338],[-43,-665]],[[763001,511526],[3498,-1255]],[[766499,510271],[1677,1745]],[[769456,511333],[-1798,-1478]],[[765933,514595],[170,-64]],[[765933,514595],[2820,2458],[791,-205]],[[767950,519209],[2872,-1462]],[[770822,517747],[-1278,-899]],[[774053,515685],[446,452]],[[757796,510183],[1888,2050]],[[783071,520838],[-860,-331]],[[731304,475984],[-3344,-603]],[[787201,522424],[411,157]],[[700357,475012],[-619,-267]],[[693968,468621],[-444,196]],[[673173,459022],[1658,764]],[[675166,459509],[-1615,-791]],[[673551,458718],[-378,304]],[[669480,457320],[3693,1702]],[[669773,456867],[-293,453]],[[635212,435283],[-634,423]],[[634578,435706],[916,619]],[[635494,436325],[474,-162],[846,158]],[[636814,436321],[-1602,-1038]],[[425474,724202],[1571,951],[-111,103],[4908,1895],[5026,552],[1457,1013],[7414,6416]],[[445739,735132],[328,-394]],[[425554,723809],[-80,393]],[[446067,734738],[3421,910],[5121,937],[102,-201],[2909,628],[2642,832],[-123,224],[2574,3238],[1310,593],[4791,1576],[14143,3701]],[[481402,739277],[-2412,460],[-2120,-8234]],[[476870,731503],[-13590,-1166]],[[445739,735132],[-128,154]],[[445611,735286],[4109,1103],[4653,793],[-21,144],[2921,591],[1722,671],[2473,3087],[1847,1002],[2654,842],[186,-160],[3548,997],[13374,3487]],[[441782,739896],[20033,5749],[-580,630]],[[445611,735286],[-3829,4610]],[[441782,739896],[4431,7939]],[[446296,748151],[21271,-977]],[[467567,747174],[14789,3244]],[[561246,758417],[11,-13],[836,-1024]],[[561700,757063],[-846,1032]],[[564738,761288],[481,-1417]],[[565219,759871],[-1560,-1243]],[[563659,758628],[-1566,-1248]],[[567813,761937],[954,760],[548,-172],[2854,2783]],[[572169,765308],[768,-740]],[[607178,739318],[1012,-7308]],[[568580,749439],[2501,455]],[[571081,749894],[2363,431]],[[573444,750325],[619,113]],[[574063,750438],[2963,540],[-1324,1490]],[[575702,752468],[-1187,1335]],[[574515,753803],[-1179,1327]],[[573336,755130],[-1263,1420]],[[572073,756550],[-1232,1386]],[[570841,757936],[-1456,1637]],[[569385,759573],[-1881,2118]],[[567504,761691],[309,246]],[[567813,761937],[-943,1103]],[[563659,758628],[1264,-1487]],[[564923,757141],[381,-449]],[[565304,756692],[-2164,-594]],[[561700,757063],[-5733,-4633],[357,-181],[-1823,-1487]],[[554501,750762],[-481,2306]],[[554020,753068],[129,104],[479,-195],[6226,5118]],[[563779,754526],[-8708,-6384]],[[555071,748142],[-570,2620]],[[547886,745918],[-869,888]],[[547017,746806],[1161,1005],[-445,218],[6287,5039]],[[554501,750762],[-4559,-3719],[-452,195],[-1604,-1320]],[[547120,741478],[271,918]],[[547391,742396],[363,1230]],[[547754,743626],[32,108]],[[547786,743734],[511,1763],[-411,421]],[[555071,748142],[2,-12],[274,-1405]],[[555347,746725],[781,-4012]],[[564283,721115],[-3356,-17643]],[[560749,703095],[-3214,-21],[24,380],[817,13191]],[[558376,716645],[431,10226],[-10518,8312]],[[548289,735183],[-1681,4564],[512,1731]],[[554020,753068],[-1046,5010],[-868,4123],[-5308,7529],[-6881,6772]],[[547017,746806],[-2644,2702]],[[544373,749508],[-2691,2747]],[[541682,752255],[-1952,8912],[-6452,11866]],[[513352,756630],[5920,7186],[4492,5453]],[[528019,770741],[2348,-3347],[-2055,-666],[2273,-2911],[674,-921]],[[531259,762896],[-7326,-2554],[12952,-13384],[7488,2550]],[[547786,743734],[-4680,-313]],[[543106,743421],[-12270,2071],[-1462,475],[-1605,633],[-11400,8826],[-2325,1038]],[[541682,752255],[-10423,10641]],[[555848,747089],[8788,6396]],[[570643,734723],[1187,1310],[92,1647],[-1460,841],[-224,-148],[-6012,3108],[-3736,1952],[-4642,3656]],[[577216,719616],[-706,-673],[-3306,-1135],[-1223,-3014],[3678,-4785],[8222,-6196]],[[585716,703721],[1835,-3601],[2449,-2333],[1125,-513],[957,-91],[88,-119],[4859,10]],[[508427,755260],[3720,571],[1771,38]],[[513918,755869],[217,-904]],[[514135,754965],[3166,-13207]],[[517301,741758],[3,-10],[16,-104]],[[517320,741644],[737,-4671]],[[518057,736973],[3943,-25376]],[[522000,711597],[-2667,-369],[-6741,-933],[-13274,-1830]],[[518057,736973],[16677,-987]],[[534734,735986],[2422,-22293]],[[537156,713693],[-15156,-2096]],[[534734,735986],[13555,-803]],[[558376,716645],[-21220,-2952]],[[479973,731770],[-3103,-267]],[[405377,768157],[-86,2668],[851,-30],[14768,-1577],[1723,-109],[24063,-1171],[35,-2],[5474,-362],[9838,-103],[1599,-2046],[1340,-932],[-18274,712],[-31116,1212],[-10215,1740]],[[513805,756344],[113,-475]],[[493655,752284],[-5093,-1653],[-4813,-2468]],[[517301,741758],[16347,1031],[4472,299]],[[538120,743088],[413,-76]],[[538533,743012],[-4542,-302]],[[533991,742710],[-16671,-1066]],[[533991,742710],[743,-6724]],[[538533,743012],[4729,-863],[208,290],[2003,-413],[1647,-548]],[[514135,754965],[571,-217],[11876,-9121],[1643,-672],[822,-190],[2518,-639],[6555,-1038]],[[547754,743626],[-4248,-283]],[[543506,743343],[-400,78]],[[538533,743012],[4973,331]],[[543506,743343],[2123,-413],[1762,-534]],[[538120,743088],[4986,333]],[[555848,747089],[-501,-364]],[[555347,746725],[3931,-3248],[2810,-1522],[-210,-146],[7622,-3867],[222,125],[1128,-615],[-64,-1276],[-847,-952]],[[593163,704861],[-5874,13588]],[[585580,704005],[-4773,3510],[-3965,2985],[-3369,4373],[257,40],[770,2267],[2757,987],[-171,312],[1496,979]],[[572938,751758],[2764,710]],[[574063,750438],[-1125,1320]],[[565700,760254],[1804,1437]],[[569385,759573],[-2492,-720]],[[566893,758853],[-1193,1401]],[[565700,760254],[-481,-383]],[[569389,751886],[2175,621]],[[571564,752507],[1880,-2182]],[[571081,749894],[-1321,1555]],[[569760,751449],[-371,437]],[[566893,758853],[1403,-1646]],[[568296,757207],[1186,-1393]],[[569482,755814],[1222,-1434]],[[570704,754380],[1132,-1329]],[[571836,753051],[1102,-1293]],[[571564,752507],[-1491,1730]],[[570073,754237],[-1520,1765]],[[568553,756002],[-1530,1775]],[[567023,757777],[-1804,2094]],[[567023,757777],[-2100,-636]],[[571836,753051],[2679,752]],[[570704,754380],[2632,750]],[[569482,755814],[2591,736]],[[568296,757207],[2545,729]],[[568553,756002],[-2138,-617]],[[566415,755385],[-1111,1307]],[[570073,754237],[-2157,-618]],[[567916,753619],[-1154,1358]],[[566762,754977],[-347,408]],[[569389,751886],[-1123,1321]],[[568266,753207],[-350,412]],[[567446,750827],[2314,622]],[[566014,752579],[2252,628]],[[564558,754363],[2204,614]],[[501719,409562],[-4714,3198],[-860,-243],[-17016,-5260]],[[467056,412262],[2961,1292],[19410,8431],[3602,-2443],[7203,-4813],[5872,-3838]],[[473646,396305],[-1893,3848],[-5580,11760]],[[465339,388324],[-17441,658],[-7334,3055],[-7388,3129],[13552,6846],[4377,2258],[10230,5150],[4838,2493]],[[517459,407311],[2384,-1241],[25121,-12590],[-7637,-5176]],[[537327,388304],[-15733,5986],[-420,213]],[[521174,394503],[-4061,-2583],[6959,-8406],[2236,-2645]],[[526308,380869],[-1877,596],[-11191,3838],[-6670,2299]],[[494378,394090],[23081,13221]],[[506673,410660],[10786,-3349]],[[517459,407311],[-40147,-17463]],[[494197,393986],[-10521,-5974]],[[451892,362216],[3846,1737]],[[455738,363953],[5697,-2869]],[[461435,361084],[-16498,-9251]],[[444937,351833],[-1856,1471]],[[461435,361084],[1549,-830]],[[462984,360254],[-16844,-9347]],[[446140,350907],[-1203,926]],[[455738,363953],[13751,3896],[10092,2805],[3888,-5113],[3435,-4420]],[[486904,361121],[-8517,-4626]],[[478387,356495],[-3173,2058],[-4678,-1556],[-2537,-904],[-1271,2010],[-232,259]],[[466496,358362],[54,86],[-3566,1806]],[[466496,358362],[-2634,-4315],[-1203,-2875],[-6024,-8623]],[[456635,342549],[-8341,6592],[-2154,1766]],[[486904,361121],[1849,-2428],[-7946,-3910],[-2420,1712]],[[517591,376067],[-4288,3692],[-8229,7193],[-6392,3502],[-2352,1665],[-489,386],[2601,-2244],[6064,-3314],[2037,-1887],[5902,-5279],[4470,-3931]],[[517459,407311],[5465,6609],[2784,3321],[1485,1852]],[[527193,419093],[-3414,-5741]],[[523779,413352],[-543,-40],[17215,-10841],[2767,-4403],[2445,-1668],[5771,-7457]],[[551434,388943],[-4705,-1120]],[[546729,387823],[-3819,2348],[-10197,-8313]],[[532713,381858],[117,3396]],[[532830,385254],[4497,3050]],[[527193,419093],[1648,-883],[23067,-11336]],[[551908,406874],[-4290,-4594],[-3877,-4037]],[[543741,398243],[-2985,4569],[-3067,1852],[-13910,8688]],[[532830,385254],[-5374,4210],[-6282,5039]],[[546729,387823],[-8331,-7962],[-5685,1997]],[[511147,353014],[4882,4168]],[[516278,357063],[888,-318]],[[517166,356745],[-6019,-3731]],[[484872,353714],[12507,5171],[12675,5307],[5642,2334],[6815,-3966],[-311,-306]],[[511147,353014],[-204,-177]],[[510943,352837],[-3893,-2955]],[[507050,349882],[-2073,-1574]],[[504977,348308],[-1867,-1025]],[[503110,347283],[-879,-466]],[[502231,346817],[-14472,2524]],[[487759,349341],[-2887,4373]],[[522458,362135],[1381,2521],[42,49],[2372,-1539],[-2864,-1464]],[[551908,406874],[2719,2862],[7467,-3164]],[[552245,400406],[-6057,-3791]],[[546188,396615],[-2447,1628]],[[559350,394079],[-7406,-4799]],[[551944,389280],[-5756,7335]],[[570502,401305],[1440,-2638],[-6322,-4607],[-2636,-3291]],[[562984,390769],[-3634,3310]],[[562984,390769],[-2622,-3230],[-4013,-1393]],[[556349,386146],[-2342,1610],[-2063,1524]],[[569011,415757],[4376,-1776],[1416,-539],[12158,-5056]],[[586961,408386],[79,-33]],[[587040,408353],[-5517,-4041],[-9539,3470],[-3620,3155],[647,4820]],[[569019,415818],[900,571],[4524,3207],[6841,6121]],[[581284,425717],[13134,-5304],[-3672,-3881],[-3785,-8146]],[[569011,415757],[8,61]],[[517166,356745],[1717,-614]],[[518883,356131],[538,-194]],[[518396,354085],[-1231,-914],[-2693,-1961]],[[514472,351210],[-3529,1627]],[[518883,356131],[1978,1379]],[[520861,357510],[1857,-679]],[[522718,356831],[-1462,-1065],[-11,0],[-464,-346]],[[520781,355420],[-372,161]],[[520781,355420],[6366,4044]],[[527147,359464],[772,-488]],[[527919,358976],[-5971,-4060]],[[521948,354916],[-1167,504]],[[527147,359464],[1042,683]],[[528189,360147],[3829,2509]],[[532018,362656],[1563,192]],[[533581,362848],[-5662,-3872]],[[531631,362609],[-7806,-1061]],[[523825,361548],[3247,1558],[7161,3410]],[[534233,366516],[1595,-865]],[[535828,365651],[-4197,-3042]],[[535828,365651],[452,-253]],[[536280,365398],[-2161,-1364],[-2101,-1378]],[[532018,362656],[-387,-47]],[[534233,366516],[2954,1356]],[[537187,367872],[976,-526]],[[538163,367346],[-2335,-1695]],[[536280,365398],[2531,1598]],[[538811,366996],[467,-252]],[[539278,366744],[-5697,-3896]],[[537187,367872],[2942,2061]],[[540129,369933],[912,-572]],[[541041,369361],[-2878,-2015]],[[538163,367346],[648,-350]],[[605267,422306],[1735,-983]],[[597885,413956],[-1801,1187]],[[596084,415143],[8913,7023],[270,140]],[[591608,410705],[2919,-1195]],[[594527,409510],[-1657,-1703],[-907,-1238]],[[591963,406569],[-3249,1114]],[[588714,407683],[-99,34]],[[588615,407717],[2993,2988]],[[589830,402492],[-194,901]],[[589636,403393],[2327,3176]],[[591963,406569],[670,-230]],[[592633,406339],[719,-246]],[[593352,406093],[-3078,-4233]],[[590274,401860],[-268,382]],[[590006,402242],[-176,250]],[[594527,409510],[-1894,-3171]],[[589636,403393],[-922,4290]],[[540129,369933],[6289,4404],[1266,-326]],[[548503,373801],[288,-74]],[[548791,373727],[-4736,-3049]],[[541643,368984],[-2832,-1988]],[[386547,346266],[1490,1010],[7336,4274],[32947,-5046],[3337,-533],[-7664,-5188],[-4825,-3391]],[[486413,330770],[-2052,2398],[661,397]],[[485022,333565],[384,231]],[[485406,333796],[3059,-1142]],[[488465,332654],[434,-162]],[[488899,332492],[428,-160]],[[489327,332332],[-952,-718],[-265,-120],[-1697,-724]],[[485406,333796],[1233,771]],[[486639,334567],[587,385]],[[487226,334952],[2669,-1335]],[[489895,333617],[-1430,-963]],[[464070,343717],[897,494],[11630,5539]],[[476597,349750],[4097,-2207],[12313,-6413]],[[495061,340060],[-5568,-3624]],[[489493,336436],[-2267,-1484]],[[486639,334567],[-1320,616],[-1168,-808]],[[484151,334375],[-13214,6093],[-6867,3249]],[[485406,333796],[-1255,579]],[[489493,336436],[1535,-731],[320,-96],[836,-421]],[[492184,335188],[-1097,-766],[214,-139],[-251,-187]],[[491050,334096],[-212,156],[-943,-635]],[[497529,338372],[-492,-367]],[[497037,338005],[-538,267],[-4315,-3084]],[[492184,335188],[661,-299]],[[492845,334889],[-1444,-1053]],[[491401,333836],[-351,260]],[[489895,333617],[308,-153]],[[490203,333464],[-1304,-972]],[[490203,333464],[405,-203]],[[490608,333261],[-1281,-929]],[[491050,334096],[-847,-632]],[[490328,331975],[-1001,357]],[[490608,333261],[793,575]],[[491401,333836],[669,-494]],[[492070,333342],[-1742,-1367]],[[492845,334889],[4192,3116]],[[497037,338005],[133,-66],[442,376]],[[498158,337942],[-6088,-4600]],[[472212,334471],[-2618,-1014]],[[469594,333457],[-4514,-1748]],[[465080,331709],[-7598,4135],[2841,2861],[2226,2358],[9663,-6592]],[[469594,333457],[863,-1997],[210,-398]],[[470667,331062],[-3399,-2588]],[[467268,328474],[-1784,781],[-1851,953]],[[463633,330208],[1447,1501]],[[467268,328474],[6649,-3062]],[[473917,325412],[4210,-1933]],[[478127,323479],[-255,-330],[-21,-27]],[[476703,321639],[-717,-927],[-1310,-235]],[[474676,320477],[-2035,3075],[-1150,1062],[-2019,-827]],[[469472,323787],[-6018,6452],[179,-31]],[[470667,331062],[5395,-2524]],[[476062,328538],[1209,-566]],[[477271,327972],[-3354,-2560]],[[472212,334471],[5686,-4514]],[[477898,329957],[-1836,-1419]],[[477898,329957],[2650,-2094]],[[480548,327863],[-370,-1135]],[[480178,326728],[-2907,1244]],[[480178,326728],[-20,-348],[73,-64]],[[480231,326316],[-2104,-2837]],[[474459,319048],[-756,140]],[[473703,319188],[-807,968]],[[472896,320156],[1780,321]],[[471116,322044],[-1644,1743]],[[472896,320156],[-569,604]],[[472327,320760],[-252,542],[-794,811],[-165,-69]],[[472327,320760],[-1211,1284]],[[476597,349750],[8275,3964]],[[487759,349341],[5050,-7649]],[[480178,326728],[268,-116]],[[479913,324815],[-1266,-1607]],[[502231,346817],[-2207,-1168],[-1548,-857]],[[498476,344792],[-3141,-1713]],[[495335,343079],[-2526,-1387]],[[495335,343079],[2813,-1430]],[[498148,341649],[-2547,-1668]],[[497852,338600],[2580,1888]],[[500432,340488],[718,-365]],[[501150,340123],[-2635,-1929]],[[498476,344792],[2570,-1244]],[[501046,343548],[-2898,-1899]],[[501046,343548],[2136,-1048]],[[503182,342500],[-2750,-2012]],[[500432,340488],[-2284,1161]],[[503110,347283],[1920,-1149],[-1997,-1243],[-1987,-1343]],[[503182,342500],[765,-375]],[[503947,342125],[-2797,-2002]],[[503182,342500],[5713,4123]],[[508895,346623],[839,-406]],[[509734,346217],[-5787,-4092]],[[504977,348308],[1773,-788]],[[506750,347520],[1643,-731],[502,-166]],[[506750,347520],[2120,1635],[-1820,727]],[[514472,351210],[335,-154]],[[515879,350562],[-6145,-4345]],[[518396,354085],[374,-134]],[[520781,355420],[-2011,-1469]],[[474133,318811],[-104,-16]],[[474029,318795],[-326,393]],[[483460,326504],[338,937]],[[483798,327441],[194,-31]],[[483992,327410],[-171,-669],[-253,-381],[-144,-184]],[[483424,326176],[-72,26]],[[483352,326202],[108,302]],[[483992,327410],[1615,-255]],[[485607,327155],[-1277,-1304]],[[484330,325851],[-906,325]],[[483460,326504],[-208,34]],[[483352,326202],[-137,49]],[[483424,326176],[-388,-541]],[[445043,330310],[10070,1147],[5734,-1877],[616,-879],[2458,-3181],[2297,-1416],[2288,-2564]],[[427209,321461],[-6515,3082]],[[420694,324543],[3619,6700],[15372,1203]],[[440705,331963],[-12969,-10751]],[[427736,321212],[-527,249]],[[427209,321461],[-7457,-5964]],[[416992,317689],[3702,6854]],[[427736,321212],[8644,-5031]],[[436380,316181],[-3552,-2334]],[[432828,313847],[-833,-547],[-491,-7137]],[[432828,313847],[3127,-2737],[2025,-1692],[11701,-5146]],[[449681,304272],[-1831,-2177],[-1146,289]],[[436380,316181],[2495,1639]],[[454885,310457],[-5204,-6185]],[[429781,322033],[9094,-4213]],[[396391,314563],[3232,2928]],[[399623,317491],[3880,3469],[3925,3447]],[[407428,324407],[4381,-2591]],[[382086,301760],[14305,12803]],[[359283,335215],[1522,6504]],[[360805,341719],[322,-147],[1591,-728]],[[362718,340844],[-1591,-6461]],[[361127,334383],[-1844,832]],[[370848,329998],[-9721,4385]],[[362718,340844],[24550,-11585],[20160,-4852]],[[399623,317491],[-9009,3934],[-8540,3707]],[[382074,325132],[-11226,4866]],[[396391,314563],[-17304,7547]],[[379087,322110],[2987,3022]],[[379087,322110],[-11245,4877]],[[367842,326987],[3006,3011]],[[343427,322444],[8431,11572]],[[351858,334016],[15984,-7029]],[[351858,334016],[2437,3346]],[[354295,337362],[4988,-2147]],[[374891,304379],[-7771,-8910]],[[367120,295469],[-6510,2986]],[[360610,298455],[-4666,6876]],[[355944,305331],[-4568,5579]],[[383939,285989],[-2797,1737],[-1064,661],[-6504,4150],[-6454,2932]],[[334197,310012],[101,187]],[[334298,310199],[117,214]],[[334415,310413],[26195,-11958]],[[416313,271598],[-447,-316]],[[372974,292338],[-38777,17674]],[[369141,289443],[-2283,-1725],[-2918,-2295]],[[326637,299256],[7560,10756]],[[416499,298153],[5176,-3244],[8346,1541],[1444,4550]],[[191070,733795],[5585,-10045]],[[196655,723750],[-2893,-745],[-33323,-8980]],[[160439,714025],[-685,-185],[-13100,-3535],[-1914,-514],[-10349,-2784],[-7687,-2030]],[[126704,704977],[-482,373],[474,3929],[-631,1947],[-841,1484],[-626,971],[-830,1582],[5942,838],[7444,4430],[11961,7113],[12250,7301],[15582,-57],[12849,-995],[1274,-98]],[[196655,723750],[12363,-5219],[4871,-8817],[-19909,-2303],[-34184,-3898],[-6336,-738],[6979,11250]],[[197494,707497],[-3747,-4812]],[[193747,702685],[-40100,-194],[43847,5006]],[[197494,707497],[17242,1995],[-3819,6763]],[[210917,716255],[12384,945],[-5211,-11918]],[[218090,705282],[-24343,-2597]],[[191646,733722],[21739,-4501]],[[213385,729221],[747,-3289],[1526,-6319]],[[215658,719613],[-6122,-940]],[[209536,718673],[-2843,1255],[-9649,4082],[-5398,9712]],[[220698,731551],[2215,-3616],[20198,-34]],[[243111,727901],[-2629,-4356],[-11152,-4654],[-13672,722]],[[213385,729221],[7313,2330]],[[220698,731551],[28307,9175],[-3922,-8630],[-1972,-4195]],[[238437,740201],[9398,3204],[1494,-1042],[-10892,-2162]],[[259773,729627],[-10066,-1132]],[[249707,728495],[208,8259],[1893,1986],[7965,-9113]],[[371821,690608],[4052,8486],[1472,5951]],[[377345,705045],[1127,-381]],[[378472,704664],[9,-433]],[[378481,704231],[-661,-589],[682,-363]],[[378502,703279],[9,-434],[3476,-1746],[524,-7443]],[[382511,693656],[-1063,-303],[-9627,-2745]],[[377345,705045],[423,1758]],[[378419,706540],[53,-1876]],[[365382,749335],[12246,2028],[8008,-383]],[[385636,750980],[-642,-6870]],[[384994,744110],[-722,-7728]],[[384272,736382],[-248,-2571],[1013,-5895]],[[385037,727916],[1082,-6525]],[[386119,721391],[718,-4338]],[[386837,717053],[-4810,6523],[-5281,10732],[1787,15966],[-13151,-939]],[[357276,748001],[-21041,-13600],[-5330,-3389],[-33255,-9065],[-1734,616],[-15097,4756],[-21046,2308]],[[259773,729627],[-1764,5307],[37054,2717],[32204,5376],[30009,4974]],[[380412,704326],[1187,-276],[1026,14]],[[382625,704064],[302,-1213]],[[382927,702851],[-1497,17]],[[381430,702868],[-929,419],[-89,1039]],[[380412,704326],[-208,2419],[5305,4022],[1604,3600],[3694,1436],[5908,-2554],[-1225,-2041],[1391,-4146],[-1000,-2104]],[[395881,704958],[-3899,-698]],[[391982,704260],[-616,775],[2147,8738],[-4093,-1029],[-3153,-5415],[-3827,-2523],[185,-742]],[[395881,704958],[-345,-725]],[[392480,703633],[-498,627]],[[391982,704260],[-4239,-325],[-34,198],[-5084,-69]],[[383112,702108],[-1682,760]],[[386119,721391],[2822,-1403],[3480,-1836]],[[392421,718152],[-5031,-1554]],[[384994,744110],[6703,3629],[1953,2857]],[[393650,750596],[3356,-160]],[[397006,750436],[-3612,-4908],[-5519,-2567],[-852,-6068],[5092,-3729],[-25,-2972],[-4772,-3069],[179,-3043],[8783,-5055]],[[396280,719025],[-3859,-873]],[[385037,727916],[4482,2749],[9,2134],[-2540,1667],[-2716,1916]],[[397006,750436],[702,-34]],[[397708,750402],[-892,-10505],[-358,-3316],[4812,-4689],[-1342,-13004],[-2697,68],[-951,69]],[[385636,750980],[8014,-384]],[[253448,750869],[3536,5453],[15227,4842],[25002,-5936],[18801,-1450]],[[316014,753778],[-12631,-3763],[-9470,2206],[-21393,4832],[-19072,-6184]],[[217602,704533],[-3356,-4851],[-9532,-3925],[-8781,-3617],[8151,-8321],[-5965,-5178],[609,-3207],[-8932,-842],[-16683,-1574]],[[173113,673018],[-13823,9669],[-873,1593],[-1568,2748],[-175,391],[-981,1627],[-185,390],[-1613,2850],[-432,9529],[39927,166],[24212,2552]],[[363910,765806],[-567,1573],[30497,7040],[7334,-2661],[78,-2787],[-10113,1758],[-8039,-1493],[-9919,-1796],[-9271,-1634]],[[378481,704231],[21,-952]],[[382511,693656],[168,-88],[-1465,-1115],[-188,-141],[-5578,-4222],[-102,-266],[-325,-849],[-2568,-1238],[-959,-462],[-3782,-2846],[-4039,-4371],[1349,-673],[1836,-914],[-1816,-93],[-292,-857],[-661,-683],[-661,-328],[-2220,-633],[-60,-505],[-123,-1027],[-197,-977],[-715,-3561],[-73,-363],[-846,-534],[-1904,-1200],[-1211,-1486],[-507,-622],[-641,-55],[-4257,-366],[-4969,-1425],[1086,-2842],[-311,-924],[-53,-762],[-133,-1927],[-1424,-1152],[-388,-769]],[[344482,653380],[-7371,913],[700,4231],[339,2353],[2521,4487],[9358,4951],[2521,4797],[2773,5353],[1496,2959],[14861,6899],[141,285]],[[345296,653290],[2410,1742],[-21,1959],[519,1793],[-494,1297],[-450,1181],[1805,529],[2078,609],[907,2],[4458,493],[1783,2180],[3003,1984],[411,2419],[664,3897],[2595,980],[874,1070],[2301,98],[603,1354],[-2908,1547],[4552,4708],[2457,1700],[3532,1639],[412,1303],[1600,1485],[5538,3263],[166,-86],[526,-271],[-919,-837],[311,-2206],[1360,-1332],[-478,-416],[-2958,252],[-1287,-1893],[-155,-299],[1777,-881],[-334,-1485],[-3418,-3],[-1954,-2134],[2072,-385],[-372,-674],[-2212,-342],[-2312,-2210],[-340,-1167],[560,-526],[-1554,-1843],[643,-2619],[-1803,-1247],[-864,-2669],[-357,-1110],[1242,-450],[232,-1046],[-2884,-598],[-1459,-1478],[-1194,-32],[-817,-22],[-25,-445],[-47,-858],[1358,-534],[-66,-57],[-2539,-264],[-1350,-917],[-2179,-143],[1698,-1828],[2288,-558],[-12,-443],[-1994,-1040],[386,-1516],[-1835,-842]],[[360826,653068],[-8803,-569]],[[352023,652499],[-3452,370],[-3275,421]],[[345296,653290],[-492,54]],[[344804,653344],[1253,1093],[940,755],[-129,1919],[659,1444],[-1047,2966],[4246,1187],[5551,662],[1542,2206],[2816,1648],[1081,6074],[229,243],[2484,1096],[1131,1236],[1642,60],[353,757],[-816,542],[-2215,956],[3179,3521],[1312,953],[3318,2680],[3218,1294],[427,1132],[1776,1465],[5639,4038],[3028,-1342]],[[386421,691929],[-793,-542],[-380,-2110],[1693,-1525],[-1488,-1322],[-2572,195],[-898,-846],[1863,-921],[-591,-2619],[-3770,39],[-761,-870],[1893,-522],[-738,-1594],[-2934,-679],[-1527,-1521],[-258,-915],[532,-523],[-1732,-2203],[713,-2582],[-1973,-1352],[-949,-3034],[922,-362],[813,-3231],[-1707,-630],[24,-319],[-879,-1143],[-188,-157],[316,-750],[-966,-1050],[449,-1584],[1698,-2016]],[[393113,623317],[-806,-118]],[[392307,623199],[-1167,588],[-14931,6516],[-667,242],[4983,-6820],[1592,-723]],[[382117,623002],[-502,-215]],[[381615,622787],[-1637,728],[-528,706],[-5405,7225],[-1498,14135]],[[372547,645581],[20,605]],[[372567,646186],[-994,7828]],[[371573,654014],[-2186,2728],[-146,734],[-462,1582],[971,1066],[-322,848],[1220,1245],[-161,538],[1396,469],[-135,520],[-2191,-449],[-1190,-1366],[-1867,-14],[-18,-411],[1791,-756],[-693,-893],[-3181,-363],[-1202,-779],[-1043,3],[675,-676],[2436,-592],[102,-1418],[-1699,-816],[387,-1597]],[[364055,653617],[-1800,-705],[1354,-1502],[25,-1542],[2348,-383],[6585,-3299]],[[372547,645581],[-6497,3261],[396,-1215],[-1459,-1484],[2447,-2717],[1378,-566],[-105,-1202],[-3253,-688],[-153,-1031],[-1589,-400],[-92,-800],[1453,-621],[139,-674],[-842,-479],[131,-1947],[1932,-584],[35,-1065],[-1442,-1171],[1457,-1294],[-308,-2023],[626,-460],[112,-1113],[1307,-629],[1888,379],[2146,-964],[1317,-217],[1919,-1441],[1855,-290],[1294,-1064],[2976,-295]],[[382117,623002],[2161,-980]],[[384278,622022],[-6222,686],[-1268,1025],[-938,214],[-747,38],[-1921,1446],[-1029,209],[-1996,907],[-2004,-377],[-1858,935],[-181,1141],[-780,526],[286,1985],[-1726,1445],[1765,1321],[-52,499],[-1967,416],[-108,2824],[379,179],[-31,552],[-1184,438],[53,1656],[1848,482],[70,855],[3221,656],[61,462],[-1440,605],[-2582,2912],[1508,1558],[-331,704],[-5929,1608],[-6998,1947]],[[352177,651876],[-154,623]],[[352023,652499],[10435,-2938],[74,1649],[-1706,1858]],[[369974,621776],[-4962,956],[-5850,1173],[-5361,21602],[-1624,6369]],[[381932,621659],[-6494,-935],[-4343,836]],[[386421,691929],[1816,-805]],[[364055,653617],[7518,397]],[[392307,623199],[-8029,-1177]],[[319693,342815],[4021,5814]],[[354295,337362],[4038,5542],[2472,-1185]],[[355944,305331],[-2131,-2191],[-11429,4304],[-7969,2969]],[[334298,310199],[-291,-164],[-2678,-2469],[-3050,-2711],[-14680,12168],[28172,6274]],[[349086,274361],[-2136,-2149]],[[340714,266049],[-5648,3557],[-4873,1162],[-18649,4177],[1519,12580]],[[73866,209301],[1048,1141]],[[74914,210442],[12798,-3637],[1210,-3200],[-2853,-2195],[9961,-3591],[5455,3111],[5072,-2684],[12260,-92],[5847,-3153],[878,-2175],[10121,3926],[4427,947],[8130,-917]],[[148220,196782],[4464,-579],[953,-4448],[4728,-1381],[2248,-1235],[1784,-1771],[4355,-1065],[456,-533],[1029,-2584],[2493,-874],[1413,-1106],[1555,-497],[322,-563],[-3007,-954],[-1082,-3035],[-843,-2107],[-3457,-1351],[-3076,1616],[-4376,-125],[-11216,815]],[[146963,175005],[-11460,833],[-4574,4515],[-7138,-12],[-2378,846],[-2196,729],[-3585,-767],[-7521,-36],[-4220,-311],[-4880,1220]],[[99011,182022],[-3465,1100]],[[95546,183122],[-551,1629],[-7079,3485],[-7461,587],[-2357,-140]],[[78098,188683],[-3083,1007]],[[75015,189690],[5187,527],[8614,-435],[4511,-3201],[2523,-811],[945,-174],[1248,-2318],[6378,-2082],[4270,362],[6844,-25],[3624,908],[2676,-933],[2016,-754],[7593,33],[4460,-4634],[1659,-117]],[[137563,176036],[1365,-96]],[[138928,175940],[943,-67],[6208,-503]],[[146079,175370],[2867,-159]],[[148946,175211],[3404,-252],[3734,-205]],[[156084,174754],[1855,-82],[4893,70],[2692,-1477],[1579,614]],[[167103,173879],[1171,434],[1839,5024],[-1306,385],[-610,973],[-3348,1171],[-695,2777],[-4164,950],[-464,177],[-1331,1579],[-2266,1449],[-5853,1889],[-765,4333],[-9577,679],[-3755,-801],[-11948,-4331],[-2315,3793],[-3884,2249],[-12321,178],[-3769,1824],[-5585,-2749],[-13773,5135],[3676,3004],[-630,1975],[-11564,3325]],[[147670,207122],[550,-10340]],[[74914,210442],[1514,1636]],[[75015,189690],[-14753,4816]],[[60262,194506],[13604,14795]],[[167103,173879],[-2442,92],[-170,1152],[-3173,-16],[-1569,1412],[-1539,-554],[280,-767],[-2406,-444]],[[148946,175211],[-648,192],[-2219,-33]],[[138928,175940],[-247,324],[-1155,-100],[37,-128]],[[207933,255361],[934,-33]],[[208867,255328],[1539,-1676],[7289,-1389],[1335,-1725],[217,171],[1002,1534],[700,2653]],[[220949,254896],[852,-31]],[[221801,254865],[-3,-222],[-888,-3001],[-1063,-1501],[-1502,-75],[-1312,1816],[-7137,1306],[-1963,2173]],[[208867,255328],[12082,-432]],[[317579,221111],[-27462,9422],[1543,4157],[30654,-8087],[23145,-8033],[11569,-2551],[1285,-1827],[1641,-8203],[436,-2500],[-24679,6097],[-12432,2588],[-6694,3329],[994,5608]],[[348160,231322],[-5283,907],[-2725,1076]],[[340152,233305],[3404,-93],[4604,-1890]],[[333873,235785],[-6354,2510],[1110,1376]],[[328629,239671],[1295,-522],[3949,-3364]],[[328629,239671],[655,811]],[[349477,231096],[-1317,226]],[[340152,233305],[-6279,2480]],[[329380,241872],[-10005,3997]],[[325779,253317],[4148,5062],[10254,-2530]],[[347356,257120],[-7666,2749],[-18496,2740],[4032,922],[-988,3971],[14075,-3205]],[[169781,155063],[123,2300]],[[169904,157363],[10566,-2363],[9212,-97],[2333,-23],[4424,2107],[619,148]],[[197058,157135],[1475,-8253]],[[198533,148882],[-852,212],[-2277,1406],[-2519,1547],[-2333,849],[-2438,-71],[-2952,-279],[-5126,1922],[-1919,399],[-2877,763],[-1480,330],[-1288,-417],[-2253,-314],[-438,-166]],[[197058,157135],[27827,3061]],[[224885,160196],[1916,-10662]],[[226801,149534],[-1948,182],[-4256,255],[-5218,-140],[-2555,-414],[-4087,-703],[-2827,-385],[-6062,224],[-1315,329]],[[224885,160196],[12884,-2672],[15453,-4667],[706,-3387]],[[253928,149470],[69,-2290]],[[253997,147180],[-2389,22],[-8782,752],[-7076,707],[-7333,722],[-1616,151]],[[253928,149470],[5679,-2359],[13084,-2941]],[[272691,144170],[-412,-294]],[[272279,143876],[-2344,621],[-1771,215],[-4906,1266],[-5541,984],[-3720,218]],[[272691,144170],[12857,1698],[7278,2646],[6725,8486],[225,5],[5417,-1953]],[[305193,155052],[-1477,-2056],[1624,-460],[606,819],[-744,213],[670,895],[3930,-987],[3198,-801],[8008,737],[1386,-4808]],[[322394,148604],[-1540,-2991]],[[320854,145613],[-1342,146]],[[319512,145759],[-700,823],[-1397,656],[-2533,502],[-2234,-272],[-1019,-251]],[[311629,147217],[-1658,770],[-653,685],[-478,704],[-5836,646],[-11562,-7819],[-9686,-347]],[[281756,141856],[-9065,2314]],[[305193,155052],[7999,-2023],[8303,604]],[[321495,153633],[1205,-4434]],[[322518,148846],[-124,-242]],[[321495,153633],[9949,156],[13161,-4484]],[[344605,149305],[-15145,2818]],[[329460,152123],[-7965,1510]],[[143981,173615],[2982,-32]],[[146963,173583],[2126,-23],[4930,-2662],[4199,1472],[1543,-2377]],[[159761,169993],[-1993,-3313],[-1750,227],[-1753,1538],[-5391,966],[-4893,4204]],[[134151,173425],[547,-414],[2831,678]],[[137529,173689],[6452,-74]],[[159761,169993],[4904,-8100],[5239,-4530]],[[169781,155063],[-81,-2054]],[[169700,153009],[-471,-8421],[-227,-2914]],[[168493,141696],[-180,10415]],[[168313,152111],[-39,1149],[-5008,-1436]],[[163266,151824],[-12694,-3618],[-13213,1241],[-5105,3977],[-6715,-4548]],[[125539,148876],[-18388,-12280],[-13950,-2662]],[[93201,133934],[-9515,-1754]],[[83686,132180],[93,140],[1882,1691],[3181,1361],[3671,1609],[6693,1133],[5315,3066],[2044,2745],[3595,4995],[3440,1169],[5711,1874],[4534,3925],[-88,7176],[985,4195],[9409,6166]],[[198533,148882],[163,-953]],[[198696,147929],[-1958,462],[-1343,488],[-966,765],[-1532,1008],[-1233,464],[-862,381],[-1374,254],[-1189,-242],[-1768,-861],[-2801,408],[-1608,461],[-2149,982],[-820,690],[-3884,1026],[-2818,-2],[-1353,-549],[-1338,-655]],[[198696,147929],[537,-2935],[1509,-8501]],[[112678,116636],[36453,10541]],[[149131,127177],[20153,5959]],[[170778,133457],[311,-1287],[2764,-11884]],[[173853,120286],[-19340,-2384],[-37900,-4574]],[[116613,113328],[-3935,3308]],[[128788,145881],[1376,229],[3997,404],[6298,-783],[4060,-1296],[3257,218],[1944,-191],[1255,145],[2900,1343],[2984,109],[3429,1065],[1734,1189],[2191,1732],[4100,2066]],[[135686,139523],[-6898,6358]],[[127370,147189],[1221,804],[3256,263],[3875,-167],[4683,179],[2521,-317],[1907,-579],[2130,-480],[2628,-51],[6303,905],[492,659],[1863,1014],[2496,662],[2521,1743]],[[128788,145881],[-1418,1308]],[[127370,147189],[-1831,1687]],[[149131,127177],[-2168,1849],[-10306,9468]],[[112678,116636],[-10731,9106]],[[101947,125742],[-15,13],[-6066,5345]],[[226801,149534],[97,-774]],[[226898,148760],[-2244,214],[-3494,-233],[-1120,79],[-744,188],[-3296,-59],[-3034,-285],[-1430,-764],[-3349,-629],[-1435,256],[-1695,-58],[-6361,460]],[[253997,147180],[27,-977]],[[254024,146203],[-4050,116],[-3566,253],[-2939,412],[-1539,41],[-2997,208],[-1560,391],[-5670,567],[-4805,569]],[[272279,143876],[-839,-793]],[[271440,143083],[-3468,825],[-4009,1145],[-2778,563],[-2178,214],[-1344,-283],[-3639,656]],[[272279,143876],[2494,-709],[2661,-550],[2701,-471],[1621,-290]],[[281756,141856],[3073,-648],[1802,-450],[2225,-1021],[1012,-703],[1937,-1780],[179,-159],[883,-500],[891,-773],[1057,-351],[1203,-170],[1079,237],[1525,756],[1519,1173],[3376,2633],[2497,2417],[1381,1480],[2836,2506],[955,591],[443,123]],[[311629,147217],[1788,-856],[420,-76]],[[313837,146285],[-1679,-1082],[-1667,-1250],[-1224,-965],[-1828,-1588],[-1876,-1275],[-1546,-1517],[-1917,-1204],[-1969,-1612],[-182,-736],[-530,-429],[-3577,-703],[-2023,364],[-941,413],[-922,667],[-1322,1252],[-2019,1863],[-1193,854],[-1746,755],[-7108,1499],[-7128,1492]],[[319512,145759],[-3876,352]],[[315636,146111],[-1799,174]],[[319512,145759],[203,-258],[-64,-977],[-630,-2433]],[[319021,142091],[-216,-538],[-2255,-4476],[-2190,-4275]],[[314360,132802],[-81,577],[887,2966],[208,365],[454,1221],[139,1916],[-770,1036],[286,1787],[1034,880],[113,1587],[-440,634],[-554,340]],[[320854,145613],[-1833,-3522]],[[311759,127722],[2601,5080]],[[265408,137679],[6032,5404]],[[327632,147295],[1828,4828]],[[226898,148760],[106,-584]],[[254024,146203],[97,-4598]],[[169043,140766],[10278,-2970],[10372,-2985],[10656,-3052]],[[200349,131759],[-5456,-8761]],[[194893,122998],[-13022,-4564]],[[181871,118434],[625,2928],[-8643,-1076]],[[181871,118434],[-37811,-2251]],[[144060,116183],[-19457,-5693],[-3576,-1004]],[[121027,109486],[-3009,1763],[-3081,1899],[1676,180]],[[194893,122998],[-1171,-4399]],[[193722,118599],[-3218,333],[-3355,-921],[653,-1920],[-1999,-80]],[[185803,116011],[-3500,2061]],[[182303,118072],[-317,191],[-115,171]],[[194893,122998],[467,-78],[8197,-2553],[255,-284],[1652,-2500]],[[205464,117583],[-1851,217],[-3103,554],[-6788,245]],[[200349,131759],[1062,3904],[25008,415]],[[226419,136078],[-7993,-18958]],[[218426,117120],[-1063,673],[-2428,-355],[-2997,13],[-4675,-156],[-1799,288]],[[218426,117120],[-249,-551]],[[218177,116569],[-12484,667]],[[205693,117236],[-229,347]],[[205685,114705],[8,2531]],[[218177,116569],[1222,-66]],[[219399,116503],[601,-381],[500,-174],[3008,-907],[702,-580]],[[224210,114461],[4714,-3652]],[[228924,110809],[305,-2382],[1559,-227]],[[230788,108200],[-1759,-3979]],[[219399,116503],[1062,-61],[12768,-2392]],[[233229,114050],[-1213,-2957]],[[232016,111093],[-825,306],[-2670,1397],[-3186,1491],[-1125,174]],[[232016,111093],[-604,-1349]],[[231412,109744],[-2488,1065]],[[231412,109744],[-624,-1544]],[[231412,109744],[1130,-322],[1644,-299],[1056,-95],[3190,-231],[2717,-322],[2332,-1358],[1720,-799]],[[245201,106318],[-3029,-1569],[-5684,1116],[-223,-506]],[[236265,105359],[-4086,509],[670,2043],[-2061,289]],[[232016,111093],[1207,-463],[2273,-213],[4572,-258],[588,-66],[1317,-277],[3179,-952],[463,-253],[2761,-1232]],[[248376,107379],[-983,-224],[-2192,-837]],[[235317,103255],[948,2104]],[[248376,107379],[2230,537],[3618,-2028],[1620,754],[2307,-140],[1536,742],[3025,-868]],[[262712,106376],[-2750,-2429]],[[233229,114050],[3705,-698]],[[236934,113352],[10824,-1988],[9111,-1973]],[[256869,109391],[7449,-1579]],[[264318,107812],[-1606,-1436]],[[262712,106376],[2283,9],[2670,-770],[3989,623]],[[271654,106238],[1982,-437]],[[264318,107812],[7336,-1574]],[[256869,109391],[6006,7789],[7506,9954]],[[270381,127134],[7616,-1467],[12872,-2977],[9404,-6167],[-10040,2084],[7052,-8211],[-753,-851]],[[296532,109545],[-13165,8578]],[[283367,118123],[-8995,-11390]],[[274372,106733],[-736,-932]],[[283367,118123],[4555,-6746],[3537,-5302],[-2275,-3548]],[[288029,102526],[-2366,474],[-2315,1293],[-2911,4],[-1418,295]],[[275368,105873],[-567,902],[-429,-42]],[[168949,141254],[30926,-8937],[980,3718]],[[200855,136035],[24736,363],[894,56]],[[226485,136454],[27525,-6996]],[[254010,129458],[1098,254],[1888,481]],[[256996,130193],[5571,-1117],[10985,-2169],[4422,-866],[13389,-3100],[5026,-3312]],[[296389,119629],[5908,-3931]],[[302297,115698],[-10716,2207],[514,-684],[5894,-6901]],[[297989,110320],[-785,-1022]],[[297204,109298],[-672,247]],[[270381,127134],[-5072,997],[-8305,1673],[-3131,-744],[-5238,1366]],[[248635,130426],[-22216,5652]],[[227073,147775],[-588,-11321]],[[253483,139856],[527,-10398]],[[265179,137347],[-8183,-7154]],[[311552,127376],[-2515,-3232]],[[309037,124144],[-7455,2059],[-2078,-2573],[-3115,-4001]],[[309037,124144],[-6740,-8446]],[[302297,115698],[-4308,-5378]],[[338509,104423],[-41305,4875]],[[248635,130426],[-11701,-17074]],[[219399,116503],[-973,617]],[[181871,118434],[-4241,-4220],[-1561,-353]],[[176069,113861],[-503,155],[-678,-423]],[[174888,113593],[-23670,-5365]],[[151218,108228],[-3499,3711]],[[147719,111939],[-3659,4244]],[[126193,100391],[6601,2083]],[[132794,102474],[18424,5754]],[[174888,113593],[1181,268]],[[182303,118072],[-4272,-4177],[-1235,-277]],[[176796,113618],[-3054,-685]],[[173742,112933],[-7822,-1792]],[[165920,111141],[-1300,-297]],[[164620,110844],[-8162,-1859],[-1849,-416]],[[150180,107442],[-21546,-6670],[-952,-371]],[[132794,102474],[-5659,3388]],[[127135,105862],[20584,6077]],[[127135,105862],[-6108,3624]],[[164620,110844],[-2281,-1537],[466,-416]],[[173742,112933],[-3781,-2193],[-2220,57],[-1821,344]],[[185803,116011],[-987,-141],[-1242,417],[-1140,329],[-796,-1149],[-1957,-990],[-1405,-1246],[-1480,387]],[[193722,118599],[-202,-725]],[[187554,114993],[-1751,1018]],[[215843,102505],[-6003,-71]],[[209840,102434],[-2883,-42]],[[206957,102392],[-2270,857],[-2536,582],[-1971,754],[-1619,6],[-2497,-481],[-1856,-568],[-2026,-202],[-2713,403],[-3992,2959],[-3002,382]],[[182475,107084],[-1442,1682]],[[233376,99151],[-149,-80],[-5242,-164],[-2530,1054],[-3907,242],[-2857,1765]],[[215384,77526],[-24279,9118]],[[191105,86644],[25485,15721]],[[239593,97958],[-22887,-2670],[2658,-7129],[-4759,-6268]],[[218165,80181],[-2781,-2655]],[[160535,68379],[30160,18608],[25148,15518]],[[191105,86644],[-17268,-10694]],[[173837,75950],[-13027,-8068],[-426,-10569],[-120,-11]],[[159748,57258],[473,10927],[314,194]],[[147188,98154],[41874,2618],[22815,1452]],[[211877,102224],[3966,281]],[[160535,68379],[-17817,-976]],[[211877,102224],[-2037,210]],[[164529,106674],[1996,313],[401,391]],[[178252,108115],[2859,-858],[1364,-173]],[[182475,107084],[1367,-1596],[5276,-3213],[17839,117]],[[292153,101323],[4326,-2159]],[[290549,99904],[982,868],[622,551]],[[292153,101323],[6309,5434],[28522,-2832],[1210,-3153],[1350,-3520],[-13546,-286],[-7818,-579]],[[305212,97253],[68,460],[-1498,151]],[[173837,75950],[22605,-11276]],[[196442,64674],[-20533,-6623],[-15712,-5729]],[[122261,53963],[-5129,22238]],[[136826,54560],[753,-3179],[14879,1288],[-708,3191]],[[159503,45619],[-29763,-139]],[[129740,45480],[-383,1563],[-1678,6713]],[[131220,39442],[-1480,6038]],[[133873,28631],[-2653,10811]],[[160191,51849],[16237,5907]],[[183723,57311],[-3284,-4176]],[[180439,53135],[-5244,-6785]],[[219965,60682],[18162,-4277]],[[223039,42640],[-19991,7467],[-4403,1644]],[[198645,51751],[12301,10456]],[[196442,64674],[14180,8305],[4762,4547]],[[218578,80010],[-311,-301]],[[218267,79709],[-6954,-6740]],[[211313,72969],[-384,-372]],[[198645,51751],[4260,-7550]],[[202250,44252],[-4286,7515],[241,206]],[[180439,53135],[15460,-4657],[-642,4582]],[[255099,97326],[831,-4835]],[[255930,92491],[-19713,330],[-433,-410]],[[235784,92411],[-94,-88]],[[255930,92491],[4074,-68]],[[260004,92423],[15131,-253]],[[275135,92170],[408,-59]],[[275543,92111],[20052,-2913]],[[295595,89198],[-95,-382]],[[295500,88816],[-20318,3032]],[[275182,91848],[-39398,563]],[[260004,92423],[3375,2086],[1163,2637]],[[264542,97146],[5658,1847],[2665,107],[1850,-951]],[[274715,98149],[78,-610],[896,-1469],[2535,-675],[28,-5]],[[278252,95390],[-2329,-2819]],[[275923,92571],[-788,-401]],[[255099,97326],[1560,-37],[1881,-658],[3571,-376]],[[262111,96255],[-5171,356],[-1841,715]],[[265263,98780],[-342,-775]],[[264921,98005],[-1976,-1231]],[[262945,96774],[-834,-519]],[[262945,96774],[1597,372]],[[264921,98005],[3022,722],[3088,956]],[[271031,99683],[1738,-267]],[[272769,99416],[1861,-603],[85,-664]],[[264542,97146],[379,859]],[[269242,99959],[1789,-276]],[[272769,99416],[1336,-206],[1953,-1374],[3555,-800]],[[279613,97036],[-1361,-1646]],[[283748,96486],[12840,-2894]],[[311887,95518],[2372,-151],[1481,-329]],[[315740,95038],[-3452,259],[-3069,-2006]],[[309219,93291],[-1765,-1387]],[[307454,91904],[-867,-681],[-3042,-359]],[[303545,90864],[-5521,2031],[-1435,323]],[[296589,93218],[-13446,3024]],[[283143,96242],[-3530,794]],[[296053,91051],[536,2167]],[[303545,90864],[-391,-1413],[-4622,364],[214,1147],[-2693,89]],[[307454,91904],[3844,-311]],[[311298,91593],[-1201,-798],[-61,-111]],[[310036,90684],[-201,-366]],[[309835,90318],[-1601,-259],[-4689,805]],[[309219,93291],[3369,-841]],[[312588,92450],[-1290,-857]],[[315740,95038],[257,-19]],[[315997,95019],[-488,-2392]],[[315509,92627],[-121,-592]],[[315388,92035],[-485,-163]],[[314903,91872],[-2315,578]],[[315997,95019],[3689,-277],[2243,-412]],[[321929,94330],[-156,-250]],[[321773,94080],[-1189,-204],[-507,-474],[-4568,-775]],[[329099,93013],[195,639],[2602,-298]],[[331896,93354],[-263,-297]],[[331633,93057],[-388,-438]],[[331245,92619],[-2146,394]],[[314128,89487],[2109,1246],[109,278],[873,283]],[[317219,91294],[2438,-608]],[[319657,90686],[4580,-1143]],[[324237,89543],[3509,-876],[2592,2928]],[[330338,91595],[7370,-986]],[[337708,90609],[1664,-671]],[[339372,89938],[-5446,-6071],[3068,-773]],[[336994,83094],[-1505,-2178]],[[335489,80916],[-8841,2968],[-2127,2563],[-10393,3040]],[[324237,89543],[1832,2839]],[[326069,92382],[1286,-76]],[[327355,92306],[2217,-609],[766,-102]],[[331896,93354],[9677,-3872],[2177,-371],[2463,753]],[[346213,89864],[7818,-1098]],[[354031,88766],[4846,-712],[2250,36],[0,-311],[-2277,-66]],[[358850,87713],[-4848,688]],[[354002,88401],[-2013,285]],[[351989,88686],[-1747,248]],[[350242,88934],[-1643,234]],[[348599,89168],[-2227,316]],[[346017,89379],[-2178,-639]],[[343839,88740],[-2629,458]],[[341210,89198],[-1838,740]],[[337708,90609],[-2694,1086]],[[335014,91695],[-3381,1362]],[[278252,95390],[1365,-259],[752,-299]],[[280369,94832],[-1367,-695]],[[279002,94137],[-750,1253]],[[283143,96242],[-2774,-1410]],[[280369,94832],[1922,-766],[1244,-1299],[3419,-774],[4170,77],[4929,-1019]],[[296053,91051],[-458,-1853]],[[295595,89198],[-3634,738],[-3065,780],[-5734,1902],[-3282,97],[-878,1422]],[[275543,92111],[380,460]],[[275923,92571],[3079,1566]],[[326755,93443],[2344,-430]],[[329099,93013],[-87,-287],[1908,-474]],[[330920,92252],[-582,-657]],[[327355,92306],[293,664],[-1056,222]],[[326592,93192],[163,251]],[[341210,89198],[-4216,-6104]],[[343839,88740],[1916,-8]],[[345755,88732],[-5594,-6816]],[[340161,81916],[-3167,1178]],[[346190,89261],[-435,-529]],[[358850,87713],[-144,-155]],[[358706,87558],[-2014,361]],[[356692,87919],[-2032,364]],[[354660,88283],[-658,118]],[[358706,87558],[-1299,-1402]],[[357407,86156],[-658,-710]],[[356749,85446],[-2149,147]],[[354600,85593],[2092,2326]],[[357407,86156],[2905,-512],[-2410,-4527]],[[357902,81117],[-2593,652]],[[355309,81769],[1440,3677]],[[355309,81769],[-1158,4]],[[354151,81773],[-418,1591]],[[353733,83364],[867,2229]],[[275203,19907],[21326,6367]],[[296529,26274],[22726,4232],[15796,742]],[[335051,31248],[847,39]],[[335898,31287],[577,-283],[-2035,-99]],[[334440,30905],[-14975,-734]],[[325888,27099],[2600,809]],[[328488,27908],[-18053,-9217]],[[334440,30905],[-175,-1202],[-5777,-1795]],[[297754,68878],[22877,-4640],[19787,-2966],[1952,-26]],[[342370,61246],[8224,-111],[-6509,3007]],[[344085,64142],[-7400,3419]],[[336685,67561],[950,-21]],[[337635,67540],[10129,-4605],[4474,-2009],[3291,-1113]],[[355529,59813],[-292,-308],[-3565,1254],[-11296,168],[-18756,2821],[-24077,4809],[-17413,1865],[-11452,3040],[-13969,1215],[-12251,-1212],[-11613,1093],[-12578,5151]],[[336726,67914],[-41,-353]],[[336685,67561],[-36953,4949]],[[344085,64142],[-1715,-2896]],[[308599,86861],[725,1284]],[[309324,88145],[2957,564],[1847,778]],[[335489,80916],[-2434,-946]],[[293553,28089],[2047,9],[1970,694],[4444,935],[3926,224],[3260,-40],[3333,407],[2479,589],[5503,318],[6889,733],[5624,-76],[2023,-634]],[[296529,26274],[-2976,1815]],[[274489,21364],[6999,2256],[2450,468],[6160,2617],[2065,510],[1390,874]],[[211313,72969],[20511,-635],[15830,-4485],[18896,-3345],[11935,-341],[10889,-2120],[12374,2141],[14060,-2673],[6744,-2367],[5743,-1137],[6892,1072],[14856,-5392],[4387,-2575]],[[276330,63913],[-9843,193],[-13211,2373]],[[253276,66479],[-5784,1040],[-15926,4451]],[[253276,66479],[-6527,-4469]],[[246749,62010],[-8298,-5681]],[[238695,56285],[29090,-5225],[8134,603]],[[275919,51663],[-2777,-5680]],[[273142,45983],[-3921,-8021]],[[246749,62010],[29726,-28]],[[276802,57638],[271,-3614]],[[277073,54024],[-1154,-2361]],[[289269,32440],[1414,-2615]],[[290683,29825],[-17142,-6527]],[[273541,23298],[-20412,1707]],[[321773,94080],[-445,-715]],[[321328,93365],[-3262,-432],[-2678,-898]],[[311298,91593],[27,-2],[1837,29],[1741,252]],[[314903,91872],[-2715,-1153],[-1531,-217]],[[310657,90502],[-621,182]],[[321328,93365],[-558,-895]],[[320770,92470],[-2059,-379],[-1492,-797]],[[317219,91294],[-2316,578]],[[320770,92470],[-1113,-1784]],[[320770,92470],[921,170],[4378,-258]],[[321328,93365],[3409,217],[1855,-390]],[[326592,93192],[-523,-810]],[[321929,94330],[4826,-887]],[[330920,92252],[4094,-557]],[[309835,90318],[-1162,-2125]],[[308673,88193],[-488,-61],[-1990,103],[-1759,497],[-5254,-166],[-3587,632]],[[308673,88193],[-679,-1242]],[[307994,86951],[-12494,1865]],[[310657,90502],[-1333,-2357]],[[308599,86861],[-605,90]],[[335489,80916],[3206,-786]],[[338695,80130],[1681,-535]],[[340376,79595],[16181,-5151]],[[356557,74444],[-22150,1085]],[[340161,81916],[-1466,-1786]],[[340376,79595],[1561,1817]],[[341937,81412],[216,251]],[[342153,81663],[1677,-198]],[[343830,81465],[1830,-216]],[[345660,81249],[8491,524]],[[354151,81773],[-2028,-2244]],[[352123,79529],[-903,-1000],[1588,-1545],[4289,626]],[[357097,77610],[1849,-301]],[[358946,77309],[583,-991]],[[359529,76318],[-2079,-2980],[-893,1106]],[[346870,48308],[-1447,-2392]],[[345218,45577],[-3032,1950],[-6916,583]],[[335270,48110],[-14341,2909]],[[320929,51019],[-3869,785]],[[305716,54106],[-28643,-82]],[[306035,45843],[26,-687]],[[306061,45156],[-32919,827]],[[320850,45333],[79,5686]],[[335270,48110],[-904,-3309]],[[334366,44801],[-13516,532]],[[333022,39884],[1344,4917]],[[316921,45469],[-110,-4965]],[[306226,40900],[-165,4256]],[[320780,40352],[70,4981]],[[269221,37962],[37005,2938]],[[306362,37383],[-37444,-2067]],[[306362,37383],[-8689,-1459]],[[297673,35924],[-9630,-1193]],[[288043,34731],[-19125,585]],[[306646,36201],[-284,1182]],[[288043,34731],[1018,-1930]],[[297673,35924],[926,-1279]],[[306683,35876],[720,-4314]],[[307403,31562],[-6067,-520]],[[301336,31042],[-1763,2277]],[[299573,33319],[-776,1001]],[[349021,34374],[-41618,-2812]],[[275182,91848],[-9695,-11453]],[[340161,81916],[1776,-504]],[[345755,88732],[2521,59]],[[348276,88791],[-6123,-7128]],[[343830,81465],[6350,7397]],[[350180,88862],[1776,-214]],[[351956,88648],[-3501,-4114]],[[348455,84534],[-2795,-3285]],[[348455,84534],[2382,-528]],[[350837,84006],[2896,-642]],[[357902,81117],[-805,-3507]],[[357097,77610],[-4974,1919]],[[310657,90502],[3471,-1015]],[[350180,88862],[62,72]],[[351989,88686],[-33,-38]],[[348510,89064],[89,104]],[[350180,88862],[-1670,202]],[[351956,88648],[2046,-247]],[[354660,88283],[-1930,-2159]],[[352730,86124],[-1893,-2118]],[[354600,85593],[-1870,531]],[[342204,67442],[994,-22],[16587,-6147],[-508,-174]],[[359277,61099],[-17073,6343]],[[337635,67540],[4569,-98]],[[359277,61099],[-3748,-1286]],[[290683,29825],[8890,3494]],[[301336,31042],[437,-565],[-4377,-791],[-2194,-720],[-1834,-59],[-1962,-1155],[-2881,-711],[-2544,-1455],[-2409,-844],[-2093,-545],[-7261,-2279]],[[274218,21918],[-677,1380]],[[316921,45469],[3929,-136]],[[347734,91682],[-2518,-192]],[[345216,91490],[51,359]],[[345267,91849],[210,1497],[1915,-103]],[[347392,93243],[124,-564]],[[347516,92679],[218,-997]],[[345028,90152],[8931,-948]],[[353959,89204],[72,-438]],[[346213,89864],[-1202,169],[17,119]],[[352068,91546],[1479,145]],[[353547,91691],[292,-1761]],[[353839,89930],[-1771,1616]],[[347516,92679],[2913,-197],[3034,-285]],[[353463,92197],[84,-506]],[[352068,91546],[-4213,-415]],[[347855,91131],[-121,551]],[[345028,90152],[16,110]],[[345044,90262],[84,601]],[[345128,90863],[2727,268]],[[353839,89930],[120,-726]],[[345128,90863],[88,627]],[[347392,93243],[5950,-320],[96,-578],[25,-148]],[[345044,90262],[-2325,336],[224,1387],[2324,-136]],[[348510,89064],[-234,-273]],[[358946,77309],[1145,-186],[-562,-805]],[[158690,682628],[-14124,-1830]],[[129587,705374],[15198,4058],[3691,985],[11190,3075],[-6844,-10843],[536,-10490],[1900,-3430],[3432,-6101]],[[121709,721430],[11344,3886],[7143,2422],[963,-1291],[-18403,-6379],[-1047,1362]],[[158690,682628],[4042,-2844],[5553,-3943],[4369,-3085],[716,-4169],[-8070,1463],[-5446,977],[-10821,1948]],[[149124,672576],[24354,-4369],[131,-606],[-6517,-12050]],[[167092,655551],[-17094,3768]],[[149998,659319],[-3970,10535],[-1607,1040],[2699,965]],[[167092,655551],[2111,-5281],[10171,-8368]],[[179374,641902],[-42349,-512]],[[137025,641390],[3236,6165],[-2160,3716],[-9595,-473],[-1470,2759],[1803,2917],[17409,-234],[3750,3079]],[[179374,641902],[195,-228],[543,-2093],[867,-3961],[569,-2778]],[[181548,632842],[-33844,-4671]],[[147704,628171],[-4119,4023],[-5399,5194],[-1161,4002]],[[100912,238539],[-12581,4099]],[[88331,242638],[-24982,8163],[-20146,-21905]],[[43203,228896],[-20311,-22084],[24954,-8218]],[[47846,198594],[12416,-4088]],[[78098,188683],[9140,-2913]],[[87238,185770],[-3879,0],[-61249,20199],[-5781,-6231],[-1554,280],[5885,6400],[-8583,2868],[-320,1237],[9748,-3204],[40321,43990],[-12064,3913],[950,880],[11972,-3880],[1498,-481],[37582,-12280],[-524,-567],[-328,-355]],[[68352,220942],[19979,21696]],[[100912,238539],[-24207,-26162]],[[47846,198594],[20506,22348]],[[43203,228896],[25149,-7954]],[[95546,183122],[-8308,2648]],[[61247,141059],[1619,1753]],[[62866,142812],[1916,291],[3368,-3247],[7999,2784],[7583,-3618],[2734,1040],[5173,2031],[6500,-2125],[3643,1836],[5886,8361],[9543,3504],[3409,3184],[-231,2800],[-298,2922],[1961,5562],[3724,2621],[6565,4751],[-2647,2911],[-6827,76],[-4062,1484],[-3246,-745],[-8290,-49],[-2569,-6775],[-8645,-2897],[-1782,-3468],[-3579,-748],[-3718,17],[-2164,-461],[-1548,48]],[[83264,164902],[788,854]],[[84052,165756],[517,-77],[1984,729],[4108,17],[2475,788],[674,2882],[9410,3157],[2248,5657],[-4101,856],[-3084,1402]],[[98283,181167],[728,855]],[[146963,175005],[0,-1422]],[[137529,173689],[-2923,34],[-455,-298]],[[82205,131907],[2310,2581],[3960,1696],[2890,1295],[5454,1075],[-5160,1773],[-7819,-3084],[-7958,3663],[-8446,-2713],[-3189,3437],[-3000,-571]],[[56711,136089],[4536,4970]],[[82205,131907],[-3303,-620]],[[78902,131287],[-19367,4137],[-2824,665]],[[84052,165756],[14231,15411]],[[62866,142812],[20398,22090]],[[56711,136089],[-152,-3477]],[[56559,132612],[-2828,321]],[[53731,132933],[2980,3156]],[[39333,117214],[8070,-1269],[8378,536]],[[55781,116481],[-1451,-26801],[11040,-5880]],[[65370,83800],[3468,-1847]],[[7771,65861],[-7771,8247],[24330,26664],[15003,16442]],[[53037,132179],[3488,-354]],[[56525,131825],[-112,-2560]],[[56351,127844],[-522,-10412]],[[55829,117432],[-7637,-489],[-8142,1054]],[[40050,117997],[5581,6131],[7406,8051]],[[78759,130059],[143,1228]],[[53037,132179],[694,754]],[[39333,117214],[717,783]],[[55829,117432],[-48,-951]],[[77892,127401],[398,1715]],[[93201,133934],[1494,-1411]],[[94695,132523],[-2199,-590],[-2885,-936],[-4235,-1952]],[[78489,127208],[-597,193]],[[77892,127401],[-87,-376]],[[94695,132523],[798,-753]],[[109995,135683],[5114,2542],[2548,1058],[1935,1015],[1517,1195],[659,709],[795,960],[3239,2090],[2986,629]],[[77551,126216],[-8237,-27860]],[[69121,97738],[-3751,-13938]],[[101947,125742],[-5005,-6873]],[[96656,118482],[-13295,-17710],[-3793,-4650]],[[94695,132523],[1981,441],[1667,331],[5653,1566],[2339,786],[2754,1142],[1302,873],[4335,1617],[2619,1210],[1888,1371],[1742,2029],[3012,2356],[2951,660],[432,284]],[[68838,81953],[9945,13121]],[[91677,50593],[-2944,-2234],[-1155,-2788],[-4288,-2110],[3257,2446],[820,2692],[2317,1796]],[[78084,79710],[4415,-18955]],[[82499,60755],[-15850,-1549]],[[66649,59206],[-3169,17135]],[[92294,82966],[128,-243],[4312,-18520]],[[95704,62044],[-13205,-1289]],[[69568,49375],[-2109,5667],[-262,1238],[-548,2926]],[[99764,51299],[3598,-14595]],[[103362,36704],[2530,-10502]],[[78030,23788],[-3152,7853],[-2334,9479],[-2726,7582]],[[131220,39442],[-27858,-2738]],[[330920,92252],[325,367]],[[274218,21918],[148,-303]],[[231793,265754],[-6906,-7596]],[[224887,258158],[-415,-457]],[[224472,257701],[-2671,-2836]],[[207933,255361],[-5905,211],[-698,25],[6854,6295]],[[208184,261892],[7421,-2787],[3852,3655],[-7303,2777]],[[212154,265537],[1618,1486]],[[967140,949104],[1182,-3525]],[[968322,945579],[-1445,3783]],[[966877,949362],[-387,1012]],[[966490,950374],[249,-229]],[[966877,949362],[-674,-84],[-1211,1806],[-390,1059]],[[964602,952143],[134,-125],[114,-107]],[[964850,951911],[1239,-1161],[401,-376]],[[942920,954019],[2630,-570],[328,384],[-2615,734]],[[943263,954567],[923,1415],[-287,755]],[[943899,956737],[383,403]],[[944282,957140],[981,496],[501,670]],[[945764,958306],[1843,307],[5091,-164]],[[954640,958264],[1379,-234],[3396,-1022]],[[959415,957008],[591,-581],[4244,-3956],[352,-328]],[[941499,954327],[439,612]],[[941938,954939],[451,-126]],[[942389,954813],[874,-246]],[[941972,954224],[-473,103]],[[964135,953317],[715,-1406]],[[964602,952143],[-467,1174]],[[965704,952167],[786,-1793]],[[964135,953317],[-47,328]],[[400118,706363],[636,-941]],[[400754,705422],[-1032,-313],[-958,-262],[-219,-48],[-1072,-251]],[[397473,704548],[448,1190]],[[397921,705738],[244,51],[323,75],[565,151],[1065,348]],[[397921,705738],[559,1480],[-1407,4134],[1534,2427],[-5662,2781],[2859,1769],[660,314]],[[396464,718643],[3427,-85],[-1040,-10321],[1267,-1874]],[[400754,705422],[9552,-14130]],[[410306,691292],[-440,-228]],[[409866,691064],[-5508,5525],[-67,2096],[-2047,2877],[-4854,2768],[83,218]],[[387392,716226],[2952,855],[907,304],[5213,1258]],[[409866,691064],[-1351,-558]],[[344804,653344],[-322,36]],[[446680,299460],[2029,-675],[-450,-616],[1565,-3994],[-6090,517],[-4889,-6953],[-1073,-1594],[9020,-10],[7445,94],[-636,-1567],[-813,72],[-69,4],[-4923,264],[-1004,-36],[-3902,-130],[-362,-535]],[[485022,333565],[-1201,582],[330,228]],[[701289,473437],[529,371]],[[701818,473808],[140,-293]],[[701958,473515],[-924,-660]],[[701034,472855],[-742,-234],[-171,-417]],[[700121,472204],[-260,-186]],[[701034,472855],[-913,-651]],[[523773,361523],[1522,-924]],[[525295,360599],[-4762,-2964],[328,-125]],[[526208,360045],[503,-306]],[[526711,359739],[-3993,-2908]],[[525295,360599],[913,-554]],[[527984,360245],[162,-77]],[[528146,360168],[-999,-704]],[[527147,359464],[-186,118]],[[526961,359582],[1023,663]],[[528146,360168],[43,-21]],[[526208,360045],[982,580],[794,-380]],[[526961,359582],[-250,157]],[[527984,360245],[3647,2364]],[[523773,361523],[52,25]],[[522718,356831],[4243,2751]],[[704674,472516],[1080,-1151]],[[705754,471365],[-89,-61]],[[705665,471304],[-1503,802],[-402,165],[-263,-179],[-297,149]],[[703200,472241],[1026,497]],[[704226,472738],[448,-222]],[[705665,471304],[-2001,-1358]],[[703664,469946],[-928,1941]],[[702736,471887],[-50,105]],[[702686,471992],[514,249]],[[704003,473232],[154,-164]],[[704157,473068],[-117,-160],[-67,-30]],[[703973,472878],[-1413,-622]],[[702560,472256],[1443,976]],[[702560,472256],[-602,1259]],[[701958,473515],[1065,760]],[[703023,474275],[852,-907],[128,-136]],[[706638,471965],[-884,-600]],[[704674,472516],[-118,126],[-361,385],[-38,41]],[[703023,474275],[-2980,3175]],[[668942,493696],[-516,1019],[-418,828],[-2136,4218],[-2399,4738],[-2136,4220],[-1253,2474],[-391,771],[-6529,12931],[-386,866],[-15062,8784],[-9711,15256],[5688,1067]],[[702560,472256],[-1321,-989]],[[702560,472256],[126,-264]],[[702736,471887],[-1497,-620]],[[709443,476988],[-156,-445],[-1748,-926]],[[705819,474378],[1057,-512]],[[706876,473866],[-393,-235]],[[707094,473996],[219,131]],[[707531,473838],[-437,158]],[[706876,473866],[218,130]],[[609373,633537],[721,144]],[[610094,633681],[-609,-350]],[[609485,633331],[-112,206]],[[620175,613811],[-209,172],[-1843,3418],[-7839,14457]],[[610284,631858],[5119,2885]],[[615403,634743],[14654,2931]],[[610094,633681],[5309,1062]],[[610284,631858],[-799,1473]],[[599176,674259],[-152,385],[19099,981]],[[702784,683289],[-73171,-7368],[2190,-15304]],[[690798,647481],[103,-45],[40361,5995],[224,-227]],[[731486,653204],[-224,227],[-15783,17778],[707,57]],[[793599,591246],[-9970,1388],[-13597,-1736],[-11752,3752],[-1483,-1948],[-91,-3519]],[[791458,587511],[7111,564]],[[798569,588075],[1005,-432]],[[764370,581666],[-605,-378]],[[763765,581288],[-6091,1188],[-14080,-2398]],[[720311,576163],[-4936,-830]],[[711311,582500],[99,336]],[[699322,580244],[-640,-118]],[[715634,570886],[74,-521]],[[655218,564903],[-750,-6],[-5457,9834],[-466,957],[885,7248]],[[666991,598450],[782,0]],[[609373,633537],[145,397]],[[349021,34374],[-13123,-3087]],[[194197,253365],[-1,1076],[1646,-419],[2645,1434],[1856,-380],[-4052,-2226],[2518,-11042],[-638,-126],[-1222,215],[-71,353],[1327,-182],[-2538,10947],[-1470,350]],[[923637,937085],[-310,88],[1126,1228]],[[956806,928739],[1451,-2255]],[[963695,922900],[-4040,857],[-3352,5157],[503,-175]],[[956806,928739],[5946,-2072]],[[962752,926667],[4594,-1620]],[[598469,413571],[86,-48]],[[598555,413523],[-2832,-2538],[-530,-886]],[[595193,410099],[-501,-657]],[[594692,409442],[-58,24]],[[594634,409466],[1082,2717],[2169,1773]],[[594634,409466],[-107,44]],[[591608,410705],[1017,1056],[3459,3382]],[[589636,403393],[-535,-730],[-334,-1283]],[[588767,401380],[-582,56],[-3802,-5276]],[[584383,396160],[-1336,-1857]],[[583047,394303],[-1752,-2421]],[[581295,391882],[-1611,-1033]],[[579684,390849],[-3272,1536],[-2768,-1934],[-6496,-1320],[-8747,-4529],[2739,-3092]],[[561140,381510],[-1541,-562]],[[559599,380948],[-3250,5198]],[[527193,419093],[110,98],[6487,2898],[4904,2150],[-7759,7085],[13254,5161],[7318,-6046],[1059,-794]],[[552566,429645],[7281,-6105],[9172,-7722]],[[587040,408353],[1575,-636]],[[579684,390849],[-4245,-2725]],[[575439,388124],[-2401,-1179],[-7543,-3846],[-4355,-1589]],[[575439,388124],[-4428,-2689],[-4419,-2183],[-6993,-2304]],[[575439,388124],[-482,-835],[-1148,-563],[-7141,-3689],[-976,-276],[-5978,-1998]],[[559714,380763],[-115,185]],[[581295,391882],[-1019,-1407]],[[580276,390475],[-4069,-2623],[-768,272]],[[552566,429645],[12617,11118],[1480,1357],[190,-242]],[[589090,432940],[179,-79]],[[589269,432861],[-7985,-7144]],[[589830,402492],[-1063,-1112]],[[190884,621118],[-1088,-152],[-19359,-2707],[-13431,-1858],[-7197,3695],[-2147,2969],[42,5106]],[[181548,632842],[8248,-10358],[1088,-1366]],[[173113,673018],[1040,-5009],[-23,-664],[-2071,-3836],[-2280,-4246],[-2072,-3804],[1255,-3001],[772,-1990],[10435,-8561],[276,-1225],[364,-747],[847,-4141],[528,-2997],[6024,-7554],[1588,-2448],[1088,-1677]],[[127079,704686],[-375,291]],[[191070,733795],[576,-73]],[[209536,718673],[1381,-2418]],[[218090,705282],[-488,-749]],[[425474,724202],[-561,2724]],[[424913,726926],[-237,1151]],[[424676,728077],[-1390,6748],[-20194,912]],[[424913,726926],[-904,-448],[-978,-845],[-2211,-2802]],[[420820,722831],[-271,63],[-461,-742],[-150,-790],[-262,-3557]],[[419676,717805],[-74,-516],[-92,-506],[-295,-1407],[-406,-849],[-591,-802]],[[418218,713725],[-3110,-2827],[-2624,-1633],[-3534,-857],[-6389,-839],[-1412,-319],[-825,-299]],[[400324,706951],[-409,627]],[[399915,707578],[718,258],[1697,385],[6348,847],[3151,758],[2327,1440],[3100,2822],[498,670],[332,704]],[[418086,715462],[306,1409],[97,482],[76,482],[262,3553]],[[418827,721388],[185,923],[516,869],[2255,2810],[-259,77],[1210,1076],[1723,843],[219,91]],[[977003,938363],[1137,240]],[[978140,938603],[717,131],[1611,-1287],[-1266,-380]],[[979202,937067],[-576,-173]],[[617597,430178],[1947,-2322]],[[619544,427856],[-776,-422],[-595,63],[-138,-437],[-2011,-1040],[-4743,-2546],[-573,-120]],[[610708,423354],[-1271,820]],[[609437,424174],[8160,6004]],[[619544,427856],[443,-528]],[[619987,427328],[-8449,-4510]],[[611538,422818],[-830,536]],[[242706,716536],[55397,-12339]],[[298103,704197],[-18840,-8440],[-36145,-16193],[-32557,-2952],[4012,6814],[-697,9834],[7100,2106],[280,391],[6954,9717],[-2323,2845],[6123,5534],[10696,2683]],[[376797,705423],[-706,509],[-15048,11081],[-1015,1331],[-1471,1088],[-4917,1143],[-1835,119],[-1764,-170],[-13866,-3170],[71,-178],[-3065,-927],[-1853,-753],[-3751,-1624],[-1985,-754],[-3097,-870],[-15449,-3745],[-2094,-728],[-1309,-909],[-753,-1046],[-407,-3220]],[[302483,702600],[-1067,866],[-3313,731]],[[242706,716536],[6619,11494]],[[249325,728030],[10635,1235],[20833,-2304],[14306,-4511],[2521,-832],[33736,9165],[26143,16861],[8181,1381],[2061,117],[10089,734],[-1671,-15675],[5296,-10773],[4835,-6462],[-6279,-4357],[-2685,-4965],[-529,-2221]],[[249325,728030],[382,465]],[[357276,748001],[8106,1334]],[[371821,690608],[-682,-138]],[[371139,690470],[2543,5287],[1612,3349],[1017,4272]],[[376311,703378],[486,2045]],[[253448,750869],[-515,102],[3559,5493],[15765,5038],[25107,-5992],[19609,-1476],[-959,-256]],[[375196,704283],[-7774,5918]],[[367422,710201],[442,262],[7561,-5355],[537,-502],[-766,-323]],[[371139,690470],[-54499,-4698],[412,1195],[-4532,2625],[-3533,6165],[-1675,2922],[-3811,3095]],[[303501,701774],[532,3854],[549,1001],[1065,500],[2277,838],[16581,4074],[3812,1317]],[[328317,713358],[6572,2627]],[[334889,715985],[194,64],[1536,480],[13949,3235],[171,-227],[1008,159],[1430,-57],[2363,-522],[-19,-170],[1848,-420],[1068,-920],[915,-1272],[8070,-6134]],[[375196,704283],[640,-603],[475,-302]],[[328317,713358],[4231,1851],[2341,776]],[[303501,701774],[-1018,826]],[[339413,324512],[2358,-1215]],[[316482,247024],[-1227,-838],[-167,151],[-263,711],[-552,539],[-1339,407],[-1186,306],[-1330,410],[-1412,75],[-938,138],[-604,-1],[-774,139],[-2517,602],[-2411,692],[-1950,87],[-1144,-135],[-1328,311],[-1380,98],[-693,239],[-919,487],[-775,278],[-804,333],[-1117,193],[-1573,-16],[-912,251],[-665,309],[-913,243],[-974,12],[-1485,-155],[-420,131],[-200,309],[43,418],[134,1218],[-775,974],[-1232,454],[-233,506],[-232,1323],[-316,991],[-90,1438],[-347,926],[-948,823],[-1662,257],[-1504,-20],[-509,-48],[-658,-159],[-1112,-98],[-1238,-263],[-1003,86],[-1255,-40],[-1027,-33],[-1089,-136],[-3599,678],[-1564,853],[-12392,-2297],[-3461,-1341]],[[248441,259840],[-2225,1571],[-5092,1985],[-13517,-3320],[-1978,-1961],[-742,43]],[[223604,276104],[-49152,25310],[43969,6475],[44279,18194],[30438,6222],[16859,3402],[4379,881],[1060,163]],[[642750,441977],[-5840,-3587]],[[636910,438390],[-1054,524]],[[635856,438914],[5872,3626]],[[641728,442540],[135,-75],[887,-488]],[[676199,458655],[-1702,-701]],[[693802,467544],[1306,574]],[[697029,467271],[-47,-19],[-2005,-835]],[[706793,471037],[-155,928]],[[664600,454253],[5173,2614]],[[669773,456867],[-4279,-2356],[-181,-677],[-1691,-433],[-2490,-1527],[-3210,-2005],[-1575,-954]],[[656347,448915],[-284,212]],[[656063,449127],[8418,5053],[119,73]],[[670213,456189],[-12624,-8199]],[[657589,447990],[-1242,925]],[[639886,443553],[1232,-678]],[[641118,442875],[-190,-109],[-3396,-1984],[-2099,-1658]],[[635433,439124],[-122,61],[-1989,987]],[[633322,440172],[6564,3381]],[[669773,456867],[-3220,-1418],[-1953,-1196]],[[664600,454253],[-1766,-870],[-2344,-1381],[-4671,-2693]],[[655819,449309],[-844,630]],[[654975,449939],[10528,6228],[3682,1608]],[[669185,457775],[295,-455]],[[656063,449127],[-244,182]],[[668992,458074],[6349,2915]],[[669185,457775],[-86,133]],[[669099,457908],[-107,166]],[[636910,438390],[-8,-4],[-5582,-3203]],[[631320,435183],[-1083,444]],[[630237,435627],[-127,52]],[[630110,435679],[5746,3235]],[[656960,451306],[-1926,-1142],[-213,-111]],[[654821,450053],[-164,123]],[[654657,450176],[849,448],[1454,682]],[[663775,455344],[-682,-405]],[[663093,454939],[-198,129],[701,402],[179,-126]],[[654975,449939],[-154,114]],[[656960,451306],[6133,3633]],[[663775,455344],[1585,939],[3550,1542]],[[668910,457825],[189,83]],[[619987,427328],[216,-250]],[[620203,427078],[-8423,-4416]],[[611780,422662],[-92,59],[-150,97]],[[620203,427078],[55,-64]],[[620258,427014],[-8402,-4401]],[[611856,422613],[-76,49]],[[623083,428508],[-1110,-663],[-1770,-767]],[[619987,427328],[2106,1083],[585,301]],[[622678,428712],[380,-191],[25,-13]],[[629641,432373],[-269,-182]],[[629372,432191],[-312,22]],[[629060,432213],[-566,41]],[[628494,432254],[-1328,96]],[[627166,432350],[-438,31],[-147,11]],[[626581,432392],[457,1003]],[[627038,433395],[1078,-358],[1525,-664]],[[628793,433729],[1836,-689]],[[630629,433040],[-988,-667]],[[627038,433395],[118,319]],[[627156,433714],[1571,-23],[66,38]],[[636125,437176],[424,182]],[[636549,437358],[-1249,-967]],[[635300,436391],[-954,-530]],[[634346,435861],[-1169,-1101]],[[633177,434760],[-2548,-1720]],[[628793,433729],[2527,1454]],[[631320,435183],[88,-36],[2110,908]],[[633518,436055],[2607,1121]],[[636910,438390],[271,-134]],[[637181,438256],[21,-11]],[[637202,438245],[-3684,-2190]],[[674282,461752],[675,-487]],[[674957,461265],[-3156,-1617],[-221,154],[-2726,-1515]],[[668854,458287],[-5411,8356]],[[668992,458074],[-138,213]],[[668910,457825],[-352,320],[296,142]],[[653773,450835],[-6972,-3656]],[[646801,447179],[-2837,1966]],[[643964,449145],[51,26],[5894,3031]],[[649909,452202],[1202,618],[2634,-1964],[28,-21]],[[646801,447179],[-6915,-3626]],[[639886,443553],[-3273,1802]],[[636613,445355],[7351,3790]],[[641554,442635],[174,-95]],[[635856,438914],[-168,83]],[[635688,438997],[5866,3638]],[[642750,441977],[323,-178]],[[643073,441799],[-5892,-3543]],[[635688,438997],[-10,5]],[[635678,439002],[-245,122]],[[641118,442875],[324,-178],[112,-62]],[[649428,452463],[481,-261]],[[636613,445355],[-370,251]],[[654657,450176],[-884,659]],[[648243,446179],[879,-608]],[[649122,445571],[-1083,-585],[65,-44]],[[648104,444942],[-5354,-2965]],[[641728,442540],[6515,3639]],[[655819,449309],[-1938,-1167],[-4759,-2571]],[[648243,446179],[6732,3760]],[[656386,447402],[-962,-470]],[[655424,446932],[-1018,838],[1051,363],[929,-731]],[[706793,471037],[-1701,-1166]],[[658283,447480],[-2388,-1205]],[[644970,440868],[-198,-105],[-6022,-3187],[-1936,-1255]],[[635494,436325],[2363,1595]],[[637857,437920],[6078,3406]],[[643935,441326],[6640,3238]],[[650575,444564],[42,20],[4698,2295],[109,53]],[[656386,447402],[79,39],[1124,549]],[[649174,445534],[733,-508]],[[649907,445026],[-2170,-1204],[-1098,-577],[7,-433],[-475,-248],[-723,57],[-1711,-904],[-254,-143]],[[643483,441574],[-70,38],[-340,187]],[[643073,441799],[1402,853],[3629,2290]],[[648104,444942],[1070,592]],[[649907,445026],[668,-462]],[[643935,441326],[-29,16],[-423,232]],[[646801,447179],[1101,-763]],[[647902,446416],[-2261,-1116],[-4523,-2425]],[[647902,446416],[184,-128]],[[648086,446288],[-6532,-3653]],[[648086,446288],[157,-109]],[[637202,438245],[322,-160]],[[637524,438085],[-975,-727]],[[636125,437176],[1077,1069]],[[637524,438085],[333,-165]],[[637857,437920],[-1308,-562]],[[635494,436325],[-194,66]],[[637524,438085],[1138,821],[4821,2668]],[[649907,445026],[1436,767],[3081,1600],[-360,239],[2283,1283]],[[649122,445571],[52,-37]],[[656063,449127],[-6889,-3593]],[[654657,450176],[-2063,-1126],[-3330,-1961],[-1362,-673]],[[654821,450053],[-6735,-3765]],[[539951,366361],[-3088,-2103]],[[536863,364258],[-264,-180]],[[536599,364078],[-1541,-1049]],[[535058,363029],[-1477,-181]],[[539278,366744],[325,-185],[51,-29]],[[539654,366530],[89,-51],[208,-118]],[[541643,368984],[505,-316]],[[542148,368668],[-2870,-1924]],[[539951,366361],[1160,752]],[[541111,367113],[-1022,-831]],[[540089,366282],[-20,11],[-118,68]],[[549450,373562],[183,-44]],[[549633,373518],[-1017,-716],[-2363,-2354]],[[546253,370448],[-5142,-3335]],[[541111,367113],[4434,3609]],[[545545,370722],[1550,1261]],[[547095,371983],[2355,1579]],[[542148,368668],[4947,3315]],[[545545,370722],[-5585,-3982],[-306,-210]],[[546253,370448],[-1136,-1132],[-4466,-3354]],[[540651,365962],[-562,320]],[[548791,373727],[322,-83]],[[549113,373644],[-2018,-1661]],[[549113,373644],[337,-82]],[[937543,948793],[256,-42]],[[937799,948751],[-2431,-3131]],[[935368,945620],[1551,2263],[624,910]],[[945764,958306],[-306,-51],[-693,-606],[-483,-509]],[[943899,956737],[-1058,-917]],[[942841,955820],[-363,-314],[-540,-567]],[[941499,954327],[-1150,-1601],[-2550,-3975]],[[939269,954807],[-195,-293]],[[939074,954514],[-1160,-336]],[[929297,950462],[-281,56]],[[939074,954514],[-3500,-5256]],[[937909,948733],[-110,18]],[[942841,955820],[-452,-1007]],[[635212,435283],[-13383,-8672],[-3706,-1799],[-4950,-2404]],[[613173,422408],[1622,936],[2851,1490],[203,-127],[1526,791],[-218,142],[4508,2315],[3231,2119],[-4702,-2581]],[[622194,427493],[5517,3638]],[[627711,431131],[1121,715]],[[628832,431846],[540,345]],[[630629,433040],[493,-188],[69,54],[1986,1854]],[[633177,434760],[1401,946]],[[613173,422408],[-529,-250]],[[612644,422158],[-1220,-528]],[[611424,421630],[10266,5530]],[[621690,427160],[504,333]],[[621690,427160],[-1095,-537]],[[620595,426623],[-337,391]],[[623083,428508],[746,446],[676,384],[1373,1164],[1288,1848]],[[628494,432254],[-783,-1123]],[[629060,432213],[-228,-367]],[[634346,435861],[232,-155]],[[611538,422818],[-3922,-1843]],[[607002,421323],[1627,1022],[1582,899],[497,110]],[[605267,422306],[4170,1868]],[[607616,420975],[188,-106]],[[607804,420869],[-2541,-1736]],[[611424,421630],[-2686,-1164],[-4761,-3809],[-4632,-3557],[-702,-1055],[-2239,-3090],[-3952,-5427],[-6199,-8509],[-3364,-4508],[-1129,-675]],[[581760,389836],[-2845,-1700]],[[578915,388136],[-1160,-517]],[[577755,387619],[-3096,-1478],[-5768,-2795],[-7539,-3678]],[[561352,379668],[-2512,-865]],[[558840,378803],[685,436]],[[559525,379239],[659,419]],[[560184,379658],[441,234]],[[560625,379892],[8447,4152],[9474,4558],[3758,2237]],[[582304,390839],[2111,2875]],[[584415,393714],[1566,2135]],[[585981,395849],[3904,5398]],[[589885,401247],[389,613]],[[593352,406093],[2172,3008]],[[595524,409101],[2404,3299],[111,152]],[[598039,412552],[246,337],[454,532]],[[598739,413421],[3889,3082]],[[602628,416503],[5078,4046]],[[607706,420549],[275,220]],[[607981,420769],[4094,1703]],[[612075,422472],[8520,4151]],[[597423,410411],[673,910],[-161,-129],[-526,-777],[14,-4]],[[559799,378693],[-3229,-2148],[-3059,-1912],[-2576,-1732],[-9046,-7420],[-9542,-4940],[-4075,-2049],[-3863,-2726],[-25226,-17804],[-8152,-6290],[-2259,-2386],[-10175,-10239],[-4244,-819],[-324,567]],[[474955,318972],[711,138]],[[475666,319110],[2474,421],[6190,6320]],[[485607,327155],[4721,4820]],[[519989,353510],[1959,1406]],[[527919,358976],[8084,4169]],[[536003,363145],[1188,618]],[[537191,363763],[304,157]],[[537495,363920],[3524,1832]],[[541019,365752],[8370,6730]],[[549389,372482],[1045,840]],[[550434,373322],[158,281]],[[550592,373603],[2315,1426],[2041,1298]],[[554948,376327],[181,-113],[3137,1971],[1533,508]],[[554948,376327],[3892,2476]],[[561352,379668],[756,260],[-1398,-687],[-799,-511],[-112,-37]],[[475666,319110],[2393,1643]],[[490328,331975],[-3471,-1635]],[[536599,364078],[592,-315]],[[536003,363145],[-945,-116]],[[536863,364258],[632,-338]],[[540651,365962],[368,-210]],[[546253,370448],[3136,2034]],[[549633,373518],[801,-196]],[[556047,377922],[2007,723],[786,158]],[[550592,373603],[-647,513]],[[549945,374116],[6102,3806]],[[580276,390475],[2028,364]],[[560625,379892],[-575,334],[-336,537]],[[578915,388136],[-952,-840]],[[577963,387296],[-208,323]],[[581760,389836],[585,-258],[-4063,-2777],[-319,495]],[[594692,409442],[832,-341]],[[605263,419133],[-2635,-2630]],[[598739,413421],[-184,102]],[[595193,410099],[2846,2453]],[[607804,420869],[177,-100]],[[607706,420549],[-2443,-1416]],[[611856,422613],[219,-141]],[[613173,422408],[-386,-187],[-143,-63]],[[559714,380763],[-524,-171]],[[559190,380592],[-3413,5408],[-4343,2943]],[[559190,380592],[-1429,-467],[-5128,-2702]],[[552633,377423],[-2808,-1061],[-1799,-724],[990,-785]],[[549016,374853],[433,-343]],[[549449,374510],[281,-223]],[[549730,374287],[215,-171]],[[464070,343717],[-7435,-1168]],[[442002,355766],[-14681,0],[-23361,22592],[-5045,4930],[5045,2150],[46000,19605],[16158,6980]],[[559190,380592],[322,-510]],[[559512,380082],[-2511,-1012],[-2719,-1025]],[[554282,378045],[-1649,-622]],[[549730,374287],[3909,2559],[-285,132],[1787,1071],[2357,778]],[[557498,378827],[-1451,-905]],[[554282,378045],[-896,-846],[-3937,-2689]],[[549016,374853],[3617,2570]],[[418827,721388],[-741,-5926]],[[399915,707578],[-473,724],[2449,23640]],[[418218,713725],[-2895,-2905],[-1220,-873],[-1228,-632],[-1393,-516],[-4720,-907],[-3541,-523]],[[400542,706617],[-184,282],[-34,52]],[[419676,717805],[1144,5026]],[[557498,378827],[2014,1255]],[[559512,380082],[672,-424]],[[559525,379239],[-2027,-412]],[[626581,432392],[-512,-585],[-8,-10]],[[626061,431797],[-4141,-2689],[-2376,-1252]],[[617597,430178],[-830,1053],[-100,126],[1456,1059]],[[618123,432416],[3272,-242],[2021,446]],[[623416,432620],[2788,-201],[377,-27]],[[618123,432416],[732,533],[4561,-329]],[[622678,428712],[201,104],[1233,723],[761,879],[1188,1379]],[[208184,261892],[3970,3645]],[[704226,472738],[-253,140]],[[486223,330689],[-20569,11355],[-1996,1065],[412,608]],[[580276,390475],[2175,1324],[1560,2089]],[[584011,393888],[404,-174]],[[581295,391882],[2355,2161]],[[583650,394043],[361,-155]],[[584383,396160],[1009,-197]],[[585392,395963],[-1169,-910],[-851,-890]],[[583372,394163],[-325,140]],[[585392,395963],[589,-114]],[[583650,394043],[-136,59]],[[583514,394102],[-142,61]],[[583514,394102],[-2219,-2220]],[[589348,401311],[537,-64]],[[585392,395963],[607,516],[960,1781],[1919,2616],[130,475]],[[589008,401351],[340,-40]],[[588767,401380],[241,-29]],[[589348,401311],[658,931]],[[993642,912176],[3136,-6895]],[[996778,905281],[-1398,-297]],[[995380,904984],[-455,605],[-701,1176],[-1532,2276],[-791,851]],[[991901,909892],[-749,1146]],[[991152,911038],[-305,468]],[[995380,904984],[-131,-28]],[[995249,904956],[-106,-22]],[[995143,904934],[-3242,4958]],[[995143,904934],[-1019,-226],[-2972,6330]],[[996778,905281],[1127,-3576]],[[997905,901705],[-2525,3279]],[[997905,901705],[352,-1116]],[[998257,900589],[-1332,1797]],[[996925,902386],[-1676,2570]],[[979202,937067],[117,-197]],[[981106,934159],[11,-262]],[[987645,924251],[563,63]],[[988208,924314],[5819,-11593],[3102,-7036],[709,-1754],[2161,-6451],[-969,-2228],[-7878,-18803],[-842,-1896],[-1550,-2983],[-3003,-5818],[-516,0]],[[990651,876911],[6892,16328]],[[997543,893239],[1849,4379]],[[999392,897618],[-180,410]],[[999212,898028],[-804,2084]],[[998408,900112],[-151,477]],[[998408,900112],[-1483,2274]],[[982978,909728],[616,262]],[[988779,910990],[2401,-3527]],[[991180,907463],[-706,-248]],[[990474,907215],[-1529,-538],[-4112,2143],[-1855,908]],[[997853,897758],[1259,-103]],[[999112,897655],[-613,-1265],[-1789,-3607],[-711,-1451]],[[995999,891332],[-1376,-2808]],[[994623,888524],[-920,-1860],[-1891,-3890],[-2286,-4736],[-562,-2033]],[[988964,876005],[-1442,128]],[[987522,876133],[784,2651],[832,2276]],[[989138,881060],[2674,5540],[2278,4700],[2029,4174],[898,1833],[-112,573],[-3,12]],[[996902,897892],[951,-134]],[[989138,881060],[253,677]],[[989391,881737],[94,249],[3411,7608],[1987,4371]],[[994883,893965],[700,1540],[573,1250],[272,1187],[4,16]],[[996432,897958],[470,-66]],[[993520,894148],[1363,-183]],[[989391,881737],[-1037,-824]],[[987140,883660],[6380,10488]],[[995313,898776],[-328,246],[-11663,8735],[-1408,1491],[1064,480]],[[990474,907215],[1522,-2323],[625,-2849],[1489,-1050],[632,-445],[456,-815],[115,-957]],[[997754,898121],[-922,127]],[[996832,898248],[-143,729],[-149,758],[-5129,8097],[-973,1430]],[[990438,909262],[-960,1912]],[[995249,904956],[2483,-6754],[22,-81]],[[996832,898248],[-313,43]],[[996519,898291],[19,249],[-774,1851],[-3211,5112],[-514,733],[-752,1265]],[[991287,907501],[-435,938],[-414,823]],[[996519,898291],[-11,2],[-71,10],[-264,36],[-339,47],[-521,390]],[[991180,907463],[107,38]],[[995999,891332],[1544,1907]],[[991282,880673],[257,503],[915,2201],[2169,5147]],[[987522,876133],[-242,-790]],[[988964,876005],[-216,-812]],[[999112,897655],[100,373]],[[999392,897618],[-280,37]],[[997853,897758],[-99,363]],[[989232,911109],[1206,-1847]],[[995427,898073],[-12506,9437],[-1779,1906]],[[995313,898776],[43,-480],[71,-223]],[[996432,897958],[87,333]],[[995427,898073],[-881,-2236]],[[994546,895837],[-1026,-1689]],[[976958,865752],[-784,0],[4634,7742],[10630,17930],[1668,2780],[2321,3869]],[[995427,898073],[456,-38]],[[995883,898035],[-12,-20],[-1325,-2178]],[[995883,898035],[549,-77]],[[836720,685059],[-4433,-314],[-10178,-720],[-343,-597]],[[900691,857733],[12947,6872]],[[976622,979226],[1435,166],[2522,-7745],[-1598,-167]],[[983882,931499],[1570,530],[4092,-7495],[-1336,-220]],[[975347,946238],[2793,-7635]],[[913638,864605],[475,252]],[[968879,789953],[3654,-9198],[1421,-3698],[2384,-8316],[-639,224]],[[796534,589724],[-578,-524],[2613,-1125]],[[983126,754712],[86,-1167]],[[627696,434120],[-540,-406]],[[627156,433714],[-5162,73],[262,210]],[[622256,433997],[2355,222],[1791,58],[735,-35],[559,-122]],[[633322,440172],[-1026,-651],[-179,-114]],[[632117,439407],[-1948,834],[-595,255],[-3349,-3317],[-3969,-3182]],[[589269,432861],[9456,-5801],[19295,13703],[103,74],[12293,8730]],[[942660,712025],[-5651,2350]],[[937009,714375],[-69,3783],[3460,3957],[3737,4708],[4096,2774],[7493,3863],[4969,3358],[7324,3221],[9231,2762],[-1515,-2086],[-7335,-6835],[830,-302],[-1291,-1021],[-6798,-5154],[-1707,-907],[-4152,-2199],[-7316,-3876],[-4752,-8162],[-554,-234]],[[978089,747486],[1784,-1245],[-1432,-1874],[-2488,517],[2136,2602]],[[942660,712025],[-983,-558],[-2824,-1097],[-1845,3309],[1,696]],[[860522,713843],[432,-249],[-8999,-4564]],[[933903,706233],[67,-52]],[[933970,706181],[-3269,-4224],[-1121,-2110],[-3421,-974],[-8584,-3116],[-3214,-889],[-541,511],[1844,378],[11043,4066],[1965,490],[1058,2071],[3442,4432],[731,-583]],[[933903,706233],[1026,1223],[685,525],[648,384],[1091,480],[1183,-976],[-4189,-1989],[-377,301]],[[635433,439124],[-1279,-981]],[[634154,438143],[-1550,-873]],[[632604,437270],[-1082,577],[161,398],[-759,419]],[[630924,438664],[1193,743]],[[630110,435679],[-191,78]],[[629919,435757],[1050,592]],[[630969,436349],[1635,921]],[[634154,438143],[1524,859]],[[630924,438664],[-635,337],[-1882,-1407],[459,-212]],[[628866,437382],[-756,-472]],[[628110,436910],[-397,-247],[190,-78],[160,-66]],[[628063,436519],[1856,-762]],[[630237,435627],[-2363,-1600]],[[627874,434027],[-178,93]],[[630924,438664],[-2058,-1282]],[[627874,434027],[919,-298]],[[628866,437382],[2103,-1033]],[[628063,436519],[386,241],[-339,150]],[[397708,750402],[533,-22]],[[410603,691446],[-297,-154]],[[692745,771040],[6085,6516]],[[986257,753461],[351,-889],[-1316,-2597]],[[981728,742940],[-1309,-2583],[-1159,213]],[[382405,51892],[366,-5],[1628,-1796],[1114,-410],[2096,-746],[508,-6404],[1735,-1950],[94,-204],[1020,-1149]],[[248441,259840],[-710,-274],[-1922,1407],[-4682,1874],[-13061,-3198],[-1936,-2061],[-1658,113]]],"bbox":[-82481.21,25649.467,-76113.95,36344.922],"transform":{"scale":[0.006367266367266376,0.010695465695465693],"translate":[-82481.21,25649.467]}}