{"type":"Topology","objects":{"01212-4502-25.featurecollection":{"type":"GeometryCollection","geometries":[{"type":"Polygon","arcs":[[0,1,2]],"properties":{"市区町村名":"留萌市","大字名":"東雲町","丁目名":"２丁目","小字名":null,"地番":"118-17","精度区分":null,"座標系":"任意座標系"}},{"type":"Polygon","arcs":[[3,4,5,6]],"properties":{"市区町村名":"留萌市","大字名":"東雲町","丁目名":"１丁目","小字名":null,"地番":"42-3","精度区分":null,"座標系":"任意座標系"}},{"type":"Polygon","arcs":[[7,8,9]],"properties":{"市区町村名":"留萌市","大字名":"東雲町","丁目名":"２丁目","小字名":null,"地番":"116-74","精度区分":null,"座標系":"任意座標系"}},{"type":"Polygon","arcs":[[10,11,12,13]],"properties":{"市区町村名":"留萌市","大字名":"元川町","丁目名":"２丁目","小字名":null,"地番":"159-2","精度区分":null,"座標系":"任意座標系"}},{"type":"Polygon","arcs":[[14,15,16,17,18,19,20,21,22,23,24,25,26]],"properties":{"市区町村名":"留萌市","大字名":"緑ケ丘町","丁目名":"１丁目","小字名":null,"地番":"6-1W1","精度区分":null,"座標系":"任意座標系"}},{"type":"Polygon","arcs":[[27,28,29,30]],"properties":{"市区町村名":"留萌市","大字名":"堀川町","丁目名":"３丁目","小字名":null,"地番":"19","精度区分":null,"座標系":"任意座標系"}},{"type":"Polygon","arcs":[[31,32,33,34]],"properties":{"市区町村名":"留萌市","大字名":"東雲町","丁目名":"１丁目","小字名":null,"地番":"27","精度区分":null,"座標系":"任意座標系"}},{"type":"Polygon","arcs":[[35,36,37,38,39]],"properties":{"市区町村名":"留萌市","大字名":"南町","丁目名":"２丁目","小字名":null,"地番":"142","精度区分":null,"座標系":"任意座標系"}},{"type":"Polygon","arcs":[[40,41,-39,42]],"properties":{"市区町村名":"留萌市","大字名":"南町","丁目名":"２丁目","小字名":null,"地番":"141","精度区分":null,"座標系":"任意座標系"}},{"type":"Polygon","arcs":[[43,44,45,46]],"properties":{"市区町村名":"留萌市","大字名":"大字留萌村","丁目名":null,"小字名":"字留萌","地番":"1595-4","精度区分":null,"座標系":"任意座標系"}},{"type":"Polygon","arcs":[[47,48,49,50,51,52,53,54,55,56]],"properties":{"市区町村名":"留萌市","大字名":"東雲町","丁目名":"２丁目","小字名":null,"地番":"110-4W1","精度区分":null,"座標系":"任意座標系"}},{"type":"Polygon","arcs":[[57,58,59,60,61,62,63,64,65,66,67]],"properties":{"市区町村名":"留萌市","大字名":"東雲町","丁目名":"２丁目","小字名":null,"地番":"111W1","精度区分":null,"座標系":"任意座標系"}},{"type":"Polygon","arcs":[[68,69,70,71,72,73,74,75,76,77,78,79,80,81,82,83,84,85,86,87,88,89,90,91,92,93,94,95,96]],"properties":{"市区町村名":"留萌市","大字名":"東雲町","丁目名":"２丁目","小字名":null,"地番":"15W1","精度区分":null,"座標系":"任意座標系"}},{"type":"Polygon","arcs":[[97,98,99,-15,100]],"properties":{"市区町村名":"留萌市","大字名":"緑ケ丘町","丁目名":"１丁目","小字名":null,"地番":"6-1W2","精度区分":null,"座標系":"任意座標系"}},{"type":"Polygon","arcs":[[101,102,103,104,105,106,-98,107]],"properties":{"市区町村名":"留萌市","大字名":"緑ケ丘町","丁目名":"１丁目","小字名":null,"地番":"6-1W3","精度区分":null,"座標系":"任意座標系"}},{"type":"Polygon","arcs":[[108,109,110,111]],"properties":{"市区町村名":"留萌市","大字名":"堀川町","丁目名":"２丁目","小字名":null,"地番":"95-8","精度区分":null,"座標系":"任意座標系"}},{"type":"Polygon","arcs":[[112,113,-109,114]],"properties":{"市区町村名":"留萌市","大字名":"堀川町","丁目名":"２丁目","小字名":null,"地番":"95-13","精度区分":null,"座標系":"任意座標系"}},{"type":"Polygon","arcs":[[115,116,117]],"properties":{"市区町村名":"留萌市","大字名":"堀川町","丁目名":"２丁目","小字名":null,"地番":"95-14","精度区分":null,"座標系":"任意座標系"}},{"type":"Polygon","arcs":[[118,119,120,-116,121]],"properties":{"市区町村名":"留萌市","大字名":"堀川町","丁目名":"２丁目","小字名":null,"地番":"95-11","精度区分":null,"座標系":"任意座標系"}},{"type":"Polygon","arcs":[[122,123,124,125]],"properties":{"市区町村名":"留萌市","大字名":"大和田","丁目名":"３丁目","小字名":null,"地番":"329W1","精度区分":null,"座標系":"任意座標系"}},{"type":"Polygon","arcs":[[126,127,128,129,130,131,132,133,-126,134,135,136]],"properties":{"市区町村名":"留萌市","大字名":"大和田","丁目名":"３丁目","小字名":null,"地番":"311","精度区分":null,"座標系":"任意座標系"}},{"type":"Polygon","arcs":[[-136,137,138]],"properties":{"市区町村名":"留萌市","大字名":"大和田","丁目名":"３丁目","小字名":null,"地番":"306","精度区分":null,"座標系":"任意座標系"}},{"type":"Polygon","arcs":[[139,140,141,-139]],"properties":{"市区町村名":"留萌市","大字名":"大和田","丁目名":"３丁目","小字名":null,"地番":"302","精度区分":null,"座標系":"任意座標系"}},{"type":"Polygon","arcs":[[142,143,144]],"properties":{"市区町村名":"留萌市","大字名":"大和田","丁目名":"３丁目","小字名":null,"地番":"道-3001","精度区分":null,"座標系":"任意座標系"}},{"type":"Polygon","arcs":[[145,146,147,-134]],"properties":{"市区町村名":"留萌市","大字名":"大和田","丁目名":"３丁目","小字名":null,"地番":"322","精度区分":null,"座標系":"任意座標系"}},{"type":"Polygon","arcs":[[-148,148,149,150,151,-123]],"properties":{"市区町村名":"留萌市","大字名":"大和田","丁目名":"３丁目","小字名":null,"地番":"328","精度区分":null,"座標系":"任意座標系"}},{"type":"Polygon","arcs":[[152,153,154,155,156]],"properties":{"市区町村名":"留萌市","大字名":"大和田","丁目名":"３丁目","小字名":null,"地番":"297","精度区分":null,"座標系":"任意座標系"}},{"type":"Polygon","arcs":[[157,-137,-142,158,159,160,-154]],"properties":{"市区町村名":"留萌市","大字名":"大和田","丁目名":"３丁目","小字名":null,"地番":"300","精度区分":null,"座標系":"任意座標系"}},{"type":"Polygon","arcs":[[161,-146,-133,162]],"properties":{"市区町村名":"留萌市","大字名":"大和田","丁目名":"３丁目","小字名":null,"地番":"320","精度区分":null,"座標系":"任意座標系"}},{"type":"Polygon","arcs":[[163,164,-163,-132]],"properties":{"市区町村名":"留萌市","大字名":"大和田","丁目名":"３丁目","小字名":null,"地番":"318","精度区分":null,"座標系":"任意座標系"}},{"type":"Polygon","arcs":[[165,166,167,-130]],"properties":{"市区町村名":"留萌市","大字名":"大和田","丁目名":"３丁目","小字名":null,"地番":"316","精度区分":null,"座標系":"任意座標系"}},{"type":"Polygon","arcs":[[168,-164,-131,-168]],"properties":{"市区町村名":"留萌市","大字名":"大和田","丁目名":"３丁目","小字名":null,"地番":"317","精度区分":null,"座標系":"任意座標系"}},{"type":"Polygon","arcs":[[169,170,171,172,173]],"properties":{"市区町村名":"留萌市","大字名":"大和田","丁目名":"３丁目","小字名":null,"地番":"269","精度区分":null,"座標系":"任意座標系"}},{"type":"Polygon","arcs":[[174,175,176,-145]],"properties":{"市区町村名":"留萌市","大字名":"大和田","丁目名":"３丁目","小字名":null,"地番":"265","精度区分":null,"座標系":"任意座標系"}},{"type":"Polygon","arcs":[[-175,-144,177]],"properties":{"市区町村名":"留萌市","大字名":"大和田","丁目名":"３丁目","小字名":null,"地番":"465","精度区分":null,"座標系":"任意座標系"}},{"type":"Polygon","arcs":[[-161,178,179,-155]],"properties":{"市区町村名":"留萌市","大字名":"大和田","丁目名":"３丁目","小字名":null,"地番":"298","精度区分":null,"座標系":"任意座標系"}},{"type":"Polygon","arcs":[[180,181,182,183]],"properties":{"市区町村名":"留萌市","大字名":"大和田","丁目名":"３丁目","小字名":null,"地番":"284","精度区分":null,"座標系":"任意座標系"}},{"type":"Polygon","arcs":[[184,185,186,-182]],"properties":{"市区町村名":"留萌市","大字名":"大和田","丁目名":"３丁目","小字名":null,"地番":"285","精度区分":null,"座標系":"任意座標系"}},{"type":"Polygon","arcs":[[187,188,189,-186]],"properties":{"市区町村名":"留萌市","大字名":"大和田","丁目名":"３丁目","小字名":null,"地番":"289","精度区分":null,"座標系":"任意座標系"}},{"type":"Polygon","arcs":[[190,-189]],"properties":{"市区町村名":"留萌市","大字名":"大和田","丁目名":"３丁目","小字名":null,"地番":"291","精度区分":null,"座標系":"任意座標系"}},{"type":"Polygon","arcs":[[191,192,-184,193]],"properties":{"市区町村名":"留萌市","大字名":"大和田","丁目名":"３丁目","小字名":null,"地番":"280","精度区分":null,"座標系":"任意座標系"}},{"type":"Polygon","arcs":[[194,195,-172]],"properties":{"市区町村名":"留萌市","大字名":"大和田","丁目名":"３丁目","小字名":null,"地番":"276","精度区分":null,"座標系":"任意座標系"}},{"type":"Polygon","arcs":[[-177,196,-174,197]],"properties":{"市区町村名":"留萌市","大字名":"大和田","丁目名":"３丁目","小字名":null,"地番":"268","精度区分":null,"座標系":"任意座標系"}},{"type":"Polygon","arcs":[[-157,198]],"properties":{"市区町村名":"留萌市","大字名":"大和田","丁目名":"３丁目","小字名":null,"地番":"296","精度区分":null,"座標系":"任意座標系"}},{"type":"Polygon","arcs":[[-160,199,200,-179]],"properties":{"市区町村名":"留萌市","大字名":"大和田","丁目名":"３丁目","小字名":null,"地番":"299","精度区分":null,"座標系":"任意座標系"}},{"type":"Polygon","arcs":[[-159,-141,201,-200]],"properties":{"市区町村名":"留萌市","大字名":"大和田","丁目名":"３丁目","小字名":null,"地番":"301","精度区分":null,"座標系":"任意座標系"}},{"type":"Polygon","arcs":[[-195,202,203,-192,204]],"properties":{"市区町村名":"留萌市","大字名":"大和田","丁目名":"３丁目","小字名":null,"地番":"277","精度区分":null,"座標系":"任意座標系"}},{"type":"Polygon","arcs":[[-171,205,-203]],"properties":{"市区町村名":"留萌市","大字名":"大和田","丁目名":"３丁目","小字名":null,"地番":"275","精度区分":null,"座標系":"任意座標系"}},{"type":"Polygon","arcs":[[206,207,-166,-129]],"properties":{"市区町村名":"留萌市","大字名":"大和田","丁目名":"３丁目","小字名":null,"地番":"312","精度区分":null,"座標系":"任意座標系"}},{"type":"Polygon","arcs":[[208,209]],"properties":{"市区町村名":"留萌市","大字名":"大和田","丁目名":"３丁目","小字名":null,"地番":"462","精度区分":null,"座標系":"任意座標系"}},{"type":"Polygon","arcs":[[210,211]],"properties":{"市区町村名":"留萌市","大字名":"大和田","丁目名":"３丁目","小字名":null,"地番":"456","精度区分":null,"座標系":"任意座標系"}},{"type":"Polygon","arcs":[[212,213]],"properties":{"市区町村名":"留萌市","大字名":"大和田","丁目名":"３丁目","小字名":null,"地番":"391","精度区分":null,"座標系":"任意座標系"}},{"type":"Polygon","arcs":[[214,215,216,-214,217]],"properties":{"市区町村名":"留萌市","大字名":"大和田","丁目名":"３丁目","小字名":null,"地番":"390","精度区分":null,"座標系":"任意座標系"}},{"type":"Polygon","arcs":[[-124,-152,218,219,220]],"properties":{"市区町村名":"留萌市","大字名":"大和田","丁目名":"３丁目","小字名":null,"地番":"329W2","精度区分":null,"座標系":"任意座標系"}},{"type":"Polygon","arcs":[[221,222]],"properties":{"市区町村名":"留萌市","大字名":"大和田","丁目名":"３丁目","小字名":null,"地番":"464","精度区分":null,"座標系":"任意座標系"}},{"type":"Polygon","arcs":[[-222,223,-209,224]],"properties":{"市区町村名":"留萌市","大字名":"大和田","丁目名":"３丁目","小字名":null,"地番":"463","精度区分":null,"座標系":"任意座標系"}},{"type":"Polygon","arcs":[[-151,225,226,-219]],"properties":{"市区町村名":"留萌市","大字名":"大和田","丁目名":"３丁目","小字名":null,"地番":"345","精度区分":null,"座標系":"任意座標系"}},{"type":"Polygon","arcs":[[-227,227,228,229,-215,-220]],"properties":{"市区町村名":"留萌市","大字名":"大和田","丁目名":"３丁目","小字名":null,"地番":"346","精度区分":null,"座標系":"任意座標系"}},{"type":"Polygon","arcs":[[230,231,232,-229,233]],"properties":{"市区町村名":"留萌市","大字名":"大和田","丁目名":"３丁目","小字名":null,"地番":"362","精度区分":null,"座標系":"任意座標系"}},{"type":"Polygon","arcs":[[-228,234,235,236,-234]],"properties":{"市区町村名":"留萌市","大字名":"大和田","丁目名":"３丁目","小字名":null,"地番":"347","精度区分":null,"座標系":"任意座標系"}},{"type":"Polygon","arcs":[[-226,-150,237,-235]],"properties":{"市区町村名":"留萌市","大字名":"大和田","丁目名":"３丁目","小字名":null,"地番":"344","精度区分":null,"座標系":"任意座標系"}},{"type":"Polygon","arcs":[[-233,238,-216,-230]],"properties":{"市区町村名":"留萌市","大字名":"大和田","丁目名":"３丁目","小字名":null,"地番":"363","精度区分":null,"座標系":"任意座標系"}},{"type":"Polygon","arcs":[[239,240,241,242]],"properties":{"市区町村名":"留萌市","大字名":"大和田","丁目名":"３丁目","小字名":null,"地番":"421","精度区分":null,"座標系":"任意座標系"}},{"type":"Polygon","arcs":[[243,244,245,-241]],"properties":{"市区町村名":"留萌市","大字名":"大和田","丁目名":"３丁目","小字名":null,"地番":"422","精度区分":null,"座標系":"任意座標系"}},{"type":"Polygon","arcs":[[246,247,248,249,250,251]],"properties":{"市区町村名":"留萌市","大字名":"大和田","丁目名":"３丁目","小字名":null,"地番":"436","精度区分":null,"座標系":"任意座標系"}},{"type":"Polygon","arcs":[[252,253,254,255,-248]],"properties":{"市区町村名":"留萌市","大字名":"大和田","丁目名":"３丁目","小字名":null,"地番":"454","精度区分":null,"座標系":"任意座標系"}},{"type":"Polygon","arcs":[[256,257,258,-211,-254]],"properties":{"市区町村名":"留萌市","大字名":"大和田","丁目名":"３丁目","小字名":null,"地番":"457","精度区分":null,"座標系":"任意座標系"}},{"type":"Polygon","arcs":[[259,-258]],"properties":{"市区町村名":"留萌市","大字名":"大和田","丁目名":"３丁目","小字名":null,"地番":"460","精度区分":null,"座標系":"任意座標系"}},{"type":"Polygon","arcs":[[-250,260,261,262,263,264,265]],"properties":{"市区町村名":"留萌市","大字名":"大和田","丁目名":"３丁目","小字名":null,"地番":"433","精度区分":null,"座標系":"任意座標系"}},{"type":"Polygon","arcs":[[-255,266,-262]],"properties":{"市区町村名":"留萌市","大字名":"大和田","丁目名":"３丁目","小字名":null,"地番":"455","精度区分":null,"座標系":"任意座標系"}},{"type":"Polygon","arcs":[[-245,267,268,269]],"properties":{"市区町村名":"留萌市","大字名":"大和田","丁目名":"３丁目","小字名":null,"地番":"423","精度区分":null,"座標系":"任意座標系"}},{"type":"Polygon","arcs":[[270,271,272,-269]],"properties":{"市区町村名":"留萌市","大字名":"大和田","丁目名":"３丁目","小字名":null,"地番":"426","精度区分":null,"座標系":"任意座標系"}},{"type":"Polygon","arcs":[[-272,273,274,275]],"properties":{"市区町村名":"留萌市","大字名":"大和田","丁目名":"３丁目","小字名":null,"地番":"427","精度区分":null,"座標系":"任意座標系"}},{"type":"Polygon","arcs":[[276,277,-251,-266,278,-275]],"properties":{"市区町村名":"留萌市","大字名":"大和田","丁目名":"３丁目","小字名":null,"地番":"432","精度区分":null,"座標系":"任意座標系"}},{"type":"Polygon","arcs":[[-249,-256,-261]],"properties":{"市区町村名":"留萌市","大字名":"大和田","丁目名":"３丁目","小字名":null,"地番":"435","精度区分":null,"座標系":"任意座標系"}},{"type":"Polygon","arcs":[[279,-264]],"properties":{"市区町村名":"留萌市","大字名":"大和田","丁目名":"３丁目","小字名":null,"地番":"434","精度区分":null,"座標系":"任意座標系"}},{"type":"Polygon","arcs":[[280,-252,-278]],"properties":{"市区町村名":"留萌市","大字名":"大和田","丁目名":"３丁目","小字名":null,"地番":"430","精度区分":null,"座標系":"任意座標系"}},{"type":"Polygon","arcs":[[281,282,283,284,285,286,287,288,289,290,291,292,293,294,295,296]],"properties":{"市区町村名":"留萌市","大字名":"南町","丁目名":"４丁目","小字名":null,"地番":"道-3002","精度区分":null,"座標系":"任意座標系"}},{"type":"Polygon","arcs":[[297,-290,298,299]],"properties":{"市区町村名":"留萌市","大字名":"南町","丁目名":"４丁目","小字名":null,"地番":"77","精度区分":null,"座標系":"任意座標系"}},{"type":"Polygon","arcs":[[-299,-289,300,301]],"properties":{"市区町村名":"留萌市","大字名":"南町","丁目名":"４丁目","小字名":null,"地番":"80","精度区分":null,"座標系":"任意座標系"}},{"type":"Polygon","arcs":[[302,303,304,305,306,307,308,309]],"properties":{"市区町村名":"留萌市","大字名":"南町","丁目名":"４丁目","小字名":null,"地番":"79-1","精度区分":null,"座標系":"任意座標系"}},{"type":"Polygon","arcs":[[310,311,312,313,314,315,316,317,-282,318]],"properties":{"市区町村名":"留萌市","大字名":"南町","丁目名":"４丁目","小字名":null,"地番":"158-2","精度区分":null,"座標系":"任意座標系"}},{"type":"Polygon","arcs":[[319,320,321,322,-283]],"properties":{"市区町村名":"留萌市","大字名":"南町","丁目名":"４丁目","小字名":null,"地番":"93","精度区分":null,"座標系":"任意座標系"}},{"type":"Polygon","arcs":[[323,324,-284,-323]],"properties":{"市区町村名":"留萌市","大字名":"南町","丁目名":"４丁目","小字名":null,"地番":"91","精度区分":null,"座標系":"任意座標系"}},{"type":"Polygon","arcs":[[325,326,327]],"properties":{"市区町村名":"留萌市","大字名":"南町","丁目名":"４丁目","小字名":null,"地番":"89-2","精度区分":null,"座標系":"任意座標系"}},{"type":"Polygon","arcs":[[328,329,-311,330]],"properties":{"市区町村名":"留萌市","大字名":"南町","丁目名":"４丁目","小字名":null,"地番":"99-3","精度区分":null,"座標系":"任意座標系"}},{"type":"Polygon","arcs":[[-312,-330,331]],"properties":{"市区町村名":"留萌市","大字名":"南町","丁目名":"４丁目","小字名":null,"地番":"158-1","精度区分":null,"座標系":"任意座標系"}},{"type":"Polygon","arcs":[[-313,332,333]],"properties":{"市区町村名":"留萌市","大字名":"南町","丁目名":"４丁目","小字名":null,"地番":"99-2","精度区分":null,"座標系":"任意座標系"}},{"type":"Polygon","arcs":[[-329,334,335,-333,-332]],"properties":{"市区町村名":"留萌市","大字名":"南町","丁目名":"４丁目","小字名":null,"地番":"99-1","精度区分":null,"座標系":"任意座標系"}},{"type":"Polygon","arcs":[[336,337,-315,338]],"properties":{"市区町村名":"留萌市","大字名":"南町","丁目名":"４丁目","小字名":null,"地番":"97-2","精度区分":null,"座標系":"任意座標系"}},{"type":"Polygon","arcs":[[339,340,341,342,-337]],"properties":{"市区町村名":"留萌市","大字名":"南町","丁目名":"４丁目","小字名":null,"地番":"97-1","精度区分":null,"座標系":"任意座標系"}},{"type":"Polygon","arcs":[[343,344,-322,345]],"properties":{"市区町村名":"留萌市","大字名":"南町","丁目名":"４丁目","小字名":null,"地番":"92-2","精度区分":null,"座標系":"任意座標系"}},{"type":"Polygon","arcs":[[-327,346,347,348,-344,349,350,351]],"properties":{"市区町村名":"留萌市","大字名":"南町","丁目名":"４丁目","小字名":null,"地番":"92-1","精度区分":null,"座標系":"任意座標系"}},{"type":"Polygon","arcs":[[352,353,354,355]],"properties":{"市区町村名":"留萌市","大字名":"南町","丁目名":"４丁目","小字名":null,"地番":"85-4","精度区分":null,"座標系":"任意座標系"}},{"type":"Polygon","arcs":[[-304,356,-302,357]],"properties":{"市区町村名":"留萌市","大字名":"南町","丁目名":"４丁目","小字名":null,"地番":"79-2","精度区分":null,"座標系":"任意座標系"}},{"type":"Polygon","arcs":[[358,-358,359,360]],"properties":{"市区町村名":"留萌市","大字名":"南町","丁目名":"４丁目","小字名":null,"地番":"82-2","精度区分":null,"座標系":"任意座標系"}},{"type":"Polygon","arcs":[[361,362,-346,-321]],"properties":{"市区町村名":"留萌市","大字名":"南町","丁目名":"４丁目","小字名":null,"地番":"94-2","精度区分":null,"座標系":"任意座標系"}},{"type":"Polygon","arcs":[[363,-362,-320,-318,364]],"properties":{"市区町村名":"留萌市","大字名":"南町","丁目名":"４丁目","小字名":null,"地番":"95-2","精度区分":null,"座標系":"任意座標系"}},{"type":"Polygon","arcs":[[-306,365,366,367,368]],"properties":{"市区町村名":"留萌市","大字名":"南町","丁目名":"４丁目","小字名":null,"地番":"84-1","精度区分":null,"座標系":"任意座標系"}},{"type":"Polygon","arcs":[[-367,-361,369,-354]],"properties":{"市区町村名":"留萌市","大字名":"南町","丁目名":"４丁目","小字名":null,"地番":"84-2","精度区分":null,"座標系":"任意座標系"}},{"type":"Polygon","arcs":[[370,371,-355,372,-286,373]],"properties":{"市区町村名":"留萌市","大字名":"南町","丁目名":"４丁目","小字名":null,"地番":"86","精度区分":null,"座標系":"任意座標系"}},{"type":"Polygon","arcs":[[-370,374,-287,-373]],"properties":{"市区町村名":"留萌市","大字名":"南町","丁目名":"４丁目","小字名":null,"地番":"83","精度区分":null,"座標系":"任意座標系"}},{"type":"Polygon","arcs":[[-366,-305,-359]],"properties":{"市区町村名":"留萌市","大字名":"南町","丁目名":"４丁目","小字名":null,"地番":"82-1","精度区分":null,"座標系":"任意座標系"}},{"type":"Polygon","arcs":[[-325,375,-374,-285]],"properties":{"市区町村名":"留萌市","大字名":"南町","丁目名":"４丁目","小字名":null,"地番":"88","精度区分":null,"座標系":"任意座標系"}},{"type":"Polygon","arcs":[[376,377,378,379]],"properties":{"市区町村名":"留萌市","大字名":"南町","丁目名":"４丁目","小字名":null,"地番":"85-6","精度区分":null,"座標系":"任意座標系"}},{"type":"Polygon","arcs":[[380,381,-379,-356,-372]],"properties":{"市区町村名":"留萌市","大字名":"南町","丁目名":"４丁目","小字名":null,"地番":"85-5","精度区分":null,"座標系":"任意座標系"}},{"type":"Polygon","arcs":[[-381,-371,382]],"properties":{"市区町村名":"留萌市","大字名":"南町","丁目名":"４丁目","小字名":null,"地番":"85-2","精度区分":null,"座標系":"任意座標系"}},{"type":"Polygon","arcs":[[383,384,385,-382]],"properties":{"市区町村名":"留萌市","大字名":"南町","丁目名":"４丁目","小字名":null,"地番":"87-5","精度区分":null,"座標系":"任意座標系"}},{"type":"Polygon","arcs":[[386,387,-384,-383,-376]],"properties":{"市区町村名":"留萌市","大字名":"南町","丁目名":"４丁目","小字名":null,"地番":"87-1","精度区分":null,"座標系":"任意座標系"}},{"type":"Polygon","arcs":[[-326,388,389,390,-347]],"properties":{"市区町村名":"留萌市","大字名":"南町","丁目名":"４丁目","小字名":null,"地番":"89-5","精度区分":null,"座標系":"任意座標系"}},{"type":"Polygon","arcs":[[391,392,-349]],"properties":{"市区町村名":"留萌市","大字名":"南町","丁目名":"４丁目","小字名":null,"地番":"90-6","精度区分":null,"座標系":"任意座標系"}},{"type":"Polygon","arcs":[[393,-392,-348,-391]],"properties":{"市区町村名":"留萌市","大字名":"南町","丁目名":"４丁目","小字名":null,"地番":"90-3","精度区分":null,"座標系":"任意座標系"}},{"type":"Polygon","arcs":[[394,395,-351,396,397]],"properties":{"市区町村名":"留萌市","大字名":"南町","丁目名":"４丁目","小字名":null,"地番":"100-1","精度区分":null,"座標系":"任意座標系"}},{"type":"Polygon","arcs":[[398,-395,399,400]],"properties":{"市区町村名":"留萌市","大字名":"南町","丁目名":"４丁目","小字名":null,"地番":"100-4","精度区分":null,"座標系":"任意座標系"}},{"type":"Polygon","arcs":[[401,-365,-317,402]],"properties":{"市区町村名":"留萌市","大字名":"南町","丁目名":"４丁目","小字名":null,"地番":"96-3","精度区分":null,"座標系":"任意座標系"}},{"type":"Polygon","arcs":[[403,404,-401,405,406]],"properties":{"市区町村名":"留萌市","大字名":"南町","丁目名":"４丁目","小字名":null,"地番":"100-2","精度区分":null,"座標系":"任意座標系"}},{"type":"Polygon","arcs":[[407,-404,408,-342]],"properties":{"市区町村名":"留萌市","大字名":"南町","丁目名":"４丁目","小字名":null,"地番":"100-3","精度区分":null,"座標系":"任意座標系"}},{"type":"Polygon","arcs":[[409,-403,-316,-338]],"properties":{"市区町村名":"留萌市","大字名":"南町","丁目名":"４丁目","小字名":null,"地番":"96-4","精度区分":null,"座標系":"任意座標系"}},{"type":"Polygon","arcs":[[-400,-398,410,-364,411,-406]],"properties":{"市区町村名":"留萌市","大字名":"南町","丁目名":"４丁目","小字名":null,"地番":"95-1","精度区分":null,"座標系":"任意座標系"}},{"type":"Polygon","arcs":[[412,-410,-343,-409]],"properties":{"市区町村名":"留萌市","大字名":"南町","丁目名":"４丁目","小字名":null,"地番":"96-1","精度区分":null,"座標系":"任意座標系"}},{"type":"Polygon","arcs":[[-397,-350,-363,-411]],"properties":{"市区町村名":"留萌市","大字名":"南町","丁目名":"４丁目","小字名":null,"地番":"94-1","精度区分":null,"座標系":"任意座標系"}},{"type":"Polygon","arcs":[[-336,413,-340,414]],"properties":{"市区町村名":"留萌市","大字名":"南町","丁目名":"４丁目","小字名":null,"地番":"98-1","精度区分":null,"座標系":"任意座標系"}},{"type":"Polygon","arcs":[[-334,-415,-339,-314]],"properties":{"市区町村名":"留萌市","大字名":"南町","丁目名":"４丁目","小字名":null,"地番":"98-2","精度区分":null,"座標系":"任意座標系"}},{"type":"Polygon","arcs":[[-412,-402,-413,-407]],"properties":{"市区町村名":"留萌市","大字名":"南町","丁目名":"４丁目","小字名":null,"地番":"96-2","精度区分":null,"座標系":"任意座標系"}},{"type":"Polygon","arcs":[[-375,-360,-301,-288]],"properties":{"市区町村名":"留萌市","大字名":"南町","丁目名":"４丁目","小字名":null,"地番":"81","精度区分":null,"座標系":"任意座標系"}},{"type":"Polygon","arcs":[[415,416,-291,-298]],"properties":{"市区町村名":"留萌市","大字名":"南町","丁目名":"４丁目","小字名":null,"地番":"76","精度区分":null,"座標系":"任意座標系"}},{"type":"Polygon","arcs":[[417,-300,-357,418]],"properties":{"市区町村名":"留萌市","大字名":"南町","丁目名":"４丁目","小字名":null,"地番":"78-2","精度区分":null,"座標系":"任意座標系"}},{"type":"Polygon","arcs":[[419,420,421]],"properties":{"市区町村名":"留萌市","大字名":"南町","丁目名":"４丁目","小字名":null,"地番":"73-13","精度区分":null,"座標系":"任意座標系"}},{"type":"Polygon","arcs":[[-420,422,423,424]],"properties":{"市区町村名":"留萌市","大字名":"南町","丁目名":"４丁目","小字名":null,"地番":"73-12","精度区分":null,"座標系":"任意座標系"}},{"type":"Polygon","arcs":[[425,426,-421,-425]],"properties":{"市区町村名":"留萌市","大字名":"南町","丁目名":"４丁目","小字名":null,"地番":"73-8","精度区分":null,"座標系":"任意座標系"}},{"type":"Polygon","arcs":[[427,428,429,-426]],"properties":{"市区町村名":"留萌市","大字名":"南町","丁目名":"４丁目","小字名":null,"地番":"73-7","精度区分":null,"座標系":"任意座標系"}},{"type":"Polygon","arcs":[[430,431,432,433,434]],"properties":{"市区町村名":"留萌市","大字名":"南町","丁目名":"４丁目","小字名":null,"地番":"73-64","精度区分":null,"座標系":"任意座標系"}},{"type":"Polygon","arcs":[[435,-431,436,-428,-424]],"properties":{"市区町村名":"留萌市","大字名":"南町","丁目名":"４丁目","小字名":null,"地番":"73-11","精度区分":null,"座標系":"任意座標系"}},{"type":"Polygon","arcs":[[-437,437,438,-429]],"properties":{"市区町村名":"留萌市","大字名":"南町","丁目名":"４丁目","小字名":null,"地番":"73-81","精度区分":null,"座標系":"任意座標系"}},{"type":"Polygon","arcs":[[439,440,441,442,443]],"properties":{"市区町村名":"留萌市","大字名":"南町","丁目名":"４丁目","小字名":null,"地番":"73-5","精度区分":null,"座標系":"任意座標系"}},{"type":"Polygon","arcs":[[-438,-435,444,-440,445]],"properties":{"市区町村名":"留萌市","大字名":"南町","丁目名":"４丁目","小字名":null,"地番":"73-6","精度区分":null,"座標系":"任意座標系"}},{"type":"Polygon","arcs":[[446,447,448,-443]],"properties":{"市区町村名":"留萌市","大字名":"南町","丁目名":"４丁目","小字名":null,"地番":"73-4","精度区分":null,"座標系":"任意座標系"}},{"type":"Polygon","arcs":[[449,450,-441,-445,-434,451,452]],"properties":{"市区町村名":"留萌市","大字名":"南町","丁目名":"４丁目","小字名":null,"地番":"73-10","精度区分":null,"座標系":"任意座標系"}},{"type":"Polygon","arcs":[[453,454,-453]],"properties":{"市区町村名":"留萌市","大字名":"南町","丁目名":"４丁目","小字名":null,"地番":"73-71","精度区分":null,"座標系":"任意座標系"}},{"type":"Polygon","arcs":[[455,-454,-452,-433]],"properties":{"市区町村名":"留萌市","大字名":"南町","丁目名":"４丁目","小字名":null,"地番":"73-72","精度区分":null,"座標系":"任意座標系"}},{"type":"Polygon","arcs":[[456,457,458]],"properties":{"市区町村名":"留萌市","大字名":"南町","丁目名":"４丁目","小字名":null,"地番":"73-22","精度区分":null,"座標系":"任意座標系"}},{"type":"Polygon","arcs":[[459,-459,460]],"properties":{"市区町村名":"留萌市","大字名":"南町","丁目名":"４丁目","小字名":null,"地番":"73-30","精度区分":null,"座標系":"任意座標系"}},{"type":"Polygon","arcs":[[461,462,463]],"properties":{"市区町村名":"留萌市","大字名":"南町","丁目名":"４丁目","小字名":null,"地番":"72-6","精度区分":null,"座標系":"任意座標系"}},{"type":"Polygon","arcs":[[464,465,-463]],"properties":{"市区町村名":"留萌市","大字名":"南町","丁目名":"４丁目","小字名":null,"地番":"72-7","精度区分":null,"座標系":"任意座標系"}},{"type":"Polygon","arcs":[[466,467,468]],"properties":{"市区町村名":"留萌市","大字名":"南町","丁目名":"４丁目","小字名":null,"地番":"73-55","精度区分":null,"座標系":"任意座標系"}},{"type":"Polygon","arcs":[[469,470,471,472]],"properties":{"市区町村名":"留萌市","大字名":"南町","丁目名":"４丁目","小字名":null,"地番":"73-15","精度区分":null,"座標系":"任意座標系"}},{"type":"Polygon","arcs":[[473,-466,474,-472]],"properties":{"市区町村名":"留萌市","大字名":"南町","丁目名":"４丁目","小字名":null,"地番":"73-14","精度区分":null,"座標系":"任意座標系"}},{"type":"Polygon","arcs":[[475,476,477,-471]],"properties":{"市区町村名":"留萌市","大字名":"南町","丁目名":"４丁目","小字名":null,"地番":"73-24","精度区分":null,"座標系":"任意座標系"}},{"type":"Polygon","arcs":[[478,-476,479,480]],"properties":{"市区町村名":"留萌市","大字名":"南町","丁目名":"４丁目","小字名":null,"地番":"73-25","精度区分":null,"座標系":"任意座標系"}},{"type":"Polygon","arcs":[[481,482,483,484]],"properties":{"市区町村名":"留萌市","大字名":"南町","丁目名":"４丁目","小字名":null,"地番":"73-17","精度区分":null,"座標系":"任意座標系"}},{"type":"Polygon","arcs":[[-480,-470,485,-484]],"properties":{"市区町村名":"留萌市","大字名":"南町","丁目名":"４丁目","小字名":null,"地番":"73-16","精度区分":null,"座標系":"任意座標系"}},{"type":"Polygon","arcs":[[486,487,-482,488,489]],"properties":{"市区町村名":"留萌市","大字名":"南町","丁目名":"４丁目","小字名":null,"地番":"73-18","精度区分":null,"座標系":"任意座標系"}},{"type":"Polygon","arcs":[[490,491,-481,-483,-488]],"properties":{"市区町村名":"留萌市","大字名":"南町","丁目名":"４丁目","小字名":null,"地番":"73-26","精度区分":null,"座標系":"任意座標系"}},{"type":"Polygon","arcs":[[492,493,-491,-487,494]],"properties":{"市区町村名":"留萌市","大字名":"南町","丁目名":"４丁目","小字名":null,"地番":"73-27","精度区分":null,"座標系":"任意座標系"}},{"type":"Polygon","arcs":[[495,-495,-490,496]],"properties":{"市区町村名":"留萌市","大字名":"南町","丁目名":"４丁目","小字名":null,"地番":"73-19","精度区分":null,"座標系":"任意座標系"}},{"type":"Polygon","arcs":[[497,-493,498,499]],"properties":{"市区町村名":"留萌市","大字名":"南町","丁目名":"４丁目","小字名":null,"地番":"73-28","精度区分":null,"座標系":"任意座標系"}},{"type":"Polygon","arcs":[[-457,500,501,502]],"properties":{"市区町村名":"留萌市","大字名":"南町","丁目名":"４丁目","小字名":null,"地番":"73-21","精度区分":null,"座標系":"任意座標系"}},{"type":"Polygon","arcs":[[-499,-496,503,-502]],"properties":{"市区町村名":"留萌市","大字名":"南町","丁目名":"４丁目","小字名":null,"地番":"73-20","精度区分":null,"座標系":"任意座標系"}},{"type":"Polygon","arcs":[[-460,504,-500,-501]],"properties":{"市区町村名":"留萌市","大字名":"南町","丁目名":"４丁目","小字名":null,"地番":"73-29","精度区分":null,"座標系":"任意座標系"}},{"type":"Polygon","arcs":[[505,506,507]],"properties":{"市区町村名":"留萌市","大字名":"南町","丁目名":"４丁目","小字名":null,"地番":"73-38","精度区分":null,"座標系":"任意座標系"}},{"type":"Polygon","arcs":[[508,509,-508]],"properties":{"市区町村名":"留萌市","大字名":"南町","丁目名":"４丁目","小字名":null,"地番":"73-46","精度区分":null,"座標系":"任意座標系"}},{"type":"Polygon","arcs":[[510,511,512,513]],"properties":{"市区町村名":"留萌市","大字名":"南町","丁目名":"４丁目","小字名":null,"地番":"73-39","精度区分":null,"座標系":"任意座標系"}},{"type":"Polygon","arcs":[[514,515,-512]],"properties":{"市区町村名":"留萌市","大字名":"南町","丁目名":"４丁目","小字名":null,"地番":"72-4","精度区分":null,"座標系":"任意座標系"}},{"type":"Polygon","arcs":[[516,517,-516]],"properties":{"市区町村名":"留萌市","大字名":"南町","丁目名":"４丁目","小字名":null,"地番":"72-5","精度区分":null,"座標系":"任意座標系"}},{"type":"Polygon","arcs":[[-513,-518,518,519]],"properties":{"市区町村名":"留萌市","大字名":"南町","丁目名":"４丁目","小字名":null,"地番":"73-31","精度区分":null,"座標系":"任意座標系"}},{"type":"Polygon","arcs":[[520,521,-520,522]],"properties":{"市区町村名":"留萌市","大字名":"南町","丁目名":"４丁目","小字名":null,"地番":"73-32","精度区分":null,"座標系":"任意座標系"}},{"type":"Polygon","arcs":[[523,524,-521,525,526]],"properties":{"市区町村名":"留萌市","大字名":"南町","丁目名":"４丁目","小字名":null,"地番":"73-65","精度区分":null,"座標系":"任意座標系"}},{"type":"Polygon","arcs":[[527,528,-514,-522,-525]],"properties":{"市区町村名":"留萌市","大字名":"南町","丁目名":"４丁目","小字名":null,"地番":"73-40","精度区分":null,"座標系":"任意座標系"}},{"type":"Polygon","arcs":[[529,-528,-524,530]],"properties":{"市区町村名":"留萌市","大字名":"南町","丁目名":"４丁目","小字名":null,"地番":"73-63","精度区分":null,"座標系":"任意座標系"}},{"type":"Polygon","arcs":[[531,532,-527,533]],"properties":{"市区町村名":"留萌市","大字名":"南町","丁目名":"４丁目","小字名":null,"地番":"73-78","精度区分":null,"座標系":"任意座標系"}},{"type":"Polygon","arcs":[[534,535,-532,536]],"properties":{"市区町村名":"留萌市","大字名":"南町","丁目名":"４丁目","小字名":null,"地番":"73-33","精度区分":null,"座標系":"任意座標系"}},{"type":"Polygon","arcs":[[537,538,-531,-533,-536]],"properties":{"市区町村名":"留萌市","大字名":"南町","丁目名":"４丁目","小字名":null,"地番":"73-41","精度区分":null,"座標系":"任意座標系"}},{"type":"Polygon","arcs":[[539,-538,540,541]],"properties":{"市区町村名":"留萌市","大字名":"南町","丁目名":"４丁目","小字名":null,"地番":"73-42","精度区分":null,"座標系":"任意座標系"}},{"type":"Polygon","arcs":[[542,543,544,545]],"properties":{"市区町村名":"留萌市","大字名":"南町","丁目名":"４丁目","小字名":null,"地番":"73-35","精度区分":null,"座標系":"任意座標系"}},{"type":"Polygon","arcs":[[-541,-535,546,-545]],"properties":{"市区町村名":"留萌市","大字名":"南町","丁目名":"４丁目","小字名":null,"地番":"73-34","精度区分":null,"座標系":"任意座標系"}},{"type":"Polygon","arcs":[[547,548,-542,-544]],"properties":{"市区町村名":"留萌市","大字名":"南町","丁目名":"４丁目","小字名":null,"地番":"73-43","精度区分":null,"座標系":"任意座標系"}},{"type":"Polygon","arcs":[[549,-548,550,551]],"properties":{"市区町村名":"留萌市","大字名":"南町","丁目名":"４丁目","小字名":null,"地番":"73-44","精度区分":null,"座標系":"任意座標系"}},{"type":"Polygon","arcs":[[-506,552,553,554]],"properties":{"市区町村名":"留萌市","大字名":"南町","丁目名":"４丁目","小字名":null,"地番":"73-37","精度区分":null,"座標系":"任意座標系"}},{"type":"Polygon","arcs":[[-551,-543,555,-554]],"properties":{"市区町村名":"留萌市","大字名":"南町","丁目名":"４丁目","小字名":null,"地番":"73-36","精度区分":null,"座標系":"任意座標系"}},{"type":"Polygon","arcs":[[-510,556,-552,-553]],"properties":{"市区町村名":"留萌市","大字名":"南町","丁目名":"４丁目","小字名":null,"地番":"73-45","精度区分":null,"座標系":"任意座標系"}},{"type":"Polygon","arcs":[[557,558,559]],"properties":{"市区町村名":"留萌市","大字名":"南町","丁目名":"４丁目","小字名":null,"地番":"73-54","精度区分":null,"座標系":"任意座標系"}},{"type":"Polygon","arcs":[[560,561,562,563,-560,564]],"properties":{"市区町村名":"留萌市","大字名":"南町","丁目名":"４丁目","小字名":null,"地番":"73-62","精度区分":null,"座標系":"任意座標系"}},{"type":"Polygon","arcs":[[565,566,567]],"properties":{"市区町村名":"留萌市","大字名":"南町","丁目名":"４丁目","小字名":null,"地番":"72-3","精度区分":null,"座標系":"任意座標系"}},{"type":"Polygon","arcs":[[568,569,570]],"properties":{"市区町村名":"留萌市","大字名":"南町","丁目名":"４丁目","小字名":null,"地番":"72-9","精度区分":null,"座標系":"任意座標系"}},{"type":"Polygon","arcs":[[571,-467,-570,572]],"properties":{"市区町村名":"留萌市","大字名":"南町","丁目名":"４丁目","小字名":null,"地番":"73-66","精度区分":null,"座標系":"任意座標系"}},{"type":"Polygon","arcs":[[573,574,-573,575,576,577]],"properties":{"市区町村名":"留萌市","大字名":"南町","丁目名":"４丁目","小字名":null,"地番":"73-56","精度区分":null,"座標系":"任意座標系"}},{"type":"Polygon","arcs":[[578,-577,-567,579]],"properties":{"市区町村名":"留萌市","大字名":"南町","丁目名":"４丁目","小字名":null,"地番":"73-47","精度区分":null,"座標系":"任意座標系"}},{"type":"Polygon","arcs":[[580,-578,-579,581]],"properties":{"市区町村名":"留萌市","大字名":"南町","丁目名":"４丁目","小字名":null,"地番":"73-48","精度区分":null,"座標系":"任意座標系"}},{"type":"Polygon","arcs":[[582,-574,583,584]],"properties":{"市区町村名":"留萌市","大字名":"南町","丁目名":"４丁目","小字名":null,"地番":"73-57","精度区分":null,"座標系":"任意座標系"}},{"type":"Polygon","arcs":[[585,586,587,588]],"properties":{"市区町村名":"留萌市","大字名":"南町","丁目名":"４丁目","小字名":null,"地番":"73-50","精度区分":null,"座標系":"任意座標系"}},{"type":"Polygon","arcs":[[-584,-581,589,-588]],"properties":{"市区町村名":"留萌市","大字名":"南町","丁目名":"４丁目","小字名":null,"地番":"73-49","精度区分":null,"座標系":"任意座標系"}},{"type":"Polygon","arcs":[[590,591,-585,-587]],"properties":{"市区町村名":"留萌市","大字名":"南町","丁目名":"４丁目","小字名":null,"地番":"73-58","精度区分":null,"座標系":"任意座標系"}},{"type":"Polygon","arcs":[[592,-591,593,594]],"properties":{"市区町村名":"留萌市","大字名":"南町","丁目名":"４丁目","小字名":null,"地番":"73-59","精度区分":null,"座標系":"任意座標系"}},{"type":"Polygon","arcs":[[595,596,597,598]],"properties":{"市区町村名":"留萌市","大字名":"南町","丁目名":"４丁目","小字名":null,"地番":"73-52","精度区分":null,"座標系":"任意座標系"}},{"type":"Polygon","arcs":[[-594,-586,599,-598]],"properties":{"市区町村名":"留萌市","大字名":"南町","丁目名":"４丁目","小字名":null,"地番":"73-51","精度区分":null,"座標系":"任意座標系"}},{"type":"Polygon","arcs":[[600,601,-595,-597]],"properties":{"市区町村名":"留萌市","大字名":"南町","丁目名":"４丁目","小字名":null,"地番":"73-60","精度区分":null,"座標系":"任意座標系"}},{"type":"Polygon","arcs":[[602,603,-601,604]],"properties":{"市区町村名":"留萌市","大字名":"南町","丁目名":"４丁目","小字名":null,"地番":"73-61","精度区分":null,"座標系":"任意座標系"}},{"type":"Polygon","arcs":[[605,-603,606,-562]],"properties":{"市区町村名":"留萌市","大字名":"南町","丁目名":"４丁目","小字名":null,"地番":"73-73","精度区分":null,"座標系":"任意座標系"}},{"type":"Polygon","arcs":[[-558,-564,607,608]],"properties":{"市区町村名":"留萌市","大字名":"南町","丁目名":"４丁目","小字名":null,"地番":"73-76","精度区分":null,"座標系":"任意座標系"}},{"type":"Polygon","arcs":[[-563,-607,-605,-596,609,-608]],"properties":{"市区町村名":"留萌市","大字名":"南町","丁目名":"４丁目","小字名":null,"地番":"73-53","精度区分":null,"座標系":"任意座標系"}},{"type":"Polygon","arcs":[[610,611,612,613]],"properties":{"市区町村名":"留萌市","大字名":"南町","丁目名":"４丁目","小字名":null,"地番":"73-79","精度区分":null,"座標系":"任意座標系"}},{"type":"Polygon","arcs":[[614,615,616]],"properties":{"市区町村名":"留萌市","大字名":"南町","丁目名":"４丁目","小字名":null,"地番":"74-3","精度区分":null,"座標系":"任意座標系"}},{"type":"Polygon","arcs":[[617,618,-615]],"properties":{"市区町村名":"留萌市","大字名":"南町","丁目名":"４丁目","小字名":null,"地番":"73-77","精度区分":null,"座標系":"任意座標系"}},{"type":"Polygon","arcs":[[619,620,621,622]],"properties":{"市区町村名":"留萌市","大字名":"南町","丁目名":"４丁目","小字名":null,"地番":"73-74","精度区分":null,"座標系":"任意座標系"}},{"type":"Polygon","arcs":[[623,-620,624,625,626]],"properties":{"市区町村名":"留萌市","大字名":"南町","丁目名":"４丁目","小字名":null,"地番":"73-1","精度区分":null,"座標系":"任意座標系"}},{"type":"Polygon","arcs":[[-625,-623,627,628,629,630,631,-618,632]],"properties":{"市区町村名":"留萌市","大字名":"南町","丁目名":"４丁目","小字名":null,"地番":"73-75","精度区分":null,"座標系":"任意座標系"}},{"type":"Polygon","arcs":[[-622,633,634,-628]],"properties":{"市区町村名":"留萌市","大字名":"南町","丁目名":"４丁目","小字名":null,"地番":"73-67","精度区分":null,"座標系":"任意座標系"}},{"type":"Polygon","arcs":[[635,636,-629,-635]],"properties":{"市区町村名":"留萌市","大字名":"南町","丁目名":"４丁目","小字名":null,"地番":"73-68","精度区分":null,"座標系":"任意座標系"}},{"type":"Polygon","arcs":[[637,-611,638,639,640,641]],"properties":{"市区町村名":"留萌市","大字名":"南町","丁目名":"４丁目","小字名":null,"地番":"73-69","精度区分":null,"座標系":"任意座標系"}},{"type":"Polygon","arcs":[[642,643,-627,644,-640]],"properties":{"市区町村名":"留萌市","大字名":"南町","丁目名":"４丁目","小字名":null,"地番":"73-70","精度区分":null,"座標系":"任意座標系"}},{"type":"Polygon","arcs":[[645,-642,646]],"properties":{"市区町村名":"留萌市","大字名":"南町","丁目名":"４丁目","小字名":null,"地番":"74-4","精度区分":null,"座標系":"任意座標系"}},{"type":"Polygon","arcs":[[647,-643,-639,-614]],"properties":{"市区町村名":"留萌市","大字名":"南町","丁目名":"４丁目","小字名":null,"地番":"73-80","精度区分":null,"座標系":"任意座標系"}},{"type":"Polygon","arcs":[[648,649,-419,-303]],"properties":{"市区町村名":"留萌市","大字名":"南町","丁目名":"４丁目","小字名":null,"地番":"78-1","精度区分":null,"座標系":"任意座標系"}},{"type":"Polygon","arcs":[[650,-568,-576,-569]],"properties":{"市区町村名":"留萌市","大字名":"南町","丁目名":"４丁目","小字名":null,"地番":"72-2","精度区分":null,"座標系":"任意座標系"}},{"type":"Polygon","arcs":[[651,-464,-474,-478]],"properties":{"市区町村名":"留萌市","大字名":"南町","丁目名":"４丁目","小字名":null,"地番":"73-23","精度区分":null,"座標系":"任意座標系"}},{"type":"Polygon","arcs":[[652,653,654,655,656,657,658,659,660,661,662,663,664,665,666,667,668,669,670,671,672,673,674,675,676,677,678,679,-292]],"properties":{"市区町村名":"留萌市","大字名":"南町","丁目名":"４丁目","小字名":null,"地番":"147","精度区分":null,"座標系":"任意座標系"}},{"type":"Polygon","arcs":[[680,681,682,683,684,685,686,687,688,689,690,691,692,693]],"properties":{"市区町村名":"留萌市","大字名":"南町","丁目名":"４丁目","小字名":null,"地番":"49","精度区分":null,"座標系":"任意座標系"}},{"type":"Polygon","arcs":[[694,695,696,697,698]],"properties":{"市区町村名":"留萌市","大字名":"南町","丁目名":"４丁目","小字名":null,"地番":"1-2","精度区分":null,"座標系":"任意座標系"}},{"type":"Polygon","arcs":[[699,700,701,702,703]],"properties":{"市区町村名":"留萌市","大字名":"南町","丁目名":"４丁目","小字名":null,"地番":"4-3","精度区分":null,"座標系":"任意座標系"}},{"type":"Polygon","arcs":[[704,-700,705,706]],"properties":{"市区町村名":"留萌市","大字名":"南町","丁目名":"４丁目","小字名":null,"地番":"5-2","精度区分":null,"座標系":"任意座標系"}},{"type":"Polygon","arcs":[[707,708,-655,709,710,711]],"properties":{"市区町村名":"留萌市","大字名":"南町","丁目名":"４丁目","小字名":null,"地番":"68-2","精度区分":null,"座標系":"任意座標系"}},{"type":"Polygon","arcs":[[-653,-417,712,713]],"properties":{"市区町村名":"留萌市","大字名":"南町","丁目名":"４丁目","小字名":null,"地番":"71","精度区分":null,"座標系":"任意座標系"}},{"type":"Polygon","arcs":[[714,715,716,717]],"properties":{"市区町村名":"留萌市","大字名":"南町","丁目名":"４丁目","小字名":null,"地番":"52-7","精度区分":null,"座標系":"任意座標系"}},{"type":"Polygon","arcs":[[-631,718,719,-715,720,721,722,723,724,725,-661,726,727,728,729,730,731,732,733,734,735,736,737,738,739]],"properties":{"市区町村名":"留萌市","大字名":"南町","丁目名":"４丁目","小字名":null,"地番":"61-1","精度区分":null,"座標系":"任意座標系"}},{"type":"Polygon","arcs":[[-731,740,741]],"properties":{"市区町村名":"留萌市","大字名":"南町","丁目名":"４丁目","小字名":null,"地番":"57","精度区分":null,"座標系":"任意座標系"}},{"type":"Polygon","arcs":[[-742,742,743,744,-732]],"properties":{"市区町村名":"留萌市","大字名":"南町","丁目名":"４丁目","小字名":null,"地番":"59","精度区分":null,"座標系":"任意座標系"}},{"type":"Polygon","arcs":[[745,-658,746,-734]],"properties":{"市区町村名":"留萌市","大字名":"南町","丁目名":"４丁目","小字名":null,"地番":"61-2","精度区分":null,"座標系":"任意座標系"}},{"type":"Polygon","arcs":[[747,748,749,-659,-746]],"properties":{"市区町村名":"留萌市","大字名":"南町","丁目名":"４丁目","小字名":null,"地番":"58-2","精度区分":null,"座標系":"任意座標系"}},{"type":"Polygon","arcs":[[750,-632,-740,751]],"properties":{"市区町村名":"留萌市","大字名":"南町","丁目名":"４丁目","小字名":null,"地番":"67","精度区分":null,"座標系":"任意座標系"}},{"type":"Polygon","arcs":[[-630,-637,752,-719]],"properties":{"市区町村名":"留萌市","大字名":"南町","丁目名":"４丁目","小字名":null,"地番":"60","精度区分":null,"座標系":"任意座標系"}},{"type":"Polygon","arcs":[[753,754,755,756,757,758,759,760,-717]],"properties":{"市区町村名":"留萌市","大字名":"南町","丁目名":"４丁目","小字名":null,"地番":"51-1","精度区分":null,"座標系":"任意座標系"}},{"type":"Polygon","arcs":[[761,-663,762,-756]],"properties":{"市区町村名":"留萌市","大字名":"南町","丁目名":"４丁目","小字名":null,"地番":"51-2","精度区分":null,"座標系":"任意座標系"}},{"type":"Polygon","arcs":[[763,764,765,-664,-762]],"properties":{"市区町村名":"留萌市","大字名":"南町","丁目名":"４丁目","小字名":null,"地番":"50-2","精度区分":null,"座標系":"任意座標系"}},{"type":"Polygon","arcs":[[766,767,768,769,770]],"properties":{"市区町村名":"留萌市","大字名":"南町","丁目名":"４丁目","小字名":null,"地番":"14-1","精度区分":null,"座標系":"任意座標系"}},{"type":"Polygon","arcs":[[771,-765,-770]],"properties":{"市区町村名":"留萌市","大字名":"南町","丁目名":"４丁目","小字名":null,"地番":"14-2","精度区分":null,"座標系":"任意座標系"}},{"type":"Polygon","arcs":[[772,-757,773,-725]],"properties":{"市区町村名":"留萌市","大字名":"南町","丁目名":"４丁目","小字名":null,"地番":"52-1","精度区分":null,"座標系":"任意座標系"}},{"type":"Polygon","arcs":[[-763,-662,-726,-774]],"properties":{"市区町村名":"留萌市","大字名":"南町","丁目名":"４丁目","小字名":null,"地番":"52-6","精度区分":null,"座標系":"任意座標系"}},{"type":"Polygon","arcs":[[774,775,776,777,778,779,-771,-764,-755]],"properties":{"市区町村名":"留萌市","大字名":"南町","丁目名":"４丁目","小字名":null,"地番":"50-1","精度区分":null,"座標系":"任意座標系"}},{"type":"Polygon","arcs":[[-772,780,-707,-665,-766]],"properties":{"市区町村名":"留萌市","大字名":"南町","丁目名":"４丁目","小字名":null,"地番":"6-2","精度区分":null,"座標系":"任意座標系"}},{"type":"Polygon","arcs":[[781,782,-694,783]],"properties":{"市区町村名":"留萌市","大字名":"南町","丁目名":"４丁目","小字名":null,"地番":"43-1","精度区分":null,"座標系":"任意座標系"}},{"type":"Polygon","arcs":[[784,785,-767,-780]],"properties":{"市区町村名":"留萌市","大字名":"南町","丁目名":"４丁目","小字名":null,"地番":"20","精度区分":null,"座標系":"任意座標系"}},{"type":"Polygon","arcs":[[786,-782,787,788]],"properties":{"市区町村名":"留萌市","大字名":"南町","丁目名":"４丁目","小字名":null,"地番":"45-1","精度区分":null,"座標系":"任意座標系"}},{"type":"Polygon","arcs":[[-685,789,790,791,792,793,-695,794]],"properties":{"市区町村名":"留萌市","大字名":"南町","丁目名":"４丁目","小字名":null,"地番":"1-1","精度区分":null,"座標系":"任意座標系"}},{"type":"Polygon","arcs":[[795,796,-699,797]],"properties":{"市区町村名":"留萌市","大字名":"南町","丁目名":"４丁目","小字名":null,"地番":"2-2","精度区分":null,"座標系":"任意座標系"}},{"type":"Polygon","arcs":[[-703,798,799,800]],"properties":{"市区町村名":"留萌市","大字名":"南町","丁目名":"４丁目","小字名":null,"地番":"4-2","精度区分":null,"座標系":"任意座標系"}},{"type":"Polygon","arcs":[[801,802,803,804,805,806]],"properties":{"市区町村名":"留萌市","大字名":"南町","丁目名":"４丁目","小字名":null,"地番":"39","精度区分":null,"座標系":"任意座標系"}},{"type":"Polygon","arcs":[[807,-802,808,809]],"properties":{"市区町村名":"留萌市","大字名":"南町","丁目名":"４丁目","小字名":null,"地番":"40","精度区分":null,"座標系":"任意座標系"}},{"type":"Polygon","arcs":[[810,-691,811,812]],"properties":{"市区町村名":"留萌市","大字名":"南町","丁目名":"４丁目","小字名":null,"地番":"35","精度区分":null,"座標系":"任意座標系"}},{"type":"Polygon","arcs":[[813,-692,-811,814]],"properties":{"市区町村名":"留萌市","大字名":"南町","丁目名":"４丁目","小字名":null,"地番":"42","精度区分":null,"座標系":"任意座標系"}},{"type":"Polygon","arcs":[[815,816,817,-803,-808,818,-776]],"properties":{"市区町村名":"留萌市","大字名":"南町","丁目名":"４丁目","小字名":null,"地番":"46-1","精度区分":null,"座標系":"任意座標系"}},{"type":"Polygon","arcs":[[-810,819,-777,-819]],"properties":{"市区町村名":"留萌市","大字名":"南町","丁目名":"４丁目","小字名":null,"地番":"41","精度区分":null,"座標系":"任意座標系"}},{"type":"Polygon","arcs":[[820,821,822,823]],"properties":{"市区町村名":"留萌市","大字名":"南町","丁目名":"４丁目","小字名":null,"地番":"11","精度区分":null,"座標系":"任意座標系"}},{"type":"Polygon","arcs":[[824,825,826,-823]],"properties":{"市区町村名":"留萌市","大字名":"南町","丁目名":"４丁目","小字名":null,"地番":"10","精度区分":null,"座標系":"任意座標系"}},{"type":"Polygon","arcs":[[-806,827,828,829]],"properties":{"市区町村名":"留萌市","大字名":"南町","丁目名":"４丁目","小字名":null,"地番":"38","精度区分":null,"座標系":"任意座標系"}},{"type":"Polygon","arcs":[[830,831,-789,832,833,-828,-805]],"properties":{"市区町村名":"留萌市","大字名":"南町","丁目名":"４丁目","小字名":null,"地番":"46-2","精度区分":null,"座標系":"任意座標系"}},{"type":"Polygon","arcs":[[834,-831,-804,-818,835]],"properties":{"市区町村名":"留萌市","大字名":"南町","丁目名":"４丁目","小字名":null,"地番":"46-3","精度区分":null,"座標系":"任意座標系"}},{"type":"Polygon","arcs":[[836,-836,-817]],"properties":{"市区町村名":"留萌市","大字名":"南町","丁目名":"４丁目","小字名":null,"地番":"46-4","精度区分":null,"座標系":"任意座標系"}},{"type":"Polygon","arcs":[[-693,-814,837,-784]],"properties":{"市区町村名":"留萌市","大字名":"南町","丁目名":"４丁目","小字名":null,"地番":"43-2","精度区分":null,"座標系":"任意座標系"}},{"type":"Polygon","arcs":[[-838,838,-833,-788]],"properties":{"市区町村名":"留萌市","大字名":"南町","丁目名":"４丁目","小字名":null,"地番":"45-2","精度区分":null,"座標系":"任意座標系"}},{"type":"Polygon","arcs":[[839,840,841,842,-826]],"properties":{"市区町村名":"留萌市","大字名":"南町","丁目名":"４丁目","小字名":null,"地番":"9","精度区分":null,"座標系":"任意座標系"}},{"type":"Polygon","arcs":[[843,-688,844,845]],"properties":{"市区町村名":"留萌市","大字名":"南町","丁目名":"４丁目","小字名":null,"地番":"15","精度区分":null,"座標系":"任意座標系"}},{"type":"Polygon","arcs":[[-689,-844,846,847]],"properties":{"市区町村名":"留萌市","大字名":"南町","丁目名":"４丁目","小字名":null,"地番":"21","精度区分":null,"座標系":"任意座標系"}},{"type":"Polygon","arcs":[[-820,848,849,-778]],"properties":{"市区町村名":"留萌市","大字名":"南町","丁目名":"４丁目","小字名":null,"地番":"34","精度区分":null,"座標系":"任意座標系"}},{"type":"Polygon","arcs":[[850,-785,-779,-850]],"properties":{"市区町村名":"留萌市","大字名":"南町","丁目名":"４丁目","小字名":null,"地番":"27","精度区分":null,"座標系":"任意座標系"}},{"type":"Polygon","arcs":[[851,852,-851,853]],"properties":{"市区町村名":"留萌市","大字名":"南町","丁目名":"４丁目","小字名":null,"地番":"26-2","精度区分":null,"座標系":"任意座標系"}},{"type":"Polygon","arcs":[[854,855,856,-852]],"properties":{"市区町村名":"留萌市","大字名":"南町","丁目名":"４丁目","小字名":null,"地番":"26-1","精度区分":null,"座標系":"任意座標系"}},{"type":"Polygon","arcs":[[-812,-690,-848,857]],"properties":{"市区町村名":"留萌市","大字名":"南町","丁目名":"４丁目","小字名":null,"地番":"28","精度区分":null,"座標系":"任意座標系"}},{"type":"Polygon","arcs":[[858,-758,-773,-724,859]],"properties":{"市区町村名":"留萌市","大字名":"南町","丁目名":"４丁目","小字名":null,"地番":"52-4","精度区分":null,"座標系":"任意座標系"}},{"type":"Polygon","arcs":[[860,-860,-723,861]],"properties":{"市区町村名":"留萌市","大字名":"南町","丁目名":"４丁目","小字名":null,"地番":"52-5","精度区分":null,"座標系":"任意座標系"}},{"type":"Polygon","arcs":[[862,-760,863,864]],"properties":{"市区町村名":"留萌市","大字名":"南町","丁目名":"４丁目","小字名":null,"地番":"53","精度区分":null,"座標系":"任意座標系"}},{"type":"Polygon","arcs":[[-761,-863,865,-721,-718]],"properties":{"市区町村名":"留萌市","大字名":"南町","丁目名":"４丁目","小字名":null,"地番":"52-3","精度区分":null,"座標系":"任意座標系"}},{"type":"Polygon","arcs":[[866,-864,-759,-859,-861]],"properties":{"市区町村名":"留萌市","大字名":"南町","丁目名":"４丁目","小字名":null,"地番":"52-8","精度区分":null,"座標系":"任意座標系"}},{"type":"Polygon","arcs":[[-866,-865,-867,-862,-722]],"properties":{"市区町村名":"留萌市","大字名":"南町","丁目名":"４丁目","小字名":null,"地番":"52-2","精度区分":null,"座標系":"任意座標系"}},{"type":"Polygon","arcs":[[867,868,-727,-660,-750]],"properties":{"市区町村名":"留萌市","大字名":"南町","丁目名":"４丁目","小字名":null,"地番":"54-2","精度区分":null,"座標系":"任意座標系"}},{"type":"Polygon","arcs":[[869,870,871]],"properties":{"市区町村名":"留萌市","大字名":"南町","丁目名":"４丁目","小字名":null,"地番":"65-3","精度区分":null,"座標系":"任意座標系"}},{"type":"Polygon","arcs":[[872,-870,873,-711,-713]],"properties":{"市区町村名":"留萌市","大字名":"南町","丁目名":"４丁目","小字名":null,"地番":"70-2","精度区分":null,"座標系":"任意座標系"}},{"type":"Polygon","arcs":[[874,-748,-733,-745]],"properties":{"市区町村名":"留萌市","大字名":"南町","丁目名":"４丁目","小字名":null,"地番":"58-1","精度区分":null,"座標系":"任意座標系"}},{"type":"Polygon","arcs":[[875,-736,876,877,878]],"properties":{"市区町村名":"留萌市","大字名":"南町","丁目名":"４丁目","小字名":null,"地番":"64-1","精度区分":null,"座標系":"任意座標系"}},{"type":"Polygon","arcs":[[879,880,-878]],"properties":{"市区町村名":"留萌市","大字名":"南町","丁目名":"４丁目","小字名":null,"地番":"64-2","精度区分":null,"座標系":"任意座標系"}},{"type":"Polygon","arcs":[[881,-728,-869]],"properties":{"市区町村名":"留萌市","大字名":"南町","丁目名":"４丁目","小字名":null,"地番":"54-1","精度区分":null,"座標系":"任意座標系"}},{"type":"Polygon","arcs":[[882,-729,-882,883,-875,-744]],"properties":{"市区町村名":"留萌市","大字名":"南町","丁目名":"４丁目","小字名":null,"地番":"55-1","精度区分":null,"座標系":"任意座標系"}},{"type":"Polygon","arcs":[[-741,-730,-883,-743]],"properties":{"市区町村名":"留萌市","大字名":"南町","丁目名":"４丁目","小字名":null,"地番":"56","精度区分":null,"座標系":"任意座標系"}},{"type":"Polygon","arcs":[[884,-737,-876,885]],"properties":{"市区町村名":"留萌市","大字名":"南町","丁目名":"４丁目","小字名":null,"地番":"66-1","精度区分":null,"座標系":"任意座標系"}},{"type":"Polygon","arcs":[[-619,-751,886,887,-886,-879,888,-712,-874,-872,-616]],"properties":{"市区町村名":"留萌市","大字名":"南町","丁目名":"４丁目","小字名":null,"地番":"65-1","精度区分":null,"座標系":"任意座標系"}},{"type":"Polygon","arcs":[[-752,-739,889,-887]],"properties":{"市区町村名":"留萌市","大字名":"南町","丁目名":"４丁目","小字名":null,"地番":"66-2","精度区分":null,"座標系":"任意座標系"}},{"type":"Polygon","arcs":[[-738,-885,-888,-890]],"properties":{"市区町村名":"留萌市","大字名":"南町","丁目名":"４丁目","小字名":null,"地番":"66-3","精度区分":null,"座標系":"任意座標系"}},{"type":"Polygon","arcs":[[890,-656,-709,891]],"properties":{"市区町村名":"留萌市","大字名":"南町","丁目名":"４丁目","小字名":null,"地番":"63","精度区分":null,"座標系":"任意座標系"}},{"type":"Polygon","arcs":[[-880,892,-747,-657,-891]],"properties":{"市区町村名":"留萌市","大字名":"南町","丁目名":"４丁目","小字名":null,"地番":"62-2","精度区分":null,"座標系":"任意座標系"}},{"type":"Polygon","arcs":[[-708,-889,-881,-892]],"properties":{"市区町村名":"留萌市","大字名":"南町","丁目名":"４丁目","小字名":null,"地番":"65-2","精度区分":null,"座標系":"任意座標系"}},{"type":"Polygon","arcs":[[-714,-710,-654]],"properties":{"市区町村名":"留萌市","大字名":"南町","丁目名":"４丁目","小字名":null,"地番":"69","精度区分":null,"座標系":"任意座標系"}},{"type":"Polygon","arcs":[[-735,-893,-877]],"properties":{"市区町村名":"留萌市","大字名":"南町","丁目名":"４丁目","小字名":null,"地番":"62-1","精度区分":null,"座標系":"任意座標系"}},{"type":"Polygon","arcs":[[-868,-749,-884]],"properties":{"市区町村名":"留萌市","大字名":"南町","丁目名":"４丁目","小字名":null,"地番":"55-2","精度区分":null,"座標系":"任意座標系"}},{"type":"Polygon","arcs":[[-809,893,-855,-854,-849]],"properties":{"市区町村名":"留萌市","大字名":"南町","丁目名":"４丁目","小字名":null,"地番":"33","精度区分":null,"座標系":"任意座標系"}},{"type":"Polygon","arcs":[[-807,894,895,-894]],"properties":{"市区町村名":"留萌市","大字名":"南町","丁目名":"４丁目","小字名":null,"地番":"32","精度区分":null,"座標系":"任意座標系"}},{"type":"Polygon","arcs":[[-830,896,897,-895]],"properties":{"市区町村名":"留萌市","大字名":"南町","丁目名":"４丁目","小字名":null,"地番":"31","精度区分":null,"座標系":"任意座標系"}},{"type":"Polygon","arcs":[[898,899,900,-897]],"properties":{"市区町村名":"留萌市","大字名":"南町","丁目名":"４丁目","小字名":null,"地番":"30","精度区分":null,"座標系":"任意座標系"}},{"type":"Polygon","arcs":[[901,902,-899,-829]],"properties":{"市区町村名":"留萌市","大字名":"南町","丁目名":"４丁目","小字名":null,"地番":"37","精度区分":null,"座標系":"任意座標系"}},{"type":"Polygon","arcs":[[903,-858,904,-900]],"properties":{"市区町村名":"留萌市","大字名":"南町","丁目名":"４丁目","小字名":null,"地番":"29","精度区分":null,"座標系":"任意座標系"}},{"type":"Polygon","arcs":[[905,-813,-904,-903]],"properties":{"市区町村名":"留萌市","大字名":"南町","丁目名":"４丁目","小字名":null,"地番":"36","精度区分":null,"座標系":"任意座標系"}},{"type":"Polygon","arcs":[[-847,906,907,-905]],"properties":{"市区町村名":"留萌市","大字名":"南町","丁目名":"４丁目","小字名":null,"地番":"22","精度区分":null,"座標系":"任意座標系"}},{"type":"Polygon","arcs":[[-908,908,909,-901]],"properties":{"市区町村名":"留萌市","大字名":"南町","丁目名":"４丁目","小字名":null,"地番":"23","精度区分":null,"座標系":"任意座標系"}},{"type":"Polygon","arcs":[[-910,910,911,-898]],"properties":{"市区町村名":"留萌市","大字名":"南町","丁目名":"４丁目","小字名":null,"地番":"24","精度区分":null,"座標系":"任意座標系"}},{"type":"Polygon","arcs":[[-912,912,-856,-896]],"properties":{"市区町村名":"留萌市","大字名":"南町","丁目名":"４丁目","小字名":null,"地番":"25","精度区分":null,"座標系":"任意座標系"}},{"type":"Polygon","arcs":[[-853,-857,913,914,-786]],"properties":{"市区町村名":"留萌市","大字名":"南町","丁目名":"４丁目","小字名":null,"地番":"19","精度区分":null,"座標系":"任意座標系"}},{"type":"Polygon","arcs":[[-913,915,916,-914]],"properties":{"市区町村名":"留萌市","大字名":"南町","丁目名":"４丁目","小字名":null,"地番":"18","精度区分":null,"座標系":"任意座標系"}},{"type":"Polygon","arcs":[[-911,-909,917,-825,-822,-916]],"properties":{"市区町村名":"留萌市","大字名":"南町","丁目名":"４丁目","小字名":null,"地番":"17","精度区分":null,"座標系":"任意座標系"}},{"type":"Polygon","arcs":[[-907,-846,-840,-918]],"properties":{"市区町村名":"留萌市","大字名":"南町","丁目名":"４丁目","小字名":null,"地番":"16","精度区分":null,"座標系":"任意座標系"}},{"type":"Polygon","arcs":[[-915,918,919,-768]],"properties":{"市区町村名":"留萌市","大字名":"南町","丁目名":"４丁目","小字名":null,"地番":"13","精度区分":null,"座標系":"任意座標系"}},{"type":"Polygon","arcs":[[920,-781,-769]],"properties":{"市区町村名":"留萌市","大字名":"南町","丁目名":"４丁目","小字名":null,"地番":"6-1","精度区分":null,"座標系":"任意座標系"}},{"type":"Polygon","arcs":[[-920,921,-705,-921]],"properties":{"市区町村名":"留萌市","大字名":"南町","丁目名":"４丁目","小字名":null,"地番":"5-1","精度区分":null,"座標系":"任意座標系"}},{"type":"Polygon","arcs":[[-839,-815,-906,-902,-834]],"properties":{"市区町村名":"留萌市","大字名":"南町","丁目名":"４丁目","小字名":null,"地番":"44","精度区分":null,"座標系":"任意座標系"}},{"type":"Polygon","arcs":[[922,-824,-827,-843,923,-799,-702]],"properties":{"市区町村名":"留萌市","大字名":"南町","丁目名":"４丁目","小字名":null,"地番":"4-1","精度区分":null,"座標系":"任意座標系"}},{"type":"Polygon","arcs":[[-922,924,-923,-701]],"properties":{"市区町村名":"留萌市","大字名":"南町","丁目名":"４丁目","小字名":null,"地番":"4-4","精度区分":null,"座標系":"任意座標系"}},{"type":"Polygon","arcs":[[-919,-917,-821,-925]],"properties":{"市区町村名":"留萌市","大字名":"南町","丁目名":"４丁目","小字名":null,"地番":"12","精度区分":null,"座標系":"任意座標系"}},{"type":"Polygon","arcs":[[925,926,927,-842]],"properties":{"市区町村名":"留萌市","大字名":"南町","丁目名":"４丁目","小字名":null,"地番":"7","精度区分":null,"座標系":"任意座標系"}},{"type":"Polygon","arcs":[[928,929,930,-924,-928]],"properties":{"市区町村名":"留萌市","大字名":"南町","丁目名":"４丁目","小字名":null,"地番":"3-1","精度区分":null,"座標系":"任意座標系"}},{"type":"Polygon","arcs":[[-686,-795,-797,931,-929,-927]],"properties":{"市区町村名":"留萌市","大字名":"南町","丁目名":"４丁目","小字名":null,"地番":"2-1","精度区分":null,"座標系":"任意座標系"}},{"type":"Polygon","arcs":[[-841,-845,-687,-926]],"properties":{"市区町村名":"留萌市","大字名":"南町","丁目名":"４丁目","小字名":null,"地番":"8","精度区分":null,"座標系":"任意座標系"}},{"type":"Polygon","arcs":[[-800,-931,932,-796,933]],"properties":{"市区町村名":"留萌市","大字名":"南町","丁目名":"４丁目","小字名":null,"地番":"3-2","精度区分":null,"座標系":"任意座標系"}},{"type":"Polygon","arcs":[[-933,-930,-932]],"properties":{"市区町村名":"留萌市","大字名":"南町","丁目名":"４丁目","小字名":null,"地番":"3-3","精度区分":null,"座標系":"任意座標系"}},{"type":"Polygon","arcs":[[-296,934,935]],"properties":{"市区町村名":"留萌市","大字名":"南町","丁目名":"３丁目","小字名":null,"地番":"60","精度区分":null,"座標系":"任意座標系"}},{"type":"Polygon","arcs":[[-935,-295,936,937,938]],"properties":{"市区町村名":"留萌市","大字名":"南町","丁目名":"３丁目","小字名":null,"地番":"55","精度区分":null,"座標系":"任意座標系"}},{"type":"Polygon","arcs":[[939,940,941,942]],"properties":{"市区町村名":"留萌市","大字名":"南町","丁目名":"３丁目","小字名":null,"地番":"52-1","精度区分":null,"座標系":"任意座標系"}},{"type":"Polygon","arcs":[[-293,-680,943,944,945,946]],"properties":{"市区町村名":"留萌市","大字名":"南町","丁目名":"３丁目","小字名":null,"地番":"50","精度区分":null,"座標系":"任意座標系"}},{"type":"Polygon","arcs":[[-943,947,-938]],"properties":{"市区町村名":"留萌市","大字名":"南町","丁目名":"３丁目","小字名":null,"地番":"54-2","精度区分":null,"座標系":"任意座標系"}},{"type":"Polygon","arcs":[[-946,948,949,-941]],"properties":{"市区町村名":"留萌市","大字名":"南町","丁目名":"３丁目","小字名":null,"地番":"51","精度区分":null,"座標系":"任意座標系"}},{"type":"Polygon","arcs":[[-945,950,-949]],"properties":{"市区町村名":"留萌市","大字名":"南町","丁目名":"３丁目","小字名":null,"地番":"49","精度区分":null,"座標系":"任意座標系"}},{"type":"Polygon","arcs":[[-294,-947,-940,-937]],"properties":{"市区町村名":"留萌市","大字名":"南町","丁目名":"３丁目","小字名":null,"地番":"53","精度区分":null,"座標系":"任意座標系"}},{"type":"Polygon","arcs":[[951,952,953,954,955,956]],"properties":{"市区町村名":"留萌市","大字名":"南町","丁目名":"３丁目","小字名":null,"地番":"2-1","精度区分":null,"座標系":"任意座標系"}},{"type":"Polygon","arcs":[[-956,957,958,959,960,961]],"properties":{"市区町村名":"留萌市","大字名":"南町","丁目名":"３丁目","小字名":null,"地番":"2-2","精度区分":null,"座標系":"任意座標系"}},{"type":"Polygon","arcs":[[-959,962,963]],"properties":{"市区町村名":"留萌市","大字名":"南町","丁目名":"３丁目","小字名":null,"地番":"66","精度区分":null,"座標系":"任意座標系"}},{"type":"Polygon","arcs":[[964,965,966,967]],"properties":{"市区町村名":"留萌市","大字名":"南町","丁目名":"３丁目","小字名":null,"地番":"68","精度区分":null,"座標系":"任意座標系"}},{"type":"Polygon","arcs":[[968,969]],"properties":{"市区町村名":"留萌市","大字名":"南町","丁目名":"３丁目","小字名":null,"地番":"70","精度区分":null,"座標系":"任意座標系"}},{"type":"Polygon","arcs":[[970,971,972]],"properties":{"市区町村名":"留萌市","大字名":"南町","丁目名":"３丁目","小字名":null,"地番":"65","精度区分":null,"座標系":"任意座標系"}},{"type":"Polygon","arcs":[[973,974,975,976]],"properties":{"市区町村名":"留萌市","大字名":"南町","丁目名":"３丁目","小字名":null,"地番":"72","精度区分":null,"座標系":"任意座標系"}},{"type":"Polygon","arcs":[[-944,-679,977,978]],"properties":{"市区町村名":"留萌市","大字名":"南町","丁目名":"３丁目","小字名":null,"地番":"47","精度区分":null,"座標系":"任意座標系"}},{"type":"Polygon","arcs":[[-667,979,980,981]],"properties":{"市区町村名":"留萌市","大字名":"南町","丁目名":"３丁目","小字名":null,"地番":"1-1","精度区分":null,"座標系":"任意座標系"}},{"type":"Polygon","arcs":[[982,983,984,985,-962,986]],"properties":{"市区町村名":"留萌市","大字名":"南町","丁目名":"３丁目","小字名":null,"地番":"16","精度区分":null,"座標系":"任意座標系"}},{"type":"Polygon","arcs":[[987,-960,988,-966,-973,989,990]],"properties":{"市区町村名":"留萌市","大字名":"南町","丁目名":"３丁目","小字名":null,"地番":"45-1","精度区分":null,"座標系":"任意座標系"}},{"type":"Polygon","arcs":[[-989,-964,-967]],"properties":{"市区町村名":"留萌市","大字名":"南町","丁目名":"３丁目","小字名":null,"地番":"67","精度区分":null,"座標系":"任意座標系"}},{"type":"Polygon","arcs":[[-978,-678,991,992,993]],"properties":{"市区町村名":"留萌市","大字名":"南町","丁目名":"３丁目","小字名":null,"地番":"44","精度区分":null,"座標系":"任意座標系"}},{"type":"Polygon","arcs":[[-677,994,995,996,997,-992]],"properties":{"市区町村名":"留萌市","大字名":"南町","丁目名":"３丁目","小字名":null,"地番":"42-1","精度区分":null,"座標系":"任意座標系"}},{"type":"Polygon","arcs":[[-951,-979,998,999,1000,1001,1002,-987,-961,-988,1003,-976,1004]],"properties":{"市区町村名":"留萌市","大字名":"南町","丁目名":"３丁目","小字名":null,"地番":"46","精度区分":null,"座標系":"任意座標系"}},{"type":"Polygon","arcs":[[-965,1005,1006,1007,-971]],"properties":{"市区町村名":"留萌市","大字名":"南町","丁目名":"３丁目","小字名":null,"地番":"69-1","精度区分":null,"座標系":"任意座標系"}},{"type":"Polygon","arcs":[[-1007,1008,-970,1009]],"properties":{"市区町村名":"留萌市","大字名":"南町","丁目名":"３丁目","小字名":null,"地番":"69-2","精度区分":null,"座標系":"任意座標系"}},{"type":"Polygon","arcs":[[-1004,-991,1010,-977]],"properties":{"市区町村名":"留萌市","大字名":"南町","丁目名":"３丁目","小字名":null,"地番":"71","精度区分":null,"座標系":"任意座標系"}},{"type":"Polygon","arcs":[[-975,-950,-1005]],"properties":{"市区町村名":"留萌市","大字名":"南町","丁目名":"３丁目","小字名":null,"地番":"48","精度区分":null,"座標系":"任意座標系"}},{"type":"Polygon","arcs":[[1011,1012,1013,1014,-999,-994]],"properties":{"市区町村名":"留萌市","大字名":"南町","丁目名":"３丁目","小字名":null,"地番":"43","精度区分":null,"座標系":"任意座標系"}},{"type":"Polygon","arcs":[[1015,1016,1017,-1000,-1015]],"properties":{"市区町村名":"留萌市","大字名":"南町","丁目名":"３丁目","小字名":null,"地番":"40","精度区分":null,"座標系":"任意座標系"}},{"type":"Polygon","arcs":[[1018,-675,1019]],"properties":{"市区町村名":"留萌市","大字名":"南町","丁目名":"３丁目","小字名":null,"地番":"32","精度区分":null,"座標系":"任意座標系"}},{"type":"Polygon","arcs":[[1020,1021,1022,1023,1024,1025,1026,-1020,-674,1027,1028,1029,1030,1031,1032,1033,1034,1035,1036,1037,-1017]],"properties":{"市区町村名":"留萌市","大字名":"南町","丁目名":"３丁目","小字名":null,"地番":"30","精度区分":null,"座標系":"任意座標系"}},{"type":"Polygon","arcs":[[1038,1039,-1019,-1027]],"properties":{"市区町村名":"留萌市","大字名":"南町","丁目名":"３丁目","小字名":null,"地番":"33","精度区分":null,"座標系":"任意座標系"}},{"type":"Polygon","arcs":[[-1038,1040,1041,-1001,-1018]],"properties":{"市区町村名":"留萌市","大字名":"南町","丁目名":"３丁目","小字名":null,"地番":"31","精度区分":null,"座標系":"任意座標系"}},{"type":"Polygon","arcs":[[1042,-1039,-1026,1043]],"properties":{"市区町村名":"留萌市","大字名":"南町","丁目名":"３丁目","小字名":null,"地番":"34","精度区分":null,"座標系":"任意座標系"}},{"type":"Polygon","arcs":[[1044,1045,-1044,-1025]],"properties":{"市区町村名":"留萌市","大字名":"南町","丁目名":"３丁目","小字名":null,"地番":"35","精度区分":null,"座標系":"任意座標系"}},{"type":"Polygon","arcs":[[1046,-996,1047,-1045,-1024,1048]],"properties":{"市区町村名":"留萌市","大字名":"南町","丁目名":"３丁目","小字名":null,"地番":"36","精度区分":null,"座標系":"任意座標系"}},{"type":"Polygon","arcs":[[1049,1050,1051,-1049,-1023]],"properties":{"市区町村名":"留萌市","大字名":"南町","丁目名":"３丁目","小字名":null,"地番":"37","精度区分":null,"座標系":"任意座標系"}},{"type":"Polygon","arcs":[[1052,-1050,-1022,1053]],"properties":{"市区町村名":"留萌市","大字名":"南町","丁目名":"３丁目","小字名":null,"地番":"38","精度区分":null,"座標系":"任意座標系"}},{"type":"Polygon","arcs":[[-1016,-1014,1054,-1054,-1021]],"properties":{"市区町村名":"留萌市","大字名":"南町","丁目名":"３丁目","小字名":null,"地番":"39","精度区分":null,"座標系":"任意座標系"}},{"type":"Polygon","arcs":[[-1012,-993,-998,1055]],"properties":{"市区町村名":"留萌市","大字名":"南町","丁目名":"３丁目","小字名":null,"地番":"42-3","精度区分":null,"座標系":"任意座標系"}},{"type":"Polygon","arcs":[[-995,-676,-1040,-1043,-1046,-1048]],"properties":{"市区町村名":"留萌市","大字名":"南町","丁目名":"３丁目","小字名":null,"地番":"41","精度区分":null,"座標系":"任意座標系"}},{"type":"Polygon","arcs":[[-997,-1047,-1052,1056]],"properties":{"市区町村名":"留萌市","大字名":"南町","丁目名":"３丁目","小字名":null,"地番":"42-2","精度区分":null,"座標系":"任意座標系"}},{"type":"Polygon","arcs":[[-1057,-1051,-1053,-1055,-1013,-1056]],"properties":{"市区町村名":"留萌市","大字名":"南町","丁目名":"３丁目","小字名":null,"地番":"42-4","精度区分":null,"座標系":"任意座標系"}},{"type":"Polygon","arcs":[[-1030,1057,1058,1059]],"properties":{"市区町村名":"留萌市","大字名":"南町","丁目名":"３丁目","小字名":null,"地番":"21","精度区分":null,"座標系":"任意座標系"}},{"type":"Polygon","arcs":[[-1028,-673,1060,1061]],"properties":{"市区町村名":"留萌市","大字名":"南町","丁目名":"３丁目","小字名":null,"地番":"18-2","精度区分":null,"座標系":"任意座標系"}},{"type":"Polygon","arcs":[[1062,-1058,-1029,-1062]],"properties":{"市区町村名":"留萌市","大字名":"南町","丁目名":"３丁目","小字名":null,"地番":"18-1","精度区分":null,"座標系":"任意座標系"}},{"type":"Polygon","arcs":[[-1042,1063,1064,-1002]],"properties":{"市区町村名":"留萌市","大字名":"南町","丁目名":"３丁目","小字名":null,"地番":"29","精度区分":null,"座標系":"任意座標系"}},{"type":"Polygon","arcs":[[1065,1066,1067,1068,1069,1070,1071,-1059,-1063,-1061,-672,1072,1073,1074,1075,-983,-1003,-1065]],"properties":{"市区町村名":"留萌市","大字名":"南町","丁目名":"３丁目","小字名":null,"地番":"17","精度区分":null,"座標系":"任意座標系"}},{"type":"Polygon","arcs":[[1076,-1031,-1060,-1072]],"properties":{"市区町村名":"留萌市","大字名":"南町","丁目名":"３丁目","小字名":null,"地番":"22","精度区分":null,"座標系":"任意座標系"}},{"type":"Polygon","arcs":[[-1032,-1077,-1071,1077]],"properties":{"市区町村名":"留萌市","大字名":"南町","丁目名":"３丁目","小字名":null,"地番":"23","精度区分":null,"座標系":"任意座標系"}},{"type":"Polygon","arcs":[[1078,-1033,-1078,-1070]],"properties":{"市区町村名":"留萌市","大字名":"南町","丁目名":"３丁目","小字名":null,"地番":"24","精度区分":null,"座標系":"任意座標系"}},{"type":"Polygon","arcs":[[-1034,-1079,-1069,1079]],"properties":{"市区町村名":"留萌市","大字名":"南町","丁目名":"３丁目","小字名":null,"地番":"25","精度区分":null,"座標系":"任意座標系"}},{"type":"Polygon","arcs":[[1080,-1035,-1080,-1068]],"properties":{"市区町村名":"留萌市","大字名":"南町","丁目名":"３丁目","小字名":null,"地番":"26","精度区分":null,"座標系":"任意座標系"}},{"type":"Polygon","arcs":[[-1036,-1081,-1067,1081]],"properties":{"市区町村名":"留萌市","大字名":"南町","丁目名":"３丁目","小字名":null,"地番":"27","精度区分":null,"座標系":"任意座標系"}},{"type":"Polygon","arcs":[[-1041,-1037,-1082,-1066,-1064]],"properties":{"市区町村名":"留萌市","大字名":"南町","丁目名":"３丁目","小字名":null,"地番":"28","精度区分":null,"座標系":"任意座標系"}},{"type":"Polygon","arcs":[[-1076,1082,1083,1084,-984]],"properties":{"市区町村名":"留萌市","大字名":"南町","丁目名":"３丁目","小字名":null,"地番":"12","精度区分":null,"座標系":"任意座標系"}},{"type":"Polygon","arcs":[[-1073,-671,1085,1086]],"properties":{"市区町村名":"留萌市","大字名":"南町","丁目名":"３丁目","小字名":null,"地番":"15","精度区分":null,"座標系":"任意座標系"}},{"type":"Polygon","arcs":[[1087,1088,1089,1090,1091]],"properties":{"市区町村名":"留萌市","大字名":"南町","丁目名":"３丁目","小字名":null,"地番":"6","精度区分":null,"座標系":"任意座標系"}},{"type":"Polygon","arcs":[[-670,1092,1093,-1091,1094,1095,1096,1097,-1084,1098,1099,-1086]],"properties":{"市区町村名":"留萌市","大字名":"南町","丁目名":"３丁目","小字名":null,"地番":"10","精度区分":null,"座標系":"任意座標系"}},{"type":"Polygon","arcs":[[-1093,-669,1100,1101]],"properties":{"市区町村名":"留萌市","大字名":"南町","丁目名":"３丁目","小字名":null,"地番":"8","精度区分":null,"座標系":"任意座標系"}},{"type":"Polygon","arcs":[[-1098,1102,-985,-1085]],"properties":{"市区町村名":"留萌市","大字名":"南町","丁目名":"３丁目","小字名":null,"地番":"11","精度区分":null,"座標系":"任意座標系"}},{"type":"Polygon","arcs":[[-1097,1103,-957,-986,-1103]],"properties":{"市区町村名":"留萌市","大字名":"南町","丁目名":"３丁目","小字名":null,"地番":"9","精度区分":null,"座標系":"任意座標系"}},{"type":"Polygon","arcs":[[-1100,1104,-1074,-1087]],"properties":{"市区町村名":"留萌市","大字名":"南町","丁目名":"３丁目","小字名":null,"地番":"14","精度区分":null,"座標系":"任意座標系"}},{"type":"Polygon","arcs":[[-1099,-1083,-1075,-1105]],"properties":{"市区町村名":"留萌市","大字名":"南町","丁目名":"３丁目","小字名":null,"地番":"13","精度区分":null,"座標系":"任意座標系"}},{"type":"Polygon","arcs":[[-668,-982,-953,1105,1106,-1088,1107,-1101]],"properties":{"市区町村名":"留萌市","大字名":"南町","丁目名":"３丁目","小字名":null,"地番":"1-2","精度区分":null,"座標系":"任意座標系"}},{"type":"Polygon","arcs":[[-1108,-1092,-1094,-1102]],"properties":{"市区町村名":"留萌市","大字名":"南町","丁目名":"３丁目","小字名":null,"地番":"7","精度区分":null,"座標系":"任意座標系"}},{"type":"Polygon","arcs":[[1108,1109,-1095,-1090]],"properties":{"市区町村名":"留萌市","大字名":"南町","丁目名":"３丁目","小字名":null,"地番":"5","精度区分":null,"座標系":"任意座標系"}},{"type":"Polygon","arcs":[[1110,-1106,-952,-1104,-1096,-1110]],"properties":{"市区町村名":"留萌市","大字名":"南町","丁目名":"３丁目","小字名":null,"地番":"3","精度区分":null,"座標系":"任意座標系"}},{"type":"Polygon","arcs":[[-1089,-1107,-1111,-1109]],"properties":{"市区町村名":"留萌市","大字名":"南町","丁目名":"３丁目","小字名":null,"地番":"4","精度区分":null,"座標系":"任意座標系"}},{"type":"Polygon","arcs":[[-981,1111,-954]],"properties":{"市区町村名":"留萌市","大字名":"南町","丁目名":"３丁目","小字名":null,"地番":"1-3","精度区分":null,"座標系":"任意座標系"}},{"type":"Polygon","arcs":[[1112,1113,1114,1115,1116,1117,1118]],"properties":{"市区町村名":"留萌市","大字名":"南町","丁目名":"２丁目","小字名":null,"地番":"76W1","精度区分":null,"座標系":"任意座標系"}},{"type":"Polygon","arcs":[[1119,1120,1121]],"properties":{"市区町村名":"留萌市","大字名":"南町","丁目名":"２丁目","小字名":null,"地番":"370","精度区分":null,"座標系":"任意座標系"}},{"type":"Polygon","arcs":[[-1121,1122,1123,1124,1125,1126,1127,1128,1129,1130,1131,1132,1133]],"properties":{"市区町村名":"留萌市","大字名":"南町","丁目名":"２丁目","小字名":null,"地番":"371-11","精度区分":null,"座標系":"任意座標系"}},{"type":"Polygon","arcs":[[1134,1135,1136,1137]],"properties":{"市区町村名":"留萌市","大字名":"南町","丁目名":"２丁目","小字名":null,"地番":"374-11","精度区分":null,"座標系":"任意座標系"}},{"type":"Polygon","arcs":[[1138,1139,1140,1141,-682,1142]],"properties":{"市区町村名":"留萌市","大字名":"南町","丁目名":"２丁目","小字名":null,"地番":"331W1","精度区分":null,"座標系":"任意座標系"}},{"type":"Polygon","arcs":[[1143,1144,1145,1146,1147]],"properties":{"市区町村名":"留萌市","大字名":"南町","丁目名":"２丁目","小字名":null,"地番":"161","精度区分":null,"座標系":"任意座標系"}},{"type":"Polygon","arcs":[[1148,1149,1150,1151]],"properties":{"市区町村名":"留萌市","大字名":"南町","丁目名":"２丁目","小字名":null,"地番":"87","精度区分":null,"座標系":"任意座標系"}},{"type":"Polygon","arcs":[[1152,1153,1154,-1150]],"properties":{"市区町村名":"留萌市","大字名":"南町","丁目名":"２丁目","小字名":null,"地番":"84","精度区分":null,"座標系":"任意座標系"}},{"type":"Polygon","arcs":[[1155,-1118,1156]],"properties":{"市区町村名":"留萌市","大字名":"南町","丁目名":"２丁目","小字名":null,"地番":"81-1","精度区分":null,"座標系":"任意座標系"}},{"type":"Polygon","arcs":[[-1153,1157,-1119,-1156,1158,1159,1160,1161]],"properties":{"市区町村名":"留萌市","大字名":"南町","丁目名":"２丁目","小字名":null,"地番":"83","精度区分":null,"座標系":"任意座標系"}},{"type":"Polygon","arcs":[[-1149,1162,1163,-1158]],"properties":{"市区町村名":"留萌市","大字名":"南町","丁目名":"２丁目","小字名":null,"地番":"86","精度区分":null,"座標系":"任意座標系"}},{"type":"Polygon","arcs":[[1164,-1159,-1157,-1117,1165]],"properties":{"市区町村名":"留萌市","大字名":"南町","丁目名":"２丁目","小字名":null,"地番":"81-3","精度区分":null,"座標系":"任意座標系"}},{"type":"Polygon","arcs":[[1166,-1160,-1165,1167,1168,1169]],"properties":{"市区町村名":"留萌市","大字名":"南町","丁目名":"２丁目","小字名":null,"地番":"81-2","精度区分":null,"座標系":"任意座標系"}},{"type":"Polygon","arcs":[[-1170,1170,1171]],"properties":{"市区町村名":"留萌市","大字名":"南町","丁目名":"２丁目","小字名":null,"地番":"81-5","精度区分":null,"座標系":"任意座標系"}},{"type":"Polygon","arcs":[[-1161,-1167,-1172,1172,1173]],"properties":{"市区町村名":"留萌市","大字名":"南町","丁目名":"２丁目","小字名":null,"地番":"81-4","精度区分":null,"座標系":"任意座標系"}},{"type":"Polygon","arcs":[[-1154,-1162,-1174,1174,1175,1176]],"properties":{"市区町村名":"留萌市","大字名":"南町","丁目名":"２丁目","小字名":null,"地番":"82","精度区分":null,"座標系":"任意座標系"}},{"type":"Polygon","arcs":[[-1128,1177,1178,1179,1180,1181]],"properties":{"市区町村名":"留萌市","大字名":"南町","丁目名":"２丁目","小字名":null,"地番":"371-14","精度区分":null,"座標系":"任意座標系"}},{"type":"Polygon","arcs":[[1182,1183,-1181,1184,1185,1186]],"properties":{"市区町村名":"留萌市","大字名":"南町","丁目名":"２丁目","小字名":null,"地番":"162-4","精度区分":null,"座標系":"任意座標系"}},{"type":"Polygon","arcs":[[1187,1188,1189,1190,1191,1192,1193,1194,1195,1196,1197]],"properties":{"市区町村名":"留萌市","大字名":"南町","丁目名":"２丁目","小字名":null,"地番":"373","精度区分":null,"座標系":"任意座標系"}},{"type":"Polygon","arcs":[[-1197,1198,1199,1200,1201,1202,1203,1204]],"properties":{"市区町村名":"留萌市","大字名":"南町","丁目名":"２丁目","小字名":null,"地番":"367-2","精度区分":null,"座標系":"任意座標系"}},{"type":"Polygon","arcs":[[-1178,-1127,1205,1206,1207]],"properties":{"市区町村名":"留萌市","大字名":"南町","丁目名":"２丁目","小字名":null,"地番":"368","精度区分":null,"座標系":"任意座標系"}},{"type":"Polygon","arcs":[[-1125,1208,1209,1210]],"properties":{"市区町村名":"留萌市","大字名":"南町","丁目名":"２丁目","小字名":null,"地番":"95-1","精度区分":null,"座標系":"任意座標系"}},{"type":"Polygon","arcs":[[1211,-1133,1212,1213,1214,1215,1216]],"properties":{"市区町村名":"留萌市","大字名":"南町","丁目名":"２丁目","小字名":null,"地番":"371-2","精度区分":null,"座標系":"任意座標系"}},{"type":"Polygon","arcs":[[-1120,1217,-1123]],"properties":{"市区町村名":"留萌市","大字名":"南町","丁目名":"２丁目","小字名":null,"地番":"369","精度区分":null,"座標系":"任意座標系"}},{"type":"Polygon","arcs":[[-1206,-1126,-1211,1218]],"properties":{"市区町村名":"留萌市","大字名":"南町","丁目名":"２丁目","小字名":null,"地番":"95-2","精度区分":null,"座標系":"任意座標系"}},{"type":"Polygon","arcs":[[-1219,1219,1220,-1207]],"properties":{"市区町村名":"留萌市","大字名":"南町","丁目名":"２丁目","小字名":null,"地番":"94-2","精度区分":null,"座標系":"任意座標系"}},{"type":"Polygon","arcs":[[1221,1222,1223,-1146,1224,1225]],"properties":{"市区町村名":"留萌市","大字名":"南町","丁目名":"２丁目","小字名":null,"地番":"154","精度区分":null,"座標系":"任意座標系"}},{"type":"Polygon","arcs":[[1226,1227,1228,1229,1230]],"properties":{"市区町村名":"留萌市","大字名":"南町","丁目名":"２丁目","小字名":null,"地番":"348","精度区分":null,"座標系":"任意座標系"}},{"type":"Polygon","arcs":[[1231,1232,1233,1234,-1140,1235,1236,-1228]],"properties":{"市区町村名":"留萌市","大字名":"南町","丁目名":"２丁目","小字名":null,"地番":"329-1","精度区分":null,"座標系":"任意座標系"}},{"type":"Polygon","arcs":[[1237,-1203,1238,1239,1240]],"properties":{"市区町村名":"留萌市","大字名":"南町","丁目名":"２丁目","小字名":null,"地番":"364-1","精度区分":null,"座標系":"任意座標系"}},{"type":"Polygon","arcs":[[-1238,1241,1242,1243,-1204]],"properties":{"市区町村名":"留萌市","大字名":"南町","丁目名":"２丁目","小字名":null,"地番":"365","精度区分":null,"座標系":"任意座標系"}},{"type":"Polygon","arcs":[[1244,1245,1246,1247,1248]],"properties":{"市区町村名":"留萌市","大字名":"南町","丁目名":"２丁目","小字名":null,"地番":"273","精度区分":null,"座標系":"任意座標系"}},{"type":"Polygon","arcs":[[1249,1250,-1245,1251]],"properties":{"市区町村名":"留萌市","大字名":"南町","丁目名":"２丁目","小字名":null,"地番":"277","精度区分":null,"座標系":"任意座標系"}},{"type":"Polygon","arcs":[[-1251,1252,1253,1254,-1246]],"properties":{"市区町村名":"留萌市","大字名":"南町","丁目名":"２丁目","小字名":null,"地番":"276","精度区分":null,"座標系":"任意座標系"}},{"type":"Polygon","arcs":[[1255,1256,1257,1258]],"properties":{"市区町村名":"留萌市","大字名":"南町","丁目名":"２丁目","小字名":null,"地番":"338","精度区分":null,"座標系":"任意座標系"}},{"type":"Polygon","arcs":[[-1256,1259,1260,1261,1262,1263,1264,1265]],"properties":{"市区町村名":"留萌市","大字名":"南町","丁目名":"２丁目","小字名":null,"地番":"327","精度区分":null,"座標系":"任意座標系"}},{"type":"Polygon","arcs":[[-1258,1266,1267,1268,1269]],"properties":{"市区町村名":"留萌市","大字名":"南町","丁目名":"２丁目","小字名":null,"地番":"247","精度区分":null,"座標系":"任意座標系"}},{"type":"Polygon","arcs":[[1270,1271,1272,1273,1274]],"properties":{"市区町村名":"留萌市","大字名":"南町","丁目名":"２丁目","小字名":null,"地番":"169","精度区分":null,"座標系":"任意座標系"}},{"type":"Polygon","arcs":[[1275,1276,-1271,1277]],"properties":{"市区町村名":"留萌市","大字名":"南町","丁目名":"２丁目","小字名":null,"地番":"187","精度区分":null,"座標系":"任意座標系"}},{"type":"Polygon","arcs":[[1278,1279,1280,1281,1282]],"properties":{"市区町村名":"留萌市","大字名":"南町","丁目名":"２丁目","小字名":null,"地番":"244","精度区分":null,"座標系":"任意座標系"}},{"type":"Polygon","arcs":[[1283,1284,-43,-38]],"properties":{"市区町村名":"留萌市","大字名":"南町","丁目名":"２丁目","小字名":null,"地番":"145","精度区分":null,"座標系":"任意座標系"}},{"type":"Polygon","arcs":[[1285,1286,-1260,-1259]],"properties":{"市区町村名":"留萌市","大字名":"南町","丁目名":"２丁目","小字名":null,"地番":"332","精度区分":null,"座標系":"任意座標系"}},{"type":"Polygon","arcs":[[1287,1288,1289,1290]],"properties":{"市区町村名":"留萌市","大字名":"南町","丁目名":"２丁目","小字名":null,"地番":"186","精度区分":null,"座標系":"任意座標系"}},{"type":"Polygon","arcs":[[1291,1292,-1288,1293,1294]],"properties":{"市区町村名":"留萌市","大字名":"南町","丁目名":"２丁目","小字名":null,"地番":"241","精度区分":null,"座標系":"任意座標系"}},{"type":"Polygon","arcs":[[-42,1295,1296]],"properties":{"市区町村名":"留萌市","大字名":"南町","丁目名":"２丁目","小字名":null,"地番":"137","精度区分":null,"座標系":"任意座標系"}},{"type":"Polygon","arcs":[[1297,-40,-1297,1298,1299]],"properties":{"市区町村名":"留萌市","大字名":"南町","丁目名":"２丁目","小字名":null,"地番":"138","精度区分":null,"座標系":"任意座標系"}},{"type":"Polygon","arcs":[[1300,1301,-36,1302,1303]],"properties":{"市区町村名":"留萌市","大字名":"南町","丁目名":"２丁目","小字名":null,"地番":"143","精度区分":null,"座標系":"任意座標系"}},{"type":"Polygon","arcs":[[1304,1305,1306,1307,1308]],"properties":{"市区町村名":"留萌市","大字名":"南町","丁目名":"２丁目","小字名":null,"地番":"140","精度区分":null,"座標系":"任意座標系"}},{"type":"Polygon","arcs":[[-1303,-1298,1309,1310,-1306]],"properties":{"市区町村名":"留萌市","大字名":"南町","丁目名":"２丁目","小字名":null,"地番":"139","精度区分":null,"座標系":"任意座標系"}},{"type":"Polygon","arcs":[[-1309,1311,1312,1313,-1275]],"properties":{"市区町村名":"留萌市","大字名":"南町","丁目名":"２丁目","小字名":null,"地番":"168","精度区分":null,"座標系":"任意座標系"}},{"type":"Polygon","arcs":[[1314,1315,1316,1317,1318]],"properties":{"市区町村名":"留萌市","大字名":"南町","丁目名":"２丁目","小字名":null,"地番":"274","精度区分":null,"座標系":"任意座標系"}},{"type":"Polygon","arcs":[[-1254,1319,1320,-1315,1321]],"properties":{"市区町村名":"留萌市","大字名":"南町","丁目名":"２丁目","小字名":null,"地番":"275","精度区分":null,"座標系":"任意座標系"}},{"type":"Polygon","arcs":[[1322,-1269,1323,1324,-1279]],"properties":{"市区町村名":"留萌市","大字名":"南町","丁目名":"２丁目","小字名":null,"地番":"243","精度区分":null,"座標系":"任意座標系"}},{"type":"Polygon","arcs":[[-1323,-1283,-1286,-1270]],"properties":{"市区町村名":"留萌市","大字名":"南町","丁目名":"２丁目","小字名":null,"地番":"245","精度区分":null,"座標系":"任意座標系"}},{"type":"Polygon","arcs":[[-1295,1325,1326,1327]],"properties":{"市区町村名":"留萌市","大字名":"南町","丁目名":"２丁目","小字名":null,"地番":"238","精度区分":null,"座標系":"任意座標系"}},{"type":"Polygon","arcs":[[-1287,-1282,1328,-1261]],"properties":{"市区町村名":"留萌市","大字名":"南町","丁目名":"２丁目","小字名":null,"地番":"307W1","精度区分":null,"座標系":"任意座標系"}},{"type":"Polygon","arcs":[[1329,1330,1331,1332,1333]],"properties":{"市区町村名":"留萌市","大字名":"南町","丁目名":"２丁目","小字名":null,"地番":"341","精度区分":null,"座標系":"任意座標系"}},{"type":"Polygon","arcs":[[1334,1335,-1257,1336,-1331]],"properties":{"市区町村名":"留萌市","大字名":"南町","丁目名":"２丁目","小字名":null,"地番":"339","精度区分":null,"座標系":"任意座標系"}},{"type":"Polygon","arcs":[[-1227,1337,-1332,-1337,-1266,1338]],"properties":{"市区町村名":"留萌市","大字名":"南町","丁目名":"２丁目","小字名":null,"地番":"347","精度区分":null,"座標系":"任意座標系"}},{"type":"Polygon","arcs":[[1339,1340,1341,-1249,1342,1343,1344,-1335,-1330,1345,1346,1347,1348]],"properties":{"市区町村名":"留萌市","大字名":"南町","丁目名":"２丁目","小字名":null,"地番":"340","精度区分":null,"座標系":"任意座標系"}},{"type":"Polygon","arcs":[[1349,-1200,-1340,1350,1351]],"properties":{"市区町村名":"留萌市","大字名":"南町","丁目名":"２丁目","小字名":null,"地番":"359","精度区分":null,"座標系":"任意座標系"}},{"type":"Polygon","arcs":[[-1199,-1196,1352,-1341]],"properties":{"市区町村名":"留萌市","大字名":"南町","丁目名":"２丁目","小字名":null,"地番":"367-1","精度区分":null,"座標系":"任意座標系"}},{"type":"Polygon","arcs":[[1353,1354,1355,-1141,-1235]],"properties":{"市区町村名":"留萌市","大字名":"南町","丁目名":"２丁目","小字名":null,"地番":"329-2","精度区分":null,"座標系":"任意座標系"}},{"type":"Polygon","arcs":[[-1232,-1339,-1265,1356]],"properties":{"市区町村名":"留萌市","大字名":"南町","丁目名":"２丁目","小字名":null,"地番":"344","精度区分":null,"座標系":"任意座標系"}},{"type":"Polygon","arcs":[[1357,1358,1359,1360,1361,-1333,-1338,-1231,1362]],"properties":{"市区町村名":"留萌市","大字名":"南町","丁目名":"２丁目","小字名":null,"地番":"350-1","精度区分":null,"座標系":"任意座標系"}},{"type":"Polygon","arcs":[[-1357,-1264,1363,-1233]],"properties":{"市区町村名":"留萌市","大字名":"南町","丁目名":"２丁目","小字名":null,"地番":"334","精度区分":null,"座標系":"任意座標系"}},{"type":"Polygon","arcs":[[-1263,1364,-1354,-1234,-1364]],"properties":{"市区町村名":"留萌市","大字名":"南町","丁目名":"２丁目","小字名":null,"地番":"328","精度区分":null,"座標系":"任意座標系"}},{"type":"Polygon","arcs":[[-1236,-1139,1365,1366]],"properties":{"市区町村名":"留萌市","大字名":"南町","丁目名":"２丁目","小字名":null,"地番":"337","精度区分":null,"座標系":"任意座標系"}},{"type":"Polygon","arcs":[[-1229,-1237,-1367,1367,1368]],"properties":{"市区町村名":"留萌市","大字名":"南町","丁目名":"２丁目","小字名":null,"地番":"349","精度区分":null,"座標系":"任意座標系"}},{"type":"Polygon","arcs":[[-1363,-1230,-1369,1369,1370]],"properties":{"市区町村名":"留萌市","大字名":"南町","丁目名":"２丁目","小字名":null,"地番":"351","精度区分":null,"座標系":"任意座標系"}},{"type":"Polygon","arcs":[[-1243,1371,1372,-1358,-1371,1373]],"properties":{"市区町村名":"留萌市","大字名":"南町","丁目名":"２丁目","小字名":null,"地番":"357","精度区分":null,"座標系":"任意座標系"}},{"type":"Polygon","arcs":[[1374,1375,-1361,1376]],"properties":{"市区町村名":"留萌市","大字名":"南町","丁目名":"２丁目","小字名":null,"地番":"350-2","精度区分":null,"座標系":"任意座標系"}},{"type":"Polygon","arcs":[[1377,1378,-1375,1379]],"properties":{"市区町村名":"留萌市","大字名":"南町","丁目名":"２丁目","小字名":null,"地番":"353","精度区分":null,"座標系":"任意座標系"}},{"type":"Polygon","arcs":[[-1359,1380,1381,1382]],"properties":{"市区町村名":"留萌市","大字名":"南町","丁目名":"２丁目","小字名":null,"地番":"350-4","精度区分":null,"座標系":"任意座標系"}},{"type":"Polygon","arcs":[[-1201,-1350,1383,1384]],"properties":{"市区町村名":"留萌市","大字名":"南町","丁目名":"２丁目","小字名":null,"地番":"361","精度区分":null,"座標系":"任意座標系"}},{"type":"Polygon","arcs":[[1385,-1377,-1360,-1383]],"properties":{"市区町村名":"留萌市","大字名":"南町","丁目名":"２丁目","小字名":null,"地番":"350-3","精度区分":null,"座標系":"任意座標系"}},{"type":"Polygon","arcs":[[-1239,-1202,-1385,1386,1387]],"properties":{"市区町村名":"留萌市","大字名":"南町","丁目名":"２丁目","小字名":null,"地番":"363","精度区分":null,"座標系":"任意座標系"}},{"type":"Polygon","arcs":[[1388,1389,1390,-1240,-1388]],"properties":{"市区町村名":"留萌市","大字名":"南町","丁目名":"２丁目","小字名":null,"地番":"362","精度区分":null,"座標系":"任意座標系"}},{"type":"Polygon","arcs":[[-1391,1391,-1242,-1241]],"properties":{"市区町村名":"留萌市","大字名":"南町","丁目名":"２丁目","小字名":null,"地番":"364-2","精度区分":null,"座標系":"任意座標系"}},{"type":"Polygon","arcs":[[-1346,-1334,-1362,-1376,-1379]],"properties":{"市区町村名":"留萌市","大字名":"南町","丁目名":"２丁目","小字名":null,"地番":"342","精度区分":null,"座標系":"任意座標系"}},{"type":"Polygon","arcs":[[-1392,1392,1393,-1372]],"properties":{"市区町村名":"留萌市","大字名":"南町","丁目名":"２丁目","小字名":null,"地番":"356-1","精度区分":null,"座標系":"任意座標系"}},{"type":"Polygon","arcs":[[1394,-1381,-1373,-1394]],"properties":{"市区町村名":"留萌市","大字名":"南町","丁目名":"２丁目","小字名":null,"地番":"356-2","精度区分":null,"座標系":"任意座標系"}},{"type":"Polygon","arcs":[[1395,-1347,-1378,1396]],"properties":{"市区町村名":"留萌市","大字名":"南町","丁目名":"２丁目","小字名":null,"地番":"358-2","精度区分":null,"座標系":"任意座標系"}},{"type":"Polygon","arcs":[[-1348,-1396,1397,1398]],"properties":{"市区町村名":"留萌市","大字名":"南町","丁目名":"２丁目","小字名":null,"地番":"358-3","精度区分":null,"座標系":"任意座標系"}},{"type":"Polygon","arcs":[[-1351,-1349,-1399,1399]],"properties":{"市区町村名":"留萌市","大字名":"南町","丁目名":"２丁目","小字名":null,"地番":"358-1","精度区分":null,"座標系":"任意座標系"}},{"type":"Polygon","arcs":[[-1352,-1400,-1398,-1397,1400,-1389,-1387,-1384]],"properties":{"市区町村名":"留萌市","大字名":"南町","丁目名":"２丁目","小字名":null,"地番":"360","精度区分":null,"座標系":"任意座標系"}},{"type":"Polygon","arcs":[[-1353,-1195,-1252,-1342]],"properties":{"市区町村名":"留萌市","大字名":"南町","丁目名":"２丁目","小字名":null,"地番":"366","精度区分":null,"座標系":"任意座標系"}},{"type":"Polygon","arcs":[[1401,1402,1403,-1267,-1336]],"properties":{"市区町村名":"留萌市","大字名":"南町","丁目名":"２丁目","小字名":null,"地番":"249","精度区分":null,"座標系":"任意座標系"}},{"type":"Polygon","arcs":[[1404,1405,1406,-1318,1407]],"properties":{"市区町村名":"留萌市","大字名":"南町","丁目名":"２丁目","小字名":null,"地番":"199-3","精度区分":null,"座標系":"任意座標系"}},{"type":"Polygon","arcs":[[1408,1409,1410,1411]],"properties":{"市区町村名":"留萌市","大字名":"南町","丁目名":"２丁目","小字名":null,"地番":"250","精度区分":null,"座標系":"任意座標系"}},{"type":"Polygon","arcs":[[1412,-1277,1413,1414]],"properties":{"市区町村名":"留萌市","大字名":"南町","丁目名":"２丁目","小字名":null,"地番":"189","精度区分":null,"座標系":"任意座標系"}},{"type":"Polygon","arcs":[[1415,1416,-1272,-1413]],"properties":{"市区町村名":"留萌市","大字名":"南町","丁目名":"２丁目","小字名":null,"地番":"170","精度区分":null,"座標系":"任意座標系"}},{"type":"Polygon","arcs":[[1417,1418,1419,1420,1421]],"properties":{"市区町村名":"留萌市","大字名":"南町","丁目名":"２丁目","小字名":null,"地番":"160","精度区分":null,"座標系":"任意座標系"}},{"type":"Polygon","arcs":[[1422,1423,1424,-1301,1425]],"properties":{"市区町村名":"留萌市","大字名":"南町","丁目名":"２丁目","小字名":null,"地番":"147","精度区分":null,"座標系":"任意座標系"}},{"type":"Polygon","arcs":[[1426,-1284,-37,-1302,-1425]],"properties":{"市区町村名":"留萌市","大字名":"南町","丁目名":"２丁目","小字名":null,"地番":"146","精度区分":null,"座標系":"任意座標系"}},{"type":"Polygon","arcs":[[1427,1428,-1222,1429,1430,1431,1432]],"properties":{"市区町村名":"留萌市","大字名":"南町","丁目名":"２丁目","小字名":null,"地番":"156","精度区分":null,"座標系":"任意座標系"}},{"type":"Polygon","arcs":[[-1421,1433,-1433,1434]],"properties":{"市区町村名":"留萌市","大字名":"南町","丁目名":"２丁目","小字名":null,"地番":"158","精度区分":null,"座標系":"任意座標系"}},{"type":"Polygon","arcs":[[1435,1436,1437,-1343,-1248]],"properties":{"市区町村名":"留萌市","大字名":"南町","丁目名":"２丁目","小字名":null,"地番":"267","精度区分":null,"座標系":"任意座標系"}},{"type":"Polygon","arcs":[[1438,1439,1440,1441,1442,-1344,-1438]],"properties":{"市区町村名":"留萌市","大字名":"南町","丁目名":"２丁目","小字名":null,"地番":"260","精度区分":null,"座標系":"任意座標系"}},{"type":"Polygon","arcs":[[1443,1444,-1440,1445]],"properties":{"市区町村名":"留萌市","大字名":"南町","丁目名":"２丁目","小字名":null,"地番":"262","精度区分":null,"座標系":"任意座標系"}},{"type":"Polygon","arcs":[[1446,1447,-1441,-1445]],"properties":{"市区町村名":"留萌市","大字名":"南町","丁目名":"２丁目","小字名":null,"地番":"258","精度区分":null,"座標系":"任意座標系"}},{"type":"Polygon","arcs":[[-1443,1448,1449,-1402,-1345]],"properties":{"市区町村名":"留萌市","大字名":"南町","丁目名":"２丁目","小字名":null,"地番":"253","精度区分":null,"座標系":"任意座標系"}},{"type":"Polygon","arcs":[[1450,1451,-1403,-1450]],"properties":{"市区町村名":"留萌市","大字名":"南町","丁目名":"２丁目","小字名":null,"地番":"252","精度区分":null,"座標系":"任意座標系"}},{"type":"Polygon","arcs":[[1452,1453,-1409,1454]],"properties":{"市区町村名":"留萌市","大字名":"南町","丁目名":"２丁目","小字名":null,"地番":"254","精度区分":null,"座標系":"任意座標系"}},{"type":"Polygon","arcs":[[1455,1456,1457,1458]],"properties":{"市区町村名":"留萌市","大字名":"南町","丁目名":"２丁目","小字名":null,"地番":"264","精度区分":null,"座標系":"任意座標系"}},{"type":"Polygon","arcs":[[-1407,1459,-1456,1460,1461,-1319]],"properties":{"市区町村名":"留萌市","大字名":"南町","丁目名":"２丁目","小字名":null,"地番":"268","精度区分":null,"座標系":"任意座標系"}},{"type":"Polygon","arcs":[[1462,1463,1464,1465]],"properties":{"市区町村名":"留萌市","大字名":"南町","丁目名":"２丁目","小字名":null,"地番":"371-23","精度区分":null,"座標系":"任意座標系"}},{"type":"Polygon","arcs":[[1466,-1463,1467,1468]],"properties":{"市区町村名":"留萌市","大字名":"南町","丁目名":"２丁目","小字名":null,"地番":"372-1","精度区分":null,"座標系":"任意座標系"}},{"type":"Polygon","arcs":[[1469,1470,-1247,-1255]],"properties":{"市区町村名":"留萌市","大字名":"南町","丁目名":"２丁目","小字名":null,"地番":"272","精度区分":null,"座標系":"任意座標系"}},{"type":"Polygon","arcs":[[1471,1472,1473,1474,1475,1476]],"properties":{"市区町村名":"留萌市","大字名":"南町","丁目名":"２丁目","小字名":null,"地番":"200-2","精度区分":null,"座標系":"任意座標系"}},{"type":"Polygon","arcs":[[-1317,1477,-1472,-1408]],"properties":{"市区町村名":"留萌市","大字名":"南町","丁目名":"２丁目","小字名":null,"地番":"200-3","精度区分":null,"座標系":"任意座標系"}},{"type":"Polygon","arcs":[[-1475,1478,1479,1480,1481,1482]],"properties":{"市区町村名":"留萌市","大字名":"南町","丁目名":"２丁目","小字名":null,"地番":"200-1","精度区分":null,"座標系":"任意座標系"}},{"type":"Polygon","arcs":[[-1481,1483,-1183,1484,1485]],"properties":{"市区町村名":"留萌市","大字名":"南町","丁目名":"２丁目","小字名":null,"地番":"162-5","精度区分":null,"座標系":"任意座標系"}},{"type":"Polygon","arcs":[[1486,1487,1488,-1223,-1429,1489]],"properties":{"市区町村名":"留萌市","大字名":"南町","丁目名":"２丁目","小字名":null,"地番":"163","精度区分":null,"座標系":"任意座標系"}},{"type":"Polygon","arcs":[[-1179,-1147,-1224,-1489,1490]],"properties":{"市区町村名":"留萌市","大字名":"南町","丁目名":"２丁目","小字名":null,"地番":"162-2","精度区分":null,"座標系":"任意座標系"}},{"type":"Polygon","arcs":[[1491,1492,1493,1494]],"properties":{"市区町村名":"留萌市","大字名":"南町","丁目名":"２丁目","小字名":null,"地番":"199-4","精度区分":null,"座標系":"任意座標系"}},{"type":"Polygon","arcs":[[1495,1496,1497,-1494]],"properties":{"市区町村名":"留萌市","大字名":"南町","丁目名":"２丁目","小字名":null,"地番":"198","精度区分":null,"座標系":"任意座標系"}},{"type":"Polygon","arcs":[[-1483,1498,1499,-1476]],"properties":{"市区町村名":"留萌市","大字名":"南町","丁目名":"２丁目","小字名":null,"地番":"200-4","精度区分":null,"座標系":"任意座標系"}},{"type":"Polygon","arcs":[[-1495,-1498,1500,1501,1502,1503,-1500]],"properties":{"市区町村名":"留萌市","大字名":"南町","丁目名":"２丁目","小字名":null,"地番":"199-1","精度区分":null,"座標系":"任意座標系"}},{"type":"Polygon","arcs":[[-1497,1504,-1419,1505,-1501]],"properties":{"市区町村名":"留萌市","大字名":"南町","丁目名":"２丁目","小字名":null,"地番":"197","精度区分":null,"座標系":"任意座標系"}},{"type":"Polygon","arcs":[[1506,1507,1508,1509,-1487,1510]],"properties":{"市区町村名":"留萌市","大字名":"南町","丁目名":"２丁目","小字名":null,"地番":"165","精度区分":null,"座標系":"任意座標系"}},{"type":"Polygon","arcs":[[1511,-1507,1512,-1496,1513]],"properties":{"市区町村名":"留萌市","大字名":"南町","丁目名":"２丁目","小字名":null,"地番":"166","精度区分":null,"座標系":"任意座標系"}},{"type":"Polygon","arcs":[[-1185,-1180,-1491,-1488,-1510,1514]],"properties":{"市区町村名":"留萌市","大字名":"南町","丁目名":"２丁目","小字名":null,"地番":"162-3","精度区分":null,"座標系":"任意座標系"}},{"type":"Polygon","arcs":[[1515,-1492,-1499,-1482]],"properties":{"市区町村名":"留萌市","大字名":"南町","丁目名":"２丁目","小字名":null,"地番":"200-5","精度区分":null,"座標系":"任意座標系"}},{"type":"Polygon","arcs":[[1516,-1186,-1515,-1509]],"properties":{"市区町村名":"留萌市","大字名":"南町","丁目名":"２丁目","小字名":null,"地番":"162-6","精度区分":null,"座標系":"任意座標系"}},{"type":"Polygon","arcs":[[-1485,-1187,-1517,-1508,-1512,1517]],"properties":{"市区町村名":"留萌市","大字名":"南町","丁目名":"２丁目","小字名":null,"地番":"162-7","精度区分":null,"座標系":"任意座標系"}},{"type":"Polygon","arcs":[[-1518,-1514,-1493,-1516,-1486]],"properties":{"市区町村名":"留萌市","大字名":"南町","丁目名":"２丁目","小字名":null,"地番":"162-1","精度区分":null,"座標系":"任意座標系"}},{"type":"Polygon","arcs":[[1518,1519,1520,-1129,-1182,1521]],"properties":{"市区町村名":"留萌市","大字名":"南町","丁目名":"２丁目","小字名":null,"地番":"371-10","精度区分":null,"座標系":"任意座標系"}},{"type":"Polygon","arcs":[[1522,1523,1524,1525,1526,-1519,1527,1528,1529]],"properties":{"市区町村名":"留萌市","大字名":"南町","丁目名":"２丁目","小字名":null,"地番":"371-1","精度区分":null,"座標系":"任意座標系"}},{"type":"Polygon","arcs":[[1530,1531,-1217,1532]],"properties":{"市区町村名":"留萌市","大字名":"南町","丁目名":"２丁目","小字名":null,"地番":"371-3","精度区分":null,"座標系":"任意座標系"}},{"type":"Polygon","arcs":[[1533,-1531,1534]],"properties":{"市区町村名":"留萌市","大字名":"南町","丁目名":"２丁目","小字名":null,"地番":"371-12","精度区分":null,"座標系":"任意座標系"}},{"type":"Polygon","arcs":[[1535,1536,1537,1538,-1131,1539,-1526]],"properties":{"市区町村名":"留萌市","大字名":"南町","丁目名":"２丁目","小字名":null,"地番":"371-8","精度区分":null,"座標系":"任意座標系"}},{"type":"Polygon","arcs":[[-1213,-1132,-1539,1540]],"properties":{"市区町村名":"留萌市","大字名":"南町","丁目名":"２丁目","小字名":null,"地番":"371-4","精度区分":null,"座標系":"任意座標系"}},{"type":"Polygon","arcs":[[-1130,-1521,1541,-1540]],"properties":{"市区町村名":"留萌市","大字名":"南町","丁目名":"２丁目","小字名":null,"地番":"371-5","精度区分":null,"座標系":"任意座標系"}},{"type":"Polygon","arcs":[[-1520,-1527,-1542]],"properties":{"市区町村名":"留萌市","大字名":"南町","丁目名":"２丁目","小字名":null,"地番":"371-9","精度区分":null,"座標系":"任意座標系"}},{"type":"Polygon","arcs":[[1542,1543,-1535,1544,-1524,1545]],"properties":{"市区町村名":"留萌市","大字名":"南町","丁目名":"２丁目","小字名":null,"地番":"371-25","精度区分":null,"座標系":"任意座標系"}},{"type":"Polygon","arcs":[[-1216,1546,-1536,-1525,-1545,-1533]],"properties":{"市区町村名":"留萌市","大字名":"南町","丁目名":"２丁目","小字名":null,"地番":"371-7","精度区分":null,"座標系":"任意座標系"}},{"type":"Polygon","arcs":[[-1215,1547,-1537,-1547]],"properties":{"市区町村名":"留萌市","大字名":"南町","丁目名":"２丁目","小字名":null,"地番":"371-13","精度区分":null,"座標系":"任意座標系"}},{"type":"Polygon","arcs":[[-1548,-1214,-1541,-1538]],"properties":{"市区町村名":"留萌市","大字名":"南町","丁目名":"２丁目","小字名":null,"地番":"371-6","精度区分":null,"座標系":"任意座標系"}},{"type":"Polygon","arcs":[[-1528,-1522,1548]],"properties":{"市区町村名":"留萌市","大字名":"南町","丁目名":"２丁目","小字名":null,"地番":"371-18","精度区分":null,"座標系":"任意座標系"}},{"type":"Polygon","arcs":[[1549,1550,-1549,-1184,-1484,-1480]],"properties":{"市区町村名":"留萌市","大字名":"南町","丁目名":"２丁目","小字名":null,"地番":"371-17","精度区分":null,"座標系":"任意座標系"}},{"type":"Polygon","arcs":[[1551,1552,1553,-1529,-1551,1554,1555]],"properties":{"市区町村名":"留萌市","大字名":"南町","丁目名":"２丁目","小字名":null,"地番":"371-19","精度区分":null,"座標系":"任意座標系"}},{"type":"Polygon","arcs":[[1556,1557,1558,1559]],"properties":{"市区町村名":"留萌市","大字名":"南町","丁目名":"２丁目","小字名":null,"地番":"374-4","精度区分":null,"座標系":"任意座標系"}},{"type":"Polygon","arcs":[[1560,1561,-1193,1562,-1558]],"properties":{"市区町村名":"留萌市","大字名":"南町","丁目名":"２丁目","小字名":null,"地番":"374-3","精度区分":null,"座標系":"任意座標系"}},{"type":"Polygon","arcs":[[1563,-1560,1564,1565]],"properties":{"市区町村名":"留萌市","大字名":"南町","丁目名":"２丁目","小字名":null,"地番":"374-5","精度区分":null,"座標系":"任意座標系"}},{"type":"Polygon","arcs":[[1566,-1530,-1554,1567]],"properties":{"市区町村名":"留萌市","大字名":"南町","丁目名":"２丁目","小字名":null,"地番":"371-21","精度区分":null,"座標系":"任意座標系"}},{"type":"Polygon","arcs":[[-1568,-1553,1568,1569]],"properties":{"市区町村名":"留萌市","大字名":"南町","丁目名":"２丁目","小字名":null,"地番":"371-20","精度区分":null,"座標系":"任意座標系"}},{"type":"Polygon","arcs":[[-1550,-1479,-1474,1570,-1555]],"properties":{"市区町村名":"留萌市","大字名":"南町","丁目名":"２丁目","小字名":null,"地番":"371-16","精度区分":null,"座標系":"任意座標系"}},{"type":"Polygon","arcs":[[1571,-1556,-1571,-1473,-1478]],"properties":{"市区町村名":"留萌市","大字名":"南町","丁目名":"２丁目","小字名":null,"地番":"371-15","精度区分":null,"座標系":"任意座標系"}},{"type":"Polygon","arcs":[[1572,-1250,-1194,-1562]],"properties":{"市区町村名":"留萌市","大字名":"南町","丁目名":"２丁目","小字名":null,"地番":"374-2","精度区分":null,"座標系":"任意座標系"}},{"type":"Polygon","arcs":[[-1573,1573,1574,-1320,-1253]],"properties":{"市区町村名":"留萌市","大字名":"南町","丁目名":"２丁目","小字名":null,"地番":"372-5","精度区分":null,"座標系":"任意座標系"}},{"type":"Polygon","arcs":[[1575,-1572,-1316,-1321,-1575]],"properties":{"市区町村名":"留萌市","大字名":"南町","丁目名":"２丁目","小字名":null,"地番":"372-6","精度区分":null,"座標系":"任意座標系"}},{"type":"Polygon","arcs":[[1576,1577,-1469,1578]],"properties":{"市区町村名":"留萌市","大字名":"南町","丁目名":"２丁目","小字名":null,"地番":"372-8","精度区分":null,"座標系":"任意座標系"}},{"type":"Polygon","arcs":[[1579,-1577,-1566,1580]],"properties":{"市区町村名":"留萌市","大字名":"南町","丁目名":"２丁目","小字名":null,"地番":"374-6","精度区分":null,"座標系":"任意座標系"}},{"type":"Polygon","arcs":[[-1557,1581,1582,1583]],"properties":{"市区町村名":"留萌市","大字名":"南町","丁目名":"２丁目","小字名":null,"地番":"372-7","精度区分":null,"座標系":"任意座標系"}},{"type":"Polygon","arcs":[[1584,-1569,1585,-1583]],"properties":{"市区町村名":"留萌市","大字名":"南町","丁目名":"２丁目","小字名":null,"地番":"372-3","精度区分":null,"座標系":"任意座標系"}},{"type":"Polygon","arcs":[[-1465,1586,-1543,1587]],"properties":{"市区町村名":"留萌市","大字名":"南町","丁目名":"２丁目","小字名":null,"地番":"371-24","精度区分":null,"座標系":"任意座標系"}},{"type":"Polygon","arcs":[[-1588,-1546,-1523,-1567,-1570,1588,-1466]],"properties":{"市区町村名":"留萌市","大字名":"南町","丁目名":"２丁目","小字名":null,"地番":"371-22","精度区分":null,"座標系":"任意座標系"}},{"type":"Polygon","arcs":[[1589,1590,-1581,1591,1592]],"properties":{"市区町村名":"留萌市","大字名":"南町","丁目名":"２丁目","小字名":null,"地番":"374-15","精度区分":null,"座標系":"任意座標系"}},{"type":"Polygon","arcs":[[-1136,1593,1594,1595,-1592,-1565,-1559,-1563,-1192,1596,1597,1598,1599,1600]],"properties":{"市区町村名":"留萌市","大字名":"南町","丁目名":"２丁目","小字名":null,"地番":"374-1","精度区分":null,"座標系":"任意座標系"}},{"type":"Polygon","arcs":[[-1593,-1596,1601]],"properties":{"市区町村名":"留萌市","大字名":"南町","丁目名":"２丁目","小字名":null,"地番":"374-14","精度区分":null,"座標系":"任意座標系"}},{"type":"Polygon","arcs":[[1602,1603,-1590,-1602,-1595]],"properties":{"市区町村名":"留萌市","大字名":"南町","丁目名":"２丁目","小字名":null,"地番":"374-13","精度区分":null,"座標系":"任意座標系"}},{"type":"Polygon","arcs":[[1604,-1603,-1594,-1135]],"properties":{"市区町村名":"留萌市","大字名":"南町","丁目名":"２丁目","小字名":null,"地番":"374-12","精度区分":null,"座標系":"任意座標系"}},{"type":"Polygon","arcs":[[-1597,-1191,1605]],"properties":{"市区町村名":"留萌市","大字名":"南町","丁目名":"２丁目","小字名":null,"地番":"374-10","精度区分":null,"座標系":"任意座標系"}},{"type":"Polygon","arcs":[[-1600,1606,-1188,1607]],"properties":{"市区町村名":"留萌市","大字名":"南町","丁目名":"２丁目","小字名":null,"地番":"374-9","精度区分":null,"座標系":"任意座標系"}},{"type":"Polygon","arcs":[[-1598,-1606,-1190,1608]],"properties":{"市区町村名":"留萌市","大字名":"南町","丁目名":"２丁目","小字名":null,"地番":"374-7","精度区分":null,"座標系":"任意座標系"}},{"type":"Polygon","arcs":[[-1607,-1599,-1609,-1189]],"properties":{"市区町村名":"留萌市","大字名":"南町","丁目名":"２丁目","小字名":null,"地番":"374-8","精度区分":null,"座標系":"任意座標系"}},{"type":"Polygon","arcs":[[-1468,-1589,-1585,-1582,-1564,-1579]],"properties":{"市区町村名":"留萌市","大字名":"南町","丁目名":"２丁目","小字名":null,"地番":"372-2","精度区分":null,"座標系":"任意座標系"}},{"type":"Polygon","arcs":[[-1561,-1584,-1586,-1552,-1576,-1574]],"properties":{"市区町村名":"留萌市","大字名":"南町","丁目名":"２丁目","小字名":null,"地番":"372-4","精度区分":null,"座標系":"任意座標系"}},{"type":"Polygon","arcs":[[-1504,1609,1610,-1405,-1477]],"properties":{"市区町村名":"留萌市","大字名":"南町","丁目名":"２丁目","小字名":null,"地番":"199-2","精度区分":null,"座標系":"任意座標系"}},{"type":"Polygon","arcs":[[-1511,-1490,-1428,-1434,-1420,-1505,-1513]],"properties":{"市区町村名":"留萌市","大字名":"南町","丁目名":"２丁目","小字名":null,"地番":"164","精度区分":null,"座標系":"任意座標系"}},{"type":"Polygon","arcs":[[-1462,1611,-1470,-1322]],"properties":{"市区町村名":"留萌市","大字名":"南町","丁目名":"２丁目","小字名":null,"地番":"270","精度区分":null,"座標系":"任意座標系"}},{"type":"Polygon","arcs":[[1612,1613,-1439,-1437]],"properties":{"市区町村名":"留萌市","大字名":"南町","丁目名":"２丁目","小字名":null,"地番":"266","精度区分":null,"座標系":"任意座標系"}},{"type":"Polygon","arcs":[[-1436,-1471,1614,-1613]],"properties":{"市区町村名":"留萌市","大字名":"南町","丁目名":"２丁目","小字名":null,"地番":"271","精度区分":null,"座標系":"任意座標系"}},{"type":"Polygon","arcs":[[1615,-1459,-1446,-1614]],"properties":{"市区町村名":"留萌市","大字名":"南町","丁目名":"２丁目","小字名":null,"地番":"265","精度区分":null,"座標系":"任意座標系"}},{"type":"Polygon","arcs":[[-1461,-1616,-1615,-1612]],"properties":{"市区町村名":"留萌市","大字名":"南町","丁目名":"２丁目","小字名":null,"地番":"269","精度区分":null,"座標系":"任意座標系"}},{"type":"Polygon","arcs":[[-1442,1616,-1451,-1449]],"properties":{"市区町村名":"留萌市","大字名":"南町","丁目名":"２丁目","小字名":null,"地番":"256","精度区分":null,"座標系":"任意座標系"}},{"type":"Polygon","arcs":[[1617,-1412,1618,-1452]],"properties":{"市区町村名":"留萌市","大字名":"南町","丁目名":"２丁目","小字名":null,"地番":"251","精度区分":null,"座標系":"任意座標系"}},{"type":"Polygon","arcs":[[-1448,-1455,-1618,-1617]],"properties":{"市区町村名":"留萌市","大字名":"南町","丁目名":"２丁目","小字名":null,"地番":"255","精度区分":null,"座標系":"任意座標系"}},{"type":"Polygon","arcs":[[1619,-1453,-1447,1620]],"properties":{"市区町村名":"留萌市","大字名":"南町","丁目名":"２丁目","小字名":null,"地番":"257","精度区分":null,"座標系":"任意座標系"}},{"type":"Polygon","arcs":[[1621,-1621,-1444,-1458]],"properties":{"市区町村名":"留萌市","大字名":"南町","丁目名":"２丁目","小字名":null,"地番":"261","精度区分":null,"座標系":"任意座標系"}},{"type":"Polygon","arcs":[[-1417,1622,-1423,1623,-1273]],"properties":{"市区町村名":"留萌市","大字名":"南町","丁目名":"２丁目","小字名":null,"地番":"148","精度区分":null,"座標系":"任意座標系"}},{"type":"Polygon","arcs":[[-1390,1624,-1382,-1395,-1393]],"properties":{"市区町村名":"留萌市","大字名":"南町","丁目名":"２丁目","小字名":null,"地番":"355","精度区分":null,"座標系":"任意座標系"}},{"type":"Polygon","arcs":[[-1401,-1380,-1386,-1625]],"properties":{"市区町村名":"留萌市","大字名":"南町","丁目名":"２丁目","小字名":null,"地番":"354","精度区分":null,"座標系":"任意座標系"}},{"type":"Polygon","arcs":[[1625,-1414,1626,1627,-1411]],"properties":{"市区町村名":"留萌市","大字名":"南町","丁目名":"２丁目","小字名":null,"地番":"190","精度区分":null,"座標系":"任意座標系"}},{"type":"Polygon","arcs":[[-1628,1628,-1404,-1619]],"properties":{"市区町村名":"留萌市","大字名":"南町","丁目名":"２丁目","小字名":null,"地番":"248","精度区分":null,"座標系":"任意座標系"}},{"type":"Polygon","arcs":[[-1325,1629,1630,-1280]],"properties":{"市区町村名":"留萌市","大字名":"南町","丁目名":"２丁目","小字名":null,"地番":"240","精度区分":null,"座標系":"任意座標系"}},{"type":"Polygon","arcs":[[1631,-1328,1632,-1630]],"properties":{"市区町村名":"留萌市","大字名":"南町","丁目名":"２丁目","小字名":null,"地番":"239","精度区分":null,"座標系":"任意座標系"}},{"type":"Polygon","arcs":[[-1324,1633,-1292,-1632]],"properties":{"市区町村名":"留萌市","大字名":"南町","丁目名":"２丁目","小字名":null,"地番":"242","精度区分":null,"座標系":"任意座標系"}},{"type":"Polygon","arcs":[[-1268,-1629,1634,-1634]],"properties":{"市区町村名":"留萌市","大字名":"南町","丁目名":"２丁目","小字名":null,"地番":"246","精度区分":null,"座標系":"任意座標系"}},{"type":"Polygon","arcs":[[-1635,-1627,-1276,-1289,-1293]],"properties":{"市区町村名":"留萌市","大字名":"南町","丁目名":"２丁目","小字名":null,"地番":"188","精度区分":null,"座標系":"任意座標系"}},{"type":"Polygon","arcs":[[-1290,-1278,-1314,1635]],"properties":{"市区町村名":"留萌市","大字名":"南町","丁目名":"２丁目","小字名":null,"地番":"185","精度区分":null,"座標系":"任意座標系"}},{"type":"Polygon","arcs":[[-1624,-1426,-1304,-1305,-1274]],"properties":{"市区町村名":"留萌市","大字名":"南町","丁目名":"２丁目","小字名":null,"地番":"144","精度区分":null,"座標系":"任意座標系"}},{"type":"Polygon","arcs":[[1636,1637,1638,1639,1640,1641,1642]],"properties":{"市区町村名":"留萌市","大字名":"南町","丁目名":"２丁目","小字名":null,"地番":"53","精度区分":null,"座標系":"任意座標系"}},{"type":"Polygon","arcs":[[1643,1644]],"properties":{"市区町村名":"留萌市","大字名":"南町","丁目名":"２丁目","小字名":null,"地番":"201-6","精度区分":null,"座標系":"任意座標系"}},{"type":"Polygon","arcs":[[-1142,1645,1646,1647,1648,1649,1650,-683]],"properties":{"市区町村名":"留萌市","大字名":"南町","丁目名":"２丁目","小字名":null,"地番":"331W2","精度区分":null,"座標系":"任意座標系"}},{"type":"Polygon","arcs":[[1651,1652,-696,-794,1653]],"properties":{"市区町村名":"留萌市","大字名":"南町","丁目名":"２丁目","小字名":null,"地番":"279-3","精度区分":null,"座標系":"任意座標系"}},{"type":"Polygon","arcs":[[1654,1655,1656,-697,-1653]],"properties":{"市区町村名":"留萌市","大字名":"南町","丁目名":"２丁目","小字名":null,"地番":"279-2","精度区分":null,"座標系":"任意座標系"}},{"type":"Polygon","arcs":[[1657,1658,1659,-1643,-1644,1660]],"properties":{"市区町村名":"留萌市","大字名":"南町","丁目名":"２丁目","小字名":null,"地番":"201-7","精度区分":null,"座標系":"任意座標系"}},{"type":"Polygon","arcs":[[1661,1662,1663,-1659,1664,1665]],"properties":{"市区町村名":"留萌市","大字名":"南町","丁目名":"２丁目","小字名":null,"地番":"201-11","精度区分":null,"座標系":"任意座標系"}},{"type":"Polygon","arcs":[[1666,1667,1668,1669,1670,1671,1672,-1115]],"properties":{"市区町村名":"留萌市","大字名":"南町","丁目名":"２丁目","小字名":null,"地番":"76W2","精度区分":null,"座標系":"任意座標系"}},{"type":"Polygon","arcs":[[-17,1673,1674,1675]],"properties":{"市区町村名":"留萌市","大字名":"南町","丁目名":"２丁目","小字名":null,"地番":"1-4","精度区分":null,"座標系":"任意座標系"}},{"type":"Polygon","arcs":[[-1676,1676,1677,1678,1679,1680,1681,1682,-18]],"properties":{"市区町村名":"留萌市","大字名":"南町","丁目名":"２丁目","小字名":null,"地番":"1-3","精度区分":null,"座標系":"任意座標系"}},{"type":"Polygon","arcs":[[-1677,-1675,1683,1684]],"properties":{"市区町村名":"留萌市","大字名":"南町","丁目名":"２丁目","小字名":null,"地番":"1-9","精度区分":null,"座標系":"任意座標系"}},{"type":"Polygon","arcs":[[-1674,-16,1685,-1684]],"properties":{"市区町村名":"留萌市","大字名":"南町","丁目名":"２丁目","小字名":null,"地番":"1-1","精度区分":null,"座標系":"任意座標系"}},{"type":"Polygon","arcs":[[1686,-19,-1683,1687,1688,1689,1690]],"properties":{"市区町村名":"留萌市","大字名":"南町","丁目名":"２丁目","小字名":null,"地番":"1-7","精度区分":null,"座標系":"任意座標系"}},{"type":"Polygon","arcs":[[1691,1692,1693,1694,1695]],"properties":{"市区町村名":"留萌市","大字名":"南町","丁目名":"２丁目","小字名":null,"地番":"5","精度区分":null,"座標系":"任意座標系"}},{"type":"Polygon","arcs":[[1696,1697,1698,1699,1700,-1694]],"properties":{"市区町村名":"留萌市","大字名":"南町","丁目名":"２丁目","小字名":null,"地番":"3","精度区分":null,"座標系":"任意座標系"}},{"type":"Polygon","arcs":[[-1700,1701,1702,1703]],"properties":{"市区町村名":"留萌市","大字名":"南町","丁目名":"２丁目","小字名":null,"地番":"2-1","精度区分":null,"座標系":"任意座標系"}},{"type":"Polygon","arcs":[[1704,-1679,1705,-1702,-1699]],"properties":{"市区町村名":"留萌市","大字名":"南町","丁目名":"２丁目","小字名":null,"地番":"1-2","精度区分":null,"座標系":"任意座標系"}},{"type":"Polygon","arcs":[[-1695,-1701,-1704,1706,1707,1708]],"properties":{"市区町村名":"留萌市","大字名":"南町","丁目名":"２丁目","小字名":null,"地番":"2-2","精度区分":null,"座標系":"任意座標系"}},{"type":"Polygon","arcs":[[1709,-1697,-1693,1710,1711]],"properties":{"市区町村名":"留萌市","大字名":"南町","丁目名":"２丁目","小字名":null,"地番":"4-5","精度区分":null,"座標系":"任意座標系"}},{"type":"Polygon","arcs":[[-20,-1687,1712,1713,1714]],"properties":{"市区町村名":"留萌市","大字名":"南町","丁目名":"２丁目","小字名":null,"地番":"4-2","精度区分":null,"座標系":"任意座標系"}},{"type":"Polygon","arcs":[[-1691,1715,1716,-1713]],"properties":{"市区町村名":"留萌市","大字名":"南町","丁目名":"２丁目","小字名":null,"地番":"4-6","精度区分":null,"座標系":"任意座標系"}},{"type":"Polygon","arcs":[[-21,-1715,1717]],"properties":{"市区町村名":"留萌市","大字名":"南町","丁目名":"２丁目","小字名":null,"地番":"4-1","精度区分":null,"座標系":"任意座標系"}},{"type":"Polygon","arcs":[[-1716,-1690,1718,1719]],"properties":{"市区町村名":"留萌市","大字名":"南町","丁目名":"２丁目","小字名":null,"地番":"4-3","精度区分":null,"座標系":"任意座標系"}},{"type":"Polygon","arcs":[[-1719,-1689,1720,1721,1722,-1712,1723]],"properties":{"市区町村名":"留萌市","大字名":"南町","丁目名":"２丁目","小字名":null,"地番":"4-4","精度区分":null,"座標系":"任意座標系"}},{"type":"Polygon","arcs":[[1724,-1680,-1705,-1698,-1710,-1723]],"properties":{"市区町村名":"留萌市","大字名":"南町","丁目名":"２丁目","小字名":null,"地番":"1-5","精度区分":null,"座標系":"任意座標系"}},{"type":"Polygon","arcs":[[-1681,-1725,-1722,1725]],"properties":{"市区町村名":"留萌市","大字名":"南町","丁目名":"２丁目","小字名":null,"地番":"1-8","精度区分":null,"座標系":"任意座標系"}},{"type":"Polygon","arcs":[[-1688,-1682,-1726,-1721]],"properties":{"市区町村名":"留萌市","大字名":"南町","丁目名":"２丁目","小字名":null,"地番":"1-6","精度区分":null,"座標系":"任意座標系"}},{"type":"Polygon","arcs":[[1726,1727,1728,1729,-1668,1730,1731,1732,1733,1734,1735,1736,1737,1738,1739,1740,1741,1742,1743,1744,1745,-1737,1746,1747,1748,1749,-1734,1750,1751,1752,1753,1754,1755,1756,1757,1758,1759,1760,1761,1762,1763,1764,1765,1766,1767,1768,1769]],"properties":{"市区町村名":"留萌市","大字名":"南町","丁目名":"２丁目","小字名":null,"地番":"75","精度区分":null,"座標系":"任意座標系"}},{"type":"Polygon","arcs":[[-1751,-1733,1770,1771]],"properties":{"市区町村名":"留萌市","大字名":"南町","丁目名":"２丁目","小字名":null,"地番":"15","精度区分":null,"座標系":"任意座標系"}},{"type":"Polygon","arcs":[[-1772,1772,-1752]],"properties":{"市区町村名":"留萌市","大字名":"南町","丁目名":"２丁目","小字名":null,"地番":"19","精度区分":null,"座標系":"任意座標系"}},{"type":"Polygon","arcs":[[1773,1774,1775,1776]],"properties":{"市区町村名":"留萌市","大字名":"南町","丁目名":"２丁目","小字名":null,"地番":"16","精度区分":null,"座標系":"任意座標系"}},{"type":"Polygon","arcs":[[-1754,1777,1778]],"properties":{"市区町村名":"留萌市","大字名":"南町","丁目名":"２丁目","小字名":null,"地番":"24","精度区分":null,"座標系":"任意座標系"}},{"type":"Polygon","arcs":[[1779,-1656,1780,1781,-1661]],"properties":{"市区町村名":"留萌市","大字名":"南町","丁目名":"２丁目","小字名":null,"地番":"278-2","精度区分":null,"座標系":"任意座標系"}},{"type":"Polygon","arcs":[[1782,1783,-1774,1784]],"properties":{"市区町村名":"留萌市","大字名":"南町","丁目名":"２丁目","小字名":null,"地番":"17","精度区分":null,"座標系":"任意座標系"}},{"type":"Polygon","arcs":[[1785,1786,1787,-1784]],"properties":{"市区町村名":"留萌市","大字名":"南町","丁目名":"２丁目","小字名":null,"地番":"13","精度区分":null,"座標系":"任意座標系"}},{"type":"Polygon","arcs":[[1788,1789,1790,1791,1792,1793]],"properties":{"市区町村名":"留萌市","大字名":"南町","丁目名":"２丁目","小字名":null,"地番":"32","精度区分":null,"座標系":"任意座標系"}},{"type":"Polygon","arcs":[[1794,1795,1796,-1790]],"properties":{"市区町村名":"留萌市","大字名":"南町","丁目名":"２丁目","小字名":null,"地番":"25","精度区分":null,"座標系":"任意座標系"}},{"type":"Polygon","arcs":[[1797,1798,1799,-1796,1800]],"properties":{"市区町村名":"留萌市","大字名":"南町","丁目名":"２丁目","小字名":null,"地番":"21","精度区分":null,"座標系":"任意座標系"}},{"type":"Polygon","arcs":[[1801,1802,-1798,1803]],"properties":{"市区町村名":"留萌市","大字名":"南町","丁目名":"２丁目","小字名":null,"地番":"22","精度区分":null,"座標系":"任意座標系"}},{"type":"Polygon","arcs":[[1804,1805,1806,1807,1808]],"properties":{"市区町村名":"留萌市","大字名":"南町","丁目名":"２丁目","小字名":null,"地番":"30","精度区分":null,"座標系":"任意座標系"}},{"type":"Polygon","arcs":[[1809,-1804,1810,1811,-1807]],"properties":{"市区町村名":"留萌市","大字名":"南町","丁目名":"２丁目","小字名":null,"地番":"27","精度区分":null,"座標系":"任意座標系"}},{"type":"Polygon","arcs":[[-1811,-1801,-1795,-1789,1812]],"properties":{"市区町村名":"留萌市","大字名":"南町","丁目名":"２丁目","小字名":null,"地番":"26","精度区分":null,"座標系":"任意座標系"}},{"type":"Polygon","arcs":[[1813,-1755,-1779,1814]],"properties":{"市区町村名":"留萌市","大字名":"南町","丁目名":"２丁目","小字名":null,"地番":"29","精度区分":null,"座標系":"任意座標系"}},{"type":"Polygon","arcs":[[-1756,-1814,-1805,1815]],"properties":{"市区町村名":"留萌市","大字名":"南町","丁目名":"２丁目","小字名":null,"地番":"31","精度区分":null,"座標系":"任意座標系"}},{"type":"Polygon","arcs":[[1816,-1792,1817,1818]],"properties":{"市区町村名":"留萌市","大字名":"南町","丁目名":"２丁目","小字名":null,"地番":"37","精度区分":null,"座標系":"任意座標系"}},{"type":"Polygon","arcs":[[1819,1820,1821,1822]],"properties":{"市区町村名":"留萌市","大字名":"南町","丁目名":"２丁目","小字名":null,"地番":"41","精度区分":null,"座標系":"任意座標系"}},{"type":"Polygon","arcs":[[1823,-1820,1824,1825]],"properties":{"市区町村名":"留萌市","大字名":"南町","丁目名":"２丁目","小字名":null,"地番":"46","精度区分":null,"座標系":"任意座標系"}},{"type":"Polygon","arcs":[[1826,1827,1828,1829,1830,1831,-1640]],"properties":{"市区町村名":"留萌市","大字名":"南町","丁目名":"２丁目","小字名":null,"地番":"47","精度区分":null,"座標系":"任意座標系"}},{"type":"Polygon","arcs":[[1832,-1819,1833,-1831]],"properties":{"市区町村名":"留萌市","大字名":"南町","丁目名":"２丁目","小字名":null,"地番":"42","精度区分":null,"座標系":"任意座標系"}},{"type":"Polygon","arcs":[[1834,1835,1836,1837,1838,1839,1840,1841]],"properties":{"市区町村名":"留萌市","大字名":"南町","丁目名":"２丁目","小字名":null,"地番":"50","精度区分":null,"座標系":"任意座標系"}},{"type":"Polygon","arcs":[[1842,1843,1844,-1838]],"properties":{"市区町村名":"留萌市","大字名":"南町","丁目名":"２丁目","小字名":null,"地番":"49-4","精度区分":null,"座標系":"任意座標系"}},{"type":"Polygon","arcs":[[1845,1846,-1842,1847]],"properties":{"市区町村名":"留萌市","大字名":"南町","丁目名":"２丁目","小字名":null,"地番":"51","精度区分":null,"座標系":"任意座標系"}},{"type":"Polygon","arcs":[[1848,1849,1850,1851,1852,-1637,-1660,-1664]],"properties":{"市区町村名":"留萌市","大字名":"南町","丁目名":"２丁目","小字名":null,"地番":"54-4","精度区分":null,"座標系":"任意座標系"}},{"type":"Polygon","arcs":[[1853,1854,-1638,-1853]],"properties":{"市区町村名":"留萌市","大字名":"南町","丁目名":"２丁目","小字名":null,"地番":"54-3","精度区分":null,"座標系":"任意座標系"}},{"type":"Polygon","arcs":[[1855,-1828,1856]],"properties":{"市区町村名":"留萌市","大字名":"南町","丁目名":"２丁目","小字名":null,"地番":"48-2","精度区分":null,"座標系":"任意座標系"}},{"type":"Polygon","arcs":[[1857,1858,1859,-1829,-1856]],"properties":{"市区町村名":"留萌市","大字名":"南町","丁目名":"２丁目","小字名":null,"地番":"49-2","精度区分":null,"座標系":"任意座標系"}},{"type":"Polygon","arcs":[[-1793,-1817,1860,1861]],"properties":{"市区町村名":"留萌市","大字名":"南町","丁目名":"２丁目","小字名":null,"地番":"38","精度区分":null,"座標系":"任意座標系"}},{"type":"Polygon","arcs":[[1862,-1857,-1827,-1639]],"properties":{"市区町村名":"留萌市","大字名":"南町","丁目名":"２丁目","小字名":null,"地番":"48-1","精度区分":null,"座標系":"任意座標系"}},{"type":"Polygon","arcs":[[-1858,-1863,-1855,1863,-1844]],"properties":{"市区町村名":"留萌市","大字名":"南町","丁目名":"２丁目","小字名":null,"地番":"49-3","精度区分":null,"座標系":"任意座標系"}},{"type":"Polygon","arcs":[[-1843,-1837,1864,-1859]],"properties":{"市区町村名":"留萌市","大字名":"南町","丁目名":"２丁目","小字名":null,"地番":"49-5","精度区分":null,"座標系":"任意座標系"}},{"type":"Polygon","arcs":[[-1836,1865,-1830,-1860,-1865]],"properties":{"市区町村名":"留萌市","大字名":"南町","丁目名":"２丁目","小字名":null,"地番":"49-1","精度区分":null,"座標系":"任意座標系"}},{"type":"Polygon","arcs":[[1866,-1839,-1845,-1864,-1854,-1852,1867]],"properties":{"市区町村名":"留萌市","大字名":"南町","丁目名":"２丁目","小字名":null,"地番":"54-2","精度区分":null,"座標系":"任意座標系"}},{"type":"Polygon","arcs":[[-1850,1868,1869]],"properties":{"市区町村名":"留萌市","大字名":"南町","丁目名":"２丁目","小字名":null,"地番":"54-1","精度区分":null,"座標系":"任意座標系"}},{"type":"Polygon","arcs":[[-1870,1870,-1868,-1851]],"properties":{"市区町村名":"留萌市","大字名":"南町","丁目名":"２丁目","小字名":null,"地番":"54-5","精度区分":null,"座標系":"任意座標系"}},{"type":"Polygon","arcs":[[1871,1872,-1662,1873,1874]],"properties":{"市区町村名":"留萌市","大字名":"南町","丁目名":"２丁目","小字名":null,"地番":"201-1","精度区分":null,"座標系":"任意座標系"}},{"type":"Polygon","arcs":[[-1665,-1658,-1782]],"properties":{"市区町村名":"留萌市","大字名":"南町","丁目名":"２丁目","小字名":null,"地番":"201-8","精度区分":null,"座標系":"任意座標系"}},{"type":"Polygon","arcs":[[1875,-1749,1876]],"properties":{"市区町村名":"留萌市","大字名":"南町","丁目名":"２丁目","小字名":null,"地番":"64","精度区分":null,"座標系":"任意座標系"}},{"type":"Polygon","arcs":[[-1748,1877,-1877]],"properties":{"市区町村名":"留萌市","大字名":"南町","丁目名":"２丁目","小字名":null,"地番":"65","精度区分":null,"座標系":"任意座標系"}},{"type":"Polygon","arcs":[[-1747,-1736,1878,-1878]],"properties":{"市区町村名":"留萌市","大字名":"南町","丁目名":"２丁目","小字名":null,"地番":"59","精度区分":null,"座標系":"任意座標系"}},{"type":"Polygon","arcs":[[-1876,-1879,-1735,-1750]],"properties":{"市区町村名":"留萌市","大字名":"南町","丁目名":"２丁目","小字名":null,"地番":"58","精度区分":null,"座標系":"任意座標系"}},{"type":"Polygon","arcs":[[1879,-1745,1880]],"properties":{"市区町村名":"留萌市","大字名":"南町","丁目名":"２丁目","小字名":null,"地番":"66","精度区分":null,"座標系":"任意座標系"}},{"type":"Polygon","arcs":[[-1742,1881,1882]],"properties":{"市区町村名":"留萌市","大字名":"南町","丁目名":"２丁目","小字名":null,"地番":"69","精度区分":null,"座標系":"任意座標系"}},{"type":"Polygon","arcs":[[-1741,1883,-1882]],"properties":{"市区町村名":"留萌市","大字名":"南町","丁目名":"２丁目","小字名":null,"地番":"63","精度区分":null,"座標系":"任意座標系"}},{"type":"Polygon","arcs":[[-1738,-1746,-1880,1884]],"properties":{"市区町村名":"留萌市","大字名":"南町","丁目名":"２丁目","小字名":null,"地番":"60","精度区分":null,"座標系":"任意座標系"}},{"type":"Polygon","arcs":[[1885,1886,-1743,-1883]],"properties":{"市区町村名":"留萌市","大字名":"南町","丁目名":"２丁目","小字名":null,"地番":"68","精度区分":null,"座標系":"任意座標系"}},{"type":"Polygon","arcs":[[1887,-1739,-1885,1888]],"properties":{"市区町村名":"留萌市","大字名":"南町","丁目名":"２丁目","小字名":null,"地番":"61","精度区分":null,"座標系":"任意座標系"}},{"type":"Polygon","arcs":[[-1740,-1888,-1886,-1884]],"properties":{"市区町村名":"留萌市","大字名":"南町","丁目名":"２丁目","小字名":null,"地番":"62","精度区分":null,"座標系":"任意座標系"}},{"type":"Polygon","arcs":[[-1887,-1889,-1881,-1744]],"properties":{"市区町村名":"留萌市","大字名":"南町","丁目名":"２丁目","小字名":null,"地番":"67","精度区分":null,"座標系":"任意座標系"}},{"type":"Polygon","arcs":[[1889,1890,-1759,1891]],"properties":{"市区町村名":"留萌市","大字名":"南町","丁目名":"２丁目","小字名":null,"地番":"96","精度区分":null,"座標系":"任意座標系"}},{"type":"Polygon","arcs":[[1892,-1760,-1891,1893,-1762]],"properties":{"市区町村名":"留萌市","大字名":"南町","丁目名":"２丁目","小字名":null,"地番":"73","精度区分":null,"座標系":"任意座標系"}},{"type":"Polygon","arcs":[[-1761,-1893]],"properties":{"市区町村名":"留萌市","大字名":"南町","丁目名":"２丁目","小字名":null,"地番":"70","精度区分":null,"座標系":"任意座標系"}},{"type":"Polygon","arcs":[[1894,1895,1896,1897,1898]],"properties":{"市区町村名":"留萌市","大字名":"南町","丁目名":"２丁目","小字名":null,"地番":"204-1","精度区分":null,"座標系":"任意座標系"}},{"type":"Polygon","arcs":[[1899,-1767,1900]],"properties":{"市区町村名":"留萌市","大字名":"南町","丁目名":"２丁目","小字名":null,"地番":"71-2","精度区分":null,"座標系":"任意座標系"}},{"type":"Polygon","arcs":[[-1768,-1900,1901,1902]],"properties":{"市区町村名":"留萌市","大字名":"南町","丁目名":"２丁目","小字名":null,"地番":"72","精度区分":null,"座標系":"任意座標系"}},{"type":"Polygon","arcs":[[-1903,1903,-1765,1904,-1769]],"properties":{"市区町村名":"留萌市","大字名":"南町","丁目名":"２丁目","小字名":null,"地番":"74","精度区分":null,"座標系":"任意座標系"}},{"type":"Polygon","arcs":[[-1902,-1901,-1766,-1904]],"properties":{"市区町村名":"留萌市","大字名":"南町","丁目名":"２丁目","小字名":null,"地番":"71-1","精度区分":null,"座標系":"任意座標系"}},{"type":"Polygon","arcs":[[1905,-1671,1906,1907]],"properties":{"市区町村名":"留萌市","大字名":"南町","丁目名":"２丁目","小字名":null,"地番":"77-6","精度区分":null,"座標系":"任意座標系"}},{"type":"Polygon","arcs":[[-1168,-1166,-1116,1908,1909,1910]],"properties":{"市区町村名":"留萌市","大字名":"南町","丁目名":"２丁目","小字名":null,"地番":"80-1","精度区分":null,"座標系":"任意座標系"}},{"type":"Polygon","arcs":[[1911,1912,1913,-1176]],"properties":{"市区町村名":"留萌市","大字名":"南町","丁目名":"２丁目","小字名":null,"地番":"77-9","精度区分":null,"座標系":"任意座標系"}},{"type":"Polygon","arcs":[[-1910,1914,1915]],"properties":{"市区町村名":"留萌市","大字名":"南町","丁目名":"２丁目","小字名":null,"地番":"80-2","精度区分":null,"座標系":"任意座標系"}},{"type":"Polygon","arcs":[[-1169,-1911,1916]],"properties":{"市区町村名":"留萌市","大字名":"南町","丁目名":"２丁目","小字名":null,"地番":"77-7","精度区分":null,"座標系":"任意座標系"}},{"type":"Polygon","arcs":[[-1913,1917,-1171,-1917,-1916,1918,1919,1920,1921,-1728,1922,1923]],"properties":{"市区町村名":"留萌市","大字名":"南町","丁目名":"２丁目","小字名":null,"地番":"77-1","精度区分":null,"座標系":"任意座標系"}},{"type":"Polygon","arcs":[[-1909,-1673,1924,1925,1926]],"properties":{"市区町村名":"留萌市","大字名":"南町","丁目名":"２丁目","小字名":null,"地番":"79-2","精度区分":null,"座標系":"任意座標系"}},{"type":"Polygon","arcs":[[-1915,-1927,1927,-1919]],"properties":{"市区町村名":"留萌市","大字名":"南町","丁目名":"２丁目","小字名":null,"地番":"79-3","精度区分":null,"座標系":"任意座標系"}},{"type":"Polygon","arcs":[[-1925,-1672,-1906,1928]],"properties":{"市区町村名":"留萌市","大字名":"南町","丁目名":"２丁目","小字名":null,"地番":"79-1","精度区分":null,"座標系":"任意座標系"}},{"type":"Polygon","arcs":[[1929,1930,-1729,-1922]],"properties":{"市区町村名":"留萌市","大字名":"南町","丁目名":"２丁目","小字名":null,"地番":"77-3","精度区分":null,"座標系":"任意座標系"}},{"type":"Polygon","arcs":[[1931,-1669,-1730,-1931]],"properties":{"市区町村名":"留萌市","大字名":"南町","丁目名":"２丁目","小字名":null,"地番":"77-2","精度区分":null,"座標系":"任意座標系"}},{"type":"Polygon","arcs":[[-1670,-1932,1932,-1907]],"properties":{"市区町村名":"留萌市","大字名":"南町","丁目名":"２丁目","小字名":null,"地番":"77-5","精度区分":null,"座標系":"任意座標系"}},{"type":"Polygon","arcs":[[1933,-1908,1934,-1920]],"properties":{"市区町村名":"留萌市","大字名":"南町","丁目名":"２丁目","小字名":null,"地番":"77-10","精度区分":null,"座標系":"任意座標系"}},{"type":"Polygon","arcs":[[-1933,-1930,-1921,-1935]],"properties":{"市区町村名":"留萌市","大字名":"南町","丁目名":"２丁目","小字名":null,"地番":"77-4","精度区分":null,"座標系":"任意座標系"}},{"type":"Polygon","arcs":[[-1727,1935,-1923]],"properties":{"市区町村名":"留萌市","大字名":"南町","丁目名":"２丁目","小字名":null,"地番":"78","精度区分":null,"座標系":"任意座標系"}},{"type":"Polygon","arcs":[[-1912,-1175,-1173,-1918]],"properties":{"市区町村名":"留萌市","大字名":"南町","丁目名":"２丁目","小字名":null,"地番":"77-8","精度区分":null,"座標系":"任意座標系"}},{"type":"Polygon","arcs":[[1936,1937,-791,1938]],"properties":{"市区町村名":"留萌市","大字名":"南町","丁目名":"２丁目","小字名":null,"地番":"293","精度区分":null,"座標系":"任意座標系"}},{"type":"Polygon","arcs":[[1939,1940,-792,-1938]],"properties":{"市区町村名":"留萌市","大字名":"南町","丁目名":"２丁目","小字名":null,"地番":"285-3","精度区分":null,"座標系":"任意座標系"}},{"type":"Polygon","arcs":[[1941,1942,1943,-1763,-1894,-1890]],"properties":{"市区町村名":"留萌市","大字名":"南町","丁目名":"２丁目","小字名":null,"地番":"97","精度区分":null,"座標系":"任意座標系"}},{"type":"Polygon","arcs":[[1944,1945,-1942,1946]],"properties":{"市区町村名":"留萌市","大字名":"南町","丁目名":"２丁目","小字名":null,"地番":"99","精度区分":null,"座標系":"任意座標系"}},{"type":"Polygon","arcs":[[1947,1948,-1945,1949,1950]],"properties":{"市区町村名":"留萌市","大字名":"南町","丁目名":"２丁目","小字名":null,"地番":"101","精度区分":null,"座標系":"任意座標系"}},{"type":"Polygon","arcs":[[1951,1952,1953,1954,1955]],"properties":{"市区町村名":"留萌市","大字名":"南町","丁目名":"２丁目","小字名":null,"地番":"102","精度区分":null,"座標系":"任意座標系"}},{"type":"Polygon","arcs":[[-1950,1956,1957,-1954]],"properties":{"市区町村名":"留萌市","大字名":"南町","丁目名":"２丁目","小字名":null,"地番":"100","精度区分":null,"座標系":"任意座標系"}},{"type":"Polygon","arcs":[[1958,1959,1960,-1951,-1953]],"properties":{"市区町村名":"留萌市","大字名":"南町","丁目名":"２丁目","小字名":null,"地番":"103","精度区分":null,"座標系":"任意座標系"}},{"type":"Polygon","arcs":[[1961,1962,-1959,-1952,1963]],"properties":{"市区町村名":"留萌市","大字名":"南町","丁目名":"２丁目","小字名":null,"地番":"104","精度区分":null,"座標系":"任意座標系"}},{"type":"Polygon","arcs":[[-1897,1964,1965,1966,-1956,1967]],"properties":{"市区町村名":"留萌市","大字名":"南町","丁目名":"２丁目","小字名":null,"地番":"105","精度区分":null,"座標系":"任意座標系"}},{"type":"Polygon","arcs":[[1968,1969,1970,1971]],"properties":{"市区町村名":"留萌市","大字名":"南町","丁目名":"２丁目","小字名":null,"地番":"227","精度区分":null,"座標系":"任意座標系"}},{"type":"Polygon","arcs":[[1972,-1281,1973,1974,1975]],"properties":{"市区町村名":"留萌市","大字名":"南町","丁目名":"２丁目","小字名":null,"地番":"237","精度区分":null,"座標系":"任意座標系"}},{"type":"Polygon","arcs":[[1976,1977,1978,1979,-1976]],"properties":{"市区町村名":"留萌市","大字名":"南町","丁目名":"２丁目","小字名":null,"地番":"230","精度区分":null,"座標系":"任意座標系"}},{"type":"Polygon","arcs":[[1980,1981,1982,1983,-1966]],"properties":{"市区町村名":"留萌市","大字名":"南町","丁目名":"２丁目","小字名":null,"地番":"107","精度区分":null,"座標系":"任意座標系"}},{"type":"Polygon","arcs":[[1984,1985,1986,-1964,-1967,-1984]],"properties":{"市区町村名":"留萌市","大字名":"南町","丁目名":"２丁目","小字名":null,"地番":"106","精度区分":null,"座標系":"任意座標系"}},{"type":"Polygon","arcs":[[1987,1988,-1981,-1965,1989]],"properties":{"市区町村名":"留萌市","大字名":"南町","丁目名":"２丁目","小字名":null,"地番":"108","精度区分":null,"座標系":"任意座標系"}},{"type":"Polygon","arcs":[[1990,-1990,-1896,1991]],"properties":{"市区町村名":"留萌市","大字名":"南町","丁目名":"２丁目","小字名":null,"地番":"204-2","精度区分":null,"座標系":"任意座標系"}},{"type":"Polygon","arcs":[[1992,1993,-1988,-1991,1994]],"properties":{"市区町村名":"留萌市","大字名":"南町","丁目名":"２丁目","小字名":null,"地番":"205","精度区分":null,"座標系":"任意座標系"}},{"type":"Polygon","arcs":[[1995,1996,1997,1998]],"properties":{"市区町村名":"留萌市","大字名":"南町","丁目名":"２丁目","小字名":null,"地番":"213","精度区分":null,"座標系":"任意座標系"}},{"type":"Polygon","arcs":[[1999,2000,2001,-1996,2002]],"properties":{"市区町村名":"留萌市","大字名":"南町","丁目名":"２丁目","小字名":null,"地番":"212","精度区分":null,"座標系":"任意座標系"}},{"type":"Polygon","arcs":[[-1329,-1973,-1980,2003,2004,2005,2006,2007,2008,2009,2010,2011,2012]],"properties":{"市区町村名":"留萌市","大字名":"南町","丁目名":"２丁目","小字名":null,"地番":"307W2","精度区分":null,"座標系":"任意座標系"}},{"type":"Polygon","arcs":[[2013,2014,2015,2016,-1993,2017]],"properties":{"市区町村名":"留萌市","大字名":"南町","丁目名":"２丁目","小字名":null,"地番":"281","精度区分":null,"座標系":"任意座標系"}},{"type":"Polygon","arcs":[[2018,-1997,-2002,2019,2020]],"properties":{"市区町村名":"留萌市","大字名":"南町","丁目名":"２丁目","小字名":null,"地番":"209","精度区分":null,"座標系":"任意座標系"}},{"type":"Polygon","arcs":[[-1998,-2019,2021,2022,2023,2024,2025,-2007]],"properties":{"市区町村名":"留萌市","大字名":"南町","丁目名":"２丁目","小字名":null,"地番":"288","精度区分":null,"座標系":"任意座標系"}},{"type":"Polygon","arcs":[[2026,2027,2028,-1939,-790,-684,-1651]],"properties":{"市区町村名":"留萌市","大字名":"南町","丁目名":"２丁目","小字名":null,"地番":"306","精度区分":null,"座標系":"任意座標系"}},{"type":"Polygon","arcs":[[2029,2030,2031,2032,-1994]],"properties":{"市区町村名":"留萌市","大字名":"南町","丁目名":"２丁目","小字名":null,"地番":"206-1","精度区分":null,"座標系":"任意座標系"}},{"type":"Polygon","arcs":[[-2030,-2017,2033,2034]],"properties":{"市区町村名":"留萌市","大字名":"南町","丁目名":"２丁目","小字名":null,"地番":"286","精度区分":null,"座標系":"任意座標系"}},{"type":"Polygon","arcs":[[2035,2036,2037,-2004,-1979]],"properties":{"市区町村名":"留萌市","大字名":"南町","丁目名":"２丁目","小字名":null,"地番":"226","精度区分":null,"座標系":"任意座標系"}},{"type":"Polygon","arcs":[[2038,2039,2040,-2005,-2038]],"properties":{"市区町村名":"留萌市","大字名":"南町","丁目名":"２丁目","小字名":null,"地番":"221","精度区分":null,"座標系":"任意座標系"}},{"type":"Polygon","arcs":[[2041,2042,2043,2044]],"properties":{"市区町村名":"留萌市","大字名":"南町","丁目名":"２丁目","小字名":null,"地番":"222","精度区分":null,"座標系":"任意座標系"}},{"type":"Polygon","arcs":[[2045,2046,-1972,2047,2048,-2042,2049,2050,-2036,-1978]],"properties":{"市区町村名":"留萌市","大字名":"南町","丁目名":"２丁目","小字名":null,"地番":"225","精度区分":null,"座標系":"任意座標系"}},{"type":"Polygon","arcs":[[2051,2052,-2031,-2035,-2022,-2021]],"properties":{"市区町村名":"留萌市","大字名":"南町","丁目名":"２丁目","小字名":null,"地番":"206-2","精度区分":null,"座標系":"任意座標系"}},{"type":"Polygon","arcs":[[-2050,-2045,2053,2054]],"properties":{"市区町村名":"留萌市","大字名":"南町","丁目名":"２丁目","小字名":null,"地番":"223","精度区分":null,"座標系":"任意座標系"}},{"type":"Polygon","arcs":[[2055,2056,-2039,2057]],"properties":{"市区町村名":"留萌市","大字名":"南町","丁目名":"２丁目","小字名":null,"地番":"220","精度区分":null,"座標系":"任意座標系"}},{"type":"Polygon","arcs":[[2058,-2000,-2040,-2057]],"properties":{"市区町村名":"留萌市","大字名":"南町","丁目名":"２丁目","小字名":null,"地番":"217","精度区分":null,"座標系":"任意座標系"}},{"type":"Polygon","arcs":[[2059,2060,-2052,-2020]],"properties":{"市区町村名":"留萌市","大字名":"南町","丁目名":"２丁目","小字名":null,"地番":"208","精度区分":null,"座標系":"任意座標系"}},{"type":"Polygon","arcs":[[-1633,2061,2062,2063,2064]],"properties":{"市区町村名":"留萌市","大字名":"南町","丁目名":"２丁目","小字名":null,"地番":"235","精度区分":null,"座標系":"任意座標系"}},{"type":"Polygon","arcs":[[2065,2066,-2046,-1977]],"properties":{"市区町村名":"留萌市","大字名":"南町","丁目名":"２丁目","小字名":null,"地番":"229","精度区分":null,"座標系":"任意座標系"}},{"type":"Polygon","arcs":[[2067,-1969,-2047,-2067]],"properties":{"市区町村名":"留萌市","大字名":"南町","丁目名":"２丁目","小字名":null,"地番":"228","精度区分":null,"座標系":"任意座標系"}},{"type":"Polygon","arcs":[[-2064,2068,-2068,2069]],"properties":{"市区町村名":"留萌市","大字名":"南町","丁目名":"２丁目","小字名":null,"地番":"232","精度区分":null,"座標系":"任意座標系"}},{"type":"Polygon","arcs":[[2070,2071,-2015,2072,2073,2074]],"properties":{"市区町村名":"留萌市","大字名":"南町","丁目名":"２丁目","小字名":null,"地番":"289","精度区分":null,"座標系":"任意座標系"}},{"type":"Polygon","arcs":[[-2023,-2034,-2016,-2072]],"properties":{"市区町村名":"留萌市","大字名":"南町","丁目名":"２丁目","小字名":null,"地番":"287","精度区分":null,"座標系":"任意座標系"}},{"type":"Polygon","arcs":[[2075,2076,2077,2078,2079]],"properties":{"市区町村名":"留萌市","大字名":"南町","丁目名":"２丁目","小字名":null,"地番":"283","精度区分":null,"座標系":"任意座標系"}},{"type":"Polygon","arcs":[[2080,2081,2082,-2074,2083,-2076]],"properties":{"市区町村名":"留萌市","大字名":"南町","丁目名":"２丁目","小字名":null,"地番":"284","精度区分":null,"座標系":"任意座標系"}},{"type":"Polygon","arcs":[[2084,-2081,-2080,2085,-1940,2086]],"properties":{"市区町村名":"留萌市","大字名":"南町","丁目名":"２丁目","小字名":null,"地番":"285-1","精度区分":null,"座標系":"任意座標系"}},{"type":"Polygon","arcs":[[-1941,2087,-1654,-793]],"properties":{"市区町村名":"留萌市","大字名":"南町","丁目名":"２丁目","小字名":null,"地番":"285-4","精度区分":null,"座標系":"任意座標系"}},{"type":"Polygon","arcs":[[-2086,-2079,2088,-2088]],"properties":{"市区町村名":"留萌市","大字名":"南町","丁目名":"２丁目","小字名":null,"地番":"285-2","精度区分":null,"座標系":"任意座標系"}},{"type":"Polygon","arcs":[[-2018,-1995,-1992,-1895,2089,2090]],"properties":{"市区町村名":"留萌市","大字名":"南町","丁目名":"２丁目","小字名":null,"地番":"280","精度区分":null,"座標系":"任意座標系"}},{"type":"Polygon","arcs":[[-2073,-2014,-2091,2091,-2077,-2084]],"properties":{"市区町村名":"留萌市","大字名":"南町","丁目名":"２丁目","小字名":null,"地番":"282","精度区分":null,"座標系":"任意座標系"}},{"type":"Polygon","arcs":[[2092,2093,-1646,-1356]],"properties":{"市区町村名":"留萌市","大字名":"南町","丁目名":"２丁目","小字名":null,"地番":"326","精度区分":null,"座標系":"任意座標系"}},{"type":"Polygon","arcs":[[2094,2095,-1647,-2094]],"properties":{"市区町村名":"留萌市","大字名":"南町","丁目名":"２丁目","小字名":null,"地番":"322","精度区分":null,"座標系":"任意座標系"}},{"type":"Polygon","arcs":[[2096,-2010,2097,2098]],"properties":{"市区町村名":"留萌市","大字名":"南町","丁目名":"２丁目","小字名":null,"地番":"316","精度区分":null,"座標系":"任意座標系"}},{"type":"Polygon","arcs":[[2099,-2011,-2097,2100]],"properties":{"市区町村名":"留萌市","大字名":"南町","丁目名":"２丁目","小字名":null,"地番":"319","精度区分":null,"座標系":"任意座標系"}},{"type":"Polygon","arcs":[[2101,-2075,-2083,2102]],"properties":{"市区町村名":"留萌市","大字名":"南町","丁目名":"２丁目","小字名":null,"地番":"290","精度区分":null,"座標系":"任意座標系"}},{"type":"Polygon","arcs":[[-2096,2103,2104,2105,2106,-1648]],"properties":{"市区町村名":"留萌市","大字名":"南町","丁目名":"２丁目","小字名":null,"地番":"318","精度区分":null,"座標系":"任意座標系"}},{"type":"Polygon","arcs":[[2107,2108,-1649,-2107]],"properties":{"市区町村名":"留萌市","大字名":"南町","丁目名":"２丁目","小字名":null,"地番":"315","精度区分":null,"座標系":"任意座標系"}},{"type":"Polygon","arcs":[[2109,-2087,-1937,2110]],"properties":{"市区町村名":"留萌市","大字名":"南町","丁目名":"２丁目","小字名":null,"地番":"292","精度区分":null,"座標系":"任意座標系"}},{"type":"Polygon","arcs":[[2111,-2103,-2082,-2085,-2110]],"properties":{"市区町村名":"留萌市","大字名":"南町","丁目名":"２丁目","小字名":null,"地番":"291","精度区分":null,"座標系":"任意座標系"}},{"type":"Polygon","arcs":[[2112,-2024,-2071,2113]],"properties":{"市区町村名":"留萌市","大字名":"南町","丁目名":"２丁目","小字名":null,"地番":"294","精度区分":null,"座標系":"任意座標系"}},{"type":"Polygon","arcs":[[-2025,-2113,2114,2115]],"properties":{"市区町村名":"留萌市","大字名":"南町","丁目名":"２丁目","小字名":null,"地番":"298","精度区分":null,"座標系":"任意座標系"}},{"type":"Polygon","arcs":[[2116,2117,-2027,2118]],"properties":{"市区町村名":"留萌市","大字名":"南町","丁目名":"２丁目","小字名":null,"地番":"305","精度区分":null,"座標系":"任意座標系"}},{"type":"Polygon","arcs":[[2119,2120,-2028,-2118]],"properties":{"市区町村名":"留萌市","大字名":"南町","丁目名":"２丁目","小字名":null,"地番":"301","精度区分":null,"座標系":"任意座標系"}},{"type":"Polygon","arcs":[[2121,-2008,2122,2123]],"properties":{"市区町村名":"留萌市","大字名":"南町","丁目名":"２丁目","小字名":null,"地番":"308","精度区分":null,"座標系":"任意座標系"}},{"type":"Polygon","arcs":[[-2009,-2122,2124,-2098]],"properties":{"市区町村名":"留萌市","大字名":"南町","丁目名":"２丁目","小字名":null,"地番":"312","精度区分":null,"座標系":"任意座標系"}},{"type":"Polygon","arcs":[[-2093,-1355,2125,2126,2127]],"properties":{"市区町村名":"留萌市","大字名":"南町","丁目名":"２丁目","小字名":null,"地番":"325","精度区分":null,"座標系":"任意座標系"}},{"type":"Polygon","arcs":[[-1262,-2013,2128,2129]],"properties":{"市区町村名":"留萌市","大字名":"南町","丁目名":"２丁目","小字名":null,"地番":"323-2","精度区分":null,"座標系":"任意座標系"}},{"type":"Polygon","arcs":[[2130,-2129,-2012,-2100,2131,-2127]],"properties":{"市区町村名":"留萌市","大字名":"南町","丁目名":"２丁目","小字名":null,"地番":"323-1","精度区分":null,"座標系":"任意座標系"}},{"type":"Polygon","arcs":[[-1365,-2130,-2131,-2126]],"properties":{"市区町村名":"留萌市","大字名":"南町","丁目名":"２丁目","小字名":null,"地番":"324-2","精度区分":null,"座標系":"任意座標系"}},{"type":"Polygon","arcs":[[-2095,-2128,2132,-2104]],"properties":{"市区町村名":"留萌市","大字名":"南町","丁目名":"２丁目","小字名":null,"地番":"321","精度区分":null,"座標系":"任意座標系"}},{"type":"Polygon","arcs":[[-2132,-2101,2133,-2133]],"properties":{"市区町村名":"留萌市","大字名":"南町","丁目名":"２丁目","小字名":null,"地番":"320","精度区分":null,"座標系":"任意座標系"}},{"type":"Polygon","arcs":[[-2134,-2099,2134,-2105]],"properties":{"市区町村名":"留萌市","大字名":"南町","丁目名":"２丁目","小字名":null,"地番":"317","精度区分":null,"座標系":"任意座標系"}},{"type":"Polygon","arcs":[[-2106,2135,2136,-2108]],"properties":{"市区町村名":"留萌市","大字名":"南町","丁目名":"２丁目","小字名":null,"地番":"314","精度区分":null,"座標系":"任意座標系"}},{"type":"Polygon","arcs":[[-2135,-2125,2137,-2136]],"properties":{"市区町村名":"留萌市","大字名":"南町","丁目名":"２丁目","小字名":null,"地番":"313","精度区分":null,"座標系":"任意座標系"}},{"type":"Polygon","arcs":[[-2137,2138,2139,2140]],"properties":{"市区町村名":"留萌市","大字名":"南町","丁目名":"２丁目","小字名":null,"地番":"310","精度区分":null,"座標系":"任意座標系"}},{"type":"Polygon","arcs":[[-2138,-2124,2141,-2139]],"properties":{"市区町村名":"留萌市","大字名":"南町","丁目名":"２丁目","小字名":null,"地番":"309","精度区分":null,"座標系":"任意座標系"}},{"type":"Polygon","arcs":[[-2140,2142,2143,-2117]],"properties":{"市区町村名":"留萌市","大字名":"南町","丁目名":"２丁目","小字名":null,"地番":"304","精度区分":null,"座標系":"任意座標系"}},{"type":"Polygon","arcs":[[-2142,2144,2145,-2143]],"properties":{"市区町村名":"留萌市","大字名":"南町","丁目名":"２丁目","小字名":null,"地番":"303","精度区分":null,"座標系":"任意座標系"}},{"type":"Polygon","arcs":[[2146,2147,-2120,-2144]],"properties":{"市区町村名":"留萌市","大字名":"南町","丁目名":"２丁目","小字名":null,"地番":"300","精度区分":null,"座標系":"任意座標系"}},{"type":"Polygon","arcs":[[-2146,-2115,2148,-2147]],"properties":{"市区町村名":"留萌市","大字名":"南町","丁目名":"２丁目","小字名":null,"地番":"299","精度区分":null,"座標系":"任意座標系"}},{"type":"Polygon","arcs":[[-2148,2149,-2112,2150]],"properties":{"市区町村名":"留萌市","大字名":"南町","丁目名":"２丁目","小字名":null,"地番":"296","精度区分":null,"座標系":"任意座標系"}},{"type":"Polygon","arcs":[[-2149,-2114,-2102,-2150]],"properties":{"市区町村名":"留萌市","大字名":"南町","丁目名":"２丁目","小字名":null,"地番":"295","精度区分":null,"座標系":"任意座標系"}},{"type":"Polygon","arcs":[[-2109,-2141,-2119,-1650]],"properties":{"市区町村名":"留萌市","大字名":"南町","丁目名":"２丁目","小字名":null,"地番":"311","精度区分":null,"座標系":"任意座標系"}},{"type":"Polygon","arcs":[[-2123,-2026,-2116,-2145]],"properties":{"市区町村名":"留萌市","大字名":"南町","丁目名":"２丁目","小字名":null,"地番":"302","精度区分":null,"座標系":"任意座標系"}},{"type":"Polygon","arcs":[[-2121,-2151,-2111,-2029]],"properties":{"市区町村名":"留萌市","大字名":"南町","丁目名":"２丁目","小字名":null,"地番":"297","精度区分":null,"座標系":"任意座標系"}},{"type":"Polygon","arcs":[[-2041,-2003,-1999,-2006]],"properties":{"市区町村名":"留萌市","大字名":"南町","丁目名":"２丁目","小字名":null,"地番":"214","精度区分":null,"座標系":"任意座標系"}},{"type":"Polygon","arcs":[[2151,-2070,-2066,-1975]],"properties":{"市区町村名":"留萌市","大字名":"南町","丁目名":"２丁目","小字名":null,"地番":"233","精度区分":null,"座標系":"任意座標系"}},{"type":"Polygon","arcs":[[-1631,-2065,-2152,-1974]],"properties":{"市区町村名":"留萌市","大字名":"南町","丁目名":"２丁目","小字名":null,"地番":"236","精度区分":null,"座標系":"任意座標系"}},{"type":"Polygon","arcs":[[-2051,-2055,-2058,-2037]],"properties":{"市区町村名":"留萌市","大字名":"南町","丁目名":"２丁目","小字名":null,"地番":"224","精度区分":null,"座標系":"任意座標系"}},{"type":"Polygon","arcs":[[-2054,2152,2153,-2056]],"properties":{"市区町村名":"留萌市","大字名":"南町","丁目名":"２丁目","小字名":null,"地番":"219","精度区分":null,"座標系":"任意座標系"}},{"type":"Polygon","arcs":[[-2154,2154,2155,-2059]],"properties":{"市区町村名":"留萌市","大字名":"南町","丁目名":"２丁目","小字名":null,"地番":"216","精度区分":null,"座標系":"任意座標系"}},{"type":"Polygon","arcs":[[-2156,2156,-2060,-2001]],"properties":{"市区町村名":"留萌市","大字名":"南町","丁目名":"２丁目","小字名":null,"地番":"211","精度区分":null,"座標系":"任意座標系"}},{"type":"Polygon","arcs":[[-2153,-2044,2157,2158]],"properties":{"市区町村名":"留萌市","大字名":"南町","丁目名":"２丁目","小字名":null,"地番":"218","精度区分":null,"座標系":"任意座標系"}},{"type":"Polygon","arcs":[[2159,2160,-2155,-2159]],"properties":{"市区町村名":"留萌市","大字名":"南町","丁目名":"２丁目","小字名":null,"地番":"215","精度区分":null,"座標系":"任意座標系"}},{"type":"Polygon","arcs":[[-2161,2161,2162,-2157]],"properties":{"市区町村名":"留萌市","大字名":"南町","丁目名":"２丁目","小字名":null,"地番":"210","精度区分":null,"座標系":"任意座標系"}},{"type":"Polygon","arcs":[[-2053,2163,2164,-2032]],"properties":{"市区町村名":"留萌市","大字名":"南町","丁目名":"２丁目","小字名":null,"地番":"206-3","精度区分":null,"座標系":"任意座標系"}},{"type":"Polygon","arcs":[[-2061,-2163,2165,-2164]],"properties":{"市区町村名":"留萌市","大字名":"南町","丁目名":"２丁目","小字名":null,"地番":"207","精度区分":null,"座標系":"任意座標系"}},{"type":"Polygon","arcs":[[2166,2167,2168,2169]],"properties":{"市区町村名":"留萌市","大字名":"南町","丁目名":"２丁目","小字名":null,"地番":"57-2","精度区分":null,"座標系":"任意座標系"}},{"type":"Polygon","arcs":[[-1957,-1947,-1892,2170]],"properties":{"市区町村名":"留萌市","大字名":"南町","丁目名":"２丁目","小字名":null,"地番":"98","精度区分":null,"座標系":"任意座標系"}},{"type":"Polygon","arcs":[[2171,-1757,-1816,2172]],"properties":{"市区町村名":"留萌市","大字名":"南町","丁目名":"２丁目","小字名":null,"地番":"35","精度区分":null,"座標系":"任意座標系"}},{"type":"Polygon","arcs":[[2173,-2172,2174,-1822]],"properties":{"市区町村名":"留萌市","大字名":"南町","丁目名":"２丁目","小字名":null,"地番":"36","精度区分":null,"座標系":"任意座標系"}},{"type":"Polygon","arcs":[[-1926,-1929,-1934,-1928]],"properties":{"市区町村名":"留萌市","大字名":"南町","丁目名":"２丁目","小字名":null,"地番":"79-4","精度区分":null,"座標系":"任意座標系"}},{"type":"Polygon","arcs":[[-1861,-1833,-1866,2175]],"properties":{"市区町村名":"留萌市","大字名":"南町","丁目名":"２丁目","小字名":null,"地番":"43","精度区分":null,"座標系":"任意座標系"}},{"type":"Polygon","arcs":[[-2175,-2173,-1809,2176,2177]],"properties":{"市区町村名":"留萌市","大字名":"南町","丁目名":"２丁目","小字名":null,"地番":"34","精度区分":null,"座標系":"任意座標系"}},{"type":"Polygon","arcs":[[-1808,-1812,-1813,-1794,2178,-2177]],"properties":{"市区町村名":"留萌市","大字名":"南町","丁目名":"２丁目","小字名":null,"地番":"33","精度区分":null,"座標系":"任意座標系"}},{"type":"Polygon","arcs":[[2179,-1823,-2178,2180]],"properties":{"市区町村名":"留萌市","大字名":"南町","丁目名":"２丁目","小字名":null,"地番":"40","精度区分":null,"座標系":"任意座標系"}},{"type":"Polygon","arcs":[[-2179,-1862,2181,-2181]],"properties":{"市区町村名":"留萌市","大字名":"南町","丁目名":"２丁目","小字名":null,"地番":"39","精度区分":null,"座標系":"任意座標系"}},{"type":"Polygon","arcs":[[-1825,-2180,2182,-1847]],"properties":{"市区町村名":"留萌市","大字名":"南町","丁目名":"２丁目","小字名":null,"地番":"45","精度区分":null,"座標系":"任意座標系"}},{"type":"Polygon","arcs":[[-2182,-2176,-1835,-2183]],"properties":{"市区町村名":"留萌市","大字名":"南町","丁目名":"２丁目","小字名":null,"地番":"44","精度区分":null,"座標系":"任意座標系"}},{"type":"Polygon","arcs":[[2183,-1826,-1846,-2169]],"properties":{"市区町村名":"留萌市","大字名":"南町","丁目名":"２丁目","小字名":null,"地番":"52","精度区分":null,"座標系":"任意座標系"}},{"type":"Polygon","arcs":[[-1806,-1815,2184,-1810]],"properties":{"市区町村名":"留萌市","大字名":"南町","丁目名":"２丁目","小字名":null,"地番":"28","精度区分":null,"座標系":"任意座標系"}},{"type":"Polygon","arcs":[[-1778,2185,-1802,-2185]],"properties":{"市区町村名":"留萌市","大字名":"南町","丁目名":"２丁目","小字名":null,"地番":"23","精度区分":null,"座標系":"任意座標系"}},{"type":"Polygon","arcs":[[2186,2187,-1874,-1666,-1781]],"properties":{"市区町村名":"留萌市","大字名":"南町","丁目名":"２丁目","小字名":null,"地番":"278-1","精度区分":null,"座標系":"任意座標系"}},{"type":"Polygon","arcs":[[2188,2189,2190,2191,2192]],"properties":{"市区町村名":"留萌市","大字名":"大字留萌村","丁目名":null,"小字名":"字留萌原野六線","地番":"11-8","精度区分":null,"座標系":"任意座標系"}},{"type":"Polygon","arcs":[[2193,-2191,2194,2195]],"properties":{"市区町村名":"留萌市","大字名":"南町","丁目名":"１丁目","小字名":null,"地番":"42","精度区分":null,"座標系":"任意座標系"}},{"type":"Polygon","arcs":[[2196,2197,2198]],"properties":{"市区町村名":"留萌市","大字名":"南町","丁目名":"１丁目","小字名":null,"地番":"49","精度区分":null,"座標系":"任意座標系"}},{"type":"Polygon","arcs":[[2199,-2197,2200,2201]],"properties":{"市区町村名":"留萌市","大字名":"南町","丁目名":"１丁目","小字名":null,"地番":"47","精度区分":null,"座標系":"任意座標系"}},{"type":"Polygon","arcs":[[2202,2203,2204,2205]],"properties":{"市区町村名":"留萌市","大字名":"南町","丁目名":"１丁目","小字名":null,"地番":"28","精度区分":null,"座標系":"任意座標系"}},{"type":"Polygon","arcs":[[2206,2207,2208,-2206,2209,2210]],"properties":{"市区町村名":"留萌市","大字名":"南町","丁目名":"１丁目","小字名":null,"地番":"29","精度区分":null,"座標系":"任意座標系"}},{"type":"Polygon","arcs":[[2211,2212,2213,2214,2215]],"properties":{"市区町村名":"留萌市","大字名":"南町","丁目名":"１丁目","小字名":null,"地番":"36","精度区分":null,"座標系":"任意座標系"}},{"type":"Polygon","arcs":[[2216,2217,-2211,2218,-2216]],"properties":{"市区町村名":"留萌市","大字名":"南町","丁目名":"１丁目","小字名":null,"地番":"35","精度区分":null,"座標系":"任意座標系"}},{"type":"Polygon","arcs":[[2219,-2213,2220]],"properties":{"市区町村名":"留萌市","大字名":"南町","丁目名":"１丁目","小字名":null,"地番":"41","精度区分":null,"座標系":"任意座標系"}},{"type":"Polygon","arcs":[[2221,-2215,2222,2223]],"properties":{"市区町村名":"留萌市","大字名":"南町","丁目名":"１丁目","小字名":null,"地番":"37-2","精度区分":null,"座標系":"任意座標系"}},{"type":"Polygon","arcs":[[2224,2225,-2223,-2214]],"properties":{"市区町村名":"留萌市","大字名":"南町","丁目名":"１丁目","小字名":null,"地番":"38-2","精度区分":null,"座標系":"任意座標系"}},{"type":"Polygon","arcs":[[2226,-2208,2227]],"properties":{"市区町村名":"留萌市","大字名":"南町","丁目名":"１丁目","小字名":null,"地番":"31","精度区分":null,"座標系":"任意座標系"}},{"type":"Polygon","arcs":[[2228,-2203,2229,2230]],"properties":{"市区町村名":"留萌市","大字名":"南町","丁目名":"１丁目","小字名":null,"地番":"27-2","精度区分":null,"座標系":"任意座標系"}},{"type":"Polygon","arcs":[[2231,2232,-2230,-2209]],"properties":{"市区町村名":"留萌市","大字名":"南町","丁目名":"１丁目","小字名":null,"地番":"30-2","精度区分":null,"座標系":"任意座標系"}},{"type":"Polygon","arcs":[[2233,2234,2235,-2224]],"properties":{"市区町村名":"留萌市","大字名":"南町","丁目名":"１丁目","小字名":null,"地番":"37-1","精度区分":null,"座標系":"任意座標系"}},{"type":"Polygon","arcs":[[2236,-2234,-2226]],"properties":{"市区町村名":"留萌市","大字名":"南町","丁目名":"１丁目","小字名":null,"地番":"38-1","精度区分":null,"座標系":"任意座標系"}},{"type":"Polygon","arcs":[[2237,-2228,-2207,-2218]],"properties":{"市区町村名":"留萌市","大字名":"南町","丁目名":"１丁目","小字名":null,"地番":"32","精度区分":null,"座標系":"任意座標系"}},{"type":"Polygon","arcs":[[2238,2239,2240,-2196]],"properties":{"市区町村名":"留萌市","大字名":"南町","丁目名":"１丁目","小字名":null,"地番":"43","精度区分":null,"座標系":"任意座標系"}},{"type":"Polygon","arcs":[[2241,-2239,-2195,-2190,-2198]],"properties":{"市区町村名":"留萌市","大字名":"南町","丁目名":"１丁目","小字名":null,"地番":"44","精度区分":null,"座標系":"任意座標系"}},{"type":"Polygon","arcs":[[2242,-2202,2243]],"properties":{"市区町村名":"留萌市","大字名":"南町","丁目名":"１丁目","小字名":null,"地番":"48","精度区分":null,"座標系":"任意座標系"}},{"type":"Polygon","arcs":[[2244,-2240,2245,-2243]],"properties":{"市区町村名":"留萌市","大字名":"南町","丁目名":"１丁目","小字名":null,"地番":"46","精度区分":null,"座標系":"任意座標系"}},{"type":"Polygon","arcs":[[-2242,-2200,-2246]],"properties":{"市区町村名":"留萌市","大字名":"南町","丁目名":"１丁目","小字名":null,"地番":"45","精度区分":null,"座標系":"任意座標系"}},{"type":"Polygon","arcs":[[-2193,2246]],"properties":{"市区町村名":"留萌市","大字名":"大字留萌村","丁目名":null,"小字名":"字留萌原野六線","地番":"11-5","精度区分":null,"座標系":"任意座標系"}},{"type":"Polygon","arcs":[[2247,-2217,-2222,2248]],"properties":{"市区町村名":"留萌市","大字名":"南町","丁目名":"１丁目","小字名":null,"地番":"34-2","精度区分":null,"座標系":"任意座標系"}},{"type":"Polygon","arcs":[[2249,2250,2251,2252]],"properties":{"市区町村名":"留萌市","大字名":"南町","丁目名":"１丁目","小字名":null,"地番":"1-1","精度区分":null,"座標系":"任意座標系"}},{"type":"Polygon","arcs":[[2253,-2253,2254,2255]],"properties":{"市区町村名":"留萌市","大字名":"南町","丁目名":"１丁目","小字名":null,"地番":"2","精度区分":null,"座標系":"任意座標系"}},{"type":"Polygon","arcs":[[2256,2257,-2256,2258]],"properties":{"市区町村名":"留萌市","大字名":"南町","丁目名":"１丁目","小字名":null,"地番":"7-2","精度区分":null,"座標系":"任意座標系"}},{"type":"Polygon","arcs":[[2259,-2257,2260,2261]],"properties":{"市区町村名":"留萌市","大字名":"南町","丁目名":"１丁目","小字名":null,"地番":"7-1","精度区分":null,"座標系":"任意座標系"}},{"type":"Polygon","arcs":[[2262,2263,2264,-2262]],"properties":{"市区町村名":"留萌市","大字名":"南町","丁目名":"１丁目","小字名":null,"地番":"12","精度区分":null,"座標系":"任意座標系"}},{"type":"Polygon","arcs":[[2265,2266,2267,-2265]],"properties":{"市区町村名":"留萌市","大字名":"南町","丁目名":"１丁目","小字名":null,"地番":"13","精度区分":null,"座標系":"任意座標系"}},{"type":"Polygon","arcs":[[2268,2269,2270,2271]],"properties":{"市区町村名":"留萌市","大字名":"南町","丁目名":"１丁目","小字名":null,"地番":"16-7","精度区分":null,"座標系":"任意座標系"}},{"type":"Polygon","arcs":[[2272,2273,2274,2275]],"properties":{"市区町村名":"留萌市","大字名":"南町","丁目名":"１丁目","小字名":null,"地番":"24","精度区分":null,"座標系":"任意座標系"}},{"type":"Polygon","arcs":[[-2273,2276,-2204,2277]],"properties":{"市区町村名":"留萌市","大字名":"南町","丁目名":"１丁目","小字名":null,"地番":"25","精度区分":null,"座標系":"任意座標系"}},{"type":"Polygon","arcs":[[-1703,-1706,-1678,-1685,-1686,-100,2278,2279,2280,2281,2282,2283,-1707]],"properties":{"市区町村名":"留萌市","大字名":"南町","丁目名":"１丁目","小字名":null,"地番":"39","精度区分":null,"座標系":"任意座標系"}},{"type":"Polygon","arcs":[[2284,2285,2286,-2270,2287,2288]],"properties":{"市区町村名":"留萌市","大字名":"南町","丁目名":"１丁目","小字名":null,"地番":"21-6","精度区分":null,"座標系":"任意座標系"}},{"type":"Polygon","arcs":[[-2268,2289,2290,2291,2292,2293,2294,2295,-2258,-2260]],"properties":{"市区町村名":"留萌市","大字名":"南町","丁目名":"１丁目","小字名":null,"地番":"10","精度区分":null,"座標系":"任意座標系"}},{"type":"Polygon","arcs":[[2296,2297,2298,2299]],"properties":{"市区町村名":"留萌市","大字名":"南町","丁目名":"１丁目","小字名":null,"地番":"4-2","精度区分":null,"座標系":"任意座標系"}},{"type":"Polygon","arcs":[[-2299,2300,2301,-2254,-2296,2302]],"properties":{"市区町村名":"留萌市","大字名":"南町","丁目名":"１丁目","小字名":null,"地番":"3","精度区分":null,"座標系":"任意座標系"}},{"type":"Polygon","arcs":[[-2300,2303,2304,2305]],"properties":{"市区町村名":"留萌市","大字名":"南町","丁目名":"１丁目","小字名":null,"地番":"5-2","精度区分":null,"座標系":"任意座標系"}},{"type":"Polygon","arcs":[[-2303,-2295,-2304]],"properties":{"市区町村名":"留萌市","大字名":"南町","丁目名":"１丁目","小字名":null,"地番":"8","精度区分":null,"座標系":"任意座標系"}},{"type":"Polygon","arcs":[[2306,-2305,-2294,2307]],"properties":{"市区町村名":"留萌市","大字名":"南町","丁目名":"１丁目","小字名":null,"地番":"9-4","精度区分":null,"座標系":"任意座標系"}},{"type":"Polygon","arcs":[[2308,-2291,2309,2310]],"properties":{"市区町村名":"留萌市","大字名":"南町","丁目名":"１丁目","小字名":null,"地番":"11-4","精度区分":null,"座標系":"任意座標系"}},{"type":"Polygon","arcs":[[2311,-2310,-2290,-2267,2312,2313]],"properties":{"市区町村名":"留萌市","大字名":"南町","丁目名":"１丁目","小字名":null,"地番":"14-2","精度区分":null,"座標系":"任意座標系"}},{"type":"Polygon","arcs":[[-2302,2314,-2250]],"properties":{"市区町村名":"留萌市","大字名":"南町","丁目名":"１丁目","小字名":null,"地番":"1-2","精度区分":null,"座標系":"任意座標系"}},{"type":"Polygon","arcs":[[2315,2316,-2297,2317]],"properties":{"市区町村名":"留萌市","大字名":"南町","丁目名":"１丁目","小字名":null,"地番":"4-3","精度区分":null,"座標系":"任意座標系"}},{"type":"Polygon","arcs":[[2318,-2318,-2306,2319]],"properties":{"市区町村名":"留萌市","大字名":"南町","丁目名":"１丁目","小字名":null,"地番":"5-3","精度区分":null,"座標系":"任意座標系"}},{"type":"Polygon","arcs":[[2320,-2320,-2307,2321]],"properties":{"市区町村名":"留萌市","大字名":"南町","丁目名":"１丁目","小字名":null,"地番":"9-6","精度区分":null,"座標系":"任意座標系"}},{"type":"Polygon","arcs":[[2322,2323,2324,-2311,2325]],"properties":{"市区町村名":"留萌市","大字名":"南町","丁目名":"１丁目","小字名":null,"地番":"11-2","精度区分":null,"座標系":"任意座標系"}},{"type":"Polygon","arcs":[[2326,2327,2328,2329,2330]],"properties":{"市区町村名":"留萌市","大字名":"南町","丁目名":"１丁目","小字名":null,"地番":"16-6","精度区分":null,"座標系":"任意座標系"}},{"type":"Polygon","arcs":[[-2287,-2327,2331,-2271]],"properties":{"市区町村名":"留萌市","大字名":"南町","丁目名":"１丁目","小字名":null,"地番":"16-8","精度区分":null,"座標系":"任意座標系"}},{"type":"Polygon","arcs":[[2332,2333,2334]],"properties":{"市区町村名":"留萌市","大字名":"南町","丁目名":"１丁目","小字名":null,"地番":"21-4","精度区分":null,"座標系":"任意座標系"}},{"type":"Polygon","arcs":[[-2285,2335,-2333]],"properties":{"市区町村名":"留萌市","大字名":"南町","丁目名":"１丁目","小字名":null,"地番":"21-7","精度区分":null,"座標系":"任意座標系"}},{"type":"Polygon","arcs":[[2336,-2278,-2229,2337]],"properties":{"市区町村名":"留萌市","大字名":"南町","丁目名":"１丁目","小字名":null,"地番":"26-2","精度区分":null,"座標系":"任意座標系"}},{"type":"Polygon","arcs":[[-2280,2338,2339,2340,2341,2342,2343,-2329,2344,2345,2346,2347,2348,2349]],"properties":{"市区町村名":"留萌市","大字名":"南町","丁目名":"１丁目","小字名":null,"地番":"17","精度区分":null,"座標系":"任意座標系"}},{"type":"Polygon","arcs":[[2350,-2282,2351,2352]],"properties":{"市区町村名":"留萌市","大字名":"南町","丁目名":"１丁目","小字名":null,"地番":"22-3","精度区分":null,"座標系":"任意座標系"}},{"type":"Polygon","arcs":[[2353,-2345,-2328,-2286,-2335,2354,2355]],"properties":{"市区町村名":"留萌市","大字名":"南町","丁目名":"１丁目","小字名":null,"地番":"21-1","精度区分":null,"座標系":"任意座標系"}},{"type":"Polygon","arcs":[[-2352,-2281,-2350,2356]],"properties":{"市区町村名":"留萌市","大字名":"南町","丁目名":"１丁目","小字名":null,"地番":"22-2","精度区分":null,"座標系":"任意座標系"}},{"type":"Polygon","arcs":[[2357,2358,-2356,2359]],"properties":{"市区町村名":"留萌市","大字名":"南町","丁目名":"１丁目","小字名":null,"地番":"21-3","精度区分":null,"座標系":"任意座標系"}},{"type":"Polygon","arcs":[[2360,2361,2362,-2353]],"properties":{"市区町村名":"留萌市","大字名":"南町","丁目名":"１丁目","小字名":null,"地番":"22-5","精度区分":null,"座標系":"任意座標系"}},{"type":"Polygon","arcs":[[2363,-2348,2364,2365]],"properties":{"市区町村名":"留萌市","大字名":"南町","丁目名":"１丁目","小字名":null,"地番":"22-6","精度区分":null,"座標系":"任意座標系"}},{"type":"Polygon","arcs":[[-2349,-2364,-2361,-2357]],"properties":{"市区町村名":"留萌市","大字名":"南町","丁目名":"１丁目","小字名":null,"地番":"22-4","精度区分":null,"座標系":"任意座標系"}},{"type":"Polygon","arcs":[[2366,-2358,2367,2368]],"properties":{"市区町村名":"留萌市","大字名":"南町","丁目名":"１丁目","小字名":null,"地番":"22-1","精度区分":null,"座標系":"任意座標系"}},{"type":"Polygon","arcs":[[2369,-2346,-2354,-2359]],"properties":{"市区町村名":"留萌市","大字名":"南町","丁目名":"１丁目","小字名":null,"地番":"21-5","精度区分":null,"座標系":"任意座標系"}},{"type":"Polygon","arcs":[[-2347,-2370,-2367,-2365]],"properties":{"市区町村名":"留萌市","大字名":"南町","丁目名":"１丁目","小字名":null,"地番":"22-8","精度区分":null,"座標系":"任意座標系"}},{"type":"Polygon","arcs":[[-2332,2370,-2314,2371,-2272]],"properties":{"市区町村名":"留萌市","大字名":"南町","丁目名":"１丁目","小字名":null,"地番":"15-2","精度区分":null,"座標系":"任意座標系"}},{"type":"Polygon","arcs":[[-2341,2372,2373,2374]],"properties":{"市区町村名":"留萌市","大字名":"南町","丁目名":"１丁目","小字名":null,"地番":"16-2","精度区分":null,"座標系":"任意座標系"}},{"type":"Polygon","arcs":[[2375,2376,-2374]],"properties":{"市区町村名":"留萌市","大字名":"南町","丁目名":"１丁目","小字名":null,"地番":"16-3","精度区分":null,"座標系":"任意座標系"}},{"type":"Polygon","arcs":[[-2309,2377,2378,-2292]],"properties":{"市区町村名":"留萌市","大字名":"南町","丁目名":"１丁目","小字名":null,"地番":"9-8","精度区分":null,"座標系":"任意座標系"}},{"type":"Polygon","arcs":[[2379,-2308,-2293,-2379]],"properties":{"市区町村名":"留萌市","大字名":"南町","丁目名":"１丁目","小字名":null,"地番":"9-5","精度区分":null,"座標系":"任意座標系"}},{"type":"Polygon","arcs":[[2380,2381,-2377,2382,2383,-2321,2384]],"properties":{"市区町村名":"留萌市","大字名":"南町","丁目名":"１丁目","小字名":null,"地番":"9-1","精度区分":null,"座標系":"任意座標系"}},{"type":"Polygon","arcs":[[2385,-2381,2386]],"properties":{"市区町村名":"留萌市","大字名":"南町","丁目名":"１丁目","小字名":null,"地番":"11-1","精度区分":null,"座標系":"任意座標系"}},{"type":"Polygon","arcs":[[2387,-2387,2388,-2324]],"properties":{"市区町村名":"留萌市","大字名":"南町","丁目名":"１丁目","小字名":null,"地番":"11-3","精度区分":null,"座標系":"任意座標系"}},{"type":"Polygon","arcs":[[2389,2390,2391,-2319,-2384]],"properties":{"市区町村名":"留萌市","大字名":"南町","丁目名":"１丁目","小字名":null,"地番":"5-1","精度区分":null,"座標系":"任意座標系"}},{"type":"Polygon","arcs":[[-2392,2392,-2316]],"properties":{"市区町村名":"留萌市","大字名":"南町","丁目名":"１丁目","小字名":null,"地番":"4-1","精度区分":null,"座標系":"任意座標系"}},{"type":"Polygon","arcs":[[2393,-2390,-2383,-2376]],"properties":{"市区町村名":"留萌市","大字名":"南町","丁目名":"１丁目","小字名":null,"地番":"6","精度区分":null,"座標系":"任意座標系"}},{"type":"Polygon","arcs":[[2394,-2322,-2380,2395]],"properties":{"市区町村名":"留萌市","大字名":"南町","丁目名":"１丁目","小字名":null,"地番":"9-7","精度区分":null,"座標系":"任意座標系"}},{"type":"Polygon","arcs":[[-2385,-2395,2396,-2389]],"properties":{"市区町村名":"留萌市","大字名":"南町","丁目名":"１丁目","小字名":null,"地番":"9-3","精度区分":null,"座標系":"任意座標系"}},{"type":"Polygon","arcs":[[-2325,-2397,-2396,-2378]],"properties":{"市区町村名":"留萌市","大字名":"南町","丁目名":"１丁目","小字名":null,"地番":"9-2","精度区分":null,"座標系":"任意座標系"}},{"type":"Polygon","arcs":[[-2343,2397,-2323,2398]],"properties":{"市区町村名":"留萌市","大字名":"南町","丁目名":"１丁目","小字名":null,"地番":"16-4","精度区分":null,"座標系":"任意座標系"}},{"type":"Polygon","arcs":[[-2342,-2375,-2382,-2386,-2388,-2398]],"properties":{"市区町村名":"留萌市","大字名":"南町","丁目名":"１丁目","小字名":null,"地番":"16-1","精度区分":null,"座標系":"任意座標系"}},{"type":"Polygon","arcs":[[-2344,-2399,2399,-2330]],"properties":{"市区町村名":"留萌市","大字名":"南町","丁目名":"１丁目","小字名":null,"地番":"16-5","精度区分":null,"座標系":"任意座標系"}},{"type":"Polygon","arcs":[[-2400,-2326,-2312,2400]],"properties":{"市区町村名":"留萌市","大字名":"南町","丁目名":"１丁目","小字名":null,"地番":"14-1","精度区分":null,"座標系":"任意座標系"}},{"type":"Polygon","arcs":[[-2401,-2371,-2331]],"properties":{"市区町村名":"留萌市","大字名":"南町","丁目名":"１丁目","小字名":null,"地番":"15-1","精度区分":null,"座標系":"任意座標系"}},{"type":"Polygon","arcs":[[-2275,-2288,2401]],"properties":{"市区町村名":"留萌市","大字名":"南町","丁目名":"１丁目","小字名":null,"地番":"21-2","精度区分":null,"座標系":"任意座標系"}},{"type":"Polygon","arcs":[[-2337,2402,-2336,-2289,-2274]],"properties":{"市区町村名":"留萌市","大字名":"南町","丁目名":"１丁目","小字名":null,"地番":"23-2","精度区分":null,"座標系":"任意座標系"}},{"type":"Polygon","arcs":[[2403,2404,2405,2406]],"properties":{"市区町村名":"留萌市","大字名":"緑ケ丘町","丁目名":"１丁目","小字名":null,"地番":"1-4","精度区分":null,"座標系":"任意座標系"}},{"type":"Polygon","arcs":[[-2404,2407,2408,2409,2410]],"properties":{"市区町村名":"留萌市","大字名":"緑ケ丘町","丁目名":"１丁目","小字名":null,"地番":"1-1","精度区分":null,"座標系":"任意座標系"}},{"type":"Polygon","arcs":[[2411,2412,2413,-2410,2414,-2394,-2373,-2340]],"properties":{"市区町村名":"留萌市","大字名":"緑ケ丘町","丁目名":"１丁目","小字名":null,"地番":"長狭物不明-2","精度区分":null,"座標系":"任意座標系"}},{"type":"Polygon","arcs":[[2415,-107,2416,2417,2418,-2413]],"properties":{"市区町村名":"留萌市","大字名":"緑ケ丘町","丁目名":"１丁目","小字名":null,"地番":"6-1W4","精度区分":null,"座標系":"任意座標系"}},{"type":"Polygon","arcs":[[2419,2420,-2417,-106]],"properties":{"市区町村名":"留萌市","大字名":"緑ケ丘町","丁目名":"１丁目","小字名":null,"地番":"6-2","精度区分":null,"座標系":"任意座標系"}},{"type":"Polygon","arcs":[[2421,2422,-104]],"properties":{"市区町村名":"留萌市","大字名":"緑ケ丘町","丁目名":"１丁目","小字名":null,"地番":"6-4","精度区分":null,"座標系":"任意座標系"}},{"type":"Polygon","arcs":[[-102,2423]],"properties":{"市区町村名":"留萌市","大字名":"緑ケ丘町","丁目名":"１丁目","小字名":null,"地番":"6-3","精度区分":null,"座標系":"任意座標系"}},{"type":"Polygon","arcs":[[2424,2425,2426]],"properties":{"市区町村名":"留萌市","大字名":"緑ケ丘町","丁目名":"１丁目","小字名":null,"地番":"30-30","精度区分":null,"座標系":"任意座標系"}},{"type":"Polygon","arcs":[[-2416,-2412,-2339,-2279,-99]],"properties":{"市区町村名":"留萌市","大字名":"緑ケ丘町","丁目名":"１丁目","小字名":null,"地番":"10","精度区分":null,"座標系":"任意座標系"}},{"type":"Polygon","arcs":[[2427,2428,-2251]],"properties":{"市区町村名":"留萌市","大字名":"緑ケ丘町","丁目名":"１丁目","小字名":null,"地番":"3","精度区分":null,"座標系":"任意座標系"}},{"type":"Polygon","arcs":[[2429,2430]],"properties":{"市区町村名":"留萌市","大字名":"緑ケ丘町","丁目名":"１丁目","小字名":null,"地番":"2-3","精度区分":null,"座標系":"任意座標系"}},{"type":"Polygon","arcs":[[2431,2432,2433,2434]],"properties":{"市区町村名":"留萌市","大字名":"緑ケ丘町","丁目名":"１丁目","小字名":null,"地番":"1-2","精度区分":null,"座標系":"任意座標系"}},{"type":"Polygon","arcs":[[2435,-2435,2436,-2430,2437]],"properties":{"市区町村名":"留萌市","大字名":"緑ケ丘町","丁目名":"１丁目","小字名":null,"地番":"2-2","精度区分":null,"座標系":"任意座標系"}},{"type":"Polygon","arcs":[[2438,-2438,-2428,-2315,-2301]],"properties":{"市区町村名":"留萌市","大字名":"緑ケ丘町","丁目名":"１丁目","小字名":null,"地番":"4","精度区分":null,"座標系":"任意座標系"}},{"type":"Polygon","arcs":[[-2409,2439,-2439,-2298,-2317,-2393,-2391,-2415]],"properties":{"市区町村名":"留萌市","大字名":"緑ケ丘町","丁目名":"１丁目","小字名":null,"地番":"5","精度区分":null,"座標系":"任意座標系"}},{"type":"Polygon","arcs":[[-2440,-2408,-2407,2440,-2432,-2436]],"properties":{"市区町村名":"留萌市","大字名":"緑ケ丘町","丁目名":"１丁目","小字名":null,"地番":"1-3","精度区分":null,"座標系":"任意座標系"}},{"type":"Polygon","arcs":[[2441,2442,-26,2443,2444]],"properties":{"市区町村名":"留萌市","大字名":"緑ケ丘町","丁目名":"１丁目","小字名":null,"地番":"30-14","精度区分":null,"座標系":"任意座標系"}},{"type":"Polygon","arcs":[[2445,2446,2447,2448,2449,2450]],"properties":{"市区町村名":"留萌市","大字名":"緑ケ丘町","丁目名":"１丁目","小字名":null,"地番":"30-23","精度区分":null,"座標系":"任意座標系"}},{"type":"Polygon","arcs":[[2451,2452,-2451,2453,2454]],"properties":{"市区町村名":"留萌市","大字名":"緑ケ丘町","丁目名":"１丁目","小字名":null,"地番":"30-29","精度区分":null,"座標系":"任意座標系"}},{"type":"Polygon","arcs":[[-2453,2455,2456,-2446]],"properties":{"市区町村名":"留萌市","大字名":"緑ケ丘町","丁目名":"１丁目","小字名":null,"地番":"30-36","精度区分":null,"座標系":"任意座標系"}},{"type":"Polygon","arcs":[[2457,2458,2459,-2447,-2457]],"properties":{"市区町村名":"留萌市","大字名":"緑ケ丘町","丁目名":"１丁目","小字名":null,"地番":"30-28","精度区分":null,"座標系":"任意座標系"}},{"type":"Polygon","arcs":[[2460,2461,2462,2463]],"properties":{"市区町村名":"留萌市","大字名":"緑ケ丘町","丁目名":"１丁目","小字名":null,"地番":"30-38","精度区分":null,"座標系":"任意座標系"}},{"type":"Polygon","arcs":[[2464,-2461,-2458,2465]],"properties":{"市区町村名":"留萌市","大字名":"緑ケ丘町","丁目名":"１丁目","小字名":null,"地番":"30-33","精度区分":null,"座標系":"任意座標系"}},{"type":"Polygon","arcs":[[-2459,-2464,2466,2467]],"properties":{"市区町村名":"留萌市","大字名":"緑ケ丘町","丁目名":"１丁目","小字名":null,"地番":"30-37","精度区分":null,"座標系":"任意座標系"}},{"type":"Polygon","arcs":[[2468,2469,2470,2471,2472,-2467]],"properties":{"市区町村名":"留萌市","大字名":"緑ケ丘町","丁目名":"１丁目","小字名":null,"地番":"30-27","精度区分":null,"座標系":"任意座標系"}},{"type":"Polygon","arcs":[[2473,2474,2475,2476]],"properties":{"市区町村名":"留萌市","大字名":"緑ケ丘町","丁目名":"１丁目","小字名":null,"地番":"30-9","精度区分":null,"座標系":"任意座標系"}},{"type":"Polygon","arcs":[[2477,-2474,-2469,-2463]],"properties":{"市区町村名":"留萌市","大字名":"緑ケ丘町","丁目名":"１丁目","小字名":null,"地番":"30-32","精度区分":null,"座標系":"任意座標系"}},{"type":"Polygon","arcs":[[2478,2479,2480,-2471,2481]],"properties":{"市区町村名":"留萌市","大字名":"緑ケ丘町","丁目名":"１丁目","小字名":null,"地番":"30-26","精度区分":null,"座標系":"任意座標系"}},{"type":"Polygon","arcs":[[2482,2483,2484,2485,-2479,2486]],"properties":{"市区町村名":"留萌市","大字名":"緑ケ丘町","丁目名":"１丁目","小字名":null,"地番":"30-25","精度区分":null,"座標系":"任意座標系"}},{"type":"Polygon","arcs":[[-2470,-2477,-2487,-2482]],"properties":{"市区町村名":"留萌市","大字名":"緑ケ丘町","丁目名":"１丁目","小字名":null,"地番":"30-34","精度区分":null,"座標系":"任意座標系"}},{"type":"Polygon","arcs":[[2487,-2425,-2483,-2476]],"properties":{"市区町村名":"留萌市","大字名":"緑ケ丘町","丁目名":"１丁目","小字名":null,"地番":"30-31","精度区分":null,"座標系":"任意座標系"}},{"type":"Polygon","arcs":[[2488,2489,2490,2491,2492]],"properties":{"市区町村名":"留萌市","大字名":"緑ケ丘町","丁目名":"１丁目","小字名":null,"地番":"30-41","精度区分":null,"座標系":"任意座標系"}},{"type":"Polygon","arcs":[[2493,-24,2494,-2491]],"properties":{"市区町村名":"留萌市","大字名":"緑ケ丘町","丁目名":"１丁目","小字名":null,"地番":"30-42","精度区分":null,"座標系":"任意座標系"}},{"type":"Polygon","arcs":[[-2444,-25,-2494,-2490]],"properties":{"市区町村名":"留萌市","大字名":"緑ケ丘町","丁目名":"１丁目","小字名":null,"地番":"30-43","精度区分":null,"座標系":"任意座標系"}},{"type":"Polygon","arcs":[[2495,-2472,-2481,2496,2497]],"properties":{"市区町村名":"留萌市","大字名":"緑ケ丘町","丁目名":"１丁目","小字名":null,"地番":"30-21","精度区分":null,"座標系":"任意座標系"}},{"type":"Polygon","arcs":[[-2460,-2468,-2473,-2496,2498,-2448]],"properties":{"市区町村名":"留萌市","大字名":"緑ケ丘町","丁目名":"１丁目","小字名":null,"地番":"30-22","精度区分":null,"座標系":"任意座標系"}},{"type":"Polygon","arcs":[[-2499,2499,2500,2501]],"properties":{"市区町村名":"留萌市","大字名":"緑ケ丘町","丁目名":"１丁目","小字名":null,"地番":"30-17","精度区分":null,"座標系":"任意座標系"}},{"type":"Polygon","arcs":[[-22,2502,2503]],"properties":{"市区町村名":"留萌市","大字名":"緑ケ丘町","丁目名":"１丁目","小字名":null,"地番":"29-2","精度区分":null,"座標系":"任意座標系"}},{"type":"Polygon","arcs":[[-2500,-2498,2504,2505]],"properties":{"市区町村名":"留萌市","大字名":"緑ケ丘町","丁目名":"１丁目","小字名":null,"地番":"30-16","精度区分":null,"座標系":"任意座標系"}},{"type":"Polygon","arcs":[[-2480,-2486,2506,2507,-2497]],"properties":{"市区町村名":"留萌市","大字名":"緑ケ丘町","丁目名":"１丁目","小字名":null,"地番":"30-20","精度区分":null,"座標系":"任意座標系"}},{"type":"Polygon","arcs":[[-2508,-2445,-2489,-2505]],"properties":{"市区町村名":"留萌市","大字名":"緑ケ丘町","丁目名":"１丁目","小字名":null,"地番":"30-15","精度区分":null,"座標系":"任意座標系"}},{"type":"Polygon","arcs":[[-2485,2508,2509,-2442,-2507]],"properties":{"市区町村名":"留萌市","大字名":"緑ケ丘町","丁目名":"１丁目","小字名":null,"地番":"30-19","精度区分":null,"座標系":"任意座標系"}},{"type":"Polygon","arcs":[[-2484,-2427,2510,-2509]],"properties":{"市区町村名":"留萌市","大字名":"緑ケ丘町","丁目名":"１丁目","小字名":null,"地番":"30-24","精度区分":null,"座標系":"任意座標系"}},{"type":"Polygon","arcs":[[2511,2512,2513,2514]],"properties":{"市区町村名":"留萌市","大字名":"泉町","丁目名":"１丁目","小字名":null,"地番":"16","精度区分":null,"座標系":"任意座標系"}},{"type":"Polygon","arcs":[[2515,2516,2517,2518]],"properties":{"市区町村名":"留萌市","大字名":"泉町","丁目名":"１丁目","小字名":null,"地番":"15-24","精度区分":null,"座標系":"任意座標系"}},{"type":"Polygon","arcs":[[2519,2520,2521,2522,2523]],"properties":{"市区町村名":"留萌市","大字名":"泉町","丁目名":"１丁目","小字名":null,"地番":"27-2","精度区分":null,"座標系":"任意座標系"}},{"type":"Polygon","arcs":[[2524,2525,2526,2527,2528,2529,2530,2531,2532,2533,2534,2535,2536,2537,2538,2539,2540,2541,2542,2543,2544]],"properties":{"市区町村名":"留萌市","大字名":"泉町","丁目名":"１丁目","小字名":null,"地番":"道-4","精度区分":null,"座標系":"任意座標系"}},{"type":"Polygon","arcs":[[2545,2546,2547,2548,2549,2550,2551]],"properties":{"市区町村名":"留萌市","大字名":"泉町","丁目名":"１丁目","小字名":null,"地番":"95","精度区分":null,"座標系":"任意座標系"}},{"type":"Polygon","arcs":[[2552,2553,2554,2555,2556]],"properties":{"市区町村名":"留萌市","大字名":"泉町","丁目名":"１丁目","小字名":null,"地番":"1","精度区分":null,"座標系":"任意座標系"}},{"type":"Polygon","arcs":[[2557,2558,2559,2560,2561,2562,2563,2564,2565,2566,2567,2568,2569,2570,2571,2572,2573,2574,2575,2576,2577,2578,2579,2580,2581,2582,2583,-2552,2584,2585,2586,2587,2588,2589,2590,2591,2592,2593,2594,2595,2596,2597,2598,2599,2600,2601,2602,2603,2604,2605,2606,2607,2608,2609,2610,2611,2612,2613,2614,2615]],"properties":{"市区町村名":"留萌市","大字名":"泉町","丁目名":"１丁目","小字名":null,"地番":"28-1","精度区分":null,"座標系":"任意座標系"}},{"type":"Polygon","arcs":[[2616,2617,2618,-2601]],"properties":{"市区町村名":"留萌市","大字名":"泉町","丁目名":"１丁目","小字名":null,"地番":"26","精度区分":null,"座標系":"任意座標系"}},{"type":"Polygon","arcs":[[2619,2620,2621,2622,2623]],"properties":{"市区町村名":"留萌市","大字名":"泉町","丁目名":"１丁目","小字名":null,"地番":"15-5","精度区分":null,"座標系":"任意座標系"}},{"type":"Polygon","arcs":[[2624,2625,-2621,2626,2627]],"properties":{"市区町村名":"留萌市","大字名":"泉町","丁目名":"１丁目","小字名":null,"地番":"5","精度区分":null,"座標系":"任意座標系"}},{"type":"Polygon","arcs":[[2628,-2555,2629,2630,-2625]],"properties":{"市区町村名":"留萌市","大字名":"泉町","丁目名":"１丁目","小字名":null,"地番":"3","精度区分":null,"座標系":"任意座標系"}},{"type":"Polygon","arcs":[[2631,-2630,-2554]],"properties":{"市区町村名":"留萌市","大字名":"泉町","丁目名":"１丁目","小字名":null,"地番":"2","精度区分":null,"座標系":"任意座標系"}},{"type":"Polygon","arcs":[[-2629,2632,-2556]],"properties":{"市区町村名":"留萌市","大字名":"泉町","丁目名":"１丁目","小字名":null,"地番":"4","精度区分":null,"座標系":"任意座標系"}},{"type":"Polygon","arcs":[[2633,-2592,2634,2635,2636,2637,-2517]],"properties":{"市区町村名":"留萌市","大字名":"泉町","丁目名":"１丁目","小字名":null,"地番":"14","精度区分":null,"座標系":"任意座標系"}},{"type":"Polygon","arcs":[[2638,-2623,2639,2640]],"properties":{"市区町村名":"留萌市","大字名":"泉町","丁目名":"１丁目","小字名":null,"地番":"15-1","精度区分":null,"座標系":"任意座標系"}},{"type":"Polygon","arcs":[[2641,2642,2643,2644,2645,-2641,2646,2647,2648,2649,2650,2651,2652]],"properties":{"市区町村名":"留萌市","大字名":"泉町","丁目名":"１丁目","小字名":null,"地番":"15-7","精度区分":null,"座標系":"任意座標系"}},{"type":"Polygon","arcs":[[-2637,2653,2654]],"properties":{"市区町村名":"留萌市","大字名":"泉町","丁目名":"１丁目","小字名":null,"地番":"15-34","精度区分":null,"座標系":"任意座標系"}},{"type":"Polygon","arcs":[[-2518,-2638,-2655,2655,2656]],"properties":{"市区町村名":"留萌市","大字名":"泉町","丁目名":"１丁目","小字名":null,"地番":"15-25","精度区分":null,"座標系":"任意座標系"}},{"type":"Polygon","arcs":[[-2657,2657,-2652,2658,2659,2660,2661,2662,2663,-2519]],"properties":{"市区町村名":"留萌市","大字名":"泉町","丁目名":"１丁目","小字名":null,"地番":"15-23","精度区分":null,"座標系":"任意座標系"}},{"type":"Polygon","arcs":[[2664,-2624,-2639,-2646,2665]],"properties":{"市区町村名":"留萌市","大字名":"泉町","丁目名":"１丁目","小字名":null,"地番":"15-37","精度区分":null,"座標系":"任意座標系"}},{"type":"Polygon","arcs":[[2666,2667,-2666,-2645,2668,2669]],"properties":{"市区町村名":"留萌市","大字名":"泉町","丁目名":"１丁目","小字名":null,"地番":"15-38","精度区分":null,"座標系":"任意座標系"}},{"type":"Polygon","arcs":[[2670,-2627,-2620,-2665,-2668]],"properties":{"市区町村名":"留萌市","大字名":"泉町","丁目名":"１丁目","小字名":null,"地番":"15-4","精度区分":null,"座標系":"任意座標系"}},{"type":"Polygon","arcs":[[2671,-2650,2672,2673]],"properties":{"市区町村名":"留萌市","大字名":"泉町","丁目名":"１丁目","小字名":null,"地番":"15-28","精度区分":null,"座標系":"任意座標系"}},{"type":"Polygon","arcs":[[2674,2675,2676,2677,2678,-2662]],"properties":{"市区町村名":"留萌市","大字名":"泉町","丁目名":"１丁目","小字名":null,"地番":"15-22","精度区分":null,"座標系":"任意座標系"}},{"type":"Polygon","arcs":[[2679,-2658,-2656]],"properties":{"市区町村名":"留萌市","大字名":"泉町","丁目名":"１丁目","小字名":null,"地番":"15-26","精度区分":null,"座標系":"任意座標系"}},{"type":"Polygon","arcs":[[2680,2681,2682,2683,-2642]],"properties":{"市区町村名":"留萌市","大字名":"泉町","丁目名":"１丁目","小字名":null,"地番":"15-32","精度区分":null,"座標系":"任意座標系"}},{"type":"Polygon","arcs":[[-2636,2684,-2681,-2653,-2680,-2654]],"properties":{"市区町村名":"留萌市","大字名":"泉町","丁目名":"１丁目","小字名":null,"地番":"15-33","精度区分":null,"座標系":"任意座標系"}},{"type":"Polygon","arcs":[[2685,2686,2687,-2643,-2684]],"properties":{"市区町村名":"留萌市","大字名":"泉町","丁目名":"１丁目","小字名":null,"地番":"15-31","精度区分":null,"座標系":"任意座標系"}},{"type":"Polygon","arcs":[[-2688,2688,2689,-2669,-2644]],"properties":{"市区町村名":"留萌市","大字名":"泉町","丁目名":"１丁目","小字名":null,"地番":"15-30","精度区分":null,"座標系":"任意座標系"}},{"type":"Polygon","arcs":[[2690,2691,2692,2693,2694,2695]],"properties":{"市区町村名":"留萌市","大字名":"泉町","丁目名":"１丁目","小字名":null,"地番":"15-10","精度区分":null,"座標系":"任意座標系"}},{"type":"Polygon","arcs":[[2696,2697,2698,-2696,2699]],"properties":{"市区町村名":"留萌市","大字名":"泉町","丁目名":"１丁目","小字名":null,"地番":"15-16","精度区分":null,"座標系":"任意座標系"}},{"type":"Polygon","arcs":[[-2672,2700,-2651]],"properties":{"市区町村名":"留萌市","大字名":"泉町","丁目名":"１丁目","小字名":null,"地番":"15-29","精度区分":null,"座標系":"任意座標系"}},{"type":"Polygon","arcs":[[-2673,-2649,2701]],"properties":{"市区町村名":"留萌市","大字名":"泉町","丁目名":"１丁目","小字名":null,"地番":"15-27","精度区分":null,"座標系":"任意座標系"}},{"type":"Polygon","arcs":[[2702,-2702,2703,-2691,-2699,2704]],"properties":{"市区町村名":"留萌市","大字名":"泉町","丁目名":"１丁目","小字名":null,"地番":"15-13","精度区分":null,"座標系":"任意座標系"}},{"type":"Polygon","arcs":[[2705,2706,-2693]],"properties":{"市区町村名":"留萌市","大字名":"泉町","丁目名":"１丁目","小字名":null,"地番":"15-11","精度区分":null,"座標系":"任意座標系"}},{"type":"Polygon","arcs":[[2707,2708,2709,2710,-2700,-2695,2711,2712,2713,2714,2715,2716,2717]],"properties":{"市区町村名":"留萌市","大字名":"泉町","丁目名":"１丁目","小字名":null,"地番":"15-3","精度区分":null,"座標系":"任意座標系"}},{"type":"Polygon","arcs":[[-2713,2718,2719]],"properties":{"市区町村名":"留萌市","大字名":"泉町","丁目名":"１丁目","小字名":null,"地番":"15-35","精度区分":null,"座標系":"任意座標系"}},{"type":"Polygon","arcs":[[2720,2721,2722,2723,-2716]],"properties":{"市区町村名":"留萌市","大字名":"泉町","丁目名":"１丁目","小字名":null,"地番":"17-1","精度区分":null,"座標系":"任意座標系"}},{"type":"Polygon","arcs":[[-2714,-2720,2724,2725]],"properties":{"市区町村名":"留萌市","大字名":"泉町","丁目名":"１丁目","小字名":null,"地番":"15-9","精度区分":null,"座標系":"任意座標系"}},{"type":"Polygon","arcs":[[-2715,-2726,2726,-2512,2727,-2721]],"properties":{"市区町村名":"留萌市","大字名":"泉町","丁目名":"１丁目","小字名":null,"地番":"15-36","精度区分":null,"座標系":"任意座標系"}},{"type":"Polygon","arcs":[[-2728,-2515,2728,-2722]],"properties":{"市区町村名":"留萌市","大字名":"泉町","丁目名":"１丁目","小字名":null,"地番":"15-2","精度区分":null,"座標系":"任意座標系"}},{"type":"Polygon","arcs":[[2729,-2709,2730,2731,-2676]],"properties":{"市区町村名":"留萌市","大字名":"泉町","丁目名":"１丁目","小字名":null,"地番":"15-21","精度区分":null,"座標系":"任意座標系"}},{"type":"Polygon","arcs":[[2732,-2659,-2701,2733,-2705,-2698]],"properties":{"市区町村名":"留萌市","大字名":"泉町","丁目名":"１丁目","小字名":null,"地番":"15-15","精度区分":null,"座標系":"任意座標系"}},{"type":"Polygon","arcs":[[-2660,-2733,2734,2735]],"properties":{"市区町村名":"留萌市","大字名":"泉町","丁目名":"１丁目","小字名":null,"地番":"15-18","精度区分":null,"座標系":"任意座標系"}},{"type":"Polygon","arcs":[[-2730,2736,2737,-2710]],"properties":{"市区町村名":"留萌市","大字名":"泉町","丁目名":"１丁目","小字名":null,"地番":"15-20","精度区分":null,"座標系":"任意座標系"}},{"type":"Polygon","arcs":[[-2735,-2697,-2711,-2738]],"properties":{"市区町村名":"留萌市","大字名":"泉町","丁目名":"１丁目","小字名":null,"地番":"15-17","精度区分":null,"座標系":"任意座標系"}},{"type":"Polygon","arcs":[[-2675,-2661,-2736,-2737]],"properties":{"市区町村名":"留萌市","大字名":"泉町","丁目名":"１丁目","小字名":null,"地番":"15-19","精度区分":null,"座標系":"任意座標系"}},{"type":"Polygon","arcs":[[2738,-2587,2739,2740]],"properties":{"市区町村名":"留萌市","大字名":"泉町","丁目名":"１丁目","小字名":null,"地番":"9","精度区分":null,"座標系":"任意座標系"}},{"type":"Polygon","arcs":[[-2739,2741,2742,2743,-2670,-2690,2744,-2588]],"properties":{"市区町村名":"留萌市","大字名":"泉町","丁目名":"１丁目","小字名":null,"地番":"11-1","精度区分":null,"座標系":"任意座標系"}},{"type":"Polygon","arcs":[[2745,2746,-2671,-2667,-2744,2747,-2585]],"properties":{"市区町村名":"留萌市","大字名":"泉町","丁目名":"１丁目","小字名":null,"地番":"8-1","精度区分":null,"座標系":"任意座標系"}},{"type":"Polygon","arcs":[[-2740,-2586,-2748,-2743,2748]],"properties":{"市区町村名":"留萌市","大字名":"泉町","丁目名":"１丁目","小字名":null,"地番":"8-2","精度区分":null,"座標系":"任意座標系"}},{"type":"Polygon","arcs":[[-2749,-2742,-2741]],"properties":{"市区町村名":"留萌市","大字名":"泉町","丁目名":"１丁目","小字名":null,"地番":"10","精度区分":null,"座標系":"任意座標系"}},{"type":"Polygon","arcs":[[-2589,-2745,-2689,-2687,2749]],"properties":{"市区町村名":"留萌市","大字名":"泉町","丁目名":"１丁目","小字名":null,"地番":"11-2","精度区分":null,"座標系":"任意座標系"}},{"type":"Polygon","arcs":[[2750,-2590,-2750,-2686,-2683]],"properties":{"市区町村名":"留萌市","大字名":"泉町","丁目名":"１丁目","小字名":null,"地番":"12","精度区分":null,"座標系":"任意座標系"}},{"type":"Polygon","arcs":[[-2591,-2751,-2682,-2685,-2635]],"properties":{"市区町村名":"留萌市","大字名":"泉町","丁目名":"１丁目","小字名":null,"地番":"13","精度区分":null,"座標系":"任意座標系"}},{"type":"Polygon","arcs":[[-2593,-2634,2751,2752,2753,2754]],"properties":{"市区町村名":"留萌市","大字名":"泉町","丁目名":"１丁目","小字名":null,"地番":"19-2","精度区分":null,"座標系":"任意座標系"}},{"type":"Polygon","arcs":[[2755,-2594,-2755,2756,2757]],"properties":{"市区町村名":"留萌市","大字名":"泉町","丁目名":"１丁目","小字名":null,"地番":"19-1","精度区分":null,"座標系":"任意座標系"}},{"type":"Polygon","arcs":[[-2595,-2756,2758,2759]],"properties":{"市区町村名":"留萌市","大字名":"泉町","丁目名":"１丁目","小字名":null,"地番":"20","精度区分":null,"座標系":"任意座標系"}},{"type":"Polygon","arcs":[[2760,-2596,-2760,2761]],"properties":{"市区町村名":"留萌市","大字名":"泉町","丁目名":"１丁目","小字名":null,"地番":"21","精度区分":null,"座標系":"任意座標系"}},{"type":"Polygon","arcs":[[-2597,-2761,2762,2763,2764,2765]],"properties":{"市区町村名":"留萌市","大字名":"泉町","丁目名":"１丁目","小字名":null,"地番":"22","精度区分":null,"座標系":"任意座標系"}},{"type":"Polygon","arcs":[[2766,-2598,-2766,2767,2768,2769]],"properties":{"市区町村名":"留萌市","大字名":"泉町","丁目名":"１丁目","小字名":null,"地番":"23","精度区分":null,"座標系":"任意座標系"}},{"type":"Polygon","arcs":[[-2599,-2767,2770,2771,2772]],"properties":{"市区町村名":"留萌市","大字名":"泉町","丁目名":"１丁目","小字名":null,"地番":"24","精度区分":null,"座標系":"任意座標系"}},{"type":"Polygon","arcs":[[2773,2774,2775,-2568,2776]],"properties":{"市区町村名":"留萌市","大字名":"泉町","丁目名":"１丁目","小字名":null,"地番":"69-1","精度区分":null,"座標系":"任意座標系"}},{"type":"Polygon","arcs":[[-2559,2777,2778,2779,2780]],"properties":{"市区町村名":"留萌市","大字名":"泉町","丁目名":"１丁目","小字名":null,"地番":"75-9","精度区分":null,"座標系":"任意座標系"}},{"type":"Polygon","arcs":[[2781,2782,2783,2784,-2531,2785,2786,2787,2788,2789,2790,2791,2792,-2616,2793,2794,2795,2796,-2537,2797,2798,2799,2800,2801,-2534]],"properties":{"市区町村名":"留萌市","大字名":"泉町","丁目名":"１丁目","小字名":null,"地番":"84-1","精度区分":null,"座標系":"任意座標系"}},{"type":"Polygon","arcs":[[2802,-2604,2803,2804,2805]],"properties":{"市区町村名":"留萌市","大字名":"泉町","丁目名":"１丁目","小字名":null,"地番":"94-2","精度区分":null,"座標系":"任意座標系"}},{"type":"Polygon","arcs":[[-2785,2806,2807,2808,-2532]],"properties":{"市区町村名":"留萌市","大字名":"泉町","丁目名":"１丁目","小字名":null,"地番":"88-1","精度区分":null,"座標系":"任意座標系"}},{"type":"Polygon","arcs":[[2809,-2525,2810,2811]],"properties":{"市区町村名":"留萌市","大字名":"泉町","丁目名":"１丁目","小字名":null,"地番":"37-3","精度区分":null,"座標系":"任意座標系"}},{"type":"Polygon","arcs":[[-2810,2812,2813,2814,2815,2816,2817,-2581,2818,2819,2820,2821,2822,2823,2824,2825,-2526]],"properties":{"市区町村名":"留萌市","大字名":"泉町","丁目名":"１丁目","小字名":null,"地番":"36-2","精度区分":null,"座標系":"任意座標系"}},{"type":"Polygon","arcs":[[2826,2827,2828,2829,2830,2831,2832,2833,2834,-2788]],"properties":{"市区町村名":"留萌市","大字名":"泉町","丁目名":"１丁目","小字名":null,"地番":"40-5","精度区分":null,"座標系":"任意座標系"}},{"type":"Polygon","arcs":[[-2822,2835,-2830]],"properties":{"市区町村名":"留萌市","大字名":"泉町","丁目名":"１丁目","小字名":null,"地番":"42-2","精度区分":null,"座標系":"任意座標系"}},{"type":"Polygon","arcs":[[2836,-2823,-2829]],"properties":{"市区町村名":"留萌市","大字名":"泉町","丁目名":"１丁目","小字名":null,"地番":"77-2","精度区分":null,"座標系":"任意座標系"}},{"type":"Polygon","arcs":[[2837,-2827,-2787,2838,2839]],"properties":{"市区町村名":"留萌市","大字名":"泉町","丁目名":"１丁目","小字名":null,"地番":"77-5","精度区分":null,"座標系":"任意座標系"}},{"type":"Polygon","arcs":[[-2530,2840,2841,-2839,-2786]],"properties":{"市区町村名":"留萌市","大字名":"泉町","丁目名":"１丁目","小字名":null,"地番":"78","精度区分":null,"座標系":"任意座標系"}},{"type":"Polygon","arcs":[[-2793,2842,-2778,-2558]],"properties":{"市区町村名":"留萌市","大字名":"泉町","丁目名":"１丁目","小字名":null,"地番":"76-1","精度区分":null,"座標系":"任意座標系"}},{"type":"Polygon","arcs":[[2843,-2819,-2580,2844]],"properties":{"市区町村名":"留萌市","大字名":"泉町","丁目名":"１丁目","小字名":null,"地番":"38-2","精度区分":null,"座標系":"任意座標系"}},{"type":"Polygon","arcs":[[-2821,2845,2846,2847,-2831,-2836]],"properties":{"市区町村名":"留萌市","大字名":"泉町","丁目名":"１丁目","小字名":null,"地番":"41-2","精度区分":null,"座標系":"任意座標系"}},{"type":"Polygon","arcs":[[2848,-2846,-2820,-2844]],"properties":{"市区町村名":"留萌市","大字名":"泉町","丁目名":"１丁目","小字名":null,"地番":"40-2","精度区分":null,"座標系":"任意座標系"}},{"type":"Polygon","arcs":[[-2816,2849,2850,2851,2852]],"properties":{"市区町村名":"留萌市","大字名":"泉町","丁目名":"１丁目","小字名":null,"地番":"35","精度区分":null,"座標系":"任意座標系"}},{"type":"Polygon","arcs":[[-2815,2853,2854,2855,2856,-2850]],"properties":{"市区町村名":"留萌市","大字名":"泉町","丁目名":"１丁目","小字名":null,"地番":"36-1","精度区分":null,"座標系":"任意座標系"}},{"type":"Polygon","arcs":[[2857,2858,-2856,2859,2860,-2548]],"properties":{"市区町村名":"留萌市","大字名":"泉町","丁目名":"１丁目","小字名":null,"地番":"30","精度区分":null,"座標系":"任意座標系"}},{"type":"Polygon","arcs":[[2861,2862,2863,2864,2865,2866,-2817,-2853]],"properties":{"市区町村名":"留萌市","大字名":"泉町","丁目名":"１丁目","小字名":null,"地番":"34","精度区分":null,"座標系":"任意座標系"}},{"type":"Polygon","arcs":[[2867,-2862,-2852]],"properties":{"市区町村名":"留萌市","大字名":"泉町","丁目名":"１丁目","小字名":null,"地番":"91","精度区分":null,"座標系":"任意座標系"}},{"type":"Polygon","arcs":[[-2868,-2851,-2857,-2859,2868,-2863]],"properties":{"市区町村名":"留萌市","大字名":"泉町","丁目名":"１丁目","小字名":null,"地番":"92","精度区分":null,"座標系":"任意座標系"}},{"type":"Polygon","arcs":[[2869,-2865,2870,-2546,-2584]],"properties":{"市区町村名":"留萌市","大字名":"泉町","丁目名":"１丁目","小字名":null,"地番":"31","精度区分":null,"座標系":"任意座標系"}},{"type":"Polygon","arcs":[[-2869,-2858,-2547,-2871,-2864]],"properties":{"市区町村名":"留萌市","大字名":"泉町","丁目名":"１丁目","小字名":null,"地番":"93","精度区分":null,"座標系":"任意座標系"}},{"type":"Polygon","arcs":[[2871,-2582,-2818,-2867]],"properties":{"市区町村名":"留萌市","大字名":"泉町","丁目名":"１丁目","小字名":null,"地番":"33","精度区分":null,"座標系":"任意座標系"}},{"type":"Polygon","arcs":[[-2866,-2870,-2583,-2872]],"properties":{"市区町村名":"留萌市","大字名":"泉町","丁目名":"１丁目","小字名":null,"地番":"32","精度区分":null,"座標系":"任意座標系"}},{"type":"Polygon","arcs":[[-2551,2872,-2746]],"properties":{"市区町村名":"留萌市","大字名":"泉町","丁目名":"１丁目","小字名":null,"地番":"7","精度区分":null,"座標系":"任意座標系"}},{"type":"Polygon","arcs":[[-2549,-2861,2873]],"properties":{"市区町村名":"留萌市","大字名":"泉町","丁目名":"１丁目","小字名":null,"地番":"29","精度区分":null,"座標系":"任意座標系"}},{"type":"Polygon","arcs":[[2874,2875,-2854,-2814]],"properties":{"市区町村名":"留萌市","大字名":"泉町","丁目名":"１丁目","小字名":null,"地番":"37-1","精度区分":null,"座標系":"任意座標系"}},{"type":"Polygon","arcs":[[-2812,2876,-2875,-2813]],"properties":{"市区町村名":"留萌市","大字名":"泉町","丁目名":"１丁目","小字名":null,"地番":"37-2","精度区分":null,"座標系":"任意座標系"}},{"type":"Polygon","arcs":[[-2841,-2529,2877,2878]],"properties":{"市区町村名":"留萌市","大字名":"泉町","丁目名":"１丁目","小字名":null,"地番":"77-4","精度区分":null,"座標系":"任意座標系"}},{"type":"Polygon","arcs":[[-2842,-2879,2879,2880,-2825,2881,-2840]],"properties":{"市区町村名":"留萌市","大字名":"泉町","丁目名":"１丁目","小字名":null,"地番":"77-6","精度区分":null,"座標系":"任意座標系"}},{"type":"Polygon","arcs":[[2882,-2527,-2826,-2881]],"properties":{"市区町村名":"留萌市","大字名":"泉町","丁目名":"１丁目","小字名":null,"地番":"77-1","精度区分":null,"座標系":"任意座標系"}},{"type":"Polygon","arcs":[[-2838,-2882,-2824,-2837,-2828]],"properties":{"市区町村名":"留萌市","大字名":"泉町","丁目名":"１丁目","小字名":null,"地番":"77-7","精度区分":null,"座標系":"任意座標系"}},{"type":"Polygon","arcs":[[-2528,-2883,-2880,-2878]],"properties":{"市区町村名":"留萌市","大字名":"泉町","丁目名":"１丁目","小字名":null,"地番":"77-3","精度区分":null,"座標系":"任意座標系"}},{"type":"Polygon","arcs":[[-2792,2883,-2779,-2843]],"properties":{"市区町村名":"留萌市","大字名":"泉町","丁目名":"１丁目","小字名":null,"地番":"76-3","精度区分":null,"座標系":"任意座標系"}},{"type":"Polygon","arcs":[[-2791,2884,-2884]],"properties":{"市区町村名":"留萌市","大字名":"泉町","丁目名":"１丁目","小字名":null,"地番":"76-2","精度区分":null,"座標系":"任意座標系"}},{"type":"Polygon","arcs":[[2885,2886,2887,2888]],"properties":{"市区町村名":"留萌市","大字名":"泉町","丁目名":"１丁目","小字名":null,"地番":"64-2","精度区分":null,"座標系":"任意座標系"}},{"type":"Polygon","arcs":[[2889,2890,2891,-2887]],"properties":{"市区町村名":"留萌市","大字名":"泉町","丁目名":"１丁目","小字名":null,"地番":"60-3","精度区分":null,"座標系":"任意座標系"}},{"type":"Polygon","arcs":[[-2892,2892,2893,2894,2895,2896,2897,2898,2899,2900,-2888]],"properties":{"市区町村名":"留萌市","大字名":"泉町","丁目名":"１丁目","小字名":null,"地番":"58-2","精度区分":null,"座標系":"任意座標系"}},{"type":"Polygon","arcs":[[-2891,2901,2902,-2893]],"properties":{"市区町村名":"留萌市","大字名":"泉町","丁目名":"１丁目","小字名":null,"地番":"51","精度区分":null,"座標系":"任意座標系"}},{"type":"Polygon","arcs":[[2903,2904,-2576,2905,2906,2907]],"properties":{"市区町村名":"留萌市","大字名":"泉町","丁目名":"１丁目","小字名":null,"地番":"47","精度区分":null,"座標系":"任意座標系"}},{"type":"Polygon","arcs":[[-2560,-2781,2908,2909,2910,-2886,2911,2912,2913,2914]],"properties":{"市区町村名":"留萌市","大字名":"泉町","丁目名":"１丁目","小字名":null,"地番":"75-8","精度区分":null,"座標系":"任意座標系"}},{"type":"Polygon","arcs":[[2915,2916,-2561,-2915]],"properties":{"市区町村名":"留萌市","大字名":"泉町","丁目名":"１丁目","小字名":null,"地番":"75-1","精度区分":null,"座標系":"任意座標系"}},{"type":"Polygon","arcs":[[2917,-2910]],"properties":{"市区町村名":"留萌市","大字名":"泉町","丁目名":"１丁目","小字名":null,"地番":"75-7","精度区分":null,"座標系":"任意座標系"}},{"type":"Polygon","arcs":[[2918,2919,2920,2921,-2847,-2849,2922,-2578,2923]],"properties":{"市区町村名":"留萌市","大字名":"泉町","丁目名":"１丁目","小字名":null,"地番":"39","精度区分":null,"座標系":"任意座標系"}},{"type":"Polygon","arcs":[[-2923,-2845,-2579]],"properties":{"市区町村名":"留萌市","大字名":"泉町","丁目名":"１丁目","小字名":null,"地番":"38-1","精度区分":null,"座標系":"任意座標系"}},{"type":"Polygon","arcs":[[-2835,2924,-2919,2925,-2789]],"properties":{"市区町村名":"留萌市","大字名":"泉町","丁目名":"１丁目","小字名":null,"地番":"40-4","精度区分":null,"座標系":"任意座標系"}},{"type":"Polygon","arcs":[[-2832,-2848,-2922,2926]],"properties":{"市区町村名":"留萌市","大字名":"泉町","丁目名":"１丁目","小字名":null,"地番":"41-3","精度区分":null,"座標系":"任意座標系"}},{"type":"Polygon","arcs":[[2927,-2833,-2927,-2921]],"properties":{"市区町村名":"留萌市","大字名":"泉町","丁目名":"１丁目","小字名":null,"地番":"40-3","精度区分":null,"座標系":"任意座標系"}},{"type":"Polygon","arcs":[[-2925,-2834,-2928,-2920]],"properties":{"市区町村名":"留萌市","大字名":"泉町","丁目名":"１丁目","小字名":null,"地番":"43-2","精度区分":null,"座標系":"任意座標系"}},{"type":"Polygon","arcs":[[2928,2929,-2914]],"properties":{"市区町村名":"留萌市","大字名":"泉町","丁目名":"１丁目","小字名":null,"地番":"75-11","精度区分":null,"座標系":"任意座標系"}},{"type":"Polygon","arcs":[[2930,2931,-2562,-2917]],"properties":{"市区町村名":"留萌市","大字名":"泉町","丁目名":"１丁目","小字名":null,"地番":"75-13","精度区分":null,"座標系":"任意座標系"}},{"type":"Polygon","arcs":[[2932,2933,-2908,2934,2935]],"properties":{"市区町村名":"留萌市","大字名":"泉町","丁目名":"１丁目","小字名":null,"地番":"53","精度区分":null,"座標系":"任意座標系"}},{"type":"Polygon","arcs":[[2936,2937,2938,-2906,-2575,2939]],"properties":{"市区町村名":"留萌市","大字名":"泉町","丁目名":"１丁目","小字名":null,"地番":"52-1","精度区分":null,"座標系":"任意座標系"}},{"type":"Polygon","arcs":[[2940,2941,-2936]],"properties":{"市区町村名":"留萌市","大字名":"泉町","丁目名":"１丁目","小字名":null,"地番":"54","精度区分":null,"座標系":"任意座標系"}},{"type":"Polygon","arcs":[[2942,2943,-2941,-2935,-2907,-2939]],"properties":{"市区町村名":"留萌市","大字名":"泉町","丁目名":"１丁目","小字名":null,"地番":"55","精度区分":null,"座標系":"任意座標系"}},{"type":"Polygon","arcs":[[-2899,2944,2945,2946,2947]],"properties":{"市区町村名":"留萌市","大字名":"泉町","丁目名":"１丁目","小字名":null,"地番":"63-2","精度区分":null,"座標系":"任意座標系"}},{"type":"Polygon","arcs":[[2948,2949,2950,2951,-2947]],"properties":{"市区町村名":"留萌市","大字名":"泉町","丁目名":"１丁目","小字名":null,"地番":"62-3","精度区分":null,"座標系":"任意座標系"}},{"type":"Polygon","arcs":[[-2948,-2952,2952,2953,2954,-2573,2955,2956,2957,2958,2959,2960,-2900]],"properties":{"市区町村名":"留萌市","大字名":"泉町","丁目名":"１丁目","小字名":null,"地番":"61-1","精度区分":null,"座標系":"任意座標系"}},{"type":"Polygon","arcs":[[2961,2962,2963,2964,2965,-2564,2966]],"properties":{"市区町村名":"留萌市","大字名":"泉町","丁目名":"１丁目","小字名":null,"地番":"74-1","精度区分":null,"座標系":"任意座標系"}},{"type":"Polygon","arcs":[[2967,2968,-2963]],"properties":{"市区町村名":"留萌市","大字名":"泉町","丁目名":"１丁目","小字名":null,"地番":"73-5","精度区分":null,"座標系":"任意座標系"}},{"type":"Polygon","arcs":[[2969,2970,-2965]],"properties":{"市区町村名":"留萌市","大字名":"泉町","丁目名":"１丁目","小字名":null,"地番":"72-3","精度区分":null,"座標系":"任意座標系"}},{"type":"Polygon","arcs":[[-2971,2971,2972,2973,-2566,2974]],"properties":{"市区町村名":"留萌市","大字名":"泉町","丁目名":"１丁目","小字名":null,"地番":"72-1","精度区分":null,"座標系":"任意座標系"}},{"type":"Polygon","arcs":[[-2975,-2565,-2966]],"properties":{"市区町村名":"留萌市","大字名":"泉町","丁目名":"１丁目","小字名":null,"地番":"74-4","精度区分":null,"座標系":"任意座標系"}},{"type":"Polygon","arcs":[[-2889,-2901,-2961,2975,2976,2977,-2912]],"properties":{"市区町村名":"留萌市","大字名":"泉町","丁目名":"１丁目","小字名":null,"地番":"75-6","精度区分":null,"座標系":"任意座標系"}},{"type":"Polygon","arcs":[[-2895,2978,-2933,-2942,-2944,2979,2980]],"properties":{"市区町村名":"留萌市","大字名":"泉町","丁目名":"１丁目","小字名":null,"地番":"58-1","精度区分":null,"座標系":"任意座標系"}},{"type":"Polygon","arcs":[[-2940,-2574,-2955,2981]],"properties":{"市区町村名":"留萌市","大字名":"泉町","丁目名":"１丁目","小字名":null,"地番":"61-2","精度区分":null,"座標系":"任意座標系"}},{"type":"Polygon","arcs":[[-2951,2982,2983,-2953]],"properties":{"市区町村名":"留萌市","大字名":"泉町","丁目名":"１丁目","小字名":null,"地番":"62-2","精度区分":null,"座標系":"任意座標系"}},{"type":"Polygon","arcs":[[-2984,2984,-2982,-2954]],"properties":{"市区町村名":"留萌市","大字名":"泉町","丁目名":"１丁目","小字名":null,"地番":"61-3","精度区分":null,"座標系":"任意座標系"}},{"type":"Polygon","arcs":[[2985,-2937,-2985]],"properties":{"市区町村名":"留萌市","大字名":"泉町","丁目名":"１丁目","小字名":null,"地番":"52-3","精度区分":null,"座標系":"任意座標系"}},{"type":"Polygon","arcs":[[-2980,-2943,-2938,-2986,-2983,2986,2987,2988]],"properties":{"市区町村名":"留萌市","大字名":"泉町","丁目名":"１丁目","小字名":null,"地番":"56-1","精度区分":null,"座標系":"任意座標系"}},{"type":"Polygon","arcs":[[2989,2990,-2988]],"properties":{"市区町村名":"留萌市","大字名":"泉町","丁目名":"１丁目","小字名":null,"地番":"57-1","精度区分":null,"座標系":"任意座標系"}},{"type":"Polygon","arcs":[[2991,-2987,-2950]],"properties":{"市区町村名":"留萌市","大字名":"泉町","丁目名":"１丁目","小字名":null,"地番":"56-2","精度区分":null,"座標系":"任意座標系"}},{"type":"Polygon","arcs":[[2992,-2896,-2981,-2989,-2991]],"properties":{"市区町村名":"留萌市","大字名":"泉町","丁目名":"１丁目","小字名":null,"地番":"59-2","精度区分":null,"座標系":"任意座標系"}},{"type":"Polygon","arcs":[[2993,-2897,-2993,2994,-2946]],"properties":{"市区町村名":"留萌市","大字名":"泉町","丁目名":"１丁目","小字名":null,"地番":"59-1","精度区分":null,"座標系":"任意座標系"}},{"type":"Polygon","arcs":[[-2898,-2994,-2945]],"properties":{"市区町村名":"留萌市","大字名":"泉町","丁目名":"１丁目","小字名":null,"地番":"60-2","精度区分":null,"座標系":"任意座標系"}},{"type":"Polygon","arcs":[[2995,-2904,-2934]],"properties":{"市区町村名":"留萌市","大字名":"泉町","丁目名":"１丁目","小字名":null,"地番":"49","精度区分":null,"座標系":"任意座標系"}},{"type":"Polygon","arcs":[[-2903,2996,-2996,-2979,-2894]],"properties":{"市区町村名":"留萌市","大字名":"泉町","丁目名":"１丁目","小字名":null,"地番":"50","精度区分":null,"座標系":"任意座標系"}},{"type":"Polygon","arcs":[[-2563,-2932,2997,-2977,2998,-2967]],"properties":{"市区町村名":"留萌市","大字名":"泉町","丁目名":"１丁目","小字名":null,"地番":"75-2","精度区分":null,"座標系":"任意座標系"}},{"type":"Polygon","arcs":[[2999,3000,-2978,-2998]],"properties":{"市区町村名":"留萌市","大字名":"泉町","丁目名":"１丁目","小字名":null,"地番":"75-4","精度区分":null,"座標系":"任意座標系"}},{"type":"Polygon","arcs":[[-2976,3001,3002,-2999]],"properties":{"市区町村名":"留萌市","大字名":"泉町","丁目名":"１丁目","小字名":null,"地番":"75-3","精度区分":null,"座標系":"任意座標系"}},{"type":"Polygon","arcs":[[-2964,-2969,3003,3004,3005,3006,3007,-2972,-2970]],"properties":{"市区町村名":"留萌市","大字名":"泉町","丁目名":"１丁目","小字名":null,"地番":"71-1","精度区分":null,"座標系":"任意座標系"}},{"type":"Polygon","arcs":[[-2958,3008,-3006,3009,3010]],"properties":{"市区町村名":"留萌市","大字名":"泉町","丁目名":"１丁目","小字名":null,"地番":"65-1","精度区分":null,"座標系":"任意座標系"}},{"type":"Polygon","arcs":[[3011,3012,-2571,3013]],"properties":{"市区町村名":"留萌市","大字名":"泉町","丁目名":"１丁目","小字名":null,"地番":"67-1","精度区分":null,"座標系":"任意座標系"}},{"type":"Polygon","arcs":[[3014,-2956,-2572,-3013]],"properties":{"市区町村名":"留萌市","大字名":"泉町","丁目名":"１丁目","小字名":null,"地番":"67-2","精度区分":null,"座標系":"任意座標系"}},{"type":"Polygon","arcs":[[3015,-3014,-2570,3016]],"properties":{"市区町村名":"留萌市","大字名":"泉町","丁目名":"１丁目","小字名":null,"地番":"68-2","精度区分":null,"座標系":"任意座標系"}},{"type":"Polygon","arcs":[[-2957,-3015,3017,-3009]],"properties":{"市区町村名":"留萌市","大字名":"泉町","丁目名":"１丁目","小字名":null,"地番":"66-2","精度区分":null,"座標系":"任意座標系"}},{"type":"Polygon","arcs":[[-2777,-2567,-2974]],"properties":{"市区町村名":"留萌市","大字名":"泉町","丁目名":"１丁目","小字名":null,"地番":"70","精度区分":null,"座標系":"任意座標系"}},{"type":"Polygon","arcs":[[-2776,-3017,-2569]],"properties":{"市区町村名":"留萌市","大字名":"泉町","丁目名":"１丁目","小字名":null,"地番":"68-1","精度区分":null,"座標系":"任意座標系"}},{"type":"Polygon","arcs":[[-3010,-3005,3018]],"properties":{"市区町村名":"留萌市","大字名":"泉町","丁目名":"１丁目","小字名":null,"地番":"73-3","精度区分":null,"座標系":"任意座標系"}},{"type":"Polygon","arcs":[[-2959,-3011,3019]],"properties":{"市区町村名":"留萌市","大字名":"泉町","丁目名":"１丁目","小字名":null,"地番":"65-2","精度区分":null,"座標系":"任意座標系"}},{"type":"Polygon","arcs":[[-3020,-3019,-3004,-2968,3020,-3002,-2960]],"properties":{"市区町村名":"留萌市","大字名":"泉町","丁目名":"１丁目","小字名":null,"地番":"73-1","精度区分":null,"座標系":"任意座標系"}},{"type":"Polygon","arcs":[[3021,3022,3023,-2794,-2615,3024]],"properties":{"市区町村名":"留萌市","大字名":"泉町","丁目名":"１丁目","小字名":null,"地番":"79-3","精度区分":null,"座標系":"任意座標系"}},{"type":"Polygon","arcs":[[3025,3026,-2538,-2797]],"properties":{"市区町村名":"留萌市","大字名":"泉町","丁目名":"１丁目","小字名":null,"地番":"83","精度区分":null,"座標系":"任意座標系"}},{"type":"Polygon","arcs":[[3027,-3022,3028,-2539,-3027]],"properties":{"市区町村名":"留萌市","大字名":"泉町","丁目名":"１丁目","小字名":null,"地番":"80-3","精度区分":null,"座標系":"任意座標系"}},{"type":"Polygon","arcs":[[3029,-2795,-3024]],"properties":{"市区町村名":"留萌市","大字名":"泉町","丁目名":"１丁目","小字名":null,"地番":"81","精度区分":null,"座標系":"任意座標系"}},{"type":"Polygon","arcs":[[3030,3031,3032,3033,3034,3035,3036,-2542]],"properties":{"市区町村名":"留萌市","大字名":"泉町","丁目名":"１丁目","小字名":null,"地番":"80-1","精度区分":null,"座標系":"任意座標系"}},{"type":"Polygon","arcs":[[3037,-2607,3038,3039,3040,3041,-2543,-3037]],"properties":{"市区町村名":"留萌市","大字名":"泉町","丁目名":"１丁目","小字名":null,"地番":"28-2","精度区分":null,"座標系":"任意座標系"}},{"type":"Polygon","arcs":[[3042,3043,-2540,-3029]],"properties":{"市区町村名":"留萌市","大字名":"泉町","丁目名":"１丁目","小字名":null,"地番":"80-2","精度区分":null,"座標系":"任意座標系"}},{"type":"Polygon","arcs":[[3044,-2613,3045,3046]],"properties":{"市区町村名":"留萌市","大字名":"泉町","丁目名":"１丁目","小字名":null,"地番":"79-8","精度区分":null,"座標系":"任意座標系"}},{"type":"Polygon","arcs":[[-2614,-3045,-3043,-3025]],"properties":{"市区町村名":"留萌市","大字名":"泉町","丁目名":"１丁目","小字名":null,"地番":"79-2","精度区分":null,"座標系":"任意座標系"}},{"type":"Polygon","arcs":[[-3044,-3047,-3031,-2541]],"properties":{"市区町村名":"留萌市","大字名":"泉町","丁目名":"１丁目","小字名":null,"地番":"80-4","精度区分":null,"座標系":"任意座標系"}},{"type":"Polygon","arcs":[[3047,-2611,3048,-3033]],"properties":{"市区町村名":"留萌市","大字名":"泉町","丁目名":"１丁目","小字名":null,"地番":"79-4","精度区分":null,"座標系":"任意座標系"}},{"type":"Polygon","arcs":[[-2612,-3048,-3032,-3046]],"properties":{"市区町村名":"留萌市","大字名":"泉町","丁目名":"１丁目","小字名":null,"地番":"79-1","精度区分":null,"座標系":"任意座標系"}},{"type":"Polygon","arcs":[[-2610,3049,-3034,-3049]],"properties":{"市区町村名":"留萌市","大字名":"泉町","丁目名":"１丁目","小字名":null,"地番":"79-5","精度区分":null,"座標系":"任意座標系"}},{"type":"Polygon","arcs":[[-3050,-2609,3050,-3035]],"properties":{"市区町村名":"留萌市","大字名":"泉町","丁目名":"１丁目","小字名":null,"地番":"79-6","精度区分":null,"座標系":"任意座標系"}},{"type":"Polygon","arcs":[[-2608,-3038,-3036,-3051]],"properties":{"市区町村名":"留萌市","大字名":"泉町","丁目名":"１丁目","小字名":null,"地番":"79-7","精度区分":null,"座標系":"任意座標系"}},{"type":"Polygon","arcs":[[-2796,-3030,-3023,-3028,-3026]],"properties":{"市区町村名":"留萌市","大字名":"泉町","丁目名":"１丁目","小字名":null,"地番":"82","精度区分":null,"座標系":"任意座標系"}},{"type":"Polygon","arcs":[[3051,-2800,3052]],"properties":{"市区町村名":"留萌市","大字名":"泉町","丁目名":"１丁目","小字名":null,"地番":"85-1","精度区分":null,"座標系":"任意座標系"}},{"type":"Polygon","arcs":[[3053,-2801,-3052,3054,3055]],"properties":{"市区町村名":"留萌市","大字名":"泉町","丁目名":"１丁目","小字名":null,"地番":"86","精度区分":null,"座標系":"任意座標系"}},{"type":"Polygon","arcs":[[-3054,3056,-2535,-2802]],"properties":{"市区町村名":"留萌市","大字名":"泉町","丁目名":"１丁目","小字名":null,"地番":"87","精度区分":null,"座標系":"任意座標系"}},{"type":"Polygon","arcs":[[-3056,3057,-2798,-2536,-3057]],"properties":{"市区町村名":"留萌市","大字名":"泉町","丁目名":"１丁目","小字名":null,"地番":"85-2","精度区分":null,"座標系":"任意座標系"}},{"type":"Polygon","arcs":[[-3058,-3055,-3053,-2799]],"properties":{"市区町村名":"留萌市","大字名":"泉町","丁目名":"１丁目","小字名":null,"地番":"85-3","精度区分":null,"座標系":"任意座標系"}},{"type":"Polygon","arcs":[[-2784,3058,-2807]],"properties":{"市区町村名":"留萌市","大字名":"泉町","丁目名":"１丁目","小字名":null,"地番":"88-2","精度区分":null,"座標系":"任意座標系"}},{"type":"Polygon","arcs":[[-3059,-2783,3059,-2808]],"properties":{"市区町村名":"留萌市","大字名":"泉町","丁目名":"１丁目","小字名":null,"地番":"89","精度区分":null,"座標系":"任意座標系"}},{"type":"Polygon","arcs":[[-3060,-2782,-2533,-2809]],"properties":{"市区町村名":"留萌市","大字名":"泉町","丁目名":"１丁目","小字名":null,"地番":"90","精度区分":null,"座標系":"任意座標系"}},{"type":"Polygon","arcs":[[3060,-3040,3061,3062,-2806,3063]],"properties":{"市区町村名":"留萌市","大字名":"泉町","丁目名":"１丁目","小字名":null,"地番":"94-3","精度区分":null,"座標系":"任意座標系"}},{"type":"Polygon","arcs":[[3064,-3041,-3061,3065,-2521,3066]],"properties":{"市区町村名":"留萌市","大字名":"泉町","丁目名":"１丁目","小字名":null,"地番":"27-1","精度区分":null,"座標系":"任意座標系"}},{"type":"Polygon","arcs":[[3067,-2605,-2803,-3063]],"properties":{"市区町村名":"留萌市","大字名":"泉町","丁目名":"１丁目","小字名":null,"地番":"94-1","精度区分":null,"座標系":"任意座標系"}},{"type":"Polygon","arcs":[[-3039,-2606,-3068,-3062]],"properties":{"市区町村名":"留萌市","大字名":"泉町","丁目名":"１丁目","小字名":null,"地番":"94-4","精度区分":null,"座標系":"任意座標系"}},{"type":"Polygon","arcs":[[-3065,3068,3069,-3042]],"properties":{"市区町村名":"留萌市","大字名":"泉町","丁目名":"１丁目","小字名":null,"地番":"27-4","精度区分":null,"座標系":"任意座標系"}},{"type":"Polygon","arcs":[[-3067,-2520,3070,-3069]],"properties":{"市区町村名":"留萌市","大字名":"泉町","丁目名":"１丁目","小字名":null,"地番":"27-3","精度区分":null,"座標系":"任意座標系"}},{"type":"Polygon","arcs":[[-3007,3071,-3016,-2775]],"properties":{"市区町村名":"留萌市","大字名":"泉町","丁目名":"１丁目","小字名":null,"地番":"69-2","精度区分":null,"座標系":"任意座標系"}},{"type":"Polygon","arcs":[[-3018,-3012,-3072]],"properties":{"市区町村名":"留萌市","大字名":"泉町","丁目名":"１丁目","小字名":null,"地番":"66-1","精度区分":null,"座標系":"任意座標系"}},{"type":"Polygon","arcs":[[-3008,-2774,-2973]],"properties":{"市区町村名":"留萌市","大字名":"泉町","丁目名":"１丁目","小字名":null,"地番":"71-2","精度区分":null,"座標系":"任意座標系"}},{"type":"Polygon","arcs":[[-3021,-2962,-3003]],"properties":{"市区町村名":"留萌市","大字名":"泉町","丁目名":"１丁目","小字名":null,"地番":"74-2","精度区分":null,"座標系":"任意座標系"}},{"type":"Polygon","arcs":[[-2930,-3000,-2931,-2916]],"properties":{"市区町村名":"留萌市","大字名":"泉町","丁目名":"１丁目","小字名":null,"地番":"75-5","精度区分":null,"座標系":"任意座標系"}},{"type":"Polygon","arcs":[[-2913,-3001,-2929]],"properties":{"市区町村名":"留萌市","大字名":"泉町","丁目名":"１丁目","小字名":null,"地番":"75-10","精度区分":null,"座標系":"任意座標系"}},{"type":"Polygon","arcs":[[-2995,-2990,-2992,-2949]],"properties":{"市区町村名":"留萌市","大字名":"泉町","丁目名":"１丁目","小字名":null,"地番":"57-2","精度区分":null,"座標系":"任意座標系"}},{"type":"Polygon","arcs":[[-2734,-2674,-2703]],"properties":{"市区町村名":"留萌市","大字名":"泉町","丁目名":"１丁目","小字名":null,"地番":"15-14","精度区分":null,"座標系":"任意座標系"}},{"type":"Polygon","arcs":[[-2704,-2648,3072,-2706,-2692]],"properties":{"市区町村名":"留萌市","大字名":"泉町","丁目名":"１丁目","小字名":null,"地番":"15-12","精度区分":null,"座標系":"任意座標系"}},{"type":"Polygon","arcs":[[3073,-2557,-2633,-2628,-2747,-2873]],"properties":{"市区町村名":"留萌市","大字名":"泉町","丁目名":"１丁目","小字名":null,"地番":"6","精度区分":null,"座標系":"任意座標系"}},{"type":"Polygon","arcs":[[-2723,-2729,-2514,3074,3075,3076,3077,3078,3079]],"properties":{"市区町村名":"留萌市","大字名":"住之江町","丁目名":"３丁目","小字名":null,"地番":"56","精度区分":null,"座標系":"任意座標系"}},{"type":"Polygon","arcs":[[3080,3081,3082,3083]],"properties":{"市区町村名":"留萌市","大字名":"住之江町","丁目名":"３丁目","小字名":null,"地番":"9","精度区分":null,"座標系":"任意座標系"}},{"type":"Polygon","arcs":[[3084,3085]],"properties":{"市区町村名":"留萌市","大字名":"住之江町","丁目名":"３丁目","小字名":null,"地番":"111","精度区分":null,"座標系":"任意座標系"}},{"type":"Polygon","arcs":[[3086,3087,3088,3089,3090,3091,3092,-3085,3093]],"properties":{"市区町村名":"留萌市","大字名":"住之江町","丁目名":"３丁目","小字名":null,"地番":"13","精度区分":null,"座標系":"任意座標系"}},{"type":"Polygon","arcs":[[3094,3095,3096]],"properties":{"市区町村名":"留萌市","大字名":"住之江町","丁目名":"３丁目","小字名":null,"地番":"16-3","精度区分":null,"座標系":"任意座標系"}},{"type":"Polygon","arcs":[[-2619,3097,3098,3099,3100,3101,3102,3103,3104,3105,3106,3107,3108,3109,-3084,3110,-3092,3111,3112,3113,3114,3115,3116,3117,3118,3119,3120,3121,3122,3123,3124,3125,3126,3127,-2602]],"properties":{"市区町村名":"留萌市","大字名":"住之江町","丁目名":"３丁目","小字名":null,"地番":"10-1","精度区分":null,"座標系":"任意座標系"}},{"type":"Polygon","arcs":[[3128,3129,3130]],"properties":{"市区町村名":"留萌市","大字名":"住之江町","丁目名":"３丁目","小字名":null,"地番":"95-12","精度区分":null,"座標系":"任意座標系"}},{"type":"Polygon","arcs":[[3131,-2544,-3070,3132]],"properties":{"市区町村名":"留萌市","大字名":"住之江町","丁目名":"３丁目","小字名":null,"地番":"95-27","精度区分":null,"座標系":"任意座標系"}},{"type":"Polygon","arcs":[[-3071,-2524,3133,3134,-3133]],"properties":{"市区町村名":"留萌市","大字名":"住之江町","丁目名":"３丁目","小字名":null,"地番":"95-26","精度区分":null,"座標系":"任意座標系"}},{"type":"Polygon","arcs":[[3135,-2752,-2516,-2664,3136]],"properties":{"市区町村名":"留萌市","大字名":"住之江町","丁目名":"３丁目","小字名":null,"地番":"58-3","精度区分":null,"座標系":"任意座標系"}},{"type":"Polygon","arcs":[[3137,3138,3139,3140,3141,3142]],"properties":{"市区町村名":"留萌市","大字名":"住之江町","丁目名":"３丁目","小字名":null,"地番":"61-2","精度区分":null,"座標系":"任意座標系"}},{"type":"Polygon","arcs":[[3143,-3077,3144,-3139]],"properties":{"市区町村名":"留萌市","大字名":"住之江町","丁目名":"３丁目","小字名":null,"地番":"60-1","精度区分":null,"座標系":"任意座標系"}},{"type":"Polygon","arcs":[[3145,3146,3147,3148,3149]],"properties":{"市区町村名":"留萌市","大字名":"住之江町","丁目名":"３丁目","小字名":null,"地番":"10-11","精度区分":null,"座標系":"任意座標系"}},{"type":"Polygon","arcs":[[-3145,-3076,3150,-3147]],"properties":{"市区町村名":"留萌市","大字名":"住之江町","丁目名":"３丁目","小字名":null,"地番":"10-12","精度区分":null,"座標系":"任意座標系"}},{"type":"Polygon","arcs":[[3151,-2769,3152,3153,3154,3155,3156,3157,3158,3159,3160,3161,3162,3163,3164,3165,3166,3167,3168,3169,3170,3171,3172,3173]],"properties":{"市区町村名":"留萌市","大字名":"住之江町","丁目名":"３丁目","小字名":null,"地番":"72","精度区分":null,"座標系":"任意座標系"}},{"type":"Polygon","arcs":[[-2768,-2765,3174,-3153]],"properties":{"市区町村名":"留萌市","大字名":"住之江町","丁目名":"３丁目","小字名":null,"地番":"68","精度区分":null,"座標系":"任意座標系"}},{"type":"Polygon","arcs":[[-3175,-2764,3175,3176,3177,-3154]],"properties":{"市区町村名":"留萌市","大字名":"住之江町","丁目名":"３丁目","小字名":null,"地番":"67","精度区分":null,"座標系":"任意座標系"}},{"type":"Polygon","arcs":[[-3155,-3178,3178,3179,3180,3181]],"properties":{"市区町村名":"留萌市","大字名":"住之江町","丁目名":"３丁目","小字名":null,"地番":"66","精度区分":null,"座標系":"任意座標系"}},{"type":"Polygon","arcs":[[-3182,3182,-3156]],"properties":{"市区町村名":"留萌市","大字名":"住之江町","丁目名":"３丁目","小字名":null,"地番":"69","精度区分":null,"座標系":"任意座標系"}},{"type":"Polygon","arcs":[[-3183,3183,-3157]],"properties":{"市区町村名":"留萌市","大字名":"住之江町","丁目名":"３丁目","小字名":null,"地番":"70","精度区分":null,"座標系":"任意座標系"}},{"type":"Polygon","arcs":[[-3181,3184,3185,3186,-3158,-3184]],"properties":{"市区町村名":"留萌市","大字名":"住之江町","丁目名":"３丁目","小字名":null,"地番":"65","精度区分":null,"座標系":"任意座標系"}},{"type":"Polygon","arcs":[[-3187,3187,3188,3189,3190,3191,3192,-3159]],"properties":{"市区町村名":"留萌市","大字名":"住之江町","丁目名":"３丁目","小字名":null,"地番":"64-1","精度区分":null,"座標系":"任意座標系"}},{"type":"Polygon","arcs":[[-3193,3193,-3160]],"properties":{"市区町村名":"留萌市","大字名":"住之江町","丁目名":"３丁目","小字名":null,"地番":"64-2","精度区分":null,"座標系":"任意座標系"}},{"type":"Polygon","arcs":[[-3191,3194,3195,3196]],"properties":{"市区町村名":"留萌市","大字名":"住之江町","丁目名":"３丁目","小字名":null,"地番":"63-1","精度区分":null,"座標系":"任意座標系"}},{"type":"Polygon","arcs":[[-3161,-3194,-3192,-3197,3197,3198,3199,3200]],"properties":{"市区町村名":"留萌市","大字名":"住之江町","丁目名":"３丁目","小字名":null,"地番":"61-7","精度区分":null,"座標系":"任意座標系"}},{"type":"Polygon","arcs":[[-3201,3201,3202,3203,3204,3205,-3162]],"properties":{"市区町村名":"留萌市","大字名":"住之江町","丁目名":"３丁目","小字名":null,"地番":"62-1","精度区分":null,"座標系":"任意座標系"}},{"type":"Polygon","arcs":[[3206,-3163,-3206,3207,3208,3209,3210,3211,3212,3213]],"properties":{"市区町村名":"留萌市","大字名":"住之江町","丁目名":"３丁目","小字名":null,"地番":"85-1","精度区分":null,"座標系":"任意座標系"}},{"type":"Polygon","arcs":[[-3140,-3146,3214]],"properties":{"市区町村名":"留萌市","大字名":"住之江町","丁目名":"３丁目","小字名":null,"地番":"10-10","精度区分":null,"座標系":"任意座標系"}},{"type":"Polygon","arcs":[[3215,3216,-3211,3217,3218,3219,-3106]],"properties":{"市区町村名":"留萌市","大字名":"住之江町","丁目名":"３丁目","小字名":null,"地番":"86","精度区分":null,"座標系":"任意座標系"}},{"type":"Polygon","arcs":[[3220,3221,3222,-3107,-3220]],"properties":{"市区町村名":"留萌市","大字名":"住之江町","丁目名":"３丁目","小字名":null,"地番":"10-14","精度区分":null,"座標系":"任意座標系"}},{"type":"Polygon","arcs":[[-3098,-2618,3223,3224,3225]],"properties":{"市区町村名":"留萌市","大字名":"住之江町","丁目名":"３丁目","小字名":null,"地番":"94","精度区分":null,"座標系":"任意座標系"}},{"type":"Polygon","arcs":[[-3210,3226,-3218]],"properties":{"市区町村名":"留萌市","大字名":"住之江町","丁目名":"３丁目","小字名":null,"地番":"85-2","精度区分":null,"座標系":"任意座標系"}},{"type":"Polygon","arcs":[[3227,-2771,-2770,-3152]],"properties":{"市区町村名":"留萌市","大字名":"住之江町","丁目名":"３丁目","小字名":null,"地番":"76","精度区分":null,"座標系":"任意座標系"}},{"type":"Polygon","arcs":[[3228,-2772,-3228,-3174,3229,3230,-3225]],"properties":{"市区町村名":"留萌市","大字名":"住之江町","丁目名":"３丁目","小字名":null,"地番":"77","精度区分":null,"座標系":"任意座標系"}},{"type":"Polygon","arcs":[[-3173,3231,3232,-3230]],"properties":{"市区町村名":"留萌市","大字名":"住之江町","丁目名":"３丁目","小字名":null,"地番":"78","精度区分":null,"座標系":"任意座標系"}},{"type":"Polygon","arcs":[[-3170,3233,3234]],"properties":{"市区町村名":"留萌市","大字名":"住之江町","丁目名":"３丁目","小字名":null,"地番":"75","精度区分":null,"座標系":"任意座標系"}},{"type":"Polygon","arcs":[[-3169,3235,-3234]],"properties":{"市区町村名":"留萌市","大字名":"住之江町","丁目名":"３丁目","小字名":null,"地番":"74","精度区分":null,"座標系":"任意座標系"}},{"type":"Polygon","arcs":[[-3236,-3168,3236,3237,3238,3239]],"properties":{"市区町村名":"留萌市","大字名":"住之江町","丁目名":"３丁目","小字名":null,"地番":"81","精度区分":null,"座標系":"任意座標系"}},{"type":"Polygon","arcs":[[-3167,3240,3241,-3237]],"properties":{"市区町村名":"留萌市","大字名":"住之江町","丁目名":"３丁目","小字名":null,"地番":"82","精度区分":null,"座標系":"任意座標系"}},{"type":"Polygon","arcs":[[-3164,-3207,3242]],"properties":{"市区町村名":"留萌市","大字名":"住之江町","丁目名":"３丁目","小字名":null,"地番":"73","精度区分":null,"座標系":"任意座標系"}},{"type":"Polygon","arcs":[[3243,-3165,-3243,-3214,3244,3245]],"properties":{"市区町村名":"留萌市","大字名":"住之江町","丁目名":"３丁目","小字名":null,"地番":"84","精度区分":null,"座標系":"任意座標系"}},{"type":"Polygon","arcs":[[-3166,-3244,3246,3247,-3241]],"properties":{"市区町村名":"留萌市","大字名":"住之江町","丁目名":"３丁目","小字名":null,"地番":"83","精度区分":null,"座標系":"任意座標系"}},{"type":"Polygon","arcs":[[3248,-3171,-3235,-3240,3249,3250,3251]],"properties":{"市区町村名":"留萌市","大字名":"住之江町","丁目名":"３丁目","小字名":null,"地番":"80","精度区分":null,"座標系":"任意座標系"}},{"type":"Polygon","arcs":[[-3172,-3249,3252,-3232]],"properties":{"市区町村名":"留萌市","大字名":"住之江町","丁目名":"３丁目","小字名":null,"地番":"79","精度区分":null,"座標系":"任意座標系"}},{"type":"Polygon","arcs":[[3253,3254,-3137,-2663,-2679,3255,3256,3257]],"properties":{"市区町村名":"留萌市","大字名":"住之江町","丁目名":"３丁目","小字名":null,"地番":"58-1","精度区分":null,"座標系":"任意座標系"}},{"type":"Polygon","arcs":[[-2753,-3136,-3255,3258]],"properties":{"市区町村名":"留萌市","大字名":"住之江町","丁目名":"３丁目","小字名":null,"地番":"58-5","精度区分":null,"座標系":"任意座標系"}},{"type":"Polygon","arcs":[[-2757,-2754,-3259,-3254,3259]],"properties":{"市区町村名":"留萌市","大字名":"住之江町","丁目名":"３丁目","小字名":null,"地番":"58-4","精度区分":null,"座標系":"任意座標系"}},{"type":"Polygon","arcs":[[3260,3261,-2718,3262,3263,3264,3265,3266,3267,-3257]],"properties":{"市区町村名":"留萌市","大字名":"住之江町","丁目名":"３丁目","小字名":null,"地番":"57-1","精度区分":null,"座標系":"任意座標系"}},{"type":"Polygon","arcs":[[-2678,3268,-3256]],"properties":{"市区町村名":"留萌市","大字名":"住之江町","丁目名":"３丁目","小字名":null,"地番":"58-2","精度区分":null,"座標系":"任意座標系"}},{"type":"Polygon","arcs":[[-3269,-2677,-2732,3269,-3261]],"properties":{"市区町村名":"留萌市","大字名":"住之江町","丁目名":"３丁目","小字名":null,"地番":"57-4","精度区分":null,"座標系":"任意座標系"}},{"type":"Polygon","arcs":[[-3270,-2731,-2708,-3262]],"properties":{"市区町村名":"留萌市","大字名":"住之江町","丁目名":"３丁目","小字名":null,"地番":"57-3","精度区分":null,"座標系":"任意座標系"}},{"type":"Polygon","arcs":[[-2717,-2724,-3080,3270,-3263]],"properties":{"市区町村名":"留萌市","大字名":"住之江町","丁目名":"３丁目","小字名":null,"地番":"57-2","精度区分":null,"座標系":"任意座標系"}},{"type":"Polygon","arcs":[[3271,-3264,-3271,3272,-3195,-3190]],"properties":{"市区町村名":"留萌市","大字名":"住之江町","丁目名":"３丁目","小字名":null,"地番":"59-2","精度区分":null,"座標系":"任意座標系"}},{"type":"Polygon","arcs":[[-3079,3273,3274,-3273]],"properties":{"市区町村名":"留萌市","大字名":"住之江町","丁目名":"３丁目","小字名":null,"地番":"62-2","精度区分":null,"座標系":"任意座標系"}},{"type":"Polygon","arcs":[[3275,-3258,-3268,3276,-3179,-3177]],"properties":{"市区町村名":"留萌市","大字名":"住之江町","丁目名":"３丁目","小字名":null,"地番":"59-4","精度区分":null,"座標系":"任意座標系"}},{"type":"Polygon","arcs":[[-3267,3277,-3185,-3180,-3277]],"properties":{"市区町村名":"留萌市","大字名":"住之江町","丁目名":"３丁目","小字名":null,"地番":"59-3","精度区分":null,"座標系":"任意座標系"}},{"type":"Polygon","arcs":[[-3278,-3266,3278,-3188,-3186]],"properties":{"市区町村名":"留萌市","大字名":"住之江町","丁目名":"３丁目","小字名":null,"地番":"59-6","精度区分":null,"座標系":"任意座標系"}},{"type":"Polygon","arcs":[[-3265,-3272,-3189,-3279]],"properties":{"市区町村名":"留萌市","大字名":"住之江町","丁目名":"３丁目","小字名":null,"地番":"59-1","精度区分":null,"座標系":"任意座標系"}},{"type":"Polygon","arcs":[[-3141,3279,-3204,3280]],"properties":{"市区町村名":"留萌市","大字名":"住之江町","丁目名":"３丁目","小字名":null,"地番":"61-4","精度区分":null,"座標系":"任意座標系"}},{"type":"Polygon","arcs":[[-3280,-3215,-3150,3281,3282]],"properties":{"市区町村名":"留萌市","大字名":"住之江町","丁目名":"３丁目","小字名":null,"地番":"10-17","精度区分":null,"座標系":"任意座標系"}},{"type":"Polygon","arcs":[[-3282,-3149,3283,3284]],"properties":{"市区町村名":"留萌市","大字名":"住之江町","丁目名":"３丁目","小字名":null,"地番":"10-9","精度区分":null,"座標系":"任意座標系"}},{"type":"Polygon","arcs":[[3285,3286,3287,-3108,-3223]],"properties":{"市区町村名":"留萌市","大字名":"住之江町","丁目名":"３丁目","小字名":null,"地番":"5","精度区分":null,"座標系":"任意座標系"}},{"type":"Polygon","arcs":[[-3078,-3144,-3138,3288,3289,-3274]],"properties":{"市区町村名":"留萌市","大字名":"住之江町","丁目名":"３丁目","小字名":null,"地番":"60-2","精度区分":null,"座標系":"任意座標系"}},{"type":"Polygon","arcs":[[-3275,3290,-3198,-3196]],"properties":{"市区町村名":"留萌市","大字名":"住之江町","丁目名":"３丁目","小字名":null,"地番":"62-3","精度区分":null,"座標系":"任意座標系"}},{"type":"Polygon","arcs":[[-3290,3291,-3199,-3291]],"properties":{"市区町村名":"留萌市","大字名":"住之江町","丁目名":"３丁目","小字名":null,"地番":"61-3","精度区分":null,"座標系":"任意座標系"}},{"type":"Polygon","arcs":[[-3208,-3205,-3283,-3285,3292,3293,3294,3295]],"properties":{"市区町村名":"留萌市","大字名":"住之江町","丁目名":"３丁目","小字名":null,"地番":"10-8","精度区分":null,"座標系":"任意座標系"}},{"type":"Polygon","arcs":[[-3292,-3289,-3143,3296]],"properties":{"市区町村名":"留萌市","大字名":"住之江町","丁目名":"３丁目","小字名":null,"地番":"61-1","精度区分":null,"座標系":"任意座標系"}},{"type":"Polygon","arcs":[[-3200,-3297,3297,-3202]],"properties":{"市区町村名":"留萌市","大字名":"住之江町","丁目名":"３丁目","小字名":null,"地番":"61-6","精度区分":null,"座標系":"任意座標系"}},{"type":"Polygon","arcs":[[-3142,-3281,-3203,-3298]],"properties":{"市区町村名":"留萌市","大字名":"住之江町","丁目名":"３丁目","小字名":null,"地番":"61-5","精度区分":null,"座標系":"任意座標系"}},{"type":"Polygon","arcs":[[-3294,3298,3299,3300,3301]],"properties":{"市区町村名":"留萌市","大字名":"住之江町","丁目名":"３丁目","小字名":null,"地番":"2","精度区分":null,"座標系":"任意座標系"}},{"type":"Polygon","arcs":[[-3293,-3284,3302,-3299]],"properties":{"市区町村名":"留萌市","大字名":"住之江町","丁目名":"３丁目","小字名":null,"地番":"1","精度区分":null,"座標系":"任意座標系"}},{"type":"Polygon","arcs":[[3303,-3301,3304,3305,3306,3307]],"properties":{"市区町村名":"留萌市","大字名":"住之江町","丁目名":"３丁目","小字名":null,"地番":"3","精度区分":null,"座標系":"任意座標系"}},{"type":"Polygon","arcs":[[3308,3309,-3286,-3222]],"properties":{"市区町村名":"留萌市","大字名":"住之江町","丁目名":"３丁目","小字名":null,"地番":"10-15","精度区分":null,"座標系":"任意座標系"}},{"type":"Polygon","arcs":[[3310,3311,3312,-3309]],"properties":{"市区町村名":"留萌市","大字名":"住之江町","丁目名":"３丁目","小字名":null,"地番":"10-13","精度区分":null,"座標系":"任意座標系"}},{"type":"Polygon","arcs":[[3313,-3295,3314,-3312]],"properties":{"市区町村名":"留萌市","大字名":"住之江町","丁目名":"３丁目","小字名":null,"地番":"10-7","精度区分":null,"座標系":"任意座標系"}},{"type":"Polygon","arcs":[[3315,-3308,3316,-3109,-3288]],"properties":{"市区町村名":"留萌市","大字名":"住之江町","丁目名":"３丁目","小字名":null,"地番":"6","精度区分":null,"座標系":"任意座標系"}},{"type":"Polygon","arcs":[[-3287,-3310,-3313,-3315,-3302,-3304,-3316]],"properties":{"市区町村名":"留萌市","大字名":"住之江町","丁目名":"３丁目","小字名":null,"地番":"4","精度区分":null,"座標系":"任意座標系"}},{"type":"Polygon","arcs":[[3317,-3306,3318,-3082]],"properties":{"市区町村名":"留萌市","大字名":"住之江町","丁目名":"３丁目","小字名":null,"地番":"8","精度区分":null,"座標系":"任意座標系"}},{"type":"Polygon","arcs":[[-3307,-3318,-3081,-3110,-3317]],"properties":{"市区町村名":"留萌市","大字名":"住之江町","丁目名":"３丁目","小字名":null,"地番":"7","精度区分":null,"座標系":"任意座標系"}},{"type":"Polygon","arcs":[[3319,-3212,-3217,3320]],"properties":{"市区町村名":"留萌市","大字名":"住之江町","丁目名":"３丁目","小字名":null,"地番":"87-1","精度区分":null,"座標系":"任意座標系"}},{"type":"Polygon","arcs":[[-3245,-3213,-3320,3321,-3104,3322]],"properties":{"市区町村名":"留萌市","大字名":"住之江町","丁目名":"３丁目","小字名":null,"地番":"88","精度区分":null,"座標系":"任意座標系"}},{"type":"Polygon","arcs":[[-3321,-3216,-3105,-3322]],"properties":{"市区町村名":"留萌市","大字名":"住之江町","丁目名":"３丁目","小字名":null,"地番":"87-2","精度区分":null,"座標系":"任意座標系"}},{"type":"Polygon","arcs":[[3323,-3247,-3246,-3323,-3103]],"properties":{"市区町村名":"留萌市","大字名":"住之江町","丁目名":"３丁目","小字名":null,"地番":"89","精度区分":null,"座標系":"任意座標系"}},{"type":"Polygon","arcs":[[-3238,-3242,-3248,-3324,-3102,3324]],"properties":{"市区町村名":"留萌市","大字名":"住之江町","丁目名":"３丁目","小字名":null,"地番":"90","精度区分":null,"座標系":"任意座標系"}},{"type":"Polygon","arcs":[[3325,-3250,-3239,-3325,-3101]],"properties":{"市区町村名":"留萌市","大字名":"住之江町","丁目名":"３丁目","小字名":null,"地番":"91","精度区分":null,"座標系":"任意座標系"}},{"type":"Polygon","arcs":[[-3251,-3326,-3100,3326]],"properties":{"市区町村名":"留萌市","大字名":"住之江町","丁目名":"３丁目","小字名":null,"地番":"92","精度区分":null,"座標系":"任意座標系"}},{"type":"Polygon","arcs":[[-3226,-3231,-3233,-3253,-3252,-3327,-3099]],"properties":{"市区町村名":"留萌市","大字名":"住之江町","丁目名":"３丁目","小字名":null,"地番":"93","精度区分":null,"座標系":"任意座標系"}},{"type":"Polygon","arcs":[[3327,3328,-3121,3329,3330]],"properties":{"市区町村名":"留萌市","大字名":"住之江町","丁目名":"３丁目","小字名":null,"地番":"95-4","精度区分":null,"座標系":"任意座標系"}},{"type":"Polygon","arcs":[[3331,-3330,-3120,-3129]],"properties":{"市区町村名":"留萌市","大字名":"住之江町","丁目名":"３丁目","小字名":null,"地番":"95-3","精度区分":null,"座標系":"任意座標系"}},{"type":"Polygon","arcs":[[3332,3333,3334]],"properties":{"市区町村名":"留萌市","大字名":"住之江町","丁目名":"３丁目","小字名":null,"地番":"95-11","精度区分":null,"座標系":"任意座標系"}},{"type":"Polygon","arcs":[[3335,3336,-3333,3337,3338]],"properties":{"市区町村名":"留萌市","大字名":"住之江町","丁目名":"３丁目","小字名":null,"地番":"95-17","精度区分":null,"座標系":"任意座標系"}},{"type":"Polygon","arcs":[[3339,-3124,3340,3341]],"properties":{"市区町村名":"留萌市","大字名":"住之江町","丁目名":"３丁目","小字名":null,"地番":"95-7","精度区分":null,"座標系":"任意座標系"}},{"type":"Polygon","arcs":[[3342,-3125,-3340,3343]],"properties":{"市区町村名":"留萌市","大字名":"住之江町","丁目名":"３丁目","小字名":null,"地番":"95-16","精度区分":null,"座標系":"任意座標系"}},{"type":"Polygon","arcs":[[3344,-3342,3345,3346,-3328,3347,3348,3349,-3334]],"properties":{"市区町村名":"留萌市","大字名":"住之江町","丁目名":"３丁目","小字名":null,"地番":"95-2","精度区分":null,"座標系":"任意座標系"}},{"type":"Polygon","arcs":[[3350,-3122,-3329,-3347]],"properties":{"市区町村名":"留萌市","大字名":"住之江町","丁目名":"３丁目","小字名":null,"地番":"95-5","精度区分":null,"座標系":"任意座標系"}},{"type":"Polygon","arcs":[[3351,-3332,-3131,3352,3353]],"properties":{"市区町村名":"留萌市","大字名":"住之江町","丁目名":"３丁目","小字名":null,"地番":"95-13","精度区分":null,"座標系":"任意座標系"}},{"type":"Polygon","arcs":[[-3348,-3331,-3352,3354]],"properties":{"市区町村名":"留萌市","大字名":"住之江町","丁目名":"３丁目","小字名":null,"地番":"95-8","精度区分":null,"座標系":"任意座標系"}},{"type":"Polygon","arcs":[[3355,-2522,-3066,-3064,-2805,3356,3357,3358,3359,3360]],"properties":{"市区町村名":"留萌市","大字名":"住之江町","丁目名":"３丁目","小字名":null,"地番":"95-28","精度区分":null,"座標系":"任意座標系"}},{"type":"Polygon","arcs":[[-2523,-3356,3361,3362,-3134]],"properties":{"市区町村名":"留萌市","大字名":"住之江町","丁目名":"３丁目","小字名":null,"地番":"95-25","精度区分":null,"座標系":"任意座標系"}},{"type":"Polygon","arcs":[[3363,-3360,3364,3365]],"properties":{"市区町村名":"留萌市","大字名":"住之江町","丁目名":"３丁目","小字名":null,"地番":"95-23","精度区分":null,"座標系":"任意座標系"}},{"type":"Polygon","arcs":[[3366,3367,3368,-3365]],"properties":{"市区町村名":"留萌市","大字名":"住之江町","丁目名":"３丁目","小字名":null,"地番":"95-20","精度区分":null,"座標系":"任意座標系"}},{"type":"Polygon","arcs":[[-3361,-3364,3369,-3362]],"properties":{"市区町村名":"留萌市","大字名":"住之江町","丁目名":"３丁目","小字名":null,"地番":"95-24","精度区分":null,"座標系":"任意座標系"}},{"type":"Polygon","arcs":[[3370,3371,3372,-3368]],"properties":{"市区町村名":"留萌市","大字名":"住之江町","丁目名":"３丁目","小字名":null,"地番":"95-19","精度区分":null,"座標系":"任意座標系"}},{"type":"Polygon","arcs":[[-3372,3373,3374,3375]],"properties":{"市区町村名":"留萌市","大字名":"住之江町","丁目名":"３丁目","小字名":null,"地番":"95-18","精度区分":null,"座標系":"任意座標系"}},{"type":"Polygon","arcs":[[3376,-3336,3377,-3375]],"properties":{"市区町村名":"留萌市","大字名":"住之江町","丁目名":"３丁目","小字名":null,"地番":"95-22","精度区分":null,"座標系":"任意座標系"}},{"type":"Polygon","arcs":[[3378,3379,3380,-3338]],"properties":{"市区町村名":"留萌市","大字名":"住之江町","丁目名":"３丁目","小字名":null,"地番":"95-15","精度区分":null,"座標系":"任意座標系"}},{"type":"Polygon","arcs":[[3381,-3349,-3355,3382]],"properties":{"市区町村名":"留萌市","大字名":"住之江町","丁目名":"３丁目","小字名":null,"地番":"95-9","精度区分":null,"座標系":"任意座標系"}},{"type":"Polygon","arcs":[[-3350,-3382,-3379,-3335]],"properties":{"市区町村名":"留萌市","大字名":"住之江町","丁目名":"３丁目","小字名":null,"地番":"95-10","精度区分":null,"座標系":"任意座標系"}},{"type":"Polygon","arcs":[[-3380,-3383,-3354,3383]],"properties":{"市区町村名":"留萌市","大字名":"住之江町","丁目名":"３丁目","小字名":null,"地番":"95-14","精度区分":null,"座標系":"任意座標系"}},{"type":"Polygon","arcs":[[-3341,-3123,-3351,-3346]],"properties":{"市区町村名":"留萌市","大字名":"住之江町","丁目名":"３丁目","小字名":null,"地番":"95-6","精度区分":null,"座標系":"任意座標系"}},{"type":"Polygon","arcs":[[-3126,-3343,3384,3385]],"properties":{"市区町村名":"留萌市","大字名":"住之江町","丁目名":"３丁目","小字名":null,"地番":"95-29","精度区分":null,"座標系":"任意座標系"}},{"type":"Polygon","arcs":[[3386,-3127,-3386,3387,-3358]],"properties":{"市区町村名":"留萌市","大字名":"住之江町","丁目名":"３丁目","小字名":null,"地番":"95-30","精度区分":null,"座標系":"任意座標系"}},{"type":"Polygon","arcs":[[-2804,-2603,-3128,-3387,-3357]],"properties":{"市区町村名":"留萌市","大字名":"住之江町","丁目名":"３丁目","小字名":null,"地番":"95-1","精度区分":null,"座標系":"任意座標系"}},{"type":"Polygon","arcs":[[-3114,3388,3389]],"properties":{"市区町村名":"留萌市","大字名":"住之江町","丁目名":"３丁目","小字名":null,"地番":"10-4","精度区分":null,"座標系":"任意座標系"}},{"type":"Polygon","arcs":[[-3096,3390,3391,3392]],"properties":{"市区町村名":"留萌市","大字名":"住之江町","丁目名":"３丁目","小字名":null,"地番":"15-9","精度区分":null,"座標系":"任意座標系"}},{"type":"Polygon","arcs":[[-3118,3393,-3391,3394]],"properties":{"市区町村名":"留萌市","大字名":"住之江町","丁目名":"３丁目","小字名":null,"地番":"10-6","精度区分":null,"座標系":"任意座標系"}},{"type":"Polygon","arcs":[[-3117,3395,3396,3397,-3394]],"properties":{"市区町村名":"留萌市","大字名":"住之江町","丁目名":"３丁目","小字名":null,"地番":"10-3","精度区分":null,"座標系":"任意座標系"}},{"type":"Polygon","arcs":[[-3398,3398,3399,3400,3401,-3392]],"properties":{"市区町村名":"留萌市","大字名":"住之江町","丁目名":"３丁目","小字名":null,"地番":"15-1","精度区分":null,"座標系":"任意座標系"}},{"type":"Polygon","arcs":[[3402,-3087,3403,-3097]],"properties":{"市区町村名":"留萌市","大字名":"住之江町","丁目名":"３丁目","小字名":null,"地番":"16-1","精度区分":null,"座標系":"任意座標系"}},{"type":"Polygon","arcs":[[-3389,-3113,3404,3405,3406]],"properties":{"市区町村名":"留萌市","大字名":"住之江町","丁目名":"３丁目","小字名":null,"地番":"15-7","精度区分":null,"座標系":"任意座標系"}},{"type":"Polygon","arcs":[[-3402,3407,-3088,-3403,-3393]],"properties":{"市区町村名":"留萌市","大字名":"住之江町","丁目名":"３丁目","小字名":null,"地番":"15-6","精度区分":null,"座標系":"任意座標系"}},{"type":"Polygon","arcs":[[3408,-3407,3409,-3399]],"properties":{"市区町村名":"留萌市","大字名":"住之江町","丁目名":"３丁目","小字名":null,"地番":"15-8","精度区分":null,"座標系":"任意座標系"}},{"type":"Polygon","arcs":[[-3410,-3406,3410,-3090,3411,-3400]],"properties":{"市区町村名":"留萌市","大字名":"住之江町","丁目名":"３丁目","小字名":null,"地番":"15-4","精度区分":null,"座標系":"任意座標系"}},{"type":"Polygon","arcs":[[3412,-3115,-3390,-3409,-3397]],"properties":{"市区町村名":"留萌市","大字名":"住之江町","丁目名":"３丁目","小字名":null,"地番":"10-5","精度区分":null,"座標系":"任意座標系"}},{"type":"Polygon","arcs":[[-3405,-3112,-3091,-3411]],"properties":{"市区町村名":"留萌市","大字名":"住之江町","丁目名":"３丁目","小字名":null,"地番":"15-3","精度区分":null,"座標系":"任意座標系"}},{"type":"Polygon","arcs":[[-3412,-3089,-3408,-3401]],"properties":{"市区町村名":"留萌市","大字名":"住之江町","丁目名":"３丁目","小字名":null,"地番":"15-5","精度区分":null,"座標系":"任意座標系"}},{"type":"Polygon","arcs":[[-3116,-3413,-3396]],"properties":{"市区町村名":"留萌市","大字名":"住之江町","丁目名":"３丁目","小字名":null,"地番":"10-2","精度区分":null,"座標系":"任意座標系"}},{"type":"Polygon","arcs":[[-3388,-3385,-3344,-3345,-3337,-3377,-3374,-3371,-3367,-3359]],"properties":{"市区町村名":"留萌市","大字名":"住之江町","丁目名":"３丁目","小字名":null,"地番":"95-21","精度区分":null,"座標系":"任意座標系"}},{"type":"Polygon","arcs":[[-3219,-3227,-3209,-3296,-3314,-3311,-3221]],"properties":{"市区町村名":"留萌市","大字名":"住之江町","丁目名":"３丁目","小字名":null,"地番":"10-16","精度区分":null,"座標系":"任意座標系"}},{"type":"Polygon","arcs":[[-2763,-2762,-2759,-2758,-3260,-3276,-3176]],"properties":{"市区町村名":"留萌市","大字名":"住之江町","丁目名":"３丁目","小字名":null,"地番":"59-5","精度区分":null,"座標系":"任意座標系"}},{"type":"Polygon","arcs":[[3413,3414,3415]],"properties":{"市区町村名":"留萌市","大字名":"住之江町","丁目名":"２丁目","小字名":null,"地番":"1-5","精度区分":null,"座標系":"任意座標系"}},{"type":"Polygon","arcs":[[3416,-3414,3417,3418,3419]],"properties":{"市区町村名":"留萌市","大字名":"住之江町","丁目名":"２丁目","小字名":null,"地番":"1-1","精度区分":null,"座標系":"任意座標系"}},{"type":"Polygon","arcs":[[-3418,-3416,3420,3421,3422,3423,3424,3425,3426]],"properties":{"市区町村名":"留萌市","大字名":"住之江町","丁目名":"２丁目","小字名":null,"地番":"1-2","精度区分":null,"座標系":"任意座標系"}},{"type":"Polygon","arcs":[[-3424,3427,3428]],"properties":{"市区町村名":"留萌市","大字名":"住之江町","丁目名":"２丁目","小字名":null,"地番":"1-3","精度区分":null,"座標系":"任意座標系"}},{"type":"Polygon","arcs":[[3429,-3422]],"properties":{"市区町村名":"留萌市","大字名":"住之江町","丁目名":"２丁目","小字名":null,"地番":"1-4","精度区分":null,"座標系":"任意座標系"}},{"type":"Polygon","arcs":[[3430,-3420,3431]],"properties":{"市区町村名":"留萌市","大字名":"野本町","丁目名":null,"小字名":null,"地番":"4-1","精度区分":null,"座標系":"任意座標系"}},{"type":"Polygon","arcs":[[3432,-3425,-3429,3433,3434,3435,3436,3437]],"properties":{"市区町村名":"留萌市","大字名":"野本町","丁目名":null,"小字名":null,"地番":"1-2","精度区分":null,"座標系":"任意座標系"}},{"type":"Polygon","arcs":[[3438,3439,3440,3441,3442,3443,3444,3445]],"properties":{"市区町村名":"留萌市","大字名":"野本町","丁目名":null,"小字名":null,"地番":"47-1","精度区分":null,"座標系":"任意座標系"}},{"type":"Polygon","arcs":[[3446,3447,3448,3449,3450,3451,3452,3453,3454]],"properties":{"市区町村名":"留萌市","大字名":"野本町","丁目名":null,"小字名":null,"地番":"43","精度区分":null,"座標系":"任意座標系"}},{"type":"Polygon","arcs":[[3455,3456,3457,3458,3459,3460]],"properties":{"市区町村名":"留萌市","大字名":"野本町","丁目名":null,"小字名":null,"地番":"39","精度区分":null,"座標系":"任意座標系"}},{"type":"Polygon","arcs":[[3461,3462,3463,-3457,3464]],"properties":{"市区町村名":"留萌市","大字名":"野本町","丁目名":null,"小字名":null,"地番":"38-1","精度区分":null,"座標系":"任意座標系"}},{"type":"Polygon","arcs":[[3465,-3432,-3419,-3427,3466,3467]],"properties":{"市区町村名":"留萌市","大字名":"野本町","丁目名":null,"小字名":null,"地番":"4-4","精度区分":null,"座標系":"任意座標系"}},{"type":"Polygon","arcs":[[3468,-3468,3469,3470,3471,-3447,3472,3473,3474,-3460,3475,3476]],"properties":{"市区町村名":"留萌市","大字名":"野本町","丁目名":null,"小字名":null,"地番":"4-3","精度区分":null,"座標系":"任意座標系"}},{"type":"Polygon","arcs":[[-3467,-3426,-3433,3477,3478,3479,-3470]],"properties":{"市区町村名":"留萌市","大字名":"野本町","丁目名":null,"小字名":null,"地番":"4-7","精度区分":null,"座標系":"任意座標系"}},{"type":"Polygon","arcs":[[3480,3481,-3477,3482]],"properties":{"市区町村名":"留萌市","大字名":"野本町","丁目名":null,"小字名":null,"地番":"16-2","精度区分":null,"座標系":"任意座標系"}},{"type":"Polygon","arcs":[[3483,-3483,-3476,-3459]],"properties":{"市区町村名":"留萌市","大字名":"野本町","丁目名":null,"小字名":null,"地番":"12-2","精度区分":null,"座標系":"任意座標系"}},{"type":"Polygon","arcs":[[-3472,3484,3485,-3440,3486,-3448]],"properties":{"市区町村名":"留萌市","大字名":"野本町","丁目名":null,"小字名":null,"地番":"44","精度区分":null,"座標系":"任意座標系"}},{"type":"Polygon","arcs":[[-3479,3487,3488,-3436,3489,-3441,-3486,3490]],"properties":{"市区町村名":"留萌市","大字名":"野本町","丁目名":null,"小字名":null,"地番":"1-1","精度区分":null,"座標系":"任意座標系"}},{"type":"Polygon","arcs":[[-3490,-3435,3491,-3442]],"properties":{"市区町村名":"留萌市","大字名":"野本町","丁目名":null,"小字名":null,"地番":"1-6","精度区分":null,"座標系":"任意座標系"}},{"type":"Polygon","arcs":[[-3438,-3488,-3478]],"properties":{"市区町村名":"留萌市","大字名":"野本町","丁目名":null,"小字名":null,"地番":"1-4","精度区分":null,"座標系":"任意座標系"}},{"type":"Polygon","arcs":[[-3480,-3491,-3485,-3471]],"properties":{"市区町村名":"留萌市","大字名":"野本町","丁目名":null,"小字名":null,"地番":"1-3","精度区分":null,"座標系":"任意座標系"}},{"type":"Polygon","arcs":[[-3437,-3489]],"properties":{"市区町村名":"留萌市","大字名":"野本町","丁目名":null,"小字名":null,"地番":"1-5","精度区分":null,"座標系":"任意座標系"}},{"type":"Polygon","arcs":[[3492,-3473,-3455,3493,3494]],"properties":{"市区町村名":"留萌市","大字名":"野本町","丁目名":null,"小字名":null,"地番":"42","精度区分":null,"座標系":"任意座標系"}},{"type":"Polygon","arcs":[[-3474,-3493,3495,3496,3497,3498,3499]],"properties":{"市区町村名":"留萌市","大字名":"野本町","丁目名":null,"小字名":null,"地番":"41","精度区分":null,"座標系":"任意座標系"}},{"type":"Polygon","arcs":[[-3461,-3475,-3500,3500]],"properties":{"市区町村名":"留萌市","大字名":"野本町","丁目名":null,"小字名":null,"地番":"40","精度区分":null,"座標系":"任意座標系"}},{"type":"Polygon","arcs":[[3501,-3481,-3484,-3458,-3464]],"properties":{"市区町村名":"留萌市","大字名":"野本町","丁目名":null,"小字名":null,"地番":"38-7","精度区分":null,"座標系":"任意座標系"}},{"type":"Polygon","arcs":[[3502,-3465,-3456,-3501,-3499,3503,3504,3505,3506,3507,3508,3509]],"properties":{"市区町村名":"留萌市","大字名":"野本町","丁目名":null,"小字名":null,"地番":"182","精度区分":null,"座標系":"任意座標系"}},{"type":"Polygon","arcs":[[3510,-3446,3511,3512]],"properties":{"市区町村名":"留萌市","大字名":"野本町","丁目名":null,"小字名":null,"地番":"53","精度区分":null,"座標系":"任意座標系"}},{"type":"Polygon","arcs":[[-3445,3513,3514,3515]],"properties":{"市区町村名":"留萌市","大字名":"野本町","丁目名":null,"小字名":null,"地番":"48","精度区分":null,"座標系":"任意座標系"}},{"type":"Polygon","arcs":[[-3444,3516,3517,-3514]],"properties":{"市区町村名":"留萌市","大字名":"野本町","丁目名":null,"小字名":null,"地番":"49","精度区分":null,"座標系":"任意座標系"}},{"type":"Polygon","arcs":[[3518,3519,3520,3521,3522]],"properties":{"市区町村名":"留萌市","大字名":"野本町","丁目名":null,"小字名":null,"地番":"67-3","精度区分":null,"座標系":"任意座標系"}},{"type":"Polygon","arcs":[[3523,3524,3525,3526]],"properties":{"市区町村名":"留萌市","大字名":"野本町","丁目名":null,"小字名":null,"地番":"185","精度区分":null,"座標系":"任意座標系"}},{"type":"Polygon","arcs":[[3527,3528]],"properties":{"市区町村名":"留萌市","大字名":"野本町","丁目名":null,"小字名":null,"地番":"188-2","精度区分":null,"座標系":"任意座標系"}},{"type":"Polygon","arcs":[[3529,3530,3531,3532,3533]],"properties":{"市区町村名":"留萌市","大字名":"野本町","丁目名":null,"小字名":null,"地番":"180-3","精度区分":null,"座標系":"任意座標系"}},{"type":"Polygon","arcs":[[3534,3535,3536,-3533]],"properties":{"市区町村名":"留萌市","大字名":"野本町","丁目名":null,"小字名":null,"地番":"179","精度区分":null,"座標系":"任意座標系"}},{"type":"Polygon","arcs":[[3537,-3508,3538,3539,3540]],"properties":{"市区町村名":"留萌市","大字名":"野本町","丁目名":null,"小字名":null,"地番":"181-8","精度区分":null,"座標系":"任意座標系"}},{"type":"Polygon","arcs":[[3541,-3510,3542,3543]],"properties":{"市区町村名":"留萌市","大字名":"野本町","丁目名":null,"小字名":null,"地番":"187","精度区分":null,"座標系":"任意座標系"}},{"type":"Polygon","arcs":[[3544,3545,3546,3547,3548,-3536]],"properties":{"市区町村名":"留萌市","大字名":"野本町","丁目名":null,"小字名":null,"地番":"169","精度区分":null,"座標系":"任意座標系"}},{"type":"Polygon","arcs":[[3549,-3496,-3495,3550,3551,3552]],"properties":{"市区町村名":"留萌市","大字名":"野本町","丁目名":null,"小字名":null,"地番":"163-1","精度区分":null,"座標系":"任意座標系"}},{"type":"Polygon","arcs":[[3553,3554,-3497,-3550,3555,3556]],"properties":{"市区町村名":"留萌市","大字名":"野本町","丁目名":null,"小字名":null,"地番":"171","精度区分":null,"座標系":"任意座標系"}},{"type":"Polygon","arcs":[[-3548,3557,3558,3559,3560]],"properties":{"市区町村名":"留萌市","大字名":"野本町","丁目名":null,"小字名":null,"地番":"166-2","精度区分":null,"座標系":"任意座標系"}},{"type":"Polygon","arcs":[[3561,3562,3563,-3560]],"properties":{"市区町村名":"留萌市","大字名":"野本町","丁目名":null,"小字名":null,"地番":"154","精度区分":null,"座標系":"任意座標系"}},{"type":"Polygon","arcs":[[3564,3565,3566,3567,3568,3569,3570,3571,-3453,3572,3573,3574,3575,3576,3577,3578,3579,3580,3581,3582,3583,3584]],"properties":{"市区町村名":"留萌市","大字名":"野本町","丁目名":null,"小字名":null,"地番":"152","精度区分":null,"座標系":"任意座標系"}},{"type":"Polygon","arcs":[[3585,-3551,-3494,-3454,-3572]],"properties":{"市区町村名":"留萌市","大字名":"野本町","丁目名":null,"小字名":null,"地番":"162","精度区分":null,"座標系":"任意座標系"}},{"type":"Polygon","arcs":[[-3563,3586,-3585,3587,3588,3589]],"properties":{"市区町村名":"留萌市","大字名":"野本町","丁目名":null,"小字名":null,"地番":"153","精度区分":null,"座標系":"任意座標系"}},{"type":"Polygon","arcs":[[3590,3591,3592,-3589]],"properties":{"市区町村名":"留萌市","大字名":"野本町","丁目名":null,"小字名":null,"地番":"132","精度区分":null,"座標系":"任意座標系"}},{"type":"Polygon","arcs":[[-3592,3593,3594,3595,3596]],"properties":{"市区町村名":"留萌市","大字名":"野本町","丁目名":null,"小字名":null,"地番":"130","精度区分":null,"座標系":"任意座標系"}},{"type":"Polygon","arcs":[[3597,3598,3599,-3596]],"properties":{"市区町村名":"留萌市","大字名":"野本町","丁目名":null,"小字名":null,"地番":"129","精度区分":null,"座標系":"任意座標系"}},{"type":"Polygon","arcs":[[3600,-3449,-3487,3601,3602,3603]],"properties":{"市区町村名":"留萌市","大字名":"野本町","丁目名":null,"小字名":null,"地番":"55","精度区分":null,"座標系":"任意座標系"}},{"type":"Polygon","arcs":[[3604,3605,3606,3607,3608,3609,3610,3611,3612,-3450,-3601,3613,3614,3615,3616,3617,3618,3619,3620,-3598,3621]],"properties":{"市区町村名":"留萌市","大字名":"野本町","丁目名":null,"小字名":null,"地番":"128","精度区分":null,"座標系":"任意座標系"}},{"type":"Polygon","arcs":[[3622,3623,3624,3625,3626]],"properties":{"市区町村名":"留萌市","大字名":"野本町","丁目名":null,"小字名":null,"地番":"116-3","精度区分":null,"座標系":"任意座標系"}},{"type":"Polygon","arcs":[[3627,3628,3629,3630,3631,3632,3633,3634,3635,3636,3637,3638,3639,3640,3641,3642,-3623,3643]],"properties":{"市区町村名":"留萌市","大字名":"野本町","丁目名":null,"小字名":null,"地番":"115","精度区分":null,"座標系":"任意座標系"}},{"type":"Polygon","arcs":[[-3635,3644,3645,3646]],"properties":{"市区町村名":"留萌市","大字名":"野本町","丁目名":null,"小字名":null,"地番":"113","精度区分":null,"座標系":"任意座標系"}},{"type":"Polygon","arcs":[[3647,3648,3649,3650,3651,-3645,-3634]],"properties":{"市区町村名":"留萌市","大字名":"野本町","丁目名":null,"小字名":null,"地番":"114","精度区分":null,"座標系":"任意座標系"}},{"type":"Polygon","arcs":[[-3512,-3516,3652,3653,3654,3655,3656,3657,3658,3659,3660]],"properties":{"市区町村名":"留萌市","大字名":"野本町","丁目名":null,"小字名":null,"地番":"52","精度区分":null,"座標系":"任意座標系"}},{"type":"Polygon","arcs":[[3661,3662,3663,3664,3665,3666,3667,-3646,-3652,3668,3669,3670,3671,3672,3673,3674,3675,3676,-3523,3677,3678,3679,3680,3681,3682,3683,3684,3685,3686,3687,3688,3689,3690,3691,3692,3693,3694,3695,3696,3697,3698,3699,3700,3701,3702,3703,3704,3705,3706,3707,3708,3709]],"properties":{"市区町村名":"留萌市","大字名":"野本町","丁目名":null,"小字名":null,"地番":"68","精度区分":null,"座標系":"任意座標系"}},{"type":"Polygon","arcs":[[3710,3711,3712,3713]],"properties":{"市区町村名":"留萌市","大字名":"野本町","丁目名":null,"小字名":null,"地番":"103-1","精度区分":null,"座標系":"任意座標系"}},{"type":"Polygon","arcs":[[3714,-3709,3715,3716,-3712]],"properties":{"市区町村名":"留萌市","大字名":"野本町","丁目名":null,"小字名":null,"地番":"102","精度区分":null,"座標系":"任意座標系"}},{"type":"Polygon","arcs":[[-3624,3717,-3715,-3711,3718]],"properties":{"市区町村名":"留萌市","大字名":"野本町","丁目名":null,"小字名":null,"地番":"104","精度区分":null,"座標系":"任意座標系"}},{"type":"Polygon","arcs":[[3719,3720,3721,3722,3723]],"properties":{"市区町村名":"留萌市","大字名":"野本町","丁目名":null,"小字名":null,"地番":"76","精度区分":null,"座標系":"任意座標系"}},{"type":"Polygon","arcs":[[-3716,3724,3725,3726]],"properties":{"市区町村名":"留萌市","大字名":"野本町","丁目名":null,"小字名":null,"地番":"92","精度区分":null,"座標系":"任意座標系"}},{"type":"Polygon","arcs":[[-3700,3727]],"properties":{"市区町村名":"留萌市","大字名":"野本町","丁目名":null,"小字名":null,"地番":"101","精度区分":null,"座標系":"任意座標系"}},{"type":"Polygon","arcs":[[-3691,3728,3729,-3726]],"properties":{"市区町村名":"留萌市","大字名":"野本町","丁目名":null,"小字名":null,"地番":"91","精度区分":null,"座標系":"任意座標系"}},{"type":"Polygon","arcs":[[-3729,3730,3731,3732]],"properties":{"市区町村名":"留萌市","大字名":"野本町","丁目名":null,"小字名":null,"地番":"90","精度区分":null,"座標系":"任意座標系"}},{"type":"Polygon","arcs":[[-3683,3733,3734]],"properties":{"市区町村名":"留萌市","大字名":"野本町","丁目名":null,"小字名":null,"地番":"82","精度区分":null,"座標系":"任意座標系"}},{"type":"Polygon","arcs":[[3735,-3679,3736,3737]],"properties":{"市区町村名":"留萌市","大字名":"野本町","丁目名":null,"小字名":null,"地番":"70-2","精度区分":null,"座標系":"任意座標系"}},{"type":"Polygon","arcs":[[3738,3739,3740,3741,-3527]],"properties":{"市区町村名":"留萌市","大字名":"野本町","丁目名":null,"小字名":null,"地番":"184","精度区分":null,"座標系":"任意座標系"}},{"type":"Polygon","arcs":[[3742,-3543,-3509,-3538,3743,3744,3745,-3739]],"properties":{"市区町村名":"留萌市","大字名":"野本町","丁目名":null,"小字名":null,"地番":"183","精度区分":null,"座標系":"任意座標系"}},{"type":"Polygon","arcs":[[-3741,3746,3747,3748]],"properties":{"市区町村名":"留萌市","大字名":"野本町","丁目名":null,"小字名":null,"地番":"180-5","精度区分":null,"座標系":"任意座標系"}},{"type":"Polygon","arcs":[[3749,-3748,3750,3751,3752,-3530]],"properties":{"市区町村名":"留萌市","大字名":"野本町","丁目名":null,"小字名":null,"地番":"180-1","精度区分":null,"座標系":"任意座標系"}},{"type":"Polygon","arcs":[[3753,-3505,3754,3755,3756,3757]],"properties":{"市区町村名":"留萌市","大字名":"野本町","丁目名":null,"小字名":null,"地番":"181-2","精度区分":null,"座標系":"任意座標系"}},{"type":"Polygon","arcs":[[3758,3759,-3540,3760,-3506,-3754,3761,3762,3763,3764,-3752,3765]],"properties":{"市区町村名":"留萌市","大字名":"野本町","丁目名":null,"小字名":null,"地番":"181-1","精度区分":null,"座標系":"任意座標系"}},{"type":"Polygon","arcs":[[3766,3767,3768,3769,-3557,3770,3771,3772,3773,-3546,3774]],"properties":{"市区町村名":"留萌市","大字名":"野本町","丁目名":null,"小字名":null,"地番":"170","精度区分":null,"座標系":"任意座標系"}},{"type":"Polygon","arcs":[[3775,-3544,-3743,-3526]],"properties":{"市区町村名":"留萌市","大字名":"野本町","丁目名":null,"小字名":null,"地番":"186","精度区分":null,"座標系":"任意座標系"}},{"type":"Polygon","arcs":[[3776,-3744,-3541,-3760]],"properties":{"市区町村名":"留萌市","大字名":"野本町","丁目名":null,"小字名":null,"地番":"181-9","精度区分":null,"座標系":"任意座標系"}},{"type":"Polygon","arcs":[[-3745,-3777,-3759,3777]],"properties":{"市区町村名":"留萌市","大字名":"野本町","丁目名":null,"小字名":null,"地番":"181-10","精度区分":null,"座標系":"任意座標系"}},{"type":"Polygon","arcs":[[-3746,-3778,-3766,3778]],"properties":{"市区町村名":"留萌市","大字名":"野本町","丁目名":null,"小字名":null,"地番":"181-11","精度区分":null,"座標系":"任意座標系"}},{"type":"Polygon","arcs":[[-3740,-3779,-3751,-3747]],"properties":{"市区町村名":"留萌市","大字名":"野本町","丁目名":null,"小字名":null,"地番":"180-4","精度区分":null,"座標系":"任意座標系"}},{"type":"Polygon","arcs":[[-3753,3779,3780,-3531]],"properties":{"市区町村名":"留萌市","大字名":"野本町","丁目名":null,"小字名":null,"地番":"180-2","精度区分":null,"座標系":"任意座標系"}},{"type":"Polygon","arcs":[[-3532,-3781,3781,-3545,-3535]],"properties":{"市区町村名":"留萌市","大字名":"野本町","丁目名":null,"小字名":null,"地番":"178","精度区分":null,"座標系":"任意座標系"}},{"type":"Polygon","arcs":[[3782,3783,3784,3785,-3767]],"properties":{"市区町村名":"留萌市","大字名":"野本町","丁目名":null,"小字名":null,"地番":"176","精度区分":null,"座標系":"任意座標系"}},{"type":"Polygon","arcs":[[3786,-3783,-3775,-3782]],"properties":{"市区町村名":"留萌市","大字名":"野本町","丁目名":null,"小字名":null,"地番":"177","精度区分":null,"座標系":"任意座標系"}},{"type":"Polygon","arcs":[[3787,-3764,3788,3789,-3785]],"properties":{"市区町村名":"留萌市","大字名":"野本町","丁目名":null,"小字名":null,"地番":"181-5","精度区分":null,"座標系":"任意座標系"}},{"type":"Polygon","arcs":[[-3765,-3788,-3784,-3787,-3780]],"properties":{"市区町村名":"留萌市","大字名":"野本町","丁目名":null,"小字名":null,"地番":"181-6","精度区分":null,"座標系":"任意座標系"}},{"type":"Polygon","arcs":[[-3789,-3763,3790,3791,3792]],"properties":{"市区町村名":"留萌市","大字名":"野本町","丁目名":null,"小字名":null,"地番":"181-4","精度区分":null,"座標系":"任意座標系"}},{"type":"Polygon","arcs":[[-3791,-3762,-3758,3793,3794]],"properties":{"市区町村名":"留萌市","大字名":"野本町","丁目名":null,"小字名":null,"地番":"181-3","精度区分":null,"座標系":"任意座標系"}},{"type":"Polygon","arcs":[[-3507,-3761,-3539]],"properties":{"市区町村名":"留萌市","大字名":"野本町","丁目名":null,"小字名":null,"地番":"181-7","精度区分":null,"座標系":"任意座標系"}},{"type":"Polygon","arcs":[[-3756,3795,-3554,3796]],"properties":{"市区町村名":"留萌市","大字名":"野本町","丁目名":null,"小字名":null,"地番":"172-2","精度区分":null,"座標系":"任意座標系"}},{"type":"Polygon","arcs":[[-3755,-3504,-3498,-3555,-3796]],"properties":{"市区町村名":"留萌市","大字名":"野本町","丁目名":null,"小字名":null,"地番":"172-1","精度区分":null,"座標系":"任意座標系"}},{"type":"Polygon","arcs":[[3797,3798,3799,-3569,3800]],"properties":{"市区町村名":"留萌市","大字名":"野本町","丁目名":null,"小字名":null,"地番":"160","精度区分":null,"座標系":"任意座標系"}},{"type":"Polygon","arcs":[[3801,3802,-3570,-3800]],"properties":{"市区町村名":"留萌市","大字名":"野本町","丁目名":null,"小字名":null,"地番":"161-1","精度区分":null,"座標系":"任意座標系"}},{"type":"Polygon","arcs":[[-3792,-3795,3803,-3769,3804]],"properties":{"市区町村名":"留萌市","大字名":"野本町","丁目名":null,"小字名":null,"地番":"173","精度区分":null,"座標系":"任意座標系"}},{"type":"Polygon","arcs":[[-3794,-3757,-3797,-3770,-3804]],"properties":{"市区町村名":"留萌市","大字名":"野本町","丁目名":null,"小字名":null,"地番":"174","精度区分":null,"座標系":"任意座標系"}},{"type":"Polygon","arcs":[[-3790,-3793,-3805,-3768,-3786]],"properties":{"市区町村名":"留萌市","大字名":"野本町","丁目名":null,"小字名":null,"地番":"175","精度区分":null,"座標系":"任意座標系"}},{"type":"Polygon","arcs":[[-3547,-3774,3805,3806,3807,3808,3809,-3558]],"properties":{"市区町村名":"留萌市","大字名":"野本町","丁目名":null,"小字名":null,"地番":"166-1","精度区分":null,"座標系":"任意座標系"}},{"type":"Polygon","arcs":[[-3773,3810,3811,3812,-3806]],"properties":{"市区町村名":"留萌市","大字名":"野本町","丁目名":null,"小字名":null,"地番":"165-1","精度区分":null,"座標系":"任意座標系"}},{"type":"Polygon","arcs":[[-3811,-3772,3813,-3798,3814]],"properties":{"市区町村名":"留萌市","大字名":"野本町","丁目名":null,"小字名":null,"地番":"165-2","精度区分":null,"座標系":"任意座標系"}},{"type":"Polygon","arcs":[[-3814,-3771,3815,-3799]],"properties":{"市区町村名":"留萌市","大字名":"野本町","丁目名":null,"小字名":null,"地番":"164","精度区分":null,"座標系":"任意座標系"}},{"type":"Polygon","arcs":[[3816,-3812,-3815,-3801,-3568]],"properties":{"市区町村名":"留萌市","大字名":"野本町","丁目名":null,"小字名":null,"地番":"159","精度区分":null,"座標系":"任意座標系"}},{"type":"Polygon","arcs":[[-3807,-3813,-3817,-3567,3817]],"properties":{"市区町村名":"留萌市","大字名":"野本町","丁目名":null,"小字名":null,"地番":"158","精度区分":null,"座標系":"任意座標系"}},{"type":"Polygon","arcs":[[3818,-3808,-3818,-3566]],"properties":{"市区町村名":"留萌市","大字名":"野本町","丁目名":null,"小字名":null,"地番":"157","精度区分":null,"座標系":"任意座標系"}},{"type":"Polygon","arcs":[[-3809,-3819,-3565,3819]],"properties":{"市区町村名":"留萌市","大字名":"野本町","丁目名":null,"小字名":null,"地番":"156","精度区分":null,"座標系":"任意座標系"}},{"type":"Polygon","arcs":[[-3559,-3810,-3820,-3587,-3562]],"properties":{"市区町村名":"留萌市","大字名":"野本町","丁目名":null,"小字名":null,"地番":"155","精度区分":null,"座標系":"任意座標系"}},{"type":"Polygon","arcs":[[-3556,-3553,3820,-3802,-3816]],"properties":{"市区町村名":"留萌市","大字名":"野本町","丁目名":null,"小字名":null,"地番":"163-2","精度区分":null,"座標系":"任意座標系"}},{"type":"Polygon","arcs":[[-3821,-3552,-3586,-3571,-3803]],"properties":{"市区町村名":"留萌市","大字名":"野本町","丁目名":null,"小字名":null,"地番":"161-2","精度区分":null,"座標系":"任意座標系"}},{"type":"Polygon","arcs":[[3821,3822,-3606,3823]],"properties":{"市区町村名":"留萌市","大字名":"野本町","丁目名":null,"小字名":null,"地番":"136-2","精度区分":null,"座標系":"任意座標系"}},{"type":"Polygon","arcs":[[-3582,3824,-3822,3825]],"properties":{"市区町村名":"留萌市","大字名":"野本町","丁目名":null,"小字名":null,"地番":"136-1","精度区分":null,"座標系":"任意座標系"}},{"type":"Polygon","arcs":[[-3825,-3581,3826,3827,-3607,-3823]],"properties":{"市区町村名":"留萌市","大字名":"野本町","丁目名":null,"小字名":null,"地番":"137","精度区分":null,"座標系":"任意座標系"}},{"type":"Polygon","arcs":[[3828,3829,-3824,-3605]],"properties":{"市区町村名":"留萌市","大字名":"野本町","丁目名":null,"小字名":null,"地番":"135","精度区分":null,"座標系":"任意座標系"}},{"type":"Polygon","arcs":[[3830,3831,-3829,-3622,-3595]],"properties":{"市区町村名":"留萌市","大字名":"野本町","丁目名":null,"小字名":null,"地番":"134","精度区分":null,"座標系":"任意座標系"}},{"type":"Polygon","arcs":[[3832,-3583,-3826,-3830,-3832]],"properties":{"市区町村名":"留萌市","大字名":"野本町","丁目名":null,"小字名":null,"地番":"133-1","精度区分":null,"座標系":"任意座標系"}},{"type":"Polygon","arcs":[[-3584,-3833,-3831,3833]],"properties":{"市区町村名":"留萌市","大字名":"野本町","丁目名":null,"小字名":null,"地番":"133-2","精度区分":null,"座標系":"任意座標系"}},{"type":"Polygon","arcs":[[-3591,-3588,-3834,-3594]],"properties":{"市区町村名":"留萌市","大字名":"野本町","丁目名":null,"小字名":null,"地番":"131","精度区分":null,"座標系":"任意座標系"}},{"type":"Polygon","arcs":[[-3827,-3580,3834,3835]],"properties":{"市区町村名":"留萌市","大字名":"野本町","丁目名":null,"小字名":null,"地番":"139","精度区分":null,"座標系":"任意座標系"}},{"type":"Polygon","arcs":[[3836,3837,3838,-3611,3839]],"properties":{"市区町村名":"留萌市","大字名":"野本町","丁目名":null,"小字名":null,"地番":"148","精度区分":null,"座標系":"任意座標系"}},{"type":"Polygon","arcs":[[3840,3841,-3612,-3839,3842]],"properties":{"市区町村名":"留萌市","大字名":"野本町","丁目名":null,"小字名":null,"地番":"151-1","精度区分":null,"座標系":"任意座標系"}},{"type":"Polygon","arcs":[[3843,-3843,-3838,3844,3845,3846]],"properties":{"市区町村名":"留萌市","大字名":"野本町","丁目名":null,"小字名":null,"地番":"149","精度区分":null,"座標系":"任意座標系"}},{"type":"Polygon","arcs":[[3847,-3574,3848,-3847]],"properties":{"市区町村名":"留萌市","大字名":"野本町","丁目名":null,"小字名":null,"地番":"150","精度区分":null,"座標系":"任意座標系"}},{"type":"Polygon","arcs":[[3849,-3575,-3848,-3846,3850]],"properties":{"市区町村名":"留萌市","大字名":"野本町","丁目名":null,"小字名":null,"地番":"146","精度区分":null,"座標系":"任意座標系"}},{"type":"Polygon","arcs":[[3851,-3451,-3613,-3842]],"properties":{"市区町村名":"留萌市","大字名":"野本町","丁目名":null,"小字名":null,"地番":"151-3","精度区分":null,"座標系":"任意座標系"}},{"type":"Polygon","arcs":[[-3573,-3452,-3852,-3841,-3844,-3849]],"properties":{"市区町村名":"留萌市","大字名":"野本町","丁目名":null,"小字名":null,"地番":"151-2","精度区分":null,"座標系":"任意座標系"}},{"type":"Polygon","arcs":[[-3845,-3837,3852,-3851]],"properties":{"市区町村名":"留萌市","大字名":"野本町","丁目名":null,"小字名":null,"地番":"147","精度区分":null,"座標系":"任意座標系"}},{"type":"Polygon","arcs":[[3853,-3853,-3840,-3610,3854]],"properties":{"市区町村名":"留萌市","大字名":"野本町","丁目名":null,"小字名":null,"地番":"144","精度区分":null,"座標系":"任意座標系"}},{"type":"Polygon","arcs":[[-3576,-3850,-3854,3855]],"properties":{"市区町村名":"留萌市","大字名":"野本町","丁目名":null,"小字名":null,"地番":"145","精度区分":null,"座標系":"任意座標系"}},{"type":"Polygon","arcs":[[3856,3857,-3608,-3828,-3836]],"properties":{"市区町村名":"留萌市","大字名":"野本町","丁目名":null,"小字名":null,"地番":"138","精度区分":null,"座標系":"任意座標系"}},{"type":"Polygon","arcs":[[3858,3859,3860,-3855,-3609,-3858]],"properties":{"市区町村名":"留萌市","大字名":"野本町","丁目名":null,"小字名":null,"地番":"143","精度区分":null,"座標系":"任意座標系"}},{"type":"Polygon","arcs":[[-3835,-3579,3861,-3859,-3857]],"properties":{"市区町村名":"留萌市","大字名":"野本町","丁目名":null,"小字名":null,"地番":"140","精度区分":null,"座標系":"任意座標系"}},{"type":"Polygon","arcs":[[-3578,3862,-3860,-3862]],"properties":{"市区町村名":"留萌市","大字名":"野本町","丁目名":null,"小字名":null,"地番":"141","精度区分":null,"座標系":"任意座標系"}},{"type":"Polygon","arcs":[[-3863,-3577,-3856,-3861]],"properties":{"市区町村名":"留萌市","大字名":"野本町","丁目名":null,"小字名":null,"地番":"142","精度区分":null,"座標系":"任意座標系"}},{"type":"Polygon","arcs":[[3863,-3602,-3439,-3511,3864]],"properties":{"市区町村名":"留萌市","大字名":"野本町","丁目名":null,"小字名":null,"地番":"54","精度区分":null,"座標系":"任意座標系"}},{"type":"Polygon","arcs":[[3865,-3614,-3604,3866,3867,3868]],"properties":{"市区町村名":"留萌市","大字名":"野本町","丁目名":null,"小字名":null,"地番":"56-1","精度区分":null,"座標系":"任意座標系"}},{"type":"Polygon","arcs":[[-3615,-3866,3869,3870,3871]],"properties":{"市区町村名":"留萌市","大字名":"野本町","丁目名":null,"小字名":null,"地番":"127-3","精度区分":null,"座標系":"任意座標系"}},{"type":"Polygon","arcs":[[3872,-3648,3873,3874,-3871]],"properties":{"市区町村名":"留萌市","大字名":"野本町","丁目名":null,"小字名":null,"地番":"127-2","精度区分":null,"座標系":"任意座標系"}},{"type":"Polygon","arcs":[[-3870,3875,3876,-3649,-3873]],"properties":{"市区町村名":"留萌市","大字名":"野本町","丁目名":null,"小字名":null,"地番":"127-1","精度区分":null,"座標系":"任意座標系"}},{"type":"Polygon","arcs":[[-3876,-3869,3877,3878]],"properties":{"市区町村名":"留萌市","大字名":"野本町","丁目名":null,"小字名":null,"地番":"56-4","精度区分":null,"座標系":"任意座標系"}},{"type":"Polygon","arcs":[[-3868,3879,3880,-3878]],"properties":{"市区町村名":"留萌市","大字名":"野本町","丁目名":null,"小字名":null,"地番":"56-3","精度区分":null,"座標系":"任意座標系"}},{"type":"Polygon","arcs":[[-3867,-3603,-3864,3881,-3880]],"properties":{"市区町村名":"留萌市","大字名":"野本町","丁目名":null,"小字名":null,"地番":"56-2","精度区分":null,"座標系":"任意座標系"}},{"type":"Polygon","arcs":[[-3660,3882,3883,-3670,3884]],"properties":{"市区町村名":"留萌市","大字名":"野本町","丁目名":null,"小字名":null,"地番":"59-3","精度区分":null,"座標系":"任意座標系"}},{"type":"Polygon","arcs":[[3885,-3655,3886,3887,3888]],"properties":{"市区町村名":"留萌市","大字名":"野本町","丁目名":null,"小字名":null,"地番":"67-2","精度区分":null,"座標系":"任意座標系"}},{"type":"Polygon","arcs":[[3889,3890,3891,-3887]],"properties":{"市区町村名":"留萌市","大字名":"野本町","丁目名":null,"小字名":null,"地番":"61","精度区分":null,"座標系":"任意座標系"}},{"type":"Polygon","arcs":[[3892,3893,-3890,-3654]],"properties":{"市区町村名":"留萌市","大字名":"野本町","丁目名":null,"小字名":null,"地番":"60","精度区分":null,"座標系":"任意座標系"}},{"type":"Polygon","arcs":[[-3515,3894,-3653]],"properties":{"市区町村名":"留萌市","大字名":"野本町","丁目名":null,"小字名":null,"地番":"51","精度区分":null,"座標系":"任意座標系"}},{"type":"Polygon","arcs":[[-3518,3895,-3893,-3895]],"properties":{"市区町村名":"留萌市","大字名":"野本町","丁目名":null,"小字名":null,"地番":"50","精度区分":null,"座標系":"任意座標系"}},{"type":"Polygon","arcs":[[3896,3897,3898,-3520]],"properties":{"市区町村名":"留萌市","大字名":"野本町","丁目名":null,"小字名":null,"地番":"64","精度区分":null,"座標系":"任意座標系"}},{"type":"Polygon","arcs":[[3899,3900,3901,-3899]],"properties":{"市区町村名":"留萌市","大字名":"野本町","丁目名":null,"小字名":null,"地番":"65","精度区分":null,"座標系":"任意座標系"}},{"type":"Polygon","arcs":[[-3902,3902,-3521]],"properties":{"市区町村名":"留萌市","大字名":"野本町","丁目名":null,"小字名":null,"地番":"66","精度区分":null,"座標系":"任意座標系"}},{"type":"Polygon","arcs":[[3903,-3661,-3885,-3669]],"properties":{"市区町村名":"留萌市","大字名":"野本町","丁目名":null,"小字名":null,"地番":"59-4","精度区分":null,"座標系":"任意座標系"}},{"type":"Polygon","arcs":[[-3884,3904,-3671]],"properties":{"市区町村名":"留萌市","大字名":"野本町","丁目名":null,"小字名":null,"地番":"59-5","精度区分":null,"座標系":"任意座標系"}},{"type":"Polygon","arcs":[[-3883,-3659,3905,-3672,-3905]],"properties":{"市区町村名":"留萌市","大字名":"野本町","丁目名":null,"小字名":null,"地番":"59-6","精度区分":null,"座標系":"任意座標系"}},{"type":"Polygon","arcs":[[-3906,-3658,3906,-3673]],"properties":{"市区町村名":"留萌市","大字名":"野本町","丁目名":null,"小字名":null,"地番":"59-7","精度区分":null,"座標系":"任意座標系"}},{"type":"Polygon","arcs":[[-3657,3907,3908,-3674,-3907]],"properties":{"市区町村名":"留萌市","大字名":"野本町","丁目名":null,"小字名":null,"地番":"59-1","精度区分":null,"座標系":"任意座標系"}},{"type":"Polygon","arcs":[[-3908,-3656,-3886]],"properties":{"市区町村名":"留萌市","大字名":"野本町","丁目名":null,"小字名":null,"地番":"59-2","精度区分":null,"座標系":"任意座標系"}},{"type":"Polygon","arcs":[[-3909,-3889,3909,3910,-3675]],"properties":{"市区町村名":"留萌市","大字名":"野本町","丁目名":null,"小字名":null,"地番":"67-1","精度区分":null,"座標系":"任意座標系"}},{"type":"Polygon","arcs":[[-3911,3911,-3676]],"properties":{"市区町村名":"留萌市","大字名":"野本町","丁目名":null,"小字名":null,"地番":"67-5","精度区分":null,"座標系":"任意座標系"}},{"type":"Polygon","arcs":[[3912,-3897,-3519,-3677,-3912]],"properties":{"市区町村名":"留萌市","大字名":"野本町","丁目名":null,"小字名":null,"地番":"67-4","精度区分":null,"座標系":"任意座標系"}},{"type":"Polygon","arcs":[[-3621,3913,3914,3915,3916]],"properties":{"市区町村名":"留萌市","大字名":"野本町","丁目名":null,"小字名":null,"地番":"119-2","精度区分":null,"座標系":"任意座標系"}},{"type":"Polygon","arcs":[[3917,-3628,3918,3919,-3915]],"properties":{"市区町村名":"留萌市","大字名":"野本町","丁目名":null,"小字名":null,"地番":"118-2","精度区分":null,"座標系":"任意座標系"}},{"type":"Polygon","arcs":[[3920,3921,-3629,-3918]],"properties":{"市区町村名":"留萌市","大字名":"野本町","丁目名":null,"小字名":null,"地番":"118-1","精度区分":null,"座標系":"任意座標系"}},{"type":"Polygon","arcs":[[3922,-3619,3923,3924]],"properties":{"市区町村名":"留萌市","大字名":"野本町","丁目名":null,"小字名":null,"地番":"119-1","精度区分":null,"座標系":"任意座標系"}},{"type":"Polygon","arcs":[[-3620,-3923,-3921,-3914]],"properties":{"市区町村名":"留萌市","大字名":"野本町","丁目名":null,"小字名":null,"地番":"119-3","精度区分":null,"座標系":"任意座標系"}},{"type":"Polygon","arcs":[[-3922,-3925,3925,-3630]],"properties":{"市区町村名":"留萌市","大字名":"野本町","丁目名":null,"小字名":null,"地番":"120","精度区分":null,"座標系":"任意座標系"}},{"type":"Polygon","arcs":[[3926,3927,-3631,-3926]],"properties":{"市区町村名":"留萌市","大字名":"野本町","丁目名":null,"小字名":null,"地番":"121","精度区分":null,"座標系":"任意座標系"}},{"type":"Polygon","arcs":[[3928,-3617,3929,3930]],"properties":{"市区町村名":"留萌市","大字名":"野本町","丁目名":null,"小字名":null,"地番":"123","精度区分":null,"座標系":"任意座標系"}},{"type":"Polygon","arcs":[[-3618,-3929,-3927,-3924]],"properties":{"市区町村名":"留萌市","大字名":"野本町","丁目名":null,"小字名":null,"地番":"122","精度区分":null,"座標系":"任意座標系"}},{"type":"Polygon","arcs":[[-3930,-3616,-3872,-3875,3931]],"properties":{"市区町村名":"留萌市","大字名":"野本町","丁目名":null,"小字名":null,"地番":"126","精度区分":null,"座標系":"任意座標系"}},{"type":"Polygon","arcs":[[3932,-3636,-3647,-3668]],"properties":{"市区町村名":"留萌市","大字名":"野本町","丁目名":null,"小字名":null,"地番":"112","精度区分":null,"座標系":"任意座標系"}},{"type":"Polygon","arcs":[[-3637,-3933,-3667,3933]],"properties":{"市区町村名":"留萌市","大字名":"野本町","丁目名":null,"小字名":null,"地番":"111","精度区分":null,"座標系":"任意座標系"}},{"type":"Polygon","arcs":[[-3638,-3934,-3666,3934]],"properties":{"市区町村名":"留萌市","大字名":"野本町","丁目名":null,"小字名":null,"地番":"110","精度区分":null,"座標系":"任意座標系"}},{"type":"Polygon","arcs":[[3935,-3639,-3935,-3665]],"properties":{"市区町村名":"留萌市","大字名":"野本町","丁目名":null,"小字名":null,"地番":"109","精度区分":null,"座標系":"任意座標系"}},{"type":"Polygon","arcs":[[-3640,-3936,-3664,3936]],"properties":{"市区町村名":"留萌市","大字名":"野本町","丁目名":null,"小字名":null,"地番":"108","精度区分":null,"座標系":"任意座標系"}},{"type":"Polygon","arcs":[[-3641,-3937,-3663,3937]],"properties":{"市区町村名":"留萌市","大字名":"野本町","丁目名":null,"小字名":null,"地番":"107","精度区分":null,"座標系":"任意座標系"}},{"type":"Polygon","arcs":[[3938,-3642,-3938,-3662]],"properties":{"市区町村名":"留萌市","大字名":"野本町","丁目名":null,"小字名":null,"地番":"106","精度区分":null,"座標系":"任意座標系"}},{"type":"Polygon","arcs":[[-3643,-3939,-3710,-3718]],"properties":{"市区町村名":"留萌市","大字名":"野本町","丁目名":null,"小字名":null,"地番":"105","精度区分":null,"座標系":"任意座標系"}},{"type":"Polygon","arcs":[[3939,3940,-3916,-3920,3941]],"properties":{"市区町村名":"留萌市","大字名":"野本町","丁目名":null,"小字名":null,"地番":"117-1","精度区分":null,"座標系":"任意座標系"}},{"type":"Polygon","arcs":[[3942,-3626,3943,3944,3945,3946]],"properties":{"市区町村名":"留萌市","大字名":"野本町","丁目名":null,"小字名":null,"地番":"116-2","精度区分":null,"座標系":"任意座標系"}},{"type":"Polygon","arcs":[[-3919,-3644,-3627,-3943,-3942]],"properties":{"市区町村名":"留萌市","大字名":"野本町","丁目名":null,"小字名":null,"地番":"116-1","精度区分":null,"座標系":"任意座標系"}},{"type":"Polygon","arcs":[[3947,-3707,3948,-3693]],"properties":{"市区町村名":"留萌市","大字名":"野本町","丁目名":null,"小字名":null,"地番":"94","精度区分":null,"座標系":"任意座標系"}},{"type":"Polygon","arcs":[[-3708,-3948,-3692,-3725]],"properties":{"市区町村名":"留萌市","大字名":"野本町","丁目名":null,"小字名":null,"地番":"93","精度区分":null,"座標系":"任意座標系"}},{"type":"Polygon","arcs":[[-3949,-3706,3949,-3694]],"properties":{"市区町村名":"留萌市","大字名":"野本町","丁目名":null,"小字名":null,"地番":"95","精度区分":null,"座標系":"任意座標系"}},{"type":"Polygon","arcs":[[-3950,-3705,3950,-3695]],"properties":{"市区町村名":"留萌市","大字名":"野本町","丁目名":null,"小字名":null,"地番":"96","精度区分":null,"座標系":"任意座標系"}},{"type":"Polygon","arcs":[[-3704,3951,-3696,-3951]],"properties":{"市区町村名":"留萌市","大字名":"野本町","丁目名":null,"小字名":null,"地番":"97","精度区分":null,"座標系":"任意座標系"}},{"type":"Polygon","arcs":[[-3952,-3703,3952,-3697]],"properties":{"市区町村名":"留萌市","大字名":"野本町","丁目名":null,"小字名":null,"地番":"98","精度区分":null,"座標系":"任意座標系"}},{"type":"Polygon","arcs":[[-3702,3953,-3698,-3953]],"properties":{"市区町村名":"留萌市","大字名":"野本町","丁目名":null,"小字名":null,"地番":"99","精度区分":null,"座標系":"任意座標系"}},{"type":"Polygon","arcs":[[-3954,-3701,-3728,-3699]],"properties":{"市区町村名":"留萌市","大字名":"野本町","丁目名":null,"小字名":null,"地番":"100","精度区分":null,"座標系":"任意座標系"}},{"type":"Polygon","arcs":[[3954,3955,3956,-3732]],"properties":{"市区町村名":"留萌市","大字名":"野本町","丁目名":null,"小字名":null,"地番":"80","精度区分":null,"座標系":"任意座標系"}},{"type":"Polygon","arcs":[[3957,-3689,3958,3959]],"properties":{"市区町村名":"留萌市","大字名":"野本町","丁目名":null,"小字名":null,"地番":"88","精度区分":null,"座標系":"任意座標系"}},{"type":"Polygon","arcs":[[-3690,-3958,3960,-3731]],"properties":{"市区町村名":"留萌市","大字名":"野本町","丁目名":null,"小字名":null,"地番":"89","精度区分":null,"座標系":"任意座標系"}},{"type":"Polygon","arcs":[[-3959,-3688,3961,3962]],"properties":{"市区町村名":"留萌市","大字名":"野本町","丁目名":null,"小字名":null,"地番":"87","精度区分":null,"座標系":"任意座標系"}},{"type":"Polygon","arcs":[[-3962,-3687,3963,3964]],"properties":{"市区町村名":"留萌市","大字名":"野本町","丁目名":null,"小字名":null,"地番":"86","精度区分":null,"座標系":"任意座標系"}},{"type":"Polygon","arcs":[[-3686,3965,3966,3967,-3964]],"properties":{"市区町村名":"留萌市","大字名":"野本町","丁目名":null,"小字名":null,"地番":"85","精度区分":null,"座標系":"任意座標系"}},{"type":"Polygon","arcs":[[-3685,3968,3969,-3966]],"properties":{"市区町村名":"留萌市","大字名":"野本町","丁目名":null,"小字名":null,"地番":"84","精度区分":null,"座標系":"任意座標系"}},{"type":"Polygon","arcs":[[-3969,-3684,-3735,3970]],"properties":{"市区町村名":"留萌市","大字名":"野本町","丁目名":null,"小字名":null,"地番":"83","精度区分":null,"座標系":"任意座標系"}},{"type":"Polygon","arcs":[[3971,3972,3973,3974,3975]],"properties":{"市区町村名":"留萌市","大字名":"野本町","丁目名":null,"小字名":null,"地番":"73","精度区分":null,"座標系":"任意座標系"}},{"type":"Polygon","arcs":[[3976,3977,3978,3979,3980,3981,-3973]],"properties":{"市区町村名":"留萌市","大字名":"野本町","丁目名":null,"小字名":null,"地番":"71-1","精度区分":null,"座標系":"任意座標系"}},{"type":"Polygon","arcs":[[-3970,-3971,-3734,-3682,3982,3983,-3977,-3972,3984,-3967]],"properties":{"市区町村名":"留萌市","大字名":"野本町","丁目名":null,"小字名":null,"地番":"72","精度区分":null,"座標系":"任意座標系"}},{"type":"Polygon","arcs":[[3985,-3738,3986,-3981]],"properties":{"市区町村名":"留萌市","大字名":"野本町","丁目名":null,"小字名":null,"地番":"69-1","精度区分":null,"座標系":"任意座標系"}},{"type":"Polygon","arcs":[[3987,3988,-3980]],"properties":{"市区町村名":"留萌市","大字名":"野本町","丁目名":null,"小字名":null,"地番":"71-2","精度区分":null,"座標系":"任意座標系"}},{"type":"Polygon","arcs":[[-3984,3989,-3978]],"properties":{"市区町村名":"留萌市","大字名":"野本町","丁目名":null,"小字名":null,"地番":"70-3","精度区分":null,"座標系":"任意座標系"}},{"type":"Polygon","arcs":[[3990,-3680,-3736,3991]],"properties":{"市区町村名":"留萌市","大字名":"野本町","丁目名":null,"小字名":null,"地番":"70-4","精度区分":null,"座標系":"任意座標系"}},{"type":"Polygon","arcs":[[-3961,-3960,-3963,-3965,-3968,-3985,-3976,3992,3993,-3724,3994,-3955]],"properties":{"市区町村名":"留萌市","大字名":"野本町","丁目名":null,"小字名":null,"地番":"77","精度区分":null,"座標系":"任意座標系"}},{"type":"Polygon","arcs":[[-3975,3995,3996,-3993]],"properties":{"市区町村名":"留萌市","大字名":"野本町","丁目名":null,"小字名":null,"地番":"74","精度区分":null,"座標系":"任意座標系"}},{"type":"Polygon","arcs":[[-3994,-3997,3997,-3720]],"properties":{"市区町村名":"留萌市","大字名":"野本町","丁目名":null,"小字名":null,"地番":"75","精度区分":null,"座標系":"任意座標系"}},{"type":"Polygon","arcs":[[-3995,-3723,3998,3999,-3956]],"properties":{"市区町村名":"留萌市","大字名":"野本町","丁目名":null,"小字名":null,"地番":"79","精度区分":null,"座標系":"任意座標系"}},{"type":"Polygon","arcs":[[4000,-3932,-3874,-3633]],"properties":{"市区町村名":"留萌市","大字名":"野本町","丁目名":null,"小字名":null,"地番":"125","精度区分":null,"座標系":"任意座標系"}},{"type":"Polygon","arcs":[[-3928,-3931,-4001,-3632]],"properties":{"市区町村名":"留萌市","大字名":"野本町","丁目名":null,"小字名":null,"地番":"124","精度区分":null,"座標系":"任意座標系"}},{"type":"Polygon","arcs":[[4001,-3513,-3904,-3651]],"properties":{"市区町村名":"留萌市","大字名":"野本町","丁目名":null,"小字名":null,"地番":"58","精度区分":null,"座標系":"任意座標系"}},{"type":"Polygon","arcs":[[-3877,-3879,-3881,-3882,-3865,-4002,-3650]],"properties":{"市区町村名":"留萌市","大字名":"野本町","丁目名":null,"小字名":null,"地番":"57","精度区分":null,"座標系":"任意座標系"}},{"type":"Polygon","arcs":[[4002]],"properties":{"市区町村名":"留萌市","大字名":"大字留萌村","丁目名":null,"小字名":null,"地番":"212-66","精度区分":null,"座標系":"任意座標系"}},{"type":"Polygon","arcs":[[4003,4004,-2433,4005]],"properties":{"市区町村名":"留萌市","大字名":"元川町","丁目名":"２丁目","小字名":null,"地番":"162-2","精度区分":null,"座標系":"任意座標系"}},{"type":"Polygon","arcs":[[4006,4007,4008,-2406,4009,-2418,-2421,4010]],"properties":{"市区町村名":"留萌市","大字名":"元川町","丁目名":"２丁目","小字名":null,"地番":"158-13","精度区分":null,"座標系":"任意座標系"}},{"type":"Polygon","arcs":[[-2414,-2419,-4010,-2405,-2411]],"properties":{"市区町村名":"留萌市","大字名":"元川町","丁目名":"２丁目","小字名":null,"地番":"158-14","精度区分":null,"座標系":"任意座標系"}},{"type":"Polygon","arcs":[[-2420,-105,-2423,4011,-4011]],"properties":{"市区町村名":"留萌市","大字名":"元川町","丁目名":"２丁目","小字名":null,"地番":"178","精度区分":null,"座標系":"任意座標系"}},{"type":"Polygon","arcs":[[4012,4013,4014,-4008]],"properties":{"市区町村名":"留萌市","大字名":"元川町","丁目名":"２丁目","小字名":null,"地番":"158-1W1","精度区分":null,"座標系":"任意座標系"}},{"type":"Polygon","arcs":[[4015,-13,4016,4017]],"properties":{"市区町村名":"留萌市","大字名":"元川町","丁目名":"２丁目","小字名":null,"地番":"160-2","精度区分":null,"座標系":"任意座標系"}},{"type":"Polygon","arcs":[[-2441,-4009,-4015,4018,-4016,4019,-4006]],"properties":{"市区町村名":"留萌市","大字名":"元川町","丁目名":"２丁目","小字名":null,"地番":"158-12W1","精度区分":null,"座標系":"任意座標系"}},{"type":"Polygon","arcs":[[-4004,-4020,-4018,4020]],"properties":{"市区町村名":"留萌市","大字名":"元川町","丁目名":"２丁目","小字名":null,"地番":"161-2","精度区分":null,"座標系":"任意座標系"}},{"type":"Polygon","arcs":[[4021,4022,4023,4024,4025,4026,-11]],"properties":{"市区町村名":"留萌市","大字名":"元川町","丁目名":"２丁目","小字名":null,"地番":"158-7","精度区分":null,"座標系":"任意座標系"}},{"type":"Polygon","arcs":[[4027,4028,-4014]],"properties":{"市区町村名":"留萌市","大字名":"元川町","丁目名":"２丁目","小字名":null,"地番":"158-1W2","精度区分":null,"座標系":"任意座標系"}},{"type":"Polygon","arcs":[[4029,-4024]],"properties":{"市区町村名":"留萌市","大字名":"元川町","丁目名":"２丁目","小字名":null,"地番":"158-10","精度区分":null,"座標系":"任意座標系"}},{"type":"Polygon","arcs":[[4030,4031,4032,-4026]],"properties":{"市区町村名":"留萌市","大字名":"元川町","丁目名":"２丁目","小字名":null,"地番":"158-9","精度区分":null,"座標系":"任意座標系"}},{"type":"Polygon","arcs":[[4033,4034,4035,-4032]],"properties":{"市区町村名":"留萌市","大字名":"元川町","丁目名":"１丁目","小字名":null,"地番":"36-2","精度区分":null,"座標系":"任意座標系"}},{"type":"Polygon","arcs":[[4036,4037,4038,4039]],"properties":{"市区町村名":"留萌市","大字名":"大字留萌村","丁目名":null,"小字名":"字留萌原野四線","地番":"14-20","精度区分":null,"座標系":"任意座標系"}},{"type":"Polygon","arcs":[[-4019,-4029,4040,-4022,-14]],"properties":{"市区町村名":"留萌市","大字名":"元川町","丁目名":"２丁目","小字名":null,"地番":"158-12W2","精度区分":null,"座標系":"任意座標系"}},{"type":"Polygon","arcs":[[4041,-4040,4042,4043]],"properties":{"市区町村名":"留萌市","大字名":"大字留萌村","丁目名":null,"小字名":"字留萌原野四線","地番":"14-18","精度区分":null,"座標系":"任意座標系"}},{"type":"Polygon","arcs":[[4044,4045,4046,-4035]],"properties":{"市区町村名":"留萌市","大字名":"大字留萌村","丁目名":null,"小字名":"字留萌原野四線","地番":"14-17","精度区分":null,"座標系":"任意座標系"}},{"type":"Polygon","arcs":[[4047,-4044,4048,-4046]],"properties":{"市区町村名":"留萌市","大字名":"大字留萌村","丁目名":null,"小字名":"字留萌原野四線","地番":"14-19","精度区分":null,"座標系":"任意座標系"}},{"type":"Polygon","arcs":[[4049,4050,4051,4052]],"properties":{"市区町村名":"留萌市","大字名":"大字留萌村","丁目名":null,"小字名":"字留萌原野四線","地番":"13-19","精度区分":null,"座標系":"任意座標系"}},{"type":"Polygon","arcs":[[4053,4054,4055]],"properties":{"市区町村名":"留萌市","大字名":"大字留萌村","丁目名":null,"小字名":"字留萌原野四線","地番":"13-6","精度区分":null,"座標系":"任意座標系"}},{"type":"Polygon","arcs":[[4056,4057,4058,4059,4060,4061,4062,4063,4064,4065,-4052,4066,-4056]],"properties":{"市区町村名":"留萌市","大字名":"大字留萌村","丁目名":null,"小字名":"字留萌原野四線","地番":"13-5","精度区分":null,"座標系":"任意座標系"}},{"type":"Polygon","arcs":[[-4038,4067,4068,4069]],"properties":{"市区町村名":"留萌市","大字名":"大字留萌村","丁目名":null,"小字名":"字留萌","地番":"1660-2","精度区分":null,"座標系":"任意座標系"}},{"type":"Polygon","arcs":[[4070,4071,-4058,-4069]],"properties":{"市区町村名":"留萌市","大字名":"大字留萌村","丁目名":null,"小字名":"字留萌原野四線","地番":"13-21","精度区分":null,"座標系":"任意座標系"}},{"type":"Polygon","arcs":[[4072,4073,-4059,-4072]],"properties":{"市区町村名":"留萌市","大字名":"大字留萌村","丁目名":null,"小字名":"字留萌原野四線","地番":"13-24","精度区分":null,"座標系":"任意座標系"}},{"type":"Polygon","arcs":[[4074,4075,-4065,4076]],"properties":{"市区町村名":"留萌市","大字名":"大字留萌村","丁目名":null,"小字名":"字留萌原野四線","地番":"13-22","精度区分":null,"座標系":"任意座標系"}},{"type":"Polygon","arcs":[[4077,4078,4079,-4062]],"properties":{"市区町村名":"留萌市","大字名":"大字留萌村","丁目名":null,"小字名":"字留萌原野四線","地番":"13-23","精度区分":null,"座標系":"任意座標系"}},{"type":"Polygon","arcs":[[4080,4081,-4063,-4080]],"properties":{"市区町村名":"留萌市","大字名":"大字留萌村","丁目名":null,"小字名":"字留萌原野四線","地番":"13-28","精度区分":null,"座標系":"任意座標系"}},{"type":"Polygon","arcs":[[-4074,4082,4083,-4060]],"properties":{"市区町村名":"留萌市","大字名":"大字留萌村","丁目名":null,"小字名":"字留萌原野四線","地番":"13-20","精度区分":null,"座標系":"任意座標系"}},{"type":"Polygon","arcs":[[4084,-4078,-4061,-4084]],"properties":{"市区町村名":"留萌市","大字名":"大字留萌村","丁目名":null,"小字名":"字留萌原野四線","地番":"13-26","精度区分":null,"座標系":"任意座標系"}},{"type":"Polygon","arcs":[[-4076,4085,-4053,-4066]],"properties":{"市区町村名":"留萌市","大字名":"大字留萌村","丁目名":null,"小字名":"字留萌原野四線","地番":"13-27","精度区分":null,"座標系":"任意座標系"}},{"type":"Polygon","arcs":[[-4082,4086,-4077,-4064]],"properties":{"市区町村名":"留萌市","大字名":"大字留萌村","丁目名":null,"小字名":"字留萌原野四線","地番":"13-25","精度区分":null,"座標系":"任意座標系"}},{"type":"Polygon","arcs":[[4087,4088,4089]],"properties":{"市区町村名":"留萌市","大字名":"東雲町","丁目名":"３丁目","小字名":null,"地番":"96-3","精度区分":null,"座標系":"任意座標系"}},{"type":"Polygon","arcs":[[4090,4091,4092,4093]],"properties":{"市区町村名":"留萌市","大字名":"東雲町","丁目名":"３丁目","小字名":null,"地番":"143-2","精度区分":null,"座標系":"任意座標系"}},{"type":"Polygon","arcs":[[4094,4095,4096]],"properties":{"市区町村名":"留萌市","大字名":"東雲町","丁目名":"３丁目","小字名":null,"地番":"123","精度区分":null,"座標系":"任意座標系"}},{"type":"Polygon","arcs":[[4097,4098,4099]],"properties":{"市区町村名":"留萌市","大字名":"東雲町","丁目名":"３丁目","小字名":null,"地番":"2","精度区分":null,"座標系":"任意座標系"}},{"type":"Polygon","arcs":[[4100,4101,4102,4103,4104,4105,4106,4107,4108,4109,4110,4111,4112,4113,4114,4115]],"properties":{"市区町村名":"留萌市","大字名":"東雲町","丁目名":"３丁目","小字名":null,"地番":"46","精度区分":null,"座標系":"任意座標系"}},{"type":"Polygon","arcs":[[4116,4117,4118,4119,4120,-4101,4121,4122,4123,4124]],"properties":{"市区町村名":"留萌市","大字名":"東雲町","丁目名":"３丁目","小字名":null,"地番":"145","精度区分":null,"座標系":"任意座標系"}},{"type":"Polygon","arcs":[[4125,4126,-4103,4127]],"properties":{"市区町村名":"留萌市","大字名":"東雲町","丁目名":"３丁目","小字名":null,"地番":"48","精度区分":null,"座標系":"任意座標系"}},{"type":"Polygon","arcs":[[4128,4129,-4106,4130]],"properties":{"市区町村名":"留萌市","大字名":"東雲町","丁目名":"３丁目","小字名":null,"地番":"55","精度区分":null,"座標系":"任意座標系"}},{"type":"Polygon","arcs":[[-4130,4131,4132,4133,4134,4135,-4107]],"properties":{"市区町村名":"留萌市","大字名":"東雲町","丁目名":"３丁目","小字名":null,"地番":"56","精度区分":null,"座標系":"任意座標系"}},{"type":"Polygon","arcs":[[-4136,4136,-4108]],"properties":{"市区町村名":"留萌市","大字名":"東雲町","丁目名":"３丁目","小字名":null,"地番":"57","精度区分":null,"座標系":"任意座標系"}},{"type":"Polygon","arcs":[[-4110,4137,4138,4139]],"properties":{"市区町村名":"留萌市","大字名":"東雲町","丁目名":"３丁目","小字名":null,"地番":"4","精度区分":null,"座標系":"任意座標系"}},{"type":"Polygon","arcs":[[4140,4141,4142,4143,4144,4145,4146,4147,4148,4149,4150,4151,4152,-4097,4153,4154,4155,4156,4157,-4098,4158,-4138,-4109,-4137,-4135,4159,4160,4161,4162,4163,4164]],"properties":{"市区町村名":"留萌市","大字名":"東雲町","丁目名":"３丁目","小字名":null,"地番":"道-8","精度区分":null,"座標系":"任意座標系"}},{"type":"Polygon","arcs":[[4165,-4161,4166,4167,4168,4169]],"properties":{"市区町村名":"留萌市","大字名":"東雲町","丁目名":"３丁目","小字名":null,"地番":"67","精度区分":null,"座標系":"任意座標系"}},{"type":"Polygon","arcs":[[4170,4171,-4164]],"properties":{"市区町村名":"留萌市","大字名":"東雲町","丁目名":"３丁目","小字名":null,"地番":"71","精度区分":null,"座標系":"任意座標系"}},{"type":"Polygon","arcs":[[-4172,4172,4173,-4165]],"properties":{"市区町村名":"留萌市","大字名":"東雲町","丁目名":"３丁目","小字名":null,"地番":"73","精度区分":null,"座標系":"任意座標系"}},{"type":"Polygon","arcs":[[-4173,4174,4175,4176]],"properties":{"市区町村名":"留萌市","大字名":"東雲町","丁目名":"３丁目","小字名":null,"地番":"72","精度区分":null,"座標系":"任意座標系"}},{"type":"Polygon","arcs":[[4177,4178,4179,-4117,4180]],"properties":{"市区町村名":"留萌市","大字名":"東雲町","丁目名":"３丁目","小字名":null,"地番":"63","精度区分":null,"座標系":"任意座標系"}},{"type":"Polygon","arcs":[[-4124,4181,4182,4183]],"properties":{"市区町村名":"留萌市","大字名":"東雲町","丁目名":"３丁目","小字名":null,"地番":"148","精度区分":null,"座標系":"任意座標系"}},{"type":"Polygon","arcs":[[-4112,4184,4185,4186]],"properties":{"市区町村名":"留萌市","大字名":"東雲町","丁目名":"３丁目","小字名":null,"地番":"6","精度区分":null,"座標系":"任意座標系"}},{"type":"Polygon","arcs":[[4187,4188,-4142]],"properties":{"市区町村名":"留萌市","大字名":"東雲町","丁目名":"３丁目","小字名":null,"地番":"74","精度区分":null,"座標系":"任意座標系"}},{"type":"Polygon","arcs":[[4189,4190,4191,4192]],"properties":{"市区町村名":"留萌市","大字名":"東雲町","丁目名":"３丁目","小字名":null,"地番":"79","精度区分":null,"座標系":"任意座標系"}},{"type":"Polygon","arcs":[[4193,-4150,4194,-4191]],"properties":{"市区町村名":"留萌市","大字名":"東雲町","丁目名":"３丁目","小字名":null,"地番":"83","精度区分":null,"座標系":"任意座標系"}},{"type":"Polygon","arcs":[[4195,4196,4197,-4152]],"properties":{"市区町村名":"留萌市","大字名":"東雲町","丁目名":"３丁目","小字名":null,"地番":"126","精度区分":null,"座標系":"任意座標系"}},{"type":"Polygon","arcs":[[4198,4199,4200,4201,4202,4203]],"properties":{"市区町村名":"留萌市","大字名":"東雲町","丁目名":"３丁目","小字名":null,"地番":"128","精度区分":null,"座標系":"任意座標系"}},{"type":"Polygon","arcs":[[4204,4205,4206,4207,-4092,4208,4209,4210,-4201]],"properties":{"市区町村名":"留萌市","大字名":"東雲町","丁目名":"３丁目","小字名":null,"地番":"144","精度区分":null,"座標系":"任意座標系"}},{"type":"Polygon","arcs":[[4211,4212,4213,4214]],"properties":{"市区町村名":"留萌市","大字名":"東雲町","丁目名":"３丁目","小字名":null,"地番":"134","精度区分":null,"座標系":"任意座標系"}},{"type":"Polygon","arcs":[[4215,4216,4217,4218,4219]],"properties":{"市区町村名":"留萌市","大字名":"東雲町","丁目名":"３丁目","小字名":null,"地番":"113","精度区分":null,"座標系":"任意座標系"}},{"type":"Polygon","arcs":[[-4158,4220,4221,4222,4223,4224,4225,-4099]],"properties":{"市区町村名":"留萌市","大字名":"東雲町","丁目名":"３丁目","小字名":null,"地番":"84","精度区分":null,"座標系":"任意座標系"}},{"type":"Polygon","arcs":[[-4185,-4111,-4140,4226]],"properties":{"市区町村名":"留萌市","大字名":"東雲町","丁目名":"３丁目","小字名":null,"地番":"5","精度区分":null,"座標系":"任意座標系"}},{"type":"Polygon","arcs":[[4227,-4113,-4187,4228]],"properties":{"市区町村名":"留萌市","大字名":"東雲町","丁目名":"３丁目","小字名":null,"地番":"7","精度区分":null,"座標系":"任意座標系"}},{"type":"Polygon","arcs":[[-4114,-4228,4229]],"properties":{"市区町村名":"留萌市","大字名":"東雲町","丁目名":"３丁目","小字名":null,"地番":"8","精度区分":null,"座標系":"任意座標系"}},{"type":"Polygon","arcs":[[-4156,4230]],"properties":{"市区町村名":"留萌市","大字名":"東雲町","丁目名":"３丁目","小字名":null,"地番":"86","精度区分":null,"座標系":"任意座標系"}},{"type":"Polygon","arcs":[[-4219,4231,4232,4233,4234]],"properties":{"市区町村名":"留萌市","大字名":"東雲町","丁目名":"３丁目","小字名":null,"地番":"109","精度区分":null,"座標系":"任意座標系"}},{"type":"Polygon","arcs":[[-4204,4235,-4154,-4096,4236]],"properties":{"市区町村名":"留萌市","大字名":"東雲町","丁目名":"３丁目","小字名":null,"地番":"124","精度区分":null,"座標系":"任意座標系"}},{"type":"Polygon","arcs":[[-4147,4237]],"properties":{"市区町村名":"留萌市","大字名":"東雲町","丁目名":"３丁目","小字名":null,"地番":"80","精度区分":null,"座標系":"任意座標系"}},{"type":"Polygon","arcs":[[4238,4239,-4128,-4102,-4121]],"properties":{"市区町村名":"留萌市","大字名":"東雲町","丁目名":"３丁目","小字名":null,"地番":"47","精度区分":null,"座標系":"任意座標系"}},{"type":"Polygon","arcs":[[4240,-4182,-4123,4241,4242,4243]],"properties":{"市区町村名":"留萌市","大字名":"東雲町","丁目名":"３丁目","小字名":null,"地番":"45","精度区分":null,"座標系":"任意座標系"}},{"type":"Polygon","arcs":[[-4122,-4116,4244,-4242]],"properties":{"市区町村名":"留萌市","大字名":"東雲町","丁目名":"３丁目","小字名":null,"地番":"147","精度区分":null,"座標系":"任意座標系"}},{"type":"Polygon","arcs":[[4245,-4162,-4166]],"properties":{"市区町村名":"留萌市","大字名":"東雲町","丁目名":"３丁目","小字名":null,"地番":"68","精度区分":null,"座標系":"任意座標系"}},{"type":"Polygon","arcs":[[-4163,-4246,4246,4247]],"properties":{"市区町村名":"留萌市","大字名":"東雲町","丁目名":"３丁目","小字名":null,"地番":"69","精度区分":null,"座標系":"任意座標系"}},{"type":"Polygon","arcs":[[4248,-4131,-4105,4249]],"properties":{"市区町村名":"留萌市","大字名":"東雲町","丁目名":"３丁目","小字名":null,"地番":"54","精度区分":null,"座標系":"任意座標系"}},{"type":"Polygon","arcs":[[-4176,4250,4251,4252,-4178,4253]],"properties":{"市区町村名":"留萌市","大字名":"東雲町","丁目名":"３丁目","小字名":null,"地番":"64","精度区分":null,"座標系":"任意座標系"}},{"type":"Polygon","arcs":[[4254,4255,4256,-4251]],"properties":{"市区町村名":"留萌市","大字名":"東雲町","丁目名":"３丁目","小字名":null,"地番":"65","精度区分":null,"座標系":"任意座標系"}},{"type":"Polygon","arcs":[[-4175,-4171,-4248,-4255]],"properties":{"市区町村名":"留萌市","大字名":"東雲町","丁目名":"３丁目","小字名":null,"地番":"70","精度区分":null,"座標系":"任意座標系"}},{"type":"Polygon","arcs":[[4257,-4250,-4104,-4127,4258,4259]],"properties":{"市区町村名":"留萌市","大字名":"東雲町","丁目名":"３丁目","小字名":null,"地番":"53","精度区分":null,"座標系":"任意座標系"}},{"type":"Polygon","arcs":[[-4180,4260,-4259,-4126,4261,4262,-4118]],"properties":{"市区町村名":"留萌市","大字名":"東雲町","丁目名":"３丁目","小字名":null,"地番":"51-1","精度区分":null,"座標系":"任意座標系"}},{"type":"Polygon","arcs":[[4263,4264,-4179,-4253]],"properties":{"市区町村名":"留萌市","大字名":"東雲町","丁目名":"３丁目","小字名":null,"地番":"62","精度区分":null,"座標系":"任意座標系"}},{"type":"Polygon","arcs":[[-4252,4265,-4258,-4264]],"properties":{"市区町村名":"留萌市","大字名":"東雲町","丁目名":"３丁目","小字名":null,"地番":"61","精度区分":null,"座標系":"任意座標系"}},{"type":"Polygon","arcs":[[-4265,-4260,-4261]],"properties":{"市区町村名":"留萌市","大字名":"東雲町","丁目名":"３丁目","小字名":null,"地番":"52","精度区分":null,"座標系":"任意座標系"}},{"type":"Polygon","arcs":[[4266,-4249,-4266,-4257]],"properties":{"市区町村名":"留萌市","大字名":"東雲町","丁目名":"３丁目","小字名":null,"地番":"60","精度区分":null,"座標系":"任意座標系"}},{"type":"Polygon","arcs":[[4267,-4167,-4160,-4134]],"properties":{"市区町村名":"留萌市","大字名":"東雲町","丁目名":"３丁目","小字名":null,"地番":"58-1","精度区分":null,"座標系":"任意座標系"}},{"type":"Polygon","arcs":[[4268,-4168,-4268,-4133]],"properties":{"市区町村名":"留萌市","大字名":"東雲町","丁目名":"３丁目","小字名":null,"地番":"58-2","精度区分":null,"座標系":"任意座標系"}},{"type":"Polygon","arcs":[[-4269,-4132,4269,-4169]],"properties":{"市区町村名":"留萌市","大字名":"東雲町","丁目名":"３丁目","小字名":null,"地番":"58-3","精度区分":null,"座標系":"任意座標系"}},{"type":"Polygon","arcs":[[4270,-4239,-4120]],"properties":{"市区町村名":"留萌市","大字名":"東雲町","丁目名":"３丁目","小字名":null,"地番":"50","精度区分":null,"座標系":"任意座標系"}},{"type":"Polygon","arcs":[[4271,-4271,-4119,-4263]],"properties":{"市区町村名":"留萌市","大字名":"東雲町","丁目名":"３丁目","小字名":null,"地番":"51-2","精度区分":null,"座標系":"任意座標系"}},{"type":"Polygon","arcs":[[-4272,-4262,-4240]],"properties":{"市区町村名":"留萌市","大字名":"東雲町","丁目名":"３丁目","小字名":null,"地番":"49","精度区分":null,"座標系":"任意座標系"}},{"type":"Polygon","arcs":[[-4189,4272,-4193,4273]],"properties":{"市区町村名":"留萌市","大字名":"東雲町","丁目名":"３丁目","小字名":null,"地番":"76","精度区分":null,"座標系":"任意座標系"}},{"type":"Polygon","arcs":[[-4192,4274,4275,-4144,4276]],"properties":{"市区町村名":"留萌市","大字名":"東雲町","丁目名":"３丁目","小字名":null,"地番":"78","精度区分":null,"座標系":"任意座標系"}},{"type":"Polygon","arcs":[[-4195,-4149,4277,-4275]],"properties":{"市区町村名":"留萌市","大字名":"東雲町","丁目名":"３丁目","小字名":null,"地番":"82","精度区分":null,"座標系":"任意座標系"}},{"type":"Polygon","arcs":[[-4148,-4238,-4146,4278,-4278]],"properties":{"市区町村名":"留萌市","大字名":"東雲町","丁目名":"３丁目","小字名":null,"地番":"81","精度区分":null,"座標系":"任意座標系"}},{"type":"Polygon","arcs":[[-4279,-4145,-4276]],"properties":{"市区町村名":"留萌市","大字名":"東雲町","丁目名":"３丁目","小字名":null,"地番":"77","精度区分":null,"座標系":"任意座標系"}},{"type":"Polygon","arcs":[[-4198,4279,4280,-4199,-4237,-4095,-4153]],"properties":{"市区町村名":"留萌市","大字名":"東雲町","丁目名":"３丁目","小字名":null,"地番":"125","精度区分":null,"座標系":"任意座標系"}},{"type":"Polygon","arcs":[[-4197,4281,-4280]],"properties":{"市区町村名":"留萌市","大字名":"東雲町","丁目名":"３丁目","小字名":null,"地番":"127","精度区分":null,"座標系":"任意座標系"}},{"type":"Polygon","arcs":[[4282,4283,4284,4285]],"properties":{"市区町村名":"留萌市","大字名":"東雲町","丁目名":"３丁目","小字名":null,"地番":"88","精度区分":null,"座標系":"任意座標系"}},{"type":"Polygon","arcs":[[4286,4287,4288,-4285]],"properties":{"市区町村名":"留萌市","大字名":"東雲町","丁目名":"３丁目","小字名":null,"地番":"89","精度区分":null,"座標系":"任意座標系"}},{"type":"Polygon","arcs":[[-4289,4289,4290,4291,4292,4293,4294,-4223,4295,-4286]],"properties":{"市区町村名":"留萌市","大字名":"東雲町","丁目名":"３丁目","小字名":null,"地番":"91-1","精度区分":null,"座標系":"任意座標系"}},{"type":"Polygon","arcs":[[4296,4297,4298,-4284]],"properties":{"市区町村名":"留萌市","大字名":"東雲町","丁目名":"３丁目","小字名":null,"地番":"119","精度区分":null,"座標系":"任意座標系"}},{"type":"Polygon","arcs":[[-4155,4299,-4297,4300,4301]],"properties":{"市区町村名":"留萌市","大字名":"東雲町","丁目名":"３丁目","小字名":null,"地番":"121","精度区分":null,"座標系":"任意座標系"}},{"type":"Polygon","arcs":[[-4203,4302,4303,4304]],"properties":{"市区町村名":"留萌市","大字名":"東雲町","丁目名":"３丁目","小字名":null,"地番":"129","精度区分":null,"座標系":"任意座標系"}},{"type":"Polygon","arcs":[[-4202,4305,4306,4307,4308,-4303]],"properties":{"市区町村名":"留萌市","大字名":"東雲町","丁目名":"３丁目","小字名":null,"地番":"130","精度区分":null,"座標系":"任意座標系"}},{"type":"Polygon","arcs":[[-4207,4309,4310,4311,4312,4313]],"properties":{"市区町村名":"留萌市","大字名":"東雲町","丁目名":"３丁目","小字名":null,"地番":"140","精度区分":null,"座標系":"任意座標系"}},{"type":"Polygon","arcs":[[-4231,-4302,4314,-4221,-4157]],"properties":{"市区町村名":"留萌市","大字名":"東雲町","丁目名":"３丁目","小字名":null,"地番":"85","精度区分":null,"座標系":"任意座標系"}},{"type":"Polygon","arcs":[[-4315,-4301,-4283,-4296,-4222]],"properties":{"市区町村名":"留萌市","大字名":"東雲町","丁目名":"３丁目","小字名":null,"地番":"87","精度区分":null,"座標系":"任意座標系"}},{"type":"Polygon","arcs":[[4315,4316,4317,4318,4319,-4224,-4295]],"properties":{"市区町村名":"留萌市","大字名":"東雲町","丁目名":"３丁目","小字名":null,"地番":"92-1","精度区分":null,"座標系":"任意座標系"}},{"type":"Polygon","arcs":[[4320,4321,4322,4323,4324,-4225,-4320]],"properties":{"市区町村名":"留萌市","大字名":"東雲町","丁目名":"３丁目","小字名":null,"地番":"111-1","精度区分":null,"座標系":"任意座標系"}},{"type":"Polygon","arcs":[[4325,-4291,4326]],"properties":{"市区町村名":"留萌市","大字名":"東雲町","丁目名":"３丁目","小字名":null,"地番":"91-2","精度区分":null,"座標系":"任意座標系"}},{"type":"Polygon","arcs":[[4327,4328,4329,4330]],"properties":{"市区町村名":"留萌市","大字名":"東雲町","丁目名":"３丁目","小字名":null,"地番":"131-1","精度区分":null,"座標系":"任意座標系"}},{"type":"Polygon","arcs":[[4331,4332,4333,-4328,4334,-4308]],"properties":{"市区町村名":"留萌市","大字名":"東雲町","丁目名":"３丁目","小字名":null,"地番":"131-2","精度区分":null,"座標系":"任意座標系"}},{"type":"Polygon","arcs":[[4335,-4210,4336,4337,-4332,-4307]],"properties":{"市区町村名":"留萌市","大字名":"東雲町","丁目名":"３丁目","小字名":null,"地番":"143-4","精度区分":null,"座標系":"任意座標系"}},{"type":"Polygon","arcs":[[-4306,-4211,-4336]],"properties":{"市区町村名":"留萌市","大字名":"東雲町","丁目名":"３丁目","小字名":null,"地番":"143-5","精度区分":null,"座標系":"任意座標系"}},{"type":"Polygon","arcs":[[-4288,4338,-4327,-4290]],"properties":{"市区町村名":"留萌市","大字名":"東雲町","丁目名":"３丁目","小字名":null,"地番":"90","精度区分":null,"座標系":"任意座標系"}},{"type":"Polygon","arcs":[[4339,4340,4341,4342,-4330]],"properties":{"市区町村名":"留萌市","大字名":"東雲町","丁目名":"３丁目","小字名":null,"地番":"132","精度区分":null,"座標系":"任意座標系"}},{"type":"Polygon","arcs":[[4343,4344,4345,4346,4347,-4340,-4329,-4334,4348,4349]],"properties":{"市区町村名":"留萌市","大字名":"東雲町","丁目名":"３丁目","小字名":null,"地番":"141-1","精度区分":null,"座標系":"任意座標系"}},{"type":"Polygon","arcs":[[4350,4351,4352,-4312]],"properties":{"市区町村名":"留萌市","大字名":"東雲町","丁目名":"３丁目","小字名":null,"地番":"137","精度区分":null,"座標系":"任意座標系"}},{"type":"Polygon","arcs":[[4353,-4353,4354,-4346]],"properties":{"市区町村名":"留萌市","大字名":"東雲町","丁目名":"３丁目","小字名":null,"地番":"138","精度区分":null,"座標系":"任意座標系"}},{"type":"Polygon","arcs":[[-4337,-4209,-4091,4355,-4350]],"properties":{"市区町村名":"留萌市","大字名":"東雲町","丁目名":"３丁目","小字名":null,"地番":"143-1","精度区分":null,"座標系":"任意座標系"}},{"type":"Polygon","arcs":[[4356,-4344,-4356,-4094]],"properties":{"市区町村名":"留萌市","大字名":"東雲町","丁目名":"３丁目","小字名":null,"地番":"142","精度区分":null,"座標系":"任意座標系"}},{"type":"Polygon","arcs":[[-4349,-4333,-4338]],"properties":{"市区町村名":"留萌市","大字名":"東雲町","丁目名":"３丁目","小字名":null,"地番":"141-2","精度区分":null,"座標系":"任意座標系"}},{"type":"Polygon","arcs":[[-4093,-4208,-4314,-4357]],"properties":{"市区町村名":"留萌市","大字名":"東雲町","丁目名":"３丁目","小字名":null,"地番":"143-3","精度区分":null,"座標系":"任意座標系"}},{"type":"Polygon","arcs":[[4357,4358,4359,4360,4361,4362,-4317,4363,4364]],"properties":{"市区町村名":"留萌市","大字名":"東雲町","丁目名":"３丁目","小字名":null,"地番":"111-3","精度区分":null,"座標系":"任意座標系"}},{"type":"Polygon","arcs":[[4365,-4235,4366,-4359]],"properties":{"市区町村名":"留萌市","大字名":"東雲町","丁目名":"３丁目","小字名":null,"地番":"112","精度区分":null,"座標系":"任意座標系"}},{"type":"Polygon","arcs":[[-4367,-4234,4367,4368,4369,-4360]],"properties":{"市区町村名":"留萌市","大字名":"東雲町","丁目名":"３丁目","小字名":null,"地番":"110","精度区分":null,"座標系":"任意座標系"}},{"type":"Polygon","arcs":[[-4214,4370,-4216,4371,4372]],"properties":{"市区町村名":"留萌市","大字名":"東雲町","丁目名":"３丁目","小字名":null,"地番":"115","精度区分":null,"座標系":"任意座標系"}},{"type":"Polygon","arcs":[[-4220,-4366,4373,-4372]],"properties":{"市区町村名":"留萌市","大字名":"東雲町","丁目名":"３丁目","小字名":null,"地番":"114","精度区分":null,"座標系":"任意座標系"}},{"type":"Polygon","arcs":[[-4352,4374,-4212,4375,4376]],"properties":{"市区町村名":"留萌市","大字名":"東雲町","丁目名":"３丁目","小字名":null,"地番":"135","精度区分":null,"座標系":"任意座標系"}},{"type":"Polygon","arcs":[[-4376,-4215,4377,-4341,-4348]],"properties":{"市区町村名":"留萌市","大字名":"東雲町","丁目名":"３丁目","小字名":null,"地番":"133","精度区分":null,"座標系":"任意座標系"}},{"type":"Polygon","arcs":[[4378,-4331,-4343,4379,4380,-4292]],"properties":{"市区町村名":"留萌市","大字名":"東雲町","丁目名":"３丁目","小字名":null,"地番":"117-1","精度区分":null,"座標系":"任意座標系"}},{"type":"Polygon","arcs":[[-4342,-4378,-4373,-4374,-4358,4381,-4380]],"properties":{"市区町村名":"留萌市","大字名":"東雲町","丁目名":"３丁目","小字名":null,"地番":"116","精度区分":null,"座標系":"任意座標系"}},{"type":"Polygon","arcs":[[-4293,-4381,-4382,-4365,4382]],"properties":{"市区町村名":"留萌市","大字名":"東雲町","丁目名":"３丁目","小字名":null,"地番":"92-3","精度区分":null,"座標系":"任意座標系"}},{"type":"Polygon","arcs":[[-4383,-4364,-4316,-4294]],"properties":{"市区町村名":"留萌市","大字名":"東雲町","丁目名":"３丁目","小字名":null,"地番":"92-2","精度区分":null,"座標系":"任意座標系"}},{"type":"Polygon","arcs":[[4383,-4090,-4321,-4319]],"properties":{"市区町村名":"留萌市","大字名":"東雲町","丁目名":"３丁目","小字名":null,"地番":"111-4","精度区分":null,"座標系":"任意座標系"}},{"type":"Polygon","arcs":[[4384,4385,4386,4387]],"properties":{"市区町村名":"留萌市","大字名":"東雲町","丁目名":"３丁目","小字名":null,"地番":"97-1","精度区分":null,"座標系":"任意座標系"}},{"type":"Polygon","arcs":[[-4385,4388,4389,4390]],"properties":{"市区町村名":"留萌市","大字名":"東雲町","丁目名":"３丁目","小字名":null,"地番":"97-2","精度区分":null,"座標系":"任意座標系"}},{"type":"Polygon","arcs":[[-4362,4391,4392,4393,4394,-4386,-4391,4395]],"properties":{"市区町村名":"留萌市","大字名":"東雲町","丁目名":"３丁目","小字名":null,"地番":"101","精度区分":null,"座標系":"任意座標系"}},{"type":"Polygon","arcs":[[-4361,-4370,4396,-4392]],"properties":{"市区町村名":"留萌市","大字名":"東雲町","丁目名":"３丁目","小字名":null,"地番":"106","精度区分":null,"座標系":"任意座標系"}},{"type":"Polygon","arcs":[[-4396,-4390,4397,-4384,-4318,-4363]],"properties":{"市区町村名":"留萌市","大字名":"東雲町","丁目名":"３丁目","小字名":null,"地番":"111-2","精度区分":null,"座標系":"任意座標系"}},{"type":"Polygon","arcs":[[4398,4399,-4322,-4089,4400,-4388]],"properties":{"市区町村名":"留萌市","大字名":"東雲町","丁目名":"３丁目","小字名":null,"地番":"96-1","精度区分":null,"座標系":"任意座標系"}},{"type":"Polygon","arcs":[[4401,4402,-4324]],"properties":{"市区町村名":"留萌市","大字名":"東雲町","丁目名":"３丁目","小字名":null,"地番":"93","精度区分":null,"座標系":"任意座標系"}},{"type":"Polygon","arcs":[[4403,4404,4405,-4402,4406]],"properties":{"市区町村名":"留萌市","大字名":"東雲町","丁目名":"３丁目","小字名":null,"地番":"94","精度区分":null,"座標系":"任意座標系"}},{"type":"Polygon","arcs":[[-4401,-4088,-4398,-4389]],"properties":{"市区町村名":"留萌市","大字名":"東雲町","丁目名":"３丁目","小字名":null,"地番":"96-2","精度区分":null,"座標系":"任意座標系"}},{"type":"Polygon","arcs":[[4407,4408,4409,-4404,4410]],"properties":{"市区町村名":"留萌市","大字名":"東雲町","丁目名":"３丁目","小字名":null,"地番":"99","精度区分":null,"座標系":"任意座標系"}},{"type":"Polygon","arcs":[[4411,4412,-4408,-4394]],"properties":{"市区町村名":"留萌市","大字名":"東雲町","丁目名":"３丁目","小字名":null,"地番":"100","精度区分":null,"座標系":"任意座標系"}},{"type":"Polygon","arcs":[[4413,4414,-4393]],"properties":{"市区町村名":"留萌市","大字名":"東雲町","丁目名":"３丁目","小字名":null,"地番":"102","精度区分":null,"座標系":"任意座標系"}},{"type":"Polygon","arcs":[[-4369,4415,-4414,-4397]],"properties":{"市区町村名":"留萌市","大字名":"東雲町","丁目名":"３丁目","小字名":null,"地番":"105","精度区分":null,"座標系":"任意座標系"}},{"type":"Polygon","arcs":[[4416,4417,-4412,-4415]],"properties":{"市区町村名":"留萌市","大字名":"東雲町","丁目名":"３丁目","小字名":null,"地番":"103","精度区分":null,"座標系":"任意座標系"}},{"type":"Polygon","arcs":[[4418,4419,-4417,-4416]],"properties":{"市区町村名":"留萌市","大字名":"東雲町","丁目名":"３丁目","小字名":null,"地番":"104","精度区分":null,"座標系":"任意座標系"}},{"type":"Polygon","arcs":[[4420,4421,-4419,-4368]],"properties":{"市区町村名":"留萌市","大字名":"東雲町","丁目名":"３丁目","小字名":null,"地番":"107","精度区分":null,"座標系":"任意座標系"}},{"type":"Polygon","arcs":[[4422,-4407,-4323,-4400]],"properties":{"市区町村名":"留萌市","大字名":"東雲町","丁目名":"３丁目","小字名":null,"地番":"95","精度区分":null,"座標系":"任意座標系"}},{"type":"Polygon","arcs":[[-4387,-4395,-4411,-4423,-4399]],"properties":{"市区町村名":"留萌市","大字名":"東雲町","丁目名":"３丁目","小字名":null,"地番":"98","精度区分":null,"座標系":"任意座標系"}},{"type":"Polygon","arcs":[[-4233,4423,-4421]],"properties":{"市区町村名":"留萌市","大字名":"東雲町","丁目名":"３丁目","小字名":null,"地番":"108","精度区分":null,"座標系":"任意座標系"}},{"type":"Polygon","arcs":[[-4345,-4313,-4354]],"properties":{"市区町村名":"留萌市","大字名":"東雲町","丁目名":"３丁目","小字名":null,"地番":"139","精度区分":null,"座標系":"任意座標系"}},{"type":"Polygon","arcs":[[-4355,-4377,-4347]],"properties":{"市区町村名":"留萌市","大字名":"東雲町","丁目名":"３丁目","小字名":null,"地番":"136","精度区分":null,"座標系":"任意座標系"}},{"type":"Polygon","arcs":[[4424,-4309,4425,-4339]],"properties":{"市区町村名":"留萌市","大字名":"東雲町","丁目名":"３丁目","小字名":null,"地番":"118","精度区分":null,"座標系":"任意座標系"}},{"type":"Polygon","arcs":[[-4304,-4425,-4287,-4299]],"properties":{"市区町村名":"留萌市","大字名":"東雲町","丁目名":"３丁目","小字名":null,"地番":"120","精度区分":null,"座標系":"任意座標系"}},{"type":"Polygon","arcs":[[-4335,-4379,-4326,-4426]],"properties":{"市区町村名":"留萌市","大字名":"東雲町","丁目名":"３丁目","小字名":null,"地番":"117-2","精度区分":null,"座標系":"任意座標系"}},{"type":"Polygon","arcs":[[-4236,-4305,-4298,-4300]],"properties":{"市区町村名":"留萌市","大字名":"東雲町","丁目名":"３丁目","小字名":null,"地番":"122","精度区分":null,"座標系":"任意座標系"}},{"type":"Polygon","arcs":[[-4274,-4277,-4143]],"properties":{"市区町村名":"留萌市","大字名":"東雲町","丁目名":"３丁目","小字名":null,"地番":"75","精度区分":null,"座標系":"任意座標系"}},{"type":"Polygon","arcs":[[-4247,-4170,4426,-4256]],"properties":{"市区町村名":"留萌市","大字名":"東雲町","丁目名":"３丁目","小字名":null,"地番":"66","精度区分":null,"座標系":"任意座標系"}},{"type":"Polygon","arcs":[[-4270,-4129,-4267,-4427]],"properties":{"市区町村名":"留萌市","大字名":"東雲町","丁目名":"３丁目","小字名":null,"地番":"59","精度区分":null,"座標系":"任意座標系"}},{"type":"Polygon","arcs":[[4427,4428]],"properties":{"市区町村名":"留萌市","大字名":"東雲町","丁目名":"２丁目","小字名":null,"地番":"113","精度区分":null,"座標系":"任意座標系"}},{"type":"Polygon","arcs":[[4429,4430,4431,4432,4433]],"properties":{"市区町村名":"留萌市","大字名":"東雲町","丁目名":"２丁目","小字名":null,"地番":"19","精度区分":null,"座標系":"任意座標系"}},{"type":"Polygon","arcs":[[4434,4435,-4434,4436,4437]],"properties":{"市区町村名":"留萌市","大字名":"東雲町","丁目名":"２丁目","小字名":null,"地番":"20","精度区分":null,"座標系":"任意座標系"}},{"type":"Polygon","arcs":[[4438,4439,4440,4441]],"properties":{"市区町村名":"留萌市","大字名":"東雲町","丁目名":"２丁目","小字名":null,"地番":"21-4","精度区分":null,"座標系":"任意座標系"}},{"type":"Polygon","arcs":[[4442,4443,4444,4445]],"properties":{"市区町村名":"留萌市","大字名":"東雲町","丁目名":"２丁目","小字名":null,"地番":"21-2","精度区分":null,"座標系":"任意座標系"}},{"type":"Polygon","arcs":[[4446,4447,-4446,4448,4449]],"properties":{"市区町村名":"留萌市","大字名":"東雲町","丁目名":"２丁目","小字名":null,"地番":"104-1","精度区分":null,"座標系":"任意座標系"}},{"type":"Polygon","arcs":[[4450,4451,4452]],"properties":{"市区町村名":"留萌市","大字名":"東雲町","丁目名":"２丁目","小字名":null,"地番":"104-2","精度区分":null,"座標系":"任意座標系"}},{"type":"Polygon","arcs":[[4453,-61,4454,-4429,4455,4456,4457,4458]],"properties":{"市区町村名":"留萌市","大字名":"東雲町","丁目名":"２丁目","小字名":null,"地番":"114-7","精度区分":null,"座標系":"任意座標系"}},{"type":"Polygon","arcs":[[4459,4460,4461,4462]],"properties":{"市区町村名":"留萌市","大字名":"東雲町","丁目名":"２丁目","小字名":null,"地番":"119-1","精度区分":null,"座標系":"任意座標系"}},{"type":"Polygon","arcs":[[4463,4464,4465,4466]],"properties":{"市区町村名":"留萌市","大字名":"東雲町","丁目名":"２丁目","小字名":null,"地番":"122-4","精度区分":null,"座標系":"任意座標系"}},{"type":"Polygon","arcs":[[-4325,4467,4468,4469,-4465,4470]],"properties":{"市区町村名":"留萌市","大字名":"東雲町","丁目名":"２丁目","小字名":null,"地番":"116-1","精度区分":null,"座標系":"任意座標系"}},{"type":"Polygon","arcs":[[-4409,4471,4472,4473]],"properties":{"市区町村名":"留萌市","大字名":"東雲町","丁目名":"２丁目","小字名":null,"地番":"116-25","精度区分":null,"座標系":"任意座標系"}},{"type":"Polygon","arcs":[[4474,4475,4476,4477,4478,4479,-4424,-4232,-4218,4480]],"properties":{"市区町村名":"留萌市","大字名":"東雲町","丁目名":"２丁目","小字名":null,"地番":"124-6","精度区分":null,"座標系":"任意座標系"}},{"type":"Polygon","arcs":[[4481,-4481,-4217,-4371,-4213,-4375]],"properties":{"市区町村名":"留萌市","大字名":"東雲町","丁目名":"２丁目","小字名":null,"地番":"126-7","精度区分":null,"座標系":"任意座標系"}},{"type":"Polygon","arcs":[[4482,4483,4484,4485,4486,4487,-4206]],"properties":{"市区町村名":"留萌市","大字名":"東雲町","丁目名":"２丁目","小字名":null,"地番":"128-2","精度区分":null,"座標系":"任意座標系"}},{"type":"Polygon","arcs":[[-4484,4488,4489,4490,4491]],"properties":{"市区町村名":"留萌市","大字名":"東雲町","丁目名":"２丁目","小字名":null,"地番":"128-1","精度区分":null,"座標系":"任意座標系"}},{"type":"Polygon","arcs":[[4492,4493,4494]],"properties":{"市区町村名":"留萌市","大字名":"東雲町","丁目名":"２丁目","小字名":null,"地番":"129-2","精度区分":null,"座標系":"任意座標系"}},{"type":"Polygon","arcs":[[4495,4496,4497]],"properties":{"市区町村名":"留萌市","大字名":"東雲町","丁目名":"２丁目","小字名":null,"地番":"118-12","精度区分":null,"座標系":"任意座標系"}},{"type":"Polygon","arcs":[[-56,4498,4499,4500,4501,4502,-58]],"properties":{"市区町村名":"留萌市","大字名":"東雲町","丁目名":"２丁目","小字名":null,"地番":"110-4W2","精度区分":null,"座標系":"任意座標系"}},{"type":"Polygon","arcs":[[4503,4504,4505,4506,4507,4508,-49]],"properties":{"市区町村名":"留萌市","大字名":"東雲町","丁目名":"２丁目","小字名":null,"地番":"81-4","精度区分":null,"座標系":"任意座標系"}},{"type":"Polygon","arcs":[[4509,4510,4511,4512]],"properties":{"市区町村名":"留萌市","大字名":"東雲町","丁目名":"２丁目","小字名":null,"地番":"112-7","精度区分":null,"座標系":"任意座標系"}},{"type":"Polygon","arcs":[[4513,-57,-68,4514,4515,-4511,4516,4517,4518,4519,4520]],"properties":{"市区町村名":"留萌市","大字名":"東雲町","丁目名":"２丁目","小字名":null,"地番":"111W2","精度区分":null,"座標系":"任意座標系"}},{"type":"Polygon","arcs":[[4521,-4515,-67,4522,4523,4524,4525,4526,4527,4528,4529,4530,-10,4531,4532,4533,4534,4535,4536,4537,4538,4539]],"properties":{"市区町村名":"留萌市","大字名":"東雲町","丁目名":"２丁目","小字名":null,"地番":"115-1","精度区分":null,"座標系":"任意座標系"}},{"type":"Polygon","arcs":[[-66,4540,-4523]],"properties":{"市区町村名":"留萌市","大字名":"東雲町","丁目名":"２丁目","小字名":null,"地番":"114-3","精度区分":null,"座標系":"任意座標系"}},{"type":"Polygon","arcs":[[4541,4542,4543,4544,4545,4546,4547,-4447,4548,-4451,4549,-59,-4503,4550]],"properties":{"市区町村名":"留萌市","大字名":"東雲町","丁目名":"２丁目","小字名":null,"地番":"110-1","精度区分":null,"座標系":"任意座標系"}},{"type":"Polygon","arcs":[[4551,-4551,-4502]],"properties":{"市区町村名":"留萌市","大字名":"東雲町","丁目名":"２丁目","小字名":null,"地番":"110-8","精度区分":null,"座標系":"任意座標系"}},{"type":"Polygon","arcs":[[-4501,4552,4553,4554,-4542,-4552]],"properties":{"市区町村名":"留萌市","大字名":"東雲町","丁目名":"２丁目","小字名":null,"地番":"110-6","精度区分":null,"座標系":"任意座標系"}},{"type":"Polygon","arcs":[[-55,4555,4556,-4554,4557,-4499]],"properties":{"市区町村名":"留萌市","大字名":"東雲町","丁目名":"２丁目","小字名":null,"地番":"110-5","精度区分":null,"座標系":"任意座標系"}},{"type":"Polygon","arcs":[[-53,4558,4559,4560]],"properties":{"市区町村名":"留萌市","大字名":"東雲町","丁目名":"２丁目","小字名":null,"地番":"108","精度区分":null,"座標系":"任意座標系"}},{"type":"Polygon","arcs":[[-52,4561,-4559]],"properties":{"市区町村名":"留萌市","大字名":"東雲町","丁目名":"２丁目","小字名":null,"地番":"109","精度区分":null,"座標系":"任意座標系"}},{"type":"Polygon","arcs":[[-4508,4562]],"properties":{"市区町村名":"留萌市","大字名":"東雲町","丁目名":"２丁目","小字名":null,"地番":"81-5","精度区分":null,"座標系":"任意座標系"}},{"type":"Polygon","arcs":[[-50,-4509,-4563,-4507,4563,4564]],"properties":{"市区町村名":"留萌市","大字名":"東雲町","丁目名":"２丁目","小字名":null,"地番":"81-6","精度区分":null,"座標系":"任意座標系"}},{"type":"Polygon","arcs":[[-4564,-4506,4565,4566,4567,4568,4569,4570,4571,4572]],"properties":{"市区町村名":"留萌市","大字名":"東雲町","丁目名":"２丁目","小字名":null,"地番":"81-1W1","精度区分":null,"座標系":"任意座標系"}},{"type":"Polygon","arcs":[[4573,-4566]],"properties":{"市区町村名":"留萌市","大字名":"東雲町","丁目名":"２丁目","小字名":null,"地番":"80-1","精度区分":null,"座標系":"任意座標系"}},{"type":"Polygon","arcs":[[-4505,4574,4575,-4574]],"properties":{"市区町村名":"留萌市","大字名":"東雲町","丁目名":"２丁目","小字名":null,"地番":"80-2","精度区分":null,"座標系":"任意座標系"}},{"type":"Polygon","arcs":[[-51,-4565,-4573,4576,-4560,-4562]],"properties":{"市区町村名":"留萌市","大字名":"東雲町","丁目名":"２丁目","小字名":null,"地番":"81-7","精度区分":null,"座標系":"任意座標系"}},{"type":"Polygon","arcs":[[-4561,-4577,4577,-54]],"properties":{"市区町村名":"留萌市","大字名":"東雲町","丁目名":"２丁目","小字名":null,"地番":"107-2","精度区分":null,"座標系":"任意座標系"}},{"type":"Polygon","arcs":[[-4572,4578,4579,-4556,-4578]],"properties":{"市区町村名":"留萌市","大字名":"東雲町","丁目名":"２丁目","小字名":null,"地番":"107-1","精度区分":null,"座標系":"任意座標系"}},{"type":"Polygon","arcs":[[4580,4581,-4544]],"properties":{"市区町村名":"留萌市","大字名":"東雲町","丁目名":"２丁目","小字名":null,"地番":"110-7","精度区分":null,"座標系":"任意座標系"}},{"type":"Polygon","arcs":[[4582,4583,4584,-4582,4585,4586]],"properties":{"市区町村名":"留萌市","大字名":"東雲町","丁目名":"２丁目","小字名":null,"地番":"102-2","精度区分":null,"座標系":"任意座標系"}},{"type":"Polygon","arcs":[[4587,4588,-4557]],"properties":{"市区町村名":"留萌市","大字名":"東雲町","丁目名":"２丁目","小字名":null,"地番":"105-1","精度区分":null,"座標系":"任意座標系"}},{"type":"Polygon","arcs":[[-4589,4589,-4586,-4581,4590,-4555]],"properties":{"市区町村名":"留萌市","大字名":"東雲町","丁目名":"２丁目","小字名":null,"地番":"105-3","精度区分":null,"座標系":"任意座標系"}},{"type":"Polygon","arcs":[[-4591,-4543]],"properties":{"市区町村名":"留萌市","大字名":"東雲町","丁目名":"２丁目","小字名":null,"地番":"105-2","精度区分":null,"座標系":"任意座標系"}},{"type":"Polygon","arcs":[[-4585,4591,4592,4593,-4547,4594,-4545]],"properties":{"市区町村名":"留萌市","大字名":"東雲町","丁目名":"２丁目","小字名":null,"地番":"102-1","精度区分":null,"座標系":"任意座標系"}},{"type":"Polygon","arcs":[[4595,4596,4597,-4592,-4584]],"properties":{"市区町村名":"留萌市","大字名":"東雲町","丁目名":"２丁目","小字名":null,"地番":"102-4","精度区分":null,"座標系":"任意座標系"}},{"type":"Polygon","arcs":[[4598,-4587,-4590]],"properties":{"市区町村名":"留萌市","大字名":"東雲町","丁目名":"２丁目","小字名":null,"地番":"106-2","精度区分":null,"座標系":"任意座標系"}},{"type":"Polygon","arcs":[[-4580,4599,4600,-4599,-4588]],"properties":{"市区町村名":"留萌市","大字名":"東雲町","丁目名":"２丁目","小字名":null,"地番":"106-1","精度区分":null,"座標系":"任意座標系"}},{"type":"Polygon","arcs":[[4601,4602,4603,-4596,-4583,-4601]],"properties":{"市区町村名":"留萌市","大字名":"東雲町","丁目名":"２丁目","小字名":null,"地番":"102-3","精度区分":null,"座標系":"任意座標系"}},{"type":"Polygon","arcs":[[4604,4605,4606,4607,-4604]],"properties":{"市区町村名":"留萌市","大字名":"東雲町","丁目名":"２丁目","小字名":null,"地番":"96-1","精度区分":null,"座標系":"任意座標系"}},{"type":"Polygon","arcs":[[-4553,-4500,-4558]],"properties":{"市区町村名":"留萌市","大字名":"東雲町","丁目名":"２丁目","小字名":null,"地番":"110-9","精度区分":null,"座標系":"任意座標系"}},{"type":"Polygon","arcs":[[4608,-4570,4609,-4605,-4603]],"properties":{"市区町村名":"留萌市","大字名":"東雲町","丁目名":"２丁目","小字名":null,"地番":"100","精度区分":null,"座標系":"任意座標系"}},{"type":"Polygon","arcs":[[-4594,4610,-4435,4611,-4439,4612,-4443,-4448,-4548]],"properties":{"市区町村名":"留萌市","大字名":"東雲町","丁目名":"２丁目","小字名":null,"地番":"103","精度区分":null,"座標系":"任意座標系"}},{"type":"Polygon","arcs":[[-4571,-4609,-4602,-4600,-4579]],"properties":{"市区町村名":"留萌市","大字名":"東雲町","丁目名":"２丁目","小字名":null,"地番":"101","精度区分":null,"座標系":"任意座標系"}},{"type":"Polygon","arcs":[[4613,-4549]],"properties":{"市区町村名":"留萌市","大字名":"東雲町","丁目名":"２丁目","小字名":null,"地番":"110-3","精度区分":null,"座標系":"任意座標系"}},{"type":"Polygon","arcs":[[-4614,-4450,4614,-4452]],"properties":{"市区町村名":"留萌市","大字名":"東雲町","丁目名":"２丁目","小字名":null,"地番":"104-3","精度区分":null,"座標系":"任意座標系"}},{"type":"Polygon","arcs":[[-4595,-4546]],"properties":{"市区町村名":"留萌市","大字名":"東雲町","丁目名":"２丁目","小字名":null,"地番":"110-2","精度区分":null,"座標系":"任意座標系"}},{"type":"Polygon","arcs":[[-4613,-4442,4615,-4444]],"properties":{"市区町村名":"留萌市","大字名":"東雲町","丁目名":"２丁目","小字名":null,"地番":"21-3","精度区分":null,"座標系":"任意座標系"}},{"type":"Polygon","arcs":[[-4612,-4438,4616,-4440]],"properties":{"市区町村名":"留萌市","大字名":"東雲町","丁目名":"２丁目","小字名":null,"地番":"21-1","精度区分":null,"座標系":"任意座標系"}},{"type":"Polygon","arcs":[[4617,4618,4619,-4431]],"properties":{"市区町村名":"留萌市","大字名":"東雲町","丁目名":"２丁目","小字名":null,"地番":"18","精度区分":null,"座標系":"任意座標系"}},{"type":"Polygon","arcs":[[4620,-4512,-4516,-4522,4621]],"properties":{"市区町村名":"留萌市","大字名":"東雲町","丁目名":"２丁目","小字名":null,"地番":"112-2","精度区分":null,"座標系":"任意座標系"}},{"type":"Polygon","arcs":[[4622,4623,4624,4625,4626,4627,-4513,-4621,4628,4629,4630,-1,4631,4632]],"properties":{"市区町村名":"留萌市","大字名":"東雲町","丁目名":"２丁目","小字名":null,"地番":"118-9","精度区分":null,"座標系":"任意座標系"}},{"type":"Polygon","arcs":[[-4517,-4510,-4628,4633]],"properties":{"市区町村名":"留萌市","大字名":"東雲町","丁目名":"２丁目","小字名":null,"地番":"112-6","精度区分":null,"座標系":"任意座標系"}},{"type":"Polygon","arcs":[[-4625,4634,4635,-4520,4636,4637,4638]],"properties":{"市区町村名":"留萌市","大字名":"東雲町","丁目名":"２丁目","小字名":null,"地番":"112-1","精度区分":null,"座標系":"任意座標系"}},{"type":"Polygon","arcs":[[-4624,4639,4640,-4635]],"properties":{"市区町村名":"留萌市","大字名":"東雲町","丁目名":"２丁目","小字名":null,"地番":"115-3","精度区分":null,"座標系":"任意座標系"}},{"type":"Polygon","arcs":[[-4641,4641,-4521,-4636]],"properties":{"市区町村名":"留萌市","大字名":"東雲町","丁目名":"２丁目","小字名":null,"地番":"112-4","精度区分":null,"座標系":"任意座標系"}},{"type":"Polygon","arcs":[[4642,4643,4644,-4518,-4634,-4627]],"properties":{"市区町村名":"留萌市","大字名":"東雲町","丁目名":"２丁目","小字名":null,"地番":"112-5","精度区分":null,"座標系":"任意座標系"}},{"type":"Polygon","arcs":[[-4637,-4519,-4645,4645]],"properties":{"市区町村名":"留萌市","大字名":"東雲町","丁目名":"２丁目","小字名":null,"地番":"112-3","精度区分":null,"座標系":"任意座標系"}},{"type":"Polygon","arcs":[[4646,-4643,-4626,-4639]],"properties":{"市区町村名":"留萌市","大字名":"東雲町","丁目名":"２丁目","小字名":null,"地番":"118-10","精度区分":null,"座標系":"任意座標系"}},{"type":"Polygon","arcs":[[-4638,-4646,-4644,-4647]],"properties":{"市区町村名":"留萌市","大字名":"東雲町","丁目名":"２丁目","小字名":null,"地番":"115-2","精度区分":null,"座標系":"任意座標系"}},{"type":"Polygon","arcs":[[4647,-4540,4648,4649,4650]],"properties":{"市区町村名":"留萌市","大字名":"東雲町","丁目名":"２丁目","小字名":null,"地番":"118-11","精度区分":null,"座標系":"任意座標系"}},{"type":"Polygon","arcs":[[4651,-4535,4652,4653,4654]],"properties":{"市区町村名":"留萌市","大字名":"東雲町","丁目名":"２丁目","小字名":null,"地番":"117-5","精度区分":null,"座標系":"任意座標系"}},{"type":"Polygon","arcs":[[4655,4656,4657,4658]],"properties":{"市区町村名":"留萌市","大字名":"東雲町","丁目名":"２丁目","小字名":null,"地番":"122-3","精度区分":null,"座標系":"任意座標系"}},{"type":"Polygon","arcs":[[-4530,4659,-4463,4660,-4657,4661,4662]],"properties":{"市区町村名":"留萌市","大字名":"東雲町","丁目名":"２丁目","小字名":null,"地番":"120","精度区分":null,"座標系":"任意座標系"}},{"type":"Polygon","arcs":[[4663,-62,-4454,-4527]],"properties":{"市区町村名":"留萌市","大字名":"東雲町","丁目名":"２丁目","小字名":null,"地番":"114-2","精度区分":null,"座標系":"任意座標系"}},{"type":"Polygon","arcs":[[4664,-4458,4665,4666,-4529]],"properties":{"市区町村名":"留萌市","大字名":"東雲町","丁目名":"２丁目","小字名":null,"地番":"114-9","精度区分":null,"座標系":"任意座標系"}},{"type":"Polygon","arcs":[[-4666,-4457,4667,-4461]],"properties":{"市区町村名":"留萌市","大字名":"東雲町","丁目名":"２丁目","小字名":null,"地番":"114-1","精度区分":null,"座標系":"任意座標系"}},{"type":"Polygon","arcs":[[-4459,-4665,-4528]],"properties":{"市区町村名":"留萌市","大字名":"東雲町","丁目名":"２丁目","小字名":null,"地番":"114-8","精度区分":null,"座標系":"任意座標系"}},{"type":"Polygon","arcs":[[-4667,-4460,-4660]],"properties":{"市区町村名":"留萌市","大字名":"東雲町","丁目名":"２丁目","小字名":null,"地番":"119-2","精度区分":null,"座標系":"任意座標系"}},{"type":"Polygon","arcs":[[4668,-63,-4664,-4526]],"properties":{"市区町村名":"留萌市","大字名":"東雲町","丁目名":"２丁目","小字名":null,"地番":"114-4","精度区分":null,"座標系":"任意座標系"}},{"type":"Polygon","arcs":[[-64,-4669,-4525,4669]],"properties":{"市区町村名":"留萌市","大字名":"東雲町","丁目名":"２丁目","小字名":null,"地番":"114-6","精度区分":null,"座標系":"任意座標系"}},{"type":"Polygon","arcs":[[-4541,-65,-4670,-4524]],"properties":{"市区町村名":"留萌市","大字名":"東雲町","丁目名":"２丁目","小字名":null,"地番":"114-5","精度区分":null,"座標系":"任意座標系"}},{"type":"Polygon","arcs":[[4670,-4630,4671,-4651]],"properties":{"市区町村名":"留萌市","大字名":"東雲町","丁目名":"２丁目","小字名":null,"地番":"118-6","精度区分":null,"座標系":"任意座標系"}},{"type":"Polygon","arcs":[[4672,4673,-4671,4674]],"properties":{"市区町村名":"留萌市","大字名":"東雲町","丁目名":"２丁目","小字名":null,"地番":"118-2","精度区分":null,"座標系":"任意座標系"}},{"type":"Polygon","arcs":[[4675,-4490,4676,4677,-2,-4631,-4674]],"properties":{"市区町村名":"留萌市","大字名":"東雲町","丁目名":"２丁目","小字名":null,"地番":"118-3","精度区分":null,"座標系":"任意座標系"}},{"type":"Polygon","arcs":[[-4498,4678,-4632,-3,-4678,-4494]],"properties":{"市区町村名":"留萌市","大字名":"東雲町","丁目名":"２丁目","小字名":null,"地番":"118-16","精度区分":null,"座標系":"任意座標系"}},{"type":"Polygon","arcs":[[-4497,-4633,-4679]],"properties":{"市区町村名":"留萌市","大字名":"東雲町","丁目名":"２丁目","小字名":null,"地番":"118-15","精度区分":null,"座標系":"任意座標系"}},{"type":"Polygon","arcs":[[4679,-4495,-4677]],"properties":{"市区町村名":"留萌市","大字名":"東雲町","丁目名":"２丁目","小字名":null,"地番":"129-1","精度区分":null,"座標系":"任意座標系"}},{"type":"Polygon","arcs":[[4680,-4487,4681,4682]],"properties":{"市区町村名":"留萌市","大字名":"東雲町","丁目名":"２丁目","小字名":null,"地番":"128-5","精度区分":null,"座標系":"任意座標系"}},{"type":"Polygon","arcs":[[-4683,4683]],"properties":{"市区町村名":"留萌市","大字名":"東雲町","丁目名":"２丁目","小字名":null,"地番":"118-14","精度区分":null,"座標系":"任意座標系"}},{"type":"Polygon","arcs":[[-4488,-4681,4684,-4310]],"properties":{"市区町村名":"留萌市","大字名":"東雲町","丁目名":"２丁目","小字名":null,"地番":"128-6","精度区分":null,"座標系":"任意座標系"}},{"type":"Polygon","arcs":[[-4684,4685,4686,-4491,-4676,-4673,4687,4688,4689,-4475,-4482,-4351,-4311,-4685]],"properties":{"市区町村名":"留萌市","大字名":"東雲町","丁目名":"２丁目","小字名":null,"地番":"118-1","精度区分":null,"座標系":"任意座標系"}},{"type":"Polygon","arcs":[[4690,-4687]],"properties":{"市区町村名":"留萌市","大字名":"東雲町","丁目名":"２丁目","小字名":null,"地番":"118-13","精度区分":null,"座標系":"任意座標系"}},{"type":"Polygon","arcs":[[4691,-4485,-4492,-4691]],"properties":{"市区町村名":"留萌市","大字名":"東雲町","丁目名":"２丁目","小字名":null,"地番":"128-3","精度区分":null,"座標系":"任意座標系"}},{"type":"Polygon","arcs":[[-4486,-4692,-4686,-4682]],"properties":{"市区町村名":"留萌市","大字名":"東雲町","丁目名":"２丁目","小字名":null,"地番":"128-4","精度区分":null,"座標系":"任意座標系"}},{"type":"Polygon","arcs":[[4692,-4649,-4539,4693,4694]],"properties":{"市区町村名":"留萌市","大字名":"東雲町","丁目名":"２丁目","小字名":null,"地番":"117-4","精度区分":null,"座標系":"任意座標系"}},{"type":"Polygon","arcs":[[-4650,-4693,4695,4696,-4688,-4675]],"properties":{"市区町村名":"留萌市","大字名":"東雲町","丁目名":"２丁目","小字名":null,"地番":"118-4","精度区分":null,"座標系":"任意座標系"}},{"type":"Polygon","arcs":[[-4629,-4622,-4648,-4672]],"properties":{"市区町村名":"留萌市","大字名":"東雲町","丁目名":"２丁目","小字名":null,"地番":"118-5","精度区分":null,"座標系":"任意座標系"}},{"type":"Polygon","arcs":[[4697,4698,-4420,-4422,-4480]],"properties":{"市区町村名":"留萌市","大字名":"東雲町","丁目名":"２丁目","小字名":null,"地番":"116-63","精度区分":null,"座標系":"任意座標系"}},{"type":"Polygon","arcs":[[4699,4700,4701,4702,4703,4704,4705,4706,4707]],"properties":{"市区町村名":"留萌市","大字名":"東雲町","丁目名":"２丁目","小字名":null,"地番":"116-52","精度区分":null,"座標系":"任意座標系"}},{"type":"Polygon","arcs":[[-4533,4708,4709,-4700,4710]],"properties":{"市区町村名":"留萌市","大字名":"東雲町","丁目名":"２丁目","小字名":null,"地番":"116-5","精度区分":null,"座標系":"任意座標系"}},{"type":"Polygon","arcs":[[-4531,-4663,4711]],"properties":{"市区町村名":"留萌市","大字名":"東雲町","丁目名":"２丁目","小字名":null,"地番":"116-73","精度区分":null,"座標系":"任意座標系"}},{"type":"Polygon","arcs":[[4712,4713,4714,4715]],"properties":{"市区町村名":"留萌市","大字名":"東雲町","丁目名":"２丁目","小字名":null,"地番":"116-46","精度区分":null,"座標系":"任意座標系"}},{"type":"Polygon","arcs":[[4716,4717,4718,-4715]],"properties":{"市区町村名":"留萌市","大字名":"東雲町","丁目名":"２丁目","小字名":null,"地番":"116-67","精度区分":null,"座標系":"任意座標系"}},{"type":"Polygon","arcs":[[4719,-4716,4720]],"properties":{"市区町村名":"留萌市","大字名":"東雲町","丁目名":"２丁目","小字名":null,"地番":"116-6","精度区分":null,"座標系":"任意座標系"}},{"type":"Polygon","arcs":[[4721,4722,4723,4724,4725,4726,-4721,-4719,-8,-4712,-4662,-4656,4727,-4466,-4470]],"properties":{"市区町村名":"留萌市","大字名":"東雲町","丁目名":"２丁目","小字名":null,"地番":"116-7","精度区分":null,"座標系":"任意座標系"}},{"type":"Polygon","arcs":[[-4418,-4699,4728,4729,4730,4731,4732,4733,4734,4735,4736,4737,-4707,4738,4739,4740,4741,4742,4743,4744,4745,4746,4747,4748,4749,4750,4751,-4704,4752,4753,4754,4755,4756,4757,4758,4759,4760,4761,4762,4763,4764,4765,4766,4767,4768,-4701,4769,4770,4771,4772,4773,-4725,4774,4775,4776,4777,4778,4779,4780,4781,4782,4783,-4472,-4413]],"properties":{"市区町村名":"留萌市","大字名":"東雲町","丁目名":"２丁目","小字名":null,"地番":"116-2","精度区分":null,"座標系":"任意座標系"}},{"type":"Polygon","arcs":[[-4779,4784,4785,-4723,4786]],"properties":{"市区町村名":"留萌市","大字名":"東雲町","丁目名":"２丁目","小字名":null,"地番":"116-50","精度区分":null,"座標系":"任意座標系"}},{"type":"Polygon","arcs":[[-4469,-4780,-4787,-4722]],"properties":{"市区町村名":"留萌市","大字名":"東雲町","丁目名":"２丁目","小字名":null,"地番":"116-51","精度区分":null,"座標系":"任意座標系"}},{"type":"Polygon","arcs":[[-4653,-4534,-4711,-4708,4787,4788]],"properties":{"市区町村名":"留萌市","大字名":"東雲町","丁目名":"２丁目","小字名":null,"地番":"116-3","精度区分":null,"座標系":"任意座標系"}},{"type":"Polygon","arcs":[[-4788,-4738,4789]],"properties":{"市区町村名":"留萌市","大字名":"東雲町","丁目名":"２丁目","小字名":null,"地番":"116-53","精度区分":null,"座標系":"任意座標系"}},{"type":"Polygon","arcs":[[4790,-4753,-4703,4791]],"properties":{"市区町村名":"留萌市","大字名":"東雲町","丁目名":"２丁目","小字名":null,"地番":"116-29","精度区分":null,"座標系":"任意座標系"}},{"type":"Polygon","arcs":[[-4709,4792,4793,4794]],"properties":{"市区町村名":"留萌市","大字名":"東雲町","丁目名":"２丁目","小字名":null,"地番":"116-9","精度区分":null,"座標系":"任意座標系"}},{"type":"Polygon","arcs":[[4795,-4713,-4720,-4727,4796]],"properties":{"市区町村名":"留萌市","大字名":"東雲町","丁目名":"２丁目","小字名":null,"地番":"116-47","精度区分":null,"座標系":"任意座標系"}},{"type":"Polygon","arcs":[[-4793,-4532,-9,-4718]],"properties":{"市区町村名":"留萌市","大字名":"東雲町","丁目名":"２丁目","小字名":null,"地番":"116-8","精度区分":null,"座標系":"任意座標系"}},{"type":"Polygon","arcs":[[-4710,-4795,4797,-4770]],"properties":{"市区町村名":"留萌市","大字名":"東雲町","丁目名":"２丁目","小字名":null,"地番":"116-10","精度区分":null,"座標系":"任意座標系"}},{"type":"Polygon","arcs":[[4798,-4771,4799,-4714]],"properties":{"市区町村名":"留萌市","大字名":"東雲町","丁目名":"２丁目","小字名":null,"地番":"116-44","精度区分":null,"座標系":"任意座標系"}},{"type":"Polygon","arcs":[[-4772,-4799,-4796,4800]],"properties":{"市区町村名":"留萌市","大字名":"東雲町","丁目名":"２丁目","小字名":null,"地番":"116-45","精度区分":null,"座標系":"任意座標系"}},{"type":"Polygon","arcs":[[-4801,4801,-4773]],"properties":{"市区町村名":"留萌市","大字名":"東雲町","丁目名":"２丁目","小字名":null,"地番":"116-65","精度区分":null,"座標系":"任意座標系"}},{"type":"Polygon","arcs":[[-4802,-4797,-4726,-4774]],"properties":{"市区町村名":"留萌市","大字名":"東雲町","丁目名":"２丁目","小字名":null,"地番":"116-66","精度区分":null,"座標系":"任意座標系"}},{"type":"Polygon","arcs":[[-4728,-4659,4802,-4467]],"properties":{"市区町村名":"留萌市","大字名":"東雲町","丁目名":"２丁目","小字名":null,"地番":"121","精度区分":null,"座標系":"任意座標系"}},{"type":"Polygon","arcs":[[-4781,-4468,-4403,4803]],"properties":{"市区町村名":"留萌市","大字名":"東雲町","丁目名":"２丁目","小字名":null,"地番":"116-28","精度区分":null,"座標系":"任意座標系"}},{"type":"Polygon","arcs":[[4804,4805,4806,4807,4808,4809,4810,-4478]],"properties":{"市区町村名":"留萌市","大字名":"東雲町","丁目名":"２丁目","小字名":null,"地番":"124-5","精度区分":null,"座標系":"任意座標系"}},{"type":"Polygon","arcs":[[4811,4812,4813,-4694,-4538,4814,4815,-4805,-4477]],"properties":{"市区町村名":"留萌市","大字名":"東雲町","丁目名":"２丁目","小字名":null,"地番":"117-3","精度区分":null,"座標系":"任意座標系"}},{"type":"Polygon","arcs":[[4816,-4696,-4695,-4814]],"properties":{"市区町村名":"留萌市","大字名":"東雲町","丁目名":"２丁目","小字名":null,"地番":"125-3","精度区分":null,"座標系":"任意座標系"}},{"type":"Polygon","arcs":[[-4689,-4697,-4817,-4813,4817]],"properties":{"市区町村名":"留萌市","大字名":"東雲町","丁目名":"２丁目","小字名":null,"地番":"125-4","精度区分":null,"座標系":"任意座標系"}},{"type":"Polygon","arcs":[[-4690,-4818,-4812,-4476]],"properties":{"市区町村名":"留萌市","大字名":"東雲町","丁目名":"２丁目","小字名":null,"地番":"125-5","精度区分":null,"座標系":"任意座標系"}},{"type":"Polygon","arcs":[[-4815,-4537,4818,4819,4820]],"properties":{"市区町村名":"留萌市","大字名":"東雲町","丁目名":"２丁目","小字名":null,"地番":"117-2","精度区分":null,"座標系":"任意座標系"}},{"type":"Polygon","arcs":[[-4816,-4821,4821,4822,4823,4824,4825,4826,-4806]],"properties":{"市区町村名":"留萌市","大字名":"東雲町","丁目名":"２丁目","小字名":null,"地番":"124-4","精度区分":null,"座標系":"任意座標系"}},{"type":"Polygon","arcs":[[-4819,-4536,-4652,4827]],"properties":{"市区町村名":"留萌市","大字名":"東雲町","丁目名":"２丁目","小字名":null,"地番":"117-1","精度区分":null,"座標系":"任意座標系"}},{"type":"Polygon","arcs":[[-4820,-4828,4828,-4822]],"properties":{"市区町村名":"留萌市","大字名":"東雲町","丁目名":"２丁目","小字名":null,"地番":"124-1","精度区分":null,"座標系":"任意座標系"}},{"type":"Polygon","arcs":[[-4655,4829,4830,-4823,-4829]],"properties":{"市区町村名":"留萌市","大字名":"東雲町","丁目名":"２丁目","小字名":null,"地番":"124-7","精度区分":null,"座標系":"任意座標系"}},{"type":"Polygon","arcs":[[4831,-4830,-4654,-4789,-4790,-4737]],"properties":{"市区町村名":"留萌市","大字名":"東雲町","丁目名":"２丁目","小字名":null,"地番":"116-54","精度区分":null,"座標系":"任意座標系"}},{"type":"Polygon","arcs":[[4832,-4824,-4831,-4832,-4736]],"properties":{"市区町村名":"留萌市","大字名":"東雲町","丁目名":"２丁目","小字名":null,"地番":"116-55","精度区分":null,"座標系":"任意座標系"}},{"type":"Polygon","arcs":[[4833,-4825,-4833,-4735]],"properties":{"市区町村名":"留萌市","大字名":"東雲町","丁目名":"２丁目","小字名":null,"地番":"116-56","精度区分":null,"座標系":"任意座標系"}},{"type":"Polygon","arcs":[[4834,-4826,-4834,-4734]],"properties":{"市区町村名":"留萌市","大字名":"東雲町","丁目名":"２丁目","小字名":null,"地番":"116-57","精度区分":null,"座標系":"任意座標系"}},{"type":"Polygon","arcs":[[4835,-4807,-4827,-4835,-4733]],"properties":{"市区町村名":"留萌市","大字名":"東雲町","丁目名":"２丁目","小字名":null,"地番":"116-58","精度区分":null,"座標系":"任意座標系"}},{"type":"Polygon","arcs":[[4836,-4808,-4836,-4732]],"properties":{"市区町村名":"留萌市","大字名":"東雲町","丁目名":"２丁目","小字名":null,"地番":"116-59","精度区分":null,"座標系":"任意座標系"}},{"type":"Polygon","arcs":[[4837,-4809,-4837,-4731]],"properties":{"市区町村名":"留萌市","大字名":"東雲町","丁目名":"２丁目","小字名":null,"地番":"116-60","精度区分":null,"座標系":"任意座標系"}},{"type":"Polygon","arcs":[[4838,-4810,-4838,-4730]],"properties":{"市区町村名":"留萌市","大字名":"東雲町","丁目名":"２丁目","小字名":null,"地番":"116-61","精度区分":null,"座標系":"任意座標系"}},{"type":"Polygon","arcs":[[-4698,-4479,-4811,-4839,-4729]],"properties":{"市区町村名":"留萌市","大字名":"東雲町","丁目名":"２丁目","小字名":null,"地番":"116-62","精度区分":null,"座標系":"任意座標系"}},{"type":"Polygon","arcs":[[4839,-4739,-4706,4840]],"properties":{"市区町村名":"留萌市","大字名":"東雲町","丁目名":"２丁目","小字名":null,"地番":"116-11","精度区分":null,"座標系":"任意座標系"}},{"type":"Polygon","arcs":[[4841,4842,-4745]],"properties":{"市区町村名":"留萌市","大字名":"東雲町","丁目名":"２丁目","小字名":null,"地番":"116-17","精度区分":null,"座標系":"任意座標系"}},{"type":"Polygon","arcs":[[-4843,4843,-4746]],"properties":{"市区町村名":"留萌市","大字名":"東雲町","丁目名":"２丁目","小字名":null,"地番":"116-24","精度区分":null,"座標系":"任意座標系"}},{"type":"Polygon","arcs":[[4844,-4841,-4705,-4752]],"properties":{"市区町村名":"留萌市","大字名":"東雲町","丁目名":"２丁目","小字名":null,"地番":"116-18","精度区分":null,"座標系":"任意座標系"}},{"type":"Polygon","arcs":[[4845,4846,-4747,-4844]],"properties":{"市区町村名":"留萌市","大字名":"東雲町","丁目名":"２丁目","小字名":null,"地番":"116-23","精度区分":null,"座標系":"任意座標系"}},{"type":"Polygon","arcs":[[4847,-4743,4848,4849]],"properties":{"市区町村名":"留萌市","大字名":"東雲町","丁目名":"２丁目","小字名":null,"地番":"116-15","精度区分":null,"座標系":"任意座標系"}},{"type":"Polygon","arcs":[[-4744,-4848,-4846,-4842]],"properties":{"市区町村名":"留萌市","大字名":"東雲町","丁目名":"２丁目","小字名":null,"地番":"116-16","精度区分":null,"座標系":"任意座標系"}},{"type":"Polygon","arcs":[[-4849,-4742,4850,4851]],"properties":{"市区町村名":"留萌市","大字名":"東雲町","丁目名":"２丁目","小字名":null,"地番":"116-14","精度区分":null,"座標系":"任意座標系"}},{"type":"Polygon","arcs":[[-4851,-4741,4852,4853]],"properties":{"市区町村名":"留萌市","大字名":"東雲町","丁目名":"２丁目","小字名":null,"地番":"116-13","精度区分":null,"座標系":"任意座標系"}},{"type":"Polygon","arcs":[[-4853,-4740,-4840,4854]],"properties":{"市区町村名":"留萌市","大字名":"東雲町","丁目名":"２丁目","小字名":null,"地番":"116-12","精度区分":null,"座標系":"任意座標系"}},{"type":"Polygon","arcs":[[4855,4856,-4762]],"properties":{"市区町村名":"留萌市","大字名":"東雲町","丁目名":"２丁目","小字名":null,"地番":"116-36","精度区分":null,"座標系":"任意座標系"}},{"type":"Polygon","arcs":[[-4857,4857,-4763]],"properties":{"市区町村名":"留萌市","大字名":"東雲町","丁目名":"２丁目","小字名":null,"地番":"116-43","精度区分":null,"座標系":"任意座標系"}},{"type":"Polygon","arcs":[[4858,-4792,-4702,-4769]],"properties":{"市区町村名":"留萌市","大字名":"東雲町","丁目名":"２丁目","小字名":null,"地番":"116-37","精度区分":null,"座標系":"任意座標系"}},{"type":"Polygon","arcs":[[-4856,-4761,4859,4860]],"properties":{"市区町村名":"留萌市","大字名":"東雲町","丁目名":"２丁目","小字名":null,"地番":"116-35","精度区分":null,"座標系":"任意座標系"}},{"type":"Polygon","arcs":[[-4860,-4760,4861,4862,4863]],"properties":{"市区町村名":"留萌市","大字名":"東雲町","丁目名":"２丁目","小字名":null,"地番":"116-33","精度区分":null,"座標系":"任意座標系"}},{"type":"Polygon","arcs":[[4864,-4758,4865,4866,-4863]],"properties":{"市区町村名":"留萌市","大字名":"東雲町","丁目名":"２丁目","小字名":null,"地番":"116-71","精度区分":null,"座標系":"任意座標系"}},{"type":"Polygon","arcs":[[-4759,-4865,-4862]],"properties":{"市区町村名":"留萌市","大字名":"東雲町","丁目名":"２丁目","小字名":null,"地番":"116-34","精度区分":null,"座標系":"任意座標系"}},{"type":"Polygon","arcs":[[-4757,4867,4868,-4866]],"properties":{"市区町村名":"留萌市","大字名":"東雲町","丁目名":"２丁目","小字名":null,"地番":"116-32","精度区分":null,"座標系":"任意座標系"}},{"type":"Polygon","arcs":[[4869,-4867,-4869,4870,-4766]],"properties":{"市区町村名":"留萌市","大字名":"東雲町","丁目名":"２丁目","小字名":null,"地番":"116-40","精度区分":null,"座標系":"任意座標系"}},{"type":"Polygon","arcs":[[4871,4872,4873,-4767,-4871]],"properties":{"市区町村名":"留萌市","大字名":"東雲町","丁目名":"２丁目","小字名":null,"地番":"116-39","精度区分":null,"座標系":"任意座標系"}},{"type":"Polygon","arcs":[[4874,-4755,4875,-4873]],"properties":{"市区町村名":"留萌市","大字名":"東雲町","丁目名":"２丁目","小字名":null,"地番":"116-31","精度区分":null,"座標系":"任意座標系"}},{"type":"Polygon","arcs":[[-4756,-4875,-4872,-4868]],"properties":{"市区町村名":"留萌市","大字名":"東雲町","丁目名":"２丁目","小字名":null,"地番":"116-72","精度区分":null,"座標系":"任意座標系"}},{"type":"Polygon","arcs":[[4876,-4859,-4768,-4874]],"properties":{"市区町村名":"留萌市","大字名":"東雲町","丁目名":"２丁目","小字名":null,"地番":"116-38","精度区分":null,"座標系":"任意座標系"}},{"type":"Polygon","arcs":[[-4754,-4791,-4877,-4876]],"properties":{"市区町村名":"留萌市","大字名":"東雲町","丁目名":"２丁目","小字名":null,"地番":"116-30","精度区分":null,"座標系":"任意座標系"}},{"type":"Polygon","arcs":[[4877,-4776,4878]],"properties":{"市区町村名":"留萌市","大字名":"東雲町","丁目名":"２丁目","小字名":null,"地番":"116-70","精度区分":null,"座標系":"任意座標系"}},{"type":"Polygon","arcs":[[-4777,-4878,4879]],"properties":{"市区町村名":"留萌市","大字名":"東雲町","丁目名":"２丁目","小字名":null,"地番":"116-69","精度区分":null,"座標系":"任意座標系"}},{"type":"Polygon","arcs":[[-4785,-4778,-4880,4880]],"properties":{"市区町村名":"留萌市","大字名":"東雲町","丁目名":"２丁目","小字名":null,"地番":"116-48","精度区分":null,"座標系":"任意座標系"}},{"type":"Polygon","arcs":[[-4879,-4775,-4724,-4786,-4881]],"properties":{"市区町村名":"留萌市","大字名":"東雲町","丁目名":"２丁目","小字名":null,"地番":"116-49","精度区分":null,"座標系":"任意座標系"}},{"type":"Polygon","arcs":[[-4473,-4784,4881]],"properties":{"市区町村名":"留萌市","大字名":"東雲町","丁目名":"２丁目","小字名":null,"地番":"116-64","精度区分":null,"座標系":"任意座標系"}},{"type":"Polygon","arcs":[[-4882,-4783,4882,-4405,-4410,-4474]],"properties":{"市区町村名":"留萌市","大字名":"東雲町","丁目名":"２丁目","小字名":null,"地番":"116-26","精度区分":null,"座標系":"任意座標系"}},{"type":"Polygon","arcs":[[-4883,-4782,-4804,-4406]],"properties":{"市区町村名":"留萌市","大字名":"東雲町","丁目名":"２丁目","小字名":null,"地番":"116-27","精度区分":null,"座標系":"任意座標系"}},{"type":"Polygon","arcs":[[4883,-4864,-4870,-4765]],"properties":{"市区町村名":"留萌市","大字名":"東雲町","丁目名":"２丁目","小字名":null,"地番":"116-41","精度区分":null,"座標系":"任意座標系"}},{"type":"Polygon","arcs":[[-4858,-4861,-4884,-4764]],"properties":{"市区町村名":"留萌市","大字名":"東雲町","丁目名":"２丁目","小字名":null,"地番":"116-42","精度区分":null,"座標系":"任意座標系"}},{"type":"Polygon","arcs":[[4884,-4855,-4845,-4751]],"properties":{"市区町村名":"留萌市","大字名":"東雲町","丁目名":"２丁目","小字名":null,"地番":"116-19","精度区分":null,"座標系":"任意座標系"}},{"type":"Polygon","arcs":[[4885,-4854,-4885,-4750]],"properties":{"市区町村名":"留萌市","大字名":"東雲町","丁目名":"２丁目","小字名":null,"地番":"116-20","精度区分":null,"座標系":"任意座標系"}},{"type":"Polygon","arcs":[[4886,-4852,-4886,-4749]],"properties":{"市区町村名":"留萌市","大字名":"東雲町","丁目名":"２丁目","小字名":null,"地番":"116-21","精度区分":null,"座標系":"任意座標系"}},{"type":"Polygon","arcs":[[-4847,-4850,-4887,-4748]],"properties":{"市区町村名":"留萌市","大字名":"東雲町","丁目名":"２丁目","小字名":null,"地番":"116-22","精度区分":null,"座標系":"任意座標系"}},{"type":"Polygon","arcs":[[-4794,-4717,-4800,-4798]],"properties":{"市区町村名":"留萌市","大字名":"東雲町","丁目名":"２丁目","小字名":null,"地番":"116-68","精度区分":null,"座標系":"任意座標系"}},{"type":"Polygon","arcs":[[4887,-4432,-4620,4888,4889,4890,4891,4892,4893,4894,4895,4896,4897,4898,4899]],"properties":{"市区町村名":"留萌市","大字名":"東雲町","丁目名":"２丁目","小字名":null,"地番":"道-3001","精度区分":null,"座標系":"任意座標系"}},{"type":"Polygon","arcs":[[4900,4901,4902,4903,4904]],"properties":{"市区町村名":"留萌市","大字名":"東雲町","丁目名":"２丁目","小字名":null,"地番":"7","精度区分":null,"座標系":"任意座標系"}},{"type":"Polygon","arcs":[[4905,4906,4907,4908,4909,4910,4911,-4904,4912,4913,4914,-4891,4915]],"properties":{"市区町村名":"留萌市","大字名":"東雲町","丁目名":"２丁目","小字名":null,"地番":"道-3002","精度区分":null,"座標系":"任意座標系"}},{"type":"Polygon","arcs":[[4916,4917,4918]],"properties":{"市区町村名":"留萌市","大字名":"東雲町","丁目名":"２丁目","小字名":null,"地番":"1-5","精度区分":null,"座標系":"任意座標系"}},{"type":"Polygon","arcs":[[-4919,4919,4920,4921,4922]],"properties":{"市区町村名":"留萌市","大字名":"東雲町","丁目名":"２丁目","小字名":null,"地番":"1-1","精度区分":null,"座標系":"任意座標系"}},{"type":"Polygon","arcs":[[4923,4924,4925,-4922,4926,4927,-4915]],"properties":{"市区町村名":"留萌市","大字名":"東雲町","丁目名":"２丁目","小字名":null,"地番":"2","精度区分":null,"座標系":"任意座標系"}},{"type":"Polygon","arcs":[[-4892,-4928,4928,4929,4930,4931]],"properties":{"市区町村名":"留萌市","大字名":"東雲町","丁目名":"２丁目","小字名":null,"地番":"3-2","精度区分":null,"座標系":"任意座標系"}},{"type":"Polygon","arcs":[[-4930,4932,4933,4934]],"properties":{"市区町村名":"留萌市","大字名":"東雲町","丁目名":"２丁目","小字名":null,"地番":"3-5","精度区分":null,"座標系":"任意座標系"}},{"type":"Polygon","arcs":[[4935,4936,4937,-4934,4938,4939]],"properties":{"市区町村名":"留萌市","大字名":"東雲町","丁目名":"２丁目","小字名":null,"地番":"3-7","精度区分":null,"座標系":"任意座標系"}},{"type":"Polygon","arcs":[[-4896,4940,-4940,4941,4942]],"properties":{"市区町村名":"留萌市","大字名":"東雲町","丁目名":"２丁目","小字名":null,"地番":"3-1","精度区分":null,"座標系":"任意座標系"}},{"type":"Polygon","arcs":[[4943,-4897,-4943,4944,4945]],"properties":{"市区町村名":"留萌市","大字名":"東雲町","丁目名":"２丁目","小字名":null,"地番":"4-2","精度区分":null,"座標系":"任意座標系"}},{"type":"Polygon","arcs":[[4946,4947,-4946,4948]],"properties":{"市区町村名":"留萌市","大字名":"東雲町","丁目名":"２丁目","小字名":null,"地番":"4-1","精度区分":null,"座標系":"任意座標系"}},{"type":"Polygon","arcs":[[-4899,4949,-4947,4950,4951]],"properties":{"市区町村名":"留萌市","大字名":"東雲町","丁目名":"２丁目","小字名":null,"地番":"5","精度区分":null,"座標系":"任意座標系"}},{"type":"Polygon","arcs":[[-4900,-4952,4952]],"properties":{"市区町村名":"留萌市","大字名":"東雲町","丁目名":"２丁目","小字名":null,"地番":"6","精度区分":null,"座標系":"任意座標系"}},{"type":"Polygon","arcs":[[4953,4954,4955,-4567,-4576]],"properties":{"市区町村名":"留萌市","大字名":"東雲町","丁目名":"２丁目","小字名":null,"地番":"81-3","精度区分":null,"座標系":"任意座標系"}},{"type":"Polygon","arcs":[[4956,4957,4958,4959,-4955]],"properties":{"市区町村名":"留萌市","大字名":"東雲町","丁目名":"２丁目","小字名":null,"地番":"81-2","精度区分":null,"座標系":"任意座標系"}},{"type":"Polygon","arcs":[[4960,4961,-4906]],"properties":{"市区町村名":"留萌市","大字名":"東雲町","丁目名":"２丁目","小字名":null,"地番":"9-3","精度区分":null,"座標系":"任意座標系"}},{"type":"Polygon","arcs":[[4962,-2263,-2261,-2259,-2255,-2252,4963,4964]],"properties":{"市区町村名":"留萌市","大字名":"大字留萌村","丁目名":null,"小字名":"字留萌原野五線","地番":"14-4","精度区分":null,"座標系":"任意座標系"}},{"type":"Polygon","arcs":[[4965,4966,4967,4968]],"properties":{"市区町村名":"留萌市","大字名":"東雲町","丁目名":"２丁目","小字名":null,"地番":"65","精度区分":null,"座標系":"任意座標系"}},{"type":"Polygon","arcs":[[4969,4970,4971,4972,4973,4974,4975]],"properties":{"市区町村名":"留萌市","大字名":"東雲町","丁目名":"２丁目","小字名":null,"地番":"49-4","精度区分":null,"座標系":"任意座標系"}},{"type":"Polygon","arcs":[[4976,4977,4978]],"properties":{"市区町村名":"留萌市","大字名":"東雲町","丁目名":"２丁目","小字名":null,"地番":"72","精度区分":null,"座標系":"任意座標系"}},{"type":"Polygon","arcs":[[4979,4980,4981,-4966,4982,4983,4984,-4977,4985,4986]],"properties":{"市区町村名":"留萌市","大字名":"大字留萌村","丁目名":null,"小字名":"字留萌原野五線","地番":"14-3","精度区分":null,"座標系":"任意座標系"}},{"type":"Polygon","arcs":[[-4985,4987,4988,4989,4990,-4978]],"properties":{"市区町村名":"留萌市","大字名":"東雲町","丁目名":"２丁目","小字名":null,"地番":"67-2","精度区分":null,"座標系":"任意座標系"}},{"type":"Polygon","arcs":[[-4984,4991,4992,4993,4994,-4988]],"properties":{"市区町村名":"留萌市","大字名":"東雲町","丁目名":"２丁目","小字名":null,"地番":"66-1","精度区分":null,"座標系":"任意座標系"}},{"type":"Polygon","arcs":[[-4983,-4969,4995,4996,-4992]],"properties":{"市区町村名":"留萌市","大字名":"東雲町","丁目名":"２丁目","小字名":null,"地番":"66-2","精度区分":null,"座標系":"任意座標系"}},{"type":"Polygon","arcs":[[4997,-4965,4998,-4981]],"properties":{"市区町村名":"留萌市","大字名":"大字留萌村","丁目名":null,"小字名":"字留萌原野五線","地番":"14-5","精度区分":null,"座標系":"任意座標系"}},{"type":"Polygon","arcs":[[-4956,-4960,4999,5000,5001,5002,5003,5004,-4568]],"properties":{"市区町村名":"留萌市","大字名":"東雲町","丁目名":"２丁目","小字名":null,"地番":"81-1W2","精度区分":null,"座標系":"任意座標系"}},{"type":"Polygon","arcs":[[-4569,-5005,5005,5006,-4606,-4610]],"properties":{"市区町村名":"留萌市","大字名":"東雲町","丁目名":"２丁目","小字名":null,"地番":"99","精度区分":null,"座標系":"任意座標系"}},{"type":"Polygon","arcs":[[5007,5008,5009,5010,5011]],"properties":{"市区町村名":"留萌市","大字名":"東雲町","丁目名":"２丁目","小字名":null,"地番":"74-3","精度区分":null,"座標系":"任意座標系"}},{"type":"Polygon","arcs":[[5012,-4986,-4979,-4991,5013,-5010]],"properties":{"市区町村名":"留萌市","大字名":"東雲町","丁目名":"２丁目","小字名":null,"地番":"71-2","精度区分":null,"座標系":"任意座標系"}},{"type":"Polygon","arcs":[[5014,5015,5016]],"properties":{"市区町村名":"留萌市","大字名":"東雲町","丁目名":"２丁目","小字名":null,"地番":"76","精度区分":null,"座標系":"任意座標系"}},{"type":"Polygon","arcs":[[5017,5018,-96,5019,5020,5021,5022,5023,-5015]],"properties":{"市区町村名":"留萌市","大字名":"東雲町","丁目名":"２丁目","小字名":null,"地番":"79-1","精度区分":null,"座標系":"任意座標系"}},{"type":"Polygon","arcs":[[-4958,-4987,-5013,-5009,5024,5025]],"properties":{"市区町村名":"留萌市","大字名":"東雲町","丁目名":"２丁目","小字名":null,"地番":"73","精度区分":null,"座標系":"任意座標系"}},{"type":"Polygon","arcs":[[5026,5027,-86,5028]],"properties":{"市区町村名":"留萌市","大字名":"東雲町","丁目名":"２丁目","小字名":null,"地番":"90-2","精度区分":null,"座標系":"任意座標系"}},{"type":"Polygon","arcs":[[5029,5030,5031,-5029,-85,5032,5033,5034,5035,5036,5037,5038,5039,5040,5041,5042,-4961,-4916,5043,5044]],"properties":{"市区町村名":"留萌市","大字名":"東雲町","丁目名":"２丁目","小字名":null,"地番":"15W2","精度区分":null,"座標系":"任意座標系"}},{"type":"Polygon","arcs":[[5045,5046,5047,5048,5049,5050,5051,-4618,-4430,-4436,-4611,-4593]],"properties":{"市区町村名":"留萌市","大字名":"東雲町","丁目名":"２丁目","小字名":null,"地番":"93-1","精度区分":null,"座標系":"任意座標系"}},{"type":"Polygon","arcs":[[-5052,5052,-5050,5053,-5045,5054,-4889,-4619]],"properties":{"市区町村名":"留萌市","大字名":"東雲町","丁目名":"２丁目","小字名":null,"地番":"16-1","精度区分":null,"座標系":"任意座標系"}},{"type":"Polygon","arcs":[[5055,5056,5057,5058,5059]],"properties":{"市区町村名":"留萌市","大字名":"東雲町","丁目名":"２丁目","小字名":null,"地番":"68","精度区分":null,"座標系":"任意座標系"}},{"type":"Polygon","arcs":[[-4990,5060,5061,5062,-5057,5063]],"properties":{"市区町村名":"留萌市","大字名":"東雲町","丁目名":"２丁目","小字名":null,"地番":"67-1","精度区分":null,"座標系":"任意座標系"}},{"type":"Polygon","arcs":[[5064,5065,-71,5066]],"properties":{"市区町村名":"留萌市","大字名":"東雲町","丁目名":"２丁目","小字名":null,"地番":"70","精度区分":null,"座標系":"任意座標系"}},{"type":"Polygon","arcs":[[-5059,5067,5068,-72,-5066]],"properties":{"市区町村名":"留萌市","大字名":"東雲町","丁目名":"２丁目","小字名":null,"地番":"64-2","精度区分":null,"座標系":"任意座標系"}},{"type":"Polygon","arcs":[[5069,-5033,-84]],"properties":{"市区町村名":"留萌市","大字名":"東雲町","丁目名":"２丁目","小字名":null,"地番":"44-2","精度区分":null,"座標系":"任意座標系"}},{"type":"Polygon","arcs":[[5070,5071,5072,5073,5074,5075,5076,5077,5078,5079,5080,5081,-4901,5082,5083,5084,5085,5086]],"properties":{"市区町村名":"留萌市","大字名":"東雲町","丁目名":"２丁目","小字名":null,"地番":"11","精度区分":null,"座標系":"任意座標系"}},{"type":"Polygon","arcs":[[5087,-5077,5088]],"properties":{"市区町村名":"留萌市","大字名":"東雲町","丁目名":"２丁目","小字名":null,"地番":"23","精度区分":null,"座標系":"任意座標系"}},{"type":"Polygon","arcs":[[-4996,-4968,-4976,5089,5090]],"properties":{"市区町村名":"留萌市","大字名":"東雲町","丁目名":"２丁目","小字名":null,"地番":"58","精度区分":null,"座標系":"任意座標系"}},{"type":"Polygon","arcs":[[-5058,-5063,5091,5092,5093,-5068]],"properties":{"市区町村名":"留萌市","大字名":"東雲町","丁目名":"２丁目","小字名":null,"地番":"63","精度区分":null,"座標系":"任意座標系"}},{"type":"Polygon","arcs":[[5094,5095,5096,-5067,-70]],"properties":{"市区町村名":"留萌市","大字名":"東雲町","丁目名":"２丁目","小字名":null,"地番":"78","精度区分":null,"座標系":"任意座標系"}},{"type":"Polygon","arcs":[[5097,-97,-5019,5098]],"properties":{"市区町村名":"留萌市","大字名":"東雲町","丁目名":"２丁目","小字名":null,"地番":"79-3","精度区分":null,"座標系":"任意座標系"}},{"type":"Polygon","arcs":[[5099,5100,5101,-5099,5102,5103]],"properties":{"市区町村名":"留萌市","大字名":"東雲町","丁目名":"２丁目","小字名":null,"地番":"77-3","精度区分":null,"座標系":"任意座標系"}},{"type":"Polygon","arcs":[[5104,5105,-5104,5106,-5017,5107]],"properties":{"市区町村名":"留萌市","大字名":"東雲町","丁目名":"２丁目","小字名":null,"地番":"75-1","精度区分":null,"座標系":"任意座標系"}},{"type":"Polygon","arcs":[[-5011,5108,5109,5110]],"properties":{"市区町村名":"留萌市","大字名":"東雲町","丁目名":"２丁目","小字名":null,"地番":"74-1","精度区分":null,"座標系":"任意座標系"}},{"type":"Polygon","arcs":[[5111,-5109,-5014,-5064,-5056,-5096]],"properties":{"市区町村名":"留萌市","大字名":"東雲町","丁目名":"２丁目","小字名":null,"地番":"71-1","精度区分":null,"座標系":"任意座標系"}},{"type":"Polygon","arcs":[[5112,5113,5114,5115,5116,-5061]],"properties":{"市区町村名":"留萌市","大字名":"東雲町","丁目名":"２丁目","小字名":null,"地番":"61-1","精度区分":null,"座標系":"任意座標系"}},{"type":"Polygon","arcs":[[-4989,-4995,5117,-5113]],"properties":{"市区町村名":"留萌市","大字名":"東雲町","丁目名":"２丁目","小字名":null,"地番":"61-2","精度区分":null,"座標系":"任意座標系"}},{"type":"Polygon","arcs":[[5118,5119,5120,5121,5122,-5114]],"properties":{"市区町村名":"留萌市","大字名":"東雲町","丁目名":"２丁目","小字名":null,"地番":"60-1","精度区分":null,"座標系":"任意座標系"}},{"type":"Polygon","arcs":[[-4994,5123,-5119,-5118]],"properties":{"市区町村名":"留萌市","大字名":"東雲町","丁目名":"２丁目","小字名":null,"地番":"60-2","精度区分":null,"座標系":"任意座標系"}},{"type":"Polygon","arcs":[[5124,5125,5126,-5120]],"properties":{"市区町村名":"留萌市","大字名":"東雲町","丁目名":"２丁目","小字名":null,"地番":"59-3","精度区分":null,"座標系":"任意座標系"}},{"type":"Polygon","arcs":[[-4997,-5091,5127,5128,-5125,-5124,-4993]],"properties":{"市区町村名":"留萌市","大字名":"東雲町","丁目名":"２丁目","小字名":null,"地番":"59-2","精度区分":null,"座標系":"任意座標系"}},{"type":"Polygon","arcs":[[-5129,5129,5130,5131,5132,-5126]],"properties":{"市区町村名":"留萌市","大字名":"東雲町","丁目名":"２丁目","小字名":null,"地番":"59-1","精度区分":null,"座標系":"任意座標系"}},{"type":"Polygon","arcs":[[5133,5134,5135,5136,5137,-5130]],"properties":{"市区町村名":"留萌市","大字名":"東雲町","丁目名":"２丁目","小字名":null,"地番":"57-1","精度区分":null,"座標系":"任意座標系"}},{"type":"Polygon","arcs":[[-5090,-4975,-5134,-5128]],"properties":{"市区町村名":"留萌市","大字名":"東雲町","丁目名":"２丁目","小字名":null,"地番":"57-2","精度区分":null,"座標系":"任意座標系"}},{"type":"Polygon","arcs":[[-4973,5138,5139,5140,5141,5142,5143,5144,5145]],"properties":{"市区町村名":"留萌市","大字名":"東雲町","丁目名":"２丁目","小字名":null,"地番":"49-3","精度区分":null,"座標系":"任意座標系"}},{"type":"Polygon","arcs":[[-5135,-4974,-5146,5146,5147,5148,-5081,5149,5150,5151,5152,5153,5154]],"properties":{"市区町村名":"留萌市","大字名":"東雲町","丁目名":"２丁目","小字名":null,"地番":"49-2","精度区分":null,"座標系":"任意座標系"}},{"type":"Polygon","arcs":[[-5102,-5110,-5112,5155]],"properties":{"市区町村名":"留萌市","大字名":"東雲町","丁目名":"２丁目","小字名":null,"地番":"77-2","精度区分":null,"座標系":"任意座標系"}},{"type":"Polygon","arcs":[[5156,-5012,-5111,-5101]],"properties":{"市区町村名":"留萌市","大字名":"東雲町","丁目名":"２丁目","小字名":null,"地番":"74-5","精度区分":null,"座標系":"任意座標系"}},{"type":"Polygon","arcs":[[-5025,-5008,5157,5158]],"properties":{"市区町村名":"留萌市","大字名":"東雲町","丁目名":"２丁目","小字名":null,"地番":"74-4","精度区分":null,"座標系":"任意座標系"}},{"type":"Polygon","arcs":[[-5158,-5157,-5100,-5106]],"properties":{"市区町村名":"留萌市","大字名":"東雲町","丁目名":"２丁目","小字名":null,"地番":"74-2","精度区分":null,"座標系":"任意座標系"}},{"type":"Polygon","arcs":[[-5094,5159,-73,-5069]],"properties":{"市区町村名":"留萌市","大字名":"東雲町","丁目名":"２丁目","小字名":null,"地番":"64-1","精度区分":null,"座標系":"任意座標系"}},{"type":"Polygon","arcs":[[-5160,-5093,5160,-5116,5161,5162,-5121,-5127,-5133,5163,5164,5165,5166,-5153,5167,5168,5169,5170,5171,5172,5173,5174,-74]],"properties":{"市区町村名":"留萌市","大字名":"東雲町","丁目名":"２丁目","小字名":null,"地番":"49-1","精度区分":null,"座標系":"任意座標系"}},{"type":"Polygon","arcs":[[5175,5176,-5164,-5132]],"properties":{"市区町村名":"留萌市","大字名":"東雲町","丁目名":"２丁目","小字名":null,"地番":"53","精度区分":null,"座標系":"任意座標系"}},{"type":"Polygon","arcs":[[-5137,5177,5178,5179,5180,5181]],"properties":{"市区町村名":"留萌市","大字名":"東雲町","丁目名":"２丁目","小字名":null,"地番":"55","精度区分":null,"座標系":"任意座標系"}},{"type":"Polygon","arcs":[[-5181,5182,-5165,-5177,5183]],"properties":{"市区町村名":"留萌市","大字名":"東雲町","丁目名":"２丁目","小字名":null,"地番":"52","精度区分":null,"座標系":"任意座標系"}},{"type":"Polygon","arcs":[[-5182,-5184,-5176,-5131,-5138]],"properties":{"市区町村名":"留萌市","大字名":"東雲町","丁目名":"２丁目","小字名":null,"地番":"56","精度区分":null,"座標系":"任意座標系"}},{"type":"Polygon","arcs":[[-5179,5184,-5154,-5167,5185]],"properties":{"市区町村名":"留萌市","大字名":"東雲町","丁目名":"２丁目","小字名":null,"地番":"50","精度区分":null,"座標系":"任意座標系"}},{"type":"Polygon","arcs":[[-5178,-5136,-5155,-5185]],"properties":{"市区町村名":"留萌市","大字名":"東雲町","丁目名":"２丁目","小字名":null,"地番":"54","精度区分":null,"座標系":"任意座標系"}},{"type":"Polygon","arcs":[[-5180,-5186,-5166,-5183]],"properties":{"市区町村名":"留萌市","大字名":"東雲町","丁目名":"２丁目","小字名":null,"地番":"51","精度区分":null,"座標系":"任意座標系"}},{"type":"Polygon","arcs":[[5186,-5122,-5163]],"properties":{"市区町村名":"留萌市","大字名":"東雲町","丁目名":"２丁目","小字名":null,"地番":"61-4","精度区分":null,"座標系":"任意座標系"}},{"type":"Polygon","arcs":[[-5123,-5187,-5162,-5115]],"properties":{"市区町村名":"留萌市","大字名":"東雲町","丁目名":"２丁目","小字名":null,"地番":"61-3","精度区分":null,"座標系":"任意座標系"}},{"type":"Polygon","arcs":[[-5062,-5117,-5161,-5092]],"properties":{"市区町村名":"留萌市","大字名":"東雲町","丁目名":"２丁目","小字名":null,"地番":"62","精度区分":null,"座標系":"任意座標系"}},{"type":"Polygon","arcs":[[-5168,-5152,5187,5188]],"properties":{"市区町村名":"留萌市","大字名":"東雲町","丁目名":"２丁目","小字名":null,"地番":"28-2","精度区分":null,"座標系":"任意座標系"}},{"type":"Polygon","arcs":[[5189,5190,5191,5192,5193,-5169,-5189,5194,5195,5196,5197,5198,-5075,5199,5200,5201,5202,5203,5204]],"properties":{"市区町村名":"留萌市","大字名":"東雲町","丁目名":"２丁目","小字名":null,"地番":"33","精度区分":null,"座標系":"任意座標系"}},{"type":"Polygon","arcs":[[5205,-5089,-5076,-5199]],"properties":{"市区町村名":"留萌市","大字名":"東雲町","丁目名":"２丁目","小字名":null,"地番":"24","精度区分":null,"座標系":"任意座標系"}},{"type":"Polygon","arcs":[[-5078,-5088,-5206,-5198,5206]],"properties":{"市区町村名":"留萌市","大字名":"東雲町","丁目名":"２丁目","小字名":null,"地番":"25","精度区分":null,"座標系":"任意座標系"}},{"type":"Polygon","arcs":[[5207,-5079,-5207,-5197]],"properties":{"市区町村名":"留萌市","大字名":"東雲町","丁目名":"２丁目","小字名":null,"地番":"26","精度区分":null,"座標系":"任意座標系"}},{"type":"Polygon","arcs":[[-5150,-5080,-5208,-5196,5208]],"properties":{"市区町村名":"留萌市","大字名":"東雲町","丁目名":"２丁目","小字名":null,"地番":"27","精度区分":null,"座標系":"任意座標系"}},{"type":"Polygon","arcs":[[-5188,-5151,-5209,-5195]],"properties":{"市区町村名":"留萌市","大字名":"東雲町","丁目名":"２丁目","小字名":null,"地番":"28-1","精度区分":null,"座標系":"任意座標系"}},{"type":"Polygon","arcs":[[5209,-5204,5210,5211,5212,5213,5214]],"properties":{"市区町村名":"留萌市","大字名":"東雲町","丁目名":"２丁目","小字名":null,"地番":"43","精度区分":null,"座標系":"任意座標系"}},{"type":"Polygon","arcs":[[-5203,5215,-5071,5216,-5211]],"properties":{"市区町村名":"留萌市","大字名":"東雲町","丁目名":"２丁目","小字名":null,"地番":"32","精度区分":null,"座標系":"任意座標系"}},{"type":"Polygon","arcs":[[5217,-5193,5218]],"properties":{"市区町村名":"留萌市","大字名":"東雲町","丁目名":"２丁目","小字名":null,"地番":"34-1","精度区分":null,"座標系":"任意座標系"}},{"type":"Polygon","arcs":[[5219,-5170,-5194,-5218]],"properties":{"市区町村名":"留萌市","大字名":"東雲町","丁目名":"２丁目","小字名":null,"地番":"34-2","精度区分":null,"座標系":"任意座標系"}},{"type":"Polygon","arcs":[[5220,-5172,5221,5222]],"properties":{"市区町村名":"留萌市","大字名":"東雲町","丁目名":"２丁目","小字名":null,"地番":"36-2","精度区分":null,"座標系":"任意座標系"}},{"type":"Polygon","arcs":[[-5173,-5221,5223,5224]],"properties":{"市区町村名":"留萌市","大字名":"東雲町","丁目名":"２丁目","小字名":null,"地番":"39-2","精度区分":null,"座標系":"任意座標系"}},{"type":"Polygon","arcs":[[-5224,5225,5226,5227,5228]],"properties":{"市区町村名":"留萌市","大字名":"東雲町","丁目名":"２丁目","小字名":null,"地番":"39-1","精度区分":null,"座標系":"任意座標系"}},{"type":"Polygon","arcs":[[5229,5230,5231,-5227]],"properties":{"市区町村名":"留萌市","大字名":"東雲町","丁目名":"２丁目","小字名":null,"地番":"38","精度区分":null,"座標系":"任意座標系"}},{"type":"Polygon","arcs":[[-5231,5232,-5190,5233,5234]],"properties":{"市区町村名":"留萌市","大字名":"東雲町","丁目名":"２丁目","小字名":null,"地番":"37","精度区分":null,"座標系":"任意座標系"}},{"type":"Polygon","arcs":[[-5226,-5223,5235,-5191,-5233,-5230]],"properties":{"市区町村名":"留萌市","大字名":"東雲町","丁目名":"２丁目","小字名":null,"地番":"36-1","精度区分":null,"座標系":"任意座標系"}},{"type":"Polygon","arcs":[[5236,-5219,-5192,-5236]],"properties":{"市区町村名":"留萌市","大字名":"東雲町","丁目名":"２丁目","小字名":null,"地番":"35-1","精度区分":null,"座標系":"任意座標系"}},{"type":"Polygon","arcs":[[-5171,-5220,-5237,-5222]],"properties":{"市区町村名":"留萌市","大字名":"東雲町","丁目名":"２丁目","小字名":null,"地番":"35-2","精度区分":null,"座標系":"任意座標系"}},{"type":"Polygon","arcs":[[-5200,-5074,5237]],"properties":{"市区町村名":"留萌市","大字名":"東雲町","丁目名":"２丁目","小字名":null,"地番":"29","精度区分":null,"座標系":"任意座標系"}},{"type":"Polygon","arcs":[[-5202,5238,-5072,-5216]],"properties":{"市区町村名":"留萌市","大字名":"東雲町","丁目名":"２丁目","小字名":null,"地番":"31","精度区分":null,"座標系":"任意座標系"}},{"type":"Polygon","arcs":[[-5239,-5201,-5238,-5073]],"properties":{"市区町村名":"留萌市","大字名":"東雲町","丁目名":"２丁目","小字名":null,"地番":"30","精度区分":null,"座標系":"任意座標系"}},{"type":"Polygon","arcs":[[5239,-5213,5240,5241,-5034,-5070,-83]],"properties":{"市区町村名":"留萌市","大字名":"東雲町","丁目名":"２丁目","小字名":null,"地番":"44-1","精度区分":null,"座標系":"任意座標系"}},{"type":"Polygon","arcs":[[5242,-5214,-5240,-82,5243]],"properties":{"市区町村名":"留萌市","大字名":"東雲町","丁目名":"２丁目","小字名":null,"地番":"45-1","精度区分":null,"座標系":"任意座標系"}},{"type":"Polygon","arcs":[[5244,5245,-80,5246]],"properties":{"市区町村名":"留萌市","大字名":"東雲町","丁目名":"２丁目","小字名":null,"地番":"46-2","精度区分":null,"座標系":"任意座標系"}},{"type":"Polygon","arcs":[[-5244,-81,-5246]],"properties":{"市区町村名":"留萌市","大字名":"東雲町","丁目名":"２丁目","小字名":null,"地番":"45-2","精度区分":null,"座標系":"任意座標系"}},{"type":"Polygon","arcs":[[5247,-5247,-79]],"properties":{"市区町村名":"留萌市","大字名":"東雲町","丁目名":"２丁目","小字名":null,"地番":"47-2","精度区分":null,"座標系":"任意座標系"}},{"type":"Polygon","arcs":[[5248,5249,-5215,-5243,-5245]],"properties":{"市区町村名":"留萌市","大字名":"東雲町","丁目名":"２丁目","小字名":null,"地番":"46-1","精度区分":null,"座標系":"任意座標系"}},{"type":"Polygon","arcs":[[5250,5251,5252,-5249,-5248,-78]],"properties":{"市区町村名":"留萌市","大字名":"東雲町","丁目名":"２丁目","小字名":null,"地番":"47-1","精度区分":null,"座標系":"任意座標系"}},{"type":"Polygon","arcs":[[5253,5254,5255,-5251,-77,5256]],"properties":{"市区町村名":"留萌市","大字名":"東雲町","丁目名":"２丁目","小字名":null,"地番":"48-1","精度区分":null,"座標系":"任意座標系"}},{"type":"Polygon","arcs":[[5257,-5257,-76]],"properties":{"市区町村名":"留萌市","大字名":"東雲町","丁目名":"２丁目","小字名":null,"地番":"48-3","精度区分":null,"座標系":"任意座標系"}},{"type":"Polygon","arcs":[[5258,-5228,-5232,-5235,5259,-5252,-5256]],"properties":{"市区町村名":"留萌市","大字名":"東雲町","丁目名":"２丁目","小字名":null,"地番":"41","精度区分":null,"座標系":"任意座標系"}},{"type":"Polygon","arcs":[[5260,-5229,-5259,-5255]],"properties":{"市区町村名":"留萌市","大字名":"東雲町","丁目名":"２丁目","小字名":null,"地番":"40-1","精度区分":null,"座標系":"任意座標系"}},{"type":"Polygon","arcs":[[-5234,-5205,-5210,-5250,-5253,-5260]],"properties":{"市区町村名":"留萌市","大字名":"東雲町","丁目名":"２丁目","小字名":null,"地番":"42","精度区分":null,"座標系":"任意座標系"}},{"type":"Polygon","arcs":[[-5037,5261]],"properties":{"市区町村名":"留萌市","大字名":"東雲町","丁目名":"２丁目","小字名":null,"地番":"10-3","精度区分":null,"座標系":"任意座標系"}},{"type":"Polygon","arcs":[[-5083,-4905,-4912,5262,5263]],"properties":{"市区町村名":"留萌市","大字名":"東雲町","丁目名":"２丁目","小字名":null,"地番":"8","精度区分":null,"座標系":"任意座標系"}},{"type":"Polygon","arcs":[[5264,-5263,-4911,5265,5266]],"properties":{"市区町村名":"留萌市","大字名":"東雲町","丁目名":"２丁目","小字名":null,"地番":"9-2","精度区分":null,"座標系":"任意座標系"}},{"type":"Polygon","arcs":[[-5086,5267,5268]],"properties":{"市区町村名":"留萌市","大字名":"東雲町","丁目名":"２丁目","小字名":null,"地番":"10-7","精度区分":null,"座標系":"任意座標系"}},{"type":"Polygon","arcs":[[5269,5270,5271]],"properties":{"市区町村名":"留萌市","大字名":"東雲町","丁目名":"２丁目","小字名":null,"地番":"13","精度区分":null,"座標系":"任意座標系"}},{"type":"Polygon","arcs":[[-5036,5272,-5272,5273,-5268,-5085,5274,5275,5276,-5038,-5262]],"properties":{"市区町村名":"留萌市","大字名":"東雲町","丁目名":"２丁目","小字名":null,"地番":"10-4","精度区分":null,"座標系":"任意座標系"}},{"type":"Polygon","arcs":[[5277,-5242]],"properties":{"市区町村名":"留萌市","大字名":"東雲町","丁目名":"２丁目","小字名":null,"地番":"10-6","精度区分":null,"座標系":"任意座標系"}},{"type":"Polygon","arcs":[[-5278,5278,-5273,-5035]],"properties":{"市区町村名":"留萌市","大字名":"東雲町","丁目名":"２丁目","小字名":null,"地番":"10-5","精度区分":null,"座標系":"任意座標系"}},{"type":"Polygon","arcs":[[5279,-5217,-5087,-5269,5280]],"properties":{"市区町村名":"留萌市","大字名":"東雲町","丁目名":"２丁目","小字名":null,"地番":"12-1","精度区分":null,"座標系":"任意座標系"}},{"type":"Polygon","arcs":[[-5279,-5241,-5212,-5280,-5270]],"properties":{"市区町村名":"留萌市","大字名":"東雲町","丁目名":"２丁目","小字名":null,"地番":"14","精度区分":null,"座標系":"任意座標系"}},{"type":"Polygon","arcs":[[5281,5282,5283,-5266,-4910]],"properties":{"市区町村名":"留萌市","大字名":"東雲町","丁目名":"２丁目","小字名":null,"地番":"9-4","精度区分":null,"座標系":"任意座標系"}},{"type":"Polygon","arcs":[[-5039,-5277,5284,5285,5286,5287,-5283,5288,5289,5290,-5042,5291,5292,5293,5294,5295,5296,5297,5298]],"properties":{"市区町村名":"留萌市","大字名":"東雲町","丁目名":"２丁目","小字名":null,"地番":"9-1","精度区分":null,"座標系":"任意座標系"}},{"type":"Polygon","arcs":[[5299,-4907,-4962,-5043,-5291]],"properties":{"市区町村名":"留萌市","大字名":"東雲町","丁目名":"２丁目","小字名":null,"地番":"9-7","精度区分":null,"座標系":"任意座標系"}},{"type":"Polygon","arcs":[[-5290,5300,-4908,-5300]],"properties":{"市区町村名":"留萌市","大字名":"東雲町","丁目名":"２丁目","小字名":null,"地番":"9-6","精度区分":null,"座標系":"任意座標系"}},{"type":"Polygon","arcs":[[-5301,-5289,-5282,-4909]],"properties":{"市区町村名":"留萌市","大字名":"東雲町","丁目名":"２丁目","小字名":null,"地番":"9-5","精度区分":null,"座標系":"任意座標系"}},{"type":"Polygon","arcs":[[-5285,-5276,5301,5302]],"properties":{"市区町村名":"留萌市","大字名":"東雲町","丁目名":"２丁目","小字名":null,"地番":"9-19","精度区分":null,"座標系":"任意座標系"}},{"type":"Polygon","arcs":[[-5303,5303,5304,-5286]],"properties":{"市区町村名":"留萌市","大字名":"東雲町","丁目名":"２丁目","小字名":null,"地番":"9-16","精度区分":null,"座標系":"任意座標系"}},{"type":"Polygon","arcs":[[5305,5306,-5287,-5305]],"properties":{"市区町村名":"留萌市","大字名":"東雲町","丁目名":"２丁目","小字名":null,"地番":"9-17","精度区分":null,"座標系":"任意座標系"}},{"type":"Polygon","arcs":[[-5307,5307,-5267,-5284,-5288]],"properties":{"市区町村名":"留萌市","大字名":"東雲町","丁目名":"２丁目","小字名":null,"地番":"9-18","精度区分":null,"座標系":"任意座標系"}},{"type":"Polygon","arcs":[[-5084,-5264,-5265,-5308,-5306,-5304,-5302,-5275]],"properties":{"市区町村名":"留萌市","大字名":"東雲町","丁目名":"２丁目","小字名":null,"地番":"10-2","精度区分":null,"座標系":"任意座標系"}},{"type":"Polygon","arcs":[[-5299,5308,5309,-5040]],"properties":{"市区町村名":"留萌市","大字名":"東雲町","丁目名":"２丁目","小字名":null,"地番":"9-8","精度区分":null,"座標系":"任意座標系"}},{"type":"Polygon","arcs":[[-5296,5310,5311]],"properties":{"市区町村名":"留萌市","大字名":"東雲町","丁目名":"２丁目","小字名":null,"地番":"9-14","精度区分":null,"座標系":"任意座標系"}},{"type":"Polygon","arcs":[[-5311,-5295,5312]],"properties":{"市区町村名":"留萌市","大字名":"東雲町","丁目名":"２丁目","小字名":null,"地番":"9-15","精度区分":null,"座標系":"任意座標系"}},{"type":"Polygon","arcs":[[-5310,5313,-5292,-5041]],"properties":{"市区町村名":"留萌市","大字名":"東雲町","丁目名":"２丁目","小字名":null,"地番":"9-9","精度区分":null,"座標系":"任意座標系"}},{"type":"Polygon","arcs":[[5314,-5313,-5294,5315]],"properties":{"市区町村名":"留萌市","大字名":"東雲町","丁目名":"２丁目","小字名":null,"地番":"9-13","精度区分":null,"座標系":"任意座標系"}},{"type":"Polygon","arcs":[[5316,-5316,-5293,-5314]],"properties":{"市区町村名":"留萌市","大字名":"東雲町","丁目名":"２丁目","小字名":null,"地番":"9-11","精度区分":null,"座標系":"任意座標系"}},{"type":"Polygon","arcs":[[-5044,-4890,-5055]],"properties":{"市区町村名":"留萌市","大字名":"東雲町","丁目名":"２丁目","小字名":null,"地番":"16-2","精度区分":null,"座標系":"任意座標系"}},{"type":"Polygon","arcs":[[-5051,-5053]],"properties":{"市区町村名":"留萌市","大字名":"東雲町","丁目名":"２丁目","小字名":null,"地番":"17","精度区分":null,"座標系":"任意座標系"}},{"type":"Polygon","arcs":[[-4608,5317,5318,-4597]],"properties":{"市区町村名":"留萌市","大字名":"東雲町","丁目名":"２丁目","小字名":null,"地番":"96-2","精度区分":null,"座標系":"任意座標系"}},{"type":"Polygon","arcs":[[5319,-5022,5320,5321,5322]],"properties":{"市区町村名":"留萌市","大字名":"東雲町","丁目名":"２丁目","小字名":null,"地番":"84","精度区分":null,"座標系":"任意座標系"}},{"type":"Polygon","arcs":[[5323,-5023,-5320]],"properties":{"市区町村名":"留萌市","大字名":"東雲町","丁目名":"２丁目","小字名":null,"地番":"83","精度区分":null,"座標系":"任意座標系"}},{"type":"Polygon","arcs":[[5324,-5108,-5016,-5024,-5324,-5323,5325,5326,5327,-5000]],"properties":{"市区町村名":"留萌市","大字名":"東雲町","丁目名":"２丁目","小字名":null,"地番":"82-1","精度区分":null,"座標系":"任意座標系"}},{"type":"Polygon","arcs":[[-5001,-5328,5328,5329,5330,5331]],"properties":{"市区町村名":"留萌市","大字名":"東雲町","丁目名":"２丁目","小字名":null,"地番":"82-2","精度区分":null,"座標系":"任意座標系"}},{"type":"Polygon","arcs":[[-5002,-5332,5332,5333,5334,5335]],"properties":{"市区町村名":"留萌市","大字名":"東雲町","丁目名":"２丁目","小字名":null,"地番":"82-3","精度区分":null,"座標系":"任意座標系"}},{"type":"Polygon","arcs":[[5336,-5003,-5336,5337,5338]],"properties":{"市区町村名":"留萌市","大字名":"東雲町","丁目名":"２丁目","小字名":null,"地番":"97","精度区分":null,"座標系":"任意座標系"}},{"type":"Polygon","arcs":[[-5004,-5337,5339,5340,-5006]],"properties":{"市区町村名":"留萌市","大字名":"東雲町","丁目名":"２丁目","小字名":null,"地番":"98","精度区分":null,"座標系":"任意座標系"}},{"type":"Polygon","arcs":[[5341,-5338,-5335,5342,5343,5344,5345]],"properties":{"市区町村名":"留萌市","大字名":"東雲町","丁目名":"２丁目","小字名":null,"地番":"94-3","精度区分":null,"座標系":"任意座標系"}},{"type":"Polygon","arcs":[[5346,5347,5348,-5345]],"properties":{"市区町村名":"留萌市","大字名":"東雲町","丁目名":"２丁目","小字名":null,"地番":"85-16","精度区分":null,"座標系":"任意座標系"}},{"type":"Polygon","arcs":[[5349,5350,-5030,-5054,-5049]],"properties":{"市区町村名":"留萌市","大字名":"東雲町","丁目名":"２丁目","小字名":null,"地番":"92","精度区分":null,"座標系":"任意座標系"}},{"type":"Polygon","arcs":[[5351,-5340,-5339,-5342,5352]],"properties":{"市区町村名":"留萌市","大字名":"東雲町","丁目名":"２丁目","小字名":null,"地番":"94-1","精度区分":null,"座標系":"任意座標系"}},{"type":"Polygon","arcs":[[-5319,5353,5354,5355,5356,-5046,-4598]],"properties":{"市区町村名":"留萌市","大字名":"東雲町","丁目名":"２丁目","小字名":null,"地番":"93-2","精度区分":null,"座標系":"任意座標系"}},{"type":"Polygon","arcs":[[5357,-5353,-5346,5358,-5355]],"properties":{"市区町村名":"留萌市","大字名":"東雲町","丁目名":"２丁目","小字名":null,"地番":"94-2","精度区分":null,"座標系":"任意座標系"}},{"type":"Polygon","arcs":[[-5007,-5341,-5352,5359,-4607]],"properties":{"市区町村名":"留萌市","大字名":"東雲町","丁目名":"２丁目","小字名":null,"地番":"95-1","精度区分":null,"座標系":"任意座標系"}},{"type":"Polygon","arcs":[[-5360,-5358,-5354,-5318]],"properties":{"市区町村名":"留萌市","大字名":"東雲町","丁目名":"２丁目","小字名":null,"地番":"95-2","精度区分":null,"座標系":"任意座標系"}},{"type":"Polygon","arcs":[[5360,-89,5361,5362,5363]],"properties":{"市区町村名":"留萌市","大字名":"東雲町","丁目名":"２丁目","小字名":null,"地番":"86-2","精度区分":null,"座標系":"任意座標系"}},{"type":"Polygon","arcs":[[5364,5365,5366,5367,5368,5369,-90,-5361,5370,5371,-5356,-5359,-5349]],"properties":{"市区町村名":"留萌市","大字名":"東雲町","丁目名":"２丁目","小字名":null,"地番":"85-2","精度区分":null,"座標系":"任意座標系"}},{"type":"Polygon","arcs":[[5372,-87,-5028,5373]],"properties":{"市区町村名":"留萌市","大字名":"東雲町","丁目名":"２丁目","小字名":null,"地番":"89-2","精度区分":null,"座標系":"任意座標系"}},{"type":"Polygon","arcs":[[-5362,-88,-5373,5374]],"properties":{"市区町村名":"留萌市","大字名":"東雲町","丁目名":"２丁目","小字名":null,"地番":"86-3","精度区分":null,"座標系":"任意座標系"}},{"type":"Polygon","arcs":[[5375,5376,5377,-5374,5378,5379,-5350,-5048]],"properties":{"市区町村名":"留萌市","大字名":"東雲町","丁目名":"２丁目","小字名":null,"地番":"89-1","精度区分":null,"座標系":"任意座標系"}},{"type":"Polygon","arcs":[[-5380,5380,-5031,-5351]],"properties":{"市区町村名":"留萌市","大字名":"東雲町","丁目名":"２丁目","小字名":null,"地番":"91","精度区分":null,"座標系":"任意座標系"}},{"type":"Polygon","arcs":[[-5381,-5379,-5027,-5032]],"properties":{"市区町村名":"留萌市","大字名":"東雲町","丁目名":"２丁目","小字名":null,"地番":"90-1","精度区分":null,"座標系":"任意座標系"}},{"type":"Polygon","arcs":[[5381,-5363,-5375,-5378]],"properties":{"市区町村名":"留萌市","大字名":"東雲町","丁目名":"２丁目","小字名":null,"地番":"86-1","精度区分":null,"座標系":"任意座標系"}},{"type":"Polygon","arcs":[[-5371,-5364,5382,5383]],"properties":{"市区町村名":"留萌市","大字名":"東雲町","丁目名":"２丁目","小字名":null,"地番":"87-2","精度区分":null,"座標系":"任意座標系"}},{"type":"Polygon","arcs":[[5384,-5376,-5047,5385]],"properties":{"市区町村名":"留萌市","大字名":"東雲町","丁目名":"２丁目","小字名":null,"地番":"88-1","精度区分":null,"座標系":"任意座標系"}},{"type":"Polygon","arcs":[[-5383,-5382,-5377,-5385]],"properties":{"市区町村名":"留萌市","大字名":"東雲町","丁目名":"２丁目","小字名":null,"地番":"87-1","精度区分":null,"座標系":"任意座標系"}},{"type":"Polygon","arcs":[[5386,5387,5388,5389,5390,5391,5392,-94,5393,5394,5395,5396,5397,5398,5399,-5365,-5348,5400]],"properties":{"市区町村名":"留萌市","大字名":"東雲町","丁目名":"２丁目","小字名":null,"地番":"85-1","精度区分":null,"座標系":"任意座標系"}},{"type":"Polygon","arcs":[[-5401,-5347,-5344,5401]],"properties":{"市区町村名":"留萌市","大字名":"東雲町","丁目名":"２丁目","小字名":null,"地番":"85-17","精度区分":null,"座標系":"任意座標系"}},{"type":"Polygon","arcs":[[-5334,5402,-5387,-5402,-5343]],"properties":{"市区町村名":"留萌市","大字名":"東雲町","丁目名":"２丁目","小字名":null,"地番":"85-18","精度区分":null,"座標系":"任意座標系"}},{"type":"Polygon","arcs":[[-5403,-5333,-5331,5403,-5388]],"properties":{"市区町村名":"留萌市","大字名":"東雲町","丁目名":"２丁目","小字名":null,"地番":"85-19","精度区分":null,"座標系":"任意座標系"}},{"type":"Polygon","arcs":[[5404,-5020,-95,-5393]],"properties":{"市区町村名":"留萌市","大字名":"東雲町","丁目名":"２丁目","小字名":null,"地番":"85-24","精度区分":null,"座標系":"任意座標系"}},{"type":"Polygon","arcs":[[5405,-5321,-5021,-5405,-5392]],"properties":{"市区町村名":"留萌市","大字名":"東雲町","丁目名":"２丁目","小字名":null,"地番":"85-23","精度区分":null,"座標系":"任意座標系"}},{"type":"Polygon","arcs":[[5406,-5326,-5322,-5406,-5391]],"properties":{"市区町村名":"留萌市","大字名":"東雲町","丁目名":"２丁目","小字名":null,"地番":"85-22","精度区分":null,"座標系":"任意座標系"}},{"type":"Polygon","arcs":[[5407,-5329,-5327,-5407,-5390]],"properties":{"市区町村名":"留萌市","大字名":"東雲町","丁目名":"２丁目","小字名":null,"地番":"85-21","精度区分":null,"座標系":"任意座標系"}},{"type":"Polygon","arcs":[[-5404,-5330,-5408,-5389]],"properties":{"市区町村名":"留萌市","大字名":"東雲町","丁目名":"２丁目","小字名":null,"地番":"85-20","精度区分":null,"座標系":"任意座標系"}},{"type":"Polygon","arcs":[[5408,5409,-5398]],"properties":{"市区町村名":"留萌市","大字名":"東雲町","丁目名":"２丁目","小字名":null,"地番":"85-13","精度区分":null,"座標系":"任意座標系"}},{"type":"Polygon","arcs":[[-5394,-93,5410,5411]],"properties":{"市区町村名":"留萌市","大字名":"東雲町","丁目名":"２丁目","小字名":null,"地番":"85-5","精度区分":null,"座標系":"任意座標系"}},{"type":"Polygon","arcs":[[-5396,5412,5413,5414,-5368,5415,5416,5417]],"properties":{"市区町村名":"留萌市","大字名":"東雲町","丁目名":"２丁目","小字名":null,"地番":"85-9","精度区分":null,"座標系":"任意座標系"}},{"type":"Polygon","arcs":[[-5395,-5412,5418,-5413]],"properties":{"市区町村名":"留萌市","大字名":"東雲町","丁目名":"２丁目","小字名":null,"地番":"85-6","精度区分":null,"座標系":"任意座標系"}},{"type":"Polygon","arcs":[[5419,5420,-5369,-5415]],"properties":{"市区町村名":"留萌市","大字名":"東雲町","丁目名":"２丁目","小字名":null,"地番":"85-8","精度区分":null,"座標系":"任意座標系"}},{"type":"Polygon","arcs":[[-5409,-5397,-5418,5421]],"properties":{"市区町村名":"留萌市","大字名":"東雲町","丁目名":"２丁目","小字名":null,"地番":"85-12","精度区分":null,"座標系":"任意座標系"}},{"type":"Polygon","arcs":[[5422,5423,-5399,-5410]],"properties":{"市区町村名":"留萌市","大字名":"東雲町","丁目名":"２丁目","小字名":null,"地番":"85-14","精度区分":null,"座標系":"任意座標系"}},{"type":"Polygon","arcs":[[5424,-5416,-5367,5425]],"properties":{"市区町村名":"留萌市","大字名":"東雲町","丁目名":"２丁目","小字名":null,"地番":"85-10","精度区分":null,"座標系":"任意座標系"}},{"type":"Polygon","arcs":[[-5423,-5422,-5417,-5425]],"properties":{"市区町村名":"留萌市","大字名":"東雲町","丁目名":"２丁目","小字名":null,"地番":"85-11","精度区分":null,"座標系":"任意座標系"}},{"type":"Polygon","arcs":[[-5411,-92,5426,5427]],"properties":{"市区町村名":"留萌市","大字名":"東雲町","丁目名":"２丁目","小字名":null,"地番":"85-4","精度区分":null,"座標系":"任意座標系"}},{"type":"Polygon","arcs":[[-5419,-5428,-5420,-5414]],"properties":{"市区町村名":"留萌市","大字名":"東雲町","丁目名":"２丁目","小字名":null,"地番":"85-7","精度区分":null,"座標系":"任意座標系"}},{"type":"Polygon","arcs":[[-4950,-4898,-4944,-4948]],"properties":{"市区町村名":"留萌市","大字名":"東雲町","丁目名":"２丁目","小字名":null,"地番":"4-3","精度区分":null,"座標系":"任意座標系"}},{"type":"Polygon","arcs":[[5428,-4893,-4932,5429]],"properties":{"市区町村名":"留萌市","大字名":"東雲町","丁目名":"２丁目","小字名":null,"地番":"3-3","精度区分":null,"座標系":"任意座標系"}},{"type":"Polygon","arcs":[[5430,-4894,-5429,5431,-4937]],"properties":{"市区町村名":"留萌市","大字名":"東雲町","丁目名":"２丁目","小字名":null,"地番":"3-6","精度区分":null,"座標系":"任意座標系"}},{"type":"Polygon","arcs":[[-4895,-5431,-4936,-4941]],"properties":{"市区町村名":"留萌市","大字名":"東雲町","丁目名":"２丁目","小字名":null,"地番":"3-8","精度区分":null,"座標系":"任意座標系"}},{"type":"Polygon","arcs":[[-5430,-4931,-4935,-4938,-5432]],"properties":{"市区町村名":"留萌市","大字名":"東雲町","丁目名":"２丁目","小字名":null,"地番":"3-4","精度区分":null,"座標系":"任意座標系"}},{"type":"Polygon","arcs":[[-4924,-4914,5432,5433]],"properties":{"市区町村名":"留萌市","大字名":"東雲町","丁目名":"２丁目","小字名":null,"地番":"1-3","精度区分":null,"座標系":"任意座標系"}},{"type":"Polygon","arcs":[[-5434,5434,-4917,5435,-4925]],"properties":{"市区町村名":"留萌市","大字名":"東雲町","丁目名":"２丁目","小字名":null,"地番":"1-2","精度区分":null,"座標系":"任意座標系"}},{"type":"Polygon","arcs":[[-5436,-4923,-4926]],"properties":{"市区町村名":"留萌市","大字名":"東雲町","丁目名":"２丁目","小字名":null,"地番":"1-4","精度区分":null,"座標系":"任意座標系"}},{"type":"Polygon","arcs":[[-5421,-5427,-91,-5370]],"properties":{"市区町村名":"留萌市","大字名":"東雲町","丁目名":"２丁目","小字名":null,"地番":"85-3","精度区分":null,"座標系":"任意座標系"}},{"type":"Polygon","arcs":[[-5424,-5426,-5366,-5400]],"properties":{"市区町村名":"留萌市","大字名":"東雲町","丁目名":"２丁目","小字名":null,"地番":"85-15","精度区分":null,"座標系":"任意座標系"}},{"type":"Polygon","arcs":[[-5372,-5384,-5386,-5357]],"properties":{"市区町村名":"留萌市","大字名":"東雲町","丁目名":"２丁目","小字名":null,"地番":"88-2","精度区分":null,"座標系":"任意座標系"}},{"type":"Polygon","arcs":[[-5298,5436,-5317,-5309]],"properties":{"市区町村名":"留萌市","大字名":"東雲町","丁目名":"２丁目","小字名":null,"地番":"9-10","精度区分":null,"座標系":"任意座標系"}},{"type":"Polygon","arcs":[[-5297,-5312,-5315,-5437]],"properties":{"市区町村名":"留萌市","大字名":"東雲町","丁目名":"２丁目","小字名":null,"地番":"9-12","精度区分":null,"座標系":"任意座標系"}},{"type":"Polygon","arcs":[[-5271,-5281,-5274]],"properties":{"市区町村名":"留萌市","大字名":"東雲町","丁目名":"２丁目","小字名":null,"地番":"12-2","精度区分":null,"座標系":"任意座標系"}},{"type":"Polygon","arcs":[[-5175,5437,-5254,-5258,-75]],"properties":{"市区町村名":"留萌市","大字名":"東雲町","丁目名":"２丁目","小字名":null,"地番":"48-2","精度区分":null,"座標系":"任意座標系"}},{"type":"Polygon","arcs":[[-5174,-5225,-5261,-5438]],"properties":{"市区町村名":"留萌市","大字名":"東雲町","丁目名":"２丁目","小字名":null,"地番":"40-2","精度区分":null,"座標系":"任意座標系"}},{"type":"Polygon","arcs":[[5438,-5026,-5159,-5105]],"properties":{"市区町村名":"留萌市","大字名":"東雲町","丁目名":"２丁目","小字名":null,"地番":"75-2","精度区分":null,"座標系":"任意座標系"}},{"type":"Polygon","arcs":[[-5098,-5156,-5095,-69]],"properties":{"市区町村名":"留萌市","大字名":"東雲町","丁目名":"２丁目","小字名":null,"地番":"79-2","精度区分":null,"座標系":"任意座標系"}},{"type":"Polygon","arcs":[[-5097,-5060,-5065]],"properties":{"市区町村名":"留萌市","大字名":"東雲町","丁目名":"２丁目","小字名":null,"地番":"69","精度区分":null,"座標系":"任意座標系"}},{"type":"Polygon","arcs":[[-4959,-5439,-5325]],"properties":{"市区町村名":"留萌市","大字名":"東雲町","丁目名":"２丁目","小字名":null,"地番":"82-4","精度区分":null,"座標系":"任意座標系"}},{"type":"Polygon","arcs":[[-5018,-5107,-5103]],"properties":{"市区町村名":"留萌市","大字名":"東雲町","丁目名":"２丁目","小字名":null,"地番":"77-1","精度区分":null,"座標系":"任意座標系"}},{"type":"Polygon","arcs":[[5439,5440,5441,5442]],"properties":{"市区町村名":"留萌市","大字名":"大字留萌村","丁目名":null,"小字名":"字川上","地番":"1349-5","精度区分":null,"座標系":"任意座標系"}},{"type":"Polygon","arcs":[[5443,5444,5445]],"properties":{"市区町村名":"留萌市","大字名":"大字留萌村","丁目名":null,"小字名":"字留萌原野五線","地番":"13-13","精度区分":null,"座標系":"任意座標系"}},{"type":"Polygon","arcs":[[5446,5447,5448,5449,5450,5451]],"properties":{"市区町村名":"留萌市","大字名":"東雲町","丁目名":"１丁目","小字名":null,"地番":"100-2","精度区分":null,"座標系":"任意座標系"}},{"type":"Polygon","arcs":[[-5149,5452,5453,5454,5455,5456,5457,5458,5459,5460,5461,5462,5463,5464,5465,5466,5467,5468,5469,5470,5471,5472,5473,5474,5475,-5475,-4902,-5082]],"properties":{"市区町村名":"留萌市","大字名":"東雲町","丁目名":"１丁目","小字名":null,"地番":"84-1","精度区分":null,"座標系":"任意座標系"}},{"type":"Polygon","arcs":[[-5474,5476,-4903]],"properties":{"市区町村名":"留萌市","大字名":"東雲町","丁目名":"１丁目","小字名":null,"地番":"84-2","精度区分":null,"座標系":"任意座標系"}},{"type":"Polygon","arcs":[[-5477,-5473,5477,5478,5479,5480,5481,5482,5483,5484,5485,5486,5487,5488,5489,5490,5491,5492,5493,5494,5495,5496,5497,5498,5499,5500,-4913]],"properties":{"市区町村名":"留萌市","大字名":"東雲町","丁目名":"１丁目","小字名":null,"地番":"道-11","精度区分":null,"座標系":"任意座標系"}},{"type":"Polygon","arcs":[[5501,5502,5503,5504,-4918]],"properties":{"市区町村名":"留萌市","大字名":"東雲町","丁目名":"１丁目","小字名":null,"地番":"82-1","精度区分":null,"座標系":"任意座標系"}},{"type":"Polygon","arcs":[[-4920,5505]],"properties":{"市区町村名":"留萌市","大字名":"東雲町","丁目名":"１丁目","小字名":null,"地番":"109","精度区分":null,"座標系":"任意座標系"}},{"type":"Polygon","arcs":[[5506,5507,5508,5509,5510]],"properties":{"市区町村名":"留萌市","大字名":"東雲町","丁目名":"１丁目","小字名":null,"地番":"78-1","精度区分":null,"座標系":"任意座標系"}},{"type":"Polygon","arcs":[[5511,-5445,5512,5513,5514,5515]],"properties":{"市区町村名":"留萌市","大字名":"東雲町","丁目名":"１丁目","小字名":null,"地番":"90-2","精度区分":null,"座標系":"任意座標系"}},{"type":"Polygon","arcs":[[-5442,5516,5517,5518,5519,5520,5521]],"properties":{"市区町村名":"留萌市","大字名":"大字留萌村","丁目名":null,"小字名":"字川上","地番":"1347-3","精度区分":null,"座標系":"任意座標系"}},{"type":"Polygon","arcs":[[5522,-5519,5523,-5513,-5444,5524]],"properties":{"市区町村名":"留萌市","大字名":"大字留萌村","丁目名":null,"小字名":"字留萌原野五線","地番":"13-6","精度区分":null,"座標系":"任意座標系"}},{"type":"Polygon","arcs":[[5525,5526,-5521]],"properties":{"市区町村名":"留萌市","大字名":"大字留萌村","丁目名":null,"小字名":"字川上","地番":"1349-6","精度区分":null,"座標系":"任意座標系"}},{"type":"Polygon","arcs":[[-5526,-5520,-5523,5527]],"properties":{"市区町村名":"留萌市","大字名":"大字留萌村","丁目名":null,"小字名":"字留萌原野五線","地番":"13-8","精度区分":null,"座標系":"任意座標系"}},{"type":"Polygon","arcs":[[-5441,5528,5529,-5517]],"properties":{"市区町村名":"留萌市","大字名":"大字留萌村","丁目名":null,"小字名":"字川上","地番":"1349-3","精度区分":null,"座標系":"任意座標系"}},{"type":"Polygon","arcs":[[5530,5531,5532,5533,5534]],"properties":{"市区町村名":"留萌市","大字名":"東雲町","丁目名":"１丁目","小字名":null,"地番":"67-4","精度区分":null,"座標系":"任意座標系"}},{"type":"Polygon","arcs":[[5535,5536,5537,5538]],"properties":{"市区町村名":"留萌市","大字名":"東雲町","丁目名":"１丁目","小字名":null,"地番":"97-3","精度区分":null,"座標系":"任意座標系"}},{"type":"Polygon","arcs":[[5539,5540,5541,-5538,5542,5543,-5454]],"properties":{"市区町村名":"留萌市","大字名":"東雲町","丁目名":"１丁目","小字名":null,"地番":"88","精度区分":null,"座標系":"任意座標系"}},{"type":"Polygon","arcs":[[5544,5545,-5147,5546]],"properties":{"市区町村名":"留萌市","大字名":"東雲町","丁目名":"１丁目","小字名":null,"地番":"105-12","精度区分":null,"座標系":"任意座標系"}},{"type":"Polygon","arcs":[[-5546,5547,5548,5549,5550,5551,5552,5553,-5540,-5453,-5148]],"properties":{"市区町村名":"留萌市","大字名":"東雲町","丁目名":"１丁目","小字名":null,"地番":"89","精度区分":null,"座標系":"任意座標系"}},{"type":"Polygon","arcs":[[-5524,-5518,5554,5555,5556,-5514]],"properties":{"市区町村名":"留萌市","大字名":"東雲町","丁目名":"１丁目","小字名":null,"地番":"67-2","精度区分":null,"座標系":"任意座標系"}},{"type":"Polygon","arcs":[[5557,5558,-5557]],"properties":{"市区町村名":"留萌市","大字名":"東雲町","丁目名":"１丁目","小字名":null,"地番":"67-3","精度区分":null,"座標系":"任意座標系"}},{"type":"Polygon","arcs":[[5559,5560,5561,5562]],"properties":{"市区町村名":"留萌市","大字名":"東雲町","丁目名":"１丁目","小字名":null,"地番":"93-2","精度区分":null,"座標系":"任意座標系"}},{"type":"Polygon","arcs":[[5563,5564,5565,5566,-5563]],"properties":{"市区町村名":"留萌市","大字名":"東雲町","丁目名":"１丁目","小字名":null,"地番":"93-1","精度区分":null,"座標系":"任意座標系"}},{"type":"Polygon","arcs":[[5567,5568,-5560,-5567,5569,5570]],"properties":{"市区町村名":"留萌市","大字名":"東雲町","丁目名":"１丁目","小字名":null,"地番":"94","精度区分":null,"座標系":"任意座標系"}},{"type":"Polygon","arcs":[[-5537,5571,5572,5573,-5543]],"properties":{"市区町村名":"留萌市","大字名":"東雲町","丁目名":"１丁目","小字名":null,"地番":"96-2","精度区分":null,"座標系":"任意座標系"}},{"type":"Polygon","arcs":[[5574,5575,5576,-5573]],"properties":{"市区町村名":"留萌市","大字名":"東雲町","丁目名":"１丁目","小字名":null,"地番":"92-4","精度区分":null,"座標系":"任意座標系"}},{"type":"Polygon","arcs":[[5577,5578,5579,-5576]],"properties":{"市区町村名":"留萌市","大字名":"東雲町","丁目名":"１丁目","小字名":null,"地番":"91-3","精度区分":null,"座標系":"任意座標系"}},{"type":"Polygon","arcs":[[5580,-5535,5581,5582,-5579]],"properties":{"市区町村名":"留萌市","大字名":"東雲町","丁目名":"１丁目","小字名":null,"地番":"90-4","精度区分":null,"座標系":"任意座標系"}},{"type":"Polygon","arcs":[[-5558,-5556,5583,5584,-5531,5585,5586]],"properties":{"市区町村名":"留萌市","大字名":"東雲町","丁目名":"１丁目","小字名":null,"地番":"67-1","精度区分":null,"座標系":"任意座標系"}},{"type":"Polygon","arcs":[[5587,-5587,5588,5589]],"properties":{"市区町村名":"留萌市","大字名":"東雲町","丁目名":"１丁目","小字名":null,"地番":"90-1","精度区分":null,"座標系":"任意座標系"}},{"type":"Polygon","arcs":[[-5586,-5581,5590,-5589]],"properties":{"市区町村名":"留萌市","大字名":"東雲町","丁目名":"１丁目","小字名":null,"地番":"90-5","精度区分":null,"座標系":"任意座標系"}},{"type":"Polygon","arcs":[[5591,-5547,-5145,5592]],"properties":{"市区町村名":"留萌市","大字名":"東雲町","丁目名":"１丁目","小字名":null,"地番":"105-2","精度区分":null,"座標系":"任意座標系"}},{"type":"Polygon","arcs":[[5593,5594,5595,-5565]],"properties":{"市区町村名":"留萌市","大字名":"東雲町","丁目名":"１丁目","小字名":null,"地番":"92-3","精度区分":null,"座標系":"任意座標系"}},{"type":"Polygon","arcs":[[-5595,5596,5597,5598,5599]],"properties":{"市区町村名":"留萌市","大字名":"東雲町","丁目名":"１丁目","小字名":null,"地番":"92-2","精度区分":null,"座標系":"任意座標系"}},{"type":"Polygon","arcs":[[5600,-5575,5601,-5598]],"properties":{"市区町村名":"留萌市","大字名":"東雲町","丁目名":"１丁目","小字名":null,"地番":"92-1","精度区分":null,"座標系":"任意座標系"}},{"type":"Polygon","arcs":[[5602,-5568,5603,5604]],"properties":{"市区町村名":"留萌市","大字名":"東雲町","丁目名":"１丁目","小字名":null,"地番":"97-2","精度区分":null,"座標系":"任意座標系"}},{"type":"Polygon","arcs":[[5605,5606,-5539,-5542]],"properties":{"市区町村名":"留萌市","大字名":"東雲町","丁目名":"１丁目","小字名":null,"地番":"98-3","精度区分":null,"座標系":"任意座標系"}},{"type":"Polygon","arcs":[[-5566,-5596,-5600,5607,5608,-5570]],"properties":{"市区町村名":"留萌市","大字名":"東雲町","丁目名":"１丁目","小字名":null,"地番":"95","精度区分":null,"座標系":"任意座標系"}},{"type":"Polygon","arcs":[[-5599,-5602,-5572,5609,-5608]],"properties":{"市区町村名":"留萌市","大字名":"東雲町","丁目名":"１丁目","小字名":null,"地番":"96-1","精度区分":null,"座標系":"任意座標系"}},{"type":"Polygon","arcs":[[5610,5611,-5605,5612]],"properties":{"市区町村名":"留萌市","大字名":"東雲町","丁目名":"１丁目","小字名":null,"地番":"98-2","精度区分":null,"座標系":"任意座標系"}},{"type":"Polygon","arcs":[[5613,-5607,5614,-5613]],"properties":{"市区町村名":"留萌市","大字名":"東雲町","丁目名":"１丁目","小字名":null,"地番":"98-1","精度区分":null,"座標系":"任意座標系"}},{"type":"Polygon","arcs":[[-5447,5615,-5611,5616]],"properties":{"市区町村名":"留萌市","大字名":"東雲町","丁目名":"１丁目","小字名":null,"地番":"99-2","精度区分":null,"座標系":"任意座標系"}},{"type":"Polygon","arcs":[[-5615,5617,5618,5619,-5617]],"properties":{"市区町村名":"留萌市","大字名":"東雲町","丁目名":"１丁目","小字名":null,"地番":"99-1","精度区分":null,"座標系":"任意座標系"}},{"type":"Polygon","arcs":[[-5620,5620,5621,5622,5623,-5448]],"properties":{"市区町村名":"留萌市","大字名":"東雲町","丁目名":"１丁目","小字名":null,"地番":"100-1","精度区分":null,"座標系":"任意座標系"}},{"type":"Polygon","arcs":[[5624,-5449,5625,5626,-4972,5627]],"properties":{"市区町村名":"留萌市","大字名":"東雲町","丁目名":"１丁目","小字名":null,"地番":"106-2","精度区分":null,"座標系":"任意座標系"}},{"type":"Polygon","arcs":[[5628,5629,-5627]],"properties":{"市区町村名":"留萌市","大字名":"東雲町","丁目名":"１丁目","小字名":null,"地番":"106-3","精度区分":null,"座標系":"任意座標系"}},{"type":"Polygon","arcs":[[5630,5631,5632,5633]],"properties":{"市区町村名":"留萌市","大字名":"東雲町","丁目名":"１丁目","小字名":null,"地番":"105-6","精度区分":null,"座標系":"任意座標系"}},{"type":"Polygon","arcs":[[-5626,-5624,-5631,-5629]],"properties":{"市区町村名":"留萌市","大字名":"東雲町","丁目名":"１丁目","小字名":null,"地番":"106-1","精度区分":null,"座標系":"任意座標系"}},{"type":"Polygon","arcs":[[-5621,-5619,5634,5635]],"properties":{"市区町村名":"留萌市","大字名":"東雲町","丁目名":"１丁目","小字名":null,"地番":"101-1","精度区分":null,"座標系":"任意座標系"}},{"type":"Polygon","arcs":[[5636,-5635,5637,-5553]],"properties":{"市区町村名":"留萌市","大字名":"東雲町","丁目名":"１丁目","小字名":null,"地番":"101-2","精度区分":null,"座標系":"任意座標系"}},{"type":"Polygon","arcs":[[-5618,-5606,-5541,-5554,-5638]],"properties":{"市区町村名":"留萌市","大字名":"東雲町","丁目名":"１丁目","小字名":null,"地番":"99-3","精度区分":null,"座標系":"任意座標系"}},{"type":"Polygon","arcs":[[-5622,-5636,5638,5639,5640]],"properties":{"市区町村名":"留萌市","大字名":"東雲町","丁目名":"１丁目","小字名":null,"地番":"102-1","精度区分":null,"座標系":"任意座標系"}},{"type":"Polygon","arcs":[[5641,5642,-5551,5643]],"properties":{"市区町村名":"留萌市","大字名":"東雲町","丁目名":"１丁目","小字名":null,"地番":"103-2","精度区分":null,"座標系":"任意座標系"}},{"type":"Polygon","arcs":[[-5639,-5637,-5552,-5643]],"properties":{"市区町村名":"留萌市","大字名":"東雲町","丁目名":"１丁目","小字名":null,"地番":"102-2","精度区分":null,"座標系":"任意座標系"}},{"type":"Polygon","arcs":[[-5632,-5623,-5641,5644,5645,5646,5647,5648,5649]],"properties":{"市区町村名":"留萌市","大字名":"東雲町","丁目名":"１丁目","小字名":null,"地番":"104-1","精度区分":null,"座標系":"任意座標系"}},{"type":"Polygon","arcs":[[-5640,-5642,-5645]],"properties":{"市区町村名":"留萌市","大字名":"東雲町","丁目名":"１丁目","小字名":null,"地番":"103-1","精度区分":null,"座標系":"任意座標系"}},{"type":"Polygon","arcs":[[5650,-5646,-5644,-5550]],"properties":{"市区町村名":"留萌市","大字名":"東雲町","丁目名":"１丁目","小字名":null,"地番":"104-2","精度区分":null,"座標系":"任意座標系"}},{"type":"Polygon","arcs":[[5651,-5450,-5625]],"properties":{"市区町村名":"留萌市","大字名":"東雲町","丁目名":"１丁目","小字名":null,"地番":"107","精度区分":null,"座標系":"任意座標系"}},{"type":"Polygon","arcs":[[-5652,-5628,-4971,5652,-5451]],"properties":{"市区町村名":"留萌市","大字名":"東雲町","丁目名":"１丁目","小字名":null,"地番":"108","精度区分":null,"座標系":"任意座標系"}},{"type":"Polygon","arcs":[[-5630,-5634,5653,-5139]],"properties":{"市区町村名":"留萌市","大字名":"東雲町","丁目名":"１丁目","小字名":null,"地番":"105-5","精度区分":null,"座標系":"任意座標系"}},{"type":"Polygon","arcs":[[-5633,-5650,5654,-5140,-5654]],"properties":{"市区町村名":"留萌市","大字名":"東雲町","丁目名":"１丁目","小字名":null,"地番":"105-11","精度区分":null,"座標系":"任意座標系"}},{"type":"Polygon","arcs":[[-5655,-5649,5655,5656,-5141]],"properties":{"市区町村名":"留萌市","大字名":"東雲町","丁目名":"１丁目","小字名":null,"地番":"105-1","精度区分":null,"座標系":"任意座標系"}},{"type":"Polygon","arcs":[[5657,5658,-5142,-5657]],"properties":{"市区町村名":"留萌市","大字名":"東雲町","丁目名":"１丁目","小字名":null,"地番":"105-4","精度区分":null,"座標系":"任意座標系"}},{"type":"Polygon","arcs":[[5659,5660,-5548,-5545]],"properties":{"市区町村名":"留萌市","大字名":"東雲町","丁目名":"１丁目","小字名":null,"地番":"105-13","精度区分":null,"座標系":"任意座標系"}},{"type":"Polygon","arcs":[[5661,5662,-5143,-5659]],"properties":{"市区町村名":"留萌市","大字名":"東雲町","丁目名":"１丁目","小字名":null,"地番":"105-10","精度区分":null,"座標系":"任意座標系"}},{"type":"Polygon","arcs":[[5663,-5593,-5144,-5663]],"properties":{"市区町村名":"留萌市","大字名":"東雲町","丁目名":"１丁目","小字名":null,"地番":"105-3","精度区分":null,"座標系":"任意座標系"}},{"type":"Polygon","arcs":[[5664,-5651,-5549,-5661]],"properties":{"市区町村名":"留萌市","大字名":"東雲町","丁目名":"１丁目","小字名":null,"地番":"105-14","精度区分":null,"座標系":"任意座標系"}},{"type":"Polygon","arcs":[[-5476]],"properties":{"市区町村名":"留萌市","大字名":"東雲町","丁目名":"１丁目","小字名":null,"地番":"85","精度区分":null,"座標系":"任意座標系"}},{"type":"Polygon","arcs":[[5665,5666,-5478,-5472]],"properties":{"市区町村名":"留萌市","大字名":"東雲町","丁目名":"１丁目","小字名":null,"地番":"83-1","精度区分":null,"座標系":"任意座標系"}},{"type":"Polygon","arcs":[[5667,5668,5669,5670,5671,5672,5673,5674,5675,5676,5677,5678,-5479,-5667,5679,5680,5681,5682,5683,5684]],"properties":{"市区町村名":"留萌市","大字名":"東雲町","丁目名":"１丁目","小字名":null,"地番":"83-11","精度区分":null,"座標系":"任意座標系"}},{"type":"Polygon","arcs":[[-5577,-5580,-5583,5685,5686,5687,5688,5689,5690,5691,5692,5693,5694,5695,5696,5697,5698,5699,5700,5701,5702,5703,5704,5705,5706,-5544,-5574]],"properties":{"市区町村名":"留萌市","大字名":"東雲町","丁目名":"１丁目","小字名":null,"地番":"69-27","精度区分":null,"座標系":"任意座標系"}},{"type":"Polygon","arcs":[[5707,-5455,-5707]],"properties":{"市区町村名":"留萌市","大字名":"東雲町","丁目名":"１丁目","小字名":null,"地番":"69-26","精度区分":null,"座標系":"任意座標系"}},{"type":"Polygon","arcs":[[-5706,5708,-5456,-5708]],"properties":{"市区町村名":"留萌市","大字名":"東雲町","丁目名":"１丁目","小字名":null,"地番":"69-25","精度区分":null,"座標系":"任意座標系"}},{"type":"Polygon","arcs":[[-5705,5709,-5457,-5709]],"properties":{"市区町村名":"留萌市","大字名":"東雲町","丁目名":"１丁目","小字名":null,"地番":"69-24","精度区分":null,"座標系":"任意座標系"}},{"type":"Polygon","arcs":[[-5704,5710,-5458,-5710]],"properties":{"市区町村名":"留萌市","大字名":"東雲町","丁目名":"１丁目","小字名":null,"地番":"69-23","精度区分":null,"座標系":"任意座標系"}},{"type":"Polygon","arcs":[[-5703,5711,-5459,-5711]],"properties":{"市区町村名":"留萌市","大字名":"東雲町","丁目名":"１丁目","小字名":null,"地番":"69-22","精度区分":null,"座標系":"任意座標系"}},{"type":"Polygon","arcs":[[-5702,5712,-5460,-5712]],"properties":{"市区町村名":"留萌市","大字名":"東雲町","丁目名":"１丁目","小字名":null,"地番":"69-21","精度区分":null,"座標系":"任意座標系"}},{"type":"Polygon","arcs":[[-5701,5713,-5461,-5713]],"properties":{"市区町村名":"留萌市","大字名":"東雲町","丁目名":"１丁目","小字名":null,"地番":"69-20","精度区分":null,"座標系":"任意座標系"}},{"type":"Polygon","arcs":[[-5700,5714,-5462,-5714]],"properties":{"市区町村名":"留萌市","大字名":"東雲町","丁目名":"１丁目","小字名":null,"地番":"69-19","精度区分":null,"座標系":"任意座標系"}},{"type":"Polygon","arcs":[[-5715,-5699,5715,-5463]],"properties":{"市区町村名":"留萌市","大字名":"東雲町","丁目名":"１丁目","小字名":null,"地番":"69-18","精度区分":null,"座標系":"任意座標系"}},{"type":"Polygon","arcs":[[5716,5717,-5697,5718]],"properties":{"市区町村名":"留萌市","大字名":"東雲町","丁目名":"１丁目","小字名":null,"地番":"69-11","精度区分":null,"座標系":"任意座標系"}},{"type":"Polygon","arcs":[[5719,-5698,-5718,5720,5721,-5669]],"properties":{"市区町村名":"留萌市","大字名":"東雲町","丁目名":"１丁目","小字名":null,"地番":"74-2","精度区分":null,"座標系":"任意座標系"}},{"type":"Polygon","arcs":[[-5534,5722,5723,5724,5725,5726,5727,5728,5729,5730,5731,5732,-5686,-5582]],"properties":{"市区町村名":"留萌市","大字名":"東雲町","丁目名":"１丁目","小字名":null,"地番":"69-1","精度区分":null,"座標系":"任意座標系"}},{"type":"Polygon","arcs":[[-5720,5733,-5464,-5716]],"properties":{"市区町村名":"留萌市","大字名":"東雲町","丁目名":"１丁目","小字名":null,"地番":"74-19","精度区分":null,"座標系":"任意座標系"}},{"type":"Polygon","arcs":[[5734,5735,-5481,5736,-5678,5737]],"properties":{"市区町村名":"留萌市","大字名":"東雲町","丁目名":"１丁目","小字名":null,"地番":"74-17","精度区分":null,"座標系":"任意座標系"}},{"type":"Polygon","arcs":[[-5722,5738,5739,-5670]],"properties":{"市区町村名":"留萌市","大字名":"東雲町","丁目名":"１丁目","小字名":null,"地番":"74-9","精度区分":null,"座標系":"任意座標系"}},{"type":"Polygon","arcs":[[5740,5741,5742,5743,5744,5745,5746]],"properties":{"市区町村名":"留萌市","大字名":"東雲町","丁目名":"１丁目","小字名":null,"地番":"75-2","精度区分":null,"座標系":"任意座標系"}},{"type":"Polygon","arcs":[[-5668,5747,-5465,-5734]],"properties":{"市区町村名":"留萌市","大字名":"東雲町","丁目名":"１丁目","小字名":null,"地番":"83-12","精度区分":null,"座標系":"任意座標系"}},{"type":"Polygon","arcs":[[-5685,5748,-5466,-5748]],"properties":{"市区町村名":"留萌市","大字名":"東雲町","丁目名":"１丁目","小字名":null,"地番":"83-19","精度区分":null,"座標系":"任意座標系"}},{"type":"Polygon","arcs":[[-5749,-5684,5749,-5467]],"properties":{"市区町村名":"留萌市","大字名":"東雲町","丁目名":"１丁目","小字名":null,"地番":"83-20","精度区分":null,"座標系":"任意座標系"}},{"type":"Polygon","arcs":[[-5683,5750,-5468,-5750]],"properties":{"市区町村名":"留萌市","大字名":"東雲町","丁目名":"１丁目","小字名":null,"地番":"83-21","精度区分":null,"座標系":"任意座標系"}},{"type":"Polygon","arcs":[[-5751,-5682,5751,-5469]],"properties":{"市区町村名":"留萌市","大字名":"東雲町","丁目名":"１丁目","小字名":null,"地番":"83-22","精度区分":null,"座標系":"任意座標系"}},{"type":"Polygon","arcs":[[-5681,5752,-5470,-5752]],"properties":{"市区町村名":"留萌市","大字名":"東雲町","丁目名":"１丁目","小字名":null,"地番":"83-23","精度区分":null,"座標系":"任意座標系"}},{"type":"Polygon","arcs":[[-5680,-5666,-5471,-5753]],"properties":{"市区町村名":"留萌市","大字名":"東雲町","丁目名":"１丁目","小字名":null,"地番":"83-24","精度区分":null,"座標系":"任意座標系"}},{"type":"Polygon","arcs":[[5753,5754]],"properties":{"市区町村名":"留萌市","大字名":"東雲町","丁目名":"１丁目","小字名":null,"地番":"71-2","精度区分":null,"座標系":"任意座標系"}},{"type":"Polygon","arcs":[[5755,5756,5757,5758,5759,-5717,5760,5761,5762,5763,5764,-5754,5765]],"properties":{"市区町村名":"留萌市","大字名":"東雲町","丁目名":"１丁目","小字名":null,"地番":"71-3","精度区分":null,"座標系":"任意座標系"}},{"type":"Polygon","arcs":[[5766,5767,-5482,-5736]],"properties":{"市区町村名":"留萌市","大字名":"東雲町","丁目名":"１丁目","小字名":null,"地番":"76-10","精度区分":null,"座標系":"任意座標系"}},{"type":"Polygon","arcs":[[5768,5769,5770,5771,5772,5773,5774,5775,5776,5777,5778]],"properties":{"市区町村名":"留萌市","大字名":"東雲町","丁目名":"１丁目","小字名":null,"地番":"70-1","精度区分":null,"座標系":"任意座標系"}},{"type":"Polygon","arcs":[[5779,5780,-5766,5781,-5691]],"properties":{"市区町村名":"留萌市","大字名":"東雲町","丁目名":"１丁目","小字名":null,"地番":"69-17","精度区分":null,"座標系":"任意座標系"}},{"type":"Polygon","arcs":[[-5782,-5755,-5765,5782,-5692]],"properties":{"市区町村名":"留萌市","大字名":"東雲町","丁目名":"１丁目","小字名":null,"地番":"69-16","精度区分":null,"座標系":"任意座標系"}},{"type":"Polygon","arcs":[[-5732,5783,5784]],"properties":{"市区町村名":"留萌市","大字名":"東雲町","丁目名":"１丁目","小字名":null,"地番":"69-30","精度区分":null,"座標系":"任意座標系"}},{"type":"Polygon","arcs":[[-5785,5785,-5687,-5733]],"properties":{"市区町村名":"留萌市","大字名":"東雲町","丁目名":"１丁目","小字名":null,"地番":"69-29","精度区分":null,"座標系":"任意座標系"}},{"type":"Polygon","arcs":[[5786,5787,-5780,-5690,5788]],"properties":{"市区町村名":"留萌市","大字名":"東雲町","丁目名":"１丁目","小字名":null,"地番":"69-8","精度区分":null,"座標系":"任意座標系"}},{"type":"Polygon","arcs":[[5789,-5729,5790,-5787]],"properties":{"市区町村名":"留萌市","大字名":"東雲町","丁目名":"１丁目","小字名":null,"地番":"69-5","精度区分":null,"座標系":"任意座標系"}},{"type":"Polygon","arcs":[[5791,5792,-5789,-5689]],"properties":{"市区町村名":"留萌市","大字名":"東雲町","丁目名":"１丁目","小字名":null,"地番":"69-9","精度区分":null,"座標系":"任意座標系"}},{"type":"Polygon","arcs":[[5793,-5730,-5790,-5793]],"properties":{"市区町村名":"留萌市","大字名":"東雲町","丁目名":"１丁目","小字名":null,"地番":"69-6","精度区分":null,"座標系":"任意座標系"}},{"type":"Polygon","arcs":[[-5731,-5794,5794,-5784]],"properties":{"市区町村名":"留萌市","大字名":"東雲町","丁目名":"１丁目","小字名":null,"地番":"69-7","精度区分":null,"座標系":"任意座標系"}},{"type":"Polygon","arcs":[[-5795,-5792,-5688,-5786]],"properties":{"市区町村名":"留萌市","大字名":"東雲町","丁目名":"１丁目","小字名":null,"地番":"69-10","精度区分":null,"座標系":"任意座標系"}},{"type":"Polygon","arcs":[[5795,5796,-5724]],"properties":{"市区町村名":"留萌市","大字名":"東雲町","丁目名":"１丁目","小字名":null,"地番":"69-28","精度区分":null,"座標系":"任意座標系"}},{"type":"Polygon","arcs":[[5797,5798,5799,5800,-5727]],"properties":{"市区町村名":"留萌市","大字名":"東雲町","丁目名":"１丁目","小字名":null,"地番":"69-2","精度区分":null,"座標系":"任意座標系"}},{"type":"Polygon","arcs":[[-5797,5801,5802,-5725]],"properties":{"市区町村名":"留萌市","大字名":"東雲町","丁目名":"１丁目","小字名":null,"地番":"69-4","精度区分":null,"座標系":"任意座標系"}},{"type":"Polygon","arcs":[[5803,-5798,-5726,-5803]],"properties":{"市区町村名":"留萌市","大字名":"東雲町","丁目名":"１丁目","小字名":null,"地番":"69-3","精度区分":null,"座標系":"任意座標系"}},{"type":"Polygon","arcs":[[5804,-5774,5805,5806]],"properties":{"市区町村名":"留萌市","大字名":"東雲町","丁目名":"１丁目","小字名":null,"地番":"72-5","精度区分":null,"座標系":"任意座標系"}},{"type":"Polygon","arcs":[[-5772,5807,5808]],"properties":{"市区町村名":"留萌市","大字名":"東雲町","丁目名":"１丁目","小字名":null,"地番":"70-2","精度区分":null,"座標系":"任意座標系"}},{"type":"Polygon","arcs":[[5809,5810,5811,5812,5813,-5759]],"properties":{"市区町村名":"留萌市","大字名":"東雲町","丁目名":"１丁目","小字名":null,"地番":"73-1","精度区分":null,"座標系":"任意座標系"}},{"type":"Polygon","arcs":[[5814,5815,-5813]],"properties":{"市区町村名":"留萌市","大字名":"東雲町","丁目名":"１丁目","小字名":null,"地番":"73-2","精度区分":null,"座標系":"任意座標系"}},{"type":"Polygon","arcs":[[5816,5817,-5815,-5812,5818]],"properties":{"市区町村名":"留萌市","大字名":"東雲町","丁目名":"１丁目","小字名":null,"地番":"72-4","精度区分":null,"座標系":"任意座標系"}},{"type":"Polygon","arcs":[[5819,5820,-5817,5821]],"properties":{"市区町村名":"留萌市","大字名":"東雲町","丁目名":"１丁目","小字名":null,"地番":"72-2","精度区分":null,"座標系":"任意座標系"}},{"type":"Polygon","arcs":[[5822,-5807,5823,-5820,5824,5825]],"properties":{"市区町村名":"留萌市","大字名":"東雲町","丁目名":"１丁目","小字名":null,"地番":"72-7","精度区分":null,"座標系":"任意座標系"}},{"type":"Polygon","arcs":[[5826,5827,-5825,-5822,-5819,-5811]],"properties":{"市区町村名":"留萌市","大字名":"東雲町","丁目名":"１丁目","小字名":null,"地番":"72-3","精度区分":null,"座標系":"任意座標系"}},{"type":"Polygon","arcs":[[5828,-5776,5829,-5826,-5828]],"properties":{"市区町村名":"留萌市","大字名":"東雲町","丁目名":"１丁目","小字名":null,"地番":"72-1","精度区分":null,"座標系":"任意座標系"}},{"type":"Polygon","arcs":[[-5830,-5775,-5805,-5823]],"properties":{"市区町村名":"留萌市","大字名":"東雲町","丁目名":"１丁目","小字名":null,"地番":"72-6","精度区分":null,"座標系":"任意座標系"}},{"type":"Polygon","arcs":[[5830,-5777,-5829,-5827,-5810,-5758]],"properties":{"市区町村名":"留萌市","大字名":"東雲町","丁目名":"１丁目","小字名":null,"地番":"71-5","精度区分":null,"座標系":"任意座標系"}},{"type":"Polygon","arcs":[[-5788,-5791,-5728,-5801,5831,-5756,-5781]],"properties":{"市区町村名":"留萌市","大字名":"東雲町","丁目名":"１丁目","小字名":null,"地番":"71-4","精度区分":null,"座標系":"任意座標系"}},{"type":"Polygon","arcs":[[-5778,-5831,-5757,5832]],"properties":{"市区町村名":"留萌市","大字名":"東雲町","丁目名":"１丁目","小字名":null,"地番":"71-6","精度区分":null,"座標系":"任意座標系"}},{"type":"Polygon","arcs":[[-5764,5833,-5693,-5783]],"properties":{"市区町村名":"留萌市","大字名":"東雲町","丁目名":"１丁目","小字名":null,"地番":"69-15","精度区分":null,"座標系":"任意座標系"}},{"type":"Polygon","arcs":[[-5834,-5763,5834,-5694]],"properties":{"市区町村名":"留萌市","大字名":"東雲町","丁目名":"１丁目","小字名":null,"地番":"69-14","精度区分":null,"座標系":"任意座標系"}},{"type":"Polygon","arcs":[[-5762,5835,-5695,-5835]],"properties":{"市区町村名":"留萌市","大字名":"東雲町","丁目名":"１丁目","小字名":null,"地番":"69-13","精度区分":null,"座標系":"任意座標系"}},{"type":"Polygon","arcs":[[-5836,-5761,-5719,-5696]],"properties":{"市区町村名":"留萌市","大字名":"東雲町","丁目名":"１丁目","小字名":null,"地番":"69-12","精度区分":null,"座標系":"任意座標系"}},{"type":"Polygon","arcs":[[5836,5837,-5671,-5740]],"properties":{"市区町村名":"留萌市","大字名":"東雲町","丁目名":"１丁目","小字名":null,"地番":"74-10","精度区分":null,"座標系":"任意座標系"}},{"type":"Polygon","arcs":[[5838,5839,-5672,-5838]],"properties":{"市区町村名":"留萌市","大字名":"東雲町","丁目名":"１丁目","小字名":null,"地番":"74-11","精度区分":null,"座標系":"任意座標系"}},{"type":"Polygon","arcs":[[5840,5841,5842,5843,-5673,-5840]],"properties":{"市区町村名":"留萌市","大字名":"東雲町","丁目名":"１丁目","小字名":null,"地番":"74-12","精度区分":null,"座標系":"任意座標系"}},{"type":"Polygon","arcs":[[5844,5845,5846,-5674,-5844]],"properties":{"市区町村名":"留萌市","大字名":"東雲町","丁目名":"１丁目","小字名":null,"地番":"74-13","精度区分":null,"座標系":"任意座標系"}},{"type":"Polygon","arcs":[[5847,5848,5849,-5675,-5847]],"properties":{"市区町村名":"留萌市","大字名":"東雲町","丁目名":"１丁目","小字名":null,"地番":"74-14","精度区分":null,"座標系":"任意座標系"}},{"type":"Polygon","arcs":[[5850,5851,5852,-5676,-5850]],"properties":{"市区町村名":"留萌市","大字名":"東雲町","丁目名":"１丁目","小字名":null,"地番":"74-15","精度区分":null,"座標系":"任意座標系"}},{"type":"Polygon","arcs":[[5853,5854,-5738,-5677,-5853]],"properties":{"市区町村名":"留萌市","大字名":"東雲町","丁目名":"１丁目","小字名":null,"地番":"74-16","精度区分":null,"座標系":"任意座標系"}},{"type":"Polygon","arcs":[[-5679,-5737,-5480]],"properties":{"市区町村名":"留萌市","大字名":"東雲町","丁目名":"１丁目","小字名":null,"地番":"74-18","精度区分":null,"座標系":"任意座標系"}},{"type":"Polygon","arcs":[[5855,5856,-5746,5857,5858]],"properties":{"市区町村名":"留萌市","大字名":"東雲町","丁目名":"１丁目","小字名":null,"地番":"75-5","精度区分":null,"座標系":"任意座標系"}},{"type":"Polygon","arcs":[[-5744,5859,5860,5861,5862,5863]],"properties":{"市区町村名":"留萌市","大字名":"東雲町","丁目名":"１丁目","小字名":null,"地番":"75-3","精度区分":null,"座標系":"任意座標系"}},{"type":"Polygon","arcs":[[-5861,5864,5865,5866]],"properties":{"市区町村名":"留萌市","大字名":"東雲町","丁目名":"１丁目","小字名":null,"地番":"76-12","精度区分":null,"座標系":"任意座標系"}},{"type":"Polygon","arcs":[[-5743,5867,5868,5869,-5865,-5860]],"properties":{"市区町村名":"留萌市","大字名":"東雲町","丁目名":"１丁目","小字名":null,"地番":"76-2","精度区分":null,"座標系":"任意座標系"}},{"type":"Polygon","arcs":[[-5866,-5870,5870,5871,5872]],"properties":{"市区町村名":"留萌市","大字名":"東雲町","丁目名":"１丁目","小字名":null,"地番":"76-3","精度区分":null,"座標系":"任意座標系"}},{"type":"Polygon","arcs":[[5873,-5859,5874,-5863,5875,-5873,5876]],"properties":{"市区町村名":"留萌市","大字名":"東雲町","丁目名":"１丁目","小字名":null,"地番":"76-5","精度区分":null,"座標系":"任意座標系"}},{"type":"Polygon","arcs":[[-5862,-5867,-5876]],"properties":{"市区町村名":"留萌市","大字名":"東雲町","丁目名":"１丁目","小字名":null,"地番":"76-7","精度区分":null,"座標系":"任意座標系"}},{"type":"Polygon","arcs":[[5877,-5877,-5872,5878,5879,5880,5881,5882,5883,5884,5885,5886,5887]],"properties":{"市区町村名":"留萌市","大字名":"東雲町","丁目名":"１丁目","小字名":null,"地番":"76-1","精度区分":null,"座標系":"任意座標系"}},{"type":"Polygon","arcs":[[5888,-5747,-5857]],"properties":{"市区町村名":"留萌市","大字名":"東雲町","丁目名":"１丁目","小字名":null,"地番":"75-1","精度区分":null,"座標系":"任意座標系"}},{"type":"Polygon","arcs":[[-5745,-5864,-5875,-5858]],"properties":{"市区町村名":"留萌市","大字名":"東雲町","丁目名":"１丁目","小字名":null,"地番":"75-4","精度区分":null,"座標系":"任意座標系"}},{"type":"Polygon","arcs":[[5889,5890,-5888,5891]],"properties":{"市区町村名":"留萌市","大字名":"東雲町","丁目名":"１丁目","小字名":null,"地番":"76-34","精度区分":null,"座標系":"任意座標系"}},{"type":"Polygon","arcs":[[-5892,-5887,5892,5893]],"properties":{"市区町村名":"留萌市","大字名":"東雲町","丁目名":"１丁目","小字名":null,"地番":"76-11","精度区分":null,"座標系":"任意座標系"}},{"type":"Polygon","arcs":[[5894,-5893,-5886,5895,5896,5897,5898,5899,5900,5901,5902,-5483,-5768,5903,5904,5905,5906,5907,5908]],"properties":{"市区町村名":"留萌市","大字名":"東雲町","丁目名":"１丁目","小字名":null,"地番":"76-6","精度区分":null,"座標系":"任意座標系"}},{"type":"Polygon","arcs":[[5909,-5896,-5885,5910]],"properties":{"市区町村名":"留萌市","大字名":"東雲町","丁目名":"１丁目","小字名":null,"地番":"76-23","精度区分":null,"座標系":"任意座標系"}},{"type":"Polygon","arcs":[[5911,-5911,-5884,5912,5913]],"properties":{"市区町村名":"留萌市","大字名":"東雲町","丁目名":"１丁目","小字名":null,"地番":"76-24","精度区分":null,"座標系":"任意座標系"}},{"type":"Polygon","arcs":[[-5913,-5883,5914,5915]],"properties":{"市区町村名":"留萌市","大字名":"東雲町","丁目名":"１丁目","小字名":null,"地番":"76-25","精度区分":null,"座標系":"任意座標系"}},{"type":"Polygon","arcs":[[-5882,5916,5917,-5915]],"properties":{"市区町村名":"留萌市","大字名":"東雲町","丁目名":"１丁目","小字名":null,"地番":"76-26","精度区分":null,"座標系":"任意座標系"}},{"type":"Polygon","arcs":[[5918,-5880,5919,5920]],"properties":{"市区町村名":"留萌市","大字名":"東雲町","丁目名":"１丁目","小字名":null,"地番":"76-9","精度区分":null,"座標系":"任意座標系"}},{"type":"Polygon","arcs":[[5921,-5890,-5894,-5895,5922,-5841,-5839,-5837,-5739]],"properties":{"市区町村名":"留萌市","大字名":"東雲町","丁目名":"１丁目","小字名":null,"地番":"76-4","精度区分":null,"座標系":"任意座標系"}},{"type":"Polygon","arcs":[[-5909,5923,-5842,-5923]],"properties":{"市区町村名":"留萌市","大字名":"東雲町","丁目名":"１丁目","小字名":null,"地番":"76-33","精度区分":null,"座標系":"任意座標系"}},{"type":"Polygon","arcs":[[5924,5925,-5898]],"properties":{"市区町村名":"留萌市","大字名":"東雲町","丁目名":"１丁目","小字名":null,"地番":"76-21","精度区分":null,"座標系":"任意座標系"}},{"type":"Polygon","arcs":[[5926,-5921,5927,-5484,-5903]],"properties":{"市区町村名":"留萌市","大字名":"東雲町","丁目名":"１丁目","小字名":null,"地番":"76-16","精度区分":null,"座標系":"任意座標系"}},{"type":"Polygon","arcs":[[5928,-5914,5929,-5899,-5926]],"properties":{"市区町村名":"留萌市","大字名":"東雲町","丁目名":"１丁目","小字名":null,"地番":"76-20","精度区分":null,"座標系":"任意座標系"}},{"type":"Polygon","arcs":[[5930,5931,-5927,-5902]],"properties":{"市区町村名":"留萌市","大字名":"東雲町","丁目名":"１丁目","小字名":null,"地番":"76-17","精度区分":null,"座標系":"任意座標系"}},{"type":"Polygon","arcs":[[-5917,-5881,-5919,-5932]],"properties":{"市区町村名":"留萌市","大字名":"東雲町","丁目名":"１丁目","小字名":null,"地番":"76-27","精度区分":null,"座標系":"任意座標系"}},{"type":"Polygon","arcs":[[-5930,-5916,5932,-5900]],"properties":{"市区町村名":"留萌市","大字名":"東雲町","丁目名":"１丁目","小字名":null,"地番":"76-19","精度区分":null,"座標系":"任意座標系"}},{"type":"Polygon","arcs":[[-5918,-5931,-5901,-5933]],"properties":{"市区町村名":"留萌市","大字名":"東雲町","丁目名":"１丁目","小字名":null,"地番":"76-18","精度区分":null,"座標系":"任意座標系"}},{"type":"Polygon","arcs":[[-5925,-5897,-5910,-5912,-5929]],"properties":{"市区町村名":"留萌市","大字名":"東雲町","丁目名":"１丁目","小字名":null,"地番":"76-22","精度区分":null,"座標系":"任意座標系"}},{"type":"Polygon","arcs":[[5933,-5904,-5767,-5735,-5855]],"properties":{"市区町村名":"留萌市","大字名":"東雲町","丁目名":"１丁目","小字名":null,"地番":"76-28","精度区分":null,"座標系":"任意座標系"}},{"type":"Polygon","arcs":[[-5905,-5934,-5854,-5852,5934]],"properties":{"市区町村名":"留萌市","大字名":"東雲町","丁目名":"１丁目","小字名":null,"地番":"76-29","精度区分":null,"座標系":"任意座標系"}},{"type":"Polygon","arcs":[[5935,-5906,-5935,-5851,-5849]],"properties":{"市区町村名":"留萌市","大字名":"東雲町","丁目名":"１丁目","小字名":null,"地番":"76-30","精度区分":null,"座標系":"任意座標系"}},{"type":"Polygon","arcs":[[-5907,-5936,-5848,-5846,5936]],"properties":{"市区町村名":"留萌市","大字名":"東雲町","丁目名":"１丁目","小字名":null,"地番":"76-31","精度区分":null,"座標系":"任意座標系"}},{"type":"Polygon","arcs":[[-5924,-5908,-5937,-5845,-5843]],"properties":{"市区町村名":"留萌市","大字名":"東雲町","丁目名":"１丁目","小字名":null,"地番":"76-32","精度区分":null,"座標系":"任意座標系"}},{"type":"Polygon","arcs":[[5937,-5502,-5435,-5433,-5501]],"properties":{"市区町村名":"留萌市","大字名":"東雲町","丁目名":"１丁目","小字名":null,"地番":"82-2","精度区分":null,"座標系":"任意座標系"}},{"type":"Polygon","arcs":[[5938,5939,5940,5941,5942,-5504,5943,-5499]],"properties":{"市区町村名":"留萌市","大字名":"東雲町","丁目名":"１丁目","小字名":null,"地番":"81","精度区分":null,"座標系":"任意座標系"}},{"type":"Polygon","arcs":[[-5938,-5500,-5944,-5503]],"properties":{"市区町村名":"留萌市","大字名":"東雲町","丁目名":"１丁目","小字名":null,"地番":"82-3","精度区分":null,"座標系":"任意座標系"}},{"type":"Polygon","arcs":[[5944,5945,5946,5947,5948,-5942]],"properties":{"市区町村名":"留萌市","大字名":"東雲町","丁目名":"１丁目","小字名":null,"地番":"80-1","精度区分":null,"座標系":"任意座標系"}},{"type":"Polygon","arcs":[[5949,5950,5951,5952,5953,-5509]],"properties":{"市区町村名":"留萌市","大字名":"東雲町","丁目名":"１丁目","小字名":null,"地番":"78-3","精度区分":null,"座標系":"任意座標系"}},{"type":"Polygon","arcs":[[-5498,5954,5955,-5939]],"properties":{"市区町村名":"留萌市","大字名":"東雲町","丁目名":"１丁目","小字名":null,"地番":"80-14","精度区分":null,"座標系":"任意座標系"}},{"type":"Polygon","arcs":[[5956,5957,5958,5959,5960,5961,-5492,5962,5963,5964,-5946,5965,5966,-5955,-5497]],"properties":{"市区町村名":"留萌市","大字名":"東雲町","丁目名":"１丁目","小字名":null,"地番":"80-2","精度区分":null,"座標系":"任意座標系"}},{"type":"Polygon","arcs":[[-5966,-5945,-5941,5967]],"properties":{"市区町村名":"留萌市","大字名":"東雲町","丁目名":"１丁目","小字名":null,"地番":"80-16","精度区分":null,"座標系":"任意座標系"}},{"type":"Polygon","arcs":[[-5967,-5968,-5940,-5956]],"properties":{"市区町村名":"留萌市","大字名":"東雲町","丁目名":"１丁目","小字名":null,"地番":"80-15","精度区分":null,"座標系":"任意座標系"}},{"type":"Polygon","arcs":[[-5496,5968,5969,5970,-5957]],"properties":{"市区町村名":"留萌市","大字名":"東雲町","丁目名":"１丁目","小字名":null,"地番":"80-13","精度区分":null,"座標系":"任意座標系"}},{"type":"Polygon","arcs":[[-5971,5971,-5958]],"properties":{"市区町村名":"留萌市","大字名":"東雲町","丁目名":"１丁目","小字名":null,"地番":"80-12","精度区分":null,"座標系":"任意座標系"}},{"type":"Polygon","arcs":[[5972,-5961,5973,5974]],"properties":{"市区町村名":"留萌市","大字名":"東雲町","丁目名":"１丁目","小字名":null,"地番":"80-7","精度区分":null,"座標系":"任意座標系"}},{"type":"Polygon","arcs":[[-5493,-5962,-5973,5975]],"properties":{"市区町村名":"留萌市","大字名":"東雲町","丁目名":"１丁目","小字名":null,"地番":"80-6","精度区分":null,"座標系":"任意座標系"}},{"type":"Polygon","arcs":[[5976,-5974,-5960,5977,5978]],"properties":{"市区町村名":"留萌市","大字名":"東雲町","丁目名":"１丁目","小字名":null,"地番":"80-8","精度区分":null,"座標系":"任意座標系"}},{"type":"Polygon","arcs":[[5979,-5494,-5976,-5975,-5977]],"properties":{"市区町村名":"留萌市","大字名":"東雲町","丁目名":"１丁目","小字名":null,"地番":"80-9","精度区分":null,"座標系":"任意座標系"}},{"type":"Polygon","arcs":[[-5495,-5980,-5979,5980,-5969]],"properties":{"市区町村名":"留萌市","大字名":"東雲町","丁目名":"１丁目","小字名":null,"地番":"80-10","精度区分":null,"座標系":"任意座標系"}},{"type":"Polygon","arcs":[[-5981,-5978,-5959,-5972,-5970]],"properties":{"市区町村名":"留萌市","大字名":"東雲町","丁目名":"１丁目","小字名":null,"地番":"80-11","精度区分":null,"座標系":"任意座標系"}},{"type":"Polygon","arcs":[[-5491,5981,5982,-5963]],"properties":{"市区町村名":"留萌市","大字名":"東雲町","丁目名":"１丁目","小字名":null,"地番":"80-3","精度区分":null,"座標系":"任意座標系"}},{"type":"Polygon","arcs":[[5983,5984,5985,-5947,-5965]],"properties":{"市区町村名":"留萌市","大字名":"東雲町","丁目名":"１丁目","小字名":null,"地番":"80-5","精度区分":null,"座標系":"任意座標系"}},{"type":"Polygon","arcs":[[-5982,-5490,5986,5987,5988]],"properties":{"市区町村名":"留萌市","大字名":"東雲町","丁目名":"１丁目","小字名":null,"地番":"79-7","精度区分":null,"座標系":"任意座標系"}},{"type":"Polygon","arcs":[[5989,5990,-5986,5991]],"properties":{"市区町村名":"留萌市","大字名":"東雲町","丁目名":"１丁目","小字名":null,"地番":"79-9","精度区分":null,"座標系":"任意座標系"}},{"type":"Polygon","arcs":[[5992,5993,5994,5995,-5990,5996,5997,-5488]],"properties":{"市区町村名":"留萌市","大字名":"東雲町","丁目名":"１丁目","小字名":null,"地番":"79-2","精度区分":null,"座標系":"任意座標系"}},{"type":"Polygon","arcs":[[-5993,-5487,5998,5999]],"properties":{"市区町村名":"留萌市","大字名":"東雲町","丁目名":"１丁目","小字名":null,"地番":"79-3","精度区分":null,"座標系":"任意座標系"}},{"type":"Polygon","arcs":[[-5988,6000,-5997,-5992,-5985,6001]],"properties":{"市区町村名":"留萌市","大字名":"東雲町","丁目名":"１丁目","小字名":null,"地番":"79-8","精度区分":null,"座標系":"任意座標系"}},{"type":"Polygon","arcs":[[-5983,-5989,-6002,-5984,-5964]],"properties":{"市区町村名":"留萌市","大字名":"東雲町","丁目名":"１丁目","小字名":null,"地番":"80-4","精度区分":null,"座標系":"任意座標系"}},{"type":"Polygon","arcs":[[-5987,-5489,-5998,-6001]],"properties":{"市区町村名":"留萌市","大字名":"東雲町","丁目名":"１丁目","小字名":null,"地番":"79-6","精度区分":null,"座標系":"任意座標系"}},{"type":"Polygon","arcs":[[-5948,-5991,-5996,6002,-5511,6003]],"properties":{"市区町村名":"留萌市","大字名":"東雲町","丁目名":"１丁目","小字名":null,"地番":"79-1","精度区分":null,"座標系":"任意座標系"}},{"type":"Polygon","arcs":[[-6000,6004,6005,-5994]],"properties":{"市区町村名":"留萌市","大字名":"東雲町","丁目名":"１丁目","小字名":null,"地番":"79-4","精度区分":null,"座標系":"任意座標系"}},{"type":"Polygon","arcs":[[6006,-6003,-5995,-6006]],"properties":{"市区町村名":"留萌市","大字名":"東雲町","丁目名":"１丁目","小字名":null,"地番":"79-5","精度区分":null,"座標系":"任意座標系"}},{"type":"Polygon","arcs":[[6007,6008,6009,6010]],"properties":{"市区町村名":"留萌市","大字名":"東雲町","丁目名":"１丁目","小字名":null,"地番":"78-7","精度区分":null,"座標系":"任意座標系"}},{"type":"Polygon","arcs":[[6011,-6011,6012,6013,6014,-5950,-5508,6015]],"properties":{"市区町村名":"留萌市","大字名":"東雲町","丁目名":"１丁目","小字名":null,"地番":"78-5","精度区分":null,"座標系":"任意座標系"}},{"type":"Polygon","arcs":[[6016,6017,-6016,-5507,-6007,-6005,-5999,-5486]],"properties":{"市区町村名":"留萌市","大字名":"東雲町","丁目名":"１丁目","小字名":null,"地番":"78-2","精度区分":null,"座標系":"任意座標系"}},{"type":"Polygon","arcs":[[-6018,6018,-6008,-6012]],"properties":{"市区町村名":"留萌市","大字名":"東雲町","丁目名":"１丁目","小字名":null,"地番":"78-9","精度区分":null,"座標系":"任意座標系"}},{"type":"Polygon","arcs":[[6019,6020,-6013,-6010]],"properties":{"市区町村名":"留萌市","大字名":"東雲町","丁目名":"１丁目","小字名":null,"地番":"78-8","精度区分":null,"座標系":"任意座標系"}},{"type":"Polygon","arcs":[[-5952,6021]],"properties":{"市区町村名":"留萌市","大字名":"東雲町","丁目名":"１丁目","小字名":null,"地番":"78-4","精度区分":null,"座標系":"任意座標系"}},{"type":"Polygon","arcs":[[6022,6023,-5953,-6022,-5951,-6015]],"properties":{"市区町村名":"留萌市","大字名":"東雲町","丁目名":"１丁目","小字名":null,"地番":"78-6","精度区分":null,"座標系":"任意座標系"}},{"type":"Polygon","arcs":[[6024,-5660,-5592,-5664,6025]],"properties":{"市区町村名":"留萌市","大字名":"東雲町","丁目名":"１丁目","小字名":null,"地番":"105-8","精度区分":null,"座標系":"任意座標系"}},{"type":"Polygon","arcs":[[6026,-5647,-5665,-6025]],"properties":{"市区町村名":"留萌市","大字名":"東雲町","丁目名":"１丁目","小字名":null,"地番":"105-9","精度区分":null,"座標系":"任意座標系"}},{"type":"Polygon","arcs":[[-5656,-5648,-6027,-6026,-5662,-5658]],"properties":{"市区町村名":"留萌市","大字名":"東雲町","丁目名":"１丁目","小字名":null,"地番":"105-7","精度区分":null,"座標系":"任意座標系"}},{"type":"Polygon","arcs":[[-5571,-5609,-5610,-5536,-5614,-5604]],"properties":{"市区町村名":"留萌市","大字名":"東雲町","丁目名":"１丁目","小字名":null,"地番":"97-1","精度区分":null,"座標系":"任意座標系"}},{"type":"Polygon","arcs":[[6027,-5590,-5591,-5578,-5601,-5597,-5594,-5564,6028]],"properties":{"市区町村名":"留萌市","大字名":"東雲町","丁目名":"１丁目","小字名":null,"地番":"91-1","精度区分":null,"座標系":"任意座標系"}},{"type":"Polygon","arcs":[[-5515,-5559,-5588,-6028]],"properties":{"市区町村名":"留萌市","大字名":"東雲町","丁目名":"１丁目","小字名":null,"地番":"90-3","精度区分":null,"座標系":"任意座標系"}},{"type":"Polygon","arcs":[[6029,-5516,-6029,-5562]],"properties":{"市区町村名":"留萌市","大字名":"東雲町","丁目名":"１丁目","小字名":null,"地番":"91-2","精度区分":null,"座標系":"任意座標系"}},{"type":"Polygon","arcs":[[6030,6031,6032,-5440]],"properties":{"市区町村名":"留萌市","大字名":"大字留萌村","丁目名":null,"小字名":"字留萌原野四線","地番":"14-9W1","精度区分":null,"座標系":"任意座標系"}},{"type":"Polygon","arcs":[[-6033,6033,6034,-5529]],"properties":{"市区町村名":"留萌市","大字名":"大字留萌村","丁目名":null,"小字名":"字留萌原野四線","地番":"14-7W1","精度区分":null,"座標系":"任意座標系"}},{"type":"Polygon","arcs":[[6035,6036,6037,6038,6039,6040,6041,6042,6043,6044,6045,6046]],"properties":{"市区町村名":"留萌市","大字名":"東雲町","丁目名":"１丁目","小字名":null,"地番":"7","精度区分":null,"座標系":"任意座標系"}},{"type":"Polygon","arcs":[[6047,6048,6049,6050,6051,6052,6053]],"properties":{"市区町村名":"留萌市","大字名":"東雲町","丁目名":"１丁目","小字名":null,"地番":"110","精度区分":null,"座標系":"任意座標系"}},{"type":"Polygon","arcs":[[6054,6055,6056,6057]],"properties":{"市区町村名":"留萌市","大字名":"東雲町","丁目名":"１丁目","小字名":null,"地番":"2","精度区分":null,"座標系":"任意座標系"}},{"type":"Polygon","arcs":[[6058,6059,6060,6061]],"properties":{"市区町村名":"留萌市","大字名":"東雲町","丁目名":"１丁目","小字名":null,"地番":"29-5","精度区分":null,"座標系":"任意座標系"}},{"type":"Polygon","arcs":[[6062,6063,-6062,6064,6065,6066]],"properties":{"市区町村名":"留萌市","大字名":"東雲町","丁目名":"１丁目","小字名":null,"地番":"28-1","精度区分":null,"座標系":"任意座標系"}},{"type":"Polygon","arcs":[[6067,6068,6069,6070]],"properties":{"市区町村名":"留萌市","大字名":"東雲町","丁目名":"１丁目","小字名":null,"地番":"55-2","精度区分":null,"座標系":"任意座標系"}},{"type":"Polygon","arcs":[[6071,6072,6073]],"properties":{"市区町村名":"留萌市","大字名":"東雲町","丁目名":"１丁目","小字名":null,"地番":"53-2","精度区分":null,"座標系":"任意座標系"}},{"type":"Polygon","arcs":[[6074,6075,6076,6077,6078]],"properties":{"市区町村名":"留萌市","大字名":"東雲町","丁目名":"１丁目","小字名":null,"地番":"54-3","精度区分":null,"座標系":"任意座標系"}},{"type":"Polygon","arcs":[[6079,-6071,6080,6081]],"properties":{"市区町村名":"留萌市","大字名":"東雲町","丁目名":"１丁目","小字名":null,"地番":"55-7","精度区分":null,"座標系":"任意座標系"}},{"type":"Polygon","arcs":[[-6082,6082,-5954,6083]],"properties":{"市区町村名":"留萌市","大字名":"東雲町","丁目名":"１丁目","小字名":null,"地番":"55-8","精度区分":null,"座標系":"任意座標系"}},{"type":"Polygon","arcs":[[6084,-4055,6085,6086,-6032]],"properties":{"市区町村名":"留萌市","大字名":"大字留萌村","丁目名":null,"小字名":"字留萌原野四線","地番":"14-9W2","精度区分":null,"座標系":"任意座標系"}},{"type":"Polygon","arcs":[[6087,-6047,6088,6089]],"properties":{"市区町村名":"留萌市","大字名":"東雲町","丁目名":"１丁目","小字名":null,"地番":"8","精度区分":null,"座標系":"任意座標系"}},{"type":"Polygon","arcs":[[6090,6091,6092,6093]],"properties":{"市区町村名":"留萌市","大字名":"東雲町","丁目名":"１丁目","小字名":null,"地番":"24-3","精度区分":null,"座標系":"任意座標系"}},{"type":"Polygon","arcs":[[6094,-6093,6095,6096,6097,6098,6099,6100,6101,6102]],"properties":{"市区町村名":"留萌市","大字名":"東雲町","丁目名":"１丁目","小字名":null,"地番":"25-1","精度区分":null,"座標系":"任意座標系"}},{"type":"Polygon","arcs":[[6103,6104,6105,6106]],"properties":{"市区町村名":"留萌市","大字名":"東雲町","丁目名":"１丁目","小字名":null,"地番":"24-2","精度区分":null,"座標系":"任意座標系"}},{"type":"Polygon","arcs":[[-6104,6107,6108,6109,6110]],"properties":{"市区町村名":"留萌市","大字名":"東雲町","丁目名":"１丁目","小字名":null,"地番":"25-2","精度区分":null,"座標系":"任意座標系"}},{"type":"Polygon","arcs":[[-6034,-6087,6111,-6088,6112,-6105,-6111,6113,6114,6115]],"properties":{"市区町村名":"留萌市","大字名":"大字留萌村","丁目名":null,"小字名":"字留萌原野四線","地番":"14-7W2","精度区分":null,"座標系":"任意座標系"}},{"type":"Polygon","arcs":[[-6035,6116,6117,6118,-5555,-5530]],"properties":{"市区町村名":"留萌市","大字名":"東雲町","丁目名":"１丁目","小字名":null,"地番":"66-2","精度区分":null,"座標系":"任意座標系"}},{"type":"Polygon","arcs":[[6119,-6045,6120,6121]],"properties":{"市区町村名":"留萌市","大字名":"東雲町","丁目名":"１丁目","小字名":null,"地番":"9","精度区分":null,"座標系":"任意座標系"}},{"type":"Polygon","arcs":[[6122,6123,6124,6125]],"properties":{"市区町村名":"留萌市","大字名":"東雲町","丁目名":"１丁目","小字名":null,"地番":"15","精度区分":null,"座標系":"任意座標系"}},{"type":"Polygon","arcs":[[6126,6127,6128,-6125,6129,-6044,6130,6131,6132]],"properties":{"市区町村名":"留萌市","大字名":"東雲町","丁目名":"１丁目","小字名":null,"地番":"13-1","精度区分":null,"座標系":"任意座標系"}},{"type":"Polygon","arcs":[[-6097,6133]],"properties":{"市区町村名":"留萌市","大字名":"東雲町","丁目名":"１丁目","小字名":null,"地番":"19","精度区分":null,"座標系":"任意座標系"}},{"type":"Polygon","arcs":[[6134,6135,6136,6137,6138,6139,6140,6141]],"properties":{"市区町村名":"留萌市","大字名":"東雲町","丁目名":"１丁目","小字名":null,"地番":"49","精度区分":null,"座標系":"任意座標系"}},{"type":"Polygon","arcs":[[6142,6143,6144,-6139]],"properties":{"市区町村名":"留萌市","大字名":"東雲町","丁目名":"１丁目","小字名":null,"地番":"50","精度区分":null,"座標系":"任意座標系"}},{"type":"Polygon","arcs":[[-5760,-5814,-5816,-5818,-5821,-5824,-5806,-5773,-5809,6145,6146,6147,6148,6149,-5741,-5889,-5856,-5874,-5878,-5891,-5922,-5721]],"properties":{"市区町村名":"留萌市","大字名":"東雲町","丁目名":"１丁目","小字名":null,"地番":"74-1","精度区分":null,"座標系":"任意座標系"}},{"type":"Polygon","arcs":[[6150,6151,-5868,-5742,-6150]],"properties":{"市区町村名":"留萌市","大字名":"東雲町","丁目名":"１丁目","小字名":null,"地番":"57","精度区分":null,"座標系":"任意座標系"}},{"type":"Polygon","arcs":[[6152,-6046,-6120,6153,6154,6155,6156,6157]],"properties":{"市区町村名":"留萌市","大字名":"東雲町","丁目名":"１丁目","小字名":null,"地番":"20","精度区分":null,"座標系":"任意座標系"}},{"type":"Polygon","arcs":[[6158,-6089,-6153,6159,6160,6161,6162,6163]],"properties":{"市区町村名":"留萌市","大字名":"東雲町","丁目名":"１丁目","小字名":null,"地番":"23-4","精度区分":null,"座標系":"任意座標系"}},{"type":"Polygon","arcs":[[-6106,-6113,-6090,-6159,6164]],"properties":{"市区町村名":"留萌市","大字名":"東雲町","丁目名":"１丁目","小字名":null,"地番":"23-2","精度区分":null,"座標系":"任意座標系"}},{"type":"Polygon","arcs":[[6165,6166,-6163,6167,6168]],"properties":{"市区町村名":"留萌市","大字名":"東雲町","丁目名":"１丁目","小字名":null,"地番":"23-1","精度区分":null,"座標系":"任意座標系"}},{"type":"Polygon","arcs":[[-6160,-6158,6169,6170]],"properties":{"市区町村名":"留萌市","大字名":"東雲町","丁目名":"１丁目","小字名":null,"地番":"23-6","精度区分":null,"座標系":"任意座標系"}},{"type":"Polygon","arcs":[[-6107,6171,6172,-6108]],"properties":{"市区町村名":"留萌市","大字名":"東雲町","丁目名":"１丁目","小字名":null,"地番":"24-4","精度区分":null,"座標系":"任意座標系"}},{"type":"Polygon","arcs":[[-6166,-6094,6173,-6173]],"properties":{"市区町村名":"留萌市","大字名":"東雲町","丁目名":"１丁目","小字名":null,"地番":"24-1","精度区分":null,"座標系":"任意座標系"}},{"type":"Polygon","arcs":[[6174,-6114,-6110,6175]],"properties":{"市区町村名":"留萌市","大字名":"東雲町","丁目名":"１丁目","小字名":null,"地番":"40-2","精度区分":null,"座標系":"任意座標系"}},{"type":"Polygon","arcs":[[6176,6177,-6176,6178,6179,6180,6181,-7,6182,6183,6184]],"properties":{"市区町村名":"留萌市","大字名":"東雲町","丁目名":"１丁目","小字名":null,"地番":"40-1","精度区分":null,"座標系":"任意座標系"}},{"type":"Polygon","arcs":[[-6177,6185,6186]],"properties":{"市区町村名":"留萌市","大字名":"東雲町","丁目名":"１丁目","小字名":null,"地番":"42-2","精度区分":null,"座標系":"任意座標系"}},{"type":"Polygon","arcs":[[-6115,-6186,-6185,6187]],"properties":{"市区町村名":"留萌市","大字名":"東雲町","丁目名":"１丁目","小字名":null,"地番":"44-2","精度区分":null,"座標系":"任意座標系"}},{"type":"Polygon","arcs":[[6188,6189,-5584,-6119]],"properties":{"市区町村名":"留萌市","大字名":"東雲町","丁目名":"１丁目","小字名":null,"地番":"66-3","精度区分":null,"座標系":"任意座標系"}},{"type":"Polygon","arcs":[[6190,6191,-6099,6192,6193,6194,6195,6196,6197]],"properties":{"市区町村名":"留萌市","大字名":"東雲町","丁目名":"１丁目","小字名":null,"地番":"25-5","精度区分":null,"座標系":"任意座標系"}},{"type":"Polygon","arcs":[[-6100,-6192]],"properties":{"市区町村名":"留萌市","大字名":"東雲町","丁目名":"１丁目","小字名":null,"地番":"25-8","精度区分":null,"座標系":"任意座標系"}},{"type":"Polygon","arcs":[[-6194,6198,6199,6200,6201]],"properties":{"市区町村名":"留萌市","大字名":"東雲町","丁目名":"１丁目","小字名":null,"地番":"26-3","精度区分":null,"座標系":"任意座標系"}},{"type":"Polygon","arcs":[[-6132,6202,6203,-32,6204,6205,-6201]],"properties":{"市区町村名":"留萌市","大字名":"東雲町","丁目名":"１丁目","小字名":null,"地番":"26-1","精度区分":null,"座標系":"任意座標系"}},{"type":"Polygon","arcs":[[6206,6207,6208,6209,6210]],"properties":{"市区町村名":"留萌市","大字名":"東雲町","丁目名":"１丁目","小字名":null,"地番":"34-1","精度区分":null,"座標系":"任意座標系"}},{"type":"Polygon","arcs":[[6211,-6209,6212,6213,6214,6215]],"properties":{"市区町村名":"留萌市","大字名":"東雲町","丁目名":"１丁目","小字名":null,"地番":"34-2","精度区分":null,"座標系":"任意座標系"}},{"type":"Polygon","arcs":[[6216,6217,6218,-6211]],"properties":{"市区町村名":"留萌市","大字名":"東雲町","丁目名":"１丁目","小字名":null,"地番":"35-6","精度区分":null,"座標系":"任意座標系"}},{"type":"Polygon","arcs":[[6219,-6217,-6210,-6212,6220,6221]],"properties":{"市区町村名":"留萌市","大字名":"東雲町","丁目名":"１丁目","小字名":null,"地番":"35-1","精度区分":null,"座標系":"任意座標系"}},{"type":"Polygon","arcs":[[-6117,-6116,-6188,6222,6223,6224]],"properties":{"市区町村名":"留萌市","大字名":"東雲町","丁目名":"１丁目","小字名":null,"地番":"45-2","精度区分":null,"座標系":"任意座標系"}},{"type":"Polygon","arcs":[[6225,6226,6227,6228,6229,6230,6231,6232,6233,6234,6235,6236,6237]],"properties":{"市区町村名":"留萌市","大字名":"東雲町","丁目名":"１丁目","小字名":null,"地番":"46-1","精度区分":null,"座標系":"任意座標系"}},{"type":"Polygon","arcs":[[6238,6239,6240,-6230]],"properties":{"市区町村名":"留萌市","大字名":"東雲町","丁目名":"１丁目","小字名":null,"地番":"46-2","精度区分":null,"座標系":"任意座標系"}},{"type":"Polygon","arcs":[[-6215,-6135]],"properties":{"市区町村名":"留萌市","大字名":"東雲町","丁目名":"１丁目","小字名":null,"地番":"33","精度区分":null,"座標系":"任意座標系"}},{"type":"Polygon","arcs":[[6241,-6205,6242,6243,6244,6245,6246]],"properties":{"市区町村名":"留萌市","大字名":"東雲町","丁目名":"１丁目","小字名":null,"地番":"31","精度区分":null,"座標系":"任意座標系"}},{"type":"Polygon","arcs":[[-6208,6247,6248,-6206,-6242,-6213]],"properties":{"市区町村名":"留萌市","大字名":"東雲町","丁目名":"１丁目","小字名":null,"地番":"35-5","精度区分":null,"座標系":"任意座標系"}},{"type":"Polygon","arcs":[[-6195,-6202,-6249,6249]],"properties":{"市区町村名":"留萌市","大字名":"東雲町","丁目名":"１丁目","小字名":null,"地番":"35-4","精度区分":null,"座標系":"任意座標系"}},{"type":"Polygon","arcs":[[-6133,-6200]],"properties":{"市区町村名":"留萌市","大字名":"東雲町","丁目名":"１丁目","小字名":null,"地番":"13-2","精度区分":null,"座標系":"任意座標系"}},{"type":"Polygon","arcs":[[6250,-6127,-6199,-6193,-6098]],"properties":{"市区町村名":"留萌市","大字名":"東雲町","丁目名":"１丁目","小字名":null,"地番":"26-2","精度区分":null,"座標系":"任意座標系"}},{"type":"Polygon","arcs":[[6251,-6162]],"properties":{"市区町村名":"留萌市","大字名":"東雲町","丁目名":"１丁目","小字名":null,"地番":"22-2","精度区分":null,"座標系":"任意座標系"}},{"type":"Polygon","arcs":[[-6252,6252,6253,-6168]],"properties":{"市区町村名":"留萌市","大字名":"東雲町","丁目名":"１丁目","小字名":null,"地番":"22-1","精度区分":null,"座標系":"任意座標系"}},{"type":"Polygon","arcs":[[-6170,6254,-6092,6255,-6254]],"properties":{"市区町村名":"留萌市","大字名":"東雲町","丁目名":"１丁目","小字名":null,"地番":"22-3","精度区分":null,"座標系":"任意座標系"}},{"type":"Polygon","arcs":[[-6253,-6161,-6171]],"properties":{"市区町村名":"留萌市","大字名":"東雲町","丁目名":"１丁目","小字名":null,"地番":"23-3","精度区分":null,"座標系":"任意座標系"}},{"type":"Polygon","arcs":[[-6109,-6174,-6095,-6179]],"properties":{"市区町村名":"留萌市","大字名":"東雲町","丁目名":"１丁目","小字名":null,"地番":"25-3","精度区分":null,"座標系":"任意座標系"}},{"type":"Polygon","arcs":[[-6181,6256,6257]],"properties":{"市区町村名":"留萌市","大字名":"東雲町","丁目名":"１丁目","小字名":null,"地番":"40-3","精度区分":null,"座標系":"任意座標系"}},{"type":"Polygon","arcs":[[6258,-6257,6259,-6102,6260]],"properties":{"市区町村名":"留萌市","大字名":"東雲町","丁目名":"１丁目","小字名":null,"地番":"40-5","精度区分":null,"座標系":"任意座標系"}},{"type":"Polygon","arcs":[[-6,6261,6262,-6228,6263,-6183]],"properties":{"市区町村名":"留萌市","大字名":"東雲町","丁目名":"１丁目","小字名":null,"地番":"43-1","精度区分":null,"座標系":"任意座標系"}},{"type":"Polygon","arcs":[[6264,6265,-5]],"properties":{"市区町村名":"留萌市","大字名":"東雲町","丁目名":"１丁目","小字名":null,"地番":"42-4","精度区分":null,"座標系":"任意座標系"}},{"type":"Polygon","arcs":[[-6266,6266,6267,-6262]],"properties":{"市区町村名":"留萌市","大字名":"東雲町","丁目名":"１丁目","小字名":null,"地番":"43-2","精度区分":null,"座標系":"任意座標系"}},{"type":"Polygon","arcs":[[-6268,-6239,-6229,-6263]],"properties":{"市区町村名":"留萌市","大字名":"東雲町","丁目名":"１丁目","小字名":null,"地番":"43-3","精度区分":null,"座標系":"任意座標系"}},{"type":"Polygon","arcs":[[-6178,-6187,-6175]],"properties":{"市区町村名":"留萌市","大字名":"東雲町","丁目名":"１丁目","小字名":null,"地番":"41-2","精度区分":null,"座標系":"任意座標系"}},{"type":"Polygon","arcs":[[-6260,-6180,-6103]],"properties":{"市区町村名":"留萌市","大字名":"東雲町","丁目名":"１丁目","小字名":null,"地番":"40-4","精度区分":null,"座標系":"任意座標系"}},{"type":"Polygon","arcs":[[-6258,6268,-4,-6182]],"properties":{"市区町村名":"留萌市","大字名":"東雲町","丁目名":"１丁目","小字名":null,"地番":"41-3","精度区分":null,"座標系":"任意座標系"}},{"type":"Polygon","arcs":[[-6261,-6101,-6191,6269,6270]],"properties":{"市区町村名":"留萌市","大字名":"東雲町","丁目名":"１丁目","小字名":null,"地番":"25-6","精度区分":null,"座標系":"任意座標系"}},{"type":"Polygon","arcs":[[-6269,-6259,6271,-6267,-6265]],"properties":{"市区町村名":"留萌市","大字名":"東雲町","丁目名":"１丁目","小字名":null,"地番":"41-4","精度区分":null,"座標系":"任意座標系"}},{"type":"Polygon","arcs":[[6272,6273,6274,-6240]],"properties":{"市区町村名":"留萌市","大字名":"東雲町","丁目名":"１丁目","小字名":null,"地番":"39-1","精度区分":null,"座標系":"任意座標系"}},{"type":"Polygon","arcs":[[6275,-6231,-6241]],"properties":{"市区町村名":"留萌市","大字名":"東雲町","丁目名":"１丁目","小字名":null,"地番":"38","精度区分":null,"座標系":"任意座標系"}},{"type":"Polygon","arcs":[[-6275,6276,-6222,6277,-6276]],"properties":{"市区町村名":"留萌市","大字名":"東雲町","丁目名":"１丁目","小字名":null,"地番":"37","精度区分":null,"座標系":"任意座標系"}},{"type":"Polygon","arcs":[[-6278,6278,-6232]],"properties":{"市区町村名":"留萌市","大字名":"東雲町","丁目名":"１丁目","小字名":null,"地番":"47","精度区分":null,"座標系":"任意座標系"}},{"type":"Polygon","arcs":[[-6279,-6221,-6216,-6142,6279,-6233]],"properties":{"市区町村名":"留萌市","大字名":"東雲町","丁目名":"１丁目","小字名":null,"地番":"48","精度区分":null,"座標系":"任意座標系"}},{"type":"Polygon","arcs":[[6280,-6140,6281,6282]],"properties":{"市区町村名":"留萌市","大字名":"東雲町","丁目名":"１丁目","小字名":null,"地番":"58","精度区分":null,"座標系":"任意座標系"}},{"type":"Polygon","arcs":[[-6270,-6198,6283,-6274]],"properties":{"市区町村名":"留萌市","大字名":"東雲町","丁目名":"１丁目","小字名":null,"地番":"25-4","精度区分":null,"座標系":"任意座標系"}},{"type":"Polygon","arcs":[[-6284,-6197,6284,-6218,-6220,-6277]],"properties":{"市区町村名":"留萌市","大字名":"東雲町","丁目名":"１丁目","小字名":null,"地番":"36-1","精度区分":null,"座標系":"任意座標系"}},{"type":"Polygon","arcs":[[-6273,-6272,-6271]],"properties":{"市区町村名":"留萌市","大字名":"東雲町","丁目名":"１丁目","小字名":null,"地番":"39-2","精度区分":null,"座標系":"任意座標系"}},{"type":"Polygon","arcs":[[-6219,-6285,-6196,-6250,-6248,-6207]],"properties":{"市区町村名":"留萌市","大字名":"東雲町","丁目名":"１丁目","小字名":null,"地番":"35-3","精度区分":null,"座標系":"任意座標系"}},{"type":"Polygon","arcs":[[6285,6286,6287,-6058,6288,6289,6290,6291]],"properties":{"市区町村名":"留萌市","大字名":"東雲町","丁目名":"１丁目","小字名":null,"地番":"5","精度区分":null,"座標系":"任意座標系"}},{"type":"Polygon","arcs":[[-6243,-35,6292,6293,6294,-6059,-6064,6295,6296,6297,6298,6299,6300]],"properties":{"市区町村名":"留萌市","大字名":"東雲町","丁目名":"１丁目","小字名":null,"地番":"29-2","精度区分":null,"座標系":"任意座標系"}},{"type":"Polygon","arcs":[[-5928,-5920,-5879,-5871,-5869,-6152,6301,6302,6303,-6296,-6063,6304,6305,6306,6307,6308,6309,6310,-6020,-6009,-6019,-6017,-5485]],"properties":{"市区町村名":"留萌市","大字名":"東雲町","丁目名":"１丁目","小字名":null,"地番":"29-1","精度区分":null,"座標系":"任意座標系"}},{"type":"Polygon","arcs":[[6311,6312,-6021,-6311]],"properties":{"市区町村名":"留萌市","大字名":"東雲町","丁目名":"１丁目","小字名":null,"地番":"55-6","精度区分":null,"座標系":"任意座標系"}},{"type":"Polygon","arcs":[[6313,6314,6315,6316,6317,-6297,-6304,6318,-6143,-6138]],"properties":{"市区町村名":"留萌市","大字名":"東雲町","丁目名":"１丁目","小字名":null,"地番":"30-2","精度区分":null,"座標系":"任意座標系"}},{"type":"Polygon","arcs":[[-6136,-6214,-6247,6319]],"properties":{"市区町村名":"留萌市","大字名":"東雲町","丁目名":"１丁目","小字名":null,"地番":"32","精度区分":null,"座標系":"任意座標系"}},{"type":"Polygon","arcs":[[-6204,6320,-33]],"properties":{"市区町村名":"留萌市","大字名":"東雲町","丁目名":"１丁目","小字名":null,"地番":"12-2","精度区分":null,"座標系":"任意座標系"}},{"type":"Polygon","arcs":[[-6244,-6301,6321,6322,6323]],"properties":{"市区町村名":"留萌市","大字名":"東雲町","丁目名":"１丁目","小字名":null,"地番":"30-3","精度区分":null,"座標系":"任意座標系"}},{"type":"Polygon","arcs":[[-6322,-6300,6324]],"properties":{"市区町村名":"留萌市","大字名":"東雲町","丁目名":"１丁目","小字名":null,"地番":"30-1","精度区分":null,"座標系":"任意座標系"}},{"type":"Polygon","arcs":[[6325,-6298,-6318]],"properties":{"市区町村名":"留萌市","大字名":"東雲町","丁目名":"１丁目","小字名":null,"地番":"30-5","精度区分":null,"座標系":"任意座標系"}},{"type":"Polygon","arcs":[[-6320,-6246,6326,6327,-6314,-6137]],"properties":{"市区町村名":"留萌市","大字名":"東雲町","丁目名":"１丁目","小字名":null,"地番":"30-10","精度区分":null,"座標系":"任意座標系"}},{"type":"Polygon","arcs":[[6328,6329,-6325,-6299,-6326,-6317,6330]],"properties":{"市区町村名":"留萌市","大字名":"東雲町","丁目名":"１丁目","小字名":null,"地番":"30-4","精度区分":null,"座標系":"任意座標系"}},{"type":"Polygon","arcs":[[6331,-6329,6332,-6315,-6328]],"properties":{"市区町村名":"留萌市","大字名":"東雲町","丁目名":"１丁目","小字名":null,"地番":"30-8","精度区分":null,"座標系":"任意座標系"}},{"type":"Polygon","arcs":[[6333,-6323,-6330,-6332]],"properties":{"市区町村名":"留萌市","大字名":"東雲町","丁目名":"１丁目","小字名":null,"地番":"30-7","精度区分":null,"座標系":"任意座標系"}},{"type":"Polygon","arcs":[[-6333,-6331,-6316]],"properties":{"市区町村名":"留萌市","大字名":"東雲町","丁目名":"１丁目","小字名":null,"地番":"30-6","精度区分":null,"座標系":"任意座標系"}},{"type":"Polygon","arcs":[[-6126,-6129,6334]],"properties":{"市区町村名":"留萌市","大字名":"東雲町","丁目名":"１丁目","小字名":null,"地番":"17-3","精度区分":null,"座標系":"任意座標系"}},{"type":"Polygon","arcs":[[6335,-6123,-6335,-6128,6336,6337]],"properties":{"市区町村名":"留萌市","大字名":"東雲町","丁目名":"１丁目","小字名":null,"地番":"17-1","精度区分":null,"座標系":"任意座標系"}},{"type":"Polygon","arcs":[[6338,-6155,6339,6340,-6336]],"properties":{"市区町村名":"留萌市","大字名":"東雲町","丁目名":"１丁目","小字名":null,"地番":"16-1","精度区分":null,"座標系":"任意座標系"}},{"type":"Polygon","arcs":[[6341,-6156,-6339,-6338]],"properties":{"市区町村名":"留萌市","大字名":"東雲町","丁目名":"１丁目","小字名":null,"地番":"17-2","精度区分":null,"座標系":"任意座標系"}},{"type":"Polygon","arcs":[[-6340,-6154,-6122,6342]],"properties":{"市区町村名":"留萌市","大字名":"東雲町","丁目名":"１丁目","小字名":null,"地番":"16-2","精度区分":null,"座標系":"任意座標系"}},{"type":"Polygon","arcs":[[6343,6344,-6282,-6145,6345,-6302,-6151,-6149]],"properties":{"市区町村名":"留萌市","大字名":"東雲町","丁目名":"１丁目","小字名":null,"地番":"56","精度区分":null,"座標系":"任意座標系"}},{"type":"Polygon","arcs":[[-6319,-6303,-6346,-6144]],"properties":{"市区町村名":"留萌市","大字名":"東雲町","丁目名":"１丁目","小字名":null,"地番":"51","精度区分":null,"座標系":"任意座標系"}},{"type":"Polygon","arcs":[[6346,6347,-6066,6348,-6074]],"properties":{"市区町村名":"留萌市","大字名":"東雲町","丁目名":"１丁目","小字名":null,"地番":"28-2","精度区分":null,"座標系":"任意座標系"}},{"type":"Polygon","arcs":[[-6347,6349,6350]],"properties":{"市区町村名":"留萌市","大字名":"東雲町","丁目名":"１丁目","小字名":null,"地番":"28-3","精度区分":null,"座標系":"任意座標系"}},{"type":"Polygon","arcs":[[-6350,-6073,6351,-6075,6352]],"properties":{"市区町村名":"留萌市","大字名":"東雲町","丁目名":"１丁目","小字名":null,"地番":"53-3","精度区分":null,"座標系":"任意座標系"}},{"type":"Polygon","arcs":[[6353,6354,-6353,6355]],"properties":{"市区町村名":"留萌市","大字名":"東雲町","丁目名":"１丁目","小字名":null,"地番":"53-5","精度区分":null,"座標系":"任意座標系"}},{"type":"Polygon","arcs":[[-6356,-6079,6356,6357]],"properties":{"市区町村名":"留萌市","大字名":"東雲町","丁目名":"１丁目","小字名":null,"地番":"54-5","精度区分":null,"座標系":"任意座標系"}},{"type":"Polygon","arcs":[[6358,6359,6360,-6069]],"properties":{"市区町村名":"留萌市","大字名":"東雲町","丁目名":"１丁目","小字名":null,"地番":"52-2","精度区分":null,"座標系":"任意座標系"}},{"type":"Polygon","arcs":[[-6077,6361,-6360]],"properties":{"市区町村名":"留萌市","大字名":"東雲町","丁目名":"１丁目","小字名":null,"地番":"54-2","精度区分":null,"座標系":"任意座標系"}},{"type":"Polygon","arcs":[[6362,6363,6364,-6358]],"properties":{"市区町村名":"留萌市","大字名":"東雲町","丁目名":"１丁目","小字名":null,"地番":"54-4","精度区分":null,"座標系":"任意座標系"}},{"type":"Polygon","arcs":[[6365,-6363,-6357,-6078,-6359,6366,6367,6368]],"properties":{"市区町村名":"留萌市","大字名":"東雲町","丁目名":"１丁目","小字名":null,"地番":"52-3","精度区分":null,"座標系":"任意座標系"}},{"type":"Polygon","arcs":[[-6309,6369,6370,-6364,-6366,6371]],"properties":{"市区町村名":"留萌市","大字名":"東雲町","丁目名":"１丁目","小字名":null,"地番":"52-4","精度区分":null,"座標系":"任意座標系"}},{"type":"Polygon","arcs":[[-6371,6372,-6307,6373,-6354,-6365]],"properties":{"市区町村名":"留萌市","大字名":"東雲町","丁目名":"１丁目","小字名":null,"地番":"53-4","精度区分":null,"座標系":"任意座標系"}},{"type":"Polygon","arcs":[[-6370,-6308,-6373]],"properties":{"市区町村名":"留萌市","大字名":"東雲町","丁目名":"１丁目","小字名":null,"地番":"52-1","精度区分":null,"座標系":"任意座標系"}},{"type":"Polygon","arcs":[[-6306,6374,-6374]],"properties":{"市区町村名":"留萌市","大字名":"東雲町","丁目名":"１丁目","小字名":null,"地番":"28-4","精度区分":null,"座標系":"任意座標系"}},{"type":"Polygon","arcs":[[-6305,-6067,-6348,-6351,-6355,-6375]],"properties":{"市区町村名":"留萌市","大字名":"東雲町","丁目名":"１丁目","小字名":null,"地番":"28-5","精度区分":null,"座標系":"任意座標系"}},{"type":"Polygon","arcs":[[6375,-6369,6376,-6014,-6313]],"properties":{"市区町村名":"留萌市","大字名":"東雲町","丁目名":"１丁目","小字名":null,"地番":"55-4","精度区分":null,"座標系":"任意座標系"}},{"type":"Polygon","arcs":[[-6310,-6372,-6376,-6312]],"properties":{"市区町村名":"留萌市","大字名":"東雲町","丁目名":"１丁目","小字名":null,"地番":"55-1","精度区分":null,"座標系":"任意座標系"}},{"type":"Polygon","arcs":[[-6367,-6068,-6080,-6084,-6024,6377]],"properties":{"市区町村名":"留萌市","大字名":"東雲町","丁目名":"１丁目","小字名":null,"地番":"55-3","精度区分":null,"座標系":"任意座標系"}},{"type":"Polygon","arcs":[[-6368,-6378,-6023,-6377]],"properties":{"市区町村名":"留萌市","大字名":"東雲町","丁目名":"１丁目","小字名":null,"地番":"55-5","精度区分":null,"座標系":"任意座標系"}},{"type":"Polygon","arcs":[[6378,6379,-6146,-5808,-5771,6380]],"properties":{"市区町村名":"留萌市","大字名":"東雲町","丁目名":"１丁目","小字名":null,"地番":"61-1","精度区分":null,"座標系":"任意座標系"}},{"type":"Polygon","arcs":[[6381,6382,-6344,-6148]],"properties":{"市区町村名":"留萌市","大字名":"東雲町","丁目名":"１丁目","小字名":null,"地番":"60","精度区分":null,"座標系":"任意座標系"}},{"type":"Polygon","arcs":[[6383,-6283,-6345,-6383]],"properties":{"市区町村名":"留萌市","大字名":"東雲町","丁目名":"１丁目","小字名":null,"地番":"59","精度区分":null,"座標系":"任意座標系"}},{"type":"Polygon","arcs":[[6384,-6225,6385,6386,6387]],"properties":{"市区町村名":"留萌市","大字名":"東雲町","丁目名":"１丁目","小字名":null,"地番":"45-4","精度区分":null,"座標系":"任意座標系"}},{"type":"Polygon","arcs":[[-6189,-6118,-6385,6388]],"properties":{"市区町村名":"留萌市","大字名":"東雲町","丁目名":"１丁目","小字名":null,"地番":"66-5","精度区分":null,"座標系":"任意座標系"}},{"type":"Polygon","arcs":[[6389,6390,-6264,-6227,6391,-6387]],"properties":{"市区町村名":"留萌市","大字名":"東雲町","丁目名":"１丁目","小字名":null,"地番":"46-3","精度区分":null,"座標系":"任意座標系"}},{"type":"Polygon","arcs":[[-6190,-6389,-6388,-6392,6392,-5585]],"properties":{"市区町村名":"留萌市","大字名":"東雲町","丁目名":"１丁目","小字名":null,"地番":"66-1","精度区分":null,"座標系":"任意座標系"}},{"type":"Polygon","arcs":[[-6393,-6226,6393,6394,6395,6396,6397,-5532]],"properties":{"市区町村名":"留萌市","大字名":"東雲町","丁目名":"１丁目","小字名":null,"地番":"66-4","精度区分":null,"座標系":"任意座標系"}},{"type":"Polygon","arcs":[[-6386,-6224,6398,-6390]],"properties":{"市区町村名":"留萌市","大字名":"東雲町","丁目名":"１丁目","小字名":null,"地番":"45-1","精度区分":null,"座標系":"任意座標系"}},{"type":"Polygon","arcs":[[-6223,-6184,-6391,-6399]],"properties":{"市区町村名":"留萌市","大字名":"東雲町","丁目名":"１丁目","小字名":null,"地番":"45-3","精度区分":null,"座標系":"任意座標系"}},{"type":"Polygon","arcs":[[6399,6400,6401,-6397]],"properties":{"市区町村名":"留萌市","大字名":"東雲町","丁目名":"１丁目","小字名":null,"地番":"65-1","精度区分":null,"座標系":"任意座標系"}},{"type":"Polygon","arcs":[[6402,6403,-6381,-5770,6404]],"properties":{"市区町村名":"留萌市","大字名":"東雲町","丁目名":"１丁目","小字名":null,"地番":"63-1","精度区分":null,"座標系":"任意座標系"}},{"type":"Polygon","arcs":[[6405,6406,6407,-6401]],"properties":{"市区町村名":"留萌市","大字名":"東雲町","丁目名":"１丁目","小字名":null,"地番":"63-3","精度区分":null,"座標系":"任意座標系"}},{"type":"Polygon","arcs":[[6408,-6236,6409,6410]],"properties":{"市区町村名":"留萌市","大字名":"東雲町","丁目名":"１丁目","小字名":null,"地番":"62-6","精度区分":null,"座標系":"任意座標系"}},{"type":"Polygon","arcs":[[6411,-6237,-6409,6412]],"properties":{"市区町村名":"留萌市","大字名":"東雲町","丁目名":"１丁目","小字名":null,"地番":"62-4","精度区分":null,"座標系":"任意座標系"}},{"type":"Polygon","arcs":[[6413,6414,6415,6416]],"properties":{"市区町村名":"留萌市","大字名":"東雲町","丁目名":"１丁目","小字名":null,"地番":"62-1","精度区分":null,"座標系":"任意座標系"}},{"type":"Polygon","arcs":[[-6410,-6235,6417,-6415]],"properties":{"市区町村名":"留萌市","大字名":"東雲町","丁目名":"１丁目","小字名":null,"地番":"62-2","精度区分":null,"座標系":"任意座標系"}},{"type":"Polygon","arcs":[[6418,-6417,6419,-6379,-6404]],"properties":{"市区町村名":"留萌市","大字名":"東雲町","丁目名":"１丁目","小字名":null,"地番":"63-2","精度区分":null,"座標系":"任意座標系"}},{"type":"Polygon","arcs":[[-6407,6420,-6403,6421]],"properties":{"市区町村名":"留萌市","大字名":"東雲町","丁目名":"１丁目","小字名":null,"地番":"63-4","精度区分":null,"座標系":"任意座標系"}},{"type":"Polygon","arcs":[[6422,6423,-6419,-6421]],"properties":{"市区町村名":"留萌市","大字名":"東雲町","丁目名":"１丁目","小字名":null,"地番":"63-6","精度区分":null,"座標系":"任意座標系"}},{"type":"Polygon","arcs":[[6424,-6411,-6414,-6424]],"properties":{"市区町村名":"留萌市","大字名":"東雲町","丁目名":"１丁目","小字名":null,"地番":"62-5","精度区分":null,"座標系":"任意座標系"}},{"type":"Polygon","arcs":[[-6420,-6416,-6418,-6234,-6280,-6141,-6281,-6384,-6382,-6147,-6380]],"properties":{"市区町村名":"留萌市","大字名":"東雲町","丁目名":"１丁目","小字名":null,"地番":"61-2","精度区分":null,"座標系":"任意座標系"}},{"type":"Polygon","arcs":[[-6396,6425,6426,-6400]],"properties":{"市区町村名":"留萌市","大字名":"東雲町","丁目名":"１丁目","小字名":null,"地番":"65-2","精度区分":null,"座標系":"任意座標系"}},{"type":"Polygon","arcs":[[-6427,6427,-6423,-6406]],"properties":{"市区町村名":"留萌市","大字名":"東雲町","丁目名":"１丁目","小字名":null,"地番":"63-5","精度区分":null,"座標系":"任意座標系"}},{"type":"Polygon","arcs":[[-6395,6428,6429,-6426]],"properties":{"市区町村名":"留萌市","大字名":"東雲町","丁目名":"１丁目","小字名":null,"地番":"64-1","精度区分":null,"座標系":"任意座標系"}},{"type":"Polygon","arcs":[[-6430,-6413,-6425,-6428]],"properties":{"市区町村名":"留萌市","大字名":"東雲町","丁目名":"１丁目","小字名":null,"地番":"62-3","精度区分":null,"座標系":"任意座標系"}},{"type":"Polygon","arcs":[[-6394,-6238,-6412,-6429]],"properties":{"市区町村名":"留萌市","大字名":"東雲町","丁目名":"１丁目","小字名":null,"地番":"64-2","精度区分":null,"座標系":"任意座標系"}},{"type":"Polygon","arcs":[[-6124,-6341,-6343,-6121,-6130]],"properties":{"市区町村名":"留萌市","大字名":"東雲町","丁目名":"１丁目","小字名":null,"地番":"14","精度区分":null,"座標系":"任意座標系"}},{"type":"Polygon","arcs":[[-6245,-6324,-6334,-6327]],"properties":{"市区町村名":"留萌市","大字名":"東雲町","丁目名":"１丁目","小字名":null,"地番":"30-9","精度区分":null,"座標系":"任意座標系"}},{"type":"Polygon","arcs":[[-6256,-6091,-6169]],"properties":{"市区町村名":"留萌市","大字名":"東雲町","丁目名":"１丁目","小字名":null,"地番":"23-5","精度区分":null,"座標系":"任意座標系"}},{"type":"Polygon","arcs":[[-6172,-6165,-6164,-6167]],"properties":{"市区町村名":"留萌市","大字名":"東雲町","丁目名":"１丁目","小字名":null,"地番":"23-7","精度区分":null,"座標系":"任意座標系"}},{"type":"Polygon","arcs":[[-6255,-6157,6430,-6096]],"properties":{"市区町村名":"留萌市","大字名":"東雲町","丁目名":"１丁目","小字名":null,"地番":"21","精度区分":null,"座標系":"任意座標系"}},{"type":"Polygon","arcs":[[-6431,-6342,-6337,-6251,-6134]],"properties":{"市区町村名":"留萌市","大字名":"東雲町","丁目名":"１丁目","小字名":null,"地番":"18","精度区分":null,"座標系":"任意座標系"}},{"type":"Polygon","arcs":[[6431,6432,6433,6434,6435,6436]],"properties":{"市区町村名":"留萌市","大字名":"堀川町","丁目名":"２丁目","小字名":null,"地番":"95-3","精度区分":null,"座標系":"任意座標系"}},{"type":"Polygon","arcs":[[6437,6438,6439,6440,6441]],"properties":{"市区町村名":"留萌市","大字名":"堀川町","丁目名":"２丁目","小字名":null,"地番":"135-2","精度区分":null,"座標系":"任意座標系"}},{"type":"Polygon","arcs":[[6442,6443]],"properties":{"市区町村名":"留萌市","大字名":"大字留萌村","丁目名":null,"小字名":"字川上","地番":"898-3","精度区分":null,"座標系":"任意座標系"}},{"type":"Polygon","arcs":[[-6443,6444,-6442,6445]],"properties":{"市区町村名":"留萌市","大字名":"大字留萌村","丁目名":null,"小字名":"字川上","地番":"898-2","精度区分":null,"座標系":"任意座標系"}},{"type":"Polygon","arcs":[[6446,6447,6448,6449,6450,6451,-6037,6452]],"properties":{"市区町村名":"留萌市","大字名":"堀川町","丁目名":"２丁目","小字名":null,"地番":"138","精度区分":null,"座標系":"任意座標系"}},{"type":"Polygon","arcs":[[-6436,6453,6454,6455,6456,6457,6458,6459,6460,6461,6462,6463,6464,6465,6466,6467,6468,6469,6470,6471,6472,6473,6474,6475,6476,6477,6478,6479,6480,6481,-6038,6482,6483,6484,6485]],"properties":{"市区町村名":"留萌市","大字名":"堀川町","丁目名":"２丁目","小字名":null,"地番":"1-1W1","精度区分":null,"座標系":"任意座標系"}},{"type":"Polygon","arcs":[[-6482,6486,6487,6488,6489,6490,-6039]],"properties":{"市区町村名":"留萌市","大字名":"堀川町","丁目名":"２丁目","小字名":null,"地番":"139","精度区分":null,"座標系":"任意座標系"}},{"type":"Polygon","arcs":[[-4051,6491,6492,6493]],"properties":{"市区町村名":"留萌市","大字名":"大字留萌村","丁目名":null,"小字名":"字留萌","地番":"1595-5","精度区分":null,"座標系":"任意座標系"}},{"type":"Polygon","arcs":[[6494,-47,6495,-6493]],"properties":{"市区町村名":"留萌市","大字名":"大字留萌村","丁目名":null,"小字名":"字留萌","地番":"1595-6","精度区分":null,"座標系":"任意座標系"}},{"type":"Polygon","arcs":[[-6447,6496,6497,6498]],"properties":{"市区町村名":"留萌市","大字名":"堀川町","丁目名":"２丁目","小字名":null,"地番":"137-2","精度区分":null,"座標系":"任意座標系"}},{"type":"Polygon","arcs":[[-6452,6499,6500,6501,-6483]],"properties":{"市区町村名":"留萌市","大字名":"堀川町","丁目名":"２丁目","小字名":null,"地番":"129-1","精度区分":null,"座標系":"任意座標系"}},{"type":"Polygon","arcs":[[6502,-6485,6503,-6439]],"properties":{"市区町村名":"留萌市","大字名":"堀川町","丁目名":"２丁目","小字名":null,"地番":"134","精度区分":null,"座標系":"任意座標系"}},{"type":"Polygon","arcs":[[-6484,-6502,-6504]],"properties":{"市区町村名":"留萌市","大字名":"堀川町","丁目名":"２丁目","小字名":null,"地番":"129-2","精度区分":null,"座標系":"任意座標系"}},{"type":"Polygon","arcs":[[6504,6505,6506,-6440]],"properties":{"市区町村名":"留萌市","大字名":"堀川町","丁目名":"２丁目","小字名":null,"地番":"135-1","精度区分":null,"座標系":"任意座標系"}},{"type":"Polygon","arcs":[[-6498,6507,-6441,6508]],"properties":{"市区町村名":"留萌市","大字名":"堀川町","丁目名":"２丁目","小字名":null,"地番":"136-2","精度区分":null,"座標系":"任意座標系"}},{"type":"Polygon","arcs":[[6509,6510,-6509]],"properties":{"市区町村名":"留萌市","大字名":"堀川町","丁目名":"２丁目","小字名":null,"地番":"136-3","精度区分":null,"座標系":"任意座標系"}},{"type":"Polygon","arcs":[[-6505,-6501,6511]],"properties":{"市区町村名":"留萌市","大字名":"堀川町","丁目名":"２丁目","小字名":null,"地番":"130","精度区分":null,"座標系":"任意座標系"}},{"type":"Polygon","arcs":[[-6507,6512,6513,-6510]],"properties":{"市区町村名":"留萌市","大字名":"堀川町","丁目名":"２丁目","小字名":null,"地番":"136-1","精度区分":null,"座標系":"任意座標系"}},{"type":"Polygon","arcs":[[-6451,6514,6515,-6513,6516,-6500]],"properties":{"市区町村名":"留萌市","大字名":"堀川町","丁目名":"２丁目","小字名":null,"地番":"132","精度区分":null,"座標系":"任意座標系"}},{"type":"Polygon","arcs":[[-6511,6517,-6448,-6499]],"properties":{"市区町村名":"留萌市","大字名":"堀川町","丁目名":"２丁目","小字名":null,"地番":"137-3","精度区分":null,"座標系":"任意座標系"}},{"type":"Polygon","arcs":[[-6514,-6516,6518,-6449,-6518]],"properties":{"市区町村名":"留萌市","大字名":"堀川町","丁目名":"２丁目","小字名":null,"地番":"137-1","精度区分":null,"座標系":"任意座標系"}},{"type":"Polygon","arcs":[[-6519,-6515,-6450]],"properties":{"市区町村名":"留萌市","大字名":"堀川町","丁目名":"２丁目","小字名":null,"地番":"133","精度区分":null,"座標系":"任意座標系"}},{"type":"Polygon","arcs":[[-6472,6519,6520,6521]],"properties":{"市区町村名":"留萌市","大字名":"堀川町","丁目名":"２丁目","小字名":null,"地番":"111","精度区分":null,"座標系":"任意座標系"}},{"type":"Polygon","arcs":[[6522,6523,6524,-6491,6525]],"properties":{"市区町村名":"留萌市","大字名":"堀川町","丁目名":"２丁目","小字名":null,"地番":"124-1","精度区分":null,"座標系":"任意座標系"}},{"type":"Polygon","arcs":[[-6481,6526,-6487]],"properties":{"市区町村名":"留萌市","大字名":"堀川町","丁目名":"２丁目","小字名":null,"地番":"128","精度区分":null,"座標系":"任意座標系"}},{"type":"Polygon","arcs":[[-6478,6527,6528,6529,6530]],"properties":{"市区町村名":"留萌市","大字名":"堀川町","丁目名":"２丁目","小字名":null,"地番":"127-3","精度区分":null,"座標系":"任意座標系"}},{"type":"Polygon","arcs":[[-6480,6531,6532,-6488,-6527]],"properties":{"市区町村名":"留萌市","大字名":"堀川町","丁目名":"２丁目","小字名":null,"地番":"127-2","精度区分":null,"座標系":"任意座標系"}},{"type":"Polygon","arcs":[[6533,6534,6535,-6489,-6533]],"properties":{"市区町村名":"留萌市","大字名":"堀川町","丁目名":"２丁目","小字名":null,"地番":"125-1","精度区分":null,"座標系":"任意座標系"}},{"type":"Polygon","arcs":[[-6532,-6479,-6531,6536,-6534]],"properties":{"市区町村名":"留萌市","大字名":"堀川町","丁目名":"２丁目","小字名":null,"地番":"127-1","精度区分":null,"座標系":"任意座標系"}},{"type":"Polygon","arcs":[[-6528,-6477,6537]],"properties":{"市区町村名":"留萌市","大字名":"堀川町","丁目名":"２丁目","小字名":null,"地番":"126","精度区分":null,"座標系":"任意座標系"}},{"type":"Polygon","arcs":[[-6530,6538,6539,6540,-6523,-6535,-6537]],"properties":{"市区町村名":"留萌市","大字名":"堀川町","丁目名":"２丁目","小字名":null,"地番":"125-3","精度区分":null,"座標系":"任意座標系"}},{"type":"Polygon","arcs":[[-6526,-6490,-6536]],"properties":{"市区町村名":"留萌市","大字名":"堀川町","丁目名":"２丁目","小字名":null,"地番":"124-2","精度区分":null,"座標系":"任意座標系"}},{"type":"Polygon","arcs":[[6541,6542,-6520]],"properties":{"市区町村名":"留萌市","大字名":"堀川町","丁目名":"２丁目","小字名":null,"地番":"110","精度区分":null,"座標系":"任意座標系"}},{"type":"Polygon","arcs":[[6543,6544]],"properties":{"市区町村名":"留萌市","大字名":"堀川町","丁目名":"２丁目","小字名":null,"地番":"123","精度区分":null,"座標系":"任意座標系"}},{"type":"Polygon","arcs":[[-6539,-6529,-6538,-6476,6545,-6544]],"properties":{"市区町村名":"留萌市","大字名":"堀川町","丁目名":"２丁目","小字名":null,"地番":"125-2","精度区分":null,"座標系":"任意座標系"}},{"type":"Polygon","arcs":[[6546,6547,6548,-6543,6549,-6524,6550]],"properties":{"市区町村名":"留萌市","大字名":"堀川町","丁目名":"２丁目","小字名":null,"地番":"112","精度区分":null,"座標系":"任意座標系"}},{"type":"Polygon","arcs":[[6551,6552,6553]],"properties":{"市区町村名":"留萌市","大字名":"堀川町","丁目名":"２丁目","小字名":null,"地番":"120","精度区分":null,"座標系":"任意座標系"}},{"type":"Polygon","arcs":[[6554,-6545,6555,-6552,6556,6557]],"properties":{"市区町村名":"留萌市","大字名":"堀川町","丁目名":"２丁目","小字名":null,"地番":"117-1","精度区分":null,"座標系":"任意座標系"}},{"type":"Polygon","arcs":[[6558,-6474,6559,-6553]],"properties":{"市区町村名":"留萌市","大字名":"堀川町","丁目名":"２丁目","小字名":null,"地番":"119","精度区分":null,"座標系":"任意座標系"}},{"type":"Polygon","arcs":[[-6475,-6559,-6556,-6546]],"properties":{"市区町村名":"留萌市","大字名":"堀川町","丁目名":"２丁目","小字名":null,"地番":"121","精度区分":null,"座標系":"任意座標系"}},{"type":"Polygon","arcs":[[6560,6561,-6557,-6554]],"properties":{"市区町村名":"留萌市","大字名":"堀川町","丁目名":"２丁目","小字名":null,"地番":"116","精度区分":null,"座標系":"任意座標系"}},{"type":"Polygon","arcs":[[6562,-6547,6563,6564,-6555]],"properties":{"市区町村名":"留萌市","大字名":"堀川町","丁目名":"２丁目","小字名":null,"地番":"117-2","精度区分":null,"座標系":"任意座標系"}},{"type":"Polygon","arcs":[[-6558,6565,-6548,-6563]],"properties":{"市区町村名":"留萌市","大字名":"堀川町","丁目名":"２丁目","小字名":null,"地番":"114","精度区分":null,"座標系":"任意座標系"}},{"type":"Polygon","arcs":[[-6565,-6540]],"properties":{"市区町村名":"留萌市","大字名":"堀川町","丁目名":"２丁目","小字名":null,"地番":"122","精度区分":null,"座標系":"任意座標系"}},{"type":"Polygon","arcs":[[-6564,-6551,-6541]],"properties":{"市区町村名":"留萌市","大字名":"堀川町","丁目名":"２丁目","小字名":null,"地番":"118","精度区分":null,"座標系":"任意座標系"}},{"type":"Polygon","arcs":[[-122,-118,6566,-115,-112,-6459,6567,6568,6569]],"properties":{"市区町村名":"留萌市","大字名":"堀川町","丁目名":"２丁目","小字名":null,"地番":"95-12","精度区分":null,"座標系":"任意座標系"}},{"type":"Polygon","arcs":[[6570,6571,-6454,-6435]],"properties":{"市区町村名":"留萌市","大字名":"堀川町","丁目名":"２丁目","小字名":null,"地番":"95-4","精度区分":null,"座標系":"任意座標系"}},{"type":"Polygon","arcs":[[6572,6573,6574,-6457]],"properties":{"市区町村名":"留萌市","大字名":"堀川町","丁目名":"２丁目","小字名":null,"地番":"95-6","精度区分":null,"座標系":"任意座標系"}},{"type":"Polygon","arcs":[[-6571,-6434,6575,6576]],"properties":{"市区町村名":"留萌市","大字名":"堀川町","丁目名":"２丁目","小字名":null,"地番":"95-5","精度区分":null,"座標系":"任意座標系"}},{"type":"Polygon","arcs":[[6577,-6569,6578,-6574,6579,6580,-6576,-6433]],"properties":{"市区町村名":"留萌市","大字名":"堀川町","丁目名":"２丁目","小字名":null,"地番":"95-1","精度区分":null,"座標系":"任意座標系"}},{"type":"Polygon","arcs":[[-6577,-6581,6581,-6455,-6572]],"properties":{"市区町村名":"留萌市","大字名":"堀川町","丁目名":"２丁目","小字名":null,"地番":"95-15","精度区分":null,"座標系":"任意座標系"}},{"type":"Polygon","arcs":[[-6579,-6568,-6458,-6575]],"properties":{"市区町村名":"留萌市","大字名":"堀川町","丁目名":"２丁目","小字名":null,"地番":"95-7","精度区分":null,"座標系":"任意座標系"}},{"type":"Polygon","arcs":[[-6582,-6580,-6573,-6456]],"properties":{"市区町村名":"留萌市","大字名":"堀川町","丁目名":"２丁目","小字名":null,"地番":"95-16","精度区分":null,"座標系":"任意座標系"}},{"type":"Polygon","arcs":[[6582,6583,-6465]],"properties":{"市区町村名":"留萌市","大字名":"堀川町","丁目名":"２丁目","小字名":null,"地番":"99-2","精度区分":null,"座標系":"任意座標系"}},{"type":"Polygon","arcs":[[6584,6585,6586,6587,6588,-6470,6589,6590,6591,6592,6593]],"properties":{"市区町村名":"留萌市","大字名":"堀川町","丁目名":"２丁目","小字名":null,"地番":"87-1","精度区分":null,"座標系":"任意座標系"}},{"type":"Polygon","arcs":[[6594,6595,6596,6597]],"properties":{"市区町村名":"留萌市","大字名":"堀川町","丁目名":"２丁目","小字名":null,"地番":"87-20","精度区分":null,"座標系":"任意座標系"}},{"type":"Polygon","arcs":[[6598,6599,6600,6601,6602,-6586,6603,-6461]],"properties":{"市区町村名":"留萌市","大字名":"堀川町","丁目名":"２丁目","小字名":null,"地番":"87-13","精度区分":null,"座標系":"任意座標系"}},{"type":"Polygon","arcs":[[-6462,-6604,-6585,6604]],"properties":{"市区町村名":"留萌市","大字名":"堀川町","丁目名":"２丁目","小字名":null,"地番":"87-29","精度区分":null,"座標系":"任意座標系"}},{"type":"Polygon","arcs":[[-6588,-6597,6605]],"properties":{"市区町村名":"留萌市","大字名":"堀川町","丁目名":"２丁目","小字名":null,"地番":"87-19","精度区分":null,"座標系":"任意座標系"}},{"type":"Polygon","arcs":[[-6603,6606,6607,6608,-6598,-6587]],"properties":{"市区町村名":"留萌市","大字名":"堀川町","丁目名":"２丁目","小字名":null,"地番":"87-17","精度区分":null,"座標系":"任意座標系"}},{"type":"Polygon","arcs":[[-6590,-6469,6609]],"properties":{"市区町村名":"留萌市","大字名":"堀川町","丁目名":"２丁目","小字名":null,"地番":"87-11","精度区分":null,"座標系":"任意座標系"}},{"type":"Polygon","arcs":[[6610,-6591,-6610,-6468]],"properties":{"市区町村名":"留萌市","大字名":"堀川町","丁目名":"２丁目","小字名":null,"地番":"87-5","精度区分":null,"座標系":"任意座標系"}},{"type":"Polygon","arcs":[[-6592,-6611,-6467,6611]],"properties":{"市区町村名":"留萌市","大字名":"堀川町","丁目名":"２丁目","小字名":null,"地番":"87-4","精度区分":null,"座標系":"任意座標系"}},{"type":"Polygon","arcs":[[-6584,6612,6613,-6593,-6612,-6466]],"properties":{"市区町村名":"留萌市","大字名":"堀川町","丁目名":"２丁目","小字名":null,"地番":"87-3","精度区分":null,"座標系":"任意座標系"}},{"type":"Polygon","arcs":[[6614,-6463,-6605,-6594,-6614]],"properties":{"市区町村名":"留萌市","大字名":"堀川町","丁目名":"２丁目","小字名":null,"地番":"89-2","精度区分":null,"座標系":"任意座標系"}},{"type":"Polygon","arcs":[[-6464,-6615,-6613,-6583]],"properties":{"市区町村名":"留萌市","大字名":"堀川町","丁目名":"２丁目","小字名":null,"地番":"100-2","精度区分":null,"座標系":"任意座標系"}},{"type":"Polygon","arcs":[[-6473,-6522,-6561,-6560]],"properties":{"市区町村名":"留萌市","大字名":"堀川町","丁目名":"２丁目","小字名":null,"地番":"115","精度区分":null,"座標系":"任意座標系"}},{"type":"Polygon","arcs":[[-6521,-6549,-6566,-6562]],"properties":{"市区町村名":"留萌市","大字名":"堀川町","丁目名":"２丁目","小字名":null,"地番":"113","精度区分":null,"座標系":"任意座標系"}},{"type":"Polygon","arcs":[[-6506,-6512,-6517]],"properties":{"市区町村名":"留萌市","大字名":"堀川町","丁目名":"２丁目","小字名":null,"地番":"131","精度区分":null,"座標系":"任意座標系"}},{"type":"Polygon","arcs":[[6615,6616,6617,6618,6619,6620,6621]],"properties":{"市区町村名":"留萌市","大字名":"堀川町","丁目名":"２丁目","小字名":null,"地番":"4","精度区分":null,"座標系":"任意座標系"}},{"type":"Polygon","arcs":[[6622,6623,6624,6625,6626]],"properties":{"市区町村名":"留萌市","大字名":"堀川町","丁目名":"２丁目","小字名":null,"地番":"18","精度区分":null,"座標系":"任意座標系"}},{"type":"Polygon","arcs":[[6627,-6626,6628,6629]],"properties":{"市区町村名":"留萌市","大字名":"堀川町","丁目名":"２丁目","小字名":null,"地番":"72-2","精度区分":null,"座標系":"任意座標系"}},{"type":"Polygon","arcs":[[-6630,6630,6631,6632]],"properties":{"市区町村名":"留萌市","大字名":"堀川町","丁目名":"２丁目","小字名":null,"地番":"73-2","精度区分":null,"座標系":"任意座標系"}},{"type":"Polygon","arcs":[[-111,6633,6634,6635,6636,-6632,6637,6638,-6624,6639,6640,6641,6642,6643,6644,6645,6646,6647,6648,-6616,6649,6650,6651,6652,6653,6654,6655,6656,6657,6658,6659,6660,6661,6662,6663,6664,6665,6666,6667,6668,6669,6670,6671,6672,6673,6674,6675,6676,6677,6678,6679,6680,6681,6682,6683,6684,6685,6686,6687,6688,6689,6690,6691,6692,6693,6694,6695,6696,6697,6698,6699,6700,6701,6702,-6460]],"properties":{"市区町村名":"留萌市","大字名":"堀川町","丁目名":"２丁目","小字名":null,"地番":"1-1W2","精度区分":null,"座標系":"任意座標系"}},{"type":"Polygon","arcs":[[6703,6704,-6636,6705,-120]],"properties":{"市区町村名":"留萌市","大字名":"堀川町","丁目名":"２丁目","小字名":null,"地番":"95-2","精度区分":null,"座標系":"任意座標系"}},{"type":"Polygon","arcs":[[6706,6707]],"properties":{"市区町村名":"留萌市","大字名":"大字留萌村","丁目名":null,"小字名":null,"地番":"1297-2","精度区分":null,"座標系":"任意座標系"}},{"type":"Polygon","arcs":[[6708,-6707,6709,-6704,-119,-6570,-6578,-6432]],"properties":{"市区町村名":"留萌市","大字名":"堀川町","丁目名":"２丁目","小字名":null,"地番":"96-2","精度区分":null,"座標系":"任意座標系"}},{"type":"Polygon","arcs":[[6710,6711,6712,6713,6714,6715]],"properties":{"市区町村名":"留萌市","大字名":"大字留萌村","丁目名":null,"小字名":"字川上","地番":"896-8","精度区分":null,"座標系":"任意座標系"}},{"type":"Polygon","arcs":[[-6712,6716]],"properties":{"市区町村名":"留萌市","大字名":"大字留萌村","丁目名":null,"小字名":"字留萌原野三線","地番":"14-9","精度区分":null,"座標系":"任意座標系"}},{"type":"Polygon","arcs":[[6717,-6716,6718,6719]],"properties":{"市区町村名":"留萌市","大字名":"大字留萌村","丁目名":null,"小字名":"字川上","地番":"896-7","精度区分":null,"座標系":"任意座標系"}},{"type":"Polygon","arcs":[[-6720,6720,-45,6721]],"properties":{"市区町村名":"留萌市","大字名":"大字留萌村","丁目名":null,"小字名":"字川上","地番":"896-11","精度区分":null,"座標系":"任意座標系"}},{"type":"Polygon","arcs":[[-6706,-6635,6722,-113,-6567,-117,-121]],"properties":{"市区町村名":"留萌市","大字名":"堀川町","丁目名":"２丁目","小字名":null,"地番":"95-10","精度区分":null,"座標系":"任意座標系"}},{"type":"Polygon","arcs":[[-6723,-6634,-110,-114]],"properties":{"市区町村名":"留萌市","大字名":"堀川町","丁目名":"２丁目","小字名":null,"地番":"95-9","精度区分":null,"座標系":"任意座標系"}},{"type":"Polygon","arcs":[[6723,-6692,6724,6725]],"properties":{"市区町村名":"留萌市","大字名":"堀川町","丁目名":"２丁目","小字名":null,"地番":"87-10","精度区分":null,"座標系":"任意座標系"}},{"type":"Polygon","arcs":[[-6726,6726,-6595,6727]],"properties":{"市区町村名":"留萌市","大字名":"堀川町","丁目名":"２丁目","小字名":null,"地番":"87-9","精度区分":null,"座標系":"任意座標系"}},{"type":"Polygon","arcs":[[-6599,-6703,6728]],"properties":{"市区町村名":"留萌市","大字名":"堀川町","丁目名":"２丁目","小字名":null,"地番":"87-21","精度区分":null,"座標系":"任意座標系"}},{"type":"Polygon","arcs":[[-6699,6729,6730]],"properties":{"市区町村名":"留萌市","大字名":"堀川町","丁目名":"２丁目","小字名":null,"地番":"87-26","精度区分":null,"座標系":"任意座標系"}},{"type":"Polygon","arcs":[[6731,6732,-6607,6733]],"properties":{"市区町村名":"留萌市","大字名":"堀川町","丁目名":"２丁目","小字名":null,"地番":"87-16","精度区分":null,"座標系":"任意座標系"}},{"type":"Polygon","arcs":[[6734,6735,6736,-6694,6737,-6608,-6733]],"properties":{"市区町村名":"留萌市","大字名":"堀川町","丁目名":"２丁目","小字名":null,"地番":"87-15","精度区分":null,"座標系":"任意座標系"}},{"type":"Polygon","arcs":[[6738,-6695,-6737]],"properties":{"市区町村名":"留萌市","大字名":"堀川町","丁目名":"２丁目","小字名":null,"地番":"87-18","精度区分":null,"座標系":"任意座標系"}},{"type":"Polygon","arcs":[[6739,-6700,-6731,6740]],"properties":{"市区町村名":"留萌市","大字名":"堀川町","丁目名":"２丁目","小字名":null,"地番":"87-27","精度区分":null,"座標系":"任意座標系"}},{"type":"Polygon","arcs":[[6741,6742,-6736]],"properties":{"市区町村名":"留萌市","大字名":"堀川町","丁目名":"２丁目","小字名":null,"地番":"87-24","精度区分":null,"座標系":"任意座標系"}},{"type":"Polygon","arcs":[[6743,6744,6745,-6742,-6735,-6732,6746]],"properties":{"市区町村名":"留萌市","大字名":"堀川町","丁目名":"２丁目","小字名":null,"地番":"87-28","精度区分":null,"座標系":"任意座標系"}},{"type":"Polygon","arcs":[[6747,-6696,-6739,-6743]],"properties":{"市区町村名":"留萌市","大字名":"堀川町","丁目名":"２丁目","小字名":null,"地番":"87-23","精度区分":null,"座標系":"任意座標系"}},{"type":"Polygon","arcs":[[-6697,-6748,-6746,6748]],"properties":{"市区町村名":"留萌市","大字名":"堀川町","丁目名":"２丁目","小字名":null,"地番":"87-25","精度区分":null,"座標系":"任意座標系"}},{"type":"Polygon","arcs":[[-6741,-6730,-6698,-6749,-6745,6749]],"properties":{"市区町村名":"留萌市","大字名":"堀川町","丁目名":"２丁目","小字名":null,"地番":"87-8","精度区分":null,"座標系":"任意座標系"}},{"type":"Polygon","arcs":[[-6702,6750,6751,-6600,-6729]],"properties":{"市区町村名":"留萌市","大字名":"堀川町","丁目名":"２丁目","小字名":null,"地番":"87-7","精度区分":null,"座標系":"任意座標系"}},{"type":"Polygon","arcs":[[6752,6753,-6601,-6752]],"properties":{"市区町村名":"留萌市","大字名":"堀川町","丁目名":"２丁目","小字名":null,"地番":"87-22","精度区分":null,"座標系":"任意座標系"}},{"type":"Polygon","arcs":[[-6754,6754,-6747,-6734,-6602]],"properties":{"市区町村名":"留萌市","大字名":"堀川町","丁目名":"２丁目","小字名":null,"地番":"87-12","精度区分":null,"座標系":"任意座標系"}},{"type":"Polygon","arcs":[[-6738,-6693,-6724,-6728,-6609]],"properties":{"市区町村名":"留萌市","大字名":"堀川町","丁目名":"２丁目","小字名":null,"地番":"87-14","精度区分":null,"座標系":"任意座標系"}},{"type":"Polygon","arcs":[[-6631,6755,-6638]],"properties":{"市区町村名":"留萌市","大字名":"堀川町","丁目名":"２丁目","小字名":null,"地番":"73-1","精度区分":null,"座標系":"任意座標系"}},{"type":"Polygon","arcs":[[6756,-6647,6757]],"properties":{"市区町村名":"留萌市","大字名":"堀川町","丁目名":"２丁目","小字名":null,"地番":"7","精度区分":null,"座標系":"任意座標系"}},{"type":"Polygon","arcs":[[-6649,6758,6759,6760,-6617]],"properties":{"市区町村名":"留萌市","大字名":"堀川町","丁目名":"２丁目","小字名":null,"地番":"5","精度区分":null,"座標系":"任意座標系"}},{"type":"Polygon","arcs":[[6761,6762,-6644,6763]],"properties":{"市区町村名":"留萌市","大字名":"堀川町","丁目名":"２丁目","小字名":null,"地番":"13","精度区分":null,"座標系":"任意座標系"}},{"type":"Polygon","arcs":[[6764,6765,-6645,-6763]],"properties":{"市区町村名":"留萌市","大字名":"堀川町","丁目名":"２丁目","小字名":null,"地番":"10","精度区分":null,"座標系":"任意座標系"}},{"type":"Polygon","arcs":[[6766,-6765,6767,-6761]],"properties":{"市区町村名":"留萌市","大字名":"堀川町","丁目名":"２丁目","小字名":null,"地番":"11","精度区分":null,"座標系":"任意座標系"}},{"type":"Polygon","arcs":[[6768,-6640,-6623,-6621]],"properties":{"市区町村名":"留萌市","大字名":"堀川町","丁目名":"２丁目","小字名":null,"地番":"17","精度区分":null,"座標系":"任意座標系"}},{"type":"Polygon","arcs":[[-6620,6769,-6641,-6769]],"properties":{"市区町村名":"留萌市","大字名":"堀川町","丁目名":"２丁目","小字名":null,"地番":"16","精度区分":null,"座標系":"任意座標系"}},{"type":"Polygon","arcs":[[-6629,-6625,-6639,-6756]],"properties":{"市区町村名":"留萌市","大字名":"堀川町","丁目名":"２丁目","小字名":null,"地番":"72-1","精度区分":null,"座標系":"任意座標系"}},{"type":"Polygon","arcs":[[-6770,-6619,6770,6771,-6642]],"properties":{"市区町村名":"留萌市","大字名":"堀川町","丁目名":"２丁目","小字名":null,"地番":"15","精度区分":null,"座標系":"任意座標系"}},{"type":"Polygon","arcs":[[-6771,-6618,-6768,-6762]],"properties":{"市区町村名":"留萌市","大字名":"堀川町","丁目名":"２丁目","小字名":null,"地番":"12","精度区分":null,"座標系":"任意座標系"}},{"type":"Polygon","arcs":[[-6767,-6760,6772,6773]],"properties":{"市区町村名":"留萌市","大字名":"堀川町","丁目名":"２丁目","小字名":null,"地番":"9","精度区分":null,"座標系":"任意座標系"}},{"type":"Polygon","arcs":[[-6773,-6759,-6648,-6757]],"properties":{"市区町村名":"留萌市","大字名":"堀川町","丁目名":"２丁目","小字名":null,"地番":"6","精度区分":null,"座標系":"任意座標系"}},{"type":"Polygon","arcs":[[6774,-6668,6775,6776]],"properties":{"市区町村名":"留萌市","大字名":"堀川町","丁目名":"２丁目","小字名":null,"地番":"31-3","精度区分":null,"座標系":"任意座標系"}},{"type":"Polygon","arcs":[[6777,6778,6779,-6690]],"properties":{"市区町村名":"留萌市","大字名":"堀川町","丁目名":"２丁目","小字名":null,"地番":"62","精度区分":null,"座標系":"任意座標系"}},{"type":"Polygon","arcs":[[-6680,6780,6781]],"properties":{"市区町村名":"留萌市","大字名":"堀川町","丁目名":"２丁目","小字名":null,"地番":"71","精度区分":null,"座標系":"任意座標系"}},{"type":"Polygon","arcs":[[-6673,6782,6783]],"properties":{"市区町村名":"留萌市","大字名":"堀川町","丁目名":"２丁目","小字名":null,"地番":"20-1","精度区分":null,"座標系":"任意座標系"}},{"type":"Polygon","arcs":[[6784,6785,6786,6787,-6686,6788]],"properties":{"市区町村名":"留萌市","大字名":"堀川町","丁目名":"２丁目","小字名":null,"地番":"65","精度区分":null,"座標系":"任意座標系"}},{"type":"Polygon","arcs":[[6789,6790,6791,-6786,6792,6793]],"properties":{"市区町村名":"留萌市","大字名":"堀川町","丁目名":"２丁目","小字名":null,"地番":"28","精度区分":null,"座標系":"任意座標系"}},{"type":"Polygon","arcs":[[6794,6795,-6779,6796,6797]],"properties":{"市区町村名":"留萌市","大字名":"堀川町","丁目名":"２丁目","小字名":null,"地番":"42","精度区分":null,"座標系":"任意座標系"}},{"type":"Polygon","arcs":[[6798,-6671,6799,6800,6801]],"properties":{"市区町村名":"留萌市","大字名":"堀川町","丁目名":"２丁目","小字名":null,"地番":"31-4","精度区分":null,"座標系":"任意座標系"}},{"type":"Polygon","arcs":[[6802,6803,6804,6805,6806,-6783,-6672,-6799,6807,6808,6809,6810,6811,6812]],"properties":{"市区町村名":"留萌市","大字名":"堀川町","丁目名":"２丁目","小字名":null,"地番":"30","精度区分":null,"座標系":"任意座標系"}},{"type":"Polygon","arcs":[[6813,-6813,6814,-6791]],"properties":{"市区町村名":"留萌市","大字名":"堀川町","丁目名":"２丁目","小字名":null,"地番":"29","精度区分":null,"座標系":"任意座標系"}},{"type":"Polygon","arcs":[[6815,6816,6817,6818,6819,-6795,6820]],"properties":{"市区町村名":"留萌市","大字名":"堀川町","丁目名":"２丁目","小字名":null,"地番":"38-3","精度区分":null,"座標系":"任意座標系"}},{"type":"Polygon","arcs":[[-6792,6821,6822,6823,-6821,-6798,6824,6825,6826,-6787]],"properties":{"市区町村名":"留萌市","大字名":"堀川町","丁目名":"２丁目","小字名":null,"地番":"41","精度区分":null,"座標系":"任意座標系"}},{"type":"Polygon","arcs":[[6827,6828,6829,6830,-6681,-6782]],"properties":{"市区町村名":"留萌市","大字名":"堀川町","丁目名":"２丁目","小字名":null,"地番":"69","精度区分":null,"座標系":"任意座標系"}},{"type":"Polygon","arcs":[[-6781,-6679,6831,-6828]],"properties":{"市区町村名":"留萌市","大字名":"堀川町","丁目名":"２丁目","小字名":null,"地番":"70","精度区分":null,"座標系":"任意座標系"}},{"type":"Polygon","arcs":[[6832,-6682,-6831]],"properties":{"市区町村名":"留萌市","大字名":"堀川町","丁目名":"２丁目","小字名":null,"地番":"68","精度区分":null,"座標系":"任意座標系"}},{"type":"Polygon","arcs":[[-6830,6833,6834,-6683,-6833]],"properties":{"市区町村名":"留萌市","大字名":"堀川町","丁目名":"２丁目","小字名":null,"地番":"67","精度区分":null,"座標系":"任意座標系"}},{"type":"Polygon","arcs":[[-6835,6835,-6793,-6785,6836,-6684]],"properties":{"市区町村名":"留萌市","大字名":"堀川町","丁目名":"２丁目","小字名":null,"地番":"66-1","精度区分":null,"座標系":"任意座標系"}},{"type":"Polygon","arcs":[[-6789,-6685,-6837]],"properties":{"市区町村名":"留萌市","大字名":"堀川町","丁目名":"２丁目","小字名":null,"地番":"66-2","精度区分":null,"座標系":"任意座標系"}},{"type":"Polygon","arcs":[[-6827,6837,-6687,-6788]],"properties":{"市区町村名":"留萌市","大字名":"堀川町","丁目名":"２丁目","小字名":null,"地番":"64-2","精度区分":null,"座標系":"任意座標系"}},{"type":"Polygon","arcs":[[-6838,-6826,6838,-6688]],"properties":{"市区町村名":"留萌市","大字名":"堀川町","丁目名":"２丁目","小字名":null,"地番":"64-1","精度区分":null,"座標系":"任意座標系"}},{"type":"Polygon","arcs":[[-6825,-6797,-6778,-6689,-6839]],"properties":{"市区町村名":"留萌市","大字名":"堀川町","丁目名":"２丁目","小字名":null,"地番":"63","精度区分":null,"座標系":"任意座標系"}},{"type":"Polygon","arcs":[[6839,6840,6841,-6819]],"properties":{"市区町村名":"留萌市","大字名":"堀川町","丁目名":"２丁目","小字名":null,"地番":"38-2","精度区分":null,"座標系":"任意座標系"}},{"type":"Polygon","arcs":[[6842,6843,6844,-6841,6845,6846,6847,6848]],"properties":{"市区町村名":"留萌市","大字名":"堀川町","丁目名":"２丁目","小字名":null,"地番":"37-2","精度区分":null,"座標系":"任意座標系"}},{"type":"Polygon","arcs":[[6849,6850,6851,-6844]],"properties":{"市区町村名":"留萌市","大字名":"堀川町","丁目名":"２丁目","小字名":null,"地番":"36-2","精度区分":null,"座標系":"任意座標系"}},{"type":"Polygon","arcs":[[6852,6853,6854,-6851]],"properties":{"市区町村名":"留萌市","大字名":"堀川町","丁目名":"２丁目","小字名":null,"地番":"35","精度区分":null,"座標系":"任意座標系"}},{"type":"Polygon","arcs":[[6855,-6808,-6802,6856,6857,6858,6859,-6854,6860]],"properties":{"市区町村名":"留萌市","大字名":"堀川町","丁目名":"２丁目","小字名":null,"地番":"32","精度区分":null,"座標系":"任意座標系"}},{"type":"Polygon","arcs":[[-6809,-6856,6861,6862]],"properties":{"市区町村名":"留萌市","大字名":"堀川町","丁目名":"２丁目","小字名":null,"地番":"33","精度区分":null,"座標系":"任意座標系"}},{"type":"Polygon","arcs":[[-6810,-6863,6863,-6850,-6843,6864]],"properties":{"市区町村名":"留萌市","大字名":"堀川町","丁目名":"２丁目","小字名":null,"地番":"36-1","精度区分":null,"座標系":"任意座標系"}},{"type":"Polygon","arcs":[[-6811,-6865,-6849,6865,6866,6867]],"properties":{"市区町村名":"留萌市","大字名":"堀川町","丁目名":"２丁目","小字名":null,"地番":"37-1","精度区分":null,"座標系":"任意座標系"}},{"type":"Polygon","arcs":[[-6861,-6853,-6864,-6862]],"properties":{"市区町村名":"留萌市","大字名":"堀川町","丁目名":"２丁目","小字名":null,"地番":"34","精度区分":null,"座標系":"任意座標系"}},{"type":"Polygon","arcs":[[-6815,-6812,-6868,6868,-6822]],"properties":{"市区町村名":"留萌市","大字名":"堀川町","丁目名":"２丁目","小字名":null,"地番":"40","精度区分":null,"座標系":"任意座標系"}},{"type":"Polygon","arcs":[[-6867,6869,6870,-6823,-6869]],"properties":{"市区町村名":"留萌市","大字名":"堀川町","丁目名":"２丁目","小字名":null,"地番":"39-2","精度区分":null,"座標系":"任意座標系"}},{"type":"Polygon","arcs":[[6871,-6816,-6824,-6871]],"properties":{"市区町村名":"留萌市","大字名":"堀川町","丁目名":"２丁目","小字名":null,"地番":"39-3","精度区分":null,"座標系":"任意座標系"}},{"type":"Polygon","arcs":[[6872,-6847,6873,-6817]],"properties":{"市区町村名":"留萌市","大字名":"堀川町","丁目名":"２丁目","小字名":null,"地番":"38-4","精度区分":null,"座標系":"任意座標系"}},{"type":"Polygon","arcs":[[-6870,-6866,-6848,-6873,-6872]],"properties":{"市区町村名":"留萌市","大字名":"堀川町","丁目名":"２丁目","小字名":null,"地番":"39-1","精度区分":null,"座標系":"任意座標系"}},{"type":"Polygon","arcs":[[-6846,-6840,-6818,-6874]],"properties":{"市区町村名":"留萌市","大字名":"堀川町","丁目名":"２丁目","小字名":null,"地番":"38-1","精度区分":null,"座標系":"任意座標系"}},{"type":"Polygon","arcs":[[6874,-6803,-6814,6875]],"properties":{"市区町村名":"留萌市","大字名":"堀川町","丁目名":"２丁目","小字名":null,"地番":"26","精度区分":null,"座標系":"任意座標系"}},{"type":"Polygon","arcs":[[-6678,6876,6877,-6794,-6836,-6834,-6829,-6832]],"properties":{"市区町村名":"留萌市","大字名":"堀川町","丁目名":"２丁目","小字名":null,"地番":"25","精度区分":null,"座標系":"任意座標系"}},{"type":"Polygon","arcs":[[-6877,6878,6879]],"properties":{"市区町村名":"留萌市","大字名":"堀川町","丁目名":"２丁目","小字名":null,"地番":"24","精度区分":null,"座標系":"任意座標系"}},{"type":"Polygon","arcs":[[-6677,6880,-6804,-6875,-6879]],"properties":{"市区町村名":"留萌市","大字名":"堀川町","丁目名":"２丁目","小字名":null,"地番":"23","精度区分":null,"座標系":"任意座標系"}},{"type":"Polygon","arcs":[[-6881,-6676,6881,6882,-6805]],"properties":{"市区町村名":"留萌市","大字名":"堀川町","丁目名":"２丁目","小字名":null,"地番":"22","精度区分":null,"座標系":"任意座標系"}},{"type":"Polygon","arcs":[[-6882,-6675,6883,6884]],"properties":{"市区町村名":"留萌市","大字名":"堀川町","丁目名":"２丁目","小字名":null,"地番":"21-2","精度区分":null,"座標系":"任意座標系"}},{"type":"Polygon","arcs":[[6885,-6806,-6883,-6885]],"properties":{"市区町村名":"留萌市","大字名":"堀川町","丁目名":"２丁目","小字名":null,"地番":"21-1","精度区分":null,"座標系":"任意座標系"}},{"type":"Polygon","arcs":[[-6674,-6784,-6807,-6886,-6884]],"properties":{"市区町村名":"留萌市","大字名":"堀川町","丁目名":"２丁目","小字名":null,"地番":"20-2","精度区分":null,"座標系":"任意座標系"}},{"type":"Polygon","arcs":[[6886,-6777,6887,-6859]],"properties":{"市区町村名":"留萌市","大字名":"堀川町","丁目名":"２丁目","小字名":null,"地番":"31-7","精度区分":null,"座標系":"任意座標系"}},{"type":"Polygon","arcs":[[-6800,-6670,6888,6889]],"properties":{"市区町村名":"留萌市","大字名":"堀川町","丁目名":"２丁目","小字名":null,"地番":"31-1","精度区分":null,"座標系":"任意座標系"}},{"type":"Polygon","arcs":[[6890,6891,-6887,-6858]],"properties":{"市区町村名":"留萌市","大字名":"堀川町","丁目名":"２丁目","小字名":null,"地番":"31-6","精度区分":null,"座標系":"任意座標系"}},{"type":"Polygon","arcs":[[-6801,-6890,6892,-6891,-6857]],"properties":{"市区町村名":"留萌市","大字名":"堀川町","丁目名":"２丁目","小字名":null,"地番":"31-5","精度区分":null,"座標系":"任意座標系"}},{"type":"Polygon","arcs":[[-6880,-6876,-6790,-6878]],"properties":{"市区町村名":"留萌市","大字名":"堀川町","丁目名":"２丁目","小字名":null,"地番":"27","精度区分":null,"座標系":"任意座標系"}},{"type":"Polygon","arcs":[[-6774,-6758,-6646,-6766]],"properties":{"市区町村名":"留萌市","大字名":"堀川町","丁目名":"２丁目","小字名":null,"地番":"8","精度区分":null,"座標系":"任意座標系"}},{"type":"Polygon","arcs":[[-6772,-6764,-6643]],"properties":{"市区町村名":"留萌市","大字名":"堀川町","丁目名":"２丁目","小字名":null,"地番":"14","精度区分":null,"座標系":"任意座標系"}},{"type":"Polygon","arcs":[[6893,6894,6895,6896,6897,6898,6899,6900,6901,6902,6903,6904,6905,6906,6907,6908]],"properties":{"市区町村名":"留萌市","大字名":"堀川町","丁目名":"２丁目","小字名":null,"地番":"45-1","精度区分":null,"座標系":"任意座標系"}},{"type":"Polygon","arcs":[[6909,6910,6911,6912,6913,6914]],"properties":{"市区町村名":"留萌市","大字名":"堀川町","丁目名":"２丁目","小字名":null,"地番":"52-1","精度区分":null,"座標系":"任意座標系"}},{"type":"Polygon","arcs":[[-6915,6915,6916,6917]],"properties":{"市区町村名":"留萌市","大字名":"堀川町","丁目名":"２丁目","小字名":null,"地番":"52-2","精度区分":null,"座標系":"任意座標系"}},{"type":"Polygon","arcs":[[6918,6919,6920,6921,-6917,6922,6923,6924,6925,6926,6927,6928,6929,6930]],"properties":{"市区町村名":"留萌市","大字名":"堀川町","丁目名":"２丁目","小字名":null,"地番":"78","精度区分":null,"座標系":"任意座標系"}},{"type":"Polygon","arcs":[[-6550,-6542,-6471,-6589,-6606,-6596,-6727,-6725,-6691,-6780,-6796,-6820,-6842,-6845,-6852,-6855,-6860,-6888,-6776,-6667,6931,6932,6933,6934,6935,6936,6937,6938,6939,-6901,6940,6941,-6894,6942,6943,6944,6945,6946,6947,6948,6949,6950,6951,6952,-6931,-6040,-6525]],"properties":{"市区町村名":"留萌市","大字名":"堀川町","丁目名":"２丁目","小字名":null,"地番":"1-1W3","精度区分":null,"座標系":"任意座標系"}},{"type":"Polygon","arcs":[[6953,-6938,6954]],"properties":{"市区町村名":"留萌市","大字名":"堀川町","丁目名":"２丁目","小字名":null,"地番":"45-18","精度区分":null,"座標系":"任意座標系"}},{"type":"Polygon","arcs":[[6955,6956,-6945]],"properties":{"市区町村名":"留萌市","大字名":"堀川町","丁目名":"２丁目","小字名":null,"地番":"61","精度区分":null,"座標系":"任意座標系"}},{"type":"Polygon","arcs":[[6957,6958,-6911,6959,-6949]],"properties":{"市区町村名":"留萌市","大字名":"堀川町","丁目名":"２丁目","小字名":null,"地番":"57","精度区分":null,"座標系":"任意座標系"}},{"type":"Polygon","arcs":[[6960,6961,-6912,-6959]],"properties":{"市区町村名":"留萌市","大字名":"堀川町","丁目名":"２丁目","小字名":null,"地番":"51","精度区分":null,"座標系":"任意座標系"}},{"type":"Polygon","arcs":[[-6906,6962,-6913,-6962,6963,6964]],"properties":{"市区町村名":"留萌市","大字名":"堀川町","丁目名":"２丁目","小字名":null,"地番":"45-13","精度区分":null,"座標系":"任意座標系"}},{"type":"Polygon","arcs":[[6965,-6943,-6909,6966,6967]],"properties":{"市区町村名":"留萌市","大字名":"堀川町","丁目名":"２丁目","小字名":null,"地番":"45-16","精度区分":null,"座標系":"任意座標系"}},{"type":"Polygon","arcs":[[6968,-6944,-6966,6969]],"properties":{"市区町村名":"留萌市","大字名":"堀川町","丁目名":"２丁目","小字名":null,"地番":"46","精度区分":null,"座標系":"任意座標系"}},{"type":"Polygon","arcs":[[-6919,-6953,6970]],"properties":{"市区町村名":"留萌市","大字名":"堀川町","丁目名":"２丁目","小字名":null,"地番":"75","精度区分":null,"座標系":"任意座標系"}},{"type":"Polygon","arcs":[[-6951,6971,-6921,6972]],"properties":{"市区町村名":"留萌市","大字名":"堀川町","丁目名":"２丁目","小字名":null,"地番":"1-2","精度区分":null,"座標系":"任意座標系"}},{"type":"Polygon","arcs":[[-6950,-6960,-6910,-6918,-6922,-6972]],"properties":{"市区町村名":"留萌市","大字名":"堀川町","丁目名":"２丁目","小字名":null,"地番":"1-3","精度区分":null,"座標系":"任意座標系"}},{"type":"Polygon","arcs":[[-6956,-6969,6973]],"properties":{"市区町村名":"留萌市","大字名":"堀川町","丁目名":"２丁目","小字名":null,"地番":"47","精度区分":null,"座標系":"任意座標系"}},{"type":"Polygon","arcs":[[6974,6975,-6946,-6957]],"properties":{"市区町村名":"留萌市","大字名":"堀川町","丁目名":"２丁目","小字名":null,"地番":"60","精度区分":null,"座標系":"任意座標系"}},{"type":"Polygon","arcs":[[6976,6977,-6947,-6976]],"properties":{"市区町村名":"留萌市","大字名":"堀川町","丁目名":"２丁目","小字名":null,"地番":"59","精度区分":null,"座標系":"任意座標系"}},{"type":"Polygon","arcs":[[6978,6979,-6964,-6961,6980]],"properties":{"市区町村名":"留萌市","大字名":"堀川町","丁目名":"２丁目","小字名":null,"地番":"50","精度区分":null,"座標系":"任意座標系"}},{"type":"Polygon","arcs":[[6981,6982,-6979,-6977,6983]],"properties":{"市区町村名":"留萌市","大字名":"堀川町","丁目名":"２丁目","小字名":null,"地番":"49","精度区分":null,"座標系":"任意座標系"}},{"type":"Polygon","arcs":[[-6908,6984,-6982,6985,-6967]],"properties":{"市区町村名":"留萌市","大字名":"堀川町","丁目名":"２丁目","小字名":null,"地番":"45-15","精度区分":null,"座標系":"任意座標系"}},{"type":"Polygon","arcs":[[-6907,-6965,-6980,-6983,-6985]],"properties":{"市区町村名":"留萌市","大字名":"堀川町","丁目名":"２丁目","小字名":null,"地番":"45-14","精度区分":null,"座標系":"任意座標系"}},{"type":"Polygon","arcs":[[-6941,-6900,6986,6987]],"properties":{"市区町村名":"留萌市","大字名":"堀川町","丁目名":"２丁目","小字名":null,"地番":"45-9","精度区分":null,"座標系":"任意座標系"}},{"type":"Polygon","arcs":[[-6898,6988,6989,6990]],"properties":{"市区町村名":"留萌市","大字名":"堀川町","丁目名":"２丁目","小字名":null,"地番":"45-7","精度区分":null,"座標系":"任意座標系"}},{"type":"Polygon","arcs":[[-6989,-6897,6991]],"properties":{"市区町村名":"留萌市","大字名":"堀川町","丁目名":"２丁目","小字名":null,"地番":"45-10","精度区分":null,"座標系":"任意座標系"}},{"type":"Polygon","arcs":[[-6895,-6942,-6988,6992,6993]],"properties":{"市区町村名":"留萌市","大字名":"堀川町","丁目名":"２丁目","小字名":null,"地番":"45-12","精度区分":null,"座標系":"任意座標系"}},{"type":"Polygon","arcs":[[6994,-6990,-6992,-6896,-6994]],"properties":{"市区町村名":"留萌市","大字名":"堀川町","丁目名":"２丁目","小字名":null,"地番":"45-11","精度区分":null,"座標系":"任意座標系"}},{"type":"Polygon","arcs":[[-6987,-6899,-6991,-6995,-6993]],"properties":{"市区町村名":"留萌市","大字名":"堀川町","丁目名":"２丁目","小字名":null,"地番":"45-8","精度区分":null,"座標系":"任意座標系"}},{"type":"Polygon","arcs":[[-6902,-6940,6995,6996]],"properties":{"市区町村名":"留萌市","大字名":"堀川町","丁目名":"２丁目","小字名":null,"地番":"45-6","精度区分":null,"座標系":"任意座標系"}},{"type":"Polygon","arcs":[[6997,6998,-6904,6999]],"properties":{"市区町村名":"留萌市","大字名":"堀川町","丁目名":"２丁目","小字名":null,"地番":"45-4","精度区分":null,"座標系":"任意座標系"}},{"type":"Polygon","arcs":[[7000,-6936,7001,-6998,7002]],"properties":{"市区町村名":"留萌市","大字名":"堀川町","丁目名":"２丁目","小字名":null,"地番":"45-2","精度区分":null,"座標系":"任意座標系"}},{"type":"Polygon","arcs":[[7003,-7003,-7000,-6903,-6997]],"properties":{"市区町村名":"留萌市","大字名":"堀川町","丁目名":"２丁目","小字名":null,"地番":"45-5","精度区分":null,"座標系":"任意座標系"}},{"type":"Polygon","arcs":[[-6955,-6937,-7001,-7004,7004]],"properties":{"市区町村名":"留萌市","大字名":"堀川町","丁目名":"２丁目","小字名":null,"地番":"45-17","精度区分":null,"座標系":"任意座標系"}},{"type":"Polygon","arcs":[[-6939,-6954,-7005,-6996]],"properties":{"市区町村名":"留萌市","大字名":"堀川町","丁目名":"２丁目","小字名":null,"地番":"45-3","精度区分":null,"座標系":"任意座標系"}},{"type":"Polygon","arcs":[[-6952,-6973,-6920,-6971]],"properties":{"市区町村名":"留萌市","大字名":"堀川町","丁目名":"２丁目","小字名":null,"地番":"76","精度区分":null,"座標系":"任意座標系"}},{"type":"Polygon","arcs":[[-6978,-6981,-6958,-6948]],"properties":{"市区町村名":"留萌市","大字名":"堀川町","丁目名":"２丁目","小字名":null,"地番":"58","精度区分":null,"座標系":"任意座標系"}},{"type":"Polygon","arcs":[[-6970,-6968,-6986,-6984,-6975,-6974]],"properties":{"市区町村名":"留萌市","大字名":"堀川町","丁目名":"２丁目","小字名":null,"地番":"48","精度区分":null,"座標系":"任意座標系"}},{"type":"Polygon","arcs":[[7005,7006,7007]],"properties":{"市区町村名":"留萌市","大字名":"堀川町","丁目名":"１丁目","小字名":null,"地番":"13-2","精度区分":null,"座標系":"任意座標系"}},{"type":"Polygon","arcs":[[7008,7009,7010]],"properties":{"市区町村名":"留萌市","大字名":"大字留萌村","丁目名":null,"小字名":"字留萌原野三線","地番":"13-17","精度区分":null,"座標系":"任意座標系"}},{"type":"Polygon","arcs":[[-7010,7011,7012,7013,7014]],"properties":{"市区町村名":"留萌市","大字名":"大字留萌村","丁目名":null,"小字名":"字留萌原野三線","地番":"13-16","精度区分":null,"座標系":"任意座標系"}},{"type":"Polygon","arcs":[[-7014,7015,7016]],"properties":{"市区町村名":"留萌市","大字名":"大字留萌村","丁目名":null,"小字名":"字留萌原野三線","地番":"13-18","精度区分":null,"座標系":"任意座標系"}},{"type":"Polygon","arcs":[[7017,-7016,-7013,7018,7019,7020,7021,7022]],"properties":{"市区町村名":"留萌市","大字名":"大字留萌村","丁目名":null,"小字名":"字川上","地番":"895-6","精度区分":null,"座標系":"任意座標系"}},{"type":"Polygon","arcs":[[-7023,7023,7024,7025]],"properties":{"市区町村名":"留萌市","大字名":"大字留萌村","丁目名":null,"小字名":"字留萌","地番":"1648-2","精度区分":null,"座標系":"任意座標系"}},{"type":"Polygon","arcs":[[-7025,7026,7027,7028]],"properties":{"市区町村名":"留萌市","大字名":"大字留萌村","丁目名":null,"小字名":"字川上","地番":"896-9","精度区分":null,"座標系":"任意座標系"}},{"type":"Polygon","arcs":[[-7028,7029,-6714,7030]],"properties":{"市区町村名":"留萌市","大字名":"大字留萌村","丁目名":null,"小字名":"字川上","地番":"896-10","精度区分":null,"座標系":"任意座標系"}},{"type":"Polygon","arcs":[[7031,7032,-7021]],"properties":{"市区町村名":"留萌市","大字名":"大字留萌村","丁目名":null,"小字名":"字川上","地番":"895-7","精度区分":null,"座標系":"任意座標系"}},{"type":"Polygon","arcs":[[7033,7034,7035,7036,-7007]],"properties":{"市区町村名":"留萌市","大字名":"堀川町","丁目名":"１丁目","小字名":null,"地番":"13-4","精度区分":null,"座標系":"任意座標系"}},{"type":"Polygon","arcs":[[7037,7038,7039,7040]],"properties":{"市区町村名":"留萌市","大字名":"堀川町","丁目名":"１丁目","小字名":null,"地番":"26-3","精度区分":null,"座標系":"任意座標系"}},{"type":"Polygon","arcs":[[-7040,7041,7042,7043,7044,7045]],"properties":{"市区町村名":"留萌市","大字名":"堀川町","丁目名":"１丁目","小字名":null,"地番":"27-10","精度区分":null,"座標系":"任意座標系"}},{"type":"Polygon","arcs":[[-7045,7046,7047,-6651,7048]],"properties":{"市区町村名":"留萌市","大字名":"堀川町","丁目名":"１丁目","小字名":null,"地番":"57","精度区分":null,"座標系":"任意座標系"}},{"type":"Polygon","arcs":[[7049,7050,7051,7052,7053,7054,7055,7056,7057,7058,-6659,7059]],"properties":{"市区町村名":"留萌市","大字名":"堀川町","丁目名":"１丁目","小字名":null,"地番":"39","精度区分":null,"座標系":"任意座標系"}},{"type":"Polygon","arcs":[[7060,7061,7062,7063,7064]],"properties":{"市区町村名":"留萌市","大字名":"堀川町","丁目名":"１丁目","小字名":null,"地番":"27-6","精度区分":null,"座標系":"任意座標系"}},{"type":"Polygon","arcs":[[7065,7066,7067,7068,7069,7070]],"properties":{"市区町村名":"留萌市","大字名":"堀川町","丁目名":"１丁目","小字名":null,"地番":"15","精度区分":null,"座標系":"任意座標系"}},{"type":"Polygon","arcs":[[7071,-7008,-7037,7072,7073,7074]],"properties":{"市区町村名":"留萌市","大字名":"堀川町","丁目名":"１丁目","小字名":null,"地番":"17","精度区分":null,"座標系":"任意座標系"}},{"type":"Polygon","arcs":[[7075,7076,7077,7078,7079,7080,7081,-7073]],"properties":{"市区町村名":"留萌市","大字名":"堀川町","丁目名":"１丁目","小字名":null,"地番":"18","精度区分":null,"座標系":"任意座標系"}},{"type":"Polygon","arcs":[[7082,7083,7084,-7039]],"properties":{"市区町村名":"留萌市","大字名":"堀川町","丁目名":"１丁目","小字名":null,"地番":"26-2","精度区分":null,"座標系":"任意座標系"}},{"type":"Polygon","arcs":[[7085,7086,7087,7088,-7084]],"properties":{"市区町村名":"留萌市","大字名":"堀川町","丁目名":"１丁目","小字名":null,"地番":"25-6","精度区分":null,"座標系":"任意座標系"}},{"type":"Polygon","arcs":[[7089,7090,7091,7092,-7066,7093,7094,-7077]],"properties":{"市区町村名":"留萌市","大字名":"堀川町","丁目名":"１丁目","小字名":null,"地番":"14","精度区分":null,"座標系":"任意座標系"}},{"type":"Polygon","arcs":[[-7094,-7071,7095]],"properties":{"市区町村名":"留萌市","大字名":"堀川町","丁目名":"１丁目","小字名":null,"地番":"16","精度区分":null,"座標系":"任意座標系"}},{"type":"Polygon","arcs":[[7096,7097]],"properties":{"市区町村名":"留萌市","大字名":"堀川町","丁目名":"１丁目","小字名":null,"地番":"11","精度区分":null,"座標系":"任意座標系"}},{"type":"Polygon","arcs":[[-7095,-7096,-7070,7098,7099,7100,-7078]],"properties":{"市区町村名":"留萌市","大字名":"堀川町","丁目名":"１丁目","小字名":null,"地番":"19","精度区分":null,"座標系":"任意座標系"}},{"type":"Polygon","arcs":[[-7099,-7069,7101,7102,7103,7104]],"properties":{"市区町村名":"留萌市","大字名":"堀川町","丁目名":"１丁目","小字名":null,"地番":"20","精度区分":null,"座標系":"任意座標系"}},{"type":"Polygon","arcs":[[7105,7106,7107,7108,7109,7110,7111]],"properties":{"市区町村名":"留萌市","大字名":"堀川町","丁目名":"１丁目","小字名":null,"地番":"25-4","精度区分":null,"座標系":"任意座標系"}},{"type":"Polygon","arcs":[[7112,7113,7114,7115,7116,-7055,7117,-7109]],"properties":{"市区町村名":"留萌市","大字名":"堀川町","丁目名":"１丁目","小字名":null,"地番":"23-8","精度区分":null,"座標系":"任意座標系"}},{"type":"Polygon","arcs":[[7118,7119,7120,7121,7122,7123,7124,7125,7126]],"properties":{"市区町村名":"留萌市","大字名":"堀川町","丁目名":"１丁目","小字名":null,"地番":"23-10","精度区分":null,"座標系":"任意座標系"}},{"type":"Polygon","arcs":[[7127,7128,7129,-7123]],"properties":{"市区町村名":"留萌市","大字名":"堀川町","丁目名":"１丁目","小字名":null,"地番":"27-8","精度区分":null,"座標系":"任意座標系"}},{"type":"Polygon","arcs":[[7130,7131,7132,-6663]],"properties":{"市区町村名":"留萌市","大字名":"堀川町","丁目名":"１丁目","小字名":null,"地番":"32","精度区分":null,"座標系":"任意座標系"}},{"type":"Polygon","arcs":[[7133,7134,7135,-6664,-7133]],"properties":{"市区町村名":"留萌市","大字名":"堀川町","丁目名":"１丁目","小字名":null,"地番":"28-10","精度区分":null,"座標系":"任意座標系"}},{"type":"Polygon","arcs":[[7136,7137,7138,-7107,7139]],"properties":{"市区町村名":"留萌市","大字名":"堀川町","丁目名":"１丁目","小字名":null,"地番":"25-2","精度区分":null,"座標系":"任意座標系"}},{"type":"Polygon","arcs":[[7140,-7082,7141,-7137,7142,-7086]],"properties":{"市区町村名":"留萌市","大字名":"堀川町","丁目名":"１丁目","小字名":null,"地番":"25-1","精度区分":null,"座標系":"任意座標系"}},{"type":"Polygon","arcs":[[-7085,-7089,7143,7144,7145,-7042]],"properties":{"市区町村名":"留萌市","大字名":"堀川町","丁目名":"１丁目","小字名":null,"地番":"27-4","精度区分":null,"座標系":"任意座標系"}},{"type":"Polygon","arcs":[[-7088,7146,-7106,7147,7148,-7144]],"properties":{"市区町村名":"留萌市","大字名":"堀川町","丁目名":"１丁目","小字名":null,"地番":"25-5","精度区分":null,"座標系":"任意座標系"}},{"type":"Polygon","arcs":[[7149,-7113,-7108]],"properties":{"市区町村名":"留萌市","大字名":"堀川町","丁目名":"１丁目","小字名":null,"地番":"24-2","精度区分":null,"座標系":"任意座標系"}},{"type":"Polygon","arcs":[[-7139,7150,-7114,-7150]],"properties":{"市区町村名":"留萌市","大字名":"堀川町","丁目名":"１丁目","小字名":null,"地番":"24-3","精度区分":null,"座標系":"任意座標系"}},{"type":"Polygon","arcs":[[7151,-7075,7152,-7038]],"properties":{"市区町村名":"留萌市","大字名":"堀川町","丁目名":"１丁目","小字名":null,"地番":"26-4","精度区分":null,"座標系":"任意座標系"}},{"type":"Polygon","arcs":[[-7074,-7141,-7083,-7153]],"properties":{"市区町村名":"留萌市","大字名":"堀川町","丁目名":"１丁目","小字名":null,"地番":"26-1","精度区分":null,"座標系":"任意座標系"}},{"type":"Polygon","arcs":[[7153,-7043,7154,7155,7156]],"properties":{"市区町村名":"留萌市","大字名":"堀川町","丁目名":"１丁目","小字名":null,"地番":"53-2","精度区分":null,"座標系":"任意座標系"}},{"type":"Polygon","arcs":[[-7146,7157,7158,7159,-7155]],"properties":{"市区町村名":"留萌市","大字名":"堀川町","丁目名":"１丁目","小字名":null,"地番":"53-1","精度区分":null,"座標系":"任意座標系"}},{"type":"Polygon","arcs":[[7160,7161,-6654,7162]],"properties":{"市区町村名":"留萌市","大字名":"堀川町","丁目名":"１丁目","小字名":null,"地番":"52-2","精度区分":null,"座標系":"任意座標系"}},{"type":"Polygon","arcs":[[7163,7164,-6655,-7162]],"properties":{"市区町村名":"留萌市","大字名":"堀川町","丁目名":"１丁目","小字名":null,"地番":"52-1","精度区分":null,"座標系":"任意座標系"}},{"type":"Polygon","arcs":[[7165,-7156,7166,-7161]],"properties":{"市区町村名":"留萌市","大字名":"堀川町","丁目名":"１丁目","小字名":null,"地番":"51-2","精度区分":null,"座標系":"任意座標系"}},{"type":"Polygon","arcs":[[-7167,-7160,7167,7168,-7164]],"properties":{"市区町村名":"留萌市","大字名":"堀川町","丁目名":"１丁目","小字名":null,"地番":"51-1","精度区分":null,"座標系":"任意座標系"}},{"type":"Polygon","arcs":[[-7165,-7169,7169,7170,-7148,-7112,7171,7172,7173,-6656]],"properties":{"市区町村名":"留萌市","大字名":"堀川町","丁目名":"１丁目","小字名":null,"地番":"48","精度区分":null,"座標系":"任意座標系"}},{"type":"Polygon","arcs":[[7174,7175,7176,7177,-6657,-7174]],"properties":{"市区町村名":"留萌市","大字名":"堀川町","丁目名":"１丁目","小字名":null,"地番":"47","精度区分":null,"座標系":"任意座標系"}},{"type":"Polygon","arcs":[[-7151,-7138,-7142,-7081,7178,7179,7180,7181,-7100,-7105,7182,7183,-7119,7184,-7115]],"properties":{"市区町村名":"留萌市","大字名":"堀川町","丁目名":"１丁目","小字名":null,"地番":"23-1","精度区分":null,"座標系":"任意座標系"}},{"type":"Polygon","arcs":[[-7179,-7080,7185,7186]],"properties":{"市区町村名":"留萌市","大字名":"堀川町","丁目名":"１丁目","小字名":null,"地番":"23-6","精度区分":null,"座標系":"任意座標系"}},{"type":"Polygon","arcs":[[-7187,7187,-7180]],"properties":{"市区町村名":"留萌市","大字名":"堀川町","丁目名":"１丁目","小字名":null,"地番":"23-7","精度区分":null,"座標系":"任意座標系"}},{"type":"Polygon","arcs":[[-7188,7188,-7181]],"properties":{"市区町村名":"留萌市","大字名":"堀川町","丁目名":"１丁目","小字名":null,"地番":"23-5","精度区分":null,"座標系":"任意座標系"}},{"type":"Polygon","arcs":[[-7186,-7079,-7101,-7182,-7189]],"properties":{"市区町村名":"留萌市","大字名":"堀川町","丁目名":"１丁目","小字名":null,"地番":"23-4","精度区分":null,"座標系":"任意座標系"}},{"type":"Polygon","arcs":[[-7184,7189,7190,7191,-7120]],"properties":{"市区町村名":"留萌市","大字名":"堀川町","丁目名":"１丁目","小字名":null,"地番":"23-3","精度区分":null,"座標系":"任意座標系"}},{"type":"Polygon","arcs":[[-7183,-7104,7192,7193,-7190]],"properties":{"市区町村名":"留萌市","大字名":"堀川町","丁目名":"１丁目","小字名":null,"地番":"23-2","精度区分":null,"座標系":"任意座標系"}},{"type":"Polygon","arcs":[[-7185,-7127,7194,7195,-7116]],"properties":{"市区町村名":"留萌市","大字名":"堀川町","丁目名":"１丁目","小字名":null,"地番":"23-9","精度区分":null,"座標系":"任意座標系"}},{"type":"Polygon","arcs":[[7196,-7060,-6658,-7178]],"properties":{"市区町村名":"留萌市","大字名":"堀川町","丁目名":"１丁目","小字名":null,"地番":"44","精度区分":null,"座標系":"任意座標系"}},{"type":"Polygon","arcs":[[7197,-7110,-7118,-7054,7198]],"properties":{"市区町村名":"留萌市","大字名":"堀川町","丁目名":"１丁目","小字名":null,"地番":"40","精度区分":null,"座標系":"任意座標系"}},{"type":"Polygon","arcs":[[-7197,-7177,7199,-7050]],"properties":{"市区町村名":"留萌市","大字名":"堀川町","丁目名":"１丁目","小字名":null,"地番":"43","精度区分":null,"座標系":"任意座標系"}},{"type":"Polygon","arcs":[[-7200,-7176,7200,7201,-7051]],"properties":{"市区町村名":"留萌市","大字名":"堀川町","丁目名":"１丁目","小字名":null,"地番":"42-1","精度区分":null,"座標系":"任意座標系"}},{"type":"Polygon","arcs":[[-7202,7202,7203,-7052]],"properties":{"市区町村名":"留萌市","大字名":"堀川町","丁目名":"１丁目","小字名":null,"地番":"42-2","精度区分":null,"座標系":"任意座標系"}},{"type":"Polygon","arcs":[[-7175,-7173,7204,7205,-7203,-7201]],"properties":{"市区町村名":"留萌市","大字名":"堀川町","丁目名":"１丁目","小字名":null,"地番":"46","精度区分":null,"座標系":"任意座標系"}},{"type":"Polygon","arcs":[[-7206,7206,-7199,-7053,-7204]],"properties":{"市区町村名":"留萌市","大字名":"堀川町","丁目名":"１丁目","小字名":null,"地番":"41","精度区分":null,"座標系":"任意座標系"}},{"type":"Polygon","arcs":[[-7205,-7172,-7111,-7198,-7207]],"properties":{"市区町村名":"留萌市","大字名":"堀川町","丁目名":"１丁目","小字名":null,"地番":"45","精度区分":null,"座標系":"任意座標系"}},{"type":"Polygon","arcs":[[-7157,-7166,-7163,-6653,7207]],"properties":{"市区町村名":"留萌市","大字名":"堀川町","丁目名":"１丁目","小字名":null,"地番":"54","精度区分":null,"座標系":"任意座標系"}},{"type":"Polygon","arcs":[[-7159,7208,-7170,-7168]],"properties":{"市区町村名":"留萌市","大字名":"堀川町","丁目名":"１丁目","小字名":null,"地番":"50","精度区分":null,"座標系":"任意座標系"}},{"type":"Polygon","arcs":[[-7209,-7158,-7145,-7149,-7171]],"properties":{"市区町村名":"留萌市","大字名":"堀川町","丁目名":"１丁目","小字名":null,"地番":"49","精度区分":null,"座標系":"任意座標系"}},{"type":"Polygon","arcs":[[7209,-7208,-6652,-7048]],"properties":{"市区町村名":"留萌市","大字名":"堀川町","丁目名":"１丁目","小字名":null,"地番":"56","精度区分":null,"座標系":"任意座標系"}},{"type":"Polygon","arcs":[[7210,7211,-6660,-7059]],"properties":{"市区町村名":"留萌市","大字名":"堀川町","丁目名":"１丁目","小字名":null,"地番":"38","精度区分":null,"座標系":"任意座標系"}},{"type":"Polygon","arcs":[[7212,7213,7214,-6661,-7212]],"properties":{"市区町村名":"留萌市","大字名":"堀川町","丁目名":"１丁目","小字名":null,"地番":"59","精度区分":null,"座標系":"任意座標系"}},{"type":"Polygon","arcs":[[-7215,7215,7216,7217,-7125,7218,7219,7220,7221,-7131,-6662]],"properties":{"市区町村名":"留萌市","大字名":"堀川町","丁目名":"１丁目","小字名":null,"地番":"33","精度区分":null,"座標系":"任意座標系"}},{"type":"Polygon","arcs":[[-7219,-7124,7222,7223]],"properties":{"市区町村名":"留萌市","大字名":"堀川町","丁目名":"１丁目","小字名":null,"地番":"29","精度区分":null,"座標系":"任意座標系"}},{"type":"Polygon","arcs":[[-7220,-7224,7224,7225,7226]],"properties":{"市区町村名":"留萌市","大字名":"堀川町","丁目名":"１丁目","小字名":null,"地番":"30-1","精度区分":null,"座標系":"任意座標系"}},{"type":"Polygon","arcs":[[7227,-7221,-7227,7228]],"properties":{"市区町村名":"留萌市","大字名":"堀川町","丁目名":"１丁目","小字名":null,"地番":"30-2","精度区分":null,"座標系":"任意座標系"}},{"type":"Polygon","arcs":[[-7222,-7228,7229,-7134,-7132]],"properties":{"市区町村名":"留萌市","大字名":"堀川町","丁目名":"１丁目","小字名":null,"地番":"31","精度区分":null,"座標系":"任意座標系"}},{"type":"Polygon","arcs":[[7230,-7057,7231,7232,7233]],"properties":{"市区町村名":"留萌市","大字名":"堀川町","丁目名":"１丁目","小字名":null,"地番":"36","精度区分":null,"座標系":"任意座標系"}},{"type":"Polygon","arcs":[[-7056,-7117,-7196,7234,-7232]],"properties":{"市区町村名":"留萌市","大字名":"堀川町","丁目名":"１丁目","小字名":null,"地番":"35","精度区分":null,"座標系":"任意座標系"}},{"type":"Polygon","arcs":[[7235,7236,-7234,7237,-7217]],"properties":{"市区町村名":"留萌市","大字名":"堀川町","丁目名":"１丁目","小字名":null,"地番":"34-2","精度区分":null,"座標系":"任意座標系"}},{"type":"Polygon","arcs":[[-7233,-7235,-7195,-7126,-7218,-7238]],"properties":{"市区町村名":"留萌市","大字名":"堀川町","丁目名":"１丁目","小字名":null,"地番":"34-1","精度区分":null,"座標系":"任意座標系"}},{"type":"Polygon","arcs":[[7238,-7236,-7216,-7214]],"properties":{"市区町村名":"留萌市","大字名":"堀川町","丁目名":"１丁目","小字名":null,"地番":"58","精度区分":null,"座標系":"任意座標系"}},{"type":"Polygon","arcs":[[-7211,-7058,-7231,-7237,-7239,-7213]],"properties":{"市区町村名":"留萌市","大字名":"堀川町","丁目名":"１丁目","小字名":null,"地番":"37","精度区分":null,"座標系":"任意座標系"}},{"type":"Polygon","arcs":[[-7135,-7230,-7229,-7226,7239,7240,7241]],"properties":{"市区町村名":"留萌市","大字名":"堀川町","丁目名":"１丁目","小字名":null,"地番":"28-9","精度区分":null,"座標系":"任意座標系"}},{"type":"Polygon","arcs":[[-7240,-7225,-7223,-7130,7242,7243]],"properties":{"市区町村名":"留萌市","大字名":"堀川町","丁目名":"１丁目","小字名":null,"地番":"28-8","精度区分":null,"座標系":"任意座標系"}},{"type":"Polygon","arcs":[[-7244,7244,-7241]],"properties":{"市区町村名":"留萌市","大字名":"堀川町","丁目名":"１丁目","小字名":null,"地番":"28-11","精度区分":null,"座標系":"任意座標系"}},{"type":"Polygon","arcs":[[7245,7246,7247]],"properties":{"市区町村名":"留萌市","大字名":"堀川町","丁目名":"１丁目","小字名":null,"地番":"28-5","精度区分":null,"座標系":"任意座標系"}},{"type":"Polygon","arcs":[[-7248,7248,-6932,-6666,7249]],"properties":{"市区町村名":"留萌市","大字名":"堀川町","丁目名":"１丁目","小字名":null,"地番":"28-3","精度区分":null,"座標系":"任意座標系"}},{"type":"Polygon","arcs":[[7250,-7065,7251]],"properties":{"市区町村名":"留萌市","大字名":"堀川町","丁目名":"１丁目","小字名":null,"地番":"28-7","精度区分":null,"座標系":"任意座標系"}},{"type":"Polygon","arcs":[[7252,7253,7254,7255,7256,7257,7258,7259,7260]],"properties":{"市区町村名":"留萌市","大字名":"堀川町","丁目名":"１丁目","小字名":null,"地番":"22-1","精度区分":null,"座標系":"任意座標系"}},{"type":"Polygon","arcs":[[-7062,7261,7262,7263]],"properties":{"市区町村名":"留萌市","大字名":"堀川町","丁目名":"１丁目","小字名":null,"地番":"27-5","精度区分":null,"座標系":"任意座標系"}},{"type":"Polygon","arcs":[[-7128,-7122,7264,-7254]],"properties":{"市区町村名":"留萌市","大字名":"堀川町","丁目名":"１丁目","小字名":null,"地番":"22-8","精度区分":null,"座標系":"任意座標系"}},{"type":"Polygon","arcs":[[-7121,-7192,7265,-7255,-7265]],"properties":{"市区町村名":"留萌市","大字名":"堀川町","丁目名":"１丁目","小字名":null,"地番":"22-7","精度区分":null,"座標系":"任意座標系"}},{"type":"Polygon","arcs":[[-7266,-7191,-7194,7266,-7256]],"properties":{"市区町村名":"留萌市","大字名":"堀川町","丁目名":"１丁目","小字名":null,"地番":"22-6","精度区分":null,"座標系":"任意座標系"}},{"type":"Polygon","arcs":[[-7267,-7193,-7103,7267,-7257]],"properties":{"市区町村名":"留萌市","大字名":"堀川町","丁目名":"１丁目","小字名":null,"地番":"22-5","精度区分":null,"座標系":"任意座標系"}},{"type":"Polygon","arcs":[[-7253,-7262,-7061,7268,-7129]],"properties":{"市区町村名":"留萌市","大字名":"堀川町","丁目名":"１丁目","小字名":null,"地番":"27-7","精度区分":null,"座標系":"任意座標系"}},{"type":"Polygon","arcs":[[-7047,-7044,-7154,-7210]],"properties":{"市区町村名":"留萌市","大字名":"堀川町","丁目名":"１丁目","小字名":null,"地番":"55","精度区分":null,"座標系":"任意座標系"}},{"type":"Polygon","arcs":[[-7087,-7143,-7140,-7147]],"properties":{"市区町村名":"留萌市","大字名":"堀川町","丁目名":"１丁目","小字名":null,"地番":"25-3","精度区分":null,"座標系":"任意座標系"}},{"type":"Polygon","arcs":[[7269,7270,7271,7272]],"properties":{"市区町村名":"留萌市","大字名":"堀川町","丁目名":"１丁目","小字名":null,"地番":"5-2","精度区分":null,"座標系":"任意座標系"}},{"type":"Polygon","arcs":[[-7271,7273,7274,7275,7276]],"properties":{"市区町村名":"留萌市","大字名":"堀川町","丁目名":"１丁目","小字名":null,"地番":"1-2","精度区分":null,"座標系":"任意座標系"}},{"type":"Polygon","arcs":[[7277,7278,-7275,7279,7280]],"properties":{"市区町村名":"留萌市","大字名":"堀川町","丁目名":"１丁目","小字名":null,"地番":"1-3","精度区分":null,"座標系":"任意座標系"}},{"type":"Polygon","arcs":[[7281,7282,7283]],"properties":{"市区町村名":"留萌市","大字名":"堀川町","丁目名":"１丁目","小字名":null,"地番":"2","精度区分":null,"座標系":"任意座標系"}},{"type":"Polygon","arcs":[[-7284,7284,7285,7286]],"properties":{"市区町村名":"留萌市","大字名":"堀川町","丁目名":"１丁目","小字名":null,"地番":"8","精度区分":null,"座標系":"任意座標系"}},{"type":"Polygon","arcs":[[-7286,7287,7288,7289]],"properties":{"市区町村名":"留萌市","大字名":"堀川町","丁目名":"１丁目","小字名":null,"地番":"9","精度区分":null,"座標系":"任意座標系"}},{"type":"Polygon","arcs":[[7290,-7097,7291,-7289,7292,-7091]],"properties":{"市区町村名":"留萌市","大字名":"堀川町","丁目名":"１丁目","小字名":null,"地番":"10","精度区分":null,"座標系":"任意座標系"}},{"type":"Polygon","arcs":[[7293,7294,7295,7296,-7009]],"properties":{"市区町村名":"留萌市","大字名":"大字留萌村","丁目名":null,"小字名":"字留萌","地番":"1590-252","精度区分":null,"座標系":"任意座標系"}},{"type":"Polygon","arcs":[[-7295,7297,7298,7299]],"properties":{"市区町村名":"留萌市","大字名":"大字留萌村","丁目名":null,"小字名":"字留萌","地番":"1590-253","精度区分":null,"座標系":"任意座標系"}},{"type":"Polygon","arcs":[[7300,7301,7302,-7299]],"properties":{"市区町村名":"留萌市","大字名":"大字留萌村","丁目名":null,"小字名":"字留萌","地番":"1590-251","精度区分":null,"座標系":"任意座標系"}},{"type":"Polygon","arcs":[[7303,7304,7305,-7302]],"properties":{"市区町村名":"留萌市","大字名":"大字留萌村","丁目名":null,"小字名":"字留萌","地番":"1590-254","精度区分":null,"座標系":"任意座標系"}},{"type":"Polygon","arcs":[[-7305,7306]],"properties":{"市区町村名":"留萌市","大字名":"大字留萌村","丁目名":null,"小字名":"字留萌","地番":"1590-255","精度区分":null,"座標系":"任意座標系"}},{"type":"Polygon","arcs":[[7307,-7303,7308,7309]],"properties":{"市区町村名":"留萌市","大字名":"大字留萌村","丁目名":null,"小字名":"字川上","地番":"895-5","精度区分":null,"座標系":"任意座標系"}},{"type":"Polygon","arcs":[[7310,-7300,-7308,7311,7312]],"properties":{"市区町村名":"留萌市","大字名":"大字留萌村","丁目名":null,"小字名":"字川上","地番":"895-2","精度区分":null,"座標系":"任意座標系"}},{"type":"Polygon","arcs":[[7313,-7313,7314]],"properties":{"市区町村名":"留萌市","大字名":"大字留萌村","丁目名":null,"小字名":"字川上","地番":"895-8","精度区分":null,"座標系":"任意座標系"}},{"type":"Polygon","arcs":[[-7297,-7019,-7012]],"properties":{"市区町村名":"留萌市","大字名":"大字留萌村","丁目名":null,"小字名":"字留萌","地番":"1590-48","精度区分":null,"座標系":"任意座標系"}},{"type":"Polygon","arcs":[[-7306,7315,-7309]],"properties":{"市区町村名":"留萌市","大字名":"大字留萌村","丁目名":null,"小字名":"字川上","地番":"895-3","精度区分":null,"座標系":"任意座標系"}},{"type":"Polygon","arcs":[[7316,-7314,7317,-7032]],"properties":{"市区町村名":"留萌市","大字名":"大字留萌村","丁目名":null,"小字名":"字川上","地番":"895-9","精度区分":null,"座標系":"任意座標系"}},{"type":"Polygon","arcs":[[-7296,-7311,-7317,-7020]],"properties":{"市区町村名":"留萌市","大字名":"大字留萌村","丁目名":null,"小字名":"字川上","地番":"895-4","精度区分":null,"座標系":"任意座標系"}},{"type":"Polygon","arcs":[[7318,7319,7320,7321]],"properties":{"市区町村名":"留萌市","大字名":"堀川町","丁目名":"１丁目","小字名":null,"地番":"13-3","精度区分":null,"座標系":"任意座標系"}},{"type":"Polygon","arcs":[[-7035,7322,-7321,7323]],"properties":{"市区町村名":"留萌市","大字名":"堀川町","丁目名":"１丁目","小字名":null,"地番":"13-1","精度区分":null,"座標系":"任意座標系"}},{"type":"Polygon","arcs":[[-7319,7324,7325,7326]],"properties":{"市区町村名":"留萌市","大字名":"堀川町","丁目名":"１丁目","小字名":null,"地番":"6","精度区分":null,"座標系":"任意座標系"}},{"type":"Polygon","arcs":[[-7036,-7324,-7320,7327,-7290,-7292,-7098,-7291,-7090,-7076]],"properties":{"市区町村名":"留萌市","大字名":"堀川町","丁目名":"１丁目","小字名":null,"地番":"12","精度区分":null,"座標系":"任意座標系"}},{"type":"Polygon","arcs":[[-7272,-7277,7328]],"properties":{"市区町村名":"留萌市","大字名":"堀川町","丁目名":"１丁目","小字名":null,"地番":"3-2","精度区分":null,"座標系":"任意座標系"}},{"type":"Polygon","arcs":[[-7276,-7279,7329]],"properties":{"市区町村名":"留萌市","大字名":"堀川町","丁目名":"１丁目","小字名":null,"地番":"1-1","精度区分":null,"座標系":"任意座標系"}},{"type":"Polygon","arcs":[[-7273,7330,7331,7332,-7326,7333]],"properties":{"市区町村名":"留萌市","大字名":"堀川町","丁目名":"１丁目","小字名":null,"地番":"5-1","精度区分":null,"座標系":"任意座標系"}},{"type":"Polygon","arcs":[[7334,-7331,-7329,-7330,-7278,-7282,7335]],"properties":{"市区町村名":"留萌市","大字名":"堀川町","丁目名":"１丁目","小字名":null,"地番":"3-1","精度区分":null,"座標系":"任意座標系"}},{"type":"Polygon","arcs":[[-7332,-7335,7336]],"properties":{"市区町村名":"留萌市","大字名":"堀川町","丁目名":"１丁目","小字名":null,"地番":"4","精度区分":null,"座標系":"任意座標系"}},{"type":"Polygon","arcs":[[-7333,-7337,-7336,-7287,-7328,-7327]],"properties":{"市区町村名":"留萌市","大字名":"堀川町","丁目名":"１丁目","小字名":null,"地番":"7","精度区分":null,"座標系":"任意座標系"}},{"type":"Polygon","arcs":[[7337,7338]],"properties":{"市区町村名":"留萌市","大字名":"堀川町","丁目名":"３丁目","小字名":null,"地番":"51","精度区分":null,"座標系":"任意座標系"}},{"type":"Polygon","arcs":[[7339,7340,7341,7342,7343,7344,7345,7346,7347,7348,7349]],"properties":{"市区町村名":"留萌市","大字名":"堀川町","丁目名":"３丁目","小字名":null,"地番":"159","精度区分":null,"座標系":"任意座標系"}},{"type":"Polygon","arcs":[[-7348,7350,7351,7352]],"properties":{"市区町村名":"留萌市","大字名":"堀川町","丁目名":"３丁目","小字名":null,"地番":"168","精度区分":null,"座標系":"任意座標系"}},{"type":"Polygon","arcs":[[7353,7354,7355]],"properties":{"市区町村名":"留萌市","大字名":"堀川町","丁目名":"３丁目","小字名":null,"地番":"170","精度区分":null,"座標系":"任意座標系"}},{"type":"Polygon","arcs":[[7356,-7356,7357,7358]],"properties":{"市区町村名":"留萌市","大字名":"堀川町","丁目名":"３丁目","小字名":null,"地番":"173","精度区分":null,"座標系":"任意座標系"}},{"type":"Polygon","arcs":[[7359,-7359,7360]],"properties":{"市区町村名":"留萌市","大字名":"堀川町","丁目名":"３丁目","小字名":null,"地番":"176","精度区分":null,"座標系":"任意座標系"}},{"type":"Polygon","arcs":[[7361,7362,7363,7364]],"properties":{"市区町村名":"留萌市","大字名":"堀川町","丁目名":"３丁目","小字名":null,"地番":"56","精度区分":null,"座標系":"任意座標系"}},{"type":"Polygon","arcs":[[7365,7366,-6048]],"properties":{"市区町村名":"留萌市","大字名":"堀川町","丁目名":"３丁目","小字名":null,"地番":"52","精度区分":null,"座標系":"任意座標系"}},{"type":"Polygon","arcs":[[7367,-6926,7368,-6049,-7367]],"properties":{"市区町村名":"留萌市","大字名":"堀川町","丁目名":"３丁目","小字名":null,"地番":"46","精度区分":null,"座標系":"任意座標系"}},{"type":"Polygon","arcs":[[7369,7370,7371,7372,-6050,-7369,-6925]],"properties":{"市区町村名":"留萌市","大字名":"堀川町","丁目名":"３丁目","小字名":null,"地番":"25W1","精度区分":null,"座標系":"任意座標系"}},{"type":"Polygon","arcs":[[7373,7374,7375,7376]],"properties":{"市区町村名":"留萌市","大字名":"堀川町","丁目名":"３丁目","小字名":null,"地番":"154","精度区分":null,"座標系":"任意座標系"}},{"type":"Polygon","arcs":[[7377,7378,-7377,7379,-7346]],"properties":{"市区町村名":"留萌市","大字名":"堀川町","丁目名":"３丁目","小字名":null,"地番":"155","精度区分":null,"座標系":"任意座標系"}},{"type":"Polygon","arcs":[[7380,7381,7382,7383,7384]],"properties":{"市区町村名":"留萌市","大字名":"堀川町","丁目名":"３丁目","小字名":null,"地番":"119","精度区分":null,"座標系":"任意座標系"}},{"type":"Polygon","arcs":[[7385,7386,7387,7388]],"properties":{"市区町村名":"留萌市","大字名":"堀川町","丁目名":"３丁目","小字名":null,"地番":"47","精度区分":null,"座標系":"任意座標系"}},{"type":"Polygon","arcs":[[7389,7390,7391,7392,-7387]],"properties":{"市区町村名":"留萌市","大字名":"堀川町","丁目名":"３丁目","小字名":null,"地番":"35","精度区分":null,"座標系":"任意座標系"}},{"type":"Polygon","arcs":[[7393,7394,7395,7396,7397,7398,7399]],"properties":{"市区町村名":"留萌市","大字名":"堀川町","丁目名":"３丁目","小字名":null,"地番":"36","精度区分":null,"座標系":"任意座標系"}},{"type":"Polygon","arcs":[[7400,7401,-7397,7402,7403,7404,7405]],"properties":{"市区町村名":"留萌市","大字名":"堀川町","丁目名":"３丁目","小字名":null,"地番":"37","精度区分":null,"座標系":"任意座標系"}},{"type":"Polygon","arcs":[[7406,-7401,7407]],"properties":{"市区町村名":"留萌市","大字名":"堀川町","丁目名":"３丁目","小字名":null,"地番":"41","精度区分":null,"座標系":"任意座標系"}},{"type":"Polygon","arcs":[[7408,-7389,-7399,-7408,7409]],"properties":{"市区町村名":"留萌市","大字名":"堀川町","丁目名":"３丁目","小字名":null,"地番":"48","精度区分":null,"座標系":"任意座標系"}},{"type":"Polygon","arcs":[[-6051,-7373,-7390]],"properties":{"市区町村名":"留萌市","大字名":"堀川町","丁目名":"３丁目","小字名":null,"地番":"34","精度区分":null,"座標系":"任意座標系"}},{"type":"Polygon","arcs":[[-7398,-7402,-7407]],"properties":{"市区町村名":"留萌市","大字名":"堀川町","丁目名":"３丁目","小字名":null,"地番":"39","精度区分":null,"座標系":"任意座標系"}},{"type":"Polygon","arcs":[[7410,7411,7412,7413]],"properties":{"市区町村名":"留萌市","大字名":"堀川町","丁目名":"３丁目","小字名":null,"地番":"54","精度区分":null,"座標系":"任意座標系"}},{"type":"Polygon","arcs":[[7414,7415,7416]],"properties":{"市区町村名":"留萌市","大字名":"堀川町","丁目名":"３丁目","小字名":null,"地番":"58","精度区分":null,"座標系":"任意座標系"}},{"type":"Polygon","arcs":[[-7414,-7365,7417,-7416]],"properties":{"市区町村名":"留萌市","大字名":"堀川町","丁目名":"３丁目","小字名":null,"地番":"57","精度区分":null,"座標系":"任意座標系"}},{"type":"Polygon","arcs":[[-7413,7418,-7362]],"properties":{"市区町村名":"留萌市","大字名":"堀川町","丁目名":"３丁目","小字名":null,"地番":"55","精度区分":null,"座標系":"任意座標系"}},{"type":"Polygon","arcs":[[7419,-7395,7420,-7385,7421,7422,7423,7424]],"properties":{"市区町村名":"留萌市","大字名":"堀川町","丁目名":"３丁目","小字名":null,"地番":"32","精度区分":null,"座標系":"任意座標系"}},{"type":"Polygon","arcs":[[-7424,7425,7426,7427,-7340,7428,7429,7430]],"properties":{"市区町村名":"留萌市","大字名":"堀川町","丁目名":"３丁目","小字名":null,"地番":"136","精度区分":null,"座標系":"任意座標系"}},{"type":"Polygon","arcs":[[-7404,-7425,-7431,7431,7432]],"properties":{"市区町村名":"留萌市","大字名":"堀川町","丁目名":"３丁目","小字名":null,"地番":"38","精度区分":null,"座標系":"任意座標系"}},{"type":"Polygon","arcs":[[-7432,-7430,7433]],"properties":{"市区町村名":"留萌市","大字名":"堀川町","丁目名":"３丁目","小字名":null,"地番":"161","精度区分":null,"座標系":"任意座標系"}},{"type":"Polygon","arcs":[[7434,7435,7436]],"properties":{"市区町村名":"留萌市","大字名":"堀川町","丁目名":"３丁目","小字名":null,"地番":"45","精度区分":null,"座標系":"任意座標系"}},{"type":"Polygon","arcs":[[-7403,-7396,-7420]],"properties":{"市区町村名":"留萌市","大字名":"堀川町","丁目名":"３丁目","小字名":null,"地番":"33","精度区分":null,"座標系":"任意座標系"}},{"type":"Polygon","arcs":[[-7405,7437,-7435]],"properties":{"市区町村名":"留萌市","大字名":"堀川町","丁目名":"３丁目","小字名":null,"地番":"42","精度区分":null,"座標系":"任意座標系"}},{"type":"Polygon","arcs":[[7438,7439,7440,7441,7442]],"properties":{"市区町村名":"留萌市","大字名":"堀川町","丁目名":"３丁目","小字名":null,"地番":"139","精度区分":null,"座標系":"任意座標系"}},{"type":"Polygon","arcs":[[-7443,7443,-7341,-7428]],"properties":{"市区町村名":"留萌市","大字名":"堀川町","丁目名":"３丁目","小字名":null,"地番":"138","精度区分":null,"座標系":"任意座標系"}},{"type":"Polygon","arcs":[[-7427,7444,-7439]],"properties":{"市区町村名":"留萌市","大字名":"堀川町","丁目名":"３丁目","小字名":null,"地番":"137","精度区分":null,"座標系":"任意座標系"}},{"type":"Polygon","arcs":[[-7426,-7423,7445,7446,7447,-7445]],"properties":{"市区町村名":"留萌市","大字名":"堀川町","丁目名":"３丁目","小字名":null,"地番":"134","精度区分":null,"座標系":"任意座標系"}},{"type":"Polygon","arcs":[[-7444,-7442,7448,7449,7450,7451,-7342]],"properties":{"市区町村名":"留萌市","大字名":"堀川町","丁目名":"３丁目","小字名":null,"地番":"160","精度区分":null,"座標系":"任意座標系"}},{"type":"Polygon","arcs":[[7452,7453,7454,7455,7456,7457]],"properties":{"市区町村名":"留萌市","大字名":"堀川町","丁目名":"３丁目","小字名":null,"地番":"132","精度区分":null,"座標系":"任意座標系"}},{"type":"Polygon","arcs":[[7458,7459,7460]],"properties":{"市区町村名":"留萌市","大字名":"堀川町","丁目名":"３丁目","小字名":null,"地番":"127","精度区分":null,"座標系":"任意座標系"}},{"type":"Polygon","arcs":[[-7422,-7384,7461,-7446]],"properties":{"市区町村名":"留萌市","大字名":"堀川町","丁目名":"３丁目","小字名":null,"地番":"128","精度区分":null,"座標系":"任意座標系"}},{"type":"Polygon","arcs":[[-7448,7462,7463,-7458,7464,7465,7466,7467,7468,-7440]],"properties":{"市区町村名":"留萌市","大字名":"堀川町","丁目名":"３丁目","小字名":null,"地番":"135","精度区分":null,"座標系":"任意座標系"}},{"type":"Polygon","arcs":[[-7457,7469,-7465]],"properties":{"市区町村名":"留萌市","大字名":"堀川町","丁目名":"３丁目","小字名":null,"地番":"133","精度区分":null,"座標系":"任意座標系"}},{"type":"Polygon","arcs":[[7470,7471,7472,-7454,7473]],"properties":{"市区町村名":"留萌市","大字名":"堀川町","丁目名":"３丁目","小字名":null,"地番":"124","精度区分":null,"座標系":"任意座標系"}},{"type":"Polygon","arcs":[[7474,7475,7476,-7472]],"properties":{"市区町村名":"留萌市","大字名":"堀川町","丁目名":"３丁目","小字名":null,"地番":"123","精度区分":null,"座標系":"任意座標系"}},{"type":"Polygon","arcs":[[7477,7478,-7461,7479,-7455,-7473]],"properties":{"市区町村名":"留萌市","大字名":"堀川町","丁目名":"３丁目","小字名":null,"地番":"126","精度区分":null,"座標系":"任意座標系"}},{"type":"Polygon","arcs":[[-7477,7480,-7478]],"properties":{"市区町村名":"留萌市","大字名":"堀川町","丁目名":"３丁目","小字名":null,"地番":"125","精度区分":null,"座標系":"任意座標系"}},{"type":"Polygon","arcs":[[7481,-7475,7482,7483,7484]],"properties":{"市区町村名":"留萌市","大字名":"堀川町","丁目名":"３丁目","小字名":null,"地番":"121","精度区分":null,"座標系":"任意座標系"}},{"type":"Polygon","arcs":[[7485,-7485,7486,-7383]],"properties":{"市区町村名":"留萌市","大字名":"堀川町","丁目名":"３丁目","小字名":null,"地番":"120","精度区分":null,"座標系":"任意座標系"}},{"type":"Polygon","arcs":[[-7487,-7484,7487,-7447,-7462]],"properties":{"市区町村名":"留萌市","大字名":"堀川町","丁目名":"３丁目","小字名":null,"地番":"129","精度区分":null,"座標系":"任意座標系"}},{"type":"Polygon","arcs":[[7488,7489,-7474,-7453,-7464]],"properties":{"市区町村名":"留萌市","大字名":"堀川町","丁目名":"３丁目","小字名":null,"地番":"131","精度区分":null,"座標系":"任意座標系"}},{"type":"Polygon","arcs":[[-7488,-7489,-7463]],"properties":{"市区町村名":"留萌市","大字名":"堀川町","丁目名":"３丁目","小字名":null,"地番":"130","精度区分":null,"座標系":"任意座標系"}},{"type":"Polygon","arcs":[[-7468,7490,7491,-7450,7492]],"properties":{"市区町村名":"留萌市","大字名":"堀川町","丁目名":"３丁目","小字名":null,"地番":"141","精度区分":null,"座標系":"任意座標系"}},{"type":"Polygon","arcs":[[-7467,7493,-7491]],"properties":{"市区町村名":"留萌市","大字名":"堀川町","丁目名":"３丁目","小字名":null,"地番":"142","精度区分":null,"座標系":"任意座標系"}},{"type":"Polygon","arcs":[[-7469,-7493,-7449,-7441]],"properties":{"市区町村名":"留萌市","大字名":"堀川町","丁目名":"３丁目","小字名":null,"地番":"140","精度区分":null,"座標系":"任意座標系"}},{"type":"Polygon","arcs":[[7494,-7343,-7452,7495]],"properties":{"市区町村名":"留萌市","大字名":"堀川町","丁目名":"３丁目","小字名":null,"地番":"158","精度区分":null,"座標系":"任意座標系"}},{"type":"Polygon","arcs":[[7496,-7378,-7345,7497]],"properties":{"市区町村名":"留萌市","大字名":"堀川町","丁目名":"３丁目","小字名":null,"地番":"156","精度区分":null,"座標系":"任意座標系"}},{"type":"Polygon","arcs":[[-7495,7498,-7498,-7344]],"properties":{"市区町村名":"留萌市","大字名":"堀川町","丁目名":"３丁目","小字名":null,"地番":"157","精度区分":null,"座標系":"任意座標系"}},{"type":"Polygon","arcs":[[7499,-7360,7500,7501]],"properties":{"市区町村名":"留萌市","大字名":"堀川町","丁目名":"３丁目","小字名":null,"地番":"175","精度区分":null,"座標系":"任意座標系"}},{"type":"Polygon","arcs":[[-7483,-7471,-7490]],"properties":{"市区町村名":"留萌市","大字名":"堀川町","丁目名":"３丁目","小字名":null,"地番":"122","精度区分":null,"座標系":"任意座標系"}},{"type":"Polygon","arcs":[[-7393,-7400,-7388]],"properties":{"市区町村名":"留萌市","大字名":"堀川町","丁目名":"３丁目","小字名":null,"地番":"40","精度区分":null,"座標系":"任意座標系"}},{"type":"Polygon","arcs":[[7502,7503,-30,7504,7505,7506,7507]],"properties":{"市区町村名":"留萌市","大字名":"堀川町","丁目名":"３丁目","小字名":null,"地番":"62","精度区分":null,"座標系":"任意座標系"}},{"type":"Polygon","arcs":[[7508,7509,7510,7511,7512,7513,7514]],"properties":{"市区町村名":"留萌市","大字名":"堀川町","丁目名":"３丁目","小字名":null,"地番":"77","精度区分":null,"座標系":"任意座標系"}},{"type":"Polygon","arcs":[[7515,7516,7517,7518,7519,7520]],"properties":{"市区町村名":"留萌市","大字名":"堀川町","丁目名":"３丁目","小字名":null,"地番":"89","精度区分":null,"座標系":"任意座標系"}},{"type":"Polygon","arcs":[[-7492,-7494,-7466,-7470,-7456,-7480,-7460,7521,7522,7523,7524,7525,-7374,-7379,-7497,-7499,-7496,-7451]],"properties":{"市区町村名":"留萌市","大字名":"堀川町","丁目名":"３丁目","小字名":null,"地番":"143","精度区分":null,"座標系":"任意座標系"}},{"type":"Polygon","arcs":[[-7382,7526,7527,7528,7529,7530,7531,7532,7533,7534,-7481,-7476,-7482,-7486]],"properties":{"市区町村名":"留萌市","大字名":"堀川町","丁目名":"３丁目","小字名":null,"地番":"117","精度区分":null,"座標系":"任意座標系"}},{"type":"Polygon","arcs":[[7535,7536,7537,-7527,-7381,-7421,-7394,-7392]],"properties":{"市区町村名":"留萌市","大字名":"堀川町","丁目名":"３丁目","小字名":null,"地番":"177","精度区分":null,"座標系":"任意座標系"}},{"type":"Polygon","arcs":[[-6923,-6916,7538]],"properties":{"市区町村名":"留萌市","大字名":"堀川町","丁目名":"３丁目","小字名":null,"地番":"長狭物不明-3001","精度区分":null,"座標系":"任意座標系"}},{"type":"Polygon","arcs":[[-7539,-6914,7539,-7370,-6924]],"properties":{"市区町村名":"留萌市","大字名":"堀川町","丁目名":"３丁目","小字名":null,"地番":"31","精度区分":null,"座標系":"任意座標系"}},{"type":"Polygon","arcs":[[-7371,-7540,-6963,-6905,-6999,-7002,-6935,7540,7541,7542,7543,7544]],"properties":{"市区町村名":"留萌市","大字名":"堀川町","丁目名":"３丁目","小字名":null,"地番":"25W2","精度区分":null,"座標系":"任意座標系"}},{"type":"Polygon","arcs":[[-7542,7545,7546,7547]],"properties":{"市区町村名":"留萌市","大字名":"堀川町","丁目名":"３丁目","小字名":null,"地番":"23","精度区分":null,"座標系":"任意座標系"}},{"type":"Polygon","arcs":[[7548,7549,7550]],"properties":{"市区町村名":"留萌市","大字名":"堀川町","丁目名":"３丁目","小字名":null,"地番":"道-12","精度区分":null,"座標系":"任意座標系"}},{"type":"Polygon","arcs":[[7551,-7551,7552,7553,7554]],"properties":{"市区町村名":"留萌市","大字名":"堀川町","丁目名":"３丁目","小字名":null,"地番":"59","精度区分":null,"座標系":"任意座標系"}},{"type":"Polygon","arcs":[[7555,7556,7557,7558]],"properties":{"市区町村名":"留萌市","大字名":"堀川町","丁目名":"３丁目","小字名":null,"地番":"15","精度区分":null,"座標系":"任意座標系"}},{"type":"Polygon","arcs":[[7559,7560,7561,7562,7563,-7554,7564,-7505,-29,7565,7566,-7557]],"properties":{"市区町村名":"留萌市","大字名":"堀川町","丁目名":"３丁目","小字名":null,"地番":"水-3001","精度区分":null,"座標系":"任意座標系"}},{"type":"Polygon","arcs":[[7567,7568,7569,7570]],"properties":{"市区町村名":"留萌市","大字名":"堀川町","丁目名":"３丁目","小字名":null,"地番":"水-3002","精度区分":null,"座標系":"任意座標系"}},{"type":"Polygon","arcs":[[7571,-7568,7572]],"properties":{"市区町村名":"留萌市","大字名":"堀川町","丁目名":"３丁目","小字名":null,"地番":"9","精度区分":null,"座標系":"任意座標系"}},{"type":"Polygon","arcs":[[7573,7574,7575,-7570]],"properties":{"市区町村名":"留萌市","大字名":"堀川町","丁目名":"３丁目","小字名":null,"地番":"11","精度区分":null,"座標系":"任意座標系"}},{"type":"Polygon","arcs":[[7576,-7067,-7093,7577,-7569]],"properties":{"市区町村名":"留萌市","大字名":"堀川町","丁目名":"３丁目","小字名":null,"地番":"8","精度区分":null,"座標系":"任意座標系"}},{"type":"Polygon","arcs":[[7578,-7560,-7556]],"properties":{"市区町村名":"留萌市","大字名":"堀川町","丁目名":"３丁目","小字名":null,"地番":"14","精度区分":null,"座標系":"任意座標系"}},{"type":"Polygon","arcs":[[-7576,7579,-7561,-7579,7580]],"properties":{"市区町村名":"留萌市","大字名":"堀川町","丁目名":"３丁目","小字名":null,"地番":"13","精度区分":null,"座標系":"任意座標系"}},{"type":"Polygon","arcs":[[7581,7582,-7573,7583]],"properties":{"市区町村名":"留萌市","大字名":"堀川町","丁目名":"３丁目","小字名":null,"地番":"10","精度区分":null,"座標系":"任意座標系"}},{"type":"Polygon","arcs":[[7584,7585,-7582,-7558,-7567,7586,7587]],"properties":{"市区町村名":"留萌市","大字名":"堀川町","丁目名":"３丁目","小字名":null,"地番":"16","精度区分":null,"座標系":"任意座標系"}},{"type":"Polygon","arcs":[[7588,-7555,-7564]],"properties":{"市区町村名":"留萌市","大字名":"堀川町","丁目名":"３丁目","小字名":null,"地番":"60","精度区分":null,"座標系":"任意座標系"}},{"type":"Polygon","arcs":[[7589,7590,-7509,7591,7592]],"properties":{"市区町村名":"留萌市","大字名":"堀川町","丁目名":"３丁目","小字名":null,"地番":"78","精度区分":null,"座標系":"任意座標系"}},{"type":"Polygon","arcs":[[7593,7594,7595,-7592,-7515]],"properties":{"市区町村名":"留萌市","大字名":"堀川町","丁目名":"３丁目","小字名":null,"地番":"79","精度区分":null,"座標系":"任意座標系"}},{"type":"Polygon","arcs":[[-7528,-7538,7596]],"properties":{"市区町村名":"留萌市","大字名":"堀川町","丁目名":"３丁目","小字名":null,"地番":"116","精度区分":null,"座標系":"任意座標系"}},{"type":"Polygon","arcs":[[-7507,-7510,-7591]],"properties":{"市区町村名":"留萌市","大字名":"堀川町","丁目名":"３丁目","小字名":null,"地番":"76","精度区分":null,"座標系":"任意座標系"}},{"type":"Polygon","arcs":[[7597,-7587,-7566,-28,7598,7599,7600,7601]],"properties":{"市区町村名":"留萌市","大字名":"堀川町","丁目名":"３丁目","小字名":null,"地番":"18","精度区分":null,"座標系":"任意座標系"}},{"type":"Polygon","arcs":[[7602,7603,-7602,-7547,7604]],"properties":{"市区町村名":"留萌市","大字名":"堀川町","丁目名":"３丁目","小字名":null,"地番":"17","精度区分":null,"座標系":"任意座標系"}},{"type":"Polygon","arcs":[[7605,-7548,-7601,7606,7607,-7593,7608,7609]],"properties":{"市区町村名":"留萌市","大字名":"堀川町","丁目名":"３丁目","小字名":null,"地番":"24","精度区分":null,"座標系":"任意座標系"}},{"type":"Polygon","arcs":[[-7606,7610,-7543]],"properties":{"市区町村名":"留萌市","大字名":"堀川町","丁目名":"３丁目","小字名":null,"地番":"26","精度区分":null,"座標系":"任意座標系"}},{"type":"Polygon","arcs":[[-7372,-7545,7611,7612,-7391]],"properties":{"市区町村名":"留萌市","大字名":"堀川町","丁目名":"３丁目","小字名":null,"地番":"29","精度区分":null,"座標系":"任意座標系"}},{"type":"Polygon","arcs":[[7613,-7588,-7598,-7604]],"properties":{"市区町村名":"留萌市","大字名":"堀川町","丁目名":"３丁目","小字名":null,"地番":"22","精度区分":null,"座標系":"任意座標系"}},{"type":"Polygon","arcs":[[7614,-7503,-7607,-7600]],"properties":{"市区町村名":"留萌市","大字名":"堀川町","丁目名":"３丁目","小字名":null,"地番":"21","精度区分":null,"座標系":"任意座標系"}},{"type":"Polygon","arcs":[[-31,7615,-7615,-7599]],"properties":{"市区町村名":"留萌市","大字名":"堀川町","丁目名":"３丁目","小字名":null,"地番":"20","精度区分":null,"座標系":"任意座標系"}},{"type":"Polygon","arcs":[[-7616,-7504]],"properties":{"市区町村名":"留萌市","大字名":"堀川町","丁目名":"３丁目","小字名":null,"地番":"61","精度区分":null,"座標系":"任意座標系"}},{"type":"Polygon","arcs":[[-7608,-7508,-7590]],"properties":{"市区町村名":"留萌市","大字名":"堀川町","丁目名":"３丁目","小字名":null,"地番":"75","精度区分":null,"座標系":"任意座標系"}},{"type":"Polygon","arcs":[[7616,7617,7618,7619,7620,-7536,-7613]],"properties":{"市区町村名":"留萌市","大字名":"堀川町","丁目名":"３丁目","小字名":null,"地番":"30","精度区分":null,"座標系":"任意座標系"}},{"type":"Polygon","arcs":[[7621,7622,7623,7624]],"properties":{"市区町村名":"留萌市","大字名":"堀川町","丁目名":"３丁目","小字名":null,"地番":"97","精度区分":null,"座標系":"任意座標系"}},{"type":"Polygon","arcs":[[-7520,7625,-7624,7626]],"properties":{"市区町村名":"留萌市","大字名":"堀川町","丁目名":"３丁目","小字名":null,"地番":"93","精度区分":null,"座標系":"任意座標系"}},{"type":"Polygon","arcs":[[-7625,7627,7628,7629]],"properties":{"市区町村名":"留萌市","大字名":"堀川町","丁目名":"３丁目","小字名":null,"地番":"98","精度区分":null,"座標系":"任意座標系"}},{"type":"Polygon","arcs":[[-7626,-7519,7630,-7628]],"properties":{"市区町村名":"留萌市","大字名":"堀川町","丁目名":"３丁目","小字名":null,"地番":"94","精度区分":null,"座標系":"任意座標系"}},{"type":"Polygon","arcs":[[7631,7632,-7521,-7627,7633]],"properties":{"市区町村名":"留萌市","大字名":"堀川町","丁目名":"３丁目","小字名":null,"地番":"92","精度区分":null,"座標系":"任意座標系"}},{"type":"Polygon","arcs":[[7634,-7513,7635,7636]],"properties":{"市区町村名":"留萌市","大字名":"堀川町","丁目名":"３丁目","小字名":null,"地番":"82","精度区分":null,"座標系":"任意座標系"}},{"type":"Polygon","arcs":[[7637,-7514,-7635,7638]],"properties":{"市区町村名":"留萌市","大字名":"堀川町","丁目名":"３丁目","小字名":null,"地番":"81","精度区分":null,"座標系":"任意座標系"}},{"type":"Polygon","arcs":[[-7636,-7512,7639,7640]],"properties":{"市区町村名":"留萌市","大字名":"堀川町","丁目名":"３丁目","小字名":null,"地番":"83","精度区分":null,"座標系":"任意座標系"}},{"type":"Polygon","arcs":[[7641,-7594,-7638,7642]],"properties":{"市区町村名":"留萌市","大字名":"堀川町","丁目名":"３丁目","小字名":null,"地番":"80","精度区分":null,"座標系":"任意座標系"}},{"type":"Polygon","arcs":[[-7517,7643,-7637,-7641,7644]],"properties":{"市区町村名":"留萌市","大字名":"堀川町","丁目名":"３丁目","小字名":null,"地番":"86","精度区分":null,"座標系":"任意座標系"}},{"type":"Polygon","arcs":[[7645,7646,-7643,7647]],"properties":{"市区町村名":"留萌市","大字名":"堀川町","丁目名":"３丁目","小字名":null,"地番":"84","精度区分":null,"座標系":"任意座標系"}},{"type":"Polygon","arcs":[[7648,7649,7650]],"properties":{"市区町村名":"留萌市","大字名":"堀川町","丁目名":"３丁目","小字名":null,"地番":"103","精度区分":null,"座標系":"任意座標系"}},{"type":"Polygon","arcs":[[-7634,-7623,7651,-7525,7652,7653,-7650,7654,7655,7656,7657]],"properties":{"市区町村名":"留萌市","大字名":"堀川町","丁目名":"３丁目","小字名":null,"地番":"96","精度区分":null,"座標系":"任意座標系"}},{"type":"Polygon","arcs":[[7658,7659,7660,7661,-7653,7662,-7534]],"properties":{"市区町村名":"留萌市","大字名":"堀川町","丁目名":"３丁目","小字名":null,"地番":"113","精度区分":null,"座標系":"任意座標系"}},{"type":"Polygon","arcs":[[7663,7664,-7522,-7459,-7479,-7535]],"properties":{"市区町村名":"留萌市","大字名":"堀川町","丁目名":"３丁目","小字名":null,"地番":"118","精度区分":null,"座標系":"任意座標系"}},{"type":"Polygon","arcs":[[7665,-7523,-7665]],"properties":{"市区町村名":"留萌市","大字名":"堀川町","丁目名":"３丁目","小字名":null,"地番":"115","精度区分":null,"座標系":"任意座標系"}},{"type":"Polygon","arcs":[[-7663,-7524,-7666,-7664]],"properties":{"市区町村名":"留萌市","大字名":"堀川町","丁目名":"３丁目","小字名":null,"地番":"114","精度区分":null,"座標系":"任意座標系"}},{"type":"Polygon","arcs":[[-7655,-7649,7666]],"properties":{"市区町村名":"留萌市","大字名":"堀川町","丁目名":"３丁目","小字名":null,"地番":"102","精度区分":null,"座標系":"任意座標系"}},{"type":"Polygon","arcs":[[7667,7668,-7651,-7654,-7662]],"properties":{"市区町村名":"留萌市","大字名":"堀川町","丁目名":"３丁目","小字名":null,"地番":"104","精度区分":null,"座標系":"任意座標系"}},{"type":"Polygon","arcs":[[7669,7670,-7657,7671,7672]],"properties":{"市区町村名":"留萌市","大字名":"堀川町","丁目名":"３丁目","小字名":null,"地番":"100","精度区分":null,"座標系":"任意座標系"}},{"type":"Polygon","arcs":[[-7656,-7667,-7669,7673,-7660,7674,7675,7676,-7672]],"properties":{"市区町村名":"留萌市","大字名":"堀川町","丁目名":"３丁目","小字名":null,"地番":"101","精度区分":null,"座標系":"任意座標系"}},{"type":"Polygon","arcs":[[7677,7678,-7670,7679,-7530]],"properties":{"市区町村名":"留萌市","大字名":"堀川町","丁目名":"３丁目","小字名":null,"地番":"109","精度区分":null,"座標系":"任意座標系"}},{"type":"Polygon","arcs":[[-7673,-7677,7680,-7531,-7680]],"properties":{"市区町村名":"留萌市","大字名":"堀川町","丁目名":"３丁目","小字名":null,"地番":"110","精度区分":null,"座標系":"任意座標系"}},{"type":"Polygon","arcs":[[-7681,-7676,7681,-7532]],"properties":{"市区町村名":"留萌市","大字名":"堀川町","丁目名":"３丁目","小字名":null,"地番":"111","精度区分":null,"座標系":"任意座標系"}},{"type":"Polygon","arcs":[[-7675,-7659,-7533,-7682]],"properties":{"市区町村名":"留萌市","大字名":"堀川町","丁目名":"３丁目","小字名":null,"地番":"112","精度区分":null,"座標系":"任意座標系"}},{"type":"Polygon","arcs":[[-7668,-7661,-7674]],"properties":{"市区町村名":"留萌市","大字名":"堀川町","丁目名":"３丁目","小字名":null,"地番":"105","精度区分":null,"座標系":"任意座標系"}},{"type":"Polygon","arcs":[[7682,7683,-7679]],"properties":{"市区町村名":"留萌市","大字名":"堀川町","丁目名":"３丁目","小字名":null,"地番":"107","精度区分":null,"座標系":"任意座標系"}},{"type":"Polygon","arcs":[[-7609,-7596,7684]],"properties":{"市区町村名":"留萌市","大字名":"堀川町","丁目名":"３丁目","小字名":null,"地番":"27","精度区分":null,"座標系":"任意座標系"}},{"type":"Polygon","arcs":[[7685,-7678,-7529]],"properties":{"市区町村名":"留萌市","大字名":"堀川町","丁目名":"３丁目","小字名":null,"地番":"108","精度区分":null,"座標系":"任意座標系"}},{"type":"Polygon","arcs":[[7686,-7648,-7639,-7644]],"properties":{"市区町村名":"留萌市","大字名":"堀川町","丁目名":"３丁目","小字名":null,"地番":"85","精度区分":null,"座標系":"任意座標系"}},{"type":"Polygon","arcs":[[7687,-7687,-7516,-7633]],"properties":{"市区町村名":"留萌市","大字名":"堀川町","丁目名":"３丁目","小字名":null,"地番":"88","精度区分":null,"座標系":"任意座標系"}},{"type":"Polygon","arcs":[[-7571,-7581,-7559,-7584]],"properties":{"市区町村名":"留萌市","大字名":"堀川町","丁目名":"３丁目","小字名":null,"地番":"12","精度区分":null,"座標系":"任意座標系"}},{"type":"Polygon","arcs":[[7688,7689,7690]],"properties":{"市区町村名":"留萌市","大字名":"堀川町","丁目名":"３丁目","小字名":null,"地番":"5","精度区分":null,"座標系":"任意座標系"}},{"type":"Polygon","arcs":[[-7280,7691,7692]],"properties":{"市区町村名":"留萌市","大字名":"堀川町","丁目名":"３丁目","小字名":null,"地番":"1","精度区分":null,"座標系":"任意座標系"}},{"type":"Polygon","arcs":[[-7092,-7293,-7288,-7285,-7283,-7281,-7693,7693,7694,7695,-7691,7696,-7574,-7578]],"properties":{"市区町村名":"留萌市","大字名":"堀川町","丁目名":"３丁目","小字名":null,"地番":"4","精度区分":null,"座標系":"任意座標系"}},{"type":"Polygon","arcs":[[7697,-7694]],"properties":{"市区町村名":"留萌市","大字名":"大字留萌村","丁目名":null,"小字名":"字留萌原野三線","地番":"15-5","精度区分":null,"座標系":"任意座標系"}},{"type":"Polygon","arcs":[[7698,7699,7700,7701,-7695]],"properties":{"市区町村名":"留萌市","大字名":"堀川町","丁目名":"３丁目","小字名":null,"地番":"長狭物不明-3002","精度区分":null,"座標系":"任意座標系"}},{"type":"Polygon","arcs":[[-7700,7702,7703]],"properties":{"市区町村名":"留萌市","大字名":"堀川町","丁目名":"３丁目","小字名":null,"地番":"2","精度区分":null,"座標系":"任意座標系"}},{"type":"Polygon","arcs":[[-7702,7704,7705,-7696]],"properties":{"市区町村名":"留萌市","大字名":"堀川町","丁目名":"３丁目","小字名":null,"地番":"178","精度区分":null,"座標系":"任意座標系"}},{"type":"Polygon","arcs":[[7706,7707,-7689,-7706,7708,-7549]],"properties":{"市区町村名":"留萌市","大字名":"大字留萌村","丁目名":null,"小字名":"字川上","地番":"1600","精度区分":null,"座標系":"任意座標系"}},{"type":"Polygon","arcs":[[-7701,-7704,7709,-7705]],"properties":{"市区町村名":"留萌市","大字名":"堀川町","丁目名":"３丁目","小字名":null,"地番":"3","精度区分":null,"座標系":"任意座標系"}},{"type":"Polygon","arcs":[[7710,-7707,-7552,-7589,-7563]],"properties":{"市区町村名":"留萌市","大字名":"堀川町","丁目名":"３丁目","小字名":null,"地番":"7","精度区分":null,"座標系":"任意座標系"}},{"type":"Polygon","arcs":[[-7575,-7697,-7690,-7708,-7711,-7562,-7580]],"properties":{"市区町村名":"留萌市","大字名":"堀川町","丁目名":"３丁目","小字名":null,"地番":"6","精度区分":null,"座標系":"任意座標系"}},{"type":"Polygon","arcs":[[-6753,-6751,-6701,-6740,-6750,-6744,-6755]],"properties":{"市区町村名":"留萌市","大字名":"堀川町","丁目名":"２丁目","小字名":null,"地番":"87-2","精度区分":null,"座標系":"任意座標系"}},{"type":"Polygon","arcs":[[7711,7712,-1898,7713,7714]],"properties":{"市区町村名":"留萌市","大字名":"南町","丁目名":"２丁目","小字名":null,"地番":"203-1","精度区分":null,"座標系":"任意座標系"}},{"type":"Polygon","arcs":[[-2089,-2078,-2092,-2090,-1899,-7713,7715,-2187,-1655,-1652]],"properties":{"市区町村名":"留萌市","大字名":"南町","丁目名":"２丁目","小字名":null,"地番":"279-1","精度区分":null,"座標系":"任意座標系"}},{"type":"Polygon","arcs":[[-7714,-1968,-1955,-1958,-2171,-1758,-2174,-1821,-1824,-2184,-2168,7716]],"properties":{"市区町村名":"留萌市","大字名":"南町","丁目名":"２丁目","小字名":null,"地番":"375-1","精度区分":null,"座標系":"任意座標系"}},{"type":"Polygon","arcs":[[7717,7718,-7717]],"properties":{"市区町村名":"留萌市","大字名":"南町","丁目名":"２丁目","小字名":null,"地番":"375-2","精度区分":null,"座標系":"任意座標系"}},{"type":"Polygon","arcs":[[7719,7720,7721,7722]],"properties":{"市区町村名":"留萌市","大字名":"南町","丁目名":"２丁目","小字名":null,"地番":"202-2","精度区分":null,"座標系":"任意座標系"}},{"type":"Polygon","arcs":[[-7722,7723,-7715,-7719]],"properties":{"市区町村名":"留萌市","大字名":"南町","丁目名":"２丁目","小字名":null,"地番":"203-3","精度区分":null,"座標系":"任意座標系"}},{"type":"Polygon","arcs":[[-2170,-1848,-1841,7724,7725,7726]],"properties":{"市区町村名":"留萌市","大字名":"南町","丁目名":"２丁目","小字名":null,"地番":"56-2","精度区分":null,"座標系":"任意座標系"}},{"type":"Polygon","arcs":[[7727,7728,-7720,7729,-7727]],"properties":{"市区町村名":"留萌市","大字名":"南町","丁目名":"２丁目","小字名":null,"地番":"56-1","精度区分":null,"座標系":"任意座標系"}},{"type":"Polygon","arcs":[[7730,-1872,7731,-7728,-7726]],"properties":{"市区町村名":"留萌市","大字名":"南町","丁目名":"２丁目","小字名":null,"地番":"56-3","精度区分":null,"座標系":"任意座標系"}},{"type":"Polygon","arcs":[[-7716,-7712,-7724,-7721,-7729,-7732,-1875,-2188]],"properties":{"市区町村名":"留萌市","大字名":"南町","丁目名":"２丁目","小字名":null,"地番":"202-1","精度区分":null,"座標系":"任意座標系"}},{"type":"Polygon","arcs":[[-7723,-7718,-2167,-7730]],"properties":{"市区町村名":"留萌市","大字名":"南町","丁目名":"２丁目","小字名":null,"地番":"57-1","精度区分":null,"座標系":"任意座標系"}},{"type":"Polygon","arcs":[[7732,7733,7734,7735]],"properties":{"市区町村名":"留萌市","大字名":"南町","丁目名":"２丁目","小字名":null,"地番":"89-2","精度区分":null,"座標系":"任意座標系"}},{"type":"Polygon","arcs":[[7736,7737,7738,-7734]],"properties":{"市区町村名":"留萌市","大字名":"南町","丁目名":"２丁目","小字名":null,"地番":"89-1","精度区分":null,"座標系":"任意座標系"}},{"type":"Polygon","arcs":[[7739,7740,7741,7742]],"properties":{"市区町村名":"留萌市","大字名":"南町","丁目名":"２丁目","小字名":null,"地番":"8-3","精度区分":null,"座標系":"任意座標系"}},{"type":"Polygon","arcs":[[-7740,7743,7744,-1709,7745,7746]],"properties":{"市区町村名":"留萌市","大字名":"南町","丁目名":"２丁目","小字名":null,"地番":"7","精度区分":null,"座標系":"任意座標系"}},{"type":"Polygon","arcs":[[-1152,7747,-7737,7748,7749,-1163]],"properties":{"市区町村名":"留萌市","大字名":"南町","丁目名":"２丁目","小字名":null,"地番":"88-1","精度区分":null,"座標系":"任意座標系"}},{"type":"Polygon","arcs":[[-7733,7750,-7749]],"properties":{"市区町村名":"留萌市","大字名":"南町","丁目名":"２丁目","小字名":null,"地番":"88-2","精度区分":null,"座標系":"任意座標系"}},{"type":"Polygon","arcs":[[7751,7752,7753,-2506,-2493]],"properties":{"市区町村名":"留萌市","大字名":"緑ケ丘町","丁目名":"１丁目","小字名":null,"地番":"30-40","精度区分":null,"座標系":"任意座標系"}},{"type":"Polygon","arcs":[[7754,7755,-7753]],"properties":{"市区町村名":"留萌市","大字名":"緑ケ丘町","丁目名":"１丁目","小字名":null,"地番":"30-46","精度区分":null,"座標系":"任意座標系"}},{"type":"Polygon","arcs":[[7756,7757,7758,7759,-2452]],"properties":{"市区町村名":"留萌市","大字名":"緑ケ丘町","丁目名":"１丁目","小字名":null,"地番":"30-2","精度区分":null,"座標系":"任意座標系"}},{"type":"Polygon","arcs":[[7760,7761,-7758]],"properties":{"市区町村名":"留萌市","大字名":"緑ケ丘町","丁目名":"１丁目","小字名":null,"地番":"30-48","精度区分":null,"座標系":"任意座標系"}},{"type":"Polygon","arcs":[[-7760,7762,-2466,-2456]],"properties":{"市区町村名":"留萌市","大字名":"緑ケ丘町","丁目名":"１丁目","小字名":null,"地番":"30-35","精度区分":null,"座標系":"任意座標系"}},{"type":"Polygon","arcs":[[-2455,7763,7764,-7761,-7757]],"properties":{"市区町村名":"留萌市","大字名":"緑ケ丘町","丁目名":"１丁目","小字名":null,"地番":"30-39","精度区分":null,"座標系":"任意座標系"}},{"type":"Polygon","arcs":[[7765,-7765,7766,7767,7768,7769,7770]],"properties":{"市区町村名":"留萌市","大字名":"南町","丁目名":"２丁目","小字名":null,"地番":"92","精度区分":null,"座標系":"任意座標系"}},{"type":"Polygon","arcs":[[-7754,7771,7772,-2501]],"properties":{"市区町村名":"留萌市","大字名":"緑ケ丘町","丁目名":"１丁目","小字名":null,"地番":"30-1","精度区分":null,"座標系":"任意座標系"}},{"type":"Polygon","arcs":[[7773,7774,7775,-2449,-2502,-7773]],"properties":{"市区町村名":"留萌市","大字名":"緑ケ丘町","丁目名":"１丁目","小字名":null,"地番":"30-18","精度区分":null,"座標系":"任意座標系"}},{"type":"Polygon","arcs":[[7776,7777,-7775]],"properties":{"市区町村名":"留萌市","大字名":"緑ケ丘町","丁目名":"１丁目","小字名":null,"地番":"30-47","精度区分":null,"座標系":"任意座標系"}},{"type":"Polygon","arcs":[[-1225,-1145,7778,7779,-7738,-7748,-1151,-1155,-1177,7780,7781,7782,7783]],"properties":{"市区町村名":"留萌市","大字名":"南町","丁目名":"２丁目","小字名":null,"地番":"109W1","精度区分":null,"座標系":"任意座標系"}},{"type":"Polygon","arcs":[[-7783,7784,-1285,7785,7786]],"properties":{"市区町村名":"留萌市","大字名":"南町","丁目名":"２丁目","小字名":null,"地番":"149","精度区分":null,"座標系":"任意座標系"}},{"type":"Polygon","arcs":[[-1299,-1296,-41,-7785,-7782,7787,7788]],"properties":{"市区町村名":"留萌市","大字名":"南町","丁目名":"２丁目","小字名":null,"地番":"133","精度区分":null,"座標系":"任意座標系"}},{"type":"Polygon","arcs":[[-1313,7789,7790,7791]],"properties":{"市区町村名":"留萌市","大字名":"南町","丁目名":"２丁目","小字名":null,"地番":"167W1","精度区分":null,"座標系":"任意座標系"}},{"type":"Polygon","arcs":[[7792,-1310,-1300,-7789,7793]],"properties":{"市区町村名":"留萌市","大字名":"南町","丁目名":"２丁目","小字名":null,"地番":"134","精度区分":null,"座標系":"任意座標系"}},{"type":"Polygon","arcs":[[-1307,-1311,-7793,7794,7795]],"properties":{"市区町村名":"留萌市","大字名":"南町","丁目名":"２丁目","小字名":null,"地番":"135","精度区分":null,"座標系":"任意座標系"}},{"type":"Polygon","arcs":[[-1312,-1308,-7796,7796,-7790]],"properties":{"市区町村名":"留萌市","大字名":"南町","丁目名":"２丁目","小字名":null,"地番":"136","精度区分":null,"座標系":"任意座標系"}},{"type":"Polygon","arcs":[[7797,-1610,-1503,7798,7799]],"properties":{"市区町村名":"留萌市","大字名":"南町","丁目名":"２丁目","小字名":null,"地番":"195","精度区分":null,"座標系":"任意座標系"}},{"type":"Polygon","arcs":[[-1611,-7798,7800,-1457,-1460,-1406]],"properties":{"市区町村名":"留萌市","大字名":"南町","丁目名":"２丁目","小字名":null,"地番":"196","精度区分":null,"座標系":"任意座標系"}},{"type":"Polygon","arcs":[[7801,7802,-1626,-1410,-1454]],"properties":{"市区町村名":"留萌市","大字名":"南町","丁目名":"２丁目","小字名":null,"地番":"192","精度区分":null,"座標系":"任意座標系"}},{"type":"Polygon","arcs":[[-1506,-1418,7803,7804,-1416,7805,7806,-7799,-1502]],"properties":{"市区町村名":"留萌市","大字名":"南町","丁目名":"２丁目","小字名":null,"地番":"171","精度区分":null,"座標系":"任意座標系"}},{"type":"Polygon","arcs":[[-1226,-7784,-7787,7807,-1430]],"properties":{"市区町村名":"留萌市","大字名":"南町","丁目名":"２丁目","小字名":null,"地番":"153","精度区分":null,"座標系":"任意座標系"}},{"type":"Polygon","arcs":[[-7808,7808,7809,-1431]],"properties":{"市区町村名":"留萌市","大字名":"南町","丁目名":"２丁目","小字名":null,"地番":"155","精度区分":null,"座標系":"任意座標系"}},{"type":"Polygon","arcs":[[7810,7811,-7804,-1422]],"properties":{"市区町村名":"留萌市","大字名":"南町","丁目名":"２丁目","小字名":null,"地番":"159","精度区分":null,"座標系":"任意座標系"}},{"type":"Polygon","arcs":[[7812,-1623,-7805,-7812]],"properties":{"市区町村名":"留萌市","大字名":"南町","丁目名":"２丁目","小字名":null,"地番":"152","精度区分":null,"座標系":"任意座標系"}},{"type":"Polygon","arcs":[[7813,-7806,-1415,-7803]],"properties":{"市区町村名":"留萌市","大字名":"南町","丁目名":"２丁目","小字名":null,"地番":"191","精度区分":null,"座標系":"任意座標系"}},{"type":"Polygon","arcs":[[-7807,-7814,7814,-7800]],"properties":{"市区町村名":"留萌市","大字名":"南町","丁目名":"２丁目","小字名":null,"地番":"193","精度区分":null,"座標系":"任意座標系"}},{"type":"Polygon","arcs":[[-7815,-7802,-1620,-1622,-7801]],"properties":{"市区町村名":"留萌市","大字名":"南町","丁目名":"２丁目","小字名":null,"地番":"194","精度区分":null,"座標系":"任意座標系"}},{"type":"Polygon","arcs":[[-1432,-7810,7815,-7811,-1435]],"properties":{"市区町村名":"留萌市","大字名":"南町","丁目名":"２丁目","小字名":null,"地番":"157","精度区分":null,"座標系":"任意座標系"}},{"type":"Polygon","arcs":[[-7813,-7816,7816,-1424]],"properties":{"市区町村名":"留萌市","大字名":"南町","丁目名":"２丁目","小字名":null,"地番":"151","精度区分":null,"座標系":"任意座標系"}},{"type":"Polygon","arcs":[[-7786,-1427,-7817,-7809]],"properties":{"市区町村名":"留萌市","大字名":"南町","丁目名":"２丁目","小字名":null,"地番":"150","精度区分":null,"座標系":"任意座標系"}},{"type":"Polygon","arcs":[[7817,-1636,-7792,7818]],"properties":{"市区町村名":"留萌市","大字名":"南町","丁目名":"２丁目","小字名":null,"地番":"183","精度区分":null,"座標系":"任意座標系"}},{"type":"Polygon","arcs":[[-1291,-7818,7819,-1326,-1294]],"properties":{"市区町村名":"留萌市","大字名":"南町","丁目名":"２丁目","小字名":null,"地番":"184","精度区分":null,"座標系":"任意座標系"}},{"type":"Polygon","arcs":[[-1971,7820,7821,7822,-2048]],"properties":{"市区町村名":"留萌市","大字名":"南町","丁目名":"２丁目","小字名":null,"地番":"180","精度区分":null,"座標系":"任意座標系"}},{"type":"Polygon","arcs":[[7823,7824,7825,-7822]],"properties":{"市区町村名":"留萌市","大字名":"南町","丁目名":"２丁目","小字名":null,"地番":"179","精度区分":null,"座標系":"任意座標系"}},{"type":"Polygon","arcs":[[7826,7827,-7824,-7821,-1970,-2069,-2063]],"properties":{"市区町村名":"留萌市","大字名":"南町","丁目名":"２丁目","小字名":null,"地番":"181-2","精度区分":null,"座標系":"任意座標系"}},{"type":"Polygon","arcs":[[7828,7829,-1985,-1983,7830]],"properties":{"市区町村名":"留萌市","大字名":"南町","丁目名":"２丁目","小字名":null,"地番":"172","精度区分":null,"座標系":"任意座標系"}},{"type":"Polygon","arcs":[[7831,-7791,7832,7833,7834,7835,7836,7837,-1986,-7830,7838,7839,7840,-7825,-7828,7841]],"properties":{"市区町村名":"留萌市","大字名":"南町","丁目名":"２丁目","小字名":null,"地番":"167W2","精度区分":null,"座標系":"任意座標系"}},{"type":"Polygon","arcs":[[-7788,7842,7843,7844]],"properties":{"市区町村名":"留萌市","大字名":"南町","丁目名":"２丁目","小字名":null,"地番":"129","精度区分":null,"座標系":"任意座標系"}},{"type":"Polygon","arcs":[[-7781,-1914,-1924,-1936,-1770,-1905,-1764,-1944,7845,7846,7847,7848,7849,-7843]],"properties":{"市区町村名":"留萌市","大字名":"南町","丁目名":"２丁目","小字名":null,"地番":"109W2","精度区分":null,"座標系":"任意座標系"}},{"type":"Polygon","arcs":[[7850,-7846,-1943,-1946,-1949,7851]],"properties":{"市区町村名":"留萌市","大字名":"南町","丁目名":"２丁目","小字名":null,"地番":"110","精度区分":null,"座標系":"任意座標系"}},{"type":"Polygon","arcs":[[7852,7853,7854,-7837]],"properties":{"市区町村名":"留萌市","大字名":"南町","丁目名":"２丁目","小字名":null,"地番":"117","精度区分":null,"座標系":"任意座標系"}},{"type":"Polygon","arcs":[[7855,-1962,-1987,-7838,-7855]],"properties":{"市区町村名":"留萌市","大字名":"南町","丁目名":"２丁目","小字名":null,"地番":"113","精度区分":null,"座標系":"任意座標系"}},{"type":"Polygon","arcs":[[7856,-7847,-7851,7857]],"properties":{"市区町村名":"留萌市","大字名":"南町","丁目名":"２丁目","小字名":null,"地番":"114","精度区分":null,"座標系":"任意座標系"}},{"type":"Polygon","arcs":[[7858,7859,-7848,-7857,7860]],"properties":{"市区町村名":"留萌市","大字名":"南町","丁目名":"２丁目","小字名":null,"地番":"118","精度区分":null,"座標系":"任意座標系"}},{"type":"Polygon","arcs":[[7861,7862,7863,-7835]],"properties":{"市区町村名":"留萌市","大字名":"南町","丁目名":"２丁目","小字名":null,"地番":"125","精度区分":null,"座標系":"任意座標系"}},{"type":"Polygon","arcs":[[7864,-7853,-7836,-7864]],"properties":{"市区町村名":"留萌市","大字名":"南町","丁目名":"２丁目","小字名":null,"地番":"121","精度区分":null,"座標系":"任意座標系"}},{"type":"Polygon","arcs":[[7865,-7849,-7860,7866]],"properties":{"市区町村名":"留萌市","大字名":"南町","丁目名":"２丁目","小字名":null,"地番":"122","精度区分":null,"座標系":"任意座標系"}},{"type":"Polygon","arcs":[[-7844,-7850,-7866,7867,7868]],"properties":{"市区町村名":"留萌市","大字名":"南町","丁目名":"２丁目","小字名":null,"地番":"126","精度区分":null,"座標系":"任意座標系"}},{"type":"Polygon","arcs":[[-7797,7869,7870,-7833]],"properties":{"市区町村名":"留萌市","大字名":"南町","丁目名":"２丁目","小字名":null,"地番":"132","精度区分":null,"座標系":"任意座標系"}},{"type":"Polygon","arcs":[[7871,-7862,-7834,-7871]],"properties":{"市区町村名":"留萌市","大字名":"南町","丁目名":"２丁目","小字名":null,"地番":"128","精度区分":null,"座標系":"任意座標系"}},{"type":"Polygon","arcs":[[7872,7873,-1960,-1963,-7856]],"properties":{"市区町村名":"留萌市","大字名":"南町","丁目名":"２丁目","小字名":null,"地番":"112","精度区分":null,"座標系":"任意座標系"}},{"type":"Polygon","arcs":[[7874,-7794,-7845,7875]],"properties":{"市区町村名":"留萌市","大字名":"南町","丁目名":"２丁目","小字名":null,"地番":"130","精度区分":null,"座標系":"任意座標系"}},{"type":"Polygon","arcs":[[-7795,-7875,7876,-7870]],"properties":{"市区町村名":"留萌市","大字名":"南町","丁目名":"２丁目","小字名":null,"地番":"131","精度区分":null,"座標系":"任意座標系"}},{"type":"Polygon","arcs":[[-7877,-7876,-7869,7877,7878,-7872]],"properties":{"市区町村名":"留萌市","大字名":"南町","丁目名":"２丁目","小字名":null,"地番":"127","精度区分":null,"座標系":"任意座標系"}},{"type":"Polygon","arcs":[[7879,-7878,-7868,-7867,-7859,7880]],"properties":{"市区町村名":"留萌市","大字名":"南町","丁目名":"２丁目","小字名":null,"地番":"123","精度区分":null,"座標系":"任意座標系"}},{"type":"Polygon","arcs":[[-7879,-7880,7881,7882,-7863]],"properties":{"市区町村名":"留萌市","大字名":"南町","丁目名":"２丁目","小字名":null,"地番":"124","精度区分":null,"座標系":"任意座標系"}},{"type":"Polygon","arcs":[[-7874,7883,-7852,-1948,-1961]],"properties":{"市区町村名":"留萌市","大字名":"南町","丁目名":"２丁目","小字名":null,"地番":"111","精度区分":null,"座標系":"任意座標系"}},{"type":"Polygon","arcs":[[7884,-7882,-7881,-7861,7885]],"properties":{"市区町村名":"留萌市","大字名":"南町","丁目名":"２丁目","小字名":null,"地番":"119","精度区分":null,"座標系":"任意座標系"}},{"type":"Polygon","arcs":[[-7883,-7885,7886,-7865]],"properties":{"市区町村名":"留萌市","大字名":"南町","丁目名":"２丁目","小字名":null,"地番":"120","精度区分":null,"座標系":"任意座標系"}},{"type":"Polygon","arcs":[[-2062,-1327,-7820,7887,-7842,-7827]],"properties":{"市区町村名":"留萌市","大字名":"南町","丁目名":"２丁目","小字名":null,"地番":"181-3","精度区分":null,"座標系":"任意座標系"}},{"type":"Polygon","arcs":[[-7819,-7832,-7888]],"properties":{"市区町村名":"留萌市","大字名":"南町","丁目名":"２丁目","小字名":null,"地番":"181-1","精度区分":null,"座標系":"任意座標系"}},{"type":"Polygon","arcs":[[7888,-7831,-1982,-1989,-2033,-2165,-2166]],"properties":{"市区町村名":"留萌市","大字名":"南町","丁目名":"２丁目","小字名":null,"地番":"173","精度区分":null,"座標系":"任意座標系"}},{"type":"Polygon","arcs":[[7889,-7839,-7829,7890]],"properties":{"市区町村名":"留萌市","大字名":"南町","丁目名":"２丁目","小字名":null,"地番":"174","精度区分":null,"座標系":"任意座標系"}},{"type":"Polygon","arcs":[[7891,-7840,-7890,7892]],"properties":{"市区町村名":"留萌市","大字名":"南町","丁目名":"２丁目","小字名":null,"地番":"176","精度区分":null,"座標系":"任意座標系"}},{"type":"Polygon","arcs":[[-7823,-7826,-7841,-7892,7893,-2043,-2049]],"properties":{"市区町村名":"留萌市","大字名":"南町","丁目名":"２丁目","小字名":null,"地番":"178","精度区分":null,"座標系":"任意座標系"}},{"type":"Polygon","arcs":[[7894,-7891,-7889,-2162]],"properties":{"市区町村名":"留萌市","大字名":"南町","丁目名":"２丁目","小字名":null,"地番":"175","精度区分":null,"座標系":"任意座標系"}},{"type":"Polygon","arcs":[[-7893,-7895,-2160,-2158,-7894]],"properties":{"市区町村名":"留萌市","大字名":"南町","丁目名":"２丁目","小字名":null,"地番":"177","精度区分":null,"座標系":"任意座標系"}},{"type":"Polygon","arcs":[[7895,-7886,-7858,-7884]],"properties":{"市区町村名":"留萌市","大字名":"南町","丁目名":"２丁目","小字名":null,"地番":"115","精度区分":null,"座標系":"任意座標系"}},{"type":"Polygon","arcs":[[-7887,-7896,-7873,-7854]],"properties":{"市区町村名":"留萌市","大字名":"南町","丁目名":"２丁目","小字名":null,"地番":"116","精度区分":null,"座標系":"任意座標系"}},{"type":"Polygon","arcs":[[-7739,-7780,7896,7897]],"properties":{"市区町村名":"留萌市","大字名":"南町","丁目名":"２丁目","小字名":null,"地番":"90-1","精度区分":null,"座標系":"任意座標系"}},{"type":"Polygon","arcs":[[-7735,-7898,7898,7899]],"properties":{"市区町村名":"留萌市","大字名":"南町","丁目名":"２丁目","小字名":null,"地番":"90-2","精度区分":null,"座標系":"任意座標系"}},{"type":"Polygon","arcs":[[7900,7901,-7899]],"properties":{"市区町村名":"留萌市","大字名":"南町","丁目名":"２丁目","小字名":null,"地番":"91-2","精度区分":null,"座標系":"任意座標系"}},{"type":"Polygon","arcs":[[-7897,-7779,-1144,7902,7903,-7901]],"properties":{"市区町村名":"留萌市","大字名":"南町","丁目名":"２丁目","小字名":null,"地番":"91-1","精度区分":null,"座標系":"任意座標系"}},{"type":"Polygon","arcs":[[-1148,-1208,-1221,7904,7905,7906,7907,-7903]],"properties":{"市区町村名":"留萌市","大字名":"南町","丁目名":"２丁目","小字名":null,"地番":"93-1","精度区分":null,"座標系":"任意座標系"}},{"type":"Polygon","arcs":[[7908,-7907,-7769]],"properties":{"市区町村名":"留萌市","大字名":"南町","丁目名":"２丁目","小字名":null,"地番":"93-3","精度区分":null,"座標系":"任意座標系"}},{"type":"Polygon","arcs":[[-7770,-7906,7909]],"properties":{"市区町村名":"留萌市","大字名":"南町","丁目名":"２丁目","小字名":null,"地番":"93-2","精度区分":null,"座標系":"任意座標系"}},{"type":"Polygon","arcs":[[-1210,7910,-7771,-7910,-7905,-1220]],"properties":{"市区町村名":"留萌市","大字名":"南町","丁目名":"２丁目","小字名":null,"地番":"94-1","精度区分":null,"座標系":"任意座標系"}},{"type":"Polygon","arcs":[[-2790,-2926,-2924,-2577,-2905,-2997,-2902,-2890,-2911,-2918,-2909,-2780,-2885]],"properties":{"市区町村名":"留萌市","大字名":"泉町","丁目名":"１丁目","小字名":null,"地番":"46","精度区分":null,"座標系":"任意座標系"}},{"type":"Polygon","arcs":[[7911,7912,7913]],"properties":{"市区町村名":"留萌市","大字名":"南町","丁目名":"２丁目","小字名":null,"地番":"12-2","精度区分":null,"座標系":"任意座標系"}},{"type":"Polygon","arcs":[[7914,-1775,-1788,-7913]],"properties":{"市区町村名":"留萌市","大字名":"南町","丁目名":"２丁目","小字名":null,"地番":"12-1","精度区分":null,"座標系":"任意座標系"}},{"type":"Polygon","arcs":[[7915,7916,7917,-2503,-1718,-1714,-1717,-1720,-1724,-1711,-1692]],"properties":{"市区町村名":"留萌市","大字名":"南町","丁目名":"２丁目","小字名":null,"地番":"6-1","精度区分":"甲二","座標系":"任意座標系"}},{"type":"Polygon","arcs":[[-7742,7918,-1731,7919,7920,7921]],"properties":{"市区町村名":"留萌市","大字名":"南町","丁目名":"２丁目","小字名":null,"地番":"6-3","精度区分":"甲二","座標系":"任意座標系"}},{"type":"Polygon","arcs":[[7922,-7921,7923,-7917,7924]],"properties":{"市区町村名":"留萌市","大字名":"南町","丁目名":"２丁目","小字名":null,"地番":"6-2","精度区分":"甲二","座標系":"任意座標系"}},{"type":"Polygon","arcs":[[-7745,7925,-7925,-7916,-1696]],"properties":{"市区町村名":"留萌市","大字名":"南町","丁目名":"２丁目","小字名":null,"地番":"8-1","精度区分":null,"座標系":"任意座標系"}},{"type":"Polygon","arcs":[[-7744,-7743,-7922,-7923,-7926]],"properties":{"市区町村名":"留萌市","大字名":"南町","丁目名":"２丁目","小字名":null,"地番":"8-2","精度区分":null,"座標系":"任意座標系"}},{"type":"Polygon","arcs":[[-7671,-7684,7926,7927,7928]],"properties":{"市区町村名":"留萌市","大字名":"堀川町","丁目名":"３丁目","小字名":null,"地番":"99-1","精度区分":null,"座標系":"任意座標系"}},{"type":"Polygon","arcs":[[-7928,7929,-7620,7930]],"properties":{"市区町村名":"留萌市","大字名":"堀川町","丁目名":"３丁目","小字名":null,"地番":"99-2","精度区分":null,"座標系":"任意座標系"}},{"type":"Polygon","arcs":[[7931,7932,7933]],"properties":{"市区町村名":"留萌市","大字名":"堀川町","丁目名":"３丁目","小字名":null,"地番":"87-2","精度区分":null,"座標系":"任意座標系"}},{"type":"Polygon","arcs":[[-7688,7934,7935,-7934,7936,-7646]],"properties":{"市区町村名":"留萌市","大字名":"堀川町","丁目名":"３丁目","小字名":null,"地番":"87-1","精度区分":null,"座標系":"任意座標系"}},{"type":"Polygon","arcs":[[-7936,7937,7938]],"properties":{"市区町村名":"留萌市","大字名":"堀川町","丁目名":"３丁目","小字名":null,"地番":"90-1","精度区分":null,"座標系":"任意座標系"}},{"type":"Polygon","arcs":[[-7612,-7544,-7611,-7610,-7685,-7595,-7642,-7647,-7937,-7933,7939,-7617]],"properties":{"市区町村名":"留萌市","大字名":"堀川町","丁目名":"３丁目","小字名":null,"地番":"28","精度区分":null,"座標系":"任意座標系"}},{"type":"Polygon","arcs":[[-7935,-7632,7940]],"properties":{"市区町村名":"留萌市","大字名":"堀川町","丁目名":"３丁目","小字名":null,"地番":"91","精度区分":null,"座標系":"任意座標系"}},{"type":"Polygon","arcs":[[7941,7942,-6289,-6057]],"properties":{"市区町村名":"留萌市","大字名":"東雲町","丁目名":"１丁目","小字名":null,"地番":"1","精度区分":null,"座標系":"任意座標系"}},{"type":"Polygon","arcs":[[-6042,7943,-6286,7944]],"properties":{"市区町村名":"留萌市","大字名":"東雲町","丁目名":"１丁目","小字名":null,"地番":"6","精度区分":null,"座標系":"任意座標系"}},{"type":"Polygon","arcs":[[7945,7946,7947,-6290,-7943,7948]],"properties":{"市区町村名":"留萌市","大字名":"東雲町","丁目名":"１丁目","小字名":null,"地番":"29-6","精度区分":null,"座標系":"任意座標系"}},{"type":"Polygon","arcs":[[7949,-6294,7950,-7947]],"properties":{"市区町村名":"留萌市","大字名":"東雲町","丁目名":"１丁目","小字名":null,"地番":"29-4","精度区分":null,"座標系":"任意座標系"}},{"type":"Polygon","arcs":[[-6295,-7950,-7946,7951,-6060]],"properties":{"市区町村名":"留萌市","大字名":"東雲町","丁目名":"１丁目","小字名":null,"地番":"11","精度区分":null,"座標系":"任意座標系"}},{"type":"Polygon","arcs":[[7952,-7931,-7619,7953]],"properties":{"市区町村名":"留萌市","大字名":"堀川町","丁目名":"３丁目","小字名":null,"地番":"95-2","精度区分":null,"座標系":"任意座標系"}},{"type":"Polygon","arcs":[[-7658,-7929,-7953,-7938,-7941]],"properties":{"市区町村名":"留萌市","大字名":"堀川町","丁目名":"３丁目","小字名":null,"地番":"95-1","精度区分":null,"座標系":"任意座標系"}},{"type":"Polygon","arcs":[[-7686,-7597,7954,-7927,-7683]],"properties":{"市区町村名":"留萌市","大字名":"堀川町","丁目名":"３丁目","小字名":null,"地番":"106-1","精度区分":null,"座標系":"任意座標系"}},{"type":"Polygon","arcs":[[-7955,-7537,-7621,-7930]],"properties":{"市区町村名":"留萌市","大字名":"堀川町","丁目名":"３丁目","小字名":null,"地番":"106-2","精度区分":null,"座標系":"任意座標系"}},{"type":"Polygon","arcs":[[-7939,-7954,-7618,-7940,-7932]],"properties":{"市区町村名":"留萌市","大字名":"堀川町","丁目名":"３丁目","小字名":null,"地番":"90-2","精度区分":null,"座標系":"任意座標系"}},{"type":"Polygon","arcs":[[7955,7956,7957]],"properties":{"市区町村名":"留萌市","大字名":"堀川町","丁目名":"３丁目","小字名":null,"地番":"171-1","精度区分":null,"座標系":"任意座標系"}},{"type":"Polygon","arcs":[[7958,7959,7960]],"properties":{"市区町村名":"留萌市","大字名":"堀川町","丁目名":"３丁目","小字名":null,"地番":"166-1","精度区分":null,"座標系":"任意座標系"}},{"type":"Polygon","arcs":[[7961,7962,7963]],"properties":{"市区町村名":"留萌市","大字名":"堀川町","丁目名":"３丁目","小字名":null,"地番":"163-2","精度区分":null,"座標系":"任意座標系"}},{"type":"Polygon","arcs":[[7964,7965,7966]],"properties":{"市区町村名":"留萌市","大字名":"堀川町","丁目名":"３丁目","小字名":null,"地番":"169-2","精度区分":null,"座標系":"任意座標系"}},{"type":"Polygon","arcs":[[7967,-7965,7968]],"properties":{"市区町村名":"留萌市","大字名":"堀川町","丁目名":"３丁目","小字名":null,"地番":"172-2","精度区分":null,"座標系":"任意座標系"}},{"type":"Polygon","arcs":[[-7357,-7500,-7956,-7969,7969]],"properties":{"市区町村名":"留萌市","大字名":"堀川町","丁目名":"３丁目","小字名":null,"地番":"172-1","精度区分":null,"座標系":"任意座標系"}},{"type":"Polygon","arcs":[[-7958,7970,7971,7972,-7968]],"properties":{"市区町村名":"留萌市","大字名":"堀川町","丁目名":"３丁目","小字名":null,"地番":"171-2","精度区分":null,"座標系":"任意座標系"}},{"type":"Polygon","arcs":[[-7966,-7973,7973,7974,7975]],"properties":{"市区町村名":"留萌市","大字名":"堀川町","丁目名":"３丁目","小字名":null,"地番":"167-2","精度区分":null,"座標系":"任意座標系"}},{"type":"Polygon","arcs":[[-7975,7976,-7963,-7960]],"properties":{"市区町村名":"留萌市","大字名":"堀川町","丁目名":"３丁目","小字名":null,"地番":"166-2","精度区分":null,"座標系":"任意座標系"}},{"type":"Polygon","arcs":[[-7964,7977,7978]],"properties":{"市区町村名":"留萌市","大字名":"堀川町","丁目名":"３丁目","小字名":null,"地番":"164-2","精度区分":null,"座標系":"任意座標系"}},{"type":"Polygon","arcs":[[-7979,7979,7980]],"properties":{"市区町村名":"留萌市","大字名":"堀川町","丁目名":"３丁目","小字名":null,"地番":"164-1","精度区分":null,"座標系":"任意座標系"}},{"type":"Polygon","arcs":[[-7961,-7962,-7981,7981,7982,-7350,7983]],"properties":{"市区町村名":"留萌市","大字名":"堀川町","丁目名":"３丁目","小字名":null,"地番":"163-1","精度区分":null,"座標系":"任意座標系"}},{"type":"Polygon","arcs":[[7984,-7976,-7959,-7984,-7349,-7353]],"properties":{"市区町村名":"留萌市","大字名":"堀川町","丁目名":"３丁目","小字名":null,"地番":"167-1","精度区分":null,"座標系":"任意座標系"}},{"type":"Polygon","arcs":[[-7970,-7967,-7985,-7352,7985,-7354]],"properties":{"市区町村名":"留萌市","大字名":"堀川町","丁目名":"３丁目","小字名":null,"地番":"169-1","精度区分":null,"座標系":"任意座標系"}},{"type":"Polygon","arcs":[[7986,-7971,7987]],"properties":{"市区町村名":"留萌市","大字名":"堀川町","丁目名":"３丁目","小字名":null,"地番":"174-2","精度区分":null,"座標系":"任意座標系"}},{"type":"Polygon","arcs":[[-7502,7988,-7988,-7957]],"properties":{"市区町村名":"留萌市","大字名":"堀川町","丁目名":"３丁目","小字名":null,"地番":"174-1","精度区分":null,"座標系":"任意座標系"}},{"type":"Polygon","arcs":[[-7436,7989,-7982,7990]],"properties":{"市区町村名":"留萌市","大字名":"堀川町","丁目名":"３丁目","小字名":null,"地番":"44","精度区分":null,"座標系":"任意座標系"}},{"type":"Polygon","arcs":[[-7438,-7433,7991,-7990]],"properties":{"市区町村名":"留萌市","大字名":"堀川町","丁目名":"３丁目","小字名":null,"地番":"43","精度区分":null,"座標系":"任意座標系"}},{"type":"Polygon","arcs":[[-7992,-7434,-7429,-7983]],"properties":{"市区町村名":"留萌市","大字名":"堀川町","丁目名":"３丁目","小字名":null,"地番":"162","精度区分":null,"座標系":"任意座標系"}},{"type":"Polygon","arcs":[[-7977,-7363,7992,7993,7994,-7978]],"properties":{"市区町村名":"留萌市","大字名":"堀川町","丁目名":"３丁目","小字名":null,"地番":"165-2","精度区分":null,"座標系":"任意座標系"}},{"type":"Polygon","arcs":[[-7980,-7995,7995,-7991]],"properties":{"市区町村名":"留萌市","大字名":"堀川町","丁目名":"３丁目","小字名":null,"地番":"165-1","精度区分":null,"座標系":"任意座標系"}},{"type":"Polygon","arcs":[[-7338,7996,-7410,-7406,-7437,-7996,-7994,7997]],"properties":{"市区町村名":"留萌市","大字名":"堀川町","丁目名":"３丁目","小字名":null,"地番":"49","精度区分":null,"座標系":"任意座標系"}},{"type":"Polygon","arcs":[[-7948,7998,7999,-6291]],"properties":{"市区町村名":"留萌市","大字名":"東雲町","丁目名":"１丁目","小字名":null,"地番":"12-3","精度区分":null,"座標系":"任意座標系"}},{"type":"Polygon","arcs":[[-7951,-6293,-34,-6321,-6203,-6131,8000,-7999]],"properties":{"市区町村名":"留萌市","大字名":"東雲町","丁目名":"１丁目","小字名":null,"地番":"12-1","精度区分":null,"座標系":"任意座標系"}},{"type":"Polygon","arcs":[[-6043,-7945,-6292,-8000,-8001]],"properties":{"市区町村名":"留萌市","大字名":"東雲町","丁目名":"１丁目","小字名":null,"地番":"10","精度区分":null,"座標系":"任意座標系"}},{"type":"Polygon","arcs":[[-1849,-1663,-1873,-7731,8001,-1871,-1869]],"properties":{"市区町村名":"留萌市","大字名":"南町","丁目名":"２丁目","小字名":null,"地番":"55-1","精度区分":null,"座標系":"任意座標系"}},{"type":"Polygon","arcs":[[-1867,-8002,-7725,-1840]],"properties":{"市区町村名":"留萌市","大字名":"南町","丁目名":"２丁目","小字名":null,"地番":"55-2","精度区分":null,"座標系":"任意座標系"}},{"type":"Polygon","arcs":[[8002,8003,-7777,-7774,-7772,-7756]],"properties":{"市区町村名":"留萌市","大字名":"緑ケ丘町","丁目名":"１丁目","小字名":null,"地番":"30-44","精度区分":null,"座標系":"任意座標系"}},{"type":"Polygon","arcs":[[-7750,-7751,-7736,-7900,-7902,-7904,-7908,-7909,-7768,8004,-2454,-2450,-7776,-7778,-8004,8005,-1113,-1164]],"properties":{"市区町村名":"留萌市","大字名":"南町","丁目名":"２丁目","小字名":null,"地番":"85","精度区分":null,"座標系":"任意座標系"}},{"type":"Polygon","arcs":[[-8005,-7767,-7764]],"properties":{"市区町村名":"留萌市","大字名":"緑ケ丘町","丁目名":"１丁目","小字名":null,"地番":"30-45","精度区分":null,"座標系":"任意座標系"}},{"type":"Polygon","arcs":[[-7920,-1667,-1114,-8006,8006]],"properties":{"市区町村名":"留萌市","大字名":"緑ケ丘町","丁目名":"１丁目","小字名":null,"地番":"29-4","精度区分":null,"座標系":"任意座標系"}},{"type":"Polygon","arcs":[[-2504,-7918,8007,-7752,-2492,-2495,-23]],"properties":{"市区町村名":"留萌市","大字名":"緑ケ丘町","丁目名":"１丁目","小字名":null,"地番":"29-1","精度区分":null,"座標系":"任意座標系"}},{"type":"Polygon","arcs":[[-7924,-8007,-8003,-7755,-8008]],"properties":{"市区町村名":"留萌市","大字名":"緑ケ丘町","丁目名":"１丁目","小字名":null,"地番":"29-3","精度区分":null,"座標系":"任意座標系"}},{"type":"Polygon","arcs":[[8008,-3944,8009]],"properties":{"市区町村名":"留萌市","大字名":"野本町","丁目名":null,"小字名":null,"地番":"103-3","精度区分":null,"座標系":"任意座標系"}},{"type":"Polygon","arcs":[[8010,-8010,-3625,-3719,-3714]],"properties":{"市区町村名":"留萌市","大字名":"野本町","丁目名":null,"小字名":null,"地番":"103-2","精度区分":null,"座標系":"任意座標系"}},{"type":"Polygon","arcs":[[-3947,8011,8012,-3940]],"properties":{"市区町村名":"留萌市","大字名":"野本町","丁目名":null,"小字名":null,"地番":"117-3","精度区分":null,"座標系":"任意座標系"}},{"type":"Polygon","arcs":[[-3941,-8013,-3599,-3917]],"properties":{"市区町村名":"留萌市","大字名":"野本町","丁目名":null,"小字名":null,"地番":"117-2","精度区分":null,"座標系":"任意座標系"}},{"type":"Polygon","arcs":[[8013,8014,8015,8016,8017,8018]],"properties":{"市区町村名":"留萌市","大字名":"南町","丁目名":"１丁目","小字名":null,"地番":"33-3","精度区分":null,"座標系":"任意座標系"}},{"type":"Polygon","arcs":[[8019,8020,-8016]],"properties":{"市区町村名":"留萌市","大字名":"南町","丁目名":"１丁目","小字名":null,"地番":"33-4","精度区分":null,"座標系":"任意座標系"}},{"type":"Polygon","arcs":[[8021,-1641,-1832,-1834,-1818,-1791,-1797,-1800,8022,-1776,-7915,-7912,8023,-7746,-1708,-2284,8024,8025,-8017,-8021,8026,-2235,-2237,-2225,-2220]],"properties":{"市区町村名":"留萌市","大字名":"南町","丁目名":"１丁目","小字名":null,"地番":"40","精度区分":null,"座標系":"任意座標系"}},{"type":"Polygon","arcs":[[-8027,-8020,-8015,-2249,-2236]],"properties":{"市区町村名":"留萌市","大字名":"南町","丁目名":"１丁目","小字名":null,"地番":"34-1","精度区分":null,"座標系":"任意座標系"}},{"type":"Polygon","arcs":[[-2232,-2227,-2238,-2248,-8014,8027]],"properties":{"市区町村名":"留萌市","大字名":"南町","丁目名":"１丁目","小字名":null,"地番":"33-2","精度区分":null,"座標系":"任意座標系"}},{"type":"Polygon","arcs":[[8028,8029,8030]],"properties":{"市区町村名":"留萌市","大字名":"南町","丁目名":"４丁目","小字名":null,"地番":"87-9","精度区分":null,"座標系":"任意座標系"}},{"type":"Polygon","arcs":[[8031,-308,8032,-8031,8033]],"properties":{"市区町村名":"留萌市","大字名":"南町","丁目名":"４丁目","小字名":null,"地番":"87-6","精度区分":null,"座標系":"任意座標系"}},{"type":"Polygon","arcs":[[8034,8035,-309,-8032]],"properties":{"市区町村名":"留萌市","大字名":"南町","丁目名":"４丁目","小字名":null,"地番":"89-6","精度区分":null,"座標系":"任意座標系"}},{"type":"Polygon","arcs":[[8036,-8034,-8030,8037,8038]],"properties":{"市区町村名":"留萌市","大字名":"南町","丁目名":"４丁目","小字名":null,"地番":"87-2","精度区分":null,"座標系":"任意座標系"}},{"type":"Polygon","arcs":[[-388,8039,-8039,8040,8041,-385]],"properties":{"市区町村名":"留萌市","大字名":"南町","丁目名":"４丁目","小字名":null,"地番":"87-10","精度区分":null,"座標系":"任意座標系"}},{"type":"Polygon","arcs":[[8042,8043,8044,-8035,-8037]],"properties":{"市区町村名":"留萌市","大字名":"南町","丁目名":"４丁目","小字名":null,"地番":"89-1","精度区分":null,"座標系":"任意座標系"}},{"type":"Polygon","arcs":[[8045,-8041,-8038,-8029,8046]],"properties":{"市区町村名":"留萌市","大字名":"南町","丁目名":"４丁目","小字名":null,"地番":"87-4","精度区分":null,"座標系":"任意座標系"}},{"type":"Polygon","arcs":[[-8046,-380,-386,-8042]],"properties":{"市区町村名":"留萌市","大字名":"南町","丁目名":"４丁目","小字名":null,"地番":"87-8","精度区分":null,"座標系":"任意座標系"}},{"type":"Polygon","arcs":[[-3898,-3913,-3910,-3888,-3892,8047,-3900]],"properties":{"市区町村名":"留萌市","大字名":"野本町","丁目名":null,"小字名":null,"地番":"62-1","精度区分":null,"座標系":"任意座標系"}},{"type":"Polygon","arcs":[[-7415,8048,8049,8050,-7411]],"properties":{"市区町村名":"留萌市","大字名":"堀川町","丁目名":"３丁目","小字名":null,"地番":"53-2","精度区分":null,"座標系":"任意座標系"}},{"type":"Polygon","arcs":[[8051,-6053,8052,-8050]],"properties":{"市区町村名":"留萌市","大字名":"堀川町","丁目名":"３丁目","小字名":null,"地番":"53-1","精度区分":null,"座標系":"任意座標系"}},{"type":"Polygon","arcs":[[-8051,-8053,-6052,-7386,-7409,-7997,-7339,-7998,-7993,-7419,-7412]],"properties":{"市区町村名":"留萌市","大字名":"堀川町","丁目名":"３丁目","小字名":null,"地番":"50","精度区分":null,"座標系":"任意座標系"}},{"type":"Polygon","arcs":[[8053,8054,-8043,-8040]],"properties":{"市区町村名":"留萌市","大字名":"南町","丁目名":"４丁目","小字名":null,"地番":"89-8","精度区分":null,"座標系":"任意座標系"}},{"type":"Polygon","arcs":[[8055,-394,-390,8056,-8044,-8055]],"properties":{"市区町村名":"留萌市","大字名":"南町","丁目名":"４丁目","小字名":null,"地番":"89-7","精度区分":null,"座標系":"任意座標系"}},{"type":"Polygon","arcs":[[-393,-8056,-8054,-387,-324,-345]],"properties":{"市区町村名":"留萌市","大字名":"南町","丁目名":"４丁目","小字名":null,"地番":"90-1","精度区分":null,"座標系":"任意座標系"}},{"type":"Polygon","arcs":[[8057,-4183,-4241,8058,8059,8060]],"properties":{"市区町村名":"留萌市","大字名":"東雲町","丁目名":"３丁目","小字名":null,"地番":"151-2","精度区分":null,"座標系":"任意座標系"}},{"type":"Polygon","arcs":[[-8060,8061,-4243,-4245,-4115,8062,8063]],"properties":{"市区町村名":"留萌市","大字名":"東雲町","丁目名":"３丁目","小字名":null,"地番":"151-1","精度区分":null,"座標系":"任意座標系"}},{"type":"Polygon","arcs":[[8064,-8064,8065,8066]],"properties":{"市区町村名":"留萌市","大字名":"東雲町","丁目名":"３丁目","小字名":null,"地番":"150-1","精度区分":null,"座標系":"任意座標系"}},{"type":"Polygon","arcs":[[-8061,-8065,8067,8068]],"properties":{"市区町村名":"留萌市","大字名":"東雲町","丁目名":"３丁目","小字名":null,"地番":"150-3","精度区分":null,"座標系":"任意座標系"}},{"type":"Polygon","arcs":[[8069,-8068,-8067]],"properties":{"市区町村名":"留萌市","大字名":"東雲町","丁目名":"３丁目","小字名":null,"地番":"150-2","精度区分":null,"座標系":"任意座標系"}},{"type":"Polygon","arcs":[[8070,8071]],"properties":{"市区町村名":"留萌市","大字名":"東雲町","丁目名":"３丁目","小字名":null,"地番":"152-2","精度区分":null,"座標系":"任意座標系"}},{"type":"Polygon","arcs":[[8072,-8071]],"properties":{"市区町村名":"留萌市","大字名":"東雲町","丁目名":"３丁目","小字名":null,"地番":"152-1","精度区分":null,"座標系":"任意座標系"}},{"type":"Polygon","arcs":[[8073,8074,8075,8076,8077]],"properties":{"市区町村名":"留萌市","大字名":"南町","丁目名":"４丁目","小字名":null,"地番":"72-11","精度区分":null,"座標系":"任意座標系"}},{"type":"Polygon","arcs":[[-8077,8078,8079,8080]],"properties":{"市区町村名":"留萌市","大字名":"南町","丁目名":"４丁目","小字名":null,"地番":"72-10","精度区分":null,"座標系":"任意座標系"}},{"type":"Polygon","arcs":[[8081,8082,8083,-8079,-8076]],"properties":{"市区町村名":"留萌市","大字名":"南町","丁目名":"４丁目","小字名":null,"地番":"72-8","精度区分":null,"座標系":"任意座標系"}},{"type":"Polygon","arcs":[[8084,-448,8085,-8082,-8075]],"properties":{"市区町村名":"留萌市","大字名":"南町","丁目名":"４丁目","小字名":null,"地番":"72-12","精度区分":null,"座標系":"任意座標系"}},{"type":"Polygon","arcs":[[-451,8086,-8083,-8086,-447,-442]],"properties":{"市区町村名":"留萌市","大字名":"南町","丁目名":"４丁目","小字名":null,"地番":"73-9","精度区分":null,"座標系":"任意座標系"}},{"type":"Polygon","arcs":[[8087,-565,-559,-609,-610,-599,-600,-589,-590,-582,-580,8088,-511,-529,-530,-539,-540,-549,-550,-557,-509,-507,-555,-556,-546,-547,-537,-534,-526,-523,-519,8089,-652,-477,-479,-492,-494,-498,-505,-461,-458,-503,-504,-497,-489,-485,-486,-473,-475,8090,-8080,-8084,-8087,-450,-455,-456,-432,-436,-423,-422,-427,-430,-439,-446,-444,-449,-8085,-8074,8091,-787,-832,-835,-837,-816,-775,-754,-716,-720,-753,-636,-634,-621,-624,-644,-648,-613]],"properties":{"市区町村名":"留萌市","大字名":"南町","丁目名":"４丁目","小字名":null,"地番":"73-2","精度区分":null,"座標系":"任意座標系"}},{"type":"Polygon","arcs":[[-469,8092,-1137,-1601,-1608,-1198,-1205,-1244,-1374,-1370,-1368,-1366,-1143,-681,-783,-8092,-8078,-8081,-8091,-465,-462,-8090,-517,-515,-8089,-566,-651,-571]],"properties":{"市区町村名":"留萌市","大字名":"南町","丁目名":"４丁目","小字名":null,"地番":"72-1","精度区分":null,"座標系":"任意座標系"}},{"type":"Polygon","arcs":[[-1783,8093,8094,8095]],"properties":{"市区町村名":"留萌市","大字名":"南町","丁目名":"２丁目","小字名":null,"地番":"18-2","精度区分":null,"座標系":"任意座標系"}},{"type":"Polygon","arcs":[[-8095,8096,-1773,8097]],"properties":{"市区町村名":"留萌市","大字名":"南町","丁目名":"２丁目","小字名":null,"地番":"18-1","精度区分":null,"座標系":"任意座標系"}},{"type":"Polygon","arcs":[[-1753,-8097,-8094,-1785,-1777,-8023,-1799,-1803,-2186]],"properties":{"市区町村名":"留萌市","大字名":"南町","丁目名":"２丁目","小字名":null,"地番":"20","精度区分":null,"座標系":"任意座標系"}},{"type":"Polygon","arcs":[[-6893,-6889,-6669,-6775,-6892]],"properties":{"市区町村名":"留萌市","大字名":"堀川町","丁目名":"２丁目","小字名":null,"地番":"31-2","精度区分":null,"座標系":"任意座標系"}},{"type":"Polygon","arcs":[[-3990,-3983,-3681,-3991,8098,-3988,-3979]],"properties":{"市区町村名":"留萌市","大字名":"野本町","丁目名":null,"小字名":null,"地番":"70-1","精度区分":null,"座標系":"任意座標系"}},{"type":"Polygon","arcs":[[-8099,-3992,-3986,-3989]],"properties":{"市区町村名":"留萌市","大字名":"野本町","丁目名":null,"小字名":null,"地番":"69-2","精度区分":null,"座標系":"任意座標系"}},{"type":"Polygon","arcs":[[8099,8100,-3999,-3722,8101]],"properties":{"市区町村名":"留萌市","大字名":"野本町","丁目名":null,"小字名":null,"地番":"78-1","精度区分":null,"座標系":"任意座標系"}},{"type":"Polygon","arcs":[[8102,8103,-8100]],"properties":{"市区町村名":"留萌市","大字名":"野本町","丁目名":null,"小字名":null,"地番":"78-2","精度区分":null,"座標系":"任意座標系"}},{"type":"Polygon","arcs":[[-3945,-8009,-8011,-3713,-3717,-3727,-3730,-3733,-3957,-4000,-8101,-8104,8104]],"properties":{"市区町村名":"留萌市","大字名":"野本町","丁目名":null,"小字名":null,"地番":"81","精度区分":null,"座標系":"任意座標系"}},{"type":"Polygon","arcs":[[-7526,-7652,-7622,-7630,8105,-7375]],"properties":{"市区町村名":"留萌市","大字名":"堀川町","丁目名":"３丁目","小字名":null,"地番":"147","精度区分":null,"座標系":"任意座標系"}},{"type":"Polygon","arcs":[[-1786,-8096,8106,8107]],"properties":{"市区町村名":"留萌市","大字名":"南町","丁目名":"２丁目","小字名":null,"地番":"14-2","精度区分":null,"座標系":"任意座標系"}},{"type":"Polygon","arcs":[[-8107,-8098,-1771,8108]],"properties":{"市区町村名":"留萌市","大字名":"南町","丁目名":"２丁目","小字名":null,"地番":"14-1","精度区分":null,"座標系":"任意座標系"}},{"type":"Polygon","arcs":[[-1732,-7919,-7741,-7747,-8024,-7914,-1787,-8108,-8109]],"properties":{"市区町村名":"留萌市","大字名":"南町","丁目名":"２丁目","小字名":null,"地番":"11","精度区分":null,"座標系":"任意座標系"}},{"type":"Polygon","arcs":[[8109,-650,8110,8111]],"properties":{"市区町村名":"留萌市","大字名":"南町","丁目名":"４丁目","小字名":null,"地番":"74-5","精度区分":null,"座標系":"任意座標系"}},{"type":"Polygon","arcs":[[8112,-8112,8113,-647,-641,-645,-626,-633,-617,-871]],"properties":{"市区町村名":"留萌市","大字名":"南町","丁目名":"４丁目","小字名":null,"地番":"74-1","精度区分":null,"座標系":"任意座標系"}},{"type":"Polygon","arcs":[[-353,-378,8114,8115,-368]],"properties":{"市区町村名":"留萌市","大字名":"南町","丁目名":"４丁目","小字名":null,"地番":"85-7","精度区分":null,"座標系":"任意座標系"}},{"type":"Polygon","arcs":[[8116,-8033,-307,-369,-8116]],"properties":{"市区町村名":"留萌市","大字名":"南町","丁目名":"４丁目","小字名":null,"地番":"85-1","精度区分":null,"座標系":"任意座標系"}},{"type":"Polygon","arcs":[[-8047,-8117,-8115,-377]],"properties":{"市区町村名":"留萌市","大字名":"南町","丁目名":"４丁目","小字名":null,"地番":"85-3","精度区分":null,"座標系":"任意座標系"}},{"type":"Polygon","arcs":[[-873,-416,-418,-8110,-8113]],"properties":{"市区町村名":"留萌市","大字名":"南町","丁目名":"４丁目","小字名":null,"地番":"74-2","精度区分":null,"座標系":"任意座標系"}},{"type":"Polygon","arcs":[[8117,-207,-128]],"properties":{"市区町村名":"留萌市","大字名":"大和田","丁目名":"３丁目","小字名":null,"地番":"310","精度区分":null,"座標系":"任意座標系"}},{"type":"Polygon","arcs":[[-231,-237,8118]],"properties":{"市区町村名":"留萌市","大字名":"大和田","丁目名":"３丁目","小字名":null,"地番":"361","精度区分":null,"座標系":"任意座標系"}},{"type":"Polygon","arcs":[[-243,8119]],"properties":{"市区町村名":"留萌市","大字名":"大和田","丁目名":"３丁目","小字名":null,"地番":"412","精度区分":null,"座標系":"任意座標系"}},{"type":"Polygon","arcs":[[8120,8121,-8025,8122]],"properties":{"市区町村名":"留萌市","大字名":"南町","丁目名":"１丁目","小字名":null,"地番":"26-1","精度区分":null,"座標系":"任意座標系"}},{"type":"Polygon","arcs":[[8123,-8123,-2283,-2351,-2363,8124]],"properties":{"市区町村名":"留萌市","大字名":"南町","丁目名":"１丁目","小字名":null,"地番":"23-1","精度区分":null,"座標系":"任意座標系"}},{"type":"Polygon","arcs":[[-2403,8125,-8124,8126,-2368,-2360,-2355,-2334]],"properties":{"市区町村名":"留萌市","大字名":"南町","丁目名":"１丁目","小字名":null,"地番":"23-3","精度区分":null,"座標系":"任意座標系"}},{"type":"Polygon","arcs":[[-2338,8127,-8121,-8126]],"properties":{"市区町村名":"留萌市","大字名":"南町","丁目名":"１丁目","小字名":null,"地番":"26-3","精度区分":null,"座標系":"任意座標系"}},{"type":"Polygon","arcs":[[8128,8129,-8018,-8026,-8122]],"properties":{"市区町村名":"留萌市","大字名":"南町","丁目名":"１丁目","小字名":null,"地番":"27-1","精度区分":null,"座標系":"任意座標系"}},{"type":"Polygon","arcs":[[-2231,8130,8131,-8129,-8128]],"properties":{"市区町村名":"留萌市","大字名":"南町","丁目名":"１丁目","小字名":null,"地番":"27-3","精度区分":null,"座標系":"任意座標系"}},{"type":"Polygon","arcs":[[-8028,-8019,-8130,-8132,8132]],"properties":{"市区町村名":"留萌市","大字名":"南町","丁目名":"１丁目","小字名":null,"地番":"33-1","精度区分":null,"座標系":"任意座標系"}},{"type":"Polygon","arcs":[[-2233,-8133,-8131]],"properties":{"市区町村名":"留萌市","大字名":"南町","丁目名":"１丁目","小字名":null,"地番":"30-1","精度区分":null,"座標系":"任意座標系"}},{"type":"Polygon","arcs":[[-2362,-2366,-2369,-8127,-8125]],"properties":{"市区町村名":"留萌市","大字名":"南町","丁目名":"１丁目","小字名":null,"地番":"22-7","精度区分":null,"座標系":"任意座標系"}},{"type":"Polygon","arcs":[[-3525,-3528,8133,8134,-3776]],"properties":{"市区町村名":"留萌市","大字名":"野本町","丁目名":null,"小字名":null,"地番":"188-1","精度区分":null,"座標系":"任意座標系"}},{"type":"Polygon","arcs":[[-3542,-8135,8135,-3462,-3503]],"properties":{"市区町村名":"留萌市","大字名":"野本町","丁目名":null,"小字名":null,"地番":"188-3","精度区分":null,"座標系":"任意座標系"}},{"type":"Polygon","arcs":[[-6055,-6288,8136,8137,-6927,-7368,-7366,-6054,8138]],"properties":{"市区町村名":"留萌市","大字名":"東雲町","丁目名":"１丁目","小字名":null,"地番":"3-2","精度区分":null,"座標系":"任意座標系"}},{"type":"Polygon","arcs":[[-8138,8139,-6928]],"properties":{"市区町村名":"留萌市","大字名":"東雲町","丁目名":"１丁目","小字名":null,"地番":"3-1","精度区分":null,"座標系":"任意座標系"}},{"type":"Polygon","arcs":[[-8140,8140,-6929]],"properties":{"市区町村名":"留萌市","大字名":"東雲町","丁目名":"１丁目","小字名":null,"地番":"4-1","精度区分":null,"座標系":"任意座標系"}},{"type":"Polygon","arcs":[[-8137,-6287,-7944,-6041,-6930,-8141]],"properties":{"市区町村名":"留萌市","大字名":"東雲町","丁目名":"１丁目","小字名":null,"地番":"4-2","精度区分":null,"座標系":"任意座標系"}},{"type":"Polygon","arcs":[[-5800,8141,8142,-5779,-5833,-5832]],"properties":{"市区町村名":"留萌市","大字名":"東雲町","丁目名":"１丁目","小字名":null,"地番":"71-1","精度区分":null,"座標系":"任意座標系"}},{"type":"Polygon","arcs":[[-6398,-6402,-6408,-6422,8143,8144,-5796,-5723,-5533]],"properties":{"市区町村名":"留萌市","大字名":"東雲町","丁目名":"１丁目","小字名":null,"地番":"68-2","精度区分":null,"座標系":"任意座標系"}},{"type":"Polygon","arcs":[[-8142,-5799,-5804,-5802,-8145,8145]],"properties":{"市区町村名":"留萌市","大字名":"東雲町","丁目名":"１丁目","小字名":null,"地番":"68-1","精度区分":null,"座標系":"任意座標系"}},{"type":"Polygon","arcs":[[-8143,-8146,-8144,-6405,-5769]],"properties":{"市区町村名":"留萌市","大字名":"東雲町","丁目名":"１丁目","小字名":null,"地番":"68-3","精度区分":null,"座標系":"任意座標系"}},{"type":"Polygon","arcs":[[-2600,-2773,-3229,-3224,-2617]],"properties":{"市区町村名":"留萌市","大字名":"泉町","丁目名":"１丁目","小字名":null,"地番":"25-1","精度区分":null,"座標系":"任意座標系"}},{"type":"Polygon","arcs":[[8146,8147,8148,8149,-7541,-6934,8150]],"properties":{"市区町村名":"留萌市","大字名":"堀川町","丁目名":"１丁目","小字名":null,"地番":"18-38","精度区分":null,"座標系":"任意座標系"}},{"type":"Polygon","arcs":[[-7064,8151,-8149,8152,-7252]],"properties":{"市区町村名":"留萌市","大字名":"堀川町","丁目名":"１丁目","小字名":null,"地番":"28-6","精度区分":null,"座標系":"任意座標系"}},{"type":"Polygon","arcs":[[-7247,8153,-8147,8154]],"properties":{"市区町村名":"留萌市","大字名":"堀川町","丁目名":"１丁目","小字名":null,"地番":"28-4","精度区分":null,"座標系":"任意座標系"}},{"type":"Polygon","arcs":[[-8155,-8151,-6933,-7249]],"properties":{"市区町村名":"留萌市","大字名":"堀川町","丁目名":"１丁目","小字名":null,"地番":"28-2","精度区分":null,"座標系":"任意座標系"}},{"type":"Polygon","arcs":[[-7136,-7242,-7245,-7243,-7269,-7251,-8153,-8148,-8154,-7246,-7250,-6665]],"properties":{"市区町村名":"留萌市","大字名":"堀川町","丁目名":"１丁目","小字名":null,"地番":"28-1","精度区分":null,"座標系":"任意座標系"}},{"type":"Polygon","arcs":[[-7063,-7264,8155,-7605,-7546,-8150,-8152]],"properties":{"市区町村名":"留萌市","大字名":"堀川町","丁目名":"１丁目","小字名":null,"地番":"27-1","精度区分":null,"座標系":"任意座標系"}},{"type":"Polygon","arcs":[[-7260,8156,8157,8158]],"properties":{"市区町村名":"留萌市","大字名":"堀川町","丁目名":"１丁目","小字名":null,"地番":"22-3","精度区分":null,"座標系":"任意座標系"}},{"type":"Polygon","arcs":[[-7259,8159,8160,-8157]],"properties":{"市区町村名":"留萌市","大字名":"堀川町","丁目名":"１丁目","小字名":null,"地番":"22-2","精度区分":null,"座標系":"任意座標系"}},{"type":"Polygon","arcs":[[-7102,-7068,-7577,-7572,-7583,-7586,8161,-8160,-7258,-7268]],"properties":{"市区町村名":"留萌市","大字名":"堀川町","丁目名":"１丁目","小字名":null,"地番":"21","精度区分":null,"座標系":"任意座標系"}},{"type":"Polygon","arcs":[[-8158,-8161,-8162,-7585,-7614,-7603,-8156,8162]],"properties":{"市区町村名":"留萌市","大字名":"堀川町","丁目名":"１丁目","小字名":null,"地番":"17-12","精度区分":null,"座標系":"任意座標系"}},{"type":"Polygon","arcs":[[-7263,-7261,-8159,-8163]],"properties":{"市区町村名":"留萌市","大字名":"堀川町","丁目名":"１丁目","小字名":null,"地番":"22-4","精度区分":null,"座標系":"任意座標系"}}]}},"arcs":[[[729715,393716],[4634,1787]],[[734349,395503],[3251,-2437],[-2505,-3384]],[[735095,389682],[-5380,4034]],[[539054,755176],[332,90]],[[539386,755266],[1896,-2155]],[[541282,753111],[-161,-151]],[[541121,752960],[-2067,2216]],[[809434,444874],[-377,-1270]],[[809057,443604],[-557,605]],[[808500,444209],[934,665]],[[549139,661314],[4966,4858]],[[554105,666172],[1691,-1739]],[[555796,664433],[-4899,-4801]],[[550897,659632],[-1758,1682]],[[543811,419887],[66094,68545]],[[609905,488432],[-1339,-9770]],[[608566,478662],[-3204,-13332]],[[605362,465330],[-622,-2588]],[[604740,462742],[-2564,-10667]],[[602176,452075],[-414,-1722]],[[601762,450353],[-1546,-6435]],[[600216,443918],[-9240,-10055]],[[590976,433863],[-18450,-18191]],[[572526,415672],[-9992,-9851]],[[562534,405821],[-619,-611]],[[561915,405210],[-1930,-1902]],[[559985,403308],[-16174,16579]],[[436013,950554],[-12563,5049]],[[423450,955603],[285,7619]],[[423735,963222],[4794,-2131]],[[428529,961091],[-3265,-3248],[4257,-4317],[1813,1799],[4679,-4771]],[[560809,808744],[-2050,2109]],[[558759,810853],[977,966]],[[559736,811819],[2253,2228]],[[561989,814047],[-1180,-5303]],[[607518,375833],[-124,-126]],[[607394,375707],[-2077,2104]],[[605317,377811],[-68,69]],[[605249,377880],[124,125]],[[605373,378005],[2145,-2172]],[[602699,380464],[124,125]],[[602823,380589],[2550,-2584]],[[605249,377880],[-2550,2584]],[[427856,790841],[-8256,8656],[-7157,8050]],[[412443,807547],[-125,4121],[-1,39]],[[412317,811707],[18036,-18285]],[[430353,793422],[-2497,-2581]],[[712869,402148],[-225,304]],[[712644,402452],[2209,2203]],[[714853,404655],[16150,16099]],[[731003,420754],[729,727]],[[731732,421481],[4801,1945]],[[736533,423426],[2858,2279]],[[739391,425705],[8846,7055]],[[748237,432760],[7101,3779]],[[755338,436539],[22135,-9528]],[[777473,427011],[-13256,-6341],[-14945,-5590],[-36403,-12932]],[[777473,427011],[9184,21003],[26651,18370],[6708,389],[11923,20968]],[[831939,487741],[10688,4203]],[[842627,491944],[-1065,-4782]],[[841562,487162],[-7841,-4192],[-10738,-20463],[-8297,-193],[-3741,-2577]],[[810945,459737],[-10664,-7349]],[[800281,452388],[-3485,-2401]],[[796796,449987],[-918,-633]],[[795878,449354],[-3279,-2259]],[[792599,447095],[-1411,-972],[-6505,-15832]],[[784683,430291],[-1390,-3379]],[[783293,426912],[-5820,99]],[[690918,547549],[-42,2554]],[[690876,550103],[-53,3296]],[[690823,553399],[4496,4418]],[[695319,557817],[5811,5745]],[[701130,563562],[9081,8977]],[[710211,572539],[2610,2580]],[[712821,575119],[1264,1250]],[[714085,576369],[629,622]],[[714714,576991],[5027,4970]],[[719741,581961],[5540,5477]],[[725281,587438],[1420,1404]],[[726701,588842],[6993,6913]],[[733694,595755],[5900,5832]],[[739594,601587],[1026,1015]],[[740620,602602],[6417,6344]],[[747037,608946],[607,600]],[[747644,609546],[3463,-3530]],[[751107,606016],[-16698,-16499]],[[734409,589517],[-2165,-2139]],[[732244,587378],[-14702,-14528]],[[717542,572850],[-1293,-1277]],[[716249,571573],[-2592,-2562]],[[713657,569011],[-3201,-3162]],[[710456,565849],[-3244,-3205]],[[707212,562644],[-3210,-3172]],[[704002,559472],[-1955,-1931]],[[702047,557541],[-3346,-3307]],[[698701,554234],[-7767,-7674]],[[690934,546560],[-16,989]],[[495569,469337],[66631,66462]],[[562200,535799],[4423,-4517]],[[566623,531282],[43282,-42850]],[[543811,419887],[-48242,49450]],[[456450,532366],[2141,7166]],[[458591,539532],[40114,40096],[1817,1815],[7119,7115]],[[507641,588558],[918,-962],[2940,1974],[2457,2456],[1587,2786]],[[515543,594812],[283,-293]],[[515826,594519],[174,-180]],[[516000,594339],[46200,-58540]],[[495569,469337],[-23295,23879],[11210,11472],[-27034,27678]],[[457561,842342],[-4280,4369]],[[453281,846711],[2849,2843]],[[456130,849554],[3791,-3849]],[[459921,845705],[15,-1013],[-2375,-2350]],[[455200,840005],[-958,30],[-2733,2789],[103,94],[-1057,1074],[1250,1247]],[[451805,845239],[1476,1472]],[[457561,842342],[-2361,-2337]],[[449743,834606],[-4279,4366]],[[445464,838972],[2330,2304],[1019,-17],[3772,-3841]],[[452585,837418],[-2842,-2812]],[[445279,830188],[-413,1180],[-149,391]],[[444717,831759],[-1677,4816]],[[443040,836575],[2424,2397]],[[449743,834606],[-4464,-4418]],[[621295,109176],[11149,23920]],[[632444,133096],[3607,-468]],[[636051,132628],[-11992,-25875]],[[624059,106753],[-2764,2423]],[[593373,52378],[4758,11111]],[[598131,63489],[3872,4407],[4123,5022],[-1166,1000]],[[604960,73918],[1633,3527]],[[606593,77445],[4909,10593]],[[611502,88038],[2611,5636]],[[614113,93674],[4070,8785]],[[618183,102459],[2883,6222]],[[621066,108681],[229,495]],[[624059,106753],[-25029,-53833]],[[599030,52920],[-3110,-2942]],[[595920,49978],[-2547,2400]],[[599030,52920],[2795,2618],[-4592,-6794]],[[597233,48744],[-1313,1234]],[[597233,48744],[-430,-635]],[[596803,48109],[-1407,1389]],[[595396,49498],[524,480]],[[547629,2397],[-2577,-2397],[-20059,23440],[2978,1865],[9579,-11150],[168,-196]],[[537718,13959],[5907,-6893]],[[543625,7066],[4004,-4669]],[[621066,108681],[-2078,1177]],[[618988,109858],[437,958]],[[619425,110816],[1870,-1640]],[[619425,110816],[10137,22653],[5019,11224]],[[634581,144693],[1665,-464]],[[636246,144229],[1191,-340]],[[637437,143889],[-4993,-10793]],[[580401,33019],[1742,2045],[3057,5387]],[[585200,40451],[742,515]],[[585942,40966],[1278,-1766]],[[587220,39200],[-6755,-6278]],[[580465,32922],[-64,97]],[[585200,40451],[547,963],[5178,5250],[2448,5714]],[[595396,49498],[-2340,-2141]],[[593056,47357],[-2684,-2455]],[[590372,44902],[-3889,-3560],[-541,-376]],[[616179,103708],[2809,6150]],[[618183,102459],[-2004,1249]],[[614113,93674],[-2032,1060]],[[612081,94734],[4098,8974]],[[606593,77445],[-1940,1024]],[[604653,78469],[4840,10599]],[[609493,89068],[2009,-1030]],[[609493,89068],[2588,5666]],[[550005,11030],[535,150],[506,339],[3685,2500]],[[554731,14019],[956,-1446]],[[555687,12573],[-467,-3119]],[[555220,9454],[-2645,-2459]],[[552575,6995],[-2570,4035]],[[543625,7066],[677,3326]],[[544302,10392],[2713,-195],[1804,502]],[[548819,10699],[-1190,-8302]],[[537718,13959],[1895,-1229],[1179,-765],[3510,-1573]],[[590372,44902],[1261,-1599]],[[591633,43303],[-4413,-4103]],[[563591,20028],[5014,3402]],[[568605,23430],[629,-949]],[[569234,22481],[-4526,-4207]],[[564708,18274],[-1117,1754]],[[568605,23430],[1736,1178]],[[570341,24608],[451,-678]],[[570792,23930],[-1558,-1449]],[[570341,24608],[1980,1342]],[[572321,25950],[250,-366]],[[572571,25584],[-1779,-1654]],[[572321,25950],[1773,1203],[64,-94],[-1587,-1475]],[[561076,14898],[-1547,2375]],[[559529,17273],[4062,2755]],[[564708,18274],[-3632,-3376]],[[555687,12573],[1100,-1662]],[[556787,10911],[-1567,-1457]],[[548819,10699],[1186,331]],[[552575,6995],[-4946,-4598]],[[580465,32922],[-706,-657],[642,754]],[[593056,47357],[1370,-1457]],[[594426,45900],[-2793,-2597]],[[596803,48109],[-2377,-2209]],[[555687,12573],[348,2331]],[[556035,14904],[3494,2369]],[[561076,14898],[-4289,-3987]],[[554731,14019],[1304,885]],[[604960,73918],[-1714,1471]],[[603246,75389],[1407,3080]],[[615806,231471],[-552,2031]],[[615254,233502],[6964,3416],[2157,-1916],[-7670,-3160],[-590,-244],[-309,-127]],[[642184,209477],[-4509,13715]],[[637675,223192],[4981,-4423],[-472,-9292]],[[641032,171076],[169,5713],[4809,5409],[-44,-5518],[-2724,-3098]],[[643242,173582],[-2210,-2506]],[[646111,165921],[-533,470]],[[645578,166391],[-4565,4020]],[[641013,170411],[19,665]],[[643242,173582],[2775,-2457],[94,-5204]],[[637437,143889],[1568,3805]],[[639005,147694],[2608,6695],[4498,11532]],[[646111,165921],[2909,-2551],[-7893,-19773],[-5076,-10969]],[[604062,228012],[363,-1231]],[[604425,226781],[-8115,-3393],[-1005,-419],[-4839,-2023],[-759,-317],[-3803,-1523],[18158,8906]],[[604062,228012],[11192,5490]],[[615806,231471],[-2720,-1121],[-8661,-3569]],[[636246,144229],[1719,4381]],[[637965,148610],[1040,-916]],[[637965,148610],[3132,7537]],[[641097,156147],[2745,6276]],[[643842,162423],[1736,3968]],[[639974,156434],[439,5630]],[[640413,162064],[39,498]],[[640452,162562],[3390,-139]],[[641097,156147],[-1123,287]],[[637965,148610],[-1363,1241]],[[636602,149851],[2333,6830]],[[638935,156681],[1039,-247]],[[634581,144693],[2021,5158]],[[640452,162562],[504,5911],[57,1938]],[[640298,184576],[-1579,6491]],[[638719,191067],[2515,-241]],[[641234,190826],[-320,-6280]],[[640914,184546],[-616,30]],[[638719,191067],[-144,591]],[[638575,191658],[2688,-260]],[[641263,191398],[-29,-572]],[[636188,201471],[-1060,4361]],[[635128,205832],[3419,920]],[[638547,206752],[528,-2530]],[[639075,204222],[504,-2414]],[[639579,201808],[-2002,-199]],[[637577,201609],[-1389,-138]],[[635128,205832],[-211,1821]],[[634917,207653],[7267,1824]],[[642184,209477],[-1228,-2076]],[[640956,207401],[-2409,-649]],[[634917,207653],[-4836,20016]],[[630081,227669],[1874,603]],[[631955,228272],[5720,-5080]],[[630081,227669],[-1930,3981],[3804,-3378]],[[639075,204222],[1881,3179]],[[640956,207401],[1137,307]],[[642093,207708],[-52,-1029]],[[642041,206679],[-1143,34],[-85,-1531],[1149,-58]],[[641962,205124],[-158,-3095]],[[641804,202029],[-2225,-221]],[[642184,209477],[-91,-1769]],[[638575,191658],[-977,4015]],[[637598,195673],[3896,267]],[[641494,195940],[-231,-4542]],[[637598,195673],[-469,1932]],[[637129,197605],[4463,247]],[[641592,197852],[-98,-1912]],[[637129,197605],[-479,1966]],[[636650,199571],[5044,290]],[[641694,199861],[-102,-2009]],[[636650,199571],[-95,393]],[[636555,199964],[1022,1645]],[[641804,202029],[-110,-2168]],[[642041,206679],[-79,-1555]],[[636555,199964],[-367,1507]],[[721231,183684],[-5299,11921],[-3090,11581]],[[712842,207186],[-3413,17499]],[[709429,224685],[-3197,16313]],[[706232,240998],[-1758,9153]],[[704474,250151],[-4088,21279]],[[700386,271430],[-261,1356]],[[700125,272786],[-809,4213]],[[699316,276999],[-626,3261]],[[698690,280260],[-252,1309]],[[698438,281569],[-1463,7703]],[[696975,289272],[7253,-7362],[1375,1360]],[[705603,283270],[1707,-9114]],[[707310,274156],[235,-1256]],[[707545,272900],[600,-3188],[4445,-23908]],[[712590,245804],[4628,-24563],[4513,-24311]],[[721731,196930],[2034,-10752],[-2534,-2494]],[[698130,281400],[308,169]],[[698690,280260],[-303,-154]],[[698387,280106],[-257,1294]],[[699316,276999],[-277,-278]],[[699039,276721],[-652,3385]],[[647514,252226],[47728,26157]],[[695242,278383],[862,-4602]],[[696104,273781],[-1225,-1222]],[[694879,272559],[-1572,-1568]],[[693307,270991],[-12500,-12469]],[[680807,258522],[-14309,-14275]],[[666498,244247],[-5608,-5593]],[[660890,238654],[-13376,13572]],[[719664,182144],[-1823,3505]],[[717841,185649],[-1346,2589]],[[716495,188238],[-1060,5501]],[[715435,193739],[-806,4177]],[[714629,197916],[-621,3226]],[[714008,201142],[-229,1186]],[[713779,202328],[-352,1822]],[[713427,204150],[-585,3036]],[[721231,183684],[-1567,-1540]],[[712842,207186],[-848,3180]],[[711994,210366],[-585,2198],[-470,2433]],[[710939,214997],[-1844,9567]],[[709095,224564],[334,121]],[[709095,224564],[-3163,16405]],[[705932,240969],[300,29]],[[680384,218876],[3427,3361],[4170,-5305]],[[687981,216932],[-4189,-1514]],[[683792,215418],[-3408,3458]],[[715356,183179],[1777,1766]],[[717133,184945],[708,704]],[[719664,182144],[-1679,-1651],[-2629,2686]],[[717133,184945],[-638,3293]],[[716495,188238],[-354,659],[-1651,4479]],[[714490,193376],[945,363]],[[715356,183179],[-7496,7655]],[[707860,190834],[6630,2542]],[[713067,197237],[-601,1633],[-448,1246]],[[712018,200116],[1990,1026]],[[714629,197916],[-1562,-679]],[[713067,197237],[-8049,-3499]],[[705018,193738],[-1801,1839]],[[703217,195577],[1904,981]],[[705121,196558],[6897,3558]],[[708120,214163],[-1738,6747],[-505,2491]],[[705877,223401],[3218,1163]],[[710939,214997],[-2819,-834]],[[687981,216932],[625,226]],[[688606,217158],[17194,6215]],[[705800,223373],[77,28]],[[708120,214163],[-7642,-2259]],[[700478,211904],[-10272,-3038]],[[690206,208866],[-6414,6552]],[[699805,254212],[-2616,13773]],[[697189,267985],[420,85],[-407,2295],[2877,962]],[[700079,271327],[3052,-15827]],[[703131,255500],[-3326,-1288]],[[695242,278383],[3145,1723]],[[699039,276721],[-2935,-2940]],[[696509,271614],[-405,2167]],[[699039,276721],[779,-4039]],[[699818,272682],[-2858,-979],[-451,-89]],[[711994,210366],[-2688,-806]],[[709306,209560],[-1186,4603]],[[710925,203455],[-214,654],[-1405,5451]],[[713427,204150],[-2502,-695]],[[694879,272559],[244,-1219],[1386,274]],[[696509,271614],[680,-3629]],[[697189,267985],[-3193,-639]],[[693996,267346],[-689,3645]],[[699818,272682],[261,-1355]],[[704139,250269],[-10,56]],[[704129,250325],[-998,5175]],[[700079,271327],[307,103]],[[704474,250151],[-335,118]],[[699818,272682],[307,104]],[[705932,240969],[-1793,9300]],[[699222,252008],[-363,1838]],[[698859,253846],[946,366]],[[699805,254212],[491,-2583]],[[700296,251629],[-1074,379]],[[704129,250325],[-1415,976],[-988,-178]],[[701726,251123],[-1430,506]],[[704139,250269],[-2413,854]],[[701726,251123],[-1289,-234]],[[700437,250889],[-131,688]],[[700306,251577],[-10,52]],[[705932,240969],[-3545,-349]],[[702387,240620],[-1950,10269]],[[680384,218876],[-7919,8034]],[[672465,226910],[7164,1241]],[[679629,228151],[8977,-10993]],[[705800,223373],[-1743,9008]],[[704057,232381],[1820,-8980]],[[679629,228151],[24428,4230]],[[699757,206697],[-5741,-1722]],[[694016,204975],[-3810,3891]],[[700478,211904],[980,-4698]],[[701458,207206],[-1701,-509]],[[698805,200084],[-4789,4891]],[[699757,206697],[1097,-6043]],[[700854,200654],[-2049,-570]],[[711498,201705],[-573,1750]],[[713779,202328],[-2281,-623]],[[704033,199665],[-3801,-1039]],[[700232,198626],[-1427,1458]],[[700854,200654],[2581,717]],[[703435,201371],[598,-1706]],[[703217,195577],[-2985,3049]],[[704033,199665],[1088,-3107]],[[712018,200116],[-520,1589]],[[701458,207206],[7848,2354]],[[710925,203455],[-7490,-2084]],[[704033,199665],[7465,2040]],[[707860,190834],[-2842,2904]],[[713067,197237],[1423,-3861]],[[698130,281400],[-1583,8306]],[[696547,289706],[428,-434]],[[695014,279696],[3116,1704]],[[695242,278383],[-228,1313]],[[651826,312243],[4725,4730]],[[656551,316973],[4464,4424]],[[661015,321397],[3036,-3073],[15,-1092],[-8129,-8112],[-1044,6],[-3067,3117]],[[651826,312243],[-3861,3924]],[[647965,316167],[4718,4721]],[[652683,320888],[3868,-3915]],[[652683,320888],[4444,4446]],[[657127,325334],[3888,-3937]],[[652683,320888],[-3035,3073]],[[649648,323961],[4461,4429]],[[654109,328390],[3018,-3056]],[[648831,324788],[-4725,-4699]],[[644106,320089],[-1736,1764]],[[642370,321853],[1469,1442]],[[643839,323295],[110,-114],[3265,3245]],[[647214,326426],[1617,-1638]],[[647965,316167],[-3859,3922]],[[648831,324788],[817,-827]],[[648831,324788],[4457,4434]],[[653288,329222],[821,-832]],[[650727,331813],[-4469,-4420]],[[646258,327393],[-1289,1304]],[[644969,328697],[-1325,1342]],[[643644,330039],[4457,4434]],[[648101,334473],[2626,-2660]],[[647214,326426],[-956,967]],[[650727,331813],[2561,-2591]],[[643644,330039],[-2557,2589]],[[641087,332628],[4455,4437]],[[645542,337065],[2559,-2592]],[[641422,322817],[-1160,1178]],[[640262,323995],[4707,4702]],[[643839,323295],[-65,65]],[[643774,323360],[-876,896],[-1476,-1439]],[[643774,323360],[-1467,-1443]],[[642307,321917],[-885,900]],[[642370,321853],[-63,64]],[[645690,305797],[4413,4397]],[[650103,310194],[2925,-2966],[-45,-1058],[-3853,-3867]],[[649130,302303],[-3440,3494]],[[641299,301422],[4391,4375]],[[649130,302303],[-3812,-3824],[-1126,-2],[-2893,2945]],[[617804,325345],[36,1058],[3805,3817]],[[621645,330220],[514,-522]],[[622159,329698],[-4355,-4353]],[[621645,330220],[3860,3871],[1027,5],[14,-13]],[[626546,334083],[-4387,-4385]],[[596567,304120],[2,-146]],[[596569,303974],[-73,74]],[[596496,304048],[71,72]],[[632796,327744],[-4391,-4390]],[[628405,323354],[-3454,3508]],[[624951,326862],[4392,4383]],[[629343,331245],[3453,-3501]],[[624951,326862],[-2792,2836]],[[626546,334083],[2797,-2838]],[[628405,323354],[-4362,-4361]],[[624043,318993],[-3453,3516]],[[620590,322509],[4361,4353]],[[627465,315509],[-3422,3484]],[[628405,323354],[3428,-3483]],[[631833,319871],[-4368,-4362]],[[638560,321899],[-4390,-4402]],[[634170,317497],[-2337,2374]],[[631833,319871],[4396,4392]],[[636229,324263],[2331,-2364]],[[632796,327744],[3433,-3481]],[[636484,315148],[-1161,1178]],[[635323,316326],[-1153,1171]],[[638560,321899],[2312,-2344]],[[640872,319555],[-4388,-4407]],[[635323,316326],[-4353,-4387]],[[630970,311939],[-3505,3570]],[[638781,312814],[-4373,-4376]],[[634408,308438],[-3438,3501]],[[636484,315148],[2297,-2334]],[[643179,317215],[-4398,-4401]],[[640872,319555],[2307,-2340]],[[637837,304947],[-3429,3491]],[[638781,312814],[3433,-3486]],[[642214,309328],[-4377,-4381]],[[645690,305797],[-3476,3531]],[[642214,309328],[4400,4404]],[[646614,313732],[3489,-3538]],[[643179,317215],[3435,-3483]],[[641299,301422],[-3462,3525]],[[635061,295184],[4376,4342]],[[639437,299526],[2904,-2952],[18,-1053],[-3843,-3843]],[[638516,291678],[-3455,3506]],[[638516,291678],[-3853,-3851],[-1069,13],[-2931,2980]],[[630663,290820],[4398,4364]],[[609937,311897],[-2770,2817]],[[607167,314714],[4361,4358]],[[611528,319072],[2781,-2822]],[[614309,316250],[-4372,-4353]],[[607167,314714],[52,1100],[3789,3786]],[[611008,319600],[520,-528]],[[611008,319600],[3824,3820],[1043,-3]],[[615875,323417],[-4347,-4345]],[[615875,323417],[72,0],[2750,-2797]],[[618697,320620],[-4388,-4370]],[[619872,319426],[-4387,-4371]],[[615485,315055],[-1176,1195]],[[618697,320620],[1175,-1194]],[[617758,312748],[-931,946]],[[616827,313694],[-1342,1361]],[[619872,319426],[2274,-2314]],[[622146,317112],[-4388,-4364]],[[616827,313694],[-4370,-4360]],[[612457,309334],[-2520,2563]],[[613381,308395],[-924,939]],[[617758,312748],[-4377,-4353]],[[623999,315228],[-4358,-4391]],[[619641,310837],[-1883,1911]],[[622146,317112],[1853,-1884]],[[625563,313637],[-4383,-4363]],[[621180,309274],[-1539,1563]],[[623999,315228],[1564,-1591]],[[621180,309274],[-4377,-4359]],[[616803,304915],[-3422,3480]],[[620329,301329],[-3526,3586]],[[621180,309274],[3524,-3577]],[[624704,305697],[-4375,-4368]],[[632518,306564],[-4368,-4364]],[[628150,302200],[-3446,3497]],[[624704,305697],[4373,4367]],[[629077,310064],[3441,-3500]],[[625563,313637],[3514,-3573]],[[628150,302200],[-4377,-4373]],[[623773,297827],[-3444,3502]],[[627191,294351],[-3418,3476]],[[628150,302200],[3430,-3482]],[[631580,298718],[-4389,-4367]],[[635061,295184],[-3481,3534]],[[631580,298718],[4375,4351]],[[635955,303069],[3482,-3543]],[[632518,306564],[3437,-3495]],[[630663,290820],[-3472,3531]],[[625351,283610],[4363,4392]],[[629714,288002],[2024,-2056],[-8,-1024],[-3857,-3868]],[[627873,281054],[-2522,2556]],[[622967,277198],[-2951,2994]],[[620016,280192],[4373,4393]],[[624389,284585],[92,-93]],[[624481,284492],[870,-882]],[[627873,281054],[-3830,-3841],[-1076,-15]],[[600358,308948],[3824,3828],[1064,18]],[[605246,312794],[-4372,-4369]],[[600874,308425],[-516,523]],[[599655,308244],[515,-524]],[[600170,307720],[-3603,-3600]],[[596567,304120],[-13,1019],[3101,3105]],[[598772,301739],[-2203,2235]],[[600170,307720],[1986,-2020],[-3384,-3961]],[[606920,302295],[-4378,-4379]],[[602542,297916],[-3770,3823]],[[600170,307720],[704,705]],[[600874,308425],[2640,-2676]],[[603514,305749],[3406,-3454]],[[607906,310144],[-4392,-4395]],[[605246,312794],[50,0],[2610,-2650]],[[611310,306688],[-4390,-4393]],[[607906,310144],[3404,-3456]],[[606053,294355],[-3511,3561]],[[606920,302295],[3515,-3564]],[[610435,298731],[-4382,-4376]],[[618310,299580],[-4380,-4391]],[[613930,295189],[-3495,3542]],[[610435,298731],[4392,4385]],[[614827,303116],[3483,-3536]],[[611310,306688],[3517,-3572]],[[613930,295189],[-4375,-4387]],[[609555,290802],[-3502,3553]],[[612994,287315],[-3439,3487]],[[613930,295189],[3452,-3500]],[[617382,291689],[-4388,-4374]],[[625260,292524],[-4377,-4384]],[[620883,288140],[-3501,3549]],[[617382,291689],[4390,4377]],[[621772,296066],[3488,-3542]],[[618310,299580],[3462,-3514]],[[620883,288140],[-4380,-4385]],[[616503,283755],[-3509,3560]],[[623566,285420],[-4357,-4411]],[[619209,281009],[-2706,2746]],[[620883,288140],[2683,-2720]],[[620016,280192],[-807,817]],[[623566,285420],[823,-835]],[[624481,284492],[4369,4387]],[[628850,288879],[864,-877]],[[625260,292524],[3590,-3645]],[[633133,273652],[-3356,-3361]],[[629777,270291],[-4125,4184]],[[625652,274475],[3364,3362]],[[629016,277837],[4117,-4185]],[[680686,304907],[486,371]],[[681172,305278],[6022,-6099]],[[687194,299179],[-5238,-1000],[-1270,6728]],[[680686,304907],[-201,1067]],[[680485,305974],[687,-696]],[[669060,309127],[-3670,-3667],[-4336,4386]],[[661054,309846],[3898,3895]],[[664952,313741],[4318,-4404]],[[669270,309337],[-210,-210]],[[637209,286021],[23845,23825]],[[669060,309127],[7373,-7461]],[[676433,301666],[-31215,-23796]],[[645218,277870],[-8009,8151]],[[669270,309337],[3010,3008]],[[672280,312345],[964,963]],[[673244,313308],[2176,-2212]],[[675420,311096],[1130,-1146]],[[676550,309950],[3935,-3976]],[[680686,304907],[-4253,-3241]],[[664952,313741],[2990,2988]],[[667942,316729],[4338,-4384]],[[667942,316729],[969,968]],[[668911,317697],[4333,-4389]],[[632136,267898],[-2359,2393]],[[633133,273652],[3344,3349]],[[636477,277001],[3250,-3316]],[[639727,273685],[-5272,-4019]],[[634455,269666],[-2319,-1768]],[[636477,277001],[-4105,4188]],[[632372,281189],[4837,4832]],[[645218,277870],[-5491,-4185]],[[633731,266280],[-1595,1618]],[[634455,269666],[1299,-1328],[-2023,-2058]],[[629016,277837],[3356,3352]],[[647514,252226],[-909,995]],[[646605,253221],[48409,26475]],[[599655,308244],[703,704]],[[620590,322509],[-2786,2836]],[[696975,289272],[-3362,17632]],[[693613,306904],[-810,4268]],[[692803,311172],[-1160,6057]],[[691643,317229],[-54,281]],[[691589,317510],[-1209,6312]],[[690380,323822],[-356,1858]],[[690024,325680],[-1127,5886]],[[688897,331566],[-1095,5718]],[[687802,337284],[-626,3263]],[[687176,340547],[-2018,10537]],[[685158,351084],[-1385,7232]],[[683773,358316],[-2518,13146]],[[681255,371462],[-407,2125]],[[680848,373587],[6272,6258]],[[687120,379845],[2220,-11570]],[[689340,368275],[79,-414]],[[689419,367861],[1271,-6624]],[[690690,361237],[281,-1464]],[[690971,359773],[1152,-6004]],[[692123,353769],[674,-3514]],[[692797,350255],[908,-4728]],[[693705,345527],[301,-1571]],[[694006,343956],[567,-2958]],[[694573,340998],[2355,-12271]],[[696928,328727],[234,-1221]],[[697162,327506],[5862,-30550]],[[703024,296956],[669,-3489]],[[703693,293467],[1910,-10197]],[[638387,348612],[-1284,1302]],[[637103,349914],[1452,1446],[1580,1576]],[[640135,352936],[3025,3016],[19173,19119]],[[662333,375071],[736,733]],[[663069,375804],[449,-448]],[[663518,375356],[819,-815]],[[664337,374541],[-238,-237]],[[664099,374304],[-4794,-4790]],[[659305,369514],[-4731,-4728]],[[654574,364786],[-4756,-4751]],[[649818,360035],[-4789,-4786]],[[645029,355249],[-3301,-3298]],[[641728,351951],[-472,-472]],[[641256,351479],[-2869,-2867]],[[674853,386786],[-123,646]],[[674730,387432],[532,531]],[[675262,387963],[2233,2227]],[[677495,390190],[128,-612]],[[677623,389578],[-2770,-2792]],[[680420,375919],[-2932,-2933]],[[677488,372986],[-525,2751]],[[676963,375737],[-558,2922]],[[676405,378659],[2903,2887]],[[679308,381546],[642,-3064],[470,-2563]],[[677928,370679],[-440,2307]],[[680420,375919],[428,-2332]],[[680848,373587],[-2920,-2908]],[[688498,314037],[1030,1045]],[[689528,315082],[2115,2147]],[[692803,311172],[-316,-82],[812,-4343]],[[693299,306747],[-3136,-1569]],[[690163,305178],[-1665,8859]],[[696547,289706],[-2119,11005],[-1129,6036]],[[693299,306747],[314,157]],[[670484,323819],[-3832,-3841]],[[666652,319978],[-6282,6364]],[[660370,326342],[3822,3814]],[[664192,330156],[6292,-6337]],[[675420,311096],[6064,6049],[-6865,6972],[-6077,-6054]],[[668542,318063],[-1890,1915]],[[670484,323819],[5030,5040]],[[675514,328859],[1439,1443]],[[676953,330302],[3373,3380]],[[680326,333682],[3552,3559]],[[683878,337241],[200,201]],[[684078,337442],[3098,3105]],[[687802,337284],[-3093,-3087]],[[684709,334197],[-2129,-2125]],[[682580,332072],[-3529,-3522]],[[679051,328550],[-1729,-1727]],[[677322,326823],[-1313,-1310],[-24,-925],[2965,-3012]],[[678950,321576],[3063,-3111],[836,6],[3988,4006]],[[686837,322477],[111,112]],[[686948,322589],[339,-1869]],[[687287,320720],[-1686,-1691]],[[685601,319029],[-3042,-3052]],[[682559,315977],[-1482,-1487]],[[681077,314490],[-677,-679]],[[680400,313811],[-833,-835]],[[679567,312976],[-3017,-3026]],[[677322,326823],[3407,-3460]],[[680729,323363],[-1779,-1787]],[[680729,323363],[1718,1725]],[[682447,325088],[898,902]],[[683345,325990],[3492,-3513]],[[686948,322589],[3076,3091]],[[690380,323822],[-3093,-3102]],[[686948,322589],[-1134,5881]],[[685814,328470],[172,172]],[[685986,328642],[2911,2924]],[[683475,308993],[-2990,-3019]],[[679567,312976],[3908,-3983]],[[668911,317697],[-369,366]],[[660370,326342],[-4248,4303]],[[656122,330645],[24656,24673]],[[680778,355318],[1341,-7267]],[[682119,348051],[-4477,-4469]],[[677642,343582],[-3552,-3545]],[[674090,340037],[-706,-705]],[[673384,339332],[-4127,-4119]],[[669257,335213],[-5065,-5057]],[[680778,355318],[2995,2998]],[[685158,351084],[-3039,-3033]],[[680778,355318],[-2447,13253]],[[678331,368571],[772,764]],[[679103,369335],[2152,2127]],[[674009,364248],[-1258,1276]],[[672751,365524],[5102,5080]],[[677853,370604],[112,-114]],[[677965,370490],[366,-1919]],[[678331,368571],[-4322,-4323]],[[677965,370490],[1138,-1155]],[[683878,337241],[-6236,6341]],[[682119,348051],[1959,-10609]],[[656122,330645],[-7801,7903]],[[648321,338548],[6624,6627]],[[654945,345175],[4806,4808]],[[659751,349983],[4743,4745]],[[664494,354728],[4738,4741]],[[669232,359469],[4777,4779]],[[677965,370490],[-37,189]],[[642542,350171],[-2868,-2862]],[[639674,347309],[-1287,1303]],[[641256,351479],[1286,-1308]],[[669232,359469],[-1270,1286]],[[667962,360755],[4789,4769]],[[642307,344641],[-2633,2668]],[[642542,350171],[2625,-2670]],[[645167,347501],[-2860,-2860]],[[663069,375804],[4660,4648]],[[667729,380452],[858,855]],[[668587,381307],[2813,2805]],[[671400,384112],[2192,2185]],[[673592,386297],[1138,1135]],[[674853,386786],[-11335,-11430]],[[677928,388122],[-2796,-2794]],[[675132,385328],[-279,1458]],[[677623,389578],[305,-1456]],[[676405,378659],[-851,4460]],[[675554,383119],[2831,2826]],[[678385,385945],[923,-4399]],[[657135,352630],[-4798,-4799]],[[652337,347831],[-1405,1426]],[[650932,349257],[-80,81]],[[650852,349338],[-140,143]],[[650712,349481],[4795,4797]],[[655507,354278],[1628,-1648]],[[653645,346498],[-1308,1333]],[[657135,352630],[1323,-1339]],[[658458,351291],[-4813,-4793]],[[646319,353940],[-1290,1309]],[[649818,360035],[1294,-1310]],[[651112,358725],[-4793,-4785]],[[643015,350643],[-1287,1308]],[[646319,353940],[-3304,-3297]],[[648321,338548],[-708,718]],[[647613,339266],[4640,4630],[-3308,3370]],[[648945,347266],[1987,1991]],[[653645,346498],[1300,-1323]],[[658458,351291],[1293,-1308]],[[674864,373637],[-5091,-5091]],[[669773,368546],[-1768,1794]],[[668005,370340],[5091,5092]],[[673096,375432],[1768,-1795]],[[668005,370340],[-1915,1943]],[[666090,372283],[5080,5103]],[[671170,377386],[1926,-1954]],[[650712,349481],[-1769,1796]],[[648943,351277],[4793,4793]],[[653736,356070],[1771,-1792]],[[650852,349338],[-6626,-6641]],[[644226,342697],[-1919,1944]],[[645167,347501],[475,475]],[[645642,347976],[3301,3301]],[[644305,342617],[-79,80]],[[648945,347266],[-4640,-4649]],[[647613,339266],[-3308,3351]],[[643015,350643],[-473,-472]],[[643015,350643],[2627,-2667]],[[666090,372283],[-691,701]],[[665399,372984],[251,250]],[[665650,373234],[4846,4836]],[[670496,378070],[674,-684]],[[660605,368199],[-1300,1315]],[[664099,374304],[1300,-1320]],[[665399,372984],[-4794,-4785]],[[660605,368199],[-4735,-4726]],[[655870,363473],[-1296,1313]],[[658458,351291],[4756,4736]],[[663214,356027],[1280,-1299]],[[663214,356027],[4748,4728]],[[662399,356852],[4735,4740]],[[667134,361592],[828,-837]],[[663214,356027],[-815,825]],[[662399,356852],[-518,525]],[[661881,357377],[4737,4738]],[[666618,362115],[516,-523]],[[655870,363473],[-4758,-4748]],[[678286,335761],[-4196,4276]],[[680326,333682],[-2040,2079]],[[674915,332383],[3371,3378]],[[676953,330302],[-2038,2081]],[[672298,332125],[-3041,3088]],[[673384,339332],[3017,-3096],[-2654,-2659]],[[673747,333577],[-1449,-1452]],[[672298,332125],[3216,-3266]],[[674915,332383],[-1168,1194]],[[685986,328642],[-255,256]],[[685731,328898],[-1022,5299]],[[691182,299910],[1131,-5917]],[[692313,293993],[-5119,5186]],[[687194,299179],[3988,731]],[[696547,289706],[-4234,4287]],[[691182,299910],[-1019,5268]],[[683345,325990],[2469,2480]],[[686291,312203],[-3732,3774]],[[685601,319029],[2434,-2446]],[[688035,316583],[404,-2229]],[[688439,314354],[-2148,-2151]],[[688035,316583],[1312,-1319]],[[689347,315264],[-908,-910]],[[685731,328898],[-3151,3174]],[[682447,325088],[-3396,3462]],[[685731,328898],[83,-428]],[[684989,310506],[-3912,3984]],[[686291,312203],[196,-198],[-1498,-1499]],[[683475,308993],[841,841]],[[684316,309834],[673,672]],[[688439,314354],[59,-317]],[[680400,313811],[3916,-3977]],[[689347,315264],[2242,2246]],[[689528,315082],[-181,182]],[[688035,316583],[-748,4137]],[[657135,352630],[4746,4747]],[[655507,354278],[4748,4748]],[[660255,359026],[1626,-1649]],[[653736,356070],[4749,4750]],[[658485,360820],[1770,-1794]],[[653736,356070],[-1885,1908]],[[651851,357978],[4741,4762]],[[656592,362740],[1893,-1920]],[[648943,351277],[-1871,1899]],[[647072,353176],[4779,4802]],[[651851,357978],[-739,747]],[[655870,363473],[722,-733]],[[647072,353176],[-753,764]],[[660605,368199],[707,-716]],[[661312,367483],[-4720,-4743]],[[661312,367483],[1907,-1929]],[[663219,365554],[-4734,-4734]],[[663219,365554],[1771,-1792]],[[664990,363762],[-4735,-4736]],[[664990,363762],[1628,-1647]],[[666618,362115],[4781,4781]],[[671399,366896],[1352,-1372]],[[664990,363762],[4783,4784]],[[669773,368546],[1626,-1650]],[[661312,367483],[4778,4800]],[[671399,366896],[5090,5092]],[[676489,371988],[1364,-1384]],[[677853,370604],[75,75]],[[676489,371988],[999,998]],[[676963,375737],[-2099,-2100]],[[670496,378070],[5058,5049]],[[676489,371988],[-1625,1649]],[[665650,373234],[-1313,1307]],[[664337,374541],[4856,4852]],[[669193,379393],[1303,-1323]],[[669193,379393],[5132,5128]],[[674325,384521],[1008,-248]],[[675333,384273],[221,-1154]],[[675132,385328],[-807,-807]],[[675333,384273],[-201,1055]],[[677928,388122],[457,-2177]],[[712590,245804],[406,-150]],[[712996,245654],[3294,-17519],[4307,-16220],[5564,-12230],[1964,-2444],[206,-3276],[-2017,-2010],[-4583,4975]],[[707545,272900],[346,142]],[[707891,273042],[347,-1844]],[[708238,271198],[4758,-25544]],[[707891,273042],[-237,1256]],[[707654,274298],[10675,4408]],[[718329,278706],[-4090,-3043]],[[714239,275663],[-6348,-2621]],[[703693,293467],[459,-463]],[[704152,293004],[3199,-17094]],[[707351,275910],[303,-1612]],[[707654,274298],[-344,-142]],[[714239,275663],[-6001,-4465]],[[707351,275910],[7663,6140]],[[715014,282050],[3315,-3344]],[[704152,293004],[10862,-10954]],[[710850,368703],[-4133,3954]],[[706717,372657],[-316,302]],[[706401,372959],[-3891,3721]],[[702510,376680],[718,-147],[9747,-8068],[2156,-1224]],[[715131,367241],[-1343,-1348]],[[713788,365893],[-2938,2810]],[[715131,367241],[2118,-1203],[3143,-3046]],[[720392,362992],[25189,-24098]],[[745581,338894],[-1163,-1135]],[[744418,337759],[-602,-587]],[[743816,337172],[-30028,28721]],[[720392,362992],[32222,-16152],[-2247,-4607]],[[750367,342233],[-4786,-3339]],[[752585,341123],[1047,-9964]],[[753632,331159],[-5918,5686]],[[747714,336845],[2653,5388]],[[750367,342233],[2218,-1110]],[[756770,343836],[371,741],[23247,-11712],[-359,-739]],[[780029,332126],[-23259,11710]],[[753632,331159],[24601,-2736]],[[778233,328423],[-4088,-8426],[-5024,-3717]],[[769121,316280],[-15489,14879]],[[745260,298629],[-26931,-19923]],[[718329,278706],[3057,8448]],[[721386,287154],[5985,16543],[14134,-2883]],[[741505,300814],[3755,-2185]],[[703024,296956],[319,315]],[[703343,297271],[809,-4267]],[[687120,379845],[13231,-2721]],[[700351,377124],[6050,-4165]],[[706401,372959],[-17061,-4684]],[[736561,330019],[-32688,25931]],[[703873,355950],[3341,3351]],[[707214,359301],[3121,3129]],[[710335,362430],[3453,3463]],[[743816,337172],[-7255,-7153]],[[755133,306940],[-8799,11139],[-1916,19680]],[[745581,338894],[2133,-2049]],[[769121,316280],[-10623,-7858]],[[758498,308422],[-3365,-1482]],[[697162,327506],[429,72],[809,-4263]],[[698400,323315],[1052,-5544]],[[699452,317771],[3891,-20500]],[[696928,328727],[10221,1888]],[[707149,330615],[2677,-2211]],[[709826,328404],[-5369,-1070],[528,-2735]],[[704985,324599],[-6585,-1284]],[[703343,297271],[20141,19856]],[[723484,317127],[3404,3357]],[[726888,320484],[1316,1296]],[[728204,321780],[3218,3173]],[[731422,324953],[5139,5066]],[[755133,306940],[-13628,-6126]],[[721386,287154],[-6372,-5104]],[[752585,341123],[2261,-1132],[800,1599]],[[755646,341590],[23278,-11742]],[[778924,329848],[-691,-1425]],[[755646,341590],[1124,2246]],[[780029,332126],[-1105,-2278]],[[758498,308422],[-13238,-9793]],[[699452,317771],[6603,1287]],[[706055,319058],[12209,2380]],[[718264,321438],[1993,-1647]],[[720257,319791],[3227,-2664]],[[720257,319791],[2993,3695]],[[723250,323486],[1811,-1494]],[[725061,321992],[1827,-1508]],[[700583,342135],[-6010,-1137]],[[694006,343956],[5969,1181],[608,-3002]],[[723250,323486],[-3319,2739]],[[719931,326225],[-3247,2680]],[[716684,328905],[-3345,2761]],[[713339,331666],[-3352,2766]],[[709987,334432],[-3278,2705]],[[706709,337137],[-3324,2744]],[[703385,339881],[-2745,2265],[-57,-11]],[[693705,345527],[5325,1038]],[[699030,346565],[2530,493]],[[701560,347058],[757,-3915],[2240,-1849]],[[704557,341294],[3302,-2724]],[[707859,338570],[3261,-2691]],[[711120,335879],[3371,-2783]],[[714491,333096],[3342,-2758]],[[717833,330338],[3252,-2683]],[[721085,327655],[3327,-2746]],[[724412,324909],[1938,-1600]],[[726350,323309],[-1289,-1317]],[[703385,339881],[-2984,-3695]],[[700401,336186],[-5828,4812]],[[726350,323309],[341,-281]],[[726691,323028],[1513,-1248]],[[703729,333439],[-3328,2747]],[[706709,337137],[-2980,-3698]],[[709987,334432],[-2999,-3684]],[[706988,330748],[-3259,2691]],[[710334,327985],[-508,419]],[[707149,330615],[-161,133]],[[713339,331666],[-3005,-3681]],[[716684,328905],[-3003,-3684]],[[713681,325221],[-1053,870]],[[712628,326091],[-2294,1894]],[[716908,322557],[-3227,2664]],[[719931,326225],[-3023,-3668]],[[718264,321438],[-1356,1119]],[[704985,324599],[1070,-5541]],[[712628,326091],[-7643,-1492]],[[701560,347058],[2724,270]],[[704284,347328],[3091,-2548]],[[707375,344780],[-2818,-3486]],[[692797,350255],[5306,1030]],[[698103,351285],[927,-4720]],[[698103,351285],[5239,1016],[942,-4973]],[[726691,323028],[289,71],[3074,2981]],[[730054,326080],[1368,-1127]],[[730054,326080],[-2790,2300]],[[727264,328380],[-3357,2769]],[[723907,331149],[-3238,2669]],[[720669,333818],[-3346,2759]],[[717323,336577],[-3352,2764]],[[713971,339341],[-3273,2698]],[[710698,342039],[-3323,2741]],[[692123,353769],[4222,833]],[[696345,354602],[4222,833]],[[700567,355435],[3168,625]],[[703735,356060],[138,-110]],[[710698,342039],[-2839,-3469]],[[713971,339341],[-2851,-3462]],[[717323,336577],[-2832,-3481]],[[720669,333818],[-2836,-3480]],[[723907,331149],[-2822,-3494]],[[727264,328380],[-2852,-3471]],[[703735,356060],[-1122,5982]],[[702613,362042],[2612,1554]],[[705225,363596],[1989,-4295]],[[690971,359773],[4227,824]],[[695198,360597],[1147,-5995]],[[696498,369823],[3581,993]],[[700079,370816],[889,-2653],[647,194]],[[701615,368357],[1440,-4256]],[[703055,364101],[-1034,-610],[-3564,-709]],[[698457,362782],[-1959,7041]],[[690690,361237],[4706,936]],[[695396,362173],[3061,609]],[[703055,364101],[3232,1909]],[[706287,366010],[1310,773]],[[707597,366783],[813,-1293]],[[708410,365490],[-3185,-1894]],[[702613,362042],[-3216,-627]],[[699397,361415],[-4199,-818]],[[689419,367861],[4378,1213]],[[693797,369074],[1599,-6901]],[[708410,365490],[1925,-3060]],[[707597,366783],[3253,1920]],[[699397,361415],[1170,-5980]],[[706717,372657],[-2707,-751]],[[704010,371906],[-3931,-1090]],[[696498,369823],[-2701,-749]],[[701615,368357],[3375,1010]],[[704990,369367],[1297,-3357]],[[704990,369367],[-980,2539]],[[700351,377124],[2159,-444]],[[585176,402668],[-1511,1527]],[[583665,404195],[627,2290],[1165,4530],[1408,1894],[590,793]],[[587455,413702],[1419,-1432]],[[588874,412270],[-558,-782],[-1384,-1938],[-290,-1147]],[[586642,408403],[-419,-1662]],[[586223,406741],[-438,-1738],[-502,-1916]],[[585283,403087],[-107,-419]],[[567508,361127],[4363,-4413],[49,-2670]],[[571920,354044],[-9065,-9036]],[[562855,345008],[4653,16119]],[[571920,354044],[1756,1751],[-5964,6040]],[[567712,361835],[300,1037]],[[568012,362872],[2450,-2490]],[[570462,360382],[2332,-2370]],[[572794,358012],[2596,-2637]],[[575390,355375],[-1414,-1413]],[[573976,353962],[-2192,-2190]],[[571784,351772],[-2560,-2558]],[[569224,349214],[-963,-962]],[[568261,348252],[-3439,-3436]],[[564822,344816],[-4301,-4297]],[[560521,340519],[-1088,1103],[3422,3386]],[[589676,310964],[5438,5440]],[[595114,316404],[3873,-3925],[-7,-667]],[[598980,311812],[-5106,-5104]],[[593874,306708],[-4198,4256]],[[636362,349177],[-722,713]],[[635640,349890],[1135,1131]],[[636775,351021],[1072,1070],[1571,1566]],[[639418,353657],[717,-721]],[[637103,349914],[-741,-737]],[[582218,365055],[3678,3678]],[[585896,368733],[1687,-1686]],[[587583,367047],[572,-577]],[[588155,366470],[-5792,-5796]],[[582363,360674],[-145,4381]],[[595171,386609],[2937,2993]],[[598108,389602],[4307,-4351]],[[602415,385251],[-2970,-2970]],[[599445,382281],[-4274,4328]],[[598108,389602],[248,252]],[[598356,389854],[4305,-4357]],[[602661,385497],[-246,-246]],[[589154,399169],[-3871,3918]],[[586223,406741],[5206,-5308],[-2275,-2264]],[[598108,389602],[-12932,13066]],[[589154,399169],[1333,-1349]],[[590487,397820],[2856,-2891]],[[593343,394929],[3293,-3333]],[[596636,391596],[1720,-1742]],[[595171,386609],[-11200,11342]],[[583971,397951],[1205,4717]],[[593831,401129],[-3344,-3309]],[[586642,408403],[7189,-7274]],[[595738,397310],[-2395,-2381]],[[593831,401129],[1476,-1491]],[[595307,399638],[906,-917]],[[596213,398721],[-959,-924],[484,-487]],[[596213,398721],[1405,-1421]],[[597618,397300],[-929,-944],[-951,954]],[[597618,397300],[2363,-2393]],[[599981,394907],[-3345,-3311]],[[599981,394907],[1822,-1841]],[[601803,393066],[4195,-4244]],[[605998,388822],[-2177,-2177],[-1160,-1148]],[[575390,355375],[823,-838],[6150,6137]],[[582363,360674],[436,-2278]],[[582799,358396],[1049,-5477]],[[583848,352919],[280,-1467]],[[584128,351452],[-4791,-2877],[-5361,5387]],[[590274,354609],[-4648,-4672]],[[585626,349937],[-1498,1515]],[[583848,352919],[4074,4076]],[[587922,356995],[1542,-1565]],[[589464,355430],[810,-821]],[[606048,318876],[-3658,3715]],[[602390,322591],[-2478,2515]],[[599912,325106],[-3566,3621]],[[596346,328727],[-708,720]],[[595638,329447],[-1632,1664]],[[594006,331111],[701,699]],[[594707,331810],[4452,4444]],[[599159,336254],[1090,-1102]],[[600249,335152],[1119,-1132]],[[601368,334020],[9858,-9968]],[[611226,324052],[-5178,-5176]],[[601368,334020],[4797,4790]],[[606165,338810],[2428,-2460]],[[608593,336350],[2144,-2174]],[[610737,334176],[2178,-2206]],[[612915,331970],[2378,-2411]],[[615293,329559],[707,-734]],[[616000,328825],[-4774,-4773]],[[572794,358012],[2954,2952]],[[575748,360964],[3194,3192]],[[578942,364156],[3421,-3482]],[[568012,362872],[1317,4562]],[[569329,367434],[4075,-4107]],[[573404,363327],[-2942,-2945]],[[567018,333933],[-6497,6586]],[[564822,344816],[4332,-4391]],[[569154,340425],[2040,-2069]],[[571194,338356],[53,-53]],[[571247,338303],[91,-92]],[[571338,338211],[-4320,-4278]],[[567508,361127],[204,708]],[[573404,363327],[2344,-2363]],[[573404,363327],[3203,3207]],[[576607,366534],[2335,-2378]],[[595397,367897],[-4346,-4344]],[[591051,363553],[-1544,1555]],[[589507,365108],[-1352,1362]],[[587583,367047],[4377,4391]],[[591960,371438],[3437,-3541]],[[624867,348236],[4859,4835]],[[629726,353071],[4514,-4575]],[[634240,348496],[-2042,-2042]],[[632198,346454],[-2805,-2803]],[[629393,343651],[-4526,4585]],[[629726,353071],[134,133]],[[629860,353204],[1263,1257]],[[631123,354461],[1129,1124]],[[632252,355585],[4523,-4564]],[[635640,349890],[-1276,-1271]],[[634364,348619],[-124,-123]],[[619747,334010],[-4454,-4451]],[[612915,331970],[4417,4392]],[[617332,336362],[52,52]],[[617384,336414],[2363,-2404]],[[619747,334010],[2701,2700]],[[622448,336710],[715,-726]],[[623163,335984],[-7163,-7159]],[[603960,341045],[-1753,1777]],[[602207,342822],[186,187]],[[602393,343009],[4536,4538]],[[606929,347547],[1764,-1780]],[[608693,345767],[-4733,-4722]],[[599159,336254],[-1742,1760]],[[597417,338014],[4790,4808]],[[603960,341045],[-4801,-4791]],[[597417,338014],[-570,578]],[[596847,338592],[4985,4987]],[[601832,343579],[561,-570]],[[625286,357835],[-131,-131]],[[625155,357704],[-2233,2263]],[[622922,359967],[131,130]],[[623053,360097],[2233,-2262]],[[625286,357835],[1275,1264]],[[626561,359099],[3778,3730]],[[630339,362829],[2376,-2406]],[[632715,360423],[-3751,-3752]],[[628964,356671],[-1278,-1280]],[[627686,355391],[-125,-125]],[[627561,355266],[-2406,2438]],[[622922,359967],[-2336,2369]],[[620586,362336],[129,129]],[[620715,362465],[590,-598]],[[621305,361867],[1748,-1770]],[[614132,369133],[-127,-128]],[[614005,369005],[-2032,2060]],[[611973,371065],[-74,75]],[[611899,371140],[126,128]],[[612025,371268],[2107,-2135]],[[616463,366772],[-128,-128]],[[616335,366644],[-2330,2361]],[[614132,369133],[2331,-2361]],[[622583,363137],[3668,3646]],[[626251,366783],[102,100]],[[626353,366883],[1735,-1764]],[[628088,365119],[-1529,-1514],[-2232,-2238]],[[624327,361367],[-1744,1770]],[[605317,377811],[-2013,-2012]],[[603304,375799],[-2606,2644],[2001,2021]],[[623053,360097],[1274,1270]],[[624327,361367],[2234,-2268]],[[619135,366592],[-1258,-1253]],[[617877,365339],[-1414,1433]],[[616463,366772],[1256,1260]],[[617719,368032],[1416,-1440]],[[623560,369529],[-4943,-4939]],[[618617,364590],[-740,749]],[[619135,366592],[3697,3679]],[[622832,370271],[728,-742]],[[602823,380589],[1278,1290],[2548,-2591]],[[606649,379288],[-1276,-1283]],[[608785,377116],[-1267,-1283]],[[606649,379288],[80,-82]],[[606729,379206],[2056,-2090]],[[609516,373555],[-2051,2079]],[[607465,375634],[-71,73]],[[607518,375833],[2123,-2150]],[[609641,373683],[-125,-128]],[[612025,371268],[-2384,2415]],[[609641,373683],[1258,1283]],[[610899,374966],[73,-74]],[[610972,374892],[2313,-2353]],[[613285,372539],[-1260,-1271]],[[608785,377116],[91,-93]],[[608876,377023],[2023,-2057]],[[613285,372539],[82,-82]],[[613367,372457],[2026,-2060]],[[615393,370397],[-1261,-1264]],[[599726,345718],[-4993,-4989]],[[594733,340729],[-732,740]],[[594001,341469],[4786,4800]],[[598787,346269],[199,201]],[[598986,346470],[740,-752]],[[596847,338592],[-1070,1081]],[[595777,339673],[-1044,1056]],[[599726,345718],[2106,-2139]],[[622583,363137],[-1278,-1270]],[[620715,362465],[4933,4933]],[[625648,367398],[603,-615]],[[622832,370271],[96,95]],[[622928,370366],[728,-741]],[[623656,369625],[-96,-96]],[[628088,365119],[2251,-2290]],[[616831,352210],[4888,4902]],[[621719,357112],[1399,-1420]],[[623118,355692],[-2816,-2804]],[[620302,352888],[-2086,-2077]],[[618216,350811],[-1385,1399]],[[621719,357112],[-822,834]],[[620897,357946],[2025,2021]],[[625155,357704],[-2037,-2012]],[[624867,348236],[-4565,4652]],[[627561,355266],[2165,-2195]],[[606848,339490],[-683,-680]],[[606165,338810],[-1114,1129]],[[605051,339939],[-1091,1106]],[[608693,345767],[4657,4647]],[[613350,350414],[4745,4736]],[[618095,355150],[2802,2796]],[[616831,352210],[-4862,-4874],[1366,-1386]],[[613335,345950],[-1940,-1932]],[[611395,344018],[-419,-417]],[[610976,343601],[-4128,-4111]],[[608894,336649],[-301,-299]],[[606848,339490],[2425,-2464]],[[609273,337026],[-379,-377]],[[600249,335152],[4802,4787]],[[632252,355585],[2628,2647]],[[634880,358232],[2184,-2212]],[[637064,356020],[2354,-2363]],[[627686,355391],[2174,-2187]],[[627326,341585],[-2846,-2845]],[[624480,338740],[-4465,4662]],[[620015,343402],[-2115,2207]],[[617900,345609],[-2396,2501]],[[615504,348110],[2712,2701]],[[629393,343651],[-2067,-2066]],[[628964,356671],[2159,-2210]],[[632715,360423],[2165,-2191]],[[636362,349177],[-1285,-1285]],[[635077,347892],[-713,727]],[[635077,347892],[-2149,-2148]],[[632928,345744],[-730,710]],[[632928,345744],[-4888,-4885]],[[628040,340859],[-714,726]],[[622448,336710],[1367,1366]],[[623815,338076],[665,664]],[[628040,340859],[-4877,-4875]],[[617813,345522],[-2428,2470]],[[615385,347992],[119,118]],[[617900,345609],[-87,-87]],[[615766,343485],[-2431,2465]],[[613335,345950],[2050,2042]],[[617813,345522],[-2047,-2037]],[[624480,338740],[-2351,2391]],[[622129,341131],[-2174,2212]],[[619955,343343],[60,59]],[[608894,336649],[2150,-2168]],[[611044,334481],[-307,-305]],[[619955,343343],[-2142,2179]],[[611044,334481],[4096,4074]],[[615140,338555],[2192,-2193]],[[615140,338555],[2771,2755]],[[617911,341310],[2177,-2208]],[[620088,339102],[-2704,-2688]],[[620088,339102],[2360,-2392]],[[620088,339102],[1383,1375]],[[621471,340477],[2344,-2401]],[[621471,340477],[658,654]],[[613826,341555],[-2431,2463]],[[615766,343485],[-1940,-1930]],[[613826,341555],[-415,-412]],[[613411,341143],[-2435,2458]],[[613411,341143],[-4138,-4117]],[[615766,343485],[2145,-2175]],[[620897,357946],[-1751,1777]],[[619146,359723],[-582,590]],[[618564,360313],[2022,2023]],[[597566,347503],[4720,4728]],[[602286,352231],[1219,-1229]],[[603505,351002],[-4519,-4532]],[[598787,346269],[-1221,1234]],[[613801,359778],[-761,766]],[[613040,360544],[2667,2669]],[[615707,363213],[760,-771]],[[616467,362442],[-2666,-2664]],[[611987,366987],[2018,2018]],[[616335,366644],[-2017,-2022]],[[614318,364622],[-2331,2365]],[[611987,366987],[-2031,2061]],[[609956,369048],[2017,2017]],[[598172,357271],[-445,-446]],[[597727,356825],[-231,232]],[[597496,357057],[-2158,2175]],[[595338,359232],[458,457]],[[595796,359689],[2376,-2418]],[[609594,373477],[-2017,-2015]],[[607577,371462],[-2122,2154]],[[605455,373616],[2010,2018]],[[609516,373555],[78,-78]],[[605455,373616],[-2151,2183]],[[593236,361350],[-750,756]],[[592486,362106],[-1435,1447]],[[595397,367897],[405,404]],[[595802,368301],[2180,-2187]],[[597982,366114],[-4280,-4295]],[[593702,361819],[-466,-469]],[[595338,359232],[-2102,2118]],[[593702,361819],[2094,-2130]],[[606929,347547],[135,135]],[[607064,347682],[4521,4523]],[[611585,352205],[1765,-1791]],[[611585,352205],[-560,568]],[[611025,352773],[120,120]],[[611145,352893],[4620,4620]],[[615765,357513],[573,-581]],[[616338,356932],[1757,-1782]],[[608923,354906],[122,121]],[[609045,355027],[2100,-2134]],[[611025,352773],[-2102,2133]],[[609045,355027],[4620,4616]],[[613665,359643],[2100,-2130]],[[616338,356932],[146,145]],[[616484,357077],[2662,2646]],[[616484,357077],[-576,580]],[[615908,357657],[2656,2656]],[[613665,359643],[-758,768]],[[612907,360411],[133,133]],[[613801,359778],[-136,-135]],[[604402,350390],[-748,761]],[[603654,351151],[4516,4520]],[[608170,355671],[753,-765]],[[608923,354906],[-4521,-4516]],[[603505,351002],[149,149]],[[604402,350390],[-146,-146]],[[604256,350244],[-4530,-4526]],[[582389,329823],[-5689,-5705]],[[576700,324118],[-1873,1899]],[[574827,326017],[3286,3327]],[[578113,329344],[805,-823],[2062,2018],[690,9],[719,-725]],[[578533,322260],[-1833,1858]],[[582389,329823],[1845,-1860]],[[584234,327963],[-5701,-5703]],[[601832,343579],[4535,4535]],[[606367,348114],[562,-567]],[[597566,347503],[-4789,-4796]],[[592777,342707],[-413,417]],[[592364,343124],[-1920,1941]],[[590444,345065],[3444,3456]],[[593888,348521],[1342,1346]],[[595230,349867],[2336,-2364]],[[594001,341469],[-1224,1238]],[[590444,345065],[-1396,1412]],[[589048,346477],[-1047,1059]],[[588001,347536],[4649,4662]],[[592650,352198],[1043,-1058]],[[593693,351140],[-1194,-1203],[1389,-1416]],[[588001,347536],[-2375,2401]],[[590274,354609],[795,-807]],[[591069,353802],[1581,-1604]],[[592059,361678],[-3417,-3427]],[[588642,358251],[-2971,3018]],[[585671,361269],[3836,3839]],[[592486,362106],[-427,-428]],[[585671,361269],[-2872,-2873]],[[593832,351280],[-1044,1056]],[[592788,352336],[844,846]],[[593632,353182],[1039,-1056]],[[594671,352126],[-839,-846]],[[593632,353182],[3425,3435]],[[597057,356617],[1035,-1048]],[[598092,355569],[-3421,-3443]],[[593693,351140],[139,140]],[[593832,351280],[1398,-1413]],[[598092,355569],[441,444]],[[598533,356013],[1239,-1248]],[[599772,354765],[169,-171]],[[599941,354594],[-4711,-4727]],[[597057,356617],[439,440]],[[597727,356825],[806,-812]],[[595138,358561],[-3415,-3440]],[[591723,355121],[-1267,1287]],[[590456,356408],[-1548,1573]],[[588908,357981],[-266,270]],[[592059,361678],[3079,-3117]],[[592054,354785],[-331,336]],[[595138,358561],[1919,-1944]],[[593632,353182],[-1578,1603]],[[588908,357981],[-986,-986]],[[592650,352198],[138,138]],[[590456,356408],[-992,-978]],[[592054,354785],[-985,-983]],[[581406,345274],[-982,-2227]],[[580424,343047],[-1322,1335]],[[579102,344382],[-7318,7390]],[[584128,351452],[-2722,-6178]],[[579058,336425],[-656,665]],[[578402,337090],[-1962,1986]],[[576440,339076],[437,436]],[[576877,339512],[969,965]],[[577846,340477],[2578,2570]],[[581406,345274],[1634,-1626]],[[583040,343648],[-1400,-1437],[919,-931]],[[582559,341280],[-1601,-2613],[-1900,-2242]],[[573437,336083],[-4307,-4291]],[[569130,331792],[-2112,2141]],[[571338,338211],[2099,-2128]],[[569588,331327],[-458,465]],[[573437,336083],[448,-454],[-4297,-4302]],[[576877,339512],[-2207,2240]],[[574670,341752],[-54,54]],[[574616,341806],[-2051,2081]],[[572565,343887],[-4304,4365]],[[569224,349214],[8622,-8737]],[[572565,343887],[-3411,-3462]],[[579102,344382],[-466,-1820],[-790,-2085]],[[576785,335481],[-5698,-5673]],[[571087,329808],[-1499,1519]],[[573437,336083],[3003,2993]],[[578402,337090],[-1617,-1609]],[[571247,338303],[3423,3449]],[[571194,338356],[3422,3450]],[[584128,351452],[-610,-4475],[-478,-3329]],[[589048,346477],[-4442,-4414]],[[584606,342063],[-1566,1585]],[[589570,337025],[-1416,-1420]],[[588154,335605],[-1790,1815]],[[586364,337420],[-3805,3860]],[[584606,342063],[2182,-2209],[911,16],[1972,1982],[710,-709]],[[590381,341143],[736,-736],[-2022,-2023],[-24,-853],[499,-506]],[[587401,327980],[4160,4169]],[[591561,332149],[1728,-1753]],[[593289,330396],[-4167,-4158]],[[589122,326238],[-1721,1742]],[[591561,332149],[1416,1417]],[[592977,333566],[1730,-1756]],[[594006,331111],[-717,-715]],[[585803,326380],[1598,1600]],[[589122,326238],[-1597,-1594]],[[587525,324644],[-1722,1736]],[[582191,333254],[-3133,3171]],[[586364,337420],[-4173,-4166]],[[588154,335605],[-4162,-4174]],[[583992,331431],[-1801,1823]],[[592364,343124],[-1983,-1981]],[[594001,341469],[-4431,-4444]],[[592977,333566],[4440,4448]],[[592977,333566],[-1631,1656]],[[591346,335222],[4431,4451]],[[591346,335222],[-1776,1803]],[[585803,326380],[-5701,-5711]],[[580102,320669],[-1569,1591]],[[584234,327963],[1569,-1583]],[[581809,318939],[-1707,1730]],[[587525,324644],[-5716,-5705]],[[587401,327980],[-1875,1898]],[[585526,329878],[4170,4162]],[[589696,334040],[1865,-1891]],[[585526,329878],[-1534,1553]],[[588154,335605],[1542,-1565]],[[574827,326017],[-3740,3791]],[[576785,335481],[2530,-2559],[6,-725],[-2023,-2020],[815,-833]],[[583992,331431],[-1603,-1608]],[[587128,323623],[-5003,-5004]],[[582125,318619],[-316,320]],[[587525,324644],[310,-313]],[[587835,324331],[-707,-708]],[[595114,316404],[-4002,4056]],[[591112,320460],[-2885,2924]],[[588227,323384],[-392,947]],[[595638,329447],[-4622,-4634],[-3,-917],[246,-251]],[[591259,323645],[3559,-3621]],[[594818,320024],[2459,-2503]],[[597277,317521],[3674,-3739]],[[600951,313782],[-1971,-1970]],[[588227,323384],[-433,-414],[-666,653]],[[591112,320460],[-5442,-5436]],[[585670,315024],[-3545,3595]],[[589676,310964],[-4006,4060]],[[596346,328727],[-5087,-5082]],[[597277,317521],[5113,5070]],[[606048,318876],[-5097,-5094]],[[599912,325106],[-5094,-5082]],[[599941,354594],[2179,-2196]],[[602120,352398],[166,-167]],[[604256,350244],[2111,-2130]],[[607064,347682],[-560,569]],[[606504,348251],[4521,4522]],[[606367,348114],[137,137]],[[606504,348251],[-2102,2139]],[[615765,357513],[143,144]],[[615908,357657],[-2107,2121]],[[616467,362442],[2097,-2129]],[[608292,355792],[4615,4619]],[[609045,355027],[-753,765]],[[608170,355671],[122,121]],[[609956,369048],[-2379,2414]],[[609594,373477],[2305,-2337]],[[617911,341310],[2044,2033]],[[615707,363213],[-1389,1409]],[[616335,366644],[2153,-2183]],[[618488,364461],[-2021,-2019]],[[618488,364461],[2098,-2125]],[[625648,367398],[100,100]],[[625748,367498],[605,-615]],[[625648,367398],[-2088,2131]],[[623656,369625],[2092,-2127]],[[620715,362465],[-2098,2125]],[[618488,364461],[129,129]],[[615393,370397],[2326,-2365]],[[671799,416375],[-4243,9330]],[[667556,425705],[-547,1202]],[[667009,426907],[376,376]],[[667385,427283],[1371,1372]],[[668756,428655],[2786,-2831]],[[671542,425824],[1430,-8278]],[[672972,417546],[-1173,-1171]],[[674165,411210],[-1193,6336]],[[672972,417546],[1523,1511],[1145,-6377],[-1475,-1470]],[[639418,353657],[3002,2993],[1756,1751]],[[644176,358401],[4794,4779]],[[648970,363180],[4741,4725]],[[653711,367905],[4793,4778]],[[658504,372683],[3121,3110]],[[661625,375793],[708,-722]],[[672887,387020],[2134,2127]],[[675021,389147],[241,-1184]],[[673592,386297],[-705,723]],[[675021,389147],[-2409,12531]],[[672612,401678],[4137,-4188]],[[676749,397490],[1331,-6717],[-585,-583]],[[672537,409587],[-1794,1813]],[[670743,411400],[-632,3289]],[[670111,414689],[1688,1686]],[[674165,411210],[-1628,-1623]],[[670350,407407],[-1297,6223]],[[669053,413630],[410,410]],[[669463,414040],[648,649]],[[670743,411400],[581,-3022]],[[671324,408378],[-974,-971]],[[587455,413702],[8123,10916]],[[595578,424618],[2121,-2146]],[[597699,422472],[-3026,-3281]],[[594673,419191],[-3087,-3347]],[[591586,415844],[-697,-755]],[[590889,415089],[-1518,-2125]],[[589371,412964],[-497,-694]],[[608566,478662],[1422,-1459]],[[609988,477203],[3187,-3269]],[[613175,473934],[407,-417],[-8220,-8187]],[[613175,473934],[5557,5534]],[[618732,479468],[1387,-1409]],[[620119,478059],[-5966,-5941]],[[614153,472118],[-4730,-4711]],[[609423,467407],[-459,-458]],[[608964,466949],[-2578,-2567]],[[606386,464382],[-1646,-1640]],[[609988,477203],[5524,5535]],[[615512,482738],[3220,-3270]],[[609905,488432],[5607,-5694]],[[602354,452252],[-178,-177]],[[606386,464382],[4031,-4097]],[[610417,460285],[-1726,-1720]],[[608691,458565],[-4362,-4345]],[[604329,454220],[-1975,-1968]],[[618479,460950],[-591,599]],[[617888,461549],[3388,3379]],[[621276,464928],[2609,2604]],[[623885,467532],[593,-601]],[[624478,466931],[-5999,-5981]],[[621276,464928],[-3079,3108]],[[618197,468036],[-568,573]],[[617629,468609],[2620,2626]],[[620249,471235],[730,-743]],[[620979,470492],[2906,-2960]],[[620249,471235],[-1304,1328],[3318,3318]],[[622263,475881],[2027,-2059]],[[624290,473822],[-3311,-3330]],[[617629,468609],[-3476,3509]],[[620119,478059],[2144,-2178]],[[624290,473822],[2634,-2676]],[[626924,471146],[882,-896]],[[627806,470250],[-3328,-3319]],[[613856,463711],[4341,4325]],[[617888,461549],[-959,-956]],[[616929,460593],[-3073,3118]],[[602354,452252],[3108,-3101]],[[605462,449151],[-1248,-1245]],[[604214,447906],[-2452,2447]],[[604329,454220],[3062,-3144]],[[607391,451076],[-1929,-1925]],[[604214,447906],[-3998,-3988]],[[608691,458565],[3085,-3114]],[[611776,455451],[-4385,-4375]],[[610417,460285],[2557,2547]],[[612974,462832],[475,473]],[[613449,463305],[407,406]],[[616929,460593],[-5153,-5142]],[[613449,463305],[-4026,4102]],[[612974,462832],[-4010,4117]],[[618552,401376],[-10678,10802]],[[607874,412178],[-1442,1459]],[[606432,413637],[-4355,4406]],[[602077,418043],[-4378,4429]],[[595578,424618],[27381,27323]],[[622959,451941],[2173,-2199]],[[625132,449742],[-1971,-1970]],[[623161,447772],[-2306,-2322]],[[620855,445450],[-3306,-3295]],[[617549,442155],[-3270,-3260]],[[614279,438895],[-2120,-2109]],[[612159,436786],[-3246,-3242]],[[608913,433544],[-3261,-3257]],[[605652,430287],[-3264,-3260]],[[602388,427027],[-3265,-3261],[4458,-4503]],[[603581,419263],[4390,-4434],[3274,3277]],[[611245,418106],[3236,3238]],[[614481,421344],[3270,3274]],[[617751,424618],[3214,3216],[-4379,4451]],[[616586,432285],[-4427,4501]],[[614279,438895],[4443,-4475]],[[618722,434420],[4393,-4426],[3226,3237]],[[626341,433231],[3282,3293],[-4348,4427]],[[625275,440951],[-4420,4499]],[[623161,447772],[4428,-4489]],[[627589,443283],[4383,-4445],[1975,1980]],[[633947,440818],[2116,-2142]],[[636063,438676],[-1964,-1970],[4414,-4467]],[[638513,432239],[2720,-2752]],[[641233,429487],[2709,-2743]],[[643942,426744],[2579,-2609]],[[646521,424135],[-2352,-2350]],[[644169,421785],[-2584,2624]],[[641585,424409],[-5410,5479]],[[636175,429888],[-4408,4465],[-6513,-6488],[4423,-4474]],[[629677,423391],[5414,-5476]],[[635091,417915],[-1259,-1259]],[[633832,416656],[-909,-909]],[[632923,415747],[-5420,5484]],[[627503,421231],[-2987,3023]],[[624516,424254],[-1424,1441],[-6490,-6498]],[[616602,419197],[-6499,-6508],[4422,-4448]],[[614525,408241],[5430,-5462]],[[619955,402779],[-1403,-1403]],[[625132,449742],[4431,-4486]],[[629563,445256],[-1974,-1973]],[[629563,445256],[4384,-4438]],[[638561,445442],[-4379,4433]],[[634182,449875],[6895,6895]],[[641077,456770],[4364,-4433]],[[645441,452337],[-6880,-6895]],[[636063,438676],[4412,-4466]],[[640475,434210],[-1962,-1971]],[[674165,411210],[2584,-13720]],[[672612,401678],[-1288,6700]],[[671324,408378],[1213,1209]],[[635231,442105],[-4372,4447]],[[630859,446552],[3323,3323]],[[638561,445442],[-3330,-3337]],[[630859,446552],[-4420,4496]],[[626439,451048],[3313,3311]],[[629752,454359],[4430,-4484]],[[651269,434067],[2417,2415]],[[653686,436482],[3712,3710]],[[657398,440192],[3830,-3891]],[[661228,436301],[-499,-499]],[[660729,435802],[-5631,-5615]],[[655098,430187],[-3829,3880]],[[653686,436482],[-5438,5529]],[[648248,442011],[3701,3715]],[[651949,445726],[5449,-5534]],[[645073,438824],[-4408,4469]],[[640665,443293],[6883,6904]],[[647548,450197],[4401,-4471]],[[648248,442011],[-3175,-3187]],[[641758,435497],[-4404,4474]],[[637354,439971],[3311,3322]],[[645073,438824],[-3315,-3327]],[[645909,428710],[-2709,2741]],[[643200,431451],[1281,1280]],[[644481,432731],[2703,-2746]],[[647184,429985],[-212,-213]],[[646972,429772],[-1063,-1062]],[[644481,432731],[-2723,2766]],[[645073,438824],[5438,-5515]],[[650511,433309],[-3327,-3324]],[[651269,434067],[-758,-758]],[[643200,431451],[-1967,-1964]],[[640475,434210],[2725,-2759]],[[645909,428710],[-1967,-1966]],[[662339,433685],[-1610,2117]],[[661228,436301],[1851,-1880]],[[663079,434421],[-740,-736]],[[651584,422964],[-1968,-1962]],[[649616,421002],[-1850,1872]],[[647766,422874],[1968,1963]],[[649734,424837],[1850,-1873]],[[651549,419045],[-1933,1957]],[[651584,422964],[1936,-1959]],[[653520,421005],[-1971,-1960]],[[667385,427283],[-574,633]],[[666811,427916],[-532,588]],[[666279,428504],[-2004,2635]],[[664275,431139],[-244,322]],[[664031,431461],[991,986]],[[665022,432447],[3734,-3792]],[[664031,431461],[-1692,2224]],[[663079,434421],[1943,-1974]],[[654588,422068],[4301,4278]],[[658889,426346],[2545,-2580]],[[661434,423766],[559,-566]],[[661993,423200],[653,-662]],[[662646,422538],[-799,-800]],[[661847,421738],[-3260,-3264]],[[658587,418474],[-225,-225]],[[658362,418249],[-3774,3819]],[[661993,423200],[3276,3206]],[[665269,426406],[215,-1026]],[[665484,425380],[-2838,-2842]],[[657296,417182],[-3776,3823]],[[653520,421005],[1068,1063]],[[658362,418249],[-1066,-1067]],[[669463,414040],[-2042,2064]],[[667421,416104],[-1295,6368]],[[666126,422472],[-307,1509]],[[665819,423981],[1040,1032]],[[666859,425013],[697,692]],[[666859,425013],[-278,1464]],[[666581,426477],[428,430]],[[666630,427738],[-351,766]],[[666811,427916],[-181,-178]],[[666630,427738],[-1361,-1332]],[[665269,426406],[-296,1410]],[[664973,427816],[-698,3323]],[[662339,433685],[-5390,-5373]],[[656949,428312],[-1851,1875]],[[667009,426907],[-379,831]],[[666581,426477],[-1097,-1097]],[[661434,423766],[3539,4050]],[[658889,426346],[5142,5115]],[[662696,420880],[-849,858]],[[665819,423981],[-3123,-3101]],[[667421,416104],[-4303,4350]],[[663118,420454],[3008,2018]],[[663118,420454],[-422,426]],[[665557,410133],[650,651]],[[666207,410784],[2846,2846]],[[670350,407407],[-1052,-1048]],[[669298,406359],[-3741,3774]],[[621975,437662],[3300,3289]],[[626341,433231],[-4366,4431]],[[618722,434420],[3253,3242]],[[617549,442155],[4426,-4493]],[[613359,429054],[3227,3231]],[[617751,424618],[-4392,4436]],[[603581,419263],[3267,3272]],[[606848,422535],[4397,-4429]],[[602388,427027],[4460,-4492]],[[613359,429054],[-4446,4490]],[[606848,422535],[3248,3251]],[[610096,425786],[4385,-4442]],[[610096,425786],[-4444,4501]],[[613359,429054],[-3263,-3268]],[[640875,418491],[-2584,2624]],[[638291,421115],[3294,3294]],[[644169,421785],[-3294,-3294]],[[629677,423391],[6498,6497]],[[638291,421115],[-3200,-3200]],[[662771,399842],[-1776,-1775]],[[660995,398067],[-5114,5193]],[[655881,403260],[3298,3285]],[[659179,406545],[5109,-5187]],[[664288,401358],[-1517,-1516]],[[618029,417752],[-1427,1445]],[[624516,424254],[-6487,-6502]],[[618029,417752],[2983,-3018]],[[621012,414734],[-6487,-6493]],[[621012,414734],[6491,6497]],[[632923,415747],[-12968,-12968]],[[595094,410837],[-4205,4252]],[[591586,415844],[4229,-4263]],[[595815,411581],[-721,-744]],[[588874,412270],[8061,-8135]],[[596935,404135],[-152,-153],[1419,-1434]],[[598202,402548],[-2895,-2910]],[[601803,393066],[2934,2922]],[[604737,395988],[4207,-4220]],[[608944,391768],[-2946,-2946]],[[596935,404135],[118,-120]],[[597053,404015],[1302,-1313],[-153,-154]],[[598202,402548],[900,-909],[-2889,-2918]],[[604737,395988],[-4190,4202],[-2929,-2890]],[[597053,404015],[2411,2403],[-123,124]],[[599341,406542],[739,740]],[[600080,407282],[3207,3208]],[[603287,410490],[3145,3147]],[[607874,412178],[-8103,-8104],[10692,-10787]],[[610463,393287],[-1519,-1519]],[[589371,412964],[3937,-3971]],[[593308,408993],[4224,-4261]],[[597532,404732],[-597,-597]],[[597532,404732],[1809,1810]],[[595094,410837],[-1786,-1844]],[[603287,410490],[-4311,4354]],[[598976,414844],[3101,3199]],[[598976,414844],[-4303,4347]],[[598976,414844],[-3161,-3263]],[[599341,406542],[-4247,4295]],[[595815,411581],[4265,-4299]],[[618552,401376],[-8089,-8089]],[[667019,381171],[859,856]],[[667878,382027],[709,-720]],[[667729,380452],[-710,719]],[[667878,382027],[2811,2802]],[[670689,384829],[711,-717]],[[640875,418491],[-4462,-4460]],[[636413,414031],[-919,935]],[[635494,414966],[-1662,1690]],[[642117,417231],[-4473,-4452]],[[637644,412779],[-1231,1252]],[[640875,418491],[1242,-1260]],[[639495,410897],[-526,535]],[[638969,411432],[-1325,1347]],[[642117,417231],[1854,-1883]],[[643971,415348],[-4476,-4451]],[[649667,409567],[-3778,3835]],[[645889,413402],[-1918,1946]],[[643971,415348],[3303,3285]],[[647274,418633],[5686,-5773]],[[652960,412860],[-3293,-3293]],[[642117,417231],[3301,3286]],[[645418,420517],[1856,-1884]],[[645889,413402],[-4457,-4475]],[[641432,408927],[-301,305]],[[641131,409232],[-1636,1665]],[[645197,405097],[-1992,2026]],[[643205,407123],[-1773,1804]],[[649667,409567],[-4470,-4470]],[[655881,403260],[-824,835]],[[655057,404095],[-1748,1774]],[[653309,405869],[-3642,3698]],[[652960,412860],[6219,-6315]],[[633099,379089],[-4684,-4686]],[[628415,374403],[-748,756]],[[627667,375159],[4696,4677]],[[632363,379836],[736,-747]],[[632874,369895],[-4786,-4776]],[[626353,366883],[4677,4667]],[[631030,371550],[104,104]],[[631134,371654],[1740,-1759]],[[631134,371654],[4683,4678]],[[635817,376332],[75,75]],[[635892,376407],[1740,-1771]],[[637632,374636],[-4758,-4741]],[[655057,404095],[-4486,-4464]],[[650571,399631],[-602,612]],[[649969,400243],[-1148,1168]],[[648821,401411],[4488,4458]],[[648821,401411],[-1130,1150]],[[647691,402561],[-2076,2111]],[[645615,404672],[-418,425]],[[654825,402208],[-3429,-3416]],[[651396,398792],[-825,839]],[[655881,403260],[-1056,-1052]],[[659952,397025],[-5127,5183]],[[660995,398067],[-1043,-1042]],[[659750,396823],[-3238,-3235]],[[656512,393588],[-5116,5204]],[[659952,397025],[-202,-202]],[[648585,389085],[1741,1739]],[[650326,390824],[1759,-1791]],[[652085,389033],[-1744,-1738]],[[650341,387295],[-1756,1790]],[[645445,385949],[-618,626]],[[644827,386575],[4878,4879]],[[649705,391454],[621,-630]],[[648585,389085],[-3140,-3136]],[[637632,374636],[4769,4750]],[[642401,379386],[4800,4782]],[[647201,384168],[3140,3127]],[[650341,387295],[2256,-2299]],[[652597,384996],[-3148,-3134]],[[649449,381862],[-4795,-4777]],[[644654,377085],[-4774,-4754]],[[639880,372331],[-4758,-4739]],[[635122,367592],[-3890,-3873]],[[631232,363719],[-893,-890]],[[663636,392828],[-3221,-3210]],[[660415,389618],[-1572,1599]],[[658843,391217],[-2260,2299]],[[656583,393516],[-71,72]],[[659750,396823],[3886,-3995]],[[654367,391308],[-2282,-2275]],[[649705,391454],[2273,2275]],[[651978,393729],[2389,-2421]],[[654367,391308],[1334,1328]],[[655701,392636],[2264,-2293]],[[657965,390343],[-1335,-1330]],[[656630,389013],[-2271,-2262]],[[654359,386751],[-1762,-1755]],[[661625,375793],[1779,1775]],[[663404,377568],[2269,2261]],[[665673,379829],[1346,1342]],[[656512,393588],[-882,-880]],[[655630,392708],[-4409,4466]],[[651221,397174],[-719,728]],[[650502,397902],[894,890]],[[656583,393516],[-882,-880]],[[655701,392636],[-71,72]],[[635892,376407],[4681,4675]],[[640573,381082],[82,82]],[[640655,381164],[1746,-1778]],[[640655,381164],[4663,4658]],[[645318,385822],[127,127]],[[645445,385949],[1756,-1781]],[[637868,383821],[-746,755]],[[637122,384576],[91,91]],[[637213,384667],[743,-757]],[[637956,383910],[-88,-89]],[[635817,376332],[-612,621]],[[635205,376953],[-2106,2136]],[[632363,379836],[66,66]],[[632429,379902],[4693,4674]],[[637868,383821],[2091,-2117]],[[639959,381704],[614,-622]],[[651978,393729],[-2086,2116]],[[649892,395845],[1329,1329]],[[637956,383910],[2086,-2123]],[[640042,381787],[-83,-83]],[[640042,381787],[4662,4665]],[[644704,386452],[614,-630]],[[640655,381164],[-613,623]],[[644704,386452],[123,123]],[[649705,391454],[-2087,2117]],[[647618,393571],[2274,2274]],[[623656,369625],[4261,4280]],[[627917,373905],[396,396]],[[628313,374301],[2106,-2133]],[[630419,372168],[-4671,-4670]],[[631134,371654],[-612,618]],[[630522,372272],[4683,4681]],[[630522,372272],[-2107,2131]],[[628313,374301],[102,102]],[[630522,372272],[-103,-104]],[[660319,387958],[-2354,2385]],[[657965,390343],[878,874]],[[660415,389618],[674,-685]],[[661089,388933],[103,-104]],[[661192,388829],[-873,-871]],[[667132,387625],[-3648,3691]],[[663484,391316],[3887,3869]],[[667371,395185],[234,234],[3612,-3717],[-1469,-1466]],[[669748,390236],[-2220,-2215]],[[667528,388021],[-396,-396]],[[667132,387625],[-2401,-2396]],[[664731,385229],[-1359,1382]],[[663372,386611],[-2180,2218]],[[661089,388933],[2395,2383]],[[665503,384443],[-772,786]],[[667528,388021],[3161,-3192]],[[667878,382027],[-2375,2416]],[[670689,384829],[2198,2191]],[[669748,390236],[3139,-3216]],[[662771,399842],[3921,-3969]],[[666692,395873],[-3056,-3045]],[[666692,395873],[679,-688]],[[637064,356020],[4760,4768]],[[641824,360788],[2352,-2387]],[[641824,360788],[4773,4781]],[[646597,365569],[2373,-2389]],[[642261,369934],[-2381,2397]],[[644654,377085],[2367,-2399]],[[647021,374686],[-4760,-4752]],[[637498,365180],[-2376,2412]],[[642261,369934],[-4763,-4754]],[[662504,385746],[-2185,2212]],[[663372,386611],[-868,-865]],[[646597,365569],[-2164,2178]],[[644433,367747],[4758,4739]],[[649191,372486],[2161,-2191]],[[651352,370295],[2359,-2390]],[[651352,370295],[4787,4786]],[[656139,375081],[2365,-2398]],[[664641,383581],[862,862]],[[667019,381171],[-2378,2410]],[[664641,383581],[-2137,2165]],[[658983,386624],[-2353,2389]],[[660319,387958],[-1336,-1334]],[[658983,386624],[-2269,-2264]],[[656714,384360],[-2355,2391]],[[659261,378203],[1773,1772]],[[661034,379975],[2370,-2407]],[[661625,375793],[-2364,2410]],[[661034,379975],[2265,2265]],[[663299,382240],[2374,-2411]],[[651812,379467],[-2363,2395]],[[652597,384996],[2352,-2398]],[[654949,382598],[-3137,-3131]],[[651812,379467],[-4791,-4781]],[[634880,358232],[889,885]],[[635769,359117],[3887,3872]],[[639656,362989],[2168,-2201]],[[631232,363719],[2372,-2406]],[[633604,361313],[-889,-890]],[[635769,359117],[-2165,2196]],[[637498,365180],[2158,-2191]],[[639656,362989],[4777,4758]],[[642261,369934],[2172,-2187]],[[647021,374686],[2170,-2200]],[[649191,372486],[4796,4776]],[[653987,377262],[2152,-2181]],[[651812,379467],[2175,-2205]],[[653987,377262],[3134,3122]],[[657121,380384],[2140,-2181]],[[659261,378203],[-3122,-3122]],[[654949,382598],[2172,-2214]],[[657121,380384],[1771,1765]],[[658892,382149],[2142,-2174]],[[654949,382598],[1765,1762]],[[656714,384360],[2178,-2211]],[[658892,382149],[2271,2261]],[[661163,384410],[2136,-2170]],[[658983,386624],[2180,-2214]],[[661163,384410],[1341,1336]],[[664641,383581],[-1342,-1341]],[[631030,371550],[-611,618]],[[637956,383910],[4671,4670]],[[642627,388580],[2077,-2128]],[[642627,388580],[113,113]],[[642740,388693],[2087,-2118]],[[642740,388693],[4878,4878]],[[637213,384667],[4682,4663]],[[641895,389330],[732,-750]],[[641895,389330],[109,109]],[[642004,389439],[736,-746]],[[642004,389439],[4889,4868]],[[646893,394307],[725,-736]],[[649892,395845],[-721,731]],[[649171,396576],[1331,1326]],[[646893,394307],[2278,2269]],[[658151,416317],[-1971,-1958]],[[656180,414359],[-847,857]],[[655333,415216],[1963,1966]],[[657296,417182],[855,-865]],[[644169,421785],[1249,-1268]],[[648486,426100],[-1965,-1965]],[[645909,428710],[2577,-2610]],[[647766,422874],[-1245,1261]],[[648486,426100],[1248,-1263]],[[658889,426346],[-1940,1966]],[[646972,429772],[3827,-3872]],[[650799,425900],[-1065,-1063]],[[655098,430187],[-4299,-4287]],[[652651,424027],[-1067,-1063]],[[650799,425900],[1852,-1873]],[[656949,428312],[-4298,-4285]],[[652651,424027],[1937,-1959]],[[655333,415216],[-3784,3829]],[[640475,434210],[1283,1287]],[[636063,438676],[1291,1295]],[[672612,401678],[-3974,4023]],[[668638,405701],[660,658]],[[696082,410644],[-7971,-8840]],[[688111,401804],[-4866,19332]],[[683245,421136],[-12633,49611]],[[670612,470747],[-3968,15296],[13420,-13560]],[[680064,472483],[16018,-61839]],[[675360,445554],[-4748,25193]],[[683245,421136],[-2939,-549]],[[680306,420587],[-2659,14339],[-812,4394],[-1475,6234]],[[687793,395921],[-1344,4053]],[[686449,399974],[1662,1830]],[[688111,401804],[1089,-4325],[-1407,-1558]],[[684524,397857],[1925,2117]],[[687793,395921],[-2398,-2656]],[[685395,393265],[-871,4592]],[[657550,484447],[-2799,10914]],[[654751,495361],[3083,3065]],[[657834,498426],[2193,-11507]],[[660027,486919],[-2477,-2472]],[[660603,474567],[-100,101]],[[660503,474668],[-664,676]],[[659839,475344],[-2289,9103]],[[660027,486919],[2050,-10878]],[[662077,476041],[-1474,-1474]],[[662543,473571],[6541,-34702]],[[669084,438869],[-698,707]],[[668386,439576],[-2668,12749],[-2460,10099]],[[663258,462424],[-1673,6865],[-322,-44],[-576,2467]],[[660687,471712],[1856,1859]],[[660687,471712],[-556,2382]],[[660131,474094],[472,473]],[[662077,476041],[466,-2470]],[[670402,431872],[-415,52],[-1601,7652]],[[669084,438869],[1318,-6997]],[[658120,469140],[2567,2572]],[[663258,462424],[-2778,-2780]],[[660480,459644],[-2360,9496]],[[668386,439576],[-4193,4254]],[[664193,443830],[-2277,10092],[-1436,5722]],[[660091,474263],[-252,1081]],[[660503,474668],[-412,-405]],[[652108,492736],[2643,2625]],[[657550,484447],[-2618,-2613]],[[654932,481834],[-2824,10902]],[[659839,475344],[-4382,4438]],[[655457,479782],[-525,2052]],[[660480,459644],[-5995,-5969]],[[654485,453675],[-5866,5950]],[[648619,459625],[9501,9515]],[[664193,443830],[-9708,9845]],[[660131,474094],[-40,169]],[[680306,420587],[877,-4677]],[[681183,415910],[-716,2138]],[[680467,418048],[-5107,27506]],[[686449,399974],[-2365,7037],[-2901,8899]],[[684260,397567],[264,290]],[[685395,393265],[-267,-295],[-868,4597]],[[684260,397567],[-1886,9988],[-1408,7810],[-499,2683]],[[681183,415910],[1590,-8814],[1751,-9239]],[[680064,472483],[8408,-8496],[12489,-47932],[-4879,-5411]],[[657534,471496],[2597,2598]],[[658120,469140],[-586,2356]],[[629924,585526],[-954,1501],[-2827,3708]],[[626143,590735],[525,525]],[[626668,591260],[4022,-4181],[337,-429]],[[631027,586650],[-1103,-1124]],[[646529,555667],[-1849,5072],[-648,-299],[-6823,13613],[-7285,11473]],[[631027,586650],[4154,-5271],[4816,-8010],[3870,-8056],[3631,-8680]],[[647498,556633],[-969,-966]],[[651254,545008],[-556,-960]],[[650698,544048],[-822,2556],[-3347,9063]],[[647498,556633],[1726,-4092],[2030,-7533]],[[654619,531927],[-2037,6265],[-1884,5856]],[[651254,545008],[3419,-13028]],[[654673,531980],[-54,-53]],[[654673,531980],[5856,-22246]],[[660529,509734],[-235,238]],[[660294,509972],[-5675,21955]],[[660294,509972],[-12658,12842]],[[647636,522814],[-460,1803]],[[647176,524617],[7443,7310]],[[650371,512265],[980,-3778]],[[651351,508487],[-3098,3149]],[[648253,511636],[2061,613]],[[650314,512249],[57,16]],[[657290,501403],[-3262,-3251]],[[654028,498152],[-2002,7726]],[[652026,505878],[953,951]],[[652979,506829],[4078,-4151],[233,-1275]],[[657290,501403],[544,-2977]],[[654751,495361],[-723,2791]],[[566623,531282],[5724,5716]],[[572347,536998],[48537,-49277]],[[620884,487721],[3168,-3216]],[[624052,484505],[3263,-3312]],[[627315,481193],[4802,-4876]],[[632117,476317],[-5193,-5171]],[[652000,505852],[-2130,2182],[-1500,-1481]],[[648370,506553],[-1643,6635]],[[646727,513188],[1526,-1552]],[[651351,508487],[675,-2609]],[[652026,505878],[-26,-26]],[[647176,524617],[-202,796]],[[646974,525413],[-1095,4296],[278,97],[-908,2826]],[[645249,532632],[-849,2642]],[[644400,535274],[-630,1961]],[[643770,537235],[-1837,5716],[-2177,5960]],[[639756,548911],[1394,1391]],[[641150,550302],[5379,5365]],[[633477,558105],[-1332,3291],[-4821,9540],[-5586,9045],[-2715,3647]],[[619023,583628],[1853,1849]],[[620876,585477],[2095,-2698],[7919,-12683],[6487,-12855],[-573,-282],[1309,-3569]],[[638113,553390],[-4636,4715]],[[620876,585477],[2294,2291]],[[623170,587768],[4547,-4491],[2207,2249]],[[641150,550302],[-3037,3088]],[[638113,553390],[1643,-4479]],[[639756,548911],[-2132,-2126]],[[637624,546785],[-1472,4709],[-2675,6611]],[[641117,534669],[-1835,6812],[-1658,5304]],[[643770,537235],[-2653,-2566]],[[641918,531689],[3331,943]],[[646974,525413],[-3165,-797]],[[643809,524616],[-1891,7073]],[[645485,518050],[-1676,6566]],[[647636,522814],[1021,-3939]],[[648657,518875],[-3172,-825]],[[623170,587768],[2973,2967]],[[633197,558389],[-1236,3048],[-4826,9546],[-5611,9042],[-2598,3506]],[[618926,583531],[97,97]],[[633477,558105],[-280,284]],[[637503,546664],[-1565,4966],[-2741,6759]],[[637624,546785],[-121,-121]],[[640979,534536],[-1926,7212],[-1550,4916]],[[641117,534669],[-138,-133]],[[639249,523467],[-3443,3491]],[[635806,526958],[4382,4241]],[[640188,531199],[1730,490]],[[643809,524616],[-4560,-1149]],[[645797,516828],[930,-3640]],[[646727,513188],[-166,168]],[[646561,513356],[-3895,3960]],[[642666,517316],[2109,549]],[[644775,517865],[1022,-1037]],[[645797,516828],[4517,-4579]],[[648370,506553],[860,-3469]],[[649230,503084],[-1714,-1712]],[[647516,501372],[-2152,2213],[3006,2968]],[[652000,505852],[-2770,-2768]],[[651346,495479],[2682,2673]],[[652108,492736],[-762,2743]],[[572347,536998],[23367,23357],[2818,28],[-1351,1438]],[[597181,561821],[861,860]],[[598042,562681],[27494,-27952]],[[625536,534729],[8925,-9073]],[[634461,525656],[2677,-2720]],[[637138,522936],[5528,-5620]],[[646561,513356],[-13244,-13222]],[[633317,500134],[-1718,-1716]],[[631599,498418],[-1201,-1199]],[[630398,497219],[-2992,-2986]],[[627406,494233],[-3007,-3003]],[[624399,491230],[-3515,-3509]],[[630819,484694],[-3504,-3501]],[[624052,484505],[3515,3499]],[[627567,488004],[3252,-3310]],[[636497,496891],[-3180,3243]],[[647516,501372],[-7786,-7778]],[[639730,493594],[-3233,3297]],[[624399,491230],[3168,-3226]],[[638030,491896],[-3245,3292]],[[634785,495188],[1712,1703]],[[639730,493594],[-1700,-1698]],[[627567,488004],[3011,2996]],[[630578,491000],[3245,-3306]],[[633823,487694],[-3004,-3000]],[[630578,491000],[-3172,3233]],[[630398,497219],[3184,-3229]],[[633582,493990],[-3004,-2990]],[[633582,493990],[1203,1198]],[[638030,491896],[-1200,-1198]],[[636830,490698],[-3248,3292]],[[634785,495188],[-3186,3230]],[[645797,516828],[-312,1222]],[[648657,518875],[1714,-6610]],[[598042,562681],[2585,2580]],[[600627,565261],[12,-2651],[26210,-26572]],[[626849,536038],[-1313,-1309]],[[600627,565261],[27525,-27923]],[[628152,537338],[-1303,-1300]],[[641918,531689],[-251,941]],[[641667,532630],[2733,2644]],[[641667,532630],[-550,2039]],[[636428,530134],[-2935,-832]],[[633493,529302],[-6644,6736]],[[628152,537338],[2610,2603]],[[630762,539941],[6741,6723]],[[640979,534536],[-4551,-4402]],[[634159,528627],[-666,675]],[[636428,530134],[-1675,-1621],[-594,114]],[[635806,526958],[-1647,1669]],[[636428,530134],[3760,1065]],[[630762,539941],[-27416,28035]],[[603346,567976],[10305,10289]],[[613651,578265],[19546,-19876]],[[613651,578265],[5275,5266]],[[600627,565261],[2719,2715]],[[641526,532493],[-547,2043]],[[641667,532630],[-141,-137]],[[641526,532493],[-1338,-1294]],[[634461,525656],[1345,1302]],[[639249,523467],[-2111,-531]],[[639249,523467],[5526,-5602]],[[645485,518050],[-710,-185]],[[651351,508487],[1628,-1658]],[[651346,495479],[-2116,7605]],[[563727,641018],[-18528,-18574]],[[545199,622444],[-257,258]],[[544942,622702],[-369,372],[18583,18492]],[[563156,641566],[571,-548]],[[563727,641018],[3016,-2894],[426,425],[23934,-23896],[16879,-16916],[7288,-8971]],[[615270,588766],[-16348,-16342]],[[598922,572424],[-1394,-1394]],[[597528,571030],[-41807,42678],[-7066,5252],[-3456,3484]],[[597181,561821],[-4412,4468]],[[592769,566289],[1345,1342]],[[594114,567631],[3414,3399]],[[598922,572424],[4424,-4448]],[[592769,566289],[-30569,-30490]],[[516000,594339],[4244,3481],[4688,4578],[3814,4518],[3017,3021],[1529,154],[3818,4176],[4653,4598],[-604,643]],[[541159,619508],[1008,995],[245,-249]],[[542412,620254],[51702,-52623]],[[515826,594519],[18021,17776]],[[533847,612295],[7312,7213]],[[507641,588558],[1867,1866],[420,421],[4784,4782]],[[514712,595627],[831,-815]],[[456450,532366],[-2484,2543],[1477,1477],[3148,3146]],[[558811,397969],[-3542,-3489]],[[555269,394480],[-2075,2149],[3545,3486]],[[556739,400115],[2072,-2146]],[[626143,590735],[-3677,5224]],[[622466,595959],[4202,-4699]],[[622466,595959],[-1882,2687]],[[620584,598646],[2294,-2318],[-412,-369]],[[590276,618708],[-22281,22442],[385,520],[-2639,2468]],[[565741,644138],[4950,4926]],[[570691,649064],[24730,-24990]],[[595421,624074],[-5145,-5366]],[[617194,590689],[-3227,4566],[-9288,10066],[-8602,8460],[-451,-461],[-5350,5388]],[[595421,624074],[25163,-25428]],[[622466,595959],[-5272,-5270]],[[620876,585477],[-3682,5212]],[[615270,588766],[1924,1923]],[[563156,641566],[2585,2572]],[[561057,398587],[-2868,2955]],[[558189,401542],[1796,1766]],[[561915,405210],[2865,-2956]],[[564780,402254],[-3723,-3667]],[[573712,383963],[-222,229]],[[573490,384192],[-2636,2721]],[[570854,386913],[786,772]],[[571640,387685],[5215,-5372],[1300,457]],[[578155,382770],[-690,-2680]],[[577465,380090],[-3753,3873]],[[576190,379961],[-3185,3300]],[[573005,383261],[707,702]],[[577465,380090],[-530,-2062]],[[576935,378028],[-745,1933]],[[573005,383261],[-228,237]],[[572777,383498],[713,694]],[[572777,383498],[-3492,3617]],[[569285,387115],[700,694]],[[569985,387809],[869,-896]],[[569285,387115],[-3531,-3500]],[[565754,383615],[-200,207]],[[565554,383822],[3549,3482]],[[569103,387304],[182,-189]],[[569214,380030],[-3460,3585]],[[572777,383498],[-3563,-3468]],[[569103,387304],[703,690]],[[569806,387994],[179,-185]],[[569103,387304],[-3712,3847]],[[565391,391151],[551,541]],[[565942,391692],[144,141]],[[566086,391833],[1192,-1231]],[[567278,390602],[2528,-2608]],[[565391,391151],[-3549,-3483]],[[561842,387668],[-3587,3717]],[[558255,391385],[3567,3464]],[[561822,394849],[3569,-3698]],[[565554,383822],[-3712,3846]],[[562403,395413],[110,107]],[[562513,395520],[1334,-1377]],[[563847,394143],[2239,-2310]],[[565942,391692],[-3539,3721]],[[561822,394849],[-3011,3120]],[[558811,397969],[680,669]],[[559491,398638],[790,-815]],[[560281,397823],[2232,-2303]],[[562403,395413],[-581,-564]],[[558255,391385],[-2986,3095]],[[568346,398576],[-3566,3678]],[[564780,402254],[600,591]],[[565380,402845],[10013,9861]],[[575393,412706],[3559,-3682]],[[578952,409024],[-10606,-10448]],[[565380,402845],[-2846,2976]],[[572526,415672],[2867,-2966]],[[568062,391371],[-784,-769]],[[563847,394143],[779,768]],[[564626,394911],[3436,-3540]],[[568062,391371],[3578,-3686]],[[568062,391371],[3724,3656]],[[571786,395027],[3575,-3687]],[[575361,391340],[-3721,-3655]],[[600216,443918],[-3782,-15738]],[[596434,428180],[-5458,5683]],[[564626,394911],[3720,3665]],[[568346,398576],[3440,-3549]],[[560281,397823],[776,764]],[[561057,398587],[3569,-3676]],[[559491,398638],[-2076,2142]],[[557415,400780],[774,762]],[[556739,400115],[676,665]],[[82833,679691],[2496,2530]],[[85329,682221],[3852,-727]],[[89181,681494],[-4033,-4100]],[[85148,677394],[-2315,2297]],[[71735,663756],[-3831,-3895]],[[67904,659861],[-1425,1418]],[[66479,661279],[3833,3888]],[[70312,665167],[1423,-1411]],[[109391,618416],[-3870,3835]],[[105521,622251],[87,89]],[[105608,622340],[99,-98]],[[105707,622242],[3763,-3745]],[[109470,618497],[-79,-81]],[[1454,639330],[17116,-17005]],[[18570,622325],[1400,-1392]],[[19970,620933],[7810,-7759]],[[27780,613174],[7730,-7680]],[[35510,605494],[8302,-8249]],[[43812,597245],[15279,-15181]],[[59091,582064],[1664,-1653]],[[60755,580411],[5797,-5761],[921,937]],[[67473,575587],[2666,2713]],[[70139,578300],[1393,1418]],[[71532,579718],[3045,3099]],[[74577,582817],[3032,3085]],[[77609,585902],[1000,1017]],[[78609,586919],[3542,3625]],[[82151,590544],[3039,3111]],[[85190,593655],[3463,3544]],[[88653,597199],[865,885]],[[89518,598084],[11687,11961]],[[101205,610045],[3391,3470]],[[104596,613515],[1334,-1326]],[[105930,612189],[-39539,-40241],[-7708,7651],[-58683,58246],[1454,1485]],[[43913,667060],[-1201,1195]],[[42712,668255],[-2172,2161]],[[40540,670416],[-1823,1815]],[[38717,672231],[-855,4267]],[[37862,676498],[1721,1756]],[[39583,678254],[2612,-2601]],[[42195,675653],[1718,-8593]],[[38688,679147],[-572,571],[-351,10017],[159,1434],[3382,-638]],[[41306,690531],[-339,-2170]],[[40967,688361],[-156,-1555]],[[40811,686806],[331,-5184]],[[41142,681622],[-2454,-2475]],[[71647,602804],[-2319,2249]],[[69328,605053],[1676,1717]],[[71004,606770],[4061,4161]],[[75065,610931],[1371,1404]],[[76436,612335],[897,919]],[[77333,613254],[2975,3049]],[[80308,616303],[1949,1997]],[[82257,618300],[621,636]],[[82878,618936],[3234,3315]],[[86112,622251],[1397,1430]],[[87509,623681],[-1609,1600]],[[85900,625281],[-2065,2056]],[[83835,627337],[-1837,1828]],[[81998,629165],[-539,536]],[[81459,629701],[-4442,4420]],[[77017,634121],[-1120,1114]],[[75897,635235],[-828,825]],[[75069,636060],[-3876,3856]],[[71193,639916],[-441,438]],[[70752,640354],[-7687,7649]],[[63065,648003],[-3465,3449]],[[59600,651452],[-5275,5248]],[[54325,656700],[-466,464]],[[53859,657164],[-627,624]],[[53232,657788],[-3047,3032]],[[50185,660820],[-3032,3016]],[[47153,663836],[-3240,3224]],[[42195,675653],[1439,-1432]],[[43634,674221],[258,-257]],[[43892,673964],[2169,-2160]],[[46061,671804],[2300,-2289]],[[48361,669515],[2270,-2260]],[[50631,667255],[3501,-3486]],[[54132,663769],[3480,-3464]],[[57612,660305],[5412,-5388]],[[63024,654917],[2292,-2282]],[[65316,652635],[1164,-1160]],[[66480,651475],[1683,-1675]],[[68163,649800],[2148,-2138]],[[70311,647662],[4166,-4147]],[[74477,643515],[3752,-3736]],[[78229,639779],[3693,-3677]],[[81922,636102],[3768,-3751],[1110,-1105],[869,-866]],[[87669,630380],[3254,-3239],[4846,4991]],[[95769,632132],[3409,-3393]],[[99178,628739],[89,-89]],[[99267,628650],[-559,-607]],[[98708,628043],[-2127,-2175]],[[96581,625868],[-2191,-2239]],[[94390,623629],[-3363,-3439]],[[91027,620190],[-2505,-2561]],[[88522,617629],[-2443,-2498]],[[86079,615131],[-2508,-2563]],[[83571,612568],[-2480,-2535]],[[81091,610033],[-2113,-2161]],[[78978,607872],[-849,-868]],[[78129,607004],[-3472,-3549]],[[74657,603455],[-1792,-1832]],[[72865,601623],[-1218,1181]],[[87669,630380],[4870,4966]],[[92539,635346],[3158,-3143]],[[95697,632203],[72,-71]],[[51118,682837],[-3577,3523]],[[47541,686360],[2480,2526]],[[50021,688886],[5937,-1121]],[[55958,687765],[-1755,-1786]],[[54203,685979],[-3085,-3142]],[[43565,684066],[5043,5087]],[[48608,689153],[1413,-267]],[[47541,686360],[-3103,-3161]],[[44438,683199],[-873,867]],[[43565,684066],[-2754,2740]],[[40967,688361],[1877,1880]],[[42844,690241],[5764,-1088]],[[41306,690531],[1538,-290]],[[43565,684066],[-2423,-2444]],[[67904,659861],[-4880,-4944]],[[57612,660305],[4872,4947]],[[62484,665252],[1133,-1127]],[[63617,664125],[134,-133]],[[63751,663992],[2728,-2713]],[[58393,681746],[-4190,4233]],[[55958,687765],[7049,-1331]],[[63007,686434],[-4614,-4688]],[[64585,670847],[-2863,2838]],[[61722,673685],[-2854,2830]],[[58868,676515],[-2846,2822]],[[56022,679337],[1191,1210]],[[57213,680547],[1180,1199]],[[63007,686434],[346,-65]],[[63353,686369],[292,-3154]],[[63645,683215],[-1213,-1233]],[[62432,681982],[-1773,-1802],[-27,-1619],[2977,-2958]],[[63609,675603],[817,-813]],[[64426,674790],[386,-4169]],[[64812,670621],[-227,226]],[[63617,664125],[1643,1667]],[[65260,665792],[23,-248],[-1532,-1552]],[[65260,665792],[2185,2217]],[[67445,668009],[2867,-2842]],[[67445,668009],[-2633,2612]],[[64426,674790],[2036,-2023]],[[66462,672767],[2862,-2845]],[[69324,669922],[2861,-2843]],[[72185,667079],[1425,-1416]],[[73610,665663],[-1599,-1627]],[[72011,664036],[-276,-280]],[[50815,682528],[303,309]],[[57213,680547],[-928,926],[-2201,-2225],[-3269,3280]],[[50937,676735],[-2940,2924]],[[47997,679659],[2818,2869]],[[56022,679337],[-3809,-3871]],[[52213,675466],[-1276,1269]],[[47997,679659],[-3559,3540]],[[64287,676291],[-678,-688]],[[62432,681982],[1463,-1465]],[[63895,680517],[392,-4226]],[[72185,667079],[3523,3591]],[[75708,670670],[1428,-1423]],[[77136,669247],[-2884,-2932]],[[74252,666315],[-414,-421]],[[73838,665894],[-228,-231]],[[65260,665792],[-448,4829]],[[64585,670847],[-3840,-3866]],[[60745,666981],[-1759,1750]],[[58986,668731],[-1093,1086]],[[57893,669817],[3829,3868]],[[62484,665252],[-1739,1729]],[[57893,669817],[-2407,2394]],[[55486,672211],[-431,429]],[[55055,672640],[3813,3875]],[[55055,672640],[-1816,1807]],[[53239,674447],[-1026,1019]],[[68796,680868],[-3774,3747]],[[65022,684615],[841,854]],[[65863,685469],[1012,-184],[76,405]],[[66951,685690],[5103,-963]],[[72054,684727],[-539,-2803]],[[71515,681924],[-849,842],[-1870,-1898]],[[73505,679949],[-3514,-3584]],[[69991,676365],[-2842,2831]],[[67149,679196],[1647,1672]],[[71515,681924],[1990,-1975]],[[64287,676291],[139,-1501]],[[63645,683215],[250,-2698]],[[66189,678222],[-2294,2295]],[[63645,683215],[1377,1400]],[[67149,679196],[-960,-974]],[[65863,685469],[353,360]],[[66216,685829],[735,-139]],[[80967,673143],[-298,-303]],[[80669,672840],[-1436,1424]],[[79233,674264],[-2861,2840]],[[76372,677104],[-2867,2845]],[[72054,684727],[3322,-627]],[[75376,684100],[-358,-1886],[43,-41]],[[75061,682173],[3387,-3324]],[[78448,678849],[1806,-1772]],[[80254,677077],[2333,-2288]],[[82587,674789],[-1187,-1206]],[[81400,673583],[-433,-440]],[[75376,684100],[70,-14]],[[75446,684086],[-385,-1913]],[[80254,677077],[1018,1032]],[[81272,678109],[2643,-1969]],[[83915,676140],[-1069,-1087]],[[82846,675053],[-259,-264]],[[75446,684086],[3898,-735]],[[79344,683351],[-896,-4502]],[[79344,683351],[5985,-1130]],[[82833,679691],[-1561,-1582]],[[85148,677394],[-1233,-1254]],[[75708,670670],[3525,3594]],[[80669,672840],[-3214,-3268]],[[77455,669572],[-319,-325]],[[69991,676365],[-3529,-3598]],[[64287,676291],[1902,1931]],[[69991,676365],[2860,-2849]],[[72851,673516],[-3527,-3594]],[[75708,670670],[-2857,2846]],[[72851,673516],[3521,3588]],[[48672,674444],[-2611,-2640]],[[43892,673964],[2618,2670]],[[46510,676634],[2162,-2190]],[[48672,674444],[426,430]],[[49098,674874],[219,222]],[[49317,675096],[1620,1639]],[[53239,674447],[-4878,-4932]],[[42195,675653],[-874,4372]],[[41321,680025],[3117,3174]],[[49317,675096],[-2413,2427],[-3270,-3302]],[[49098,674874],[-2179,2177],[-409,-417]],[[55486,672211],[-4855,-4956]],[[58986,668731],[-4854,-4962]],[[67904,659861],[1380,-1373]],[[69284,658488],[227,-226]],[[69511,658262],[675,-671]],[[70186,657591],[-4870,-4956]],[[71347,656435],[-4867,-4960]],[[70186,657591],[1023,-1019]],[[71209,656572],[138,-137]],[[71347,656435],[1678,-1669]],[[73025,654766],[-4862,-4966]],[[75176,652625],[-4865,-4963]],[[73025,654766],[2151,-2141]],[[75176,652625],[208,-207]],[[75384,652418],[3175,-3160]],[[78559,649258],[796,-792]],[[79355,648466],[-4878,-4951]],[[83101,644738],[-4872,-4959]],[[79355,648466],[2386,-2375]],[[81741,646091],[1194,-1188]],[[82935,644903],[166,-165]],[[83101,644738],[3394,-3377]],[[86495,641361],[302,-301]],[[86797,641060],[-4875,-4958]],[[84857,622955],[-1739,976]],[[83118,623931],[550,2610]],[[83668,626541],[2232,-1260]],[[87509,623681],[-2652,-726]],[[69328,605053],[-10338,10044]],[[58990,615097],[-574,556]],[[58416,615653],[2028,555]],[[60444,616208],[10560,-9438]],[[70139,578300],[-3203,3185]],[[66936,581485],[-2469,2455]],[[64467,583940],[-896,891]],[[63571,584831],[-689,685],[-2127,-5105]],[[59091,582064],[6631,16715],[-10421,10129]],[[55301,608908],[-4652,4521],[-421,890],[-403,7184],[-3722,3673]],[[46103,625176],[1212,1262],[1535,-1491]],[[48850,624947],[1933,-1878]],[[50783,623069],[1366,-1327]],[[52149,621742],[322,-5240]],[[52471,616502],[101,-1650],[2608,-2528]],[[55180,612324],[13220,-12816],[3247,3296]],[[72865,601623],[-899,-923],[216,-215]],[[72182,600485],[-2131,-2159],[-732,-2120],[1854,-1853]],[[71173,594353],[3418,-3417]],[[74591,590936],[4018,-4017]],[[77609,585902],[-5112,5077]],[[72497,590979],[-212,211]],[[72285,591190],[-3245,3223],[-823,-162],[-1464,-3699]],[[66753,590552],[-1499,-3786],[222,-1009],[2369,-2362]],[[67845,583395],[3687,-3677]],[[103812,622954],[-5104,5089]],[[99267,628650],[5017,-4992]],[[104284,623658],[111,-111]],[[104395,623547],[-583,-593]],[[63571,584831],[-2537,-4417]],[[61034,580414],[2459,-2438]],[[63493,577976],[3980,-2389]],[[26534,630473],[-7964,-8148]],[[1454,639330],[8005,8172]],[[9459,647502],[17075,-17029]],[[26534,630473],[7662,7839]],[[34196,638312],[4024,4117]],[[38220,642429],[1172,1199]],[[39392,643628],[5858,5993]],[[45250,649621],[3774,3861]],[[49024,653482],[4208,4306]],[[53859,657164],[-6787,-6939]],[[47072,650225],[-3420,-3497]],[[43652,646728],[-7582,-7753]],[[36070,638975],[-1219,-423],[1232,-1200]],[[36083,637352],[-1742,-1776]],[[34341,635576],[-6431,-6552]],[[27910,629024],[-2296,-2340]],[[25614,626684],[-5644,-5751]],[[46103,625176],[-3140,3098]],[[42963,628274],[-1959,1933]],[[41004,630207],[-291,287],[1164,1214],[-5794,5644]],[[36083,637352],[2422,2468],[-1090,-378]],[[37415,639442],[2162,2207]],[[39577,641649],[983,-1084]],[[40560,640565],[2873,-3170]],[[43433,637395],[1221,-1347]],[[44654,636048],[3823,-4217],[-731,-3140],[201,-1818],[903,-1926]],[[36070,638975],[1345,467]],[[41004,630207],[-597,-627],[-6066,5996]],[[35403,620594],[7560,7680]],[[55301,608908],[-4008,-4068]],[[51293,604840],[-15890,15754]],[[43812,597245],[6148,6242]],[[49960,603487],[1333,1353]],[[55180,612324],[4219,1372],[-409,1401]],[[47217,649445],[-145,780]],[[54325,656700],[-7108,-7255]],[[43652,646728],[153,-764]],[[43805,645964],[-3494,-3566]],[[40311,642398],[-734,-749]],[[47217,649445],[-3412,-3481]],[[39392,643628],[-5862,6460],[-485,1210],[-746,5108]],[[32299,656406],[1437,-1425]],[[33736,654981],[5199,-5159],[2563,2589]],[[41498,652411],[2804,-2794],[948,4]],[[38220,642429],[-5926,6675],[-845,1742],[-2475,16578]],[[28974,667424],[1529,1561]],[[30503,668985],[748,-6364],[165,-164]],[[31416,662457],[883,-6051]],[[40540,670416],[-8464,-8617]],[[32076,661799],[-660,658]],[[30503,668985],[5664,5783]],[[36167,674768],[2550,-2537]],[[41498,652411],[-5210,5192]],[[36288,657603],[-2038,2030]],[[34250,659633],[4227,4307]],[[38477,663940],[4476,-4439]],[[42953,659501],[3004,-2978]],[[45957,656523],[3067,-3041]],[[33736,654981],[2552,2622]],[[32076,661799],[2174,-2166]],[[47153,663836],[-4200,-4335]],[[38477,663940],[4235,4315]],[[45957,656523],[4228,4297]],[[39583,678254],[1738,1771]],[[36167,674768],[1695,1730]],[[34196,638312],[-15962,18148]],[[18234,656460],[10740,10964]],[[9459,647502],[8775,8958]],[[35510,605494],[6130,6200]],[[41640,611694],[8320,-8207]],[[41640,611694],[-7841,7734]],[[33799,619428],[-7373,7274],[-812,-18]],[[27910,629024],[-87,-915],[7580,-7515]],[[33799,619428],[-6019,-6254]],[[52471,616502],[5945,-849]],[[52149,621742],[6267,-6089]],[[70634,614921],[-3472,3128]],[[67162,618049],[3373,924],[216,913]],[[70751,619886],[686,-679]],[[71437,619207],[146,-145],[-949,-4141]],[[67162,618049],[-5793,5788]],[[61369,623837],[2697,2732]],[[64066,626569],[6685,-6683]],[[64066,626569],[1996,2020]],[[66062,628589],[915,926]],[[66977,629515],[2249,-2053]],[[69226,627462],[441,-402]],[[69667,627060],[2093,-1911]],[[71760,625149],[318,-290]],[[72078,624859],[301,-274]],[[72379,624585],[660,-614],[-1099,-4602]],[[71940,619369],[-503,-162]],[[61369,623837],[-3472,3476],[4685,4753]],[[62582,632066],[3480,-3477]],[[69127,631691],[-3496,3468]],[[65631,635159],[5121,5195]],[[71193,639916],[-435,-434],[-128,-5592]],[[70630,633890],[-15,-693]],[[70615,633197],[-1488,-1506]],[[60444,616208],[1050,288]],[[61494,616496],[3121,-2832],[2673,3046],[-1181,1050]],[[66107,617760],[1055,289]],[[70634,614921],[964,-868]],[[71598,614053],[-214,-791]],[[71384,613262],[-264,-979],[2417,24]],[[73537,612307],[1528,-1376]],[[73537,612307],[1798,18]],[[75335,612325],[1101,10]],[[61494,616496],[4613,1264]],[[50802,623437],[-1564,3526],[-434,1829],[812,3349],[-4223,4655]],[[45393,636796],[-899,991]],[[44494,637787],[-2853,3145]],[[41641,640932],[-1330,1466]],[[47217,649445],[1647,-8918],[10736,10925]],[[63065,648003],[-13095,-13285],[1061,-6850],[-229,-4431]],[[44654,636048],[739,748]],[[50802,623437],[-19,-368]],[[41641,640932],[-1081,-367]],[[44494,637787],[-1061,-392]],[[71384,613262],[1094,-2]],[[72478,613260],[1059,-953]],[[75335,612325],[251,931]],[[75586,613256],[1747,-2]],[[69704,631364],[-626,278]],[[69078,631642],[49,49]],[[70615,633197],[-19,-915]],[[70596,632282],[-892,-918]],[[74171,632698],[-1412,0]],[[72759,632698],[-901,504]],[[71858,633202],[-1228,688]],[[75069,636060],[-898,-3362]],[[70596,632282],[-27,-1301]],[[70569,630981],[-865,383]],[[71858,633202],[-30,-2927]],[[71828,630275],[-1259,706]],[[72078,624859],[225,842]],[[72303,625701],[1001,3748]],[[73304,629449],[893,-500]],[[74197,628949],[-446,-1693],[-1372,-2671]],[[73304,629449],[238,893]],[[73542,630342],[156,585]],[[73698,630927],[991,-10]],[[74689,630917],[-492,-1968]],[[74689,630917],[154,614]],[[74843,631531],[387,1167]],[[75230,632698],[667,2537]],[[77017,634121],[-898,-3324]],[[76119,630797],[-683,-2531]],[[75436,628266],[-1175,-4351]],[[74261,623915],[-882,-3266]],[[73379,620649],[-257,-953]],[[73122,619696],[-1182,-327]],[[77714,618854],[466,2241]],[[78180,621095],[877,243]],[[79057,621338],[1749,-368]],[[80806,620970],[1676,-1645]],[[82482,619325],[-225,-1025]],[[80308,616303],[-2594,2551]],[[78180,621095],[86,414]],[[78266,621509],[791,-171]],[[80806,620970],[1618,-341]],[[82424,620629],[329,-69],[-271,-1235]],[[82424,620629],[370,1762]],[[82794,622391],[2063,564]],[[84857,622955],[1255,-704]],[[82878,618936],[-396,389]],[[73122,619696],[-153,-566]],[[72969,619130],[-717,-2654]],[[72252,616476],[-654,-2423]],[[66977,629515],[2101,2127]],[[71828,630275],[77,-43]],[[71905,630232],[-2679,-2770]],[[75230,632698],[-1059,0]],[[73698,630927],[290,1083]],[[73988,632010],[855,-479]],[[73988,632010],[183,688]],[[73988,632010],[-1229,688]],[[73698,630927],[-531,5],[-217,-240]],[[72950,630692],[-490,291],[-489,-788]],[[71971,630195],[-66,37]],[[72950,630692],[-627,-694]],[[72323,629998],[-352,197]],[[73542,630342],[-592,350]],[[72323,629998],[-2656,-2938]],[[72303,625701],[-543,-552]],[[72323,629998],[981,-549]],[[69078,631642],[-1429,635],[-2018,2882]],[[62582,632066],[3049,3093]],[[75586,613256],[856,3171],[-4190,49]],[[72969,619130],[4640,-780],[105,504]],[[75586,613256],[-3108,4]],[[72478,613260],[-880,793]],[[73122,619696],[2916,807]],[[76038,620503],[1676,-1649]],[[78266,621509],[276,1327]],[[78542,622836],[613,2950]],[[79155,625786],[69,331]],[[79224,626117],[3894,-2186]],[[83118,623931],[-324,-1540]],[[75436,628266],[3788,-2149]],[[79155,625786],[-4295,-1240],[216,-837]],[[75076,623709],[-815,206]],[[80986,628053],[-411,231]],[[80575,628284],[884,1417]],[[81998,629165],[-1012,-1112]],[[80575,628284],[-4456,2513]],[[83668,626541],[-2682,1512]],[[83835,627337],[-167,-796]],[[80575,628284],[-1351,-2167]],[[78542,622836],[-3466,873]],[[75076,623709],[616,-2395],[-2313,-665]],[[78180,621095],[-2142,-592]],[[79778,598690],[-2864,-2924]],[[76914,595766],[-2223,2217]],[[74691,597983],[-2509,2502]],[[74657,603455],[5121,-4765]],[[74591,590936],[3530,3627]],[[78121,594563],[4030,-4019]],[[78121,594563],[-1207,1203]],[[79778,598690],[5412,-5035]],[[74691,597983],[-3518,-3630]],[[89518,598084],[-5412,5026]],[[84106,603110],[1967,2007]],[[86073,605117],[2463,2515]],[[88536,607632],[2474,2527]],[[91010,610159],[2474,2526]],[[93484,612685],[2506,2558]],[[95990,615243],[5215,-5198]],[[95990,615243],[-4963,4947]],[[94390,623629],[5110,-5064]],[[99500,618565],[65,-64]],[[99565,618501],[1185,-1174]],[[100750,617327],[3846,-3812]],[[79778,598690],[3471,3544]],[[83249,602234],[5404,-5035]],[[83249,602234],[-5120,4770]],[[78978,607872],[5128,-4762]],[[84106,603110],[-857,-876]],[[86073,605117],[-4982,4916]],[[83571,612568],[4965,-4936]],[[86079,615131],[4931,-4972]],[[88522,617629],[4962,-4944]],[[69307,588027],[-2554,2525]],[[72285,591190],[-2978,-3163]],[[70870,586482],[-3025,-3087]],[[69307,588027],[170,-169]],[[69477,587858],[1393,-1376]],[[70870,586482],[3707,-3665]],[[69477,587858],[3020,3121]],[[64467,583940],[-3433,-3526]],[[66936,581485],[-3443,-3509]],[[104454,623489],[-4889,-4988]],[[99500,618565],[2129,2167]],[[101629,620732],[2183,2222]],[[104395,623547],[59,-58]],[[103167,619822],[-2417,-2495]],[[104454,623489],[1154,-1149]],[[105521,622251],[-2354,-2429]],[[101629,620732],[-5048,5136]],[[103167,619822],[3856,-3826]],[[107023,615996],[-2427,-2481]],[[109391,618416],[-2368,-2420]],[[79224,626117],[1762,1936]],[[63353,686369],[2863,-540]],[[39583,678254],[-895,893]],[[89181,681494],[5684,-1195]],[[94865,680299],[-274,-275]],[[94591,680024],[-2413,-2420]],[[92178,677604],[-4693,-4709]],[[87485,672895],[-1293,-1297]],[[86192,671598],[-3346,3455]],[[130819,667417],[-1922,1957],[425,432]],[[129322,669806],[2647,2691]],[[131969,672497],[3238,-681]],[[135207,671816],[-4388,-4399]],[[155272,664158],[-907,929],[1205,2441]],[[155570,667528],[2538,-534],[-2836,-2836]],[[143647,649881],[-1310,1326]],[[142337,651207],[-1104,1119]],[[141233,652326],[-2830,2866]],[[138403,655192],[-2990,3029]],[[135413,658221],[-3392,3437]],[[132021,661658],[3472,3478],[5462,5470]],[[140955,670606],[3630,-765],[6466,-1361],[4519,-952]],[[155272,664158],[1263,-1362],[-8877,-8895],[-4011,-4020]],[[138807,645030],[-1431,-1435],[-1305,1324]],[[136071,644919],[1426,1431]],[[137497,646350],[1310,-1320]],[[95697,632203],[3351,3343]],[[99048,635546],[3235,3247]],[[102283,638793],[1072,1075]],[[103355,639868],[2242,2251]],[[105597,642119],[2206,2213]],[[107803,644332],[1081,1085]],[[108884,645417],[3306,3317]],[[112190,648734],[3254,3266]],[[115444,652000],[3415,3427]],[[118859,655427],[3456,3465]],[[122315,658892],[3461,3469]],[[125776,662361],[2474,2480]],[[128250,664841],[2569,2576]],[[135207,671816],[5748,-1210]],[[132021,661658],[-3916,-3922]],[[128105,657736],[-2355,-2359]],[[125750,655377],[-1537,-1539],[3392,-3451]],[[127605,650387],[3461,-3519]],[[131066,646868],[453,-461]],[[131519,646407],[1396,-1420]],[[132915,644987],[1594,-1622]],[[134509,643365],[-1916,-1906]],[[132593,641459],[-2947,2988]],[[129646,644447],[-7351,7456],[-1567,-1568]],[[120728,650335],[-3281,-3283]],[[117447,647052],[-2374,-2377]],[[115073,644675],[-2383,-2385]],[[112690,642290],[-2390,-2391]],[[110300,639899],[-3884,-3887]],[[106416,636012],[-5115,-5119]],[[101301,630893],[-2123,-2154]],[[131044,639873],[1549,1586]],[[132593,641459],[1294,-1314],[-1565,-1566]],[[132322,638579],[-1278,1294]],[[108342,614579],[-2412,-2390]],[[107023,615996],[1319,-1417]],[[109470,618497],[1348,-1391]],[[110818,617106],[-2476,-2527]],[[73408,662614],[-4124,-4126]],[[72011,664036],[1397,-1422]],[[94772,671941],[1388,1393]],[[96160,673334],[2516,2524]],[[98676,675858],[3339,-3389]],[[102015,672469],[-1190,-1005]],[[100825,671464],[-3082,-2601]],[[97743,668863],[-2971,3078]],[[96160,673334],[-3982,4270]],[[94591,680024],[4085,-4166]],[[102518,672895],[-3842,2963]],[[98676,675858],[804,3470]],[[99480,679328],[3414,-718]],[[102894,678610],[985,-1653],[-937,-2428],[701,-694]],[[103643,673835],[-872,-1135],[-253,195]],[[94865,680299],[4615,-971]],[[90119,644974],[-3541,3579],[-3643,-3650]],[[81741,646091],[3657,3664],[-3157,3208]],[[82241,652963],[-1173,1193],[495,484]],[[81563,654640],[481,472],[1168,-1189]],[[83212,653923],[2824,-2872],[663,4],[2669,2658]],[[89368,653713],[2717,2706],[0,677],[-2841,2871]],[[89244,659967],[-1216,1228],[449,446]],[[88477,661641],[514,509],[1224,-1236]],[[90215,660914],[2835,-2864],[725,38],[3627,3638],[-483,399]],[[96919,662125],[637,107],[131,-108]],[[97687,662124],[1352,-1109]],[[99039,661015],[-427,-428]],[[98612,660587],[-2892,-2899],[-30,-686],[3185,-3236]],[[98875,653766],[1167,-1186]],[[100042,652580],[-459,-445]],[[99583,652135],[-496,-480]],[[99087,651655],[-1145,1165]],[[97942,652820],[-3146,3202],[-645,105],[-3161,-3171]],[[90990,652956],[-3085,-3097],[-3,-661],[3173,-3246]],[[91075,645952],[1160,-1186]],[[92235,644766],[-489,-476]],[[91746,644290],[-485,-472]],[[91261,643818],[-1142,1156]],[[78559,649258],[3682,3705]],[[75384,652418],[4018,4096]],[[79402,656514],[154,155]],[[79556,656669],[2007,-2029]],[[79556,656669],[2562,2572]],[[82118,659241],[921,924]],[[83039,660165],[3174,-3236]],[[86213,656929],[-3001,-3006]],[[86213,656929],[3155,-3216]],[[86213,656929],[3031,3038]],[[83039,660165],[1833,1840]],[[84872,662005],[1624,1630]],[[86496,663635],[1981,-1994]],[[86496,663635],[793,796]],[[87289,664431],[301,301]],[[87590,664732],[2789,2799]],[[90379,667531],[2923,-2416]],[[93302,665115],[620,-512]],[[93922,664603],[-3707,-3689]],[[93922,664603],[2997,-2478]],[[90379,667531],[340,342]],[[90719,667873],[2953,-2445]],[[93672,665428],[-370,-313]],[[93672,665428],[1414,1193]],[[95086,666621],[1624,1371]],[[96710,667992],[3440,-3564]],[[100150,664428],[-1137,-969],[-1326,-1335]],[[100150,664428],[1028,876]],[[101178,665304],[3032,2584]],[[104210,667888],[1261,1075]],[[105471,668963],[1319,-1339]],[[106790,667624],[-7751,-6609]],[[102139,657026],[-3527,3561]],[[106790,667624],[1326,-1340]],[[108116,666284],[1890,-1910]],[[110006,664374],[-2573,-2573],[3057,-3091]],[[110490,658710],[-798,-800]],[[109692,657910],[-3309,-3314]],[[106383,654596],[-922,-924]],[[105461,653672],[-3322,3354]],[[102518,672895],[-503,-426]],[[115444,652000],[-2832,2909]],[[112612,654909],[-2920,3001]],[[110490,658710],[2572,2576]],[[113062,661286],[280,-283]],[[113342,661003],[5517,-5576]],[[113342,661003],[970,960]],[[114312,661963],[1971,-1989],[2504,2500]],[[118787,662474],[3528,-3582]],[[92539,635346],[-868,863],[-1108,1104],[-718,714]],[[89845,638027],[3417,3424]],[[93262,641451],[5786,-5905]],[[110006,664374],[3056,-3088]],[[90119,644974],[-3624,-3613]],[[89845,638027],[-3048,3033]],[[91261,643818],[2173,-2196]],[[93434,641622],[-172,-171]],[[91746,644290],[2147,-2207]],[[93893,642083],[-459,-461]],[[90990,652956],[3509,-3579]],[[94499,649377],[-3424,-3425]],[[97942,652820],[-3443,-3443]],[[99087,651655],[2164,-2201]],[[101251,649454],[-1422,-1424]],[[99829,648030],[-2022,-2027]],[[97807,646003],[-3308,3374]],[[99583,652135],[2150,-2198]],[[101733,649937],[-482,-483]],[[102139,657026],[-3264,-3260]],[[102191,650396],[-2149,2184]],[[105461,653672],[-2349,-2353]],[[103112,651319],[-921,-923]],[[102191,650396],[-169,-169]],[[102022,650227],[-289,-290]],[[94380,642571],[-2145,2195]],[[97807,646003],[-215,-215]],[[97592,645788],[-1091,-1093]],[[96501,644695],[-2121,-2124]],[[94380,642571],[-487,-488]],[[75309,660679],[-1677,1707]],[[73632,662386],[-224,228]],[[73838,665894],[612,-638],[795,60]],[[75245,665316],[2338,-2356]],[[77583,662960],[-2274,-2281]],[[73632,662386],[-4121,-4124]],[[75309,660679],[-4100,-4107]],[[75245,665316],[927,69],[2730,2720]],[[78902,668105],[2705,2696],[7,1681],[-647,661]],[[81400,673583],[3358,-3424]],[[84758,670159],[-1263,-1267]],[[83495,668892],[-288,-289]],[[83207,668603],[-2428,-2436]],[[80779,666167],[-2761,-2770]],[[78018,663397],[-435,-437]],[[74252,666315],[993,-999]],[[77455,669572],[1447,-1467]],[[86192,671598],[-1434,-1439]],[[87590,664732],[-4095,4160]],[[86192,671598],[4527,-3725]],[[87485,672895],[4521,-3731]],[[92006,669164],[-1287,-1291]],[[79402,656514],[-4093,4165]],[[78018,663397],[4100,-4156]],[[80779,666167],[4093,-4162]],[[83207,668603],[4082,-4172]],[[102015,672469],[3456,-3506]],[[104210,667888],[-3385,3576]],[[103643,673835],[3512,-3437]],[[107155,670398],[-1684,-1435]],[[102894,678610],[6342,-6439]],[[109236,672171],[-2081,-1773]],[[118787,662474],[-1836,1864]],[[116951,664338],[3479,3426]],[[120430,667764],[5346,-5403]],[[94772,671941],[-952,-956]],[[93820,670985],[-1814,-1821]],[[92006,669164],[3080,-2543]],[[93820,670985],[2890,-2993]],[[109236,672171],[870,-883]],[[110106,671288],[1487,-1510]],[[111593,669778],[-2519,-2531]],[[109074,667247],[-958,-963]],[[97743,668863],[-1033,-871]],[[97743,668863],[3435,-3559]],[[110106,671288],[4768,4803]],[[114874,676091],[2483,-522]],[[117357,675569],[-2331,-2341]],[[115026,673228],[-3433,-3450]],[[102894,678610],[11980,-2519]],[[119793,668409],[-4767,4819]],[[117357,675569],[7888,-1658]],[[125245,673911],[-111,-113]],[[125134,673798],[-2853,-2878]],[[122281,670920],[-2488,-2511]],[[114312,661963],[2521,2495]],[[116833,664458],[118,-120]],[[114312,661963],[-497,501]],[[113815,662464],[2496,2524]],[[116311,664988],[522,-530]],[[113815,662464],[-4741,4783]],[[111593,669778],[4718,-4790]],[[120430,667764],[-637,645]],[[122281,670920],[5969,-6079]],[[129322,669806],[-4188,3992]],[[125245,673911],[6724,-1414]],[[109325,651626],[-2942,2970]],[[112612,654909],[-3287,-3283]],[[109325,651626],[2865,-2892]],[[108884,645417],[-5772,5902]],[[107803,644332],[-5781,5895]],[[105597,642119],[-5768,5911]],[[103355,639868],[-5763,5920]],[[102283,638793],[-5782,5902]],[[127541,643419],[-2089,2115]],[[125452,645534],[-4724,4801]],[[129646,644447],[-1570,-1569]],[[128076,642878],[-535,541]],[[131044,639873],[-2968,3005]],[[120670,635477],[-639,-639],[-853,866]],[[119178,635704],[641,639]],[[119819,636343],[851,-866]],[[122605,628854],[-5098,5183]],[[117507,634037],[1671,1667]],[[120670,635477],[4240,-4316]],[[124910,631161],[-2305,-2307]],[[117739,637165],[-5049,5125]],[[115073,644675],[5030,-5139]],[[120103,639536],[-2364,-2371]],[[115354,634774],[-5054,5125]],[[117739,637165],[-2385,-2391]],[[119178,635704],[-1439,1461]],[[120103,639536],[2379,2385]],[[122482,641921],[2946,2955],[24,658]],[[127541,643419],[-646,-19],[-2318,-2312]],[[124577,641088],[-2391,-2384]],[[122186,638704],[-2367,-2361]],[[122482,641921],[-5035,5131]],[[125428,640231],[2648,2647]],[[132322,638579],[-2637,-2639]],[[129685,635940],[-4257,4291]],[[125428,640231],[-851,857]],[[108001,624556],[-2294,-2314]],[[104284,623658],[2079,2102]],[[106363,625760],[2740,2747]],[[109103,628507],[1416,-1440]],[[110519,627067],[-123,-123]],[[110396,626944],[-2395,-2388]],[[108001,624556],[5072,-5243]],[[113073,619313],[-2255,-2207]],[[115493,621736],[-5097,5208]],[[110519,627067],[5110,-5195]],[[115629,621872],[-136,-136]],[[110519,627067],[2326,2320]],[[112845,629387],[5078,-5219]],[[117923,624168],[-2294,-2296]],[[115493,621736],[-2420,-2423]],[[112845,629387],[2339,2333]],[[115184,631720],[5069,-5221]],[[120253,626499],[-2330,-2331]],[[115184,631720],[2179,2173]],[[117363,633893],[5084,-5197]],[[122447,628696],[-2194,-2197]],[[117363,633893],[144,144]],[[122605,628854],[-158,-158]],[[120670,635477],[2367,2365]],[[123037,637842],[4250,-4302]],[[127287,633540],[-2377,-2379]],[[123037,637842],[-851,862]],[[125428,640231],[-2391,-2389]],[[129685,635940],[-2398,-2400]],[[115354,634774],[-3919,-3929]],[[111435,630845],[-5019,5167]],[[106363,625760],[-5062,5133]],[[111435,630845],[-2332,-2338]],[[125750,655377],[3394,-3439]],[[129144,651938],[-1539,-1551]],[[136071,644919],[-2052,2079]],[[134019,646998],[1243,1242],[322,37],[795,-800]],[[136379,647477],[1118,-1127]],[[132915,644987],[7,915],[1097,1096]],[[136071,644919],[-1562,-1554]],[[131519,646407],[488,491]],[[132007,646898],[1059,1066]],[[133066,647964],[953,-966]],[[133066,647964],[1232,1240],[40,321],[-774,780]],[[133564,650305],[688,694]],[[134252,650999],[2803,-2846]],[[137055,648153],[-676,-676]],[[137497,646350],[4840,4857]],[[143647,649881],[-4840,-4851]],[[128105,657736],[3400,-3425]],[[131505,654311],[-961,-962]],[[130544,653349],[-1400,-1411]],[[137055,648153],[4178,4173]],[[133066,647964],[-3922,3974]],[[130544,653349],[3020,-3044]],[[131505,654311],[3908,3910]],[[138403,655192],[-4151,-4193]],[[132007,646898],[-941,-30]],[[182765,722382],[-526,114]],[[182239,722496],[8187,37916],[1631,-353]],[[192057,760059],[-1354,-864],[-7938,-36813]],[[219206,692282],[-4510,4669],[-4652,-4494],[-32746,7155],[4941,22884]],[[182765,722382],[53288,-11613]],[[236053,710769],[-4690,-21232]],[[231363,689537],[-12157,2745]],[[192057,760059],[11279,-2437]],[[203336,757622],[852,-738],[10268,-2279],[1182,333]],[[215638,754938],[9802,-2137]],[[225440,752801],[-1945,-8886],[18963,-4156]],[[242458,739759],[-3803,-17215]],[[238655,722544],[-726,-3284]],[[237929,719260],[-1876,-8491]],[[225440,752801],[18991,-4112]],[[244431,748689],[-1973,-8930]],[[203336,757622],[12302,-2684]],[[229607,681478],[-10401,10804]],[[231363,689537],[-1756,-8059]],[[244247,722017],[-5592,527]],[[244431,748689],[5195,-1137]],[[249626,747552],[-10,-27]],[[249616,747525],[-204,-511]],[[249412,747014],[-299,-740]],[[249113,746274],[-5266,-23605],[30,-48],[370,-604]],[[278466,717848],[-270,-1176]],[[278196,716672],[-2157,2224]],[[276039,718896],[-275,281],[-866,14253],[72,2844],[111,5672]],[[275081,741946],[1,35]],[[275082,741981],[1062,-232]],[[276144,741749],[426,-12348]],[[276570,729401],[2039,-10935]],[[278609,718466],[-143,-618]],[[269494,689340],[5277,23827]],[[274771,713167],[2141,-2210]],[[276912,710957],[-324,-1442]],[[276588,709515],[-378,-1681]],[[276210,707834],[-1264,-5626]],[[274946,702208],[-1421,-6324]],[[273525,695884],[-565,-2516]],[[272960,693368],[-196,-871]],[[272764,692497],[-3270,-3157]],[[265584,660349],[-2659,-11902]],[[262925,648447],[-893,910]],[[262032,649357],[-1150,1169]],[[260882,650526],[153,612]],[[261035,651138],[2520,11380]],[[263555,662518],[2029,-2169]],[[262566,646913],[-1144,-3931]],[[261422,642982],[-2259,2360]],[[259163,645342],[2590,3564],[279,451]],[[262925,648447],[-359,-1534]],[[256314,648319],[-10632,11108],[2629,2602],[-3428,3568],[-7414,7715],[-7862,8166]],[[237929,719260],[21512,-4695]],[[259441,714565],[11128,-2429],[894,-1444],[-12030,-54369],[-604,-2268],[-856,-2392],[-995,-2168],[-382,-678],[-282,-498]],[[258064,646491],[-1750,1828]],[[259441,714565],[707,3282]],[[260148,717847],[14937,-3259]],[[275085,714588],[-314,-1421]],[[269494,689340],[-1900,-8583]],[[267594,680757],[-2446,-11043]],[[265148,669714],[-1593,-7196]],[[261035,651138],[-936,-1550]],[[260099,649588],[-2035,-3097]],[[244247,722017],[456,-744]],[[244703,721273],[15,-24]],[[244718,721249],[24,-40],[36,-8],[15370,-3354]],[[260541,649158],[-1617,-3566]],[[258924,645592],[-860,899]],[[260099,649588],[442,-430]],[[260882,650526],[-341,-1368]],[[275085,714588],[29,129]],[[275114,714717],[925,4179]],[[278196,716672],[-1284,-5715]],[[244703,721273],[-814,1498],[5224,23503]],[[249113,746274],[84,8],[215,732]],[[249616,747525],[25465,-5579]],[[275114,714717],[-198,42],[-35,-93],[-30163,6583]],[[249626,747552],[25456,-5571]],[[270842,683889],[-3248,-3132]],[[272764,692497],[-1516,-6789]],[[271248,685708],[-406,-1819]],[[270842,683889],[-871,-3899]],[[269971,679990],[-349,-1561]],[[269622,678429],[-1331,-5961]],[[268291,672468],[-1093,-4891]],[[267198,667577],[-2050,2137]],[[267198,667577],[-1614,-7228]],[[259163,645342],[-239,250]],[[263130,646378],[-564,535]],[[268291,672468],[505,-521]],[[268796,671947],[-1466,-6578]],[[267330,665369],[-523,-2346]],[[266807,663023],[-513,-2306]],[[266294,660717],[-959,-4302]],[[265335,656415],[-899,-4091]],[[264436,652324],[-1306,-5946]],[[283583,712531],[-5117,5317]],[[278609,718466],[5365,-5556]],[[283974,712910],[-391,-379]],[[276570,729401],[754,104]],[[277324,729505],[1386,-8036]],[[278710,721469],[-101,-3003]],[[276144,741749],[1428,-305]],[[277572,741444],[-248,-11939]],[[309349,728304],[-104,22]],[[309245,728326],[1174,5558]],[[310419,733884],[1612,217]],[[312031,734101],[1066,-227],[952,-986]],[[314049,732888],[-4700,-4584]],[[274823,641590],[-3620,-3536]],[[271203,638054],[-4235,4367]],[[266968,642421],[3625,3541]],[[270593,645962],[4230,-4372]],[[268586,635475],[2617,2579]],[[271203,638054],[902,-942],[-2626,-2563],[-893,926]],[[283266,649838],[-916,35],[-2334,2408]],[[280016,652281],[4057,3914]],[[284073,656195],[220,-226]],[[284293,655969],[2553,-2634]],[[286846,653335],[-3580,-3497]],[[284293,655969],[3656,3539]],[[287949,659508],[2535,-2619]],[[290484,656889],[-3638,-3554]],[[267259,654430],[-1924,1985]],[[266294,660717],[1436,1346]],[[267730,662063],[3536,-3680]],[[271266,658383],[-4007,-3953]],[[266091,643326],[-2961,3052]],[[264436,652324],[5264,-5440]],[[269700,646884],[-3609,-3558]],[[287949,659508],[-1695,1750]],[[286254,661258],[959,936]],[[287213,662194],[269,-279]],[[287482,661915],[3962,-4088]],[[291444,657827],[-960,-938]],[[273240,676616],[-3269,3374]],[[271248,685708],[3734,-3853]],[[274982,681855],[1750,-1806]],[[276732,680049],[-3492,-3433]],[[275676,672179],[-871,898]],[[274805,673077],[-5183,5352]],[[273240,676616],[3392,-3502]],[[276632,673114],[-956,-935]],[[287482,661915],[3480,3450]],[[290962,665365],[1365,-1410]],[[292327,663955],[2621,-2705]],[[294948,661250],[-3504,-3423]],[[292327,663955],[4686,4543]],[[297013,668498],[2601,-2690]],[[299614,665808],[-4666,-4558]],[[295381,670185],[-730,756]],[[294651,670941],[-2435,2517]],[[292216,673458],[-2388,2469]],[[289828,675927],[-2345,2425]],[[287483,678352],[-2674,2764]],[[284809,681116],[-2549,2636]],[[282260,683752],[-2597,2686]],[[279663,686438],[-6703,6930]],[[273525,695884],[2762,-2854]],[[276287,693030],[2089,-2159]],[[278376,690871],[681,-704]],[[279057,690167],[2137,-2208]],[[281194,687959],[2013,-2081]],[[283207,685878],[160,-165]],[[283367,685713],[700,-725]],[[284067,684988],[1965,-2030]],[[286032,682958],[3056,-3158]],[[289088,679800],[3023,-3124]],[[292111,676676],[2782,-2877]],[[294893,673799],[2035,-2101]],[[296928,671698],[-1547,-1513]],[[279663,686438],[-4681,-4583]],[[297013,668498],[-1632,1687]],[[296928,671698],[759,-786]],[[297687,670912],[3476,-3592]],[[301163,667320],[-1549,-1512]],[[297687,670912],[4174,4080]],[[301861,674992],[3471,-3598]],[[305332,671394],[-4169,-4074]],[[301861,674992],[-760,787]],[[301101,675779],[3170,3101]],[[304271,678880],[4243,-4377]],[[308514,674503],[-3182,-3109]],[[304271,678880],[1012,991]],[[305283,679871],[4241,-4382]],[[309524,675489],[-1010,-986]],[[278034,708021],[-1446,1494]],[[278196,716672],[4238,-4360]],[[282434,712312],[-4226,-4121]],[[278208,708191],[-174,-170]],[[301852,681377],[-2403,2479]],[[299449,683856],[-3017,3113]],[[296432,686969],[-3084,3182]],[[293348,690151],[-2335,2411]],[[291013,692562],[-2499,2577]],[[288514,695139],[-2483,2562]],[[286031,697701],[-2449,2527]],[[283582,700228],[-3130,3230]],[[280452,703458],[-4242,4376]],[[278034,708021],[4257,-4398]],[[282291,703623],[4258,-4399]],[[286549,699224],[2095,-2164]],[[288644,697060],[2135,-2205]],[[290779,694855],[4253,-4395]],[[295032,690460],[3820,-3946]],[[298852,686514],[3191,-3297]],[[302043,683217],[3240,-3346]],[[304271,678880],[-2419,2497]],[[310211,684690],[548,537]],[[310759,685227],[446,-465]],[[311205,684762],[3787,-3945]],[[314992,680817],[-380,-369]],[[314612,680448],[-3366,3530],[-1035,712]],[[309652,684144],[-3206,3317]],[[306446,687461],[-3188,3300]],[[303258,690761],[-3849,3983]],[[299409,694744],[-4259,4408]],[[295150,699152],[-2109,2183]],[[293041,701335],[-2105,2178]],[[290936,703513],[794,775]],[[291730,704288],[1096,-1098]],[[292826,703190],[2907,-2912]],[[295733,700278],[432,-433]],[[296165,699845],[2094,-2097]],[[298259,697748],[2471,-2475]],[[300730,695273],[2532,-2537]],[[303262,692736],[2467,-2471]],[[305729,690265],[2517,-2520]],[[308246,687745],[2513,-2518]],[[310211,684690],[-559,-546]],[[291730,704288],[294,288],[-1696,1755]],[[290328,706331],[3122,3063],[674,23],[2486,-2571]],[[296610,706846],[-3784,-3656]],[[290936,703513],[-720,745]],[[290216,704258],[-2680,2773]],[[287536,707031],[691,674]],[[288227,707705],[399,389]],[[288626,708094],[1702,-1763]],[[278710,721469],[6461,-1425],[2312,10820]],[[287483,730864],[3054,409]],[[290537,731273],[-15,-71]],[[290522,731202],[-429,-2025]],[[290093,729177],[-1889,-8907]],[[288204,720270],[-73,-344]],[[288131,719926],[-703,-3316]],[[287428,716610],[-94,-443],[-1386,-1344]],[[285948,714823],[-1974,-1913]],[[311760,691176],[-2473,2558]],[[309287,693734],[-2428,2512]],[[306859,696246],[-2488,2573]],[[304371,698819],[-2436,2518]],[[301935,701337],[-2045,2116]],[[299890,703453],[-404,417]],[[299486,703870],[-2876,2976]],[[288626,708094],[1967,1918]],[[290593,710012],[696,679]],[[291289,710691],[2379,2320]],[[293668,713011],[607,592]],[[294275,713603],[204,200]],[[294479,713803],[6633,6468]],[[301112,720271],[3484,3398]],[[304596,723669],[1191,1161]],[[305787,724830],[3562,3474]],[[314049,732888],[1663,-1723]],[[315712,731165],[-1018,-997]],[[314694,730168],[-481,-471]],[[314213,729697],[-4516,-4424]],[[309697,725273],[-6604,-6470]],[[303093,718803],[-3223,-3156],[-7,-689],[1855,-1918]],[[301718,713040],[2359,-2439]],[[304077,710601],[2451,-2536]],[[306528,708065],[2475,-2560]],[[309003,705505],[2421,-2505]],[[311424,703000],[2515,-2601]],[[313939,700399],[2263,-2341]],[[316202,698058],[3744,-3872]],[[319946,694186],[-1053,-1026]],[[318893,693160],[-2487,2564]],[[316406,695724],[-2476,2553]],[[313930,698277],[-2443,2520]],[[311487,700797],[-1229,1266]],[[310258,702063],[-1235,1274]],[[309023,703337],[-2445,2521]],[[306578,705858],[-2467,2544]],[[304111,708402],[-2462,2539]],[[301649,710941],[-2831,2919],[-730,42],[-2839,-2761],[-26,-687],[2877,-2971]],[[298100,707483],[2443,-2523]],[[300543,704960],[2494,-2575]],[[303037,702385],[2423,-2501]],[[305460,699884],[1245,-1286]],[[306705,698598],[1238,-1279]],[[307943,697319],[2439,-2518]],[[310382,694801],[2480,-2562]],[[312862,692239],[2471,-2551]],[[315333,689688],[-1098,-1072]],[[314235,688616],[-2475,2560]],[[311257,684813],[3430,3336]],[[314687,688149],[3865,-3998],[-45,-720]],[[318507,683431],[-3009,-2939]],[[315498,680492],[-3829,3979],[-412,342]],[[314687,688149],[-452,467]],[[315333,689688],[4289,-4429],[686,-70]],[[320308,685189],[-1801,-1758]],[[310759,685227],[3476,3389]],[[311257,684813],[-52,-51]],[[326204,705309],[7422,7310]],[[333626,712619],[2532,-2623]],[[336158,709996],[-3978,-3879]],[[332180,706117],[-3478,-3392]],[[328702,702725],[-2498,2584]],[[315333,689688],[3560,3472]],[[318893,693160],[4284,-4418],[3,-749]],[[323180,687993],[-2872,-2804]],[[301649,710941],[-3549,-3458]],[[319946,694186],[4299,-4447],[701,-22]],[[324946,689717],[-1766,-1724]],[[319946,694186],[3607,3518]],[[323553,697704],[4657,-4802]],[[328210,692902],[-3264,-3185]],[[303093,718803],[2188,-2257]],[[305281,716546],[-3563,-3506]],[[315722,729098],[-1028,1070]],[[315712,731165],[369,-381]],[[316081,730784],[-359,-1686]],[[270593,645962],[2503,2444]],[[273096,648406],[1585,-1635]],[[274681,646771],[2647,-2734]],[[277328,644037],[-2505,-2447]],[[270593,645962],[-893,922]],[[267259,654430],[2465,-2545]],[[269724,651885],[2489,-2568]],[[272213,649317],[883,-911]],[[274681,646771],[3992,3902]],[[278673,650673],[2202,-2293],[-22,-899]],[[280853,647481],[-3525,-3444]],[[283266,649838],[-2413,-2357]],[[278673,650673],[-1577,1641]],[[277096,652314],[1484,1449]],[[278580,653763],[1436,-1482]],[[269188,663452],[-1858,1917]],[[268796,671947],[2386,-2460]],[[271182,669487],[849,-875]],[[272031,668612],[1199,-1237]],[[273230,667375],[-4042,-3923]],[[276202,653244],[-2514,2618]],[[273688,655862],[-2422,2521]],[[267730,662063],[-923,960]],[[269188,663452],[2723,-2809]],[[271911,660643],[2735,-2822]],[[274646,657821],[2701,-2786]],[[277347,655035],[1233,-1272]],[[277096,652314],[-894,930]],[[285781,661746],[-2156,2225]],[[283625,663971],[-2150,2220]],[[281475,666191],[-2583,2667]],[[278892,668858],[-3216,3321]],[[276632,673114],[2561,-2644]],[[279193,670470],[1670,-1723]],[[280863,668747],[2582,-2664]],[[283445,666083],[3768,-3889]],[[286254,661258],[-473,488]],[[266968,642421],[-877,905]],[[273688,655862],[-3964,-3977]],[[276202,653244],[-3989,-3927]],[[277096,652314],[-4000,-3908]],[[278580,653763],[4033,3938]],[[282613,657701],[1460,-1506]],[[282613,657701],[3641,3557]],[[285781,661746],[-3628,-3571]],[[282153,658175],[-776,801]],[[281377,658976],[-1381,1423]],[[279996,660399],[3629,3572]],[[282613,657701],[-460,474]],[[281377,658976],[-4030,-3941]],[[274646,657821],[4034,3935]],[[278680,661756],[1316,-1357]],[[271911,660643],[4048,3918]],[[275959,664561],[1857,-1915]],[[277816,662646],[864,-890]],[[273230,667375],[2047,-2110]],[[275277,665265],[682,-704]],[[271182,669487],[3623,3590]],[[275676,672179],[-3645,-3567]],[[282823,673763],[-184,190]],[[282639,673953],[-2506,2587]],[[280133,676540],[4676,4576]],[[287483,678352],[-4660,-4589]],[[280133,676540],[-2563,2644]],[[277570,679184],[4690,4568]],[[275277,665265],[3615,3593]],[[281475,666191],[-3659,-3545]],[[283445,666083],[3490,3437]],[[286935,669520],[668,-690]],[[287603,668830],[2357,-2432]],[[289960,666398],[754,-778]],[[290714,665620],[248,-255]],[[280863,668747],[3469,3459]],[[284332,672206],[889,-918]],[[285221,671288],[1714,-1768]],[[279193,670470],[3446,3483]],[[282823,673763],[1509,-1557]],[[276632,673114],[3501,3426]],[[289828,675927],[-4607,-4639]],[[292216,673458],[-4613,-4628]],[[294651,670941],[-4691,-4543]],[[295381,670185],[-4667,-4565]],[[276732,680049],[838,-865]],[[296289,680765],[-3015,3125]],[[293274,683890],[3158,3079]],[[299449,683856],[-3160,-3091]],[[289088,679800],[4186,4090]],[[296289,680765],[-4178,-4089]],[[286032,682958],[3643,3581]],[[289675,686539],[3673,3612]],[[301852,681377],[-3168,-3093]],[[298684,678284],[-2395,2481]],[[301101,675779],[-2017,2090]],[[299084,677869],[-400,415]],[[299084,677869],[-4191,-4070]],[[301101,675779],[-4173,-4081]],[[284067,684988],[3637,3584]],[[287704,688572],[1971,-2033]],[[283488,695217],[-364,366]],[[283124,695583],[224,221],[-2091,2131]],[[281257,697935],[2325,2293]],[[286031,697701],[-2543,-2484]],[[280132,696825],[-3136,3254]],[[276996,700079],[3456,3379]],[[281257,697935],[-1125,-1110]],[[278650,695362],[1482,1463]],[[283124,695583],[-1128,-1119]],[[281996,694464],[-1250,-1241]],[[280746,693223],[-2096,2139]],[[280746,693223],[-2370,-2352]],[[276287,693030],[2363,2332]],[[282676,693762],[-3619,-3595]],[[281996,694464],[680,-702]],[[276996,700079],[-2050,2129]],[[283488,695217],[324,-326],[-1136,-1129]],[[284836,691532],[-2160,2230]],[[288514,695139],[-3678,-3607]],[[284836,691532],[-3642,-3573]],[[287704,688572],[-346,357]],[[287358,688929],[3655,3633]],[[287358,688929],[-365,378]],[[286993,689307],[-159,163]],[[286834,689470],[-1998,2062]],[[283367,685713],[3626,3594]],[[283207,685878],[3627,3592]],[[282881,711850],[-447,462]],[[283583,712531],[-702,-681]],[[282476,703805],[-185,-182]],[[278208,708191],[648,-666]],[[278856,707525],[2693,-2767]],[[281549,704758],[927,-953]],[[282476,703805],[3548,-3646]],[[286024,700159],[722,-742]],[[286746,699417],[-197,-193]],[[286024,700159],[4192,4099]],[[290936,703513],[-3489,-3411]],[[287447,700102],[-701,-685]],[[282476,703805],[4194,4123]],[[286670,707928],[866,-897]],[[281549,704758],[4206,4117]],[[285755,708875],[915,-947]],[[278856,707525],[4266,4075]],[[283122,711600],[2633,-2725]],[[282881,711850],[241,-250]],[[287428,716610],[2152,-2255]],[[289580,714355],[890,-931],[-931,-921],[1750,-1812]],[[290593,710012],[-4645,4811]],[[293216,728421],[-2694,2781]],[[290537,731273],[8316,1072]],[[298853,732345],[-1054,-5032]],[[297799,727313],[-4583,1108]],[[290537,731273],[1523,7084]],[[292060,738357],[7707,-1642]],[[299767,736715],[-884,-4226],[-30,-144]],[[287483,730864],[1730,8100]],[[289213,738964],[2847,-607]],[[277324,729505],[10159,1359]],[[277572,741444],[11641,-2480]],[[309245,728326],[-7170,1499]],[[302075,729825],[645,3019]],[[302720,732844],[7699,1040]],[[302720,732844],[663,3100]],[[303383,735944],[7149,-1524]],[[310532,734420],[-113,-536]],[[310532,734420],[1499,-319]],[[288626,708094],[-4652,4816]],[[289580,714355],[1444,1383],[2644,-2727]],[[288131,719926],[6144,-6323]],[[288204,720270],[6275,-6467]],[[290093,729177],[3123,-756]],[[293216,728421],[7896,-8150]],[[297799,727313],[-156,-746],[3573,-762]],[[301216,725805],[-181,-847],[3561,-1289]],[[301216,725805],[4571,-975]],[[301216,725805],[859,4020]],[[302043,683217],[888,856]],[[302931,684073],[3229,-3344]],[[306160,680729],[-642,-629]],[[305518,680100],[-235,-229]],[[302931,684073],[3515,3388]],[[309652,684144],[-1954,-1912]],[[307698,682232],[-1538,-1503]],[[302931,684073],[-3189,3299]],[[299742,687372],[3516,3389]],[[299742,687372],[-890,-858]],[[295032,690460],[888,870]],[[295920,691330],[3822,-3958]],[[295920,691330],[3489,3414]],[[295920,691330],[-4251,4400]],[[291669,695730],[3481,3422]],[[291669,695730],[-890,-875]],[[288644,697060],[898,873]],[[289542,697933],[2127,-2203]],[[287447,700102],[2095,-2169]],[[299486,703870],[-3753,-3592]],[[299890,703453],[-3725,-3608]],[[301935,701337],[-3676,-3589]],[[304371,698819],[-3641,-3546]],[[306859,696246],[-3597,-3510]],[[309287,693734],[-3558,-3469]],[[311760,691176],[-3514,-3431]],[[311903,677812],[-2165,-2107]],[[309738,675705],[-4220,4395]],[[307698,682232],[4205,-4420]],[[311903,677812],[2709,2636]],[[314992,680817],[406,-423]],[[315398,680394],[417,-435]],[[315815,679959],[-2668,-2608],[-417,-408]],[[312730,676943],[-827,869]],[[316406,695724],[-3544,-3485]],[[310382,694801],[3548,3476]],[[307943,697319],[3544,3478]],[[306705,698598],[3553,3465]],[[305460,699884],[3563,3453]],[[303037,702385],[3541,3473]],[[300543,704960],[3568,3442]],[[323553,697704],[4001,3901]],[[327554,701605],[4645,-4808]],[[332199,696797],[-3989,-3895]],[[319788,701588],[-3586,-3530]],[[313939,700399],[3601,3506]],[[317540,703905],[2248,-2317]],[[319788,701588],[3765,-3884]],[[311424,703000],[3579,3521]],[[315003,706521],[2537,-2616]],[[309003,705505],[3568,3524]],[[312571,709029],[2432,-2508]],[[306528,708065],[3557,3528]],[[310085,711593],[1568,-1617]],[[311653,709976],[918,-947]],[[304077,710601],[3557,3519]],[[307634,714120],[2451,-2527]],[[305281,716546],[2353,-2426]],[[315525,713781],[2714,2667]],[[318239,716448],[5997,5893]],[[324236,722341],[6399,-6625]],[[330635,715716],[-7461,-7275]],[[323174,708441],[-1279,-1247],[-6370,6587]],[[318239,716448],[-4272,4413]],[[313967,720861],[623,2924]],[[314590,723785],[1187,1149],[-772,801],[1568,1562]],[[316573,727297],[449,447],[-597,622]],[[316425,728366],[1018,1007]],[[317443,729373],[6793,-7032]],[[309697,725273],[3110,-3213]],[[312807,722060],[1160,-1199]],[[315525,713781],[-3872,-3805]],[[316425,728366],[-703,732]],[[316081,730784],[1362,-1411]],[[316573,727297],[-606,616]],[[315967,727913],[458,453]],[[312807,722060],[1783,1725]],[[315558,728329],[-1345,1368]],[[315722,729098],[-164,-769]],[[323174,708441],[450,-466]],[[323624,707975],[2580,-2666]],[[328702,702725],[-1148,-1120]],[[330635,715716],[398,-413]],[[331033,715303],[-7409,-7328]],[[331033,715303],[2593,-2684]],[[332180,706117],[4642,-4808]],[[336822,701309],[-4623,-4512]],[[293041,701335],[-3499,-3402]],[[288227,707705],[-4644,4826]],[[316596,740557],[4307,-739],[-1839,-1826],[-2468,2565]],[[562057,648205],[4834,4780]],[[566891,652985],[3800,-3921]],[[565741,644138],[-3684,4067]],[[512004,598426],[-485,504]],[[511519,598930],[13025,12654],[1722,1867],[2139,2132],[529,1511],[4213,3583],[26083,25092]],[[559230,645769],[3926,-4203]],[[544942,622702],[-2530,-2448]],[[533847,612295],[1556,8995],[-23399,-22864]],[[514712,595627],[-2590,2677],[-118,122]],[[511519,598930],[-2793,2903],[-972,1007],[-6513,6710],[-705,728]],[[500536,610278],[48123,47161]],[[548659,657439],[8977,-9217],[-411,-396],[2005,-2057]],[[557783,652605],[-6886,7027]],[[555796,664433],[6833,-7050]],[[562629,657383],[-4846,-4778]],[[548659,657439],[2238,2193]],[[557783,652605],[4274,-4400]],[[562629,657383],[4262,-4398]],[[549139,661314],[-11432,10430],[-13783,10255],[-12896,7984]],[[511028,689983],[-1390,860],[-4156,1865],[-812,365],[3784,3711],[1836,1822]],[[510290,698606],[5142,-2367]],[[515432,696239],[10365,-6444]],[[525797,689795],[2360,-1453],[14109,-10580],[5098,-4654]],[[547364,673108],[6741,-6936]],[[500536,610278],[-7016,7251],[-7735,8005],[-19624,20274],[42543,41887]],[[508704,687695],[14439,-9077],[9174,-6900],[8334,-7008],[8008,-7271]],[[510290,698606],[58,58],[5084,-2425]],[[525797,689795],[-12236,12014]],[[513561,701809],[3027,2963]],[[516588,704772],[30776,-31664]],[[513561,701809],[-2989,3081],[-383,394]],[[510189,705284],[3028,2957]],[[513217,708241],[3371,-3469]],[[491602,724442],[-2780,2847]],[[488822,727289],[3013,2952]],[[491835,730241],[2784,-2865]],[[494619,727376],[-3017,-2934]],[[508704,687695],[2324,2288]],[[498198,717644],[-1168,1203],[-2853,2941],[-2575,2654]],[[494619,727376],[6592,-6782]],[[501211,720594],[-3013,-2950]],[[510189,705284],[-10492,10815]],[[499697,716099],[3009,2956]],[[502706,719055],[10511,-10814]],[[499697,716099],[-1499,1545]],[[501211,720594],[1495,-1539]],[[446783,770838],[-11013,11704]],[[435770,782542],[6676,-1381]],[[442446,781161],[7206,-7487]],[[449652,773674],[-2869,-2836]],[[453726,778666],[3020,-651],[6308,-6253],[3503,-3473]],[[466557,768289],[29170,-28916],[-2157,-2119]],[[493570,737254],[-39844,41412]],[[493570,737254],[-4370,-4293]],[[489200,732961],[-4227,4349]],[[484973,737310],[-8505,8753]],[[476468,746063],[-7346,7560]],[[469122,753623],[-5667,5832]],[[463455,759455],[-2552,2625]],[[460903,762080],[-302,312]],[[460601,762392],[-3169,3266]],[[457432,765658],[-3398,3501]],[[454034,769159],[-4382,4515]],[[442446,781161],[11280,-2495]],[[488822,727289],[-2638,2716]],[[486184,730005],[3016,2956]],[[489200,732961],[2635,-2720]],[[486184,730005],[-4216,4353]],[[481968,734358],[3005,2952]],[[481968,734358],[-8496,8773]],[[473472,743131],[2996,2932]],[[454448,762696],[-144,148],[-3217,3420]],[[451087,766264],[2947,2895]],[[457432,765658],[-2984,-2962]],[[463455,759455],[-2989,-2947]],[[460466,756508],[-2553,2625]],[[457913,759133],[2990,2947]],[[457913,759133],[-300,309]],[[457613,759442],[2988,2950]],[[473472,743131],[-1189,1222],[-6150,6326]],[[466133,750679],[2989,2944]],[[466133,750679],[-3791,3899],[-1876,1930]],[[451087,766264],[-4304,4574]],[[457613,759442],[-3165,3254]],[[815417,389325],[-233,248]],[[815184,389573],[3073,3019]],[[818257,392592],[215,-222],[-3055,-3045]],[[783487,350349],[-2695,-169]],[[780792,350180],[-1518,780]],[[779274,350960],[3985,3885]],[[783259,354845],[228,-4496]],[[845626,299348],[-8834,5426]],[[836792,304774],[7877,7862]],[[844669,312636],[7083,-7308],[-6126,-5980]],[[888672,341401],[-16889,-16496]],[[871783,324905],[-6551,5434],[-4813,4507],[-8054,9695],[-3773,5320],[-3310,5744],[-2984,5726],[-295,6746],[-1898,5404],[-1812,6275],[-1369,6339],[-873,6439],[-249,6526],[-3149,6898],[1061,10473]],[[833714,416431],[34198,-35039],[20760,-39991]],[[923177,293367],[-381,-379],[-1016,367]],[[921780,293355],[-11706,4224]],[[910074,297579],[-3229,1165]],[[906845,298744],[-9268,3228]],[[897577,301972],[-7668,2671]],[[889909,304643],[-1028,358],[-2582,1325]],[[886299,306326],[-9981,5120],[-1445,958]],[[874873,312404],[-6315,4185]],[[868558,316589],[6124,5993]],[[874682,322582],[5637,-3647],[8263,-4218]],[[888582,314717],[3503,-1789]],[[892085,312928],[5612,-1957]],[[897697,310971],[2620,-912]],[[900317,310059],[28087,-9791]],[[928404,300268],[843,-873],[-769,-763]],[[928478,298632],[-5301,-5265]],[[911452,283514],[2893,2757]],[[914345,286271],[2922,2783]],[[917267,289054],[1921,1831]],[[919188,290885],[1711,1630]],[[920899,292515],[881,840]],[[923177,293367],[19872,-7588]],[[943049,285779],[-1202,-851],[4417,-354]],[[946264,284574],[14668,-5720]],[[960932,278854],[-14092,74],[-8091,669],[-2367,-524],[-8177,-8657],[-14098,11661],[-2655,1437]],[[909761,297155],[-2868,1535]],[[906893,298690],[-48,54]],[[910074,297579],[-313,-424]],[[887401,302115],[-3649,1658]],[[883752,303773],[2547,2553]],[[889909,304643],[-2508,-2528]],[[883752,303773],[-5060,2298]],[[878692,306071],[-7852,3566]],[[870840,309637],[-6412,2912]],[[864428,312549],[3032,2967]],[[867460,315516],[7413,-3112]],[[867460,315516],[1098,1073]],[[874682,322582],[16537,16182]],[[891219,338764],[9835,-10181]],[[901054,328583],[-12472,-13866]],[[899341,261525],[-1690,-3625]],[[897651,257900],[-26374,27271]],[[871277,285171],[-1969,2036]],[[869308,287207],[-1775,1834]],[[867533,289041],[-877,907]],[[866656,289948],[-4189,4332]],[[862467,294280],[-8112,8388],[-3191,-3120]],[[851164,299548],[-2025,-1979]],[[849139,297569],[-1358,-1328]],[[847781,296241],[-8715,-8521]],[[839066,287720],[-3478,1829]],[[835588,289549],[8706,8499]],[[844294,298048],[1332,1300]],[[844669,312636],[-5636,5815]],[[839033,318451],[10939,-5967]],[[849972,312484],[4424,-4562],[1412,1379]],[[855808,309301],[9678,9453]],[[865486,318754],[6297,6151]],[[888672,341401],[2547,-2637]],[[864428,312549],[-5154,-5043]],[[859274,307506],[-2290,-2239],[3215,-3309]],[[860199,301958],[10728,-11040]],[[870927,290918],[2653,-2730]],[[873580,288188],[3811,-3923]],[[877391,284265],[21950,-22740]],[[875728,295730],[-15529,6228]],[[859274,307506],[7596,-2833]],[[866870,304673],[8005,-2985]],[[874875,301688],[4954,-1848]],[[879829,299840],[-4101,-4110]],[[873580,288188],[5607,-2351]],[[879187,285837],[-1796,-1572]],[[879187,285837],[17362,-7279],[2640,-1802],[2929,-2484],[1795,-2853]],[[903913,271419],[-4572,-9894]],[[879187,285837],[6639,5813]],[[885826,291650],[16279,-6608],[3040,-2106],[2631,-2996]],[[907776,279940],[-3863,-8521]],[[909933,282037],[-5068,3014],[-6053,6050]],[[898812,291101],[2330,942],[3162,-162],[1397,-404],[492,1649]],[[906193,293126],[4887,-3562],[3265,-3293]],[[911452,283514],[-1519,-1477]],[[946264,284574],[23404,-1878]],[[969668,282696],[6134,-2381]],[[975802,280315],[-2464,-6284],[-12406,4823]],[[892085,312928],[11556,12976]],[[903641,325904],[4580,-4742]],[[908221,321162],[-10524,-10191]],[[897651,257900],[-525,-1529],[-23335,12546],[-570,-952],[-3272,1749],[-7293,5208],[-966,535]],[[861690,275457],[9587,9714]],[[859681,276569],[-3329,1843]],[[856352,278412],[8628,9660]],[[864980,288072],[3607,-1662]],[[868587,286410],[-8906,-9841]],[[856352,278412],[-17286,9308]],[[847781,296241],[17199,-8169]],[[835588,289549],[-29437,15480],[118,6894]],[[806269,311923],[4847,6383]],[[811116,318306],[33178,-20258]],[[812895,319452],[-6428,3949]],[[806467,323401],[142,8256],[-5638,1317]],[[800971,332974],[-4307,9052]],[[796664,342026],[22472,-12501]],[[819136,329525],[12345,-6871]],[[831481,322654],[-325,-612],[-18261,-2590]],[[800971,332974],[-23985,5603],[-9988,10033]],[[766998,348610],[5722,5650]],[[772720,354260],[4724,-2360]],[[777444,351900],[1830,-940]],[[780792,350180],[5899,-3031]],[[786691,347149],[2299,-1180]],[[788990,345969],[7674,-3943]],[[790205,363707],[-3887,3980]],[[786318,367687],[2554,2520]],[[788872,370207],[3833,-3953]],[[792705,366254],[-2500,-2547]],[[789312,370937],[-584,-578]],[[788728,370359],[-710,751]],[[788018,371110],[2600,2588]],[[790618,373698],[727,-750]],[[791345,372948],[-2033,-2011]],[[865486,318754],[-1369,1023],[-5108,4256],[-976,924]],[[858033,324957],[-4214,3958],[-4545,5155],[-3689,4628]],[[845585,338698],[-829,1050],[-3832,5402],[-4020,6806],[-2942,5698],[-4504,5750],[-2393,6592],[-2014,6957],[-1521,7126],[-312,2399]],[[823218,386478],[-670,4619],[-63,2021]],[[822485,393118],[-211,5062],[1606,7406],[278,1426]],[[824158,407012],[9556,9419]],[[901054,328583],[2587,-2679]],[[909891,319433],[-9574,-9374]],[[908221,321162],[1670,-1729]],[[909891,319433],[18513,-19165]],[[849972,312484],[5836,-3183]],[[790618,373698],[7823,7786]],[[798441,381484],[744,-712]],[[799185,380772],[-6528,-6526]],[[792657,374246],[-1312,-1298]],[[831481,322654],[7552,-4203]],[[836792,304774],[-23897,14678]],[[862467,294280],[-11303,5268]],[[920899,292515],[-6894,2370]],[[914005,294885],[-4244,2270]],[[971967,285449],[-484,-2899],[-1815,146]],[[943049,285779],[6627,4689]],[[949676,290468],[3382,2393]],[[953058,292861],[18909,-7412]],[[928478,298632],[21198,-8164]],[[875728,295730],[-4801,-4812]],[[875728,295730],[3817,-1531]],[[879545,294199],[-5965,-6011]],[[894226,299031],[-6825,3084]],[[897577,301972],[-3351,-2941]],[[885826,291650],[4768,4175]],[[890594,295825],[2564,-771]],[[893158,295054],[-1906,-1905],[5921,-3522],[1167,1283],[472,191]],[[909933,282037],[-2157,-2097]],[[885826,291650],[-6281,2549]],[[879545,294199],[4163,4195]],[[883708,298394],[6886,-2569]],[[897156,297556],[-2930,1475]],[[906893,298690],[712,-824]],[[907605,297866],[-1573,533],[-5989,270],[-2887,-1113]],[[906193,293126],[1412,4740]],[[909761,297155],[-501,-678],[3166,-1063]],[[912426,295414],[-2431,548],[-3224,-2916],[10496,-3992]],[[893158,295054],[1564,1563],[2434,939]],[[897156,297556],[9037,-4430]],[[890594,295825],[3632,3206]],[[883708,298394],[3693,3721]],[[870840,309637],[-3970,-4964]],[[878692,306071],[-3817,-4383]],[[883752,303773],[-3923,-3933]],[[919188,290885],[-2305,1894],[-2878,2106]],[[912426,295414],[1579,-529]],[[861690,275457],[-2009,1112]],[[868587,286410],[2690,-1239]],[[864980,288072],[1361,1524]],[[866341,289596],[1192,-555]],[[869308,287207],[-721,-797]],[[849139,297569],[17202,-7973]],[[866656,289948],[-315,-352]],[[811116,318306],[-4688,2862]],[[806428,321168],[39,2233]],[[806269,311923],[159,9245]],[[844071,336656],[-7677,-10168]],[[836394,326488],[-1858,1915]],[[834536,328403],[6512,12254]],[[841048,340657],[3023,-4001]],[[834536,328403],[-10095,10412]],[[824441,338815],[8442,14781]],[[832883,353596],[1616,-2920],[3287,-5366],[3262,-4653]],[[832883,353596],[-1574,2843]],[[831309,356439],[-340,616],[-3857,5036],[-21281,-4084]],[[805831,358007],[-5313,5480]],[[800518,363487],[7012,7102]],[[807530,370589],[4315,4371]],[[811845,374960],[11373,11518]],[[845585,338698],[-1514,-2042]],[[836394,326488],[-2255,-2987]],[[834139,323501],[-1426,1471]],[[832713,324972],[1823,3431]],[[839033,318451],[-4894,5050]],[[836394,326488],[11305,-11659]],[[847699,314829],[2273,-2345]],[[819136,329525],[3398,5950]],[[822534,335475],[10179,-10503]],[[832713,324972],[-1232,-2318]],[[796664,342026],[-2180,7001]],[[794484,349027],[-138,440]],[[794346,349467],[12368,2332]],[[806714,351799],[15820,-16324]],[[772720,354260],[335,331]],[[773055,354591],[7726,7628]],[[780781,362219],[2219,-2268]],[[783000,359951],[123,-2414]],[[783123,357537],[-5679,-5637]],[[847699,314829],[10334,10128]],[[811845,374960],[-3608,3718]],[[808237,378678],[2026,2054]],[[810263,380732],[6778,6868]],[[817041,387600],[4175,4232]],[[821216,391832],[1269,1286]],[[821216,391832],[-1824,1877],[-1135,-1117]],[[818257,392592],[-855,881]],[[817402,393473],[-1099,1132]],[[816303,394605],[2088,2084],[2562,7144]],[[820953,403833],[3205,3179]],[[811056,352619],[-5225,5388]],[[831309,356439],[-20253,-3820]],[[801503,357177],[-7697,-1477]],[[793806,355700],[-67,1024]],[[793739,356724],[4149,4182]],[[797888,360906],[3615,-3729]],[[794346,349467],[-231,742],[-40,715]],[[794075,350924],[-21,378]],[[794054,351302],[-248,4398]],[[801503,357177],[5211,-5378]],[[794484,349027],[-5494,-3058]],[[786691,347149],[6842,3745]],[[793533,350894],[542,30]],[[824441,338815],[-13385,13804]],[[793739,356724],[-316,4788],[-2176,-145]],[[791247,361367],[3147,3144]],[[794394,364511],[1831,-1889]],[[796225,362622],[1663,-1716]],[[787189,350550],[-393,7148],[-3673,-161]],[[783123,357537],[1136,1128]],[[784259,358665],[497,-509],[2512,2559]],[[787268,360715],[406,414]],[[787674,361129],[3573,238]],[[794054,351302],[-521,-408]],[[793533,350894],[-6344,-344]],[[780781,362219],[2631,2597]],[[783412,364816],[3504,-3738]],[[786916,361078],[-3960,-263],[44,-864]],[[784259,358665],[-1259,1286]],[[786916,361078],[352,-363]],[[783487,350349],[3702,201]],[[783259,354845],[-136,2692]],[[796915,367203],[-1630,1681]],[[795285,368884],[496,504],[39,1552],[-727,760]],[[795093,371700],[5963,5852]],[[801056,377552],[1237,-1264],[4645,4600]],[[806938,380888],[1641,1625]],[[808579,382513],[1684,-1781]],[[808237,378678],[-4291,-4348]],[[803946,374330],[-7031,-7127]],[[795285,368884],[-3940,4064]],[[792657,374246],[2436,-2546]],[[799185,380772],[828,-792],[526,516]],[[800539,380496],[1722,-1748]],[[802261,378748],[-1205,-1196]],[[788872,370207],[-144,152]],[[789312,370937],[3980,-4084]],[[793292,366853],[-587,-599]],[[795285,368884],[-1993,-2031]],[[783412,364816],[2906,2871]],[[790205,363707],[-2531,-2578]],[[787674,361129],[-758,-51]],[[792705,366254],[1689,-1743]],[[805831,358007],[-4328,-830]],[[796225,362622],[2628,2582]],[[798853,365204],[1665,-1717]],[[796915,367203],[1938,-1999]],[[803946,374330],[3584,-3741]],[[817041,387600],[-1624,1725]],[[809471,383959],[-530,-520]],[[808941,383439],[-1284,1298]],[[807657,384737],[1041,25]],[[808698,384762],[773,-803]],[[809471,383959],[276,-286]],[[809747,383673],[-529,-527]],[[809218,383146],[-277,293]],[[806938,380888],[-1230,1279]],[[805708,382167],[650,671],[42,741],[-1334,1360]],[[805066,384939],[1213,1191]],[[806279,386130],[1378,-1393]],[[809218,383146],[-639,-633]],[[802261,378748],[3447,3419]],[[809747,383673],[5670,5652]],[[808698,384762],[3254,3256]],[[811952,388018],[5450,5455]],[[815184,389573],[-5713,-5614]],[[816303,394605],[-2339,2297]],[[813964,396902],[6989,6931]],[[810128,389908],[-1572,1630]],[[808556,391538],[2320,2301]],[[810876,393839],[3088,3063]],[[816303,394605],[-3547,-3539],[-702,731],[-1926,-1889]],[[806279,386130],[-1577,1585]],[[804702,387715],[3106,3081]],[[807808,390796],[748,742]],[[810128,389908],[-3849,-3778]],[[805066,384939],[-1558,1588]],[[803508,386527],[1194,1188]],[[805708,382167],[-97,745],[-1289,1298]],[[804322,384210],[744,729]],[[800539,380496],[3783,3714]],[[804322,384210],[-1497,1637]],[[802825,385847],[683,680]],[[800539,380496],[-1531,1553]],[[799008,382049],[3749,3731],[68,67]],[[799185,380772],[173,173],[-657,798]],[[798701,381743],[307,306]],[[811952,388018],[-1824,1890]],[[798441,381484],[260,259]],[[824441,338815],[-1907,-3340]],[[806714,351799],[4342,820]],[[879829,299840],[3879,-1446]],[[840255,481303],[-1907,-8415]],[[838348,472888],[-2419,4468],[4326,3947]],[[814223,541372],[-8676,8848]],[[805547,550220],[34083,33388]],[[839630,583608],[5203,-5349]],[[844833,578259],[725,-3474],[390,-2265]],[[845948,572520],[-31725,-31148]],[[822079,533345],[-3590,3677]],[[818489,537022],[-4266,4350]],[[845948,572520],[1658,-10650],[293,-3222]],[[847899,558648],[-25820,-25303]],[[826857,528454],[-4044,4141]],[[822813,532595],[25191,24899]],[[848004,557494],[572,-6300],[-28,-1310]],[[848548,549884],[-21691,-21430]],[[833081,522081],[-3026,3098]],[[830055,525179],[18353,18195]],[[848408,543374],[-134,-6225]],[[848274,537149],[-15193,-15068]],[[836087,503519],[-10199,11427]],[[825888,514946],[7193,7135]],[[848274,537149],[-41,-6222],[-193,-8107],[-896,-8325]],[[847144,514495],[-11057,-10976]],[[843386,495342],[-4007,4489]],[[839379,499831],[6932,6828]],[[846311,506659],[-524,-4936],[-2401,-6381]],[[815994,452446],[-5049,7291]],[[841562,487162],[-1307,-5859]],[[838348,472888],[-1045,-5209]],[[837303,467679],[-4983,-1620],[-5114,-2328]],[[827206,463731],[-1389,-631],[-723,-520]],[[825094,462580],[-4209,-3029],[-4891,-7105]],[[828966,454187],[-763,4135]],[[828203,458322],[8672,7206]],[[836875,465528],[-2075,-10426]],[[834800,455102],[-5834,-915]],[[830496,440400],[-1005,-3431]],[[829491,436969],[-2458,2414]],[[827033,439383],[472,1858]],[[827505,441241],[2991,-841]],[[820953,403833],[570,8260]],[[821523,412093],[607,5668]],[[822130,417761],[200,1488],[1302,6726],[3401,13408]],[[829491,436969],[-2424,-8338],[-1111,-5397],[-1059,-7429],[-739,-8793]],[[804702,387715],[-2217,2540]],[[802485,390255],[3248,2906]],[[805733,393161],[2075,-2365]],[[782613,365806],[-6061,7515]],[[776552,373321],[4369,3661]],[[780921,376982],[1628,1364]],[[782549,378346],[11027,9242]],[[793576,387588],[2107,-2403]],[[795683,385185],[3018,-3442]],[[788018,371110],[-5405,-5304]],[[783412,364816],[-799,990]],[[766998,348610],[-4300,-4245],[-13417,22375]],[[749281,366740],[4898,-2608]],[[754179,364132],[4571,-2433]],[[758750,361699],[2266,-1207]],[[761016,360492],[5030,-2678]],[[766046,357814],[6674,-3554]],[[749281,366740],[-6221,10883]],[[743060,377623],[3843,-2608]],[[746903,375015],[9279,-6682]],[[756182,368333],[-2003,-4201]],[[734305,382867],[-4055,2429]],[[730250,385296],[5302,-744]],[[735552,384552],[-1247,-1685]],[[730250,385296],[-9210,1514],[-1528,6288]],[[719512,393098],[8584,-6187]],[[728096,386911],[2154,-1615]],[[755338,436539],[19421,12700],[22197,14707],[4893,3894],[26,23]],[[801875,467863],[3989,3601]],[[805864,471464],[4010,3704]],[[809874,475168],[2188,2056],[4405,2674]],[[816467,479898],[4443,2697],[11029,5146]],[[712644,402452],[-6020,8440],[-8283,31420]],[[698341,442312],[6440,6395]],[[704781,448707],[1649,-7341]],[[706430,441366],[5579,-24634]],[[712009,416732],[2485,-10551]],[[714494,406181],[359,-1526]],[[735303,400079],[-1164,4682]],[[734139,404761],[2208,612],[1716,720]],[[738063,406093],[964,-3603]],[[739027,402490],[-3724,-2411]],[[714867,399425],[-1998,2723]],[[783293,426912],[-12390,-8018],[-11147,-3708],[-12922,-5417]],[[746834,409769],[-8771,-3676]],[[734139,404761],[-2954,-818]],[[731185,403943],[-3354,-929]],[[727831,403014],[-307,-84]],[[727524,402930],[-12154,-3366]],[[715370,399564],[-503,-139]],[[743726,405810],[3108,3959]],[[784683,430291],[13207,9345]],[[797890,439636],[3301,2336]],[[801191,441972],[890,630]],[[802081,442602],[3442,2436]],[[805523,445038],[10471,7408]],[[815994,452446],[4698,503]],[[820692,452949],[1200,129]],[[821892,453078],[-4716,-3693]],[[817176,449385],[-1808,-285],[-5934,-4226]],[[808500,444209],[-4676,-3330]],[[803824,440879],[-19074,-13585],[-15946,-11259]],[[768804,416035],[-107,-77]],[[768697,415958],[-1314,-927],[-1752,-777]],[[765631,414254],[-3920,-1738]],[[761711,412516],[-4985,-2211]],[[756726,410305],[-1971,-874]],[[754755,409431],[-5236,-2322]],[[749519,407109],[-5793,-1299]],[[792599,447095],[5291,-7459]],[[809123,476457],[-1298,1995]],[[807825,478452],[3253,2121],[-10537,7484]],[[800541,488057],[-858,896]],[[799683,488953],[2955,2931]],[[802638,491884],[2606,-2624],[4386,4370],[-2574,2635]],[[807056,496265],[4319,4285]],[[811375,500550],[14513,14396]],[[836087,503519],[-7703,-7647],[3609,-3318],[7386,7277]],[[843386,495342],[-759,-3398]],[[816467,479898],[-7344,-3441]],[[809874,475168],[-340,658],[-411,631]],[[805864,471464],[-987,1582]],[[804877,473046],[-1492,2390]],[[803385,475436],[4440,3016]],[[748237,432760],[38069,29976]],[[786306,462736],[17079,12700]],[[804877,473046],[-3002,-5183]],[[736533,423426],[-1392,1424]],[[735141,424850],[2547,2517]],[[737688,427367],[1703,-1662]],[[731732,421481],[3409,3369]],[[712009,416732],[6585,6454],[6412,-6510],[-10512,-10495]],[[706430,441366],[4180,-4768],[2378,-1343]],[[712988,435255],[1578,-8189],[9030,1183],[7407,-7495]],[[704781,448707],[2837,2817],[-3482,3554],[-645,-635]],[[703491,454443],[-531,2414]],[[702960,456857],[27125,26834]],[[730085,483691],[968,-1001]],[[731053,482690],[21290,-21625]],[[752343,461065],[9529,-9679]],[[761872,451386],[-22574,-22428]],[[739298,428958],[-8008,427],[-9761,2245],[-4280,1219],[-4261,2406]],[[704781,448707],[-1290,5736]],[[698341,442312],[-1475,5598]],[[696866,447910],[6625,6533]],[[739298,428958],[-1610,-1591]],[[739298,428958],[4087,1095],[4852,2707]],[[761872,451386],[17974,17859]],[[779846,469245],[6460,-6509]],[[800541,488057],[-1026,729]],[[799515,488786],[168,167]],[[795832,485127],[-5710,5769]],[[790122,490896],[3875,3861]],[[793997,494757],[5686,-5804]],[[799515,488786],[-1995,-1981]],[[797520,486805],[-1688,-1678]],[[786306,462736],[15317,15158]],[[801623,477894],[1762,-2458]],[[801623,477894],[2383,2350],[-6486,6561]],[[800541,488057],[2890,-3361],[2436,-3305],[1958,-2939]],[[793997,494757],[-8958,9144]],[[785039,503901],[11695,11580]],[[796734,515481],[14641,-14931]],[[807056,496265],[-4418,-4381]],[[790122,490896],[-8933,9145]],[[781189,500041],[1141,1144]],[[782330,501185],[2709,2716]],[[801623,477894],[-2634,3548],[-3157,3685]],[[779846,469245],[1116,1109]],[[780962,470354],[14870,14773]],[[780962,470354],[-9522,9701]],[[771440,480055],[-5112,5210]],[[766328,485265],[14861,14776]],[[766328,485265],[-16167,16473]],[[750161,501738],[-928,897],[-856,874]],[[748377,503509],[14934,14707]],[[763311,518216],[822,-842],[17056,-17333]],[[771440,480055],[-19097,-18990]],[[731053,482690],[19108,19048]],[[796734,515481],[21755,21541]],[[822079,533345],[734,-750]],[[826857,528454],[3198,-3275]],[[836087,503519],[3292,-3688]],[[847144,514495],[-833,-7836]],[[848548,549884],[-140,-6510]],[[847899,558648],[105,-1154]],[[805547,550220],[-1597,-1565],[876,2370]],[[804826,551025],[3054,8261],[28371,27796]],[[836251,587082],[3379,-3474]],[[741256,404065],[-2229,-1575]],[[743726,405810],[-2470,-1745]],[[719512,393098],[-2331,3175]],[[717181,396273],[5746,2131]],[[722927,398404],[4785,457]],[[727712,398861],[303,29]],[[728015,398890],[4281,410]],[[732296,399300],[2116,202],[891,577]],[[741256,404065],[902,-1114]],[[742158,402951],[1333,-1646]],[[743491,401305],[-7143,-5030],[-1999,-772]],[[729715,393716],[-748,-289],[-526,-20]],[[728441,393407],[-8929,-309]],[[732296,399300],[-1111,4643]],[[722927,398404],[-5041,773]],[[717886,399177],[-2516,387]],[[727524,402930],[12,-247]],[[727536,402683],[119,-2600]],[[727655,400083],[57,-1222]],[[717181,396273],[-1517,2067]],[[715664,398340],[2222,837]],[[715664,398340],[-797,1085]],[[728015,398890],[-62,1407]],[[727953,400297],[-108,2395]],[[727845,402692],[-14,322]],[[727845,402692],[-309,-9]],[[727655,400083],[298,214]],[[743685,404213],[41,1597]],[[749519,407109],[-125,-120]],[[749394,406989],[-4474,-4307]],[[744920,402682],[-1235,1531]],[[767704,411854],[-2073,2400]],[[768697,415958],[767,-875]],[[769464,415083],[1044,-1191]],[[770508,413892],[-2804,-2038]],[[828766,445492],[1779,5993]],[[830545,451485],[3350,527]],[[833895,452012],[-2170,-7413]],[[831725,444599],[-2959,893]],[[821892,453078],[7074,1109]],[[834800,455102],[-905,-3090]],[[830545,451485],[-5978,-939]],[[824567,450546],[-7391,-1161]],[[805523,445038],[-5242,7350]],[[820692,452949],[-429,4049],[4831,5582]],[[827206,463731],[997,-5409]],[[828203,458322],[-6311,-5244]],[[837303,467679],[-428,-2151]],[[802081,442602],[-5285,7385]],[[801191,441972],[-5313,7382]],[[744920,402682],[-1429,-1377]],[[742158,402951],[1527,1262]],[[758261,386143],[-2238,-1004]],[[756023,385139],[-12532,16166]],[[744920,402682],[13341,-16539]],[[756023,385139],[-9120,-10124]],[[743060,377623],[-3645,6388],[-3863,541]],[[735552,384552],[2279,3079],[-2736,2051]],[[728096,386911],[3216,4344],[-2871,2152]],[[743060,377623],[-8755,5244]],[[767773,359962],[-1727,-2148]],[[761016,360492],[1828,3787]],[[762844,364279],[1703,-1036],[3226,-3281]],[[762844,364279],[2443,5061],[6682,-4162],[-4196,-5216]],[[767773,359962],[5282,-5371]],[[762844,364279],[-2267,1379]],[[760577,365658],[2602,5639],[-4709,1834],[-2288,-4798]],[[758261,386143],[5247,3348]],[[763508,389491],[2011,-2493]],[[765519,386998],[11033,-13677]],[[760577,365658],[-4395,2675]],[[760577,365658],[-1827,-3959]],[[754604,400529],[-5210,6460]],[[754755,409431],[4975,-6169]],[[759730,403262],[-5126,-2733]],[[754604,400529],[6750,-8368]],[[761354,392161],[2154,-2670]],[[795683,385185],[4273,3800]],[[799956,388985],[2869,-3138]],[[772736,418630],[11898,7850],[14224,9511]],[[798858,435991],[-1918,-1877]],[[796940,434114],[-3147,-3078]],[[793793,431036],[-3962,-2592]],[[789831,428444],[-4174,-2732]],[[785657,425712],[-4021,-2630]],[[781636,423082],[-3928,-2571]],[[777708,420511],[-3373,-2207]],[[774335,418304],[-1599,326]],[[803824,440879],[-3565,-3510]],[[800259,437369],[-1401,-1378]],[[772736,418630],[-3932,-2595]],[[824567,450546],[-6027,-1380],[-4207,-1590],[-4899,-2702]],[[811991,440420],[-4247,-3891]],[[807744,436529],[-3034,3366]],[[804710,439895],[4809,3208]],[[809519,443103],[2472,-2683]],[[804710,439895],[-465,517]],[[804245,440412],[4195,3202],[334,-206],[283,196]],[[809057,443604],[462,-501]],[[814078,438156],[-2087,2264]],[[809519,443103],[6271,4157],[3677,-3919],[-5389,-5185]],[[822130,417761],[-4457,4804]],[[817673,422565],[80,6686]],[[817753,429251],[31,2581]],[[817784,431832],[27,2252],[-2372,2587]],[[815439,436671],[-65,71]],[[815374,436742],[-1296,1414]],[[828766,445492],[-1261,-4251]],[[799956,388985],[-2745,3141]],[[797211,392126],[-2844,3254]],[[794367,395380],[-2819,3226]],[[791548,398606],[-2748,3145]],[[788800,401751],[-2723,3117]],[[786077,404868],[-2833,3240]],[[783244,408108],[-2765,3165]],[[780479,411273],[-2774,3175]],[[777705,414448],[-2466,2822]],[[775239,417270],[-904,1034]],[[777708,420511],[-256,-1632],[3261,-3726]],[[780713,415153],[2709,-3095]],[[783422,412058],[2657,-3035]],[[786079,409023],[2673,-3054]],[[788752,405969],[2670,-3052]],[[791422,402917],[3419,-3905]],[[794841,399012],[2671,-3052],[1640,-145],[3505,3196]],[[802657,399011],[3406,3105],[129,1777],[-2593,2962]],[[803599,406855],[-3433,3921]],[[800166,410776],[-2665,3044]],[[797501,413820],[-2666,3046]],[[794835,416866],[-2657,3036]],[[792178,419902],[-2655,3031]],[[789523,422933],[-2131,2436],[-1735,343]],[[789831,428444],[-169,-1660],[2717,-3099]],[[792379,423685],[2741,-3125]],[[795120,420560],[2551,-2910]],[[797671,417650],[262,-298]],[[797933,417352],[2223,-2534]],[[800156,414818],[500,-572]],[[800656,414246],[261,-297]],[[800917,413949],[2521,-2873]],[[803438,411076],[2778,-3170]],[[806216,407906],[1990,-2268],[1620,-210],[3458,3151]],[[813284,408579],[3487,3177],[85,1640],[-1976,2249]],[[814880,415645],[-2780,3163]],[[812100,418808],[-2711,3085]],[[809389,421893],[-2773,3155]],[[806616,425048],[-2786,3170]],[[803830,428218],[-2807,3194]],[[801023,431412],[-2303,2621],[-1780,81]],[[798858,435991],[1652,1102]],[[800510,437093],[-106,-1116],[3022,-3403]],[[803426,432574],[2554,-2879],[1439,-142]],[[807419,429553],[130,-13],[3580,3235]],[[811129,432775],[4310,3896]],[[817784,431832],[-2073,2296]],[[815711,434128],[-94,105],[-4001,-3611]],[[811616,430622],[-2766,-2497],[0,-130]],[[808850,427995],[3,-1585],[2523,-2851]],[[811376,423559],[3245,-3667]],[[814621,419892],[6902,-7799]],[[821523,412093],[-11714,-10401]],[[809809,401692],[-3286,-2918]],[[806523,398774],[-3211,-2852]],[[803312,395922],[-2455,-2180],[-110,-1496],[1738,-1991]],[[811376,423559],[3646,3255]],[[815022,426814],[2731,2437]],[[817673,422565],[-3052,-2673]],[[774335,418304],[-1129,-747]],[[773206,417557],[-3742,-2474]],[[775239,417270],[-2033,287]],[[796768,427608],[-4389,-3923]],[[793793,431036],[2975,-3428]],[[803824,440879],[421,-467]],[[804245,440412],[-3687,-2814]],[[800558,437598],[-299,-229]],[[811064,432847],[-3320,3682]],[[815374,436742],[-4310,-3895]],[[800558,437598],[-48,-505]],[[807744,436529],[-4318,-3955]],[[800510,437093],[4200,2802]],[[811064,432847],[-3645,-3294]],[[811064,432847],[65,-72]],[[831725,444599],[-1229,-4199]],[[813964,396902],[-4155,4790]],[[782549,378346],[-10999,13612]],[[771550,391958],[10524,8745]],[[782074,400703],[2405,-2742]],[[784479,397961],[2762,-3150]],[[787241,394811],[2807,-3200]],[[790048,391611],[2844,-3243]],[[792892,388368],[684,-780]],[[780921,376982],[-10989,13627]],[[769932,390609],[-4103,5088]],[[765829,395697],[-6099,7565]],[[756726,410305],[6969,-8625]],[[763695,401680],[7855,-9722]],[[765829,395697],[-4475,-3536]],[[769932,390609],[-4413,-3611]],[[761711,412516],[2652,-3090]],[[764363,409426],[3621,-4221]],[[767984,405205],[-4289,-3525]],[[767984,405205],[3195,2626]],[[771179,407831],[2699,2219]],[[773878,410050],[2277,-2597]],[[776155,407453],[2795,-3187]],[[778950,404266],[2793,-3185]],[[781743,401081],[331,-378]],[[767704,411854],[-3341,-2428]],[[767704,411854],[3475,-4023]],[[770508,413892],[2872,-3274]],[[773380,410618],[498,-568]],[[777705,414448],[-4325,-3830]],[[780479,411273],[-4324,-3820]],[[783244,408108],[-4294,-3842]],[[786077,404868],[-4334,-3787]],[[788800,401751],[-4321,-3790]],[[791548,398606],[-4307,-3795]],[[794367,395380],[-4319,-3769]],[[797211,392126],[-4319,-3758]],[[785144,419066],[-4431,-3913]],[[781636,423082],[3508,-4016]],[[794841,399012],[4386,3928]],[[799227,402940],[3430,-3929]],[[799227,402940],[4372,3915]],[[789523,422933],[-4379,-3867]],[[799227,402940],[-3421,3917]],[[795806,406857],[4360,3919]],[[795806,406857],[-4384,-3940]],[[788752,405969],[4390,3938]],[[793142,409907],[2664,-3050]],[[786079,409023],[4396,3937]],[[790475,412960],[2667,-3053]],[[783422,412058],[4400,3941]],[[787822,415999],[2653,-3039]],[[785144,419066],[2678,-3067]],[[806216,407906],[4310,3850]],[[810526,411756],[2758,-3177]],[[810526,411756],[4354,3889]],[[801023,431412],[-4255,-3804]],[[803438,411076],[4327,3863]],[[807765,414939],[2761,-3183]],[[800917,413949],[234,219],[-247,295]],[[800904,414463],[4133,3619]],[[805037,418082],[2728,-3143]],[[800904,414463],[-248,-217]],[[800156,414818],[4383,3837]],[[804539,418655],[498,-573]],[[797933,417352],[4373,3876]],[[802306,421228],[2233,-2573]],[[809389,421893],[-4352,-3811]],[[802306,421228],[4310,3820]],[[802306,421228],[-258,298]],[[802048,421526],[-2524,2906]],[[799524,424432],[4306,3786]],[[802048,421526],[-4377,-3876]],[[795120,420560],[4404,3872]],[[799524,424432],[-2756,3176]],[[811693,430536],[-77,86]],[[815711,434128],[-4018,-3592]],[[811693,430536],[-2843,-2541]],[[811693,430536],[3329,-3722]],[[803312,395922],[2421,-2761]],[[806523,398774],[4353,-4935]],[[812100,418808],[-4335,-3869]],[[792178,419902],[-4356,-3903]],[[794835,416866],[-4360,-3906]],[[797501,413820],[-4359,-3913]],[[843424,585014],[1409,-6755]],[[836251,587082],[-802,844],[-50105,51494]],[[785344,639420],[-227,233]],[[785117,639653],[2589,2555]],[[787706,642208],[3814,-3914]],[[791520,638294],[3375,-3463]],[[794895,634831],[2060,-2115]],[[796955,632716],[1356,-1391]],[[798311,631325],[7555,-7753]],[[805866,623572],[3334,-3422]],[[809200,620150],[17704,-18167]],[[826904,601983],[5071,-5204]],[[831975,596779],[6068,-6287],[5381,-5478]],[[704745,660682],[-11519,5789]],[[693226,666471],[2950,2912]],[[696176,669383],[415,-408],[30585,30200]],[[727176,699175],[3246,-3311]],[[730422,695864],[-30511,-30226],[4834,-4956]],[[781703,643161],[-487,501]],[[781216,643662],[-3720,3823]],[[777496,647485],[-5102,5243]],[[772394,652728],[-5091,5232]],[[767303,657960],[-5083,5225]],[[762220,663185],[-6148,6318]],[[756072,669503],[-25650,26361]],[[727176,699175],[1324,1277],[3151,-3178],[1277,1252]],[[732928,698526],[34115,-35115]],[[767043,663411],[20663,-21203]],[[785117,639653],[-3414,3508]],[[755011,707439],[-6876,5999]],[[748135,713438],[537,526]],[[748672,713964],[6339,-6525]],[[748672,713964],[2782,-2473]],[[751454,711491],[9166,-8073],[24640,-21970]],[[785260,681448],[-448,-443]],[[784812,681005],[-2441,2525],[-27360,23909]],[[767043,663411],[7705,7629]],[[774748,671040],[8025,7946]],[[782773,678986],[2039,2019]],[[785260,681448],[2490,-2215],[4407,-4604],[9251,-10682],[2758,-3355],[942,-1204]],[[805108,659388],[-17402,-17180]],[[805108,659388],[3315,-4314]],[[808423,655074],[-5687,-5646]],[[802736,649428],[-5550,-5509]],[[797186,643919],[-5666,-5625]],[[808423,655074],[1274,-1577],[1846,-2099]],[[811543,651398],[-5435,-5409]],[[806108,645989],[-3372,3439]],[[806612,639580],[-1332,1363]],[[805280,640943],[-2092,2140]],[[803188,643083],[2920,2906]],[[811543,651398],[2063,-2346],[1129,-1395]],[[814735,647657],[-8123,-8077]],[[798311,631325],[8301,8255]],[[814735,647657],[3182,-3929],[3510,-4779]],[[821427,638949],[-15561,-15377]],[[822837,633695],[-13637,-13545]],[[821427,638949],[2446,-4226]],[[823873,634723],[-1036,-1028]],[[835618,610536],[-1428,-1402]],[[834190,609134],[-2290,5858],[-4003,8678],[-2632,5397],[-2428,4628]],[[823873,634723],[4029,-7051],[6913,-14788],[803,-2348]],[[826904,601983],[7286,7151]],[[835618,610536],[2615,-7568]],[[838233,602968],[-6258,-6189]],[[838233,602968],[2989,-9331],[1034,-3025],[1168,-5598]],[[696866,447910],[-560,2365],[-9953,37974]],[[686353,488249],[9040,2922]],[[695393,491171],[190,-861],[7377,-33453]],[[686353,488249],[-9186,35043]],[[677167,523292],[7150,7124]],[[684317,530416],[3285,-3353]],[[687602,527063],[7791,-35892]],[[781703,643161],[-555,-549]],[[781148,642612],[68,1050]],[[665910,512045],[-3859,-3855],[-1522,1544]],[[626668,591260],[4407,4927]],[[631075,596187],[6905,-7556],[4754,-6610],[4179,-6447],[3852,-7693],[2982,-8392],[1514,-5127],[10649,-42317]],[[643547,607411],[-1266,1303]],[[642281,608714],[1714,1692]],[[643995,610406],[1287,-1318]],[[645282,609088],[-1735,-1677]],[[643995,610406],[-3717,3813]],[[640278,614219],[1884,1859]],[[642162,616078],[3185,3143]],[[645347,619221],[2981,-2709]],[[648328,616512],[922,-914]],[[649250,615598],[-1617,-1598]],[[647633,614000],[-3638,-3594]],[[672280,543280],[-1664,6805]],[[670616,550085],[3463,3413]],[[674079,553498],[4162,-4295],[-5961,-5923]],[[677167,523292],[-3584,-3581]],[[673583,519711],[-9657,38881],[-1186,4430],[-2743,8781],[-3184,7355],[-5082,8931],[-5555,7795],[-4000,4653],[-3771,3843]],[[638405,604380],[3876,4334]],[[643547,607411],[2986,-3294],[1393,-1632],[5326,-7543],[2619,-4205]],[[655871,590737],[2808,-4574],[4063,-9231],[1954,-5659]],[[664696,571273],[2043,-6126],[1705,-6262],[2172,-8800]],[[672280,543280],[188,-766]],[[672468,542514],[4699,-19222]],[[664696,571273],[8871,8839]],[[673567,580112],[2044,-2094]],[[675611,578018],[1706,-5420],[3102,-12852]],[[680419,559746],[-6340,-6248]],[[655871,590737],[4405,2991]],[[660276,593728],[2899,-2971]],[[663175,590757],[6388,-6544]],[[669563,584213],[4004,-4101]],[[645282,609088],[11512,-11794]],[[656794,597294],[3482,-3566]],[[673583,519711],[-7673,-7666]],[[631075,596187],[7330,8193]],[[687602,527063],[5263,-5374]],[[692865,521689],[8377,-8552]],[[701242,513137],[8289,-8463]],[[709531,504674],[7160,-7309]],[[716691,497365],[7089,-7238]],[[723780,490127],[6305,-6436]],[[723780,490127],[19122,18973]],[[742902,509100],[5475,-5591]],[[684484,541909],[-5795,-5747]],[[678689,536162],[-5741,5861]],[[672948,542023],[8555,8541],[1481,-1514]],[[682984,549050],[1323,-6299]],[[684307,542751],[177,-842]],[[672948,542023],[-480,491]],[[680419,559746],[2565,-10696]],[[689515,542377],[3360,-3434]],[[692875,538943],[-3784,-3771]],[[689091,535172],[424,7205]],[[689515,542377],[173,2952]],[[689688,545329],[1246,1231]],[[698701,554234],[3886,-3968]],[[702587,550266],[809,-827]],[[703396,549439],[-2204,-2199]],[[701192,547240],[-2154,-2149]],[[699038,545091],[-6163,-6148]],[[678689,536162],[765,-781]],[[679454,535381],[4863,-4965]],[[751241,605878],[-16680,-16517]],[[734561,589361],[-152,156]],[[751107,606016],[134,-138]],[[768649,588025],[-428,439]],[[768221,588464],[-8545,8763]],[[759676,597227],[-8435,8651]],[[747644,609546],[-500,514]],[[747144,610060],[-1746,1791]],[[745398,611851],[684,6445]],[[746082,618296],[4577,-4693]],[[750659,613603],[562,-575],[594,587]],[[751815,613615],[6533,6458]],[[758348,620073],[2447,2419]],[[760795,622492],[3581,3540]],[[764376,626032],[3808,3764]],[[768184,629796],[2582,2553]],[[770766,632349],[10382,10263]],[[785117,639653],[-30477,-30103],[193,-198]],[[754833,609352],[17424,-17805],[-3608,-3522]],[[785039,503901],[-17046,17293],[-24832,25425]],[[743161,546619],[14686,14544]],[[757847,561163],[2185,2163]],[[760032,563326],[16635,16476]],[[776667,579802],[3031,-3109]],[[779698,576693],[16943,-17376]],[[796641,559317],[4855,-4979],[3330,-3313]],[[796641,559317],[4877,2203],[-16907,17331],[-4913,-2158]],[[776667,579802],[-8018,8223]],[[754833,609352],[30511,30068]],[[690243,554490],[-7450,7596]],[[682793,562086],[4266,4204]],[[687059,566290],[1866,-1915]],[[688925,564375],[1804,-1850]],[[690729,562525],[-486,-8035]],[[675611,578018],[460,-471]],[[676071,577547],[6416,-6574]],[[682487,570973],[4572,-4683]],[[682793,562086],[-2374,-2340]],[[690818,553903],[-89,8622]],[[690729,562525],[4590,-4708]],[[690823,553399],[-5,504]],[[688925,564375],[5801,5724]],[[694726,570099],[6404,-6537]],[[747037,608946],[107,1114]],[[731607,626002],[-2796,2869]],[[728811,628871],[-6002,6159]],[[722809,635030],[-5915,6069]],[[716894,641099],[-5989,6145]],[[710905,647244],[-2064,2118]],[[708841,649362],[-6352,6518]],[[702489,655880],[-6116,6275],[-6996,-6911]],[[689377,655244],[-6943,-6860]],[[682434,648384],[-6951,-6868]],[[675483,641516],[-1595,-1576]],[[673888,639940],[-1928,5545]],[[671960,645485],[21266,20986]],[[704745,660682],[20803,-21330]],[[725548,639352],[6129,-6285]],[[731677,633067],[4260,-4368]],[[735937,628699],[-1699,-1058]],[[734238,627641],[-2631,-1639]],[[695486,649005],[-6109,6239]],[[702489,655880],[-7003,-6875]],[[647633,614000],[12782,-13116]],[[660415,600884],[-3621,-3590]],[[682487,570973],[14836,14770]],[[697323,585743],[6504,-6664]],[[703827,579079],[-9101,-8980]],[[690876,550103],[-956,-941]],[[689920,549162],[323,5328]],[[690243,554490],[575,-587]],[[689753,546405],[1165,1144]],[[689688,545329],[65,1076]],[[688033,543890],[-764,781]],[[687269,544671],[-511,523]],[[686758,545194],[480,478],[877,-878],[1638,1611]],[[689688,545329],[-1557,-1539]],[[688131,543790],[-98,100]],[[686451,532542],[-1700,8094]],[[684751,540636],[3282,3254]],[[688131,543790],[1384,-1413]],[[689091,535172],[-2640,-2630]],[[682984,549050],[3347,-3420]],[[686331,545630],[427,-436]],[[686758,545194],[-2451,-2443]],[[689920,549162],[-3589,-3532]],[[675611,578018],[-2874,6691],[-873,1779]],[[671864,586488],[4354,4307]],[[676218,590795],[5458,-5558],[8233,8101]],[[689909,593338],[975,-1000]],[[690884,592338],[-14813,-14791]],[[669563,584213],[2301,2275]],[[671864,586488],[-2193,4469],[-2408,3846]],[[667263,594803],[10791,10680]],[[678054,605483],[6394,-6551]],[[684448,598932],[-6872,-6796]],[[677576,592136],[-1358,-1341]],[[663175,590757],[4088,4046]],[[667263,594803],[-1110,1772],[-1400,1899]],[[664753,598474],[10231,10154]],[[674984,608628],[3070,-3145]],[[660415,600884],[1428,1415]],[[661843,602299],[701,-830],[2209,-2995]],[[661843,602299],[2333,2312]],[[664176,604611],[3627,3594]],[[667803,608205],[3860,3825]],[[671663,612030],[3321,-3402]],[[661843,602299],[-3952,4673],[-8641,8626]],[[649250,615598],[2135,2110]],[[651385,617708],[4286,-4388]],[[655671,613320],[4589,-4699]],[[660260,608621],[3916,-4010]],[[645347,619221],[2471,2438]],[[647818,621659],[457,451]],[[648275,622110],[627,619]],[[648902,622729],[2281,2251]],[[651183,624980],[125,124]],[[651308,625104],[2299,2268]],[[653607,627372],[1475,1456]],[[655082,628828],[2915,-2759],[-9669,-9557]],[[655082,628828],[932,921]],[[656014,629749],[3544,3496]],[[659558,633245],[12402,12240]],[[673888,639940],[-5418,-5353]],[[668470,634587],[-5680,-5611]],[[662790,628976],[-1270,-1256]],[[661520,627720],[-2633,-2601]],[[658887,625119],[-3836,-3790]],[[655051,621329],[-3666,-3621]],[[689920,549162],[-167,-2757]],[[687269,544671],[-2785,-2762]],[[684484,541909],[267,-1273]],[[684751,540636],[-5297,-5255]],[[703827,579079],[6384,-6540]],[[697323,585743],[-6439,6595]],[[689909,593338],[-2261,2316]],[[687648,595654],[-3200,3278]],[[671663,612030],[-3353,3435]],[[668310,615465],[-953,976]],[[667357,616441],[-3319,3401]],[[664038,619842],[-5151,5277]],[[661520,627720],[12465,-12781]],[[673985,614939],[2098,-2150]],[[676083,612789],[6006,-6159]],[[682089,606630],[5922,-6072]],[[688011,600558],[5933,-6083]],[[693944,594475],[6056,-6210]],[[700000,588265],[4297,-4406]],[[704297,583859],[8524,-8740]],[[667803,608205],[-3340,3462]],[[664463,611667],[3847,3798]],[[655671,613320],[3659,3609]],[[659330,616929],[863,-887]],[[660193,616042],[3320,-3413]],[[663513,612629],[-1330,-1319],[417,-419]],[[662600,610891],[-2340,-2270]],[[663513,612629],[3844,3812]],[[664463,611667],[-1329,-1312],[-534,536]],[[659330,616929],[-4279,4400]],[[664038,619842],[-3845,-3800]],[[687648,595654],[-6919,-6840],[-3153,3322]],[[662790,628976],[12475,-12773]],[[675265,616203],[-1280,-1264]],[[716136,604152],[-6085,6222]],[[710051,610374],[-5986,6121]],[[704065,616495],[-5914,6046]],[[698151,622541],[-6004,6140],[-14793,-14635]],[[677354,614046],[-1271,-1257]],[[675265,616203],[5689,5618]],[[680954,621821],[7006,6920]],[[687960,628741],[6958,6871]],[[694918,635612],[6956,6869]],[[701874,642481],[6967,6881]],[[710905,647244],[-16578,-16346],[6040,-6194]],[[700367,624704],[5932,-6083]],[[706299,618621],[5940,-6092]],[[712239,612529],[6076,-6231]],[[718315,606298],[-1082,-1066]],[[717233,605232],[-1097,-1080]],[[701874,642481],[-6388,6524]],[[694918,635612],[-12484,12772]],[[687960,628741],[-12477,12775]],[[680954,621821],[-12484,12766]],[[721512,600865],[-4279,4367]],[[718315,606298],[16583,16327]],[[734898,622625],[4238,-4349]],[[739136,618276],[-7051,-6966]],[[732085,611310],[-6910,-6826]],[[725175,604484],[-3663,-3619]],[[712239,612529],[16572,16342]],[[731607,626002],[3291,-3377]],[[683358,607887],[-6004,6159]],[[698151,622541],[-14793,-14654]],[[683358,607887],[-1269,-1257]],[[695213,595727],[-1269,-1252]],[[688011,600558],[1266,1257]],[[689277,601815],[5936,-6088]],[[695213,595727],[6056,-6212]],[[701269,589515],[-1269,-1250]],[[695213,595727],[3791,3743]],[[699004,599470],[6086,-6194]],[[705090,593276],[-2963,-2916]],[[702127,590360],[-858,-845]],[[699004,599470],[3180,3138]],[[702184,602608],[6072,-6214]],[[708256,596394],[-3166,-3118]],[[702184,602608],[7867,7766]],[[716136,604152],[-7569,-7451]],[[708567,596701],[-311,-307]],[[689277,601815],[14788,14680]],[[689277,601815],[-5919,6072]],[[716894,641099],[-16527,-16395]],[[706299,618621],[16510,16409]],[[740620,602602],[-8535,8708]],[[739136,618276],[4810,-4935]],[[743946,613341],[1072,-5068],[380,3578]],[[733179,596283],[-8004,8201]],[[739594,601587],[-6415,-5304]],[[726544,589003],[2985,3698],[3650,3582]],[[733179,596283],[515,-528]],[[726701,588842],[-157,161]],[[725281,587438],[1263,1565]],[[726544,589003],[-8360,8575]],[[718184,597578],[3328,3287]],[[719741,581961],[-8516,8742]],[[711225,590703],[1597,1578]],[[712822,592281],[5362,5297]],[[713488,576981],[-7925,8129]],[[705563,585110],[873,862]],[[706436,585972],[4789,4731]],[[714714,576991],[-1226,-10]],[[714085,576369],[-597,612]],[[706436,585972],[-4309,4388]],[[708567,596701],[4255,-4420]],[[705563,585110],[-4294,4405]],[[750659,613603],[1156,12]],[[756072,669503],[-14549,-14372]],[[741523,655131],[-15975,-15779]],[[747687,648854],[-6164,6277]],[[762220,663185],[-11032,-10879]],[[751188,652306],[-3501,-3452]],[[735937,628699],[1635,-1676]],[[737572,627023],[-3334,618]],[[742016,622466],[-3549,3639]],[[738467,626105],[648,632]],[[739115,626737],[2079,-385],[822,-3886]],[[746082,618296],[-4066,4170]],[[739115,626737],[-1543,286]],[[731677,633067],[7123,7023]],[[738800,640090],[4475,-4582]],[[743275,635508],[15073,-15435]],[[743946,613341],[1452,-1490]],[[743946,613341],[-1930,9125]],[[738467,626105],[-3569,-3480]],[[737572,627023],[895,-918]],[[767303,657960],[-10962,-10907]],[[756341,647053],[-726,740]],[[755615,647793],[-4427,4513]],[[743275,635508],[1656,1648]],[[744931,637156],[3492,3477]],[[748423,640633],[3570,3554]],[[751993,644187],[3622,3606]],[[756341,647053],[5112,-5212]],[[761453,641841],[5103,-5201]],[[766556,636640],[4210,-4291]],[[768184,629796],[-49,1084],[-2728,2795]],[[765407,633675],[-3294,3374]],[[762113,637049],[-3301,3382]],[[758812,640431],[-2764,2831],[-1086,50],[-3737,-3685]],[[751225,639627],[-3609,-3559],[-39,-1070],[2818,-2891]],[[750395,632107],[3308,-3395]],[[753703,628712],[3282,-3367]],[[756985,625345],[2761,-2833],[1049,-20]],[[766556,636640],[10940,10845]],[[761453,641841],[10941,10887]],[[738800,640090],[1644,1621]],[[740444,641711],[4487,-4555]],[[740444,641711],[3530,3481]],[[743974,645192],[4449,-4559]],[[743974,645192],[3583,3534]],[[747557,648726],[4436,-4539]],[[747557,648726],[130,128]],[[756985,625345],[4117,4072]],[[761102,629417],[3274,-3385]],[[751225,639627],[3312,-3424]],[[754537,636203],[-4142,-4096]],[[758812,640431],[-4275,-4228]],[[761102,629417],[4305,4258]],[[757828,632801],[-3291,3402]],[[762113,637049],[-4285,-4248]],[[761102,629417],[-3274,3384]],[[763311,518216],[1155,1138]],[[764466,519354],[821,-838],[17043,-17331]],[[705562,542795],[-4370,4445]],[[703396,549439],[3122,-3188]],[[706518,546251],[1258,-1284]],[[707776,544967],[-2214,-2172]],[[705562,542795],[-2126,-2085],[-4398,4381]],[[687602,527063],[-1151,5479]],[[707776,544967],[2675,-2731]],[[710451,542236],[1518,-1551]],[[711969,540685],[-19104,-18996]],[[711969,540685],[2337,-2386]],[[714306,538299],[3950,-4033]],[[718256,534266],[2125,-2170]],[[720381,532096],[-19139,-18959]],[[720381,532096],[1798,-1836]],[[722179,530260],[2227,-2274]],[[724406,527986],[4255,-4345]],[[728661,523641],[-19130,-18967]],[[735809,516342],[-19118,-18977]],[[728661,523641],[3089,-3154]],[[731750,520487],[4059,-4145]],[[735809,516342],[5986,-6112]],[[741795,510230],[1107,-1130]],[[746566,535346],[-14816,-14859]],[[724406,527986],[5329,5298]],[[729735,533284],[4778,4751]],[[734513,538035],[4779,4751]],[[739292,542786],[7274,-7440]],[[734513,538035],[-3660,3761]],[[730853,541796],[4782,4731]],[[735635,546527],[3657,-3741]],[[760032,563326],[-8441,8628]],[[751591,571954],[16630,16510]],[[756691,524987],[-14896,-14757]],[[746566,535346],[10125,-10359]],[[764466,519354],[-6623,6774]],[[757843,526128],[-17401,17797]],[[740442,543925],[1430,1416]],[[741872,545341],[1289,1278]],[[757843,526128],[-1152,-1141]],[[739292,542786],[1150,1139]],[[756691,524987],[6620,-6771]],[[724818,562800],[-8569,8773]],[[717542,572850],[1476,-1512]],[[719018,571338],[7091,-7260]],[[726109,564078],[-1291,-1278]],[[735635,546527],[-1891,1935]],[[733744,548462],[-4475,4578]],[[729269,553040],[-4471,4573]],[[724798,557613],[-1899,1944]],[[722899,559557],[-4493,4596]],[[718406,564153],[-4749,4858]],[[724818,562800],[8611,-8816]],[[733429,553984],[8443,-8643]],[[732674,586938],[-430,440]],[[734561,589361],[-1887,-2423]],[[732674,586938],[-4975,-5904],[-8607,-8558],[-74,-1138]],[[757847,561163],[-8439,8640]],[[749408,569803],[-8609,8815]],[[740799,578618],[-8125,8320]],[[734561,589361],[8410,-8596]],[[742971,580765],[8620,-8811]],[[742971,580765],[16705,16462]],[[740799,578618],[-14690,-14540]],[[726109,564078],[8611,-8816]],[[734720,555262],[-1291,-1278]],[[734720,555262],[14688,14541]],[[743161,546619],[-8441,8643]],[[727477,535621],[-1927,-1950]],[[725550,533671],[-3897,3958]],[[721653,537629],[-3963,4024]],[[717690,541653],[-3867,3928]],[[713823,545581],[-3951,4012]],[[709872,549593],[-3935,3997]],[[705937,553590],[-3890,3951]],[[704002,559472],[4750,-4827]],[[708752,554645],[4030,-4094]],[[712782,550551],[2940,-2988]],[[715722,547563],[3936,-3998]],[[719658,543565],[4006,-4071],[1092,6],[2656,2648]],[[727412,542148],[3181,3171]],[[730593,545319],[3151,3143]],[[730853,541796],[-4278,-4231],[-5,-1006],[907,-938]],[[729735,533284],[-2258,2337]],[[722179,530260],[3371,3411]],[[718256,534266],[3397,3363]],[[705937,553590],[-3350,-3324]],[[709872,549593],[-3354,-3342]],[[713823,545581],[-3372,-3345]],[[717690,541653],[-3384,-3354]],[[719658,543565],[3210,3164]],[[722868,546729],[4544,-4581]],[[707212,562644],[4764,-4824]],[[711976,557820],[-3224,-3175]],[[712782,550551],[990,-1],[2727,2691]],[[716499,553241],[3219,3176]],[[719718,556417],[3181,3140]],[[724798,557613],[-3177,-3139]],[[721621,554474],[-3250,-3211]],[[718371,551263],[-2652,-2621],[3,-1079]],[[711976,557820],[4523,-4579]],[[719718,556417],[-4507,4590]],[[715211,561007],[3195,3146]],[[718371,551263],[4497,-4534]],[[722868,546729],[3226,3181]],[[726094,549910],[4499,-4591]],[[726094,549910],[-4473,4564]],[[729269,553040],[-3175,-3130]],[[710456,565849],[4755,-4842]],[[715211,561007],[-3235,-3187]],[[800546,640454],[-5651,-5623]],[[797186,643919],[3360,-3465]],[[805280,640943],[-8325,-8227]],[[800546,640454],[2642,2629]],[[732928,698526],[7697,7547]],[[740625,706073],[34123,-35033]],[[740625,706073],[7510,7365]],[[755011,707439],[27762,-28453]],[[753703,628712],[4125,4089]],[[704297,583859],[1266,1251]],[[686451,532542],[-2134,-2126]],[[553644,675961],[714,14653]],[[554358,690614],[4721,-4779]],[[559079,685835],[-532,-14899]],[[558547,670936],[-4903,5025]],[[586127,661648],[-2599,2740],[2753,1947]],[[586281,666335],[2639,-2721]],[[588920,663614],[-2793,-1966]],[[615745,635964],[5998,5903]],[[621743,641867],[12988,-12357]],[[634731,629510],[-2828,-2784]],[[631903,626726],[-3221,-3172],[5646,-5849]],[[634328,617705],[4626,-4792]],[[638954,612913],[-432,-427],[-22777,23478]],[[659558,633245],[-25565,26322]],[[633993,659567],[-18538,19088]],[[615455,678655],[4377,4313]],[[619832,682968],[3586,3534]],[[623418,686502],[3617,3564]],[[627035,690066],[3635,3583]],[[630670,693649],[3587,3535]],[[634257,697184],[3558,3506]],[[637815,700690],[3644,3590]],[[641459,704280],[3633,3581]],[[645092,707861],[3536,3485]],[[648628,711346],[3528,3476]],[[652156,714822],[1567,1545]],[[653723,716367],[3593,3541]],[[657316,719908],[3639,3587]],[[660955,723495],[3585,3532]],[[664540,727027],[3584,3531]],[[668124,730558],[3613,3561]],[[671737,734119],[3583,3530]],[[675320,737649],[7341,7235]],[[682661,744884],[44199,-45385]],[[726860,699499],[-30684,-30116]],[[696176,669383],[-2494,3106]],[[693682,672489],[25553,24858],[-4030,-3261],[-14087,-12352],[-2647,-2691],[-4789,-6554]],[[726860,699499],[316,-324]],[[682661,744884],[-2719,2792]],[[679942,747676],[-4371,4488]],[[675571,752164],[-572,587]],[[674999,752751],[-2718,2791]],[[672281,755542],[-4920,5053]],[[667361,760595],[-2520,2587]],[[664841,763182],[-4319,4435]],[[660522,767617],[2800,2389]],[[663322,770006],[4007,-4116]],[[667329,765890],[4349,-4466]],[[671678,761424],[1070,-1099]],[[672748,760325],[2746,-2820]],[[675494,757505],[2735,-2808]],[[678229,754697],[3016,-3097]],[[681245,751600],[3418,-3510]],[[684663,748090],[2820,-2896]],[[687483,745194],[3521,-3615]],[[691004,741579],[3608,-3706]],[[694612,737873],[2704,-2777]],[[697316,735096],[3564,-3660]],[[700880,731436],[2969,-3048]],[[703849,728388],[5042,-5179]],[[708891,723209],[17531,-18001]],[[726422,705208],[6506,-6682]],[[748135,713438],[-7217,6097]],[[740918,719535],[-19225,16243]],[[721693,735778],[829,814]],[[722522,736592],[26150,-22628]],[[748672,713964],[7112,7055],[2712,-2449],[-7042,-7079]],[[675975,774292],[-6508,5478]],[[669467,779770],[-4150,3494]],[[665317,783264],[-9374,7781]],[[655943,791045],[1711,1679],[19724,-17068]],[[677378,775656],[-1403,-1364]],[[589302,663221],[-382,393]],[[586281,666335],[-359,370]],[[585922,666705],[5061,4980]],[[590983,671685],[3515,-3298]],[[594498,668387],[-5196,-5166]],[[559079,685835],[294,8242]],[[559373,694077],[12075,-12449]],[[571448,681628],[-795,-5725],[-477,-1433]],[[570176,674470],[-1252,-3757]],[[568924,670713],[-10071,-91]],[[558853,670622],[-336,-14],[30,328]],[[584118,660234],[-13942,14236]],[[571448,681628],[14474,-14923]],[[586127,661648],[-2009,-1414]],[[568924,670713],[-2587,-7763]],[[566337,662950],[-5892,6039],[-1592,1633]],[[584118,660234],[-8970,-6316],[-8811,9032]],[[554358,690614],[-27,780],[370,7482]],[[554701,698876],[3541,-3647],[1131,-1152]],[[602454,683057],[-26519,27374]],[[575935,710431],[875,865]],[[576810,711296],[13512,-13891]],[[590322,697405],[13060,-13427]],[[603382,683978],[-928,-921]],[[614384,670759],[-912,940]],[[613472,671699],[946,933]],[[614418,672632],[911,-936]],[[615329,671696],[-945,-937]],[[633993,659567],[-3543,-3461]],[[630450,656106],[-11740,12103]],[[618710,668209],[-3381,3487]],[[614418,672632],[-2484,2554]],[[611934,675186],[3521,3469]],[[649781,634289],[937,921]],[[650718,635210],[5296,-5461]],[[655082,628828],[-5301,5461]],[[650718,635210],[-2909,2998]],[[647809,638208],[-2086,2151]],[[645723,640359],[-507,524]],[[645216,640883],[-3334,3436]],[[641882,644319],[-6084,6272]],[[635798,650591],[-2576,2657]],[[633222,653248],[-2772,2858]],[[559373,694077],[4789,4729]],[[564162,698806],[1156,-1210]],[[565318,697596],[13565,-14204],[12100,-11707]],[[565318,697596],[25904,-25673]],[[591222,671923],[-239,-238]],[[598856,664077],[-5300,-5241]],[[593556,658836],[-3440,3546]],[[590116,662382],[5246,5195]],[[595362,667577],[3494,-3500]],[[595362,667577],[3435,3403]],[[598797,670980],[3421,-3573]],[[602218,667407],[-2551,-2528]],[[599667,664879],[-811,-802]],[[602376,660751],[-5456,-5382]],[[596920,655369],[-3364,3467]],[[599667,664879],[3365,-3481]],[[603032,661398],[-656,-647]],[[613472,671699],[-3390,3493]],[[610082,675192],[940,931]],[[611022,676123],[912,-937]],[[610082,675192],[-3447,3551]],[[606635,678743],[937,928]],[[607572,679671],[3450,-3548]],[[606635,678743],[-845,871]],[[605790,679614],[934,928]],[[606724,680542],[848,-871]],[[605790,679614],[-3336,3443]],[[603382,683978],[1676,-1723]],[[605058,682255],[1666,-1713]],[[564162,698806],[1415,1398]],[[565577,700204],[10358,10227]],[[602454,683057],[-4038,-4002]],[[598416,679055],[-7194,-7132]],[[594644,668532],[-3422,3391]],[[598416,679055],[3343,-3449]],[[601759,675606],[-7115,-7074]],[[605790,679614],[-4031,-4008]],[[648325,632854],[1456,1435]],[[653607,627372],[-5282,5482]],[[598797,670980],[852,844]],[[599649,671824],[3463,-3533]],[[603112,668291],[-894,-884]],[[599649,671824],[3864,3827]],[[603513,675651],[3432,-3565]],[[606945,672086],[-1622,-1606]],[[605323,670480],[-2211,-2189]],[[603513,675651],[3122,3092]],[[610082,675192],[-3137,-3106]],[[597865,654394],[-945,975]],[[602376,660751],[954,-943]],[[603330,659808],[-5465,-5414]],[[618710,668209],[-943,-935]],[[617767,667274],[-3383,3485]],[[605323,670480],[3342,-3524]],[[608665,666956],[-5633,-5558]],[[613472,671699],[-4807,-4743]],[[606791,656386],[-5570,-5451]],[[601221,650935],[-3356,3459]],[[603330,659808],[3461,-3422]],[[603330,659808],[11054,10951]],[[617767,667274],[-10976,-10888]],[[615745,635964],[-14524,14971]],[[606791,656386],[14952,-14519]],[[617767,667274],[14517,-14957]],[[632284,652317],[-9573,-9499]],[[622711,642818],[-968,-951]],[[622711,642818],[2520,-2617]],[[625231,640201],[6091,-6327]],[[631322,633874],[3828,-3976]],[[635150,629898],[-419,-388]],[[637569,620845],[-5666,5881]],[[634731,629510],[5132,-4974]],[[639863,624536],[5484,-5315]],[[642162,616078],[-4593,4767]],[[639863,624536],[211,207]],[[640074,624743],[5273,-5522]],[[640074,624743],[-4924,5155]],[[635150,629898],[2400,2376]],[[637550,632274],[4961,-5128]],[[642511,627146],[-2437,-2403]],[[632284,652317],[2573,-2651]],[[634857,649666],[-9626,-9465]],[[635798,650591],[-941,-925]],[[632284,652317],[938,931]],[[634857,649666],[6089,-6273]],[[640946,643393],[-6024,-5958]],[[634922,637435],[-3600,-3561]],[[644280,639958],[-3334,3435]],[[640946,643393],[936,926]],[[645216,640883],[-936,-925]],[[634922,637435],[3332,-3429],[6026,5952]],[[644280,639958],[508,-524]],[[644788,639434],[-3746,-3706]],[[641042,635728],[-2391,-2365]],[[638651,633363],[-629,-623]],[[638022,632740],[-472,-466]],[[645723,640359],[-935,-925]],[[637569,620845],[-3241,-3140]],[[640278,614219],[-1324,-1306]],[[642511,627146],[5307,-5487]],[[638022,632740],[10253,-10630]],[[638651,633363],[4962,-5147]],[[643613,628216],[5289,-5487]],[[643613,628216],[2281,2246]],[[645894,630462],[5289,-5482]],[[649781,634289],[-2908,2996]],[[646873,637285],[936,923]],[[645894,630462],[121,119]],[[646015,630581],[5293,-5477]],[[646015,630581],[2310,2273]],[[646873,637285],[-2085,2149]],[[675320,737649],[-3546,3691]],[[671774,741340],[6406,6309],[1762,27]],[[650154,720047],[-1575,-1552]],[[648579,718495],[-3470,3563],[607,608]],[[645716,722666],[406,1],[2672,2630]],[[648794,725297],[3357,3305]],[[652151,728602],[3344,3292]],[[655495,731894],[3323,3271]],[[658818,735165],[3406,3353]],[[662224,738518],[3391,3338]],[[665615,741856],[3323,3272]],[[668938,745128],[3393,3340]],[[672331,748468],[2673,2631],[-2,543]],[[675002,751642],[569,522]],[[671774,741340],[-3613,-3559]],[[668161,737781],[-3587,-3533]],[[664574,734248],[-3600,-3545]],[[660974,730703],[-3585,-3531]],[[657389,727172],[-3632,-3576]],[[653757,723596],[-3603,-3549]],[[605058,682255],[2710,2667]],[[607768,684922],[1559,1535]],[[609327,686457],[475,466]],[[609802,686923],[2909,2864]],[[612711,689787],[2894,2847]],[[615605,692634],[4315,4247]],[[619920,696881],[4859,4782]],[[624779,701663],[3304,3251]],[[628083,704914],[3389,3336]],[[631472,708250],[3331,3278]],[[634803,711528],[3418,3364]],[[638221,714892],[2843,2798],[-3,366]],[[641061,718056],[538,513],[3452,-3548]],[[645051,715021],[-3535,-3482]],[[641516,711539],[-3631,-3575]],[[637885,707964],[-3644,-3590]],[[634241,704374],[-3537,-3483]],[[630704,700891],[-3626,-3572]],[[627078,697319],[-3627,-3571]],[[623451,693748],[-3613,-3558]],[[619838,690190],[-3588,-3534]],[[616250,686656],[-3561,-3507],[13,-1660],[2753,-2834]],[[616250,686656],[3582,-3688]],[[619838,690190],[3580,-3688]],[[623451,693748],[3584,-3682]],[[627078,697319],[3592,-3670]],[[630704,700891],[3553,-3707]],[[634241,704374],[3574,-3684]],[[637885,707964],[3574,-3684]],[[641516,711539],[3576,-3678]],[[645051,715021],[3577,-3675]],[[634696,718454],[3599,3552]],[[638295,722006],[2759,-2834],[7,-1116]],[[638221,714892],[-3525,3562]],[[648579,718495],[-3528,-3474]],[[638295,722006],[3496,3449]],[[641791,725455],[2718,-2793],[1207,4]],[[590322,697405],[1424,1409]],[[591746,698814],[4250,-4237],[1500,1491]],[[597496,696068],[1479,1469]],[[598975,697537],[2999,2978]],[[601974,700515],[3025,3005]],[[604999,703520],[1913,-1964]],[[606912,701556],[-2869,-2845]],[[604043,698711],[-2961,-2936]],[[601082,695775],[-1677,-1663]],[[599405,694112],[-602,-597],[-101,-975],[3807,-3885]],[[602509,688655],[3626,-3700],[1633,-33]],[[648579,718495],[3577,-3673]],[[668801,752108],[614,607]],[[669415,752715],[2866,2827]],[[674999,752751],[3,-1109]],[[672331,748468],[-3530,3640]],[[641791,725455],[3500,3454]],[[645291,728909],[3503,-3612]],[[619368,748494],[-3314,3405]],[[616054,751899],[21864,21434]],[[637918,773333],[4241,-4300],[-14103,-13989]],[[628056,755044],[-1397,-1003]],[[626659,754041],[-3636,-2613]],[[623023,751428],[-1986,-1426],[-684,-619]],[[620353,749383],[-985,-889]],[[650154,720047],[3569,-3680]],[[653757,723596],[3559,-3688]],[[657389,727172],[3566,-3677]],[[660974,730703],[3566,-3676]],[[664574,734248],[3550,-3690]],[[668161,737781],[3576,-3662]],[[619672,697135],[-3228,3308],[1824,1800]],[[618268,702243],[1404,-5108]],[[617280,694768],[-13156,13503]],[[604124,708271],[1110,1094]],[[605234,709365],[10087,9950]],[[615321,719315],[5615,-5767],[13064,12869]],[[634000,726417],[4295,-4411]],[[634696,718454],[-3388,-3343]],[[631308,715111],[-3331,-3287]],[[627977,711824],[-3381,-3336]],[[624596,708488],[-3295,-3253]],[[621301,705235],[-3033,-2992]],[[619672,697135],[-2392,-2367]],[[669415,752715],[-5277,5386]],[[664138,758101],[2505,2464],[718,30]],[[592692,716152],[-6409,6578]],[[586283,722730],[7857,7704]],[[594140,730434],[13310,13030]],[[607450,743464],[2230,-2247],[5053,4989]],[[614733,746206],[4118,-4230]],[[618851,741976],[-4938,-4874]],[[613913,737102],[-4831,-4769]],[[609082,732333],[-3281,-3240]],[[605801,729093],[-10069,-9940]],[[595732,719153],[-1126,-1112]],[[594606,718041],[-1914,-1889]],[[615605,692634],[-236,242]],[[615369,692876],[1911,1892]],[[619672,697135],[248,-254]],[[621301,705235],[3478,-3572]],[[599405,694112],[4221,-4354]],[[603626,689758],[-1117,-1103]],[[603626,689758],[2993,-3087],[2708,-214]],[[608276,694353],[2881,2846]],[[611157,697199],[4212,-4323]],[[612711,689787],[-4435,4566]],[[608276,694353],[-4233,4358]],[[606912,701556],[4245,-4357]],[[609802,686923],[-4461,4530]],[[605341,691453],[2935,2900]],[[605341,691453],[-4259,4322]],[[605341,691453],[-1715,-1695]],[[591746,698814],[1568,1553]],[[593314,700367],[4182,-4299]],[[601974,700515],[-4193,4274]],[[597781,704789],[3045,3015]],[[600826,707804],[1384,-1421]],[[602210,706383],[2789,-2863]],[[593314,700367],[1472,1457]],[[594786,701824],[4189,-4287]],[[594786,701824],[2995,2965]],[[616221,734704],[-2308,2398]],[[618851,741976],[1848,-1898]],[[620699,740078],[-53,-1032],[-4425,-4342]],[[607450,743464],[5092,4992]],[[612542,748456],[2191,-2250]],[[615321,719315],[-3157,3243]],[[612164,722558],[7022,6918]],[[619186,729476],[1675,1650]],[[620861,731126],[4235,-4330],[4378,4270]],[[629474,731066],[4526,-4649]],[[620861,731126],[4366,4301]],[[625227,735427],[4247,-4361]],[[618526,730146],[6069,5930]],[[624595,736076],[632,-649]],[[619186,729476],[-660,670]],[[615288,731994],[6784,6673]],[[622072,738667],[2523,-2591]],[[618526,730146],[-723,-706],[-2515,2554]],[[610856,730477],[973,932],[954,-77],[3438,3372]],[[620699,740078],[1373,-1411]],[[615288,731994],[-3030,-2981]],[[612258,729013],[-1402,1464]],[[612164,722558],[-3164,3250]],[[609000,725808],[3258,3205]],[[609000,725808],[-3199,3285]],[[609082,732333],[1774,-1856]],[[605234,709365],[-9502,9788]],[[602210,706383],[1914,1888]],[[604124,708271],[-9518,9770]],[[624596,708488],[3487,-3574]],[[627977,711824],[3495,-3574]],[[631308,715111],[3495,-3583]],[[645291,728909],[3349,3305]],[[648640,732214],[3511,-3612]],[[648640,732214],[3342,3297]],[[651982,735511],[3513,-3617]],[[651982,735511],[122,121]],[[652104,735632],[2833,2796]],[[654937,738428],[374,369]],[[655311,738797],[3507,-3632]],[[655311,738797],[2527,2493]],[[657838,741290],[881,869]],[[658719,742159],[3505,-3641]],[[658719,742159],[2018,1992]],[[660737,744151],[1367,1349]],[[662104,745500],[3511,-3644]],[[662104,745500],[1515,1494]],[[663619,746994],[1782,1760]],[[665401,748754],[3537,-3626]],[[665401,748754],[1086,1071]],[[666487,749825],[2314,2283]],[[623661,744083],[-3411,3505]],[[620250,747588],[103,1795]],[[623023,751428],[4370,-4538]],[[627393,746890],[-2870,-2829],[-862,22]],[[628056,755044],[2644,1889]],[[630700,756933],[1265,-1296]],[[631965,755637],[2109,-2162]],[[634074,753475],[-3484,-3434]],[[630590,750041],[-3931,4000]],[[630700,756933],[11415,8153]],[[642115,765086],[-2261,-2249],[-1129,-1481],[-714,-1366]],[[638011,759990],[-6046,-4353]],[[637918,773333],[8716,8545]],[[646634,781878],[5683,-5836]],[[652317,776042],[-1730,-2919],[-2112,-2594],[-2660,-2577],[-2487,-2003],[-1213,-863]],[[652317,776042],[1949,-2000]],[[654266,774042],[-1173,-248],[-1339,-2038],[-2024,-2333],[-1273,-1349],[-1522,-1472],[-3192,-2534],[-2594,-1819]],[[641149,762249],[-3138,-2259]],[[625383,742314],[-1722,1769]],[[627393,746890],[3197,3151]],[[634074,753475],[728,717],[847,1267],[2362,4531]],[[641149,762249],[-3455,-6995],[-900,-1400],[-1344,-1549],[-10067,-9991]],[[626337,741334],[-954,980]],[[654266,774042],[455,-469]],[[654721,773573],[-702,-84],[-1397,-2215],[-496,-556]],[[652126,770718],[-2574,-2888]],[[649552,767830],[-2052,-2002],[-909,-703]],[[646591,765125],[-3031,-2367]],[[643560,762758],[-595,-465],[-1145,-1180],[-881,-1394]],[[640939,759719],[-1119,-1924],[-1638,-3169]],[[638182,754626],[-2429,-3191]],[[635753,751435],[-4632,-4550]],[[631121,746885],[-4733,-4649],[-51,-902]],[[620250,747588],[-882,906]],[[634008,743971],[-5241,-5134]],[[628767,738837],[-2430,2497]],[[631121,746885],[2887,-2914]],[[635753,751435],[990,-20],[2374,-2438]],[[639117,748977],[-5109,-5006]],[[646820,741061],[-7703,7916]],[[638182,754626],[143,-966],[1930,-1969]],[[640255,751691],[3236,-3305]],[[643491,748386],[2829,-2889],[974,-39],[3802,3711]],[[651096,749169],[2883,2813]],[[653979,751982],[2758,2692]],[[656737,754674],[2846,2778]],[[659583,757452],[2764,2698]],[[662347,760150],[2474,2415],[20,617]],[[664138,758101],[-2936,-2889]],[[661202,755212],[-2857,-2812]],[[658345,752400],[-2887,-2839]],[[655458,749561],[-2901,-2855]],[[652557,746706],[-2905,-2859]],[[649652,743847],[-2832,-2786]],[[644575,755942],[-4320,-4251]],[[640939,759719],[3636,-3777]],[[645974,754489],[-1399,1453]],[[643560,762758],[5286,-5467]],[[648846,757291],[-2872,-2802]],[[646591,765125],[5002,-5152]],[[651593,759973],[-2747,-2682]],[[649552,767830],[4900,-5069]],[[654452,762761],[-2859,-2788]],[[657215,765457],[-5089,5261]],[[654721,773573],[5268,-5409]],[[659989,768164],[-2774,-2707]],[[641791,725455],[-13024,13382]],[[646820,741061],[5284,-5429]],[[649652,743847],[5285,-5419]],[[643491,748386],[4317,4197]],[[647808,752583],[3288,-3414]],[[662347,760150],[-5132,5307]],[[659989,768164],[533,-547]],[[647808,752583],[-1834,1906]],[[648846,757291],[5133,-5309]],[[659583,757452],[-5131,5309]],[[654452,762761],[2763,2696]],[[651593,759973],[5144,-5299]],[[666487,749825],[-5285,5387]],[[663619,746994],[-5274,5406]],[[660737,744151],[-5279,5410]],[[657838,741290],[-5281,5416]],[[726422,705208],[14496,14327]],[[703849,728388],[4413,4331]],[[708262,732719],[3944,3870]],[[712206,736589],[3950,3876]],[[716156,740465],[886,869]],[[717042,741334],[5480,-4742]],[[721693,735778],[-12802,-12569]],[[716156,740465],[-4302,3622]],[[711854,744087],[-19613,16511]],[[692241,760598],[-4255,3582]],[[687986,764180],[1250,1215]],[[689236,765395],[27806,-24061]],[[665317,783264],[-1424,149]],[[663893,783413],[-478,361]],[[663415,783774],[-4545,3428],[-2099,1876]],[[656771,789078],[-1517,1292]],[[655254,790370],[689,675]],[[700880,731436],[-75,1856],[3543,3461]],[[704348,736753],[3914,-4034]],[[697316,735096],[1655,101],[3709,3600]],[[702680,738797],[4301,4174],[32,1609],[-2976,2509]],[[704037,747089],[-3981,3357]],[[700056,750446],[-3827,3227]],[[696229,753673],[-2921,2463],[-1858,3],[-3313,-3218]],[[688137,752921],[-3436,-3339],[-38,-1492]],[[681245,751600],[1733,-54],[2484,2427]],[[685462,753973],[3382,3306]],[[688844,757279],[3397,3319]],[[711854,744087],[-3545,-3464]],[[708309,740623],[-3961,-3870]],[[712206,736589],[-3897,4034]],[[694612,737873],[4456,4356]],[[699068,742229],[162,160]],[[699230,742389],[3450,-3592]],[[699230,742389],[4807,4700]],[[691660,749244],[-3523,3677]],[[696229,753673],[-4447,-4312]],[[691782,749361],[-122,-117]],[[691660,749244],[-4177,-4050]],[[695271,745759],[-3489,3602]],[[700056,750446],[-4591,-4497]],[[695465,745949],[-194,-190]],[[695271,745759],[-4267,-4180]],[[695465,745949],[3603,-3720]],[[678229,754697],[3353,3259]],[[681582,757956],[3880,-3983]],[[688844,757279],[-3867,3976]],[[684977,761255],[187,182]],[[685164,761437],[2822,2743]],[[675494,757505],[4227,4148]],[[679721,761653],[2758,-2826]],[[682479,758827],[-897,-871]],[[679649,767125],[2230,2196]],[[681879,769321],[6107,-5141]],[[685164,761437],[-5515,5688]],[[671678,761424],[3564,3477]],[[675242,764901],[2660,2594]],[[677902,767495],[2848,2777]],[[680750,770272],[1129,-951]],[[679649,767125],[-2685,-2646]],[[676964,764479],[-4216,-4154]],[[667329,765890],[3574,3474]],[[670903,769364],[4339,-4463]],[[679721,761653],[-2757,2826]],[[684977,761255],[-2498,-2428]],[[680750,770272],[-4775,4020]],[[677378,775656],[11858,-10261]],[[670903,769364],[2680,2604]],[[673583,771968],[4319,-4473]],[[673583,771968],[2392,2324]],[[660492,780381],[-3712,-3658]],[[656780,776723],[-4519,4641]],[[652261,781364],[1393,3530],[200,1032]],[[653854,785926],[5917,-5252],[721,-293]],[[665507,778346],[-5015,2035]],[[653854,785926],[-1673,1431]],[[652181,787357],[2620,2569]],[[654801,789926],[1060,-1178],[-566,-1301],[1253,-2539],[5206,-3987],[2139,2492]],[[669467,779770],[-3715,-1524],[-245,100]],[[663322,770006],[-3123,3205]],[[660199,773211],[5308,5135]],[[660199,773211],[-3419,3512]],[[652261,781364],[-3004,3085]],[[649257,784449],[2924,2908]],[[663415,783774],[-1119,-1134],[-3561,1768],[-2645,3362],[681,1308]],[[654801,789926],[401,394]],[[655202,790320],[52,50]],[[643115,633582],[3758,3703]],[[646015,630581],[-2900,3001]],[[643115,633582],[-2073,2146]],[[594498,668387],[146,145]],[[595362,667577],[-864,810]],[[590116,662382],[-814,839]],[[553644,675961],[-7358,7543],[-25596,26362]],[[520690,709866],[7609,7445]],[[528299,717311],[25637,-26305],[422,-392]],[[528299,717311],[4362,4268]],[[532661,721579],[22040,-22703]],[[476979,778574],[-3429,3533]],[[473550,782107],[24653,24298],[-839,860]],[[497364,807265],[2592,2557]],[[499956,809822],[864,-859],[26159,25796],[-1558,1608]],[[525421,836367],[1977,1998],[-1398,1471],[2048,2591]],[[528048,842427],[3291,-3361]],[[531339,839066],[3436,-3536]],[[534775,835530],[6783,-6978]],[[541558,828552],[-1873,-2632],[-1342,1333],[-1221,-1201]],[[537122,826052],[-5848,6008],[-26112,-25726],[5214,-5356]],[[510376,800978],[-3463,-3400]],[[506913,797578],[-5231,5375],[-24703,-24379]],[[545404,882514],[-6823,6945]],[[538581,889459],[-11269,11472]],[[527312,900931],[-4655,4738]],[[522657,905669],[1471,-859],[5067,-582]],[[529195,904228],[12496,-12708]],[[541691,891520],[12563,-12776]],[[554254,878744],[-2319,1501],[-1467,548],[-5064,1721]],[[555091,862375],[618,6311],[-1266,8756]],[[554443,877442],[1946,-917]],[[556389,876525],[687,-9156],[-380,-3419]],[[556696,863950],[-1605,-1575]],[[599809,835222],[-2574,2647]],[[597235,837869],[3288,3304]],[[600523,841173],[2202,2141],[2807,-2458],[-2096,-2062]],[[603436,838794],[-3627,-3572]],[[620621,813812],[-633,652]],[[619988,814464],[-20179,20758]],[[603436,838794],[20039,-17151],[2156,-2926]],[[625631,818717],[-4353,-4262]],[[621278,814455],[-657,-643]],[[651069,793958],[-2355,2019]],[[648714,795977],[659,648]],[[649373,796625],[582,-350],[1374,-1200]],[[651329,795075],[-260,-1117]],[[628096,815372],[3649,-4952]],[[631745,810420],[-3776,2867],[-1381,612]],[[626588,813899],[1508,1473]],[[639779,800977],[1370,1341]],[[641149,802318],[2885,-2484]],[[644034,799834],[1712,-1412]],[[645746,798422],[-1615,-1624]],[[644131,796798],[-2053,2450],[-2299,1729]],[[655191,790424],[-4122,3534]],[[651329,795075],[4107,-3587]],[[655436,791488],[-245,-1064]],[[655436,791488],[507,-443]],[[655254,790370],[-63,54]],[[520690,709866],[-27120,27388]],[[466557,768289],[6146,6065]],[[472703,774354],[55596,-57043]],[[482140,773258],[-5161,5316]],[[506913,797578],[-19288,-18934]],[[487625,778644],[-5485,-5386]],[[516187,779495],[3539,3484]],[[519726,782979],[1240,158]],[[520966,783137],[4707,-4837],[-5259,-5166]],[[520414,773134],[272,1786],[-4499,4575]],[[524928,768968],[-2451,1677],[-2063,2489]],[[520966,783137],[6277,512]],[[527243,783649],[1879,-1931],[2312,2272]],[[531434,783990],[5487,447]],[[536921,784437],[-5354,-5252]],[[531567,779185],[-3040,-2960],[1825,-1931]],[[530352,774294],[-403,-396]],[[529949,773898],[-4658,-4574]],[[525291,769324],[-363,-356]],[[505974,758947],[-5089,-4999]],[[500885,753948],[-5198,5354]],[[495687,759302],[5192,5114]],[[500879,764416],[5095,-5469]],[[505974,758947],[413,406]],[[506387,759353],[4221,-4447]],[[510608,754906],[-5245,-5208]],[[505363,749698],[-201,-190],[-4277,4440]],[[472703,774354],[4276,4220]],[[482140,773258],[13547,-13956]],[[505363,749698],[2645,-2724]],[[508008,746974],[21254,-21894]],[[529262,725080],[3399,-3501]],[[532661,721579],[4973,4866]],[[537634,726445],[8850,-9248]],[[546484,717197],[16539,-17280],[1139,-1111]],[[510980,800357],[-604,621]],[[537122,826052],[-2933,-2883]],[[534189,823169],[-23209,-22812]],[[553907,806849],[-13454,11135]],[[540453,817984],[2305,2276]],[[542758,820260],[12505,-12850],[-930,-914]],[[554333,806496],[-426,353]],[[554971,802145],[-12799,-7600]],[[542172,794545],[11840,11636]],[[554012,806181],[321,315]],[[542758,820260],[-5636,5792]],[[541558,828552],[15131,-15569]],[[556689,812983],[-871,-10007]],[[555818,802976],[-847,-831]],[[527243,783649],[4191,341]],[[581588,776622],[1826,1796],[-1289,1325]],[[582125,779743],[1035,6005]],[[583160,785748],[567,-584]],[[583727,785164],[3191,-3283]],[[586918,781881],[3444,-3544]],[[590362,778337],[-3523,-3465]],[[586839,774872],[-6686,-6577]],[[580153,768295],[1435,8327]],[[586918,781881],[18815,18538]],[[605733,800419],[3824,-3231]],[[609557,797188],[-19195,-18851]],[[612542,748456],[-11642,11920]],[[600900,760376],[-9430,9722]],[[591470,770098],[4373,2588]],[[595843,772686],[7324,-7551]],[[603167,765135],[12887,-13236]],[[603167,765135],[30492,29971]],[[633659,795106],[12975,-13228]],[[510298,794100],[-3385,3478]],[[510980,800357],[2379,-2444]],[[513359,797913],[3317,-3408]],[[516676,794505],[4505,-4628]],[[521181,789877],[-5569,-1238]],[[515612,788639],[-5314,5461]],[[496232,769405],[-8607,9239]],[[510298,794100],[-1172,-1534],[-4142,-4004]],[[504984,788562],[-3072,-2969]],[[501912,785593],[-6219,-1383],[878,-3780]],[[496571,780430],[-3521,-3404],[2524,-6046]],[[495574,770980],[658,-1575]],[[496232,769405],[4647,-4989]],[[516187,779495],[-14891,-14668]],[[501296,764827],[-5722,6153]],[[496571,780430],[90,-388],[16874,2149]],[[513535,782191],[2652,-2696]],[[515612,788639],[-6908,-1536]],[[508704,787103],[-1491,1517],[-2229,-58]],[[500879,764416],[417,411]],[[501296,764827],[5091,-5474]],[[520414,773134],[-14027,-13781]],[[514723,750572],[-6715,-3598]],[[510608,754906],[4115,-4334]],[[521786,743378],[-5629,5733]],[[516157,749111],[-1434,1461]],[[510608,754906],[14320,14062]],[[524928,768968],[3220,-2576]],[[528148,766392],[4736,-4871]],[[532884,761521],[6170,-6345]],[[541121,752960],[-11918,-11517],[13204,-3419]],[[542407,738024],[-8150,-8051]],[[534257,729973],[-12471,13405]],[[521786,743378],[-13778,3596]],[[508008,746974],[8149,2137]],[[534257,729973],[-4995,-4893]],[[546484,717197],[1427,1357]],[[547911,718554],[16538,-17238],[1128,-1112]],[[540044,763976],[-9692,10318]],[[530352,774294],[3041,2986],[-1826,1905]],[[536921,784437],[4656,4568]],[[541577,789005],[1837,-1894]],[[543414,787111],[5098,-5258]],[[548512,781853],[4730,-4880]],[[553242,776973],[-9990,-9837]],[[543252,767136],[-3208,-3160]],[[541577,789005],[13394,13140]],[[554971,802145],[817,485],[30,346]],[[555818,802976],[647,635],[1654,134],[1068,-1099]],[[559187,802646],[-15773,-15535]],[[556689,812983],[1098,-1129]],[[557787,811854],[972,-1001]],[[560809,808744],[-1283,-5764]],[[559526,802980],[-339,-334]],[[561060,780936],[9808,9684]],[[570868,790620],[5140,-5292]],[[576008,785328],[3390,-3490],[26,-1576],[-7378,-7271]],[[572046,772991],[-1680,-1657]],[[570366,771334],[-9306,9602]],[[569502,764736],[2544,8255]],[[576008,785328],[218,481]],[[576226,785809],[5899,-6066]],[[582125,779743],[-537,-3121]],[[581588,776622],[-12086,-11886]],[[570366,771334],[-5962,-5875]],[[564404,765459],[-9301,9595]],[[555103,775054],[5957,5882]],[[566607,763132],[-2203,2327]],[[569502,764736],[-1456,-1431]],[[568046,763305],[-1439,-173]],[[534257,729973],[1198,-1252]],[[535455,728721],[461,-482]],[[535916,728239],[1718,-1794]],[[550075,738691],[-1204,-1184]],[[548871,737507],[-3485,3460]],[[545386,740967],[2041,2017]],[[547427,742984],[6454,6375]],[[553881,749359],[3370,3329]],[[557251,752688],[9249,9095]],[[566500,761783],[5474,559]],[[571974,762342],[2369,238]],[[574343,762580],[-5862,-5771]],[[568481,756809],[-13191,-12984]],[[555290,743825],[-3941,-3879]],[[551349,739946],[-323,-318]],[[551026,739628],[-951,-937]],[[553881,749359],[-7576,7768]],[[546305,757127],[4901,1773]],[[551206,758900],[6045,-6212]],[[576226,785809],[-16700,17171]],[[560809,808744],[1197,-1231]],[[562006,807513],[10763,-11074]],[[572769,796439],[5375,-5531]],[[578144,790908],[267,-274]],[[578411,790634],[-2185,-4825]],[[570868,790620],[-6559,6752]],[[564309,797372],[-5122,5274]],[[564309,797372],[-15797,-15519]],[[531434,783990],[10738,10555]],[[501912,785593],[-5341,-5163]],[[501912,785593],[6792,1510]],[[508704,787103],[4831,-4912]],[[515612,788639],[5354,-5502]],[[519726,782979],[-6191,-788]],[[528148,766392],[4906,-3925],[864,-983]],[[533918,761484],[-1034,37]],[[542427,761104],[-8509,380]],[[528148,766392],[-2857,2932]],[[529949,773898],[12478,-12794]],[[541282,753111],[407,-459],[3986,-5518]],[[545675,747134],[1752,-4150]],[[545386,740967],[-2979,-2943]],[[539386,755266],[5634,1516]],[[545020,756782],[-3738,-3671]],[[545020,756782],[1285,345]],[[546305,757127],[3968,-5432],[-4598,-4561]],[[533918,761484],[5468,-6218]],[[540044,763976],[2616,-2862]],[[542660,761114],[-233,-10]],[[542427,761104],[3878,-3977]],[[546305,757127],[-3645,3987]],[[542660,761114],[6146,268]],[[548806,761382],[2400,-2482]],[[551206,758900],[6911,2049],[8383,834]],[[548806,761382],[6056,631],[11745,1119]],[[568046,763305],[-1546,-1522]],[[568046,763305],[3928,-963]],[[580153,768295],[-5810,-5715]],[[587892,773787],[-1053,1085]],[[590362,778337],[870,-896]],[[591232,777441],[-3340,-3654]],[[543252,767136],[5554,-5754]],[[553242,776973],[1861,-1919]],[[546305,846888],[-5657,1313]],[[540648,848201],[14306,14040]],[[554954,862241],[137,134]],[[556696,863950],[5192,5096]],[[561888,869046],[3401,-3484]],[[565289,865562],[-9832,-9659]],[[555457,855903],[-9152,-9015]],[[561989,814047],[12414,12275],[14879,14519]],[[589282,840841],[2599,2536]],[[591881,843377],[5354,-5508]],[[619988,814464],[-2573,-2535]],[[617415,811929],[-2957,2986]],[[614458,814915],[-18,606],[-2157,2225]],[[612283,817746],[-8692,8966]],[[603591,826712],[-10830,11170],[-1810,-25],[-15178,-14915]],[[575773,822942],[-13772,-13533],[5,-1896]],[[633659,795106],[-12834,13147],[-3671,-3605]],[[617154,804648],[-4050,3034]],[[613104,807682],[4311,4247]],[[620621,813812],[841,-867]],[[621462,812945],[2020,-2080]],[[623482,810865],[809,-835]],[[624291,810030],[6465,-6662]],[[630756,803368],[12438,-12815]],[[643194,790553],[5088,-5241]],[[648282,785312],[975,-863]],[[648282,785312],[1393,3037],[258,932]],[[649933,789281],[2248,-1924]],[[583727,785164],[1814,2],[3070,3036]],[[588611,788202],[10722,10601]],[[599333,798803],[6166,6095]],[[605499,804898],[5874,5809]],[[611373,810707],[3119,3084],[-34,1124]],[[613104,807682],[-7371,-7263]],[[578411,790634],[4749,-4886]],[[557787,811854],[1949,-35]],[[575773,822942],[11737,-12025]],[[587510,810917],[-6763,-6642]],[[580747,804275],[-7978,-7836]],[[603591,826712],[-16081,-15795]],[[611373,810707],[-3019,3190],[3929,3849]],[[578144,790908],[7985,7845]],[[586129,798753],[4564,-4683],[-3923,-3919],[1841,-1949]],[[593171,805116],[-277,285]],[[592894,805401],[-5384,5516]],[[605499,804898],[-6079,6328],[-6249,-6110]],[[586129,798753],[6765,6648]],[[593171,805116],[6162,-6313]],[[586129,798753],[-5382,5522]],[[554012,806181],[-105,668]],[[527674,805366],[12779,12618]],[[542172,794545],[-3243,-722]],[[538929,793823],[-11255,11543]],[[527674,805366],[-10998,-10861]],[[513359,797913],[23385,23141]],[[536744,821054],[3709,-3070]],[[538929,793823],[-17748,-3946]],[[534189,823169],[2555,-2115]],[[595843,772686],[-3071,3166]],[[592772,775852],[-1540,1589]],[[609557,797188],[7597,7460]],[[626588,813899],[-2740,1216],[-1817,-466]],[[622031,814649],[-753,-194]],[[625631,818717],[2465,-3345]],[[626588,813899],[-1627,-1590]],[[624961,812309],[-2930,2340]],[[631745,810420],[9404,-8102]],[[639779,800977],[-3573,2354],[-11245,8978]],[[638889,800125],[-3193,1859],[-4660,4052],[-6699,5664]],[[624337,811700],[624,609]],[[639779,800977],[-890,-852]],[[644131,796798],[-870,-847]],[[643261,795951],[-1646,2587],[-2726,1587]],[[648714,795977],[-2968,2445]],[[645746,798422],[238,240]],[[645984,798662],[3389,-2037]],[[644034,799834],[1950,-1172]],[[643261,795951],[-523,-508]],[[642738,795443],[-4628,3937]],[[638110,799380],[779,745]],[[645641,792957],[-2903,2486]],[[648714,795977],[-901,-885]],[[647813,795092],[-438,-430]],[[647375,794662],[-1734,-1705]],[[630756,803368],[1223,1246]],[[631979,804614],[3014,-2589],[3117,-2645]],[[645641,792957],[-2447,-2404]],[[631979,804614],[-1191,1023],[-244,-241],[-5244,4134],[-1009,500]],[[623482,810865],[855,835]],[[621462,812945],[1317,72],[1558,-1317]],[[649933,789281],[-4292,3676]],[[647375,794662],[7426,-4736]],[[655202,790320],[-7389,4772]],[[586385,738405],[-3809,3915]],[[582576,742320],[18324,18056]],[[594140,730434],[-7755,7971]],[[591470,770098],[-2402,2476]],[[589068,772574],[3704,3278]],[[589068,772574],[-1176,1213]],[[539026,727815],[-1392,-1370]],[[535916,728239],[9234,9051]],[[545150,737290],[2753,-736]],[[547903,736554],[-8877,-8739]],[[539026,727815],[8885,-9261]],[[545150,737290],[-766,205]],[[544384,737495],[-1977,529]],[[548871,737507],[-968,-953]],[[548871,737507],[3126,-3104],[298,278],[22550,-23170],[1090,-1080]],[[550075,738691],[5172,-5301]],[[555247,733390],[5020,-5145]],[[560267,728245],[7716,-7909]],[[567983,720336],[7755,-7949]],[[575738,712387],[1072,-1091]],[[535455,728721],[8929,8774]],[[567983,720336],[972,954]],[[568955,721290],[7764,-7941]],[[576719,713349],[-981,-962]],[[578743,715334],[-7861,7849]],[[570882,723183],[15503,15222]],[[586283,722730],[-7540,-7396]],[[568955,721290],[304,298]],[[569259,721588],[7755,-7949]],[[577014,713639],[-295,-290]],[[556520,734646],[-5171,5300]],[[555290,743825],[4031,-6417]],[[559321,737408],[-2801,-2762]],[[556203,734333],[-5177,5295]],[[556520,734646],[-317,-313]],[[563213,731145],[-3892,6263]],[[559321,737408],[14309,14108]],[[573630,751516],[5029,-5169]],[[578659,746347],[-15446,-15202]],[[568481,756809],[5149,-5293]],[[570882,723183],[-5694,5807],[-1975,2155]],[[578659,746347],[3917,-4027]],[[569259,721588],[1623,1595]],[[578743,715334],[-1729,-1695]],[[569259,721588],[-7717,7911]],[[561542,729499],[1671,1646]],[[561542,729499],[-5022,5147]],[[560267,728245],[963,947]],[[561230,729192],[7725,-7902]],[[561230,729192],[312,307]],[[555247,733390],[956,943]],[[556203,734333],[5027,-5141]],[[521181,789877],[6062,-6228]],[[435562,820912],[11604,5683]],[[447166,826595],[2326,-4243]],[[449492,822352],[177,-325]],[[449669,822027],[379,-691],[3356,-4092]],[[453404,817244],[-7238,-7162]],[[446166,810082],[-10604,10830]],[[454892,801173],[-1500,1532]],[[453392,802705],[12095,899]],[[465487,803604],[5409,-5998]],[[470896,797606],[-4605,-8072]],[[466291,789534],[-11399,11639]],[[449708,797947],[17516,-17847]],[[467224,780100],[327,-3313],[-9711,5584],[-17236,9911],[9104,5665]],[[449708,797947],[5184,3226]],[[466291,789534],[933,-9434]],[[472712,782964],[6244,6154]],[[478956,789118],[234,232]],[[479190,789350],[108,106]],[[479298,789456],[2164,2133]],[[481462,791589],[4312,4251]],[[485774,795840],[11590,11425]],[[473550,782107],[-838,857]],[[453404,817244],[4742,4683]],[[458146,821927],[4321,4267]],[[462467,826194],[4060,4010]],[[466527,830204],[4323,4269],[-4268,4387]],[[466582,838860],[-3756,3860]],[[462826,842720],[-2905,2985]],[[459921,845705],[1339,3842]],[[461260,849547],[2703,-2714]],[[463963,846833],[2254,-2318]],[[466217,844515],[2580,-2654]],[[468797,841861],[1875,-1928]],[[470672,839933],[2799,-2879],[7816,7709]],[[481287,844763],[471,464]],[[481758,845227],[4349,4290]],[[486107,849517],[2577,2542]],[[488684,852059],[4325,4267]],[[493009,856326],[6595,6504]],[[499604,862830],[3428,-3531]],[[503032,859299],[-888,-875]],[[502144,858424],[-3466,-3415]],[[498678,855009],[-553,-545]],[[498125,854464],[-2259,-2226]],[[495866,852238],[-2393,-2358]],[[493473,849880],[-6550,-6454]],[[486923,843426],[-10018,-9872],[8064,-8294]],[[484969,825260],[6779,-6973]],[[491748,818287],[3252,-3345]],[[495000,814942],[4245,-4366],[842,829]],[[500087,811405],[715,-747],[-846,-836]],[[497364,807265],[-23090,23714],[-17842,-17602]],[[456432,813377],[-257,-252]],[[456175,813125],[-6606,-6517]],[[449569,806608],[-3403,3474]],[[500087,811405],[3451,3401]],[[503538,814806],[12341,12159]],[[515879,826965],[6644,6547]],[[522523,833512],[1962,1933]],[[524485,835445],[936,922]],[[435770,782542],[-4563,4785]],[[431207,787327],[2588,2604]],[[433795,789931],[8651,-8770]],[[431207,787327],[-3351,3514]],[[430353,793422],[3442,-3491]],[[472712,782964],[-5189,5309]],[[467523,788273],[6331,6256]],[[473854,794529],[2882,-2988],[2220,-2423]],[[485774,795840],[-9000,9134],[-3834,-3797]],[[472940,801177],[1796,3138],[-9249,-711]],[[465487,803604],[-9055,9773]],[[453392,802705],[-3823,3903]],[[456175,813125],[9312,-9521]],[[465487,803604],[4863,-4991]],[[470350,798613],[707,-725]],[[471057,797888],[-161,-282]],[[467523,788273],[-1232,1261]],[[470896,797606],[2958,-3077]],[[470896,797606],[2999,-3036]],[[473895,794570],[-41,-41]],[[472940,801177],[-2590,-2564]],[[471057,797888],[3044,-3114]],[[474101,794774],[-206,-204]],[[481462,791589],[-4316,4369],[-2124,-2127]],[[475022,793831],[-921,943]],[[471057,797888],[1883,3289]],[[473895,794570],[5295,-5220]],[[475022,793831],[4276,-4375]],[[503032,859299],[2834,-3809]],[[505866,855490],[-346,-537]],[[505520,854953],[-3376,3471]],[[515173,843185],[-3526,4661]],[[511647,847846],[2103,475]],[[513750,848321],[11671,-11954]],[[524485,835445],[-8402,8634],[-910,-894]],[[495000,814942],[4261,4228],[4277,-4364]],[[486923,843426],[4271,-4378],[6546,6468]],[[497740,845516],[2093,-2141]],[[499833,843375],[1733,-1772]],[[501566,841603],[-16597,-16343]],[[491748,818287],[16593,16388]],[[508341,834675],[7538,-7710]],[[508341,834675],[-894,913]],[[507447,835588],[7726,7597]],[[515173,843185],[7350,-9673]],[[501566,841603],[5881,-6015]],[[493473,849880],[4267,-4364]],[[499833,843375],[2362,2340]],[[502195,845715],[2552,-2605],[4209,4130]],[[508956,847240],[2691,606]],[[503032,859299],[3185,-3262]],[[506217,856037],[-351,-547]],[[502195,845715],[-3061,-690],[1488,2312]],[[500622,847337],[1573,-1622]],[[495866,852238],[4756,-4901]],[[510764,849014],[-1867,2468]],[[508897,851482],[-1876,2481]],[[507021,853963],[-1155,1527]],[[506217,856037],[7533,-7716]],[[511647,847846],[-883,1168]],[[503297,850287],[-537,-529],[-352,357]],[[502408,850115],[420,652]],[[502828,850767],[469,-480]],[[508497,851893],[-6302,-6178]],[[500622,847337],[1786,2778]],[[503297,850287],[3450,3405]],[[506747,853692],[1750,-1799]],[[502408,850115],[-4283,4349]],[[498678,855009],[4150,-4242]],[[502828,850767],[2692,4186]],[[505520,854953],[1227,-1261]],[[508497,851893],[400,-411]],[[510764,849014],[-1808,-1774]],[[508956,847240],[-6761,-1525]],[[506747,853692],[274,271]],[[452585,837418],[2615,2587]],[[462826,842720],[-1041,12],[-2352,-2329]],[[459433,840403],[-12857,-12733]],[[446576,827670],[-1150,2099],[-147,419]],[[449669,822027],[4297,4206]],[[453966,826233],[4180,-4306]],[[466527,830204],[-4277,4370]],[[462250,834574],[1462,1446]],[[463712,836020],[2870,2840]],[[449492,822352],[4201,4163],[203,-210]],[[453896,826305],[70,-72]],[[447166,826595],[-590,1075]],[[459433,840403],[4279,-4383]],[[462250,834574],[-4054,-4013]],[[458196,830561],[-4300,-4256]],[[458196,830561],[4271,-4367]],[[470672,839933],[9176,6303]],[[479848,846236],[1439,-1473]],[[469590,847856],[-3049,3164]],[[466541,851020],[6607,6481]],[[473148,857501],[14053,13788]],[[487201,871289],[5755,-5866],[2089,2067]],[[495045,867490],[4559,-4660]],[[493009,856326],[-7326,7470],[-2129,-2108]],[[483554,861688],[-4736,-4691]],[[478818,856997],[-4347,-4306]],[[474471,852691],[-469,-465]],[[474002,852226],[-4412,-4370]],[[482029,869926],[4967,4874],[-17,906]],[[486979,875706],[2886,-2918]],[[489865,872788],[-1134,1],[-1530,-1500]],[[487201,871289],[-1165,1186],[-3311,-3264],[-696,715]],[[461260,849547],[547,537]],[[461807,850084],[3792,3721]],[[465599,853805],[1330,1305]],[[466929,855110],[4369,4287]],[[471298,859397],[1850,-1896]],[[466541,851020],[-2593,-2545],[15,-1642]],[[469590,847856],[-3373,-3341]],[[489865,872788],[5180,-5298]],[[471298,859397],[3295,3233]],[[474593,862630],[6729,6603]],[[481322,869233],[707,693]],[[488684,852059],[-3147,3227],[2173,2158],[-4156,4244]],[[486107,849517],[-7289,7480]],[[481758,845227],[-7287,7464]],[[479848,846236],[-3249,3328]],[[476599,849564],[-2597,2662]],[[476599,849564],[-7802,-7703]],[[412453,879975],[1546,1525]],[[413999,881500],[8389,-6413]],[[422388,875087],[1856,-2278]],[[424244,872809],[2350,-2886]],[[426594,869923],[3322,-4078]],[[429916,865845],[701,-861]],[[430617,864984],[-3677,-1210],[-14487,16201]],[[430617,864984],[5206,5437]],[[435823,870421],[1485,-1522]],[[437308,868899],[-694,-695]],[[436614,868204],[-1854,-1855]],[[434760,866349],[-4143,-1365]],[[433286,860207],[-100,4575],[1574,1567]],[[436614,868204],[1194,-3520]],[[437808,864684],[-4522,-4477]],[[437808,864684],[1148,-3385],[329,-2876]],[[439285,858423],[-5835,-5778]],[[433450,852645],[-164,7562]],[[456130,849554],[-9220,9472],[-4348,-4296]],[[442562,854730],[-2402,-2373]],[[440160,852357],[-6679,-6547]],[[433481,845810],[-31,6835]],[[439285,858423],[4196,4155],[-3834,3927]],[[439647,866505],[-2339,2394]],[[435823,870421],[-648,664]],[[435175,871085],[-3646,3733]],[[431529,874818],[-1365,1399]],[[430164,876217],[-1225,1253]],[[428939,877470],[-2037,2087]],[[426902,879557],[-248,254]],[[426654,879811],[-2751,2817]],[[423903,882628],[-4296,4400],[-890,-878]],[[418717,886150],[-3481,-3431]],[[415236,882719],[-1237,-1219]],[[412453,879975],[-6202,6761]],[[406251,886736],[2885,2851]],[[409136,889587],[2660,2629]],[[411796,892216],[1840,1818]],[[413636,894034],[1839,1817]],[[415475,895851],[803,794]],[[416278,896645],[1081,1068]],[[417359,897713],[2576,2546]],[[419935,900259],[2649,2617]],[[422584,902876],[878,868]],[[423462,903744],[2623,2584]],[[426085,906328],[2913,2869]],[[428998,909197],[985,969]],[[429983,910166],[2835,2792]],[[432818,912958],[4321,4256]],[[437139,917214],[1416,1394]],[[438555,918608],[3290,3240]],[[441845,921848],[6546,-6600]],[[448391,915248],[-2558,-2506]],[[445833,912742],[-2492,-2440],[-2500,-2448]],[[440841,907854],[-2520,-2469]],[[438321,905385],[-621,-607]],[[437700,904778],[-9583,-9386]],[[428117,895392],[-5882,-5761],[3413,-3502]],[[425648,886129],[2348,-2409]],[[427996,883720],[3390,-3479]],[[431386,880241],[3813,-3912]],[[435199,876329],[3770,-3868]],[[438969,872461],[967,-993]],[[439936,871468],[2862,-2936]],[[442798,868532],[3284,-3370],[4517,4463]],[[450599,869625],[2084,2060]],[[452683,871685],[3220,3180]],[[455903,874865],[991,980]],[[456894,875845],[407,402]],[[457301,876247],[2701,2668]],[[460002,878915],[3061,3025]],[[463063,881940],[940,928]],[[464003,882868],[2090,2065]],[[466093,884933],[3050,3014]],[[469143,887947],[3023,2987]],[[472166,890934],[3506,-3634]],[[475672,887300],[-5391,-5299]],[[470281,882001],[-747,-734]],[[469534,881267],[-6054,-5951]],[[463480,875316],[-655,-643]],[[462825,874673],[-2350,-2310]],[[460475,872363],[-981,-964]],[[459494,871399],[-6555,-6444]],[[452939,864955],[-3403,-3344],[2570,-2644]],[[452106,858967],[2542,-2616]],[[454648,856351],[3361,-3459],[202,-208]],[[458211,852684],[2503,-2575]],[[460714,850109],[546,-562]],[[444717,831759],[-9315,3805],[-3113,-1279]],[[432289,834285],[1192,11525]],[[440160,852357],[376,-3735],[1644,-9577],[860,-2470]],[[431352,825204],[2980,-3088]],[[434332,822116],[-3506,-2013],[526,5101]],[[435562,820912],[-850,836],[-380,368]],[[431352,825204],[937,9081]],[[405986,828039],[-2601,19374]],[[403385,847413],[809,4361],[-1993,1322]],[[402201,853096],[-325,1558],[-3610,5906],[-2578,2718]],[[395688,863278],[75,75],[4819,4788]],[[400582,868141],[10010,-5687],[1067,-31401]],[[411659,831053],[-4334,-4371],[-1339,1357]],[[403385,847413],[-1184,5683]],[[407204,818973],[-1218,9066]],[[411659,831053],[547,-16066]],[[412206,814987],[-4487,4481],[-515,-495]],[[412206,814987],[111,-3280]],[[412443,807547],[-5239,11426]],[[442562,854730],[9243,-9491]],[[474515,877649],[-4234,4352]],[[475672,887300],[4234,-4342]],[[479906,882958],[-5391,-5309]],[[479906,882958],[7073,-7252]],[[482029,869926],[-7514,7723]],[[460714,850109],[1093,-25]],[[452939,864955],[2553,-2625]],[[455492,862330],[-3386,-3363]],[[468237,862545],[3284,3229]],[[471521,865774],[3072,-3144]],[[471298,859397],[-3061,3148]],[[471521,865774],[-3417,3496]],[[468104,869270],[-187,193]],[[467917,869463],[638,630],[-5075,5223]],[[469534,881267],[11788,-12034]],[[467917,869463],[-5092,5210]],[[458044,859706],[-3396,-3355]],[[455492,862330],[2552,-2624]],[[468104,869270],[-2343,-2316],[-188,192]],[[465573,867146],[2344,2317]],[[464722,859088],[-211,219],[-3359,3471]],[[461152,862778],[3434,3393]],[[464586,866171],[987,975]],[[468237,862545],[-3515,-3457]],[[465573,867146],[-5098,5217]],[[464586,866171],[-5092,5228]],[[461152,862778],[-3108,-3072]],[[458211,852684],[4320,4248]],[[462531,856932],[3068,-3127]],[[462531,856932],[1345,1324]],[[463876,858256],[3053,-3146]],[[463876,858256],[846,832]],[[437808,864684],[1839,1821]],[[423374,882109],[-4657,4041]],[[423903,882628],[-529,-519]],[[415236,882719],[4198,-4479]],[[419434,878240],[2710,-2892]],[[422144,875348],[244,-261]],[[428836,877368],[-2208,1917]],[[426628,879285],[274,272]],[[428939,877470],[-103,-102]],[[426628,879285],[-270,234]],[[426358,879519],[296,292]],[[422144,875348],[4214,4171]],[[426628,879285],[-4240,-4198]],[[429916,865845],[5259,5240]],[[426594,869923],[4935,4895]],[[424244,872809],[4592,4559]],[[428836,877368],[1328,-1151]],[[419434,878240],[3940,3869]],[[423374,882109],[2984,-2590]],[[450553,907982],[-4720,4760]],[[448391,915248],[4684,-4790]],[[453075,910458],[-2522,-2476]],[[469143,887947],[-4785,4883]],[[464358,892830],[3591,2416]],[[467949,895246],[4217,-4312]],[[442798,868532],[4493,4472]],[[447291,873004],[3308,-3379]],[[428117,895392],[3416,-3484]],[[431533,891908],[-5885,-5779]],[[456797,882184],[-2989,3048]],[[453808,885232],[1567,1554]],[[455375,886786],[1773,1194]],[[457148,887980],[5915,-6040]],[[460002,878915],[-3205,3269]],[[450525,883831],[-442,448]],[[450083,884279],[3793,4033]],[[453876,888312],[1499,-1526]],[[453808,885232],[-2356,-2338]],[[451452,882894],[-927,937]],[[460237,893608],[5134,4275]],[[465371,897883],[2578,-2637]],[[464358,892830],[-2039,-1372]],[[462319,891458],[-2082,2150]],[[442660,899729],[-4960,5049]],[[438321,905385],[4706,-4796]],[[443027,900589],[248,-252]],[[443275,900337],[-615,-608]],[[448449,885931],[-5627,-5538]],[[442822,880393],[-1731,1765]],[[441091,882158],[-3798,3874]],[[437293,886032],[-3432,3501]],[[433861,889533],[-2328,2375]],[[442660,899729],[2105,-2142]],[[444765,897587],[2121,-2160]],[[446886,895427],[2152,-2190]],[[449038,893237],[2138,-2177]],[[451176,891060],[1222,-1243]],[[452398,889817],[-3949,-3886]],[[450083,884279],[-1634,1652]],[[452398,889817],[1478,-1505]],[[459363,892881],[-548,561]],[[458815,893442],[1455,1204]],[[460270,894646],[1807,1496]],[[462077,896142],[2762,2285]],[[464839,898427],[532,-544]],[[460237,893608],[-874,-727]],[[453876,888312],[2159,1798]],[[456035,890110],[787,655]],[[456822,890765],[2541,2116]],[[462319,891458],[-1581,-1063]],[[460738,890395],[-2492,-1677]],[[458246,888718],[-1098,-738]],[[447291,873004],[-2862,2922]],[[444429,875926],[2079,2063]],[[446508,877989],[2564,-2618]],[[449072,875371],[3611,-3686]],[[439936,871468],[4493,4458]],[[449072,875371],[3216,3193],[3615,-3699]],[[446508,877989],[4221,4188]],[[450729,882177],[6165,-6332]],[[450729,882177],[723,717]],[[456797,882184],[-2682,-2670],[3186,-3267]],[[458246,888718],[5757,-5850]],[[460738,890395],[5355,-5462]],[[462077,896142],[-2800,2883]],[[459277,899025],[2538,2494]],[[461815,901519],[3024,-3092]],[[453509,897641],[950,936]],[[454459,898577],[5213,5134]],[[459672,903711],[2143,-2192]],[[459277,899025],[-1683,-1656]],[[457594,897369],[-1334,-1311]],[[456260,896058],[-602,-591]],[[455658,895467],[-2149,2174]],[[454459,898577],[-2139,2178]],[[452320,900755],[5230,5127]],[[457550,905882],[2122,-2171]],[[452320,900755],[-2152,2193]],[[450168,902948],[5202,5163]],[[455370,908111],[2180,-2229]],[[448207,901002],[-3442,-3415]],[[443275,900337],[5005,4943]],[[448280,905280],[2502,2471]],[[450782,907751],[2513,2482]],[[453295,910233],[2075,-2122]],[[450168,902948],[-1961,-1946]],[[448207,901002],[2148,-2175]],[[450355,898827],[-3469,-3400]],[[450355,898827],[1965,1928]],[[453509,897641],[-4471,-4404]],[[455658,895467],[-1733,-1704]],[[453925,893763],[-739,-727]],[[453186,893036],[-2010,-1976]],[[453186,893036],[2849,-2926]],[[453925,893763],[2346,-2427]],[[456271,891336],[551,-571]],[[456271,891336],[2544,2106]],[[458815,893442],[-2555,2616]],[[457594,897369],[2676,-2723]],[[444661,878514],[-1839,1879]],[[450083,884279],[-5422,-5765]],[[438969,872461],[5918,5823]],[[444887,878284],[5638,5547]],[[438969,872461],[5692,6053]],[[444661,878514],[226,-230]],[[435199,876329],[5892,5829]],[[431386,880241],[331,324]],[[431717,880565],[5576,5467]],[[427996,883720],[313,310]],[[428309,884030],[3408,-3465]],[[428309,884030],[5552,5503]],[[450782,907751],[-229,231]],[[453075,910458],[220,-225]],[[440841,907854],[4699,-4795]],[[445540,903059],[-2513,-2470]],[[448280,905280],[-235,239]],[[448045,905519],[2508,2463]],[[445540,903059],[2505,2460]],[[467716,904076],[-2333,2379]],[[465383,906455],[930,-2],[3606,3584]],[[469919,910037],[4118,4095]],[[474037,914132],[3852,3829],[-349,1615],[-2414,1131]],[[475126,920707],[-3736,1750],[-3258,-3224]],[[468132,919233],[-3884,-3845]],[[464248,915388],[-3406,-3371],[-44,-886]],[[460798,911131],[-2290,2336]],[[458508,913467],[858,-82],[3663,3621]],[[463029,917006],[3702,3659]],[[466731,920665],[4290,4241]],[[471021,924906],[8398,-3851],[2965,-1448]],[[482384,919607],[-3088,-3071]],[[479296,916536],[-3655,-3637]],[[475641,912899],[-4074,-4052]],[[471567,908847],[-3820,-3799],[-31,-972]],[[493015,909412],[-1441,842]],[[491574,910254],[164,162],[-1046,1062]],[[490692,911478],[-3915,3972]],[[486777,915450],[1489,1284]],[[488266,916734],[6862,-3586]],[[495128,913148],[-2113,-3736]],[[495128,913148],[4311,-2298]],[[499439,910850],[-3292,-3269]],[[496147,907581],[-3132,1831]],[[479979,891527],[4753,4720]],[[484732,896247],[3834,3806]],[[488566,900053],[6385,6340]],[[494951,906393],[1196,1188]],[[499439,910850],[4870,-2579]],[[504309,908271],[7321,-3926]],[[511630,904345],[9636,-4976],[2144,-2234]],[[523410,897135],[2679,-2840],[7594,-4588]],[[533683,889707],[-1034,-1090],[2165,-4100],[2197,-7781]],[[537011,876736],[805,-8101],[-1025,-8044],[-1166,-4663]],[[535625,855928],[-748,-2993]],[[534877,852935],[-3773,-7183],[-3056,-3325]],[[528048,842427],[-48069,49100]],[[441845,921848],[881,868]],[[442726,922716],[6565,6466]],[[449291,929182],[2936,2890]],[[452227,932072],[4704,-1398],[5292,-1733]],[[462223,928941],[-3813,-3767]],[[458410,925174],[-1714,-1693]],[[456696,923481],[-4068,-4018],[1895,-1932]],[[454523,917531],[1281,-1306]],[[455804,916225],[2704,-2758]],[[460798,911131],[2293,-2338]],[[463091,908793],[2292,-2338]],[[467716,904076],[2416,-2464]],[[470132,901612],[2977,-3036]],[[473109,898576],[3325,-3391],[3506,3490]],[[479940,898675],[3429,3413]],[[483369,902088],[3014,2999]],[[486383,905087],[2543,2531]],[[488926,907618],[1456,1449]],[[490382,909067],[1424,-841]],[[491806,908226],[-5713,-5655]],[[486093,902571],[-3840,-3801]],[[482253,898770],[-4763,-4715],[2489,-2528]],[[458596,921538],[-4073,-4007]],[[456696,923481],[1900,-1943]],[[473109,898576],[4018,2949]],[[477127,901525],[2813,-2850]],[[488926,907618],[-1460,1493]],[[487466,909111],[3226,2367]],[[491574,910254],[-1192,-1187]],[[487466,909111],[-3727,3813]],[[483739,912924],[3038,2526]],[[482384,919607],[5882,-2873]],[[483739,912924],[-499,-415]],[[483240,912509],[-3944,4027]],[[473926,904766],[-3794,-3154]],[[471567,908847],[3240,-3349]],[[474807,905498],[-881,-732]],[[476604,902054],[-3495,-3478]],[[473926,904766],[2678,-2712]],[[482253,898770],[2479,-2523]],[[491806,908226],[3145,-1833]],[[488566,900053],[-2473,2518]],[[476604,902054],[523,-529]],[[477127,901525],[3936,2888]],[[481063,904413],[2306,-2325]],[[481063,904413],[3477,2551]],[[484540,906964],[1843,-1877]],[[484540,906964],[-3583,3647]],[[480957,910611],[2283,1898]],[[487466,909111],[-2926,-2147]],[[477647,907859],[1611,1340]],[[479258,909199],[1699,1412]],[[481063,904413],[-3416,3446]],[[475641,912899],[3617,-3700]],[[477647,907859],[-2840,-2361]],[[464248,915388],[2691,-2785]],[[466939,912603],[-3848,-3810]],[[475126,920707],[-3823,-3784]],[[471303,916923],[-470,-465]],[[470833,916458],[-2701,2775]],[[474037,914132],[-2734,2791]],[[466939,912603],[245,243]],[[467184,912846],[2735,-2809]],[[467184,912846],[3649,3612]],[[455804,916225],[4054,4023]],[[459858,920248],[3171,-3242]],[[463552,923914],[3045,3021]],[[466597,926935],[4424,-2029]],[[466731,920665],[-3179,3249]],[[461571,921948],[-3161,3226]],[[462223,928941],[4374,-2006]],[[463552,923914],[-1981,-1966]],[[459858,920248],[1713,1700]],[[459858,920248],[-1262,1290]],[[379117,915009],[-789,790]],[[378328,915799],[1004,-578]],[[379332,915221],[-215,-212]],[[333914,894271],[-876,5733]],[[333038,900004],[4641,-4669],[7121,-7223]],[[344800,888112],[-375,170],[-3328,1809],[-5639,3027],[-642,320],[-902,833]],[[333038,900004],[-1399,9150]],[[331639,909154],[3423,-4568],[6340,-5536],[21029,-18300]],[[362431,880750],[-478,-484]],[[361953,880266],[-9223,4236],[-7930,3610]],[[362431,880750],[1711,-1489]],[[364142,879261],[-2189,1005]],[[368245,877385],[-4103,1876]],[[331639,909154],[-3114,4156]],[[328525,913310],[1731,1720]],[[330256,915030],[4640,-5602],[2488,-2638],[7689,-4076],[4139,-2164],[2883,-1577],[7291,-4062]],[[359386,894911],[14918,-11518]],[[374304,883393],[-6059,-6008]],[[374304,883393],[3331,-1925]],[[377635,881468],[-5810,-5723]],[[371825,875745],[-3580,1640]],[[377635,881468],[14709,-8543]],[[392344,872925],[-4526,-4509]],[[387818,868416],[-15993,7329]],[[392344,872925],[8238,-4784]],[[395688,863278],[-2331,2576],[-5539,2562]],[[330256,915030],[2473,2459]],[[332729,917489],[3369,-4692],[10738,-8324],[12550,-9562]],[[378328,915799],[-3141,3143]],[[375187,918942],[4391,4332]],[[379578,923274],[3915,-3939]],[[383493,919335],[-4161,-4114]],[[388971,905130],[2885,2901]],[[391856,908031],[1948,-1076],[2894,-1378]],[[396698,905577],[-4091,-4094]],[[392607,901483],[-3636,3647]],[[396698,905577],[3513,-1696]],[[400211,903881],[-952,-943]],[[399259,902938],[-1635,-1620]],[[397624,901318],[-2376,-2354]],[[395248,898964],[-2641,2519]],[[397624,901318],[5766,-5875]],[[403390,895443],[5746,-5856]],[[406251,886736],[-11003,12228]],[[420844,904660],[-2566,2630]],[[418278,907290],[-900,923]],[[417378,908213],[-992,1017]],[[416386,909230],[-2559,2623]],[[413827,911853],[447,450],[-2728,2809]],[[411546,915112],[417,414]],[[411963,915526],[2989,-3062]],[[414952,912464],[2982,-3056]],[[417934,909408],[2973,-3046]],[[420907,906362],[2555,-2618]],[[422584,902876],[-1740,1784]],[[427024,930448],[-1923,1970]],[[425101,932418],[5132,5044]],[[430233,937462],[2579,-1138]],[[432812,936324],[93,-48],[-2500,-2477]],[[430405,933799],[-3381,-3351]],[[401929,941278],[-545,7087],[11173,577]],[[412557,948942],[631,-245]],[[413188,948697],[-7263,-7182]],[[405925,941515],[-1907,-1885]],[[404018,939630],[-239,-236]],[[403779,939394],[-1850,1884]],[[382577,911540],[-3460,3469]],[[383493,919335],[3452,-3475]],[[386945,915860],[-3215,-3180]],[[383730,912680],[-1153,-1140]],[[383493,919335],[17009,16818]],[[400502,936153],[1420,1405]],[[401922,937558],[1081,-5816]],[[403003,931742],[-1805,-1786]],[[401198,929956],[-2815,-2783]],[[398383,927173],[-2012,-1990]],[[396371,925183],[-9426,-9323]],[[391856,908031],[1486,1494]],[[393342,909525],[3670,-3635]],[[397012,905890],[-314,-313]],[[393342,909525],[2957,2974]],[[396299,912499],[3076,-3154]],[[399375,909345],[546,-560]],[[399921,908785],[-2909,-2895]],[[400502,936153],[-561,7192]],[[399941,943345],[-527,6755],[8888,497]],[[408302,950597],[2227,-866]],[[410529,949731],[2028,-789]],[[401929,941278],[266,-3451]],[[402195,937827],[-273,-269]],[[403779,939394],[-1584,-1567]],[[393241,950135],[3007,-3047]],[[396248,947088],[-2155,-2152],[-2994,3057],[2142,2142]],[[404018,939630],[1083,-5814]],[[405101,933816],[-962,-951]],[[404139,932865],[-1136,-1123]],[[405925,941515],[3436,-3485]],[[409361,938030],[-521,-515]],[[408840,937515],[-2384,-2358]],[[406456,935157],[-1355,-1341]],[[405520,909141],[-3092,3149]],[[402428,912290],[2733,2637]],[[405161,914927],[117,-903],[1026,1027]],[[406304,915051],[2553,-2604]],[[408857,912447],[-399,-394]],[[408458,912053],[-2595,-2572]],[[405863,909481],[-343,-340]],[[406304,915051],[-493,503]],[[405811,915554],[-554,565]],[[405257,916119],[3659,3623]],[[408916,919742],[3604,-3664]],[[412520,916078],[-557,-552]],[[411546,915112],[-2689,-2665]],[[412588,923376],[2229,2207]],[[414817,925583],[2891,2862]],[[417708,928445],[349,-356]],[[418057,928089],[661,-676]],[[418718,927413],[2580,-2639]],[[421298,924774],[-2855,-2829]],[[418443,921945],[-965,-955]],[[417478,920990],[-1268,-1256]],[[416210,919734],[-3622,3642]],[[418718,927413],[4292,4266]],[[423010,931679],[2585,-2647]],[[425595,929032],[-4297,-4258]],[[429983,910166],[-2782,2840]],[[427201,913006],[2820,2821]],[[430021,915827],[2797,-2869]],[[430021,915827],[-176,181]],[[429845,916008],[4308,4263]],[[434153,920271],[2986,-3057]],[[399280,915496],[3318,3336]],[[402598,918832],[2371,-2419]],[[404969,916413],[192,-1486]],[[402428,912290],[-3148,3206]],[[393342,909525],[-6397,6335]],[[396371,925183],[6227,-6351]],[[399280,915496],[-2981,-2997]],[[399921,908785],[2575,-2640]],[[402496,906145],[-343,-340]],[[402153,905805],[-1942,-1924]],[[399375,909345],[3053,2945]],[[405520,909141],[-740,-733]],[[404780,908408],[-2284,-2263]],[[405161,914927],[650,627]],[[404969,916413],[288,-294]],[[388971,905130],[-6394,6410]],[[383730,912680],[8126,-4649]],[[405527,897578],[-6268,5360]],[[400211,903881],[7243,-3508]],[[407454,900373],[430,-441]],[[407884,899932],[-2357,-2354]],[[402153,905805],[1790,-1834]],[[403943,903971],[1845,-1890]],[[405788,902081],[1666,-1708]],[[409458,898318],[674,674]],[[410132,898992],[4799,-2635],[544,-506]],[[413636,894034],[-4178,4284]],[[410132,898992],[1949,1946]],[[412081,900938],[4197,-4293]],[[409458,898318],[-1574,1614]],[[407454,900373],[1080,-504],[1598,-877]],[[405788,902081],[2618,2618]],[[408406,904699],[3675,-3761]],[[408406,904699],[-1834,1876]],[[406572,906575],[-1792,1833]],[[405863,909481],[3400,-3481]],[[409263,906000],[2985,-3055]],[[412248,902945],[5111,-5232]],[[412248,902945],[2554,2588]],[[414802,905533],[835,-858]],[[415637,904675],[2586,-2657]],[[418223,902018],[1712,-1759]],[[398383,927173],[29,-1147],[3117,-3213]],[[401529,922813],[3164,-3260],[1102,-61],[2815,2765]],[[408610,922257],[2773,2723],[107,1201],[-3147,3276]],[[408343,929457],[-3262,3397],[-942,11]],[[406456,935157],[-26,-936],[3977,-4096]],[[410407,930125],[4410,-4542]],[[412588,923376],[-3672,-3634]],[[401198,929956],[3708,-3851]],[[404906,926105],[-3377,-3292]],[[404906,926105],[3704,-3848]],[[404906,926105],[3437,3352]],[[410407,930125],[2866,2856]],[[413273,932981],[1763,-1802]],[[415036,931179],[2672,-2734]],[[408840,937515],[3094,-3163]],[[411934,934352],[1339,-1371]],[[416210,919734],[-1633,-1619]],[[414577,918115],[-2057,-2037]],[[418223,902018],[2621,2642]],[[411209,909226],[-2751,2827]],[[413827,911853],[-2618,-2627]],[[415637,904675],[2641,2615]],[[414802,905533],[-63,65]],[[414739,905598],[2639,2615]],[[414739,905598],[-971,998]],[[413768,906596],[2618,2634]],[[409263,906000],[2574,2580]],[[411837,908580],[1931,-1984]],[[411837,908580],[-628,646]],[[411796,892216],[-6269,5362]],[[403943,903971],[2629,2604]],[[403390,895443],[2137,2135]],[[420907,906362],[2615,2590]],[[423522,908952],[2563,-2624]],[[423522,908952],[-131,135]],[[423391,909087],[2897,2884]],[[426288,911971],[2710,-2774]],[[426288,911971],[-2722,2787]],[[423566,914758],[-3051,3123]],[[420515,917881],[-3037,3109]],[[418443,921945],[2972,-3033]],[[421415,918912],[2812,-2871]],[[424227,916041],[195,-199]],[[424422,915842],[2779,-2836]],[[421298,924774],[2939,-3014]],[[424237,921760],[-2822,-2848]],[[424237,921760],[2228,-2285]],[[426465,919475],[600,-617]],[[427065,918858],[-2838,-2817]],[[427268,918650],[-2846,-2808]],[[427065,918858],[203,-208]],[[427268,918650],[2577,-2642]],[[420556,911991],[-2622,-2583]],[[414952,912464],[2614,2590]],[[417566,915054],[46,-47]],[[417612,915007],[2944,-3016]],[[414577,918115],[2989,-3061]],[[423566,914758],[-2888,-2891]],[[420678,911867],[-122,124]],[[417612,915007],[2903,2874]],[[423391,909087],[-2713,2780]],[[426465,919475],[2167,2144]],[[428632,921619],[2138,2115]],[[430770,923734],[3383,-3463]],[[425595,929032],[2589,-2650]],[[428184,926382],[-2144,-2120],[2592,-2643]],[[428184,926382],[2586,-2648]],[[435172,922081],[-3323,3409],[4182,4132]],[[436031,929622],[3323,-3428]],[[439354,926194],[-4182,-4113]],[[439354,926194],[3372,-3478]],[[438555,918608],[-3383,3473]],[[433822,930282],[-3389,-3328],[-3409,3494]],[[430405,933799],[3417,-3517]],[[424438,933098],[-1428,-1419]],[[423010,931679],[-643,657]],[[422367,932336],[-3029,3101]],[[419338,935437],[-3109,3183]],[[416229,938620],[-3082,3155]],[[413147,941775],[1437,1421]],[[414584,943196],[5671,-5811]],[[420255,937385],[2479,-2540]],[[422734,934845],[1704,-1747]],[[425101,932418],[-663,680]],[[424438,933098],[4821,4793]],[[429259,937891],[974,-429]],[[418057,928089],[4310,4247]],[[415036,931179],[4302,4258]],[[411934,934352],[4295,4268]],[[409361,938030],[3786,3745]],[[427024,930448],[-1429,-1416]],[[348564,945522],[-21483,21421],[-8873,19450],[7298,-2922]],[[325506,983471],[6517,-12126]],[[332023,971345],[3063,-3041]],[[335086,968304],[1250,-2961],[6112,-10976],[6116,-8845]],[[325506,983471],[5985,-2375]],[[331491,981096],[150,-1105]],[[331641,979991],[1121,-6183],[516,-1224]],[[333278,972584],[-1255,-1239]],[[344790,975776],[-6244,2002]],[[338546,977778],[-6905,2213]],[[331491,981096],[8599,-3461]],[[340090,977635],[4700,-1859]],[[371405,963109],[-27281,10976],[666,1691]],[[344790,975776],[12319,-4953],[7767,-3166],[7918,-3167]],[[372794,964490],[-1389,-1381]],[[372794,964490],[4977,-2006]],[[377771,962484],[-1384,-1372]],[[376387,961112],[-4982,1997]],[[377771,962484],[5400,-2118]],[[383171,960366],[3136,-3231]],[[386307,957135],[-9920,3977]],[[399941,943345],[-3693,3743]],[[393241,950135],[-322,328],[-6612,6672]],[[383171,960366],[14158,-5500],[10973,-4269]],[[333914,894271],[-7430,6858],[-6671,7172],[-6024,11372]],[[313789,919673],[7011,-7144],[4778,4704]],[[325578,917233],[2947,-3923]],[[328525,913310],[-4348,-4296],[8861,-9010]],[[313789,919673],[-11942,22399]],[[301847,942072],[4676,4653]],[[306523,946725],[420,-4706],[12056,-16027],[6579,-8759]],[[301847,942072],[-2098,3941],[-279,620]],[[299470,946633],[6480,6528]],[[305950,953161],[573,-6436]],[[299470,946633],[-2076,4596],[-4747,8804],[-2894,9693],[-183,2584]],[[289570,972310],[15946,-14276]],[[305516,958034],[434,-4873]],[[289570,972310],[-521,7343],[239,1302],[-1297,2649],[17525,-25570]],[[309565,949751],[-3042,-3026]],[[305950,953161],[1305,1314]],[[307255,954475],[2310,-4724]],[[327236,918873],[-1658,-1640]],[[309565,949751],[2384,-3468],[4435,-6147]],[[316384,940136],[984,-3496],[1635,-4241],[2204,-4720],[3154,-4954],[2875,-3852]],[[329867,921475],[-2631,-2602]],[[316384,940136],[9078,-12580],[4405,-6081]],[[305516,958034],[1739,-3559]],[[330256,915030],[-3020,3843]],[[329867,921475],[2862,-3986]],[[354596,939498],[4405,4368]],[[359001,943866],[3809,-3812]],[[362810,940054],[-4381,-4384]],[[358429,935670],[-3833,3828]],[[375187,918942],[-6935,6905],[-9823,9823]],[[362810,940054],[9825,-9834],[6943,-6946]],[[354596,939498],[-3461,3457]],[[351135,942955],[4403,4377]],[[355538,947332],[3463,-3466]],[[359001,943866],[17386,17246]],[[333278,972584],[1808,-4280]],[[338546,977778],[-5268,-5194]],[[335086,968304],[1614,-1603]],[[336700,966701],[19172,-19037]],[[355872,947664],[-334,-332]],[[351135,942955],[-2571,2567]],[[368881,960599],[-32181,6102]],[[371405,963109],[-2524,-2510]],[[368881,960599],[-13009,-12935]],[[546265,900807],[776,476],[666,-1402]],[[547707,899881],[-1442,926]],[[527333,921802],[-2581,2917]],[[524752,924719],[-366,413]],[[524386,925132],[7136,6633],[7792,10864],[9340,8402],[470,-535],[1885,1670],[-1193,1394],[-1882,-1669],[510,-605],[-9482,-8576],[-3030,-4232]],[[535932,938478],[-4257,2849]],[[531675,941327],[-3043,2036]],[[528632,943363],[-3214,2150]],[[525418,945513],[-1623,1086]],[[523795,946599],[11432,23167],[19133,-14868]],[[554360,954898],[-17328,-21215]],[[537032,933683],[-2510,-3074]],[[534522,930609],[-7189,-8807]],[[554360,954898],[18592,-14430]],[[572952,940468],[-18430,-22774]],[[554522,917694],[-17490,15989]],[[586492,916564],[-11451,10671],[1456,10479]],[[576497,937714],[11242,-8735],[2835,-5320]],[[590574,923659],[-4082,-7095]],[[593768,909783],[-7276,6781]],[[590574,923659],[5356,-10055]],[[595930,913604],[-2162,-3821]],[[598154,905696],[-4386,4087]],[[595930,913604],[3256,-6087],[-1032,-1821]],[[553831,894749],[-2144,2559]],[[551687,897308],[3871,-2476]],[[555558,894832],[7380,-5270],[685,-1555],[-92,-91]],[[563531,887916],[-5290,3383],[-4410,3450]],[[545404,882514],[-8054,4953]],[[537350,887467],[1231,1992]],[[537350,887467],[-3667,2240]],[[523410,897135],[3902,3796]],[[511630,904345],[-10442,10777]],[[501188,915122],[1434,2806]],[[502622,917928],[14772,-6901]],[[517394,911027],[5263,-5358]],[[518664,941331],[-3371,1393]],[[515293,942724],[2310,5666]],[[517603,948390],[3754,-1938]],[[521357,946452],[-2693,-5121]],[[525418,945513],[-3459,-5909]],[[521959,939604],[-2322,1326],[-973,401]],[[521357,946452],[1886,-972],[552,1119]],[[508271,925366],[-1477,720]],[[506794,926086],[872,1711]],[[507666,927797],[5089,460]],[[512755,928257],[-509,-1015]],[[512246,927242],[-939,502],[-3036,-2378]],[[533941,903178],[-52,10],[-4694,1040]],[[529195,904228],[-1105,1123]],[[528090,905351],[744,647]],[[528834,905998],[5107,-2820]],[[529195,904228],[-2788,629],[-1301,1130],[-5813,4160],[-1899,880]],[[517394,911027],[-2799,2849]],[[514595,913876],[11196,-6198]],[[525791,907678],[2299,-2327]],[[525791,907678],[-17446,17655]],[[508345,925333],[1434,-663]],[[509779,924670],[9347,-4316]],[[519126,920354],[374,-173],[711,1528],[6037,-3566]],[[526248,918143],[7225,-8117]],[[533473,910026],[-4639,-4028]],[[528834,905998],[-3043,1680]],[[535021,911370],[-5230,4680],[-2062,1218]],[[527729,917268],[-1481,875]],[[519126,920354],[954,2139]],[[520080,922493],[9435,-4823],[2629,-1689]],[[532144,915981],[3658,-3930]],[[535802,912051],[-781,-681]],[[533473,910026],[-5744,7242]],[[535021,911370],[-1548,-1344]],[[544061,901245],[-10120,1933]],[[535021,911370],[2960,-2648],[6080,-7477]],[[560028,887285],[-3180,2023],[-4482,3437],[-2297,2095]],[[550069,894840],[1349,2057]],[[551418,896897],[2413,-2148]],[[553831,894749],[6197,-7464]],[[561354,885764],[-1326,1521]],[[560028,887285],[1743,-1109]],[[561771,886176],[-417,-412]],[[563531,887916],[-1760,-1740]],[[551418,896897],[269,411]],[[520080,922493],[-6639,3392],[-2197,100],[-1465,-1315]],[[508345,925333],[-74,33]],[[512246,927242],[4322,-2313]],[[516568,924929],[2035,-1088]],[[518603,923841],[1678,-898]],[[520281,922943],[-201,-450]],[[518603,923841],[931,1822]],[[519534,925663],[1742,-764]],[[521276,924899],[2689,-1171],[787,991]],[[527333,921802],[-295,-362]],[[527038,921440],[-1189,-1456]],[[525849,919984],[-5568,2959]],[[525849,919984],[4494,-2389],[897,-637]],[[531240,916958],[904,-977]],[[527038,921440],[3429,-3647],[773,-835]],[[535802,912051],[-2929,3462]],[[532873,915513],[2324,-1494],[1366,-1304]],[[536563,912715],[-761,-664]],[[532144,915981],[729,-468]],[[521276,924899],[-1351,1538]],[[519925,926437],[1553,3073]],[[521478,929510],[4515,-2446]],[[525993,927064],[-1816,-1696]],[[524177,925368],[-1752,1981],[-1149,-2450]],[[524177,925368],[209,-236]],[[519534,925663],[391,774]],[[516568,924929],[694,1369]],[[517262,926298],[1019,2009]],[[518281,928307],[1644,-1870]],[[525993,927064],[2558,2389]],[[528551,929453],[2406,2246]],[[530957,931699],[366,343],[1127,1574]],[[532450,933616],[3482,4862]],[[520814,933301],[-4331,2384]],[[516483,935685],[94,186]],[[516577,935871],[1505,2997]],[[518082,938868],[791,-334],[2604,-1473]],[[521477,937061],[406,-1652]],[[521883,935409],[-1069,-2108]],[[513665,939536],[500,992]],[[514165,940528],[971,-415]],[[515136,940113],[-1471,-577]],[[512755,928257],[4507,-1959]],[[518281,928307],[845,1665]],[[519126,929972],[1688,3329]],[[521883,935409],[561,1105]],[[522444,936514],[2002,-1132]],[[524446,935382],[-546,-1081]],[[523900,934301],[-904,-1789]],[[522996,932512],[-1518,-3002]],[[521477,937061],[967,-547]],[[515190,933107],[-2134,1147]],[[513056,934254],[-563,640],[1115,2543]],[[513608,937437],[2969,-1566]],[[516483,935685],[-1293,-2578]],[[513056,934254],[-1640,881]],[[511416,935135],[1397,2734]],[[512813,937869],[795,-432]],[[513608,937437],[-633,760]],[[512975,938197],[690,1339]],[[515136,940113],[2946,-1245]],[[512813,937869],[162,328]],[[510027,932418],[1389,2717]],[[513056,934254],[1724,-1962]],[[514780,932292],[-998,-1989]],[[513782,930303],[-3755,2115]],[[507666,927797],[2361,4621]],[[513782,930303],[-1027,-2046]],[[514780,932292],[3501,-3985]],[[519126,929972],[-4346,2320]],[[514780,932292],[410,815]],[[523900,934301],[1584,494]],[[525484,934795],[5473,-3096]],[[528551,929453],[-5555,3059]],[[524446,935382],[1038,-587]],[[528527,935856],[3148,5471]],[[532450,933616],[-3923,2240]],[[525376,937654],[-3417,1950]],[[528632,943363],[-3256,-5709]],[[528527,935856],[-3151,1798]],[[583325,891318],[10443,18465]],[[598154,905696],[-10428,-18408]],[[587726,887288],[-4401,4030]],[[445143,953708],[-12892,5729]],[[432251,959437],[-2681,2690],[-1041,-1036]],[[423735,963222],[67,1808],[12480,65],[9901,18354]],[[446183,983449],[9906,-10024]],[[456089,973425],[-7198,-15983]],[[448891,957442],[-3748,-3734]],[[463019,966342],[-2564,2621]],[[460455,968963],[-4366,4462]],[[456089,973425],[7379,16563],[6562,-7281],[-6954,-11167],[10844,10788],[7712,-8702]],[[481632,973626],[-4318,-7033]],[[477314,966593],[-2133,-3475]],[[475181,963118],[-1978,-3223]],[[473203,959895],[-8230,8375],[-1954,-1928]],[[491576,946427],[-9029,9192]],[[482547,955619],[6172,10008]],[[488719,965627],[3613,-4077]],[[492332,961550],[4893,-5518]],[[497225,956032],[-4326,-6753],[111,-522]],[[493010,948757],[-1434,-2330]],[[514165,940528],[-2213,917]],[[511952,941445],[-1123,465]],[[510829,941910],[-1798,746]],[[509031,942656],[-3636,4109]],[[505395,946765],[2806,-1146],[3565,-1455],[3527,-1440]],[[506794,926086],[-673,309]],[[506121,926395],[-1173,1194]],[[504948,927589],[394,779]],[[505342,928368],[2052,4061]],[[507394,932429],[1592,3148]],[[508986,935577],[451,893]],[[509437,936470],[978,1936]],[[510415,938406],[864,1708]],[[511279,940114],[1696,-1917]],[[514595,913876],[-9232,9418],[-6021,6139]],[[499342,929433],[5330,-2389]],[[504672,927044],[1449,-649]],[[495128,913148],[2668,2004],[2230,-2305],[4283,-4576]],[[488266,916734],[6855,4540],[6067,-6152]],[[452227,932072],[-1381,379],[-15095,6727]],[[435751,939178],[5288,5267]],[[441039,944445],[11311,-4491],[4888,-2032]],[[457238,937922],[7571,-3154]],[[464809,934768],[11343,-4581],[15150,-6944],[11320,-5315]],[[435751,939178],[-2981,1396],[28,212],[-460,172]],[[432338,940958],[5113,5086]],[[437451,946044],[3588,-1599]],[[411183,968800],[-289,131],[746,1815]],[[411640,970746],[2470,10],[2159,5],[21360,21345],[1298,-1314]],[[438927,990792],[-21887,-21948],[-3884,-44],[-1973,0]],[[419246,965238],[-6454,2828],[-1609,734]],[[438927,990792],[6033,-6104]],[[444960,984688],[-9653,-17866],[-12896,-78]],[[422411,966744],[-2010,907],[-1155,-2413]],[[418368,952569],[1191,666]],[[419559,953235],[985,-388],[-1660,-1854]],[[418884,950993],[-1429,-726]],[[417455,950267],[913,2302]],[[419559,953235],[-802,317]],[[418757,953552],[-402,159]],[[418355,953711],[1064,309]],[[419419,954020],[2559,745],[329,9100]],[[422307,963865],[104,2879]],[[444960,984688],[1223,-1239]],[[423450,955603],[-169,-1677],[-2346,-1231],[726,-292]],[[421661,952403],[-2777,-1410]],[[416269,949665],[-2450,-1246]],[[413819,948419],[802,2055]],[[414621,950474],[2521,1409]],[[417142,951883],[-873,-2218]],[[415520,947759],[-1701,660]],[[416269,949665],[-749,-1906]],[[414621,950474],[1593,4082]],[[416214,954556],[1713,-676]],[[417927,953880],[-785,-1997]],[[413819,948419],[-631,278]],[[410529,949731],[2746,-10],[1346,753]],[[418368,952569],[389,983]],[[417927,953880],[428,-169]],[[418368,952569],[-1226,-686]],[[417455,950267],[-1119,-2824]],[[416336,947443],[-816,316]],[[416269,949665],[1186,602]],[[419814,946134],[-1648,621]],[[418166,946755],[-1830,688]],[[421661,952403],[638,-257]],[[422299,952146],[-2485,-6012]],[[422307,963865],[-3061,1373]],[[447059,952856],[1832,4586]],[[448891,957442],[11564,11521]],[[463019,966342],[-14285,-14230]],[[448734,952112],[-1675,744]],[[473203,959895],[-9021,-14705]],[[464182,945190],[-14155,6343]],[[450027,951533],[-1293,579]],[[504672,927044],[276,545]],[[434290,947317],[-11991,4829]],[[436013,950554],[1603,-644]],[[437616,949910],[2647,-1065]],[[440263,948845],[-2812,-2801]],[[437451,946044],[-3161,1273]],[[431996,940622],[-416,175]],[[431580,940797],[2710,6520]],[[432338,940958],[-342,-336]],[[443820,947217],[-2781,-2772]],[[440263,948845],[4880,4863]],[[445143,953708],[1916,-852]],[[448734,952112],[-866,-863]],[[447868,951249],[-4048,-4032]],[[443820,947217],[16085,-6520],[-2667,-2775]],[[464809,934768],[17413,-4564]],[[482222,930204],[9378,-4321],[12233,-5586],[1085,-511],[9677,-5910]],[[431580,940797],[-11766,5337]],[[437616,949910],[-5805,5905],[2033,2024],[-1593,1598]],[[428529,961091],[3722,-1654]],[[482222,930204],[2507,5779]],[[484729,935983],[337,-151]],[[485066,935832],[1548,-694]],[[486614,935138],[11159,-5002]],[[497773,930136],[1569,-703]],[[498884,954161],[-1366,-2117]],[[497518,952044],[-920,23]],[[496598,952067],[1917,2510]],[[498515,954577],[369,-416]],[[497225,956032],[1290,-1455]],[[496598,952067],[-1524,40],[-2064,-3350]],[[498515,954577],[2062,2679]],[[500577,957256],[228,-119]],[[500805,957137],[-1921,-2976]],[[492332,961550],[8245,-4294]],[[489729,943076],[-133,136]],[[489596,943212],[1980,3215]],[[496598,952067],[-6869,-8991]],[[479929,958284],[-4748,4834]],[[477314,966593],[5019,-4356]],[[482333,962237],[-2404,-3953]],[[477961,955052],[-4758,4843]],[[479929,958284],[-1968,-3232]],[[481632,973626],[4524,-5106]],[[486156,968520],[-3823,-6283]],[[470295,942451],[-6113,2739]],[[477961,955052],[-7666,-12601]],[[482547,955619],[-2618,2665]],[[486156,968520],[2563,-2893]],[[480564,952404],[-7033,-11403]],[[473531,941001],[-3236,1450]],[[477961,955052],[2603,-2648]],[[496794,947501],[-672,305]],[[496122,947806],[182,241],[979,-415]],[[497283,947632],[-489,-131]],[[497518,952044],[-337,-522],[-680,-1053],[1162,-485],[3474,-1449],[3509,-1464],[749,-306]],[[509031,942656],[-1399,593]],[[507632,943249],[-10349,4383]],[[496122,947806],[-457,-609]],[[495665,947197],[-2106,-2806]],[[493559,944391],[-2218,-2956]],[[491341,941435],[-1612,1641]],[[510415,938406],[-4563,2476]],[[505852,940882],[1092,1452]],[[506944,942334],[314,418]],[[507258,942752],[374,497]],[[509031,942656],[2248,-2542]],[[511279,940114],[86,170]],[[511365,940284],[587,1161]],[[511365,940284],[-536,1626]],[[496794,947501],[-1129,-304]],[[507258,942752],[-1150,522]],[[506108,943274],[-9314,4227]],[[501761,935440],[-1963,-2610]],[[499798,932830],[-8457,8605]],[[493559,944391],[8438,-8636]],[[501997,935755],[-236,-315]],[[506108,943274],[836,-940]],[[505852,940882],[-1342,-1785]],[[504510,939097],[-609,-810]],[[503901,938287],[-1904,-2532]],[[505342,928368],[-2439,1301]],[[502903,929669],[-3105,3161]],[[501761,935440],[5633,-3011]],[[503901,938287],[5085,-2710]],[[504510,939097],[4927,-2627]],[[502903,929669],[-3912,2088]],[[498991,931757],[807,1073]],[[450027,951533],[-2159,-284]],[[504948,927589],[-2045,2080]],[[482547,955619],[-1983,-3215]],[[489596,943212],[-9032,9192]],[[383427,968800],[792,0]],[[384219,968800],[-226,-549]],[[383993,968251],[-566,549]],[[331491,981096],[-1324,7458],[-5040,2004],[-1139,9441],[1943,-621],[6172,-6673],[3844,-2478],[10625,-5120],[559,101]],[[347131,985208],[-7041,-7573]],[[347131,985208],[2040,371]],[[349171,985579],[16294,-10627],[12385,-6161],[344,0]],[[378194,968791],[5233,9]],[[383993,968251],[1575,-1526],[22159,-8859],[8487,-3310]],[[347131,985208],[1001,1060],[1039,-689]],[[349171,985579],[2656,511]],[[351827,986090],[13569,-8873]],[[365396,977217],[10090,-6598]],[[375486,970619],[2708,-1828]],[[351827,986090],[4334,806],[13466,-5077],[4356,-4110]],[[373983,977709],[-8587,-492]],[[375486,970619],[5981,30]],[[381467,970649],[1960,-1849]],[[411183,968800],[-25026,0]],[[386157,968800],[-1938,0]],[[381467,970649],[30173,97]],[[373983,977709],[7484,-7060]],[[419419,954020],[-11157,4924],[-22105,9856]],[[661310,407869],[4735,-4755]],[[666045,403114],[-1757,-1756]],[[659179,406545],[1732,1725]],[[660911,408270],[399,-401]],[[666045,403114],[626,627],[1967,1960]],[[656180,414359],[-662,-640],[5393,-5449]],[[656180,414359],[5379,-5444]],[[661559,408915],[-648,-645]],[[663527,410875],[409,-414]],[[663936,410461],[-1968,-1960]],[[661968,408501],[-409,414]],[[661559,408915],[1968,1960]],[[661968,408501],[-658,-632]],[[658587,418474],[861,-869]],[[659448,417605],[-642,-637]],[[658806,416968],[-655,-651]],[[658806,416968],[5783,-5854]],[[664589,411114],[-653,-653]],[[663527,410875],[-5376,5442]],[[659448,417605],[6759,-6821]],[[665557,410133],[-968,981]],[[582540,392354],[4506,-4554]],[[587046,387800],[-374,-3078]],[[586672,384722],[-4834,4886]],[[581838,389608],[702,2746]],[[587046,387800],[8911,-9007]],[[595957,378793],[-1718,-1718]],[[594239,377075],[-7567,7647]],[[630975,460352],[205,-208]],[[631180,460144],[-6002,-5989]],[[625178,454155],[-197,199]],[[624981,454354],[5994,5998]],[[630975,460352],[-226,228]],[[630749,460580],[-6271,6351]],[[627806,470250],[6691,-6796]],[[634497,463454],[-3317,-3310]],[[599445,382281],[-3488,-3488]],[[587046,387800],[-1950,3244],[394,2322],[-2486,802]],[[583004,394168],[967,3783]],[[582540,392354],[464,1814]],[[578952,409024],[3238,-3349]],[[582190,405675],[-3353,-1963],[-418,-1489],[-56,-738]],[[578363,401485],[-6577,-6458]],[[582190,405675],[214,-222]],[[582404,405453],[-4041,-3968]],[[576190,379961],[209,-1152],[-558,-1637]],[[575841,377172],[-871,-470],[-1282,-1118]],[[573688,375584],[-4212,4175]],[[569476,379759],[3529,3502]],[[575841,377172],[-151,-445],[-1306,-1834]],[[574384,374893],[-696,691]],[[569476,379759],[-262,271]],[[576935,378028],[-460,-1275],[-650,-1320],[-815,-1177]],[[575010,374256],[-626,637]],[[569347,367498],[1287,4458],[3136,1791],[614,1146]],[[575010,374256],[757,-770]],[[575767,373486],[1184,-1199]],[[576951,372287],[-580,-1103]],[[576371,371184],[-2769,-1591]],[[573602,369593],[-3686,-2119],[-569,24]],[[578363,401485],[-772,-8396],[-145,-3899]],[[577446,389190],[-2085,2150]],[[577446,389190],[1741,-1796]],[[579187,387394],[-339,-1929]],[[578848,385465],[-693,-2695]],[[579187,387394],[124,-128]],[[579311,387266],[-463,-1801]],[[585896,368733],[2889,2889]],[[588785,371622],[5454,5453]],[[605998,388822],[980,-2328]],[[606978,386494],[-5144,-5152]],[[601834,381342],[-4804,-4819]],[[597030,376523],[-5070,-5085]],[[601834,381342],[865,-878]],[[603304,375799],[-2799,-2797]],[[600505,373002],[-3475,3521]],[[606978,386494],[3500,-3558]],[[610478,382936],[-3749,-3730]],[[613367,372457],[2254,2263],[1483,1481]],[[617104,376201],[2049,-2029]],[[619153,374172],[-1517,-1508],[-2243,-2267]],[[612603,380776],[-3727,-3753]],[[610478,382936],[2125,-2160]],[[612603,380776],[2126,-2160]],[[614729,378616],[-3757,-3724]],[[614729,378616],[2375,-2415]],[[606787,357075],[-4667,-4677]],[[599772,354765],[4679,4681]],[[604451,359446],[2336,-2371]],[[606787,357075],[1383,-1404]],[[612907,360411],[-1387,1407]],[[611520,361818],[2798,2804]],[[598172,357271],[8990,8985]],[[607162,366256],[2794,2792]],[[611987,366987],[-2800,-2802]],[[609187,364185],[-4736,-4739]],[[600505,373002],[-4703,-4701]],[[600505,373002],[2159,-2188]],[[602664,370814],[-4682,-4700]],[[595796,359689],[8986,8979]],[[604782,368668],[2380,-2412]],[[604782,368668],[2795,2794]],[[611520,361818],[-2333,2367]],[[611520,361818],[-4733,-4743]],[[602664,370814],[2118,-2146]],[[602664,370814],[2791,2802]],[[621502,371788],[-3783,-3756]],[[619153,374172],[2349,-2384]],[[621502,371788],[1426,-1422]],[[627667,375159],[-1380,1402]],[[626287,376561],[4759,4751]],[[631046,381312],[1383,-1410]],[[626287,376561],[-2341,2380]],[[623946,378941],[4772,4747]],[[628718,383688],[2328,-2376]],[[627917,373905],[-4472,4538]],[[623445,378443],[501,498]],[[645474,395747],[-2294,2328]],[[643180,398075],[4511,4486]],[[649969,400243],[-4495,-4496]],[[622958,377959],[-3805,-3787]],[[617104,376201],[4787,4780]],[[621891,380981],[4778,4771]],[[626669,385752],[4777,4771]],[[631446,390523],[4772,4766]],[[636218,395289],[4881,4874]],[[641099,400163],[4516,4509]],[[643180,398075],[-4892,-4867]],[[638288,393208],[-4788,-4763]],[[633500,388445],[-4782,-4757]],[[623445,378443],[-487,-484]],[[606978,386494],[4768,4761]],[[611746,391255],[3493,-3537]],[[615239,387718],[-4761,-4782]],[[635494,414966],[-4502,-4495]],[[630992,410471],[-4898,-4891]],[[626094,405580],[-4764,-4756]],[[621330,400824],[-4785,-4778]],[[616545,396046],[-4799,-4791]],[[634464,406930],[-3472,3541]],[[638969,411432],[-4505,-4502]],[[636218,395289],[-2399,2438]],[[633819,397727],[4880,4884]],[[638699,402611],[2400,-2448]],[[638699,402611],[4506,4512]],[[629573,402043],[-3479,3537]],[[634464,406930],[-4891,-4887]],[[624809,397282],[-366,372]],[[624443,397654],[-3113,3170]],[[629573,402043],[-4764,-4761]],[[626669,385752],[-2387,2427]],[[624282,388179],[4773,4779]],[[629055,392958],[2391,-2435]],[[629055,392958],[4764,4769]],[[619675,392863],[-3130,3183]],[[624443,397654],[-4768,-4791]],[[619675,392863],[342,-346]],[[620017,392517],[-4778,-4799]],[[614729,378616],[4776,4781]],[[619505,383397],[2386,-2416]],[[619505,383397],[4777,4782]],[[638699,402611],[-2074,2115]],[[636625,404726],[4506,4506]],[[617395,385534],[-4792,-4758]],[[615239,387718],[2156,-2184]],[[617395,385534],[2110,-2137]],[[620017,392517],[2010,-2044]],[[622027,390473],[2255,-2294]],[[626799,395255],[-4772,-4782]],[[624809,397282],[1990,-2027]],[[626799,395255],[177,-180]],[[626976,395075],[2079,-2117]],[[636625,404726],[-2161,2204]],[[631741,399840],[-4765,-4765]],[[629573,402043],[2168,-2203]],[[631741,399840],[2078,-2113]],[[621502,371788],[3800,3781],[-2344,2390]],[[646893,394307],[-1419,1440]],[[640597,390866],[-2309,2342]],[[645474,395747],[-4877,-4881]],[[635819,386085],[-2319,2360]],[[640597,390866],[-4778,-4781]],[[635819,386085],[1394,-1418]],[[642004,389439],[-1407,1427]],[[636625,404726],[-4884,-4886]],[[588785,371622],[-1264,1297],[3700,3734],[-4871,4944]],[[586350,381597],[322,3125]],[[586350,381597],[-1960,1991],[-553,-3477],[-4532,-411]],[[579305,379700],[2533,9908]],[[586350,381597],[-679,-2913],[-1730,-3528],[-4212,1608],[-1559,-1505]],[[578170,375259],[1135,4441]],[[582218,365055],[-56,1958],[-4846,4905]],[[577316,371918],[854,3341]],[[576607,366534],[-2802,2853]],[[573805,369387],[2566,1797]],[[576371,371184],[823,857]],[[577194,372041],[122,-123]],[[576951,372287],[243,-246]],[[573805,369387],[-203,206]],[[569329,367434],[18,64]],[[636657,461259],[596,-605]],[[637253,460654],[-3770,-3054],[-3731,-3241]],[[629752,454359],[6905,6900]],[[637253,460654],[3824,-3884]],[[618479,460950],[6062,-6149]],[[624541,454801],[-4234,-3936],[-4538,-4548],[-5913,-5965],[-2267,-2445],[-5810,-5753],[-4767,-4779],[-735,154]],[[596277,427529],[157,651]],[[625178,454155],[-2219,-2214]],[[595578,424618],[125,522]],[[595703,425140],[29205,29289]],[[624908,454429],[73,-75]],[[624549,454793],[359,-364]],[[595703,425140],[574,2389]],[[624541,454801],[8,-8]],[[630749,460580],[-2271,-1980],[-1941,-1945],[-1988,-1862]],[[498991,931757],[-1117,-1486]],[[497874,930271],[-10979,5241]],[[486895,935512],[4446,5923]],[[497874,930271],[-101,-135]],[[486614,935138],[281,374]],[[484688,936507],[-289,-376]],[[484399,936131],[-2633,1179]],[[481766,937310],[238,502],[2684,-1305]],[[489596,943212],[-952,-1549]],[[488644,941663],[-3956,-5156]],[[481766,937310],[-8235,3691]],[[488644,941663],[-3343,-5447]],[[485301,936216],[-613,291]],[[484399,936131],[330,-148]],[[489729,943076],[-1085,-1413]],[[556389,876525],[1283,-605],[3711,-3156],[2433,-1807]],[[563816,870957],[-1928,-1911]],[[531339,839066],[9309,9135]],[[546305,846888],[-11530,-11358]],[[569711,866183],[1284,-1321]],[[570995,864862],[-2220,-2891]],[[568775,861971],[-3486,3591]],[[563816,870957],[5895,-4774]],[[570995,864862],[20886,-21485]],[[589282,840841],[-20507,21130]],[[569711,866183],[12365,-9652],[8632,-7096],[9815,-8262]],[[485301,936216],[1594,-704]],[[485066,935832],[235,384]],[[504672,927044],[-6798,3227]],[[581145,893314],[2180,-1996]],[[583325,891318],[-563,-995]],[[582762,890323],[-1617,2991]],[[549350,908559],[861,-1903]],[[550211,906656],[-1040,-1603],[-2574,1483]],[[546597,906536],[2753,2023]],[[542593,908760],[4004,-2224]],[[546597,906536],[-1148,-843]],[[545449,905693],[-2856,3067]],[[576602,899371],[-715,-1242]],[[575887,898129],[-4082,3738]],[[571805,901867],[2374,-38],[2423,-2458]],[[581145,893314],[-5258,4815]],[[576602,899371],[2634,-2588],[1909,-3469]],[[576602,899371],[9890,17193]],[[582762,890323],[-3745,-6621]],[[579017,883702],[-8979,4260]],[[570038,887962],[5849,10167]],[[570038,887962],[-14480,6870]],[[555558,894832],[-5347,11824]],[[550211,906656],[22,29],[7242,-4852],[14330,34]],[[555558,894832],[-10109,10861]],[[545449,905693],[-1080,-794],[-1826,2100],[-3517,3690]],[[539026,910689],[3567,-1929]],[[539026,910689],[-2172,2280]],[[536854,912969],[1005,877],[4734,-5086]],[[536854,912969],[-4561,3240]],[[532293,916209],[-4960,5593]],[[534522,930609],[1541,-1276],[-2423,-2992],[15710,-17782]],[[554522,917694],[17283,-15827]],[[572952,940468],[3545,-2754]],[[586066,884359],[-1787,-3154],[-5262,2497]],[[582762,890323],[3146,-5817],[158,-147]],[[587726,887288],[-1660,-2929]],[[532873,915513],[-580,696]],[[536854,912969],[-291,-254]],[[531240,916958],[1053,-749]],[[551687,897308],[-2056,1337]],[[549631,898645],[-3341,3538],[-2516,2933],[-3561,4114],[-2112,2016]],[[538101,911246],[925,-557]],[[538101,911246],[-1538,1469]],[[546265,900807],[-2204,438]],[[549631,898645],[-1924,1236]],[[568775,861971],[-1895,-2399],[-4887,-4684],[-4848,-4922],[-7386,-9044]],[[549759,840922],[2316,4282],[3382,10699]],[[541558,828552],[5028,6500],[3173,5870]],[[659448,417605],[3248,3275]],[[582404,405453],[796,-794]],[[583200,404659],[-3889,-17393]],[[575767,373486],[1168,4542]],[[583200,404659],[465,-464]],[[583200,404659],[40,1603],[848,3521],[1551,3418],[2138,3305],[2387,2951],[3779,4194],[1120,797],[640,692]],[[596277,427529],[-6480,-6566],[-5276,-7502],[-2331,-7786]],[[315457,680452],[-59,-58]],[[314992,680817],[55,58],[410,-423]],[[315498,680492],[-41,-40]],[[312730,676943],[-2370,-2316],[-836,862]],[[309524,675489],[214,216]],[[655562,479363],[1972,-7867]],[[657534,471496],[-289,-289]],[[657245,471207],[-1242,409],[-4508,-2357],[-4459,-2679],[-3210,-2093]],[[643826,464487],[-3112,3156]],[[640714,467643],[5095,5086]],[[645809,472729],[5095,2707],[3990,2159],[668,1768]],[[657245,471207],[-10091,-10096]],[[647154,461111],[-3328,3376]],[[670402,431872],[1140,-6048]],[[647548,450197],[-2107,2140]],[[636657,461259],[-2160,2195]],[[632117,476317],[1707,-1750]],[[633824,474567],[6890,-6924]],[[647154,461111],[1465,-1486]],[[655562,479363],[-105,419]],[[696552,252953],[262,-1845]],[[696814,251108],[-4083,1415]],[[692731,252523],[3821,430]],[[667550,242964],[-1052,1283]],[[680807,258522],[15745,-5569]],[[692731,252523],[-11453,4082],[-13728,-13641]],[[667550,242964],[-5511,-5476]],[[662039,237488],[-1149,1166]],[[700786,240463],[-28863,-2833],[-4373,5334]],[[696814,251108],[1287,173]],[[698101,251281],[1028,-1953],[1657,-8865]],[[702387,240620],[-1601,-157]],[[698101,251281],[1232,165]],[[699333,251446],[973,131]],[[700786,240463],[1259,-6730]],[[702045,233733],[-31044,-5337]],[[671001,228396],[-8962,9092]],[[699222,252008],[111,-562]],[[696552,252953],[2670,-945]],[[299767,736715],[2756,-588],[860,-183]],[[561354,885764],[-2353,-2327]],[[559001,883437],[-2443,2064],[-8302,6574]],[[548256,892075],[1813,2765]],[[559001,883437],[-4747,-4693]],[[541691,891520],[4271,-2943],[2294,3498]],[[702387,240620],[1339,-6602]],[[703726,234018],[-1681,-285]],[[703726,234018],[331,-1637]],[[672465,226910],[-1464,1486]],[[978194,300311],[586,-5998],[-1709,-10758],[-1269,-3240]],[[971967,285449],[1868,11192],[-1933,-352]],[[971902,296289],[-6330,10503],[5793,3632],[1294,-446]],[[972659,309978],[5535,-9667]],[[971902,296289],[-18844,-3428]],[[928404,300268],[28990,15533]],[[957394,315801],[10779,701],[1937,-2072],[2549,-4452]],[[977999,309957],[-990,-1391],[-4350,1412]],[[957394,315801],[5079,2743],[10877,6827],[2057,-2268]],[[975407,323103],[-2141,-3145],[4733,-10001]],[[977999,309957],[172,-364]],[[978171,309593],[-2326,-4055],[2135,-3036],[214,-2191]],[[975407,323103],[7118,-7848],[-1059,81],[-3295,-5743]],[[994484,289921],[-1203,1975],[-3025,-1885]],[[990256,290011],[372,11057],[-703,6095],[4720,4560],[5354,-5992],[-4530,-13040],[-985,-2770]],[[994484,289921],[-4495,-12637],[-2487,2155],[2612,6378],[142,4194]],[[637554,345152],[3695,-3741]],[[641249,341411],[-4618,-4572]],[[636631,336839],[-828,834]],[[635803,337673],[-3345,3369]],[[632458,341042],[4089,4085],[1007,25]],[[635803,337673],[-4539,-4532]],[[631264,333141],[-2807,2852]],[[628457,335993],[45,1096],[3956,3953]],[[636631,336839],[4318,-4349]],[[640949,332490],[-4568,-4550]],[[636381,327940],[-5117,5201]],[[641249,341411],[4293,-4346]],[[641087,332628],[-138,-138]],[[640262,323995],[-3881,3945]],[[625652,274475],[-2685,2723]],[[605246,312794],[1921,1920]],[[615875,323417],[1929,1928]],[[626546,334083],[1911,1910]],[[637554,345152],[2120,2157]],[[596496,304048],[-2622,2660]],[[635231,442105],[-220,-221]],[[635011,441884],[-4391,4429]],[[630620,446313],[239,239]],[[635011,441884],[-1064,-1066]],[[629563,445256],[1057,1057]],[[315558,728329],[409,-416]],[[339326,706716],[157,-2810]],[[339483,703906],[-2661,-2597]],[[336158,709996],[3168,-3280]],[[339326,706716],[1473,-1525]],[[340799,705191],[-1316,-1285]],[[340799,705191],[401,-415],[-25385,-24817]],[[500805,957137],[3090,-1609],[3392,-1766],[3471,-1807],[3398,-1770],[3447,-1795]],[[630620,446313],[-4420,4495]],[[626200,450808],[239,240]],[[625132,449742],[1068,1066]],[[694314,283402],[700,-3706]],[[646605,253221],[-5838,5923]],[[640767,259144],[18219,17920],[2307,-2382],[33021,8720]],[[692313,293993],[2001,-10591]],[[640767,259144],[-7036,7136]],[[698859,253846],[-750,-291]],[[698109,253555],[-167,797],[-5891,5657],[-1401,6630],[3346,707]],[[698109,253555],[-1557,-602]],[[598131,63489],[5115,11900]],[[638935,156681],[850,2490],[628,2893]],[[640914,184546],[-105,-2072],[-511,2102]],[[639602,483776],[1741,-1737]],[[641343,482039],[-7519,-7472]],[[632117,476317],[7485,7459]],[[634794,488664],[4808,-4888]],[[633823,487694],[971,970]],[[651346,495479],[-11744,-11703]],[[634794,488664],[2036,2034]],[[652108,492736],[-10765,-10697]],[[641343,482039],[6843,-6938]],[[648186,475101],[-2377,-2372]],[[654932,481834],[-748,-747]],[[654184,481087],[-5998,-5986]],[[654184,481087],[1273,-1305]],[[268586,635475],[-5094,5338]],[[263492,640813],[2599,2513]],[[263492,640813],[-2070,2169]],[[554954,862241],[-18509,-6045]],[[536445,856196],[2470,5515],[658,5627],[-2562,9398]],[[554254,878744],[189,-1302]],[[536445,856196],[-820,-268]],[[536445,856196],[-1568,-3261]],[[600826,707804],[-6106,6267]],[[594720,714071],[-2028,2081]],[[578743,715334],[8408,-8636]],[[587151,706698],[6163,-6331]],[[587151,706698],[7569,7373]],[[444591,931346],[-4649,2140]],[[439942,933486],[-1945,895]],[[437997,934381],[-4881,2247]],[[433116,936628],[2635,2550]],[[449291,929182],[-4700,2164]],[[432812,936324],[304,304]],[[437997,934381],[-4175,-4099]],[[436031,929622],[3911,3864]],[[444591,931346],[-5237,-5152]],[[429259,937891],[2737,2731]],[[420255,937385],[3133,3096]],[[423388,940481],[3520,-1553]],[[426908,938928],[-4174,-4083]],[[414584,943196],[817,808]],[[415401,944004],[7987,-3523]],[[418166,946755],[-2765,-2751]],[[429259,937891],[-2351,1037]]],"bbox":[-4800.556,-8242.827,-1819.166,-5280.631],"transform":{"scale":[0.002981392981392981,0.0029621989621989612],"translate":[-4800.556,-8242.827]}}