{"type":"Topology","objects":{"01662-4600-3":{"type":"GeometryCollection","geometries":[{"type":"MultiPolygon","arcs":[[[0,1,2]]],"properties":{"筆ID":"H000000001","version":"ver1.0","座標系":"任意座標系","測地系判別":null,"地図名":"開拓図４・方無去","地図番号":"開17-2","縮尺分母":"2500","市区町村コード":"01662","市区町村名":"厚岸郡厚岸町","大字コード":"622","丁目コード":"000","小字コード":"0000","予備コード":"00","大字名":"片無去","丁目名":null,"小字名":null,"予備名":null,"地番":"162-33","精度区分":null,"座標値種別":"図上測量","筆界未定構成筆":null,"代表点緯度":-337.7505,"代表点経度":1535.944437877}},{"type":"MultiPolygon","arcs":[[[3,-1,4]]],"properties":{"筆ID":"H000000002","version":"ver1.0","座標系":"任意座標系","測地系判別":null,"地図名":"開拓図４・方無去","地図番号":"開17-2","縮尺分母":"2500","市区町村コード":"01662","市区町村名":"厚岸郡厚岸町","大字コード":"622","丁目コード":"000","小字コード":"0000","予備コード":"00","大字名":"片無去","丁目名":null,"小字名":null,"予備名":null,"地番":"162-29","精度区分":null,"座標値種別":"図上測量","筆界未定構成筆":null,"代表点緯度":-319.2795,"代表点経度":1611.536428806}},{"type":"MultiPolygon","arcs":[[[5,-3,6,7]]],"properties":{"筆ID":"H000000003","version":"ver1.0","座標系":"任意座標系","測地系判別":null,"地図名":"開拓図４・方無去","地図番号":"開17-2","縮尺分母":"2500","市区町村コード":"01662","市区町村名":"厚岸郡厚岸町","大字コード":"622","丁目コード":"000","小字コード":"0000","予備コード":"00","大字名":"片無去","丁目名":null,"小字名":null,"予備名":null,"地番":"162-34","精度区分":null,"座標値種別":"図上測量","筆界未定構成筆":null,"代表点緯度":-295.5705,"代表点経度":1526.315999943}},{"type":"MultiPolygon","arcs":[[[8,-5,-6,9]]],"properties":{"筆ID":"H000000004","version":"ver1.0","座標系":"任意座標系","測地系判別":null,"地図名":"開拓図４・方無去","地図番号":"開17-2","縮尺分母":"2500","市区町村コード":"01662","市区町村名":"厚岸郡厚岸町","大字コード":"622","丁目コード":"000","小字コード":"0000","予備コード":"00","大字名":"片無去","丁目名":null,"小字名":null,"予備名":null,"地番":"162-28","精度区分":null,"座標値種別":"図上測量","筆界未定構成筆":null,"代表点緯度":-276.9515,"代表点経度":1601.137189482}},{"type":"MultiPolygon","arcs":[[[10,-8,11,12]]],"properties":{"筆ID":"H000000005","version":"ver1.0","座標系":"任意座標系","測地系判別":null,"地図名":"開拓図４・方無去","地図番号":"開17-2","縮尺分母":"2500","市区町村コード":"01662","市区町村名":"厚岸郡厚岸町","大字コード":"622","丁目コード":"000","小字コード":"0000","予備コード":"00","大字名":"片無去","丁目名":null,"小字名":null,"予備名":null,"地番":"162-35","精度区分":null,"座標値種別":"図上測量","筆界未定構成筆":null,"代表点緯度":-252.994,"代表点経度":1516.597118208}},{"type":"MultiPolygon","arcs":[[[13,-10,-11,14]]],"properties":{"筆ID":"H000000006","version":"ver1.0","座標系":"任意座標系","測地系判別":null,"地図名":"開拓図４・方無去","地図番号":"開17-2","縮尺分母":"2500","市区町村コード":"01662","市区町村名":"厚岸郡厚岸町","大字コード":"622","丁目コード":"000","小字コード":"0000","予備コード":"00","大字名":"片無去","丁目名":null,"小字名":null,"予備名":null,"地番":"162-27","精度区分":null,"座標値種別":"図上測量","筆界未定構成筆":null,"代表点緯度":-234.6365,"代表点経度":1590.741168827}},{"type":"MultiPolygon","arcs":[[[15,-13,16,17]]],"properties":{"筆ID":"H000000007","version":"ver1.0","座標系":"任意座標系","測地系判別":null,"地図名":"開拓図４・方無去","地図番号":"開17-2","縮尺分母":"2500","市区町村コード":"01662","市区町村名":"厚岸郡厚岸町","大字コード":"622","丁目コード":"000","小字コード":"0000","予備コード":"00","大字名":"片無去","丁目名":null,"小字名":null,"予備名":null,"地番":"162-36","精度区分":null,"座標値種別":"図上測量","筆界未定構成筆":null,"代表点緯度":-210.562,"代表点経度":1506.911070585}},{"type":"MultiPolygon","arcs":[[[18,-15,-16,19]]],"properties":{"筆ID":"H000000008","version":"ver1.0","座標系":"任意座標系","測地系判別":null,"地図名":"開拓図４・方無去","地図番号":"開17-2","縮尺分母":"2500","市区町村コード":"01662","市区町村名":"厚岸郡厚岸町","大字コード":"622","丁目コード":"000","小字コード":"0000","予備コード":"00","大字名":"片無去","丁目名":null,"小字名":null,"予備名":null,"地番":"162-26","精度区分":null,"座標値種別":"図上測量","筆界未定構成筆":null,"代表点緯度":-192.649,"代表点経度":1580.425128025}},{"type":"MultiPolygon","arcs":[[[20,-18,21,22]]],"properties":{"筆ID":"H000000009","version":"ver1.0","座標系":"任意座標系","測地系判別":null,"地図名":"開拓図４・方無去","地図番号":"開17-2","縮尺分母":"2500","市区町村コード":"01662","市区町村名":"厚岸郡厚岸町","大字コード":"622","丁目コード":"000","小字コード":"0000","予備コード":"00","大字名":"片無去","丁目名":null,"小字名":null,"予備名":null,"地番":"162-37","精度区分":null,"座標値種別":"図上測量","筆界未定構成筆":null,"代表点緯度":-167.576,"代表点経度":1497.098394071}},{"type":"MultiPolygon","arcs":[[[23,-20,-21,24]]],"properties":{"筆ID":"H000000010","version":"ver1.0","座標系":"任意座標系","測地系判別":null,"地図名":"開拓図４・方無去","地図番号":"開17-2","縮尺分母":"2500","市区町村コード":"01662","市区町村名":"厚岸郡厚岸町","大字コード":"622","丁目コード":"000","小字コード":"0000","予備コード":"00","大字名":"片無去","丁目名":null,"小字名":null,"予備名":null,"地番":"162-25","精度区分":null,"座標値種別":"図上測量","筆界未定構成筆":null,"代表点緯度":-150.057,"代表点経度":1569.960666239}},{"type":"MultiPolygon","arcs":[[[25,-23,26,27]]],"properties":{"筆ID":"H000000011","version":"ver1.0","座標系":"任意座標系","測地系判別":null,"地図名":"開拓図４・方無去","地図番号":"開17-2","縮尺分母":"2500","市区町村コード":"01662","市区町村名":"厚岸郡厚岸町","大字コード":"622","丁目コード":"000","小字コード":"0000","予備コード":"00","大字名":"片無去","丁目名":null,"小字名":null,"予備名":null,"地番":"162-38","精度区分":null,"座標値種別":"図上測量","筆界未定構成筆":null,"代表点緯度":-125.019,"代表点経度":1486.98230816}},{"type":"MultiPolygon","arcs":[[[28,-25,-26,29]]],"properties":{"筆ID":"H000000012","version":"ver1.0","座標系":"任意座標系","測地系判別":null,"地図名":"開拓図４・方無去","地図番号":"開17-2","縮尺分母":"2500","市区町村コード":"01662","市区町村名":"厚岸郡厚岸町","大字コード":"622","丁目コード":"000","小字コード":"0000","予備コード":"00","大字名":"片無去","丁目名":null,"小字名":null,"予備名":null,"地番":"162-24","精度区分":null,"座標値種別":"図上測量","筆界未定構成筆":null,"代表点緯度":-107.4705,"代表点経度":1559.49784251}},{"type":"MultiPolygon","arcs":[[[30,-28,31]]],"properties":{"筆ID":"H000000013","version":"ver1.0","座標系":"任意座標系","測地系判別":null,"地図名":"開拓図４・方無去","地図番号":"開17-2","縮尺分母":"2500","市区町村コード":"01662","市区町村名":"厚岸郡厚岸町","大字コード":"622","丁目コード":"000","小字コード":"0000","予備コード":"00","大字名":"片無去","丁目名":null,"小字名":null,"予備名":null,"地番":"162-39","精度区分":null,"座標値種別":"図上測量","筆界未定構成筆":null,"代表点緯度":-82.8105,"代表点経度":1476.423190242}},{"type":"MultiPolygon","arcs":[[[-30,-31,32]]],"properties":{"筆ID":"H000000014","version":"ver1.0","座標系":"任意座標系","測地系判別":null,"地図名":"開拓図４・方無去","地図番号":"開17-2","縮尺分母":"2500","市区町村コード":"01662","市区町村名":"厚岸郡厚岸町","大字コード":"622","丁目コード":"000","小字コード":"0000","予備コード":"00","大字名":"片無去","丁目名":null,"小字名":null,"予備名":null,"地番":"162-23","精度区分":null,"座標値種別":"図上測量","筆界未定構成筆":null,"代表点緯度":-64.898,"代表点経度":1549.038493797}},{"type":"MultiPolygon","arcs":[[[33,34,35,36]]],"properties":{"筆ID":"H000000015","version":"ver1.0","座標系":"任意座標系","測地系判別":null,"地図名":"開拓図４・方無去","地図番号":"開17-2","縮尺分母":"2500","市区町村コード":"01662","市区町村名":"厚岸郡厚岸町","大字コード":"622","丁目コード":"000","小字コード":"0000","予備コード":"00","大字名":"片無去","丁目名":null,"小字名":null,"予備名":null,"地番":"162-30","精度区分":null,"座標値種別":"図上測量","筆界未定構成筆":null,"代表点緯度":-406.1455,"代表点経度":1604.649720693}},{"type":"MultiPolygon","arcs":[[[-36,37,38,39]]],"properties":{"筆ID":"H000000016","version":"ver1.0","座標系":"任意座標系","測地系判別":null,"地図名":"開拓図４・方無去","地図番号":"開17-2","縮尺分母":"2500","市区町村コード":"01662","市区町村名":"厚岸郡厚岸町","大字コード":"622","丁目コード":"000","小字コード":"0000","予備コード":"00","大字名":"片無去","丁目名":null,"小字名":null,"予備名":null,"地番":"162-31","精度区分":null,"座標値種別":"図上測量","筆界未定構成筆":null,"代表点緯度":-400.749,"代表点経度":1568.347481549}},{"type":"MultiPolygon","arcs":[[[40,41,42,43]]],"properties":{"筆ID":"H000000017","version":"ver1.0","座標系":"任意座標系","測地系判別":null,"地図名":"開拓図４・方無去","地図番号":"開17-2","縮尺分母":"2500","市区町村コード":"01662","市区町村名":"厚岸郡厚岸町","大字コード":"622","丁目コード":"000","小字コード":"0000","予備コード":"00","大字名":"片無去","丁目名":null,"小字名":null,"予備名":null,"地番":"162-41","精度区分":null,"座標値種別":"図上測量","筆界未定構成筆":null,"代表点緯度":-6.6545,"代表点経度":1478.656746011}},{"type":"MultiPolygon","arcs":[[[44,45,-41,46]]],"properties":{"筆ID":"H000000018","version":"ver1.0","座標系":"任意座標系","測地系判別":null,"地図名":"開拓図４・方無去","地図番号":"開17-2","縮尺分母":"2500","市区町村コード":"01662","市区町村名":"厚岸郡厚岸町","大字コード":"622","丁目コード":"000","小字コード":"0000","予備コード":"00","大字名":"片無去","丁目名":null,"小字名":null,"予備名":null,"地番":"162-40","精度区分":null,"座標値種別":"図上測量","筆界未定構成筆":null,"代表点緯度":-13.2125,"代表点経度":1543.31428128}},{"type":"MultiPolygon","arcs":[[[47,48,49,50]]],"properties":{"筆ID":"H000000019","version":"ver1.0","座標系":"任意座標系","測地系判別":null,"地図名":"開拓図４・方無去","地図番号":"開17-2","縮尺分母":"2500","市区町村コード":"01662","市区町村名":"厚岸郡厚岸町","大字コード":"622","丁目コード":"000","小字コード":"0000","予備コード":"00","大字名":"片無去","丁目名":null,"小字名":null,"予備名":null,"地番":"162-2","精度区分":null,"座標値種別":"図上測量","筆界未定構成筆":null,"代表点緯度":-91.6545,"代表点経度":1895.799989347}},{"type":"MultiPolygon","arcs":[[[-50,51,52,53]]],"properties":{"筆ID":"H000000020","version":"ver1.0","座標系":"任意座標系","測地系判別":null,"地図名":"開拓図４・方無去","地図番号":"開17-2","縮尺分母":"2500","市区町村コード":"01662","市区町村名":"厚岸郡厚岸町","大字コード":"622","丁目コード":"000","小字コード":"0000","予備コード":"00","大字名":"片無去","丁目名":null,"小字名":null,"予備名":null,"地番":"162-19","精度区分":null,"座標値種別":"図上測量","筆界未定構成筆":null,"代表点緯度":-33.5305,"代表点経度":1814.30888484}},{"type":"MultiPolygon","arcs":[[[-53,54,55,56]]],"properties":{"筆ID":"H000000021","version":"ver1.0","座標系":"任意座標系","測地系判別":null,"地図名":"開拓図４・方無去","地図番号":"開17-2","縮尺分母":"2500","市区町村コード":"01662","市区町村名":"厚岸郡厚岸町","大字コード":"622","丁目コード":"000","小字コード":"0000","予備コード":"00","大字名":"片無去","丁目名":null,"小字名":null,"予備名":null,"地番":"162-20","精度区分":null,"座標値種別":"図上測量","筆界未定構成筆":null,"代表点緯度":-12.1885,"代表点経度":1733.764557898}},{"type":"MultiPolygon","arcs":[[[-56,57,58,59]]],"properties":{"筆ID":"H000000022","version":"ver1.0","座標系":"任意座標系","測地系判別":null,"地図名":"開拓図４・方無去","地図番号":"開17-2","縮尺分母":"2500","市区町村コード":"01662","市区町村名":"厚岸郡厚岸町","大字コード":"622","丁目コード":"000","小字コード":"0000","予備コード":"00","大字名":"片無去","丁目名":null,"小字名":null,"予備名":null,"地番":"162-21","精度区分":null,"座標値種別":"図上測量","筆界未定構成筆":null,"代表点緯度":-22.438,"代表点経度":1677.353144208}},{"type":"MultiPolygon","arcs":[[[-59,60,-45,61]]],"properties":{"筆ID":"H000000023","version":"ver1.0","座標系":"任意座標系","測地系判別":null,"地図名":"開拓図４・方無去","地図番号":"開17-2","縮尺分母":"2500","市区町村コード":"01662","市区町村名":"厚岸郡厚岸町","大字コード":"622","丁目コード":"000","小字コード":"0000","予備コード":"00","大字名":"片無去","丁目名":null,"小字名":null,"予備名":null,"地番":"162-22","精度区分":null,"座標値種別":"図上測量","筆界未定構成筆":null,"代表点緯度":-12.3765,"代表点経度":1614.479247011}},{"type":"MultiPolygon","arcs":[[[62,63,-34,64]]],"properties":{"筆ID":"H000000024","version":"ver1.0","座標系":"任意座標系","測地系判別":null,"地図名":"開拓図４・方無去","地図番号":"開17-2","縮尺分母":"2500","市区町村コード":"01662","市区町村名":"厚岸郡厚岸町","大字コード":"622","丁目コード":"000","小字コード":"0000","予備コード":"00","大字名":"片無去","丁目名":null,"小字名":null,"予備名":null,"地番":"162-8","精度区分":null,"座標値種別":"図上測量","筆界未定構成筆":null,"代表点緯度":-314.023,"代表点経度":1684.712477573}},{"type":"MultiPolygon","arcs":[[[65,66,-63,67]]],"properties":{"筆ID":"H000000025","version":"ver1.0","座標系":"任意座標系","測地系判別":null,"地図名":"開拓図４・方無去","地図番号":"開17-2","縮尺分母":"2500","市区町村コード":"01662","市区町村名":"厚岸郡厚岸町","大字コード":"622","丁目コード":"000","小字コード":"0000","予備コード":"00","大字名":"片無去","丁目名":null,"小字名":null,"予備名":null,"地番":"162-7","精度区分":null,"座標値種別":"図上測量","筆界未定構成筆":null,"代表点緯度":-283.931,"代表点経度":1730.70039818}},{"type":"MultiPolygon","arcs":[[[68,69,-66,70]]],"properties":{"筆ID":"H000000026","version":"ver1.0","座標系":"任意座標系","測地系判別":null,"地図名":"開拓図４・方無去","地図番号":"開17-2","縮尺分母":"2500","市区町村コード":"01662","市区町村名":"厚岸郡厚岸町","大字コード":"622","丁目コード":"000","小字コード":"0000","予備コード":"00","大字名":"片無去","丁目名":null,"小字名":null,"予備名":null,"地番":"162-6","精度区分":null,"座標値種別":"図上測量","筆界未定構成筆":null,"代表点緯度":-258.9005,"代表点経度":1776.596275931}},{"type":"MultiPolygon","arcs":[[[71,-69,72]]],"properties":{"筆ID":"H000000027","version":"ver1.0","座標系":"任意座標系","測地系判別":null,"地図名":"開拓図４・方無去","地図番号":"開17-2","縮尺分母":"2500","市区町村コード":"01662","市区町村名":"厚岸郡厚岸町","大字コード":"622","丁目コード":"000","小字コード":"0000","予備コード":"00","大字名":"片無去","丁目名":null,"小字名":null,"予備名":null,"地番":"162-5","精度区分":null,"座標値種別":"図上測量","筆界未定構成筆":null,"代表点緯度":-219.2655,"代表点経度":1823.054213978}},{"type":"MultiPolygon","arcs":[[[73,74,75]]],"properties":{"筆ID":"H000000028","version":"ver1.0","座標系":"任意座標系","測地系判別":null,"地図名":"開拓図４・方無去","地図番号":"開17-2","縮尺分母":"2500","市区町村コード":"01662","市区町村名":"厚岸郡厚岸町","大字コード":"622","丁目コード":"000","小字コード":"0000","予備コード":"00","大字名":"片無去","丁目名":null,"小字名":null,"予備名":null,"地番":"162-4","精度区分":null,"座標値種別":"図上測量","筆界未定構成筆":null,"代表点緯度":-185.813,"代表点経度":1911.920555911}},{"type":"MultiPolygon","arcs":[[[76,77,-74,78,-48]]],"properties":{"筆ID":"H000000029","version":"ver1.0","座標系":"任意座標系","測地系判別":null,"地図名":"開拓図４・方無去","地図番号":"開17-2","縮尺分母":"2500","市区町村コード":"01662","市区町村名":"厚岸郡厚岸町","大字コード":"622","丁目コード":"000","小字コード":"0000","予備コード":"00","大字名":"片無去","丁目名":null,"小字名":null,"予備名":null,"地番":"162-3","精度区分":null,"座標値種別":"図上測量","筆界未定構成筆":null,"代表点緯度":-132.092,"代表点経度":1917.326113908}},{"type":"MultiPolygon","arcs":[[[79,80,81]]],"properties":{"筆ID":"H000000030","version":"ver1.0","座標系":"任意座標系","測地系判別":null,"地図名":"開拓図４・方無去","地図番号":"開17-2","縮尺分母":"2500","市区町村コード":"01662","市区町村名":"厚岸郡厚岸町","大字コード":"622","丁目コード":"000","小字コード":"0000","予備コード":"00","大字名":"片無去","丁目名":null,"小字名":null,"予備名":null,"地番":"162-9","精度区分":null,"座標値種別":"図上測量","筆界未定構成筆":null,"代表点緯度":-222.541,"代表点経度":1673.315036409}},{"type":"MultiPolygon","arcs":[[[82,-82,83,84,85]]],"properties":{"筆ID":"H000000031","version":"ver1.0","座標系":"任意座標系","測地系判別":null,"地図名":"開拓図４・方無去","地図番号":"開17-2","縮尺分母":"2500","市区町村コード":"01662","市区町村名":"厚岸郡厚岸町","大字コード":"622","丁目コード":"000","小字コード":"0000","予備コード":"00","大字名":"片無去","丁目名":null,"小字名":null,"予備名":null,"地番":"162-10","精度区分":null,"座標値種別":"図上測量","筆界未定構成筆":null,"代表点緯度":-172.891,"代表点経度":1661.275901684}},{"type":"MultiPolygon","arcs":[[[86,87,-80,-83,88]]],"properties":{"筆ID":"H000000032","version":"ver1.0","座標系":"任意座標系","測地系判別":null,"地図名":"開拓図４・方無去","地図番号":"開17-2","縮尺分母":"2500","市区町村コード":"01662","市区町村名":"厚岸郡厚岸町","大字コード":"622","丁目コード":"000","小字コード":"0000","予備コード":"00","大字名":"片無去","丁目名":null,"小字名":null,"予備名":null,"地番":"162-13","精度区分":null,"座標値種別":"図上測量","筆界未定構成筆":null,"代表点緯度":-201.648,"代表点経度":1729.263548225}},{"type":"MultiPolygon","arcs":[[[89,90,-87,91]]],"properties":{"筆ID":"H000000033","version":"ver1.0","座標系":"任意座標系","測地系判別":null,"地図名":"開拓図４・方無去","地図番号":"開17-2","縮尺分母":"2500","市区町村コード":"01662","市区町村名":"厚岸郡厚岸町","大字コード":"622","丁目コード":"000","小字コード":"0000","予備コード":"00","大字名":"片無去","丁目名":null,"小字名":null,"予備名":null,"地番":"162-16","精度区分":null,"座標値種別":"図上測量","筆界未定構成筆":null,"代表点緯度":-167.6155,"代表点経度":1767.562829599}},{"type":"MultiPolygon","arcs":[[[92,-85,93,94]]],"properties":{"筆ID":"H000000034","version":"ver1.0","座標系":"任意座標系","測地系判別":null,"地図名":"開拓図４・方無去","地図番号":"開17-2","縮尺分母":"2500","市区町村コード":"01662","市区町村名":"厚岸郡厚岸町","大字コード":"622","丁目コード":"000","小字コード":"0000","予備コード":"00","大字名":"片無去","丁目名":null,"小字名":null,"予備名":null,"地番":"162-11","精度区分":null,"座標値種別":"図上測量","筆界未定構成筆":null,"代表点緯度":-130.488,"代表点経度":1650.994024812}},{"type":"MultiPolygon","arcs":[[[95,-92,96,97]]],"properties":{"筆ID":"H000000035","version":"ver1.0","座標系":"任意座標系","測地系判別":null,"地図名":"開拓図４・方無去","地図番号":"開17-2","縮尺分母":"2500","市区町村コード":"01662","市区町村名":"厚岸郡厚岸町","大字コード":"622","丁目コード":"000","小字コード":"0000","予備コード":"00","大字名":"片無去","丁目名":null,"小字名":null,"予備名":null,"地番":"162-15","精度区分":null,"座標値種別":"図上測量","筆界未定構成筆":null,"代表点緯度":-98.6405,"代表点経度":1750.832115806}},{"type":"MultiPolygon","arcs":[[[98,-90,99]]],"properties":{"筆ID":"H000000036","version":"ver1.0","座標系":"任意座標系","測地系判別":null,"地図名":"開拓図４・方無去","地図番号":"開17-2","縮尺分母":"2500","市区町村コード":"01662","市区町村名":"厚岸郡厚岸町","大字コード":"622","丁目コード":"000","小字コード":"0000","予備コード":"00","大字名":"片無去","丁目名":null,"小字名":null,"予備名":null,"地番":"162-17","精度区分":null,"座標値種別":"図上測量","筆界未定構成筆":null,"代表点緯度":-173.466,"代表点経度":1812.141004254}},{"type":"MultiPolygon","arcs":[[[100,-95,101]]],"properties":{"筆ID":"H000000037","version":"ver1.0","座標系":"任意座標系","測地系判別":null,"地図名":"開拓図４・方無去","地図番号":"開17-2","縮尺分母":"2500","市区町村コード":"01662","市区町村名":"厚岸郡厚岸町","大字コード":"622","丁目コード":"000","小字コード":"0000","予備コード":"00","大字名":"片無去","丁目名":null,"小字名":null,"予備名":null,"地番":"162-12","精度区分":null,"座標値種別":"図上測量","筆界未定構成筆":null,"代表点緯度":-79.2625,"代表点経度":1638.573039094}},{"type":"MultiPolygon","arcs":[[[-100,-96,102]]],"properties":{"筆ID":"H000000038","version":"ver1.0","座標系":"任意座標系","測地系判別":null,"地図名":"開拓図４・方無去","地図番号":"開17-2","縮尺分母":"2500","市区町村コード":"01662","市区町村名":"厚岸郡厚岸町","大字コード":"622","丁目コード":"000","小字コード":"0000","予備コード":"00","大字名":"片無去","丁目名":null,"小字名":null,"予備名":null,"地番":"162-18","精度区分":null,"座標値種別":"図上測量","筆界未定構成筆":null,"代表点緯度":-93.094,"代表点経度":1812.088875208}},{"type":"MultiPolygon","arcs":[[[103,104,105]]],"properties":{"筆ID":"H000000039","version":"ver1.0","座標系":"任意座標系","測地系判別":null,"地図名":"開拓図４・方無去","地図番号":"開17-2","縮尺分母":"2500","市区町村コード":"01662","市区町村名":"厚岸郡厚岸町","大字コード":"622","丁目コード":"000","小字コード":"0000","予備コード":"00","大字名":"片無去","丁目名":null,"小字名":null,"予備名":null,"地番":"163-166","精度区分":null,"座標値種別":"図上測量","筆界未定構成筆":null,"代表点緯度":-573.2635,"代表点経度":1934.404134357}},{"type":"MultiPolygon","arcs":[[[-105,106,107,108]]],"properties":{"筆ID":"H000000040","version":"ver1.0","座標系":"任意座標系","測地系判別":null,"地図名":"開拓図４・方無去","地図番号":"開17-2","縮尺分母":"2500","市区町村コード":"01662","市区町村名":"厚岸郡厚岸町","大字コード":"622","丁目コード":"000","小字コード":"0000","予備コード":"00","大字名":"片無去","丁目名":null,"小字名":null,"予備名":null,"地番":"163-165","精度区分":null,"座標値種別":"図上測量","筆界未定構成筆":null,"代表点緯度":-576.985,"代表点経度":1906.033251498}},{"type":"MultiPolygon","arcs":[[[-108,109,110,111]]],"properties":{"筆ID":"H000000041","version":"ver1.0","座標系":"任意座標系","測地系判別":null,"地図名":"開拓図４・方無去","地図番号":"開17-2","縮尺分母":"2500","市区町村コード":"01662","市区町村名":"厚岸郡厚岸町","大字コード":"622","丁目コード":"000","小字コード":"0000","予備コード":"00","大字名":"片無去","丁目名":null,"小字名":null,"予備名":null,"地番":"163-164","精度区分":null,"座標値種別":"図上測量","筆界未定構成筆":null,"代表点緯度":-581.1875,"代表点経度":1874.298063919}},{"type":"MultiPolygon","arcs":[[[-111,112,113,114]]],"properties":{"筆ID":"H000000042","version":"ver1.0","座標系":"任意座標系","測地系判別":null,"地図名":"開拓図４・方無去","地図番号":"開17-2","縮尺分母":"2500","市区町村コード":"01662","市区町村名":"厚岸郡厚岸町","大字コード":"622","丁目コード":"000","小字コード":"0000","予備コード":"00","大字名":"片無去","丁目名":null,"小字名":null,"予備名":null,"地番":"163-163","精度区分":null,"座標値種別":"図上測量","筆界未定構成筆":null,"代表点緯度":-585.3295,"代表点経度":1842.826546343}},{"type":"MultiPolygon","arcs":[[[-114,115,116,117]]],"properties":{"筆ID":"H000000043","version":"ver1.0","座標系":"任意座標系","測地系判別":null,"地図名":"開拓図４・方無去","地図番号":"開17-2","縮尺分母":"2500","市区町村コード":"01662","市区町村名":"厚岸郡厚岸町","大字コード":"622","丁目コード":"000","小字コード":"0000","予備コード":"00","大字名":"片無去","丁目名":null,"小字名":null,"予備名":null,"地番":"163-162","精度区分":null,"座標値種別":"図上測量","筆界未定構成筆":null,"代表点緯度":-588.936,"代表点経度":1815.513844755}},{"type":"MultiPolygon","arcs":[[[-117,118,119,120]]],"properties":{"筆ID":"H000000044","version":"ver1.0","座標系":"任意座標系","測地系判別":null,"地図名":"開拓図４・方無去","地図番号":"開17-2","縮尺分母":"2500","市区町村コード":"01662","市区町村名":"厚岸郡厚岸町","大字コード":"622","丁目コード":"000","小字コード":"0000","予備コード":"00","大字名":"片無去","丁目名":null,"小字名":null,"予備名":null,"地番":"163-161","精度区分":null,"座標値種別":"図上測量","筆界未定構成筆":null,"代表点緯度":-592.011,"代表点経度":1792.184374258}},{"type":"MultiPolygon","arcs":[[[-120,121,122,123]]],"properties":{"筆ID":"H000000045","version":"ver1.0","座標系":"任意座標系","測地系判別":null,"地図名":"開拓図４・方無去","地図番号":"開17-2","縮尺分母":"2500","市区町村コード":"01662","市区町村名":"厚岸郡厚岸町","大字コード":"622","丁目コード":"000","小字コード":"0000","予備コード":"00","大字名":"片無去","丁目名":null,"小字名":null,"予備名":null,"地番":"163-160","精度区分":null,"座標値種別":"図上測量","筆界未定構成筆":null,"代表点緯度":-595.117,"代表点経度":1768.664131946}},{"type":"MultiPolygon","arcs":[[[-123,124,125,126]]],"properties":{"筆ID":"H000000046","version":"ver1.0","座標系":"任意座標系","測地系判別":null,"地図名":"開拓図４・方無去","地図番号":"開17-2","縮尺分母":"2500","市区町村コード":"01662","市区町村名":"厚岸郡厚岸町","大字コード":"622","丁目コード":"000","小字コード":"0000","予備コード":"00","大字名":"片無去","丁目名":null,"小字名":null,"予備名":null,"地番":"163-159","精度区分":null,"座標値種別":"図上測量","筆界未定構成筆":null,"代表点緯度":-598.2885,"代表点経度":1744.610079715}},{"type":"MultiPolygon","arcs":[[[-126,127,128,129]]],"properties":{"筆ID":"H000000047","version":"ver1.0","座標系":"任意座標系","測地系判別":null,"地図名":"開拓図４・方無去","地図番号":"開17-2","縮尺分母":"2500","市区町村コード":"01662","市区町村名":"厚岸郡厚岸町","大字コード":"622","丁目コード":"000","小字コード":"0000","予備コード":"00","大字名":"片無去","丁目名":null,"小字名":null,"予備名":null,"地番":"163-158","精度区分":null,"座標値種別":"図上測量","筆界未定構成筆":null,"代表点緯度":-601.4895,"代表点経度":1720.428803542}},{"type":"MultiPolygon","arcs":[[[-129,130,131,132]]],"properties":{"筆ID":"H000000048","version":"ver1.0","座標系":"任意座標系","測地系判別":null,"地図名":"開拓図４・方無去","地図番号":"開17-2","縮尺分母":"2500","市区町村コード":"01662","市区町村名":"厚岸郡厚岸町","大字コード":"622","丁目コード":"000","小字コード":"0000","予備コード":"00","大字名":"片無去","丁目名":null,"小字名":null,"予備名":null,"地番":"163-157","精度区分":null,"座標値種別":"図上測量","筆界未定構成筆":null,"代表点緯度":-604.6335,"代表点経度":1696.54637445}},{"type":"MultiPolygon","arcs":[[[-132,133,134]]],"properties":{"筆ID":"H000000049","version":"ver1.0","座標系":"任意座標系","測地系判別":null,"地図名":"開拓図４・方無去","地図番号":"開17-2","縮尺分母":"2500","市区町村コード":"01662","市区町村名":"厚岸郡厚岸町","大字コード":"622","丁目コード":"000","小字コード":"0000","予備コード":"00","大字名":"片無去","丁目名":null,"小字名":null,"予備名":null,"地番":"163-156","精度区分":null,"座標値種別":"図上測量","筆界未定構成筆":null,"代表点緯度":-608.559,"代表点経度":1665.068634512}},{"type":"MultiPolygon","arcs":[[[135,136,137]]],"properties":{"筆ID":"H000000050","version":"ver1.0","座標系":"任意座標系","測地系判別":null,"地図名":"開拓図４・方無去","地図番号":"開17-2","縮尺分母":"2500","市区町村コード":"01662","市区町村名":"厚岸郡厚岸町","大字コード":"622","丁目コード":"000","小字コード":"0000","予備コード":"00","大字名":"片無去","丁目名":null,"小字名":null,"予備名":null,"地番":"163-117","精度区分":null,"座標値種別":"図上測量","筆界未定構成筆":null,"代表点緯度":-454.2055,"代表点経度":1721.781864968}},{"type":"MultiPolygon","arcs":[[[-137,138,139]]],"properties":{"筆ID":"H000000051","version":"ver1.0","座標系":"任意座標系","測地系判別":null,"地図名":"開拓図４・方無去","地図番号":"開17-2","縮尺分母":"2500","市区町村コード":"01662","市区町村名":"厚岸郡厚岸町","大字コード":"622","丁目コード":"000","小字コード":"0000","予備コード":"00","大字名":"片無去","丁目名":null,"小字名":null,"予備名":null,"地番":"163-127","精度区分":null,"座標値種別":"図上測量","筆界未定構成筆":null,"代表点緯度":-459.233,"代表点経度":1685.980440969}},{"type":"MultiPolygon","arcs":[[[140,-138,141,142]]],"properties":{"筆ID":"H000000052","version":"ver1.0","座標系":"任意座標系","測地系判別":null,"地図名":"開拓図４・方無去","地図番号":"開17-2","縮尺分母":"2500","市区町村コード":"01662","市区町村名":"厚岸郡厚岸町","大字コード":"622","丁目コード":"000","小字コード":"0000","予備コード":"00","大字名":"片無去","丁目名":null,"小字名":null,"予備名":null,"地番":"163-118","精度区分":null,"座標値種別":"図上測量","筆界未定構成筆":null,"代表点緯度":-435.6025,"代表点経度":1719.081547452}},{"type":"MultiPolygon","arcs":[[[-142,-140,143,144]]],"properties":{"筆ID":"H000000053","version":"ver1.0","座標系":"任意座標系","測地系判別":null,"地図名":"開拓図４・方無去","地図番号":"開17-2","縮尺分母":"2500","市区町村コード":"01662","市区町村名":"厚岸郡厚岸町","大字コード":"622","丁目コード":"000","小字コード":"0000","予備コード":"00","大字名":"片無去","丁目名":null,"小字名":null,"予備名":null,"地番":"163-126","精度区分":null,"座標値種別":"図上測量","筆界未定構成筆":null,"代表点緯度":-440.629,"代表点経度":1683.284758249}},{"type":"MultiPolygon","arcs":[[[145,-145,146,147]]],"properties":{"筆ID":"H000000054","version":"ver1.0","座標系":"任意座標系","測地系判別":null,"地図名":"開拓図４・方無去","地図番号":"開17-2","縮尺分母":"2500","市区町村コード":"01662","市区町村名":"厚岸郡厚岸町","大字コード":"622","丁目コード":"000","小字コード":"0000","予備コード":"00","大字名":"片無去","丁目名":null,"小字名":null,"予備名":null,"地番":"163-125","精度区分":null,"座標値種別":"図上測量","筆界未定構成筆":null,"代表点緯度":-422.025,"代表点経度":1680.588757919}},{"type":"MultiPolygon","arcs":[[[148,-143,-146,149]]],"properties":{"筆ID":"H000000055","version":"ver1.0","座標系":"任意座標系","測地系判別":null,"地図名":"開拓図４・方無去","地図番号":"開17-2","縮尺分母":"2500","市区町村コード":"01662","市区町村名":"厚岸郡厚岸町","大字コード":"622","丁目コード":"000","小字コード":"0000","予備コード":"00","大字名":"片無去","丁目名":null,"小字名":null,"予備名":null,"地番":"163-119","精度区分":null,"座標値種別":"図上測量","筆界未定構成筆":null,"代表点緯度":-416.9995,"代表点経度":1716.381047452}},{"type":"MultiPolygon","arcs":[[[150,-148,151,152]]],"properties":{"筆ID":"H000000056","version":"ver1.0","座標系":"任意座標系","測地系判別":null,"地図名":"開拓図４・方無去","地図番号":"開17-2","縮尺分母":"2500","市区町村コード":"01662","市区町村名":"厚岸郡厚岸町","大字コード":"622","丁目コード":"000","小字コード":"0000","予備コード":"00","大字名":"片無去","丁目名":null,"小字名":null,"予備名":null,"地番":"163-124","精度区分":null,"座標値種別":"図上測量","筆界未定構成筆":null,"代表点緯度":-403.423,"代表点経度":1677.892966707}},{"type":"MultiPolygon","arcs":[[[153,-150,-151,154]]],"properties":{"筆ID":"H000000057","version":"ver1.0","座標系":"任意座標系","測地系判別":null,"地図名":"開拓図４・方無去","地図番号":"開17-2","縮尺分母":"2500","市区町村コード":"01662","市区町村名":"厚岸郡厚岸町","大字コード":"622","丁目コード":"000","小字コード":"0000","予備コード":"00","大字名":"片無去","丁目名":null,"小字名":null,"予備名":null,"地番":"163-120","精度区分":null,"座標値種別":"図上測量","筆界未定構成筆":null,"代表点緯度":-398.398,"代表点経度":1713.68110035}},{"type":"MultiPolygon","arcs":[[[155,-155,156,157]]],"properties":{"筆ID":"H000000058","version":"ver1.0","座標系":"任意座標系","測地系判別":null,"地図名":"開拓図４・方無去","地図番号":"開17-2","縮尺分母":"2500","市区町村コード":"01662","市区町村名":"厚岸郡厚岸町","大字コード":"622","丁目コード":"000","小字コード":"0000","予備コード":"00","大字名":"片無去","丁目名":null,"小字名":null,"予備名":null,"地番":"163-121","精度区分":null,"座標値種別":"図上測量","筆界未定構成筆":null,"代表点緯度":-379.9645,"代表点経度":1711.007547067}},{"type":"MultiPolygon","arcs":[[[158,159,160,161,162]]],"properties":{"筆ID":"H000000059","version":"ver1.0","座標系":"任意座標系","測地系判別":null,"地図名":"開拓図４・方無去","地図番号":"開17-2","縮尺分母":"2500","市区町村コード":"01662","市区町村名":"厚岸郡厚岸町","大字コード":"622","丁目コード":"000","小字コード":"0000","予備コード":"00","大字名":"片無去","丁目名":null,"小字名":null,"予備名":null,"地番":"163-73","精度区分":null,"座標値種別":"図上測量","筆界未定構成筆":null,"代表点緯度":-296.711,"代表点経度":1858.507221124}},{"type":"MultiPolygon","arcs":[[[163,164,165]]],"properties":{"筆ID":"H000000060","version":"ver1.0","座標系":"任意座標系","測地系判別":null,"地図名":"開拓図４・方無去","地図番号":"開17-2","縮尺分母":"2500","市区町村コード":"01662","市区町村名":"厚岸郡厚岸町","大字コード":"622","丁目コード":"000","小字コード":"0000","予備コード":"00","大字名":"片無去","丁目名":null,"小字名":null,"予備名":null,"地番":"163-138","精度区分":null,"座標値種別":"図上測量","筆界未定構成筆":null,"代表点緯度":-490.929,"代表点経度":1647.751583352}},{"type":"MultiPolygon","arcs":[[[-165,166,167]]],"properties":{"筆ID":"H000000061","version":"ver1.0","座標系":"任意座標系","測地系判別":null,"地図名":"開拓図４・方無去","地図番号":"開17-2","縮尺分母":"2500","市区町村コード":"01662","市区町村名":"厚岸郡厚岸町","大字コード":"622","丁目コード":"000","小字コード":"0000","予備コード":"00","大字名":"片無去","丁目名":null,"小字名":null,"予備名":null,"地番":"163-153","精度区分":null,"座標値種別":"図上測量","筆界未定構成筆":null,"代表点緯度":-495.963,"代表点経度":1611.448579647}},{"type":"MultiPolygon","arcs":[[[168,169,170,-167]]],"properties":{"筆ID":"H000000062","version":"ver1.0","座標系":"任意座標系","測地系判別":null,"地図名":"開拓図４・方無去","地図番号":"開17-2","縮尺分母":"2500","市区町村コード":"01662","市区町村名":"厚岸郡厚岸町","大字コード":"622","丁目コード":"000","小字コード":"0000","予備コード":"00","大字名":"片無去","丁目名":null,"小字名":null,"予備名":null,"地番":"163-154","精度区分":null,"座標値種別":"図上測量","筆界未定構成筆":null,"代表点緯度":-513.048,"代表点経度":1613.97912963}},{"type":"MultiPolygon","arcs":[[[171,172,173,174]]],"properties":{"筆ID":"H000000063","version":"ver1.0","座標系":"任意座標系","測地系判別":null,"地図名":"開拓図４・方無去","地図番号":"開17-2","縮尺分母":"2500","市区町村コード":"01662","市区町村名":"厚岸郡厚岸町","大字コード":"622","丁目コード":"000","小字コード":"0000","予備コード":"00","大字名":"片無去","丁目名":null,"小字名":null,"予備名":null,"地番":"163-152","精度区分":null,"座標値種別":"図上測量","筆界未定構成筆":null,"代表点緯度":-536.8625,"代表点経度":1574.524233114}},{"type":"MultiPolygon","arcs":[[[175,-175,176,177]]],"properties":{"筆ID":"H000000064","version":"ver1.0","座標系":"任意座標系","測地系判別":null,"地図名":"開拓図４・方無去","地図番号":"開17-2","縮尺分母":"2500","市区町村コード":"01662","市区町村名":"厚岸郡厚岸町","大字コード":"622","丁目コード":"000","小字コード":"0000","予備コード":"00","大字名":"片無去","丁目名":null,"小字名":null,"予備名":null,"地番":"163-151","精度区分":null,"座標値種別":"図上測量","筆界未定構成筆":null,"代表点緯度":-518.8615,"代表点経度":1571.906175488}},{"type":"MultiPolygon","arcs":[[[-178,178,179]]],"properties":{"筆ID":"H000000065","version":"ver1.0","座標系":"任意座標系","測地系判別":null,"地図名":"開拓図４・方無去","地図番号":"開17-2","縮尺分母":"2500","市区町村コード":"01662","市区町村名":"厚岸郡厚岸町","大字コード":"622","丁目コード":"000","小字コード":"0000","予備コード":"00","大字名":"片無去","丁目名":null,"小字名":null,"予備名":null,"地番":"163-150","精度区分":null,"座標値種別":"図上測量","筆界未定構成筆":null,"代表点緯度":-501.6955,"代表点経度":1569.40958187}},{"type":"MultiPolygon","arcs":[[[180,181,-169,-164]]],"properties":{"筆ID":"H000000066","version":"ver1.0","座標系":"任意座標系","測地系判別":null,"地図名":"開拓図４・方無去","地図番号":"開17-2","縮尺分母":"2500","市区町村コード":"01662","市区町村名":"厚岸郡厚岸町","大字コード":"622","丁目コード":"000","小字コード":"0000","予備コード":"00","大字名":"片無去","丁目名":null,"小字名":null,"予備名":null,"地番":"163-137","精度区分":null,"座標値種別":"図上測量","筆界未定構成筆":null,"代表点緯度":-508.0325,"代表点経度":1650.256013588}},{"type":"MultiPolygon","arcs":[[[182,183,184,-170]]],"properties":{"筆ID":"H000000067","version":"ver1.0","座標系":"任意座標系","測地系判別":null,"地図名":"開拓図４・方無去","地図番号":"開17-2","縮尺分母":"2500","市区町村コード":"01662","市区町村名":"厚岸郡厚岸町","大字コード":"622","丁目コード":"000","小字コード":"0000","予備コード":"00","大字名":"片無去","丁目名":null,"小字名":null,"予備名":null,"地番":"163-155","精度区分":null,"座標値種別":"図上測量","筆界未定構成筆":null,"代表点緯度":-531.105,"代表点経度":1616.653391228}},{"type":"MultiPolygon","arcs":[[[185,186,187,-183,-182]]],"properties":{"筆ID":"H000000068","version":"ver1.0","座標系":"任意座標系","測地系判別":null,"地図名":"開拓図４・方無去","地図番号":"開17-2","縮尺分母":"2500","市区町村コード":"01662","市区町村名":"厚岸郡厚岸町","大字コード":"622","丁目コード":"000","小字コード":"0000","予備コード":"00","大字名":"片無去","丁目名":null,"小字名":null,"予備名":null,"地番":"163-136","精度区分":null,"座標値種別":"図上測量","筆界未定構成筆":null,"代表点緯度":-526.2165,"代表点経度":1652.919185576}},{"type":"MultiPolygon","arcs":[[[188,189,190,-187]]],"properties":{"筆ID":"H000000069","version":"ver1.0","座標系":"任意座標系","測地系判別":null,"地図名":"開拓図４・方無去","地図番号":"開17-2","縮尺分母":"2500","市区町村コード":"01662","市区町村名":"厚岸郡厚岸町","大字コード":"622","丁目コード":"000","小字コード":"0000","予備コード":"00","大字名":"片無去","丁目名":null,"小字名":null,"予備名":null,"地番":"163-135","精度区分":null,"座標値種別":"図上測量","筆界未定構成筆":null,"代表点緯度":-552.097,"代表点経度":1664.937659762}},{"type":"MultiPolygon","arcs":[[[191,192,-190]]],"properties":{"筆ID":"H000000070","version":"ver1.0","座標系":"任意座標系","測地系判別":null,"地図名":"開拓図４・方無去","地図番号":"開17-2","縮尺分母":"2500","市区町村コード":"01662","市区町村名":"厚岸郡厚岸町","大字コード":"622","丁目コード":"000","小字コード":"0000","予備コード":"00","大字名":"片無去","丁目名":null,"小字名":null,"予備名":null,"地番":"163-134","精度区分":null,"座標値種別":"図上測量","筆界未定構成筆":null,"代表点緯度":-580.0195,"代表点経度":1664.579075639}},{"type":"MultiPolygon","arcs":[[[193,194,195]]],"properties":{"筆ID":"H000000071","version":"ver1.0","座標系":"任意座標系","測地系判別":null,"地図名":"開拓図４・方無去","地図番号":"開17-2","縮尺分母":"2500","市区町村コード":"01662","市区町村名":"厚岸郡厚岸町","大字コード":"622","丁目コード":"000","小字コード":"0000","予備コード":"00","大字名":"片無去","丁目名":null,"小字名":null,"予備名":null,"地番":"163-105","精度区分":null,"座標値種別":"図上測量","筆界未定構成筆":null,"代表点緯度":-474.142,"代表点経度":1766.67021781}},{"type":"MultiPolygon","arcs":[[[196,197,198,-195]]],"properties":{"筆ID":"H000000072","version":"ver1.0","座標系":"任意座標系","測地系判別":null,"地図名":"開拓図４・方無去","地図番号":"開17-2","縮尺分母":"2500","市区町村コード":"01662","市区町村名":"厚岸郡厚岸町","大字コード":"622","丁目コード":"000","小字コード":"0000","予備コード":"00","大字名":"片無去","丁目名":null,"小字名":null,"予備名":null,"地番":"163-106","精度区分":null,"座標値種別":"図上測量","筆界未定構成筆":null,"代表点緯度":-492.1745,"代表点経度":1769.272384636}},{"type":"MultiPolygon","arcs":[[[199,200,201,202]]],"properties":{"筆ID":"H000000073","version":"ver1.0","座標系":"任意座標系","測地系判別":null,"地図名":"開拓図４・方無去","地図番号":"開17-2","縮尺分母":"2500","市区町村コード":"01662","市区町村名":"厚岸郡厚岸町","大字コード":"622","丁目コード":"000","小字コード":"0000","予備コード":"00","大字名":"片無去","丁目名":null,"小字名":null,"予備名":null,"地番":"163-140","精度区分":null,"座標値種別":"図上測量","筆界未定構成筆":null,"代表点緯度":-445.8535,"代表点経度":1641.538116593}},{"type":"MultiPolygon","arcs":[[[203,204,-201]]],"properties":{"筆ID":"H000000074","version":"ver1.0","座標系":"任意座標系","測地系判別":null,"地図名":"開拓図４・方無去","地図番号":"開17-2","縮尺分母":"2500","市区町村コード":"01662","市区町村名":"厚岸郡厚岸町","大字コード":"622","丁目コード":"000","小字コード":"0000","予備コード":"00","大字名":"片無去","丁目名":null,"小字名":null,"予備名":null,"地番":"163-139","精度区分":null,"座標値種別":"図上測量","筆界未定構成筆":null,"代表点緯度":-464.602,"代表点経度":1644.4150582}},{"type":"MultiPolygon","arcs":[[[205,206,207,-198]]],"properties":{"筆ID":"H000000075","version":"ver1.0","座標系":"任意座標系","測地系判別":null,"地図名":"開拓図４・方無去","地図番号":"開17-2","縮尺分母":"2500","市区町村コード":"01662","市区町村名":"厚岸郡厚岸町","大字コード":"622","丁目コード":"000","小字コード":"0000","予備コード":"00","大字名":"片無去","丁目名":null,"小字名":null,"予備名":null,"地番":"163-107","精度区分":null,"座標値種別":"図上測量","筆界未定構成筆":null,"代表点緯度":-510.0215,"代表点経度":1771.847584399}},{"type":"MultiPolygon","arcs":[[[208,209,210,-207]]],"properties":{"筆ID":"H000000076","version":"ver1.0","座標系":"任意座標系","測地系判別":null,"地図名":"開拓図４・方無去","地図番号":"開17-2","縮尺分母":"2500","市区町村コード":"01662","市区町村名":"厚岸郡厚岸町","大字コード":"622","丁目コード":"000","小字コード":"0000","予備コード":"00","大字名":"片無去","丁目名":null,"小字名":null,"予備名":null,"地番":"163-108","精度区分":null,"座標値種別":"図上測量","筆界未定構成筆":null,"代表点緯度":-528.1185,"代表点経度":1774.459392332}},{"type":"MultiPolygon","arcs":[[[211,212,213,-210,214]]],"properties":{"筆ID":"H000000077","version":"ver1.0","座標系":"任意座標系","測地系判別":null,"地図名":"開拓図４・方無去","地図番号":"開17-2","縮尺分母":"2500","市区町村コード":"01662","市区町村名":"厚岸郡厚岸町","大字コード":"622","丁目コード":"000","小字コード":"0000","予備コード":"00","大字名":"片無去","丁目名":null,"小字名":null,"予備名":null,"地番":"163-109","精度区分":null,"座標値種別":"図上測量","筆界未定構成筆":null,"代表点緯度":-546.203,"代表点経度":1777.229335475}},{"type":"MultiPolygon","arcs":[[[215,216,-212,217]]],"properties":{"筆ID":"H000000078","version":"ver1.0","座標系":"任意座標系","測地系判別":null,"地図名":"開拓図４・方無去","地図番号":"開17-2","縮尺分母":"2500","市区町村コード":"01662","市区町村名":"厚岸郡厚岸町","大字コード":"622","丁目コード":"000","小字コード":"0000","予備コード":"00","大字名":"片無去","丁目名":null,"小字名":null,"予備名":null,"地番":"163-88","精度区分":null,"座標値種別":"図上測量","筆界未定構成筆":null,"代表点緯度":-540.836,"代表点経度":1812.062291896}},{"type":"MultiPolygon","arcs":[[[218,219,-213]]],"properties":{"筆ID":"H000000079","version":"ver1.0","座標系":"任意座標系","測地系判別":null,"地図名":"開拓図４・方無去","地図番号":"開17-2","縮尺分母":"2500","市区町村コード":"01662","市区町村名":"厚岸郡厚岸町","大字コード":"622","丁目コード":"000","小字コード":"0000","予備コード":"00","大字名":"片無去","丁目名":null,"小字名":null,"予備名":null,"地番":"163-110","精度区分":null,"座標値種別":"図上測量","筆界未定構成筆":null,"代表点緯度":-564.9075,"代表点経度":1780.041356542}},{"type":"MultiPolygon","arcs":[[[220,-219,-217]]],"properties":{"筆ID":"H000000080","version":"ver1.0","座標系":"任意座標系","測地系判別":null,"地図名":"開拓図４・方無去","地図番号":"開17-2","縮尺分母":"2500","市区町村コード":"01662","市区町村名":"厚岸郡厚岸町","大字コード":"622","丁目コード":"000","小字コード":"0000","予備コード":"00","大字名":"片無去","丁目名":null,"小字名":null,"予備名":null,"地番":"163-87","精度区分":null,"座標値種別":"図上測量","筆界未定構成筆":null,"代表点緯度":-559.8155,"代表点経度":1814.900949609}},{"type":"MultiPolygon","arcs":[[[221,222,223,224]]],"properties":{"筆ID":"H000000081","version":"ver1.0","座標系":"任意座標系","測地系判別":null,"地図名":"開拓図４・方無去","地図番号":"開17-2","縮尺分母":"2500","市区町村コード":"01662","市区町村名":"厚岸郡厚岸町","大字コード":"622","丁目コード":"000","小字コード":"0000","予備コード":"00","大字名":"片無去","丁目名":null,"小字名":null,"予備名":null,"地番":"163-84","精度区分":null,"座標値種別":"図上測量","筆界未定構成筆":null,"代表点緯度":-504.2305,"代表点経度":1857.74987126}},{"type":"MultiPolygon","arcs":[[[225,226,227,-223]]],"properties":{"筆ID":"H000000082","version":"ver1.0","座標系":"任意座標系","測地系判別":null,"地図名":"開拓図４・方無去","地図番号":"開17-2","縮尺分母":"2500","市区町村コード":"01662","市区町村名":"厚岸郡厚岸町","大字コード":"622","丁目コード":"000","小字コード":"0000","予備コード":"00","大字名":"片無去","丁目名":null,"小字名":null,"予備名":null,"地番":"163-85","精度区分":null,"座標値種別":"図上測量","筆界未定構成筆":null,"代表点緯度":-524.736,"代表点経度":1860.774528977}},{"type":"MultiPolygon","arcs":[[[228,229,-227]]],"properties":{"筆ID":"H000000083","version":"ver1.0","座標系":"任意座標系","測地系判別":null,"地図名":"開拓図４・方無去","地図番号":"開17-2","縮尺分母":"2500","市区町村コード":"01662","市区町村名":"厚岸郡厚岸町","大字コード":"622","丁目コード":"000","小字コード":"0000","予備コード":"00","大字名":"片無去","丁目名":null,"小字名":null,"予備名":null,"地番":"163-86","精度区分":null,"座標値種別":"図上測量","筆界未定構成筆":null,"代表点緯度":-548.8745,"代表点経度":1864.3351203}},{"type":"MultiPolygon","arcs":[[[230,-225,231,232]]],"properties":{"筆ID":"H000000084","version":"ver1.0","座標系":"任意座標系","測地系判別":null,"地図名":"開拓図４・方無去","地図番号":"開17-2","縮尺分母":"2500","市区町村コード":"01662","市区町村名":"厚岸郡厚岸町","大字コード":"622","丁目コード":"000","小字コード":"0000","予備コード":"00","大字名":"片無去","丁目名":null,"小字名":null,"予備名":null,"地番":"163-83","精度区分":null,"座標値種別":"図上測量","筆界未定構成筆":null,"代表点緯度":-483.852,"代表点経度":1854.744009485}},{"type":"MultiPolygon","arcs":[[[233,-233,234,235]]],"properties":{"筆ID":"H000000085","version":"ver1.0","座標系":"任意座標系","測地系判別":null,"地図名":"開拓図４・方無去","地図番号":"開17-2","縮尺分母":"2500","市区町村コード":"01662","市区町村名":"厚岸郡厚岸町","大字コード":"622","丁目コード":"000","小字コード":"0000","予備コード":"00","大字名":"片無去","丁目名":null,"小字名":null,"予備名":null,"地番":"163-82","精度区分":null,"座標値種別":"図上測量","筆界未定構成筆":null,"代表点緯度":-463.3175,"代表点経度":1851.715338046}},{"type":"MultiPolygon","arcs":[[[236,237,-236,238,239]]],"properties":{"筆ID":"H000000086","version":"ver1.0","座標系":"任意座標系","測地系判別":null,"地図名":"開拓図４・方無去","地図番号":"開17-2","縮尺分母":"2500","市区町村コード":"01662","市区町村名":"厚岸郡厚岸町","大字コード":"622","丁目コード":"000","小字コード":"0000","予備コード":"00","大字名":"片無去","丁目名":null,"小字名":null,"予備名":null,"地番":"163-81","精度区分":null,"座標値種別":"図上測量","筆界未定構成筆":null,"代表点緯度":-440.6525,"代表点経度":1866.960999309}},{"type":"MultiPolygon","arcs":[[[240,-240,241,242]]],"properties":{"筆ID":"H000000087","version":"ver1.0","座標系":"任意座標系","測地系判別":null,"地図名":"開拓図４・方無去","地図番号":"開17-2","縮尺分母":"2500","市区町村コード":"01662","市区町村名":"厚岸郡厚岸町","大字コード":"622","丁目コード":"000","小字コード":"0000","予備コード":"00","大字名":"片無去","丁目名":null,"小字名":null,"予備名":null,"地番":"163-80","精度区分":null,"座標値種別":"図上測量","筆界未定構成筆":null,"代表点緯度":-420.852,"代表点経度":1864.301184874}},{"type":"MultiPolygon","arcs":[[[243,-243,244,245]]],"properties":{"筆ID":"H000000088","version":"ver1.0","座標系":"任意座標系","測地系判別":null,"地図名":"開拓図４・方無去","地図番号":"開17-2","縮尺分母":"2500","市区町村コード":"01662","市区町村名":"厚岸郡厚岸町","大字コード":"622","丁目コード":"000","小字コード":"0000","予備コード":"00","大字名":"片無去","丁目名":null,"小字名":null,"予備名":null,"地番":"163-79","精度区分":null,"座標値種別":"図上測量","筆界未定構成筆":null,"代表点緯度":-400.5185,"代表点経度":1861.56976901}},{"type":"MultiPolygon","arcs":[[[246,-246,247,248]]],"properties":{"筆ID":"H000000089","version":"ver1.0","座標系":"任意座標系","測地系判別":null,"地図名":"開拓図４・方無去","地図番号":"開17-2","縮尺分母":"2500","市区町村コード":"01662","市区町村名":"厚岸郡厚岸町","大字コード":"622","丁目コード":"000","小字コード":"0000","予備コード":"00","大字名":"片無去","丁目名":null,"小字名":null,"予備名":null,"地番":"163-78","精度区分":null,"座標値種別":"図上測量","筆界未定構成筆":null,"代表点緯度":-380.091,"代表点経度":1858.82587157}},{"type":"MultiPolygon","arcs":[[[249,250,251]]],"properties":{"筆ID":"H000000090","version":"ver1.0","座標系":"任意座標系","測地系判別":null,"地図名":"開拓図４・方無去","地図番号":"開17-2","縮尺分母":"2500","市区町村コード":"01662","市区町村名":"厚岸郡厚岸町","大字コード":"622","丁目コード":"000","小字コード":"0000","予備コード":"00","大字名":"片無去","丁目名":null,"小字名":null,"予備名":null,"地番":"163-76","精度区分":null,"座標値種別":"図上測量","筆界未定構成筆":null,"代表点緯度":-334.225,"代表点経度":1844.865297935}},{"type":"MultiPolygon","arcs":[[[252,-249,253,-251,254]]],"properties":{"筆ID":"H000000091","version":"ver1.0","座標系":"任意座標系","測地系判別":null,"地図名":"開拓図４・方無去","地図番号":"開17-2","縮尺分母":"2500","市区町村コード":"01662","市区町村名":"厚岸郡厚岸町","大字コード":"622","丁目コード":"000","小字コード":"0000","予備コード":"00","大字名":"片無去","丁目名":null,"小字名":null,"予備名":null,"地番":"163-77","精度区分":null,"座標値種別":"図上測量","筆界未定構成筆":null,"代表点緯度":-359.8725,"代表点経度":1856.109616219}},{"type":"MultiPolygon","arcs":[[[255,256,-255,-250,257]]],"properties":{"筆ID":"H000000092","version":"ver1.0","座標系":"任意座標系","測地系判別":null,"地図名":"開拓図４・方無去","地図番号":"開17-2","縮尺分母":"2500","市区町村コード":"01662","市区町村名":"厚岸郡厚岸町","大字コード":"622","丁目コード":"000","小字コード":"0000","予備コード":"00","大字名":"片無去","丁目名":null,"小字名":null,"予備名":null,"地番":"163-75","精度区分":null,"座標値種別":"図上測量","筆界未定構成筆":null,"代表点緯度":-330.453,"代表点経度":1871.468453606}},{"type":"MultiPolygon","arcs":[[[258,259,260,261]]],"properties":{"筆ID":"H000000093","version":"ver1.0","座標系":"任意座標系","測地系判別":null,"地図名":"開拓図４・方無去","地図番号":"開17-2","縮尺分母":"2500","市区町村コード":"01662","市区町村名":"厚岸郡厚岸町","大字コード":"622","丁目コード":"000","小字コード":"0000","予備コード":"00","大字名":"片無去","丁目名":null,"小字名":null,"予備名":null,"地番":"163-147","精度区分":null,"座標値種別":"図上測量","筆界未定構成筆":null,"代表点緯度":-472.1205,"代表点経度":1544.744502427}},{"type":"MultiPolygon","arcs":[[[262,263,-259,264]]],"properties":{"筆ID":"H000000094","version":"ver1.0","座標系":"任意座標系","測地系判別":null,"地図名":"開拓図４・方無去","地図番号":"開17-2","縮尺分母":"2500","市区町村コード":"01662","市区町村名":"厚岸郡厚岸町","大字コード":"622","丁目コード":"000","小字コード":"0000","予備コード":"00","大字名":"片無去","丁目名":null,"小字名":null,"予備名":null,"地番":"163-146","精度区分":null,"座標値種別":"図上測量","筆界未定構成筆":null,"代表点緯度":-473.475,"代表点経度":1563.03443703}},{"type":"MultiPolygon","arcs":[[[265,266,-263,267]]],"properties":{"筆ID":"H000000095","version":"ver1.0","座標系":"任意座標系","測地系判別":null,"地図名":"開拓図４・方無去","地図番号":"開17-2","縮尺分母":"2500","市区町村コード":"01662","市区町村名":"厚岸郡厚岸町","大字コード":"622","丁目コード":"000","小字コード":"0000","予備コード":"00","大字名":"片無去","丁目名":null,"小字名":null,"予備名":null,"地番":"163-145","精度区分":null,"座標値種別":"図上測量","筆界未定構成筆":null,"代表点緯度":-472.2415,"代表点経度":1580.981135899}},{"type":"MultiPolygon","arcs":[[[268,269,-266,270]]],"properties":{"筆ID":"H000000096","version":"ver1.0","座標系":"任意座標系","測地系判別":null,"地図名":"開拓図４・方無去","地図番号":"開17-2","縮尺分母":"2500","市区町村コード":"01662","市区町村名":"厚岸郡厚岸町","大字コード":"622","丁目コード":"000","小字コード":"0000","予備コード":"00","大字名":"片無去","丁目名":null,"小字名":null,"予備名":null,"地番":"163-144","精度区分":null,"座標値種別":"図上測量","筆界未定構成筆":null,"代表点緯度":-466.523,"代表点経度":1598.067491722}},{"type":"MultiPolygon","arcs":[[[-205,271,-269,272,273,-202]]],"properties":{"筆ID":"H000000097","version":"ver1.0","座標系":"任意座標系","測地系判別":null,"地図名":"開拓図４・方無去","地図番号":"開17-2","縮尺分母":"2500","市区町村コード":"01662","市区町村名":"厚岸郡厚岸町","大字コード":"622","丁目コード":"000","小字コード":"0000","予備コード":"00","大字名":"片無去","丁目名":null,"小字名":null,"予備名":null,"地番":"163-143","精度区分":null,"座標値種別":"図上測量","筆界未定構成筆":null,"代表点緯度":-451.1325,"代表点経度":1614.308494412}},{"type":"MultiPolygon","arcs":[[[274,-203,-274,275,276]]],"properties":{"筆ID":"H000000098","version":"ver1.0","座標系":"任意座標系","測地系判別":null,"地図名":"開拓図４・方無去","地図番号":"開17-2","縮尺分母":"2500","市区町村コード":"01662","市区町村名":"厚岸郡厚岸町","大字コード":"622","丁目コード":"000","小字コード":"0000","予備コード":"00","大字名":"片無去","丁目名":null,"小字名":null,"予備名":null,"地番":"163-141","精度区分":null,"座標値種別":"図上測量","筆界未定構成筆":null,"代表点緯度":-429.997,"代表点経度":1639.105068465}},{"type":"MultiPolygon","arcs":[[[277,-277,278]]],"properties":{"筆ID":"H000000099","version":"ver1.0","座標系":"任意座標系","測地系判別":null,"地図名":"開拓図４・方無去","地図番号":"開17-2","縮尺分母":"2500","市区町村コード":"01662","市区町村名":"厚岸郡厚岸町","大字コード":"622","丁目コード":"000","小字コード":"0000","予備コード":"00","大字名":"片無去","丁目名":null,"小字名":null,"予備名":null,"地番":"163-142","精度区分":null,"座標値種別":"図上測量","筆界未定構成筆":null,"代表点緯度":-401.287,"代表点経度":1644.268900958}},{"type":"MultiPolygon","arcs":[[[-157,-153,279,280,281]]],"properties":{"筆ID":"H000000100","version":"ver1.0","座標系":"任意座標系","測地系判別":null,"地図名":"開拓図４・方無去","地図番号":"開17-2","縮尺分母":"2500","市区町村コード":"01662","市区町村名":"厚岸郡厚岸町","大字コード":"622","丁目コード":"000","小字コード":"0000","予備コード":"00","大字名":"片無去","丁目名":null,"小字名":null,"予備名":null,"地番":"163-123","精度区分":null,"座標値種別":"図上測量","筆界未定構成筆":null,"代表点緯度":-377.144,"代表点経度":1678.084992058}},{"type":"MultiPolygon","arcs":[[[282,-158,-282,283]]],"properties":{"筆ID":"H000000101","version":"ver1.0","座標系":"任意座標系","測地系判別":null,"地図名":"開拓図４・方無去","地図番号":"開17-2","縮尺分母":"2500","市区町村コード":"01662","市区町村名":"厚岸郡厚岸町","大字コード":"622","丁目コード":"000","小字コード":"0000","予備コード":"00","大字名":"片無去","丁目名":null,"小字名":null,"予備名":null,"地番":"163-122","精度区分":null,"座標値種別":"図上測量","筆界未定構成筆":null,"代表点緯度":-354.927,"代表点経度":1716.504709957}},{"type":"MultiPolygon","arcs":[[[284,285,286]]],"properties":{"筆ID":"H000000102","version":"ver1.0","座標系":"任意座標系","測地系判別":null,"地図名":"開拓図４・方無去","地図番号":"開17-2","縮尺分母":"2500","市区町村コード":"01662","市区町村名":"厚岸郡厚岸町","大字コード":"622","丁目コード":"000","小字コード":"0000","予備コード":"00","大字名":"片無去","丁目名":null,"小字名":null,"予備名":null,"地番":"163-99","精度区分":null,"座標値種別":"図上測量","筆界未定構成筆":null,"代表点緯度":-330.8185,"代表点経度":1763.262752305}},{"type":"MultiPolygon","arcs":[[[287,288,289,-286]]],"properties":{"筆ID":"H000000103","version":"ver1.0","座標系":"任意座標系","測地系判別":null,"地図名":"開拓図４・方無去","地図番号":"開17-2","縮尺分母":"2500","市区町村コード":"01662","市区町村名":"厚岸郡厚岸町","大字コード":"622","丁目コード":"000","小字コード":"0000","予備コード":"00","大字名":"片無去","丁目名":null,"小字名":null,"予備名":null,"地番":"163-100","精度区分":null,"座標値種別":"図上測量","筆界未定構成筆":null,"代表点緯度":-373.5115,"代表点経度":1751.40203408}},{"type":"MultiPolygon","arcs":[[[290,291,292,-289]]],"properties":{"筆ID":"H000000104","version":"ver1.0","座標系":"任意座標系","測地系判別":null,"地図名":"開拓図４・方無去","地図番号":"開17-2","縮尺分母":"2500","市区町村コード":"01662","市区町村名":"厚岸郡厚岸町","大字コード":"622","丁目コード":"000","小字コード":"0000","予備コード":"00","大字名":"片無去","丁目名":null,"小字名":null,"予備名":null,"地番":"163-101","精度区分":null,"座標値種別":"図上測量","筆界未定構成筆":null,"代表点緯度":-391.9565,"代表点経度":1758.347339587}},{"type":"MultiPolygon","arcs":[[[293,294,-292,295]]],"properties":{"筆ID":"H000000105","version":"ver1.0","座標系":"任意座標系","測地系判別":null,"地図名":"開拓図４・方無去","地図番号":"開17-2","縮尺分母":"2500","市区町村コード":"01662","市区町村名":"厚岸郡厚岸町","大字コード":"622","丁目コード":"000","小字コード":"0000","予備コード":"00","大字名":"片無去","丁目名":null,"小字名":null,"予備名":null,"地番":"163-102","精度区分":null,"座標値種別":"図上測量","筆界未定構成筆":null,"代表点緯度":-410.3555,"代表点経度":1762.895733011}},{"type":"MultiPolygon","arcs":[[[296,297,298,-294]]],"properties":{"筆ID":"H000000106","version":"ver1.0","座標系":"任意座標系","測地系判別":null,"地図名":"開拓図４・方無去","地図番号":"開17-2","縮尺分母":"2500","市区町村コード":"01662","市区町村名":"厚岸郡厚岸町","大字コード":"622","丁目コード":"000","小字コード":"0000","予備コード":"00","大字名":"片無去","丁目名":null,"小字名":null,"予備名":null,"地番":"163-103","精度区分":null,"座標値種別":"図上測量","筆界未定構成筆":null,"代表点緯度":-428.9145,"代表点経度":1766.060231219}},{"type":"MultiPolygon","arcs":[[[299,300,-298]]],"properties":{"筆ID":"H000000107","version":"ver1.0","座標系":"任意座標系","測地系判別":null,"地図名":"開拓図４・方無去","地図番号":"開17-2","縮尺分母":"2500","市区町村コード":"01662","市区町村名":"厚岸郡厚岸町","大字コード":"622","丁目コード":"000","小字コード":"0000","予備コード":"00","大字名":"片無去","丁目名":null,"小字名":null,"予備名":null,"地番":"163-104","精度区分":null,"座標値種別":"図上測量","筆界未定構成筆":null,"代表点緯度":-447.471,"代表点経度":1769.224518771}},{"type":"MultiPolygon","arcs":[[[301,302,-197,-194,303]]],"properties":{"筆ID":"H000000108","version":"ver1.0","座標系":"任意座標系","測地系判別":null,"地図名":"開拓図４・方無去","地図番号":"開17-2","縮尺分母":"2500","市区町村コード":"01662","市区町村名":"厚岸郡厚岸町","大字コード":"622","丁目コード":"000","小字コード":"0000","予備コード":"00","大字名":"片無去","丁目名":null,"小字名":null,"予備名":null,"地番":"163-91","精度区分":null,"座標値種別":"図上測量","筆界未定構成筆":null,"代表点緯度":-471.6985,"代表点経度":1791.095752054}},{"type":"MultiPolygon","arcs":[[[304,-218,-215,-209,-206,-303,305,306]]],"properties":{"筆ID":"H000000109","version":"ver1.0","座標系":"任意座標系","測地系判別":null,"地図名":"開拓図４・方無去","地図番号":"開17-2","縮尺分母":"2500","市区町村コード":"01662","市区町村名":"厚岸郡厚岸町","大字コード":"622","丁目コード":"000","小字コード":"0000","予備コード":"00","大字名":"片無去","丁目名":null,"小字名":null,"予備名":null,"地番":"163-89","精度区分":null,"座標値種別":"図上測量","筆界未定構成筆":null,"代表点緯度":-506.518,"代表点経度":1815.339126795}},{"type":"MultiPolygon","arcs":[[[-307,307,308]]],"properties":{"筆ID":"H000000110","version":"ver1.0","座標系":"任意座標系","測地系判別":null,"地図名":"開拓図４・方無去","地図番号":"開17-2","縮尺分母":"2500","市区町村コード":"01662","市区町村名":"厚岸郡厚岸町","大字コード":"622","丁目コード":"000","小字コード":"0000","予備コード":"00","大字名":"片無去","丁目名":null,"小字名":null,"予備名":null,"地番":"163-90","精度区分":null,"座標値種別":"図上測量","筆界未定構成筆":null,"代表点緯度":-476.7895,"代表点経度":1811.680017754}},{"type":"MultiPolygon","arcs":[[[309,310,311]]],"properties":{"筆ID":"H000000111","version":"ver1.0","座標系":"任意座標系","測地系判別":null,"地図名":"開拓図４・方無去","地図番号":"開17-2","縮尺分母":"2500","市区町村コード":"01662","市区町村名":"厚岸郡厚岸町","大字コード":"622","丁目コード":"000","小字コード":"0000","予備コード":"00","大字名":"片無去","丁目名":null,"小字名":null,"予備名":null,"地番":"163-92","精度区分":null,"座標値種別":"図上測量","筆界未定構成筆":null,"代表点緯度":-440.293,"代表点経度":1818.767024039}},{"type":"MultiPolygon","arcs":[[[312,-312,313,314]]],"properties":{"筆ID":"H000000112","version":"ver1.0","座標系":"任意座標系","測地系判別":null,"地図名":"開拓図４・方無去","地図番号":"開17-2","縮尺分母":"2500","市区町村コード":"01662","市区町村名":"厚岸郡厚岸町","大字コード":"622","丁目コード":"000","小字コード":"0000","予備コード":"00","大字名":"片無去","丁目名":null,"小字名":null,"予備名":null,"地番":"163-93","精度区分":null,"座標値種別":"図上測量","筆界未定構成筆":null,"代表点緯度":-422.3555,"代表点経度":1816.600781316}},{"type":"MultiPolygon","arcs":[[[315,-315,316,317]]],"properties":{"筆ID":"H000000113","version":"ver1.0","座標系":"任意座標系","測地系判別":null,"地図名":"開拓図４・方無去","地図番号":"開17-2","縮尺分母":"2500","市区町村コード":"01662","市区町村名":"厚岸郡厚岸町","大字コード":"622","丁目コード":"000","小字コード":"0000","予備コード":"00","大字名":"片無去","丁目名":null,"小字名":null,"予備名":null,"地番":"163-94","精度区分":null,"座標値種別":"図上測量","筆界未定構成筆":null,"代表点緯度":-405.9345,"代表点経度":1814.617402491}},{"type":"MultiPolygon","arcs":[[[318,-318,319,320]]],"properties":{"筆ID":"H000000114","version":"ver1.0","座標系":"任意座標系","測地系判別":null,"地図名":"開拓図４・方無去","地図番号":"開17-2","縮尺分母":"2500","市区町村コード":"01662","市区町村名":"厚岸郡厚岸町","大字コード":"622","丁目コード":"000","小字コード":"0000","予備コード":"00","大字名":"片無去","丁目名":null,"小字名":null,"予備名":null,"地番":"163-95","精度区分":null,"座標値種別":"図上測量","筆界未定構成筆":null,"代表点緯度":-386.521,"代表点経度":1808.703008554}},{"type":"MultiPolygon","arcs":[[[321,-321,322,323]]],"properties":{"筆ID":"H000000115","version":"ver1.0","座標系":"任意座標系","測地系判別":null,"地図名":"開拓図４・方無去","地図番号":"開17-2","縮尺分母":"2500","市区町村コード":"01662","市区町村名":"厚岸郡厚岸町","大字コード":"622","丁目コード":"000","小字コード":"0000","予備コード":"00","大字名":"片無去","丁目名":null,"小字名":null,"予備名":null,"地番":"163-96","精度区分":null,"座標値種別":"図上測量","筆界未定構成筆":null,"代表点緯度":-368.3555,"代表点経度":1802.048138654}},{"type":"MultiPolygon","arcs":[[[324,-324,325,326]]],"properties":{"筆ID":"H000000116","version":"ver1.0","座標系":"任意座標系","測地系判別":null,"地図名":"開拓図４・方無去","地図番号":"開17-2","縮尺分母":"2500","市区町村コード":"01662","市区町村名":"厚岸郡厚岸町","大字コード":"622","丁目コード":"000","小字コード":"0000","予備コード":"00","大字名":"片無去","丁目名":null,"小字名":null,"予備名":null,"地番":"163-97","精度区分":null,"座標値種別":"図上測量","筆界未定構成筆":null,"代表点緯度":-349.4805,"代表点経度":1802.276249085}},{"type":"MultiPolygon","arcs":[[[327,-327,328]]],"properties":{"筆ID":"H000000117","version":"ver1.0","座標系":"任意座標系","測地系判別":null,"地図名":"開拓図４・方無去","地図番号":"開17-2","縮尺分母":"2500","市区町村コード":"01662","市区町村名":"厚岸郡厚岸町","大字コード":"622","丁目コード":"000","小字コード":"0000","予備コード":"00","大字名":"片無去","丁目名":null,"小字名":null,"予備名":null,"地番":"163-98","精度区分":null,"座標値種別":"図上測量","筆界未定構成筆":null,"代表点緯度":-320.549,"代表点経度":1809.739440981}},{"type":"MultiPolygon","arcs":[[[-161,329,330,331]]],"properties":{"筆ID":"H000000118","version":"ver1.0","座標系":"任意座標系","測地系判別":null,"地図名":"開拓図４・方無去","地図番号":"開17-2","縮尺分母":"2500","市区町村コード":"01662","市区町村名":"厚岸郡厚岸町","大字コード":"622","丁目コード":"000","小字コード":"0000","予備コード":"00","大字名":"片無去","丁目名":null,"小字名":null,"予備名":null,"地番":"163-74","精度区分":null,"座標値種別":"図上測量","筆界未定構成筆":null,"代表点緯度":-300.3775,"代表点経度":1838.236553831}},{"type":"MultiPolygon","arcs":[[[332,333,334]]],"properties":{"筆ID":"H000000119","version":"ver1.0","座標系":"任意座標系","測地系判別":null,"地図名":"開拓図４・方無去","地図番号":"開17-2","縮尺分母":"2500","市区町村コード":"01662","市区町村名":"厚岸郡厚岸町","大字コード":"622","丁目コード":"000","小字コード":"0000","予備コード":"00","大字名":"片無去","丁目名":null,"小字名":null,"予備名":null,"地番":"163-72","精度区分":null,"座標値種別":"図上測量","筆界未定構成筆":null,"代表点緯度":-234.497,"代表点経度":1879.314958694}},{"type":"MultiPolygon","arcs":[[[335,336,-162,-332,337,-334]]],"properties":{"筆ID":"H000000120","version":"ver1.0","座標系":"任意座標系","測地系判別":null,"地図名":"開拓図４・方無去","地図番号":"開17-2","縮尺分母":"2500","市区町村コード":"01662","市区町村名":"厚岸郡厚岸町","大字コード":"622","丁目コード":"000","小字コード":"0000","予備コード":"00","大字名":"片無去","丁目名":null,"小字名":null,"予備名":null,"地番":"163-71","精度区分":null,"座標値種別":"図上測量","筆界未定構成筆":null,"代表点緯度":-254.8945,"代表点経度":1872.764404365}},{"type":"MultiPolygon","arcs":[[[338,339,-163,-337]]],"properties":{"筆ID":"H000000121","version":"ver1.0","座標系":"任意座標系","測地系判別":null,"地図名":"開拓図４・方無去","地図番号":"開17-2","縮尺分母":"2500","市区町村コード":"01662","市区町村名":"厚岸郡厚岸町","大字コード":"622","丁目コード":"000","小字コード":"0000","予備コード":"00","大字名":"片無去","丁目名":null,"小字名":null,"予備名":null,"地番":"163-70","精度区分":null,"座標値種別":"図上測量","筆界未定構成筆":null,"代表点緯度":-273.8045,"代表点経度":1885.724089225}},{"type":"MultiPolygon","arcs":[[[340,-159,-340]]],"properties":{"筆ID":"H000000122","version":"ver1.0","座標系":"任意座標系","測地系判別":null,"地図名":"開拓図４・方無去","地図番号":"開17-2","縮尺分母":"2500","市区町村コード":"01662","市区町村名":"厚岸郡厚岸町","大字コード":"622","丁目コード":"000","小字コード":"0000","予備コード":"00","大字名":"片無去","丁目名":null,"小字名":null,"予備名":null,"地番":"163-69","精度区分":null,"座標値種別":"図上測量","筆界未定構成筆":null,"代表点緯度":-293.933,"代表点経度":1888.515363057}},{"type":"MultiPolygon","arcs":[[[341,-256,342]]],"properties":{"筆ID":"H000000123","version":"ver1.0","座標系":"任意座標系","測地系判別":null,"地図名":"開拓図４・方無去","地図番号":"開17-2","縮尺分母":"2500","市区町村コード":"01662","市区町村名":"厚岸郡厚岸町","大字コード":"622","丁目コード":"000","小字コード":"0000","予備コード":"00","大字名":"片無去","丁目名":null,"小字名":null,"予備名":null,"地番":"163-68","精度区分":null,"座標値種別":"図上測量","筆界未定構成筆":null,"代表点緯度":-326.5345,"代表点経度":1899.202785353}},{"type":"MultiPolygon","arcs":[[[343,344,-253,-257,-342]]],"properties":{"筆ID":"H000000124","version":"ver1.0","座標系":"任意座標系","測地系判別":null,"地図名":"開拓図４・方無去","地図番号":"開17-2","縮尺分母":"2500","市区町村コード":"01662","市区町村名":"厚岸郡厚岸町","大字コード":"622","丁目コード":"000","小字コード":"0000","予備コード":"00","大字名":"片無去","丁目名":null,"小字名":null,"予備名":null,"地番":"163-67","精度区分":null,"座標値種別":"図上測量","筆界未定構成筆":null,"代表点緯度":-354.3965,"代表点経度":1896.547764466}},{"type":"MultiPolygon","arcs":[[[345,346,-247,-345]]],"properties":{"筆ID":"H000000125","version":"ver1.0","座標系":"任意座標系","測地系判別":null,"地図名":"開拓図４・方無去","地図番号":"開17-2","縮尺分母":"2500","市区町村コード":"01662","市区町村名":"厚岸郡厚岸町","大字コード":"622","丁目コード":"000","小字コード":"0000","予備コード":"00","大字名":"片無去","丁目名":null,"小字名":null,"予備名":null,"地番":"163-66","精度区分":null,"座標値種別":"図上測量","筆界未定構成筆":null,"代表点緯度":-374.7685,"代表点経度":1899.304976087}},{"type":"MultiPolygon","arcs":[[[347,348,-244,-347]]],"properties":{"筆ID":"H000000126","version":"ver1.0","座標系":"任意座標系","測地系判別":null,"地図名":"開拓図４・方無去","地図番号":"開17-2","縮尺分母":"2500","市区町村コード":"01662","市区町村名":"厚岸郡厚岸町","大字コード":"622","丁目コード":"000","小字コード":"0000","予備コード":"00","大字名":"片無去","丁目名":null,"小字名":null,"予備名":null,"地番":"163-65","精度区分":null,"座標値種別":"図上測量","筆界未定構成筆":null,"代表点緯度":-395.0755,"代表点経度":1902.053673179}},{"type":"MultiPolygon","arcs":[[[349,350,-241,-349]]],"properties":{"筆ID":"H000000127","version":"ver1.0","座標系":"任意座標系","測地系判別":null,"地図名":"開拓図４・方無去","地図番号":"開17-2","縮尺分母":"2500","市区町村コード":"01662","市区町村名":"厚岸郡厚岸町","大字コード":"622","丁目コード":"000","小字コード":"0000","予備コード":"00","大字名":"片無去","丁目名":null,"小字名":null,"予備名":null,"地番":"163-64","精度区分":null,"座標値種別":"図上測量","筆界未定構成筆":null,"代表点緯度":-415.4065,"代表点経度":1904.805307964}},{"type":"MultiPolygon","arcs":[[[351,-237,-351,352]]],"properties":{"筆ID":"H000000128","version":"ver1.0","座標系":"任意座標系","測地系判別":null,"地図名":"開拓図４・方無去","地図番号":"開17-2","縮尺分母":"2500","市区町村コード":"01662","市区町村名":"厚岸郡厚岸町","大字コード":"622","丁目コード":"000","小字コード":"0000","予備コード":"00","大字名":"片無去","丁目名":null,"小字名":null,"予備名":null,"地番":"163-63","精度区分":null,"座標値種別":"図上測量","筆界未定構成筆":null,"代表点緯度":-438.075,"代表点経度":1907.873245993}},{"type":"MultiPolygon","arcs":[[[353,354,-234,-238,-352]]],"properties":{"筆ID":"H000000129","version":"ver1.0","座標系":"任意座標系","測地系判別":null,"地図名":"開拓図４・方無去","地図番号":"開17-2","縮尺分母":"2500","市区町村コード":"01662","市区町村名":"厚岸郡厚岸町","大字コード":"622","丁目コード":"000","小字コード":"0000","予備コード":"00","大字名":"片無去","丁目名":null,"小字名":null,"予備名":null,"地番":"163-62","精度区分":null,"座標値種別":"図上測量","筆界未定構成筆":null,"代表点緯度":-456.0305,"代表点経度":1903.585708036}},{"type":"MultiPolygon","arcs":[[[355,356,-231,-355]]],"properties":{"筆ID":"H000000130","version":"ver1.0","座標系":"任意座標系","測地系判別":null,"地図名":"開拓図４・方無去","地図番号":"開17-2","縮尺分母":"2500","市区町村コード":"01662","市区町村名":"厚岸郡厚岸町","大字コード":"622","丁目コード":"000","小字コード":"0000","予備コード":"00","大字名":"片無去","丁目名":null,"小字名":null,"予備名":null,"地番":"163-61","精度区分":null,"座標値種別":"図上測量","筆界未定構成筆":null,"代表点緯度":-476.5835,"代表点経度":1906.518148989}},{"type":"MultiPolygon","arcs":[[[357,358,-222,-357]]],"properties":{"筆ID":"H000000131","version":"ver1.0","座標系":"任意座標系","測地系判別":null,"地図名":"開拓図４・方無去","地図番号":"開17-2","縮尺分母":"2500","市区町村コード":"01662","市区町村名":"厚岸郡厚岸町","大字コード":"622","丁目コード":"000","小字コード":"0000","予備コード":"00","大字名":"片無去","丁目名":null,"小字名":null,"予備名":null,"地番":"163-60","精度区分":null,"座標値種別":"図上測量","筆界未定構成筆":null,"代表点緯度":-497.1,"代表点経度":1909.445264024}},{"type":"MultiPolygon","arcs":[[[359,360,-226,-359]]],"properties":{"筆ID":"H000000132","version":"ver1.0","座標系":"任意座標系","測地系判別":null,"地図名":"開拓図４・方無去","地図番号":"開17-2","縮尺分母":"2500","市区町村コード":"01662","市区町村名":"厚岸郡厚岸町","大字コード":"622","丁目コード":"000","小字コード":"0000","予備コード":"00","大字名":"片無去","丁目名":null,"小字名":null,"予備名":null,"地番":"163-59","精度区分":null,"座標値種別":"図上測量","筆界未定構成筆":null,"代表点緯度":-517.633,"代表点経度":1912.374756976}},{"type":"MultiPolygon","arcs":[[[361,-229,-361]]],"properties":{"筆ID":"H000000133","version":"ver1.0","座標系":"任意座標系","測地系判別":null,"地図名":"開拓図４・方無去","地図番号":"開17-2","縮尺分母":"2500","市区町村コード":"01662","市区町村名":"厚岸郡厚岸町","大字コード":"622","丁目コード":"000","小字コード":"0000","予備コード":"00","大字名":"片無去","丁目名":null,"小字名":null,"予備名":null,"地番":"163-58","精度区分":null,"座標値種別":"図上測量","筆界未定構成筆":null,"代表点緯度":-541.8865,"代表点経度":1915.834984333}},{"type":"MultiPolygon","arcs":[[[362,363,364]]],"properties":{"筆ID":"H000000134","version":"ver1.0","座標系":"任意座標系","測地系判別":null,"地図名":"開拓図４・方無去","地図番号":"開17-2","縮尺分母":"2500","市区町村コード":"01662","市区町村名":"厚岸郡厚岸町","大字コード":"622","丁目コード":"000","小字コード":"0000","予備コード":"00","大字名":"片無去","丁目名":null,"小字名":null,"予備名":null,"地番":"163-133","精度区分":null,"座標値種別":"図上測量","筆界未定構成筆":null,"代表点緯度":-575.1,"代表点経度":1702.735526517}},{"type":"MultiPolygon","arcs":[[[365,-365,366,367]]],"properties":{"筆ID":"H000000135","version":"ver1.0","座標系":"任意座標系","測地系判別":null,"地図名":"開拓図４・方無去","地図番号":"開17-2","縮尺分母":"2500","市区町村コード":"01662","市区町村名":"厚岸郡厚岸町","大字コード":"622","丁目コード":"000","小字コード":"0000","予備コード":"00","大字名":"片無去","丁目名":null,"小字名":null,"予備名":null,"地番":"163-132","精度区分":null,"座標値種別":"図上測量","筆界未定構成筆":null,"代表点緯度":-557.1875,"代表点経度":1700.145656875}},{"type":"MultiPolygon","arcs":[[[368,-363,369]]],"properties":{"筆ID":"H000000136","version":"ver1.0","座標系":"任意座標系","測地系判別":null,"地図名":"開拓図４・方無去","地図番号":"開17-2","縮尺分母":"2500","市区町村コード":"01662","市区町村名":"厚岸郡厚岸町","大字コード":"622","丁目コード":"000","小字コード":"0000","予備コード":"00","大字名":"片無去","丁目名":null,"小字名":null,"予備名":null,"地番":"163-111","精度区分":null,"座標値種別":"図上測量","筆界未定構成筆":null,"代表点緯度":-570.327,"代表点経度":1738.602979708}},{"type":"MultiPolygon","arcs":[[[370,-370,-366,371]]],"properties":{"筆ID":"H000000137","version":"ver1.0","座標系":"任意座標系","測地系判別":null,"地図名":"開拓図４・方無去","地図番号":"開17-2","縮尺分母":"2500","市区町村コード":"01662","市区町村名":"厚岸郡厚岸町","大字コード":"622","丁目コード":"000","小字コード":"0000","予備コード":"00","大字名":"片無去","丁目名":null,"小字名":null,"予備名":null,"地番":"163-112","精度区分":null,"座標値種別":"図上測量","筆界未定構成筆":null,"代表点緯度":-552.416,"代表点経度":1736.009322734}},{"type":"MultiPolygon","arcs":[[[372,-368,373,374]]],"properties":{"筆ID":"H000000138","version":"ver1.0","座標系":"任意座標系","測地系判別":null,"地図名":"開拓図４・方無去","地図番号":"開17-2","縮尺分母":"2500","市区町村コード":"01662","市区町村名":"厚岸郡厚岸町","大字コード":"622","丁目コード":"000","小字コード":"0000","予備コード":"00","大字名":"片無去","丁目名":null,"小字名":null,"予備名":null,"地番":"163-131","精度区分":null,"座標値種別":"図上測量","筆界未定構成筆":null,"代表点緯度":-539.2765,"代表点経度":1697.556026518}},{"type":"MultiPolygon","arcs":[[[375,-372,-373,376]]],"properties":{"筆ID":"H000000139","version":"ver1.0","座標系":"任意座標系","測地系判別":null,"地図名":"開拓図４・方無去","地図番号":"開17-2","縮尺分母":"2500","市区町村コード":"01662","市区町村名":"厚岸郡厚岸町","大字コード":"622","丁目コード":"000","小字コード":"0000","予備コード":"00","大字名":"片無去","丁目名":null,"小字名":null,"予備名":null,"地番":"163-113","精度区分":null,"座標値種別":"図上測量","筆界未定構成筆":null,"代表点緯度":-534.505,"代表点経度":1733.415322563}},{"type":"MultiPolygon","arcs":[[[377,-375,378,379]]],"properties":{"筆ID":"H000000140","version":"ver1.0","座標系":"任意座標系","測地系判別":null,"地図名":"開拓図４・方無去","地図番号":"開17-2","縮尺分母":"2500","市区町村コード":"01662","市区町村名":"厚岸郡厚岸町","大字コード":"622","丁目コード":"000","小字コード":"0000","予備コード":"00","大字名":"片無去","丁目名":null,"小字名":null,"予備名":null,"地番":"163-130","精度区分":null,"座標値種別":"図上測量","筆界未定構成筆":null,"代表点緯度":-521.3645,"代表点経度":1694.965973482}},{"type":"MultiPolygon","arcs":[[[380,-377,-378,381]]],"properties":{"筆ID":"H000000141","version":"ver1.0","座標系":"任意座標系","測地系判別":null,"地図名":"開拓図４・方無去","地図番号":"開17-2","縮尺分母":"2500","市区町村コード":"01662","市区町村名":"厚岸郡厚岸町","大字コード":"622","丁目コード":"000","小字コード":"0000","予備コード":"00","大字名":"片無去","丁目名":null,"小字名":null,"予備名":null,"地番":"163-114","精度区分":null,"座標値種別":"図上測量","筆界未定構成筆":null,"代表点緯度":-516.594,"代表点経度":1730.821005913}},{"type":"MultiPolygon","arcs":[[[382,-380,383,384]]],"properties":{"筆ID":"H000000142","version":"ver1.0","座標系":"任意座標系","測地系判別":null,"地図名":"開拓図４・方無去","地図番号":"開17-2","縮尺分母":"2500","市区町村コード":"01662","市区町村名":"厚岸郡厚岸町","大字コード":"622","丁目コード":"000","小字コード":"0000","予備コード":"00","大字名":"片無去","丁目名":null,"小字名":null,"予備名":null,"地番":"163-129","精度区分":null,"座標値種別":"図上測量","筆界未定構成筆":null,"代表点緯度":-503.4535,"代表点経度":1692.3762099}},{"type":"MultiPolygon","arcs":[[[385,-382,-383,386]]],"properties":{"筆ID":"H000000143","version":"ver1.0","座標系":"任意座標系","測地系判別":null,"地図名":"開拓図４・方無去","地図番号":"開17-2","縮尺分母":"2500","市区町村コード":"01662","市区町村名":"厚岸郡厚岸町","大字コード":"622","丁目コード":"000","小字コード":"0000","予備コード":"00","大字名":"片無去","丁目名":null,"小字名":null,"予備名":null,"地番":"163-115","精度区分":null,"座標値種別":"図上測量","筆界未定構成筆":null,"代表点緯度":-498.683,"代表点経度":1728.227138856}},{"type":"MultiPolygon","arcs":[[[387,-385,388]]],"properties":{"筆ID":"H000000144","version":"ver1.0","座標系":"任意座標系","測地系判別":null,"地図名":"開拓図４・方無去","地図番号":"開17-2","縮尺分母":"2500","市区町村コード":"01662","市区町村名":"厚岸郡厚岸町","大字コード":"622","丁目コード":"000","小字コード":"0000","予備コード":"00","大字名":"片無去","丁目名":null,"小字名":null,"予備名":null,"地番":"163-128","精度区分":null,"座標値種別":"図上測量","筆界未定構成筆":null,"代表点緯度":-485.5405,"代表点経度":1689.786426014}},{"type":"MultiPolygon","arcs":[[[-387,-388,389]]],"properties":{"筆ID":"H000000145","version":"ver1.0","座標系":"任意座標系","測地系判別":null,"地図名":"開拓図４・方無去","地図番号":"開17-2","縮尺分母":"2500","市区町村コード":"01662","市区町村名":"厚岸郡厚岸町","大字コード":"622","丁目コード":"000","小字コード":"0000","予備コード":"00","大字名":"片無去","丁目名":null,"小字名":null,"予備名":null,"地番":"163-116","精度区分":null,"座標値種別":"図上測量","筆界未定構成筆":null,"代表点緯度":-480.6405,"代表点経度":1725.613919295}},{"type":"MultiPolygon","arcs":[[[390,391,392,393]]],"properties":{"筆ID":"H000000146","version":"ver1.0","座標系":"任意座標系","測地系判別":null,"地図名":"開拓図４・方無去","地図番号":"開17-2","縮尺分母":"2500","市区町村コード":"01662","市区町村名":"厚岸郡厚岸町","大字コード":"622","丁目コード":"000","小字コード":"0000","予備コード":"00","大字名":"片無去","丁目名":null,"小字名":null,"予備名":null,"地番":"163-37","精度区分":null,"座標値種別":"図上測量","筆界未定構成筆":null,"代表点緯度":-249.589,"代表点経度":1966.019686025}},{"type":"MultiPolygon","arcs":[[[394,395,396]]],"properties":{"筆ID":"H000000147","version":"ver1.0","座標系":"任意座標系","測地系判別":null,"地図名":"開拓図４・方無去","地図番号":"開17-2","縮尺分母":"2500","市区町村コード":"01662","市区町村名":"厚岸郡厚岸町","大字コード":"622","丁目コード":"000","小字コード":"0000","予備コード":"00","大字名":"片無去","丁目名":null,"小字名":null,"予備名":null,"地番":"163-35","精度区分":null,"座標値種別":"図上測量","筆界未定構成筆":null,"代表点緯度":-285.475,"代表点経度":1970.736821814}},{"type":"MultiPolygon","arcs":[[[-396,397,398]]],"properties":{"筆ID":"H000000148","version":"ver1.0","座標系":"任意座標系","測地系判別":null,"地図名":"開拓図４・方無去","地図番号":"開17-2","縮尺分母":"2500","市区町村コード":"01662","市区町村名":"厚岸郡厚岸町","大字コード":"622","丁目コード":"000","小字コード":"0000","予備コード":"00","大字名":"片無去","丁目名":null,"小字名":null,"予備名":null,"地番":"163-43","精度区分":null,"座標値種別":"図上測量","筆界未定構成筆":null,"代表点緯度":-289.9385,"代表点経度":1933.989254479}},{"type":"MultiPolygon","arcs":[[[399,-397,400,-392]]],"properties":{"筆ID":"H000000149","version":"ver1.0","座標系":"任意座標系","測地系判別":null,"地図名":"開拓図４・方無去","地図番号":"開17-2","縮尺分母":"2500","市区町村コード":"01662","市区町村名":"厚岸郡厚岸町","大字コード":"622","丁目コード":"000","小字コード":"0000","予備コード":"00","大字名":"片無去","丁目名":null,"小字名":null,"予備名":null,"地番":"163-36","精度区分":null,"座標値種別":"図上測量","筆界未定構成筆":null,"代表点緯度":-267.587,"代表点経度":1968.385463934}},{"type":"MultiPolygon","arcs":[[[-401,-399,401,402]]],"properties":{"筆ID":"H000000150","version":"ver1.0","座標系":"任意座標系","測地系判別":null,"地図名":"開拓図４・方無去","地図番号":"開17-2","縮尺分母":"2500","市区町村コード":"01662","市区町村名":"厚岸郡厚岸町","大字コード":"622","丁目コード":"000","小字コード":"0000","予備コード":"00","大字名":"片無去","丁目名":null,"小字名":null,"予備名":null,"地番":"163-42","精度区分":null,"座標値種別":"図上測量","筆界未定構成筆":null,"代表点緯度":-272.0305,"代表点経度":1931.575442985}},{"type":"MultiPolygon","arcs":[[[-393,-403,403,404,405]]],"properties":{"筆ID":"H000000151","version":"ver1.0","座標系":"任意座標系","測地系判別":null,"地図名":"開拓図４・方無去","地図番号":"開17-2","縮尺分母":"2500","市区町村コード":"01662","市区町村名":"厚岸郡厚岸町","大字コード":"622","丁目コード":"000","小字コード":"0000","予備コード":"00","大字名":"片無去","丁目名":null,"小字名":null,"予備名":null,"地番":"163-41","精度区分":null,"座標値種別":"図上測量","筆界未定構成筆":null,"代表点緯度":-251.928,"代表点経度":1928.865984434}},{"type":"MultiPolygon","arcs":[[[406,-394,-406,407,408]]],"properties":{"筆ID":"H000000152","version":"ver1.0","座標系":"任意座標系","測地系判別":null,"地図名":"開拓図４・方無去","地図番号":"開17-2","縮尺分母":"2500","市区町村コード":"01662","市区町村名":"厚岸郡厚岸町","大字コード":"622","丁目コード":"000","小字コード":"0000","予備コード":"00","大字名":"片無去","丁目名":null,"小字名":null,"予備名":null,"地番":"163-38","精度区分":null,"座標値種別":"図上測量","筆界未定構成筆":null,"代表点緯度":-234.9335,"代表点経度":1964.093091837}},{"type":"MultiPolygon","arcs":[[[409,-409,410,411]]],"properties":{"筆ID":"H000000153","version":"ver1.0","座標系":"任意座標系","測地系判別":null,"地図名":"開拓図４・方無去","地図番号":"開17-2","縮尺分母":"2500","市区町村コード":"01662","市区町村名":"厚岸郡厚岸町","大字コード":"622","丁目コード":"000","小字コード":"0000","予備コード":"00","大字名":"片無去","丁目名":null,"小字名":null,"予備名":null,"地番":"163-39","精度区分":null,"座標値種別":"図上測量","筆界未定構成筆":null,"代表点緯度":-198.453,"代表点経度":1970.512536862}},{"type":"MultiPolygon","arcs":[[[412,-412,413]]],"properties":{"筆ID":"H000000154","version":"ver1.0","座標系":"任意座標系","測地系判別":null,"地図名":"開拓図４・方無去","地図番号":"開17-2","縮尺分母":"2500","市区町村コード":"01662","市区町村名":"厚岸郡厚岸町","大字コード":"622","丁目コード":"000","小字コード":"0000","予備コード":"00","大字名":"片無去","丁目名":null,"小字名":null,"予備名":null,"地番":"163-40","精度区分":null,"座標値種別":"図上測量","筆界未定構成筆":null,"代表点緯度":-176.9485,"代表点経度":1964.765439611}},{"type":"MultiPolygon","arcs":[[[414,415,416,417]]],"properties":{"筆ID":"H000000155","version":"ver1.0","座標系":"任意座標系","測地系判別":null,"地図名":"開拓図４・方無去","地図番号":"開17-2","縮尺分母":"2500","市区町村コード":"01662","市区町村名":"厚岸郡厚岸町","大字コード":"622","丁目コード":"000","小字コード":"0000","予備コード":"00","大字名":"片無去","丁目名":null,"小字名":null,"予備名":null,"地番":"163-3","精度区分":null,"座標値種別":"図上測量","筆界未定構成筆":null,"代表点緯度":-143.3415,"代表点経度":1998.994563793}},{"type":"MultiPolygon","arcs":[[[418,419,420,-415]]],"properties":{"筆ID":"H000000156","version":"ver1.0","座標系":"任意座標系","測地系判別":null,"地図名":"開拓図４・方無去","地図番号":"開17-2","縮尺分母":"2500","市区町村コード":"01662","市区町村名":"厚岸郡厚岸町","大字コード":"622","丁目コード":"000","小字コード":"0000","予備コード":"00","大字名":"片無去","丁目名":null,"小字名":null,"予備名":null,"地番":"163-4","精度区分":null,"座標値種別":"図上測量","筆界未定構成筆":null,"代表点緯度":-178.7145,"代表点経度":2001.618992024}},{"type":"MultiPolygon","arcs":[[[421,422,423,-420]]],"properties":{"筆ID":"H000000157","version":"ver1.0","座標系":"任意座標系","測地系判別":null,"地図名":"開拓図４・方無去","地図番号":"開17-2","縮尺分母":"2500","市区町村コード":"01662","市区町村名":"厚岸郡厚岸町","大字コード":"622","丁目コード":"000","小字コード":"0000","予備コード":"00","大字名":"片無去","丁目名":null,"小字名":null,"予備名":null,"地番":"163-5","精度区分":null,"座標値種別":"図上測量","筆界未定構成筆":null,"代表点緯度":-196.2935,"代表点経度":2003.9372777}},{"type":"MultiPolygon","arcs":[[[424,425,426,-423]]],"properties":{"筆ID":"H000000158","version":"ver1.0","座標系":"任意座標系","測地系判別":null,"地図名":"開拓図４・方無去","地図番号":"開17-2","縮尺分母":"2500","市区町村コード":"01662","市区町村名":"厚岸郡厚岸町","大字コード":"622","丁目コード":"000","小字コード":"0000","予備コード":"00","大字名":"片無去","丁目名":null,"小字名":null,"予備名":null,"地番":"163-6","精度区分":null,"座標値種別":"図上測量","筆界未定構成筆":null,"代表点緯度":-213.8675,"代表点経度":2006.254753601}},{"type":"MultiPolygon","arcs":[[[427,428,429,-426]]],"properties":{"筆ID":"H000000159","version":"ver1.0","座標系":"任意座標系","測地系判別":null,"地図名":"開拓図４・方無去","地図番号":"開17-2","縮尺分母":"2500","市区町村コード":"01662","市区町村名":"厚岸郡厚岸町","大字コード":"622","丁目コード":"000","小字コード":"0000","予備コード":"00","大字名":"片無去","丁目名":null,"小字名":null,"予備名":null,"地番":"163-7","精度区分":null,"座標値種別":"図上測量","筆界未定構成筆":null,"代表点緯度":-231.9235,"代表点経度":2008.636129551}},{"type":"MultiPolygon","arcs":[[[430,431,432,-429]]],"properties":{"筆ID":"H000000160","version":"ver1.0","座標系":"任意座標系","測地系判別":null,"地図名":"開拓図４・方無去","地図番号":"開17-2","縮尺分母":"2500","市区町村コード":"01662","市区町村名":"厚岸郡厚岸町","大字コード":"622","丁目コード":"000","小字コード":"0000","予備コード":"00","大字名":"片無去","丁目名":null,"小字名":null,"予備名":null,"地番":"163-8","精度区分":null,"座標値種別":"図上測量","筆界未定構成筆":null,"代表点緯度":-249.938,"代表点経度":2011.011860217}},{"type":"MultiPolygon","arcs":[[[433,434,435,-432]]],"properties":{"筆ID":"H000000161","version":"ver1.0","座標系":"任意座標系","測地系判別":null,"地図名":"開拓図４・方無去","地図番号":"開17-2","縮尺分母":"2500","市区町村コード":"01662","市区町村名":"厚岸郡厚岸町","大字コード":"622","丁目コード":"000","小字コード":"0000","予備コード":"00","大字名":"片無去","丁目名":null,"小字名":null,"予備名":null,"地番":"163-9","精度区分":null,"座標値種別":"図上測量","筆界未定構成筆":null,"代表点緯度":-268.3245,"代表点経度":2013.436840308}},{"type":"MultiPolygon","arcs":[[[436,437,-435,438]]],"properties":{"筆ID":"H000000162","version":"ver1.0","座標系":"任意座標系","測地系判別":null,"地図名":"開拓図４・方無去","地図番号":"開17-2","縮尺分母":"2500","市区町村コード":"01662","市区町村名":"厚岸郡厚岸町","大字コード":"622","丁目コード":"000","小字コード":"0000","予備コード":"00","大字名":"片無去","丁目名":null,"小字名":null,"予備名":null,"地番":"163-10","精度区分":null,"座標値種別":"図上測量","筆界未定構成筆":null,"代表点緯度":-285.3805,"代表点経度":2015.686190337}},{"type":"MultiPolygon","arcs":[[[439,440,441,442]]],"properties":{"筆ID":"H000000163","version":"ver1.0","座標系":"任意座標系","測地系判別":null,"地図名":"開拓図４・方無去","地図番号":"開17-2","縮尺分母":"2500","市区町村コード":"01662","市区町村名":"厚岸郡厚岸町","大字コード":"622","丁目コード":"000","小字コード":"0000","予備コード":"00","大字名":"片無去","丁目名":null,"小字名":null,"予備名":null,"地番":"163-17","精度区分":null,"座標値種別":"図上測量","筆界未定構成筆":null,"代表点緯度":-411.8465,"代表点経度":2032.365276916}},{"type":"MultiPolygon","arcs":[[[443,-442,444,445]]],"properties":{"筆ID":"H000000164","version":"ver1.0","座標系":"任意座標系","測地系判別":null,"地図名":"開拓図４・方無去","地図番号":"開17-2","縮尺分母":"2500","市区町村コード":"01662","市区町村名":"厚岸郡厚岸町","大字コード":"622","丁目コード":"000","小字コード":"0000","予備コード":"00","大字名":"片無去","丁目名":null,"小字名":null,"予備名":null,"地番":"163-16","精度区分":null,"座標値種別":"図上測量","筆界未定構成筆":null,"代表点緯度":-394.432,"代表点経度":2030.068511548}},{"type":"MultiPolygon","arcs":[[[446,-446,447,448]]],"properties":{"筆ID":"H000000165","version":"ver1.0","座標系":"任意座標系","測地系判別":null,"地図名":"開拓図４・方無去","地図番号":"開17-2","縮尺分母":"2500","市区町村コード":"01662","市区町村名":"厚岸郡厚岸町","大字コード":"622","丁目コード":"000","小字コード":"0000","予備コード":"00","大字名":"片無去","丁目名":null,"小字名":null,"予備名":null,"地番":"163-15","精度区分":null,"座標値種別":"図上測量","筆界未定構成筆":null,"代表点緯度":-376.2925,"代表点経度":2027.676238148}},{"type":"MultiPolygon","arcs":[[[449,-449,450,451]]],"properties":{"筆ID":"H000000166","version":"ver1.0","座標系":"任意座標系","測地系判別":null,"地図名":"開拓図４・方無去","地図番号":"開17-2","縮尺分母":"2500","市区町村コード":"01662","市区町村名":"厚岸郡厚岸町","大字コード":"622","丁目コード":"000","小字コード":"0000","予備コード":"00","大字名":"片無去","丁目名":null,"小字名":null,"予備名":null,"地番":"163-14","精度区分":null,"座標値種別":"図上測量","筆界未定構成筆":null,"代表点緯度":-358.047,"代表点経度":2025.269966907}},{"type":"MultiPolygon","arcs":[[[452,-452,453,454]]],"properties":{"筆ID":"H000000167","version":"ver1.0","座標系":"任意座標系","測地系判別":null,"地図名":"開拓図４・方無去","地図番号":"開17-2","縮尺分母":"2500","市区町村コード":"01662","市区町村名":"厚岸郡厚岸町","大字コード":"622","丁目コード":"000","小字コード":"0000","予備コード":"00","大字名":"片無去","丁目名":null,"小字名":null,"予備名":null,"地番":"163-13","精度区分":null,"座標値種別":"図上測量","筆界未定構成筆":null,"代表点緯度":-340.1705,"代表点経度":2022.912286166}},{"type":"MultiPolygon","arcs":[[[455,-455,456,457]]],"properties":{"筆ID":"H000000168","version":"ver1.0","座標系":"任意座標系","測地系判別":null,"地図名":"開拓図４・方無去","地図番号":"開17-2","縮尺分母":"2500","市区町村コード":"01662","市区町村名":"厚岸郡厚岸町","大字コード":"622","丁目コード":"000","小字コード":"0000","予備コード":"00","大字名":"片無去","丁目名":null,"小字名":null,"予備名":null,"地番":"163-12","精度区分":null,"座標値種別":"図上測量","筆界未定構成筆":null,"代表点緯度":-322.124,"代表点経度":2020.532115834}},{"type":"MultiPolygon","arcs":[[[458,-458,459,-437]]],"properties":{"筆ID":"H000000169","version":"ver1.0","座標系":"任意座標系","測地系判別":null,"地図名":"開拓図４・方無去","地図番号":"開17-2","縮尺分母":"2500","市区町村コード":"01662","市区町村名":"厚岸郡厚岸町","大字コード":"622","丁目コード":"000","小字コード":"0000","予備コード":"00","大字名":"片無去","丁目名":null,"小字名":null,"予備名":null,"地番":"163-11","精度区分":null,"座標値種別":"図上測量","筆界未定構成筆":null,"代表点緯度":-304.2975,"代表点経度":2018.180883846}},{"type":"MultiPolygon","arcs":[[[460,461,462]]],"properties":{"筆ID":"H000000170","version":"ver1.0","座標系":"任意座標系","測地系判別":null,"地図名":"開拓図４・方無去","地図番号":"開17-2","縮尺分母":"2500","市区町村コード":"01662","市区町村名":"厚岸郡厚岸町","大字コード":"622","丁目コード":"000","小字コード":"0000","予備コード":"00","大字名":"片無去","丁目名":null,"小字名":null,"予備名":null,"地番":"163-50","精度区分":null,"座標値種別":"図上測量","筆界未定構成筆":null,"代表点緯度":-422.0975,"代表点経度":1951.467843433}},{"type":"MultiPolygon","arcs":[[[463,-463,464,465]]],"properties":{"筆ID":"H000000171","version":"ver1.0","座標系":"任意座標系","測地系判別":null,"地図名":"開拓図４・方無去","地図番号":"開17-2","縮尺分母":"2500","市区町村コード":"01662","市区町村名":"厚岸郡厚岸町","大字コード":"622","丁目コード":"000","小字コード":"0000","予備コード":"00","大字名":"片無去","丁目名":null,"小字名":null,"予備名":null,"地番":"163-49","精度区分":null,"座標値種別":"図上測量","筆界未定構成筆":null,"代表点緯度":-403.671,"代表点経度":1949.07258497}},{"type":"MultiPolygon","arcs":[[[466,-461,467]]],"properties":{"筆ID":"H000000172","version":"ver1.0","座標系":"任意座標系","測地系判別":null,"地図名":"開拓図４・方無去","地図番号":"開17-2","縮尺分母":"2500","市区町村コード":"01662","市区町村名":"厚岸郡厚岸町","大字コード":"622","丁目コード":"000","小字コード":"0000","予備コード":"00","大字名":"片無去","丁目名":null,"小字名":null,"予備名":null,"地番":"163-28","精度区分":null,"座標値種別":"図上測量","筆界未定構成筆":null,"代表点緯度":-417.621,"代表点経度":1987.795033599}},{"type":"MultiPolygon","arcs":[[[468,-466,469,470]]],"properties":{"筆ID":"H000000173","version":"ver1.0","座標系":"任意座標系","測地系判別":null,"地図名":"開拓図４・方無去","地図番号":"開17-2","縮尺分母":"2500","市区町村コード":"01662","市区町村名":"厚岸郡厚岸町","大字コード":"622","丁目コード":"000","小字コード":"0000","予備コード":"00","大字名":"片無去","丁目名":null,"小字名":null,"予備名":null,"地番":"163-48","精度区分":null,"座標値種別":"図上測量","筆界未定構成筆":null,"代表点緯度":-385.565,"代表点経度":1946.719341898}},{"type":"MultiPolygon","arcs":[[[471,-468,-464,472]]],"properties":{"筆ID":"H000000174","version":"ver1.0","座標系":"任意座標系","測地系判別":null,"地図名":"開拓図４・方無去","地図番号":"開17-2","縮尺分母":"2500","市区町村コード":"01662","市区町村名":"厚岸郡厚岸町","大字コード":"622","丁目コード":"000","小字コード":"0000","予備コード":"00","大字名":"片無去","丁目名":null,"小字名":null,"予備名":null,"地番":"163-29","精度区分":null,"座標値種別":"図上測量","筆界未定構成筆":null,"代表点緯度":-399.505,"代表点経度":1985.500522671}},{"type":"MultiPolygon","arcs":[[[473,-473,-469,474]]],"properties":{"筆ID":"H000000175","version":"ver1.0","座標系":"任意座標系","測地系判別":null,"地図名":"開拓図４・方無去","地図番号":"開17-2","縮尺分母":"2500","市区町村コード":"01662","市区町村名":"厚岸郡厚岸町","大字コード":"622","丁目コード":"000","小字コード":"0000","予備コード":"00","大字名":"片無去","丁目名":null,"小字名":null,"予備名":null,"地番":"163-30","精度区分":null,"座標値種別":"図上測量","筆界未定構成筆":null,"代表点緯度":-381.379,"代表点経度":1983.204825634}},{"type":"MultiPolygon","arcs":[[[475,-471,476,477]]],"properties":{"筆ID":"H000000176","version":"ver1.0","座標系":"任意座標系","測地系判別":null,"地図名":"開拓図４・方無去","地図番号":"開17-2","縮尺分母":"2500","市区町村コード":"01662","市区町村名":"厚岸郡厚岸町","大字コード":"622","丁目コード":"000","小字コード":"0000","予備コード":"00","大字名":"片無去","丁目名":null,"小字名":null,"予備名":null,"地番":"163-47","精度区分":null,"座標値種別":"図上測量","筆界未定構成筆":null,"代表点緯度":-367.2655,"代表点経度":1944.34085039}},{"type":"MultiPolygon","arcs":[[[478,-475,-476,479]]],"properties":{"筆ID":"H000000177","version":"ver1.0","座標系":"任意座標系","測地系判別":null,"地図名":"開拓図４・方無去","地図番号":"開17-2","縮尺分母":"2500","市区町村コード":"01662","市区町村名":"厚岸郡厚岸町","大字コード":"622","丁目コード":"000","小字コード":"0000","予備コード":"00","大字名":"片無去","丁目名":null,"小字名":null,"予備名":null,"地番":"163-31","精度区分":null,"座標値種別":"図上測量","筆界未定構成筆":null,"代表点緯度":-363.092,"代表点経度":1980.888684761}},{"type":"MultiPolygon","arcs":[[[480,-478,481,482]]],"properties":{"筆ID":"H000000178","version":"ver1.0","座標系":"任意座標系","測地系判別":null,"地図名":"開拓図４・方無去","地図番号":"開17-2","縮尺分母":"2500","市区町村コード":"01662","市区町村名":"厚岸郡厚岸町","大字コード":"622","丁目コード":"000","小字コード":"0000","予備コード":"00","大字名":"片無去","丁目名":null,"小字名":null,"予備名":null,"地番":"163-46","精度区分":null,"座標値種別":"図上測量","筆界未定構成筆":null,"代表点緯度":-349.3535,"代表点経度":1942.012384737}},{"type":"MultiPolygon","arcs":[[[483,-480,-481,484]]],"properties":{"筆ID":"H000000179","version":"ver1.0","座標系":"任意座標系","測地系判別":null,"地図名":"開拓図４・方無去","地図番号":"開17-2","縮尺分母":"2500","市区町村コード":"01662","市区町村名":"厚岸郡厚岸町","大字コード":"622","丁目コード":"000","小字コード":"0000","予備コード":"00","大字名":"片無去","丁目名":null,"小字名":null,"予備名":null,"地番":"163-32","精度区分":null,"座標値種別":"図上測量","筆界未定構成筆":null,"代表点緯度":-345.1905,"代表点経度":1978.621348437}},{"type":"MultiPolygon","arcs":[[[485,-483,486,487]]],"properties":{"筆ID":"H000000180","version":"ver1.0","座標系":"任意座標系","測地系判別":null,"地図名":"開拓図４・方無去","地図番号":"開17-2","縮尺分母":"2500","市区町村コード":"01662","市区町村名":"厚岸郡厚岸町","大字コード":"622","丁目コード":"000","小字コード":"0000","予備コード":"00","大字名":"片無去","丁目名":null,"小字名":null,"予備名":null,"地番":"163-45","精度区分":null,"座標値種別":"図上測量","筆界未定構成筆":null,"代表点緯度":-331.5005,"代表点経度":1939.691868695}},{"type":"MultiPolygon","arcs":[[[488,-485,-486,489]]],"properties":{"筆ID":"H000000181","version":"ver1.0","座標系":"任意座標系","測地系判別":null,"地図名":"開拓図４・方無去","地図番号":"開17-2","縮尺分母":"2500","市区町村コード":"01662","市区町村名":"厚岸郡厚岸町","大字コード":"622","丁目コード":"000","小字コード":"0000","予備コード":"00","大字名":"片無去","丁目名":null,"小字名":null,"予備名":null,"地番":"163-33","精度区分":null,"座標値種別":"図上測量","筆界未定構成筆":null,"代表点緯度":-327.24,"代表点経度":1976.3477333}},{"type":"MultiPolygon","arcs":[[[490,-488,491]]],"properties":{"筆ID":"H000000182","version":"ver1.0","座標系":"任意座標系","測地系判別":null,"地図名":"開拓図４・方無去","地図番号":"開17-2","縮尺分母":"2500","市区町村コード":"01662","市区町村名":"厚岸郡厚岸町","大字コード":"622","丁目コード":"000","小字コード":"0000","予備コード":"00","大字名":"片無去","丁目名":null,"小字名":null,"予備名":null,"地番":"163-44","精度区分":null,"座標値種別":"図上測量","筆界未定構成筆":null,"代表点緯度":-313.712,"代表点経度":1937.37954999}},{"type":"MultiPolygon","arcs":[[[-490,-491,492]]],"properties":{"筆ID":"H000000183","version":"ver1.0","座標系":"任意座標系","測地系判別":null,"地図名":"開拓図４・方無去","地図番号":"開17-2","縮尺分母":"2500","市区町村コード":"01662","市区町村名":"厚岸郡厚岸町","大字コード":"622","丁目コード":"000","小字コード":"0000","予備コード":"00","大字名":"片無去","丁目名":null,"小字名":null,"予備名":null,"地番":"163-34","精度区分":null,"座標値種別":"図上測量","筆界未定構成筆":null,"代表点緯度":-309.4255,"代表点経度":1974.091680471}},{"type":"MultiPolygon","arcs":[[[493,494,495,496]]],"properties":{"筆ID":"H000000184","version":"ver1.0","座標系":"任意座標系","測地系判別":null,"地図名":"開拓図４・方無去","地図番号":"開17-2","縮尺分母":"2500","市区町村コード":"01662","市区町村名":"厚岸郡厚岸町","大字コード":"622","丁目コード":"000","小字コード":"0000","予備コード":"00","大字名":"片無去","丁目名":null,"小字名":null,"予備名":null,"地番":"163-20","精度区分":null,"座標値種別":"図上測量","筆界未定構成筆":null,"代表点緯度":-467.0975,"代表点経度":2039.651949456}},{"type":"MultiPolygon","arcs":[[[497,-497,498,499]]],"properties":{"筆ID":"H000000185","version":"ver1.0","座標系":"任意座標系","測地系判別":null,"地図名":"開拓図４・方無去","地図番号":"開17-2","縮尺分母":"2500","市区町村コード":"01662","市区町村名":"厚岸郡厚岸町","大字コード":"622","丁目コード":"000","小字コード":"0000","予備コード":"00","大字名":"片無去","丁目名":null,"小字名":null,"予備名":null,"地番":"163-19","精度区分":null,"座標値種別":"図上測量","筆界未定構成筆":null,"代表点緯度":-448.5985,"代表点経度":2037.212420803}},{"type":"MultiPolygon","arcs":[[[500,-500,501,-440]]],"properties":{"筆ID":"H000000186","version":"ver1.0","座標系":"任意座標系","測地系判別":null,"地図名":"開拓図４・方無去","地図番号":"開17-2","縮尺分母":"2500","市区町村コード":"01662","市区町村名":"厚岸郡厚岸町","大字コード":"622","丁目コード":"000","小字コード":"0000","予備コード":"00","大字名":"片無去","丁目名":null,"小字名":null,"予備名":null,"地番":"163-18","精度区分":null,"座標値種別":"図上測量","筆界未定構成筆":null,"代表点緯度":-430.1605,"代表点経度":2034.780622374}},{"type":"MultiPolygon","arcs":[[[502,503,-495]]],"properties":{"筆ID":"H000000187","version":"ver1.0","座標系":"任意座標系","測地系判別":null,"地図名":"開拓図４・方無去","地図番号":"開17-2","縮尺分母":"2500","市区町村コード":"01662","市区町村名":"厚岸郡厚岸町","大字コード":"622","丁目コード":"000","小字コード":"0000","予備コード":"00","大字名":"片無去","丁目名":null,"小字名":null,"予備名":null,"地番":"163-21","精度区分":null,"座標値種別":"図上測量","筆界未定構成筆":null,"代表点緯度":-506.917,"代表点経度":2035.16702551}},{"type":"MultiPolygon","arcs":[[[504,505,506,507]]],"properties":{"筆ID":"H000000188","version":"ver1.0","座標系":"任意座標系","測地系判別":null,"地図名":"開拓図４・方無去","地図番号":"開17-2","縮尺分母":"2500","市区町村コード":"01662","市区町村名":"厚岸郡厚岸町","大字コード":"622","丁目コード":"000","小字コード":"0000","予備コード":"00","大字名":"片無去","丁目名":null,"小字名":null,"予備名":null,"地番":"163-57","精度区分":null,"座標値種別":"図上測量","筆界未定構成筆":null,"代表点緯度":-561.245,"代表点経度":1971.709433581}},{"type":"MultiPolygon","arcs":[[[508,509,-505,510,511]]],"properties":{"筆ID":"H000000189","version":"ver1.0","座標系":"任意座標系","測地系判別":null,"地図名":"開拓図４・方無去","地図番号":"開17-2","縮尺分母":"2500","市区町村コード":"01662","市区町村名":"厚岸郡厚岸町","大字コード":"622","丁目コード":"000","小字コード":"0000","予備コード":"00","大字名":"片無去","丁目名":null,"小字名":null,"予備名":null,"地番":"163-22","精度区分":null,"座標値種別":"図上測量","筆界未定構成筆":null,"代表点緯度":-558.8075,"代表点経度":1995.582677465}},{"type":"MultiPolygon","arcs":[[[-511,-508,512,513]]],"properties":{"筆ID":"H000000190","version":"ver1.0","座標系":"任意座標系","測地系判別":null,"地図名":"開拓図４・方無去","地図番号":"開17-2","縮尺分母":"2500","市区町村コード":"01662","市区町村名":"厚岸郡厚岸町","大字コード":"622","丁目コード":"000","小字コード":"0000","予備コード":"00","大字名":"片無去","丁目名":null,"小字名":null,"予備名":null,"地番":"163-56","精度区分":null,"座標値種別":"図上測量","筆界未定構成筆":null,"代表点緯度":-539.883,"代表点経度":1968.770591845}},{"type":"MultiPolygon","arcs":[[[514,-514,515,516]]],"properties":{"筆ID":"H000000191","version":"ver1.0","座標系":"任意座標系","測地系判別":null,"地図名":"開拓図４・方無去","地図番号":"開17-2","縮尺分母":"2500","市区町村コード":"01662","市区町村名":"厚岸郡厚岸町","大字コード":"622","丁目コード":"000","小字コード":"0000","予備コード":"00","大字名":"片無去","丁目名":null,"小字名":null,"予備名":null,"地番":"163-55","精度区分":null,"座標値種別":"図上測量","筆界未定構成筆":null,"代表点緯度":-521.693,"代表点経度":1966.268181106}},{"type":"MultiPolygon","arcs":[[[517,-517,518,519]]],"properties":{"筆ID":"H000000192","version":"ver1.0","座標系":"任意座標系","測地系判別":null,"地図名":"開拓図４・方無去","地図番号":"開17-2","縮尺分母":"2500","市区町村コード":"01662","市区町村名":"厚岸郡厚岸町","大字コード":"622","丁目コード":"000","小字コード":"0000","予備コード":"00","大字名":"片無去","丁目名":null,"小字名":null,"予備名":null,"地番":"163-54","精度区分":null,"座標値種別":"図上測量","筆界未定構成筆":null,"代表点緯度":-503.4175,"代表点経度":1963.753698227}},{"type":"MultiPolygon","arcs":[[[520,-512,-515,521]]],"properties":{"筆ID":"H000000193","version":"ver1.0","座標系":"任意座標系","測地系判別":null,"地図名":"開拓図４・方無去","地図番号":"開17-2","縮尺分母":"2500","市区町村コード":"01662","市区町村名":"厚岸郡厚岸町","大字コード":"622","丁目コード":"000","小字コード":"0000","予備コード":"00","大字名":"片無去","丁目名":null,"小字名":null,"予備名":null,"地番":"163-23","精度区分":null,"座標値種別":"図上測量","筆界未定構成筆":null,"代表点緯度":-516.815,"代表点経度":2002.175514916}},{"type":"MultiPolygon","arcs":[[[522,-522,-518,523]]],"properties":{"筆ID":"H000000194","version":"ver1.0","座標系":"任意座標系","測地系判別":null,"地図名":"開拓図４・方無去","地図番号":"開17-2","縮尺分母":"2500","市区町村コード":"01662","市区町村名":"厚岸郡厚岸町","大字コード":"622","丁目コード":"000","小字コード":"0000","予備コード":"00","大字名":"片無去","丁目名":null,"小字名":null,"予備名":null,"地番":"163-24","精度区分":null,"座標値種別":"図上測量","筆界未定構成筆":null,"代表点緯度":-498.598,"代表点経度":1999.729735019}},{"type":"MultiPolygon","arcs":[[[524,-520,525,526]]],"properties":{"筆ID":"H000000195","version":"ver1.0","座標系":"任意座標系","測地系判別":null,"地図名":"開拓図４・方無去","地図番号":"開17-2","縮尺分母":"2500","市区町村コード":"01662","市区町村名":"厚岸郡厚岸町","大字コード":"622","丁目コード":"000","小字コード":"0000","予備コード":"00","大字名":"片無去","丁目名":null,"小字名":null,"予備名":null,"地番":"163-53","精度区分":null,"座標値種別":"図上測量","筆界未定構成筆":null,"代表点緯度":-485.3935,"代表点経度":1961.273984133}},{"type":"MultiPolygon","arcs":[[[527,-524,-525,528]]],"properties":{"筆ID":"H000000196","version":"ver1.0","座標系":"任意座標系","測地系判別":null,"地図名":"開拓図４・方無去","地図番号":"開17-2","縮尺分母":"2500","市区町村コード":"01662","市区町村名":"厚岸郡厚岸町","大字コード":"622","丁目コード":"000","小字コード":"0000","予備コード":"00","大字名":"片無去","丁目名":null,"小字名":null,"予備名":null,"地番":"163-25","精度区分":null,"座標値種別":"図上測量","筆界未定構成筆":null,"代表点緯度":-480.519,"代表点経度":1997.302694846}},{"type":"MultiPolygon","arcs":[[[529,-527,530,531]]],"properties":{"筆ID":"H000000197","version":"ver1.0","座標系":"任意座標系","測地系判別":null,"地図名":"開拓図４・方無去","地図番号":"開17-2","縮尺分母":"2500","市区町村コード":"01662","市区町村名":"厚岸郡厚岸町","大字コード":"622","丁目コード":"000","小字コード":"0000","予備コード":"00","大字名":"片無去","丁目名":null,"小字名":null,"予備名":null,"地番":"163-52","精度区分":null,"座標値種別":"図上測量","筆界未定構成筆":null,"代表点緯度":-467.283,"代表点経度":1958.782528286}},{"type":"MultiPolygon","arcs":[[[532,-529,-530,533]]],"properties":{"筆ID":"H000000198","version":"ver1.0","座標系":"任意座標系","測地系判別":null,"地図名":"開拓図４・方無去","地図番号":"開17-2","縮尺分母":"2500","市区町村コード":"01662","市区町村名":"厚岸郡厚岸町","大字コード":"622","丁目コード":"000","小字コード":"0000","予備コード":"00","大字名":"片無去","丁目名":null,"小字名":null,"予備名":null,"地番":"163-26","精度区分":null,"座標値種別":"図上測量","筆界未定構成筆":null,"代表点緯度":-462.256,"代表点経度":1994.850961246}},{"type":"MultiPolygon","arcs":[[[534,-532,535]]],"properties":{"筆ID":"H000000199","version":"ver1.0","座標系":"任意座標系","測地系判別":null,"地図名":"開拓図４・方無去","地図番号":"開17-2","縮尺分母":"2500","市区町村コード":"01662","市区町村名":"厚岸郡厚岸町","大字コード":"622","丁目コード":"000","小字コード":"0000","予備コード":"00","大字名":"片無去","丁目名":null,"小字名":null,"予備名":null,"地番":"163-51","精度区分":null,"座標値種別":"図上測量","筆界未定構成筆":null,"代表点緯度":-448.5225,"代表点経度":1956.201585416}},{"type":"MultiPolygon","arcs":[[[-534,-535,536]]],"properties":{"筆ID":"H000000200","version":"ver1.0","座標系":"任意座標系","測地系判別":null,"地図名":"開拓図４・方無去","地図番号":"開17-2","縮尺分母":"2500","市区町村コード":"01662","市区町村名":"厚岸郡厚岸町","大字コード":"622","丁目コード":"000","小字コード":"0000","予備コード":"00","大字名":"片無去","丁目名":null,"小字名":null,"予備名":null,"地番":"163-27","精度区分":null,"座標値種別":"図上測量","筆界未定構成筆":null,"代表点緯度":-443.7875,"代表点経度":1992.37177164}},{"type":"MultiPolygon","arcs":[[[537,538,539]]],"properties":{"筆ID":"H000000201","version":"ver1.0","座標系":"任意座標系","測地系判別":null,"地図名":"開拓図４・方無去","地図番号":"開16-2","縮尺分母":"2500","市区町村コード":"01662","市区町村名":"厚岸郡厚岸町","大字コード":"622","丁目コード":"000","小字コード":"0000","予備コード":"00","大字名":"片無去","丁目名":null,"小字名":null,"予備名":null,"地番":"160-287","精度区分":null,"座標値種別":"図上測量","筆界未定構成筆":null,"代表点緯度":-593.8125,"代表点経度":1040.028442506}},{"type":"MultiPolygon","arcs":[[[540,541,-538,542]]],"properties":{"筆ID":"H000000202","version":"ver1.0","座標系":"任意座標系","測地系判別":null,"地図名":"開拓図４・方無去","地図番号":"開16-2","縮尺分母":"2500","市区町村コード":"01662","市区町村名":"厚岸郡厚岸町","大字コード":"622","丁目コード":"000","小字コード":"0000","予備コード":"00","大字名":"片無去","丁目名":null,"小字名":null,"予備名":null,"地番":"160-286","精度区分":null,"座標値種別":"図上測量","筆界未定構成筆":null,"代表点緯度":-588.2755,"代表点経度":1061.858114527}},{"type":"MultiPolygon","arcs":[[[543,-540,544]]],"properties":{"筆ID":"H000000203","version":"ver1.0","座標系":"任意座標系","測地系判別":null,"地図名":"開拓図４・方無去","地図番号":"開16-2","縮尺分母":"2500","市区町村コード":"01662","市区町村名":"厚岸郡厚岸町","大字コード":"622","丁目コード":"000","小字コード":"0000","予備コード":"00","大字名":"片無去","丁目名":null,"小字名":null,"予備名":null,"地番":"160-240","精度区分":null,"座標値種別":"図上測量","筆界未定構成筆":null,"代表点緯度":-558.8205,"代表点経度":1031.160575244}},{"type":"MultiPolygon","arcs":[[[545,546,-541,547]]],"properties":{"筆ID":"H000000204","version":"ver1.0","座標系":"任意座標系","測地系判別":null,"地図名":"開拓図４・方無去","地図番号":"開16-2","縮尺分母":"2500","市区町村コード":"01662","市区町村名":"厚岸郡厚岸町","大字コード":"622","丁目コード":"000","小字コード":"0000","予備コード":"00","大字名":"片無去","丁目名":null,"小字名":null,"予備名":null,"地番":"160-285","精度区分":null,"座標値種別":"図上測量","筆界未定構成筆":null,"代表点緯度":-582.6775,"代表点経度":1084.061937831}},{"type":"MultiPolygon","arcs":[[[548,-543,-544,549]]],"properties":{"筆ID":"H000000205","version":"ver1.0","座標系":"任意座標系","測地系判別":null,"地図名":"開拓図４・方無去","地図番号":"開16-2","縮尺分母":"2500","市区町村コード":"01662","市区町村名":"厚岸郡厚岸町","大字コード":"622","丁目コード":"000","小字コード":"0000","予備コード":"00","大字名":"片無去","丁目名":null,"小字名":null,"予備名":null,"地番":"160-241","精度区分":null,"座標値種別":"図上測量","筆界未定構成筆":null,"代表点緯度":-553.3365,"代表点経度":1053.083864864}},{"type":"MultiPolygon","arcs":[[[550,551,-546,552]]],"properties":{"筆ID":"H000000206","version":"ver1.0","座標系":"任意座標系","測地系判別":null,"地図名":"開拓図４・方無去","地図番号":"開16-2","縮尺分母":"2500","市区町村コード":"01662","市区町村名":"厚岸郡厚岸町","大字コード":"622","丁目コード":"000","小字コード":"0000","予備コード":"00","大字名":"片無去","丁目名":null,"小字名":null,"予備名":null,"地番":"160-284","精度区分":null,"座標値種別":"図上測量","筆界未定構成筆":null,"代表点緯度":-577.1665,"代表点経度":1105.845003207}},{"type":"MultiPolygon","arcs":[[[553,-548,-549,554]]],"properties":{"筆ID":"H000000207","version":"ver1.0","座標系":"任意座標系","測地系判別":null,"地図名":"開拓図４・方無去","地図番号":"開16-2","縮尺分母":"2500","市区町村コード":"01662","市区町村名":"厚岸郡厚岸町","大字コード":"622","丁目コード":"000","小字コード":"0000","予備コード":"00","大字名":"片無去","丁目名":null,"小字名":null,"予備名":null,"地番":"160-242","精度区分":null,"座標値種別":"図上測量","筆界未定構成筆":null,"代表点緯度":-547.814,"代表点経度":1075.295603957}},{"type":"MultiPolygon","arcs":[[[555,556,-551,557]]],"properties":{"筆ID":"H000000208","version":"ver1.0","座標系":"任意座標系","測地系判別":null,"地図名":"開拓図４・方無去","地図番号":"開16-2","縮尺分母":"2500","市区町村コード":"01662","市区町村名":"厚岸郡厚岸町","大字コード":"622","丁目コード":"000","小字コード":"0000","予備コード":"00","大字名":"片無去","丁目名":null,"小字名":null,"予備名":null,"地番":"160-283","精度区分":null,"座標値種別":"図上測量","筆界未定構成筆":null,"代表点緯度":-571.652,"代表点経度":1127.65626731}},{"type":"MultiPolygon","arcs":[[[558,-553,-554,559]]],"properties":{"筆ID":"H000000209","version":"ver1.0","座標系":"任意座標系","測地系判別":null,"地図名":"開拓図４・方無去","地図番号":"開16-2","縮尺分母":"2500","市区町村コード":"01662","市区町村名":"厚岸郡厚岸町","大字コード":"622","丁目コード":"000","小字コード":"0000","予備コード":"00","大字名":"片無去","丁目名":null,"小字名":null,"予備名":null,"地番":"160-243","精度区分":null,"座標値種別":"図上測量","筆界未定構成筆":null,"代表点緯度":-542.3695,"代表点経度":1097.118049159}},{"type":"MultiPolygon","arcs":[[[560,561,-556,562]]],"properties":{"筆ID":"H000000210","version":"ver1.0","座標系":"任意座標系","測地系判別":null,"地図名":"開拓図４・方無去","地図番号":"開16-2","縮尺分母":"2500","市区町村コード":"01662","市区町村名":"厚岸郡厚岸町","大字コード":"622","丁目コード":"000","小字コード":"0000","予備コード":"00","大字名":"片無去","丁目名":null,"小字名":null,"予備名":null,"地番":"160-282","精度区分":null,"座標値種別":"図上測量","筆界未定構成筆":null,"代表点緯度":-566.0795,"代表点経度":1149.762450009}},{"type":"MultiPolygon","arcs":[[[563,-558,-559,564]]],"properties":{"筆ID":"H000000211","version":"ver1.0","座標系":"任意座標系","測地系判別":null,"地図名":"開拓図４・方無去","地図番号":"開16-2","縮尺分母":"2500","市区町村コード":"01662","市区町村名":"厚岸郡厚岸町","大字コード":"622","丁目コード":"000","小字コード":"0000","予備コード":"00","大字名":"片無去","丁目名":null,"小字名":null,"予備名":null,"地番":"160-244","精度区分":null,"座標値種別":"図上測量","筆界未定構成筆":null,"代表点緯度":-536.947,"代表点経度":1118.865519142}},{"type":"MultiPolygon","arcs":[[[565,-561,566]]],"properties":{"筆ID":"H000000212","version":"ver1.0","座標系":"任意座標系","測地系判別":null,"地図名":"開拓図４・方無去","地図番号":"開16-2","縮尺分母":"2500","市区町村コード":"01662","市区町村名":"厚岸郡厚岸町","大字コード":"622","丁目コード":"000","小字コード":"0000","予備コード":"00","大字名":"片無去","丁目名":null,"小字名":null,"予備名":null,"地番":"160-281","精度区分":"乙三","座標値種別":"図上測量","筆界未定構成筆":null,"代表点緯度":-560.599,"代表点経度":1171.458778718}},{"type":"MultiPolygon","arcs":[[[567,-563,-564,568]]],"properties":{"筆ID":"H000000213","version":"ver1.0","座標系":"任意座標系","測地系判別":null,"地図名":"開拓図４・方無去","地図番号":"開16-2","縮尺分母":"2500","市区町村コード":"01662","市区町村名":"厚岸郡厚岸町","大字コード":"622","丁目コード":"000","小字コード":"0000","予備コード":"00","大字名":"片無去","丁目名":null,"小字名":null,"予備名":null,"地番":"160-245","精度区分":null,"座標値種別":"図上測量","筆界未定構成筆":null,"代表点緯度":-531.4475,"代表点経度":1140.99017665}},{"type":"MultiPolygon","arcs":[[[-567,-568,569]]],"properties":{"筆ID":"H000000214","version":"ver1.0","座標系":"任意座標系","測地系判別":null,"地図名":"開拓図４・方無去","地図番号":"開16-2","縮尺分母":"2500","市区町村コード":"01662","市区町村名":"厚岸郡厚岸町","大字コード":"622","丁目コード":"000","小字コード":"0000","予備コード":"00","大字名":"片無去","丁目名":null,"小字名":null,"予備名":null,"地番":"160-246","精度区分":null,"座標値種別":"図上測量","筆界未定構成筆":null,"代表点緯度":-526.01,"代表点経度":1162.815715995}},{"type":"MultiPolygon","arcs":[[[570,571,572]]],"properties":{"筆ID":"H000000215","version":"ver1.0","座標系":"任意座標系","測地系判別":null,"地図名":"開拓図４・方無去","地図番号":"開16-2","縮尺分母":"2500","市区町村コード":"01662","市区町村名":"厚岸郡厚岸町","大字コード":"622","丁目コード":"000","小字コード":"0000","予備コード":"00","大字名":"片無去","丁目名":null,"小字名":null,"予備名":null,"地番":"160-232","精度区分":null,"座標値種別":"図上測量","筆界未定構成筆":null,"代表点緯度":-587.3895,"代表点経度":874.85486608}},{"type":"MultiPolygon","arcs":[[[573,574,-571,575]]],"properties":{"筆ID":"H000000216","version":"ver1.0","座標系":"任意座標系","測地系判別":null,"地図名":"開拓図４・方無去","地図番号":"開16-2","縮尺分母":"2500","市区町村コード":"01662","市区町村名":"厚岸郡厚岸町","大字コード":"622","丁目コード":"000","小字コード":"0000","予備コード":"00","大字名":"片無去","丁目名":null,"小字名":null,"予備名":null,"地番":"160-233","精度区分":null,"座標値種別":"図上測量","筆界未定構成筆":null,"代表点緯度":-586.4255,"代表点経度":914.64444142}},{"type":"MultiPolygon","arcs":[[[576,577,-574,578]]],"properties":{"筆ID":"H000000217","version":"ver1.0","座標系":"任意座標系","測地系判別":null,"地図名":"開拓図４・方無去","地図番号":"開16-2","縮尺分母":"2500","市区町村コード":"01662","市区町村名":"厚岸郡厚岸町","大字コード":"622","丁目コード":"000","小字コード":"0000","予備コード":"00","大字名":"片無去","丁目名":null,"小字名":null,"予備名":null,"地番":"160-234","精度区分":null,"座標値種別":"図上測量","筆界未定構成筆":null,"代表点緯度":-585.962,"代表点経度":938.500833823}},{"type":"MultiPolygon","arcs":[[[579,580,-577,581,582,583]]],"properties":{"筆ID":"H000000218","version":"ver1.0","座標系":"任意座標系","測地系判別":null,"地図名":"開拓図４・方無去","地図番号":"開16-2","縮尺分母":"2500","市区町村コード":"01662","市区町村名":"厚岸郡厚岸町","大字コード":"622","丁目コード":"000","小字コード":"0000","予備コード":"00","大字名":"片無去","丁目名":null,"小字名":null,"予備名":null,"地番":"160-235","精度区分":null,"座標値種別":"図上測量","筆界未定構成筆":null,"代表点緯度":-576.296,"代表点経度":959.967394377}},{"type":"MultiPolygon","arcs":[[[584,585,-580,586]]],"properties":{"筆ID":"H000000219","version":"ver1.0","座標系":"任意座標系","測地系判別":null,"地図名":"開拓図４・方無去","地図番号":"開16-2","縮尺分母":"2500","市区町村コード":"01662","市区町村名":"厚岸郡厚岸町","大字コード":"622","丁目コード":"000","小字コード":"0000","予備コード":"00","大字名":"片無去","丁目名":null,"小字名":null,"予備名":null,"地番":"160-239","精度区分":null,"座標値種別":"図上測量","筆界未定構成筆":null,"代表点緯度":-611.3395,"代表点経度":1003.618634947}},{"type":"MultiPolygon","arcs":[[[587,588,589]]],"properties":{"筆ID":"H000000220","version":"ver1.0","座標系":"任意座標系","測地系判別":null,"地図名":"開拓図４・方無去","地図番号":"開16-2","縮尺分母":"2500","市区町村コード":"01662","市区町村名":"厚岸郡厚岸町","大字コード":"622","丁目コード":"000","小字コード":"0000","予備コード":"00","大字名":"片無去","丁目名":null,"小字名":null,"予備名":null,"地番":"160-288","精度区分":null,"座標値種別":"図上測量","筆界未定構成筆":null,"代表点緯度":-615.7035,"代表点経度":1065.266356852}},{"type":"MultiPolygon","arcs":[[[590,591,-588,592]]],"properties":{"筆ID":"H000000221","version":"ver1.0","座標系":"任意座標系","測地系判別":null,"地図名":"開拓図４・方無去","地図番号":"開16-2","縮尺分母":"2500","市区町村コード":"01662","市区町村名":"厚岸郡厚岸町","大字コード":"622","丁目コード":"000","小字コード":"0000","予備コード":"00","大字名":"片無去","丁目名":null,"小字名":null,"予備名":null,"地番":"160-289","精度区分":null,"座標値種別":"図上測量","筆界未定構成筆":null,"代表点緯度":-621.2375,"代表点経度":1093.167436034}},{"type":"MultiPolygon","arcs":[[[593,594,-591,595]]],"properties":{"筆ID":"H000000222","version":"ver1.0","座標系":"任意座標系","測地系判別":null,"地図名":"開拓図４・方無去","地図番号":"開16-2","縮尺分母":"2500","市区町村コード":"01662","市区町村名":"厚岸郡厚岸町","大字コード":"622","丁目コード":"000","小字コード":"0000","予備コード":"00","大字名":"片無去","丁目名":null,"小字名":null,"予備名":null,"地番":"160-290","精度区分":null,"座標値種別":"図上測量","筆界未定構成筆":null,"代表点緯度":-620.7845,"代表点経度":1116.429163935}},{"type":"MultiPolygon","arcs":[[[596,597,-594,598,599,600]]],"properties":{"筆ID":"H000000223","version":"ver1.0","座標系":"任意座標系","測地系判別":null,"地図名":"開拓図４・方無去","地図番号":"開16-2","縮尺分母":"2500","市区町村コード":"01662","市区町村名":"厚岸郡厚岸町","大字コード":"622","丁目コード":"000","小字コード":"0000","予備コード":"00","大字名":"片無去","丁目名":null,"小字名":null,"予備名":null,"地番":"160-291","精度区分":null,"座標値種別":"図上測量","筆界未定構成筆":null,"代表点緯度":-611.8715,"代表点経度":1137.42754535}},{"type":"MultiPolygon","arcs":[[[601,602,-597,603]]],"properties":{"筆ID":"H000000224","version":"ver1.0","座標系":"任意座標系","測地系判別":null,"地図名":"開拓図４・方無去","地図番号":"開16-2","縮尺分母":"2500","市区町村コード":"01662","市区町村名":"厚岸郡厚岸町","大字コード":"622","丁目コード":"000","小字コード":"0000","予備コード":"00","大字名":"片無去","丁目名":null,"小字名":null,"予備名":null,"地番":"160-295","精度区分":null,"座標値種別":"図上測量","筆界未定構成筆":null,"代表点緯度":-638.6865,"代表点経度":1190.986133779}},{"type":"MultiPolygon","arcs":[[[604,-604,-601,605,606]]],"properties":{"筆ID":"H000000225","version":"ver1.0","座標系":"任意座標系","測地系判別":null,"地図名":"開拓図４・方無去","地図番号":"開16-2","縮尺分母":"2500","市区町村コード":"01662","市区町村名":"厚岸郡厚岸町","大字コード":"622","丁目コード":"000","小字コード":"0000","予備コード":"00","大字名":"片無去","丁目名":null,"小字名":null,"予備名":null,"地番":"160-294","精度区分":null,"座標値種別":"図上測量","筆界未定構成筆":null,"代表点緯度":-629.8015,"代表点経度":1177.254428942}},{"type":"MultiPolygon","arcs":[[[607,-606,-600,608]]],"properties":{"筆ID":"H000000226","version":"ver1.0","座標系":"任意座標系","測地系判別":null,"地図名":"開拓図４・方無去","地図番号":"開16-2","縮尺分母":"2500","市区町村コード":"01662","市区町村名":"厚岸郡厚岸町","大字コード":"622","丁目コード":"000","小字コード":"0000","予備コード":"00","大字名":"片無去","丁目名":null,"小字名":null,"予備名":null,"地番":"160-292","精度区分":null,"座標値種別":"図上測量","筆界未定構成筆":null,"代表点緯度":-606.26,"代表点経度":1159.610462031}},{"type":"MultiPolygon","arcs":[[[-607,-608,609]]],"properties":{"筆ID":"H000000227","version":"ver1.0","座標系":"任意座標系","測地系判別":null,"地図名":"開拓図４・方無去","地図番号":"開16-2","縮尺分母":"2500","市区町村コード":"01662","市区町村名":"厚岸郡厚岸町","大字コード":"622","丁目コード":"000","小字コード":"0000","予備コード":"00","大字名":"片無去","丁目名":null,"小字名":null,"予備名":null,"地番":"160-293","精度区分":null,"座標値種別":"図上測量","筆界未定構成筆":null,"代表点緯度":-600.7825,"代表点経度":1181.30392685}},{"type":"MultiPolygon","arcs":[[[610,-587,-584,611,612]]],"properties":{"筆ID":"H000000228","version":"ver1.0","座標系":"任意座標系","測地系判別":null,"地図名":"開拓図４・方無去","地図番号":"開16-2","縮尺分母":"2500","市区町村コード":"01662","市区町村名":"厚岸郡厚岸町","大字コード":"622","丁目コード":"000","小字コード":"0000","予備コード":"00","大字名":"片無去","丁目名":null,"小字名":null,"予備名":null,"地番":"160-238","精度区分":null,"座標値種別":"図上測量","筆界未定構成筆":null,"代表点緯度":-594.5775,"代表点経度":999.382837987}},{"type":"MultiPolygon","arcs":[[[613,-612,-583,614]]],"properties":{"筆ID":"H000000229","version":"ver1.0","座標系":"任意座標系","測地系判別":null,"地図名":"開拓図４・方無去","地図番号":"開16-2","縮尺分母":"2500","市区町村コード":"01662","市区町村名":"厚岸郡厚岸町","大字コード":"622","丁目コード":"000","小字コード":"0000","予備コード":"00","大字名":"片無去","丁目名":null,"小字名":null,"予備名":null,"地番":"160-236","精度区分":null,"座標値種別":"図上測量","筆界未定構成筆":null,"代表点緯度":-570.8125,"代表点経度":982.047450838}},{"type":"MultiPolygon","arcs":[[[-613,-614,615]]],"properties":{"筆ID":"H000000230","version":"ver1.0","座標系":"任意座標系","測地系判別":null,"地図名":"開拓図４・方無去","地図番号":"開16-2","縮尺分母":"2500","市区町村コード":"01662","市区町村名":"厚岸郡厚岸町","大字コード":"622","丁目コード":"000","小字コード":"0000","予備コード":"00","大字名":"片無去","丁目名":null,"小字名":null,"予備名":null,"地番":"160-237","精度区分":null,"座標値種別":"図上測量","筆界未定構成筆":null,"代表点緯度":-565.429,"代表点経度":1003.639512706}},{"type":"MultiPolygon","arcs":[[[-504,616,-509,-521,-523,-528,-533,-537,-536,-531,-526,-519,-516,-513,-507,617,-106,-109,-112,-115,-118,-121,-124,-127,-130,-133,-135,618,-192,-189,-186,-181,-166,-168,-171,-185,619,-172,-176,-180,620,621,622,623,-260,-264,-267,-270,-272,-204,-200,-275,-278,624,-280,-152,-147,-144,-139,-136,-141,-149,-154,-156,-283,625,-287,-290,-293,-295,-299,-301,626,-304,-196,-199,-208,-211,-214,-220,-221,-216,-305,-309,627,-310,-313,-316,-319,-322,-325,-328,628,-330,-160,-341,-339,-336,-333,629,-404,-402,-398,-395,-400,-391,-407,-410,-413,630,-416,-421,-424,-427,-430,-433,-436,-438,-460,-457,-454,-451,-448,-445,-441,-502,-499,-496],[-467,-472,-474,-479,-484,-489,-493,-492,-487,-482,-477,-470,-465,-462],[-369,-371,-376,-381,-386,-390,-389,-384,-379,-374,-367,-364],[-362,-360,-358,-356,-354,-353,-350,-348,-346,-344,-343,-258,-252,-254,-248,-245,-242,-239,-235,-232,-224,-228,-230]]],"properties":{"筆ID":"H000000231","version":"ver1.0","座標系":"任意座標系","測地系判別":null,"地図名":"開拓図４・方無去","地図番号":"開17-2","縮尺分母":"2500","市区町村コード":"01662","市区町村名":"厚岸郡厚岸町","大字コード":"622","丁目コード":"000","小字コード":"0000","予備コード":"00","大字名":"片無去","丁目名":null,"小字名":null,"予備名":null,"地番":"163-1","精度区分":null,"座標値種別":"図上測量","筆界未定構成筆":null,"代表点緯度":-371.2415,"代表点経度":1833.004738619}},{"type":"MultiPolygon","arcs":[[[631,632,633]]],"properties":{"筆ID":"H000000232","version":"ver1.0","座標系":"任意座標系","測地系判別":null,"地図名":"開拓図４・方無去","地図番号":"開17-2","縮尺分母":"2500","市区町村コード":"01662","市区町村名":"厚岸郡厚岸町","大字コード":"622","丁目コード":"000","小字コード":"0000","予備コード":"00","大字名":"片無去","丁目名":null,"小字名":null,"予備名":null,"地番":"160-264","精度区分":null,"座標値種別":"図上測量","筆界未定構成筆":null,"代表点緯度":-481.4395,"代表点経度":1505.711643722}},{"type":"MultiPolygon","arcs":[[[634,635,636,637,638,639]]],"properties":{"筆ID":"H000000233","version":"ver1.0","座標系":"任意座標系","測地系判別":null,"地図名":"開拓図４・方無去","地図番号":"開17-2","縮尺分母":"2500","市区町村コード":"01662","市区町村名":"厚岸郡厚岸町","大字コード":"622","丁目コード":"000","小字コード":"0000","予備コード":"00","大字名":"片無去","丁目名":null,"小字名":null,"予備名":null,"地番":"160-265","精度区分":null,"座標値種別":"図上測量","筆界未定構成筆":null,"代表点緯度":-488.8835,"代表点経度":1460.995813674}},{"type":"MultiPolygon","arcs":[[[640,641,642,643]]],"properties":{"筆ID":"H000000234","version":"ver1.0","座標系":"任意座標系","測地系判別":null,"地図名":"開拓図４・方無去","地図番号":"開17-2","縮尺分母":"2500","市区町村コード":"01662","市区町村名":"厚岸郡厚岸町","大字コード":"622","丁目コード":"000","小字コード":"0000","予備コード":"00","大字名":"片無去","丁目名":null,"小字名":null,"予備名":null,"地番":"160-200","精度区分":null,"座標値種別":"図上測量","筆界未定構成筆":null,"代表点緯度":-437.901,"代表点経度":1495.562655251}},{"type":"MultiPolygon","arcs":[[[-640,644,645]]],"properties":{"筆ID":"H000000235","version":"ver1.0","座標系":"任意座標系","測地系判別":null,"地図名":"開拓図４・方無去","地図番号":"開17-2","縮尺分母":"2500","市区町村コード":"01662","市区町村名":"厚岸郡厚岸町","大字コード":"622","丁目コード":"000","小字コード":"0000","予備コード":"00","大字名":"片無去","丁目名":null,"小字名":null,"予備名":null,"地番":"160-263","精度区分":null,"座標値種別":"図上測量","筆界未定構成筆":null,"代表点緯度":-449.863,"代表点経度":1467.888964713}},{"type":"MultiPolygon","arcs":[[[-645,-639,646,647]]],"properties":{"筆ID":"H000000236","version":"ver1.0","座標系":"任意座標系","測地系判別":null,"地図名":"開拓図４・方無去","地図番号":"開17-2","縮尺分母":"2500","市区町村コード":"01662","市区町村名":"厚岸郡厚岸町","大字コード":"622","丁目コード":"000","小字コード":"0000","予備コード":"00","大字名":"片無去","丁目名":null,"小字名":null,"予備名":null,"地番":"160-262","精度区分":null,"座標値種別":"図上測量","筆界未定構成筆":null,"代表点緯度":-454.246,"代表点経度":1450.347046083}},{"type":"MultiPolygon","arcs":[[[-647,648,649,650]]],"properties":{"筆ID":"H000000237","version":"ver1.0","座標系":"任意座標系","測地系判別":null,"地図名":"開拓図４・方無去","地図番号":"開17-2","縮尺分母":"2500","市区町村コード":"01662","市区町村名":"厚岸郡厚岸町","大字コード":"622","丁目コード":"000","小字コード":"0000","予備コード":"00","大字名":"片無去","丁目名":null,"小字名":null,"予備名":null,"地番":"160-261","精度区分":null,"座標値種別":"図上測量","筆界未定構成筆":null,"代表点緯度":-458.6435,"代表点経度":1432.841059072}},{"type":"MultiPolygon","arcs":[[[-650,651,652,653]]],"properties":{"筆ID":"H000000238","version":"ver1.0","座標系":"任意座標系","測地系判別":null,"地図名":"開拓図４・方無去","地図番号":"開17-2","縮尺分母":"2500","市区町村コード":"01662","市区町村名":"厚岸郡厚岸町","大字コード":"622","丁目コード":"000","小字コード":"0000","予備コード":"00","大字名":"片無去","丁目名":null,"小字名":null,"予備名":null,"地番":"160-260","精度区分":null,"座標値種別":"図上測量","筆界未定構成筆":null,"代表点緯度":-463.057,"代表点経度":1415.153294116}},{"type":"MultiPolygon","arcs":[[[-653,654,655,656]]],"properties":{"筆ID":"H000000239","version":"ver1.0","座標系":"任意座標系","測地系判別":null,"地図名":"開拓図４・方無去","地図番号":"開17-2","縮尺分母":"2500","市区町村コード":"01662","市区町村名":"厚岸郡厚岸町","大字コード":"622","丁目コード":"000","小字コード":"0000","予備コード":"00","大字名":"片無去","丁目名":null,"小字名":null,"予備名":null,"地番":"160-259","精度区分":null,"座標値種別":"図上測量","筆界未定構成筆":null,"代表点緯度":-467.399,"代表点経度":1397.871077516}},{"type":"MultiPolygon","arcs":[[[-656,657,658,659]]],"properties":{"筆ID":"H000000240","version":"ver1.0","座標系":"任意座標系","測地系判別":null,"地図名":"開拓図４・方無去","地図番号":"開17-2","縮尺分母":"2500","市区町村コード":"01662","市区町村名":"厚岸郡厚岸町","大字コード":"622","丁目コード":"000","小字コード":"0000","予備コード":"00","大字名":"片無去","丁目名":null,"小字名":null,"予備名":null,"地番":"160-258","精度区分":null,"座標値種別":"図上測量","筆界未定構成筆":null,"代表点緯度":-471.6885,"代表点経度":1380.695001224}},{"type":"MultiPolygon","arcs":[[[-659,660,661,662]]],"properties":{"筆ID":"H000000241","version":"ver1.0","座標系":"任意座標系","測地系判別":null,"地図名":"開拓図４・方無去","地図番号":"開17-2","縮尺分母":"2500","市区町村コード":"01662","市区町村名":"厚岸郡厚岸町","大字コード":"622","丁目コード":"000","小字コード":"0000","予備コード":"00","大字名":"片無去","丁目名":null,"小字名":null,"予備名":null,"地番":"160-257","精度区分":null,"座標値種別":"図上測量","筆界未定構成筆":null,"代表点緯度":-476.121,"代表点経度":1362.959770676}},{"type":"MultiPolygon","arcs":[[[-662,663,664,665]]],"properties":{"筆ID":"H000000242","version":"ver1.0","座標系":"任意座標系","測地系判別":null,"地図名":"開拓図４・方無去","地図番号":"開17-2","縮尺分母":"2500","市区町村コード":"01662","市区町村名":"厚岸郡厚岸町","大字コード":"622","丁目コード":"000","小字コード":"0000","予備コード":"00","大字名":"片無去","丁目名":null,"小字名":null,"予備名":null,"地番":"160-256","精度区分":null,"座標値種別":"図上測量","筆界未定構成筆":null,"代表点緯度":-480.566,"代表点経度":1345.246296449}},{"type":"MultiPolygon","arcs":[[[-665,666,667,668]]],"properties":{"筆ID":"H000000243","version":"ver1.0","座標系":"任意座標系","測地系判別":null,"地図名":"開拓図４・方無去","地図番号":"開16-2","縮尺分母":"2500","市区町村コード":"01662","市区町村名":"厚岸郡厚岸町","大字コード":"622","丁目コード":"000","小字コード":"0000","予備コード":"00","大字名":"片無去","丁目名":null,"小字名":null,"予備名":null,"地番":"160-255","精度区分":null,"座標値種別":"図上測量","筆界未定構成筆":null,"代表点緯度":-484.9365,"代表点経度":1327.720126311}},{"type":"MultiPolygon","arcs":[[[-668,669,670,671]]],"properties":{"筆ID":"H000000244","version":"ver1.0","座標系":"任意座標系","測地系判別":null,"地図名":"開拓図４・方無去","地図番号":"開16-2","縮尺分母":"2500","市区町村コード":"01662","市区町村名":"厚岸郡厚岸町","大字コード":"622","丁目コード":"000","小字コード":"0000","予備コード":"00","大字名":"片無去","丁目名":null,"小字名":null,"予備名":null,"地番":"160-254","精度区分":null,"座標値種別":"図上測量","筆界未定構成筆":null,"代表点緯度":-489.3235,"代表点経度":1310.248996492}},{"type":"MultiPolygon","arcs":[[[-671,672,673,674]]],"properties":{"筆ID":"H000000245","version":"ver1.0","座標系":"任意座標系","測地系判別":null,"地図名":"開拓図４・方無去","地図番号":"開16-2","縮尺分母":"2500","市区町村コード":"01662","市区町村名":"厚岸郡厚岸町","大字コード":"622","丁目コード":"000","小字コード":"0000","予備コード":"00","大字名":"片無去","丁目名":null,"小字名":null,"予備名":null,"地番":"160-253","精度区分":null,"座標値種別":"図上測量","筆界未定構成筆":null,"代表点緯度":-493.7165,"代表点経度":1292.670773229}},{"type":"MultiPolygon","arcs":[[[-674,675,676,677]]],"properties":{"筆ID":"H000000246","version":"ver1.0","座標系":"任意座標系","測地系判別":null,"地図名":"開拓図４・方無去","地図番号":"開16-2","縮尺分母":"2500","市区町村コード":"01662","市区町村名":"厚岸郡厚岸町","大字コード":"622","丁目コード":"000","小字コード":"0000","予備コード":"00","大字名":"片無去","丁目名":null,"小字名":null,"予備名":null,"地番":"160-252","精度区分":null,"座標値種別":"図上測量","筆界未定構成筆":null,"代表点緯度":-498.082,"代表点経度":1275.266856465}},{"type":"MultiPolygon","arcs":[[[-677,678,679,680]]],"properties":{"筆ID":"H000000247","version":"ver1.0","座標系":"任意座標系","測地系判別":null,"地図名":"開拓図４・方無去","地図番号":"開16-2","縮尺分母":"2500","市区町村コード":"01662","市区町村名":"厚岸郡厚岸町","大字コード":"622","丁目コード":"000","小字コード":"0000","予備コード":"00","大字名":"片無去","丁目名":null,"小字名":null,"予備名":null,"地番":"160-251","精度区分":null,"座標値種別":"図上測量","筆界未定構成筆":null,"代表点緯度":-502.486,"代表点経度":1257.624801286}},{"type":"MultiPolygon","arcs":[[[-680,681,682,683]]],"properties":{"筆ID":"H000000248","version":"ver1.0","座標系":"任意座標系","測地系判別":null,"地図名":"開拓図４・方無去","地図番号":"開16-2","縮尺分母":"2500","市区町村コード":"01662","市区町村名":"厚岸郡厚岸町","大字コード":"622","丁目コード":"000","小字コード":"0000","予備コード":"00","大字名":"片無去","丁目名":null,"小字名":null,"予備名":null,"地番":"160-250","精度区分":null,"座標値種別":"図上測量","筆界未定構成筆":null,"代表点緯度":-506.961,"代表点経度":1239.765770359}},{"type":"MultiPolygon","arcs":[[[-683,684,685,686]]],"properties":{"筆ID":"H000000249","version":"ver1.0","座標系":"任意座標系","測地系判別":null,"地図名":"開拓図４・方無去","地図番号":"開16-2","縮尺分母":"2500","市区町村コード":"01662","市区町村名":"厚岸郡厚岸町","大字コード":"622","丁目コード":"000","小字コード":"0000","予備コード":"00","大字名":"片無去","丁目名":null,"小字名":null,"予備名":null,"地番":"160-249","精度区分":null,"座標値種別":"図上測量","筆界未定構成筆":null,"代表点緯度":-511.1665,"代表点経度":1222.938034004}},{"type":"MultiPolygon","arcs":[[[-686,687,688,689]]],"properties":{"筆ID":"H000000250","version":"ver1.0","座標系":"任意座標系","測地系判別":null,"地図名":"開拓図４・方無去","地図番号":"開16-2","縮尺分母":"2500","市区町村コード":"01662","市区町村名":"厚岸郡厚岸町","大字コード":"622","丁目コード":"000","小字コード":"0000","予備コード":"00","大字名":"片無去","丁目名":null,"小字名":null,"予備名":null,"地番":"160-248","精度区分":null,"座標値種別":"図上測量","筆界未定構成筆":null,"代表点緯度":-515.5375,"代表点経度":1205.457191847}},{"type":"MultiPolygon","arcs":[[[-689,690,691]]],"properties":{"筆ID":"H000000251","version":"ver1.0","座標系":"任意座標系","測地系判別":null,"地図名":"開拓図４・方無去","地図番号":"開16-2","縮尺分母":"2500","市区町村コード":"01662","市区町村名":"厚岸郡厚岸町","大字コード":"622","丁目コード":"000","小字コード":"0000","予備コード":"00","大字名":"片無去","丁目名":null,"小字名":null,"予備名":null,"地番":"160-247","精度区分":null,"座標値種別":"図上測量","筆界未定構成筆":null,"代表点緯度":-519.8275,"代表点経度":1188.375293041}},{"type":"MultiPolygon","arcs":[[[692,693,-691]]],"properties":{"筆ID":"H000000252","version":"ver1.0","座標系":"任意座標系","測地系判別":null,"地図名":"開拓図４・方無去","地図番号":"開16-2","縮尺分母":"2500","市区町村コード":"01662","市区町村名":"厚岸郡厚岸町","大字コード":"622","丁目コード":"000","小字コード":"0000","予備コード":"00","大字名":"片無去","丁目名":null,"小字名":null,"予備名":null,"地番":"160-280","精度区分":null,"座標値種別":"図上測量","筆界未定構成筆":null,"代表点緯度":-554.3725,"代表点経度":1196.911403497}},{"type":"MultiPolygon","arcs":[[[694,695,-693,-688]]],"properties":{"筆ID":"H000000253","version":"ver1.0","座標系":"任意座標系","測地系判別":null,"地図名":"開拓図４・方無去","地図番号":"開16-2","縮尺分母":"2500","市区町村コード":"01662","市区町村名":"厚岸郡厚岸町","大字コード":"622","丁目コード":"000","小字コード":"0000","予備コード":"00","大字名":"片無去","丁目名":null,"小字名":null,"予備名":null,"地番":"160-279","精度区分":null,"座標値種別":"図上測量","筆界未定構成筆":null,"代表点緯度":-550.0225,"代表点経度":1214.008519513}},{"type":"MultiPolygon","arcs":[[[696,697,-695,-685]]],"properties":{"筆ID":"H000000254","version":"ver1.0","座標系":"任意座標系","測地系判別":null,"地図名":"開拓図４・方無去","地図番号":"開16-2","縮尺分母":"2500","市区町村コード":"01662","市区町村名":"厚岸郡厚岸町","大字コード":"622","丁目コード":"000","小字コード":"0000","予備コード":"00","大字名":"片無去","丁目名":null,"小字名":null,"予備名":null,"地番":"160-278","精度区分":null,"座標値種別":"図上測量","筆界未定構成筆":null,"代表点緯度":-545.565,"代表点経度":1231.581334812}},{"type":"MultiPolygon","arcs":[[[698,699,-697,-682]]],"properties":{"筆ID":"H000000255","version":"ver1.0","座標系":"任意座標系","測地系判別":null,"地図名":"開拓図４・方無去","地図番号":"開16-2","縮尺分母":"2500","市区町村コード":"01662","市区町村名":"厚岸郡厚岸町","大字コード":"622","丁目コード":"000","小字コード":"0000","予備コード":"00","大字名":"片無去","丁目名":null,"小字名":null,"予備名":null,"地番":"160-277","精度区分":null,"座標値種別":"図上測量","筆界未定構成筆":null,"代表点緯度":-541.2955,"代表点経度":1248.431417998}},{"type":"MultiPolygon","arcs":[[[700,701,-699,-679]]],"properties":{"筆ID":"H000000256","version":"ver1.0","座標系":"任意座標系","測地系判別":null,"地図名":"開拓図４・方無去","地図番号":"開16-2","縮尺分母":"2500","市区町村コード":"01662","市区町村名":"厚岸郡厚岸町","大字コード":"622","丁目コード":"000","小字コード":"0000","予備コード":"00","大字名":"片無去","丁目名":null,"小字名":null,"予備名":null,"地番":"160-276","精度区分":null,"座標値種別":"図上測量","筆界未定構成筆":null,"代表点緯度":-536.76,"代表点経度":1266.28750425}},{"type":"MultiPolygon","arcs":[[[702,703,-701,-676]]],"properties":{"筆ID":"H000000257","version":"ver1.0","座標系":"任意座標系","測地系判別":null,"地図名":"開拓図４・方無去","地図番号":"開16-2","縮尺分母":"2500","市区町村コード":"01662","市区町村名":"厚岸郡厚岸町","大字コード":"622","丁目コード":"000","小字コード":"0000","予備コード":"00","大字名":"片無去","丁目名":null,"小字名":null,"予備名":null,"地番":"160-275","精度区分":null,"座標値種別":"図上測量","筆界未定構成筆":null,"代表点緯度":-532.306,"代表点経度":1283.879161688}},{"type":"MultiPolygon","arcs":[[[704,705,-703,-673]]],"properties":{"筆ID":"H000000258","version":"ver1.0","座標系":"任意座標系","測地系判別":null,"地図名":"開拓図４・方無去","地図番号":"開16-2","縮尺分母":"2500","市区町村コード":"01662","市区町村名":"厚岸郡厚岸町","大字コード":"622","丁目コード":"000","小字コード":"0000","予備コード":"00","大字名":"片無去","丁目名":null,"小字名":null,"予備名":null,"地番":"160-274","精度区分":null,"座標値種別":"図上測量","筆界未定構成筆":null,"代表点緯度":-527.896,"代表点経度":1301.22205068}},{"type":"MultiPolygon","arcs":[[[706,707,-705,-670]]],"properties":{"筆ID":"H000000259","version":"ver1.0","座標系":"任意座標系","測地系判別":null,"地図名":"開拓図４・方無去","地図番号":"開16-2","縮尺分母":"2500","市区町村コード":"01662","市区町村名":"厚岸郡厚岸町","大字コード":"622","丁目コード":"000","小字コード":"0000","予備コード":"00","大字名":"片無去","丁目名":null,"小字名":null,"予備名":null,"地番":"160-273","精度区分":null,"座標値種別":"図上測量","筆界未定構成筆":null,"代表点緯度":-523.4505,"代表点経度":1318.762361826}},{"type":"MultiPolygon","arcs":[[[708,709,-707,-667]]],"properties":{"筆ID":"H000000260","version":"ver1.0","座標系":"任意座標系","測地系判別":null,"地図名":"開拓図４・方無去","地図番号":"開16-2","縮尺分母":"2500","市区町村コード":"01662","市区町村名":"厚岸郡厚岸町","大字コード":"622","丁目コード":"000","小字コード":"0000","予備コード":"00","大字名":"片無去","丁目名":null,"小字名":null,"予備名":null,"地番":"160-272","精度区分":null,"座標値種別":"図上測量","筆界未定構成筆":null,"代表点緯度":-518.995,"代表点経度":1336.265559023}},{"type":"MultiPolygon","arcs":[[[710,711,-709,-664]]],"properties":{"筆ID":"H000000261","version":"ver1.0","座標系":"任意座標系","測地系判別":null,"地図名":"開拓図４・方無去","地図番号":"開17-2","縮尺分母":"2500","市区町村コード":"01662","市区町村名":"厚岸郡厚岸町","大字コード":"622","丁目コード":"000","小字コード":"0000","予備コード":"00","大字名":"片無去","丁目名":null,"小字名":null,"予備名":null,"地番":"160-271","精度区分":null,"座標値種別":"図上測量","筆界未定構成筆":null,"代表点緯度":-514.557,"代表点経度":1353.81266805}},{"type":"MultiPolygon","arcs":[[[712,713,-711,-661]]],"properties":{"筆ID":"H000000262","version":"ver1.0","座標系":"任意座標系","測地系判別":null,"地図名":"開拓図４・方無去","地図番号":"開17-2","縮尺分母":"2500","市区町村コード":"01662","市区町村名":"厚岸郡厚岸町","大字コード":"622","丁目コード":"000","小字コード":"0000","予備コード":"00","大字名":"片無去","丁目名":null,"小字名":null,"予備名":null,"地番":"160-270","精度区分":null,"座標値種別":"図上測量","筆界未定構成筆":null,"代表点緯度":-510.0545,"代表点経度":1371.513275558}},{"type":"MultiPolygon","arcs":[[[714,715,-713,-658]]],"properties":{"筆ID":"H000000263","version":"ver1.0","座標系":"任意座標系","測地系判別":null,"地図名":"開拓図４・方無去","地図番号":"開17-2","縮尺分母":"2500","市区町村コード":"01662","市区町村名":"厚岸郡厚岸町","大字コード":"622","丁目コード":"000","小字コード":"0000","予備コード":"00","大字名":"片無去","丁目名":null,"小字名":null,"予備名":null,"地番":"160-269","精度区分":null,"座標値種別":"図上測量","筆界未定構成筆":null,"代表点緯度":-505.5505,"代表点経度":1389.282949681}},{"type":"MultiPolygon","arcs":[[[716,717,-715,-655]]],"properties":{"筆ID":"H000000264","version":"ver1.0","座標系":"任意座標系","測地系判別":null,"地図名":"開拓図４・方無去","地図番号":"開17-2","縮尺分母":"2500","市区町村コード":"01662","市区町村名":"厚岸郡厚岸町","大字コード":"622","丁目コード":"000","小字コード":"0000","予備コード":"00","大字名":"片無去","丁目名":null,"小字名":null,"予備名":null,"地番":"160-268","精度区分":null,"座標値種別":"図上測量","筆界未定構成筆":null,"代表点緯度":-501.222,"代表点経度":1406.373771893}},{"type":"MultiPolygon","arcs":[[[718,719,-717,-652]]],"properties":{"筆ID":"H000000265","version":"ver1.0","座標系":"任意座標系","測地系判別":null,"地図名":"開拓図４・方無去","地図番号":"開17-2","縮尺分母":"2500","市区町村コード":"01662","市区町村名":"厚岸郡厚岸町","大字コード":"622","丁目コード":"000","小字コード":"0000","予備コード":"00","大字名":"片無去","丁目名":null,"小字名":null,"予備名":null,"地番":"160-267","精度区分":null,"座標値種別":"図上測量","筆界未定構成筆":null,"代表点緯度":-496.8275,"代表点経度":1423.62898601}},{"type":"MultiPolygon","arcs":[[[-638,720,-719,-649]]],"properties":{"筆ID":"H000000266","version":"ver1.0","座標系":"任意座標系","測地系判別":null,"地図名":"開拓図４・方無去","地図番号":"開17-2","縮尺分母":"2500","市区町村コード":"01662","市区町村名":"厚岸郡厚岸町","大字コード":"622","丁目コード":"000","小字コード":"0000","予備コード":"00","大字名":"片無去","丁目名":null,"小字名":null,"予備名":null,"地番":"160-266","精度区分":null,"座標値種別":"図上測量","筆界未定構成筆":null,"代表点緯度":-492.352,"代表点経度":1441.314227637}},{"type":"MultiPolygon","arcs":[[[-261,-624,721,-632,722]]],"properties":{"筆ID":"H000000267","version":"ver1.0","座標系":"任意座標系","測地系判別":null,"地図名":"開拓図４・方無去","地図番号":"開17-2","縮尺分母":"2500","市区町村コード":"01662","市区町村名":"厚岸郡厚岸町","大字コード":"622","丁目コード":"000","小字コード":"0000","予備コード":"00","大字名":"片無去","丁目名":null,"小字名":null,"予備名":null,"地番":"163-148","精度区分":null,"座標値種別":"図上測量","筆界未定構成筆":null,"代表点緯度":-473.388,"代表点経度":1526.05412904}},{"type":"MultiPolygon","arcs":[[[723,724,725]]],"properties":{"筆ID":"H000000268","version":"ver1.0","座標系":"任意座標系","測地系判別":null,"地図名":"開拓図４・方無去","地図番号":"開17-2","縮尺分母":"2500","市区町村コード":"01662","市区町村名":"厚岸郡厚岸町","大字コード":"622","丁目コード":"000","小字コード":"0000","予備コード":"00","大字名":"片無去","丁目名":null,"小字名":null,"予備名":null,"地番":"160-312","精度区分":null,"座標値種別":"図上測量","筆界未定構成筆":null,"代表点緯度":-524.0745,"代表点経度":1485.783750763}},{"type":"MultiPolygon","arcs":[[[726,727,-724]]],"properties":{"筆ID":"H000000269","version":"ver1.0","座標系":"任意座標系","測地系判別":null,"地図名":"開拓図４・方無去","地図番号":"開17-2","縮尺分母":"2500","市区町村コード":"01662","市区町村名":"厚岸郡厚岸町","大字コード":"622","丁目コード":"000","小字コード":"0000","予備コード":"00","大字名":"片無去","丁目名":null,"小字名":null,"予備名":null,"地番":"160-316","精度区分":null,"座標値種別":"図上測量","筆界未定構成筆":null,"代表点緯度":-558.86,"代表点経度":1494.49557431}},{"type":"MultiPolygon","arcs":[[[-728,728,729,730]]],"properties":{"筆ID":"H000000270","version":"ver1.0","座標系":"任意座標系","測地系判別":null,"地図名":"開拓図４・方無去","地図番号":"開17-2","縮尺分母":"2500","市区町村コード":"01662","市区町村名":"厚岸郡厚岸町","大字コード":"622","丁目コード":"000","小字コード":"0000","予備コード":"00","大字名":"片無去","丁目名":null,"小字名":null,"予備名":null,"地番":"160-317","精度区分":null,"座標値種別":"図上測量","筆界未定構成筆":null,"代表点緯度":-563.207,"代表点経度":1477.200934218}},{"type":"MultiPolygon","arcs":[[[731,732,733]]],"properties":{"筆ID":"H000000271","version":"ver1.0","座標系":"任意座標系","測地系判別":null,"地図名":"開拓図４・方無去","地図番号":"開16-2","縮尺分母":"2500","市区町村コード":"01662","市区町村名":"厚岸郡厚岸町","大字コード":"622","丁目コード":"000","小字コード":"0000","予備コード":"00","大字名":"片無去","丁目名":null,"小字名":null,"予備名":null,"地番":"160-332","精度区分":null,"座標値種別":"図上測量","筆界未定構成筆":null,"代表点緯度":-629.216,"代表点経度":1215.181837851}},{"type":"MultiPolygon","arcs":[[[734,735,-732,736]]],"properties":{"筆ID":"H000000272","version":"ver1.0","座標系":"任意座標系","測地系判別":null,"地図名":"開拓図４・方無去","地図番号":"開16-2","縮尺分母":"2500","市区町村コード":"01662","市区町村名":"厚岸郡厚岸町","大字コード":"622","丁目コード":"000","小字コード":"0000","予備コード":"00","大字名":"片無去","丁目名":null,"小字名":null,"予備名":null,"地番":"160-331","精度区分":null,"座標値種別":"図上測量","筆界未定構成筆":null,"代表点緯度":-624.916,"代表点経度":1232.196285675}},{"type":"MultiPolygon","arcs":[[[737,-734,738]]],"properties":{"筆ID":"H000000273","version":"ver1.0","座標系":"任意座標系","測地系判別":null,"地図名":"開拓図４・方無去","地図番号":"開16-2","縮尺分母":"2500","市区町村コード":"01662","市区町村名":"厚岸郡厚岸町","大字コード":"622","丁目コード":"000","小字コード":"0000","予備コード":"00","大字名":"片無去","丁目名":null,"小字名":null,"予備名":null,"地番":"160-296","精度区分":null,"座標値種別":"図上測量","筆界未定構成筆":null,"代表点緯度":-594.5345,"代表点経度":1206.621703353}},{"type":"MultiPolygon","arcs":[[[739,740,-735,741]]],"properties":{"筆ID":"H000000274","version":"ver1.0","座標系":"任意座標系","測地系判別":null,"地図名":"開拓図４・方無去","地図番号":"開16-2","縮尺分母":"2500","市区町村コード":"01662","市区町村名":"厚岸郡厚岸町","大字コード":"622","丁目コード":"000","小字コード":"0000","予備コード":"00","大字名":"片無去","丁目名":null,"小字名":null,"予備名":null,"地番":"160-330","精度区分":null,"座標値種別":"図上測量","筆界未定構成筆":null,"代表点緯度":-620.435,"代表点経度":1249.998687169}},{"type":"MultiPolygon","arcs":[[[742,-737,-738,743]]],"properties":{"筆ID":"H000000275","version":"ver1.0","座標系":"任意座標系","測地系判別":null,"地図名":"開拓図４・方無去","地図番号":"開16-2","縮尺分母":"2500","市区町村コード":"01662","市区町村名":"厚岸郡厚岸町","大字コード":"622","丁目コード":"000","小字コード":"0000","予備コード":"00","大字名":"片無去","丁目名":null,"小字名":null,"予備名":null,"地番":"160-297","精度区分":null,"座標値種別":"図上測量","筆界未定構成筆":null,"代表点緯度":-590.2305,"代表点経度":1223.603945298}},{"type":"MultiPolygon","arcs":[[[744,745,-740,746]]],"properties":{"筆ID":"H000000276","version":"ver1.0","座標系":"任意座標系","測地系判別":null,"地図名":"開拓図４・方無去","地図番号":"開16-2","縮尺分母":"2500","市区町村コード":"01662","市区町村名":"厚岸郡厚岸町","大字コード":"622","丁目コード":"000","小字コード":"0000","予備コード":"00","大字名":"片無去","丁目名":null,"小字名":null,"予備名":null,"地番":"160-329","精度区分":null,"座標値種別":"図上測量","筆界未定構成筆":null,"代表点緯度":-616.1655,"代表点経度":1266.954907777}},{"type":"MultiPolygon","arcs":[[[747,-742,-743,748]]],"properties":{"筆ID":"H000000277","version":"ver1.0","座標系":"任意座標系","測地系判別":null,"地図名":"開拓図４・方無去","地図番号":"開16-2","縮尺分母":"2500","市区町村コード":"01662","市区町村名":"厚岸郡厚岸町","大字コード":"622","丁目コード":"000","小字コード":"0000","予備コード":"00","大字名":"片無去","丁目名":null,"小字名":null,"予備名":null,"地番":"160-298","精度区分":null,"座標値種別":"図上測量","筆界未定構成筆":null,"代表点緯度":-585.759,"代表点経度":1241.289217146}},{"type":"MultiPolygon","arcs":[[[749,750,-745,751]]],"properties":{"筆ID":"H000000278","version":"ver1.0","座標系":"任意座標系","測地系判別":null,"地図名":"開拓図４・方無去","地図番号":"開16-2","縮尺分母":"2500","市区町村コード":"01662","市区町村名":"厚岸郡厚岸町","大字コード":"622","丁目コード":"000","小字コード":"0000","予備コード":"00","大字名":"片無去","丁目名":null,"小字名":null,"予備名":null,"地番":"160-328","精度区分":null,"座標値種別":"図上測量","筆界未定構成筆":null,"代表点緯度":-611.668,"代表点経度":1284.823339958}},{"type":"MultiPolygon","arcs":[[[752,-747,-748,753]]],"properties":{"筆ID":"H000000279","version":"ver1.0","座標系":"任意座標系","測地系判別":null,"地図名":"開拓図４・方無去","地図番号":"開16-2","縮尺分母":"2500","市区町村コード":"01662","市区町村名":"厚岸郡厚岸町","大字コード":"622","丁目コード":"000","小字コード":"0000","予備コード":"00","大字名":"片無去","丁目名":null,"小字名":null,"予備名":null,"地番":"160-299","精度区分":null,"座標値種別":"図上測量","筆界未定構成筆":null,"代表点緯度":-581.4925,"代表点経度":1258.172459987}},{"type":"MultiPolygon","arcs":[[[754,755,-750,756]]],"properties":{"筆ID":"H000000280","version":"ver1.0","座標系":"任意座標系","測地系判別":null,"地図名":"開拓図４・方無去","地図番号":"開16-2","縮尺分母":"2500","市区町村コード":"01662","市区町村名":"厚岸郡厚岸町","大字コード":"622","丁目コード":"000","小字コード":"0000","予備コード":"00","大字名":"片無去","丁目名":null,"小字名":null,"予備名":null,"地番":"160-327","精度区分":null,"座標値種別":"図上測量","筆界未定構成筆":null,"代表点緯度":-607.214,"代表点経度":1302.50276545}},{"type":"MultiPolygon","arcs":[[[757,-752,-753,758]]],"properties":{"筆ID":"H000000281","version":"ver1.0","座標系":"任意座標系","測地系判別":null,"地図名":"開拓図４・方無去","地図番号":"開16-2","縮尺分母":"2500","市区町村コード":"01662","市区町村名":"厚岸郡厚岸町","大字コード":"622","丁目コード":"000","小字コード":"0000","予備コード":"00","大字名":"片無去","丁目名":null,"小字名":null,"予備名":null,"地番":"160-300","精度区分":null,"座標値種別":"図上測量","筆界未定構成筆":null,"代表点緯度":-576.984,"代表点経度":1276.019600823}},{"type":"MultiPolygon","arcs":[[[759,760,-755,761]]],"properties":{"筆ID":"H000000282","version":"ver1.0","座標系":"任意座標系","測地系判別":null,"地図名":"開拓図４・方無去","地図番号":"開16-2","縮尺分母":"2500","市区町村コード":"01662","市区町村名":"厚岸郡厚岸町","大字コード":"622","丁目コード":"000","小字コード":"0000","予備コード":"00","大字名":"片無去","丁目名":null,"小字名":null,"予備名":null,"地番":"160-326","精度区分":null,"座標値種別":"図上測量","筆界未定構成筆":null,"代表点緯度":-602.8185,"代表点経度":1319.950490779}},{"type":"MultiPolygon","arcs":[[[762,-757,-758,763]]],"properties":{"筆ID":"H000000283","version":"ver1.0","座標系":"任意座標系","測地系判別":null,"地図名":"開拓図４・方無去","地図番号":"開16-2","縮尺分母":"2500","市区町村コード":"01662","市区町村名":"厚岸郡厚岸町","大字コード":"622","丁目コード":"000","小字コード":"0000","予備コード":"00","大字名":"片無去","丁目名":null,"小字名":null,"予備名":null,"地番":"160-301","精度区分":null,"座標値種別":"図上測量","筆界未定構成筆":null,"代表点緯度":-572.51,"代表点経度":1293.703697629}},{"type":"MultiPolygon","arcs":[[[764,765,-760,766]]],"properties":{"筆ID":"H000000284","version":"ver1.0","座標系":"任意座標系","測地系判別":null,"地図名":"開拓図４・方無去","地図番号":"開16-2","縮尺分母":"2500","市区町村コード":"01662","市区町村名":"厚岸郡厚岸町","大字コード":"622","丁目コード":"000","小字コード":"0000","予備コード":"00","大字名":"片無去","丁目名":null,"小字名":null,"予備名":null,"地番":"160-325","精度区分":null,"座標値種別":"図上測量","筆界未定構成筆":null,"代表点緯度":-598.455,"代表点経度":1337.30071219}},{"type":"MultiPolygon","arcs":[[[767,-762,-763,768]]],"properties":{"筆ID":"H000000285","version":"ver1.0","座標系":"任意座標系","測地系判別":null,"地図名":"開拓図４・方無去","地図番号":"開16-2","縮尺分母":"2500","市区町村コード":"01662","市区町村名":"厚岸郡厚岸町","大字コード":"622","丁目コード":"000","小字コード":"0000","予備コード":"00","大字名":"片無去","丁目名":null,"小字名":null,"予備名":null,"地番":"160-302","精度区分":null,"座標値種別":"図上測量","筆界未定構成筆":null,"代表点緯度":-568.099,"代表点経度":1311.147871571}},{"type":"MultiPolygon","arcs":[[[769,770,-765,771]]],"properties":{"筆ID":"H000000286","version":"ver1.0","座標系":"任意座標系","測地系判別":null,"地図名":"開拓図４・方無去","地図番号":"開17-2","縮尺分母":"2500","市区町村コード":"01662","市区町村名":"厚岸郡厚岸町","大字コード":"622","丁目コード":"000","小字コード":"0000","予備コード":"00","大字名":"片無去","丁目名":null,"小字名":null,"予備名":null,"地番":"160-324","精度区分":null,"座標値種別":"図上測量","筆界未定構成筆":null,"代表点緯度":-594.058,"代表点経度":1354.709582457}},{"type":"MultiPolygon","arcs":[[[772,-767,-768,773]]],"properties":{"筆ID":"H000000287","version":"ver1.0","座標系":"任意座標系","測地系判別":null,"地図名":"開拓図４・方無去","地図番号":"開16-2","縮尺分母":"2500","市区町村コード":"01662","市区町村名":"厚岸郡厚岸町","大字コード":"622","丁目コード":"000","小字コード":"0000","予備コード":"00","大字名":"片無去","丁目名":null,"小字名":null,"予備名":null,"地番":"160-303","精度区分":null,"座標値種別":"図上測量","筆界未定構成筆":null,"代表点緯度":-563.7035,"代表点経度":1328.55535441}},{"type":"MultiPolygon","arcs":[[[774,775,-770,776]]],"properties":{"筆ID":"H000000288","version":"ver1.0","座標系":"任意座標系","測地系判別":null,"地図名":"開拓図４・方無去","地図番号":"開17-2","縮尺分母":"2500","市区町村コード":"01662","市区町村名":"厚岸郡厚岸町","大字コード":"622","丁目コード":"000","小字コード":"0000","予備コード":"00","大字名":"片無去","丁目名":null,"小字名":null,"予備名":null,"地番":"160-323","精度区分":null,"座標値種別":"図上測量","筆界未定構成筆":null,"代表点緯度":-589.611,"代表点経度":1372.381930895}},{"type":"MultiPolygon","arcs":[[[777,-772,-773,778]]],"properties":{"筆ID":"H000000289","version":"ver1.0","座標系":"任意座標系","測地系判別":null,"地図名":"開拓図４・方無去","地図番号":"開17-2","縮尺分母":"2500","市区町村コード":"01662","市区町村名":"厚岸郡厚岸町","大字コード":"622","丁目コード":"000","小字コード":"0000","予備コード":"00","大字名":"片無去","丁目名":null,"小字名":null,"予備名":null,"地番":"160-304","精度区分":null,"座標値種別":"図上測量","筆界未定構成筆":null,"代表点緯度":-559.2845,"代表点経度":1345.986424259}},{"type":"MultiPolygon","arcs":[[[779,780,-775,781]]],"properties":{"筆ID":"H000000290","version":"ver1.0","座標系":"任意座標系","測地系判別":null,"地図名":"開拓図４・方無去","地図番号":"開17-2","縮尺分母":"2500","市区町村コード":"01662","市区町村名":"厚岸郡厚岸町","大字コード":"622","丁目コード":"000","小字コード":"0000","予備コード":"00","大字名":"片無去","丁目名":null,"小字名":null,"予備名":null,"地番":"160-322","精度区分":null,"座標値種別":"図上測量","筆界未定構成筆":null,"代表点緯度":-585.123,"代表点経度":1390.168610427}},{"type":"MultiPolygon","arcs":[[[782,-777,-778,783]]],"properties":{"筆ID":"H000000291","version":"ver1.0","座標系":"任意座標系","測地系判別":null,"地図名":"開拓図４・方無去","地図番号":"開17-2","縮尺分母":"2500","市区町村コード":"01662","市区町村名":"厚岸郡厚岸町","大字コード":"622","丁目コード":"000","小字コード":"0000","予備コード":"00","大字名":"片無去","丁目名":null,"小字名":null,"予備名":null,"地番":"160-305","精度区分":null,"座標値種別":"図上測量","筆界未定構成筆":null,"代表点緯度":-554.828,"代表点経度":1363.627451059}},{"type":"MultiPolygon","arcs":[[[784,785,-780,786]]],"properties":{"筆ID":"H000000292","version":"ver1.0","座標系":"任意座標系","測地系判別":null,"地図名":"開拓図４・方無去","地図番号":"開17-2","縮尺分母":"2500","市区町村コード":"01662","市区町村名":"厚岸郡厚岸町","大字コード":"622","丁目コード":"000","小字コード":"0000","予備コード":"00","大字名":"片無去","丁目名":null,"小字名":null,"予備名":null,"地番":"160-321","精度区分":null,"座標値種別":"図上測量","筆界未定構成筆":null,"代表点緯度":-580.6995,"代表点経度":1407.795878206}},{"type":"MultiPolygon","arcs":[[[787,-782,-783,788]]],"properties":{"筆ID":"H000000293","version":"ver1.0","座標系":"任意座標系","測地系判別":null,"地図名":"開拓図４・方無去","地図番号":"開17-2","縮尺分母":"2500","市区町村コード":"01662","市区町村名":"厚岸郡厚岸町","大字コード":"622","丁目コード":"000","小字コード":"0000","予備コード":"00","大字名":"片無去","丁目名":null,"小字名":null,"予備名":null,"地番":"160-306","精度区分":null,"座標値種別":"図上測量","筆界未定構成筆":null,"代表点緯度":-550.336,"代表点経度":1381.366905448}},{"type":"MultiPolygon","arcs":[[[789,790,-785,791]]],"properties":{"筆ID":"H000000294","version":"ver1.0","座標系":"任意座標系","測地系判別":null,"地図名":"開拓図４・方無去","地図番号":"開17-2","縮尺分母":"2500","市区町村コード":"01662","市区町村名":"厚岸郡厚岸町","大字コード":"622","丁目コード":"000","小字コード":"0000","予備コード":"00","大字名":"片無去","丁目名":null,"小字名":null,"予備名":null,"地番":"160-320","精度区分":null,"座標値種別":"図上測量","筆界未定構成筆":null,"代表点緯度":-576.423,"代表点経度":1424.724995716}},{"type":"MultiPolygon","arcs":[[[792,-787,-788,793]]],"properties":{"筆ID":"H000000295","version":"ver1.0","座標系":"任意座標系","測地系判別":null,"地図名":"開拓図４・方無去","地図番号":"開17-2","縮尺分母":"2500","市区町村コード":"01662","市区町村名":"厚岸郡厚岸町","大字コード":"622","丁目コード":"000","小字コード":"0000","予備コード":"00","大字名":"片無去","丁目名":null,"小字名":null,"予備名":null,"地番":"160-307","精度区分":null,"座標値種別":"図上測量","筆界未定構成筆":null,"代表点緯度":-545.886,"代表点経度":1399.024689841}},{"type":"MultiPolygon","arcs":[[[794,795,-790,796]]],"properties":{"筆ID":"H000000296","version":"ver1.0","座標系":"任意座標系","測地系判別":null,"地図名":"開拓図４・方無去","地図番号":"開17-2","縮尺分母":"2500","市区町村コード":"01662","市区町村名":"厚岸郡厚岸町","大字コード":"622","丁目コード":"000","小字コード":"0000","予備コード":"00","大字名":"片無去","丁目名":null,"小字名":null,"予備名":null,"地番":"160-319","精度区分":null,"座標値種別":"図上測量","筆界未定構成筆":null,"代表点緯度":-572.0795,"代表点経度":1441.96857726}},{"type":"MultiPolygon","arcs":[[[797,-792,-793,798]]],"properties":{"筆ID":"H000000297","version":"ver1.0","座標系":"任意座標系","測地系判別":null,"地図名":"開拓図４・方無去","地図番号":"開17-2","縮尺分母":"2500","市区町村コード":"01662","市区町村名":"厚岸郡厚岸町","大字コード":"622","丁目コード":"000","小字コード":"0000","予備コード":"00","大字名":"片無去","丁目名":null,"小字名":null,"予備名":null,"地番":"160-308","精度区分":null,"座標値種別":"図上測量","筆界未定構成筆":null,"代表点緯度":-541.5745,"代表点経度":1416.028212521}},{"type":"MultiPolygon","arcs":[[[-730,799,-795,800]]],"properties":{"筆ID":"H000000298","version":"ver1.0","座標系":"任意座標系","測地系判別":null,"地図名":"開拓図４・方無去","地図番号":"開17-2","縮尺分母":"2500","市区町村コード":"01662","市区町村名":"厚岸郡厚岸町","大字コード":"622","丁目コード":"000","小字コード":"0000","予備コード":"00","大字名":"片無去","丁目名":null,"小字名":null,"予備名":null,"地番":"160-318","精度区分":null,"座標値種別":"図上測量","筆界未定構成筆":null,"代表点緯度":-567.596,"代表点経度":1459.73727507}},{"type":"MultiPolygon","arcs":[[[801,-797,-798,802]]],"properties":{"筆ID":"H000000299","version":"ver1.0","座標系":"任意座標系","測地系判別":null,"地図名":"開拓図４・方無去","地図番号":"開17-2","縮尺分母":"2500","市区町村コード":"01662","市区町村名":"厚岸郡厚岸町","大字コード":"622","丁目コード":"000","小字コード":"0000","予備コード":"00","大字名":"片無去","丁目名":null,"小字名":null,"予備名":null,"地番":"160-309","精度区分":null,"座標値種別":"図上測量","筆界未定構成筆":null,"代表点緯度":-537.22,"代表点経度":1433.250628786}},{"type":"MultiPolygon","arcs":[[[803,-801,-802,804]]],"properties":{"筆ID":"H000000300","version":"ver1.0","座標系":"任意座標系","測地系判別":null,"地図名":"開拓図４・方無去","地図番号":"開17-2","縮尺分母":"2500","市区町村コード":"01662","市区町村名":"厚岸郡厚岸町","大字コード":"622","丁目コード":"000","小字コード":"0000","予備コード":"00","大字名":"片無去","丁目名":null,"小字名":null,"予備名":null,"地番":"160-310","精度区分":null,"座標値種別":"図上測量","筆界未定構成筆":null,"代表点緯度":-532.74,"代表点経度":1450.937283711}},{"type":"MultiPolygon","arcs":[[[-725,-731,-804,805,806,807]]],"properties":{"筆ID":"H000000301","version":"ver1.0","座標系":"任意座標系","測地系判別":null,"地図名":"開拓図４・方無去","地図番号":"開17-2","縮尺分母":"2500","市区町村コード":"01662","市区町村名":"厚岸郡厚岸町","大字コード":"622","丁目コード":"000","小字コード":"0000","予備コード":"00","大字名":"片無去","丁目名":null,"小字名":null,"予備名":null,"地番":"160-311","精度区分":null,"座標値種別":"図上測量","筆界未定構成筆":null,"代表点緯度":-530.485,"代表点経度":1468.88728218}},{"type":"MultiPolygon","arcs":[[[808,809,810,811,812]]],"properties":{"筆ID":"H000000302","version":"ver1.0","座標系":"任意座標系","測地系判別":null,"地図名":"開拓図４・方無去","地図番号":"開17-2","縮尺分母":"2500","市区町村コード":"01662","市区町村名":"厚岸郡厚岸町","大字コード":"622","丁目コード":"000","小字コード":"0000","予備コード":"00","大字名":"片無去","丁目名":null,"小字名":null,"予備名":null,"地番":"160-315","精度区分":null,"座標値種別":"図上測量","筆界未定構成筆":null,"代表点緯度":-563.7855,"代表点経度":1520.683487623}},{"type":"MultiPolygon","arcs":[[[813,-812,814,815]]],"properties":{"筆ID":"H000000303","version":"ver1.0","座標系":"任意座標系","測地系判別":null,"地図名":"開拓図４・方無去","地図番号":"開17-2","縮尺分母":"2500","市区町村コード":"01662","市区町村名":"厚岸郡厚岸町","大字コード":"622","丁目コード":"000","小字コード":"0000","予備コード":"00","大字名":"片無去","丁目名":null,"小字名":null,"予備名":null,"地番":"160-314","精度区分":null,"座標値種別":"図上測量","筆界未定構成筆":null,"代表点緯度":-534.3265,"代表点経度":1517.094998047}},{"type":"MultiPolygon","arcs":[[[816,-816,817,-622]]],"properties":{"筆ID":"H000000304","version":"ver1.0","座標系":"任意座標系","測地系判別":null,"地図名":"開拓図４・方無去","地図番号":"開17-2","縮尺分母":"2500","市区町村コード":"01662","市区町村名":"厚岸郡厚岸町","大字コード":"622","丁目コード":"000","小字コード":"0000","予備コード":"00","大字名":"片無去","丁目名":null,"小字名":null,"予備名":null,"地番":"160-313","精度区分":null,"座標値種別":"図上測量","筆界未定構成筆":null,"代表点緯度":-511.9065,"代表点経度":1511.880951793}},{"type":"MultiPolygon","arcs":[[[-174,818,-813,-814,-817,-621,-179,-177]]],"properties":{"筆ID":"H000000305","version":"ver1.0","座標系":"任意座標系","測地系判別":null,"地図名":"開拓図４・方無去","地図番号":"開17-2","縮尺分母":"2500","市区町村コード":"01662","市区町村名":"厚岸郡厚岸町","大字コード":"622","丁目コード":"000","小字コード":"0000","予備コード":"00","大字名":"片無去","丁目名":null,"小字名":null,"予備名":null,"地番":"163-149","精度区分":null,"座標値種別":"図上測量","筆界未定構成筆":null,"代表点緯度":-525.023,"代表点経度":1541.210038304}},{"type":"MultiPolygon","arcs":[[[-810,819,820,821]]],"properties":{"筆ID":"H000000306","version":"ver1.0","座標系":"任意座標系","測地系判別":null,"地図名":"開拓図４・方無去","地図番号":"開17-2","縮尺分母":"2500","市区町村コード":"01662","市区町村名":"厚岸郡厚岸町","大字コード":"622","丁目コード":"000","小字コード":"0000","予備コード":"00","大字名":"片無去","丁目名":null,"小字名":null,"予備名":null,"地番":"160-347","精度区分":null,"座標値種別":"図上測量","筆界未定構成筆":null,"代表点緯度":-592.2535,"代表点経度":1501.413633268}},{"type":"MultiPolygon","arcs":[[[-821,822,823,824]]],"properties":{"筆ID":"H000000307","version":"ver1.0","座標系":"任意座標系","測地系判別":null,"地図名":"開拓図４・方無去","地図番号":"開17-2","縮尺分母":"2500","市区町村コード":"01662","市区町村名":"厚岸郡厚岸町","大字コード":"622","丁目コード":"000","小字コード":"0000","予備コード":"00","大字名":"片無去","丁目名":null,"小字名":null,"予備名":null,"地番":"160-348","精度区分":null,"座標値種別":"図上測量","筆界未定構成筆":null,"代表点緯度":-611.536,"代表点経度":1500.80034025}},{"type":"MultiPolygon","arcs":[[[-824,825,826]]],"properties":{"筆ID":"H000000308","version":"ver1.0","座標系":"任意座標系","測地系判別":null,"地図名":"開拓図４・方無去","地図番号":"開17-2","縮尺分母":"2500","市区町村コード":"01662","市区町村名":"厚岸郡厚岸町","大字コード":"622","丁目コード":"000","小字コード":"0000","予備コード":"00","大字名":"片無去","丁目名":null,"小字名":null,"予備名":null,"地番":"160-349","精度区分":null,"座標値種別":"図上測量","筆界未定構成筆":null,"代表点緯度":-633.1345,"代表点経度":1500.113527548}},{"type":"MultiPolygon","arcs":[[[827,828,829]]],"properties":{"筆ID":"H000000309","version":"ver1.0","座標系":"任意座標系","測地系判別":null,"地図名":"開拓図４・方無去","地図番号":"開17-2","縮尺分母":"2500","市区町村コード":"01662","市区町村名":"厚岸郡厚岸町","大字コード":"622","丁目コード":"000","小字コード":"0000","予備コード":"00","大字名":"片無去","丁目名":null,"小字名":null,"予備名":null,"地番":"160-345","精度区分":null,"座標値種別":"図上測量","筆界未定構成筆":null,"代表点緯度":-608.7605,"代表点経度":1470.07777788}},{"type":"MultiPolygon","arcs":[[[-829,830,831,832]]],"properties":{"筆ID":"H000000310","version":"ver1.0","座標系":"任意座標系","測地系判別":null,"地図名":"開拓図４・方無去","地図番号":"開17-2","縮尺分母":"2500","市区町村コード":"01662","市区町村名":"厚岸郡厚岸町","大字コード":"622","丁目コード":"000","小字コード":"0000","予備コード":"00","大字名":"片無去","丁目名":null,"小字名":null,"予備名":null,"地番":"160-344","精度区分":null,"座標値種別":"図上測量","筆界未定構成筆":null,"代表点緯度":-613.224,"代表点経度":1452.2874054}},{"type":"MultiPolygon","arcs":[[[833,834,835,836,-832]]],"properties":{"筆ID":"H000000311","version":"ver1.0","座標系":"任意座標系","測地系判別":null,"地図名":"開拓図４・方無去","地図番号":"開17-2","縮尺分母":"2500","市区町村コード":"01662","市区町村名":"厚岸郡厚岸町","大字コード":"622","丁目コード":"000","小字コード":"0000","予備コード":"00","大字名":"片無去","丁目名":null,"小字名":null,"予備名":null,"地番":"160-343","精度区分":null,"座標値種別":"図上測量","筆界未定構成筆":null,"代表点緯度":-617.582,"代表点経度":1434.907203798}},{"type":"MultiPolygon","arcs":[[[-836,837,838,839]]],"properties":{"筆ID":"H000000312","version":"ver1.0","座標系":"任意座標系","測地系判別":null,"地図名":"開拓図４・方無去","地図番号":"開17-2","縮尺分母":"2500","市区町村コード":"01662","市区町村名":"厚岸郡厚岸町","大字コード":"622","丁目コード":"000","小字コード":"0000","予備コード":"00","大字名":"片無去","丁目名":null,"小字名":null,"予備名":null,"地番":"160-342","精度区分":null,"座標値種別":"図上測量","筆界未定構成筆":null,"代表点緯度":-628.9715,"代表点経度":1419.534643502}},{"type":"MultiPolygon","arcs":[[[-839,840,841,842]]],"properties":{"筆ID":"H000000313","version":"ver1.0","座標系":"任意座標系","測地系判別":null,"地図名":"開拓図４・方無去","地図番号":"開17-2","縮尺分母":"2500","市区町村コード":"01662","市区町村名":"厚岸郡厚岸町","大字コード":"622","丁目コード":"000","小字コード":"0000","予備コード":"00","大字名":"片無去","丁目名":null,"小字名":null,"予備名":null,"地番":"160-341","精度区分":null,"座標値種別":"図上測量","筆界未定構成筆":null,"代表点緯度":-632.3405,"代表点経度":1401.33689712}},{"type":"MultiPolygon","arcs":[[[-842,843,844,845]]],"properties":{"筆ID":"H000000314","version":"ver1.0","座標系":"任意座標系","測地系判別":null,"地図名":"開拓図４・方無去","地図番号":"開17-2","縮尺分母":"2500","市区町村コード":"01662","市区町村名":"厚岸郡厚岸町","大字コード":"622","丁目コード":"000","小字コード":"0000","予備コード":"00","大字名":"片無去","丁目名":null,"小字名":null,"予備名":null,"地番":"160-340","精度区分":null,"座標値種別":"図上測量","筆界未定構成筆":null,"代表点緯度":-635.7005,"代表点経度":1382.976618506}},{"type":"MultiPolygon","arcs":[[[-845,846,847,848]]],"properties":{"筆ID":"H000000315","version":"ver1.0","座標系":"任意座標系","測地系判別":null,"地図名":"開拓図４・方無去","地図番号":"開17-2","縮尺分母":"2500","市区町村コード":"01662","市区町村名":"厚岸郡厚岸町","大字コード":"622","丁目コード":"000","小字コード":"0000","予備コード":"00","大字名":"片無去","丁目名":null,"小字名":null,"予備名":null,"地番":"160-339","精度区分":null,"座標値種別":"図上測量","筆界未定構成筆":null,"代表点緯度":-639.0365,"代表点経度":1364.885133558}},{"type":"MultiPolygon","arcs":[[[-848,849,850,851]]],"properties":{"筆ID":"H000000316","version":"ver1.0","座標系":"任意座標系","測地系判別":null,"地図名":"開拓図４・方無去","地図番号":"開17-2","縮尺分母":"2500","市区町村コード":"01662","市区町村名":"厚岸郡厚岸町","大字コード":"622","丁目コード":"000","小字コード":"0000","予備コード":"00","大字名":"片無去","丁目名":null,"小字名":null,"予備名":null,"地番":"160-338","精度区分":null,"座標値種別":"図上測量","筆界未定構成筆":null,"代表点緯度":-642.293,"代表点経度":1346.946684909}},{"type":"MultiPolygon","arcs":[[[-851,852,853,854]]],"properties":{"筆ID":"H000000317","version":"ver1.0","座標系":"任意座標系","測地系判別":null,"地図名":"開拓図４・方無去","地図番号":"開16-2","縮尺分母":"2500","市区町村コード":"01662","市区町村名":"厚岸郡厚岸町","大字コード":"622","丁目コード":"000","小字コード":"0000","予備コード":"00","大字名":"片無去","丁目名":null,"小字名":null,"予備名":null,"地番":"160-337","精度区分":null,"座標値種別":"図上測量","筆界未定構成筆":null,"代表点緯度":-645.567,"代表点経度":1329.264992828}},{"type":"MultiPolygon","arcs":[[[-854,855,856,857]]],"properties":{"筆ID":"H000000318","version":"ver1.0","座標系":"任意座標系","測地系判別":null,"地図名":"開拓図４・方無去","地図番号":"開16-2","縮尺分母":"2500","市区町村コード":"01662","市区町村名":"厚岸郡厚岸町","大字コード":"622","丁目コード":"000","小字コード":"0000","予備コード":"00","大字名":"片無去","丁目名":null,"小字名":null,"予備名":null,"地番":"160-336","精度区分":null,"座標値種別":"図上測量","筆界未定構成筆":null,"代表点緯度":-648.8015,"代表点経度":1311.445136785}},{"type":"MultiPolygon","arcs":[[[-857,858,859,860]]],"properties":{"筆ID":"H000000319","version":"ver1.0","座標系":"任意座標系","測地系判別":null,"地図名":"開拓図４・方無去","地図番号":"開16-2","縮尺分母":"2500","市区町村コード":"01662","市区町村名":"厚岸郡厚岸町","大字コード":"622","丁目コード":"000","小字コード":"0000","予備コード":"00","大字名":"片無去","丁目名":null,"小字名":null,"予備名":null,"地番":"160-335","精度区分":null,"座標値種別":"図上測量","筆界未定構成筆":null,"代表点緯度":-652.1785,"代表点経度":1293.274290917}},{"type":"MultiPolygon","arcs":[[[-860,861,862,863]]],"properties":{"筆ID":"H000000320","version":"ver1.0","座標系":"任意座標系","測地系判別":null,"地図名":"開拓図４・方無去","地図番号":"開16-2","縮尺分母":"2500","市区町村コード":"01662","市区町村名":"厚岸郡厚岸町","大字コード":"622","丁目コード":"000","小字コード":"0000","予備コード":"00","大字名":"片無去","丁目名":null,"小字名":null,"予備名":null,"地番":"160-334","精度区分":null,"座標値種別":"図上測量","筆界未定構成筆":null,"代表点緯度":-655.009,"代表点経度":1274.838332392}},{"type":"MultiPolygon","arcs":[[[-863,864,865]]],"properties":{"筆ID":"H000000321","version":"ver1.0","座標系":"任意座標系","測地系判別":null,"地図名":"開拓図４・方無去","地図番号":"開16-2","縮尺分母":"2500","市区町村コード":"01662","市区町村名":"厚岸郡厚岸町","大字コード":"622","丁目コード":"000","小字コード":"0000","予備コード":"00","大字名":"片無去","丁目名":null,"小字名":null,"予備名":null,"地番":"160-333","精度区分":null,"座標値種別":"図上測量","筆界未定構成筆":null,"代表点緯度":-648.967,"代表点経度":1248.678457213}},{"type":"MultiPolygon","arcs":[[[866,867,-834,-831,-828]]],"properties":{"筆ID":"H000000322","version":"ver1.0","座標系":"任意座標系","測地系判別":null,"地図名":"開拓図４・方無去","地図番号":"開17-2","縮尺分母":"2500","市区町村コード":"01662","市区町村名":"厚岸郡厚岸町","大字コード":"622","丁目コード":"000","小字コード":"0000","予備コード":"00","大字名":"片無去","丁目名":null,"小字名":null,"予備名":null,"地番":"160-346","精度区分":null,"座標値種別":"図上測量","筆界未定構成筆":null,"代表点緯度":-639.057,"代表点経度":1468.352763471}},{"type":"MultiPolygon","arcs":[[[868,869,870,871]]],"properties":{"筆ID":"H000000323","version":"ver1.0","座標系":"任意座標系","測地系判別":null,"地図名":"開拓図４・方無去","地図番号":"開17-2","縮尺分母":"2500","市区町村コード":"01662","市区町村名":"厚岸郡厚岸町","大字コード":"622","丁目コード":"000","小字コード":"0000","予備コード":"00","大字名":"片無去","丁目名":null,"小字名":null,"予備名":null,"地番":"160-3","精度区分":null,"座標値種別":"図上測量","筆界未定構成筆":null,"代表点緯度":-166.7085,"代表点経度":1437.904753229}},{"type":"MultiPolygon","arcs":[[[-871,872,873,874]]],"properties":{"筆ID":"H000000324","version":"ver1.0","座標系":"任意座標系","測地系判別":null,"地図名":"開拓図４・方無去","地図番号":"開17-2","縮尺分母":"2500","市区町村コード":"01662","市区町村名":"厚岸郡厚岸町","大字コード":"622","丁目コード":"000","小字コード":"0000","予備コード":"00","大字名":"片無去","丁目名":null,"小字名":null,"予備名":null,"地番":"160-4","精度区分":null,"座標値種別":"図上測量","筆界未定構成筆":null,"代表点緯度":-171.4835,"代表点経度":1418.614447941}},{"type":"MultiPolygon","arcs":[[[875,876,877,878]]],"properties":{"筆ID":"H000000325","version":"ver1.0","座標系":"任意座標系","測地系判別":null,"地図名":"開拓図４・方無去","地図番号":"開17-2","縮尺分母":"2500","市区町村コード":"01662","市区町村名":"厚岸郡厚岸町","大字コード":"622","丁目コード":"000","小字コード":"0000","予備コード":"00","大字名":"片無去","丁目名":null,"小字名":null,"予備名":null,"地番":"160-6","精度区分":null,"座標値種別":"図上測量","筆界未定構成筆":null,"代表点緯度":-180.208,"代表点経度":1383.855229546}},{"type":"MultiPolygon","arcs":[[[879,880,881,882]]],"properties":{"筆ID":"H000000326","version":"ver1.0","座標系":"任意座標系","測地系判別":null,"地図名":"開拓図４・方無去","地図番号":"開17-2","縮尺分母":"2500","市区町村コード":"01662","市区町村名":"厚岸郡厚岸町","大字コード":"622","丁目コード":"000","小字コード":"0000","予備コード":"00","大字名":"片無去","丁目名":null,"小字名":null,"予備名":null,"地番":"160-8","精度区分":null,"座標値種別":"図上測量","筆界未定構成筆":null,"代表点緯度":-188.956,"代表点経度":1349.060550102}},{"type":"MultiPolygon","arcs":[[[-882,883,884,885]]],"properties":{"筆ID":"H000000327","version":"ver1.0","座標系":"任意座標系","測地系判別":null,"地図名":"開拓図４・方無去","地図番号":"開16-2","縮尺分母":"2500","市区町村コード":"01662","市区町村名":"厚岸郡厚岸町","大字コード":"622","丁目コード":"000","小字コード":"0000","予備コード":"00","大字名":"片無去","丁目名":null,"小字名":null,"予備名":null,"地番":"160-9","精度区分":null,"座標値種別":"図上測量","筆界未定構成筆":null,"代表点緯度":-193.298,"代表点経度":1331.924469613}},{"type":"MultiPolygon","arcs":[[[886,887,888,889]]],"properties":{"筆ID":"H000000328","version":"ver1.0","座標系":"任意座標系","測地系判別":null,"地図名":"開拓図４・方無去","地図番号":"開16-2","縮尺分母":"2500","市区町村コード":"01662","市区町村名":"厚岸郡厚岸町","大字コード":"622","丁目コード":"000","小字コード":"0000","予備コード":"00","大字名":"片無去","丁目名":null,"小字名":null,"予備名":null,"地番":"160-11","精度区分":null,"座標値種別":"図上測量","筆界未定構成筆":null,"代表点緯度":-202.0655,"代表点経度":1296.934644419}},{"type":"MultiPolygon","arcs":[[[890,891,892,893]]],"properties":{"筆ID":"H000000329","version":"ver1.0","座標系":"任意座標系","測地系判別":null,"地図名":"開拓図４・方無去","地図番号":"開16-2","縮尺分母":"2500","市区町村コード":"01662","市区町村名":"厚岸郡厚岸町","大字コード":"622","丁目コード":"000","小字コード":"0000","予備コード":"00","大字名":"片無去","丁目名":null,"小字名":null,"予備名":null,"地番":"160-13","精度区分":null,"座標値種別":"図上測量","筆界未定構成筆":null,"代表点緯度":-210.9345,"代表点経度":1261.743090871}},{"type":"MultiPolygon","arcs":[[[-893,894,895,896]]],"properties":{"筆ID":"H000000330","version":"ver1.0","座標系":"任意座標系","測地系判別":null,"地図名":"開拓図４・方無去","地図番号":"開16-2","縮尺分母":"2500","市区町村コード":"01662","市区町村名":"厚岸郡厚岸町","大字コード":"622","丁目コード":"000","小字コード":"0000","予備コード":"00","大字名":"片無去","丁目名":null,"小字名":null,"予備名":null,"地番":"160-14","精度区分":null,"座標値種別":"図上測量","筆界未定構成筆":null,"代表点緯度":-215.272,"代表点経度":1244.402935555}},{"type":"MultiPolygon","arcs":[[[897,898,899,900]]],"properties":{"筆ID":"H000000331","version":"ver1.0","座標系":"任意座標系","測地系判別":null,"地図名":"開拓図４・方無去","地図番号":"開16-2","縮尺分母":"2500","市区町村コード":"01662","市区町村名":"厚岸郡厚岸町","大字コード":"622","丁目コード":"000","小字コード":"0000","予備コード":"00","大字名":"片無去","丁目名":null,"小字名":null,"予備名":null,"地番":"160-16","精度区分":null,"座標値種別":"図上測量","筆界未定構成筆":null,"代表点緯度":-224.1605,"代表点経度":1209.038639883}},{"type":"MultiPolygon","arcs":[[[901,902,903,904]]],"properties":{"筆ID":"H000000332","version":"ver1.0","座標系":"任意座標系","測地系判別":null,"地図名":"開拓図４・方無去","地図番号":"開16-2","縮尺分母":"2500","市区町村コード":"01662","市区町村名":"厚岸郡厚岸町","大字コード":"622","丁目コード":"000","小字コード":"0000","予備コード":"00","大字名":"片無去","丁目名":null,"小字名":null,"予備名":null,"地番":"160-18","精度区分":null,"座標値種別":"図上測量","筆界未定構成筆":null,"代表点緯度":-233.005,"代表点経度":1173.823957035}},{"type":"MultiPolygon","arcs":[[[905,906,907,908]]],"properties":{"筆ID":"H000000333","version":"ver1.0","座標系":"任意座標系","測地系判別":null,"地図名":"開拓図４・方無去","地図番号":"開16-2","縮尺分母":"2500","市区町村コード":"01662","市区町村名":"厚岸郡厚岸町","大字コード":"622","丁目コード":"000","小字コード":"0000","予備コード":"00","大字名":"片無去","丁目名":null,"小字名":null,"予備名":null,"地番":"160-20","精度区分":null,"座標値種別":"図上測量","筆界未定構成筆":null,"代表点緯度":-241.6055,"代表点経度":1139.588403695}},{"type":"MultiPolygon","arcs":[[[-908,909,910,911]]],"properties":{"筆ID":"H000000334","version":"ver1.0","座標系":"任意座標系","測地系判別":null,"地図名":"開拓図４・方無去","地図番号":"開16-2","縮尺分母":"2500","市区町村コード":"01662","市区町村名":"厚岸郡厚岸町","大字コード":"622","丁目コード":"000","小字コード":"0000","予備コード":"00","大字名":"片無去","丁目名":null,"小字名":null,"予備名":null,"地番":"160-21","精度区分":null,"座標値種別":"図上測量","筆界未定構成筆":null,"代表点緯度":-245.968,"代表点経度":1122.434853398}},{"type":"MultiPolygon","arcs":[[[912,913,914,915]]],"properties":{"筆ID":"H000000335","version":"ver1.0","座標系":"任意座標系","測地系判別":null,"地図名":"開拓図４・方無去","地図番号":"開16-2","縮尺分母":"2500","市区町村コード":"01662","市区町村名":"厚岸郡厚岸町","大字コード":"622","丁目コード":"000","小字コード":"0000","予備コード":"00","大字名":"片無去","丁目名":null,"小字名":null,"予備名":null,"地番":"160-25","精度区分":null,"座標値種別":"図上測量","筆界未定構成筆":null,"代表点緯度":-267.226,"代表点経度":1037.623100524}},{"type":"MultiPolygon","arcs":[[[916,917,918,919]]],"properties":{"筆ID":"H000000336","version":"ver1.0","座標系":"任意座標系","測地系判別":null,"地図名":"開拓図４・方無去","地図番号":"開16-2","縮尺分母":"2500","市区町村コード":"01662","市区町村名":"厚岸郡厚岸町","大字コード":"622","丁目コード":"000","小字コード":"0000","予備コード":"00","大字名":"片無去","丁目名":null,"小字名":null,"予備名":null,"地番":"160-27","精度区分":null,"座標値種別":"図上測量","筆界未定構成筆":null,"代表点緯度":-278.341,"代表点経度":993.472594513}},{"type":"MultiPolygon","arcs":[[[-919,920,921,922]]],"properties":{"筆ID":"H000000337","version":"ver1.0","座標系":"任意座標系","測地系判別":null,"地図名":"開拓図４・方無去","地図番号":"開16-2","縮尺分母":"2500","市区町村コード":"01662","市区町村名":"厚岸郡厚岸町","大字コード":"622","丁目コード":"000","小字コード":"0000","予備コード":"00","大字名":"片無去","丁目名":null,"小字名":null,"予備名":null,"地番":"160-28","精度区分":null,"座標値種別":"図上測量","筆界未定構成筆":null,"代表点緯度":-283.8855,"代表点経度":971.44018783}},{"type":"MultiPolygon","arcs":[[[923,924,925,926]]],"properties":{"筆ID":"H000000338","version":"ver1.0","座標系":"任意座標系","測地系判別":null,"地図名":"開拓図４・方無去","地図番号":"開16-2","縮尺分母":"2500","市区町村コード":"01662","市区町村名":"厚岸郡厚岸町","大字コード":"622","丁目コード":"000","小字コード":"0000","予備コード":"00","大字名":"片無去","丁目名":null,"小字名":null,"予備名":null,"地番":"160-30","精度区分":null,"座標値種別":"図上測量","筆界未定構成筆":null,"代表点緯度":-294.921,"代表点経度":927.761831419}},{"type":"MultiPolygon","arcs":[[[927,928,929,930]]],"properties":{"筆ID":"H000000339","version":"ver1.0","座標系":"任意座標系","測地系判別":null,"地図名":"開拓図４・方無去","地図番号":"開16-2","縮尺分母":"2500","市区町村コード":"01662","市区町村名":"厚岸郡厚岸町","大字コード":"622","丁目コード":"000","小字コード":"0000","予備コード":"00","大字名":"片無去","丁目名":null,"小字名":null,"予備名":null,"地番":"160-32","精度区分":null,"座標値種別":"図上測量","筆界未定構成筆":null,"代表点緯度":-305.93,"代表点経度":883.707078662}},{"type":"MultiPolygon","arcs":[[[931,932,933,934]]],"properties":{"筆ID":"H000000340","version":"ver1.0","座標系":"任意座標系","測地系判別":null,"地図名":"開拓図４・方無去","地図番号":"開16-2","縮尺分母":"2500","市区町村コード":"01662","市区町村名":"厚岸郡厚岸町","大字コード":"622","丁目コード":"000","小字コード":"0000","予備コード":"00","大字名":"片無去","丁目名":null,"小字名":null,"予備名":null,"地番":"160-34","精度区分":null,"座標値種別":"図上測量","筆界未定構成筆":null,"代表点緯度":-317.4255,"代表点経度":836.69130829}},{"type":"MultiPolygon","arcs":[[[935,936,937]]],"properties":{"筆ID":"H000000341","version":"ver1.0","座標系":"任意座標系","測地系判別":null,"地図名":"開拓図４・方無去","地図番号":"開16-2","縮尺分母":"2500","市区町村コード":"01662","市区町村名":"厚岸郡厚岸町","大字コード":"622","丁目コード":"000","小字コード":"0000","予備コード":"00","大字名":"片無去","丁目名":null,"小字名":null,"予備名":null,"地番":"160-47","精度区分":null,"座標値種別":"図上測量","筆界未定構成筆":null,"代表点緯度":-293.9805,"代表点経度":1107.154780328}},{"type":"MultiPolygon","arcs":[[[-937,938,939,940]]],"properties":{"筆ID":"H000000342","version":"ver1.0","座標系":"任意座標系","測地系判別":null,"地図名":"開拓図４・方無去","地図番号":"開16-2","縮尺分母":"2500","市区町村コード":"01662","市区町村名":"厚岸郡厚岸町","大字コード":"622","丁目コード":"000","小字コード":"0000","予備コード":"00","大字名":"片無去","丁目名":null,"小字名":null,"予備名":null,"地番":"160-46","精度区分":null,"座標値種別":"図上測量","筆界未定構成筆":null,"代表点緯度":-299.4855,"代表点経度":1085.310013738}},{"type":"MultiPolygon","arcs":[[[-940,941,942,943]]],"properties":{"筆ID":"H000000343","version":"ver1.0","座標系":"任意座標系","測地系判別":null,"地図名":"開拓図４・方無去","地図番号":"開16-2","縮尺分母":"2500","市区町村コード":"01662","市区町村名":"厚岸郡厚岸町","大字コード":"622","丁目コード":"000","小字コード":"0000","予備コード":"00","大字名":"片無去","丁目名":null,"小字名":null,"予備名":null,"地番":"160-45","精度区分":null,"座標値種別":"図上測量","筆界未定構成筆":null,"代表点緯度":-305.006,"代表点経度":1063.406172711}},{"type":"MultiPolygon","arcs":[[[-943,944,945,946]]],"properties":{"筆ID":"H000000344","version":"ver1.0","座標系":"任意座標系","測地系判別":null,"地図名":"開拓図４・方無去","地図番号":"開16-2","縮尺分母":"2500","市区町村コード":"01662","市区町村名":"厚岸郡厚岸町","大字コード":"622","丁目コード":"000","小字コード":"0000","予備コード":"00","大字名":"片無去","丁目名":null,"小字名":null,"予備名":null,"地番":"160-44","精度区分":null,"座標値種別":"図上測量","筆界未定構成筆":null,"代表点緯度":-310.465,"代表点経度":1041.872596904}},{"type":"MultiPolygon","arcs":[[[-946,947,948,949]]],"properties":{"筆ID":"H000000345","version":"ver1.0","座標系":"任意座標系","測地系判別":null,"地図名":"開拓図４・方無去","地図番号":"開16-2","縮尺分母":"2500","市区町村コード":"01662","市区町村名":"厚岸郡厚岸町","大字コード":"622","丁目コード":"000","小字コード":"0000","予備コード":"00","大字名":"片無去","丁目名":null,"小字名":null,"予備名":null,"地番":"160-43","精度区分":null,"座標値種別":"図上測量","筆界未定構成筆":null,"代表点緯度":-315.987,"代表点経度":1020.010277149}},{"type":"MultiPolygon","arcs":[[[-949,950,951,952]]],"properties":{"筆ID":"H000000346","version":"ver1.0","座標系":"任意座標系","測地系判別":null,"地図名":"開拓図４・方無去","地図番号":"開16-2","縮尺分母":"2500","市区町村コード":"01662","市区町村名":"厚岸郡厚岸町","大字コード":"622","丁目コード":"000","小字コード":"0000","予備コード":"00","大字名":"片無去","丁目名":null,"小字名":null,"予備名":null,"地番":"160-42","精度区分":null,"座標値種別":"図上測量","筆界未定構成筆":null,"代表点緯度":-321.647,"代表点経度":997.654499248}},{"type":"MultiPolygon","arcs":[[[-952,953,954,955]]],"properties":{"筆ID":"H000000347","version":"ver1.0","座標系":"任意座標系","測地系判別":null,"地図名":"開拓図４・方無去","地図番号":"開16-2","縮尺分母":"2500","市区町村コード":"01662","市区町村名":"厚岸郡厚岸町","大字コード":"622","丁目コード":"000","小字コード":"0000","予備コード":"00","大字名":"片無去","丁目名":null,"小字名":null,"予備名":null,"地番":"160-41","精度区分":null,"座標値種別":"図上測量","筆界未定構成筆":null,"代表点緯度":-327.27,"代表点経度":975.410259639}},{"type":"MultiPolygon","arcs":[[[-955,956,957,958]]],"properties":{"筆ID":"H000000348","version":"ver1.0","座標系":"任意座標系","測地系判別":null,"地図名":"開拓図４・方無去","地図番号":"開16-2","縮尺分母":"2500","市区町村コード":"01662","市区町村名":"厚岸郡厚岸町","大字コード":"622","丁目コード":"000","小字コード":"0000","予備コード":"00","大字名":"片無去","丁目名":null,"小字名":null,"予備名":null,"地番":"160-40","精度区分":null,"座標値種別":"図上測量","筆界未定構成筆":null,"代表点緯度":-332.7545,"代表点経度":953.660663014}},{"type":"MultiPolygon","arcs":[[[-958,959,960,961]]],"properties":{"筆ID":"H000000349","version":"ver1.0","座標系":"任意座標系","測地系判別":null,"地図名":"開拓図４・方無去","地図番号":"開16-2","縮尺分母":"2500","市区町村コード":"01662","市区町村名":"厚岸郡厚岸町","大字コード":"622","丁目コード":"000","小字コード":"0000","予備コード":"00","大字名":"片無去","丁目名":null,"小字名":null,"予備名":null,"地番":"160-39","精度区分":null,"座標値種別":"図上測量","筆界未定構成筆":null,"代表点緯度":-338.182,"代表点経度":932.245454686}},{"type":"MultiPolygon","arcs":[[[-961,962,963,964]]],"properties":{"筆ID":"H000000350","version":"ver1.0","座標系":"任意座標系","測地系判別":null,"地図名":"開拓図４・方無去","地図番号":"開16-2","縮尺分母":"2500","市区町村コード":"01662","市区町村名":"厚岸郡厚岸町","大字コード":"622","丁目コード":"000","小字コード":"0000","予備コード":"00","大字名":"片無去","丁目名":null,"小字名":null,"予備名":null,"地番":"160-38","精度区分":null,"座標値種別":"図上測量","筆界未定構成筆":null,"代表点緯度":-343.8115,"代表点経度":909.965976685}},{"type":"MultiPolygon","arcs":[[[-964,965,966,967]]],"properties":{"筆ID":"H000000351","version":"ver1.0","座標系":"任意座標系","測地系判別":null,"地図名":"開拓図４・方無去","地図番号":"開16-2","縮尺分母":"2500","市区町村コード":"01662","市区町村名":"厚岸郡厚岸町","大字コード":"622","丁目コード":"000","小字コード":"0000","予備コード":"00","大字名":"片無去","丁目名":null,"小字名":null,"予備名":null,"地番":"160-37","精度区分":null,"座標値種別":"図上測量","筆界未定構成筆":null,"代表点緯度":-349.4675,"代表点経度":887.56886899}},{"type":"MultiPolygon","arcs":[[[-967,968,969,970]]],"properties":{"筆ID":"H000000352","version":"ver1.0","座標系":"任意座標系","測地系判別":null,"地図名":"開拓図４・方無去","地図番号":"開16-2","縮尺分母":"2500","市区町村コード":"01662","市区町村名":"厚岸郡厚岸町","大字コード":"622","丁目コード":"000","小字コード":"0000","予備コード":"00","大字名":"片無去","丁目名":null,"小字名":null,"予備名":null,"地番":"160-36","精度区分":null,"座標値種別":"図上測量","筆界未定構成筆":null,"代表点緯度":-355.0935,"代表点経度":865.390061616}},{"type":"MultiPolygon","arcs":[[[-970,971,972,973]]],"properties":{"筆ID":"H000000353","version":"ver1.0","座標系":"任意座標系","測地系判別":null,"地図名":"開拓図４・方無去","地図番号":"開16-2","縮尺分母":"2500","市区町村コード":"01662","市区町村名":"厚岸郡厚岸町","大字コード":"622","丁目コード":"000","小字コード":"0000","予備コード":"00","大字名":"片無去","丁目名":null,"小字名":null,"予備名":null,"地番":"160-35","精度区分":null,"座標値種別":"図上測量","筆界未定構成筆":null,"代表点緯度":-360.9575,"代表点経度":840.869539842}},{"type":"MultiPolygon","arcs":[[[974,975,976,-972]]],"properties":{"筆ID":"H000000354","version":"ver1.0","座標系":"任意座標系","測地系判別":null,"地図名":"開拓図４・方無去","地図番号":"開16-2","縮尺分母":"2500","市区町村コード":"01662","市区町村名":"厚岸郡厚岸町","大字コード":"622","丁目コード":"000","小字コード":"0000","予備コード":"00","大字名":"片無去","丁目名":null,"小字名":null,"予備名":null,"地番":"160-98","精度区分":null,"座標値種別":"図上測量","筆界未定構成筆":null,"代表点緯度":-396.8525,"代表点経度":847.132793808}},{"type":"MultiPolygon","arcs":[[[977,978,-975,-969]]],"properties":{"筆ID":"H000000355","version":"ver1.0","座標系":"任意座標系","測地系判別":null,"地図名":"開拓図４・方無去","地図番号":"開16-2","縮尺分母":"2500","市区町村コード":"01662","市区町村名":"厚岸郡厚岸町","大字コード":"622","丁目コード":"000","小字コード":"0000","予備コード":"00","大字名":"片無去","丁目名":null,"小字名":null,"予備名":null,"地番":"160-97","精度区分":null,"座標値種別":"図上測量","筆界未定構成筆":null,"代表点緯度":-390.245,"代表点経度":874.426665877}},{"type":"MultiPolygon","arcs":[[[979,980,-978,-966]]],"properties":{"筆ID":"H000000356","version":"ver1.0","座標系":"任意座標系","測地系判別":null,"地図名":"開拓図４・方無去","地図番号":"開16-2","縮尺分母":"2500","市区町村コード":"01662","市区町村名":"厚岸郡厚岸町","大字コード":"622","丁目コード":"000","小字コード":"0000","予備コード":"00","大字名":"片無去","丁目名":null,"小字名":null,"予備名":null,"地番":"160-96","精度区分":null,"座標値種別":"図上測量","筆界未定構成筆":null,"代表点緯度":-384.6295,"代表点経度":896.565685621}},{"type":"MultiPolygon","arcs":[[[981,982,-980,-963]]],"properties":{"筆ID":"H000000357","version":"ver1.0","座標系":"任意座標系","測地系判別":null,"地図名":"開拓図４・方無去","地図番号":"開16-2","縮尺分母":"2500","市区町村コード":"01662","市区町村名":"厚岸郡厚岸町","大字コード":"622","丁目コード":"000","小字コード":"0000","予備コード":"00","大字名":"片無去","丁目名":null,"小字名":null,"予備名":null,"地番":"160-95","精度区分":null,"座標値種別":"図上測量","筆界未定構成筆":null,"代表点緯度":-378.9585,"代表点経度":919.02278533}},{"type":"MultiPolygon","arcs":[[[983,984,-982,-960]]],"properties":{"筆ID":"H000000358","version":"ver1.0","座標系":"任意座標系","測地系判別":null,"地図名":"開拓図４・方無去","地図番号":"開16-2","縮尺分母":"2500","市区町村コード":"01662","市区町村名":"厚岸郡厚岸町","大字コード":"622","丁目コード":"000","小字コード":"0000","予備コード":"00","大字名":"片無去","丁目名":null,"小字名":null,"予備名":null,"地番":"160-94","精度区分":null,"座標値種別":"図上測量","筆界未定構成筆":null,"代表点緯度":-373.336,"代表点経度":941.271361044}},{"type":"MultiPolygon","arcs":[[[985,986,-984,-957]]],"properties":{"筆ID":"H000000359","version":"ver1.0","座標系":"任意座標系","測地系判別":null,"地図名":"開拓図４・方無去","地図番号":"開16-2","縮尺分母":"2500","市区町村コード":"01662","市区町村名":"厚岸郡厚岸町","大字コード":"622","丁目コード":"000","小字コード":"0000","予備コード":"00","大字名":"片無去","丁目名":null,"小字名":null,"予備名":null,"地番":"160-93","精度区分":null,"座標値種別":"図上測量","筆界未定構成筆":null,"代表点緯度":-367.8925,"代表点経度":962.745419422}},{"type":"MultiPolygon","arcs":[[[987,988,-986,-954]]],"properties":{"筆ID":"H000000360","version":"ver1.0","座標系":"任意座標系","測地系判別":null,"地図名":"開拓図４・方無去","地図番号":"開16-2","縮尺分母":"2500","市区町村コード":"01662","市区町村名":"厚岸郡厚岸町","大字コード":"622","丁目コード":"000","小字コード":"0000","予備コード":"00","大字名":"片無去","丁目名":null,"小字名":null,"予備名":null,"地番":"160-92","精度区分":null,"座標値種別":"図上測量","筆界未定構成筆":null,"代表点緯度":-362.3995,"代表点経度":984.535647429}},{"type":"MultiPolygon","arcs":[[[989,990,-988,-951]]],"properties":{"筆ID":"H000000361","version":"ver1.0","座標系":"任意座標系","測地系判別":null,"地図名":"開拓図４・方無去","地図番号":"開16-2","縮尺分母":"2500","市区町村コード":"01662","市区町村名":"厚岸郡厚岸町","大字コード":"622","丁目コード":"000","小字コード":"0000","予備コード":"00","大字名":"片無去","丁目名":null,"小字名":null,"予備名":null,"地番":"160-91","精度区分":null,"座標値種別":"図上測量","筆界未定構成筆":null,"代表点緯度":-356.8,"代表点経度":1006.680646921}},{"type":"MultiPolygon","arcs":[[[991,992,-990,-948]]],"properties":{"筆ID":"H000000362","version":"ver1.0","座標系":"任意座標系","測地系判別":null,"地図名":"開拓図４・方無去","地図番号":"開16-2","縮尺分母":"2500","市区町村コード":"01662","市区町村名":"厚岸郡厚岸町","大字コード":"622","丁目コード":"000","小字コード":"0000","予備コード":"00","大字名":"片無去","丁目名":null,"小字名":null,"予備名":null,"地番":"160-90","精度区分":null,"座標値種別":"図上測量","筆界未定構成筆":null,"代表点緯度":-351.1515,"代表点経度":1028.99712396}},{"type":"MultiPolygon","arcs":[[[993,994,-992,-945]]],"properties":{"筆ID":"H000000363","version":"ver1.0","座標系":"任意座標系","測地系判別":null,"地図名":"開拓図４・方無去","地図番号":"開16-2","縮尺分母":"2500","市区町村コード":"01662","市区町村名":"厚岸郡厚岸町","大字コード":"622","丁目コード":"000","小字コード":"0000","予備コード":"00","大字名":"片無去","丁目名":null,"小字名":null,"予備名":null,"地番":"160-89","精度区分":null,"座標値種別":"図上測量","筆界未定構成筆":null,"代表点緯度":-345.632,"代表点経度":1050.839026138}},{"type":"MultiPolygon","arcs":[[[995,996,-994,-942]]],"properties":{"筆ID":"H000000364","version":"ver1.0","座標系":"任意座標系","測地系判別":null,"地図名":"開拓図４・方無去","地図番号":"開16-2","縮尺分母":"2500","市区町村コード":"01662","市区町村名":"厚岸郡厚岸町","大字コード":"622","丁目コード":"000","小字コード":"0000","予備コード":"00","大字名":"片無去","丁目名":null,"小字名":null,"予備名":null,"地番":"160-88","精度区分":null,"座標値種別":"図上測量","筆界未定構成筆":null,"代表点緯度":-340.16,"代表点経度":1072.433337187}},{"type":"MultiPolygon","arcs":[[[997,998,-996,-939]]],"properties":{"筆ID":"H000000365","version":"ver1.0","座標系":"任意座標系","測地系判別":null,"地図名":"開拓図４・方無去","地図番号":"開16-2","縮尺分母":"2500","市区町村コード":"01662","市区町村名":"厚岸郡厚岸町","大字コード":"622","丁目コード":"000","小字コード":"0000","予備コード":"00","大字名":"片無去","丁目名":null,"小字名":null,"予備名":null,"地番":"160-87","精度区分":null,"座標値種別":"図上測量","筆界未定構成筆":null,"代表点緯度":-334.6305,"代表点経度":1094.366633729}},{"type":"MultiPolygon","arcs":[[[999,-998,-936]]],"properties":{"筆ID":"H000000366","version":"ver1.0","座標系":"任意座標系","測地系判別":null,"地図名":"開拓図４・方無去","地図番号":"開16-2","縮尺分母":"2500","市区町村コード":"01662","市区町村名":"厚岸郡厚岸町","大字コード":"622","丁目コード":"000","小字コード":"0000","予備コード":"00","大字名":"片無去","丁目名":null,"小字名":null,"予備名":null,"地番":"160-86","精度区分":null,"座標値種別":"図上測量","筆界未定構成筆":null,"代表点緯度":-329.196,"代表点経度":1115.930509756}},{"type":"MultiPolygon","arcs":[[[1000,1001,1002,1003]]],"properties":{"筆ID":"H000000367","version":"ver1.0","座標系":"任意座標系","測地系判別":null,"地図名":"開拓図４・方無去","地図番号":"開17-2","縮尺分母":"2500","市区町村コード":"01662","市区町村名":"厚岸郡厚岸町","大字コード":"622","丁目コード":"000","小字コード":"0000","予備コード":"00","大字名":"片無去","丁目名":null,"小字名":null,"予備名":null,"地番":"160-66","精度区分":null,"座標値種別":"図上測量","筆界未定構成筆":null,"代表点緯度":-208.2345,"代表点経度":1447.507583468}},{"type":"MultiPolygon","arcs":[[[-1003,1004,1005,1006]]],"properties":{"筆ID":"H000000368","version":"ver1.0","座標系":"任意座標系","測地系判別":null,"地図名":"開拓図４・方無去","地図番号":"開17-2","縮尺分母":"2500","市区町村コード":"01662","市区町村名":"厚岸郡厚岸町","大字コード":"622","丁目コード":"000","小字コード":"0000","予備コード":"00","大字名":"片無去","丁目名":null,"小字名":null,"予備名":null,"地番":"160-65","精度区分":null,"座標値種別":"図上測量","筆界未定構成筆":null,"代表点緯度":-212.879,"代表点経度":1428.890424516}},{"type":"MultiPolygon","arcs":[[[-1006,1007,1008,1009]]],"properties":{"筆ID":"H000000369","version":"ver1.0","座標系":"任意座標系","測地系判別":null,"地図名":"開拓図４・方無去","地図番号":"開17-2","縮尺分母":"2500","市区町村コード":"01662","市区町村名":"厚岸郡厚岸町","大字コード":"622","丁目コード":"000","小字コード":"0000","予備コード":"00","大字名":"片無去","丁目名":null,"小字名":null,"予備名":null,"地番":"160-64","精度区分":null,"座標値種別":"図上測量","筆界未定構成筆":null,"代表点緯度":-217.276,"代表点経度":1411.483413741}},{"type":"MultiPolygon","arcs":[[[-1009,1010,1011,1012]]],"properties":{"筆ID":"H000000370","version":"ver1.0","座標系":"任意座標系","測地系判別":null,"地図名":"開拓図４・方無去","地図番号":"開17-2","縮尺分母":"2500","市区町村コード":"01662","市区町村名":"厚岸郡厚岸町","大字コード":"622","丁目コード":"000","小字コード":"0000","予備コード":"00","大字名":"片無去","丁目名":null,"小字名":null,"予備名":null,"地番":"160-63","精度区分":null,"座標値種別":"図上測量","筆界未定構成筆":null,"代表点緯度":-221.6995,"代表点経度":1394.028680247}},{"type":"MultiPolygon","arcs":[[[-1012,1013,1014,1015]]],"properties":{"筆ID":"H000000371","version":"ver1.0","座標系":"任意座標系","測地系判別":null,"地図名":"開拓図４・方無去","地図番号":"開17-2","縮尺分母":"2500","市区町村コード":"01662","市区町村名":"厚岸郡厚岸町","大字コード":"622","丁目コード":"000","小字コード":"0000","予備コード":"00","大字名":"片無去","丁目名":null,"小字名":null,"予備名":null,"地番":"160-62","精度区分":null,"座標値種別":"図上測量","筆界未定構成筆":null,"代表点緯度":-226.0805,"代表点経度":1376.714231606}},{"type":"MultiPolygon","arcs":[[[-1015,1016,1017,1018]]],"properties":{"筆ID":"H000000372","version":"ver1.0","座標系":"任意座標系","測地系判別":null,"地図名":"開拓図４・方無去","地図番号":"開17-2","縮尺分母":"2500","市区町村コード":"01662","市区町村名":"厚岸郡厚岸町","大字コード":"622","丁目コード":"000","小字コード":"0000","予備コード":"00","大字名":"片無去","丁目名":null,"小字名":null,"予備名":null,"地番":"160-61","精度区分":null,"座標値種別":"図上測量","筆界未定構成筆":null,"代表点緯度":-230.5295,"代表点経度":1359.135945051}},{"type":"MultiPolygon","arcs":[[[-1018,1019,1020,1021]]],"properties":{"筆ID":"H000000373","version":"ver1.0","座標系":"任意座標系","測地系判別":null,"地図名":"開拓図４・方無去","地図番号":"開16-2","縮尺分母":"2500","市区町村コード":"01662","市区町村名":"厚岸郡厚岸町","大字コード":"622","丁目コード":"000","小字コード":"0000","予備コード":"00","大字名":"片無去","丁目名":null,"小字名":null,"予備名":null,"地番":"160-60","精度区分":null,"座標値種別":"図上測量","筆界未定構成筆":null,"代表点緯度":-234.918,"代表点経度":1341.827736665}},{"type":"MultiPolygon","arcs":[[[-1021,1022,1023,1024]]],"properties":{"筆ID":"H000000374","version":"ver1.0","座標系":"任意座標系","測地系判別":null,"地図名":"開拓図４・方無去","地図番号":"開16-2","縮尺分母":"2500","市区町村コード":"01662","市区町村名":"厚岸郡厚岸町","大字コード":"622","丁目コード":"000","小字コード":"0000","予備コード":"00","大字名":"片無去","丁目名":null,"小字名":null,"予備名":null,"地番":"160-59","精度区分":null,"座標値種別":"図上測量","筆界未定構成筆":null,"代表点緯度":-239.303,"代表点経度":1324.51021561}},{"type":"MultiPolygon","arcs":[[[-1024,1025,1026,1027]]],"properties":{"筆ID":"H000000375","version":"ver1.0","座標系":"任意座標系","測地系判別":null,"地図名":"開拓図４・方無去","地図番号":"開16-2","縮尺分母":"2500","市区町村コード":"01662","市区町村名":"厚岸郡厚岸町","大字コード":"622","丁目コード":"000","小字コード":"0000","予備コード":"00","大字名":"片無去","丁目名":null,"小字名":null,"予備名":null,"地番":"160-58","精度区分":null,"座標値種別":"図上測量","筆界未定構成筆":null,"代表点緯度":-243.8015,"代表点経度":1306.691593371}},{"type":"MultiPolygon","arcs":[[[-1027,1028,1029,1030]]],"properties":{"筆ID":"H000000376","version":"ver1.0","座標系":"任意座標系","測地系判別":null,"地図名":"開拓図４・方無去","地図番号":"開16-2","縮尺分母":"2500","市区町村コード":"01662","市区町村名":"厚岸郡厚岸町","大字コード":"622","丁目コード":"000","小字コード":"0000","予備コード":"00","大字名":"片無去","丁目名":null,"小字名":null,"予備名":null,"地番":"160-57","精度区分":null,"座標値種別":"図上測量","筆界未定構成筆":null,"代表点緯度":-248.308,"代表点経度":1288.916954362}},{"type":"MultiPolygon","arcs":[[[-1030,1031,1032,1033]]],"properties":{"筆ID":"H000000377","version":"ver1.0","座標系":"任意座標系","測地系判別":null,"地図名":"開拓図４・方無去","地図番号":"開16-2","縮尺分母":"2500","市区町村コード":"01662","市区町村名":"厚岸郡厚岸町","大字コード":"622","丁目コード":"000","小字コード":"0000","予備コード":"00","大字名":"片無去","丁目名":null,"小字名":null,"予備名":null,"地番":"160-56","精度区分":null,"座標値種別":"図上測量","筆界未定構成筆":null,"代表点緯度":-252.6675,"代表点経度":1271.614991724}},{"type":"MultiPolygon","arcs":[[[-1033,1034,1035,1036]]],"properties":{"筆ID":"H000000378","version":"ver1.0","座標系":"任意座標系","測地系判別":null,"地図名":"開拓図４・方無去","地図番号":"開16-2","縮尺分母":"2500","市区町村コード":"01662","市区町村名":"厚岸郡厚岸町","大字コード":"622","丁目コード":"000","小字コード":"0000","予備コード":"00","大字名":"片無去","丁目名":null,"小字名":null,"予備名":null,"地番":"160-55","精度区分":null,"座標値種別":"図上測量","筆界未定構成筆":null,"代表点緯度":-257.087,"代表点経度":1254.257757358}},{"type":"MultiPolygon","arcs":[[[-1036,1037,1038,1039]]],"properties":{"筆ID":"H000000379","version":"ver1.0","座標系":"任意座標系","測地系判別":null,"地図名":"開拓図４・方無去","地図番号":"開16-2","縮尺分母":"2500","市区町村コード":"01662","市区町村名":"厚岸郡厚岸町","大字コード":"622","丁目コード":"000","小字コード":"0000","予備コード":"00","大字名":"片無去","丁目名":null,"小字名":null,"予備名":null,"地番":"160-54","精度区分":null,"座標値種別":"図上測量","筆界未定構成筆":null,"代表点緯度":-261.6115,"代表点経度":1236.33365615}},{"type":"MultiPolygon","arcs":[[[-1039,1040,1041,1042]]],"properties":{"筆ID":"H000000380","version":"ver1.0","座標系":"任意座標系","測地系判別":null,"地図名":"開拓図４・方無去","地図番号":"開16-2","縮尺分母":"2500","市区町村コード":"01662","市区町村名":"厚岸郡厚岸町","大字コード":"622","丁目コード":"000","小字コード":"0000","予備コード":"00","大字名":"片無去","丁目名":null,"小字名":null,"予備名":null,"地番":"160-53","精度区分":null,"座標値種別":"図上測量","筆界未定構成筆":null,"代表点緯度":-266.101,"代表点経度":1218.657579258}},{"type":"MultiPolygon","arcs":[[[-1042,1043,1044,1045]]],"properties":{"筆ID":"H000000381","version":"ver1.0","座標系":"任意座標系","測地系判別":null,"地図名":"開拓図４・方無去","地図番号":"開16-2","縮尺分母":"2500","市区町村コード":"01662","市区町村名":"厚岸郡厚岸町","大字コード":"622","丁目コード":"000","小字コード":"0000","予備コード":"00","大字名":"片無去","丁目名":null,"小字名":null,"予備名":null,"地番":"160-52","精度区分":null,"座標値種別":"図上測量","筆界未定構成筆":null,"代表点緯度":-270.52,"代表点経度":1201.121035611}},{"type":"MultiPolygon","arcs":[[[-1045,1046,1047,1048]]],"properties":{"筆ID":"H000000382","version":"ver1.0","座標系":"任意座標系","測地系判別":null,"地図名":"開拓図４・方無去","地図番号":"開16-2","縮尺分母":"2500","市区町村コード":"01662","市区町村名":"厚岸郡厚岸町","大字コード":"622","丁目コード":"000","小字コード":"0000","予備コード":"00","大字名":"片無去","丁目名":null,"小字名":null,"予備名":null,"地番":"160-51","精度区分":null,"座標値種別":"図上測量","筆界未定構成筆":null,"代表点緯度":-274.968,"代表点経度":1183.556375889}},{"type":"MultiPolygon","arcs":[[[-1048,1049,1050,1051]]],"properties":{"筆ID":"H000000383","version":"ver1.0","座標系":"任意座標系","測地系判別":null,"地図名":"開拓図４・方無去","地図番号":"開16-2","縮尺分母":"2500","市区町村コード":"01662","市区町村名":"厚岸郡厚岸町","大字コード":"622","丁目コード":"000","小字コード":"0000","予備コード":"00","大字名":"片無去","丁目名":null,"小字名":null,"予備名":null,"地番":"160-50","精度区分":null,"座標値種別":"図上測量","筆界未定構成筆":null,"代表点緯度":-279.249,"代表点経度":1166.666949895}},{"type":"MultiPolygon","arcs":[[[-1051,1052,1053,1054]]],"properties":{"筆ID":"H000000384","version":"ver1.0","座標系":"任意座標系","測地系判別":null,"地図名":"開拓図４・方無去","地図番号":"開16-2","縮尺分母":"2500","市区町村コード":"01662","市区町村名":"厚岸郡厚岸町","大字コード":"622","丁目コード":"000","小字コード":"0000","予備コード":"00","大字名":"片無去","丁目名":null,"小字名":null,"予備名":null,"地番":"160-49","精度区分":null,"座標値種別":"図上測量","筆界未定構成筆":null,"代表点緯度":-283.604,"代表点経度":1149.414408546}},{"type":"MultiPolygon","arcs":[[[-1054,1055,1056]]],"properties":{"筆ID":"H000000385","version":"ver1.0","座標系":"任意座標系","測地系判別":null,"地図名":"開拓図４・方無去","地図番号":"開16-2","縮尺分母":"2500","市区町村コード":"01662","市区町村名":"厚岸郡厚岸町","大字コード":"622","丁目コード":"000","小字コード":"0000","予備コード":"00","大字名":"片無去","丁目名":null,"小字名":null,"予備名":null,"地番":"160-48","精度区分":null,"座標値種別":"図上測量","筆界未定構成筆":null,"代表点緯度":-287.916,"代表点経度":1132.414398264}},{"type":"MultiPolygon","arcs":[[[1057,1058,-1056]]],"properties":{"筆ID":"H000000386","version":"ver1.0","座標系":"任意座標系","測地系判別":null,"地図名":"開拓図４・方無去","地図番号":"開16-2","縮尺分母":"2500","市区町村コード":"01662","市区町村名":"厚岸郡厚岸町","大字コード":"622","丁目コード":"000","小字コード":"0000","予備コード":"00","大字名":"片無去","丁目名":null,"小字名":null,"予備名":null,"地番":"160-85","精度区分":null,"座標値種別":"図上測量","筆界未定構成筆":null,"代表点緯度":-323.1515,"代表点経度":1141.107167761}},{"type":"MultiPolygon","arcs":[[[1059,1060,-1058,-1053]]],"properties":{"筆ID":"H000000387","version":"ver1.0","座標系":"任意座標系","測地系判別":null,"地図名":"開拓図４・方無去","地図番号":"開16-2","縮尺分母":"2500","市区町村コード":"01662","市区町村名":"厚岸郡厚岸町","大字コード":"622","丁目コード":"000","小字コード":"0000","予備コード":"00","大字名":"片無去","丁目名":null,"小字名":null,"予備名":null,"地番":"160-84","精度区分":null,"座標値種別":"図上測量","筆界未定構成筆":null,"代表点緯度":-318.8155,"代表点経度":1158.21137914}},{"type":"MultiPolygon","arcs":[[[1061,1062,-1060,-1050]]],"properties":{"筆ID":"H000000388","version":"ver1.0","座標系":"任意座標系","測地系判別":null,"地図名":"開拓図４・方無去","地図番号":"開16-2","縮尺分母":"2500","市区町村コード":"01662","市区町村名":"厚岸郡厚岸町","大字コード":"622","丁目コード":"000","小字コード":"0000","予備コード":"00","大字名":"片無去","丁目名":null,"小字名":null,"予備名":null,"地番":"160-83","精度区分":null,"座標値種別":"図上測量","筆界未定構成筆":null,"代表点緯度":-314.439,"代表点経度":1175.541247761}},{"type":"MultiPolygon","arcs":[[[1063,1064,-1062,-1047]]],"properties":{"筆ID":"H000000389","version":"ver1.0","座標系":"任意座標系","測地系判別":null,"地図名":"開拓図４・方無去","地図番号":"開16-2","縮尺分母":"2500","市区町村コード":"01662","市区町村名":"厚岸郡厚岸町","大字コード":"622","丁目コード":"000","小字コード":"0000","予備コード":"00","大字名":"片無去","丁目名":null,"小字名":null,"予備名":null,"地番":"160-82","精度区分":null,"座標値種別":"図上測量","筆界未定構成筆":null,"代表点緯度":-310.1495,"代表点経度":1192.465792483}},{"type":"MultiPolygon","arcs":[[[1065,1066,-1064,-1044]]],"properties":{"筆ID":"H000000390","version":"ver1.0","座標系":"任意座標系","測地系判別":null,"地図名":"開拓図４・方無去","地図番号":"開16-2","縮尺分母":"2500","市区町村コード":"01662","市区町村名":"厚岸郡厚岸町","大字コード":"622","丁目コード":"000","小字コード":"0000","予備コード":"00","大字名":"片無去","丁目名":null,"小字名":null,"予備名":null,"地番":"160-81","精度区分":null,"座標値種別":"図上測量","筆界未定構成筆":null,"代表点緯度":-305.6795,"代表点経度":1210.125760171}},{"type":"MultiPolygon","arcs":[[[1067,1068,-1066,-1041]]],"properties":{"筆ID":"H000000391","version":"ver1.0","座標系":"任意座標系","測地系判別":null,"地図名":"開拓図４・方無去","地図番号":"開16-2","縮尺分母":"2500","市区町村コード":"01662","市区町村名":"厚岸郡厚岸町","大字コード":"622","丁目コード":"000","小字コード":"0000","予備コード":"00","大字名":"片無去","丁目名":null,"小字名":null,"予備名":null,"地番":"160-80","精度区分":null,"座標値種別":"図上測量","筆界未定構成筆":null,"代表点緯度":-301.2705,"代表点経度":1227.609675689}},{"type":"MultiPolygon","arcs":[[[1069,1070,-1068,-1038]]],"properties":{"筆ID":"H000000392","version":"ver1.0","座標系":"任意座標系","測地系判別":null,"地図名":"開拓図４・方無去","地図番号":"開16-2","縮尺分母":"2500","市区町村コード":"01662","市区町村名":"厚岸郡厚岸町","大字コード":"622","丁目コード":"000","小字コード":"0000","予備コード":"00","大字名":"片無去","丁目名":null,"小字名":null,"予備名":null,"地番":"160-79","精度区分":null,"座標値種別":"図上測量","筆界未定構成筆":null,"代表点緯度":-296.805,"代表点経度":1245.199894321}},{"type":"MultiPolygon","arcs":[[[1071,1072,-1070,-1035]]],"properties":{"筆ID":"H000000393","version":"ver1.0","座標系":"任意座標系","測地系判別":null,"地図名":"開拓図４・方無去","地図番号":"開16-2","縮尺分母":"2500","市区町村コード":"01662","市区町村名":"厚岸郡厚岸町","大字コード":"622","丁目コード":"000","小字コード":"0000","予備コード":"00","大字名":"片無去","丁目名":null,"小字名":null,"予備名":null,"地番":"160-78","精度区分":null,"座標値種別":"図上測量","筆界未定構成筆":null,"代表点緯度":-292.294,"代表点経度":1263.063370909}},{"type":"MultiPolygon","arcs":[[[1073,1074,-1072,-1032]]],"properties":{"筆ID":"H000000394","version":"ver1.0","座標系":"任意座標系","測地系判別":null,"地図名":"開拓図４・方無去","地図番号":"開16-2","縮尺分母":"2500","市区町村コード":"01662","市区町村名":"厚岸郡厚岸町","大字コード":"622","丁目コード":"000","小字コード":"0000","予備コード":"00","大字名":"片無去","丁目名":null,"小字名":null,"予備名":null,"地番":"160-77","精度区分":null,"座標値種別":"図上測量","筆界未定構成筆":null,"代表点緯度":-287.8605,"代表点経度":1280.481547489}},{"type":"MultiPolygon","arcs":[[[1075,1076,-1074,-1029]]],"properties":{"筆ID":"H000000395","version":"ver1.0","座標系":"任意座標系","測地系判別":null,"地図名":"開拓図４・方無去","地図番号":"開16-2","縮尺分母":"2500","市区町村コード":"01662","市区町村名":"厚岸郡厚岸町","大字コード":"622","丁目コード":"000","小字コード":"0000","予備コード":"00","大字名":"片無去","丁目名":null,"小字名":null,"予備名":null,"地番":"160-76","精度区分":null,"座標値種別":"図上測量","筆界未定構成筆":null,"代表点緯度":-283.4715,"代表点経度":1297.894966504}},{"type":"MultiPolygon","arcs":[[[1077,1078,-1076,-1026]]],"properties":{"筆ID":"H000000396","version":"ver1.0","座標系":"任意座標系","測地系判別":null,"地図名":"開拓図４・方無去","地図番号":"開16-2","縮尺分母":"2500","市区町村コード":"01662","市区町村名":"厚岸郡厚岸町","大字コード":"622","丁目コード":"000","小字コード":"0000","予備コード":"00","大字名":"片無去","丁目名":null,"小字名":null,"予備名":null,"地番":"160-75","精度区分":null,"座標値種別":"図上測量","筆界未定構成筆":null,"代表点緯度":-278.964,"代表点経度":1315.67860696}},{"type":"MultiPolygon","arcs":[[[1079,1080,-1078,-1023]]],"properties":{"筆ID":"H000000397","version":"ver1.0","座標系":"任意座標系","測地系判別":null,"地図名":"開拓図４・方無去","地図番号":"開16-2","縮尺分母":"2500","市区町村コード":"01662","市区町村名":"厚岸郡厚岸町","大字コード":"622","丁目コード":"000","小字コード":"0000","予備コード":"00","大字名":"片無去","丁目名":null,"小字名":null,"予備名":null,"地番":"160-74","精度区分":null,"座標値種別":"図上測量","筆界未定構成筆":null,"代表点緯度":-274.471,"代表点経度":1333.471256989}},{"type":"MultiPolygon","arcs":[[[1081,1082,-1080,-1020]]],"properties":{"筆ID":"H000000398","version":"ver1.0","座標系":"任意座標系","測地系判別":null,"地図名":"開拓図４・方無去","地図番号":"開17-2","縮尺分母":"2500","市区町村コード":"01662","市区町村名":"厚岸郡厚岸町","大字コード":"622","丁目コード":"000","小字コード":"0000","予備コード":"00","大字名":"片無去","丁目名":null,"小字名":null,"予備名":null,"地番":"160-73","精度区分":null,"座標値種別":"図上測量","筆界未定構成筆":null,"代表点緯度":-270.1115,"代表点経度":1350.684558259}},{"type":"MultiPolygon","arcs":[[[1083,1084,-1082,-1017]]],"properties":{"筆ID":"H000000399","version":"ver1.0","座標系":"任意座標系","測地系判別":null,"地図名":"開拓図４・方無去","地図番号":"開17-2","縮尺分母":"2500","市区町村コード":"01662","市区町村名":"厚岸郡厚岸町","大字コード":"622","丁目コード":"000","小字コード":"0000","予備コード":"00","大字名":"片無去","丁目名":null,"小字名":null,"予備名":null,"地番":"160-72","精度区分":null,"座標値種別":"図上測量","筆界未定構成筆":null,"代表点緯度":-265.73,"代表点経度":1367.967268662}},{"type":"MultiPolygon","arcs":[[[1085,1086,-1084,-1014]]],"properties":{"筆ID":"H000000400","version":"ver1.0","座標系":"任意座標系","測地系判別":null,"地図名":"開拓図４・方無去","地図番号":"開17-2","縮尺分母":"2500","市区町村コード":"01662","市区町村名":"厚岸郡厚岸町","大字コード":"622","丁目コード":"000","小字コード":"0000","予備コード":"00","大字名":"片無去","丁目名":null,"小字名":null,"予備名":null,"地番":"160-71","精度区分":null,"座標値種別":"図上測量","筆界未定構成筆":null,"代表点緯度":-261.272,"代表点経度":1385.58022803}},{"type":"MultiPolygon","arcs":[[[1087,1088,-1086,-1011]]],"properties":{"筆ID":"H000000401","version":"ver1.0","座標系":"任意座標系","測地系判別":null,"地図名":"開拓図４・方無去","地図番号":"開17-2","縮尺分母":"2500","市区町村コード":"01662","市区町村名":"厚岸郡厚岸町","大字コード":"622","丁目コード":"000","小字コード":"0000","予備コード":"00","大字名":"片無去","丁目名":null,"小字名":null,"予備名":null,"地番":"160-70","精度区分":null,"座標値種別":"図上測量","筆界未定構成筆":null,"代表点緯度":-256.884,"代表点経度":1402.920412605}},{"type":"MultiPolygon","arcs":[[[1089,1090,-1088,-1008]]],"properties":{"筆ID":"H000000402","version":"ver1.0","座標系":"任意座標系","測地系判別":null,"地図名":"開拓図４・方無去","地図番号":"開17-2","縮尺分母":"2500","市区町村コード":"01662","市区町村名":"厚岸郡厚岸町","大字コード":"622","丁目コード":"000","小字コード":"0000","予備コード":"00","大字名":"片無去","丁目名":null,"小字名":null,"予備名":null,"地番":"160-69","精度区分":null,"座標値種別":"図上測量","筆界未定構成筆":null,"代表点緯度":-252.446,"代表点経度":1420.435619925}},{"type":"MultiPolygon","arcs":[[[1091,1092,-1090,-1005]]],"properties":{"筆ID":"H000000403","version":"ver1.0","座標系":"任意座標系","測地系判別":null,"地図名":"開拓図４・方無去","地図番号":"開17-2","縮尺分母":"2500","市区町村コード":"01662","市区町村名":"厚岸郡厚岸町","大字コード":"622","丁目コード":"000","小字コード":"0000","予備コード":"00","大字名":"片無去","丁目名":null,"小字名":null,"予備名":null,"地番":"160-68","精度区分":null,"座標値種別":"図上測量","筆界未定構成筆":null,"代表点緯度":-248.039,"代表点経度":1437.876745184}},{"type":"MultiPolygon","arcs":[[[1093,1094,-1092,-1002]]],"properties":{"筆ID":"H000000404","version":"ver1.0","座標系":"任意座標系","測地系判別":null,"地図名":"開拓図４・方無去","地図番号":"開17-2","縮尺分母":"2500","市区町村コード":"01662","市区町村名":"厚岸郡厚岸町","大字コード":"622","丁目コード":"000","小字コード":"0000","予備コード":"00","大字名":"片無去","丁目名":null,"小字名":null,"予備名":null,"地番":"160-67","精度区分":null,"座標値種別":"図上測量","筆界未定構成筆":null,"代表点緯度":-243.5605,"代表点経度":1455.851598045}},{"type":"MultiPolygon","arcs":[[[1095,1096,1097]]],"properties":{"筆ID":"H000000405","version":"ver1.0","座標系":"任意座標系","測地系判別":null,"地図名":"開拓図４・方無去","地図番号":"開16-2","縮尺分母":"2500","市区町村コード":"01662","市区町村名":"厚岸郡厚岸町","大字コード":"622","丁目コード":"000","小字コード":"0000","予備コード":"00","大字名":"片無去","丁目名":null,"小字名":null,"予備名":null,"地番":"160-112","精度区分":null,"座標値種別":"図上測量","筆界未定構成筆":null,"代表点緯度":-369.7825,"代表点経度":1125.372487216}},{"type":"MultiPolygon","arcs":[[[-1097,1098,1099,1100]]],"properties":{"筆ID":"H000000406","version":"ver1.0","座標系":"任意座標系","測地系判別":null,"地図名":"開拓図４・方無去","地図番号":"開16-2","縮尺分母":"2500","市区町村コード":"01662","市区町村名":"厚岸郡厚岸町","大字コード":"622","丁目コード":"000","小字コード":"0000","予備コード":"00","大字名":"片無去","丁目名":null,"小字名":null,"予備名":null,"地番":"160-111","精度区分":null,"座標値種別":"図上測量","筆界未定構成筆":null,"代表点緯度":-375.3245,"代表点経度":1103.439025837}},{"type":"MultiPolygon","arcs":[[[-1100,1101,1102,1103]]],"properties":{"筆ID":"H000000407","version":"ver1.0","座標系":"任意座標系","測地系判別":null,"地図名":"開拓図４・方無去","地図番号":"開16-2","縮尺分母":"2500","市区町村コード":"01662","市区町村名":"厚岸郡厚岸町","大字コード":"622","丁目コード":"000","小字コード":"0000","予備コード":"00","大字名":"片無去","丁目名":null,"小字名":null,"予備名":null,"地番":"160-110","精度区分":null,"座標値種別":"図上測量","筆界未定構成筆":null,"代表点緯度":-380.884,"代表点経度":1081.455978097}},{"type":"MultiPolygon","arcs":[[[-1103,1104,1105,1106]]],"properties":{"筆ID":"H000000408","version":"ver1.0","座標系":"任意座標系","測地系判別":null,"地図名":"開拓図４・方無去","地図番号":"開16-2","縮尺分母":"2500","市区町村コード":"01662","市区町村名":"厚岸郡厚岸町","大字コード":"622","丁目コード":"000","小字コード":"0000","予備コード":"00","大字名":"片無去","丁目名":null,"小字名":null,"予備名":null,"地番":"160-109","精度区分":null,"座標値種別":"図上測量","筆界未定構成筆":null,"代表点緯度":-386.394,"代表点経度":1059.729339623}},{"type":"MultiPolygon","arcs":[[[-1106,1107,1108,1109]]],"properties":{"筆ID":"H000000409","version":"ver1.0","座標系":"任意座標系","測地系判別":null,"地図名":"開拓図４・方無去","地図番号":"開16-2","縮尺分母":"2500","市区町村コード":"01662","市区町村名":"厚岸郡厚岸町","大字コード":"622","丁目コード":"000","小字コード":"0000","予備コード":"00","大字名":"片無去","丁目名":null,"小字名":null,"予備名":null,"地番":"160-108","精度区分":null,"座標値種別":"図上測量","筆界未定構成筆":null,"代表点緯度":-391.9235,"代表点経度":1037.916664966}},{"type":"MultiPolygon","arcs":[[[-1109,1110,1111,1112]]],"properties":{"筆ID":"H000000410","version":"ver1.0","座標系":"任意座標系","測地系判別":null,"地図名":"開拓図４・方無去","地図番号":"開16-2","縮尺分母":"2500","市区町村コード":"01662","市区町村名":"厚岸郡厚岸町","大字コード":"622","丁目コード":"000","小字コード":"0000","予備コード":"00","大字名":"片無去","丁目名":null,"小字名":null,"予備名":null,"地番":"160-107","精度区分":null,"座標値種別":"図上測量","筆界未定構成筆":null,"代表点緯度":-397.5905,"代表点経度":1015.510372259}},{"type":"MultiPolygon","arcs":[[[-1112,1113,1114,1115]]],"properties":{"筆ID":"H000000411","version":"ver1.0","座標系":"任意座標系","測地系判別":null,"地図名":"開拓図４・方無去","地図番号":"開16-2","縮尺分母":"2500","市区町村コード":"01662","市区町村名":"厚岸郡厚岸町","大字コード":"622","丁目コード":"000","小字コード":"0000","予備コード":"00","大字名":"片無去","丁目名":null,"小字名":null,"予備名":null,"地番":"160-106","精度区分":null,"座標値種別":"図上測量","筆界未定構成筆":null,"代表点緯度":-403.2025,"代表点経度":993.349870978}},{"type":"MultiPolygon","arcs":[[[-1115,1116,1117,1118]]],"properties":{"筆ID":"H000000412","version":"ver1.0","座標系":"任意座標系","測地系判別":null,"地図名":"開拓図４・方無去","地図番号":"開16-2","縮尺分母":"2500","市区町村コード":"01662","市区町村名":"厚岸郡厚岸町","大字コード":"622","丁目コード":"000","小字コード":"0000","予備コード":"00","大字名":"片無去","丁目名":null,"小字名":null,"予備名":null,"地番":"160-105","精度区分":null,"座標値種別":"図上測量","筆界未定構成筆":null,"代表点緯度":-408.682,"代表点経度":971.710611601}},{"type":"MultiPolygon","arcs":[[[-1118,1119,1120,1121]]],"properties":{"筆ID":"H000000413","version":"ver1.0","座標系":"任意座標系","測地系判別":null,"地図名":"開拓図４・方無去","地図番号":"開16-2","縮尺分母":"2500","市区町村コード":"01662","市区町村名":"厚岸郡厚岸町","大字コード":"622","丁目コード":"000","小字コード":"0000","予備コード":"00","大字名":"片無去","丁目名":null,"小字名":null,"予備名":null,"地番":"160-104","精度区分":null,"座標値種別":"図上測量","筆界未定構成筆":null,"代表点緯度":-414.1765,"代表点経度":950.110269991}},{"type":"MultiPolygon","arcs":[[[-1121,1122,1123,1124]]],"properties":{"筆ID":"H000000414","version":"ver1.0","座標系":"任意座標系","測地系判別":null,"地図名":"開拓図４・方無去","地図番号":"開16-2","縮尺分母":"2500","市区町村コード":"01662","市区町村名":"厚岸郡厚岸町","大字コード":"622","丁目コード":"000","小字コード":"0000","予備コード":"00","大字名":"片無去","丁目名":null,"小字名":null,"予備名":null,"地番":"160-103","精度区分":null,"座標値種別":"図上測量","筆界未定構成筆":null,"代表点緯度":-419.8045,"代表点経度":927.832512794}},{"type":"MultiPolygon","arcs":[[[-1124,1125,1126,1127]]],"properties":{"筆ID":"H000000415","version":"ver1.0","座標系":"任意座標系","測地系判別":null,"地図名":"開拓図４・方無去","地図番号":"開16-2","縮尺分母":"2500","市区町村コード":"01662","市区町村名":"厚岸郡厚岸町","大字コード":"622","丁目コード":"000","小字コード":"0000","予備コード":"00","大字名":"片無去","丁目名":null,"小字名":null,"予備名":null,"地番":"160-102","精度区分":null,"座標値種別":"図上測量","筆界未定構成筆":null,"代表点緯度":-425.476,"代表点経度":905.40739179}},{"type":"MultiPolygon","arcs":[[[-1127,1128,1129,1130]]],"properties":{"筆ID":"H000000416","version":"ver1.0","座標系":"任意座標系","測地系判別":null,"地図名":"開拓図４・方無去","地図番号":"開16-2","縮尺分母":"2500","市区町村コード":"01662","市区町村名":"厚岸郡厚岸町","大字コード":"622","丁目コード":"000","小字コード":"0000","予備コード":"00","大字名":"片無去","丁目名":null,"小字名":null,"予備名":null,"地番":"160-101","精度区分":null,"座標値種別":"図上測量","筆界未定構成筆":null,"代表点緯度":-431.131,"代表点経度":883.152631022}},{"type":"MultiPolygon","arcs":[[[-1130,1131,1132,1133]]],"properties":{"筆ID":"H000000417","version":"ver1.0","座標系":"任意座標系","測地系判別":null,"地図名":"開拓図４・方無去","地図番号":"開16-2","縮尺分母":"2500","市区町村コード":"01662","市区町村名":"厚岸郡厚岸町","大字コード":"622","丁目コード":"000","小字コード":"0000","予備コード":"00","大字名":"片無去","丁目名":null,"小字名":null,"予備名":null,"地番":"160-100","精度区分":null,"座標値種別":"図上測量","筆界未定構成筆":null,"代表点緯度":-436.61,"代表点経度":861.497587131}},{"type":"MultiPolygon","arcs":[[[-1133,1134,1135,1136]]],"properties":{"筆ID":"H000000418","version":"ver1.0","座標系":"任意座標系","測地系判別":null,"地図名":"開拓図４・方無去","地図番号":"開16-2","縮尺分母":"2500","市区町村コード":"01662","市区町村名":"厚岸郡厚岸町","大字コード":"622","丁目コード":"000","小字コード":"0000","予備コード":"00","大字名":"片無去","丁目名":null,"小字名":null,"予備名":null,"地番":"160-99","精度区分":null,"座標値種別":"図上測量","筆界未定構成筆":null,"代表点緯度":-441.0775,"代表点経度":842.566989484}},{"type":"MultiPolygon","arcs":[[[1137,1138,1139,-1135]]],"properties":{"筆ID":"H000000419","version":"ver1.0","座標系":"任意座標系","測地系判別":null,"地図名":"開拓図４・方無去","地図番号":"開16-2","縮尺分母":"2500","市区町村コード":"01662","市区町村名":"厚岸郡厚岸町","大字コード":"622","丁目コード":"000","小字コード":"0000","予備コード":"00","大字名":"片無去","丁目名":null,"小字名":null,"予備名":null,"地番":"160-164","精度区分":null,"座標値種別":"図上測量","筆界未定構成筆":null,"代表点緯度":-476.9375,"代表点経度":848.74213719}},{"type":"MultiPolygon","arcs":[[[1140,1141,-1138,-1132]]],"properties":{"筆ID":"H000000420","version":"ver1.0","座標系":"任意座標系","測地系判別":null,"地図名":"開拓図４・方無去","地図番号":"開16-2","縮尺分母":"2500","市区町村コード":"01662","市区町村名":"厚岸郡厚岸町","大字コード":"622","丁目コード":"000","小字コード":"0000","予備コード":"00","大字名":"片無去","丁目名":null,"小字名":null,"予備名":null,"地番":"160-163","精度区分":null,"座標値種別":"図上測量","筆界未定構成筆":null,"代表点緯度":-471.7575,"代表点経度":870.478930994}},{"type":"MultiPolygon","arcs":[[[1142,1143,-1141,-1129]]],"properties":{"筆ID":"H000000421","version":"ver1.0","座標系":"任意座標系","測地系判別":null,"地図名":"開拓図４・方無去","地図番号":"開16-2","縮尺分母":"2500","市区町村コード":"01662","市区町村名":"厚岸郡厚岸町","大字コード":"622","丁目コード":"000","小字コード":"0000","予備コード":"00","大字名":"片無去","丁目名":null,"小字名":null,"予備名":null,"地番":"160-162","精度区分":null,"座標値種別":"図上測量","筆界未定構成筆":null,"代表点緯度":-466.305,"代表点経度":892.070440089}},{"type":"MultiPolygon","arcs":[[[1144,1145,-1143,-1126]]],"properties":{"筆ID":"H000000422","version":"ver1.0","座標系":"任意座標系","測地系判別":null,"地図名":"開拓図４・方無去","地図番号":"開16-2","縮尺分母":"2500","市区町村コード":"01662","市区町村名":"厚岸郡厚岸町","大字コード":"622","丁目コード":"000","小字コード":"0000","予備コード":"00","大字名":"片無去","丁目名":null,"小字名":null,"予備名":null,"地番":"160-161","精度区分":null,"座標値種別":"図上測量","筆界未定構成筆":null,"代表点緯度":-460.6545,"代表点経度":914.345786179}},{"type":"MultiPolygon","arcs":[[[1146,1147,-1145,-1123]]],"properties":{"筆ID":"H000000423","version":"ver1.0","座標系":"任意座標系","測地系判別":null,"地図名":"開拓図４・方無去","地図番号":"開16-2","縮尺分母":"2500","市区町村コード":"01662","市区町村名":"厚岸郡厚岸町","大字コード":"622","丁目コード":"000","小字コード":"0000","予備コード":"00","大字名":"片無去","丁目名":null,"小字名":null,"予備名":null,"地番":"160-160","精度区分":null,"座標値種別":"図上測量","筆界未定構成筆":null,"代表点緯度":-454.9705,"代表点経度":936.857853597}},{"type":"MultiPolygon","arcs":[[[1148,1149,-1147,-1120]]],"properties":{"筆ID":"H000000424","version":"ver1.0","座標系":"任意座標系","測地系判別":null,"地図名":"開拓図４・方無去","地図番号":"開16-2","縮尺分母":"2500","市区町村コード":"01662","市区町村名":"厚岸郡厚岸町","大字コード":"622","丁目コード":"000","小字コード":"0000","予備コード":"00","大字名":"片無去","丁目名":null,"小字名":null,"予備名":null,"地番":"160-159","精度区分":null,"座標値種別":"図上測量","筆界未定構成筆":null,"代表点緯度":-449.383,"代表点経度":959.00579917}},{"type":"MultiPolygon","arcs":[[[1150,1151,-1149,-1117]]],"properties":{"筆ID":"H000000425","version":"ver1.0","座標系":"任意座標系","測地系判別":null,"地図名":"開拓図４・方無去","地図番号":"開16-2","縮尺分母":"2500","市区町村コード":"01662","市区町村名":"厚岸郡厚岸町","大字コード":"622","丁目コード":"000","小字コード":"0000","予備コード":"00","大字名":"片無去","丁目名":null,"小字名":null,"予備名":null,"地番":"160-158","精度区分":null,"座標値種別":"図上測量","筆界未定構成筆":null,"代表点緯度":-443.909,"代表点経度":980.551088841}},{"type":"MultiPolygon","arcs":[[[1152,1153,-1151,-1114]]],"properties":{"筆ID":"H000000426","version":"ver1.0","座標系":"任意座標系","測地系判別":null,"地図名":"開拓図４・方無去","地図番号":"開16-2","縮尺分母":"2500","市区町村コード":"01662","市区町村名":"厚岸郡厚岸町","大字コード":"622","丁目コード":"000","小字コード":"0000","予備コード":"00","大字名":"片無去","丁目名":null,"小字名":null,"予備名":null,"地番":"160-157","精度区分":null,"座標値種別":"図上測量","筆界未定構成筆":null,"代表点緯度":-438.409,"代表点経度":1002.315186899}},{"type":"MultiPolygon","arcs":[[[1154,1155,-1153,-1111]]],"properties":{"筆ID":"H000000427","version":"ver1.0","座標系":"任意座標系","測地系判別":null,"地図名":"開拓図４・方無去","地図番号":"開16-2","縮尺分母":"2500","市区町村コード":"01662","市区町村名":"厚岸郡厚岸町","大字コード":"622","丁目コード":"000","小字コード":"0000","予備コード":"00","大字名":"片無去","丁目名":null,"小字名":null,"予備名":null,"地番":"160-156","精度区分":null,"座標値種別":"図上測量","筆界未定構成筆":null,"代表点緯度":-432.7865,"代表点経度":1024.553489862}},{"type":"MultiPolygon","arcs":[[[1156,1157,-1155,-1108]]],"properties":{"筆ID":"H000000428","version":"ver1.0","座標系":"任意座標系","測地系判別":null,"地図名":"開拓図４・方無去","地図番号":"開16-2","縮尺分母":"2500","市区町村コード":"01662","市区町村名":"厚岸郡厚岸町","大字コード":"622","丁目コード":"000","小字コード":"0000","予備コード":"00","大字名":"片無去","丁目名":null,"小字名":null,"予備名":null,"地番":"160-155","精度区分":null,"座標値種別":"図上測量","筆界未定構成筆":null,"代表点緯度":-427.1355,"代表点経度":1046.93423275}},{"type":"MultiPolygon","arcs":[[[1158,1159,-1157,-1105]]],"properties":{"筆ID":"H000000429","version":"ver1.0","座標系":"任意座標系","測地系判別":null,"地図名":"開拓図４・方無去","地図番号":"開16-2","縮尺分母":"2500","市区町村コード":"01662","市区町村名":"厚岸郡厚岸町","大字コード":"622","丁目コード":"000","小字コード":"0000","予備コード":"00","大字名":"片無去","丁目名":null,"小字名":null,"予備名":null,"地番":"160-154","精度区分":null,"座標値種別":"図上測量","筆界未定構成筆":null,"代表点緯度":-421.6285,"代表点経度":1068.681992889}},{"type":"MultiPolygon","arcs":[[[1160,1161,-1159,-1102]]],"properties":{"筆ID":"H000000430","version":"ver1.0","座標系":"任意座標系","測地系判別":null,"地図名":"開拓図４・方無去","地図番号":"開16-2","縮尺分母":"2500","市区町村コード":"01662","市区町村名":"厚岸郡厚岸町","大字コード":"622","丁目コード":"000","小字コード":"0000","予備コード":"00","大字名":"片無去","丁目名":null,"小字名":null,"予備名":null,"地番":"160-153","精度区分":null,"座標値種別":"図上測量","筆界未定構成筆":null,"代表点緯度":-416.1215,"代表点経度":1090.438974458}},{"type":"MultiPolygon","arcs":[[[1162,1163,-1161,-1099]]],"properties":{"筆ID":"H000000431","version":"ver1.0","座標系":"任意座標系","測地系判別":null,"地図名":"開拓図４・方無去","地図番号":"開16-2","縮尺分母":"2500","市区町村コード":"01662","市区町村名":"厚岸郡厚岸町","大字コード":"622","丁目コード":"000","小字コード":"0000","予備コード":"00","大字名":"片無去","丁目名":null,"小字名":null,"予備名":null,"地番":"160-152","精度区分":null,"座標値種別":"図上測量","筆界未定構成筆":null,"代表点緯度":-410.572,"代表点経度":1112.414712791}},{"type":"MultiPolygon","arcs":[[[1164,-1163,-1096]]],"properties":{"筆ID":"H000000432","version":"ver1.0","座標系":"任意座標系","測地系判別":null,"地図名":"開拓図４・方無去","地図番号":"開16-2","縮尺分母":"2500","市区町村コード":"01662","市区町村名":"厚岸郡厚岸町","大字コード":"622","丁目コード":"000","小字コード":"0000","予備コード":"00","大字名":"片無去","丁目名":null,"小字名":null,"予備名":null,"地番":"160-151","精度区分":null,"座標値種別":"図上測量","筆界未定構成筆":null,"代表点緯度":-405.096,"代表点経度":1134.126115707}},{"type":"MultiPolygon","arcs":[[[1165,1166,1167,1168]]],"properties":{"筆ID":"H000000433","version":"ver1.0","座標系":"任意座標系","測地系判別":null,"地図名":"開拓図４・方無去","地図番号":"開17-2","縮尺分母":"2500","市区町村コード":"01662","市区町村名":"厚岸郡厚岸町","大字コード":"622","丁目コード":"000","小字コード":"0000","予備コード":"00","大字名":"片無去","丁目名":null,"小字名":null,"予備名":null,"地番":"160-131","精度区分":null,"座標値種別":"図上測量","筆界未定構成筆":null,"代表点緯度":-284.2255,"代表点経度":1465.091962246}},{"type":"MultiPolygon","arcs":[[[-1168,1169,1170,1171]]],"properties":{"筆ID":"H000000434","version":"ver1.0","座標系":"任意座標系","測地系判別":null,"地図名":"開拓図４・方無去","地図番号":"開17-2","縮尺分母":"2500","市区町村コード":"01662","市区町村名":"厚岸郡厚岸町","大字コード":"622","丁目コード":"000","小字コード":"0000","予備コード":"00","大字名":"片無去","丁目名":null,"小字名":null,"予備名":null,"地番":"160-130","精度区分":null,"座標値種別":"図上測量","筆界未定構成筆":null,"代表点緯度":-288.608,"代表点経度":1447.500681966}},{"type":"MultiPolygon","arcs":[[[-1171,1172,1173,1174]]],"properties":{"筆ID":"H000000435","version":"ver1.0","座標系":"任意座標系","測地系判別":null,"地図名":"開拓図４・方無去","地図番号":"開17-2","縮尺分母":"2500","市区町村コード":"01662","市区町村名":"厚岸郡厚岸町","大字コード":"622","丁目コード":"000","小字コード":"0000","予備コード":"00","大字名":"片無去","丁目名":null,"小字名":null,"予備名":null,"地番":"160-129","精度区分":null,"座標値種別":"図上測量","筆界未定構成筆":null,"代表点緯度":-293.033,"代表点経度":1430.088951811}},{"type":"MultiPolygon","arcs":[[[-1174,1175,1176,1177]]],"properties":{"筆ID":"H000000436","version":"ver1.0","座標系":"任意座標系","測地系判別":null,"地図名":"開拓図４・方無去","地図番号":"開17-2","縮尺分母":"2500","市区町村コード":"01662","市区町村名":"厚岸郡厚岸町","大字コード":"622","丁目コード":"000","小字コード":"0000","予備コード":"00","大字名":"片無去","丁目名":null,"小字名":null,"予備名":null,"地番":"160-128","精度区分":null,"座標値種別":"図上測量","筆界未定構成筆":null,"代表点緯度":-297.506,"代表点経度":1412.482588982}},{"type":"MultiPolygon","arcs":[[[-1177,1178,1179,1180]]],"properties":{"筆ID":"H000000437","version":"ver1.0","座標系":"任意座標系","測地系判別":null,"地図名":"開拓図４・方無去","地図番号":"開17-2","縮尺分母":"2500","市区町村コード":"01662","市区町村名":"厚岸郡厚岸町","大字コード":"622","丁目コード":"000","小字コード":"0000","予備コード":"00","大字名":"片無去","丁目名":null,"小字名":null,"予備名":null,"地番":"160-127","精度区分":null,"座標値種別":"図上測量","筆界未定構成筆":null,"代表点緯度":-301.926,"代表点経度":1395.027569811}},{"type":"MultiPolygon","arcs":[[[-1180,1181,1182,1183]]],"properties":{"筆ID":"H000000438","version":"ver1.0","座標系":"任意座標系","測地系判別":null,"地図名":"開拓図４・方無去","地図番号":"開17-2","縮尺分母":"2500","市区町村コード":"01662","市区町村名":"厚岸郡厚岸町","大字コード":"622","丁目コード":"000","小字コード":"0000","予備コード":"00","大字名":"片無去","丁目名":null,"小字名":null,"予備名":null,"地番":"160-126","精度区分":null,"座標値種別":"図上測量","筆界未定構成筆":null,"代表点緯度":-306.3905,"代表点経度":1377.429704413}},{"type":"MultiPolygon","arcs":[[[-1183,1184,1185,1186]]],"properties":{"筆ID":"H000000439","version":"ver1.0","座標系":"任意座標系","測地系判別":null,"地図名":"開拓図４・方無去","地図番号":"開17-2","縮尺分母":"2500","市区町村コード":"01662","市区町村名":"厚岸郡厚岸町","大字コード":"622","丁目コード":"000","小字コード":"0000","予備コード":"00","大字名":"片無去","丁目名":null,"小字名":null,"予備名":null,"地番":"160-125","精度区分":null,"座標値種別":"図上測量","筆界未定構成筆":null,"代表点緯度":-310.781,"代表点経度":1360.182146898}},{"type":"MultiPolygon","arcs":[[[-1186,1187,1188,1189]]],"properties":{"筆ID":"H000000440","version":"ver1.0","座標系":"任意座標系","測地系判別":null,"地図名":"開拓図４・方無去","地図番号":"開16-2","縮尺分母":"2500","市区町村コード":"01662","市区町村名":"厚岸郡厚岸町","大字コード":"622","丁目コード":"000","小字コード":"0000","予備コード":"00","大字名":"片無去","丁目名":null,"小字名":null,"予備名":null,"地番":"160-124","精度区分":null,"座標値種別":"図上測量","筆界未定構成筆":null,"代表点緯度":-315.166,"代表点経度":1342.90290588}},{"type":"MultiPolygon","arcs":[[[-1189,1190,1191,1192]]],"properties":{"筆ID":"H000000441","version":"ver1.0","座標系":"任意座標系","測地系判別":null,"地図名":"開拓図４・方無去","地図番号":"開16-2","縮尺分母":"2500","市区町村コード":"01662","市区町村名":"厚岸郡厚岸町","大字コード":"622","丁目コード":"000","小字コード":"0000","予備コード":"00","大字名":"片無去","丁目名":null,"小字名":null,"予備名":null,"地番":"160-123","精度区分":null,"座標値種別":"図上測量","筆界未定構成筆":null,"代表点緯度":-319.6455,"代表点経度":1325.167138453}},{"type":"MultiPolygon","arcs":[[[-1192,1193,1194,1195]]],"properties":{"筆ID":"H000000442","version":"ver1.0","座標系":"任意座標系","測地系判別":null,"地図名":"開拓図４・方無去","地図番号":"開16-2","縮尺分母":"2500","市区町村コード":"01662","市区町村名":"厚岸郡厚岸町","大字コード":"622","丁目コード":"000","小字コード":"0000","予備コード":"00","大字名":"片無去","丁目名":null,"小字名":null,"予備名":null,"地番":"160-122","精度区分":null,"座標値種別":"図上測量","筆界未定構成筆":null,"代表点緯度":-324.1715,"代表点経度":1307.418783336}},{"type":"MultiPolygon","arcs":[[[-1195,1196,1197,1198]]],"properties":{"筆ID":"H000000443","version":"ver1.0","座標系":"任意座標系","測地系判別":null,"地図名":"開拓図４・方無去","地図番号":"開16-2","縮尺分母":"2500","市区町村コード":"01662","市区町村名":"厚岸郡厚岸町","大字コード":"622","丁目コード":"000","小字コード":"0000","予備コード":"00","大字名":"片無去","丁目名":null,"小字名":null,"予備名":null,"地番":"160-121","精度区分":null,"座標値種別":"図上測量","筆界未定構成筆":null,"代表点緯度":-328.5935,"代表点経度":1289.928300535}},{"type":"MultiPolygon","arcs":[[[-1198,1199,1200,1201]]],"properties":{"筆ID":"H000000444","version":"ver1.0","座標系":"任意座標系","測地系判別":null,"地図名":"開拓図４・方無去","地図番号":"開16-2","縮尺分母":"2500","市区町村コード":"01662","市区町村名":"厚岸郡厚岸町","大字コード":"622","丁目コード":"000","小字コード":"0000","予備コード":"00","大字名":"片無去","丁目名":null,"小字名":null,"予備名":null,"地番":"160-120","精度区分":null,"座標値種別":"図上測量","筆界未定構成筆":null,"代表点緯度":-332.9885,"代表点経度":1272.670485683}},{"type":"MultiPolygon","arcs":[[[-1201,1202,1203,1204]]],"properties":{"筆ID":"H000000445","version":"ver1.0","座標系":"任意座標系","測地系判別":null,"地図名":"開拓図４・方無去","地図番号":"開16-2","縮尺分母":"2500","市区町村コード":"01662","市区町村名":"厚岸郡厚岸町","大字コード":"622","丁目コード":"000","小字コード":"0000","予備コード":"00","大字名":"片無去","丁目名":null,"小字名":null,"予備名":null,"地番":"160-119","精度区分":null,"座標値種別":"図上測量","筆界未定構成筆":null,"代表点緯度":-337.4985,"代表点経度":1254.893434317}},{"type":"MultiPolygon","arcs":[[[-1204,1205,1206,1207]]],"properties":{"筆ID":"H000000446","version":"ver1.0","座標系":"任意座標系","測地系判別":null,"地図名":"開拓図４・方無去","地図番号":"開16-2","縮尺分母":"2500","市区町村コード":"01662","市区町村名":"厚岸郡厚岸町","大字コード":"622","丁目コード":"000","小字コード":"0000","予備コード":"00","大字名":"片無去","丁目名":null,"小字名":null,"予備名":null,"地番":"160-118","精度区分":null,"座標値種別":"図上測量","筆界未定構成筆":null,"代表点緯度":-341.953,"代表点経度":1237.310556082}},{"type":"MultiPolygon","arcs":[[[-1207,1208,1209,1210]]],"properties":{"筆ID":"H000000447","version":"ver1.0","座標系":"任意座標系","測地系判別":null,"地図名":"開拓図４・方無去","地図番号":"開16-2","縮尺分母":"2500","市区町村コード":"01662","市区町村名":"厚岸郡厚岸町","大字コード":"622","丁目コード":"000","小字コード":"0000","予備コード":"00","大字名":"片無去","丁目名":null,"小字名":null,"予備名":null,"地番":"160-117","精度区分":null,"座標値種別":"図上測量","筆界未定構成筆":null,"代表点緯度":-346.3765,"代表点経度":1219.876393408}},{"type":"MultiPolygon","arcs":[[[-1210,1211,1212,1213]]],"properties":{"筆ID":"H000000448","version":"ver1.0","座標系":"任意座標系","測地系判別":null,"地図名":"開拓図４・方無去","地図番号":"開16-2","縮尺分母":"2500","市区町村コード":"01662","市区町村名":"厚岸郡厚岸町","大字コード":"622","丁目コード":"000","小字コード":"0000","予備コード":"00","大字名":"片無去","丁目名":null,"小字名":null,"予備名":null,"地番":"160-116","精度区分":null,"座標値種別":"図上測量","筆界未定構成筆":null,"代表点緯度":-350.869,"代表点経度":1202.176789443}},{"type":"MultiPolygon","arcs":[[[-1213,1214,1215,1216]]],"properties":{"筆ID":"H000000449","version":"ver1.0","座標系":"任意座標系","測地系判別":null,"地図名":"開拓図４・方無去","地図番号":"開16-2","縮尺分母":"2500","市区町村コード":"01662","市区町村名":"厚岸郡厚岸町","大字コード":"622","丁目コード":"000","小字コード":"0000","予備コード":"00","大字名":"片無去","丁目名":null,"小字名":null,"予備名":null,"地番":"160-115","精度区分":null,"座標値種別":"図上測量","筆界未定構成筆":null,"代表点緯度":-355.197,"代表点経度":1185.163116157}},{"type":"MultiPolygon","arcs":[[[-1216,1217,1218,1219]]],"properties":{"筆ID":"H000000450","version":"ver1.0","座標系":"任意座標系","測地系判別":null,"地図名":"開拓図４・方無去","地図番号":"開16-2","縮尺分母":"2500","市区町村コード":"01662","市区町村名":"厚岸郡厚岸町","大字コード":"622","丁目コード":"000","小字コード":"0000","予備コード":"00","大字名":"片無去","丁目名":null,"小字名":null,"予備名":null,"地番":"160-114","精度区分":null,"座標値種別":"図上測量","筆界未定構成筆":null,"代表点緯度":-359.593,"代表点経度":1167.758657443}},{"type":"MultiPolygon","arcs":[[[-1219,1220,1221]]],"properties":{"筆ID":"H000000451","version":"ver1.0","座標系":"任意座標系","測地系判別":null,"地図名":"開拓図４・方無去","地図番号":"開16-2","縮尺分母":"2500","市区町村コード":"01662","市区町村名":"厚岸郡厚岸町","大字コード":"622","丁目コード":"000","小字コード":"0000","予備コード":"00","大字名":"片無去","丁目名":null,"小字名":null,"予備名":null,"地番":"160-113","精度区分":null,"座標値種別":"図上測量","筆界未定構成筆":null,"代表点緯度":-363.884,"代表点経度":1150.862394075}},{"type":"MultiPolygon","arcs":[[[1222,1223,-1221]]],"properties":{"筆ID":"H000000452","version":"ver1.0","座標系":"任意座標系","測地系判別":null,"地図名":"開拓図４・方無去","地図番号":"開16-2","縮尺分母":"2500","市区町村コード":"01662","市区町村名":"厚岸郡厚岸町","大字コード":"622","丁目コード":"000","小字コード":"0000","予備コード":"00","大字名":"片無去","丁目名":null,"小字名":null,"予備名":null,"地番":"160-150","精度区分":null,"座標値種別":"図上測量","筆界未定構成筆":null,"代表点緯度":-399.1945,"代表点経度":1159.649841868}},{"type":"MultiPolygon","arcs":[[[1224,1225,-1223,-1218]]],"properties":{"筆ID":"H000000453","version":"ver1.0","座標系":"任意座標系","測地系判別":null,"地図名":"開拓図４・方無去","地図番号":"開16-2","縮尺分母":"2500","市区町村コード":"01662","市区町村名":"厚岸郡厚岸町","大字コード":"622","丁目コード":"000","小字コード":"0000","予備コード":"00","大字名":"片無去","丁目名":null,"小字名":null,"予備名":null,"地番":"160-149","精度区分":null,"座標値種別":"図上測量","筆界未定構成筆":null,"代表点緯度":-394.8685,"代表点経度":1176.733550263}},{"type":"MultiPolygon","arcs":[[[1226,1227,-1225,-1215]]],"properties":{"筆ID":"H000000454","version":"ver1.0","座標系":"任意座標系","測地系判別":null,"地図名":"開拓図４・方無去","地図番号":"開16-2","縮尺分母":"2500","市区町村コード":"01662","市区町村名":"厚岸郡厚岸町","大字コード":"622","丁目コード":"000","小字コード":"0000","予備コード":"00","大字名":"片無去","丁目名":null,"小字名":null,"予備名":null,"地番":"160-148","精度区分":null,"座標値種別":"図上測量","筆界未定構成筆":null,"代表点緯度":-390.468,"代表点経度":1194.167932118}},{"type":"MultiPolygon","arcs":[[[1228,1229,-1227,-1212]]],"properties":{"筆ID":"H000000455","version":"ver1.0","座標系":"任意座標系","測地系判別":null,"地図名":"開拓図４・方無去","地図番号":"開16-2","縮尺分母":"2500","市区町村コード":"01662","市区町村名":"厚岸郡厚岸町","大字コード":"622","丁目コード":"000","小字コード":"0000","予備コード":"00","大字名":"片無去","丁目名":null,"小字名":null,"予備名":null,"地番":"160-147","精度区分":null,"座標値種別":"図上測量","筆界未定構成筆":null,"代表点緯度":-386.1595,"代表点経度":1211.135795651}},{"type":"MultiPolygon","arcs":[[[1230,1231,-1229,-1209]]],"properties":{"筆ID":"H000000456","version":"ver1.0","座標系":"任意座標系","測地系判別":null,"地図名":"開拓図４・方無去","地図番号":"開16-2","縮尺分母":"2500","市区町村コード":"01662","市区町村名":"厚岸郡厚岸町","大字コード":"622","丁目コード":"000","小字コード":"0000","予備コード":"00","大字名":"片無去","丁目名":null,"小字名":null,"予備名":null,"地番":"160-146","精度区分":null,"座標値種別":"図上測量","筆界未定構成筆":null,"代表点緯度":-381.6665,"代表点経度":1228.875219815}},{"type":"MultiPolygon","arcs":[[[1232,1233,-1231,-1206]]],"properties":{"筆ID":"H000000457","version":"ver1.0","座標系":"任意座標系","測地系判別":null,"地図名":"開拓図４・方無去","地図番号":"開16-2","縮尺分母":"2500","市区町村コード":"01662","市区町村名":"厚岸郡厚岸町","大字コード":"622","丁目コード":"000","小字コード":"0000","予備コード":"00","大字名":"片無去","丁目名":null,"小字名":null,"予備名":null,"地番":"160-145","精度区分":null,"座標値種別":"図上測量","筆界未定構成筆":null,"代表点緯度":-377.2375,"代表点経度":1246.348454548}},{"type":"MultiPolygon","arcs":[[[1234,1235,-1233,-1203]]],"properties":{"筆ID":"H000000458","version":"ver1.0","座標系":"任意座標系","測地系判別":null,"地図名":"開拓図４・方無去","地図番号":"開16-2","縮尺分母":"2500","市区町村コード":"01662","市区町村名":"厚岸郡厚岸町","大字コード":"622","丁目コード":"000","小字コード":"0000","予備コード":"00","大字名":"片無去","丁目名":null,"小字名":null,"予備名":null,"地番":"160-144","精度区分":null,"座標値種別":"図上測量","筆界未定構成筆":null,"代表点緯度":-372.802,"代表点経度":1263.896075171}},{"type":"MultiPolygon","arcs":[[[1236,1237,-1235,-1200]]],"properties":{"筆ID":"H000000459","version":"ver1.0","座標系":"任意座標系","測地系判別":null,"地図名":"開拓図４・方無去","地図番号":"開16-2","縮尺分母":"2500","市区町村コード":"01662","市区町村名":"厚岸郡厚岸町","大字コード":"622","丁目コード":"000","小字コード":"0000","予備コード":"00","大字名":"片無去","丁目名":null,"小字名":null,"予備名":null,"地番":"160-143","精度区分":null,"座標値種別":"図上測量","筆界未定構成筆":null,"代表点緯度":-368.325,"代表点経度":1281.559971334}},{"type":"MultiPolygon","arcs":[[[1238,1239,-1237,-1197]]],"properties":{"筆ID":"H000000460","version":"ver1.0","座標系":"任意座標系","測地系判別":null,"地図名":"開拓図４・方無去","地図番号":"開16-2","縮尺分母":"2500","市区町村コード":"01662","市区町村名":"厚岸郡厚岸町","大字コード":"622","丁目コード":"000","小字コード":"0000","予備コード":"00","大字名":"片無去","丁目名":null,"小字名":null,"予備名":null,"地番":"160-142","精度区分":null,"座標値種別":"図上測量","筆界未定構成筆":null,"代表点緯度":-363.932,"代表点経度":1298.838129303}},{"type":"MultiPolygon","arcs":[[[1240,1241,-1239,-1194]]],"properties":{"筆ID":"H000000461","version":"ver1.0","座標系":"任意座標系","測地系判別":null,"地図名":"開拓図４・方無去","地図番号":"開16-2","縮尺分母":"2500","市区町村コード":"01662","市区町村名":"厚岸郡厚岸町","大字コード":"622","丁目コード":"000","小字コード":"0000","予備コード":"00","大字名":"片無去","丁目名":null,"小字名":null,"予備名":null,"地番":"160-141","精度区分":null,"座標値種別":"図上測量","筆界未定構成筆":null,"代表点緯度":-359.515,"代表点経度":1316.339676776}},{"type":"MultiPolygon","arcs":[[[1242,1243,-1241,-1191]]],"properties":{"筆ID":"H000000462","version":"ver1.0","座標系":"任意座標系","測地系判別":null,"地図名":"開拓図４・方無去","地図番号":"開16-2","縮尺分母":"2500","市区町村コード":"01662","市区町村名":"厚岸郡厚岸町","大字コード":"622","丁目コード":"000","小字コード":"0000","予備コード":"00","大字名":"片無去","丁目名":null,"小字名":null,"予備名":null,"地番":"160-140","精度区分":null,"座標値種別":"図上測量","筆界未定構成筆":null,"代表点緯度":-354.9845,"代表点経度":1334.137348996}},{"type":"MultiPolygon","arcs":[[[1244,1245,-1243,-1188]]],"properties":{"筆ID":"H000000463","version":"ver1.0","座標系":"任意座標系","測地系判別":null,"地図名":"開拓図４・方無去","地図番号":"開17-2","縮尺分母":"2500","市区町村コード":"01662","市区町村名":"厚岸郡厚岸町","大字コード":"622","丁目コード":"000","小字コード":"0000","予備コード":"00","大字名":"片無去","丁目名":null,"小字名":null,"予備名":null,"地番":"160-139","精度区分":null,"座標値種別":"図上測量","筆界未定構成筆":null,"代表点緯度":-350.499,"代表点経度":1351.922044747}},{"type":"MultiPolygon","arcs":[[[1246,1247,-1245,-1185]]],"properties":{"筆ID":"H000000464","version":"ver1.0","座標系":"任意座標系","測地系判別":null,"地図名":"開拓図４・方無去","地図番号":"開17-2","縮尺分母":"2500","市区町村コード":"01662","市区町村名":"厚岸郡厚岸町","大字コード":"622","丁目コード":"000","小字コード":"0000","予備コード":"00","大字名":"片無去","丁目名":null,"小字名":null,"予備名":null,"地番":"160-138","精度区分":null,"座標値種別":"図上測量","筆界未定構成筆":null,"代表点緯度":-346.15,"代表点経度":1369.07919277}},{"type":"MultiPolygon","arcs":[[[1248,1249,-1247,-1182]]],"properties":{"筆ID":"H000000465","version":"ver1.0","座標系":"任意座標系","測地系判別":null,"地図名":"開拓図４・方無去","地図番号":"開17-2","縮尺分母":"2500","市区町村コード":"01662","市区町村名":"厚岸郡厚岸町","大字コード":"622","丁目コード":"000","小字コード":"0000","予備コード":"00","大字名":"片無去","丁目名":null,"小字名":null,"予備名":null,"地番":"160-137","精度区分":null,"座標値種別":"図上測量","筆界未定構成筆":null,"代表点緯度":-341.767,"代表点経度":1386.328952218}},{"type":"MultiPolygon","arcs":[[[1250,1251,-1249,-1179]]],"properties":{"筆ID":"H000000466","version":"ver1.0","座標系":"任意座標系","測地系判別":null,"地図名":"開拓図４・方無去","地図番号":"開17-2","縮尺分母":"2500","市区町村コード":"01662","市区町村名":"厚岸郡厚岸町","大字コード":"622","丁目コード":"000","小字コード":"0000","予備コード":"00","大字名":"片無去","丁目名":null,"小字名":null,"予備名":null,"地番":"160-136","精度区分":null,"座標値種別":"図上測量","筆界未定構成筆":null,"代表点緯度":-337.2865,"代表点経度":1404.023728179}},{"type":"MultiPolygon","arcs":[[[1252,1253,-1251,-1176]]],"properties":{"筆ID":"H000000467","version":"ver1.0","座標系":"任意座標系","測地系判別":null,"地図名":"開拓図４・方無去","地図番号":"開17-2","縮尺分母":"2500","市区町村コード":"01662","市区町村名":"厚岸郡厚岸町","大字コード":"622","丁目コード":"000","小字コード":"0000","予備コード":"00","大字名":"片無去","丁目名":null,"小字名":null,"予備名":null,"地番":"160-135","精度区分":null,"座標値種別":"図上測量","筆界未定構成筆":null,"代表点緯度":-332.8715,"代表点経度":1421.47986002}},{"type":"MultiPolygon","arcs":[[[1254,1255,-1253,-1173]]],"properties":{"筆ID":"H000000468","version":"ver1.0","座標系":"任意座標系","測地系判別":null,"地図名":"開拓図４・方無去","地図番号":"開17-2","縮尺分母":"2500","市区町村コード":"01662","市区町村名":"厚岸郡厚岸町","大字コード":"622","丁目コード":"000","小字コード":"0000","予備コード":"00","大字名":"片無去","丁目名":null,"小字名":null,"予備名":null,"地番":"160-134","精度区分":null,"座標値種別":"図上測量","筆界未定構成筆":null,"代表点緯度":-328.4165,"代表点経度":1439.05044923}},{"type":"MultiPolygon","arcs":[[[1256,1257,-1255,-1170]]],"properties":{"筆ID":"H000000469","version":"ver1.0","座標系":"任意座標系","測地系判別":null,"地図名":"開拓図４・方無去","地図番号":"開17-2","縮尺分母":"2500","市区町村コード":"01662","市区町村名":"厚岸郡厚岸町","大字コード":"622","丁目コード":"000","小字コード":"0000","予備コード":"00","大字名":"片無去","丁目名":null,"小字名":null,"予備名":null,"地番":"160-133","精度区分":null,"座標値種別":"図上測量","筆界未定構成筆":null,"代表点緯度":-323.9785,"代表点経度":1456.529461853}},{"type":"MultiPolygon","arcs":[[[1258,1259,-1257,-1167]]],"properties":{"筆ID":"H000000470","version":"ver1.0","座標系":"任意座標系","測地系判別":null,"地図名":"開拓図４・方無去","地図番号":"開17-2","縮尺分母":"2500","市区町村コード":"01662","市区町村名":"厚岸郡厚岸町","大字コード":"622","丁目コード":"000","小字コード":"0000","予備コード":"00","大字名":"片無去","丁目名":null,"小字名":null,"予備名":null,"地番":"160-132","精度区分":null,"座標値種別":"図上測量","筆界未定構成筆":null,"代表点緯度":-319.7615,"代表点経度":1473.524549239}},{"type":"MultiPolygon","arcs":[[[1260,1261,1262]]],"properties":{"筆ID":"H000000471","version":"ver1.0","座標系":"任意座標系","測地系判別":null,"地図名":"開拓図４・方無去","地図番号":"開16-2","縮尺分母":"2500","市区町村コード":"01662","市区町村名":"厚岸郡厚岸町","大字コード":"622","丁目コード":"000","小字コード":"0000","予備コード":"00","大字名":"片無去","丁目名":null,"小字名":null,"予備名":null,"地番":"160-178","精度区分":null,"座標値種別":"図上測量","筆界未定構成筆":null,"代表点緯度":-449.1375,"代表点経度":1144.535473086}},{"type":"MultiPolygon","arcs":[[[-1262,1263,1264,1265]]],"properties":{"筆ID":"H000000472","version":"ver1.0","座標系":"任意座標系","測地系判別":null,"地図名":"開拓図４・方無去","地図番号":"開16-2","縮尺分母":"2500","市区町村コード":"01662","市区町村名":"厚岸郡厚岸町","大字コード":"622","丁目コード":"000","小字コード":"0000","予備コード":"00","大字名":"片無去","丁目名":null,"小字名":null,"予備名":null,"地番":"160-177","精度区分":null,"座標値種別":"図上測量","筆界未定構成筆":null,"代表点緯度":-454.7055,"代表点経度":1122.530649897}},{"type":"MultiPolygon","arcs":[[[-1265,1266,1267,1268]]],"properties":{"筆ID":"H000000473","version":"ver1.0","座標系":"任意座標系","測地系判別":null,"地図名":"開拓図４・方無去","地図番号":"開16-2","縮尺分母":"2500","市区町村コード":"01662","市区町村名":"厚岸郡厚岸町","大字コード":"622","丁目コード":"000","小字コード":"0000","予備コード":"00","大字名":"片無去","丁目名":null,"小字名":null,"予備名":null,"地番":"160-176","精度区分":null,"座標値種別":"図上測量","筆界未定構成筆":null,"代表点緯度":-460.284,"代表点経度":1100.511268611}},{"type":"MultiPolygon","arcs":[[[-1268,1269,1270,1271]]],"properties":{"筆ID":"H000000474","version":"ver1.0","座標系":"任意座標系","測地系判別":null,"地図名":"開拓図４・方無去","地図番号":"開16-2","縮尺分母":"2500","市区町村コード":"01662","市区町村名":"厚岸郡厚岸町","大字コード":"622","丁目コード":"000","小字コード":"0000","予備コード":"00","大字名":"片無去","丁目名":null,"小字名":null,"予備名":null,"地番":"160-175","精度区分":null,"座標値種別":"図上測量","筆界未定構成筆":null,"代表点緯度":-465.7875,"代表点経度":1078.847217712}},{"type":"MultiPolygon","arcs":[[[-1271,1272,1273,1274]]],"properties":{"筆ID":"H000000475","version":"ver1.0","座標系":"任意座標系","測地系判別":null,"地図名":"開拓図４・方無去","地図番号":"開16-2","縮尺分母":"2500","市区町村コード":"01662","市区町村名":"厚岸郡厚岸町","大字コード":"622","丁目コード":"000","小字コード":"0000","予備コード":"00","大字名":"片無去","丁目名":null,"小字名":null,"予備名":null,"地番":"160-174","精度区分":null,"座標値種別":"図上測量","筆界未定構成筆":null,"代表点緯度":-471.3525,"代表点経度":1056.970898337}},{"type":"MultiPolygon","arcs":[[[-1274,1275,1276,1277]]],"properties":{"筆ID":"H000000476","version":"ver1.0","座標系":"任意座標系","測地系判別":null,"地図名":"開拓図４・方無去","地図番号":"開16-2","縮尺分母":"2500","市区町村コード":"01662","市区町村名":"厚岸郡厚岸町","大字コード":"622","丁目コード":"000","小字コード":"0000","予備コード":"00","大字名":"片無去","丁目名":null,"小字名":null,"予備名":null,"地番":"160-173","精度区分":null,"座標値種別":"図上測量","筆界未定構成筆":null,"代表点緯度":-477.004,"代表点経度":1034.627593518}},{"type":"MultiPolygon","arcs":[[[-1277,1278,1279,1280]]],"properties":{"筆ID":"H000000477","version":"ver1.0","座標系":"任意座標系","測地系判別":null,"地図名":"開拓図４・方無去","地図番号":"開16-2","縮尺分母":"2500","市区町村コード":"01662","市区町村名":"厚岸郡厚岸町","大字コード":"622","丁目コード":"000","小字コード":"0000","予備コード":"00","大字名":"片無去","丁目名":null,"小字名":null,"予備名":null,"地番":"160-172","精度区分":null,"座標値種別":"図上測量","筆界未定構成筆":null,"代表点緯度":-482.612,"代表点経度":1012.615077285}},{"type":"MultiPolygon","arcs":[[[-1280,1281,1282,1283]]],"properties":{"筆ID":"H000000478","version":"ver1.0","座標系":"任意座標系","測地系判別":null,"地図名":"開拓図４・方無去","地図番号":"開16-2","縮尺分母":"2500","市区町村コード":"01662","市区町村名":"厚岸郡厚岸町","大字コード":"622","丁目コード":"000","小字コード":"0000","予備コード":"00","大字名":"片無去","丁目名":null,"小字名":null,"予備名":null,"地番":"160-171","精度区分":null,"座標値種別":"図上測量","筆界未定構成筆":null,"代表点緯度":-488.121,"代表点経度":990.847528023}},{"type":"MultiPolygon","arcs":[[[-1283,1284,1285,1286]]],"properties":{"筆ID":"H000000479","version":"ver1.0","座標系":"任意座標系","測地系判別":null,"地図名":"開拓図４・方無去","地図番号":"開16-2","縮尺分母":"2500","市区町村コード":"01662","市区町村名":"厚岸郡厚岸町","大字コード":"622","丁目コード":"000","小字コード":"0000","予備コード":"00","大字名":"片無去","丁目名":null,"小字名":null,"予備名":null,"地番":"160-170","精度区分":null,"座標値種別":"図上測量","筆界未定構成筆":null,"代表点緯度":-493.622,"代表点経度":969.238936178}},{"type":"MultiPolygon","arcs":[[[-1286,1287,1288,1289]]],"properties":{"筆ID":"H000000480","version":"ver1.0","座標系":"任意座標系","測地系判別":null,"地図名":"開拓図４・方無去","地図番号":"開16-2","縮尺分母":"2500","市区町村コード":"01662","市区町村名":"厚岸郡厚岸町","大字コード":"622","丁目コード":"000","小字コード":"0000","予備コード":"00","大字名":"片無去","丁目名":null,"小字名":null,"予備名":null,"地番":"160-169","精度区分":null,"座標値種別":"図上測量","筆界未定構成筆":null,"代表点緯度":-499.226,"代表点経度":947.066620088}},{"type":"MultiPolygon","arcs":[[[-1289,1290,1291,1292]]],"properties":{"筆ID":"H000000481","version":"ver1.0","座標系":"任意座標系","測地系判別":null,"地図名":"開拓図４・方無去","地図番号":"開16-2","縮尺分母":"2500","市区町村コード":"01662","市区町村名":"厚岸郡厚岸町","大字コード":"622","丁目コード":"000","小字コード":"0000","予備コード":"00","大字名":"片無去","丁目名":null,"小字名":null,"予備名":null,"地番":"160-168","精度区分":null,"座標値種別":"図上測量","筆界未定構成筆":null,"代表点緯度":-504.9235,"代表点経度":924.641471448}},{"type":"MultiPolygon","arcs":[[[-1292,1293,1294,1295]]],"properties":{"筆ID":"H000000482","version":"ver1.0","座標系":"任意座標系","測地系判別":null,"地図名":"開拓図４・方無去","地図番号":"開16-2","縮尺分母":"2500","市区町村コード":"01662","市区町村名":"厚岸郡厚岸町","大字コード":"622","丁目コード":"000","小字コード":"0000","予備コード":"00","大字名":"片無去","丁目名":null,"小字名":null,"予備名":null,"地番":"160-167","精度区分":null,"座標値種別":"図上測量","筆界未定構成筆":null,"代表点緯度":-510.5465,"代表点経度":902.60012041}},{"type":"MultiPolygon","arcs":[[[-1295,1296,1297,1298]]],"properties":{"筆ID":"H000000483","version":"ver1.0","座標系":"任意座標系","測地系判別":null,"地図名":"開拓図４・方無去","地図番号":"開16-2","縮尺分母":"2500","市区町村コード":"01662","市区町村名":"厚岸郡厚岸町","大字コード":"622","丁目コード":"000","小字コード":"0000","予備コード":"00","大字名":"片無去","丁目名":null,"小字名":null,"予備名":null,"地番":"160-166","精度区分":null,"座標値種別":"図上測量","筆界未定構成筆":null,"代表点緯度":-515.9745,"代表点経度":881.140983233}},{"type":"MultiPolygon","arcs":[[[-1298,1299,1300,1301]]],"properties":{"筆ID":"H000000484","version":"ver1.0","座標系":"任意座標系","測地系判別":null,"地図名":"開拓図４・方無去","地図番号":"開16-2","縮尺分母":"2500","市区町村コード":"01662","市区町村名":"厚岸郡厚岸町","大字コード":"622","丁目コード":"000","小字コード":"0000","予備コード":"00","大字名":"片無去","丁目名":null,"小字名":null,"予備名":null,"地番":"160-165","精度区分":null,"座標値種別":"図上測量","筆界未定構成筆":null,"代表点緯度":-521.987,"代表点経度":856.150170744}},{"type":"MultiPolygon","arcs":[[[1302,1303,1304,-1300]]],"properties":{"筆ID":"H000000485","version":"ver1.0","座標系":"任意座標系","測地系判別":null,"地図名":"開拓図４・方無去","地図番号":"開16-2","縮尺分母":"2500","市区町村コード":"01662","市区町村名":"厚岸郡厚岸町","大字コード":"622","丁目コード":"000","小字コード":"0000","予備コード":"00","大字名":"片無去","丁目名":null,"小字名":null,"予備名":null,"地番":"160-231","精度区分":null,"座標値種別":"図上測量","筆界未定構成筆":null,"代表点緯度":-557.968,"代表点経度":862.34011996}},{"type":"MultiPolygon","arcs":[[[1305,1306,-1303,-1297]]],"properties":{"筆ID":"H000000486","version":"ver1.0","座標系":"任意座標系","測地系判別":null,"地図名":"開拓図４・方無去","地図番号":"開16-2","縮尺分母":"2500","市区町村コード":"01662","市区町村名":"厚岸郡厚岸町","大字コード":"622","丁目コード":"000","小字コード":"0000","予備コード":"00","大字名":"片無去","丁目名":null,"小字名":null,"予備名":null,"地番":"160-230","精度区分":null,"座標値種別":"図上測量","筆界未定構成筆":null,"代表点緯度":-551.1875,"代表点経度":890.148454368}},{"type":"MultiPolygon","arcs":[[[1307,1308,-1306,-1294]]],"properties":{"筆ID":"H000000487","version":"ver1.0","座標系":"任意座標系","測地系判別":null,"地図名":"開拓図４・方無去","地図番号":"開16-2","縮尺分母":"2500","市区町村コード":"01662","市区町村名":"厚岸郡厚岸町","大字コード":"622","丁目コード":"000","小字コード":"0000","予備コード":"00","大字名":"片無去","丁目名":null,"小字名":null,"予備名":null,"地番":"160-229","精度区分":null,"座標値種別":"図上測量","筆界未定構成筆":null,"代表点緯度":-545.822,"代表点経度":911.49740385}},{"type":"MultiPolygon","arcs":[[[1309,1310,-1308,-1291]]],"properties":{"筆ID":"H000000488","version":"ver1.0","座標系":"任意座標系","測地系判別":null,"地図名":"開拓図４・方無去","地図番号":"開16-2","縮尺分母":"2500","市区町村コード":"01662","市区町村名":"厚岸郡厚岸町","大字コード":"622","丁目コード":"000","小字コード":"0000","予備コード":"00","大字名":"片無去","丁目名":null,"小字名":null,"予備名":null,"地番":"160-228","精度区分":null,"座標値種別":"図上測量","筆界未定構成筆":null,"代表点緯度":-540.258,"代表点経度":933.489987378}},{"type":"MultiPolygon","arcs":[[[1311,1312,-1310,-1288]]],"properties":{"筆ID":"H000000489","version":"ver1.0","座標系":"任意座標系","測地系判別":null,"地図名":"開拓図４・方無去","地図番号":"開16-2","縮尺分母":"2500","市区町村コード":"01662","市区町村名":"厚岸郡厚岸町","大字コード":"622","丁目コード":"000","小字コード":"0000","予備コード":"00","大字名":"片無去","丁目名":null,"小字名":null,"予備名":null,"地番":"160-227","精度区分":null,"座標値種別":"図上測量","筆界未定構成筆":null,"代表点緯度":-534.5495,"代表点経度":956.122590263}},{"type":"MultiPolygon","arcs":[[[1313,1314,-1312,-1285]]],"properties":{"筆ID":"H000000490","version":"ver1.0","座標系":"任意座標系","測地系判別":null,"地図名":"開拓図４・方無去","地図番号":"開16-2","縮尺分母":"2500","市区町村コード":"01662","市区町村名":"厚岸郡厚岸町","大字コード":"622","丁目コード":"000","小字コード":"0000","予備コード":"00","大字名":"片無去","丁目名":null,"小字名":null,"予備名":null,"地番":"160-226","精度区分":null,"座標値種別":"図上測量","筆界未定構成筆":null,"代表点緯度":-528.967,"代表点経度":978.343182009}},{"type":"MultiPolygon","arcs":[[[1315,1316,-1314,-1282]]],"properties":{"筆ID":"H000000491","version":"ver1.0","座標系":"任意座標系","測地系判別":null,"地図名":"開拓図４・方無去","地図番号":"開16-2","縮尺分母":"2500","市区町村コード":"01662","市区町村名":"厚岸郡厚岸町","大字コード":"622","丁目コード":"000","小字コード":"0000","予備コード":"00","大字名":"片無去","丁目名":null,"小字名":null,"予備名":null,"地番":"160-225","精度区分":null,"座標値種別":"図上測量","筆界未定構成筆":null,"代表点緯度":-523.5075,"代表点経度":999.939955633}},{"type":"MultiPolygon","arcs":[[[1317,1318,-1316,-1279]]],"properties":{"筆ID":"H000000492","version":"ver1.0","座標系":"任意座標系","測地系判別":null,"地図名":"開拓図４・方無去","地図番号":"開16-2","縮尺分母":"2500","市区町村コード":"01662","市区町村名":"厚岸郡厚岸町","大字コード":"622","丁目コード":"000","小字コード":"0000","予備コード":"00","大字名":"片無去","丁目名":null,"小字名":null,"予備名":null,"地番":"160-224","精度区分":null,"座標値種別":"図上測量","筆界未定構成筆":null,"代表点緯度":-518.0425,"代表点経度":1021.686931133}},{"type":"MultiPolygon","arcs":[[[1319,1320,-1318,-1276]]],"properties":{"筆ID":"H000000493","version":"ver1.0","座標系":"任意座標系","測地系判別":null,"地図名":"開拓図４・方無去","地図番号":"開16-2","縮尺分母":"2500","市区町村コード":"01662","市区町村名":"厚岸郡厚岸町","大字コード":"622","丁目コード":"000","小字コード":"0000","予備コード":"00","大字名":"片無去","丁目名":null,"小字名":null,"予備名":null,"地番":"160-223","精度区分":null,"座標値種別":"図上測量","筆界未定構成筆":null,"代表点緯度":-512.472,"代表点経度":1043.709621034}},{"type":"MultiPolygon","arcs":[[[1321,1322,-1320,-1273]]],"properties":{"筆ID":"H000000494","version":"ver1.0","座標系":"任意座標系","測地系判別":null,"地図名":"開拓図４・方無去","地図番号":"開16-2","縮尺分母":"2500","市区町村コード":"01662","市区町村名":"厚岸郡厚岸町","大字コード":"622","丁目コード":"000","小字コード":"0000","予備コード":"00","大字名":"片無去","丁目名":null,"小字名":null,"予備名":null,"地番":"160-222","精度区分":null,"座標値種別":"図上測量","筆界未定構成筆":null,"代表点緯度":-506.862,"代表点経度":1066.052285278}},{"type":"MultiPolygon","arcs":[[[1323,1324,-1322,-1270]]],"properties":{"筆ID":"H000000495","version":"ver1.0","座標系":"任意座標系","測地系判別":null,"地図名":"開拓図４・方無去","地図番号":"開16-2","縮尺分母":"2500","市区町村コード":"01662","市区町村名":"厚岸郡厚岸町","大字コード":"622","丁目コード":"000","小字コード":"0000","予備コード":"00","大字名":"片無去","丁目名":null,"小字名":null,"予備名":null,"地番":"160-221","精度区分":null,"座標値種別":"図上測量","筆界未定構成筆":null,"代表点緯度":-501.3445,"代表点経度":1087.866202765}},{"type":"MultiPolygon","arcs":[[[1325,1326,-1324,-1267]]],"properties":{"筆ID":"H000000496","version":"ver1.0","座標系":"任意座標系","測地系判別":null,"地図名":"開拓図４・方無去","地図番号":"開16-2","縮尺分母":"2500","市区町村コード":"01662","市区町村名":"厚岸郡厚岸町","大字コード":"622","丁目コード":"000","小字コード":"0000","予備コード":"00","大字名":"片無去","丁目名":null,"小字名":null,"予備名":null,"地番":"160-220","精度区分":null,"座標値種別":"図上測量","筆界未定構成筆":null,"代表点緯度":-495.8665,"代表点経度":1109.610322594}},{"type":"MultiPolygon","arcs":[[[1327,1328,-1326,-1264]]],"properties":{"筆ID":"H000000497","version":"ver1.0","座標系":"任意座標系","測地系判別":null,"地図名":"開拓図４・方無去","地図番号":"開16-2","縮尺分母":"2500","市区町村コード":"01662","市区町村名":"厚岸郡厚岸町","大字コード":"622","丁目コード":"000","小字コード":"0000","予備コード":"00","大字名":"片無去","丁目名":null,"小字名":null,"予備名":null,"地番":"160-219","精度区分":null,"座標値種別":"図上測量","筆界未定構成筆":null,"代表点緯度":-490.32,"代表点経度":1131.638012758}},{"type":"MultiPolygon","arcs":[[[1329,-1328,-1261]]],"properties":{"筆ID":"H000000498","version":"ver1.0","座標系":"任意座標系","測地系判別":null,"地図名":"開拓図４・方無去","地図番号":"開16-2","縮尺分母":"2500","市区町村コード":"01662","市区町村名":"厚岸郡厚岸町","大字コード":"622","丁目コード":"000","小字コード":"0000","予備コード":"00","大字名":"片無去","丁目名":null,"小字名":null,"予備名":null,"地番":"160-218","精度区分":null,"座標値種別":"図上測量","筆界未定構成筆":null,"代表点緯度":-484.8505,"代表点経度":1153.411477933}},{"type":"MultiPolygon","arcs":[[[1330,1331,1332]]],"properties":{"筆ID":"H000000499","version":"ver1.0","座標系":"任意座標系","測地系判別":null,"地図名":"開拓図４・方無去","地図番号":"開17-2","縮尺分母":"2500","市区町村コード":"01662","市区町村名":"厚岸郡厚岸町","大字コード":"622","丁目コード":"000","小字コード":"0000","予備コード":"00","大字名":"片無去","丁目名":null,"小字名":null,"予備名":null,"地番":"160-196","精度区分":null,"座標値種別":"図上測量","筆界未定構成筆":null,"代表点緯度":-356.9795,"代表点経度":1476.461583257}},{"type":"MultiPolygon","arcs":[[[1333,1334,1335,-1332,1336]]],"properties":{"筆ID":"H000000500","version":"ver1.0","座標系":"任意座標系","測地系判別":null,"地図名":"開拓図４・方無去","地図番号":"開17-2","縮尺分母":"2500","市区町村コード":"01662","市区町村名":"厚岸郡厚岸町","大字コード":"622","丁目コード":"000","小字コード":"0000","予備コード":"00","大字名":"片無去","丁目名":null,"小字名":null,"予備名":null,"地番":"160-197","精度区分":null,"座標値種別":"図上測量","筆界未定構成筆":null,"代表点緯度":-374.5485,"代表点経度":1480.622318679}},{"type":"MultiPolygon","arcs":[[[1337,1338,1339,-1335]]],"properties":{"筆ID":"H000000501","version":"ver1.0","座標系":"任意座標系","測地系判別":null,"地図名":"開拓図４・方無去","地図番号":"開17-2","縮尺分母":"2500","市区町村コード":"01662","市区町村名":"厚岸郡厚岸町","大字コード":"622","丁目コード":"000","小字コード":"0000","予備コード":"00","大字名":"片無去","丁目名":null,"小字名":null,"予備名":null,"地番":"160-198","精度区分":null,"座標値種別":"図上測量","筆界未定構成筆":null,"代表点緯度":-394.8585,"代表点経度":1485.43195608}},{"type":"MultiPolygon","arcs":[[[-39,1340,-641,1341,-1338,-1334,1342]]],"properties":{"筆ID":"H000000502","version":"ver1.0","座標系":"任意座標系","測地系判別":null,"地図名":"開拓図４・方無去","地図番号":"開17-2","縮尺分母":"2500","市区町村コード":"01662","市区町村名":"厚岸郡厚岸町","大字コード":"622","丁目コード":"000","小字コード":"0000","予備コード":"00","大字名":"片無去","丁目名":null,"小字名":null,"予備名":null,"地番":"162-32","精度区分":null,"座標値種別":"図上測量","筆界未定構成筆":null,"代表点緯度":-411.293,"代表点経度":1525.389824576}},{"type":"MultiPolygon","arcs":[[[-73,-71,-68,-65,-37,-40,-1343,-1337,-1331,1343,-1259,-1166,1344,-1094,-1001,1345,-869,1346,1347,-42,-46,-61,-58,-55,-52,-49,-79,-76,1348],[-9,-14,-19,-24,-29,-33,-32,-27,-22,-17,-12,-7,-2,-4],[-103,-98,1349,-102,-94,-84,-81,-88,-91,-99]]],"properties":{"筆ID":"H000000503","version":"ver1.0","座標系":"任意座標系","測地系判別":null,"地図名":"開拓図４・方無去","地図番号":"開17-2","縮尺分母":"2500","市区町村コード":"01662","市区町村名":"厚岸郡厚岸町","大字コード":"622","丁目コード":"000","小字コード":"0000","予備コード":"00","大字名":"片無去","丁目名":null,"小字名":null,"予備名":null,"地番":"162-1","精度区分":null,"座標値種別":"図上測量","筆界未定構成筆":null,"代表点緯度":-200.606,"代表点経度":1794.063579088}},{"type":"MultiPolygon","arcs":[[[1350,1351,1352]]],"properties":{"筆ID":"H000000504","version":"ver1.0","座標系":"任意座標系","測地系判別":null,"地図名":"開拓図４・方無去","地図番号":"開16-2","縮尺分母":"2500","市区町村コード":"01662","市区町村名":"厚岸郡厚岸町","大字コード":"622","丁目コード":"000","小字コード":"0000","予備コード":"00","大字名":"片無去","丁目名":null,"小字名":null,"予備名":null,"地番":"160-179","精度区分":null,"座標値種別":"図上測量","筆界未定構成筆":null,"代表点緯度":-442.453,"代表点経度":1170.15780266}},{"type":"MultiPolygon","arcs":[[[1353,1354,-1351,1355]]],"properties":{"筆ID":"H000000505","version":"ver1.0","座標系":"任意座標系","測地系判別":null,"地図名":"開拓図４・方無去","地図番号":"開16-2","縮尺分母":"2500","市区町村コード":"01662","市区町村名":"厚岸郡厚岸町","大字コード":"622","丁目コード":"000","小字コード":"0000","予備コード":"00","大字名":"片無去","丁目名":null,"小字名":null,"予備名":null,"地番":"160-180","精度区分":null,"座標値種別":"図上測量","筆界未定構成筆":null,"代表点緯度":-438.207,"代表点経度":1187.112848167}},{"type":"MultiPolygon","arcs":[[[1356,1357,-1354,1358]]],"properties":{"筆ID":"H000000506","version":"ver1.0","座標系":"任意座標系","測地系判別":null,"地図名":"開拓図４・方無去","地図番号":"開16-2","縮尺分母":"2500","市区町村コード":"01662","市区町村名":"厚岸郡厚岸町","大字コード":"622","丁目コード":"000","小字コード":"0000","予備コード":"00","大字名":"片無去","丁目名":null,"小字名":null,"予備名":null,"地番":"160-181","精度区分":null,"座標値種別":"図上測量","筆界未定構成筆":null,"代表点緯度":-433.8585,"代表点経度":1204.46104693}},{"type":"MultiPolygon","arcs":[[[1359,1360,-1357,1361]]],"properties":{"筆ID":"H000000507","version":"ver1.0","座標系":"任意座標系","測地系判別":null,"地図名":"開拓図４・方無去","地図番号":"開16-2","縮尺分母":"2500","市区町村コード":"01662","市区町村名":"厚岸郡厚岸町","大字コード":"622","丁目コード":"000","小字コード":"0000","予備コード":"00","大字名":"片無去","丁目名":null,"小字名":null,"予備名":null,"地番":"160-182","精度区分":null,"座標値種別":"図上測量","筆界未定構成筆":null,"代表点緯度":-429.6645,"代表点経度":1221.237782947}},{"type":"MultiPolygon","arcs":[[[1362,1363,-1360,1364]]],"properties":{"筆ID":"H000000508","version":"ver1.0","座標系":"任意座標系","測地系判別":null,"地図名":"開拓図４・方無去","地図番号":"開16-2","縮尺分母":"2500","市区町村コード":"01662","市区町村名":"厚岸郡厚岸町","大字コード":"622","丁目コード":"000","小字コード":"0000","予備コード":"00","大字名":"片無去","丁目名":null,"小字名":null,"予備名":null,"地番":"160-183","精度区分":null,"座標値種別":"図上測量","筆界未定構成筆":null,"代表点緯度":-425.243,"代表点経度":1238.914862078}},{"type":"MultiPolygon","arcs":[[[1365,1366,-1363,1367]]],"properties":{"筆ID":"H000000509","version":"ver1.0","座標系":"任意座標系","測地系判別":null,"地図名":"開拓図４・方無去","地図番号":"開16-2","縮尺分母":"2500","市区町村コード":"01662","市区町村名":"厚岸郡厚岸町","大字コード":"622","丁目コード":"000","小字コード":"0000","予備コード":"00","大字名":"片無去","丁目名":null,"小字名":null,"予備名":null,"地番":"160-184","精度区分":null,"座標値種別":"図上測量","筆界未定構成筆":null,"代表点緯度":-420.847,"代表点経度":1256.509352687}},{"type":"MultiPolygon","arcs":[[[1368,1369,-1366,1370]]],"properties":{"筆ID":"H000000510","version":"ver1.0","座標系":"任意座標系","測地系判別":null,"地図名":"開拓図４・方無去","地図番号":"開16-2","縮尺分母":"2500","市区町村コード":"01662","市区町村名":"厚岸郡厚岸町","大字コード":"622","丁目コード":"000","小字コード":"0000","予備コード":"00","大字名":"片無去","丁目名":null,"小字名":null,"予備名":null,"地番":"160-185","精度区分":null,"座標値種別":"図上測量","筆界未定構成筆":null,"代表点緯度":-416.486,"代表点経度":1273.93640001}},{"type":"MultiPolygon","arcs":[[[1371,1372,-1369,1373]]],"properties":{"筆ID":"H000000511","version":"ver1.0","座標系":"任意座標系","測地系判別":null,"地図名":"開拓図４・方無去","地図番号":"開16-2","縮尺分母":"2500","市区町村コード":"01662","市区町村名":"厚岸郡厚岸町","大字コード":"622","丁目コード":"000","小字コード":"0000","予備コード":"00","大字名":"片無去","丁目名":null,"小字名":null,"予備名":null,"地番":"160-186","精度区分":null,"座標値種別":"図上測量","筆界未定構成筆":null,"代表点緯度":-412.094,"代表点経度":1291.52105911}},{"type":"MultiPolygon","arcs":[[[1374,1375,-1372,1376]]],"properties":{"筆ID":"H000000512","version":"ver1.0","座標系":"任意座標系","測地系判別":null,"地図名":"開拓図４・方無去","地図番号":"開16-2","縮尺分母":"2500","市区町村コード":"01662","市区町村名":"厚岸郡厚岸町","大字コード":"622","丁目コード":"000","小字コード":"0000","予備コード":"00","大字名":"片無去","丁目名":null,"小字名":null,"予備名":null,"地番":"160-187","精度区分":null,"座標値種別":"図上測量","筆界未定構成筆":null,"代表点緯度":-407.743,"代表点経度":1308.876567222}},{"type":"MultiPolygon","arcs":[[[1377,1378,-1375,1379]]],"properties":{"筆ID":"H000000513","version":"ver1.0","座標系":"任意座標系","測地系判別":null,"地図名":"開拓図４・方無去","地図番号":"開16-2","縮尺分母":"2500","市区町村コード":"01662","市区町村名":"厚岸郡厚岸町","大字コード":"622","丁目コード":"000","小字コード":"0000","予備コード":"00","大字名":"片無去","丁目名":null,"小字名":null,"予備名":null,"地番":"160-188","精度区分":null,"座標値種別":"図上測量","筆界未定構成筆":null,"代表点緯度":-403.408,"代表点経度":1326.208989197}},{"type":"MultiPolygon","arcs":[[[1380,1381,-1378,1382]]],"properties":{"筆ID":"H000000514","version":"ver1.0","座標系":"任意座標系","測地系判別":null,"地図名":"開拓図４・方無去","地図番号":"開16-2","縮尺分母":"2500","市区町村コード":"01662","市区町村名":"厚岸郡厚岸町","大字コード":"622","丁目コード":"000","小字コード":"0000","予備コード":"00","大字名":"片無去","丁目名":null,"小字名":null,"予備名":null,"地番":"160-189","精度区分":null,"座標値種別":"図上測量","筆界未定構成筆":null,"代表点緯度":-398.9705,"代表点経度":1343.912833037}},{"type":"MultiPolygon","arcs":[[[1383,1384,-1381,1385]]],"properties":{"筆ID":"H000000515","version":"ver1.0","座標系":"任意座標系","測地系判別":null,"地図名":"開拓図４・方無去","地図番号":"開17-2","縮尺分母":"2500","市区町村コード":"01662","市区町村名":"厚岸郡厚岸町","大字コード":"622","丁目コード":"000","小字コード":"0000","予備コード":"00","大字名":"片無去","丁目名":null,"小字名":null,"予備名":null,"地番":"160-190","精度区分":null,"座標値種別":"図上測量","筆界未定構成筆":null,"代表点緯度":-394.555,"代表点経度":1361.628153068}},{"type":"MultiPolygon","arcs":[[[1386,1387,-1384,1388]]],"properties":{"筆ID":"H000000516","version":"ver1.0","座標系":"任意座標系","測地系判別":null,"地図名":"開拓図４・方無去","地図番号":"開17-2","縮尺分母":"2500","市区町村コード":"01662","市区町村名":"厚岸郡厚岸町","大字コード":"622","丁目コード":"000","小字コード":"0000","予備コード":"00","大字名":"片無去","丁目名":null,"小字名":null,"予備名":null,"地番":"160-191","精度区分":null,"座標値種別":"図上測量","筆界未定構成筆":null,"代表点緯度":-390.277,"代表点経度":1378.714226381}},{"type":"MultiPolygon","arcs":[[[1389,1390,-1387,1391]]],"properties":{"筆ID":"H000000517","version":"ver1.0","座標系":"任意座標系","測地系判別":null,"地図名":"開拓図４・方無去","地図番号":"開17-2","縮尺分母":"2500","市区町村コード":"01662","市区町村名":"厚岸郡厚岸町","大字コード":"622","丁目コード":"000","小字コード":"0000","予備コード":"00","大字名":"片無去","丁目名":null,"小字名":null,"予備名":null,"地番":"160-192","精度区分":null,"座標値種別":"図上測量","筆界未定構成筆":null,"代表点緯度":-385.983,"代表点経度":1395.854217066}},{"type":"MultiPolygon","arcs":[[[1392,1393,-1390,1394]]],"properties":{"筆ID":"H000000518","version":"ver1.0","座標系":"任意座標系","測地系判別":null,"地図名":"開拓図４・方無去","地図番号":"開17-2","縮尺分母":"2500","市区町村コード":"01662","市区町村名":"厚岸郡厚岸町","大字コード":"622","丁目コード":"000","小字コード":"0000","予備コード":"00","大字名":"片無去","丁目名":null,"小字名":null,"予備名":null,"地番":"160-193","精度区分":null,"座標値種別":"図上測量","筆界未定構成筆":null,"代表点緯度":-381.6185,"代表点経度":1413.350071056}},{"type":"MultiPolygon","arcs":[[[1395,1396,-1393,1397]]],"properties":{"筆ID":"H000000519","version":"ver1.0","座標系":"任意座標系","測地系判別":null,"地図名":"開拓図４・方無去","地図番号":"開17-2","縮尺分母":"2500","市区町村コード":"01662","市区町村名":"厚岸郡厚岸町","大字コード":"622","丁目コード":"000","小字コード":"0000","予備コード":"00","大字名":"片無去","丁目名":null,"小字名":null,"予備名":null,"地番":"160-194","精度区分":null,"座標値種別":"図上測量","筆界未定構成筆":null,"代表点緯度":-377.2635,"代表点経度":1430.694291824}},{"type":"MultiPolygon","arcs":[[[1398,-1396,1399]]],"properties":{"筆ID":"H000000520","version":"ver1.0","座標系":"任意座標系","測地系判別":null,"地図名":"開拓図４・方無去","地図番号":"開17-2","縮尺分母":"2500","市区町村コード":"01662","市区町村名":"厚岸郡厚岸町","大字コード":"622","丁目コード":"000","小字コード":"0000","予備コード":"00","大字名":"片無去","丁目名":null,"小字名":null,"予備名":null,"地番":"160-195","精度区分":null,"座標値種別":"図上測量","筆界未定構成筆":null,"代表点緯度":-372.8695,"代表点経度":1448.223264575}},{"type":"MultiPolygon","arcs":[[[1400,1401,-1352]]],"properties":{"筆ID":"H000000521","version":"ver1.0","座標系":"任意座標系","測地系判別":null,"地図名":"開拓図４・方無去","地図番号":"開16-2","縮尺分母":"2500","市区町村コード":"01662","市区町村名":"厚岸郡厚岸町","大字コード":"622","丁目コード":"000","小字コード":"0000","予備コード":"00","大字名":"片無去","丁目名":null,"小字名":null,"予備名":null,"地番":"160-217","精度区分":null,"座標値種別":"図上測量","筆界未定構成筆":null,"代表点緯度":-478.1155,"代表点経度":1179.003476667}},{"type":"MultiPolygon","arcs":[[[1402,1403,-1401,-1355]]],"properties":{"筆ID":"H000000522","version":"ver1.0","座標系":"任意座標系","測地系判別":null,"地図名":"開拓図４・方無去","地図番号":"開16-2","縮尺分母":"2500","市区町村コード":"01662","市区町村名":"厚岸郡厚岸町","大字コード":"622","丁目コード":"000","小字コード":"0000","予備コード":"00","大字名":"片無去","丁目名":null,"小字名":null,"予備名":null,"地番":"160-216","精度区分":null,"座標値種別":"図上測量","筆界未定構成筆":null,"代表点緯度":-473.8925,"代表点経度":1196.048698233}},{"type":"MultiPolygon","arcs":[[[1404,1405,-1403,-1358]]],"properties":{"筆ID":"H000000523","version":"ver1.0","座標系":"任意座標系","測地系判別":null,"地図名":"開拓図４・方無去","地図番号":"開16-2","縮尺分母":"2500","市区町村コード":"01662","市区町村名":"厚岸郡厚岸町","大字コード":"622","丁目コード":"000","小字コード":"0000","予備コード":"00","大字名":"片無去","丁目名":null,"小字名":null,"予備名":null,"地番":"160-215","精度区分":null,"座標値種別":"図上測量","筆界未定構成筆":null,"代表点緯度":-469.598,"代表点経度":1213.413523693}},{"type":"MultiPolygon","arcs":[[[1406,1407,-1405,-1361]]],"properties":{"筆ID":"H000000524","version":"ver1.0","座標系":"任意座標系","測地系判別":null,"地図名":"開拓図４・方無去","地図番号":"開16-2","縮尺分母":"2500","市区町村コード":"01662","市区町村名":"厚岸郡厚岸町","大字コード":"622","丁目コード":"000","小字コード":"0000","予備コード":"00","大字名":"片無去","丁目名":null,"小字名":null,"予備名":null,"地番":"160-214","精度区分":null,"座標値種別":"図上測量","筆界未定構成筆":null,"代表点緯度":-465.3805,"代表点経度":1230.277984875}},{"type":"MultiPolygon","arcs":[[[1408,1409,-1407,-1364]]],"properties":{"筆ID":"H000000525","version":"ver1.0","座標系":"任意座標系","測地系判別":null,"地図名":"開拓図４・方無去","地図番号":"開16-2","縮尺分母":"2500","市区町村コード":"01662","市区町村名":"厚岸郡厚岸町","大字コード":"622","丁目コード":"000","小字コード":"0000","予備コード":"00","大字名":"片無去","丁目名":null,"小字名":null,"予備名":null,"地番":"160-213","精度区分":null,"座標値種別":"図上測量","筆界未定構成筆":null,"代表点緯度":-460.9905,"代表点経度":1248.041755071}},{"type":"MultiPolygon","arcs":[[[1410,1411,-1409,-1367]]],"properties":{"筆ID":"H000000526","version":"ver1.0","座標系":"任意座標系","測地系判別":null,"地図名":"開拓図４・方無去","地図番号":"開16-2","縮尺分母":"2500","市区町村コード":"01662","市区町村名":"厚岸郡厚岸町","大字コード":"622","丁目コード":"000","小字コード":"0000","予備コード":"00","大字名":"片無去","丁目名":null,"小字名":null,"予備名":null,"地番":"160-212","精度区分":null,"座標値種別":"図上測量","筆界未定構成筆":null,"代表点緯度":-456.621,"代表点経度":1265.620701068}},{"type":"MultiPolygon","arcs":[[[1412,1413,-1411,-1370]]],"properties":{"筆ID":"H000000527","version":"ver1.0","座標系":"任意座標系","測地系判別":null,"地図名":"開拓図４・方無去","地図番号":"開16-2","縮尺分母":"2500","市区町村コード":"01662","市区町村名":"厚岸郡厚岸町","大字コード":"622","丁目コード":"000","小字コード":"0000","予備コード":"00","大字名":"片無去","丁目名":null,"小字名":null,"予備名":null,"地番":"160-211","精度区分":null,"座標値種別":"図上測量","筆界未定構成筆":null,"代表点緯度":-452.314,"代表点経度":1282.987916849}},{"type":"MultiPolygon","arcs":[[[1414,1415,-1413,-1373]]],"properties":{"筆ID":"H000000528","version":"ver1.0","座標系":"任意座標系","測地系判別":null,"地図名":"開拓図４・方無去","地図番号":"開16-2","縮尺分母":"2500","市区町村コード":"01662","市区町村名":"厚岸郡厚岸町","大字コード":"622","丁目コード":"000","小字コード":"0000","予備コード":"00","大字名":"片無去","丁目名":null,"小字名":null,"予備名":null,"地番":"160-210","精度区分":null,"座標値種別":"図上測量","筆界未定構成筆":null,"代表点緯度":-447.9575,"代表点経度":1300.494740209}},{"type":"MultiPolygon","arcs":[[[1416,1417,-1415,-1376]]],"properties":{"筆ID":"H000000529","version":"ver1.0","座標系":"任意座標系","測地系判別":null,"地図名":"開拓図４・方無去","地図番号":"開16-2","縮尺分母":"2500","市区町村コード":"01662","市区町村名":"厚岸郡厚岸町","大字コード":"622","丁目コード":"000","小字コード":"0000","予備コード":"00","大字名":"片無去","丁目名":null,"小字名":null,"予備名":null,"地番":"160-209","精度区分":null,"座標値種別":"図上測量","筆界未定構成筆":null,"代表点緯度":-443.6275,"代表点経度":1317.868605933}},{"type":"MultiPolygon","arcs":[[[1418,1419,-1417,-1379]]],"properties":{"筆ID":"H000000530","version":"ver1.0","座標系":"任意座標系","測地系判別":null,"地図名":"開拓図４・方無去","地図番号":"開16-2","縮尺分母":"2500","市区町村コード":"01662","市区町村名":"厚岸郡厚岸町","大字コード":"622","丁目コード":"000","小字コード":"0000","予備コード":"00","大字名":"片無去","丁目名":null,"小字名":null,"予備名":null,"地番":"160-208","精度区分":null,"座標値種別":"図上測量","筆界未定構成筆":null,"代表点緯度":-439.3095,"代表点経度":1335.280728224}},{"type":"MultiPolygon","arcs":[[[1420,1421,-1419,-1382]]],"properties":{"筆ID":"H000000531","version":"ver1.0","座標系":"任意座標系","測地系判別":null,"地図名":"開拓図４・方無去","地図番号":"開17-2","縮尺分母":"2500","市区町村コード":"01662","市区町村名":"厚岸郡厚岸町","大字コード":"622","丁目コード":"000","小字コード":"0000","予備コード":"00","大字名":"片無去","丁目名":null,"小字名":null,"予備名":null,"地番":"160-207","精度区分":null,"座標値種別":"図上測量","筆界未定構成筆":null,"代表点緯度":-434.9675,"代表点経度":1352.902471193}},{"type":"MultiPolygon","arcs":[[[1422,1423,-1421,-1385]]],"properties":{"筆ID":"H000000532","version":"ver1.0","座標系":"任意座標系","測地系判別":null,"地図名":"開拓図４・方無去","地図番号":"開17-2","縮尺分母":"2500","市区町村コード":"01662","市区町村名":"厚岸郡厚岸町","大字コード":"622","丁目コード":"000","小字コード":"0000","予備コード":"00","大字名":"片無去","丁目名":null,"小字名":null,"予備名":null,"地番":"160-206","精度区分":null,"座標値種別":"図上測量","筆界未定構成筆":null,"代表点緯度":-430.547,"代表点経度":1370.544185159}},{"type":"MultiPolygon","arcs":[[[1424,1425,-1423,-1388]]],"properties":{"筆ID":"H000000533","version":"ver1.0","座標系":"任意座標系","測地系判別":null,"地図名":"開拓図４・方無去","地図番号":"開17-2","縮尺分母":"2500","市区町村コード":"01662","市区町村名":"厚岸郡厚岸町","大字コード":"622","丁目コード":"000","小字コード":"0000","予備コード":"00","大字名":"片無去","丁目名":null,"小字名":null,"予備名":null,"地番":"160-205","精度区分":null,"座標値種別":"図上測量","筆界未定構成筆":null,"代表点緯度":-426.335,"代表点経度":1387.566068241}},{"type":"MultiPolygon","arcs":[[[1426,1427,-1425,-1391]]],"properties":{"筆ID":"H000000534","version":"ver1.0","座標系":"任意座標系","測地系判別":null,"地図名":"開拓図４・方無去","地図番号":"開17-2","縮尺分母":"2500","市区町村コード":"01662","市区町村名":"厚岸郡厚岸町","大字コード":"622","丁目コード":"000","小字コード":"0000","予備コード":"00","大字名":"片無去","丁目名":null,"小字名":null,"予備名":null,"地番":"160-204","精度区分":null,"座標値種別":"図上測量","筆界未定構成筆":null,"代表点緯度":-422.043,"代表点経度":1404.737219326}},{"type":"MultiPolygon","arcs":[[[1428,1429,-1427,-1394]]],"properties":{"筆ID":"H000000535","version":"ver1.0","座標系":"任意座標系","測地系判別":null,"地図名":"開拓図４・方無去","地図番号":"開17-2","縮尺分母":"2500","市区町村コード":"01662","市区町村名":"厚岸郡厚岸町","大字コード":"622","丁目コード":"000","小字コード":"0000","予備コード":"00","大字名":"片無去","丁目名":null,"小字名":null,"予備名":null,"地番":"160-203","精度区分":null,"座標値種別":"図上測量","筆界未定構成筆":null,"代表点緯度":-417.6815,"代表点経度":1422.32168085}},{"type":"MultiPolygon","arcs":[[[1430,1431,-1429,-1397]]],"properties":{"筆ID":"H000000536","version":"ver1.0","座標系":"任意座標系","測地系判別":null,"地図名":"開拓図４・方無去","地図番号":"開17-2","縮尺分母":"2500","市区町村コード":"01662","市区町村名":"厚岸郡厚岸町","大字コード":"622","丁目コード":"000","小字コード":"0000","予備コード":"00","大字名":"片無去","丁目名":null,"小字名":null,"予備名":null,"地番":"160-202","精度区分":null,"座標値種別":"図上測量","筆界未定構成筆":null,"代表点緯度":-413.3715,"代表点経度":1439.700231508}},{"type":"MultiPolygon","arcs":[[[1432,-1431,-1399]]],"properties":{"筆ID":"H000000537","version":"ver1.0","座標系":"任意座標系","測地系判別":null,"地図名":"開拓図４・方無去","地図番号":"開17-2","縮尺分母":"2500","市区町村コード":"01662","市区町村名":"厚岸郡厚岸町","大字コード":"622","丁目コード":"000","小字コード":"0000","予備コード":"00","大字名":"片無去","丁目名":null,"小字名":null,"予備名":null,"地番":"160-201","精度区分":null,"座標値種別":"図上測量","筆界未定構成筆":null,"代表点緯度":-409.0195,"代表点経度":1457.277756186}},{"type":"MultiPolygon","arcs":[[[1433,-1339,-1342,-644]]],"properties":{"筆ID":"H000000538","version":"ver1.0","座標系":"任意座標系","測地系判別":null,"地図名":"開拓図４・方無去","地図番号":"開17-2","縮尺分母":"2500","市区町村コード":"01662","市区町村名":"厚岸郡厚岸町","大字コード":"622","丁目コード":"000","小字コード":"0000","予備コード":"00","大字名":"片無去","丁目名":null,"小字名":null,"予備名":null,"地番":"160-199","精度区分":null,"座標値種別":"図上測量","筆界未定構成筆":null,"代表点緯度":-412.243,"代表点経度":1489.548387079}},{"type":"MultiPolygon","arcs":[[[-815,-811,-822,-825,-827,1434,-867,-830,-833,-837,-840,-843,-846,-849,-852,-855,-858,-861,-864,-866,1435,-602,-605,-610,-609,-599,-596,-593,-590,1436,-585,-611,-616,-615,-582,-579,-576,-573,1437,-1304,-1307,-1309,-1311,-1313,-1315,-1317,-1319,-1321,-1323,-1325,-1327,-1329,-1330,-1263,-1266,-1269,-1272,-1275,-1278,-1281,-1284,-1287,-1290,-1293,-1296,-1299,-1302,1438,-1139,-1142,-1144,-1146,-1148,-1150,-1152,-1154,-1156,-1158,-1160,-1162,-1164,-1165,-1098,-1101,-1104,-1107,-1110,-1113,-1116,-1119,-1122,-1125,-1128,-1131,-1134,-1137,1439,-976,-979,-981,-983,-985,-987,-989,-991,-993,-995,-997,-999,-1000,-938,-941,-944,-947,-950,-953,-956,-959,-962,-965,-968,-971,-974,1440,-933,1441,-929,1442,-925,1443,-921,-918,1444,-914,1445,1446,1447,-910,-907,1448,-903,1449,-899,1450,-895,1451,-888,1452,-884,-881,1453,-877,1454,-873,-870,-1346,-1004,-1007,-1010,-1013,-1016,-1019,-1022,-1025,-1028,-1031,-1034,-1037,-1040,-1043,-1046,-1049,-1052,-1055,-1057,-1059,-1061,-1063,-1065,-1067,-1069,-1071,-1073,-1075,-1077,-1079,-1081,-1083,-1085,-1087,-1089,-1091,-1093,-1095,-1345,-1169,-1172,-1175,-1178,-1181,-1184,-1187,-1190,-1193,-1196,-1199,-1202,-1205,-1208,-1211,-1214,-1217,-1220,-1222,-1224,-1226,-1228,-1230,-1232,-1234,-1236,-1238,-1240,-1242,-1244,-1246,-1248,-1250,-1252,-1254,-1256,-1258,-1260,-1344,-1333,-1336,-1340,-1434,-643,1455,-635,-646,-648,-651,-654,-657,-660,-663,-666,-669,-672,-675,-678,-681,-684,-687,-690,-692,-694,-696,-698,-700,-702,-704,-706,-708,-710,-712,-714,-716,-718,-720,-721,-637,1456,-806,-805,-803,-799,-794,-789,-784,-779,-774,-769,-764,-759,-754,-749,-744,-739,-733,-736,-741,-746,-751,-756,-761,-766,-771,-776,-781,-786,-791,-796,-800,-729,-727,-726,-808,1457,-633,-722,-623,-818],[-570,-569,-565,-560,-555,-550,-545,-539,-542,-547,-552,-557,-562,-566],[-1400,-1398,-1395,-1392,-1389,-1386,-1383,-1380,-1377,-1374,-1371,-1368,-1365,-1362,-1359,-1356,-1353,-1402,-1404,-1406,-1408,-1410,-1412,-1414,-1416,-1418,-1420,-1422,-1424,-1426,-1428,-1430,-1432,-1433]]],"properties":{"筆ID":"H000000539","version":"ver1.0","座標系":"任意座標系","測地系判別":null,"地図名":"開拓図４・方無去","地図番号":"開17-2","縮尺分母":"2500","市区町村コード":"01662","市区町村名":"厚岸郡厚岸町","大字コード":"622","丁目コード":"000","小字コード":"0000","予備コード":"00","大字名":"片無去","丁目名":null,"小字名":null,"予備名":null,"地番":"160-1","精度区分":null,"座標値種別":"図上測量","筆界未定構成筆":null,"代表点緯度":-418.992,"代表点経度":1168.630510345}},{"type":"MultiPolygon","arcs":[[[-97,-89,-86,-93,-101,-1350]]],"properties":{"筆ID":"H000000540","version":"ver1.0","座標系":"任意座標系","測地系判別":null,"地図名":"開拓図４・方無去","地図番号":"開17-2","縮尺分母":"2500","市区町村コード":"01662","市区町村名":"厚岸郡厚岸町","大字コード":"622","丁目コード":"000","小字コード":"0000","予備コード":"00","大字名":"片無去","丁目名":null,"小字名":null,"予備名":null,"地番":"162-14","精度区分":null,"座標値種別":"図上測量","筆界未定構成筆":null,"代表点緯度":-120.699,"代表点経度":1709.682383001}},{"type":"MultiPolygon","arcs":[[[-930,-1442,-932,1458,1459]]],"properties":{"筆ID":"H000000541","version":"ver1.0","座標系":"任意座標系","測地系判別":null,"地図名":"開拓図４・方無去","地図番号":"開16-2","縮尺分母":"2500","市区町村コード":"01662","市区町村名":"厚岸郡厚岸町","大字コード":"622","丁目コード":"000","小字コード":"0000","予備コード":"00","大字名":"片無去","丁目名":null,"小字名":null,"予備名":null,"地番":"160-33","精度区分":null,"座標値種別":"図上測量","筆界未定構成筆":null,"代表点緯度":-311.618,"代表点経度":861.186789318}},{"type":"MultiPolygon","arcs":[[[-926,-1443,-928,1460,1461]]],"properties":{"筆ID":"H000000542","version":"ver1.0","座標系":"任意座標系","測地系判別":null,"地図名":"開拓図４・方無去","地図番号":"開16-2","縮尺分母":"2500","市区町村コード":"01662","市区町村名":"厚岸郡厚岸町","大字コード":"622","丁目コード":"000","小字コード":"0000","予備コード":"00","大字名":"片無去","丁目名":null,"小字名":null,"予備名":null,"地番":"160-31","精度区分":null,"座標値種別":"図上測量","筆界未定構成筆":null,"代表点緯度":-300.379,"代表点経度":905.85988016}},{"type":"MultiPolygon","arcs":[[[-922,-1444,-924,1462,1463]]],"properties":{"筆ID":"H000000543","version":"ver1.0","座標系":"任意座標系","測地系判別":null,"地図名":"開拓図４・方無去","地図番号":"開16-2","縮尺分母":"2500","市区町村コード":"01662","市区町村名":"厚岸郡厚岸町","大字コード":"622","丁目コード":"000","小字コード":"0000","予備コード":"00","大字名":"片無去","丁目名":null,"小字名":null,"予備名":null,"地番":"160-29","精度区分":null,"座標値種別":"図上測量","筆界未定構成筆":null,"代表点緯度":-289.389,"代表点経度":949.537845214}},{"type":"MultiPolygon","arcs":[[[-915,-1445,-917,1464,1465]]],"properties":{"筆ID":"H000000544","version":"ver1.0","座標系":"任意座標系","測地系判別":null,"地図名":"開拓図４・方無去","地図番号":"開16-2","縮尺分母":"2500","市区町村コード":"01662","市区町村名":"厚岸郡厚岸町","大字コード":"622","丁目コード":"000","小字コード":"0000","予備コード":"00","大字名":"片無去","丁目名":null,"小字名":null,"予備名":null,"地番":"160-26","精度区分":null,"座標値種別":"図上測量","筆界未定構成筆":null,"代表点緯度":-272.87,"代表点経度":1015.46002014}},{"type":"MultiPolygon","arcs":[[[1466,-1446,-913,1467,1468]]],"properties":{"筆ID":"H000000545","version":"ver1.0","座標系":"任意座標系","測地系判別":null,"地図名":"開拓図４・方無去","地図番号":"開16-2","縮尺分母":"2500","市区町村コード":"01662","市区町村名":"厚岸郡厚岸町","大字コード":"622","丁目コード":"000","小字コード":"0000","予備コード":"00","大字名":"片無去","丁目名":null,"小字名":null,"予備名":null,"地番":"160-24","精度区分":null,"座標値種別":"図上測量","筆界未定構成筆":null,"代表点緯度":-261.827,"代表点経度":1059.362640935}},{"type":"MultiPolygon","arcs":[[[1469,-1447,-1467,1470]]],"properties":{"筆ID":"H000000546","version":"ver1.0","座標系":"任意座標系","測地系判別":null,"地図名":"開拓図４・方無去","地図番号":"開16-2","縮尺分母":"2500","市区町村コード":"01662","市区町村名":"厚岸郡厚岸町","大字コード":"622","丁目コード":"000","小字コード":"0000","予備コード":"00","大字名":"片無去","丁目名":null,"小字名":null,"予備名":null,"地番":"160-23","精度区分":null,"座標値種別":"図上測量","筆界未定構成筆":null,"代表点緯度":-256.371,"代表点経度":1080.843089607}},{"type":"MultiPolygon","arcs":[[[-911,-1448,-1470,1471,1472]]],"properties":{"筆ID":"H000000547","version":"ver1.0","座標系":"任意座標系","測地系判別":null,"地図名":"開拓図４・方無去","地図番号":"開16-2","縮尺分母":"2500","市区町村コード":"01662","市区町村名":"厚岸郡厚岸町","大字コード":"622","丁目コード":"000","小字コード":"0000","予備コード":"00","大字名":"片無去","丁目名":null,"小字名":null,"予備名":null,"地番":"160-22","精度区分":null,"座標値種別":"図上測量","筆界未定構成筆":null,"代表点緯度":-250.855,"代表点経度":1102.865022903}},{"type":"MultiPolygon","arcs":[[[-904,-1449,-906,1473,1474]]],"properties":{"筆ID":"H000000548","version":"ver1.0","座標系":"任意座標系","測地系判別":null,"地図名":"開拓図４・方無去","地図番号":"開16-2","縮尺分母":"2500","市区町村コード":"01662","市区町村名":"厚岸郡厚岸町","大字コード":"622","丁目コード":"000","小字コード":"0000","予備コード":"00","大字名":"片無去","丁目名":null,"小字名":null,"予備名":null,"地番":"160-19","精度区分":null,"座標値種別":"図上測量","筆界未定構成筆":null,"代表点緯度":-237.2955,"代表点経度":1156.861388943}},{"type":"MultiPolygon","arcs":[[[-900,-1450,-902,1475,1476]]],"properties":{"筆ID":"H000000549","version":"ver1.0","座標系":"任意座標系","測地系判別":null,"地図名":"開拓図４・方無去","地図番号":"開16-2","縮尺分母":"2500","市区町村コード":"01662","市区町村名":"厚岸郡厚岸町","大字コード":"622","丁目コード":"000","小字コード":"0000","予備コード":"00","大字名":"片無去","丁目名":null,"小字名":null,"予備名":null,"地番":"160-17","精度区分":null,"座標値種別":"図上測量","筆界未定構成筆":null,"代表点緯度":-228.5905,"代表点経度":1191.451517612}},{"type":"MultiPolygon","arcs":[[[-896,-1451,-898,1477]]],"properties":{"筆ID":"H000000550","version":"ver1.0","座標系":"任意座標系","測地系判別":null,"地図名":"開拓図４・方無去","地図番号":"開16-2","縮尺分母":"2500","市区町村コード":"01662","市区町村名":"厚岸郡厚岸町","大字コード":"622","丁目コード":"000","小字コード":"0000","予備コード":"00","大字名":"片無去","丁目名":null,"小字名":null,"予備名":null,"地番":"160-15","精度区分":null,"座標値種別":"図上測量","筆界未定構成筆":null,"代表点緯度":-219.7725,"代表点経度":1226.560716347}},{"type":"MultiPolygon","arcs":[[[-874,-1455,-876,1478,1479]]],"properties":{"筆ID":"H000000551","version":"ver1.0","座標系":"任意座標系","測地系判別":null,"地図名":"開拓図４・方無去","地図番号":"開17-2","縮尺分母":"2500","市区町村コード":"01662","市区町村名":"厚岸郡厚岸町","大字コード":"622","丁目コード":"000","小字コード":"0000","予備コード":"00","大字名":"片無去","丁目名":null,"小字名":null,"予備名":null,"地番":"160-5","精度区分":null,"座標値種別":"図上測量","筆界未定構成筆":null,"代表点緯度":-175.8655,"代表点経度":1401.18115435}},{"type":"MultiPolygon","arcs":[[[-889,1480,-891,1481,1482]]],"properties":{"筆ID":"H000000552","version":"ver1.0","座標系":"任意座標系","測地系判別":null,"地図名":"開拓図４・方無去","地図番号":"開16-2","縮尺分母":"2500","市区町村コード":"01662","市区町村名":"厚岸郡厚岸町","大字コード":"622","丁目コード":"000","小字コード":"0000","予備コード":"00","大字名":"片無去","丁目名":null,"小字名":null,"予備名":null,"地番":"160-12","精度区分":null,"座標値種別":"図上測量","筆界未定構成筆":null,"代表点緯度":-206.5355,"代表点経度":1279.135831935}},{"type":"MultiPolygon","arcs":[[[-885,-1453,-887,1483,1484]]],"properties":{"筆ID":"H000000553","version":"ver1.0","座標系":"任意座標系","測地系判別":null,"地図名":"開拓図４・方無去","地図番号":"開16-2","縮尺分母":"2500","市区町村コード":"01662","市区町村名":"厚岸郡厚岸町","大字コード":"622","丁目コード":"000","小字コード":"0000","予備コード":"00","大字名":"片無去","丁目名":null,"小字名":null,"予備名":null,"地番":"160-10","精度区分":null,"座標値種別":"図上測量","筆界未定構成筆":null,"代表点緯度":-197.6065,"代表点経度":1314.714749605}},{"type":"MultiPolygon","arcs":[[[-878,-1454,-880,1485,1486]]],"properties":{"筆ID":"H000000554","version":"ver1.0","座標系":"任意座標系","測地系判別":null,"地図名":"開拓図４・方無去","地図番号":"開17-2","縮尺分母":"2500","市区町村コード":"01662","市区町村名":"厚岸郡厚岸町","大字コード":"622","丁目コード":"000","小字コード":"0000","予備コード":"00","大字名":"片無去","丁目名":null,"小字名":null,"予備名":null,"地番":"160-7","精度区分":null,"座標値種別":"図上測量","筆界未定構成筆":null,"代表点緯度":-184.578,"代表点経度":1366.567112592}},{"type":"MultiPolygon","arcs":[[[-43,-1348,1487,1488,1489,1490]]],"properties":{"筆ID":"H000000555","version":"ver1.0","座標系":"任意座標系","測地系判別":null,"地図名":"開拓図４・方無去","地図番号":"開17-2","縮尺分母":"2500","市区町村コード":"01662","市区町村名":"厚岸郡厚岸町","大字コード":"622","丁目コード":"000","小字コード":"0000","予備コード":"00","大字名":"片無去","丁目名":null,"小字名":null,"予備名":null,"地番":"162-42","精度区分":null,"座標値種別":"図上測量","筆界未定構成筆":null,"代表点緯度":-0.12,"代表点経度":1433.979459473}},{"type":"MultiPolygon","arcs":[[[1491,1492,1493]]],"properties":{"筆ID":"H000000556","version":"ver1.0","座標系":"任意座標系","測地系判別":null,"地図名":"開拓図４・方無去","地図番号":"開16-2","縮尺分母":"2500","市区町村コード":"01662","市区町村名":"厚岸郡厚岸町","大字コード":"622","丁目コード":"000","小字コード":"0000","予備コード":"00","大字名":"片無去","丁目名":null,"小字名":null,"予備名":null,"地番":"182-15","精度区分":null,"座標値種別":"図上測量","筆界未定構成筆":null,"代表点緯度":13.8755,"代表点経度":1117.998097031}},{"type":"MultiPolygon","arcs":[[[1494,1495,1496,-1492]]],"properties":{"筆ID":"H000000557","version":"ver1.0","座標系":"任意座標系","測地系判別":null,"地図名":"開拓図４・方無去","地図番号":"開16-2","縮尺分母":"2500","市区町村コード":"01662","市区町村名":"厚岸郡厚岸町","大字コード":"622","丁目コード":"000","小字コード":"0000","予備コード":"00","大字名":"片無去","丁目名":null,"小字名":null,"予備名":null,"地番":"182-16","精度区分":null,"座標値種別":"図上測量","筆界未定構成筆":null,"代表点緯度":-27.4145,"代表点経度":1128.308711909}},{"type":"MultiPolygon","arcs":[[[1497,1498,1499]]],"properties":{"筆ID":"H000000558","version":"ver1.0","座標系":"任意座標系","測地系判別":null,"地図名":"開拓図４・方無去","地図番号":"開16-2","縮尺分母":"2500","市区町村コード":"01662","市区町村名":"厚岸郡厚岸町","大字コード":"622","丁目コード":"000","小字コード":"0000","予備コード":"00","大字名":"片無去","丁目名":null,"小字名":null,"予備名":null,"地番":"182-41","精度区分":null,"座標値種別":"図上測量","筆界未定構成筆":null,"代表点緯度":-188.649,"代表点経度":847.530697534}},{"type":"MultiPolygon","arcs":[[[1500,1501,1502,1503]]],"properties":{"筆ID":"H000000559","version":"ver1.0","座標系":"任意座標系","測地系判別":null,"地図名":"開拓図４・方無去","地図番号":"開16-2","縮尺分母":"2500","市区町村コード":"01662","市区町村名":"厚岸郡厚岸町","大字コード":"622","丁目コード":"000","小字コード":"0000","予備コード":"00","大字名":"片無去","丁目名":null,"小字名":null,"予備名":null,"地番":"182-44","精度区分":null,"座標値種別":"図上測量","筆界未定構成筆":null,"代表点緯度":-122.1005,"代表点経度":754.516184781}},{"type":"MultiPolygon","arcs":[[[1504,1505,-1501,1506]]],"properties":{"筆ID":"H000000560","version":"ver1.0","座標系":"任意座標系","測地系判別":null,"地図名":"開拓図４・方無去","地図番号":"開16-2","縮尺分母":"2500","市区町村コード":"01662","市区町村名":"厚岸郡厚岸町","大字コード":"622","丁目コード":"000","小字コード":"0000","予備コード":"00","大字名":"片無去","丁目名":null,"小字名":null,"予備名":null,"地番":"182-39","精度区分":null,"座標値種別":"図上測量","筆界未定構成筆":null,"代表点緯度":-103.8655,"代表点経度":826.515129112}},{"type":"MultiPolygon","arcs":[[[1507,-1500,1508,-1506]]],"properties":{"筆ID":"H000000561","version":"ver1.0","座標系":"任意座標系","測地系判別":null,"地図名":"開拓図４・方無去","地図番号":"開16-2","縮尺分母":"2500","市区町村コード":"01662","市区町村名":"厚岸郡厚岸町","大字コード":"622","丁目コード":"000","小字コード":"0000","予備コード":"00","大字名":"片無去","丁目名":null,"小字名":null,"予備名":null,"地番":"182-40","精度区分":null,"座標値種別":"図上測量","筆界未定構成筆":null,"代表点緯度":-146.2355,"代表点経度":837.017371123}},{"type":"MultiPolygon","arcs":[[[1509,-1474,-909,-912,-1473,1510,1511]]],"properties":{"筆ID":"H000000562","version":"ver1.0","座標系":"任意座標系","測地系判別":null,"地図名":"開拓図４・方無去","地図番号":"開16-2","縮尺分母":"2500","市区町村コード":"01662","市区町村名":"厚岸郡厚岸町","大字コード":"622","丁目コード":"000","小字コード":"0000","予備コード":"00","大字名":"片無去","丁目名":null,"小字名":null,"予備名":null,"地番":"182-69","精度区分":null,"座標値種別":"図上測量","筆界未定構成筆":null,"代表点緯度":-190.2335,"代表点経度":1116.134388007}},{"type":"MultiPolygon","arcs":[[[1512,-1468,-916,-1466,1513,1514]]],"properties":{"筆ID":"H000000563","version":"ver1.0","座標系":"任意座標系","測地系判別":null,"地図名":"開拓図４・方無去","地図番号":"開16-2","縮尺分母":"2500","市区町村コード":"01662","市区町村名":"厚岸郡厚岸町","大字コード":"622","丁目コード":"000","小字コード":"0000","予備コード":"00","大字名":"片無去","丁目名":null,"小字名":null,"予備名":null,"地番":"182-67","精度区分":null,"座標値種別":"図上測量","筆界未定構成筆":null,"代表点緯度":-211.3695,"代表点経度":1032.053061668}},{"type":"MultiPolygon","arcs":[[[-1514,-1465,-920,1515,1516]]],"properties":{"筆ID":"H000000564","version":"ver1.0","座標系":"任意座標系","測地系判別":null,"地図名":"開拓図４・方無去","地図番号":"開16-2","縮尺分母":"2500","市区町村コード":"01662","市区町村名":"厚岸郡厚岸町","大字コード":"622","丁目コード":"000","小字コード":"0000","予備コード":"00","大字名":"片無去","丁目名":null,"小字名":null,"予備名":null,"地番":"182-66","精度区分":null,"座標値種別":"図上測量","筆界未定構成筆":null,"代表点緯度":-221.9215,"代表点経度":989.994833013}},{"type":"MultiPolygon","arcs":[[[-1516,-923,-1464,1517,1518]]],"properties":{"筆ID":"H000000565","version":"ver1.0","座標系":"任意座標系","測地系判別":null,"地図名":"開拓図４・方無去","地図番号":"開16-2","縮尺分母":"2500","市区町村コード":"01662","市区町村名":"厚岸郡厚岸町","大字コード":"622","丁目コード":"000","小字コード":"0000","予備コード":"00","大字名":"片無去","丁目名":null,"小字名":null,"予備名":null,"地番":"182-65","精度区分":null,"座標値種別":"図上測量","筆界未定構成筆":null,"代表点緯度":-232.5155,"代表点経度":948.029476665}},{"type":"MultiPolygon","arcs":[[[-1518,-1463,-927,-1462,1519,1520]]],"properties":{"筆ID":"H000000566","version":"ver1.0","座標系":"任意座標系","測地系判別":null,"地図名":"開拓図４・方無去","地図番号":"開16-2","縮尺分母":"2500","市区町村コード":"01662","市区町村名":"厚岸郡厚岸町","大字コード":"622","丁目コード":"000","小字コード":"0000","予備コード":"00","大字名":"片無去","丁目名":null,"小字名":null,"予備名":null,"地番":"182-64","精度区分":null,"座標値種別":"図上測量","筆界未定構成筆":null,"代表点緯度":-242.959,"代表点経度":906.363218708}},{"type":"MultiPolygon","arcs":[[[-1520,-1461,-931,-1460,1521,1522]]],"properties":{"筆ID":"H000000567","version":"ver1.0","座標系":"任意座標系","測地系判別":null,"地図名":"開拓図４・方無去","地図番号":"開16-2","縮尺分母":"2500","市区町村コード":"01662","市区町村名":"厚岸郡厚岸町","大字コード":"622","丁目コード":"000","小字コード":"0000","予備コード":"00","大字名":"片無去","丁目名":null,"小字名":null,"予備名":null,"地番":"182-63","精度区分":null,"座標値種別":"図上測量","筆界未定構成筆":null,"代表点緯度":-253.444,"代表点経度":864.780335235}},{"type":"MultiPolygon","arcs":[[[-1522,-1459,-935,1523,1524,1525]]],"properties":{"筆ID":"H000000568","version":"ver1.0","座標系":"任意座標系","測地系判別":null,"地図名":"開拓図４・方無去","地図番号":"開16-2","縮尺分母":"2500","市区町村コード":"01662","市区町村名":"厚岸郡厚岸町","大字コード":"622","丁目コード":"000","小字コード":"0000","予備コード":"00","大字名":"片無去","丁目名":null,"小字名":null,"予備名":null,"地番":"182-62","精度区分":null,"座標値種別":"図上測量","筆界未定構成筆":null,"代表点緯度":-263.9455,"代表点経度":822.782766736}},{"type":"MultiPolygon","arcs":[[[1526,1527,1528,1529]]],"properties":{"筆ID":"H000000569","version":"ver1.0","座標系":"任意座標系","測地系判別":null,"地図名":"開拓図４・方無去","地図番号":"開16-2","縮尺分母":"2500","市区町村コード":"01662","市区町村名":"厚岸郡厚岸町","大字コード":"622","丁目コード":"000","小字コード":"0000","予備コード":"00","大字名":"片無去","丁目名":null,"小字名":null,"予備名":null,"地番":"182-60","精度区分":null,"座標値種別":"図上測量","筆界未定構成筆":null,"代表点緯度":-277.1285,"代表点経度":702.437817881}},{"type":"MultiPolygon","arcs":[[[1530,1531,1532,1533]]],"properties":{"筆ID":"H000000570","version":"ver1.0","座標系":"任意座標系","測地系判別":null,"地図名":"開拓図４・方無去","地図番号":"開16-2","縮尺分母":"2500","市区町村コード":"01662","市区町村名":"厚岸郡厚岸町","大字コード":"622","丁目コード":"000","小字コード":"0000","予備コード":"00","大字名":"片無去","丁目名":null,"小字名":null,"予備名":null,"地番":"182-57","精度区分":null,"座標値種別":"図上測量","筆界未定構成筆":null,"代表点緯度":-183.0525,"代表点経度":593.724283299}},{"type":"MultiPolygon","arcs":[[[1534,-1534,1535,1536]]],"properties":{"筆ID":"H000000571","version":"ver1.0","座標系":"任意座標系","測地系判別":null,"地図名":"開拓図４・方無去","地図番号":"開16-2","縮尺分母":"2500","市区町村コード":"01662","市区町村名":"厚岸郡厚岸町","大字コード":"622","丁目コード":"000","小字コード":"0000","予備コード":"00","大字名":"片無去","丁目名":null,"小字名":null,"予備名":null,"地番":"182-56","精度区分":null,"座標値種別":"図上測量","筆界未定構成筆":null,"代表点緯度":-141.597,"代表点経度":580.561284305}},{"type":"MultiPolygon","arcs":[[[1537,-1537,1538,1539]]],"properties":{"筆ID":"H000000572","version":"ver1.0","座標系":"任意座標系","測地系判別":null,"地図名":"開拓図４・方無去","地図番号":"開16-2","縮尺分母":"2500","市区町村コード":"01662","市区町村名":"厚岸郡厚岸町","大字コード":"622","丁目コード":"000","小字コード":"0000","予備コード":"00","大字名":"片無去","丁目名":null,"小字名":null,"予備名":null,"地番":"182-55","精度区分":null,"座標値種別":"図上測量","筆界未定構成筆":null,"代表点緯度":-99.7835,"代表点経度":567.283838688}},{"type":"MultiPolygon","arcs":[[[1540,-1540,1541,1542]]],"properties":{"筆ID":"H000000573","version":"ver1.0","座標系":"任意座標系","測地系判別":null,"地図名":"開拓図４・方無去","地図番号":"開16-2","縮尺分母":"2500","市区町村コード":"01662","市区町村名":"厚岸郡厚岸町","大字コード":"622","丁目コード":"000","小字コード":"0000","予備コード":"00","大字名":"片無去","丁目名":null,"小字名":null,"予備名":null,"地番":"182-54","精度区分":null,"座標値種別":"図上測量","筆界未定構成筆":null,"代表点緯度":-28.691,"代表点経度":544.710286521}},{"type":"MultiPolygon","arcs":[[[1543,1544,1545,1546]]],"properties":{"筆ID":"H000000574","version":"ver1.0","座標系":"任意座標系","測地系判別":null,"地図名":"開拓図４・方無去","地図番号":"開16-2","縮尺分母":"2500","市区町村コード":"01662","市区町村名":"厚岸郡厚岸町","大字コード":"622","丁目コード":"000","小字コード":"0000","予備コード":"00","大字名":"片無去","丁目名":null,"小字名":null,"予備名":null,"地番":"182-35","精度区分":null,"座標値種別":"図上測量","筆界未定構成筆":null,"代表点緯度":66.2815,"代表点経度":859.134033263}},{"type":"MultiPolygon","arcs":[[[1547,1548,1549,1550]]],"properties":{"筆ID":"H000000575","version":"ver1.0","座標系":"任意座標系","測地系判別":null,"地図名":"開拓図４・方無去","地図番号":"開16-2","縮尺分母":"2500","市区町村コード":"01662","市区町村名":"厚岸郡厚岸町","大字コード":"622","丁目コード":"000","小字コード":"0000","予備コード":"00","大字名":"片無去","丁目名":null,"小字名":null,"予備名":null,"地番":"182-23","精度区分":null,"座標値種別":"図上測量","筆界未定構成筆":null,"代表点緯度":79.1795,"代表点経度":1025.858590679}},{"type":"MultiPolygon","arcs":[[[1551,1552,-1548,1553]]],"properties":{"筆ID":"H000000576","version":"ver1.0","座標系":"任意座標系","測地系判別":null,"地図名":"開拓図４・方無去","地図番号":"開16-2","縮尺分母":"2500","市区町村コード":"01662","市区町村名":"厚岸郡厚岸町","大字コード":"622","丁目コード":"000","小字コード":"0000","予備コード":"00","大字名":"片無去","丁目名":null,"小字名":null,"予備名":null,"地番":"182-14","精度区分":null,"座標値種別":"図上測量","筆界未定構成筆":null,"代表点緯度":70.096,"代表点経度":1108.313262273}},{"type":"MultiPolygon","arcs":[[[-1550,1554,-1544,1555]]],"properties":{"筆ID":"H000000577","version":"ver1.0","座標系":"任意座標系","測地系判別":null,"地図名":"開拓図４・方無去","地図番号":"開16-2","縮尺分母":"2500","市区町村コード":"01662","市区町村名":"厚岸郡厚岸町","大字コード":"622","丁目コード":"000","小字コード":"0000","予備コード":"00","大字名":"片無去","丁目名":null,"小字名":null,"予備名":null,"地番":"182-24","精度区分":null,"座標値種別":"図上測量","筆界未定構成筆":null,"代表点緯度":79.584,"代表点経度":941.184568898}},{"type":"MultiPolygon","arcs":[[[1556,1557,-1543,1558]]],"properties":{"筆ID":"H000000578","version":"ver1.0","座標系":"任意座標系","測地系判別":null,"地図名":"開拓図４・方無去","地図番号":"開16-2","縮尺分母":"2500","市区町村コード":"01662","市区町村名":"厚岸郡厚岸町","大字コード":"622","丁目コード":"000","小字コード":"0000","予備コード":"00","大字名":"片無去","丁目名":null,"小字名":null,"予備名":null,"地番":"182-48","精度区分":null,"座標値種別":"図上測量","筆界未定構成筆":null,"代表点緯度":7.5715,"代表点経度":633.216106528}},{"type":"MultiPolygon","arcs":[[[-1511,-1472,-1471,-1469,-1513,1559]]],"properties":{"筆ID":"H000000579","version":"ver1.0","座標系":"任意座標系","測地系判別":null,"地図名":"開拓図４・方無去","地図番号":"開16-2","縮尺分母":"2500","市区町村コード":"01662","市区町村名":"厚岸郡厚岸町","大字コード":"622","丁目コード":"000","小字コード":"0000","予備コード":"00","大字名":"片無去","丁目名":null,"小字名":null,"予備名":null,"地番":"182-68","精度区分":null,"座標値種別":"図上測量","筆界未定構成筆":null,"代表点緯度":-200.7915,"代表点経度":1074.176672876}},{"type":"MultiPolygon","arcs":[[[1560,1561,1562]]],"properties":{"筆ID":"H000000580","version":"ver1.0","座標系":"任意座標系","測地系判別":null,"地図名":"開拓図４・方無去","地図番号":"開16-2","縮尺分母":"2500","市区町村コード":"01662","市区町村名":"厚岸郡厚岸町","大字コード":"622","丁目コード":"000","小字コード":"0000","予備コード":"00","大字名":"片無去","丁目名":null,"小字名":null,"予備名":null,"地番":"182-6","精度区分":null,"座標値種別":"図上測量","筆界未定構成筆":null,"代表点緯度":10.759,"代表点経度":1279.319584048}},{"type":"MultiPolygon","arcs":[[[1563,1564,1565,-1561]]],"properties":{"筆ID":"H000000581","version":"ver1.0","座標系":"任意座標系","測地系判別":null,"地図名":"開拓図４・方無去","地図番号":"開16-2","縮尺分母":"2500","市区町村コード":"01662","市区町村名":"厚岸郡厚岸町","大字コード":"622","丁目コード":"000","小字コード":"0000","予備コード":"00","大字名":"片無去","丁目名":null,"小字名":null,"予備名":null,"地番":"182-7","精度区分":null,"座標値種別":"図上測量","筆界未定構成筆":null,"代表点緯度":-31.374,"代表点経度":1289.888637586}},{"type":"MultiPolygon","arcs":[[[-1562,1566,1567]]],"properties":{"筆ID":"H000000582","version":"ver1.0","座標系":"任意座標系","測地系判別":null,"地図名":"開拓図４・方無去","地図番号":"開16-2","縮尺分母":"2500","市区町村コード":"01662","市区町村名":"厚岸郡厚岸町","大字コード":"622","丁目コード":"000","小字コード":"0000","予備コード":"00","大字名":"片無去","丁目名":null,"小字名":null,"予備名":null,"地番":"182-11","精度区分":null,"座標値種別":"図上測量","筆界未定構成筆":null,"代表点緯度":-7.5365,"代表点経度":1207.348327336}},{"type":"MultiPolygon","arcs":[[[1568,1569,-1565]]],"properties":{"筆ID":"H000000583","version":"ver1.0","座標系":"任意座標系","測地系判別":null,"地図名":"開拓図４・方無去","地図番号":"開16-2","縮尺分母":"2500","市区町村コード":"01662","市区町村名":"厚岸郡厚岸町","大字コード":"622","丁目コード":"000","小字コード":"0000","予備コード":"00","大字名":"片無去","丁目名":null,"小字名":null,"予備名":null,"地番":"182-8","精度区分":null,"座標値種別":"図上測量","筆界未定構成筆":null,"代表点緯度":-74.352,"代表点経度":1300.668834817}},{"type":"MultiPolygon","arcs":[[[-1566,1570,1571,-1567]]],"properties":{"筆ID":"H000000584","version":"ver1.0","座標系":"任意座標系","測地系判別":null,"地図名":"開拓図４・方無去","地図番号":"開16-2","縮尺分母":"2500","市区町村コード":"01662","市区町村名":"厚岸郡厚岸町","大字コード":"622","丁目コード":"000","小字コード":"0000","予備コード":"00","大字名":"片無去","丁目名":null,"小字名":null,"予備名":null,"地番":"182-10","精度区分":null,"座標値種別":"図上測量","筆界未定構成筆":null,"代表点緯度":-49.7225,"代表点経度":1217.889139476}},{"type":"MultiPolygon","arcs":[[[-1570,1572,-1571]]],"properties":{"筆ID":"H000000585","version":"ver1.0","座標系":"任意座標系","測地系判別":null,"地図名":"開拓図４・方無去","地図番号":"開16-2","縮尺分母":"2500","市区町村コード":"01662","市区町村名":"厚岸郡厚岸町","大字コード":"622","丁目コード":"000","小字コード":"0000","予備コード":"00","大字名":"片無去","丁目名":null,"小字名":null,"予備名":null,"地番":"182-9","精度区分":null,"座標値種別":"図上測量","筆界未定構成筆":null,"代表点緯度":-92.9135,"代表点経度":1228.681295547}},{"type":"MultiPolygon","arcs":[[[1573,1574,1575,1576]]],"properties":{"筆ID":"H000000586","version":"ver1.0","座標系":"任意座標系","測地系判別":null,"地図名":"開拓図４・方無去","地図番号":"開16-2","縮尺分母":"2500","市区町村コード":"01662","市区町村名":"厚岸郡厚岸町","大字コード":"622","丁目コード":"000","小字コード":"0000","予備コード":"00","大字名":"片無去","丁目名":null,"小字名":null,"予備名":null,"地番":"182-27","精度区分":null,"座標値種別":"図上測量","筆界未定構成筆":null,"代表点緯度":-65.742,"代表点経度":977.024094557}},{"type":"MultiPolygon","arcs":[[[1577,1578,1579,1580]]],"properties":{"筆ID":"H000000587","version":"ver1.0","座標系":"任意座標系","測地系判別":null,"地図名":"開拓図４・方無去","地図番号":"開16-2","縮尺分母":"2500","市区町村コード":"01662","市区町村名":"厚岸郡厚岸町","大字コード":"622","丁目コード":"000","小字コード":"0000","予備コード":"00","大字名":"片無去","丁目名":null,"小字名":null,"予備名":null,"地番":"182-31","精度区分":null,"座標値種別":"図上測量","筆界未定構成筆":null,"代表点緯度":-126.258,"代表点経度":916.133650932}},{"type":"MultiPolygon","arcs":[[[1581,1582,-1496,1583]]],"properties":{"筆ID":"H000000588","version":"ver1.0","座標系":"任意座標系","測地系判別":null,"地図名":"開拓図４・方無去","地図番号":"開16-2","縮尺分母":"2500","市区町村コード":"01662","市区町村名":"厚岸郡厚岸町","大字コード":"622","丁目コード":"000","小字コード":"0000","予備コード":"00","大字名":"片無去","丁目名":null,"小字名":null,"予備名":null,"地番":"182-17","精度区分":null,"座標値種別":"図上測量","筆界未定構成筆":null,"代表点緯度":-69.973,"代表点経度":1138.936440789}},{"type":"MultiPolygon","arcs":[[[-872,-875,-1480,1584,1585]]],"properties":{"筆ID":"H000000589","version":"ver1.0","座標系":"任意座標系","測地系判別":null,"地図名":"開拓図４・方無去","地図番号":"開17-2","縮尺分母":"2500","市区町村コード":"01662","市区町村名":"厚岸郡厚岸町","大字コード":"622","丁目コード":"000","小字コード":"0000","予備コード":"00","大字名":"片無去","丁目名":null,"小字名":null,"予備名":null,"地番":"182-76","精度区分":null,"座標値種別":"図上測量","筆界未定構成筆":null,"代表点緯度":-114.7955,"代表点経度":1413.031238612}},{"type":"MultiPolygon","arcs":[[[-1585,-1479,-879,-1487,1586,1587]]],"properties":{"筆ID":"H000000590","version":"ver1.0","座標系":"任意座標系","測地系判別":null,"地図名":"開拓図４・方無去","地図番号":"開17-2","縮尺分母":"2500","市区町村コード":"01662","市区町村名":"厚岸郡厚岸町","大字コード":"622","丁目コード":"000","小字コード":"0000","予備コード":"00","大字名":"片無去","丁目名":null,"小字名":null,"予備名":null,"地番":"182-75","精度区分":null,"座標値種別":"図上測量","筆界未定構成筆":null,"代表点緯度":-125.853,"代表点経度":1370.082421631}},{"type":"MultiPolygon","arcs":[[[-1587,-1486,-883,-886,-1485,1588,1589]]],"properties":{"筆ID":"H000000591","version":"ver1.0","座標系":"任意座標系","測地系判別":null,"地図名":"開拓図４・方無去","地図番号":"開16-2","縮尺分母":"2500","市区町村コード":"01662","市区町村名":"厚岸郡厚岸町","大字コード":"622","丁目コード":"000","小字コード":"0000","予備コード":"00","大字名":"片無去","丁目名":null,"小字名":null,"予備名":null,"地番":"182-74","精度区分":null,"座標値種別":"図上測量","筆界未定構成筆":null,"代表点緯度":-136.55,"代表点経度":1328.050848088}},{"type":"MultiPolygon","arcs":[[[-1589,-1484,-890,-1483,1590,1591]]],"properties":{"筆ID":"H000000592","version":"ver1.0","座標系":"任意座標系","測地系判別":null,"地図名":"開拓図４・方無去","地図番号":"開16-2","縮尺分母":"2500","市区町村コード":"01662","市区町村名":"厚岸郡厚岸町","大字コード":"622","丁目コード":"000","小字コード":"0000","予備コード":"00","大字名":"片無去","丁目名":null,"小字名":null,"予備名":null,"地番":"182-73","精度区分":null,"座標値種別":"図上測量","筆界未定構成筆":null,"代表点緯度":-147.398,"代表点経度":1285.706244265}},{"type":"MultiPolygon","arcs":[[[-1591,-1482,-894,-897,1592,1593]]],"properties":{"筆ID":"H000000593","version":"ver1.0","座標系":"任意座標系","測地系判別":null,"地図名":"開拓図４・方無去","地図番号":"開16-2","縮尺分母":"2500","市区町村コード":"01662","市区町村名":"厚岸郡厚岸町","大字コード":"622","丁目コード":"000","小字コード":"0000","予備コード":"00","大字名":"片無去","丁目名":null,"小字名":null,"予備名":null,"地番":"182-72","精度区分":null,"座標値種別":"図上測量","筆界未定構成筆":null,"代表点緯度":-158.1735,"代表点経度":1243.439904645}},{"type":"MultiPolygon","arcs":[[[1594,1595,-1557,1596]]],"properties":{"筆ID":"H000000594","version":"ver1.0","座標系":"任意座標系","測地系判別":null,"地図名":"開拓図４・方無去","地図番号":"開16-2","縮尺分母":"2500","市区町村コード":"01662","市区町村名":"厚岸郡厚岸町","大字コード":"622","丁目コード":"000","小字コード":"0000","予備コード":"00","大字名":"片無去","丁目名":null,"小字名":null,"予備名":null,"地番":"182-47","精度区分":null,"座標値種別":"図上測量","筆界未定構成筆":null,"代表点緯度":25.8715,"代表点経度":709.158994765}},{"type":"MultiPolygon","arcs":[[[-1546,1597,-1595,1598]]],"properties":{"筆ID":"H000000595","version":"ver1.0","座標系":"任意座標系","測地系判別":null,"地図名":"開拓図４・方無去","地図番号":"開16-2","縮尺分母":"2500","市区町村コード":"01662","市区町村名":"厚岸郡厚岸町","大字コード":"622","丁目コード":"000","小字コード":"0000","予備コード":"00","大字名":"片無去","丁目名":null,"小字名":null,"予備名":null,"地番":"182-36","精度区分":null,"座標値種別":"図上測量","筆界未定構成筆":null,"代表点緯度":40.8445,"代表点経度":785.147696876}},{"type":"MultiPolygon","arcs":[[[1599,1600,-1552,1601]]],"properties":{"筆ID":"H000000596","version":"ver1.0","座標系":"任意座標系","測地系判別":null,"地図名":"開拓図４・方無去","地図番号":"開16-2","縮尺分母":"2500","市区町村コード":"01662","市区町村名":"厚岸郡厚岸町","大字コード":"622","丁目コード":"000","小字コード":"0000","予備コード":"00","大字名":"片無去","丁目名":null,"小字名":null,"予備名":null,"地番":"182-13","精度区分":null,"座標値種別":"図上測量","筆界未定構成筆":null,"代表点緯度":74.4295,"代表点経度":1171.18199899}},{"type":"MultiPolygon","arcs":[[[1602,1603,-1600,1604]]],"properties":{"筆ID":"H000000597","version":"ver1.0","座標系":"任意座標系","測地系判別":null,"地図名":"開拓図４・方無去","地図番号":"開16-2","縮尺分母":"2500","市区町村コード":"01662","市区町村名":"厚岸郡厚岸町","大字コード":"622","丁目コード":"000","小字コード":"0000","予備コード":"00","大字名":"片無去","丁目名":null,"小字名":null,"予備名":null,"地番":"182-12","精度区分":null,"座標値種別":"図上測量","筆界未定構成筆":null,"代表点緯度":69.5535,"代表点経度":1217.164345585}},{"type":"MultiPolygon","arcs":[[[1605,-1603,1606]]],"properties":{"筆ID":"H000000598","version":"ver1.0","座標系":"任意座標系","測地系判別":null,"地図名":"開拓図４・方無去","地図番号":"開16-2","縮尺分母":"2500","市区町村コード":"01662","市区町村名":"厚岸郡厚岸町","大字コード":"622","丁目コード":"000","小字コード":"0000","予備コード":"00","大字名":"片無去","丁目名":null,"小字名":null,"予備名":null,"地番":"182-5","精度区分":null,"座標値種別":"図上測量","筆界未定構成筆":null,"代表点緯度":70.0465,"代表点経度":1290.946316199}},{"type":"MultiPolygon","arcs":[[[-1490,1607,1608,1609]]],"properties":{"筆ID":"H000000599","version":"ver1.0","座標系":"任意座標系","測地系判別":null,"地図名":"開拓図４・方無去","地図番号":"開17-2","縮尺分母":"2500","市区町村コード":"01662","市区町村名":"厚岸郡厚岸町","大字コード":"622","丁目コード":"000","小字コード":"0000","予備コード":"00","大字名":"片無去","丁目名":null,"小字名":null,"予備名":null,"地番":"182-4","精度区分":null,"座標値種別":"図上測量","筆界未定構成筆":null,"代表点緯度":27.133,"代表点経度":1364.853522321}},{"type":"MultiPolygon","arcs":[[[-1489,1610,1611,-1608]]],"properties":{"筆ID":"H000000600","version":"ver1.0","座標系":"任意座標系","測地系判別":null,"地図名":"開拓図４・方無去","地図番号":"開17-2","縮尺分母":"2500","市区町村コード":"01662","市区町村名":"厚岸郡厚岸町","大字コード":"622","丁目コード":"000","小字コード":"0000","予備コード":"00","大字名":"片無去","丁目名":null,"小字名":null,"予備名":null,"地番":"182-3","精度区分":null,"座標値種別":"図上測量","筆界未定構成筆":null,"代表点緯度":-10.0875,"代表点経度":1373.606879117}},{"type":"MultiPolygon","arcs":[[[-1488,1612,-1611]]],"properties":{"筆ID":"H000000601","version":"ver1.0","座標系":"任意座標系","測地系判別":null,"地図名":"開拓図４・方無去","地図番号":"開17-2","縮尺分母":"2500","市区町村コード":"01662","市区町村名":"厚岸郡厚岸町","大字コード":"622","丁目コード":"000","小字コード":"0000","予備コード":"00","大字名":"片無去","丁目名":null,"小字名":null,"予備名":null,"地番":"182-2","精度区分":null,"座標値種別":"図上測量","筆界未定構成筆":null,"代表点緯度":-53.063,"代表点経度":1383.713608378}},{"type":"MultiPolygon","arcs":[[[-1593,-1478,-901,-1477,1613,1614]]],"properties":{"筆ID":"H000000602","version":"ver1.0","座標系":"任意座標系","測地系判別":null,"地図名":"開拓図４・方無去","地図番号":"開16-2","縮尺分母":"2500","市区町村コード":"01662","市区町村名":"厚岸郡厚岸町","大字コード":"622","丁目コード":"000","小字コード":"0000","予備コード":"00","大字名":"片無去","丁目名":null,"小字名":null,"予備名":null,"地番":"182-71","精度区分":null,"座標値種別":"図上測量","筆界未定構成筆":null,"代表点緯度":-168.951,"代表点経度":1200.928037937}},{"type":"MultiPolygon","arcs":[[[1615,1616,1617]]],"properties":{"筆ID":"H000000603","version":"ver1.0","座標系":"任意座標系","測地系判別":null,"地図名":"開拓図４・方無去","地図番号":"開16-2","縮尺分母":"2500","市区町村コード":"01662","市区町村名":"厚岸郡厚岸町","大字コード":"622","丁目コード":"000","小字コード":"0000","予備コード":"00","大字名":"片無去","丁目名":null,"小字名":null,"予備名":null,"地番":"182-29","精度区分":null,"座標値種別":"図上測量","筆界未定構成筆":null,"代表点緯度":-150.8785,"代表点経度":998.117965129}},{"type":"MultiPolygon","arcs":[[[-1617,1618,-1579]]],"properties":{"筆ID":"H000000604","version":"ver1.0","座標系":"任意座標系","測地系判別":null,"地図名":"開拓図４・方無去","地図番号":"開16-2","縮尺分母":"2500","市区町村コード":"01662","市区町村名":"厚岸郡厚岸町","大字コード":"622","丁目コード":"000","小字コード":"0000","予備コード":"00","大字名":"片無去","丁目名":null,"小字名":null,"予備名":null,"地番":"182-30","精度区分":null,"座標値種別":"図上測量","筆界未定構成筆":null,"代表点緯度":-168.8,"代表点経度":926.663551126}},{"type":"MultiPolygon","arcs":[[[-1576,-1581,1619,1620]]],"properties":{"筆ID":"H000000605","version":"ver1.0","座標系":"任意座標系","測地系判別":null,"地図名":"開拓図４・方無去","地図番号":"開16-2","縮尺分母":"2500","市区町村コード":"01662","市区町村名":"厚岸郡厚岸町","大字コード":"622","丁目コード":"000","小字コード":"0000","予備コード":"00","大字名":"片無去","丁目名":null,"小字名":null,"予備名":null,"地番":"182-32","精度区分":null,"座標値種別":"図上測量","筆界未定構成筆":null,"代表点緯度":-83.825,"代表点経度":905.630156754}},{"type":"MultiPolygon","arcs":[[[1621,-1618,-1578,-1575]]],"properties":{"筆ID":"H000000606","version":"ver1.0","座標系":"任意座標系","測地系判別":null,"地図名":"開拓図４・方無去","地図番号":"開16-2","縮尺分母":"2500","市区町村コード":"01662","市区町村名":"厚岸郡厚岸町","大字コード":"622","丁目コード":"000","小字コード":"0000","予備コード":"00","大字名":"片無去","丁目名":null,"小字名":null,"予備名":null,"地番":"182-28","精度区分":null,"座標値種別":"図上測量","筆界未定構成筆":null,"代表点緯度":-108.2295,"代表点経度":987.550837747}},{"type":"MultiPolygon","arcs":[[[1622,1623,-1582]]],"properties":{"筆ID":"H000000607","version":"ver1.0","座標系":"任意座標系","測地系判別":null,"地図名":"開拓図４・方無去","地図番号":"開16-2","縮尺分母":"2500","市区町村コード":"01662","市区町村名":"厚岸郡厚岸町","大字コード":"622","丁目コード":"000","小字コード":"0000","予備コード":"00","大字名":"片無去","丁目名":null,"小字名":null,"予備名":null,"地番":"182-18","精度区分":null,"座標値種別":"図上測量","筆界未定構成筆":null,"代表点緯度":-112.8635,"代表点経度":1149.646507348}},{"type":"MultiPolygon","arcs":[[[-1624,1624,1625]]],"properties":{"筆ID":"H000000608","version":"ver1.0","座標系":"任意座標系","測地系判別":null,"地図名":"開拓図４・方無去","地図番号":"開16-2","縮尺分母":"2500","市区町村コード":"01662","市区町村名":"厚岸郡厚岸町","大字コード":"622","丁目コード":"000","小字コード":"0000","予備コード":"00","大字名":"片無去","丁目名":null,"小字名":null,"予備名":null,"地番":"182-19","精度区分":null,"座標値種別":"図上測量","筆界未定構成筆":null,"代表点緯度":-130.9325,"代表点経度":1077.638624011}},{"type":"MultiPolygon","arcs":[[[-1583,-1626,1626,1627]]],"properties":{"筆ID":"H000000609","version":"ver1.0","座標系":"任意座標系","測地系判別":null,"地図名":"開拓図４・方無去","地図番号":"開16-2","縮尺分母":"2500","市区町村コード":"01662","市区町村名":"厚岸郡厚岸町","大字コード":"622","丁目コード":"000","小字コード":"0000","予備コード":"00","大字名":"片無去","丁目名":null,"小字名":null,"予備名":null,"地番":"182-20","精度区分":null,"座標値種別":"図上測量","筆界未定構成筆":null,"代表点緯度":-88.1465,"代表点経度":1067.094488379}},{"type":"MultiPolygon","arcs":[[[-1497,-1628,1628,1629]]],"properties":{"筆ID":"H000000610","version":"ver1.0","座標系":"任意座標系","測地系判別":null,"地図名":"開拓図４・方無去","地図番号":"開16-2","縮尺分母":"2500","市区町村コード":"01662","市区町村名":"厚岸郡厚岸町","大字コード":"622","丁目コード":"000","小字コード":"0000","予備コード":"00","大字名":"片無去","丁目名":null,"小字名":null,"予備名":null,"地番":"182-21","精度区分":null,"座標値種別":"図上測量","筆界未定構成筆":null,"代表点緯度":-45.5835,"代表点経度":1056.605274301}},{"type":"MultiPolygon","arcs":[[[-1493,-1630,1630]]],"properties":{"筆ID":"H000000611","version":"ver1.0","座標系":"任意座標系","測地系判別":null,"地図名":"開拓図４・方無去","地図番号":"開16-2","縮尺分母":"2500","市区町村コード":"01662","市区町村名":"厚岸郡厚岸町","大字コード":"622","丁目コード":"000","小字コード":"0000","予備コード":"00","大字名":"片無去","丁目名":null,"小字名":null,"予備名":null,"地番":"182-22","精度区分":null,"座標値種別":"図上測量","筆界未定構成筆":null,"代表点緯度":-4.1305,"代表点経度":1046.389250101}},{"type":"MultiPolygon","arcs":[[[-1614,-1476,-905,-1475,-1510,1631]]],"properties":{"筆ID":"H000000612","version":"ver1.0","座標系":"任意座標系","測地系判別":null,"地図名":"開拓図４・方無去","地図番号":"開16-2","縮尺分母":"2500","市区町村コード":"01662","市区町村名":"厚岸郡厚岸町","大字コード":"622","丁目コード":"000","小字コード":"0000","予備コード":"00","大字名":"片無去","丁目名":null,"小字名":null,"予備名":null,"地番":"182-70","精度区分":null,"座標値種別":"図上測量","筆界未定構成筆":null,"代表点緯度":-179.651,"代表点経度":1158.275771673}},{"type":"MultiPolygon","arcs":[[[-1525,1632,1633,1634]]],"properties":{"筆ID":"H000000613","version":"ver1.0","座標系":"任意座標系","測地系判別":null,"地図名":"開拓図４・方無去","地図番号":"開16-2","縮尺分母":"2500","市区町村コード":"01662","市区町村名":"厚岸郡厚岸町","大字コード":"622","丁目コード":"000","小字コード":"0000","予備コード":"00","大字名":"片無去","丁目名":null,"小字名":null,"予備名":null,"地番":"182-61","精度区分":null,"座標値種別":"図上測量","筆界未定構成筆":null,"代表点緯度":-267.8125,"代表点経度":786.180177526}},{"type":"MultiPolygon","arcs":[[[-1634,1635,-1527,1636]]],"properties":{"筆ID":"H000000614","version":"ver1.0","座標系":"任意座標系","測地系判別":null,"地図名":"開拓図４・方無去","地図番号":"開16-2","縮尺分母":"2500","市区町村コード":"01662","市区町村名":"厚岸郡厚岸町","大字コード":"622","丁目コード":"000","小字コード":"0000","予備コード":"00","大字名":"片無去","丁目名":null,"小字名":null,"予備名":null,"地番":"182-77","精度区分":null,"座標値種別":"図上測量","筆界未定構成筆":null,"代表点緯度":-270.3405,"代表点経度":756.596521678}},{"type":"MultiPolygon","arcs":[[[-1529,1637,1638,1639,1640]]],"properties":{"筆ID":"H000000615","version":"ver1.0","座標系":"任意座標系","測地系判別":null,"地図名":"開拓図４・方無去","地図番号":"開16-2","縮尺分母":"2500","市区町村コード":"01662","市区町村名":"厚岸郡厚岸町","大字コード":"622","丁目コード":"000","小字コード":"0000","予備コード":"00","大字名":"片無去","丁目名":null,"小字名":null,"予備名":null,"地番":"182-78","精度区分":null,"座標値種別":"図上測量","筆界未定構成筆":null,"代表点緯度":-255.3015,"代表点経度":639.33888298}},{"type":"MultiPolygon","arcs":[[[-1639,1641,1642]]],"properties":{"筆ID":"H000000616","version":"ver1.0","座標系":"任意座標系","測地系判別":null,"地図名":"開拓図４・方無去","地図番号":"開16-2","縮尺分母":"2500","市区町村コード":"01662","市区町村名":"厚岸郡厚岸町","大字コード":"622","丁目コード":"000","小字コード":"0000","予備コード":"00","大字名":"片無去","丁目名":null,"小字名":null,"予備名":null,"地番":"182-59","精度区分":null,"座標値種別":"図上測量","筆界未定構成筆":null,"代表点緯度":-268.132,"代表点経度":603.859197625}},{"type":"MultiPolygon","arcs":[[[1643,-1640,-1643,1644,-1532]]],"properties":{"筆ID":"H000000617","version":"ver1.0","座標系":"任意座標系","測地系判別":null,"地図名":"開拓図４・方無去","地図番号":"開16-2","縮尺分母":"2500","市区町村コード":"01662","市区町村名":"厚岸郡厚岸町","大字コード":"622","丁目コード":"000","小字コード":"0000","予備コード":"00","大字名":"片無去","丁目名":null,"小字名":null,"予備名":null,"地番":"182-58","精度区分":null,"座標値種別":"図上測量","筆界未定構成筆":null,"代表点緯度":-224.5545,"代表点経度":606.902321139}},{"type":"MultiPolygon","arcs":[[[-1499,1645,1646,1647]]],"properties":{"筆ID":"H000000618","version":"ver1.0","座標系":"任意座標系","測地系判別":null,"地図名":"開拓図４・方無去","地図番号":"開16-2","縮尺分母":"2500","市区町村コード":"01662","市区町村名":"厚岸郡厚岸町","大字コード":"622","丁目コード":"000","小字コード":"0000","予備コード":"00","大字名":"片無去","丁目名":null,"小字名":null,"予備名":null,"地番":"182-42","精度区分":null,"座標値種別":"図上測量","筆界未定構成筆":null,"代表点緯度":-200.065,"代表点経度":802.10107036}},{"type":"MultiPolygon","arcs":[[[-1647,1648,1649,1650,1651]]],"properties":{"筆ID":"H000000619","version":"ver1.0","座標系":"任意座標系","測地系判別":null,"地図名":"開拓図４・方無去","地図番号":"開16-2","縮尺分母":"2500","市区町村コード":"01662","市区町村名":"厚岸郡厚岸町","大字コード":"622","丁目コード":"000","小字コード":"0000","予備コード":"00","大字名":"片無去","丁目名":null,"小字名":null,"予備名":null,"地番":"182-79","精度区分":null,"座標値種別":"図上測量","筆界未定構成筆":null,"代表点緯度":-196.7705,"代表点経度":780.744129287}},{"type":"MultiPolygon","arcs":[[[-1651,1652,1653,1654]]],"properties":{"筆ID":"H000000620","version":"ver1.0","座標系":"任意座標系","測地系判別":null,"地図名":"開拓図４・方無去","地図番号":"開16-2","縮尺分母":"2500","市区町村コード":"01662","市区町村名":"厚岸郡厚岸町","大字コード":"622","丁目コード":"000","小字コード":"0000","予備コード":"00","大字名":"片無去","丁目名":null,"小字名":null,"予備名":null,"地番":"182-80","精度区分":null,"座標値種別":"図上測量","筆界未定構成筆":null,"代表点緯度":-201,"代表点経度":753.552849946}},{"type":"MultiPolygon","arcs":[[[-1650,1655,-1653]]],"properties":{"筆ID":"H000000621","version":"ver1.0","座標系":"任意座標系","測地系判別":null,"地図名":"開拓図４・方無去","地図番号":"開16-2","縮尺分母":"2500","市区町村コード":"01662","市区町村名":"厚岸郡厚岸町","大字コード":"622","丁目コード":"000","小字コード":"0000","予備コード":"00","大字名":"片無去","丁目名":null,"小字名":null,"予備名":null,"地番":"182-81","精度区分":null,"座標値種別":"図上測量","筆界未定構成筆":null,"代表点緯度":-222.1565,"代表点経度":758.801216378}},{"type":"MultiPolygon","arcs":[[[-1509,-1648,-1652,-1655,1656,-1502]]],"properties":{"筆ID":"H000000622","version":"ver1.0","座標系":"任意座標系","測地系判別":null,"地図名":"開拓図４・方無去","地図番号":"開16-2","縮尺分母":"2500","市区町村コード":"01662","市区町村名":"厚岸郡厚岸町","大字コード":"622","丁目コード":"000","小字コード":"0000","予備コード":"00","大字名":"片無去","丁目名":null,"小字名":null,"予備名":null,"地番":"182-43","精度区分":null,"座標値種別":"図上測量","筆界未定構成筆":null,"代表点緯度":-164.414,"代表点経度":765.014767524}},{"type":"MultiPolygon","arcs":[[[1657,1658,1659]]],"properties":{"筆ID":"H000000623","version":"ver1.0","座標系":"任意座標系","測地系判別":null,"地図名":"開拓図４・方無去","地図番号":"開16-2","縮尺分母":"2500","市区町村コード":"01662","市区町村名":"厚岸郡厚岸町","大字コード":"622","丁目コード":"000","小字コード":"0000","予備コード":"00","大字名":"片無去","丁目名":null,"小字名":null,"予備名":null,"地番":"182-82","精度区分":null,"座標値種別":"図上測量","筆界未定構成筆":null,"代表点緯度":-43.3115,"代表点経度":668.918416119}},{"type":"MultiPolygon","arcs":[[[-1659,1660,1661]]],"properties":{"筆ID":"H000000624","version":"ver1.0","座標系":"任意座標系","測地系判別":null,"地図名":"開拓図４・方無去","地図番号":"開16-2","縮尺分母":"2500","市区町村コード":"01662","市区町村名":"厚岸郡厚岸町","大字コード":"622","丁目コード":"000","小字コード":"0000","予備コード":"00","大字名":"片無去","丁目名":null,"小字名":null,"予備名":null,"地番":"182-83","精度区分":null,"座標値種別":"図上測量","筆界未定構成筆":null,"代表点緯度":-52.2505,"代表点経度":633.588200346}},{"type":"MultiPolygon","arcs":[[[1662,1663,1664,-1661]]],"properties":{"筆ID":"H000000625","version":"ver1.0","座標系":"任意座標系","測地系判別":null,"地図名":"開拓図４・方無去","地図番号":"開16-2","縮尺分母":"2500","市区町村コード":"01662","市区町村名":"厚岸郡厚岸町","大字コード":"622","丁目コード":"000","小字コード":"0000","予備コード":"00","大字名":"片無去","丁目名":null,"小字名":null,"予備名":null,"地番":"182-84","精度区分":null,"座標値種別":"図上測量","筆界未定構成筆":null,"代表点緯度":-73.074,"代表点経度":638.727548295}},{"type":"MultiPolygon","arcs":[[[1665,1666,-1663,-1658]]],"properties":{"筆ID":"H000000626","version":"ver1.0","座標系":"任意座標系","測地系判別":null,"地図名":"開拓図４・方無去","地図番号":"開16-2","縮尺分母":"2500","市区町村コード":"01662","市区町村名":"厚岸郡厚岸町","大字コード":"622","丁目コード":"000","小字コード":"0000","予備コード":"00","大字名":"片無去","丁目名":null,"小字名":null,"予備名":null,"地番":"182-49","精度区分":null,"座標値種別":"図上測量","筆界未定構成筆":null,"代表点緯度":-64.1735,"代表点経度":674.087584972}},{"type":"MultiPolygon","arcs":[[[1667,1668,1669,-1667]]],"properties":{"筆ID":"H000000627","version":"ver1.0","座標系":"任意座標系","測地系判別":null,"地図名":"開拓図４・方無去","地図番号":"開16-2","縮尺分母":"2500","市区町村コード":"01662","市区町村名":"厚岸郡厚岸町","大字コード":"622","丁目コード":"000","小字コード":"0000","予備コード":"00","大字名":"片無去","丁目名":null,"小字名":null,"予備名":null,"地番":"182-85","精度区分":null,"座標値種別":"図上測量","筆界未定構成筆":null,"代表点緯度":-85.166,"代表点経度":679.289388232}},{"type":"MultiPolygon","arcs":[[[-1670,1670,1671,-1664]]],"properties":{"筆ID":"H000000628","version":"ver1.0","座標系":"任意座標系","測地系判別":null,"地図名":"開拓図４・方無去","地図番号":"開16-2","縮尺分母":"2500","市区町村コード":"01662","市区町村名":"厚岸郡厚岸町","大字コード":"622","丁目コード":"000","小字コード":"0000","予備コード":"00","大字名":"片無去","丁目名":null,"小字名":null,"予備名":null,"地番":"182-86","精度区分":null,"座標値種別":"図上測量","筆界未定構成筆":null,"代表点緯度":-94.0545,"代表点経度":643.90556971}},{"type":"MultiPolygon","arcs":[[[1672,1673,1674,-1671]]],"properties":{"筆ID":"H000000629","version":"ver1.0","座標系":"任意座標系","測地系判別":null,"地図名":"開拓図４・方無去","地図番号":"開16-2","縮尺分母":"2500","市区町村コード":"01662","市区町村名":"厚岸郡厚岸町","大字コード":"622","丁目コード":"000","小字コード":"0000","予備コード":"00","大字名":"片無去","丁目名":null,"小字名":null,"予備名":null,"地番":"182-87","精度区分":null,"座標値種別":"図上測量","筆界未定構成筆":null,"代表点緯度":-115.2175,"代表点経度":649.12889243}},{"type":"MultiPolygon","arcs":[[[1675,1676,-1673,-1669]]],"properties":{"筆ID":"H000000630","version":"ver1.0","座標系":"任意座標系","測地系判別":null,"地図名":"開拓図４・方無去","地図番号":"開16-2","縮尺分母":"2500","市区町村コード":"01662","市区町村名":"厚岸郡厚岸町","大字コード":"622","丁目コード":"000","小字コード":"0000","予備コード":"00","大字名":"片無去","丁目名":null,"小字名":null,"予備名":null,"地番":"182-50","精度区分":null,"座標値種別":"図上測量","筆界未定構成筆":null,"代表点緯度":-106.3155,"代表点経度":684.530391868}},{"type":"MultiPolygon","arcs":[[[1677,1678,1679,1680]]],"properties":{"筆ID":"H000000631","version":"ver1.0","座標系":"任意座標系","測地系判別":null,"地図名":"開拓図４・方無去","地図番号":"開16-2","縮尺分母":"2500","市区町村コード":"01662","市区町村名":"厚岸郡厚岸町","大字コード":"622","丁目コード":"000","小字コード":"0000","予備コード":"00","大字名":"片無去","丁目名":null,"小字名":null,"予備名":null,"地番":"182-88","精度区分":null,"座標値種別":"図上測量","筆界未定構成筆":null,"代表点緯度":-211.7395,"代表点経度":710.655389175}},{"type":"MultiPolygon","arcs":[[[-1680,1681,1682,1683]]],"properties":{"筆ID":"H000000632","version":"ver1.0","座標系":"任意座標系","測地系判別":null,"地図名":"開拓図４・方無去","地図番号":"開16-2","縮尺分母":"2500","市区町村コード":"01662","市区町村名":"厚岸郡厚岸町","大字コード":"622","丁目コード":"000","小字コード":"0000","予備コード":"00","大字名":"片無去","丁目名":null,"小字名":null,"予備名":null,"地番":"182-89","精度区分":null,"座標値種別":"図上測量","筆界未定構成筆":null,"代表点緯度":-220.631,"代表点経度":675.14542659}},{"type":"MultiPolygon","arcs":[[[1684,1685,-1682]]],"properties":{"筆ID":"H000000633","version":"ver1.0","座標系":"任意座標系","測地系判別":null,"地図名":"開拓図４・方無去","地図番号":"開16-2","縮尺分母":"2500","市区町村コード":"01662","市区町村名":"厚岸郡厚岸町","大字コード":"622","丁目コード":"000","小字コード":"0000","予備コード":"00","大字名":"片無去","丁目名":null,"小字名":null,"予備名":null,"地番":"182-90","精度区分":null,"座標値種別":"図上測量","筆界未定構成筆":null,"代表点緯度":-241.871,"代表点経度":680.387544333}},{"type":"MultiPolygon","arcs":[[[1686,-1685,-1679]]],"properties":{"筆ID":"H000000634","version":"ver1.0","座標系":"任意座標系","測地系判別":null,"地図名":"開拓図４・方無去","地図番号":"開16-2","縮尺分母":"2500","市区町村コード":"01662","市区町村名":"厚岸郡厚岸町","大字コード":"622","丁目コード":"000","小字コード":"0000","予備コード":"00","大字名":"片無去","丁目名":null,"小字名":null,"予備名":null,"地番":"182-53","精度区分":null,"座標値種別":"図上測量","筆界未定構成筆":null,"代表点緯度":-232.9465,"代表点経度":715.910433867}},{"type":"MultiPolygon","arcs":[[[1687,1688,1689,-1677]]],"properties":{"筆ID":"H000000635","version":"ver1.0","座標系":"任意座標系","測地系判別":null,"地図名":"開拓図４・方無去","地図番号":"開16-2","縮尺分母":"2500","市区町村コード":"01662","市区町村名":"厚岸郡厚岸町","大字コード":"622","丁目コード":"000","小字コード":"0000","予備コード":"00","大字名":"片無去","丁目名":null,"小字名":null,"予備名":null,"地番":"182-91","精度区分":null,"座標値種別":"図上測量","筆界未定構成筆":null,"代表点緯度":-127.385,"代表点経度":689.75143139}},{"type":"MultiPolygon","arcs":[[[-1690,1690,1691,-1674]]],"properties":{"筆ID":"H000000636","version":"ver1.0","座標系":"任意座標系","測地系判別":null,"地図名":"開拓図４・方無去","地図番号":"開16-2","縮尺分母":"2500","市区町村コード":"01662","市区町村名":"厚岸郡厚岸町","大字コード":"622","丁目コード":"000","小字コード":"0000","予備コード":"00","大字名":"片無去","丁目名":null,"小字名":null,"予備名":null,"地番":"182-92","精度区分":null,"座標値種別":"図上測量","筆界未定構成筆":null,"代表点緯度":-136.325,"代表点経度":654.338112905}},{"type":"MultiPolygon","arcs":[[[1692,1693,1694,-1691]]],"properties":{"筆ID":"H000000637","version":"ver1.0","座標系":"任意座標系","測地系判別":null,"地図名":"開拓図４・方無去","地図番号":"開16-2","縮尺分母":"2500","市区町村コード":"01662","市区町村名":"厚岸郡厚岸町","大字コード":"622","丁目コード":"000","小字コード":"0000","予備コード":"00","大字名":"片無去","丁目名":null,"小字名":null,"予備名":null,"地番":"182-93","精度区分":null,"座標値種別":"図上測量","筆界未定構成筆":null,"代表点緯度":-157.4,"代表点経度":659.539805731}},{"type":"MultiPolygon","arcs":[[[1695,1696,-1693,-1689]]],"properties":{"筆ID":"H000000638","version":"ver1.0","座標系":"任意座標系","測地系判別":null,"地図名":"開拓図４・方無去","地図番号":"開16-2","縮尺分母":"2500","市区町村コード":"01662","市区町村名":"厚岸郡厚岸町","大字コード":"622","丁目コード":"000","小字コード":"0000","予備コード":"00","大字名":"片無去","丁目名":null,"小字名":null,"予備名":null,"地番":"182-51","精度区分":null,"座標値種別":"図上測量","筆界未定構成筆":null,"代表点緯度":-148.3985,"代表点経度":694.958589841}},{"type":"MultiPolygon","arcs":[[[1697,1698,1699,-1697]]],"properties":{"筆ID":"H000000639","version":"ver1.0","座標系":"任意座標系","測地系判別":null,"地図名":"開拓図４・方無去","地図番号":"開16-2","縮尺分母":"2500","市区町村コード":"01662","市区町村名":"厚岸郡厚岸町","大字コード":"622","丁目コード":"000","小字コード":"0000","予備コード":"00","大字名":"片無去","丁目名":null,"小字名":null,"予備名":null,"地番":"182-94","精度区分":null,"座標値種別":"図上測量","筆界未定構成筆":null,"代表点緯度":-169.4965,"代表点経度":700.187104806}},{"type":"MultiPolygon","arcs":[[[-1700,1700,1701,-1694]]],"properties":{"筆ID":"H000000640","version":"ver1.0","座標系":"任意座標系","測地系判別":null,"地図名":"開拓図４・方無去","地図番号":"開16-2","縮尺分母":"2500","市区町村コード":"01662","市区町村名":"厚岸郡厚岸町","大字コード":"622","丁目コード":"000","小字コード":"0000","予備コード":"00","大字名":"片無去","丁目名":null,"小字名":null,"予備名":null,"地番":"182-95","精度区分":null,"座標値種別":"図上測量","筆界未定構成筆":null,"代表点緯度":-178.489,"代表点経度":664.744887733}},{"type":"MultiPolygon","arcs":[[[1702,-1684,1703,-1701]]],"properties":{"筆ID":"H000000641","version":"ver1.0","座標系":"任意座標系","測地系判別":null,"地図名":"開拓図４・方無去","地図番号":"開16-2","縮尺分母":"2500","市区町村コード":"01662","市区町村名":"厚岸郡厚岸町","大字コード":"622","丁目コード":"000","小字コード":"0000","予備コード":"00","大字名":"片無去","丁目名":null,"小字名":null,"予備名":null,"地番":"182-96","精度区分":null,"座標値種別":"図上測量","筆界未定構成筆":null,"代表点緯度":-199.522,"代表点経度":669.935902574}},{"type":"MultiPolygon","arcs":[[[1704,-1681,-1703,-1699]]],"properties":{"筆ID":"H000000642","version":"ver1.0","座標系":"任意座標系","測地系判別":null,"地図名":"開拓図４・方無去","地図番号":"開16-2","縮尺分母":"2500","市区町村コード":"01662","市区町村名":"厚岸郡厚岸町","大字コード":"622","丁目コード":"000","小字コード":"0000","予備コード":"00","大字名":"片無去","丁目名":null,"小字名":null,"予備名":null,"地番":"182-52","精度区分":null,"座標値種別":"図上測量","筆界未定構成筆":null,"代表点緯度":-190.608,"代表点経度":705.418905416}},{"type":"MultiPolygon","arcs":[[[1705,1706,1707,1708]]],"properties":{"筆ID":"H000000643","version":"ver1.0","座標系":"任意座標系","測地系判別":null,"地図名":"開拓図４・方無去","地図番号":"開16-2","縮尺分母":"2500","市区町村コード":"01662","市区町村名":"厚岸郡厚岸町","大字コード":"622","丁目コード":"000","小字コード":"0000","予備コード":"00","大字名":"片無去","丁目名":null,"小字名":null,"予備名":null,"地番":"182-97","精度区分":null,"座標値種別":"図上測量","筆界未定構成筆":null,"代表点緯度":-15.229,"代表点経度":868.536887734}},{"type":"MultiPolygon","arcs":[[[1709,-1709,1710]]],"properties":{"筆ID":"H000000644","version":"ver1.0","座標系":"任意座標系","測地系判別":null,"地図名":"開拓図４・方無去","地図番号":"開16-2","縮尺分母":"2500","市区町村コード":"01662","市区町村名":"厚岸郡厚岸町","大字コード":"622","丁目コード":"000","小字コード":"0000","予備コード":"00","大字名":"片無去","丁目名":null,"小字名":null,"予備名":null,"地番":"182-34","精度区分":null,"座標値種別":"図上測量","筆界未定構成筆":null,"代表点緯度":5.8755,"代表点経度":863.328727091}},{"type":"MultiPolygon","arcs":[[[1711,1712,1713,1714]]],"properties":{"筆ID":"H000000645","version":"ver1.0","座標系":"任意座標系","測地系判別":null,"地図名":"開拓図４・方無去","地図番号":"開16-2","縮尺分母":"2500","市区町村コード":"01662","市区町村名":"厚岸郡厚岸町","大字コード":"622","丁目コード":"000","小字コード":"0000","予備コード":"00","大字名":"片無去","丁目名":null,"小字名":null,"予備名":null,"地番":"182-99","精度区分":null,"座標値種別":"図上測量","筆界未定構成筆":null,"代表点緯度":6.6705,"代表点経度":910.892547237}},{"type":"MultiPolygon","arcs":[[[-1714,1715,-1706,-1710,1716]]],"properties":{"筆ID":"H000000646","version":"ver1.0","座標系":"任意座標系","測地系判別":null,"地図名":"開拓図４・方無去","地図番号":"開16-2","縮尺分母":"2500","市区町村コード":"01662","市区町村名":"厚岸郡厚岸町","大字コード":"622","丁目コード":"000","小字コード":"0000","予備コード":"00","大字名":"片無去","丁目名":null,"小字名":null,"予備名":null,"地番":"182-98","精度区分":null,"座標値種別":"図上測量","筆界未定構成筆":null,"代表点緯度":10.0815,"代表点経度":889.952560134}},{"type":"MultiPolygon","arcs":[[[1717,-1621,1718,-1707,-1716,-1713]]],"properties":{"筆ID":"H000000647","version":"ver1.0","座標系":"任意座標系","測地系判別":null,"地図名":"開拓図４・方無去","地図番号":"開16-2","縮尺分母":"2500","市区町村コード":"01662","市区町村名":"厚岸郡厚岸町","大字コード":"622","丁目コード":"000","小字コード":"0000","予備コード":"00","大字名":"片無去","丁目名":null,"小字名":null,"予備名":null,"地番":"182-33","精度区分":null,"座標値種別":"図上測量","筆界未定構成筆":null,"代表点緯度":-42.1025,"代表点経度":895.303052937}},{"type":"MultiPolygon","arcs":[[[1719,1720,1721]]],"properties":{"筆ID":"H000000648","version":"ver1.0","座標系":"任意座標系","測地系判別":null,"地図名":"開拓図４・方無去","地図番号":"開16-2","縮尺分母":"2500","市区町村コード":"01662","市区町村名":"厚岸郡厚岸町","大字コード":"622","丁目コード":"000","小字コード":"0000","予備コード":"00","大字名":"片無去","丁目名":null,"小字名":null,"予備名":null,"地番":"182-101","精度区分":null,"座標値種別":"図上測量","筆界未定構成筆":null,"代表点緯度":-4.5325,"代表点経度":822.187420714}},{"type":"MultiPolygon","arcs":[[[1722,1723,1724,1725,-1721]]],"properties":{"筆ID":"H000000649","version":"ver1.0","座標系":"任意座標系","測地系判別":null,"地図名":"開拓図４・方無去","地図番号":"開16-2","縮尺分母":"2500","市区町村コード":"01662","市区町村名":"厚岸郡厚岸町","大字コード":"622","丁目コード":"000","小字コード":"0000","予備コード":"00","大字名":"片無去","丁目名":null,"小字名":null,"予備名":null,"地番":"182-100","精度区分":null,"座標値種別":"図上測量","筆界未定構成筆":null,"代表点緯度":-29.779,"代表点経度":800.544271459}},{"type":"MultiPolygon","arcs":[[[-1725,1726,1727,1728]]],"properties":{"筆ID":"H000000650","version":"ver1.0","座標系":"任意座標系","測地系判別":null,"地図名":"開拓図４・方無去","地図番号":"開16-2","縮尺分母":"2500","市区町村コード":"01662","市区町村名":"厚岸郡厚岸町","大字コード":"622","丁目コード":"000","小字コード":"0000","予備コード":"00","大字名":"片無去","丁目名":null,"小字名":null,"予備名":null,"地番":"182-37","精度区分":null,"座標値種別":"図上測量","筆界未定構成筆":null,"代表点緯度":-26.505,"代表点経度":779.441804988}},{"type":"MultiPolygon","arcs":[[[1729,1730,-1723,-1720]]],"properties":{"筆ID":"H000000651","version":"ver1.0","座標系":"任意座標系","測地系判別":null,"地図名":"開拓図４・方無去","地図番号":"開16-2","縮尺分母":"2500","市区町村コード":"01662","市区町村名":"厚岸郡厚岸町","大字コード":"622","丁目コード":"000","小字コード":"0000","予備コード":"00","大字名":"片無去","丁目名":null,"小字名":null,"予備名":null,"地番":"182-102","精度区分":null,"座標値種別":"図上測量","筆界未定構成筆":null,"代表点緯度":-25.583,"代表点経度":827.401848254}},{"type":"MultiPolygon","arcs":[[[1731,-1507,1732,-1727,-1724,-1731]]],"properties":{"筆ID":"H000000652","version":"ver1.0","座標系":"任意座標系","測地系判別":null,"地図名":"開拓図４・方無去","地図番号":"開16-2","縮尺分母":"2500","市区町村コード":"01662","市区町村名":"厚岸郡厚岸町","大字コード":"622","丁目コード":"000","小字コード":"0000","予備コード":"00","大字名":"片無去","丁目名":null,"小字名":null,"予備名":null,"地番":"182-38","精度区分":null,"座標値種別":"図上測量","筆界未定構成筆":null,"代表点緯度":-62.0005,"代表点経度":816.137846548}},{"type":"MultiPolygon","arcs":[[[1733,1734,1735]]],"properties":{"筆ID":"H000000653","version":"ver1.0","座標系":"任意座標系","測地系判別":null,"地図名":"開拓図４・方無去","地図番号":"開16-2","縮尺分母":"2500","市区町村コード":"01662","市区町村名":"厚岸郡厚岸町","大字コード":"622","丁目コード":"000","小字コード":"0000","予備コード":"00","大字名":"片無去","丁目名":null,"小字名":null,"予備名":null,"地番":"182-104","精度区分":null,"座標値種別":"図上測量","筆界未定構成筆":null,"代表点緯度":33.5645,"代表点経度":972.762673811}},{"type":"MultiPolygon","arcs":[[[1736,1737,1738,1739,-1735]]],"properties":{"筆ID":"H000000654","version":"ver1.0","座標系":"任意座標系","測地系判別":null,"地図名":"開拓図４・方無去","地図番号":"開16-2","縮尺分母":"2500","市区町村コード":"01662","市区町村名":"厚岸郡厚岸町","大字コード":"622","丁目コード":"000","小字コード":"0000","予備コード":"00","大字名":"片無去","丁目名":null,"小字名":null,"予備名":null,"地番":"182-103","精度区分":null,"座標値種別":"図上測量","筆界未定構成筆":null,"代表点緯度":8.1235,"代表点経度":951.096111223}},{"type":"MultiPolygon","arcs":[[[-1739,1740,-1712,1741]]],"properties":{"筆ID":"H000000655","version":"ver1.0","座標系":"任意座標系","測地系判別":null,"地図名":"開拓図４・方無去","地図番号":"開16-2","縮尺分母":"2500","市区町村コード":"01662","市区町村名":"厚岸郡厚岸町","大字コード":"622","丁目コード":"000","小字コード":"0000","予備コード":"00","大字名":"片無去","丁目名":null,"小字名":null,"予備名":null,"地番":"182-25","精度区分":null,"座標値種別":"図上測量","筆界未定構成筆":null,"代表点緯度":11.472,"代表点経度":929.924864769}},{"type":"MultiPolygon","arcs":[[[1742,1743,-1737,-1734]]],"properties":{"筆ID":"H000000656","version":"ver1.0","座標系":"任意座標系","測地系判別":null,"地図名":"開拓図４・方無去","地図番号":"開16-2","縮尺分母":"2500","市区町村コード":"01662","市区町村名":"厚岸郡厚岸町","大字コード":"622","丁目コード":"000","小字コード":"0000","予備コード":"00","大字名":"片無去","丁目名":null,"小字名":null,"予備名":null,"地番":"182-105","精度区分":null,"座標値種別":"図上測量","筆界未定構成筆":null,"代表点緯度":12.3305,"代表点経度":978.022674146}},{"type":"MultiPolygon","arcs":[[[1744,-1577,-1718,-1741,-1738,-1744]]],"properties":{"筆ID":"H000000657","version":"ver1.0","座標系":"任意座標系","測地系判別":null,"地図名":"開拓図４・方無去","地図番号":"開16-2","縮尺分母":"2500","市区町村コード":"01662","市区町村名":"厚岸郡厚岸町","大字コード":"622","丁目コード":"000","小字コード":"0000","予備コード":"00","大字名":"片無去","丁目名":null,"小字名":null,"予備名":null,"地番":"182-26","精度区分":null,"座標値種別":"図上測量","筆界未定構成筆":null,"代表点緯度":-24.154,"代表点経度":966.720475931}},{"type":"MultiPolygon","arcs":[[[-1728,1745,1746,1747]]],"properties":{"筆ID":"H000000658","version":"ver1.0","座標系":"任意座標系","測地系判別":null,"地図名":"開拓図４・方無去","地図番号":"開16-2","縮尺分母":"2500","市区町村コード":"01662","市区町村名":"厚岸郡厚岸町","大字コード":"622","丁目コード":"000","小字コード":"0000","予備コード":"00","大字名":"片無去","丁目名":null,"小字名":null,"予備名":null,"地番":"182-108","精度区分":null,"座標値種別":"図上測量","筆界未定構成筆":null,"代表点緯度":-31.352,"代表点経度":760.232428886}},{"type":"MultiPolygon","arcs":[[[-1747,1748,1749,1750,1751]]],"properties":{"筆ID":"H000000659","version":"ver1.0","座標系":"任意座標系","測地系判別":null,"地図名":"開拓図４・方無去","地図番号":"開16-2","縮尺分母":"2500","市区町村コード":"01662","市区町村名":"厚岸郡厚岸町","大字コード":"622","丁目コード":"000","小字コード":"0000","予備コード":"00","大字名":"片無去","丁目名":null,"小字名":null,"予備名":null,"地番":"182-107","精度区分":null,"座標値種別":"図上測量","筆界未定構成筆":null,"代表点緯度":-28.188,"代表点経度":738.914439222}},{"type":"MultiPolygon","arcs":[[[-1751,1752,1753]]],"properties":{"筆ID":"H000000660","version":"ver1.0","座標系":"任意座標系","測地系判別":null,"地図名":"開拓図４・方無去","地図番号":"開16-2","縮尺分母":"2500","市区町村コード":"01662","市区町村名":"厚岸郡厚岸町","大字コード":"622","丁目コード":"000","小字コード":"0000","予備コード":"00","大字名":"片無去","丁目名":null,"小字名":null,"予備名":null,"地番":"182-46","精度区分":null,"座標値種別":"図上測量","筆界未定構成筆":null,"代表点緯度":-32.4755,"代表点経度":711.746229762}},{"type":"MultiPolygon","arcs":[[[-1750,1754,1755,-1753]]],"properties":{"筆ID":"H000000661","version":"ver1.0","座標系":"任意座標系","測地系判別":null,"地図名":"開拓図４・方無去","地図番号":"開16-2","縮尺分母":"2500","市区町村コード":"01662","市区町村名":"厚岸郡厚岸町","大字コード":"622","丁目コード":"000","小字コード":"0000","予備コード":"00","大字名":"片無去","丁目名":null,"小字名":null,"予備名":null,"地番":"182-106","精度区分":null,"座標値種別":"図上測量","筆界未定構成筆":null,"代表点緯度":-53.389,"代表点経度":716.933913752}},{"type":"MultiPolygon","arcs":[[[-1347,-1586,-1588,-1590,-1592,-1594,-1615,-1632,-1512,-1560,-1515,-1517,-1519,-1521,-1523,-1526,-1635,-1637,-1530,-1641,-1644,-1531,-1535,-1538,-1541,-1558,-1596,-1598,-1545,-1555,-1549,-1553,-1601,-1604,-1606,1756,-1609,-1612,-1613],[-1569,-1564,-1563,-1568,-1572,-1573],[-1616,-1622,-1574,-1745,-1743,-1736,-1740,-1742,-1715,-1717,-1711,-1708,-1719,-1620,-1580,-1619],[-1687,-1678,-1705,-1698,-1696,-1688,-1676,-1668,-1666,-1660,-1662,-1665,-1672,-1675,-1692,-1695,-1702,-1704,-1683,-1686],[-1498,-1508,-1505,-1732,-1730,-1722,-1726,-1729,-1748,-1752,-1754,-1756,1757,-1503,-1657,-1654,-1656,-1649,-1646],[-1623,-1584,-1495,-1494,-1631,-1629,-1627,-1625]]],"properties":{"筆ID":"H000000662","version":"ver1.0","座標系":"任意座標系","測地系判別":null,"地図名":"開拓図４・方無去","地図番号":"開17-2","縮尺分母":"2500","市区町村コード":"01662","市区町村名":"厚岸郡厚岸町","大字コード":"622","丁目コード":"000","小字コード":"0000","予備コード":"00","大字名":"片無去","丁目名":null,"小字名":null,"予備名":null,"地番":"182-1","精度区分":null,"座標値種別":"図上測量","筆界未定構成筆":null,"代表点緯度":-99.62,"代表点経度":1304.861732387}},{"type":"MultiPolygon","arcs":[[[-1733,-1504,-1758,-1755,-1749,-1746]]],"properties":{"筆ID":"H000000663","version":"ver1.0","座標系":"任意座標系","測地系判別":null,"地図名":"開拓図４・方無去","地図番号":"開16-2","縮尺分母":"2500","市区町村コード":"01662","市区町村名":"厚岸郡厚岸町","大字コード":"622","丁目コード":"000","小字コード":"0000","予備コード":"00","大字名":"片無去","丁目名":null,"小字名":null,"予備名":null,"地番":"182-45","精度区分":null,"座標値種別":"図上測量","筆界未定構成筆":null,"代表点緯度":-80.105,"代表点経度":744.096585604}},{"type":"MultiPolygon","arcs":[[[1758,1759,1760,1761]]],"properties":{"筆ID":"H000000664","version":"ver1.0","座標系":"任意座標系","測地系判別":null,"地図名":"開拓図４・方無去","地図番号":"開16-1","縮尺分母":"2500","市区町村コード":"01662","市区町村名":"厚岸郡厚岸町","大字コード":"622","丁目コード":"000","小字コード":"0000","予備コード":"00","大字名":"片無去","丁目名":null,"小字名":null,"予備名":null,"地番":"174-82","精度区分":null,"座標値種別":"図上測量","筆界未定構成筆":null,"代表点緯度":892.856,"代表点経度":1168.409818946}},{"type":"MultiPolygon","arcs":[[[1762,1763]]],"properties":{"筆ID":"H000000665","version":"ver1.0","座標系":"任意座標系","測地系判別":null,"地図名":"開拓図４・方無去","地図番号":"開16-1","縮尺分母":"2500","市区町村コード":"01662","市区町村名":"厚岸郡厚岸町","大字コード":"622","丁目コード":"000","小字コード":"0000","予備コード":"00","大字名":"片無去","丁目名":null,"小字名":null,"予備名":null,"地番":"174-80","精度区分":null,"座標値種別":"図上測量","筆界未定構成筆":null,"代表点緯度":989.8125,"代表点経度":1192.955411039}},{"type":"MultiPolygon","arcs":[[[1764,-1761,1765,-1763]]],"properties":{"筆ID":"H000000666","version":"ver1.0","座標系":"任意座標系","測地系判別":null,"地図名":"開拓図４・方無去","地図番号":"開16-1","縮尺分母":"2500","市区町村コード":"01662","市区町村名":"厚岸郡厚岸町","大字コード":"622","丁目コード":"000","小字コード":"0000","予備コード":"00","大字名":"片無去","丁目名":null,"小字名":null,"予備名":null,"地番":"174-81","精度区分":null,"座標値種別":"図上測量","筆界未定構成筆":null,"代表点緯度":934.14,"代表点経度":1176.111402002}},{"type":"MultiPolygon","arcs":[[[1766,1767,1768]]],"properties":{"筆ID":"H000000667","version":"ver1.0","座標系":"任意座標系","測地系判別":null,"地図名":"開拓図４・方無去","地図番号":"開16-1","縮尺分母":"2500","市区町村コード":"01662","市区町村名":"厚岸郡厚岸町","大字コード":"622","丁目コード":"000","小字コード":"0000","予備コード":"00","大字名":"片無去","丁目名":null,"小字名":null,"予備名":null,"地番":"174-102","精度区分":null,"座標値種別":"図上測量","筆界未定構成筆":null,"代表点緯度":825.6625,"代表点経度":1119.672234834}},{"type":"MultiPolygon","arcs":[[[1769,1770,1771,1772]]],"properties":{"筆ID":"H000000668","version":"ver1.0","座標系":"任意座標系","測地系判別":null,"地図名":"開拓図４・方無去","地図番号":"開17-1","縮尺分母":"2500","市区町村コード":"01662","市区町村名":"厚岸郡厚岸町","大字コード":"622","丁目コード":"000","小字コード":"0000","予備コード":"00","大字名":"片無去","丁目名":null,"小字名":null,"予備名":null,"地番":"174-72","精度区分":null,"座標値種別":"図上測量","筆界未定構成筆":null,"代表点緯度":1083.7075,"代表点経度":1397.310390712}},{"type":"MultiPolygon","arcs":[[[1773,1774,-1770]]],"properties":{"筆ID":"H000000669","version":"ver1.0","座標系":"任意座標系","測地系判別":null,"地図名":"開拓図４・方無去","地図番号":"開17-1","縮尺分母":"2500","市区町村コード":"01662","市区町村名":"厚岸郡厚岸町","大字コード":"622","丁目コード":"000","小字コード":"0000","予備コード":"00","大字名":"片無去","丁目名":null,"小字名":null,"予備名":null,"地番":"174-76","精度区分":null,"座標値種別":"図上測量","筆界未定構成筆":null,"代表点緯度":1035.2205,"代表点経度":1400.886923438}},{"type":"MultiPolygon","arcs":[[[1775,1776,1777,1778]]],"properties":{"筆ID":"H000000670","version":"ver1.0","座標系":"任意座標系","測地系判別":null,"地図名":"開拓図４・方無去","地図番号":"開16-1","縮尺分母":"2500","市区町村コード":"01662","市区町村名":"厚岸郡厚岸町","大字コード":"622","丁目コード":"000","小字コード":"0000","予備コード":"00","大字名":"片無去","丁目名":null,"小字名":null,"予備名":null,"地番":"174-70","精度区分":null,"座標値種別":"図上測量","筆界未定構成筆":null,"代表点緯度":1068.956,"代表点経度":1242.682309824}},{"type":"MultiPolygon","arcs":[[[1779,-1776,1780,1781]]],"properties":{"筆ID":"H000000671","version":"ver1.0","座標系":"任意座標系","測地系判別":null,"地図名":"開拓図４・方無去","地図番号":"開16-1","縮尺分母":"2500","市区町村コード":"01662","市区町村名":"厚岸郡厚岸町","大字コード":"622","丁目コード":"000","小字コード":"0000","予備コード":"00","大字名":"片無去","丁目名":null,"小字名":null,"予備名":null,"地番":"174-71","精度区分":null,"座標値種別":"図上測量","筆界未定構成筆":null,"代表点緯度":1072.1975,"代表点経度":1317.217891371}},{"type":"MultiPolygon","arcs":[[[-1779,1782,1783,1784]]],"properties":{"筆ID":"H000000672","version":"ver1.0","座標系":"任意座標系","測地系判別":null,"地図名":"開拓図４・方無去","地図番号":"開16-1","縮尺分母":"2500","市区町村コード":"01662","市区町村名":"厚岸郡厚岸町","大字コード":"622","丁目コード":"000","小字コード":"0000","予備コード":"00","大字名":"片無去","丁目名":null,"小字名":null,"予備名":null,"地番":"174-65","精度区分":null,"座標値種別":"図上測量","筆界未定構成筆":null,"代表点緯度":1116.883,"代表点経度":1239.125833813}},{"type":"MultiPolygon","arcs":[[[1785,-1781,-1785,1786]]],"properties":{"筆ID":"H000000673","version":"ver1.0","座標系":"任意座標系","測地系判別":null,"地図名":"開拓図４・方無去","地図番号":"開16-1","縮尺分母":"2500","市区町村コード":"01662","市区町村名":"厚岸郡厚岸町","大字コード":"622","丁目コード":"000","小字コード":"0000","予備コード":"00","大字名":"片無去","丁目名":null,"小字名":null,"予備名":null,"地番":"174-64","精度区分":null,"座標値種別":"図上測量","筆界未定構成筆":null,"代表点緯度":1119.3395,"代表点経度":1313.567906448}},{"type":"MultiPolygon","arcs":[[[1787,1788,1789,1790]]],"properties":{"筆ID":"H000000674","version":"ver1.0","座標系":"任意座標系","測地系判別":null,"地図名":"開拓図４・方無去","地図番号":"開16-1","縮尺分母":"2500","市区町村コード":"01662","市区町村名":"厚岸郡厚岸町","大字コード":"622","丁目コード":"000","小字コード":"0000","予備コード":"00","大字名":"片無去","丁目名":null,"小字名":null,"予備名":null,"地番":"174-66","精度区分":null,"座標値種別":"図上測量","筆界未定構成筆":null,"代表点緯度":1107.2555,"代表点経度":1155.655653495}},{"type":"MultiPolygon","arcs":[[[1791,1792,1793,1794]]],"properties":{"筆ID":"H000000675","version":"ver1.0","座標系":"任意座標系","測地系判別":null,"地図名":"開拓図４・方無去","地図番号":"開16-1","縮尺分母":"2500","市区町村コード":"01662","市区町村名":"厚岸郡厚岸町","大字コード":"622","丁目コード":"000","小字コード":"0000","予備コード":"00","大字名":"片無去","丁目名":null,"小字名":null,"予備名":null,"地番":"174-68","精度区分":null,"座標値種別":"図上測量","筆界未定構成筆":null,"代表点緯度":1058.7755,"代表点経度":1084.07132148}},{"type":"MultiPolygon","arcs":[[[1795,1796,-1792,-1789]]],"properties":{"筆ID":"H000000676","version":"ver1.0","座標系":"任意座標系","測地系判別":null,"地図名":"開拓図４・方無去","地図番号":"開16-1","縮尺分母":"2500","市区町村コード":"01662","市区町村名":"厚岸郡厚岸町","大字コード":"622","丁目コード":"000","小字コード":"0000","予備コード":"00","大字名":"片無去","丁目名":null,"小字名":null,"予備名":null,"地番":"174-69","精度区分":null,"座標値種別":"図上測量","筆界未定構成筆":null,"代表点緯度":1063.5715,"代表点経度":1158.598372622}},{"type":"MultiPolygon","arcs":[[[1797,1798,1799,-1777]]],"properties":{"筆ID":"H000000677","version":"ver1.0","座標系":"任意座標系","測地系判別":null,"地図名":"開拓図４・方無去","地図番号":"開16-1","縮尺分母":"2500","市区町村コード":"01662","市区町村名":"厚岸郡厚岸町","大字コード":"622","丁目コード":"000","小字コード":"0000","予備コード":"00","大字名":"片無去","丁目名":null,"小字名":null,"予備名":null,"地番":"174-78","精度区分":null,"座標値種別":"図上測量","筆界未定構成筆":null,"代表点緯度":1021.5195,"代表点経度":1246.153413974}},{"type":"MultiPolygon","arcs":[[[1800,1801,1802]]],"properties":{"筆ID":"H000000678","version":"ver1.0","座標系":"任意座標系","測地系判別":null,"地図名":"開拓図４・方無去","地図番号":"開17-1","縮尺分母":"2500","市区町村コード":"01662","市区町村名":"厚岸郡厚岸町","大字コード":"622","丁目コード":"000","小字コード":"0000","予備コード":"00","大字名":"片無去","丁目名":null,"小字名":null,"予備名":null,"地番":"174-74","精度区分":null,"座標値種別":"図上測量","筆界未定構成筆":null,"代表点緯度":974.029,"代表点経度":1460.944875266}},{"type":"MultiPolygon","arcs":[[[-1802,1803,1804,1805]]],"properties":{"筆ID":"H000000679","version":"ver1.0","座標系":"任意座標系","測地系判別":null,"地図名":"開拓図４・方無去","地図番号":"開17-1","縮尺分母":"2500","市区町村コード":"01662","市区町村名":"厚岸郡厚岸町","大字コード":"622","丁目コード":"000","小字コード":"0000","予備コード":"00","大字名":"片無去","丁目名":null,"小字名":null,"予備名":null,"地番":"174-75","精度区分":null,"座標値種別":"図上測量","筆界未定構成筆":null,"代表点緯度":962.003,"代表点経度":1416.529013872}},{"type":"MultiPolygon","arcs":[[[-1805,1806,1807,-1798,-1780,1808]]],"properties":{"筆ID":"H000000680","version":"ver1.0","座標系":"任意座標系","測地系判別":null,"地図名":"開拓図４・方無去","地図番号":"開16-1","縮尺分母":"2500","市区町村コード":"01662","市区町村名":"厚岸郡厚岸町","大字コード":"622","丁目コード":"000","小字コード":"0000","予備コード":"00","大字名":"片無去","丁目名":null,"小字名":null,"予備名":null,"地番":"174-77","精度区分":null,"座標値種別":"図上測量","筆界未定構成筆":null,"代表点緯度":1027.941,"代表点経度":1320.619887103}},{"type":"MultiPolygon","arcs":[[[-1808,1809,1810,-1799]]],"properties":{"筆ID":"H000000681","version":"ver1.0","座標系":"任意座標系","測地系判別":null,"地図名":"開拓図４・方無去","地図番号":"開16-1","縮尺分母":"2500","市区町村コード":"01662","市区町村名":"厚岸郡厚岸町","大字コード":"622","丁目コード":"000","小字コード":"0000","予備コード":"00","大字名":"片無去","丁目名":null,"小字名":null,"予備名":null,"地番":"174-79","精度区分":null,"座標値種別":"図上測量","筆界未定構成筆":null,"代表点緯度":959.8655,"代表点経度":1227.883023088}},{"type":"MultiPolygon","arcs":[[[1811,1812,1813,-1767]]],"properties":{"筆ID":"H000000682","version":"ver1.0","座標系":"任意座標系","測地系判別":null,"地図名":"開拓図４・方無去","地図番号":"開16-1","縮尺分母":"2500","市区町村コード":"01662","市区町村名":"厚岸郡厚岸町","大字コード":"622","丁目コード":"000","小字コード":"0000","予備コード":"00","大字名":"片無去","丁目名":null,"小字名":null,"予備名":null,"地番":"174-103","精度区分":null,"座標値種別":"図上測量","筆界未定構成筆":null,"代表点緯度":817.7835,"代表点経度":1168.046396437}},{"type":"MultiPolygon","arcs":[[[-1814,1814,1815,1816,-1768]]],"properties":{"筆ID":"H000000683","version":"ver1.0","座標系":"任意座標系","測地系判別":null,"地図名":"開拓図４・方無去","地図番号":"開16-1","縮尺分母":"2500","市区町村コード":"01662","市区町村名":"厚岸郡厚岸町","大字コード":"622","丁目コード":"000","小字コード":"0000","予備コード":"00","大字名":"片無去","丁目名":null,"小字名":null,"予備名":null,"地番":"174-104","精度区分":null,"座標値種別":"図上測量","筆界未定構成筆":null,"代表点緯度":778.5355,"代表点経度":1139.919280837}},{"type":"MultiPolygon","arcs":[[[1817,1818,1819,-1816]]],"properties":{"筆ID":"H000000684","version":"ver1.0","座標系":"任意座標系","測地系判別":null,"地図名":"開拓図４・方無去","地図番号":"開16-1","縮尺分母":"2500","市区町村コード":"01662","市区町村名":"厚岸郡厚岸町","大字コード":"622","丁目コード":"000","小字コード":"0000","予備コード":"00","大字名":"片無去","丁目名":null,"小字名":null,"予備名":null,"地番":"174-105","精度区分":null,"座標値種別":"図上測量","筆界未定構成筆":null,"代表点緯度":733.866,"代表点経度":1150.905288661}},{"type":"MultiPolygon","arcs":[[[-1819,1820,1821]]],"properties":{"筆ID":"H000000685","version":"ver1.0","座標系":"任意座標系","測地系判別":null,"地図名":"開拓図４・方無去","地図番号":"開16-1","縮尺分母":"2500","市区町村コード":"01662","市区町村名":"厚岸郡厚岸町","大字コード":"622","丁目コード":"000","小字コード":"0000","予備コード":"00","大字名":"片無去","丁目名":null,"小字名":null,"予備名":null,"地番":"174-106","精度区分":null,"座標値種別":"図上測量","筆界未定構成筆":null,"代表点緯度":693.883,"代表点経度":1119.301070099}},{"type":"MultiPolygon","arcs":[[[1822,1823,-1772,1824,1825]]],"properties":{"筆ID":"H000000686","version":"ver1.0","座標系":"任意座標系","測地系判別":null,"地図名":"開拓図４・方無去","地図番号":"開17-1","縮尺分母":"2500","市区町村コード":"01662","市区町村名":"厚岸郡厚岸町","大字コード":"622","丁目コード":"000","小字コード":"0000","予備コード":"00","大字名":"片無去","丁目名":null,"小字名":null,"予備名":null,"地番":"174-63","精度区分":null,"座標値種別":"図上測量","筆界未定構成筆":null,"代表点緯度":1118.03,"代表点経度":1417.889778499}},{"type":"MultiPolygon","arcs":[[[1826,-1774,-1773,-1824,1827]]],"properties":{"筆ID":"H000000687","version":"ver1.0","座標系":"任意座標系","測地系判別":null,"地図名":"開拓図４・方無去","地図番号":"開17-1","縮尺分母":"2500","市区町村コード":"01662","市区町村名":"厚岸郡厚岸町","大字コード":"622","丁目コード":"000","小字コード":"0000","予備コード":"00","大字名":"片無去","丁目名":null,"小字名":null,"予備名":null,"地番":"174-73","精度区分":null,"座標値種別":"図上測量","筆界未定構成筆":null,"代表点緯度":1065.6755,"代表点経度":1455.542704321}},{"type":"MultiPolygon","arcs":[[[1828,1829,1830,1831,1832]]],"properties":{"筆ID":"H000000688","version":"ver1.0","座標系":"任意座標系","測地系判別":null,"地図名":"開拓図４・方無去","地図番号":"開16-1","縮尺分母":"2500","市区町村コード":"01662","市区町村名":"厚岸郡厚岸町","大字コード":"622","丁目コード":"000","小字コード":"0000","予備コード":"00","大字名":"片無去","丁目名":null,"小字名":null,"予備名":null,"地番":"174-88","精度区分":null,"座標値種別":"図上測量","筆界未定構成筆":null,"代表点緯度":918.8795,"代表点経度":1089.379421347}},{"type":"MultiPolygon","arcs":[[[-1831,1833]]],"properties":{"筆ID":"H000000689","version":"ver1.0","座標系":"任意座標系","測地系判別":null,"地図名":"開拓図４・方無去","地図番号":"開16-1","縮尺分母":"2500","市区町村コード":"01662","市区町村名":"厚岸郡厚岸町","大字コード":"622","丁目コード":"000","小字コード":"0000","予備コード":"00","大字名":"片無去","丁目名":null,"小字名":null,"予備名":null,"地番":"174-91","精度区分":null,"座標値種別":"図上測量","筆界未定構成筆":null,"代表点緯度":883.3595,"代表点経度":1078.49291129}},{"type":"MultiPolygon","arcs":[[[1834,-1833,1835,1836]]],"properties":{"筆ID":"H000000690","version":"ver1.0","座標系":"任意座標系","測地系判別":null,"地図名":"開拓図４・方無去","地図番号":"開16-1","縮尺分母":"2500","市区町村コード":"01662","市区町村名":"厚岸郡厚岸町","大字コード":"622","丁目コード":"000","小字コード":"0000","予備コード":"00","大字名":"片無去","丁目名":null,"小字名":null,"予備名":null,"地番":"174-87","精度区分":null,"座標値種別":"図上測量","筆界未定構成筆":null,"代表点緯度":972.2175,"代表点経度":1089.795285366}},{"type":"MultiPolygon","arcs":[[[1837,-1829,-1835,1838,-1797]]],"properties":{"筆ID":"H000000691","version":"ver1.0","座標系":"任意座標系","測地系判別":null,"地図名":"開拓図４・方無去","地図番号":"開16-1","縮尺分母":"2500","市区町村コード":"01662","市区町村名":"厚岸郡厚岸町","大字コード":"622","丁目コード":"000","小字コード":"0000","予備コード":"00","大字名":"片無去","丁目名":null,"小字名":null,"予備名":null,"地番":"174-83","精度区分":null,"座標値種別":"図上測量","筆界未定構成筆":null,"代表点緯度":974.3535,"代表点経度":1143.770302361}},{"type":"MultiPolygon","arcs":[[[-1839,-1837,1839,-1793]]],"properties":{"筆ID":"H000000692","version":"ver1.0","座標系":"任意座標系","測地系判別":null,"地図名":"開拓図４・方無去","地図番号":"開16-1","縮尺分母":"2500","市区町村コード":"01662","市区町村名":"厚岸郡厚岸町","大字コード":"622","丁目コード":"000","小字コード":"0000","予備コード":"00","大字名":"片無去","丁目名":null,"小字名":null,"予備名":null,"地番":"174-84","精度区分":null,"座標値種別":"図上測量","筆界未定構成筆":null,"代表点緯度":1015.2605,"代表点経度":1086.948991851}},{"type":"MultiPolygon","arcs":[[[1840,1841,1842,1843]]],"properties":{"筆ID":"H000000693","version":"ver1.0","座標系":"任意座標系","測地系判別":null,"地図名":"開拓図４・方無去","地図番号":"開16-1","縮尺分母":"2500","市区町村コード":"01662","市区町村名":"厚岸郡厚岸町","大字コード":"622","丁目コード":"000","小字コード":"0000","予備コード":"00","大字名":"片無去","丁目名":null,"小字名":null,"予備名":null,"地番":"174-33","精度区分":null,"座標値種別":"図上測量","筆界未定構成筆":null,"代表点緯度":1393.2175,"代表点経度":1374.357574922}},{"type":"MultiPolygon","arcs":[[[1844,-1844,1845,1846]]],"properties":{"筆ID":"H000000694","version":"ver1.0","座標系":"任意座標系","測地系判別":null,"地図名":"開拓図４・方無去","地図番号":"開16-1","縮尺分母":"2500","市区町村コード":"01662","市区町村名":"厚岸郡厚岸町","大字コード":"622","丁目コード":"000","小字コード":"0000","予備コード":"00","大字名":"片無去","丁目名":null,"小字名":null,"予備名":null,"地番":"174-32","精度区分":null,"座標値種別":"図上測量","筆界未定構成筆":null,"代表点緯度":1436.6195,"代表点経度":1371.268126031}},{"type":"MultiPolygon","arcs":[[[1847,-1847,1848]]],"properties":{"筆ID":"H000000695","version":"ver1.0","座標系":"任意座標系","測地系判別":null,"地図名":"開拓図４・方無去","地図番号":"開16-1","縮尺分母":"2500","市区町村コード":"01662","市区町村名":"厚岸郡厚岸町","大字コード":"622","丁目コード":"000","小字コード":"0000","予備コード":"00","大字名":"片無去","丁目名":null,"小字名":null,"予備名":null,"地番":"174-23","精度区分":null,"座標値種別":"図上測量","筆界未定構成筆":null,"代表点緯度":1479.6545,"代表点経度":1368.143706355}},{"type":"MultiPolygon","arcs":[[[1849,1850]]],"properties":{"筆ID":"H000000696","version":"ver1.0","座標系":"任意座標系","測地系判別":null,"地図名":"開拓図４・方無去","地図番号":"開16-1","縮尺分母":"2500","市区町村コード":"01662","市区町村名":"厚岸郡厚岸町","大字コード":"622","丁目コード":"000","小字コード":"0000","予備コード":"00","大字名":"片無去","丁目名":null,"小字名":null,"予備名":null,"地番":"174-20","精度区分":null,"座標値種別":"図上測量","筆界未定構成筆":null,"代表点緯度":1532.491,"代表点経度":1364.340672756}},{"type":"MultiPolygon","arcs":[[[1851,-1851,1852,1853]]],"properties":{"筆ID":"H000000697","version":"ver1.0","座標系":"任意座標系","測地系判別":null,"地図名":"開拓図４・方無去","地図番号":"開16-1","縮尺分母":"2500","市区町村コード":"01662","市区町村名":"厚岸郡厚岸町","大字コード":"622","丁目コード":"000","小字コード":"0000","予備コード":"00","大字名":"片無去","丁目名":null,"小字名":null,"予備名":null,"地番":"174-11","精度区分":null,"座標値種別":"図上測量","筆界未定構成筆":null,"代表点緯度":1576.041,"代表点経度":1361.156266599}},{"type":"MultiPolygon","arcs":[[[1854,-1854,1855,1856]]],"properties":{"筆ID":"H000000698","version":"ver1.0","座標系":"任意座標系","測地系判別":null,"地図名":"開拓図４・方無去","地図番号":"開16-1","縮尺分母":"2500","市区町村コード":"01662","市区町村名":"厚岸郡厚岸町","大字コード":"622","丁目コード":"000","小字コード":"0000","予備コード":"00","大字名":"片無去","丁目名":null,"小字名":null,"予備名":null,"地番":"174-9","精度区分":null,"座標値種別":"図上測量","筆界未定構成筆":null,"代表点緯度":1619.9105,"代表点経度":1357.9487269}},{"type":"MultiPolygon","arcs":[[[1857,1858,1859]]],"properties":{"筆ID":"H000000699","version":"ver1.0","座標系":"任意座標系","測地系判別":null,"地図名":"開拓図４・方無去","地図番号":"開16-1","縮尺分母":"2500","市区町村コード":"01662","市区町村名":"厚岸郡厚岸町","大字コード":"622","丁目コード":"000","小字コード":"0000","予備コード":"00","大字名":"片無去","丁目名":null,"小字名":null,"予備名":null,"地番":"174-19","精度区分":null,"座標値種別":"図上測量","筆界未定構成筆":null,"代表点緯度":1526.982,"代表点経度":1283.712697588}},{"type":"MultiPolygon","arcs":[[[-1859,1860,1861]]],"properties":{"筆ID":"H000000700","version":"ver1.0","座標系":"任意座標系","測地系判別":null,"地図名":"開拓図４・方無去","地図番号":"開16-1","縮尺分母":"2500","市区町村コード":"01662","市区町村名":"厚岸郡厚岸町","大字コード":"622","丁目コード":"000","小字コード":"0000","予備コード":"00","大字名":"片無去","丁目名":null,"小字名":null,"予備名":null,"地番":"174-18","精度区分":null,"座標値種別":"図上測量","筆界未定構成筆":null,"代表点緯度":1521.93,"代表点経度":1209.74985762}},{"type":"MultiPolygon","arcs":[[[1862,-1860,1863,1864]]],"properties":{"筆ID":"H000000701","version":"ver1.0","座標系":"任意座標系","測地系判別":null,"地図名":"開拓図４・方無去","地図番号":"開16-1","縮尺分母":"2500","市区町村コード":"01662","市区町村名":"厚岸郡厚岸町","大字コード":"622","丁目コード":"000","小字コード":"0000","予備コード":"00","大字名":"片無去","丁目名":null,"小字名":null,"予備名":null,"地番":"174-12","精度区分":null,"座標値種別":"図上測量","筆界未定構成筆":null,"代表点緯度":1570.4435,"代表点経度":1280.529810508}},{"type":"MultiPolygon","arcs":[[[-1864,-1862,1865,1866]]],"properties":{"筆ID":"H000000702","version":"ver1.0","座標系":"任意座標系","測地系判別":null,"地図名":"開拓図４・方無去","地図番号":"開16-1","縮尺分母":"2500","市区町村コード":"01662","市区町村名":"厚岸郡厚岸町","大字コード":"622","丁目コード":"000","小字コード":"0000","予備コード":"00","大字名":"片無去","丁目名":null,"小字名":null,"予備名":null,"地番":"174-13","精度区分":null,"座標値種別":"図上測量","筆界未定構成筆":null,"代表点緯度":1565.315,"代表点経度":1206.631498219}},{"type":"MultiPolygon","arcs":[[[1867,1868,1869]]],"properties":{"筆ID":"H000000703","version":"ver1.0","座標系":"任意座標系","測地系判別":null,"地図名":"開拓図４・方無去","地図番号":"開16-1","縮尺分母":"2500","市区町村コード":"01662","市区町村名":"厚岸郡厚岸町","大字コード":"622","丁目コード":"000","小字コード":"0000","予備コード":"00","大字名":"片無去","丁目名":null,"小字名":null,"予備名":null,"地番":"174-17","精度区分":null,"座標値種別":"図上測量","筆界未定構成筆":null,"代表点緯度":1516.277,"代表点経度":1127.055238196}},{"type":"MultiPolygon","arcs":[[[-1869,1870,1871]]],"properties":{"筆ID":"H000000704","version":"ver1.0","座標系":"任意座標系","測地系判別":null,"地図名":"開拓図４・方無去","地図番号":"開16-1","縮尺分母":"2500","市区町村コード":"01662","市区町村名":"厚岸郡厚岸町","大字コード":"622","丁目コード":"000","小字コード":"0000","予備コード":"00","大字名":"片無去","丁目名":null,"小字名":null,"予備名":null,"地番":"174-16","精度区分":null,"座標値種別":"図上測量","筆界未定構成筆":null,"代表点緯度":1511.303,"代表点経度":1054.207654388}},{"type":"MultiPolygon","arcs":[[[1872,-1870,1873,1874]]],"properties":{"筆ID":"H000000705","version":"ver1.0","座標系":"任意座標系","測地系判別":null,"地図名":"開拓図４・方無去","地図番号":"開16-1","縮尺分母":"2500","市区町村コード":"01662","市区町村名":"厚岸郡厚岸町","大字コード":"622","丁目コード":"000","小字コード":"0000","予備コード":"00","大字名":"片無去","丁目名":null,"小字名":null,"予備名":null,"地番":"174-14","精度区分":null,"座標値種別":"図上測量","筆界未定構成筆":null,"代表点緯度":1559.5755,"代表点経度":1123.999868028}},{"type":"MultiPolygon","arcs":[[[-1874,-1872,1875,1876]]],"properties":{"筆ID":"H000000706","version":"ver1.0","座標系":"任意座標系","測地系判別":null,"地図名":"開拓図４・方無去","地図番号":"開16-1","縮尺分母":"2500","市区町村コード":"01662","市区町村名":"厚岸郡厚岸町","大字コード":"622","丁目コード":"000","小字コード":"0000","予備コード":"00","大字名":"片無去","丁目名":null,"小字名":null,"予備名":null,"地番":"174-15","精度区分":null,"座標値種別":"図上測量","筆界未定構成筆":null,"代表点緯度":1554.534,"代表点経度":1051.316459102}},{"type":"MultiPolygon","arcs":[[[-1791,1877,1878]]],"properties":{"筆ID":"H000000707","version":"ver1.0","座標系":"任意座標系","測地系判別":null,"地図名":"開拓図４・方無去","地図番号":"開16-1","縮尺分母":"2500","市区町村コード":"01662","市区町村名":"厚岸郡厚岸町","大字コード":"622","丁目コード":"000","小字コード":"0000","予備コード":"00","大字名":"片無去","丁目名":null,"小字名":null,"予備名":null,"地番":"174-59","精度区分":null,"座標値種別":"図上測量","筆界未定構成筆":null,"代表点緯度":1151.4155,"代表点経度":1152.718940793}},{"type":"MultiPolygon","arcs":[[[-1878,1879,1880]]],"properties":{"筆ID":"H000000708","version":"ver1.0","座標系":"任意座標系","測地系判別":null,"地図名":"開拓図４・方無去","地図番号":"開16-1","縮尺分母":"2500","市区町村コード":"01662","市区町村名":"厚岸郡厚岸町","大字コード":"622","丁目コード":"000","小字コード":"0000","予備コード":"00","大字名":"片無去","丁目名":null,"小字名":null,"予備名":null,"地番":"174-58","精度区分":null,"座標値種別":"図上測量","筆界未定構成筆":null,"代表点緯度":1141.4765,"代表点経度":1078.741470024}},{"type":"MultiPolygon","arcs":[[[-1790,-1795,1881,1882,-1880]]],"properties":{"筆ID":"H000000709","version":"ver1.0","座標系":"任意座標系","測地系判別":null,"地図名":"開拓図４・方無去","地図番号":"開16-1","縮尺分母":"2500","市区町村コード":"01662","市区町村名":"厚岸郡厚岸町","大字コード":"622","丁目コード":"000","小字コード":"0000","予備コード":"00","大字名":"片無去","丁目名":null,"小字名":null,"予備名":null,"地番":"174-67","精度区分":null,"座標値種別":"図上測量","筆界未定構成筆":null,"代表点緯度":1110.4965,"代表点経度":1080.650668861}},{"type":"MultiPolygon","arcs":[[[1883,1884,1885]]],"properties":{"筆ID":"H000000710","version":"ver1.0","座標系":"任意座標系","測地系判別":null,"地図名":"開拓図４・方無去","地図番号":"開16-1","縮尺分母":"2500","市区町村コード":"01662","市区町村名":"厚岸郡厚岸町","大字コード":"622","丁目コード":"000","小字コード":"0000","予備コード":"00","大字名":"片無去","丁目名":null,"小字名":null,"予備名":null,"地番":"174-85","精度区分":null,"座標値種別":"図上測量","筆界未定構成筆":null,"代表点緯度":1024.9115,"代表点経度":1031.161018952}},{"type":"MultiPolygon","arcs":[[[1886,1887,1888,-1885]]],"properties":{"筆ID":"H000000711","version":"ver1.0","座標系":"任意座標系","測地系判別":null,"地図名":"開拓図４・方無去","地図番号":"開16-1","縮尺分母":"2500","市区町村コード":"01662","市区町村名":"厚岸郡厚岸町","大字コード":"622","丁目コード":"000","小字コード":"0000","予備コード":"00","大字名":"片無去","丁目名":null,"小字名":null,"予備名":null,"地番":"174-86","精度区分":null,"座標値種別":"図上測量","筆界未定構成筆":null,"代表点緯度":973.1115,"代表点経度":1018.504940387}},{"type":"MultiPolygon","arcs":[[[1889,1890,1891,-1888]]],"properties":{"筆ID":"H000000712","version":"ver1.0","座標系":"任意座標系","測地系判別":null,"地図名":"開拓図４・方無去","地図番号":"開16-1","縮尺分母":"2500","市区町村コード":"01662","市区町村名":"厚岸郡厚岸町","大字コード":"622","丁目コード":"000","小字コード":"0000","予備コード":"00","大字名":"片無去","丁目名":null,"小字名":null,"予備名":null,"地番":"174-89","精度区分":null,"座標値種別":"図上測量","筆界未定構成筆":null,"代表点緯度":923.805,"代表点経度":1007.088887432}},{"type":"MultiPolygon","arcs":[[[1892,1893,-1891]]],"properties":{"筆ID":"H000000713","version":"ver1.0","座標系":"任意座標系","測地系判別":null,"地図名":"開拓図４・方無去","地図番号":"開16-1","縮尺分母":"2500","市区町村コード":"01662","市区町村名":"厚岸郡厚岸町","大字コード":"622","丁目コード":"000","小字コード":"0000","予備コード":"00","大字名":"片無去","丁目名":null,"小字名":null,"予備名":null,"地番":"174-90","精度区分":null,"座標値種別":"図上測量","筆界未定構成筆":null,"代表点緯度":878.7485,"代表点経度":995.451950941}},{"type":"MultiPolygon","arcs":[[[1894,1895,1896]]],"properties":{"筆ID":"H000000714","version":"ver1.0","座標系":"任意座標系","測地系判別":null,"地図名":"開拓図４・方無去","地図番号":"開16-1","縮尺分母":"2500","市区町村コード":"01662","市区町村名":"厚岸郡厚岸町","大字コード":"622","丁目コード":"000","小字コード":"0000","予備コード":"00","大字名":"片無去","丁目名":null,"小字名":null,"予備名":null,"地番":"174-93","精度区分":null,"座標値種別":"図上測量","筆界未定構成筆":null,"代表点緯度":770.815,"代表点経度":921.410962574}},{"type":"MultiPolygon","arcs":[[[1897,-1895,1898,1899]]],"properties":{"筆ID":"H000000715","version":"ver1.0","座標系":"任意座標系","測地系判別":null,"地図名":"開拓図４・方無去","地図番号":"開16-1","縮尺分母":"2500","市区町村コード":"01662","市区町村名":"厚岸郡厚岸町","大字コード":"622","丁目コード":"000","小字コード":"0000","予備コード":"00","大字名":"片無去","丁目名":null,"小字名":null,"予備名":null,"地番":"174-92","精度区分":null,"座標値種別":"図上測量","筆界未定構成筆":null,"代表点緯度":798.851,"代表点経度":953.232127079}},{"type":"MultiPolygon","arcs":[[[1900,1901,1902,-1896]]],"properties":{"筆ID":"H000000716","version":"ver1.0","座標系":"任意座標系","測地系判別":null,"地図名":"開拓図４・方無去","地図番号":"開16-1","縮尺分母":"2500","市区町村コード":"01662","市区町村名":"厚岸郡厚岸町","大字コード":"622","丁目コード":"000","小字コード":"0000","予備コード":"00","大字名":"片無去","丁目名":null,"小字名":null,"予備名":null,"地番":"174-95","精度区分":null,"座標値種別":"図上測量","筆界未定構成筆":null,"代表点緯度":735.9075,"代表点経度":949.127403153}},{"type":"MultiPolygon","arcs":[[[1903,1904,1905,-1902,1906]]],"properties":{"筆ID":"H000000717","version":"ver1.0","座標系":"任意座標系","測地系判別":null,"地図名":"開拓図４・方無去","地図番号":"開16-1","縮尺分母":"2500","市区町村コード":"01662","市区町村名":"厚岸郡厚岸町","大字コード":"622","丁目コード":"000","小字コード":"0000","予備コード":"00","大字名":"片無去","丁目名":null,"小字名":null,"予備名":null,"地番":"174-96","精度区分":null,"座標値種別":"図上測量","筆界未定構成筆":null,"代表点緯度":701.1545,"代表点経度":976.752701996}},{"type":"MultiPolygon","arcs":[[[1907,1908,1909]]],"properties":{"筆ID":"H000000718","version":"ver1.0","座標系":"任意座標系","測地系判別":null,"地図名":"開拓図４・方無去","地図番号":"開16-1","縮尺分母":"2500","市区町村コード":"01662","市区町村名":"厚岸郡厚岸町","大字コード":"622","丁目コード":"000","小字コード":"0000","予備コード":"00","大字名":"片無去","丁目名":null,"小字名":null,"予備名":null,"地番":"174-101","精度区分":null,"座標値種別":"図上測量","筆界未定構成筆":null,"代表点緯度":829.348,"代表点経度":1048.485240052}},{"type":"MultiPolygon","arcs":[[[1910,1911,1912,-1908]]],"properties":{"筆ID":"H000000719","version":"ver1.0","座標系":"任意座標系","測地系判別":null,"地図名":"開拓図４・方無去","地図番号":"開16-1","縮尺分母":"2500","市区町村コード":"01662","市区町村名":"厚岸郡厚岸町","大字コード":"622","丁目コード":"000","小字コード":"0000","予備コード":"00","大字名":"片無去","丁目名":null,"小字名":null,"予備名":null,"地番":"174-100","精度区分":null,"座標値種別":"図上測量","筆界未定構成筆":null,"代表点緯度":785.7685,"代表点経度":1051.663516718}},{"type":"MultiPolygon","arcs":[[[-1907,-1901,-1898,1913,-1909,-1913,1914]]],"properties":{"筆ID":"H000000720","version":"ver1.0","座標系":"任意座標系","測地系判別":null,"地図名":"開拓図４・方無去","地図番号":"開16-1","縮尺分母":"2500","市区町村コード":"01662","市区町村名":"厚岸郡厚岸町","大字コード":"622","丁目コード":"000","小字コード":"0000","予備コード":"00","大字名":"片無去","丁目名":null,"小字名":null,"予備名":null,"地番":"174-94","精度区分":null,"座標値種別":"図上測量","筆界未定構成筆":null,"代表点緯度":793.2065,"代表点経度":991.551113926}},{"type":"MultiPolygon","arcs":[[[1915,1916,-1915,-1912]]],"properties":{"筆ID":"H000000721","version":"ver1.0","座標系":"任意座標系","測地系判別":null,"地図名":"開拓図４・方無去","地図番号":"開16-1","縮尺分母":"2500","市区町村コード":"01662","市区町村名":"厚岸郡厚岸町","大字コード":"622","丁目コード":"000","小字コード":"0000","予備コード":"00","大字名":"片無去","丁目名":null,"小字名":null,"予備名":null,"地番":"174-99","精度区分":null,"座標値種別":"図上測量","筆界未定構成筆":null,"代表点緯度":738.3585,"代表点経度":1055.121268751}},{"type":"MultiPolygon","arcs":[[[1917,-1784,1918]]],"properties":{"筆ID":"H000000722","version":"ver1.0","座標系":"任意座標系","測地系判別":null,"地図名":"開拓図４・方無去","地図番号":"開16-1","縮尺分母":"2500","市区町村コード":"01662","市区町村名":"厚岸郡厚岸町","大字コード":"622","丁目コード":"000","小字コード":"0000","予備コード":"00","大字名":"片無去","丁目名":null,"小字名":null,"予備名":null,"地番":"174-60","精度区分":null,"座標値種別":"図上測量","筆界未定構成筆":null,"代表点緯度":1156.844,"代表点経度":1236.089512722}},{"type":"MultiPolygon","arcs":[[[-1787,-1918,1919]]],"properties":{"筆ID":"H000000723","version":"ver1.0","座標系":"任意座標系","測地系判別":null,"地図名":"開拓図４・方無去","地図番号":"開16-1","縮尺分母":"2500","市区町村コード":"01662","市区町村名":"厚岸郡厚岸町","大字コード":"622","丁目コード":"000","小字コード":"0000","予備コード":"00","大字名":"片無去","丁目名":null,"小字名":null,"予備名":null,"地番":"174-61","精度区分":null,"座標値種別":"図上測量","筆界未定構成筆":null,"代表点緯度":1161.748,"代表点経度":1310.393921539}},{"type":"MultiPolygon","arcs":[[[1920,1921,1922]]],"properties":{"筆ID":"H000000724","version":"ver1.0","座標系":"任意座標系","測地系判別":null,"地図名":"開拓図４・方無去","地図番号":"開16-1","縮尺分母":"2500","市区町村コード":"01662","市区町村名":"厚岸郡厚岸町","大字コード":"622","丁目コード":"000","小字コード":"0000","予備コード":"00","大字名":"片無去","丁目名":null,"小字名":null,"予備名":null,"地番":"174-57","精度区分":null,"座標値種別":"図上測量","筆界未定構成筆":null,"代表点緯度":1199.0645,"代表点経度":1075.090407015}},{"type":"MultiPolygon","arcs":[[[1923,1924,1925]]],"properties":{"筆ID":"H000000725","version":"ver1.0","座標系":"任意座標系","測地系判別":null,"地図名":"開拓図４・方無去","地図番号":"開16-1","縮尺分母":"2500","市区町村コード":"01662","市区町村名":"厚岸郡厚岸町","大字コード":"622","丁目コード":"000","小字コード":"0000","予備コード":"00","大字名":"片無去","丁目名":null,"小字名":null,"予備名":null,"地番":"174-27","精度区分":null,"座標値種別":"図上測量","筆界未定構成筆":null,"代表点緯度":1458.9425,"代表点経度":1057.683452949}},{"type":"MultiPolygon","arcs":[[[1926,-1924,1927]]],"properties":{"筆ID":"H000000726","version":"ver1.0","座標系":"任意座標系","測地系判別":null,"地図名":"開拓図４・方無去","地図番号":"開16-1","縮尺分母":"2500","市区町村コード":"01662","市区町村名":"厚岸郡厚岸町","大字コード":"622","丁目コード":"000","小字コード":"0000","予備コード":"00","大字名":"片無去","丁目名":null,"小字名":null,"予備名":null,"地番":"174-26","精度区分":null,"座標値種別":"図上測量","筆界未定構成筆":null,"代表点緯度":1463.7495,"代表点経度":1130.686777977}},{"type":"MultiPolygon","arcs":[[[1928,1929,1930,-1925]]],"properties":{"筆ID":"H000000727","version":"ver1.0","座標系":"任意座標系","測地系判別":null,"地図名":"開拓図４・方無去","地図番号":"開16-1","縮尺分母":"2500","市区町村コード":"01662","市区町村名":"厚岸郡厚岸町","大字コード":"622","丁目コード":"000","小字コード":"0000","予備コード":"00","大字名":"片無去","丁目名":null,"小字名":null,"予備名":null,"地番":"174-28","精度区分":null,"座標値種別":"図上測量","筆界未定構成筆":null,"代表点緯度":1415.581,"代表点経度":1060.609779127}},{"type":"MultiPolygon","arcs":[[[1931,1932,-1929,-1927]]],"properties":{"筆ID":"H000000728","version":"ver1.0","座標系":"任意座標系","測地系判別":null,"地図名":"開拓図４・方無去","地図番号":"開16-1","縮尺分母":"2500","市区町村コード":"01662","市区町村名":"厚岸郡厚岸町","大字コード":"622","丁目コード":"000","小字コード":"0000","予備コード":"00","大字名":"片無去","丁目名":null,"小字名":null,"予備名":null,"地番":"174-29","精度区分":null,"座標値種別":"図上測量","筆界未定構成筆":null,"代表点緯度":1420.5365,"代表点経度":1133.811643099}},{"type":"MultiPolygon","arcs":[[[1933,1934,1935,-1930]]],"properties":{"筆ID":"H000000729","version":"ver1.0","座標系":"任意座標系","測地系判別":null,"地図名":"開拓図４・方無去","地図番号":"開16-1","縮尺分母":"2500","市区町村コード":"01662","市区町村名":"厚岸郡厚岸町","大字コード":"622","丁目コード":"000","小字コード":"0000","予備コード":"00","大字名":"片無去","丁目名":null,"小字名":null,"予備名":null,"地番":"174-37","精度区分":null,"座標値種別":"図上測量","筆界未定構成筆":null,"代表点緯度":1371.929,"代表点経度":1063.529156357}},{"type":"MultiPolygon","arcs":[[[1936,1937,-1934,-1933]]],"properties":{"筆ID":"H000000730","version":"ver1.0","座標系":"任意座標系","測地系判別":null,"地図名":"開拓図４・方無去","地図番号":"開16-1","縮尺分母":"2500","市区町村コード":"01662","市区町村名":"厚岸郡厚岸町","大字コード":"622","丁目コード":"000","小字コード":"0000","予備コード":"00","大字名":"片無去","丁目名":null,"小字名":null,"予備名":null,"地番":"174-36","精度区分":null,"座標値種別":"図上測量","筆界未定構成筆":null,"代表点緯度":1376.951,"代表点経度":1136.887372929}},{"type":"MultiPolygon","arcs":[[[1938,1939,1940,-1935]]],"properties":{"筆ID":"H000000731","version":"ver1.0","座標系":"任意座標系","測地系判別":null,"地図名":"開拓図４・方無去","地図番号":"開16-1","縮尺分母":"2500","市区町村コード":"01662","市区町村名":"厚岸郡厚岸町","大字コード":"622","丁目コード":"000","小字コード":"0000","予備コード":"00","大字名":"片無去","丁目名":null,"小字名":null,"予備名":null,"地番":"174-38","精度区分":null,"座標値種別":"図上測量","筆界未定構成筆":null,"代表点緯度":1328.0735,"代表点経度":1066.462142736}},{"type":"MultiPolygon","arcs":[[[1941,1942,-1939,-1938]]],"properties":{"筆ID":"H000000732","version":"ver1.0","座標系":"任意座標系","測地系判別":null,"地図名":"開拓図４・方無去","地図番号":"開16-1","縮尺分母":"2500","市区町村コード":"01662","市区町村名":"厚岸郡厚岸町","大字コード":"622","丁目コード":"000","小字コード":"0000","予備コード":"00","大字名":"片無去","丁目名":null,"小字名":null,"予備名":null,"地番":"174-39","精度区分":null,"座標値種別":"図上測量","筆界未定構成筆":null,"代表点緯度":1333.151,"代表点経度":1139.978342134}},{"type":"MultiPolygon","arcs":[[[1943,1944,1945,-1940]]],"properties":{"筆ID":"H000000733","version":"ver1.0","座標系":"任意座標系","測地系判別":null,"地図名":"開拓図４・方無去","地図番号":"開16-1","縮尺分母":"2500","市区町村コード":"01662","市区町村名":"厚岸郡厚岸町","大字コード":"622","丁目コード":"000","小字コード":"0000","予備コード":"00","大字名":"片無去","丁目名":null,"小字名":null,"予備名":null,"地番":"174-47","精度区分":null,"座標値種別":"図上測量","筆界未定構成筆":null,"代表点緯度":1284.1155,"代表点経度":1069.402199345}},{"type":"MultiPolygon","arcs":[[[1946,-1921,1947]]],"properties":{"筆ID":"H000000734","version":"ver1.0","座標系":"任意座標系","測地系判別":null,"地図名":"開拓図４・方無去","地図番号":"開16-1","縮尺分母":"2500","市区町村コード":"01662","市区町村名":"厚岸郡厚岸町","大字コード":"622","丁目コード":"000","小字コード":"0000","予備コード":"00","大字名":"片無去","丁目名":null,"小字名":null,"予備名":null,"地番":"174-56","精度区分":null,"座標値種別":"図上測量","筆界未定構成筆":null,"代表点緯度":1201.3275,"代表点経度":1149.280566061}},{"type":"MultiPolygon","arcs":[[[1948,1949,-1944,-1943]]],"properties":{"筆ID":"H000000735","version":"ver1.0","座標系":"任意座標系","測地系判別":null,"地図名":"開拓図４・方無去","地図番号":"開16-1","縮尺分母":"2500","市区町村コード":"01662","市区町村名":"厚岸郡厚岸町","大字コード":"622","丁目コード":"000","小字コード":"0000","予備コード":"00","大字名":"片無去","丁目名":null,"小字名":null,"予備名":null,"地番":"174-46","精度区分":null,"座標値種別":"図上測量","筆界未定構成筆":null,"代表点緯度":1289.158,"代表点経度":1143.082747655}},{"type":"MultiPolygon","arcs":[[[1950,-1923,1951,-1945]]],"properties":{"筆ID":"H000000736","version":"ver1.0","座標系":"任意座標系","測地系判別":null,"地図名":"開拓図４・方無去","地図番号":"開16-1","縮尺分母":"2500","市区町村コード":"01662","市区町村名":"厚岸郡厚岸町","大字コード":"622","丁目コード":"000","小字コード":"0000","予備コード":"00","大字名":"片無去","丁目名":null,"小字名":null,"予備名":null,"地番":"174-48","精度区分":null,"座標値種別":"図上測量","筆界未定構成筆":null,"代表点緯度":1240.177,"代表点経度":1072.340816418}},{"type":"MultiPolygon","arcs":[[[1952,-1948,-1951,-1950]]],"properties":{"筆ID":"H000000737","version":"ver1.0","座標系":"任意座標系","測地系判別":null,"地図名":"開拓図４・方無去","地図番号":"開16-1","縮尺分母":"2500","市区町村コード":"01662","市区町村名":"厚岸郡厚岸町","大字コード":"622","丁目コード":"000","小字コード":"0000","予備コード":"00","大字名":"片無去","丁目名":null,"小字名":null,"予備名":null,"地番":"174-49","精度区分":null,"座標値種別":"図上測量","筆界未定構成筆":null,"代表点緯度":1245.1305,"代表点経度":1146.189579211}},{"type":"MultiPolygon","arcs":[[[1953,1954,1955]]],"properties":{"筆ID":"H000000738","version":"ver1.0","座標系":"任意座標系","測地系判別":null,"地図名":"開拓図４・方無去","地図番号":"開16-1","縮尺分母":"2500","市区町村コード":"01662","市区町村名":"厚岸郡厚岸町","大字コード":"622","丁目コード":"000","小字コード":"0000","予備コード":"00","大字名":"片無去","丁目名":null,"小字名":null,"予備名":null,"地番":"174-55","精度区分":null,"座標値種別":"図上測量","筆界未定構成筆":null,"代表点緯度":1206.8805,"代表点経度":1232.3946406}},{"type":"MultiPolygon","arcs":[[[1956,1957,1958]]],"properties":{"筆ID":"H000000739","version":"ver1.0","座標系":"任意座標系","測地系判別":null,"地図名":"開拓図４・方無去","地図番号":"開16-1","縮尺分母":"2500","市区町村コード":"01662","市区町村名":"厚岸郡厚岸町","大字コード":"622","丁目コード":"000","小字コード":"0000","予備コード":"00","大字名":"片無去","丁目名":null,"小字名":null,"予備名":null,"地番":"174-25","精度区分":null,"座標値種別":"図上測量","筆界未定構成筆":null,"代表点緯度":1469.3465,"代表点経度":1213.512693305}},{"type":"MultiPolygon","arcs":[[[1959,-1957,1960]]],"properties":{"筆ID":"H000000740","version":"ver1.0","座標系":"任意座標系","測地系判別":null,"地図名":"開拓図４・方無去","地図番号":"開16-1","縮尺分母":"2500","市区町村コード":"01662","市区町村名":"厚岸郡厚岸町","大字コード":"622","丁目コード":"000","小字コード":"0000","予備コード":"00","大字名":"片無去","丁目名":null,"小字名":null,"予備名":null,"地番":"174-24","精度区分":null,"座標値種別":"図上測量","筆界未定構成筆":null,"代表点緯度":1474.375,"代表点経度":1287.532274619}},{"type":"MultiPolygon","arcs":[[[1961,1962,1963,-1958]]],"properties":{"筆ID":"H000000741","version":"ver1.0","座標系":"任意座標系","測地系判別":null,"地図名":"開拓図４・方無去","地図番号":"開16-1","縮尺分母":"2500","市区町村コード":"01662","市区町村名":"厚岸郡厚岸町","大字コード":"622","丁目コード":"000","小字コード":"0000","予備コード":"00","大字名":"片無去","丁目名":null,"小字名":null,"予備名":null,"地番":"174-30","精度区分":null,"座標値種別":"図上測量","筆界未定構成筆":null,"代表点緯度":1426.1495,"代表点経度":1216.634406161}},{"type":"MultiPolygon","arcs":[[[1964,1965,-1962,-1960]]],"properties":{"筆ID":"H000000742","version":"ver1.0","座標系":"任意座標系","測地系判別":null,"地図名":"開拓図４・方無去","地図番号":"開16-1","縮尺分母":"2500","市区町村コード":"01662","市区町村名":"厚岸郡厚岸町","大字コード":"622","丁目コード":"000","小字コード":"0000","予備コード":"00","大字名":"片無去","丁目名":null,"小字名":null,"予備名":null,"地番":"174-31","精度区分":null,"座標値種別":"図上測量","筆界未定構成筆":null,"代表点緯度":1431.1675,"代表点経度":1290.72966629}},{"type":"MultiPolygon","arcs":[[[1966,1967,1968,-1963]]],"properties":{"筆ID":"H000000743","version":"ver1.0","座標系":"任意座標系","測地系判別":null,"地図名":"開拓図４・方無去","地図番号":"開16-1","縮尺分母":"2500","市区町村コード":"01662","市区町村名":"厚岸郡厚岸町","大字コード":"622","丁目コード":"000","小字コード":"0000","予備コード":"00","大字名":"片無去","丁目名":null,"小字名":null,"予備名":null,"地番":"174-35","精度区分":null,"座標値種別":"図上測量","筆界未定構成筆":null,"代表点緯度":1382.631,"代表点経度":1219.762537366}},{"type":"MultiPolygon","arcs":[[[1969,1970,-1967,-1966]]],"properties":{"筆ID":"H000000744","version":"ver1.0","座標系":"任意座標系","測地系判別":null,"地図名":"開拓図４・方無去","地図番号":"開16-1","縮尺分母":"2500","市区町村コード":"01662","市区町村名":"厚岸郡厚岸町","大字コード":"622","丁目コード":"000","小字コード":"0000","予備コード":"00","大字名":"片無去","丁目名":null,"小字名":null,"予備名":null,"地番":"174-34","精度区分":null,"座標値種別":"図上測量","筆界未定構成筆":null,"代表点緯度":1387.7095,"代表点経度":1293.91249649}},{"type":"MultiPolygon","arcs":[[[1971,1972,1973,-1968]]],"properties":{"筆ID":"H000000745","version":"ver1.0","座標系":"任意座標系","測地系判別":null,"地図名":"開拓図４・方無去","地図番号":"開16-1","縮尺分母":"2500","市区町村コード":"01662","市区町村名":"厚岸郡厚岸町","大字コード":"622","丁目コード":"000","小字コード":"0000","予備コード":"00","大字名":"片無去","丁目名":null,"小字名":null,"予備名":null,"地番":"174-40","精度区分":null,"座標値種別":"図上測量","筆界未定構成筆":null,"代表点緯度":1338.8845,"代表点経度":1222.906736282}},{"type":"MultiPolygon","arcs":[[[1974,1975,-1972,-1971]]],"properties":{"筆ID":"H000000746","version":"ver1.0","座標系":"任意座標系","測地系判別":null,"地図名":"開拓図４・方無去","地図番号":"開16-1","縮尺分母":"2500","市区町村コード":"01662","市区町村名":"厚岸郡厚岸町","大字コード":"622","丁目コード":"000","小字コード":"0000","予備コード":"00","大字名":"片無去","丁目名":null,"小字名":null,"予備名":null,"地番":"174-41","精度区分":null,"座標値種別":"図上測量","筆界未定構成筆":null,"代表点緯度":1344.0115,"代表点経度":1297.112863001}},{"type":"MultiPolygon","arcs":[[[1976,1977,1978,-1973]]],"properties":{"筆ID":"H000000747","version":"ver1.0","座標系":"任意座標系","測地系判別":null,"地図名":"開拓図４・方無去","地図番号":"開16-1","縮尺分母":"2500","市区町村コード":"01662","市区町村名":"厚岸郡厚岸町","大字コード":"622","丁目コード":"000","小字コード":"0000","予備コード":"00","大字名":"片無去","丁目名":null,"小字名":null,"予備名":null,"地番":"174-45","精度区分":null,"座標値種別":"図上測量","筆界未定構成筆":null,"代表点緯度":1294.8455,"代表点経度":1226.072196582}},{"type":"MultiPolygon","arcs":[[[1979,-1954,1980]]],"properties":{"筆ID":"H000000748","version":"ver1.0","座標系":"任意座標系","測地系判別":null,"地図名":"開拓図４・方無去","地図番号":"開16-1","縮尺分母":"2500","市区町村コード":"01662","市区町村名":"厚岸郡厚岸町","大字コード":"622","丁目コード":"000","小字コード":"0000","予備コード":"00","大字名":"片無去","丁目名":null,"小字名":null,"予備名":null,"地番":"174-54","精度区分":null,"座標値種別":"図上測量","筆界未定構成筆":null,"代表点緯度":1211.8465,"代表点経度":1306.792002883}},{"type":"MultiPolygon","arcs":[[[1981,1982,-1977,-1976]]],"properties":{"筆ID":"H000000749","version":"ver1.0","座標系":"任意座標系","測地系判別":null,"地図名":"開拓図４・方無去","地図番号":"開16-1","縮尺分母":"2500","市区町村コード":"01662","市区町村名":"厚岸郡厚岸町","大字コード":"622","丁目コード":"000","小字コード":"0000","予備コード":"00","大字名":"片無去","丁目名":null,"小字名":null,"予備名":null,"地番":"174-44","精度区分":null,"座標値種別":"図上測量","筆界未定構成筆":null,"代表点緯度":1299.9295,"代表点経度":1300.341356646}},{"type":"MultiPolygon","arcs":[[[1983,-1956,1984,-1978]]],"properties":{"筆ID":"H000000750","version":"ver1.0","座標系":"任意座標系","測地系判別":null,"地図名":"開拓図４・方無去","地図番号":"開16-1","縮尺分母":"2500","市区町村コード":"01662","市区町村名":"厚岸郡厚岸町","大字コード":"622","丁目コード":"000","小字コード":"0000","予備コード":"00","大字名":"片無去","丁目名":null,"小字名":null,"予備名":null,"地番":"174-50","精度区分":null,"座標値種別":"図上測量","筆界未定構成筆":null,"代表点緯度":1250.707,"代表点経度":1229.244657621}},{"type":"MultiPolygon","arcs":[[[1985,-1981,-1984,-1983]]],"properties":{"筆ID":"H000000751","version":"ver1.0","座標系":"任意座標系","測地系判別":null,"地図名":"開拓図４・方無去","地図番号":"開16-1","縮尺分母":"2500","市区町村コード":"01662","市区町村名":"厚岸郡厚岸町","大字コード":"622","丁目コード":"000","小字コード":"0000","予備コード":"00","大字名":"片無去","丁目名":null,"小字名":null,"予備名":null,"地番":"174-51","精度区分":null,"座標値種別":"図上測量","筆界未定構成筆":null,"代表点緯度":1255.6945,"代表点経度":1303.580935557}},{"type":"MultiPolygon","arcs":[[[1986,1987,1988,-1904,-1917]]],"properties":{"筆ID":"H000000752","version":"ver1.0","座標系":"任意座標系","測地系判別":null,"地図名":"開拓図４・方無去","地図番号":"開16-1","縮尺分母":"2500","市区町村コード":"01662","市区町村名":"厚岸郡厚岸町","大字コード":"622","丁目コード":"000","小字コード":"0000","予備コード":"00","大字名":"片無去","丁目名":null,"小字名":null,"予備名":null,"地番":"174-98","精度区分":null,"座標値種別":"図上測量","筆界未定構成筆":null,"代表点緯度":686.049,"代表点経度":1069.567389242}},{"type":"MultiPolygon","arcs":[[[-1989,1989,-1905]]],"properties":{"筆ID":"H000000753","version":"ver1.0","座標系":"任意座標系","測地系判別":null,"地図名":"開拓図４・方無去","地図番号":"開16-1","縮尺分母":"2500","市区町村コード":"01662","市区町村名":"厚岸郡厚岸町","大字コード":"622","丁目コード":"000","小字コード":"0000","予備コード":"00","大字名":"片無去","丁目名":null,"小字名":null,"予備名":null,"地番":"174-97","精度区分":null,"座標値種別":"図上測量","筆界未定構成筆":null,"代表点緯度":660.1935,"代表点経度":992.532032135}},{"type":"MultiPolygon","arcs":[[[1990,-1877,1991,1992]]],"properties":{"筆ID":"H000000754","version":"ver1.0","座標系":"任意座標系","測地系判別":null,"地図名":"開拓図４・方無去","地図番号":"開16-1","縮尺分母":"2500","市区町村コード":"01662","市区町村名":"厚岸郡厚岸町","大字コード":"622","丁目コード":"000","小字コード":"0000","予備コード":"00","大字名":"片無去","丁目名":null,"小字名":null,"予備名":null,"地番":"174-2","精度区分":null,"座標値種別":"図上測量","筆界未定構成筆":null,"代表点緯度":1599.0215,"代表点経度":1048.341186819}},{"type":"MultiPolygon","arcs":[[[1993,-1875,-1991,1994]]],"properties":{"筆ID":"H000000755","version":"ver1.0","座標系":"任意座標系","測地系判別":null,"地図名":"開拓図４・方無去","地図番号":"開16-1","縮尺分母":"2500","市区町村コード":"01662","市区町村名":"厚岸郡厚岸町","大字コード":"622","丁目コード":"000","小字コード":"0000","予備コード":"00","大字名":"片無去","丁目名":null,"小字名":null,"予備名":null,"地番":"174-3","精度区分":null,"座標値種別":"図上測量","筆界未定構成筆":null,"代表点緯度":1607.3115,"代表点経度":1120.631228934}},{"type":"MultiPolygon","arcs":[[[1995,-1867,1996,1997]]],"properties":{"筆ID":"H000000756","version":"ver1.0","座標系":"任意座標系","測地系判別":null,"地図名":"開拓図４・方無去","地図番号":"開16-1","縮尺分母":"2500","市区町村コード":"01662","市区町村名":"厚岸郡厚岸町","大字コード":"622","丁目コード":"000","小字コード":"0000","予備コード":"00","大字名":"片無去","丁目名":null,"小字名":null,"予備名":null,"地番":"174-4","精度区分":null,"座標値種別":"図上測量","筆界未定構成筆":null,"代表点緯度":1616.8595,"代表点経度":1202.926753752}},{"type":"MultiPolygon","arcs":[[[1998,-1865,-1996,1999]]],"properties":{"筆ID":"H000000757","version":"ver1.0","座標系":"任意座標系","測地系判別":null,"地図名":"開拓図４・方無去","地図番号":"開16-1","縮尺分母":"2500","市区町村コード":"01662","市区町村名":"厚岸郡厚岸町","大字コード":"622","丁目コード":"000","小字コード":"0000","予備コード":"00","大字名":"片無去","丁目名":null,"小字名":null,"予備名":null,"地番":"174-5","精度区分":null,"座標値種別":"図上測量","筆界未定構成筆":null,"代表点緯度":1625.311,"代表点経度":1276.511631902}},{"type":"MultiPolygon","arcs":[[[2000,-1857,2001,2002]]],"properties":{"筆ID":"H000000758","version":"ver1.0","座標系":"任意座標系","測地系判別":null,"地図名":"開拓図４・方無去","地図番号":"開16-1","縮尺分母":"2500","市区町村コード":"01662","市区町村名":"厚岸郡厚岸町","大字コード":"622","丁目コード":"000","小字コード":"0000","予備コード":"00","大字名":"片無去","丁目名":null,"小字名":null,"予備名":null,"地番":"174-6","精度区分":null,"座標値種別":"図上測量","筆界未定構成筆":null,"代表点緯度":1656.49,"代表点経度":1355.274338099}},{"type":"MultiPolygon","arcs":[[[2003,2004,2005]]],"properties":{"筆ID":"H000000759","version":"ver1.0","座標系":"任意座標系","測地系判別":null,"地図名":"開拓図４・方無去","地図番号":"開16-1","縮尺分母":"2500","市区町村コード":"01662","市区町村名":"厚岸郡厚岸町","大字コード":"622","丁目コード":"000","小字コード":"0000","予備コード":"00","大字名":"片無去","丁目名":null,"小字名":null,"予備名":null,"地番":"174-7","精度区分":null,"座標値種別":"図上測量","筆界未定構成筆":null,"代表点緯度":1667.337,"代表点経度":1453.139205636}},{"type":"MultiPolygon","arcs":[[[-2004,2006,2007,2008]]],"properties":{"筆ID":"H000000760","version":"ver1.0","座標系":"任意座標系","測地系判別":null,"地図名":"開拓図４・方無去","地図番号":"開16-1","縮尺分母":"2500","市区町村コード":"01662","市区町村名":"厚岸郡厚岸町","大字コード":"622","丁目コード":"000","小字コード":"0000","予備コード":"00","大字名":"片無去","丁目名":null,"小字名":null,"予備名":null,"地番":"174-8","精度区分":null,"座標値種別":"図上測量","筆界未定構成筆":null,"代表点緯度":1628.583,"代表点経度":1448.358337192}},{"type":"MultiPolygon","arcs":[[[2009,2010,2011,-2008]]],"properties":{"筆ID":"H000000761","version":"ver1.0","座標系":"任意座標系","測地系判別":null,"地図名":"開拓図４・方無去","地図番号":"開16-1","縮尺分母":"2500","市区町村コード":"01662","市区町村名":"厚岸郡厚岸町","大字コード":"622","丁目コード":"000","小字コード":"0000","予備コード":"00","大字名":"片無去","丁目名":null,"小字名":null,"予備名":null,"地番":"174-10","精度区分":null,"座標値種別":"図上測量","筆界未定構成筆":null,"代表点緯度":1572.9835,"代表点経度":1449.815173015}},{"type":"MultiPolygon","arcs":[[[2012,-2011,2013]]],"properties":{"筆ID":"H000000762","version":"ver1.0","座標系":"任意座標系","測地系判別":null,"地図名":"開拓図４・方無去","地図番号":"開16-1","縮尺分母":"2500","市区町村コード":"01662","市区町村名":"厚岸郡厚岸町","大字コード":"622","丁目コード":"000","小字コード":"0000","予備コード":"00","大字名":"片無去","丁目名":null,"小字名":null,"予備名":null,"地番":"174-21","精度区分":null,"座標値種別":"図上測量","筆界未定構成筆":null,"代表点緯度":1539.5795,"代表点経度":1448.699873491}},{"type":"MultiPolygon","arcs":[[[2014,2015,2016,-1841,-1845,-1848]]],"properties":{"筆ID":"H000000763","version":"ver1.0","座標系":"任意座標系","測地系判別":null,"地図名":"開拓図４・方無去","地図番号":"開16-1","縮尺分母":"2500","市区町村コード":"01662","市区町村名":"厚岸郡厚岸町","大字コード":"622","丁目コード":"000","小字コード":"0000","予備コード":"00","大字名":"片無去","丁目名":null,"小字名":null,"予備名":null,"地番":"174-22","精度区分":null,"座標値種別":"図上測量","筆界未定構成筆":null,"代表点緯度":1439.088,"代表点経度":1428.311173861}},{"type":"MultiPolygon","arcs":[[[-2017,2017,2018,2019,-1842]]],"properties":{"筆ID":"H000000764","version":"ver1.0","座標系":"任意座標系","測地系判別":null,"地図名":"開拓図４・方無去","地図番号":"開16-1","縮尺分母":"2500","市区町村コード":"01662","市区町村名":"厚岸郡厚岸町","大字コード":"622","丁目コード":"000","小字コード":"0000","予備コード":"00","大字名":"片無去","丁目名":null,"小字名":null,"予備名":null,"地番":"174-42","精度区分":null,"座標値種別":"図上測量","筆界未定構成筆":null,"代表点緯度":1349.895,"代表点経度":1384.870349607}},{"type":"MultiPolygon","arcs":[[[-2019,2020,2021,2022]]],"properties":{"筆ID":"H000000765","version":"ver1.0","座標系":"任意座標系","測地系判別":null,"地図名":"開拓図４・方無去","地図番号":"開17-1","縮尺分母":"2500","市区町村コード":"01662","市区町村名":"厚岸郡厚岸町","大字コード":"622","丁目コード":"000","小字コード":"0000","予備コード":"00","大字名":"片無去","丁目名":null,"小字名":null,"予備名":null,"地番":"174-43","精度区分":null,"座標値種別":"図上測量","筆界未定構成筆":null,"代表点緯度":1296.246,"代表点経度":1383.377228062}},{"type":"MultiPolygon","arcs":[[[2023,2024,2025,-2022]]],"properties":{"筆ID":"H000000766","version":"ver1.0","座標系":"任意座標系","測地系判別":null,"地図名":"開拓図４・方無去","地図番号":"開17-1","縮尺分母":"2500","市区町村コード":"01662","市区町村名":"厚岸郡厚岸町","大字コード":"622","丁目コード":"000","小字コード":"0000","予備コード":"00","大字名":"片無去","丁目名":null,"小字名":null,"予備名":null,"地番":"174-52","精度区分":null,"座標値種別":"図上測量","筆界未定構成筆":null,"代表点緯度":1267.094,"代表点経度":1387.676206638}},{"type":"MultiPolygon","arcs":[[[2026,2027,-2025,2028]]],"properties":{"筆ID":"H000000767","version":"ver1.0","座標系":"任意座標系","測地系判別":null,"地図名":"開拓図４・方無去","地図番号":"開17-1","縮尺分母":"2500","市区町村コード":"01662","市区町村名":"厚岸郡厚岸町","大字コード":"622","丁目コード":"000","小字コード":"0000","予備コード":"00","大字名":"片無去","丁目名":null,"小字名":null,"予備名":null,"地番":"174-53","精度区分":null,"座標値種別":"図上測量","筆界未定構成筆":null,"代表点緯度":1210.013,"代表点経度":1388.258625156}},{"type":"MultiPolygon","arcs":[[[-1826,2029,-2027,2030]]],"properties":{"筆ID":"H000000768","version":"ver1.0","座標系":"任意座標系","測地系判別":null,"地図名":"開拓図４・方無去","地図番号":"開17-1","縮尺分母":"2500","市区町村コード":"01662","市区町村名":"厚岸郡厚岸町","大字コード":"622","丁目コード":"000","小字コード":"0000","予備コード":"00","大字名":"片無去","丁目名":null,"小字名":null,"予備名":null,"地番":"174-62","精度区分":null,"座標値種別":"図上測量","筆界未定構成筆":null,"代表点緯度":1168.6235,"代表点経度":1397.112634705}},{"type":"MultiPolygon","arcs":[[[2031,-1803,-1806,-1809,-1782,-1786,-1920,-1919,-1783,-1778,-1800,-1811,2032,-1762,-1765,-1764,-1766,-1760,2033,-1812,-1769,-1817,-1820,-1822,2034,-1987,-1916,-1911,-1910,-1914,-1900,2035,-1893,-1890,-1887,-1884,2036,-1882,-1794,-1840,-1836,-1832,-1834,-1830,-1838,-1796,-1788,-1879,-1881,2037,-1992,-1876,-1871,-1868,-1873,-1994,2038,-1997,-1866,-1861,-1858,-1863,-1999,2039,-2002,-1856,-1853,-1850,-1852,-1855,-2001,2040,-2005,-2009,-2012,-2013,2041,-2015,-1849,-1846,-1843,-2020,-2023,-2026,-2028,-2030,-1825,-1771,-1775,-1827],[-1947,-1953,-1949,-1942,-1937,-1932,-1928,-1926,-1931,-1936,-1941,-1946,-1952,-1922],[-1980,-1986,-1982,-1975,-1970,-1965,-1961,-1959,-1964,-1969,-1974,-1979,-1985,-1955]]],"properties":{"筆ID":"H000000769","version":"ver1.0","座標系":"任意座標系","測地系判別":null,"地図名":"開拓図４・方無去","地図番号":"開17-1","縮尺分母":"2500","市区町村コード":"01662","市区町村名":"厚岸郡厚岸町","大字コード":"622","丁目コード":"000","小字コード":"0000","予備コード":"00","大字名":"片無去","丁目名":null,"小字名":null,"予備名":null,"地番":"174-1","精度区分":null,"座標値種別":"図上測量","筆界未定構成筆":null,"代表点緯度":1169.035,"代表点経度":1060.261857722}},{"type":"MultiPolygon","arcs":[[[-1341,-38,-35,-64,-67,-70,-72,-1349,-75,-78,2042,-417,-631,-414,-411,-408,-405,-630,-335,-338,-331,-629,-329,-326,-323,-320,-317,-314,-311,-628,-308,-306,-302,-627,-300,-297,-296,-291,-288,-285,-626,-284,-281,-625,-279,-276,-273,-271,-268,-265,-262,-723,-634,-1458,-807,-1457,-636,-1456,-642]]],"properties":{"筆ID":"H000000770","version":"ver1.0","座標系":"任意座標系","測地系判別":null,"地図名":"開拓図４・方無去","地図番号":"開17-2","縮尺分母":"2500","市区町村コード":"01662","市区町村名":"厚岸郡厚岸町","大字コード":"622","丁目コード":"000","小字コード":"0000","予備コード":"00","大字名":"片無去","丁目名":null,"小字名":null,"予備名":null,"地番":"水-1-1","精度区分":null,"座標値種別":"図上測量","筆界未定構成筆":null,"代表点緯度":-312.0495,"代表点経度":1778.346492198}}]}},"arcs":[[[688366,153319],[6471,-17659]],[[694837,135660],[-49814,-8037],[-5599,17606]],[[639424,145229],[48942,8090]],[[734820,160997],[6598,-17823],[-46581,-7514]],[[688366,153319],[46454,7678]],[[681794,171253],[6572,-17934]],[[639424,145229],[-5716,17974]],[[633708,163203],[48086,8050]],[[728150,179014],[6670,-18017]],[[681794,171253],[46356,7761]],[[675297,188984],[6497,-17731]],[[633708,163203],[-5734,18033]],[[627974,181236],[47323,7748]],[[721649,196573],[6501,-17559]],[[675297,188984],[46352,7589]],[[668733,206896],[6564,-17912]],[[627974,181236],[-5761,18116]],[[622213,199352],[46520,7544]],[[715047,214406],[6602,-17833]],[[668733,206896],[46314,7510]],[[662083,225043],[6650,-18147]],[[622213,199352],[-5851,18402]],[[616362,217754],[45721,7289]],[[708377,232424],[6670,-18018]],[[662083,225043],[46294,7381]],[[655502,243003],[6581,-17960]],[[616362,217754],[-1527,4800],[-4989,13004]],[[609846,235558],[45656,7445]],[[701673,250531],[6704,-18107]],[[655502,243003],[46171,7528]],[[648959,260860],[6543,-17857]],[[609846,235558],[-6789,17698],[45902,7604]],[[648959,260860],[46065,7631],[6649,-17960]],[[747612,140363],[3761,-10304]],[[751373,130059],[-23887,-7976],[-18237,-21057],[-2518,-807]],[[706731,100219],[-11325,31653]],[[695406,131872],[52206,8491]],[[706731,100219],[-19472,-6243],[-6955,521]],[[680304,94497],[-12094,32952]],[[668210,127449],[27196,4423]],[[638700,297733],[11629,-33015]],[[650329,264718],[-26615,-4481]],[[623714,260237],[-12579,35640]],[[611135,295877],[27565,1856]],[[695616,282812],[3601,-9863]],[[699217,272949],[-48888,-8231]],[[638700,297733],[1668,112],[51537,-15739],[3711,706]],[[933849,239109],[-57570,-9248]],[[876279,229861],[-9325,25720]],[[866954,255581],[14021,-568]],[[880975,255013],[4225,-5334],[13668,1688],[34981,-12258]],[[866954,255581],[-37589,2079]],[[829365,257660],[-6085,15016]],[[823280,272676],[15964,3833],[33651,-11295],[8080,-10201]],[[829365,257660],[-49069,2714]],[[780296,260374],[-12335,32815]],[[767961,293189],[17504,-9945],[12107,385],[25708,-10953]],[[780296,260374],[-37941,2099]],[[742355,262473],[-11058,27129]],[[731297,289602],[27216,-4814],[9448,8401]],[[742355,262473],[-40124,2220],[-3014,8256]],[[695616,282812],[35681,6790]],[[770244,172449],[12065,-32061]],[[782309,140388],[-30936,-10329]],[[747612,140363],[-7367,20182],[29999,11904]],[[799576,184088],[10643,-30182]],[[810219,153906],[-27910,-13518]],[[770244,172449],[29332,11639]],[[827756,195271],[11594,-31859]],[[839350,163412],[-29029,-9457],[-102,-49]],[[799576,184088],[28180,11183]],[[883551,195778],[-29320,-10066],[-2054,-18122],[-12827,-4178]],[[827756,195271],[49251,19544],[6544,-19037]],[[881459,215576],[57766,9189]],[[939225,224765],[-19988,-10899],[11052,-18489],[-14789,-5915],[-26469,5233]],[[889031,194695],[-7572,20881]],[[933849,239109],[8135,-2851]],[[941984,236258],[-2759,-11493]],[[881459,215576],[-5180,14285]],[[772430,205009],[8757,-24188]],[[781187,180821],[-42220,-16776],[-12172,33350]],[[726795,197395],[45635,7614]],[[767383,218949],[5047,-13940]],[[726795,197395],[-6482,17756]],[[720313,215151],[45704,7574]],[[766017,222725],[1366,-3776]],[[794651,223315],[11791,-32458]],[[806442,190857],[-25255,-10036]],[[767383,218949],[27268,4366]],[[823056,227864],[9670,-26563]],[[832726,201301],[-26284,-10444]],[[794651,223315],[28405,4549]],[[759424,240936],[6593,-18211]],[[720313,215151],[-6609,18106]],[[713704,233257],[45720,7679]],[[813170,255022],[9886,-27158]],[[794651,223315],[-12129,33390]],[[782522,256705],[30648,-1683]],[[869564,235310],[6125,-16937],[-42963,-17072]],[[823056,227864],[46508,7446]],[[753130,258320],[6294,-17384]],[[713704,233257],[-10142,27786],[49568,-2723]],[[813170,255022],[50265,-2761],[6129,-16951]],[[928438,35942],[-15699,-1380]],[[912739,34562],[-2629,11426]],[[910110,45988],[15969,1407],[2359,-11453]],[[912739,34562],[-20235,-1777]],[[892504,32785],[-2412,11438]],[[890092,44223],[20018,1765]],[[892504,32785],[-19976,-1756]],[[872528,31029],[-2542,11422]],[[869986,42451],[20106,1772]],[[872528,31029],[-19883,-1747]],[[852645,29282],[-2442,11425]],[[850203,40707],[19783,1744]],[[852645,29282],[-14763,-1298]],[[837882,27984],[-2421,11424]],[[835461,39408],[14742,1299]],[[837882,27984],[-14836,-1303]],[[823046,26681],[-2342,11427]],[[820704,38108],[14757,1300]],[[823046,26681],[-14999,-1318]],[[808047,25363],[-2320,11424]],[[805727,36787],[14977,1321]],[[808047,25363],[-15519,-1364]],[[792528,23999],[-2240,11427]],[[790288,35426],[15439,1361]],[[792528,23999],[-15056,-1323]],[[777472,22676],[-2396,11410]],[[775076,34086],[15212,1340]],[[777472,22676],[-15115,-1328]],[[762357,21348],[-2406,11404]],[[759951,32752],[15125,1334]],[[762357,21348],[-27986,-2459],[3028,11876]],[[737399,30765],[22552,1987]],[[795167,96244],[1709,-7858],[-22654,-2122]],[[774222,86264],[-1711,7858]],[[772511,94122],[22656,2122]],[[774222,86264],[-22691,-2126],[-1704,7859]],[[749827,91997],[22684,2125]],[[793458,104102],[1709,-7858]],[[772511,94122],[-1711,7858]],[[770800,101980],[22658,2122]],[[749827,91997],[-1703,7859]],[[748124,99856],[22676,2124]],[[769089,109838],[1711,-7858]],[[748124,99856],[-1703,7858]],[[746421,107714],[22668,2124]],[[791749,111960],[1709,-7858]],[[769089,109838],[22660,2122]],[[767379,117694],[1710,-7856]],[[746421,107714],[-1704,7857]],[[744717,115571],[22662,2123]],[[790041,119817],[1708,-7857]],[[767379,117694],[22662,2123]],[[788378,127464],[1663,-7647]],[[767379,117694],[-1676,7715]],[[765703,125409],[22675,2055]],[[876744,162326],[1908,-9094]],[[878652,153232],[-12604,-1177]],[[866048,152055],[-3607,17232]],[[862441,169287],[12595,1180]],[[875036,170467],[1708,-8141]],[[750074,73194],[-22933,-2095]],[[727141,71099],[-1600,7192]],[[725541,78291],[22964,2151],[1569,-7248]],[[727141,71099],[-23044,-2106]],[[704097,68993],[-1582,7141],[23026,2157]],[[727141,71099],[1624,-7293]],[[728765,63806],[-23044,-2147]],[[705721,61659],[-1624,7334]],[[701768,61313],[1658,-7805]],[[703426,53508],[-22290,-1955]],[[681136,51553],[-1704,7620]],[[679432,59173],[22336,2140]],[[700193,68722],[1575,-7409]],[[679432,59173],[-1655,7402]],[[677777,66575],[22416,2147]],[[677777,66575],[-1586,7092]],[[676191,73667],[22504,2108],[1498,-7053]],[[750074,73194],[1571,-7257]],[[751645,65937],[-22880,-2131]],[[728765,63806],[1762,-7921]],[[730527,55885],[-23079,-2024]],[[707448,53861],[-1727,7798]],[[751645,65937],[1747,-8069]],[[753392,57868],[-9283,-792]],[[744109,57076],[-13582,-1191]],[[753392,57868],[3277,-15134]],[[756669,42734],[-16620,-1576]],[[740049,41158],[4060,15918]],[[756669,42734],[1661,-7670],[-20294,-1801]],[[738036,33263],[2013,7895]],[[823358,87455],[1543,-7180]],[[824901,80275],[-21925,-2442]],[[802976,77833],[-1647,7558],[22029,2064]],[[824901,80275],[1648,-7675]],[[826549,72600],[-21934,-2290]],[[804615,70310],[-1639,7523]],[[744301,99862],[1707,-7886]],[[746008,91976],[-22468,-2037]],[[723540,89939],[-1863,7650]],[[721677,97589],[22624,2273]],[[746008,91976],[1773,-8189],[-22237,-2076]],[[725544,81711],[-2004,8228]],[[826549,72600],[1623,-7554]],[[828172,65046],[-21898,-2349]],[[806274,62697],[-1659,7613]],[[828172,65046],[1649,-7676]],[[829821,57370],[-21911,-2180]],[[807910,55190],[-1636,7507]],[[829931,57381],[1812,-7781]],[[831743,49600],[-22102,-2353]],[[809641,47247],[-1731,7943]],[[829821,57370],[110,11]],[[852100,59587],[1648,-7644]],[[853748,51943],[-22005,-2343]],[[829931,57381],[22169,2206]],[[831743,49600],[1830,-7858]],[[833573,41742],[-22302,-1979],[-1630,7484]],[[853748,51943],[1779,-8253],[-21954,-1948]],[[885667,75911],[1914,-8629]],[[887581,67282],[-31681,-2888]],[[855900,64394],[-1889,8572]],[[854011,72966],[31656,2945]],[[887581,67282],[1941,-8751]],[[889522,58531],[-31682,-2933]],[[857840,55598],[-1940,8796]],[[889522,58531],[2573,-11595]],[[892095,46936],[-31725,-2816],[-2530,11478]],[[883753,84540],[1914,-8629]],[[854011,72966],[-1893,8587]],[[852118,81553],[31635,2987]],[[881829,93215],[1924,-8675]],[[852118,81553],[-1922,8718],[14501,1349]],[[864697,91620],[17132,1595]],[[888598,102220],[1642,-8222]],[[890240,93998],[-8411,-783]],[[864697,91620],[-1693,8340]],[[863004,99960],[25594,2260]],[[886884,110794],[1714,-8574]],[[863004,99960],[-1726,8505]],[[861278,108465],[25606,2329]],[[885178,119333],[1706,-8539]],[[861278,108465],[-1746,8604]],[[859532,117069],[25646,2264]],[[883442,128021],[1736,-8688]],[[859532,117069],[-1769,8717]],[[857763,125786],[25679,2235]],[[869167,149714],[2918,-14036]],[[872085,135678],[-16026,-1499]],[[856059,134179],[-2843,14010],[15951,1525]],[[881732,136580],[1710,-8559]],[[857763,125786],[-1704,8393]],[[872085,135678],[9647,902]],[[886805,151400],[3043,-14061]],[[889848,137339],[-8116,-759]],[[869167,149714],[17638,1686]],[[676898,89952],[2696,-12530]],[[679594,77422],[-11016,-1029]],[[668578,76393],[-3553,15708]],[[665025,92101],[11873,-2149]],[[689048,87754],[1842,-9278]],[[690890,78476],[-11296,-1054]],[[676898,89952],[12150,-2198]],[[699571,91527],[2481,-12009]],[[702052,79518],[-11162,-1042]],[[689048,87754],[10523,3773]],[[709715,95166],[3664,-14590]],[[713379,80576],[-11327,-1058]],[[699571,91527],[10144,3639]],[[725544,81711],[-12165,-1135]],[[709715,95166],[5052,1812],[5568,6120]],[[720335,103098],[1342,-5509]],[[742591,107759],[1710,-7897]],[[720335,103098],[2509,2758]],[[722844,105856],[19747,1903]],[[739727,120991],[2864,-13232]],[[722844,105856],[12370,13599],[4513,1536]],[[744717,115571],[-1437,6629]],[[743280,122200],[21528,7326]],[[764808,129526],[895,-4117]],[[786336,136852],[2042,-9388]],[[764808,129526],[21528,7326]],[[789856,138050],[31279,10645],[-13861,-15671],[2853,-3131]],[[810127,129893],[-18094,-1835]],[[792033,128058],[-2177,9992]],[[810127,129893],[6627,-7273]],[[816754,122620],[-23032,-2318]],[[793722,120302],[-1689,7756]],[[816754,122620],[7131,-7826]],[[823885,114794],[-28425,-2469]],[[795460,112325],[-1738,7977]],[[826190,107228],[-29016,-2768]],[[797174,104460],[-1714,7865]],[[823885,114794],[126,-139],[2179,-7427]],[[826190,107228],[2292,-7814]],[[828482,99414],[-29595,-2816]],[[798887,96598],[-1713,7862]],[[828482,99414],[2292,-7814]],[[830774,91600],[-30174,-2865],[-1713,7863]],[[831759,88242],[4297,-14650]],[[836056,73592],[-9507,-992]],[[823358,87455],[8401,787]],[[848867,74591],[3233,-15004]],[[836056,73592],[2311,-7876],[-1193,7769]],[[837174,73485],[11693,1106]],[[837174,73485],[-2357,15354]],[[834817,88839],[10763,1002],[3287,-15250]],[[857658,101999],[1560,-7479],[-24917,-2319]],[[834301,92201],[-1158,7540]],[[833143,99741],[24515,2258]],[[856077,109583],[1581,-7584]],[[833143,99741],[-1178,7676]],[[831965,107417],[24112,2166]],[[854519,117046],[1558,-7463]],[[831965,107417],[-966,6288],[-1060,1190]],[[829939,114895],[24580,2151]],[[852813,125230],[1706,-8184]],[[829939,114895],[-6893,7746]],[[823046,122641],[29767,2589]],[[851275,132602],[1538,-7372]],[[823046,122641],[-6373,7162]],[[816673,129803],[34602,2799]],[[849564,140807],[1711,-8205]],[[816673,129803],[-760,854],[7582,7720]],[[823495,138377],[26069,2430]],[[845992,157931],[3572,-17124]],[[823495,138377],[15944,16236],[6553,3318]],[[866048,152055],[-13277,-1239],[-1894,9589]],[[850877,160405],[8596,4354],[575,4303]],[[860048,169062],[2393,225]],[[897330,186966],[1198,-5816]],[[898528,181150],[-37279,-3095]],[[861249,178055],[325,2424],[23679,9019],[12077,-2532]],[[898528,181150],[1714,-8321]],[[900242,172829],[-25206,-2362]],[[860048,169062],[1201,8993]],[[900242,172829],[1728,-8387]],[[901970,164442],[-25226,-2116]],[[901970,164442],[1825,-8863],[-25143,-2347]],[[907218,138964],[-17370,-1625]],[[886805,151400],[17506,1673],[2907,-14109]],[[907218,138964],[1795,-8718]],[[909013,130246],[-25571,-2225]],[[909013,130246],[1782,-8651]],[[910795,121595],[-25617,-2262]],[[910795,121595],[1744,-8467]],[[912539,113128],[-25655,-2334]],[[912539,113128],[1779,-8637]],[[914318,104491],[-25720,-2271]],[[915986,96394],[-25746,-2396]],[[914318,104491],[978,-4749],[690,-3348]],[[915986,96394],[1780,-8642]],[[917766,87752],[-34013,-3212]],[[917766,87752],[1790,-8688]],[[919556,79064],[-33889,-3153]],[[919556,79064],[1792,-8703]],[[921348,70361],[-33767,-3079]],[[921348,70361],[1795,-8718]],[[923143,61643],[-33621,-3112]],[[923143,61643],[2418,-11737],[-33466,-2970]],[[783170,44980],[1640,-7566]],[[784810,37414],[-22714,-2016],[-1640,7566]],[[760456,42964],[22714,2016]],[[781530,52546],[1640,-7566]],[[760456,42964],[-1640,7566]],[[758816,50530],[22714,2016]],[[805878,46996],[1646,-7566],[-22714,-2016]],[[783170,44980],[22708,2016]],[[804233,54561],[1645,-7565]],[[781530,52546],[22703,2015]],[[779890,60112],[1640,-7566]],[[758816,50530],[-1640,7566]],[[757176,58096],[22714,2016]],[[802587,62126],[1646,-7565]],[[779890,60112],[22697,2014]],[[778250,67677],[1640,-7565]],[[757176,58096],[-1640,7566]],[[755536,65662],[22714,2015]],[[800942,69691],[1645,-7565]],[[778250,67677],[22692,2014]],[[776611,75243],[1639,-7566]],[[755536,65662],[-1640,7565]],[[753896,73227],[22715,2016]],[[799297,77257],[1645,-7566]],[[776611,75243],[22686,2014]],[[774947,82920],[1664,-7677]],[[753896,73227],[-1640,7567],[22691,2126]],[[774947,82920],[22656,2122],[1694,-7785]],[[950510,182328],[1447,-7295]],[[951957,175033],[-23773,-1976]],[[928184,173057],[-1425,7277]],[[926759,180334],[23751,1994]],[[953529,167105],[1448,-7305],[-23805,-1996]],[[931172,157804],[-1459,7446]],[[929713,165250],[23816,1855]],[[931172,157804],[-22658,-1900],[-1577,7572]],[[906937,163476],[22776,1774]],[[951957,175033],[1572,-7928]],[[929713,165250],[-1529,7807]],[[906937,163476],[-1600,7682]],[[905337,171158],[22847,1899]],[[905337,171158],[-3077,14775]],[[902260,185933],[18504,-3879],[4999,3365]],[[925763,185419],[996,-5085]],[[949013,189882],[1497,-7554]],[[925763,185419],[4476,3012]],[[930239,188431],[18774,1451]],[[946102,204566],[2911,-14684]],[[930239,188431],[9642,6490],[-5261,8724]],[[934620,203645],[11482,921]],[[943137,219519],[2965,-14953]],[[934620,203645],[-5138,8521],[13655,7353]],[[973665,212425],[-25044,-1948]],[[948621,210477],[-2169,10828]],[[946452,221305],[4666,2513],[-753,9465]],[[950365,233283],[14415,-4997],[5772,90],[3113,-15951]],[[973665,212425],[1495,-7661]],[[975160,204764],[-25020,-1875]],[[950140,202889],[-1519,7588]],[[975160,204764],[1417,-7264]],[[976577,197500],[-24999,-1795]],[[951578,195705],[-1438,7184]],[[976577,197500],[1496,-7662]],[[978073,189838],[-24937,-1911]],[[953136,187927],[-1558,7778]],[[978073,189838],[1459,-7476]],[[979532,182362],[-24899,-1908]],[[954633,180454],[-1497,7473]],[[979532,182362],[1512,-7745]],[[981044,174617],[-24844,-1990]],[[956200,172627],[-1567,7827]],[[981044,174617],[1504,-7705]],[[982548,166912],[-24815,-1939]],[[957733,164973],[-1533,7654]],[[984024,159348],[-24775,-1948]],[[959249,157400],[-1516,7573]],[[982548,166912],[1318,-6755],[158,-809]],[[994384,106266],[-24496,-1988]],[[969888,104278],[-1490,7440]],[[968398,111718],[24551,1900]],[[992949,113618],[1375,-7043],[60,-309]],[[991465,121223],[1484,-7605]],[[968398,111718],[-1536,7669]],[[966862,119387],[24603,1836]],[[989941,129031],[1524,-7808]],[[966862,119387],[-1545,7719]],[[965317,127106],[24624,1925]],[[988478,136527],[1463,-7496]],[[965317,127106],[-1523,7605]],[[963794,134711],[24684,1816]],[[986973,144240],[1505,-7713]],[[963794,134711],[-1524,7606]],[[962270,142317],[24703,1923]],[[985507,151749],[1466,-7509]],[[962270,142317],[-1508,7532]],[[960762,149849],[24745,1900]],[[984024,159348],[1483,-7599]],[[960762,149849],[-1513,7551]],[[940270,109541],[1410,-7766]],[[941680,101775],[-21508,-1852],[-1653,7935]],[[918519,107858],[21751,1683]],[[938862,117297],[1408,-7756]],[[918519,107858],[-1624,7800]],[[916895,115658],[21967,1639]],[[964569,111422],[1496,-7548],[-24385,-2099]],[[940270,109541],[24299,1881]],[[937477,124930],[1385,-7633]],[[916895,115658],[-1570,7540]],[[915325,123198],[22152,1732]],[[963046,119102],[1523,-7680]],[[938862,117297],[24184,1805]],[[961518,126809],[1528,-7707]],[[937477,124930],[24041,1879]],[[936072,132671],[1405,-7741]],[[915325,123198],[-1630,7827]],[[913695,131025],[22377,1646]],[[960006,134432],[1512,-7623]],[[936072,132671],[23934,1761]],[[934711,140171],[1361,-7500]],[[913695,131025],[-1539,7390]],[[912156,138415],[22555,1756]],[[958501,142023],[1505,-7591]],[[934711,140171],[23790,1852]],[[933337,147744],[1374,-7573]],[[912156,138415],[-1579,7582]],[[910577,145997],[22760,1747]],[[957007,149561],[1494,-7538]],[[933337,147744],[23670,1817]],[[931974,155256],[1363,-7512]],[[910577,145997],[-1553,7455],[22950,1804]],[[931974,155256],[23537,1850],[1496,-7545]],[[997387,90881],[1548,-7930]],[[998935,82951],[-24335,-2207]],[[974600,80744],[-1586,7923]],[[973014,88667],[24373,2214]],[[995891,98544],[1496,-7663]],[[973014,88667],[-1541,7697]],[[971473,96364],[24418,2180]],[[994384,106266],[1507,-7722]],[[971473,96364],[-1585,7914]],[[998935,82951],[1064,-5454],[-21341,-17015]],[[978658,60482],[-4058,20262]],[[953258,52231],[2108,-10320]],[[955366,41911],[-5079,-4049],[-16882,-1484]],[[933405,36378],[-2872,13794]],[[930533,50172],[22725,2059]],[[974355,62063],[858,-4328]],[[975213,57735],[-19847,-15824]],[[953258,52231],[-1583,7753]],[[951675,59984],[22680,2079]],[[930533,50172],[-1609,7726]],[[928924,57898],[22751,2086]],[[950129,67554],[1546,-7570]],[[928924,57898],[-1586,7614]],[[927338,65512],[22791,2042]],[[948523,75416],[1606,-7862]],[[927338,65512],[-1639,7869]],[[925699,73381],[22824,2035]],[[972862,69590],[1493,-7527]],[[950129,67554],[22733,2036]],[[971304,77447],[1558,-7857]],[[948523,75416],[22781,2031]],[[947008,82832],[1515,-7416]],[[925699,73381],[-1533,7364]],[[924166,80745],[22842,2087]],[[969823,84917],[1481,-7470]],[[947008,82832],[22815,2085]],[[945383,90790],[1625,-7958]],[[924166,80745],[-1642,7883]],[[922524,88628],[22859,2162]],[[968231,92951],[1592,-8034]],[[945383,90790],[22848,2161]],[[943837,98359],[1546,-7569]],[[922524,88628],[-1643,7891],[22956,1840]],[[943837,98359],[22957,1839],[1437,-7247]],[[357242,40701],[5413,-14488]],[[362655,26213],[-13827,-2348],[-5597,14492]],[[343231,38357],[14011,2344]],[[370924,42989],[5478,-14442]],[[376402,28547],[-13747,-2334]],[[357242,40701],[13682,2288]],[[351610,55775],[5632,-15074]],[[343231,38357],[-5821,15073],[14200,2345]],[[385377,45406],[5401,-14418]],[[390778,30988],[-14376,-2441]],[[370924,42989],[14453,2417]],[[365221,58023],[5703,-15034]],[[351610,55775],[13611,2248]],[[398531,47606],[5427,-14380]],[[403958,33226],[-13180,-2238]],[[385377,45406],[13154,2200]],[[379752,60423],[5625,-15017]],[[365221,58023],[14531,2400]],[[412961,50020],[5477,-14335]],[[418438,35685],[-14480,-2459]],[[398531,47606],[14430,2414]],[[392877,62590],[5654,-14984]],[[379752,60423],[13125,2167]],[[426548,52292],[5401,-14313]],[[431949,37979],[-13511,-2294]],[[412961,50020],[13587,2272]],[[407251,64964],[5710,-14944]],[[392877,62590],[14374,2374]],[[440521,54629],[5314,-14292],[-13886,-2358]],[[426548,52292],[13973,2337]],[[420914,67220],[5634,-14928]],[[407251,64964],[13663,2256]],[[420914,67220],[14061,2322],[5546,-14913]],[[263729,41262],[4586,-11714]],[[268315,29548],[-37619,4675],[-207,1550]],[[230489,35773],[33240,5489]],[[278012,43621],[6116,-16040]],[[284128,27581],[-2475,310],[-13338,1657]],[[263729,41262],[14283,2359]],[[292455,46006],[7564,-20413]],[[300019,25593],[-15891,1988]],[[278012,43621],[14443,2385]],[[314817,26139],[938,-2515]],[[315755,23624],[-15736,1969]],[[292455,46006],[14091,2327]],[[306546,48333],[5580,-14971]],[[312126,33362],[2691,-7223]],[[342378,30562],[2816,-7314],[-11214,-1904]],[[333980,21344],[-18225,2280]],[[314817,26139],[27561,4423]],[[376856,25890],[3740,-10378]],[[380596,15512],[-37367,4675]],[[343229,20187],[33627,5703]],[[391517,28376],[5888,-14967]],[[397405,13409],[-16809,2103]],[[376856,25890],[14661,2486]],[[404619,30597],[7125,-18982]],[[411744,11615],[-14339,1794]],[[391517,28376],[13102,2221]],[[427451,11211],[607,-1637]],[[428058,9574],[-16314,2041]],[[404619,30597],[14722,2497]],[[419341,33094],[5328,-14377]],[[424669,18717],[2782,-7506]],[[455089,15450],[2599,-6989],[-8843,-1488]],[[448845,6973],[-20787,2601]],[[427451,11211],[27638,4239]],[[452163,23318],[2926,-7868]],[[424669,18717],[13407,2243]],[[438076,20960],[14087,2358]],[[432723,35364],[5353,-14404]],[[419341,33094],[13382,2270]],[[432723,35364],[14074,2386],[5366,-14432]],[[339543,37924],[2835,-7362]],[[312126,33362],[13854,2305]],[[325980,35667],[13563,2257]],[[320417,50624],[5563,-14957]],[[306546,48333],[13871,2291]],[[320417,50624],[13385,2210],[5741,-14910]],[[978658,60482],[-3445,-2747]],[[933405,36378],[-188,-16],[-2511,-221],[-2268,-199]],[[737399,30765],[637,2498]],[[707448,53861],[-4022,-353]],[[676191,73667],[-18000,-1686]],[[658191,71981],[-359,1073]],[[657832,73054],[-758,2266]],[[657074,75320],[11504,1073]],[[739727,120991],[3553,1209]],[[786336,136852],[3520,1198]],[[830774,91600],[985,-3358]],[[834817,88839],[-516,3362]],[[845992,157931],[4885,2474]],[[897330,186966],[567,-119],[2877,-602],[1486,-312]],[[943137,219519],[3315,1786]],[[652245,89754],[4418,-13204]],[[656663,76550],[-14401,-2360],[-3331,8762]],[[638931,82952],[5896,4915],[7418,1887]],[[632353,86824],[808,-2097]],[[633161,84727],[-11753,-14578]],[[621408,70149],[-6107,-1037]],[[615301,69112],[-5226,13952]],[[610075,83064],[10958,1849]],[[621033,84913],[11320,1911]],[[647372,104617],[3390,-10406]],[[650762,94211],[-13229,-4062],[-813,-1008]],[[636720,89141],[-4763,12931]],[[631957,102072],[15415,2545]],[[621033,84913],[-5536,14440]],[[615497,99353],[11309,1868],[5547,-14397]],[[610075,83064],[-5430,14497]],[[604645,97561],[10852,1792]],[[610075,83064],[-11221,-1893]],[[598854,81171],[-5506,14525]],[[593348,95696],[11297,1865]],[[598854,81171],[-11179,-1887]],[[587675,79284],[-5443,14576]],[[582232,93860],[11116,1836]],[[587675,79284],[-10681,-1802]],[[576994,77482],[-5551,14597]],[[571443,92079],[10789,1781]],[[576994,77482],[-11015,-1859]],[[565979,75623],[-5563,14634]],[[560416,90257],[11027,1822]],[[565979,75623],[-11465,-1935]],[[554514,73688],[-5516,14684]],[[548998,88372],[11418,1885]],[[554514,73688],[-10951,-1848]],[[543563,71840],[-5590,14711]],[[537973,86551],[11025,1821]],[[543563,71840],[-11261,-1900]],[[532302,69940],[-5498,14767]],[[526804,84707],[11169,1844]],[[532302,69940],[-10877,-1835]],[[521425,68105],[-5558,14796]],[[515867,82901],[10937,1806]],[[521425,68105],[-11358,-1917]],[[510067,66188],[-5556,14837]],[[504511,81025],[11356,1876]],[[510067,66188],[-10636,-1795]],[[499431,64393],[-5647,14861]],[[493784,79254],[10727,1771]],[[499431,64393],[-11673,-1969]],[[487758,62424],[-5631,14905]],[[482127,77329],[11657,1925]],[[487758,62424],[-10937,-1846]],[[476821,60578],[-5661,14940]],[[471160,75518],[10967,1811]],[[476821,60578],[-10388,-1753]],[[466433,58825],[-5611,14985]],[[460822,73810],[10338,1708]],[[466433,58825],[-11807,-1992]],[[454626,56833],[-5550,15038]],[[449076,71871],[11746,1939]],[[454626,56833],[-9828,-1659]],[[444798,55174],[-5602,15065],[9880,1632]],[[454626,56833],[5210,-14119]],[[459836,42714],[-9787,-1662],[-5251,14122]],[[466433,58825],[5278,-14094]],[[471711,44731],[-11875,-2017]],[[476821,60578],[5333,-14074]],[[482154,46504],[-10443,-1773]],[[487758,62424],[5315,-14066]],[[493073,48358],[-10919,-1854]],[[499431,64393],[5339,-14049]],[[504770,50344],[-11697,-1986]],[[510067,66188],[5263,-14051]],[[515330,52137],[-10560,-1793]],[[521425,68105],[5273,-14038]],[[526698,54067],[-11368,-1930]],[[532302,69940],[5226,-14034]],[[537528,55906],[-10830,-1839]],[[543563,71840],[5321,-14005]],[[548884,57835],[-11356,-1929]],[[554514,73688],[5261,-14004]],[[559775,59684],[-10891,-1849]],[[565979,75623],[5315,-13983]],[[571294,61640],[-11519,-1956]],[[576994,77482],[5314,-13972]],[[582308,63510],[-11014,-1870]],[[587675,79284],[5219,-13976]],[[592894,65308],[-10586,-1798]],[[598854,81171],[5289,-13953]],[[604143,67218],[-11249,-1910]],[[615301,69112],[-11158,-1894]],[[657074,75320],[-411,1230]],[[652245,89754],[10671,2728],[2109,-381]],[[643601,55309],[-11158,-1872]],[[632443,53437],[-5602,14738]],[[626841,68175],[11310,1832],[5450,-14698]],[[643601,55309],[5431,-14648],[-11027,-1856]],[[638005,38805],[-5562,14632]],[[638005,38805],[-10803,-1818]],[[627202,36987],[-5585,14633]],[[621617,51620],[10826,1817]],[[465915,25495],[5426,-14736]],[[471341,10759],[-9437,-1588],[-5478,14732]],[[456426,23903],[9489,1592]],[[477953,27515],[5511,-14716]],[[483464,12799],[-12123,-2040]],[[465915,25495],[12038,2020]],[[460544,40081],[5371,-14586]],[[456426,23903],[-5415,14562],[9533,1616]],[[488394,29267],[5564,-14702]],[[493958,14565],[-10494,-1766]],[[477953,27515],[10441,1752]],[[472487,42107],[5466,-14592]],[[460544,40081],[11943,2026]],[[499386,31111],[5596,-14691]],[[504982,16420],[-11024,-1855]],[[488394,29267],[10992,1844]],[[482867,43867],[5527,-14600]],[[472487,42107],[10380,1760]],[[511016,33062],[5583,-14687]],[[516599,18375],[-11617,-1955]],[[499386,31111],[11630,1951]],[[493819,45724],[5567,-14613]],[[482867,43867],[10952,1857]],[[521784,34869],[5580,-14683]],[[527364,20186],[-10765,-1811]],[[511016,33062],[10768,1807]],[[505453,47697],[5563,-14635]],[[493819,45724],[11634,1973]],[[533115,36771],[5579,-14678]],[[538694,22093],[-11330,-1907]],[[521784,34869],[11331,1902]],[[516214,49522],[5570,-14653]],[[505453,47697],[10761,1825]],[[543801,38563],[5499,-14685]],[[549300,23878],[-10606,-1785]],[[533115,36771],[10686,1792]],[[527538,51443],[5577,-14672]],[[516214,49522],[11324,1921]],[[555177,40473],[5542,-14674]],[[560719,25799],[-11419,-1921]],[[543801,38563],[11376,1910]],[[538295,53266],[5506,-14703]],[[527538,51443],[10757,1823]],[[566169,42317],[5530,-14670]],[[571699,27647],[-10980,-1848]],[[555177,40473],[10992,1844]],[[549619,55187],[5558,-14714]],[[538295,53266],[11324,1921]],[[577676,44247],[5592,-14653]],[[583268,29594],[-11569,-1947]],[[566169,42317],[11507,1930]],[[560615,57052],[5554,-14735]],[[549619,55187],[10996,1865]],[[588524,46068],[5481,-14667]],[[594005,31401],[-10737,-1807]],[[577676,44247],[10848,1821]],[[572048,58990],[5628,-14743]],[[560615,57052],[11433,1938]],[[599163,47853],[5491,-14660]],[[604654,33193],[-10649,-1792]],[[588524,46068],[10639,1785]],[[583000,60848],[5524,-14780]],[[572048,58990],[10952,1858]],[[610353,49730],[5499,-14653]],[[615852,35077],[-11198,-1884]],[[599163,47853],[11190,1877]],[[593621,62649],[5542,-14796]],[[583000,60848],[10621,1801]],[[627202,36987],[-11350,-1910]],[[610353,49730],[11264,1890]],[[604794,64544],[5559,-14814]],[[593621,62649],[11173,1895]],[[615962,66437],[5655,-14817]],[[604794,64544],[11168,1893]],[[615962,66437],[2843,483]],[[618805,66920],[-1844,-2288],[2892,2411]],[[619853,67043],[6988,1132]],[[665485,50180],[-4777,-10423]],[[660708,39757],[-6794,-1155]],[[653914,38602],[-4605,12696]],[[649309,51298],[14999,2401]],[[664308,53699],[1092,-3263],[85,-256]],[[661025,63510],[3283,-9811]],[[649309,51298],[-3565,9826]],[[645744,61124],[15281,2386]],[[658191,71981],[2834,-8471]],[[645744,61124],[-3311,9129],[15399,2801]],[[681136,51553],[-15651,-1373]],[[660708,39757],[-4009,-8750]],[[656699,31007],[-21970,-3626]],[[634729,27381],[-2721,7499],[21906,3722]],[[656699,31007],[-4029,-8790]],[[652670,22217],[-15207,-2368]],[[637463,19849],[-2734,7532]],[[652670,22217],[-4910,-10714],[-7062,-568]],[[640698,10935],[-3235,8914]],[[633783,19507],[-11348,-1921]],[[622435,17586],[-5644,14849]],[[616791,32435],[11442,1897],[5550,-14825]],[[622435,17586],[-11125,-1884]],[[611310,15702],[-5672,14884]],[[605638,30586],[11153,1849]],[[611310,15702],[2634,-6916]],[[613944,8786],[-11296,-908]],[[602648,7878],[-7855,20910]],[[594793,28788],[10845,1798]],[[602648,7878],[-11178,-898]],[[591470,6980],[-7522,20010]],[[583948,26990],[10845,1798]],[[591470,6980],[-12356,-992]],[[579114,5988],[-6915,19054]],[[572199,25042],[11749,1948]],[[579114,5988],[-11226,-902]],[[567888,5086],[-6822,18110]],[[561066,23196],[11133,1846]],[[567888,5086],[-11941,-959]],[[555947,4127],[-6438,17152]],[[549509,21279],[11557,1917]],[[555947,4127],[-11106,-893]],[[544841,3234],[-6139,16254]],[[538702,19488],[10807,1791]],[[544841,3234],[-11591,-931]],[[533250,2303],[-5846,15311]],[[527404,17614],[11298,1874]],[[533250,2303],[-11380,-914]],[[521870,1389],[-5331,14424]],[[516539,15813],[10865,1801]],[[521870,1389],[-12102,-972]],[[509768,417],[-4920,13457]],[[504848,13874],[11691,1939]],[[509768,417],[-5188,-417],[-6741,844]],[[497839,844],[-4124,11185]],[[493715,12029],[11133,1845]],[[497839,844],[-40798,5104]],[[457041,5948],[36674,6081]],[[633783,19507],[3316,-8861]],[[637099,10646],[-23155,-1860]],[[609295,221484],[4962,-15231]],[[614257,206253],[-13234,-2222]],[[601023,204031],[-5785,15099]],[[595238,219130],[14057,2354]],[[601023,204031],[-10837,-1819]],[[590186,202212],[-5766,15106]],[[584420,217318],[10818,1812]],[[573178,215435],[5747,-15113]],[[578925,200322],[-10776,-1809]],[[568149,198513],[-5587,15144]],[[562562,213657],[10616,1778]],[[551320,211774],[5690,-15131]],[[557010,196643],[-11059,-1857]],[[545951,194786],[-5550,15160]],[[540401,209946],[10919,1828]],[[545951,194786],[-10590,-1778]],[[535361,193008],[-5773,15126]],[[529588,208134],[10813,1812]],[[518467,206272],[5815,-15124]],[[524282,191148],[-11462,-1924]],[[512820,189224],[-5736,15141]],[[507084,204365],[11383,1907]],[[496023,202513],[5617,-15166]],[[501640,187347],[-10817,-1815]],[[490823,185532],[-5779,15142]],[[485044,200674],[10979,1839]],[[490823,185532],[-11099,-1864]],[[479724,183668],[-5720,15157]],[[474004,198825],[11040,1849]],[[462431,196887],[5823,-15145]],[[468254,181742],[-10716,-1798]],[[457538,179944],[-5744,15162]],[[451794,195106],[10637,1781]],[[440189,193162],[5766,-15163]],[[445955,177999],[-10817,-1816]],[[435138,176183],[-5605,15194]],[[429533,191377],[10656,1785]],[[418734,189568],[5728,-15177]],[[424462,174391],[-11260,-1890]],[[413202,172501],[-5508,15219]],[[407694,187720],[11040,1848]],[[413202,172501],[-10395,-1746]],[[402807,170755],[-5832,15169]],[[396975,185924],[10719,1796]],[[355499,178978],[5959,-15164]],[[361458,163814],[-14227,-2388]],[[347231,161426],[-5618,15226]],[[341613,176652],[13886,2326]],[[327408,174273],[6083,-15154]],[[333491,159119],[-13984,-2348]],[[319507,156771],[-5925,15187]],[[313582,171958],[13826,2315]],[[319507,156771],[-14045,-2358]],[[305462,154413],[-5826,15209]],[[299636,169622],[13946,2336]],[[285952,167330],[5706,-15234]],[[291658,152096],[-13541,-2273]],[[278117,149823],[-6232,15151]],[[271885,164974],[14067,2356]],[[257924,162636],[6235,-15156]],[[264159,147480],[-14207,-2385]],[[249952,145095],[-6034,15195]],[[243918,160290],[14006,2346]],[[229467,157870],[6137,-15184]],[[235604,142686],[-18934,-3178]],[[216670,139508],[-2114,15865]],[[214556,155373],[14911,2497]],[[405209,152610],[-13819,-2341]],[[391390,150269],[-5748,14986]],[[385642,165255],[14108,2369],[5459,-15014]],[[391390,150269],[-13671,-2316]],[[377719,147953],[-5833,14992]],[[371886,162945],[13756,2310]],[[377719,147953],[-14091,-2387]],[[363628,145566],[-5725,15032]],[[357903,160598],[13983,2347]],[[363628,145566],[-13205,-2237]],[[350423,143329],[-5770,15044]],[[344653,158373],[13250,2225]],[[350423,143329],[-14465,-2450]],[[335958,140879],[-5765,15066]],[[330193,155945],[14460,2428]],[[335958,140879],[-13811,-2340]],[[322147,138539],[-5837,15075]],[[316310,153614],[13883,2331]],[[322147,138539],[-14289,-2420]],[[307858,136119],[-5908,15084]],[[301950,151203],[14360,2411]],[[307858,136119],[-13284,-2250]],[[294574,133869],[-5799,15121]],[[288775,148990],[13175,2213]],[[294574,133869],[-13861,-2349]],[[280713,131520],[-5847,15135]],[[274866,146655],[13909,2335]],[[280713,131520],[-14330,-2427]],[[266383,129093],[-5854,15155]],[[260529,144248],[14337,2407]],[[266383,129093],[-14071,-2384]],[[252312,126709],[-5784,15188]],[[246528,141897],[14001,2351]],[[252312,126709],[-13974,-2367]],[[238338,124342],[-5921,15186]],[[232417,139528],[14111,2369]],[[238338,124342],[-19215,-3255]],[[219123,121087],[-2111,15854]],[[217012,136941],[15405,2587]],[[238338,124342],[5643,-14470]],[[243981,109872],[-22852,-3837]],[[221129,106035],[-2006,15052]],[[252312,126709],[5526,-14510]],[[257838,112199],[-13857,-2327]],[[266383,129093],[5609,-14517]],[[271992,114576],[-14154,-2377]],[[280713,131520],[5615,-14537]],[[286328,116983],[-14336,-2407]],[[294574,133869],[5586,-14563]],[[300160,119306],[-13832,-2323]],[[307858,136119],[5703,-14563]],[[313561,121556],[-13401,-2250]],[[322147,138539],[5650,-14592]],[[327797,123947],[-14236,-2391]],[[335958,140879],[5596,-14623]],[[341554,126256],[-13757,-2309]],[[350423,143329],[5617,-14640]],[[356040,128689],[-14486,-2433]],[[363628,145566],[5586,-14665]],[[369214,130901],[-13174,-2212]],[[377719,147953],[5706,-14666]],[[383425,133287],[-14211,-2386]],[[391390,150269],[5638,-14698]],[[397028,135571],[-13603,-2284]],[[405209,152610],[5368,-14764],[-13549,-2275]],[[615064,203777],[4891,-15009]],[[619955,188768],[-12548,-2131]],[[607407,186637],[-5697,14897]],[[601710,201534],[13354,2243]],[[607407,186637],[-10651,-1808]],[[596756,184829],[-5725,14912]],[[591031,199741],[10679,1793]],[[596756,184829],[-11412,-1937]],[[585344,182892],[-5667,14943]],[[579677,197835],[11354,1906]],[[585344,182892],[-10723,-1820]],[[574621,181072],[-5664,14963]],[[568957,196035],[10720,1800]],[[574621,181072],[-11215,-1904]],[[563406,179168],[-5649,14986]],[[557757,194154],[11200,1881]],[[563406,179168],[-11062,-1878]],[[552344,177290],[-5634,15010]],[[546710,192300],[11047,1854]],[[552344,177290],[-10833,-1839]],[[541511,175451],[-5696,15019]],[[535815,190470],[10895,1830]],[[541511,175451],[-11025,-1872]],[[530486,173579],[-5781,15026]],[[524705,188605],[11110,1865]],[[530486,173579],[-11522,-1956]],[[518964,171623],[-5744,15053]],[[513220,186676],[11485,1929]],[[518964,171623],[-10984,-1864]],[[507980,169759],[-5786,15066]],[[502194,184825],[11026,1851]],[[507980,169759],[-11000,-1868]],[[496980,167891],[-5615,15116]],[[491365,183007],[10829,1818]],[[496980,167891],[-11005,-1868]],[[485975,166023],[-5722,15118]],[[480253,181141],[11112,1866]],[[485975,166023],[-11653,-1978]],[[474322,164045],[-5707,15142]],[[468615,179187],[11638,1954]],[[474322,164045],[-10666,-1811]],[[463656,162234],[-5848,15138]],[[457808,177372],[10807,1815]],[[463656,162234],[-11509,-1954]],[[452147,160280],[-5789,15170]],[[446358,175450],[11450,1922]],[[452147,160280],[-10790,-1831]],[[441357,158449],[-5740,15197]],[[435617,173646],[10741,1804]],[[441357,158449],[-10614,-1802]],[[430743,156647],[-5758,15214]],[[424985,171861],[10632,1785]],[[430743,156647],[-11283,-1916]],[[419460,154731],[-5654,15253]],[[413806,169984],[11179,1877]],[[419460,154731],[-10304,-1749]],[[409156,152982],[-5637,15275],[10287,1727]],[[419460,154731],[5371,-14491]],[[424831,140240],[-10332,-1735],[-5343,14477]],[[430743,156647],[5485,-14494]],[[436228,142153],[-11397,-1913]],[[441357,158449],[5481,-14514]],[[446838,143935],[-10610,-1782]],[[452147,160280],[5542,-14523]],[[457689,145757],[-10851,-1822]],[[463656,162234],[5614,-14532]],[[469270,147702],[-11581,-1945]],[[474322,164045],[5492,-14573]],[[479814,149472],[-10544,-1770]],[[485975,166023],[5521,-14589]],[[491496,151434],[-11682,-1962]],[[496980,167891],[5432,-14624]],[[502412,153267],[-10916,-1833]],[[507980,169759],[5611,-14615]],[[513591,155144],[-11179,-1877]],[[518964,171623],[5586,-14639]],[[524550,156984],[-10959,-1840]],[[530486,173579],[5637,-14652]],[[536123,158927],[-11573,-1943]],[[541511,175451],[5569,-14684]],[[547080,160767],[-10957,-1840]],[[552344,177290],[5521,-14712]],[[557865,162578],[-10785,-1811]],[[563406,179168],[5551,-14727]],[[568957,164441],[-11092,-1863]],[[574621,181072],[5579,-14743]],[[580200,166329],[-11243,-1888]],[[585344,182892],[5597,-14760]],[[590941,168132],[-10741,-1803]],[[596756,184829],[5670,-14768]],[[602426,170061],[-11485,-1929]],[[607407,186637],[5655,-14791]],[[613062,171846],[-10636,-1785]],[[619955,188768],[4869,-14946]],[[624824,173822],[-11762,-1976]],[[416757,120848],[-14050,-2389]],[[402707,118459],[-5513,14521]],[[397194,132980],[14280,2399],[5283,-14531]],[[402707,118459],[-13588,-2310]],[[389119,116149],[-5582,14538]],[[383537,130687],[13657,2293]],[[389119,116149],[-14242,-2421]],[[374877,113728],[-5545,14573]],[[369332,128301],[14205,2386]],[[374877,113728],[-13279,-2258]],[[361598,111470],[-5567,14597]],[[356031,126067],[13301,2234]],[[361598,111470],[-14291,-2430]],[[347307,109040],[-5648,14614]],[[341659,123654],[14372,2413]],[[347307,109040],[-14064,-2391]],[[333243,106649],[-5622,14647]],[[327621,121296],[14038,2358]],[[333243,106649],[-14040,-2387]],[[319203,104262],[-5574,14684]],[[313629,118946],[13992,2350]],[[319203,104262],[-13434,-2284]],[[305769,101978],[-5490,14726]],[[300279,116704],[13350,2242]],[[305769,101978],[-13863,-2357]],[[291906,99621],[-5666,14725]],[[286240,114346],[14039,2358]],[[291906,99621],[-14266,-2425]],[[277640,97196],[-5677,14753]],[[271963,111949],[14277,2397]],[[277640,97196],[-14184,-2412]],[[263456,94784],[-5580,14799]],[[257876,109583],[14087,2366]],[[263456,94784],[-13992,-2378]],[[249464,92406],[-5675,14811]],[[243789,107217],[14087,2366]],[[249464,92406],[-13386,-2276]],[[236078,90130],[-5684,14838]],[[230394,104968],[13395,2249]],[[236078,90130],[-12546,-2133]],[[223532,87997],[-2061,15472]],[[221471,103469],[8923,1499]],[[236078,90130],[5678,-14822]],[[241756,75308],[-16172,-2708]],[[225584,72600],[-2052,15397]],[[249464,92406],[5690,-14855]],[[255154,77551],[-13398,-2243]],[[263456,94784],[5620,-14902]],[[269076,79882],[-13922,-2331]],[[277640,97196],[5740,-14920]],[[283380,82276],[-14304,-2394]],[[291906,99621],[5754,-14955]],[[297660,84666],[-14280,-2390]],[[305769,101978],[5599,-15017]],[[311368,86961],[-13708,-2295]],[[319203,104262],[5707,-15033]],[[324910,89229],[-13542,-2268]],[[333243,106649],[5781,-15058]],[[339024,91591],[-14114,-2362]],[[347307,109040],[5831,-15086]],[[353138,93954],[-14114,-2363]],[[361598,111470],[5772,-15133]],[[367370,96337],[-14232,-2383]],[[374877,113728],[5771,-15169]],[[380648,98559],[-13278,-2222]],[[389119,116149],[5833,-15195]],[[394952,100954],[-14304,-2395]],[[402707,118459],[5785,-15238]],[[408492,103221],[-13540,-2267]],[[416757,120848],[5568,-15312],[-13833,-2315]],[[625631,171345],[4742,-14555]],[[630373,156790],[-11254,-1920]],[[619119,154870],[-5571,14446]],[[613548,169316],[12083,2029]],[[619119,154870],[-10683,-1823]],[[608436,153047],[-5500,14486]],[[602936,167533],[10612,1783]],[[608436,153047],[-11395,-1944]],[[597041,151103],[-5511,14515]],[[591530,165618],[11406,1915]],[[597041,151103],[-10868,-1854]],[[586173,149249],[-5568,14534]],[[580605,163783],[10925,1835]],[[586173,149249],[-11231,-1916]],[[574942,147333],[-5533,14570]],[[569409,161903],[11196,1880]],[[574942,147333],[-11105,-1895]],[[563837,145438],[-5473,14610]],[[558364,160048],[11045,1855]],[[563837,145438],[-10724,-1829]],[[553113,143609],[-5552,14625]],[[547561,158234],[10803,1814]],[[553113,143609],[-11072,-1889]],[[542041,141720],[-5646,14639]],[[536395,156359],[11166,1875]],[[542041,141720],[-11417,-1948]],[[530624,139772],[-5515,14691]],[[525109,154463],[11286,1896]],[[530624,139772],[-11072,-1889]],[[519552,137883],[-5608,14705]],[[513944,152588],[11165,1875]],[[519552,137883],[-11081,-1890]],[[508471,135993],[-5524,14748]],[[502947,150741],[10997,1847]],[[508471,135993],[-10771,-1838]],[[497700,134155],[-5606,14763]],[[492094,148918],[10853,1823]],[[497700,134155],[-11660,-1989]],[[486040,132166],[-5689,14780]],[[480351,146946],[11743,1972]],[[486040,132166],[-10578,-1805]],[[475462,130361],[-5674,14811]],[[469788,145172],[10563,1774]],[[475462,130361],[-11515,-1965]],[[463947,128396],[-5662,14844]],[[458285,143240],[11503,1932]],[[463947,128396],[-10914,-1861]],[[453033,126535],[-5649,14875]],[[447384,141410],[10901,1830]],[[453033,126535],[-10590,-1807]],[[442443,124728],[-5743,14887]],[[436700,139615],[10684,1795]],[[442443,124728],[-11467,-1957]],[[430976,122771],[-5633,14937]],[[425343,137708],[11357,1907]],[[430976,122771],[-10038,-1712]],[[420938,121059],[-5529,14981],[9934,1668]],[[430976,122771],[5600,-14849]],[[436576,107922],[-10162,-1701],[-5476,14838]],[[442443,124728],[5734,-14864]],[[448177,109864],[-11601,-1942]],[[453033,126535],[5662,-14910]],[[458695,111625],[-10518,-1761]],[[463947,128396],[5698,-14938]],[[469645,113458],[-10950,-1833]],[[475462,130361],[5735,-14969]],[[481197,115392],[-11552,-1934]],[[486040,132166],[5772,-14997]],[[491812,117169],[-10615,-1777]],[[497700,134155],[5713,-15044]],[[503413,119111],[-11601,-1942]],[[508471,135993],[5652,-15089]],[[514123,120904],[-10710,-1793]],[[519552,137883],[5762,-15105]],[[525314,122778],[-11191,-1874]],[[530624,139772],[5689,-15153]],[[536313,124619],[-10999,-1841]],[[542041,141720],[5848,-15163]],[[547889,126557],[-11576,-1938]],[[553113,143609],[5775,-15210]],[[558888,128399],[-10999,-1842]],[[563837,145438],[5714,-15254]],[[569551,130184],[-10663,-1785]],[[574942,147333],[5800,-15276]],[[580742,132057],[-11191,-1873]],[[586173,149249],[5863,-15301]],[[592036,133948],[-11294,-1891]],[[597041,151103],[5825,-15342]],[[602866,135761],[-10830,-1813]],[[608436,153047],[5838,-15376]],[[614274,137671],[-11408,-1910]],[[619119,154870],[5938,-15395]],[[625057,139475],[-10783,-1804]],[[630373,156790],[5075,-15575]],[[635448,141215],[-10391,-1740]],[[429079,86959],[-14121,-2418]],[[414958,84541],[-5835,15290]],[[409123,99831],[14399,2412],[5557,-15284]],[[414958,84541],[-13585,-2325]],[[401373,82216],[-5904,15329]],[[395469,97545],[13654,2286]],[[401373,82216],[-14288,-2446]],[[387085,79770],[-5872,15387]],[[381213,95157],[14256,2388]],[[387085,79770],[-13176,-2256]],[[373909,77514],[-5850,15440]],[[368059,92954],[13154,2203]],[[373909,77514],[-14456,-2474]],[[359453,75040],[-6000,15469]],[[353453,90509],[14606,2445]],[[359453,75040],[-13828,-2367]],[[345625,72673],[-5903,15536]],[[339722,88209],[13731,2300]],[[345625,72673],[-14021,-2401]],[[331604,70272],[-6036,15567]],[[325568,85839],[14154,2370]],[[331604,70272],[-13519,-2314]],[[318085,67958],[-5978,15627]],[[312107,83585],[13461,2254]],[[318085,67958],[-13806,-2364]],[[304279,65594],[-6102,15658]],[[298177,81252],[13930,2333]],[[304279,65594],[-14295,-2446]],[[289984,63148],[-5963,15733]],[[284021,78881],[14156,2371]],[[289984,63148],[-14217,-2434]],[[275767,60714],[-5876,15801]],[[269891,76515],[14130,2366]],[[275767,60714],[-13626,-2333]],[[262141,58381],[-6080,15818]],[[256061,74199],[13830,2316]],[[262141,58381],[-13463,-2305]],[[248678,56076],[-6072,15870]],[[242606,71946],[13455,2253]],[[248678,56076],[-20428,-3496]],[[228250,52580],[-2210,16591]],[[226040,69171],[16566,2775]],[[248678,56076],[5282,-13804]],[[253960,42272],[-23813,-3932]],[[230147,38340],[-1897,14240]],[[262141,58381],[5335,-13878]],[[267476,44503],[-13516,-2231]],[[275767,60714],[5200,-13983]],[[280967,46731],[-13491,-2228]],[[289984,63148],[5324,-14049]],[[295308,49099],[-14341,-2368]],[[304279,65594],[5498,-14107]],[[309777,51487],[-14469,-2388]],[[318085,67958],[5434,-14202]],[[323519,53756],[-13742,-2269]],[[331604,70272],[5533,-14267]],[[337137,56005],[-13618,-2249]],[[345625,72673],[5457,-14366]],[[351082,58307],[-13945,-2302]],[[359453,75040],[5595,-14427]],[[365048,60613],[-13966,-2306]],[[373909,77514],[5506,-14529]],[[379415,62985],[-14367,-2372]],[[387085,79770],[5570,-14598]],[[392655,65172],[-13240,-2187]],[[401373,82216],[5651,-14672]],[[407024,67544],[-14369,-2372]],[[414958,84541],[5631,-14758]],[[420589,69783],[-13565,-2239]],[[429079,86959],[5411,-14880],[-13901,-2296]],[[636524,137913],[2704,-8300]],[[639228,129613],[-16725,-2893]],[[622503,126720],[-3194,8311],[17215,2882]],[[641356,123082],[452,-1386]],[[641808,121696],[-16335,-2706]],[[625473,118990],[-2970,7730]],[[639228,129613],[2128,-6531]],[[641808,121696],[2620,-8042]],[[644428,113654],[-15834,-2790]],[[628594,110864],[-3121,8126]],[[680304,94497],[-22905,1716],[-6637,-2002]],[[647372,104617],[-807,2477],[-1490,4573],[-647,1987]],[[641356,123082],[26854,4367]],[[636524,137913],[-1076,3302]],[[625631,171345],[-807,2477]],[[615064,203777],[-807,2476]],[[609295,221484],[-11220,34436]],[[598075,255920],[25639,4317]],[[889031,194695],[-5480,1083]],[[782522,256705],[-29392,1615]],[[437604,104601],[5509,-15094]],[[443113,89507],[-9921,-1650]],[[433192,87857],[-5564,15073],[9976,1671]],[[449124,106530],[5514,-15107]],[[454638,91423],[-11525,-1916]],[[437604,104601],[11520,1929]],[[459525,108272],[5604,-15104]],[[465129,93168],[-10491,-1745]],[[449124,106530],[10401,1742]],[[470300,110076],[5659,-15108]],[[475959,94968],[-10830,-1800]],[[459525,108272],[10775,1804]],[[481857,112012],[5715,-15113]],[[487572,96899],[-11613,-1931]],[[470300,110076],[11557,1936]],[[492564,113805],[5702,-15127]],[[498266,98678],[-10694,-1779]],[[481857,112012],[10707,1793]],[[503931,115709],[5707,-15140]],[[509638,100569],[-11372,-1891]],[[492564,113805],[11367,1904]],[[514876,117541],[5625,-15166]],[[520501,102375],[-10863,-1806]],[[503931,115709],[10945,1832]],[[525938,119394],[5647,-15176]],[[531585,104218],[-11084,-1843]],[[514876,117541],[11062,1853]],[[536814,121215],[5652,-15187]],[[542466,106028],[-10881,-1810]],[[525938,119394],[10876,1821]],[[548300,123139],[5758,-15184]],[[554058,107955],[-11592,-1927]],[[536814,121215],[11486,1924]],[[559243,124972],[5679,-15210]],[[564922,109762],[-10864,-1807]],[[548300,123139],[10943,1833]],[[570001,126773],[5633,-15230]],[[575634,111543],[-10712,-1781]],[[559243,124972],[10758,1801]],[[580961,128608],[5654,-15239]],[[586615,113369],[-10981,-1826]],[[570001,126773],[10960,1835]],[[592210,130492],[5540,-15271]],[[597750,115221],[-11135,-1852]],[[580961,128608],[11249,1884]],[[602951,132291],[5595,-15275]],[[608546,117016],[-10796,-1795]],[[592210,130492],[10741,1799]],[[620051,118929],[-11505,-1913]],[[602951,132291],[11351,1901],[5749,-15263]],[[443113,89507],[5756,-15054]],[[448869,74453],[-10114,-1670],[-5563,15074]],[[454638,91423],[5848,-15052]],[[460486,76371],[-11617,-1918]],[[465129,93168],[5723,-15086]],[[470852,78082],[-10366,-1711]],[[475959,94968],[5905,-15067]],[[481864,79901],[-11012,-1819]],[[487572,96899],[5848,-15091]],[[493420,81808],[-11556,-1907]],[[498266,98678],[5815,-15109]],[[504081,83569],[-10661,-1761]],[[509638,100569],[5711,-15140]],[[515349,85429],[-11268,-1860]],[[520501,102375],[5684,-15157]],[[526185,87218],[-10836,-1789]],[[531585,104218],[5813,-15149]],[[537398,89069],[-11213,-1851]],[[542466,106028],[5863,-15154]],[[548329,90874],[-10931,-1805]],[[554058,107955],[5529,-15222]],[[559587,92733],[-11258,-1859]],[[564922,109762],[5608,-15222]],[[570530,94540],[-10943,-1807]],[[575634,111543],[5505,-15251]],[[581139,96292],[-10609,-1752]],[[586615,113369],[5697,-15233]],[[592312,98136],[-11173,-1844]],[[597750,115221],[5818,-15226]],[[603568,99995],[-11256,-1859]],[[608546,117016],[5859,-15232]],[[614405,101784],[-10837,-1789]],[[620051,118929],[5749,-15264],[-11395,-1881]],[[631957,102072],[-928,2457],[-2435,6335]],[[640698,10935],[-3599,-289]],[[457041,5948],[-8196,1025]],[[343229,20187],[-9249,1157]],[[230489,35773],[-342,2567]],[[226040,69171],[-456,3429]],[[221471,103469],[-342,2566]],[[217012,136941],[-342,2567]],[[235604,142686],[14348,2409]],[[264159,147480],[13958,2343]],[[291658,152096],[13804,2317]],[[333491,159119],[13740,2307]],[[361458,163814],[13319,2236]],[[374777,166050],[13783,2314]],[[388560,168364],[14247,2391]],[[424462,174391],[10676,1792]],[[445955,177999],[11583,1945]],[[468254,181742],[11470,1926]],[[490823,185532],[21997,3692]],[[524282,191148],[11079,1860]],[[557010,196643],[11139,1870]],[[578925,200322],[11261,1890]],[[636720,89141],[-3559,-4414]],[[621408,70149],[-2603,-3229]],[[619853,67043],[19078,15909]],[[229467,157870],[5078,851]],[[234545,158721],[9373,1569]],[[257924,162636],[3010,504]],[[260934,163140],[10951,1834]],[[285952,167330],[1072,180]],[[287024,167510],[12612,2112]],[[327408,174273],[12707,2129]],[[340115,176402],[1498,250]],[[369203,181273],[5574,-15223]],[[355499,178978],[11484,1923]],[[366983,180901],[2220,372]],[[382746,183541],[5814,-15177]],[[369203,181273],[358,60],[13185,2208]],[[382746,183541],[10698,1792]],[[393444,185333],[3531,591]],[[418734,189568],[1379,231]],[[420113,189799],[9420,1578]],[[440189,193162],[6651,1114]],[[446840,194276],[4954,830]],[[462431,196887],[3339,559],[8234,1379]],[[573178,215435],[7923,1327]],[[581101,216762],[3319,556]],[[512820,189224],[-11180,-1877]],[[496023,202513],[4617,773]],[[500640,203286],[6444,1079]],[[518467,206272],[9201,1541]],[[527668,207813],[1920,321]],[[551320,211774],[3139,526]],[[554459,212300],[8103,1357]],[[598075,255920],[-5882,18052]],[[592193,273972],[-5920,18171]],[[586273,292143],[-1581,4852]],[[584692,296995],[17448,-1724],[8995,606]],[[428081,283837],[-44829,-7524]],[[383252,276313],[-6576,17788]],[[376676,294101],[44680,7483],[6725,-17747]],[[428081,283837],[6478,-17094]],[[434559,266743],[-44941,-7644]],[[389618,259099],[-6366,17214]],[[250438,216102],[6606,-17800],[-45284,-7602]],[[211760,190700],[-6640,17846]],[[205120,208546],[45318,7556]],[[191857,244193],[6554,-17616]],[[198411,226577],[-45866,-7802]],[[152545,218775],[-6587,17716]],[[145958,236491],[45899,7702]],[[237188,251801],[6504,-17523]],[[243692,234278],[-45281,-7701]],[[191857,244193],[45331,7608]],[[243692,234278],[6746,-18176]],[[205120,208546],[-6709,18031]],[[408866,220173],[11247,-30374]],[[393444,185333],[-11177,30377]],[[382267,215710],[26599,4463]],[[355732,211257],[11251,-30356]],[[340115,176402],[-11225,30350]],[[328890,206752],[26842,4505]],[[313582,171958],[-11000,30380]],[[302582,202338],[26308,4414]],[[287024,167510],[-11291,30322]],[[275733,197832],[26849,4506]],[[260934,163140],[-11271,30317]],[[249663,193457],[26070,4375]],[[234545,158721],[-11627,30248]],[[222918,188969],[26745,4488]],[[214556,155373],[-245,1833],[-7787,359]],[[206524,157565],[-10136,26952]],[[196388,184517],[26530,4452]],[[160395,178477],[7200,-19119]],[[167595,159358],[-52681,2427]],[[114914,161785],[-3154,8531]],[[111760,170316],[48635,8161]],[[93657,219285],[6586,-17817]],[[100243,201468],[-50671,-8541]],[[49572,192927],[-10005,17180]],[[39567,210107],[54090,9178]],[[87038,237185],[6619,-17900]],[[39567,210107],[-10019,17205]],[[29548,227312],[57490,9873]],[[80445,255020],[6593,-17835]],[[29548,227312],[-10146,17423]],[[19402,244735],[61043,10285]],[[76493,265707],[3952,-10687]],[[19402,244735],[-19402,33317],[19185,-1781],[38295,14675],[5066,7153],[1837,366]],[[64383,298465],[12110,-32758]],[[256781,328544],[11370,-30416]],[[268151,298128],[-46832,-7922]],[[221319,290206],[-12569,33876]],[[208750,324082],[48031,4462]],[[364630,326678],[10784,-29165]],[[375414,297513],[-45917,-7653],[-6478,17549]],[[323019,307409],[-6878,18630]],[[316141,326039],[5870,-342],[29808,3668],[12811,-2687]],[[418702,323276],[6530,-17458]],[[425232,305818],[-49818,-8305]],[[364630,326678],[33682,-7063],[20390,3661]],[[323019,307409],[-54868,-9281]],[[256781,328544],[6292,585],[53068,-3090]],[[114482,306144],[11911,-31996]],[[126393,274148],[-49900,-8441]],[[64383,298465],[28704,5706],[21395,1973]],[[355732,211257],[26535,4453]],[[530776,282852],[-46031,-7706]],[[484745,275146],[-6493,17307]],[[478252,292453],[45931,7888],[6593,-17489]],[[530776,282852],[6894,-18286]],[[537670,264566],[-45981,-7931]],[[491689,256635],[-6944,18511]],[[484745,275146],[-45209,-7569]],[[439536,267577],[-4,12],[-6402,17115],[45122,7749]],[[537670,264566],[6708,-17796],[-46045,-7847]],[[498333,238923],[-6644,17712]],[[491689,256635],[-45146,-7789]],[[446543,248846],[-7007,18731]],[[498333,238923],[-45198,-7702],[-6575,17580],[-17,45]],[[332602,267813],[6431,-17318]],[[339033,250495],[-45427,-7727]],[[293606,242768],[-6470,17415]],[[287136,260183],[45466,7630]],[[293606,242768],[6811,-18333]],[[300417,224435],[-45033,-7509]],[[255384,216926],[-6743,18194]],[[248641,235120],[44965,7648]],[[441668,247986],[-45157,-7530]],[[396511,240456],[-6893,18643]],[[434559,266743],[7102,-18738],[7,-19]],[[581101,216762],[-11604,30993]],[[569497,247755],[27186,4710],[12612,-30981]],[[554459,212300],[-11625,30835]],[[542834,243135],[26663,4620]],[[527668,207813],[-11240,30748]],[[516428,238561],[26406,4574]],[[500640,203286],[-11211,30597]],[[489429,233883],[26999,4678]],[[474004,198825],[-10988,30482]],[[463016,229307],[26413,4576]],[[161880,310516],[10504,-28588]],[[172384,281928],[-45991,-7780]],[[114482,306144],[47398,4372]],[[221319,290206],[-48935,-8278]],[[161880,310516],[28314,2611],[18556,10955]],[[444914,327982],[13675,-35434]],[[458589,292548],[-26713,-4494],[-6644,17764]],[[418702,323276],[26212,4706]],[[473326,329312],[11682,-32320]],[[485008,296992],[-26419,-4444]],[[444914,327982],[12964,2327],[15448,-997]],[[552465,308341],[-67457,-11349]],[[473326,329312],[56814,-3670],[6219,-8592],[16106,-8709]],[[586273,292143],[-50295,-8420]],[[535978,283723],[-6639,17504],[27535,4729]],[[556874,305956],[334,-181],[18630,-7802],[8854,-978]],[[592193,273972],[-49291,-8503]],[[542902,265469],[-6924,18254]],[[598075,255920],[-48421,-8251],[-6752,17800]],[[446840,194276],[-11218,30387]],[[435622,224663],[27394,4644]],[[345895,232017],[6571,-17696],[-45457,-7631]],[[307009,206690],[-6592,17745]],[[300417,224435],[45478,7582]],[[307009,206690],[-45029,-7560],[-6596,17796]],[[248641,235120],[-6492,17514]],[[242149,252634],[44987,7549]],[[339033,250495],[6862,-18478]],[[441668,247986],[6659,-17572],[-45292,-7604]],[[403035,222810],[-6524,17646]],[[403035,222810],[-45939,-7712],[-6533,17697]],[[350563,232795],[45948,7661]],[[350563,232795],[-6829,18500]],[[343734,251295],[45884,7804]],[[343734,251295],[-6392,17314]],[[337342,268609],[45910,7704]],[[337342,268609],[-6573,17804],[45907,7688]],[[408866,220173],[26756,4490]],[[206524,157565],[-19691,907]],[[186833,158472],[-8433,23027]],[[178400,181499],[17988,3018]],[[186833,158472],[-19238,886]],[[160395,178477],[18005,3022]],[[114914,161785],[-21773,1003]],[[93141,162788],[-6385,17436]],[[86756,180224],[20098,3364]],[[106854,183588],[4906,-13272]],[[93141,162788],[-26735,1231],[-6792,11663]],[[59614,175682],[27142,4542]],[[100243,201468],[6611,-17880]],[[59614,175682],[-10042,17245]],[[211760,190700],[-12242,-2056]],[[199518,188644],[-6644,17860]],[[192874,206504],[12246,2042]],[[199518,188644],[-12243,-2055]],[[187275,186589],[-3324,8936]],[[183951,195525],[-3323,8937]],[[180628,204462],[12246,2042]],[[183951,195525],[-21431,-3573]],[[162520,191952],[-3323,8937]],[[159197,200889],[21431,3573]],[[187275,186589],[-21423,-3596],[-3332,8959]],[[159197,200889],[-6652,17886]],[[130805,262295],[-22382,-3767]],[[108423,258528],[-3264,8804]],[[105159,267332],[22363,3783],[3283,-8820]],[[108423,258528],[-22382,-3768]],[[86041,254760],[-3245,8788],[22363,3784]],[[108423,258528],[3264,-8804]],[[111687,249724],[-22401,-3752]],[[89286,245972],[-3245,8788]],[[130805,262295],[3283,-8820]],[[134088,253475],[-22401,-3751]],[[134088,253475],[3324,-8930]],[[137412,244545],[-22412,-3757]],[[115000,240788],[-3313,8936]],[[115000,240788],[-22412,-3758]],[[92588,237030],[-3302,8942]],[[115000,240788],[3313,-8937]],[[118313,231851],[-22423,-3763]],[[95890,228088],[-3302,8942]],[[137412,244545],[3325,-8931]],[[140737,235614],[-22424,-3763]],[[153987,200020],[3332,-8951]],[[157319,191069],[-22490,-3762]],[[134829,187307],[-3324,8965]],[[131505,196272],[22482,3748]],[[134829,187307],[-22491,-3763]],[[112338,183544],[-3316,8979]],[[109022,192523],[22483,3749]],[[134829,187307],[3323,-8965]],[[138152,178342],[-22499,-3777],[-3315,8979]],[[157319,191069],[3331,-8950],[-22498,-3777]],[[140737,235614],[3299,-8863]],[[144036,226751],[-22428,-3789]],[[121608,222962],[-3295,8889]],[[121608,222962],[-22426,-3789]],[[99182,219173],[-3292,8915]],[[121608,222962],[3296,-8889]],[[124904,214073],[-22430,-3815]],[[102474,210258],[-3292,8915]],[[144036,226751],[3299,-8862]],[[147335,217889],[-22431,-3816]],[[147335,217889],[3326,-8935]],[[150661,208954],[-22456,-3781]],[[128205,205173],[-3301,8900]],[[128205,205173],[-22457,-3783]],[[105748,201390],[-3274,8868]],[[128205,205173],[3300,-8901]],[[109022,192523],[-3274,8867]],[[150661,208954],[3326,-8934]],[[253234,282904],[3295,-8923]],[[256529,273981],[-20989,-3516]],[[235540,270465],[-3300,8905]],[[232240,279370],[20994,3534]],[[249938,291828],[3296,-8924]],[[232240,279370],[-3301,8905],[20999,3553]],[[273874,295879],[6644,-17881]],[[280518,277998],[-11994,-2009]],[[268524,275989],[-6618,17864]],[[261906,293853],[11968,2026]],[[268524,275989],[-11995,-2008]],[[249938,291828],[11968,2025]],[[280518,277998],[6618,-17815]],[[242149,252634],[-6609,17831]],[[227267,278534],[-21162,-3563]],[[206105,274971],[-3301,8883]],[[202804,283854],[21160,3580],[3303,-8900]],[[206105,274971],[3300,-8882]],[[209405,266089],[-12094,-2026]],[[197311,264063],[-6597,17745]],[[190714,281808],[12090,2046]],[[197311,264063],[-12094,-2025]],[[185217,262038],[-6594,17724]],[[178623,279762],[12091,2046]],[[227267,278534],[3303,-8901]],[[230570,269633],[-21165,-3544]],[[230570,269633],[6618,-17832]],[[191857,244193],[-6640,17845]],[[322658,294591],[-21216,-3571]],[[301442,291020],[-3328,8960]],[[298114,299980],[21210,3589],[3334,-8978]],[[301442,291020],[3328,-8961]],[[304770,282059],[-12126,-2030]],[[292644,280029],[-6649,17900]],[[285995,297929],[12119,2051]],[[292644,280029],[-12126,-2031]],[[273874,295879],[12121,2050]],[[322658,294591],[3333,-8978]],[[325991,285613],[-21221,-3554]],[[325991,285613],[6611,-17800]],[[185217,262038],[-12240,-2050]],[[172977,259988],[-6586,17705]],[[166391,277693],[12232,2069]],[[172977,259988],[-12241,-2050]],[[160736,257938],[-3288,8842]],[[157448,266780],[-3289,8843]],[[154159,275623],[12232,2070]],[[157448,266780],[-21413,-3604]],[[136035,263176],[-3282,8825],[21406,3622]],[[160736,257938],[-21420,-3587]],[[139316,254351],[-3281,8825]],[[552465,308341],[4409,-2385]],[[139316,254351],[6642,-17860]],[[462323,669141],[8731,-15723],[-3027,-2301]],[[468027,651117],[-79414,-3517],[19525,19473]],[[408138,667073],[52217,1993]],[[460355,669066],[1968,75]],[[458584,687603],[-31167,-1302]],[[427417,686301],[28571,28494],[2596,-27192]],[[458584,687603],[1771,-18537]],[[408138,667073],[19279,19228]],[[419529,645384],[2308,-25443]],[[421837,619941],[-34367,-1478]],[[387470,618463],[-2637,25322],[34696,1599]],[[604011,730479],[-47055,-1969]],[[556956,728510],[-1613,14732],[-441,3911]],[[554902,747153],[46998,2043]],[[601900,749196],[1220,-10718],[891,-7999]],[[604011,730479],[2031,-18230]],[[606042,712249],[-47094,-1943],[-1992,18204]],[[503851,744932],[2089,-18557]],[[505940,726375],[-43149,-1806],[-4072,-172]],[[458719,724397],[-2006,18486]],[[456713,742883],[25948,1128],[21190,921]],[[553062,728347],[-47122,-1972]],[[503851,744932],[24047,1046],[22968,999]],[[550866,746977],[392,-3328],[1804,-15302]],[[456713,742883],[-2001,18448]],[[454712,761331],[46992,2076]],[[501704,763407],[1756,-14992],[391,-3483]],[[548685,765482],[2181,-18505]],[[501704,763407],[46981,2075]],[[448874,761074],[1885,-18450]],[[450759,742624],[-47258,-2054]],[[403501,740570],[-1838,18419]],[[401663,758989],[47211,2085]],[[403501,740570],[1840,-18435]],[[405341,722135],[-47119,-1996]],[[358222,720139],[-1810,18383]],[[356412,738522],[47089,2048]],[[450759,742624],[1888,-18484]],[[452647,724140],[-47306,-2005]],[[505940,726375],[2041,-18141]],[[507981,708234],[-47339,-2282]],[[460642,705952],[-1550,14998],[-373,3447]],[[653202,711532],[919,-5003],[-34548,-23993],[-15916,-2654]],[[603657,679882],[-2926,29368]],[[600731,709250],[52471,2282]],[[603657,679882],[-47136,19142]],[[556521,699024],[-974,8261]],[[555547,707285],[45184,1965]],[[556521,699024],[-196,79],[-20194,4093],[-27086,-4408]],[[509045,698788],[-1064,9446]],[[553062,728347],[2485,-21062]],[[509045,698788],[-15338,-2496],[-24543,-15484],[-5036,-8588]],[[464128,672220],[-3486,33732]],[[419529,645384],[43600,2009]],[[463129,647393],[-14854,-11294],[-2475,-15127]],[[445800,620972],[-23963,-1031]],[[445800,620972],[-2539,-15521]],[[443261,605451],[-54205,-2223]],[[389056,603228],[-1586,15235]],[[443261,605451],[14624,-8180],[-3222,-8364]],[[454663,588907],[-63841,-2636]],[[390822,586271],[-1766,16957]],[[454663,588907],[-32217,-7092],[-15913,-11229],[-5525,-10536],[-7400,-541]],[[393608,559509],[-2786,26762]],[[611733,768266],[19479,-7963],[-1347,-9891]],[[629865,750412],[-27965,-1216]],[[554902,747153],[-2087,18511]],[[552815,765664],[58918,2602]],[[652716,714174],[-46674,-1925]],[[629865,750412],[-1960,-14405],[2668,-12416],[21315,-4906],[828,-4511]],[[408989,685581],[986,-9874]],[[409975,675707],[-9096,-8939]],[[400879,666768],[-37246,-1568]],[[363633,665200],[-1806,18334]],[[361827,683534],[47162,2047]],[[400879,666768],[-19840,-19500],[-15574,-674],[-1832,18606]],[[407175,703757],[1814,-18176]],[[361827,683534],[-1814,18419]],[[360013,701953],[47162,1804]],[[452647,724140],[603,-5900],[-43275,-42533]],[[407175,703757],[-1834,18378]],[[360013,701953],[-1791,18186]],[[587041,881931],[1891,-18531]],[[588932,863400],[-46496,-2118]],[[542436,861282],[-2062,18509]],[[540374,879791],[46667,2140]],[[585197,900010],[1844,-18079]],[[540374,879791],[-2020,18134]],[[538354,897925],[46843,2085]],[[583279,918337],[1918,-18327]],[[538354,897925],[-2137,18276],[47062,2136]],[[580862,940633],[1970,-18263],[-46964,-2128],[-2031,18235]],[[533837,938477],[47025,2156]],[[578859,959208],[2003,-18575]],[[533837,938477],[-2064,18528]],[[531773,957005],[47086,2203]],[[576866,977689],[1993,-18481]],[[531773,957005],[-2059,18485]],[[529714,975490],[47152,2199]],[[530016,938302],[1995,-18235],[-47438,-2151]],[[484573,917916],[-2007,18210]],[[482566,936126],[47450,2176]],[[484573,917916],[-46279,-2097],[-1917,18190]],[[436377,934009],[46189,2117]],[[527989,956828],[2027,-18526]],[[482566,936126],[-2035,18481]],[[480531,954607],[47458,2221]],[[436377,934009],[-1942,18441]],[[434435,952450],[46096,2157]],[[430521,933741],[1930,-18187],[-46800,-2121]],[[385651,913433],[-1917,18163]],[[383734,931596],[46787,2145]],[[385651,913433],[-45572,-2066],[-1725,18148]],[[338354,929515],[45380,2081]],[[428565,952176],[1956,-18435]],[[383734,931596],[-1939,18391]],[[381795,949987],[46770,2189]],[[338354,929515],[-1745,18358]],[[336609,947873],[45186,2114]],[[401663,758989],[-1711,18856]],[[399952,777845],[46892,2059],[2030,-18830]],[[401663,758989],[-47062,-2079]],[[354601,756910],[-1230,14624],[646,269],[580,253],[495,237],[448,251],[401,299],[424,346],[354,284],[318,294],[300,348],[286,382],[247,391],[192,410],[172,661],[41718,1886]],[[356412,738522],[-878,8919]],[[355534,747441],[-933,9469]],[[352994,732029],[3043,-30238]],[[356037,701791],[-28824,-1202]],[[327213,700589],[15,18],[24810,29652],[956,1770]],[[356037,701791],[1851,-18410]],[[357888,683381],[-45957,-2087]],[[311931,681294],[5351,6183],[-698,224],[10629,12888]],[[357888,683381],[1844,-18332]],[[359732,665049],[-64039,-3119]],[[295693,661930],[2672,3412],[267,-154],[13299,16106]],[[359732,665049],[1852,-18406],[-82014,-3588]],[[279570,643055],[15520,19107],[603,-232]],[[267338,628087],[41485,-15097]],[[308823,612990],[-43685,-23362]],[[265138,589628],[-61,48],[-5590,4446],[-3655,4377],[-2060,5903],[2906,10668],[10660,13017]],[[305676,640389],[3147,-27399]],[[267338,628087],[9024,11018],[16,20]],[[276378,639125],[29298,1264]],[[308823,612990],[17050,-14715]],[[325873,598275],[-43266,-22655]],[[282607,575620],[-17469,14008]],[[339947,586127],[3415,-3204]],[[343362,582923],[-42577,-21842]],[[300785,561081],[-2193,1723],[-15985,12816]],[[325873,598275],[4648,-4013],[9426,-8135]],[[382923,625242],[-21861,-892],[-25307,-1032]],[[335755,623318],[-2060,18280]],[[333695,641598],[46930,2025],[348,14],[1950,-18395]],[[382923,625242],[1964,-18536]],[[384887,606706],[-43594,-1833],[-3443,-144]],[[337850,604729],[-2095,18589]],[[305676,640389],[28019,1209]],[[337850,604729],[329,-2923],[1768,-15679]],[[384887,606706],[1965,-18539]],[[386852,588167],[-46905,-2040]],[[499529,782166],[2175,-18759]],[[454712,761331],[-2122,18767],[-2,16],[46941,2052]],[[499529,782166],[47340,2107],[1816,-18791]],[[397759,798637],[1927,-18267]],[[399686,780370],[-41162,-1822],[-279,584],[-222,531],[-352,458],[-463,457],[-629,458],[-593,407],[-667,359],[-870,309],[-759,247],[-685,136],[-689,137],[-1323,13910]],[[350993,796541],[46766,2096]],[[385995,909460],[1997,-18229]],[[387992,891231],[-45805,-2040]],[[342187,889191],[-1739,18292],[45547,1977]],[[434811,893315],[-46819,-2084]],[[385995,909460],[46762,2058],[2054,-18203]],[[387992,891231],[1935,-18340]],[[389927,872891],[-45990,-2109]],[[343937,870782],[-1750,18409]],[[434811,893315],[1939,-18277]],[[436750,875038],[-46823,-2147]],[[389927,872891],[1948,-18467]],[[391875,854424],[-46184,-2103]],[[345691,852321],[-1754,18461]],[[436750,875038],[1961,-18481]],[[438711,856557],[-46836,-2133]],[[391875,854424],[1960,-18587]],[[393835,835837],[-46371,-2164]],[[347464,833673],[-1773,18648]],[[438711,856557],[1967,-18534]],[[440678,838023],[-46843,-2186]],[[393835,835837],[1951,-18488]],[[395786,817349],[-46573,-2083]],[[349213,815266],[-1749,18407]],[[444634,800739],[1940,-18292],[-46888,-2077]],[[397759,798637],[46875,2102]],[[440678,838023],[1970,-18578]],[[442648,819445],[-46862,-2096]],[[395786,817349],[1973,-18712]],[[350993,796541],[-1780,18725]],[[442648,819445],[1986,-18706]],[[497223,803096],[2018,-18317]],[[499241,784779],[-46925,-2078],[-1928,18295]],[[450388,800996],[46835,2100]],[[485043,914000],[1984,-18360]],[[487027,895640],[-46390,-2065]],[[440637,893575],[-1996,18288],[46402,2137]],[[534452,897751],[-47425,-2111]],[[485043,914000],[47262,2071],[2147,-18320]],[[487027,895640],[2005,-18204]],[[489032,877436],[-46470,-2131]],[[442562,875305],[-1925,18270]],[[534452,897751],[1985,-18141]],[[536437,879610],[-47405,-2174]],[[489032,877436],[2038,-18494]],[[491070,858942],[-46562,-2121]],[[444508,856821],[-1946,18484]],[[536437,879610],[2025,-18509]],[[538462,861101],[-47392,-2159]],[[491070,858942],[2035,-18473]],[[493105,840469],[-46645,-2176]],[[446460,838293],[-1952,18528]],[[538462,861101],[2016,-18421]],[[540478,842680],[-47373,-2211]],[[493105,840469],[2058,-18675]],[[495163,821794],[-46745,-2091]],[[448418,819703],[-1958,18590]],[[544577,805218],[2007,-18344],[-47343,-2095]],[[497223,803096],[47354,2122]],[[540478,842680],[2054,-18767]],[[542532,823913],[-47369,-2119]],[[495163,821794],[2060,-18698]],[[450388,800996],[-1970,18707]],[[542532,823913],[2045,-18695]],[[386852,588167],[3067,-28929]],[[389919,559238],[-6365,-466],[-17113,4087]],[[366441,562859],[-23079,20064]],[[366441,562859],[-11009,2630],[-20126,-5833],[7100,-15945],[-14271,-4120],[-27350,21490]],[[379485,971879],[2310,-21892]],[[336609,947873],[-1824,19191]],[[334785,967064],[44700,4815]],[[425944,976883],[2621,-24707]],[[379485,971879],[46459,5004]],[[477465,982432],[3066,-27825]],[[434435,952450],[-2640,25063]],[[431795,977513],[45670,4919]],[[524631,987513],[3358,-30685]],[[477465,982432],[47166,5081]],[[575219,992962],[1647,-15273]],[[529714,975490],[-1383,12421]],[[528331,987911],[46888,5051]],[[648540,981030],[-67981,-3170]],[[580559,977860],[-1659,15499]],[[578900,993359],[61651,6640],[7983,-8317],[2168,-8601],[-2162,-2051]],[[648540,981030],[-6350,-6022],[-759,-7992],[580,-4853]],[[642011,962163],[-59473,-2783]],[[582538,959380],[-1979,18480]],[[642011,962163],[1050,-10417],[-3839,-8438]],[[639222,943308],[-54695,-2507]],[[584527,940801],[-1989,18579]],[[634131,924695],[-47649,-2159],[-1955,18265]],[[639222,943308],[-2506,-5570],[3006,-8641],[-5591,-4402]],[[583279,918337],[45438,2119]],[[628717,920456],[-1568,-1228],[-12252,-18187],[-12123,-36975],[-11,-37]],[[602763,864029],[-13831,-629]],[[602763,864029],[-5914,-18719]],[[596849,845310],[-52362,-2443]],[[544487,842867],[-2051,18415]],[[596849,845310],[-3319,-10361],[2853,-8628]],[[596383,826321],[-49805,-2227]],[[546578,824094],[-2091,18773]],[[596383,826321],[4556,-13772],[-2785,-4929]],[[598154,807620],[-49493,-2218]],[[548661,805402],[-2083,18692]],[[602212,786722],[-51208,-2363]],[[551004,784359],[-2343,21043]],[[598154,807620],[-5127,-9074],[8108,-8671],[1077,-3153]],[[552815,765664],[-1811,18695]],[[602212,786722],[7488,-17625],[2033,-831]],[[652716,714174],[486,-2642]],[[464128,672220],[-1805,-3079]],[[468027,651117],[-4898,-3724]],[[393608,559509],[-3689,-271]],[[276378,639125],[3192,3930]],[[352994,732029],[3044,5166],[-504,10246]],[[354601,756910],[-22113,209907],[2297,247]],[[425944,976883],[5851,630]],[[524631,987513],[3700,398]],[[575219,992962],[3681,397]],[[634131,924695],[-5414,-4239]],[[941984,236258],[8381,-2975]]],"bbox":[482.606,-670.246,2061.788,1697.208],"transform":{"scale":[0.0015791835791835794,0.002367456367456368],"translate":[482.606,-670.246]}}
