小字名,市区町村名,地番,center_lng,center_lat
字チラスナイ,樺戸郡月形町,水-99,141.677736,43.316188
字南耕地,樺戸郡月形町,水-152,141.680084,43.31829
字南耕地,樺戸郡月形町,長狭物不明-173,141.678609,43.31809
字チラスナイ,樺戸郡月形町,筆界未定地-43,141.677401,43.317281
字南耕地,樺戸郡月形町,1098-5,141.676819,43.317797
字南耕地,樺戸郡月形町,1098-1,141.67704,43.317951
字南耕地,樺戸郡月形町,1099-1,141.67803,43.318658
字南耕地,樺戸郡月形町,1098-4,141.67738,43.31819
字南耕地,樺戸郡月形町,1098-3,141.676568,43.318268
字南耕地,樺戸郡月形町,長狭物不明-169,141.677347,43.31857
字南耕地,樺戸郡月形町,1099-2,141.677605,43.319013
字南耕地,樺戸郡月形町,1101,141.679177,43.319804
字南耕地,樺戸郡月形町,長狭物不明-170,141.678857,43.319686
字南耕地,樺戸郡月形町,1379-2,141.678812,43.320142
字南耕地,樺戸郡月形町,1100-2,141.678166,43.319584
字南耕地,樺戸郡月形町,1100-1,141.67854,43.319386
字南耕地,樺戸郡月形町,道-319,141.678327,43.319145
字南耕地,樺戸郡月形町,水-150,141.679283,43.319101
字南耕地,樺戸郡月形町,1379-3V3,141.677088,43.319645
字南耕地,樺戸郡月形町,1379-3V2,141.678018,43.320138
字農事会,樺戸郡月形町,7-15,141.677009,43.32064
字農事会,樺戸郡月形町,7-17,141.67843,43.321059
字南耕地,樺戸郡月形町,1379-3V1,141.678476,43.320647
字南耕地,樺戸郡月形町,長狭物不明-172,141.678265,43.320379
字南耕地,樺戸郡月形町,1379-4,141.678873,43.320413
字石狩川沿岸,樺戸郡月形町,494-6,141.68034,43.320919
字石狩川沿岸,樺戸郡月形町,494-5,141.679524,43.320799
字石狩川沿岸,樺戸郡月形町,495-3,141.680253,43.319969
字石狩川沿岸,樺戸郡月形町,495-2,141.681175,43.320406
字石狩川沿岸,樺戸郡月形町,495-1,141.681694,43.320658
字石狩川沿岸,樺戸郡月形町,490-3,141.682456,43.320972
字石狩川沿岸,樺戸郡月形町,491-5,141.681926,43.321334
字石狩川沿岸,樺戸郡月形町,491-7,141.681333,43.322027
字石狩川沿岸,樺戸郡月形町,491-8,141.682057,43.322516
字市南,樺戸郡月形町,10-10,141.680204,43.323075
字石狩川沿岸,樺戸郡月形町,494-7,141.680958,43.321537
字石狩川沿岸,樺戸郡月形町,494-8,141.680462,43.321474
字石狩川沿岸,樺戸郡月形町,494-9,141.679734,43.321558
字市南,樺戸郡月形町,10-12,141.679034,43.321459
字市南,樺戸郡月形町,10-11,141.678352,43.321909
字市南,樺戸郡月形町,10-13,141.678836,43.321332
字農事会,樺戸郡月形町,7-16,141.677704,43.321331
字農事会,樺戸郡月形町,7-10,141.677143,43.322738
字市南,樺戸郡月形町,7-7,141.678321,43.323255
字市南,樺戸郡月形町,10-5,141.678668,43.322817
字市南,樺戸郡月形町,10-6,141.678689,43.322793
字市南,樺戸郡月形町,10-1,141.679144,43.322289
字市南,樺戸郡月形町,7-6,141.677882,43.323771
字市南,樺戸郡月形町,7-5,141.67754,43.324168
字市南,樺戸郡月形町,7-4,141.676798,43.325034
字市南,樺戸郡月形町,7-2,141.677752,43.325326
字市南,樺戸郡月形町,8-7,141.679629,43.324582
字市南,樺戸郡月形町,8-6,141.679301,43.324965
字市南,樺戸郡月形町,8-10,141.681124,43.325114
字市南,樺戸郡月形町,8-8,141.679935,43.324229
字市南,樺戸郡月形町,8-9,141.680112,43.324017
字市南,樺戸郡月形町,10-2,141.680827,43.323451
字市南,樺戸郡月形町,10-7,141.681041,43.324244
字市南,樺戸郡月形町,10-8,141.680994,43.324186
字市南,樺戸郡月形町,10-3,141.68181,43.324067
字市南,樺戸郡月形町,10-9,141.681285,43.323746
字市南,樺戸郡月形町,10-4,141.682355,43.32459
字市南,樺戸郡月形町,9-13,141.682894,43.325163
字石狩川沿岸,樺戸郡月形町,488-12,141.684052,43.324436
字石狩川沿岸,樺戸郡月形町,水-45,141.688634,43.321841
字石狩川沿岸,樺戸郡月形町,486-2,141.685658,43.324132
字石狩川沿岸,樺戸郡月形町,486-6,141.683933,43.325041
字石狩川沿岸,樺戸郡月形町,486-5,141.685355,43.323369
字石狩川沿岸,樺戸郡月形町,488-11,141.683849,43.324038
字石狩川沿岸,樺戸郡月形町,488-13,141.682933,43.323195
字石狩川沿岸,樺戸郡月形町,筆界未定地-15,141.682988,43.324042
字石狩川沿岸,樺戸郡月形町,488-5,141.683395,43.322657
字石狩川沿岸,樺戸郡月形町,491-9,141.682448,43.323043
字石狩川沿岸,樺戸郡月形町,491-6,141.682628,43.32152
字石狩川沿岸,樺戸郡月形町,490-2,141.683418,43.321334
字石狩川沿岸,樺戸郡月形町,491-1,141.683565,43.321751
字石狩川沿岸,樺戸郡月形町,筆界未定地-16,141.68387,43.321404
字石狩川沿岸,樺戸郡月形町,488-9,141.683802,43.322178
字石狩川沿岸,樺戸郡月形町,489-4,141.684272,43.321632
字石狩川沿岸,樺戸郡月形町,489-2,141.685549,43.321998
字石狩川沿岸,樺戸郡月形町,489-3,141.684882,43.321817
字石狩川沿岸,樺戸郡月形町,道-120,141.681628,43.32076
字石狩川沿岸,樺戸郡月形町,488-7,141.684659,43.323073
字石狩川沿岸,樺戸郡月形町,488-6,141.685068,43.323228
字石狩川沿岸,樺戸郡月形町,486-4,141.686085,43.323218
字石狩川沿岸,樺戸郡月形町,485-3,141.68664,43.322571
字石狩川沿岸,樺戸郡月形町,485-2,141.68633,43.322227
字石狩川沿岸,樺戸郡月形町,489-1,141.686002,43.32212
字石狩川沿岸,樺戸郡月形町,485-1,141.687169,43.322918
字石狩川沿岸,樺戸郡月形町,486-1,141.686761,43.323549
字石狩川沿岸,樺戸郡月形町,道-122,141.684591,43.326021
字市南,樺戸郡月形町,9-14,141.683934,43.325755
字市南,樺戸郡月形町,9-17,141.68167,43.325718
字市南,樺戸郡月形町,9-15,141.681944,43.325337
字市南,樺戸郡月形町,9-12,141.682227,43.325953
字市南,樺戸郡月形町,9-19,141.682181,43.326979
字市南,樺戸郡月形町,9-8,141.681599,43.327266
字市南,樺戸郡月形町,9-7,141.681336,43.327498
字市南,樺戸郡月形町,9-9,141.681356,43.327176
字市南,樺戸郡月形町,9-11,141.681541,43.32659
字市南,樺戸郡月形町,9-10,141.680906,43.327035
字市南,樺戸郡月形町,8-3,141.679773,43.326695
字市南,樺戸郡月形町,8-4,141.680358,43.326006
字市南,樺戸郡月形町,8-13,141.679431,43.325911
字市南,樺戸郡月形町,8-12,141.678284,43.325074
字市南,樺戸郡月形町,8-5,141.678641,43.325736
字市南,樺戸郡月形町,14,141.679653,43.323327
字市南,樺戸郡月形町,8-1,141.677776,43.326746
字市南,樺戸郡月形町,8-2,141.679165,43.327403
字市南,樺戸郡月形町,5-15,141.67813,43.328454
字市南,樺戸郡月形町,5-17,141.678867,43.327977
字市南,樺戸郡月形町,8-11,141.678297,43.327522
字市南,樺戸郡月形町,5-16,141.677052,43.327604
字市南,樺戸郡月形町,5-11,141.677776,43.329066
字市南,樺戸郡月形町,5-21,141.67729,43.328485
字市南,樺戸郡月形町,5-20,141.677035,43.328719
字市南,樺戸郡月形町,5-8,141.677054,43.329504
字市南,樺戸郡月形町,5-23,141.677757,43.329888
字市南,樺戸郡月形町,13,141.68004,43.328385
字市南,樺戸郡月形町,5-12,141.678929,43.329149
字市南,樺戸郡月形町,5-13,141.678778,43.328918
字市南,樺戸郡月形町,5-14,141.678945,43.328778
字市南,樺戸郡月形町,5-18,141.67944,43.328729
字市南,樺戸郡月形町,5-24,141.679394,43.328627
字市南,樺戸郡月形町,5-19,141.679806,43.328381
字市南,樺戸郡月形町,9-21,141.680258,43.328354
字市南,樺戸郡月形町,9-2,141.68006,43.328249
字市南,樺戸郡月形町,9-1,141.680168,43.32813
字市南,樺戸郡月形町,9-4,141.680148,43.327675
字市南,樺戸郡月形町,9-16,141.679783,43.327924
字市南,樺戸郡月形町,9-3,141.680428,43.327823
字市南,樺戸郡月形町,9-18,141.680058,43.327969
字市南,樺戸郡月形町,9-6,141.680957,43.327727
字市南,樺戸郡月形町,9-5,141.680688,43.327531
字市南,樺戸郡月形町,9-20,141.680471,43.328131
字石狩川沿岸,樺戸郡月形町,道-121,141.680752,43.328235
字市南,樺戸郡月形町,5-7,141.677898,43.329919
字市南,樺戸郡月形町,5-5,141.677632,43.330113
字市南,樺戸郡月形町,5-6,141.677668,43.329773
字市南,樺戸郡月形町,5-22,141.677474,43.330082
字市南,樺戸郡月形町,5-4,141.677312,43.330347
字市南,樺戸郡月形町,5-3,141.677068,43.330456
字市南,樺戸郡月形町,4-11,141.676832,43.330583
字石狩川沿岸,樺戸郡月形町,道-123,141.677966,43.330956
字スベツ太,樺戸郡月形町,道-7184,141.677414,43.330715
字市南,樺戸郡月形町,4-10,141.676936,43.330777
字スベツ太,樺戸郡月形町,2-41,141.677059,43.331081
,樺戸郡月形町,100-1,141.694551,43.337414
,樺戸郡月形町,100-5,141.695293,43.337787
字アッカルシュナイ,樺戸郡月形町,1190-8,141.697573,43.34204
字アッカルシュナイ,樺戸郡月形町,1190-7,141.696466,43.340305
字アッカルシュナイ,樺戸郡月形町,1190-9,141.696728,43.340552
字アッカルシュナイ,樺戸郡月形町,1190-10,141.697128,43.341085
字アッカルシュナイ,樺戸郡月形町,1190-3,141.69673,43.341909
字アッカルシュナイ,樺戸郡月形町,1190-4,141.696333,43.340844
字アッカルシュナイ,樺戸郡月形町,1190-5,141.695856,43.340937
字アッカルシュナイ,樺戸郡月形町,1183-2,141.695287,43.341134
字アッカルシュナイ,樺戸郡月形町,1183-3,141.694744,43.341865
字須部都,樺戸郡月形町,225-3,141.694739,43.340442
,樺戸郡月形町,101-3,141.695129,43.339718
,樺戸郡月形町,道-27,141.694674,43.339768
,樺戸郡月形町,101-2,141.695296,43.338961
,樺戸郡月形町,102,141.696955,43.33971
,樺戸郡月形町,101-4,141.696283,43.339849
,樺戸郡月形町,101-1,141.696043,43.338718
,樺戸郡月形町,100-2,141.694529,43.338063
,樺戸郡月形町,100-3,141.694086,43.338289
,樺戸郡月形町,100-4,141.69381,43.338432
,樺戸郡月形町,97-18,141.693851,43.339116
,樺戸郡月形町,97-19,141.693129,43.338834
,樺戸郡月形町,3806,141.692654,43.339171
,樺戸郡月形町,97-3,141.692435,43.338738
,樺戸郡月形町,97-38,141.692733,43.339041
,樺戸郡月形町,97-36,141.692967,43.339483
,樺戸郡月形町,97-20,141.693046,43.339544
,樺戸郡月形町,3845,141.692342,43.338977
,樺戸郡月形町,97-23,141.692531,43.339806
,樺戸郡月形町,97-31,141.692594,43.339753
,樺戸郡月形町,97-37,141.692946,43.339564
,樺戸郡月形町,97-32,141.693009,43.339565
,樺戸郡月形町,97-40,141.692963,43.339585
,樺戸郡月形町,97-39,141.692975,43.339602
,樺戸郡月形町,97-22,141.693031,43.339576
字須部都,樺戸郡月形町,225-12,141.693943,43.340495
字須部都,樺戸郡月形町,225-11,141.693828,43.33964
字須部都,樺戸郡月形町,225-13,141.693244,43.34001
字須部都,樺戸郡月形町,225-14,141.693719,43.340914
,樺戸郡月形町,3870,141.693618,43.340879
,樺戸郡月形町,3824,141.692905,43.340149
字須部都,樺戸郡月形町,225-10,141.693937,43.341102
字須部都,樺戸郡月形町,道-7183,141.693947,43.341343
字アッカルシュナイ,樺戸郡月形町,1183-5,141.694057,43.341543
,樺戸郡月形町,3869,141.692511,43.342081
,樺戸郡月形町,3868,141.692759,43.341909
,樺戸郡月形町,3822,141.691555,43.341436
,樺戸郡月形町,3823,141.692443,43.34102
,樺戸郡月形町,97-30,141.691867,43.340084
,樺戸郡月形町,97-25,141.691705,43.340182
,樺戸郡月形町,97-26,141.691001,43.340514
,樺戸郡月形町,3843,141.69069,43.340569
,樺戸郡月形町,97-34,141.690336,43.340807
,樺戸郡月形町,97-24,141.690345,43.340825
,樺戸郡月形町,3844,141.690169,43.340858
,樺戸郡月形町,3855,141.690847,43.340804
,樺戸郡月形町,97-29,141.690774,43.340604
,樺戸郡月形町,3821,141.690625,43.34187
,樺戸郡月形町,97-27,141.68962,43.341159
,樺戸郡月形町,97-33,141.689613,43.34114
,樺戸郡月形町,91-36,141.688753,43.341546
,樺戸郡月形町,91-27,141.688769,43.34156
,樺戸郡月形町,91-37,141.689097,43.341384
,樺戸郡月形町,91-26,141.689116,43.341398
,樺戸郡月形町,97-28,141.689897,43.341031
,樺戸郡月形町,97-35,141.689894,43.341011
,樺戸郡月形町,3804,141.689824,43.340031
,樺戸郡月形町,3803,141.688933,43.340516
,樺戸郡月形町,3838,141.689596,43.339205
,樺戸郡月形町,3805,141.691348,43.339348
字新生,樺戸郡月形町,54,141.68947,43.33698
字新生,樺戸郡月形町,47,141.689002,43.337067
字新生,樺戸郡月形町,42,141.688707,43.337116
字新生,樺戸郡月形町,74,141.689917,43.336375
字新生,樺戸郡月形町,55,141.690168,43.336534
字新生,樺戸郡月形町,57,141.689606,43.336683
字新生,樺戸郡月形町,58,141.68937,43.336825
字新生,樺戸郡月形町,51,141.689875,43.336765
字新生,樺戸郡月形町,56,141.690423,43.336628
字新生,樺戸郡月形町,3,141.69058,43.335952
字新生,樺戸郡月形町,19,141.690636,43.336313
,樺戸郡月形町,道-7052,141.691034,43.335872
,樺戸郡月形町,1868-1,141.691059,43.335999
,樺戸郡月形町,1868-2,141.691172,43.336081
,樺戸郡月形町,1869,141.691181,43.336247
字茶志内,樺戸郡月形町,25-23,141.689953,43.334283
,樺戸郡月形町,1867-3,141.690892,43.335729
,樺戸郡月形町,1867-1,141.690903,43.33566
,樺戸郡月形町,1867-2,141.690965,43.335636
字茶志内,樺戸郡月形町,25-21,141.690502,43.335415
字茶志内,樺戸郡月形町,25-22,141.690443,43.335289
字茶志内,樺戸郡月形町,道-7188,141.690456,43.335032
字新生,樺戸郡月形町,61-1,141.689702,43.334677
字新生,樺戸郡月形町,59,141.689287,43.335887
字新生,樺戸郡月形町,82-1,141.690006,43.335731
字新生,樺戸郡月形町,60-1,141.688537,43.334631
字新生,樺戸郡月形町,60-3,141.688746,43.334402
字新生,樺戸郡月形町,60-2,141.68888,43.334311
字新生,樺戸郡月形町,82-2,141.688964,43.334293
字新生,樺戸郡月形町,61-4,141.68963,43.33423
字新生,樺戸郡月形町,61-3,141.689121,43.334266
字新生,樺戸郡月形町,61-2,141.689679,43.334037
字茶志内,樺戸郡月形町,25-24,141.689894,43.334056
字茶志内,樺戸郡月形町,25-25,141.68984,43.334027
字茶志内,樺戸郡月形町,25-27,141.689853,43.334097
字上美唄,樺戸郡月形町,3490-9,141.689789,43.33393
字上美唄,樺戸郡月形町,3490-14,141.68985,43.333966
字上美唄,樺戸郡月形町,3490-13,141.689791,43.333984
字茶志内,樺戸郡月形町,25-26,141.689869,43.334005
字上美唄,樺戸郡月形町,3490-8,141.689759,43.333817
字上美唄,樺戸郡月形町,3490-6,141.689479,43.333931
字新生,樺戸郡月形町,67-2,141.689553,43.334007
,樺戸郡月形町,道-7051,141.688079,43.334318
字新生,樺戸郡月形町,67-3,141.688681,43.334313
字新生,樺戸郡月形町,53-1,141.688175,43.334729
字新生,樺戸郡月形町,67-1,141.687842,43.334568
字新生,樺戸郡月形町,52-2,141.687871,43.334586
字新生,樺戸郡月形町,53-3,141.688182,43.334505
字新生,樺戸郡月形町,53-2,141.688194,43.334475
字上美唄,樺戸郡月形町,3490-4,141.688601,43.334253
字新生,樺戸郡月形町,45,141.687509,43.334789
字上美唄,樺戸郡月形町,3497-2,141.687501,43.334632
字新生,樺戸郡月形町,44,141.686929,43.334965
字新生,樺戸郡月形町,49,141.687004,43.335262
字新生,樺戸郡月形町,50,141.686479,43.335158
字新生,樺戸郡月形町,48,141.68718,43.335498
字新生,樺戸郡月形町,81,141.687107,43.335376
字新生,樺戸郡月形町,43,141.687262,43.334882
字新生,樺戸郡月形町,52-1,141.68791,43.334878
字新生,樺戸郡月形町,66,141.688225,43.33565
字新生,樺戸郡月形町,75,141.688442,43.335885
字新生,樺戸郡月形町,40,141.687429,43.335847
字新生,樺戸郡月形町,17,141.687961,43.336598
字新生,樺戸郡月形町,46,141.688547,43.337272
字新生,樺戸郡月形町,36,141.687891,43.337497
字新生,樺戸郡月形町,35,141.687673,43.337578
字新生,樺戸郡月形町,37,141.687148,43.337699
字新生,樺戸郡月形町,72,141.687502,43.337288
字新生,樺戸郡月形町,38,141.686878,43.33733
字新生,樺戸郡月形町,32,141.686177,43.337912
字新生,樺戸郡月形町,34,141.686337,43.33764
字新生,樺戸郡月形町,30,141.685872,43.337759
字新生,樺戸郡月形町,31,141.685929,43.337924
字新生,樺戸郡月形町,39,141.685972,43.336393
字新生,樺戸郡月形町,80,141.686212,43.335466
字新生,樺戸郡月形町,73,141.685169,43.336553
字新生,樺戸郡月形町,65,141.684829,43.336149
字新生,樺戸郡月形町,25,141.685512,43.337719
字新生,樺戸郡月形町,22,141.684873,43.33789
字新生,樺戸郡月形町,71,141.685032,43.337674
字新生,樺戸郡月形町,26,141.68448,43.33765
字新生,樺戸郡月形町,62,141.686037,43.337846
字新生,樺戸郡月形町,27,141.684588,43.337109
字新生,樺戸郡月形町,78,141.683687,43.33715
字新生,樺戸郡月形町,64,141.683978,43.337635
字新生,樺戸郡月形町,16,141.682751,43.337225
字新生,樺戸郡月形町,28,141.684104,43.336469
字新生,樺戸郡月形町,79,141.683321,43.336167
字新生,樺戸郡月形町,29,141.684872,43.335776
字新生,樺戸郡月形町,41,141.685582,43.335504
字新生,樺戸郡月形町,10-1,141.678595,43.33779
字新生,樺戸郡月形町,10-3,141.678778,43.337731
字新生,樺戸郡月形町,14-1,141.679169,43.33745
字新生,樺戸郡月形町,2,141.679296,43.337749
字新生,樺戸郡月形町,1,141.678966,43.337792
字新生,樺戸郡月形町,14-2,141.679965,43.337933
字新生,樺戸郡月形町,13,141.680368,43.337767
字新生,樺戸郡月形町,76,141.680378,43.337841
字新生,樺戸郡月形町,15,141.681113,43.337561
字新生,樺戸郡月形町,77,141.682064,43.336546
字新生,樺戸郡月形町,63,141.682002,43.337516
字新生,樺戸郡月形町,70,141.682042,43.337513
字新生,樺戸郡月形町,8,141.682112,43.338088
字新生,樺戸郡月形町,7,141.681671,43.338268
字新生,樺戸郡月形町,11,141.68042,43.338568
字新生,樺戸郡月形町,68,141.680647,43.338413
字新生,樺戸郡月形町,6,141.680573,43.338329
字新生,樺戸郡月形町,5,141.67942,43.337944
字新生,樺戸郡月形町,4,141.679287,43.338329
字新生,樺戸郡月形町,10-2,141.678323,43.33797
,樺戸郡月形町,1521-3,141.679508,43.34064
,樺戸郡月形町,1521-4,141.679314,43.34065
,樺戸郡月形町,1521-6,141.679024,43.340828
,樺戸郡月形町,1521-5,141.679057,43.340615
,樺戸郡月形町,1521-10,141.678828,43.34058
,樺戸郡月形町,1521-11,141.678584,43.340543
,樺戸郡月形町,1521-7,141.678753,43.340782
,樺戸郡月形町,1521-1,141.679215,43.340759
,樺戸郡月形町,58-2,141.67879,43.340931
,樺戸郡月形町,58-3,141.678324,43.34092
,樺戸郡月形町,1521-9,141.678211,43.340684
,樺戸郡月形町,1521-8,141.678484,43.340733
,樺戸郡月形町,1521-12,141.678373,43.340512
,樺戸郡月形町,無地番-7011,141.677757,43.340489
,樺戸郡月形町,無地番-7010,141.677523,43.340273
,樺戸郡月形町,56-24,141.677158,43.340463
,樺戸郡月形町,56-36,141.677252,43.340713
,樺戸郡月形町,56-31,141.67715,43.340745
,樺戸郡月形町,56-26,141.677127,43.340624
,樺戸郡月形町,56-23,141.676963,43.340544
,樺戸郡月形町,水-7027,141.67641,43.34071
,樺戸郡月形町,56-22,141.676793,43.340627
,樺戸郡月形町,56-13,141.676677,43.340762
,樺戸郡月形町,56-25,141.67696,43.340684
,樺戸郡月形町,56-37,141.677063,43.340888
,樺戸郡月形町,56-14,141.67684,43.340797
,樺戸郡月形町,56-27,141.676842,43.340932
,樺戸郡月形町,56-30,141.676918,43.340974
,樺戸郡月形町,56-1,141.677156,43.341037
,樺戸郡月形町,56-15,141.67736,43.340826
,樺戸郡月形町,56-2,141.677232,43.340932
,樺戸郡月形町,無地番-7012,141.677978,43.340546
,樺戸郡月形町,無地番-7014,141.677662,43.340721
,樺戸郡月形町,58-1,141.678014,43.34109
,樺戸郡月形町,81-104,141.678161,43.341525
,樺戸郡月形町,58-5,141.677808,43.341383
,樺戸郡月形町,58-4,141.677601,43.341449
,樺戸郡月形町,56-39,141.677388,43.341221
,樺戸郡月形町,56-28,141.676942,43.341029
,樺戸郡月形町,56-38,141.677038,43.341143
,樺戸郡月形町,56-32,141.676885,43.341162
,樺戸郡月形町,56-12,141.676844,43.341373
,樺戸郡月形町,56-33,141.676725,43.341429
,樺戸郡月形町,56-11,141.676848,43.341545
,樺戸郡月形町,56-7,141.677203,43.341565
,樺戸郡月形町,56-29,141.677319,43.341416
,樺戸郡月形町,56-6,141.677018,43.341714
,樺戸郡月形町,56-9,141.676868,43.341767
,樺戸郡月形町,52-99,141.676703,43.342
,樺戸郡月形町,81-37,141.677166,43.342075
,樺戸郡月形町,81-122,141.677305,43.341952
,樺戸郡月形町,81-65,141.677321,43.341885
,樺戸郡月形町,81-45,141.677377,43.342035
,樺戸郡月形町,81-50,141.677676,43.342069
,樺戸郡月形町,81-51,141.677792,43.341973
,樺戸郡月形町,81-52,141.677683,43.341849
,樺戸郡月形町,81-49,141.677541,43.341914
,樺戸郡月形町,81-63,141.677757,43.341681
,樺戸郡月形町,81-119,141.67783,43.341781
,樺戸郡月形町,81-112,141.677972,43.34169
,樺戸郡月形町,81-83,141.678172,43.341632
,樺戸郡月形町,81-113,141.678045,43.341774
,樺戸郡月形町,81-110,141.678106,43.341843
,樺戸郡月形町,81-118,141.677966,43.341929
,樺戸郡月形町,81-120,141.677863,43.342054
字チクシベツ,樺戸郡月形町,203-391,141.678324,43.34209
字チクシベツ,樺戸郡月形町,203-390,141.678256,43.342012
,樺戸郡月形町,81-111,141.678198,43.341947
,樺戸郡月形町,81-82,141.678402,43.341898
字チクシベツ,樺戸郡月形町,203-263,141.678478,43.341985
字チクシベツ,樺戸郡月形町,203-267,141.678667,43.34201
字チクシベツ,樺戸郡月形町,203-269,141.678853,43.341972
字チクシベツ,樺戸郡月形町,203-373,141.678791,43.342019
字チクシベツ,樺戸郡月形町,203-400,141.678816,43.341927
字チクシベツ,樺戸郡月形町,203-268,141.678748,43.34185
字チクシベツ,樺戸郡月形町,203-372,141.678673,43.341886
,樺戸郡月形町,81-107,141.678601,43.341805
,樺戸郡月形町,81-87,141.678677,43.34177
,樺戸郡月形町,81-11,141.678761,43.341611
,樺戸郡月形町,81-86,141.678586,43.341667
,樺戸郡月形町,81-85,141.678513,43.341581
,樺戸郡月形町,81-105,141.678446,43.34161
,樺戸郡月形町,81-106,141.678508,43.341701
,樺戸郡月形町,81-84,141.678445,43.341758
,樺戸郡月形町,81-81,141.67831,43.341793
,樺戸郡月形町,81-88,141.67828,43.341571
,樺戸郡月形町,81-108,141.678351,43.341524
,樺戸郡月形町,81-89,141.678466,43.341533
,樺戸郡月形町,81-64,141.678399,43.341383
,樺戸郡月形町,道-7050,141.6784,43.34129
,樺戸郡月形町,81-79,141.678793,43.341331
,樺戸郡月形町,81-34,141.678597,43.341422
,樺戸郡月形町,81-78,141.678912,43.341487
字チクシベツ,樺戸郡月形町,203-276,141.679031,43.341727
字チクシベツ,樺戸郡月形町,203-401,141.679021,43.341838
字チクシベツ,樺戸郡月形町,203-275,141.679086,43.341922
字チクシベツ,樺戸郡月形町,203-376,141.679153,43.342096
字チクシベツ,樺戸郡月形町,203-402,141.679117,43.342014
字チクシベツ,樺戸郡月形町,203-80,141.68015,43.341897
,樺戸郡月形町,81-66,141.679932,43.341712
字チクシベツ,樺戸郡月形町,203-81,141.679556,43.341801
字チクシベツ,樺戸郡月形町,203-79,141.68058,43.341759
,樺戸郡月形町,81-10,141.681171,43.341448
,樺戸郡月形町,1522-2,141.679853,43.340809
,樺戸郡月形町,81-13,141.681967,43.340825
,樺戸郡月形町,81-72,141.682121,43.341503
,樺戸郡月形町,81-68,141.682477,43.341173
,樺戸郡月形町,81-91,141.683261,43.341866
,樺戸郡月形町,3669,141.683292,43.341763
字チクシベツ,樺戸郡月形町,203-279,141.683088,43.341669
,樺戸郡月形町,81-90,141.683032,43.341644
,樺戸郡月形町,89-1,141.683119,43.341163
,樺戸郡月形町,90-22,141.684093,43.341936
,樺戸郡月形町,88-2,141.684445,43.341646
,樺戸郡月形町,88-1,141.68458,43.341837
,樺戸郡月形町,90-5,141.685235,43.34114
,樺戸郡月形町,90-16,141.684936,43.341648
,樺戸郡月形町,90-13,141.685048,43.341523
,樺戸郡月形町,90-17,141.685109,43.341374
,樺戸郡月形町,90-23,141.684552,43.341347
字新生,樺戸郡月形町,12,141.682259,43.338427
字新生,樺戸郡月形町,69,141.683883,43.338118
字新生,樺戸郡月形町,9,141.684155,43.33809
字新生,樺戸郡月形町,18,141.683889,43.338273
字新生,樺戸郡月形町,24,141.68442,43.3382
字新生,樺戸郡月形町,21,141.684511,43.338184
字新生,樺戸郡月形町,20,141.684547,43.337981
字新生,樺戸郡月形町,23,141.685662,43.337989
字新生,樺戸郡月形町,33,141.686048,43.33793
,樺戸郡月形町,水-30,141.697624,43.338442
,樺戸郡月形町,3839,141.689589,43.339146
,樺戸郡月形町,3802-2,141.688439,43.340638
,樺戸郡月形町,3802-1,141.688049,43.340793
,樺戸郡月形町,3840,141.687848,43.34107
,樺戸郡月形町,3841,141.687721,43.340856
,樺戸郡月形町,3837,141.685369,43.340626
,樺戸郡月形町,3801,141.686328,43.340779
,樺戸郡月形町,3836,141.685331,43.340854
,樺戸郡月形町,90-3,141.686208,43.342108
,樺戸郡月形町,91-45,141.687029,43.341771
,樺戸郡月形町,90-8,141.687045,43.341954
,樺戸郡月形町,91-23,141.687338,43.341954
,樺戸郡月形町,91-46,141.687227,43.341874
,樺戸郡月形町,91-22,141.687454,43.342054
,樺戸郡月形町,91-21,141.687443,43.342108
,樺戸郡月形町,91-41,141.687586,43.342091
,樺戸郡月形町,91-33,141.687618,43.342097
,樺戸郡月形町,91-40,141.687684,43.342044
,樺戸郡月形町,91-30,141.687701,43.342058
,樺戸郡月形町,3800,141.687348,43.341307
,樺戸郡月形町,91-35,141.688442,43.34169
,樺戸郡月形町,91-28,141.688469,43.3417
,樺戸郡月形町,91-29,141.688269,43.341793
,樺戸郡月形町,91-39,141.688256,43.341777
,樺戸郡月形町,3842,141.687702,43.341963
,樺戸郡月形町,91-34,141.687871,43.341979
,樺戸郡月形町,91-42,141.687976,43.341908
,樺戸郡月形町,3819,141.688205,43.343002
字チクシベツ,樺戸郡月形町,203-284,141.687358,43.342394
字チクシベツ,樺戸郡月形町,203-282,141.687487,43.342334
,樺戸郡月形町,3854,141.687818,43.342215
字チクシベツ,樺戸郡月形町,203-283,141.687653,43.342257
,樺戸郡月形町,91-38,141.687553,43.342105
,樺戸郡月形町,91-32,141.687577,43.342116
,樺戸郡月形町,91-31,141.687472,43.342163
,樺戸郡月形町,90-21,141.68734,43.342225
字チクシベツ,樺戸郡月形町,203-285,141.686981,43.342571
,樺戸郡月形町,90-20,141.686717,43.342515
,樺戸郡月形町,90-19,141.686006,43.342847
,樺戸郡月形町,90-9,141.685938,43.342658
,樺戸郡月形町,道-7053,141.685344,43.343244
,樺戸郡月形町,3853,141.685846,43.34313
,樺戸郡月形町,3817,141.685836,43.344098
,樺戸郡月形町,3818,141.68666,43.343711
,樺戸郡月形町,3828,141.688547,43.34447
,樺戸郡月形町,3861,141.687165,43.344573
,樺戸郡月形町,3860,141.687131,43.344547
,樺戸郡月形町,3827,141.687444,43.344737
字アッカルシュナイ,樺戸郡月形町,1192-10,141.687773,43.344896
字アッカルシュナイ,樺戸郡月形町,1192-12,141.68776,43.345017
字アッカルシュナイ,樺戸郡月形町,1383-8,141.688431,43.345191
字アッカルシュナイ,樺戸郡月形町,1383-3,141.68818,43.345743
字アッカルシュナイ,樺戸郡月形町,1358-2,141.687332,43.345539
字アッカルシュナイ,樺戸郡月形町,1383-16,141.687798,43.346033
字アッカルシュナイ,樺戸郡月形町,1358-25,141.687747,43.345232
字アッカルシュナイ,樺戸郡月形町,1358-1,141.686648,43.345424
字アッカルシュナイ,樺戸郡月形町,1358-15,141.686906,43.345149
字アッカルシュナイ,樺戸郡月形町,1358-20,141.686095,43.345956
字アッカルシュナイ,樺戸郡月形町,1358-5,141.686243,43.345308
字アッカルシュナイ,樺戸郡月形町,1863-10,141.686042,43.346694
字アッカルシュナイ,樺戸郡月形町,1863-2,141.685765,43.347025
,樺戸郡月形町,3680,141.685937,43.345048
字チクシベツ,樺戸郡月形町,203-266,141.685898,43.34494
,樺戸郡月形町,3825,141.686421,43.34495
字アッカルシュナイ,樺戸郡月形町,1192-8,141.68609,43.345067
,樺戸郡月形町,3871,141.687628,43.345019
,樺戸郡月形町,3826,141.686654,43.344934
,樺戸郡月形町,3859,141.686949,43.34459
,樺戸郡月形町,3858,141.686946,43.344538
,樺戸郡月形町,3670-3,141.68571,43.344537
,樺戸郡月形町,3816,141.684765,43.344204
,樺戸郡月形町,3813-2,141.684562,43.34469
,樺戸郡月形町,3813-1,141.684532,43.34522
,樺戸郡月形町,3852,141.685526,43.345287
,樺戸郡月形町,3851,141.684473,43.3457
,樺戸郡月形町,3811,141.683466,43.345246
,樺戸郡月形町,3809,141.683912,43.345741
,樺戸郡月形町,3815,141.683565,43.345973
,樺戸郡月形町,3807,141.683563,43.345761
字チクシベツ,樺戸郡月形町,203-290,141.682907,43.346253
,樺戸郡月形町,3810,141.682664,43.345637
,樺戸郡月形町,3808,141.683298,43.345709
,樺戸郡月形町,3847,141.683041,43.345459
,樺戸郡月形町,3846,141.682737,43.345229
,樺戸郡月形町,3812,141.683007,43.344783
,樺戸郡月形町,3848,141.683816,43.34542
,樺戸郡月形町,3849,141.683779,43.344794
,樺戸郡月形町,水-7029,141.683672,43.342458
,樺戸郡月形町,85-1,141.683782,43.343271
,樺戸郡月形町,85-5,141.684046,43.343762
,樺戸郡月形町,3850,141.684074,43.343958
,樺戸郡月形町,3670-1,141.685092,43.343815
,樺戸郡月形町,3671,141.684345,43.342953
,樺戸郡月形町,90-18,141.685417,43.343122
,樺戸郡月形町,90-1,141.685002,43.342612
,樺戸郡月形町,90-15,141.685591,43.342275
,樺戸郡月形町,道-7056,141.683664,43.342162
,樺戸郡月形町,85-7,141.683299,43.342927
,樺戸郡月形町,85-6,141.682786,43.343219
字チクシベツ,樺戸郡月形町,203-286,141.682655,43.342952
,樺戸郡月形町,81-99,141.682972,43.342524
,樺戸郡月形町,81-98,141.683424,43.342249
,樺戸郡月形町,81-3,141.68256,43.342612
字チクシベツ,樺戸郡月形町,203-156,141.68266,43.342152
,樺戸郡月形町,81-4,141.681905,43.342274
,樺戸郡月形町,81-96,141.681179,43.342865
字チクシベツ,樺戸郡月形町,203-287,141.682387,43.343204
字チクシベツ,樺戸郡月形町,203-150,141.682174,43.343064
字チクシベツ,樺戸郡月形町,203-304,141.68197,43.343465
,樺戸郡月形町,81-95,141.682561,43.344038
,樺戸郡月形町,81-94,141.681432,43.344139
,樺戸郡月形町,81-97,141.681256,43.343472
字チクシベツ,樺戸郡月形町,203-324,141.680808,43.344124
字チクシベツ,樺戸郡月形町,203-367,141.680648,43.344015
字チクシベツ,樺戸郡月形町,203-368,141.680355,43.343991
字チクシベツ,樺戸郡月形町,203-305,141.679701,43.343914
字チクシベツ,樺戸郡月形町,203-136,141.679926,43.343722
字チクシベツ,樺戸郡月形町,203-330,141.679857,43.34341
字チクシベツ,樺戸郡月形町,203-328,141.68006,43.343645
字チクシベツ,樺戸郡月形町,203-369,141.680198,43.343647
字チクシベツ,樺戸郡月形町,203-141,141.68,43.343283
字チクシベツ,樺戸郡月形町,203-9,141.680374,43.343204
字チクシベツ,樺戸郡月形町,203-329,141.679705,43.343235
字チクシベツ,樺戸郡月形町,203-281,141.679678,43.342875
字チクシベツ,樺戸郡月形町,203-78,141.680363,43.342417
,樺戸郡月形町,81-100,141.679354,43.342331
字チクシベツ,樺戸郡月形町,203-377,141.679235,43.342303
字チクシベツ,樺戸郡月形町,203-84,141.679235,43.34219
字チクシベツ,樺戸郡月形町,203-371,141.678967,43.342284
,樺戸郡月形町,81-101,141.679144,43.342381
字チクシベツ,樺戸郡月形町,203-332,141.67906,43.342482
字チクシベツ,樺戸郡月形町,203-366,141.679338,43.342662
字チクシベツ,樺戸郡月形町,203-280,141.679304,43.342451
字チクシベツ,樺戸郡月形町,203-370,141.679568,43.342923
字チクシベツ,樺戸郡月形町,203-333,141.679491,43.342984
字チクシベツ,樺戸郡月形町,203-326,141.679622,43.343139
字チクシベツ,樺戸郡月形町,203-327,141.67938,43.342884
字チクシベツ,樺戸郡月形町,203-192,141.679137,43.342996
字チクシベツ,樺戸郡月形町,203-380,141.678527,43.343032
字チクシベツ,樺戸郡月形町,203-162,141.678348,43.343114
字チクシベツ,樺戸郡月形町,203-133,141.678777,43.342696
,樺戸郡月形町,81-115,141.678279,43.342381
,樺戸郡月形町,81-109,141.678333,43.34239
字チクシベツ,樺戸郡月形町,203-265,141.678727,43.342282
字チクシベツ,樺戸郡月形町,203-374,141.678882,43.34215
字チクシベツ,樺戸郡月形町,203-264,141.678608,43.342133
字チクシベツ,樺戸郡月形町,203-392,141.678441,43.342223
字チクシベツ,樺戸郡月形町,203-396,141.678289,43.342304
字チクシベツ,樺戸郡月形町,203-395,141.678168,43.342173
字チクシベツ,樺戸郡月形町,203-406,141.677853,43.342216
字チクシベツ,樺戸郡月形町,203-407,141.67796,43.34217
字チクシベツ,樺戸郡月形町,203-405,141.678025,43.34224
字チクシベツ,樺戸郡月形町,203-234,141.678136,43.34232
,樺戸郡月形町,81-114,141.678078,43.342393
字チクシベツ,樺戸郡月形町,203-397,141.67812,43.342435
字チクシベツ,樺戸郡月形町,203-389,141.677977,43.342467
,樺戸郡月形町,81-29,141.677918,43.342398
字チクシベツ,樺戸郡月形町,203-388,141.677754,43.342528
,樺戸郡月形町,81-121,141.677492,43.34245
字チクシベツ,樺戸郡月形町,203-167,141.677455,43.342403
,樺戸郡月形町,81-116,141.67755,43.342232
,樺戸郡月形町,81-53,141.677564,43.342257
字チクシベツ,樺戸郡月形町,203-229,141.677845,43.342306
字チクシベツ,樺戸郡月形町,203-394,141.677658,43.342282
,樺戸郡月形町,81-54,141.67774,43.342195
,樺戸郡月形町,81-117,141.67771,43.342163
,樺戸郡月形町,81-44,141.677479,43.342152
,樺戸郡月形町,81-41,141.677337,43.342272
字チクシベツ,樺戸郡月形町,203-393,141.676792,43.342131
字チクシベツ,樺戸郡月形町,203-31,141.67685,43.34242
字チクシベツ,樺戸郡月形町,203-88,141.676588,43.342596
字チクシベツ,樺戸郡月形町,203-233,141.677086,43.342698
字チクシベツ,樺戸郡月形町,203-170,141.676898,43.342658
字チクシベツ,樺戸郡月形町,203-231,141.676861,43.34281
字チクシベツ,樺戸郡月形町,203-232,141.676984,43.342768
字チクシベツ,樺戸郡月形町,203-159,141.677234,43.343042
字チクシベツ,樺戸郡月形町,203-173,141.67761,43.342585
字チクシベツ,樺戸郡月形町,203-147,141.678077,43.342876
字チクシベツ,樺戸郡月形町,203-172,141.677942,43.342943
字チクシベツ,樺戸郡月形町,203-171,141.67816,43.343231
字チクシベツ,樺戸郡月形町,203-96,141.677557,43.343531
字チクシベツ,樺戸郡月形町,203-384,141.677461,43.343442
字チクシベツ,樺戸郡月形町,203-197,141.67731,43.34327
字チクシベツ,樺戸郡月形町,203-145,141.67691,43.343592
字チクシベツ,樺戸郡月形町,203-385,141.67695,43.343884
字チクシベツ,樺戸郡月形町,203-95,141.677162,43.344047
字チクシベツ,樺戸郡月形町,203-296,141.67788,43.344105
字チクシベツ,樺戸郡月形町,203-198,141.678304,43.344118
字チクシベツ,樺戸郡月形町,203-169,141.678877,43.34406
字チクシベツ,樺戸郡月形町,道-7186,141.67867,43.344027
字チクシベツ,樺戸郡月形町,203-191,141.678758,43.343916
字チクシベツ,樺戸郡月形町,203-164,141.678619,43.343753
字チクシベツ,樺戸郡月形町,203-165,141.678467,43.343576
字チクシベツ,樺戸郡月形町,203-174,141.678376,43.34347
字チクシベツ,樺戸郡月形町,203-163,141.678308,43.343391
字チクシベツ,樺戸郡月形町,203-137,141.679176,43.343488
字チクシベツ,樺戸郡月形町,203-142,141.678746,43.343342
字チクシベツ,樺戸郡月形町,203-134,141.679278,43.343159
字チクシベツ,樺戸郡月形町,203-139,141.679323,43.343658
字チクシベツ,樺戸郡月形町,203-306,141.679629,43.343834
字チクシベツ,樺戸郡月形町,203-225,141.679463,43.343796
字チクシベツ,樺戸郡月形町,203-144,141.679315,43.343862
字チクシベツ,樺戸郡月形町,203-238,141.679232,43.344012
字チクシベツ,樺戸郡月形町,203-239,141.679144,43.343939
字チクシベツ,樺戸郡月形町,203-166,141.678991,43.344008
字チクシベツ,樺戸郡月形町,203-157,141.679188,43.344141
字チクシベツ,樺戸郡月形町,203-236,141.679398,43.344049
字チクシベツ,樺戸郡月形町,203-237,141.679092,43.344184
字チクシベツ,樺戸郡月形町,203-168,141.678994,43.344197
,樺戸郡月形町,203-224,141.679106,43.344325
,樺戸郡月形町,203-223,141.679294,43.344541
,樺戸郡月形町,81-58,141.679548,43.344823
字チクシベツ,樺戸郡月形町,203-261,141.679451,43.344709
字チクシベツ,樺戸郡月形町,203-190,141.679431,43.344728
,樺戸郡月形町,81-38,141.679524,43.344836
字チクシベツ,樺戸郡月形町,203-28,141.679018,43.344919
字チクシベツ,樺戸郡月形町,203-117,141.678827,43.345105
字チクシベツ,樺戸郡月形町,203-128,141.678623,43.345358
字チクシベツ,樺戸郡月形町,203-15,141.678261,43.344603
字チクシベツ,樺戸郡月形町,203-202,141.678748,43.344605
字チクシベツ,樺戸郡月形町,203-201,141.678597,43.344465
字チクシベツ,樺戸郡月形町,203-334,141.67805,43.344311
字チクシベツ,樺戸郡月形町,203-335,141.677818,43.344489
字チクシベツ,樺戸郡月形町,203-336,141.677778,43.344668
字チクシベツ,樺戸郡月形町,203-365,141.677566,43.344636
字チクシベツ,樺戸郡月形町,203-160,141.677378,43.344188
字チクシベツ,樺戸郡月形町,203-295,141.677337,43.344379
字チクシベツ,樺戸郡月形町,203-364,141.677404,43.344775
字チクシベツ,樺戸郡月形町,203-361,141.677272,43.344912
字チクシベツ,樺戸郡月形町,203-360,141.677047,43.345043
字チクシベツ,樺戸郡月形町,203-297,141.676758,43.344983
字チクシベツ,樺戸郡月形町,203-359,141.677244,43.345194
字チクシベツ,樺戸郡月形町,203-341,141.677449,43.345147
字チクシベツ,樺戸郡月形町,203-340,141.677473,43.345167
字チクシベツ,樺戸郡月形町,203-352,141.677728,43.345209
字チクシベツ,樺戸郡月形町,203-351,141.677788,43.344992
字チクシベツ,樺戸郡月形町,203-200,141.677484,43.345051
字チクシベツ,樺戸郡月形町,203-362,141.67747,43.344941
字チクシベツ,樺戸郡月形町,203-363,141.677648,43.344805
字チクシベツ,樺戸郡月形町,203-338,141.677771,43.344778
字チクシベツ,樺戸郡月形町,203-339,141.677661,43.344913
字チクシベツ,樺戸郡月形町,203-350,141.677887,43.344876
字チクシベツ,樺戸郡月形町,203-199,141.678079,43.344843
字チクシベツ,樺戸郡月形町,203-337,141.678138,43.345087
字チクシベツ,樺戸郡月形町,203-349,141.677933,43.345106
字チクシベツ,樺戸郡月形町,203-104,141.677952,43.345441
字チクシベツ,樺戸郡月形町,203-205,141.677732,43.345562
字チクシベツ,樺戸郡月形町,203-348,141.677605,43.345361
字チクシベツ,樺戸郡月形町,203-358,141.676782,43.34525
字チクシベツ,樺戸郡月形町,203-357,141.676991,43.345389
字チクシベツ,樺戸郡月形町,203-353,141.676969,43.345619
字チクシベツ,樺戸郡月形町,203-346,141.677191,43.34566
字チクシベツ,樺戸郡月形町,203-347,141.677407,43.345517
字チクシベツ,樺戸郡月形町,203-345,141.677001,43.345833
字チクシベツ,樺戸郡月形町,203-344,141.676789,43.346001
字チクシベツ,樺戸郡月形町,203-29,141.677277,43.346047
字チクシベツ,樺戸郡月形町,203-259,141.677582,43.346258
字チクシベツ,樺戸郡月形町,203-103,141.677674,43.345902
字チクシベツ,樺戸郡月形町,203-107,141.677855,43.346154
字チクシベツ,樺戸郡月形町,203-14,141.678157,43.345996
字チクシベツ,樺戸郡月形町,203-111,141.678544,43.346038
字チクシベツ,樺戸郡月形町,203-123,141.678373,43.34633
字チクシベツ,樺戸郡月形町,203-122,141.678633,43.346171
字チクシベツ,樺戸郡月形町,203-110,141.678767,43.346199
字チクシベツ,樺戸郡月形町,203-301,141.67884,43.346022
字チクシベツ,樺戸郡月形町,203-303,141.67873,43.346056
字チクシベツ,樺戸郡月形町,203-308,141.678573,43.345871
字チクシベツ,樺戸郡月形町,203-309,141.678651,43.345996
字チクシベツ,樺戸郡月形町,203-322,141.678918,43.345876
字チクシベツ,樺戸郡月形町,203-204,141.678706,43.346039
字チクシベツ,樺戸郡月形町,203-310,141.678827,43.345801
字チクシベツ,樺戸郡月形町,203-314,141.678662,43.345776
字チクシベツ,樺戸郡月形町,203-116,141.678241,43.345722
字チクシベツ,樺戸郡月形町,203-307,141.67833,43.345614
字チクシベツ,樺戸郡月形町,203-105,141.678262,43.345281
字チクシベツ,樺戸郡月形町,203-124,141.678837,43.345612
字チクシベツ,樺戸郡月形町,203-315,141.678574,43.345701
字チクシベツ,樺戸郡月形町,203-313,141.678709,43.345706
字チクシベツ,樺戸郡月形町,203-311,141.678966,43.345744
字チクシベツ,樺戸郡月形町,203-312,141.679101,43.345688
字チクシベツ,樺戸郡月形町,203-127,141.679376,43.345373
字チクシベツ,樺戸郡月形町,203-118,141.679611,43.345544
字チクシベツ,樺戸郡月形町,203-126,141.679422,43.345652
字チクシベツ,樺戸郡月形町,203-113,141.679549,43.345769
字チクシベツ,樺戸郡月形町,203-203,141.679265,43.345742
字チクシベツ,樺戸郡月形町,203-323,141.679099,43.345774
字チクシベツ,樺戸郡月形町,203-321,141.67898,43.345878
字チクシベツ,樺戸郡月形町,203-302,141.679033,43.345851
字チクシベツ,樺戸郡月形町,203-317,141.679001,43.345922
字チクシベツ,樺戸郡月形町,203-320,141.678981,43.345892
字チクシベツ,樺戸郡月形町,203-300,141.678963,43.345924
字チクシベツ,樺戸郡月形町,203-319,141.678957,43.345955
字チクシベツ,樺戸郡月形町,203-112,141.679277,43.345895
,樺戸郡月形町,3687,141.679226,43.346121
字チクシベツ,樺戸郡月形町,203-316,141.679136,43.346054
字チクシベツ,樺戸郡月形町,203-298,141.679008,43.345968
字チクシベツ,樺戸郡月形町,203-318,141.679095,43.34609
字チクシベツ,樺戸郡月形町,203-299,141.678942,43.34609
,樺戸郡月形町,60-79,141.679304,43.346235
,樺戸郡月形町,60-22,141.679565,43.346111
,樺戸郡月形町,60-78,141.679461,43.346236
,樺戸郡月形町,60-77,141.67967,43.34622
,樺戸郡月形町,60-23,141.679837,43.346037
,樺戸郡月形町,60-99,141.679988,43.345911
,樺戸郡月形町,77-6,141.680591,43.346026
,樺戸郡月形町,77-3,141.680525,43.345992
,樺戸郡月形町,77-2,141.681139,43.345728
,樺戸郡月形町,81-1,141.680031,43.345233
,樺戸郡月形町,81-43,141.680077,43.345477
,樺戸郡月形町,81-62,141.680102,43.345464
,樺戸郡月形町,81-35,141.680146,43.345442
,樺戸郡月形町,81-46,141.680329,43.345496
,樺戸郡月形町,81-48,141.680228,43.345544
字チクシベツ,樺戸郡月形町,203-114,141.679639,43.345624
,樺戸郡月形町,81-61,141.679935,43.345272
,樺戸郡月形町,81-42,141.679908,43.345281
,樺戸郡月形町,81-59,141.679796,43.345112
,樺戸郡月形町,81-39,141.679749,43.345096
,樺戸郡月形町,81-40,141.679616,43.344939
,樺戸郡月形町,81-60,141.679686,43.344983
,樺戸郡月形町,81-93,141.680361,43.345213
,樺戸郡月形町,81-12,141.680072,43.34496
,樺戸郡月形町,81-36,141.679858,43.34485
字チクシベツ,樺戸郡月形町,203-87,141.679889,43.344527
字チクシベツ,樺戸郡月形町,203-135,141.679818,43.344243
字チクシベツ,樺戸郡月形町,203-75,141.680098,43.344606
字チクシベツ,樺戸郡月形町,203-325,141.680576,43.344225
,樺戸郡月形町,81-2,141.680988,43.34422
,樺戸郡月形町,81-103,141.68095,43.344633
,樺戸郡月形町,81-102,141.681073,43.344599
,樺戸郡月形町,81-92,141.680681,43.344904
,樺戸郡月形町,81-47,141.682018,43.344707
字チクシベツ,樺戸郡月形町,203-292,141.682277,43.344759
字チクシベツ,樺戸郡月形町,203-293,141.682225,43.344784
字チクシベツ,樺戸郡月形町,203-291,141.682122,43.344833
字チクシベツ,樺戸郡月形町,203-288,141.682016,43.344942
字チクシベツ,樺戸郡月形町,水-7074,141.682005,43.345126
,樺戸郡月形町,77-7,141.682016,43.345507
字チクシベツ,樺戸郡月形町,203-289,141.68222,43.345696
,樺戸郡月形町,77-8,141.681999,43.345908
,樺戸郡月形町,77-1,141.681721,43.346422
,樺戸郡月形町,77-5,141.680875,43.346348
,樺戸郡月形町,77-4,141.681407,43.346959
,樺戸郡月形町,75-18,141.681919,43.347261
,樺戸郡月形町,75-4,141.681737,43.347285
,樺戸郡月形町,75-13,141.681957,43.347339
,樺戸郡月形町,道-7058,141.68214,43.3468
,樺戸郡月形町,75-2,141.682521,43.346912
,樺戸郡月形町,75-3,141.682531,43.347235
,樺戸郡月形町,75-20,141.682472,43.347462
,樺戸郡月形町,75-8,141.682492,43.347552
,樺戸郡月形町,75-19,141.682301,43.347471
,樺戸郡月形町,75-12,141.682111,43.34752
,樺戸郡月形町,75-17,141.681957,43.347595
,樺戸郡月形町,75-11,141.682028,43.347686
,樺戸郡月形町,75-16,141.682191,43.347704
,樺戸郡月形町,75-7,141.682215,43.347829
,樺戸郡月形町,75-15,141.682418,43.347812
,樺戸郡月形町,75-10,141.682431,43.347736
,樺戸郡月形町,75-9,141.68255,43.347658
,樺戸郡月形町,75-14,141.682568,43.347881
,樺戸郡月形町,75-27,141.682493,43.347919
,樺戸郡月形町,75-6,141.682413,43.347869
,樺戸郡月形町,75-23,141.682385,43.34784
,樺戸郡月形町,75-22,141.682304,43.347981
,樺戸郡月形町,75-1,141.682401,43.34807
,樺戸郡月形町,60-94,141.682148,43.348274
,樺戸郡月形町,1011-231,141.682146,43.348042
,樺戸郡月形町,60-6,141.681569,43.347999
,樺戸郡月形町,60-68,141.681948,43.348353
,樺戸郡月形町,60-31,141.681099,43.348235
,樺戸郡月形町,60-7,141.680771,43.347581
,樺戸郡月形町,60-67,141.681075,43.348316
,樺戸郡月形町,60-66,141.680907,43.34831
,樺戸郡月形町,60-57,141.68048,43.348291
,樺戸郡月形町,60-65,141.680081,43.348276
,樺戸郡月形町,60-58,141.680041,43.348276
,樺戸郡月形町,60-56,141.679662,43.348261
,樺戸郡月形町,60-1,141.679702,43.34812
,樺戸郡月形町,60-19,141.67978,43.347895
,樺戸郡月形町,60-8,141.680337,43.347382
,樺戸郡月形町,60-10,141.680091,43.34712
,樺戸郡月形町,60-100,141.680044,43.347444
,樺戸郡月形町,60-9,141.680437,43.346538
,樺戸郡月形町,60-30,141.680687,43.346546
,樺戸郡月形町,道-7054,141.680915,43.346622
,樺戸郡月形町,60-11,141.67979,43.346645
,樺戸郡月形町,60-80,141.679382,43.346373
,樺戸郡月形町,60-32,141.678979,43.346368
,樺戸郡月形町,60-95,141.679008,43.346466
,樺戸郡月形町,60-21,141.679182,43.346504
,樺戸郡月形町,60-96,141.678972,43.346716
,樺戸郡月形町,道-8,141.679391,43.348304
,樺戸郡月形町,60-83,141.678812,43.346772
,樺戸郡月形町,60-113,141.678566,43.346834
,樺戸郡月形町,60-112,141.678621,43.346906
,樺戸郡月形町,60-20,141.678823,43.346981
,樺戸郡月形町,60-12,141.679354,43.347055
,樺戸郡月形町,60-34,141.678407,43.347165
,樺戸郡月形町,60-35,141.678172,43.346774
,樺戸郡月形町,60-85,141.678517,43.346651
,樺戸郡月形町,60-86,141.678445,43.346701
,樺戸郡月形町,60-33,141.678353,43.346692
,樺戸郡月形町,60-84,141.678654,43.346762
,樺戸郡月形町,60-98,141.678686,43.346553
,樺戸郡月形町,60-97,141.678869,43.346454
字チクシベツ,樺戸郡月形町,203-109,141.678236,43.346241
字チクシベツ,樺戸郡月形町,203-262,141.678055,43.346374
字チクシベツ,樺戸郡月形町,203-108,141.678178,43.346487
字チクシベツ,樺戸郡月形町,203-248,141.677865,43.346591
字チクシベツ,樺戸郡月形町,203-247,141.677669,43.34672
字チクシベツ,樺戸郡月形町,203-252,141.677502,43.346604
字チクシベツ,樺戸郡月形町,203-253,141.677772,43.346457
字チクシベツ,樺戸郡月形町,203-13,141.677594,43.34613
字チクシベツ,樺戸郡月形町,203-258,141.677379,43.346368
字チクシベツ,樺戸郡月形町,203-257,141.677171,43.346479
字チクシベツ,樺戸郡月形町,203-375,141.67707,43.34641
字チクシベツ,樺戸郡月形町,203-256,141.676971,43.346588
字チクシベツ,樺戸郡月形町,203-255,141.676833,43.346635
字チクシベツ,樺戸郡月形町,203-254,141.677551,43.34645
字チクシベツ,樺戸郡月形町,203-251,141.677318,43.346701
字チクシベツ,樺戸郡月形町,203-245,141.677205,43.346959
字チクシベツ,樺戸郡月形町,203-250,141.677134,43.346799
字チクシベツ,樺戸郡月形町,203-249,141.677058,43.346906
字チクシベツ,樺戸郡月形町,203-228,141.677074,43.346976
字チクシベツ,樺戸郡月形町,203-221,141.676916,43.346817
,樺戸郡月形町,1011-213,141.676975,43.347122
,樺戸郡月形町,1011-392,141.676943,43.347128
,樺戸郡月形町,1011-43,141.676941,43.347194
,樺戸郡月形町,60-54,141.677263,43.347252
,樺戸郡月形町,60-64,141.67732,43.34732
,樺戸郡月形町,60-43,141.677413,43.347248
,樺戸郡月形町,60-39,141.677597,43.347211
,樺戸郡月形町,60-51,141.677733,43.347247
,樺戸郡月形町,60-90,141.677746,43.347189
,樺戸郡月形町,60-89,141.677735,43.347158
,樺戸郡月形町,60-53,141.677711,43.347056
,樺戸郡月形町,60-93,141.677573,43.347055
,樺戸郡月形町,60-92,141.677613,43.347106
,樺戸郡月形町,60-91,141.677634,43.347142
字チクシベツ,樺戸郡月形町,203-246,141.677457,43.346829
,樺戸郡月形町,60-36,141.677916,43.346986
,樺戸郡月形町,3686,141.678239,43.346614
,樺戸郡月形町,60-50,141.678097,43.346869
,樺戸郡月形町,60-38,141.678098,43.347046
,樺戸郡月形町,60-82,141.677794,43.347216
,樺戸郡月形町,60-37,141.677888,43.347275
,樺戸郡月形町,60-2,141.678144,43.347226
,樺戸郡月形町,60-49,141.677997,43.347369
,樺戸郡月形町,60-102,141.678241,43.347627
,樺戸郡月形町,60-3,141.677972,43.347764
,樺戸郡月形町,60-103,141.677758,43.34773
,樺戸郡月形町,60-104,141.677801,43.347577
,樺戸郡月形町,60-61,141.677652,43.347745
,樺戸郡月形町,1011-256,141.67747,43.347721
,樺戸郡月形町,1011-146,141.677408,43.347681
,樺戸郡月形町,60-105,141.677695,43.347515
,樺戸郡月形町,60-106,141.677542,43.347414
,樺戸郡月形町,60-107,141.67752,43.347331
,樺戸郡月形町,60-63,141.677397,43.347422
,樺戸郡月形町,60-62,141.677417,43.347449
,樺戸郡月形町,1011-226,141.677268,43.347482
,樺戸郡月形町,60-116,141.677104,43.347578
,樺戸郡月形町,1011-147,141.677383,43.347639
,樺戸郡月形町,60-115,141.678125,43.348288
,樺戸郡月形町,60-101,141.678144,43.347859
,樺戸郡月形町,60-69,141.678857,43.348108
,樺戸郡月形町,60-70,141.678661,43.348142
,樺戸郡月形町,60-111,141.678754,43.348032
,樺戸郡月形町,60-40,141.678924,43.34798
,樺戸郡月形町,60-109,141.678703,43.347873
,樺戸郡月形町,60-75,141.67862,43.347946
,樺戸郡月形町,60-74,141.678524,43.347888
,樺戸郡月形町,60-71,141.678503,43.348078
,樺戸郡月形町,60-73,141.678331,43.348088
,樺戸郡月形町,60-72,141.678269,43.34798
,樺戸郡月形町,60-59,141.678481,43.348198
,樺戸郡月形町,60-76,141.67842,43.34783
,樺戸郡月形町,60-110,141.678546,43.347785
,樺戸郡月形町,60-16,141.678971,43.347546
,樺戸郡月形町,60-17,141.679144,43.347837
,樺戸郡月形町,60-18,141.679489,43.347876
,樺戸郡月形町,60-108,141.678957,43.348123
,樺戸郡月形町,60-60,141.679205,43.348238
,樺戸郡月形町,60-15,141.67945,43.348144
,樺戸郡月形町,1011-257,141.679274,43.348399
,樺戸郡月形町,1011-227,141.678901,43.348348
,樺戸郡月形町,1011-44,141.679679,43.348597
,樺戸郡月形町,60-114,141.679009,43.348661
,樺戸郡月形町,1011-96,141.67927,43.348997
,樺戸郡月形町,1011-148,141.677917,43.348925
,樺戸郡月形町,60-81,141.677346,43.348204
,樺戸郡月形町,1011-97,141.677113,43.348768
字豊ケ丘,樺戸郡月形町,1612-4,141.677528,43.348689
,樺戸郡月形町,1011-183,141.677342,43.3489
,樺戸郡月形町,1011-182,141.677504,43.349058
,樺戸郡月形町,1011-149,141.67867,43.350108
字豊ケ丘,樺戸郡月形町,1612-3,141.679048,43.349642
,樺戸郡月形町,66-14,141.679599,43.349756
,樺戸郡月形町,66-10,141.681199,43.349712
,樺戸郡月形町,66-8,141.680491,43.349672
,樺戸郡月形町,66-18,141.680019,43.348458
,樺戸郡月形町,66-54,141.680033,43.348404
,樺戸郡月形町,66-50,141.680084,43.348393
,樺戸郡月形町,66-19,141.680611,43.348766
,樺戸郡月形町,66-56,141.680185,43.348422
,樺戸郡月形町,66-52,141.680566,43.348413
,樺戸郡月形町,60-4,141.680911,43.349245
,樺戸郡月形町,66-47,141.681838,43.348979
,樺戸郡月形町,66-6,141.681347,43.348882
,樺戸郡月形町,66-55,141.681589,43.348468
,樺戸郡月形町,66-53,141.681975,43.348473
,樺戸郡月形町,66-59,141.682173,43.348698
,樺戸郡月形町,66-58,141.682028,43.34862
,樺戸郡月形町,66-66,141.682408,43.348523
,樺戸郡月形町,66-51,141.682406,43.348494
,樺戸郡月形町,1011-387,141.682434,43.349103
,樺戸郡月形町,66-65,141.682662,43.348659
,樺戸郡月形町,66-7,141.682365,43.348651
,樺戸郡月形町,道-13,141.68195,43.348939
,樺戸郡月形町,66-46,141.681989,43.348986
,樺戸郡月形町,73-8,141.682108,43.349482
,樺戸郡月形町,1011-328,141.682407,43.349228
,樺戸郡月形町,1011-327,141.682476,43.349251
,樺戸郡月形町,1011-188,141.682577,43.349185
,樺戸郡月形町,1011-360,141.682603,43.349349
,樺戸郡月形町,73-3,141.682406,43.349497
,樺戸郡月形町,60-87,141.681638,43.349532
,樺戸郡月形町,60-88,141.681655,43.349418
,樺戸郡月形町,66-64,141.681395,43.34963
,樺戸郡月形町,66-49,141.681245,43.349933
,樺戸郡月形町,66-25,141.681683,43.349893
,樺戸郡月形町,66-62,141.68183,43.350129
,樺戸郡月形町,66-60,141.68151,43.349937
,樺戸郡月形町,66-45,141.681633,43.350136
,樺戸郡月形町,道-11,141.681384,43.349956
,樺戸郡月形町,66-48,141.681304,43.350029
,樺戸郡月形町,66-1,141.681258,43.350341
,樺戸郡月形町,水-11,141.681834,43.349798
,樺戸郡月形町,66-61,141.681672,43.350359
,樺戸郡月形町,66-57,141.681682,43.350347
,樺戸郡月形町,73-4,141.682196,43.350482
,樺戸郡月形町,73-7,141.682111,43.350398
,樺戸郡月形町,66-63,141.682024,43.350153
,樺戸郡月形町,73-1,141.682461,43.350022
字豊ケ丘,樺戸郡月形町,1598-1,141.682875,43.350452
,樺戸郡月形町,1011-297,141.683087,43.349471
,樺戸郡月形町,1011-298,141.683282,43.349532
,樺戸郡月形町,1011-56,141.68312,43.349732
,樺戸郡月形町,1011-299,141.683462,43.349588
,樺戸郡月形町,1011-296,141.683415,43.349406
,樺戸郡月形町,1011-300,141.683641,43.349646
,樺戸郡月形町,1011-316,141.684003,43.349397
,樺戸郡月形町,1011-314,141.684094,43.349605
,樺戸郡月形町,1011-266,141.684001,43.34976
,樺戸郡月形町,1011-265,141.683819,43.349703
字豊ケ丘,樺戸郡月形町,1596-5,141.683624,43.350264
,樺戸郡月形町,1011-269,141.684517,43.349926
,樺戸郡月形町,1011-268,141.684617,43.350162
,樺戸郡月形町,1011-270,141.684698,43.349984
,樺戸郡月形町,1011-274,141.685419,43.350214
,樺戸郡月形町,1011-273,141.685239,43.350156
,樺戸郡月形町,1011-277,141.685458,43.350046
,樺戸郡月形町,1011-272,141.685059,43.350099
,樺戸郡月形町,1011-271,141.684878,43.350041
,樺戸郡月形町,1011-40,141.685835,43.350546
,樺戸郡月形町,1011-279,141.684878,43.34968
,樺戸郡月形町,1011-280,141.685059,43.349736
,樺戸郡月形町,1011-281,141.685241,43.349795
,樺戸郡月形町,1011-282,141.685421,43.349852
,樺戸郡月形町,1011-285,141.685368,43.349638
,樺戸郡月形町,1011-288,141.685424,43.349486
,樺戸郡月形町,1011-287,141.685215,43.34942
,樺戸郡月形町,1011-190,141.684626,43.349424
,樺戸郡月形町,1011-278,141.684694,43.349619
,樺戸郡月形町,1011-267,141.684188,43.349823
,樺戸郡月形町,1011-318,141.684373,43.349518
,樺戸郡月形町,1011-317,141.684186,43.349457
,樺戸郡月形町,1011-173,141.684467,43.348946
,樺戸郡月形町,1011-347,141.684212,43.349119
,樺戸郡月形町,1011-172,141.684789,43.348938
,樺戸郡月形町,1011-349,141.68483,43.349149
,樺戸郡月形町,1011-348,141.684632,43.349237
,樺戸郡月形町,1011-286,141.684959,43.349342
,樺戸郡月形町,1011-290,141.685191,43.349216
,樺戸郡月形町,1011-390,141.685077,43.349425
,樺戸郡月形町,1011-291,141.685424,43.349293
,樺戸郡月形町,1011-189,141.685619,43.349153
,樺戸郡月形町,1011-293,141.684992,43.348929
,樺戸郡月形町,1011-294,141.685126,43.348775
,樺戸郡月形町,1011-295,141.685366,43.348842
,樺戸郡月形町,1011-234,141.685538,43.348713
,樺戸郡月形町,1011-216,141.685492,43.34857
,樺戸郡月形町,1011-215,141.685418,43.348612
,樺戸郡月形町,1011-218,141.68489,43.348741
,樺戸郡月形町,1011-228,141.684743,43.348835
,樺戸郡月形町,1011-219,141.684502,43.348677
,樺戸郡月形町,1011-365,141.684323,43.348683
,樺戸郡月形町,1011-229,141.684263,43.3488
,樺戸郡月形町,1011-389,141.683283,43.348462
,樺戸郡月形町,1011-362,141.683521,43.348589
,樺戸郡月形町,1011-54,141.683471,43.348728
,樺戸郡月形町,1011-241,141.683717,43.348804
,樺戸郡月形町,1011-180,141.683685,43.348851
,樺戸郡月形町,1011-240,141.683779,43.348687
,樺戸郡月形町,1011-366,141.684198,43.348645
,樺戸郡月形町,1011-367,141.684121,43.34874
,樺戸郡月形町,1011-174,141.683968,43.348967
,樺戸郡月形町,1011-329,141.683941,43.349114
,樺戸郡月形町,1011-55,141.684068,43.349105
,樺戸郡月形町,1011-319,141.684046,43.349216
,樺戸郡月形町,1011-315,141.683825,43.349341
,樺戸郡月形町,1011-336,141.683644,43.349284
,樺戸郡月形町,1011-335,141.683464,43.349228
,樺戸郡月形町,1011-187,141.683582,43.348998
,樺戸郡月形町,1011-308,141.683323,43.348971
,樺戸郡月形町,1011-334,141.6833,43.349223
,樺戸郡月形町,1011-361,141.682756,43.349262
,樺戸郡月形町,1011-340,141.682836,43.349127
,樺戸郡月形町,1011-310,141.682568,43.349009
,樺戸郡月形町,1011-309,141.683102,43.348861
,樺戸郡月形町,1011-388,141.682632,43.348442
字アッカルシュナイ,樺戸郡月形町,1250-9,141.682979,43.34812
,樺戸郡月形町,75-25,141.682645,43.348227
字アッカルシュナイ,樺戸郡月形町,1250-19,141.682794,43.348047
字アッカルシュナイ,樺戸郡月形町,1250-11,141.682969,43.347929
字アッカルシュナイ,樺戸郡月形町,1250-14,141.682786,43.347991
字アッカルシュナイ,樺戸郡月形町,1250-12,141.683372,43.347903
字アッカルシュナイ,樺戸郡月形町,1250-13,141.6832,43.347947
字アッカルシュナイ,樺戸郡月形町,1250-2,141.683126,43.348167
,樺戸郡月形町,75-24,141.682999,43.348328
字アッカルシュナイ,樺戸郡月形町,1250-10,141.683773,43.348179
字アッカルシュナイ,樺戸郡月形町,1250-8,141.68341,43.348296
字アッカルシュナイ,樺戸郡月形町,1250-1,141.683725,43.347855
,樺戸郡月形町,75-28,141.683022,43.347454
字アッカルシュナイ,樺戸郡月形町,1250-7,141.683213,43.347625
字アッカルシュナイ,樺戸郡月形町,1250-15,141.682848,43.347716
,樺戸郡月形町,75-29,141.682756,43.34751
,樺戸郡月形町,水-7032,141.683075,43.347111
,樺戸郡月形町,75-30,141.682732,43.34735
,樺戸郡月形町,75-26,141.682861,43.347139
字アッカルシュナイ,樺戸郡月形町,1250-17,141.683081,43.347332
字アッカルシュナイ,樺戸郡月形町,1250-16,141.683173,43.346961
字アッカルシュナイ,樺戸郡月形町,1250-18,141.68327,43.347054
,樺戸郡月形町,75-21,141.682772,43.346668
字チクシベツ,樺戸郡月形町,道-7187,141.682935,43.34643
,樺戸郡月形町,3814,141.683123,43.346406
,樺戸郡月形町,80-2,141.683068,43.346674
字アッカルシュナイ,樺戸郡月形町,1250-3,141.683756,43.346659
字アッカルシュナイ,樺戸郡月形町,道-7118,141.684339,43.346004
字アッカルシュナイ,樺戸郡月形町,1863-9,141.685014,43.346373
字アッカルシュナイ,樺戸郡月形町,1863-8,141.685889,43.347305
字アッカルシュナイ,樺戸郡月形町,1863-1,141.685388,43.347707
字アッカルシュナイ,樺戸郡月形町,1863-3,141.684719,43.347697
字アッカルシュナイ,樺戸郡月形町,1863-6,141.684472,43.348278
字アッカルシュナイ,樺戸郡月形町,1863-5,141.684648,43.348255
字アッカルシュナイ,樺戸郡月形町,1863-7,141.684717,43.348327
字アッカルシュナイ,樺戸郡月形町,1863-4,141.686006,43.348254
字アッカルシュナイ,樺戸郡月形町,1863-14,141.685794,43.348031
字アッカルシュナイ,樺戸郡月形町,1358-23,141.686206,43.34795
字アッカルシュナイ,樺戸郡月形町,1863-13,141.686118,43.348205
字アッカルシュナイ,樺戸郡月形町,1358-24,141.686242,43.348275
字アッカルシュナイ,樺戸郡月形町,1358-8,141.686613,43.348322
字アッカルシュナイ,樺戸郡月形町,1358-12,141.687037,43.348279
字アッカルシュナイ,樺戸郡月形町,1358-11,141.686793,43.348081
字アッカルシュナイ,樺戸郡月形町,1358-10,141.686405,43.348022
字アッカルシュナイ,樺戸郡月形町,1358-6,141.686582,43.347686
字アッカルシュナイ,樺戸郡月形町,1358-4,141.686363,43.347264
字アッカルシュナイ,樺戸郡月形町,1358-21,141.68618,43.347471
字アッカルシュナイ,樺戸郡月形町,1863-12,141.686079,43.347489
字アッカルシュナイ,樺戸郡月形町,1863-15,141.685872,43.347452
字アッカルシュナイ,樺戸郡月形町,1863-11,141.686072,43.347298
字アッカルシュナイ,樺戸郡月形町,1358-22,141.68615,43.346934
字アッカルシュナイ,樺戸郡月形町,1358-18,141.686345,43.346924
字アッカルシュナイ,樺戸郡月形町,1358-19,141.686342,43.346638
字アッカルシュナイ,樺戸郡月形町,1358-13,141.686739,43.347057
字アッカルシュナイ,樺戸郡月形町,1358-14,141.687366,43.346511
字アッカルシュナイ,樺戸郡月形町,1383-17,141.687829,43.346462
字アッカルシュナイ,樺戸郡月形町,1358-27,141.687765,43.346148
字アッカルシュナイ,樺戸郡月形町,1383-7,141.688222,43.346307
字アッカルシュナイ,樺戸郡月形町,1383-9,141.688263,43.346921
字アッカルシュナイ,樺戸郡月形町,1383-18,141.68786,43.347114
字アッカルシュナイ,樺戸郡月形町,1383-1,141.688261,43.347797
字アッカルシュナイ,樺戸郡月形町,1383-15,141.687876,43.348162
字アッカルシュナイ,樺戸郡月形町,1358-26,141.687787,43.347042
字アッカルシュナイ,樺戸郡月形町,1358-3,141.687414,43.347388
字アッカルシュナイ,樺戸郡月形町,1358-28,141.687804,43.347865
字アッカルシュナイ,樺戸郡月形町,1358-17,141.687154,43.347858
字アッカルシュナイ,樺戸郡月形町,1358-16,141.68746,43.348058
字アッカルシュナイ,樺戸郡月形町,1358-9,141.687432,43.348306
字アッカルシュナイ,樺戸郡月形町,1383-14,141.68785,43.348257
字アッカルシュナイ,樺戸郡月形町,1383-12,141.688228,43.348291
,樺戸郡月形町,1011-168,141.688194,43.348564
,樺戸郡月形町,1011-72,141.687749,43.348914
,樺戸郡月形町,1011-167,141.687192,43.348576
字アッカルシュナイ,樺戸郡月形町,1011-224,141.686811,43.348864
,樺戸郡月形町,1011-162,141.685914,43.348557
,樺戸郡月形町,1011-233,141.685782,43.348607
,樺戸郡月形町,1011-220,141.685769,43.348574
,樺戸郡月形町,1011-235,141.685503,43.348612
,樺戸郡月形町,1011-236,141.685674,43.348821
,樺戸郡月形町,1011-232,141.685857,43.348816
,樺戸郡月形町,1011-237,141.685756,43.349011
,樺戸郡月形町,1011-292,141.68566,43.349367
字アッカルシュナイ,樺戸郡月形町,1011-217,141.686146,43.349145
字アッカルシュナイ,樺戸郡月形町,1011-38,141.686986,43.349913
,樺戸郡月形町,1011-289,141.685684,43.349568
,樺戸郡月形町,1011-283,141.685602,43.34991
字アッカルシュナイ,樺戸郡月形町,1011-364,141.686067,43.349758
,樺戸郡月形町,1011-284,141.685725,43.349998
,樺戸郡月形町,1011-275,141.685599,43.350271
,樺戸郡月形町,1011-276,141.685732,43.350359
字アッカルシュナイ,樺戸郡月形町,1011-363,141.686162,43.350353
字アッカルシュナイ,樺戸郡月形町,1011-71,141.688179,43.350066
,樺戸郡月形町,1011-166,141.689862,43.348529
,樺戸郡月形町,1011-78,141.690252,43.349191
字アッカルシュナイ,樺戸郡月形町,1864-6,141.693283,43.350369
字アッカルシュナイ,樺戸郡月形町,1864-7,141.693141,43.349571
字アッカルシュナイ,樺戸郡月形町,1864-3,141.693165,43.349111
字アッカルシュナイ,樺戸郡月形町,1864-4,141.693735,43.3491
,樺戸郡月形町,1011-171,141.694248,43.34845
,樺戸郡月形町,1011-57,141.693525,43.348751
,樺戸郡月形町,1011-170,141.692976,43.348474
字アッカルシュナイ,樺戸郡月形町,道-7119,141.692555,43.348314
,樺戸郡月形町,1011-165,141.692353,43.34848
字アッカルシュナイ,樺戸郡月形町,1369-11,141.691516,43.348231
字アッカルシュナイ,樺戸郡月形町,1369-1,141.691791,43.347425
字アッカルシュナイ,樺戸郡月形町,1369-3,141.692427,43.346978
字アッカルシュナイ,樺戸郡月形町,1369-13,141.692827,43.347735
字アッカルシュナイ,樺戸郡月形町,1369-14,141.692934,43.347733
字アッカルシュナイ,樺戸郡月形町,1369-10,141.692461,43.348211
字アッカルシュナイ,樺戸郡月形町,1369-12,141.692929,43.348202
字アッカルシュナイ,樺戸郡月形町,1370-11,141.693033,43.348199
字アッカルシュナイ,樺戸郡月形町,1370-9,141.693146,43.348197
字アッカルシュナイ,樺戸郡月形町,1370-10,141.694589,43.348151
字アッカルシュナイ,樺戸郡月形町,1370-3,141.693307,43.34723
字アッカルシュナイ,樺戸郡月形町,1370-4,141.693119,43.347086
字アッカルシュナイ,樺戸郡月形町,1370-2,141.694082,43.347477
字アッカルシュナイ,樺戸郡月形町,1370-1,141.693558,43.346476
字アッカルシュナイ,樺戸郡月形町,1370-6,141.693267,43.347095
字アッカルシュナイ,樺戸郡月形町,1369-7,141.692402,43.346489
字アッカルシュナイ,樺戸郡月形町,1369-2,141.692759,43.347252
字アッカルシュナイ,樺戸郡月形町,1368-1,141.690175,43.346582
字アッカルシュナイ,樺戸郡月形町,1368-4,141.690385,43.348253
字アッカルシュナイ,樺戸郡月形町,1368-3,141.690658,43.347669
字アッカルシュナイ,樺戸郡月形町,1383-13,141.689086,43.348275
字アッカルシュナイ,樺戸郡月形町,1383-5,141.688934,43.347785
字アッカルシュナイ,樺戸郡月形町,1383-2,141.689241,43.348086
字アッカルシュナイ,樺戸郡月形町,1383-6,141.689311,43.347543
字アッカルシュナイ,樺戸郡月形町,1383-10,141.689123,43.347098
字アッカルシュナイ,樺戸郡月形町,1383-4,141.688857,43.346622
字アッカルシュナイ,樺戸郡月形町,1383-11,141.689095,43.345432
字アッカルシュナイ,樺戸郡月形町,1368-2,141.690327,43.345422
,樺戸郡月形町,3872,141.690641,43.344883
,樺戸郡月形町,3873,141.688243,43.344996
,樺戸郡月形町,3829,141.689255,43.344205
,樺戸郡月形町,3862,141.688805,43.343678
,樺戸郡月形町,3863,141.688819,43.343717
,樺戸郡月形町,3830,141.689762,43.343717
,樺戸郡月形町,3864,141.689512,43.343433
,樺戸郡月形町,3865,141.689478,43.343501
,樺戸郡月形町,3856,141.689137,43.342566
,樺戸郡月形町,3857,141.689173,43.34254
,樺戸郡月形町,3820,141.689603,43.342346
,樺戸郡月形町,3832,141.690751,43.343229
,樺戸郡月形町,3831,141.690257,43.343533
,樺戸郡月形町,3875,141.691105,43.344501
,樺戸郡月形町,3874,141.691032,43.343827
字アッカルシュナイ,樺戸郡月形町,1191-1,141.691783,43.344107
字アッカルシュナイ,樺戸郡月形町,1191-3,141.692973,43.344091
,樺戸郡月形町,3876,141.692953,43.343149
,樺戸郡月形町,3877,141.692237,43.343197
,樺戸郡月形町,3833,141.691865,43.342793
,樺戸郡月形町,3866,141.691671,43.342333
,樺戸郡月形町,3867,141.691804,43.342314
,樺戸郡月形町,3834,141.692751,43.342576
,樺戸郡月形町,3835,141.693897,43.342568
,樺戸郡月形町,3879,141.694286,43.342129
,樺戸郡月形町,3878,141.694083,43.343167
字アッカルシュナイ,樺戸郡月形町,1191-4,141.694054,43.344073
字アッカルシュナイ,樺戸郡月形町,1191-2,141.694446,43.344875
字アッカルシュナイ,樺戸郡月形町,1370-8,141.694374,43.345207
字アッカルシュナイ,樺戸郡月形町,1370-7,141.693851,43.345192
字アッカルシュナイ,樺戸郡月形町,1369-9,141.692219,43.345099
字アッカルシュナイ,樺戸郡月形町,1369-6,141.692725,43.345621
字アッカルシュナイ,樺戸郡月形町,1369-8,141.692293,43.345541
字アッカルシュナイ,樺戸郡月形町,1369-4,141.692049,43.34568
字アッカルシュナイ,樺戸郡月形町,1369-5,141.691713,43.346179
字アッカルシュナイ,樺戸郡月形町,道-7117,141.691896,43.344839
字アッカルシュナイ,樺戸郡月形町,1370-5,141.693299,43.345663
字アッカルシュナイ,樺戸郡月形町,1371-2,141.697538,43.345267
字アッカルシュナイ,樺戸郡月形町,1385-4,141.695908,43.344971
字アッカルシュナイ,樺戸郡月形町,1385-3,141.696099,43.344977
字アッカルシュナイ,樺戸郡月形町,道-114,141.697926,43.343633
字アッカルシュナイ,樺戸郡月形町,1182-7,141.695843,43.344855
字アッカルシュナイ,樺戸郡月形町,1182-4,141.695164,43.344865
字アッカルシュナイ,樺戸郡月形町,1182-1,141.694998,43.344315
字アッカルシュナイ,樺戸郡月形町,1182-6,141.695201,43.343768
字アッカルシュナイ,樺戸郡月形町,1182-5,141.695419,43.344056
字アッカルシュナイ,樺戸郡月形町,1182-3,141.695912,43.344029
字アッカルシュナイ,樺戸郡月形町,1183-6,141.694763,43.342835
字アッカルシュナイ,樺戸郡月形町,1190-6,141.695741,43.343041
字アッカルシュナイ,樺戸郡月形町,1190-2,141.697125,43.342267
字アッカルシュナイ,樺戸郡月形町,1182-2,141.697134,43.343946
字アッカルシュナイ,樺戸郡月形町,1181-1,141.698254,43.344517
字アッカルシュナイ,樺戸郡月形町,1190-1,141.697524,43.342933
字アッカルシュナイ,樺戸郡月形町,1181-2,141.698417,43.343175
字アッカルシュナイ,樺戸郡月形町,1181-3,141.698801,43.344187
字アッカルシュナイ,樺戸郡月形町,1180-6,141.700376,43.347385
字アッカルシュナイ,樺戸郡月形町,1180-1,141.698926,43.346922
字アッカルシュナイ,樺戸郡月形町,1179-5,141.699154,43.348184
字アッカルシュナイ,樺戸郡月形町,1180-2,141.698397,43.347719
字アッカルシュナイ,樺戸郡月形町,1179-12,141.698639,43.348206
字アッカルシュナイ,樺戸郡月形町,無地番-7024,141.698433,43.348129
字アッカルシュナイ,樺戸郡月形町,1180-5,141.69846,43.347978
字アッカルシュナイ,樺戸郡月形町,1180-3,141.698267,43.347863
字アッカルシュナイ,樺戸郡月形町,1180-4,141.698193,43.34762
字アッカルシュナイ,樺戸郡月形町,1371-3,141.697159,43.346391
字アッカルシュナイ,樺戸郡月形町,1371-6,141.69669,43.346416
字アッカルシュナイ,樺戸郡月形町,1371-1,141.696692,43.347276
字アッカルシュナイ,樺戸郡月形町,1385-1,141.695446,43.346507
字アッカルシュナイ,樺戸郡月形町,1385-2,141.695893,43.34811
字アッカルシュナイ,樺戸郡月形町,1371-5,141.696643,43.347857
字アッカルシュナイ,樺戸郡月形町,1371-4,141.697104,43.347933
,樺戸郡月形町,1011-163,141.69753,43.348436
,樺戸郡月形町,1011-81,141.697357,43.348757
,樺戸郡月形町,1011-169,141.695254,43.348437
,樺戸郡月形町,1011-79,141.697664,43.348709
,樺戸郡月形町,1011-113,141.697834,43.348383
,樺戸郡月形町,1011-225,141.698602,43.348818
字アッカルシュナイ,樺戸郡月形町,1179-4,141.699147,43.348508
,樺戸郡月形町,1011-178,141.699539,43.349213
,樺戸郡月形町,1011-80,141.699033,43.34896
字アッカルシュナイ,樺戸郡月形町,1179-16,141.699422,43.348531
字アッカルシュナイ,樺戸郡月形町,1179-8,141.699675,43.348734
字アッカルシュナイ,樺戸郡月形町,1179-9,141.699389,43.348612
字アッカルシュナイ,樺戸郡月形町,1179-13,141.700088,43.348764
字アッカルシュナイ,樺戸郡月形町,1179-6,141.699884,43.348821
字アッカルシュナイ,樺戸郡月形町,1179-15,141.699703,43.348565
字アッカルシュナイ,樺戸郡月形町,1179-14,141.700394,43.348929
字アッカルシュナイ,樺戸郡月形町,1179-7,141.700415,43.349093
字アッカルシュナイ,樺戸郡月形町,1179-18,141.700073,43.34891
字アッカルシュナイ,樺戸郡月形町,無地番-7025,141.700183,43.348863
,樺戸郡月形町,1011-207,141.69989,43.34919
,樺戸郡月形町,1011-222,141.699713,43.349277
,樺戸郡月形町,1011-177,141.700535,43.349649
,樺戸郡月形町,1011-206,141.700074,43.349506
,樺戸郡月形町,1011-208,141.699567,43.349607
,樺戸郡月形町,1011-375,141.699814,43.350367
,樺戸郡月形町,1011-254,141.699947,43.350213
,樺戸郡月形町,3999,141.700118,43.350289
,樺戸郡月形町,1010-699,141.700867,43.349907
,樺戸郡月形町,水-9-5,141.701064,43.349739
,樺戸郡月形町,1011-253,141.700478,43.349915
,樺戸郡月形町,1011-252,141.700949,43.349729
,樺戸郡月形町,1010-701,141.701239,43.349773
,樺戸郡月形町,1010-674,141.700638,43.349344
字アッカルシュナイ,樺戸郡月形町,1179-20,141.701684,43.349646
字アッカルシュナイ,樺戸郡月形町,1179-21,141.701929,43.349748
,樺戸郡月形町,1010-530,141.701729,43.350043
,樺戸郡月形町,1010-206,141.701286,43.350188
,樺戸郡月形町,1010-531,141.701629,43.349955
,樺戸郡月形町,1010-584,141.701371,43.350297
,樺戸郡月形町,1010-533,141.701471,43.350302
,樺戸郡月形町,1010-532,141.701595,43.350185
字アッカルシュナイ,樺戸郡月形町,1179-10,141.703442,43.349807
字アッカルシュナイ,樺戸郡月形町,1179-19,141.702095,43.349704
字アッカルシュナイ,樺戸郡月形町,1179-1,141.702123,43.349817
字アッカルシュナイ,樺戸郡月形町,水-7044,141.702177,43.349342
字アッカルシュナイ,樺戸郡月形町,1179-11,141.701063,43.348564
字アッカルシュナイ,樺戸郡月形町,1179-2,141.701091,43.349352
字アッカルシュナイ,樺戸郡月形町,1179-17,141.700662,43.349109
,樺戸郡月形町,筆界未定地-14,141.704064,43.350461
字アッカルシュナイ,樺戸郡月形町,1184-5,141.704862,43.349766
字アッカルシュナイ,樺戸郡月形町,1184-3,141.70509,43.350205
字アッカルシュナイ,樺戸郡月形町,1184-1,141.706305,43.349535
字アッカルシュナイ,樺戸郡月形町,1184-2,141.707196,43.350235
字アッカルシュナイ,樺戸郡月形町,1184-4,141.706564,43.349452
字アッカルシュナイ,樺戸郡月形町,水-7043,141.708721,43.349787
字アッカルシュナイ,樺戸郡月形町,1184-6,141.708089,43.349732
字アッカルシュナイ,樺戸郡月形町,水-42,141.700357,43.344125
字札比内,樺戸郡月形町,1342,141.767442,43.353824
字札比内,樺戸郡月形町,1341-1,141.763733,43.354081
字札比内,樺戸郡月形町,1341-2,141.76496,43.353967
字札比内,樺戸郡月形町,1340-3,141.763856,43.355032
字札比内,樺戸郡月形町,1340-2,141.76302,43.354823
字札比内,樺戸郡月形町,1339-2,141.760805,43.356037
字札比内,樺戸郡月形町,1340-1,141.761653,43.355813
字札比内,樺戸郡月形町,1339-4,141.760852,43.356854
字札比内,樺戸郡月形町,道-155,141.761666,43.356946
字札比内,樺戸郡月形町,1283-2,141.76104,43.358122
字札比内,樺戸郡月形町,1276-2,141.763538,43.367248
字札比内,樺戸郡月形町,1278-1,141.761365,43.366818
字札比内,樺戸郡月形町,1278-4,141.761497,43.366228
字札比内,樺戸郡月形町,水-7050,141.761764,43.367307
字札比内,樺戸郡月形町,1178-1,141.760265,43.365617
字札比内,樺戸郡月形町,1178-9,141.761244,43.365915
字札比内,樺戸郡月形町,1178-2,141.761022,43.365767
字札比内,樺戸郡月形町,1178-20,141.75988,43.364888
字札比内,樺戸郡月形町,1178-13,141.760498,43.36551
字札比内,樺戸郡月形町,長狭物不明-72,141.760714,43.365284
字札比内,樺戸郡月形町,1110-1,141.759752,43.360816
字札比内,樺戸郡月形町,1283-1,141.760284,43.358702
字札比内,樺戸郡月形町,1110-2,141.759066,43.359363
字札比内,樺戸郡月形町,1110-3,141.759792,43.359951
字札比内,樺戸郡月形町,1112,141.757102,43.360326
字札比内,樺戸郡月形町,1111,141.7551,43.359174
字札比内,樺戸郡月形町,1134-3,141.754397,43.360834
字札比内,樺戸郡月形町,1134-2,141.75546,43.361166
字札比内,樺戸郡月形町,1134-4,141.753977,43.361138
字札比内,樺戸郡月形町,1134-1,141.754245,43.361472
字札比内,樺戸郡月形町,1134-5,141.754621,43.361641
字札比内,樺戸郡月形町,1134-10,141.754728,43.361903
字札比内,樺戸郡月形町,1134-8,141.755716,43.362622
字札比内,樺戸郡月形町,1114-1,141.754108,43.362429
字札比内,樺戸郡月形町,1134-9,141.756155,43.36251
字札比内,樺戸郡月形町,1130-5,141.756692,43.362494
字札比内,樺戸郡月形町,1130-6,141.757023,43.362779
字札比内,樺戸郡月形町,1130-8,141.758112,43.362974
字札比内,樺戸郡月形町,1120-1,141.759047,43.361284
字札比内,樺戸郡月形町,1120-2,141.758171,43.361873
字札比内,樺戸郡月形町,道-156,141.759624,43.363691
字札比内,樺戸郡月形町,1130-15,141.758356,43.363779
字札比内,樺戸郡月形町,1130-9,141.758285,43.363493
字札比内,樺戸郡月形町,1130-7,141.757453,43.363078
字札比内,樺戸郡月形町,水-58,141.757331,43.362856
字札比内,樺戸郡月形町,1130-14,141.757104,43.363005
字札比内,樺戸郡月形町,1130-3,141.757061,43.363407
字札比内,樺戸郡月形町,水-7060,141.758216,43.363771
字札比内,樺戸郡月形町,1130-2,141.757674,43.364053
字札比内,樺戸郡月形町,1129-5,141.75745,43.365062
字札比内,樺戸郡月形町,1176-15,141.757985,43.364846
字札比内,樺戸郡月形町,1130-10,141.758268,43.364518
字札比内,樺戸郡月形町,1177-4,141.758307,43.364628
字札比内,樺戸郡月形町,1177-3,141.758733,43.364913
字札比内,樺戸郡月形町,1178-15,141.758788,43.364305
字札比内,樺戸郡月形町,1130-11,141.758501,43.364339
字札比内,樺戸郡月形町,1130-4,141.758577,43.364129
字札比内,樺戸郡月形町,1130-12,141.7587,43.364233
字札比内,樺戸郡月形町,1178-16,141.758924,43.364213
字札比内,樺戸郡月形町,1130-13,141.758876,43.364116
字札比内,樺戸郡月形町,1178-14,141.758998,43.364164
字札比内,樺戸郡月形町,1178-19,141.758991,43.364254
字札比内,樺戸郡月形町,1178-18,141.759501,43.364569
字札比内,樺戸郡月形町,1178-4,141.759533,43.36408
字札比内,樺戸郡月形町,1178-8,141.760042,43.364774
字札比内,樺戸郡月形町,1178-3,141.759714,43.364839
字札比内,樺戸郡月形町,1178-11,141.759832,43.364729
字札比内,樺戸郡月形町,1178-6,141.759299,43.364733
字札比内,樺戸郡月形町,1178-5,141.759588,43.364976
字札比内,樺戸郡月形町,1178-12,141.75976,43.364865
字札比内,樺戸郡月形町,1178-17,141.75982,43.364825
字札比内,樺戸郡月形町,1178-10,141.759889,43.364779
字札比内,樺戸郡月形町,1177-1,141.759412,43.36552
字札比内,樺戸郡月形町,1176-2,141.75933,43.366306
字札比内,樺戸郡月形町,1176-5,141.758485,43.366262
字札比内,樺戸郡月形町,1176-4,141.758412,43.366794
字札比内,樺戸郡月形町,1176-18,141.758116,43.367165
字札比内,樺戸郡月形町,1175-16,141.758003,43.367232
字札比内,樺戸郡月形町,1176-20,141.757478,43.366667
字札比内,樺戸郡月形町,1175-17,141.757272,43.366655
字札比内,樺戸郡月形町,1176-1,141.757747,43.366268
字札比内,樺戸郡月形町,1176-3,141.757017,43.365963
字札比内,樺戸郡月形町,1176-9,141.757992,43.365426
字札比内,樺戸郡月形町,1176-10,141.758424,43.365138
字札比内,樺戸郡月形町,1176-14,141.75728,43.365324
字札比内,樺戸郡月形町,1176-12,141.757068,43.365464
字札比内,樺戸郡月形町,1129-7,141.756872,43.365445
字札比内,樺戸郡月形町,1129-3,141.756294,43.36553
字札比内,樺戸郡月形町,1129-2,141.75644,43.365077
字札比内,樺戸郡月形町,1129-11,141.75548,43.365074
字札比内,樺戸郡月形町,1129-10,141.755963,43.365461
字札比内,樺戸郡月形町,1129-6,141.756397,43.365763
字札比内,樺戸郡月形町,1129-8,141.756491,43.365699
字札比内,樺戸郡月形町,1176-11,141.75662,43.365765
字札比内,樺戸郡月形町,1176-13,141.756847,43.365611
字札比内,樺戸郡月形町,1176-16,141.757158,43.366416
字札比内,樺戸郡月形町,1175-15,141.7566,43.366128
字札比内,樺戸郡月形町,1175-1,141.756766,43.366789
字札比内,樺戸郡月形町,1175-7,141.756184,43.366588
字札比内,樺戸郡月形町,1175-6,141.755378,43.366864
字札比内,樺戸郡月形町,道-7151,141.761034,43.369578
字札比内,樺戸郡月形町,1175-12,141.755542,43.366479
字札比内,樺戸郡月形町,1175-2,141.75566,43.366577
字札比内,樺戸郡月形町,1175-14,141.755848,43.366275
字札比内,樺戸郡月形町,1175-11,141.756156,43.366073
字札比内,樺戸郡月形町,1338-6,141.756216,43.365893
字札比内,樺戸郡月形町,1175-13,141.755192,43.366708
字札比内,樺戸郡月形町,1175-8,141.755279,43.367097
字札比内,樺戸郡月形町,1175-5,141.754982,43.367053
字札比内,樺戸郡月形町,1175-10,141.754891,43.366904
字札比内,樺戸郡月形町,1338-7,141.754637,43.366954
字札比内,樺戸郡月形町,1338-9,141.755057,43.366672
字札比内,樺戸郡月形町,1338-2,141.754803,43.366612
字札比内,樺戸郡月形町,1337-19,141.754551,43.367009
字札比内,樺戸郡月形町,1337-17,141.754433,43.367088
字札比内,樺戸郡月形町,1337-10,141.754335,43.36701
字札比内,樺戸郡月形町,1337-9,141.754085,43.367126
字札比内,樺戸郡月形町,1338-3,141.754217,43.366403
字札比内,樺戸郡月形町,1338-4,141.75407,43.365764
字札比内,樺戸郡月形町,1338-1,141.753924,43.364931
字札比内,樺戸郡月形町,1129-9,141.755297,43.364928
字札比内,樺戸郡月形町,1338-8,141.754138,43.364168
字札比内,樺戸郡月形町,1129-4,141.75556,43.365017
字札比内,樺戸郡月形町,1129-1,141.755672,43.36398
字札比内,樺戸郡月形町,水-47,141.762946,43.357979
字札比内,樺戸郡月形町,1130-1,141.756569,43.363445
字札比内,樺戸郡月形町,1114-6,141.754112,43.363552
字札比内,樺戸郡月形町,1114-16,141.753284,43.363344
字札比内,樺戸郡月形町,1114-19,141.754079,43.363972
字札比内,樺戸郡月形町,1133-14,141.75397,43.364029
字札比内,樺戸郡月形町,1133-3,141.75221,43.363174
字札比内,樺戸郡月形町,1133-7,141.750987,43.363404
字札比内,樺戸郡月形町,1133-15,141.751829,43.363837
字札比内,樺戸郡月形町,1133-1,141.75234,43.364629
字札比内,樺戸郡月形町,1133-5,141.753143,43.364084
字札比内,樺戸郡月形町,1338-5,141.753881,43.365825
字札比内,樺戸郡月形町,1337-8,141.753374,43.366826
字札比内,樺戸郡月形町,1337-3,141.753096,43.366135
字札比内,樺戸郡月形町,1337-2,141.752326,43.366319
字札比内,樺戸郡月形町,1337-1,141.751852,43.366752
字札比内,樺戸郡月形町,1117-1,141.750266,43.365322
字札比内,樺戸郡月形町,1118-4,141.748958,43.367244
字札比内,樺戸郡月形町,1118-1,141.749296,43.366196
字札比内,樺戸郡月形町,1118-6,141.74841,43.364495
字札比内,樺戸郡月形町,1117-7,141.748677,43.364315
字札比内,樺戸郡月形町,1116-9,141.748409,43.364367
字札比内,樺戸郡月形町,1117-2,141.74912,43.364309
字札比内,樺戸郡月形町,1117-8,141.749087,43.364038
字札比内,樺戸郡月形町,1117-6,141.748958,43.364124
字札比内,樺戸郡月形町,1117-3,141.749279,43.364769
字札比内,樺戸郡月形町,1117-10,141.750443,43.364822
字札比内,樺戸郡月形町,1117-9,141.750947,43.364613
字札比内,樺戸郡月形町,1117-5,141.750024,43.363407
字札比内,樺戸郡月形町,1116-8,141.749431,43.363681
字札比内,樺戸郡月形町,1133-2,141.751056,43.363903
字札比内,樺戸郡月形町,1133-6,141.750635,43.363283
字札比内,樺戸郡月形町,1133-16,141.750836,43.363151
字札比内,樺戸郡月形町,1133-12,141.750643,43.363
字札比内,樺戸郡月形町,1133-11,141.750442,43.363134
字札比内,樺戸郡月形町,1133-9,141.750235,43.363271
字札比内,樺戸郡月形町,1117-4,141.75009,43.363366
字札比内,樺戸郡月形町,1116-6,141.75,43.363302
字札比内,樺戸郡月形町,1115-10,141.750033,43.363281
字札比内,樺戸郡月形町,1116-2,141.748989,43.363798
字札比内,樺戸郡月形町,1116-7,141.749337,43.363742
字札比内,樺戸郡月形町,1116-4,141.748276,43.364008
字札比内,樺戸郡月形町,1116-3,141.748069,43.362225
字札比内,樺戸郡月形町,1115-6,141.748866,43.361939
字札比内,樺戸郡月形町,1115-5,141.748366,43.361562
字札比内,樺戸郡月形町,1115-2,141.749485,43.361172
字札比内,樺戸郡月形町,1113-7,141.750415,43.360874
字札比内,樺戸郡月形町,1115-1,141.750287,43.36227
字札比内,樺戸郡月形町,1115-9,141.751573,43.362238
字札比内,樺戸郡月形町,1133-8,141.750961,43.362789
字札比内,樺戸郡月形町,1133-10,141.751732,43.362275
字札比内,樺戸郡月形町,1114-18,141.752002,43.362321
字札比内,樺戸郡月形町,1113-20,141.751796,43.362089
字札比内,樺戸郡月形町,1113-22,141.752013,43.361943
字札比内,樺戸郡月形町,1114-11,141.752087,43.362019
字札比内,樺戸郡月形町,1114-13,141.752085,43.362045
字札比内,樺戸郡月形町,1114-9,141.752052,43.362046
字札比内,樺戸郡月形町,1114-14,141.75205,43.362074
字札比内,樺戸郡月形町,1114-10,141.751862,43.362187
字札比内,樺戸郡月形町,1114-5,141.752267,43.362038
字札比内,樺戸郡月形町,1114-15,141.752265,43.361915
字札比内,樺戸郡月形町,1114-4,141.752182,43.362307
字札比内,樺戸郡月形町,1114-3,141.75254,43.362416
字札比内,樺戸郡月形町,1114-17,141.752419,43.362656
字札比内,樺戸郡月形町,1133-13,141.752501,43.362861
字札比内,樺戸郡月形町,1114-20,141.752754,43.362922
字札比内,樺戸郡月形町,1114-7,141.752874,43.362623
字札比内,樺戸郡月形町,1114-12,141.752329,43.361873
字札比内,樺戸郡月形町,1113-23,141.752857,43.361379
字札比内,樺戸郡月形町,1114-22,141.753418,43.361469
字札比内,樺戸郡月形町,1114-8,141.753492,43.361278
字札比内,樺戸郡月形町,1114-21,141.753088,43.361356
字札比内,樺戸郡月形町,1113-24,141.752934,43.361327
字札比内,樺戸郡月形町,1113-4,141.75274,43.361378
字札比内,樺戸郡月形町,1113-26,141.752756,43.361268
字札比内,樺戸郡月形町,1113-16,141.752818,43.360925
字札比内,樺戸郡月形町,1113-18,141.752287,43.361026
字札比内,樺戸郡月形町,1113-12,141.752188,43.361018
字札比内,樺戸郡月形町,1113-25,141.75213,43.361073
字札比内,樺戸郡月形町,1113-21,141.752456,43.361649
字札比内,樺戸郡月形町,1113-3,141.751905,43.361822
字札比内,樺戸郡月形町,1113-1,141.752206,43.361453
字札比内,樺戸郡月形町,1113-6,141.751158,43.361386
字札比内,樺戸郡月形町,1113-27,141.75095,43.360788
字札比内,樺戸郡月形町,1113-19,141.751656,43.36115
字札比内,樺戸郡月形町,1113-8,141.751168,43.360203
字札比内,樺戸郡月形町,1113-17,141.752036,43.360523
字札比内,樺戸郡月形町,1281,141.753239,43.359802
字札比内,樺戸郡月形町,長狭物不明-70,141.749394,43.359021
字札比内,樺戸郡月形町,1113-9,141.750636,43.359904
字札比内,樺戸郡月形町,1113-14,141.750732,43.360814
字札比内,樺戸郡月形町,1113-30,141.750734,43.360733
字札比内,樺戸郡月形町,1113-29,141.750217,43.360632
字札比内,樺戸郡月形町,1113-13,141.750264,43.360561
字札比内,樺戸郡月形町,1113-28,141.749914,43.360581
字札比内,樺戸郡月形町,1113-10,141.749932,43.360668
字札比内,樺戸郡月形町,1113-15,141.749789,43.360344
字札比内,樺戸郡月形町,1115-7,141.74942,43.360403
字札比内,樺戸郡月形町,1115-8,141.74941,43.36046
字札比内,樺戸郡月形町,1115-11,141.749594,43.360553
字札比内,樺戸郡月形町,1344-13,141.748956,43.360443
字札比内,樺戸郡月形町,1344-8,141.749229,43.360427
字札比内,樺戸郡月形町,1343-1,141.748082,43.360502
字札比内,樺戸郡月形町,1282,141.757805,43.358688
字札比内,樺戸郡月形町,1339-1,141.75942,43.358099
字札比内,樺戸郡月形町,1339-3,141.759918,43.357839
字札比内,樺戸郡月形町,98-3,141.744584,43.35573
字札比内,樺戸郡月形町,長狭物不明-71,141.747097,43.357505
字札比内,樺戸郡月形町,1286-5,141.746939,43.358602
字札比内,樺戸郡月形町,長狭物不明-69,141.748828,43.359891
字札比内,樺戸郡月形町,1286-2,141.746372,43.358164
字札比内,樺戸郡月形町,1286-3,141.745846,43.358196
字札比内,樺戸郡月形町,1286-4,141.74555,43.358466
字札比内,樺戸郡月形町,長狭物不明-7065,141.744866,43.359514
字札比内,樺戸郡月形町,98-2,141.74576,43.357273
字札比内,樺戸郡月形町,1285-2,141.745424,43.357417
字札比内,樺戸郡月形町,98-6,141.745872,43.356715
字札比内,樺戸郡月形町,98-5,141.745777,43.35693
字札比内,樺戸郡月形町,1285-1,141.744516,43.357893
字札比内,樺戸郡月形町,1107-5,141.743182,43.358641
字札比内,樺戸郡月形町,道-7158,141.747033,43.358415
字札比内,樺戸郡月形町,1288,141.743232,43.35661
字札比内,樺戸郡月形町,98-1,141.745291,43.356684
字札比内,樺戸郡月形町,98-4,141.744371,43.355347
字札比内,樺戸郡月形町,無地番-34,141.74252,43.355351
字札比内,樺戸郡月形町,無地番-7032,141.74255,43.355326
字札比内,樺戸郡月形町,道-154,141.742939,43.355224
字札比内,樺戸郡月形町,1103-2,141.740889,43.356492
字札比内,樺戸郡月形町,1103-1,141.741364,43.357686
字札比内,樺戸郡月形町,1105-5,141.739208,43.358657
字札比内,樺戸郡月形町,1105-4,141.739151,43.357873
字札比内,樺戸郡月形町,1104-2,141.738947,43.356747
字札比内,樺戸郡月形町,1105-16,141.738414,43.358476
字札比内,樺戸郡月形町,1105-2,141.73805,43.358517
字札比内,樺戸郡月形町,1105-7,141.738248,43.358498
字札比内,樺戸郡月形町,1105-13,141.738214,43.358578
字札比内,樺戸郡月形町,1105-3,141.738324,43.358709
字札比内,樺戸郡月形町,1105-10,141.738168,43.358677
字札比内,樺戸郡月形町,1105-9,141.73798,43.358527
字札比内,樺戸郡月形町,1105-6,141.738095,43.358476
字札比内,樺戸郡月形町,1105-15,141.737853,43.358391
字札比内,樺戸郡月形町,2063,141.73768,43.358364
字札比内,樺戸郡月形町,1106-15,141.737509,43.358338
字札比内,樺戸郡月形町,1106-5,141.737522,43.3583
字札比内,樺戸郡月形町,無地番-7033,141.737458,43.358273
字札比内,樺戸郡月形町,2062,141.737394,43.358322
字札比内,樺戸郡月形町,1106-6,141.737609,43.358397
字札比内,樺戸郡月形町,1106-14,141.737561,43.358501
字札比内,樺戸郡月形町,1106-12,141.738013,43.358718
字札比内,樺戸郡月形町,1287-5,141.737276,43.358353
字札比内,樺戸郡月形町,1287-6,141.736754,43.358686
字札比内,樺戸郡月形町,1104-3,141.736704,43.357139
字札比内,樺戸郡月形町,1104-1,141.737525,43.356579
字札比内,樺戸郡月形町,長狭物不明-7067,141.738649,43.355493
字札比内,樺戸郡月形町,1102,141.736093,43.355472
字厚軽臼内,樺戸郡月形町,219-8,141.732073,43.35322
字アッカルウスナイ,樺戸郡月形町,121-1,141.726449,43.353013
字厚軽臼内,樺戸郡月形町,405-3,141.725211,43.35359
字厚軽臼内,樺戸郡月形町,405-2,141.724641,43.353607
字厚軽臼内,樺戸郡月形町,399-1,141.725229,43.354986
字厚軽臼内,樺戸郡月形町,399-3,141.726701,43.354011
字厚軽臼内,樺戸郡月形町,399-5,141.727633,43.354095
字厚軽臼内,樺戸郡月形町,398-2,141.728686,43.35341
字厚軽臼内,樺戸郡月形町,399-4,141.727171,43.354345
字アッカルウスナイ,樺戸郡月形町,121-3,141.727915,43.353115
字アッカルウスナイ,樺戸郡月形町,121-2,141.7273,43.353072
字アッカルウスナイ,樺戸郡月形町,121-4,141.728202,43.353133
字厚軽臼内,樺戸郡月形町,219-3,141.730077,43.35485
字厚軽臼内,樺戸郡月形町,長狭物不明-7056,141.72975,43.354744
字厚軽臼内,樺戸郡月形町,398-1,141.728392,43.355858
字厚軽臼内,樺戸郡月形町,288-4,141.727586,43.356519
字厚軽臼内,樺戸郡月形町,399-9,141.726729,43.355078
字厚軽臼内,樺戸郡月形町,399-10,141.727004,43.355147
字厚軽臼内,樺戸郡月形町,399-8,141.725785,43.35554
字厚軽臼内,樺戸郡月形町,399-2,141.726053,43.355144
字厚軽臼内,樺戸郡月形町,道-7111,141.727623,43.356367
字厚軽臼内,樺戸郡月形町,800-8,141.724634,43.355758
字厚軽臼内,樺戸郡月形町,800-10,141.72478,43.35629
字厚軽臼内,樺戸郡月形町,800-15,141.724202,43.356126
字厚軽臼内,樺戸郡月形町,800-13,141.724208,43.356262
字厚軽臼内,樺戸郡月形町,800-4,141.724808,43.356527
字厚軽臼内,樺戸郡月形町,800-16,141.725266,43.356298
字厚軽臼内,樺戸郡月形町,800-11,141.725632,43.356436
字厚軽臼内,樺戸郡月形町,800-14,141.725868,43.356531
字厚軽臼内,樺戸郡月形町,288-10,141.726273,43.356603
字厚軽臼内,樺戸郡月形町,288-6,141.726304,43.356552
字厚軽臼内,樺戸郡月形町,288-13,141.726348,43.356485
字厚軽臼内,樺戸郡月形町,無地番-7022,141.726251,43.356429
字厚軽臼内,樺戸郡月形町,長狭物不明-7059,141.726392,43.356211
字厚軽臼内,樺戸郡月形町,800-7,141.725627,43.356029
字厚軽臼内,樺戸郡月形町,399-7,141.726341,43.355721
字厚軽臼内,樺戸郡月形町,399-6,141.726539,43.355921
字厚軽臼内,樺戸郡月形町,288-5,141.726612,43.356256
字厚軽臼内,樺戸郡月形町,288-8,141.726861,43.356651
字厚軽臼内,樺戸郡月形町,288-15,141.726887,43.356579
字厚軽臼内,樺戸郡月形町,288-12,141.726657,43.356673
字厚軽臼内,樺戸郡月形町,288-9,141.726622,43.357157
字厚軽臼内,樺戸郡月形町,288-1,141.725581,43.357989
字厚軽臼内,樺戸郡月形町,800-1,141.725701,43.356757
字厚軽臼内,樺戸郡月形町,806,141.72533,43.357866
字厚軽臼内,樺戸郡月形町,800-2,141.724724,43.357857
字厚軽臼内,樺戸郡月形町,289-1,141.725131,43.358707
字厚軽臼内,樺戸郡月形町,803,141.725256,43.35825
字厚軽臼内,樺戸郡月形町,288-3,141.726214,43.357948
字厚軽臼内,樺戸郡月形町,802,141.72672,43.35858
字厚軽臼内,樺戸郡月形町,804-1,141.727604,43.358194
字厚軽臼内,樺戸郡月形町,641-16,141.728593,43.358463
字厚軽臼内,樺戸郡月形町,641-15,141.728074,43.35827
字厚軽臼内,樺戸郡月形町,641-9,141.728262,43.357968
字厚軽臼内,樺戸郡月形町,288-2,141.727246,43.357735
字厚軽臼内,樺戸郡月形町,288-7,141.727771,43.356807
字厚軽臼内,樺戸郡月形町,288-14,141.728053,43.356778
字厚軽臼内,樺戸郡月形町,288-11,141.727794,43.356869
字厚軽臼内,樺戸郡月形町,809,141.728442,43.356844
字厚軽臼内,樺戸郡月形町,長狭物不明-7058-2,141.728504,43.356741
字厚軽臼内,樺戸郡月形町,長狭物不明-7058-1,141.728367,43.356965
字厚軽臼内,樺戸郡月形町,641-4,141.728596,43.357397
字厚軽臼内,樺戸郡月形町,641-24,141.728981,43.357076
字厚軽臼内,樺戸郡月形町,641-18,141.728618,43.356954
字厚軽臼内,樺戸郡月形町,641-17,141.728594,43.35676
字厚軽臼内,樺戸郡月形町,641-27,141.728743,43.356898
字厚軽臼内,樺戸郡月形町,641-22,141.729217,43.357057
字厚軽臼内,樺戸郡月形町,641-25,141.729414,43.35709
字厚軽臼内,樺戸郡月形町,641-26,141.729317,43.357134
字厚軽臼内,樺戸郡月形町,641-20,141.729587,43.357129
字厚軽臼内,樺戸郡月形町,641-28,141.729643,43.357109
字厚軽臼内,樺戸郡月形町,641-19,141.729639,43.357142
字厚軽臼内,樺戸郡月形町,810,141.729695,43.357068
字厚軽臼内,樺戸郡月形町,219-6,141.729809,43.357046
字厚軽臼内,樺戸郡月形町,641-29,141.729354,43.357037
字厚軽臼内,樺戸郡月形町,219-2,141.729503,43.356962
字厚軽臼内,樺戸郡月形町,641-21,141.729862,43.357166
字厚軽臼内,樺戸郡月形町,641-23,141.729861,43.357224
字厚軽臼内,樺戸郡月形町,641-1,141.729728,43.357871
字厚軽臼内,樺戸郡月形町,641-11,141.728995,43.35782
字厚軽臼内,樺戸郡月形町,641-13,141.729211,43.358688
字厚軽臼内,樺戸郡月形町,641-5,141.73052,43.358078
字厚軽臼内,樺戸郡月形町,641-14,141.731258,43.358166
字厚軽臼内,樺戸郡月形町,641-8,141.731807,43.358723
字厚軽臼内,樺戸郡月形町,641-10,141.73215,43.358584
字札比内,樺戸郡月形町,1136-1,141.733028,43.357871
字札比内,樺戸郡月形町,1136-8,141.733088,43.35776
字厚軽臼内,樺戸郡月形町,219-10,141.732635,43.35789
字厚軽臼内,樺戸郡月形町,641-7,141.732126,43.358212
字厚軽臼内,樺戸郡月形町,219-5,141.732094,43.357751
字厚軽臼内,樺戸郡月形町,219-21,141.731942,43.357502
字厚軽臼内,樺戸郡月形町,219-23,141.732191,43.357613
字厚軽臼内,樺戸郡月形町,219-24,141.732355,43.357649
字厚軽臼内,樺戸郡月形町,219-17,141.732456,43.357526
字札比内,樺戸郡月形町,811,141.733017,43.357636
字厚軽臼内,樺戸郡月形町,219-25,141.731631,43.35738
字厚軽臼内,樺戸郡月形町,219-20,141.731366,43.357397
字厚軽臼内,樺戸郡月形町,219-4,141.731687,43.357661
字厚軽臼内,樺戸郡月形町,道-7112,141.731381,43.357656
字厚軽臼内,樺戸郡月形町,219-22,141.731036,43.357411
字厚軽臼内,樺戸郡月形町,219-18,141.730712,43.357344
字厚軽臼内,樺戸郡月形町,219-16,141.730794,43.357328
字厚軽臼内,樺戸郡月形町,219-1,141.730535,43.3573
字厚軽臼内,樺戸郡月形町,219-19,141.730325,43.357221
字厚軽臼内,樺戸郡月形町,219-26,141.730721,43.357233
字厚軽臼内,樺戸郡月形町,219-15,141.730759,43.355226
字厚軽臼内,樺戸郡月形町,219-9,141.730449,43.354965
字厚軽臼内,樺戸郡月形町,219-12,141.730057,43.355915
字厚軽臼内,樺戸郡月形町,219-11,141.73095,43.35612
字厚軽臼内,樺戸郡月形町,219-13,141.732524,43.355416
字厚軽臼内,樺戸郡月形町,219-14,141.733042,43.356532
字厚軽臼内,樺戸郡月形町,219-7,141.734696,43.354507
字札比内,樺戸郡月形町,道-7160,141.734576,43.355118
字札比内,樺戸郡月形町,1287-4,141.735973,43.357619
字札比内,樺戸郡月形町,1136-3,141.73446,43.356965
字札比内,樺戸郡月形町,1136-4,141.733238,43.35766
字札比内,樺戸郡月形町,1136-6,141.733185,43.35771
字札比内,樺戸郡月形町,1136-5,141.734495,43.357874
字札比内,樺戸郡月形町,1136-7,141.733935,43.357835
字札比内,樺戸郡月形町,1136-9,141.734265,43.357957
字札比内,樺戸郡月形町,1136-2,141.733406,43.358224
字札比内,樺戸郡月形町,1287-1,141.734379,43.358625
字札比内,樺戸郡月形町,1287-18,141.735962,43.358107
字札比内,樺戸郡月形町,1287-16,141.735509,43.358093
字札比内,樺戸郡月形町,1287-17,141.735863,43.358216
字札比内,樺戸郡月形町,1287-2,141.735666,43.358778
字札比内,樺戸郡月形町,1287-19,141.735771,43.359223
字札比内,樺戸郡月形町,1287-14,141.735978,43.359105
字札比内,樺戸郡月形町,1106-9,141.736016,43.359321
字札比内,樺戸郡月形町,1287-8,141.735908,43.359254
字札比内,樺戸郡月形町,1287-12,141.735353,43.35948
字札比内,樺戸郡月形町,1287-9,141.73521,43.359723
字札比内,樺戸郡月形町,1287-3,141.735069,43.359555
字札比内,樺戸郡月形町,1287-10,141.734652,43.3595
字札比内,樺戸郡月形町,1287-11,141.734788,43.359185
字札比内,樺戸郡月形町,1287-13,141.735403,43.359089
字札比内,樺戸郡月形町,1121-8,141.733317,43.359576
字札比内,樺戸郡月形町,1121-31,141.734504,43.360193
字札比内,樺戸郡月形町,1128-5,141.734617,43.360259
字札比内,樺戸郡月形町,1121-30,141.733863,43.360627
字札比内,樺戸郡月形町,1121-19,141.734017,43.360338
字札比内,樺戸郡月形町,1121-32,141.734142,43.360438
字札比内,樺戸郡月形町,1128-1,141.735183,43.360706
字札比内,樺戸郡月形町,道-7162,141.734776,43.360085
字札比内,樺戸郡月形町,1287-7,141.735128,43.359778
字札比内,樺戸郡月形町,1266-2,141.734397,43.362493
,樺戸郡月形町,1008-14,141.733371,43.362889
字札比内,樺戸郡月形町,1128-8,141.73333,43.362195
字札比内,樺戸郡月形町,1128-2,141.733713,43.362232
字札比内,樺戸郡月形町,1128-7,141.733265,43.361973
字札比内,樺戸郡月形町,1128-3,141.732941,43.361727
字札比内,樺戸郡月形町,1121-29,141.73329,43.361012
字札比内,樺戸郡月形町,1121-28,141.732829,43.361323
字札比内,樺戸郡月形町,1121-26,141.732961,43.361234
字札比内,樺戸郡月形町,1121-18,141.732719,43.361238
字札比内,樺戸郡月形町,1121-5,141.732371,43.361436
字札比内,樺戸郡月形町,1121-13,141.731968,43.361316
字札比内,樺戸郡月形町,1121-17,141.732126,43.361568
字札比内,樺戸郡月形町,1121-12,141.731775,43.361356
字札比内,樺戸郡月形町,1121-21,141.731634,43.361471
字札比内,樺戸郡月形町,1121-22,141.731921,43.361593
字札比内,樺戸郡月形町,1121-23,141.732042,43.361658
字札比内,樺戸郡月形町,1121-27,141.732305,43.361687
字札比内,樺戸郡月形町,1121-25,141.732719,43.361399
字札比内,樺戸郡月形町,1128-6,141.733292,43.361147
字札比内,樺戸郡月形町,1128-4,141.732383,43.361825
,樺戸郡月形町,1008-89,141.732085,43.362315
,樺戸郡月形町,1008-633,141.730318,43.362553
,樺戸郡月形町,1008-629,141.730365,43.361892
,樺戸郡月形町,1008-87,141.730245,43.361616
,樺戸郡月形町,1008-714,141.730534,43.361391
,樺戸郡月形町,1008-630,141.73137,43.361975
字札比内,樺戸郡月形町,1121-24,141.731137,43.361251
字札比内,樺戸郡月形町,1121-2,141.731436,43.361095
字厚軽臼内,樺戸郡月形町,514-17,141.730834,43.360978
字厚軽臼内,樺戸郡月形町,514-14,141.730606,43.361017
,樺戸郡月形町,1008-88,141.730395,43.361339
字厚軽臼内,樺戸郡月形町,514-15,141.73034,43.360904
字厚軽臼内,樺戸郡月形町,514-2,141.730723,43.360792
字厚軽臼内,樺戸郡月形町,514-12,141.730534,43.360322
字札比内,樺戸郡月形町,1121-16,141.731663,43.360672
字厚軽臼内,樺戸郡月形町,514-13,141.73103,43.360497
字札比内,樺戸郡月形町,1121-3,141.731256,43.360783
字札比内,樺戸郡月形町,1121-1,141.732136,43.360938
字札比内,樺戸郡月形町,1121-6,141.732905,43.360713
字札比内,樺戸郡月形町,1121-7,141.732293,43.360255
字札比内,樺戸郡月形町,1121-20,141.731769,43.359869
字札比内,樺戸郡月形町,道-7161,141.731815,43.359564
字厚軽臼内,樺戸郡月形町,514-1,141.731067,43.36006
字厚軽臼内,樺戸郡月形町,514-8,141.731281,43.35974
字厚軽臼内,樺戸郡月形町,514-9,141.730551,43.359595
字厚軽臼内,樺戸郡月形町,514-11,141.730312,43.359312
字厚軽臼内,樺戸郡月形町,641-6,141.730783,43.358922
字厚軽臼内,樺戸郡月形町,514-3,141.729616,43.359455
字厚軽臼内,樺戸郡月形町,513-1,141.728932,43.359018
字厚軽臼内,樺戸郡月形町,515-11,141.72906,43.359584
字厚軽臼内,樺戸郡月形町,水-7041,141.72993,43.36069
字厚軽臼内,樺戸郡月形町,514-10,141.729981,43.360023
字厚軽臼内,樺戸郡月形町,514-6,141.730135,43.360571
字厚軽臼内,樺戸郡月形町,514-5,141.730303,43.360786
字厚軽臼内,樺戸郡月形町,514-16,141.730168,43.360836
字厚軽臼内,樺戸郡月形町,515-14,141.729577,43.360594
字厚軽臼内,樺戸郡月形町,515-15,141.729062,43.360391
字厚軽臼内,樺戸郡月形町,515-2,141.728821,43.360061
字厚軽臼内,樺戸郡月形町,515-10,141.729098,43.360211
字厚軽臼内,樺戸郡月形町,515-12,141.728114,43.360052
字厚軽臼内,樺戸郡月形町,515-4,141.72827,43.359961
字厚軽臼内,樺戸郡月形町,515-13,141.728776,43.360283
,樺戸郡月形町,1010-25,141.728461,43.360605
,樺戸郡月形町,1010-639,141.728515,43.360818
,樺戸郡月形町,1010-24,141.727743,43.360306
,樺戸郡月形町,1010-459,141.727278,43.360268
字厚軽臼内,樺戸郡月形町,513-6,141.727845,43.359968
字厚軽臼内,樺戸郡月形町,515-3,141.727751,43.359816
字厚軽臼内,樺戸郡月形町,515-16,141.72769,43.359921
字厚軽臼内,樺戸郡月形町,515-18,141.727485,43.359858
字厚軽臼内,樺戸郡月形町,515-17,141.727231,43.359783
字厚軽臼内,樺戸郡月形町,515-7,141.727522,43.359796
字厚軽臼内,樺戸郡月形町,515-9,141.727581,43.359699
字厚軽臼内,樺戸郡月形町,513-3,141.727073,43.359444
字厚軽臼内,樺戸郡月形町,513-5,141.728195,43.359105
字厚軽臼内,樺戸郡月形町,513-4,141.727762,43.358769
字厚軽臼内,樺戸郡月形町,515-5,141.727285,43.359675
字厚軽臼内,樺戸郡月形町,道-7113,141.726715,43.359613
字厚軽臼内,樺戸郡月形町,289-4,141.726618,43.359462
字厚軽臼内,樺戸郡月形町,804-2,141.726836,43.35938
字厚軽臼内,樺戸郡月形町,289-2,141.726397,43.358923
字厚軽臼内,樺戸郡月形町,289-3,141.725634,43.358887
字厚軽臼内,樺戸郡月形町,無地番-7023,141.72461,43.358985
,樺戸郡月形町,1010-232,141.725221,43.359534
,樺戸郡月形町,1010-31,141.724188,43.36025
,樺戸郡月形町,1010-231,141.725922,43.359857
,樺戸郡月形町,1010-233,141.72622,43.36021
,樺戸郡月形町,1010-32,141.726601,43.359999
字厚軽臼内,樺戸郡月形町,道-7109,141.729072,43.360566
,樺戸郡月形町,1010-605,141.727023,43.360076
,樺戸郡月形町,1010-309,141.726776,43.360591
,樺戸郡月形町,1010-456,141.725139,43.361054
,樺戸郡月形町,1010-22,141.724849,43.362858
,樺戸郡月形町,1010-23,141.726482,43.361753
,樺戸郡月形町,1010-638,141.728357,43.36113
,樺戸郡月形町,1010-466,141.729147,43.360857
,樺戸郡月形町,1008-628,141.729816,43.362403
,樺戸郡月形町,1008-17,141.729393,43.362236
,樺戸郡月形町,1008-631,141.729255,43.36277
,樺戸郡月形町,1008-632,141.729697,43.362761
,樺戸郡月形町,1008-627,141.729561,43.362627
,樺戸郡月形町,1008-634,141.729688,43.362571
,樺戸郡月形町,1008-635,141.729776,43.362558
,樺戸郡月形町,1008-16,141.729545,43.363972
,樺戸郡月形町,1008-192,141.728764,43.363113
,樺戸郡月形町,1008-21,141.727105,43.364143
,樺戸郡月形町,1008-178,141.725771,43.365061
,樺戸郡月形町,水-16,141.725899,43.363297
,樺戸郡月形町,1008-24,141.72478,43.36606
,樺戸郡月形町,1008-20,141.728063,43.365607
,樺戸郡月形町,長狭物不明-24,141.727872,43.367876
,樺戸郡月形町,1008-1,141.728339,43.367243
,樺戸郡月形町,1008-481,141.731667,43.3668
,樺戸郡月形町,1008-510,141.732066,43.366656
,樺戸郡月形町,長狭物不明-27,141.733457,43.367427
,樺戸郡月形町,1008-8,141.733041,43.366587
,樺戸郡月形町,1008-9,141.732988,43.365873
,樺戸郡月形町,水-17,141.731778,43.365049
,樺戸郡月形町,1008-494,141.731613,43.364241
,樺戸郡月形町,1008-191,141.730334,43.364347
,樺戸郡月形町,1008-15,141.730302,43.36338
,樺戸郡月形町,1008-212,141.731771,43.36301
,樺戸郡月形町,1008-171,141.730947,43.363871
,樺戸郡月形町,1008-213,141.732858,43.363216
,樺戸郡月形町,1008-12,141.733417,43.36358
,樺戸郡月形町,1008-11,141.733308,43.364736
,樺戸郡月形町,1008-260,141.734305,43.364088
字札比内,樺戸郡月形町,1266-5,141.735249,43.363671
字札比内,樺戸郡月形町,1266-6,141.735319,43.363654
字札比内,樺戸郡月形町,1266-8,141.735107,43.363495
字札比内,樺戸郡月形町,1266-3,141.734779,43.363016
,樺戸郡月形町,1008-262,141.735589,43.365093
,樺戸郡月形町,1008-529,141.736133,43.365985
,樺戸郡月形町,1008-592,141.735746,43.36606
,樺戸郡月形町,1008-261,141.734942,43.365411
,樺戸郡月形町,1008-506,141.734235,43.365198
,樺戸郡月形町,1008-6,141.733733,43.365476
,樺戸郡月形町,1008-7,141.734752,43.365957
,樺戸郡月形町,1008-535,141.735404,43.366468
,樺戸郡月形町,1008-591,141.735603,43.366153
,樺戸郡月形町,1008-441,141.735751,43.366356
,樺戸郡月形町,1008-528,141.735554,43.366371
,樺戸郡月形町,1008-636,141.735991,43.366233
,樺戸郡月形町,1008-639,141.736535,43.366676
,樺戸郡月形町,1008-647,141.736894,43.36636
,樺戸郡月形町,1008-617,141.736958,43.366782
,樺戸郡月形町,1008-625,141.737511,43.366207
,樺戸郡月形町,1008-651,141.737187,43.366249
,樺戸郡月形町,1008-650,141.737001,43.366099
,樺戸郡月形町,1008-645,141.736558,43.366092
,樺戸郡月形町,1008-93,141.736708,43.366637
,樺戸郡月形町,1008-646,141.736724,43.366225
,樺戸郡月形町,1008-643,141.736727,43.36647
,樺戸郡月形町,1008-642,141.736554,43.366333
,樺戸郡月形町,1008-638,141.736345,43.366517
,樺戸郡月形町,1008-637,141.736174,43.366379
,樺戸郡月形町,1008-641,141.736387,43.3662
,樺戸郡月形町,1008-640,141.736221,43.366068
,樺戸郡月形町,1008-527,141.736645,43.36565
,樺戸郡月形町,1008-644,141.73639,43.365959
,樺戸郡月形町,1008-649,141.73682,43.365956
,樺戸郡月形町,1008-648,141.736638,43.36581
,樺戸郡月形町,1008-593,141.735819,43.366014
字札比内,樺戸郡月形町,道-7148,141.741586,43.368901
,樺戸郡月形町,1008-534,141.7367,43.365615
字札比内,樺戸郡月形町,1265-9,141.737033,43.365091
字札比内,樺戸郡月形町,1265-4,141.737111,43.36505
字札比内,樺戸郡月形町,1127-3,141.737401,43.365294
,樺戸郡月形町,1008-777,141.736974,43.365653
,樺戸郡月形町,1008-652,141.737341,43.365951
,樺戸郡月形町,1008-624,141.737694,43.366062
字札比内,樺戸郡月形町,1127-2,141.738369,43.366039
字札比内,樺戸郡月形町,1127-4,141.737695,43.365146
字札比内,樺戸郡月形町,1126-3,141.739072,43.366093
字札比内,樺戸郡月形町,1126-8,141.738961,43.366413
字札比内,樺戸郡月形町,1126-2,141.738731,43.36623
,樺戸郡月形町,1008-619,141.73808,43.366273
,樺戸郡月形町,1008-459,141.738034,43.366318
,樺戸郡月形町,1008-616,141.737963,43.366261
,樺戸郡月形町,1008-479,141.737781,43.366536
,樺戸郡月形町,1008-618,141.738089,43.366378
字札比内,樺戸郡月形町,1126-5,141.739488,43.366841
字札比内,樺戸郡月形町,1126-4,141.739044,43.366594
字札比内,樺戸郡月形町,1205-4,141.740083,43.367421
字札比内,樺戸郡月形町,1205-1,141.742277,43.365899
字札比内,樺戸郡月形町,1126-1,141.74171,43.364717
字札比内,樺戸郡月形町,1126-9,141.74096,43.365159
字札比内,樺戸郡月形町,1127-1,141.739439,43.364578
字札比内,樺戸郡月形町,1284-8,141.740667,43.362943
字札比内,樺戸郡月形町,1265-6,141.738392,43.363087
字札比内,樺戸郡月形町,1265-5,141.737253,43.362524
字札比内,樺戸郡月形町,1265-2,141.73752,43.36468
字札比内,樺戸郡月形町,1265-10,141.736896,43.364705
字札比内,樺戸郡月形町,1265-8,141.736156,43.364393
字札比内,樺戸郡月形町,1265-3,141.736184,43.363965
字札比内,樺戸郡月形町,1265-1,141.73742,43.363746
字札比内,樺戸郡月形町,1266-7,141.735927,43.362665
字札比内,樺戸郡月形町,1267,141.736531,43.361555
字札比内,樺戸郡月形町,1106-8,141.736454,43.359174
字札比内,樺戸郡月形町,1106-7,141.736305,43.359127
字札比内,樺戸郡月形町,1287-15,141.736183,43.35898
字札比内,樺戸郡月形町,1106-11,141.736465,43.359018
字札比内,樺戸郡月形町,1106-2,141.737063,43.359285
字札比内,樺戸郡月形町,1106-3,141.737522,43.358917
字札比内,樺戸郡月形町,1106-4,141.737416,43.359775
字札比内,樺戸郡月形町,1106-1,141.738193,43.359313
字札比内,樺戸郡月形町,1105-8,141.739057,43.359389
字札比内,樺戸郡月形町,1106-10,141.738972,43.359479
字札比内,樺戸郡月形町,1106-13,141.738449,43.360274
字札比内,樺戸郡月形町,1109-3,141.739673,43.360768
字札比内,樺戸郡月形町,1109-7,141.740022,43.360312
字札比内,樺戸郡月形町,1206-12,141.740084,43.360213
字札比内,樺戸郡月形町,1105-1,141.739848,43.359386
字札比内,樺戸郡月形町,1105-12,141.739591,43.35879
字札比内,樺戸郡月形町,1105-14,141.740655,43.358865
字札比内,樺戸郡月形町,1206-2,141.740567,43.359893
字札比内,樺戸郡月形町,1105-11,141.740797,43.358953
字札比内,樺戸郡月形町,1206-16,141.741434,43.359137
字札比内,樺戸郡月形町,1206-10,141.741747,43.359145
字札比内,樺戸郡月形町,1206-18,141.741544,43.359057
字札比内,樺戸郡月形町,1206-9,141.741494,43.358972
字札比内,樺戸郡月形町,1107-2,141.74153,43.360543
字札比内,樺戸郡月形町,1107-12,141.742016,43.361751
字札比内,樺戸郡月形町,道-7159,141.743915,43.360687
字札比内,樺戸郡月形町,1109-8,141.741771,43.361706
字札比内,樺戸郡月形町,1109-4,141.741479,43.361737
字札比内,樺戸郡月形町,1109-6,141.741044,43.361126
字札比内,樺戸郡月形町,1107-11,141.741104,43.361025
字札比内,樺戸郡月形町,1109-1,141.74015,43.361897
字札比内,樺戸郡月形町,1265-7,141.739192,43.362484
字札比内,樺戸郡月形町,1284-2,141.741195,43.362866
字札比内,樺戸郡月形町,1284-10,141.740866,43.36281
字札比内,樺戸郡月形町,1109-11,141.740757,43.36274
字札比内,樺戸郡月形町,1109-5,141.74096,43.362501
字札比内,樺戸郡月形町,1284-9,141.741273,43.362532
字札比内,樺戸郡月形町,1109-9,141.741446,43.362279
字札比内,樺戸郡月形町,1109-2,141.741256,43.362026
字札比内,樺戸郡月形町,1109-10,141.741786,43.362048
字札比内,樺戸郡月形町,1284-1,141.742007,43.362584
字札比内,樺戸郡月形町,1343-22,141.74281,43.362211
字札比内,樺戸郡月形町,1343-42,141.742688,43.362276
字札比内,樺戸郡月形町,1284-5,141.742341,43.362156
字札比内,樺戸郡月形町,1343-2,141.743689,43.362574
字札比内,樺戸郡月形町,1343-40,141.743378,43.362825
字札比内,樺戸郡月形町,1284-6,141.743232,43.362859
字札比内,樺戸郡月形町,1343-24,141.74472,43.362904
字札比内,樺戸郡月形町,1343-26,141.744455,43.362412
字札比内,樺戸郡月形町,1343-19,141.744709,43.362365
字札比内,樺戸郡月形町,1343-23,141.744276,43.361816
字札比内,樺戸郡月形町,1343-30,141.744819,43.361425
字札比内,樺戸郡月形町,長狭物不明-7068,141.744246,43.360893
字札比内,樺戸郡月形町,1206-14,141.743487,43.360904
字札比内,樺戸郡月形町,1206-5,141.743212,43.360913
字札比内,樺戸郡月形町,1206-13,141.743055,43.361197
字札比内,樺戸郡月形町,1343-50,141.743345,43.361139
字札比内,樺戸郡月形町,1343-25,141.743323,43.361514
字札比内,樺戸郡月形町,1343-21,141.742953,43.361597
字札比内,樺戸郡月形町,1343-48,141.742805,43.361482
字札比内,樺戸郡月形町,1343-43,141.742592,43.361639
字札比内,樺戸郡月形町,1343-20,141.742733,43.361804
字札比内,樺戸郡月形町,1343-49,141.742322,43.361822
字札比内,樺戸郡月形町,1107-15,141.74241,43.361629
字札比内,樺戸郡月形町,1107-10,141.742156,43.361597
字札比内,樺戸郡月形町,1107-14,141.742798,43.361371
字札比内,樺戸郡月形町,1206-4,141.742716,43.360962
字札比内,樺戸郡月形町,1206-3,141.742546,43.360654
字札比内,樺戸郡月形町,1206-6,141.74323,43.360593
字札比内,樺戸郡月形町,1107-1,141.74372,43.360074
字札比内,樺戸郡月形町,1107-8,141.742333,43.359815
字札比内,樺戸郡月形町,1206-8,141.74252,43.360242
字札比内,樺戸郡月形町,1206-7,141.742131,43.360068
字札比内,樺戸郡月形町,1206-11,141.742558,43.359306
字札比内,樺戸郡月形町,1206-17,141.742494,43.359349
字札比内,樺戸郡月形町,1107-19,141.742024,43.359263
字札比内,樺戸郡月形町,1107-9,141.742333,43.359265
字札比内,樺戸郡月形町,1107-24,141.742196,43.359191
字札比内,樺戸郡月形町,1206-19,141.742599,43.359278
字札比内,樺戸郡月形町,1107-23,141.742869,43.359363
字札比内,樺戸郡月形町,1107-20,141.742672,43.359383
字札比内,樺戸郡月形町,1107-16,141.743256,43.359485
字札比内,樺戸郡月形町,1107-3,141.744108,43.359688
字札比内,樺戸郡月形町,1107-17,141.744165,43.359679
字札比内,樺戸郡月形町,1107-7,141.744124,43.35959
字札比内,樺戸郡月形町,1107-18,141.744104,43.359633
字札比内,樺戸郡月形町,1107-22,141.744158,43.359551
字札比内,樺戸郡月形町,1107-6,141.743694,43.359516
字札比内,樺戸郡月形町,1107-21,141.743381,43.359415
字札比内,樺戸郡月形町,1107-4,141.744184,43.359179
字札比内,樺戸郡月形町,1108-3,141.745026,43.359746
字札比内,樺戸郡月形町,1108-5,141.744891,43.359787
字札比内,樺戸郡月形町,1108-4,141.744853,43.35999
字札比内,樺戸郡月形町,1108-1,141.744644,43.35994
字札比内,樺戸郡月形町,1343-46,141.745058,43.359992
字札比内,樺戸郡月形町,長狭物不明-7066,141.744393,43.35971
字札比内,樺戸郡月形町,1107-13,141.743996,43.360565
字札比内,樺戸郡月形町,1206-15,141.743654,43.360793
字札比内,樺戸郡月形町,1343-5,141.744026,43.360823
字札比内,樺戸郡月形町,1343-45,141.743989,43.360707
字札比内,樺戸郡月形町,1343-12,141.744544,43.360645
字札比内,樺戸郡月形町,1343-44,141.744397,43.360443
字札比内,樺戸郡月形町,1343-14,141.74489,43.360481
字札比内,樺戸郡月形町,1343-13,141.744981,43.360856
字札比内,樺戸郡月形町,1343-15,141.745492,43.360592
字札比内,樺戸郡月形町,1343-36,141.746225,43.360651
字札比内,樺戸郡月形町,1343-16,141.745859,43.360386
字札比内,樺戸郡月形町,1343-17,141.746087,43.360174
字札比内,樺戸郡月形町,1343-51,141.746187,43.359938
字札比内,樺戸郡月形町,1343-39,141.745879,43.35984
字札比内,樺戸郡月形町,1343-47,141.745305,43.359829
字札比内,樺戸郡月形町,1108-6,141.745098,43.359712
字札比内,樺戸郡月形町,2064,141.745322,43.359748
字札比内,樺戸郡月形町,1343-52,141.745343,43.359787
字札比内,樺戸郡月形町,1108-2,141.745154,43.359553
字札比内,樺戸郡月形町,1286-1,141.745989,43.358812
字札比内,樺戸郡月形町,1343-29,141.746488,43.35949
字札比内,樺戸郡月形町,1343-31,141.747198,43.359517
字札比内,樺戸郡月形町,1343-27,141.74784,43.360179
字札比内,樺戸郡月形町,1343-37,141.746689,43.360232
字札比内,樺戸郡月形町,1343-6,141.747042,43.360562
字札比内,樺戸郡月形町,1343-35,141.746342,43.360729
字札比内,樺戸郡月形町,1343-33,141.747378,43.360681
字札比内,樺戸郡月形町,1343-7,141.747524,43.360337
字札比内,樺戸郡月形町,1344-1,141.748014,43.360974
字札比内,樺戸郡月形町,1344-10,141.746958,43.361401
字札比内,樺戸郡月形町,1343-34,141.746491,43.360879
字札比内,樺戸郡月形町,1343-18,141.745245,43.361143
字札比内,樺戸郡月形町,1343-4,141.745647,43.361218
字札比内,樺戸郡月形町,1344-4,141.745489,43.361859
字札比内,樺戸郡月形町,1344-11,141.745889,43.361902
字札比内,樺戸郡月形町,1344-5,141.746102,43.362157
字札比内,樺戸郡月形町,1344-6,141.745465,43.362165
字札比内,樺戸郡月形町,1344-12,141.745698,43.362413
字札比内,樺戸郡月形町,1343-38,141.745318,43.362924
字札比内,樺戸郡月形町,1252-4,141.745693,43.362937
字札比内,樺戸郡月形町,1344-7,141.745789,43.362682
字札比内,樺戸郡月形町,1344-2,141.746019,43.362609
字札比内,樺戸郡月形町,1116-5,141.746244,43.362614
字札比内,樺戸郡月形町,1116-1,141.747128,43.362647
字札比内,樺戸郡月形町,1252-1,141.747363,43.36428
字札比内,樺戸郡月形町,1252-7,141.747849,43.364737
字札比内,樺戸郡月形町,1252-3,141.746677,43.364921
字札比内,樺戸郡月形町,1252-2,141.746766,43.364738
字札比内,樺戸郡月形町,1253-2,141.745829,43.364001
字札比内,樺戸郡月形町,1253-1,141.745599,43.364266
字札比内,樺戸郡月形町,1253-11,141.745763,43.364713
字札比内,樺戸郡月形町,1131-18,141.745742,43.364847
字札比内,樺戸郡月形町,1131-8,141.745449,43.364878
字札比内,樺戸郡月形町,水-7053,141.746263,43.364587
字札比内,樺戸郡月形町,1253-6,141.745216,43.363984
字札比内,樺戸郡月形町,1253-8,141.744988,43.363717
字札比内,樺戸郡月形町,1253-5,141.745217,43.363659
字札比内,樺戸郡月形町,1253-7,141.745407,43.363662
字札比内,樺戸郡月形町,1253-4,141.74574,43.36356
字札比内,樺戸郡月形町,1252-5,141.745923,43.362966
字札比内,樺戸郡月形町,1253-10,141.745715,43.363319
字札比内,樺戸郡月形町,1253-9,141.745562,43.363399
字札比内,樺戸郡月形町,1343-32,141.745222,43.363189
字札比内,樺戸郡月形町,1253-3,141.744729,43.363677
字札比内,樺戸郡月形町,1253-12,141.744624,43.363813
字札比内,樺戸郡月形町,1131-17,141.744541,43.363896
字札比内,樺戸郡月形町,1284-7,141.743876,43.36337
字札比内,樺戸郡月形町,1343-41,141.744017,43.363332
字札比内,樺戸郡月形町,1343-3,141.744198,43.363218
字札比内,樺戸郡月形町,1284-3,141.742168,43.363229
字札比内,樺戸郡月形町,1284-4,141.742823,43.363931
字札比内,樺戸郡月形町,1131-1,141.743547,43.364903
字札比内,樺戸郡月形町,1131-5,141.744157,43.364288
字札比内,樺戸郡月形町,1131-12,141.744545,43.364458
字札比内,樺戸郡月形町,1131-13,141.744937,43.36445
字札比内,樺戸郡月形町,1131-14,141.744815,43.364657
字札比内,樺戸郡月形町,1131-7,141.744684,43.364562
字札比内,樺戸郡月形町,1131-15,141.744688,43.364869
字札比内,樺戸郡月形町,1131-16,141.744467,43.36524
字札比内,樺戸郡月形町,1131-3,141.744708,43.365416
字札比内,樺戸郡月形町,1132-7,141.74398,43.365747
字札比内,樺戸郡月形町,1132-9,141.744155,43.365757
字札比内,樺戸郡月形町,1125-13,141.743634,43.36599
字札比内,樺戸郡月形町,1205-6,141.743561,43.365901
字札比内,樺戸郡月形町,1205-7,141.743723,43.365807
字札比内,樺戸郡月形町,1132-8,141.743863,43.365724
字札比内,樺戸郡月形町,1131-11,141.744104,43.365202
字札比内,樺戸郡月形町,1131-10,141.744391,43.365063
字札比内,樺戸郡月形町,1125-9,141.743551,43.365958
字札比内,樺戸郡月形町,1124-15,141.742945,43.366633
字札比内,樺戸郡月形町,1124-21,141.743118,43.366913
字札比内,樺戸郡月形町,1125-8,141.743712,43.366214
字札比内,樺戸郡月形町,1125-14,141.743831,43.366312
字札比内,樺戸郡月形町,1132-1,141.744689,43.366061
字札比内,樺戸郡月形町,1125-16,141.74498,43.366662
字札比内,樺戸郡月形町,1125-17,141.744742,43.366826
字札比内,樺戸郡月形町,1125-12,141.744659,43.366762
字札比内,樺戸郡月形町,1125-3,141.744091,43.366821
字札比内,樺戸郡月形町,1125-15,141.744526,43.36697
字札比内,樺戸郡月形町,1254-25,141.744532,43.367086
字札比内,樺戸郡月形町,1119-11,141.745185,43.366652
字札比内,樺戸郡月形町,1119-3,141.7456,43.36668
字札比内,樺戸郡月形町,1119-4,141.745727,43.36641
字札比内,樺戸郡月形町,1132-12,141.745709,43.366177
字札比内,樺戸郡月形町,1132-13,141.745553,43.366281
字札比内,樺戸郡月形町,1119-12,141.745519,43.36643
字札比内,樺戸郡月形町,1119-10,141.745301,43.366576
字札比内,樺戸郡月形町,1132-11,141.74525,43.366482
字札比内,樺戸郡月形町,1132-3,141.745285,43.366038
字札比内,樺戸郡月形町,1132-6,141.745614,43.365785
字札比内,樺戸郡月形町,1131-4,141.74495,43.36508
字札比内,樺戸郡月形町,1131-9,141.745371,43.365097
字札比内,樺戸郡月形町,1132-14,141.746599,43.365581
字札比内,樺戸郡月形町,1132-2,141.746404,43.365569
字札比内,樺戸郡月形町,1132-4,141.745992,43.365738
字札比内,樺戸郡月形町,1132-15,141.746093,43.365924
字札比内,樺戸郡月形町,1132-5,141.745786,43.365945
字札比内,樺戸郡月形町,1132-16,141.745964,43.366008
字札比内,樺戸郡月形町,1119-9,141.746201,43.365979
字札比内,樺戸郡月形町,1132-10,141.746568,43.365501
字札比内,樺戸郡月形町,1252-6,141.746643,43.365413
字札比内,樺戸郡月形町,1252-10,141.746917,43.365109
字札比内,樺戸郡月形町,1252-8,141.747259,43.365131
字札比内,樺戸郡月形町,1252-9,141.747,43.365307
字札比内,樺戸郡月形町,1118-8,141.746886,43.365526
字札比内,樺戸郡月形町,1118-2,141.747453,43.365316
字札比内,樺戸郡月形町,1118-7,141.747222,43.365286
字札比内,樺戸郡月形町,1118-9,141.747572,43.365052
字札比内,樺戸郡月形町,1118-3,141.747676,43.365742
字札比内,樺戸郡月形町,1118-5,141.747383,43.365998
字札比内,樺戸郡月形町,1119-8,141.748243,43.366826
字札比内,樺戸郡月形町,1119-7,141.747066,43.366853
字札比内,樺戸郡月形町,1119-1,141.748113,43.367367
字札比内,樺戸郡月形町,1119-5,141.746424,43.367147
字札比内,樺戸郡月形町,1119-6,141.74711,43.367768
字札比内,樺戸郡月形町,1119-2,141.746242,43.367358
字札比内,樺戸郡月形町,1264-1,141.745292,43.369081
字札比内,樺戸郡月形町,1254-4,141.744998,43.36721
字札比内,樺戸郡月形町,1254-14,141.744163,43.367913
字札比内,樺戸郡月形町,1254-13,141.7438,43.367997
字札比内,樺戸郡月形町,1125-18,141.743926,43.367377
字札比内,樺戸郡月形町,1254-26,141.743813,43.367565
字札比内,樺戸郡月形町,1254-31,141.74395,43.367621
字札比内,樺戸郡月形町,1125-7,141.744059,43.367255
字札比内,樺戸郡月形町,1125-19,141.744079,43.367271
字札比内,樺戸郡月形町,1125-5,141.743931,43.367244
字札比内,樺戸郡月形町,1124-12,141.743528,43.367318
字札比内,樺戸郡月形町,1124-17,141.74315,43.36764
字札比内,樺戸郡月形町,無地番-7030,141.743409,43.367291
字札比内,樺戸郡月形町,長狭物不明-7064,141.742944,43.367484
字札比内,樺戸郡月形町,1124-20,141.743064,43.367302
字札比内,樺戸郡月形町,1124-18,141.742993,43.367188
字札比内,樺戸郡月形町,1124-6,141.742655,43.367195
字札比内,樺戸郡月形町,1124-5,141.74258,43.368052
字札比内,樺戸郡月形町,1124-10,141.742565,43.367763
字札比内,樺戸郡月形町,1124-7,141.742513,43.367634
字札比内,樺戸郡月形町,1124-4,141.74234,43.367936
字札比内,樺戸郡月形町,1124-9,141.74242,43.368127
字札比内,樺戸郡月形町,1124-16,141.742834,43.367949
字札比内,樺戸郡月形町,1124-19,141.742963,43.36785
字札比内,樺戸郡月形町,1254-28,141.74353,43.367746
字札比内,樺戸郡月形町,1254-27,141.743414,43.367822
字札比内,樺戸郡月形町,1254-21,141.742961,43.368749
字札比内,樺戸郡月形町,1254-19,141.743004,43.368381
字札比内,樺戸郡月形町,1254-29,141.742792,43.36825
字札比内,樺戸郡月形町,1254-7,141.742813,43.368324
字札比内,樺戸郡月形町,1254-30,141.742699,43.368322
字札比内,樺戸郡月形町,1124-23,141.742376,43.368261
字札比内,樺戸郡月形町,1254-23,141.742661,43.368479
字札比内,樺戸郡月形町,1254-24,141.742771,43.368483
字札比内,樺戸郡月形町,1254-20,141.742764,43.368647
字札比内,樺戸郡月形町,1254-12,141.742629,43.368703
字札比内,樺戸郡月形町,1254-11,141.742438,43.36865
字札比内,樺戸郡月形町,1255-7,141.742083,43.368704
字札比内,樺戸郡月形町,1255-2,141.742266,43.368835
字札比内,樺戸郡月形町,1255-3,141.742244,43.369124
字札比内,樺戸郡月形町,1254-22,141.742712,43.368946
字札比内,樺戸郡月形町,1254-10,141.742717,43.369216
字札比内,樺戸郡月形町,1254-17,141.742868,43.369165
字札比内,樺戸郡月形町,1254-9,141.743287,43.368964
字札比内,樺戸郡月形町,1254-15,141.742968,43.369075
字札比内,樺戸郡月形町,1254-18,141.743251,43.368808
字札比内,樺戸郡月形町,1254-5,141.743618,43.368254
字札比内,樺戸郡月形町,1254-8,141.744347,43.368837
字札比内,樺戸郡月形町,1254-1,141.745623,43.367578
字札比内,樺戸郡月形町,1254-33,141.743237,43.369367
字札比内,樺戸郡月形町,1264-15,141.743358,43.369585
字札比内,樺戸郡月形町,1254-3,141.743001,43.369558
字札比内,樺戸郡月形町,1254-32,141.743433,43.369165
字札比内,樺戸郡月形町,1255-5,141.742331,43.369277
字札比内,樺戸郡月形町,1255-4,141.742348,43.369345
,樺戸郡月形町,1000-30,141.742223,43.369727
字札比内,樺戸郡月形町,1254-16,141.742498,43.369496
,樺戸郡月形町,1000-16,141.742318,43.369728
,樺戸郡月形町,1000-31,141.742069,43.369757
,樺戸郡月形町,1000-15,141.74239,43.369797
,樺戸郡月形町,1000-14,141.742345,43.369961
,樺戸郡月形町,1000-13,141.742413,43.370065
,樺戸郡月形町,1000-17,141.742084,43.370051
,樺戸郡月形町,1000-3,141.742672,43.370042
,樺戸郡月形町,1000-5,141.742721,43.37021
字札比内,樺戸郡月形町,1264-11,141.743059,43.369784
字札比内,樺戸郡月形町,1264-13,141.743421,43.369817
字札比内,樺戸郡月形町,1264-14,141.743502,43.369762
字札比内,樺戸郡月形町,1264-8,141.743334,43.369989
,樺戸郡月形町,1001-7,141.743373,43.370741
,樺戸郡月形町,1001-23,141.743344,43.370556
,樺戸郡月形町,1001-8,141.74317,43.370655
,樺戸郡月形町,1001-25,141.74298,43.37056
,樺戸郡月形町,1001-26,141.742837,43.370507
,樺戸郡月形町,1001-24,141.743144,43.370452
,樺戸郡月形町,1001-27,141.742822,43.370372
,樺戸郡月形町,道-7023-1,141.74271,43.37037
,樺戸郡月形町,1000-11,141.742549,43.370323
,樺戸郡月形町,1000-2,141.742253,43.370499
,樺戸郡月形町,1000-12,141.742422,43.370376
,樺戸郡月形町,1001-2,141.742878,43.370835
,樺戸郡月形町,1001-22,141.743553,43.37077
,樺戸郡月形町,1001-6,141.743489,43.370935
,樺戸郡月形町,1001-21,141.743661,43.371013
,樺戸郡月形町,1001-20,141.743707,43.37116
,樺戸郡月形町,1001-19,141.743841,43.37125
,樺戸郡月形町,1001-39,141.743664,43.370855
字札比内,樺戸郡月形町,1264-7,141.743675,43.370263
字札比内,樺戸郡月形町,1264-6,141.743879,43.370428
字札比内,樺戸郡月形町,1264-5,141.744067,43.37058
字札比内,樺戸郡月形町,1123-9,141.744587,43.370585
字札比内,樺戸郡月形町,1123-39,141.744889,43.370677
字札比内,樺戸郡月形町,1123-31,141.745036,43.370806
字札比内,樺戸郡月形町,1123-7,141.745076,43.370917
字札比内,樺戸郡月形町,1123-34,141.744894,43.370826
字札比内,樺戸郡月形町,1123-38,141.74476,43.370889
字札比内,樺戸郡月形町,1123-28,141.744703,43.370848
字札比内,樺戸郡月形町,1123-8,141.744615,43.371096
字札比内,樺戸郡月形町,1123-32,141.744649,43.370998
字札比内,樺戸郡月形町,1123-36,141.744555,43.371035
字札比内,樺戸郡月形町,1123-6,141.744839,43.371246
字札比内,樺戸郡月形町,1123-22,141.745261,43.371194
字札比内,樺戸郡月形町,1123-21,141.745242,43.370974
字札比内,樺戸郡月形町,1123-24,141.745584,43.371244
字札比内,樺戸郡月形町,1123-2,141.746056,43.370453
字札比内,樺戸郡月形町,1123-35,141.745277,43.37052
字札比内,樺戸郡月形町,1123-37,141.745078,43.370662
字札比内,樺戸郡月形町,1123-33,141.74528,43.370554
字札比内,樺戸郡月形町,1123-29,141.747287,43.369414
字札比内,樺戸郡月形町,1122-1,141.747906,43.37063
字札比内,樺戸郡月形町,1122-18,141.747823,43.371532
字札比内,樺戸郡月形町,1122-10,141.747499,43.371337
字札比内,樺戸郡月形町,1142-23,141.747629,43.371783
字札比内,樺戸郡月形町,1142-6,141.747354,43.372256
字札比内,樺戸郡月形町,1142-26,141.747336,43.371977
字札比内,樺戸郡月形町,1122-16,141.747304,43.371868
字札比内,樺戸郡月形町,1142-24,141.747176,43.372083
字札比内,樺戸郡月形町,1142-25,141.747092,43.372139
字札比内,樺戸郡月形町,1122-17,141.746845,43.372167
字札比内,樺戸郡月形町,1142-27,141.746815,43.372325
字札比内,樺戸郡月形町,1122-15,141.746794,43.372202
字札比内,樺戸郡月形町,1122-9,141.746779,43.371868
字札比内,樺戸郡月形町,1122-7,141.746673,43.371645
字札比内,樺戸郡月形町,1122-8,141.746976,43.371522
字札比内,樺戸郡月形町,1123-4,141.745103,43.371295
字札比内,樺戸郡月形町,1123-30,141.745055,43.371395
字札比内,樺戸郡月形町,1123-1,141.745166,43.371521
字札比内,樺戸郡月形町,1122-2,141.745394,43.371704
字札比内,樺戸郡月形町,1122-6,141.745581,43.371855
,樺戸郡月形町,1002-49,141.745133,43.372213
,樺戸郡月形町,1002-13,141.745204,43.372265
字札比内,樺戸郡月形町,1122-5,141.745869,43.372082
字札比内,樺戸郡月形町,1122-4,141.746022,43.371913
字札比内,樺戸郡月形町,1122-13,141.746416,43.372175
字札比内,樺戸郡月形町,1122-11,141.746182,43.372329
字札比内,樺戸郡月形町,1122-12,141.74631,43.372446
字札比内,樺戸郡月形町,1122-19,141.74639,43.37249
字札比内,樺戸郡月形町,1142-28,141.746397,43.372584
,樺戸郡月形町,1002-50,141.745774,43.372894
,樺戸郡月形町,1002-18,141.745842,43.37273
,樺戸郡月形町,1002-16,141.745548,43.372517
,樺戸郡月形町,1002-15,141.745432,43.372433
,樺戸郡月形町,1002-14,141.745312,43.372343
,樺戸郡月形町,1002-63,141.745487,43.372782
,樺戸郡月形町,1002-17,141.745679,43.372613
,樺戸郡月形町,1002-62,141.745617,43.372874
,樺戸郡月形町,1002-2,141.745667,43.372962
,樺戸郡月形町,1002-58,141.745605,43.373002
,樺戸郡月形町,1002-23,141.745466,43.372903
,樺戸郡月形町,1002-1,141.745209,43.373015
,樺戸郡月形町,1002-57,141.74538,43.373152
,樺戸郡月形町,1002-55,141.745199,43.373273
,樺戸郡月形町,1002-54,141.745074,43.373348
,樺戸郡月形町,1003-24,141.745232,43.373362
,樺戸郡月形町,1003-30,141.745559,43.373138
,樺戸郡月形町,1003-9,141.746047,43.37288
,樺戸郡月形町,1003-8,141.746161,43.372963
,樺戸郡月形町,1003-7,141.746338,43.373097
,樺戸郡月形町,長狭物不明-7001,141.746263,43.373316
,樺戸郡月形町,1003-6,141.746533,43.373243
,樺戸郡月形町,1003-20,141.746595,43.373383
字札比内,樺戸郡月形町,1142-8,141.747084,43.372994
字札比内,樺戸郡月形町,1142-9,141.746932,43.372874
字札比内,樺戸郡月形町,1142-10,141.746746,43.372814
字札比内,樺戸郡月形町,1142-7,141.746669,43.372665
字札比内,樺戸郡月形町,1142-2,141.746546,43.372566
字札比内,樺戸郡月形町,1142-18,141.746725,43.372442
字札比内,樺戸郡月形町,1142-14,141.746941,43.372317
字札比内,樺戸郡月形町,1142-13,141.747133,43.372546
字札比内,樺戸郡月形町,1142-16,141.748083,43.372593
字札比内,樺戸郡月形町,1142-3,141.747573,43.37293
字札比内,樺戸郡月形町,1262-5,141.747669,43.373489
字札比内,樺戸郡月形町,1262-3,141.747721,43.37359
字札比内,樺戸郡月形町,1262-2,141.747978,43.373731
,樺戸郡月形町,996-13,141.747488,43.373804
,樺戸郡月形町,996-3,141.747391,43.373847
,樺戸郡月形町,1003-10,141.746925,43.373529
,樺戸郡月形町,1003-3,141.74686,43.373483
,樺戸郡月形町,1003-21,141.74678,43.373422
,樺戸郡月形町,999-287,141.747215,43.374176
,樺戸郡月形町,長狭物不明-37,141.747452,43.373921
,樺戸郡月形町,999-272,141.747693,43.374091
,樺戸郡月形町,999-675,141.747787,43.374036
,樺戸郡月形町,999-586,141.747997,43.374326
,樺戸郡月形町,999-286,141.747363,43.374912
,樺戸郡月形町,999-78,141.747073,43.374652
,樺戸郡月形町,996-9,141.746342,43.374364
,樺戸郡月形町,996-12,141.745886,43.374763
,樺戸郡月形町,996-5,141.745185,43.375251
,樺戸郡月形町,996-11,141.745355,43.374889
,樺戸郡月形町,996-1,141.74561,43.374511
,樺戸郡月形町,1003-4,141.744474,43.374387
,樺戸郡月形町,996-10,141.745257,43.374288
,樺戸郡月形町,1003-11,141.745907,43.37338
,樺戸郡月形町,1003-14,141.745568,43.373545
,樺戸郡月形町,1003-18,141.74519,43.373552
,樺戸郡月形町,1003-25,141.745035,43.373491
,樺戸郡月形町,1002-56,141.744956,43.373423
,樺戸郡月形町,1003-13,141.744967,43.373636
,樺戸郡月形町,1003-26,141.74484,43.373621
,樺戸郡月形町,1003-23,141.74451,43.373845
,樺戸郡月形町,道-7018,141.745032,43.373438
,樺戸郡月形町,1003-29,141.74427,43.374008
,樺戸郡月形町,1003-27,141.744116,43.374113
,樺戸郡月形町,1002-51,141.743927,43.374107
,樺戸郡月形町,1003-28,141.743982,43.374203
,樺戸郡月形町,1003-16,141.744191,43.374173
,樺戸郡月形町,1003-19,141.7442,43.374317
,樺戸郡月形町,1003-12,141.744486,43.374005
,樺戸郡月形町,996-4,141.744184,43.375123
,樺戸郡月形町,1003-1,141.743969,43.374463
,樺戸郡月形町,1003-22,141.743412,43.374589
,樺戸郡月形町,1002-52,141.74308,43.374673
,樺戸郡月形町,1002-53,141.742832,43.374853
,樺戸郡月形町,1003-5,141.743495,43.37501
,樺戸郡月形町,1003-31,141.742917,43.374947
,樺戸郡月形町,999-962,141.742482,43.375052
,樺戸郡月形町,999-960,141.742437,43.375101
,樺戸郡月形町,996-17,141.742744,43.375135
,樺戸郡月形町,996-14,141.74248,43.375397
,樺戸郡月形町,996-15,141.742535,43.375185
,樺戸郡月形町,996-16,141.74242,43.37526
,樺戸郡月形町,999-958,141.742142,43.375318
,樺戸郡月形町,999-959,141.742217,43.375248
,樺戸郡月形町,999-471,141.742092,43.375119
,樺戸郡月形町,1002-59,141.742636,43.374849
,樺戸郡月形町,1002-20,141.742421,43.374735
,樺戸郡月形町,1002-19,141.742314,43.374397
,樺戸郡月形町,1002-5,141.742321,43.373505
,樺戸郡月形町,1002-43,141.742526,43.372798
,樺戸郡月形町,1001-67,141.742107,43.372956
,樺戸郡月形町,1001-61,141.742339,43.372799
,樺戸郡月形町,1001-16,141.742333,43.372447
,樺戸郡月形町,1001-60,141.742679,43.372578
,樺戸郡月形町,1002-48,141.743414,43.372235
,樺戸郡月形町,1002-34,141.743513,43.373239
,樺戸郡月形町,1002-28,141.744922,43.373161
,樺戸郡月形町,1002-27,141.744658,43.372991
,樺戸郡月形町,1002-29,141.744026,43.372682
,樺戸郡月形町,1002-60,141.744763,43.372834
,樺戸郡月形町,1002-35,141.745194,43.372729
,樺戸郡月形町,1002-7,141.74493,43.372672
,樺戸郡月形町,1002-4,141.744562,43.372461
,樺戸郡月形町,1002-30,141.743741,43.372735
,樺戸郡月形町,1002-31,141.743784,43.372534
,樺戸郡月形町,1002-26,141.743788,43.372282
,樺戸郡月形町,1002-25,141.743921,43.372103
,樺戸郡月形町,1002-46,141.743574,43.372098
,樺戸郡月形町,1001-32,141.743788,43.371761
,樺戸郡月形町,1001-64,141.743558,43.372004
,樺戸郡月形町,1002-45,141.743984,43.371832
,樺戸郡月形町,1002-44,141.743772,43.371969
,樺戸郡月形町,1002-8,141.74414,43.372031
,樺戸郡月形町,1002-24,141.744298,43.371814
,樺戸郡月形町,1002-64,141.744526,43.372123
,樺戸郡月形町,1002-12,141.744974,43.372095
,樺戸郡月形町,1002-10,141.744754,43.371929
,樺戸郡月形町,1002-11,141.744655,43.372093
,樺戸郡月形町,1002-9,141.744656,43.371856
,樺戸郡月形町,1002-61,141.7446,43.371613
,樺戸郡月形町,1002-3,141.744497,43.371772
字札比内,樺戸郡月形町,1123-5,141.744946,43.371333
,樺戸郡月形町,1001-18,141.74399,43.371361
,樺戸郡月形町,1001-3,141.744155,43.371482
,樺戸郡月形町,1001-57,141.744245,43.371549
,樺戸郡月形町,1002-47,141.744107,43.371747
,樺戸郡月形町,1002-65,141.744051,43.371787
,樺戸郡月形町,1001-68,141.743319,43.371626
,樺戸郡月形町,1001-31,141.743388,43.372007
,樺戸郡月形町,1001-65,141.743449,43.372076
,樺戸郡月形町,1001-35,141.743201,43.372131
,樺戸郡月形町,1001-62,141.743184,43.372251
,樺戸郡月形町,1001-34,141.742924,43.371948
,樺戸郡月形町,1001-69,141.742579,43.372256
,樺戸郡月形町,1001-15,141.742951,43.371142
,樺戸郡月形町,1001-5,141.741957,43.371562
,樺戸郡月形町,1001-14,141.741013,43.372047
,樺戸郡月形町,1001-42,141.740774,43.372053
,樺戸郡月形町,1001-43,141.740658,43.371842
,樺戸郡月形町,4007,141.740707,43.371716
,樺戸郡月形町,1000-25,141.740695,43.371685
,樺戸郡月形町,1000-27,141.740666,43.371077
,樺戸郡月形町,1000-24,141.740486,43.37163
,樺戸郡月形町,1000-18,141.740282,43.371656
,樺戸郡月形町,1000-26,141.74035,43.371673
,樺戸郡月形町,1000-10,141.74029,43.371563
,樺戸郡月形町,1008-217,141.73989,43.371636
,樺戸郡月形町,1008-525,141.73985,43.3714
,樺戸郡月形町,1008-221,141.739553,43.371787
,樺戸郡月形町,1000-1,141.739636,43.372242
,樺戸郡月形町,1000-23,141.740417,43.371798
,樺戸郡月形町,道-7023,141.740522,43.371841
,樺戸郡月形町,1001-40,141.740539,43.372081
,樺戸郡月形町,1001-48,141.740458,43.372817
,樺戸郡月形町,1001-9,141.740161,43.372511
,樺戸郡月形町,3974,141.738234,43.373382
,樺戸郡月形町,1001-12,141.739134,43.373325
,樺戸郡月形町,1001-41,141.740519,43.372925
,樺戸郡月形町,1001-71,141.740415,43.372976
,樺戸郡月形町,1001-70,141.74038,43.373031
,樺戸郡月形町,1001-47,141.740469,43.373066
,樺戸郡月形町,1001-44,141.740767,43.373244
,樺戸郡月形町,1001-51,141.740692,43.373108
,樺戸郡月形町,1001-53,141.740873,43.373075
,樺戸郡月形町,1001-46,141.740673,43.372851
,樺戸郡月形町,1001-45,141.740659,43.37231
,樺戸郡月形町,1001-29,141.741035,43.372552
,樺戸郡月形町,1001-13W1,141.741262,43.372728
,樺戸郡月形町,1001-1,141.741387,43.372827
,樺戸郡月形町,1001-33,141.742061,43.37259
,樺戸郡月形町,1001-17,141.741899,43.372774
,樺戸郡月形町,1001-37,141.742031,43.372899
,樺戸郡月形町,1001-63,141.741972,43.373047
,樺戸郡月形町,1001-36,141.741605,43.372984
,樺戸郡月形町,1001-28,141.741233,43.373178
,樺戸郡月形町,1001-66,141.7419,43.37309
,樺戸郡月形町,道-7021,141.744144,43.371663
,樺戸郡月形町,1001-56,141.741094,43.373622
,樺戸郡月形町,1001-50,141.740965,43.373607
,樺戸郡月形町,1001-52,141.740917,43.373533
,樺戸郡月形町,1001-49,141.740716,43.373658
,樺戸郡月形町,1001-55,141.740932,43.373726
,樺戸郡月形町,1001-59,141.740986,43.373655
,樺戸郡月形町,1002-42,141.741254,43.373633
,樺戸郡月形町,1002-40,141.740636,43.374416
,樺戸郡月形町,1002-32,141.741624,43.374568
,樺戸郡月形町,999-469,141.741729,43.37511
,樺戸郡月形町,999-468,141.741274,43.375226
,樺戸郡月形町,999-472,141.741737,43.374915
,樺戸郡月形町,1001-58,141.739426,43.374733
,樺戸郡月形町,1002-39,141.740091,43.374813
,樺戸郡月形町,1002-41,141.740208,43.374833
,樺戸郡月形町,1002-33,141.740575,43.374639
,樺戸郡月形町,999-701,141.739759,43.375007
,樺戸郡月形町,999-687,141.739372,43.375185
,樺戸郡月形町,999-700,141.739547,43.37515
,樺戸郡月形町,999-686,141.739338,43.375239
,樺戸郡月形町,1001-72,141.739354,43.374723
,樺戸郡月形町,1002-37,141.739732,43.374717
,樺戸郡月形町,1001-11,141.739256,43.374387
,樺戸郡月形町,1001-13W2,141.740428,43.373285
,樺戸郡月形町,1001-30,141.739847,43.3739
,樺戸郡月形町,1001-38,141.739593,43.37416
,樺戸郡月形町,1001-54,141.740122,43.374282
,樺戸郡月形町,1002-36,141.740243,43.374471
,樺戸郡月形町,1002-38,141.740354,43.374622
,樺戸郡月形町,1001-10,141.740228,43.373733
,樺戸郡月形町,1001-74,141.740289,43.373205
,樺戸郡月形町,1001-75,141.739225,43.373801
,樺戸郡月形町,1006-343,141.738482,43.374082
,樺戸郡月形町,1001-73,141.73908,43.374506
,樺戸郡月形町,1006-782,141.738663,43.374665
,樺戸郡月形町,1006-781,141.739028,43.374771
,樺戸郡月形町,998-15,141.7393,43.375294
,樺戸郡月形町,1006-783,141.739227,43.374854
,樺戸郡月形町,1006-780,141.737782,43.374933
,樺戸郡月形町,1006-778,141.737305,43.374398
,樺戸郡月形町,1006-777,141.737103,43.374493
,樺戸郡月形町,1006-779,141.737555,43.375825
,樺戸郡月形町,1006-775,141.736759,43.373977
,樺戸郡月形町,1000-29,141.735992,43.372657
,樺戸郡月形町,1008-611,141.736383,43.372426
,樺戸郡月形町,1008-526,141.736928,43.372376
,樺戸郡月形町,1008-216,141.736746,43.372499
,樺戸郡月形町,1000-19,141.737428,43.372698
,樺戸郡月形町,1006-776,141.737525,43.373078
,樺戸郡月形町,1000-9,141.73699,43.372888
,樺戸郡月形町,1000-7,141.738514,43.372787
,樺戸郡月形町,1008-524,141.738111,43.372228
,樺戸郡月形町,道-7030,141.738477,43.37148
,樺戸郡月形町,1008-57,141.738178,43.371695
,樺戸郡月形町,1008-215,141.738858,43.371916
,樺戸郡月形町,1008-182,141.737369,43.371501
,樺戸郡月形町,1008-280,141.736788,43.37229
,樺戸郡月形町,1008-2,141.737362,43.37097
,樺戸郡月形町,3976,141.73798,43.371068
,樺戸郡月形町,1008-277,141.736411,43.369491
,樺戸郡月形町,1008-347,141.736842,43.369205
,樺戸郡月形町,1008-55,141.737156,43.369948
,樺戸郡月形町,1008-466,141.737655,43.369385
,樺戸郡月形町,1008-462,141.739023,43.369559
,樺戸郡月形町,1008-461,141.737825,43.370497
,樺戸郡月形町,1008-56,141.738808,43.370752
,樺戸郡月形町,1008-107,141.739668,43.37098
,樺戸郡月形町,4006,141.741142,43.371423
,樺戸郡月形町,1000-4,141.741631,43.370715
,樺戸郡月形町,1000-20,141.741929,43.370304
,樺戸郡月形町,1000-28,141.741487,43.370381
,樺戸郡月形町,1008-245,141.741075,43.370589
,樺戸郡月形町,1008-218,141.740767,43.370593
,樺戸郡月形町,1008-243,141.740779,43.369749
,樺戸郡月形町,1008-710,141.74158,43.370084
,樺戸郡月形町,1008-219,141.741554,43.369865
,樺戸郡月形町,1008-153,141.741627,43.369966
,樺戸郡月形町,1008-137,141.74143,43.369582
,樺戸郡月形町,1008-472,141.74177,43.369324
,樺戸郡月形町,1008-516,141.741843,43.369371
,樺戸郡月形町,1008-252,141.741912,43.369431
,樺戸郡月形町,1008-108,141.741518,43.369202
,樺戸郡月形町,1008-514,141.741611,43.369257
,樺戸郡月形町,1008-473,141.741658,43.369287
,樺戸郡月形町,1008-515,141.74173,43.369448
,樺戸郡月形町,無地番-7005,141.741071,43.369443
,樺戸郡月形町,1008-761,141.741357,43.369798
,樺戸郡月形町,1008-791,141.740935,43.369644
,樺戸郡月形町,1008-760,141.740906,43.369458
,樺戸郡月形町,1008-134,141.740981,43.369209
,樺戸郡月形町,3978,141.740306,43.369395
,樺戸郡月形町,1008-774,141.740217,43.369334
,樺戸郡月形町,1008-762,141.740468,43.369499
,樺戸郡月形町,1008-242,141.74034,43.369967
,樺戸郡月形町,1008-79,141.740278,43.370166
,樺戸郡月形町,1008-240,141.740107,43.369831
,樺戸郡月形町,道-7026,141.739186,43.370171
,樺戸郡月形町,1008-92,141.739817,43.36942
,樺戸郡月形町,1008-775,141.739673,43.368975
,樺戸郡月形町,1008-783,141.739424,43.368916
,樺戸郡月形町,1008-782,141.739345,43.368867
,樺戸郡月形町,1008-773,141.739363,43.368822
,樺戸郡月形町,1008-141,141.739462,43.3683
,樺戸郡月形町,1008-521,141.740508,43.368401
,樺戸郡月形町,1008-344,141.740386,43.36884
,樺戸郡月形町,道-7024,141.740877,43.369002
,樺戸郡月形町,1008-513,141.740844,43.368716
,樺戸郡月形町,1008-442,141.740944,43.368851
,樺戸郡月形町,1008-443,141.741075,43.368762
,樺戸郡月形町,1008-247,141.741225,43.368905
,樺戸郡月形町,1008-248,141.741368,43.369055
字札比内,樺戸郡月形町,1255-1,141.742027,43.368917
字札比内,樺戸郡月形町,1255-6,141.742038,43.368733
字札比内,樺戸郡月形町,1124-22,141.741786,43.36872
字札比内,樺戸郡月形町,1124-14,141.741565,43.368546
字札比内,樺戸郡月形町,1124-24,141.741918,43.368343
字札比内,樺戸郡月形町,1124-8,141.741286,43.368188
,樺戸郡月形町,1008-522,141.740597,43.368456
字札比内,樺戸郡月形町,1124-1,141.740976,43.367936
字札比内,樺戸郡月形町,1124-3,141.74181,43.368111
字札比内,樺戸郡月形町,1124-2,141.741724,43.367671
字札比内,樺戸郡月形町,無地番-7029,141.741711,43.36793
字札比内,樺戸郡月形町,1205-3,141.739811,43.367245
字札比内,樺戸郡月形町,1205-5,141.739974,43.367396
,樺戸郡月形町,1008-345,141.739713,43.367972
,樺戸郡月形町,1008-104,141.739341,43.367414
,樺戸郡月形町,1008-271,141.739131,43.367294
,樺戸郡月形町,1008-4,141.737927,43.367191
,樺戸郡月形町,1008-282,141.738395,43.367643
,樺戸郡月形町,1008-274,141.738847,43.367807
,樺戸郡月形町,1008-784,141.738438,43.368566
,樺戸郡月形町,1008-776,141.738557,43.368545
,樺戸郡月形町,1008-790,141.740192,43.369109
,樺戸郡月形町,1008-786,141.738377,43.368555
,樺戸郡月形町,1008-765,141.73796,43.368414
,樺戸郡月形町,1008-785,141.73709,43.368411
,樺戸郡月形町,1008-276,141.73745,43.368802
,樺戸郡月形町,1008-132,141.736047,43.368853
,樺戸郡月形町,1008-764,141.736993,43.368336
,樺戸郡月形町,1008-54,141.737076,43.367757
,樺戸郡月形町,1008-460,141.737456,43.368007
,樺戸郡月形町,1008-53,141.736414,43.367297
,樺戸郡月形町,1008-429,141.735152,43.367812
,樺戸郡月形町,1008-94,141.734521,43.367625
,樺戸郡月形町,1008-553,141.733339,43.367662
,樺戸郡月形町,1008-587,141.733429,43.367772
,樺戸郡月形町,1008-590,141.733171,43.367944
,樺戸郡月形町,3977,141.734215,43.368015
,樺戸郡月形町,1008-772,141.734725,43.368609
,樺戸郡月形町,1008-346,141.733626,43.368419
,樺戸郡月形町,1008-144,141.732903,43.368475
,樺戸郡月形町,1008-771,141.734093,43.368724
,樺戸郡月形町,1008-787,141.733272,43.368764
,樺戸郡月形町,1008-335,141.733038,43.369213
,樺戸郡月形町,1008-336,141.733792,43.369099
,樺戸郡月形町,1008-770,141.734825,43.368586
,樺戸郡月形町,1008-788,141.734797,43.368484
,樺戸郡月形町,1008-789,141.734971,43.368454
,樺戸郡月形町,1008-763,141.735015,43.368551
,樺戸郡月形町,1008-130,141.735108,43.368633
,樺戸郡月形町,1008-58,141.735547,43.369425
,樺戸郡月形町,1008-428,141.734404,43.370022
,樺戸郡月形町,1008-733,141.735067,43.369816
,樺戸郡月形町,1008-606,141.735872,43.369829
,樺戸郡月形町,1008-264,141.735772,43.371138
,樺戸郡月形町,1008-180,141.73465,43.371155
,樺戸郡月形町,1008-738,141.735135,43.370314
,樺戸郡月形町,1008-734,141.734276,43.37039
,樺戸郡月形町,1008-60,141.732898,43.371062
,樺戸郡月形町,1008-736,141.733523,43.370181
,樺戸郡月形町,1008-427,141.733284,43.369717
,樺戸郡月形町,1008-109,141.733891,43.369575
,樺戸郡月形町,1008-81,141.731444,43.369886
,樺戸郡月形町,1008-464,141.732142,43.370059
,樺戸郡月形町,1008-463,141.732943,43.369948
,樺戸郡月形町,1008-735,141.732195,43.371049
,樺戸郡月形町,1008-465,141.732189,43.370263
,樺戸郡月形町,1008-337,141.73078,43.370842
,樺戸郡月形町,1008-769,141.731054,43.369477
,樺戸郡月形町,1008-149,141.73126,43.369247
,樺戸郡月形町,1008-583,141.730643,43.369646
,樺戸郡月形町,1008-607,141.730556,43.3695
,樺戸郡月形町,1008-511,141.73024,43.368979
,樺戸郡月形町,1008-258,141.730426,43.368348
,樺戸郡月形町,1008-724,141.730737,43.368651
,樺戸郡月形町,1008-19,141.731257,43.368418
,樺戸郡月形町,1008-722,141.731036,43.368894
,樺戸郡月形町,1008-581,141.731234,43.369058
,樺戸郡月形町,1008-586,141.731635,43.36897
,樺戸郡月形町,1008-129,141.731565,43.369076
,樺戸郡月形町,1008-317,141.731388,43.369212
,樺戸郡月形町,1008-579,141.731391,43.368954
,樺戸郡月形町,1008-139,141.732001,43.368848
,樺戸郡月形町,1008-768,141.732416,43.369026
,樺戸郡月形町,1008-614,141.733156,43.368195
,樺戸郡月形町,1008-588,141.732573,43.368344
,樺戸郡月形町,1008-582,141.73208,43.368496
,樺戸郡月形町,1008-253,141.732158,43.367744
,樺戸郡月形町,1008-580,141.732589,43.368157
,樺戸郡月形町,1008-18,141.732925,43.367338
,樺戸郡月形町,1008-207,141.731291,43.367253
,樺戸郡月形町,1008-507,141.731201,43.367827
,樺戸郡月形町,1008-508,141.730695,43.367973
,樺戸郡月形町,1008-509,141.730277,43.367816
,樺戸郡月形町,1008-480,141.72998,43.367554
,樺戸郡月形町,1008-80,141.72929,43.367463
,樺戸郡月形町,1008-723,141.729548,43.367733
,樺戸郡月形町,1008-259,141.7296,43.368499
,樺戸郡月形町,1008-22,141.727877,43.368634
,樺戸郡月形町,1008-23,141.725755,43.367432
,樺戸郡月形町,1008-26,141.72419,43.368583
,樺戸郡月形町,1008-85,141.722592,43.369891
,樺戸郡月形町,1008-713,141.726274,43.369286
,樺戸郡月形町,1008-467,141.72479,43.371125
,樺戸郡月形町,長狭物不明-39,141.725872,43.371168
,樺戸郡月形町,1008-25,141.726348,43.370924
,樺戸郡月形町,1008-560,141.728283,43.371205
,樺戸郡月形町,1008-341,141.728662,43.371127
,樺戸郡月形町,1008-562,141.728552,43.371026
,樺戸郡月形町,長狭物不明-35,141.730056,43.369608
,樺戸郡月形町,1008-608,141.730023,43.36985
,樺戸郡月形町,1008-589,141.729732,43.370044
,樺戸郡月形町,1008-113,141.73027,43.370521
,樺戸郡月形町,1008-766,141.730059,43.370081
,樺戸郡月形町,1008-585,141.730227,43.369917
,樺戸郡月形町,1008-146,141.728139,43.370344
,樺戸郡月形町,1008-84,141.728663,43.370417
,樺戸郡月形町,1008-584,141.728994,43.370539
,樺戸郡月形町,1008-767,141.729321,43.371451
,樺戸郡月形町,1008-339,141.728816,43.371446
,樺戸郡月形町,1008-342,141.729195,43.37206
,樺戸郡月形町,1008-199,141.729299,43.373168
,樺戸郡月形町,1008-376,141.727802,43.373225
,樺戸郡月形町,1008-377,141.727764,43.373724
,樺戸郡月形町,1008-114,141.727799,43.371871
,樺戸郡月形町,1008-343,141.728333,43.371982
,樺戸郡月形町,1008-340,141.728118,43.371513
,樺戸郡月形町,1008-561,141.728058,43.371354
,樺戸郡月形町,1008-543,141.727987,43.371211
,樺戸郡月形町,1008-558,141.727512,43.371717
,樺戸郡月形町,1008-96,141.726967,43.37143
,樺戸郡月形町,1008-559,141.72707,43.372009
,樺戸郡月形町,1008-115,141.727153,43.372073
,樺戸郡月形町,1008-117,141.726978,43.372212
,樺戸郡月形町,1008-604,141.726899,43.372121
,樺戸郡月形町,1008-576,141.726681,43.3721
,樺戸郡月形町,1008-101,141.726094,43.371685
,樺戸郡月形町,1008-577,141.726472,43.372236
,樺戸郡月形町,1008-574,141.726387,43.372292
,樺戸郡月形町,1008-470,141.726089,43.372309
,樺戸郡月形町,1008-469,141.726138,43.371978
,樺戸郡月形町,道-7035,141.726113,43.371356
,樺戸郡月形町,1008-27,141.725444,43.371425
,樺戸郡月形町,1008-396,141.724734,43.371952
,樺戸郡月形町,1008-484,141.724779,43.371602
,樺戸郡月形町,1008-99,141.72541,43.372301
,樺戸郡月形町,1008-183,141.724386,43.372687
,樺戸郡月形町,1008-503,141.725205,43.373195
,樺戸郡月形町,1008-533,141.725099,43.373129
,樺戸郡月形町,1008-100,141.7252,43.372901
,樺戸郡月形町,1008-539,141.725502,43.372863
,樺戸郡月形町,1008-504,141.725695,43.372963
,樺戸郡月形町,1008-379,141.725728,43.373344
,樺戸郡月形町,1008-378,141.726292,43.373127
,樺戸郡月形町,1008-575,141.725956,43.372569
,樺戸郡月形町,1008-500,141.726104,43.372546
,樺戸郡月形町,1008-501,141.726171,43.372475
,樺戸郡月形町,1008-578,141.726227,43.372399
,樺戸郡月形町,1008-538,141.726381,43.372468
,樺戸郡月形町,1008-537,141.726339,43.372496
,樺戸郡月形町,1008-380,141.726337,43.372696
,樺戸郡月形町,1008-381,141.72653,43.372866
,樺戸郡月形町,1008-605,141.726574,43.372339
,樺戸郡月形町,1008-397,141.726775,43.372329
,樺戸郡月形町,1008-382,141.726926,43.372651
,樺戸郡月形町,1008-471,141.725995,43.373748
,樺戸郡月形町,1008-384,141.726722,43.37452
,樺戸郡月形町,1008-691,141.725632,43.373645
,樺戸郡月形町,1008-385,141.725365,43.373795
,樺戸郡月形町,1008-693,141.725486,43.373715
,樺戸郡月形町,1008-615,141.725115,43.373775
,樺戸郡月形町,1008-386,141.725084,43.37357
,樺戸郡月形町,1008-694,141.725221,43.3735
,樺戸郡月形町,1008-690,141.725337,43.37345
,樺戸郡月形町,1008-502,141.725029,43.373276
,樺戸郡月形町,1008-548,141.72466,43.373606
,樺戸郡月形町,1008-536,141.724879,43.373277
,樺戸郡月形町,1008-184,141.724244,43.373318
,樺戸郡月形町,1008-531,141.724084,43.373987
,樺戸郡月形町,1008-388,141.72486,43.373686
,樺戸郡月形町,1008-478,141.724074,43.374048
,樺戸郡月形町,1008-406,141.724323,43.374341
,樺戸郡月形町,1008-387,141.725118,43.37389
,樺戸郡月形町,1008-689,141.725287,43.374025
,樺戸郡月形町,1008-695,141.725432,43.374025
,樺戸郡月形町,1008-692,141.725564,43.373935
,樺戸郡月形町,1008-399,141.725375,43.374803
,樺戸郡月形町,1008-257,141.72584,43.374939
,樺戸郡月形町,1008-477,141.724761,43.374531
,樺戸郡月形町,1008-403,141.72485,43.374391
,樺戸郡月形町,1008-405,141.724233,43.374513
,樺戸郡月形町,1008-400,141.724828,43.375027
,樺戸郡月形町,1008-391,141.724589,43.375263
,樺戸郡月形町,1008-398,141.725359,43.375348
,樺戸郡月形町,1008-476,141.725375,43.375025
字札比内,樺戸郡月形町,1432-4,141.726046,43.375284
,樺戸郡月形町,1008-67,141.726092,43.374492
,樺戸郡月形町,1008-389,141.726921,43.374864
字札比内,樺戸郡月形町,1432-3,141.727091,43.374772
,樺戸郡月形町,1009-128,141.727173,43.374878
,樺戸郡月形町,1009-24,141.726912,43.375159
,樺戸郡月形町,1009-270,141.726885,43.375353
,樺戸郡月形町,1009-6,141.728565,43.374847
,樺戸郡月形町,1009-127,141.727473,43.374689
,樺戸郡月形町,1009-23,141.727566,43.374922
字札比内,樺戸郡月形町,1432-2,141.727231,43.374616
,樺戸郡月形町,1008-66,141.726821,43.373687
,樺戸郡月形町,1008-170,141.729042,43.374136
,樺戸郡月形町,1008-65,141.729427,43.374134
,樺戸郡月形町,3968,141.728792,43.373499
,樺戸郡月形町,1008-63,141.730101,43.373635
,樺戸郡月形町,1009-72,141.72996,43.374684
,樺戸郡月形町,1009-53,141.729708,43.374569
,樺戸郡月形町,1009-73,141.729217,43.374821
字札比内,樺戸郡月形町,1432-1,141.729199,43.374377
,樺戸郡月形町,1009-92,141.73003,43.375202
,樺戸郡月形町,1009-22,141.73052,43.374384
,樺戸郡月形町,1006-765,141.732529,43.37536
,樺戸郡月形町,1009-242,141.731783,43.374256
,樺戸郡月形町,1009-77,141.732281,43.374027
,樺戸郡月形町,1009-78,141.732453,43.373813
字札比内,樺戸郡月形町,1431-4,141.732536,43.373545
字札比内,樺戸郡月形町,1431-1,141.73218,43.37365
,樺戸郡月形町,1009-20,141.732257,43.373749
,樺戸郡月形町,1008-64,141.730972,43.373584
字札比内,樺戸郡月形町,1431-2,141.731018,43.373889
,樺戸郡月形町,1009-21,141.731472,43.374077
字札比内,樺戸郡月形町,1431-3,141.729901,43.374043
,樺戸郡月形町,1008-198,141.730331,43.37303
,樺戸郡月形町,1008-197,141.731022,43.373147
,樺戸郡月形町,1008-208,141.731566,43.372674
,樺戸郡月形町,1008-211,141.731716,43.372398
,樺戸郡月形町,1008-112,141.730857,43.371706
,樺戸郡月形町,1008-727,141.732141,43.372184
,樺戸郡月形町,3975,141.732245,43.371389
,樺戸郡月形町,1008-737,141.732049,43.371827
,樺戸郡月形町,1008-338,141.732291,43.371716
,樺戸郡月形町,1008-726,141.732657,43.372113
,樺戸郡月形町,1008-725,141.732498,43.372568
,樺戸郡月形町,1008-210,141.73178,43.373
,樺戸郡月形町,1008-62,141.73219,43.373177
,樺戸郡月形町,1008-209,141.732456,43.373323
,樺戸郡月形町,1008-612,141.733708,43.373166
,樺戸郡月形町,道-7028-1,141.734199,43.372972
,樺戸郡月形町,1008-214,141.734529,43.372779
,樺戸郡月形町,1008-61,141.733214,43.372742
,樺戸郡月形町,1008-59,141.733172,43.371685
,樺戸郡月形町,1008-613,141.73407,43.37222
,樺戸郡月形町,1008-181,141.736318,43.371984
,樺戸郡月形町,1000-32,141.735315,43.372752
,樺戸郡月形町,1008-223,141.735363,43.372453
,樺戸郡月形町,1006-770,141.736338,43.373495
,樺戸郡月形町,1006-769,141.734387,43.373982
,樺戸郡月形町,1006-768,141.733632,43.374391
,樺戸郡月形町,1006-767,141.733355,43.374559
,樺戸郡月形町,1006-772,141.734755,43.375295
,樺戸郡月形町,1006-773,141.734926,43.375186
,樺戸郡月形町,1006-774,141.735496,43.37481
,樺戸郡月形町,1006-864,141.735588,43.375955
,樺戸郡月形町,1006-865,141.735682,43.375929
,樺戸郡月形町,1006-372,141.735778,43.375902
,樺戸郡月形町,1006-213,141.735916,43.375873
,樺戸郡月形町,1006-39,141.735409,43.376292
,樺戸郡月形町,1006-863,141.735517,43.376013
,樺戸郡月形町,1006-47,141.734421,43.376296
,樺戸郡月形町,1006-771,141.734353,43.375358
,樺戸郡月形町,1006-766,141.733817,43.375292
,樺戸郡月形町,1006-334,141.733903,43.376096
,樺戸郡月形町,1006-214,141.734614,43.376524
,樺戸郡月形町,1006-454,141.733297,43.377237
,樺戸郡月形町,1006-38,141.735074,43.377102
,樺戸郡月形町,1006-520,141.735805,43.376687
,樺戸郡月形町,1006-734,141.736112,43.376932
,樺戸郡月形町,1006-735,141.735726,43.377188
,樺戸郡月形町,1006-486,141.736035,43.377839
,樺戸郡月形町,1006-910,141.735891,43.377924
,樺戸郡月形町,1006-758,141.734761,43.377835
,樺戸郡月形町,1006-753,141.734761,43.37796
,樺戸郡月形町,999-682,141.73613,43.378148
,樺戸郡月形町,1006-911,141.735891,43.378342
,樺戸郡月形町,1006-487,141.735974,43.37851
,樺戸郡月形町,1005-66,141.735871,43.378837
,樺戸郡月形町,1005-35,141.735813,43.378824
,樺戸郡月形町,1005-36,141.736073,43.378821
,樺戸郡月形町,1005-38,141.736055,43.379397
,樺戸郡月形町,1005-41,141.736038,43.379437
,樺戸郡月形町,1005-40,141.735849,43.379492
,樺戸郡月形町,1005-65,141.735679,43.379473
,樺戸郡月形町,1005-63,141.735738,43.379299
,樺戸郡月形町,長狭物不明-7016,141.732835,43.380239
,樺戸郡月形町,1006-2,141.734908,43.37868
,樺戸郡月形町,1006-741,141.733409,43.379329
,樺戸郡月形町,1006-359,141.733191,43.378945
,樺戸郡月形町,1006-360,141.732928,43.378879
,樺戸郡月形町,1006-358,141.733503,43.378892
,樺戸郡月形町,1006-759,141.733617,43.379052
,樺戸郡月形町,1006-743,141.733666,43.378985
,樺戸郡月形町,1006-739,141.733769,43.378843
,樺戸郡月形町,1006-742,141.733736,43.378888
,樺戸郡月形町,1006-760,141.733689,43.378916
,樺戸郡月形町,1006-740,141.733997,43.378533
,樺戸郡月形町,1006-736,141.734407,43.378073
,樺戸郡月形町,1006-738,141.734288,43.378133
,樺戸郡月形町,1006-215,141.734116,43.377852
,樺戸郡月形町,1006-737,141.734533,43.377988
,樺戸郡月形町,1006-364,141.734621,43.377676
,樺戸郡月形町,1006-453,141.73431,43.377518
,樺戸郡月形町,1006-37,141.733094,43.377466
,樺戸郡月形町,1006-361,141.732596,43.378374
,樺戸郡月形町,1006-32,141.733035,43.378106
,樺戸郡月形町,1006-36,141.733095,43.379276
,樺戸郡月形町,1006-363,141.731958,43.378592
,樺戸郡月形町,1006-31,141.731613,43.379438
,樺戸郡月形町,1006-423,141.730399,43.379373
,樺戸郡月形町,1006-35,141.731998,43.377314
,樺戸郡月形町,1006-355,141.730362,43.378301
,樺戸郡月形町,1006-362,141.731139,43.37788
,樺戸郡月形町,1006-878,141.730414,43.377409
,樺戸郡月形町,1006-881,141.73067,43.3774
,樺戸郡月形町,1006-884,141.730801,43.377476
,樺戸郡月形町,1006-882,141.730648,43.377298
,樺戸郡月形町,1006-883,141.730572,43.377346
,樺戸郡月形町,1006-879,141.730562,43.377215
,樺戸郡月形町,1006-353,141.730805,43.377199
,樺戸郡月形町,1006-880,141.730916,43.377144
,樺戸郡月形町,1006-477,141.731133,43.377271
,樺戸郡月形町,1006-338,141.732691,43.377535
,樺戸郡月形町,1006-45,141.732568,43.377025
,樺戸郡月形町,1006-368,141.731759,43.376994
,樺戸郡月形町,1006-366,141.732898,43.376289
,樺戸郡月形町,1006-369,141.731796,43.375918
,樺戸郡月形町,1006-367,141.731326,43.376317
,樺戸郡月形町,1009-167,141.729726,43.375458
,樺戸郡月形町,1009-52,141.729285,43.375927
,樺戸郡月形町,1009-307,141.72979,43.376481
,樺戸郡月形町,1009-247,141.729597,43.376806
,樺戸郡月形町,1006-523,141.72926,43.377657
,樺戸郡月形町,1009-248,141.728613,43.377936
,樺戸郡月形町,1009-74,141.728244,43.37691
,樺戸郡月形町,1009-126,141.728592,43.37553
,樺戸郡月形町,1009-125,141.726793,43.376099
,樺戸郡月形町,道-7034,141.726823,43.376836
,樺戸郡月形町,1009-84,141.726385,43.375355
,樺戸郡月形町,1008-430,141.724995,43.375589
,樺戸郡月形町,1008-392,141.724473,43.375387
,樺戸郡月形町,1008-390,141.724537,43.375855
,樺戸郡月形町,1009-25,141.725515,43.376118
字札比内,樺戸郡月形町,1433-1,141.724832,43.376383
,樺戸郡月形町,1008-435,141.725118,43.375939
,樺戸郡月形町,1008-434,141.725296,43.375847
,樺戸郡月形町,1009-85,141.725339,43.376778
,樺戸郡月形町,1009-27,141.724791,43.376667
字札比内,樺戸郡月形町,1433-2,141.724424,43.376773
,樺戸郡月形町,1009-66,141.726374,43.377481
,樺戸郡月形町,1009-26,141.726,43.378432
,樺戸郡月形町,1009-275,141.725846,43.378507
,樺戸郡月形町,1009-273,141.725481,43.37823
,樺戸郡月形町,水-7001,141.740125,43.371712
,樺戸郡月形町,1009-274,141.724846,43.37772
,樺戸郡月形町,1009-276,141.724843,43.377704
,樺戸郡月形町,1009-28,141.725772,43.37918
,樺戸郡月形町,1009-83,141.724296,43.379503
,樺戸郡月形町,1009-249,141.726951,43.379009
,樺戸郡月形町,1006-521,141.726733,43.379439
,樺戸郡月形町,1006-351,141.728376,43.379059
,樺戸郡月形町,1006-526,141.727885,43.378686
,樺戸郡月形町,1009-250,141.727428,43.378763
,樺戸郡月形町,1006-525,141.728441,43.378329
,樺戸郡月形町,1006-524,141.728978,43.377958
,樺戸郡月形町,1006-527,141.729084,43.377845
,樺戸郡月形町,1006-352,141.729107,43.377931
,樺戸郡月形町,1006-33,141.729678,43.377863
,樺戸郡月形町,1006-356,141.730036,43.378125
,樺戸郡月形町,1006-354,141.729936,43.378392
,樺戸郡月形町,1006-483,141.730083,43.378445
,樺戸郡月形町,1006-357,141.729447,43.378966
,樺戸郡月形町,1006-476,141.729372,43.379626
,樺戸郡月形町,1006-484,141.728896,43.380251
,樺戸郡月形町,1006-452,141.729794,43.381501
,樺戸郡月形町,1006-794,141.729173,43.381668
,樺戸郡月形町,1006-489,141.729122,43.38168
,樺戸郡月形町,1006-218,141.72862,43.381149
,樺戸郡月形町,1006-480,141.728367,43.380952
,樺戸郡月形町,道-7039,141.730726,43.38237
,樺戸郡月形町,1006-492,141.728078,43.381265
,樺戸郡月形町,1006-790,141.727987,43.381194
,樺戸郡月形町,1006-500,141.727621,43.381176
,樺戸郡月形町,1006-795,141.727516,43.381166
,樺戸郡月形町,1006-791,141.727502,43.381005
,樺戸郡月形町,1006-789,141.72773,43.381092
,樺戸郡月形町,1006-493,141.727782,43.38115
,樺戸郡月形町,1006-447,141.727144,43.380637
,樺戸郡月形町,1006-446,141.728508,43.380061
,樺戸郡月形町,1006-5,141.726753,43.380124
,樺戸郡月形町,1006-494,141.72605,43.38055
,樺戸郡月形町,1006-788,141.726065,43.380592
,樺戸郡月形町,1009-243,141.725637,43.37991
,樺戸郡月形町,1009-244,141.725002,43.380049
,樺戸郡月形町,1009-277,141.724388,43.37969
,樺戸郡月形町,1009-173,141.724765,43.38002
,樺戸郡月形町,1009-182,141.724549,43.379961
,樺戸郡月形町,1009-170,141.724229,43.380048
,樺戸郡月形町,1009-284,141.724614,43.380019
,樺戸郡月形町,1009-229,141.724896,43.380117
,樺戸郡月形町,1009-234,141.724695,43.380209
,樺戸郡月形町,1006-845,141.725309,43.380358
,樺戸郡月形町,1006-513,141.725381,43.380188
,樺戸郡月形町,1006-522,141.725517,43.38017
,樺戸郡月形町,1006-843,141.724648,43.380801
,樺戸郡月形町,1006-846,141.724438,43.381081
,樺戸郡月形町,1006-632,141.724591,43.381046
,樺戸郡月形町,1006-631,141.724688,43.380973
,樺戸郡月形町,1006-894,141.724224,43.381612
,樺戸郡月形町,1006-52,141.725415,43.381262
,樺戸郡月形町,1006-53,141.726385,43.381637
,樺戸郡月形町,1006-491,141.726673,43.380703
,樺戸郡月形町,1006-490,141.726927,43.380896
,樺戸郡月形町,1006-793,141.726917,43.380931
,樺戸郡月形町,1006-474,141.727276,43.381686
,樺戸郡月形町,1006-333,141.726946,43.382575
,樺戸郡月形町,1006-223,141.725774,43.382506
,樺戸郡月形町,1006-413,141.724247,43.382043
,樺戸郡月形町,1006-414,141.725699,43.382714
,樺戸郡月形町,1006-411,141.72634,43.383221
,樺戸郡月形町,1006-336,141.724879,43.383243
,樺戸郡月形町,1006-57,141.724624,43.38361
,樺戸郡月形町,1006-56,141.72645,43.383714
,樺戸郡月形町,1006-479,141.726818,43.383157
,樺戸郡月形町,1006-55,141.72707,43.382843
,樺戸郡月形町,1006-475,141.726841,43.38312
,樺戸郡月形町,1006-478,141.72668,43.383347
,樺戸郡月形町,1006-410,141.728088,43.383593
,樺戸郡月形町,1006-472,141.729137,43.383804
,樺戸郡月形町,1006-482,141.727239,43.382497
,樺戸郡月形町,1006-61,141.727456,43.382254
,樺戸郡月形町,1006-219,141.727772,43.381762
,樺戸郡月形町,1006-222,141.728256,43.382568
,樺戸郡月形町,1006-54,141.729309,43.383282
,樺戸郡月形町,1006-800,141.728906,43.381717
,樺戸郡月形町,1006-495,141.728948,43.381709
,樺戸郡月形町,1006-441,141.729573,43.382263
,樺戸郡月形町,1006-499,141.729731,43.382022
,樺戸郡月形町,3677-5,141.729851,43.3834
,樺戸郡月形町,1005-50,141.7306,43.383317
,樺戸郡月形町,1005-58,141.730647,43.383304
,樺戸郡月形町,1006-683,141.730492,43.383309
,樺戸郡月形町,1006-65,141.730166,43.383109
,樺戸郡月形町,1005-6,141.731684,43.383721
,樺戸郡月形町,1005-56,141.733067,43.383721
,樺戸郡月形町,1005-48,141.732511,43.383011
,樺戸郡月形町,1005-33,141.732982,43.383194
,樺戸郡月形町,1005-4,141.732634,43.382854
,樺戸郡月形町,水-7022-2,141.73229,43.38295
,樺戸郡月形町,1005-28,141.73236,43.383049
,樺戸郡月形町,1005-59,141.732098,43.382974
,樺戸郡月形町,長狭物不明-7022,141.73173,43.38276
,樺戸郡月形町,1005-49,141.731731,43.38271
,樺戸郡月形町,1005-5,141.731551,43.38256
,樺戸郡月形町,1004-1,141.73238,43.382437
,樺戸郡月形町,3970,141.732957,43.382404
,樺戸郡月形町,3971,141.732905,43.382663
,樺戸郡月形町,1006-221,141.732988,43.381861
,樺戸郡月形町,1006-731,141.731418,43.382134
,樺戸郡月形町,1006-746,141.731372,43.382085
,樺戸郡月形町,1006-755,141.731631,43.381995
,樺戸郡月形町,1006-744,141.73146,43.382171
,樺戸郡月形町,1004-2,141.731436,43.382263
,樺戸郡月形町,1006-827,141.730949,43.382563
,樺戸郡月形町,水-7022-3,141.731201,43.382531
,樺戸郡月形町,1006-792,141.730615,43.38224
,樺戸郡月形町,1006-488,141.730804,43.382348
,樺戸郡月形町,1006-498,141.730669,43.382391
,樺戸郡月形町,1006-801,141.730652,43.382414
,樺戸郡月形町,1006-497,141.731012,43.382529
,樺戸郡月形町,1006-798,141.730829,43.382485
,樺戸郡月形町,1006-382,141.730485,43.382583
,樺戸郡月形町,1006-799,141.730282,43.382267
,樺戸郡月形町,1006-496,141.730201,43.382207
,樺戸郡月形町,1006-430,141.730416,43.381884
,樺戸郡月形町,1006-427,141.731544,43.381574
,樺戸郡月形町,1006-825,141.731528,43.381361
,樺戸郡月形町,1006-428,141.731298,43.381396
,樺戸郡月形町,1006-30,141.730205,43.380882
,樺戸郡月形町,1006-217,141.731529,43.380351
,樺戸郡月形町,1006-445,141.732259,43.380241
,樺戸郡月形町,1006-762,141.733128,43.379922
,樺戸郡月形町,1006-754,141.732922,43.379983
,樺戸郡月形町,1006-763,141.732725,43.380268
,樺戸郡月形町,1006-748,141.732696,43.380507
,樺戸郡月形町,1006-381,141.732991,43.380535
,樺戸郡月形町,1006-27,141.733305,43.381056
,樺戸郡月形町,1006-764,141.732338,43.380774
,樺戸郡月形町,1006-745,141.73201,43.381219
,樺戸郡月形町,1006-824,141.731714,43.381362
,樺戸郡月形町,1006-756,141.732023,43.381417
,樺戸郡月形町,1006-747,141.731821,43.381475
,樺戸郡月形町,1006-429,141.731769,43.381455
,樺戸郡月形町,1006-761,141.731697,43.381643
,樺戸郡月形町,1006-349,141.732123,43.381732
,樺戸郡月形町,1006-28,141.732383,43.381356
,樺戸郡月形町,1005-18,141.734215,43.381415
,樺戸郡月形町,1005-19,141.734571,43.381257
,樺戸郡月形町,1006-439,141.733396,43.380553
,樺戸郡月形町,1006-438,141.733918,43.38009
,樺戸郡月形町,1006-380,141.733265,43.380329
,樺戸郡月形町,1006-749,141.733232,43.379779
,樺戸郡月形町,1005-69,141.735368,43.38045
,樺戸郡月形町,1005-1,141.735123,43.380096
,樺戸郡月形町,1005-9,141.735421,43.379557
,樺戸郡月形町,999-681,141.735766,43.379907
,樺戸郡月形町,999-680,141.735804,43.38004
,樺戸郡月形町,999-678,141.735814,43.380074
,樺戸郡月形町,1005-39,141.735525,43.380278
,樺戸郡月形町,1005-64,141.735449,43.380174
,樺戸郡月形町,1005-42,141.735407,43.380472
,樺戸郡月形町,999-477,141.736086,43.380688
,樺戸郡月形町,999-679,141.735549,43.380794
,樺戸郡月形町,1005-2,141.734714,43.380787
,樺戸郡月形町,1005-70,141.735216,43.380968
,樺戸郡月形町,1005-43,141.735264,43.381052
,樺戸郡月形町,1005-71,141.735079,43.381394
,樺戸郡月形町,1005-44,141.73508,43.381419
,樺戸郡月形町,999-279,141.736112,43.381577
,樺戸郡月形町,999-115,141.7358,43.381554
,樺戸郡月形町,999-114,141.735066,43.382551
,樺戸郡月形町,999-635,141.734836,43.382563
,樺戸郡月形町,1005-25,141.734819,43.382199
,樺戸郡月形町,1005-75,141.734681,43.382251
,樺戸郡月形町,1005-73,141.734818,43.38199
,樺戸郡月形町,1005-74,141.734782,43.382057
,樺戸郡月形町,1005-45,141.734962,43.381962
,樺戸郡月形町,1005-46,141.734928,43.382099
,樺戸郡月形町,1005-24,141.735056,43.382182
,樺戸郡月形町,1005-47,141.735069,43.382169
,樺戸郡月形町,1005-72,141.734894,43.38184
,樺戸郡月形町,3972,141.733303,43.382005
,樺戸郡月形町,3973,141.733685,43.381701
,樺戸郡月形町,1005-13,141.733351,43.382781
,樺戸郡月形町,1005-3,141.734051,43.381749
,樺戸郡月形町,1005-26,141.734544,43.382758
,樺戸郡月形町,1005-76,141.734438,43.382836
,樺戸郡月形町,1005-10,141.733974,43.383164
,樺戸郡月形町,1005-32,141.733717,43.383488
,樺戸郡月形町,1005-31,141.733404,43.383363
,樺戸郡月形町,道-7042,141.732415,43.383027
,樺戸郡月形町,1005-29,141.733324,43.383432
,樺戸郡月形町,1005-60,141.733323,43.383463
,樺戸郡月形町,1005-61,141.733718,43.383621
,樺戸郡月形町,1005-30,141.733744,43.3836
,樺戸郡月形町,1005-34,141.734067,43.383627
,樺戸郡月形町,1005-20,141.734177,43.383622
,樺戸郡月形町,1005-77,141.734242,43.383509
,樺戸郡月形町,1005-27,141.734353,43.383345
,樺戸郡月形町,999-634,141.734546,43.383759
,樺戸郡月形町,999-684,141.734649,43.383631
,樺戸郡月形町,999-113,141.735227,43.383592
,樺戸郡月形町,長狭物不明-7019,141.734877,43.383045
,樺戸郡月形町,999-685,141.734683,43.383374
,樺戸郡月形町,999-439,141.734778,43.383099
,樺戸郡月形町,999-442,141.735599,43.382593
,樺戸郡月形町,999-438,141.736419,43.383608
,樺戸郡月形町,999-440,141.736782,43.383706
,樺戸郡月形町,999-441,141.737012,43.383379
,樺戸郡月形町,999-117,141.737051,43.38169
,樺戸郡月形町,999-112,141.737377,43.383056
,樺戸郡月形町,999-448,141.737539,43.381361
,樺戸郡月形町,999-443,141.738547,43.38192
,樺戸郡月形町,999-322,141.73866,43.383397
,樺戸郡月形町,999-119,141.73943,43.383614
,樺戸郡月形町,999-930,141.739644,43.383576
,樺戸郡月形町,999-324,141.739663,43.382647
,樺戸郡月形町,999-1001,141.7399,43.382594
,樺戸郡月形町,999-710,141.740078,43.382696
,樺戸郡月形町,999-1005,141.740251,43.382799
,樺戸郡月形町,999-1000,141.7405,43.383253
,樺戸郡月形町,999-932,141.740214,43.383317
,樺戸郡月形町,999-931,141.740013,43.383433
,樺戸郡月形町,999-323,141.7397,43.383452
,樺戸郡月形町,999-709,141.740669,43.383281
,樺戸郡月形町,道-7032,141.73967,43.377415
,樺戸郡月形町,999-1003,141.740675,43.383226
,樺戸郡月形町,999-549,141.741881,43.38218
,樺戸郡月形町,999-1031,141.740747,43.381702
,樺戸郡月形町,999-1032,141.740261,43.381922
,樺戸郡月形町,999-550,141.740374,43.382148
,樺戸郡月形町,999-551,141.740449,43.382654
,樺戸郡月形町,999-708,141.740032,43.382625
,樺戸郡月形町,999-1004,141.740092,43.382622
,樺戸郡月形町,999-759,141.739732,43.382236
,樺戸郡月形町,999-711,141.739776,43.382395
,樺戸郡月形町,999-757,141.739225,43.382532
,樺戸郡月形町,999-742,141.739383,43.38243
,樺戸郡月形町,999-758,141.739493,43.382379
,樺戸郡月形町,999-118,141.739383,43.382256
,樺戸郡月形町,999-904,141.739137,43.382481
,樺戸郡月形町,999-998,141.739329,43.382009
,樺戸郡月形町,999-992,141.739381,43.382048
,樺戸郡月形町,999-1009,141.739743,43.382213
,樺戸郡月形町,999-738,141.739568,43.382071
,樺戸郡月形町,999-703,141.739553,43.382082
,樺戸郡月形町,999-739,141.739382,43.381893
,樺戸郡月形町,999-704,141.739375,43.38191
,樺戸郡月形町,999-712,141.73934,43.381876
,樺戸郡月形町,999-1008,141.739344,43.381867
,樺戸郡月形町,999-907,141.739512,43.381463
,樺戸郡月形町,999-124,141.739222,43.38113
,樺戸郡月形町,999-548,141.739666,43.381211
,樺戸郡月形町,999-547,141.740158,43.381455
,樺戸郡月形町,999-122,141.741273,43.381871
,樺戸郡月形町,999-752,141.740104,43.379916
,樺戸郡月形町,999-123,141.739759,43.380381
,樺戸郡月形町,999-281,141.739025,43.380124
,樺戸郡月形町,999-574,141.738758,43.379776
,樺戸郡月形町,999-125,141.738679,43.38016
,樺戸郡月形町,999-573,141.738359,43.379932
,樺戸郡月形町,999-820,141.738569,43.379868
,樺戸郡月形町,999-1018,141.738547,43.379648
,樺戸郡月形町,999-1024,141.738418,43.37973
,樺戸郡月形町,999-1017,141.738298,43.379808
,樺戸郡月形町,999-1014,141.737885,43.379997
,樺戸郡月形町,999-720,141.737925,43.38004
,樺戸郡月形町,999-1023,141.738157,43.37992
,樺戸郡月形町,999-966,141.738143,43.379841
,樺戸郡月形町,999-719,141.738161,43.379966
,樺戸郡月形町,999-572,141.738325,43.380269
,樺戸郡月形町,999-571,141.7381,43.380396
,樺戸郡月形町,999-1016,141.737757,43.380172
,樺戸郡月形町,999-717,141.737719,43.380226
,樺戸郡月形町,999-1015,141.737737,43.380195
,樺戸郡月形町,999-1021,141.737744,43.38021
,樺戸郡月形町,999-1011,141.737872,43.38029
,樺戸郡月形町,999-706,141.737784,43.380333
,樺戸郡月形町,999-997,141.73782,43.380501
,樺戸郡月形町,999-1166,141.738328,43.38064
,樺戸郡月形町,999-570,141.738662,43.380739
,樺戸郡月形町,999-740,141.738892,43.380405
,樺戸郡月形町,999-993,141.738885,43.38157
,樺戸郡月形町,999-705,141.738917,43.381467
,樺戸郡月形町,999-444,141.737834,43.381345
,樺戸郡月形町,999-445,141.737954,43.381003
,樺戸郡月形町,999-994,141.738303,43.38099
,樺戸郡月形町,999-995,141.738125,43.380818
,樺戸郡月形町,999-1010,141.738221,43.380758
,樺戸郡月形町,999-707,141.738295,43.380865
,樺戸郡月形町,999-996,141.737983,43.380674
,樺戸郡月形町,999-447,141.737694,43.380797
,樺戸郡月形町,999-116,141.736168,43.381284
,樺戸郡月形町,999-903,141.736478,43.381156
,樺戸郡月形町,999-734,141.737602,43.380503
,樺戸郡月形町,999-476,141.737,43.380232
,樺戸郡月形町,999-475,141.737287,43.379857
,樺戸郡月形町,999-474,141.737523,43.379546
,樺戸郡月形町,1005-37,141.736235,43.378874
,樺戸郡月形町,999-478,141.738408,43.378649
,樺戸郡月形町,999-473,141.738387,43.379115
,樺戸郡月形町,999-1012,141.738195,43.379721
,樺戸郡月形町,999-575,141.738972,43.379585
,樺戸郡月形町,999-1019,141.738948,43.379358
,樺戸郡月形町,999-1020,141.739071,43.37927
,樺戸郡月形町,999-1022,141.738992,43.37907
,樺戸郡月形町,999-965,141.739055,43.379091
,樺戸郡月形町,999-718,141.738967,43.37907
,樺戸郡月形町,999-1013,141.738773,43.378717
,樺戸郡月形町,999-1030,141.738962,43.378722
,樺戸郡月形町,999-713,141.738595,43.378343
,樺戸郡月形町,999-951,141.738628,43.378578
,樺戸郡月形町,998-17,141.738283,43.378235
,樺戸郡月形町,998-16,141.738537,43.378453
,樺戸郡月形町,998-12,141.738426,43.378483
,樺戸郡月形町,998-28,141.738572,43.37852
,樺戸郡月形町,999-952,141.738602,43.378543
,樺戸郡月形町,999-953,141.738652,43.378564
,樺戸郡月形町,998-20,141.738556,43.378094
,樺戸郡月形町,998-22,141.738508,43.378243
,樺戸郡月形町,998-19,141.738894,43.377874
,樺戸郡月形町,998-18,141.738056,43.377975
,樺戸郡月形町,998-7,141.737542,43.377847
,樺戸郡月形町,999-126,141.737147,43.378507
,樺戸郡月形町,999-683,141.736283,43.377586
,樺戸郡月形町,1006-485,141.736112,43.377319
,樺戸郡月形町,1006-909,141.736084,43.377345
,樺戸郡月形町,1006-908,141.736265,43.377037
,樺戸郡月形町,998-14,141.73739,43.376482
,樺戸郡月形町,1006-757,141.736739,43.376519
,樺戸郡月形町,1006-733,141.736779,43.376482
,樺戸郡月形町,1006-732,141.736674,43.376564
,樺戸郡月形町,1006-861,141.736177,43.376561
,樺戸郡月形町,1006-862,141.735932,43.376315
,樺戸郡月形町,1006-866,141.736179,43.376224
,樺戸郡月形町,1006-212,141.736367,43.376202
,樺戸郡月形町,1006-370,141.73629,43.37639
,樺戸郡月形町,1006-371,141.736601,43.376363
,樺戸郡月形町,1006-40,141.736434,43.375835
,樺戸郡月形町,1006-444,141.73688,43.375824
,樺戸郡月形町,1006-442,141.737115,43.375739
,樺戸郡月形町,1006-751,141.737478,43.376025
,樺戸郡月形町,1006-752,141.737286,43.376139
,樺戸郡月形町,1006-750,141.737041,43.376315
,樺戸郡月形町,1006-784,141.737728,43.375875
,樺戸郡月形町,998-13,141.738354,43.375825
,樺戸郡月形町,998-6,141.738312,43.376387
,樺戸郡月形町,998-5,141.737687,43.377219
,樺戸郡月形町,998-10,141.739543,43.377167
,樺戸郡月形町,998-24,141.7397,43.377328
,樺戸郡月形町,999-961,141.739737,43.377427
,樺戸郡月形町,998-11,141.73988,43.37696
,樺戸郡月形町,998-25,141.740445,43.37678
,樺戸郡月形町,998-26,141.740532,43.376667
,樺戸郡月形町,998-9,141.739523,43.376254
,樺戸郡月形町,999-467,141.739722,43.375545
,樺戸郡月形町,999-465,141.74065,43.376089
,樺戸郡月形町,999-466,141.740249,43.375955
,樺戸郡月形町,998-2,141.740506,43.376447
,樺戸郡月形町,999-954,141.740979,43.376407
,樺戸郡月形町,997-6,141.741043,43.376265
,樺戸郡月形町,999-955,141.741217,43.375969
,樺戸郡月形町,999-273,141.740642,43.375349
,樺戸郡月形町,999-464,141.741084,43.375864
,樺戸郡月形町,999-957,141.74124,43.375951
,樺戸郡月形町,999-956,141.741792,43.375534
,樺戸郡月形町,997-7,141.741636,43.375788
,樺戸郡月形町,997-1,141.741354,43.376361
,樺戸郡月形町,999-546,141.74143,43.376798
,樺戸郡月形町,998-4,141.740921,43.376532
,樺戸郡月形町,998-27,141.740878,43.376402
,樺戸郡月形町,998-8,141.74079,43.376648
,樺戸郡月形町,998-21,141.740649,43.376706
,樺戸郡月形町,999-578,141.741516,43.377138
,樺戸郡月形町,999-83,141.741988,43.377073
,樺戸郡月形町,999-741,141.741454,43.378221
,樺戸郡月形町,999-724,141.742031,43.377876
,樺戸郡月形町,999-130,141.740876,43.377611
,樺戸郡月形町,998-23,141.739367,43.377554
,樺戸郡月形町,999-963,141.738747,43.378115
,樺戸郡月形町,999-131,141.739621,43.378407
,樺戸郡月形町,999-385,141.739449,43.379282
,樺戸郡月形町,999-751,141.740163,43.378937
,樺戸郡月形町,999-576,141.73925,43.379339
,樺戸郡月形町,999-132,141.740674,43.379172
,樺戸郡月形町,999-723,141.741942,43.378606
,樺戸郡月形町,999-82,141.74392,43.378414
,樺戸郡月形町,999-314,141.744566,43.379569
,樺戸郡月形町,999-85,141.744691,43.378122
,樺戸郡月形町,999-948,141.743236,43.378003
,樺戸郡月形町,999-950,141.743396,43.377833
,樺戸郡月形町,999-747,141.741973,43.377962
,樺戸郡月形町,999-748,141.742983,43.378017
,樺戸郡月形町,999-949,141.742775,43.377518
,樺戸郡月形町,999-947,141.743675,43.377629
,樺戸郡月形町,997-5,141.742679,43.376417
,樺戸郡月形町,997-3,141.742361,43.376275
,樺戸郡月形町,997-4,141.742239,43.375611
,樺戸郡月形町,996-6,141.742997,43.37553
,樺戸郡月形町,996-7,141.743455,43.375964
,樺戸郡月形町,997-2,141.743204,43.376358
,樺戸郡月形町,道-37,141.746377,43.374623
,樺戸郡月形町,995,141.74413,43.375684
字札比内,樺戸郡月形町,1220-2,141.744063,43.376739
字札比内,樺戸郡月形町,1220-1,141.744693,43.376344
,樺戸郡月形町,994-2,141.74644,43.377593
,樺戸郡月形町,994-1,141.745692,43.375459
,樺戸郡月形町,999-89,141.746583,43.37538
,樺戸郡月形町,999-88,141.746985,43.376445
,樺戸郡月形町,999-423,141.748023,43.376534
,樺戸郡月形町,999-970,141.747991,43.377979
,樺戸郡月形町,999-924,141.747338,43.37834
,樺戸郡月形町,999-925,141.747308,43.378359
,樺戸郡月形町,999-927,141.747354,43.378179
,樺戸郡月形町,999-923,141.747525,43.378246
,樺戸郡月形町,999-928,141.74712,43.378137
,樺戸郡月形町,999-520,141.746682,43.378575
,樺戸郡月形町,999-504,141.746534,43.378472
,樺戸郡月形町,999-143,141.746996,43.377945
,樺戸郡月形町,999-929,141.74713,43.377689
,樺戸郡月形町,994-3,141.745576,43.377863
,樺戸郡月形町,999-577,141.745875,43.378458
,樺戸郡月形町,999-917,141.746203,43.378616
,樺戸郡月形町,999-916,141.746131,43.378527
,樺戸郡月形町,999-920,141.745999,43.37843
,樺戸郡月形町,999-522,141.746026,43.378364
,樺戸郡月形町,999-921,141.746261,43.378623
,樺戸郡月形町,999-922,141.746221,43.378635
,樺戸郡月形町,999-518,141.746115,43.378938
,樺戸郡月形町,999-517,141.745958,43.378794
,樺戸郡月形町,999-421,141.745828,43.378695
,樺戸郡月形町,999-142,141.745581,43.379071
,樺戸郡月形町,999-964,141.745667,43.379413
,樺戸郡月形町,999-984,141.746671,43.378986
,樺戸郡月形町,999-926,141.746459,43.378961
,樺戸郡月形町,999-918,141.7464,43.378726
,樺戸郡月形町,999-919,141.746674,43.378784
,樺戸郡月形町,999-976,141.746577,43.378896
,樺戸郡月形町,999-982,141.74735,43.378418
,樺戸郡月形町,999-36,141.747393,43.37928
,樺戸郡月形町,999-1006,141.74608,43.380918
,樺戸郡月形町,999-985,141.746325,43.380499
,樺戸郡月形町,999-418,141.745831,43.380311
,樺戸郡月形町,999-983,141.746573,43.379556
,樺戸郡月形町,999-410,141.74611,43.379654
,樺戸郡月形町,999-84,141.745023,43.380264
,樺戸郡月形町,999-315,141.743224,43.380597
,樺戸郡月形町,999-81,141.742487,43.37997
,樺戸郡月形町,999-80,141.744022,43.38118
,樺戸郡月形町,999-77,141.743007,43.382097
,樺戸郡月形町,999-79,141.743379,43.384149
,樺戸郡月形町,999-140,141.74638,43.382765
,樺戸郡月形町,999-413,141.747412,43.382562
,樺戸郡月形町,999-416,141.748149,43.384402
,樺戸郡月形町,999-411,141.747737,43.383822
,樺戸郡月形町,999-40,141.749314,43.382953
,樺戸郡月形町,999-555,141.748235,43.38219
,樺戸郡月形町,999-51,141.748388,43.38107
,樺戸郡月形町,999-417,141.748136,43.38175
,樺戸郡月形町,999-38,141.75182,43.380508
,樺戸郡月形町,999-934,141.75331,43.380131
,樺戸郡月形町,999-319,141.75252,43.380172
,樺戸郡月形町,999-933,141.752955,43.380057
,樺戸郡月形町,999-146,141.753437,43.379577
,樺戸郡月形町,999-268,141.754208,43.379911
,樺戸郡月形町,999-39,141.753908,43.38013
,樺戸郡月形町,999-41,141.753048,43.381466
,樺戸郡月形町,999-42,141.753233,43.382942
字札比内,樺戸郡月形町,1193-9,141.758039,43.382931
字札比内,樺戸郡月形町,1959,141.759036,43.384059
字札比内,樺戸郡月形町,1138-10,141.758451,43.383453
字札比内,樺戸郡月形町,1896,141.759622,43.38298
字札比内,樺戸郡月形町,1963,141.759778,43.381705
字札比内,樺戸郡月形町,1962,141.759749,43.381725
字札比内,樺戸郡月形町,1961,141.759724,43.381747
字札比内,樺戸郡月形町,1895,141.758818,43.382191
字札比内,樺戸郡月形町,1893,141.757743,43.381739
字札比内,樺戸郡月形町,1960,141.757107,43.381526
字札比内,樺戸郡月形町,1193-12,141.757613,43.382384
字札比内,樺戸郡月形町,1892,141.757519,43.381903
字札比内,樺戸郡月形町,1197-2,141.757194,43.381851
字札比内,樺戸郡月形町,水-7057,141.75694,43.381521
字札比内,樺戸郡月形町,1890,141.757236,43.380949
字札比内,樺戸郡月形町,1953,141.757405,43.38077
字札比内,樺戸郡月形町,1954,141.757442,43.380736
字札比内,樺戸郡月形町,1957,141.757956,43.380719
字札比内,樺戸郡月形町,1894,141.758372,43.381354
字札比内,樺戸郡月形町,1964,141.759814,43.381674
字札比内,樺戸郡月形町,1898,141.759903,43.380667
字札比内,樺戸郡月形町,1897,141.759423,43.380196
字札比内,樺戸郡月形町,1958,141.758981,43.380017
字札比内,樺戸郡月形町,1891,141.758897,43.37975
字札比内,樺戸郡月形町,1952,141.75891,43.379417
字札比内,樺戸郡月形町,1140-16,141.757094,43.380114
字札比内,樺戸郡月形町,2061-2,141.757454,43.379813
字札比内,樺戸郡月形町,1140-18,141.756405,43.379885
字札比内,樺戸郡月形町,1140-17,141.756321,43.379996
字札比内,樺戸郡月形町,1140-15,141.756501,43.379721
字札比内,樺戸郡月形町,1140-19,141.756275,43.379688
字札比内,樺戸郡月形町,1140-13,141.755985,43.379735
字札比内,樺戸郡月形町,1256-12,141.75598,43.379608
字札比内,樺戸郡月形町,1256-11,141.755667,43.379817
字札比内,樺戸郡月形町,1140-12,141.755703,43.379932
字札比内,樺戸郡月形町,1140-9,141.755701,43.379907
字札比内,樺戸郡月形町,1256-9,141.755483,43.379955
字札比内,樺戸郡月形町,1140-11,141.7556,43.379995
字札比内,樺戸郡月形町,1140-10,141.755566,43.38002
字札比内,樺戸郡月形町,1140-3,141.756014,43.380088
字札比内,樺戸郡月形町,1140-6,141.755881,43.379933
字札比内,樺戸郡月形町,1140-1,141.756129,43.380386
字札比内,樺戸郡月形町,1140-5,141.755971,43.380322
字札比内,樺戸郡月形町,1140-8,141.755682,43.380247
,樺戸郡月形町,999-677,141.755475,43.380496
字札比内,樺戸郡月形町,1140-2,141.756415,43.380192
字札比内,樺戸郡月形町,1140-14,141.756496,43.380737
字札比内,樺戸郡月形町,1198-4,141.756545,43.381035
字札比内,樺戸郡月形町,1889,141.75688,43.381129
字札比内,樺戸郡月形町,1198-5,141.756689,43.381221
字札比内,樺戸郡月形町,1140-7,141.756203,43.380718
字札比内,樺戸郡月形町,道-7152,141.757331,43.382383
,樺戸郡月形町,999-338,141.755289,43.380787
字札比内,樺戸郡月形町,1256-6,141.755128,43.379769
字札比内,樺戸郡月形町,1256-10,141.755309,43.379839
字札比内,樺戸郡月形町,1256-1,141.755511,43.37966
,樺戸郡月形町,999-271,141.754405,43.379561
,樺戸郡月形町,999-316,141.754739,43.380124
字札比内,樺戸郡月形町,無地番-7028,141.754441,43.379165
字札比内,樺戸郡月形町,1256-8,141.754682,43.379379
字札比内,樺戸郡月形町,1256-7,141.754811,43.379492
字札比内,樺戸郡月形町,1256-4,141.754837,43.379363
字札比内,樺戸郡月形町,1256-3,141.755171,43.379588
字札比内,樺戸郡月形町,2060,141.754793,43.379236
字札比内,樺戸郡月形町,1257-7,141.754769,43.379094
字札比内,樺戸郡月形町,1257-6,141.75462,43.378978
字札比内,樺戸郡月形町,1257-9,141.754372,43.37906
字札比内,樺戸郡月形町,1258-12,141.754256,43.378997
字札比内,樺戸郡月形町,1258-15,141.754003,43.378782
字札比内,樺戸郡月形町,1258-4,141.754298,43.37853
字札比内,樺戸郡月形町,1258-9,141.754228,43.37877
字札比内,樺戸郡月形町,1258-1,141.755006,43.377864
字札比内,樺戸郡月形町,1257-8,141.756516,43.378093
字札比内,樺戸郡月形町,1257-1,141.756113,43.378948
字札比内,樺戸郡月形町,1256-5,141.755836,43.379554
字札比内,樺戸郡月形町,水-7051,141.756242,43.379506
字札比内,樺戸郡月形町,2061-1,141.75646,43.379548
字札比内,樺戸郡月形町,1141-8,141.75641,43.37945
字札比内,樺戸郡月形町,1141-6,141.756485,43.379474
字札比内,樺戸郡月形町,1257-10,141.758165,43.378147
字札比内,樺戸郡月形町,1141-7,141.757261,43.378882
字札比内,樺戸郡月形町,1141-1,141.758001,43.379246
字札比内,樺戸郡月形町,1956,141.759779,43.379471
字札比内,樺戸郡月形町,1955,141.759719,43.379475
字札比内,樺戸郡月形町,1153-17,141.759071,43.377704
字札比内,樺戸郡月形町,1153-12,141.759157,43.377595
字札比内,樺戸郡月形町,1154-6,141.75907,43.377537
字札比内,樺戸郡月形町,1257-11,141.758683,43.377798
字札比内,樺戸郡月形町,1257-16,141.758788,43.377653
字札比内,樺戸郡月形町,1257-14,141.758628,43.377616
字札比内,樺戸郡月形町,1257-13,141.758435,43.377707
字札比内,樺戸郡月形町,1141-9,141.758155,43.378323
字札比内,樺戸郡月形町,1257-15,141.758094,43.378137
字札比内,樺戸郡月形町,1257-12,141.758041,43.377979
字札比内,樺戸郡月形町,1257-4,141.75713,43.377437
字札比内,樺戸郡月形町,1257-3,141.757685,43.377074
字札比内,樺戸郡月形町,1154-18,141.758821,43.377651
字札比内,樺戸郡月形町,1154-12,141.758864,43.377629
字札比内,樺戸郡月形町,1154-19,141.759313,43.377313
字札比内,樺戸郡月形町,1154-16,141.759372,43.377293
字札比内,樺戸郡月形町,1154-11,141.759429,43.377296
字札比内,樺戸郡月形町,1153-15,141.759404,43.377429
字札比内,樺戸郡月形町,1154-10,141.759644,43.377151
字札比内,樺戸郡月形町,1153-16,141.759776,43.377203
字札比内,樺戸郡月形町,1154-9,141.759764,43.37707
字札比内,樺戸郡月形町,1154-14,141.75974,43.377051
字札比内,樺戸郡月形町,1154-15,141.759623,43.377128
字札比内,樺戸郡月形町,1154-5,141.759233,43.377139
字札比内,樺戸郡月形町,1154-3,141.759511,43.376868
字札比内,樺戸郡月形町,1154-4,141.759394,43.37694
字札比内,樺戸郡月形町,1154-17,141.759679,43.376469
字札比内,樺戸郡月形町,1154-8,141.75931,43.375662
字札比内,樺戸郡月形町,1156-7,141.759549,43.3757
字札比内,樺戸郡月形町,1156-2,141.759744,43.375584
字札比内,樺戸郡月形町,1154-2,141.7589,43.375848
字札比内,樺戸郡月形町,1154-1,141.757673,43.375934
字札比内,樺戸郡月形町,1258-5,141.756546,43.376483
字札比内,樺戸郡月形町,1258-16,141.756737,43.377093
字札比内,樺戸郡月形町,1258-20,141.756383,43.377234
字札比内,樺戸郡月形町,1258-18,141.75524,43.377162
字札比内,樺戸郡月形町,1258-6,141.75563,43.377085
字札比内,樺戸郡月形町,1258-17,141.755214,43.376809
字札比内,樺戸郡月形町,1258-10,141.756161,43.37695
字札比内,樺戸郡月形町,1200-9,141.755135,43.376795
字札比内,樺戸郡月形町,1200-11,141.754825,43.376862
字札比内,樺戸郡月形町,1258-8,141.754983,43.377194
字札比内,樺戸郡月形町,1258-19,141.755018,43.377077
字札比内,樺戸郡月形町,1200-10,141.754721,43.376996
字札比内,樺戸郡月形町,1200-12,141.754114,43.376625
字札比内,樺戸郡月形町,1200-1,141.755231,43.375934
字札比内,樺戸郡月形町,1259-11,141.753693,43.375854
字札比内,樺戸郡月形町,1259-23,141.753145,43.376465
字札比内,樺戸郡月形町,1259-4,141.753065,43.376039
字札比内,樺戸郡月形町,1259-2,141.752544,43.375656
字札比内,樺戸郡月形町,1259-17,141.752249,43.375477
字札比内,樺戸郡月形町,1259-18,141.751928,43.37569
字札比内,樺戸郡月形町,1330-5,141.752187,43.375375
字札比内,樺戸郡月形町,1329-6,141.751304,43.375758
字札比内,樺戸郡月形町,1259-16,141.751623,43.375886
字札比内,樺戸郡月形町,水-7054,141.751021,43.376057
字札比内,樺戸郡月形町,1259-20,141.751098,43.376247
字札比内,樺戸郡月形町,1259-6,141.751869,43.37595
字札比内,樺戸郡月形町,1259-24,141.75253,43.376329
字札比内,樺戸郡月形町,1259-26,141.752296,43.37635
字札比内,樺戸郡月形町,1259-25,141.751645,43.376088
字札比内,樺戸郡月形町,1259-5,141.752175,43.376787
字札比内,樺戸郡月形町,1259-10,141.751784,43.376877
,樺戸郡月形町,999-498,141.751407,43.377442
,樺戸郡月形町,999-267,141.751919,43.377381
字札比内,樺戸郡月形町,1200-7,141.752195,43.377202
字札比内,樺戸郡月形町,1200-2,141.752908,43.377475
字札比内,樺戸郡月形町,1200-5,141.754218,43.376753
字札比内,樺戸郡月形町,1200-13,141.753652,43.376764
字札比内,樺戸郡月形町,1200-3,141.753744,43.37722
字札比内,樺戸郡月形町,1200-6,141.752687,43.377619
字札比内,樺戸郡月形町,1200-8,141.753023,43.377918
字札比内,樺戸郡月形町,1200-4,141.753203,43.377791
,樺戸郡月形町,999-270,141.753024,43.378335
字札比内,樺戸郡月形町,1258-11,141.753364,43.378219
字札比内,樺戸郡月形町,1258-2,141.753836,43.378324
字札比内,樺戸郡月形町,1258-13,141.753667,43.378486
字札比内,樺戸郡月形町,1258-14,141.753791,43.378589
,樺戸郡月形町,999-317,141.753989,43.379441
,樺戸郡月形町,999-318,141.753298,43.379178
,樺戸郡月形町,999-408,141.751756,43.378202
,樺戸郡月形町,長狭物不明-3,141.754685,43.380345
,樺戸郡月形町,999-497,141.751271,43.377668
,樺戸郡月形町,999-407,141.749915,43.378226
,樺戸郡月形町,999-37,141.749765,43.380987
,樺戸郡月形町,999-406,141.749633,43.379711
,樺戸郡月形町,999-35,141.748295,43.378612
,樺戸郡月形町,999-972,141.748452,43.377737
,樺戸郡月形町,999-424,141.747944,43.377831
,樺戸郡月形町,999-422,141.74849,43.376955
,樺戸郡月形町,999-642,141.74889,43.376538
,樺戸郡月形町,999-973,141.749367,43.377178
,樺戸郡月形町,999-503,141.748733,43.377249
,樺戸郡月形町,999-974,141.749143,43.377264
,樺戸郡月形町,999-145,141.750372,43.376505
,樺戸郡月形町,999-409,141.750206,43.377378
,樺戸郡月形町,999-401,141.750234,43.376214
,樺戸郡月形町,999-971,141.749512,43.377052
,樺戸郡月形町,999-969,141.750053,43.376483
,樺戸郡月形町,999-501,141.74943,43.37664
,樺戸郡月形町,999-502,141.749579,43.376402
,樺戸郡月形町,999-24,141.750244,43.375991
,樺戸郡月形町,999-425,141.750157,43.376262
,樺戸郡月形町,999-975,141.750312,43.376325
,樺戸郡月形町,999-266,141.750759,43.376404
字札比内,樺戸郡月形町,1329-4,141.750405,43.375777
字札比内,樺戸郡月形町,1329-3,141.750988,43.375844
,樺戸郡月形町,999-500,141.748596,43.376208
,樺戸郡月形町,999-499,141.748661,43.376533
,樺戸郡月形町,999-144,141.749138,43.375912
,樺戸郡月形町,999-269,141.748447,43.374648
字札比内,樺戸郡月形町,1260-2,141.749735,43.37527
,樺戸郡月形町,999-674,141.748494,43.374591
字札比内,樺戸郡月形町,水-7052,141.747394,43.373489
,樺戸郡月形町,999-689,141.748237,43.3745
,樺戸郡月形町,999-676,141.748005,43.37421
字札比内,樺戸郡月形町,1262-1,141.748629,43.373952
字札比内,樺戸郡月形町,1263-3,141.748197,43.373255
字札比内,樺戸郡月形町,1262-4,141.749464,43.373812
字札比内,樺戸郡月形町,1260-3,141.750439,43.374297
字札比内,樺戸郡月形町,1329-7,141.750657,43.374746
字札比内,樺戸郡月形町,1260-1,141.749843,43.374633
字札比内,樺戸郡月形町,1329-5,141.750111,43.375313
字札比内,樺戸郡月形町,1329-1,141.750842,43.375544
字札比内,樺戸郡月形町,1329-2,141.750797,43.374965
字札比内,樺戸郡月形町,1330-2,141.750927,43.374643
字札比内,樺戸郡月形町,1330-3,141.751323,43.374639
字札比内,樺戸郡月形町,1259-19,141.752499,43.37531
字札比内,樺戸郡月形町,1259-15,141.752751,43.375139
字札比内,樺戸郡月形町,1259-13,141.752857,43.375068
字札比内,樺戸郡月形町,1259-14,141.752903,43.375037
字札比内,樺戸郡月形町,1259-12,141.752976,43.375095
字札比内,樺戸郡月形町,1259-8,141.752879,43.375237
字札比内,樺戸郡月形町,1259-7,141.75316,43.375426
字札比内,樺戸郡月形町,1259-9,141.753192,43.375058
字札比内,樺戸郡月形町,1330-4,141.753171,43.374711
字札比内,樺戸郡月形町,1259-21,141.753824,43.374416
字札比内,樺戸郡月形町,1259-22,141.753131,43.374884
字札比内,樺戸郡月形町,1330-1,141.75298,43.373992
字札比内,樺戸郡月形町,1261,141.751785,43.373154
字札比内,樺戸郡月形町,1272-5,141.753295,43.372813
字札比内,樺戸郡月形町,1272-1,141.753684,43.371933
字札比内,樺戸郡月形町,1263-2,141.750577,43.372287
字札比内,樺戸郡月形町,1263-1,141.749205,43.373015
字札比内,樺戸郡月形町,1142-1,141.747864,43.371948
字札比内,樺戸郡月形町,1142-19,141.748975,43.371718
字札比内,樺戸郡月形町,1142-22,141.748412,43.371265
字札比内,樺戸郡月形町,1122-14,141.749521,43.370388
字札比内,樺戸郡月形町,1142-20,141.74945,43.370571
字札比内,樺戸郡月形町,1142-21,141.7491,43.370804
字札比内,樺戸郡月形町,1142-17,141.749545,43.371154
字札比内,樺戸郡月形町,1142-15,141.749964,43.370979
字札比内,樺戸郡月形町,1203-3,141.750577,43.37025
字札比内,樺戸郡月形町,1203-6,141.749897,43.370271
字札比内,樺戸郡月形町,1334-9,141.74979,43.37021
字札比内,樺戸郡月形町,1334-7,141.750083,43.370013
字札比内,樺戸郡月形町,1203-8,141.750309,43.369995
字札比内,樺戸郡月形町,1203-4,141.750922,43.370062
字札比内,樺戸郡月形町,1203-9,141.75056,43.369827
字札比内,樺戸郡月形町,1334-6,141.750658,43.369628
字札比内,樺戸郡月形町,1203-7,141.750962,43.36956
字札比内,樺戸郡月形町,1334-4,141.74922,43.369757
字札比内,樺戸郡月形町,1334-2,141.747924,43.368519
字札比内,樺戸郡月形町,1335-1,141.750281,43.367372
字札比内,樺戸郡月形町,1335-8,141.750608,43.368561
字札比内,樺戸郡月形町,1334-5,141.750669,43.368761
字札比内,樺戸郡月形町,1334-3,141.75027,43.368567
字札比内,樺戸郡月形町,1334-1,141.749622,43.368802
字札比内,樺戸郡月形町,1335-9,141.751251,43.369075
字札比内,樺戸郡月形町,1335-7,141.751329,43.369011
字札比内,樺戸郡月形町,1335-16,141.751393,43.369137
字札比内,樺戸郡月形町,1335-15,141.752074,43.368679
字札比内,樺戸郡月形町,1204-14,141.751514,43.369191
字札比内,樺戸郡月形町,1335-10,141.751777,43.368878
字札比内,樺戸郡月形町,1335-13,141.75212,43.368648
字札比内,樺戸郡月形町,1335-11,141.752361,43.368498
字札比内,樺戸郡月形町,1335-2,141.752061,43.368414
字札比内,樺戸郡月形町,1335-3,141.752231,43.368217
字札比内,樺戸郡月形町,1335-6,141.751776,43.367273
字札比内,樺戸郡月形町,1335-5,141.751812,43.367787
字札比内,樺戸郡月形町,1336-8,141.753141,43.368088
字札比内,樺戸郡月形町,1337-13,141.75314,43.367978
字札比内,樺戸郡月形町,1337-5,141.752994,43.367923
字札比内,樺戸郡月形町,1337-4,141.752681,43.367544
字札比内,樺戸郡月形町,1337-12,141.753151,43.367578
字札比内,樺戸郡月形町,1337-6,141.753529,43.367555
字札比内,樺戸郡月形町,1337-7,141.753246,43.367127
字札比内,樺戸郡月形町,1337-15,141.753626,43.36765
字札比内,樺戸郡月形町,1336-10,141.753965,43.367517
字札比内,樺戸郡月形町,1336-7,141.753698,43.36771
字札比内,樺戸郡月形町,1337-14,141.753417,43.367791
字札比内,樺戸郡月形町,1336-6,141.753263,43.368187
字札比内,樺戸郡月形町,1204-12,141.752915,43.368375
字札比内,樺戸郡月形町,1204-10,141.752986,43.368192
字札比内,樺戸郡月形町,1335-14,141.752791,43.368211
字札比内,樺戸郡月形町,1335-12,141.752577,43.368353
字札比内,樺戸郡月形町,1204-7,141.752825,43.368302
字札比内,樺戸郡月形町,1204-6,141.752701,43.368447
字札比内,樺戸郡月形町,1204-11,141.752599,43.368459
字札比内,樺戸郡月形町,1204-13,141.752495,43.368529
字札比内,樺戸郡月形町,1204-8,141.752516,43.368575
字札比内,樺戸郡月形町,1204-1,141.753836,43.369351
字札比内,樺戸郡月形町,1204-5,141.753667,43.369465
字札比内,樺戸郡月形町,1204-2,141.75307,43.369807
字札比内,樺戸郡月形町,1204-9,141.752945,43.370433
字札比内,樺戸郡月形町,1334-8,141.751167,43.369287
字札比内,樺戸郡月形町,1203-5,141.752081,43.369887
字札比内,樺戸郡月形町,1203-2,141.75159,43.369891
字札比内,樺戸郡月形町,1203-1,141.751961,43.371379
字札比内,樺戸郡月形町,1201-2,141.755092,43.370938
字札比内,樺戸郡月形町,1167-5,141.756867,43.370878
字札比内,樺戸郡月形町,1204-4,141.754077,43.369174
字札比内,樺戸郡月形町,1336-5,141.754646,43.368788
字札比内,樺戸郡月形町,1336-2,141.75394,43.367658
字札比内,樺戸郡月形町,1336-3,141.754299,43.36757
字札比内,樺戸郡月形町,1337-16,141.753901,43.367447
字札比内,樺戸郡月形町,1337-18,141.754232,43.367224
字札比内,樺戸郡月形町,1336-11,141.754177,43.367369
字札比内,樺戸郡月形町,1336-9,141.754674,43.367047
字札比内,樺戸郡月形町,1175-9,141.755897,43.36734
字札比内,樺戸郡月形町,1336-1,141.755325,43.368136
字札比内,樺戸郡月形町,1202-2,141.758508,43.368681
字札比内,樺戸郡月形町,1175-3,141.757214,43.367835
字札比内,樺戸郡月形町,1176-19,141.758243,43.367267
字札比内,樺戸郡月形町,1175-18,141.758335,43.367542
字札比内,樺戸郡月形町,1202-29,141.759006,43.368071
字札比内,樺戸郡月形町,1289-5,141.759133,43.367978
字札比内,樺戸郡月形町,1289-6,141.75881,43.367724
字札比内,樺戸郡月形町,1202-24,141.758473,43.367609
字札比内,樺戸郡月形町,1176-17,141.758477,43.367457
字札比内,樺戸郡月形町,1289-4,141.759106,43.367527
字札比内,樺戸郡月形町,1289-3,141.759339,43.367803
字札比内,樺戸郡月形町,1279-5,141.759557,43.368315
字札比内,樺戸郡月形町,1202-26,141.759625,43.368522
字札比内,樺戸郡月形町,1202-6,141.759519,43.368594
字札比内,樺戸郡月形町,1202-1,141.759578,43.369477
字札比内,樺戸郡月形町,1202-3,141.75944,43.37019
字札比内,樺戸郡月形町,1202-10,141.759099,43.369845
字札比内,樺戸郡月形町,1202-9,141.75895,43.369956
字札比内,樺戸郡月形町,1202-12,141.758799,43.370098
字札比内,樺戸郡月形町,1202-8,141.758167,43.369397
字札比内,樺戸郡月形町,1167-1,141.756634,43.369963
字札比内,樺戸郡月形町,1167-4,141.757704,43.37068
字札比内,樺戸郡月形町,1167-3,141.757963,43.37105
字札比内,樺戸郡月形町,1167-8,141.758358,43.371234
字札比内,樺戸郡月形町,1166-6,141.759288,43.370754
字札比内,樺戸郡月形町,1167-9,141.759009,43.370802
字札比内,樺戸郡月形町,1202-21,141.759377,43.370559
字札比内,樺戸郡月形町,1202-18,141.759503,43.370479
字札比内,樺戸郡月形町,1202-16,141.759547,43.370453
字札比内,樺戸郡月形町,1202-19,141.759842,43.370262
字札比内,樺戸郡月形町,1168-14,141.759598,43.370553
字札比内,樺戸郡月形町,1166-2,141.758724,43.371741
字札比内,樺戸郡月形町,1166-3,141.759359,43.371399
字札比内,樺戸郡月形町,1166-1,141.759498,43.372669
字札比内,樺戸郡月形町,1165-8,141.757541,43.371916
字札比内,樺戸郡月形町,1165-4,141.757572,43.372115
字札比内,樺戸郡月形町,1167-7,141.757629,43.371724
字札比内,樺戸郡月形町,1166-5,141.757932,43.371657
字札比内,樺戸郡月形町,1167-6,141.757807,43.371614
字札比内,樺戸郡月形町,1166-7,141.757964,43.371789
字札比内,樺戸郡月形町,1166-4,141.758199,43.371481
字札比内,樺戸郡月形町,1167-2,141.757673,43.371404
字札比内,樺戸郡月形町,1201-5,141.756887,43.372217
字札比内,樺戸郡月形町,1201-1,141.756222,43.371834
字札比内,樺戸郡月形町,1201-4,141.754273,43.371496
字札比内,樺戸郡月形町,1272-9,141.753965,43.371393
字札比内,樺戸郡月形町,1272-7,141.754974,43.372195
字札比内,樺戸郡月形町,1201-3,141.755391,43.372385
字札比内,樺戸郡月形町,1272-6,141.755336,43.372484
字札比内,樺戸郡月形町,1272-2,141.755051,43.372665
字札比内,樺戸郡月形町,1272-16,141.755049,43.37238
字札比内,樺戸郡月形町,1272-3,141.754591,43.372451
字札比内,樺戸郡月形町,1272-10,141.755425,43.373088
字札比内,樺戸郡月形町,1164-11,141.75533,43.37339
字札比内,樺戸郡月形町,1272-14,141.755388,43.373223
字札比内,樺戸郡月形町,1164-10,141.755752,43.373108
字札比内,樺戸郡月形町,1164-2,141.755976,43.373306
字札比内,樺戸郡月形町,1164-6,141.756181,43.37315
字札比内,樺戸郡月形町,1272-15,141.755818,43.372931
字札比内,樺戸郡月形町,1272-11,141.755516,43.372814
字札比内,樺戸郡月形町,1272-8,141.755699,43.372773
字札比内,樺戸郡月形町,道-7150,141.745941,43.37231
字札比内,樺戸郡月形町,1165-7,141.756418,43.372658
字札比内,樺戸郡月形町,1165-6,141.757173,43.372159
字札比内,樺戸郡月形町,1165-3,141.756787,43.372949
字札比内,樺戸郡月形町,1165-2,141.756297,43.372912
字札比内,樺戸郡月形町,1164-8,141.75557,43.373451
字札比内,樺戸郡月形町,1272-12,141.755099,43.373414
字札比内,樺戸郡月形町,1164-9,141.754977,43.37363
字札比内,樺戸郡月形町,1272-13,141.754524,43.373799
字札比内,樺戸郡月形町,1164-1,141.755307,43.374
字札比内,樺戸郡月形町,1259-1,141.754202,43.374944
字札比内,樺戸郡月形町,1259-3,141.755076,43.374971
字札比内,樺戸郡月形町,1164-5,141.756729,43.374697
字札比内,樺戸郡月形町,1164-7,141.757875,43.374503
字札比内,樺戸郡月形町,1165-5,141.757728,43.37424
字札比内,樺戸郡月形町,1165-1,141.758164,43.373341
字札比内,樺戸郡月形町,1156-1,141.759916,43.374653
字札比内,樺戸郡月形町,1156-6,141.758885,43.375169
字札比内,樺戸郡月形町,1154-7,141.758559,43.375054
字札比内,樺戸郡月形町,2028,141.760964,43.374458
字札比内,樺戸郡月形町,1948,141.762055,43.37414
字札比内,樺戸郡月形町,2031,141.762738,43.373514
字札比内,樺戸郡月形町,2027,141.761723,43.375113
字札比内,樺戸郡月形町,2026,141.761694,43.375131
字札比内,樺戸郡月形町,1158-17,141.762559,43.375217
字札比内,樺戸郡月形町,2029,141.762879,43.37493
字札比内,樺戸郡月形町,2030,141.762989,43.3749
字札比内,樺戸郡月形町,1158-16,141.762968,43.374951
字札比内,樺戸郡月形町,1331-19,141.763734,43.374546
字札比内,樺戸郡月形町,道-7149,141.760984,43.376318
字札比内,樺戸郡月形町,1332-18,141.763973,43.374393
字札比内,樺戸郡月形町,1331-6,141.764722,43.375491
字札比内,樺戸郡月形町,1332-1,141.765708,43.375485
字札比内,樺戸郡月形町,1331-5,141.764747,43.375175
字札比内,樺戸郡月形町,1332-2,141.765786,43.374624
字札比内,樺戸郡月形町,1332-30,141.764541,43.374064
字札比内,樺戸郡月形町,1332-31,141.764597,43.374197
字札比内,樺戸郡月形町,1332-10,141.764779,43.373918
字札比内,樺戸郡月形町,1332-34,141.765117,43.373904
字札比内,樺戸郡月形町,1332-33,141.76522,43.373769
字札比内,樺戸郡月形町,1332-32,141.765207,43.373652
字札比内,樺戸郡月形町,1332-35,141.765447,43.373641
字札比内,樺戸郡月形町,1332-36,141.765622,43.373586
字札比内,樺戸郡月形町,1332-25,141.765795,43.373452
字札比内,樺戸郡月形町,1332-12,141.765481,43.373475
字札比内,樺戸郡月形町,1159-7,141.765508,43.373262
字札比内,樺戸郡月形町,1332-11,141.76497,43.373794
字札比内,樺戸郡月形町,1159-5,141.76543,43.373266
字札比内,樺戸郡月形町,1159-16,141.764539,43.373904
字札比内,樺戸郡月形町,1159-10,141.763859,43.373917
字札比内,樺戸郡月形町,1159-2,141.764262,43.373899
字札比内,樺戸郡月形町,1159-14,141.764201,43.374132
字札比内,樺戸郡月形町,1332-29,141.764355,43.374158
字札比内,樺戸郡月形町,1159-15,141.764008,43.37426
字札比内,樺戸郡月形町,1332-19,141.764001,43.374376
字札比内,樺戸郡月形町,1159-12,141.763975,43.374178
字札比内,樺戸郡月形町,1159-4,141.763874,43.374252
字札比内,樺戸郡月形町,1159-13,141.763943,43.374269
字札比内,樺戸郡月形町,1160-1,141.763684,43.372287
字札比内,樺戸郡月形町,1160-9,141.763771,43.372382
字札比内,樺戸郡月形町,1159-11,141.764132,43.372336
字札比内,樺戸郡月形町,1159-1,141.763523,43.373282
字札比内,樺戸郡月形町,1162-20,141.765669,43.373156
字札比内,樺戸郡月形町,1162-19,141.765631,43.373146
字札比内,樺戸郡月形町,1159-17,141.765525,43.373205
字札比内,樺戸郡月形町,1162-10,141.765701,43.373093
字札比内,樺戸郡月形町,1162-11,141.765763,43.373094
字札比内,樺戸郡月形町,1162-21,141.765164,43.3728
字札比内,樺戸郡月形町,1162-22,141.765141,43.372767
字札比内,樺戸郡月形町,1162-26,141.765809,43.37283
字札比内,樺戸郡月形町,1162-8,141.765193,43.372491
字札比内,樺戸郡月形町,1159-18,141.765006,43.372797
字札比内,樺戸郡月形町,1163-9,141.764448,43.372215
字札比内,樺戸郡月形町,1163-7,141.764274,43.372093
字札比内,樺戸郡月形町,1163-2,141.764587,43.372079
字札比内,樺戸郡月形町,1163-4,141.764482,43.371896
字札比内,樺戸郡月形町,1162-6,141.76502,43.371896
字札比内,樺戸郡月形町,1162-16,141.765499,43.371882
字札比内,樺戸郡月形町,1162-1,141.765357,43.370984
字札比内,樺戸郡月形町,1162-15,141.765121,43.371426
字札比内,樺戸郡月形町,1162-25,141.764773,43.371103
字札比内,樺戸郡月形町,1163-6,141.763398,43.371373
字札比内,樺戸郡月形町,1163-1,141.764065,43.371567
字札比内,樺戸郡月形町,1160-13,141.764049,43.372038
字札比内,樺戸郡月形町,1163-8,141.764248,43.372056
字札比内,樺戸郡月形町,1159-19,141.764198,43.372158
字札比内,樺戸郡月形町,1160-14,141.764153,43.372121
字札比内,樺戸郡月形町,1160-16,141.763236,43.371478
字札比内,樺戸郡月形町,1160-15,141.763739,43.371793
字札比内,樺戸郡月形町,1160-12,141.763263,43.371419
字札比内,樺戸郡月形町,2034,141.762282,43.372047
字札比内,樺戸郡月形町,1160-2,141.763192,43.371995
字札比内,樺戸郡月形町,2033,141.761919,43.372777
字札比内,樺戸郡月形町,1158-7,141.762603,43.37302
字札比内,樺戸郡月形町,1158-8,141.763064,43.372866
字札比内,樺戸郡月形町,1158-5,141.762266,43.372876
字札比内,樺戸郡月形町,1158-6,141.762147,43.372916
字札比内,樺戸郡月形町,1158-10,141.76169,43.372548
字札比内,樺戸郡月形町,2032,141.761716,43.372424
字札比内,樺戸郡月形町,1950,141.760767,43.372501
字札比内,樺戸郡月形町,1949,141.760973,43.373279
字札比内,樺戸郡月形町,2035,141.760914,43.371942
字札比内,樺戸郡月形町,2036,141.760616,43.371609
字札比内,樺戸郡月形町,1168-1,141.760162,43.370997
字札比内,樺戸郡月形町,1168-15,141.759893,43.370355
字札比内,樺戸郡月形町,2037,141.760076,43.370259
字札比内,樺戸郡月形町,1951,141.761901,43.371319
字札比内,樺戸郡月形町,1273-13,141.762297,43.370505
字札比内,樺戸郡月形町,1273-11,141.762743,43.370876
字札比内,樺戸郡月形町,1273-12,141.762191,43.370433
字札比内,樺戸郡月形町,1273-14,141.761795,43.370105
字札比内,樺戸郡月形町,1168-16,141.762103,43.370497
字札比内,樺戸郡月形町,2038,141.763071,43.371294
字札比内,樺戸郡月形町,1273-15,141.761766,43.370081
字札比内,樺戸郡月形町,1273-10,141.761451,43.369824
字札比内,樺戸郡月形町,1273-8,141.762661,43.369823
字札比内,樺戸郡月形町,1273-1,141.762084,43.369406
字札比内,樺戸郡月形町,1202-17,141.760812,43.369602
字札比内,樺戸郡月形町,1168-12,141.761009,43.369636
字札比内,樺戸郡月形町,1202-15,141.760505,43.369778
字札比内,樺戸郡月形町,1202-28,141.76049,43.369767
字札比内,樺戸郡月形町,1202-23,141.760679,43.369688
字札比内,樺戸郡月形町,1168-13,141.760407,43.370021
字札比内,樺戸郡月形町,1202-14,141.760197,43.369981
字札比内,樺戸郡月形町,1202-27,141.760058,43.370058
字札比内,樺戸郡月形町,1160-11,141.760178,43.370168
字札比内,樺戸郡月形町,1202-13,141.760039,43.370126
字札比内,樺戸郡月形町,1202-22,141.76005,43.370092
字札比内,樺戸郡月形町,1202-20,141.760288,43.369921
字札比内,樺戸郡月形町,1202-30,141.760275,43.36991
字札比内,樺戸郡月形町,1202-11,141.760133,43.3698
字札比内,樺戸郡月形町,1202-5,141.760173,43.369118
字札比内,樺戸郡月形町,1202-4,141.759598,43.368825
字札比内,樺戸郡月形町,1279-4,141.760298,43.368905
字札比内,樺戸郡月形町,1202-25,141.76052,43.369235
字札比内,樺戸郡月形町,1279-2,141.760532,43.368449
字札比内,樺戸郡月形町,1279-1,141.760233,43.367484
字札比内,樺戸郡月形町,1291-2,141.761326,43.367375
字札比内,樺戸郡月形町,1290-4,141.761178,43.367584
字札比内,樺戸郡月形町,水-59,141.7625,43.366774
字札比内,樺戸郡月形町,1277-5,141.76258,43.367507
字札比内,樺戸郡月形町,1277-1,141.762116,43.367489
字札比内,樺戸郡月形町,1277-3,141.762803,43.368245
字札比内,樺戸郡月形町,1173-4,141.762881,43.368336
字札比内,樺戸郡月形町,1275-7,141.762558,43.368558
字札比内,樺戸郡月形町,1279-3,141.762412,43.368512
字札比内,樺戸郡月形町,水-7049,141.761269,43.36845
字札比内,樺戸郡月形町,1290-1,141.761528,43.368724
字札比内,樺戸郡月形町,2190-5,141.761105,43.369411
字札比内,樺戸郡月形町,1273-9,141.761668,43.369174
字札比内,樺戸郡月形町,1275-1,141.762887,43.368858
字札比内,樺戸郡月形町,1173-3,141.763294,43.368807
字札比内,樺戸郡月形町,水-61,141.763844,43.368918
字札比内,樺戸郡月形町,1173-7,141.763465,43.368818
字札比内,樺戸郡月形町,1172-1,141.764421,43.369437
字札比内,樺戸郡月形町,1173-6,141.763292,43.368515
字札比内,樺戸郡月形町,1173-1,141.763019,43.368473
字札比内,樺戸郡月形町,1173-5,141.763055,43.368215
字札比内,樺戸郡月形町,1277-4,141.762978,43.368126
字札比内,樺戸郡月形町,1276-1,141.763222,43.367707
字札比内,樺戸郡月形町,長狭物不明-73,141.763831,43.367593
字札比内,樺戸郡月形町,1172-2,141.764429,43.367936
字札比内,樺戸郡月形町,1274-4,141.76453,43.370137
字札比内,樺戸郡月形町,1275-8,141.763851,43.369505
字札比内,樺戸郡月形町,1275-5,141.763658,43.369528
字札比内,樺戸郡月形町,1275-9,141.763816,43.369424
字札比内,樺戸郡月形町,1275-10,141.763758,43.369346
字札比内,樺戸郡月形町,1275-6,141.763441,43.36921
字札比内,樺戸郡月形町,1275-2,141.763781,43.369876
字札比内,樺戸郡月形町,1274-6,141.764326,43.370353
字札比内,樺戸郡月形町,1274-1,141.764027,43.370187
字札比内,樺戸郡月形町,1274-3,141.764136,43.370581
字札比内,樺戸郡月形町,1274-7,141.764391,43.370608
字札比内,樺戸郡月形町,1274-8,141.764275,43.370718
字札比内,樺戸郡月形町,1162-27,141.764305,43.370723
字札比内,樺戸郡月形町,1273-5,141.763835,43.370809
字札比内,樺戸郡月形町,1273-7,141.763556,43.370064
字札比内,樺戸郡月形町,1273-2,141.763122,43.370518
字札比内,樺戸郡月形町,水-7048,141.764123,43.370911
字札比内,樺戸郡月形町,1163-10,141.763617,43.371183
字札比内,樺戸郡月形町,1273-16,141.763577,43.371167
字札比内,樺戸郡月形町,1163-11,141.763855,43.371025
字札比内,樺戸郡月形町,1273-17,141.763885,43.370978
字札比内,樺戸郡月形町,1273-18,141.763838,43.371008
字札比内,樺戸郡月形町,1162-28,141.763888,43.371003
字札比内,樺戸郡月形町,1162-18,141.763998,43.371036
字札比内,樺戸郡月形町,1163-5,141.764102,43.371243
字札比内,樺戸郡月形町,1162-29,141.764634,43.371448
字札比内,樺戸郡月形町,1274-5,141.764572,43.370457
字札比内,樺戸郡月形町,1162-4,141.765546,43.370095
字札比内,樺戸郡月形町,1333-2,141.766702,43.372819
字札比内,樺戸郡月形町,1162-9,141.766531,43.372405
字札比内,樺戸郡月形町,1162-12,141.765965,43.372838
字札比内,樺戸郡月形町,無地番-36,141.765986,43.372908
字札比内,樺戸郡月形町,1162-17,141.766071,43.372884
字札比内,樺戸郡月形町,1162-24,141.765879,43.372976
字札比内,樺戸郡月形町,1162-23,141.765896,43.373007
字札比内,樺戸郡月形町,1860-4,141.765825,43.373237
字札比内,樺戸郡月形町,1333-4,141.76842,43.37318
字札比内,樺戸郡月形町,1333-1,141.76758,43.373726
字札比内,樺戸郡月形町,1860-5,141.76611,43.373399
字札比内,樺戸郡月形町,1332-3,141.76584,43.373773
字札比内,樺戸郡月形町,1332-23,141.76644,43.374187
字札比内,樺戸郡月形町,1332-20,141.766695,43.374305
字札比内,樺戸郡月形町,1332-17,141.767221,43.374783
字札比内,樺戸郡月形町,1332-26,141.76712,43.374855
字札比内,樺戸郡月形町,1332-22,141.766958,43.374933
字札比内,樺戸郡月形町,1332-15,141.767029,43.37454
字札比内,樺戸郡月形町,1332-27,141.76701,43.374934
字札比内,樺戸郡月形町,1332-21,141.767165,43.374904
字札比内,樺戸郡月形町,1332-24,141.767243,43.375175
字札比内,樺戸郡月形町,1332-9,141.7673,43.375122
字札比内,樺戸郡月形町,1332-16,141.767568,43.375263
字札比内,樺戸郡月形町,1332-28,141.767431,43.375022
字札比内,樺戸郡月形町,長狭物不明-74,141.768254,43.375327
字札比内,樺戸郡月形町,1333-3,141.768506,43.374355
字札比内,樺戸郡月形町,1152-2,141.769478,43.374829
字札比内,樺戸郡月形町,1333-5,141.768954,43.373949
字札比内,樺戸郡月形町,1888,141.769637,43.375715
字札比内,樺戸郡月形町,1152-1,141.768792,43.37507
字札比内,樺戸郡月形町,1150-53,141.769342,43.377569
字札比内,樺戸郡月形町,1151-13,141.769797,43.377119
字札比内,樺戸郡月形町,1151-8,141.769899,43.37705
字札比内,樺戸郡月形町,1151-12,141.769846,43.377063
字札比内,樺戸郡月形町,1941-2,141.769865,43.377258
字札比内,樺戸郡月形町,1941-1,141.769958,43.37724
字札比内,樺戸郡月形町,1150-56,141.769964,43.377156
字札比内,樺戸郡月形町,1150-58,141.77023,43.377304
字札比内,樺戸郡月形町,1942-2,141.769962,43.377407
字札比内,樺戸郡月形町,1942-1,141.770344,43.377649
字札比内,樺戸郡月形町,2023,141.770453,43.37761
字札比内,樺戸郡月形町,1150-49,141.770593,43.377542
字札比内,樺戸郡月形町,1150-57,141.771235,43.377984
字札比内,樺戸郡月形町,1150-50,141.770681,43.377592
字札比内,樺戸郡月形町,1150-59,141.770496,43.377533
字札比内,樺戸郡月形町,1944,141.770444,43.37781
字札比内,樺戸郡月形町,1945,141.770393,43.377919
字札比内,樺戸郡月形町,2024,141.770973,43.37793
字札比内,樺戸郡月形町,1946,141.770779,43.377873
字札比内,樺戸郡月形町,1943,141.770754,43.378878
字札比内,樺戸郡月形町,2021,141.769617,43.378951
字札比内,樺戸郡月形町,2018,141.768583,43.378287
字札比内,樺戸郡月形町,2019,141.769525,43.378967
字札比内,樺戸郡月形町,2020,141.769208,43.378671
字札比内,樺戸郡月形町,2022,141.769736,43.378181
字札比内,樺戸郡月形町,1940,141.770235,43.377707
字札比内,樺戸郡月形町,1939,141.769843,43.377744
字札比内,樺戸郡月形町,1937,141.769282,43.377851
字札比内,樺戸郡月形町,1938,141.769027,43.37802
字札比内,樺戸郡月形町,1150-55,141.768991,43.377806
字札比内,樺戸郡月形町,1151-4,141.76911,43.37758
字札比内,樺戸郡月形町,1151-5,141.768391,43.377759
字札比内,樺戸郡月形町,1149-7,141.767494,43.377744
字札比内,樺戸郡月形町,1149-2,141.768087,43.377855
字札比内,樺戸郡月形町,1150-52,141.767977,43.378485
字札比内,樺戸郡月形町,1935,141.768743,43.379505
字札比内,樺戸郡月形町,1934,141.767979,43.378901
字札比内,樺戸郡月形町,2017,141.767778,43.378668
字札比内,樺戸郡月形町,1149-8,141.767346,43.378778
字札比内,樺戸郡月形町,1150-54,141.767054,43.379106
字札比内,樺戸郡月形町,1269-26,141.766738,43.379318
字札比内,樺戸郡月形町,1269-25,141.766314,43.379603
字札比内,樺戸郡月形町,2012,141.766052,43.379646
字札比内,樺戸郡月形町,1149-3,141.765886,43.376775
字札比内,樺戸郡月形町,1149-1,141.766812,43.378308
字札比内,樺戸郡月形町,1149-6,141.766613,43.376898
字札比内,樺戸郡月形町,1151-1,141.767623,43.376352
字札比内,樺戸郡月形町,1151-11,141.768654,43.376199
字札比内,樺戸郡月形町,1151-7,141.767779,43.375267
字札比内,樺戸郡月形町,1151-10,141.768565,43.376013
字札比内,樺戸郡月形町,1332-7,141.766804,43.375455
字札比内,樺戸郡月形町,1332-5,141.766201,43.375874
字札比内,樺戸郡月形町,1331-15,141.765841,43.37612
字札比内,樺戸郡月形町,1331-2,141.765013,43.376682
字札比内,樺戸郡月形町,2007,141.762785,43.377834
字札比内,樺戸郡月形町,1331-1,141.763903,43.37611
字札比内,樺戸郡月形町,1331-7,141.764463,43.375671
字札比内,樺戸郡月形町,1331-17,141.76279,43.375661
字札比内,樺戸郡月形町,1331-16,141.762619,43.37545
字札比内,樺戸郡月形町,1155-16,141.761849,43.375805
字札比内,樺戸郡月形町,2025,141.761693,43.375784
字札比内,樺戸郡月形町,1156-12,141.762209,43.375446
字札比内,樺戸郡月形町,1947,141.761023,43.3756
字札比内,樺戸郡月形町,1156-5,141.760225,43.376244
字札比内,樺戸郡月形町,1155-5,141.76128,43.376232
字札比内,樺戸郡月形町,1155-15,141.760868,43.376459
字札比内,樺戸郡月形町,1155-8,141.761246,43.376788
字札比内,樺戸郡月形町,1155-17,141.760919,43.376799
字札比内,樺戸郡月形町,1155-20,141.760698,43.376623
字札比内,樺戸郡月形町,1155-6,141.761041,43.376723
字札比内,樺戸郡月形町,1155-7,141.760885,43.3766
字札比内,樺戸郡月形町,1154-13,141.759807,43.377008
字札比内,樺戸郡月形町,1153-13,141.759998,43.377032
字札比内,樺戸郡月形町,1925,141.760174,43.377453
字札比内,樺戸郡月形町,1146-12,141.760642,43.376697
字札比内,樺戸郡月形町,1155-9,141.761349,43.377145
字札比内,樺戸郡月形町,1155-1,141.761722,43.376746
字札比内,樺戸郡月形町,1155-12,141.763053,43.377309
字札比内,樺戸郡月形町,1155-11,141.76282,43.37649
字札比内,樺戸郡月形町,1155-13,141.762485,43.377441
字札比内,樺戸郡月形町,1155-2,141.762949,43.378378
字札比内,樺戸郡月形町,1155-18,141.762716,43.37824
字札比内,樺戸郡月形町,1153-18,141.762846,43.378471
字札比内,樺戸郡月形町,2006,141.763387,43.37896
字札比内,樺戸郡月形町,1155-21,141.76247,43.378054
字札比内,樺戸郡月形町,2005,141.762809,43.379327
字札比内,樺戸郡月形町,2004,141.761824,43.379244
字札比内,樺戸郡月形町,2003,141.761836,43.379282
字札比内,樺戸郡月形町,1155-14,141.761867,43.377564
字札比内,樺戸郡月形町,1155-19,141.762434,43.377977
字札比内,樺戸郡月形町,1926,141.761186,43.378147
字札比内,樺戸郡月形町,1927,141.762685,43.378981
字札比内,樺戸郡月形町,1928,141.763407,43.379412
字札比内,樺戸郡月形町,1148-15,141.764506,43.379676
字札比内,樺戸郡月形町,1148-7,141.763766,43.37903
字札比内,樺戸郡月形町,2008,141.76462,43.379692
字札比内,樺戸郡月形町,2009,141.762719,43.378138
字札比内,樺戸郡月形町,1146-11,141.763137,43.378711
字札比内,樺戸郡月形町,1929,141.763541,43.377685
字札比内,樺戸郡月形町,2011,141.765415,43.378009
字札比内,樺戸郡月形町,2010,141.765434,43.378085
字札比内,樺戸郡月形町,1930,141.76489,43.378753
字札比内,樺戸郡月形町,1269-23,141.765567,43.380105
字札比内,樺戸郡月形町,1148-17,141.765353,43.380107
字札比内,樺戸郡月形町,1148-16,141.764919,43.380009
字札比内,樺戸郡月形町,1148-6,141.764715,43.379786
字札比内,樺戸郡月形町,1148-8,141.765152,43.38022
字札比内,樺戸郡月形町,1148-18,141.765166,43.380181
字札比内,樺戸郡月形町,1269-22,141.765385,43.380201
字札比内,樺戸郡月形町,1138-13,141.76291,43.381637
字札比内,樺戸郡月形町,1199-8,141.760471,43.379987
字札比内,樺戸郡月形町,1965,141.758539,43.380354
字札比内,樺戸郡月形町,1195-1,141.760746,43.380181
字札比内,樺戸郡月形町,水-7056,141.761074,43.380407
字札比内,樺戸郡月形町,1899,141.76046,43.381088
字札比内,樺戸郡月形町,1900,141.761063,43.381541
字札比内,樺戸郡月形町,1193-3,141.76163,43.380807
字札比内,樺戸郡月形町,1193-6,141.76171,43.380832
字札比内,樺戸郡月形町,1138-3,141.761742,43.3809
字札比内,樺戸郡月形町,1138-4,141.762249,43.381215
字札比内,樺戸郡月形町,1138-12,141.762569,43.381437
字札比内,樺戸郡月形町,1972,141.762603,43.382055
字札比内,樺戸郡月形町,1967,141.761352,43.382744
字札比内,樺戸郡月形町,1901,141.762076,43.381778
字札比内,樺戸郡月形町,1971,141.761388,43.382867
字札比内,樺戸郡月形町,1968,141.759645,43.38396
字札比内,樺戸郡月形町,1966,141.759328,43.384084
字札比内,樺戸郡月形町,1914,141.762256,43.383572
字札比内,樺戸郡月形町,1992,141.763348,43.38328
字札比内,樺戸郡月形町,1994,141.763459,43.383262
字札比内,樺戸郡月形町,1919,141.763783,43.382737
字札比内,樺戸郡月形町,1993,141.763381,43.383245
字札比内,樺戸郡月形町,1918,141.762968,43.382207
字札比内,樺戸郡月形町,道-7157,141.763039,43.381693
字札比内,樺戸郡月形町,1969,141.762957,43.381735
字札比内,樺戸郡月形町,1268-15,141.76312,43.381726
字札比内,樺戸郡月形町,2002,141.763606,43.381963
字札比内,樺戸郡月形町,2001,141.765568,43.382613
字札比内,樺戸郡月形町,1920,141.764632,43.383387
字札比内,樺戸郡月形町,1998,141.764831,43.383702
字札比内,樺戸郡月形町,1997,141.764803,43.38368
字札比内,樺戸郡月形町,1922,141.765708,43.383424
字札比内,樺戸郡月形町,1924,141.766481,43.382883
字札比内,樺戸郡月形町,1923,141.766083,43.383089
字札比内,樺戸郡月形町,1268-16,141.76716,43.382843
字札比内,樺戸郡月形町,1268-17,141.767301,43.382786
字札比内,樺戸郡月形町,1268-12,141.767424,43.382862
字札比内,樺戸郡月形町,無地番-7031,141.767385,43.383096
字札比内,樺戸郡月形町,2013,141.765538,43.380302
字札比内,樺戸郡月形町,1269-24,141.765829,43.37993
字札比内,樺戸郡月形町,1931,141.76678,43.379614
字札比内,樺戸郡月形町,1932,141.766672,43.380098
字札比内,樺戸郡月形町,2014,141.766978,43.379313
字札比内,樺戸郡月形町,1933,141.767321,43.380132
字札比内,樺戸郡月形町,2015,141.767702,43.379834
字札比内,樺戸郡月形町,2016,141.767754,43.379816
字札比内,樺戸郡月形町,1936,141.769859,43.3799
字札比内,樺戸郡月形町,1150-27,141.770804,43.379793
字札比内,樺戸郡月形町,1150-2,141.770907,43.379811
字札比内,樺戸郡月形町,1268-21,141.766349,43.384272
字札比内,樺戸郡月形町,1268-18,141.766369,43.384078
字札比内,樺戸郡月形町,1268-19,141.766437,43.384248
字札比内,樺戸郡月形町,1268-20,141.765985,43.384441
字札比内,樺戸郡月形町,1137-69,141.765856,43.384487
,樺戸郡月形町,3689,141.763552,43.388297
,樺戸郡月形町,999-340,141.760132,43.390746
,樺戸郡月形町,999-490,141.760965,43.390046
,樺戸郡月形町,999-494,141.760168,43.390024
,樺戸郡月形町,999-330,141.760438,43.390516
,樺戸郡月形町,999-222,141.760611,43.389699
,樺戸郡月形町,999-493,141.760319,43.389269
,樺戸郡月形町,999-981,141.760071,43.389442
,樺戸郡月形町,999-980,141.761045,43.389456
,樺戸郡月形町,999-978,141.761405,43.389012
,樺戸郡月形町,999-987,141.761353,43.389165
,樺戸郡月形町,999-989,141.761219,43.389424
,樺戸郡月形町,999-403,141.761214,43.389921
,樺戸郡月形町,999-350,141.761407,43.389609
,樺戸郡月形町,999-379,141.76197,43.389293
,樺戸郡月形町,999-223,141.761504,43.389184
,樺戸郡月形町,999-979,141.761462,43.388959
,樺戸郡月形町,999-990,141.761574,43.3887
,樺戸郡月形町,999-988,141.761588,43.388721
,樺戸郡月形町,999-224,141.762042,43.388997
,樺戸郡月形町,999-225,141.762453,43.388247
,樺戸郡月形町,999-50,141.761588,43.388101
,樺戸郡月形町,999-213,141.76103,43.388621
,樺戸郡月形町,999-1131,141.760374,43.388108
字札比内,樺戸郡月形町,1137-51,141.760531,43.38594
字札比内,樺戸郡月形町,1137-49,141.760783,43.386112
字札比内,樺戸郡月形町,1137-38,141.760742,43.386131
字札比内,樺戸郡月形町,1137-57,141.761324,43.38648
字札比内,樺戸郡月形町,1137-54,141.761752,43.386747
字札比内,樺戸郡月形町,1979,141.761981,43.386825
字札比内,樺戸郡月形町,1980,141.762024,43.386808
字札比内,樺戸郡月形町,1907,141.7625,43.386154
字札比内,樺戸郡月形町,1910,141.762364,43.386872
字札比内,樺戸郡月形町,1908,141.76281,43.386979
字札比内,樺戸郡月形町,1137-47,141.762771,43.387391
字札比内,樺戸郡月形町,1137-53,141.762458,43.387186
字札比内,樺戸郡月形町,1137-55,141.762045,43.386927
,樺戸郡月形町,999-986,141.761849,43.387552
,樺戸郡月形町,999-147,141.761826,43.387809
字札比内,樺戸郡月形町,1137-46,141.763588,43.387892
字札比内,樺戸郡月形町,1909,141.763213,43.387061
字札比内,樺戸郡月形町,1911,141.76331,43.387438
字札比内,樺戸郡月形町,1137-67,141.764464,43.38709
字札比内,樺戸郡月形町,1137-68,141.7649,43.386581
字札比内,樺戸郡月形町,1913,141.763994,43.386467
字札比内,樺戸郡月形町,1912,141.763544,43.386786
字札比内,樺戸郡月形町,1987,141.762714,43.386466
字札比内,樺戸郡月形町,1988,141.763185,43.386952
字札比内,樺戸郡月形町,1989,141.762974,43.386377
字札比内,樺戸郡月形町,1985,141.763341,43.385702
字札比内,樺戸郡月形町,1986,141.763301,43.385621
字札比内,樺戸郡月形町,1916,141.764224,43.385483
字札比内,樺戸郡月形町,水-7055,141.764964,43.386375
字札比内,樺戸郡月形町,2000,141.764714,43.386497
字札比内,樺戸郡月形町,1137-70,141.765379,43.385032
字札比内,樺戸郡月形町,1999,141.765295,43.384713
字札比内,樺戸郡月形町,1917,141.76481,43.38473
字札比内,樺戸郡月形町,1996,141.764988,43.384448
字札比内,樺戸郡月形町,1921,141.765247,43.384044
字札比内,樺戸郡月形町,1991,141.763903,43.384652
字札比内,樺戸郡月形町,1990,141.763727,43.38473
字札比内,樺戸郡月形町,1915,141.763408,43.384489
字札比内,樺戸郡月形町,1995,141.763548,43.383284
字札比内,樺戸郡月形町,1984,141.761759,43.384339
字札比内,樺戸郡月形町,1982,141.761728,43.384417
字札比内,樺戸郡月形町,1983,141.762599,43.38507
字札比内,樺戸郡月形町,1981,141.76297,43.38545
字札比内,樺戸郡月形町,1906,141.761889,43.385724
字札比内,樺戸郡月形町,1977,141.762218,43.385009
字札比内,樺戸郡月形町,1978,141.761606,43.385475
字札比内,樺戸郡月形町,1976,141.760822,43.385609
字札比内,樺戸郡月形町,1975,141.760582,43.385421
字札比内,樺戸郡月形町,1903,141.76058,43.385659
字札比内,樺戸郡月形町,1137-52,141.760332,43.385793
字札比内,樺戸郡月形町,1137-50,141.760214,43.38567
字札比内,樺戸郡月形町,1905,141.76086,43.384727
字札比内,樺戸郡月形町,1902,141.760084,43.384086
字札比内,樺戸郡月形町,1970,141.75986,43.383895
,樺戸郡月形町,長狭物不明-43,141.758553,43.384825
字札比内,樺戸郡月形町,1138-9,141.758877,43.384004
字札比内,樺戸郡月形町,1137-48,141.759466,43.384755
字札比内,樺戸郡月形町,1974,141.759572,43.384701
字札比内,樺戸郡月形町,1973,141.759559,43.384754
,樺戸郡月形町,999-49,141.758309,43.386801
,樺戸郡月形町,999-46,141.759592,43.386619
,樺戸郡月形町,999-48,141.759954,43.38782
,樺戸郡月形町,999-9,141.754634,43.387504
,樺戸郡月形町,999-47,141.75712,43.386537
,樺戸郡月形町,999-45,141.75562,43.386468
,樺戸郡月形町,999-568,141.754088,43.385878
,樺戸郡月形町,999-569,141.755557,43.3856
,樺戸郡月形町,999-44,141.756742,43.384773
,樺戸郡月形町,999-52,141.756314,43.384054
,樺戸郡月形町,999-43,141.755343,43.383339
,樺戸郡月形町,999-137,141.754077,43.384842
,樺戸郡月形町,999-566,141.753337,43.385307
,樺戸郡月形町,999-567,141.753137,43.38581
,樺戸郡月形町,999-561,141.750798,43.384607
,樺戸郡月形町,999-139,141.749684,43.384724
,樺戸郡月形町,999-562,141.749047,43.383695
,樺戸郡月形町,999-414,141.748337,43.383781
,樺戸郡月形町,999-556,141.748492,43.385841
,樺戸郡月形町,999-842,141.750123,43.385436
,樺戸郡月形町,999-841,141.749931,43.385426
,樺戸郡月形町,999-565,141.750082,43.386152
,樺戸郡月形町,999-135,141.750597,43.386337
,樺戸郡月形町,999-372,141.751254,43.38647
,樺戸郡月形町,999-564,141.74991,43.38642
,樺戸郡月形町,999-274,141.750229,43.385876
,樺戸郡月形町,999-563,141.749753,43.385953
,樺戸郡月形町,999-559,141.748047,43.386061
,樺戸郡月形町,999-557,141.74836,43.386559
,樺戸郡月形町,999-788,141.74889,43.38683
,樺戸郡月形町,999-818,141.749311,43.387006
,樺戸郡月形町,999-398,141.748884,43.387183
,樺戸郡月形町,999-777,141.748737,43.386928
,樺戸郡月形町,999-776,141.748471,43.38695
,樺戸郡月形町,999-885,141.748294,43.387818
,樺戸郡月形町,999-198,141.748877,43.387856
,樺戸郡月形町,999-639,141.749675,43.387866
,樺戸郡月形町,999-816,141.749557,43.387047
,樺戸郡月形町,999-819,141.749895,43.386987
,樺戸郡月形町,999-817,141.750317,43.387221
,樺戸郡月形町,999-814,141.750713,43.387378
,樺戸郡月形町,999-815,141.751044,43.387693
,樺戸郡月形町,999-515,141.7515,43.387822
,樺戸郡月形町,999-874,141.752228,43.387918
,樺戸郡月形町,999-199,141.751973,43.387637
,樺戸郡月形町,999-282,141.75067,43.386989
,樺戸郡月形町,999-584,141.751514,43.386671
,樺戸郡月形町,999-138,141.751738,43.385513
,樺戸郡月形町,999-136,141.752358,43.386905
,樺戸郡月形町,999-200,141.753555,43.387517
,樺戸郡月形町,999-375,141.753364,43.388105
,樺戸郡月形町,999-299,141.753122,43.388807
,樺戸郡月形町,999-388,141.753757,43.388492
,樺戸郡月形町,999-343,141.753327,43.389288
,樺戸郡月形町,999-511,141.753975,43.39
,樺戸郡月形町,999-887,141.753538,43.390009
,樺戸郡月形町,999-845,141.75323,43.38981
,樺戸郡月形町,999-1099,141.75262,43.389209
,樺戸郡月形町,999-202,141.752642,43.389805
,樺戸郡月形町,999-843,141.752739,43.38957
,樺戸郡月形町,999-1098,141.75255,43.389144
,樺戸郡月形町,999-1097,141.752513,43.389118
,樺戸郡月形町,999-1106,141.751785,43.389695
,樺戸郡月形町,道-44,141.752009,43.388755
,樺戸郡月形町,999-349,141.751573,43.388811
,樺戸郡月形町,999-342,141.752486,43.388528
,樺戸郡月形町,999-846,141.751909,43.388753
,樺戸郡月形町,999-900,141.751976,43.388048
,樺戸郡月形町,999-875,141.751826,43.388109
,樺戸郡月形町,999-640,141.750455,43.388054
,樺戸郡月形町,999-399,141.749597,43.388507
,樺戸郡月形町,999-876,141.748822,43.388333
,樺戸郡月形町,999-884,141.748112,43.387663
,樺戸郡月形町,999-886,141.749266,43.388761
,樺戸郡月形町,999-1133,141.74929,43.389461
,樺戸郡月形町,999-1100,141.749156,43.389434
,樺戸郡月形町,999-70,141.747491,43.389251
,樺戸郡月形町,999-195,141.747913,43.38964
,樺戸郡月形町,999-1105,141.749886,43.389615
,樺戸郡月形町,999-1104,141.749972,43.389616
,樺戸郡月形町,999-877,141.749569,43.389076
,樺戸郡月形町,999-71,141.750778,43.389146
,樺戸郡月形町,999-1134,141.751045,43.390039
,樺戸郡月形町,999-396,141.751845,43.390374
,樺戸郡月形町,999-203,141.751814,43.390613
,樺戸郡月形町,999-34,141.748887,43.390982
,樺戸郡月形町,999-167,141.750507,43.391953
,樺戸郡月形町,999-937,141.751181,43.391936
,樺戸郡月形町,999-391,141.752149,43.391484
,樺戸郡月形町,999-296,141.750836,43.391739
,樺戸郡月形町,999-393,141.752222,43.390797
,樺戸郡月形町,999-207,141.751989,43.391117
,樺戸郡月形町,999-1132,141.751531,43.390152
,樺戸郡月形町,999-1103,141.751875,43.390155
,樺戸郡月形町,999-1130,141.752298,43.390387
,樺戸郡月形町,999-1129,141.752942,43.390918
,樺戸郡月形町,999-1108,141.75288,43.390813
,樺戸郡月形町,999-1102,141.752549,43.390547
,樺戸郡月形町,999-1101,141.752467,43.390456
,樺戸郡月形町,999-848,141.753584,43.390044
,樺戸郡月形町,999-889,141.753906,43.390149
,樺戸郡月形町,999-844,141.754038,43.390569
,樺戸郡月形町,999-392,141.75329,43.390874
,樺戸郡月形町,999-1128,141.753629,43.391322
,樺戸郡月形町,999-1107,141.753063,43.391057
,樺戸郡月形町,999-1109,141.753038,43.391095
,樺戸郡月形町,999-208,141.75377,43.391718
,樺戸郡月形町,999-593,141.754685,43.391738
,樺戸郡月形町,道-47,141.754324,43.391179
,樺戸郡月形町,999-597,141.754818,43.391429
,樺戸郡月形町,999-855,141.754744,43.391673
,樺戸郡月形町,999-854,141.754825,43.391718
,樺戸郡月形町,999-851,141.755357,43.392078
,樺戸郡月形町,999-849,141.755283,43.391899
,樺戸郡月形町,999-209,141.7556,43.391748
,樺戸郡月形町,999-404,141.757085,43.391364
,樺戸郡月形町,999-405,141.754747,43.391112
,樺戸郡月形町,999-210,141.756051,43.391066
,樺戸郡月形町,999-348,141.756493,43.390578
,樺戸郡月形町,999-847,141.754136,43.390858
,樺戸郡月形町,999-888,141.754357,43.390313
,樺戸郡月形町,999-890,141.754253,43.390271
,樺戸郡月形町,999-512,141.754372,43.389986
,樺戸郡月形町,999-941,141.755444,43.389336
,樺戸郡月形町,999-201,141.754654,43.389316
,樺戸郡月形町,999-939,141.753931,43.389297
,樺戸郡月形町,999-940,141.754316,43.388886
,樺戸郡月形町,999-510,141.754396,43.387906
,樺戸郡月形町,999-353,141.755953,43.388271
,樺戸郡月形町,999-943,141.755609,43.389132
,樺戸郡月形町,999-180,141.756587,43.38972
,樺戸郡月形町,999-397,141.756774,43.389067
,樺戸郡月形町,999-212,141.756713,43.387547
,樺戸郡月形町,999-491,141.758416,43.388738
,樺戸郡月形町,999-977,141.759997,43.389443
,樺戸郡月形町,999-344,141.758849,43.389756
,樺戸郡月形町,999-347,141.759672,43.389691
,樺戸郡月形町,999-991,141.759493,43.389539
,樺戸郡月形町,999-364,141.759722,43.39055
,樺戸郡月形町,999-219,141.758904,43.390926
,樺戸郡月形町,999-394,141.75693,43.390762
,樺戸郡月形町,999-395,141.757782,43.390471
,樺戸郡月形町,999-495,141.756354,43.391967
,樺戸郡月形町,999-329,141.758812,43.391718
,樺戸郡月形町,999-363,141.757557,43.391252
,樺戸郡月形町,999-214,141.758038,43.392483
,樺戸郡月形町,999-830,141.757356,43.392647
,樺戸郡月形町,999-832,141.757694,43.392623
,樺戸郡月形町,999-831,141.756445,43.392622
,樺戸郡月形町,999-879,141.755507,43.392398
,樺戸郡月形町,999-850,141.755574,43.392373
,樺戸郡月形町,999-878,141.755604,43.392335
,樺戸郡月形町,999-853,141.755434,43.392164
,樺戸郡月形町,999-496,141.755034,43.392177
,樺戸郡月形町,999-852,141.755023,43.392564
,樺戸郡月形町,999-833,141.755074,43.392601
,樺戸郡月形町,999-829,141.754549,43.392844
,樺戸郡月形町,999-206,141.753531,43.392598
,樺戸郡月形町,999-945,141.752484,43.392993
,樺戸郡月形町,999-168,141.753337,43.393252
,樺戸郡月形町,999-828,141.75335,43.393378
,樺戸郡月形町,999-823,141.752712,43.393656
,樺戸郡月形町,999-825,141.753077,43.393493
,樺戸郡月形町,999-767,141.75287,43.393253
,樺戸郡月形町,999-822,141.752083,43.394042
,樺戸郡月形町,999-944,141.752013,43.394059
,樺戸郡月形町,999-942,141.751738,43.393938
,樺戸郡月形町,999-205,141.751592,43.394112
,樺戸郡月形町,999-166,141.750397,43.394151
,樺戸郡月形町,999-935,141.751988,43.393858
,樺戸郡月形町,999-936,141.751553,43.392711
,樺戸郡月形町,999-946,141.752312,43.392593
,樺戸郡月形町,999-768,141.75176,43.391904
,樺戸郡月形町,999-938,141.750213,43.392426
,樺戸郡月形町,999-165,141.750178,43.394772
,樺戸郡月形町,999-821,141.750519,43.39487
,樺戸郡月形町,999-827,141.749768,43.395118
,樺戸郡月形町,999-164,141.749811,43.394895
,樺戸郡月形町,999-834,141.748311,43.395669
,樺戸郡月形町,水-25,141.742372,43.396474
,樺戸郡月形町,999-824,141.751641,43.394387
,樺戸郡月形町,999-641,141.751912,43.394145
,樺戸郡月形町,999-826,141.751909,43.394229
,樺戸郡月形町,999-805,141.740588,43.400021
,樺戸郡月形町,999-2,141.736805,43.40331
,樺戸郡月形町,1007,141.732409,43.409135
字札比内,樺戸郡月形町,698,141.730091,43.415359
字札比内,樺戸郡月形町,697,141.732529,43.411573
字札比内,樺戸郡月形町,水-46,141.731503,43.412458
字札比内,樺戸郡月形町,1404-3,141.727065,43.413922
字札比内,樺戸郡月形町,695,141.728303,43.410222
,樺戸郡月形町,無地番-2,141.734519,43.408282
,樺戸郡月形町,1006-904,141.731106,43.40495
,樺戸郡月形町,999-1168,141.73143,43.403901
,樺戸郡月形町,999-4,141.732406,43.405793
,樺戸郡月形町,999-55,141.734098,43.401031
,樺戸郡月形町,水-36,141.730704,43.399266
,樺戸郡月形町,1006-903,141.72974,43.400657
,樺戸郡月形町,1006-906,141.728892,43.399316
,樺戸郡月形町,1006-907,141.72938,43.398908
,樺戸郡月形町,1006-901,141.728744,43.398679
,樺戸郡月形町,1006-902,141.728191,43.399188
,樺戸郡月形町,1006-905,141.727977,43.398971
,樺戸郡月形町,1006-102,141.729525,43.3973
,樺戸郡月形町,1006-321,141.728094,43.396097
,樺戸郡月形町,1006-103,141.72695,43.395656
,樺戸郡月形町,1006-320,141.726662,43.394966
,樺戸郡月形町,1006-123,141.725722,43.394719
,樺戸郡月形町,1006-124,141.723555,43.394093
,樺戸郡月形町,1006-121,141.725443,43.393873
,樺戸郡月形町,1006-120,141.725532,43.392966
,樺戸郡月形町,1006-119,141.726064,43.392252
,樺戸郡月形町,1006-105,141.72847,43.394131
,樺戸郡月形町,1006-106,141.729005,43.393412
,樺戸郡月形町,1006-112,141.731005,43.393352
,樺戸郡月形町,1006-104,141.728758,43.395172
,樺戸郡月形町,1006-319,141.727936,43.395276
,樺戸郡月形町,1006-101,141.730583,43.39551
,樺戸郡月形町,1006-198,141.732782,43.394124
,樺戸郡月形町,1006-456,141.732163,43.395899
,樺戸郡月形町,999-172,141.732932,43.395742
,樺戸郡月形町,999-630,141.732744,43.395477
,樺戸郡月形町,999-483,141.732578,43.395476
,樺戸郡月形町,1006-581,141.731846,43.395062
,樺戸郡月形町,1006-582,141.731671,43.394968
,樺戸郡月形町,1006-920,141.732901,43.395053
,樺戸郡月形町,1006-458,141.733073,43.395094
,樺戸郡月形町,1006-194,141.732974,43.394574
,樺戸郡月形町,1006-574,141.731901,43.394736
,樺戸郡月形町,1006-575,141.731788,43.394505
,樺戸郡月形町,1006-100,141.731093,43.394235
,樺戸郡月形町,1006-22,141.730065,43.398322
,樺戸郡月形町,1006-275,141.730535,43.392693
,樺戸郡月形町,1006-114,141.732411,43.393058
,樺戸郡月形町,1006-277,141.732266,43.391924
,樺戸郡月形町,1006-276,141.732036,43.392465
,樺戸郡月形町,長狭物不明-7025,141.732856,43.392042
,樺戸郡月形町,1006-278,141.732582,43.392129
,樺戸郡月形町,1006-98,141.731659,43.393346
,樺戸郡月形町,1006-572,141.732142,43.394082
,樺戸郡月形町,1006-573,141.732083,43.394058
,樺戸郡月形町,1006-199,141.733312,43.393938
,樺戸郡月形町,999-488,141.734492,43.394069
,樺戸郡月形町,1006-465,141.734618,43.393721
,樺戸郡月形町,1006-922,141.734825,43.393138
,樺戸郡月形町,1006-21,141.733693,43.393106
,樺戸郡月形町,1006-200,141.735004,43.39222
,樺戸郡月形町,1006-197,141.734986,43.39249
,樺戸郡月形町,999-487,141.735285,43.392841
,樺戸郡月形町,1006-921,141.7351,43.392351
,樺戸郡月形町,1006-464,141.735148,43.392365
,樺戸郡月形町,999-486,141.735405,43.392137
,樺戸郡月形町,999-911,141.735537,43.393491
,樺戸郡月形町,999-177,141.735266,43.393996
,樺戸郡月形町,999-294,141.735437,43.392569
,樺戸郡月形町,999-1138,141.735873,43.394346
,樺戸郡月形町,999-1063,141.735806,43.394281
,樺戸郡月形町,999-1064,141.735868,43.394234
,樺戸郡月形町,999-1060,141.735587,43.394241
,樺戸郡月形町,999-1059,141.735632,43.394301
,樺戸郡月形町,999-1066,141.735548,43.394243
,樺戸郡月形町,999-1065,141.735549,43.394305
,樺戸郡月形町,999-1055,141.735062,43.394339
,樺戸郡月形町,999-1057,141.735216,43.394264
,樺戸郡月形町,999-1056,141.734853,43.394286
,樺戸郡月形町,999-1095,141.734743,43.394327
,樺戸郡月形町,999-1096,141.734715,43.394296
,樺戸郡月形町,999-1058,141.734765,43.394293
,樺戸郡月形町,999-1163,141.734534,43.394316
,樺戸郡月形町,999-1151,141.734453,43.39426
,樺戸郡月形町,999-1150,141.73446,43.394179
,樺戸郡月形町,999-1091,141.734637,43.394331
,樺戸郡月形町,999-1159,141.734648,43.39445
,樺戸郡月形町,999-482,141.733714,43.394613
,樺戸郡月形町,999-629,141.733873,43.39463
,樺戸郡月形町,999-1162,141.733913,43.396016
,樺戸郡月形町,999-1149,141.734548,43.395129
,樺戸郡月形町,999-1144,141.73472,43.394598
,樺戸郡月形町,999-1158,141.734491,43.395329
,樺戸郡月形町,999-1148,141.734321,43.395581
,樺戸郡月形町,999-1090,141.733856,43.395837
,樺戸郡月形町,999-1092,141.732509,43.396844
,樺戸郡月形町,999-1161,141.733369,43.396245
,樺戸郡月形町,999-1146,141.733496,43.396184
,樺戸郡月形町,999-1142,141.733537,43.396117
,樺戸郡月形町,999-1156,141.733733,43.396137
,樺戸郡月形町,999-1143,141.733771,43.396146
,樺戸郡月形町,999-1147,141.73381,43.396078
,樺戸郡月形町,999-1157,141.734292,43.395807
,樺戸郡月形町,999-580,141.735228,43.394744
,樺戸郡月形町,999-579,141.73486,43.395848
,樺戸郡月形町,999-581,141.734931,43.396976
,樺戸郡月形町,999-1141,141.73341,43.39631
,樺戸郡月形町,999-1155,141.733346,43.396312
,樺戸郡月形町,999-1140,141.733085,43.396352
,樺戸郡月形町,999-1160,141.732968,43.396435
,樺戸郡月形町,999-6,141.732763,43.3968
,樺戸郡月形町,999-1145,141.733033,43.396419
,樺戸郡月形町,999-484,141.731497,43.397088
,樺戸郡月形町,1006-195,141.732006,43.395629
,樺戸郡月形町,1006-196,141.730667,43.397291
,樺戸郡月形町,1006-457,141.731369,43.397354
,樺戸郡月形町,1006-512,141.731391,43.397482
,樺戸郡月形町,1006-895,141.731139,43.397714
,樺戸郡月形町,1006-896,141.731262,43.397657
,樺戸郡月形町,1006-897,141.731229,43.397525
,樺戸郡月形町,1006-898,141.730764,43.397631
,樺戸郡月形町,999-690,141.731232,43.398116
,樺戸郡月形町,999-1139,141.731472,43.398253
,樺戸郡月形町,999-292,141.732025,43.398128
,樺戸郡月形町,999-1094,141.731878,43.398236
,樺戸郡月形町,999-1152,141.732212,43.39799
,樺戸郡月形町,999-1154,141.732228,43.397933
,樺戸郡月形町,長狭物不明-52,141.732319,43.397645
,樺戸郡月形町,999-170,141.731777,43.397821
,樺戸郡月形町,999-1089,141.732007,43.39755
,樺戸郡月形町,999-1153,141.732174,43.397729
,樺戸郡月形町,999-1088,141.732079,43.397911
,樺戸郡月形町,999-56,141.733138,43.398247
,樺戸郡月形町,999-1164,141.731965,43.398834
,樺戸郡月形町,999-1093,141.731687,43.398379
,樺戸郡月形町,1006-928,141.731148,43.398517
,樺戸郡月形町,999-1167,141.731073,43.399153
,樺戸郡月形町,999-1169,141.731252,43.399581
,樺戸郡月形町,999-583,141.7325,43.400315
,樺戸郡月形町,999-582,141.733258,43.399977
,樺戸郡月形町,999-54,141.737863,43.397987
,樺戸郡月形町,999-840,141.74105,43.397232
,樺戸郡月形町,999-901,141.741072,43.397292
,樺戸郡月形町,999-902,141.741274,43.397541
,樺戸郡月形町,999-811,141.741051,43.397567
,樺戸郡月形町,999-1086,141.745011,43.396284
,樺戸郡月形町,999-806,141.742609,43.397593
,樺戸郡月形町,999-810,141.742881,43.398612
,樺戸郡月形町,999-812,141.743424,43.398013
,樺戸郡月形町,999-808,141.742706,43.396638
,樺戸郡月形町,999-837,141.743322,43.39621
,樺戸郡月形町,999-159,141.743341,43.396081
,樺戸郡月形町,999-260,141.742099,43.395026
,樺戸郡月形町,999-762,141.742588,43.395042
,樺戸郡月形町,999-764,141.742489,43.394887
,樺戸郡月形町,999-763,141.742891,43.394743
,樺戸郡月形町,999-760,141.74257,43.394756
,樺戸郡月形町,999-761,141.742482,43.394808
,樺戸郡月形町,999-1078,141.742593,43.394627
,樺戸郡月形町,999-1079,141.742691,43.394591
,樺戸郡月形町,999-1072,141.744186,43.395042
,樺戸郡月形町,999-1068,141.744234,43.395006
,樺戸郡月形町,999-1076,141.743393,43.394913
,樺戸郡月形町,999-1077,141.74364,43.394875
,樺戸郡月形町,999-506,141.743802,43.394745
,樺戸郡月形町,999-161,141.744465,43.394623
,樺戸郡月形町,999-261,141.744513,43.394269
,樺戸郡月形町,無地番-1,141.744943,43.395677
,樺戸郡月形町,999-839,141.744317,43.39571
,樺戸郡月形町,999-1054,141.744452,43.395335
,樺戸郡月形町,999-1113,141.744213,43.395217
,樺戸郡月形町,999-1053,141.744349,43.395478
,樺戸郡月形町,999-1112,141.744001,43.395429
,樺戸郡月形町,999-1110,141.743961,43.39572
,樺戸郡月形町,999-1111,141.743996,43.395707
,樺戸郡月形町,999-1081,141.744196,43.395819
,樺戸郡月形町,999-1082,141.7443,43.395867
,樺戸郡月形町,999-1035,141.744349,43.395788
,樺戸郡月形町,999-1036,141.744519,43.395728
,樺戸郡月形町,999-1080,141.744499,43.395973
,樺戸郡月形町,999-807,141.744951,43.39591
,樺戸郡月形町,999-809,141.744794,43.396184
,樺戸郡月形町,999-1087,141.744956,43.396258
,樺戸郡月形町,999-1039,141.744929,43.396188
,樺戸郡月形町,999-1037,141.745025,43.396186
,樺戸郡月形町,999-1038,141.745061,43.396229
,樺戸郡月形町,999-838,141.745423,43.395777
,樺戸郡月形町,999-162,141.7447,43.395399
,樺戸郡月形町,999-835,141.747566,43.395695
,樺戸郡月形町,999-163,141.746213,43.395567
,樺戸郡月形町,999-836,141.747114,43.395745
,樺戸郡月形町,999-11,141.74804,43.394626
,樺戸郡月形町,999-891,141.74536,43.393596
,樺戸郡月形町,999-17,141.745194,43.39329
,樺戸郡月形町,999-897,141.745555,43.393642
,樺戸郡月形町,999-351,141.748687,43.39351
,樺戸郡月形町,999-898,141.746913,43.393445
,樺戸郡月形町,999-33,141.74814,43.392829
,樺戸郡月形町,999-18,141.74632,43.392616
,樺戸郡月形町,999-899,141.746434,43.393122
,樺戸郡月形町,999-892,141.745779,43.393058
,樺戸郡月形町,999-308,141.744139,43.392337
,樺戸郡月形町,999-297,141.743763,43.392398
,樺戸郡月形町,999-1118,141.743604,43.392531
,樺戸郡月形町,999-157,141.744317,43.39278
,樺戸郡月形町,999-880,141.743947,43.392962
,樺戸郡月形町,999-870,141.743606,43.392614
,樺戸郡月形町,999-310,141.744899,43.393061
,樺戸郡月形町,999-896,141.74469,43.393643
,樺戸郡月形町,999-264,141.744697,43.394122
,樺戸郡月形町,999-160,141.74387,43.39411
,樺戸郡月形町,999-289,141.744058,43.39354
,樺戸郡月形町,999-258,141.744118,43.393673
,樺戸郡月形町,999-354,141.743578,43.393221
,樺戸郡月形町,999-12,141.7427,43.394089
,樺戸郡月形町,999-376,141.742086,43.393422
,樺戸郡月形町,999-507,141.742809,43.393156
,樺戸郡月形町,999-13,141.742723,43.393441
,樺戸郡月形町,999-246,141.742349,43.393396
,樺戸郡月形町,999-303,141.742295,43.393302
,樺戸郡月形町,999-1137,141.742077,43.393388
,樺戸郡月形町,999-248,141.742145,43.393202
,樺戸郡月形町,999-508,141.7425,43.392928
,樺戸郡月形町,999-355,141.742992,43.392663
,樺戸郡月形町,999-905,141.74291,43.392927
,樺戸郡月形町,999-509,141.742364,43.392585
,樺戸郡月形町,999-356,141.741915,43.392486
,樺戸郡月形町,999-239,141.740747,43.392412
,樺戸郡月形町,999-538,141.739724,43.392167
,樺戸郡月形町,999-235,141.738915,43.393384
,樺戸郡月形町,999-1050,141.739784,43.393653
,樺戸郡月形町,999-1048,141.739001,43.394197
,樺戸郡月形町,999-1049,141.739929,43.393684
,樺戸郡月形町,999-1046,141.740137,43.393762
,樺戸郡月形町,999-1047,141.740155,43.393885
,樺戸郡月形町,999-1074,141.740449,43.394058
,樺戸郡月形町,999-152,141.740403,43.394002
,樺戸郡月形町,999-1042,141.740314,43.394054
,樺戸郡月形町,999-1043,141.740333,43.394044
,樺戸郡月形町,999-1075,141.740359,43.39407
,樺戸郡月形町,999-1041,141.740448,43.394154
,樺戸郡月形町,999-1040,141.740533,43.394134
,樺戸郡月形町,999-153,141.740684,43.394092
,樺戸郡月形町,999-702,141.740874,43.394088
,樺戸郡月形町,999-1135,141.740831,43.39409
,樺戸郡月形町,999-694,141.740794,43.394143
,樺戸郡月形町,999-60,141.741364,43.393805
,樺戸郡月形町,999-227,141.741145,43.393247
,樺戸郡月形町,999-537,141.741336,43.393474
,樺戸郡月形町,999-154,141.74152,43.393543
,樺戸郡月形町,999-304,141.741734,43.39359
,樺戸郡月形町,999-291,141.741805,43.393576
,樺戸郡月形町,999-1136,141.741359,43.393782
,樺戸郡月形町,999-505,141.741633,43.394192
,樺戸郡月形町,999-765,141.741913,43.394039
,樺戸郡月形町,999-766,141.742049,43.39416
,樺戸郡月形町,999-1073,141.742077,43.39477
,樺戸郡月形町,999-1069,141.740972,43.394286
,樺戸郡月形町,999-1126,141.740621,43.394203
,樺戸郡月形町,999-1051,141.740607,43.394255
,樺戸郡月形町,999-1070,141.740603,43.394325
,樺戸郡月形町,999-1085,141.740602,43.394363
,樺戸郡月形町,999-1083,141.74062,43.394379
,樺戸郡月形町,999-155,141.740752,43.394783
,樺戸郡月形町,999-53,141.736546,43.395614
,樺戸郡月形町,999-1122,141.739745,43.39465
,樺戸郡月形町,999-697,141.739695,43.39478
,樺戸郡月形町,999-699,141.740107,43.394627
,樺戸郡月形町,999-1071,141.740552,43.394394
,樺戸郡月形町,999-1084,141.740584,43.394346
,樺戸郡月形町,999-1052,141.740584,43.394277
,樺戸郡月形町,999-1127,141.740531,43.39423
,樺戸郡月形町,999-1119,141.740439,43.394258
,樺戸郡月形町,999-698,141.74049,43.394259
,樺戸郡月形町,999-151,141.740208,43.394289
,樺戸郡月形町,999-1124,141.740063,43.394468
,樺戸郡月形町,999-1125,141.739992,43.394462
,樺戸郡月形町,999-1123,141.73958,43.394701
,樺戸郡月形町,999-228,141.739557,43.394532
,樺戸郡月形町,999-696,141.739031,43.394904
,樺戸郡月形町,999-234,141.739473,43.394236
,樺戸郡月形町,999-305,141.738352,43.394749
,樺戸郡月形町,999-1044,141.738293,43.394308
,樺戸郡月形町,999-1045,141.738307,43.394417
,樺戸郡月形町,999-1067,141.738039,43.394414
,樺戸郡月形町,999-171,141.738366,43.394604
,樺戸郡月形町,999-695,141.738871,43.394868
,樺戸郡月形町,999-169,141.738822,43.394823
,樺戸郡月形町,999-1120,141.738812,43.394838
,樺戸郡月形町,999-1121,141.738922,43.394859
,樺戸郡月形町,999-1062,141.736026,43.394259
,樺戸郡月形町,999-1061,141.736061,43.394319
,樺戸郡月形町,999-693,141.736865,43.393415
,樺戸郡月形町,999-178,141.736096,43.393262
,樺戸郡月形町,999-295,141.736874,43.393464
,樺戸郡月形町,999-174,141.737616,43.393486
,樺戸郡月形町,999-61,141.737496,43.393891
,樺戸郡月形町,999-179,141.736897,43.393955
,樺戸郡月形町,999-530,141.738264,43.394096
,樺戸郡月形町,999-692,141.737882,43.392594
,樺戸郡月形町,999-542,141.738243,43.392884
,樺戸郡月形町,長狭物不明-7005,141.738037,43.393733
,樺戸郡月形町,999-543,141.738678,43.392571
,樺戸郡月形町,999-244,141.738441,43.392392
,樺戸郡月形町,999-175,141.737107,43.392412
,樺戸郡月形町,999-691,141.737642,43.392812
,樺戸郡月形町,999-446,141.736952,43.393257
,樺戸郡月形町,999-910,141.736445,43.392888
,樺戸郡月形町,999-7,141.737407,43.391298
,樺戸郡月形町,999-173,141.736518,43.391628
,樺戸郡月形町,999-460,141.736775,43.391303
,樺戸郡月形町,999-458,141.737172,43.391429
,樺戸郡月形町,999-65,141.739041,43.392043
,樺戸郡月形町,999-541,141.739259,43.391746
,樺戸郡月形町,999-176,141.738408,43.391366
,樺戸郡月形町,999-453,141.738416,43.390702
,樺戸郡月形町,999-92,141.73891,43.39048
,樺戸郡月形町,999-909,141.738024,43.390259
,樺戸郡月形町,999-91,141.73741,43.390504
,樺戸郡月形町,999-450,141.73694,43.390249
,樺戸郡月形町,999-149,141.736397,43.3905
,樺戸郡月形町,999-400,141.736956,43.391034
,樺戸郡月形町,999-150,141.735968,43.389423
,樺戸郡月形町,999-99,141.736231,43.388097
,樺戸郡月形町,999-479,141.737264,43.388302
,樺戸郡月形町,999-96,141.737445,43.38884
,樺戸郡月形町,999-727,141.737776,43.388699
,樺戸郡月形町,999-463,141.737942,43.388437
,樺戸郡月形町,999-95,141.738762,43.388052
,樺戸郡月形町,999-908,141.738068,43.388967
,樺戸郡月形町,999-457,141.740055,43.38986
,樺戸郡月形町,999-456,141.740155,43.389491
,樺戸郡月形町,999-361,141.739567,43.38906
,樺戸郡月形町,999-669,141.740158,43.38826
,樺戸郡月形町,999-663,141.740252,43.388204
,樺戸郡月形町,999-782,141.740291,43.388183
,樺戸郡月形町,999-662,141.740566,43.388508
,樺戸郡月形町,999-670,141.740488,43.388582
,樺戸郡月形町,999-770,141.7407,43.388806
,樺戸郡月形町,999-790,141.74088,43.3888
,樺戸郡月形町,999-659,141.740867,43.388952
,樺戸郡月形町,999-800,141.740859,43.388966
,樺戸郡月形町,999-665,141.741009,43.388941
,樺戸郡月形町,999-793,141.741059,43.388941
,樺戸郡月形町,999-725,141.741065,43.388918
,樺戸郡月形町,999-536,141.741405,43.388745
,樺戸郡月形町,999-783,141.740604,43.388487
,樺戸郡月形町,999-105,141.740945,43.388311
,樺戸郡月形町,999-278,141.741371,43.388219
,樺戸郡月形町,999-535,141.741773,43.388853
,樺戸郡月形町,999-534,141.741759,43.389197
,樺戸郡月形町,999-657,141.741432,43.389505
,樺戸郡月形町,999-664,141.741416,43.389336
,樺戸郡月形町,999-794,141.741467,43.389336
,樺戸郡月形町,999-726,141.741469,43.389307
,樺戸郡月形町,999-658,141.741118,43.389197
,樺戸郡月形町,999-801,141.741091,43.389197
,樺戸郡月形町,999-791,141.740956,43.389049
,樺戸郡月形町,999-283,141.741039,43.389794
,樺戸郡月形町,999-455,141.740981,43.389266
,樺戸郡月形町,999-656,141.741264,43.38934
,樺戸郡月形町,999-802,141.741245,43.38935
,樺戸郡月形町,999-454,141.741294,43.389576
,樺戸郡月形町,999-93,141.740939,43.389528
,樺戸郡月形町,999-912,141.741684,43.389908
,樺戸郡月形町,999-906,141.741552,43.389835
,樺戸郡月形町,999-773,141.741405,43.389508
,樺戸郡月形町,999-787,141.741651,43.389659
,樺戸郡月形町,999-182,141.741515,43.390128
,樺戸郡月形町,999-735,141.741491,43.390375
,樺戸郡月形町,999-68,141.741764,43.390403
,樺戸郡月形町,999-67,141.741025,43.390932
,樺戸郡月形町,999-181,141.741026,43.39058
,樺戸郡月形町,999-10,141.740657,43.390494
,樺戸郡月形町,999-737,141.741102,43.390184
,樺戸郡月形町,999-789,141.741524,43.389739
,樺戸郡月形町,999-94,141.740094,43.390296
,樺戸郡月形町,999-721,141.739227,43.39011
,樺戸郡月形町,999-452,141.739819,43.390839
,樺戸郡月形町,999-451,141.739675,43.39094
,樺戸郡月形町,999-722,141.739913,43.390772
,樺戸郡月形町,999-736,141.740473,43.390671
,樺戸郡月形町,999-66,141.74056,43.391194
,樺戸郡月形町,999-243,141.740496,43.39116
,樺戸郡月形町,999-226,141.740241,43.391188
,樺戸郡月形町,999-539,141.740175,43.391595
,樺戸郡月形町,999-540,141.739948,43.391286
,樺戸郡月形町,999-733,141.740041,43.391088
,樺戸郡月形町,999-306,141.739835,43.391101
,樺戸郡月形町,999-241,141.739655,43.391476
,樺戸郡月形町,999-529,141.739437,43.391669
,樺戸郡月形町,999-525,141.739688,43.391862
,樺戸郡月形町,999-240,141.740312,43.391802
,樺戸郡月形町,999-242,141.740788,43.39134
,樺戸郡月形町,999-232,141.742588,43.392028
,樺戸郡月形町,999-233,141.743601,43.392022
,樺戸郡月形町,999-237,141.741945,43.391599
,樺戸郡月形町,999-894,141.742726,43.390111
,樺戸郡月形町,999-183,141.742554,43.390458
,樺戸郡月形町,999-813,141.744224,43.390522
,樺戸郡月形町,999-253,141.744979,43.391411
,樺戸郡月形町,999-193,141.744719,43.391529
,樺戸郡月形町,999-252,141.744303,43.391732
,樺戸郡月形町,999-192,141.744104,43.391348
,樺戸郡月形町,999-1114,141.744634,43.391946
,樺戸郡月形町,999-1115,141.745055,43.391685
,樺戸郡月形町,999-194,141.745232,43.392302
,樺戸郡月形町,999-1117,141.745288,43.391704
,樺戸郡月形町,999-1116,141.745263,43.391605
,樺戸郡月形町,999-250,141.74616,43.390447
,樺戸郡月形町,999-191,141.746819,43.390013
,樺戸郡月形町,999-69,141.744426,43.389583
,樺戸郡月形町,999-893,141.746896,43.389557
,樺戸郡月形町,999-427,141.747043,43.389061
,樺戸郡月形町,999-521,141.746615,43.388714
,樺戸郡月形町,999-638,141.747465,43.388995
,樺戸郡月形町,999-196,141.748297,43.388527
,樺戸郡月形町,999-3,141.743298,43.38861
,樺戸郡月形町,999-774,141.746156,43.387992
,樺戸郡月形町,999-795,141.745821,43.388169
,樺戸郡月形町,999-796,141.74581,43.388176
,樺戸郡月形町,999-426,141.746322,43.388379
,樺戸郡月形町,999-190,141.745767,43.38891
,樺戸郡月形町,999-803,141.745255,43.388483
,樺戸郡月形町,999-754,141.745631,43.387981
,樺戸郡月形町,999-186,141.744969,43.388093
,樺戸郡月形町,999-688,141.744276,43.388251
,樺戸郡月形町,999-527,141.743763,43.388603
,樺戸郡月形町,999-526,141.744254,43.388692
,樺戸郡月形町,999-804,141.744616,43.388831
,樺戸郡月形町,999-798,141.744026,43.389318
,樺戸郡月形町,999-895,141.743026,43.39002
,樺戸郡月形町,999-184,141.743646,43.389675
,樺戸郡月形町,999-185,141.743271,43.389106
,樺戸郡月形町,999-797,141.743568,43.38957
,樺戸郡月形町,999-799,141.742921,43.389938
,樺戸郡月形町,999-784,141.742521,43.38996
,樺戸郡月形町,999-533,141.742779,43.388423
,樺戸郡月形町,999-104,141.742101,43.388422
,樺戸郡月形町,999-108,141.74259,43.386302
,樺戸郡月形町,999-107,141.744148,43.386984
,樺戸郡月形町,999-531,141.743365,43.388016
,樺戸郡月形町,999-755,141.745185,43.387557
,樺戸郡月形町,999-188,141.74563,43.387432
,樺戸郡月形町,999-753,141.745288,43.387643
,樺戸郡月形町,999-300,141.746332,43.387594
,樺戸郡月形町,999-187,141.745992,43.387791
,樺戸郡月形町,999-792,141.746538,43.387789
,樺戸郡月形町,999-390,141.746858,43.387496
,樺戸郡月形町,999-785,141.746767,43.387669
,樺戸郡月形町,999-775,141.747329,43.387534
,樺戸郡月形町,999-786,141.747241,43.387419
,樺戸郡月形町,999-197,141.747442,43.386802
,樺戸郡月形町,999-381,141.74739,43.386925
,樺戸郡月形町,999-519,141.747305,43.387254
,樺戸郡月形町,999-189,141.746466,43.387232
,樺戸郡月形町,999-873,141.747004,43.386508
,樺戸郡月形町,999-528,141.74791,43.38689
,樺戸郡月形町,999-558,141.747699,43.386259
,樺戸郡月形町,999-882,141.74674,43.386255
,樺戸郡月形町,999-881,141.746698,43.385874
,樺戸郡月形町,999-756,141.746329,43.38594
,樺戸郡月形町,999-360,141.74579,43.386206
,樺戸郡月形町,999-420,141.745644,43.384922
,樺戸郡月形町,999-746,141.746008,43.385082
,樺戸郡月形町,999-554,141.745976,43.385041
,樺戸郡月形町,999-749,141.746368,43.384913
,樺戸郡月形町,999-743,141.74647,43.384839
,樺戸郡月形町,999-276,141.746924,43.386469
,樺戸郡月形町,999-883,141.746843,43.385519
,樺戸郡月形町,999-871,141.74672,43.385587
,樺戸郡月形町,999-872,141.746956,43.385463
,樺戸郡月形町,999-134,141.747601,43.38497
,樺戸郡月形町,999-560,141.746253,43.385396
,樺戸郡月形町,999-745,141.746659,43.384415
,樺戸郡月形町,999-750,141.747065,43.38455
,樺戸郡月形町,999-744,141.747386,43.38436
,樺戸郡月形町,999-412,141.747342,43.384021
,樺戸郡月形町,999-524,141.746257,43.383918
,樺戸郡月形町,999-552,141.745936,43.384355
,樺戸郡月形町,999-523,141.746542,43.384143
,樺戸郡月形町,999-415,141.746227,43.38464
,樺戸郡月形町,999-553,141.745864,43.384674
,樺戸郡月形町,999-133,141.744671,43.386326
,樺戸郡月形町,999-320,141.741582,43.383734
,樺戸郡月形町,999-968,141.74089,43.384617
,樺戸郡月形町,999-1029,141.740902,43.384643
,樺戸郡月形町,999-714,141.740856,43.384727
,樺戸郡月形町,999-716,141.740884,43.384505
,樺戸郡月形町,999-967,141.740999,43.383834
,樺戸郡月形町,999-999,141.741035,43.383962
,樺戸郡月形町,999-1002,141.740863,43.383644
,樺戸郡月形町,水-7022,141.743754,43.374866
,樺戸郡月形町,999-325,141.74046,43.383637
,樺戸郡月形町,999-120,141.740033,43.384451
,樺戸郡月形町,999-1007,141.740707,43.384776
,樺戸郡月形町,999-1028,141.740501,43.385056
,樺戸郡月形町,999-1027,141.740231,43.385209
,樺戸郡月形町,999-715,141.740212,43.385181
,樺戸郡月形町,999-1025,141.739592,43.385552
,樺戸郡月形町,999-75,141.739525,43.385635
,樺戸郡月形町,999-76,141.740364,43.385382
,樺戸郡月形町,999-109,141.740948,43.385203
,樺戸郡月形町,999-106,141.740774,43.387109
,樺戸郡月形町,999-532,141.741744,43.387885
,樺戸郡月形町,999-1034,141.74111,43.387713
,樺戸郡月形町,999-387,141.741118,43.387746
,樺戸郡月形町,999-654,141.739704,43.387682
,樺戸郡月形町,999-781,141.739697,43.387616
,樺戸郡月形町,999-667,141.739431,43.387551
,樺戸郡月形町,999-769,141.739173,43.387326
,樺戸郡月形町,999-366,141.739809,43.386283
,樺戸郡月形町,999-1033,141.738258,43.386148
,樺戸郡月形町,999-668,141.738096,43.386264
,樺戸郡月形町,999-1026,141.738361,43.386298
,樺戸郡月形町,999-778,141.738312,43.386287
,樺戸郡月形町,999-652,141.738283,43.386303
,樺戸郡月形町,999-856,141.738308,43.386253
,樺戸郡月形町,999-666,141.738223,43.38639
,樺戸郡月形町,999-462W1,141.738197,43.386656
,樺戸郡月形町,999-74,141.738152,43.386424
,樺戸郡月形町,999-277,141.73788,43.386384
,樺戸郡月形町,999-772,141.738696,43.386856
,樺戸郡月形町,999-673,141.738708,43.38685
,樺戸郡月形町,999-771,141.738629,43.386793
,樺戸郡月形町,999-671,141.738574,43.386723
,樺戸郡月形町,999-672,141.738425,43.386582
,樺戸郡月形町,999-653,141.738537,43.38655
,樺戸郡月形町,999-780,141.738565,43.386528
,樺戸郡月形町,999-365,141.738725,43.386399
,樺戸郡月形町,999-544,141.739018,43.386725
,樺戸郡月形町,999-779,141.739159,43.387096
,樺戸郡月形町,999-655,141.73895,43.38695
,樺戸郡月形町,999-732,141.737474,43.386945
,樺戸郡月形町,999-481,141.737688,43.387867
,樺戸郡月形町,999-285,141.737859,43.388235
,樺戸郡月形町,筆界未定地-7001,141.737956,43.386919
,樺戸郡月形町,999-731,141.737541,43.387789
,樺戸郡月形町,999-480,141.737408,43.386956
,樺戸郡月形町,999-97,141.737206,43.387204
,樺戸郡月形町,999-98,141.736686,43.387342
,樺戸郡月形町,999-72,141.737219,43.386886
,樺戸郡月形町,999-103,141.737618,43.386806
,樺戸郡月形町,999-729,141.737474,43.386805
,樺戸郡月形町,999-730,141.73749,43.386711
,樺戸郡月形町,999-73,141.737595,43.386692
,樺戸郡月形町,999-386,141.737387,43.386704
,樺戸郡月形町,999-728,141.73757,43.386555
,樺戸郡月形町,999-431,141.736963,43.386674
,樺戸郡月形町,999-432,141.737004,43.386417
,樺戸郡月形町,999-433,141.736308,43.385165
,樺戸郡月形町,999-650,141.737956,43.386131
,樺戸郡月形町,999-860,141.736962,43.385007
,樺戸郡月形町,999-102,141.737262,43.386077
,樺戸郡月形町,999-648,141.737537,43.385585
,樺戸郡月形町,999-857,141.737741,43.385721
,樺戸郡月形町,999-436,141.73852,43.385547
,樺戸郡月形町,999-435,141.738701,43.38574
,樺戸郡月形町,999-110,141.738575,43.384754
,樺戸郡月形町,999-280,141.738736,43.382804
,樺戸郡月形町,999-111,141.73779,43.383956
,樺戸郡月形町,999-284,141.737206,43.384233
,樺戸郡月形町,999-148,141.737001,43.384532
,樺戸郡月形町,999-859,141.736926,43.384938
,樺戸郡月形町,999-649,141.736813,43.384874
,樺戸郡月形町,999-858,141.736124,43.384466
,樺戸郡月形町,999-437,141.736037,43.383681
,樺戸郡月形町,999-869,141.736062,43.384269
,樺戸郡月形町,999-867,141.736049,43.384267
,樺戸郡月形町,999-861,141.735357,43.384275
,樺戸郡月形町,999-651,141.735255,43.384199
,樺戸郡月形町,999-868,141.735576,43.384175
,樺戸郡月形町,999-660,141.735116,43.384145
,樺戸郡月形町,999-864,141.734667,43.384024
,樺戸郡月形町,999-101,141.734843,43.384282
,樺戸郡月形町,999-661,141.735773,43.384293
,樺戸郡月形町,999-865,141.735757,43.384395
,樺戸郡月形町,999-866,141.735789,43.384371
,樺戸郡月形町,999-863,141.735906,43.384408
,樺戸郡月形町,999-862,141.735963,43.384401
,樺戸郡月形町,999-434,141.735987,43.384733
,樺戸郡月形町,999-429,141.735672,43.384805
,樺戸郡月形町,999-428,141.735699,43.385521
,樺戸郡月形町,1006-468,141.734785,43.38585
,樺戸郡月形町,1006-912,141.734673,43.385734
,樺戸郡月形町,1005-23,141.734718,43.385675
,樺戸郡月形町,1005-68,141.734649,43.385597
,樺戸郡月形町,999-646,141.734948,43.385476
,樺戸郡月形町,1006-605,141.733435,43.385767
,樺戸郡月形町,1005-51,141.733735,43.385331
,樺戸郡月形町,1005-7,141.73375,43.384807
,樺戸郡月形町,1005-67,141.734511,43.384742
,樺戸郡月形町,1005-22,141.734669,43.384959
,樺戸郡月形町,999-632,141.734359,43.384339
,樺戸郡月形町,999-1170,141.734362,43.384219
,樺戸郡月形町,999-633,141.734506,43.384149
,樺戸郡月形町,1005-17,141.733638,43.383934
,樺戸郡月形町,1005-12,141.732652,43.38399
,樺戸郡月形町,1005-14,141.732547,43.384858
,樺戸郡月形町,1005-54,141.732781,43.384166
,樺戸郡月形町,1005-52,141.732828,43.384051
,樺戸郡月形町,1005-16,141.73303,43.384101
,樺戸郡月形町,1005-15,141.732798,43.384413
,樺戸郡月形町,1005-55,141.73231,43.384808
,樺戸郡月形町,1006-64,141.731058,43.385252
,樺戸郡月形町,1006-63,141.732188,43.38573
,樺戸郡月形町,1006-805,141.731997,43.38543
,樺戸郡月形町,1006-595,141.732323,43.384843
,樺戸郡月形町,1005-57,141.732369,43.384823
,樺戸郡月形町,1005-21,141.732648,43.384928
,樺戸郡月形町,1005-53,141.732666,43.384955
,樺戸郡月形町,1005-62,141.733115,43.385097
,樺戸郡月形町,1006-594,141.733062,43.385117
,樺戸郡月形町,1006-433,141.732947,43.385464
,樺戸郡月形町,1006-74,141.732899,43.38539
,樺戸郡月形町,1006-603,141.732794,43.385499
,樺戸郡月形町,1006-593,141.732551,43.385783
,樺戸郡月形町,1006-604,141.732569,43.38581
,樺戸郡月形町,1006-876,141.732595,43.385822
,樺戸郡月形町,1006-875,141.732754,43.385699
,樺戸郡月形町,1006-229,141.733328,43.385479
,樺戸郡月形町,1006-432,141.733112,43.385831
,樺戸郡月形町,1006-601,141.732669,43.386396
,樺戸郡月形町,1006-877,141.732109,43.386497
,樺戸郡月形町,1006-602,141.732356,43.386105
,樺戸郡月形町,1006-622,141.731602,43.387127
,樺戸郡月形町,1006-606,141.731469,43.387267
,樺戸郡月形町,1006-68,141.731431,43.386778
,樺戸郡月形町,1006-76,141.730868,43.387013
,樺戸郡月形町,1006-679,141.730324,43.387774
,樺戸郡月形町,1006-641,141.730233,43.387866
,樺戸郡月形町,1006-598,141.730614,43.387887
,樺戸郡月形町,1006-665,141.731008,43.387931
,樺戸郡月形町,1006-621,141.731163,43.387721
,樺戸郡月形町,1006-420,141.731326,43.387699
,樺戸郡月形町,1006-797,141.732121,43.38789
,樺戸郡月形町,1006-796,141.732017,43.387158
,樺戸郡月形町,1006-232,141.732572,43.387611
,樺戸郡月形町,1006-77,141.733527,43.387746
,樺戸郡月形町,1006-231,141.733224,43.387924
,樺戸郡月形町,1006-623,141.733967,43.387468
,樺戸郡月形町,1006-624,141.733724,43.387444
,樺戸郡月形町,1006-871,141.733431,43.387118
,樺戸郡月形町,1006-6,141.733983,43.386508
,樺戸郡月形町,1006-600,141.733288,43.386057
,樺戸郡月形町,1006-914,141.734783,43.386778
,樺戸郡月形町,999-643,141.735087,43.386878
,樺戸郡月形町,1006-469,141.734814,43.386581
,樺戸郡月形町,1006-913,141.734735,43.386369
,樺戸郡月形町,999-647,141.735022,43.386254
,樺戸郡月形町,999-100,141.735671,43.386464
,樺戸郡月形町,999-470,141.736079,43.386754
,樺戸郡月形町,1006-915,141.734852,43.38729
,樺戸郡月形町,1006-470,141.734939,43.38729
,樺戸郡月形町,1006-471,141.735174,43.387189
,樺戸郡月形町,999-644,141.735138,43.387766
,樺戸郡月形町,999-430,141.735386,43.387579
,樺戸郡月形町,1006-466,141.73507,43.388642
,樺戸郡月形町,1006-467,141.735268,43.388618
,樺戸郡月形町,1006-917,141.734933,43.388952
,樺戸郡月形町,1006-916,141.73491,43.388435
,樺戸郡月形町,999-631,141.735122,43.387981
,樺戸郡月形町,999-645,141.734908,43.387963
,樺戸郡月形町,1006-73,141.734117,43.388092
,樺戸郡月形町,1006-642,141.733451,43.388172
,樺戸郡月形町,1006-643,141.733498,43.388197
,樺戸郡月形町,1006-619,141.733319,43.388356
,樺戸郡月形町,1006-620,141.733338,43.388352
,樺戸郡月形町,1006-618,141.733423,43.3884
,樺戸郡月形町,1006-806,141.733302,43.388741
,樺戸郡月形町,1006-71,141.733939,43.388915
,樺戸郡月形町,1006-72,141.734691,43.388625
,樺戸郡月形町,1006-78,141.734595,43.38939
,樺戸郡月形町,1006-813,141.733954,43.38927
,樺戸郡月形町,1006-818,141.733264,43.389257
,樺戸郡月形町,1006-238,141.733452,43.389258
,樺戸郡月形町,1006-816,141.733271,43.389406
,樺戸郡月形町,1006-344,141.733542,43.389696
,樺戸郡月形町,1006-443,141.733383,43.389553
,樺戸郡月形町,1006-819,141.73326,43.389509
,樺戸郡月形町,1006-182,141.73336,43.389709
,樺戸郡月形町,1006-817,141.733232,43.38977
,樺戸郡月形町,1006-189,141.734463,43.389604
,樺戸郡月形町,1006-181,141.734622,43.38961
,樺戸郡月形町,999-605,141.735205,43.389738
,樺戸郡月形町,999-608,141.735016,43.389757
,樺戸郡月形町,1006-365,141.734698,43.389483
,樺戸郡月形町,1006-501,141.734669,43.389233
,樺戸郡月形町,1006-918,141.734935,43.388971
,樺戸郡月形町,1006-180,141.734828,43.390177
,樺戸郡月形町,1006-188,141.734583,43.390128
,樺戸郡月形町,1006-925,141.735206,43.390503
,樺戸郡月形町,1006-461,141.735287,43.390497
,樺戸郡月形町,1006-927,141.73521,43.390601
,樺戸郡月形町,1006-926,141.735215,43.390617
,樺戸郡月形町,1006-923,141.735235,43.390662
,樺戸郡月形町,1006-459,141.735283,43.390648
,樺戸郡月形町,1006-187,141.734889,43.391046
,樺戸郡月形町,1006-179,141.735078,43.391054
,樺戸郡月形町,999-606,141.735543,43.3909
,樺戸郡月形町,999-607,141.735456,43.391594
,樺戸郡月形町,999-459,141.736012,43.392049
,樺戸郡月形町,999-485,141.735648,43.392104
,樺戸郡月形町,1006-463,141.735513,43.391881
,樺戸郡月形町,1006-462,141.735229,43.391873
,樺戸郡月形町,1006-919,141.735155,43.391901
,樺戸郡月形町,1006-460,141.735257,43.391303
,樺戸郡月形町,1006-924,141.735231,43.391294
,樺戸郡月形町,1006-436,141.733486,43.391583
,樺戸郡月形町,1006-279,141.733226,43.3919
,樺戸郡月形町,1006-16,141.733818,43.390534
,樺戸郡月形町,1006-823,141.733185,43.390208
,樺戸郡月形町,1006-83,141.732858,43.390632
,樺戸郡月形町,1006-111,141.732311,43.391246
,樺戸郡月形町,1006-815,141.733173,43.390326
,樺戸郡月形町,1006-820,141.73307,43.391301
,樺戸郡月形町,1006-9,141.732675,43.391438
,樺戸郡月形町,1006-821,141.733056,43.391448
,樺戸郡月形町,1006-822,141.733064,43.39141
,樺戸郡月形町,1006-576,141.73193,43.391833
,樺戸郡月形町,1006-578,141.732001,43.391836
,樺戸郡月形町,1006-579,141.731968,43.391792
,樺戸郡月形町,1006-577,141.731947,43.391736
,樺戸郡月形町,1006-107,141.731152,43.391694
,樺戸郡月形町,1006-272,141.731636,43.390772
,樺戸郡月形町,1006-110,141.730854,43.390298
,樺戸郡月形町,1006-241,141.730322,43.389351
,樺戸郡月形町,1006-239,141.731276,43.38948
,樺戸郡月形町,1006-82,141.732364,43.38998
,樺戸郡月形町,1006-814,141.733102,43.389331
,樺戸郡月形町,1006-17,141.733108,43.389103
,樺戸郡月形町,1006-455,141.732916,43.38963
,樺戸郡月形町,1006-661,141.731546,43.388367
,樺戸郡月形町,1006-810,141.731735,43.38856
,樺戸郡月形町,1006-677,141.732503,43.388764
,樺戸郡月形町,1006-664,141.732638,43.388692
,樺戸郡月形町,1006-70,141.732758,43.388415
,樺戸郡月形町,1006-610,141.731781,43.388349
,樺戸郡月形町,1006-69,141.731957,43.388113
,樺戸郡月形町,1006-421,141.731596,43.387946
,樺戸郡月形町,1006-609,141.731409,43.388199
,樺戸郡月形町,1006-419,141.731386,43.387976
,樺戸郡月形町,1006-608,141.731345,43.388176
,樺戸郡月形町,1006-607,141.731187,43.388245
,樺戸郡月形町,1006-184,141.730946,43.388337
,樺戸郡月形町,1006-183,141.731472,43.388439
,樺戸郡月形町,1006-811,141.730824,43.388504
,樺戸郡月形町,1006-81,141.730715,43.388742
,樺戸郡月形町,1006-637,141.73027,43.388873
,樺戸郡月形町,1006-636,141.730351,43.388842
,樺戸郡月形町,1006-667,141.730783,43.388283
,樺戸郡月形町,1006-666,141.730737,43.388273
,樺戸郡月形町,1006-812,141.729561,43.387945
,樺戸郡月形町,1006-185,141.729884,43.387989
,樺戸郡月形町,道-7009,141.728682,43.385831
,樺戸郡月形町,1006-10,141.729738,43.388656
,樺戸郡月形町,1006-440,141.728611,43.388617
,樺戸郡月形町,1006-242,141.729285,43.388115
,樺戸郡月形町,1006-245,141.727704,43.388053
,樺戸郡月形町,1006-115,141.727392,43.388793
,樺戸郡月形町,1006-558,141.728426,43.389481
,樺戸郡月形町,1006-268,141.728127,43.389387
,樺戸郡月形町,1006-267,141.72751,43.389425
,樺戸郡月形町,1006-557,141.728328,43.389646
,樺戸郡月形町,1006-269,141.728058,43.389882
,樺戸郡月形町,1006-561,141.72881,43.389561
,樺戸郡月形町,1006-644,141.728955,43.389668
,樺戸郡月形町,1006-562,141.728819,43.389735
,樺戸郡月形町,1006-633,141.729996,43.389229
,樺戸郡月形町,1006-634,141.72958,43.389113
,樺戸郡月形町,1006-80,141.729351,43.389711
,樺戸郡月形町,1006-271,141.729926,43.389859
,樺戸郡月形町,1006-270,141.728939,43.390354
,樺戸郡月形町,1006-273,141.72896,43.390963
,樺戸郡月形町,1006-109,141.729756,43.390849
,樺戸郡月形町,1006-108,141.729276,43.391619
,樺戸郡月形町,1006-274,141.729122,43.392465
,樺戸郡月形町,1006-116,141.727756,43.390775
,樺戸郡月形町,1006-117,141.726501,43.390171
,樺戸郡月形町,1006-118,141.726619,43.391495
,樺戸郡月形町,1006-139,141.725811,43.390012
,樺戸郡月形町,1006-266,141.726132,43.389018
,樺戸郡月形町,1006-136,141.725723,43.388552
,樺戸郡月形町,1006-571,141.726752,43.388546
,樺戸郡月形町,1006-140,141.725333,43.387737
,樺戸郡月形町,1006-560,141.72718,43.387961
,樺戸郡月形町,1006-137,141.7261,43.388285
,樺戸郡月形町,1006-264,141.725562,43.38809
,樺戸郡月形町,1006-265,141.725147,43.388901
,樺戸郡月形町,1006-250,141.724492,43.386603
,樺戸郡月形町,1006-434,141.724834,43.3864
,樺戸郡月形町,1006-658,141.72524,43.385894
,樺戸郡月形町,1006-657,141.725375,43.385948
,樺戸郡月形町,1006-7,141.725615,43.386837
,樺戸郡月形町,1006-546,141.725857,43.386034
,樺戸郡月形町,1006-588,141.725876,43.386013
,樺戸郡月形町,1006-654,141.726112,43.386238
,樺戸郡月形町,1006-580,141.726465,43.386275
,樺戸郡月形町,1006-659,141.726487,43.386254
,樺戸郡月形町,3676-1,141.726919,43.386369
,樺戸郡月形町,1006-670,141.726889,43.386543
,樺戸郡月形町,1006-660,141.726963,43.386428
,樺戸郡月形町,3676-2,141.726823,43.386385
,樺戸郡月形町,1006-79,141.727077,43.387118
,樺戸郡月形町,1006-87,141.726381,43.387258
,樺戸郡月形町,1006-247,141.726602,43.387912
,樺戸郡月形町,1006-138,141.727228,43.387821
,樺戸郡月形町,1006-680,141.727913,43.386949
,樺戸郡月形町,1006-559,141.727689,43.387261
,樺戸郡月形町,1006-244,141.727798,43.387489
,樺戸郡月形町,1006-638,141.728099,43.387022
,樺戸郡月形町,1006-243,141.728449,43.387772
,樺戸郡月形町,1006-435,141.728964,43.387666
,樺戸郡月形町,1006-635,141.729159,43.387445
,樺戸郡月形町,1006-640,141.729282,43.387493
,樺戸郡月形町,1006-597,141.729976,43.387637
,樺戸郡月形町,1006-678,141.729456,43.38756
,樺戸郡月形町,1006-599,141.729604,43.387493
,樺戸郡月形町,1006-233,141.729657,43.387172
,樺戸郡月形町,1006-639,141.728733,43.387278
,樺戸郡月形町,1006-676,141.729418,43.387412
,樺戸郡月形町,1006-14,141.728533,43.387005
,樺戸郡月形町,1006-67,141.730138,43.386521
,樺戸郡月形町,1006-566,141.728636,43.385981
,樺戸郡月形町,1006-688,141.728668,43.385991
,樺戸郡月形町,1006-569,141.728538,43.386114
,樺戸郡月形町,1006-699,141.72832,43.386256
,樺戸郡月形町,1006-568,141.728365,43.386347
,樺戸郡月形町,1006-693,141.728396,43.386359
,樺戸郡月形町,1006-565,141.728451,43.386231
,樺戸郡月形町,1006-689,141.728482,43.386242
,樺戸郡月形町,1006-694,141.728569,43.386126
,樺戸郡月形町,1006-417,141.728666,43.386219
,樺戸郡月形町,1006-234,141.728808,43.386043
,樺戸郡月形町,1006-416,141.72849,43.386457
,樺戸郡月形町,1006-415,141.728336,43.386683
,樺戸郡月形町,1006-418,141.728262,43.386782
,樺戸郡月形町,1006-725,141.728034,43.386829
,樺戸郡月形町,1006-695,141.728091,43.386772
,樺戸郡月形町,1006-570,141.728111,43.386689
,樺戸郡月形町,1006-700,141.727973,43.386728
,樺戸郡月形町,1006-698,141.72813,43.386514
,樺戸郡月形町,1006-567,141.728187,43.386587
,樺戸郡月形町,1006-692,141.728218,43.3866
,樺戸郡月形町,1006-690,141.728306,43.386482
,樺戸郡月形町,1006-564,141.728274,43.38647
,樺戸郡月形町,1006-422,141.72756,43.386483
,樺戸郡月形町,1006-726,141.727935,43.386779
,樺戸郡月形町,1006-675,141.727475,43.386663
,樺戸郡月形町,1006-655,141.727383,43.386742
,樺戸郡月形町,1006-236,141.727358,43.386333
,樺戸郡月形町,1006-84,141.727796,43.386381
,樺戸郡月形町,1006-235,141.727881,43.386078
,樺戸郡月形町,1006-237,141.727305,43.385925
,樺戸郡月形町,3677-1,141.727382,43.386066
,樺戸郡月形町,1006-191,141.727499,43.385283
,樺戸郡月形町,3677-2,141.72837,43.384922
,樺戸郡月形町,3677-3,141.728753,43.384612
,樺戸郡月形町,1006-729,141.72862,43.385409
,樺戸郡月形町,1006-19,141.728246,43.385691
,樺戸郡月形町,1006-718,141.728704,43.385738
,樺戸郡月形町,1006-687,141.728911,43.385662
,樺戸郡月形町,1006-563,141.728883,43.385646
,樺戸郡月形町,1006-227,141.730162,43.385437
,樺戸郡月形町,1006-228,141.729642,43.384972
,樺戸郡月形町,1006-697,141.729468,43.384905
,樺戸郡月形町,1006-556,141.729438,43.384894
,樺戸郡月形町,1006-555,141.729343,43.385022
,樺戸郡月形町,1006-696,141.729374,43.385033
,樺戸郡月形町,1006-553,141.729186,43.385235
,樺戸郡月形町,1006-682,141.729218,43.385245
,樺戸郡月形町,1006-691,141.729177,43.385095
,樺戸郡月形町,1006-327,141.728738,43.385039
,樺戸郡月形町,1006-18,141.728634,43.385706
,樺戸郡月形町,1006-66,141.729195,43.384529
,樺戸郡月形町,1006-431,141.729326,43.384303
,樺戸郡月形町,1006-686,141.729545,43.384595
,樺戸郡月形町,1006-681,141.729837,43.384404
,樺戸郡月形町,1006-685,141.729698,43.384387
,樺戸郡月形町,1006-554,141.729811,43.384388
,樺戸郡月形町,1006-226,141.729729,43.383967
,樺戸郡月形町,1006-684,141.729863,43.384162
,樺戸郡月形町,1006-225,141.729405,43.384156
,樺戸郡月形町,3677-4,141.729458,43.383916
,樺戸郡月形町,1006-224,141.727729,43.384193
,樺戸郡月形町,1006-870,141.727224,43.384723
,樺戸郡月形町,1006-807,141.726873,43.383245
,樺戸郡月形町,1006-508,141.726336,43.383817
,樺戸郡月形町,1006-473,141.726445,43.384151
,樺戸郡月形町,1006-481,141.726076,43.384177
,樺戸郡月形町,1006-804,141.726014,43.384259
,樺戸郡月形町,無地番-7009,141.726057,43.384269
,樺戸郡月形町,1006-867,141.726368,43.38439
,樺戸郡月形町,1006-874,141.726368,43.38438
,樺戸郡月形町,1006-547,141.725766,43.384632
,樺戸郡月形町,1006-872,141.726682,43.384502
,樺戸郡月形町,1006-869,141.726703,43.38452
,樺戸郡月形町,1006-873,141.726991,43.384622
,樺戸郡月形町,1006-868,141.726969,43.384624
,樺戸郡月形町,1006-203,141.726987,43.384793
,樺戸郡月形町,1006-808,141.726761,43.384679
,樺戸郡月形町,1006-809,141.727135,43.385702
,樺戸郡月形町,1006-190,141.726797,43.385908
,樺戸郡月形町,1006-885,141.725998,43.385842
,樺戸郡月形町,1006-201,141.726338,43.384881
,樺戸郡月形町,1006-530,141.725498,43.384952
,樺戸郡月形町,1006-537,141.725244,43.385335
,樺戸郡月形町,1006-886,141.725662,43.385292
,樺戸郡月形町,1006-202,141.725446,43.385619
,樺戸郡月形町,1006-674,141.72541,43.385857
,樺戸郡月形町,1006-596,141.725298,43.385786
,樺戸郡月形町,1006-656,141.725062,43.385823
,樺戸郡月形町,1006-888,141.725087,43.385636
,樺戸郡月形町,1006-625,141.724556,43.385624
,樺戸郡月形町,1006-673,141.724831,43.38563
,樺戸郡月形町,1006-653,141.724586,43.385508
,樺戸郡月形町,1006-89,141.725101,43.384803
,樺戸郡月形町,1006-96,141.725163,43.38403
,樺戸郡月形町,1006-88,141.723479,43.383758
,樺戸郡月形町,1006-424,141.7234,43.384664
,樺戸郡月形町,1006-426,141.723943,43.38447
,樺戸郡月形町,1006-626,141.723525,43.385228
,樺戸郡月形町,1006-650,141.724157,43.38534
,樺戸郡月形町,1006-671,141.724186,43.385364
,樺戸郡月形町,1006-529,141.724143,43.385359
,樺戸郡月形町,1006-628,141.723978,43.385393
,樺戸郡月形町,1006-627,141.72405,43.385422
,樺戸郡月形町,1006-397,141.723365,43.385693
,樺戸郡月形町,1006-395,141.723758,43.385667
,樺戸郡月形町,1006-889,141.723701,43.385461
,樺戸郡月形町,1006-630,141.723472,43.385207
,樺戸郡月形町,1006-528,141.723072,43.38494
,樺戸郡月形町,1006-647,141.723045,43.384905
,樺戸郡月形町,1006-672,141.723084,43.385026
,樺戸郡月形町,1006-629,141.722743,43.384919
,樺戸郡月形町,1006-396,141.723383,43.385321
,樺戸郡月形町,1006-92,141.72248,43.385336
,樺戸郡月形町,1006-669,141.721398,43.385351
,樺戸郡月形町,1006-842,141.72143,43.38513
,樺戸郡月形町,1006-668,141.721461,43.38531
,樺戸郡月形町,1006-841,141.721661,43.384821
,樺戸郡月形町,1006-545,141.721595,43.384362
,樺戸郡月形町,1006-892,141.722182,43.384365
,樺戸郡月形町,1006-663,141.722145,43.38435
,樺戸郡月形町,1006-662,141.722167,43.384361
,樺戸郡月形町,1006-854,141.722133,43.384178
,樺戸郡月形町,1006-893,141.722305,43.384197
,樺戸郡月形町,1006-648,141.722292,43.384192
,樺戸郡月形町,1006-649,141.722268,43.384184
,樺戸郡月形町,1006-425,141.72272,43.384145
,樺戸郡月形町,1006-890,141.722407,43.384059
,樺戸郡月形町,1006-855,141.722395,43.383833
,樺戸郡月形町,1006-384,141.721804,43.384028
,樺戸郡月形町,1006-386,141.721458,43.383896
,樺戸郡月形町,1006-388,141.72115,43.383852
,樺戸郡月形町,1006-385,141.721064,43.384001
,樺戸郡月形町,1006-542,141.720634,43.383962
,樺戸郡月形町,1006-543,141.720974,43.384116
,樺戸郡月形町,1006-544,141.721222,43.384215
,樺戸郡月形町,1006-253,141.721193,43.384647
,樺戸郡月形町,1006-391,141.720684,43.384801
,樺戸郡月形町,1006-339,141.71836,43.384075
,樺戸郡月形町,1006-93,141.719337,43.384452
,樺戸郡月形町,1006-509,141.718821,43.385178
,樺戸郡月形町,1006-586,141.719248,43.38537
,樺戸郡月形町,1006-510,141.71976,43.385548
,樺戸郡月形町,1006-702,141.719837,43.385647
,樺戸郡月形町,1006-511,141.719906,43.385605
,樺戸郡月形町,1006-394,141.720621,43.3844
,樺戸郡月形町,1006-252,141.720538,43.385457
,樺戸郡月形町,1006-393,141.721087,43.385108
,樺戸郡月形町,1006-392,141.720808,43.384976
,樺戸郡月形町,1006-840,141.721141,43.385524
,樺戸郡月形町,1006-839,141.720739,43.386233
,樺戸郡月形町,1006-857,141.720621,43.386232
,樺戸郡月形町,1006-259,141.720981,43.386328
,樺戸郡月形町,1006-162,141.723063,43.386851
,樺戸郡月形町,1006-851,141.720416,43.386507
,樺戸郡月形町,1006-837,141.720289,43.386825
,樺戸郡月形町,1006-856,141.720261,43.386709
,樺戸郡月形町,1006-403,141.719951,43.386325
,樺戸郡月形町,1006-402,141.720017,43.386016
,樺戸郡月形町,1006-157,141.718778,43.38589
,樺戸郡月形町,1006-720,141.718207,43.386832
,樺戸郡月形町,1006-158,141.719861,43.386591
,樺戸郡月形町,1006-409,141.719933,43.387
,樺戸郡月形町,1006-404,141.719177,43.386897
,樺戸郡月形町,1006-728,141.719315,43.387178
,樺戸郡月形町,1006-329,141.719109,43.387411
,樺戸郡月形町,1006-164,141.718822,43.387117
,樺戸郡月形町,1006-727,141.719158,43.387185
,樺戸郡月形町,1006-257,141.719723,43.387181
,樺戸郡月形町,1006-155,141.718414,43.387141
,樺戸郡月形町,1006-288,141.71845,43.387399
,樺戸郡月形町,1006-330,141.719406,43.387518
,樺戸郡月形町,1006-287,141.719311,43.387691
,樺戸郡月形町,道-7048,141.719672,43.387563
,樺戸郡月形町,1006-703,141.720334,43.38763
,樺戸郡月形町,1006-258,141.72035,43.387585
,樺戸郡月形町,1006-141,141.720433,43.387491
,樺戸郡月形町,1006-437,141.719808,43.387518
,樺戸郡月形町,1006-836,141.719857,43.387393
,樺戸郡月形町,1006-838,141.71993,43.387296
,樺戸郡月形町,1006-701,141.720395,43.387682
,樺戸郡月形町,1006-406,141.720567,43.387889
,樺戸郡月形町,1006-450,141.721073,43.38781
,樺戸郡月形町,1006-263,141.722244,43.387709
,樺戸郡月形町,1006-260,141.722297,43.387355
,樺戸郡月形町,1006-11,141.721671,43.386873
,樺戸郡月形町,1006-97,141.723463,43.385975
,樺戸郡月形町,1006-90,141.723705,43.386553
,樺戸郡月形町,1006-262,141.72354,43.387287
,樺戸郡月形町,1006-261,141.722721,43.387444
,樺戸郡月形町,1006-135,141.724218,43.388178
,樺戸郡月形町,水-7026,141.720692,43.388155
,樺戸郡月形町,1006-142,141.722671,43.388122
,樺戸郡月形町,1006-143,141.7216,43.388942
,樺戸郡月形町,1006-134,141.724155,43.389567
,樺戸郡月形町,1006-133,141.723608,43.390301
,樺戸郡月形町,1006-130,141.723582,43.391643
,樺戸郡月形町,1006-129,141.722465,43.392046
,樺戸郡月形町,1006-131,141.721863,43.390854
,樺戸郡月形町,1006-314,141.721206,43.391441
,樺戸郡月形町,水-35,141.722258,43.39108
,樺戸郡月形町,1006-132,141.722722,43.390895
,樺戸郡月形町,1006-313,141.721445,43.390225
,樺戸郡月形町,1006-311,141.72013,43.390461
,樺戸郡月形町,1006-312,141.720576,43.391062
,樺戸郡月形町,1006-149,141.718484,43.392042
,樺戸郡月形町,1006-148,141.718189,43.391014
,樺戸郡月形町,1006-322,141.719053,43.390944
,樺戸郡月形町,1006-310,141.718528,43.390328
,樺戸郡月形町,1006-309,141.719078,43.389696
,樺戸郡月形町,1006-308,141.718846,43.389141
,樺戸郡月形町,1006-147,141.720461,43.389962
,樺戸郡月形町,1006-146,141.719845,43.388384
,樺戸郡月形町,1006-346,141.719099,43.389054
,樺戸郡月形町,1006-144,141.720618,43.388446
,樺戸郡月形町,1006-145,141.720513,43.388134
,樺戸郡月形町,1006-407,141.720265,43.388035
,樺戸郡月形町,1006-284,141.718991,43.388787
,樺戸郡月形町,1006-307,141.718475,43.388851
,樺戸郡月形町,1006-154,141.718306,43.388057
,樺戸郡月形町,1006-153,141.717381,43.388852
,樺戸郡月形町,1006-345,141.717195,43.388307
,樺戸郡月形町,1006-306,141.716113,43.388039
,樺戸郡月形町,1006-152,141.716249,43.38979
,樺戸郡月形町,1006-161,141.717601,43.39058
,樺戸郡月形町,1006-151,141.715976,43.391345
,樺戸郡月形町,1006-171,141.713077,43.390064
,樺戸郡月形町,1006-169,141.713624,43.389229
,樺戸郡月形町,1006-305,141.715228,43.387917
,樺戸郡月形町,1006-304,141.71434,43.388097
,樺戸郡月形町,1006-167,141.714636,43.388781
,樺戸郡月形町,1006-714,141.71372,43.387998
,樺戸郡月形町,1006-303,141.713282,43.388335
,樺戸郡月形町,1006-301,141.713139,43.388646
,樺戸郡月形町,1006-302,141.712831,43.388396
,樺戸郡月形町,1006-168,141.71313,43.387444
,樺戸郡月形町,1006-532,141.71285,43.385986
,樺戸郡月形町,1006-296,141.7132,43.386115
,樺戸郡月形町,1006-342,141.713604,43.386888
,樺戸郡月形町,1006-165,141.715301,43.386553
,樺戸郡月形町,1006-713,141.714348,43.387834
,樺戸郡月形町,1006-717,141.714245,43.387887
,樺戸郡月形町,1006-716,141.714487,43.387826
,樺戸郡月形町,1006-715,141.714691,43.387687
,樺戸郡月形町,1006-847,141.715154,43.387481
,樺戸郡月形町,1006-166,141.715633,43.387522
,樺戸郡月形町,1006-712,141.715825,43.38747
,樺戸郡月形町,1006-176,141.715764,43.387664
,樺戸郡月形町,1006-848,141.715561,43.387379
,樺戸郡月形町,1006-849,141.716068,43.387358
,樺戸郡月形町,1006-297,141.71663,43.387683
,樺戸郡月形町,1006-292,141.716273,43.387621
,樺戸郡月形町,1006-290,141.717714,43.387262
,樺戸郡月形町,1006-328,141.718294,43.387334
,樺戸郡月形町,1006-850,141.716434,43.3873
,樺戸郡月形町,1006-332,141.717107,43.387379
,樺戸郡月形町,1006-291,141.716918,43.387326
,樺戸郡月形町,1006-156,141.716934,43.386779
,樺戸郡月形町,1006-719,141.71746,43.38654
,樺戸郡月形町,1006-294,141.717403,43.386618
,樺戸郡月形町,1006-722,141.717766,43.38666
,樺戸郡月形町,1006-293,141.718213,43.386917
,樺戸郡月形町,1006-400,141.718485,43.386717
,樺戸郡月形町,1006-401,141.718018,43.386313
,樺戸郡月形町,1006-399,141.717265,43.386241
,樺戸郡月形町,1006-177,141.716925,43.386057
,樺戸郡月形町,1006-721,141.716594,43.386616
,樺戸郡月形町,1006-12,141.716767,43.384862
,樺戸郡月形町,1006-802,141.716286,43.385597
,樺戸郡月形町,1006-398,141.717802,43.385505
,樺戸郡月形町,1006-587,141.718203,43.384957
,樺戸郡月形町,1006-583,141.717073,43.384514
,樺戸郡月形町,1006-584,141.717433,43.384633
,樺戸郡月形町,1006-887,141.717802,43.384676
,樺戸郡月形町,1006-94,141.717709,43.383793
,樺戸郡月形町,1006-254,141.716532,43.384088
,樺戸郡月形町,1006-585,141.716687,43.384339
,樺戸郡月形町,1006-803,141.715786,43.38476
,樺戸郡月形町,1006-549,141.715308,43.384784
,樺戸郡月形町,1009-194,141.715735,43.384175
,樺戸郡月形町,1009-39,141.715171,43.38388
,樺戸郡月形町,1009-188,141.714956,43.384767
,樺戸郡月形町,1006-505,141.714925,43.385054
,樺戸郡月形町,1006-548,141.714935,43.385094
,樺戸郡月形町,1006-449,141.715268,43.385308
,樺戸郡月形町,1006-504,141.7143,43.38551
,樺戸郡月形町,1006-533,141.714327,43.385525
,樺戸郡月形町,1009-151,141.714267,43.385191
,樺戸郡月形町,1009-190,141.714352,43.385233
,樺戸郡月形町,1009-42,141.714354,43.384784
,樺戸郡月形町,1009-191,141.713628,43.385602
,樺戸郡月形町,1009-189,141.713374,43.385617
,樺戸郡月形町,1009-198,141.712997,43.385723
,樺戸郡月形町,1009-197,141.712481,43.385873
,樺戸郡月形町,1009-5,141.712451,43.385475
,樺戸郡月形町,1009-43,141.713114,43.384391
,樺戸郡月形町,1009-300,141.713359,43.383355
,樺戸郡月形町,1009-59,141.711412,43.384951
,樺戸郡月形町,1009-147,141.71038,43.38427
,樺戸郡月形町,1009-146,141.710275,43.384896
,樺戸郡月形町,1009-15,141.709599,43.384894
,樺戸郡月形町,1009-144,141.711725,43.385731
,樺戸郡月形町,1009-200,141.712319,43.385881
,樺戸郡月形町,1006-503,141.712163,43.38611
,樺戸郡月形町,1006-531,141.712232,43.386114
,樺戸郡月形町,1009-199,141.711757,43.386035
,樺戸郡月形町,1009-323,141.711316,43.386092
,樺戸郡月形町,1006-506,141.710799,43.386444
,樺戸郡月形町,1006-899,141.710916,43.386571
,樺戸郡月形町,1006-552,141.712031,43.386595
,樺戸郡月形町,1006-175,141.712276,43.387406
,樺戸郡月形町,1006-298,141.711568,43.387632
,樺戸郡月形町,1006-550,141.710814,43.387657
,樺戸郡月形町,1006-551,141.710242,43.38762
,樺戸郡月形町,1006-173,141.710467,43.388222
,樺戸郡月形町,1006-860,141.709888,43.387986
,樺戸郡月形町,1006-900,141.709688,43.387182
,樺戸郡月形町,1006-507,141.709884,43.386966
,樺戸郡月形町,1009-184,141.709547,43.386964
,樺戸郡月形町,1009-187,141.710293,43.386874
,樺戸郡月形町,1009-183,141.710261,43.386718
,樺戸郡月形町,1009-320,141.710199,43.386182
,樺戸郡月形町,1009-321,141.708431,43.387841
,樺戸郡月形町,1009-145,141.708903,43.384513
,樺戸郡月形町,1009-1,141.704049,43.390993
,樺戸郡月形町,1009-322,141.707958,43.388293
,樺戸郡月形町,1009-185,141.707806,43.38816
,樺戸郡月形町,1009-186,141.708215,43.388089
,樺戸郡月形町,1006-172,141.710606,43.389003
,樺戸郡月形町,1006-858,141.710229,43.388281
,樺戸郡月形町,1006-174,141.711176,43.388913
,樺戸郡月形町,1006-299,141.711304,43.388591
,樺戸郡月形町,1006-859,141.71112,43.388415
,樺戸郡月形町,長狭物不明-51,141.714786,43.38774
,樺戸郡月形町,1006-170,141.71214,43.388271
,樺戸郡月形町,1006-300,141.711811,43.388623
,樺戸郡月形町,水-34,141.71187,43.399519
,樺戸郡月形町,1006-150,141.718158,43.392814
,樺戸郡月形町,1006-126,141.720523,43.393296
,樺戸郡月形町,1006-127,141.721516,43.392301
,樺戸郡月形町,1006-315,141.722171,43.392181
,樺戸郡月形町,1006-316,141.722661,43.392176
,樺戸郡月形町,1006-128,141.723515,43.392789
,樺戸郡月形町,1006-317,141.722885,43.392654
,樺戸郡月形町,1006-122,141.723507,43.393428
,樺戸郡月形町,1006-125,141.72394,43.395106
,樺戸郡月形町,筆界未定地-4,141.720566,43.399147
字札比内,樺戸郡月形町,690,141.71322,43.403076
字札比内,樺戸郡月形町,691,141.717121,43.405389
字札比内,樺戸郡月形町,1404-1,141.712628,43.408732
字札比内,樺戸郡月形町,道-153,141.70986,43.404099
字札比内,樺戸郡月形町,693,141.722362,43.408086
字札比内,樺戸郡月形町,1404-2,141.719652,43.412776
字札比内,樺戸郡月形町,水-62,141.710051,43.406073
字札比内,樺戸郡月形町,689,141.710122,43.40097
,樺戸郡月形町,1010-527,141.700833,43.387172
,樺戸郡月形町,水-33,141.701998,43.384894
,樺戸郡月形町,1011-211,141.685684,43.382625
,樺戸郡月形町,1011-210,141.684407,43.381046
,樺戸郡月形町,1011-209,141.685686,43.38112
,樺戸郡月形町,1011-1,141.687994,43.374713
,樺戸郡月形町,水-14,141.696271,43.371865
,樺戸郡月形町,1010-11,141.694793,43.38395
,樺戸郡月形町,1010-248,141.703083,43.382598
,樺戸郡月形町,1009-95,141.704419,43.381857
,樺戸郡月形町,1009-246,141.705324,43.381962
,樺戸郡月形町,1009-251,141.705093,43.381689
,樺戸郡月形町,水-7008,141.704963,43.380838
,樺戸郡月形町,1009-245,141.705203,43.381746
,樺戸郡月形町,1009-241,141.705984,43.381082
,樺戸郡月形町,1009-93,141.705221,43.381186
字豊ケ丘,樺戸郡月形町,1562-11,141.705053,43.380198
字豊ケ丘,樺戸郡月形町,3502,141.705601,43.380445
字豊ケ丘,樺戸郡月形町,道-7293,141.704836,43.380121
,樺戸郡月形町,1010-249,141.702461,43.380478
,樺戸郡月形町,長狭物不明-50,141.699516,43.379932
字豊ケ丘,樺戸郡月形町,1562-6,141.706308,43.378093
字豊ケ丘,樺戸郡月形町,1562-8,141.706117,43.378384
字豊ケ丘,樺戸郡月形町,1560-3,141.705999,43.379478
字豊ケ丘,樺戸郡月形町,1562-4W1,141.706472,43.378756
字豊ケ丘,樺戸郡月形町,1562-10,141.70678,43.379301
字豊ケ丘,樺戸郡月形町,1561-2,141.706887,43.379438
字豊ケ丘,樺戸郡月形町,3503,141.707915,43.377572
字豊ケ丘,樺戸郡月形町,1561-1,141.707574,43.379232
,樺戸郡月形町,1009-11,141.709556,43.379187
,樺戸郡月形町,1009-163,141.708904,43.379486
字豊ケ丘,樺戸郡月形町,1559-6,141.708394,43.378919
字豊ケ丘,樺戸郡月形町,1559-4,141.708338,43.378359
字豊ケ丘,樺戸郡月形町,1559-5,141.708524,43.378212
字豊ケ丘,樺戸郡月形町,1559-3,141.708593,43.378516
字豊ケ丘,樺戸郡月形町,1559-1,141.709218,43.378476
字豊ケ丘,樺戸郡月形町,1559-2,141.708245,43.377735
字豊ケ丘,樺戸郡月形町,1559-7,141.708053,43.377457
字豊ケ丘,樺戸郡月形町,1560-7,141.707711,43.377736
字豊ケ丘,樺戸郡月形町,1560-8,141.707566,43.37798
字豊ケ丘,樺戸郡月形町,1559-9,141.707688,43.378057
字豊ケ丘,樺戸郡月形町,1559-8,141.707624,43.378165
字豊ケ丘,樺戸郡月形町,1559-10,141.707477,43.378412
字豊ケ丘,樺戸郡月形町,1562-9,141.707237,43.378544
字豊ケ丘,樺戸郡月形町,1560-6,141.707402,43.37826
字豊ケ丘,樺戸郡月形町,1562-3,141.706863,43.378313
字豊ケ丘,樺戸郡月形町,1560-2,141.706814,43.377892
字豊ケ丘,樺戸郡月形町,1560-5,141.706891,43.377561
字豊ケ丘,樺戸郡月形町,1560-4,141.70704,43.377228
字豊ケ丘,樺戸郡月形町,1563-14,141.707158,43.376889
字豊ケ丘,樺戸郡月形町,1563-15,141.707091,43.376817
字豊ケ丘,樺戸郡月形町,1558-7,141.707618,43.376698
字豊ケ丘,樺戸郡月形町,1558-6,141.707928,43.37642
字豊ケ丘,樺戸郡月形町,1558-2,141.708392,43.376344
字豊ケ丘,樺戸郡月形町,1558-4,141.70843,43.376031
字豊ケ丘,樺戸郡月形町,1556-2,141.708739,43.375777
字豊ケ丘,樺戸郡月形町,1556-5,141.709212,43.376025
字豊ケ丘,樺戸郡月形町,1555-10,141.709218,43.37621
字豊ケ丘,樺戸郡月形町,1558-9,141.708932,43.376337
字豊ケ丘,樺戸郡月形町,1555-9,141.709076,43.376367
字豊ケ丘,樺戸郡月形町,1557-10,141.708933,43.376528
字豊ケ丘,樺戸郡月形町,1558-8,141.708736,43.376547
字豊ケ丘,樺戸郡月形町,1558-10,141.70852,43.376771
字豊ケ丘,樺戸郡月形町,1557-7,141.70863,43.376835
字豊ケ丘,樺戸郡月形町,1557-9,141.70852,43.376953
字豊ケ丘,樺戸郡月形町,1558-11,141.70825,43.37706
字豊ケ丘,樺戸郡月形町,1557-8,141.708138,43.377362
字豊ケ丘,樺戸郡月形町,1563-19,141.707969,43.377348
字豊ケ丘,樺戸郡月形町,1563-18,141.707959,43.377372
字豊ケ丘,樺戸郡月形町,1557-3,141.709038,43.377252
字豊ケ丘,樺戸郡月形町,1557-2,141.709798,43.377603
字豊ケ丘,樺戸郡月形町,1557-4,141.709503,43.376993
字豊ケ丘,樺戸郡月形町,水-7142,141.715029,43.373697
字豊ケ丘,樺戸郡月形町,1555-2,141.709599,43.376581
字豊ケ丘,樺戸郡月形町,1555-3,141.710073,43.376611
字豊ケ丘,樺戸郡月形町,1555-4,141.709808,43.376404
字豊ケ丘,樺戸郡月形町,1555-8,141.709614,43.37607
字豊ケ丘,樺戸郡月形町,1555-13,141.709397,43.376016
字豊ケ丘,樺戸郡月形町,1555-12,141.709621,43.375774
字豊ケ丘,樺戸郡月形町,1556-6,141.709554,43.375646
字豊ケ丘,樺戸郡月形町,1555-11,141.709712,43.375675
字豊ケ丘,樺戸郡月形町,1555-5,141.710251,43.375821
字豊ケ丘,樺戸郡月形町,1555-6,141.710425,43.376251
字豊ケ丘,樺戸郡月形町,1555-7,141.711026,43.376291
字豊ケ丘,樺戸郡月形町,1553-1,141.712326,43.376245
字豊ケ丘,樺戸郡月形町,1553-7,141.71126,43.375466
字豊ケ丘,樺戸郡月形町,1555-1,141.710951,43.377096
,樺戸郡月形町,1008-301,141.711934,43.377827
,樺戸郡月形町,1008-42,141.712016,43.377533
,樺戸郡月形町,1008-747,141.711953,43.377783
,樺戸郡月形町,1008-748,141.711432,43.378141
,樺戸郡月形町,1008-43,141.711224,43.378122
字豊ケ丘,樺戸郡月形町,1557-1,141.70993,43.378178
字豊ケ丘,樺戸郡月形町,1557-6,141.71004,43.377813
,樺戸郡月形町,1009-113V2,141.710416,43.378848
,樺戸郡月形町,1008-300,141.710707,43.378792
字札比内,樺戸郡月形町,1437-1,141.710508,43.378914
字札比内,樺戸郡月形町,1437-2,141.710309,43.378917
字札比内,樺戸郡月形町,1437-4,141.710242,43.378921
,樺戸郡月形町,1008-44,141.710556,43.378646
,樺戸郡月形町,1008-749,141.710316,43.378882
,樺戸郡月形町,1009-120,141.709809,43.379037
字札比内,樺戸郡月形町,1437-3,141.710034,43.37892
,樺戸郡月形町,1009-302,141.710022,43.379044
,樺戸郡月形町,1009-301,141.709868,43.37916
,樺戸郡月形町,1009-303,141.709817,43.379187
,樺戸郡月形町,1009-304,141.709499,43.379383
,樺戸郡月形町,1009-82,141.710356,43.37945
,樺戸郡月形町,1009-12,141.710492,43.379128
,樺戸郡月形町,1008-302,141.711554,43.378474
,樺戸郡月形町,3969,141.710774,43.378682
,樺戸郡月形町,1009-138,141.71167,43.38002
,樺戸郡月形町,1009-143,141.711281,43.380317
,樺戸郡月形町,1009-287,141.71179,43.380922
,樺戸郡月形町,1009-294,141.711694,43.38105
,樺戸郡月形町,1009-288,141.712083,43.381042
,樺戸郡月形町,1009-295,141.712293,43.380962
,樺戸郡月形町,1009-293,141.712232,43.381297
,樺戸郡月形町,1009-141,141.711764,43.38145
,樺戸郡月形町,1009-142,141.711221,43.381138
,樺戸郡月形町,1009-58,141.709108,43.380361
,樺戸郡月形町,1009-118,141.710515,43.380322
,樺戸郡月形町,1009-113V1,141.709647,43.379337
,樺戸郡月形町,1009-14,141.707463,43.380098
,樺戸郡月形町,1009-94,141.706565,43.380621
,樺戸郡月形町,1009-266,141.706768,43.380539
,樺戸郡月形町,1009-264,141.706906,43.380459
,樺戸郡月形町,1009-114,141.707806,43.38053
,樺戸郡月形町,1009-253,141.707742,43.381114
,樺戸郡月形町,1009-315,141.707756,43.381075
,樺戸郡月形町,1009-262,141.707355,43.381035
,樺戸郡月形町,1009-261,141.707398,43.381068
,樺戸郡月形町,1009-265,141.707337,43.380989
,樺戸郡月形町,1009-317,141.707653,43.38099
,樺戸郡月形町,1009-254,141.707286,43.380745
,樺戸郡月形町,1009-260,141.706844,43.380625
,樺戸郡月形町,1009-86,141.70711,43.381203
,樺戸郡月形町,1009-16,141.706884,43.380978
,樺戸郡月形町,1009-89,141.710334,43.38197
,樺戸郡月形町,1009-13,141.709127,43.38161
,樺戸郡月形町,1009-255,141.708701,43.381878
,樺戸郡月形町,1009-314,141.707906,43.381197
,樺戸郡月形町,1009-258,141.708923,43.382268
,樺戸郡月形町,1009-60,141.708594,43.382361
,樺戸郡月形町,1009-97,141.709199,43.383194
,樺戸郡月形町,1009-99,141.708927,43.383217
,樺戸郡月形町,1009-155,141.707424,43.38205
,樺戸郡月形町,1009-76,141.706126,43.381929
,樺戸郡月形町,1009-103,141.710095,43.383523
,樺戸郡月形町,1009-102,141.710062,43.383853
,樺戸郡月形町,1009-216,141.710285,43.383114
,樺戸郡月形町,1009-205,141.710357,43.382923
,樺戸郡月形町,1009-91,141.710212,43.382794
,樺戸郡月形町,1009-257,141.710127,43.383041
,樺戸郡月形町,1009-259,141.709949,43.383087
,樺戸郡月形町,1009-61,141.709867,43.383141
,樺戸郡月形町,1009-316,141.709674,43.382636
,樺戸郡月形町,1009-256,141.709656,43.382653
,樺戸郡月形町,1009-90,141.711077,43.382055
,樺戸郡月形町,1009-215,141.711343,43.382414
,樺戸郡月形町,1009-67,141.7113,43.382591
,樺戸郡月形町,1009-204,141.711742,43.381989
,樺戸郡月形町,1009-208,141.712155,43.381717
,樺戸郡月形町,1009-217,141.711883,43.38206
,樺戸郡月形町,1009-153,141.7118,43.382404
,樺戸郡月形町,1009-154,141.711562,43.382768
,樺戸郡月形町,1009-152,141.710907,43.38306
,樺戸郡月形町,1009-44,141.71238,43.383284
,樺戸郡月形町,1009-100,141.710929,43.383662
,樺戸郡月形町,1009-105,141.7147,43.38308
,樺戸郡月形町,1009-298,141.713872,43.383017
,樺戸郡月形町,1009-150,141.714321,43.382522
,樺戸郡月形町,1009-299,141.714342,43.382706
,樺戸郡月形町,1009-312,141.714633,43.382295
,樺戸郡月形町,3967,141.716007,43.382882
,樺戸郡月形町,1009-313,141.7145,43.381988
,樺戸郡月形町,1009-311,141.714082,43.382011
,樺戸郡月形町,1009-41,141.713336,43.382322
,樺戸郡月形町,1009-221,141.712558,43.381622
,樺戸郡月形町,1009-55,141.712611,43.381218
,樺戸郡月形町,1009-206,141.712555,43.381459
,樺戸郡月形町,1009-310,141.713774,43.381512
,樺戸郡月形町,1009-71,141.713459,43.381471
,樺戸郡月形町,1009-309,141.713515,43.381231
,樺戸郡月形町,1009-222,141.713273,43.381208
,樺戸郡月形町,1009-207,141.713246,43.381082
,樺戸郡月形町,1009-140,141.713248,43.380898
,樺戸郡月形町,1009-220,141.713481,43.381106
,樺戸郡月形町,1008-756,141.713585,43.38084
,樺戸郡月形町,1009-297,141.713252,43.380735
,樺戸郡月形町,1009-139,141.713054,43.38063
,樺戸郡月形町,1009-290,141.712875,43.380833
,樺戸郡月形町,1009-296,141.712412,43.38089
,樺戸郡月形町,1009-286,141.712891,43.381055
,樺戸郡月形町,1009-285,141.712779,43.380964
,樺戸郡月形町,1009-291,141.71228,43.38113
,樺戸郡月形町,1009-292,141.712427,43.380936
,樺戸郡月形町,1009-289,141.712675,43.380687
,樺戸郡月形町,1008-421,141.713303,43.38035
,樺戸郡月形町,1008-424,141.713514,43.380603
,樺戸郡月形町,1008-423,141.713693,43.380652
,樺戸郡月形町,1008-422,141.713887,43.380478
,樺戸郡月形町,1009-201,141.714491,43.380537
,樺戸郡月形町,1008-540,141.714394,43.380433
,樺戸郡月形町,1008-425,141.714569,43.379949
,樺戸郡月形町,1008-444,141.714985,43.37979
,樺戸郡月形町,1008-542,141.714798,43.380065
,樺戸郡月形町,1008-780,141.715084,43.379684
,樺戸郡月形町,1009-202,141.714602,43.38044
,樺戸郡月形町,1009-68,141.714748,43.380696
,樺戸郡月形町,1008-541,141.714227,43.380565
,樺戸郡月形町,1009-203,141.714027,43.380836
,樺戸郡月形町,1009-156,141.714818,43.381372
,樺戸郡月形町,1009-132,141.715799,43.381713
,樺戸郡月形町,1009-107,141.715684,43.380773
,樺戸郡月形町,1009-137,141.716055,43.379855
,樺戸郡月形町,1009-136,141.717263,43.379624
,樺戸郡月形町,1009-168,141.717583,43.37983
,樺戸郡月形町,1009-109,141.717883,43.380585
,樺戸郡月形町,1009-106,141.716494,43.38131
,樺戸郡月形町,1009-225,141.718176,43.382529
,樺戸郡月形町,1009-38,141.717145,43.381971
,樺戸郡月形町,1009-149,141.715938,43.382674
,樺戸郡月形町,1009-148,141.715878,43.382204
,樺戸郡月形町,1009-37,141.716642,43.382765
,樺戸郡月形町,1009-40,141.715958,43.383275
,樺戸郡月形町,1009-195,141.716129,43.383739
,樺戸郡月形町,1009-308,141.716594,43.383295
,樺戸郡月形町,道-7043,141.716595,43.383354
,樺戸郡月形町,1009-196,141.716557,43.383363
,樺戸郡月形町,1009-192,141.716634,43.383333
,樺戸郡月形町,1006-502,141.716564,43.383643
,樺戸郡月形町,1006-534,141.716536,43.383735
,樺戸郡月形町,1006-535,141.716766,43.383571
,樺戸郡月形町,1009-193,141.716882,43.383169
,樺戸郡月形町,1009-223,141.716905,43.383154
,樺戸郡月形町,1006-519,141.71759,43.383
,樺戸郡月形町,1006-536,141.717496,43.38313
,樺戸郡月形町,1006-515,141.71798,43.38281
,樺戸郡月形町,1006-514,141.717841,43.382898
,樺戸郡月形町,1006-451,141.718064,43.382877
,樺戸郡月形町,1006-540,141.717985,43.382919
,樺戸郡月形町,1006-592,141.717986,43.382855
,樺戸郡月形町,1006-541,141.719756,43.383616
,樺戸郡月形町,1006-730,141.719535,43.383075
,樺戸郡月形町,1009-224,141.718572,43.382514
,樺戸郡月形町,1009-252,141.718637,43.382482
,樺戸郡月形町,1009-226,141.718892,43.382435
,樺戸郡月形町,1009-36,141.718353,43.381701
,樺戸郡月形町,1009-228,141.718896,43.382156
,樺戸郡月形町,1009-227,141.719352,43.382095
,樺戸郡月形町,1006-591,141.719594,43.381947
,樺戸郡月形町,1006-8,141.721087,43.382824
,樺戸郡月形町,1006-340,141.719876,43.383724
,樺戸郡月形町,1006-387,141.721516,43.383643
,樺戸郡月形町,1006-389,141.721343,43.383513
,樺戸郡月形町,1006-390,141.722019,43.383684
,樺戸郡月形町,1006-383,141.722277,43.383224
,樺戸郡月形町,1006-853,141.722721,43.383395
,樺戸郡月形町,1006-652,141.722679,43.38363
,樺戸郡月形町,1006-651,141.722573,43.383819
,樺戸郡月形町,1006-891,141.722888,43.38341
,樺戸郡月形町,道-7045,141.724793,43.385667
,樺戸郡月形町,1006-589,141.723124,43.383089
,樺戸郡月形町,1006-590,141.723127,43.383026
,樺戸郡月形町,1006-852,141.723325,43.382581
,樺戸郡月形町,1006-646,141.7234,43.382657
,樺戸郡月形町,1006-645,141.723409,43.382697
,樺戸郡月形町,1006-58,141.724466,43.382552
,樺戸郡月形町,1006-412,141.724481,43.382341
,樺戸郡月形町,1006-615,141.723645,43.382375
,樺戸郡月形町,1006-616,141.723676,43.382285
,樺戸郡月形町,1006-612,141.723755,43.382181
,樺戸郡月形町,1006-611,141.723791,43.382173
,樺戸郡月形町,1006-614,141.723973,43.381887
,樺戸郡月形町,1006-613,141.723989,43.381907
,樺戸郡月形町,1006-59,141.721971,43.382082
,樺戸郡月形町,1009-169,141.721064,43.380833
,樺戸郡月形町,1006-518,141.721995,43.380975
,樺戸郡月形町,1006-51,141.723443,43.381482
,樺戸郡月形町,1006-844,141.724024,43.381639
,樺戸郡月形町,1006-405,141.723809,43.380885
,樺戸郡月形町,1009-232,141.722793,43.380562
,樺戸郡月形町,1009-239,141.723086,43.380601
,樺戸郡月形町,1009-237,141.723078,43.380451
,樺戸郡月形町,1009-231,141.723243,43.380466
,樺戸郡月形町,1006-517,141.723979,43.380472
,樺戸郡月形町,1009-236,141.723591,43.380344
,樺戸郡月形町,1009-63,141.723313,43.379777
,樺戸郡月形町,1009-130,141.723141,43.379123
,樺戸郡月形町,1009-34,141.721231,43.380331
,樺戸郡月形町,1009-30,141.721146,43.379791
,樺戸郡月形町,1009-240,141.720515,43.381182
,樺戸郡月形町,1009-238,141.721102,43.38125
,樺戸郡月形町,1006-516,141.720841,43.381283
,樺戸郡月形町,1006-617,141.720842,43.381296
,樺戸郡月形町,1009-233,141.720206,43.381264
,樺戸郡月形町,1009-235,141.720187,43.381288
,樺戸郡月形町,1009-110,141.719383,43.380644
,樺戸郡月形町,1009-306,141.719191,43.380887
,樺戸郡月形町,1009-230,141.719853,43.381548
,樺戸郡月形町,1009-35,141.718982,43.381318
,樺戸郡月形町,1009-305,141.719457,43.379842
,樺戸郡月形町,1009-33,141.71941,43.379117
,樺戸郡月形町,1009-133,141.71867,43.378556
字札比内,樺戸郡月形町,1434-3,141.718404,43.377983
,樺戸郡月形町,1008-73,141.718617,43.377768
,樺戸郡月形町,1008-556,141.718335,43.377633
,樺戸郡月形町,1008-554,141.718424,43.377573
,樺戸郡月形町,1008-603,141.718642,43.377614
,樺戸郡月形町,1008-440,141.718938,43.377691
,樺戸郡月形町,1008-439,141.719304,43.37798
字札比内,樺戸郡月形町,1434-2,141.719841,43.377935
,樺戸郡月形町,1009-135,141.719002,43.37809
,樺戸郡月形町,1009-32,141.720183,43.378281
,樺戸郡月形町,1008-438,141.719835,43.377818
,樺戸郡月形町,1008-401,141.720391,43.377595
,樺戸郡月形町,1009-131,141.72075,43.377891
字札比内,樺戸郡月形町,1434-1,141.720982,43.377886
,樺戸郡月形町,1009-263,141.720916,43.378862
,樺戸郡月形町,1009-62,141.722031,43.378902
,樺戸郡月形町,1009-129,141.722818,43.378913
,樺戸郡月形町,1009-318,141.722742,43.379115
,樺戸郡月形町,1009-282,141.723906,43.379488
,樺戸郡月形町,1009-180,141.723491,43.379129
,樺戸郡月形町,1009-174,141.724184,43.379578
,樺戸郡月形町,1009-279,141.724229,43.379559
,樺戸郡月形町,1009-278,141.72419,43.379532
,樺戸郡月形町,1009-172,141.723732,43.37921
,樺戸郡月形町,1009-175,141.723168,43.37875
,樺戸郡月形町,1009-280,141.723057,43.378821
,樺戸郡月形町,1009-319,141.723078,43.379002
,樺戸郡月形町,1009-179,141.723087,43.378805
,樺戸郡月形町,1009-283,141.722826,43.378639
,樺戸郡月形町,1009-181,141.722848,43.378613
,樺戸郡月形町,1009-161,141.722927,43.378291
,樺戸郡月形町,1009-122,141.724233,43.378449
,樺戸郡月形町,1009-121,141.723928,43.378029
,樺戸郡月形町,1009-124,141.723444,43.377731
,樺戸郡月形町,1009-80,141.72302,43.377872
,樺戸郡月形町,1009-29,141.722564,43.378003
字札比内,樺戸郡月形町,1433-5,141.722021,43.377775
,樺戸郡月形町,1009-271,141.722197,43.377925
,樺戸郡月形町,1009-176,141.722748,43.378413
,樺戸郡月形町,1009-281,141.722633,43.378485
,樺戸郡月形町,1009-178,141.72266,43.378463
,樺戸郡月形町,1009-171,141.722325,43.378076
,樺戸郡月形町,1009-272,141.722335,43.378246
,樺戸郡月形町,1009-177,141.722124,43.378035
,樺戸郡月形町,1009-31,141.721608,43.378258
字札比内,樺戸郡月形町,1433-4,141.721947,43.377769
字札比内,樺戸郡月形町,1434-4,141.721773,43.377754
,樺戸郡月形町,1008-697,141.72174,43.377549
,樺戸郡月形町,1008-698,141.721504,43.377365
,樺戸郡月形町,1008-433,141.721462,43.376577
,樺戸郡月形町,1008-687,141.722053,43.376847
,樺戸郡月形町,1008-688,141.722243,43.376734
,樺戸郡月形町,1008-686,141.722207,43.377018
,樺戸郡月形町,1008-685,141.722001,43.377406
字札比内,樺戸郡月形町,1433-3,141.723114,43.377545
,樺戸郡月形町,1008-475,141.723312,43.376932
,樺戸郡月形町,1009-165,141.723849,43.377382
,樺戸郡月形町,1009-166,141.723995,43.377286
,樺戸郡月形町,1008-485,141.722603,43.376689
,樺戸郡月形町,1008-69,141.723955,43.376405
,樺戸郡月形町,1008-361,141.723776,43.375868
,樺戸郡月形町,1008-362,141.723183,43.375812
,樺戸郡月形町,1008-90,141.722746,43.375444
,樺戸郡月形町,1008-486,141.722738,43.376389
,樺戸郡月形町,1008-487,141.722366,43.376416
,樺戸郡月形町,1008-432,141.722035,43.375985
,樺戸郡月形町,1008-437,141.72235,43.376815
,樺戸郡月形町,道-7028,141.734993,43.366695
,樺戸郡月形町,1008-596,141.721673,43.37559
,樺戸郡月形町,1008-721,141.721063,43.375569
,樺戸郡月形町,1008-547,141.721392,43.375599
,樺戸郡月形町,1008-720,141.721155,43.375684
,樺戸郡月形町,1008-598,141.721222,43.375889
,樺戸郡月形町,1008-546,141.721057,43.375827
,樺戸郡月形町,1008-716,141.720857,43.375791
,樺戸郡月形町,1008-367,141.720513,43.375495
,樺戸郡月形町,1008-717,141.720732,43.375675
,樺戸郡月形町,1008-364,141.720236,43.375861
,樺戸郡月形町,1008-572,141.720227,43.37637
,樺戸郡月形町,1008-744,141.720225,43.376336
,樺戸郡月形町,1008-594,141.720414,43.376426
,樺戸郡月形町,1008-573,141.720348,43.376471
,樺戸郡月形町,1008-545,141.720642,43.376097
,樺戸郡月形町,1008-597,141.721009,43.37603
,樺戸郡月形町,1008-234,141.720997,43.376366
,樺戸郡月形町,1008-696,141.72047,43.376541
,樺戸郡月形町,1008-70,141.72175,43.377033
,樺戸郡月形町,1008-519,141.721197,43.37716
,樺戸郡月形町,1008-320,141.720757,43.37685
,樺戸郡月形町,1008-520,141.721033,43.377178
,樺戸郡月形町,1008-71,141.720176,43.377141
,樺戸郡月形町,1008-555,141.719841,43.376809
,樺戸郡月形町,1008-315,141.720379,43.37649
,樺戸郡月形町,1008-601,141.719725,43.376708
,樺戸郡月形町,1008-621,141.719175,43.376987
,樺戸郡月形町,1008-600,141.719319,43.376978
,樺戸郡月形町,1008-72,141.719464,43.377517
,樺戸郡月形町,1008-602,141.718891,43.377439
,樺戸郡月形町,1008-599,141.718902,43.377255
,樺戸郡月形町,1008-620,141.718654,43.377117
,樺戸郡月形町,1008-354,141.718133,43.377015
,樺戸郡月形町,1008-355,141.718938,43.376788
,樺戸郡月形町,1008-669,141.718771,43.376533
,樺戸郡月形町,1008-677,141.718613,43.376107
,樺戸郡月形町,1008-666,141.719202,43.376108
,樺戸郡月形町,1008-683,141.718741,43.376393
,樺戸郡月形町,1008-402,141.719399,43.376448
,樺戸郡月形町,1008-404,141.719121,43.375811
,樺戸郡月形町,1008-704,141.718989,43.375536
,樺戸郡月形町,1008-706,141.718977,43.375526
,樺戸郡月形町,1008-708,141.71893,43.375497
,樺戸郡月形町,1008-667,141.718861,43.375604
,樺戸郡月形町,1008-678,141.717982,43.376178
,樺戸郡月形町,1008-682,141.718288,43.37589
,樺戸郡月形町,1008-684,141.717362,43.376503
,樺戸郡月形町,1008-674,141.717084,43.375924
,樺戸郡月形町,1008-311,141.715525,43.375611
,樺戸郡月形町,1008-319,141.714045,43.376377
,樺戸郡月形町,1008-654,141.715887,43.375919
,樺戸郡月形町,1008-657,141.716159,43.375786
,樺戸郡月形町,1008-671,141.715946,43.376677
,樺戸郡月形町,1008-679,141.716397,43.377142
,樺戸郡月形町,1008-673,141.716476,43.377141
,樺戸郡月形町,1008-663,141.717188,43.377378
,樺戸郡月形町,1008-661,141.716878,43.377231
,樺戸郡月形町,1008-660,141.717393,43.376797
,樺戸郡月形町,1008-675,141.717862,43.376555
,樺戸郡月形町,1008-681,141.717609,43.376814
,樺戸郡月形町,1008-665,141.718139,43.376778
,樺戸郡月形町,1008-39,141.717173,43.376969
,樺戸郡月形町,1008-82,141.717856,43.3775
,樺戸郡月形町,1008-407,141.718066,43.377688
,樺戸郡月形町,1008-557,141.718029,43.377839
,樺戸郡月形町,1008-549,141.718252,43.37788
字札比内,樺戸郡月形町,1435-2,141.717895,43.377919
字札比内,樺戸郡月形町,1435-1,141.717646,43.377981
,樺戸郡月形町,1008-412,141.717586,43.377774
,樺戸郡月形町,1009-218,141.717425,43.378234
,樺戸郡月形町,1009-7,141.71732,43.37824
,樺戸郡月形町,1009-81,141.716817,43.378546
,樺戸郡月形町,1009-219,141.716926,43.378565
,樺戸郡月形町,1009-210,141.717245,43.378529
,樺戸郡月形町,1009-209,141.717817,43.378167
字札比内,樺戸郡月形町,1434-5,141.71791,43.378127
,樺戸郡月形町,1009-134,141.717739,43.37891
,樺戸郡月形町,1009-158,141.716935,43.379115
,樺戸郡月形町,1009-64,141.717153,43.378827
,樺戸郡月形町,1008-570,141.716734,43.378687
,樺戸郡月形町,1008-417,141.716541,43.378622
,樺戸郡月形町,1008-755,141.715944,43.379046
,樺戸郡月形町,1008-569,141.716179,43.379057
,樺戸郡月形町,1009-213,141.71689,43.378764
,樺戸郡月形町,1009-65,141.716478,43.379486
,樺戸郡月形町,1009-214,141.716114,43.379283
,樺戸郡月形町,1009-159,141.716309,43.37932
,樺戸郡月形町,1009-211,141.716309,43.379148
,樺戸郡月形町,1008-571,141.715929,43.379223
,樺戸郡月形町,1009-212,141.71532,43.379819
,樺戸郡月形町,1008-568,141.715831,43.379287
,樺戸郡月形町,1009-268,141.716733,43.378517
,樺戸郡月形町,1008-680,141.716213,43.378108
,樺戸郡月形町,1008-672,141.716653,43.377842
,樺戸郡月形町,1008-416,141.715125,43.377946
,樺戸郡月形町,1008-419,141.715733,43.379065
,樺戸郡月形町,1008-306,141.714729,43.378813
,樺戸郡月形町,1008-418,141.715081,43.379275
,樺戸郡月形町,1008-779,141.714942,43.379572
,樺戸郡月形町,1008-778,141.714796,43.379456
,樺戸郡月形町,1008-781,141.712571,43.377666
,樺戸郡月形町,1008-304,141.713279,43.37881
,樺戸郡月形町,1008-426,141.714037,43.380023
,樺戸郡月形町,1008-420,141.712211,43.379212
,樺戸郡月形町,1008-745,141.712479,43.37742
,樺戸郡月形町,1008-746,141.713013,43.377059
,樺戸郡月形町,1008-41,141.712859,43.376966
,樺戸郡月形町,1008-742,141.713091,43.376949
,樺戸郡月形町,1008-40,141.713166,43.376578
,樺戸郡月形町,1008-308,141.713756,43.376817
,樺戸郡月形町,1008-658,141.714093,43.377112
,樺戸郡月形町,1008-656,141.714166,43.377092
,樺戸郡月形町,1008-739,141.71381,43.376093
,樺戸郡月形町,1008-741,141.71368,43.376169
字豊ケ丘,樺戸郡月形町,1551-7,141.712712,43.375136
字豊ケ丘,樺戸郡月形町,1551-9,141.713446,43.374934
,樺戸郡月形町,1008-360,141.715107,43.375309
,樺戸郡月形町,1008-740,141.713917,43.375996
,樺戸郡月形町,1008-38,141.715373,43.374414
字豊ケ丘,樺戸郡月形町,1549-5,141.714038,43.373427
字豊ケ丘,樺戸郡月形町,1549-1,141.713118,43.373326
字豊ケ丘,樺戸郡月形町,1551-1,141.712924,43.374284
字豊ケ丘,樺戸郡月形町,1549-3,141.713012,43.372622
字豊ケ丘,樺戸郡月形町,1549-12,141.713607,43.372463
字豊ケ丘,樺戸郡月形町,1549-8,141.713606,43.372446
,樺戸郡月形町,1010-544,141.71379,43.372406
字豊ケ丘,樺戸郡月形町,1549-13,141.713295,43.372325
字豊ケ丘,樺戸郡月形町,1549-4,141.713271,43.372404
字豊ケ丘,樺戸郡月形町,1550-4,141.712709,43.372058
字豊ケ丘,樺戸郡月形町,1550-3,141.712553,43.37219
字豊ケ丘,樺戸郡月形町,1550-6,141.712782,43.372279
,樺戸郡月形町,1010-645,141.713074,43.372008
字豊ケ丘,樺戸郡月形町,1550-2,141.712661,43.372015
字豊ケ丘,樺戸郡月形町,1550-7,141.712466,43.371983
,樺戸郡月形町,1010-646,141.713591,43.371561
,樺戸郡月形町,1010-672,141.713454,43.371886
字豊ケ丘,樺戸郡月形町,1549-6,141.71315,43.37224
字豊ケ丘,樺戸郡月形町,1549-11,141.713147,43.37226
字豊ケ丘,樺戸郡月形町,1549-9,141.713316,43.372314
,樺戸郡月形町,3499,141.711796,43.371552
,樺戸郡月形町,1010-256,141.713217,43.372048
,樺戸郡月形町,1010-673,141.714179,43.371251
,樺戸郡月形町,1010-643,141.714598,43.370852
,樺戸郡月形町,1010-483,141.714537,43.371634
,樺戸郡月形町,1010-484,141.713911,43.372044
,樺戸郡月形町,1010-485,141.715494,43.371842
,樺戸郡月形町,1010-676,141.71496,43.372834
,樺戸郡月形町,1010-197,141.714736,43.372383
,樺戸郡月形町,1010-677,141.714408,43.372657
,樺戸郡月形町,道-7036,141.71518,43.373018
字豊ケ丘,樺戸郡月形町,1549-10,141.714041,43.372656
字豊ケ丘,樺戸郡月形町,1549-7,141.714105,43.372676
,樺戸郡月形町,1010-678,141.714505,43.372691
,樺戸郡月形町,1010-545,141.71448,43.372711
,樺戸郡月形町,1010-528,141.71535,43.37299
,樺戸郡月形町,1008-700,141.71579,43.373256
,樺戸郡月形町,1008-517,141.715792,43.373204
,樺戸郡月形町,1008-518,141.71597,43.373164
,樺戸郡月形町,1008-445,141.71611,43.373108
,樺戸郡月形町,1008-705,141.716154,43.373193
,樺戸郡月形町,1008-436,141.716596,43.373141
,樺戸郡月形町,1010-529,141.715717,43.372751
,樺戸郡月形町,1010-114,141.715563,43.372302
,樺戸郡月形町,水-7004,141.719918,43.369909
,樺戸郡月形町,1008-759,141.718084,43.372262
,樺戸郡月形町,1008-173,141.716859,43.372446
,樺戸郡月形町,1008-36,141.716971,43.372929
,樺戸郡月形町,1008-172,141.717842,43.372602
,樺戸郡月形町,1008-732,141.717929,43.372932
,樺戸郡月形町,1008-523,141.718234,43.372853
,樺戸郡月形町,1008-743,141.71891,43.373109
,樺戸郡月形町,1008-729,141.717635,43.373498
,樺戸郡月形町,1008-730,141.717439,43.373954
,樺戸郡月形町,1008-703,141.717464,43.374274
,樺戸郡月形町,1008-357,141.716835,43.373852
,樺戸郡月形町,1008-358,141.717014,43.373934
,樺戸郡月形町,1008-702,141.716952,43.373861
,樺戸郡月形町,1008-174,141.717327,43.373849
,樺戸郡月形町,1008-731,141.717295,43.373709
,樺戸郡月形町,1008-293,141.716463,43.373449
,樺戸郡月形町,1008-291,141.716558,43.373526
,樺戸郡月形町,1008-289,141.716797,43.3736
,樺戸郡月形町,1008-701,141.716768,43.373715
,樺戸郡月形町,1008-235,141.716798,43.373762
,樺戸郡月形町,1008-699,141.716372,43.373422
,樺戸郡月形町,1008-312,141.716857,43.374071
,樺戸郡月形町,1008-653,141.717082,43.375183
,樺戸郡月形町,1008-359,141.71689,43.374396
,樺戸郡月形町,1008-83,141.717398,43.374653
,樺戸郡月形町,1008-655,141.717553,43.374826
,樺戸郡月形町,1008-309,141.719958,43.376145
,樺戸郡月形町,1008-676,141.717907,43.375383
,樺戸郡月形町,1008-707,141.717929,43.374692
,樺戸郡月形町,1008-105,141.719605,43.375266
,樺戸郡月形町,1008-366,141.719231,43.374949
,樺戸郡月形町,1008-365,141.719572,43.374662
,樺戸郡月形町,1008-363,141.71876,43.374427
,樺戸郡月形町,1008-236,141.718772,43.374862
,樺戸郡月形町,1008-331,141.718527,43.373793
,樺戸郡月形町,1008-330,141.718586,43.373293
,樺戸郡月形町,1008-318,141.719582,43.373509
,樺戸郡月形町,1008-753,141.719382,43.373328
,樺戸郡月形町,1008-35,141.719606,43.374088
,樺戸郡月形町,1008-205,141.720559,43.373587
,樺戸郡月形町,1008-348,141.720974,43.37433
,樺戸郡月形町,1008-350,141.721099,43.375012
,樺戸郡月形町,1008-351,141.72003,43.374426
,樺戸郡月形町,1008-352,141.720378,43.374823
,樺戸郡月形町,1008-718,141.720321,43.375368
,樺戸郡月形町,1008-715,141.720441,43.375307
,樺戸郡月形町,1008-719,141.720397,43.375317
,樺戸郡月形町,1008-368,141.720747,43.375391
,樺戸郡月形町,1008-544,141.721637,43.375434
,樺戸郡月形町,1008-119,141.721769,43.374899
,樺戸郡月形町,1008-369,141.722201,43.37468
,樺戸郡月形町,1008-431,141.722542,43.37477
,樺戸郡月形町,1008-566,141.72248,43.374872
,樺戸郡月形町,1008-567,141.722586,43.374806
,樺戸郡月形町,1008-564,141.721868,43.375283
,樺戸郡月形町,1008-595,141.722376,43.375128
,樺戸郡月形町,1008-68,141.723708,43.375232
,樺戸郡月形町,1008-394,141.723185,43.374991
,樺戸郡月形町,1008-116,141.723693,43.374566
,樺戸郡月形町,1008-550,141.723418,43.374423
,樺戸郡月形町,1008-552,141.72324,43.374543
,樺戸郡月形町,1008-395,141.723518,43.374823
,樺戸郡月形町,1008-551,141.722995,43.374709
,樺戸郡月形町,1008-393,141.723182,43.374739
,樺戸郡月形町,1008-565,141.72282,43.374649
,樺戸郡月形町,1008-530,141.723902,43.374106
,樺戸郡月形町,1008-118,141.723995,43.374278
,樺戸郡月形町,1008-532,141.724038,43.374018
,樺戸郡月形町,1008-563,141.724312,43.373651
,樺戸郡月形町,1008-30,141.723573,43.37375
,樺戸郡月形町,1008-120,141.722735,43.374157
,樺戸郡月形町,1008-349,141.721619,43.374508
,樺戸郡月形町,1008-372,141.721319,43.373921
,樺戸郡月形町,1008-33,141.721405,43.374078
,樺戸郡月形町,1008-31,141.722418,43.372705
,樺戸郡月形町,1008-175,141.723221,43.373168
,樺戸郡月形町,1008-29,141.724651,43.373078
,樺戸郡月形町,1008-157,141.723301,43.372385
,樺戸郡月形町,1008-98,141.723833,43.371356
,樺戸郡月形町,1008-374,141.722088,43.372092
,樺戸郡月形町,1008-32,141.721691,43.371277
,樺戸郡月形町,1008-321,141.720599,43.371812
,樺戸郡月形町,1008-752,141.721097,43.372283
,樺戸郡月形町,1008-373,141.721208,43.372525
,樺戸郡月形町,1008-751,141.720701,43.372744
,樺戸郡月形町,1008-206,141.720843,43.37293
,樺戸郡月形町,1008-326,141.719694,43.373437
,樺戸郡月形町,1008-754,141.720089,43.373144
,樺戸郡月形町,1008-325,141.720192,43.373093
,樺戸郡月形町,1008-375,141.719746,43.373227
,樺戸郡月形町,1008-750,141.719177,43.373159
,樺戸郡月形町,1008-408,141.718713,43.373099
,樺戸郡月形町,1008-371,141.718581,43.372917
,樺戸郡月形町,1008-728,141.718425,43.372622
,樺戸郡月形町,1008-757,141.718475,43.372616
,樺戸郡月形町,1008-758,141.718581,43.372667
,樺戸郡月形町,1008-34,141.719861,43.372193
,樺戸郡月形町,1008-162,141.719246,43.371604
,樺戸郡月形町,1008-161,141.718529,43.371956
字豊ケ丘,樺戸郡月形町,1731-3,141.71913,43.369789
字豊ケ丘,樺戸郡月形町,1731-7,141.718868,43.369317
,樺戸郡月形町,1008-155,141.72093,43.370746
,樺戸郡月形町,1008-156,141.720463,43.370246
,樺戸郡月形町,1008-128,141.7229,43.370931
,樺戸郡月形町,長狭物不明-41,141.724309,43.369927
,樺戸郡月形町,1008-712,141.72231,43.368793
,樺戸郡月形町,1010-18,141.719048,43.367522
,樺戸郡月形町,1010-600,141.715874,43.367278
,樺戸郡月形町,1010-759,141.715484,43.367558
,樺戸郡月形町,1010-758,141.71548,43.367758
,樺戸郡月形町,1010-742,141.715567,43.367506
,樺戸郡月形町,1010-599,141.715716,43.367387
,樺戸郡月形町,1010-602,141.715627,43.367653
,樺戸郡月形町,1010-663,141.715572,43.367932
,樺戸郡月形町,1010-662,141.716457,43.368181
,樺戸郡月形町,1010-666,141.716867,43.36846
,樺戸郡月形町,1010-664,141.717013,43.36852
,樺戸郡月形町,1010-261,141.71528,43.367872
,樺戸郡月形町,1010-260,141.715926,43.368649
字豊ケ丘,樺戸郡月形町,1731-15,141.716747,43.368977
,樺戸郡月形町,1010-471,141.716905,43.368606
字豊ケ丘,樺戸郡月形町,1731-12,141.717336,43.369576
字豊ケ丘,樺戸郡月形町,1731-6,141.716507,43.369539
字豊ケ丘,樺戸郡月形町,1731-4,141.718331,43.36956
字豊ケ丘,樺戸郡月形町,1731-2,141.718223,43.370522
字豊ケ丘,樺戸郡月形町,1731-10,141.718076,43.370933
字豊ケ丘,樺戸郡月形町,1731-1,141.717356,43.370708
,樺戸郡月形町,1010-115,141.716273,43.37119
,樺戸郡月形町,1010-649,141.715355,43.370171
,樺戸郡月形町,道-39,141.715326,43.370119
字豊ケ丘,樺戸郡月形町,1731-8,141.715625,43.370107
字豊ケ丘,樺戸郡月形町,1731-13,141.715511,43.370034
,樺戸郡月形町,1010-644,141.715318,43.37004
字豊ケ丘,樺戸郡月形町,1731-5,141.715875,43.369884
字豊ケ丘,樺戸郡月形町,1731-14,141.715588,43.369961
字豊ケ丘,樺戸郡月形町,1731-11,141.716026,43.370208
字豊ケ丘,樺戸郡月形町,1731-9,141.716119,43.369649
,樺戸郡月形町,1010-665,141.716099,43.369355
,樺戸郡月形町,1010-668,141.716063,43.369383
字豊ケ丘,樺戸郡月形町,1731-16,141.716124,43.369494
,樺戸郡月形町,1010-124,141.71458,43.369449
,樺戸郡月形町,1010-648,141.714965,43.37051
,樺戸郡月形町,1010-482,141.715233,43.370696
,樺戸郡月形町,1010-647,141.714326,43.370922
,樺戸郡月形町,1010-476,141.714113,43.370839
,樺戸郡月形町,1010-477,141.713747,43.370334
,樺戸郡月形町,1010-478,141.713323,43.370427
,樺戸郡月形町,1010-122,141.713119,43.371448
,樺戸郡月形町,1010-203,141.7129,43.371029
,樺戸郡月形町,1010-479,141.712815,43.370565
,樺戸郡月形町,1010-480,141.712151,43.371044
,樺戸郡月形町,1010-159,141.713601,43.37006
,樺戸郡月形町,1010-125,141.712374,43.369028
,樺戸郡月形町,1010-472,141.713394,43.369633
,樺戸郡月形町,1010-474,141.713035,43.36894
,樺戸郡月形町,1010-473,141.713592,43.368289
,樺戸郡月形町,1010-468,141.713858,43.36777
,樺戸郡月形町,1010-469,141.714583,43.36771
,樺戸郡月形町,1010-126,141.714685,43.368168
,樺戸郡月形町,1010-470,141.71441,43.367099
字豊ケ丘,樺戸郡月形町,1642-3,141.713925,43.367307
字豊ケ丘,樺戸郡月形町,1642-1,141.7135,43.367451
字豊ケ丘,樺戸郡月形町,1642-2,141.713272,43.367894
字豊ケ丘,樺戸郡月形町,水-141,141.713102,43.368013
字豊ケ丘,樺戸郡月形町,1641-1,141.712977,43.367043
字豊ケ丘,樺戸郡月形町,1641-6,141.712651,43.367342
字豊ケ丘,樺戸郡月形町,1641-2,141.712225,43.367083
字豊ケ丘,樺戸郡月形町,1641-10,141.711099,43.367849
字豊ケ丘,樺戸郡月形町,1641-5,141.712706,43.367736
字豊ケ丘,樺戸郡月形町,1641-9,141.712035,43.36817
字豊ケ丘,樺戸郡月形町,1640-6,141.710797,43.368676
字豊ケ丘,樺戸郡月形町,1640-5,141.710231,43.368936
字豊ケ丘,樺戸郡月形町,1640-4,141.710082,43.368176
字豊ケ丘,樺戸郡月形町,1640-11,141.709533,43.36802
字豊ケ丘,樺戸郡月形町,1640-18,141.709433,43.367857
字豊ケ丘,樺戸郡月形町,1641-4,141.710313,43.367421
,樺戸郡月形町,1010-160,141.707671,43.367208
字豊ケ丘,樺戸郡月形町,1572-3,141.709047,43.367398
字豊ケ丘,樺戸郡月形町,1572-6,141.708857,43.367892
字豊ケ丘,樺戸郡月形町,1572-2,141.708424,43.367395
字豊ケ丘,樺戸郡月形町,1572-4,141.708363,43.367486
字豊ケ丘,樺戸郡月形町,1572-5,141.708879,43.367581
字豊ケ丘,樺戸郡月形町,1572-7,141.708694,43.367364
字豊ケ丘,樺戸郡月形町,1572-1,141.708034,43.367986
,樺戸郡月形町,道-41,141.710414,43.370732
,樺戸郡月形町,1010-549,141.710639,43.370825
,樺戸郡月形町,1010-547,141.710599,43.370748
字豊ケ丘,樺戸郡月形町,1640-9,141.710516,43.370339
字豊ケ丘,樺戸郡月形町,1640-12,141.710475,43.370436
字豊ケ丘,樺戸郡月形町,道-300,141.710281,43.370269
字豊ケ丘,樺戸郡月形町,1640-8,141.711161,43.369755
字豊ケ丘,樺戸郡月形町,1640-2,141.710709,43.369607
字豊ケ丘,樺戸郡月形町,1640-7W1,141.711781,43.369143
,樺戸郡月形町,1010-123,141.711962,43.369537
,樺戸郡月形町,水-24,141.711485,43.371342
,樺戸郡月形町,1010-481,141.712292,43.370224
,樺戸郡月形町,1010-475,141.710937,43.37081
,樺戸郡月形町,1010-121,141.711181,43.370361
,樺戸郡月形町,1010-550,141.711314,43.371169
,樺戸郡月形町,1010-120,141.711685,43.371221
,樺戸郡月形町,1010-546,141.712171,43.371589
字豊ケ丘,樺戸郡月形町,1552-3,141.711469,43.373194
字豊ケ丘,樺戸郡月形町,1550-1,141.711871,43.372609
字豊ケ丘,樺戸郡月形町,1550-5,141.712254,43.372831
字豊ケ丘,樺戸郡月形町,1552-5,141.711755,43.373352
字豊ケ丘,樺戸郡月形町,1549-2,141.711809,43.373499
字豊ケ丘,樺戸郡月形町,1552-1,141.710995,43.373687
字豊ケ丘,樺戸郡月形町,1551-5,141.711546,43.373951
字豊ケ丘,樺戸郡月形町,1551-4,141.711457,43.374146
字豊ケ丘,樺戸郡月形町,1552-6,141.711252,43.373872
字豊ケ丘,樺戸郡月形町,1552-7,141.71087,43.374272
字豊ケ丘,樺戸郡月形町,1551-6,141.71196,43.374038
字豊ケ丘,樺戸郡月形町,1551-3,141.711831,43.37396
字豊ケ丘,樺戸郡月形町,1551-8,141.711801,43.374481
字豊ケ丘,樺戸郡月形町,1553-6,141.710993,43.37478
字豊ケ丘,樺戸郡月形町,1554-3,141.710334,43.374833
字豊ケ丘,樺戸郡月形町,3501,141.710008,43.3753
字豊ケ丘,樺戸郡月形町,1553-8,141.710615,43.374729
字豊ケ丘,樺戸郡月形町,1553-4,141.710792,43.375468
字豊ケ丘,樺戸郡月形町,1553-3,141.71046,43.375376
字豊ケ丘,樺戸郡月形町,1553-5,141.71014,43.37538
字豊ケ丘,樺戸郡月形町,1553-9,141.710208,43.375158
字豊ケ丘,樺戸郡月形町,1553-10,141.710315,43.375047
字豊ケ丘,樺戸郡月形町,1553-11,141.71009,43.375281
字豊ケ丘,樺戸郡月形町,1554-1,141.709876,43.374965
字豊ケ丘,樺戸郡月形町,1552-4,141.71097,43.373221
字豊ケ丘,樺戸郡月形町,1556-4,141.709332,43.375352
字豊ケ丘,樺戸郡月形町,1552-2,141.708909,43.375212
字豊ケ丘,樺戸郡月形町,1573-1,141.705847,43.366575
字豊ケ丘,樺戸郡月形町,1574-7,141.70562,43.36526
,樺戸郡月形町,1010-688,141.704126,43.364107
,樺戸郡月形町,1010-542,141.704181,43.36422
字豊ケ丘,樺戸郡月形町,1010-694,141.704195,43.364178
字豊ケ丘,樺戸郡月形町,1574-6,141.705039,43.364844
字豊ケ丘,樺戸郡月形町,道-296,141.704599,43.364637
字豊ケ丘,樺戸郡月形町,1574-4,141.705902,43.364224
字豊ケ丘,樺戸郡月形町,1574-2,141.704883,43.364321
,樺戸郡月形町,1010-765,141.70568,43.363213
,樺戸郡月形町,道-2,141.705611,43.363212
,樺戸郡月形町,1010-498,141.704638,43.363665
字豊ケ丘,樺戸郡月形町,道-295,141.704927,43.36381
,樺戸郡月形町,1010-689,141.703693,43.36386
,樺戸郡月形町,1010-540,141.70342,43.363668
,樺戸郡月形町,1010-690,141.70354,43.36367
,樺戸郡月形町,1010-499,141.703283,43.363238
,樺戸郡月形町,1010-598,141.702343,43.363056
字豊ケ丘,樺戸郡月形町,1010-695,141.702367,43.363019
,樺戸郡月形町,1010-691,141.702353,43.362977
,樺戸郡月形町,道-5,141.701747,43.362857
,樺戸郡月形町,1010-543,141.703366,43.363647
字豊ケ丘,樺戸郡月形町,1575-5,141.700628,43.362125
字豊ケ丘,樺戸郡月形町,1576-4,141.700869,43.362167
字豊ケ丘,樺戸郡月形町,1575-9,141.700909,43.362252
字豊ケ丘,樺戸郡月形町,1576-2,141.701188,43.362316
字豊ケ丘,樺戸郡月形町,1575-2,141.701611,43.362643
,樺戸郡月形町,1010-596,141.702262,43.362977
,樺戸郡月形町,1010-692,141.701988,43.362842
字豊ケ丘,樺戸郡月形町,1576,141.701705,43.361762
,樺戸郡月形町,1010-67,141.702918,43.359797
,樺戸郡月形町,1010-675,141.702799,43.358678
,樺戸郡月形町,1010-272,141.703721,43.35887
,樺戸郡月形町,1010-273,141.705386,43.359236
,樺戸郡月形町,1010-270,141.706101,43.359699
,樺戸郡月形町,1010-63,141.705151,43.360198
,樺戸郡月形町,1010-390,141.70585,43.360767
,樺戸郡月形町,1010-62,141.705578,43.361453
,樺戸郡月形町,1010-144,141.702946,43.362276
,樺戸郡月形町,1010-764,141.706034,43.362773
,樺戸郡月形町,1010-719,141.706459,43.362361
,樺戸郡月形町,1010-718,141.706552,43.362485
,樺戸郡月形町,1010-59,141.708134,43.362147
,樺戸郡月形町,1010-60,141.709193,43.361433
,樺戸郡月形町,1010-271,141.706976,43.36121
,樺戸郡月形町,1010-391,141.7073,43.360634
,樺戸郡月形町,1010-269,141.707654,43.360319
,樺戸郡月形町,1010-392,141.707411,43.359999
,樺戸郡月形町,1010-64,141.707663,43.358836
,樺戸郡月形町,1010-384,141.708931,43.359635
,樺戸郡月形町,1010-382,141.708719,43.359909
,樺戸郡月形町,1010-61,141.709237,43.360531
,樺戸郡月形町,1010-211,141.709982,43.361128
,樺戸郡月形町,1010-208,141.710617,43.360828
,樺戸郡月形町,1010-734,141.710212,43.360042
,樺戸郡月形町,1010-274,141.710732,43.36018
,樺戸郡月形町,1010-402,141.710543,43.359995
,樺戸郡月形町,1010-399,141.709875,43.359867
,樺戸郡月形町,1010-383,141.709478,43.359697
,樺戸郡月形町,1010-398,141.709645,43.359608
,樺戸郡月形町,1010-736,141.709923,43.359568
,樺戸郡月形町,1010-385,141.709288,43.359852
,樺戸郡月形町,1010-215,141.709908,43.358495
,樺戸郡月形町,1010-210,141.710219,43.359389
,樺戸郡月形町,1010-209,141.710991,43.358856
,樺戸郡月形町,1010-762,141.711418,43.3585
,樺戸郡月形町,1010-51,141.712539,43.359246
,樺戸郡月形町,1010-303,141.711545,43.358724
,樺戸郡月形町,水-19,141.710235,43.358375
,樺戸郡月形町,1010-403,141.711535,43.360067
,樺戸郡月形町,1010-400,141.711438,43.360548
,樺戸郡月形町,1010-302,141.710922,43.360408
,樺戸郡月形町,1010-735,141.710866,43.360703
,樺戸郡月形町,1010-401,141.712365,43.360901
,樺戸郡月形町,1010-739,141.712222,43.360999
,樺戸郡月形町,1010-397,141.710945,43.361597
,樺戸郡月形町,1010-396,141.710814,43.361246
,樺戸郡月形町,1010-395,141.710485,43.361661
,樺戸郡月形町,1010-5,141.711893,43.363365
,樺戸郡月形町,1010-42,141.711719,43.364862
,樺戸郡月形町,1010-44,141.709993,43.363424
,樺戸郡月形町,1010-213,141.710797,43.36236
,樺戸郡月形町,1010-7,141.705312,43.362477
,樺戸郡月形町,1010-465,141.707793,43.363087
,樺戸郡月形町,1010-792,141.708219,43.36392
字豊ケ丘,樺戸郡月形町,1573-7,141.707911,43.364854
字豊ケ丘,樺戸郡月形町,1573-6,141.70669,43.364427
字豊ケ丘,樺戸郡月形町,1573-5,141.707118,43.365163
字豊ケ丘,樺戸郡月形町,1573-8,141.707477,43.366576
字豊ケ丘,樺戸郡月形町,1573-4,141.706667,43.365775
字豊ケ丘,樺戸郡月形町,1573-11,141.707608,43.366535
字豊ケ丘,樺戸郡月形町,1573-3,141.706603,43.366086
字豊ケ丘,樺戸郡月形町,1573-9,141.705744,43.365604
字豊ケ丘,樺戸郡月形町,1573-10,141.707279,43.366767
,樺戸郡月形町,1010-134,141.708836,43.366051
,樺戸郡月形町,1010-238,141.710142,43.36621
字豊ケ丘,樺戸郡月形町,1641-3,141.711253,43.366731
字豊ケ丘,樺戸郡月形町,1641-7,141.71268,43.366881
字豊ケ丘,樺戸郡月形町,1641-8,141.712487,43.366713
,樺戸郡月形町,水-20,141.713451,43.366914
,樺戸郡月形町,1010-171,141.714259,43.366941
,樺戸郡月形町,1010-188,141.714579,43.3663
,樺戸郡月形町,1010-33,141.713697,43.365846
,樺戸郡月形町,1010-464,141.714776,43.365849
,樺戸郡月形町,1010-98,141.712631,43.364741
,樺戸郡月形町,1010-40,141.713089,43.365064
,樺戸郡月形町,1010-731,141.71361,43.364296
,樺戸郡月形町,1010-43,141.712309,43.364419
,樺戸郡月形町,1010-732,141.713639,43.36374
,樺戸郡月形町,1010-463,141.713295,43.36388
,樺戸郡月形町,1010-275,141.71408,43.363724
,樺戸郡月形町,1010-277,141.714294,43.363916
,樺戸郡月形町,1010-446,141.714446,43.363859
,樺戸郡月形町,1010-756,141.714283,43.363548
,樺戸郡月形町,1010-467,141.714326,43.363645
,樺戸郡月形町,1010-781,141.713832,43.363546
,樺戸郡月形町,1010-782,141.71384,43.363447
,樺戸郡月形町,1010-276,141.714436,43.363395
,樺戸郡月形町,1010-268,141.714463,43.363592
,樺戸郡月形町,1010-34,141.714163,43.365477
,樺戸郡月形町,1010-779,141.715486,43.364748
,樺戸郡月形町,1010-780,141.715505,43.364737
,樺戸郡月形町,1010-776,141.715476,43.364719
,樺戸郡月形町,1010-778,141.715965,43.365017
,樺戸郡月形町,1010-279,141.716159,43.364658
,樺戸郡月形町,1010-445,141.715814,43.364438
,樺戸郡月形町,1010-278,141.715304,43.36388
,樺戸郡月形町,1010-35,141.716753,43.363676
,樺戸郡月形町,1010-240,141.717823,43.363231
,樺戸郡月形町,1010-635,141.718205,43.363634
,樺戸郡月形町,1010-774,141.718161,43.363847
,樺戸郡月形町,1010-618,141.717613,43.364343
,樺戸郡月形町,1010-449,141.71751,43.364395
,樺戸郡月形町,1010-747,141.717683,43.364286
,樺戸郡月形町,1010-626,141.717666,43.364117
,樺戸郡月形町,1010-494,141.717655,43.36418
,樺戸郡月形町,1010-280,141.71744,43.363984
,樺戸郡月形町,1010-447,141.717402,43.36423
,樺戸郡月形町,1010-628,141.717468,43.364308
,樺戸郡月形町,1010-627,141.717425,43.364361
,樺戸郡月形町,1010-745,141.717469,43.364637
,樺戸郡月形町,1010-617,141.717364,43.364617
,樺戸郡月形町,1010-443,141.716907,43.364111
,樺戸郡月形町,1010-448,141.716654,43.365199
,樺戸郡月形町,1010-620,141.717229,43.364889
,樺戸郡月形町,1010-744,141.717411,43.364842
,樺戸郡月形町,1010-250,141.717504,43.364901
,樺戸郡月形町,1010-289,141.718131,43.364749
,樺戸郡月形町,1010-751,141.717305,43.365605
,樺戸郡月形町,1010-754,141.717246,43.365767
,樺戸郡月形町,1010-727,141.717222,43.365738
,樺戸郡月形町,1010-746,141.717231,43.365792
,樺戸郡月形町,1010-621,141.717057,43.365823
,樺戸郡月形町,1010-670,141.717147,43.365741
,樺戸郡月形町,1010-771,141.716602,43.365394
,樺戸郡月形町,1010-615,141.717437,43.365343
,樺戸郡月形町,1010-752,141.717333,43.365338
,樺戸郡月形町,1010-616,141.717223,43.365525
,樺戸郡月形町,1010-726,141.717613,43.364827
,樺戸郡月形町,1010-283,141.717667,43.365359
,樺戸郡月形町,1010-619,141.717445,43.365079
,樺戸郡月形町,1010-753,141.717362,43.365144
,樺戸郡月形町,1010-247,141.716937,43.365351
,樺戸郡月形町,1010-669,141.716739,43.365497
,樺戸郡月形町,1010-772,141.716451,43.365301
,樺戸郡月形町,1010-777,141.715558,43.364789
,樺戸郡月形町,1010-265,141.71553,43.365383
,樺戸郡月形町,1010-264,141.715063,43.365649
,樺戸郡月形町,1010-26,141.715795,43.366273
,樺戸郡月形町,1010-458,141.716861,43.365818
,樺戸郡月形町,1010-457,141.716549,43.365707
,樺戸郡月形町,1010-286,141.716662,43.366393
,樺戸郡月形町,1010-749,141.716711,43.366372
,樺戸郡月形町,1010-623,141.716557,43.366518
,樺戸郡月形町,1010-614,141.716297,43.366592
,樺戸郡月形町,1010-267,141.715919,43.366731
,樺戸郡月形町,1010-761,141.715984,43.366838
,樺戸郡月形町,1010-743,141.71582,43.367149
,樺戸郡月形町,1010-760,141.715787,43.367209
,樺戸郡月形町,1010-604,141.716033,43.367067
,樺戸郡月形町,1010-667,141.716139,43.366759
,樺戸郡月形町,1010-748,141.716395,43.366728
,樺戸郡月形町,1010-622,141.716254,43.366868
,樺戸郡月形町,1010-460,141.716554,43.366846
,樺戸郡月形町,1010-461,141.716745,43.366565
,樺戸郡月形町,1010-750,141.716903,43.366169
,樺戸郡月形町,1010-462,141.71724,43.366146
,樺戸郡月形町,1010-287,141.717816,43.366908
,樺戸郡月形町,1010-450,141.71874,43.365039
,樺戸郡月形町,1010-27,141.719068,43.365847
,樺戸郡月形町,1010-19,141.720945,43.366969
,樺戸郡月形町,1010-20,141.72198,43.365434
,樺戸郡月形町,1010-21,141.723463,43.364088
,樺戸郡月形町,1010-29,141.721843,43.363579
,樺戸郡月形町,1010-28,141.720486,43.364514
,樺戸郡月形町,1010-773,141.71795,43.364005
,樺戸郡月形町,1010-671,141.718453,43.363449
,樺戸郡月形町,1010-239,141.719186,43.363771
,樺戸郡月形町,1010-775,141.719304,43.36288
,樺戸郡月形町,1010-636,141.719042,43.362904
,樺戸郡月形町,1010-637,141.718667,43.36323
,樺戸郡月形町,1010-610,141.718281,43.36373
,樺戸郡月形町,1010-495,141.718825,43.36321
,樺戸郡月形町,1010-284,141.718561,43.363391
,樺戸郡月形町,1010-440,141.718433,43.362656
,樺戸郡月形町,1010-634,141.719404,43.362577
,樺戸郡月形町,1010-496,141.719533,43.362589
,樺戸郡月形町,1010-607,141.719773,43.362443
,樺戸郡月形町,1010-631,141.719365,43.362632
,樺戸郡月形町,1010-624,141.719922,43.362114
,樺戸郡月形町,1010-434,141.719171,43.361879
,樺戸郡月形町,1010-435,141.719002,43.362317
,樺戸郡月形町,1010-37,141.71945,43.361294
,樺戸郡月形町,1010-58,141.718701,43.360223
,樺戸郡月形町,1010-436,141.719862,43.361796
,樺戸郡月形町,1010-517,141.720432,43.361802
,樺戸郡月形町,1010-625,141.720366,43.3617
,樺戸郡月形町,1010-437,141.720341,43.361376
,樺戸郡月形町,1010-438,141.720421,43.36149
,樺戸郡月形町,1010-38,141.720873,43.36095
,樺戸郡月形町,1010-609,141.720642,43.361726
,樺戸郡月形町,1010-229,141.720864,43.361973
,樺戸郡月形町,1010-632,141.720133,43.361928
,樺戸郡月形町,1010-518,141.720001,43.362129
,樺戸郡月形町,1010-608,141.72031,43.362001
,樺戸郡月形町,1010-497,141.720045,43.362141
,樺戸郡月形町,1010-611,141.719819,43.362373
,樺戸郡月形町,1010-228,141.720392,43.36235
,樺戸郡月形町,1010-230,141.720211,43.362618
,樺戸郡月形町,1010-227,141.719912,43.362813
,樺戸郡月形町,1010-452,141.720948,43.362378
,樺戸郡月形町,1010-453,141.721205,43.362493
,樺戸郡月形町,1010-451,141.720716,43.363114
,樺戸郡月形町,1010-30,141.722707,43.361563
,樺戸郡月形町,1010-612,141.722233,43.360314
,樺戸郡月形町,1010-630,141.721718,43.360512
,樺戸郡月形町,1010-520,141.721504,43.360809
,樺戸郡月形町,1010-519,141.721371,43.360976
,樺戸郡月形町,1010-629,141.722078,43.360193
,樺戸郡月形町,1010-633,141.721842,43.360385
,樺戸郡月形町,1010-613,141.722354,43.360191
,樺戸郡月形町,1010-455,141.722972,43.359576
,樺戸郡月形町,1010-454,141.722574,43.359871
,樺戸郡月形町,1010-606,141.722186,43.360102
,樺戸郡月形町,1010-39,141.722347,43.359576
,樺戸郡月形町,1010-146,141.721681,43.359032
,樺戸郡月形町,1010-430,141.721268,43.360214
,樺戸郡月形町,1010-431,141.720488,43.361145
,樺戸郡月形町,1010-429,141.720163,43.359971
,樺戸郡月形町,1010-433,141.718913,43.360639
,樺戸郡月形町,1010-427,141.718485,43.359911
,樺戸郡月形町,1010-428,141.719072,43.359856
,樺戸郡月形町,1010-551,141.718844,43.359129
,樺戸郡月形町,1010-539,141.717008,43.359004
,樺戸郡月形町,1010-660,141.715698,43.358989
,樺戸郡月形町,1010-659,141.715586,43.36032
,樺戸郡月形町,1010-47,141.71685,43.359881
,樺戸郡月形町,1010-432,141.71785,43.360974
,樺戸郡月形町,1010-441,141.718107,43.362877
,樺戸郡月形町,1010-658,141.717393,43.361914
,樺戸郡月形町,1010-36,141.71685,43.363
,樺戸郡月形町,1010-439,141.716274,43.362799
,樺戸郡月形町,1010-444,141.715539,43.362815
,樺戸郡月形町,1010-307,141.715366,43.362512
,樺戸郡月形町,1010-725,141.714717,43.361281
,樺戸郡月形町,1010-407,141.714255,43.361149
,樺戸郡月形町,1010-412,141.71469,43.361141
,樺戸郡月形町,1010-305,141.713998,43.361689
,樺戸郡月形町,1010-408,141.714664,43.361888
,樺戸郡月形町,1010-409,141.715153,43.361539
,樺戸郡月形町,1010-306,141.715376,43.362761
,樺戸郡月形町,1010-281,141.714245,43.36254
,樺戸郡月形町,1010-405,141.713752,43.362053
,樺戸郡月形町,1010-406,141.7138,43.363124
,樺戸郡月形町,1010-45,141.712807,43.361633
,樺戸郡月形町,1010-757,141.713981,43.363277
,樺戸郡月形町,1010-738,141.713068,43.362652
,樺戸郡月形町,1010-394,141.712491,43.362429
,樺戸郡月形町,1010-733,141.712387,43.361221
,樺戸郡月形町,1010-404,141.713503,43.36176
,樺戸郡月形町,1010-304,141.712694,43.360907
,樺戸郡月形町,1010-282,141.712685,43.360197
,樺戸郡月形町,1010-46,141.713507,43.360842
,樺戸郡月形町,1010-411,141.71467,43.360811
,樺戸郡月形町,1010-410,141.715021,43.360604
,樺戸郡月形町,1010-661,141.714943,43.359378
,樺戸郡月形町,1010-52,141.712714,43.358348
,樺戸郡月形町,1010-415,141.714302,43.358593
,樺戸郡月形町,1010-416,141.715197,43.358408
,樺戸郡月形町,1010-414,141.713697,43.357979
,樺戸郡月形町,1010-57,141.71389,43.354804
,樺戸郡月形町,1010-56,141.713207,43.355677
,樺戸郡月形町,1010-418,141.714565,43.355137
,樺戸郡月形町,1010-420,141.715025,43.355431
,樺戸郡月形町,1010-419,141.714493,43.35564
,樺戸郡月形町,1010-417,141.713335,43.35636
,樺戸郡月形町,1010-54,141.713844,43.356425
,樺戸郡月形町,1010-425,141.716529,43.355981
,樺戸郡月形町,1010-423,141.715244,43.355762
,樺戸郡月形町,1010-421,141.715579,43.355557
,樺戸郡月形町,1010-422,141.715359,43.355135
,樺戸郡月形町,1010-766,141.716251,43.354709
字アッカラウスナイ,樺戸郡月形町,1881,141.71656,43.354754
,樺戸郡月形町,1010-320,141.716068,43.354901
,樺戸郡月形町,1010-424,141.716467,43.355487
字アッカラウスナイ,樺戸郡月形町,1874-1,141.717948,43.355506
字アッカラウスナイ,樺戸郡月形町,1874-3,141.717044,43.354847
字厚軽臼内,樺戸郡月形町,222-22,141.717566,43.354942
字厚軽臼内,樺戸郡月形町,222-6,141.717531,43.355036
字厚軽臼内,樺戸郡月形町,222-23,141.717905,43.354999
字厚軽臼内,樺戸郡月形町,222-9,141.718018,43.355236
,樺戸郡月形町,1010-535,141.717338,43.357392
,樺戸郡月形町,1010-53,141.715455,43.356898
,樺戸郡月形町,1010-538,141.71767,43.357761
,樺戸郡月形町,1010-537,141.717823,43.357855
,樺戸郡月形町,1010-536,141.718243,43.357936
,樺戸郡月形町,1010-554,141.718877,43.35814
,樺戸郡月形町,1010-553,141.718808,43.358497
,樺戸郡月形町,1010-48,141.718961,43.358672
,樺戸郡月形町,1010-555,141.718413,43.358237
字厚軽臼内,樺戸郡月形町,602-10,141.720521,43.357445
,樺戸郡月形町,1010-313,141.71947,43.357036
字厚軽臼内,樺戸郡月形町,602-11,141.720101,43.357175
字厚軽臼内,樺戸郡月形町,602-6,141.720109,43.357094
字アッカラウスナイ,樺戸郡月形町,1877-2,141.719988,43.357103
字アッカラウスナイ,樺戸郡月形町,1877-1,141.719788,43.356812
字アッカラウスナイ,樺戸郡月形町,1879-1,141.720709,43.35746
字アッカラウスナイ,樺戸郡月形町,1879-2,141.721313,43.357928
,樺戸郡月形町,1010-552,141.720238,43.357909
,樺戸郡月形町,1010-426,141.719857,43.35818
,樺戸郡月形町,1010-147,141.720614,43.358552
字アッカラウスナイ,樺戸郡月形町,1880-2,141.721565,43.358007
字アッカラウスナイ,樺戸郡月形町,1880-1,141.722357,43.358209
字厚軽臼内,樺戸郡月形町,無地番-7020,141.72252,43.358347
字厚軽臼内,樺戸郡月形町,800-9,141.722594,43.358392
字厚軽臼内,樺戸郡月形町,805-2,141.723233,43.357258
字厚軽臼内,樺戸郡月形町,805-1,141.723142,43.357325
字厚軽臼内,樺戸郡月形町,800-5,141.723719,43.357522
字厚軽臼内,樺戸郡月形町,801-4,141.722921,43.357164
字厚軽臼内,樺戸郡月形町,801-1,141.722383,43.357052
字厚軽臼内,樺戸郡月形町,801-2,141.721867,43.35671
字厚軽臼内,樺戸郡月形町,801-3,141.721077,43.35698
字厚軽臼内,樺戸郡月形町,602-17,141.721274,43.355773
字厚軽臼内,樺戸郡月形町,602-12,141.721288,43.355724
字厚軽臼内,樺戸郡月形町,801-17,141.721885,43.355879
字厚軽臼内,樺戸郡月形町,801-11,141.721978,43.355839
字厚軽臼内,樺戸郡月形町,801-20,141.721879,43.355729
字厚軽臼内,樺戸郡月形町,801-13,141.722352,43.355963
字厚軽臼内,樺戸郡月形町,801-9,141.722372,43.35591
字厚軽臼内,樺戸郡月形町,801-18,141.722438,43.355825
字厚軽臼内,樺戸郡月形町,800-12,141.723974,43.356166
字厚軽臼内,樺戸郡月形町,無地番-7021,141.723868,43.356215
字厚軽臼内,樺戸郡月形町,801-16,141.723547,43.356167
字厚軽臼内,樺戸郡月形町,801-14,141.723524,43.356093
字厚軽臼内,樺戸郡月形町,801-21,141.723779,43.356049
字厚軽臼内,樺戸郡月形町,808,141.723948,43.356088
字厚軽臼内,樺戸郡月形町,801-12,141.723311,43.356075
字厚軽臼内,樺戸郡月形町,801-19,141.723233,43.355965
字厚軽臼内,樺戸郡月形町,801-10,141.722798,43.355985
字厚軽臼内,樺戸郡月形町,801-15,141.723177,43.35611
字厚軽臼内,樺戸郡月形町,801-5,141.723334,43.355547
字厚軽臼内,樺戸郡月形町,801-8,141.723856,43.355666
字厚軽臼内,樺戸郡月形町,706,141.724239,43.35491
字厚軽臼内,樺戸郡月形町,801-6,141.722674,43.355242
字厚軽臼内,樺戸郡月形町,801-7,141.722025,43.355521
字厚軽臼内,樺戸郡月形町,602-19,141.721362,43.355641
字厚軽臼内,樺戸郡月形町,602-7,141.721672,43.355159
字厚軽臼内,樺戸郡月形町,602-8,141.721043,43.354891
字厚軽臼内,樺戸郡月形町,602-9,141.720299,43.354706
字厚軽臼内,樺戸郡月形町,602-20,141.720134,43.355421
字厚軽臼内,樺戸郡月形町,602-15,141.720163,43.355503
字厚軽臼内,樺戸郡月形町,602-21,141.720186,43.355528
字厚軽臼内,樺戸郡月形町,602-14,141.720298,43.355548
字厚軽臼内,樺戸郡月形町,602-22,141.720636,43.355513
字厚軽臼内,樺戸郡月形町,602-18,141.720576,43.355655
字厚軽臼内,樺戸郡月形町,602-1,141.72092,43.356313
字厚軽臼内,樺戸郡月形町,602-2,141.72018,43.356206
字厚軽臼内,樺戸郡月形町,602-5,141.719921,43.356617
字厚軽臼内,樺戸郡月形町,道-7110-2,141.719086,43.355781
字厚軽臼内,樺戸郡月形町,602-3,141.719514,43.355883
字アッカラウスナイ,樺戸郡月形町,道-7106,141.720032,43.357291
字アッカルシュナイ,樺戸郡月形町,1876,141.719197,43.356384
,樺戸郡月形町,1010-321,141.718324,43.356237
字厚軽臼内,樺戸郡月形町,222-3,141.718646,43.355594
字厚軽臼内,樺戸郡月形町,222-21,141.719274,43.355249
字厚軽臼内,樺戸郡月形町,602-16,141.719745,43.355482
字厚軽臼内,樺戸郡月形町,602-13,141.719456,43.355367
字厚軽臼内,樺戸郡月形町,807,141.719422,43.355279
字厚軽臼内,樺戸郡月形町,222-20,141.719368,43.354896
字厚軽臼内,樺戸郡月形町,222-8,141.719693,43.354651
字厚軽臼内,樺戸郡月形町,222-16,141.718347,43.355096
字厚軽臼内,樺戸郡月形町,222-14,141.718358,43.355056
字厚軽臼内,樺戸郡月形町,222-19,141.718281,43.354979
字厚軽臼内,樺戸郡月形町,222-7,141.71845,43.354678
字厚軽臼内,樺戸郡月形町,222-12,141.719768,43.354186
字厚軽臼内,樺戸郡月形町,222-10,141.719279,43.354099
字厚軽臼内,樺戸郡月形町,222-2,141.718654,43.353703
字厚軽臼内,樺戸郡月形町,216-1,141.720044,43.353162
字厚軽臼内,樺戸郡月形町,216-2,141.720918,43.353253
字厚軽臼内,樺戸郡月形町,216-4,141.721276,43.35287
字厚軽臼内,樺戸郡月形町,576,141.721805,43.353672
字厚軽臼内,樺戸郡月形町,長狭物不明-7057,141.722542,43.352995
字厚軽臼内,樺戸郡月形町,405-1,141.724086,43.3536
字厚軽臼内,樺戸郡月形町,405-5,141.724136,43.352858
字厚軽臼内,樺戸郡月形町,405-4,141.722948,43.354332
字厚軽臼内,樺戸郡月形町,575,141.723006,43.353137
字厚軽臼内,樺戸郡月形町,216-5,141.717224,43.352706
字厚軽臼内,樺戸郡月形町,222-5,141.717745,43.353458
字厚軽臼内,樺戸郡月形町,222-18,141.718103,43.354273
字厚軽臼内,樺戸郡月形町,222-17,141.7173,43.354551
字厚軽臼内,樺戸郡月形町,水-7040,141.717063,43.353309
字アッカラウスナイ,樺戸郡月形町,1874-2,141.716713,43.354605
字アッカラウスナイ,樺戸郡月形町,水-7039,141.716346,43.354338
,樺戸郡月形町,1010-319,141.715855,43.354516
,樺戸郡月形町,長狭物不明-15,141.71552,43.354569
字アッカラウスナイ,樺戸郡月形町,1873,141.71517,43.353485
字厚軽臼内,樺戸郡月形町,222-1,141.716264,43.35393
字厚軽臼内,樺戸郡月形町,223-12,141.715381,43.353363
字厚軽臼内,樺戸郡月形町,222-4,141.71638,43.353218
字厚軽臼内,樺戸郡月形町,216-3,141.716857,43.352629
字厚軽臼内,樺戸郡月形町,道-7108,141.71586,43.352695
字厚軽臼内,樺戸郡月形町,道-7110-1,141.715698,43.352393
字厚軽臼内,樺戸郡月形町,223-1,141.715098,43.352594
字アッカラウスナイ,樺戸郡月形町,道-7108,141.715371,43.353893
字アッカラウスナイ,樺戸郡月形町,道-7107,141.71503,43.353383
,樺戸郡月形町,1010-504,141.714175,43.353878
,樺戸郡月形町,1010-323,141.712155,43.353363
字アッカラウスナイ,樺戸郡月形町,1872,141.712447,43.352342
,樺戸郡月形町,1010-244,141.712443,43.352986
字厚軽臼内,樺戸郡月形町,223-2,141.713259,43.352079
字厚軽臼内,樺戸郡月形町,223-10,141.710393,43.350595
字厚軽臼内,樺戸郡月形町,223-13,141.710541,43.351032
字厚軽臼内,樺戸郡月形町,223-4,141.711696,43.351489
字アッカルシュナイ,樺戸郡月形町,1871,141.711738,43.352109
字アッカルシュナイ,樺戸郡月形町,1870,141.709907,43.3515
,樺戸郡月形町,1010-331,141.710544,43.352489
,樺戸郡月形町,1010-333,141.709774,43.35253
,樺戸郡月形町,1010-72,141.709565,43.352329
,樺戸郡月形町,長狭物不明-12,141.709491,43.352141
字厚軽臼内,樺戸郡月形町,223-9,141.710204,43.351231
字厚軽臼内,樺戸郡月形町,223-11,141.710027,43.35052
字厚軽臼内,樺戸郡月形町,223-3,141.709559,43.350875
字アッカルシュナイ,樺戸郡月形町,道-7115,141.709188,43.350678
字アッカルシュナイ,樺戸郡月形町,道-7116,141.710556,43.35191
,樺戸郡月形町,1010-330,141.706661,43.35107
,樺戸郡月形町,1010-83,141.709209,43.35188
,樺戸郡月形町,1010-335,141.70931,43.352425
,樺戸郡月形町,1010-652,141.70889,43.353082
,樺戸郡月形町,1010-71,141.709506,43.353512
,樺戸郡月形町,1010-82,141.708109,43.352598
,樺戸郡月形町,1010-364,141.706936,43.352592
,樺戸郡月形町,1010-786,141.707175,43.354096
,樺戸郡月形町,1010-492,141.706787,43.353401
,樺戸郡月形町,1010-653,141.70795,43.353954
,樺戸郡月形町,1010-650,141.70808,43.353844
,樺戸郡月形町,1010-723,141.708324,43.353634
,樺戸郡月形町,1010-651,141.709084,43.354272
,樺戸郡月形町,1010-730,141.710747,43.353891
,樺戸郡月形町,1010-641,141.709917,43.3546
,樺戸郡月形町,1010-642,141.71028,43.354201
,樺戸郡月形町,1010-334,141.709459,43.352498
,樺戸郡月形町,1010-332,141.709742,43.35264
,樺戸郡月形町,1010-657,141.710288,43.353178
,樺戸郡月形町,無地番-7,141.711424,43.352805
,樺戸郡月形町,水-15,141.711564,43.35314
,樺戸郡月形町,無地番-6,141.711947,43.352624
,樺戸郡月形町,無地番-4,141.711747,43.353186
,樺戸郡月形町,1010-512,141.712258,43.353726
,樺戸郡月形町,無地番-8,141.711752,43.35356
,樺戸郡月形町,1010-513,141.711631,43.353538
,樺戸郡月形町,1010-769,141.711904,43.354799
,樺戸郡月形町,1010-655,141.709528,43.354891
,樺戸郡月形町,1010-640,141.70958,43.354749
,樺戸郡月形町,1010-724,141.709936,43.355117
,樺戸郡月形町,1010-679,141.709674,43.355139
,樺戸郡月形町,1010-680,141.709581,43.355507
,樺戸郡月形町,1010-681,141.709706,43.355193
,樺戸郡月形町,1010-295,141.709739,43.35607
,樺戸郡月形町,1010-729,141.709892,43.356684
,樺戸郡月形町,1010-6,141.711096,43.355428
,樺戸郡月形町,1010-770,141.711862,43.356201
,樺戸郡月形町,1010-768,141.711598,43.356416
,樺戸郡月形町,1010-241,141.712023,43.356435
,樺戸郡月形町,1010-784,141.711728,43.35708
,樺戸郡月形町,1010-785,141.71154,43.356669
,樺戸郡月形町,1010-767,141.711507,43.357742
,樺戸郡月形町,1010-783,141.711738,43.357389
,樺戸郡月形町,1010-55,141.71203,43.356946
,樺戸郡月形町,1010-413,141.712329,43.357786
,樺戸郡月形町,1010-755,141.711402,43.358371
,樺戸郡月形町,1010-763,141.711375,43.358459
,樺戸郡月形町,1010-737,141.710151,43.358638
,樺戸郡月形町,1010-686,141.709515,43.357155
,樺戸郡月形町,1010-1,141.70985,43.35805
,樺戸郡月形町,1010-728,141.709977,43.357261
,樺戸郡月形町,1010-685,141.709199,43.356797
,樺戸郡月形町,1010-687,141.709199,43.356875
,樺戸郡月形町,1010-379,141.708921,43.356711
,樺戸郡月形町,1010-372,141.708056,43.356689
,樺戸郡月形町,1010-380,141.7087,43.357473
,樺戸郡月形町,1010-381,141.709582,43.357808
,樺戸郡月形町,1010-65,141.70929,43.358567
,樺戸郡月形町,1010-389,141.706804,43.357988
,樺戸郡月形町,1010-374,141.708199,43.356595
,樺戸郡月形町,1010-70,141.707617,43.357004
,樺戸郡月形町,1010-371,141.707728,43.356516
,樺戸郡月形町,1010-377,141.708018,43.356188
,樺戸郡月形町,1010-378,141.708465,43.356451
,樺戸郡月形町,1010-682,141.709184,43.356579
,樺戸郡月形町,1010-66,141.709348,43.356577
,樺戸郡月形町,1010-293,141.709059,43.356444
,樺戸郡月形町,1010-684,141.709315,43.356259
,樺戸郡月形町,1010-683,141.709427,43.356241
,樺戸郡月形町,1010-370,141.708728,43.355946
,樺戸郡月形町,1010-367,141.708114,43.355586
,樺戸郡月形町,1010-368,141.708215,43.354273
,樺戸郡月形町,1010-369,141.70851,43.354928
,樺戸郡月形町,1010-294,141.707087,43.354838
,樺戸郡月形町,1010-366,141.707637,43.355363
,樺戸郡月形町,1010-376,141.706979,43.35557
,樺戸郡月形町,1010-77,141.703542,43.356349
,樺戸郡月形町,1010-375,141.705896,43.355843
,樺戸郡月形町,1010-373,141.706399,43.356724
,樺戸郡月形町,1010-69,141.705201,43.357726
,樺戸郡月形町,1010-388,141.704892,43.356474
,樺戸郡月形町,1010-387,141.706073,43.357254
,樺戸郡月形町,1010-68,141.704781,43.358759
,樺戸郡月形町,1010-99,141.705783,43.358872
,樺戸郡月形町,1010-386,141.704078,43.357363
,樺戸郡月形町,1010-75,141.702014,43.357809
,樺戸郡月形町,1010-73,141.700835,43.358506
,樺戸郡月形町,1010-357,141.702163,43.356946
,樺戸郡月形町,1010-76,141.700777,43.357211
,樺戸郡月形町,1010-356,141.700753,43.356477
,樺戸郡月形町,1010-358,141.702409,43.356716
,樺戸郡月形町,1010-359,141.703283,43.355523
,樺戸郡月形町,1010-360,141.702153,43.356075
,樺戸郡月形町,1010-361,141.70163,43.355908
,樺戸郡月形町,1010-363,141.70212,43.354965
,樺戸郡月形町,1010-362,141.701444,43.355536
,樺戸郡月形町,1010-89,141.700846,43.355186
,樺戸郡月形町,1010-740,141.700553,43.353048
,樺戸郡月形町,1010-104,141.700943,43.352516
,樺戸郡月形町,1010-91,141.702281,43.353026
,樺戸郡月形町,1010-500,141.703331,43.352825
,樺戸郡月形町,水-3,141.703064,43.352575
,樺戸郡月形町,1010-90,141.703302,43.353309
,樺戸郡月形町,1010-341,141.702083,43.354018
,樺戸郡月形町,1010-79,141.702612,43.354505
,樺戸郡月形町,1010-442,141.703905,43.353351
,樺戸郡月形町,1010-487,141.70365,43.354699
,樺戸郡月形町,1010-78,141.703527,43.354143
,樺戸郡月形町,1010-488,141.704515,43.353265
,樺戸郡月形町,1010-80,141.704527,43.355195
,樺戸郡月形町,1010-490,141.705225,43.353864
,樺戸郡月形町,1010-491,141.704879,43.352135
,樺戸郡月形町,1010-81,141.705982,43.353544
,樺戸郡月形町,1010-502,141.703501,43.352308
,樺戸郡月形町,1010-501,141.703804,43.353064
,樺戸郡月形町,1010-93,141.703986,43.352636
,樺戸郡月形町,1010-489,141.704313,43.35211
,樺戸郡月形町,1010-787,141.704902,43.351904
,樺戸郡月形町,1010-365,141.705602,43.351639
,樺戸郡月形町,1010-503,141.704913,43.351798
,樺戸郡月形町,1010-511,141.705002,43.350972
,樺戸郡月形町,1010-322,141.705937,43.350884
,樺戸郡月形町,水-12,141.704461,43.350519
,樺戸郡月形町,1010-96,141.704412,43.351054
,樺戸郡月形町,1010-788,141.704113,43.35142
,樺戸郡月形町,水-7,141.704143,43.350655
,樺戸郡月形町,1010-393,141.703687,43.350544
,樺戸郡月形町,1010-100,141.70277,43.350593
,樺戸郡月形町,1010-97,141.703139,43.350463
,樺戸郡月形町,1010-95,141.702452,43.350753
,樺戸郡月形町,1010-493,141.703308,43.351934
,樺戸郡月形町,1010-94,141.701728,43.351809
,樺戸郡月形町,1010-234,141.702582,43.351569
,樺戸郡月形町,1010-103,141.701601,43.351367
,樺戸郡月形町,1010-205,141.700593,43.351702
,樺戸郡月形町,1010-595,141.700594,43.351239
,樺戸郡月形町,1010-594,141.7009,43.350987
,樺戸郡月形町,1010-102,141.701163,43.351218
,樺戸郡月形町,1010-236,141.701612,43.350558
,樺戸郡月形町,1010-235,141.702083,43.350413
,樺戸郡月形町,1010-585,141.701298,43.350506
,樺戸郡月形町,1010-2,141.700425,43.350323
,樺戸郡月形町,4000,141.699934,43.350461
,樺戸郡月形町,1011-381,141.699974,43.350431
,樺戸郡月形町,水-9-6,141.699832,43.350503
,樺戸郡月形町,1011-382,141.699793,43.350615
,樺戸郡月形町,3998,141.699974,43.350645
,樺戸郡月形町,1010-105,141.699856,43.351605
,樺戸郡月形町,4001,141.699369,43.351218
,樺戸郡月形町,4002,141.699135,43.351411
,樺戸郡月形町,4003,141.699216,43.351409
,樺戸郡月形町,1011-376,141.699023,43.351277
,樺戸郡月形町,1010-700,141.699408,43.350937
,樺戸郡月形町,1011-4,141.696771,43.34958
,樺戸郡月形町,1011-176,141.698347,43.35079
,樺戸郡月形町,1010-708,141.698914,43.35156
,樺戸郡月形町,3988,141.698947,43.35175
,樺戸郡月形町,水-9-1,141.698944,43.351387
,樺戸郡月形町,1011-377,141.698534,43.351727
,樺戸郡月形町,3989,141.698605,43.35199
,樺戸郡月形町,1011-378,141.698228,43.351946
,樺戸郡月形町,1011-379,141.697848,43.352221
,樺戸郡月形町,1010-207,141.698725,43.352613
,樺戸郡月形町,1010-702,141.69899,43.351486
,樺戸郡月形町,1010-576,141.700138,43.351907
,樺戸郡月形町,1010-578,141.700411,43.351578
,樺戸郡月形町,1010-340,141.700318,43.351863
,樺戸郡月形町,1010-577,141.700227,43.3518
,樺戸郡月形町,1010-574,141.700177,43.35186
,樺戸郡月形町,1010-339,141.700188,43.351969
,樺戸郡月形町,1010-338,141.700295,43.352171
,樺戸郡月形町,1010-575,141.699952,43.352133
,樺戸郡月形町,1010-92,141.700132,43.35272
,樺戸郡月形町,1010-566,141.699418,43.352661
,樺戸郡月形町,1010-573,141.699036,43.353252
,樺戸郡月形町,1010-4,141.699721,43.352811
,樺戸郡月形町,1010-741,141.700429,43.353322
,樺戸郡月形町,1010-345,141.700558,43.353699
,樺戸郡月形町,1010-344,141.700588,43.354212
,樺戸郡月形町,1010-343,141.699795,43.354327
,樺戸郡月形町,1010-107,141.699378,43.353845
,樺戸郡月形町,1010-568,141.698627,43.353623
,樺戸郡月形町,1010-569,141.698529,43.353744
,樺戸郡月形町,道-6,141.695501,43.357381
,樺戸郡月形町,1010-570,141.69829,43.354039
,樺戸郡月形町,1010-571,141.69784,43.354585
,樺戸郡月形町,4005,141.697959,43.354157
,樺戸郡月形町,1010-108,141.698041,43.354034
,樺戸郡月形町,1010-336,141.698365,43.353668
,樺戸郡月形町,3993,141.697552,43.353735
,樺戸郡月形町,1011-397,141.697372,43.353732
,樺戸郡月形町,水-9-3,141.697755,43.353088
,樺戸郡月形町,1011-386,141.697715,43.353284
,樺戸郡月形町,3992,141.697854,43.35331
,樺戸郡月形町,1010-337,141.698154,43.353474
,樺戸郡月形町,1010-3,141.698541,43.353335
,樺戸郡月形町,1010-567,141.698799,43.353411
,樺戸郡月形町,3991,141.698116,43.352945
,樺戸郡月形町,1011-372,141.697908,43.352956
,樺戸郡月形町,1011-368,141.697726,43.35296
,樺戸郡月形町,1011-380,141.697704,43.352655
,樺戸郡月形町,1011-85,141.696819,43.353574
,樺戸郡月形町,1011-385,141.69738,43.353454
,樺戸郡月形町,1011-369,141.697023,43.353865
,樺戸郡月形町,3995,141.697046,43.354063
,樺戸郡月形町,1011-373,141.697334,43.353821
,樺戸郡月形町,3994,141.697505,43.354021
,樺戸郡月形町,1010-110,141.697458,43.354459
,樺戸郡月形町,3985,141.696953,43.354511
,樺戸郡月形町,3987,141.696841,43.354245
,樺戸郡月形町,1010-706,141.696966,43.354114
,樺戸郡月形町,1010-707,141.696736,43.354284
,樺戸郡月形町,1011-374,141.696581,43.354424
,樺戸郡月形町,1011-370,141.696395,43.354378
,樺戸郡月形町,1011-3,141.695686,43.35408
,樺戸郡月形町,1011-175,141.697205,43.350908
,樺戸郡月形町,1011-5,141.695182,43.350983
字アッカルシュナイ,樺戸郡月形町,1864-2,141.69399,43.349585
字アッカルシュナイ,樺戸郡月形町,1864-5,141.693311,43.351059
字アッカルシュナイ,樺戸郡月形町,1864-9,141.693314,43.351454
字アッカルシュナイ,樺戸郡月形町,1864-10,141.693752,43.351445
字アッカルシュナイ,樺戸郡月形町,1864-8,141.692881,43.351463
,樺戸郡月形町,1011-7,141.691845,43.350764
,樺戸郡月形町,1011-8,141.689865,43.350448
,樺戸郡月形町,73-6,141.693529,43.354342
,樺戸郡月形町,1011-36,141.689325,43.353116
,樺戸郡月形町,73-2,141.687289,43.351289
,樺戸郡月形町,1011-30,141.69188,43.35441
,樺戸郡月形町,1011-32,141.69126,43.353389
字アッカルシュナイ,樺戸郡月形町,1864-1,141.693678,43.352876
,樺戸郡月形町,1011-66,141.694075,43.356267
,樺戸郡月形町,1011-358,141.692918,43.356369
,樺戸郡月形町,1011-120,141.693104,43.356176
字豊ケ丘,樺戸郡月形町,1587-9,141.692444,43.355924
字豊ケ丘,樺戸郡月形町,1587-2,141.692545,43.355842
,樺戸郡月形町,1011-204,141.692846,43.356362
字豊ケ丘,樺戸郡月形町,道-297,141.692235,43.356032
字豊ケ丘,樺戸郡月形町,1587-5,141.692159,43.355777
字豊ケ丘,樺戸郡月形町,3547-1,141.692329,43.355698
字豊ケ丘,樺戸郡月形町,3547-2,141.692009,43.355666
字豊ケ丘,樺戸郡月形町,1588-1,141.692445,43.355491
字豊ケ丘,樺戸郡月形町,1588-3,141.691399,43.355457
字豊ケ丘,樺戸郡月形町,1588-4,141.691645,43.355526
字豊ケ丘,樺戸郡月形町,3507,141.691443,43.35557
,樺戸郡月形町,1011-355,141.690421,43.355104
,樺戸郡月形町,1011-200,141.690709,43.355222
,樺戸郡月形町,道-29,141.689276,43.354785
,樺戸郡月形町,1011-201,141.689532,43.354796
,樺戸郡月形町,1011-356,141.689014,43.354584
,樺戸郡月形町,1011-203,141.693833,43.357153
,樺戸郡月形町,道-31,141.693804,43.357286
,樺戸郡月形町,1011-119,141.694492,43.357474
,樺戸郡月形町,1011-357,141.694493,43.357645
,樺戸郡月形町,1010-697,141.695006,43.357699
,樺戸郡月形町,1010-698,141.695058,43.357856
,樺戸郡月形町,1010-522,141.695081,43.35773
,樺戸郡月形町,1010-587,141.695119,43.357782
,樺戸郡月形町,1010-593,141.695187,43.357813
,樺戸郡月形町,1010-592,141.695103,43.357918
,樺戸郡月形町,1010-705,141.695288,43.358244
,樺戸郡月形町,1010-352,141.695422,43.358086
,樺戸郡月形町,1010-523,141.695373,43.357861
,樺戸郡月形町,1010-717,141.69538,43.358435
,樺戸郡月形町,1010-565,141.69529,43.35838
,樺戸郡月形町,1010-564,141.695582,43.358632
,樺戸郡月形町,1010-716,141.695678,43.358669
,樺戸郡月形町,1010-156,141.695885,43.35831
,樺戸郡月形町,1010-353,141.696802,43.358953
,樺戸郡月形町,1010-354,141.69718,43.358673
,樺戸郡月形町,1010-791,141.697468,43.35793
,樺戸郡月形町,1010-526,141.696663,43.357716
,樺戸郡月形町,1010-521,141.696083,43.357597
,樺戸郡月形町,1010-350,141.697072,43.356584
,樺戸郡月形町,1010-112,141.696364,43.356868
,樺戸郡月形町,1010-8,141.695824,43.356891
,樺戸郡月形町,水-9,141.694984,43.356761
,樺戸郡月形町,1010-157,141.695368,43.357013
,樺戸郡月形町,1010-790,141.695871,43.357035
,樺戸郡月形町,1010-351,141.695558,43.357643
,樺戸郡月形町,1010-588,141.695389,43.357574
,樺戸郡月形町,1010-586,141.695352,43.357504
,樺戸郡月形町,1010-589,141.695526,43.357412
,樺戸郡月形町,1010-696,141.695065,43.357418
,樺戸郡月形町,1011-384,141.694874,43.35651
,樺戸郡月形町,1010-789,141.695468,43.356468
,樺戸郡月形町,1010-86,141.695852,43.356398
,樺戸郡月形町,1011-263,141.695398,43.356097
,樺戸郡月形町,1011-262,141.695454,43.356045
,樺戸郡月形町,1010-703,141.695548,43.356237
,樺戸郡月形町,1010-704,141.695693,43.355962
,樺戸郡月形町,1011-28,141.694862,43.354946
,樺戸郡月形町,1011-260,141.69588,43.35519
,樺戸郡月形町,1011-221,141.69536,43.355394
,樺戸郡月形町,1011-261,141.695823,43.355545
,樺戸郡月形町,1011-264,141.69595,43.355591
,樺戸郡月形町,3986,141.696134,43.355643
,樺戸郡月形町,1010-291,141.69656,43.35559
,樺戸郡月形町,1011-259,141.696056,43.354893
,樺戸郡月形町,1011-383,141.696117,43.354787
,樺戸郡月形町,1011-371,141.696118,43.354718
,樺戸郡月形町,3980,141.696467,43.354687
,樺戸郡月形町,水-9-2,141.695975,43.355092
,樺戸郡月形町,1010-111,141.697048,43.355005
,樺戸郡月形町,3979,141.696886,43.354607
,樺戸郡月形町,1010-582,141.697367,43.355141
,樺戸郡月形町,1010-583,141.697177,43.355479
,樺戸郡月形町,1010-591,141.696754,43.355855
,樺戸郡月形町,1010-580,141.696673,43.356064
,樺戸郡月形町,1010-579,141.696633,43.35611
,樺戸郡月形町,1010-590,141.696431,43.356347
,樺戸郡月形町,1010-581,141.696298,43.356379
,樺戸郡月形町,1010-349,141.697805,43.356634
,樺戸郡月形町,1010-84,141.698402,43.355939
,樺戸郡月形町,1010-285,141.697727,43.355588
,樺戸郡月形町,1010-572,141.697915,43.354613
,樺戸郡月形町,1010-109,141.698141,43.354797
,樺戸郡月形町,1010-87,141.698567,43.354678
,樺戸郡月形町,1010-346,141.698817,43.355207
,樺戸郡月形町,1010-342,141.69953,43.354867
,樺戸郡月形町,1010-85,141.699387,43.355587
,樺戸郡月形町,1010-347,141.699479,43.356739
,樺戸郡月形町,1010-510,141.699563,43.35592
,樺戸郡月形町,1010-486,141.70006,43.356721
,樺戸郡月形町,1010-355,141.699863,43.357196
,樺戸郡月形町,1010-348,141.698544,43.356509
,樺戸郡月形町,1010-74,141.699561,43.357772
字豊ケ丘,樺戸郡月形町,1580,141.699375,43.360243
字豊ケ丘,樺戸郡月形町,1579-2,141.698625,43.360803
字豊ケ丘,樺戸郡月形町,3508,141.69792,43.36019
,樺戸郡月形町,1010-153,141.697953,43.359293
,樺戸郡月形町,道-33,141.697787,43.359964
字豊ケ丘,樺戸郡月形町,1579-10,141.698719,43.36114
字豊ケ丘,樺戸郡月形町,1577-8,141.699164,43.361347
字豊ケ丘,樺戸郡月形町,1577-7,141.699155,43.361298
字豊ケ丘,樺戸郡月形町,1576-5,141.699271,43.361334
字豊ケ丘,樺戸郡月形町,1576-3,141.698312,43.35998
字豊ケ丘,樺戸郡月形町,1578,141.700452,43.361042
字豊ケ丘,樺戸郡月形町,道-299,141.698379,43.360881
字豊ケ丘,樺戸郡月形町,1577-2,141.699826,43.361703
字豊ケ丘,樺戸郡月形町,1575-6,141.700414,43.361982
字豊ケ丘,樺戸郡月形町,1577-5,141.700337,43.361986
,樺戸郡月形町,長狭物不明-34,141.680657,43.35603
,樺戸郡月形町,1011-248,141.680802,43.356089
,樺戸郡月形町,1011-14,141.68093,43.355778
,樺戸郡月形町,1011-247,141.679795,43.355018
,樺戸郡月形町,1011-83,141.680293,43.355089
,樺戸郡月形町,長狭物不明-32,141.681515,43.355788
字豊ケ丘,樺戸郡月形町,3506-6,141.684768,43.353095
字豊ケ丘,樺戸郡月形町,1594-5,141.684624,43.352764
字豊ケ丘,樺戸郡月形町,1594-7,141.685107,43.353023
字豊ケ丘,樺戸郡月形町,1594-6,141.684767,43.352434
字豊ケ丘,樺戸郡月形町,1594-4,141.685223,43.353002
字豊ケ丘,樺戸郡月形町,1592-9,141.686011,43.353579
字豊ケ丘,樺戸郡月形町,1592-15,141.686283,43.353687
字豊ケ丘,樺戸郡月形町,1592-5,141.686724,43.353719
字豊ケ丘,樺戸郡月形町,道-298,141.687409,43.354136
字豊ケ丘,樺戸郡月形町,1590-12,141.687638,43.354114
字豊ケ丘,樺戸郡月形町,1590-11,141.688081,43.35425
字豊ケ丘,樺戸郡月形町,1592-11,141.687562,43.354012
字豊ケ丘,樺戸郡月形町,1592-7,141.687338,43.354
字豊ケ丘,樺戸郡月形町,1592-12,141.687234,43.353999
字豊ケ丘,樺戸郡月形町,1590-1,141.688288,43.353759
字豊ケ丘,樺戸郡月形町,1592-1,141.687501,43.352437
字豊ケ丘,樺戸郡月形町,1592-6,141.686615,43.353419
字豊ケ丘,樺戸郡月形町,1592-4,141.686328,43.353323
字豊ケ丘,樺戸郡月形町,1592-16,141.685986,43.353533
字豊ケ丘,樺戸郡月形町,1592-14,141.685943,43.353503
字豊ケ丘,樺戸郡月形町,1592-8,141.685936,43.353548
字豊ケ丘,樺戸郡月形町,1594-1,141.685702,43.352203
,樺戸郡月形町,1011-238,141.688265,43.351676
,樺戸郡月形町,1011-239,141.68836,43.351563
,樺戸郡月形町,1011-73,141.688558,43.351214
字豊ケ丘,樺戸郡月形町,1596-1,141.684536,43.351534
,樺戸郡月形町,73-5,141.685378,43.351025
字豊ケ丘,樺戸郡月形町,1596-11,141.684571,43.352271
字豊ケ丘,樺戸郡月形町,1596-12,141.684481,43.352092
字豊ケ丘,樺戸郡月形町,1596-13,141.683814,43.351555
字豊ケ丘,樺戸郡月形町,1596-14,141.68369,43.35154
字豊ケ丘,樺戸郡月形町,1596-8,141.684086,43.35198
字豊ケ丘,樺戸郡月形町,1596-18,141.684434,43.352443
字豊ケ丘,樺戸郡月形町,1596-9,141.683919,43.352207
字豊ケ丘,樺戸郡月形町,3506-1,141.683313,43.351792
字豊ケ丘,樺戸郡月形町,3506-5,141.683684,43.352281
字豊ケ丘,樺戸郡月形町,3506-4,141.683307,43.351577
字豊ケ丘,樺戸郡月形町,3506-7,141.683342,43.35151
字豊ケ丘,樺戸郡月形町,3506-3,141.683266,43.351499
字豊ケ丘,樺戸郡月形町,1597-1,141.682819,43.351188
字豊ケ丘,樺戸郡月形町,1596-17,141.683013,43.350949
字豊ケ丘,樺戸郡月形町,1596-10,141.683009,43.350978
字豊ケ丘,樺戸郡月形町,1596-16,141.683257,43.35115
字豊ケ丘,樺戸郡月形町,1597-3,141.683002,43.351161
字豊ケ丘,樺戸郡月形町,1597-4,141.683004,43.35124
字豊ケ丘,樺戸郡月形町,1599-5,141.683219,43.351417
字豊ケ丘,樺戸郡月形町,1596-7,141.683476,43.351426
字豊ケ丘,樺戸郡月形町,1596-15,141.683319,43.351204
字豊ケ丘,樺戸郡月形町,1596-3,141.683684,43.351107
字豊ケ丘,樺戸郡月形町,1596-6,141.683481,43.350611
字豊ケ丘,樺戸郡月形町,1598-2,141.683233,43.350542
字豊ケ丘,樺戸郡月形町,1599-6,141.682774,43.351089
字豊ケ丘,樺戸郡月形町,1599-4,141.682356,43.35075
字豊ケ丘,樺戸郡月形町,1598-5,141.682619,43.350702
字豊ケ丘,樺戸郡月形町,1598-4,141.682609,43.350735
字豊ケ丘,樺戸郡月形町,3506-2,141.683277,43.351275
,樺戸郡月形町,66-43,141.680777,43.350525
,樺戸郡月形町,66-39,141.679893,43.350718
,樺戸郡月形町,66-41,141.680364,43.350749
,樺戸郡月形町,1011-181,141.679779,43.351067
字豊ケ丘,樺戸郡月形町,1599-1,141.682085,43.351397
字豊ケ丘,樺戸郡月形町,1599-2,141.681786,43.352767
字豊ケ丘,樺戸郡月形町,3548,141.681589,43.354007
,樺戸郡月形町,水-21,141.680971,43.355306
,樺戸郡月形町,1011-89,141.68026,43.353948
,樺戸郡月形町,1011-82,141.679724,43.354201
字豊ケ丘,樺戸郡月形町,1600,141.680324,43.352702
,樺戸郡月形町,1011-214,141.679874,43.352744
,樺戸郡月形町,1011-245,141.678617,43.35299
,樺戸郡月形町,1011-92,141.67881,43.35293
,樺戸郡月形町,1011-12,141.679259,43.353396
,樺戸郡月形町,3498,141.678526,43.35259
,樺戸郡月形町,1011-246,141.679587,43.354763
,樺戸郡月形町,1011-244,141.678669,43.353568
,樺戸郡月形町,66-3,141.677695,43.351482
,樺戸郡月形町,1011-243,141.6786,43.352342
,樺戸郡月形町,1011-94,141.679472,43.35244
,樺戸郡月形町,1011-11,141.679143,43.351802
,樺戸郡月形町,1011-230,141.678547,43.351491
,樺戸郡月形町,1011-242,141.678587,43.351711
,樺戸郡月形町,66-15,141.678315,43.351226
,樺戸郡月形町,66-11,141.678594,43.351111
,樺戸郡月形町,66-20,141.679416,43.351267
,樺戸郡月形町,66-9,141.679792,43.350306
,樺戸郡月形町,66-2,141.678647,43.35086
,樺戸郡月形町,66-16,141.678072,43.350932
,樺戸郡月形町,66-32,141.678426,43.350554
,樺戸郡月形町,1012,141.675851,43.35314
,樺戸郡月形町,水-31,141.676768,43.352118
字豊ケ丘,樺戸郡月形町,1610-2W1,141.671393,43.350677
字豊ケ丘,樺戸郡月形町,1623,141.66857,43.350916
字豊ケ丘,樺戸郡月形町,1623-2,141.66732,43.350219
字豊ケ丘,樺戸郡月形町,1624-4,141.666967,43.351457
字豊ケ丘,樺戸郡月形町,1624-5,141.666841,43.350606
字豊ケ丘,樺戸郡月形町,1624-3,141.664712,43.351448
,樺戸郡月形町,1011-122,141.664761,43.355542
,樺戸郡月形町,1548-1,141.652012,43.349808
字ヌッパオマナイ,樺戸郡月形町,1079-7,141.663033,43.352776
字ヌッパオマナイ,樺戸郡月形町,1079-5,141.66304,43.352687
字ヌッパオマナイ,樺戸郡月形町,1079-4,141.663016,43.352836
字ヌッパオマナイ,樺戸郡月形町,1079-2,141.663121,43.352807
,樺戸郡月形町,1020-1,141.662617,43.351611
,樺戸郡月形町,1020-2,141.663024,43.351006
,樺戸郡月形町,1019-11,141.663086,43.351577
,樺戸郡月形町,1019-14,141.663269,43.352091
字ヌッパオマナイ,樺戸郡月形町,1079-6,141.663025,43.352317
字ヌッパオマナイ,樺戸郡月形町,1079-1,141.663161,43.352349
字ヌッパオマナイ,樺戸郡月形町,1079-3,141.663274,43.352492
,樺戸郡月形町,1019-12,141.663484,43.352164
,樺戸郡月形町,1019-1,141.663542,43.351194
,樺戸郡月形町,1019-13,141.663831,43.351331
,樺戸郡月形町,1019-2,141.663429,43.350631
,樺戸郡月形町,1019-8,141.663208,43.350241
,樺戸郡月形町,1548-2,141.645134,43.353936
字ポンベツ,樺戸郡月形町,道-306,141.651888,43.381387
字ポンベツ,樺戸郡月形町,703-1,141.643367,43.374106
字ポンベツ,樺戸郡月形町,水-147,141.642548,43.369562
字知来乙,樺戸郡月形町,道-213,141.631448,43.369305
字月形原野,樺戸郡月形町,長狭物不明-145,141.630832,43.368163
字知来乙,樺戸郡月形町,476-5,141.630679,43.369209
字知来乙,樺戸郡月形町,476-12,141.630813,43.368573
字知来乙,樺戸郡月形町,476-13,141.630477,43.368716
字知来乙,樺戸郡月形町,476-2,141.629084,43.368439
字知来乙,樺戸郡月形町,476-1,141.629427,43.368774
字知来乙,樺戸郡月形町,476-6,141.63142,43.369875
字知来乙,樺戸郡月形町,476-8,141.63126,43.369819
字知来乙,樺戸郡月形町,476-4,141.630978,43.369597
字知来乙,樺戸郡月形町,476-11,141.631101,43.369599
字知来乙,樺戸郡月形町,476-10,141.631194,43.369467
字知来乙,樺戸郡月形町,476-9,141.631243,43.369136
字知来乙,樺戸郡月形町,476-3,141.630892,43.369424
字知来乙,樺戸郡月形町,481-4,141.629532,43.370201
字知来乙,樺戸郡月形町,481-2,141.629516,43.371009
字月形原野,樺戸郡月形町,長狭物不明-146,141.633622,43.370883
字知来乙,樺戸郡月形町,477-2,141.63306,43.37033
字ポンベツ,樺戸郡月形町,703-5,141.633552,43.373276
字知来乙,樺戸郡月形町,道-215,141.633437,43.372902
字知来乙,樺戸郡月形町,477-1,141.632627,43.372524
字知来乙,樺戸郡月形町,長狭物不明-124,141.627504,43.370702
字知来乙,樺戸郡月形町,482,141.633381,43.374448
字ポンベツ,樺戸郡月形町,703-4,141.633432,43.373382
字知来乙,樺戸郡月形町,筆界未定地-21,141.634837,43.373854
字知来乙,樺戸郡月形町,道-190,141.634709,43.373388
字知来乙,樺戸郡月形町,484-5,141.638158,43.377345
字知来乙,樺戸郡月形町,484-4,141.638689,43.377472
字ポンベツ,樺戸郡月形町,703-3,141.640029,43.377239
字知来乙,樺戸郡月形町,479,141.639436,43.376202
字知来乙,樺戸郡月形町,480-4,141.640011,43.377456
字知来乙,樺戸郡月形町,480-3,141.640226,43.377381
字知来乙,樺戸郡月形町,480-1,141.639958,43.377919
字知来乙,樺戸郡月形町,484-2,141.640229,43.379166
字知来乙,樺戸郡月形町,484-3,141.638611,43.378751
字知来乙,樺戸郡月形町,長狭物不明-129,141.637273,43.378775
字知来乙,樺戸郡月形町,484-1,141.63768,43.377622
字ポンベツ,樺戸郡月形町,991,141.636587,43.375606
字知来乙,樺戸郡月形町,483,141.63408,43.376178
字知来乙,樺戸郡月形町,長狭物不明-127,141.632889,43.375593
字ポンベツ,樺戸郡月形町,水-149,141.646098,43.381835
字ポンベツ,樺戸郡月形町,925,141.645295,43.381287
字ポンベツ,樺戸郡月形町,水-144,141.643608,43.381009
字ポンベツ,樺戸郡月形町,926-2,141.643196,43.381525
字ポンベツ,樺戸郡月形町,926-3,141.642928,43.38142
字ポンベツ,樺戸郡月形町,926-1,141.642384,43.381107
字ポンベツ,樺戸郡月形町,水-143,141.642993,43.380088
字ポンベツ,樺戸郡月形町,702-3,141.642013,43.380025
字ポンベツ,樺戸郡月形町,702-2,141.642305,43.379927
字ポンベツ,樺戸郡月形町,702-1,141.641438,43.380093
字ポンベツ,樺戸郡月形町,703-2,141.640917,43.378593
字知来乙,樺戸郡月形町,480-2,141.641025,43.377707
字ポンベツ,樺戸郡月形町,水-146,141.644039,43.377386
字ポンベツ,樺戸郡月形町,1518-8,141.646557,43.377811
字ポンベツ,樺戸郡月形町,水-145,141.643897,43.379328
字ポンベツ,樺戸郡月形町,1518-7,141.651372,43.381206
字ポンベツ,樺戸郡月形町,1518-6,141.647107,43.381538
字ポンベツ,樺戸郡月形町,700-2,141.647418,43.383378
字ポンベツ,樺戸郡月形町,1518-5,141.652832,43.381698
字ポンベツ,樺戸郡月形町,水-148,141.648646,43.382335
字ポンベツ,樺戸郡月形町,1518-2,141.651816,43.378436
字ポンベツ,樺戸郡月形町,1518-1,141.653421,43.384734
字ポンベツ,樺戸郡月形町,1518-3,141.650845,43.389132
字ポンベツ,樺戸郡月形町,1518-4,141.649974,43.386891
字ポンベツ,樺戸郡月形町,道-307,141.649191,43.38621
,樺戸郡月形町,907-6,141.595744,43.367634
字知来乙,樺戸郡月形町,3642-4,141.605344,43.369233
字知来乙,樺戸郡月形町,469-1,141.605185,43.369437
,樺戸郡月形町,907-8,141.601241,43.372334
字知来乙,樺戸郡月形町,481-5,141.629073,43.370416
字知来乙,樺戸郡月形町,481-6,141.627673,43.36937
字知来乙,樺戸郡月形町,481-3,141.627323,43.368892
字知来乙,樺戸郡月形町,481-1,141.627305,43.368281
字知来乙,樺戸郡月形町,476-7,141.628768,43.367368
字知来乙,樺戸郡月形町,141-54,141.62877,43.367243
字知来乙,樺戸郡月形町,141-214,141.628643,43.367162
字知来乙,樺戸郡月形町,141-55,141.627458,43.367215
字知来乙,樺戸郡月形町,936,141.624638,43.367897
字知来乙,樺戸郡月形町,141-186,141.622254,43.367373
字知来乙,樺戸郡月形町,141-176,141.621729,43.367361
字知来乙,樺戸郡月形町,888-7,141.606339,43.370321
,樺戸郡月形町,長狭物不明-46,141.605627,43.370547
字知来乙,樺戸郡月形町,3661,141.605697,43.369511
字知来乙,樺戸郡月形町,水-91,141.605735,43.369686
字知来乙,樺戸郡月形町,953,141.605453,43.369666
字知来乙,樺戸郡月形町,3637-2,141.605586,43.369322
字知来乙,樺戸郡月形町,954-3,141.605871,43.369515
字知来乙,樺戸郡月形町,954-6,141.605944,43.369668
字知来乙,樺戸郡月形町,954-2,141.606057,43.369539
字知来乙,樺戸郡月形町,888-4,141.606266,43.36977
字知来乙,樺戸郡月形町,888-2,141.606342,43.369516
字知来乙,樺戸郡月形町,888-3,141.606406,43.370117
字知来乙,樺戸郡月形町,954-5,141.606186,43.370126
字知来乙,樺戸郡月形町,954-1,141.606107,43.370227
字知来乙,樺戸郡月形町,888-1,141.607707,43.370188
字知来乙,樺戸郡月形町,水-94,141.606644,43.369618
字知来乙,樺戸郡月形町,889-10,141.608513,43.369878
字知来乙,樺戸郡月形町,888-6,141.606764,43.370344
字知来乙,樺戸郡月形町,889-1,141.609912,43.367903
字知来乙,樺戸郡月形町,3641-2,141.608442,43.366364
字知来乙,樺戸郡月形町,3642-3,141.606142,43.368212
字知来乙,樺戸郡月形町,889-13,141.606811,43.367914
字知来乙,樺戸郡月形町,道-209,141.606735,43.367802
字知来乙,樺戸郡月形町,889-9,141.606468,43.368424
字知来乙,樺戸郡月形町,889-4,141.606455,43.368684
字知来乙,樺戸郡月形町,889-11,141.606667,43.368301
字知来乙,樺戸郡月形町,3637-1,141.60554,43.368904
字知来乙,樺戸郡月形町,889-14,141.606758,43.368067
字知来乙,樺戸郡月形町,3643-5,141.607378,43.365849
字知来乙,樺戸郡月形町,909-1,141.606402,43.365429
字知来乙,樺戸郡月形町,3635-2,141.608019,43.366077
字知来乙,樺戸郡月形町,3636,141.607282,43.366569
字知来乙,樺戸郡月形町,889-3,141.609375,43.366624
字知来乙,樺戸郡月形町,889-2,141.612851,43.365905
字知来乙,樺戸郡月形町,889-12,141.60976,43.366005
字知来乙,樺戸郡月形町,3641-5,141.609921,43.36557
字知来乙,樺戸郡月形町,889-5,141.611337,43.365263
字知来乙,樺戸郡月形町,3634-2,141.609565,43.365184
字知来乙,樺戸郡月形町,3642-5,141.609546,43.365207
字知来乙,樺戸郡月形町,3639,141.609439,43.365242
字知来乙,樺戸郡月形町,3641-4,141.609168,43.364777
字知来乙,樺戸郡月形町,3640-3,141.607057,43.367496
字知来乙,樺戸郡月形町,3642-2,141.609361,43.365846
字知来乙,樺戸郡月形町,3641-3,141.608529,43.365741
字知来乙,樺戸郡月形町,472-15,141.608217,43.365413
字知来乙,樺戸郡月形町,3635-1,141.609014,43.36552
字知来乙,樺戸郡月形町,3643-4,141.608659,43.365194
字知来乙,樺戸郡月形町,472-7,141.608394,43.365243
字知来乙,樺戸郡月形町,3638,141.612357,43.361298
字知来乙,樺戸郡月形町,473-7,141.609925,43.364204
字知来乙,樺戸郡月形町,473-2,141.609686,43.364278
字知来乙,樺戸郡月形町,473-19,141.60916,43.364745
字知来乙,樺戸郡月形町,473-30,141.609117,43.364764
字知来乙,樺戸郡月形町,3634-1,141.609821,43.364997
字知来乙,樺戸郡月形町,3633,141.610537,43.364628
字知来乙,樺戸郡月形町,3643-3,141.610593,43.363941
字知来乙,樺戸郡月形町,473-15,141.610262,43.364029
字知来乙,樺戸郡月形町,473-8,141.610169,43.363872
字知来乙,樺戸郡月形町,473-18,141.610328,43.363977
字知来乙,樺戸郡月形町,473-23,141.610429,43.363933
字知来乙,樺戸郡月形町,473-24,141.61053,43.363853
字知来乙,樺戸郡月形町,473-16,141.610477,43.363767
字知来乙,樺戸郡月形町,筆界未定地-25,141.60815,43.365013
字知来乙,樺戸郡月形町,水-88,141.608511,43.364785
字知来乙,樺戸郡月形町,909-2,141.6055,43.364626
字知来乙,樺戸郡月形町,909-3,141.605475,43.364132
字知来乙,樺戸郡月形町,908,141.608826,43.362669
字知来乙,樺戸郡月形町,3632-5,141.611442,43.360407
字知来乙,樺戸郡月形町,473-22,141.610711,43.361297
字知来乙,樺戸郡月形町,473-27,141.610952,43.361618
字知来乙,樺戸郡月形町,473-26,141.61107,43.36205
字知来乙,樺戸郡月形町,3643-1,141.610727,43.359181
字知来乙,樺戸郡月形町,473-11,141.610411,43.363387
字知来乙,樺戸郡月形町,3642-1,141.610771,43.36507
字知来乙,樺戸郡月形町,473-25,141.611146,43.362156
字知来乙,樺戸郡月形町,473-17,141.610887,43.362019
字知来乙,樺戸郡月形町,3632-7,141.611756,43.362146
字知来乙,樺戸郡月形町,3641-1,141.611612,43.364654
字知来乙,樺戸郡月形町,465-20,141.612645,43.362027
字知来乙,樺戸郡月形町,465-7,141.612726,43.361908
字知来乙,樺戸郡月形町,465-12,141.612645,43.362155
字知来乙,樺戸郡月形町,465-15,141.612989,43.363072
字知来乙,樺戸郡月形町,465-22,141.612869,43.36272
字知来乙,樺戸郡月形町,465-14,141.612873,43.362515
字知来乙,樺戸郡月形町,465-21,141.612803,43.362522
字知来乙,樺戸郡月形町,465-13,141.612815,43.362283
字知来乙,樺戸郡月形町,890-10,141.612776,43.3614
字知来乙,樺戸郡月形町,長狭物不明-113,141.612885,43.362108
字知来乙,樺戸郡月形町,無地番-40,141.612453,43.360976
字知来乙,樺戸郡月形町,464-2,141.61254,43.361193
字知来乙,樺戸郡月形町,3640-2,141.612567,43.361321
字知来乙,樺戸郡月形町,無地番-41,141.612679,43.361669
字知来乙,樺戸郡月形町,3632-6,141.612035,43.361701
字知来乙,樺戸郡月形町,463-1,141.61258,43.360224
字知来乙,樺戸郡月形町,463-15,141.612391,43.360343
字知来乙,樺戸郡月形町,3640-1,141.612417,43.359924
字知来乙,樺戸郡月形町,463-9,141.612673,43.359923
字知来乙,樺戸郡月形町,3643-2,141.611885,43.359764
字知来乙,樺戸郡月形町,3632-4,141.611408,43.359065
字知来乙,樺戸郡月形町,3632-3,141.61233,43.358904
字知来乙,樺戸郡月形町,3632-1,141.612598,43.359311
字知来乙,樺戸郡月形町,3632-9,141.612496,43.359536
字知来乙,樺戸郡月形町,3632-2,141.612337,43.359441
字知来乙,樺戸郡月形町,463-14,141.612722,43.359544
字知来乙,樺戸郡月形町,463-16,141.612549,43.359847
字知来乙,樺戸郡月形町,890-11,141.61316,43.359462
字知来乙,樺戸郡月形町,890-7,141.613088,43.359449
字知来乙,樺戸郡月形町,141-32,141.615042,43.35889
字知来乙,樺戸郡月形町,141-30,141.61653,43.359563
字知来乙,樺戸郡月形町,141-108,141.615902,43.358959
字知来乙,樺戸郡月形町,141-208,141.616631,43.358877
字知来乙,樺戸郡月形町,141-210,141.616978,43.359195
字知来乙,樺戸郡月形町,141-103,141.617117,43.359248
字知来乙,樺戸郡月形町,141-105,141.617073,43.359412
字知来乙,樺戸郡月形町,141-104,141.616432,43.359102
字知来乙,樺戸郡月形町,141-89,141.617196,43.360126
字知来乙,樺戸郡月形町,890-4,141.616289,43.360428
字知来乙,樺戸郡月形町,890-1,141.616208,43.363152
字知来乙,樺戸郡月形町,890-5,141.615523,43.364824
字知来乙,樺戸郡月形町,890-2,141.613856,43.360816
字知来乙,樺戸郡月形町,465-23,141.61292,43.363219
字知来乙,樺戸郡月形町,3632-8,141.611576,43.363137
字知来乙,樺戸郡月形町,465-18,141.612578,43.363866
字知来乙,樺戸郡月形町,465-19,141.612533,43.363939
字知来乙,樺戸郡月形町,465-10,141.612499,43.363997
字知来乙,樺戸郡月形町,465-11,141.612464,43.364055
字知来乙,樺戸郡月形町,890-8,141.612607,43.364299
字知来乙,樺戸郡月形町,467-4,141.611515,43.365062
字知来乙,樺戸郡月形町,467-2,141.611929,43.365198
字知来乙,樺戸郡月形町,467-1,141.611826,43.364978
字知来乙,樺戸郡月形町,水-96,141.613162,43.365736
字知来乙,樺戸郡月形町,長狭物不明-115,141.617541,43.364366
字知来乙,樺戸郡月形町,1240,141.618907,43.364683
字知来乙,樺戸郡月形町,141-45,141.619305,43.364705
字知来乙,樺戸郡月形町,141-52,141.619557,43.364052
字知来乙,樺戸郡月形町,141-48,141.620956,43.365217
字知来乙,樺戸郡月形町,141-65,141.62214,43.363129
字知来乙,樺戸郡月形町,141-61,141.622923,43.363033
字知来乙,樺戸郡月形町,141-59,141.62249,43.363355
字知来乙,樺戸郡月形町,水-75,141.622687,43.363673
字知来乙,樺戸郡月形町,141-149,141.622477,43.364774
字知来乙,樺戸郡月形町,141-147,141.623103,43.365025
字知来乙,樺戸郡月形町,141-150,141.62287,43.364806
字知来乙,樺戸郡月形町,141-192,141.622824,43.365777
字知来乙,樺戸郡月形町,141-50,141.622672,43.365868
字知来乙,樺戸郡月形町,141-141,141.622741,43.365493
字知来乙,樺戸郡月形町,141-49,141.622101,43.365079
字知来乙,樺戸郡月形町,長狭物不明-118,141.621215,43.367257
字知来乙,樺戸郡月形町,141-185,141.621573,43.367217
字知来乙,樺戸郡月形町,141-44,141.621883,43.367206
字知来乙,樺戸郡月形町,141-175,141.622254,43.366727
字知来乙,樺戸郡月形町,141-182,141.622623,43.366554
字知来乙,樺戸郡月形町,141-181,141.622511,43.366317
字知来乙,樺戸郡月形町,141-180,141.622922,43.366214
字知来乙,樺戸郡月形町,141-191,141.622624,43.365973
字知来乙,樺戸郡月形町,141-179,141.623043,43.366033
字知来乙,樺戸郡月形町,141-183,141.6232,43.366247
字知来乙,樺戸郡月形町,141-184,141.622848,43.366607
字知来乙,樺戸郡月形町,141-140,141.622635,43.366952
字知来乙,樺戸郡月形町,141-51,141.623362,43.366595
字知来乙,樺戸郡月形町,141-188,141.624032,43.366482
字知来乙,樺戸郡月形町,141-189,141.623705,43.366376
字知来乙,樺戸郡月形町,141-90,141.623261,43.366222
字知来乙,樺戸郡月形町,141-178,141.623407,43.366228
字知来乙,樺戸郡月形町,141-187,141.623454,43.366136
字知来乙,樺戸郡月形町,141-177,141.623341,43.366186
字知来乙,樺戸郡月形町,141-170,141.624605,43.365427
字知来乙,樺戸郡月形町,141-169,141.624752,43.365297
字知来乙,樺戸郡月形町,141-167,141.625192,43.365362
字知来乙,樺戸郡月形町,141-17,141.626013,43.365201
字知来乙,樺戸郡月形町,筆界未定地-23,141.626867,43.366636
字知来乙,樺戸郡月形町,141-12,141.627499,43.366489
字知来乙,樺戸郡月形町,141-56,141.628092,43.366821
字知来乙,樺戸郡月形町,141-215,141.628478,43.36698
字知来乙,樺戸郡月形町,1535,141.628216,43.365884
字知来乙,樺戸郡月形町,141-81,141.628632,43.366864
字知来乙,樺戸郡月形町,141-80,141.628444,43.36673
字知来乙,樺戸郡月形町,141-211,141.628176,43.366383
字知来乙,樺戸郡月形町,141-7,141.628095,43.366443
字知来乙,樺戸郡月形町,141-217,141.628045,43.366166
字知来乙,樺戸郡月形町,141-6,141.627943,43.365542
字知来乙,樺戸郡月形町,141-216,141.626739,43.365046
字知来乙,樺戸郡月形町,141-212,141.627467,43.36547
字知来乙,樺戸郡月形町,141-71,141.628043,43.366045
字知来乙,樺戸郡月形町,141-11,141.627382,43.365223
字知来乙,樺戸郡月形町,141-70,141.627436,43.365767
字知来乙,樺戸郡月形町,無地番-61,141.626699,43.36578
字知来乙,樺戸郡月形町,141-14,141.62681,43.365917
字知来乙,樺戸郡月形町,141-15,141.62643,43.365935
字知来乙,樺戸郡月形町,141-13,141.626144,43.365948
字知来乙,樺戸郡月形町,141-16,141.626311,43.365799
字知来乙,樺戸郡月形町,141-171,141.626211,43.364831
字知来乙,樺戸郡月形町,141-84,141.626771,43.364832
字知来乙,樺戸郡月形町,1536,141.627159,43.364848
字知来乙,樺戸郡月形町,141-218,141.626168,43.364509
字知来乙,樺戸郡月形町,141-168,141.626424,43.364597
字知来乙,樺戸郡月形町,141-219,141.626603,43.364943
字知来乙,樺戸郡月形町,141-172,141.625827,43.363426
字知来乙,樺戸郡月形町,141-82,141.625086,43.363034
字知来乙,樺戸郡月形町,141-174,141.624928,43.363146
字知来乙,樺戸郡月形町,141-2,141.625293,43.363613
字知来乙,樺戸郡月形町,141-238,141.624969,43.36388
字知来乙,樺戸郡月形町,141-74,141.62494,43.363896
字知来乙,樺戸郡月形町,141-240,141.625006,43.363894
字知来乙,樺戸郡月形町,141-79,141.624973,43.363918
字知来乙,樺戸郡月形町,141-78,141.625074,43.363879
字知来乙,樺戸郡月形町,141-235,141.62509,43.363829
字知来乙,樺戸郡月形町,141-5,141.625075,43.363782
字知来乙,樺戸郡月形町,141-232,141.625193,43.36388
字知来乙,樺戸郡月形町,141-173,141.625523,43.363826
字知来乙,樺戸郡月形町,141-241,141.62534,43.363959
字知来乙,樺戸郡月形町,141-237,141.625657,43.364306
字知来乙,樺戸郡月形町,141-72,141.625508,43.364301
字知来乙,樺戸郡月形町,141-73,141.626662,43.364896
字知来乙,樺戸郡月形町,141-233,141.625832,43.364293
字知来乙,樺戸郡月形町,141-3,141.626157,43.364433
字知来乙,樺戸郡月形町,141-4,141.625259,43.364119
字知来乙,樺戸郡月形町,141-234,141.625229,43.364021
字知来乙,樺戸郡月形町,141-143,141.624981,43.364159
字知来乙,樺戸郡月形町,141-19,141.624737,43.364128
字知来乙,樺戸郡月形町,141-1,141.625061,43.364692
字知来乙,樺戸郡月形町,141-21,141.624414,43.36432
字知来乙,樺戸郡月形町,141-26,141.624471,43.365138
字知来乙,樺戸郡月形町,水-97,141.623044,43.363543
字知来乙,樺戸郡月形町,水-98,141.623689,43.363834
字知来乙,樺戸郡月形町,141-20,141.624554,43.363918
字知来乙,樺戸郡月形町,141-231,141.624878,43.363729
字知来乙,樺戸郡月形町,141-75,141.624758,43.363743
字知来乙,樺戸郡月形町,道-210,141.625007,43.364035
字知来乙,樺戸郡月形町,141-230,141.623977,43.363434
字知来乙,樺戸郡月形町,141-239,141.623771,43.363179
字知来乙,樺戸郡月形町,141-22,141.623699,43.36338
字知来乙,樺戸郡月形町,141-85,141.623552,43.363323
字知来乙,樺戸郡月形町,141-60,141.622865,43.363141
字知来乙,樺戸郡月形町,141-8,141.623597,43.362793
字知来乙,樺戸郡月形町,141-76,141.623126,43.362677
字知来乙,樺戸郡月形町,141-10,141.624213,43.362636
字知来乙,樺戸郡月形町,長狭物不明-137,141.623578,43.362149
字知来乙,樺戸郡月形町,長狭物不明-136,141.623034,43.361695
字知来乙,樺戸郡月形町,水-76,141.614738,43.34647
字知来乙,樺戸郡月形町,141-114,141.620412,43.359547
字知来乙,樺戸郡月形町,141-113,141.620712,43.359957
字知来乙,樺戸郡月形町,141-112,141.620771,43.360209
字知来乙,樺戸郡月形町,141-163,141.620582,43.360423
字知来乙,樺戸郡月形町,141-164,141.620331,43.360642
字知来乙,樺戸郡月形町,141-117,141.620743,43.360744
字知来乙,樺戸郡月形町,長狭物不明-111,141.622786,43.362223
字知来乙,樺戸郡月形町,141-236,141.62291,43.362892
字知来乙,樺戸郡月形町,141-83,141.622809,43.362423
字知来乙,樺戸郡月形町,141-77,141.622775,43.362551
字知来乙,樺戸郡月形町,141-66,141.621853,43.362752
字知来乙,樺戸郡月形町,141-202,141.622584,43.362772
字知来乙,樺戸郡月形町,141-9,141.621554,43.361916
字知来乙,樺戸郡月形町,141-67,141.621042,43.362241
字知来乙,樺戸郡月形町,141-69,141.621002,43.362295
字知来乙,樺戸郡月形町,141-201,141.621745,43.362333
字知来乙,樺戸郡月形町,141-87,141.621357,43.362655
字知来乙,樺戸郡月形町,141-86,141.62126,43.362597
字知来乙,樺戸郡月形町,141-68,141.620937,43.362434
字知来乙,樺戸郡月形町,141-92,141.620827,43.362242
字知来乙,樺戸郡月形町,141-94,141.620866,43.362029
字知来乙,樺戸郡月形町,141-25,141.620801,43.362
字知来乙,樺戸郡月形町,141-200,141.620616,43.361966
字知来乙,樺戸郡月形町,141-203,141.620362,43.361861
字知来乙,樺戸郡月形町,141-93,141.620233,43.361874
字知来乙,樺戸郡月形町,無地番-60,141.620128,43.361873
字知来乙,樺戸郡月形町,141-144,141.62107,43.361513
字知来乙,樺戸郡月形町,長狭物不明-109,141.622146,43.361969
字知来乙,樺戸郡月形町,141-166,141.620071,43.361175
字知来乙,樺戸郡月形町,141-116,141.61961,43.361317
字知来乙,樺戸郡月形町,141-229,141.618878,43.360651
字知来乙,樺戸郡月形町,無地番-58,141.618805,43.36132
字知来乙,樺戸郡月形町,141-204,141.620075,43.361626
字知来乙,樺戸郡月形町,141-95,141.619926,43.361751
字知来乙,樺戸郡月形町,141-158,141.619773,43.361779
字知来乙,樺戸郡月形町,141-47,141.618947,43.362822
字知来乙,樺戸郡月形町,141-46,141.616688,43.361929
字知来乙,樺戸郡月形町,141-53,141.617526,43.362317
字知来乙,樺戸郡月形町,141-27,141.618565,43.360936
字知来乙,樺戸郡月形町,141-96,141.618105,43.36108
字知来乙,樺戸郡月形町,141-29,141.617721,43.360529
字知来乙,樺戸郡月形町,141-102,141.617898,43.359933
字知来乙,樺戸郡月形町,141-225,141.617898,43.359999
字知来乙,樺戸郡月形町,141-207,141.618267,43.360102
字知来乙,樺戸郡月形町,141-100,141.618137,43.360166
字知来乙,樺戸郡月形町,141-205,141.618129,43.359978
字知来乙,樺戸郡月形町,141-36,141.618406,43.3598
字知来乙,樺戸郡月形町,141-228,141.618598,43.360399
字知来乙,樺戸郡月形町,141-99,141.618523,43.360514
字知来乙,樺戸郡月形町,無地番-59,141.618362,43.360369
字知来乙,樺戸郡月形町,141-101,141.618126,43.360756
字知来乙,樺戸郡月形町,141-28,141.618168,43.360492
字知来乙,樺戸郡月形町,141-98,141.618684,43.360659
字知来乙,樺戸郡月形町,141-213,141.618799,43.36058
字知来乙,樺戸郡月形町,141-165,141.619677,43.360384
字知来乙,樺戸郡月形町,141-18,141.620184,43.360118
字知来乙,樺戸郡月形町,141-119,141.619063,43.360133
字知来乙,樺戸郡月形町,141-42,141.620136,43.359177
字知来乙,樺戸郡月形町,141-43,141.618393,43.358867
字知来乙,樺戸郡月形町,141-37,141.618664,43.359659
字知来乙,樺戸郡月形町,141-206,141.618,43.359862
字知来乙,樺戸郡月形町,141-209,141.617815,43.359923
字知来乙,樺戸郡月形町,141-120,141.617479,43.358081
字知来乙,樺戸郡月形町,長狭物不明-107,141.615613,43.356702
字知来乙,樺戸郡月形町,長狭物不明-97,141.616305,43.349333
字知来乙,樺戸郡月形町,166-16,141.616917,43.350794
字知来乙,樺戸郡月形町,166-24,141.616853,43.350556
字知来乙,樺戸郡月形町,166-26,141.616815,43.350888
字知来乙,樺戸郡月形町,166-5,141.61597,43.350762
字知来乙,樺戸郡月形町,166-21,141.616329,43.351196
字知来乙,樺戸郡月形町,166-7,141.615964,43.351255
字知来乙,樺戸郡月形町,166-23,141.61612,43.351581
字知来乙,樺戸郡月形町,166-28,141.616613,43.351146
字知来乙,樺戸郡月形町,166-27,141.616617,43.350944
字知来乙,樺戸郡月形町,166-29,141.616405,43.35125
字知来乙,樺戸郡月形町,1531-3,141.616105,43.351976
字知来乙,樺戸郡月形町,166-1,141.615761,43.351602
字知来乙,樺戸郡月形町,166-8,141.615165,43.351771
字知来乙,樺戸郡月形町,167-10,141.614619,43.351106
字知来乙,樺戸郡月形町,167-16,141.614691,43.351457
字知来乙,樺戸郡月形町,167-6,141.614133,43.350719
字知来乙,樺戸郡月形町,428,141.611667,43.351428
字知来乙,樺戸郡月形町,167-11,141.613142,43.352185
字知来乙,樺戸郡月形町,167-7,141.614017,43.352388
字知来乙,樺戸郡月形町,167-9,141.613001,43.352789
字知来乙,樺戸郡月形町,筆界未定地-27,141.611368,43.354444
字知来乙,樺戸郡月形町,167-1,141.613555,43.354602
字知来乙,樺戸郡月形町,167-8,141.6136,43.353587
字知来乙,樺戸郡月形町,167-15,141.614169,43.353546
字知来乙,樺戸郡月形町,166-43,141.614129,43.354285
字知来乙,樺戸郡月形町,167-14,141.614073,43.353862
字知来乙,樺戸郡月形町,166-39,141.614103,43.354406
字知来乙,樺戸郡月形町,166-11,141.614569,43.353822
字知来乙,樺戸郡月形町,166-34,141.615121,43.353783
字知来乙,樺戸郡月形町,166-33,141.614611,43.35441
字知来乙,樺戸郡月形町,1532-2,141.615421,43.353685
字知来乙,樺戸郡月形町,166-45,141.614392,43.353351
字知来乙,樺戸郡月形町,167-13,141.614284,43.353208
字知来乙,樺戸郡月形町,166-10,141.614886,43.35282
字知来乙,樺戸郡月形町,166-9,141.615427,43.352895
字知来乙,樺戸郡月形町,1531-2,141.615529,43.353507
字知来乙,樺戸郡月形町,1531-1,141.615988,43.352551
字知来乙,樺戸郡月形町,1532-1,141.614787,43.354923
字知来乙,樺戸郡月形町,166-44,141.614268,43.355107
字知来乙,樺戸郡月形町,166-31,141.614469,43.355082
字知来乙,樺戸郡月形町,166-15,141.614682,43.355613
字知来乙,樺戸郡月形町,166-35,141.614301,43.355304
字知来乙,樺戸郡月形町,166-30,141.614432,43.355222
字知来乙,樺戸郡月形町,166-42,141.614281,43.355548
字知来乙,樺戸郡月形町,141-41,141.61467,43.355937
字知来乙,樺戸郡月形町,166-38,141.614463,43.355661
字知来乙,樺戸郡月形町,166-41,141.614482,43.355895
字知来乙,樺戸郡月形町,166-14,141.614401,43.355952
字知来乙,樺戸郡月形町,141-197,141.614603,43.355972
字知来乙,樺戸郡月形町,無地番-55,141.614402,43.356059
字知来乙,樺戸郡月形町,141-40,141.614946,43.356383
字知来乙,樺戸郡月形町,141-39,141.614755,43.356358
字知来乙,樺戸郡月形町,141-196,141.614655,43.356368
字知来乙,樺戸郡月形町,141-198,141.614603,43.356148
字知来乙,樺戸郡月形町,141-125,141.614411,43.356145
字知来乙,樺戸郡月形町,141-123,141.614527,43.356521
字知来乙,樺戸郡月形町,141-111,141.614521,43.356613
字知来乙,樺戸郡月形町,141-38,141.614789,43.356591
字知来乙,樺戸郡月形町,141-195,141.614669,43.356637
字知来乙,樺戸郡月形町,141-121,141.6163,43.357547
字知来乙,樺戸郡月形町,141-145,141.616877,43.357891
字知来乙,樺戸郡月形町,141-220,141.616319,43.35834
字知来乙,樺戸郡月形町,141-222,141.616236,43.358258
字知来乙,樺戸郡月形町,141-193,141.61635,43.358538
字知来乙,樺戸郡月形町,141-223,141.616312,43.35856
字知来乙,樺戸郡月形町,141-227,141.61637,43.358617
字知来乙,樺戸郡月形町,141-106,141.61645,43.358634
字知来乙,樺戸郡月形町,141-226,141.616429,43.35869
字知来乙,樺戸郡月形町,141-31,141.616098,43.358659
字知来乙,樺戸郡月形町,141-109,141.6163,43.358638
字知来乙,樺戸郡月形町,141-107,141.616312,43.358495
字知来乙,樺戸郡月形町,141-224,141.616054,43.3583
字知来乙,樺戸郡月形町,141-35,141.615286,43.358282
字知来乙,樺戸郡月形町,141-33,141.614469,43.358099
字知来乙,樺戸郡月形町,141-91,141.614903,43.357469
字知来乙,樺戸郡月形町,141-34,141.615064,43.3576
字知来乙,樺戸郡月形町,141-221,141.615653,43.357715
字知来乙,樺戸郡月形町,141-122,141.614609,43.356725
字知来乙,樺戸郡月形町,141-199,141.614722,43.356776
字知来乙,樺戸郡月形町,141-110,141.614834,43.357271
字知来乙,樺戸郡月形町,141-24,141.614535,43.356711
字知来乙,樺戸郡月形町,無地番-53,141.612967,43.356596
字知来乙,樺戸郡月形町,245-1,141.612831,43.357792
字知来乙,樺戸郡月形町,245-6,141.612835,43.357951
字知来乙,樺戸郡月形町,筆界未定地-28,141.611446,43.358188
字知来乙,樺戸郡月形町,245-5,141.612089,43.357437
字知来乙,樺戸郡月形町,245-4,141.610841,43.356804
字知来乙,樺戸郡月形町,246-2,141.610784,43.356311
字知来乙,樺戸郡月形町,無地番-57,141.614108,43.356147
字知来乙,樺戸郡月形町,168,141.614175,43.356052
字知来乙,樺戸郡月形町,166-32,141.614209,43.355183
字知来乙,樺戸郡月形町,166-40,141.614205,43.354974
字知来乙,樺戸郡月形町,166-13,141.614021,43.354552
字知来乙,樺戸郡月形町,166-36,141.614132,43.354666
字知来乙,樺戸郡月形町,166-12,141.614236,43.354519
字知来乙,樺戸郡月形町,166-37,141.614186,43.354551
字知来乙,樺戸郡月形町,246-34,141.612256,43.355446
字知来乙,樺戸郡月形町,886-2,141.609581,43.35566
字知来乙,樺戸郡月形町,886-1,141.609355,43.356349
字知来乙,樺戸郡月形町,水-83,141.610212,43.356346
字知来乙,樺戸郡月形町,887-1,141.610184,43.356119
字知来乙,樺戸郡月形町,水-87,141.610252,43.355587
字知来乙,樺戸郡月形町,887-2,141.610162,43.355871
字知来乙,樺戸郡月形町,水-81,141.610243,43.35687
字知来乙,樺戸郡月形町,475,141.61101,43.358283
字知来乙,樺戸郡月形町,910-2,141.607401,43.355528
字知来乙,樺戸郡月形町,989-12,141.606746,43.354504
字知来乙,樺戸郡月形町,989-8,141.605968,43.355372
字知来乙,樺戸郡月形町,989-10,141.606598,43.354185
字知来乙,樺戸郡月形町,989-4,141.607197,43.352569
字知来乙,樺戸郡月形町,993-26,141.605341,43.35406
字知来乙,樺戸郡月形町,993-27,141.605376,43.353888
字知来乙,樺戸郡月形町,993-28,141.605509,43.353738
字知来乙,樺戸郡月形町,993-29,141.605624,43.353575
字知来乙,樺戸郡月形町,993-55,141.605346,43.35334
字知来乙,樺戸郡月形町,993-30,141.605711,43.353402
字知来乙,樺戸郡月形町,993-31,141.605772,43.353215
字知来乙,樺戸郡月形町,993-54,141.605406,43.353234
字知来乙,樺戸郡月形町,993-53,141.605468,43.353124
字知来乙,樺戸郡月形町,993-52,141.605524,43.353021
字知来乙,樺戸郡月形町,993-51,141.605581,43.35292
字知来乙,樺戸郡月形町,993-50,141.605641,43.352811
字知来乙,樺戸郡月形町,993-112,141.605356,43.352726
字知来乙,樺戸郡月形町,993-113,141.605418,43.352616
字知来乙,樺戸郡月形町,993-49,141.605703,43.3527
字知来乙,樺戸郡月形町,993-48,141.605695,43.352571
字知来乙,樺戸郡月形町,993-33,141.605982,43.352821
字知来乙,樺戸郡月形町,993-32,141.60587,43.353022
字知来乙,樺戸郡月形町,993-34,141.606111,43.352652
字知来乙,樺戸郡月形町,990-6,141.60851,43.352634
字知来乙,樺戸郡月形町,910-3,141.609239,43.354175
字知来乙,樺戸郡月形町,水-85,141.610295,43.355059
字知来乙,樺戸郡月形町,990-5,141.608386,43.351588
字知来乙,樺戸郡月形町,1547,141.610712,43.350123
字知来乙,樺戸郡月形町,989-9,141.607662,43.352206
字知来乙,樺戸郡月形町,993-38,141.606098,43.351995
字知来乙,樺戸郡月形町,993-37,141.605958,43.352193
字知来乙,樺戸郡月形町,993-36,141.606061,43.352323
字知来乙,樺戸郡月形町,993-35,141.606024,43.352499
字知来乙,樺戸郡月形町,993-210,141.605741,43.352477
字知来乙,樺戸郡月形町,993-211,141.605775,43.352402
字知来乙,樺戸郡月形町,993-116,141.605606,43.35228
字知来乙,樺戸郡月形町,993-115,141.60554,43.352394
字知来乙,樺戸郡月形町,993-114,141.605478,43.352505
字知来乙,樺戸郡月形町,993-117,141.605646,43.352115
字知来乙,樺戸郡月形町,993-121,141.60539,43.351966
字知来乙,樺戸郡月形町,993-119,141.605535,43.35175
字知来乙,樺戸郡月形町,993-120,141.605451,43.351855
字知来乙,樺戸郡月形町,993-39,141.606067,43.351861
字知来乙,樺戸郡月形町,993-40,141.606059,43.351705
字知来乙,樺戸郡月形町,993-41,141.605906,43.351601
字知来乙,樺戸郡月形町,993-42,141.60574,43.351533
字知来乙,樺戸郡月形町,993-118,141.605539,43.351601
字知来乙,樺戸郡月形町,993-189,141.605354,43.351442
字知来乙,樺戸郡月形町,993-190,141.605347,43.351307
字知来乙,樺戸郡月形町,993-191,141.605433,43.351178
字知来乙,樺戸郡月形町,993-45,141.605738,43.351063
字知来乙,樺戸郡月形町,993-44,141.605736,43.351229
字知来乙,樺戸郡月形町,993-43,141.60589,43.351323
字知来乙,樺戸郡月形町,993-47,141.605634,43.350714
字知来乙,樺戸郡月形町,993-46,141.605683,43.350905
字知来乙,樺戸郡月形町,993-192,141.605194,43.35088
字知来乙,樺戸郡月形町,993-193,141.605049,43.351034
字知来乙,樺戸郡月形町,993-194,141.604894,43.351187
字知来乙,樺戸郡月形町,993-195,141.604929,43.35138
字知来乙,樺戸郡月形町,708-146,141.603101,43.350629
字知来乙,樺戸郡月形町,708-123,141.602736,43.350567
字知来乙,樺戸郡月形町,708-122,141.602769,43.350458
字知来乙,樺戸郡月形町,708-106,141.60239,43.35051
字知来乙,樺戸郡月形町,708-124,141.602701,43.350683
字知来乙,樺戸郡月形町,708-125,141.602665,43.350801
字知来乙,樺戸郡月形町,708-126,141.60263,43.350917
字知来乙,樺戸郡月形町,708-147,141.603038,43.350839
字知来乙,樺戸郡月形町,708-148,141.602977,43.351044
字知来乙,樺戸郡月形町,708-127,141.602594,43.35103
字知来乙,樺戸郡月形町,708-128,141.602562,43.351142
字知来乙,樺戸郡月形町,708-129,141.602526,43.351261
字知来乙,樺戸郡月形町,708-130,141.602524,43.351383
字知来乙,樺戸郡月形町,708-149,141.602917,43.351244
字知来乙,樺戸郡月形町,988,141.603921,43.349756
字知来乙,樺戸郡月形町,708-151,141.602785,43.351725
字知来乙,樺戸郡月形町,708-150,141.602847,43.351476
字知来乙,樺戸郡月形町,708-131,141.602455,43.35149
字知来乙,樺戸郡月形町,708-132,141.602372,43.351639
字知来乙,樺戸郡月形町,708-133,141.602413,43.351763
字知来乙,樺戸郡月形町,708-134,141.6024,43.351884
字知来乙,樺戸郡月形町,708-152,141.602746,43.351974
字知来乙,樺戸郡月形町,道-207,141.601975,43.354869
字知来乙,樺戸郡月形町,708-135,141.602387,43.352004
字知来乙,樺戸郡月形町,708-136,141.602375,43.35212
字知来乙,樺戸郡月形町,708-137,141.602364,43.352238
字知来乙,樺戸郡月形町,708-153,141.602679,43.352234
字知来乙,樺戸郡月形町,993-200,141.604402,43.35236
字知来乙,樺戸郡月形町,993-199,141.604525,43.352134
字知来乙,樺戸郡月形町,988-2,141.603992,43.35176
字知来乙,樺戸郡月形町,993-198,141.604594,43.351906
字知来乙,樺戸郡月形町,993-197,141.604737,43.35173
字知来乙,樺戸郡月形町,993-196,141.604835,43.35155
字知来乙,樺戸郡月形町,993-188,141.605292,43.35155
字知来乙,樺戸郡月形町,993-187,141.605229,43.351662
字知来乙,樺戸郡月形町,993-186,141.605166,43.351774
字知来乙,樺戸郡月形町,無地番-39,141.605983,43.350284
字知来乙,樺戸郡月形町,993-185,141.605105,43.351884
字知来乙,樺戸郡月形町,993-184,141.605043,43.351992
字知来乙,樺戸郡月形町,993-122,141.605328,43.352076
字知来乙,樺戸郡月形町,993-123,141.605268,43.352184
字知来乙,樺戸郡月形町,993-183,141.604983,43.3521
字知来乙,樺戸郡月形町,993-182,141.604918,43.352213
字知来乙,樺戸郡月形町,993-181,141.604856,43.352324
字知来乙,樺戸郡月形町,993-180,141.604796,43.352431
字知来乙,樺戸郡月形町,993-126,141.605084,43.352516
字知来乙,樺戸郡月形町,993-125,141.605144,43.352408
字知来乙,樺戸郡月形町,993-124,141.605205,43.352297
字知来乙,樺戸郡月形町,993-127,141.605022,43.352626
字知来乙,樺戸郡月形町,993-128,141.604961,43.352739
字知来乙,樺戸郡月形町,993-111,141.605296,43.352836
字知来乙,樺戸郡月形町,993-110,141.605239,43.352938
字知来乙,樺戸郡月形町,993-129,141.604902,43.352842
字知来乙,樺戸郡月形町,993-130,141.604847,43.352945
字知来乙,樺戸郡月形町,993-177,141.604611,43.352757
字知来乙,樺戸郡月形町,993-178,141.604671,43.352654
字知来乙,樺戸郡月形町,993-179,141.604732,43.352543
字知来乙,樺戸郡月形町,993-201,141.604295,43.352563
字知来乙,樺戸郡月形町,993-202,141.604192,43.352765
字知来乙,樺戸郡月形町,993-1,141.603932,43.353015
字知来乙,樺戸郡月形町,993-203,141.604144,43.35295
字知来乙,樺戸郡月形町,993-176,141.604555,43.352859
字知来乙,樺戸郡月形町,993-175,141.604494,43.352967
字知来乙,樺戸郡月形町,993-174,141.60443,43.353077
字知来乙,樺戸郡月形町,993-173,141.604353,43.35322
字知来乙,樺戸郡月形町,993-212,141.604439,43.353179
字知来乙,樺戸郡月形町,993-204,141.604028,43.353179
字知来乙,樺戸郡月形町,993-205,141.603867,43.353369
字知来乙,樺戸郡月形町,993-170,141.604182,43.35352
字知来乙,樺戸郡月形町,長狭物不明-105,141.604616,43.353716
字知来乙,樺戸郡月形町,993-171,141.604245,43.35341
字知来乙,樺戸郡月形町,993-172,141.604304,43.3533
字知来乙,樺戸郡月形町,993-135,141.604541,43.353494
字知来乙,樺戸郡月形町,993-105,141.604937,43.353483
字知来乙,樺戸郡月形町,993-134,141.604599,43.353386
字知来乙,樺戸郡月形町,993-133,141.604665,43.353274
字知来乙,樺戸郡月形町,993-132,141.604724,43.353161
字知来乙,樺戸郡月形町,993-131,141.604785,43.353053
字知来乙,樺戸郡月形町,993-107,141.605062,43.353258
字知来乙,樺戸郡月形町,993-108,141.605121,43.353152
字知来乙,樺戸郡月形町,993-109,141.605183,43.353041
字知来乙,樺戸郡月形町,993-106,141.605001,43.353371
字知来乙,樺戸郡月形町,993-56,141.605285,43.353453
字知来乙,樺戸郡月形町,993-57,141.605222,43.353565
字知来乙,樺戸郡月形町,993-58,141.605164,43.353672
字知来乙,樺戸郡月形町,993-59,141.605101,43.353784
字知来乙,樺戸郡月形町,993-104,141.604879,43.35359
字知来乙,樺戸郡月形町,993-102,141.604756,43.353814
字知来乙,樺戸郡月形町,993-103,141.604817,43.353702
字知来乙,樺戸郡月形町,993-101,141.604694,43.353924
字知来乙,樺戸郡月形町,993-100,141.60463,43.35404
字知来乙,樺戸郡月形町,993-61,141.604976,43.354008
字知来乙,樺戸郡月形町,993-60,141.605039,43.353897
字知来乙,樺戸郡月形町,993-25,141.605263,43.35421
字知来乙,樺戸郡月形町,993-24,141.605158,43.354399
字知来乙,樺戸郡月形町,993-23,141.605004,43.354541
字知来乙,樺戸郡月形町,993-65,141.60461,43.354484
字知来乙,樺戸郡月形町,993-64,141.604706,43.354387
字知来乙,樺戸郡月形町,993-63,141.604864,43.354282
字知来乙,樺戸郡月形町,993-62,141.604912,43.354124
字知来乙,樺戸郡月形町,993-99,141.604595,43.354171
字知来乙,樺戸郡月形町,993-98,141.604454,43.354253
字知来乙,樺戸郡月形町,993-66,141.604516,43.354579
字知来乙,樺戸郡月形町,993-96,141.604261,43.354448
字知来乙,樺戸郡月形町,993-97,141.604355,43.354352
字知来乙,樺戸郡月形町,993-95,141.604165,43.354545
字知来乙,樺戸郡月形町,993-143,141.603869,43.354393
字知来乙,樺戸郡月形町,993-142,141.603965,43.354296
字知来乙,樺戸郡月形町,993-141,141.60406,43.3542
字知来乙,樺戸郡月形町,993-140,141.604194,43.354087
字知来乙,樺戸郡月形町,993-166,141.603921,43.353976
字知来乙,樺戸郡月形町,993-167,141.603996,43.353851
字知来乙,樺戸郡月形町,993-138,141.604357,43.353822
字知来乙,樺戸郡月形町,993-139,141.604294,43.353939
字知来乙,樺戸郡月形町,993-137,141.604418,43.353715
字知来乙,樺戸郡月形町,993-136,141.604479,43.353605
字知来乙,樺戸郡月形町,993-169,141.604121,43.353628
字知来乙,樺戸郡月形町,993-168,141.60406,43.353736
字知来乙,樺戸郡月形町,993-206,141.603723,43.353631
字知来乙,樺戸郡月形町,993-207,141.603512,43.35393
字知来乙,樺戸郡月形町,993-165,141.603808,43.354072
字知来乙,樺戸郡月形町,993-164,141.603713,43.354169
字知来乙,樺戸郡月形町,993-163,141.603617,43.354266
字知来乙,樺戸郡月形町,993-144,141.603774,43.354488
字知来乙,樺戸郡月形町,993-145,141.603678,43.354585
字知来乙,樺戸郡月形町,993-162,141.603523,43.354361
字知来乙,樺戸郡月形町,993-161,141.603429,43.354458
字知来乙,樺戸郡月形町,993-160,141.603326,43.35456
字知来乙,樺戸郡月形町,993-208,141.603301,43.354176
字知来乙,樺戸郡月形町,708-140,141.602326,43.352591
字知来乙,樺戸郡月形町,708-141,141.602312,43.352703
字知来乙,樺戸郡月形町,708-87,141.601647,43.352677
字知来乙,樺戸郡月形町,708-88,141.60195,43.352688
字知来乙,樺戸郡月形町,708-89,141.601963,43.352575
字知来乙,樺戸郡月形町,708-86,141.601661,43.352562
字知来乙,樺戸郡月形町,708-34,141.601293,43.352662
字知来乙,樺戸郡月形町,708-35,141.601306,43.352546
字知来乙,樺戸郡月形町,708-32,141.600998,43.352533
字知来乙,樺戸郡月形町,708-33,141.600984,43.352652
字知来乙,樺戸郡月形町,708-5,141.601786,43.353398
字知来乙,樺戸郡月形町,707-6,141.600467,43.353879
字知来乙,樺戸郡月形町,707-7,141.600463,43.352602
字知来乙,樺戸郡月形町,707-58,141.600246,43.352592
字知来乙,樺戸郡月形町,707-59,141.599896,43.352576
字知来乙,樺戸郡月形町,707-114,141.599594,43.352561
字知来乙,樺戸郡月形町,707-112,141.599617,43.35232
字知来乙,樺戸郡月形町,707-113,141.599606,43.35244
字知来乙,樺戸郡月形町,707-60,141.599908,43.352455
字知来乙,樺戸郡月形町,707-61,141.599919,43.352336
字知来乙,樺戸郡月形町,707-62,141.59993,43.352217
字知来乙,樺戸郡月形町,707-63,141.599942,43.352104
字知来乙,樺戸郡月形町,707-110,141.599639,43.352088
字知来乙,樺戸郡月形町,707-111,141.599628,43.352201
字知来乙,樺戸郡月形町,707-109,141.599649,43.351972
字知来乙,樺戸郡月形町,707-108,141.599661,43.35185
字知来乙,樺戸郡月形町,707-105,141.599694,43.351496
字知来乙,樺戸郡月形町,707-106,141.599586,43.35161
字知来乙,樺戸郡月形町,707-107,141.599672,43.351732
字知来乙,樺戸郡月形町,707-68,141.599999,43.351512
字知来乙,樺戸郡月形町,707-67,141.599987,43.35163
字知来乙,樺戸郡月形町,707-65,141.599964,43.351866
字知来乙,樺戸郡月形町,707-66,141.599976,43.351747
字知来乙,樺戸郡月形町,707-64,141.599953,43.351987
字知来乙,樺戸郡月形町,707-52,141.600313,43.351886
字知来乙,樺戸郡月形町,707-51,141.600419,43.351773
字知来乙,樺戸郡月形町,707-49,141.600347,43.35153
字知来乙,樺戸郡月形町,707-50,141.600336,43.351651
字知来乙,樺戸郡月形町,707-15,141.600775,43.351671
字知来乙,樺戸郡月形町,707-16,141.600678,43.351545
字知来乙,樺戸郡月形町,707-14,141.600652,43.351784
字知来乙,樺戸郡月形町,707-13,141.600748,43.351907
字知来乙,樺戸郡月形町,707-11,141.600721,43.352141
字知来乙,樺戸郡月形町,707-10,141.600603,43.352252
字知来乙,樺戸郡月形町,707-12,141.60052,43.352016
字知来乙,樺戸郡月形町,707-53,141.600301,43.352006
字知来乙,樺戸郡月形町,707-54,141.600386,43.352125
字知来乙,樺戸郡月形町,707-55,141.60028,43.352235
字知来乙,樺戸郡月形町,707-56,141.600269,43.352353
字知来乙,樺戸郡月形町,707-57,141.600259,43.352472
字知来乙,樺戸郡月形町,707-8,141.600578,43.352488
字知来乙,樺戸郡月形町,707-9,141.600487,43.352365
字知来乙,樺戸郡月形町,708-31,141.601013,43.352412
字知来乙,樺戸郡月形町,708-30,141.601027,43.352293
字知来乙,樺戸郡月形町,708-29,141.601041,43.352171
字知来乙,樺戸郡月形町,708-28,141.601057,43.352053
字知来乙,樺戸郡月形町,708-38,141.601345,43.352187
字知来乙,樺戸郡月形町,708-39,141.60136,43.352069
字知来乙,樺戸郡月形町,708-37,141.601334,43.352307
字知来乙,樺戸郡月形町,708-36,141.60132,43.352426
字知来乙,樺戸郡月形町,708-85,141.601674,43.352443
字知来乙,樺戸郡月形町,708-84,141.601687,43.352322
字知来乙,樺戸郡月形町,708-90,141.601977,43.352456
字知来乙,樺戸郡月形町,708-139,141.602337,43.352471
字知来乙,樺戸郡月形町,708-138,141.602348,43.352353
字知来乙,樺戸郡月形町,708-91,141.60199,43.352337
字知来乙,樺戸郡月形町,708-92,141.602004,43.35222
字知来乙,樺戸郡月形町,708-93,141.602018,43.352103
字知来乙,樺戸郡月形町,708-83,141.6017,43.352204
字知来乙,樺戸郡月形町,708-82,141.601713,43.352088
字知来乙,樺戸郡月形町,708-81,141.601726,43.351968
字知来乙,樺戸郡月形町,708-80,141.60174,43.351848
字知来乙,樺戸郡月形町,708-94,141.60203,43.351983
字知来乙,樺戸郡月形町,708-95,141.602045,43.351864
字知来乙,樺戸郡月形町,708-96,141.602057,43.351745
字知来乙,樺戸郡月形町,708-97,141.602062,43.351605
字知来乙,樺戸郡月形町,708-79,141.601752,43.351728
字知来乙,樺戸郡月形町,708-78,141.601766,43.351572
字知来乙,樺戸郡月形町,708-43,141.601415,43.351533
字知来乙,樺戸郡月形町,708-42,141.601399,43.351708
字知来乙,樺戸郡月形町,708-40,141.601372,43.351951
字知来乙,樺戸郡月形町,708-41,141.601386,43.351831
字知来乙,樺戸郡月形町,708-26,141.601085,43.351816
字知来乙,樺戸郡月形町,708-27,141.60107,43.351936
字知来乙,樺戸郡月形町,708-25,141.601099,43.351693
字知来乙,樺戸郡月形町,708-24,141.601114,43.351574
字知来乙,樺戸郡月形町,708-23,141.601097,43.351443
字知来乙,樺戸郡月形町,708-22,141.601165,43.35128
字知来乙,樺戸郡月形町,708-20,141.601235,43.351053
字知来乙,樺戸郡月形町,708-21,141.6012,43.351167
字知来乙,樺戸郡月形町,708-47,141.601563,43.350984
字知来乙,樺戸郡月形町,708-46,141.601528,43.3511
字知来乙,樺戸郡月形町,708-44,141.601458,43.351328
字知来乙,樺戸郡月形町,708-45,141.60146,43.35121
字知来乙,樺戸郡月形町,708-76,141.601839,43.351272
字知来乙,樺戸郡月形町,708-77,141.601805,43.351384
字知来乙,樺戸郡月形町,708-98,141.602109,43.351433
字知来乙,樺戸郡月形町,708-99,141.602143,43.351322
字知来乙,樺戸郡月形町,708-1,141.602164,43.35237
字知来乙,樺戸郡月形町,708-100,141.602179,43.351207
字知来乙,樺戸郡月形町,708-101,141.602214,43.351088
字知来乙,樺戸郡月形町,708-102,141.602249,43.350974
字知来乙,樺戸郡月形町,708-74,141.60191,43.35104
字知来乙,樺戸郡月形町,708-75,141.601875,43.351158
字知来乙,樺戸郡月形町,708-49,141.601633,43.350759
字知来乙,樺戸郡月形町,708-72,141.60198,43.350812
字知来乙,樺戸郡月形町,708-73,141.601945,43.350925
字知来乙,樺戸郡月形町,708-103,141.602284,43.35086
字知来乙,樺戸郡月形町,708-104,141.60232,43.350742
字知来乙,樺戸郡月形町,708-71,141.602015,43.350696
字知来乙,樺戸郡月形町,708-70,141.60205,43.350581
字知来乙,樺戸郡月形町,708-105,141.602355,43.350626
字知来乙,樺戸郡月形町,708-69,141.602085,43.350465
字知来乙,樺戸郡月形町,708-50,141.601669,43.350642
字知来乙,樺戸郡月形町,708-51,141.601704,43.350527
字知来乙,樺戸郡月形町,708-15,141.601407,43.35048
字知来乙,樺戸郡月形町,708-16,141.601373,43.350595
字知来乙,樺戸郡月形町,708-48,141.601599,43.350872
字知来乙,樺戸郡月形町,708-19,141.601269,43.350938
字知来乙,樺戸郡月形町,708-18,141.601303,43.350827
字知来乙,樺戸郡月形町,708-17,141.601337,43.350713
字知来乙,樺戸郡月形町,707-22,141.600883,43.350737
字知来乙,樺戸郡月形町,707-23,141.600916,43.350621
字知来乙,樺戸郡月形町,707-24,141.600987,43.350512
字知来乙,樺戸郡月形町,707-42,141.600598,43.350572
字知来乙,樺戸郡月形町,707-43,141.600563,43.350688
字知来乙,樺戸郡月形町,707-41,141.600633,43.350457
字知来乙,樺戸郡月形町,707-75,141.600256,43.350519
字知来乙,樺戸郡月形町,707-74,141.600221,43.350634
字知来乙,樺戸郡月形町,707-73,141.600185,43.350748
字知来乙,樺戸郡月形町,707-72,141.600114,43.350859
字知来乙,樺戸郡月形町,707-45,141.600493,43.35092
字知来乙,樺戸郡月形町,707-44,141.600529,43.350802
字知来乙,樺戸郡月形町,707-21,141.600811,43.350847
字知来乙,樺戸郡月形町,707-20,141.600813,43.35097
字知来乙,樺戸郡月形町,707-19,141.600778,43.351087
字知来乙,樺戸郡月形町,707-18,141.600735,43.351233
字知来乙,樺戸郡月形町,707-17,141.600628,43.351417
字知来乙,樺戸郡月形町,707-48,141.600328,43.351386
字知来乙,樺戸郡月形町,707-47,141.600414,43.351184
字知来乙,樺戸郡月形町,707-46,141.600458,43.351037
字知来乙,樺戸郡月形町,707-71,141.600114,43.350982
字知来乙,樺戸郡月形町,707-103,141.599759,43.35108
字知来乙,樺戸郡月形町,707-70,141.600068,43.351129
字知来乙,樺戸郡月形町,707-69,141.60001,43.351351
字知来乙,樺戸郡月形町,707-104,141.599706,43.351321
字知来乙,樺戸郡月形町,707-127,141.599425,43.351028
字知来乙,樺戸郡月形町,707-128,141.59947,43.35088
字知来乙,樺戸郡月形町,707-129,141.599506,43.350761
字知来乙,樺戸郡月形町,707-102,141.599805,43.350932
字知来乙,樺戸郡月形町,707-100,141.599877,43.350698
字知来乙,樺戸郡月形町,707-1,141.59854,43.350101
字知来乙,樺戸郡月形町,707-101,141.599842,43.350815
字知来乙,樺戸郡月形町,707-99,141.599913,43.350585
字知来乙,樺戸郡月形町,707-98,141.599947,43.350471
字知来乙,樺戸郡月形町,707-131,141.599609,43.350537
字知来乙,樺戸郡月形町,707-130,141.599542,43.350644
字知来乙,樺戸郡月形町,707-156,141.599275,43.350485
字知来乙,樺戸郡月形町,707-157,141.599241,43.350597
字知来乙,樺戸郡月形町,707-158,141.599205,43.350715
字知来乙,樺戸郡月形町,707-159,141.59917,43.350834
字知来乙,樺戸郡月形町,707-178,141.598832,43.350778
字知来乙,樺戸郡月形町,707-177,141.598788,43.350926
字知来乙,樺戸郡月形町,707-179,141.598867,43.350662
字知来乙,樺戸郡月形町,707-180,141.598903,43.350544
字知来乙,樺戸郡月形町,707-207,141.598602,43.350496
字知来乙,樺戸郡月形町,707-208,141.598566,43.350615
字知来乙,樺戸郡月形町,707-209,141.598534,43.350813
字知来乙,樺戸郡月形町,707-176,141.59859,43.351149
字知来乙,樺戸郡月形町,707-175,141.59865,43.351385
字知来乙,樺戸郡月形町,707-161,141.599062,43.351196
字知来乙,樺戸郡月形町,707-160,141.599126,43.350981
字知来乙,樺戸郡月形町,707-126,141.59936,43.351228
字知来乙,樺戸郡月形町,707-162,141.599052,43.351347
字知来乙,樺戸郡月形町,707-163,141.599041,43.351463
字知来乙,樺戸郡月形町,707-125,141.599352,43.351362
字知来乙,樺戸郡月形町,707-124,141.599343,43.351477
字知来乙,樺戸郡月形町,707-123,141.599332,43.351594
字知来乙,樺戸郡月形町,707-122,141.599322,43.351712
字知来乙,樺戸郡月形町,707-165,141.599019,43.351695
字知来乙,樺戸郡月形町,707-164,141.599125,43.351583
字知来乙,樺戸郡月形町,707-174,141.598666,43.351671
字知来乙,樺戸郡月形町,707-166,141.599007,43.351815
字知来乙,樺戸郡月形町,707-167,141.598996,43.351939
字知来乙,樺戸郡月形町,707-121,141.59931,43.35183
字知来乙,樺戸郡月形町,707-120,141.599299,43.351953
字知来乙,樺戸郡月形町,707-119,141.599289,43.35207
字知来乙,樺戸郡月形町,707-118,141.599278,43.352182
字知来乙,樺戸郡月形町,707-117,141.599267,43.352302
字知来乙,樺戸郡月形町,707-116,141.599257,43.352419
字知来乙,樺戸郡月形町,707-170,141.598962,43.352285
字知来乙,樺戸郡月形町,707-171,141.598853,43.352399
字知来乙,樺戸郡月形町,707-173,141.598681,43.352009
字知来乙,樺戸郡月形町,707-169,141.598974,43.352166
字知来乙,樺戸郡月形町,707-168,141.598984,43.352055
字知来乙,樺戸郡月形町,707-216,141.598307,43.350621
字知来乙,樺戸郡月形町,707-5,141.596956,43.352051
字知来乙,樺戸郡月形町,707-172,141.598939,43.352527
字知来乙,樺戸郡月形町,707-115,141.599245,43.352541
字知来乙,樺戸郡月形町,3672,141.596967,43.354969
字知来乙,樺戸郡月形町,1409,141.595022,43.356618
字知来乙,樺戸郡月形町,721,141.596474,43.358082
字知来乙,樺戸郡月形町,長狭物不明-102,141.597026,43.357446
字知来乙,樺戸郡月形町,720-1,141.597838,43.357842
字知来乙,樺戸郡月形町,道-206,141.599738,43.358082
字知来乙,樺戸郡月形町,720-2,141.600049,43.357827
字知来乙,樺戸郡月形町,910-6,141.600389,43.357893
字知来乙,樺戸郡月形町,910-5,141.600731,43.357741
字知来乙,樺戸郡月形町,1459-3,141.601757,43.356971
字知来乙,樺戸郡月形町,1459-1,141.6005,43.356502
字知来乙,樺戸郡月形町,993-6,141.603348,43.356193
字知来乙,樺戸郡月形町,993-4,141.603252,43.35639
字知来乙,樺戸郡月形町,993-5,141.603196,43.356259
字知来乙,樺戸郡月形町,993-80,141.603164,43.355942
字知来乙,樺戸郡月形町,993-7,141.603448,43.356094
字知来乙,樺戸郡月形町,993-9,141.603637,43.355906
字知来乙,樺戸郡月形町,993-8,141.603542,43.355999
字知来乙,樺戸郡月形町,993-10,141.603737,43.355805
字知来乙,樺戸郡月形町,993-11,141.603834,43.355707
字知来乙,樺戸郡月形町,993-77,141.603448,43.355657
字知来乙,樺戸郡月形町,993-78,141.603349,43.355754
字知来乙,樺戸郡月形町,993-79,141.603258,43.355847
字知来乙,樺戸郡月形町,993-83,141.603005,43.355713
字知来乙,樺戸郡月形町,993-82,141.602919,43.355849
字知来乙,樺戸郡月形町,993-81,141.603071,43.356079
字知来乙,樺戸郡月形町,993-154,141.602783,43.355506
字知来乙,樺戸郡月形町,993-84,141.603096,43.35562
字知来乙,樺戸郡月形町,993-153,141.602897,43.35537
字知来乙,樺戸郡月形町,993-152,141.602993,43.355274
字知来乙,樺戸郡月形町,993-151,141.603089,43.355179
字知来乙,樺戸郡月形町,993-155,141.602844,43.355086
字知来乙,樺戸郡月形町,993-209,141.60309,43.354455
字知来乙,樺戸郡月形町,993-157,141.603035,43.354857
字知来乙,樺戸郡月形町,993-156,141.60294,43.354955
字知来乙,樺戸郡月形町,993-150,141.603182,43.355081
字知来乙,樺戸郡月形町,993-148,141.603376,43.354888
字知来乙,樺戸郡月形町,993-149,141.603281,43.354984
字知来乙,樺戸郡月形町,993-158,141.603128,43.354761
字知来乙,樺戸郡月形町,993-159,141.603225,43.354665
字知来乙,樺戸郡月形町,993-147,141.603473,43.354791
字知来乙,樺戸郡月形町,993-146,141.603576,43.354686
字知来乙,樺戸郡月形町,993-91,141.603769,43.354943
字知来乙,樺戸郡月形町,993-90,141.603672,43.355042
字知来乙,樺戸郡月形町,993-73,141.603828,43.355272
字知来乙,樺戸郡月形町,993-74,141.603733,43.355367
字知来乙,樺戸郡月形町,993-88,141.603478,43.355234
字知来乙,樺戸郡月形町,993-89,141.603576,43.355139
字知来乙,樺戸郡月形町,993-87,141.603385,43.355331
字知来乙,樺戸郡月形町,993-86,141.60329,43.355426
字知来乙,樺戸郡月形町,993-85,141.603194,43.355523
字知来乙,樺戸郡月形町,993-76,141.603545,43.355558
字知来乙,樺戸郡月形町,993-75,141.603641,43.355461
字知来乙,樺戸郡月形町,993-12,141.603931,43.355612
字知来乙,樺戸郡月形町,993-13,141.604025,43.355516
字知来乙,樺戸郡月形町,993-14,141.60412,43.355423
字知来乙,樺戸郡月形町,993-15,141.604218,43.355325
字知来乙,樺戸郡月形町,993-16,141.604319,43.355225
字知来乙,樺戸郡月形町,993-72,141.603926,43.355175
字知来乙,樺戸郡月形町,993-71,141.604024,43.355075
字知来乙,樺戸郡月形町,993-70,141.604127,43.35497
字知来乙,樺戸郡月形町,993-92,141.603873,43.354839
字知来乙,樺戸郡月形町,993-93,141.603976,43.354736
字知来乙,樺戸郡月形町,993-94,141.60407,43.35464
字知来乙,樺戸郡月形町,993-68,141.604326,43.35477
字知来乙,樺戸郡月形町,993-67,141.60442,43.354675
字知来乙,樺戸郡月形町,993-69,141.604231,43.354867
字知来乙,樺戸郡月形町,993-17,141.604419,43.355123
字知来乙,樺戸郡月形町,993-18,141.60452,43.355022
字知来乙,樺戸郡月形町,993-19,141.604622,43.354923
字知来乙,樺戸郡月形町,993-20,141.604719,43.354827
字知来乙,樺戸郡月形町,993-22,141.604907,43.354638
字知来乙,樺戸郡月形町,993-21,141.604811,43.354732
字知来乙,樺戸郡月形町,989-7,141.605412,43.355736
字知来乙,樺戸郡月形町,989-11,141.604184,43.356419
字知来乙,樺戸郡月形町,910-7,141.604991,43.356406
字知来乙,樺戸郡月形町,910-1,141.605939,43.356771
字知来乙,樺戸郡月形町,1459-2,141.602788,43.356619
字知来乙,樺戸郡月形町,910-4,141.602269,43.356948
,樺戸郡月形町,907-1,141.602407,43.361538
,樺戸郡月形町,907-7,141.602092,43.365455
,樺戸郡月形町,907-3,141.598786,43.358932
,樺戸郡月形町,907-5,141.597236,43.363779
,樺戸郡月形町,907-4,141.598622,43.359354
,樺戸郡月形町,907-2,141.596015,43.359401
字知来乙,樺戸郡月形町,1410-1,141.592751,43.35395
字知来乙,樺戸郡月形町,643-4,141.583242,43.351775
字知来乙,樺戸郡月形町,筆界未定地-29,141.5881,43.350348
字知来乙,樺戸郡月形町,水-78,141.596158,43.3451
字知来乙,樺戸郡月形町,709-1,141.598358,43.34706
字知来乙,樺戸郡月形町,707-194,141.599053,43.348989
字知来乙,樺戸郡月形町,707-195,141.599018,43.349107
字知来乙,樺戸郡月形町,707-193,141.599356,43.349035
字知来乙,樺戸郡月形町,707-192,141.599321,43.349154
字知来乙,樺戸郡月形町,707-190,141.599252,43.34938
字知来乙,樺戸郡月形町,707-191,141.599286,43.349267
字知来乙,樺戸郡月形町,707-196,141.598984,43.349219
字知来乙,樺戸郡月形町,707-197,141.59895,43.349334
字知来乙,樺戸郡月形町,707-214,141.598643,43.349043
字知来乙,樺戸郡月形町,707-213,141.598557,43.34933
字知来乙,樺戸郡月形町,707-215,141.598253,43.348943
字知来乙,樺戸郡月形町,707-206,141.598636,43.350384
字知来乙,樺戸郡月形町,707-210,141.598368,43.35009
字知来乙,樺戸郡月形町,709-5,141.598107,43.349436
字知来乙,樺戸郡月形町,707-212,141.598484,43.349559
字知来乙,樺戸郡月形町,707-211,141.598413,43.349793
字知来乙,樺戸郡月形町,707-201,141.598811,43.349797
字知来乙,樺戸郡月形町,707-200,141.598847,43.34968
字知来乙,樺戸郡月形町,707-198,141.598916,43.349448
字知来乙,樺戸郡月形町,707-199,141.598881,43.349563
字知来乙,樺戸郡月形町,707-188,141.599183,43.34961
字知来乙,樺戸郡月形町,707-189,141.599218,43.349495
字知来乙,樺戸郡月形町,707-187,141.599149,43.349726
字知来乙,樺戸郡月形町,707-186,141.599113,43.349843
字知来乙,樺戸郡月形町,707-153,141.59938,43.350137
字知来乙,樺戸郡月形町,707-184,141.599043,43.35008
字知来乙,樺戸郡月形町,707-185,141.599078,43.349961
字知来乙,樺戸郡月形町,707-202,141.598776,43.349915
字知来乙,樺戸郡月形町,707-203,141.598741,43.350033
字知来乙,樺戸郡月形町,707-204,141.598706,43.350152
字知来乙,樺戸郡月形町,707-183,141.599007,43.3502
字知来乙,樺戸郡月形町,707-205,141.598669,43.350269
字知来乙,樺戸郡月形町,707-182,141.59897,43.350317
字知来乙,樺戸郡月形町,707-181,141.598937,43.35043
字知来乙,樺戸郡月形町,707-154,141.599344,43.350255
字知来乙,樺戸郡月形町,707-155,141.59931,43.35037
字知来乙,樺戸郡月形町,707-132,141.599611,43.350417
字知来乙,樺戸郡月形町,707-133,141.599645,43.350303
字知来乙,樺戸郡月形町,707-134,141.599681,43.350186
字知来乙,樺戸郡月形町,707-152,141.599416,43.350017
字知来乙,樺戸郡月形町,707-136,141.599755,43.349946
字知来乙,樺戸郡月形町,707-135,141.599717,43.350067
字知来乙,樺戸郡月形町,707-94,141.600091,43.350004
字知来乙,樺戸郡月形町,707-95,141.600054,43.350123
字知来乙,樺戸郡月形町,707-96,141.600018,43.35024
字知来乙,樺戸郡月形町,707-97,141.599983,43.350356
字知来乙,樺戸郡月形町,707-76,141.600291,43.350404
字知来乙,樺戸郡月形町,707-77,141.600326,43.350288
字知来乙,樺戸郡月形町,707-40,141.600666,43.350343
字知来乙,樺戸郡月形町,707-39,141.600701,43.35023
字知来乙,樺戸郡月形町,707-38,141.600737,43.350109
字知来乙,樺戸郡月形町,707-37,141.600771,43.349995
字知来乙,樺戸郡月形町,707-80,141.600433,43.349939
字知来乙,樺戸郡月形町,707-78,141.600362,43.350173
字知来乙,樺戸郡月形町,707-79,141.600398,43.350053
字知来乙,樺戸郡月形町,707-92,141.600163,43.349772
字知来乙,樺戸郡月形町,707-91,141.600199,43.349653
字知来乙,樺戸郡月形町,707-81,141.600469,43.349823
字知来乙,樺戸郡月形町,707-36,141.600806,43.34988
字知来乙,樺戸郡月形町,707-35,141.600842,43.349758
字知来乙,樺戸郡月形町,707-82,141.600505,43.349704
字知来乙,樺戸郡月形町,707-83,141.600542,43.349586
字知来乙,樺戸郡月形町,707-84,141.600576,43.349473
字知来乙,樺戸郡月形町,707-90,141.600235,43.349537
字知来乙,樺戸郡月形町,707-89,141.600303,43.34943
字知来乙,樺戸郡月形町,707-140,141.599895,43.349482
字知来乙,樺戸郡月形町,707-139,141.599859,43.3496
字知来乙,樺戸郡月形町,707-93,141.600126,43.349888
字知来乙,樺戸郡月形町,707-137,141.599788,43.349829
字知来乙,樺戸郡月形町,707-138,141.59979,43.34971
字知来乙,樺戸郡月形町,707-151,141.599453,43.349899
字知来乙,樺戸郡月形町,707-150,141.599487,43.349781
字知来乙,樺戸郡月形町,707-149,141.599522,43.349666
字知来乙,樺戸郡月形町,707-148,141.599558,43.349551
字知来乙,樺戸郡月形町,707-147,141.599592,43.349435
字知来乙,樺戸郡月形町,707-145,141.599661,43.349209
字知来乙,樺戸郡月形町,707-146,141.599626,43.34932
字知来乙,樺戸郡月形町,707-141,141.599929,43.349368
字知来乙,樺戸郡月形町,707-142,141.599963,43.349256
字知来乙,樺戸郡月形町,707-143,141.599999,43.349137
字知来乙,樺戸郡月形町,707-144,141.599696,43.34909
字知来乙,樺戸郡月形町,707-87,141.600341,43.34919
字知来乙,樺戸郡月形町,707-88,141.600304,43.349314
字知来乙,樺戸郡月形町,707-85,141.60061,43.349361
字知来乙,樺戸郡月形町,707-86,141.600648,43.349237
字知来乙,樺戸郡月形町,707-31,141.600983,43.349291
字知来乙,樺戸郡月形町,707-30,141.601258,43.349388
字知来乙,樺戸郡月形町,708-6,141.601877,43.349386
字知来乙,樺戸郡月形町,708-60,141.602178,43.349445
字知来乙,樺戸郡月形町,708-59,141.602062,43.349566
字知来乙,樺戸郡月形町,708-63,141.602434,43.349767
字知来乙,樺戸郡月形町,708-64,141.602307,43.34986
字知来乙,樺戸郡月形町,708-58,141.602014,43.34968
字知来乙,樺戸郡月形町,708-57,141.601967,43.349789
字知来乙,樺戸郡月形町,708-56,141.601954,43.349911
字知来乙,樺戸郡月形町,708-10,141.601621,43.34984
字知来乙,樺戸郡月形町,708-9,141.601667,43.349726
字知来乙,樺戸郡月形町,708-8,141.601713,43.349615
字知来乙,樺戸郡月形町,708-7,141.60176,43.349501
字知来乙,樺戸郡月形町,707-32,141.600946,43.349413
字知来乙,樺戸郡月形町,707-33,141.600912,43.349522
字知来乙,樺戸郡月形町,707-34,141.600879,43.349639
字知来乙,樺戸郡月形町,707-29,141.601165,43.349625
字知来乙,樺戸郡月形町,708-11,141.601539,43.349949
字知来乙,樺戸郡月形町,708-12,141.601462,43.350093
字知来乙,樺戸郡月形町,707-28,141.601082,43.349853
字知来乙,樺戸郡月形町,707-27,141.601014,43.350152
字知来乙,樺戸郡月形町,707-26,141.601018,43.350279
字知来乙,樺戸郡月形町,707-25,141.600984,43.350393
字知来乙,樺戸郡月形町,708-13,141.601477,43.35025
字知来乙,樺戸郡月形町,708-14,141.601443,43.350364
字知来乙,樺戸郡月形町,708-52,141.60174,43.350411
字知来乙,樺戸郡月形町,708-53,141.601775,43.350297
字知来乙,樺戸郡月形町,708-55,141.60187,43.350021
字知来乙,樺戸郡月形町,708-54,141.60176,43.35015
字知来乙,樺戸郡月形町,708-65,141.602259,43.349978
字知来乙,樺戸郡月形町,708-66,141.602209,43.350094
字知来乙,樺戸郡月形町,708-67,141.6021,43.350213
字知来乙,樺戸郡月形町,708-68,141.602119,43.35035
字知来乙,樺戸郡月形町,708-107,141.602424,43.350398
字知来乙,樺戸郡月形町,708-108,141.602403,43.35027
字知来乙,樺戸郡月形町,708-121,141.602746,43.350333
字知来乙,樺戸郡月形町,708-120,141.602845,43.350231
字知来乙,樺戸郡月形町,708-119,141.602893,43.350119
字知来乙,樺戸郡月形町,708-118,141.602944,43.349999
字知来乙,樺戸郡月形町,708-111,141.602603,43.349925
字知来乙,樺戸郡月形町,708-110,141.602555,43.350043
字知来乙,樺戸郡月形町,708-109,141.602505,43.350159
字知来乙,樺戸郡月形町,708-112,141.602729,43.349833
字知来乙,樺戸郡月形町,708-113,141.602697,43.349702
字知来乙,樺戸郡月形町,708-62,141.602402,43.349637
字知来乙,樺戸郡月形町,708-61,141.602524,43.349509
字知来乙,樺戸郡月形町,708-114,141.602762,43.349555
字知来乙,樺戸郡月形町,708-116,141.603002,43.349769
字知来乙,樺戸郡月形町,708-117,141.602991,43.349889
字知来乙,樺戸郡月形町,708-142,141.603405,43.34973
字知来乙,樺戸郡月形町,708-115,141.603108,43.34962
字知来乙,樺戸郡月形町,708-143,141.603373,43.34998
字知来乙,樺戸郡月形町,708-144,141.60324,43.350189
字知来乙,樺戸郡月形町,708-145,141.603162,43.35042
字知来乙,樺戸郡月形町,723,141.602789,43.349044
字知来乙,樺戸郡月形町,710,141.602992,43.348251
字知来乙,樺戸郡月形町,無地番-43,141.602321,43.346769
字知来乙,樺戸郡月形町,989-1,141.604699,43.346631
字知来乙,樺戸郡月形町,711-1,141.603205,43.346791
字知来乙,樺戸郡月形町,711-2,141.603994,43.347119
字知来乙,樺戸郡月形町,866,141.600676,43.344744
字知来乙,樺戸郡月形町,長狭物不明-85,141.601276,43.344442
字知来乙,樺戸郡月形町,無地番-48,141.60156,43.344666
字知来乙,樺戸郡月形町,716,141.601307,43.345395
字知来乙,樺戸郡月形町,無地番-7053,141.602369,43.346005
字知来乙,樺戸郡月形町,712,141.602688,43.346209
字知来乙,樺戸郡月形町,3674,141.602769,43.346062
字知来乙,樺戸郡月形町,長狭物不明-88,141.603767,43.346206
字知来乙,樺戸郡月形町,長狭物不明-87,141.603961,43.346121
字知来乙,樺戸郡月形町,717-4,141.603458,43.345409
字知来乙,樺戸郡月形町,717-1,141.60358,43.344019
字知来乙,樺戸郡月形町,718-3,141.605269,43.34124
字知来乙,樺戸郡月形町,717-3,141.602747,43.342312
字知来乙,樺戸郡月形町,717-2,141.602274,43.344078
字知来乙,樺戸郡月形町,無地番-50,141.601051,43.343725
字知来乙,樺戸郡月形町,868,141.59982,43.343667
字知来乙,樺戸郡月形町,643-5,141.59782,43.343728
字知来乙,樺戸郡月形町,3673,141.600344,43.345119
字知来乙,樺戸郡月形町,水-77,141.599122,43.337542
字知来乙,樺戸郡月形町,714-1,141.597947,43.339761
字知来乙,樺戸郡月形町,714-2,141.598807,43.339469
字知来乙,樺戸郡月形町,715,141.597729,43.341835
字知来乙,樺戸郡月形町,長狭物不明-99,141.598692,43.34208
字知来乙,樺戸郡月形町,筆界未定地-38,141.600131,43.341072
字知来乙,樺戸郡月形町,筆界未定地-18,141.601529,43.341983
字知来乙,樺戸郡月形町,718-1,141.603782,43.340974
字知来乙,樺戸郡月形町,944-4,141.604114,43.33915
字知来乙,樺戸郡月形町,944-1,141.605003,43.337107
字知来乙,樺戸郡月形町,876-1,141.602355,43.338163
字知来乙,樺戸郡月形町,長狭物不明-86,141.601775,43.336308
字知来乙,樺戸郡月形町,筆界未定地-30,141.60065,43.336223
字知来乙,樺戸郡月形町,378-6,141.60113,43.318131
字知来乙,樺戸郡月形町,378-9,141.601168,43.31816
字知来乙,樺戸郡月形町,3719-3,141.601266,43.317808
字知来乙,樺戸郡月形町,3719-2,141.601215,43.317822
字知来乙,樺戸郡月形町,3719-1,141.601402,43.316999
字知来乙,樺戸郡月形町,378-11,141.601649,43.317207
字知来乙,樺戸郡月形町,378-10,141.601604,43.317428
字知来乙,樺戸郡月形町,水-79,141.601107,43.317473
字知来乙,樺戸郡月形町,3718-2,141.601258,43.318337
字知来乙,樺戸郡月形町,3718-1,141.601305,43.318346
字知来乙,樺戸郡月形町,378-8,141.601787,43.318724
字知来乙,樺戸郡月形町,378-7,141.60183,43.318813
字知来乙,樺戸郡月形町,3717-2,141.60212,43.318954
字知来乙,樺戸郡月形町,595-15,141.603472,43.318219
字知来乙,樺戸郡月形町,595-3,141.603872,43.318574
字知来乙,樺戸郡月形町,378-1,141.602013,43.318038
字知来乙,樺戸郡月形町,379-3,141.602798,43.317788
字知来乙,樺戸郡月形町,379-1,141.60298,43.317205
字知来乙,樺戸郡月形町,無地番-47,141.603414,43.317425
字知来乙,樺戸郡月形町,595-24,141.603623,43.317206
字知来乙,樺戸郡月形町,595-26,141.60383,43.317311
字知来乙,樺戸郡月形町,369-25,141.602961,43.317696
字知来乙,樺戸郡月形町,595-4,141.604105,43.31796
字知来乙,樺戸郡月形町,595-1,141.605061,43.318258
字知来乙,樺戸郡月形町,3588-7,141.60462,43.317134
字知来乙,樺戸郡月形町,3588-1,141.605027,43.317341
字知来乙,樺戸郡月形町,595-32,141.60516,43.31798
字知来乙,樺戸郡月形町,595-2,141.60497,43.318712
字知来乙,樺戸郡月形町,595-34,141.60479,43.318584
字知来乙,樺戸郡月形町,595-16,141.604154,43.31867
字知来乙,樺戸郡月形町,595-10,141.604787,43.318943
字知来乙,樺戸郡月形町,595-25,141.605128,43.318682
字知来乙,樺戸郡月形町,595-8,141.605207,43.319278
字知来乙,樺戸郡月形町,3717-1,141.60364,43.319096
字知来乙,樺戸郡月形町,3577-21,141.604579,43.321029
字知来乙,樺戸郡月形町,3577-4,141.604156,43.320804
字知来乙,樺戸郡月形町,3577-19,141.604431,43.320841
字知来乙,樺戸郡月形町,3577-16,141.604218,43.320688
字知来乙,樺戸郡月形町,3577-3,141.604832,43.320529
字知来乙,樺戸郡月形町,3577-17,141.604967,43.321316
字知来乙,樺戸郡月形町,3577-13,141.604914,43.321287
字知来乙,樺戸郡月形町,3577-7,141.605032,43.321624
字知来乙,樺戸郡月形町,3577-6,141.60524,43.322181
字知来乙,樺戸郡月形町,3577-5,141.604636,43.321202
字知来乙,樺戸郡月形町,3577-22,141.605277,43.32216
字知来乙,樺戸郡月形町,3576-8,141.605266,43.325484
字知来乙,樺戸郡月形町,3576-25,141.605282,43.325799
字知来乙,樺戸郡月形町,3576-26,141.60529,43.325831
字知来乙,樺戸郡月形町,3576-5,141.605097,43.327751
字知来乙,樺戸郡月形町,3576-30,141.60499,43.327929
字知来乙,樺戸郡月形町,3576-29,141.604973,43.32787
字知来乙,樺戸郡月形町,3576-28,141.604668,43.328778
字知来乙,樺戸郡月形町,3576-27,141.604688,43.328892
字知来乙,樺戸郡月形町,3576-3,141.60475,43.328942
字知来乙,樺戸郡月形町,3576-2,141.605143,43.329066
字知来乙,樺戸郡月形町,3576-11,141.604846,43.330482
字知来乙,樺戸郡月形町,3576-1,141.605282,43.330848
字知来乙,樺戸郡月形町,3576-21,141.604398,43.331665
字知来乙,樺戸郡月形町,3576-10,141.604846,43.33191
字知来乙,樺戸郡月形町,571-1,141.605174,43.332168
字知来乙,樺戸郡月形町,376-9,141.604378,43.332093
字知来乙,樺戸郡月形町,572,141.603956,43.332569
字知来乙,樺戸郡月形町,570-4,141.6046,43.332619
字知来乙,樺戸郡月形町,570-1,141.604214,43.333362
字知来乙,樺戸郡月形町,570-2,141.605973,43.333063
字知来乙,樺戸郡月形町,570-3,141.606022,43.332706
字知来乙,樺戸郡月形町,704-1,141.608085,43.332516
字知来乙,樺戸郡月形町,875-5,141.607827,43.331985
字知来乙,樺戸郡月形町,875-4,141.606676,43.331825
字知来乙,樺戸郡月形町,942,141.606037,43.332311
字知来乙,樺戸郡月形町,571-2,141.60541,43.332108
字知来乙,樺戸郡月形町,571-3,141.605579,43.332137
字知来乙,樺戸郡月形町,376-25,141.605591,43.33168
字知来乙,樺戸郡月形町,376-29,141.605652,43.331611
字知来乙,樺戸郡月形町,3576-19,141.605742,43.331223
字知来乙,樺戸郡月形町,376-12,141.605841,43.328689
字知来乙,樺戸郡月形町,376-11,141.605746,43.329716
字知来乙,樺戸郡月形町,3576-20,141.60574,43.32993
字知来乙,樺戸郡月形町,875-3,141.606523,43.330551
字知来乙,樺戸郡月形町,875-2,141.607805,43.330652
字知来乙,樺戸郡月形町,875-1,141.608895,43.330931
字知来乙,樺戸郡月形町,583-7,141.608673,43.330155
字知来乙,樺戸郡月形町,583-3,141.609259,43.330092
字知来乙,樺戸郡月形町,583-9,141.609105,43.330326
字知来乙,樺戸郡月形町,875-6,141.60939,43.330558
字知来乙,樺戸郡月形町,600-5,141.60969,43.33055
字知来乙,樺戸郡月形町,704-2,141.610367,43.33059
字知来乙,樺戸郡月形町,546-1,141.610854,43.330978
字知来乙,樺戸郡月形町,704-5,141.610083,43.330721
字知来乙,樺戸郡月形町,704-4,141.609842,43.33075
字知来乙,樺戸郡月形町,546-4,141.610453,43.331185
字知来乙,樺戸郡月形町,546-3,141.611237,43.331193
字知来乙,樺戸郡月形町,545-7,141.609921,43.332971
字知来乙,樺戸郡月形町,704-6,141.61035,43.33092
字知来乙,樺戸郡月形町,704-3,141.60925,43.332159
字知来乙,樺戸郡月形町,道-191,141.610631,43.333279
字知来乙,樺戸郡月形町,592-4,141.609894,43.333743
字知来乙,樺戸郡月形町,592-5,141.610447,43.33329
字知来乙,樺戸郡月形町,544-4,141.611804,43.333523
字知来乙,樺戸郡月形町,545-5,141.611559,43.333352
字知来乙,樺戸郡月形町,545-6,141.611949,43.333447
字知来乙,樺戸郡月形町,545-3,141.61212,43.333402
字知来乙,樺戸郡月形町,545-4,141.610991,43.332397
字知来乙,樺戸郡月形町,545-1,141.611869,43.331721
字知来乙,樺戸郡月形町,545-2,141.612149,43.332892
字知来乙,樺戸郡月形町,長狭物不明-98,141.613616,43.332236
字知来乙,樺戸郡月形町,395-1,141.613122,43.332321
字知来乙,樺戸郡月形町,395-2,141.612849,43.332771
字知来乙,樺戸郡月形町,337-6,141.613902,43.333472
字知来乙,樺戸郡月形町,394-1,141.615443,43.332668
字知来乙,樺戸郡月形町,337-5,141.615828,43.333769
字知来乙,樺戸郡月形町,394-2,141.617656,43.332589
字知来乙,樺戸郡月形町,461-2,141.615882,43.331731
字知来乙,樺戸郡月形町,461-1,141.614937,43.331417
字知来乙,樺戸郡月形町,928,141.614092,43.331787
字知来乙,樺戸郡月形町,水-80,141.614305,43.331177
字知来乙,樺戸郡月形町,道-198,141.608269,43.327764
字知来乙,樺戸郡月形町,3572-32,141.615668,43.331148
字知来乙,樺戸郡月形町,3572-1,141.616316,43.331227
字知来乙,樺戸郡月形町,3572-31,141.615576,43.330538
字知来乙,樺戸郡月形町,3572-9,141.615411,43.329959
字知来乙,樺戸郡月形町,3572-24,141.61662,43.33039
字知来乙,樺戸郡月形町,3572-22,141.616678,43.330367
字知来乙,樺戸郡月形町,3572-10,141.616532,43.330042
字知来乙,樺戸郡月形町,3572-25,141.61595,43.329733
字知来乙,樺戸郡月形町,388-6,141.614816,43.330554
字知来乙,樺戸郡月形町,388-5,141.614507,43.330224
字知来乙,樺戸郡月形町,3572-12,141.614247,43.329599
字知来乙,樺戸郡月形町,筆界未定地-41,141.614019,43.330116
字知来乙,樺戸郡月形町,水-84,141.613842,43.330477
字知来乙,樺戸郡月形町,筆界未定地-40,141.613599,43.330204
字知来乙,樺戸郡月形町,596-3,141.612856,43.329743
字知来乙,樺戸郡月形町,658-2,141.61284,43.330214
字知来乙,樺戸郡月形町,水-82,141.613354,43.330602
字知来乙,樺戸郡月形町,927,141.614052,43.330908
字知来乙,樺戸郡月形町,462,141.613531,43.331221
字知来乙,樺戸郡月形町,546-2,141.61241,43.330956
字知来乙,樺戸郡月形町,658-1,141.611989,43.330081
字知来乙,樺戸郡月形町,596-2,141.612239,43.329242
字知来乙,樺戸郡月形町,596-7,141.611569,43.329344
字知来乙,樺戸郡月形町,596-4,141.612337,43.328488
字知来乙,樺戸郡月形町,600-1,141.612605,43.327198
字知来乙,樺戸郡月形町,600-3,141.611358,43.327853
字知来乙,樺戸郡月形町,3573-8,141.613037,43.327899
字知来乙,樺戸郡月形町,3573-1,141.612784,43.32806
字知来乙,樺戸郡月形町,596-5,141.61327,43.327648
字知来乙,樺戸郡月形町,3573-2,141.613766,43.328863
字知来乙,樺戸郡月形町,3573-6,141.612499,43.32821
字知来乙,樺戸郡月形町,3573-7,141.613095,43.328731
字知来乙,樺戸郡月形町,3572-13,141.614129,43.32918
字知来乙,樺戸郡月形町,3572-30,141.614382,43.328925
字知来乙,樺戸郡月形町,3572-14,141.615454,43.329041
字知来乙,樺戸郡月形町,3572-23,141.615963,43.32955
字知来乙,樺戸郡月形町,3572-15,141.616334,43.329429
字知来乙,樺戸郡月形町,3572-27,141.617009,43.329748
字知来乙,樺戸郡月形町,3572-18,141.616692,43.32893
字知来乙,樺戸郡月形町,3578-11,141.617209,43.328631
字知来乙,樺戸郡月形町,3572-26,141.616086,43.329098
字知来乙,樺戸郡月形町,3572-28,141.615956,43.328568
字知来乙,樺戸郡月形町,3572-29,141.616182,43.327848
字知来乙,樺戸郡月形町,3572-19,141.616138,43.32833
字知来乙,樺戸郡月形町,3573-4,141.615616,43.327777
字知来乙,樺戸郡月形町,3573-11,141.615254,43.327652
字知来乙,樺戸郡月形町,3573-9,141.61494,43.327864
字知来乙,樺戸郡月形町,3573-3,141.614231,43.328189
字知来乙,樺戸郡月形町,3573-10,141.614361,43.327392
字知来乙,樺戸郡月形町,397-3,141.614796,43.327181
字知来乙,樺戸郡月形町,1407-2,141.614094,43.326921
字知来乙,樺戸郡月形町,397-2,141.614263,43.326262
字知来乙,樺戸郡月形町,3573-14,141.615526,43.32696
字知来乙,樺戸郡月形町,3573-5,141.615506,43.327247
字知来乙,樺戸郡月形町,3573-13,141.6152,43.327451
字知来乙,樺戸郡月形町,3573-12,141.61593,43.327474
字知来乙,樺戸郡月形町,3578-24,141.616747,43.327337
字知来乙,樺戸郡月形町,310-24,141.616834,43.326931
字知来乙,樺戸郡月形町,310-1,141.616405,43.3266
字知来乙,樺戸郡月形町,310-11,141.616621,43.325715
字知来乙,樺戸郡月形町,397-1,141.614629,43.325981
字知来乙,樺戸郡月形町,397-4,141.614815,43.326447
字知来乙,樺戸郡月形町,3574-14,141.614482,43.325478
字知来乙,樺戸郡月形町,3574-12,141.614388,43.325664
字知来乙,樺戸郡月形町,3574-13,141.613884,43.325472
字知来乙,樺戸郡月形町,286-3,141.613079,43.325294
字知来乙,樺戸郡月形町,3574-1,141.613318,43.325888
字知来乙,樺戸郡月形町,1407-1,141.613943,43.326519
字知来乙,樺戸郡月形町,596-8,141.613957,43.32733
字知来乙,樺戸郡月形町,286-1,141.61349,43.326483
字知来乙,樺戸郡月形町,600-4,141.612611,43.326587
字知来乙,樺戸郡月形町,366-5,141.611559,43.325805
字知来乙,樺戸郡月形町,582-9,141.610159,43.326645
字知来乙,樺戸郡月形町,582-3,141.61004,43.325939
字知来乙,樺戸郡月形町,1528-2,141.609647,43.32552
字知来乙,樺戸郡月形町,582-7,141.609336,43.326462
字月ケ岡,樺戸郡月形町,1242-1,141.609017,43.325885
字知来乙,樺戸郡月形町,582-10,141.609236,43.326412
字月ケ岡,樺戸郡月形町,1242-3,141.609373,43.325949
字知来乙,樺戸郡月形町,582-1,141.608894,43.32751
字知来乙,樺戸郡月形町,582-11,141.610114,43.326992
字知来乙,樺戸郡月形町,583-8,141.610111,43.327261
字知来乙,樺戸郡月形町,583-1,141.611131,43.326733
字知来乙,樺戸郡月形町,583-2,141.610878,43.327949
字知来乙,樺戸郡月形町,600-2,141.611426,43.329008
字知来乙,樺戸郡月形町,583-5,141.609949,43.328626
字知来乙,樺戸郡月形町,583-10,141.608909,43.329301
字知来乙,樺戸郡月形町,582-6,141.608858,43.329189
字知来乙,樺戸郡月形町,583-4,141.608673,43.329912
字知来乙,樺戸郡月形町,582-5,141.608652,43.329376
字知来乙,樺戸郡月形町,583-6,141.60968,43.327995
字知来乙,樺戸郡月形町,582-8,141.609615,43.327927
字知来乙,樺戸郡月形町,582-4,141.609237,43.32806
字月ケ岡,樺戸郡月形町,955-1,141.607154,43.328273
字知来乙,樺戸郡月形町,582-2,141.607999,43.329274
字月ケ岡,樺戸郡月形町,955-2,141.606798,43.328634
字知来乙,樺戸郡月形町,3576-12,141.60552,43.329276
字知来乙,樺戸郡月形町,3576-18,141.605464,43.328428
字知来乙,樺戸郡月形町,3576-17,141.605361,43.328378
字知来乙,樺戸郡月形町,376-22,141.606049,43.328161
字知来乙,樺戸郡月形町,3576-4,141.605544,43.32778
字知来乙,樺戸郡月形町,3576-13,141.60601,43.327291
字知来乙,樺戸郡月形町,3576-6,141.60576,43.32664
字知来乙,樺戸郡月形町,3576-22,141.606097,43.327345
字月ケ岡,樺戸郡月形町,657-2,141.607356,43.327499
字月ケ岡,樺戸郡月形町,筆界未定地-44,141.607854,43.326593
字月ケ岡,樺戸郡月形町,1242-2,141.6075,43.325288
字知来乙,樺戸郡月形町,3576-14,141.606156,43.32631
字知来乙,樺戸郡月形町,水-90,141.606983,43.322281
字知来乙,樺戸郡月形町,376-4,141.606491,43.325936
字知来乙,樺戸郡月形町,3576-23,141.605813,43.326328
字知来乙,樺戸郡月形町,3576-7,141.605832,43.325529
字知来乙,樺戸郡月形町,3577-11,141.605663,43.323634
字知来乙,樺戸郡月形町,3577-1,141.606088,43.3236
字知来乙,樺戸郡月形町,3577-23,141.606382,43.323384
字知来乙,樺戸郡月形町,3576-16,141.606174,43.324234
字知来乙,樺戸郡月形町,3576-9,141.606664,43.324167
字知来乙,樺戸郡月形町,3576-15,141.607114,43.324156
字知来乙,樺戸郡月形町,3576-24,141.60706,43.323667
字知来乙,樺戸郡月形町,278-4,141.607641,43.323564
字知来乙,樺戸郡月形町,278-2,141.608232,43.323818
字知来乙,樺戸郡月形町,278-3,141.608165,43.324181
字知来乙,樺戸郡月形町,376-17,141.607187,43.324469
字知来乙,樺戸郡月形町,1528-1,141.608082,43.324797
字知来乙,樺戸郡月形町,278-16,141.609596,43.324875
字知来乙,樺戸郡月形町,278-34,141.609956,43.325052
字知来乙,樺戸郡月形町,368-20,141.61014,43.325048
字知来乙,樺戸郡月形町,368-8,141.61016,43.325277
字知来乙,樺戸郡月形町,368-6,141.6105,43.325314
字知来乙,樺戸郡月形町,368-5,141.610798,43.324636
字知来乙,樺戸郡月形町,368-24,141.610457,43.324557
字知来乙,樺戸郡月形町,368-25,141.610405,43.324647
字知来乙,樺戸郡月形町,278-35,141.610191,43.324699
字知来乙,樺戸郡月形町,278-23,141.609822,43.324091
字知来乙,樺戸郡月形町,278-36,141.610328,43.324498
字知来乙,樺戸郡月形町,278-32,141.610543,43.324191
字知来乙,樺戸郡月形町,368-23,141.610885,43.32397
字知来乙,樺戸郡月形町,278-22,141.610216,43.323818
字知来乙,樺戸郡月形町,278-24,141.60927,43.32344
字知来乙,樺戸郡月形町,278-25,141.60912,43.323838
字知来乙,樺戸郡月形町,278-17,141.609422,43.324352
字知来乙,樺戸郡月形町,278-29,141.608539,43.323713
字知来乙,樺戸郡月形町,278-26,141.608993,43.323673
字知来乙,樺戸郡月形町,278-28,141.608262,43.323564
字知来乙,樺戸郡月形町,278-27,141.608514,43.32325
字知来乙,樺戸郡月形町,278-18,141.609514,43.323082
字知来乙,樺戸郡月形町,278-33,141.611192,43.323205
字知来乙,樺戸郡月形町,278-1,141.610609,43.322664
字知来乙,樺戸郡月形町,278-19,141.610476,43.321374
字知来乙,樺戸郡月形町,278-5,141.609245,43.322424
字知来乙,樺戸郡月形町,278-6,141.609597,43.321088
字知来乙,樺戸郡月形町,道-201,141.608099,43.321619
字知来乙,樺戸郡月形町,512-1,141.607466,43.322446
字知来乙,樺戸郡月形町,369-3,141.607379,43.322068
字知来乙,樺戸郡月形町,3577-8,141.607282,43.322759
字知来乙,樺戸郡月形町,3577-9,141.605948,43.323385
字知来乙,樺戸郡月形町,3577-26,141.606542,43.323254
字知来乙,樺戸郡月形町,3577-25,141.607117,43.323004
字知来乙,樺戸郡月形町,3577-24,141.606533,43.323244
字知来乙,樺戸郡月形町,3577-27,141.605836,43.323328
字知来乙,樺戸郡月形町,3577-15,141.605794,43.323303
字知来乙,樺戸郡月形町,3577-10,141.605839,43.323715
字知来乙,樺戸郡月形町,3577-12,141.605497,43.322895
字知来乙,樺戸郡月形町,3577-20,141.605556,43.322925
字知来乙,樺戸郡月形町,3577-18,141.605688,43.323105
字知来乙,樺戸郡月形町,3577-14,141.605406,43.322419
字知来乙,樺戸郡月形町,3577-2,141.60624,43.322538
字知来乙,樺戸郡月形町,369-2,141.606216,43.320546
字知来乙,樺戸郡月形町,369-1,141.607962,43.320854
字知来乙,樺戸郡月形町,369-11,141.607956,43.320164
字知来乙,樺戸郡月形町,369-5,141.606929,43.319484
字知来乙,樺戸郡月形町,369-7,141.60747,43.319375
字知来乙,樺戸郡月形町,369-18,141.607922,43.319381
字知来乙,樺戸郡月形町,369-17,141.607142,43.319287
字知来乙,樺戸郡月形町,595-5,141.605448,43.319784
字知来乙,樺戸郡月形町,369-10,141.606668,43.319209
字知来乙,樺戸郡月形町,595-18,141.606454,43.318954
字知来乙,樺戸郡月形町,595-30,141.606657,43.318739
字知来乙,樺戸郡月形町,595-31,141.606418,43.318608
字知来乙,樺戸郡月形町,3589-1,141.606741,43.318278
字知来乙,樺戸郡月形町,595-27,141.605644,43.318614
字知来乙,樺戸郡月形町,595-33,141.605523,43.318157
字知来乙,樺戸郡月形町,3588-3,141.605848,43.317783
字知来乙,樺戸郡月形町,3588-2,141.605749,43.317315
字知来乙,樺戸郡月形町,374-11,141.606692,43.317466
字知来乙,樺戸郡月形町,3589-3,141.607503,43.318003
字知来乙,樺戸郡月形町,374-10,141.60697,43.317602
字知来乙,樺戸郡月形町,3589-16,141.607407,43.317406
字知来乙,樺戸郡月形町,3589-14,141.608295,43.317579
字知来乙,樺戸郡月形町,3589-15,141.608212,43.317775
字知来乙,樺戸郡月形町,3589-4,141.608066,43.318103
字知来乙,樺戸郡月形町,374-14,141.607926,43.318311
字知来乙,樺戸郡月形町,374-17,141.608451,43.318206
字知来乙,樺戸郡月形町,3589-2,141.607253,43.318544
字知来乙,樺戸郡月形町,369-21,141.606899,43.318862
字知来乙,樺戸郡月形町,369-23,141.607071,43.318946
字知来乙,樺戸郡月形町,369-16,141.606986,43.319077
字知来乙,樺戸郡月形町,369-20,141.607339,43.319084
字知来乙,樺戸郡月形町,374-16,141.607534,43.318749
字知来乙,樺戸郡月形町,374-9,141.608769,43.318918
字知来乙,樺戸郡月形町,374-5,141.608468,43.318688
字知来乙,樺戸郡月形町,373-7,141.609464,43.318877
字知来乙,樺戸郡月形町,374-3,141.609283,43.318234
字知来乙,樺戸郡月形町,374-2,141.608649,43.317659
字知来乙,樺戸郡月形町,374-15,141.608414,43.317507
字知来乙,樺戸郡月形町,3589-8,141.608514,43.317407
字知来乙,樺戸郡月形町,3589-7,141.608446,43.317268
字知来乙,樺戸郡月形町,3589-10,141.609484,43.317324
字知来乙,樺戸郡月形町,3589-9,141.608982,43.317725
字知来乙,樺戸郡月形町,373-15,141.611505,43.316738
字知来乙,樺戸郡月形町,373-8,141.610413,43.317759
字知来乙,樺戸郡月形町,3589-19,141.610204,43.317614
字知来乙,樺戸郡月形町,3589-13,141.610417,43.317346
字知来乙,樺戸郡月形町,373-10,141.610691,43.317309
字知来乙,樺戸郡月形町,373-2,141.6109,43.31782
字知来乙,樺戸郡月形町,373-1,141.610604,43.318614
字知来乙,樺戸郡月形町,373-9,141.610054,43.318945
字知来乙,樺戸郡月形町,3590-1,141.611125,43.319708
字知来乙,樺戸郡月形町,3590-3,141.610439,43.319499
字知来乙,樺戸郡月形町,373-5,141.608945,43.319269
字知来乙,樺戸郡月形町,369-22,141.608397,43.319622
字知来乙,樺戸郡月形町,373-6,141.608918,43.319453
字知来乙,樺戸郡月形町,369-19,141.609017,43.319934
字知来乙,樺戸郡月形町,369-13,141.608318,43.319733
字知来乙,樺戸郡月形町,369-8,141.608445,43.319791
字知来乙,樺戸郡月形町,512-4,141.609661,43.320275
字知来乙,樺戸郡月形町,512-3,141.609575,43.32034
字知来乙,樺戸郡月形町,無地番-49,141.609419,43.320501
字知来乙,樺戸郡月形町,369-24,141.609082,43.320468
字知来乙,樺戸郡月形町,278-41,141.609877,43.32067
字知来乙,樺戸郡月形町,278-13,141.610375,43.320747
字知来乙,樺戸郡月形町,278-38,141.610299,43.320579
字知来乙,樺戸郡月形町,278-40,141.610694,43.320775
字知来乙,樺戸郡月形町,278-11,141.610624,43.32085
字知来乙,樺戸郡月形町,278-39,141.6109,43.320877
字知来乙,樺戸郡月形町,278-20,141.610832,43.32096
字知来乙,樺戸郡月形町,278-9,141.611579,43.321337
字知来乙,樺戸郡月形町,278-37,141.61127,43.321055
字知来乙,樺戸郡月形町,371-8,141.612513,43.321227
字知来乙,樺戸郡月形町,370-31,141.613073,43.321039
字知来乙,樺戸郡月形町,370-25,141.612909,43.32096
字知来乙,樺戸郡月形町,3591-1,141.613225,43.320771
字知来乙,樺戸郡月形町,3591-22,141.613525,43.321023
字知来乙,樺戸郡月形町,3591-23,141.613685,43.321096
字知来乙,樺戸郡月形町,3591-2,141.613616,43.320669
字知来乙,樺戸郡月形町,3591-8,141.61423,43.320586
字知来乙,樺戸郡月形町,3591-3,141.613894,43.320324
字知来乙,樺戸郡月形町,371-9,141.613623,43.319789
字知来乙,樺戸郡月形町,370-22,141.613286,43.320481
字知来乙,樺戸郡月形町,370-21,141.613496,43.320214
字知来乙,樺戸郡月形町,3591-16,141.613644,43.320084
字知来乙,樺戸郡月形町,3591-4,141.614149,43.320043
字知来乙,樺戸郡月形町,3591-17,141.613811,43.319869
字知来乙,樺戸郡月形町,370-26,141.613769,43.319866
字知来乙,樺戸郡月形町,371-12,141.613705,43.319674
字知来乙,樺戸郡月形町,371-11,141.613649,43.319681
字知来乙,樺戸郡月形町,370-27,141.614,43.319595
字知来乙,樺戸郡月形町,371-1,141.61223,43.320489
字知来乙,樺戸郡月形町,3590-4,141.611662,43.320088
字知来乙,樺戸郡月形町,3590-2,141.611799,43.31893
字知来乙,樺戸郡月形町,372-4,141.612095,43.318351
字知来乙,樺戸郡月形町,373-3,141.611676,43.317559
字知来乙,樺戸郡月形町,373-12,141.611685,43.316976
字知来乙,樺戸郡月形町,372-3,141.612713,43.317558
字知来乙,樺戸郡月形町,372-5,141.612621,43.317994
字知来乙,樺戸郡月形町,371-4,141.614057,43.317994
字知来乙,樺戸郡月形町,371-3,141.613955,43.318413
字知来乙,樺戸郡月形町,3591-15,141.614548,43.31906
字知来乙,樺戸郡月形町,3591-11,141.614207,43.319416
字知来乙,樺戸郡月形町,3591-20,141.614437,43.319076
字知来乙,樺戸郡月形町,370-28,141.614086,43.319482
字知来乙,樺戸郡月形町,371-10,141.614401,43.318812
字知来乙,樺戸郡月形町,371-13,141.61487,43.318216
字知来乙,樺戸郡月形町,370-20,141.614958,43.318371
字知来乙,樺戸郡月形町,371-5,141.614767,43.317292
字知来乙,樺戸郡月形町,371-15,141.615676,43.317148
字知来乙,樺戸郡月形町,370-24,141.615719,43.317403
字知来乙,樺戸郡月形町,371-14,141.615364,43.317611
字知来乙,樺戸郡月形町,3591-21,141.61538,43.317879
字知来乙,樺戸郡月形町,3591-18,141.615277,43.318032
字知来乙,樺戸郡月形町,370-23,141.615221,43.318038
字知来乙,樺戸郡月形町,3591-19,141.61582,43.317311
字知来乙,樺戸郡月形町,370-29,141.616223,43.317363
字知来乙,樺戸郡月形町,445-6,141.616248,43.317251
字知来乙,樺戸郡月形町,3595-7,141.616252,43.317129
字知来乙,樺戸郡月形町,297-20,141.617077,43.317785
字知来乙,樺戸郡月形町,3591-13,141.617097,43.318647
字知来乙,樺戸郡月形町,3591-7,141.616301,43.31821
字知来乙,樺戸郡月形町,3591-12,141.615671,43.318695
字知来乙,樺戸郡月形町,3592-14,141.617107,43.318741
字知来乙,樺戸郡月形町,3592-3,141.617466,43.319025
字知来乙,樺戸郡月形町,3592-13,141.616024,43.319897
字知来乙,樺戸郡月形町,3591-6,141.615278,43.319483
字知来乙,樺戸郡月形町,3591-10,141.614301,43.319319
字知来乙,樺戸郡月形町,3591-9,141.614242,43.320517
字知来乙,樺戸郡月形町,3591-5,141.614582,43.320823
字知来乙,樺戸郡月形町,3592-16,141.616479,43.320823
字知来乙,樺戸郡月形町,3592-20,141.616491,43.320861
字知来乙,樺戸郡月形町,3592-5,141.617134,43.321196
字知来乙,樺戸郡月形町,296-9,141.616832,43.32219
字知来乙,樺戸郡月形町,3592-23,141.616889,43.321894
字知来乙,樺戸郡月形町,296-10,141.616893,43.322548
字知来乙,樺戸郡月形町,3592-6,141.616484,43.322546
字知来乙,樺戸郡月形町,296-8,141.616786,43.322685
字知来乙,樺戸郡月形町,296-7,141.616576,43.322914
字知来乙,樺戸郡月形町,296-3,141.6161,43.322879
字知来乙,樺戸郡月形町,296-4,141.615415,43.322536
字知来乙,樺戸郡月形町,287-4,141.615241,43.323178
字知来乙,樺戸郡月形町,367-1,141.614568,43.322842
字知来乙,樺戸郡月形町,3592-1,141.614542,43.322308
字知来乙,樺戸郡月形町,3592-15,141.615396,43.321977
字知来乙,樺戸郡月形町,3592-19,141.615644,43.321764
字知来乙,樺戸郡月形町,3592-2,141.615296,43.321384
字知来乙,樺戸郡月形町,3592-12,141.615051,43.320947
字知来乙,樺戸郡月形町,3591-24,141.614136,43.321324
字知来乙,樺戸郡月形町,297-2,141.613642,43.321546
字知来乙,樺戸郡月形町,297-21,141.614108,43.322089
字知来乙,樺戸郡月形町,368-2,141.613054,43.322114
字知来乙,樺戸郡月形町,368-16,141.612968,43.322274
字知来乙,樺戸郡月形町,368-21,141.61276,43.322244
字知来乙,樺戸郡月形町,368-15,141.612928,43.321998
字知来乙,樺戸郡月形町,368-7,141.612975,43.322033
字知来乙,樺戸郡月形町,370-30,141.612862,43.321284
字知来乙,樺戸郡月形町,370-19,141.61259,43.321365
字知来乙,樺戸郡月形町,370-1,141.612745,43.321442
字知来乙,樺戸郡月形町,368-10,141.612449,43.321757
字知来乙,樺戸郡月形町,道-204,141.612289,43.32168
字知来乙,樺戸郡月形町,278-7,141.611967,43.321519
字知来乙,樺戸郡月形町,278-8,141.610537,43.320976
字知来乙,樺戸郡月形町,278-15,141.611854,43.321696
字知来乙,樺戸郡月形町,278-21,141.611381,43.321832
字知来乙,樺戸郡月形町,278-31,141.611903,43.322154
字知来乙,樺戸郡月形町,長狭物不明-91,141.612201,43.321812
字知来乙,樺戸郡月形町,368-17,141.612481,43.322031
字知来乙,樺戸郡月形町,368-3,141.612736,43.321903
字知来乙,樺戸郡月形町,無地番-51,141.612723,43.32207
字知来乙,樺戸郡月形町,368-1,141.612474,43.322981
字知来乙,樺戸郡月形町,368-14,141.612188,43.322498
字知来乙,樺戸郡月形町,368-26,141.612227,43.32203
字知来乙,樺戸郡月形町,368-22,141.61158,43.322849
字知来乙,樺戸郡月形町,366-1,141.61312,43.32299
字知来乙,樺戸郡月形町,368-18,141.612897,43.322623
字知来乙,樺戸郡月形町,368-19,141.612993,43.322356
字知来乙,樺戸郡月形町,366-12,141.613262,43.322457
字知来乙,樺戸郡月形町,366-13,141.613191,43.322454
字知来乙,樺戸郡月形町,366-11,141.613215,43.322391
字知来乙,樺戸郡月形町,無地番-54,141.613211,43.322339
字知来乙,樺戸郡月形町,無地番-7042,141.613678,43.322365
字知来乙,樺戸郡月形町,367-7,141.613855,43.322436
字知来乙,樺戸郡月形町,367-6,141.614035,43.322574
字知来乙,樺戸郡月形町,287-15,141.614302,43.322893
字知来乙,樺戸郡月形町,367-3,141.61418,43.32314
字知来乙,樺戸郡月形町,366-7,141.613797,43.323818
字知来乙,樺戸郡月形町,3574-4,141.613849,43.324355
字知来乙,樺戸郡月形町,3574-3,141.613983,43.324593
字知来乙,樺戸郡月形町,366-8,141.613695,43.323926
字知来乙,樺戸郡月形町,3574-7,141.613427,43.323933
字知来乙,樺戸郡月形町,3574-16,141.613312,43.324105
字知来乙,樺戸郡月形町,3574-8,141.612765,43.323623
字知来乙,樺戸郡月形町,366-2,141.613039,43.323595
字知来乙,樺戸郡月形町,3574-6,141.612493,43.32384
字知来乙,樺戸郡月形町,368-4,141.61159,43.323879
字知来乙,樺戸郡月形町,3574-17,141.612361,43.324023
字知来乙,樺戸郡月形町,3574-5,141.612701,43.324652
字知来乙,樺戸郡月形町,366-4,141.612132,43.325539
字知来乙,樺戸郡月形町,3574-9,141.612361,43.325202
字知来乙,樺戸郡月形町,3574-11,141.613297,43.324721
字知来乙,樺戸郡月形町,3574-15,141.613497,43.324544
字知来乙,樺戸郡月形町,3574-2,141.613898,43.325093
字知来乙,樺戸郡月形町,3574-10,141.61338,43.325238
字知来乙,樺戸郡月形町,道-7252,141.615264,43.324681
字知来乙,樺戸郡月形町,287-11,141.615215,43.324626
字知来乙,樺戸郡月形町,3575-1,141.61498,43.324298
字知来乙,樺戸郡月形町,287-1,141.614501,43.323853
字知来乙,樺戸郡月形町,287-14,141.615055,43.323567
字知来乙,樺戸郡月形町,287-6,141.615778,43.323447
字知来乙,樺戸郡月形町,287-10,141.616051,43.323586
字知来乙,樺戸郡月形町,無地番-7045,141.616118,43.323618
字知来乙,樺戸郡月形町,396-3,141.616763,43.323942
字知来乙,樺戸郡月形町,287-2,141.616557,43.324319
字知来乙,樺戸郡月形町,396-1,141.615716,43.325295
字知来乙,樺戸郡月形町,287-12,141.617859,43.324969
字知来乙,樺戸郡月形町,287-13,141.618331,43.325227
字知来乙,樺戸郡月形町,332-23,141.618458,43.325356
字知来乙,樺戸郡月形町,道-7214,141.618762,43.324977
字知来乙,樺戸郡月形町,310-18,141.618396,43.32527
字知来乙,樺戸郡月形町,284-8,141.618718,43.325078
字知来乙,樺戸郡月形町,310-22,141.618645,43.324992
字知来乙,樺戸郡月形町,310-14,141.618264,43.324676
字知来乙,樺戸郡月形町,310-5,141.618455,43.324775
字知来乙,樺戸郡月形町,310-9,141.618639,43.324867
字知来乙,樺戸郡月形町,310-16,141.617891,43.324495
字知来乙,樺戸郡月形町,310-7,141.617428,43.324276
字知来乙,樺戸郡月形町,310-10,141.617618,43.324372
字知来乙,樺戸郡月形町,1858,141.617475,43.323718
字知来乙,樺戸郡月形町,298-7,141.617258,43.323348
字知来乙,樺戸郡月形町,298-8,141.617639,43.323443
字知来乙,樺戸郡月形町,586-11,141.61944,43.324267
字知来乙,樺戸郡月形町,3593-1,141.618931,43.323611
字知来乙,樺戸郡月形町,3593-14,141.619663,43.323844
字知来乙,樺戸郡月形町,586-12,141.61977,43.323921
字知来乙,樺戸郡月形町,586-22,141.619889,43.324098
字知来乙,樺戸郡月形町,330-9,141.619604,43.323945
字知来乙,樺戸郡月形町,586-23,141.619663,43.324135
字知来乙,樺戸郡月形町,586-17,141.619899,43.324213
字知来乙,樺戸郡月形町,586-16,141.619807,43.324507
字知来乙,樺戸郡月形町,586-24,141.61937,43.324404
字知来乙,樺戸郡月形町,332-5,141.619315,43.325136
字知来乙,樺戸郡月形町,310-21,141.618722,43.32491
字知来乙,樺戸郡月形町,332-22,141.618842,43.324979
字知来乙,樺戸郡月形町,332-7,141.619922,43.325308
字知来乙,樺戸郡月形町,391-23,141.620908,43.325256
字知来乙,樺戸郡月形町,391-22,141.620756,43.325214
字知来乙,樺戸郡月形町,391-40,141.62061,43.325273
字知来乙,樺戸郡月形町,391-41,141.620669,43.325175
字知来乙,樺戸郡月形町,586-21,141.620902,43.324283
字知来乙,樺戸郡月形町,391-24,141.621133,43.325287
字知来乙,樺戸郡月形町,391-25,141.621379,43.325315
字知来乙,樺戸郡月形町,391-26,141.621774,43.325357
字知来乙,樺戸郡月形町,1854-1,141.622461,43.324639
字知来乙,樺戸郡月形町,1853-1,141.622609,43.324853
字知来乙,樺戸郡月形町,1854-2,141.622407,43.324649
字知来乙,樺戸郡月形町,586-30,141.622336,43.324936
字知来乙,樺戸郡月形町,1852,141.623014,43.324616
字知来乙,樺戸郡月形町,929-1,141.622708,43.322818
字知来乙,樺戸郡月形町,929-2,141.622464,43.323082
字知来乙,樺戸郡月形町,586-2,141.622287,43.323483
字知来乙,樺戸郡月形町,586-4,141.621255,43.323524
字知来乙,樺戸郡月形町,586-20,141.621655,43.324354
字知来乙,樺戸郡月形町,586-1,141.621586,43.323471
字知来乙,樺戸郡月形町,586-3,141.620363,43.323753
字知来乙,樺戸郡月形町,586-25,141.619829,43.323901
字知来乙,樺戸郡月形町,330-11,141.620377,43.323125
字知来乙,樺戸郡月形町,586-26,141.620727,43.323003
字知来乙,樺戸郡月形町,586-27,141.620839,43.322877
字知来乙,樺戸郡月形町,586-13,141.620754,43.322915
字知来乙,樺戸郡月形町,3593-3,141.620529,43.322697
字知来乙,樺戸郡月形町,3593-15,141.621093,43.322337
字知来乙,樺戸郡月形町,330-10,141.621392,43.322036
字知来乙,樺戸郡月形町,586-29,141.620881,43.322812
字知来乙,樺戸郡月形町,586-15,141.621525,43.322079
字知来乙,樺戸郡月形町,586-8,141.621557,43.322441
字知来乙,樺戸郡月形町,586-7,141.621992,43.322852
字知来乙,樺戸郡月形町,586-5,141.622357,43.323263
字知来乙,樺戸郡月形町,586-6,141.62235,43.323176
字知来乙,樺戸郡月形町,929-3,141.622563,43.322449
字知来乙,樺戸郡月形町,948-3,141.622746,43.322342
字知来乙,樺戸郡月形町,506-12,141.622973,43.322054
字知来乙,樺戸郡月形町,506-13,141.622836,43.321633
字知来乙,樺戸郡月形町,506-1,141.622288,43.321923
字知来乙,樺戸郡月形町,506-2,141.622582,43.321397
字知来乙,樺戸郡月形町,506-9,141.622293,43.321275
字知来乙,樺戸郡月形町,506-5,141.622269,43.321259
字知来乙,樺戸郡月形町,506-17,141.622252,43.321479
字知来乙,樺戸郡月形町,506-16,141.62221,43.321527
字知来乙,樺戸郡月形町,506-7,141.621844,43.321769
字知来乙,樺戸郡月形町,506-3,141.621684,43.321965
字知来乙,樺戸郡月形町,3593-10,141.621682,43.321515
字知来乙,樺戸郡月形町,3593-9,141.621432,43.321274
字知来乙,樺戸郡月形町,3593-7,141.621026,43.321669
字知来乙,樺戸郡月形町,3593-6,141.621354,43.321963
字知来乙,樺戸郡月形町,330-12,141.621596,43.321813
字知来乙,樺戸郡月形町,330-14,141.621472,43.321883
字知来乙,樺戸郡月形町,586-28,141.621592,43.322059
字知来乙,樺戸郡月形町,506-6,141.62161,43.322044
字知来乙,樺戸郡月形町,586-14,141.62158,43.322048
字知来乙,樺戸郡月形町,298-4,141.620669,43.319864
字知来乙,樺戸郡月形町,3593-12,141.619546,43.321945
字知来乙,樺戸郡月形町,3593-2,141.620365,43.321822
字知来乙,樺戸郡月形町,3593-5,141.620149,43.32241
字知来乙,樺戸郡月形町,3593-4,141.620181,43.323048
字知来乙,樺戸郡月形町,3593-11,141.618283,43.323303
字知来乙,樺戸郡月形町,298-3,141.618241,43.321689
字知来乙,樺戸郡月形町,298-1,141.617742,43.3226
字知来乙,樺戸郡月形町,3592-24,141.617888,43.321492
字知来乙,樺戸郡月形町,3592-27,141.617686,43.321729
字知来乙,樺戸郡月形町,3592-18,141.617602,43.320562
字知来乙,樺戸郡月形町,3592-32,141.618137,43.320806
字知来乙,樺戸郡月形町,3592-31,141.618072,43.320774
字知来乙,樺戸郡月形町,3592-30,141.618289,43.32091
字知来乙,樺戸郡月形町,3592-29,141.618315,43.321066
字知来乙,樺戸郡月形町,3592-28,141.618155,43.321234
字知来乙,樺戸郡月形町,3592-8,141.618506,43.320556
字知来乙,樺戸郡月形町,3592-26,141.619167,43.319866
字知来乙,樺戸郡月形町,3592-25,141.619202,43.320114
字知来乙,樺戸郡月形町,道-7244,141.61911,43.318773
字知来乙,樺戸郡月形町,3592-10,141.619404,43.319378
字知来乙,樺戸郡月形町,3592-9,141.618231,43.319343
字知来乙,樺戸郡月形町,3592-22,141.618216,43.31962
字知来乙,樺戸郡月形町,296-5,141.618699,43.319629
字知来乙,樺戸郡月形町,3592-7,141.617753,43.320047
字知来乙,樺戸郡月形町,3592-21,141.617616,43.319661
字知来乙,樺戸郡月形町,3592-17,141.618059,43.318471
字知来乙,樺戸郡月形町,3592-4,141.618241,43.318684
字知来乙,樺戸郡月形町,297-19,141.618185,43.318393
字知来乙,樺戸郡月形町,1424-4,141.618455,43.318287
字知来乙,樺戸郡月形町,297-18,141.617798,43.318147
字知来乙,樺戸郡月形町,3591-14,141.617229,43.318551
字知来乙,樺戸郡月形町,445-5,141.61736,43.317807
字知来乙,樺戸郡月形町,1424-3,141.618324,43.317858
字知来乙,樺戸郡月形町,3595-6,141.617995,43.317305
字知来乙,樺戸郡月形町,3596-3,141.618685,43.317246
字知来乙,樺戸郡月形町,3596-2,141.619265,43.317506
字知来乙,樺戸郡月形町,3596-6,141.620018,43.317492
字知来乙,樺戸郡月形町,3596-5,141.619727,43.317758
字知来乙,樺戸郡月形町,3596-4,141.620039,43.318319
字知来乙,樺戸郡月形町,3596-1,141.61902,43.318312
字知来乙,樺戸郡月形町,437-13,141.618829,43.318536
字知来乙,樺戸郡月形町,296-12,141.618916,43.31872
字知来乙,樺戸郡月形町,3592-11,141.619052,43.318908
字知来乙,樺戸郡月形町,296-11,141.619625,43.319072
字知来乙,樺戸郡月形町,437-12,141.619527,43.318888
字知来乙,樺戸郡月形町,3597-1,141.62151,43.318703
字知来乙,樺戸郡月形町,3597-10,141.620739,43.318413
字知来乙,樺戸郡月形町,3597-12,141.620733,43.318521
字知来乙,樺戸郡月形町,3597-11,141.620724,43.318481
字知来乙,樺戸郡月形町,437-2,141.620833,43.317478
字知来乙,樺戸郡月形町,3597-2,141.621512,43.317607
字知来乙,樺戸郡月形町,437-1,141.62121,43.317758
字知来乙,樺戸郡月形町,436-1,141.622279,43.317985
字知来乙,樺戸郡月形町,436-3,141.621996,43.317397
字知来乙,樺戸郡月形町,道-7245,141.621898,43.317321
字知来乙,樺戸郡月形町,435-5,141.62275,43.317852
字知来乙,樺戸郡月形町,3597-9,141.622871,43.319188
字知来乙,樺戸郡月形町,3597-14,141.623119,43.320049
字知来乙,樺戸郡月形町,3597-5,141.622819,43.320017
字知来乙,樺戸郡月形町,3597-6,141.622217,43.319693
字知来乙,樺戸郡月形町,3597-16,141.621664,43.319649
字知来乙,樺戸郡月形町,435-12,141.622086,43.320193
字知来乙,樺戸郡月形町,436-13,141.621994,43.320147
字知来乙,樺戸郡月形町,436-12,141.621703,43.319997
字知来乙,樺戸郡月形町,3597-3,141.621894,43.319872
字知来乙,樺戸郡月形町,436-15,141.622201,43.319279
字知来乙,樺戸郡月形町,3597-13,141.621311,43.319753
字知来乙,樺戸郡月形町,298-6,141.620727,43.319627
字知来乙,樺戸郡月形町,436-11,141.620824,43.319547
字知来乙,樺戸郡月形町,298-5,141.620186,43.319986
字知来乙,樺戸郡月形町,330-16,141.621649,43.3201
字知来乙,樺戸郡月形町,3593-8,141.621694,43.320686
字知来乙,樺戸郡月形町,3593-13,141.620794,43.32061
字知来乙,樺戸郡月形町,3593-16,141.622046,43.321315
字知来乙,樺戸郡月形町,330-13,141.622272,43.321104
字知来乙,樺戸郡月形町,330-15,141.62207,43.320314
字知来乙,樺戸郡月形町,435-14,141.622288,43.320294
字知来乙,樺戸郡月形町,330-17,141.622425,43.320494
字知来乙,樺戸郡月形町,3597-4,141.622793,43.320286
字知来乙,樺戸郡月形町,435-13,141.622612,43.320452
字知来乙,樺戸郡月形町,435-9,141.62311,43.320221
字知来乙,樺戸郡月形町,435-10,141.622837,43.320508
字知来乙,樺戸郡月形町,3614-5,141.622849,43.320661
字知来乙,樺戸郡月形町,3614-4,141.623132,43.3208
字知来乙,樺戸郡月形町,506-4,141.622631,43.320877
字知来乙,樺戸郡月形町,506-8,141.622587,43.320961
字知来乙,樺戸郡月形町,506-14,141.622778,43.321108
字知来乙,樺戸郡月形町,506-15,141.62302,43.321112
字知来乙,樺戸郡月形町,3614-3,141.62381,43.321166
字知来乙,樺戸郡月形町,503-1,141.62451,43.320657
字知来乙,樺戸郡月形町,503-2,141.625954,43.319443
字知来乙,樺戸郡月形町,503-4,141.625409,43.319812
字知来乙,樺戸郡月形町,434-2,141.624789,43.319295
字知来乙,樺戸郡月形町,435-8,141.623956,43.319319
字知来乙,樺戸郡月形町,434-4,141.624347,43.319798
字知来乙,樺戸郡月形町,434-5,141.623572,43.31988
字知来乙,樺戸郡月形町,434-8,141.62359,43.3199
字知来乙,樺戸郡月形町,434-1,141.623924,43.319965
字知来乙,樺戸郡月形町,道-7242,141.627265,43.315903
字知来乙,樺戸郡月形町,3597-7,141.623261,43.319448
字知来乙,樺戸郡月形町,3597-17,141.623659,43.318963
字知来乙,樺戸郡月形町,435-11,141.624381,43.318837
字知来乙,樺戸郡月形町,434-9,141.624389,43.319049
字知来乙,樺戸郡月形町,434-6,141.624363,43.319035
字知来乙,樺戸郡月形町,3597-15,141.624381,43.318828
字知来乙,樺戸郡月形町,434-10,141.624635,43.318782
字知来乙,樺戸郡月形町,434-7,141.624612,43.318767
字知来乙,樺戸郡月形町,3597-8,141.623899,43.31861
字知来乙,樺戸郡月形町,435-3,141.62327,43.318075
字知来乙,樺戸郡月形町,3599-1,141.624701,43.31807
字知来乙,樺戸郡月形町,354-8,141.625187,43.318
字知来乙,樺戸郡月形町,3599-2,141.625041,43.317581
字知来乙,樺戸郡月形町,354-179,141.625288,43.317153
字知来乙,樺戸郡月形町,3599-3,141.62536,43.317385
字知来乙,樺戸郡月形町,354-162,141.625617,43.317163
字知来乙,樺戸郡月形町,354-131,141.625767,43.317238
字知来乙,樺戸郡月形町,354-132,141.625891,43.317109
字知来乙,樺戸郡月形町,3600-2,141.62613,43.317713
字知来乙,樺戸郡月形町,354-7,141.625502,43.317666
字知来乙,樺戸郡月形町,3600-6,141.625209,43.318199
字知来乙,樺戸郡月形町,354-6,141.624902,43.318302
字知来乙,樺戸郡月形町,355-4,141.62497,43.318384
字知来乙,樺戸郡月形町,3615,141.624666,43.318514
字知来乙,樺戸郡月形町,3617,141.6248,43.31858
字知来乙,樺戸郡月形町,3600-1,141.625374,43.318448
字知来乙,樺戸郡月形町,434-3,141.624883,43.31888
字知来乙,樺戸郡月形町,3601-1,141.626926,43.318698
字知来乙,樺戸郡月形町,3601-2,141.626454,43.318441
字知来乙,樺戸郡月形町,355-1,141.625842,43.318721
字知来乙,樺戸郡月形町,3600-7,141.626418,43.317291
字知来乙,樺戸郡月形町,3601-4,141.628174,43.318101
字知来乙,樺戸郡月形町,577-5,141.629168,43.316832
字知来乙,樺戸郡月形町,3601-11,141.62895,43.318236
字知来乙,樺戸郡月形町,3601-6,141.62886,43.318303
字知来乙,樺戸郡月形町,577-3,141.628658,43.319836
字知来乙,樺戸郡月形町,3601-3,141.627722,43.319522
字知来乙,樺戸郡月形町,3601-10,141.626994,43.319486
字知来乙,樺戸郡月形町,3601-9,141.627435,43.318947
字知来乙,樺戸郡月形町,道-7243,141.627046,43.319683
字知来乙,樺戸郡月形町,503-3,141.62695,43.320937
字知来乙,樺戸郡月形町,1833,141.629144,43.320875
字知来乙,樺戸郡月形町,1830,141.628894,43.320794
字知来乙,樺戸郡月形町,1832-1,141.628914,43.321272
字知来乙,樺戸郡月形町,1832-3,141.62891,43.321471
字知来乙,樺戸郡月形町,1832-4,141.628157,43.321464
字知来乙,樺戸郡月形町,949-4,141.62785,43.321417
字知来乙,樺戸郡月形町,長狭物不明-7110,141.627979,43.321687
字知来乙,樺戸郡月形町,道-7202,141.641322,43.327309
字知来乙,樺戸郡月形町,504,141.626718,43.322218
字知来乙,樺戸郡月形町,949-2,141.627896,43.321471
字知来乙,樺戸郡月形町,503-5,141.627175,43.321529
字知来乙,樺戸郡月形町,949-1,141.627786,43.321597
字知来乙,樺戸郡月形町,長狭物不明-7112,141.625152,43.321778
字知来乙,樺戸郡月形町,949-5,141.626047,43.321596
字知来乙,樺戸郡月形町,3614-1,141.625641,43.322214
字知来乙,樺戸郡月形町,505,141.62444,43.322156
字知来乙,樺戸郡月形町,949-6,141.62535,43.321726
字知来乙,樺戸郡月形町,949-3,141.625745,43.32167
字知来乙,樺戸郡月形町,503-6,141.625498,43.321668
字知来乙,樺戸郡月形町,3614-7,141.624377,43.321493
字知来乙,樺戸郡月形町,503-8,141.624486,43.321468
字知来乙,樺戸郡月形町,503-7,141.624431,43.321415
字知来乙,樺戸郡月形町,3614-2,141.624494,43.321559
字知来乙,樺戸郡月形町,3614-6,141.624255,43.321419
字知来乙,樺戸郡月形町,506-10,141.624127,43.321438
字知来乙,樺戸郡月形町,948-1,141.623135,43.322247
字知来乙,樺戸郡月形町,506-11,141.623204,43.321845
字知来乙,樺戸郡月形町,948-2,141.622949,43.322132
字知来乙,樺戸郡月形町,323-1,141.624404,43.323826
字知来乙,樺戸郡月形町,長狭物不明-7114,141.624082,43.321793
字知来乙,樺戸郡月形町,323-8,141.623867,43.324951
字知来乙,樺戸郡月形町,323-3,141.624007,43.325118
字知来乙,樺戸郡月形町,1855,141.625281,43.325015
字知来乙,樺戸郡月形町,1857-1,141.6259,43.324985
字知来乙,樺戸郡月形町,1856-1,141.625926,43.325286
字知来乙,樺戸郡月形町,道-7248,141.626702,43.325282
字知来乙,樺戸郡月形町,1856-4,141.626484,43.325254
字知来乙,樺戸郡月形町,594-6,141.627298,43.325375
字知来乙,樺戸郡月形町,957-1,141.628145,43.323212
字知来乙,樺戸郡月形町,594-7,141.628056,43.325242
字知来乙,樺戸郡月形町,957-3,141.628569,43.324927
字知来乙,樺戸郡月形町,284-4,141.626923,43.326392
字知来乙,樺戸郡月形町,3721,141.627325,43.326431
字知来乙,樺戸郡月形町,284-1,141.626925,43.327258
字知来乙,樺戸郡月形町,長狭物不明-7132,141.627391,43.327395
字知来乙,樺戸郡月形町,160-159,141.627853,43.32742
字知来乙,樺戸郡月形町,160-154,141.627801,43.326502
字知来乙,樺戸郡月形町,3581-14,141.627827,43.328255
字知来乙,樺戸郡月形町,3581-12,141.627879,43.328574
字知来乙,樺戸郡月形町,3581-11,141.628335,43.329244
字知来乙,樺戸郡月形町,3581-9,141.628099,43.329943
字知来乙,樺戸郡月形町,3581-3,141.627039,43.328741
字知来乙,樺戸郡月形町,3581-6,141.626158,43.329142
字知来乙,樺戸郡月形町,3581-7,141.626174,43.328284
字知来乙,樺戸郡月形町,3581-10,141.627782,43.328137
字知来乙,樺戸郡月形町,3581-15,141.627066,43.327728
字知来乙,樺戸郡月形町,284-3,141.625853,43.327442
字知来乙,樺戸郡月形町,593-1,141.625844,43.328056
字知来乙,樺戸郡月形町,593-2,141.626028,43.329065
字知来乙,樺戸郡月形町,3581-5,141.626049,43.329404
字知来乙,樺戸郡月形町,3580-4,141.625062,43.329217
字知来乙,樺戸郡月形町,3580-2,141.623806,43.328901
字知来乙,樺戸郡月形町,3580-11,141.623173,43.328381
字知来乙,樺戸郡月形町,3580-9,141.62457,43.328365
字知来乙,樺戸郡月形町,3580-7,141.62453,43.32835
字知来乙,樺戸郡月形町,3580-3,141.623886,43.327882
字知来乙,樺戸郡月形町,449-16,141.623292,43.327234
字知来乙,樺戸郡月形町,449-4,141.624293,43.326162
字知来乙,樺戸郡月形町,284-5,141.622722,43.327081
字知来乙,樺戸郡月形町,593-12,141.624638,43.327381
字知来乙,樺戸郡月形町,449-2,141.624571,43.327557
字知来乙,樺戸郡月形町,593-10,141.625987,43.326363
字知来乙,樺戸郡月形町,593-8,141.62502,43.32664
字知来乙,樺戸郡月形町,3660,141.61459,43.324959
字知来乙,樺戸郡月形町,449-6,141.623814,43.325981
字知来乙,樺戸郡月形町,449-14,141.623464,43.325855
字知来乙,樺戸郡月形町,390-18,141.622836,43.325533
字月ケ岡,樺戸郡月形町,1538,141.622057,43.326024
字知来乙,樺戸郡月形町,390-6,141.622948,43.326307
字知来乙,樺戸郡月形町,3579-26,141.622285,43.327308
字知来乙,樺戸郡月形町,3689,141.622168,43.327015
字月ケ岡,樺戸郡月形町,1537-1,141.622015,43.327413
字知来乙,樺戸郡月形町,390-10,141.621804,43.327058
字知来乙,樺戸郡月形町,284-6,141.62138,43.326404
字知来乙,樺戸郡月形町,3579-14,141.621529,43.327089
字月ケ岡,樺戸郡月形町,1539-1,141.620991,43.326867
字知来乙,樺戸郡月形町,3579-15,141.621097,43.327372
字知来乙,樺戸郡月形町,道-7195,141.620299,43.326831
字知来乙,樺戸郡月形町,391-2,141.620463,43.326733
字知来乙,樺戸郡月形町,391-11,141.62087,43.325936
字知来乙,樺戸郡月形町,391-32,141.621285,43.325995
字知来乙,樺戸郡月形町,391-33,141.621233,43.326128
字知来乙,樺戸郡月形町,391-12,141.620987,43.326071
字知来乙,樺戸郡月形町,391-34,141.621018,43.325941
字知来乙,樺戸郡月形町,391-15,141.620943,43.325708
字知来乙,樺戸郡月形町,391-16,141.62114,43.325738
字知来乙,樺戸郡月形町,391-31,141.621375,43.325897
字知来乙,樺戸郡月形町,391-29,141.621525,43.325691
字知来乙,樺戸郡月形町,391-30,141.621449,43.325794
字知来乙,樺戸郡月形町,391-28,141.621588,43.325583
字知来乙,樺戸郡月形町,391-27,141.621677,43.325486
字知来乙,樺戸郡月形町,391-37,141.62127,43.325584
字知来乙,樺戸郡月形町,391-21,141.621178,43.325625
字知来乙,樺戸郡月形町,391-36,141.621128,43.325571
字知来乙,樺戸郡月形町,391-1,141.621543,43.325371
字知来乙,樺戸郡月形町,391-20,141.621048,43.325563
字知来乙,樺戸郡月形町,391-19,141.620924,43.325544
字知来乙,樺戸郡月形町,391-18,141.620767,43.325522
字知来乙,樺戸郡月形町,391-17,141.620597,43.325497
字知来乙,樺戸郡月形町,391-13,141.620636,43.325667
字知来乙,樺戸郡月形町,391-14,141.62076,43.325683
字知来乙,樺戸郡月形町,391-10,141.620716,43.325928
字知来乙,樺戸郡月形町,391-9,141.620587,43.325881
字知来乙,樺戸郡月形町,391-35,141.620548,43.325648
字知来乙,樺戸郡月形町,道-7250,141.620422,43.325687
字知来乙,樺戸郡月形町,439-5,141.620231,43.325604
字知来乙,樺戸郡月形町,284-7,141.620249,43.326158
字知来乙,樺戸郡月形町,3578-26,141.618965,43.325913
字知来乙,樺戸郡月形町,310-19,141.618212,43.325474
字知来乙,樺戸郡月形町,310-20,141.61739,43.32575
字知来乙,樺戸郡月形町,310-23,141.618104,43.325528
字知来乙,樺戸郡月形町,3578-25,141.617919,43.32604
字知来乙,樺戸郡月形町,3578-14,141.618619,43.326259
字知来乙,樺戸郡月形町,3578-13,141.618134,43.326793
字知来乙,樺戸郡月形町,310-17,141.616468,43.327386
字知来乙,樺戸郡月形町,道-7249,141.6173,43.326566
字知来乙,樺戸郡月形町,332-21,141.617376,43.326596
字知来乙,樺戸郡月形町,3578-21,141.618969,43.326877
字知来乙,樺戸郡月形町,3578-19,141.619107,43.326783
字知来乙,樺戸郡月形町,3578-15,141.619705,43.326784
字知来乙,樺戸郡月形町,3578-16,141.620048,43.327268
字月ケ岡,樺戸郡月形町,1541-1,141.619879,43.32838
字月ケ岡,樺戸郡月形町,道-7262,141.620219,43.327597
字知来乙,樺戸郡月形町,3578-10,141.619693,43.328272
字知来乙,樺戸郡月形町,3578-9,141.619161,43.327766
字知来乙,樺戸郡月形町,3578-12,141.617306,43.327726
字知来乙,樺戸郡月形町,3578-4,141.617752,43.32852
字知来乙,樺戸郡月形町,3578-22,141.617559,43.328356
字知来乙,樺戸郡月形町,3578-6,141.618009,43.327988
字知来乙,樺戸郡月形町,3578-18,141.618283,43.328336
字知来乙,樺戸郡月形町,3578-20,141.618146,43.32777
字知来乙,樺戸郡月形町,3578-5,141.618073,43.328152
字知来乙,樺戸郡月形町,3578-3,141.618183,43.328594
字知来乙,樺戸郡月形町,3578-17,141.617457,43.329062
字知来乙,樺戸郡月形町,3572-16,141.617264,43.329667
字知来乙,樺戸郡月形町,3578-1,141.618703,43.329193
字知来乙,樺戸郡月形町,3578-2,141.619482,43.329183
字知来乙,樺戸郡月形町,3578-7,141.619049,43.328744
字知来乙,樺戸郡月形町,3578-23,141.619112,43.328619
字知来乙,樺戸郡月形町,1526-2,141.619774,43.32902
字知来乙,樺戸郡月形町,3578-8,141.619472,43.328998
字知来乙,樺戸郡月形町,3579-6,141.620158,43.329243
字知来乙,樺戸郡月形町,道-7260,141.620049,43.329187
字知来乙,樺戸郡月形町,3579-7,141.620973,43.328682
字知来乙,樺戸郡月形町,526-11,141.620228,43.328731
字知来乙,樺戸郡月形町,390-17,141.620274,43.328559
字知来乙,樺戸郡月形町,3579-16,141.62091,43.327945
字知来乙,樺戸郡月形町,3579-11,141.621449,43.327651
字知来乙,樺戸郡月形町,3579-8,141.621119,43.328179
字知来乙,樺戸郡月形町,3579-25,141.621789,43.327879
字知来乙,樺戸郡月形町,3579-13,141.621819,43.327707
字知来乙,樺戸郡月形町,3579-12,141.622166,43.327631
字知来乙,樺戸郡月形町,3579-24,141.621506,43.32806
字知来乙,樺戸郡月形町,3579-10,141.622518,43.327587
字知来乙,樺戸郡月形町,3579-9,141.622471,43.328486
字知来乙,樺戸郡月形町,3579-21,141.621731,43.328885
字知来乙,樺戸郡月形町,3579-18,141.621688,43.328886
字知来乙,樺戸郡月形町,3579-5,141.622367,43.329532
字知来乙,樺戸郡月形町,3580-10,141.623004,43.330056
字知来乙,樺戸郡月形町,3579-22,141.622718,43.329951
字知来乙,樺戸郡月形町,3579-3,141.622438,43.330151
字知来乙,樺戸郡月形町,3579-2,141.621848,43.330442
字知来乙,樺戸郡月形町,3579-4,141.622807,43.330322
字知来乙,樺戸郡月形町,3570-9,141.623365,43.330863
字知来乙,樺戸郡月形町,3570-5,141.623237,43.331062
字知来乙,樺戸郡月形町,3579-19,141.622264,43.330668
字知来乙,樺戸郡月形町,3579-17,141.621525,43.330552
字知来乙,樺戸郡月形町,3579-20,141.621639,43.329815
字知来乙,樺戸郡月形町,3579-1,141.620827,43.32989
字知来乙,樺戸郡月形町,454,141.61963,43.330063
字知来乙,樺戸郡月形町,3579-23,141.620035,43.329967
字知来乙,樺戸郡月形町,881,141.619778,43.330415
字知来乙,樺戸郡月形町,1526-1,141.619156,43.329732
字知来乙,樺戸郡月形町,3572-17,141.617848,43.329963
字知来乙,樺戸郡月形町,3572-11,141.61743,43.330206
字知来乙,樺戸郡月形町,3572-33,141.617548,43.330633
字知来乙,樺戸郡月形町,3572-6,141.618032,43.330519
字知来乙,樺戸郡月形町,3572-8,141.617989,43.330205
字知来乙,樺戸郡月形町,3572-7,141.618362,43.330306
字知来乙,樺戸郡月形町,3572-5,141.617682,43.330712
字知来乙,樺戸郡月形町,3572-21,141.617267,43.331319
字知来乙,樺戸郡月形町,3572-4,141.617906,43.331046
字知来乙,樺戸郡月形町,3572-3,141.617949,43.331357
字知来乙,樺戸郡月形町,3572-20,141.61725,43.331502
字知来乙,樺戸郡月形町,3572-2,141.61773,43.331576
字知来乙,樺戸郡月形町,3571-4,141.619323,43.331443
字知来乙,樺戸郡月形町,3571-2,141.618828,43.331083
字知来乙,樺戸郡月形町,3571-1,141.619402,43.331105
字知来乙,樺戸郡月形町,387-6,141.61979,43.330974
字知来乙,樺戸郡月形町,387-5,141.619803,43.33093
字知来乙,樺戸郡月形町,527-2,141.619972,43.330909
字知来乙,樺戸郡月形町,584-4,141.619965,43.330966
字知来乙,樺戸郡月形町,584-5,141.619939,43.331144
字知来乙,樺戸郡月形町,387-4,141.619745,43.331318
字知来乙,樺戸郡月形町,3571-3,141.619721,43.331203
字知来乙,樺戸郡月形町,460-3,141.619675,43.331819
字知来乙,樺戸郡月形町,392-2,141.619827,43.331958
字知来乙,樺戸郡月形町,460-5,141.619661,43.331908
字知来乙,樺戸郡月形町,460-2,141.619475,43.332011
字知来乙,樺戸郡月形町,460-4,141.619596,43.332347
字知来乙,樺戸郡月形町,460-1,141.618796,43.33187
字知来乙,樺戸郡月形町,水-86,141.618379,43.331498
字知来乙,樺戸郡月形町,461-4,141.618178,43.331458
字知来乙,樺戸郡月形町,393-1,141.61883,43.333123
字知来乙,樺戸郡月形町,393-2,141.618216,43.332968
字知来乙,樺戸郡月形町,無地番-56,141.618177,43.332721
字知来乙,樺戸郡月形町,394-3,141.618077,43.332557
字知来乙,樺戸郡月形町,393-3,141.618091,43.333525
字知来乙,樺戸郡月形町,3568-2,141.619239,43.333795
字知来乙,樺戸郡月形町,393-4,141.619541,43.332655
字知来乙,樺戸郡月形町,320-7,141.619668,43.332863
字知来乙,樺戸郡月形町,3569-3,141.620023,43.332936
字知来乙,樺戸郡月形町,3569-11,141.62053,43.332972
字知来乙,樺戸郡月形町,3569-2,141.620239,43.333275
字知来乙,樺戸郡月形町,320-6,141.619467,43.334169
字知来乙,樺戸郡月形町,3569-9,141.621116,43.333546
字知来乙,樺戸郡月形町,3569-7,141.6212,43.333929
字知来乙,樺戸郡月形町,3569-10,141.621227,43.333418
字知来乙,樺戸郡月形町,3569-4,141.6209,43.33308
字知来乙,樺戸郡月形町,3570-1,141.620207,43.332145
字知来乙,樺戸郡月形町,3570-6,141.620677,43.331923
字知来乙,樺戸郡月形町,3570-2,141.62113,43.331478
字知来乙,樺戸郡月形町,3570-7,141.621456,43.331847
字知来乙,樺戸郡月形町,3570-8,141.621503,43.331827
字知来乙,樺戸郡月形町,3570-3,141.622205,43.331888
字知来乙,樺戸郡月形町,3570-10,141.62267,43.332522
字知来乙,樺戸郡月形町,3570-4,141.622919,43.332586
字知来乙,樺戸郡月形町,3569-5,141.622082,43.333597
字知来乙,樺戸郡月形町,3569-6,141.622823,43.334357
字知来乙,樺戸郡月形町,3582-1,141.626322,43.333688
字知来乙,樺戸郡月形町,3582-2,141.62602,43.33302
字知来乙,樺戸郡月形町,3582-9,141.626012,43.333172
字知来乙,樺戸郡月形町,3582-10,141.625792,43.332786
字知来乙,樺戸郡月形町,3582-11,141.625761,43.332732
,樺戸郡月形町,47-9,141.626027,43.332236
,樺戸郡月形町,47-8,141.62573,43.332341
,樺戸郡月形町,47-10,141.625836,43.331852
,樺戸郡月形町,47-7,141.625524,43.331936
字知来乙,樺戸郡月形町,590-9,141.625217,43.331721
字知来乙,樺戸郡月形町,590-7,141.625075,43.331574
字知来乙,樺戸郡月形町,590-8,141.625223,43.331815
,樺戸郡月形町,47-4,141.625223,43.331674
字知来乙,樺戸郡月形町,590-3,141.62457,43.332385
字知来乙,樺戸郡月形町,590-1,141.623587,43.332103
字知来乙,樺戸郡月形町,590-2,141.624099,43.331004
字知来乙,樺戸郡月形町,3580-5,141.623743,43.330572
字知来乙,樺戸郡月形町,3580-1,141.623736,43.330075
字知来乙,樺戸郡月形町,3580-6,141.624419,43.329659
字知来乙,樺戸郡月形町,3580-8,141.624464,43.329489
字知来乙,樺戸郡月形町,565-3,141.624521,43.330434
字知来乙,樺戸郡月形町,565-4,141.624608,43.330501
字知来乙,樺戸郡月形町,161-80,141.624623,43.330418
字知来乙,樺戸郡月形町,161-106,141.624777,43.330499
字知来乙,樺戸郡月形町,161-18W1,141.625675,43.330134
字知来乙,樺戸郡月形町,161-104,141.626032,43.329591
字知来乙,樺戸郡月形町,161-70,141.625954,43.330931
字知来乙,樺戸郡月形町,161-79,141.625895,43.331356
字知来乙,樺戸郡月形町,161-66,141.625483,43.33098
字知来乙,樺戸郡月形町,590-4,141.624725,43.330754
字知来乙,樺戸郡月形町,590-5,141.624702,43.330764
字知来乙,樺戸郡月形町,590-6,141.624682,43.330772
字知来乙,樺戸郡月形町,161-64,141.624801,43.330809
字知来乙,樺戸郡月形町,161-65,141.625034,43.33088
,樺戸郡月形町,47-5,141.625163,43.331241
,樺戸郡月形町,47-6,141.625352,43.331542
,樺戸郡月形町,47-11,141.625691,43.331502
,樺戸郡月形町,47-12,141.625462,43.33127
字知来乙,樺戸郡月形町,161-67,141.625713,43.331261
,樺戸郡月形町,47-13,141.626037,43.331538
字知来乙,樺戸郡月形町,161-68,141.62641,43.33158
字知来乙,樺戸郡月形町,161-69,141.626149,43.331317
字知来乙,樺戸郡月形町,161-72,141.626578,43.331225
字知来乙,樺戸郡月形町,161-19W2,141.62708,43.331691
字知来乙,樺戸郡月形町,161-73,141.626718,43.331523
字知来乙,樺戸郡月形町,161-76,141.627437,43.331587
字知来乙,樺戸郡月形町,161-77,141.62718,43.331185
字知来乙,樺戸郡月形町,161-78,141.627043,43.330796
字知来乙,樺戸郡月形町,161-71,141.626399,43.330831
字知来乙,樺戸郡月形町,161-86,141.626141,43.330402
字知来乙,樺戸郡月形町,161-107,141.62619,43.330416
字知来乙,樺戸郡月形町,3581-8,141.626923,43.330362
字知来乙,樺戸郡月形町,3581-16,141.626191,43.32958
字知来乙,樺戸郡月形町,3581-1,141.626497,43.330094
字知来乙,樺戸郡月形町,161-102,141.627964,43.330436
字知来乙,樺戸郡月形町,3581-2,141.627663,43.329801
字知来乙,樺戸郡月形町,160-92,141.628941,43.329968
字知来乙,樺戸郡月形町,161-94,141.628714,43.330032
字知来乙,樺戸郡月形町,161-16,141.628684,43.330776
字知来乙,樺戸郡月形町,3582-15,141.628559,43.331476
字知来乙,樺戸郡月形町,3582-16,141.628536,43.331432
字知来乙,樺戸郡月形町,3582-4,141.627567,43.332525
字知来乙,樺戸郡月形町,3582-14,141.627621,43.331873
字知来乙,樺戸郡月形町,3582-17,141.627527,43.331868
,樺戸郡月形町,47-16,141.626895,43.332006
字知来乙,樺戸郡月形町,161-75,141.62713,43.331883
字知来乙,樺戸郡月形町,161-74,141.626857,43.3317
,樺戸郡月形町,47-17,141.626662,43.331812
,樺戸郡月形町,47-18,141.626579,43.33174
,樺戸郡月形町,47-1,141.625948,43.331584
,樺戸郡月形町,47-14,141.626291,43.331783
,樺戸郡月形町,47-15,141.626464,43.332151
字知来乙,樺戸郡月形町,3582-12,141.626484,43.332416
字知来乙,樺戸郡月形町,3582-13,141.626868,43.332832
字知来乙,樺戸郡月形町,3582-3,141.626524,43.333071
字知来乙,樺戸郡月形町,3582-18,141.627937,43.33302
字知来乙,樺戸郡月形町,3582-8,141.626705,43.333804
字知来乙,樺戸郡月形町,161-100,141.628764,43.333097
字知来乙,樺戸郡月形町,161-26,141.629029,43.332972
字知来乙,樺戸郡月形町,21-42,141.628633,43.333943
字知来乙,樺戸郡月形町,21-47,141.626814,43.334249
字知来乙,樺戸郡月形町,21-40,141.628107,43.334236
字知来乙,樺戸郡月形町,21-44,141.627314,43.33599
字知来乙,樺戸郡月形町,21-35,141.628185,43.335725
字知来乙,樺戸郡月形町,21-36,141.626575,43.335269
字知来乙,樺戸郡月形町,21-37,141.626621,43.334898
字知来乙,樺戸郡月形町,21-49,141.626875,43.334963
字知来乙,樺戸郡月形町,161-88,141.626179,43.33486
字知来乙,樺戸郡月形町,591-5,141.626116,43.334811
字知来乙,樺戸郡月形町,161-101,141.626211,43.334745
字知来乙,樺戸郡月形町,21-38,141.626545,43.334618
字知来乙,樺戸郡月形町,591-15,141.626252,43.334435
字知来乙,樺戸郡月形町,591-16,141.626237,43.3346
字知来乙,樺戸郡月形町,21-50,141.626641,43.334492
字知来乙,樺戸郡月形町,161-89,141.626701,43.334633
字知来乙,樺戸郡月形町,21-39,141.627672,43.334613
字知来乙,樺戸郡月形町,161-11,141.626722,43.33412
字知来乙,樺戸郡月形町,591-17,141.626447,43.334066
字知来乙,樺戸郡月形町,3582-6,141.626441,43.333887
字知来乙,樺戸郡月形町,3582-7,141.626539,43.33392
字知来乙,樺戸郡月形町,591-1,141.62577,43.334018
字知来乙,樺戸郡月形町,591-2,141.625192,43.3346
字知来乙,樺戸郡月形町,筆界未定地-37,141.624362,43.334238
字知来乙,樺戸郡月形町,1543,141.623385,43.333989
字知来乙,樺戸郡月形町,1542-1,141.623113,43.334518
字知来乙,樺戸郡月形町,591-27,141.624671,43.335007
字知来乙,樺戸郡月形町,591-12,141.624291,43.335012
字知来乙,樺戸郡月形町,591-6,141.624356,43.335228
字知来乙,樺戸郡月形町,591-22,141.624742,43.335159
字知来乙,樺戸郡月形町,1542-2,141.624182,43.335269
字知来乙,樺戸郡月形町,561-6,141.623076,43.335932
字知来乙,樺戸郡月形町,561-5,141.623563,43.335692
字知来乙,樺戸郡月形町,161-25,141.624408,43.335544
字知来乙,樺戸郡月形町,21-46,141.624629,43.335766
字知来乙,樺戸郡月形町,161-85,141.624641,43.335663
字知来乙,樺戸郡月形町,161-62,141.625145,43.33544
字知来乙,樺戸郡月形町,161-97,141.625007,43.335314
字知来乙,樺戸郡月形町,591-25,141.624918,43.335093
字知来乙,樺戸郡月形町,591-26,141.624838,43.334977
字知来乙,樺戸郡月形町,591-3,141.625611,43.334798
字知来乙,樺戸郡月形町,591-20,141.625274,43.334931
字知来乙,樺戸郡月形町,161-10,141.62532,43.335195
字知来乙,樺戸郡月形町,591-8,141.62517,43.335026
字知来乙,樺戸郡月形町,591-21,141.625561,43.334914
字知来乙,樺戸郡月形町,591-7,141.625925,43.334876
字知来乙,樺戸郡月形町,591-14,141.626025,43.334874
字知来乙,樺戸郡月形町,591-13,141.625962,43.334866
字知来乙,樺戸郡月形町,591-18,141.626083,43.334852
字知来乙,樺戸郡月形町,591-19,141.626118,43.334844
字知来乙,樺戸郡月形町,591-24,141.62611,43.334876
字知来乙,樺戸郡月形町,161-83,141.626058,43.334925
字知来乙,樺戸郡月形町,161-84,141.625981,43.334954
字知来乙,樺戸郡月形町,21-34,141.625983,43.335682
字知来乙,樺戸郡月形町,21-43,141.625592,43.336545
字知来乙,樺戸郡月形町,21-31,141.624767,43.336336
字知来乙,樺戸郡月形町,161-9,141.623988,43.335784
字知来乙,樺戸郡月形町,161-81,141.623766,43.336116
字知来乙,樺戸郡月形町,21-28,141.623889,43.336818
字知来乙,樺戸郡月形町,21-25,141.623275,43.337355
字知来乙,樺戸郡月形町,21-26,141.623383,43.338005
字知来乙,樺戸郡月形町,21-27,141.623923,43.337376
字知来乙,樺戸郡月形町,21-29,141.62487,43.337615
字知来乙,樺戸郡月形町,21-30,141.625311,43.337364
字知来乙,樺戸郡月形町,21-32,141.625888,43.337036
,樺戸郡月形町,21-14,141.625967,43.33763
,樺戸郡月形町,22-69,141.625861,43.337874
,樺戸郡月形町,22-59,141.625823,43.337853
,樺戸郡月形町,22-63,141.626228,43.337623
,樺戸郡月形町,22-79,141.62626,43.337646
,樺戸郡月形町,22-62,141.626358,43.337549
,樺戸郡月形町,22-77,141.626389,43.337573
字知来乙,樺戸郡月形町,22-1,141.626528,43.337832
字知来乙,樺戸郡月形町,22-3,141.627138,43.337693
,樺戸郡月形町,22-27,141.627497,43.337476
字知来乙,樺戸郡月形町,22-6,141.627519,43.337385
字知来乙,樺戸郡月形町,22-21,141.62701,43.337255
字知来乙,樺戸郡月形町,22-5,141.627358,43.337259
,樺戸郡月形町,22-57,141.627274,43.337028
,樺戸郡月形町,22-75,141.627301,43.33705
,樺戸郡月形町,22-76,141.627178,43.337123
,樺戸郡月形町,22-58,141.627148,43.3371
,樺戸郡月形町,22-78,141.626734,43.337376
,樺戸郡月形町,22-61,141.626633,43.337393
,樺戸郡月形町,21-16,141.62606,43.337578
字知来乙,樺戸郡月形町,21-33,141.626928,43.336466
字知来乙,樺戸郡月形町,21-45,141.626624,43.33591
字知来乙,樺戸郡月形町,21-48,141.627378,43.335977
,樺戸郡月形町,21-13,141.62739,43.336819
,樺戸郡月形町,22-56,141.627466,43.336919
,樺戸郡月形町,22-74,141.62759,43.336888
,樺戸郡月形町,22-83,141.627881,43.336722
,樺戸郡月形町,22-65,141.627859,43.336696
,樺戸郡月形町,22-73,141.628081,43.336615
,樺戸郡月形町,21-18,141.628054,43.336456
,樺戸郡月形町,21-17,141.627892,43.336536
,樺戸郡月形町,22-54,141.628079,43.336578
,樺戸郡月形町,21-20,141.627787,43.336594
,樺戸郡月形町,21-15,141.628707,43.336282
,樺戸郡月形町,22-55,141.629187,43.336282
,樺戸郡月形町,22-82,141.629061,43.33634
字知来乙,樺戸郡月形町,22-10,141.629221,43.336658
,樺戸郡月形町,22-81,141.62837,43.336513
,樺戸郡月形町,22-53,141.628174,43.336541
字知来乙,樺戸郡月形町,22-13,141.628497,43.336815
字知来乙,樺戸郡月形町,22-12,141.62892,43.336966
,樺戸郡月形町,22-91,141.628911,43.33714
,樺戸郡月形町,22-39,141.628479,43.337221
字知来乙,樺戸郡月形町,22-9,141.628256,43.336939
字知来乙,樺戸郡月形町,22-8,141.628236,43.337092
字知来乙,樺戸郡月形町,22-7,141.627821,43.337007
,樺戸郡月形町,22-23,141.628035,43.337197
,樺戸郡月形町,22-44,141.62774,43.337531
字知来乙,樺戸郡月形町,22-4,141.627693,43.338197
,樺戸郡月形町,22-30,141.627416,43.338378
,樺戸郡月形町,22-31,141.626882,43.338131
,樺戸郡月形町,22-45,141.626297,43.338339
,樺戸郡月形町,22-36,141.626944,43.33853
字知来乙,樺戸郡月形町,20-27,141.626688,43.338686
字知来乙,樺戸郡月形町,20-28,141.625986,43.338284
字知来乙,樺戸郡月形町,20-20,141.626855,43.339066
,樺戸郡月形町,22-35,141.627315,43.338699
,樺戸郡月形町,6-2,141.628438,43.340135
,樺戸郡月形町,6-3,141.62826,43.340481
,樺戸郡月形町,5-2,141.628694,43.340668
,樺戸郡月形町,筆界未定地-7,141.627743,43.341748
,樺戸郡月形町,5-3,141.627372,43.341989
,樺戸郡月形町,6-1,141.627422,43.341304
字知来乙,樺戸郡月形町,20-23,141.625325,43.340321
字知来乙,樺戸郡月形町,20-13,141.625105,43.340638
字知来乙,樺戸郡月形町,163-21,141.625676,43.34092
字知来乙,樺戸郡月形町,163-33,141.626035,43.340602
字知来乙,樺戸郡月形町,163-94,141.62512,43.341095
字知来乙,樺戸郡月形町,163-101,141.62472,43.341213
字知来乙,樺戸郡月形町,163-53,141.622931,43.341102
字知来乙,樺戸郡月形町,163-10,141.623102,43.340636
字知来乙,樺戸郡月形町,20-24,141.623777,43.340954
字知来乙,樺戸郡月形町,20-12,141.624425,43.340538
字知来乙,樺戸郡月形町,20-25,141.624277,43.340432
字知来乙,樺戸郡月形町,20-10W2,141.623303,43.340414
字知来乙,樺戸郡月形町,20-11W2,141.623857,43.339897
字知来乙,樺戸郡月形町,163-73,141.623221,43.339632
字知来乙,樺戸郡月形町,162-46,141.623394,43.339224
字知来乙,樺戸郡月形町,163-74,141.623828,43.338993
字知来乙,樺戸郡月形町,20-16,141.624586,43.339278
字知来乙,樺戸郡月形町,道-7205,141.623071,43.339683
字知来乙,樺戸郡月形町,20-22,141.624348,43.340279
字知来乙,樺戸郡月形町,20-21,141.623857,43.340709
字知来乙,樺戸郡月形町,20-26,141.625473,43.339503
字知来乙,樺戸郡月形町,20-18,141.625942,43.339985
字知来乙,樺戸郡月形町,20-17,141.625628,43.339513
字知来乙,樺戸郡月形町,20-15,141.625418,43.339266
字知来乙,樺戸郡月形町,20-14,141.625158,43.339026
字知来乙,樺戸郡月形町,20-19,141.625393,43.338744
字知来乙,樺戸郡月形町,22-2,141.626144,43.338054
,樺戸郡月形町,無地番-7018,141.62552,43.338048
字知来乙,樺戸郡月形町,162-83,141.625369,43.337967
字知来乙,樺戸郡月形町,162-47,141.625308,43.338001
,樺戸郡月形町,20-8,141.625144,43.338242
,樺戸郡月形町,20-9,141.624625,43.338543
字知来乙,樺戸郡月形町,21-24,141.62425,43.33801
,樺戸郡月形町,20-10,141.624301,43.33873
,樺戸郡月形町,20-11,141.624556,43.338587
,樺戸郡月形町,20-7,141.62421,43.338804
字知来乙,樺戸郡月形町,21-23,141.62385,43.33829
字知来乙,樺戸郡月形町,21-21W2,141.622397,43.338638
字知来乙,樺戸郡月形町,筆界未定地-36,141.620541,43.338609
字知来乙,樺戸郡月形町,162-60,141.621405,43.338698
字知来乙,樺戸郡月形町,162-61,141.621489,43.338641
字知来乙,樺戸郡月形町,61,141.620919,43.339395
字知来乙,樺戸郡月形町,162-13,141.620782,43.339473
字知来乙,樺戸郡月形町,162-12,141.620356,43.339991
字知来乙,樺戸郡月形町,58,141.620674,43.339765
字知来乙,樺戸郡月形町,21-20W2,141.621856,43.339353
字知来乙,樺戸郡月形町,162-43,141.623135,43.339515
字知来乙,樺戸郡月形町,162-42,141.622972,43.339704
字知来乙,樺戸郡月形町,21-19W2,141.622367,43.33952
字知来乙,樺戸郡月形町,21-18W2,141.62262,43.339526
字知来乙,樺戸郡月形町,21-17,141.622562,43.339909
字知来乙,樺戸郡月形町,162-41,141.622772,43.339935
字知来乙,樺戸郡月形町,163-66,141.622891,43.340015
字知来乙,樺戸郡月形町,163-65,141.622728,43.340435
字知来乙,樺戸郡月形町,163-82,141.622573,43.340424
字知来乙,樺戸郡月形町,163-75,141.622552,43.340409
字知来乙,樺戸郡月形町,162-45,141.622461,43.340293
字知来乙,樺戸郡月形町,163-68,141.622692,43.340246
字知来乙,樺戸郡月形町,163-105,141.622708,43.340271
字知来乙,樺戸郡月形町,162-50,141.622364,43.340406
字知来乙,樺戸郡月形町,163-67,141.622408,43.340574
字知来乙,樺戸郡月形町,163-78,141.622349,43.340643
字知来乙,樺戸郡月形町,163-86,141.622347,43.34068
字知来乙,樺戸郡月形町,162-44,141.621963,43.340869
字知来乙,樺戸郡月形町,163-79,141.622253,43.340787
字知来乙,樺戸郡月形町,163-69,141.622179,43.340839
字知来乙,樺戸郡月形町,163-12,141.622211,43.340932
字知来乙,樺戸郡月形町,163-80,141.622447,43.340567
字知来乙,樺戸郡月形町,163-11,141.622522,43.340709
字知来乙,樺戸郡月形町,163-14,141.622328,43.340977
字知来乙,樺戸郡月形町,163-16,141.622037,43.342013
字知来乙,樺戸郡月形町,163-13,141.622066,43.341057
字知来乙,樺戸郡月形町,163-92,141.621951,43.341129
字知来乙,樺戸郡月形町,163-70,141.621987,43.341061
字知来乙,樺戸郡月形町,163-88,141.622094,43.341133
字知来乙,樺戸郡月形町,163-93,141.621982,43.341357
字知来乙,樺戸郡月形町,163-85,141.621836,43.341264
字知来乙,樺戸郡月形町,163-77,141.621807,43.341269
字知来乙,樺戸郡月形町,162-51,141.621551,43.341344
字知来乙,樺戸郡月形町,163-71,141.621621,43.341484
字知来乙,樺戸郡月形町,163-91,141.62117,43.342027
字知来乙,樺戸郡月形町,21-15W2,141.621072,43.340805
字知来乙,樺戸郡月形町,21-13W2,141.618233,43.343
字知来乙,樺戸郡月形町,162-59,141.620252,43.340352
字知来乙,樺戸郡月形町,162-11,141.620189,43.340278
字知来乙,樺戸郡月形町,21-12,141.619869,43.34164
字知来乙,樺戸郡月形町,21-14W2,141.621957,43.338094
字知来乙,樺戸郡月形町,筆界未定地-19,141.619411,43.340537
字知来乙,樺戸郡月形町,1406,141.619775,43.341118
字知来乙,樺戸郡月形町,21-7,141.619856,43.341517
字知来乙,樺戸郡月形町,1487-6,141.619543,43.341413
字知来乙,樺戸郡月形町,1487-7,141.618991,43.341852
字知来乙,樺戸郡月形町,1487-8,141.61911,43.342116
字知来乙,樺戸郡月形町,1487-1,141.618768,43.342035
字知来乙,樺戸郡月形町,1487-5,141.618562,43.342087
字知来乙,樺戸郡月形町,510-3,141.618598,43.342017
字知来乙,樺戸郡月形町,510-2,141.61891,43.341454
字知来乙,樺戸郡月形町,510-1,141.617606,43.341585
字知来乙,樺戸郡月形町,335-3,141.61746,43.340339
,樺戸郡月形町,348-2,141.617114,43.340418
,樺戸郡月形町,348-3,141.617305,43.339792
,樺戸郡月形町,347-13,141.617532,43.339387
字知来乙,樺戸郡月形町,334-9,141.617617,43.339206
字知来乙,樺戸郡月形町,408-3,141.617459,43.340055
字知来乙,樺戸郡月形町,408-1,141.618461,43.338575
字知来乙,樺戸郡月形町,335-1,141.61842,43.340147
字知来乙,樺戸郡月形町,335-2,141.619666,43.338237
字知来乙,樺戸郡月形町,408-2,141.619115,43.338217
字知来乙,樺戸郡月形町,334-8,141.617828,43.3386
字知来乙,樺戸郡月形町,334-7,141.617723,43.338903
字知来乙,樺戸郡月形町,3563-9,141.61759,43.339134
字知来乙,樺戸郡月形町,3564-2,141.617472,43.337846
字知来乙,樺戸郡月形町,3564-4,141.617975,43.33761
字知来乙,樺戸郡月形町,3564-3,141.617895,43.337685
字知来乙,樺戸郡月形町,338-5,141.617967,43.338215
字知来乙,樺戸郡月形町,409-2,141.618263,43.337767
字知来乙,樺戸郡月形町,3564-5,141.617752,43.336765
字知来乙,樺戸郡月形町,3564-10,141.617605,43.335935
字知来乙,樺戸郡月形町,339-8,141.618502,43.33668
字知来乙,樺戸郡月形町,3564-9,141.618443,43.336754
字知来乙,樺戸郡月形町,3567-1,141.619264,43.336756
字知来乙,樺戸郡月形町,3567-14,141.618563,43.337129
字知来乙,樺戸郡月形町,3567-13,141.618926,43.336219
字知来乙,樺戸郡月形町,377-3,141.618859,43.336086
字知来乙,樺戸郡月形町,333-9,141.618714,43.336063
字知来乙,樺戸郡月形町,3567-4,141.619963,43.335986
字知来乙,樺戸郡月形町,3567-5,141.620107,43.335855
字知来乙,樺戸郡月形町,3567-12,141.61989,43.337081
字知来乙,樺戸郡月形町,3567-2,141.620091,43.337052
字知来乙,樺戸郡月形町,3567-11,141.619765,43.337299
字知来乙,樺戸郡月形町,3565-3,141.619007,43.337344
字知来乙,樺戸郡月形町,3565-1,141.618655,43.337728
字知来乙,樺戸郡月形町,3565-2,141.620081,43.337492
字知来乙,樺戸郡月形町,21-22,141.622761,43.337737
字知来乙,樺戸郡月形町,161-8,141.622641,43.336892
字知来乙,樺戸郡月形町,161-63,141.622606,43.336955
字知来乙,樺戸郡月形町,161-60,141.623016,43.336579
字知来乙,樺戸郡月形町,161-61,141.623029,43.336631
字知来乙,樺戸郡月形町,561-4,141.622655,43.336258
字知来乙,樺戸郡月形町,561-7,141.622848,43.336229
字知来乙,樺戸郡月形町,161-24,141.62299,43.336342
字知来乙,樺戸郡月形町,561-2,141.622493,43.336394
字知来乙,樺戸郡月形町,561-3,141.62209,43.33592
字知来乙,樺戸郡月形町,長狭物不明-95,141.621963,43.335477
字知来乙,樺戸郡月形町,650-1,141.620517,43.336216
字知来乙,樺戸郡月形町,筆界未定地-39,141.621545,43.336625
字知来乙,樺戸郡月形町,3567-6,141.620245,43.335594
字知来乙,樺戸郡月形町,3567-8,141.620408,43.334899
字知来乙,樺戸郡月形町,3567-15,141.62079,43.335326
字知来乙,樺戸郡月形町,3567-9,141.621496,43.334892
字知来乙,樺戸郡月形町,561-1,141.622825,43.335403
字知来乙,樺戸郡月形町,3567-18,141.622303,43.334701
字知来乙,樺戸郡月形町,3567-10,141.622531,43.334581
字知来乙,樺戸郡月形町,3569-8,141.621188,43.333686
字知来乙,樺戸郡月形町,320-5,141.621314,43.334126
字知来乙,樺戸郡月形町,3569-1,141.620354,43.333913
字知来乙,樺戸郡月形町,3569-12,141.619571,43.333798
字知来乙,樺戸郡月形町,337-11,141.619359,43.333961
字知来乙,樺戸郡月形町,337-9,141.619315,43.334244
字知来乙,樺戸郡月形町,337-8,141.619286,43.33439
字知来乙,樺戸郡月形町,3568-3,141.61915,43.334779
字知来乙,樺戸郡月形町,337-10,141.619183,43.334737
字知来乙,樺戸郡月形町,377-2,141.61933,43.334759
字知来乙,樺戸郡月形町,3569-17,141.620043,43.334486
字知来乙,樺戸郡月形町,3567-16,141.62097,43.33469
字知来乙,樺戸郡月形町,3567-7,141.619627,43.334815
字知来乙,樺戸郡月形町,3567-3,141.619589,43.33555
字知来乙,樺戸郡月形町,333-10,141.618809,43.33579
字知来乙,樺戸郡月形町,333-8,141.618838,43.335715
字知来乙,樺戸郡月形町,333-7,141.618892,43.335565
字知来乙,樺戸郡月形町,333-6,141.619076,43.335055
字知来乙,樺戸郡月形町,3566-6,141.618759,43.33499
字知来乙,樺戸郡月形町,3566-10,141.618607,43.3353
字知来乙,樺戸郡月形町,3566-5,141.617834,43.335281
字知来乙,樺戸郡月形町,3568-1,141.618638,43.334263
字知来乙,樺戸郡月形町,3568-4,141.617227,43.333854
字知来乙,樺戸郡月形町,337-4,141.617015,43.33386
字知来乙,樺戸郡月形町,337-3,141.616926,43.334329
字知来乙,樺戸郡月形町,3566-2,141.614374,43.334134
字知来乙,樺戸郡月形町,3566-1,141.614332,43.334764
字知来乙,樺戸郡月形町,3566-7,141.615272,43.334812
字知来乙,樺戸郡月形町,3566-8,141.615228,43.334789
字知来乙,樺戸郡月形町,3564-12,141.614633,43.335358
字知来乙,樺戸郡月形町,339-5,141.614477,43.33552
字知来乙,樺戸郡月形町,3566-3,141.616032,43.335469
字知来乙,樺戸郡月形町,3566-4,141.616459,43.334923
字知来乙,樺戸郡月形町,339-3,141.615745,43.335851
字知来乙,樺戸郡月形町,3564-6,141.616432,43.336516
字知来乙,樺戸郡月形町,339-2,141.61558,43.336385
字知来乙,樺戸郡月形町,3564-7,141.61684,43.337266
字知来乙,樺戸郡月形町,3564-8,141.617349,43.33601
字知来乙,樺戸郡月形町,3564-1,141.615824,43.33752
字知来乙,樺戸郡月形町,3563-8,141.616229,43.337966
字知来乙,樺戸郡月形町,338-2,141.615297,43.336912
字知来乙,樺戸郡月形町,338-3,141.614526,43.337073
字知来乙,樺戸郡月形町,3564-11,141.615709,43.336652
字知来乙,樺戸郡月形町,339-4,141.614524,43.336078
字知来乙,樺戸郡月形町,334-5,141.611525,43.337597
字知来乙,樺戸郡月形町,338-4,141.612613,43.336701
字知来乙,樺戸郡月形町,339-9,141.611515,43.335643
字知来乙,樺戸郡月形町,544-5,141.611672,43.334806
字知来乙,樺戸郡月形町,339-6,141.612313,43.335461
字知来乙,樺戸郡月形町,3566-9,141.613284,43.334735
字知来乙,樺戸郡月形町,333-13,141.612212,43.333716
字知来乙,樺戸郡月形町,333-2,141.612602,43.334013
字知来乙,樺戸郡月形町,333-5,141.612491,43.334647
字知来乙,樺戸郡月形町,333-14,141.611942,43.334555
字知来乙,樺戸郡月形町,544-3,141.612036,43.333606
字知来乙,樺戸郡月形町,544-1,141.611688,43.334215
字知来乙,樺戸郡月形町,544-2,141.611027,43.334676
字知来乙,樺戸郡月形町,592-1,141.609578,43.334823
字知来乙,樺戸郡月形町,592-2,141.608779,43.334089
字知来乙,樺戸郡月形町,943,141.607642,43.33369
字知来乙,樺戸郡月形町,944-2,141.605129,43.335032
字知来乙,樺戸郡月形町,944-3,141.606774,43.334896
字知来乙,樺戸郡月形町,長狭物不明-96,141.607111,43.336458
字知来乙,樺戸郡月形町,1452,141.608312,43.337362
字知来乙,樺戸郡月形町,946,141.608989,43.337597
字知来乙,樺戸郡月形町,543-1,141.609706,43.337601
字知来乙,樺戸郡月形町,592-3,141.608751,43.336226
字知来乙,樺戸郡月形町,543-2,141.610421,43.336432
字知来乙,樺戸郡月形町,338-6,141.611297,43.336272
字知来乙,樺戸郡月形町,543-4,141.611053,43.336585
字知来乙,樺戸郡月形町,334-10,141.61081,43.337641
字知来乙,樺戸郡月形町,687-3,141.610516,43.33808
字知来乙,樺戸郡月形町,687-1,141.610175,43.338704
字五耕地山,樺戸郡月形町,351-9,141.610559,43.339507
字知来乙,樺戸郡月形町,3675W2,141.609413,43.337709
字知来乙,樺戸郡月形町,687-2,141.609599,43.338319
字知来乙,樺戸郡月形町,945-2,141.607526,43.338322
字知来乙,樺戸郡月形町,945-1,141.607019,43.340319
字知来乙,樺戸郡月形町,長狭物不明-92,141.605586,43.340742
字知来乙,樺戸郡月形町,569-1,141.608808,43.340342
字知来乙,樺戸郡月形町,3675W1,141.609515,43.340944
字知来乙,樺戸郡月形町,531-9,141.610124,43.340679
字知来乙,樺戸郡月形町,531-15,141.610721,43.34079
字知来乙,樺戸郡月形町,531-6,141.610396,43.341328
字知来乙,樺戸郡月形町,686-1,141.609814,43.342082
字知来乙,樺戸郡月形町,686-3,141.610846,43.341681
字知来乙,樺戸郡月形町,686-4,141.611708,43.341849
字知来乙,樺戸郡月形町,531-4,141.611421,43.341122
字知来乙,樺戸郡月形町,3561-5,141.612354,43.341343
字知来乙,樺戸郡月形町,531-3,141.612064,43.341305
字知来乙,樺戸郡月形町,3561-1,141.61271,43.341405
字知来乙,樺戸郡月形町,3561-4,141.614116,43.3422
字知来乙,樺戸郡月形町,3561-2,141.614185,43.341656
字知来乙,樺戸郡月形町,道-203,141.616557,43.341889
字知来乙,樺戸郡月形町,3562-1,141.61307,43.340376
字知来乙,樺戸郡月形町,3562-4,141.612705,43.340343
字五耕地山,樺戸郡月形町,351-1,141.612464,43.340608
字知来乙,樺戸郡月形町,531-12,141.612268,43.340757
字知来乙,樺戸郡月形町,531-14,141.610859,43.340656
字五耕地山,樺戸郡月形町,351-5,141.611823,43.340146
字五耕地山,樺戸郡月形町,351-8,141.610938,43.339413
,樺戸郡月形町,347-15,141.611813,43.339155
,樺戸郡月形町,347-14,141.611937,43.338766
,樺戸郡月形町,347-17,141.611953,43.338612
,樺戸郡月形町,347-10,141.611654,43.338362
,樺戸郡月形町,347-22,141.610673,43.338291
,樺戸郡月形町,347-18,141.613257,43.338807
,樺戸郡月形町,347-9,141.613253,43.338667
字知来乙,樺戸郡月形町,334-4,141.613287,43.337937
,樺戸郡月形町,347-19,141.613707,43.338949
,樺戸郡月形町,347-8,141.614215,43.33885
,樺戸郡月形町,347-16,141.614103,43.33894
,樺戸郡月形町,347-23,141.614323,43.339004
,樺戸郡月形町,347-3,141.61366,43.339092
字五耕地山,樺戸郡月形町,351-2,141.613714,43.339947
,樺戸郡月形町,347-2,141.613719,43.339518
,樺戸郡月形町,347-20,141.614538,43.339126
,樺戸郡月形町,347-6,141.614118,43.339176
字知来乙,樺戸郡月形町,334-3,141.614674,43.337851
字知来乙,樺戸郡月形町,3563-7,141.614711,43.338376
字知来乙,樺戸郡月形町,3563-1,141.615345,43.338499
字知来乙,樺戸郡月形町,3563-5,141.616113,43.338421
字知来乙,樺戸郡月形町,3563-6,141.615979,43.338628
字知来乙,樺戸郡月形町,3563-3,141.617165,43.338427
字知来乙,樺戸郡月形町,3563-2,141.616751,43.339044
字知来乙,樺戸郡月形町,3563-4,141.616003,43.339342
,樺戸郡月形町,347-7,141.616443,43.339619
,樺戸郡月形町,347-21,141.617221,43.339634
,樺戸郡月形町,348-1,141.61698,43.340293
,樺戸郡月形町,道-12,141.61699,43.340019
字五耕地山,樺戸郡月形町,道-147,141.616495,43.340535
字五耕地山,樺戸郡月形町,352-2,141.616718,43.3405
字五耕地山,樺戸郡月形町,無地番-27,141.61685,43.340946
字五耕地山,樺戸郡月形町,352,141.616489,43.340715
字五耕地山,樺戸郡月形町,352-3,141.616193,43.341189
字知来乙,樺戸郡月形町,3562-3,141.616031,43.340937
,樺戸郡月形町,347-12,141.615711,43.340019
字五耕地山,樺戸郡月形町,351-7,141.615194,43.340229
字知来乙,樺戸郡月形町,3562-2,141.613882,43.340538
字知来乙,樺戸郡月形町,3561-3,141.614355,43.341144
字知来乙,樺戸郡月形町,531-1,141.615856,43.342
字五耕地山,樺戸郡月形町,353-1,141.61648,43.341355
字五耕地山,樺戸郡月形町,353-2,141.616687,43.341338
字知来乙,樺戸郡月形町,510-4,141.616666,43.342505
字知来乙,樺戸郡月形町,531-8,141.616447,43.341858
字知来乙,樺戸郡月形町,553-12,141.617127,43.343169
字知来乙,樺戸郡月形町,553-11,141.616835,43.343032
字知来乙,樺戸郡月形町,553-9,141.616948,43.343187
字知来乙,樺戸郡月形町,553-8,141.61649,43.342871
字知来乙,樺戸郡月形町,553-3,141.61627,43.343058
字知来乙,樺戸郡月形町,553-6,141.616111,43.342663
字知来乙,樺戸郡月形町,510-5,141.616396,43.342635
字知来乙,樺戸郡月形町,531-5,141.615576,43.342496
字知来乙,樺戸郡月形町,531-7,141.614573,43.342324
字知来乙,樺戸郡月形町,553-7,141.613975,43.342247
字知来乙,樺戸郡月形町,553-13,141.614111,43.342663
字知来乙,樺戸郡月形町,553-2,141.615563,43.342851
字知来乙,樺戸郡月形町,553-4,141.615135,43.343288
字知来乙,樺戸郡月形町,553-5,141.615419,43.343608
字知来乙,樺戸郡月形町,554,141.614596,43.343354
字知来乙,樺戸郡月形町,1885-1,141.614321,43.344075
字知来乙,樺戸郡月形町,道-196,141.616356,43.344165
字知来乙,樺戸郡月形町,162-16,141.61573,43.343683
字知来乙,樺戸郡月形町,162-38,141.616055,43.343245
字知来乙,樺戸郡月形町,162-15,141.616115,43.343544
字知来乙,樺戸郡月形町,162-37,141.616743,43.34337
字知来乙,樺戸郡月形町,553-10,141.616855,43.343216
字知来乙,樺戸郡月形町,162-52,141.617193,43.343246
字知来乙,樺戸郡月形町,162-67,141.61707,43.343431
字知来乙,樺戸郡月形町,162-53,141.617182,43.343422
字知来乙,樺戸郡月形町,162-76,141.616949,43.343381
字知来乙,樺戸郡月形町,162-68,141.617186,43.343559
字知来乙,樺戸郡月形町,162-65,141.617165,43.343788
字知来乙,樺戸郡月形町,162-77,141.617028,43.343702
字知来乙,樺戸郡月形町,162-66,141.616768,43.343753
字知来乙,樺戸郡月形町,162-63,141.616786,43.344063
字知来乙,樺戸郡月形町,162-75,141.617092,43.344006
字知来乙,樺戸郡月形町,165-1,141.616524,43.344607
字知来乙,樺戸郡月形町,165-2,141.616485,43.344299
字知来乙,樺戸郡月形町,1885-2,141.615921,43.344257
字知来乙,樺戸郡月形町,935-3,141.616117,43.34452
字知来乙,樺戸郡月形町,935-6,141.614571,43.345593
字知来乙,樺戸郡月形町,935-4,141.614664,43.345532
字知来乙,樺戸郡月形町,道-200,141.615697,43.344511
字知来乙,樺戸郡月形町,935-11,141.61457,43.345013
字知来乙,樺戸郡月形町,935-10,141.6136,43.345205
字知来乙,樺戸郡月形町,935-1,141.613976,43.344611
字知来乙,樺戸郡月形町,935-13,141.613973,43.345464
字知来乙,樺戸郡月形町,935-9,141.614241,43.345515
字知来乙,樺戸郡月形町,1545-4,141.613478,43.345522
字知来乙,樺戸郡月形町,935-8,141.612819,43.345439
字知来乙,樺戸郡月形町,1545-1,141.612433,43.346301
字知来乙,樺戸郡月形町,935-12,141.611575,43.344837
字知来乙,樺戸郡月形町,1545-3,141.611785,43.34499
字知来乙,樺戸郡月形町,1545-5,141.613499,43.345645
字知来乙,樺戸郡月形町,935-14,141.612804,43.344934
字知来乙,樺戸郡月形町,935-2,141.612334,43.344501
字知来乙,樺戸郡月形町,1887-1,141.611078,43.344417
字知来乙,樺戸郡月形町,1886,141.613318,43.34411
字知来乙,樺戸郡月形町,長狭物不明-84,141.61467,43.343071
字知来乙,樺戸郡月形町,1458,141.610738,43.343631
字知来乙,樺戸郡月形町,686-2,141.612212,43.342568
字知来乙,樺戸郡月形町,3675W3,141.603019,43.341314
字知来乙,樺戸郡月形町,719-1,141.606224,43.343057
字知来乙,樺戸郡月形町,1546,141.608941,43.34406
字知来乙,樺戸郡月形町,873-1,141.606929,43.346124
字知来乙,樺戸郡月形町,934-2,141.608902,43.345686
字知来乙,樺戸郡月形町,934-3,141.609621,43.34508
字知来乙,樺戸郡月形町,934-1,141.610289,43.34447
字知来乙,樺戸郡月形町,1887-2,141.610595,43.344699
字知来乙,樺戸郡月形町,935-7,141.611271,43.344818
字知来乙,樺戸郡月形町,1545-2,141.610826,43.34471
字知来乙,樺戸郡月形町,筆界未定地-26,141.609831,43.347215
字知来乙,樺戸郡月形町,873-3,141.60818,43.347013
字知来乙,樺戸郡月形町,989-14,141.605917,43.347075
字知来乙,樺戸郡月形町,989-13,141.607482,43.347608
字知来乙,樺戸郡月形町,989-6,141.607625,43.347898
字知来乙,樺戸郡月形町,990-2,141.608086,43.349252
字知来乙,樺戸郡月形町,989-3,141.606223,43.348279
字知来乙,樺戸郡月形町,993-213,141.605353,43.350565
字知来乙,樺戸郡月形町,989-5,141.60734,43.34887
字知来乙,樺戸郡月形町,989-2,141.607192,43.350862
字知来乙,樺戸郡月形町,990-3,141.608284,43.349947
字知来乙,樺戸郡月形町,道-193,141.607619,43.350325
字知来乙,樺戸郡月形町,990-4,141.60909,43.349194
字知来乙,樺戸郡月形町,990-1,141.608182,43.348586
字知来乙,樺戸郡月形町,682-2,141.612985,43.348933
字知来乙,樺戸郡月形町,682-1,141.613687,43.349229
字知来乙,樺戸郡月形町,682-3,141.613387,43.348861
字知来乙,樺戸郡月形町,874-1,141.611997,43.348048
字知来乙,樺戸郡月形町,筆界未定地-34,141.613812,43.347325
,樺戸郡月形町,2-2,141.617313,43.347307
字知来乙,樺戸郡月形町,167-2,141.617423,43.347665
字知来乙,樺戸郡月形町,167-3,141.616553,43.34801
字知来乙,樺戸郡月形町,167-4,141.616001,43.348882
字知来乙,樺戸郡月形町,167-5,141.614786,43.349818
字知来乙,樺戸郡月形町,167-12,141.615486,43.350119
字知来乙,樺戸郡月形町,166-17,141.616839,43.3497
字知来乙,樺戸郡月形町,166-25,141.617072,43.35044
字知来乙,樺戸郡月形町,166-22,141.617504,43.349969
字知来乙,樺戸郡月形町,166-6,141.617834,43.349646
字知来乙,樺戸郡月形町,1530-2,141.617557,43.35015
字知来乙,樺戸郡月形町,1530-4,141.61882,43.349441
字知来乙,樺戸郡月形町,166-3,141.618086,43.348542
字知来乙,樺戸郡月形町,1530-1,141.618575,43.349275
字知来乙,樺戸郡月形町,1530-3,141.619142,43.349355
字知来乙,樺戸郡月形町,1529-2,141.619328,43.349166
字知来乙,樺戸郡月形町,166-20,141.619031,43.348472
字知来乙,樺戸郡月形町,1529-1,141.6192,43.348602
字知来乙,樺戸郡月形町,1529-4,141.619578,43.348445
,樺戸郡月形町,3-2,141.621343,43.346347
,樺戸郡月形町,3-7,141.620978,43.346519
,樺戸郡月形町,3-6,141.620407,43.346828
,樺戸郡月形町,3-14,141.62009,43.3465
,樺戸郡月形町,3-13,141.619619,43.34666
,樺戸郡月形町,3-10,141.619337,43.346812
,樺戸郡月形町,3-11,141.619518,43.34682
,樺戸郡月形町,3-1,141.619951,43.347153
字知来乙,樺戸郡月形町,1529-3,141.619829,43.348015
字知来乙,樺戸郡月形町,1529-5,141.619789,43.348242
,樺戸郡月形町,筆界未定地-12,141.619283,43.347581
字知来乙,樺戸郡月形町,166-18,141.618469,43.347454
字知来乙,樺戸郡月形町,166-19,141.618542,43.347604
字知来乙,樺戸郡月形町,166-4,141.618523,43.347868
,樺戸郡月形町,2-3,141.618104,43.347469
,樺戸郡月形町,筆界未定地-13,141.616776,43.346497
字知来乙,樺戸郡月形町,20-6,141.617429,43.345251
字知来乙,樺戸郡月形町,163-102,141.6187,43.345859
字知来乙,樺戸郡月形町,163-63,141.619215,43.344843
字知来乙,樺戸郡月形町,163-64,141.619452,43.34462
字知来乙,樺戸郡月形町,163-20,141.619933,43.344259
字知来乙,樺戸郡月形町,20-5,141.619398,43.344199
字知来乙,樺戸郡月形町,20-1,141.618752,43.344213
字知来乙,樺戸郡月形町,20-2,141.618457,43.344368
字知来乙,樺戸郡月形町,20-7W2,141.618616,43.344648
字知来乙,樺戸郡月形町,20-8W2,141.618631,43.344702
字知来乙,樺戸郡月形町,20-4,141.618364,43.345177
字知来乙,樺戸郡月形町,162-49,141.61766,43.344638
字知来乙,樺戸郡月形町,無地番-46,141.617901,43.344311
字知来乙,樺戸郡月形町,162-84,141.617476,43.344462
字知来乙,樺戸郡月形町,162-9,141.617287,43.344291
字知来乙,樺戸郡月形町,162-39,141.617178,43.344154
字知来乙,樺戸郡月形町,162-10,141.617339,43.343642
字知来乙,樺戸郡月形町,162-14,141.617335,43.343866
字知来乙,樺戸郡月形町,162-79,141.617917,43.343809
字知来乙,樺戸郡月形町,162-80,141.618064,43.343678
字知来乙,樺戸郡月形町,長狭物不明-7134,141.618082,43.343961
字知来乙,樺戸郡月形町,162-48,141.618327,43.343863
字知来乙,樺戸郡月形町,162-81,141.617943,43.343878
字知来乙,樺戸郡月形町,162-72,141.617796,43.343484
字知来乙,樺戸郡月形町,21-5,141.618156,43.34345
字知来乙,樺戸郡月形町,162-54,141.617446,43.343215
字知来乙,樺戸郡月形町,21-9,141.617675,43.343522
字知来乙,樺戸郡月形町,21-10,141.617601,43.343516
字知来乙,樺戸郡月形町,21-6,141.617775,43.343419
字知来乙,樺戸郡月形町,21-8,141.617567,43.343457
字知来乙,樺戸郡月形町,162-71,141.617578,43.34347
字知来乙,樺戸郡月形町,162-56,141.617441,43.343577
字知来乙,樺戸郡月形町,162-64,141.617232,43.343674
字知来乙,樺戸郡月形町,162-57,141.617323,43.34341
字知来乙,樺戸郡月形町,162-70,141.617414,43.343351
字知来乙,樺戸郡月形町,162-69,141.617245,43.343262
字知来乙,樺戸郡月形町,162-55,141.617931,43.342965
字知来乙,樺戸郡月形町,21-3,141.618103,43.342918
字知来乙,樺戸郡月形町,1487-3,141.617939,43.342741
字知来乙,樺戸郡月形町,1487-4,141.618467,43.342259
字知来乙,樺戸郡月形町,21-4,141.618483,43.342465
字知来乙,樺戸郡月形町,1487-2,141.618694,43.342416
字知来乙,樺戸郡月形町,162-73,141.618272,43.343158
字知来乙,樺戸郡月形町,21-1,141.618823,43.343062
字知来乙,樺戸郡月形町,162-40,141.620961,43.342018
字知来乙,樺戸郡月形町,163-72,141.619243,43.343489
字知来乙,樺戸郡月形町,163-84,141.619691,43.343214
字知来乙,樺戸郡月形町,21-2,141.618993,43.343467
字知来乙,樺戸郡月形町,163-76,141.618895,43.343714
字知来乙,樺戸郡月形町,20-3,141.618979,43.343912
字知来乙,樺戸郡月形町,20-9W2,141.619,43.34418
,樺戸郡月形町,水-18,141.619609,43.345695
字知来乙,樺戸郡月形町,163-18,141.620127,43.343553
字知来乙,樺戸郡月形町,163-90,141.62067,43.34258
字知来乙,樺戸郡月形町,21-16W2,141.619868,43.342885
字知来乙,樺戸郡月形町,163-83,141.620886,43.342357
字知来乙,樺戸郡月形町,163-55,141.62117,43.342517
字知来乙,樺戸郡月形町,163-15,141.621852,43.343068
,樺戸郡月形町,4-9,141.6229,43.345174
,樺戸郡月形町,4-7,141.621062,43.345867
,樺戸郡月形町,4-1,141.620618,43.345773
,樺戸郡月形町,3-12,141.620694,43.346205
,樺戸郡月形町,長狭物不明-30,141.619064,43.34686
,樺戸郡月形町,3-9,141.62096,43.346091
,樺戸郡月形町,4-3,141.622045,43.345998
,樺戸郡月形町,4-8,141.622006,43.345555
,樺戸郡月形町,筆界未定地-11,141.621188,43.345552
,樺戸郡月形町,4-4,141.622793,43.34563
,樺戸郡月形町,4-5,141.623184,43.34547
字知来乙,樺戸郡月形町,長狭物不明-123,141.624277,43.345459
字知来乙,樺戸郡月形町,604,141.624692,43.345226
字知来乙,樺戸郡月形町,長狭物不明-125,141.624639,43.345742
,樺戸郡月形町,長狭物不明-45,141.624941,43.34499
字知来乙,樺戸郡月形町,603,141.624661,43.345551
字知来乙,樺戸郡月形町,605,141.624671,43.345013
,樺戸郡月形町,筆界未定地-10,141.624204,43.344837
,樺戸郡月形町,5-15,141.623884,43.345183
,樺戸郡月形町,6-9,141.623597,43.344481
,樺戸郡月形町,6-10,141.623866,43.344419
字知来乙,樺戸郡月形町,164-2,141.623827,43.343784
,樺戸郡月形町,6-8,141.624037,43.344081
字知来乙,樺戸郡月形町,164-1,141.623605,43.342642
字知来乙,樺戸郡月形町,164-3,141.624215,43.342451
字知来乙,樺戸郡月形町,164-4,141.624633,43.34272
字知来乙,樺戸郡月形町,164-5,141.624123,43.343085
,樺戸郡月形町,6-5,141.625332,43.343052
,樺戸郡月形町,6-6,141.625253,43.342693
,樺戸郡月形町,5-9,141.625807,43.343441
,樺戸郡月形町,5-10,141.625736,43.343268
,樺戸郡月形町,6-7,141.624711,43.343405
,樺戸郡月形町,筆界未定地-9,141.624939,43.344135
,樺戸郡月形町,5-19,141.626534,43.343178
,樺戸郡月形町,5-17,141.626343,43.343061
,樺戸郡月形町,5-5,141.62639,43.342947
,樺戸郡月形町,5-8,141.626635,43.343125
,樺戸郡月形町,6-4,141.626665,43.342187
,樺戸郡月形町,5-16,141.626843,43.342592
,樺戸郡月形町,5-4,141.627222,43.342196
,樺戸郡月形町,筆界未定地-8,141.626817,43.343025
,樺戸郡月形町,長狭物不明-48,141.627671,43.342632
字知来乙,樺戸郡月形町,346,141.625202,43.346631
字知来乙,樺戸郡月形町,道-208,141.625494,43.347241
字知来乙,樺戸郡月形町,筆界未定地-20,141.62458,43.346109
字知来乙,樺戸郡月形町,長狭物不明-121,141.624253,43.347201
字知来乙,樺戸郡月形町,529-4,141.625194,43.348865
字知来乙,樺戸郡月形町,530,141.624817,43.348833
字知来乙,樺戸郡月形町,長狭物不明-133,141.625093,43.349362
字知来乙,樺戸郡月形町,長狭物不明-131,141.627567,43.349418
字知来乙,樺戸郡月形町,529-1,141.626414,43.349252
字知来乙,樺戸郡月形町,529-2,141.626411,43.348681
字知来乙,樺戸郡月形町,529-3,141.626257,43.348356
字知来乙,樺戸郡月形町,667-2,141.636439,43.349212
字知来乙,樺戸郡月形町,666-2,141.636228,43.349276
字知来乙,樺戸郡月形町,水-95,141.635972,43.3485
字知来乙,樺戸郡月形町,長狭物不明-135,141.637363,43.348169
字知来乙,樺戸郡月形町,筆界未定地-24,141.636622,43.348527
字知来乙,樺戸郡月形町,長狭物不明-119,141.637501,43.347647
字知来乙,樺戸郡月形町,筆界未定地-33,141.63726,43.346089
字知来乙,樺戸郡月形町,669-1,141.636586,43.346861
字知来乙,樺戸郡月形町,長狭物不明-117,141.63658,43.347453
字知来乙,樺戸郡月形町,筆界未定地-22,141.636272,43.347674
字知来乙,樺戸郡月形町,長狭物不明-130,141.636117,43.345212
字知来乙,樺戸郡月形町,筆界未定地-35,141.636426,43.3449
字知来乙,樺戸郡月形町,水-92,141.636962,43.34696
字知来乙,樺戸郡月形町,567-2,141.636992,43.342363
字知来乙,樺戸郡月形町,668-3,141.636946,43.342597
字知来乙,樺戸郡月形町,668-2,141.63703,43.34252
字知来乙,樺戸郡月形町,668-1,141.636665,43.342692
字知来乙,樺戸郡月形町,長狭物不明-101,141.636427,43.343175
字知来乙,樺戸郡月形町,長狭物不明-116,141.636411,43.343196
字知来乙,樺戸郡月形町,筆界未定地-32,141.637048,43.343552
字知来乙,樺戸郡月形町,筆界未定地-31,141.635735,43.343142
字知来乙,樺戸郡月形町,水-89,141.636401,43.343057
字知来乙,樺戸郡月形町,長狭物不明-104,141.636446,43.342654
字知来乙,樺戸郡月形町,3694,141.635918,43.34264
字知来乙,樺戸郡月形町,3695,141.635424,43.341954
,樺戸郡月形町,道-15,141.630345,43.339257
,樺戸郡月形町,水-23,141.625398,43.3418
字知来乙,樺戸郡月形町,4-2,141.635224,43.342412
字知来乙,樺戸郡月形町,3702,141.634997,43.341408
字知来乙,樺戸郡月形町,3703,141.633936,43.340407
字知来乙,樺戸郡月形町,3706,141.633797,43.340497
字知来乙,樺戸郡月形町,3705,141.634185,43.340996
字知来乙,樺戸郡月形町,3704,141.634403,43.341135
字知来乙,樺戸郡月形町,3707,141.634111,43.340595
字知来乙,樺戸郡月形町,3708,141.634714,43.340601
字知来乙,樺戸郡月形町,3710,141.634341,43.340179
字知来乙,樺戸郡月形町,3711,141.635098,43.339737
字知来乙,樺戸郡月形町,3712,141.63361,43.340186
字知来乙,樺戸郡月形町,4-1,141.633798,43.340643
,樺戸郡月形町,長狭物不明-44,141.633119,43.340197
,樺戸郡月形町,筆界未定地-5,141.633483,43.339237
,樺戸郡月形町,13-12,141.634824,43.338803
,樺戸郡月形町,13-8,141.63494,43.33862
,樺戸郡月形町,長狭物不明-36,141.634725,43.338458
,樺戸郡月形町,長狭物不明-38,141.63459,43.338405
,樺戸郡月形町,12-15,141.634499,43.338223
,樺戸郡月形町,長狭物不明-28,141.63419,43.337644
,樺戸郡月形町,13-11,141.634634,43.338408
,樺戸郡月形町,13-4,141.634838,43.338378
,樺戸郡月形町,13-21,141.63502,43.338308
,樺戸郡月形町,長狭物不明-31,141.63457,43.338267
,樺戸郡月形町,筆界未定地-6,141.629507,43.338909
,樺戸郡月形町,22-16,141.629294,43.337231
,樺戸郡月形町,22-17,141.629426,43.337054
,樺戸郡月形町,22-13,141.629893,43.336947
字知来乙,樺戸郡月形町,22-22,141.630629,43.336353
,樺戸郡月形町,22-1,141.63154,43.336811
,樺戸郡月形町,22-96,141.631848,43.336739
字知来乙,樺戸郡月形町,22-16,141.631676,43.336463
字知来乙,樺戸郡月形町,22-20,141.631657,43.336722
字知来乙,樺戸郡月形町,22-18,141.631908,43.336026
字知来乙,樺戸郡月形町,22-14,141.631511,43.336138
字知来乙,樺戸郡月形町,22-15,141.631347,43.335869
字知来乙,樺戸郡月形町,22-17,141.631116,43.336233
,樺戸郡月形町,22-60,141.630684,43.335879
,樺戸郡月形町,22-85,141.630704,43.335901
,樺戸郡月形町,22-67,141.630012,43.336054
,樺戸郡月形町,22-71,141.63002,43.336078
,樺戸郡月形町,22-68,141.63021,43.336002
,樺戸郡月形町,22-72,141.630222,43.336026
,樺戸郡月形町,22-15,141.630115,43.336161
,樺戸郡月形町,22-47,141.630205,43.3364
,樺戸郡月形町,22-12,141.630373,43.336731
,樺戸郡月形町,22-93,141.630155,43.336584
,樺戸郡月形町,22-14,141.629663,43.33644
字知来乙,樺戸郡月形町,22-11,141.629145,43.336341
,樺戸郡月形町,21-21,141.629152,43.336163
,樺戸郡月形町,22-70,141.629541,43.33621
,樺戸郡月形町,22-66,141.629528,43.336187
,樺戸郡月形町,21-19,141.629684,43.33602
字知来乙,樺戸郡月形町,21-41,141.629359,43.335413
,樺戸郡月形町,23-10,141.63039,43.335831
,樺戸郡月形町,23-17,141.630327,43.335701
,樺戸郡月形町,23-7,141.630171,43.335066
字知来乙,樺戸郡月形町,21-51,141.629879,43.335275
,樺戸郡月形町,23-6,141.630145,43.335504
,樺戸郡月形町,3888,141.630334,43.33438
,樺戸郡月形町,161-20,141.629805,43.334738
,樺戸郡月形町,23-5,141.631167,43.334761
,樺戸郡月形町,3884,141.63119,43.334278
,樺戸郡月形町,3889,141.630509,43.333648
,樺戸郡月形町,3890,141.631,43.333584
,樺戸郡月形町,3885,141.631512,43.333654
,樺戸郡月形町,3891,141.631158,43.333911
,樺戸郡月形町,3892,141.63186,43.333849
,樺戸郡月形町,23-8,141.631054,43.335156
,樺戸郡月形町,23-2,141.631157,43.335383
,樺戸郡月形町,23-11,141.63061,43.335774
字知来乙,樺戸郡月形町,22-19,141.631326,43.335774
,樺戸郡月形町,22-64,141.631561,43.335653
,樺戸郡月形町,22-84,141.631586,43.335673
,樺戸郡月形町,23-9,141.631543,43.335533
,樺戸郡月形町,22-52,141.632498,43.33541
,樺戸郡月形町,22-80,141.632433,43.335442
,樺戸郡月形町,22-97,141.633225,43.33525
,樺戸郡月形町,22-6,141.6327,43.335722
,樺戸郡月形町,22-40,141.633213,43.33582
,樺戸郡月形町,22-10,141.633539,43.335765
,樺戸郡月形町,22-9,141.633486,43.335605
,樺戸郡月形町,22-8,141.633505,43.33546
,樺戸郡月形町,22-48,141.6336,43.335446
,樺戸郡月形町,22-89,141.633514,43.335351
,樺戸郡月形町,22-51,141.633372,43.335153
,樺戸郡月形町,22-86,141.633467,43.335282
,樺戸郡月形町,25-11,141.633435,43.334964
,樺戸郡月形町,23-14,141.633193,43.334835
,樺戸郡月形町,3881,141.632435,43.33496
,樺戸郡月形町,3882,141.632253,43.334645
,樺戸郡月形町,3883,141.631945,43.334408
,樺戸郡月形町,3893,141.632322,43.333908
,樺戸郡月形町,23-12,141.632566,43.333945
,樺戸郡月形町,48-11,141.632661,43.333856
,樺戸郡月形町,48-10,141.632748,43.333977
,樺戸郡月形町,48-12,141.632806,43.334061
,樺戸郡月形町,23-16,141.632643,43.334058
,樺戸郡月形町,48-8,141.632846,43.334119
,樺戸郡月形町,48-5,141.633121,43.33421
,樺戸郡月形町,48-6,141.632881,43.333954
,樺戸郡月形町,48-4,141.633162,43.33391
,樺戸郡月形町,23-13,141.632684,43.334116
,樺戸郡月形町,48-7,141.633171,43.33458
,樺戸郡月形町,23-15,141.633051,43.334634
,樺戸郡月形町,48-3,141.633711,43.334365
,樺戸郡月形町,48-2,141.633399,43.334057
,樺戸郡月形町,49-2,141.635049,43.334069
,樺戸郡月形町,道-7093,141.634536,43.334474
,樺戸郡月形町,25-1,141.635312,43.33466
,樺戸郡月形町,25-28,141.634692,43.3351
,樺戸郡月形町,25-31,141.634178,43.334792
,樺戸郡月形町,25-30,141.633791,43.33522
,樺戸郡月形町,22-87,141.633607,43.335497
,樺戸郡月形町,22-49,141.63363,43.335489
,樺戸郡月形町,22-50,141.633723,43.335618
,樺戸郡月形町,22-88,141.633732,43.335638
,樺戸郡月形町,24-28,141.634191,43.335819
,樺戸郡月形町,24-27,141.634219,43.33583
,樺戸郡月形町,24-29,141.634347,43.335776
,樺戸郡月形町,24-21,141.63428,43.335843
,樺戸郡月形町,25-26,141.634252,43.335429
,樺戸郡月形町,24-25,141.634836,43.335669
,樺戸郡月形町,24-26,141.634758,43.335684
,樺戸郡月形町,24-16,141.634998,43.335738
,樺戸郡月形町,24-17,141.634601,43.335865
,樺戸郡月形町,24-7,141.634706,43.336078
,樺戸郡月形町,24-6,141.634239,43.336085
,樺戸郡月形町,24-30,141.63402,43.336085
,樺戸郡月形町,24-23,141.634146,43.336032
,樺戸郡月形町,24-22,141.63416,43.335956
,樺戸郡月形町,24-24,141.634076,43.335892
,樺戸郡月形町,道-7091,141.634005,43.335965
,樺戸郡月形町,24-4,141.633805,43.335873
,樺戸郡月形町,22-11,141.633218,43.336019
,樺戸郡月形町,22-92,141.632499,43.336105
,樺戸郡月形町,22-3,141.632524,43.336221
,樺戸郡月形町,長狭物不明-42,141.634258,43.337475
,樺戸郡月形町,12-13,141.634263,43.337424
,樺戸郡月形町,12-12,141.634171,43.33729
,樺戸郡月形町,12-10,141.634468,43.337313
,樺戸郡月形町,12-19,141.634885,43.337413
,樺戸郡月形町,12-17,141.635021,43.33735
,樺戸郡月形町,12-18,141.634886,43.337589
,樺戸郡月形町,12-8,141.634748,43.337507
,樺戸郡月形町,長狭物不明-40,141.63441,43.337446
,樺戸郡月形町,12-14,141.634334,43.33774
,樺戸郡月形町,12-7,141.634652,43.337866
,樺戸郡月形町,12-6,141.634924,43.337315
,樺戸郡月形町,12-20,141.634953,43.338064
,樺戸郡月形町,12-11,141.635166,43.337793
,樺戸郡月形町,12-5,141.635365,43.33759
,樺戸郡月形町,12-2,141.635973,43.337702
,樺戸郡月形町,24-14,141.63778,43.3364
字知来乙,樺戸郡月形町,24-11,141.637675,43.33615
,樺戸郡月形町,24-9,141.636485,43.335967
,樺戸郡月形町,24-8,141.635029,43.336167
,樺戸郡月形町,25-10,141.633941,43.33563
,樺戸郡月形町,24-3,141.635428,43.335489
,樺戸郡月形町,24-15,141.635471,43.335606
,樺戸郡月形町,24-18,141.634986,43.335594
,樺戸郡月形町,24-10,141.636619,43.335321
,樺戸郡月形町,24-19,141.636227,43.335241
,樺戸郡月形町,24-32,141.636715,43.335122
,樺戸郡月形町,25-7,141.636504,43.334998
,樺戸郡月形町,25-29,141.63648,43.334983
,樺戸郡月形町,25-6,141.635786,43.334987
,樺戸郡月形町,25-25,141.635563,43.335156
,樺戸郡月形町,25-27,141.635401,43.335285
,樺戸郡月形町,50-2,141.635656,43.334079
,樺戸郡月形町,50-3,141.635569,43.334109
,樺戸郡月形町,3902,141.635914,43.334044
,樺戸郡月形町,3901,141.636416,43.333914
,樺戸郡月形町,50-8,141.636227,43.333824
,樺戸郡月形町,3900,141.636646,43.333906
,樺戸郡月形町,3897,141.63604,43.334418
,樺戸郡月形町,25-34,141.63643,43.334667
,樺戸郡月形町,25-4,141.636627,43.334713
,樺戸郡月形町,25-5,141.636956,43.334711
,樺戸郡月形町,3898,141.636576,43.334212
,樺戸郡月形町,3899,141.636743,43.334204
,樺戸郡月形町,長狭物不明-7049,141.636697,43.333856
,樺戸郡月形町,3923,141.638349,43.33412
,樺戸郡月形町,51-2,141.63801,43.334416
,樺戸郡月形町,51-4,141.637239,43.334311
,樺戸郡月形町,51-7,141.637544,43.334675
,樺戸郡月形町,51-3,141.637365,43.334595
,樺戸郡月形町,51-8,141.637358,43.334722
,樺戸郡月形町,道-7092,141.637657,43.335188
,樺戸郡月形町,26-15,141.637653,43.33497
,樺戸郡月形町,26-2,141.637431,43.334868
,樺戸郡月形町,25-9,141.637017,43.334839
,樺戸郡月形町,25-33,141.636863,43.334871
,樺戸郡月形町,25-32,141.636635,43.33494
,樺戸郡月形町,25-8,141.636723,43.33493
,樺戸郡月形町,24-20,141.636856,43.335045
,樺戸郡月形町,24-11,141.637209,43.335409
字知来乙,樺戸郡月形町,24-12,141.637677,43.335513
字知来乙,樺戸郡月形町,24-3,141.639345,43.334935
,樺戸郡月形町,26-16,141.638417,43.334999
,樺戸郡月形町,26-32,141.638134,43.334651
,樺戸郡月形町,26-31,141.638613,43.334467
,樺戸郡月形町,27-13,141.638648,43.334335
,樺戸郡月形町,27-9,141.638355,43.334279
,樺戸郡月形町,51-6,141.63806,43.334516
,樺戸郡月形町,3924,141.638702,43.333989
,樺戸郡月形町,27-12,141.639057,43.334209
,樺戸郡月形町,3925,141.639041,43.334023
,樺戸郡月形町,3926,141.639423,43.333871
,樺戸郡月形町,27-10,141.639495,43.334074
,樺戸郡月形町,27-11,141.639163,43.334177
,樺戸郡月形町,26-34,141.639251,43.334306
,樺戸郡月形町,26-33,141.639062,43.334364
字知来乙,樺戸郡月形町,24-14,141.639544,43.3344
字知来乙,樺戸郡月形町,24-1W2,141.639827,43.334408
,樺戸郡月形町,26-40,141.639508,43.334231
,樺戸郡月形町,26-35,141.639502,43.334215
,樺戸郡月形町,26-39,141.639877,43.334112
,樺戸郡月形町,26-38,141.640054,43.334057
字知来乙,樺戸郡月形町,24-2,141.640154,43.334224
,樺戸郡月形町,28-2,141.640955,43.333765
字知来乙,樺戸郡月形町,24-15,141.640327,43.334916
字知来乙,樺戸郡月形町,24-6,141.640555,43.335501
字知来乙,樺戸郡月形町,24-10,141.640168,43.335299
字知来乙,樺戸郡月形町,24-8,141.639239,43.335729
,樺戸郡月形町,24-1,141.64014,43.336606
字知来乙,樺戸郡月形町,24-7,141.640162,43.335949
字知来乙,樺戸郡月形町,24-5,141.639962,43.336108
字知来乙,樺戸郡月形町,24-13,141.640166,43.336217
字知来乙,樺戸郡月形町,24-4,141.638477,43.335842
,樺戸郡月形町,12-1,141.638061,43.337348
,樺戸郡月形町,14-2,141.640034,43.337738
,樺戸郡月形町,14-1,141.640503,43.337632
字月形原野,樺戸郡月形町,816-6,141.639895,43.33828
字月形原野,樺戸郡月形町,816-3,141.640462,43.338267
字知来乙,樺戸郡月形町,1544-2,141.640798,43.338135
,樺戸郡月形町,13-10,141.640455,43.338042
,樺戸郡月形町,13-1,141.639226,43.337977
字月形原野,樺戸郡月形町,816-2,141.640602,43.339244
字月形原野,樺戸郡月形町,817,141.639617,43.340034
字月形原野,樺戸郡月形町,816-1,141.639032,43.339046
字知来乙,樺戸郡月形町,1481-5,141.638103,43.338552
字知来乙,樺戸郡月形町,1481-1,141.638392,43.338462
字知来乙,樺戸郡月形町,1481-4,141.6389,43.338323
,樺戸郡月形町,13-13,141.638828,43.338168
字月形原野,樺戸郡月形町,816-9,141.639014,43.33833
字月形原野,樺戸郡月形町,816-7,141.639363,43.338244
字月形原野,樺戸郡月形町,816-4,141.639268,43.338247
字月形原野,樺戸郡月形町,816-8,141.639192,43.338267
字知来乙,樺戸郡月形町,1481-2,141.639192,43.338252
,樺戸郡月形町,13-15,141.638333,43.338203
,樺戸郡月形町,3880,141.639763,43.337928
,樺戸郡月形町,13-9,141.637728,43.337933
,樺戸郡月形町,13-14,141.637751,43.338439
字知来乙,樺戸郡月形町,1481-3,141.637697,43.338656
字月形原野,樺戸郡月形町,816-5,141.637354,43.338924
,樺戸郡月形町,13-16,141.637412,43.338674
,樺戸郡月形町,13-2,141.636016,43.338688
,樺戸郡月形町,12-16,141.635157,43.338087
,樺戸郡月形町,13-19,141.635281,43.338576
,樺戸郡月形町,13-20,141.635205,43.338549
字月形原野,樺戸郡月形町,781-5,141.636325,43.339392
字知来乙,樺戸郡月形町,1482-2,141.636161,43.339391
,樺戸郡月形町,13-17,141.635622,43.339486
,樺戸郡月形町,13-5,141.635439,43.339319
,樺戸郡月形町,13-22,141.635087,43.338535
字知来乙,樺戸郡月形町,6-11,141.635745,43.339587
字知来乙,樺戸郡月形町,6-9,141.635671,43.339685
字知来乙,樺戸郡月形町,6-15,141.63548,43.339727
字知来乙,樺戸郡月形町,6-13,141.635366,43.339667
,樺戸郡月形町,13-18,141.635468,43.33954
字知来乙,樺戸郡月形町,6-12,141.635163,43.339691
字知来乙,樺戸郡月形町,長狭物不明-83,141.63506,43.339701
字知来乙,樺戸郡月形町,3691-1,141.635086,43.339711
字知来乙,樺戸郡月形町,6-14,141.635508,43.339934
字知来乙,樺戸郡月形町,6-16,141.635501,43.339816
字知来乙,樺戸郡月形町,6-8,141.635599,43.339795
字知来乙,樺戸郡月形町,1482-1,141.635956,43.339617
字月形原野,樺戸郡月形町,781-2,141.636217,43.339609
字月形原野,樺戸郡月形町,781-4,141.63681,43.339157
字月形原野,樺戸郡月形町,781-1,141.637192,43.340002
字月形原野,樺戸郡月形町,780,141.638651,43.340508
字知来乙,樺戸郡月形町,6-2,141.635912,43.340445
字知来乙,樺戸郡月形町,6-5,141.635687,43.340125
字知来乙,樺戸郡月形町,3709,141.63511,43.340125
字知来乙,樺戸郡月形町,道-205,141.635307,43.339823
字知来乙,樺戸郡月形町,6-3,141.635183,43.339796
字知来乙,樺戸郡月形町,3700,141.635693,43.340969
字月形原野,樺戸郡月形町,781-3,141.636241,43.340584
字知来乙,樺戸郡月形町,566-2,141.636369,43.341426
字知来乙,樺戸郡月形町,3698,141.635963,43.341521
字知来乙,樺戸郡月形町,3699,141.635924,43.341286
字知来乙,樺戸郡月形町,3701,141.635296,43.34128
字知来乙,樺戸郡月形町,3693,141.635361,43.342019
字知来乙,樺戸郡月形町,3696,141.636081,43.342054
字知来乙,樺戸郡月形町,3697,141.636353,43.341493
字知来乙,樺戸郡月形町,567-3,141.636864,43.342355
字知来乙,樺戸郡月形町,785-5,141.636848,43.341974
字知来乙,樺戸郡月形町,785-2,141.637025,43.341454
字月形原野,樺戸郡月形町,782,141.637238,43.342189
字知来乙,樺戸郡月形町,785-1,141.637748,43.341409
字月形原野,樺戸郡月形町,道-274,141.637915,43.340511
字月形原野,樺戸郡月形町,長狭物不明-144,141.639887,43.340307
字月形原野,樺戸郡月形町,747-2,141.644508,43.339499
字月形原野,樺戸郡月形町,長狭物不明-143,141.644311,43.339003
字月形原野,樺戸郡月形町,748,141.646052,43.339676
字月形原野,樺戸郡月形町,道-272,141.645795,43.339269
字月形原野,樺戸郡月形町,749-3,141.645766,43.338306
字月形原野,樺戸郡月形町,749-2,141.646843,43.337967
字月形原野,樺戸郡月形町,749-1,141.645122,43.338669
字月形原野,樺戸郡月形町,749-6,141.642986,43.338048
字知来乙,樺戸郡月形町,1480-8,141.642643,43.338016
字知来乙,樺戸郡月形町,1480-3,141.642525,43.338079
字月形原野,樺戸郡月形町,1479-3,141.642684,43.338111
字月形原野,樺戸郡月形町,1479-2,141.642939,43.338299
字月形原野,樺戸郡月形町,道-273,141.642937,43.33968
字月形原野,樺戸郡月形町,1479-1,141.642944,43.338974
字月形原野,樺戸郡月形町,752,141.641385,43.339386
字知来乙,樺戸郡月形町,1544-1,141.641537,43.33813
字知来乙,樺戸郡月形町,1480-7,141.642817,43.337874
字知来乙,樺戸郡月形町,1480-4,141.643378,43.337872
字知来乙,樺戸郡月形町,1480-2,141.643702,43.337818
字月形原野,樺戸郡月形町,749-5,141.643854,43.33793
,樺戸郡月形町,15-6,141.643313,43.336057
字知来乙,樺戸郡月形町,道-7259,141.641104,43.336565
,樺戸郡月形町,26-8,141.641066,43.336083
字知来乙,樺戸郡月形町,24-9,141.641047,43.335328
,樺戸郡月形町,道-7090,141.641155,43.335425
,樺戸郡月形町,26-29,141.641493,43.335202
,樺戸郡月形町,26-19,141.642088,43.335589
,樺戸郡月形町,26-9,141.642358,43.333712
,樺戸郡月形町,26-13,141.641737,43.334285
,樺戸郡月形町,26-10,141.641959,43.334084
,樺戸郡月形町,26-28,141.642232,43.334298
,樺戸郡月形町,26-11,141.642671,43.334322
,樺戸郡月形町,32-8,141.643256,43.334135
,樺戸郡月形町,道-7089,141.642996,43.334174
,樺戸郡月形町,32-19,141.643684,43.333846
,樺戸郡月形町,32-7,141.643981,43.334086
,樺戸郡月形町,32-16,141.643462,43.334412
,樺戸郡月形町,32-9,141.643603,43.334777
,樺戸郡月形町,26-1,141.642489,43.335578
,樺戸郡月形町,26-30,141.642573,43.334971
,樺戸郡月形町,32-15,141.644594,43.335077
,樺戸郡月形町,32-18,141.644084,43.334887
,樺戸郡月形町,32-17,141.644262,43.334559
,樺戸郡月形町,34-9,141.645612,43.334258
,樺戸郡月形町,34-10,141.646405,43.334023
,樺戸郡月形町,34-6,141.644708,43.33437
,樺戸郡月形町,17-23,141.647295,43.336166
,樺戸郡月形町,17-1,141.64567,43.33663
,樺戸郡月形町,17-29,141.646145,43.336472
,樺戸郡月形町,17-6,141.645004,43.335802
,樺戸郡月形町,15-1,141.644777,43.336495
,樺戸郡月形町,15-5,141.643775,43.336422
,樺戸郡月形町,17-7,141.645301,43.336983
,樺戸郡月形町,15-4,141.643716,43.337278
,樺戸郡月形町,15-2,141.644198,43.337698
字月形原野,樺戸郡月形町,749-4,141.646177,43.337695
字知来乙,樺戸郡月形町,1480-1,141.64418,43.337869
字知来乙,樺戸郡月形町,1480-5,141.646658,43.337523
,樺戸郡月形町,17-9,141.645746,43.337248
,樺戸郡月形町,17-27,141.646182,43.337284
,樺戸郡月形町,17-28,141.646659,43.33714
,樺戸郡月形町,17-38,141.647153,43.337332
字知来乙,樺戸郡月形町,1480-6,141.647374,43.337539
,樺戸郡月形町,17-2,141.647226,43.337238
,樺戸郡月形町,17-30,141.647045,43.336979
,樺戸郡月形町,17-24,141.64735,43.337056
,樺戸郡月形町,17-32,141.647627,43.337229
,樺戸郡月形町,17-31,141.647313,43.337303
字赤川,樺戸郡月形町,588-9,141.647567,43.337373
,樺戸郡月形町,17-37,141.647906,43.337135
,樺戸郡月形町,17-26,141.647994,43.337001
,樺戸郡月形町,17-36,141.648158,43.337259
字赤川,樺戸郡月形町,588-8,141.649663,43.33736
字赤川,樺戸郡月形町,588-10,141.649598,43.337103
,樺戸郡月形町,17-8,141.650485,43.337029
,樺戸郡月形町,17-35,141.649277,43.33705
,樺戸郡月形町,17-33,141.648859,43.337018
,樺戸郡月形町,17-34,141.648408,43.33712
,樺戸郡月形町,17-25,141.648523,43.33695
,樺戸郡月形町,17-3,141.648451,43.336503
,樺戸郡月形町,長狭物不明-20,141.645384,43.336734
字知来乙,樺戸郡月形町,169-27,141.647164,43.334075
字知来乙,樺戸郡月形町,169-6,141.648345,43.334889
字知来乙,樺戸郡月形町,169-20,141.648765,43.334447
字知来乙,樺戸郡月形町,169-21,141.648757,43.333999
字知来乙,樺戸郡月形町,169-12,141.649465,43.333734
字知来乙,樺戸郡月形町,169-4,141.649959,43.333966
字知来乙,樺戸郡月形町,169-11,141.649774,43.334606
字知来乙,樺戸郡月形町,169-5,141.649249,43.33513
,樺戸郡月形町,17-4,141.651165,43.335428
,樺戸郡月形町,17-5,141.651855,43.334669
,樺戸郡月形町,水-5,141.65241,43.335149
字赤川,樺戸郡月形町,109-2,141.652774,43.336004
字赤川,樺戸郡月形町,109-4,141.652577,43.335658
字赤川,樺戸郡月形町,109-1,141.652506,43.336699
字赤川,樺戸郡月形町,588-11,141.650134,43.337498
字赤川,樺戸郡月形町,水-38,141.649808,43.338183
字赤川,樺戸郡月形町,401-10,141.650922,43.337841
字赤川,樺戸郡月形町,401-7,141.650681,43.337613
字赤川,樺戸郡月形町,126-1,141.651177,43.337526
字赤川,樺戸郡月形町,126-3,141.651259,43.337911
字赤川,樺戸郡月形町,122-1,141.651852,43.337076
字赤川,樺戸郡月形町,122-4,141.652177,43.337406
字赤川,樺戸郡月形町,道-94,141.656078,43.335371
字赤川,樺戸郡月形町,123,141.652795,43.337567
字赤川,樺戸郡月形町,209-1,141.652459,43.337635
字赤川,樺戸郡月形町,209-2,141.652729,43.33793
字赤川,樺戸郡月形町,125-1,141.65204,43.338232
字赤川,樺戸郡月形町,125-2,141.65173,43.338767
字赤川,樺戸郡月形町,400-5,141.651381,43.338772
字赤川,樺戸郡月形町,400-6,141.651482,43.339021
字赤川,樺戸郡月形町,400-4,141.651434,43.339112
,樺戸郡月形町,1041-1,141.653048,43.338484
,樺戸郡月形町,長狭物不明-33,141.652044,43.339248
,樺戸郡月形町,1043-1,141.652695,43.339679
,樺戸郡月形町,1043-3,141.652269,43.339521
,樺戸郡月形町,1058-11,141.651994,43.339713
,樺戸郡月形町,1058-9,141.652015,43.33973
,樺戸郡月形町,1058-8,141.651859,43.33979
,樺戸郡月形町,1058-10,141.651903,43.339719
,樺戸郡月形町,1058-5,141.651469,43.339998
,樺戸郡月形町,1058-7,141.651491,43.339939
,樺戸郡月形町,1058-4,141.651169,43.340032
,樺戸郡月形町,1042-4,141.651588,43.3394
,樺戸郡月形町,1042-3,141.651802,43.339477
,樺戸郡月形町,1042-2,141.651976,43.339585
,樺戸郡月形町,1042-1,141.652016,43.3394
字赤川,樺戸郡月形町,水-37,141.650074,43.339212
,樺戸郡月形町,1058-1,141.651427,43.339682
字赤川,樺戸郡月形町,403-5,141.650651,43.339587
字赤川,樺戸郡月形町,403-2,141.650461,43.339621
字赤川,樺戸郡月形町,403-4,141.65026,43.339652
字赤川,樺戸郡月形町,400-7,141.650443,43.33929
字赤川,樺戸郡月形町,403-3,141.650266,43.338887
字赤川,樺戸郡月形町,403-6,141.650474,43.338861
字赤川,樺戸郡月形町,400-1,141.651123,43.338995
字赤川,樺戸郡月形町,400-3,141.651208,43.338616
字赤川,樺戸郡月形町,401-13,141.650742,43.338256
字赤川,樺戸郡月形町,400-2,141.65103,43.338381
字赤川,樺戸郡月形町,400-8,141.65121,43.338122
字赤川,樺戸郡月形町,401-9,141.650973,43.337955
字赤川,樺戸郡月形町,401-8,141.651032,43.33802
字赤川,樺戸郡月形町,401-4,141.65093,43.338099
字赤川,樺戸郡月形町,401-12,141.650965,43.338141
字赤川,樺戸郡月形町,401-5,141.650841,43.338121
字赤川,樺戸郡月形町,401-6,141.650816,43.33796
字赤川,樺戸郡月形町,401-11,141.650486,43.338387
字赤川,樺戸郡月形町,401-1,141.65035,43.338251
字赤川,樺戸郡月形町,402-7,141.649794,43.338561
字赤川,樺戸郡月形町,402-6,141.650063,43.338688
字赤川,樺戸郡月形町,402-3,141.648905,43.338997
字赤川,樺戸郡月形町,402-1,141.64928,43.338432
字赤川,樺戸郡月形町,588-2,141.648731,43.337822
字赤川,樺戸郡月形町,588-3,141.648172,43.338476
字赤川,樺戸郡月形町,588-4,141.64816,43.339375
字知来乙,樺戸郡月形町,1509,141.646886,43.339571
字赤川,樺戸郡月形町,647-3,141.647095,43.339852
字赤川,樺戸郡月形町,647-16,141.647353,43.340002
字赤川,樺戸郡月形町,647-7,141.647786,43.340029
字赤川,樺戸郡月形町,647-8,141.647948,43.339683
字赤川,樺戸郡月形町,647-10,141.648292,43.339942
字赤川,樺戸郡月形町,588-1,141.648984,43.339581
字赤川,樺戸郡月形町,588-13,141.648812,43.339608
字赤川,樺戸郡月形町,588-5,141.648914,43.339494
字赤川,樺戸郡月形町,588-14,141.648728,43.339594
字赤川,樺戸郡月形町,588-12,141.648448,43.339438
字赤川,樺戸郡月形町,588-6,141.648664,43.339487
字赤川,樺戸郡月形町,402-5,141.649272,43.339291
字赤川,樺戸郡月形町,402-4,141.649579,43.338991
字赤川,樺戸郡月形町,403-1,141.649688,43.339396
字赤川,樺戸郡月形町,647-15,141.649441,43.339847
字赤川,樺戸郡月形町,647-14,141.649129,43.340568
字赤川,樺戸郡月形町,647-12,141.648594,43.340948
字赤川,樺戸郡月形町,647-17,141.648557,43.340626
字赤川,樺戸郡月形町,647-13,141.648927,43.340501
字赤川,樺戸郡月形町,647-4,141.649047,43.33985
字赤川,樺戸郡月形町,647-5,141.64823,43.340379
字赤川,樺戸郡月形町,647-19,141.648629,43.339736
字赤川,樺戸郡月形町,647-9,141.648259,43.339899
字赤川,樺戸郡月形町,647-6,141.647793,43.340437
字赤川,樺戸郡月形町,647-1,141.647535,43.340311
字赤川,樺戸郡月形町,647-18,141.647974,43.340565
字赤川,樺戸郡月形町,647-11,141.648299,43.340654
字赤川,樺戸郡月形町,647-2,141.64816,43.3407
,樺戸郡月形町,1548-14,141.64868,43.341863
,樺戸郡月形町,1058-3,141.651117,43.340089
,樺戸郡月形町,1058-6,141.651165,43.340111
,樺戸郡月形町,1058-2,141.65203,43.340036
字赤川,樺戸郡月形町,3678,141.646491,43.342158
字赤川,樺戸郡月形町,3679,141.646014,43.346097
,樺戸郡月形町,1548-4,141.657391,43.345368
,樺戸郡月形町,1548-6,141.658785,43.342519
,樺戸郡月形町,1046-2,141.660595,43.342399
,樺戸郡月形町,1033-22,141.661372,43.342429
,樺戸郡月形町,長狭物不明-53,141.66145,43.343763
字赤川ヌッパオマナイ,樺戸郡月形町,1417,141.663215,43.343908
,樺戸郡月形町,1030-4,141.663503,43.34312
,樺戸郡月形町,1030-2,141.661233,43.342799
,樺戸郡月形町,1030-1,141.662959,43.342478
,樺戸郡月形町,1030-19,141.664766,43.343529
,樺戸郡月形町,1030-18,141.664021,43.343851
,樺戸郡月形町,1029-31,141.663898,43.344002
,樺戸郡月形町,1029-30,141.664009,43.343954
,樺戸郡月形町,1029-18,141.663975,43.344072
,樺戸郡月形町,1029-5,141.664154,43.344197
,樺戸郡月形町,1029-19,141.664282,43.344046
,樺戸郡月形町,1029-38,141.664137,43.343897
,樺戸郡月形町,1029-27,141.664363,43.343799
,樺戸郡月形町,1029-6,141.664552,43.34376
,樺戸郡月形町,1029-40,141.664595,43.343698
,樺戸郡月形町,1029-44,141.664776,43.343832
,樺戸郡月形町,1029-45,141.664615,43.343817
,樺戸郡月形町,1029-15,141.664775,43.343952
,樺戸郡月形町,1029-26,141.664507,43.343951
,樺戸郡月形町,1029-60,141.664576,43.34426
,樺戸郡月形町,1029-72,141.664238,43.344285
,樺戸郡月形町,1029-50,141.664371,43.344362
,樺戸郡月形町,1029-3,141.664509,43.344505
,樺戸郡月形町,1548-5,141.661837,43.345806
,樺戸郡月形町,1021-3,141.664771,43.346643
,樺戸郡月形町,1021-1,141.663787,43.347223
,樺戸郡月形町,1022-5,141.66459,43.347232
,樺戸郡月形町,1022-9,141.663679,43.34806
,樺戸郡月形町,1022-1,141.663907,43.347995
,樺戸郡月形町,1022-4,141.663869,43.348494
,樺戸郡月形町,1022-10,141.663702,43.348293
,樺戸郡月形町,1021-2,141.663342,43.348327
,樺戸郡月形町,1052,141.662331,43.347956
,樺戸郡月形町,長狭物不明-7,141.663353,43.347637
,樺戸郡月形町,1051-2,141.663321,43.346693
,樺戸郡月形町,1053-2,141.663206,43.348751
,樺戸郡月形町,1053-1,141.662935,43.348452
,樺戸郡月形町,1019-9,141.663339,43.348585
,樺戸郡月形町,1019-4,141.663541,43.349361
,樺戸郡月形町,1019-7,141.663806,43.348983
,樺戸郡月形町,1019-3,141.663702,43.348596
,樺戸郡月形町,1019-10,141.663372,43.348463
,樺戸郡月形町,1019-5,141.663867,43.348681
,樺戸郡月形町,1019-6,141.663904,43.349505
字豊ケ丘,樺戸郡月形町,1624-6,141.664081,43.350083
字豊ケ丘,樺戸郡月形町,1624-2,141.665009,43.349947
,樺戸郡月形町,1011-21,141.666012,43.349327
字豊ケ丘,樺戸郡月形町,1624-1,141.664598,43.350749
字豊ケ丘,樺戸郡月形町,1622-11,141.667526,43.348851
,樺戸郡月形町,1011-199,141.66538,43.348356
字豊ケ丘,樺戸郡月形町,1622-9,141.664866,43.348158
字豊ケ丘,樺戸郡月形町,1622-21,141.665314,43.348129
字豊ケ丘,樺戸郡月形町,1622-18,141.665689,43.348082
字豊ケ丘,樺戸郡月形町,1622-10,141.665998,43.347934
,樺戸郡月形町,水-13,141.668131,43.344245
字豊ケ丘,樺戸郡月形町,1622-16,141.665156,43.34759
,樺戸郡月形町,道-16,141.665415,43.345878
,樺戸郡月形町,1022-11,141.665038,43.34654
,樺戸郡月形町,1022-8,141.664911,43.346866
,樺戸郡月形町,1022-6,141.664965,43.346896
,樺戸郡月形町,1022-2,141.665131,43.346406
,樺戸郡月形町,1022-7,141.665428,43.346287
字豊ケ丘,樺戸郡月形町,1622-17,141.666256,43.347099
,樺戸郡月形町,1011-197,141.666591,43.34687
,樺戸郡月形町,1011-20,141.668408,43.345514
字豊ケ丘,樺戸郡月形町,1622-1,141.666304,43.347546
字豊ケ丘,樺戸郡月形町,1622-8,141.667274,43.34789
字豊ケ丘,樺戸郡月形町,1621-9,141.667684,43.348061
字豊ケ丘,樺戸郡月形町,1621-13,141.668745,43.347406
字豊ケ丘,樺戸郡月形町,筆界未定地-49,141.667234,43.347069
字豊ケ丘,樺戸郡月形町,1620-1,141.668663,43.346894
字豊ケ丘,樺戸郡月形町,1622-5,141.668457,43.346242
字豊ケ丘,樺戸郡月形町,1620-7,141.669158,43.346376
字豊ケ丘,樺戸郡月形町,1621-10,141.669142,43.34703
字豊ケ丘,樺戸郡月形町,1621-12,141.668962,43.347235
字豊ケ丘,樺戸郡月形町,1621-1,141.669702,43.347275
字豊ケ丘,樺戸郡月形町,1621-11,141.669255,43.346866
字豊ケ丘,樺戸郡月形町,1620-8,141.669347,43.346519
字豊ケ丘,樺戸郡月形町,1620-4,141.669397,43.34632
字豊ケ丘,樺戸郡月形町,筆界未定地-51,141.669644,43.346207
字豊ケ丘,樺戸郡月形町,1621-3,141.67009,43.34655
字豊ケ丘,樺戸郡月形町,1621-6,141.669689,43.34659
字豊ケ丘,樺戸郡月形町,1618-8,141.670531,43.346277
字豊ケ丘,樺戸郡月形町,1618-7,141.670576,43.346406
字豊ケ丘,樺戸郡月形町,1618-6,141.670656,43.346525
字豊ケ丘,樺戸郡月形町,1618-12,141.670714,43.346689
字豊ケ丘,樺戸郡月形町,1621-4,141.668983,43.347637
字豊ケ丘,樺戸郡月形町,1621-8,141.670435,43.34761
字豊ケ丘,樺戸郡月形町,1621-2,141.66899,43.348558
字豊ケ丘,樺戸郡月形町,1614-2,141.670359,43.34934
字豊ケ丘,樺戸郡月形町,1614-6,141.672282,43.350957
字豊ケ丘,樺戸郡月形町,1614-3,141.671753,43.349652
字豊ケ丘,樺戸郡月形町,1614-5,141.671721,43.349021
字豊ケ丘,樺戸郡月形町,1613-5,141.673494,43.348573
字豊ケ丘,樺戸郡月形町,1614-4,141.672243,43.349578
字豊ケ丘,樺戸郡月形町,1614-1,141.67252,43.350306
字豊ケ丘,樺戸郡月形町,1613-4,141.674664,43.349837
字豊ケ丘,樺戸郡月形町,1613-1,141.675584,43.348452
,樺戸郡月形町,1011-391,141.676285,43.346332
,樺戸郡月形町,1011-212,141.676188,43.346174
,樺戸郡月形町,1011-46,141.675799,43.345993
,樺戸郡月形町,60-117,141.675982,43.346431
,樺戸郡月形町,1011-16,141.67507,43.346841
字豊ケ丘,樺戸郡月形町,1616-4,141.672604,43.3468
字豊ケ丘,樺戸郡月形町,1616-1,141.67185,43.346418
字豊ケ丘,樺戸郡月形町,1615-3,141.672184,43.347277
字豊ケ丘,樺戸郡月形町,1615-1,141.672747,43.348127
字豊ケ丘,樺戸郡月形町,1615-2,141.671899,43.348501
字豊ケ丘,樺戸郡月形町,1618-5,141.670771,43.346968
字豊ケ丘,樺戸郡月形町,1618-2,141.671171,43.347087
字豊ケ丘,樺戸郡月形町,1618-3,141.671506,43.346844
字豊ケ丘,樺戸郡月形町,3559,141.671354,43.346398
字豊ケ丘,樺戸郡月形町,1618-11,141.671122,43.346494
字豊ケ丘,樺戸郡月形町,1618-1,141.670959,43.346702
,樺戸郡月形町,1011-192,141.671424,43.345978
,樺戸郡月形町,1011-18,141.672431,43.345456
,樺戸郡月形町,1011-186,141.671069,43.345499
,樺戸郡月形町,1011-184,141.670809,43.345362
,樺戸郡月形町,1013-12,141.670773,43.344969
,樺戸郡月形町,1011-185,141.670734,43.345085
,樺戸郡月形町,1011-191,141.671265,43.345239
,樺戸郡月形町,1013-68,141.671439,43.344996
,樺戸郡月形町,1013-66,141.671283,43.344914
,樺戸郡月形町,1013-64,141.671276,43.344761
,樺戸郡月形町,1013-88,141.671044,43.344767
,樺戸郡月形町,1013-87,141.671043,43.344877
,樺戸郡月形町,1013-32,141.67081,43.344871
,樺戸郡月形町,1013-18,141.671683,43.344253
,樺戸郡月形町,1013-63,141.671593,43.344604
,樺戸郡月形町,1013-4,141.671857,43.344478
,樺戸郡月形町,1013-42,141.67191,43.344308
,樺戸郡月形町,1013-33,141.671657,43.344343
,樺戸郡月形町,1013-34,141.672001,43.344187
,樺戸郡月形町,1013-41,141.671996,43.344264
,樺戸郡月形町,1013-27,141.671961,43.344692
,樺戸郡月形町,1013-26,141.672005,43.344353
,樺戸郡月形町,1013-67,141.671664,43.344864
,樺戸郡月形町,1013-65,141.671669,43.344733
,樺戸郡月形町,1011-74,141.673136,43.344608
,樺戸郡月形町,1013-16,141.672266,43.344278
,樺戸郡月形町,1013-6,141.672372,43.344435
,樺戸郡月形町,1013-59,141.672805,43.344245
,樺戸郡月形町,1011-135,141.673707,43.344461
,樺戸郡月形町,1011-134,141.673231,43.344218
,樺戸郡月形町,1011-150,141.673707,43.345126
字豊ケ丘,樺戸郡月形町,1616-3,141.673193,43.346035
字豊ケ丘,樺戸郡月形町,1616-6,141.674,43.346015
字豊ケ丘,樺戸郡月形町,1616-5,141.673833,43.345544
字豊ケ丘,樺戸郡月形町,1616-2,141.674369,43.345318
字豊ケ丘,樺戸郡月形町,1616-7,141.674548,43.345287
字豊ケ丘,樺戸郡月形町,1616-9,141.674697,43.345356
,樺戸郡月形町,1011-47,141.675379,43.345839
字豊ケ丘,樺戸郡月形町,1616-8,141.674996,43.345796
字チクシベツ,樺戸郡月形町,203-218,141.675923,43.34555
字チクシベツ,樺戸郡月形町,203-343,141.676586,43.346166
字チクシベツ,樺戸郡月形町,203-354,141.67641,43.345839
字チクシベツ,樺戸郡月形町,203-355,141.676235,43.345676
字チクシベツ,樺戸郡月形町,203-356,141.676626,43.345525
字チクシベツ,樺戸郡月形町,203-219,141.67565,43.345239
字豊ケ丘,樺戸郡月形町,道-294,141.675567,43.345267
字チクシベツ,樺戸郡月形町,203-220,141.67587,43.345484
字豊ケ丘,樺戸郡月形町,1617-1,141.674946,43.345021
字豊ケ丘,樺戸郡月形町,1617-3,141.675189,43.344994
字豊ケ丘,樺戸郡月形町,1617-2,141.675499,43.345317
字チクシベツ,樺戸郡月形町,203-216,141.675492,43.345046
字チクシベツ,樺戸郡月形町,203-403,141.67526,43.344759
字チクシベツ,樺戸郡月形町,203-226,141.675399,43.34493
字チクシベツ,樺戸郡月形町,203-382,141.675772,43.344782
字チクシベツ,樺戸郡月形町,203-91,141.675868,43.344868
字チクシベツ,樺戸郡月形町,203-161,141.676183,43.345125
字チクシベツ,樺戸郡月形町,203-294,141.676294,43.345195
字チクシベツ,樺戸郡月形町,203-90,141.676029,43.344941
字チクシベツ,樺戸郡月形町,203-383,141.676123,43.344492
字チクシベツ,樺戸郡月形町,203-386,141.676437,43.344292
字チクシベツ,樺戸郡月形町,203-92,141.6757,43.344553
字チクシベツ,樺戸郡月形町,203-404,141.675248,43.344744
字チクシベツ,樺戸郡月形町,203-93,141.675558,43.344381
字チクシベツ,樺戸郡月形町,203-274,141.675004,43.344258
,樺戸郡月形町,1011-255,141.674995,43.344687
字チクシベツ,樺戸郡月形町,203-217,141.675078,43.344557
字チクシベツ,樺戸郡月形町,203-215,141.67512,43.344597
字チクシベツ,樺戸郡月形町,203-222,141.675179,43.344678
,樺戸郡月形町,1011-393,141.675015,43.344772
,樺戸郡月形町,1011-153,141.674825,43.344768
,樺戸郡月形町,1011-151,141.674089,43.344839
,樺戸郡月形町,長狭物不明-11,141.674061,43.344555
,樺戸郡月形町,1011-34,141.674117,43.344086
,樺戸郡月形町,1013-53,141.674028,43.343722
,樺戸郡月形町,1013-7,141.673683,43.34366
,樺戸郡月形町,1013-83,141.673882,43.343675
,樺戸郡月形町,1013-84,141.674082,43.343577
,樺戸郡月形町,1013-82,141.673899,43.343542
,樺戸郡月形町,1013-25,141.674035,43.34348
,樺戸郡月形町,1013-40,141.673925,43.343401
,樺戸郡月形町,道-14,141.673885,43.343189
,樺戸郡月形町,52-60,141.674024,43.343132
字チクシベツ,樺戸郡月形町,203-381,141.674307,43.343382
,樺戸郡月形町,1013-52,141.674109,43.343572
,樺戸郡月形町,1013-85,141.674083,43.343605
,樺戸郡月形町,1013-86,141.674178,43.343657
字チクシベツ,樺戸郡月形町,203-235,141.674426,43.343589
字チクシベツ,樺戸郡月形町,203-193,141.674806,43.34327
字チクシベツ,樺戸郡月形町,203-270,141.674745,43.34382
,樺戸郡月形町,1011-394,141.674591,43.34417
字チクシベツ,樺戸郡月形町,203-271,141.674845,43.344075
字チクシベツ,樺戸郡月形町,203-272,141.675055,43.343988
字チクシベツ,樺戸郡月形町,203-273,141.675004,43.344133
字チクシベツ,樺戸郡月形町,203-94,141.675715,43.343961
字チクシベツ,樺戸郡月形町,203-32,141.675416,43.343921
字チクシベツ,樺戸郡月形町,203-196,141.675338,43.343685
字チクシベツ,樺戸郡月形町,203-97,141.676356,43.344035
字チクシベツ,樺戸郡月形町,203-98,141.676353,43.343753
字チクシベツ,樺戸郡月形町,203-99,141.677177,43.342816
字チクシベツ,樺戸郡月形町,203-30,141.67652,43.343037
字チクシベツ,樺戸郡月形町,203-129,141.675974,43.343322
字チクシベツ,樺戸郡月形町,203-194,141.675807,43.343368
字チクシベツ,樺戸郡月形町,203-195,141.675116,43.343507
字チクシベツ,樺戸郡月形町,203-17,141.6755,43.343127
字チクシベツ,樺戸郡月形町,203-260,141.675295,43.34292
字チクシベツ,樺戸郡月形町,道-185,141.675406,43.342689
字チクシベツ,樺戸郡月形町,203-241,141.675648,43.342865
字チクシベツ,樺戸郡月形町,203-399,141.675743,43.342789
字チクシベツ,樺戸郡月形町,203-227,141.675584,43.342783
字チクシベツ,樺戸郡月形町,203-130,141.675879,43.342731
字チクシベツ,樺戸郡月形町,203-243,141.67583,43.342967
字チクシベツ,樺戸郡月形町,203-240,141.6757,43.342922
字チクシベツ,樺戸郡月形町,203-242,141.675733,43.342978
字チクシベツ,樺戸郡月形町,203-331,141.675888,43.343144
字チクシベツ,樺戸郡月形町,203-408,141.675978,43.343068
字チクシベツ,樺戸郡月形町,203-16,141.676096,43.342972
字チクシベツ,樺戸郡月形町,203-230,141.676688,43.342847
字チクシベツ,樺戸郡月形町,203-207,141.676246,43.342637
字チクシベツ,樺戸郡月形町,203-398,141.676014,43.342668
字チクシベツ,樺戸郡月形町,203-33,141.676534,43.342448
字チクシベツ,樺戸郡月形町,203-89,141.676388,43.342484
字チクシベツ,樺戸郡月形町,203-143,141.676459,43.342336
字チクシベツ,樺戸郡月形町,203-158,141.676654,43.342291
,樺戸郡月形町,52-33,141.676187,43.342149
,樺戸郡月形町,52-90,141.675808,43.34215
,樺戸郡月形町,52-45,141.675813,43.342325
,樺戸郡月形町,52-104,141.675937,43.342293
,樺戸郡月形町,52-103,141.675725,43.342364
,樺戸郡月形町,52-48,141.675609,43.342419
,樺戸郡月形町,52-47,141.675418,43.342506
,樺戸郡月形町,52-101,141.675312,43.342556
,樺戸郡月形町,52-102,141.675509,43.342185
,樺戸郡月形町,52-95,141.675047,43.342115
,樺戸郡月形町,52-9,141.675307,43.34231
,樺戸郡月形町,52-86,141.674257,43.342209
,樺戸郡月形町,52-96,141.674701,43.342301
,樺戸郡月形町,52-52,141.675183,43.342562
,樺戸郡月形町,52-51,141.675013,43.34264
,樺戸郡月形町,52-4,141.674652,43.342823
,樺戸郡月形町,52-39,141.674321,43.342715
,樺戸郡月形町,52-15,141.674278,43.343074
,樺戸郡月形町,52-63,141.6741,43.34309
,樺戸郡月形町,52-16,141.674105,43.34287
,樺戸郡月形町,52-62,141.673978,43.342969
,樺戸郡月形町,52-61,141.673911,43.343019
,樺戸郡月形町,52-30,141.673815,43.34274
,樺戸郡月形町,52-10,141.673944,43.34269
,樺戸郡月形町,52-107,141.673775,43.34255
,樺戸郡月形町,52-105,141.673828,43.34244
,樺戸郡月形町,52-89,141.674206,43.342339
,樺戸郡月形町,52-94,141.67415,43.342585
,樺戸郡月形町,52-98,141.674305,43.342504
,樺戸郡月形町,52-97,141.674448,43.34243
,樺戸郡月形町,52-88,141.674307,43.342335
,樺戸郡月形町,52-19,141.674115,43.342118
,樺戸郡月形町,52-72,141.674012,43.342082
,樺戸郡月形町,52-70,141.673936,43.342214
,樺戸郡月形町,52-106,141.674026,43.342333
,樺戸郡月形町,52-71,141.673777,43.342298
,樺戸郡月形町,52-41,141.673599,43.342287
,樺戸郡月形町,52-93,141.673391,43.342265
,樺戸郡月形町,52-40,141.673599,43.342392
,樺戸郡月形町,52-28,141.673609,43.34257
,樺戸郡月形町,1014-8,141.672867,43.342079
,樺戸郡月形町,長狭物不明-21,141.672412,43.342261
,樺戸郡月形町,1014-6,141.672712,43.342204
,樺戸郡月形町,1014-1,141.672693,43.342577
,樺戸郡月形町,1014-24,141.672578,43.34311
,樺戸郡月形町,1014-7,141.673159,43.343031
,樺戸郡月形町,1014-11,141.672967,43.342816
,樺戸郡月形町,52-85,141.673651,43.342748
,樺戸郡月形町,1014-18,141.673575,43.343291
,樺戸郡月形町,1014-14,141.673171,43.343419
,樺戸郡月形町,1014-20,141.673199,43.343646
,樺戸郡月形町,1014-17,141.673233,43.343547
,樺戸郡月形町,1013-39,141.673645,43.343533
,樺戸郡月形町,道-22,141.673579,43.343495
,樺戸郡月形町,1014-13,141.673436,43.343528
,樺戸郡月形町,1013-51,141.673643,43.34378
,樺戸郡月形町,1013-48,141.673426,43.343725
,樺戸郡月形町,1013-49,141.673507,43.343824
,樺戸郡月形町,1013-8,141.673371,43.343889
,樺戸郡月形町,1013-50,141.673614,43.343912
,樺戸郡月形町,1011-156,141.673396,43.344157
,樺戸郡月形町,1013-9,141.673297,43.344011
,樺戸郡月形町,1013-22,141.673183,43.34406
,樺戸郡月形町,1013-57,141.67305,43.343939
,樺戸郡月形町,1013-38,141.673125,43.343774
,樺戸郡月形町,1013-58,141.673158,43.343886
,樺戸郡月形町,1013-79,141.673154,43.343754
,樺戸郡月形町,1013-80,141.673257,43.343702
,樺戸郡月形町,1014-22,141.673222,43.343668
,樺戸郡月形町,1014-23,141.673177,43.343691
,樺戸郡月形町,1014-3,141.673117,43.343679
,樺戸郡月形町,1014-19,141.673087,43.343699
,樺戸郡月形町,1014-21,141.673119,43.343719
,樺戸郡月形町,1013-35,141.672957,43.343848
,樺戸郡月形町,1011-195,141.67289,43.34388
,樺戸郡月形町,1013-60,141.672968,43.344161
,樺戸郡月形町,1013-71,141.672681,43.344081
,樺戸郡月形町,1013-36,141.672842,43.343908
,樺戸郡月形町,1014-12,141.672118,43.344127
,樺戸郡月形町,道-20,141.672565,43.343986
,樺戸郡月形町,1013-37,141.672372,43.344115
,樺戸郡月形町,1014-9,141.672409,43.343583
,樺戸郡月形町,1014-10,141.67214,43.343265
,樺戸郡月形町,1013-21,141.671751,43.343877
,樺戸郡月形町,1013-5,141.67172,43.343648
,樺戸郡月形町,1013-11,141.671218,43.344096
,樺戸郡月形町,1016-5,141.670889,43.343667
,樺戸郡月形町,1016-6,141.671221,43.343223
,樺戸郡月形町,1016-4,141.671433,43.343125
,樺戸郡月形町,1017-5,141.671001,43.342944
,樺戸郡月形町,1017-4,141.671269,43.342671
,樺戸郡月形町,1014-2,141.671984,43.343018
,樺戸郡月形町,1014-5,141.671972,43.342579
,樺戸郡月形町,1015-4,141.671725,43.342314
,樺戸郡月形町,1015-1,141.671639,43.342487
,樺戸郡月形町,長狭物不明-18,141.67195,43.342504
,樺戸郡月形町,1015-3,141.671935,43.342435
,樺戸郡月形町,1015-2,141.672156,43.342294
,樺戸郡月形町,1015-6,141.67206,43.342163
,樺戸郡月形町,1025-11,141.670653,43.342109
,樺戸郡月形町,1025-9,141.670429,43.342207
,樺戸郡月形町,1025-21,141.670169,43.342149
,樺戸郡月形町,1025-38,141.670173,43.342156
,樺戸郡月形町,1025-22,141.670002,43.342226
,樺戸郡月形町,1025-40,141.670078,43.3422
,樺戸郡月形町,1025-10,141.670376,43.342382
,樺戸郡月形町,1025-15,141.670301,43.342573
,樺戸郡月形町,1025-33,141.670088,43.342363
,樺戸郡月形町,1025-5,141.669606,43.342759
,樺戸郡月形町,1025-6,141.669321,43.342879
,樺戸郡月形町,1025-43,141.669346,43.342537
,樺戸郡月形町,1025-25,141.669344,43.34253
,樺戸郡月形町,1026-14,141.669252,43.342379
,樺戸郡月形町,1026-19,141.66935,43.342477
,樺戸郡月形町,1026-20,141.669476,43.342419
,樺戸郡月形町,1025-44,141.669564,43.342437
,樺戸郡月形町,1025-26,141.669557,43.342432
,樺戸郡月形町,1025-14,141.669644,43.342498
,樺戸郡月形町,1025-4,141.670043,43.342622
,樺戸郡月形町,道-71,141.669249,43.34255
,樺戸郡月形町,1025-30,141.669786,43.342326
,樺戸郡月形町,1025-35,141.669797,43.34233
,樺戸郡月形町,1025-41,141.669986,43.342243
,樺戸郡月形町,1026-11,141.669371,43.34232
,樺戸郡月形町,1026-10,141.669203,43.342161
,樺戸郡月形町,1026-13,141.669087,43.342212
,樺戸郡月形町,道-79,141.669019,43.342202
,樺戸郡月形町,1027-24,141.668924,43.342295
,樺戸郡月形町,1027-35,141.669172,43.342559
,樺戸郡月形町,1027-17,141.669107,43.342496
,樺戸郡月形町,1027-22,141.668925,43.342582
,樺戸郡月形町,1027-1,141.669008,43.34239
,樺戸郡月形町,1027-31,141.668784,43.342477
,樺戸郡月形町,1027-30,141.668684,43.342353
,樺戸郡月形町,1027-25,141.668837,43.342197
,樺戸郡月形町,道-72,141.668205,43.342079
,樺戸郡月形町,1027-29,141.668582,43.342227
,樺戸郡月形町,1027-23,141.668491,43.342346
,樺戸郡月形町,1027-9,141.668375,43.342346
,樺戸郡月形町,1027-8,141.668205,43.342325
,樺戸郡月形町,1027-7,141.66812,43.342222
,樺戸郡月形町,1027-2,141.667959,43.3423
,樺戸郡月形町,1027-3,141.668039,43.342396
,樺戸郡月形町,1027-4,141.668109,43.34248
,樺戸郡月形町,1028-15,141.667926,43.342541
,樺戸郡月形町,1027-5,141.668173,43.342557
,樺戸郡月形町,1027-14,141.66839,43.342473
,樺戸郡月形町,1027-21,141.66835,43.342419
,樺戸郡月形町,1027-15,141.668469,43.34257
,樺戸郡月形町,1027-11,141.668409,43.342845
,樺戸郡月形町,1027-10,141.668345,43.342767
,樺戸郡月形町,道-83,141.668078,43.342635
,樺戸郡月形町,1028-19,141.668135,43.342797
,樺戸郡月形町,1027-6,141.66826,43.342661
,樺戸郡月形町,1028-22,141.667867,43.342745
,樺戸郡月形町,1028-11,141.668037,43.342992
,樺戸郡月形町,1028-10,141.667947,43.342882
,樺戸郡月形町,1028-18,141.668225,43.342908
,樺戸郡月形町,1028-17,141.668282,43.342983
,樺戸郡月形町,1027-33,141.668449,43.342889
,樺戸郡月形町,1028-16,141.668328,43.343026
,樺戸郡月形町,1025-7,141.668764,43.343062
,樺戸郡月形町,1025-20,141.668598,43.34287
,樺戸郡月形町,1027-34,141.668652,43.342796
,樺戸郡月形町,1027-12,141.668614,43.342751
,樺戸郡月形町,1027-16,141.668543,43.342665
,樺戸郡月形町,1027-32,141.668746,43.342669
,樺戸郡月形町,1027-19,141.668817,43.342633
,樺戸郡月形町,1027-36,141.668871,43.342697
,樺戸郡月形町,1025-37,141.668753,43.342805
,樺戸郡月形町,1025-47,141.668914,43.342732
,樺戸郡月形町,1025-28,141.669005,43.342685
,樺戸郡月形町,1027-37,141.668983,43.342646
,樺戸郡月形町,1025-46,141.669027,43.342682
,樺戸郡月形町,1025-19,141.669147,43.342621
,樺戸郡月形町,1025-45,141.669152,43.342627
,樺戸郡月形町,1025-8,141.66918,43.34266
,樺戸郡月形町,1025-12,141.669234,43.342727
,樺戸郡月形町,1025-34,141.669046,43.342904
,樺戸郡月形町,1017-6,141.668976,43.343658
,樺戸郡月形町,1024-2,141.668515,43.343242
,樺戸郡月形町,1025-16,141.668564,43.343176
,樺戸郡月形町,1028-7,141.668189,43.34314
,樺戸郡月形町,1028-12,141.667841,43.343291
,樺戸郡月形町,道-81,141.668092,43.343294
,樺戸郡月形町,1018-8,141.668964,43.343781
,樺戸郡月形町,1018-7,141.668863,43.343713
,樺戸郡月形町,1017-8,141.669215,43.343785
,樺戸郡月形町,1017-7,141.669086,43.343804
,樺戸郡月形町,1018-2,141.668949,43.343956
,樺戸郡月形町,1018-11,141.669248,43.344123
,樺戸郡月形町,道-17,141.669272,43.344091
,樺戸郡月形町,1016-1,141.669871,43.343979
,樺戸郡月形町,1017-9,141.669315,43.343626
,樺戸郡月形町,1017-1,141.669733,43.343439
,樺戸郡月形町,1017-3,141.670156,43.343264
,樺戸郡月形町,1016-3,141.67066,43.343398
,樺戸郡月形町,1013-3,141.670336,43.344548
,樺戸郡月形町,1016-7,141.669448,43.344229
,樺戸郡月形町,1018-9,141.669348,43.344243
,樺戸郡月形町,1018-10,141.669454,43.344371
,樺戸郡月形町,1013-56,141.669647,43.344611
,樺戸郡月形町,1013-54,141.669909,43.344769
,樺戸郡月形町,1011-194,141.669851,43.344788
,樺戸郡月形町,1013-55,141.669882,43.344901
,樺戸郡月形町,1013-14,141.669205,43.345221
,樺戸郡月形町,1011-193,141.67013,43.345125
,樺戸郡月形町,1011-249,141.670281,43.345213
,樺戸郡月形町,1013-29,141.670215,43.345142
,樺戸郡月形町,1013-30,141.670592,43.344897
,樺戸郡月形町,1013-28,141.670673,43.344932
,樺戸郡月形町,1013-73,141.670565,43.345089
,樺戸郡月形町,1013-75,141.670539,43.345031
,樺戸郡月形町,1013-74,141.67059,43.344993
,樺戸郡月形町,1013-31,141.670485,43.345069
,樺戸郡月形町,1013-72,141.670338,43.345148
,樺戸郡月形町,1011-250,141.670563,43.345167
,樺戸郡月形町,1011-251,141.670615,43.345202
,樺戸郡月形町,1011-144,141.670425,43.34533
,樺戸郡月形町,1013-47,141.669938,43.345338
,樺戸郡月形町,1013-46,141.670173,43.345393
,樺戸郡月形町,1013-2,141.67029,43.345573
,樺戸郡月形町,1013-77,141.669992,43.345701
,樺戸郡月形町,1013-69,141.670401,43.345649
,樺戸郡月形町,1011-396,141.670485,43.345568
,樺戸郡月形町,1011-395,141.670637,43.34554
字豊ケ丘,樺戸郡月形町,1619-4,141.670576,43.345691
字豊ケ丘,樺戸郡月形町,1619-1,141.670684,43.345722
字豊ケ丘,樺戸郡月形町,1619-3,141.670467,43.345777
字豊ケ丘,樺戸郡月形町,1618-9,141.670529,43.346136
字豊ケ丘,樺戸郡月形町,1618-10,141.670474,43.346002
字豊ケ丘,樺戸郡月形町,1621-7,141.670137,43.346163
字豊ケ丘,樺戸郡月形町,1620-5,141.670177,43.34584
,樺戸郡月形町,1013-61,141.66975,43.345764
,樺戸郡月形町,1013-44,141.669652,43.345856
字豊ケ丘,樺戸郡月形町,1620-6,141.669797,43.345929
字豊ケ丘,樺戸郡月形町,1620-2,141.669512,43.346095
字豊ケ丘,樺戸郡月形町,1622-22,141.669359,43.345948
字豊ケ丘,樺戸郡月形町,1622-6,141.66937,43.345873
,樺戸郡月形町,1013-45,141.669513,43.345819
,樺戸郡月形町,1013-81,141.66944,43.345779
字豊ケ丘,樺戸郡月形町,1622-24,141.669345,43.345845
字豊ケ丘,樺戸郡月形町,1622-23,141.669256,43.345752
,樺戸郡月形町,1013-70,141.66937,43.345706
,樺戸郡月形町,1013-62,141.669569,43.345603
,樺戸郡月形町,1013-76,141.669799,43.345509
,樺戸郡月形町,1013-17,141.669491,43.345445
,樺戸郡月形町,1013-78,141.67007,43.345575
,樺戸郡月形町,1011-196,141.669152,43.345593
字豊ケ丘,樺戸郡月形町,1622-12,141.669169,43.345676
字豊ケ丘,樺戸郡月形町,1622-13,141.669046,43.345832
字豊ケ丘,樺戸郡月形町,1622-14,141.669209,43.345946
字豊ケ丘,樺戸郡月形町,1620-10,141.669124,43.346086
字豊ケ丘,樺戸郡月形町,1620-9,141.669109,43.346146
字豊ケ丘,樺戸郡月形町,1622-15,141.668975,43.346095
,樺戸郡月形町,1013-15,141.669176,43.344829
,樺戸郡月形町,1018-4,141.669311,43.34444
,樺戸郡月形町,1018-3,141.668781,43.344349
,樺戸郡月形町,長狭物不明-14,141.67169,43.343122
,樺戸郡月形町,1018-5,141.669096,43.344184
,樺戸郡月形町,1023-1,141.667077,43.34448
,樺戸郡月形町,1023-4,141.667785,43.344347
,樺戸郡月形町,1050-3,141.666492,43.344289
,樺戸郡月形町,3496-7,141.666522,43.344195
,樺戸郡月形町,1050-4,141.666332,43.344268
,樺戸郡月形町,1050-1,141.666383,43.344337
,樺戸郡月形町,1050-2,141.666306,43.344439
,樺戸郡月形町,1023-3,141.666519,43.344661
,樺戸郡月形町,1023-2,141.666391,43.3449
,樺戸郡月形町,1018-1,141.667483,43.345282
,樺戸郡月形町,1011-198,141.66771,43.346142
,樺戸郡月形町,1018-6,141.666516,43.345571
,樺戸郡月形町,1051-4,141.665294,43.345977
,樺戸郡月形町,1022-3,141.665317,43.34622
,樺戸郡月形町,1021-4,141.66502,43.346221
,樺戸郡月形町,1051-3,141.66535,43.345904
,樺戸郡月形町,1051-1,141.665112,43.345458
,樺戸郡月形町,3496-2,141.66583,43.34462
,樺戸郡月形町,3496-4,141.666098,43.344516
,樺戸郡月形町,3496-5,141.666066,43.344332
,樺戸郡月形町,3496-1,141.666123,43.344223
,樺戸郡月形町,1029-55,141.66551,43.344253
,樺戸郡月形町,1029-54,141.665419,43.344421
,樺戸郡月形町,1029-68,141.665587,43.344461
,樺戸郡月形町,1029-52,141.665205,43.344538
,樺戸郡月形町,1029-49,141.664862,43.344565
,樺戸郡月形町,1029-53,141.665059,43.344408
,樺戸郡月形町,1029-61,141.664807,43.344167
,樺戸郡月形町,1029-62,141.664972,43.344089
,樺戸郡月形町,1029-63,141.665149,43.344007
,樺戸郡月形町,1029-64,141.665395,43.343907
,樺戸郡月形町,1029-4,141.665003,43.343651
,樺戸郡月形町,1029-43,141.664916,43.343776
,樺戸郡月形町,1029-39,141.664914,43.343562
,樺戸郡月形町,道-80,141.665238,43.34337
,樺戸郡月形町,1029-37,141.665342,43.343379
,樺戸郡月形町,1030-7,141.665301,43.343157
,樺戸郡月形町,1030-16,141.665481,43.343222
,樺戸郡月形町,1029-32,141.665507,43.343307
,樺戸郡月形町,1029-41,141.665214,43.343434
,樺戸郡月形町,1029-20,141.665193,43.343656
,樺戸郡月形町,1029-21,141.665352,43.343589
,樺戸郡月形町,1029-13,141.665478,43.343533
,樺戸郡月形町,1029-22,141.665657,43.343284
,樺戸郡月形町,1029-12,141.665643,43.343461
,樺戸郡月形町,1029-33,141.665637,43.34325
,樺戸郡月形町,1029-28,141.665805,43.343177
,樺戸郡月形町,1029-23,141.665901,43.343349
,樺戸郡月形町,1029-7,141.666025,43.343185
,樺戸郡月形町,1029-25,141.666178,43.343059
,樺戸郡月形町,1029-24,141.666237,43.343323
,樺戸郡月形町,1029-67,141.666099,43.343603
,樺戸郡月形町,1029-66,141.665859,43.343705
,樺戸郡月形町,1029-65,141.665629,43.343806
,樺戸郡月形町,1029-47,141.666347,43.343752
,樺戸郡月形町,1029-56,141.665791,43.344167
,樺戸郡月形町,1029-57,141.666012,43.344055
,樺戸郡月形町,1029-58,141.666261,43.343939
,樺戸郡月形町,3496-6,141.6663,43.34417
,樺戸郡月形町,3496-8,141.666515,43.344068
,樺戸郡月形町,1029-48,141.666651,43.343849
,樺戸郡月形町,3496-3,141.666931,43.343802
,樺戸郡月形町,3496-9,141.666724,43.343967
,樺戸郡月形町,1028-6,141.667189,43.343541
,樺戸郡月形町,1024-1,141.66835,43.343269
,樺戸郡月形町,1028-1,141.66731,43.34326
,樺戸郡月形町,1029-46,141.666737,43.343256
,樺戸郡月形町,1029-73,141.66658,43.343308
,樺戸郡月形町,1029-42,141.666955,43.343752
,樺戸郡月形町,1029-11,141.666584,43.343491
,樺戸郡月形町,1029-2,141.666787,43.343607
,樺戸郡月形町,1029-1,141.666307,43.3436
,樺戸郡月形町,1029-71,141.666406,43.343414
,樺戸郡月形町,1029-8,141.666469,43.343108
,樺戸郡月形町,1029-34,141.666434,43.342903
,樺戸郡月形町,1028-13,141.666983,43.342664
,樺戸郡月形町,1029-69,141.666708,43.342895
,樺戸郡月形町,1029-70,141.666775,43.343058
,樺戸郡月形町,1028-8,141.667555,43.343133
,樺戸郡月形町,1028-9,141.667743,43.343049
,樺戸郡月形町,1028-4,141.66745,43.342729
,樺戸郡月形町,1028-5,141.667051,43.342832
,樺戸郡月形町,1031-44,141.667078,43.342349
,樺戸郡月形町,1031-40,141.667166,43.34244
,樺戸郡月形町,1028-21,141.66775,43.3426
,樺戸郡月形町,1028-20,141.667645,43.342468
,樺戸郡月形町,1028-14,141.667448,43.342462
,樺戸郡月形町,1031-6,141.667414,43.342262
,樺戸郡月形町,1031-7,141.667737,43.342138
,樺戸郡月形町,1031-48,141.666985,43.342197
,樺戸郡月形町,1031-46,141.666703,43.342168
,樺戸郡月形町,1031-47,141.666803,43.34227
,樺戸郡月形町,1031-45,141.666723,43.34229
,樺戸郡月形町,1031-34,141.666901,43.342477
,樺戸郡月形町,1031-54,141.666755,43.342484
,樺戸郡月形町,1060-9,141.666695,43.342441
,樺戸郡月形町,1060-14,141.666639,43.342316
,樺戸郡月形町,1060-1,141.666554,43.342237
,樺戸郡月形町,1060-11,141.666517,43.342123
,樺戸郡月形町,1030-8,141.666083,43.342344
,樺戸郡月形町,1030-17,141.666141,43.342937
,樺戸郡月形町,1029-36,141.666177,43.343015
,樺戸郡月形町,1029-35,141.666077,43.343059
,樺戸郡月形町,1029-29,141.665981,43.343101
,樺戸郡月形町,1030-12,141.665645,43.342739
,樺戸郡月形町,1030-9,141.66451,43.343309
,樺戸郡月形町,1030-13,141.665169,43.341881
,樺戸郡月形町,1030-20,141.665101,43.341616
,樺戸郡月形町,1054-2,141.666177,43.341294
,樺戸郡月形町,道-78,141.666218,43.341377
,樺戸郡月形町,1060-15,141.666214,43.341527
,樺戸郡月形町,1060-2,141.666069,43.341592
,樺戸郡月形町,1060-12,141.666612,43.342079
,樺戸郡月形町,1060-13,141.666625,43.342026
,樺戸郡月形町,1060-10,141.666639,43.341842
,樺戸郡月形町,1060-5,141.666297,43.34177
,樺戸郡月形町,1060-6,141.666476,43.341562
,樺戸郡月形町,1060-8,141.666463,43.341696
,樺戸郡月形町,1060-7,141.666513,43.341649
,樺戸郡月形町,1060-4,141.666557,43.341595
,樺戸郡月形町,3495,141.666608,43.34158
,樺戸郡月形町,1031-38,141.666987,43.341683
,樺戸郡月形町,1031-43,141.666884,43.341957
,樺戸郡月形町,1031-51,141.666767,43.342049
,樺戸郡月形町,1031-37,141.666684,43.342047
,樺戸郡月形町,1031-50,141.667087,43.341998
,樺戸郡月形町,1031-52,141.667064,43.341879
,樺戸郡月形町,1031-49,141.667228,43.342092
,樺戸郡月形町,1031-55,141.667461,43.341994
,樺戸郡月形町,1031-56,141.667679,43.341906
,樺戸郡月形町,1031-61,141.667918,43.341613
,樺戸郡月形町,1031-59,141.667511,43.341665
,樺戸郡月形町,1031-58,141.667284,43.341772
,樺戸郡月形町,1031-65,141.667087,43.341681
,樺戸郡月形町,1031-1,141.667451,43.341539
,樺戸郡月形町,1049-1,141.667677,43.341206
,樺戸郡月形町,1031-66,141.666842,43.341376
,樺戸郡月形町,1031-31,141.666748,43.341566
,樺戸郡月形町,1031-32,141.666747,43.34144
,樺戸郡月形町,1031-63,141.666804,43.341409
,樺戸郡月形町,1031-30,141.66667,43.34137
,樺戸郡月形町,3494,141.666574,43.341367
,樺戸郡月形町,1031-36,141.666597,43.341508
,樺戸郡月形町,1060-3,141.666426,43.341436
,樺戸郡月形町,1031-41,141.66724,43.340996
,樺戸郡月形町,1055-1,141.666847,43.340447
,樺戸郡月形町,水-10,141.666369,43.340489
,樺戸郡月形町,1054-1,141.665786,43.340504
,樺戸郡月形町,1030-6,141.664886,43.340947
,樺戸郡月形町,1030-21,141.664966,43.340681
,樺戸郡月形町,1033-23,141.664945,43.340497
,樺戸郡月形町,道-68,141.664421,43.339781
,樺戸郡月形町,1056-112,141.664982,43.339574
,樺戸郡月形町,1056-90,141.665115,43.339614
,樺戸郡月形町,1056-108,141.665187,43.339678
,樺戸郡月形町,1056-3,141.665797,43.339624
,樺戸郡月形町,1056-1,141.665118,43.339072
,樺戸郡月形町,1047-4,141.665139,43.338159
,樺戸郡月形町,1035-5,141.667653,43.338554
,樺戸郡月形町,1056-36,141.666683,43.338807
,樺戸郡月形町,1056-32,141.667355,43.337982
,樺戸郡月形町,1056-33,141.667414,43.338031
,樺戸郡月形町,1056-35,141.667524,43.338142
,樺戸郡月形町,1056-34,141.667459,43.33809
,樺戸郡月形町,1056-28,141.667656,43.338023
,樺戸郡月形町,1056-95,141.667722,43.33809
,樺戸郡月形町,1056-98,141.667831,43.338038
,樺戸郡月形町,1056-92,141.667626,43.338144
,樺戸郡月形町,1056-59,141.667641,43.338227
,樺戸郡月形町,1055-30,141.667128,43.339286
,樺戸郡月形町,道-66,141.667683,43.338998
,樺戸郡月形町,1056-104,141.666809,43.339373
,樺戸郡月形町,1055-34,141.666769,43.33972
,樺戸郡月形町,1055-18,141.667643,43.339846
,樺戸郡月形町,1055-26,141.668166,43.339583
,樺戸郡月形町,1055-24,141.668749,43.339806
,樺戸郡月形町,1055-4,141.669184,43.339535
,樺戸郡月形町,長狭物不明-23,141.668777,43.339422
,樺戸郡月形町,1055-19,141.669183,43.339272
,樺戸郡月形町,1055-7,141.668211,43.339282
,樺戸郡月形町,1056-6,141.66798,43.338813
,樺戸郡月形町,1056-111,141.668282,43.338669
,樺戸郡月形町,1056-7,141.668188,43.338721
,樺戸郡月形町,1056-115,141.668536,43.338568
,樺戸郡月形町,1056-39,141.668345,43.338459
,樺戸郡月形町,1056-38,141.668143,43.338545
,樺戸郡月形町,1056-60,141.667961,43.338295
,樺戸郡月形町,1056-80,141.667786,43.338143
,樺戸郡月形町,1056-101,141.667882,43.338099
,樺戸郡月形町,1056-81,141.667962,43.33805
,樺戸郡月形町,1056-100,141.667998,43.337947
,樺戸郡月形町,1056-94,141.668055,43.337933
,樺戸郡月形町,1056-88,141.668104,43.337992
,樺戸郡月形町,1056-65,141.668115,43.338137
,樺戸郡月形町,1056-110,141.668243,43.337932
,樺戸郡月形町,1056-66,141.668305,43.33805
,樺戸郡月形町,1056-67,141.668498,43.337961
,樺戸郡月形町,1056-64,141.668467,43.338068
,樺戸郡月形町,1056-62,141.668419,43.338179
,樺戸郡月形町,1056-61,141.668231,43.338268
,樺戸郡月形町,1056-82,141.668501,43.338389
,樺戸郡月形町,1056-40,141.668673,43.338324
,樺戸郡月形町,1056-79,141.668833,43.338311
,樺戸郡月形町,1056-63,141.668621,43.338083
,樺戸郡月形町,1056-15,141.668757,43.338029
,樺戸郡月形町,1056-41,141.668776,43.338153
,樺戸郡月形町,1056-42,141.669041,43.338215
,樺戸郡月形町,1056-43,141.669174,43.338158
,樺戸郡月形町,1056-117,141.669119,43.3383
,樺戸郡月形町,1056-77,141.668937,43.338263
,樺戸郡月形町,1056-76,141.668878,43.33829
,樺戸郡月形町,1056-113,141.668992,43.338359
,樺戸郡月形町,1056-118,141.668953,43.338376
,樺戸郡月形町,1056-119,141.668909,43.338396
,樺戸郡月形町,1056-116,141.66862,43.33853
,樺戸郡月形町,1219-1,141.669221,43.338736
,樺戸郡月形町,1056-120,141.669253,43.338239
,樺戸郡月形町,1056-114,141.669375,43.338182
,樺戸郡月形町,1056-44,141.66931,43.338113
,樺戸郡月形町,1056-45,141.669507,43.338058
,樺戸郡月形町,1069-5,141.669881,43.337979
,樺戸郡月形町,1069-1,141.670014,43.338104
,樺戸郡月形町,1069-9,141.670172,43.337933
,樺戸郡月形町,1069-10,141.670333,43.338078
,樺戸郡月形町,1069-13,141.670546,43.337983
,樺戸郡月形町,1069-15,141.670647,43.337939
,樺戸郡月形町,1068-3,141.670609,43.338399
,樺戸郡月形町,1068-2,141.670672,43.338574
,樺戸郡月形町,1068-13,141.670462,43.338464
,樺戸郡月形町,1068-12,141.670346,43.33855
,樺戸郡月形町,1055-16,141.670022,43.338955
,樺戸郡月形町,1068-11,141.670626,43.338715
,樺戸郡月形町,1068-6,141.670676,43.338824
,樺戸郡月形町,1055-10,141.669981,43.33937
,樺戸郡月形町,1055-9,141.670195,43.339168
,樺戸郡月形町,1055-27,141.670101,43.339052
,樺戸郡月形町,1055-28,141.66982,43.339175
,樺戸郡月形町,1055-35,141.669622,43.339128
,樺戸郡月形町,1055-17,141.66974,43.339077
,樺戸郡月形町,1055-20,141.66925,43.339204
,樺戸郡月形町,1055-14,141.669358,43.339178
,樺戸郡月形町,1055-36,141.669513,43.339236
,樺戸郡月形町,1055-13,141.669341,43.339409
,樺戸郡月形町,1055-12,141.669609,43.339409
,樺戸郡月形町,1055-11,141.669827,43.33938
,樺戸郡月形町,1055-15,141.669736,43.339567
,樺戸郡月形町,1048-8,141.669505,43.339965
,樺戸郡月形町,1048-1,141.669967,43.339867
,樺戸郡月形町,1048-26,141.670407,43.339677
,樺戸郡月形町,1048-20,141.670708,43.339618
,樺戸郡月形町,1048-27,141.670614,43.339907
,樺戸郡月形町,1048-25,141.670341,43.340029
,樺戸郡月形町,1048-24,141.670114,43.340142
,樺戸郡月形町,1025-17,141.670258,43.340477
,樺戸郡月形町,1032-5,141.670868,43.34042
,樺戸郡月形町,1025-2,141.670345,43.340876
,樺戸郡月形町,道-73,141.669688,43.340564
,樺戸郡月形町,1032-14,141.669784,43.341015
,樺戸郡月形町,1032-1,141.669336,43.340681
,樺戸郡月形町,1048-35,141.66902,43.340373
,樺戸郡月形町,道-74,141.669871,43.339754
,樺戸郡月形町,1055-29,141.669569,43.339781
,樺戸郡月形町,1031-68,141.668313,43.340518
,樺戸郡月形町,1048-36,141.668506,43.340642
,樺戸郡月形町,1049-4,141.668453,43.34068
,樺戸郡月形町,1031-33,141.668012,43.340652
,樺戸郡月形町,1049-3,141.668043,43.340993
,樺戸郡月形町,1049-2,141.668331,43.340861
,樺戸郡月形町,1031-67,141.668609,43.340861
,樺戸郡月形町,1031-2,141.668666,43.340941
,樺戸郡月形町,1048-7,141.668584,43.340508
,樺戸郡月形町,1032-13,141.6691,43.341113
,樺戸郡月形町,1031-62,141.669124,43.341566
,樺戸郡月形町,1031-20,141.66891,43.341547
,樺戸郡月形町,1031-3,141.669014,43.341434
,樺戸郡月形町,1031-23,141.668913,43.341323
,樺戸郡月形町,1031-22,141.668778,43.34139
,樺戸郡月形町,1031-21,141.668843,43.341471
,樺戸郡月形町,1031-42,141.668651,43.341532
,樺戸郡月形町,1031-16,141.668536,43.34139
,樺戸郡月形町,1031-26,141.668633,43.341222
,樺戸郡月形町,1031-24,141.668704,43.34131
,樺戸郡月形町,1031-25,141.668847,43.341239
,樺戸郡月形町,1031-27,141.668773,43.341153
,樺戸郡月形町,1031-29,141.668694,43.341064
,樺戸郡月形町,1031-28,141.668554,43.341131
,樺戸郡月形町,1031-64,141.668415,43.341235
,樺戸郡月形町,1031-60,141.667955,43.341484
,樺戸郡月形町,1031-15,141.668378,43.341619
,樺戸郡月形町,1031-13,141.668474,43.34152
,樺戸郡月形町,1031-53,141.668131,43.341703
,樺戸郡月形町,1031-57,141.667898,43.341808
,樺戸郡月形町,1031-39,141.667901,43.342067
,樺戸郡月形町,1031-18,141.667991,43.342029
,樺戸郡月形町,1031-8,141.668075,43.341992
,樺戸郡月形町,1031-10,141.66821,43.341932
,樺戸郡月形町,1031-11,141.668365,43.341865
,樺戸郡月形町,1027-28,141.668475,43.342097
,樺戸郡月形町,1027-27,141.668659,43.341997
,樺戸郡月形町,1027-26,141.66876,43.34209
,樺戸郡月形町,1031-12,141.668538,43.341789
,樺戸郡月形町,1031-14,141.668736,43.341631
,樺戸郡月形町,1031-4,141.668859,43.341693
,樺戸郡月形町,1031-5,141.668748,43.341742
,樺戸郡月形町,1031-19,141.668985,43.341638
,樺戸郡月形町,1026-18,141.669099,43.341829
,樺戸郡月形町,1026-4,141.669271,43.341827
,樺戸郡月形町,1026-9,141.669001,43.341968
,樺戸郡月形町,1026-1,141.668907,43.342029
,樺戸郡月形町,1026-16,141.669311,43.342015
,樺戸郡月形町,1026-5,141.669606,43.342151
,樺戸郡月形町,1026-17,141.669941,43.341783
,樺戸郡月形町,1026-15,141.669392,43.341746
,樺戸郡月形町,1026-21,141.66932,43.341776
,樺戸郡月形町,1025-18,141.67044,43.341526
,樺戸郡月形町,1025-42,141.670329,43.342085
,樺戸郡月形町,1025-29,141.670319,43.34208
,樺戸郡月形町,1025-39,141.670543,43.341987
,樺戸郡月形町,1025-27,141.670539,43.341978
,樺戸郡月形町,1025-1,141.670899,43.342007
,樺戸郡月形町,1025-13,141.671094,43.341923
,樺戸郡月形町,1025-48,141.670783,43.341876
,樺戸郡月形町,1025-23,141.670777,43.341868
,樺戸郡月形町,1025-36,141.670969,43.34179
,樺戸郡月形町,1025-24,141.670956,43.341785
,樺戸郡月形町,1061-21,141.672217,43.341326
,樺戸郡月形町,1061-22,141.67205,43.341358
,樺戸郡月形町,1061-1,141.671844,43.341474
,樺戸郡月形町,1061-15,141.671738,43.341303
,樺戸郡月形町,1061-16,141.672064,43.341272
,樺戸郡月形町,1061-18,141.672139,43.34113
,樺戸郡月形町,1061-14,141.671788,43.341072
,樺戸郡月形町,1061-7,141.671411,43.341135
,樺戸郡月形町,1025-32,141.67116,43.341147
,樺戸郡月形町,1025-31,141.671353,43.341467
,樺戸郡月形町,1061-5,141.671084,43.341073
,樺戸郡月形町,1061-13,141.671215,43.341048
,樺戸郡月形町,1061-6,141.671311,43.340999
,樺戸郡月形町,1061-11,141.671444,43.340984
,樺戸郡月形町,1048-13,141.67137,43.340547
,樺戸郡月形町,1048-18,141.671154,43.340559
,樺戸郡月形町,1032-11,141.671097,43.340583
,樺戸郡月形町,1032-10,141.670936,43.340556
,樺戸郡月形町,1032-9,141.670802,43.340722
,樺戸郡月形町,1048-11,141.671067,43.340155
,樺戸郡月形町,1048-16,141.671336,43.340398
,樺戸郡月形町,1048-17,141.671286,43.340334
,樺戸郡月形町,1048-12,141.671156,43.340455
,樺戸郡月形町,1048-15,141.671459,43.34045
,樺戸郡月形町,1048-14,141.671511,43.340525
,樺戸郡月形町,1063-1,141.671627,43.3401
,樺戸郡月形町,1063-3,141.671743,43.340014
,樺戸郡月形町,1063-18,141.671688,43.340216
,樺戸郡月形町,1063-15,141.671843,43.34027
,樺戸郡月形町,1063-19,141.67186,43.340133
,樺戸郡月形町,1063-2,141.672131,43.340099
,樺戸郡月形町,1063-14,141.672126,43.340266
,樺戸郡月形町,道-76,141.672177,43.34038
,樺戸郡月形町,1063-25,141.672017,43.340278
,樺戸郡月形町,1063-24,141.671857,43.340364
,樺戸郡月形町,1063-23,141.67199,43.340385
,樺戸郡月形町,1063-11,141.67188,43.340425
,樺戸郡月形町,1062-18,141.671946,43.340534
,樺戸郡月形町,1062-19,141.672009,43.340506
,樺戸郡月形町,1062-17,141.672107,43.340462
,樺戸郡月形町,1062-7,141.672183,43.340559
,樺戸郡月形町,1062-2,141.672086,43.3406
,樺戸郡月形町,1062-1,141.672008,43.34064
,樺戸郡月形町,1061-19,141.671896,43.340831
,樺戸郡月形町,1061-10,141.671767,43.340781
,樺戸郡月形町,1061-9,141.671645,43.340835
,樺戸郡月形町,1061-8,141.671506,43.340897
,樺戸郡月形町,1061-17,141.672016,43.340979
,樺戸郡月形町,1062-4,141.672164,43.340804
,樺戸郡月形町,道-70,141.672127,43.341014
,樺戸郡月形町,1062-25,141.672245,43.340903
,樺戸郡月形町,1062-26,141.672418,43.34083
,樺戸郡月形町,1064-1,141.672775,43.341069
,樺戸郡月形町,1062-12,141.67267,43.340737
,樺戸郡月形町,1062-23,141.67264,43.340733
,樺戸郡月形町,1062-22,141.672757,43.340683
,樺戸郡月形町,1062-16,141.672769,43.340696
,樺戸郡月形町,道-75,141.673164,43.340566
,樺戸郡月形町,1062-11,141.672676,43.340586
,樺戸郡月形町,1062-5,141.672598,43.340683
,樺戸郡月形町,1062-13,141.672562,43.340782
,樺戸郡月形町,1062-24,141.672503,43.34079
,樺戸郡月形町,1062-9,141.67249,43.340693
,樺戸郡月形町,1062-6,141.672338,43.34073
,樺戸郡月形町,1062-3,141.672358,43.340484
,樺戸郡月形町,1062-10,141.672527,43.34041
,樺戸郡月形町,1062-21,141.672447,43.340315
,樺戸郡月形町,1062-15,141.672442,43.340304
,樺戸郡月形町,1062-20,141.672281,43.340388
,樺戸郡月形町,1062-14,141.67228,43.340375
,樺戸郡月形町,1063-9,141.672371,43.340159
,樺戸郡月形町,1063-5,141.672284,43.340199
,樺戸郡月形町,1064-36,141.672625,43.340244
,樺戸郡月形町,1064-42,141.672752,43.340192
,樺戸郡月形町,道-46,141.672858,43.340089
,樺戸郡月形町,1064-41,141.672828,43.340161
,樺戸郡月形町,1064-7,141.672893,43.34023
,樺戸郡月形町,1064-6,141.672755,43.340286
,樺戸郡月形町,1064-17,141.672875,43.340412
,樺戸郡月形町,1064-38,141.67294,43.340529
,樺戸郡月形町,1064-35,141.673189,43.34051
,樺戸郡月形町,1064-3,141.673164,43.340415
,樺戸郡月形町,1064-8,141.673094,43.340205
,樺戸郡月形町,1064-10,141.673261,43.340107
字月形,樺戸郡月形町,1468-4,141.673391,43.340081
字月形,樺戸郡月形町,1468-5,141.673526,43.340052
字月形,樺戸郡月形町,1468-6,141.673647,43.34001
字月形,樺戸郡月形町,1468-16,141.673484,43.340252
字月形,樺戸郡月形町,1468-34,141.673767,43.340263
字月形,樺戸郡月形町,1468-20,141.67369,43.340479
,樺戸郡月形町,1064-25,141.673625,43.340708
,樺戸郡月形町,1064-20,141.673395,43.340794
,樺戸郡月形町,1064-24,141.6735,43.340558
,樺戸郡月形町,1064-19,141.67327,43.340649
,樺戸郡月形町,1064-37,141.67318,43.34068
,樺戸郡月形町,1064-13,141.673125,43.340957
,樺戸郡月形町,1064-23,141.673576,43.340843
,樺戸郡月形町,1064-21,141.67352,43.340939
,樺戸郡月形町,1064-22,141.673649,43.341087
,樺戸郡月形町,1064-32,141.673016,43.341292
,樺戸郡月形町,1064-34,141.67322,43.341254
,樺戸郡月形町,52-100,141.673439,43.341516
,樺戸郡月形町,52-75,141.673204,43.3415
,樺戸郡月形町,52-77,141.672982,43.34154
,樺戸郡月形町,1064-4,141.672681,43.341238
,樺戸郡月形町,1064-16,141.672458,43.341095
,樺戸郡月形町,1064-15,141.672523,43.341284
,樺戸郡月形町,1061-20,141.672316,43.341345
,樺戸郡月形町,52-76,141.672787,43.341555
,樺戸郡月形町,1064-33,141.672829,43.341325
,樺戸郡月形町,52-74,141.672901,43.341523
,樺戸郡月形町,52-79,141.672939,43.341532
,樺戸郡月形町,52-80,141.672757,43.341584
,樺戸郡月形町,52-78,141.672801,43.341592
,樺戸郡月形町,1015-5,141.672525,43.341986
,樺戸郡月形町,52-38,141.673142,43.341938
,樺戸郡月形町,52-7,141.673388,43.341784
,樺戸郡月形町,52-6,141.673665,43.341979
,樺戸郡月形町,52-68,141.67422,43.342062
,樺戸郡月形町,52-17,141.674324,43.342004
,樺戸郡月形町,52-69,141.674217,43.341951
,樺戸郡月形町,52-3,141.674753,43.341924
,樺戸郡月形町,1064-29,141.673662,43.341191
,樺戸郡月形町,1064-30,141.673853,43.341165
,樺戸郡月形町,1064-31,141.673965,43.341149
,樺戸郡月形町,52-2,141.674444,43.341598
字月形,樺戸郡月形町,1466-14,141.675104,43.341024
,樺戸郡月形町,52-50,141.67505,43.341718
,樺戸郡月形町,52-49,141.674842,43.341821
,樺戸郡月形町,52-91,141.674965,43.341959
,樺戸郡月形町,52-12,141.674975,43.341919
,樺戸郡月形町,52-83,141.675027,43.341934
,樺戸郡月形町,52-42,141.675173,43.341933
,樺戸郡月形町,52-59,141.675543,43.341856
,樺戸郡月形町,52-43,141.675376,43.341912
,樺戸郡月形町,52-84,141.675268,43.341805
,樺戸郡月形町,52-64,141.675236,43.341612
,樺戸郡月形町,52-81,141.675442,43.341713
,樺戸郡月形町,52-82,141.675397,43.341736
,樺戸郡月形町,52-67,141.675691,43.341825
,樺戸郡月形町,52-57,141.67562,43.341674
,樺戸郡月形町,52-56,141.675786,43.341603
,樺戸郡月形町,52-1,141.675969,43.341994
,樺戸郡月形町,52-108,141.676432,43.34194
,樺戸郡月形町,道-7049,141.676631,43.341669
,樺戸郡月形町,52-73,141.676264,43.341744
,樺戸郡月形町,52-58,141.676063,43.341673
,樺戸郡月形町,52-55,141.676042,43.341472
,樺戸郡月形町,56-8,141.676408,43.341235
,樺戸郡月形町,56-34,141.676664,43.341142
,樺戸郡月形町,52-14,141.675714,43.341271
,樺戸郡月形町,52-53,141.675862,43.341346
,樺戸郡月形町,52-92,141.675714,43.341564
,樺戸郡月形町,52-54,141.675806,43.341478
,樺戸郡月形町,52-66,141.675622,43.341478
,樺戸郡月形町,52-65,141.675423,43.341506
,樺戸郡月形町,52-13,141.675657,43.341081
字月形,樺戸郡月形町,1466-13,141.67523,43.340985
字月形,樺戸郡月形町,1466-11,141.675286,43.340938
字月形,樺戸郡月形町,1466-12,141.675594,43.340788
字月形,樺戸郡月形町,1466-5,141.675639,43.340753
字月形,樺戸郡月形町,1467-5,141.675849,43.34063
,樺戸郡月形町,52-46,141.675835,43.340971
,樺戸郡月形町,56-3,141.676447,43.341115
,樺戸郡月形町,56-35,141.676595,43.341006
,樺戸郡月形町,56-10,141.676521,43.340937
字月形,樺戸郡月形町,1467-4,141.675937,43.340726
字月形,樺戸郡月形町,1467-7,141.675939,43.34065
字月形,樺戸郡月形町,1467-6,141.676295,43.340504
字月形,樺戸郡月形町,1467-1,141.676157,43.340194
字月形,樺戸郡月形町,1467-10,141.675685,43.340228
字月形,樺戸郡月形町,1466-8,141.675053,43.340222
字月形,樺戸郡月形町,1466-9,141.674931,43.340122
字月形,樺戸郡月形町,1468-19,141.674727,43.340031
字月形,樺戸郡月形町,1466-7,141.67471,43.340207
字月形,樺戸郡月形町,1466-6,141.674815,43.340301
字月形,樺戸郡月形町,1466-2,141.674799,43.340497
字月形,樺戸郡月形町,1466-3,141.675205,43.340566
字月形,樺戸郡月形町,1466-1,141.674425,43.340674
,樺戸郡月形町,1064-27,141.6739,43.341028
,樺戸郡月形町,1064-26,141.673748,43.340852
,樺戸郡月形町,1064-28,141.67384,43.340782
字月形,樺戸郡月形町,1466-4,141.673809,43.340547
字月形,樺戸郡月形町,1466-15,141.673899,43.340512
字月形,樺戸郡月形町,1468-27,141.6738,43.340401
字月形,樺戸郡月形町,1468-28,141.673888,43.340414
字月形,樺戸郡月形町,1468-26,141.67399,43.340341
字月形,樺戸郡月形町,1466-10,141.674132,43.34042
字月形,樺戸郡月形町,1468-36,141.673923,43.340467
字月形,樺戸郡月形町,1468-35,141.673935,43.340435
字月形,樺戸郡月形町,1466-17,141.673974,43.340483
字月形,樺戸郡月形町,1466-16,141.673944,43.340495
字月形,樺戸郡月形町,1468-23,141.674126,43.340281
字月形,樺戸郡月形町,1468-18,141.67432,43.340208
字月形,樺戸郡月形町,1468-12,141.674296,43.340025
字月形,樺戸郡月形町,1468-29,141.674212,43.340074
字月形,樺戸郡月形町,道-264,141.673559,43.340399
字月形,樺戸郡月形町,1468-30,141.674092,43.340125
字月形,樺戸郡月形町,1468-22,141.673927,43.34012
字月形,樺戸郡月形町,1468-25,141.673971,43.34019
字月形,樺戸郡月形町,1468-33,141.673998,43.340161
字月形,樺戸郡月形町,1468-21,141.673813,43.340166
字月形,樺戸郡月形町,1468-31,141.673845,43.34023
字月形,樺戸郡月形町,1468-7,141.673775,43.340007
字月形,樺戸郡月形町,1468-24,141.674539,43.339654
字月形,樺戸郡月形町,道-265,141.674651,43.339703
字月形,樺戸郡月形町,1468-8,141.673906,43.339984
字月形,樺戸郡月形町,1468-9,141.674067,43.340046
字月形,樺戸郡月形町,1468-10,141.674167,43.339925
字月形,樺戸郡月形町,1468-11,141.674301,43.339916
字月形,樺戸郡月形町,1468-1,141.673906,43.339618
,樺戸郡月形町,1066-22,141.674135,43.33901
,樺戸郡月形町,1066-23,141.674445,43.339406
字階楽町,樺戸郡月形町,1517-17,141.674736,43.3393
字階楽町,樺戸郡月形町,1517-18,141.674638,43.339267
,樺戸郡月形町,1065-3,141.674526,43.33899
字階楽町,樺戸郡月形町,1517-5,141.674684,43.339158
字階楽町,樺戸郡月形町,1517-3,141.674866,43.339084
字階楽町,樺戸郡月形町,1517-4,141.675041,43.339009
字階楽町,樺戸郡月形町,1517-7,141.675152,43.339122
字階楽町,樺戸郡月形町,1517-15,141.674993,43.339311
字階楽町,樺戸郡月形町,1517-9,141.674893,43.339286
字階楽町,樺戸郡月形町,1517-19,141.674815,43.33945
字月形,樺戸郡月形町,道-263,141.67481,43.339623
字月形,樺戸郡月形町,3690,141.674574,43.339566
字月形,樺戸郡月形町,1468-15,141.674795,43.339779
字月形,樺戸郡月形町,1468-14,141.674638,43.339832
字月形,樺戸郡月形町,1468-13,141.674452,43.339892
字月形,樺戸郡月形町,1467-8,141.675338,43.339843
字階楽町,樺戸郡月形町,1516-4,141.675187,43.33948
字月形,樺戸郡月形町,1467-9,141.675591,43.340003
字階楽町,樺戸郡月形町,1516-1,141.67542,43.339246
,樺戸郡月形町,長狭物不明-54,141.675781,43.339247
字階楽町,樺戸郡月形町,道-140,141.675747,43.339127
字階楽町,樺戸郡月形町,1517-14,141.675279,43.339131
字階楽町,樺戸郡月形町,1517-10,141.675311,43.339021
字階楽町,樺戸郡月形町,1517-13,141.675362,43.339075
字階楽町,樺戸郡月形町,1517-12,141.67522,43.338941
字階楽町,樺戸郡月形町,1517-16,141.675271,43.3389
字階楽町,樺戸郡月形町,道-139,141.675484,43.339003
字表階楽町,樺戸郡月形町,道-128,141.675231,43.338763
,樺戸郡月形町,長狭物不明-55,141.675575,43.338451
字神園町,樺戸郡月形町,1080-3,141.674692,43.338012
字神園町,樺戸郡月形町,1080-2,141.674552,43.337973
字清澄町,樺戸郡月形町,547-2,141.6746,43.338234
字清澄町,樺戸郡月形町,道-145,141.674756,43.338241
字清澄町,樺戸郡月形町,1-5,141.674838,43.338471
字清澄町,樺戸郡月形町,1-1,141.675006,43.33871
字清澄町,樺戸郡月形町,1-4,141.674976,43.33862
字表階楽町,樺戸郡月形町,道-129,141.674835,43.338948
字清澄町,樺戸郡月形町,265-1,141.674841,43.338743
字表階楽町,樺戸郡月形町,568,141.674638,43.338815
字清澄町,樺戸郡月形町,1415-1,141.67451,43.338609
字清澄町,樺戸郡月形町,265-4,141.674736,43.338622
字清澄町,樺戸郡月形町,265-3,141.674665,43.338543
字清澄町,樺戸郡月形町,1-3,141.674796,43.338498
字清澄町,樺戸郡月形町,道-146,141.674436,43.338505
字清澄町,樺戸郡月形町,966-2,141.674169,43.338506
字清澄町,樺戸郡月形町,1415-2,141.674415,43.338652
,樺戸郡月形町,1065-2,141.674312,43.338746
,樺戸郡月形町,1065-1,141.674444,43.338896
字神園町,樺戸郡月形町,251-1,141.673801,43.338204
字神園町,樺戸郡月形町,251-2,141.673853,43.338265
字神園町,樺戸郡月形町,252-2,141.673997,43.338203
字神園町,樺戸郡月形町,252-3,141.674002,43.33828
字神園町,樺戸郡月形町,251-3,141.673902,43.338323
字神園町,樺戸郡月形町,251-4,141.67394,43.338368
字清澄町,樺戸郡月形町,966-3,141.674002,43.338438
字清澄町,樺戸郡月形町,966-1,141.674142,43.338372
字清澄町,樺戸郡月形町,1416,141.674407,43.338326
字神園町,樺戸郡月形町,252-4,141.674083,43.338303
字神園町,樺戸郡月形町,511,141.674227,43.338121
字神園町,樺戸郡月形町,1080-1,141.674394,43.337978
字神園町,樺戸郡月形町,1081,141.674041,43.338003
字神園町,樺戸郡月形町,252-1,141.673946,43.338141
字神園町,樺戸郡月形町,255-1,141.673746,43.338024
字神園町,樺戸郡月形町,255-2,141.673679,43.337949
字神園町,樺戸郡月形町,道-141,141.673581,43.338214
字神園町,樺戸郡月形町,64,141.67306,43.338234
字神園町,樺戸郡月形町,67,141.673254,43.338148
字八重垣町,樺戸郡月形町,66,141.673082,43.337947
字八重垣町,樺戸郡月形町,259-1,141.672848,43.338041
字八重垣町,樺戸郡月形町,259-2,141.672891,43.337937
字八重垣町,樺戸郡月形町,62,141.672699,43.338118
字八重垣町,樺戸郡月形町,道-331,141.672479,43.338023
字八重垣町,樺戸郡月形町,4,141.672508,43.338204
字八重垣町,樺戸郡月形町,71,141.672318,43.33829
字神園町,樺戸郡月形町,63,141.672678,43.338404
字神園町,樺戸郡月形町,65,141.672869,43.33832
字神園町,樺戸郡月形町,道-144,141.67291,43.338498
字神園町,樺戸郡月形町,15,141.672398,43.338529
字月形,樺戸郡月形町,1469,141.672901,43.338939
字神園町,樺戸郡月形町,2,141.673403,43.338628
,樺戸郡月形町,1066-5,141.673857,43.339144
字清澄町,樺戸郡月形町,869,141.673102,43.339299
字月形,樺戸郡月形町,水-100,141.673554,43.339503
,樺戸郡月形町,1064-2,141.672592,43.339872
,樺戸郡月形町,1064-12,141.672872,43.340019
,樺戸郡月形町,1066-6,141.6718,43.339149
,樺戸郡月形町,1066-21,141.67173,43.338995
,樺戸郡月形町,1066-18,141.671648,43.339032
,樺戸郡月形町,1066-24,141.671608,43.339049
,樺戸郡月形町,道-64,141.671629,43.339161
,樺戸郡月形町,1063-22,141.672044,43.339996
,樺戸郡月形町,1063-20,141.671847,43.339907
,樺戸郡月形町,1063-21,141.672022,43.339829
,樺戸郡月形町,長狭物不明-26,141.67172,43.339833
,樺戸郡月形町,1063-17,141.671674,43.339929
,樺戸郡月形町,1063-16,141.671505,43.340001
,樺戸郡月形町,1067-1,141.671637,43.339628
,樺戸郡月形町,1067-7,141.671151,43.339514
,樺戸郡月形町,1067-6,141.671221,43.339599
,樺戸郡月形町,1067-5,141.671289,43.339684
,樺戸郡月形町,1067-4,141.671358,43.33977
,樺戸郡月形町,1067-3,141.671435,43.339864
,樺戸郡月形町,1048-21,141.670898,43.339855
,樺戸郡月形町,道-63,141.670548,43.339053
,樺戸郡月形町,1067-11,141.671045,43.339319
,樺戸郡月形町,1067-12,141.670925,43.339276
,樺戸郡月形町,1067-9,141.670967,43.339404
,樺戸郡月形町,1067-8,141.671082,43.339428
,樺戸郡月形町,1067-23,141.671215,43.33936
,樺戸郡月形町,水-6,141.67088,43.33921
,樺戸郡月形町,1067-2,141.671126,43.339303
,樺戸郡月形町,1068-1,141.671321,43.339115
,樺戸郡月形町,1068-10,141.670911,43.33908
,樺戸郡月形町,1068-9,141.670771,43.338939
,樺戸郡月形町,1068-8,141.67109,43.338837
,樺戸郡月形町,1068-4,141.670992,43.338717
,樺戸郡月形町,1068-23,141.670905,43.338593
,樺戸郡月形町,1066-26,141.671101,43.338451
,樺戸郡月形町,1068-24,141.670927,43.338656
,樺戸郡月形町,1066-28,141.67127,43.33865
,樺戸郡月形町,1066-27,141.671208,43.338577
,樺戸郡月形町,1066-13,141.671356,43.338514
,樺戸郡月形町,1066-14,141.671421,43.338587
,樺戸郡月形町,1066-30,141.67142,43.338827
,樺戸郡月形町,1066-29,141.671332,43.338723
,樺戸郡月形町,1066-31,141.671491,43.33891
,樺戸郡月形町,1066-17,141.671566,43.338936
,樺戸郡月形町,1066-32,141.671527,43.338953
,樺戸郡月形町,1066-16,141.67153,43.338893
,樺戸郡月形町,1066-1,141.671629,43.33876
,樺戸郡月形町,1066-4,141.671623,43.33891
,樺戸郡月形町,1066-19,141.671807,43.33896
,樺戸郡月形町,1066-2,141.672018,43.338865
,樺戸郡月形町,1066-11,141.672113,43.33897
,樺戸郡月形町,1066-10,141.671868,43.338798
,樺戸郡月形町,1066-9,141.671903,43.338625
,樺戸郡月形町,道-62,141.672165,43.338647
,樺戸郡月形町,1066-20,141.671734,43.338496
,樺戸郡月形町,1066-15,141.671486,43.338661
,樺戸郡月形町,1066-12,141.671648,43.338405
字八重垣町,樺戸郡月形町,72,141.672126,43.338375
字八重垣町,樺戸郡月形町,1386-2,141.671995,43.338048
,樺戸郡月形町,1066-3,141.671222,43.33813
,樺戸郡月形町,1066-8,141.671228,43.338394
,樺戸郡月形町,1066-25,141.670934,43.338256
,樺戸郡月形町,1068-14,141.670765,43.338332
,樺戸郡月形町,1069-16,141.670734,43.337899
,樺戸郡月形町,1069-17,141.670798,43.337869
,樺戸郡月形町,1069-19,141.670864,43.337832
,樺戸郡月形町,1069-21,141.670959,43.337799
,樺戸郡月形町,1069-20,141.670792,43.337631
,樺戸郡月形町,1069-6,141.670808,43.337512
,樺戸郡月形町,1069-22,141.670913,43.337524
,樺戸郡月形町,道-65,141.671058,43.337453
,樺戸郡月形町,1069-23,141.670948,43.337622
字富本町,樺戸郡月形町,1-1,141.671188,43.337433
字本町,樺戸郡月形町,25,141.671407,43.337592
,樺戸郡月形町,1069-24,141.671103,43.337733
字本町通,樺戸郡月形町,77,141.67183,43.337856
字本町,樺戸郡月形町,1,141.671689,43.337916
字本町,樺戸郡月形町,3,141.671934,43.33781
字本町,樺戸郡月形町,5,141.672147,43.337718
字本町通,樺戸郡月形町,4,141.672032,43.337767
字本町,樺戸郡月形町,道-308,141.672048,43.337535
字本町,樺戸郡月形町,21-2,141.67186,43.337426
字本町,樺戸郡月形町,22,141.671744,43.337443
字本町,樺戸郡月形町,24,141.671552,43.337526
字本町通,樺戸郡月形町,23,141.671648,43.337484
字富本町,樺戸郡月形町,3,141.671477,43.337297
字富本町,樺戸郡月形町,4,141.67158,43.337261
字富本町,樺戸郡月形町,5,141.671675,43.337216
字本町,樺戸郡月形町,21-1,141.671783,43.337329
字本町通,樺戸郡月形町,364,141.671981,43.337415
字本町,樺戸郡月形町,19-2,141.672054,43.337306
字本町通,樺戸郡月形町,19-1,141.672198,43.337243
字富本町,樺戸郡月形町,8-1,141.671974,43.337064
字富本町,樺戸郡月形町,8-2,141.672069,43.337021
字富本町,樺戸郡月形町,9-2,141.672211,43.33697
字富本町,樺戸郡月形町,9-1,141.672154,43.336905
字富本町,樺戸郡月形町,7,141.671816,43.337147
字富本町,樺戸郡月形町,道-291,141.671621,43.337055
字富本町,樺戸郡月形町,25-1,141.671407,43.336893
字富本町,樺戸郡月形町,25-2,141.671292,43.337082
字富本町,樺戸郡月形町,2,141.67138,43.337343
字富本町,樺戸郡月形町,1-2,141.67129,43.337396
字富本町,樺戸郡月形町,28-2,141.670983,43.337226
,樺戸郡月形町,1071-10,141.670795,43.337351
字表小柳町,樺戸郡月形町,307,141.670881,43.337056
字富本町,樺戸郡月形町,28-1,141.670903,43.337137
字富本町,樺戸郡月形町,27,141.671055,43.337143
字表小柳町,樺戸郡月形町,306-3,141.670883,43.337001
字表小柳町,樺戸郡月形町,306-1,141.67082,43.336931
字表小柳町,樺戸郡月形町,2-5,141.671095,43.336841
字表小柳町,樺戸郡月形町,4,141.671375,43.336706
字表小柳町,樺戸郡月形町,5,141.671437,43.336628
字表小柳町,樺戸郡月形町,3,141.671281,43.336753
字表小柳町,樺戸郡月形町,道-138,141.671136,43.336604
字表小柳町,樺戸郡月形町,10,141.671168,43.336406
字表小柳町,樺戸郡月形町,11-1,141.671056,43.336461
字表小柳町,樺戸郡月形町,11-3,141.670935,43.336515
字表小柳町,樺戸郡月形町,11-2,141.670781,43.336584
字裏小柳町,樺戸郡月形町,3,141.670815,43.336371
字裏小柳町,樺戸郡月形町,365,141.67093,43.336292
字裏小柳町,樺戸郡月形町,5,141.671066,43.336286
字裏小柳町,樺戸郡月形町,道-127,141.6705,43.336172
字裏小柳町,樺戸郡月形町,6,141.671209,43.336268
字表小柳町,樺戸郡月形町,9,141.671329,43.336351
字表小柳町,樺戸郡月形町,8-1,141.671505,43.336276
字表小柳町,樺戸郡月形町,8-2,141.671657,43.336234
字表小柳町,樺戸郡月形町,道-137,141.671356,43.33616
字入舟町,樺戸郡月形町,道-125,141.671921,43.336255
字入舟町,樺戸郡月形町,1-4,141.67211,43.336236
字入舟町,樺戸郡月形町,1-5,141.672271,43.336254
字柳橋通,樺戸郡月形町,道-332,141.672129,43.336557
字柳橋通,樺戸郡月形町,3,141.671877,43.336586
字柳橋通,樺戸郡月形町,1,141.67176,43.336448
字表小柳町,樺戸郡月形町,6,141.671595,43.336651
字表小柳町,樺戸郡月形町,7,141.671703,43.336622
字柳橋通,樺戸郡月形町,2,141.671819,43.336516
字富本町,樺戸郡月形町,23,141.671593,43.336873
字富本町,樺戸郡月形町,22,141.671723,43.336807
字富本町,樺戸郡月形町,21,141.671819,43.336758
字柳橋通,樺戸郡月形町,4,141.67195,43.336665
字富本町,樺戸郡月形町,20,141.672017,43.33674
字富本町,樺戸郡月形町,道-287,141.672333,43.336786
字富本町,樺戸郡月形町,10-2,141.672496,43.336728
字富本町,樺戸郡月形町,10-1,141.672618,43.336827
字富本町,樺戸郡月形町,11-1,141.672815,43.336754
字富本町,樺戸郡月形町,11-3,141.672768,43.336629
字富本町,樺戸郡月形町,10-3,141.672628,43.336682
字富本町,樺戸郡月形町,17-3,141.672725,43.33638
字富本町,樺戸郡月形町,18,141.672567,43.336451
字柳橋通,樺戸郡月形町,5-1,141.672418,43.336472
字富本町,樺戸郡月形町,19,141.672354,43.336575
字柳橋通,樺戸郡月形町,5-2,141.67231,43.336453
字入舟町,樺戸郡月形町,1-6,141.672243,43.336375
字入舟町,樺戸郡月形町,2,141.672454,43.336297
字入舟町,樺戸郡月形町,道-124,141.672286,43.336154
字富本町,樺戸郡月形町,17-2,141.672627,43.336263
字富本町,樺戸郡月形町,17-1,141.672809,43.336286
字富本町,樺戸郡月形町,250-1,141.672968,43.336282
字富本町,樺戸郡月形町,道-289,141.673243,43.336169
字富本町,樺戸郡月形町,道-288,141.673715,43.336348
字富本町,樺戸郡月形町,61-1,141.673521,43.336369
字富本町,樺戸郡月形町,61-3,141.67361,43.336455
字本町通,樺戸郡月形町,15-1,141.673701,43.336575
字富本町,樺戸郡月形町,61-2,141.673351,43.33644
字富本町,樺戸郡月形町,61-4,141.673486,43.336459
字富本町,樺戸郡月形町,道-290,141.672941,43.336428
字富本町,樺戸郡月形町,13,141.673102,43.336552
字富本町,樺戸郡月形町,12,141.672966,43.336612
字富本町,樺戸郡月形町,14,141.673205,43.336503
字本町通,樺戸郡月形町,16-1,141.673306,43.336747
字本町通,樺戸郡月形町,16-2,141.673115,43.336832
字本町通,樺戸郡月形町,15-3,141.673475,43.336672
字本町通,樺戸郡月形町,15-2,141.67356,43.336634
字本町,樺戸郡月形町,12-1,141.673619,43.337075
字八重垣町,樺戸郡月形町,76,141.673587,43.337342
字本町,樺戸郡月形町,12-2,141.673427,43.337159
字本町,樺戸郡月形町,11-2,141.673187,43.337263
字本町,樺戸郡月形町,11-1,141.673283,43.337223
字本町,樺戸郡月形町,10-2,141.673099,43.337372
字本町,樺戸郡月形町,10-1,141.673018,43.33728
字本町,樺戸郡月形町,道-310,141.673205,43.337034
字本町通,樺戸郡月形町,17-3,141.673044,43.336941
字本町,樺戸郡月形町,17-1,141.672822,43.336892
字本町通,樺戸郡月形町,17-2,141.672855,43.337023
字富本町,樺戸郡月形町,9-3,141.672265,43.337032
字本町通,樺戸郡月形町,18-1,141.672311,43.337086
字本町通,樺戸郡月形町,18-5,141.672427,43.337107
字本町通,樺戸郡月形町,道-305,141.672584,43.33707
字本町通,樺戸郡月形町,18-2,141.67244,43.337209
字本町通,樺戸郡月形町,18-4,141.672312,43.337206
字本町,樺戸郡月形町,道-309,141.672813,43.337334
字本町,樺戸郡月形町,9-1,141.672639,43.337504
字本町,樺戸郡月形町,9-2,141.672739,43.337464
字本町,樺戸郡月形町,6,141.672286,43.337658
字本町,樺戸郡月形町,7,141.672412,43.337603
字本町,樺戸郡月形町,8,141.672523,43.337553
字八重垣町,樺戸郡月形町,1386-1,141.67238,43.337879
字八重垣町,樺戸郡月形町,386-2,141.672605,43.33778
字八重垣町,樺戸郡月形町,386-1,141.672702,43.337736
字八重垣町,樺戸郡月形町,598-1,141.67284,43.337675
字八重垣町,樺戸郡月形町,道-330,141.67316,43.337729
字八重垣町,樺戸郡月形町,74,141.673215,43.337507
字八重垣町,樺戸郡月形町,75,141.673394,43.337428
字八重垣町,樺戸郡月形町,道-329,141.673704,43.337474
字八重垣町,樺戸郡月形町,363-2,141.6737,43.337592
字八重垣町,樺戸郡月形町,258-4,141.673584,43.337649
字八重垣町,樺戸郡月形町,258-5,141.67366,43.337738
字八重垣町,樺戸郡月形町,258-3,141.67359,43.337768
字八重垣町,樺戸郡月形町,258-1,141.673513,43.33768
字八重垣町,樺戸郡月形町,257-1,141.673394,43.337734
字八重垣町,樺戸郡月形町,257-3,141.673471,43.337821
字八重垣町,樺戸郡月形町,257-2,141.673588,43.33785
字神園町,樺戸郡月形町,255-3,141.673628,43.337886
字八重垣町,樺戸郡月形町,363-1,141.673847,43.337685
字神園町,樺戸郡月形町,212,141.674042,43.337804
字神園町,樺戸郡月形町,213,141.673901,43.337866
字神園町,樺戸郡月形町,道-142,141.674369,43.3376
字神園町,樺戸郡月形町,214-3,141.674273,43.337567
字神園町,樺戸郡月形町,214-1,141.674236,43.337611
字神園町,樺戸郡月形町,215,141.674185,43.337738
字八重垣町,樺戸郡月形町,217-3,141.674255,43.337528
字八重垣町,樺戸郡月形町,217-1,141.674151,43.33748
字八重垣町,樺戸郡月形町,216,141.674012,43.337534
字八重垣町,樺戸郡月形町,363-3,141.673845,43.337528
字八重垣町,樺戸郡月形町,81-2,141.674015,43.337142
字八重垣町,樺戸郡月形町,81-1,141.673923,43.337193
字八重垣町,樺戸郡月形町,73,141.673778,43.337257
字本町通,樺戸郡月形町,78-1,141.673765,43.337012
字本町通,樺戸郡月形町,78-2,141.673861,43.336969
字本町通,樺戸郡月形町,79-1,141.673929,43.336879
字本町通,樺戸郡月形町,79-3,141.674041,43.336984
字八重垣町,樺戸郡月形町,80-2,141.674029,43.33705
字八重垣町,樺戸郡月形町,80-7,141.67408,43.337085
字八重垣町,樺戸郡月形町,80-4,141.674116,43.337168
字八重垣町,樺戸郡月形町,81-4,141.674126,43.337209
字八重垣町,樺戸郡月形町,道-328,141.674216,43.33723
字八重垣町,樺戸郡月形町,218-1,141.674159,43.337353
字八重垣町,樺戸郡月形町,218-4,141.674215,43.337432
字本町通,樺戸郡月形町,道-303,141.674081,43.336878
字本町通,樺戸郡月形町,道-304,141.673761,43.33679
字スベツ太,樺戸郡月形町,2-40,141.673921,43.334643
字スベツ太,樺戸郡月形町,1-17,141.673709,43.33471
字スベツ太,樺戸郡月形町,2-50,141.674096,43.334259
字スベツ太,樺戸郡月形町,1-6,141.673716,43.334387
字スベツ太,樺戸郡月形町,2-14,141.673934,43.334208
字スベツ太,樺戸郡月形町,2-34,141.674377,43.333631
字スベツ太,樺戸郡月形町,2-16,141.674042,43.333759
字スベツ太,樺戸郡月形町,1-5,141.673435,43.334255
字スベツ太,樺戸郡月形町,1-30,141.672974,43.334108
字スベツ太,樺戸郡月形町,1-29,141.672823,43.33428
字スベツ太,樺戸郡月形町,1-28,141.672823,43.334454
字スベツ太,樺戸郡月形町,1-23,141.672525,43.334634
字スベツ太,樺戸郡月形町,1-20,141.672372,43.334802
字スベツ太,樺戸郡月形町,1-26,141.672715,43.334771
字スベツ太,樺戸郡月形町,1-24,141.672708,43.33474
字スベツ太,樺戸郡月形町,1-2,141.672871,43.334597
字スベツ太,樺戸郡月形町,1-22,141.672709,43.33466
字スベツ太,樺戸郡月形町,1-25,141.672934,43.334699
字スベツ太,樺戸郡月形町,1-27,141.672862,43.334788
字スベツ太,樺戸郡月形町,1-4,141.673029,43.334566
字スベツ太,樺戸郡月形町,1-13,141.674352,43.334603
字スベツ太,樺戸郡月形町,1-32,141.673697,43.334577
字スベツ太,樺戸郡月形町,1-31,141.673265,43.334722
字スベツ太,樺戸郡月形町,1-16,141.673413,43.334791
字スベツ太,樺戸郡月形町,1-15,141.673699,43.33491
字スベツ太,樺戸郡月形町,1-18,141.673223,43.334847
字スベツ太,樺戸郡月形町,1-19,141.673127,43.334893
字スベツ太,樺戸郡月形町,1-1,141.672852,43.334987
字スベツ太,樺戸郡月形町,1-21,141.672607,43.334854
字スベツ太,樺戸郡月形町,1-14,141.67246,43.334858
字緑町,樺戸郡月形町,長狭物不明-165,141.672355,43.334855
字緑町,樺戸郡月形町,319-3,141.672383,43.334917
字緑町,樺戸郡月形町,319-1,141.672247,43.334793
字緑町,樺戸郡月形町,319-2,141.672132,43.334825
字緑町,樺戸郡月形町,1486-1,141.672049,43.334917
字緑町,樺戸郡月形町,1-2,141.672245,43.334949
字緑町,樺戸郡月形町,1486-3,141.672027,43.334823
字緑町,樺戸郡月形町,長狭物不明-166,141.671695,43.334911
字緑町,樺戸郡月形町,131-2,141.671518,43.334892
,樺戸郡月形町,1073-12,141.670636,43.334796
字緑町,樺戸郡月形町,60-2,141.671055,43.334501
字緑町,樺戸郡月形町,184-2,141.670784,43.33453
字緑町,樺戸郡月形町,185-2,141.670914,43.334416
字緑町,樺戸郡月形町,7-1,141.67139,43.334323
字緑町,樺戸郡月形町,60-6,141.671226,43.334588
字緑町,樺戸郡月形町,60-5,141.671207,43.334716
字緑町,樺戸郡月形町,60-1,141.671065,43.334643
字緑町,樺戸郡月形町,60-7,141.671392,43.334747
字緑町,樺戸郡月形町,131-3,141.671548,43.334749
字緑町,樺戸郡月形町,6-3,141.671695,43.334524
字緑町,樺戸郡月形町,1486-2,141.671989,43.334777
字緑町,樺戸郡月形町,4,141.672063,43.334691
字旭町,樺戸郡月形町,1-9,141.671924,43.334398
字緑町,樺戸郡月形町,5,141.672004,43.33454
字緑町,樺戸郡月形町,6-2,141.671604,43.334428
字緑町,樺戸郡月形町,6-1,141.671604,43.334303
字緑町,樺戸郡月形町,7-2,141.671507,43.334185
字スベツ太,樺戸郡月形町,1-11,141.672097,43.334219
字スベツ太,樺戸郡月形町,3659W2,141.671759,43.334408
字旭町,樺戸郡月形町,1-11,141.671698,43.333979
字緑町,樺戸郡月形町,145-1,141.671133,43.333931
字緑町,樺戸郡月形町,144-1,141.671207,43.333967
字緑町,樺戸郡月形町,8-5,141.67141,43.333982
字緑町,樺戸郡月形町,8-10,141.671301,43.334119
字緑町,樺戸郡月形町,8-7,141.671282,43.334273
字緑町,樺戸郡月形町,8-6,141.671187,43.334228
字緑町,樺戸郡月形町,144-2,141.671219,43.334029
字緑町,樺戸郡月形町,145-2,141.670966,43.334124
字緑町,樺戸郡月形町,144-3,141.671041,43.334159
字緑町,樺戸郡月形町,10-1,141.670734,43.334014
字緑町,樺戸郡月形町,10-2,141.670897,43.33382
字緑町,樺戸郡月形町,12-1,141.6705,43.333903
字緑町,樺戸郡月形町,12-3,141.670403,43.333858
字緑町,樺戸郡月形町,13-1,141.670222,43.33377
字緑町,樺戸郡月形町,68-3,141.670027,43.334077
字緑町,樺戸郡月形町,183-1,141.670161,43.334191
字緑町,樺戸郡月形町,59-1,141.670349,43.334281
字緑町,樺戸郡月形町,184-1,141.670641,43.334367
字緑町,樺戸郡月形町,438-1,141.670518,43.334311
字緑町,樺戸郡月形町,438-3,141.670497,43.334476
,樺戸郡月形町,1073-4,141.670514,43.334585
,樺戸郡月形町,1073-11,141.670219,43.334796
,樺戸郡月形町,1073-3,141.670211,43.334439
,樺戸郡月形町,1073-13,141.670022,43.33435
,樺戸郡月形町,1073-28,141.669818,43.33462
,樺戸郡月形町,1073-30,141.669296,43.334496
,樺戸郡月形町,1073-29,141.669279,43.334117
字緑町,樺戸郡月形町,1512-3,141.669918,43.334203
字緑町,樺戸郡月形町,68-1,141.669929,43.334031
字緑町,樺戸郡月形町,1512-1,141.669807,43.334147
字緑町,樺戸郡月形町,1511-1,141.669806,43.334024
字緑町,樺戸郡月形町,56-1,141.669687,43.33397
字緑町,樺戸郡月形町,55-1,141.669493,43.333878
字緑町,樺戸郡月形町,54-1,141.669307,43.333781
字表霞町,樺戸郡月形町,道-130,141.66891,43.333986
字表霞町,樺戸郡月形町,1-1,141.669139,43.333971
字表霞町,樺戸郡月形町,1-2,141.668974,43.334155
,樺戸郡月形町,1073-19,141.668914,43.334216
字表霞町,樺戸郡月形町,1-3,141.669054,43.334067
字表霞町,樺戸郡月形町,2-3,141.668705,43.334034
字表霞町,樺戸郡月形町,2-4,141.668768,43.333853
,樺戸郡月形町,1075-7,141.668132,43.334
,樺戸郡月形町,道-19,141.6681,43.333847
,樺戸郡月形町,1075-2,141.667859,43.33397
,樺戸郡月形町,1075-6,141.668009,43.334141
,樺戸郡月形町,1074-1,141.668495,43.334433
,樺戸郡月形町,道-59,141.667759,43.334657
,樺戸郡月形町,1075-1,141.667836,43.334335
,樺戸郡月形町,1074-2,141.667867,43.334738
,樺戸郡月形町,1073-26,141.667806,43.334725
,樺戸郡月形町,1073-27,141.669105,43.334298
,樺戸郡月形町,1073-1,141.669109,43.334803
,樺戸郡月形町,1073-5,141.668379,43.334874
,樺戸郡月形町,1073-6,141.667818,43.334791
,樺戸郡月形町,1073-31,141.667774,43.334913
,樺戸郡月形町,水-2,141.670227,43.335555
字裏小柳町,樺戸郡月形町,2-1,141.670647,43.336269
字裏小柳町,樺戸郡月形町,2-2,141.670584,43.33639
字裏小柳町,樺戸郡月形町,2-4,141.670424,43.336276
字表小柳町,樺戸郡月形町,15-2,141.670271,43.336309
字表小柳町,樺戸郡月形町,長狭物不明-62,141.670093,43.336272
字表小柳町,樺戸郡月形町,道-136,141.670045,43.33618
,樺戸郡月形町,1072-12,141.669776,43.336173
,樺戸郡月形町,1070-24,141.669897,43.336583
,樺戸郡月形町,1070-19,141.669648,43.336623
,樺戸郡月形町,1072-13,141.669954,43.336446
,樺戸郡月形町,1072-3,141.669373,43.336389
,樺戸郡月形町,1070-23,141.669301,43.336836
,樺戸郡月形町,1070-21,141.669573,43.336725
字表小柳町,樺戸郡月形町,508-1,141.669573,43.336881
字表小柳町,樺戸郡月形町,508-3,141.669664,43.336746
,樺戸郡月形町,1070-3,141.669708,43.336703
,樺戸郡月形町,1070-4,141.669809,43.336633
字表小柳町,樺戸郡月形町,508-2,141.66985,43.336687
,樺戸郡月形町,1071-1,141.670042,43.336833
,樺戸郡月形町,1071-6,141.670235,43.336795
字表小柳町,樺戸郡月形町,道-135,141.670357,43.3367
字表小柳町,樺戸郡月形町,508-4,141.670005,43.336593
,樺戸郡月形町,1070-22,141.670054,43.336479
字表小柳町,樺戸郡月形町,15-1,141.670227,43.336423
字表小柳町,樺戸郡月形町,13,141.670513,43.336614
字表小柳町,樺戸郡月形町,14-1,141.670391,43.336487
字表小柳町,樺戸郡月形町,14-2,141.670431,43.336378
字裏小柳町,樺戸郡月形町,2-3,141.670678,43.336487
字表小柳町,樺戸郡月形町,12,141.670624,43.336709
,樺戸郡月形町,1071-5,141.670521,43.337021
,樺戸郡月形町,1071-18,141.670423,43.337103
,樺戸郡月形町,1071-14,141.670516,43.337096
,樺戸郡月形町,1071-13,141.67054,43.337123
,樺戸郡月形町,1071-20,141.670435,43.337014
,樺戸郡月形町,1071-19,141.670221,43.337023
,樺戸郡月形町,1071-21,141.670276,43.337095
,樺戸郡月形町,1071-17,141.670294,43.337159
,樺戸郡月形町,1071-16,141.670257,43.337347
,樺戸郡月形町,1071-15,141.670399,43.337274
,樺戸郡月形町,1071-12,141.670613,43.337205
,樺戸郡月形町,1071-11,141.670696,43.337303
,樺戸郡月形町,1071-9,141.6707,43.337398
,樺戸郡月形町,1071-8,141.67059,43.337412
,樺戸郡月形町,1071-7,141.670497,43.337459
,樺戸郡月形町,1071-3,141.670407,43.337505
,樺戸郡月形町,1069-18,141.670673,43.3377
,樺戸郡月形町,1069-12,141.670394,43.337834
,樺戸郡月形町,1069-14,141.670522,43.337773
,樺戸郡月形町,1069-8,141.670368,43.337734
,樺戸郡月形町,道-67,141.670334,43.337692
,樺戸郡月形町,1069-11,141.670307,43.337878
,樺戸郡月形町,1069-7,141.670064,43.337887
,樺戸郡月形町,1070-9,141.670092,43.33768
,樺戸郡月形町,1070-25,141.67015,43.337624
,樺戸郡月形町,1070-10,141.670203,43.337625
,樺戸郡月形町,1070-11,141.670307,43.337575
,樺戸郡月形町,1070-8,141.669931,43.337607
,樺戸郡月形町,1070-7,141.669911,43.337767
,樺戸郡月形町,1070-6,141.669667,43.337763
,樺戸郡月形町,1056-5,141.669528,43.337959
,樺戸郡月形町,1070-13,141.669493,43.337471
,樺戸郡月形町,1070-14,141.669357,43.337409
,樺戸郡月形町,1070-12,141.669773,43.337407
,樺戸郡月形町,1070-1,141.669773,43.337083
,樺戸郡月形町,1071-2,141.669985,43.336999
字表小柳町,樺戸郡月形町,507,141.669362,43.33696
,樺戸郡月形町,1070-18,141.66916,43.336963
,樺戸郡月形町,1070-16,141.668996,43.337129
,樺戸郡月形町,1070-17,141.668956,43.337037
,樺戸郡月形町,1035-21,141.668529,43.337151
,樺戸郡月形町,1056-18,141.668689,43.33723
,樺戸郡月形町,道-60,141.667995,43.336264
,樺戸郡月形町,1056-19,141.668549,43.337292
,樺戸郡月形町,1056-16,141.668751,43.337299
,樺戸郡月形町,1056-57,141.668783,43.337366
,樺戸郡月形町,1070-15,141.669224,43.337195
,樺戸郡月形町,1056-56,141.668922,43.33742
,樺戸郡月形町,1056-10,141.66892,43.337618
,樺戸郡月形町,1056-46,141.66927,43.33789
,樺戸郡月形町,1056-47,141.669121,43.337821
,樺戸郡月形町,1056-2,141.669068,43.337735
,樺戸郡月形町,1056-73,141.668798,43.337834
,樺戸郡月形町,1056-85,141.668845,43.3379
,樺戸郡月形町,1056-83,141.668757,43.337853
,樺戸郡月形町,1056-75,141.668674,43.337888
,樺戸郡月形町,1056-9,141.668658,43.337737
,樺戸郡月形町,1056-97,141.668595,43.337674
,樺戸郡月形町,1056-96,141.668843,43.337558
,樺戸郡月形町,1056-93,141.668844,43.337543
,樺戸郡月形町,1056-58,141.668797,43.337478
,樺戸郡月形町,1056-17,141.668641,43.33752
,樺戸郡月形町,1056-21,141.66815,43.337505
,樺戸郡月形町,1056-52,141.668328,43.337654
,樺戸郡月形町,1056-50,141.668459,43.337595
,樺戸郡月形町,1056-30,141.668188,43.33786
,樺戸郡月形町,1056-14,141.668478,43.337829
,樺戸郡月形町,1056-99,141.668355,43.337801
,樺戸郡月形町,1056-53,141.668254,43.337689
,樺戸郡月形町,1056-54,141.668176,43.337722
,樺戸郡月形町,1056-55,141.668088,43.33776
,樺戸郡月形町,1056-29,141.667923,43.337837
,樺戸郡月形町,1056-22,141.667826,43.337647
,樺戸郡月形町,1056-8,141.668278,43.337339
,樺戸郡月形町,1035-8,141.66783,43.337514
,樺戸郡月形町,1035-20,141.668081,43.337345
,樺戸郡月形町,1056-20,141.668471,43.337368
,樺戸郡月形町,1057-4,141.668491,43.336913
,樺戸郡月形町,1057-1,141.668509,43.33703
,樺戸郡月形町,1047-13,141.667964,43.337085
,樺戸郡月形町,1057-3,141.668204,43.336699
,樺戸郡月形町,1072-14,141.668589,43.336775
,樺戸郡月形町,1072-6,141.668944,43.33688
,樺戸郡月形町,1070-20,141.669163,43.336836
,樺戸郡月形町,1072-4,141.668586,43.336374
,樺戸郡月形町,1036-17,141.667058,43.336333
,樺戸郡月形町,1036-55,141.666506,43.336228
,樺戸郡月形町,1036-32,141.666326,43.336293
,樺戸郡月形町,1036-28,141.666686,43.336218
,樺戸郡月形町,1036-51,141.666859,43.33643
,樺戸郡月形町,1036-113,141.666869,43.336548
,樺戸郡月形町,1036-105,141.666823,43.336567
,樺戸郡月形町,1036-106,141.666708,43.336604
,樺戸郡月形町,1036-107,141.666695,43.336608
,樺戸郡月形町,1036-54,141.666723,43.336438
,樺戸郡月形町,1036-89,141.66662,43.33639
,樺戸郡月形町,1036-1,141.666502,43.336485
,樺戸郡月形町,1036-5,141.666278,43.336567
,樺戸郡月形町,1036-104,141.666567,43.336647
,樺戸郡月形町,1036-110,141.666361,43.33671
,樺戸郡月形町,1047-14,141.666383,43.336861
,樺戸郡月形町,1047-1,141.666963,43.336843
,樺戸郡月形町,1047-10,141.66711,43.336578
,樺戸郡月形町,1047-12,141.667518,43.336766
,樺戸郡月形町,1035-19,141.667709,43.337506
,樺戸郡月形町,1035-17,141.667523,43.337586
,樺戸郡月形町,1035-16,141.667397,43.33764
,樺戸郡月形町,1035-18,141.667611,43.337548
,樺戸郡月形町,1056-23,141.667737,43.337686
,樺戸郡月形町,1056-24,141.667648,43.337724
,樺戸郡月形町,1056-27,141.667643,43.33788
,樺戸郡月形町,1056-89,141.66753,43.337929
,樺戸郡月形町,1056-26,141.667393,43.337832
,樺戸郡月形町,1056-25,141.667522,43.337778
,樺戸郡月形町,1035-15,141.667255,43.337702
,樺戸郡月形町,1056-31,141.667208,43.337913
,樺戸郡月形町,1035-14,141.667089,43.337788
,樺戸郡月形町,1047-8,141.666855,43.337395
,樺戸郡月形町,1047-17,141.666272,43.337037
,樺戸郡月形町,1047-16,141.665905,43.33714
,樺戸郡月形町,1036-114,141.665746,43.336894
,樺戸郡月形町,1036-109,141.66548,43.336971
,樺戸郡月形町,1047-2,141.665585,43.337219
,樺戸郡月形町,1035-26,141.664801,43.337284
,樺戸郡月形町,1036-96,141.664835,43.337168
,樺戸郡月形町,1036-12,141.66489,43.337163
,樺戸郡月形町,1035-27,141.665011,43.33723
,樺戸郡月形町,1035-11,141.665035,43.337205
,樺戸郡月形町,1035-3,141.665407,43.337238
,樺戸郡月形町,1035-30,141.665366,43.337166
,樺戸郡月形町,1035-25,141.665314,43.337135
,樺戸郡月形町,1047-15,141.665509,43.337125
,樺戸郡月形町,1047-11,141.665479,43.337086
,樺戸郡月形町,1036-93,141.665393,43.337009
,樺戸郡月形町,1036-108,141.664904,43.337136
,樺戸郡月形町,1036-140,141.664912,43.337023
,樺戸郡月形町,1036-151,141.664882,43.336637
,樺戸郡月形町,1036-148,141.665068,43.336529
,樺戸郡月形町,1036-147,141.665307,43.336474
,樺戸郡月形町,1036-139,141.665221,43.336892
,樺戸郡月形町,1036-138,141.665374,43.33691
,樺戸郡月形町,1036-99,141.665458,43.336804
,樺戸郡月形町,1036-100,141.665654,43.336749
,樺戸郡月形町,1036-98,141.665862,43.336685
,樺戸郡月形町,1036-111,141.665951,43.336832
,樺戸郡月形町,1036-112,141.666069,43.3368
,樺戸郡月形町,1036-122,141.666082,43.336688
,樺戸郡月形町,1036-56,141.666083,43.336498
,樺戸郡月形町,1036-141,141.665657,43.336333
,樺戸郡月形町,1036-132,141.665824,43.336148
,樺戸郡月形町,1036-86,141.666147,43.33631
,樺戸郡月形町,1036-115,141.665952,43.336043
,樺戸郡月形町,1036-144,141.665307,43.335882
,樺戸郡月形町,1036-143,141.66535,43.336062
,樺戸郡月形町,1036-142,141.665523,43.336178
,樺戸郡月形町,1036-145,141.665004,43.336202
,樺戸郡月形町,1036-146,141.665156,43.336337
,樺戸郡月形町,1036-149,141.664855,43.336337
,樺戸郡月形町,1036-118,141.665146,43.335833
,樺戸郡月形町,1036-117,141.664984,43.335926
,樺戸郡月形町,1036-33,141.664819,43.335898
,樺戸郡月形町,1036-83,141.664965,43.33579
,樺戸郡月形町,1036-85,141.664797,43.335737
,樺戸郡月形町,1036-120,141.665014,43.335613
,樺戸郡月形町,1036-84,141.665146,43.335737
,樺戸郡月形町,1036-119,141.665225,43.335786
,樺戸郡月形町,1036-121,141.665307,43.335736
,樺戸郡月形町,1036-133,141.665092,43.335628
,樺戸郡月形町,1036-126,141.664949,43.335591
,樺戸郡月形町,1073-25,141.667671,43.334895
字裏霞町,樺戸郡月形町,249-2,141.667492,43.33487
,樺戸郡月形町,1077-23,141.667073,43.335006
字裏霞町,樺戸郡月形町,243-3,141.666543,43.334372
字裏霞町,樺戸郡月形町,243-4,141.666621,43.334471
字裏霞町,樺戸郡月形町,244-2,141.666769,43.334536
字裏霞町,樺戸郡月形町,243-1,141.666696,43.334296
字裏霞町,樺戸郡月形町,244-1,141.666829,43.334373
字裏霞町,樺戸郡月形町,245-2,141.666941,43.334478
字裏霞町,樺戸郡月形町,245-5,141.667017,43.334515
字裏霞町,樺戸郡月形町,246-2,141.666948,43.334619
字裏霞町,樺戸郡月形町,245-3,141.666924,43.334605
,樺戸郡月形町,1077-1,141.666761,43.334575
,樺戸郡月形町,1077-10,141.667051,43.334746
字裏霞町,樺戸郡月形町,247-2,141.667072,43.334686
字裏霞町,樺戸郡月形町,247-1,141.667255,43.334583
字裏霞町,樺戸郡月形町,249-1,141.667548,43.334704
字裏霞町,樺戸郡月形町,248,141.667395,43.334653
字裏霞町,樺戸郡月形町,246-1,141.667122,43.334509
字裏霞町,樺戸郡月形町,245-1,141.667043,43.334358
字裏霞町,樺戸郡月形町,245-4,141.667119,43.334393
字裏霞町,樺戸郡月形町,道-126,141.667196,43.334305
,樺戸郡月形町,1075-4,141.66703,43.334027
,樺戸郡月形町,1075-10,141.667317,43.334106
,樺戸郡月形町,1075-12,141.66746,43.334172
,樺戸郡月形町,1075-5,141.667604,43.334242
,樺戸郡月形町,1075-11,141.667716,43.333899
,樺戸郡月形町,1075-3,141.667557,43.333843
,樺戸郡月形町,1075-14,141.667177,43.333855
,樺戸郡月形町,1077-25,141.66684,43.333762
,樺戸郡月形町,1077-26,141.666795,43.333814
,樺戸郡月形町,1075-8,141.666779,43.333991
字裏霞町,樺戸郡月形町,242-1,141.66672,43.334141
,樺戸郡月形町,1077-24,141.666443,43.334173
字裏霞町,樺戸郡月形町,242-4,141.666588,43.334233
字裏霞町,樺戸郡月形町,242-3,141.666529,43.334184
,樺戸郡月形町,1077-3,141.666432,43.333897
字知来乙,樺戸郡月形町,261-18,141.663663,43.334344
字知来乙,樺戸郡月形町,261-10,141.663461,43.334413
字知来乙,樺戸郡月形町,261-9,141.66393,43.334646
字知来乙,樺戸郡月形町,261-17,141.664348,43.334904
字知来乙,樺戸郡月形町,261-8,141.664345,43.334958
字知来乙,樺戸郡月形町,261-100,141.664561,43.335246
,樺戸郡月形町,1036-125,141.664696,43.335552
,樺戸郡月形町,1036-62,141.664723,43.335683
,樺戸郡月形町,1036-63,141.664568,43.335767
,樺戸郡月形町,1036-61,141.664152,43.335763
字知来乙,樺戸郡月形町,261-90,141.664173,43.335408
字知来乙,樺戸郡月形町,261-95,141.663396,43.335294
,樺戸郡月形町,1036-129,141.663283,43.335386
,樺戸郡月形町,1036-18,141.663324,43.335721
字知来乙,樺戸郡月形町,261-1,141.663532,43.335048
字知来乙,樺戸郡月形町,261-23,141.66335,43.334796
字知来乙,樺戸郡月形町,261-22,141.663146,43.334856
字知来乙,樺戸郡月形町,261-4,141.662573,43.33493
字知来乙,樺戸郡月形町,261-96,141.662784,43.335221
字知来乙,樺戸郡月形町,261-87,141.662556,43.335222
字知来乙,樺戸郡月形町,261-85,141.662982,43.335271
字知来乙,樺戸郡月形町,261-94,141.663002,43.33524
字知来乙,樺戸郡月形町,261-40,141.663037,43.335114
字知来乙,樺戸郡月形町,261-20,141.663198,43.335149
字知来乙,樺戸郡月形町,261-93,141.663153,43.335261
字知来乙,樺戸郡月形町,261-84,141.663153,43.33529
,樺戸郡月形町,1036-127,141.662764,43.335349
,樺戸郡月形町,1036-162,141.662247,43.335336
,樺戸郡月形町,1036-3,141.662111,43.336056
字知来乙,樺戸郡月形町,261-86,141.662242,43.335185
字知来乙,樺戸郡月形町,261-101,141.662217,43.33516
,樺戸郡月形町,1036-128,141.662573,43.335309
字知来乙,樺戸郡月形町,261-42,141.662073,43.335024
字知来乙,樺戸郡月形町,261-41,141.662097,43.334733
字知来乙,樺戸郡月形町,261-6,141.662315,43.334409
字知来乙,樺戸郡月形町,261-21,141.662157,43.334538
字知来乙,樺戸郡月形町,261-7,141.66291,43.334517
字知来乙,樺戸郡月形町,261-19,141.663102,43.334358
字知来乙,樺戸郡月形町,261-11,141.663217,43.334064
字知来乙,樺戸郡月形町,261-13,141.662689,43.333978
字知来乙,樺戸郡月形町,261-12,141.662423,43.334105
字知来乙,樺戸郡月形町,261-29,141.662024,43.334186
字知来乙,樺戸郡月形町,261-5,141.661574,43.334758
字知来乙,樺戸郡月形町,261-64,141.660889,43.334404
字知来乙,樺戸郡月形町,261-81,141.660967,43.334296
字知来乙,樺戸郡月形町,261-63,141.660698,43.334361
字知来乙,樺戸郡月形町,261-44,141.660632,43.334464
字知来乙,樺戸郡月形町,261-39,141.66114,43.334093
字知来乙,樺戸郡月形町,261-15,141.660742,43.33476
字知来乙,樺戸郡月形町,261-51,141.660367,43.334801
字知来乙,樺戸郡月形町,261-52,141.660439,43.334679
字知来乙,樺戸郡月形町,261-71,141.66042,43.334573
字知来乙,樺戸郡月形町,261-78,141.660515,43.334332
字知来乙,樺戸郡月形町,261-77,141.660384,43.334301
字知来乙,樺戸郡月形町,261-61,141.660363,43.334179
字知来乙,樺戸郡月形町,261-62,141.660618,43.334269
字知来乙,樺戸郡月形町,261-82,141.660801,43.334278
字知来乙,樺戸郡月形町,261-43,141.660602,43.334011
字知来乙,樺戸郡月形町,261-60,141.660181,43.334259
字知来乙,樺戸郡月形町,261-59,141.660018,43.334213
字知来乙,樺戸郡月形町,261-80,141.659773,43.334065
字知来乙,樺戸郡月形町,261-58,141.659833,43.334189
字知来乙,樺戸郡月形町,261-57,141.659646,43.334169
字知来乙,樺戸郡月形町,261-16,141.659327,43.333929
字知来乙,樺戸郡月形町,261-79,141.659724,43.33406
字知来乙,樺戸郡月形町,261-38,141.660024,43.333948
字知来乙,樺戸郡月形町,261-56,141.659455,43.334148
字知来乙,樺戸郡月形町,261-75,141.659567,43.334502
字知来乙,樺戸郡月形町,261-54,141.659457,43.334494
字知来乙,樺戸郡月形町,261-55,141.659346,43.334478
字知来乙,樺戸郡月形町,261-66,141.659232,43.334543
字知来乙,樺戸郡月形町,261-65,141.659199,43.334691
字知来乙,樺戸郡月形町,261-36,141.659061,43.334596
字知来乙,樺戸郡月形町,261-107,141.659015,43.334746
字知来乙,樺戸郡月形町,261-104,141.65921,43.33476
字知来乙,樺戸郡月形町,261-102,141.659243,43.334764
字知来乙,樺戸郡月形町,261-46,141.659315,43.33467
字知来乙,樺戸郡月形町,261-67,141.659534,43.334665
字知来乙,樺戸郡月形町,261-47,141.65954,43.334768
字知来乙,樺戸郡月形町,261-103,141.659374,43.334781
字知来乙,樺戸郡月形町,261-68,141.659725,43.334682
字知来乙,樺戸郡月形町,261-48,141.659763,43.334789
字知来乙,樺戸郡月形町,261-49,141.659926,43.3348
字知来乙,樺戸郡月形町,261-69,141.659943,43.3347
字知来乙,樺戸郡月形町,261-74,141.659762,43.334525
字知来乙,樺戸郡月形町,261-37,141.660343,43.334433
字知来乙,樺戸郡月形町,261-76,141.660281,43.334244
字知来乙,樺戸郡月形町,261-53,141.660261,43.334661
字知来乙,樺戸郡月形町,261-72,141.660173,43.334567
字知来乙,樺戸郡月形町,261-73,141.659982,43.334551
字知来乙,樺戸郡月形町,261-70,141.660135,43.334717
字知来乙,樺戸郡月形町,261-50,141.660141,43.334817
字知来乙,樺戸郡月形町,261-45,141.660394,43.334918
,樺戸郡月形町,1037-52,141.660416,43.335044
,樺戸郡月形町,1037-33,141.660022,43.335116
,樺戸郡月形町,道-10,141.659693,43.335403
,樺戸郡月形町,1037-34,141.659789,43.335107
字知来乙,樺戸郡月形町,261-108,141.659281,43.334812
,樺戸郡月形町,1037-36,141.659302,43.335043
,樺戸郡月形町,1037-8,141.658911,43.335128
,樺戸郡月形町,1037-35,141.659552,43.335074
,樺戸郡月形町,道-4,141.658882,43.335758
,樺戸郡月形町,1036-27,141.660453,43.335506
,樺戸郡月形町,1036-123,141.660668,43.335074
字知来乙,樺戸郡月形町,261-97,141.660475,43.33496
字知来乙,樺戸郡月形町,261-88,141.660768,43.335014
字知来乙,樺戸郡月形町,261-98,141.660894,43.335009
字知来乙,樺戸郡月形町,261-91,141.660927,43.335023
,樺戸郡月形町,1036-124,141.660964,43.335109
,樺戸郡月形町,1036-81,141.660876,43.335183
,樺戸郡月形町,1036-80,141.661167,43.335218
,樺戸郡月形町,1036-130,141.661465,43.33517
字知来乙,樺戸郡月形町,261-83,141.66101,43.335042
字知来乙,樺戸郡月形町,261-92,141.661396,43.335067
字知来乙,樺戸郡月形町,261-106,141.661236,43.334979
字知来乙,樺戸郡月形町,261-105,141.661081,43.334961
,樺戸郡月形町,1036-9,141.661615,43.335723
,樺戸郡月形町,1036-6,141.661335,43.336383
,樺戸郡月形町,1036-131,141.661673,43.336816
,樺戸郡月形町,1862-2,141.661541,43.336874
,樺戸郡月形町,1036-134,141.659797,43.336428
,樺戸郡月形町,長狭物不明-13,141.659589,43.336255
,樺戸郡月形町,長狭物不明-17,141.659705,43.336004
,樺戸郡月形町,1037-50,141.65904,43.336175
,樺戸郡月形町,1036-11,141.660891,43.337342
,樺戸郡月形町,1036-82,141.661752,43.337124
,樺戸郡月形町,1035-1,141.663248,43.337931
,樺戸郡月形町,1036-92,141.663001,43.337761
,樺戸郡月形町,1036-7,141.663096,43.337657
,樺戸郡月形町,1036-52,141.662776,43.337428
,樺戸郡月形町,1036-136,141.662875,43.337649
,樺戸郡月形町,1036-135,141.66271,43.337539
,樺戸郡月形町,1036-67,141.663003,43.33731
,樺戸郡月形町,道-1,141.667251,43.33615
,樺戸郡月形町,1036-22,141.662532,43.336144
,樺戸郡月形町,1036-160,141.663799,43.336512
,樺戸郡月形町,1036-159,141.663971,43.336408
,樺戸郡月形町,1036-161,141.663614,43.336621
,樺戸郡月形町,1036-44,141.663574,43.336066
,樺戸郡月形町,1036-31,141.663863,43.335911
,樺戸郡月形町,1036-158,141.664156,43.336315
,樺戸郡月形町,1036-157,141.664317,43.336201
,樺戸郡月形町,1036-64,141.664315,43.335908
,樺戸郡月形町,1036-116,141.664444,43.336093
,樺戸郡月形町,1036-46,141.664596,43.336005
,樺戸郡月形町,1036-150,141.664674,43.336449
,樺戸郡月形町,1036-4,141.664996,43.336853
,樺戸郡月形町,1036-153,141.66449,43.336557
,樺戸郡月形町,1036-137,141.663325,43.336591
,樺戸郡月形町,1036-154,141.66431,43.336664
,樺戸郡月形町,1036-156,141.664099,43.33671
,樺戸郡月形町,1036-155,141.664495,43.336828
,樺戸郡月形町,1036-152,141.664699,43.336745
,樺戸郡月形町,1036-95,141.664625,43.337229
,樺戸郡月形町,1035-10,141.664728,43.337294
,樺戸郡月形町,1035-28,141.664168,43.337493
,樺戸郡月形町,1036-13,141.664569,43.337258
,樺戸郡月形町,1036-97,141.663972,43.337432
,樺戸郡月形町,1036-66,141.66371,43.337457
,樺戸郡月形町,1036-59,141.663312,43.337521
,樺戸郡月形町,1035-29,141.664136,43.337548
,樺戸郡月形町,1035-24,141.662987,43.337891
,樺戸郡月形町,1035-31,141.663518,43.337839
,樺戸郡月形町,1035-32,141.663684,43.337789
,樺戸郡月形町,1035-37,141.663799,43.337755
,樺戸郡月形町,1035-34,141.663956,43.337893
,樺戸郡月形町,1035-35,141.664107,43.337766
,樺戸郡月形町,1035-38,141.664225,43.337617
,樺戸郡月形町,1035-36,141.664461,43.33775
,樺戸郡月形町,1035-2,141.664315,43.338597
,樺戸郡月形町,1035-22,141.66433,43.338915
,樺戸郡月形町,1059-2,141.663578,43.338906
,樺戸郡月形町,1035-23,141.66391,43.339019
,樺戸郡月形町,1035-33,141.663702,43.33798
,樺戸郡月形町,1034-17,141.662961,43.338087
,樺戸郡月形町,1034-20,141.663041,43.338275
,樺戸郡月形町,1034-19,141.662917,43.338554
,樺戸郡月形町,1034-2,141.663116,43.338497
,樺戸郡月形町,1034-15,141.663379,43.338634
,樺戸郡月形町,1033-10,141.663853,43.339607
,樺戸郡月形町,道-61,141.662092,43.33808
,樺戸郡月形町,1033-26,141.663395,43.339708
,樺戸郡月形町,1034-16,141.663776,43.339154
,樺戸郡月形町,1033-24,141.663954,43.339375
,樺戸郡月形町,1056-105,141.664261,43.339482
,樺戸郡月形町,1033-27,141.664155,43.339574
,樺戸郡月形町,1056-106,141.664585,43.339876
,樺戸郡月形町,1056-91,141.664723,43.339782
,樺戸郡月形町,1056-109,141.664737,43.339871
,樺戸郡月形町,1033-25,141.664526,43.340031
,樺戸郡月形町,1033-11,141.664281,43.340223
,樺戸郡月形町,1033-8,141.664114,43.339834
,樺戸郡月形町,1033-21,141.664112,43.340976
,樺戸郡月形町,1033-19,141.664331,43.340858
,樺戸郡月形町,1033-15,141.664046,43.340886
,樺戸郡月形町,1033-7,141.664165,43.340659
,樺戸郡月形町,1033-3,141.664622,43.340538
,樺戸郡月形町,1033-17,141.664718,43.340653
,樺戸郡月形町,1030-14,141.664541,43.341069
,樺戸郡月形町,1030-11,141.665153,43.34123
,樺戸郡月形町,1030-5,141.663594,43.341717
,樺戸郡月形町,1033-18,141.663499,43.341302
,樺戸郡月形町,1033-4,141.663139,43.34115
,樺戸郡月形町,道-77,141.662569,43.341842
,樺戸郡月形町,1033-1,141.662112,43.34172
,樺戸郡月形町,1033-16,141.662601,43.341778
,樺戸郡月形町,1030-3,141.662293,43.342072
,樺戸郡月形町,1033-2,141.662904,43.340451
,樺戸郡月形町,道-69,141.66249,43.340197
,樺戸郡月形町,1034-3,141.662687,43.339632
,樺戸郡月形町,1034-14,141.660355,43.341064
,樺戸郡月形町,1034-5,141.660544,43.340754
,樺戸郡月形町,1033-6,141.661108,43.341634
,樺戸郡月形町,1033-13,141.661177,43.342191
,樺戸郡月形町,1033-5,141.661406,43.34156
,樺戸郡月形町,長狭物不明-4,141.660144,43.34128
,樺戸郡月形町,1046-1,141.660199,43.341592
,樺戸郡月形町,1059-1,141.661472,43.339594
,樺戸郡月形町,1034-1,141.659795,43.339731
,樺戸郡月形町,1036-103,141.659462,43.339272
,樺戸郡月形町,1034-18,141.659959,43.339043
,樺戸郡月形町,1034-4,141.660515,43.339266
,樺戸郡月形町,1036-101,141.659358,43.338165
,樺戸郡月形町,1037-19,141.657847,43.338652
,樺戸郡月形町,道-3,141.657804,43.339385
,樺戸郡月形町,1039-7,141.656396,43.338342
,樺戸郡月形町,1039-2,141.656772,43.33889
,樺戸郡月形町,1039-11,141.65728,43.339408
,樺戸郡月形町,1039-10,141.656271,43.339005
,樺戸郡月形町,1040-1,141.655375,43.339513
,樺戸郡月形町,道-7,141.657237,43.339997
,樺戸郡月形町,1039-12,141.65765,43.339572
,樺戸郡月形町,1036-102,141.658409,43.339273
字赤川,樺戸郡月形町,1893,141.658659,43.34094
字赤川,樺戸郡月形町,1893-2,141.657351,43.341398
字赤川,樺戸郡月形町,1894,141.656192,43.341157
,樺戸郡月形町,1045,141.656318,43.34005
,樺戸郡月形町,1039-1,141.653574,43.339019
,樺戸郡月形町,1044,141.654733,43.339857
,樺戸郡月形町,長狭物不明-8,141.655328,43.339786
,樺戸郡月形町,長狭物不明-6,141.657886,43.339789
,樺戸郡月形町,1040-2,141.654877,43.339244
,樺戸郡月形町,1039-5,141.654622,43.338531
,樺戸郡月形町,1039-4,141.655114,43.337765
,樺戸郡月形町,1039-8,141.653272,43.338699
,樺戸郡月形町,長狭物不明-10,141.655208,43.337027
,樺戸郡月形町,1041-4,141.653223,43.338075
,樺戸郡月形町,1041-5,141.653438,43.338028
,樺戸郡月形町,1039-9,141.654233,43.337906
,樺戸郡月形町,1041-3,141.653773,43.337799
字赤川,樺戸郡月形町,110-1,141.653869,43.337131
字赤川,樺戸郡月形町,110-3,141.653061,43.337323
字赤川,樺戸郡月形町,110-7,141.653318,43.336874
字赤川,樺戸郡月形町,109-6,141.653568,43.336622
字赤川,樺戸郡月形町,110-6,141.653379,43.336852
字赤川,樺戸郡月形町,109-7,141.653945,43.336422
字赤川,樺戸郡月形町,110-4,141.65396,43.336736
字赤川,樺戸郡月形町,110-2,141.653651,43.336879
字赤川,樺戸郡月形町,110-5,141.654385,43.336805
字赤川,樺戸郡月形町,107-4,141.654717,43.335991
字赤川,樺戸郡月形町,108,141.654678,43.336464
,樺戸郡月形町,1038-1,141.655518,43.337256
,樺戸郡月形町,1038-2,141.65521,43.337091
,樺戸郡月形町,1041-2,141.655098,43.33684
字赤川,樺戸郡月形町,1515,141.655409,43.336308
,樺戸郡月形町,1037-2,141.657192,43.337454
,樺戸郡月形町,1037-18,141.657891,43.337649
,樺戸郡月形町,1037-41,141.658186,43.337995
,樺戸郡月形町,1037-16,141.658074,43.336575
,樺戸郡月形町,1037-1,141.658882,43.336651
,樺戸郡月形町,1037-46,141.658385,43.336106
,樺戸郡月形町,1037-4,141.658452,43.335912
,樺戸郡月形町,1037-48,141.658443,43.336007
,樺戸郡月形町,1037-47,141.657958,43.335843
,樺戸郡月形町,1037-13,141.657419,43.336006
,樺戸郡月形町,1037-23,141.657011,43.336307
,樺戸郡月形町,1037-20,141.656268,43.336819
,樺戸郡月形町,1037-40,141.656221,43.336102
字赤川,樺戸郡月形町,112-1,141.656175,43.335627
字赤川,樺戸郡月形町,111-10,141.655862,43.335382
字赤川,樺戸郡月形町,111-11,141.656227,43.335164
字赤川,樺戸郡月形町,111-12,141.656389,43.335082
字赤川,樺戸郡月形町,112-5,141.656503,43.33522
字赤川,樺戸郡月形町,112-2,141.656604,43.335189
字赤川,樺戸郡月形町,112-6,141.656977,43.335426
字赤川,樺戸郡月形町,3680-3,141.656727,43.335001
字赤川,樺戸郡月形町,111-15,141.656678,43.334883
字赤川,樺戸郡月形町,104-45,141.656785,43.334858
字赤川,樺戸郡月形町,104-4,141.65684,43.334828
字赤川,樺戸郡月形町,3680-2,141.656984,43.334855
字赤川,樺戸郡月形町,112-4,141.656931,43.334948
字赤川,樺戸郡月形町,112-3,141.657176,43.335216
,樺戸郡月形町,1037-49,141.657173,43.335593
,樺戸郡月形町,1037-51,141.657749,43.335776
字赤川,樺戸郡月形町,1514,141.658681,43.334932
字赤川,樺戸郡月形町,105-11,141.658427,43.334882
字赤川,樺戸郡月形町,3680-1,141.657585,43.334684
字赤川,樺戸郡月形町,105-10,141.658238,43.334897
字赤川,樺戸郡月形町,105-9,141.65804,43.334876
字赤川,樺戸郡月形町,105-8,141.657846,43.334853
字赤川,樺戸郡月形町,105-3,141.657996,43.335054
字赤川,樺戸郡月形町,105-2,141.657571,43.335045
字赤川,樺戸郡月形町,105-7,141.657649,43.334831
字赤川,樺戸郡月形町,105-6,141.657446,43.334839
字赤川,樺戸郡月形町,106-2,141.657609,43.334565
字赤川,樺戸郡月形町,104-43,141.657399,43.334548
字赤川,樺戸郡月形町,104-41,141.657441,43.334546
字赤川,樺戸郡月形町,113-29,141.657517,43.33452
字赤川,樺戸郡月形町,104-17,141.657454,43.334499
字赤川,樺戸郡月形町,113-24,141.657518,43.334471
字赤川,樺戸郡月形町,113-23,141.65743,43.334429
字赤川,樺戸郡月形町,113-28,141.657402,43.334334
字赤川,樺戸郡月形町,113-27,141.657516,43.334358
字赤川,樺戸郡月形町,113-5,141.657617,43.334327
字赤川,樺戸郡月形町,113-4,141.657667,43.334314
字赤川,樺戸郡月形町,113-25,141.657644,43.334449
字赤川,樺戸郡月形町,106-3,141.657785,43.334491
字赤川,樺戸郡月形町,106-10,141.657847,43.334442
字赤川,樺戸郡月形町,113-26,141.657702,43.334364
字赤川,樺戸郡月形町,113-2,141.657789,43.334288
字赤川,樺戸郡月形町,106-9,141.657997,43.334411
字赤川,樺戸郡月形町,106-4,141.658019,43.334518
字赤川,樺戸郡月形町,106-15,141.657917,43.334575
字赤川,樺戸郡月形町,106-14,141.65776,43.334558
字赤川,樺戸郡月形町,106-18,141.658564,43.334701
字赤川,樺戸郡月形町,106-19,141.657797,43.334654
字赤川,樺戸郡月形町,106-16,141.658133,43.334606
字赤川,樺戸郡月形町,106-5,141.658248,43.33455
字赤川,樺戸郡月形町,106-6,141.658462,43.33458
字赤川,樺戸郡月形町,106-17,141.658324,43.334636
字赤川,樺戸郡月形町,106-1,141.658664,43.334366
字赤川,樺戸郡月形町,106-7,141.658431,43.334459
字赤川,樺戸郡月形町,106-8,141.658211,43.334435
字赤川,樺戸郡月形町,106-11,141.658316,43.334212
字赤川,樺戸郡月形町,113-13,141.658198,43.334108
字赤川,樺戸郡月形町,106-12,141.658477,43.334189
字赤川,樺戸郡月形町,106-13,141.658527,43.334081
字赤川,樺戸郡月形町,113-14,141.658425,43.334005
字赤川,樺戸郡月形町,113-15,141.658262,43.334012
字赤川,樺戸郡月形町,113-1,141.658172,43.333813
字赤川,樺戸郡月形町,113-17,141.657854,43.33395
字赤川,樺戸郡月形町,113-16,141.658072,43.333977
字赤川,樺戸郡月形町,113-12,141.658047,43.334139
字赤川,樺戸郡月形町,道-95,141.658066,43.334261
字赤川,樺戸郡月形町,113-11,141.657821,43.334113
字赤川,樺戸郡月形町,113-10,141.657608,43.33409
字赤川,樺戸郡月形町,113-3,141.657588,43.334233
字赤川,樺戸郡月形町,113-22,141.657471,43.334262
字赤川,樺戸郡月形町,113-9,141.657404,43.334066
字赤川,樺戸郡月形町,113-19,141.657437,43.3339
字赤川,樺戸郡月形町,113-18,141.657643,43.333927
字赤川,樺戸郡月形町,104-31,141.657205,43.333826
字赤川,樺戸郡月形町,113-20,141.657261,43.333905
字赤川,樺戸郡月形町,113-21,141.657116,43.333922
字赤川,樺戸郡月形町,113-7,141.657099,43.333976
字赤川,樺戸郡月形町,104-32,141.657074,43.333841
字赤川,樺戸郡月形町,104-33,141.656928,43.333831
字赤川,樺戸郡月形町,104-34,141.656783,43.333762
字赤川,樺戸郡月形町,104-27,141.656665,43.333903
字赤川,樺戸郡月形町,104-28,141.656833,43.333979
字赤川,樺戸郡月形町,104-21,141.656679,43.33425
字赤川,樺戸郡月形町,104-29,141.656998,43.334025
字赤川,樺戸郡月形町,104-30,141.657125,43.3341
字赤川,樺戸郡月形町,113-8,141.657218,43.334043
字赤川,樺戸郡月形町,113-6,141.657306,43.334287
字赤川,樺戸郡月形町,104-18,141.657271,43.334353
字赤川,樺戸郡月形町,104-19,141.657095,43.334327
字赤川,樺戸郡月形町,104-15,141.657067,43.334476
字赤川,樺戸郡月形町,104-16,141.657303,43.334482
字赤川,樺戸郡月形町,無地番-19,141.657354,43.334647
字赤川,樺戸郡月形町,105-5,141.65722,43.334812
字赤川,樺戸郡月形町,104-42,141.657149,43.334682
字赤川,樺戸郡月形町,104-44,141.656898,43.334799
字赤川,樺戸郡月形町,104-14,141.656797,43.334452
字赤川,樺戸郡月形町,104-20,141.656858,43.3343
字赤川,樺戸郡月形町,104-13,141.656577,43.334401
字赤川,樺戸郡月形町,104-12,141.656363,43.3343
字赤川,樺戸郡月形町,104-7,141.656072,43.334386
字赤川,樺戸郡月形町,104-46,141.655435,43.334229
字赤川,樺戸郡月形町,104-38,141.655907,43.334092
字赤川,樺戸郡月形町,104-10,141.656079,43.334088
字赤川,樺戸郡月形町,104-11,141.656186,43.334208
字赤川,樺戸郡月形町,104-39,141.656087,43.334155
字赤川,樺戸郡月形町,104-22,141.656478,43.334162
字赤川,樺戸郡月形町,104-23,141.656252,43.334065
字赤川,樺戸郡月形町,104-26,141.6565,43.333833
字赤川,樺戸郡月形町,104-24,141.656036,43.333965
字赤川,樺戸郡月形町,104-40,141.655863,43.333965
字赤川,樺戸郡月形町,104-37,141.655781,43.333987
字赤川,樺戸郡月形町,104-9,141.655751,43.33403
字赤川,樺戸郡月形町,104-3,141.655746,43.334221
字赤川,樺戸郡月形町,104-8,141.655352,43.3339
字赤川,樺戸郡月形町,111-3,141.654683,43.334333
字赤川,樺戸郡月形町,111-9,141.655781,43.334935
字赤川,樺戸郡月形町,111-1,141.655672,43.335096
字赤川,樺戸郡月形町,111-2,141.655886,43.335256
字赤川,樺戸郡月形町,111-8,141.655657,43.335368
字赤川,樺戸郡月形町,111-14,141.655568,43.335522
字赤川,樺戸郡月形町,111-13,141.655369,43.335672
字赤川,樺戸郡月形町,111-16,141.654576,43.334903
字赤川,樺戸郡月形町,107-5,141.654583,43.334955
字赤川,樺戸郡月形町,107-1,141.653817,43.334964
字赤川,樺戸郡月形町,107-3,141.653858,43.33563
字赤川,樺戸郡月形町,107-2,141.653478,43.335624
字赤川,樺戸郡月形町,109-3,141.653324,43.335834
,樺戸郡月形町,17-17,141.652792,43.33435
字知来乙,樺戸郡月形町,169-8,141.653487,43.332866
字知来乙,樺戸郡月形町,169-2,141.653496,43.331907
字知来乙,樺戸郡月形町,169-17,141.654403,43.332012
,樺戸郡月形町,45-34,141.655617,43.33179
,樺戸郡月形町,45-35,141.65522,43.33265
字赤川,樺戸郡月形町,104-25,141.656315,43.333758
字赤川,樺戸郡月形町,104-1,141.65673,43.333443
字赤川,樺戸郡月形町,104-36,141.656458,43.333632
字赤川,樺戸郡月形町,104-6,141.656165,43.333134
字赤川,樺戸郡月形町,104-35,141.656617,43.333689
,樺戸郡月形町,45-17,141.657918,43.33218
,樺戸郡月形町,45-16,141.658126,43.332429
,樺戸郡月形町,45-9,141.655677,43.331168
,樺戸郡月形町,45-38,141.656498,43.330805
,樺戸郡月形町,45-55,141.656595,43.330859
,樺戸郡月形町,45-37,141.657269,43.330683
,樺戸郡月形町,45-1,141.657284,43.331602
,樺戸郡月形町,45-58,141.657983,43.33101
,樺戸郡月形町,45-56,141.658977,43.331177
,樺戸郡月形町,45-15,141.658868,43.331034
,樺戸郡月形町,45-61,141.657718,43.33101
,樺戸郡月形町,45-62,141.657879,43.330938
,樺戸郡月形町,45-11,141.658176,43.330466
字南耕地,樺戸郡月形町,316-56,141.658365,43.329915
字南耕地,樺戸郡月形町,316-55,141.658408,43.329911
字南耕地,樺戸郡月形町,316-31,141.659043,43.330011
字南耕地,樺戸郡月形町,316-54,141.658539,43.329916
字南耕地,樺戸郡月形町,316-38,141.658717,43.329766
字南耕地,樺戸郡月形町,316-46,141.658476,43.329638
字南耕地,樺戸郡月形町,316-50,141.658208,43.329718
,樺戸郡月形町,45-3,141.657868,43.330015
字南耕地,樺戸郡月形町,316-30,141.656696,43.329876
字南耕地,樺戸郡月形町,316-4,141.657653,43.329659
字南耕地,樺戸郡月形町,316-53,141.657286,43.329853
,樺戸郡月形町,45-43,141.65668,43.330081
,樺戸郡月形町,45-42,141.6568,43.330095
,樺戸郡月形町,45-64,141.657052,43.330087
,樺戸郡月形町,45-45,141.656916,43.330362
,樺戸郡月形町,45-44,141.656703,43.330432
,樺戸郡月形町,45-13,141.656283,43.33051
,樺戸郡月形町,45-10,141.656587,43.330088
,樺戸郡月形町,45-12,141.655845,43.330099
字南耕地,樺戸郡月形町,316-1,141.656419,43.329629
字南耕地,樺戸郡月形町,316-58,141.656237,43.329792
字南耕地,樺戸郡月形町,316-34,141.655601,43.329813
字南耕地,樺戸郡月形町,316-44,141.655573,43.329746
字南耕地,樺戸郡月形町,316-27,141.655585,43.329653
,樺戸郡月形町,45-4,141.655631,43.329882
字知来乙,樺戸郡月形町,41-3,141.655273,43.32981
字知来乙,樺戸郡月形町,無地番-38,141.654568,43.329957
,樺戸郡月形町,44-15,141.654653,43.330087
,樺戸郡月形町,44-20,141.65539,43.329944
,樺戸郡月形町,44-9,141.654257,43.330455
,樺戸郡月形町,45-5,141.655146,43.330497
,樺戸郡月形町,44-17,141.655586,43.330141
,樺戸郡月形町,45-47,141.655609,43.330151
,樺戸郡月形町,45-49,141.655545,43.3304
,樺戸郡月形町,無地番-7013,141.655517,43.330407
,樺戸郡月形町,45-48,141.655476,43.330668
,樺戸郡月形町,44-16,141.65545,43.330665
,樺戸郡月形町,44-8,141.655216,43.33071
,樺戸郡月形町,44-19,141.65534,43.331088
,樺戸郡月形町,45-39,141.655866,43.331576
字知来乙,樺戸郡月形町,169-28,141.655256,43.331415
,樺戸郡月形町,45-46,141.655405,43.330944
,樺戸郡月形町,44-18,141.655283,43.33127
,樺戸郡月形町,44-10,141.654808,43.331198
字知来乙,樺戸郡月形町,169-19,141.654908,43.331422
字知来乙,樺戸郡月形町,169-18,141.654591,43.33132
,樺戸郡月形町,44-11,141.654157,43.331126
,樺戸郡月形町,44-7,141.654667,43.331063
,樺戸郡月形町,44-13,141.655176,43.331077
,樺戸郡月形町,44-4,141.653723,43.330843
,樺戸郡月形町,44-1,141.654694,43.330818
,樺戸郡月形町,44-12,141.654042,43.331234
,樺戸郡月形町,44-5,141.65343,43.331254
,樺戸郡月形町,44-6,141.653152,43.330872
,樺戸郡月形町,44-14,141.653302,43.330373
,樺戸郡月形町,44-21,141.653311,43.33039
,樺戸郡月形町,44-3,141.65348,43.330627
,樺戸郡月形町,44-2,141.653842,43.330234
字知来乙,樺戸郡月形町,道-7194,141.652465,43.330447
字知来乙,樺戸郡月形町,1905,141.653088,43.329753
字南耕地,樺戸郡月形町,1438-3,141.653637,43.328553
字南耕地,樺戸郡月形町,1438-2,141.653335,43.328531
字南耕地,樺戸郡月形町,1438-4,141.653996,43.328594
字南耕地,樺戸郡月形町,1439-3,141.654295,43.328629
字知来乙,樺戸郡月形町,1912,141.654155,43.32941
字知来乙,樺戸郡月形町,117-3,141.655535,43.32908
字南耕地,樺戸郡月形町,316-45,141.655634,43.329428
字南耕地,樺戸郡月形町,316-25,141.655639,43.329383
字南耕地,樺戸郡月形町,316-26,141.655683,43.329185
字南耕地,樺戸郡月形町,1439-2,141.654771,43.328695
字南耕地,樺戸郡月形町,1439-4,141.65508,43.328719
字南耕地,樺戸郡月形町,1439-1,141.654843,43.328208
字南耕地,樺戸郡月形町,1439-8,141.654885,43.327732
字南耕地,樺戸郡月形町,1444-3,141.654522,43.327662
字南耕地,樺戸郡月形町,1438-5,141.653747,43.327605
字南耕地,樺戸郡月形町,1438-1,141.653692,43.328077
字南耕地,樺戸郡月形町,1443-2,141.653473,43.327545
字南耕地,樺戸郡月形町,1440-1,141.653088,43.327517
字南耕地,樺戸郡月形町,1436-1,141.653194,43.326306
字南耕地,樺戸郡月形町,1443-1,141.653625,43.326944
字南耕地,樺戸郡月形町,1445-1,141.651424,43.326172
字南耕地,樺戸郡月形町,1446-1,141.65312,43.326196
字南耕地,樺戸郡月形町,1451-1,141.654179,43.326187
字南耕地,樺戸郡月形町,1453-6,141.655358,43.325807
字南耕地,樺戸郡月形町,1453-2,141.655715,43.325672
字南耕地,樺戸郡月形町,1453-3,141.655837,43.326264
字南耕地,樺戸郡月形町,1451-2,141.655848,43.326285
字南耕地,樺戸郡月形町,1444-1,141.65505,43.327061
字南耕地,樺戸郡月形町,3619-16,141.656188,43.326497
字南耕地,樺戸郡月形町,3619-17,141.656154,43.326711
字南耕地,樺戸郡月形町,3620-1,141.656135,43.326206
字南耕地,樺戸郡月形町,3620-16,141.656445,43.32562
字南耕地,樺戸郡月形町,3620-2,141.656258,43.325913
字南耕地,樺戸郡月形町,3620-43,141.656879,43.326038
字南耕地,樺戸郡月形町,3620-17,141.656705,43.325484
字南耕地,樺戸郡月形町,3619-18,141.657417,43.327015
字南耕地,樺戸郡月形町,3619-5,141.657838,43.328287
字南耕地,樺戸郡月形町,3619-2,141.656567,43.328212
字南耕地,樺戸郡月形町,3619-1,141.65615,43.328819
字南耕地,樺戸郡月形町,316-17,141.655791,43.329162
字南耕地,樺戸郡月形町,316-16,141.656457,43.329301
字南耕地,樺戸郡月形町,316-23,141.656878,43.329577
字南耕地,樺戸郡月形町,316-59,141.656846,43.329718
字南耕地,樺戸郡月形町,316-24,141.656851,43.32935
字南耕地,樺戸郡月形町,316-18,141.657828,43.329384
字南耕地,樺戸郡月形町,3619-4,141.65764,43.328972
字南耕地,樺戸郡月形町,3619-3,141.65823,43.329034
字南耕地,樺戸郡月形町,3619-19,141.658612,43.328901
字南耕地,樺戸郡月形町,316-5,141.658423,43.329461
字南耕地,樺戸郡月形町,316-20,141.658648,43.329492
字南耕地,樺戸郡月形町,316-49,141.65883,43.32952
字南耕地,樺戸郡月形町,316-39,141.65896,43.329477
字南耕地,樺戸郡月形町,道-7327,141.660773,43.329569
字南耕地,樺戸郡月形町,316-19,141.65908,43.329554
字南耕地,樺戸郡月形町,3619-6,141.659164,43.329067
字南耕地,樺戸郡月形町,3619-7,141.658876,43.328751
字南耕地,樺戸郡月形町,3619-10,141.660823,43.32926
字南耕地,樺戸郡月形町,3619-11,141.661072,43.329228
字南耕地,樺戸郡月形町,1-55,141.661388,43.329465
字南耕地,樺戸郡月形町,1-17,141.661494,43.329521
字南耕地,樺戸郡月形町,1-16,141.661689,43.329605
字南耕地,樺戸郡月形町,1-32,141.661637,43.329342
字南耕地,樺戸郡月形町,1-56,141.661528,43.329288
字南耕地,樺戸郡月形町,3619-24,141.661202,43.32934
字南耕地,樺戸郡月形町,3619-27,141.661474,43.329053
字南耕地,樺戸郡月形町,1-57,141.661705,43.32907
字南耕地,樺戸郡月形町,1-24,141.661632,43.329056
字南耕地,樺戸郡月形町,3619-9,141.660403,43.328531
字南耕地,樺戸郡月形町,3619-12,141.661185,43.328452
字南耕地,樺戸郡月形町,3619-8,141.65964,43.32831
字南耕地,樺戸郡月形町,3619-22,141.659225,43.327672
字南耕地,樺戸郡月形町,3619-21,141.659184,43.327699
字南耕地,樺戸郡月形町,3619-15,141.660189,43.327159
字南耕地,樺戸郡月形町,3620-42,141.65969,43.326559
字南耕地,樺戸郡月形町,3620-33,141.659714,43.326511
字南耕地,樺戸郡月形町,3620-3,141.658867,43.325891
字南耕地,樺戸郡月形町,3620-35,141.657196,43.326342
字南耕地,樺戸郡月形町,3620-4,141.661077,43.32601
字南耕地,樺戸郡月形町,3619-14,141.661554,43.32723
字南耕地,樺戸郡月形町,3619-13,141.662458,43.327275
字南耕地,樺戸郡月形町,3619-23,141.66253,43.32768
字南耕地,樺戸郡月形町,1-36,141.662778,43.327415
字南耕地,樺戸郡月形町,1-37,141.663196,43.327233
字知来乙,樺戸郡月形町,1505-4,141.663006,43.326985
字南耕地,樺戸郡月形町,3620-8,141.662948,43.326503
字南耕地,樺戸郡月形町,3620-34,141.66262,43.326495
字南耕地,樺戸郡月形町,3620-6,141.661904,43.326513
字南耕地,樺戸郡月形町,3620-5,141.662186,43.32645
字南耕地,樺戸郡月形町,3620-7,141.662487,43.326459
字南耕地,樺戸郡月形町,3620-10,141.662817,43.325939
字南耕地,樺戸郡月形町,3620-45,141.663428,43.326366
字南耕地,樺戸郡月形町,3620-46,141.663402,43.326336
字南耕地,樺戸郡月形町,3620-53,141.663438,43.325962
字南耕地,樺戸郡月形町,3620-47,141.663474,43.325593
字南耕地,樺戸郡月形町,3620-36,141.663462,43.326225
字南耕地,樺戸郡月形町,1089-9,141.663679,43.325426
字南耕地,樺戸郡月形町,3625-1,141.664235,43.325155
字南耕地,樺戸郡月形町,521-1,141.663698,43.326594
字南耕地,樺戸郡月形町,521-2,141.663531,43.326541
字南耕地,樺戸郡月形町,3620-52,141.663438,43.326423
字南耕地,樺戸郡月形町,3620-9,141.663343,43.326513
字南耕地,樺戸郡月形町,3620-44,141.663431,43.32668
字南耕地,樺戸郡月形町,3620-51,141.663422,43.326757
字知来乙,樺戸郡月形町,長狭物不明-7120,141.663827,43.326743
字知来乙,樺戸郡月形町,1505-3,141.663498,43.326962
字知来乙,樺戸郡月形町,1505-1,141.664065,43.327033
字南耕地,樺戸郡月形町,1-33,141.662854,43.327748
字南耕地,樺戸郡月形町,1-39,141.662589,43.327861
字南耕地,樺戸郡月形町,1-38,141.662612,43.327754
字南耕地,樺戸郡月形町,3619-20,141.662507,43.327904
字南耕地,樺戸郡月形町,3619-25,141.661978,43.328509
字南耕地,樺戸郡月形町,1-1,141.663121,43.328178
字南耕地,樺戸郡月形町,3619-26,141.661791,43.328774
字南耕地,樺戸郡月形町,1-25,141.661924,43.32885
字南耕地,樺戸郡月形町,1-58,141.661827,43.328936
字南耕地,樺戸郡月形町,1-29,141.661946,43.328994
字南耕地,樺戸郡月形町,1-27,141.662444,43.329323
字南耕地,樺戸郡月形町,1-21,141.662282,43.329247
字南耕地,樺戸郡月形町,1-22,141.662084,43.329155
字南耕地,樺戸郡月形町,1-28,141.661825,43.329129
字南耕地,樺戸郡月形町,1-26,141.662548,43.329372
字南耕地,樺戸郡月形町,1-20,141.662646,43.329516
字南耕地,樺戸郡月形町,1-41,141.66276,43.329378
字南耕地,樺戸郡月形町,1-19,141.662963,43.329568
字南耕地,樺戸郡月形町,1-9,141.664035,43.328855
字南耕地,樺戸郡月形町,1-43,141.664146,43.33
字南耕地,樺戸郡月形町,1-12,141.664064,43.330096
字南耕地,樺戸郡月形町,1-53,141.663478,43.329812
字南耕地,樺戸郡月形町,1-31,141.66366,43.329897
字南耕地,樺戸郡月形町,1-54,141.663803,43.330062
字南耕地,樺戸郡月形町,1-30,141.663921,43.329925
字南耕地,樺戸郡月形町,1-42,141.66399,43.330187
字南耕地,樺戸郡月形町,1-49,141.6637,43.330347
字南耕地,樺戸郡月形町,1-44,141.663442,43.330228
字南耕地,樺戸郡月形町,1-46,141.663516,43.330572
字南耕地,樺戸郡月形町,1-10,141.663692,43.330497
字南耕地,樺戸郡月形町,1-48,141.663868,43.330427
字知来乙,樺戸郡月形町,264-11,141.664089,43.33044
字知来乙,樺戸郡月形町,264-2,141.664713,43.330734
字知来乙,樺戸郡月形町,262-25,141.664794,43.331539
字知来乙,樺戸郡月形町,262-22,141.664097,43.331399
字知来乙,樺戸郡月形町,262-26,141.663919,43.331285
字知来乙,樺戸郡月形町,262-27,141.663597,43.331719
字知来乙,樺戸郡月形町,道-7253,141.662705,43.330992
字知来乙,樺戸郡月形町,262-21,141.663707,43.331469
字知来乙,樺戸郡月形町,262-20,141.663616,43.33132
字知来乙,樺戸郡月形町,262-19,141.663559,43.331077
字南耕地,樺戸郡月形町,1-47,141.663683,43.330652
字知来乙,樺戸郡月形町,道-7198,141.662433,43.330383
字知来乙,樺戸郡月形町,262-16,141.662946,43.330773
字知来乙,樺戸郡月形町,262-12,141.662805,43.330714
字知来乙,樺戸郡月形町,1503-5,141.66267,43.330651
字知来乙,樺戸郡月形町,262-14,141.662848,43.330918
字知来乙,樺戸郡月形町,262-18,141.663182,43.331025
,樺戸郡月形町,46-3,141.661862,43.330414
字知来乙,樺戸郡月形町,1503-8,141.66239,43.330531
字知来乙,樺戸郡月形町,1503-1,141.662507,43.330608
字南耕地,樺戸郡月形町,1-11,141.663302,43.330452
字南耕地,樺戸郡月形町,1-2,141.662782,43.33005
字南耕地,樺戸郡月形町,1-18,141.663272,43.329713
字南耕地,樺戸郡月形町,1-23,141.663252,43.330092
字南耕地,樺戸郡月形町,1-13,141.662368,43.329855
字南耕地,樺戸郡月形町,1-14,141.662157,43.329756
字南耕地,樺戸郡月形町,1-15,141.661947,43.329656
字南耕地,樺戸郡月形町,316-3,141.661044,43.329959
字南耕地,樺戸郡月形町,316-51,141.661643,43.330102
,樺戸郡月形町,46-13,141.661735,43.33024
字南耕地,樺戸郡月形町,316-33,141.660769,43.330106
,樺戸郡月形町,45-32,141.660283,43.330258
字南耕地,樺戸郡月形町,316-29,141.66027,43.330079
字南耕地,樺戸郡月形町,316-52,141.660548,43.330033
字南耕地,樺戸郡月形町,316-43,141.660602,43.330027
字南耕地,樺戸郡月形町,316-41,141.660762,43.329984
字南耕地,樺戸郡月形町,316-42,141.660791,43.329847
字南耕地,樺戸郡月形町,316-8,141.660711,43.32979
字南耕地,樺戸郡月形町,316-2,141.660387,43.329862
字南耕地,樺戸郡月形町,316-21,141.660038,43.329677
字南耕地,樺戸郡月形町,316-48,141.660128,43.330011
字南耕地,樺戸郡月形町,316-37,141.660081,43.329897
字南耕地,樺戸郡月形町,316-36,141.659817,43.329875
字南耕地,樺戸郡月形町,316-7,141.660102,43.330072
字南耕地,樺戸郡月形町,316-22,141.659642,43.329618
字南耕地,樺戸郡月形町,316-35,141.659568,43.32985
字南耕地,樺戸郡月形町,316-11,141.659445,43.329575
字南耕地,樺戸郡月形町,316-40,141.659405,43.329944
字南耕地,樺戸郡月形町,316-10,141.659272,43.329835
字南耕地,樺戸郡月形町,316-6,141.659036,43.329815
字南耕地,樺戸郡月形町,316-57,141.65891,43.32994
字南耕地,樺戸郡月形町,316-32,141.659358,43.330029
字南耕地,樺戸郡月形町,316-47,141.659661,43.329989
字南耕地,樺戸郡月形町,316-28,141.659429,43.330033
,樺戸郡月形町,45-28,141.659553,43.330238
,樺戸郡月形町,45-41,141.6592,43.330172
,樺戸郡月形町,45-40,141.659017,43.330296
,樺戸郡月形町,45-63,141.659035,43.330458
,樺戸郡月形町,45-21,141.659249,43.33048
,樺戸郡月形町,45-27,141.659512,43.330461
,樺戸郡月形町,45-8,141.659669,43.330742
,樺戸郡月形町,45-54,141.65984,43.330597
,樺戸郡月形町,45-31,141.659943,43.330266
,樺戸郡月形町,45-50,141.660125,43.330333
,樺戸郡月形町,45-30,141.660072,43.330486
,樺戸郡月形町,45-29,141.659763,43.330849
,樺戸郡月形町,45-52,141.659882,43.330747
,樺戸郡月形町,45-53,141.659928,43.330667
,樺戸郡月形町,45-26,141.659474,43.330684
,樺戸郡月形町,45-65,141.659079,43.330676
,樺戸郡月形町,45-57,141.659019,43.331128
,樺戸郡月形町,45-25,141.659434,43.330908
,樺戸郡月形町,45-59,141.659111,43.331216
,樺戸郡月形町,45-60,141.659424,43.331212
字知来乙,樺戸郡月形町,1504-17,141.659471,43.331417
字知来乙,樺戸郡月形町,1504-2,141.659613,43.331283
,樺戸郡月形町,46-2,141.660549,43.330874
,樺戸郡月形町,46-31,141.660518,43.331685
,樺戸郡月形町,46-4,141.661166,43.331039
,樺戸郡月形町,46-32,141.66123,43.331018
,樺戸郡月形町,46-1,141.661758,43.331147
,樺戸郡月形町,46-30,141.661061,43.331838
字知来乙,樺戸郡月形町,46-22,141.661096,43.332417
字知来乙,樺戸郡月形町,46-16,141.661181,43.332336
字知来乙,樺戸郡月形町,46-15,141.661433,43.332393
字知来乙,樺戸郡月形町,46-10,141.661276,43.332369
字知来乙,樺戸郡月形町,46-19,141.661269,43.332253
字知来乙,樺戸郡月形町,46-17,141.661035,43.332297
字知来乙,樺戸郡月形町,46-24,141.660807,43.332238
字知来乙,樺戸郡月形町,46-25,141.660393,43.332203
字知来乙,樺戸郡月形町,1504-3,141.660573,43.332033
字知来乙,樺戸郡月形町,1504-1,141.660496,43.331856
字知来乙,樺戸郡月形町,46-27,141.660098,43.3318
字知来乙,樺戸郡月形町,46-26,141.660171,43.332032
字知来乙,樺戸郡月形町,1504-7,141.659921,43.332233
字知来乙,樺戸郡月形町,1504-10,141.659904,43.332045
字知来乙,樺戸郡月形町,1504-11,141.659693,43.332029
字知来乙,樺戸郡月形町,46-28,141.659933,43.331734
字知来乙,樺戸郡月形町,46-29,141.659827,43.331692
字知来乙,樺戸郡月形町,1504-12,141.659574,43.331915
字知来乙,樺戸郡月形町,1504-13,141.659451,43.331865
字知来乙,樺戸郡月形町,1504-14,141.659337,43.331824
字知来乙,樺戸郡月形町,1504-15,141.659211,43.331799
字知来乙,樺戸郡月形町,1504-16,141.659091,43.331768
字知来乙,樺戸郡月形町,1504-5,141.658784,43.332188
字知来乙,樺戸郡月形町,263-1,141.66255,43.331635
字知来乙,樺戸郡月形町,262-23,141.663809,43.33171
字知来乙,樺戸郡月形町,262-1,141.664312,43.331694
字知来乙,樺戸郡月形町,道-218,141.664208,43.33224
字表霞町,樺戸郡月形町,202-4,141.664752,43.331931
字表霞町,樺戸郡月形町,202-2,141.664631,43.332066
字表霞町,樺戸郡月形町,長狭物不明-61,141.66458,43.331946
字表霞町,樺戸郡月形町,206-2,141.664449,43.33216
字表霞町,樺戸郡月形町,202-3,141.664773,43.332132
字表霞町,樺戸郡月形町,207-2,141.664683,43.332267
字表霞町,樺戸郡月形町,207-1,141.664563,43.332405
字表霞町,樺戸郡月形町,長狭物不明-60,141.664372,43.332176
字表霞町,樺戸郡月形町,206-3,141.664292,43.332458
字表霞町,樺戸郡月形町,206-1,141.664413,43.332323
字表霞町,樺戸郡月形町,207-3,141.66438,43.332511
字表霞町,樺戸郡月形町,517-1,141.664778,43.332511
,樺戸郡月形町,1077-30,141.665205,43.332931
字表霞町,樺戸郡月形町,道-133,141.665266,43.332744
字表霞町,樺戸郡月形町,208-5,141.665264,43.332851
字表霞町,樺戸郡月形町,208-1,141.665471,43.332739
字表霞町,樺戸郡月形町,208-2,141.665352,43.332883
字表霞町,樺戸郡月形町,209-1,141.665507,43.332957
,樺戸郡月形町,1077-8,141.66542,43.333092
,樺戸郡月形町,1077-7,141.665603,43.333224
字表霞町,樺戸郡月形町,20-2,141.665715,43.333056
字表霞町,樺戸郡月形町,209-3,141.66569,43.332744
字表霞町,樺戸郡月形町,209-2,141.665629,43.332815
字表霞町,樺戸郡月形町,20-6,141.665888,43.332838
字表霞町,樺戸郡月形町,20-1,141.665839,43.332914
字表霞町,樺戸郡月形町,10-1,141.666255,43.332737
字表霞町,樺戸郡月形町,道-132,141.666117,43.332906
字表霞町,樺戸郡月形町,21-2,141.666155,43.332964
字表霞町,樺戸郡月形町,21-1,141.66604,43.333112
字表霞町,樺戸郡月形町,210-1,141.666246,43.333211
,樺戸郡月形町,1077-20,141.665749,43.333324
,樺戸郡月形町,1077-19,141.665887,43.333386
,樺戸郡月形町,1077-6,141.665995,43.333618
,樺戸郡月形町,1077-5,141.666312,43.33357
,樺戸郡月形町,1077-21,141.666515,43.333611
字表霞町,樺戸郡月形町,211-1,141.666387,43.333277
字表霞町,樺戸郡月形町,23,141.666595,43.333376
,樺戸郡月形町,1077-4,141.666843,43.333429
,樺戸郡月形町,1077-22,141.666938,43.333538
,樺戸郡月形町,1077-27,141.666973,43.33361
,樺戸郡月形町,1077-28,141.666715,43.333573
,樺戸郡月形町,1077-29,141.666703,43.333687
,樺戸郡月形町,道-55,141.666924,43.333724
,樺戸郡月形町,1075-9,141.667059,43.33365
,樺戸郡月形町,1075-13,141.667245,43.333631
,樺戸郡月形町,1075-15,141.667433,43.333719
字表霞町,樺戸郡月形町,190,141.667568,43.333355
字表霞町,樺戸郡月形町,道-134,141.667365,43.333261
字表霞町,樺戸郡月形町,192-2,141.667172,43.333269
字表霞町,樺戸郡月形町,193-2,141.667027,43.3332
字表霞町,樺戸郡月形町,193-1,141.667152,43.333063
字表霞町,樺戸郡月形町,192-1,141.667298,43.333132
字緑町,樺戸郡月形町,178-2,141.667685,43.333112
字緑町,樺戸郡月形町,道-312,141.667605,43.332999
字緑町,樺戸郡月形町,47-1,141.667481,43.332941
字緑町,樺戸郡月形町,46-3,141.667181,43.332815
字緑町,樺戸郡月形町,47-2,141.667295,43.332921
字緑町,樺戸郡月形町,46-4,141.667054,43.332742
字表霞町,樺戸郡月形町,196,141.666682,43.332939
字表霞町,樺戸郡月形町,194-2,141.666993,43.333017
字表霞町,樺戸郡月形町,194-1,141.666869,43.333154
字表霞町,樺戸郡月形町,195,141.666817,43.333003
字表霞町,樺戸郡月形町,211-2,141.666515,43.333134
字表霞町,樺戸郡月形町,210-2,141.666375,43.333067
字表霞町,樺戸郡月形町,197-2,141.666476,43.332945
字表霞町,樺戸郡月形町,197-1,141.666598,43.332808
字表霞町,樺戸郡月形町,10-2,141.666398,43.332805
字緑町,樺戸郡月形町,268-1,141.666496,43.332549
字緑町,樺戸郡月形町,270-1,141.666333,43.332307
字緑町,樺戸郡月形町,155-1,141.666929,43.332234
字緑町,樺戸郡月形町,177-1,141.667002,43.332583
字緑町,樺戸郡月形町,176-1,141.666858,43.332516
字緑町,樺戸郡月形町,268-2,141.666693,43.332473
字緑町,樺戸郡月形町,176-2,141.666748,43.33264
字緑町,樺戸郡月形町,177-2,141.66689,43.332708
字緑町,樺戸郡月形町,152-2,141.66776,43.332572
字緑町,樺戸郡月形町,26-20,141.667597,43.332495
字緑町,樺戸郡月形町,26-3,141.667477,43.332439
字緑町,樺戸郡月形町,26-25,141.6674,43.332403
字緑町,樺戸郡月形町,26-4,141.667646,43.332247
字緑町,樺戸郡月形町,260-2,141.667221,43.33228
字緑町,樺戸郡月形町,27-9,141.667338,43.332375
字緑町,樺戸郡月形町,260-1,141.667141,43.332372
字緑町,樺戸郡月形町,154-1,141.667024,43.332279
字緑町,樺戸郡月形町,154-2,141.667192,43.332087
字緑町,樺戸郡月形町,155-2,141.667097,43.332042
字緑町,樺戸郡月形町,260-3,141.667366,43.332116
字緑町,樺戸郡月形町,26-26,141.66752,43.332189
字旭町,樺戸郡月形町,道-102,141.667588,43.332048
字緑町,樺戸郡月形町,50-5,141.666766,43.331887
字緑町,樺戸郡月形町,329-1,141.666955,43.331975
字緑町,樺戸郡月形町,筆界未定地-53,141.666427,43.331808
字緑町,樺戸郡月形町,道-317,141.666176,43.33169
字緑町,樺戸郡月形町,170-5,141.66567,43.332007
字緑町,樺戸郡月形町,170-6,141.665593,43.332148
字緑町,樺戸郡月形町,道-311,141.665792,43.332139
字緑町,樺戸郡月形町,174-3,141.66597,43.332138
字緑町,樺戸郡月形町,175-4,141.666109,43.332213
字緑町,樺戸郡月形町,174-4,141.665916,43.332201
字緑町,樺戸郡月形町,175-1,141.665998,43.332337
字緑町,樺戸郡月形町,270-2,141.666222,43.332431
字表霞町,樺戸郡月形町,198,141.666107,43.332668
字表霞町,樺戸郡月形町,199,141.665965,43.3326
字表霞町,樺戸郡月形町,200-1,141.66574,43.332522
字表霞町,樺戸郡月形町,道-131,141.665545,43.332423
字表霞町,樺戸郡月形町,200-2,141.665857,43.332386
字緑町,樺戸郡月形町,174-2,141.665855,43.33227
字表霞町,樺戸郡月形町,202-12,141.665416,43.332221
字表霞町,樺戸郡月形町,202-10,141.665338,43.332311
字表霞町,樺戸郡月形町,202-7,141.66518,43.332361
字表霞町,樺戸郡月形町,202-8,141.66534,43.332437
字表霞町,樺戸郡月形町,208-3,141.665524,43.332666
字表霞町,樺戸郡月形町,208-4,141.665376,43.332715
字表霞町,樺戸郡月形町,18-3,141.66526,43.332541
字表霞町,樺戸郡月形町,18-4,141.665116,43.332472
字表霞町,樺戸郡月形町,18-1,141.665136,43.332684
字表霞町,樺戸郡月形町,18-2,141.664992,43.332614
字表霞町,樺戸郡月形町,517-2,141.664898,43.332369
字表霞町,樺戸郡月形町,202-6,141.664998,43.332275
字表霞町,樺戸郡月形町,202-1,141.664916,43.332143
字表霞町,樺戸郡月形町,202-5,141.664892,43.331998
字表霞町,樺戸郡月形町,202-13,141.665028,43.332017
字表霞町,樺戸郡月形町,202-11,141.665156,43.332097
字表霞町,樺戸郡月形町,202-9,141.665076,43.332187
字緑町,樺戸郡月形町,170-4,141.665443,43.332135
字緑町,樺戸郡月形町,170-7,141.665291,43.332013
字緑町,樺戸郡月形町,171-2,141.665182,43.331913
字緑町,樺戸郡月形町,170-1,141.665428,43.331901
字緑町,樺戸郡月形町,171-1,141.665293,43.33179
字緑町,樺戸郡月形町,169-1,141.665128,43.331741
字緑町,樺戸郡月形町,168-2,141.664947,43.33183
字緑町,樺戸郡月形町,長狭物不明-164,141.66481,43.33169
字緑町,樺戸郡月形町,168-1,141.664985,43.331674
字知来乙,樺戸郡月形町,262-24,141.66482,43.331519
字知来乙,樺戸郡月形町,264-12,141.665006,43.331291
字知来乙,樺戸郡月形町,264-13,141.664957,43.331336
字緑町,樺戸郡月形町,166-8,141.66503,43.331377
字緑町,樺戸郡月形町,166-5,141.665154,43.331409
字緑町,樺戸郡月形町,1514-2,141.665158,43.331215
字緑町,樺戸郡月形町,1514-1,141.665252,43.331118
字緑町,樺戸郡月形町,166-6,141.665312,43.331211
字緑町,樺戸郡月形町,280-1,141.665365,43.331458
字緑町,樺戸郡月形町,165-1,141.665525,43.331581
字緑町,樺戸郡月形町,163-1,141.665788,43.331509
字緑町,樺戸郡月形町,162-1,141.665882,43.331554
字緑町,樺戸郡月形町,161-1,141.665976,43.331598
字緑町,樺戸郡月形町,160-1,141.666072,43.331641
字旭町,樺戸郡月形町,道-99,141.665818,43.331223
字緑町,樺戸郡月形町,164-1,141.665694,43.331389
字緑町,樺戸郡月形町,280-2,141.665535,43.331266
字旭町,樺戸郡月形町,231,141.665933,43.330945
字旭町曙町,樺戸郡月形町,204-3,141.666211,43.33065
字旭町曙町,樺戸郡月形町,204-4,141.66627,43.330669
字旭町,樺戸郡月形町,1415-2,141.665533,43.330765
字旭町,樺戸郡月形町,1415-1,141.665582,43.33074
字知来乙,樺戸郡月形町,道-216,141.665316,43.330955
字知来乙,樺戸郡月形町,3647,141.665334,43.330955
字旭町,樺戸郡月形町,1414-2,141.666155,43.330052
字旭町,樺戸郡月形町,1414-1,141.666194,43.330068
字旭町,樺戸郡月形町,1413-1,141.665975,43.330319
字旭町,樺戸郡月形町,1413-4,141.665863,43.330402
字旭町,樺戸郡月形町,1413-5,141.665856,43.330456
字旭町,樺戸郡月形町,1413-2,141.665834,43.330467
字旭町,樺戸郡月形町,1413-3,141.665828,43.330454
字旭町,樺戸郡月形町,1413-7,141.66584,43.330452
字旭町,樺戸郡月形町,1413-6,141.665814,43.330452
字知来乙,樺戸郡月形町,3648,141.665723,43.33048
字知来乙,樺戸郡月形町,道-212,141.665712,43.330478
字旭町曙町,樺戸郡月形町,204-1,141.666731,43.330473
字旭町曙町,樺戸郡月形町,1415-1,141.667003,43.330608
字旭町曙町,樺戸郡月形町,204-2,141.666408,43.330179
字曙町,樺戸郡月形町,1415-2,141.666302,43.329875
字曙町,樺戸郡月形町,1414-1W1,141.666539,43.329662
字曙町,樺戸郡月形町,1414-4,141.666485,43.329648
,樺戸郡月形町,228-1,141.666724,43.329785
字曙町,樺戸郡月形町,1415-1,141.666721,43.330076
字市南,樺戸郡月形町,1-1,141.667274,43.329895
,樺戸郡月形町,228-2,141.66706,43.329681
字旭町,樺戸郡月形町,145-6,141.667595,43.331119
字旭町,樺戸郡月形町,145-2,141.667436,43.331139
字旭町,樺戸郡月形町,145-5,141.66754,43.331023
字旭町,樺戸郡月形町,213-5,141.667402,43.330949
字旭町,樺戸郡月形町,213-4,141.667297,43.331064
字旭町,樺戸郡月形町,213-6,141.667188,43.331103
,樺戸郡月形町,227-1,141.667511,43.330703
字旭町曙町,樺戸郡月形町,204-6,141.666528,43.330782
字旭町曙町,樺戸郡月形町,204-5,141.666652,43.330849
,樺戸郡月形町,227-2,141.666955,43.330994
字旭町,樺戸郡月形町,道-96,141.666555,43.331264
字旭町,樺戸郡月形町,158-1,141.666405,43.331168
字旭町,樺戸郡月形町,159-1,141.667191,43.331535
字旭町,樺戸郡月形町,145-10,141.667381,43.331199
字旭町,樺戸郡月形町,145-17,141.667483,43.331248
字旭町,樺戸郡月形町,145-7,141.66773,43.33118
字旭町,樺戸郡月形町,145-15,141.667692,43.331347
字旭町,樺戸郡月形町,145-16,141.667615,43.33131
字旭町,樺戸郡月形町,145-12,141.668012,43.331498
字旭町,樺戸郡月形町,145-14,141.667938,43.33146
字旭町,樺戸郡月形町,145-11,141.667832,43.331414
字旭町,樺戸郡月形町,145-3,141.667806,43.331219
字旭町,樺戸郡月形町,145-18,141.667873,43.331247
字旭町,樺戸郡月形町,145-9,141.668082,43.331299
字旭町,樺戸郡月形町,145-8,141.667973,43.331298
字旭町,樺戸郡月形町,145-1,141.668125,43.331368
字旭町,樺戸郡月形町,145-4,141.668231,43.331489
字旭町,樺戸郡月形町,145-13,141.668162,43.331568
字旭町,樺戸郡月形町,213-7,141.668386,43.331672
字旭町,樺戸郡月形町,213-3,141.668449,43.33161
字旭町,樺戸郡月形町,213-1,141.668537,43.33148
,樺戸郡月形町,道-7084,141.668791,43.331521
字市南,樺戸郡月形町,2-19,141.669036,43.331569
字市南,樺戸郡月形町,2-20,141.669057,43.331543
字市南,樺戸郡月形町,1-12,141.668162,43.330709
字曙町,樺戸郡月形町,230,141.668296,43.331075
字市南,樺戸郡月形町,1-2,141.668106,43.330163
字市南,樺戸郡月形町,1-13,141.668856,43.329985
字市南,樺戸郡月形町,1-11,141.668686,43.331004
字市南,樺戸郡月形町,1-3,141.668711,43.330449
字市南,樺戸郡月形町,1-4,141.669083,43.330624
字市南,樺戸郡月形町,11,141.669723,43.330412
字市南,樺戸郡月形町,2-13,141.67041,43.330236
字市南,樺戸郡月形町,2-1,141.669621,43.331159
字市南,樺戸郡月形町,2-3,141.670318,43.331496
字市南,樺戸郡月形町,2-2,141.670016,43.331355
字市南,樺戸郡月形町,2-16,141.670539,43.331601
字市南,樺戸郡月形町,2-15,141.670403,43.33217
字市南,樺戸郡月形町,2-14,141.669985,43.33201
字旭町,樺戸郡月形町,5-2,141.670457,43.332437
字旭町,樺戸郡月形町,4-2,141.670788,43.332502
字旭町,樺戸郡月形町,4-1,141.6707,43.332666
字旭町,樺戸郡月形町,4-4,141.670496,43.332666
字旭町,樺戸郡月形町,5-3,141.670181,43.332521
字旭町,樺戸郡月形町,5-4,141.67033,43.332588
字旭町,樺戸郡月形町,41-3,141.670111,43.332697
字旭町,樺戸郡月形町,5-1,141.670313,43.332375
字旭町,樺戸郡月形町,道-7104,141.670208,43.332346
字旭町,樺戸郡月形町,6-2,141.670097,43.332283
字旭町,樺戸郡月形町,6-1,141.669957,43.332214
字旭町,樺戸郡月形町,87-3,141.669619,43.332257
字旭町,樺戸郡月形町,6-3,141.669832,43.332357
字旭町,樺戸郡月形町,6-4,141.669973,43.332423
字旭町,樺戸郡月形町,40-3,141.669697,43.332712
字旭町,樺戸郡月形町,39-3,141.669509,43.332623
字旭町,樺戸郡月形町,37-11,141.669347,43.332353
字旭町,樺戸郡月形町,8-4,141.66934,43.332126
字旭町,樺戸郡月形町,8-3,141.669468,43.331983
字旭町,樺戸郡月形町,87-1,141.66974,43.332218
字旭町,樺戸郡月形町,87-2,141.669729,43.332031
字旭町,樺戸郡月形町,10-1,141.668898,43.331719
字旭町,樺戸郡月形町,9-1,141.669185,43.331851
字旭町,樺戸郡月形町,139-2,141.668925,43.332151
字旭町,樺戸郡月形町,9-4,141.669063,43.331997
字旭町,樺戸郡月形町,69-1,141.668697,43.33204
字旭町,樺戸郡月形町,138-2,141.66883,43.332107
字旭町,樺戸郡月形町,10-2,141.668774,43.331862
字旭町,樺戸郡月形町,道-7105,141.668683,43.331887
字旭町,樺戸郡月形町,道-98,141.667943,43.331532
字旭町,樺戸郡月形町,86,141.668382,43.331892
字旭町,樺戸郡月形町,159-2,141.667951,43.331889
字旭町,樺戸郡月形町,137,141.668195,43.3321
字旭町,樺戸郡月形町,道-103,141.668452,43.332081
字緑町,樺戸郡月形町,26-21,141.667768,43.332304
字緑町,樺戸郡月形町,152-3,141.667933,43.332382
字緑町,樺戸郡月形町,道-315,141.668016,43.332547
字緑町,樺戸郡月形町,151-1,141.66831,43.332686
字緑町,樺戸郡月形町,186-2,141.668219,43.332562
字旭町,樺戸郡月形町,1416,141.668792,43.332608
字旭町,樺戸郡月形町,道-101,141.668417,43.332434
字旭町,樺戸郡月形町,69-2,141.66851,43.332247
字旭町,樺戸郡月形町,138-1,141.668644,43.332313
字旭町,樺戸郡月形町,139-1,141.668739,43.332358
字旭町,樺戸郡月形町,141,141.669006,43.332365
字旭町,樺戸郡月形町,140,141.668898,43.332335
字旭町,樺戸郡月形町,37-12,141.669165,43.33256
字旭町,樺戸郡月形町,道-101-1,141.669193,43.332794
字緑町,樺戸郡月形町,20-1,141.668941,43.332978
字緑町,樺戸郡月形町,18-1,141.66912,43.333237
字緑町,樺戸郡月形町,21-3,141.668616,43.332992
字緑町,樺戸郡月形町,21-1,141.668858,43.332777
字緑町,樺戸郡月形町,148-1,141.668669,43.332745
字緑町,樺戸郡月形町,149-1,141.668504,43.332775
字緑町,樺戸郡月形町,150-1,141.668393,43.332743
字緑町,樺戸郡月形町,148-3,141.668494,43.332935
字緑町,樺戸郡月形町,186-1,141.668046,43.332753
字緑町,樺戸郡月形町,178-1,141.667797,43.332989
字緑町,樺戸郡月形町,49-1,141.667878,43.333126
字緑町,樺戸郡月形町,50-6,141.668174,43.333137
字緑町,樺戸郡月形町,筆界未定地-52,141.666255,43.332098
字緑町,樺戸郡月形町,179-1,141.668381,43.333245
字緑町,樺戸郡月形町,180-1,141.668451,43.333394
字緑町,樺戸郡月形町,179-2,141.668267,43.333372
字緑町,樺戸郡月形町,50-7,141.668064,43.33326
字表霞町,樺戸郡月形町,188-2,141.667919,43.333421
,樺戸郡月形町,1076-1,141.668118,43.333619
字表霞町,樺戸郡月形町,188-1,141.667789,43.333562
,樺戸郡月形町,1076-2,141.668408,43.333749
字緑町,樺戸郡月形町,53-7,141.668824,43.333654
字緑町,樺戸郡月形町,181-2,141.668703,43.333569
字緑町,樺戸郡月形町,182-2,141.668559,43.333503
字緑町,樺戸郡月形町,182-1,141.668671,43.333379
字緑町,樺戸郡月形町,181-1,141.668816,43.333447
字緑町,樺戸郡月形町,53-1,141.669111,43.333561
字緑町,樺戸郡月形町,53-3,141.668936,43.33353
字緑町,樺戸郡月形町,53-2,141.669002,43.333684
字緑町,樺戸郡月形町,道-316,141.669146,43.333733
字緑町,樺戸郡月形町,15-4,141.669974,43.333655
字緑町,樺戸郡月形町,15-1,141.669871,43.333607
字緑町,樺戸郡月形町,16-2,141.66967,43.333447
字緑町,樺戸郡月形町,15-5,141.669988,43.333497
字緑町,樺戸郡月形町,16-1,141.66982,43.333448
字緑町,樺戸郡月形町,17-4,141.669652,43.333247
字緑町,樺戸郡月形町,17-5,141.669575,43.333322
字緑町,樺戸郡月形町,17-1,141.669498,43.333413
字緑町,樺戸郡月形町,道-314,141.669472,43.333224
字緑町,樺戸郡月形町,18-2,141.669292,43.333044
字旭町,樺戸郡月形町,道-100,141.669823,43.332797
字旭町,樺戸郡月形町,41-8,141.669963,43.332712
字旭町,樺戸郡月形町,41-7,141.669813,43.332886
字旭町,樺戸郡月形町,41-4,141.669877,43.332974
字緑町,樺戸郡月形町,17-2,141.669743,43.333143
字緑町,樺戸郡月形町,16-3,141.669884,43.333216
字旭町,樺戸郡月形町,42-1,141.670339,43.33309
字旭町,樺戸郡月形町,41-6,141.66999,43.332841
字旭町,樺戸郡月形町,41-5,141.670052,43.332768
字旭町,樺戸郡月形町,42-2,141.67023,43.332847
字旭町,樺戸郡月形町,4-3,141.670641,43.332734
字旭町,樺戸郡月形町,44-2,141.670585,43.33313
字旭町,樺戸郡月形町,45-2,141.670679,43.333175
字旭町,樺戸郡月形町,道-97,141.670596,43.333452
字緑町,樺戸郡月形町,15-2,141.670108,43.333357
字緑町,樺戸郡月形町,146-2,141.670302,43.333535
字緑町,樺戸郡月形町,147-1,141.670157,43.333545
字緑町,樺戸郡月形町,13-3,141.670435,43.3336
字緑町,樺戸郡月形町,12-4,141.67057,43.333665
字緑町,樺戸郡月形町,12-2,141.670662,43.333712
字旭町,樺戸郡月形町,46-2,141.670797,43.333417
字旭町,樺戸郡月形町,299-2,141.670955,43.333494
字旭町,樺戸郡月形町,300,141.671162,43.333508
字旭町,樺戸郡月形町,299-1,141.671181,43.33324
字旭町,樺戸郡月形町,1-10,141.671435,43.333283
字旭町,樺戸郡月形町,142,141.671235,43.333659
字旭町,樺戸郡月形町,143,141.671364,43.33371
字スベツ太,樺戸郡月形町,3659W1,141.671515,43.333725
字旭町,樺戸郡月形町,1-8,141.67194,43.333546
字旭町,樺戸郡月形町,1-7,141.671973,43.33294
字旭町,樺戸郡月形町,2-2,141.671322,43.332746
字旭町,樺戸郡月形町,2-1,141.671196,43.332891
字旭町,樺戸郡月形町,2-3,141.671133,43.332966
字旭町,樺戸郡月形町,46-1,141.670978,43.333218
字旭町,樺戸郡月形町,45-1,141.670774,43.333219
字旭町,樺戸郡月形町,3-6,141.670917,43.332865
字旭町,樺戸郡月形町,3-4,141.670847,43.332731
字旭町,樺戸郡月形町,3-7,141.670785,43.332803
字旭町,樺戸郡月形町,3-5,141.670971,43.332585
字旭町,樺戸郡月形町,3-3,141.671054,43.332712
字曙町,樺戸郡月形町,90,141.671426,43.332513
字曙町,樺戸郡月形町,92,141.671143,43.332382
字曙町,樺戸郡月形町,91,141.671288,43.332446
字市南,樺戸郡月形町,2-4,141.67094,43.331798
字市南,樺戸郡月形町,2-5,141.671509,43.332088
字市南,樺戸郡月形町,2-17,141.671399,43.331856
字市南,樺戸郡月形町,2-7,141.671898,43.331954
字夕栄町,樺戸郡月形町,235-17,141.672202,43.33237
字夕栄町,樺戸郡月形町,235-10,141.672113,43.332403
字夕栄町,樺戸郡月形町,235-18,141.672103,43.33233
字市南,樺戸郡月形町,2-6,141.671788,43.33223
字夕栄町,樺戸郡月形町,道-7333,141.671495,43.332316
字曙町,樺戸郡月形町,89,141.671569,43.332578
字夕栄町,樺戸郡月形町,266-1,141.672118,43.33254
字夕栄町,樺戸郡月形町,266-2,141.672054,43.332649
字スベツ太,樺戸郡月形町,1-9,141.672307,43.33276
字スベツ太,樺戸郡月形町,1-8,141.672591,43.332418
字スベツ太,樺戸郡月形町,139-7,141.672786,43.332319
字スベツ太,樺戸郡月形町,2-21,141.67279,43.332232
字夕栄町,樺戸郡月形町,235-6,141.672503,43.332247
字夕栄町,樺戸郡月形町,235-2,141.672362,43.3325
字夕栄町,樺戸郡月形町,235-5,141.6723,43.332307
字夕栄町,樺戸郡月形町,235-19,141.672433,43.332155
字夕栄町,樺戸郡月形町,235-3,141.672472,43.332098
字夕栄町,樺戸郡月形町,長狭物不明-7174,141.672707,43.332095
字夕栄町,樺戸郡月形町,235-7,141.672371,43.332032
字夕栄町,樺戸郡月形町,3658,141.672253,43.331993
字夕栄町,樺戸郡月形町,235-14,141.672711,43.331962
字夕栄町,樺戸郡月形町,235-1,141.672699,43.3318
字夕栄町,樺戸郡月形町,235-8,141.673006,43.33158
字夕栄町,樺戸郡月形町,235-16,141.672796,43.331981
字夕栄町,樺戸郡月形町,235-15,141.672841,43.331992
字夕栄町,樺戸郡月形町,235-4,141.6726,43.331985
字スベツ太,樺戸郡月形町,2-51,141.672792,43.332101
字スベツ太,樺戸郡月形町,2-24,141.672916,43.332182
字スベツ太,樺戸郡月形町,2-46,141.673213,43.332088
字スベツ太,樺戸郡月形町,2-1,141.673288,43.332025
字夕栄町,樺戸郡月形町,235-9,141.673065,43.33165
字スベツ太,樺戸郡月形町,2-20,141.672873,43.332053
字スベツ太,樺戸郡月形町,2-48,141.673708,43.332298
字スベツ太,樺戸郡月形町,2-27,141.673572,43.332372
字スベツ太,樺戸郡月形町,2-26,141.673361,43.33229
字スベツ太,樺戸郡月形町,2-25,141.673115,43.332229
字スベツ太,樺戸郡月形町,139-6,141.673298,43.332573
字スベツ太,樺戸郡月形町,139-5,141.673648,43.332897
字スベツ太,樺戸郡月形町,2-29,141.673724,43.333107
字スベツ太,樺戸郡月形町,1-10,141.672791,43.333247
字スベツ太,樺戸郡月形町,1-7,141.672448,43.33419
字スベツ太,樺戸郡月形町,1-3,141.673057,43.333847
字スベツ太,樺戸郡月形町,2-17,141.673823,43.333515
字スベツ太,樺戸郡月形町,2-18,141.674194,43.333345
字スベツ太,樺戸郡月形町,2-22,141.674158,43.332999
字スベツ太,樺戸郡月形町,2-36,141.67455,43.33313
字スベツ太,樺戸郡月形町,2-37,141.67466,43.332861
字スベツ太,樺戸郡月形町,2-30,141.675032,43.332725
字スベツ太,樺戸郡月形町,1-12,141.674932,43.333478
字スベツ太,樺戸郡月形町,2-35,141.6745,43.333334
字スベツ太,樺戸郡月形町,2-39,141.676099,43.331864
字スベツ太,樺戸郡月形町,2-42,141.675476,43.332081
字市南,樺戸郡月形町,4-2,141.674794,43.331873
字スベツ太,樺戸郡月形町,2-45,141.673877,43.332193
字スベツ太,樺戸郡月形町,2-23,141.674286,43.332578
字スベツ太,樺戸郡月形町,2-28,141.673757,43.332474
字スベツ太,樺戸郡月形町,2-49,141.67385,43.332361
字スベツ太,樺戸郡月形町,2-44,141.675036,43.332264
字スベツ太,樺戸郡月形町,2-47,141.673721,43.332219
字スベツ太,樺戸郡月形町,2-15,141.673492,43.331854
字市南,樺戸郡月形町,4-19,141.673865,43.331332
字市南,樺戸郡月形町,4-13,141.673993,43.331153
字市南,樺戸郡月形町,4-4,141.674216,43.330922
字市南,樺戸郡月形町,4-12,141.675035,43.331067
字市南,樺戸郡月形町,4-14,141.675285,43.33083
字市南,樺戸郡月形町,4-3,141.675158,43.331568
字スベツ太,樺戸郡月形町,2-43,141.676663,43.331417
字市南,樺戸郡月形町,4-5,141.675793,43.331144
字市南,樺戸郡月形町,4-15,141.67538,43.33016
字市南,樺戸郡月形町,4-9,141.676141,43.330495
字市南,樺戸郡月形町,4-18,141.676355,43.330286
字市南,樺戸郡月形町,5-2,141.676327,43.329995
字市南,樺戸郡月形町,4-8,141.675582,43.330077
字市南,樺戸郡月形町,4-7,141.675315,43.329954
字市南,樺戸郡月形町,12,141.673949,43.330005
字市南,樺戸郡月形町,4-6,141.67464,43.330276
字市南,樺戸郡月形町,4-17,141.674397,43.329615
字市南,樺戸郡月形町,3-2,141.673719,43.329881
字市南,樺戸郡月形町,3-7,141.672477,43.329714
字市南,樺戸郡月形町,3-1,141.672435,43.330152
字市南,樺戸郡月形町,3-5,141.672264,43.330361
字市南,樺戸郡月形町,3-4,141.67224,43.330393
字市南,樺戸郡月形町,3-6,141.673445,43.329871
字市南,樺戸郡月形町,4-16,141.673195,43.331027
字市南,樺戸郡月形町,4-1,141.673133,43.331406
字市南,樺戸郡月形町,2-9,141.672709,43.331218
字市南,樺戸郡月形町,2-10,141.672949,43.330937
字市南,樺戸郡月形町,2-11,141.671835,43.330859
字市南,樺戸郡月形町,2-8,141.672371,43.331463
字市南,樺戸郡月形町,2-18,141.671608,43.33145
字市南,樺戸郡月形町,2-12,141.670895,43.330516
字農事会,樺戸郡月形町,2-12,141.671327,43.329639
字農事会,樺戸郡月形町,2-6,141.671029,43.32903
字農事会,樺戸郡月形町,2-11,141.670758,43.328399
字農事会,樺戸郡月形町,2-7,141.672035,43.327841
字農事会,樺戸郡月形町,2-14,141.671676,43.328266
字農事会,樺戸郡月形町,2-8,141.672262,43.327573
字市南,樺戸郡月形町,6-6,141.673085,43.328538
字市南,樺戸郡月形町,6-4,141.673488,43.328889
字市南,樺戸郡月形町,3-3,141.67306,43.329264
字市南,樺戸郡月形町,5-1,141.675384,43.329548
字市南,樺戸郡月形町,5-25,141.675584,43.32932
字市南,樺戸郡月形町,5-9,141.675976,43.328862
字市南,樺戸郡月形町,5-10,141.676465,43.32829
字市南,樺戸郡月形町,6-2,141.674549,43.327659
字市南,樺戸郡月形町,6-1,141.674173,43.328637
字農事会,樺戸郡月形町,3-13,141.673865,43.326628
字市南,樺戸郡月形町,6-3,141.675292,43.326789
字市南,樺戸郡月形町,7-9,141.675816,43.326177
字市南,樺戸郡月形町,6-5,141.675706,43.326314
字市南,樺戸郡月形町,7-1,141.676114,43.325836
字農事会,樺戸郡月形町,道-7301,141.669093,43.328825
字農事会,樺戸郡月形町,3-6,141.672418,43.325484
字農事会,樺戸郡月形町,3-12,141.672699,43.3261
字農事会,樺戸郡月形町,3-5,141.67358,43.326011
字農事会,樺戸郡月形町,3-3,141.672535,43.327249
字農事会,樺戸郡月形町,3-4,141.672826,43.326905
字農事会,樺戸郡月形町,3-2,141.671478,43.326596
字農事会,樺戸郡月形町,2-5,141.670813,43.327382
字農事会,樺戸郡月形町,2-13,141.671247,43.326886
字農事会,樺戸郡月形町,3-16,141.671867,43.326137
字農事会,樺戸郡月形町,3-10,141.671535,43.325571
字農事会,樺戸郡月形町,3-11,141.67151,43.325539
字農事会,樺戸郡月形町,3-1,141.670459,43.325852
字農事会,樺戸郡月形町,3-15,141.670155,43.326212
字農事会,樺戸郡月形町,4-5,141.668401,43.325417
字農事会,樺戸郡月形町,4-14,141.668495,43.325647
字農事会,樺戸郡月形町,1-7,141.668266,43.326211
字農事会,樺戸郡月形町,2-3,141.669269,43.327262
字農事会,樺戸郡月形町,2-10,141.669763,43.32767
字農事会,樺戸郡月形町,2-9,141.669739,43.327638
字農事会,樺戸郡月形町,2-4,141.66994,43.328416
字市南,樺戸郡月形町,1-14,141.669623,43.329279
字市南,樺戸郡月形町,1-5,141.668948,43.32949
字農事会,樺戸郡月形町,2-1,141.668104,43.328153
字農事会,樺戸郡月形町,2-2,141.668662,43.328414
字農事会,樺戸郡月形町,1-5,141.667272,43.327614
字市南,樺戸郡月形町,1-9,141.667754,43.328609
字市南,樺戸郡月形町,1-10,141.667174,43.32878
字市南,樺戸郡月形町,1-6,141.667601,43.329477
字市南,樺戸郡月形町,1-7,141.667687,43.328996
字市南,樺戸郡月形町,1-8,141.667229,43.329071
字知来乙,樺戸郡月形町,3653,141.66639,43.329655
,樺戸郡月形町,228-4,141.666889,43.329441
,樺戸郡月形町,228-3,141.666989,43.329564
字曙町,樺戸郡月形町,1414-2W1,141.666686,43.329472
字曙町,樺戸郡月形町,1414-3,141.666769,43.329383
字曙町,樺戸郡月形町,1414-6,141.666755,43.329301
字知来乙,樺戸郡月形町,264-14,141.666582,43.329316
字曙町,樺戸郡月形町,1414-5,141.666639,43.329454
字知来乙,樺戸郡月形町,264-1,141.665902,43.328899
字農事会,樺戸郡月形町,道-7302,141.665517,43.327234
字農事会,樺戸郡月形町,1-2,141.666327,43.326415
字農事会,樺戸郡月形町,1-16,141.66635,43.327406
字農事会,樺戸郡月形町,1-3,141.666518,43.327461
字農事会,樺戸郡月形町,1-17,141.666603,43.327203
字農事会,樺戸郡月形町,1-4,141.666832,43.327126
字農事会,樺戸郡月形町,1-13,141.666711,43.327503
字農事会,樺戸郡月形町,1-18,141.667406,43.327222
字農事会,樺戸郡月形町,1-6,141.667683,43.326899
字農事会,樺戸郡月形町,1-14,141.666286,43.327359
字農事会,樺戸郡月形町,1-12,141.667853,43.325595
字農事会,樺戸郡月形町,1-8,141.667107,43.325484
字農事会,樺戸郡月形町,1-11,141.665876,43.325923
字農事会,樺戸郡月形町,1-1,141.665257,43.325642
字南耕地,樺戸郡月形町,3625-6,141.664777,43.325098
字農事会,樺戸郡月形町,1-15,141.667441,43.325202
字農事会,樺戸郡月形町,4-1,141.666428,43.324262
字農事会,樺戸郡月形町,4-13,141.667633,43.32385
字農事会,樺戸郡月形町,4-2,141.667134,43.323426
字南耕地,樺戸郡月形町,3625-3,141.665214,43.323868
字南耕地,樺戸郡月形町,3626-13,141.666217,43.323392
字南耕地,樺戸郡月形町,3626-23,141.665861,43.32327
字南耕地,樺戸郡月形町,3626-15,141.665351,43.322503
字南耕地,樺戸郡月形町,3626-16,141.665416,43.3225
字南耕地,樺戸郡月形町,3626-1,141.664676,43.322734
字南耕地,樺戸郡月形町,3626-19,141.666121,43.32169
字南耕地,樺戸郡月形町,3626-2,141.665762,43.322112
字南耕地,樺戸郡月形町,3626-18,141.667094,43.322166
字農事会,樺戸郡月形町,4-3,141.667729,43.322725
字農事会,樺戸郡月形町,4-11,141.666399,43.323252
字農事会,樺戸郡月形町,4-12,141.665649,43.32419
字農事会,樺戸郡月形町,4-17,141.669042,43.323015
字農事会,樺戸郡月形町,5-1,141.66833,43.322014
字農事会,樺戸郡月形町,5-15,141.669437,43.321718
字農事会,樺戸郡月形町,5-9,141.670333,43.321538
字農事会,樺戸郡月形町,5-16,141.670642,43.322309
字農事会,樺戸郡月形町,5-17,141.670283,43.322786
字農事会,樺戸郡月形町,5-4,141.669797,43.322306
字農事会,樺戸郡月形町,5-3,141.669371,43.322811
字農事会,樺戸郡月形町,5-5,141.670668,43.323369
字農事会,樺戸郡月形町,4-9,141.669978,43.323965
字農事会,樺戸郡月形町,4-7,141.668653,43.32366
字農事会,樺戸郡月形町,4-16,141.668905,43.324415
字農事会,樺戸郡月形町,4-15,141.669516,43.323632
字農事会,樺戸郡月形町,4-4,141.66778,43.324694
字農事会,樺戸郡月形町,4-6,141.669242,43.325217
字農事会,樺戸郡月形町,4-18,141.669556,43.324548
字農事会,樺戸郡月形町,4-8,141.670319,43.324474
字農事会,樺戸郡月形町,3-7,141.671139,43.325047
字農事会,樺戸郡月形町,4-10,141.670744,43.323964
字農事会,樺戸郡月形町,9,141.671413,43.323644
字農事会,樺戸郡月形町,6-2,141.671909,43.323785
字農事会,樺戸郡月形町,6-1,141.671722,43.324014
字農事会,樺戸郡月形町,3-8,141.672082,43.324546
字農事会,樺戸郡月形町,6-3,141.672443,43.324074
字農事会,樺戸郡月形町,6-16,141.672995,43.323463
字農事会,樺戸郡月形町,6-12,141.673299,43.323418
字農事会,樺戸郡月形町,6-11,141.67266,43.324236
字農事会,樺戸郡月形町,6-7,141.673409,43.324308
字農事会,樺戸郡月形町,3-14,141.67301,43.324784
字農事会,樺戸郡月形町,3-9,141.672898,43.324913
字農事会,樺戸郡月形町,6-8,141.674481,43.324942
字市南,樺戸郡月形町,7-3,141.67598,43.324655
字農事会,樺戸郡月形町,6-14,141.67565,43.324512
字市南,樺戸郡月形町,7-8,141.676605,43.323751
字農事会,樺戸郡月形町,6-10,141.67567,43.323533
字農事会,樺戸郡月形町,6-9,141.675063,43.324253
字農事会,樺戸郡月形町,6-13,141.674507,43.323954
字農事会,樺戸郡月形町,6-17,141.674197,43.323373
字農事会,樺戸郡月形町,6-18,141.674711,43.322764
字農事会,樺戸郡月形町,6-15,141.674844,43.322617
字農事会,樺戸郡月形町,7-5,141.676553,43.322483
字農事会,樺戸郡月形町,7-4,141.675292,43.322074
字農事会,樺戸郡月形町,7-9,141.676165,43.321987
字農事会,樺戸郡月形町,7-13,141.675837,43.321423
字農事会,樺戸郡月形町,7-8,141.674777,43.321667
字農事会,樺戸郡月形町,7-7,141.674623,43.32191
字農事会,樺戸郡月形町,7-3,141.674098,43.321538
字農事会,樺戸郡月形町,8-21,141.672465,43.321344
字農事会,樺戸郡月形町,8-5,141.672792,43.32142
字農事会,樺戸郡月形町,6-6,141.673238,43.322556
字農事会,樺戸郡月形町,6-4,141.672185,43.32307
字農事会,樺戸郡月形町,6-5,141.67259,43.323029
字農事会,樺戸郡月形町,5-7,141.671552,43.322805
字農事会,樺戸郡月形町,5-6,141.671749,43.322892
字農事会,樺戸郡月形町,5-8,141.670991,43.322656
字農事会,樺戸郡月形町,5-12,141.67185,43.321973
字農事会,樺戸郡月形町,10,141.670995,43.320893
字農事会,樺戸郡月形町,5-11,141.671312,43.321165
字農事会,樺戸郡月形町,5-10,141.671007,43.321147
字農事会,樺戸郡月形町,8-4,141.671553,43.320564
字農事会,樺戸郡月形町,8-3,141.671055,43.320729
字農事会,樺戸郡月形町,8-2,141.670732,43.320583
字農事会,樺戸郡月形町,8-18,141.671357,43.31945
字農事会,樺戸郡月形町,8-9,141.671883,43.319844
字農事会,樺戸郡月形町,8-19,141.672567,43.32003
字農事会,樺戸郡月形町,8-20,141.672632,43.320014
字農事会,樺戸郡月形町,8-8,141.673388,43.319985
字農事会,樺戸郡月形町,8-25,141.672955,43.32067
字農事会,樺戸郡月形町,8-6,141.672282,43.321023
字農事会,樺戸郡月形町,7-1,141.674419,43.320772
字農事会,樺戸郡月形町,8-7,141.673767,43.320541
字農事会,樺戸郡月形町,7-2,141.674801,43.320502
字農事会,樺戸郡月形町,7-11,141.676887,43.32169
字農事会,樺戸郡月形町,7-12,141.675407,43.320992
字農事会,樺戸郡月形町,7-14,141.67609,43.320432
字農事会,樺戸郡月形町,7-6,141.675503,43.319822
字南耕地,樺戸郡月形町,長狭物不明-171,141.676621,43.319388
字農事会,樺戸郡月形町,8-14,141.674784,43.319216
字農事会,樺戸郡月形町,8-26,141.674033,43.319394
字南耕地,樺戸郡月形町,1351-2,141.675027,43.318565
字農事会,樺戸郡月形町,8-15,141.674951,43.319003
字南耕地,樺戸郡月形町,1379-3V4,141.676077,43.319126
字南耕地,樺戸郡月形町,1098-2,141.676401,43.31873
字南耕地,樺戸郡月形町,道-320,141.675564,43.318696
字南耕地,樺戸郡月形町,1088,141.675411,43.318009
字農事会,樺戸郡月形町,8-24,141.672621,43.317961
字農事会,樺戸郡月形町,8-23,141.672338,43.31826
字農事会,樺戸郡月形町,8-13,141.673052,43.318194
字農事会,樺戸郡月形町,8-10,141.672559,43.319046
字農事会,樺戸郡月形町,8-22,141.672962,43.318578
字農事会,樺戸郡月形町,8-11,141.671025,43.31883
字農事会,樺戸郡月形町,8-12,141.672029,43.317647
字知来乙,樺戸郡月形町,1441-6,141.670289,43.317772
字南耕地,樺戸郡月形町,3627-11,141.66716,43.317826
字南耕地,樺戸郡月形町,3627-12,141.668363,43.31883
字南耕地,樺戸郡月形町,3627-13,141.669911,43.318912
字南耕地,樺戸郡月形町,3627-7,141.669372,43.318528
字南耕地,樺戸郡月形町,3627-15,141.670299,43.318578
字南耕地,樺戸郡月形町,3627-14,141.670267,43.318544
字農事会,樺戸郡月形町,8-16,141.670106,43.318875
字農事会,樺戸郡月形町,8-17,141.670069,43.318968
字農事会,樺戸郡月形町,8-1,141.670066,43.319963
字農事会,樺戸郡月形町,5-2,141.669228,43.320953
字農事会,樺戸郡月形町,5-14,141.668215,43.321159
字農事会,樺戸郡月形町,5-13,141.668188,43.321141
字南耕地,樺戸郡月形町,3626-21,141.668154,43.321112
字南耕地,樺戸郡月形町,3627-6,141.668754,43.319626
字南耕地,樺戸郡月形町,3627-16,141.668896,43.319239
字南耕地,樺戸郡月形町,3627-4,141.66655,43.319297
字南耕地,樺戸郡月形町,3631,141.666746,43.31952
字南耕地,樺戸郡月形町,3626-12,141.667806,43.320495
字南耕地,樺戸郡月形町,3626-20,141.664485,43.31978
字南耕地,樺戸郡月形町,3626-22,141.666525,43.320763
字南耕地,樺戸郡月形町,3626-8,141.666693,43.321384
字南耕地,樺戸郡月形町,3626-7,141.664905,43.320985
字南耕地,樺戸郡月形町,3627-17,141.665023,43.318976
字南耕地,樺戸郡月形町,3627-8,141.665142,43.319069
字南耕地,樺戸郡月形町,3627-3,141.665637,43.318188
字南耕地,樺戸郡月形町,3627-5,141.667496,43.318762
字南耕地,樺戸郡月形町,3627-9,141.66645,43.318629
字南耕地,樺戸郡月形町,3627-10,141.666516,43.318569
字南耕地,樺戸郡月形町,1382-15,141.666721,43.317681
字南耕地,樺戸郡月形町,1384-12,141.665691,43.317301
字南耕地,樺戸郡月形町,3627-18,141.664664,43.317046
字南耕地,樺戸郡月形町,1362-9,141.664414,43.317223
字南耕地,樺戸郡月形町,1384-11,141.664543,43.317561
字南耕地,樺戸郡月形町,3627-20,141.664598,43.317383
字南耕地,樺戸郡月形町,1362-20,141.664309,43.317655
字南耕地,樺戸郡月形町,1362-17,141.664233,43.318382
字南耕地,樺戸郡月形町,1362-11,141.664384,43.317543
字南耕地,樺戸郡月形町,1362-4,141.664115,43.318149
字南耕地,樺戸郡月形町,1384-7,141.664512,43.317806
字南耕地,樺戸郡月形町,1384-10,141.664424,43.318476
字南耕地,樺戸郡月形町,1362-19,141.664211,43.318583
字南耕地,樺戸郡月形町,1384-9,141.664399,43.318666
字南耕地,樺戸郡月形町,3627-1,141.664573,43.318649
字南耕地,樺戸郡月形町,3627-2,141.664773,43.318922
字南耕地,樺戸郡月形町,道-7323,141.66435,43.319045
字南耕地,樺戸郡月形町,1362-18,141.664188,43.318797
字南耕地,樺戸郡月形町,1384-8,141.66436,43.318955
字南耕地,樺戸郡月形町,1362-13,141.664246,43.318658
字南耕地,樺戸郡月形町,1362-5,141.663933,43.318782
字南耕地,樺戸郡月形町,道-7325,141.664082,43.319017
字南耕地,樺戸郡月形町,1362-16,141.664106,43.318521
字南耕地,樺戸郡月形町,1362-15,141.66319,43.318408
字南耕地,樺戸郡月形町,道-7324,141.662754,43.318891
字南耕地,樺戸郡月形町,1362-2,141.66222,43.318433
字南耕地,樺戸郡月形町,1362-1,141.663218,43.317184
字南耕地,樺戸郡月形町,3624-31,141.661841,43.31844
字南耕地,樺戸郡月形町,3624-28,141.660352,43.318114
字南耕地,樺戸郡月形町,3624-16,141.660052,43.317317
字南耕地,樺戸郡月形町,3624-15,141.660355,43.317112
字南耕地,樺戸郡月形町,3624-27,141.660493,43.317066
字南耕地,樺戸郡月形町,3624-30,141.659641,43.317552
字南耕地,樺戸郡月形町,1364-5,141.659711,43.31727
字南耕地,樺戸郡月形町,長狭物不明-7168,141.658188,43.318351
字南耕地,樺戸郡月形町,1364-4,141.65954,43.317615
字南耕地,樺戸郡月形町,3624-12,141.659787,43.318117
字南耕地,樺戸郡月形町,3624-33,141.6598,43.317701
字南耕地,樺戸郡月形町,3624-26,141.659118,43.31861
字南耕地,樺戸郡月形町,3624-11,141.659579,43.318478
字南耕地,樺戸郡月形町,1364-1,141.659198,43.318207
字南耕地,樺戸郡月形町,3624-13,141.661123,43.318184
字南耕地,樺戸郡月形町,3624-7,141.661151,43.31956
字南耕地,樺戸郡月形町,3624-20,141.660644,43.318825
字南耕地,樺戸郡月形町,3624-21,141.661712,43.319592
字南耕地,樺戸郡月形町,3624-22,141.661737,43.319755
字南耕地,樺戸郡月形町,3624-3,141.659756,43.319459
字南耕地,樺戸郡月形町,3630,141.658824,43.320004
字南耕地,樺戸郡月形町,3624-32,141.660089,43.320444
字南耕地,樺戸郡月形町,3624-1,141.659393,43.320402
字南耕地,樺戸郡月形町,3624-2,141.658964,43.320378
字南耕地,樺戸郡月形町,3621-18,141.659379,43.3208
字南耕地,樺戸郡月形町,3621-33,141.659285,43.321096
字南耕地,樺戸郡月形町,3621-17,141.659461,43.321037
字南耕地,樺戸郡月形町,3621-15,141.659843,43.321299
字南耕地,樺戸郡月形町,3621-32,141.659684,43.321099
字南耕地,樺戸郡月形町,3624-4,141.660759,43.320489
字南耕地,樺戸郡月形町,3624-5,141.661314,43.32051
字南耕地,樺戸郡月形町,3624-6,141.661869,43.320542
字南耕地,樺戸郡月形町,3624-8,141.662321,43.319791
字南耕地,樺戸郡月形町,3624-23,141.662873,43.319785
字南耕地,樺戸郡月形町,3624-24,141.664083,43.319443
字南耕地,樺戸郡月形町,3624-10,141.663452,43.319861
字南耕地,樺戸郡月形町,1361-9,141.664281,43.319572
字南耕地,樺戸郡月形町,1361-8,141.664322,43.319257
字南耕地,樺戸郡月形町,3626-11,141.66474,43.319216
字南耕地,樺戸郡月形町,3626-9,141.664514,43.319397
字南耕地,樺戸郡月形町,3626-10,141.664379,43.319724
字南耕地,樺戸郡月形町,3624-34,141.664159,43.319265
字南耕地,樺戸郡月形町,3624-25,141.663972,43.320689
字南耕地,樺戸郡月形町,1361-7,141.664257,43.319771
字南耕地,樺戸郡月形町,水-7151,141.664146,43.32064
字南耕地,樺戸郡月形町,1360-12,141.664154,43.320718
字南耕地,樺戸郡月形町,1361-6,141.664178,43.320424
字南耕地,樺戸郡月形町,3624-9,141.663686,43.320639
字南耕地,樺戸郡月形町,1359-8,141.664111,43.321037
字南耕地,樺戸郡月形町,道-7326,141.664138,43.320877
字南耕地,樺戸郡月形町,1360-11,141.66413,43.320796
字南耕地,樺戸郡月形町,3626-6,141.664381,43.320784
字南耕地,樺戸郡月形町,3626-14,141.664745,43.319422
字南耕地,樺戸郡月形町,3626-5,141.664304,43.321106
字南耕地,樺戸郡月形町,3626-4,141.664296,43.321535
字南耕地,樺戸郡月形町,1359-6,141.66414,43.321277
字南耕地,樺戸郡月形町,1359-7,141.664077,43.321387
字南耕地,樺戸郡月形町,3651,141.664427,43.317894
字南耕地,樺戸郡月形町,3626-17,141.664683,43.321579
字南耕地,樺戸郡月形町,3626-3,141.664198,43.321869
字南耕地,樺戸郡月形町,1359-5,141.664026,43.32192
字南耕地,樺戸郡月形町,3621-40,141.663812,43.32238
字南耕地,樺戸郡月形町,3621-43,141.663841,43.322093
字南耕地,樺戸郡月形町,3621-44,141.663843,43.322061
字南耕地,樺戸郡月形町,3621-8,141.663618,43.322257
字南耕地,樺戸郡月形町,3621-31,141.66359,43.322047
字南耕地,樺戸郡月形町,3621-46,141.663864,43.321845
字南耕地,樺戸郡月形町,3621-10,141.662973,43.321462
字南耕地,樺戸郡月形町,3621-9,141.663276,43.322239
字南耕地,樺戸郡月形町,3621-6,141.662073,43.322662
字南耕地,樺戸郡月形町,1089-7,141.663937,43.322831
字南耕地,樺戸郡月形町,3621-45,141.663785,43.322664
字南耕地,樺戸郡月形町,3621-7,141.663356,43.32291
字南耕地,樺戸郡月形町,3621-41,141.663804,43.322475
字南耕地,樺戸郡月形町,3621-42,141.663806,43.322443
字南耕地,樺戸郡月形町,3620-40,141.663638,43.324333
字南耕地,樺戸郡月形町,3620-50,141.663705,43.3234
字南耕地,樺戸郡月形町,1089-8,141.663848,43.323755
字南耕地,樺戸郡月形町,3620-55,141.663646,43.323951
字南耕地,樺戸郡月形町,1089-6,141.663788,43.324381
字南耕地,樺戸郡月形町,3625-2,141.664713,43.324453
字農事会,樺戸郡月形町,1-10,141.664629,43.325394
字農事会,樺戸郡月形町,1-9,141.664639,43.325331
字南耕地,樺戸郡月形町,3620-54,141.663531,43.32505
字南耕地,樺戸郡月形町,3625-5,141.663871,43.324649
字南耕地,樺戸郡月形町,3625-4,141.663834,43.324682
字南耕地,樺戸郡月形町,3620-49,141.663604,43.324485
字南耕地,樺戸郡月形町,3620-48,141.663586,43.324515
字南耕地,樺戸郡月形町,3620-11,141.663178,43.325028
字南耕地,樺戸郡月形町,3620-12,141.662422,43.324987
字南耕地,樺戸郡月形町,3620-32,141.662539,43.32388
字南耕地,樺戸郡月形町,3620-38,141.660284,43.324337
字南耕地,樺戸郡月形町,3620-13,141.659986,43.324857
字南耕地,樺戸郡月形町,3620-37,141.662479,43.325538
字南耕地,樺戸郡月形町,3620-39,141.659636,43.324271
字南耕地,樺戸郡月形町,3620-31,141.659788,43.323732
字南耕地,樺戸郡月形町,3620-41,141.658708,43.323131
字南耕地,樺戸郡月形町,3621-5,141.660443,43.322538
字南耕地,樺戸郡月形町,3621-29,141.662084,43.322022
字南耕地,樺戸郡月形町,3621-11,141.661077,43.321362
字南耕地,樺戸郡月形町,3621-30,141.662482,43.322009
字南耕地,樺戸郡月形町,3621-14,141.659847,43.321687
字南耕地,樺戸郡月形町,3621-12,141.659406,43.321911
字南耕地,樺戸郡月形町,3621-19,141.658919,43.321727
字南耕地,樺戸郡月形町,3621-13,141.659318,43.321637
字南耕地,樺戸郡月形町,3621-16,141.659463,43.321341
字南耕地,樺戸郡月形町,3621-39,141.658551,43.321317
字南耕地,樺戸郡月形町,3621-20,141.658359,43.32169
字南耕地,樺戸郡月形町,3621-22,141.657659,43.321749
字南耕地,樺戸郡月形町,3622-11,141.655537,43.322424
字南耕地,樺戸郡月形町,3621-23,141.657272,43.321999
字南耕地,樺戸郡月形町,3621-24,141.656599,43.322019
字南耕地,樺戸郡月形町,3621-25,141.656933,43.321838
字南耕地,樺戸郡月形町,3621-28,141.657064,43.322389
字南耕地,樺戸郡月形町,3621-2,141.656806,43.322753
字南耕地,樺戸郡月形町,3621-3,141.656703,43.322387
字南耕地,樺戸郡月形町,3622-1,141.655972,43.322757
字南耕地,樺戸郡月形町,3621-1,141.656444,43.322814
字南耕地,樺戸郡月形町,3622-12,141.655994,43.323124
字南耕地,樺戸郡月形町,3620-29,141.656537,43.323123
字南耕地,樺戸郡月形町,3620-28,141.656898,43.323142
字南耕地,樺戸郡月形町,3621-27,141.656809,43.323003
字南耕地,樺戸郡月形町,3621-4,141.658468,43.322676
字南耕地,樺戸郡月形町,3620-30,141.657575,43.323614
字南耕地,樺戸郡月形町,3620-14,141.65744,43.324719
字南耕地,樺戸郡月形町,3620-24,141.656769,43.32442
字南耕地,樺戸郡月形町,3620-19,141.656738,43.324975
字南耕地,樺戸郡月形町,3620-18,141.656363,43.325067
字南耕地,樺戸郡月形町,3620-15,141.656335,43.325359
字南耕地,樺戸郡月形町,3628,141.655889,43.32661
字南耕地,樺戸郡月形町,3620-20,141.656388,43.324816
字南耕地,樺戸郡月形町,3620-21,141.656191,43.324621
字南耕地,樺戸郡月形町,3620-22,141.656384,43.324393
字南耕地,樺戸郡月形町,3620-23,141.656406,43.324163
字南耕地,樺戸郡月形町,3620-26,141.656724,43.323797
字南耕地,樺戸郡月形町,3620-27,141.656629,43.323346
字南耕地,樺戸郡月形町,3620-25,141.656309,43.323957
字南耕地,樺戸郡月形町,1464-1,141.65567,43.323544
字南耕地,樺戸郡月形町,1460-2,141.654528,43.324176
字南耕地,樺戸郡月形町,1460-3,141.655226,43.323948
字南耕地,樺戸郡月形町,1462-3,141.655251,43.323827
字南耕地,樺戸郡月形町,1462-1,141.655625,43.324096
字南耕地,樺戸郡月形町,1461-1,141.65581,43.324561
字南耕地,樺戸郡月形町,1453-1,141.65426,43.325423
字南耕地,樺戸郡月形町,1450-1,141.654567,43.32468
字南耕地,樺戸郡月形町,1459,141.653422,43.324561
字南耕地,樺戸郡月形町,1455-1,141.65342,43.324595
字南耕地,樺戸郡月形町,1463-1,141.653417,43.323676
字南耕地,樺戸郡月形町,1469,141.653793,43.322852
字南耕地,樺戸郡月形町,3622-8,141.653553,43.322811
字南耕地,樺戸郡月形町,1468-1,141.654821,43.32289
字南耕地,樺戸郡月形町,1465-1,141.65349,43.323282
字南耕地,樺戸郡月形町,1466,141.655272,43.32309
字南耕地,樺戸郡月形町,1467,141.655684,43.32311
字南耕地,樺戸郡月形町,3622-2,141.655645,43.322596
字南耕地,樺戸郡月形町,3622-3,141.65518,43.322433
字南耕地,樺戸郡月形町,3622-4,141.655617,43.32134
字南耕地,樺戸郡月形町,3622-10,141.654916,43.321678
字南耕地,樺戸郡月形町,3622-9,141.654873,43.321698
字南耕地,樺戸郡月形町,3622-5,141.654224,43.321756
字南耕地,樺戸郡月形町,3622-7,141.653544,43.322175
字南耕地,樺戸郡月形町,3622-13,141.653819,43.320543
字南耕地,樺戸郡月形町,1487-2,141.653937,43.320281
字南耕地,樺戸郡月形町,1485-2,141.653096,43.320235
字南耕地,樺戸郡月形町,1480,141.653408,43.320269
字南耕地,樺戸郡月形町,3657,141.653431,43.320315
字南耕地,樺戸郡月形町,1486,141.653996,43.31922
字南耕地,樺戸郡月形町,1487-1,141.654061,43.319205
字南耕地,樺戸郡月形町,1488-1,141.65485,43.318869
字南耕地,樺戸郡月形町,1489,141.655516,43.319231
字南耕地,樺戸郡月形町,3623-9,141.655655,43.318561
字南耕地,樺戸郡月形町,1491,141.655123,43.319943
字南耕地,樺戸郡月形町,1490-3,141.655323,43.320191
字南耕地,樺戸郡月形町,3623-2,141.655702,43.320003
字南耕地,樺戸郡月形町,3623-1,141.655959,43.320218
字南耕地,樺戸郡月形町,1490-2,141.655306,43.32035
字南耕地,樺戸郡月形町,1490-1,141.655081,43.320246
字南耕地,樺戸郡月形町,1488-2,141.65465,43.320317
字南耕地,樺戸郡月形町,3622-6,141.654212,43.320563
字南耕地,樺戸郡月形町,3621-38,141.656528,43.321025
字南耕地,樺戸郡月形町,3623-3,141.656669,43.320267
字南耕地,樺戸郡月形町,3623-12,141.657201,43.320297
字南耕地,樺戸郡月形町,3621-26,141.657113,43.321163
字南耕地,樺戸郡月形町,3621-36,141.657876,43.321026
字南耕地,樺戸郡月形町,3621-35,141.657909,43.321098
字南耕地,樺戸郡月形町,3621-34,141.659195,43.321426
字南耕地,樺戸郡月形町,3621-21,141.658589,43.320941
字南耕地,樺戸郡月形町,3629,141.656425,43.320482
字南耕地,樺戸郡月形町,3623-6,141.658475,43.320361
字南耕地,樺戸郡月形町,3621-37,141.657997,43.320658
字南耕地,樺戸郡月形町,3623-7,141.658229,43.320064
字南耕地,樺戸郡月形町,3623-11,141.658805,43.319368
字南耕地,樺戸郡月形町,3623-5,141.65797,43.319343
字南耕地,樺戸郡月形町,3623-13,141.657301,43.319281
字南耕地,樺戸郡月形町,3623-10,141.655704,43.31854
字南耕地,樺戸郡月形町,3623-4,141.656522,43.319145
字南耕地,樺戸郡月形町,3623-14,141.657161,43.318414
字南耕地,樺戸郡月形町,3623-8,141.657776,43.318632
字南耕地,樺戸郡月形町,1364-2,141.658002,43.318012
字南耕地,樺戸郡月形町,1364-6,141.657994,43.317424
字南耕地,樺戸郡月形町,道-7322,141.657394,43.317876
字南耕地,樺戸郡月形町,道-7321,141.655061,43.318184
字南耕地,樺戸郡月形町,1485-1,141.653376,43.319378
字南耕地,樺戸郡月形町,長狭物不明-7167,141.654167,43.317974
字知来乙,樺戸郡月形町,826-22,141.65087,43.317595
字知来乙,樺戸郡月形町,826-41,141.650751,43.317579
字知来乙,樺戸郡月形町,826-32,141.650796,43.317614
字知来乙,樺戸郡月形町,826-12,141.65032,43.317208
字知来乙,樺戸郡月形町,826-11,141.649875,43.317337
字知来乙,樺戸郡月形町,826-44,141.650452,43.317436
字知来乙,樺戸郡月形町,826-42,141.650252,43.317437
字知来乙,樺戸郡月形町,826-30,141.65007,43.317508
字知来乙,樺戸郡月形町,826-46,141.650324,43.317508
字知来乙,樺戸郡月形町,826-45,141.650611,43.317432
字知来乙,樺戸郡月形町,826-40,141.650555,43.317562
字知来乙,樺戸郡月形町,826-31W1,141.650666,43.317727
字知来乙,樺戸郡月形町,826-38,141.649939,43.317917
字知来乙,樺戸郡月形町,826-5,141.650244,43.318075
字知来乙,樺戸郡月形町,826-6,141.650505,43.318035
字知来乙,樺戸郡月形町,826-7,141.650623,43.318163
字知来乙,樺戸郡月形町,826-35,141.650815,43.317941
字知来乙,樺戸郡月形町,826-24,141.650847,43.317636
字知来乙,樺戸郡月形町,826-34,141.650765,43.317707
字知来乙,樺戸郡月形町,826-23,141.650794,43.317749
字知来乙,樺戸郡月形町,826-33,141.650863,43.317681
字南耕地,樺戸郡月形町,1435,141.651193,43.318432
字南耕地,樺戸郡月形町,1478,141.651568,43.319044
字南耕地,樺戸郡月形町,1477,141.651528,43.319043
字南耕地,樺戸郡月形町,1479,141.651572,43.31943
字南耕地,樺戸郡月形町,1482-3,141.652299,43.318424
字南耕地,樺戸郡月形町,1481,141.652859,43.318891
字南耕地,樺戸郡月形町,1482-1,141.652198,43.31928
字南耕地,樺戸郡月形町,1482-4,141.651798,43.319927
字南耕地,樺戸郡月形町,1482-2,141.651497,43.320148
字南耕地,樺戸郡月形町,1483-2,141.652228,43.320186
字南耕地,樺戸郡月形町,1483-1,141.652396,43.320023
字南耕地,樺戸郡月形町,1484-1,141.652882,43.320042
字南耕地,樺戸郡月形町,1484-2,141.652777,43.320217
字南耕地,樺戸郡月形町,1476-2,141.653096,43.320349
字南耕地,樺戸郡月形町,1476-1,141.65174,43.320448
字南耕地,樺戸郡月形町,1475-1,141.651823,43.320874
字南耕地,樺戸郡月形町,1430-4,141.651264,43.320642
字南耕地,樺戸郡月形町,1474,141.651349,43.321162
字南耕地,樺戸郡月形町,1430-2,141.650419,43.320938
字南耕地,樺戸郡月形町,1431-2,141.651261,43.320563
字南耕地,樺戸郡月形町,1431-1,141.6505,43.320374
字南耕地,樺戸郡月形町,1433-1,141.650591,43.319963
字南耕地,樺戸郡月形町,1432,141.651268,43.320193
字南耕地,樺戸郡月形町,1433-2,141.650572,43.320099
字南耕地,樺戸郡月形町,1434,141.650676,43.31931
字南耕地,樺戸郡月形町,1418-3,141.648355,43.319948
字南耕地,樺戸郡月形町,1417,141.648914,43.320034
字南耕地,樺戸郡月形町,1416-3,141.649598,43.320126
字南耕地,樺戸郡月形町,1416-1,141.648776,43.321075
字知来乙,樺戸郡月形町,1918-2,141.647825,43.320567
字南耕地,樺戸郡月形町,1416-2,141.647942,43.321336
字知来乙,樺戸郡月形町,1919-2,141.647916,43.319891
字知来乙,樺戸郡月形町,1919-3,141.647858,43.319899
字知来乙,樺戸郡月形町,1919-1,141.647847,43.319762
字南耕地,樺戸郡月形町,1418-2,141.648237,43.319202
字知来乙,樺戸郡月形町,1921,141.64698,43.319459
字知来乙,樺戸郡月形町,1923,141.647259,43.318963
字知来乙,樺戸郡月形町,1925,141.647195,43.318133
字知来乙,樺戸郡月形町,1924,141.646945,43.31786
字知来乙,樺戸郡月形町,1926,141.647606,43.318273
字知来乙,樺戸郡月形町,1927,141.647959,43.318155
字知来乙,樺戸郡月形町,1928,141.648048,43.318817
字南耕地,樺戸郡月形町,1418-1,141.648984,43.319254
字知来乙,樺戸郡月形町,道-7224,141.649522,43.318194
字南耕地,樺戸郡月形町,1419-1,141.648564,43.3183
字知来乙,樺戸郡月形町,826-26,141.648577,43.317848
字知来乙,樺戸郡月形町,826-1,141.64925,43.317875
字知来乙,樺戸郡月形町,826-37,141.64956,43.318129
字知来乙,樺戸郡月形町,826-4,141.649649,43.317881
字知来乙,樺戸郡月形町,筆界未定地-7017,141.649878,43.31762
字知来乙,樺戸郡月形町,826-28,141.64955,43.317457
字知来乙,樺戸郡月形町,826-43,141.649913,43.317487
字知来乙,樺戸郡月形町,826-39,141.649653,43.317436
字知来乙,樺戸郡月形町,826-8,141.649266,43.31717
字知来乙,樺戸郡月形町,826-25,141.648782,43.317509
字知来乙,樺戸郡月形町,3715,141.648386,43.317215
字知来乙,樺戸郡月形町,825-60,141.648181,43.317337
字知来乙,樺戸郡月形町,825-63,141.648088,43.317219
字知来乙,樺戸郡月形町,825-13,141.648199,43.31722
字知来乙,樺戸郡月形町,825-66,141.648247,43.317425
字知来乙,樺戸郡月形町,3716,141.648388,43.31745
字知来乙,樺戸郡月形町,道-7189,141.648382,43.317569
字知来乙,樺戸郡月形町,1930-2,141.648127,43.317661
字知来乙,樺戸郡月形町,1931,141.648172,43.317863
字知来乙,樺戸郡月形町,826-47,141.648386,43.317973
字南耕地,樺戸郡月形町,1419-2,141.648371,43.318044
字知来乙,樺戸郡月形町,1930-1,141.647798,43.317693
字知来乙,樺戸郡月形町,825-46,141.64632,43.317263
字知来乙,樺戸郡月形町,1929,141.646879,43.317577
字知来乙,樺戸郡月形町,825-45,141.646713,43.31754
字知来乙,樺戸郡月形町,825-5,141.646444,43.317522
字知来乙,樺戸郡月形町,1324-26,141.646145,43.317244
字知来乙,樺戸郡月形町,1324-22,141.645978,43.317228
字知来乙,樺戸郡月形町,1324-20,141.645769,43.317202
字知来乙,樺戸郡月形町,1324-6,141.64591,43.317527
字知来乙,樺戸郡月形町,1324-9,141.646143,43.317451
字知来乙,樺戸郡月形町,1324-4,141.645979,43.317592
字知来乙,樺戸郡月形町,1322-21,141.646068,43.317758
字知来乙,樺戸郡月形町,1322-23,141.645812,43.317702
字知来乙,樺戸郡月形町,1322-22,141.645737,43.317687
字知来乙,樺戸郡月形町,道-7227,141.645063,43.317559
字知来乙,樺戸郡月形町,1322-24,141.645712,43.317815
字知来乙,樺戸郡月形町,1322-52,141.645823,43.318209
字知来乙,樺戸郡月形町,825-4,141.646336,43.317666
字知来乙,樺戸郡月形町,825-31,141.646591,43.317689
字知来乙,樺戸郡月形町,1922,141.646126,43.318361
字知来乙,樺戸郡月形町,3611-4,141.646035,43.318779
字知来乙,樺戸郡月形町,3611-3,141.645981,43.318927
字知来乙,樺戸郡月形町,3611-1,141.645083,43.318116
字知来乙,樺戸郡月形町,道-7229,141.644366,43.318781
字知来乙,樺戸郡月形町,1322-25,141.644697,43.31896
字知来乙,樺戸郡月形町,1322-27,141.644474,43.318997
字知来乙,樺戸郡月形町,3611-2,141.644667,43.318146
字知来乙,樺戸郡月形町,1322-26,141.645537,43.317767
字知来乙,樺戸郡月形町,1324-10,141.644856,43.317396
字知来乙,樺戸郡月形町,1324-3,141.645045,43.317443
字知来乙,樺戸郡月形町,1324-24,141.645217,43.31714
字知来乙,樺戸郡月形町,1324-13,141.644908,43.317289
字知来乙,樺戸郡月形町,道-7228,141.64478,43.317249
字知来乙,樺戸郡月形町,1323-14,141.644633,43.317099
字知来乙,樺戸郡月形町,1323-3,141.643799,43.317302
字知来乙,樺戸郡月形町,1323-15,141.644662,43.317241
字知来乙,樺戸郡月形町,1323-11,141.643172,43.317106
字知来乙,樺戸郡月形町,1323-20,141.643655,43.317122
字知来乙,樺戸郡月形町,1323-2,141.643169,43.317237
字知来乙,樺戸郡月形町,1323-10,141.643588,43.317279
字知来乙,樺戸郡月形町,1321-32,141.643881,43.318094
字知来乙,樺戸郡月形町,1321-35,141.64327,43.318006
字知来乙,樺戸郡月形町,1321-31,141.643139,43.317715
字知来乙,樺戸郡月形町,道-7226,141.642951,43.317346
字知来乙,樺戸郡月形町,1797-7,141.642565,43.317133
字知来乙,樺戸郡月形町,587-1,141.641333,43.317823
字知来乙,樺戸郡月形町,1797-26,141.641106,43.318039
字知来乙,樺戸郡月形町,1797-25,141.641206,43.318087
字知来乙,樺戸郡月形町,1797-24,141.641352,43.318095
字知来乙,樺戸郡月形町,587-4,141.642187,43.317909
字知来乙,樺戸郡月形町,1797-23,141.641071,43.318289
字知来乙,樺戸郡月形町,1321-28,141.642826,43.318681
字知来乙,樺戸郡月形町,1321-6,141.643444,43.31929
字知来乙,樺戸郡月形町,1321-29,141.64392,43.319893
字知来乙,樺戸郡月形町,1321-30,141.643954,43.319939
字知来乙,樺戸郡月形町,1321-20,141.643894,43.319985
字知来乙,樺戸郡月形町,1321-21,141.643856,43.319968
字知来乙,樺戸郡月形町,3609-23,141.643607,43.320065
字知来乙,樺戸郡月形町,3610-20,141.643663,43.320055
字知来乙,樺戸郡月形町,3609-25,141.642937,43.319994
字知来乙,樺戸郡月形町,3609-24,141.64269,43.319966
字知来乙,樺戸郡月形町,3609-14,141.643352,43.320157
字知来乙,樺戸郡月形町,1321-38,141.642519,43.319939
字知来乙,樺戸郡月形町,1321-34,141.642758,43.319175
字知来乙,樺戸郡月形町,685-7,141.641834,43.319667
字知来乙,樺戸郡月形町,685-2,141.641035,43.319061
字知来乙,樺戸郡月形町,685-8,141.642152,43.319969
字知来乙,樺戸郡月形町,1321-27,141.642448,43.320133
字知来乙,樺戸郡月形町,685-3,141.641956,43.320819
字知来乙,樺戸郡月形町,685-1,141.641615,43.320492
字知来乙,樺戸郡月形町,3609-12,141.642582,43.321251
字知来乙,樺戸郡月形町,3609-13,141.642595,43.320246
字知来乙,樺戸郡月形町,3610-11,141.643331,43.320973
字知来乙,樺戸郡月形町,3609-22,141.643303,43.320911
字知来乙,樺戸郡月形町,3610-16,141.645186,43.320898
字知来乙,樺戸郡月形町,3610-15,141.644579,43.320871
字知来乙,樺戸郡月形町,3610-7,141.645574,43.320566
字知来乙,樺戸郡月形町,3610-21,141.644425,43.32024
字知来乙,樺戸郡月形町,3610-18,141.643882,43.320018
字知来乙,樺戸郡月形町,3610-17,141.644327,43.320098
字知来乙,樺戸郡月形町,1322-36,141.644445,43.319245
字知来乙,樺戸郡月形町,1322-7,141.644601,43.319719
字知来乙,樺戸郡月形町,1322-57,141.645083,43.31952
字知来乙,樺戸郡月形町,1913-1,141.645313,43.319857
字知来乙,樺戸郡月形町,3610-19,141.645154,43.320232
字知来乙,樺戸郡月形町,1913-2,141.645787,43.320135
字知来乙,樺戸郡月形町,1917,141.645981,43.320005
字知来乙,樺戸郡月形町,1322-50,141.645527,43.319289
字知来乙,樺戸郡月形町,1920,141.64673,43.319468
字知来乙,樺戸郡月形町,1918-3,141.646372,43.319683
字知来乙,樺戸郡月形町,1918-4,141.646127,43.320094
字知来乙,樺戸郡月形町,1916,141.646197,43.321018
字知来乙,樺戸郡月形町,1918-1,141.647207,43.320582
字知来乙,樺戸郡月形町,1914-5,141.645837,43.321036
字知来乙,樺戸郡月形町,1914-4,141.646075,43.321179
字知来乙,樺戸郡月形町,1914-3,141.646261,43.321364
字知来乙,樺戸郡月形町,1914-2,141.646341,43.321599
字知来乙,樺戸郡月形町,824-78,141.646328,43.321606
字知来乙,樺戸郡月形町,824-77,141.646253,43.321431
字知来乙,樺戸郡月形町,824-76,141.64624,43.321454
字知来乙,樺戸郡月形町,824-71,141.646063,43.321464
字知来乙,樺戸郡月形町,1322-53,141.645878,43.321405
字知来乙,樺戸郡月形町,824-10,141.645842,43.321652
字知来乙,樺戸郡月形町,824-74,141.646287,43.321683
字知来乙,樺戸郡月形町,824-75,141.646039,43.3218
字知来乙,樺戸郡月形町,3610-14,141.64574,43.32156
字知来乙,樺戸郡月形町,824-73,141.645674,43.322422
字知来乙,樺戸郡月形町,824-9,141.646695,43.321901
字知来乙,樺戸郡月形町,824-7,141.646344,43.322395
字知来乙,樺戸郡月形町,824-68,141.646715,43.32326
字知来乙,樺戸郡月形町,824-1,141.646024,43.323003
字知来乙,樺戸郡月形町,824-72,141.64559,43.322981
字知来乙,樺戸郡月形町,3610-3,141.645322,43.323205
字知来乙,樺戸郡月形町,3610-9,141.643821,43.323145
字知来乙,樺戸郡月形町,3610-8,141.644288,43.323256
字知来乙,樺戸郡月形町,3610-2,141.64446,43.322677
字知来乙,樺戸郡月形町,3610-12,141.6451,43.322175
字知来乙,樺戸郡月形町,3610-13,141.645448,43.322159
字知来乙,樺戸郡月形町,3610-6,141.644179,43.3214
字知来乙,樺戸郡月形町,3610-5,141.643451,43.322119
字知来乙,樺戸郡月形町,3610-4,141.643188,43.321751
字知来乙,樺戸郡月形町,3609-11,141.64143,43.321399
字知来乙,樺戸郡月形町,3609-9,141.641045,43.321815
字知来乙,樺戸郡月形町,3609-10,141.641989,43.322278
字知来乙,樺戸郡月形町,3609-21,141.642878,43.322946
字知来乙,樺戸郡月形町,3610-10,141.642993,43.322374
字知来乙,樺戸郡月形町,3610-1,141.643175,43.3227
字知来乙,樺戸郡月形町,3607-8,141.643836,43.323765
字知来乙,樺戸郡月形町,3609-18,141.642853,43.323876
字知来乙,樺戸郡月形町,3609-20,141.642781,43.323792
字知来乙,樺戸郡月形町,3609-7,141.642061,43.32341
字知来乙,樺戸郡月形町,3609-8,141.641061,43.323541
字知来乙,樺戸郡月形町,3609-16,141.640755,43.324069
字知来乙,樺戸郡月形町,3609-6,141.641102,43.324153
字知来乙,樺戸郡月形町,3609-17,141.641436,43.324131
字知来乙,樺戸郡月形町,3609-5,141.642615,43.324678
字知来乙,樺戸郡月形町,537-4,141.641144,43.32482
字知来乙,樺戸郡月形町,3609-19,141.642649,43.324613
字知来乙,樺戸郡月形町,3607-6,141.643544,43.32479
字知来乙,樺戸郡月形町,3607-7,141.643742,43.324516
字知来乙,樺戸郡月形町,3607-12,141.643741,43.32477
字知来乙,樺戸郡月形町,1320-22,141.644492,43.325061
字知来乙,樺戸郡月形町,1320-24,141.644767,43.324895
字知来乙,樺戸郡月形町,1320-4,141.644723,43.325063
字知来乙,樺戸郡月形町,3607-5,141.644457,43.324898
字知来乙,樺戸郡月形町,道-7237,141.64486,43.323431
字知来乙,樺戸郡月形町,3607-13,141.644668,43.324564
字知来乙,樺戸郡月形町,1320-30,141.645144,43.324234
字知来乙,樺戸郡月形町,道-7238,141.647082,43.323367
字知来乙,樺戸郡月形町,818-17,141.6473,43.323431
字知来乙,樺戸郡月形町,818-2,141.646418,43.323913
字知来乙,樺戸郡月形町,818-58,141.646736,43.32444
字知来乙,樺戸郡月形町,818-68,141.645813,43.324512
字知来乙,樺戸郡月形町,818-67,141.645836,43.324796
字知来乙,樺戸郡月形町,818-16,141.645967,43.325115
字知来乙,樺戸郡月形町,818-3,141.646812,43.325275
字知来乙,樺戸郡月形町,818-15,141.647172,43.325381
字知来乙,樺戸郡月形町,818-59,141.647099,43.324503
字知来乙,樺戸郡月形町,818-69,141.647279,43.324577
字知来乙,樺戸郡月形町,818-66,141.647258,43.324556
字知来乙,樺戸郡月形町,818-73,141.647254,43.324526
字知来乙,樺戸郡月形町,818-72,141.647215,43.324545
字知来乙,樺戸郡月形町,818-65,141.647211,43.324589
字南耕地,樺戸郡月形町,1406-4,141.64749,43.324706
字南耕地,樺戸郡月形町,1406-1,141.648054,43.325116
字南耕地,樺戸郡月形町,1421-1,141.649481,43.325084
字南耕地,樺戸郡月形町,1408,141.648792,43.324668
字南耕地,樺戸郡月形町,1407,141.648582,43.324238
字南耕地,樺戸郡月形町,1412-1,141.649107,43.324039
字南耕地,樺戸郡月形町,1412-2,141.648704,43.324001
字南耕地,樺戸郡月形町,1411,141.649106,43.324121
字南耕地,樺戸郡月形町,1409,141.648804,43.324295
字南耕地,樺戸郡月形町,1413-3,141.649079,43.324004
字南耕地,樺戸郡月形町,1410-5,141.647808,43.32393
字南耕地,樺戸郡月形町,1410-1,141.649073,43.324216
字南耕地,樺戸郡月形町,1410-2,141.647593,43.323927
字知来乙,樺戸郡月形町,818-70,141.647357,43.323985
字南耕地,樺戸郡月形町,1406-6,141.647614,43.324061
字知来乙,樺戸郡月形町,818-48,141.647084,43.324277
字知来乙,樺戸郡月形町,824-55,141.647054,43.32308
字南耕地,樺戸郡月形町,道-7318,141.647609,43.322959
字南耕地,樺戸郡月形町,1413-2,141.647684,43.323249
字南耕地,樺戸郡月形町,1414-2,141.647776,43.322563
字知来乙,樺戸郡月形町,824-6,141.647542,43.322605
字知来乙,樺戸郡月形町,824-2,141.647076,43.322671
字知来乙,樺戸郡月形町,824-69,141.647438,43.32243
字知来乙,樺戸郡月形町,1914-1,141.647135,43.321451
字知来乙,樺戸郡月形町,1915,141.647696,43.321518
字南耕地,樺戸郡月形町,1415-2,141.647846,43.322071
字南耕地,樺戸郡月形町,1420,141.649264,43.323645
字南耕地,樺戸郡月形町,1415-1,141.648607,43.322316
字南耕地,樺戸郡月形町,1414-1,141.648571,43.322601
字南耕地,樺戸郡月形町,1413-1,141.648482,43.323279
字南耕地,樺戸郡月形町,1426-1,141.649876,43.322989
字南耕地,樺戸郡月形町,1456,141.651113,43.323069
字南耕地,樺戸郡月形町,1426-4,141.650963,43.322935
字南耕地,樺戸郡月形町,1429-2,141.650997,43.322625
字南耕地,樺戸郡月形町,1428-2,141.650985,43.32272
字南耕地,樺戸郡月形町,1427-2,141.65098,43.322763
字南耕地,樺戸郡月形町,1429-1,141.650867,43.322546
字南耕地,樺戸郡月形町,1428-1,141.650537,43.322682
字南耕地,樺戸郡月形町,1427-1,141.650641,43.322825
字南耕地,樺戸郡月形町,1430-1,141.650101,43.321841
字南耕地,樺戸郡月形町,1470,141.65111,43.322392
字南耕地,樺戸郡月形町,1430-3,141.651143,43.321538
字南耕地,樺戸郡月形町,1475-3,141.651444,43.322076
字南耕地,樺戸郡月形町,1475-5,141.651482,43.321477
字南耕地,樺戸郡月形町,1475-4,141.652429,43.321569
字南耕地,樺戸郡月形町,1475-2,141.652586,43.322374
字南耕地,樺戸郡月形町,1471,141.653311,43.322809
字南耕地,樺戸郡月形町,1473,141.651465,43.322326
字南耕地,樺戸郡月形町,1472,141.65143,43.322579
字南耕地,樺戸郡月形町,1465-3,141.651504,43.323197
字南耕地,樺戸郡月形町,1465-2,141.65226,43.32323
字南耕地,樺戸郡月形町,1460-1,141.652459,43.324072
字南耕地,樺戸郡月形町,1426-3,141.650902,43.323541
字南耕地,樺戸郡月形町,1426-2,141.650091,43.323483
字南耕地,樺戸郡月形町,1425-1,141.65042,43.324048
字南耕地,樺戸郡月形町,1424-1,141.650568,43.324429
字南耕地,樺戸郡月形町,1425-2,141.650847,43.324079
字南耕地,樺戸郡月形町,1458,141.651319,43.323976
字南耕地,樺戸郡月形町,1457,141.651294,43.324319
字南耕地,樺戸郡月形町,1424-2,141.650809,43.324447
字南耕地,樺戸郡月形町,1421-3,141.64938,43.324483
字南耕地,樺戸郡月形町,1421-2,141.650757,43.324976
字南耕地,樺戸郡月形町,1452,141.651783,43.325029
字南耕地,樺戸郡月形町,1449,141.652239,43.32583
字南耕地,樺戸郡月形町,1442-1,141.652519,43.326853
字南耕地,樺戸郡月形町,1442-2,141.652463,43.327432
字南耕地,樺戸郡月形町,1437-9,141.652691,43.327486
字南耕地,樺戸郡月形町,1441-1,141.651543,43.326753
字南耕地,樺戸郡月形町,1441-3,141.651277,43.327299
字南耕地,樺戸郡月形町,1393-2,141.650315,43.32739
字南耕地,樺戸郡月形町,無地番-74,141.649835,43.327394
字南耕地,樺戸郡月形町,1393-1,141.650184,43.32713
字南耕地,樺戸郡月形町,1441-2,141.650561,43.32712
字南耕地,樺戸郡月形町,820-5,141.650463,43.32687
字南耕地,樺戸郡月形町,820-4,141.650362,43.326759
字南耕地,樺戸郡月形町,無地番-7072,141.649875,43.326507
字南耕地,樺戸郡月形町,821-3,141.650215,43.32625
字南耕地,樺戸郡月形町,822-7,141.650041,43.326185
字南耕地,樺戸郡月形町,1404,141.649985,43.326004
字南耕地,樺戸郡月形町,1405-1,141.650549,43.32608
字南耕地,樺戸郡月形町,1405-2,141.650661,43.325956
字南耕地,樺戸郡月形町,1405-3,141.650655,43.326175
字南耕地,樺戸郡月形町,138-14,141.650745,43.32639
字南耕地,樺戸郡月形町,138-13,141.650923,43.326334
字南耕地,樺戸郡月形町,1447-2,141.650798,43.326091
字南耕地,樺戸郡月形町,1405-4,141.650684,43.325973
字南耕地,樺戸郡月形町,1422-2,141.6507,43.325581
字南耕地,樺戸郡月形町,1447-1,141.651077,43.325926
字南耕地,樺戸郡月形町,1448,141.651583,43.32581
字南耕地,樺戸郡月形町,1423-2,141.650706,43.325515
字南耕地,樺戸郡月形町,3649,141.650847,43.324913
字南耕地,樺戸郡月形町,1423-1,141.650164,43.325425
字南耕地,樺戸郡月形町,1422-1,141.65049,43.325695
字南耕地,樺戸郡月形町,無地番-7071,141.649908,43.326339
字南耕地,樺戸郡月形町,1403,141.649159,43.32626
字南耕地,樺戸郡月形町,1396,141.650231,43.326118
字南耕地,樺戸郡月形町,1400-3,141.64777,43.325867
字南耕地,樺戸郡月形町,1401-3,141.647798,43.3257
字南耕地,樺戸郡月形町,1406-3,141.647373,43.325567
字南耕地,樺戸郡月形町,1406-5,141.647378,43.325554
字南耕地,樺戸郡月形町,1406-2,141.64739,43.325556
字南耕地,樺戸郡月形町,1401-2,141.647362,43.325668
字南耕地,樺戸郡月形町,1401-1,141.647473,43.325798
字南耕地,樺戸郡月形町,1400-1,141.64763,43.326073
字南耕地,樺戸郡月形町,1400-2,141.647301,43.326122
字南耕地,樺戸郡月形町,1399-2,141.647264,43.32641
字知来乙,樺戸郡月形町,道-7256,141.647054,43.326295
字南耕地,樺戸郡月形町,1399-1,141.647497,43.326305
字南耕地,樺戸郡月形町,1402,141.648185,43.326297
字南耕地,樺戸郡月形町,1398-1,141.647567,43.326568
字南耕地,樺戸郡月形町,1398-2,141.647233,43.326649
字南耕地,樺戸郡月形町,1386-2,141.647181,43.327057
字南耕地,樺戸郡月形町,1386-1,141.647375,43.326905
字知来乙,樺戸郡月形町,819-3,141.646961,43.327013
字南耕地,樺戸郡月形町,1385-2,141.647153,43.327275
字南耕地,樺戸郡月形町,1385-1,141.647331,43.327373
字南耕地,樺戸郡月形町,1388,141.649031,43.327512
字南耕地,樺戸郡月形町,1389,141.649594,43.32785
字南耕地,樺戸郡月形町,1394,141.649946,43.326745
字南耕地,樺戸郡月形町,1390,141.648705,43.326905
字南耕地,樺戸郡月形町,1395,141.648116,43.326749
字南耕地,樺戸郡月形町,1397,141.648468,43.326724
字南耕地,樺戸郡月形町,1392,141.649836,43.327185
字知来乙,樺戸郡月形町,389-9,141.649809,43.328453
字知来乙,樺戸郡月形町,389-24,141.649674,43.328413
字南耕地,樺戸郡月形町,1387,141.64843,43.327977
字知来乙,樺戸郡月形町,389-19,141.648475,43.328333
字知来乙,樺戸郡月形町,1891,141.647475,43.328565
字知来乙,樺戸郡月形町,389-18,141.647497,43.329017
字知来乙,樺戸郡月形町,389-52,141.647322,43.329564
字知来乙,樺戸郡月形町,389-53,141.647485,43.329509
字知来乙,樺戸郡月形町,389-21,141.647506,43.329991
字知来乙,樺戸郡月形町,389-1,141.647336,43.329802
字知来乙,樺戸郡月形町,389-47,141.647224,43.32933
字知来乙,樺戸郡月形町,389-54,141.648367,43.329165
字知来乙,樺戸郡月形町,1900,141.648541,43.329143
字知来乙,樺戸郡月形町,389-55,141.648693,43.328906
字知来乙,樺戸郡月形町,389-63,141.648892,43.328787
字知来乙,樺戸郡月形町,389-65,141.64889,43.328762
字知来乙,樺戸郡月形町,389-7,141.648761,43.328545
字知来乙,樺戸郡月形町,389-56,141.649092,43.328779
字知来乙,樺戸郡月形町,389-48,141.649144,43.328772
字知来乙,樺戸郡月形町,1901,141.649632,43.328846
字知来乙,樺戸郡月形町,389-64,141.649404,43.328845
字知来乙,樺戸郡月形町,389-22,141.649248,43.328871
字知来乙,樺戸郡月形町,389-46,141.649221,43.328788
字知来乙,樺戸郡月形町,389-45,141.649191,43.32877
字知来乙,樺戸郡月形町,389-77,141.649228,43.328649
字知来乙,樺戸郡月形町,389-66,141.649255,43.32879
字知来乙,樺戸郡月形町,1899,141.649359,43.329486
字知来乙,樺戸郡月形町,1907,141.651026,43.329092
字知来乙,樺戸郡月形町,1908,141.650495,43.328553
字知来乙,樺戸郡月形町,1910,141.650338,43.328573
字知来乙,樺戸郡月形町,1909,141.649928,43.328536
字南耕地,樺戸郡月形町,1437-3,141.650361,43.328197
字南耕地,樺戸郡月形町,1437-2,141.6504,43.328201
字南耕地,樺戸郡月形町,1437-8,141.650255,43.328184
字南耕地,樺戸郡月形町,1391-2,141.6501,43.328127
字南耕地,樺戸郡月形町,1391-1,141.649912,43.327702
字南耕地,樺戸郡月形町,1437-7,141.650398,43.327705
字南耕地,樺戸郡月形町,1437-5,141.651314,43.32829
字南耕地,樺戸郡月形町,1437-4,141.651858,43.328365
字南耕地,樺戸郡月形町,1437-1,141.65152,43.327836
字南耕地,樺戸郡月形町,1437-6,141.652838,43.328462
字知来乙,樺戸郡月形町,1911,141.652558,43.329026
字知来乙,樺戸郡月形町,170-10,141.652635,43.33051
字知来乙,樺戸郡月形町,170-3,141.652197,43.330576
字知来乙,樺戸郡月形町,170-9,141.652101,43.33062
字知来乙,樺戸郡月形町,1904,141.651444,43.330085
字知来乙,樺戸郡月形町,1906,141.653609,43.329527
字知来乙,樺戸郡月形町,1902,141.649796,43.328568
字知来乙,樺戸郡月形町,1903,141.650472,43.329948
,樺戸郡月形町,43-3,141.651158,43.330788
,樺戸郡月形町,43-16,141.651141,43.331049
,樺戸郡月形町,43-18,141.650842,43.330879
,樺戸郡月形町,43-20,141.651016,43.330843
,樺戸郡月形町,42-26,141.650241,43.331002
,樺戸郡月形町,道-7085,141.650562,43.33084
,樺戸郡月形町,42-2,141.649964,43.331034
,樺戸郡月形町,42-20,141.650486,43.331112
,樺戸郡月形町,42-31,141.650377,43.330992
,樺戸郡月形町,43-4,141.650573,43.330908
,樺戸郡月形町,43-17,141.650586,43.330931
,樺戸郡月形町,42-8,141.650102,43.331184
,樺戸郡月形町,42-9,141.650207,43.331462
,樺戸郡月形町,42-32,141.650144,43.331675
,樺戸郡月形町,42-4,141.650535,43.331603
,樺戸郡月形町,43-6,141.650919,43.331512
,樺戸郡月形町,43-5,141.650747,43.331213
,樺戸郡月形町,道-7088,141.650886,43.331368
,樺戸郡月形町,43-10,141.651566,43.331229
,樺戸郡月形町,43-9,141.651391,43.331399
,樺戸郡月形町,43-1,141.651364,43.331667
,樺戸郡月形町,43-14,141.651348,43.33085
,樺戸郡月形町,43-19,141.651423,43.330759
字知来乙,樺戸郡月形町,170-7,141.651833,43.331181
字知来乙,樺戸郡月形町,170-1,141.652094,43.330918
字知来乙,樺戸郡月形町,170-2,141.652789,43.330875
字知来乙,樺戸郡月形町,170-4,141.652871,43.331047
字知来乙,樺戸郡月形町,169-24,141.652418,43.331603
字知来乙,樺戸郡月形町,170-8,141.652265,43.331191
字知来乙,樺戸郡月形町,169-23,141.652058,43.331401
字知来乙,樺戸郡月形町,169-10,141.652695,43.331888
字知来乙,樺戸郡月形町,169-22,141.65215,43.331668
,樺戸郡月形町,43-13,141.651834,43.331733
,樺戸郡月形町,43-8,141.651619,43.332242
,樺戸郡月形町,道-7087,141.651418,43.332306
字知来乙,樺戸郡月形町,42-10,141.653399,43.332537
字知来乙,樺戸郡月形町,169-1,141.652465,43.332835
字知来乙,樺戸郡月形町,169-3,141.651459,43.333174
,樺戸郡月形町,42-22,141.649949,43.33204
,樺戸郡月形町,42-21,141.650333,43.332125
,樺戸郡月形町,42-1,141.650961,43.332657
,樺戸郡月形町,43-2,141.651371,43.33231
,樺戸郡月形町,42-17,141.651084,43.331848
,樺戸郡月形町,43-12,141.651021,43.33169
,樺戸郡月形町,42-11,141.650602,43.331936
,樺戸郡月形町,42-7,141.650844,43.331679
,樺戸郡月形町,42-16,141.650346,43.331693
字知来乙,樺戸郡月形町,42-11,141.650541,43.331807
字知来乙,樺戸郡月形町,長狭物不明-7126,141.650035,43.331721
字知来乙,樺戸郡月形町,40-3,141.649872,43.33169
,樺戸郡月形町,42-13,141.649812,43.331744
,樺戸郡月形町,水-7028,141.64973,43.331793
,樺戸郡月形町,42-19,141.649699,43.331747
,樺戸郡月形町,40-7,141.64954,43.331839
,樺戸郡月形町,40-5,141.649635,43.331887
,樺戸郡月形町,38-9,141.64899,43.331765
,樺戸郡月形町,38-13,141.648623,43.331915
,樺戸郡月形町,38-12,141.648751,43.332119
,樺戸郡月形町,38-10,141.648382,43.331946
,樺戸郡月形町,38-2,141.649468,43.332739
,樺戸郡月形町,38-14,141.648439,43.333606
,樺戸郡月形町,38-1,141.648315,43.332941
,樺戸郡月形町,36-1,141.647359,43.333313
,樺戸郡月形町,36-3,141.647126,43.332852
,樺戸郡月形町,36-16,141.646984,43.332887
,樺戸郡月形町,36-15,141.647121,43.332811
,樺戸郡月形町,36-4,141.647023,43.332477
,樺戸郡月形町,38-20,141.647733,43.33255
,樺戸郡月形町,38-15,141.647999,43.332458
,樺戸郡月形町,38-11,141.647703,43.332131
,樺戸郡月形町,38-16,141.647521,43.33173
,樺戸郡月形町,38-3,141.647322,43.33181
,樺戸郡月形町,38-19,141.647591,43.331747
,樺戸郡月形町,38-18,141.647174,43.331877
,樺戸郡月形町,38-7,141.647206,43.331936
,樺戸郡月形町,35-22,141.647978,43.331453
,樺戸郡月形町,35-10,141.647338,43.331474
字知来乙,樺戸郡月形町,33-4,141.64785,43.331333
字知来乙,樺戸郡月形町,1892,141.648126,43.33078
,樺戸郡月形町,35-25,141.648213,43.331365
,樺戸郡月形町,35-23,141.648216,43.331432
,樺戸郡月形町,35-24,141.64808,43.331411
字知来乙,樺戸郡月形町,33-3,141.648089,43.331379
,樺戸郡月形町,38-17,141.648179,43.331533
,樺戸郡月形町,38-4,141.648312,43.331491
,樺戸郡月形町,35-18,141.648402,43.331409
字知来乙,樺戸郡月形町,40-16,141.648465,43.33148
,樺戸郡月形町,長狭物不明-7047,141.648474,43.331441
字知来乙,樺戸郡月形町,35-21,141.648417,43.331245
,樺戸郡月形町,35-16,141.648725,43.331184
,樺戸郡月形町,40-13,141.648828,43.331319
,樺戸郡月形町,40-2,141.648709,43.331369
,樺戸郡月形町,40-9,141.648787,43.331399
,樺戸郡月形町,40-12,141.648859,43.331331
,樺戸郡月形町,40-14,141.648908,43.331298
,樺戸郡月形町,40-11,141.649304,43.331187
字知来乙,樺戸郡月形町,40-17,141.648663,43.331473
,樺戸郡月形町,42-3,141.649628,43.331525
,樺戸郡月形町,42-27,141.649472,43.331178
,樺戸郡月形町,42-23,141.64947,43.331161
,樺戸郡月形町,40-4,141.64928,43.331381
,樺戸郡月形町,40-15,141.64937,43.3312
,樺戸郡月形町,40-10,141.649398,43.331179
,樺戸郡月形町,37-14,141.649342,43.331042
,樺戸郡月形町,37-15,141.649247,43.331064
,樺戸郡月形町,42-25,141.649672,43.331121
,樺戸郡月形町,42-29,141.649588,43.331153
,樺戸郡月形町,42-28,141.649824,43.3311
,樺戸郡月形町,42-24,141.649817,43.331091
,樺戸郡月形町,42-30,141.649884,43.331084
,樺戸郡月形町,37-16,141.648863,43.331151
字知来乙,樺戸郡月形町,1895,141.648498,43.330174
字知来乙,樺戸郡月形町,1893,141.649622,43.330475
字知来乙,樺戸郡月形町,1896,141.648959,43.330049
字知来乙,樺戸郡月形町,1898,141.648552,43.329716
字知来乙,樺戸郡月形町,1894,141.648097,43.329466
字知来乙,樺戸郡月形町,1897,141.64797,43.32997
字知来乙,樺戸郡月形町,35-20,141.647292,43.33016
字知来乙,樺戸郡月形町,35-19,141.647165,43.330404
字知来乙,樺戸郡月形町,389-51,141.647152,43.32962
字知来乙,樺戸郡月形町,389-50,141.647064,43.32965
字知来乙,樺戸郡月形町,389-49,141.646853,43.329723
字知来乙,樺戸郡月形町,389-62,141.64657,43.329815
字知来乙,樺戸郡月形町,389-57,141.646435,43.329856
字知来乙,樺戸郡月形町,389-23,141.647012,43.330529
字知来乙,樺戸郡月形町,389-6,141.646338,43.330291
字知来乙,樺戸郡月形町,160-29,141.645377,43.330625
字知来乙,樺戸郡月形町,389-61,141.645749,43.330053
字知来乙,樺戸郡月形町,389-42,141.64514,43.329376
字知来乙,樺戸郡月形町,389-38,141.644583,43.329839
字知来乙,樺戸郡月形町,160-32,141.645065,43.3306
字知来乙,樺戸郡月形町,160-31,141.645007,43.33046
字知来乙,樺戸郡月形町,160-109,141.644806,43.330427
字知来乙,樺戸郡月形町,160-108,141.644823,43.330402
字知来乙,樺戸郡月形町,160-2,141.644761,43.33034
字知来乙,樺戸郡月形町,389-4,141.645183,43.329975
字知来乙,樺戸郡月形町,160-106,141.645226,43.33021
字知来乙,樺戸郡月形町,160-107,141.64523,43.330231
字知来乙,樺戸郡月形町,389-59,141.645398,43.330154
字知来乙,樺戸郡月形町,389-60,141.645412,43.330147
字知来乙,樺戸郡月形町,160-27,141.645347,43.330418
字知来乙,樺戸郡月形町,1408-3,141.645159,43.330746
,樺戸郡月形町,3966,141.644854,43.330866
字知来乙,樺戸郡月形町,160-51,141.644976,43.330685
字知来乙,樺戸郡月形町,33-6,141.644512,43.330742
字知来乙,樺戸郡月形町,長狭物不明-7122,141.644067,43.330665
,樺戸郡月形町,3964,141.644147,43.331129
字知来乙,樺戸郡月形町,160-30,141.645311,43.330726
字知来乙,樺戸郡月形町,35-13,141.646589,43.330861
字知来乙,樺戸郡月形町,33-5,141.645366,43.330895
,樺戸郡月形町,35-3,141.646595,43.331505
,樺戸郡月形町,35-20,141.646832,43.33182
,樺戸郡月形町,36-13,141.646793,43.331995
,樺戸郡月形町,36-12,141.646446,43.332062
,樺戸郡月形町,36-2,141.646432,43.332087
,樺戸郡月形町,35-21,141.646322,43.331977
,樺戸郡月形町,35-4,141.646272,43.331866
,樺戸郡月形町,33-9,141.645704,43.332168
,樺戸郡月形町,35-19,141.646,43.332076
,樺戸郡月形町,36-14,141.646152,43.332195
,樺戸郡月形町,36-5,141.646267,43.332379
,樺戸郡月形町,36-7,141.646574,43.33276
,樺戸郡月形町,36-6,141.64638,43.33282
,樺戸郡月形町,36-18,141.646521,43.33309
,樺戸郡月形町,36-17,141.646514,43.333068
,樺戸郡月形町,36-8,141.646542,43.333117
,樺戸郡月形町,36-9,141.646707,43.333043
,樺戸郡月形町,36-20,141.646694,43.333014
,樺戸郡月形町,36-19,141.646685,43.332995
,樺戸郡月形町,36-11,141.646949,43.333557
,樺戸郡月形町,36-10,141.646904,43.33386
,樺戸郡月形町,34-1,141.645159,43.333016
,樺戸郡月形町,34-8,141.644614,43.333639
,樺戸郡月形町,34-5,141.64467,43.333918
,樺戸郡月形町,33-12,141.644103,43.332651
,樺戸郡月形町,33-8,141.64481,43.332439
,樺戸郡月形町,34-2,141.644733,43.332605
,樺戸郡月形町,34-11,141.644746,43.332579
,樺戸郡月形町,34-12,141.645214,43.332479
,樺戸郡月形町,33-11,141.645448,43.332246
,樺戸郡月形町,33-5,141.645061,43.332234
,樺戸郡月形町,33-10,141.64509,43.332357
,樺戸郡月形町,33-6,141.645344,43.332158
,樺戸郡月形町,33-1,141.644509,43.33184
,樺戸郡月形町,33-7,141.643652,43.331908
,樺戸郡月形町,3961,141.643467,43.332318
,樺戸郡月形町,3957,141.64277,43.332015
,樺戸郡月形町,3960,141.643312,43.332465
,樺戸郡月形町,3953,141.642765,43.332583
,樺戸郡月形町,3949,141.642603,43.332222
,樺戸郡月形町,3958,141.643217,43.33254
,樺戸郡月形町,32-25,141.643997,43.332849
,樺戸郡月形町,31-8,141.643697,43.332777
,樺戸郡月形町,31-12,141.643383,43.332875
,樺戸郡月形町,32-26,141.643605,43.332969
,樺戸郡月形町,32-28,141.643349,43.333047
,樺戸郡月形町,32-22,141.643312,43.333201
,樺戸郡月形町,32-10,141.643547,43.33308
,樺戸郡月形町,32-5,141.644017,43.333111
,樺戸郡月形町,32-1,141.643865,43.33356
,樺戸郡月形町,32-11,141.643035,43.333344
,樺戸郡月形町,32-6,141.643205,43.333734
,樺戸郡月形町,32-14,141.642848,43.333648
,樺戸郡月形町,32-24,141.642639,43.333265
,樺戸郡月形町,無地番-7015,141.642519,43.333273
,樺戸郡月形町,32-23,141.642744,43.333233
,樺戸郡月形町,32-27,141.642945,43.333171
,樺戸郡月形町,32-3,141.643215,43.333071
,樺戸郡月形町,32-20,141.643128,43.333076
,樺戸郡月形町,31-9,141.643083,43.332968
,樺戸郡月形町,31-10,141.643199,43.332932
,樺戸郡月形町,3959,141.64314,43.332815
,樺戸郡月形町,31-13,141.641716,43.333149
,樺戸郡月形町,31-4,141.64209,43.333178
,樺戸郡月形町,3948,141.642303,43.333111
,樺戸郡月形町,3950,141.642467,43.333031
,樺戸郡月形町,31-11,141.642009,43.333299
,樺戸郡月形町,32-4,141.642073,43.333423
,樺戸郡月形町,32-21,141.642091,43.333395
,樺戸郡月形町,30-9,141.641373,43.333493
,樺戸郡月形町,26-41,141.641277,43.333681
,樺戸郡月形町,3946,141.641294,43.333298
,樺戸郡月形町,3945,141.641239,43.33291
,樺戸郡月形町,3947,141.641325,43.332644
,樺戸郡月形町,3951,141.641909,43.332363
,樺戸郡月形町,3952,141.641631,43.331689
字知来乙,樺戸郡月形町,160-43,141.640432,43.33161
字知来乙,樺戸郡月形町,555-3,141.641324,43.331095
字知来乙,樺戸郡月形町,555-11,141.641227,43.33075
字知来乙,樺戸郡月形町,555-10,141.641389,43.33076
字知来乙,樺戸郡月形町,555-12,141.641695,43.330833
字知来乙,樺戸郡月形町,道-7258,141.641857,43.331103
字知来乙,樺戸郡月形町,160-119,141.642241,43.330933
字知来乙,樺戸郡月形町,160-25,141.642176,43.331154
,樺戸郡月形町,3955,141.642715,43.331314
,樺戸郡月形町,3956,141.642361,43.33157
,樺戸郡月形町,3954,141.641303,43.331705
,樺戸郡月形町,3962,141.643141,43.331453
,樺戸郡月形町,3963,141.643648,43.330958
字知来乙,樺戸郡月形町,160-123,141.6437,43.330781
,樺戸郡月形町,3965,141.643554,43.330888
字知来乙,樺戸郡月形町,160-118,141.643149,43.330822
字知来乙,樺戸郡月形町,160-122,141.642775,43.331031
字知来乙,樺戸郡月形町,160-120,141.642698,43.331017
字知来乙,樺戸郡月形町,160-121,141.642612,43.331001
字知来乙,樺戸郡月形町,160-63,141.641415,43.329814
字知来乙,樺戸郡月形町,555-1,141.642124,43.328509
字知来乙,樺戸郡月形町,555-8,141.641056,43.327535
字知来乙,樺戸郡月形町,555-7,141.64161,43.327965
字知来乙,樺戸郡月形町,道-7254,141.64249,43.327898
字知来乙,樺戸郡月形町,450-16,141.642496,43.328467
字知来乙,樺戸郡月形町,450-20,141.643156,43.328337
字知来乙,樺戸郡月形町,450-19,141.642898,43.328299
字知来乙,樺戸郡月形町,450-17,141.643631,43.328257
字知来乙,樺戸郡月形町,450-36,141.642984,43.328046
字知来乙,樺戸郡月形町,450-18,141.642631,43.328309
字知来乙,樺戸郡月形町,451-1,141.642793,43.3278
字知来乙,樺戸郡月形町,450-22,141.643494,43.328016
字知来乙,樺戸郡月形町,450-37,141.643481,43.327838
字知来乙,樺戸郡月形町,450-39,141.643472,43.328128
字知来乙,樺戸郡月形町,450-21,141.643428,43.328288
字知来乙,樺戸郡月形町,450-38,141.64339,43.328458
字知来乙,樺戸郡月形町,450-44,141.643793,43.328492
字知来乙,樺戸郡月形町,450-45,141.643734,43.328393
字知来乙,樺戸郡月形町,450-46,141.64393,43.32846
字知来乙,樺戸郡月形町,無地番-7052,141.643896,43.328644
字知来乙,樺戸郡月形町,450-32,141.643814,43.328632
字知来乙,樺戸郡月形町,450-29,141.643716,43.328721
字知来乙,樺戸郡月形町,450-24,141.643943,43.328979
字知来乙,樺戸郡月形町,450-23,141.643677,43.328911
字知来乙,樺戸郡月形町,450-15,141.643417,43.328812
字知来乙,樺戸郡月形町,450-14,141.643116,43.328763
字知来乙,樺戸郡月形町,450-12,141.642526,43.328665
字知来乙,樺戸郡月形町,450-13,141.642815,43.328712
字知来乙,樺戸郡月形町,160-126,141.642715,43.329286
字知来乙,樺戸郡月形町,450-25,141.644197,43.329025
字知来乙,樺戸郡月形町,450-1,141.644313,43.328837
字知来乙,樺戸郡月形町,450-28,141.644176,43.328767
字知来乙,樺戸郡月形町,450-33,141.644257,43.328626
字知来乙,樺戸郡月形町,450-34,141.644044,43.328668
字知来乙,樺戸郡月形町,450-31,141.644311,43.328665
字知来乙,樺戸郡月形町,450-27,141.644489,43.328807
字知来乙,樺戸郡月形町,450-48,141.644454,43.328568
字知来乙,樺戸郡月形町,450-50,141.644527,43.328612
字知来乙,樺戸郡月形町,450-35,141.644594,43.328666
字知来乙,樺戸郡月形町,450-30,141.644636,43.328602
字知来乙,樺戸郡月形町,450-26,141.644434,43.329037
字知来乙,樺戸郡月形町,389-33,141.64477,43.328836
字知来乙,樺戸郡月形町,389-30,141.645498,43.328589
字知来乙,樺戸郡月形町,389-34,141.645369,43.328827
字知来乙,樺戸郡月形町,389-35,141.645122,43.328975
字知来乙,樺戸郡月形町,389-76,141.645423,43.329016
字知来乙,樺戸郡月形町,389-41,141.645567,43.3294
字知来乙,樺戸郡月形町,389-39,141.645947,43.329265
字知来乙,樺戸郡月形町,389-2,141.646687,43.328472
字知来乙,樺戸郡月形町,389-79,141.646061,43.329224
字知来乙,樺戸郡月形町,389-81,141.645849,43.329478
字知来乙,樺戸郡月形町,389-82,141.645759,43.329699
字知来乙,樺戸郡月形町,389-58,141.646357,43.329558
字知来乙,樺戸郡月形町,389-78,141.646336,43.328857
字知来乙,樺戸郡月形町,389-17,141.646581,43.328857
字知来乙,樺戸郡月形町,389-44,141.646328,43.328631
字知来乙,樺戸郡月形町,389-31,141.64611,43.328672
字知来乙,樺戸郡月形町,389-73,141.645969,43.328607
字知来乙,樺戸郡月形町,389-72,141.645946,43.328697
字知来乙,樺戸郡月形町,389-37,141.646165,43.328932
字知来乙,樺戸郡月形町,389-80,141.646158,43.329091
字知来乙,樺戸郡月形町,389-36,141.645924,43.328993
字知来乙,樺戸郡月形町,389-3,141.645168,43.328146
字知来乙,樺戸郡月形町,389-29,141.645674,43.328429
字知来乙,樺戸郡月形町,389-27,141.645703,43.328135
字知来乙,樺戸郡月形町,389-70,141.646086,43.328055
字知来乙,樺戸郡月形町,389-69,141.646077,43.328182
字知来乙,樺戸郡月形町,389-68,141.646055,43.328272
字知来乙,樺戸郡月形町,389-75,141.646015,43.32843
字知来乙,樺戸郡月形町,389-74,141.645992,43.328518
字知来乙,樺戸郡月形町,389-71,141.646155,43.328496
字知来乙,樺戸郡月形町,389-43,141.64647,43.328395
字知来乙,樺戸郡月形町,389-32,141.646621,43.328166
字知来乙,樺戸郡月形町,389-67,141.646218,43.328248
字知来乙,樺戸郡月形町,389-28,141.646238,43.328074
字知来乙,樺戸郡月形町,818-27,141.64686,43.327791
字知来乙,樺戸郡月形町,道-7255,141.646869,43.327717
字知来乙,樺戸郡月形町,389-40,141.644975,43.328027
字知来乙,樺戸郡月形町,389-26,141.645399,43.328097
字知来乙,樺戸郡月形町,389-25,141.644882,43.328395
字知来乙,樺戸郡月形町,450-43,141.644562,43.328055
字知来乙,樺戸郡月形町,450-41,141.64462,43.328504
字知来乙,樺戸郡月形町,450-49,141.644464,43.328478
字知来乙,樺戸郡月形町,450-40,141.644173,43.328488
字知来乙,樺戸郡月形町,450-47,141.644051,43.328474
字知来乙,樺戸郡月形町,450-42,141.644029,43.328063
字知来乙,樺戸郡月形町,1320-12,141.644859,43.326894
字知来乙,樺戸郡月形町,818-56,141.645003,43.32693
字知来乙,樺戸郡月形町,3607-2,141.645133,43.326605
字知来乙,樺戸郡月形町,818-62,141.645325,43.326926
字知来乙,樺戸郡月形町,818-63,141.645141,43.326902
字知来乙,樺戸郡月形町,1320-43,141.645297,43.326959
字知来乙,樺戸郡月形町,1320-11,141.645149,43.327105
字知来乙,樺戸郡月形町,3608-2,141.644781,43.327267
字知来乙,樺戸郡月形町,3608-1,141.646336,43.327351
字知来乙,樺戸郡月形町,3608-3,141.645517,43.327249
字知来乙,樺戸郡月形町,3608-4,141.645802,43.327199
字知来乙,樺戸郡月形町,3608-7,141.645758,43.327258
字知来乙,樺戸郡月形町,3608-8,141.645901,43.326932
字知来乙,樺戸郡月形町,3608-9,141.646043,43.326879
字知来乙,樺戸郡月形町,3608-6,141.6465,43.326493
字知来乙,樺戸郡月形町,3608-5,141.64596,43.326473
字知来乙,樺戸郡月形町,818-5,141.645712,43.326667
字知来乙,樺戸郡月形町,818-7,141.645588,43.32602
字知来乙,樺戸郡月形町,818-64,141.645485,43.325967
字知来乙,樺戸郡月形町,818-22,141.646449,43.326056
字知来乙,樺戸郡月形町,818-23,141.646698,43.325837
字知来乙,樺戸郡月形町,818-18,141.646968,43.324662
字知来乙,樺戸郡月形町,818-52,141.645707,43.325712
字知来乙,樺戸郡月形町,818-43,141.645626,43.325912
字知来乙,樺戸郡月形町,818-61,141.645494,43.325889
字知来乙,樺戸郡月形町,818-60,141.645499,43.325782
字知来乙,樺戸郡月形町,3607-4,141.644965,43.325545
字知来乙,樺戸郡月形町,3607-9,141.645369,43.326764
字知来乙,樺戸郡月形町,818-71,141.645444,43.326383
字知来乙,樺戸郡月形町,3607-10,141.644299,43.326174
字知来乙,樺戸郡月形町,3607-1,141.644558,43.326422
字知来乙,樺戸郡月形町,3607-11,141.643421,43.325803
字知来乙,樺戸郡月形町,3607-3,141.644003,43.325572
字知来乙,樺戸郡月形町,2-1,141.642952,43.325639
字知来乙,樺戸郡月形町,道-7236,141.64253,43.325593
字知来乙,樺戸郡月形町,1320-44,141.643347,43.327397
字知来乙,樺戸郡月形町,1320-1,141.642698,43.326921
字知来乙,樺戸郡月形町,1319-2,141.641862,43.327108
字知来乙,樺戸郡月形町,1319-1,141.641804,43.32584
字知来乙,樺戸郡月形町,541-8,141.641033,43.325179
字知来乙,樺戸郡月形町,541-10,141.640003,43.325901
字知来乙,樺戸郡月形町,541-11,141.640252,43.326037
字知来乙,樺戸郡月形町,541-1,141.63951,43.326327
字知来乙,樺戸郡月形町,541-12,141.64037,43.326516
字知来乙,樺戸郡月形町,541-13,141.640741,43.325476
字知来乙,樺戸郡月形町,541-17,141.640664,43.326916
字知来乙,樺戸郡月形町,541-25,141.639666,43.326978
字知来乙,樺戸郡月形町,541-23,141.63981,43.326773
字知来乙,樺戸郡月形町,541-24,141.639832,43.32696
字知来乙,樺戸郡月形町,541-26,141.639407,43.326844
字知来乙,樺戸郡月形町,160-150,141.638463,43.327482
字知来乙,樺戸郡月形町,160-132,141.638189,43.327141
字知来乙,樺戸郡月形町,3606-4,141.638363,43.326853
字知来乙,樺戸郡月形町,3606-5,141.638215,43.325771
字知来乙,樺戸郡月形町,3606-2,141.638889,43.326308
字知来乙,樺戸郡月形町,537-1,141.638453,43.325285
字知来乙,樺戸郡月形町,1938,141.636639,43.325862
字知来乙,樺戸郡月形町,3606-1,141.638046,43.326293
字知来乙,樺戸郡月形町,541-5,141.637243,43.326321
字知来乙,樺戸郡月形町,311-8,141.635243,43.326204
字知来乙,樺戸郡月形町,311-1,141.635539,43.32621
字知来乙,樺戸郡月形町,541-16,141.636269,43.326589
字知来乙,樺戸郡月形町,541-4,141.636176,43.32656
字知来乙,樺戸郡月形町,160-127,141.63528,43.327477
字知来乙,樺戸郡月形町,160-146,141.636471,43.327274
字知来乙,樺戸郡月形町,160-147,141.636956,43.327298
字知来乙,樺戸郡月形町,541-15,141.636831,43.326598
字知来乙,樺戸郡月形町,3606-3,141.6379,43.326773
字知来乙,樺戸郡月形町,160-148,141.637469,43.327359
字知来乙,樺戸郡月形町,160-149,141.63797,43.32742
字知来乙,樺戸郡月形町,160-145,141.637716,43.328039
字知来乙,樺戸郡月形町,160-144,141.637582,43.32853
字知来乙,樺戸郡月形町,160-130,141.637553,43.328793
字知来乙,樺戸郡月形町,160-138,141.636871,43.328353
字知来乙,樺戸郡月形町,160-142,141.636592,43.327866
字知来乙,樺戸郡月形町,160-128,141.637974,43.327744
字知来乙,樺戸郡月形町,160-143,141.637078,43.327931
字知来乙,樺戸郡月形町,160-141,141.636099,43.327796
字知来乙,樺戸郡月形町,160-140,141.635683,43.327647
字知来乙,樺戸郡月形町,160-135,141.635369,43.328118
字知来乙,樺戸郡月形町,160-136,141.635845,43.328188
字知来乙,樺戸郡月形町,160-137,141.636395,43.328274
字知来乙,樺戸郡月形町,160-7,141.639826,43.329541
字知来乙,樺戸郡月形町,160-75,141.639787,43.328678
字知来乙,樺戸郡月形町,160-129,141.638976,43.328688
字知来乙,樺戸郡月形町,160-151,141.638955,43.327539
字知来乙,樺戸郡月形町,160-152,141.639442,43.327581
字知来乙,樺戸郡月形町,160-133,141.64006,43.327346
字知来乙,樺戸郡月形町,160-153,141.640043,43.327785
字知来乙,樺戸郡月形町,555-9,141.640875,43.327766
字知来乙,樺戸郡月形町,160-8,141.64056,43.328288
字知来乙,樺戸郡月形町,160-125,141.640114,43.32923
字知来乙,樺戸郡月形町,長狭物不明-7128,141.640976,43.329507
字知来乙,樺戸郡月形町,160-103,141.640486,43.33062
字知来乙,樺戸郡月形町,160-102,141.638804,43.330324
字知来乙,樺戸郡月形町,160-101,141.639184,43.330371
字知来乙,樺戸郡月形町,160-9,141.63788,43.330433
字知来乙,樺戸郡月形町,160-35,141.638671,43.331069
,樺戸郡月形町,3937,141.637531,43.331357
字知来乙,樺戸郡月形町,160-23,141.639821,43.331541
,樺戸郡月形町,3938,141.64006,43.331732
字知来乙,樺戸郡月形町,160-34,141.639878,43.331404
字知来乙,樺戸郡月形町,160-33,141.640434,43.331098
字知来乙,樺戸郡月形町,160-104,141.640839,43.330682
,樺戸郡月形町,3940,141.640171,43.332202
,樺戸郡月形町,3939,141.640147,43.33222
,樺戸郡月形町,3932,141.640255,43.332701
,樺戸郡月形町,3941,141.640709,43.332305
,樺戸郡月形町,3942,141.640981,43.332766
,樺戸郡月形町,3943,141.641007,43.33279
,樺戸郡月形町,3930,141.640524,43.332794
,樺戸郡月形町,3929,141.640994,43.333602
,樺戸郡月形町,3928,141.640536,43.333193
,樺戸郡月形町,3944,141.6409,43.333014
,樺戸郡月形町,30-8,141.640937,43.333627
,樺戸郡月形町,28-3,141.640923,43.333753
,樺戸郡月形町,30-11,141.64073,43.333691
,樺戸郡月形町,30-10,141.640518,43.333757
,樺戸郡月形町,3927,141.639931,43.333397
,樺戸郡月形町,3931,141.639833,43.332863
,樺戸郡月形町,道-7086,141.637438,43.334771
,樺戸郡月形町,3922,141.639372,43.333317
,樺戸郡月形町,3921,141.638204,43.333416
,樺戸郡月形町,3919,141.638746,43.332867
,樺戸郡月形町,3933,141.639382,43.332629
,樺戸郡月形町,3934,141.639081,43.331967
,樺戸郡月形町,3936,141.638616,43.332046
,樺戸郡月形町,3917,141.638355,43.331687
,樺戸郡月形町,3916,141.637474,43.331966
,樺戸郡月形町,3920,141.637109,43.333417
,樺戸郡月形町,50-9,141.636178,43.333445
,樺戸郡月形町,50-4,141.636432,43.333743
,樺戸郡月形町,50-1,141.635487,43.332912
,樺戸郡月形町,3918,141.636501,43.332465
,樺戸郡月形町,3915,141.634796,43.332391
,樺戸郡月形町,3912,141.637182,43.331238
,樺戸郡月形町,3913,141.634229,43.331256
字知来乙,樺戸郡月形町,160-19,141.635289,43.330988
字知来乙,樺戸郡月形町,160-21,141.636726,43.331086
,樺戸郡月形町,3935,141.638045,43.331632
字知来乙,樺戸郡月形町,160-36,141.637529,43.329756
字知来乙,樺戸郡月形町,160-105,141.63708,43.330005
字知来乙,樺戸郡月形町,160-117,141.636895,43.329988
字知来乙,樺戸郡月形町,160-110,141.635923,43.329796
字知来乙,樺戸郡月形町,160-116,141.636185,43.329863
字知来乙,樺戸郡月形町,160-10,141.636376,43.33052
字知来乙,樺戸郡月形町,160-115,141.635712,43.32978
字知来乙,樺戸郡月形町,160-114,141.635382,43.329721
字知来乙,樺戸郡月形町,160-113,141.635081,43.329669
字知来乙,樺戸郡月形町,160-112,141.634779,43.329616
字知来乙,樺戸郡月形町,3583-5,141.63267,43.32988
字知来乙,樺戸郡月形町,160-41,141.633555,43.33105
字知来乙,樺戸郡月形町,160-38,141.632532,43.330803
字知来乙,樺戸郡月形町,3583-14,141.633038,43.330598
字知来乙,樺戸郡月形町,3583-19,141.633405,43.330641
字知来乙,樺戸郡月形町,3583-18,141.632215,43.330564
字知来乙,樺戸郡月形町,160-80,141.632387,43.331505
字知来乙,樺戸郡月形町,160-15,141.632849,43.331324
,樺戸郡月形町,3909,141.633424,43.331547
字知来乙,樺戸郡月形町,160-17,141.634768,43.330992
,樺戸郡月形町,3914,141.634814,43.331829
,樺戸郡月形町,3907,141.633976,43.332174
,樺戸郡月形町,3906,141.633643,43.332413
,樺戸郡月形町,160-84,141.634689,43.332788
,樺戸郡月形町,49-1,141.634616,43.333233
,樺戸郡月形町,49-6,141.634095,43.333158
,樺戸郡月形町,3903,141.634595,43.33252
,樺戸郡月形町,160-14,141.633936,43.332974
,樺戸郡月形町,160-81,141.63399,43.332961
,樺戸郡月形町,48-1,141.633722,43.333547
,樺戸郡月形町,48-9,141.632523,43.33366
,樺戸郡月形町,161-92,141.632311,43.333582
,樺戸郡月形町,道-7025,141.633028,43.334473
,樺戸郡月形町,3904,141.632606,43.332608
,樺戸郡月形町,3905,141.633455,43.332457
,樺戸郡月形町,3908,141.633214,43.331718
,樺戸郡月形町,3911,141.633131,43.331458
,樺戸郡月形町,3910,141.632852,43.331662
字知来乙,樺戸郡月形町,160-87,141.630541,43.331937
字知来乙,樺戸郡月形町,長狭物不明-100,141.630727,43.332138
,樺戸郡月形町,161-91,141.631313,43.332384
,樺戸郡月形町,161-90,141.631451,43.332437
,樺戸郡月形町,160-89,141.631803,43.332626
,樺戸郡月形町,3895,141.631645,43.333174
,樺戸郡月形町,161-93,141.63205,43.33321
,樺戸郡月形町,3894,141.631953,43.333635
,樺戸郡月形町,3896,141.631197,43.332948
字知来乙,樺戸郡月形町,161-98,141.630907,43.332402
,樺戸郡月形町,3887,141.629653,43.333746
,樺戸郡月形町,3886,141.630399,43.332719
字知来乙,樺戸郡月形町,161-55,141.629006,43.33329
字知来乙,樺戸郡月形町,161-53,141.629365,43.33271
字知来乙,樺戸郡月形町,3582-19,141.629259,43.332371
字知来乙,樺戸郡月形町,161-52,141.630806,43.332303
字知来乙,樺戸郡月形町,161-14,141.630165,43.332283
字知来乙,樺戸郡月形町,160-91,141.630251,43.331812
字知来乙,樺戸郡月形町,3582-5,141.629476,43.331681
字知来乙,樺戸郡月形町,161-96,141.629769,43.331549
字知来乙,樺戸郡月形町,161-95,141.629493,43.331148
字知来乙,樺戸郡月形町,160-90,141.629547,43.330952
字知来乙,樺戸郡月形町,道-7257,141.6293,43.33074
字知来乙,樺戸郡月形町,3583-20,141.631109,43.330594
字知来乙,樺戸郡月形町,3583-17,141.629787,43.331045
字知来乙,樺戸郡月形町,3583-1,141.630727,43.331134
字知来乙,樺戸郡月形町,160-88,141.630056,43.331659
字知来乙,樺戸郡月形町,3583-3,141.630549,43.331749
字知来乙,樺戸郡月形町,3583-15,141.630469,43.331709
字知来乙,樺戸郡月形町,3583-16,141.630983,43.331502
字知来乙,樺戸郡月形町,160-12,141.631304,43.331834
字知来乙,樺戸郡月形町,3583-4,141.631703,43.331047
字知来乙,樺戸郡月形町,3583-23,141.631841,43.330064
字知来乙,樺戸郡月形町,3583-22,141.631616,43.3298
字知来乙,樺戸郡月形町,3583-21,141.630298,43.329641
字知来乙,樺戸郡月形町,160-3,141.63008,43.329595
字知来乙,樺戸郡月形町,3583-2,141.630883,43.329978
字知来乙,樺戸郡月形町,3581-4,141.628999,43.329083
字知来乙,樺戸郡月形町,3581-13,141.629737,43.3287
字知来乙,樺戸郡月形町,160-55,141.629839,43.328395
字知来乙,樺戸郡月形町,160-5,141.630809,43.327944
字知来乙,樺戸郡月形町,3583-25,141.631277,43.328992
字知来乙,樺戸郡月形町,3583-24,141.63125,43.329204
字知来乙,樺戸郡月形町,3583-6,141.632024,43.329125
字知来乙,樺戸郡月形町,3583-26,141.631473,43.328999
字知来乙,樺戸郡月形町,3583-13,141.632338,43.32917
字知来乙,樺戸郡月形町,3583-7,141.632892,43.329279
字知来乙,樺戸郡月形町,3583-8,141.63325,43.329342
字知来乙,樺戸郡月形町,3583-27,141.63356,43.329368
字知来乙,樺戸郡月形町,3583-10,141.633941,43.329465
字知来乙,樺戸郡月形町,3583-9,141.633582,43.329401
字知来乙,樺戸郡月形町,3583-11,141.634092,43.329491
字知来乙,樺戸郡月形町,3583-12,141.634302,43.329528
字知来乙,樺戸郡月形町,160-111,141.634503,43.329567
字知来乙,樺戸郡月形町,160-131,141.633878,43.328067
字知来乙,樺戸郡月形町,160-134,141.634655,43.327998
字知来乙,樺戸郡月形町,160-139,141.635273,43.327734
字知来乙,樺戸郡月形町,160-124,141.632389,43.327196
字知来乙,樺戸郡月形町,311-9,141.633905,43.326147
字知来乙,樺戸郡月形町,311-3,141.634867,43.326202
字知来乙,樺戸郡月形町,3605-16,141.63397,43.32592
字知来乙,樺戸郡月形町,3605-17,141.633648,43.325445
字知来乙,樺戸郡月形町,311-11,141.633476,43.325499
字知来乙,樺戸郡月形町,3605-18,141.633564,43.325512
字知来乙,樺戸郡月形町,311-13,141.63284,43.325502
字知来乙,樺戸郡月形町,3605-12,141.632987,43.325427
字知来乙,樺戸郡月形町,311-14,141.633189,43.325695
字知来乙,樺戸郡月形町,3605-8,141.632711,43.325816
字知来乙,樺戸郡月形町,3605-15,141.633554,43.325934
字知来乙,樺戸郡月形町,311-10,141.633459,43.326095
字知来乙,樺戸郡月形町,311-2,141.63313,43.326104
字知来乙,樺戸郡月形町,311-12,141.632783,43.325801
字知来乙,樺戸郡月形町,3605-11,141.63213,43.325603
字知来乙,樺戸郡月形町,3605-7,141.632547,43.325608
字知来乙,樺戸郡月形町,3605-1,141.632281,43.325899
字知来乙,樺戸郡月形町,3604-1,141.631168,43.325849
字知来乙,樺戸郡月形町,3604-2,141.630944,43.325566
字知来乙,樺戸郡月形町,969-3,141.629901,43.325729
字知来乙,樺戸郡月形町,448-2,141.630286,43.325805
字知来乙,樺戸郡月形町,448-6,141.630358,43.325442
字知来乙,樺戸郡月形町,969-2,141.629601,43.324866
字知来乙,樺戸郡月形町,446,141.629422,43.325543
字知来乙,樺戸郡月形町,448-7,141.629908,43.325146
字知来乙,樺戸郡月形町,3604-18,141.632038,43.324922
字知来乙,樺戸郡月形町,3604-17,141.631749,43.325007
字知来乙,樺戸郡月形町,3604-3,141.631263,43.324906
字知来乙,樺戸郡月形町,3604-5,141.631233,43.32438
字知来乙,樺戸郡月形町,3604-4,141.632075,43.324455
字知来乙,樺戸郡月形町,3604-11,141.631731,43.324183
字知来乙,樺戸郡月形町,3604-13,141.631238,43.323588
字知来乙,樺戸郡月形町,3604-12,141.631287,43.323284
字知来乙,樺戸郡月形町,970-1,141.629819,43.323225
字知来乙,樺戸郡月形町,448-1,141.630515,43.324022
字知来乙,樺戸郡月形町,448-3,141.629917,43.324425
字知来乙,樺戸郡月形町,448-5,141.630347,43.322954
字知来乙,樺戸郡月形町,452-3,141.628949,43.32157
字知来乙,樺戸郡月形町,452-1,141.629947,43.321293
字知来乙,樺戸郡月形町,道-7239,141.631429,43.322371
字知来乙,樺戸郡月形町,453-6,141.631487,43.322066
字知来乙,樺戸郡月形町,453-5,141.631624,43.322215
字知来乙,樺戸郡月形町,3604-16,141.631367,43.322945
字知来乙,樺戸郡月形町,448-4,141.631097,43.322347
字知来乙,樺戸郡月形町,道-7240,141.630602,43.32563
字知来乙,樺戸郡月形町,3604-8,141.632803,43.322917
字知来乙,樺戸郡月形町,3604-9,141.632076,43.322252
字知来乙,樺戸郡月形町,453-7,141.632413,43.321926
字知来乙,樺戸郡月形町,440-1,141.634974,43.32211
字知来乙,樺戸郡月形町,3604-10,141.634215,43.322704
字知来乙,樺戸郡月形町,1423-2,141.634142,43.324085
字知来乙,樺戸郡月形町,3604-7,141.633665,43.323679
字知来乙,樺戸郡月形町,3604-14,141.632678,43.323418
字知来乙,樺戸郡月形町,3604-15,141.632625,43.323378
字知来乙,樺戸郡月形町,3604-6,141.632249,43.323793
字知来乙,樺戸郡月形町,3605-3,141.633448,43.324767
字知来乙,樺戸郡月形町,1423-1,141.633002,43.324382
字知来乙,樺戸郡月形町,道-7241,141.632136,43.324894
字知来乙,樺戸郡月形町,311-22,141.632111,43.325464
字知来乙,樺戸郡月形町,3605-9,141.632751,43.325472
字知来乙,樺戸郡月形町,3605-2,141.633037,43.325006
字知来乙,樺戸郡月形町,3605-13,141.633589,43.325551
字知来乙,樺戸郡月形町,3605-20,141.633688,43.325002
字知来乙,樺戸郡月形町,3605-19,141.633653,43.325164
字知来乙,樺戸郡月形町,311-15,141.633673,43.32493
字知来乙,樺戸郡月形町,3605-5,141.633903,43.324743
字知来乙,樺戸郡月形町,311-20,141.63379,43.32478
字知来乙,樺戸郡月形町,311-4,141.634147,43.324599
字知来乙,樺戸郡月形町,3605-4,141.634574,43.325253
字知来乙,樺戸郡月形町,3605-14,141.634767,43.325474
字知来乙,樺戸郡月形町,3605-10,141.635232,43.325837
字知来乙,樺戸郡月形町,3605-6,141.635792,43.324704
字知来乙,樺戸郡月形町,442-1,141.635983,43.323398
字知来乙,樺戸郡月形町,538,141.636957,43.324743
字知来乙,樺戸郡月形町,537-2,141.638846,43.325109
字知来乙,樺戸郡月形町,541-18,141.639694,43.325296
字知来乙,樺戸郡月形町,541-19,141.640161,43.325146
字知来乙,樺戸郡月形町,541-22,141.640774,43.32494
字知来乙,樺戸郡月形町,541-21,141.640687,43.324972
字知来乙,樺戸郡月形町,541-20,141.640462,43.325048
字知来乙,樺戸郡月形町,537-3,141.640988,43.324855
字知来乙,樺戸郡月形町,3609-4,141.640962,43.324529
字知来乙,樺戸郡月形町,585-7,141.639661,43.324059
字知来乙,樺戸郡月形町,3609-2,141.640092,43.324001
字知来乙,樺戸郡月形町,3609-1,141.640378,43.324281
字知来乙,樺戸郡月形町,3609-15,141.640802,43.323623
字知来乙,樺戸郡月形町,3609-3,141.640616,43.323604
字知来乙,樺戸郡月形町,585-2,141.639883,43.323679
字知来乙,樺戸郡月形町,585-8,141.63926,43.324277
字知来乙,樺戸郡月形町,585-1,141.639065,43.323318
字知来乙,樺戸郡月形町,535,141.640407,43.323079
字知来乙,樺戸郡月形町,534-2,141.640271,43.323841
字知来乙,樺戸郡月形町,534-1,141.640641,43.322574
字知来乙,樺戸郡月形町,長狭物不明-7103,141.641024,43.320972
字知来乙,樺戸郡月形町,585-3,141.639975,43.321148
字知来乙,樺戸郡月形町,585-6,141.639054,43.321386
字知来乙,樺戸郡月形町,長狭物不明-7106,141.638108,43.321667
字知来乙,樺戸郡月形町,540-1,141.637782,43.321305
字知来乙,樺戸郡月形町,539,141.637665,43.323228
字知来乙,樺戸郡月形町,441,141.636709,43.322563
字知来乙,樺戸郡月形町,442-3,141.635546,43.32289
字知来乙,樺戸郡月形町,549-1,141.636869,43.321278
字知来乙,樺戸郡月形町,549-3,141.637011,43.320653
字知来乙,樺戸郡月形町,549-5,141.636224,43.31993
字知来乙,樺戸郡月形町,551-1,141.637428,43.319858
字知来乙,樺戸郡月形町,549-2,141.637218,43.320351
字知来乙,樺戸郡月形町,540-4,141.638897,43.320998
字知来乙,樺戸郡月形町,540-3,141.638138,43.32059
字知来乙,樺戸郡月形町,道-7234,141.641712,43.324621
字知来乙,樺戸郡月形町,608-101,141.638973,43.320314
字知来乙,樺戸郡月形町,608-100,141.6391,43.32025
字知来乙,樺戸郡月形町,608-133,141.639073,43.320332
字知来乙,樺戸郡月形町,608-121,141.639319,43.320377
字知来乙,樺戸郡月形町,608-120,141.639343,43.320292
字知来乙,樺戸郡月形町,608-123,141.639357,43.320245
字知来乙,樺戸郡月形町,608-62,141.639514,43.320412
字知来乙,樺戸郡月形町,585-11,141.639282,43.32065
字知来乙,樺戸郡月形町,585-10,141.639466,43.320942
字知来乙,樺戸郡月形町,585-12,141.639261,43.320884
字知来乙,樺戸郡月形町,536,141.640673,43.321039
字知来乙,樺戸郡月形町,585-4,141.640456,43.320848
字知来乙,樺戸郡月形町,685-5,141.640997,43.320493
字知来乙,樺戸郡月形町,685-6,141.640724,43.320326
字知来乙,樺戸郡月形町,608-78,141.639932,43.320281
字知来乙,樺戸郡月形町,608-125,141.639992,43.320348
字知来乙,樺戸郡月形町,608-81,141.639962,43.320534
字知来乙,樺戸郡月形町,608-131,141.639897,43.320477
字知来乙,樺戸郡月形町,608-80,141.639779,43.320455
字知来乙,樺戸郡月形町,608-79,141.63988,43.320373
字知来乙,樺戸郡月形町,608-61,141.639549,43.320306
字知来乙,樺戸郡月形町,608-60,141.639579,43.320214
字知来乙,樺戸郡月形町,608-59,141.6396,43.320147
字知来乙,樺戸郡月形町,608-132,141.639615,43.320104
字知来乙,樺戸郡月形町,608-58,141.639635,43.320041
字知来乙,樺戸郡月形町,608-57,141.639663,43.319954
字知来乙,樺戸郡月形町,608-56,141.639668,43.319862
字知来乙,樺戸郡月形町,608-114,141.639521,43.319744
字知来乙,樺戸郡月形町,608-55,141.639719,43.31978
字知来乙,樺戸郡月形町,608-73,141.639983,43.31988
字知来乙,樺戸郡月形町,608-127,141.640048,43.319738
字知来乙,樺戸郡月形町,608-72,141.640031,43.319802
字知来乙,樺戸郡月形町,608-74,141.639988,43.319966
字知来乙,樺戸郡月形町,608-75,141.639991,43.320048
字知来乙,樺戸郡月形町,608-76,141.639947,43.320121
字知来乙,樺戸郡月形町,608-77,141.63986,43.320186
字知来乙,樺戸郡月形町,608-66,141.640184,43.319224
字知来乙,樺戸郡月形町,608-48,141.63996,43.319191
字知来乙,樺戸郡月形町,608-49,141.639868,43.319243
字知来乙,樺戸郡月形町,608-67,141.640152,43.319335
字知来乙,樺戸郡月形町,608-68,141.640158,43.319444
字知来乙,樺戸郡月形町,608-69,141.6401,43.319534
字知来乙,樺戸郡月形町,608-70,141.640111,43.319633
字知来乙,樺戸郡月形町,608-71,141.640059,43.319695
字知来乙,樺戸郡月形町,608-5,141.640142,43.318938
字知来乙,樺戸郡月形町,608-52,141.639805,43.319511
字知来乙,樺戸郡月形町,608-54,141.639747,43.319693
字知来乙,樺戸郡月形町,608-53,141.639776,43.319602
字知来乙,樺戸郡月形町,608-113,141.639549,43.319657
字知来乙,樺戸郡月形町,608-112,141.639579,43.319567
字知来乙,樺戸郡月形町,608-111,141.639608,43.319477
字知来乙,樺戸郡月形町,608-128,141.639659,43.31932
字知来乙,樺戸郡月形町,608-110,141.639637,43.319388
字知来乙,樺戸郡月形町,608-51,141.639834,43.319423
字知来乙,樺戸郡月形町,608-50,141.63984,43.319329
字知来乙,樺戸郡月形町,608-108,141.639695,43.319212
字知来乙,樺戸郡月形町,608-109,141.639674,43.319276
字知来乙,樺戸郡月形町,608-89,141.639371,43.319248
字知来乙,樺戸郡月形町,608-90,141.639343,43.319336
字知来乙,樺戸郡月形町,608-91,141.639314,43.319425
字知来乙,樺戸郡月形町,608-28,141.639117,43.319208
字知来乙,樺戸郡月形町,608-26,141.639044,43.319433
字知来乙,樺戸郡月形町,608-27,141.639079,43.31932
字知来乙,樺戸郡月形町,608-94,141.639227,43.319694
字知来乙,樺戸郡月形町,608-93,141.639256,43.319605
字知来乙,樺戸郡月形町,608-92,141.639285,43.319515
字知来乙,樺戸郡月形町,608-6,141.63946,43.319458
字知来乙,樺戸郡月形町,608-95,141.6392,43.319781
字知来乙,樺戸郡月形町,608-96,141.639172,43.319869
字知来乙,樺戸郡月形町,608-130,141.639149,43.319933
字知来乙,樺戸郡月形町,608-115,141.639493,43.319831
字知来乙,樺戸郡月形町,608-116,141.639422,43.319888
字知来乙,樺戸郡月形町,608-129,141.639507,43.319949
字知来乙,樺戸郡月形町,608-117,141.639436,43.320006
字知来乙,樺戸郡月形町,608-119,141.639379,43.320178
字知来乙,樺戸郡月形町,608-118,141.639408,43.32009
字知来乙,樺戸郡月形町,608-97,141.639135,43.319975
字知来乙,樺戸郡月形町,608-98,141.639115,43.320039
字知来乙,樺戸郡月形町,608-99,141.639087,43.320127
字知来乙,樺戸郡月形町,608-122,141.639013,43.320188
字知来乙,樺戸郡月形町,608-7,141.638766,43.319891
字知来乙,樺戸郡月形町,608-1,141.638214,43.319792
字知来乙,樺戸郡月形町,608-9,141.638562,43.319351
字知来乙,樺戸郡月形町,608-35,141.638717,43.319378
字知来乙,樺戸郡月形町,608-36,141.638755,43.319265
字知来乙,樺戸郡月形町,608-10,141.638599,43.319239
字知来乙,樺戸郡月形町,608-19,141.638309,43.319191
字知来乙,樺戸郡月形町,608-18,141.638238,43.319297
字知来乙,樺戸郡月形町,608-21,141.638344,43.318958
字知来乙,樺戸郡月形町,608-20,141.63831,43.319072
字知来乙,樺戸郡月形町,608-11,141.638637,43.319126
字知来乙,樺戸郡月形町,608-12,141.638674,43.319012
字知来乙,樺戸郡月形町,608-17,141.63866,43.318635
字知来乙,樺戸郡月形町,608-13,141.638686,43.318896
字知来乙,樺戸郡月形町,608-14,141.638739,43.318791
字知来乙,樺戸郡月形町,608-23,141.638409,43.318733
字知来乙,樺戸郡月形町,608-22,141.638376,43.318845
字知来乙,樺戸郡月形町,608-4,141.638383,43.318369
字知来乙,樺戸郡月形町,551-2,141.638226,43.318344
字知来乙,樺戸郡月形町,684-20,141.638635,43.318252
字知来乙,樺戸郡月形町,608-25,141.638547,43.318501
字知来乙,樺戸郡月形町,608-24,141.638445,43.318621
字知来乙,樺戸郡月形町,608-16,141.638818,43.318548
字知来乙,樺戸郡月形町,608-42,141.638969,43.318574
字知来乙,樺戸郡月形町,684-22,141.639051,43.318186
字知来乙,樺戸郡月形町,684-21,141.639008,43.318318
字知来乙,樺戸郡月形町,684-45,141.639413,43.318253
字知来乙,樺戸郡月形町,684-44,141.63945,43.318133
字知来乙,樺戸郡月形町,684-46,141.639371,43.318384
字知来乙,樺戸郡月形町,608-33,141.639298,43.318629
字知来乙,樺戸郡月形町,608-8,141.639396,43.318543
字知来乙,樺戸郡月形町,608-84,141.639509,43.318817
字知来乙,樺戸郡月形町,608-85,141.639507,43.318904
字知来乙,樺戸郡月形町,608-31,141.639225,43.318871
字知来乙,樺戸郡月形町,608-32,141.639256,43.318759
字知来乙,樺戸郡月形町,608-41,141.638927,43.318704
字知来乙,樺戸郡月形町,608-15,141.638775,43.318679
字知来乙,樺戸郡月形町,608-40,141.638892,43.318815
字知来乙,樺戸郡月形町,608-34,141.639062,43.318703
字知来乙,樺戸郡月形町,608-39,141.638865,43.318925
字知来乙,樺戸郡月形町,608-38,141.638829,43.319038
字知来乙,樺戸郡月形町,608-37,141.638792,43.319151
字知来乙,樺戸郡月形町,608-29,141.639153,43.319094
字知来乙,樺戸郡月形町,608-30,141.63919,43.318982
字知来乙,樺戸郡月形町,608-86,141.639455,43.318986
字知来乙,樺戸郡月形町,608-87,141.639427,43.319073
字知来乙,樺戸郡月形町,608-88,141.6394,43.31916
字知来乙,樺戸郡月形町,608-107,141.639723,43.319126
字知来乙,樺戸郡月形町,608-106,141.639751,43.319037
字知来乙,樺戸郡月形町,608-105,141.639779,43.318949
字知来乙,樺戸郡月形町,608-83,141.639535,43.318732
字知来乙,樺戸郡月形町,608-102,141.639857,43.318693
字知来乙,樺戸郡月形町,608-103,141.639829,43.31878
字知来乙,樺戸郡月形町,608-104,141.639805,43.318866
字知来乙,樺戸郡月形町,608-45,141.639977,43.318896
字知来乙,樺戸郡月形町,608-44,141.640022,43.318813
字知来乙,樺戸郡月形町,608-43,141.640046,43.318725
字知来乙,樺戸郡月形町,608-64,141.640255,43.318945
字知来乙,樺戸郡月形町,608-126,141.640279,43.319022
字知来乙,樺戸郡月形町,608-46,141.639975,43.318984
字知来乙,樺戸郡月形町,608-47,141.639947,43.319072
字知来乙,樺戸郡月形町,608-124,141.639876,43.319131
字知来乙,樺戸郡月形町,608-65,141.640217,43.319101
字知来乙,樺戸郡月形町,608-63,141.640288,43.318813
字知来乙,樺戸郡月形町,1797-20,141.640736,43.318264
字知来乙,樺戸郡月形町,1797-32,141.640812,43.318276
字知来乙,樺戸郡月形町,1797-22,141.640949,43.318296
字知来乙,樺戸郡月形町,1797-21,141.640876,43.31823
字知来乙,樺戸郡月形町,1797-17,141.641229,43.318214
字知来乙,樺戸郡月形町,1797-18,141.640525,43.318214
字知来乙,樺戸郡月形町,1797-19,141.640631,43.318249
字知来乙,樺戸郡月形町,1797-33,141.640508,43.318297
字知来乙,樺戸郡月形町,684-79,141.640264,43.318246
字知来乙,樺戸郡月形町,684-80,141.640286,43.318145
字知来乙,樺戸郡月形町,684-71,141.640042,43.318211
字知来乙,樺戸郡月形町,684-72,141.640012,43.318309
字知来乙,樺戸郡月形町,684-78,141.64021,43.318341
字知来乙,樺戸郡月形町,684-82,141.640219,43.318418
字知来乙,樺戸郡月形町,684-77,141.640207,43.318467
字知来乙,樺戸郡月形町,684-76,141.640232,43.318568
字知来乙,樺戸郡月形町,684-75,141.640077,43.318543
字知来乙,樺戸郡月形町,684-74,141.63992,43.318518
字知来乙,樺戸郡月形町,684-73,141.639981,43.318409
字知来乙,樺戸郡月形町,608-82,141.639558,43.318643
字知来乙,樺戸郡月形町,684-64,141.639679,43.318498
字知来乙,樺戸郡月形町,684-65,141.639646,43.318401
字知来乙,樺戸郡月形町,684-66,141.639673,43.318312
字知来乙,樺戸郡月形町,684-1,141.639862,43.318283
字知来乙,樺戸郡月形町,684-81,141.639816,43.31817
字知来乙,樺戸郡月形町,684-67,141.639701,43.318224
字知来乙,樺戸郡月形町,684-68,141.639737,43.31811
字知来乙,樺戸郡月形町,684-69,141.639732,43.318043
字知来乙,樺戸郡月形町,684-42,141.639527,43.317896
字知来乙,樺戸郡月形町,684-41,141.639564,43.317777
字知来乙,樺戸郡月形町,684-40,141.639601,43.317661
字知来乙,樺戸郡月形町,684-49,141.639997,43.317796
字知来乙,樺戸郡月形町,684-70,141.640072,43.318111
字知来乙,樺戸郡月形町,1797-31,141.640566,43.318026
字知来乙,樺戸郡月形町,684-50,141.640384,43.318423
字知来乙,樺戸郡月形町,1797-30,141.640678,43.318009
字知来乙,樺戸郡月形町,1797-29,141.640778,43.318056
字知来乙,樺戸郡月形町,1797-27,141.640994,43.318056
字知来乙,樺戸郡月形町,1797-28,141.640896,43.318009
字知来乙,樺戸郡月形町,684-47,141.640395,43.317115
字知来乙,樺戸郡月形町,684-48,141.640414,43.317494
字知来乙,樺戸郡月形町,684-39,141.639639,43.317542
字知来乙,樺戸郡月形町,684-38,141.639678,43.317422
字知来乙,樺戸郡月形町,684-37,141.639713,43.317306
字知来乙,樺戸郡月形町,684-36,141.639751,43.317189
字知来乙,樺戸郡月形町,684-31,141.639357,43.317118
字知来乙,樺戸郡月形町,684-30,141.639354,43.31724
字知来乙,樺戸郡月形町,684-11,141.638988,43.317173
字知来乙,樺戸郡月形町,684-12,141.638949,43.317291
字知来乙,樺戸郡月形町,684-13,141.638911,43.317406
字知来乙,樺戸郡月形町,684-14,141.6389,43.31753
字知来乙,樺戸郡月形町,684-27,141.63924,43.317593
字知来乙,樺戸郡月形町,684-29,141.639316,43.317357
字知来乙,樺戸郡月形町,684-28,141.639278,43.317475
字知来乙,樺戸郡月形町,684-26,141.639204,43.31771
字知来乙,樺戸郡月形町,684-25,141.639166,43.317828
字知来乙,樺戸郡月形町,684-43,141.639488,43.318015
字知来乙,樺戸郡月形町,684-24,141.639128,43.317947
字知来乙,樺戸郡月形町,684-23,141.639088,43.318066
字知来乙,樺戸郡月形町,684-16,141.638781,43.31776
字知来乙,樺戸郡月形町,684-6,141.639284,43.316859
字知来乙,樺戸郡月形町,684-15,141.638824,43.317642
字知来乙,樺戸郡月形町,684-17,141.638741,43.31788
字知来乙,樺戸郡月形町,684-18,141.638702,43.317997
字知来乙,樺戸郡月形町,684-19,141.638633,43.318108
字知来乙,樺戸郡月形町,684-5,141.63886,43.316912
字知来乙,樺戸郡月形町,457-2,141.638499,43.317468
字知来乙,樺戸郡月形町,457-4,141.638263,43.316693
字知来乙,樺戸郡月形町,457-3,141.637891,43.317538
字知来乙,樺戸郡月形町,551-5,141.636148,43.318834
字知来乙,樺戸郡月形町,457-1,141.636451,43.317241
字知来乙,樺戸郡月形町,1841-3,141.635061,43.317284
字知来乙,樺戸郡月形町,1841-4,141.634729,43.317368
字知来乙,樺戸郡月形町,1841-5,141.634564,43.317213
字知来乙,樺戸郡月形町,3602-34,141.634135,43.317299
字知来乙,樺戸郡月形町,1841-6,141.634445,43.317734
字知来乙,樺戸郡月形町,1839-1,141.633745,43.318081
字知来乙,樺戸郡月形町,3602-5,141.633953,43.317643
字知来乙,樺戸郡月形町,1841-10,141.634217,43.317317
字知来乙,樺戸郡月形町,3602-10,141.633791,43.31728
字知来乙,樺戸郡月形町,3602-29,141.633637,43.317634
字知来乙,樺戸郡月形町,3602-30,141.632354,43.316775
字知来乙,樺戸郡月形町,3602-26,141.632752,43.317273
字知来乙,樺戸郡月形町,3602-28,141.632462,43.317682
字知来乙,樺戸郡月形町,3602-27,141.632903,43.317217
字知来乙,樺戸郡月形町,3602-50,141.632287,43.317752
字知来乙,樺戸郡月形町,3602-52,141.632326,43.317772
字知来乙,樺戸郡月形町,3602-54,141.632364,43.317785
字知来乙,樺戸郡月形町,3602-51,141.632142,43.317968
字知来乙,樺戸郡月形町,3602-49,141.632106,43.317945
字知来乙,樺戸郡月形町,3602-53,141.632174,43.317985
字知来乙,樺戸郡月形町,3602-56,141.632925,43.318118
字知来乙,樺戸郡月形町,3602-3,141.633098,43.317708
字知来乙,樺戸郡月形町,3602-48,141.633281,43.318156
字知来乙,樺戸郡月形町,3602-4,141.633344,43.318207
字知来乙,樺戸郡月形町,3602-47,141.633822,43.31776
字知来乙,樺戸郡月形町,3602-58,141.633241,43.318298
字知来乙,樺戸郡月形町,1839-5,141.633493,43.318449
字知来乙,樺戸郡月形町,3602-57,141.633012,43.318494
字知来乙,樺戸郡月形町,3602-59,141.632891,43.318478
字知来乙,樺戸郡月形町,3602-60,141.633163,43.318255
字知来乙,樺戸郡月形町,3602-55,141.632746,43.318317
字知来乙,樺戸郡月形町,3602-25,141.632437,43.318322
字知来乙,樺戸郡月形町,1837-4,141.63279,43.318564
字知来乙,樺戸郡月形町,1839-4,141.633419,43.318716
字知来乙,樺戸郡月形町,552,141.633748,43.319053
字知来乙,樺戸郡月形町,1839-6,141.633753,43.31855
字知来乙,樺戸郡月形町,1839-3,141.634082,43.318281
字知来乙,樺戸郡月形町,551-3,141.634333,43.319138
字知来乙,樺戸郡月形町,551-4,141.634701,43.31917
字知来乙,樺戸郡月形町,550,141.633829,43.319713
字知来乙,樺戸郡月形町,3720,141.634,43.319027
字知来乙,樺戸郡月形町,549-4,141.635116,43.320397
字知来乙,樺戸郡月形町,道-7232,141.633064,43.320704
字知来乙,樺戸郡月形町,453-3,141.633105,43.319238
字知来乙,樺戸郡月形町,1837-1,141.631651,43.319454
字知来乙,樺戸郡月形町,3602-2,141.63097,43.319659
字知来乙,樺戸郡月形町,1834-2,141.630947,43.319718
字知来乙,樺戸郡月形町,453-1,141.631401,43.32081
字知来乙,樺戸郡月形町,1834-1,141.630909,43.319938
字知来乙,樺戸郡月形町,1835-6,141.630205,43.320241
字知来乙,樺戸郡月形町,1834-3,141.629709,43.320796
字知来乙,樺戸郡月形町,1834-4,141.629629,43.320816
字知来乙,樺戸郡月形町,道-7251,141.629589,43.320871
字知来乙,樺戸郡月形町,452-4,141.629308,43.321194
字知来乙,樺戸郡月形町,1832-2,141.629569,43.320939
字知来乙,樺戸郡月形町,道-7192,141.629951,43.320509
字知来乙,樺戸郡月形町,1835-2,141.629428,43.320687
字知来乙,樺戸郡月形町,1831,141.629492,43.320006
字知来乙,樺戸郡月形町,1835-4,141.630584,43.319723
字知来乙,樺戸郡月形町,1835-5,141.630245,43.320123
字知来乙,樺戸郡月形町,1835-1,141.630122,43.319517
字知来乙,樺戸郡月形町,1835-3,141.62964,43.319458
字知来乙,樺戸郡月形町,3601-12,141.629733,43.318923
字知来乙,樺戸郡月形町,3601-5,141.629741,43.318084
字知来乙,樺戸郡月形町,577-4,141.630065,43.318567
字知来乙,樺戸郡月形町,3601-8,141.629997,43.318803
字知来乙,樺戸郡月形町,1836-4,141.630429,43.319085
字知来乙,樺戸郡月形町,3602-22,141.630475,43.31938
字知来乙,樺戸郡月形町,3602-23,141.630417,43.319204
字知来乙,樺戸郡月形町,3602-45,141.631261,43.319462
字知来乙,樺戸郡月形町,1837-3,141.632229,43.318946
字知来乙,樺戸郡月形町,3602-1,141.631812,43.318724
字知来乙,樺戸郡月形町,3602-24,141.631238,43.318593
字知来乙,樺戸郡月形町,1836-1,141.631137,43.318083
字知来乙,樺戸郡月形町,1838-4,141.631685,43.317694
字知来乙,樺戸郡月形町,1838-5,141.631821,43.317483
字知来乙,樺戸郡月形町,1838-1,141.632377,43.317354
字知来乙,樺戸郡月形町,578-44,141.631407,43.31713
字知来乙,樺戸郡月形町,3601-7,141.629096,43.317808
字知来乙,樺戸郡月形町,道-7230,141.628317,43.315579
字知来乙,樺戸郡月形町,578-217,141.630051,43.316332
字知来乙,樺戸郡月形町,578-155,141.630532,43.316166
字知来乙,樺戸郡月形町,578-154,141.630422,43.316214
字知来乙,樺戸郡月形町,578-152,141.630331,43.316375
字知来乙,樺戸郡月形町,578-153,141.630242,43.316325
字知来乙,樺戸郡月形町,578-171,141.630476,43.316533
字知来乙,樺戸郡月形町,578-170,141.63058,43.316452
字知来乙,樺戸郡月形町,577-14,141.629481,43.316249
字知来乙,樺戸郡月形町,578-172,141.630618,43.31662
字知来乙,樺戸郡月形町,578-180,141.630936,43.316674
字知来乙,樺戸郡月形町,578-181,141.630842,43.316747
字知来乙,樺戸郡月形町,578-182,141.63096,43.316791
字知来乙,樺戸郡月形町,578-199,141.631096,43.316782
字知来乙,樺戸郡月形町,578-183,141.631029,43.316737
字知来乙,樺戸郡月形町,578-179,141.631029,43.3166
字知来乙,樺戸郡月形町,578-184,141.631122,43.316664
字知来乙,樺戸郡月形町,578-185,141.631201,43.316601
字知来乙,樺戸郡月形町,578-197,141.631283,43.316635
字知来乙,樺戸郡月形町,578-43,141.631527,43.316549
字知来乙,樺戸郡月形町,578-198,141.631189,43.316709
字知来乙,樺戸郡月形町,578-188,141.631309,43.316868
字知来乙,樺戸郡月形町,578-187,141.63121,43.316947
字知来乙,樺戸郡月形町,578-200,141.631007,43.31685
字知来乙,樺戸郡月形町,578-216,141.631281,43.31699
字知来乙,樺戸郡月形町,578-201,141.631379,43.317042
字知来乙,樺戸郡月形町,578-202,141.631479,43.316965
字知来乙,樺戸郡月形町,578-215,141.631391,43.316903
字知来乙,樺戸郡月形町,578-214,141.63147,43.316841
字知来乙,樺戸郡月形町,578-203,141.631563,43.316899
字知来乙,樺戸郡月形町,578-204,141.631656,43.31684
字知来乙,樺戸郡月形町,578-205,141.63173,43.316766
字知来乙,樺戸郡月形町,578-206,141.631814,43.316701
字知来乙,樺戸郡月形町,578-207,141.631898,43.316635
字知来乙,樺戸郡月形町,578-211,141.631791,43.316586
字知来乙,樺戸郡月形町,578-191,141.631585,43.316651
字知来乙,樺戸郡月形町,578-212,141.631653,43.316696
字知来乙,樺戸郡月形町,578-213,141.63156,43.316769
字知来乙,樺戸郡月形町,578-190,141.631492,43.316724
字知来乙,樺戸郡月形町,578-189,141.631401,43.316795
字知来乙,樺戸郡月形町,578-196,141.631385,43.316557
字知来乙,樺戸郡月形町,578-164,141.631461,43.316332
字知来乙,樺戸郡月形町,578-165,141.631541,43.316357
字知来乙,樺戸郡月形町,578-194,141.631568,43.316416
字知来乙,樺戸郡月形町,578-193,141.631665,43.316481
字知来乙,樺戸郡月形町,578-192,141.631713,43.316573
字知来乙,樺戸郡月形町,578-208,141.631982,43.316569
字知来乙,樺戸郡月形町,578-209,141.632065,43.316503
字知来乙,樺戸郡月形町,578-210,141.631948,43.316462
字知来乙,樺戸郡月形町,578-195,141.631799,43.316363
字知来乙,樺戸郡月形町,578-136,141.632003,43.316074
字知来乙,樺戸郡月形町,578-3,141.631209,43.315791
字知来乙,樺戸郡月形町,578-163,141.63135,43.316268
字知来乙,樺戸郡月形町,578-160,141.631042,43.316058
字知来乙,樺戸郡月形町,578-161,141.631144,43.316129
字知来乙,樺戸郡月形町,578-162,141.631246,43.316199
字知来乙,樺戸郡月形町,578-186,141.63131,43.316515
字知来乙,樺戸郡月形町,578-177,141.631215,43.316454
字知来乙,樺戸郡月形町,578-178,141.631122,43.316527
字知来乙,樺戸郡月形町,578-176,141.630998,43.316315
字知来乙,樺戸郡月形町,578-2,141.630489,43.316371
字知来乙,樺戸郡月形町,578-175,141.630901,43.316394
字知来乙,樺戸郡月形町,578-174,141.630818,43.316474
字知来乙,樺戸郡月形町,578-173,141.630716,43.316544
字知来乙,樺戸郡月形町,578-169,141.630673,43.316378
字知来乙,樺戸郡月形町,578-168,141.630764,43.316303
字知来乙,樺戸郡月形町,578-167,141.630864,43.316224
字知来乙,樺戸郡月形町,578-156,141.630617,43.316101
字知来乙,樺戸郡月形町,578-157,141.630701,43.316035
字知来乙,樺戸郡月形町,578-159,141.630932,43.315993
字知来乙,樺戸郡月形町,578-158,141.630814,43.315926
字知来乙,樺戸郡月形町,578-166,141.631291,43.316019
字知来乙,樺戸郡月形町,578-148,141.631602,43.31579
字知来乙,樺戸郡月形町,578-133,141.6317,43.315859
字知来乙,樺戸郡月形町,578-134,141.631791,43.315925
字知来乙,樺戸郡月形町,578-135,141.6319,43.31599
字知来乙,樺戸郡月形町,578-130,141.632025,43.315895
字知来乙,樺戸郡月形町,578-131,141.631925,43.315825
字知来乙,樺戸郡月形町,578-147,141.631728,43.315695
字知来乙,樺戸郡月形町,578-132,141.631834,43.315759
字知来乙,樺戸郡月形町,578-123,141.632011,43.315625
字知来乙,樺戸郡月形町,578-141,141.631904,43.315561
字知来乙,樺戸郡月形町,578-146,141.63162,43.315607
字知来乙,樺戸郡月形町,578-149,141.631487,43.315708
字知来乙,樺戸郡月形町,578-151,141.631242,43.315688
字知来乙,樺戸郡月形町,578-150,141.631365,43.315619
字知来乙,樺戸郡月形町,578-145,141.631494,43.315521
字知来乙,樺戸郡月形町,578-143,141.631675,43.315384
字知来乙,樺戸郡月形町,578-144,141.631691,43.315528
字知来乙,樺戸郡月形町,578-142,141.631797,43.315473
字知来乙,樺戸郡月形町,578-140,141.632047,43.315454
字知来乙,樺戸郡月形町,578-139,141.631932,43.315371
字知来乙,樺戸郡月形町,578-38,141.632006,43.315299
字知来乙,樺戸郡月形町,578-138,141.631806,43.315285
字知来乙,樺戸郡月形町,578-79,141.632026,43.315119
字知来乙,樺戸郡月形町,579-51,141.629285,43.315562
字知来乙,樺戸郡月形町,579-227,141.629148,43.31549
字知来乙,樺戸郡月形町,579-229,141.629229,43.315407
字知来乙,樺戸郡月形町,579-231,141.629313,43.315319
字知来乙,樺戸郡月形町,579-230,141.629477,43.315401
字知来乙,樺戸郡月形町,579-2,141.629147,43.315794
字知来乙,樺戸郡月形町,579-228,141.62938,43.315483
字知来乙,樺戸郡月形町,579-232,141.629561,43.315304
字知来乙,樺戸郡月形町,579-234,141.629652,43.315215
字知来乙,樺戸郡月形町,579-236,141.629744,43.31513
字知来乙,樺戸郡月形町,579-238,141.629824,43.315038
字知来乙,樺戸郡月形町,579-235,141.62949,43.315133
字知来乙,樺戸郡月形町,579-237,141.629577,43.315042
字知来乙,樺戸郡月形町,579-233,141.629402,43.315225
字知来乙,樺戸郡月形町,579-48,141.629127,43.315138
字知来乙,樺戸郡月形町,579-50,141.62924,43.315018
字知来乙,樺戸郡月形町,579-69,141.629353,43.3149
字知来乙,樺戸郡月形町,579-71,141.629467,43.31478
字知来乙,樺戸郡月形町,579-68,141.629199,43.314821
字知来乙,樺戸郡月形町,579-72,141.629427,43.314583
字知来乙,樺戸郡月形町,579-70,141.629314,43.3147
字知来乙,樺戸郡月形町,579-73,141.629579,43.314661
字知来乙,樺戸郡月形町,579-243,141.629833,43.314773
字知来乙,樺戸郡月形町,579-241,141.629746,43.314858
字知来乙,樺戸郡月形町,579-239,141.629663,43.31495
字知来乙,樺戸郡月形町,579-240,141.629923,43.314957
字知来乙,樺戸郡月形町,579-242,141.629997,43.314862
字知来乙,樺戸郡月形町,579-96,141.630379,43.314726
字知来乙,樺戸郡月形町,579-95,141.630275,43.314534
字知来乙,樺戸郡月形町,579-93,141.630155,43.314656
字知来乙,樺戸郡月形町,579-92,141.630006,43.314577
字知来乙,樺戸郡月形町,579-91,141.629926,43.314301
字知来乙,樺戸郡月形町,579-94,141.630123,43.314457
字知来乙,樺戸郡月形町,579-126,141.630392,43.314414
字知来乙,樺戸郡月形町,579-128,141.630497,43.314306
字知来乙,樺戸郡月形町,579-127,141.630344,43.314229
字知来乙,樺戸郡月形町,579-125,141.630239,43.314337
字知来乙,樺戸郡月形町,579-130,141.630589,43.314211
字知来乙,樺戸郡月形町,579-129,141.630438,43.314133
字知来乙,樺戸郡月形町,579-116,141.630156,43.314063
字知来乙,樺戸郡月形町,579-114,141.630041,43.314183
字知来乙,樺戸郡月形町,579-113,141.629912,43.314082
字知来乙,樺戸郡月形町,579-253,141.629954,43.314044
字知来乙,樺戸郡月形町,579-252,141.629991,43.314
字知来乙,樺戸郡月形町,579-248,141.629649,43.313966
字知来乙,樺戸郡月形町,579-249,141.629605,43.314011
字知来乙,樺戸郡月形町,579-87,141.629572,43.314047
字知来乙,樺戸郡月形町,579-246,141.629527,43.314095
字知来乙,樺戸郡月形町,579-245,141.629492,43.31413
字知来乙,樺戸郡月形町,579-251,141.629853,43.31414
字知来乙,樺戸郡月形町,579-247,141.629815,43.314181
字知来乙,樺戸郡月形町,579-90,141.629756,43.31424
字知来乙,樺戸郡月形町,579-89,141.629807,43.314424
字知来乙,樺戸郡月形町,579-88,141.629644,43.314359
字知来乙,樺戸郡月形町,579-83,141.629365,43.314259
字知来乙,樺戸郡月形町,579-67,141.62919,43.314442
字知来乙,樺戸郡月形町,579-82,141.62917,43.314159
字知来乙,樺戸郡月形町,579-85,141.629447,43.314177
字知来乙,樺戸郡月形町,579-86,141.629366,43.313977
字知来乙,樺戸郡月形町,579-84,141.629276,43.31407
字知来乙,樺戸郡月形町,579-97,141.629458,43.313881
字知来乙,樺戸郡月形町,579-98,141.629681,43.313929
字知来乙,樺戸郡月形町,579-100,141.629764,43.313851
字知来乙,樺戸郡月形町,579-250,141.629712,43.313894
字知来乙,樺戸郡月形町,579-102,141.629822,43.313786
字知来乙,樺戸郡月形町,579-99,141.629551,43.313786
字知来乙,樺戸郡月形町,579-101,141.629641,43.313692
字知来乙,樺戸郡月形町,579-103,141.629731,43.313597
字知来乙,樺戸郡月形町,579-105,141.629822,43.313504
字知来乙,樺戸郡月形町,579-262,141.630607,43.312259
字知来乙,樺戸郡月形町,579-1,141.629868,43.312312
字知来乙,樺戸郡月形町,579-19,141.629541,43.313393
字知来乙,樺戸郡月形町,579-22,141.629728,43.31344
字知来乙,樺戸郡月形町,579-10,141.628282,43.314798
字知来乙,樺戸郡月形町,579-107,141.629911,43.313409
字知来乙,樺戸郡月形町,579-109,141.63,43.313315
字知来乙,樺戸郡月形町,579-110,141.630183,43.313409
字知来乙,樺戸郡月形町,579-111,141.630092,43.313219
字知来乙,樺戸郡月形町,579-133,141.630184,43.313125
字知来乙,樺戸郡月形町,579-135,141.630305,43.313046
字知来乙,樺戸郡月形町,579-136,141.630459,43.313125
字知来乙,樺戸郡月形町,579-134,141.630367,43.31322
字知来乙,樺戸郡月形町,579-112,141.630275,43.313313
字知来乙,樺戸郡月形町,579-137,141.630585,43.313383
字知来乙,樺戸郡月形町,579-123,141.630468,43.313503
字知来乙,樺戸郡月形町,579-225,141.629167,43.314306
字知来乙,樺戸郡月形町,579-122,141.630505,43.313701
字知来乙,樺戸郡月形町,579-121,141.630351,43.313625
字知来乙,樺戸郡月形町,579-108,141.630093,43.313503
字知来乙,樺戸郡月形町,579-106,141.630003,43.313598
字知来乙,樺戸郡月形町,579-104,141.629913,43.313692
字知来乙,樺戸郡月形町,579-115,141.630046,43.313941
字知来乙,樺戸郡月形町,579-117,141.630122,43.313863
字知来乙,樺戸郡月形町,579-118,141.630273,43.313942
字知来乙,樺戸郡月形町,579-119,141.630236,43.313743
字知来乙,樺戸郡月形町,579-120,141.630389,43.313821
字知来乙,樺戸郡月形町,579-131,141.630792,43.313882
字知来乙,樺戸郡月形町,579-142,141.631149,43.313631
字知来乙,樺戸郡月形町,579-144,141.631243,43.313532
字知来乙,樺戸郡月形町,579-143,141.631093,43.313455
字知来乙,樺戸郡月形町,579-141,141.630997,43.313553
字知来乙,樺戸郡月形町,579-124,141.63062,43.31358
字知来乙,樺戸郡月形町,579-138,141.630737,43.313461
字知来乙,樺戸郡月形町,579-140,141.63085,43.313342
字知来乙,樺戸郡月形町,579-139,141.630701,43.313265
字知来乙,樺戸郡月形町,579-148,141.630639,43.312941
字知来乙,樺戸郡月形町,579-157,141.630904,43.313054
字知来乙,樺戸郡月形町,579-158,141.631055,43.313134
字知来乙,樺戸郡月形町,579-159,141.63102,43.312934
字知来乙,樺戸郡月形町,579-160,141.631172,43.313013
字知来乙,樺戸郡月形町,579-165,141.631279,43.313263
字知来乙,樺戸郡月形町,579-166,141.63143,43.31334
字知来乙,樺戸郡月形町,579-168,141.631529,43.313239
字知来乙,樺戸郡月形町,579-167,141.631377,43.31316
字知来乙,樺戸郡月形町,579-169,141.631474,43.31306
字知来乙,樺戸郡月形町,579-171,141.631571,43.312961
字知来乙,樺戸郡月形町,579-170,141.631627,43.313139
字知来乙,樺戸郡月形町,579-172,141.631723,43.31304
字知来乙,樺戸郡月形町,579-174,141.631822,43.312939
字知来乙,樺戸郡月形町,579-179,141.632008,43.313138
字知来乙,樺戸郡月形町,579-178,141.631937,43.313223
字知来乙,樺戸郡月形町,579-177,141.631846,43.313296
字知来乙,樺戸郡月形町,579-176,141.631764,43.313374
字知来乙,樺戸郡月形町,579-175,141.631654,43.313458
字知来乙,樺戸郡月形町,579-146,141.631479,43.313652
字知来乙,樺戸郡月形町,579-145,141.631376,43.313751
字知来乙,樺戸郡月形町,578-1,141.632665,43.313589
字知来乙,樺戸郡月形町,579-132,141.630935,43.314183
字知来乙,樺戸郡月形町,578-62,141.632346,43.314873
字知来乙,樺戸郡月形町,578-8,141.632505,43.314614
字知来乙,樺戸郡月形町,578-115,141.632733,43.314591
字知来乙,樺戸郡月形町,578-45,141.632495,43.31476
字知来乙,樺戸郡月形町,578-46,141.632617,43.314835
字知来乙,樺戸郡月形町,578-61,141.632469,43.314946
字知来乙,樺戸郡月形町,578-47,141.632721,43.31491
字知来乙,樺戸郡月形町,578-48,141.632793,43.314994
字知来乙,樺戸郡月形町,578-41,141.632988,43.314969
字知来乙,樺戸郡月形町,578-113,141.632966,43.314768
字知来乙,樺戸郡月形町,578-112,141.633064,43.314836
字知来乙,樺戸郡月形町,578-111,141.633157,43.314902
字知来乙,樺戸郡月形町,578-116,141.633017,43.314935
字知来乙,樺戸郡月形町,578-110,141.633257,43.314973
字知来乙,樺戸郡月形町,578-106,141.633513,43.314941
字知来乙,樺戸郡月形町,578-105,141.633411,43.314856
字知来乙,樺戸郡月形町,578-104,141.63331,43.314786
字知来乙,樺戸郡月形町,578-103,141.63321,43.314726
字知来乙,樺戸郡月形町,578-99,141.633358,43.314684
字知来乙,樺戸郡月形町,578-93,141.633553,43.314672
字知来乙,樺戸郡月形町,578-94,141.633467,43.314611
字知来乙,樺戸郡月形町,578-95,141.633383,43.314551
字知来乙,樺戸郡月形町,578-102,141.633121,43.31465
字知来乙,樺戸郡月形町,578-114,141.632852,43.314687
字知来乙,樺戸郡月形町,578-101,141.632999,43.314577
字知来乙,樺戸郡月形町,578-100,141.632873,43.314489
字知来乙,樺戸郡月形町,578-98,141.633061,43.314337
字知来乙,樺戸郡月形町,578-97,141.633185,43.314411
字知来乙,樺戸郡月形町,578-96,141.633288,43.314484
字知来乙,樺戸郡月形町,578-84,141.633529,43.31444
字知来乙,樺戸郡月形町,578-83,141.633435,43.314374
字知来乙,樺戸郡月形町,578-82,141.633332,43.3143
字知来乙,樺戸郡月形町,578-81,141.633218,43.314222
字知来乙,樺戸郡月形町,578-9,141.633447,43.314054
字知来乙,樺戸郡月形町,579-180,141.6321,43.313065
字知来乙,樺戸郡月形町,579-219,141.632183,43.312986
字知来乙,樺戸郡月形町,578-22,141.633598,43.31394
字知来乙,樺戸郡月形町,578-23,141.633804,43.313776
字知来乙,樺戸郡月形町,578-24,141.633921,43.313861
字知来乙,樺戸郡月形町,578-25,141.63404,43.313945
字知来乙,樺戸郡月形町,578-33,141.634276,43.31393
字知来乙,樺戸郡月形町,578-32,141.634158,43.313843
字知来乙,樺戸郡月形町,578-31,141.634044,43.313758
字知来乙,樺戸郡月形町,578-30,141.633933,43.313675
字知来乙,樺戸郡月形町,1845-3,141.634994,43.314443
字知来乙,樺戸郡月形町,578-36,141.634684,43.314235
字知来乙,樺戸郡月形町,578-29,141.634557,43.314314
字知来乙,樺戸郡月形町,578-16,141.634356,43.314477
字知来乙,樺戸郡月形町,578-28,141.63439,43.314193
字知来乙,樺戸郡月形町,578-35,141.634532,43.314122
字知来乙,樺戸郡月形町,578-34,141.634401,43.314023
字知来乙,樺戸郡月形町,578-26,141.634156,43.314026
字知来乙,樺戸郡月形町,578-27,141.634271,43.314108
字知来乙,樺戸郡月形町,578-7,141.634606,43.314449
字知来乙,樺戸郡月形町,578-19,141.634003,43.314212
字知来乙,樺戸郡月形町,578-21,141.63373,43.31403
字知来乙,樺戸郡月形町,578-10,141.633575,43.314147
字知来乙,樺戸郡月形町,578-20,141.633861,43.314124
字知来乙,樺戸郡月形町,578-12,141.63384,43.314335
字知来乙,樺戸郡月形町,578-11,141.633716,43.314232
字知来乙,樺戸郡月形町,578-39,141.633696,43.314427
字知来乙,樺戸郡月形町,578-13,141.633964,43.314422
字知来乙,樺戸郡月形町,578-18,141.634124,43.314299
字知来乙,樺戸郡月形町,578-17,141.634228,43.314384
字知来乙,樺戸郡月形町,578-15,141.634207,43.314591
字知来乙,樺戸郡月形町,578-14,141.634076,43.314501
字知来乙,樺戸郡月形町,578-85,141.633615,43.3145
字知来乙,樺戸郡月形町,578-86,141.633702,43.314561
字知来乙,樺戸郡月形町,578-92,141.63364,43.314734
字知来乙,樺戸郡月形町,578-87,141.633789,43.314623
字知来乙,樺戸郡月形町,578-88,141.633882,43.314691
字知来乙,樺戸郡月形町,578-90,141.633855,43.314876
字知来乙,樺戸郡月形町,578-91,141.633734,43.314802
字知来乙,樺戸郡月形町,578-89,141.634004,43.314765
字知来乙,樺戸郡月形町,578-37,141.634339,43.314763
字知来乙,樺戸郡月形町,3602-17,141.635016,43.314607
字知来乙,樺戸郡月形町,3602-37,141.634391,43.315132
字知来乙,樺戸郡月形町,3602-40,141.634656,43.315481
字知来乙,樺戸郡月形町,3602-14,141.634416,43.315929
字知来乙,樺戸郡月形町,3602-38,141.633912,43.315484
字知来乙,樺戸郡月形町,1842-2,141.634492,43.314838
字知来乙,樺戸郡月形町,3602-36,141.633463,43.315715
字知来乙,樺戸郡月形町,578-40,141.633844,43.315026
字知来乙,樺戸郡月形町,578-6,141.633629,43.31531
字知来乙,樺戸郡月形町,578-107,141.633635,43.315031
字知来乙,樺戸郡月形町,578-108,141.633501,43.315135
字知来乙,樺戸郡月形町,578-109,141.633367,43.315051
字知来乙,樺戸郡月形町,578-53,141.633273,43.315313
字知来乙,樺戸郡月形町,578-55,141.633032,43.315332
字知来乙,樺戸郡月形町,578-54,141.633128,43.315424
字知来乙,樺戸郡月形町,578-56,141.632929,43.315271
字知来乙,樺戸郡月形町,578-57,141.632841,43.315209
字知来乙,樺戸郡月形町,578-52,141.633169,43.315227
字知来乙,樺戸郡月形町,578-51,141.633075,43.31516
字知来乙,樺戸郡月形町,578-50,141.632989,43.315098
字知来乙,樺戸郡月形町,578-49,141.632902,43.315037
字知来乙,樺戸郡月形町,578-59,141.632669,43.315088
字知来乙,樺戸郡月形町,578-58,141.632755,43.315148
字知来乙,樺戸郡月形町,578-63,141.632272,43.314955
字知来乙,樺戸郡月形町,578-67,141.632502,43.315257
字知来乙,樺戸郡月形町,578-60,141.632573,43.315021
字知来乙,樺戸郡月形町,578-65,141.632279,43.315113
字知来乙,樺戸郡月形町,578-64,141.632152,43.315024
字知来乙,樺戸郡月形町,578-78,141.632145,43.315214
字知来乙,樺戸郡月形町,578-66,141.632403,43.315187
字知来乙,樺戸郡月形町,578-76,141.632359,43.315365
字知来乙,樺戸郡月形町,578-77,141.63226,43.315295
字知来乙,樺戸郡月形町,578-122,141.632146,43.315523
字知来乙,樺戸郡月形町,578-80,141.632314,43.315462
字知来乙,樺戸郡月形町,578-75,141.632451,43.315431
字知来乙,樺戸郡月形町,578-74,141.632545,43.315507
字知来乙,樺戸郡月形町,578-68,141.632595,43.315323
字知来乙,樺戸郡月形町,578-69,141.632689,43.3154
字知来乙,樺戸郡月形町,578-70,141.63281,43.315473
字知来乙,樺戸郡月形町,578-73,141.632665,43.315581
字知来乙,樺戸郡月形町,578-72,141.6328,43.315663
字知来乙,樺戸郡月形町,578-121,141.632238,43.315588
字知来乙,樺戸郡月形町,578-124,141.632103,43.31569
字知来乙,樺戸郡月形町,578-125,141.632204,43.315761
字知来乙,樺戸郡月形町,578-120,141.63234,43.315659
字知来乙,樺戸郡月形町,578-119,141.632453,43.31574
字知来乙,樺戸郡月形町,578-126,141.632316,43.315841
字知来乙,樺戸郡月形町,578-117,141.632127,43.316302
字知来乙,樺戸郡月形町,578-129,141.632137,43.315974
字知来乙,樺戸郡月形町,578-127,141.632442,43.315928
字知来乙,樺戸郡月形町,578-118,141.632576,43.315829
字知来乙,樺戸郡月形町,3602-8,141.633,43.315957
字知来乙,樺戸郡月形町,578-71,141.632926,43.315568
字知来乙,樺戸郡月形町,578-42,141.633137,43.315557
字知来乙,樺戸郡月形町,578-5,141.632984,43.315806
字知来乙,樺戸郡月形町,3602-11,141.6334,43.316298
字知来乙,樺戸郡月形町,578-4,141.632288,43.31634
字知来乙,樺戸郡月形町,578-128,141.632259,43.316064
字知来乙,樺戸郡月形町,578-137,141.632128,43.316162
字知来乙,樺戸郡月形町,3602-7,141.632578,43.316282
字知来乙,樺戸郡月形町,3602-31,141.633263,43.315852
字知来乙,樺戸郡月形町,3602-32,141.632424,43.31649
字知来乙,樺戸郡月形町,3602-6,141.632193,43.31695
字知来乙,樺戸郡月形町,3602-9,141.632867,43.316695
字知来乙,樺戸郡月形町,3602-33,141.633197,43.31696
字知来乙,樺戸郡月形町,3602-12,141.634122,43.316734
字知来乙,樺戸郡月形町,3602-35,141.634147,43.316314
字知来乙,樺戸郡月形町,3602-13,141.634462,43.316973
字知来乙,樺戸郡月形町,1841-9,141.63454,43.316973
字知来乙,樺戸郡月形町,1841-8,141.634924,43.316859
字知来乙,樺戸郡月形町,1843-1,141.635399,43.316901
字知来乙,樺戸郡月形町,道-7261,141.635583,43.317116
字知来乙,樺戸郡月形町,1843-4,141.635813,43.316252
字知来乙,樺戸郡月形町,3602-39,141.63573,43.316256
字知来乙,樺戸郡月形町,3602-15,141.635392,43.316245
字知来乙,樺戸郡月形町,3602-41,141.635302,43.314709
字知来乙,樺戸郡月形町,3602-16,141.635549,43.31545
字知来乙,樺戸郡月形町,3602-43,141.635976,43.315174
字知来乙,樺戸郡月形町,3602-44,141.63608,43.315145
字知来乙,樺戸郡月形町,3602-42,141.636244,43.316053
字知来乙,樺戸郡月形町,427-8,141.637158,43.315478
字知来乙,樺戸郡月形町,427-1,141.638157,43.315585
字知来乙,樺戸郡月形町,1797-12,141.639067,43.316148
字知来乙,樺戸郡月形町,684-7,141.639495,43.316728
字知来乙,樺戸郡月形町,684-8,141.639038,43.316779
字知来乙,樺戸郡月形町,684-9,141.639057,43.316935
字知来乙,樺戸郡月形町,684-10,141.638951,43.317041
字知来乙,樺戸郡月形町,684-51,141.639103,43.317067
字知来乙,樺戸郡月形町,684-33,141.63947,43.316867
字知来乙,樺戸郡月形町,684-32,141.639427,43.317007
字知来乙,樺戸郡月形町,684-35,141.639821,43.317077
字知来乙,樺戸郡月形町,684-34,141.639773,43.316928
字知来乙,樺戸郡月形町,1797-11,141.640402,43.316447
字知来乙,樺戸郡月形町,1797-2,141.64003,43.315676
字知来乙,樺戸郡月形町,1797-9,141.64069,43.315822
字知来乙,樺戸郡月形町,1797-10,141.639427,43.315495
字知来乙,樺戸郡月形町,1797-14,141.639245,43.315234
字知来乙,樺戸郡月形町,1797-13,141.639109,43.31586
字知来乙,樺戸郡月形町,427-7,141.638884,43.316012
字知来乙,樺戸郡月形町,1848-1,141.638139,43.314103
字知来乙,樺戸郡月形町,1797-15,141.639417,43.314919
字知来乙,樺戸郡月形町,1797-16,141.639562,43.314464
字知来乙,樺戸郡月形町,1797-4,141.640242,43.314898
字知来乙,樺戸郡月形町,1717-3,141.640826,43.314575
字知来乙,樺戸郡月形町,426-8,141.640273,43.314301
字知来乙,樺戸郡月形町,426-3,141.640467,43.314361
字知来乙,樺戸郡月形町,426-6,141.641085,43.314336
字知来乙,樺戸郡月形町,426-5,141.640773,43.314131
字知来乙,樺戸郡月形町,426-7,141.640096,43.314343
字知来乙,樺戸郡月形町,426-2,141.639545,43.314162
字知来乙,樺戸郡月形町,426-9,141.639574,43.313946
字知来乙,樺戸郡月形町,426-1,141.640155,43.313807
字篠津原野,樺戸郡月形町,1796-9,141.640395,43.312975
字知来乙,樺戸郡月形町,1848-3,141.639083,43.313506
字知来乙,樺戸郡月形町,道-7233,141.639554,43.313243
字知来乙,樺戸郡月形町,427-6,141.639328,43.313613
字知来乙,樺戸郡月形町,427-4,141.63943,43.313875
字知来乙,樺戸郡月形町,427-5,141.639189,43.313755
字知来乙,樺戸郡月形町,1848-2,141.638908,43.313616
字知来乙,樺戸郡月形町,1798-22,141.639039,43.313678
字篠津原野,樺戸郡月形町,1814-2,141.638606,43.313456
字篠津原野,樺戸郡月形町,1814-3,141.638491,43.313639
字篠津原野,樺戸郡月形町,3682,141.638287,43.313555
字篠津原野,樺戸郡月形町,1798-44,141.637967,43.31299
字篠津原野,樺戸郡月形町,3681-1,141.637675,43.313364
字篠津原野,樺戸郡月形町,3681-2,141.637413,43.313584
字篠津原野,樺戸郡月形町,1798-45,141.637589,43.313331
字知来乙,樺戸郡月形町,1798-18,141.63767,43.312987
字篠津原野,樺戸郡月形町,1798-2,141.637045,43.313165
字知来乙,樺戸郡月形町,1849-1,141.63657,43.313778
字知来乙,樺戸郡月形町,1849-2,141.637315,43.313607
字知来乙,樺戸郡月形町,1848-5,141.63704,43.314042
字篠津原野,樺戸郡月形町,1798-3,141.637959,43.313517
字知来乙,樺戸郡月形町,1848-4,141.637794,43.314374
字知来乙,樺戸郡月形町,1844-1,141.637154,43.314353
字知来乙,樺戸郡月形町,1844-2,141.63689,43.314222
字知来乙,樺戸郡月形町,3602-46,141.636959,43.314519
字知来乙,樺戸郡月形町,3602-21,141.636727,43.314948
字知来乙,樺戸郡月形町,1844-3,141.636738,43.314323
字知来乙,樺戸郡月形町,道-7235,141.637023,43.31396
字知来乙,樺戸郡月形町,3602-20,141.635986,43.314459
字知来乙,樺戸郡月形町,3602-18,141.635322,43.314541
字知来乙,樺戸郡月形町,3602-19,141.635954,43.313972
字知来乙,樺戸郡月形町,1851,141.635436,43.314376
字知来乙,樺戸郡月形町,道-7231,141.636009,43.313538
字知来乙,樺戸郡月形町,1798-15,141.636622,43.312365
字篠津原野,樺戸郡月形町,1798-5,141.635958,43.311252
字篠津原野,樺戸郡月形町,1798-14,141.636731,43.310995
字篠津原野,樺戸郡月形町,3529,141.638421,43.312633
字篠津原野,樺戸郡月形町,1798-26,141.636975,43.311219
字篠津原野,樺戸郡月形町,1798-28,141.637216,43.311456
字篠津原野,樺戸郡月形町,1798-4,141.63758,43.311261
字篠津原野,樺戸郡月形町,1798-27,141.637948,43.311072
字篠津原野,樺戸郡月形町,1798-1,141.637754,43.312383
字篠津原野,樺戸郡月形町,3534,141.638138,43.313011
字篠津原野,樺戸郡月形町,1814-4,141.638617,43.312058
字篠津原野,樺戸郡月形町,1814-1,141.638761,43.312921
字篠津原野,樺戸郡月形町,1796-22,141.640023,43.312449
字篠津原野,樺戸郡月形町,1796-13,141.639742,43.311569
字篠津原野,樺戸郡月形町,1796-12,141.640769,43.311658
字篠津原野,樺戸郡月形町,3531,141.640777,43.310861
字篠津原野,樺戸郡月形町,1798-34,141.638209,43.311314
字篠津原野,樺戸郡月形町,1700-9,141.639971,43.310558
字篠津原野,樺戸郡月形町,1700-10,141.640918,43.310403
字篠津原野,樺戸郡月形町,1798-25,141.638896,43.309514
字篠津原野,樺戸郡月形町,1798-7,141.638502,43.309479
字篠津原野,樺戸郡月形町,1798-29,141.637066,43.3087
字篠津原野,樺戸郡月形町,1798-46,141.637191,43.309245
字篠津原野,樺戸郡月形町,1798-47,141.636837,43.309414
字篠津原野,樺戸郡月形町,1798-8,141.637781,43.309412
字篠津原野,樺戸郡月形町,1798-9,141.636845,43.309984
字篠津原野,樺戸郡月形町,1798-10,141.635465,43.309791
字篠津原野,樺戸郡月形町,1798-13,141.636319,43.310219
字篠津原野,樺戸郡月形町,1798-12,141.6348,43.308889
字篠津原野,樺戸郡月形町,1798-11,141.633837,43.30967
字篠津原野,樺戸郡月形町,1798-37,141.633127,43.308767
字篠津原野,樺戸郡月形町,3808,141.632354,43.308935
字篠津原野,樺戸郡月形町,3809,141.632836,43.30881
字篠津原野,樺戸郡月形町,3834,141.632677,43.309509
字篠津原野,樺戸郡月形町,3810,141.632336,43.30957
字篠津原野,樺戸郡月形町,3835,141.632696,43.310013
字篠津原野,樺戸郡月形町,1798-36,141.632961,43.309904
字篠津原野,樺戸郡月形町,1798-43,141.63287,43.310268
字篠津原野,樺戸郡月形町,1799-41,141.632631,43.310102
字篠津原野,樺戸郡月形町,3811,141.632144,43.310035
字知来乙,樺戸郡月形町,3618,141.632477,43.310313
字知来乙,樺戸郡月形町,1799-39,141.632482,43.31026
字篠津原野,樺戸郡月形町,1799-40,141.632545,43.310227
字篠津原野,樺戸郡月形町,1798-35,141.632766,43.310275
字知来乙,樺戸郡月形町,1798-41,141.632648,43.310401
字知来乙,樺戸郡月形町,1798-42,141.632588,43.31047
字篠津原野,樺戸郡月形町,1798-6,141.634824,43.310904
字知来乙,樺戸郡月形町,1798-16,141.633224,43.310687
字知来乙,樺戸郡月形町,1798-17,141.634748,43.311557
字知来乙,樺戸郡月形町,1850-1,141.63471,43.312837
字知来乙,樺戸郡月形町,579-223,141.632509,43.312619
字知来乙,樺戸郡月形町,579-222,141.632418,43.312742
字知来乙,樺戸郡月形町,579-221,141.632337,43.312821
字知来乙,樺戸郡月形町,579-220,141.632265,43.312906
字知来乙,樺戸郡月形町,579-214,141.632113,43.312639
字知来乙,樺戸郡月形町,579-216,141.632213,43.312537
字知来乙,樺戸郡月形町,579-218,141.632318,43.312423
字知来乙,樺戸郡月形町,579-217,141.632187,43.312325
字知来乙,樺戸郡月形町,579-224,141.63217,43.312041
字知来乙,樺戸郡月形町,1850-6,141.63225,43.310849
字知来乙,樺戸郡月形町,1850-3,141.632104,43.310848
字知来乙,樺戸郡月形町,1850-5,141.63174,43.31113
字知来乙,樺戸郡月形町,1850-7,141.632403,43.310398
字知来乙,樺戸郡月形町,1850-4,141.63208,43.310985
字知来乙,樺戸郡月形町,579-255,141.631356,43.311348
字知来乙,樺戸郡月形町,579-254,141.631036,43.311447
字知来乙,樺戸郡月形町,579-20,141.63138,43.311504
字知来乙,樺戸郡月形町,579-264,141.630963,43.311869
字知来乙,樺戸郡月形町,579-23,141.631495,43.311593
字知来乙,樺戸郡月形町,579-193,141.631454,43.311807
字知来乙,樺戸郡月形町,579-196,141.631685,43.311821
字知来乙,樺戸郡月形町,579-195,141.631513,43.311692
字知来乙,樺戸郡月形町,579-263,141.631435,43.31142
字知来乙,樺戸郡月形町,579-208,141.632012,43.31211
字知来乙,樺戸郡月形町,579-207,141.631894,43.312023
字知来乙,樺戸郡月形町,579-205,141.631814,43.312113
字知来乙,樺戸郡月形町,579-194,141.631629,43.311917
字知来乙,樺戸郡月形町,579-192,141.631543,43.312005
字知来乙,樺戸郡月形町,579-191,141.631361,43.311905
字知来乙,樺戸郡月形町,579-190,141.631454,43.312098
字知来乙,樺戸郡月形町,579-188,141.631365,43.312191
字知来乙,樺戸郡月形町,579-201,141.631599,43.312334
字知来乙,樺戸郡月形町,579-204,141.631867,43.312292
字知来乙,樺戸郡月形町,579-203,141.631715,43.312215
字知来乙,樺戸郡月形町,579-206,141.63196,43.312193
字知来乙,樺戸郡月形町,579-215,141.632061,43.312457
字知来乙,樺戸郡月形町,579-202,141.631751,43.312412
字知来乙,樺戸郡月形町,579-211,141.631864,43.31266
字知来乙,樺戸郡月形町,579-213,141.631961,43.312559
字知来乙,樺戸郡月形町,579-212,141.632016,43.312739
字知来乙,樺戸郡月形町,579-210,141.63192,43.312837
字知来乙,樺戸郡月形町,579-209,141.631768,43.312759
字知来乙,樺戸郡月形町,579-173,141.631669,43.31286
字知来乙,樺戸郡月形町,579-164,141.631405,43.312771
字知来乙,樺戸郡月形町,579-197,141.631367,43.312574
字知来乙,樺戸郡月形町,579-198,141.631519,43.312652
字知来乙,樺戸郡月形町,579-200,141.631636,43.312532
字知来乙,樺戸郡月形町,579-199,141.631484,43.312454
字知来乙,樺戸郡月形町,579-182,141.631093,43.312472
字知来乙,樺戸郡月形町,579-156,141.631003,43.312566
字知来乙,樺戸郡月形町,579-163,141.631252,43.312693
字知来乙,樺戸郡月形町,579-162,141.631289,43.312892
字知来乙,樺戸郡月形町,579-161,141.631136,43.312812
字知来乙,樺戸郡月形町,579-152,141.630824,43.312752
字知来乙,樺戸郡月形町,579-150,141.630733,43.312845
字知来乙,樺戸郡月形町,579-151,141.630638,43.312657
字知来乙,樺戸郡月形町,579-153,141.630727,43.312564
字知来乙,樺戸郡月形町,579-154,141.630912,43.312659
字知来乙,樺戸郡月形町,579-155,141.630819,43.312469
字知来乙,樺戸郡月形町,579-181,141.630898,43.312389
字知来乙,樺戸郡月形町,579-244,141.63094,43.312341
字知来乙,樺戸郡月形町,579-183,141.631,43.312283
字知来乙,樺戸郡月形町,579-184,141.631183,43.312379
字知来乙,樺戸郡月形町,579-186,141.631275,43.312284
字知来乙,樺戸郡月形町,579-185,141.63109,43.31219
字知来乙,樺戸郡月形町,579-187,141.631178,43.312096
字知来乙,樺戸郡月形町,579-189,141.631267,43.312001
字知来乙,樺戸郡月形町,579-149,141.630548,43.31275
字知来乙,樺戸郡月形町,579-147,141.630458,43.312846
字知来乙,樺戸郡月形町,893-1,141.630871,43.310843
字知来乙,樺戸郡月形町,893-2,141.631239,43.310391
字知来乙,樺戸郡月形町,1850-2,141.631947,43.310472
字知来乙,樺戸郡月形町,道-7218,141.631523,43.31051
字篠津原野,樺戸郡月形町,3812,141.631817,43.309688
字篠津原野,樺戸郡月形町,3813,141.631487,43.309152
字篠津原野,樺戸郡月形町,1799-47,141.631408,43.309029
字篠津原野,樺戸郡月形町,3833,141.631654,43.309062
字篠津原野,樺戸郡月形町,3836,141.631724,43.309012
字知来乙,樺戸郡月形町,581-60,141.629872,43.30878
字知来乙,樺戸郡月形町,水-7090,141.630282,43.309732
字知来乙,樺戸郡月形町,581-174,141.629201,43.309569
字知来乙,樺戸郡月形町,581-173,141.62927,43.309459
字知来乙,樺戸郡月形町,581-172,141.629376,43.309278
字知来乙,樺戸郡月形町,581-167,141.629148,43.309399
字知来乙,樺戸郡月形町,581-168,141.629183,43.309236
字知来乙,樺戸郡月形町,581-176,141.629285,43.30926
字知来乙,樺戸郡月形町,581-169,141.629229,43.309121
字知来乙,樺戸郡月形町,581-170,141.62938,43.309153
字知来乙,樺戸郡月形町,581-171,141.629528,43.309182
字知来乙,樺戸郡月形町,581-87,141.629491,43.30895
字知来乙,樺戸郡月形町,581-89,141.629637,43.308939
字知来乙,樺戸郡月形町,581-91,141.629733,43.308966
字知来乙,樺戸郡月形町,581-90,141.629796,43.308871
字知来乙,樺戸郡月形町,581-88,141.629546,43.308818
字知来乙,樺戸郡月形町,581-85,141.629381,43.308783
字知来乙,樺戸郡月形町,581-86,141.629328,43.308916
字知来乙,樺戸郡月形町,581-84,141.629214,43.308847
字知来乙,樺戸郡月形町,581-180,141.62913,43.308702
字知来乙,樺戸郡月形町,581-62,141.629422,43.30868
字知来乙,樺戸郡月形町,581-55,141.629314,43.308595
字知来乙,樺戸郡月形町,581-56,141.629456,43.308576
字知来乙,樺戸郡月形町,581-63,141.629162,43.308623
字知来乙,樺戸郡月形町,581-54,141.629201,43.30852
字知来乙,樺戸郡月形町,581-19,141.629278,43.308357
字知来乙,樺戸郡月形町,581-18,141.629311,43.308255
字知来乙,樺戸郡月形町,581-15,141.62946,43.30824
字知来乙,樺戸郡月形町,581-12,141.629559,43.308418
字知来乙,樺戸郡月形町,581-13,141.629575,43.308311
字知来乙,樺戸郡月形町,581-10,141.629743,43.308346
字知来乙,樺戸郡月形町,581-11,141.629711,43.30845
字知来乙,樺戸郡月形町,581-57,141.629605,43.308609
字知来乙,樺戸郡月形町,581-61,141.629587,43.308717
字知来乙,樺戸郡月形町,581-58,141.629737,43.308689
字知来乙,樺戸郡月形町,581-59,141.629934,43.308683
字知来乙,樺戸郡月形町,581-6,141.630113,43.308506
字篠津原野,樺戸郡月形町,3832,141.628863,43.307675
字知来乙,樺戸郡月形町,581-2,141.630053,43.308321
字知来乙,樺戸郡月形町,581-7,141.629968,43.308468
字知来乙,樺戸郡月形町,581-8,141.629836,43.308469
字篠津原野,樺戸郡月形町,3815,141.630204,43.308264
字篠津原野,樺戸郡月形町,3817,141.630043,43.30784
字知来乙,樺戸郡月形町,581-9,141.629787,43.308221
字知来乙,樺戸郡月形町,581-14,141.629628,43.308171
字知来乙,樺戸郡月形町,581-16,141.629395,43.308044
字知来乙,樺戸郡月形町,581-17,141.629374,43.308158
字知来乙,樺戸郡月形町,581-21,141.629145,43.308219
字知来乙,樺戸郡月形町,581-22,141.629187,43.308116
字知来乙,樺戸郡月形町,581-23,141.629234,43.307995
字篠津原野,樺戸郡月形町,3816,141.629112,43.307809
字篠津原野,樺戸郡月形町,3818,141.629367,43.307185
字篠津原野,樺戸郡月形町,3830,141.63058,43.307191
字篠津原野,樺戸郡月形町,3827,141.630943,43.307363
字篠津原野,樺戸郡月形町,3829,141.630584,43.307407
字篠津原野,樺戸郡月形町,3828,141.630724,43.306832
字篠津原野,樺戸郡月形町,3802,141.631042,43.30686
字篠津原野,樺戸郡月形町,3804,141.631683,43.307978
字篠津原野,樺戸郡月形町,3803,141.630862,43.307898
字篠津原野,樺戸郡月形町,3814,141.63107,43.308591
字篠津原野,樺戸郡月形町,3837,141.631238,43.307682
字篠津原野,樺戸郡月形町,1799-44,141.63265,43.308563
字篠津原野,樺戸郡月形町,1799-46,141.631408,43.308474
字篠津原野,樺戸郡月形町,1799-49,141.632758,43.308601
字篠津原野,樺戸郡月形町,1799-45,141.632863,43.308583
字篠津原野,樺戸郡月形町,3807,141.632443,43.308462
字篠津原野,樺戸郡月形町,3805,141.632516,43.307984
字篠津原野,樺戸郡月形町,3823,141.633018,43.307912
字篠津原野,樺戸郡月形町,1798-38,141.633228,43.308106
字篠津原野,樺戸郡月形町,1798-32,141.63355,43.308311
字篠津原野,樺戸郡月形町,1798-31,141.633394,43.308118
字篠津原野,樺戸郡月形町,1798-39,141.6332,43.308293
字篠津原野,樺戸郡月形町,1798-40,141.633183,43.308397
字篠津原野,樺戸郡月形町,1798-33,141.634844,43.308518
字篠津原野,樺戸郡月形町,1732-1,141.634977,43.307725
字篠津原野,樺戸郡月形町,1732-7,141.633556,43.307079
字篠津原野,樺戸郡月形町,1732-8,141.63381,43.306853
字篠津原野,樺戸郡月形町,1732-16,141.633454,43.306642
字篠津原野,樺戸郡月形町,1732-15,141.633308,43.30759
字篠津原野,樺戸郡月形町,3806,141.633027,43.307554
字篠津原野,樺戸郡月形町,3523,141.632875,43.309548
字篠津原野,樺戸郡月形町,3824,141.632887,43.307593
字篠津原野,樺戸郡月形町,3826,141.632188,43.307468
字篠津原野,樺戸郡月形町,3825,141.631416,43.306763
字篠津原野,樺戸郡月形町,3801,141.632255,43.306964
字篠津原野,樺戸郡月形町,1732-18,141.6335,43.306345
字篠津原野,樺戸郡月形町,1732-17,141.633477,43.306492
字篠津原野,樺戸郡月形町,1732-14,141.633958,43.306414
字篠津原野,樺戸郡月形町,1733-6,141.634488,43.305499
字篠津原野,樺戸郡月形町,1733-18,141.63358,43.305825
字篠津原野,樺戸郡月形町,1733-13,141.633935,43.305861
字篠津原野,樺戸郡月形町,1733-15,141.633665,43.305298
字篠津原野,樺戸郡月形町,1733-7,141.634151,43.305339
字篠津原野,樺戸郡月形町,1733-14,141.633974,43.305083
字篠津原野,樺戸郡月形町,1733-8,141.634158,43.304843
字篠津原野,樺戸郡月形町,1733-16,141.633728,43.304908
字篠津原野,樺戸郡月形町,3838,141.63246,43.305594
字篠津原野,樺戸郡月形町,3849-3,141.630856,43.30471
字篠津原野,樺戸郡月形町,3849-2,141.63087,43.304629
字篠津原野,樺戸郡月形町,3852,141.630741,43.305465
字篠津原野,樺戸郡月形町,3524,141.629819,43.30617
字篠津原野,樺戸郡月形町,3819,141.629472,43.306549
字篠津原野,樺戸郡月形町,3855,141.629158,43.304724
字篠津原野,樺戸郡月形町,3882,141.63007,43.304314
字篠津原野,樺戸郡月形町,3851,141.629623,43.304182
字篠津原野,樺戸郡月形町,3895,141.629312,43.303694
字篠津原野,樺戸郡月形町,3850,141.629892,43.304205
字篠津原野,樺戸郡月形町,3849-1,141.630912,43.30435
字篠津原野,樺戸郡月形町,3881,141.631722,43.304536
字篠津原野,樺戸郡月形町,3848,141.630977,43.30393
字篠津原野,樺戸郡月形町,3846,141.631075,43.3033
字篠津原野,樺戸郡月形町,3880,141.632017,43.302884
字篠津原野,樺戸郡月形町,3879,141.632053,43.302887
字篠津原野,樺戸郡月形町,3847,141.629932,43.303246
字篠津原野,樺戸郡月形町,3857,141.629405,43.303049
字篠津原野,樺戸郡月形町,3859,141.629487,43.302559
字篠津原野,樺戸郡月形町,3890,141.629302,43.302634
字篠津原野,樺戸郡月形町,3883,141.629464,43.302674
字篠津原野,樺戸郡月形町,3892,141.629188,43.302706
字篠津原野,樺戸郡月形町,3860,141.629529,43.302283
字篠津原野,樺戸郡月形町,3861,141.629847,43.30157
字篠津原野,樺戸郡月形町,3884,141.63053,43.301287
字篠津原野,樺戸郡月形町,3845,141.631371,43.301356
字篠津原野,樺戸郡月形町,3878,141.633035,43.301794
字篠津原野,樺戸郡月形町,3877,141.632206,43.301376
字篠津原野,樺戸郡月形町,3840,141.632617,43.301131
字篠津原野,樺戸郡月形町,3841,141.633227,43.301469
字篠津原野,樺戸郡月形町,3525,141.634132,43.301373
字篠津原野,樺戸郡月形町,1735-14,141.634289,43.301216
字篠津原野,樺戸郡月形町,1735-16,141.634305,43.301079
字篠津原野,樺戸郡月形町,3842,141.633748,43.300904
字篠津原野,樺戸郡月形町,1735-15,141.634343,43.300817
字篠津原野,樺戸郡月形町,1735-8,141.634544,43.300829
字篠津原野,樺戸郡月形町,1735-9,141.634821,43.300924
字篠津原野,樺戸郡月形町,1735-10,141.634634,43.3011
字篠津原野,樺戸郡月形町,1735-17,141.634087,43.302494
字篠津原野,樺戸郡月形町,1734-8,141.634166,43.302918
字篠津原野,樺戸郡月形町,1734-7,141.634261,43.303177
字篠津原野,樺戸郡月形町,1734-12,141.633999,43.30309
字篠津原野,樺戸郡月形町,1734-10,141.63397,43.303286
字篠津原野,樺戸郡月形町,1734-9,141.633941,43.303483
字篠津原野,樺戸郡月形町,1734-11,141.634041,43.302812
字篠津原野,樺戸郡月形町,3875,141.633794,43.302571
字篠津原野,樺戸郡月形町,3839,141.632803,43.303345
字篠津原野,樺戸郡月形町,1733-17,141.633789,43.3045
字篠津原野,樺戸郡月形町,1734-13,141.633869,43.303959
字篠津原野,樺戸郡月形町,1734-6,141.635534,43.30409
字篠津原野,樺戸郡月形町,1734-3,141.637362,43.303345
字篠津原野,樺戸郡月形町,1734-2,141.636243,43.303246
字篠津原野,樺戸郡月形町,1735-13,141.634329,43.301745
字篠津原野,樺戸郡月形町,1735-3,141.636388,43.302235
字篠津原野,樺戸郡月形町,1804-1,141.636782,43.300539
字篠津原野,樺戸郡月形町,1735-7,141.636753,43.301283
字篠津原野,樺戸郡月形町,1735-4,141.637581,43.30183
字篠津原野,樺戸郡月形町,1735-11,141.638648,43.302217
字篠津原野,樺戸郡月形町,1735-12,141.638629,43.302241
字篠津原野,樺戸郡月形町,1735-1,141.638142,43.301619
字篠津原野,樺戸郡月形町,1803-1,141.640224,43.300658
字篠津原野,樺戸郡月形町,1817-1,141.640606,43.300809
字篠津原野,樺戸郡月形町,1818-7,141.640318,43.300562
字篠津原野,樺戸郡月形町,長狭物不明-7077,141.640595,43.300482
字篠津原野,樺戸郡月形町,3697,141.640833,43.301455
字篠津原野,樺戸郡月形町,1708-1,141.640605,43.303427
字篠津原野,樺戸郡月形町,1735-6,141.638744,43.302597
字篠津原野,樺戸郡月形町,1734-1,141.638644,43.303432
字篠津原野,樺戸郡月形町,1734-5,141.638512,43.304329
字篠津原野,樺戸郡月形町,1816-1,141.640019,43.304211
字篠津原野,樺戸郡月形町,1707-1,141.640921,43.304431
字篠津原野,樺戸郡月形町,1707-2,141.640453,43.305071
字篠津原野,樺戸郡月形町,1704-1,141.640591,43.305374
字篠津原野,樺戸郡月形町,1704-2,141.640868,43.30568
字篠津原野,樺戸郡月形町,1733-1,141.638178,43.306048
字篠津原野,樺戸郡月形町,1733-12,141.639099,43.305567
字篠津原野,樺戸郡月形町,1733-11,141.637965,43.30507
字篠津原野,樺戸郡月形町,1733-10,141.635453,43.304868
字篠津原野,樺戸郡月形町,1733-9,141.635635,43.305298
字篠津原野,樺戸郡月形町,1733-2,141.635226,43.305816
字篠津原野,樺戸郡月形町,1732-3,141.637201,43.304425
字篠津原野,樺戸郡月形町,1732-5,141.638031,43.307046
字篠津原野,樺戸郡月形町,1732-11,141.637965,43.307528
字篠津原野,樺戸郡月形町,1732-12,141.635399,43.306834
字篠津原野,樺戸郡月形町,1732-13,141.636307,43.307397
字篠津原野,樺戸郡月形町,1798-30,141.635085,43.308336
字篠津原野,樺戸郡月形町,1732-2,141.637895,43.307957
字篠津原野,樺戸郡月形町,1732-9,141.639108,43.308041
字篠津原野,樺戸郡月形町,1815-1,141.639458,43.308145
字篠津原野,樺戸郡月形町,1815-2,141.639408,43.306626
字篠津原野,樺戸郡月形町,1732-10,141.639241,43.307139
字篠津原野,樺戸郡月形町,1701-5,141.641264,43.308322
字篠津原野,樺戸郡月形町,1702-10,141.641444,43.307553
字篠津原野,樺戸郡月形町,1702-4,141.642418,43.307143
字篠津原野,樺戸郡月形町,1702-5,141.643018,43.307439
字篠津原野,樺戸郡月形町,1702-6,141.643175,43.306831
字篠津原野,樺戸郡月形町,1702-8,141.643586,43.307208
字篠津原野,樺戸郡月形町,1702-12,141.643769,43.307763
字篠津原野,樺戸郡月形町,1701-6,141.642862,43.308454
字篠津原野,樺戸郡月形町,1701-10,141.644792,43.308763
字篠津原野,樺戸郡月形町,1701-1,141.643487,43.308418
字篠津原野,樺戸郡月形町,1702-1,141.643276,43.307956
字篠津原野,樺戸郡月形町,1702-7,141.645386,43.308107
字篠津原野,樺戸郡月形町,1701-12,141.646065,43.308659
字篠津原野,樺戸郡月形町,水-7069,141.649877,43.310188
字篠津原野,樺戸郡月形町,1702-11,141.644778,43.307462
字篠津原野,樺戸郡月形町,1702-9,141.644084,43.307664
字篠津原野,樺戸郡月形町,1703-2,141.647068,43.306521
字篠津原野,樺戸郡月形町,1705-2,141.646507,43.305897
字篠津原野,樺戸郡月形町,1706-3,141.646867,43.305142
字篠津原野,樺戸郡月形町,1706-8,141.645595,43.305493
字篠津原野,樺戸郡月形町,1706-10,141.644641,43.304596
字篠津原野,樺戸郡月形町,1705-1,141.642531,43.305516
字篠津原野,樺戸郡月形町,1705-6,141.643518,43.305856
字篠津原野,樺戸郡月形町,1703-15,141.643244,43.305966
字篠津原野,樺戸郡月形町,1703-12,141.643333,43.305972
字篠津原野,樺戸郡月形町,1703-1,141.643559,43.306497
字篠津原野,樺戸郡月形町,1703-7,141.643183,43.306363
字篠津原野,樺戸郡月形町,1703-10,141.642154,43.306612
字篠津原野,樺戸郡月形町,1703-8,141.642652,43.306281
字篠津原野,樺戸郡月形町,1703-14,141.642395,43.305901
字篠津原野,樺戸郡月形町,1705-5,141.643397,43.305822
字篠津原野,樺戸郡月形町,1703-16,141.642147,43.305882
字篠津原野,樺戸郡月形町,1703-9,141.642093,43.306276
字篠津原野,樺戸郡月形町,1703-6,141.641032,43.306194
字篠津原野,樺戸郡月形町,水-7071,141.642821,43.305868
字篠津原野,樺戸郡月形町,1703-13,141.64156,43.305835
字篠津原野,樺戸郡月形町,1706-7,141.642794,43.305212
字篠津原野,樺戸郡月形町,1706-1,141.641921,43.304813
字篠津原野,樺戸郡月形町,水-7070,141.641591,43.30505
字篠津原野,樺戸郡月形町,3695,141.64121,43.303702
字篠津原野,樺戸郡月形町,3694,141.643381,43.304585
字篠津原野,樺戸郡月形町,1709-7,141.643615,43.302952
字篠津原野,樺戸郡月形町,1715-5,141.642507,43.302034
字篠津原野,樺戸郡月形町,3696,141.641253,43.301972
字篠津原野,樺戸郡月形町,1715-3,141.641883,43.301389
字篠津原野,樺戸郡月形町,1715-1,141.644394,43.302077
字篠津原野,樺戸郡月形町,1715-9,141.643323,43.301257
字篠津原野,樺戸郡月形町,長狭物不明-7076,141.644577,43.300964
字篠津原野,樺戸郡月形町,1717-6,141.644309,43.300452
字篠津原野,樺戸郡月形町,1716-1,141.644207,43.300598
字篠津原野,樺戸郡月形町,道-7173,141.647522,43.301006
字篠津原野,樺戸郡月形町,1716-3,141.644263,43.30086
字篠津原野,樺戸郡月形町,1715-2,141.645901,43.301558
字篠津原野,樺戸郡月形町,1717-2,141.646594,43.300625
字篠津原野,樺戸郡月形町,1717-5,141.645993,43.300375
字篠津原野,樺戸郡月形町,1715-7,141.647558,43.301355
字篠津原野,樺戸郡月形町,1715-6,141.646866,43.302267
字篠津原野,樺戸郡月形町,1709-1,141.645592,43.303339
字篠津原野,樺戸郡月形町,1706-9,141.64457,43.304298
字篠津原野,樺戸郡月形町,1706-2,141.645728,43.304383
字篠津原野,樺戸郡月形町,1706-5,141.64666,43.30447
字篠津原野,樺戸郡月形町,1706-4,141.647082,43.304483
字篠津原野,樺戸郡月形町,1709-8,141.647131,43.304167
字篠津原野,樺戸郡月形町,1709-6,141.647426,43.303773
字篠津原野,樺戸郡月形町,1709-5,141.647211,43.30393
字篠津原野,樺戸郡月形町,1709-4,141.646884,43.303013
字篠津原野,樺戸郡月形町,1668-17,141.647824,43.303897
字篠津原野,樺戸郡月形町,1668-8,141.648072,43.303914
字篠津原野,樺戸郡月形町,1668-16,141.647762,43.304319
字篠津原野,樺戸郡月形町,1668-7,141.648265,43.304354
字篠津原野,樺戸郡月形町,1668-12,141.649516,43.304277
字篠津原野,樺戸郡月形町,1668-10,141.649568,43.30355
字篠津原野,樺戸郡月形町,1668-2,141.649813,43.303902
字篠津原野,樺戸郡月形町,1668-1,141.648868,43.303856
字篠津原野,樺戸郡月形町,1668-9,141.649341,43.303747
字篠津原野,樺戸郡月形町,1668-5,141.649155,43.303114
字篠津原野,樺戸郡月形町,1668-6,141.650177,43.303198
字篠津原野,樺戸郡月形町,1668-19,141.647951,43.303012
字篠津原野,樺戸郡月形町,1668-18,141.647896,43.303406
字篠津原野,樺戸郡月形町,1668-13,141.647875,43.303544
字篠津原野,樺戸郡月形町,1668-14,141.647924,43.30321
字篠津原野,樺戸郡月形町,1709-3,141.647256,43.303328
字篠津原野,樺戸郡月形町,1714-14,141.648028,43.30242
字篠津原野,樺戸郡月形町,1714-15,141.648124,43.301794
字篠津原野,樺戸郡月形町,1714-16,141.648147,43.301684
字篠津原野,樺戸郡月形町,1714-17,141.648188,43.301419
字篠津原野,樺戸郡月形町,1715-4,141.647028,43.301689
字篠津原野,樺戸郡月形町,1715-8,141.646439,43.301415
字篠津原野,樺戸郡月形町,1716-2,141.647677,43.300858
字篠津原野,樺戸郡月形町,1788-10,141.648293,43.300716
字篠津原野,樺戸郡月形町,1788-11,141.64824,43.301126
字篠津原野,樺戸郡月形町,3546-4,141.648216,43.301268
字篠津原野,樺戸郡月形町,3546-5,141.648478,43.301304
字篠津原野,樺戸郡月形町,1714-5,141.649025,43.301441
字篠津原野,樺戸郡月形町,1788-2,141.648368,43.301146
字篠津原野,樺戸郡月形町,3546-6,141.649091,43.301275
字篠津原野,樺戸郡月形町,1794,141.649413,43.301941
字篠津原野,樺戸郡月形町,1714-4,141.649545,43.301491
字篠津原野,樺戸郡月形町,1714-13,141.648585,43.301537
字篠津原野,樺戸郡月形町,1714-11,141.648198,43.301809
字篠津原野,樺戸郡月形町,1714-12,141.648653,43.30175
字篠津原野,樺戸郡月形町,1714-1,141.648529,43.30246
字篠津原野,樺戸郡月形町,1714-8,141.649372,43.302579
字篠津原野,樺戸郡月形町,3546-1,141.650914,43.301487
字篠津原野,樺戸郡月形町,1795-2,141.651005,43.301602
字篠津原野,樺戸郡月形町,1788-1,141.649283,43.300842
字篠津原野,樺戸郡月形町,1788-3,141.648534,43.300997
字篠津原野,樺戸郡月形町,1788-4,141.652613,43.300249
字篠津原野,樺戸郡月形町,1788-5,141.652709,43.300702
字篠津原野,樺戸郡月形町,1714-3,141.65265,43.301725
字篠津原野,樺戸郡月形町,1795-1,141.650566,43.30179
字篠津原野,樺戸郡月形町,1714-10,141.650076,43.301979
字篠津原野,樺戸郡月形町,1714-7,141.653391,43.303238
字篠津原野,樺戸郡月形町,1669-5,141.652692,43.303394
字篠津原野,樺戸郡月形町,1714-9,141.651912,43.302967
字篠津原野,樺戸郡月形町,1714-2,141.652606,43.302568
字篠津原野,樺戸郡月形町,1669-1,141.652205,43.305642
字篠津原野,樺戸郡月形町,1669-6,141.651539,43.303965
字篠津原野,樺戸郡月形町,1669-3,141.651704,43.306364
字篠津原野,樺戸郡月形町,1669-8,141.6519,43.306589
字篠津原野,樺戸郡月形町,1669-7,141.650859,43.306506
字篠津原野,樺戸郡月形町,1669-2,141.650886,43.306294
字篠津原野,樺戸郡月形町,1669-9,141.649846,43.306425
字篠津原野,樺戸郡月形町,1669-4,141.650164,43.306233
字篠津原野,樺戸郡月形町,1668-4,141.649547,43.305341
字篠津原野,樺戸郡月形町,1668-11,141.649012,43.306058
字篠津原野,樺戸郡月形町,1668-26,141.64849,43.304828
字篠津原野,樺戸郡月形町,1668-25,141.648351,43.304817
字篠津原野,樺戸郡月形町,1668-24,141.648011,43.305097
字篠津原野,樺戸郡月形町,1668-15,141.647534,43.305904
字篠津原野,樺戸郡月形町,1668-3,141.648561,43.30578
字篠津原野,樺戸郡月形町,1705-4,141.647044,43.305914
字篠津原野,樺戸郡月形町,1668-20,141.648093,43.306283
字篠津原野,樺戸郡月形町,1668-22,141.648967,43.306355
字篠津原野,樺戸郡月形町,1668-21,141.649393,43.306389
字篠津原野,樺戸郡月形町,1655-2,141.648709,43.3068
字篠津原野,樺戸郡月形町,1655-1,141.649679,43.306894
字篠津原野,樺戸郡月形町,1655-3,141.647412,43.306889
字篠津原野,樺戸郡月形町,1654-3,141.647441,43.307021
字篠津原野,樺戸郡月形町,3693,141.647581,43.307681
字篠津原野,樺戸郡月形町,1654-1,141.649557,43.308079
字篠津原野,樺戸郡月形町,1656-7,141.65201,43.308723
字篠津原野,樺戸郡月形町,1654-2,141.65027,43.307979
字篠津原野,樺戸郡月形町,1654-4,141.649924,43.307413
字篠津原野,樺戸郡月形町,1654-5,141.650193,43.307042
字篠津原野,樺戸郡月形町,1656-4,141.650816,43.307341
字篠津原野,樺戸郡月形町,1656-1,141.651858,43.307836
字篠津原野,樺戸郡月形町,1656-2,141.651613,43.307306
字篠津原野,樺戸郡月形町,1656-3,141.651554,43.306885
字篠津原野,樺戸郡月形町,1657-1,141.652581,43.308117
字篠津原野,樺戸郡月形町,道-7171,141.649333,43.306472
字篠津原野,樺戸郡月形町,1657-7,141.652146,43.309227
字篠津原野,樺戸郡月形町,1657-11,141.652895,43.309286
字篠津原野,樺戸郡月形町,1657-6,141.652377,43.309725
字篠津原野,樺戸郡月形町,1656-6,141.651444,43.309366
字篠津原野,樺戸郡月形町,1656-5,141.650575,43.308893
字篠津原野,樺戸郡月形町,3692,141.651139,43.310671
字篠津原野,樺戸郡月形町,1657-10,141.652826,43.309817
字篠津原野,樺戸郡月形町,1648-9,141.651438,43.311769
字篠津原野,樺戸郡月形町,1652,141.64823,43.310924
字篠津原野,樺戸郡月形町,道-7175,141.650637,43.311626
字篠津原野,樺戸郡月形町,1649-11,141.650054,43.311662
字篠津原野,樺戸郡月形町,1651-3,141.649032,43.312826
字篠津原野,樺戸郡月形町,1651-12,141.64773,43.312946
字篠津原野,樺戸郡月形町,1651-6,141.647974,43.311505
字篠津原野,樺戸郡月形町,1653-2,141.647486,43.311055
字篠津原野,樺戸郡月形町,1653-3,141.647318,43.310542
字篠津原野,樺戸郡月形町,1653-6,141.646955,43.30984
字篠津原野,樺戸郡月形町,1653-1,141.647295,43.309979
字篠津原野,樺戸郡月形町,1701-13,141.646383,43.308807
字篠津原野,樺戸郡月形町,1701-11,141.64624,43.308938
字篠津原野,樺戸郡月形町,1701-9,141.64672,43.309647
字篠津原野,樺戸郡月形町,1653-5,141.646861,43.310498
字篠津原野,樺戸郡月形町,1700-5,141.646606,43.310428
字篠津原野,樺戸郡月形町,1700-12,141.646294,43.31057
字篠津原野,樺戸郡月形町,1700-8,141.644449,43.310683
字篠津原野,樺戸郡月形町,1700-1,141.644779,43.310201
字篠津原野,樺戸郡月形町,1701-4,141.644763,43.30925
字篠津原野,樺戸郡月形町,1701-8,141.642753,43.309164
字篠津原野,樺戸郡月形町,1701-7,141.641158,43.309033
字篠津原野,樺戸郡月形町,1700-2,141.640488,43.309861
字篠津原野,樺戸郡月形町,1700-3,141.642604,43.310262
字篠津原野,樺戸郡月形町,1699-7,141.643261,43.311986
字篠津原野,樺戸郡月形町,1796-10,141.642714,43.311849
字篠津原野,樺戸郡月形町,1796-11,141.641771,43.311714
字篠津原野,樺戸郡月形町,3536,141.642217,43.312219
字篠津原野,樺戸郡月形町,1796-15,141.642368,43.311801
字篠津原野,樺戸郡月形町,1796-21,141.641187,43.312542
字篠津原野,樺戸郡月形町,1699-3,141.644287,43.312616
字篠津原野,樺戸郡月形町,1699-2,141.644138,43.311756
字篠津原野,樺戸郡月形町,1699-8,141.644626,43.312162
字篠津原野,樺戸郡月形町,1700-11,141.643701,43.310842
字篠津原野,樺戸郡月形町,道-7174,141.644436,43.311136
字篠津原野,樺戸郡月形町,1699-11,141.64535,43.311819
字篠津原野,樺戸郡月形町,1700-6,141.645663,43.310997
字篠津原野,樺戸郡月形町,1700-7,141.646222,43.311036
字篠津原野,樺戸郡月形町,1653-4,141.64678,43.311069
字篠津原野,樺戸郡月形町,水-7072,141.64647,43.311348
字篠津原野,樺戸郡月形町,道-7164,141.6463,43.313354
字篠津原野,樺戸郡月形町,1699-10,141.645862,43.31243
字篠津原野,樺戸郡月形町,1699-9,141.645828,43.31277
字篠津原野,樺戸郡月形町,1651-7,141.646513,43.31285
字篠津原野,樺戸郡月形町,1650-8,141.64681,43.314045
字篠津原野,樺戸郡月形町,1651-10,141.646307,43.3145
字篠津原野,樺戸郡月形町,1651-9,141.6464,43.314456
字篠津原野,樺戸郡月形町,1650-7,141.646821,43.31439
字篠津原野,樺戸郡月形町,1650-6,141.647036,43.314445
字篠津原野,樺戸郡月形町,1650-4,141.646768,43.314503
字知来乙,樺戸郡月形町,825-23,141.646653,43.314885
字知来乙,樺戸郡月形町,825-65,141.646343,43.314875
字知来乙,樺戸郡月形町,825-58,141.646249,43.314786
字知来乙,樺戸郡月形町,1936-3,141.646013,43.314515
字知来乙,樺戸郡月形町,道-7225,141.645387,43.314371
字篠津原野,樺戸郡月形町,1699-12,141.645962,43.314365
字知来乙,樺戸郡月形町,1936-4,141.644748,43.31438
字知来乙,樺戸郡月形町,1936-5,141.645193,43.314441
字知来乙,樺戸郡月形町,1323-29,141.643742,43.31426
字知来乙,樺戸郡月形町,1323-28,141.644519,43.314344
字篠津原野,樺戸郡月形町,1699-1,141.645439,43.314007
字篠津原野,樺戸郡月形町,1699-4,141.644501,43.313238
字篠津原野,樺戸郡月形町,1796-7,141.642471,43.313336
字篠津原野,樺戸郡月形町,長狭物不明-7082,141.641984,43.313052
字篠津原野,樺戸郡月形町,1796-24,141.642019,43.312703
字篠津原野,樺戸郡月形町,1796-16,141.642026,43.313936
字篠津原野,樺戸郡月形町,1796-8,141.641469,43.313257
字篠津原野,樺戸郡月形町,3530,141.642103,43.312813
字篠津原野,樺戸郡月形町,1796-20,141.6421,43.314019
字篠津原野,樺戸郡月形町,3535-2,141.641974,43.314179
字篠津原野,樺戸郡月形町,1796-19,141.641391,43.314025
字篠津原野,樺戸郡月形町,1796-4,141.641514,43.314525
字知来乙,樺戸郡月形町,1797-5,141.641149,43.31458
字篠津原野,樺戸郡月形町,1796-14,141.641915,43.314879
字篠津原野,樺戸郡月形町,1796-6,141.642716,43.314952
字篠津原野,樺戸郡月形町,3535-1,141.64347,43.314241
字篠津原野,樺戸郡月形町,3535-3,141.642109,43.314185
字篠津原野,樺戸郡月形町,1796-23,141.643542,43.314281
字知来乙,樺戸郡月形町,1323-1,141.6438,43.31559
字篠津原野,樺戸郡月形町,1796-5,141.642582,43.315938
字篠津原野,樺戸郡月形町,1796-3,141.641376,43.315213
字篠津原野,樺戸郡月形町,3684,141.641717,43.315189
字篠津原野,樺戸郡月形町,3685,141.641643,43.316115
字篠津原野,樺戸郡月形町,1796-2,141.641293,43.315789
字知来乙,樺戸郡月形町,1797-8,141.641784,43.316684
字篠津原野,樺戸郡月形町,3683,141.641755,43.315683
字知来乙,樺戸郡月形町,1797-3,141.641538,43.316148
字篠津原野,樺戸郡月形町,1796-1,141.64093,43.316111
字知来乙,樺戸郡月形町,1797-1,141.641242,43.316617
字知来乙,樺戸郡月形町,587-8,141.64292,43.316954
字知来乙,樺戸郡月形町,1797-6,141.64268,43.316483
字知来乙,樺戸郡月形町,1323-23,141.643781,43.316832
字知来乙,樺戸郡月形町,1323-21,141.643468,43.316968
字知来乙,樺戸郡月形町,1323-22,141.643448,43.317098
字知来乙,樺戸郡月形町,1323-19,141.643745,43.316916
字知来乙,樺戸郡月形町,1323-17,141.644129,43.317042
字知来乙,樺戸郡月形町,1323-26,141.644025,43.316658
字知来乙,樺戸郡月形町,1323-13,141.644231,43.315798
字知来乙,樺戸郡月形町,1932,141.644491,43.31503
字知来乙,樺戸郡月形町,1323-27,141.644269,43.315884
字知来乙,樺戸郡月形町,1323-24,141.644354,43.315223
字知来乙,樺戸郡月形町,1933,141.64459,43.314716
字知来乙,樺戸郡月形町,1936-1,141.645376,43.315152
字知来乙,樺戸郡月形町,1936-2,141.646496,43.315472
字知来乙,樺戸郡月形町,825-3,141.64678,43.315249
字知来乙,樺戸郡月形町,825-64,141.646802,43.315522
字知来乙,樺戸郡月形町,1935-2,141.646809,43.315863
字知来乙,樺戸郡月形町,1934,141.645512,43.316491
字知来乙,樺戸郡月形町,1935-1,141.646622,43.31706
字知来乙,樺戸郡月形町,1937-2,141.647376,43.316625
字知来乙,樺戸郡月形町,1937-1,141.647038,43.316866
字知来乙,樺戸郡月形町,道-7222,141.646151,43.314638
字知来乙,樺戸郡月形町,825-59,141.647406,43.316327
字知来乙,樺戸郡月形町,825-61,141.647801,43.316854
字知来乙,樺戸郡月形町,825-20,141.647817,43.316602
字知来乙,樺戸郡月形町,825-57,141.64815,43.316904
字知来乙,樺戸郡月形町,825-14,141.64835,43.316722
字知来乙,樺戸郡月形町,3714,141.648449,43.316743
字知来乙,樺戸郡月形町,826-2,141.648729,43.316776
字知来乙,樺戸郡月形町,826-49,141.649292,43.316668
字知来乙,樺戸郡月形町,826-48,141.649643,43.316706
字知来乙,樺戸郡月形町,826-14,141.649516,43.316372
字知来乙,樺戸郡月形町,826-16,141.648791,43.316076
字知来乙,樺戸郡月形町,826-51,141.648726,43.316504
字知来乙,樺戸郡月形町,826-50,141.6486,43.316494
字知来乙,樺戸郡月形町,3713,141.648597,43.31567
字知来乙,樺戸郡月形町,826-9,141.648739,43.315431
字知来乙,樺戸郡月形町,826-18,141.649311,43.315787
字知来乙,樺戸郡月形町,826-3,141.649187,43.315242
字知来乙,樺戸郡月形町,825-2,141.64793,43.315899
字知来乙,樺戸郡月形町,825-33,141.647195,43.315717
字知来乙,樺戸郡月形町,825-62,141.647073,43.315876
字知来乙,樺戸郡月形町,825-24,141.647023,43.315349
字知来乙,樺戸郡月形町,825-30,141.647216,43.314983
字篠津原野,樺戸郡月形町,1650-5,141.647075,43.314541
字篠津原野,樺戸郡月形町,1651-8,141.647932,43.314647
字篠津原野,樺戸郡月形町,1650-10,141.647463,43.314101
字篠津原野,樺戸郡月形町,1650-12,141.647438,43.314321
字篠津原野,樺戸郡月形町,1650-3,141.647183,43.314302
字篠津原野,樺戸郡月形町,1651-11,141.647198,43.314449
字篠津原野,樺戸郡月形町,1650-11,141.646965,43.31428
字篠津原野,樺戸郡月形町,1650-1,141.647243,43.314077
字篠津原野,樺戸郡月形町,1650-9,141.64702,43.314059
字篠津原野,樺戸郡月形町,1651-5,141.647638,43.313699
字篠津原野,樺戸郡月形町,1651-4,141.647149,43.312631
字篠津原野,樺戸郡月形町,1651-1,141.64835,43.313105
字篠津原野,樺戸郡月形町,1649-8,141.649354,43.312942
字篠津原野,樺戸郡月形町,1649-9,141.649675,43.313009
字篠津原野,樺戸郡月形町,1649-13,141.649719,43.314455
字篠津原野,樺戸郡月形町,1649-5,141.649022,43.314444
字篠津原野,樺戸郡月形町,1649-15,141.649069,43.314762
字篠津原野,樺戸郡月形町,1649-19,141.649113,43.314747
字篠津原野,樺戸郡月形町,1649-18,141.649386,43.314819
字篠津原野,樺戸郡月形町,1649-16,141.649351,43.314776
字篠津原野,樺戸郡月形町,1649-12,141.649204,43.314685
字篠津原野,樺戸郡月形町,1649-7,141.649465,43.314425
字篠津原野,樺戸郡月形町,1649-3,141.64962,43.314709
字篠津原野,樺戸郡月形町,1649-6,141.649903,43.31462
字篠津原野,樺戸郡月形町,1649-14,141.64958,43.314855
字篠津原野,樺戸郡月形町,1649-17,141.649862,43.314906
字篠津原野,樺戸郡月形町,1648-3,141.650459,43.314689
字篠津原野,樺戸郡月形町,1648-10,141.650145,43.314957
字篠津原野,樺戸郡月形町,1648-7,141.651236,43.314965
字篠津原野,樺戸郡月形町,1648-6,141.651131,43.314632
字篠津原野,樺戸郡月形町,1648-4,141.650713,43.314383
字篠津原野,樺戸郡月形町,1649-1,141.649975,43.312981
字篠津原野,樺戸郡月形町,1648-1,141.650849,43.312609
字篠津原野,樺戸郡月形町,1648-8,141.651344,43.313122
字篠津原野,樺戸郡月形町,1648-5,141.65152,43.313738
字篠津原野,樺戸郡月形町,1647-12,141.651883,43.313218
字篠津原野,樺戸郡月形町,1647-1,141.652278,43.313697
字篠津原野,樺戸郡月形町,1647-9,141.652786,43.313379
字篠津原野,樺戸郡月形町,1647-6,141.652117,43.314645
字篠津原野,樺戸郡月形町,1647-2,141.65172,43.315054
字篠津原野,樺戸郡月形町,1647-7,141.652616,43.314637
字篠津原野,樺戸郡月形町,1647-3,141.653292,43.314646
字篠津原野,樺戸郡月形町,1647-4,141.652014,43.315061
字篠津原野,樺戸郡月形町,1647-14,141.652641,43.315309
字篠津原野,樺戸郡月形町,1647-13,141.651575,43.315208
字篠津原野,樺戸郡月形町,1647-15,141.652074,43.315258
字篠津原野,樺戸郡月形町,1648-13,141.651215,43.31515
字篠津原野,樺戸郡月形町,1648-12,141.651443,43.315189
字篠津原野,樺戸郡月形町,1648-11,141.650841,43.315082
字知来乙,樺戸郡月形町,826-20,141.65059,43.31566
字知来乙,樺戸郡月形町,826-21,141.650499,43.316205
字知来乙,樺戸郡月形町,826-15,141.650759,43.316571
字知来乙,樺戸郡月形町,826-53,141.650328,43.316967
字知来乙,樺戸郡月形町,826-10,141.649944,43.317033
字知来乙,樺戸郡月形町,826-52,141.650864,43.31695
字知来乙,樺戸郡月形町,道-7223,141.651151,43.316614
字南耕地,樺戸郡月形町,1367-4,141.651844,43.316937
字南耕地,樺戸郡月形町,1367-1,141.651581,43.315525
字南耕地,樺戸郡月形町,1367-5,141.651684,43.316016
字南耕地,樺戸郡月形町,1367-2,141.652783,43.317464
字南耕地,樺戸郡月形町,1367-3,141.652389,43.31659
字南耕地,樺戸郡月形町,1366-1,141.653322,43.316451
字南耕地,樺戸郡月形町,1366-4,141.653912,43.316737
字篠津原野,樺戸郡月形町,1647-17,141.653253,43.315365
字篠津原野,樺戸郡月形町,1647-16,141.65318,43.315358
字篠津原野,樺戸郡月形町,1646-18,141.65328,43.315359
字篠津原野,樺戸郡月形町,道-7181,141.653836,43.315529
字篠津原野,樺戸郡月形町,1646-14,141.653957,43.315428
字篠津原野,樺戸郡月形町,1646-3,141.653803,43.315025
字篠津原野,樺戸郡月形町,1646-17,141.655163,43.315538
字篠津原野,樺戸郡月形町,1646-15,141.654806,43.315506
字篠津原野,樺戸郡月形町,1646-5,141.654415,43.315097
字篠津原野,樺戸郡月形町,1646-6,141.654895,43.315077
字篠津原野,樺戸郡月形町,1646-10,141.655098,43.315364
字篠津原野,樺戸郡月形町,1646-16,141.654875,43.315512
字篠津原野,樺戸郡月形町,1645-11,141.655776,43.315593
字南耕地,樺戸郡月形町,1366-2,141.654911,43.316823
字南耕地,樺戸郡月形町,1366-3,141.654434,43.31678
字南耕地,樺戸郡月形町,1365-3,141.655468,43.3159
字南耕地,樺戸郡月形町,1365-2,141.655679,43.316898
字南耕地,樺戸郡月形町,1365-12,141.656013,43.316931
字南耕地,樺戸郡月形町,1365-13,141.656319,43.316279
字南耕地,樺戸郡月形町,1365-1,141.65635,43.317789
字南耕地,樺戸郡月形町,1365-4,141.656959,43.317036
字南耕地,樺戸郡月形町,1364-7,141.659311,43.316996
字南耕地,樺戸郡月形町,1364-10,141.658603,43.316676
字南耕地,樺戸郡月形町,1364-8,141.658651,43.316358
字篠津原野,樺戸郡月形町,1644-12,141.658176,43.315804
字篠津原野,樺戸郡月形町,1644-11,141.658236,43.315809
字篠津原野,樺戸郡月形町,1644-10,141.658333,43.315818
字篠津原野,樺戸郡月形町,1644-5,141.658361,43.315598
字篠津原野,樺戸郡月形町,1644-7,141.657985,43.315612
字篠津原野,樺戸郡月形町,1644-6,141.658176,43.315407
字篠津原野,樺戸郡月形町,1645-12,141.65754,43.315746
字篠津原野,樺戸郡月形町,1645-8,141.656128,43.315623
字篠津原野,樺戸郡月形町,1645-10,141.656235,43.315632
字篠津原野,樺戸郡月形町,1645-9,141.65603,43.315614
字篠津原野,樺戸郡月形町,1645-6,141.65612,43.315124
字篠津原野,樺戸郡月形町,1645-5,141.657037,43.315304
字篠津原野,樺戸郡月形町,1645-3,141.656313,43.315057
字篠津原野,樺戸郡月形町,1645-7,141.65671,43.314472
字篠津原野,樺戸郡月形町,1645-1,141.656069,43.314148
字篠津原野,樺戸郡月形町,1644-8,141.658311,43.314888
字篠津原野,樺戸郡月形町,3686,141.657798,43.312858
字篠津原野,樺戸郡月形町,1646-9,141.654715,43.31414
字篠津原野,樺戸郡月形町,1646-8,141.655139,43.313817
字篠津原野,樺戸郡月形町,1645-4,141.655602,43.314822
字篠津原野,樺戸郡月形町,1646-11,141.654592,43.314814
字篠津原野,樺戸郡月形町,1646-12,141.653337,43.315003
字篠津原野,樺戸郡月形町,1647-11,141.653311,43.315001
字篠津原野,樺戸郡月形町,1647-5,141.653058,43.314999
字篠津原野,樺戸郡月形町,1647-10,141.653534,43.313577
字篠津原野,樺戸郡月形町,1646-13,141.65356,43.31359
字篠津原野,樺戸郡月形町,1646-1,141.654191,43.313561
字篠津原野,樺戸郡月形町,1647-8,141.653202,43.313197
字篠津原野,樺戸郡月形町,1646-7,141.65509,43.313017
字篠津原野,樺戸郡月形町,3691,141.654365,43.312504
字篠津原野,樺戸郡月形町,3690,141.65467,43.312671
字篠津原野,樺戸郡月形町,3689,141.65454,43.311309
字篠津原野,樺戸郡月形町,3688,141.654812,43.311746
字篠津原野,樺戸郡月形町,1658-11,141.654339,43.310264
字篠津原野,樺戸郡月形町,1658-9,141.65391,43.310037
字篠津原野,樺戸郡月形町,1658-7,141.65366,43.309999
字篠津原野,樺戸郡月形町,1657-8,141.653169,43.309632
字篠津原野,樺戸郡月形町,1657-9,141.653436,43.309328
字篠津原野,樺戸郡月形町,1658-10,141.654009,43.309373
字篠津原野,樺戸郡月形町,1658-8,141.653752,43.309352
字篠津原野,樺戸郡月形町,1658-6,141.654486,43.309411
字篠津原野,樺戸郡月形町,1659-1,141.655755,43.308767
字篠津原野,樺戸郡月形町,1659-7,141.655746,43.309511
字篠津原野,樺戸郡月形町,1659-6,141.655345,43.310515
字篠津原野,樺戸郡月形町,1661-7,141.657749,43.310208
字篠津原野,樺戸郡月形町,1661-1,141.658232,43.309999
字篠津原野,樺戸郡月形町,1661-3,141.657031,43.309945
字篠津原野,樺戸郡月形町,1660-5,141.656652,43.309408
字篠津原野,樺戸郡月形町,1660-1,141.657643,43.309642
字篠津原野,樺戸郡月形町,1661-5,141.65859,43.310024
字篠津原野,樺戸郡月形町,1661-8,141.658602,43.310241
字篠津原野,樺戸郡月形町,1661-4,141.657309,43.309809
字篠津原野,樺戸郡月形町,1663-19,141.658532,43.31092
字篠津原野,樺戸郡月形町,1663-6,141.658809,43.310733
字篠津原野,樺戸郡月形町,1663-20,141.658533,43.311162
字篠津原野,樺戸郡月形町,1663-7,141.658635,43.311673
字篠津原野,樺戸郡月形町,1661-6,141.657304,43.311017
字篠津原野,樺戸郡月形町,1661-2,141.655966,43.311456
字篠津原野,樺戸郡月形町,3687,141.657609,43.312116
字篠津原野,樺戸郡月形町,3996,141.658,43.312158
字篠津原野,樺戸郡月形町,1662-3,141.658674,43.312357
字篠津原野,樺戸郡月形町,3997,141.658247,43.312182
字篠津原野,樺戸郡月形町,3998,141.658817,43.312234
字篠津原野,樺戸郡月形町,1662-5,141.658797,43.312376
字篠津原野,樺戸郡月形町,1662-4,141.658824,43.31249
字篠津原野,樺戸郡月形町,1662-2,141.659557,43.31253
字篠津原野,樺戸郡月形町,3999,141.659773,43.312292
字篠津原野,樺戸郡月形町,4000,141.660313,43.312339
字篠津原野,樺戸郡月形町,1662-1,141.660089,43.312659
字篠津原野,樺戸郡月形町,1664-2,141.660826,43.312826
字篠津原野,樺戸郡月形町,4001,141.66161,43.312455
字篠津原野,樺戸郡月形町,1665-1,141.661011,43.311875
字篠津原野,樺戸郡月形町,4003,141.661481,43.310796
字篠津原野,樺戸郡月形町,1665-4,141.662503,43.31188
字篠津原野,樺戸郡月形町,1665-2,141.660833,43.310554
字篠津原野,樺戸郡月形町,1665-3,141.660921,43.311105
字篠津原野,樺戸郡月形町,1663-13,141.660361,43.310775
字篠津原野,樺戸郡月形町,1663-16,141.660268,43.311325
字篠津原野,樺戸郡月形町,1663-14,141.660204,43.311803
字篠津原野,樺戸郡月形町,1663-10,141.659411,43.311739
字篠津原野,樺戸郡月形町,1663-22,141.658902,43.311695
字篠津原野,樺戸郡月形町,1663-24,141.658978,43.311203
字篠津原野,樺戸郡月形町,1663-12,141.659492,43.311252
字篠津原野,樺戸郡月形町,1663-21,141.659049,43.310749
字篠津原野,樺戸郡月形町,1663-9,141.659557,43.310797
字篠津原野,樺戸郡月形町,1663-15,141.6603,43.310375
字篠津原野,樺戸郡月形町,1663-11,141.659631,43.310316
字篠津原野,樺戸郡月形町,1663-2,141.659482,43.310064
字篠津原野,樺戸郡月形町,1663-1,141.660185,43.310276
字篠津原野,樺戸郡月形町,1663-5,141.659923,43.30993
字篠津原野,樺戸郡月形町,1663-26,141.660124,43.309952
字篠津原野,樺戸郡月形町,1663-8,141.658682,43.310244
字篠津原野,樺戸郡月形町,1663-3,141.658954,43.310018
字篠津原野,樺戸郡月形町,1663-25,141.660419,43.310161
字篠津原野,樺戸郡月形町,1663-4,141.660264,43.310197
字篠津原野,樺戸郡月形町,1663-18,141.660549,43.310396
字篠津原野,樺戸郡月形町,1663-17,141.660661,43.310493
字篠津原野,樺戸郡月形町,4002,141.66265,43.311942
字篠津原野,樺戸郡月形町,1664-3,141.662108,43.31275
字篠津原野,樺戸郡月形町,1666-4,141.662613,43.312393
字篠津原野,樺戸郡月形町,1666-5,141.663087,43.312027
字篠津原野,樺戸郡月形町,1666-3,141.663558,43.312523
字篠津原野,樺戸郡月形町,1666-1,141.662989,43.31258
字篠津原野,樺戸郡月形町,1667-5,141.661962,43.313497
字篠津原野,樺戸郡月形町,1667-3,141.662273,43.313609
字篠津原野,樺戸郡月形町,1667-4,141.66272,43.313266
字篠津原野,樺戸郡月形町,1667-6,141.662184,43.313117
字篠津原野,樺戸郡月形町,1664-1,141.661581,43.313153
字篠津原野,樺戸郡月形町,水-7068,141.664575,43.315577
字篠津原野,樺戸郡月形町,1644-1,141.658906,43.314748
字篠津原野,樺戸郡月形町,長狭物不明-7081,141.660711,43.315592
字篠津原野,樺戸郡月形町,1644-2,141.660368,43.315892
字篠津原野,樺戸郡月形町,1644-16,141.660608,43.315491
字篠津原野,樺戸郡月形町,1644-15,141.660659,43.315463
字篠津原野,樺戸郡月形町,1644-13,141.660686,43.315493
字篠津原野,樺戸郡月形町,1644-18,141.660812,43.315144
字篠津原野,樺戸郡月形町,1644-17,141.660867,43.315111
字篠津原野,樺戸郡月形町,1644-14,141.660878,43.315168
字篠津原野,樺戸郡月形町,1644-4,141.659393,43.315111
字篠津原野,樺戸郡月形町,1644-3,141.659811,43.315522
字篠津原野,樺戸郡月形町,1644-9,141.659982,43.315967
字南耕地,樺戸郡月形町,1363-13,141.659933,43.316279
字南耕地,樺戸郡月形町,1363-6,141.66013,43.316595
字南耕地,樺戸郡月形町,3624-17,141.660233,43.31686
字南耕地,樺戸郡月形町,3624-29,141.661009,43.316535
字南耕地,樺戸郡月形町,3624-18,141.660401,43.316554
字南耕地,樺戸郡月形町,3624-19,141.660753,43.316442
字南耕地,樺戸郡月形町,3624-14,141.661485,43.316832
字篠津原野,樺戸郡月形町,道-7180,141.662558,43.31633
字篠津原野,樺戸郡月形町,1643-4,141.6638,43.316252
字篠津原野,樺戸郡月形町,1643-2,141.660976,43.315886
字篠津原野,樺戸郡月形町,1643-1,141.661213,43.315488
字南耕地,樺戸郡月形町,1362-22,141.663575,43.316565
字南耕地,樺戸郡月形町,1362-8,141.663831,43.316587
字南耕地,樺戸郡月形町,1362-6,141.663888,43.316855
字南耕地,樺戸郡月形町,1362-12,141.664398,43.317057
字南耕地,樺戸郡月形町,1362-14,141.664428,43.316973
字南耕地,樺戸郡月形町,1362-21,141.664105,43.316775
字南耕地,樺戸郡月形町,1362-7,141.664405,43.316819
字南耕地,樺戸郡月形町,1362-3,141.664451,43.316673
字南耕地,樺戸郡月形町,1384-13,141.66473,43.316938
字南耕地,樺戸郡月形町,1362-10,141.664478,43.317009
字南耕地,樺戸郡月形町,3627-19,141.6647,43.316992
字南耕地,樺戸郡月形町,1384-16,141.664763,43.316986
字南耕地,樺戸郡月形町,3627-21,141.664745,43.317013
字篠津原野,樺戸郡月形町,4008,141.664815,43.316566
字篠津原野,樺戸郡月形町,4007,141.666748,43.315082
字篠津原野,樺戸郡月形町,道-7179-2,141.66676,43.315327
字篠津原野,樺戸郡月形町,1667-9,141.666513,43.315207
字篠津原野,樺戸郡月形町,1667-8,141.666487,43.315094
字篠津原野,樺戸郡月形町,1667-1,141.664019,43.313696
字篠津原野,樺戸郡月形町,1667-7,141.665693,43.31366
字篠津原野,樺戸郡月形町,4006,141.666953,43.314305
字枯木,樺戸郡月形町,557-1,141.666979,43.314572
字篠津原野,樺戸郡月形町,道-7179,141.666823,43.314636
字枯木,樺戸郡月形町,558-4,141.666987,43.314952
字枯木,樺戸郡月形町,557-2,141.667095,43.314505
字枯木,樺戸郡月形町,4009,141.667249,43.314597
字枯木,樺戸郡月形町,558-1,141.667782,43.315643
字篠津原野,樺戸郡月形町,長狭物不明-7080,141.669163,43.315632
,樺戸郡月形町,134-3,141.6712,43.316805
字篠津原野,樺戸郡月形町,4005,141.670976,43.316942
字チラスナイ,樺戸郡月形町,道-261,141.67384,43.316809
字チラスナイ,樺戸郡月形町,無地番-62,141.674573,43.315995
字チラスナイ,樺戸郡月形町,筆界未定地-42,141.676016,43.316609
字雁里,樺戸郡月形町,2-1,141.668377,43.300485
字雁里,樺戸郡月形町,1-7,141.668337,43.300777
字雁里,樺戸郡月形町,1-6,141.668183,43.301818
字雁里,樺戸郡月形町,1-10,141.667349,43.301342
字雁里,樺戸郡月形町,1-1,141.667783,43.303471
字雁里,樺戸郡月形町,1-4,141.668602,43.302881
字雁里,樺戸郡月形町,1-11,141.668209,43.303002
字雁里,樺戸郡月形町,1-3,141.667667,43.303052
字雁里,樺戸郡月形町,1-2,141.667642,43.303424
字雁里,樺戸郡月形町,340-4,141.665375,43.302439
字雁里,樺戸郡月形町,1-12,141.667357,43.301652
字雁里,樺戸郡月形町,1-5,141.666742,43.301773
字雁里,樺戸郡月形町,1-14,141.667087,43.30055
字雁里,樺戸郡月形町,1-8,141.666017,43.3009
字雁里,樺戸郡月形町,3-9,141.665762,43.300415
字雁里,樺戸郡月形町,1-13,141.665527,43.300781
字雁里,樺戸郡月形町,1-9,141.665351,43.300627
字雁里,樺戸郡月形町,933-4,141.664703,43.301561
字雁里,樺戸郡月形町,891-1,141.663101,43.30148
字篠津原野,樺戸郡月形町,1660-3,141.66002,43.309647
字篠津原野,樺戸郡月形町,1671-8,141.655052,43.304188
字篠津原野,樺戸郡月形町,1660-4,141.657679,43.308709
字篠津原野,樺戸郡月形町,1659-4,141.656172,43.307671
字篠津原野,樺戸郡月形町,1659-5,141.656638,43.30722
字篠津原野,樺戸郡月形町,道-7172,141.657037,43.3071
字篠津原野,樺戸郡月形町,1659-3,141.656014,43.307187
字篠津原野,樺戸郡月形町,1671-6,141.655764,43.306902
字篠津原野,樺戸郡月形町,1671-7,141.654483,43.306796
字篠津原野,樺戸郡月形町,1658-1,141.65462,43.308452
字篠津原野,樺戸郡月形町,1658-5,141.654129,43.308563
字篠津原野,樺戸郡月形町,1658-4,141.653853,43.308711
字篠津原野,樺戸郡月形町,1657-4,141.653364,43.308259
字篠津原野,樺戸郡月形町,1657-5,141.652996,43.308501
字篠津原野,樺戸郡月形町,1657-3,141.653586,43.307585
字篠津原野,樺戸郡月形町,1658-2,141.654341,43.307631
字篠津原野,樺戸郡月形町,1658-3,141.654094,43.307208
字篠津原野,樺戸郡月形町,1670-13,141.653871,43.306748
字篠津原野,樺戸郡月形町,1670-11,141.653673,43.306732
字篠津原野,樺戸郡月形町,1657-2,141.653234,43.307206
字篠津原野,樺戸郡月形町,1670-12,141.653096,43.306685
字篠津原野,樺戸郡月形町,1670-1,141.65321,43.305914
字篠津原野,樺戸郡月形町,1670-9,141.653904,43.306123
字篠津原野,樺戸郡月形町,1670-3,141.654126,43.30605
字篠津原野,樺戸郡月形町,1670-8,141.653893,43.306562
字篠津原野,樺戸郡月形町,1671-1,141.654537,43.306445
字篠津原野,樺戸郡月形町,1671-3,141.655696,43.306242
字篠津原野,樺戸郡月形町,1671-5,141.65508,43.305819
字篠津原野,樺戸郡月形町,1671-4,141.654783,43.305465
字篠津原野,樺戸郡月形町,道-7169,141.654233,43.306308
字篠津原野,樺戸郡月形町,1670-15,141.654039,43.305531
字篠津原野,樺戸郡月形町,1670-7,141.654065,43.303739
字篠津原野,樺戸郡月形町,1670-10,141.653155,43.304539
字篠津原野,樺戸郡月形町,1670-5,141.653388,43.303862
字篠津原野,樺戸郡月形町,1670-6,141.654189,43.304415
字篠津原野,樺戸郡月形町,1714-6,141.653776,43.302591
字篠津原野,樺戸郡月形町,1714-18,141.653696,43.302097
字篠津原野,樺戸郡月形町,1670-4,141.653728,43.303476
字篠津原野,樺戸郡月形町,1670-16,141.654445,43.303546
字篠津原野,樺戸郡月形町,1714-19,141.653268,43.30177
字篠津原野,樺戸郡月形町,3546-3,141.653561,43.301684
字篠津原野,樺戸郡月形町,3546-2,141.653324,43.301667
字篠津原野,樺戸郡月形町,3546-7,141.653141,43.30168
字篠津原野,樺戸郡月形町,1788-16,141.653338,43.301272
字雁里,樺戸郡月形町,4-11,141.662018,43.29349
字雁里,樺戸郡月形町,4-2,141.663192,43.294038
字雁里,樺戸郡月形町,4-3,141.662474,43.293186
字雁里,樺戸郡月形町,4-12,141.662069,43.293262
字雁里,樺戸郡月形町,4-4,141.663915,43.292735
字雁里,樺戸郡月形町,9-1,141.663783,43.292109
字雁里,樺戸郡月形町,4-6,141.664124,43.294851
字雁里,樺戸郡月形町,4-5,141.664091,43.294803
字雁里,樺戸郡月形町,4-10,141.662366,43.295012
字雁里,樺戸郡月形町,4-8,141.663488,43.295271
字雁里,樺戸郡月形町,4-7,141.662102,43.294342
字雁里,樺戸郡月形町,3-11,141.664177,43.298736
字雁里,樺戸郡月形町,3-12,141.66431,43.29754
字雁里,樺戸郡月形町,3-8,141.663868,43.297718
字雁里,樺戸郡月形町,3-16,141.663258,43.297483
字雁里,樺戸郡月形町,3-13,141.663297,43.297746
字雁里,樺戸郡月形町,906-4,141.66292,43.29762
字雁里,樺戸郡月形町,5-14,141.6631,43.297191
字雁里,樺戸郡月形町,905-2,141.662839,43.297032
字雁里,樺戸郡月形町,4-1,141.663304,43.296065
字雁里,樺戸郡月形町,4-9,141.662531,43.295589
字雁里,樺戸郡月形町,4004-1,141.662581,43.297307
字雁里,樺戸郡月形町,891-2,141.662973,43.300023
字雁里,樺戸郡月形町,906-2,141.66267,43.298783
字雁里,樺戸郡月形町,3-7,141.664001,43.298591
字雁里,樺戸郡月形町,3-17,141.664172,43.299072
字雁里,樺戸郡月形町,891-5,141.664676,43.299397
字雁里,樺戸郡月形町,3-18,141.664938,43.300294
字雁里,樺戸郡月形町,3-1,141.665355,43.300251
字雁里,樺戸郡月形町,3-2,141.666582,43.300064
字雁里,樺戸郡月形町,3-4,141.66674,43.29899
字雁里,樺戸郡月形町,2-7,141.667862,43.298184
字雁里,樺戸郡月形町,2-6,141.66768,43.299092
字雁里,樺戸郡月形町,3-10,141.665799,43.298925
字雁里,樺戸郡月形町,3-3,141.665066,43.298705
字雁里,樺戸郡月形町,5-11,141.665838,43.297377
字雁里,樺戸郡月形町,5-10,141.665547,43.297384
字雁里,樺戸郡月形町,3-6,141.665129,43.29781
字雁里,樺戸郡月形町,5-1,141.664939,43.296981
字雁里,樺戸郡月形町,5-13,141.667103,43.29652
字雁里,樺戸郡月形町,5-2,141.667026,43.297051
字雁里,樺戸郡月形町,3-5,141.666897,43.297916
字雁里,樺戸郡月形町,2-4,141.66832,43.298021
字雁里,樺戸郡月形町,6-3,141.668551,43.29636
字雁里,樺戸郡月形町,6-2,141.668849,43.297204
字雁里,樺戸郡月形町,6-1,141.669641,43.297354
字雁里,樺戸郡月形町,2-3,141.669436,43.298305
字雁里,樺戸郡月形町,2-5,141.669387,43.298642
字雁里,樺戸郡月形町,2-8,141.669297,43.298465
字雁里,樺戸郡月形町,2-2,141.668543,43.299132
字雁里,樺戸郡月形町,2-9,141.668438,43.300073
字雁里,樺戸郡月形町,7-9,141.671528,43.292218
字雁里,樺戸郡月形町,7-10,141.671765,43.291909
字雁里,樺戸郡月形町,8-16,141.670845,43.292553
字雁里,樺戸郡月形町,8-15,141.670559,43.29254
字雁里,樺戸郡月形町,6-5,141.66899,43.29394
字雁里,樺戸郡月形町,6-6,141.670044,43.293217
字雁里,樺戸郡月形町,6-7,141.668224,43.29538
字雁里,樺戸郡月形町,6-9,141.669043,43.295855
字雁里,樺戸郡月形町,6-8,141.668302,43.295128
字雁里,樺戸郡月形町,6-4,141.669164,43.295039
字雁里,樺戸郡月形町,5-12,141.666376,43.294964
字雁里,樺戸郡月形町,5-6,141.667344,43.294881
字雁里,樺戸郡月形町,5-4,141.66719,43.295929
字雁里,樺戸郡月形町,5-3,141.665062,43.296139
字雁里,樺戸郡月形町,5-5,141.665292,43.294571
字雁里,樺戸郡月形町,5-8,141.667493,43.293861
字雁里,樺戸郡月形町,5-9,141.667615,43.293032
字雁里,樺戸郡月形町,10,141.668378,43.292568
字雁里,樺戸郡月形町,9-10,141.667268,43.292092
字雁里,樺戸郡月形町,9-7,141.666491,43.292182
字雁里,樺戸郡月形町,9-6,141.666203,43.292179
字雁里,樺戸郡月形町,5-7,141.665522,43.293004
字雁里,樺戸郡月形町,9-4,141.665082,43.292009
字雁里,樺戸郡月形町,9-19,141.665354,43.29158
字雁里,樺戸郡月形町,9-5,141.665105,43.29144
字雁里,樺戸郡月形町,9-17,141.665312,43.291064
字雁里,樺戸郡月形町,9-20,141.665378,43.291693
字雁里,樺戸郡月形町,9-9,141.665954,43.291273
字雁里,樺戸郡月形町,9-8,141.666547,43.291783
字雁里,樺戸郡月形町,9-26,141.667326,43.291691
字雁里,樺戸郡月形町,9-12,141.667654,43.291424
字雁里,樺戸郡月形町,9-13,141.667865,43.291211
字雁里,樺戸郡月形町,9-23,141.667317,43.291443
字雁里,樺戸郡月形町,9-22,141.66653,43.291317
字雁里,樺戸郡月形町,9-21,141.666485,43.29124
字雁里,樺戸郡月形町,9-18,141.667475,43.289727
字雁里,樺戸郡月形町,9-24,141.667336,43.291
字雁里,樺戸郡月形町,9-11,141.667581,43.290979
字雁里,樺戸郡月形町,9-14,141.667416,43.290276
字雁里,樺戸郡月形町,9-25,141.666868,43.29007
字雁里,樺戸郡月形町,9-15,141.668053,43.289738
字雁里,樺戸郡月形町,8-5,141.669151,43.289773
字雁里,樺戸郡月形町,8-11,141.669179,43.289153
字雁里,樺戸郡月形町,8-10,141.66867,43.289354
字雁里,樺戸郡月形町,8-6,141.669825,43.289152
字雁里,樺戸郡月形町,8-4,141.670615,43.290718
字雁里,樺戸郡月形町,8-12,141.669553,43.292291
字雁里,樺戸郡月形町,8-8,141.66825,43.289662
字雁里,樺戸郡月形町,8-9,141.668116,43.290922
字雁里,樺戸郡月形町,8-3,141.668917,43.290994
字雁里,樺戸郡月形町,8-1,141.66876,43.292071
字雁里,樺戸郡月形町,8-2,141.670562,43.291857
字雁里,樺戸郡月形町,7-1,141.671771,43.29179
字雁里,樺戸郡月形町,7-2,141.671816,43.291294
字雁里,樺戸郡月形町,8-13,141.671517,43.290108
字雁里,樺戸郡月形町,7-12,141.672793,43.29099
字雁里,樺戸郡月形町,7-3,141.672522,43.290333
字雁里,樺戸郡月形町,7-11,141.671764,43.28876
字雁里,樺戸郡月形町,7-13,141.673533,43.289508
字雁里,樺戸郡月形町,7-6,141.673857,43.289543
字雁里,樺戸郡月形町,7-15,141.674067,43.289324
字雁里,樺戸郡月形町,7-7,141.674027,43.289056
字雁里,樺戸郡月形町,7-8,141.674038,43.288774
字雁里,樺戸郡月形町,7-16,141.672212,43.288559
字雁里,樺戸郡月形町,7-5,141.673039,43.288947
字雁里,樺戸郡月形町,7-14,141.673786,43.288994
字雁里,樺戸郡月形町,7-4,141.672301,43.289432
字雁里,樺戸郡月形町,8-14,141.670771,43.289644
字雁里,樺戸郡月形町,8-7,141.671048,43.288826
字雁里,樺戸郡月形町,9-3,141.664674,43.291767
字雁里,樺戸郡月形町,9-2,141.664304,43.29191
字雁里,樺戸郡月形町,9-16,141.663906,43.292056
字枯木,樺戸郡月形町,328-14,141.650716,43.287729
字枯木,樺戸郡月形町,328-15,141.650222,43.287782
字枯木,樺戸郡月形町,328-6,141.650394,43.287607
字枯木,樺戸郡月形町,328-20,141.650628,43.287029
字枯木,樺戸郡月形町,328-9,141.650284,43.287005
字篠津原野,樺戸郡月形町,609-4,141.650024,43.286964
字枯木,樺戸郡月形町,無地番-7026,141.65057,43.286156
字篠津原野,樺戸郡月形町,609-5,141.649903,43.287757
字篠津原野,樺戸郡月形町,609-3,141.648185,43.287645
字篠津原野,樺戸郡月形町,609-2,141.648324,43.286846
字篠津原野,樺戸郡月形町,1729-5,141.644152,43.285737
字篠津原野,樺戸郡月形町,1730-3,141.641586,43.285604
字篠津原野,樺戸郡月形町,水-7064,141.641897,43.285591
字篠津原野,樺戸郡月形町,1730-4,141.642159,43.285648
字篠津原野,樺戸郡月形町,1729-6,141.64342,43.285703
字篠津原野,樺戸郡月形町,1729-3,141.643737,43.285965
字篠津原野,樺戸郡月形町,1729-4,141.643471,43.285899
字篠津原野,樺戸郡月形町,1730-1,141.641352,43.287189
字篠津原野,樺戸郡月形町,1730-2,141.641783,43.28844
字篠津原野,樺戸郡月形町,1721-1,141.642476,43.287875
字篠津原野,樺戸郡月形町,1728-3,141.644926,43.286898
字篠津原野,樺戸郡月形町,1728-8,141.645416,43.286125
字篠津原野,樺戸郡月形町,1728-7,141.645068,43.28615
字篠津原野,樺戸郡月形町,1728-5,141.646097,43.286684
字篠津原野,樺戸郡月形町,1728-6,141.645973,43.2875
字篠津原野,樺戸郡月形町,1728-2,141.645876,43.288174
字篠津原野,樺戸郡月形町,1728-1,141.64511,43.289566
字篠津原野,樺戸郡月形町,1728-4,141.644165,43.288333
字篠津原野,樺戸郡月形町,1728-9,141.644775,43.288091
字篠津原野,樺戸郡月形町,1729-1,141.643667,43.287533
字篠津原野,樺戸郡月形町,水-7065,141.642952,43.288115
字篠津原野,樺戸郡月形町,1730-6,141.641113,43.288784
字篠津原野,樺戸郡月形町,1730-5,141.641019,43.289414
字篠津原野,樺戸郡月形町,1730-7,141.641903,43.289138
字篠津原野,樺戸郡月形町,1730-8,141.641595,43.289326
字篠津原野,樺戸郡月形町,1730-9,141.641715,43.289957
字篠津原野,樺戸郡月形町,1729-2,141.643265,43.290191
字篠津原野,樺戸郡月形町,1721-5,141.6419,43.290048
字篠津原野,樺戸郡月形町,1829-2,141.641637,43.29049
字篠津原野,樺戸郡月形町,道-7167,141.64249,43.290327
字篠津原野,樺戸郡月形町,1807-3,141.641584,43.291264
字篠津原野,樺戸郡月形町,1807-6,141.641075,43.291223
字篠津原野,樺戸郡月形町,1721-4,141.64189,43.291819
字篠津原野,樺戸郡月形町,1725-4,141.64322,43.291278
字篠津原野,樺戸郡月形町,1725-3,141.645178,43.291438
字篠津原野,樺戸郡月形町,1726,141.644404,43.290711
字篠津原野,樺戸郡月形町,長狭物不明-7075,141.646711,43.291069
字篠津原野,樺戸郡月形町,1725-1,141.648937,43.291741
字篠津原野,樺戸郡月形町,1725-5,141.649249,43.291988
字枯木,樺戸郡月形町,327-8,141.649488,43.292118
字枯木,樺戸郡月形町,327-6,141.649618,43.291368
字篠津原野,樺戸郡月形町,1725-2,141.64932,43.291622
字枯木,樺戸郡月形町,328-11,141.649781,43.290279
字篠津原野,樺戸郡月形町,1727-1,141.648524,43.289657
字篠津原野,樺戸郡月形町,1727-13,141.64815,43.288101
字篠津原野,樺戸郡月形町,1727-3,141.649114,43.288208
字篠津原野,樺戸郡月形町,1727-2,141.649552,43.288458
字篠津原野,樺戸郡月形町,1727-8,141.649256,43.287987
字篠津原野,樺戸郡月形町,1727-9,141.649396,43.288169
字篠津原野,樺戸郡月形町,1727-6,141.649878,43.287932
字篠津原野,樺戸郡月形町,1727-7,141.649851,43.288112
字篠津原野,樺戸郡月形町,1727-12,141.649686,43.288218
字篠津原野,樺戸郡月形町,1727-5,141.649809,43.288387
字篠津原野,樺戸郡月形町,1727-11,141.649753,43.288637
字篠津原野,樺戸郡月形町,1727-10,141.649675,43.289074
字篠津原野,樺戸郡月形町,1727-4,141.649623,43.289619
字枯木,樺戸郡月形町,328-1,141.650225,43.289891
字枯木,樺戸郡月形町,328-17,141.650646,43.289581
字枯木,樺戸郡月形町,328-18,141.65064,43.289369
字枯木,樺戸郡月形町,328-5,141.650272,43.28914
字枯木,樺戸郡月形町,328-10,141.650035,43.288623
字枯木,樺戸郡月形町,328-13,141.650724,43.28827
字枯木,樺戸郡月形町,328-12,141.650739,43.289707
字枯木,樺戸郡月形町,328-19,141.650652,43.290326
字枯木,樺戸郡月形町,328-16,141.650174,43.290709
字枯木,樺戸郡月形町,長狭物不明-7063,141.650539,43.291247
字枯木,樺戸郡月形町,327-7,141.650793,43.292385
字枯木,樺戸郡月形町,327-9,141.650699,43.292223
字篠津原野,樺戸郡月形町,1792-19,141.650805,43.293406
字篠津原野,樺戸郡月形町,1792-22,141.650508,43.292983
字枯木,樺戸郡月形町,327-1,141.650076,43.292299
字篠津原野,樺戸郡月形町,678-1,141.650053,43.293045
字篠津原野,樺戸郡月形町,3994-1,141.649465,43.29301
字篠津原野,樺戸郡月形町,678-6,141.649379,43.292883
字篠津原野,樺戸郡月形町,677-2,141.649386,43.29309
字篠津原野,樺戸郡月形町,水-7067,141.649357,43.293039
字篠津原野,樺戸郡月形町,1724-14,141.64904,43.2934
字篠津原野,樺戸郡月形町,1724-12,141.64911,43.293064
字篠津原野,樺戸郡月形町,1724-3,141.647965,43.292964
字篠津原野,樺戸郡月形町,1724-6,141.647295,43.293992
字篠津原野,樺戸郡月形町,1724-4,141.648718,43.294104
字篠津原野,樺戸郡月形町,1724-13,141.648958,43.294123
字篠津原野,樺戸郡月形町,678-5,141.649343,43.293114
字篠津原野,樺戸郡月形町,677-5,141.649233,43.293898
字篠津原野,樺戸郡月形町,3994-2,141.64992,43.293195
字篠津原野,樺戸郡月形町,677-6,141.649523,43.293384
字篠津原野,樺戸郡月形町,1792-12,141.649206,43.294081
字篠津原野,樺戸郡月形町,1792-9,141.649198,43.294134
字篠津原野,樺戸郡月形町,1792-4,141.649408,43.294158
字篠津原野,樺戸郡月形町,1792-11,141.649182,43.294244
字篠津原野,樺戸郡月形町,1792-7,141.649608,43.294461
字篠津原野,樺戸郡月形町,1792-5,141.649428,43.294647
字篠津原野,樺戸郡月形町,1792-8,141.64985,43.294679
字篠津原野,樺戸郡月形町,1792-6,141.649396,43.294829
字篠津原野,樺戸郡月形町,1792-15,141.64911,43.294726
字篠津原野,樺戸郡月形町,1792-10,141.649066,43.295016
字篠津原野,樺戸郡月形町,1793-2,141.648809,43.295167
字篠津原野,樺戸郡月形町,1793-3,141.648745,43.295425
字篠津原野,樺戸郡月形町,1792-14,141.649137,43.294548
字篠津原野,樺戸郡月形町,1792-16,141.649155,43.294427
字篠津原野,樺戸郡月形町,1724-1,141.647267,43.294678
字篠津原野,樺戸郡月形町,1793-1,141.648412,43.295114
字篠津原野,樺戸郡月形町,1724-9,141.647042,43.295693
字篠津原野,樺戸郡月形町,1792-13,141.648977,43.295642
字篠津原野,樺戸郡月形町,1792-17,141.651372,43.296236
字篠津原野,樺戸郡月形町,1792-20,141.651273,43.295992
字篠津原野,樺戸郡月形町,1792-3,141.650325,43.295765
字篠津原野,樺戸郡月形町,1792-1,141.650262,43.294008
字篠津原野,樺戸郡月形町,1792-2,141.650979,43.293693
字篠津原野,樺戸郡月形町,1790-12,141.651407,43.296574
字篠津原野,樺戸郡月形町,1790-9,141.651479,43.296544
字篠津原野,樺戸郡月形町,1791-4,141.651503,43.296387
字篠津原野,樺戸郡月形町,1792-21,141.651319,43.29627
字篠津原野,樺戸郡月形町,1791-5,141.651303,43.296321
字篠津原野,樺戸郡月形町,1790-10,141.651258,43.296553
字篠津原野,樺戸郡月形町,1792-18,141.651002,43.296311
字篠津原野,樺戸郡月形町,3995-1,141.650572,43.296359
字篠津原野,樺戸郡月形町,1791-2,141.650913,43.296444
字篠津原野,樺戸郡月形町,1790-1,141.651017,43.29881
字篠津原野,樺戸郡月形町,1790-11,141.652492,43.299503
字篠津原野,樺戸郡月形町,1790-2,141.652272,43.299861
字篠津原野,樺戸郡月形町,1788-7,141.649629,43.300048
字篠津原野,樺戸郡月形町,1788-9,141.652124,43.300674
字篠津原野,樺戸郡月形町,1790-8,141.648568,43.298728
字篠津原野,樺戸郡月形町,1789-2,141.648502,43.299169
字篠津原野,樺戸郡月形町,1789-1,141.64872,43.299263
字篠津原野,樺戸郡月形町,1790-3,141.649204,43.298784
字篠津原野,樺戸郡月形町,1788-8,141.648534,43.300268
字篠津原野,樺戸郡月形町,1787-1,141.648979,43.300009
字篠津原野,樺戸郡月形町,1788-6,141.64873,43.300019
字篠津原野,樺戸郡月形町,1790-7,141.64846,43.299462
字篠津原野,樺戸郡月形町,1788-15,141.64843,43.299681
字篠津原野,樺戸郡月形町,1787-2,141.64841,43.299827
字篠津原野,樺戸郡月形町,1788-14,141.64839,43.299985
字篠津原野,樺戸郡月形町,1788-12,141.648354,43.300257
字篠津原野,樺戸郡月形町,1788-13,141.648315,43.300394
字篠津原野,樺戸郡月形町,1790-6,141.648693,43.297872
字篠津原野,樺戸郡月形町,1790-5,141.648813,43.297114
字篠津原野,樺戸郡月形町,1790-4,141.649065,43.297208
字篠津原野,樺戸郡月形町,1791-1,141.649223,43.296797
字篠津原野,樺戸郡月形町,3995-2,141.649141,43.296252
字篠津原野,樺戸郡月形町,1791-3,141.648867,43.296772
字篠津原野,樺戸郡月形町,3539-4,141.646869,43.296217
字篠津原野,樺戸郡月形町,1786-2,141.647079,43.296765
字篠津原野,樺戸郡月形町,1785,141.647133,43.296422
字篠津原野,樺戸郡月形町,1718-8,141.645806,43.296802
字篠津原野,樺戸郡月形町,1718-5,141.646237,43.296478
字篠津原野,樺戸郡月形町,1718-6,141.645592,43.296333
字篠津原野,樺戸郡月形町,1718-7,141.645337,43.296465
字篠津原野,樺戸郡月形町,1718-1,141.644593,43.297075
字篠津原野,樺戸郡月形町,1786-1,141.647168,43.298164
字篠津原野,樺戸郡月形町,1717-1,141.647493,43.299857
字篠津原野,樺戸郡月形町,1717-4,141.645664,43.299559
字篠津原野,樺戸郡月形町,1717-7,141.64434,43.300249
字篠津原野,樺戸郡月形町,1718-3,141.644434,43.299619
字篠津原野,樺戸郡月形町,1718-4,141.643817,43.299071
字篠津原野,樺戸郡月形町,1719-3,141.642146,43.299437
字篠津原野,樺戸郡月形町,1717-9,141.64152,43.300028
字篠津原野,樺戸郡月形町,1717-8,141.641219,43.300208
字篠津原野,樺戸郡月形町,1719-4,141.641548,43.298888
字篠津原野,樺戸郡月形町,1818-1,141.641054,43.297316
字篠津原野,樺戸郡月形町,1719-1,141.642454,43.297442
字篠津原野,樺戸郡月形町,3540-6,141.641072,43.295749
字篠津原野,樺戸郡月形町,1719-7,141.64162,43.295973
字篠津原野,樺戸郡月形町,1719-6,141.641846,43.296162
字篠津原野,樺戸郡月形町,1719-5,141.641915,43.295967
字篠津原野,樺戸郡月形町,3539-1,141.641868,43.295813
字篠津原野,樺戸郡月形町,1722-5,141.642476,43.295054
字篠津原野,樺戸郡月形町,1722-2,141.642051,43.29543
字篠津原野,樺戸郡月形町,1721-2,141.641474,43.294555
字篠津原野,樺戸郡月形町,1722-1,141.642787,43.29431
字篠津原野,樺戸郡月形町,1723-4,141.643951,43.294765
字篠津原野,樺戸郡月形町,3539-2,141.642992,43.295905
字篠津原野,樺戸郡月形町,3539-5,141.644533,43.296031
字篠津原野,樺戸郡月形町,1723-13,141.644525,43.295518
字篠津原野,樺戸郡月形町,1723-8,141.64485,43.295547
字篠津原野,樺戸郡月形町,1723-7,141.645654,43.295738
字篠津原野,樺戸郡月形町,3519,141.645138,43.295954
字篠津原野,樺戸郡月形町,1723-12,141.645086,43.295722
字篠津原野,樺戸郡月形町,3539-3,141.646019,43.296149
字篠津原野,樺戸郡月形町,1724-8,141.646285,43.295846
字篠津原野,樺戸郡月形町,1724-7,141.646491,43.295522
字篠津原野,樺戸郡月形町,1723-6,141.64548,43.295418
字篠津原野,樺戸郡月形町,1724-5,141.646265,43.294735
字篠津原野,樺戸郡月形町,1724-10,141.646565,43.294652
字篠津原野,樺戸郡月形町,1723-1,141.645294,43.294564
字篠津原野,樺戸郡月形町,1723-9,141.644466,43.295116
字篠津原野,樺戸郡月形町,1723-3,141.644834,43.293799
字篠津原野,樺戸郡月形町,1723-11,141.645731,43.293255
字篠津原野,樺戸郡月形町,1723-2,141.645848,43.292259
字篠津原野,樺戸郡月形町,1724-11,141.646957,43.291967
字篠津原野,樺戸郡月形町,1724-2,141.646536,43.292851
字篠津原野,樺戸郡月形町,1723-10,141.644842,43.292706
字篠津原野,樺戸郡月形町,1723-5,141.644271,43.292667
字篠津原野,樺戸郡月形町,1722-3,141.643026,43.292571
字篠津原野,樺戸郡月形町,1722-4,141.643466,43.293691
字篠津原野,樺戸郡月形町,1720-5,141.641142,43.294139
字篠津原野,樺戸郡月形町,1721-3,141.641636,43.293537
字篠津原野,樺戸郡月形町,水-7066,141.64233,43.292264
字篠津原野,樺戸郡月形町,1720-4,141.64135,43.292752
字篠津原野,樺戸郡月形町,1768-5,141.639834,43.292368
字篠津原野,樺戸郡月形町,1720-7,141.640839,43.292765
字篠津原野,樺戸郡月形町,1720-2,141.640639,43.294104
字篠津原野,樺戸郡月形町,1768-14,141.639548,43.293514
字篠津原野,樺戸郡月形町,1768-8,141.639943,43.293557
字篠津原野,樺戸郡月形町,1768-1,141.639209,43.293862
字篠津原野,樺戸郡月形町,1768-12,141.638327,43.293545
字篠津原野,樺戸郡月形町,1768-9,141.63879,43.29275
字篠津原野,樺戸郡月形町,1768-7,141.63853,43.292265
字篠津原野,樺戸郡月形町,1766-5,141.637523,43.292187
字篠津原野,樺戸郡月形町,3542,141.63539,43.292285
字篠津原野,樺戸郡月形町,1760-10,141.635095,43.293556
字篠津原野,樺戸郡月形町,1766-3,141.635775,43.29359
字篠津原野,樺戸郡月形町,1766-12,141.637047,43.293705
字篠津原野,樺戸郡月形町,1766-1,141.636714,43.293344
字篠津原野,樺戸郡月形町,1766-8,141.637415,43.293356
字篠津原野,樺戸郡月形町,1768-2,141.637954,43.293785
字篠津原野,樺戸郡月形町,1765,141.637292,43.294869
字篠津原野,樺戸郡月形町,1766-11,141.637001,43.294844
字篠津原野,樺戸郡月形町,1766-10,141.636786,43.294601
字篠津原野,樺戸郡月形町,3540-2,141.636418,43.295375
字篠津原野,樺戸郡月形町,1763-7,141.635233,43.296046
字篠津原野,樺戸郡月形町,1763-8,141.635455,43.296247
字篠津原野,樺戸郡月形町,1763-4,141.636707,43.295882
字篠津原野,樺戸郡月形町,3520,141.637775,43.295359
字篠津原野,樺戸郡月形町,1763-9,141.637807,43.296103
字篠津原野,樺戸郡月形町,1763-3,141.638253,43.296288
字篠津原野,樺戸郡月形町,1762,141.638176,43.295816
字篠津原野,樺戸郡月形町,3540-4,141.639074,43.295588
字篠津原野,樺戸郡月形町,道-7163,141.645741,43.285794
字篠津原野,樺戸郡月形町,3540-3,141.638121,43.295512
字篠津原野,樺戸郡月形町,1768-16,141.638226,43.295223
字篠津原野,樺戸郡月形町,1768-17,141.638244,43.295014
字篠津原野,樺戸郡月形町,1768-3,141.638341,43.294722
字篠津原野,樺戸郡月形町,1768-18,141.639658,43.294916
字篠津原野,樺戸郡月形町,1720-6,141.640957,43.295365
字篠津原野,樺戸郡月形町,1720-3,141.640457,43.295326
字篠津原野,樺戸郡月形町,1767,141.6398,43.295298
字篠津原野,樺戸郡月形町,3540-5,141.64013,43.295673
字篠津原野,樺戸郡月形町,1770-6,141.640049,43.297237
字篠津原野,樺戸郡月形町,1770-10,141.639568,43.298308
字篠津原野,樺戸郡月形町,1769,141.639818,43.296283
字篠津原野,樺戸郡月形町,1770-8,141.638264,43.296963
字篠津原野,樺戸郡月形町,1770-5,141.638703,43.298122
字篠津原野,樺戸郡月形町,1770-3,141.640561,43.297233
字篠津原野,樺戸郡月形町,1818-6,141.640613,43.298813
字篠津原野,樺戸郡月形町,1770-7,141.639506,43.298729
字篠津原野,樺戸郡月形町,1818-5,141.64075,43.299317
字篠津原野,樺戸郡月形町,1818-3,141.640648,43.300006
字篠津原野,樺戸郡月形町,長狭物不明-7078,141.640987,43.300268
字篠津原野,樺戸郡月形町,1818-4,141.640114,43.300289
字篠津原野,樺戸郡月形町,1770-14,141.639572,43.299958
字篠津原野,樺戸郡月形町,1770-1,141.639765,43.299093
字篠津原野,樺戸郡月形町,1770-16,141.639205,43.299638
字篠津原野,樺戸郡月形町,1770-15,141.63936,43.29967
字篠津原野,樺戸郡月形町,1770-12,141.63856,43.299057
字篠津原野,樺戸郡月形町,1770-9,141.639433,43.299186
字篠津原野,樺戸郡月形町,1770-11,141.639252,43.299314
字篠津原野,樺戸郡月形町,1770-13,141.637997,43.298655
字篠津原野,樺戸郡月形町,1819-4,141.63715,43.300151
字篠津原野,樺戸郡月形町,1819-1,141.635942,43.300098
字篠津原野,樺戸郡月形町,1819-2,141.635525,43.299849
字篠津原野,樺戸郡月形町,1764-3,141.635491,43.299762
字篠津原野,樺戸郡月形町,1764-1,141.635155,43.299076
字篠津原野,樺戸郡月形町,1763-1,141.637609,43.297135
字篠津原野,樺戸郡月形町,1763-6,141.636727,43.297402
字篠津原野,樺戸郡月形町,1763-5,141.638142,43.296455
字篠津原野,樺戸郡月形町,水-7063,141.635157,43.297172
字篠津原野,樺戸郡月形町,3902,141.63327,43.297211
字篠津原野,樺戸郡月形町,3924,141.634,43.297638
字篠津原野,樺戸郡月形町,3922,141.63253,43.297788
字篠津原野,樺戸郡月形町,3921,141.632543,43.297961
字篠津原野,樺戸郡月形町,3920,141.632845,43.297675
字篠津原野,樺戸郡月形町,3900,141.634142,43.298346
字篠津原野,樺戸郡月形町,3901,141.63423,43.297604
字篠津原野,樺戸郡月形町,1761-3,141.634506,43.297925
字篠津原野,樺戸郡月形町,3919,141.633441,43.299002
字篠津原野,樺戸郡月形町,3899,141.634062,43.29883
字篠津原野,樺戸郡月形町,3898,141.634116,43.29913
字篠津原野,樺戸郡月形町,1804-3,141.634637,43.300375
字篠津原野,樺戸郡月形町,1804-4,141.634446,43.300173
字篠津原野,樺戸郡月形町,3876,141.634002,43.300138
字篠津原野,樺戸郡月形町,3896,141.633938,43.299429
字篠津原野,樺戸郡月形町,3918,141.63325,43.299584
字篠津原野,樺戸郡月形町,3843,141.633332,43.300297
字篠津原野,樺戸郡月形町,3844,141.633146,43.300034
字篠津原野,樺戸郡月形町,3897,141.633191,43.298319
字篠津原野,樺戸郡月形町,3906,141.631747,43.298541
字篠津原野,樺戸郡月形町,1820-1,141.631904,43.299772
字篠津原野,樺戸郡月形町,1820-3,141.630877,43.299483
字篠津原野,樺戸郡月形町,3885,141.629876,43.299746
字篠津原野,樺戸郡月形町,3886,141.629923,43.299777
字篠津原野,樺戸郡月形町,3862,141.630062,43.300396
字篠津原野,樺戸郡月形町,3863,141.630131,43.299933
字篠津原野,樺戸郡月形町,3864,141.629252,43.300024
字篠津原野,樺戸郡月形町,3911,141.629695,43.299163
字篠津原野,樺戸郡月形町,3909,141.630241,43.299108
字篠津原野,樺戸郡月形町,3908,141.630719,43.299152
字篠津原野,樺戸郡月形町,3910,141.629979,43.298926
字篠津原野,樺戸郡月形町,3912,141.629268,43.29809
字篠津原野,樺戸郡月形町,3907,141.630509,43.298151
字篠津原野,樺戸郡月形町,3923,141.631566,43.297574
字篠津原野,樺戸郡月形町,3905,141.631926,43.297349
字篠津原野,樺戸郡月形町,3904,141.631975,43.297038
字篠津原野,樺戸郡月形町,3927,141.630261,43.2955
字篠津原野,樺戸郡月形町,3926,141.630341,43.295211
字篠津原野,樺戸郡月形町,3928,141.629443,43.296913
字篠津原野,樺戸郡月形町,3913,141.629599,43.295884
字篠津原野,樺戸郡月形町,3541,141.631301,43.294955
字篠津原野,樺戸郡月形町,3934-1,141.630563,43.29444
字篠津原野,樺戸郡月形町,3934-2,141.630938,43.294592
字篠津原野,樺戸郡月形町,3903,141.63115,43.295896
字篠津原野,樺戸郡月形町,3925,141.632683,43.296481
字篠津原野,樺戸郡月形町,1802-1,141.634646,43.295449
字篠津原野,樺戸郡月形町,3526-1,141.63498,43.295783
字篠津原野,樺戸郡月形町,3526-2,141.635042,43.295602
字篠津原野,樺戸郡月形町,1802-2,141.634876,43.295365
字篠津原野,樺戸郡月形町,3540-1,141.634564,43.295225
字篠津原野,樺戸郡月形町,1760-13,141.633879,43.294937
字篠津原野,樺戸郡月形町,1760-19,141.634131,43.294934
字篠津原野,樺戸郡月形町,1760-12,141.634751,43.294702
字篠津原野,樺戸郡月形町,1760-11,141.634278,43.294763
字篠津原野,樺戸郡月形町,1760-17,141.633517,43.294483
字篠津原野,樺戸郡月形町,1760-20,141.63336,43.294344
字篠津原野,樺戸郡月形町,1760-18,141.632833,43.293867
字篠津原野,樺戸郡月形町,1760-1,141.63433,43.293259
字篠津原野,樺戸郡月形町,1760-15,141.633561,43.293036
字篠津原野,樺戸郡月形町,1760-6,141.632982,43.292912
字篠津原野,樺戸郡月形町,1779-5,141.631631,43.292778
字篠津原野,樺戸郡月形町,3937,141.628613,43.294541
字篠津原野,樺戸郡月形町,3935,141.629265,43.293909
字篠津原野,樺戸郡月形町,3521,141.628199,43.293792
字篠津原野,樺戸郡月形町,3936,141.630242,43.29451
字篠津原野,樺戸郡月形町,1779-6,141.62995,43.291261
字篠津原野,樺戸郡月形町,1779-3,141.630633,43.291031
字篠津原野,樺戸郡月形町,1779-1,141.631783,43.291641
字篠津原野,樺戸郡月形町,1808-3,141.629683,43.290305
字篠津原野,樺戸郡月形町,1781-1,141.630274,43.288545
字篠津原野,樺戸郡月形町,1781-2,141.630671,43.287944
字篠津原野,樺戸郡月形町,1776-13,141.631917,43.288674
字篠津原野,樺戸郡月形町,1776-12,141.631636,43.288656
字篠津原野,樺戸郡月形町,1828,141.632337,43.289742
字篠津原野,樺戸郡月形町,1776-2,141.632201,43.288698
字篠津原野,樺戸郡月形町,1776-14,141.632778,43.288746
字篠津原野,樺戸郡月形町,1776-15,141.632493,43.288723
字篠津原野,樺戸郡月形町,1776-3,141.632572,43.288096
字篠津原野,樺戸郡月形町,1776-17,141.633055,43.288768
字篠津原野,樺戸郡月形町,1776-16,141.633312,43.288791
字篠津原野,樺戸郡月形町,1776-20,141.633571,43.28881
字篠津原野,樺戸郡月形町,1775-17,141.633601,43.288813
字篠津原野,樺戸郡月形町,1775-3,141.633871,43.288833
字篠津原野,樺戸郡月形町,1775-14,141.634059,43.289389
字篠津原野,樺戸郡月形町,1775-4,141.63481,43.288279
字篠津原野,樺戸郡月形町,1775-12,141.634412,43.288882
字篠津原野,樺戸郡月形町,1775-11,141.634683,43.288906
字篠津原野,樺戸郡月形町,1808-1,141.634155,43.290666
字篠津原野,樺戸郡月形町,1808-2,141.632257,43.290268
字篠津原野,樺戸郡月形町,1760-4,141.63327,43.291052
字篠津原野,樺戸郡月形町,1779-4,141.632603,43.291492
字篠津原野,樺戸郡月形町,1760-8,141.632906,43.291597
字篠津原野,樺戸郡月形町,1760-5,141.635011,43.291984
字篠津原野,樺戸郡月形町,1760-14,141.633888,43.290989
字篠津原野,樺戸郡月形町,1760-9,141.634637,43.291164
字篠津原野,樺戸郡月形町,1760-7,141.634553,43.29173
字篠津原野,樺戸郡月形町,1760-16,141.635342,43.291872
字篠津原野,樺戸郡月形町,1766-7,141.635688,43.292037
字篠津原野,樺戸郡月形町,1766-6,141.636132,43.291544
字篠津原野,樺戸郡月形町,1766-2,141.635611,43.291343
字篠津原野,樺戸郡月形町,1760-3,141.635412,43.291327
字篠津原野,樺戸郡月形町,1807-1,141.63691,43.290888
字篠津原野,樺戸郡月形町,1766-4,141.636989,43.291573
字篠津原野,樺戸郡月形町,1766-13,141.63738,43.291605
字篠津原野,樺戸郡月形町,1766-9,141.637653,43.291817
字篠津原野,樺戸郡月形町,1768-13,141.638637,43.291221
字篠津原野,樺戸郡月形町,1768-10,141.638255,43.291675
字篠津原野,樺戸郡月形町,1768-6,141.638934,43.291724
字篠津原野,樺戸郡月形町,1768-11,141.639521,43.291775
字篠津原野,樺戸郡月形町,1768-15,141.639801,43.291795
字篠津原野,樺戸郡月形町,1768-4,141.640197,43.291826
字篠津原野,樺戸郡月形町,1720-8,141.641395,43.291523
字篠津原野,樺戸郡月形町,1720-1,141.640935,43.291886
字篠津原野,樺戸郡月形町,1807-5,141.640013,43.291138
字篠津原野,樺戸郡月形町,1807-2,141.638768,43.290792
字篠津原野,樺戸郡月形町,1807-4,141.638703,43.291032
字篠津原野,樺戸郡月形町,1829-1,141.638678,43.290252
字篠津原野,樺戸郡月形町,1772-6,141.638617,43.28922
字篠津原野,樺戸郡月形町,1772-8,141.639363,43.28928
字篠津原野,樺戸郡月形町,1772-4,141.640263,43.289353
字篠津原野,樺戸郡月形町,1772-5,141.640357,43.288724
字篠津原野,樺戸郡月形町,1772-9,141.639456,43.288651
字篠津原野,樺戸郡月形町,1772-7,141.638712,43.288591
字篠津原野,樺戸郡月形町,1774-3,141.63728,43.288476
字篠津原野,樺戸郡月形町,1774-2,141.63718,43.289104
字篠津原野,樺戸郡月形町,1775-10,141.635201,43.288945
字篠津原野,樺戸郡月形町,3543,141.636006,43.288031
字篠津原野,樺戸郡月形町,3527,141.636121,43.288026
字篠津原野,樺戸郡月形町,1775-2,141.635978,43.287516
字篠津原野,樺戸郡月形町,1775-8,141.635452,43.287301
字篠津原野,樺戸郡月形町,1774-1,141.637511,43.28689
字篠津原野,樺戸郡月形町,1772-2,141.638947,43.287001
字篠津原野,樺戸郡月形町,1772-1,141.640597,43.28713
字篠津原野,樺戸郡月形町,1772-3,141.639742,43.286737
字篠津原野,樺戸郡月形町,3544,141.638944,43.285372
字篠津原野,樺戸郡月形町,1771-2,141.640157,43.285797
字篠津原野,樺戸郡月形町,1771-1,141.640491,43.285826
字篠津原野,樺戸郡月形町,1774-5,141.637821,43.285402
字篠津原野,樺戸郡月形町,1773,141.637476,43.285508
字篠津原野,樺戸郡月形町,1775-5,141.635703,43.285881
字篠津原野,樺戸郡月形町,1775-6,141.63549,43.285253
字篠津原野,樺戸郡月形町,1776-21,141.633331,43.28519
字篠津原野,樺戸郡月形町,1776-4,141.632641,43.284935
字篠津原野,樺戸郡月形町,1776-5,141.632192,43.285104
字篠津原野,樺戸郡月形町,1776-18,141.63386,43.285234
字篠津原野,樺戸郡月形町,1775-7,141.634956,43.285217
字篠津原野,樺戸郡月形町,1775-16,141.633922,43.286679
字篠津原野,樺戸郡月形町,1776-19,141.633902,43.286605
字篠津原野,樺戸郡月形町,1776-10,141.633463,43.287816
字篠津原野,樺戸郡月形町,1775-13,141.634664,43.28724
字篠津原野,樺戸郡月形町,1775-15,141.634397,43.287207
字篠津原野,樺戸郡月形町,1775-9,141.634936,43.287247
字篠津原野,樺戸郡月形町,1775-1,141.63412,43.287194
字篠津原野,樺戸郡月形町,1776-7,141.632212,43.286735
字篠津原野,樺戸郡月形町,1776-1,141.632505,43.286739
字篠津原野,樺戸郡月形町,1776-9,141.6328,43.286763
字篠津原野,樺戸郡月形町,1776-8,141.633085,43.286789
字篠津原野,樺戸郡月形町,1776-11,141.633409,43.28653
字篠津原野,樺戸郡月形町,1781-6,141.630523,43.286685
字篠津原野,樺戸郡月形町,1776-6,141.631934,43.286698
字篠津原野,樺戸郡月形町,1781-7,141.629499,43.287845
字篠津原野,樺戸郡月形町,3528,141.629042,43.288885
字篠津原野,樺戸郡月形町,3545,141.629181,43.287311
字篠津原野,樺戸郡月形町,1780,141.630236,43.284923
字篠津原野,樺戸郡月形町,1781-3,141.630214,43.28525
字篠津原野,樺戸郡月形町,1781-5,141.630502,43.28475
字篠津原野,樺戸郡月形町,1781-4,141.629855,43.284698
字篠津原野,樺戸郡月形町,1782-6,141.628457,43.284698
字篠津原野,樺戸郡月形町,1782-8,141.62844,43.28508
字当別原野,樺戸郡月形町,1784-8,141.625556,43.284469
字当別原野,樺戸郡月形町,1783,141.625844,43.284613
字当別原野,樺戸郡月形町,1784-7,141.62527,43.284404
字当別原野,樺戸郡月形町,1784-6,141.624984,43.284649
字当別原野,樺戸郡月形町,道-7278,141.623753,43.28409
字当別原野,樺戸郡月形町,1784-3,141.624121,43.284971
字当別原野,樺戸郡月形町,1784-9,141.625945,43.285015
字当別原野,樺戸郡月形町,1784-4,141.626284,43.286309
字当別原野,樺戸郡月形町,1784-12,141.625123,43.286822
字当別原野,樺戸郡月形町,1784-11,141.624031,43.285901
字当別原野,樺戸郡月形町,水-7139,141.627574,43.290158
字当別原野,樺戸郡月形町,1784-13,141.625212,43.286903
字当別原野,樺戸郡月形町,1784-5,141.626442,43.287008
字当別原野,樺戸郡月形町,1784-1,141.626353,43.287378
字当別原野,樺戸郡月形町,1784-10,141.625859,43.287561
字篠津原野,樺戸郡月形町,1782-5,141.627109,43.284634
字篠津原野,樺戸郡月形町,1782-1,141.627921,43.286742
字篠津原野,樺戸郡月形町,1782-4,141.629051,43.286816
字篠津原野,樺戸郡月形町,1782-3,141.629092,43.287269
字篠津原野,樺戸郡月形町,1782-7,141.627672,43.288902
字篠津原野,樺戸郡月形町,1782-9,141.626763,43.288268
字篠津原野,樺戸郡月形町,1782-12,141.627077,43.288455
字篠津原野,樺戸郡月形町,1782-11,141.626996,43.288601
字篠津原野,樺戸郡月形町,1782-10,141.627168,43.288636
字当別原野,樺戸郡月形町,1827-1,141.628252,43.289361
字当別原野,樺戸郡月形町,1827-3,141.628639,43.289368
字当別原野,樺戸郡月形町,1827-4,141.628525,43.289835
字当別原野,樺戸郡月形町,1809-4,141.628558,43.289912
字当別原野,樺戸郡月形町,1809-2,141.628675,43.289898
字篠津原野,樺戸郡月形町,1808-4,141.628952,43.290295
字当別原野,樺戸郡月形町,1809-1,141.628604,43.290084
字当別原野,樺戸郡月形町,1756-3,141.625268,43.292017
字当別原野,樺戸郡月形町,1755-12,141.624229,43.291253
字当別原野,樺戸郡月形町,1755-9,141.62361,43.291149
字当別原野,樺戸郡月形町,1755-4,141.623837,43.290321
字当別原野,樺戸郡月形町,1810-3,141.623266,43.289712
字当別原野,樺戸郡月形町,1810-4,141.624444,43.289797
字当別原野,樺戸郡月形町,1810-5,141.625308,43.289859
字当別原野,樺戸郡月形町,1810-1,141.622445,43.289653
字当別原野,樺戸郡月形町,1755-2,141.622868,43.291157
字当別原野,樺戸郡月形町,1823,141.621569,43.293136
字当別原野,樺戸郡月形町,3516,141.621481,43.291295
字当別原野,樺戸郡月形町,道-7279,141.621374,43.291839
字当別原野,樺戸郡月形町,無地番-7068,141.621523,43.290825
字当別原野,樺戸郡月形町,282-2,141.619993,43.290703
字当別原野,樺戸郡月形町,1743-1,141.619495,43.291068
字当別原野,樺戸郡月形町,282-5,141.619375,43.291678
字当別原野,樺戸郡月形町,282-6,141.619337,43.291924
字当別原野,樺戸郡月形町,282-25,141.619402,43.291519
字当別原野,樺戸郡月形町,282-4,141.618032,43.291244
字当別原野,樺戸郡月形町,282-32,141.617349,43.291855
字当別原野,樺戸郡月形町,282-30,141.61738,43.291689
字当別原野,樺戸郡月形町,282-34,141.617438,43.291366
字当別原野,樺戸郡月形町,282-39,141.617412,43.291525
字当別原野,樺戸郡月形町,282-28,141.617467,43.291201
字当別原野,樺戸郡月形町,1743-4,141.617515,43.290911
字当別原野,樺戸郡月形町,282-20,141.618105,43.290551
字当別原野,樺戸郡月形町,282-40,141.617582,43.290507
字当別原野,樺戸郡月形町,282-17,141.617434,43.290498
字当別原野,樺戸郡月形町,1813-1,141.622169,43.284193
字当別原野,樺戸郡月形町,1825-3,141.622743,43.284705
字当別原野,樺戸郡月形町,1825-1,141.622893,43.284335
字当別原野,樺戸郡月形町,3513,141.622581,43.284575
字当別原野,樺戸郡月形町,1813-3,141.622473,43.284227
字当別原野,樺戸郡月形町,279,141.613914,43.29124
字当別原野,樺戸郡月形町,282-35,141.616673,43.290353
字当別原野,樺戸郡月形町,282-15,141.616923,43.290372
字当別原野,樺戸郡月形町,282-19,141.617192,43.29049
字当別原野,樺戸郡月形町,282-16,141.616654,43.290557
字当別原野,樺戸郡月形町,1743-2,141.616374,43.290822
字当別原野,樺戸郡月形町,282-1,141.616265,43.290402
字当別原野,樺戸郡月形町,282-12,141.615667,43.29027
字当別原野,樺戸郡月形町,282-11,141.615354,43.290456
字当別原野,樺戸郡月形町,282-42,141.615181,43.290226
字当別原野,樺戸郡月形町,1742,141.61482,43.290784
字当別原野,樺戸郡月形町,282-27,141.615076,43.291008
字当別原野,樺戸郡月形町,1743-3,141.615119,43.290759
字当別原野,樺戸郡月形町,282-38,141.615052,43.291171
字当別原野,樺戸郡月形町,282-36,141.614686,43.291305
字当別原野,樺戸郡月形町,282-31,141.61538,43.291611
字当別原野,樺戸郡月形町,282-37,141.616454,43.291119
字当別原野,樺戸郡月形町,282-33,141.616428,43.291284
字当別原野,樺戸郡月形町,282-41,141.616337,43.291438
字当別原野,樺戸郡月形町,282-29,141.616746,43.291721
字当別原野,樺戸郡月形町,1752-2,141.616536,43.292547
字当別原野,樺戸郡月形町,1752-3,141.615945,43.293243
字当別原野,樺戸郡月形町,1752-1,141.615599,43.292198
,樺戸郡月形町,324,141.614747,43.292547
字当別原野,樺戸郡月形町,1752-5,141.615265,43.292583
字当別原野,樺戸郡月形町,1752-4,141.615478,43.293016
字当別原野,樺戸郡月形町,1751-7,141.615241,43.293582
字当別原野,樺戸郡月形町,1751-4,141.614275,43.293502
字当別原野,樺戸郡月形町,1751-8,141.614593,43.29353
字当別原野,樺戸郡月形町,1751-3,141.614425,43.293685
字当別原野,樺戸郡月形町,1750,141.614358,43.29408
字当別原野,樺戸郡月形町,1751-6,141.615859,43.29363
字当別原野,樺戸郡月形町,1747,141.616906,43.293332
字当別原野,樺戸郡月形町,1800-10,141.617074,43.293726
字当別原野,樺戸郡月形町,1800-8,141.61649,43.293679
字当別原野,樺戸郡月形町,1800-6,141.617187,43.294167
字当別原野,樺戸郡月形町,1800-7,141.616939,43.294441
字当別原野,樺戸郡月形町,1800-5,141.617144,43.294375
字当別原野,樺戸郡月形町,1751-2,141.615762,43.294351
字当別原野,樺戸郡月形町,1800-1,141.616318,43.294152
字当別原野,樺戸郡月形町,1800-2,141.616542,43.295116
字当別原野,樺戸郡月形町,1746-1,141.617228,43.295789
字当別原野,樺戸郡月形町,1746-6,141.61725,43.295402
字当別原野,樺戸郡月形町,1746-5,141.614674,43.295309
字当別原野,樺戸郡月形町,1751-1,141.615111,43.294344
字当別原野,樺戸郡月形町,1751-5,141.614223,43.294385
,樺戸郡月形町,1-12,141.613689,43.294421
,樺戸郡月形町,1-45,141.613849,43.294785
字当別原野,樺戸郡月形町,1746-4,141.614112,43.295281
,樺戸郡月形町,218-14,141.613747,43.295493
,樺戸郡月形町,218-13,141.613655,43.296126
,樺戸郡月形町,218-15,141.613687,43.295908
,樺戸郡月形町,218-7,141.612614,43.296047
,樺戸郡月形町,218-2,141.613067,43.295447
,樺戸郡月形町,218-9,141.611942,43.295567
,樺戸郡月形町,218-6,141.611947,43.296045
,樺戸郡月形町,218-10,141.611693,43.295699
,樺戸郡月形町,218-8,141.611709,43.295497
,樺戸郡月形町,1-3,141.612182,43.294706
,樺戸郡月形町,1-1,141.611546,43.294107
,樺戸郡月形町,1-4,141.611775,43.293706
,樺戸郡月形町,1-13,141.61379,43.294282
,樺戸郡月形町,1-14,141.612921,43.294068
,樺戸郡月形町,1-2,141.612797,43.293655
,樺戸郡月形町,1-40,141.613881,43.293869
,樺戸郡月形町,1-11,141.613853,43.293622
,樺戸郡月形町,道-7040,141.613901,43.293379
,樺戸郡月形町,2W2,141.612946,43.292406
,樺戸郡月形町,2-5,141.611668,43.292967
,樺戸郡月形町,1-53W,141.610575,43.29407
,樺戸郡月形町,1-55W,141.610596,43.294074
,樺戸郡月形町,1-54W,141.610497,43.294578
,樺戸郡月形町,1-56W,141.610519,43.294574
,樺戸郡月形町,218-11,141.610989,43.295305
,樺戸郡月形町,218-16,141.610397,43.295253
,樺戸郡月形町,218-21,141.610417,43.295262
,樺戸郡月形町,218-19,141.610328,43.295873
,樺戸郡月形町,218-17,141.610308,43.295872
,樺戸郡月形町,218-5,141.611298,43.295947
,樺戸郡月形町,218-20,141.610269,43.296283
,樺戸郡月形町,218-18,141.610249,43.29628
字当別原野,樺戸郡月形町,241-15,141.610166,43.296995
字当別原野,樺戸郡月形町,241-11,141.610144,43.297001
字当別原野,樺戸郡月形町,241-8,141.610593,43.29815
字篠津原野,樺戸郡月形町,524-3,141.61007,43.299093
字篠津原野,樺戸郡月形町,524-11,141.609877,43.299158
字篠津原野,樺戸郡月形町,524-2,141.610715,43.298491
字篠津原野,樺戸郡月形町,524-10,141.611264,43.298587
字当別原野,樺戸郡月形町,3612-18,141.611082,43.298847
字当別原野,樺戸郡月形町,3612-6,141.610789,43.299399
字当別原野,樺戸郡月形町,325-9,141.610507,43.300215
字当別原野,樺戸郡月形町,3612-17,141.611015,43.300048
字当別原野,樺戸郡月形町,3612-20,141.611828,43.300043
字当別原野,樺戸郡月形町,3612-19,141.611813,43.300078
字当別原野,樺戸郡月形町,3612-21,141.61135,43.299442
字当別原野,樺戸郡月形町,3612-7,141.611941,43.299489
字当別原野,樺戸郡月形町,3612-22,141.612534,43.299537
字当別原野,樺戸郡月形町,3612-5,141.612242,43.300323
字当別原野,樺戸郡月形町,548-13,141.613293,43.300164
字当別原野,樺戸郡月形町,548-14,141.613312,43.300017
字当別原野,樺戸郡月形町,548-15,141.61334,43.299849
字当別原野,樺戸郡月形町,3613-13,141.614029,43.300301
字当別原野,樺戸郡月形町,3613-15,141.614593,43.300308
字当別原野,樺戸郡月形町,548-3,141.613845,43.299897
字当別原野,樺戸郡月形町,548-7,141.613378,43.299587
字当別原野,樺戸郡月形町,3612-8,141.612828,43.29956
字当別原野,樺戸郡月形町,548-9,141.613498,43.298879
字当別原野,樺戸郡月形町,548-23,141.61351,43.298916
字当別原野,樺戸郡月形町,548-20,141.61348,43.299046
字当別原野,樺戸郡月形町,548-6,141.613461,43.299075
字当別原野,樺戸郡月形町,548-4,141.613674,43.298912
字当別原野,樺戸郡月形町,548-8,141.613514,43.298757
字当別原野,樺戸郡月形町,548-5,141.613708,43.298698
字当別原野,樺戸郡月形町,548-24,141.613573,43.298592
字当別原野,樺戸郡月形町,548-21,141.613899,43.298615
字当別原野,樺戸郡月形町,548-12,141.613819,43.298585
字当別原野,樺戸郡月形町,3612-24,141.612823,43.298509
字当別原野,樺戸郡月形町,3612-25,141.613207,43.298547
字当別原野,樺戸郡月形町,3612-10,141.612567,43.298618
字当別原野,樺戸郡月形町,3612-9,141.612959,43.29877
字当別原野,樺戸郡月形町,3612-23,141.613055,43.300023
字当別原野,樺戸郡月形町,3612-11,141.611625,43.298639
字当別原野,樺戸郡月形町,241-6,141.611848,43.298237
字当別原野,樺戸郡月形町,241-1,141.611824,43.297857
字篠津原野,樺戸郡月形町,道-7168,141.611675,43.298325
字当別原野,樺戸郡月形町,241-7,141.612227,43.298276
字当別原野,樺戸郡月形町,241-2,141.612858,43.297365
,樺戸郡月形町,218-1,141.61194,43.29641
字当別原野,樺戸郡月形町,241-9,141.613496,43.297226
字当別原野,樺戸郡月形町,1745-2,141.613801,43.296756
,樺戸郡月形町,218-12,141.613596,43.296535
字当別原野,樺戸郡月形町,1745-1,141.614102,43.296579
字当別原野,樺戸郡月形町,1744-8,141.613858,43.296821
字当別原野,樺戸郡月形町,1744-7,141.613794,43.296801
字当別原野,樺戸郡月形町,1744-9,141.61366,43.297769
字当別原野,樺戸郡月形町,241-10,141.612933,43.298325
字当別原野,樺戸郡月形町,1744-6,141.613614,43.298022
字当別原野,樺戸郡月形町,1746-7,141.614617,43.296412
字当別原野,樺戸郡月形町,1744-1,141.616736,43.297139
字当別原野,樺戸郡月形町,1746-2,141.616557,43.296552
字当別原野,樺戸郡月形町,1744-5,141.617007,43.298
字当別原野,樺戸郡月形町,1822-1,141.615782,43.298521
字篠津原野,樺戸郡月形町,1899-2,141.616332,43.29879
字当別原野,樺戸郡月形町,548-25,141.615431,43.298822
字当別原野,樺戸郡月形町,548-11,141.615965,43.298762
字当別原野,樺戸郡月形町,548-10,141.614764,43.298669
字当別原野,樺戸郡月形町,548-22,141.614424,43.298663
字当別原野,樺戸郡月形町,548-19,141.615135,43.298907
字当別原野,樺戸郡月形町,548-18,141.615449,43.299336
字当別原野,樺戸郡月形町,548-2,141.615748,43.299153
字当別原野,樺戸郡月形町,3613-6,141.615601,43.299867
字当別原野,樺戸郡月形町,3613-17,141.615368,43.299856
字当別原野,樺戸郡月形町,548-1,141.614715,43.29942
字当別原野,樺戸郡月形町,3613-16,141.616013,43.300425
字当別原野,樺戸郡月形町,3613-7,141.616247,43.299942
字当別原野,樺戸郡月形町,3613-18,141.615753,43.300303
字当別原野,樺戸郡月形町,水-7140,141.615998,43.299398
字篠津原野,樺戸郡月形町,1899-1,141.617799,43.29933
字篠津原野,樺戸郡月形町,1898-1,141.618678,43.299384
字当別原野,樺戸郡月形町,1822-2,141.618167,43.298848
字篠津原野,樺戸郡月形町,1898-4,141.61909,43.299003
字篠津原野,樺戸郡月形町,1898-3,141.619698,43.29905
字篠津原野,樺戸郡月形町,1898-2,141.619635,43.299458
字当別原野,樺戸郡月形町,1821-2,141.619884,43.303196
字篠津原野,樺戸郡月形町,3962,141.621552,43.299407
字篠津原野,樺戸郡月形町,3967,141.623185,43.299656
字篠津原野,樺戸郡月形町,3960,141.622839,43.299813
字篠津原野,樺戸郡月形町,3959,141.622868,43.299463
字篠津原野,樺戸郡月形町,3961,141.622342,43.299762
字篠津原野,樺戸郡月形町,1806-7,141.622071,43.299238
字当別原野,樺戸郡月形町,3704,141.622885,43.29835
字当別原野,樺戸郡月形町,道-7277,141.620782,43.29905
字当別原野,樺戸郡月形町,3713,141.62294,43.297943
字当別原野,樺戸郡月形町,3712,141.623419,43.297957
字当別原野,樺戸郡月形町,3703,141.623028,43.297411
字当別原野,樺戸郡月形町,3707,141.622385,43.297631
字当別原野,樺戸郡月形町,3708,141.622296,43.298464
字当別原野,樺戸郡月形町,3706,141.621199,43.297727
字当別原野,樺戸郡月形町,3705,141.62179,43.297745
字当別原野,樺戸郡月形町,1753-3,141.622512,43.296731
字当別原野,樺戸郡月形町,3514,141.620685,43.29659
字当別原野,樺戸郡月形町,1746-13,141.619431,43.296784
字当別原野,樺戸郡月形町,1744-11,141.619344,43.297347
字当別原野,樺戸郡月形町,1744-10,141.618242,43.297006
字当別原野,樺戸郡月形町,1746-12,141.618287,43.296694
字当別原野,樺戸郡月形町,1746-3,141.614772,43.296112
字当別原野,樺戸郡月形町,1746-11,141.617911,43.295209
字当別原野,樺戸郡月形町,1746-14,141.618462,43.295498
字当別原野,樺戸郡月形町,1746-8,141.618445,43.295618
字当別原野,樺戸郡月形町,1746-9,141.61919,43.295948
字当別原野,樺戸郡月形町,1746-15,141.619773,43.295601
字当別原野,樺戸郡月形町,1749,141.618606,43.294453
字当別原野,樺戸郡月形町,1746-10,141.618484,43.295323
字当別原野,樺戸郡月形町,1800-4,141.617391,43.294201
字当別原野,樺戸郡月形町,1800-3,141.617299,43.293921
字当別原野,樺戸郡月形町,1800-9,141.61732,43.293745
字当別原野,樺戸郡月形町,道-7280,141.615611,43.293514
字当別原野,樺戸郡月形町,1748-3,141.617559,43.293309
字当別原野,樺戸郡月形町,1748-1,141.619067,43.292925
字当別原野,樺戸郡月形町,1748-2,141.619141,43.292119
字当別原野,樺戸郡月形町,1748-4,141.619549,43.293745
字当別原野,樺戸郡月形町,3518,141.618225,43.293843
字当別原野,樺戸郡月形町,3515,141.621193,43.293178
字当別原野,樺戸郡月形町,1755-14,141.622695,43.292402
字当別原野,樺戸郡月形町,1755-1,141.622639,43.293042
字当別原野,樺戸郡月形町,1755-7,141.622385,43.293839
字当別原野,樺戸郡月形町,1755-5,141.621941,43.293583
字当別原野,樺戸郡月形町,1755-6,141.623052,43.293918
字当別原野,樺戸郡月形町,1753-6,141.622391,43.294686
字当別原野,樺戸郡月形町,1753-5,141.621903,43.294695
字当別原野,樺戸郡月形町,1753-7,141.622175,43.294396
字当別原野,樺戸郡月形町,1753-8,141.622413,43.294402
字当別原野,樺戸郡月形町,1753-4,141.621827,43.295497
字当別原野,樺戸郡月形町,1753-9,141.622237,43.295168
字当別原野,樺戸郡月形町,1753-2,141.623082,43.29557
字当別原野,樺戸郡月形町,1754-13,141.624442,43.295262
字当別原野,樺戸郡月形町,1754-15,141.624601,43.295275
字当別原野,樺戸郡月形町,1754-7,141.624108,43.296232
字当別原野,樺戸郡月形町,1754-12,141.624577,43.295484
字当別原野,樺戸郡月形町,1754-2,141.625389,43.296082
字当別原野,樺戸郡月形町,1754-14,141.625224,43.295325
字当別原野,樺戸郡月形町,1754-9,141.624992,43.29497
字当別原野,樺戸郡月形町,1756-11,141.625674,43.294295
字当別原野,樺戸郡月形町,1756-9,141.62551,43.294282
字当別原野,樺戸郡月形町,1754-10,141.624749,43.294552
字当別原野,樺戸郡月形町,1756-8,141.625112,43.294249
字当別原野,樺戸郡月形町,3512,141.623413,43.2942
字当別原野,樺戸郡月形町,3517,141.623021,43.29428
字当別原野,樺戸郡月形町,1754-11,141.624388,43.294564
字当別原野,樺戸郡月形町,1754-16,141.624616,43.295148
字当別原野,樺戸郡月形町,1754-8,141.624302,43.294968
字当別原野,樺戸郡月形町,1753-10,141.623963,43.294816
字当別原野,樺戸郡月形町,1755-13,141.624336,43.293342
字当別原野,樺戸郡月形町,1755-11,141.623905,43.293336
字当別原野,樺戸郡月形町,1755-8,141.623424,43.292585
字当別原野,樺戸郡月形町,1755-3,141.623521,43.292589
字当別原野,樺戸郡月形町,1755-15,141.623439,43.292461
字当別原野,樺戸郡月形町,1755-10,141.623236,43.29241
字当別原野,樺戸郡月形町,1755-17,141.623144,43.292415
字当別原野,樺戸郡月形町,1755-16,141.623541,43.292469
字当別原野,樺戸郡月形町,1755-18,141.624022,43.292507
字当別原野,樺戸郡月形町,1756-7,141.625978,43.292226
字当別原野,樺戸郡月形町,1756-4,141.624801,43.294065
字当別原野,樺戸郡月形町,1756-5,141.625413,43.294109
字当別原野,樺戸郡月形町,1756-1,141.626689,43.291498
字篠津原野,樺戸郡月形町,1801-1,141.627391,43.293804
字篠津原野,樺戸郡月形町,1801-4,141.627798,43.292113
字篠津原野,樺戸郡月形町,3938,141.628477,43.293422
字篠津原野,樺戸郡月形町,1778-3,141.628423,43.29339
字篠津原野,樺戸郡月形町,1801-3,141.628082,43.293234
字篠津原野,樺戸郡月形町,3522,141.627381,43.294524
字当別原野,樺戸郡月形町,1756-6,141.626273,43.294192
字当別原野,樺戸郡月形町,1756-10,141.626657,43.294374
字篠津原野,樺戸郡月形町,1757-8,141.626614,43.294715
字篠津原野,樺戸郡月形町,1757-7,141.626859,43.294944
字篠津原野,樺戸郡月形町,1757-9,141.627172,43.294756
字篠津原野,樺戸郡月形町,1757-11,141.627521,43.295032
字篠津原野,樺戸郡月形町,1757-1,141.626558,43.295959
字篠津原野,樺戸郡月形町,1757-6,141.627089,43.296574
字篠津原野,樺戸郡月形町,1757-3,141.627202,43.297111
字篠津原野,樺戸郡月形町,1757-10,141.627477,43.294814
字篠津原野,樺戸郡月形町,1757-4,141.627518,43.296059
字篠津原野,樺戸郡月形町,1758-3,141.627842,43.297134
字篠津原野,樺戸郡月形町,1758-6,141.628098,43.295732
字篠津原野,樺戸郡月形町,3914,141.628615,43.295308
字篠津原野,樺戸郡月形町,3931,141.6282,43.295835
字篠津原野,樺戸郡月形町,3915,141.628439,43.296408
字篠津原野,樺戸郡月形町,3932,141.628357,43.296946
字篠津原野,樺戸郡月形町,1758-2,141.627765,43.296926
字篠津原野,樺戸郡月形町,1758-7,141.627893,43.297092
字篠津原野,樺戸郡月形町,3930,141.628913,43.296276
字篠津原野,樺戸郡月形町,3929,141.628833,43.297018
字篠津原野,樺戸郡月形町,3933,141.627937,43.298047
字篠津原野,樺戸郡月形町,1758-4,141.627693,43.29823
字篠津原野,樺戸郡月形町,3916,141.628282,43.297504
字篠津原野,樺戸郡月形町,3538,141.627568,43.297458
字篠津原野,樺戸郡月形町,1757-5,141.627307,43.298186
字篠津原野,樺戸郡月形町,3985,141.626617,43.297986
字当別原野,樺戸郡月形町,1754-3,141.6249,43.296922
字当別原野,樺戸郡月形町,1821-1,141.621058,43.29655
字当別原野,樺戸郡月形町,3702,141.624142,43.297504
字当別原野,樺戸郡月形町,3709,141.62359,43.297458
字当別原野,樺戸郡月形町,3711,141.624677,43.297944
字当別原野,樺戸郡月形町,3710,141.624761,43.297124
字当別原野,樺戸郡月形町,3701,141.625379,43.297607
字当別原野,樺戸郡月形町,3714,141.626033,43.297656
字篠津原野,樺戸郡月形町,3992,141.62415,43.298013
字篠津原野,樺戸郡月形町,3993,141.625755,43.298187
字篠津原野,樺戸郡月形町,3987,141.624653,43.298492
字篠津原野,樺戸郡月形町,3988,141.625136,43.298934
字当別原野,樺戸郡月形町,1821-5,141.623815,43.299087
字篠津原野,樺戸郡月形町,道-7177,141.62579,43.299448
字篠津原野,樺戸郡月形町,1806-3,141.623961,43.299175
字篠津原野,樺戸郡月形町,1806-8,141.624356,43.29942
字篠津原野,樺戸郡月形町,3957,141.624233,43.299886
字篠津原野,樺戸郡月形町,3972,141.62455,43.299953
字篠津原野,樺戸郡月形町,3954,141.62474,43.300261
字篠津原野,樺戸郡月形町,3955-1,141.625104,43.300226
字篠津原野,樺戸郡月形町,3956,141.624949,43.299665
字篠津原野,樺戸郡月形町,3955-2,141.62539,43.299694
字篠津原野,樺戸郡月形町,1806-9,141.625593,43.299519
字篠津原野,樺戸郡月形町,3941,141.625866,43.300163
字篠津原野,樺戸郡月形町,3940,141.626686,43.300246
字篠津原野,樺戸郡月形町,1739-5,141.627278,43.30006
字篠津原野,樺戸郡月形町,3870,141.627502,43.300116
字篠津原野,樺戸郡月形町,1738-10,141.627014,43.300038
字篠津原野,樺戸郡月形町,1806-2,141.627069,43.29969
字篠津原野,樺戸郡月形町,1805-3,141.62732,43.299779
字篠津原野,樺戸郡月形町,3939,141.626777,43.299932
字篠津原野,樺戸郡月形町,1806-10,141.625805,43.299536
字篠津原野,樺戸郡月形町,3973,141.626871,43.299627
字篠津原野,樺戸郡月形町,3986,141.626929,43.298912
字篠津原野,樺戸郡月形町,3990,141.626894,43.299056
字篠津原野,樺戸郡月形町,3989,141.626448,43.299049
字篠津原野,樺戸郡月形町,3991,141.626238,43.29898
字当別原野,樺戸郡月形町,1821-3,141.627144,43.29924
字篠津原野,樺戸郡月形町,1820-2,141.6274,43.299329
字篠津原野,樺戸郡月形町,1820-4,141.627533,43.299285
字篠津原野,樺戸郡月形町,3917,141.628121,43.298639
字篠津原野,樺戸郡月形町,3869,141.627891,43.299842
字篠津原野,樺戸郡月形町,3868,141.628494,43.300176
字篠津原野,樺戸郡月形町,3867,141.628772,43.300381
字篠津原野,樺戸郡月形町,3887,141.628325,43.300718
字篠津原野,樺戸郡月形町,3866,141.628509,43.300904
字篠津原野,樺戸郡月形町,3865,141.628908,43.300917
字篠津原野,樺戸郡月形町,3871,141.627759,43.300781
字篠津原野,樺戸郡月形町,3537,141.626833,43.302374
字篠津原野,樺戸郡月形町,3872,141.627829,43.302164
字篠津原野,樺戸郡月形町,3889,141.628736,43.301897
字篠津原野,樺戸郡月形町,3888,141.62878,43.301353
字篠津原野,樺戸郡月形町,3891,141.627763,43.302592
字篠津原野,樺戸郡月形町,3873,141.627664,43.303275
字篠津原野,樺戸郡月形町,3858,141.628838,43.30316
字篠津原野,樺戸郡月形町,3856,141.628974,43.304127
字篠津原野,樺戸郡月形町,3894,141.628226,43.305283
字篠津原野,樺戸郡月形町,3893,141.628334,43.304283
字篠津原野,樺戸郡月形町,1737-2,141.626844,43.302997
字篠津原野,樺戸郡月形町,1738-2,141.626583,43.302964
字篠津原野,樺戸郡月形町,3945,141.625754,43.302915
字篠津原野,樺戸郡月形町,3977,141.624954,43.303398
字篠津原野,樺戸郡月形町,3978,141.624915,43.30341
字篠津原野,樺戸郡月形町,3946,141.6256,43.30395
字篠津原野,樺戸郡月形町,3979,141.624001,43.304429
字篠津原野,樺戸郡月形町,3949,141.624035,43.30417
字篠津原野,樺戸郡月形町,3948,141.62361,43.304453
字篠津原野,樺戸郡月形町,3980,141.623343,43.303642
字篠津原野,樺戸郡月形町,3950,141.624188,43.303132
字篠津原野,樺戸郡月形町,3982,141.62361,43.302183
字篠津原野,樺戸郡月形町,3981,141.62355,43.302205
字篠津原野,樺戸郡月形町,3952,141.624417,43.301612
字篠津原野,樺戸郡月形町,3976,141.625822,43.302431
字篠津原野,樺戸郡月形町,3944,141.625916,43.301819
字篠津原野,樺戸郡月形町,3975,141.6252,43.301495
字篠津原野,樺戸郡月形町,3943,141.626014,43.30115
字篠津原野,樺戸郡月形町,3942,141.626061,43.300837
字篠津原野,樺戸郡月形町,3958,141.624149,43.300446
字篠津原野,樺戸郡月形町,3953,141.624534,43.300816
字篠津原野,樺戸郡月形町,3974,141.62516,43.300686
字篠津原野,樺戸郡月形町,3971,141.623772,43.300808
字篠津原野,樺戸郡月形町,3964,141.622968,43.301232
字篠津原野,樺戸郡月形町,3970,141.622357,43.300186
字篠津原野,樺戸郡月形町,3969,141.622327,43.300152
字篠津原野,樺戸郡月形町,3968,141.62061,43.301658
字当別原野,樺戸郡月形町,1821-4,141.619994,43.303874
字篠津原野,樺戸郡月形町,3963,141.621518,43.300548
字篠津原野,樺戸郡月形町,1897,141.619267,43.300446
字篠津原野,樺戸郡月形町,水-7073,141.617585,43.302019
字篠津原野,樺戸郡月形町,道-7176,141.619911,43.301618
字篠津原野,樺戸郡月形町,1896,141.619128,43.303313
字篠津原野,樺戸郡月形町,1895,141.618582,43.303762
字篠津原野,樺戸郡月形町,3966,141.621324,43.304277
字篠津原野,樺戸郡月形町,3965,141.621142,43.30313
字篠津原野,樺戸郡月形町,3984,141.621872,43.303181
字篠津原野,樺戸郡月形町,3983,141.621908,43.303193
字篠津原野,樺戸郡月形町,3951,141.622658,43.303229
字新田,樺戸郡月形町,642-4,141.619724,43.305577
字当別原野,樺戸郡月形町,417-2,141.617437,43.305465
字新田,樺戸郡月形町,642-1,141.619913,43.306838
字当別原野,樺戸郡月形町,417-3,141.617943,43.30709
字当別原野,樺戸郡月形町,417-8,141.618487,43.308394
字当別原野,樺戸郡月形町,417-7,141.617505,43.307805
字当別原野,樺戸郡月形町,417-16,141.617406,43.308685
字新田,樺戸郡月形町,道-7182,141.619434,43.310512
字月形原野,樺戸郡月形町,827-7,141.620961,43.308513
字月形原野,樺戸郡月形町,827-3,141.620957,43.307612
字知来乙,樺戸郡月形町,水-7093,141.623006,43.30628
字月形原野,樺戸郡月形町,827-5,141.621884,43.308216
字知来乙,樺戸郡月形町,581-199,141.626066,43.307758
字知来乙,樺戸郡月形町,581-196,141.625921,43.307275
字知来乙,樺戸郡月形町,581-1,141.625635,43.30679
字篠津原野,樺戸郡月形町,3947,141.626027,43.304639
字篠津原野,樺戸郡月形町,3821,141.626736,43.306338
字篠津原野,樺戸郡月形町,道-7178,141.626263,43.305755
字篠津原野,樺戸郡月形町,3874,141.62742,43.304898
字篠津原野,樺戸郡月形町,3854,141.629105,43.305076
字篠津原野,樺戸郡月形町,3853,141.629013,43.305676
字篠津原野,樺戸郡月形町,3820-1,141.628425,43.306494
字篠津原野,樺戸郡月形町,3831,141.628753,43.307284
字知来乙,樺戸郡月形町,581-45,141.628413,43.307685
字篠津原野,樺戸郡月形町,3820-2,141.628558,43.307105
字篠津原野,樺戸郡月形町,3822,141.628389,43.307455
字知来乙,樺戸郡月形町,581-197,141.626667,43.307276
字知来乙,樺戸郡月形町,581-198,141.627578,43.307588
字知来乙,樺戸郡月形町,581-202,141.626891,43.308195
字知来乙,樺戸郡月形町,581-201,141.626762,43.307845
字知来乙,樺戸郡月形町,581-200,141.626452,43.307916
字知来乙,樺戸郡月形町,581-206,141.627055,43.308381
字知来乙,樺戸郡月形町,581-69,141.627911,43.308689
字知来乙,樺戸郡月形町,581-71,141.628024,43.308652
字知来乙,樺戸郡月形町,581-74,141.628395,43.30858
字知来乙,樺戸郡月形町,581-72,141.628203,43.30869
字知来乙,樺戸郡月形町,581-73,141.628251,43.308569
字知来乙,樺戸郡月形町,581-70,141.628068,43.308532
字知来乙,樺戸郡月形町,581-68,141.628116,43.308414
字知来乙,樺戸郡月形町,581-67,141.628296,43.308452
字知来乙,樺戸郡月形町,581-48,141.628316,43.30833
字知来乙,樺戸郡月形町,581-47,141.628156,43.308294
字知来乙,樺戸郡月形町,581-204,141.627854,43.308416
字知来乙,樺戸郡月形町,581-205,141.627705,43.308463
字知来乙,樺戸郡月形町,581-203,141.627766,43.308308
字知来乙,樺戸郡月形町,581-44,141.628348,43.307849
字知来乙,樺戸郡月形町,581-43,141.628331,43.307949
字知来乙,樺戸郡月形町,581-42,141.628249,43.308034
字知来乙,樺戸郡月形町,581-46,141.628131,43.308154
字知来乙,樺戸郡月形町,581-41,141.628215,43.308129
字知来乙,樺戸郡月形町,581-40,141.628419,43.308173
字知来乙,樺戸郡月形町,581-30,141.628702,43.308232
字知来乙,樺戸郡月形町,581-31,141.628719,43.308126
字知来乙,樺戸郡月形町,581-35,141.628635,43.307983
字知来乙,樺戸郡月形町,581-38,141.628487,43.307983
字知来乙,樺戸郡月形町,581-39,141.628449,43.308078
字知来乙,樺戸郡月形町,581-37,141.628547,43.307892
字知来乙,樺戸郡月形町,581-36,141.628577,43.307752
字知来乙,樺戸郡月形町,581-33,141.628803,43.307921
字知来乙,樺戸郡月形町,581-34,141.62884,43.307818
字知来乙,樺戸郡月形町,581-25,141.62897,43.307857
字知来乙,樺戸郡月形町,581-26,141.62899,43.307962
字知来乙,樺戸郡月形町,581-32,141.628761,43.308022
字知来乙,樺戸郡月形町,581-27,141.628927,43.308059
字知来乙,樺戸郡月形町,581-28,141.628885,43.308162
字知来乙,樺戸郡月形町,581-24,141.629002,43.308223
字知来乙,樺戸郡月形町,581-20,141.629128,43.308324
字知来乙,樺戸郡月形町,581-5,141.629126,43.308411
字知来乙,樺戸郡月形町,581-53,141.629029,43.308481
字知来乙,樺戸郡月形町,581-51,141.628778,43.308426
字知来乙,樺戸郡月形町,581-29,141.628852,43.308264
字知来乙,樺戸郡月形町,581-49,141.628465,43.308402
字知来乙,樺戸郡月形町,581-66,141.628572,43.308493
字知来乙,樺戸郡月形町,581-50,141.628607,43.308387
字知来乙,樺戸郡月形町,581-65,141.628738,43.30853
字知来乙,樺戸郡月形町,581-75,141.628553,43.308601
字知来乙,樺戸郡月形町,581-76,141.62848,43.30873
字知来乙,樺戸郡月形町,581-78,141.628697,43.308633
字知来乙,樺戸郡月形町,581-79,141.628774,43.308794
字知来乙,樺戸郡月形町,581-52,141.628889,43.308502
字知来乙,樺戸郡月形町,581-64,141.629016,43.308591
字知来乙,樺戸郡月形町,581-80,141.628976,43.308693
字知来乙,樺戸郡月形町,581-83,141.62911,43.308754
字知来乙,樺戸郡月形町,581-82,141.629067,43.308858
字知来乙,樺戸郡月形町,581-81,141.628903,43.308821
字知来乙,樺戸郡月形町,581-157,141.62898,43.309059
字知来乙,樺戸郡月形町,581-158,141.62894,43.309159
字知来乙,樺戸郡月形町,581-175,141.628914,43.309228
字知来乙,樺戸郡月形町,581-4,141.628725,43.308932
字知来乙,樺戸郡月形町,581-159,141.628774,43.309122
字知来乙,樺戸郡月形町,581-156,141.628809,43.30902
字知来乙,樺戸郡月形町,581-160,141.628728,43.309238
字知来乙,樺戸郡月形町,581-151,141.628468,43.309182
字知来乙,樺戸郡月形町,581-148,141.628433,43.30927
字知来乙,樺戸郡月形町,581-152,141.628516,43.309066
字知来乙,樺戸郡月形町,581-154,141.628384,43.308925
字知来乙,樺戸郡月形町,581-155,141.628534,43.308958
字知来乙,樺戸郡月形町,581-77,141.628644,43.308766
字知来乙,樺戸郡月形町,581-195,141.628107,43.308916
字知来乙,樺戸郡月形町,581-138,141.628073,43.308997
字知来乙,樺戸郡月形町,581-137,141.628131,43.308857
字知来乙,樺戸郡月形町,581-136,141.627944,43.308841
字知来乙,樺戸郡月形町,581-139,141.627918,43.308962
字知来乙,樺戸郡月形町,581-140,141.627829,43.309057
字知来乙,樺戸郡月形町,581-143,141.627812,43.309157
字知来乙,樺戸郡月形町,581-144,141.627767,43.309262
字知来乙,樺戸郡月形町,581-179,141.627998,43.309174
字知来乙,樺戸郡月形町,581-142,141.627977,43.309222
字知来乙,樺戸郡月形町,581-141,141.628028,43.309101
字知来乙,樺戸郡月形町,581-153,141.628349,43.309029
字知来乙,樺戸郡月形町,581-190,141.628314,43.309114
字知来乙,樺戸郡月形町,581-150,141.628286,43.309179
字知来乙,樺戸郡月形町,581-149,141.628252,43.309262
字知来乙,樺戸郡月形町,581-146,141.628233,43.309369
字知来乙,樺戸郡月形町,581-145,141.627951,43.309303
字知来乙,樺戸郡月形町,581-135,141.627661,43.309298
字知来乙,樺戸郡月形町,581-133,141.627687,43.309435
字知来乙,樺戸郡月形町,581-132,141.627678,43.309536
字知来乙,樺戸郡月形町,581-122,141.627847,43.30947
字知来乙,樺戸郡月形町,581-184,141.627818,43.309618
字知来乙,樺戸郡月形町,581-123,141.627836,43.309569
字知来乙,樺戸郡月形町,581-187,141.627638,43.30958
字知来乙,樺戸郡月形町,581-131,141.62763,43.309603
字知来乙,樺戸郡月形町,581-124,141.627808,43.309641
字知来乙,樺戸郡月形町,581-185,141.627789,43.309688
字知来乙,樺戸郡月形町,581-125,141.627752,43.309783
字知来乙,樺戸郡月形町,581-119,141.628054,43.309742
字知来乙,樺戸郡月形町,581-121,141.628131,43.309534
字知来乙,樺戸郡月形町,581-120,141.628096,43.30964
字知来乙,樺戸郡月形町,581-110,141.628281,43.309566
字知来乙,樺戸郡月形町,581-111,141.628263,43.309676
字知来乙,樺戸郡月形町,581-112,141.628243,43.309783
字知来乙,樺戸郡月形町,581-3,141.628909,43.309621
字知来乙,樺戸郡月形町,581-108,141.628527,43.309728
字知来乙,樺戸郡月形町,581-99,141.628692,43.309764
字知来乙,樺戸郡月形町,581-109,141.628568,43.309627
字知来乙,樺戸郡月形町,581-98,141.628708,43.309658
字知来乙,樺戸郡月形町,581-147,141.628386,43.309401
字知来乙,樺戸郡月形町,581-177,141.628411,43.309321
字知来乙,樺戸郡月形町,581-163,141.628681,43.309353
字知来乙,樺戸郡月形町,581-164,141.628663,43.309461
字知来乙,樺戸郡月形町,581-165,141.628811,43.309494
字知来乙,樺戸郡月形町,581-161,141.628866,43.309289
字知来乙,樺戸郡月形町,581-162,141.628847,43.30939
字知来乙,樺戸郡月形町,581-178,141.629093,43.309452
字知来乙,樺戸郡月形町,581-166,141.629061,43.30954
字知来乙,樺戸郡月形町,581-97,141.629005,43.309729
字知来乙,樺戸郡月形町,581-96,141.628991,43.309834
字知来乙,樺戸郡月形町,581-95,141.628946,43.309919
字知来乙,樺戸郡月形町,581-188,141.628953,43.309979
字知来乙,樺戸郡月形町,581-191,141.628887,43.310003
字知来乙,樺戸郡月形町,581-94,141.628874,43.310041
字知来乙,樺戸郡月形町,581-100,141.628652,43.309864
字知来乙,樺戸郡月形町,581-107,141.628486,43.309829
字知来乙,樺戸郡月形町,581-106,141.628445,43.309934
字知来乙,樺戸郡月形町,581-105,141.628404,43.310038
字知来乙,樺戸郡月形町,581-102,141.628588,43.310031
字知来乙,樺戸郡月形町,581-101,141.62868,43.309943
字知来乙,樺戸郡月形町,581-194,141.628606,43.309984
字知来乙,樺戸郡月形町,581-192,141.628571,43.310073
字知来乙,樺戸郡月形町,581-181,141.62849,43.3101
字知来乙,樺戸郡月形町,581-103,141.628539,43.310172
字知来乙,樺戸郡月形町,581-92,141.62878,43.310213
字知来乙,樺戸郡月形町,581-93,141.628801,43.310132
字知来乙,樺戸郡月形町,581-193,141.628853,43.310086
字知来乙,樺戸郡月形町,581-104,141.628388,43.310141
字知来乙,樺戸郡月形町,581-115,141.628064,43.310074
字知来乙,樺戸郡月形町,581-183,141.628149,43.309959
字知来乙,樺戸郡月形町,581-114,141.628127,43.310009
字知来乙,樺戸郡月形町,581-113,141.62818,43.309881
字知来乙,樺戸郡月形町,581-118,141.628018,43.309831
字知来乙,樺戸郡月形町,581-182,141.627998,43.309882
字知来乙,樺戸郡月形町,581-117,141.627981,43.309922
字知来乙,樺戸郡月形町,581-189,141.627916,43.309963
字知来乙,樺戸郡月形町,581-116,141.627953,43.310051
字知来乙,樺戸郡月形町,581-127,141.627633,43.309987
字知来乙,樺戸郡月形町,581-126,141.627706,43.309899
字知来乙,樺戸郡月形町,581-129,141.627506,43.309856
字知来乙,樺戸郡月形町,581-128,141.627492,43.309957
字知来乙,樺戸郡月形町,581-134,141.627389,43.309981
字知来乙,樺戸郡月形町,580-7,141.627042,43.310162
字知来乙,樺戸郡月形町,580-2,141.626847,43.310029
字知来乙,樺戸郡月形町,581-208,141.626683,43.309477
字知来乙,樺戸郡月形町,581-130,141.627574,43.309744
字知来乙,樺戸郡月形町,581-186,141.627611,43.30965
字知来乙,樺戸郡月形町,道-7220,141.628175,43.307908
字知来乙,樺戸郡月形町,581-207,141.627048,43.308792
字知来乙,樺戸郡月形町,1527-3,141.625105,43.310812
字知来乙,樺戸郡月形町,580-17,141.626297,43.310199
字知来乙,樺戸郡月形町,580-1,141.625991,43.310761
字知来乙,樺戸郡月形町,580-13,141.626349,43.311187
字知来乙,樺戸郡月形町,3603-17,141.626057,43.311186
字知来乙,樺戸郡月形町,3603-8,141.626224,43.311628
字知来乙,樺戸郡月形町,580-14,141.625225,43.31133
字知来乙,樺戸郡月形町,1527-2,141.624969,43.311004
字知来乙,樺戸郡月形町,580-16,141.625265,43.310964
字知来乙,樺戸郡月形町,532-85,141.624134,43.312221
字知来乙,樺戸郡月形町,532-59,141.62402,43.312283
字知来乙,樺戸郡月形町,532-47,141.623966,43.312142
字知来乙,樺戸郡月形町,532-48,141.623919,43.312061
字知来乙,樺戸郡月形町,532-36,141.623801,43.312098
字知来乙,樺戸郡月形町,532-37,141.623769,43.312007
字知来乙,樺戸郡月形町,532-19,141.623666,43.312173
字知来乙,樺戸郡月形町,532-24,141.623629,43.312064
字知来乙,樺戸郡月形町,532-25,141.623471,43.312011
字知来乙,樺戸郡月形町,532-62,141.623313,43.311947
字知来乙,樺戸郡月形町,532-68,141.623284,43.312141
字知来乙,樺戸郡月形町,532-5,141.62323,43.312348
字知来乙,樺戸郡月形町,532-20,141.623472,43.312278
字知来乙,樺戸郡月形町,532-34,141.623706,43.312384
字知来乙,樺戸郡月形町,532-38,141.623843,43.312223
字知来乙,樺戸郡月形町,532-35,141.623775,43.312276
字知来乙,樺戸郡月形町,532-46,141.623894,43.312344
字知来乙,樺戸郡月形町,532-33,141.62364,43.312542
字知来乙,樺戸郡月形町,532-21,141.623411,43.312416
字知来乙,樺戸郡月形町,532-22,141.623346,43.312542
字知来乙,樺戸郡月形町,532-23,141.62337,43.312691
字知来乙,樺戸郡月形町,532-18,141.623273,43.312829
字知来乙,樺戸郡月形町,532-31,141.62351,43.312843
字知来乙,樺戸郡月形町,532-45,141.623705,43.312951
字知来乙,樺戸郡月形町,532-32,141.623576,43.312693
字知来乙,樺戸郡月形町,532-56,141.623892,43.312762
字知来乙,樺戸郡月形町,532-55,141.623852,43.31292
字知来乙,樺戸郡月形町,532-103,141.62409,43.312851
字知来乙,樺戸郡月形町,532-104,141.624146,43.31272
字知来乙,樺戸郡月形町,532-57,141.623928,43.312606
字知来乙,樺戸郡月形町,532-49,141.624076,43.312576
字知来乙,樺戸郡月形町,532-58,141.623988,43.312441
字知来乙,樺戸郡月形町,532-50,141.624111,43.312421
字知来乙,樺戸郡月形町,532-105,141.624188,43.312575
字知来乙,樺戸郡月形町,580-8,141.625331,43.312183
字知来乙,樺戸郡月形町,1527-1,141.624473,43.312198
字知来乙,樺戸郡月形町,3603-16,141.626271,43.312108
字知来乙,樺戸郡月形町,3603-4,141.625804,43.313004
字知来乙,樺戸郡月形町,3603-13,141.62643,43.312354
字知来乙,樺戸郡月形町,3603-15,141.626465,43.312136
字知来乙,樺戸郡月形町,580-15,141.626513,43.31121
字知来乙,樺戸郡月形町,3603-9,141.626758,43.310977
字知来乙,樺戸郡月形町,3603-23,141.626712,43.311251
字知来乙,樺戸郡月形町,3603-7,141.627344,43.311523
字知来乙,樺戸郡月形町,3603-19,141.626891,43.31176
字知来乙,樺戸郡月形町,3603-22,141.628157,43.311697
字知来乙,樺戸郡月形町,3603-21,141.628227,43.311525
字知来乙,樺戸郡月形町,3603-18,141.627464,43.311912
字知来乙,樺戸郡月形町,3603-11,141.628753,43.310965
字知来乙,樺戸郡月形町,3603-10,141.628726,43.311642
字知来乙,樺戸郡月形町,3603-20,141.629046,43.311956
字知来乙,樺戸郡月形町,579-7,141.627891,43.31075
字知来乙,樺戸郡月形町,579-17,141.627814,43.313228
字知来乙,樺戸郡月形町,3603-6,141.627292,43.312991
字知来乙,樺戸郡月形町,3603-1,141.626914,43.312624
字知来乙,樺戸郡月形町,3603-5,141.626972,43.313122
字知来乙,樺戸郡月形町,3603-3,141.627185,43.314333
字知来乙,樺戸郡月形町,3603-12,141.626161,43.313099
字知来乙,樺戸郡月形町,354-126,141.625632,43.314384
字知来乙,樺戸郡月形町,354-74,141.626192,43.314732
字知来乙,樺戸郡月形町,354-49,141.626449,43.314841
字知来乙,樺戸郡月形町,354-50,141.62634,43.314952
字知来乙,樺戸郡月形町,354-48,141.626653,43.314938
字知来乙,樺戸郡月形町,579-64,141.628916,43.314443
字知来乙,樺戸郡月形町,579-66,141.629036,43.314364
字知来乙,樺戸郡月形町,579-65,141.6291,43.314538
字知来乙,樺戸郡月形町,579-63,141.629008,43.314633
字知来乙,樺戸郡月形町,579-61,141.628916,43.314729
字知来乙,樺戸郡月形町,579-62,141.628824,43.314539
字知来乙,樺戸郡月形町,579-38,141.628642,43.314735
字知来乙,樺戸郡月形町,579-60,141.628744,43.314642
字知来乙,樺戸郡月形町,579-36,141.628545,43.314834
字知来乙,樺戸郡月形町,579-34,141.628449,43.314934
字知来乙,樺戸郡月形町,579-37,141.628725,43.314926
字知来乙,樺戸郡月形町,579-39,141.628822,43.314827
字知来乙,樺戸郡月形町,579-49,141.629085,43.314939
字知来乙,樺戸郡月形町,579-47,141.628972,43.315058
字知来乙,樺戸郡月形町,579-45,141.628854,43.315179
字知来乙,樺戸郡月形町,579-46,141.629011,43.315259
字知来乙,樺戸郡月形町,579-42,141.628755,43.315526
字知来乙,樺戸郡月形町,579-44,141.628897,43.31538
字知来乙,樺戸郡月形町,579-43,141.62874,43.315301
字知来乙,樺戸郡月形町,579-41,141.628624,43.315421
字知来乙,樺戸郡月形町,579-40,141.628505,43.315528
字知来乙,樺戸郡月形町,579-31,141.628444,43.315218
字知来乙,樺戸郡月形町,579-35,141.62863,43.315025
字知来乙,樺戸郡月形町,579-33,141.628536,43.315122
字知来乙,樺戸郡月形町,579-32,141.628371,43.315038
字知来乙,樺戸郡月形町,579-30,141.628249,43.315118
字知来乙,樺戸郡月形町,579-28,141.628157,43.315211
字知来乙,樺戸郡月形町,579-21,141.62788,43.315305
字知来乙,樺戸郡月形町,579-18,141.627912,43.315102
字知来乙,樺戸郡月形町,579-261,141.627658,43.315212
字知来乙,樺戸郡月形町,3616,141.627837,43.315363
字知来乙,樺戸郡月形町,579-24,141.627892,43.315328
字知来乙,樺戸郡月形町,354-180,141.62765,43.315345
字知来乙,樺戸郡月形町,579-25,141.62801,43.315301
字知来乙,樺戸郡月形町,579-26,141.62814,43.315364
字知来乙,樺戸郡月形町,579-29,141.628354,43.315312
字知来乙,樺戸郡月形町,579-27,141.628272,43.315429
字知来乙,樺戸郡月形町,3600-14,141.628844,43.316032
字知来乙,樺戸郡月形町,3600-13,141.628432,43.315724
字知来乙,樺戸郡月形町,3600-12,141.628422,43.315765
字知来乙,樺戸郡月形町,3600-5,141.628595,43.315778
字知来乙,樺戸郡月形町,579-226,141.629036,43.315561
字知来乙,樺戸郡月形町,3600-11,141.628244,43.316811
字知来乙,樺戸郡月形町,3600-10,141.627459,43.316488
字知来乙,樺戸郡月形町,3600-4,141.628087,43.316195
字知来乙,樺戸郡月形町,3600-3,141.627269,43.31698
字知来乙,樺戸郡月形町,3600-8,141.626599,43.316724
字知来乙,樺戸郡月形町,354-134,141.626164,43.316803
字知来乙,樺戸郡月形町,355-5,141.625293,43.318047
字知来乙,樺戸郡月形町,354-136,141.626372,43.316588
字知来乙,樺戸郡月形町,354-135,141.626265,43.316698
字知来乙,樺戸郡月形町,354-157,141.626195,43.316499
字知来乙,樺戸郡月形町,354-156,141.626299,43.316389
字知来乙,樺戸郡月形町,354-137,141.626475,43.316476
字知来乙,樺戸郡月形町,354-9,141.626716,43.31638
字知来乙,樺戸郡月形町,354-138,141.626578,43.316367
字知来乙,樺戸郡月形町,354-139,141.626684,43.316257
字知来乙,樺戸郡月形町,354-140,141.6268,43.31615
字知来乙,樺戸郡月形町,354-153,141.626624,43.316058
字知来乙,樺戸郡月形町,354-154,141.626508,43.316169
字知来乙,樺戸郡月形町,354-155,141.626403,43.316278
字知来乙,樺戸郡月形町,354-170,141.626182,43.316166
字知来乙,樺戸郡月形町,354-171,141.626286,43.316056
字知来乙,樺戸郡月形町,354-15,141.626195,43.31601
字知来乙,樺戸郡月形町,354-172,141.626399,43.315938
字知来乙,樺戸郡月形町,354-16,141.626302,43.315897
字知来乙,樺戸郡月形町,354-29,141.626177,43.315834
字知来乙,樺戸郡月形町,354-28,141.626345,43.31562
字知来乙,樺戸郡月形町,354-17,141.626494,43.315695
字知来乙,樺戸郡月形町,354-173,141.626579,43.315749
字知来乙,樺戸郡月形町,354-18,141.626605,43.315579
字知来乙,樺戸郡月形町,354-174,141.626697,43.315626
字知来乙,樺戸郡月形町,354-152,141.626792,43.315846
字知来乙,樺戸郡月形町,354-183,141.626863,43.316031
字知来乙,樺戸郡月形町,354-141,141.626982,43.31594
字知来乙,樺戸郡月形町,354-142,141.627092,43.315824
字知来乙,樺戸郡月形町,3600-9,141.62736,43.315915
字知来乙,樺戸郡月形町,354-144,141.62731,43.315592
字知来乙,樺戸郡月形町,354-143,141.627203,43.315708
字知来乙,樺戸郡月形町,354-151,141.626918,43.315736
字知来乙,樺戸郡月形町,354-150,141.627028,43.31562
字知来乙,樺戸郡月形町,354-182,141.626952,43.315496
字知来乙,樺戸郡月形町,354-176,141.626912,43.315399
字知来乙,樺戸郡月形町,354-177,141.627021,43.315285
字知来乙,樺戸郡月形町,354-148,141.627245,43.315389
字知来乙,樺戸郡月形町,354-149,141.627136,43.315505
字知来乙,樺戸郡月形町,354-145,141.627419,43.315478
字知来乙,樺戸郡月形町,354-146,141.627541,43.315366
字知来乙,樺戸郡月形町,354-147,141.627365,43.315277
字知来乙,樺戸郡月形町,354-181,141.627398,43.315192
字知来乙,樺戸郡月形町,354-178,141.627149,43.315151
字知来乙,樺戸郡月形町,354-21,141.626929,43.315238
字知来乙,樺戸郡月形町,354-22,141.62704,43.315122
字知来乙,樺戸郡月形町,354-23,141.626914,43.31506
字知来乙,樺戸郡月形町,354-47,141.626528,43.315045
字知来乙,樺戸郡月形町,354-24,141.626794,43.315171
字知来乙,樺戸郡月形町,354-20,141.62682,43.315353
字知来乙,樺戸郡月形町,354-175,141.626806,43.315512
字知来乙,樺戸郡月形町,354-19,141.626713,43.315465
字知来乙,樺戸郡月形町,354-26,141.626578,43.315397
字知来乙,樺戸郡月形町,354-25,141.626686,43.315285
字知来乙,樺戸郡月形町,354-127,141.626503,43.315277
字知来乙,樺戸郡月形町,354-27,141.62647,43.315511
字知来乙,樺戸郡月形町,354-44,141.626205,43.315386
字知来乙,樺戸郡月形町,354-45,141.626314,43.315271
字知来乙,樺戸郡月形町,354-46,141.626422,43.315157
字知来乙,樺戸郡月形町,354-51,141.626234,43.315064
字知来乙,樺戸郡月形町,354-128,141.626045,43.315056
字知来乙,樺戸郡月形町,354-71,141.62586,43.315051
字知来乙,樺戸郡月形町,354-52,141.626128,43.315178
字知来乙,樺戸郡月形町,354-53,141.626019,43.315292
字知来乙,樺戸郡月形町,354-43,141.626097,43.315497
字知来乙,樺戸郡月形町,354-54,141.625898,43.315398
字知来乙,樺戸郡月形町,354-130,141.625817,43.315504
字知来乙,樺戸郡月形町,354-68,141.625472,43.315476
字知来乙,樺戸郡月形町,354-81,141.625477,43.315184
字知来乙,樺戸郡月形町,354-69,141.625644,43.31527
字知来乙,樺戸郡月形町,354-70,141.625757,43.315162
字知来乙,樺戸郡月形町,354-80,141.62558,43.315074
字知来乙,樺戸郡月形町,354-97,141.625184,43.315052
字知来乙,樺戸郡月形町,354-105,141.624828,43.315156
字知来乙,樺戸郡月形町,354-106,141.62472,43.315267
字知来乙,樺戸郡月形町,354-96,141.625024,43.315253
字知来乙,樺戸郡月形町,354-95,141.624906,43.315358
字知来乙,樺戸郡月形町,354-94,141.624802,43.315469
字知来乙,樺戸郡月形町,354-84,141.62517,43.315491
字知来乙,樺戸郡月形町,354-83,141.625287,43.315383
字知来乙,樺戸郡月形町,354-67,141.625352,43.315582
字知来乙,樺戸郡月形町,354-66,141.625248,43.315692
字知来乙,樺戸郡月形町,354-85,141.625065,43.315601
字知来乙,樺戸郡月形町,354-93,141.624696,43.315579
字知来乙,樺戸郡月形町,354-1,141.623479,43.315588
字知来乙,樺戸郡月形町,354-86,141.62496,43.315712
字知来乙,樺戸郡月形町,354-87,141.624854,43.315824
字知来乙,樺戸郡月形町,354-88,141.624749,43.315935
字知来乙,樺戸郡月形町,354-63,141.624931,43.316026
字知来乙,樺戸郡月形町,354-64,141.625037,43.315916
字知来乙,樺戸郡月形町,354-65,141.625143,43.315804
字知来乙,樺戸郡月形町,354-58,141.625406,43.315936
字知来乙,樺戸郡月形町,354-39,141.625592,43.31603
字知来乙,樺戸郡月形町,354-40,141.625698,43.315919
字知来乙,樺戸郡月形町,354-57,141.625512,43.315826
字知来乙,樺戸郡月形町,354-55,141.625723,43.315605
字知来乙,樺戸郡月形町,354-56,141.625616,43.315716
字知来乙,樺戸郡月形町,354-42,141.625919,43.315704
字知来乙,樺戸郡月形町,354-41,141.625801,43.315809
字知来乙,樺戸郡月形町,354-30,141.626061,43.315942
字知来乙,樺戸郡月形町,354-31,141.625957,43.316052
字知来乙,樺戸郡月形町,354-14,141.626091,43.31612
字知来乙,樺戸郡月形町,354-169,141.626078,43.316276
字知来乙,樺戸郡月形町,354-13,141.625987,43.31623
字知来乙,樺戸郡月形町,354-32,141.625853,43.316162
字知来乙,樺戸郡月形町,354-38,141.625487,43.316142
字知来乙,樺戸郡月形町,354-33,141.625749,43.316274
字知来乙,樺戸郡月形町,354-34,141.625645,43.316384
字知来乙,樺戸郡月形町,354-35,141.625528,43.316486
字知来乙,樺戸郡月形町,354-10,141.625674,43.31656
字知来乙,樺戸郡月形町,354-167,141.625867,43.316497
字知来乙,樺戸郡月形町,354-11,141.625777,43.316451
字知来乙,樺戸郡月形町,354-12,141.625881,43.316341
字知来乙,樺戸郡月形町,354-168,141.625972,43.316387
字知来乙,樺戸郡月形町,354-158,141.626091,43.316609
字知来乙,樺戸郡月形町,354-4,141.625417,43.317216
字知来乙,樺戸郡月形町,354-159,141.625975,43.316711
字知来乙,樺戸郡月形町,354-133,141.626006,43.316984
字知来乙,樺戸郡月形町,354-160,141.625857,43.31691
字知来乙,樺戸郡月形町,354-161,141.625739,43.317032
字知来乙,樺戸郡月形町,354-164,141.625511,43.316918
字知来乙,樺戸郡月形町,354-165,141.625627,43.316794
字知来乙,樺戸郡月形町,354-166,141.625771,43.316599
字知来乙,樺戸郡月形町,354-163,141.625386,43.317049
字知来乙,樺戸郡月形町,354-36,141.625276,43.316361
字知来乙,樺戸郡月形町,354-61,141.625074,43.316265
字知来乙,樺戸郡月形町,354-37,141.625382,43.316252
字知来乙,樺戸郡月形町,354-59,141.625301,43.316048
字知来乙,樺戸郡月形町,354-60,141.625195,43.316159
字知来乙,樺戸郡月形町,354-62,141.624822,43.316137
字知来乙,樺戸郡月形町,354-5,141.623587,43.3168
字知来乙,樺戸郡月形町,354-123,141.623756,43.315604
字知来乙,樺戸郡月形町,354-111,141.624177,43.315816
字知来乙,樺戸郡月形町,354-89,141.624625,43.316042
字知来乙,樺戸郡月形町,354-91,141.624486,43.315801
字知来乙,樺戸郡月形町,354-90,141.624376,43.315914
字知来乙,樺戸郡月形町,354-110,141.624303,43.315708
字知来乙,樺戸郡月形町,354-92,141.624591,43.31569
字知来乙,樺戸郡月形町,354-109,141.624408,43.315598
字知来乙,樺戸郡月形町,354-112,141.623918,43.315686
字知来乙,樺戸郡月形町,354-113,141.623991,43.315564
字知来乙,樺戸郡月形町,354-114,141.624082,43.315469
字知来乙,樺戸郡月形町,354-115,141.624168,43.315377
字知来乙,樺戸郡月形町,354-116,141.624257,43.315283
字知来乙,樺戸郡月形町,354-108,141.624513,43.315486
字知来乙,樺戸郡月形町,354-107,141.624618,43.315376
字知来乙,樺戸郡月形町,354-117,141.624353,43.315185
字知来乙,樺戸郡月形町,354-118,141.624443,43.31509
字知来乙,樺戸郡月形町,354-125,141.62384,43.315375
字知来乙,樺戸郡月形町,354-124,141.623607,43.315508
字知来乙,樺戸郡月形町,432-1,141.623624,43.314407
字知来乙,樺戸郡月形町,354-120,141.624602,43.314889
字知来乙,樺戸郡月形町,354-119,141.624594,43.315023
字知来乙,樺戸郡月形町,354-103,141.624994,43.314958
字知来乙,樺戸郡月形町,354-121,141.624762,43.31481
字知来乙,樺戸郡月形町,354-122,141.624924,43.314696
字知来乙,樺戸郡月形町,354-101,141.625179,43.314794
字知来乙,樺戸郡月形町,354-102,141.625089,43.314878
字知来乙,樺戸郡月形町,354-98,141.625269,43.314966
字知来乙,樺戸郡月形町,354-99,141.62535,43.314879
字知来乙,樺戸郡月形町,354-104,141.625367,43.315008
字知来乙,樺戸郡月形町,354-129,141.625586,43.314851
字知来乙,樺戸郡月形町,354-82,141.625607,43.3149
字知来乙,樺戸郡月形町,354-79,141.625685,43.314964
字知来乙,樺戸郡月形町,354-72,141.625966,43.31494
字知来乙,樺戸郡月形町,354-73,141.626071,43.314828
字知来乙,樺戸郡月形町,354-78,141.62579,43.314853
字知来乙,樺戸郡月形町,354-76,141.625927,43.314619
字知来乙,樺戸郡月形町,354-77,141.625896,43.31474
字知来乙,樺戸郡月形町,354-75,141.626054,43.31467
字知来乙,樺戸郡月形町,354-100,141.625452,43.31459
字知来乙,樺戸郡月形町,580-12,141.626261,43.314526
字知来乙,樺戸郡月形町,3603-14,141.626312,43.314497
字知来乙,樺戸郡月形町,3603-2,141.625842,43.313659
字知来乙,樺戸郡月形町,532-95,141.62429,43.313074
字知来乙,樺戸郡月形町,532-102,141.624009,43.312974
字知来乙,樺戸郡月形町,532-101,141.624007,43.313113
字知来乙,樺戸郡月形町,532-94,141.624302,43.313217
字知来乙,樺戸郡月形町,532-96,141.62409,43.313245
字知来乙,樺戸郡月形町,532-100,141.623926,43.313236
字知来乙,樺戸郡月形町,532-93,141.624219,43.313342
字知来乙,樺戸郡月形町,532-89,141.62436,43.313416
字知来乙,樺戸郡月形町,532-88,141.624348,43.313538
字知来乙,樺戸郡月形町,532-87,141.624312,43.313672
字知来乙,樺戸郡月形町,532-1,141.624417,43.313861
字知来乙,樺戸郡月形町,532-86,141.624257,43.313806
字知来乙,樺戸郡月形町,432-2,141.625115,43.314246
字知来乙,樺戸郡月形町,532-90,141.624055,43.313737
字知来乙,樺戸郡月形町,532-91,141.62411,43.3136
字知来乙,樺戸郡月形町,532-92,141.624165,43.31347
字知来乙,樺戸郡月形町,532-98,141.623816,43.313494
字知来乙,樺戸郡月形町,532-51,141.623647,43.313502
字知来乙,樺戸郡月形町,532-97,141.62376,43.313631
字知来乙,樺戸郡月形町,532-6,141.623521,43.313529
字知来乙,樺戸郡月形町,532-27,141.623242,43.313445
字知来乙,樺戸郡月形町,532-28,141.623315,43.313293
字知来乙,樺戸郡月形町,532-42,141.623574,43.313359
字知来乙,樺戸郡月形町,532-52,141.623691,43.313369
字知来乙,樺戸郡月形町,532-99,141.62387,43.313365
字知来乙,樺戸郡月形町,532-53,141.623739,43.31322
字知来乙,樺戸郡月形町,532-43,141.623614,43.313228
字知来乙,樺戸郡月形町,532-54,141.623787,43.313067
字知来乙,樺戸郡月形町,532-44,141.623664,43.313085
字知来乙,樺戸郡月形町,532-26,141.623394,43.313509
字知来乙,樺戸郡月形町,532-30,141.623445,43.312993
字知来乙,樺戸郡月形町,532-29,141.623381,43.313143
字知来乙,樺戸郡月形町,532-16,141.623206,43.313012
字知来乙,樺戸郡月形町,532-9,141.622994,43.313135
字知来乙,樺戸郡月形町,532-13,141.622856,43.3131
字知来乙,樺戸郡月形町,532-11,141.622765,43.313269
字知来乙,樺戸郡月形町,532-14,141.623121,43.313193
字知来乙,樺戸郡月形町,532-12,141.62304,43.313365
字知来乙,樺戸郡月形町,431-2,141.622235,43.313281
字知来乙,樺戸郡月形町,532-106,141.622096,43.313038
字知来乙,樺戸郡月形町,532-107,141.621937,43.312984
字知来乙,樺戸郡月形町,532-108,141.62178,43.312933
字知来乙,樺戸郡月形町,532-117,141.621655,43.312969
字知来乙,樺戸郡月形町,430-2,141.620399,43.31323
字知来乙,樺戸郡月形町,長狭物不明-7108,141.621121,43.31436
字知来乙,樺戸郡月形町,430-1,141.620305,43.314192
字知来乙,樺戸郡月形町,431-1,141.622099,43.314039
字知来乙,樺戸郡月形町,444-2,141.620469,43.316875
字知来乙,樺戸郡月形町,429-1,141.62074,43.315844
字知来乙,樺戸郡月形町,429-2,141.621492,43.31542
字知来乙,樺戸郡月形町,358-5,141.619272,43.315672
字知来乙,樺戸郡月形町,道-7221,141.617547,43.314858
字知来乙,樺戸郡月形町,444-4,141.619781,43.316745
字知来乙,樺戸郡月形町,1424-2,141.619444,43.316022
字知来乙,樺戸郡月形町,444-3,141.61968,43.316343
字知来乙,樺戸郡月形町,1424-1,141.619172,43.315951
字知来乙,樺戸郡月形町,3595-5,141.618814,43.316177
字知来乙,樺戸郡月形町,3595-1,141.618085,43.316044
字知来乙,樺戸郡月形町,3595-10,141.617179,43.316627
字知来乙,樺戸郡月形町,3594-10,141.61813,43.315236
字知来乙,樺戸郡月形町,3598-5,141.617717,43.314065
字知来乙,樺戸郡月形町,3598-14,141.618272,43.314648
字知来乙,樺戸郡月形町,358-2,141.618528,43.314718
字知来乙,樺戸郡月形町,358-6,141.619048,43.315105
字知来乙,樺戸郡月形町,358-3,141.619483,43.314178
字知来乙,樺戸郡月形町,433-6,141.618401,43.312545
字知来乙,樺戸郡月形町,433-3,141.618362,43.313061
字知来乙,樺戸郡月形町,3598-7,141.618174,43.312335
字知来乙,樺戸郡月形町,3598-15,141.618084,43.312608
字知来乙,樺戸郡月形町,3598-6,141.617425,43.312583
字知来乙,樺戸郡月形町,3598-16,141.617713,43.311616
字当別原野,樺戸郡月形町,417-15,141.617659,43.310826
字新田,樺戸郡月形町,642-9,141.618663,43.311003
字新田,樺戸郡月形町,642-11,141.618135,43.311549
字新田,樺戸郡月形町,642-12,141.618198,43.311549
字知来乙,樺戸郡月形町,433-14,141.618306,43.311753
字知来乙,樺戸郡月形町,533-5,141.619289,43.311544
字知来乙,樺戸郡月形町,533-8,141.619453,43.311318
字新田,樺戸郡月形町,642-2,141.618717,43.311517
字新田,樺戸郡月形町,642-7,141.618957,43.311352
字新田,樺戸郡月形町,642-10,141.618995,43.311267
字知来乙,樺戸郡月形町,533-7,141.619386,43.311127
字知来乙,樺戸郡月形町,533-6,141.619285,43.311282
字知来乙,樺戸郡月形町,533-3,141.61963,43.311188
字知来乙,樺戸郡月形町,533-2,141.620031,43.311777
字知来乙,樺戸郡月形町,533-10,141.619798,43.312221
字知来乙,樺戸郡月形町,358-9,141.619209,43.312198
字知来乙,樺戸郡月形町,358-7,141.618956,43.311927
字知来乙,樺戸郡月形町,358-1,141.619102,43.313166
字知来乙,樺戸郡月形町,358-4,141.619758,43.312975
字知来乙,樺戸郡月形町,358-8,141.619939,43.312457
字知来乙,樺戸郡月形町,533-9,141.621221,43.312775
字知来乙,樺戸郡月形町,430-3,141.620661,43.312732
字知来乙,樺戸郡月形町,532-109,141.621906,43.31279
字知来乙,樺戸郡月形町,532-113,141.622204,43.312627
字知来乙,樺戸郡月形町,532-114,141.622053,43.312602
字知来乙,樺戸郡月形町,532-115,141.622242,43.31245
字知来乙,樺戸郡月形町,532-112,141.622361,43.312678
字知来乙,樺戸郡月形町,532-10,141.622145,43.312737
字知来乙,樺戸郡月形町,532-110,141.622059,43.312841
字知来乙,樺戸郡月形町,532-111,141.62221,43.312892
字知来乙,樺戸郡月形町,532-8,141.622536,43.312983
字知来乙,樺戸郡月形町,532-15,141.622953,43.312922
字知来乙,樺戸郡月形町,532-17,141.623065,43.312754
字知来乙,樺戸郡月形町,532-63,141.622877,43.312545
字知来乙,樺戸郡月形町,532-64,141.622979,43.312453
字知来乙,樺戸郡月形町,532-82,141.622756,43.312408
字知来乙,樺戸郡月形町,532-83,141.622716,43.312488
字知来乙,樺戸郡月形町,532-116,141.622444,43.312523
字知来乙,樺戸郡月形町,532-69,141.62253,43.31231
字知来乙,樺戸郡月形町,532-75,141.622454,43.31217
字知来乙,樺戸郡月形町,532-2,141.622844,43.312087
字知来乙,樺戸郡月形町,532-70,141.622611,43.312206
字知来乙,樺戸郡月形町,532-81,141.622826,43.31232
字知来乙,樺戸郡月形町,532-65,141.623063,43.312312
字知来乙,樺戸郡月形町,532-66,141.623039,43.312194
字知来乙,樺戸郡月形町,532-67,141.623108,43.312123
字知来乙,樺戸郡月形町,532-3,141.622945,43.312143
字知来乙,樺戸郡月形町,532-80,141.622896,43.312215
字知来乙,樺戸郡月形町,532-84,141.62296,43.312019
字知来乙,樺戸郡月形町,532-60,141.622986,43.312081
字知来乙,樺戸郡月形町,532-4,141.623237,43.312074
字知来乙,樺戸郡月形町,532-61,141.623153,43.311887
字知来乙,樺戸郡月形町,532-73,141.622631,43.311965
字知来乙,樺戸郡月形町,532-72,141.622767,43.312001
字知来乙,樺戸郡月形町,532-71,141.622692,43.312103
字知来乙,樺戸郡月形町,532-74,141.622538,43.312071
字知来乙,樺戸郡月形町,532-76,141.622373,43.312266
字知来乙,樺戸郡月形町,532-118,141.622209,43.312349
字知来乙,樺戸郡月形町,532-78,141.622792,43.311809
字知来乙,樺戸郡月形町,532-77,141.623006,43.311829
字知来乙,樺戸郡月形町,532-79,141.62288,43.311725
字知来乙,樺戸郡月形町,533-1,141.621916,43.31168
字知来乙,樺戸郡月形町,1510-1,141.620233,43.309772
字知来乙,樺戸郡月形町,1510-2,141.620947,43.310255
字新田,樺戸郡月形町,827-1,141.621747,43.310248
字月形原野,樺戸郡月形町,827-6,141.621942,43.308898
字新田,樺戸郡月形町,827-2,141.620845,43.309488
字月形原野,樺戸郡月形町,827-4,141.620077,43.30902
字新田,樺戸郡月形町,642-5,141.619419,43.308227
字知来乙,樺戸郡月形町,533-4,141.619987,43.310358
字新田,樺戸郡月形町,642-6,141.619074,43.310656
字新田,樺戸郡月形町,642-8,141.618657,43.309994
字当別原野,樺戸郡月形町,417-10,141.617277,43.310384
字当別原野,樺戸郡月形町,417-9,141.61734,43.309661
字当別原野,樺戸郡月形町,417-1,141.618087,43.309312
字当別原野,樺戸郡月形町,418-21,141.615755,43.309001
字当別原野,樺戸郡月形町,418-3,141.616347,43.309086
字当別原野,樺戸郡月形町,418-12,141.616146,43.309338
字当別原野,樺戸郡月形町,417-11,141.616704,43.309375
字当別原野,樺戸郡月形町,417-6,141.616686,43.310071
字当別原野,樺戸郡月形町,418-6,141.616032,43.309763
字当別原野,樺戸郡月形町,417-4,141.616379,43.310681
字当別原野,樺戸郡月形町,3715,141.616261,43.309916
字当別原野,樺戸郡月形町,418-20,141.615662,43.309838
字当別原野,樺戸郡月形町,423-22,141.615269,43.310367
字当別原野,樺戸郡月形町,423-3,141.615049,43.310055
字当別原野,樺戸郡月形町,423-18,141.615263,43.310425
字当別原野,樺戸郡月形町,423-20,141.614871,43.310107
字当別原野,樺戸郡月形町,418-24,141.614428,43.309715
字当別原野,樺戸郡月形町,418-14,141.615608,43.309196
字当別原野,樺戸郡月形町,418-13,141.613916,43.308758
字当別原野,樺戸郡月形町,418-1,141.615167,43.308195
字当別原野,樺戸郡月形町,423-24,141.613544,43.309621
字当別原野,樺戸郡月形町,419-6,141.61302,43.309355
字当別原野,樺戸郡月形町,419-7,141.613015,43.309398
字当別原野,樺戸郡月形町,418-16,141.612744,43.309252
字当別原野,樺戸郡月形町,418-15,141.614219,43.309653
字当別原野,樺戸郡月形町,418-25,141.612612,43.308916
字当別原野,樺戸郡月形町,418-28,141.612728,43.309267
字当別原野,樺戸郡月形町,418-10,141.612106,43.309022
字当別原野,樺戸郡月形町,418-17,141.61224,43.308913
字当別原野,樺戸郡月形町,382-13,141.611637,43.30887
字当別原野,樺戸郡月形町,382-12,141.611509,43.308861
字当別原野,樺戸郡月形町,382-118,141.611363,43.30885
字当別原野,樺戸郡月形町,382-33,141.6116,43.309079
字当別原野,樺戸郡月形町,382-32,141.611461,43.309067
字当別原野,樺戸郡月形町,382-109,141.611322,43.309056
字当別原野,樺戸郡月形町,382-37,141.611302,43.309212
字当別原野,樺戸郡月形町,382-28,141.611445,43.309223
字当別原野,樺戸郡月形町,382-29,141.611577,43.309233
字当別原野,樺戸郡月形町,382-27,141.611527,43.309402
字当別原野,樺戸郡月形町,382-26,141.611469,43.309477
字当別原野,樺戸郡月形町,382-41,141.611522,43.309594
字当別原野,樺戸郡月形町,382-40,141.611392,43.309584
字当別原野,樺戸郡月形町,382-49,141.61135,43.309787
字当別原野,樺戸郡月形町,419-3,141.612715,43.309977
字当別原野,樺戸郡月形町,382-50,141.61149,43.309798
字当別原野,樺戸郡月形町,382-47,141.611325,43.309941
字当別原野,樺戸郡月形町,382-22,141.611468,43.30995
字当別原野,樺戸郡月形町,382-61,141.611334,43.310134
字当別原野,樺戸郡月形町,382-62,141.611445,43.310171
字当別原野,樺戸郡月形町,419-4,141.612535,43.31067
字当別原野,樺戸郡月形町,423-19,141.614468,43.30998
字当別原野,樺戸郡月形町,423-1,141.613829,43.310433
字当別原野,樺戸郡月形町,416-1,141.613957,43.311654
字当別原野,樺戸郡月形町,416-4,141.6132,43.311821
字当別原野,樺戸郡月形町,419-1,141.612917,43.312763
字当別原野,樺戸郡月形町,道-7284,141.611461,43.311172
字当別原野,樺戸郡月形町,425-4,141.613863,43.312824
字当別原野,樺戸郡月形町,425-1,141.613973,43.312457
字当別原野,樺戸郡月形町,425-11,141.615496,43.312894
字当別原野,樺戸郡月形町,425-3,141.615684,43.312678
字知来乙,樺戸郡月形町,3598-23,141.615697,43.312636
字知来乙,樺戸郡月形町,3598-18,141.615675,43.312601
字当別原野,樺戸郡月形町,416-5,141.615424,43.311665
字当別原野,樺戸郡月形町,416-6,141.615663,43.311864
字当別原野,樺戸郡月形町,416-3,141.614418,43.311933
字当別原野,樺戸郡月形町,423-16,141.615434,43.31083
字知来乙,樺戸郡月形町,3598-19,141.615649,43.311484
字知来乙,樺戸郡月形町,3598-9,141.615701,43.311786
字当別原野,樺戸郡月形町,423-17,141.615639,43.311576
字当別原野,樺戸郡月形町,423-2,141.61576,43.310959
字知来乙,樺戸郡月形町,433-5,141.616044,43.311076
字知来乙,樺戸郡月形町,3598-24,141.616559,43.311274
字当別原野,樺戸郡月形町,道-7283,141.617022,43.311265
字当別原野,樺戸郡月形町,417-5,141.61701,43.310854
字知来乙,樺戸郡月形町,433-2,141.617391,43.311454
字知来乙,樺戸郡月形町,433-12,141.616893,43.311378
字知来乙,樺戸郡月形町,3598-13,141.616786,43.312389
字知来乙,樺戸郡月形町,3598-4,141.616237,43.312018
字知来乙,樺戸郡月形町,3598-11,141.61674,43.312434
字知来乙,樺戸郡月形町,3598-3,141.615924,43.313548
字知来乙,樺戸郡月形町,3598-2,141.616674,43.313772
字知来乙,樺戸郡月形町,3598-8,141.616984,43.31396
字知来乙,樺戸郡月形町,3598-20,141.615766,43.313959
字知来乙,樺戸郡月形町,3598-21,141.615758,43.313627
字知来乙,樺戸郡月形町,3598-22,141.615745,43.313455
字知来乙,樺戸郡月形町,3598-17,141.615716,43.313084
字当別原野,樺戸郡月形町,425-12,141.615499,43.31308
字当別原野,樺戸郡月形町,425-9,141.615551,43.313107
字当別原野,樺戸郡月形町,425-10,141.615581,43.313514
字当別原野,樺戸郡月形町,425-5,141.614263,43.313153
字当別原野,樺戸郡月形町,419-5,141.615584,43.313729
字知来乙,樺戸郡月形町,404-3,141.615496,43.314343
字知来乙,樺戸郡月形町,404-8,141.615621,43.315093
字知来乙,樺戸郡月形町,404-6,141.615741,43.314144
字知来乙,樺戸郡月形町,3594-5,141.616274,43.314738
字知来乙,樺戸郡月形町,3594-9,141.615767,43.314178
字知来乙,樺戸郡月形町,3598-1,141.616083,43.313881
字知来乙,樺戸郡月形町,3598-10,141.617098,43.313493
字知来乙,樺戸郡月形町,3598-12,141.617079,43.31387
字知来乙,樺戸郡月形町,3594-3,141.617009,43.315531
字知来乙,樺戸郡月形町,3594-7,141.616641,43.315187
字知来乙,樺戸郡月形町,3594-8,141.61622,43.315248
字知来乙,樺戸郡月形町,3594-15,141.615806,43.315056
字知来乙,樺戸郡月形町,3594-4,141.616054,43.315431
字知来乙,樺戸郡月形町,3594-6,141.61645,43.315344
字知来乙,樺戸郡月形町,3594-13,141.615836,43.315749
字知来乙,樺戸郡月形町,404-10,141.615834,43.315899
字知来乙,樺戸郡月形町,3594-14,141.615851,43.316007
字知来乙,樺戸郡月形町,3595-4,141.617097,43.316426
字知来乙,樺戸郡月形町,3595-9,141.617005,43.316937
字知来乙,樺戸郡月形町,3595-8,141.617013,43.316875
字知来乙,樺戸郡月形町,3595-2,141.616576,43.317029
字知来乙,樺戸郡月形町,3595-3,141.616748,43.31671
字知来乙,樺戸郡月形町,404-9,141.615859,43.31635
字知来乙,樺戸郡月形町,3594-11,141.615912,43.317028
字知来乙,樺戸郡月形町,3594-1,141.616094,43.316657
字知来乙,樺戸郡月形町,3594-2,141.6161,43.31622
字知来乙,樺戸郡月形町,3594-12,141.615874,43.316273
字知来乙,樺戸郡月形町,404-11,141.615848,43.316153
字知来乙,樺戸郡月形町,404-7,141.615616,43.31584
字知来乙,樺戸郡月形町,404-2,141.614914,43.315902
字知来乙,樺戸郡月形町,372-2,141.614008,43.316677
字知来乙,樺戸郡月形町,372-6,141.61308,43.316871
字知来乙,樺戸郡月形町,道-7246,141.61023,43.319662
字知来乙,樺戸郡月形町,373-4,141.612439,43.316518
字知来乙,樺戸郡月形町,373-13,141.612048,43.315768
字知来乙,樺戸郡月形町,373-14,141.612858,43.315979
字当別原野,樺戸郡月形町,574-1,141.612005,43.31497
字知来乙,樺戸郡月形町,683-2,141.614331,43.314525
字知来乙,樺戸郡月形町,683-1,141.611922,43.313921
字当別原野,樺戸郡月形町,425-8,141.612872,43.313485
字当別原野,樺戸郡月形町,419-2,141.611843,43.313019
字当別原野,樺戸郡月形町,425-7,141.611521,43.313474
字当別原野,樺戸郡月形町,381-2,141.608277,43.313214
字当別原野,樺戸郡月形町,道-7285,141.608816,43.313414
字当別原野,樺戸郡月形町,574-2,141.609173,43.314081
字当別原野,樺戸郡月形町,574-7,141.609747,43.314687
字当別原野,樺戸郡月形町,574-10,141.610102,43.314227
字当別原野,樺戸郡月形町,574-8,141.61074,43.314039
字当別原野,樺戸郡月形町,574-5,141.610813,43.314894
字知来乙,樺戸郡月形町,373-11,141.611056,43.317045
字当別原野,樺戸郡月形町,574-4,141.610662,43.316659
字知来乙,樺戸郡月形町,3589-11,141.60876,43.317089
字知来乙,樺戸郡月形町,3589-18,141.608833,43.317056
字知来乙,樺戸郡月形町,3589-17,141.608442,43.317354
字知来乙,樺戸郡月形町,3589-12,141.608642,43.316634
字当別原野,樺戸郡月形町,574-3,141.609595,43.315855
字知来乙,樺戸郡月形町,3588-5,141.606549,43.315778
字知来乙,樺戸郡月形町,3588-6,141.607296,43.315712
字知来乙,樺戸郡月形町,3588-12,141.607258,43.315676
字知来乙,樺戸郡月形町,375-9,141.608284,43.315534
字知来乙,樺戸郡月形町,374-7,141.608399,43.316334
字知来乙,樺戸郡月形町,3589-6,141.608197,43.316901
字知来乙,樺戸郡月形町,3589-5,141.607878,43.31707
字知来乙,樺戸郡月形町,374-12,141.607666,43.316663
字知来乙,樺戸郡月形町,375-3,141.60743,43.316077
字知来乙,樺戸郡月形町,3588-11,141.606899,43.317042
字知来乙,樺戸郡月形町,3588-4,141.605891,43.316737
字知来乙,樺戸郡月形町,道-7247,141.605669,43.315919
字知来乙,樺戸郡月形町,3585-4,141.60568,43.315652
字知来乙,樺戸郡月形町,3588-10,141.60624,43.315382
字当別原野,樺戸郡月形町,556-10,141.605602,43.315153
字知来乙,樺戸郡月形町,3586-2,141.605753,43.31453
字知来乙,樺戸郡月形町,3586-6,141.606535,43.314843
字知来乙,樺戸郡月形町,3586-5,141.606456,43.314752
字知来乙,樺戸郡月形町,3586-1,141.606151,43.314718
字当別原野,樺戸郡月形町,574-9,141.608615,43.31425
字当別原野,樺戸郡月形町,574-6,141.607798,43.314102
字当別原野,樺戸郡月形町,道-7276,141.607236,43.313973
字当別原野,樺戸郡月形町,556-13,141.606851,43.313819
字知来乙,樺戸郡月形町,3586-4,141.606054,43.313722
字知来乙,樺戸郡月形町,3586-8,141.606411,43.313899
字知来乙,樺戸郡月形町,道-7215,141.605442,43.313114
字知来乙,樺戸郡月形町,3587-1,141.606344,43.312635
字知来乙,樺戸郡月形町,3587-6,141.606504,43.311887
字当別,樺戸郡月形町,322-23,141.60571,43.31187
字知来乙,樺戸郡月形町,3587-3,141.605878,43.31199
字知来乙,樺戸郡月形町,3587-7,141.606014,43.312045
字当別,樺戸郡月形町,322-20,141.605616,43.312327
字当別,樺戸郡月形町,322-15,141.605535,43.312294
字当別,樺戸郡月形町,322-11,141.605572,43.311646
字当別,樺戸郡月形町,322-4,141.605561,43.311869
字知来乙,樺戸郡月形町,3587-15,141.605795,43.311628
字知来乙,樺戸郡月形町,3587-10,141.605813,43.311686
字当別,樺戸郡月形町,322-18,141.605683,43.311822
字知来乙,樺戸郡月形町,3587-12,141.605852,43.311503
字当別,樺戸郡月形町,322-16,141.605877,43.311436
字当別,樺戸郡月形町,322-17,141.60579,43.311453
字当別原野,樺戸郡月形町,240-31,141.605423,43.311377
字当別原野,樺戸郡月形町,240-48,141.605415,43.311361
字当別原野,樺戸郡月形町,240-32,141.605408,43.311347
字当別原野,樺戸郡月形町,240-40,141.605403,43.311336
字当別原野,樺戸郡月形町,240-21,141.605678,43.3113
字当別原野,樺戸郡月形町,240-46,141.605503,43.311321
字当別原野,樺戸郡月形町,240-38,141.605739,43.311021
字当別原野,樺戸郡月形町,240-50,141.605702,43.311052
字当別原野,樺戸郡月形町,240-37,141.60562,43.311144
字当別原野,樺戸郡月形町,240-3,141.605278,43.3112
字当別原野,樺戸郡月形町,240-33,141.605763,43.310924
字当別原野,樺戸郡月形町,240-45,141.605784,43.310924
字当別原野,樺戸郡月形町,240-20,141.605799,43.310863
字当別原野,樺戸郡月形町,240-39,141.605899,43.310875
字当別原野,樺戸郡月形町,240-43,141.605885,43.310886
字当別原野,樺戸郡月形町,240-30,141.605886,43.310863
字当別原野,樺戸郡月形町,240-1,141.60606,43.311314
字当別原野,樺戸郡月形町,240-16,141.605966,43.310992
字当別原野,樺戸郡月形町,240-22,141.605845,43.311144
字当別原野,樺戸郡月形町,240-2,141.606416,43.311334
字当別原野,樺戸郡月形町,240-42,141.606408,43.310829
字当別原野,樺戸郡月形町,240-12,141.606406,43.311028
字当別,樺戸郡月形町,322-21,141.606152,43.311475
字知来乙,樺戸郡月形町,3587-11,141.606614,43.311868
字知来乙,樺戸郡月形町,3587-4,141.606349,43.311683
字知来乙,樺戸郡月形町,3587-5,141.607332,43.311641
字当別原野,樺戸郡月形町,240-5,141.607157,43.311336
字当別原野,樺戸郡月形町,240-11,141.607604,43.311053
字当別原野,樺戸郡月形町,240-7,141.607801,43.311454
字当別,樺戸郡月形町,322-3,141.607387,43.312344
字知来乙,樺戸郡月形町,3587-8,141.606945,43.31244
字当別原野,樺戸郡月形町,381-1,141.608589,43.312503
字当別原野,樺戸郡月形町,381-4,141.610852,43.312828
字当別原野,樺戸郡月形町,381-3,141.610274,43.312158
字当別原野,樺戸郡月形町,411-1,141.61083,43.311498
字当別原野,樺戸郡月形町,382-18,141.608362,43.309897
字当別原野,樺戸郡月形町,382-19,141.608636,43.309941
字当別原野,樺戸郡月形町,382-190,141.608775,43.309952
字当別原野,樺戸郡月形町,382-192,141.609033,43.309975
字当別原野,樺戸郡月形町,382-191,141.608903,43.309964
字当別原野,樺戸郡月形町,382-193,141.609162,43.309985
字当別原野,樺戸郡月形町,382-194,141.609291,43.309996
字当別原野,樺戸郡月形町,382-195,141.609416,43.310007
字当別原野,樺戸郡月形町,382-196,141.609541,43.310018
字当別原野,樺戸郡月形町,382-206,141.609604,43.309802
字当別原野,樺戸郡月形町,382-130,141.609744,43.309813
字当別原野,樺戸郡月形町,382-197,141.609669,43.310027
字当別原野,樺戸郡月形町,411-2,141.608628,43.311007
字当別原野,樺戸郡月形町,411-3,141.609451,43.310385
字当別原野,樺戸郡月形町,382-56,141.610625,43.310108
字当別原野,樺戸郡月形町,382-57,141.610743,43.310118
字当別原野,樺戸郡月形町,382-58,141.610861,43.310128
字当別原野,樺戸郡月形町,382-60,141.611217,43.310125
字当別原野,樺戸郡月形町,382-59,141.611036,43.310143
字当別原野,樺戸郡月形町,382-46,141.611186,43.309929
字当別原野,樺戸郡月形町,382-45,141.611045,43.309918
字当別原野,樺戸郡月形町,382-43,141.61076,43.309895
字当別原野,樺戸郡月形町,382-44,141.610902,43.309906
字当別原野,樺戸郡月形町,382-42,141.610606,43.309883
字当別原野,樺戸郡月形町,382-21,141.610463,43.309872
字当別原野,樺戸郡月形町,382-73,141.610331,43.309861
字当別原野,樺戸郡月形町,382-72,141.610191,43.309849
字当別原野,樺戸郡月形町,382-55,141.610506,43.310098
字当別原野,樺戸郡月形町,382-54,141.610382,43.310087
字当別原野,樺戸郡月形町,382-53,141.610262,43.310079
字当別原野,樺戸郡月形町,382-52,141.610143,43.310068
字当別原野,樺戸郡月形町,382-51,141.610029,43.310059
字当別原野,樺戸郡月形町,382-198,141.609794,43.310039
字当別原野,樺戸郡月形町,382-199,141.609916,43.310048
字当別原野,樺戸郡月形町,382-71,141.610039,43.309837
字当別原野,樺戸郡月形町,382-131,141.609883,43.309824
字当別原野,樺戸郡月形町,382-133,141.609908,43.30967
字当別原野,樺戸郡月形町,382-81,141.610063,43.309683
字当別原野,樺戸郡月形町,382-1,141.609906,43.309933
字当別原野,樺戸郡月形町,382-222,141.609945,43.309466
字当別原野,樺戸郡月形町,382-221,141.609803,43.309455
字当別原野,樺戸郡月形町,382-231,141.609859,43.309343
字当別原野,樺戸郡月形町,382-25,141.609981,43.309353
字当別原野,樺戸郡月形町,382-91,141.61013,43.309287
字当別原野,樺戸郡月形町,382-82,141.610118,43.309365
字当別原野,樺戸郡月形町,382-64,141.610113,43.30948
字当別原野,樺戸郡月形町,382-65,141.610278,43.309493
字当別原野,樺戸郡月形町,382-92,141.610283,43.309299
字当別原野,樺戸郡月形町,382-83,141.610271,43.309377
字当別原野,樺戸郡月形町,382-84,141.610412,43.309389
字当別原野,樺戸郡月形町,382-93,141.610422,43.309311
字当別原野,樺戸郡月形町,382-66,141.610418,43.309504
字当別原野,樺戸郡月形町,382-80,141.610215,43.309695
字当別原野,樺戸郡月形町,382-79,141.610354,43.309707
字当別原野,樺戸郡月形町,382-78,141.610499,43.309718
字当別原野,樺戸郡月形町,382-77,141.610641,43.30973
字当別原野,樺戸郡月形町,382-76,141.610782,43.309741
字当別原野,樺戸郡月形町,382-75,141.610925,43.309752
字当別原野,樺戸郡月形町,382-74,141.61107,43.309764
字当別原野,樺戸郡月形町,382-48,141.611212,43.309776
字当別原野,樺戸郡月形町,382-141,141.611275,43.309575
字当別原野,樺戸郡月形町,382-39,141.611159,43.309565
字当別原野,樺戸郡月形町,382-38,141.61104,43.309556
字当別原野,樺戸郡月形町,382-69,141.610906,43.309545
字当別原野,樺戸郡月形町,382-88,141.610941,43.309433
字当別原野,樺戸郡月形町,382-90,141.611258,43.30946
字当別原野,樺戸郡月形町,382-89,141.611154,43.309451
字当別原野,樺戸郡月形町,382-98,141.611131,43.309369
字当別原野,樺戸郡月形町,382-99,141.61127,43.30938
字当別原野,樺戸郡月形町,382-97,141.610988,43.309358
字当別原野,樺戸郡月形町,382-96,141.610846,43.309346
字当別原野,樺戸郡月形町,382-87,141.610836,43.309424
字当別原野,樺戸郡月形町,382-68,141.610779,43.309534
字当別原野,樺戸郡月形町,382-86,141.610695,43.309413
字当別原野,樺戸郡月形町,382-67,141.610605,43.30952
字当別原野,樺戸郡月形町,382-85,141.610553,43.3094
字当別原野,樺戸郡月形町,382-95,141.610705,43.309334
字当別原野,樺戸郡月形町,382-94,141.610564,43.309322
字当別原野,樺戸郡月形町,382-140,141.610594,43.309154
字当別原野,樺戸郡月形町,382-106,141.610905,43.309022
字当別原野,樺戸郡月形町,382-136,141.610873,43.309175
字当別原野,樺戸郡月形町,382-135,141.610742,43.309166
字当別原野,樺戸郡月形町,382-128,141.61099,43.309186
字当別原野,樺戸郡月形町,382-36,141.611205,43.309202
字当別原野,樺戸郡月形町,382-129,141.611117,43.309197
字当別原野,樺戸郡月形町,382-108,141.611182,43.309044
字当別原野,樺戸郡月形町,382-107,141.611044,43.309032
字当別原野,樺戸郡月形町,382-117,141.611213,43.308836
字当別原野,樺戸郡月形町,382-116,141.611074,43.308826
字当別原野,樺戸郡月形町,382-115,141.610934,43.308814
字当別原野,樺戸郡月形町,382-114,141.610793,43.308802
字当別原野,樺戸郡月形町,382-105,141.610764,43.30901
字当別原野,樺戸郡月形町,382-104,141.610617,43.308998
字当別原野,樺戸郡月形町,382-113,141.610651,43.308791
字当別原野,樺戸郡月形町,382-112,141.610511,43.308779
字当別原野,樺戸郡月形町,382-111,141.610371,43.308768
字当別原野,樺戸郡月形町,382-110,141.610219,43.308755
字当別原野,樺戸郡月形町,382-101,141.610183,43.308963
字当別原野,樺戸郡月形町,382-102,141.610334,43.308975
字当別原野,樺戸郡月形町,382-103,141.610474,43.308986
字当別原野,樺戸郡月形町,382-139,141.610448,43.309142
字当別原野,樺戸郡月形町,382-138,141.610309,43.30913
字当別原野,樺戸郡月形町,382-150,141.610006,43.309105
字当別原野,樺戸郡月形町,382-137,141.610157,43.309118
字当別原野,樺戸郡月形町,382-6,141.609992,43.309275
字当別原野,樺戸郡月形町,382-183,141.60987,43.309266
字当別原野,樺戸郡月形町,382-149,141.609867,43.309094
字当別原野,樺戸郡月形町,382-237,141.609819,43.308933
字当別原野,樺戸郡月形町,382-238,141.60993,43.308943
字当別原野,樺戸郡月形町,382-8,141.610045,43.308951
字当別原野,樺戸郡月形町,382-2,141.611485,43.309328
字当別原野,樺戸郡月形町,382-236,141.609709,43.308923
字当別原野,樺戸郡月形町,382-235,141.609582,43.308914
字当別原野,樺戸郡月形町,382-234,141.609442,43.308903
字当別原野,樺戸郡月形町,382-185,141.609186,43.308882
字当別原野,樺戸郡月形町,382-232,141.609314,43.308891
字当別原野,樺戸郡月形町,382-145,141.609304,43.309049
字当別原野,樺戸郡月形町,382-239,141.6092,43.309013
字当別原野,樺戸郡月形町,382-144,141.60912,43.309061
字当別原野,樺戸郡月形町,382-178,141.609166,43.309208
字当別原野,樺戸郡月形町,382-179,141.609307,43.309219
字当別原野,樺戸郡月形町,382-180,141.609448,43.309231
字当別原野,樺戸郡月形町,382-181,141.609589,43.309242
字当別原野,樺戸郡月形町,382-146,141.609447,43.309061
字当別原野,樺戸郡月形町,382-147,141.609587,43.309071
字当別原野,樺戸郡月形町,382-148,141.609726,43.309083
字当別原野,樺戸郡月形町,382-182,141.60973,43.309254
字当別原野,樺戸郡月形町,382-230,141.609718,43.309332
字当別原野,樺戸郡月形町,382-229,141.609577,43.30932
字当別原野,樺戸郡月形町,382-228,141.609437,43.309308
字当別原野,樺戸郡月形町,382-219,141.609524,43.309431
字当別原野,樺戸郡月形町,382-220,141.609663,43.309443
字当別原野,樺戸郡月形町,382-213,141.609625,43.309648
字当別原野,樺戸郡月形町,382-132,141.609766,43.309659
字当別原野,樺戸郡月形町,382-205,141.609463,43.30979
字当別原野,樺戸郡月形町,382-212,141.609483,43.309637
字当別原野,樺戸郡月形町,382-211,141.609342,43.309626
字当別原野,樺戸郡月形町,382-204,141.609321,43.30978
字当別原野,樺戸郡月形町,382-203,141.609181,43.309768
字当別原野,樺戸郡月形町,382-209,141.609064,43.309603
字当別原野,樺戸郡月形町,382-210,141.609204,43.309614
字当別原野,樺戸郡月形町,382-218,141.609382,43.30942
字当別原野,樺戸郡月形町,382-217,141.609239,43.309408
字当別原野,樺戸郡月形町,382-227,141.609296,43.309297
字当別原野,樺戸郡月形町,382-226,141.609155,43.309285
字当別原野,樺戸郡月形町,382-216,141.609097,43.309396
字当別原野,樺戸郡月形町,382-215,141.608957,43.309385
字当別原野,樺戸郡月形町,382-24,141.608676,43.309362
字当別原野,樺戸郡月形町,382-214,141.608817,43.309374
字当別原野,樺戸郡月形町,382-208,141.608923,43.309592
字当別原野,樺戸郡月形町,382-202,141.609042,43.309757
字当別原野,樺戸郡月形町,382-201,141.608901,43.309746
字当別原野,樺戸郡月形町,382-200,141.608762,43.309735
字当別原野,樺戸郡月形町,382-207,141.608783,43.30958
字当別原野,樺戸郡月形町,382-23,141.608644,43.309571
字当別原野,樺戸郡月形町,382-20,141.608621,43.309723
字当別原野,樺戸郡月形町,382-134,141.608367,43.309756
字当別原野,樺戸郡月形町,382-186,141.608381,43.309646
字当別原野,樺戸郡月形町,382-188,141.608409,43.309413
字当別原野,樺戸郡月形町,382-187,141.608398,43.309519
字当別原野,樺戸郡月形町,382-189,141.608467,43.309333
字当別原野,樺戸郡月形町,382-17,141.608447,43.309239
字当別原野,樺戸郡月形町,382-5,141.608436,43.30917
字当別原野,樺戸郡月形町,382-173,141.608419,43.309107
字当別原野,樺戸郡月形町,382-223,141.608742,43.30925
字当別原野,樺戸郡月形町,382-175,141.608702,43.309169
字当別原野,樺戸郡月形町,382-224,141.608908,43.309264
字当別原野,樺戸郡月形町,382-225,141.609015,43.309273
字当別原野,樺戸郡月形町,382-177,141.609026,43.309196
字当別原野,樺戸郡月形町,382-176,141.608884,43.309184
字当別原野,樺戸郡月形町,382-143,141.60902,43.309025
字当別原野,樺戸郡月形町,382-7,141.608735,43.309001
字当別原野,樺戸郡月形町,382-142,141.608881,43.309014
字当別原野,樺戸郡月形町,382-31,141.608905,43.308858
字当別原野,樺戸郡月形町,382-184,141.609045,43.30887
字当別原野,樺戸郡月形町,382-30,141.608759,43.308847
字当別原野,樺戸郡月形町,382-172,141.608435,43.308992
字当別原野,樺戸郡月形町,382-171,141.608514,43.308884
字当別原野,樺戸郡月形町,382-170,141.608465,43.308794
,樺戸郡月形町,305-1,141.608103,43.308755
,樺戸郡月形町,305-15,141.607925,43.308811
,樺戸郡月形町,305-8,141.608226,43.308915
,樺戸郡月形町,305-9,141.608197,43.309113
,樺戸郡月形町,305-10,141.608006,43.309197
,樺戸郡月形町,305-52,141.608069,43.309082
,樺戸郡月形町,305-13,141.607841,43.309063
,樺戸郡月形町,305-53,141.60799,43.30901
,樺戸郡月形町,305-14,141.607987,43.308932
,樺戸郡月形町,305-16,141.607645,43.308873
,樺戸郡月形町,305-23,141.607538,43.308993
,樺戸郡月形町,305-71,141.607377,43.308948
,樺戸郡月形町,305-55,141.607439,43.308914
,樺戸郡月形町,305-56,141.60733,43.308988
,樺戸郡月形町,305-67,141.607309,43.308963
,樺戸郡月形町,305-18,141.607109,43.308947
,樺戸郡月形町,305-69,141.606953,43.309203
,樺戸郡月形町,305-32,141.60685,43.309127
,樺戸郡月形町,305-76,141.606891,43.309276
,樺戸郡月形町,305-59,141.606895,43.309257
,樺戸郡月形町,305-74,141.607139,43.309163
,樺戸郡月形町,305-51,141.607245,43.309184
,樺戸郡月形町,305-50,141.607372,43.309214
,樺戸郡月形町,305-73,141.607255,43.309113
,樺戸郡月形町,305-17,141.607305,43.309111
,樺戸郡月形町,305-36,141.607405,43.309133
,樺戸郡月形町,305-28,141.607451,43.30907
,樺戸郡月形町,305-37,141.607555,43.309165
,樺戸郡月形町,305-49,141.607523,43.309247
,樺戸郡月形町,305-48,141.60741,43.309423
,樺戸郡月形町,305-31,141.607077,43.309324
,樺戸郡月形町,305-46,141.607199,43.309383
,樺戸郡月形町,305-45,141.606977,43.309295
,樺戸郡月形町,305-35,141.606804,43.309368
,樺戸郡月形町,305-34,141.606833,43.309471
,樺戸郡月形町,305-62,141.606736,43.309421
,樺戸郡月形町,305-43,141.607009,43.309458
,樺戸郡月形町,305-44,141.607006,43.3094
,樺戸郡月形町,305-41,141.607106,43.309602
,樺戸郡月形町,305-42,141.607043,43.309518
,樺戸郡月形町,305-33,141.606937,43.309553
,樺戸郡月形町,305-3,141.606807,43.309779
,樺戸郡月形町,305-54,141.607065,43.309806
,樺戸郡月形町,305-30,141.607088,43.309758
,樺戸郡月形町,305-61,141.607068,43.309713
,樺戸郡月形町,305-60,141.607258,43.309802
,樺戸郡月形町,305-39,141.607292,43.309709
,樺戸郡月形町,305-40,141.607204,43.309659
,樺戸郡月形町,305-47,141.607447,43.30957
,樺戸郡月形町,305-29,141.60782,43.309736
,樺戸郡月形町,305-2,141.607579,43.30979
字当別原野,樺戸郡月形町,382-70,141.608252,43.30968
,樺戸郡月形町,305-11,141.608072,43.309476
字当別原野,樺戸郡月形町,382-100,141.608219,43.309936
字当別原野,樺戸郡月形町,240-9,141.607786,43.310089
字当別原野,樺戸郡月形町,240-17,141.60753,43.310061
字当別原野,樺戸郡月形町,240-8,141.607966,43.310349
字当別原野,樺戸郡月形町,240-14,141.607723,43.31027
字当別原野,樺戸郡月形町,240-4,141.607026,43.310439
字当別原野,樺戸郡月形町,240-44,141.607446,43.309963
字当別原野,樺戸郡月形町,240-47,141.607377,43.309916
,樺戸郡月形町,305-38,141.60744,43.30979
字当別原野,樺戸郡月形町,240-26,141.606868,43.309874
字当別原野,樺戸郡月形町,240-25,141.607379,43.309945
字当別原野,樺戸郡月形町,240-41,141.606532,43.310439
字当別原野,樺戸郡月形町,240-36,141.606258,43.310811
字当別原野,樺戸郡月形町,240-49,141.606509,43.31039
字当別原野,樺戸郡月形町,240-34,141.606369,43.310595
字当別原野,樺戸郡月形町,240-35,141.606534,43.310327
字当別原野,樺戸郡月形町,240-29,141.60588,43.310834
,樺戸郡月形町,305-66,141.606652,43.309618
,樺戸郡月形町,305-70,141.606655,43.309605
,樺戸郡月形町,305-4,141.606687,43.309574
,樺戸郡月形町,305-63,141.606644,43.309591
,樺戸郡月形町,305-64,141.6067,43.309518
,樺戸郡月形町,305-65,141.606746,43.309341
,樺戸郡月形町,305-75,141.606767,43.309337
,樺戸郡月形町,305-19,141.607724,43.308699
,樺戸郡月形町,305-58,141.607674,43.308509
,樺戸郡月形町,305-72,141.607672,43.308536
,樺戸郡月形町,305-57,141.607788,43.308421
,樺戸郡月形町,305-20,141.607733,43.308601
,樺戸郡月形町,305-6,141.608053,43.308642
,樺戸郡月形町,305-7,141.608281,43.30866
,樺戸郡月形町,305-5,141.608117,43.308464
,樺戸郡月形町,305-21,141.607805,43.308515
,樺戸郡月形町,305-68,141.607555,43.308617
,樺戸郡月形町,305-22,141.60752,43.308432
字当別,樺戸郡月形町,321-19,141.60868,43.306591
字当別原野,樺戸郡月形町,215-12,141.608795,43.305745
字当別原野,樺戸郡月形町,215-13,141.608792,43.30601
字当別原野,樺戸郡月形町,215-21,141.609134,43.305007
字当別原野,樺戸郡月形町,215-19,141.608984,43.305373
字当別原野,樺戸郡月形町,215-3,141.609839,43.304434
字当別原野,樺戸郡月形町,215-4,141.610628,43.3054
字当別原野,樺戸郡月形町,361-2,141.611403,43.306427
字当別,樺戸郡月形町,321-12,141.610859,43.30712
字当別,樺戸郡月形町,321-11,141.610537,43.307363
字当別,樺戸郡月形町,321-1,141.610256,43.307669
字当別,樺戸郡月形町,321-5,141.610009,43.307045
字当別,樺戸郡月形町,321-20,141.608648,43.306664
字当別,樺戸郡月形町,321-21,141.608628,43.307084
字当別,樺戸郡月形町,321-7,141.608965,43.306924
字当別,樺戸郡月形町,321-24,141.608515,43.307585
字当別,樺戸郡月形町,321-25,141.608554,43.307588
字当別,樺戸郡月形町,321-9,141.608793,43.307604
字当別,樺戸郡月形町,321-4,141.609096,43.307616
字当別,樺戸郡月形町,321-3,141.609535,43.307544
字当別,樺戸郡月形町,321-8,141.608726,43.307853
字当別,樺戸郡月形町,321-22,141.608501,43.30768
字当別,樺戸郡月形町,321-23,141.608507,43.307906
字当別原野,樺戸郡月形町,382-10,141.608948,43.308492
字当別原野,樺戸郡月形町,382-35,141.608806,43.308482
字当別原野,樺戸郡月形町,382-166,141.608514,43.308444
字当別原野,樺戸郡月形町,382-168,141.608493,43.308603
字当別原野,樺戸郡月形町,382-167,141.608502,43.308539
字当別原野,樺戸郡月形町,382-169,141.608416,43.308689
字当別原野,樺戸郡月形町,382-11,141.608783,43.308636
字当別原野,樺戸郡月形町,382-34,141.608911,43.308649
字当別原野,樺戸郡月形町,382-151,141.60905,43.30866
字当別原野,樺戸郡月形町,382-152,141.609203,43.308672
字当別原野,樺戸郡月形町,382-153,141.609344,43.308683
字当別原野,樺戸郡月形町,382-160,141.609371,43.308527
字当別原野,樺戸郡月形町,382-159,141.609228,43.308516
字当別原野,樺戸郡月形町,382-158,141.609088,43.308504
字当別原野,樺戸郡月形町,382-162,141.609653,43.308551
字当別原野,樺戸郡月形町,382-161,141.609512,43.308539
字当別原野,樺戸郡月形町,382-154,141.609484,43.308695
字当別原野,樺戸郡月形町,382-155,141.609628,43.308707
字当別原野,樺戸郡月形町,382-156,141.609767,43.308719
字当別原野,樺戸郡月形町,382-157,141.609905,43.30873
字当別原野,樺戸郡月形町,382-163,141.609799,43.308563
字当別原野,樺戸郡月形町,382-164,141.609953,43.308576
字当別原野,樺戸郡月形町,382-165,141.610094,43.308588
字当別原野,樺戸郡月形町,382-9,141.610056,43.308742
字当別原野,樺戸郡月形町,382-120,141.610369,43.308609
字当別原野,樺戸郡月形町,382-121,141.61051,43.308622
字当別原野,樺戸郡月形町,382-119,141.610224,43.308598
字当別,樺戸郡月形町,321-6,141.609774,43.30797
字当別,樺戸郡月形町,321-14,141.610339,43.308304
字当別,樺戸郡月形町,321-10,141.610639,43.308139
字当別,樺戸郡月形町,321-13,141.610838,43.30771
字当別原野,樺戸郡月形町,382-122,141.610651,43.308633
字当別原野,樺戸郡月形町,382-123,141.610784,43.308644
字当別原野,樺戸郡月形町,382-125,141.611054,43.308666
字当別原野,樺戸郡月形町,382-124,141.610914,43.308655
字当別原野,樺戸郡月形町,382-126,141.611218,43.308679
字当別原野,樺戸郡月形町,382-127,141.611377,43.308693
字当別原野,樺戸郡月形町,382-14,141.611517,43.308704
字当別原野,樺戸郡月形町,382-16,141.611731,43.308651
字当別原野,樺戸郡月形町,382-15,141.611658,43.308716
字当別原野,樺戸郡月形町,418-27,141.61214,43.308487
字当別原野,樺戸郡月形町,418-26,141.612005,43.308504
字当別,樺戸郡月形町,321-2,141.611397,43.308013
字当別,樺戸郡月形町,321-16,141.611908,43.30738
字当別,樺戸郡月形町,321-17,141.611775,43.307819
字当別,樺戸郡月形町,321-18,141.611483,43.307176
字当別原野,樺戸郡月形町,361-10,141.611934,43.306814
字当別原野,樺戸郡月形町,421-10,141.612326,43.306913
字当別原野,樺戸郡月形町,421-8,141.61222,43.307255
字当別原野,樺戸郡月形町,418-18,141.612152,43.307679
字当別原野,樺戸郡月形町,418-19,141.612259,43.307415
字当別原野,樺戸郡月形町,421-4,141.61311,43.306777
字当別原野,樺戸郡月形町,418-22,141.615827,43.308603
字当別原野,樺戸郡月形町,418-23,141.615949,43.308329
字当別原野,樺戸郡月形町,418-11,141.616307,43.308397
字当別原野,樺戸郡月形町,418-29,141.616348,43.308689
字当別原野,樺戸郡月形町,道-7287,141.616673,43.307821
字当別原野,樺戸郡月形町,418-7,141.616517,43.308156
字当別原野,樺戸郡月形町,421-3,141.615026,43.306972
字当別原野,樺戸郡月形町,421-5,141.61451,43.306617
字当別原野,樺戸郡月形町,421-2,141.614889,43.306512
字当別原野,樺戸郡月形町,421-1,141.615405,43.306495
字当別原野,樺戸郡月形町,420-2,141.614613,43.305972
字当別原野,樺戸郡月形町,420-1,141.61559,43.305976
字当別原野,樺戸郡月形町,418-4,141.615853,43.306848
字当別原野,樺戸郡月形町,420-6,141.61536,43.305443
字当別原野,樺戸郡月形町,420-9,141.614834,43.305566
字当別原野,樺戸郡月形町,420-3,141.613808,43.305445
字当別原野,樺戸郡月形町,420-7,141.613894,43.306093
字当別原野,樺戸郡月形町,420-8,141.613943,43.306102
字当別原野,樺戸郡月形町,421-6,141.612745,43.306201
字当別原野,樺戸郡月形町,421-7,141.612475,43.306242
字当別原野,樺戸郡月形町,420-5,141.612717,43.305792
字当別原野,樺戸郡月形町,420-4,141.613261,43.305769
字当別原野,樺戸郡月形町,420-12,141.612388,43.306
字当別原野,樺戸郡月形町,420-16,141.61245,43.305735
字当別原野,樺戸郡月形町,215-11,141.612214,43.305605
字当別原野,樺戸郡月形町,421-11,141.612316,43.306573
字当別原野,樺戸郡月形町,421-13,141.612318,43.306658
字当別原野,樺戸郡月形町,361-9,141.612008,43.3068
字当別原野,樺戸郡月形町,421-12,141.612358,43.306265
字当別原野,樺戸郡月形町,421-9,141.612373,43.306116
字当別原野,樺戸郡月形町,420-15,141.612496,43.305418
字当別原野,樺戸郡月形町,420-11,141.612477,43.30541
字当別原野,樺戸郡月形町,420-14,141.612499,43.305384
字新田,樺戸郡月形町,459-5,141.612314,43.30493
字当別原野,樺戸郡月形町,420-10,141.612588,43.304787
字当別原野,樺戸郡月形町,422-5,141.612642,43.304692
字新田,樺戸郡月形町,459-3,141.611736,43.305015
字新田,樺戸郡月形町,459-1,141.611857,43.304208
字当別原野,樺戸郡月形町,422-4,141.612618,43.304649
字新田,樺戸郡月形町,459-6,141.612352,43.304647
字当別原野,樺戸郡月形町,422-6,141.612714,43.304049
字当別原野,樺戸郡月形町,359-1,141.612393,43.303233
字当別原野,樺戸郡月形町,522-8,141.612851,43.3033
字当別原野,樺戸郡月形町,522-6,141.612867,43.302933
字当別原野,樺戸郡月形町,522-7,141.61288,43.302833
字当別原野,樺戸郡月形町,522-2,141.613231,43.302659
字当別原野,樺戸郡月形町,422-3,141.613324,43.304533
字当別原野,樺戸郡月形町,422-1,141.613974,43.304018
字当別原野,樺戸郡月形町,422-2,141.615191,43.304447
字当別原野,樺戸郡月形町,道-7281,141.616102,43.303797
字篠津原野,樺戸郡月形町,1902,141.615447,43.302879
字当別原野,樺戸郡月形町,522-3,141.613437,43.303228
字当別原野,樺戸郡月形町,522-4,141.613847,43.302688
字篠津原野,樺戸郡月形町,1901-1,141.614833,43.302159
字当別原野,樺戸郡月形町,3613-8,141.614235,43.301774
字当別原野,樺戸郡月形町,3613-5,141.615829,43.300839
字当別原野,樺戸郡月形町,3613-12,141.615844,43.300479
字当別原野,樺戸郡月形町,3613-14,141.615696,43.300442
字当別原野,樺戸郡月形町,3613-11,141.615397,43.301162
字当別原野,樺戸郡月形町,3613-4,141.615197,43.301134
字当別原野,樺戸郡月形町,3613-9,141.614571,43.301594
字当別原野,樺戸郡月形町,3613-3,141.614818,43.301091
字当別原野,樺戸郡月形町,3613-10,141.614987,43.30112
字当別原野,樺戸郡月形町,3612-16,141.612863,43.301277
字当別原野,樺戸郡月形町,3613-2,141.613897,43.301012
字当別原野,樺戸郡月形町,3613-1,141.613944,43.301835
字当別原野,樺戸郡月形町,522-1,141.613309,43.302102
字当別原野,樺戸郡月形町,522-5,141.612966,43.302238
字当別原野,樺戸郡月形町,359-2,141.612453,43.302125
字当別原野,樺戸郡月形町,道-7275,141.61223,43.306056
字当別原野,樺戸郡月形町,359-3,141.611683,43.302095
字当別原野,樺戸郡月形町,3612-3,141.612103,43.301241
字当別原野,樺戸郡月形町,3612-13,141.611467,43.300416
字当別原野,樺戸郡月形町,3612-14,141.612171,43.300792
字当別原野,樺戸郡月形町,3612-15,141.612219,43.300519
字当別原野,樺戸郡月形町,3612-4,141.61234,43.300667
字当別原野,樺戸郡月形町,3612-12,141.611403,43.300527
字当別原野,樺戸郡月形町,3612-2,141.611296,43.300213
字当別原野,樺戸郡月形町,3612-1,141.610993,43.301093
字当別原野,樺戸郡月形町,325-4,141.610707,43.300822
字当別原野,樺戸郡月形町,325-8,141.610337,43.301243
字当別原野,樺戸郡月形町,360-2,141.609769,43.301809
字当別原野,樺戸郡月形町,359-7,141.610646,43.302114
字当別原野,樺戸郡月形町,359-4,141.611187,43.30263
字篠津原野,樺戸郡月形町,1859-1,141.609965,43.302629
字当別原野,樺戸郡月形町,359-6,141.610529,43.303116
字当別原野,樺戸郡月形町,道-7282,141.611441,43.303413
字当別原野,樺戸郡月形町,359-5,141.610899,43.303211
字当別原野,樺戸郡月形町,215-1,141.610836,43.304123
字当別原野,樺戸郡月形町,215-14,141.609208,43.303356
字当別原野,樺戸郡月形町,215-22,141.609375,43.303399
字当別原野,樺戸郡月形町,215-20,141.609274,43.3034
字篠津原野,樺戸郡月形町,1859-2,141.609311,43.302743
,樺戸郡月形町,304-2,141.603926,43.312466
字当別原野,樺戸郡月形町,240-10,141.604875,43.311253
字当別,樺戸郡月形町,322-27,141.605351,43.311388
字当別,樺戸郡月形町,322-26,141.605295,43.311395
字当別,樺戸郡月形町,322-28,141.604997,43.31138
字当別,樺戸郡月形町,322-25,141.605125,43.311375
字当別,樺戸郡月形町,322-6,141.604748,43.311428
字当別,樺戸郡月形町,322-5,141.604637,43.311623
字当別,樺戸郡月形町,322-10,141.604785,43.311834
字当別,樺戸郡月形町,322-9,141.605027,43.31162
字当別,樺戸郡月形町,322-13,141.604977,43.311984
字知来乙,樺戸郡月形町,3587-2,141.605312,43.31259
字当別,樺戸郡月形町,322-8,141.605222,43.312249
,樺戸郡月形町,道-7057,141.604326,43.312419
,樺戸郡月形町,304-1,141.604067,43.312819
字当別,樺戸郡月形町,322-24,141.604567,43.312927
字知来乙,樺戸郡月形町,3587-13,141.604652,43.312926
字当別,樺戸郡月形町,322-19,141.604886,43.312741
字当別原野,樺戸郡月形町,322-2,141.604721,43.312427
字当別,樺戸郡月形町,322-22,141.605319,43.312494
字知来乙,樺戸郡月形町,3587-9,141.605298,43.312669
字知来乙,樺戸郡月形町,3587-14,141.604997,43.312764
字知来乙,樺戸郡月形町,3587-16,141.605151,43.312935
字知来乙,樺戸郡月形町,3586-3,141.605091,43.313787
字知来乙,樺戸郡月形町,3586-9,141.604525,43.31347
字当別原野,樺戸郡月形町,556-22,141.604326,43.313448
字当別原野,樺戸郡月形町,357-4,141.603913,43.313562
字当別原野,樺戸郡月形町,556-21,141.604378,43.313143
,樺戸郡月形町,道-7082,141.603929,43.312979
字当別原野,樺戸郡月形町,357-7,141.603798,43.313279
字当別原野,樺戸郡月形町,長狭物不明-7147,141.602973,43.313834
字当別原野,樺戸郡月形町,357-12,141.603688,43.313839
字当別原野,樺戸郡月形町,357-9,141.603589,43.314126
字当別原野,樺戸郡月形町,357-1,141.602987,43.31443
字当別原野,樺戸郡月形町,357-10,141.603254,43.3145
字当別原野,樺戸郡月形町,357-11,141.603642,43.314516
字当別原野,樺戸郡月形町,556-15,141.604473,43.3145
字知来乙,樺戸郡月形町,3586-7,141.605735,43.314438
字当別原野,樺戸郡月形町,556-1,141.604516,43.315309
字当別原野,樺戸郡月形町,道-7286,141.604083,43.314112
字知来乙,樺戸郡月形町,3585-5,141.604517,43.315956
字知来乙,樺戸郡月形町,3585-3,141.604959,43.316042
字知来乙,樺戸郡月形町,3585-6,141.605238,43.316313
字知来乙,樺戸郡月形町,3588-9,141.60518,43.316527
字知来乙,樺戸郡月形町,3588-8,141.605096,43.317087
字知来乙,樺戸郡月形町,3585-2,141.604507,43.316883
字知来乙,樺戸郡月形町,道-197,141.604966,43.317714
字当別原野,樺戸郡月形町,556-2,141.604009,43.316718
字知来乙,樺戸郡月形町,3585-1,141.604097,43.316175
字当別原野,樺戸郡月形町,無地番-7069,141.603875,43.316331
字当別原野,樺戸郡月形町,556-8,141.603815,43.316848
,樺戸郡月形町,303-8,141.603558,43.316815
字知来乙,樺戸郡月形町,379-5,141.602565,43.316731
字知来乙,樺戸郡月形町,3584-1,141.602503,43.315907
字知来乙,樺戸郡月形町,3584-2,141.603166,43.315784
字知来乙,樺戸郡月形町,3584-5,141.603689,43.315772
字知来乙,樺戸郡月形町,3584-4,141.603635,43.316281
字知来乙,樺戸郡月形町,3584-3,141.603443,43.315016
,樺戸郡月形町,303-1,141.602126,43.315897
,樺戸郡月形町,長狭物不明-7002,141.602209,43.314972
字知来乙,樺戸郡月形町,378-5,141.602129,43.316515
字知来乙,樺戸郡月形町,378-3,141.602318,43.316917
