A45_021,A45_004,A45_010,A45_026,A45_014,A45_031,A45_015,A45_007,A45_018,A45_030,A45_027,A45_028,A45_009,A45_029,center_lng,center_lat
イタヤカエデ,2459,か,水源涵養,栗山町,None,他Ｌ,0,トドマツ,None,1.09,水涵保,空知,None,141.939924,42.996577
None,2459,ら,水源涵養,栗山町,None,トドマツ,0,None,None,0.45,水涵保,空知,None,141.941353,42.99598
イタヤカエデ,2459,い,水源涵養,栗山町,None,他Ｌ,2,トドマツ,None,15.29,水涵保,空知,None,141.940018,42.991205
イタヤカエデ,2459,な,水源涵養,栗山町,None,他Ｌ,0,トドマツ,None,0.3,水涵保,空知,None,141.939449,42.99603
イタヤカエデ,2459,つ,水源涵養,栗山町,None,他Ｌ,0,トドマツ,None,2.44,水涵保,空知,None,141.938232,42.994766
イタヤカエデ,2459,よ,水源涵養,栗山町,None,他Ｌ,0,トドマツ,None,2.75,水涵保,空知,None,141.934736,42.996151
イタヤカエデ,2459,そ,水源涵養,栗山町,None,他Ｌ,0,トドマツ,None,2.01,水涵保,空知,None,141.935127,42.995279
None,2437,ろ,水源涵養,栗山町,None,トドマツ,0,None,None,4.23,水涵保,空知,None,141.909829,43.032605
トドマツ,2437,い,水源涵養,栗山町,None,他Ｌ,0,シナノキ,None,5.63,水涵保,空知,None,141.9074,43.033214
None,2437,ち,水源涵養,栗山町,None,トドマツ,0,None,None,2.02,水涵保,空知,None,141.903842,43.03321
None,2437,へ,水源涵養,栗山町,None,トドマツ,0,None,None,2.12,水涵保,空知,None,141.902746,43.032607
None,2437,と,水源涵養,栗山町,None,トドマツ,0,None,None,4.52,水涵保,空知,None,141.908246,43.031608
None,2437,は,水源涵養,栗山町,None,ストローブマツ,0,None,None,14.24,水涵保,空知,None,141.909435,43.029833
None,2437,に,水源涵養,栗山町,None,ストローブマツ,0,None,None,12.0,水涵保,空知,None,141.91004,43.02789
シナノキ,2437,り,水源涵養,栗山町,None,他Ｌ,0,トドマツ,None,5.75,水涵保,空知,None,141.904932,43.034268
None,2439,ほ,水源涵養,栗山町,None,ヤチダモ,0,None,None,3.02,水涵保,空知,None,141.911463,43.021748
None,2439,か,水源涵養,栗山町,None,トドマツ,0,None,None,1.7,水涵保,空知,None,141.909539,43.021002
None,2439,へ,水源涵養,栗山町,None,カラマツ,0,None,None,9.19,水涵保,空知,None,141.909858,43.019627
None,2439,イ,水源涵養,栗山町,None,None,0,None,None,0.01,None,空知,None,141.909936,43.016852
None,2439,ろ,水源涵養,栗山町,None,カラマツ,0,None,None,13.34,水涵保,空知,None,141.907762,43.017703
None,2439,に,水源涵養,栗山町,None,トドマツ,0,トドマツ,None,8.99,水涵保,空知,None,141.904576,43.016823
トドマツ,2458,い,水源涵養,栗山町,None,他Ｌ,2,イタヤカエデ,None,10.8,水涵保,空知,None,141.930816,42.995116
イタヤカエデ,2458,い,水源涵養,栗山町,None,他Ｌ,1,トドマツ,None,32.7,水涵保,空知,None,141.929384,42.995056
None,2439,る,水源涵養,栗山町,None,ストローブマツ,0,None,None,0.6,水涵保,空知,None,141.90793,43.016107
None,2439,わ,水源涵養,栗山町,None,トドマツ,0,None,None,0.29,水涵保,空知,None,141.906889,43.014358
None,2439,ぬ,水源涵養,栗山町,None,ストローブマツ,0,None,None,0.17,水涵保,空知,None,141.906334,43.014273
イタヤカエデ,2442,い,水源涵養,栗山町,None,トドマツ,0,他Ｌ,None,17.62,水涵保,空知,None,141.908941,43.011956
None,2442,へ,水源涵養,栗山町,None,トドマツ,0,None,None,2.85,水涵保,空知,None,141.907936,43.013347
イタヤカエデ,2442,い,水源涵養,栗山町,None,トドマツ,0,他Ｌ,None,17.62,水涵保,空知,None,141.908105,43.012329
None,2439,ち,水源涵養,栗山町,None,カラマツ,0,None,None,3.64,水涵保,空知,None,141.907017,43.015129
None,2439,り,水源涵養,栗山町,None,ストローブマツ,0,None,None,3.34,水涵保,空知,None,141.904131,43.014279
None,2442,へ,水源涵養,栗山町,None,トドマツ,0,None,None,2.85,水涵保,空知,None,141.906234,43.012366
シナノキ,2442,た,水源涵養,栗山町,None,トドマツ,0,他Ｌ,None,5.31,水涵保,空知,None,141.903348,43.012713
イタヤカエデ,2442,い,水源涵養,栗山町,None,トドマツ,0,他Ｌ,None,17.62,水涵保,空知,None,141.905263,43.011327
None,2442,ホ,水源涵養,栗山町,None,None,1,None,None,0.24,None,空知,None,141.904388,43.012431
None,2442,イ,水源涵養,栗山町,None,None,0,None,None,0.65,None,空知,None,141.908771,43.008612
シナノキ,2442,よ,水源涵養,栗山町,None,トドマツ,0,他Ｌ,None,17.76,水涵保,空知,None,141.90738,43.010085
None,2442,ち,水源涵養,栗山町,None,トドマツ,0,None,None,4.14,水涵保,空知,None,141.908367,43.007618
None,2442,ろ,水源涵養,栗山町,None,トドマツ,0,None,None,3.5,水涵保,空知,None,141.906386,43.008573
None,2442,り,水源涵養,栗山町,None,トドマツ,0,None,None,0.84,水涵保,空知,None,141.907225,43.007291
None,2442,り,水源涵養,栗山町,None,トドマツ,0,None,None,0.84,水涵保,空知,None,141.906489,43.007077
シナノキ,2442,か,水源涵養,栗山町,None,トドマツ,0,他Ｌ,None,3.4,水涵保,空知,None,141.90836,43.005834
None,2442,は,水源涵養,栗山町,None,トドマツ,0,None,None,0.97,水涵保,空知,None,141.907038,43.006643
None,2442,は,水源涵養,栗山町,None,トドマツ,0,None,None,0.97,水涵保,空知,None,141.906379,43.006425
シナノキ,2442,か,水源涵養,栗山町,None,トドマツ,0,他Ｌ,None,3.4,水涵保,空知,None,141.907184,43.005682
None,2442,ち,水源涵養,栗山町,None,トドマツ,0,None,None,4.14,水涵保,空知,None,141.905483,43.008487
None,2442,ち,水源涵養,栗山町,None,トドマツ,0,None,None,4.14,水涵保,空知,None,141.905185,43.008994
シナノキ,2443,い,水源涵養,栗山町,None,トドマツ,1,他Ｌ,None,1.69,水涵保,空知,None,141.905031,43.008756
シナノキ,2443,い,水源涵養,栗山町,None,他Ｌ,2,トドマツ,None,1.73,水涵保,空知,None,141.903341,43.010466
None,2443,ニ,水源涵養,栗山町,None,None,0,None,None,0.04,水涵保,空知,None,141.902749,43.009819
None,2443,よ,水源涵養,栗山町,None,トドマツ,0,None,None,5.29,水涵保,空知,None,141.904038,43.008783
None,2443,ハ,水源涵養,栗山町,None,None,0,None,None,0.38,水涵保,空知,None,141.903115,43.009326
None,2443,イ,水源涵養,栗山町,None,None,0,None,None,2.16,None,空知,None,141.900052,43.009779
None,2442,ろ,水源涵養,栗山町,None,トドマツ,0,None,None,3.5,水涵保,空知,None,141.905552,43.007753
イタヤカエデ,2442,い,水源涵養,栗山町,None,トドマツ,0,他Ｌ,None,17.62,水涵保,空知,None,141.905656,43.007221
シナノキ,2443,い,水源涵養,栗山町,None,トドマツ,1,他Ｌ,None,1.69,水涵保,空知,None,141.904734,43.007727
None,2445,ハ,水源涵養,栗山町,None,None,0,None,None,1.33,水涵保,空知,None,141.905223,43.007004
None,2445,ロ,水源涵養,栗山町,None,None,0,None,None,0.04,水涵保,空知,None,141.905343,43.007033
None,2443,ハ,水源涵養,栗山町,None,None,0,None,None,0.38,水涵保,空知,None,141.905168,43.00711
None,2443,ニ,水源涵養,栗山町,None,None,0,None,None,0.04,水涵保,空知,None,141.905294,43.007139
シナノキ,2443,い,水源涵養,栗山町,None,トドマツ,1,他Ｌ,None,1.69,水涵保,空知,None,141.904268,43.00732
None,2442,ハ,水源涵養,栗山町,None,None,0,None,None,1.08,水涵保,空知,None,141.905741,43.006423
イタヤカエデ,2442,い,水源涵養,栗山町,None,トドマツ,0,他Ｌ,None,17.62,水涵保,空知,None,141.906447,43.00596
None,2445,へ,水源涵養,栗山町,None,トドマツ,0,None,None,2.0,水涵保,空知,None,141.905123,43.006582
None,2443,ロ,水源涵養,栗山町,None,None,0,None,None,0.75,None,空知,None,141.904299,43.007688
None,2443,ち,水源涵養,栗山町,None,トドマツ,0,None,None,4.98,水涵保,空知,None,141.903629,43.007091
シナノキ,2445,い,水源涵養,栗山町,None,トドマツ,0,他Ｌ,None,13.32,水涵保,空知,None,141.90425,43.006799
イタヤカエデ,2442,い,水源涵養,栗山町,None,トドマツ,0,他Ｌ,None,17.62,水涵保,空知,None,141.913053,43.001634
None,2442,と,水源涵養,栗山町,None,トドマツ,0,None,None,5.98,水涵保,空知,None,141.911988,43.001062
シナノキ,2449,へ,水源涵養,栗山町,None,トドマツ,0,他Ｌ,None,13.2,水涵保,空知,None,141.915486,42.995171
シナノキ,2449,と,水源涵養,栗山町,None,トドマツ,0,他Ｌ,None,11.73,水涵保,空知,None,141.911953,42.998276
None,2449,は,水源涵養,栗山町,None,トドマツ,0,None,None,2.09,水涵保,空知,None,141.91368,42.996975
None,2449,ハ,水源涵養,栗山町,None,None,0,None,None,0.05,水涵保,空知,None,141.910375,42.996938
None,2449,ロ,水源涵養,栗山町,None,None,0,None,None,0.95,水涵保,空知,None,141.91047,42.996429
ミズナラ,2449,ち,水源涵養,栗山町,None,トドマツ,0,他Ｌ,None,6.02,水涵保,空知,None,141.910736,42.996044
None,2442,イ,水源涵養,栗山町,None,None,0,None,None,0.65,None,空知,None,141.908039,43.004828
シナノキ,2442,わ,水源涵養,栗山町,None,トドマツ,0,他Ｌ,None,3.17,水涵保,空知,None,141.910255,43.002943
イタヤカエデ,2442,い,水源涵養,栗山町,None,トドマツ,0,他Ｌ,None,17.62,水涵保,空知,None,141.908978,43.004644
None,2442,ぬ,水源涵養,栗山町,None,トドマツ,0,None,None,0.57,水涵保,空知,None,141.908622,43.004011
None,2442,に,水源涵養,栗山町,None,トドマツ,0,None,None,0.42,水涵保,空知,None,141.907519,43.004916
None,2442,ハ,水源涵養,栗山町,None,None,0,None,None,1.08,水涵保,空知,None,141.906767,43.004946
None,2442,ぬ,水源涵養,栗山町,None,トドマツ,0,None,None,0.57,水涵保,空知,None,141.907952,43.003743
イタヤカエデ,2442,い,水源涵養,栗山町,None,トドマツ,0,他Ｌ,None,17.62,水涵保,空知,None,141.908331,43.003151
None,2445,ハ,水源涵養,栗山町,None,None,0,None,None,1.33,水涵保,空知,None,141.907126,43.003898
None,2445,ロ,水源涵養,栗山町,None,None,0,None,None,0.04,水涵保,空知,None,141.907218,43.003827
None,2442,ニ,水源涵養,栗山町,None,None,0,None,None,0.07,水涵保,空知,None,141.907272,43.003876
None,2442,ハ,水源涵養,栗山町,None,None,0,None,None,1.08,水涵保,空知,None,141.907364,43.003808
シナノキ,2445,い,水源涵養,栗山町,None,トドマツ,0,他Ｌ,None,13.32,水涵保,空知,None,141.907111,43.002231
シナノキ,2442,わ,水源涵養,栗山町,None,トドマツ,0,他Ｌ,None,3.17,水涵保,空知,None,141.909946,43.002017
None,2442,る,水源涵養,栗山町,None,トドマツ,0,None,None,0.7,水涵保,空知,None,141.909344,43.00231
None,2442,る,水源涵養,栗山町,None,トドマツ,0,None,None,0.7,水涵保,空知,None,141.909311,43.001926
None,2442,れ,水源涵養,栗山町,None,トドマツ,0,None,None,1.49,水涵保,空知,None,141.910185,43.000641
None,2442,ハ,水源涵養,栗山町,None,None,0,None,None,1.08,水涵保,空知,None,141.908717,43.001511
None,2442,ニ,水源涵養,栗山町,None,None,0,None,None,0.07,水涵保,空知,None,141.908769,43.001262
None,2445,ハ,水源涵養,栗山町,None,None,0,None,None,1.33,水涵保,空知,None,141.908466,43.001562
None,2445,ハ,水源涵養,栗山町,None,None,0,None,None,1.33,水涵保,空知,None,141.909252,43.000185
None,2442,ハ,水源涵養,栗山町,None,None,0,None,None,1.08,水涵保,空知,None,141.908106,43.002612
None,2445,ハ,水源涵養,栗山町,None,None,0,None,None,1.33,水涵保,空知,None,141.907722,43.002916
None,2445,ち,水源涵養,栗山町,None,トドマツ,0,None,None,1.08,水涵保,空知,None,141.906804,43.0028
None,2445,り,水源涵養,栗山町,None,トドマツ,0,None,None,2.95,水涵保,空知,None,141.908126,43.001126
シナノキ,2445,た,水源涵養,栗山町,None,トドマツ,0,他Ｌ,None,3.85,水涵保,空知,None,141.907631,43.000529
None,2445,ハ,水源涵養,栗山町,None,None,0,None,None,1.33,水涵保,空知,None,141.906214,43.005532
シナノキ,2445,か,水源涵養,栗山町,None,トドマツ,0,他Ｌ,None,1.05,水涵保,空知,None,141.905388,43.005604
None,2445,と,水源涵養,栗山町,None,トドマツ,0,None,None,1.57,水涵保,空知,None,141.906735,43.004033
シナノキ,2445,い,水源涵養,栗山町,None,トドマツ,0,他Ｌ,None,13.32,水涵保,空知,None,141.903363,43.003859
None,2445,イ,水源涵養,栗山町,None,None,0,None,None,2.95,None,空知,None,141.907734,42.999934
シナノキ,2445,た,水源涵養,栗山町,None,トドマツ,0,他Ｌ,None,3.85,水涵保,空知,None,141.905243,43.001178
シナノキ,2445,る,水源涵養,栗山町,None,トドマツ,0,他Ｌ,None,9.45,水涵保,空知,None,141.902776,43.001847
イタヤカエデ,2442,い,水源涵養,栗山町,None,トドマツ,0,他Ｌ,None,17.62,水涵保,空知,None,141.910146,42.999672
None,2442,ハ,水源涵養,栗山町,None,None,0,None,None,1.08,水涵保,空知,None,141.909577,42.999824
None,2442,り,水源涵養,栗山町,None,トドマツ,0,None,None,0.84,水涵保,空知,None,141.909411,42.999646
None,2449,ハ,水源涵養,栗山町,None,None,0,None,None,0.05,水涵保,空知,None,141.90981,42.999364
None,2442,ニ,水源涵養,栗山町,None,None,0,None,None,0.07,水涵保,空知,None,141.90991,42.99945
シナノキ,2449,い,水源涵養,栗山町,None,トドマツ,0,他Ｌ,None,14.16,水涵保,空知,None,141.909539,42.999342
None,2449,ろ,水源涵養,栗山町,None,トドマツ,0,None,None,16.9,水涵保,空知,None,141.909074,42.99881
None,2449,ロ,水源涵養,栗山町,None,None,0,None,None,0.95,水涵保,空知,None,141.909945,42.998716
シナノキ,2449,い,水源涵養,栗山町,None,トドマツ,0,他Ｌ,None,14.16,水涵保,空知,None,141.907489,42.999012
None,2445,に,水源涵養,栗山町,None,トドマツ,0,None,None,6.97,水涵保,空知,None,141.906997,42.999301
シナノキ,2449,い,水源涵養,栗山町,None,トドマツ,0,他Ｌ,None,14.16,水涵保,空知,None,141.908221,42.997729
None,2449,ろ,水源涵養,栗山町,None,トドマツ,0,None,None,16.9,水涵保,空知,None,141.90985,42.997511
シナノキ,2449,い,水源涵養,栗山町,None,トドマツ,0,他Ｌ,None,14.16,水涵保,空知,None,141.90982,42.996367
None,2449,イ,水源涵養,栗山町,None,None,0,None,None,2.79,None,空知,None,141.908938,42.996973
シナノキ,2449,い,水源涵養,栗山町,None,トドマツ,0,他Ｌ,None,14.16,水涵保,空知,None,141.906541,42.996511
シナノキ,2449,い,水源涵養,栗山町,None,トドマツ,0,他Ｌ,None,14.16,水涵保,空知,None,141.906995,42.994926
シナノキ,2449,い,水源涵養,栗山町,None,トドマツ,0,他Ｌ,None,14.16,水涵保,空知,None,141.906282,42.998909
シナノキ,2449,い,水源涵養,栗山町,None,トドマツ,0,他Ｌ,None,14.16,水涵保,空知,None,141.905791,42.998413
None,2449,ろ,水源涵養,栗山町,None,トドマツ,0,None,None,16.9,水涵保,空知,None,141.905564,42.996927
トドマツ,2437,い,水源涵養,栗山町,None,他Ｌ,0,シナノキ,None,5.63,水涵保,空知,None,141.902016,43.032709
None,2437,ほ,水源涵養,栗山町,None,ストローブマツ,0,None,None,9.0,水涵保,空知,None,141.901268,43.031617
None,2439,か,水源涵養,栗山町,None,トドマツ,0,None,None,1.7,水涵保,空知,None,141.905784,43.01864
None,2439,ろ,水源涵養,栗山町,None,カラマツ,0,None,None,13.34,水涵保,空知,None,141.900428,43.016129
None,2439,い,水源涵養,栗山町,None,カラマツ,0,None,None,1.14,水涵保,空知,None,141.899251,43.016597
None,2441,り,水源涵養,栗山町,None,トドマツ,0,None,None,3.49,水涵保,空知,None,141.898285,43.016751
None,2441,ハ,水源涵養,栗山町,None,None,0,None,None,0.07,None,空知,None,141.898528,43.016417
None,2441,ホ,水源涵養,栗山町,None,None,0,None,None,0.74,水涵保,空知,None,141.896432,43.016442
None,2441,ニ,水源涵養,栗山町,None,None,0,None,None,0.07,水涵保,空知,None,141.895931,43.016885
None,2441,ろ,水源涵養,栗山町,None,カラマツ,0,None,None,2.0,水涵保,空知,None,141.891375,43.016453
None,2439,と,水源涵養,栗山町,None,カラマツ,0,None,None,0.62,水涵保,空知,None,141.901477,43.01531
None,2439,は,水源涵養,栗山町,None,カラマツ,0,None,None,2.9,水涵保,空知,None,141.902625,43.014401
None,2441,つ,水源涵養,栗山町,None,トドマツ,0,None,None,5.75,水涵保,空知,None,141.901699,43.014142
None,2441,ハ,水源涵養,栗山町,None,None,0,None,None,0.07,None,空知,None,141.90085,43.01437
イタヤカエデ,2441,か,水源涵養,栗山町,None,他Ｌ,0,トドマツ,None,5.1,水涵保,空知,None,141.899553,43.015197
トドマツ,2441,い,水源涵養,栗山町,None,他Ｌ,1,イタヤカエデ,None,3.41,水涵保,空知,None,141.898761,43.016098
None,2441,ぬ,水源涵養,栗山町,None,トドマツ,0,None,None,2.32,水涵保,空知,None,141.899356,43.015436
イタヤカエデ,2441,か,水源涵養,栗山町,None,他Ｌ,0,トドマツ,None,5.1,水涵保,空知,None,141.898133,43.013989
None,2441,つ,水源涵養,栗山町,None,トドマツ,0,None,None,5.75,水涵保,空知,None,141.90123,43.01248
シナノキ,2442,た,水源涵養,栗山町,None,トドマツ,0,他Ｌ,None,5.31,水涵保,空知,None,141.901989,43.011968
None,2441,ホ,水源涵養,栗山町,None,None,0,None,None,0.74,水涵保,空知,None,141.900569,43.012068
None,2442,ハ,水源涵養,栗山町,None,None,0,None,None,1.08,水涵保,空知,None,141.900924,43.011851
None,2442,ハ,水源涵養,栗山町,None,None,0,None,None,1.08,水涵保,空知,None,141.900682,43.011573
None,2442,ロ,水源涵養,栗山町,None,None,0,None,None,0.34,None,空知,None,141.900584,43.011547
イタヤカエデ,2442,い,水源涵養,栗山町,None,トドマツ,0,他Ｌ,None,17.62,水涵保,空知,None,141.901381,43.011138
イタヤカエデ,2441,よ,水源涵養,栗山町,None,他Ｌ,0,トドマツ,None,1.37,水涵保,空知,None,141.900555,43.013112
None,2441,ホ,水源涵養,栗山町,None,None,0,None,None,0.74,水涵保,空知,None,141.899675,43.013153
None,2441,ニ,水源涵養,栗山町,None,None,0,None,None,0.07,水涵保,空知,None,141.899565,43.013148
None,2441,ほ,水源涵養,栗山町,None,トドマツ,0,None,None,1.13,水涵保,空知,None,141.899336,43.012377
トドマツ,2441,い,水源涵養,栗山町,None,他Ｌ,1,イタヤカエデ,None,3.41,水涵保,空知,None,141.90004,43.011817
None,2441,わ,水源涵養,栗山町,None,トドマツ,0,None,None,0.08,水涵保,空知,None,141.899682,43.011611
None,2442,ほ,水源涵養,栗山町,None,トドマツ,0,None,None,0.86,水涵保,空知,None,141.900133,43.011148
None,2441,ぬ,水源涵養,栗山町,None,トドマツ,0,None,None,2.32,水涵保,空知,None,141.898553,43.015285
トドマツ,2441,い,水源涵養,栗山町,None,他Ｌ,1,イタヤカエデ,None,3.41,水涵保,空知,None,141.897106,43.015297
None,2441,ホ,水源涵養,栗山町,None,None,0,None,None,0.74,水涵保,空知,None,141.898192,43.014774
None,2441,ニ,水源涵養,栗山町,None,None,0,None,None,0.07,水涵保,空知,None,141.898089,43.014686
None,2441,り,水源涵養,栗山町,None,トドマツ,0,None,None,3.49,水涵保,空知,None,141.896132,43.015652
None,2441,は,水源涵養,栗山町,None,トドマツ,0,None,None,3.83,水涵保,空知,None,141.896843,43.013642
トドマツ,2441,い,水源涵養,栗山町,None,他Ｌ,2,イタヤカエデ,None,0.43,水涵保,空知,None,141.894859,43.014882
None,2441,つ,水源涵養,栗山町,None,トドマツ,0,None,None,5.75,水涵保,空知,None,141.898858,43.013165
None,2441,ロ,水源涵養,栗山町,None,None,0,None,None,0.28,None,空知,None,141.900199,43.012509
トドマツ,2441,い,水源涵養,栗山町,None,他Ｌ,1,イタヤカエデ,None,3.41,水涵保,空知,None,141.898543,43.012397
イタヤカエデ,2441,た,水源涵養,栗山町,None,トドマツ,0,他Ｌ,None,0.54,水涵保,空知,None,141.897942,43.012344
イタヤカエデ,2441,た,水源涵養,栗山町,None,トドマツ,0,他Ｌ,None,0.54,水涵保,空知,None,141.89728,43.012647
None,2441,ほ,水源涵養,栗山町,None,トドマツ,0,None,None,1.13,水涵保,空知,None,141.898789,43.011681
トドマツ,2441,い,水源涵養,栗山町,None,他Ｌ,1,イタヤカエデ,None,3.41,水涵保,空知,None,141.898106,43.012068
None,2441,ハ,水源涵養,栗山町,None,None,0,None,None,0.07,None,空知,None,141.898059,43.01189
トドマツ,2441,い,水源涵養,栗山町,None,他Ｌ,1,イタヤカエデ,None,3.41,水涵保,空知,None,141.897858,43.011952
None,2443,た,水源涵養,栗山町,None,トドマツ,0,None,None,1.41,水涵保,空知,None,141.89693,43.01189
None,2443,た,水源涵養,栗山町,None,トドマツ,0,None,None,1.41,水涵保,空知,None,141.896198,43.011383
None,2443,る,水源涵養,栗山町,None,トドマツ,0,None,None,0.95,水涵保,空知,None,141.895201,43.012799
None,2443,る,水源涵養,栗山町,None,トドマツ,0,None,None,0.95,水涵保,空知,None,141.895171,43.012289
None,2443,ろ,水源涵養,栗山町,None,ヤチダモ,0,None,None,0.18,水涵保,空知,None,141.894737,43.012855
None,2443,る,水源涵養,栗山町,None,トドマツ,0,None,None,0.95,水涵保,空知,None,141.89607,43.012176
シナノキ,2443,ぬ,水源涵養,栗山町,None,トドマツ,0,他Ｌ,None,16.91,水涵保,空知,None,141.89589,43.011764
None,2443,た,水源涵養,栗山町,None,トドマツ,0,None,None,1.41,水涵保,空知,None,141.895389,43.011268
シナノキ,2443,ぬ,水源涵養,栗山町,None,トドマツ,0,他Ｌ,None,16.91,水涵保,空知,None,141.90232,43.008991
シナノキ,2443,い,水源涵養,栗山町,None,他Ｌ,2,トドマツ,None,1.73,水涵保,空知,None,141.899815,43.010629
シナノキ,2443,ぬ,水源涵養,栗山町,None,トドマツ,0,他Ｌ,None,16.91,水涵保,空知,None,141.90063,43.009809
シナノキ,2443,ぬ,水源涵養,栗山町,None,トドマツ,0,他Ｌ,None,16.91,水涵保,空知,None,141.899123,43.00935
None,2443,ほ,水源涵養,栗山町,None,ヤチダモ,0,None,None,1.06,水涵保,空知,None,141.901744,43.007226
None,2443,ち,水源涵養,栗山町,None,トドマツ,0,None,None,4.98,水涵保,空知,None,141.900718,43.006746
None,2443,に,水源涵養,栗山町,None,ヤチダモ,0,None,None,1.65,水涵保,空知,None,141.899319,43.006398
None,2443,わ,水源涵養,栗山町,None,トドマツ,0,None,None,1.56,水涵保,空知,None,141.898448,43.010489
None,2443,は,水源涵養,栗山町,None,ヤチダモ,0,None,None,0.33,水涵保,空知,None,141.896801,43.010496
None,2443,ロ,水源涵養,栗山町,None,None,0,None,None,0.75,None,空知,None,141.896476,43.009852
None,2443,わ,水源涵養,栗山町,None,トドマツ,0,None,None,1.56,水涵保,空知,None,141.896104,43.009916
None,2443,か,水源涵養,栗山町,None,トドマツ,0,None,None,2.12,水涵保,空知,None,141.897602,43.006892
None,2443,へ,水源涵養,栗山町,None,カラマツ,0,None,None,5.27,水涵保,空知,None,141.895564,43.007983
None,2443,と,水源涵養,栗山町,None,カラマツ,0,None,None,1.0,水涵保,空知,None,141.896198,43.006466
None,2441,へ,水源涵養,栗山町,None,トドマツ,0,None,None,1.17,水涵保,空知,None,141.894717,43.015955
None,2441,と,水源涵養,栗山町,None,トドマツ,0,None,None,0.48,水涵保,空知,None,141.893585,43.015738
None,2441,は,水源涵養,栗山町,None,トドマツ,0,None,None,3.83,水涵保,空知,None,141.893979,43.014861
None,2441,る,水源涵養,栗山町,None,トドマツ,0,None,None,3.3,水涵保,空知,None,141.892252,43.01468
シナノキ,2443,ぬ,水源涵養,栗山町,None,トドマツ,0,他Ｌ,None,16.91,水涵保,空知,None,141.893884,43.012509
None,2441,イ,水源涵養,栗山町,None,None,0,None,None,9.73,None,空知,None,141.889465,43.012883
他Ｌ,2441,そ,水源涵養,栗山町,None,カンバ,0,トドマツ,None,3.08,水涵保,空知,None,141.89033,43.015888
None,2441,ち,水源涵養,栗山町,None,トドマツ,0,None,None,0.67,水涵保,空知,None,141.889897,43.015221
他Ｌ,2441,そ,水源涵養,栗山町,None,カンバ,0,トドマツ,None,3.08,水涵保,空知,None,141.889254,43.015062
トドマツ,2441,い,水源涵養,栗山町,None,他Ｌ,1,イタヤカエデ,None,3.41,水涵保,空知,None,141.890848,43.013987
None,2441,れ,水源涵養,栗山町,None,カンバ,0,None,None,0.56,None,空知,None,141.888786,43.013778
他Ｌ,2441,そ,水源涵養,栗山町,None,カンバ,0,トドマツ,None,3.08,水涵保,空知,None,141.889787,43.014772
None,2441,に,水源涵養,栗山町,None,トドマツ,0,None,None,3.82,水涵保,空知,None,141.889237,43.015724
シナノキ,2443,り,水源涵養,栗山町,None,トドマツ,0,他Ｌ,None,0.65,水涵保,空知,None,141.892853,43.012591
None,2445,へ,水源涵養,栗山町,None,トドマツ,0,None,None,2.0,水涵保,空知,None,141.90274,43.005042
シナノキ,2445,わ,水源涵養,栗山町,None,トドマツ,0,他Ｌ,None,3.36,水涵保,空知,None,141.900577,43.005416
シナノキ,2445,よ,水源涵養,栗山町,None,トドマツ,0,他Ｌ,None,0.29,水涵保,空知,None,141.900882,43.00292
None,2445,は,水源涵養,栗山町,None,カラマツ,0,None,None,4.84,水涵保,空知,None,141.898988,43.00475
None,2445,ろ,水源涵養,栗山町,None,カラマツ,0,None,None,0.3,水涵保,空知,None,141.900012,43.003844
None,2445,ぬ,水源涵養,栗山町,None,トドマツ,0,None,None,0.22,水涵保,空知,None,141.899688,43.003576
シナノキ,2445,い,水源涵養,栗山町,None,トドマツ,0,他Ｌ,None,13.32,水涵保,空知,None,141.900462,43.003209
None,2446,り,水源涵養,栗山町,None,トドマツ,0,None,None,1.47,水涵保,空知,None,141.899503,43.003124
シナノキ,2445,い,水源涵養,栗山町,None,トドマツ,0,他Ｌ,None,13.32,水涵保,空知,None,141.900934,43.002384
None,2445,に,水源涵養,栗山町,None,トドマツ,0,None,None,6.97,水涵保,空知,None,141.902569,42.99984
シナノキ,2445,る,水源涵養,栗山町,None,トドマツ,0,他Ｌ,None,9.45,水涵保,空知,None,141.900472,43.002694
None,2446,は,水源涵養,栗山町,None,カラマツ,0,None,None,2.0,水涵保,空知,None,141.900389,43.000703
None,2446,と,水源涵養,栗山町,None,カラマツ,0,None,None,1.25,水涵保,空知,None,141.898163,43.000998
シナノキ,2445,ほ,水源涵養,栗山町,None,トドマツ,0,イタヤカエデ,None,0.7,水涵保,空知,None,141.898053,43.005435
None,2446,り,水源涵養,栗山町,None,トドマツ,0,None,None,1.47,水涵保,空知,None,141.897676,43.003292
None,2446,ろ,水源涵養,栗山町,None,カラマツ,0,None,None,5.01,水涵保,空知,None,141.899211,43.002179
None,2446,り,水源涵養,栗山町,None,トドマツ,0,None,None,1.47,水涵保,空知,None,141.897684,43.002453
None,2446,に,水源涵養,栗山町,None,トドマツ,0,None,None,0.81,水涵保,空知,None,141.896929,43.002868
None,2446,り,水源涵養,栗山町,None,トドマツ,0,None,None,1.47,水涵保,空知,None,141.897299,43.001764
他Ｌ,2446,ち,水源涵養,栗山町,None,トドマツ,0,シナノキ,None,0.95,水涵保,空知,None,141.899759,42.999195
None,2448,ろ,水源涵養,栗山町,None,カラマツ,0,None,None,2.6,水涵保,空知,None,141.902265,42.997974
None,2446,ぬ,水源涵養,栗山町,None,カラマツ,0,None,None,3.78,水涵保,空知,None,141.899152,42.999892
None,2446,い,水源涵養,栗山町,None,トドマツ,0,None,None,0.51,水涵保,空知,None,141.898741,42.999125
None,2446,ほ,水源涵養,栗山町,None,トドマツ,0,None,None,3.96,水涵保,空知,None,141.900644,42.99844
None,2446,へ,水源涵養,栗山町,None,トドマツ,0,None,None,3.09,水涵保,空知,None,141.898186,42.998375
None,2463,わ,水源涵養,栗山町,None,トドマツ,0,None,None,1.24,水涵保,空知,None,141.949674,42.985976
センノキ,2463,い,水源涵養,栗山町,None,他Ｌ,2,シナノキ,None,9.04,水涵保,空知,None,141.948952,42.975594
None,2460,ち,水源涵養,栗山町,None,トドマツ,0,None,None,4.39,水涵保,空知,None,141.948723,42.989579
イタヤカエデ,2460,い,水源涵養,栗山町,None,他Ｌ,1,シナノキ,None,54.84,水涵保,空知,None,141.944853,42.991
None,2459,へ,水源涵養,栗山町,None,トドマツ,0,None,None,4.87,水涵保,空知,None,141.942301,42.994314
イタヤカエデ,2459,ね,水源涵養,栗山町,None,他Ｌ,0,トドマツ,None,1.6,水涵保,空知,None,141.942802,42.992271
None,2460,と,水源涵養,栗山町,None,トドマツ,0,None,None,2.43,水涵保,空知,None,141.947054,42.987676
None,2463,る,水源涵養,栗山町,None,トドマツ,0,None,None,0.5,水涵保,空知,None,141.949145,42.986558
None,2463,わ,水源涵養,栗山町,None,トドマツ,0,None,None,1.24,水涵保,空知,None,141.948411,42.985036
センノキ,2463,い,水源涵養,栗山町,None,他Ｌ,2,シナノキ,None,9.04,水涵保,空知,None,141.94868,42.986089
None,2463,り,水源涵養,栗山町,None,トドマツ,0,None,None,4.56,水涵保,空知,None,141.946812,42.984877
None,2460,は,水源涵養,栗山町,None,トドマツ,0,None,None,1.23,水涵保,空知,None,141.941806,42.987745
None,2460,へ,水源涵養,栗山町,None,トドマツ,0,None,None,3.03,水涵保,空知,None,141.944848,42.986288
イタヤカエデ,2460,い,水源涵養,栗山町,None,他Ｌ,2,シナノキ,None,4.86,水涵保,空知,None,141.941206,42.985345
None,2460,ほ,水源涵養,栗山町,None,トドマツ,0,None,None,3.91,水涵保,空知,None,141.943028,42.985575
None,2459,と,水源涵養,栗山町,None,トドマツ,0,None,None,4.06,水涵保,空知,None,141.941232,42.99224
None,2459,ち,水源涵養,栗山町,None,トドマツ,0,None,None,3.05,水涵保,空知,None,141.937856,42.991284
None,2459,ほ,水源涵養,栗山町,None,トドマツ,0,None,None,1.09,水涵保,空知,None,141.937811,42.993972
None,2459,に,水源涵養,栗山町,None,トドマツ,0,None,None,5.57,水涵保,空知,None,141.936739,42.995227
シナノキ,2459,れ,水源涵養,栗山町,None,トドマツ,0,他Ｌ,None,2.72,水涵保,空知,None,141.93384,42.994661
None,2459,り,水源涵養,栗山町,None,トドマツ,0,None,None,2.78,水涵保,空知,None,141.938212,42.9893
None,2460,ろ,水源涵養,栗山町,None,トドマツ,0,None,None,1.13,水涵保,空知,None,141.939546,42.986697
None,2460,に,水源涵養,栗山町,None,トドマツ,0,None,None,2.31,水涵保,空知,None,141.937294,42.985519
イタヤカエデ,2459,い,水源涵養,栗山町,None,トドマツ,3,他Ｌ,None,7.41,水涵保,空知,None,141.936087,42.989552
None,2459,は,水源涵養,栗山町,None,トドマツ,0,None,None,4.25,水涵保,空知,None,141.934592,42.98891
イタヤカエデ,2459,わ,水源涵養,栗山町,None,トドマツ,0,他Ｌ,None,3.18,水涵保,空知,None,141.935617,42.987245
None,2461,ほ,水源涵養,栗山町,None,トドマツ,0,None,None,4.95,水涵保,空知,None,141.934339,42.984723
None,2463,ろ,水源涵養,栗山町,None,トドマツ,0,None,None,5.0,水涵保,空知,None,141.949317,42.983379
センノキ,2463,い,水源涵養,栗山町,None,他Ｌ,2,シナノキ,None,9.04,水涵保,空知,None,141.948287,42.982317
None,2463,は,水源涵養,栗山町,None,トドマツ,0,None,None,6.48,水涵保,空知,None,141.946748,42.981475
None,2463,へ,水源涵養,栗山町,None,トドマツ,0,None,None,5.35,水涵保,空知,None,141.948889,42.979231
None,2463,に,水源涵養,栗山町,None,トドマツ,0,None,None,6.11,水涵保,空知,None,141.944121,42.979745
None,2463,に,水源涵養,栗山町,None,トドマツ,0,None,None,6.11,水涵保,空知,None,141.942466,42.98026
None,2463,イ,水源涵養,栗山町,None,None,0,None,None,0.62,None,空知,None,141.942383,42.978953
None,2463,ち,水源涵養,栗山町,None,トドマツ,0,None,None,3.95,水涵保,空知,None,141.949012,42.976695
None,2463,と,水源涵養,栗山町,None,トドマツ,0,None,None,4.18,水涵保,空知,None,141.945705,42.977435
None,2464,ほ,水源涵養,栗山町,None,トドマツ,0,None,None,3.36,水涵保,空知,None,141.946586,42.974924
トドマツ,2464,い,水源涵養,栗山町,None,他Ｌ,1,シナノキ,None,16.38,水涵保,空知,None,141.945641,42.975755
None,2464,に,水源涵養,栗山町,None,トドマツ,0,None,None,7.3,水涵保,空知,None,141.945538,42.973111
None,2464,へ,水源涵養,栗山町,None,トドマツ,0,None,None,3.16,水涵保,空知,None,141.943932,42.97625
None,2462,ち,水源涵養,栗山町,None,トドマツ,0,None,None,4.45,水涵保,空知,None,141.936829,42.981491
None,2463,ぬ,水源涵養,栗山町,None,トドマツ,0,None,None,4.43,水涵保,空知,None,141.941642,42.982259
センノキ,2463,い,水源涵養,栗山町,None,他Ｌ,1,シナノキ,None,34.26,水涵保,空知,None,141.94328,42.983505
None,2462,ろ,水源涵養,栗山町,None,トドマツ,0,None,None,3.77,水涵保,空知,None,141.939903,42.982427
None,2461,へ,水源涵養,栗山町,None,トドマツ,0,None,None,2.28,水涵保,空知,None,141.935773,42.982951
シナノキ,2462,り,水源涵養,栗山町,None,他Ｌ,0,トドマツ,None,1.3,水涵保,空知,None,141.935939,42.981816
None,2462,は,水源涵養,栗山町,None,トドマツ,0,None,None,2.86,水涵保,空知,None,141.935693,42.979586
トドマツ,2462,い,水源涵養,栗山町,None,他Ｌ,0,シナノキ,None,24.73,水涵保,空知,None,141.934819,42.981223
None,2462,に,水源涵養,栗山町,None,トドマツ,0,None,None,2.63,水涵保,空知,None,141.934161,42.979238
None,2463,ほ,水源涵養,栗山町,None,トドマツ,0,None,None,2.57,水涵保,空知,None,141.94069,42.978618
トドマツ,2464,い,水源涵養,栗山町,None,他Ｌ,1,シナノキ,None,16.38,水涵保,空知,None,141.940941,42.976833
None,2464,イ,水源涵養,栗山町,None,None,0,None,None,1.82,None,空知,None,141.936098,42.978191
None,2464,は,水源涵養,栗山町,None,トドマツ,0,None,None,5.13,水涵保,空知,None,141.939132,42.976642
トドマツ,2464,い,水源涵養,栗山町,None,他Ｌ,1,シナノキ,None,16.38,水涵保,空知,None,141.94183,42.974487
トドマツ,2464,い,水源涵養,栗山町,None,他Ｌ,1,シナノキ,None,16.38,水涵保,空知,None,141.939293,42.974898
トドマツ,2464,い,水源涵養,栗山町,None,他Ｌ,2,シナノキ,None,4.1,水涵保,空知,None,141.936687,42.978074
None,2464,ろ,水源涵養,栗山町,None,トドマツ,0,None,None,2.72,水涵保,空知,None,141.937506,42.977375
トドマツ,2464,い,水源涵養,栗山町,None,他Ｌ,2,シナノキ,None,4.1,水涵保,空知,None,141.935645,42.978353
None,2464,と,水源涵養,栗山町,None,トドマツ,0,None,None,1.14,水涵保,空知,None,141.934697,42.976866
トドマツ,2464,い,水源涵養,栗山町,None,他Ｌ,2,シナノキ,None,4.1,水涵保,空知,None,141.932641,42.976251
ミズナラ,2465,ほ,水源涵養,栗山町,None,トドマツ,0,他Ｌ,None,8.62,水涵保,空知,None,141.936284,42.97588
ミズナラ,2465,い,水源涵養,栗山町,None,他Ｌ,1,トドマツ,None,10.19,水涵保,空知,None,141.937175,42.97493
ミズナラ,2465,へ,水源涵養,栗山町,None,他Ｌ,0,トドマツ,None,1.25,水涵保,空知,None,141.937776,42.974012
None,2465,に,水源涵養,栗山町,None,トドマツ,0,None,None,3.0,水涵保,空知,None,141.938154,42.97449
ミズナラ,2465,へ,水源涵養,栗山町,None,他Ｌ,0,トドマツ,None,1.25,水涵保,空知,None,141.933596,42.97583
ミズナラ,2465,ほ,水源涵養,栗山町,None,トドマツ,0,他Ｌ,None,8.62,水涵保,空知,None,141.934298,42.974978
None,2465,に,水源涵養,栗山町,None,トドマツ,0,None,None,3.0,水涵保,空知,None,141.934965,42.973547
カンバ,2480,い,水源涵養,栗山町,None,他Ｌ,0,ミズナラ,None,36.28,水涵保,空知,None,141.952618,42.965948
None,2480,ロ,水源涵養,栗山町,None,None,0,None,None,0.5,水涵保,空知,None,141.952368,42.965229
カンバ,2480,い,水源涵養,栗山町,None,他Ｌ,0,ミズナラ,None,36.28,水涵保,空知,None,141.949861,42.967002
カンバ,2480,い,水源涵養,栗山町,None,他Ｌ,0,ミズナラ,None,36.28,水涵保,空知,None,141.951687,42.962319
None,2480,る,水源涵養,栗山町,None,トドマツ,0,None,None,1.3,水涵保,空知,None,141.949731,42.961398
イタヤカエデ,2524,へ,水源涵養,栗山町,None,トドマツ,0,他Ｌ,None,12.7,水涵保,空知,None,141.951144,42.956628
None,2524,ろ,水源涵養,栗山町,None,カラマツ,0,None,None,11.44,水涵保,空知,None,141.952034,42.952223
None,2479,と,水源涵養,栗山町,None,トドマツ,0,None,None,1.78,水涵保,空知,None,141.945753,42.969516
None,2465,ち,水源涵養,栗山町,None,アカエゾマツ,0,None,None,1.03,水涵保,空知,None,141.94463,42.971482
イタヤカエデ,2464,い,水源涵養,栗山町,None,他Ｌ,3,シナノキ,None,3.1,水涵保,空知,None,141.943406,42.972917
ミズナラ,2465,と,自然維持,栗山町,None,トドマツ,0,他Ｌ,None,1.0,水涵保,空知,None,141.941529,42.972748
None,2465,ろ,水源涵養,栗山町,None,アカエゾマツ,0,None,None,3.34,水涵保,空知,None,141.941257,42.971121
None,2479,ほ,水源涵養,栗山町,None,トドマツ,0,他Ｌ,None,1.37,水涵保,空知,None,141.943925,42.968624
None,2479,に,水源涵養,栗山町,None,トドマツ,0,None,None,6.23,水涵保,空知,None,141.941892,42.969408
None,2480,イ,水源涵養,栗山町,None,None,0,None,None,7.23,None,空知,None,141.949342,42.966647
None,2480,り,水源涵養,栗山町,None,トドマツ,0,None,None,0.66,水涵保,空知,None,141.949077,42.965931
トドマツ,2479,い,水源涵養,栗山町,None,他Ｌ,0,シナノキ,None,28.29,水涵保,空知,None,141.94581,42.96641
None,2479,イ,水源涵養,栗山町,None,None,0,None,None,1.98,None,空知,None,141.946028,42.966305
None,2480,わ,水源涵養,栗山町,None,トドマツ,0,None,None,5.03,水涵保,空知,None,141.949432,42.964062
None,2479,ち,水源涵養,栗山町,None,トドマツ,0,None,None,1.72,水涵保,空知,None,141.940678,42.966517
None,2480,ほ,水源涵養,栗山町,None,トドマツ,0,None,None,8.81,水涵保,空知,None,141.943288,42.96314
None,2465,イ,水源涵養,栗山町,None,None,0,None,None,3.56,None,空知,None,141.936184,42.973253
ミズナラ,2465,い,水源涵養,栗山町,None,他Ｌ,1,トドマツ,None,10.19,水涵保,空知,None,141.940069,42.973237
None,2465,ろ,水源涵養,栗山町,None,アカエゾマツ,0,None,None,3.34,水涵保,空知,None,141.940723,42.971772
ミズナラ,2465,ほ,水源涵養,栗山町,None,トドマツ,0,他Ｌ,None,8.62,水涵保,空知,None,141.939069,42.972767
None,2465,り,水源涵養,栗山町,None,トドマツ,0,None,None,0.2,水涵保,空知,None,141.938935,42.971519
ミズナラ,2465,い,水源涵養,栗山町,None,他Ｌ,2,トドマツ,None,9.48,水涵保,空知,None,141.938387,42.971645
ミズナラ,2465,い,水源涵養,栗山町,None,他Ｌ,2,トドマツ,None,9.48,水涵保,空知,None,141.940594,42.970351
None,2479,り,水源涵養,栗山町,None,トドマツ,0,None,None,1.37,水涵保,空知,None,141.940206,42.968923
None,2465,は,水源涵養,栗山町,None,アカエゾマツ,0,None,None,5.0,水涵保,空知,None,141.938647,42.970377
イタヤカエデ,2466,い,水源涵養,栗山町,None,他Ｌ,0,ミズナラ,None,23.23,水涵保,空知,None,141.937728,42.968531
ミズナラ,2465,ほ,水源涵養,栗山町,None,トドマツ,0,他Ｌ,None,8.62,水涵保,空知,None,141.935625,42.972778
None,2465,は,水源涵養,栗山町,None,アカエゾマツ,0,None,None,5.0,水涵保,空知,None,141.936685,42.971126
イタヤカエデ,2466,り,水源涵養,栗山町,None,トドマツ,0,他Ｌ,None,23.47,水涵保,空知,None,141.934437,42.971228
None,2466,は,水源涵養,栗山町,None,トドマツ,0,None,None,1.75,水涵保,空知,None,141.933083,42.971215
トドマツ,2479,い,水源涵養,栗山町,None,他Ｌ,0,シナノキ,None,28.29,水涵保,空知,None,141.937315,42.968232
None,2466,ち,水源涵養,栗山町,None,トドマツ,0,None,None,0.52,水涵保,空知,None,141.93739,42.968627
None,2466,ろ,水源涵養,栗山町,None,トドマツ,0,None,None,2.96,水涵保,空知,None,141.935399,42.970154
イタヤカエデ,2466,い,水源涵養,栗山町,None,他Ｌ,0,ミズナラ,None,23.23,水涵保,空知,None,141.931515,42.967905
イタヤカエデ,2478,い,水源涵養,栗山町,None,他Ｌ,0,シナノキ,None,22.83,水涵保,空知,None,141.936715,42.968109
None,2466,ろ,水源涵養,栗山町,None,トドマツ,0,None,None,2.96,水涵保,空知,None,141.934735,42.968904
None,2479,ぬ,水源涵養,栗山町,None,トドマツ,0,None,None,3.5,水涵保,空知,None,141.938202,42.966822
トドマツ,2479,い,水源涵養,栗山町,None,他Ｌ,0,シナノキ,None,28.29,水涵保,空知,None,141.939895,42.966589
イタヤカエデ,2478,い,水源涵養,栗山町,None,他Ｌ,0,シナノキ,None,22.83,水涵保,空知,None,141.936905,42.966887
None,2479,は,水源涵養,栗山町,None,トドマツ,0,他Ｌ,None,5.54,水涵保,空知,None,141.936595,42.965862
None,2478,り,水源涵養,栗山町,None,トドマツ,0,他Ｌ,None,1.14,水涵保,空知,None,141.933919,42.967728
None,2479,る,水源涵養,栗山町,None,トドマツ,0,None,None,1.11,水涵保,空知,None,141.936689,42.96494
None,2480,ち,水源涵養,栗山町,None,トドマツ,0,None,None,3.39,水涵保,空知,None,141.949381,42.962666
None,2480,イ,水源涵養,栗山町,None,None,0,None,None,7.23,None,空知,None,141.948311,42.965427
None,2480,と,水源涵養,栗山町,None,トドマツ,0,None,None,1.54,水涵保,空知,None,141.948255,42.960073
None,2480,は,水源涵養,栗山町,None,トドマツ,0,他Ｌ,None,0.38,水涵保,空知,None,141.945691,42.962066
None,2481,に,水源涵養,栗山町,None,トドマツ,0,None,None,5.94,水涵保,空知,None,141.948636,42.958252
カンバ,2480,い,水源涵養,栗山町,None,他Ｌ,0,ミズナラ,None,36.28,水涵保,空知,None,141.94643,42.959671
None,2480,ぬ,水源涵養,栗山町,None,トドマツ,0,None,None,0.51,水涵保,空知,None,141.945254,42.962293
カンバ,2480,い,水源涵養,栗山町,None,他Ｌ,0,ミズナラ,None,36.28,水涵保,空知,None,141.947061,42.964245
カンバ,2480,い,水源涵養,栗山町,None,他Ｌ,0,ミズナラ,None,36.28,水涵保,空知,None,141.945342,42.960802
シナノキ,2480,に,水源涵養,栗山町,None,トドマツ,0,他Ｌ,None,1.97,水涵保,空知,None,141.944802,42.960279
None,2480,へ,水源涵養,栗山町,None,トドマツ,0,None,None,0.9,水涵保,空知,None,141.944608,42.960972
シナノキ,2480,に,水源涵養,栗山町,None,トドマツ,0,他Ｌ,None,1.97,水涵保,空知,None,141.942394,42.961406
シナノキ,2481,い,水源涵養,栗山町,None,他Ｌ,2,トドマツ,None,7.6,水涵保,空知,None,141.942706,42.95928
シナノキ,2481,い,水源涵養,栗山町,None,他Ｌ,2,トドマツ,None,7.6,水涵保,空知,None,141.941562,42.95926
None,2481,は,水源涵養,栗山町,None,トドマツ,0,None,None,10.08,水涵保,空知,None,141.944288,42.957887
シナノキ,2481,い,水源涵養,栗山町,None,他Ｌ,2,トドマツ,None,7.6,水涵保,空知,None,141.946732,42.957362
イタヤカエデ,2524,ほ,水源涵養,栗山町,None,他Ｌ,0,トドマツ,None,9.16,水涵保,空知,None,141.948817,42.955121
イタヤカエデ,2524,は,水源涵養,栗山町,None,他Ｌ,0,トドマツ,None,12.47,水涵保,空知,None,141.947112,42.951665
シナノキ,2484,い,水源涵養,栗山町,None,他Ｌ,1,ミズナラ,None,6.25,水涵保,空知,None,141.942587,42.953012
シナノキ,2480,に,水源涵養,栗山町,None,トドマツ,0,他Ｌ,None,1.97,水涵保,空知,None,141.940401,42.961825
None,2480,ろ,水源涵養,栗山町,None,トドマツ,0,None,None,4.62,水涵保,空知,None,141.939529,42.960769
シナノキ,2480,に,水源涵養,栗山町,None,トドマツ,0,他Ｌ,None,1.97,水涵保,空知,None,141.941357,42.960901
シナノキ,2480,に,水源涵養,栗山町,None,トドマツ,0,他Ｌ,None,1.97,水涵保,空知,None,141.940919,42.959923
None,2479,へ,水源涵養,栗山町,None,トドマツ,0,None,None,20.65,水涵保,空知,None,141.940416,42.96311
None,2481,イ,水源涵養,栗山町,None,None,0,None,None,1.53,None,空知,None,141.941909,42.959255
None,2481,ろ,水源涵養,栗山町,None,トドマツ,0,None,None,3.14,水涵保,空知,None,141.940043,42.958177
None,2482,と,水源涵養,栗山町,None,トドマツ,0,None,None,1.76,水涵保,空知,None,141.937666,42.957244
None,2480,イ,水源涵養,栗山町,None,None,0,None,None,7.23,None,空知,None,141.936157,42.959771
None,2479,ろ,水源涵養,栗山町,None,トドマツ,0,他Ｌ,None,15.41,水涵保,空知,None,141.935519,42.961661
カンバ,2480,い,水源涵養,栗山町,None,他Ｌ,0,ミズナラ,None,36.28,水涵保,空知,None,141.935674,42.959905
None,2482,ほ,水源涵養,栗山町,None,トドマツ,0,None,None,2.18,水涵保,空知,None,141.934459,42.959246
イタヤカエデ,2482,ち,水源涵養,栗山町,None,トドマツ,0,他Ｌ,None,1.45,水涵保,空知,None,141.934423,42.9582
カツラ,2481,い,水源涵養,栗山町,None,トドマツ,1,他Ｌ,None,21.83,水涵保,空知,None,141.943228,42.955263
None,2484,に,水源涵養,栗山町,None,トドマツ,0,None,None,2.05,水涵保,空知,None,141.938046,42.955667
None,2484,ほ,水源涵養,栗山町,None,トドマツ,0,None,None,3.1,水涵保,空知,None,141.940686,42.952846
None,2484,は,水源涵養,栗山町,None,トドマツ,0,None,None,7.95,水涵保,空知,None,141.938365,42.953538
None,2483,に,水源涵養,栗山町,None,トドマツ,0,None,None,3.78,水涵保,空知,None,141.936197,42.955059
イタヤカエデ,2482,い,水源涵養,栗山町,None,他Ｌ,1,トドマツ,None,17.67,水涵保,空知,None,141.931546,42.957144
シナノキ,2483,い,水源涵養,栗山町,None,他Ｌ,2,ミズナラ,None,10.95,水涵保,空知,None,141.934883,42.955416
None,2483,へ,水源涵養,栗山町,None,トドマツ,0,None,None,1.93,水涵保,空知,None,141.934462,42.954865
None,2484,に,水源涵養,栗山町,None,トドマツ,0,None,None,2.05,水涵保,空知,None,141.936205,42.95342
None,2483,ろ,水源涵養,栗山町,None,トドマツ,0,None,None,7.45,水涵保,空知,None,141.933896,42.952842
シナノキ,2523,ぬ,山地災害防止（土砂）,栗山町,None,他Ｌ,0,トドマツ,None,1.05,水涵保,空知,None,141.969254,42.943154
None,2523,ロ,山地災害防止（土砂）,栗山町,None,None,0,None,None,0.02,None,空知,None,141.969652,42.942815
None,2523,イ,山地災害防止（土砂）,栗山町,None,None,0,None,None,0.08,水涵保,空知,None,141.969478,42.942724
None,2522,イ,山地災害防止（土砂）,栗山町,None,None,0,None,None,1.29,水涵保,空知,None,141.969443,42.942579
None,2523,ほ,山地災害防止（土砂）,栗山町,None,トドマツ,0,None,None,5.68,水涵保,空知,None,141.967812,42.944237
None,2522,イ,山地災害防止（土砂）,栗山町,None,None,0,None,None,1.29,水涵保,空知,None,141.967889,42.941504
シナノキ,2522,い,山地災害防止（土砂）,栗山町,None,他Ｌ,2,ミズナラ,None,9.57,水涵保,空知,None,141.966475,42.942062
シナノキ,2521,い,山地災害防止（土砂）,栗山町,None,他Ｌ,2,イタヤカエデ,None,11.65,水涵保,空知,None,141.970136,42.940166
None,2521,ち,山地災害防止（土砂）,栗山町,None,トドマツ,0,None,None,0.93,水涵保,空知,None,141.970885,42.93765
None,2521,り,山地災害防止（土砂）,栗山町,None,トドマツ,0,None,None,6.53,水涵保,空知,None,141.968891,42.940674
None,2521,ロ,山地災害防止（土砂）,栗山町,None,None,0,None,None,1.58,水涵保,空知,None,141.966429,42.940358
イタヤカエデ,2521,よ,山地災害防止（土砂）,栗山町,None,トドマツ,0,他Ｌ,None,6.59,水涵保,空知,None,141.969586,42.938837
None,2522,ロ,山地災害防止（土砂）,栗山町,None,None,0,None,None,0.01,None,空知,None,141.966724,42.940728
None,2521,ハ,山地災害防止（土砂）,栗山町,None,None,0,None,None,0.03,None,空知,None,141.966774,42.940683
None,2522,イ,山地災害防止（土砂）,栗山町,None,None,0,None,None,1.29,水涵保,空知,None,141.967059,42.940953
None,2522,に,山地災害防止（土砂）,栗山町,None,トドマツ,0,None,None,3.36,水涵保,空知,None,141.964511,42.940001
None,2521,ロ,山地災害防止（土砂）,栗山町,None,None,0,None,None,1.58,水涵保,空知,None,141.965361,42.939419
None,2522,イ,山地災害防止（土砂）,栗山町,None,None,0,None,None,1.29,水涵保,空知,None,141.965347,42.939648
イタヤカエデ,2521,わ,水源涵養,栗山町,None,トドマツ,0,他Ｌ,None,2.96,水涵保,空知,None,141.96831,42.936491
シナノキ,2521,い,山地災害防止（土砂）,栗山町,None,他Ｌ,2,イタヤカエデ,None,11.65,水涵保,空知,None,141.965728,42.936831
None,2521,と,山地災害防止（土砂）,栗山町,None,トドマツ,0,None,None,0.43,水涵保,空知,None,141.971249,42.935392
None,2521,た,水源涵養,栗山町,None,アカエゾマツ,0,他Ｎ,None,0.7,水涵保,空知,None,141.970795,42.935084
None,2521,る,水源涵養,栗山町,None,アカエゾマツ,0,他Ｎ,None,0.2,水涵保,空知,None,141.971632,42.931779
シナノキ,2521,い,水源涵養,栗山町,None,他Ｌ,1,イタヤカエデ,None,27.73,水涵保,空知,None,141.971347,42.931916
シナノキ,2521,い,水源涵養,栗山町,None,他Ｌ,1,イタヤカエデ,None,27.73,水涵保,空知,None,141.971289,42.930289
None,2521,か,水源涵養,栗山町,None,カラマツ,0,None,None,0.45,水涵保,空知,None,141.970495,42.932349
None,2521,ぬ,水源涵養,栗山町,None,アカエゾマツ,0,他Ｎ,None,0.31,水涵保,空知,None,141.970699,42.931904
None,2521,イ,水源涵養,栗山町,None,None,0,None,None,0.47,None,空知,None,141.970943,42.930336
None,2521,へ,水源涵養,栗山町,None,トドマツ,0,None,None,2.0,水涵保,空知,None,141.96629,42.935249
シナノキ,2521,い,水源涵養,栗山町,None,他Ｌ,1,イタヤカエデ,None,27.73,水涵保,空知,None,141.969388,42.932932
None,2521,ろ,水源涵養,栗山町,None,カラマツ,0,None,None,9.95,水涵保,空知,None,141.966355,42.932496
None,2520,ほ,水源涵養,栗山町,None,カラマツ,0,None,None,3.71,水涵保,空知,None,141.971002,42.929959
None,2520,は,水源涵養,栗山町,None,ヤチダモ,0,None,None,0.62,水涵保,空知,None,141.971788,42.928148
None,2520,ほ,水源涵養,栗山町,None,カラマツ,0,None,None,3.71,水涵保,空知,None,141.971563,42.92866
None,2520,ろ,水源涵養,栗山町,None,ヤチダモ,0,None,None,0.25,水涵保,空知,None,141.970594,42.929522
イタヤカエデ,2520,い,水源涵養,栗山町,None,トドマツ,0,シナノキ,None,17.42,水涵保,空知,None,141.969474,42.929456
None,2520,ほ,水源涵養,栗山町,None,カラマツ,0,None,None,3.71,水涵保,空知,None,141.970854,42.928254
None,2520,り,水源涵養,栗山町,None,トドマツ,0,None,None,2.79,水涵保,空知,None,141.96713,42.927598
イタヤカエデ,2520,い,水源涵養,栗山町,None,トドマツ,0,シナノキ,None,17.42,水涵保,空知,None,141.969293,42.928782
None,2520,ほ,水源涵養,栗山町,None,カラマツ,0,None,None,3.71,水涵保,空知,None,141.972304,42.92697
他Ｌ,2520,れ,水源涵養,栗山町,None,トドマツ,0,シナノキ,None,22.3,水涵保,空知,None,141.971693,42.926645
None,2520,へ,水源涵養,栗山町,None,カラマツ,0,None,None,0.32,水涵保,空知,None,141.971453,42.925491
None,2520,へ,水源涵養,栗山町,None,カラマツ,0,None,None,0.32,水涵保,空知,None,141.971045,42.925427
None,2520,ぬ,水源涵養,栗山町,None,トドマツ,0,None,None,0.68,水涵保,空知,None,141.970447,42.927442
イタヤカエデ,2520,い,水源涵養,栗山町,None,トドマツ,0,シナノキ,None,17.42,水涵保,空知,None,141.968141,42.929819
他Ｎ,2520,ち,水源涵養,栗山町,None,トドマツ,0,他Ｌ,None,2.8,水涵保,空知,None,141.964969,42.929697
None,2520,に,水源涵養,栗山町,None,ヤチダモ,0,None,None,2.13,水涵保,空知,None,141.972045,42.924987
None,2520,と,水源涵養,栗山町,None,カラマツ,0,None,None,0.57,水涵保,空知,None,141.972341,42.924449
None,2520,に,水源涵養,栗山町,None,ヤチダモ,0,None,None,2.13,水涵保,空知,None,141.972328,42.923778
None,2520,イ,水源涵養,栗山町,None,None,0,None,None,1.48,None,空知,None,141.970587,42.920703
None,2520,と,水源涵養,栗山町,None,カラマツ,0,None,None,0.57,水涵保,空知,None,141.971378,42.924155
None,2520,る,水源涵養,栗山町,None,トドマツ,0,None,None,0.35,水涵保,空知,None,141.970757,42.924946
他Ｌ,2520,れ,水源涵養,栗山町,None,トドマツ,0,シナノキ,None,22.3,水涵保,空知,None,141.970834,42.921559
None,2520,か,水源涵養,栗山町,None,トドマツ,0,None,None,1.08,水涵保,空知,None,141.96981,42.920692
他Ｌ,2520,れ,水源涵養,栗山町,None,トドマツ,0,シナノキ,None,22.3,水涵保,空知,None,141.969002,42.923589
None,2520,そ,水源涵養,栗山町,None,トドマツ,0,None,None,1.76,水涵保,空知,None,141.967028,42.92241
None,2520,わ,水源涵養,栗山町,None,トドマツ,0,None,None,0.38,水涵保,空知,None,141.968904,42.921986
他Ｌ,2520,れ,水源涵養,栗山町,None,トドマツ,0,シナノキ,None,22.3,水涵保,空知,None,141.966194,42.922364
トドマツ,2519,ろ,水源涵養,栗山町,None,他Ｌ,0,シナノキ,None,13.15,水涵保,空知,None,141.965017,42.922963
None,2520,よ,水源涵養,栗山町,None,トドマツ,0,None,None,1.54,水涵保,空知,None,141.968542,42.918977
イタヤカエデ,2520,い,水源涵養,栗山町,None,トドマツ,0,シナノキ,None,17.42,水涵保,空知,None,141.968547,42.918321
None,2520,た,水源涵養,栗山町,None,トドマツ,0,None,None,2.89,水涵保,空知,None,141.967271,42.917646
イタヤカエデ,2520,い,水源涵養,栗山町,None,トドマツ,0,シナノキ,None,17.42,水涵保,空知,None,141.966668,42.919227
イタヤカエデ,2520,い,水源涵養,栗山町,None,トドマツ,0,シナノキ,None,17.42,水涵保,空知,None,141.966447,42.916501
イタヤカエデ,2520,い,水源涵養,栗山町,None,トドマツ,0,シナノキ,None,17.42,水涵保,空知,None,141.96552,42.915186
シナノキ,2523,り,水源涵養,栗山町,None,他Ｌ,0,トドマツ,None,3.88,水涵保,空知,None,141.962911,42.945084
None,2523,に,水源涵養,栗山町,None,トドマツ,0,None,None,1.46,水涵保,空知,None,141.964809,42.945804
カツラ,2523,い,水源涵養,栗山町,None,他Ｌ,0,シナノキ,None,52.51,水涵保,空知,None,141.967127,42.946108
None,2523,は,水源涵養,栗山町,None,トドマツ,0,None,None,1.29,水涵保,空知,None,141.961889,42.945892
None,2522,へ,山地災害防止（土砂）,栗山町,None,カラマツ,0,None,None,5.25,水涵保,空知,None,141.96461,42.942398
ミズナラ,2522,と,水源涵養,栗山町,None,他Ｌ,0,トドマツ,None,10.93,水涵保,空知,None,141.96125,42.943389
カツラ,2523,い,水源涵養,栗山町,None,他Ｌ,0,シナノキ,None,52.51,水涵保,空知,None,141.960955,42.946274
None,2523,ろ,水源涵養,栗山町,None,トドマツ,0,None,None,1.57,水涵保,空知,None,141.959243,42.945953
None,2522,ろ,水源涵養,栗山町,None,トドマツ,0,None,None,8.0,水涵保,空知,None,141.954437,42.942882
シナノキ,2524,い,水源涵養,栗山町,None,他Ｌ,0,イタヤカエデ,None,4.84,水涵保,空知,None,141.95373,42.951541
None,2523,へ,水源涵養,栗山町,None,トドマツ,0,None,None,9.48,水涵保,空知,None,141.954088,42.947854
トドマツ,2523,ち,水源涵養,栗山町,None,他Ｌ,0,シナノキ,None,6.06,水涵保,空知,None,141.956961,42.94629
None,2523,と,水源涵養,栗山町,None,トドマツ,0,None,None,4.65,水涵保,空知,None,141.954323,42.944183
カツラ,2523,い,水源涵養,栗山町,None,他Ｌ,0,シナノキ,None,52.51,水涵保,空知,None,141.950713,42.944142
シナノキ,2521,い,山地災害防止（土砂）,栗山町,None,他Ｌ,2,イタヤカエデ,None,11.65,水涵保,空知,None,141.964844,42.938555
None,2521,ロ,山地災害防止（土砂）,栗山町,None,None,0,None,None,1.58,水涵保,空知,None,141.964451,42.938747
None,2522,イ,山地災害防止（土砂）,栗山町,None,None,0,None,None,1.29,水涵保,空知,None,141.964137,42.938739
None,2522,ほ,山地災害防止（土砂）,栗山町,None,トドマツ,0,None,None,2.57,水涵保,空知,None,141.962751,42.938467
None,2521,ほ,山地災害防止（土砂）,栗山町,None,トドマツ,0,None,None,6.21,水涵保,空知,None,141.961659,42.935874
None,2521,ハ,山地災害防止（土砂）,栗山町,None,None,0,None,None,0.03,None,空知,None,141.963762,42.938275
None,2522,イ,山地災害防止（土砂）,栗山町,None,None,0,None,None,1.29,水涵保,空知,None,141.962956,42.937701
None,2521,ハ,山地災害防止（土砂）,栗山町,None,None,0,None,None,0.03,None,空知,None,141.961397,42.93622
None,2522,ロ,山地災害防止（土砂）,栗山町,None,None,0,None,None,0.01,None,空知,None,141.961371,42.936273
None,2522,は,水源涵養,栗山町,None,トドマツ,0,None,None,4.26,水涵保,空知,None,141.960311,42.940297
トドマツ,2522,い,水源涵養,栗山町,None,他Ｌ,1,ミズナラ,None,40.34,水涵保,空知,None,141.959699,42.938044
None,2521,は,水源涵養,栗山町,None,トドマツ,0,None,None,2.74,水涵保,空知,None,141.964679,42.934919
None,2521,に,水源涵養,栗山町,None,トドマツ,0,None,None,1.56,水涵保,空知,None,141.962292,42.932758
None,2521,ほ,山地災害防止（土砂）,栗山町,None,トドマツ,0,None,None,6.21,水涵保,空知,None,141.960426,42.935592
None,2521,ロ,山地災害防止（土砂）,栗山町,None,None,0,None,None,1.58,水涵保,空知,None,141.96009,42.934891
シナノキ,2521,い,山地災害防止（土砂）,栗山町,None,他Ｌ,2,イタヤカエデ,None,11.65,水涵保,空知,None,141.959636,42.934999
None,2518,ロ,水源涵養,栗山町,None,None,0,None,None,0.02,None,空知,None,141.959554,42.934493
None,2521,ハ,山地災害防止（土砂）,栗山町,None,None,0,None,None,0.03,None,空知,None,141.959629,42.93451
None,2518,イ,水源涵養,栗山町,None,None,0,None,None,0.42,水涵保,空知,None,141.959255,42.934141
None,2518,イ,水源涵養,栗山町,None,None,0,None,None,0.42,水涵保,空知,None,141.958345,42.933241
イタヤカエデ,2518,ろ,水源涵養,栗山町,None,他Ｌ,0,トドマツ,None,17.98,水涵保,空知,None,141.959818,42.931684
None,2518,ロ,水源涵養,栗山町,None,None,0,None,None,0.02,None,空知,None,141.957952,42.932818
イタヤカエデ,2518,い,水源涵養,栗山町,None,他Ｌ,0,トドマツ,None,25.91,水涵保,空知,None,141.955369,42.936554
イタヤカエデ,2503,へ,水源涵養,栗山町,None,他Ｌ,0,シナノキ,None,2.88,水涵保,空知,None,141.948079,42.935061
None,2517,ロ,水源涵養,栗山町,None,None,0,None,None,0.03,None,空知,None,141.956871,42.930948
None,2517,イ,水源涵養,栗山町,None,None,0,None,None,0.11,水涵保,空知,None,141.956799,42.930797
イタヤカエデ,2517,い,水源涵養,栗山町,None,他Ｌ,0,トドマツ,None,33.65,水涵保,空知,None,141.952764,42.933507
イタヤカエデ,2524,に,水源涵養,栗山町,None,他Ｌ,0,トドマツ,None,10.0,水涵保,空知,None,141.948684,42.949432
None,2484,へ,水源涵養,栗山町,None,トドマツ,0,None,None,2.43,水涵保,空知,None,141.942185,42.951649
None,2484,ろ,水源涵養,栗山町,None,トドマツ,0,None,None,6.85,水涵保,空知,None,141.941807,42.949904
None,2484,と,水源涵養,栗山町,None,トドマツ,0,None,None,2.23,水涵保,空知,None,141.944124,42.948761
None,2485,ち,水源涵養,栗山町,None,トドマツ,0,None,None,2.23,水涵保,空知,None,141.945426,42.947575
None,2485,り,水源涵養,栗山町,None,トドマツ,0,None,None,2.08,水涵保,空知,None,141.946834,42.945241
イタヤカエデ,2503,い,水源涵養,栗山町,None,他Ｌ,3,シナノキ,None,17.93,水涵保,空知,None,141.946754,42.94074
イタヤカエデ,2485,い,水源涵養,栗山町,None,他Ｌ,1,ミズナラ,None,35.09,水涵保,空知,None,141.943108,42.946715
None,2485,と,水源涵養,栗山町,None,トドマツ,0,None,None,3.15,水涵保,空知,None,141.944763,42.944088
None,2485,へ,水源涵養,栗山町,None,トドマツ,0,None,None,1.13,水涵保,空知,None,141.941941,42.943828
None,2485,ぬ,水源涵養,栗山町,None,トドマツ,0,None,None,0.93,水涵保,空知,None,141.942953,42.942752
シナノキ,2485,い,水源涵養,栗山町,None,トドマツ,2,他Ｌ,None,6.2,水涵保,空知,None,141.933995,42.950928
None,2485,ろ,水源涵養,栗山町,None,トドマツ,0,None,None,6.0,水涵保,空知,None,141.938607,42.947581
ミズナラ,2484,い,水源涵養,栗山町,None,他Ｌ,2,シナノキ,None,13.42,水涵保,空知,None,141.944924,42.950003
None,2485,は,水源涵養,栗山町,None,トドマツ,0,None,None,14.0,水涵保,空知,None,141.93654,42.94972
None,2485,に,水源涵養,栗山町,None,トドマツ,0,None,None,1.5,水涵保,空知,None,141.939835,42.945687
None,2485,ほ,水源涵養,栗山町,None,トドマツ,0,None,None,1.15,水涵保,空知,None,141.940784,42.944778
None,2486,わ,水源涵養,栗山町,None,トドマツ,0,None,None,3.45,水涵保,空知,None,141.935373,42.94573
None,2503,に,水源涵養,栗山町,None,トドマツ,0,None,None,7.48,水涵保,空知,None,141.948109,42.93899
イタヤカエデ,2503,い,水源涵養,栗山町,None,他Ｌ,2,シナノキ,None,17.87,水涵保,空知,None,141.9488,42.937973
None,2503,ほ,水源涵養,栗山町,None,トドマツ,0,None,None,3.6,水涵保,空知,None,141.944973,42.939148
イタヤカエデ,2503,い,水源涵養,栗山町,None,他Ｌ,1,シナノキ,None,10.99,水涵保,空知,None,141.942141,42.93888
イタヤカエデ,2503,へ,水源涵養,栗山町,None,他Ｌ,0,シナノキ,None,2.88,水涵保,空知,None,141.946137,42.937818
シナノキ,2503,は,水源涵養,栗山町,None,トドマツ,0,他Ｌ,None,0.98,水涵保,空知,None,141.943626,42.936253
シナノキ,2503,ろ,水源涵養,栗山町,None,トドマツ,0,他Ｌ,None,1.99,水涵保,空知,None,141.942123,42.937573
None,2503,と,水源涵養,栗山町,None,トドマツ,0,None,None,4.6,水涵保,空知,None,141.947247,42.935334
シナノキ,2503,ぬ,水源涵養,栗山町,None,トドマツ,0,他Ｌ,None,0.97,水涵保,空知,None,141.944908,42.934577
イタヤカエデ,2512,い,水源涵養,栗山町,None,他Ｌ,1,トドマツ,None,33.91,水涵保,空知,None,141.948754,42.929947
イタヤカエデ,2511,い,水源涵養,栗山町,None,他Ｌ,0,トドマツ,None,33.61,水涵保,空知,None,141.942701,42.930177
シナノキ,2502,い,水源涵養,栗山町,None,他Ｌ,3,イタヤカエデ,None,22.35,水涵保,空知,None,141.940777,42.942083
None,2502,へ,水源涵養,栗山町,None,トドマツ,0,None,None,5.77,水涵保,空知,None,141.940976,42.939973
シナノキ,2502,い,水源涵養,栗山町,None,他Ｌ,1,イタヤカエデ,None,19.67,水涵保,空知,None,141.936091,42.939815
イタヤカエデ,2502,ほ,水源涵養,栗山町,None,トドマツ,0,他Ｌ,None,3.47,水涵保,空知,None,141.93402,42.938027
シナノキ,2502,い,水源涵養,栗山町,None,他Ｌ,3,イタヤカエデ,None,22.35,水涵保,空知,None,141.940036,42.935872
None,2503,ち,水源涵養,栗山町,None,トドマツ,0,None,None,4.9,水涵保,空知,None,141.943279,42.934003
イタヤカエデ,2502,ろ,水源涵養,栗山町,None,トドマツ,0,他Ｌ,None,0.65,水涵保,空知,None,141.939506,42.934828
イタヤカエデ,2502,に,水源涵養,栗山町,None,トドマツ,0,他Ｌ,None,0.61,水涵保,空知,None,141.938777,42.934483
イタヤカエデ,2502,ち,水源涵養,栗山町,None,トドマツ,0,他Ｌ,None,8.31,水涵保,空知,None,141.938791,42.935953
None,2502,イ,水源涵養,栗山町,None,None,0,None,None,0.98,None,空知,None,141.936173,42.932837
イタヤカエデ,2503,へ,水源涵養,栗山町,None,他Ｌ,0,シナノキ,None,2.88,水涵保,空知,None,141.940855,42.932338
None,2503,り,水源涵養,栗山町,None,トドマツ,0,None,None,5.93,水涵保,空知,None,141.93883,42.932067
イタヤカエデ,2502,は,水源涵養,栗山町,None,トドマツ,0,他Ｌ,None,3.21,水涵保,空知,None,141.935049,42.933894
イタヤカエデ,2503,へ,水源涵養,栗山町,None,他Ｌ,0,シナノキ,None,2.88,水涵保,空知,None,141.937394,42.930801
シナノキ,2502,い,水源涵養,栗山町,None,他Ｌ,3,イタヤカエデ,None,22.35,水涵保,空知,None,141.934387,42.932754
トドマツ,2519,い,水源涵養,栗山町,None,他Ｌ,0,シナノキ,None,17.37,水涵保,空知,None,141.964782,42.926176
ミズナラ,2516,い,水源涵養,栗山町,None,他Ｌ,0,トドマツ,None,23.48,水涵保,空知,None,141.959961,42.92571
ミズナラ,2516,ろ,水源涵養,栗山町,None,他Ｌ,0,トドマツ,None,22.23,水涵保,空知,None,141.961967,42.922005
他Ｌ,2517,ろ,水源涵養,栗山町,None,トドマツ,0,シナノキ,None,26.54,水涵保,空知,None,141.95557,42.929141
None,2516,イ,水源涵養,栗山町,None,None,0,None,None,0.12,水涵保,空知,None,141.956536,42.92598
None,2515,ハ,水源涵養,栗山町,None,None,0,None,None,0.04,None,空知,None,141.95647,42.925609
None,2516,ロ,水源涵養,栗山町,None,None,0,None,None,0.01,None,空知,None,141.956543,42.925649
None,2515,ロ,水源涵養,栗山町,None,None,0,None,None,0.47,水涵保,空知,None,141.956464,42.925459
ミズナラ,2515,は,水源涵養,栗山町,None,他Ｌ,0,トドマツ,None,22.24,水涵保,空知,None,141.957585,42.92171
None,2515,ロ,水源涵養,栗山町,None,None,0,None,None,0.47,水涵保,空知,None,141.955889,42.923407
None,2515,ハ,水源涵養,栗山町,None,None,0,None,None,0.04,None,空知,None,141.955782,42.923044
None,2515,ろ,水源涵養,栗山町,None,カラマツ,0,None,None,1.15,水涵保,空知,None,141.954996,42.920219
None,2515,ハ,水源涵養,栗山町,None,None,0,None,None,0.04,None,空知,None,141.954412,42.920344
None,2515,ロ,水源涵養,栗山町,None,None,0,None,None,0.47,水涵保,空知,None,141.954479,42.920537
None,2514,ロ,水源涵養,栗山町,None,None,0,None,None,0.33,水涵保,空知,None,141.954179,42.919849
None,2514,ろ,水源涵養,栗山町,None,カラマツ,0,None,None,2.39,水涵保,空知,None,141.953879,42.920136
ミズナラ,2515,い,水源涵養,栗山町,None,他Ｌ,0,トドマツ,None,50.06,水涵保,空知,None,141.951643,42.924914
None,2514,に,水源涵養,栗山町,None,ヤチダモ,0,None,None,1.35,水涵保,空知,None,141.950068,42.92055
トドマツ,2519,ろ,水源涵養,栗山町,None,他Ｌ,0,シナノキ,None,13.15,水涵保,空知,None,141.964394,42.915605
ミズナラ,2516,い,水源涵養,栗山町,None,他Ｌ,0,トドマツ,None,23.48,水涵保,空知,None,141.963615,42.915355
トドマツ,2514,い,水源涵養,栗山町,None,他Ｌ,2,イタヤカエデ,None,34.62,水涵保,空知,None,141.959408,42.918197
None,2514,ち,水源涵養,栗山町,None,トドマツ,0,None,None,1.18,水涵保,空知,None,141.958405,42.918775
トドマツ,2514,い,水源涵養,栗山町,None,他Ｌ,2,イタヤカエデ,None,34.62,水涵保,空知,None,141.957367,42.919352
None,2515,イ,水源涵養,栗山町,None,None,0,None,None,0.26,None,空知,None,141.960188,42.916789
None,2514,ろ,水源涵養,栗山町,None,カラマツ,0,None,None,2.39,水涵保,空知,None,141.955689,42.919368
None,2514,ほ,水源涵養,栗山町,None,ヤチダモ,0,None,None,0.75,水涵保,空知,None,141.95355,42.919463
None,2514,ぬ,水源涵養,栗山町,None,トドマツ,0,None,None,0.2,水涵保,空知,None,141.953105,42.9188
None,2512,に,水源涵養,栗山町,None,トドマツ,0,None,None,3.66,水涵保,空知,None,141.943537,42.926108
トドマツ,2514,い,水源涵養,栗山町,None,他Ｌ,2,イタヤカエデ,None,34.62,水涵保,空知,None,141.948009,42.924013
None,2514,は,水源涵養,栗山町,None,ヤチダモ,0,None,None,1.87,水涵保,空知,None,141.948062,42.923174
トドマツ,2514,い,水源涵養,栗山町,None,他Ｌ,2,イタヤカエデ,None,34.62,水涵保,空知,None,141.947283,42.923403
None,2512,へ,水源涵養,栗山町,None,トドマツ,0,None,None,5.02,水涵保,空知,None,141.945336,42.92325
トドマツ,2514,い,水源涵養,栗山町,None,他Ｌ,2,イタヤカエデ,None,34.62,水涵保,空知,None,141.946094,42.919348
イタヤカエデ,2512,は,水源涵養,栗山町,None,他Ｌ,0,トドマツ,None,26.52,水涵保,空知,None,141.941626,42.922069
イタヤカエデ,2511,ろ,水源涵養,栗山町,None,他Ｌ,0,トドマツ,None,33.31,水涵保,空知,None,141.937754,42.927567
None,2504,わ,水源涵養,栗山町,None,トドマツ,0,他Ｌ,None,6.98,水涵保,空知,None,141.934697,42.929857
トドマツ,2510,い,水源涵養,栗山町,None,他Ｌ,0,シナノキ,None,21.1,水涵保,空知,None,141.933376,42.924423
トドマツ,2510,り,水源涵養,栗山町,None,他Ｌ,0,シナノキ,None,15.5,水涵保,空知,None,141.936393,42.920175
イタヤカエデ,2512,ろ,水源涵養,栗山町,None,他Ｌ,0,トドマツ,None,6.04,水涵保,空知,None,141.941713,42.91909
None,2513,れ,水源涵養,栗山町,None,ウダイカンバ,0,None,None,0.13,水涵保,空知,None,141.942426,42.916122
イタヤカエデ,2513,い,水源涵養,栗山町,None,他Ｌ,1,シナノキ,None,37.67,水涵保,空知,None,141.942559,42.914511
None,2514,イ,水源涵養,栗山町,None,None,0,None,None,2.79,None,空知,None,141.945747,42.913587
トドマツ,2514,い,水源涵養,栗山町,None,他Ｌ,1,イタヤカエデ,None,17.38,水涵保,空知,None,141.94274,42.911744
None,2512,ほ,水源涵養,栗山町,None,トドマツ,0,None,None,6.02,水涵保,空知,None,141.93965,42.919474
シナノキ,2512,い,水源涵養,栗山町,None,他Ｌ,2,イタヤカエデ,None,1.86,水涵保,空知,None,141.938594,42.920162
None,2513,か,水源涵養,栗山町,None,トドマツ,0,None,None,0.23,水涵保,空知,None,141.940164,42.91522
None,2513,わ,水源涵養,栗山町,None,トドマツ,0,None,None,0.1,水涵保,空知,None,141.939377,42.915249
None,2513,に,水源涵養,栗山町,None,トドマツ,0,None,None,0.2,水涵保,空知,None,141.93879,42.914786
None,2510,と,水源涵養,栗山町,None,カラマツ,0,None,None,0.77,水涵保,空知,None,141.935157,42.918609
シナノキ,2512,い,水源涵養,栗山町,None,他Ｌ,2,イタヤカエデ,None,1.86,水涵保,空知,None,141.936824,42.916671
None,2513,る,水源涵養,栗山町,None,トドマツ,0,None,None,0.56,水涵保,空知,None,141.937365,42.914801
None,2513,り,水源涵養,栗山町,None,カラマツ,0,None,None,1.98,水涵保,空知,None,141.935908,42.914687
None,2510,は,水源涵養,栗山町,None,トドマツ,0,None,None,4.8,水涵保,空知,None,141.934439,42.916816
トドマツ,2510,ぬ,水源涵養,栗山町,None,他Ｌ,0,シナノキ,None,2.9,水涵保,空知,None,141.934595,42.914443
None,2510,ち,水源涵養,栗山町,None,カラマツ,0,None,None,0.59,水涵保,空知,None,141.934031,42.915249
None,2513,た,水源涵養,栗山町,None,ミズナラ,0,None,None,0.25,水涵保,空知,None,141.940736,42.913776
None,2513,と,水源涵養,栗山町,None,トドマツ,0,None,None,0.81,水涵保,空知,None,141.93979,42.911829
None,2513,ち,水源涵養,栗山町,None,カラマツ,0,None,None,4.21,水涵保,空知,None,141.93911,42.912889
None,2513,へ,水源涵養,栗山町,None,トドマツ,0,None,None,0.5,水涵保,空知,None,141.938433,42.911611
トドマツ,2514,い,水源涵養,栗山町,None,他Ｌ,1,イタヤカエデ,None,17.38,水涵保,空知,None,141.941145,42.90959
None,2514,へ,水源涵養,栗山町,None,カラマツ,0,None,None,5.64,水涵保,空知,None,141.940125,42.910719
None,2513,ぬ,水源涵養,栗山町,None,トドマツ,0,None,None,1.2,水涵保,空知,None,141.93695,42.912328
イタヤカエデ,2513,い,水源涵養,栗山町,None,他Ｌ,1,シナノキ,None,37.67,水涵保,空知,None,141.934645,42.910843
None,2513,よ,水源涵養,栗山町,None,ヤチダモ,0,None,None,0.32,水涵保,空知,None,141.935315,42.913664
イタヤカエデ,2513,い,水源涵養,栗山町,None,他Ｌ,1,シナノキ,None,37.67,水涵保,空知,None,141.934929,42.913451
None,2510,ろ,水源涵養,栗山町,None,トドマツ,0,None,None,1.2,水涵保,空知,None,141.934315,42.913303
None,2513,は,水源涵養,栗山町,None,ヤチダモ,0,None,None,0.12,水涵保,空知,None,141.935278,42.912734
イタヤカエデ,2513,い,水源涵養,栗山町,None,他Ｌ,1,シナノキ,None,37.67,水涵保,空知,None,141.935014,42.911819
トドマツ,2510,ぬ,水源涵養,栗山町,None,他Ｌ,0,シナノキ,None,2.9,水涵保,空知,None,141.934677,42.912701
None,2513,ほ,水源涵養,栗山町,None,トドマツ,0,None,None,0.95,水涵保,空知,None,141.937184,42.91119
None,2514,へ,水源涵養,栗山町,None,カラマツ,0,None,None,5.64,水涵保,空知,None,141.936419,42.909474
イタヤカエデ,2513,い,水源涵養,栗山町,None,他Ｌ,2,シナノキ,None,0.19,水涵保,空知,None,141.935554,42.910804
トドマツ,2514,り,水源涵養,栗山町,None,他Ｌ,0,イタヤカエデ,None,3.38,水涵保,空知,None,141.935686,42.910204
None,2510,ほ,水源涵養,栗山町,None,カラマツ,0,None,None,2.07,水涵保,空知,None,141.932094,42.911057
None,2513,イ,水源涵養,栗山町,None,None,0,None,None,0.29,水涵保,空知,None,141.933163,42.909929
None,2514,ハ,水源涵養,栗山町,None,None,0,None,None,0.27,水涵保,空知,None,141.933285,42.909789
None,2514,と,水源涵養,栗山町,None,カラマツ,0,None,None,0.29,水涵保,空知,None,141.93568,42.909424
None,2514,る,水源涵養,栗山町,None,アカエゾマツ,0,他Ｎ,None,0.54,水涵保,空知,None,141.934526,42.909339
None,2458,ろ,水源涵養,栗山町,None,トドマツ,0,None,None,4.47,水涵保,空知,None,141.932307,42.994788
シナノキ,2459,た,水源涵養,栗山町,None,トドマツ,0,他Ｌ,None,1.28,水涵保,空知,None,141.933226,42.993625
シナノキ,2459,む,水源涵養,栗山町,None,他Ｌ,0,トドマツ,None,1.93,水涵保,空知,None,141.933573,42.992522
None,2458,ろ,水源涵養,栗山町,None,トドマツ,0,None,None,4.47,水涵保,空知,None,141.931262,42.994743
None,2458,ろ,水源涵養,栗山町,None,トドマツ,0,None,None,4.47,水涵保,空知,None,141.931055,42.993415
トドマツ,2458,い,水源涵養,栗山町,None,他Ｌ,2,イタヤカエデ,None,10.8,水涵保,空知,None,141.930811,42.994022
None,2458,ぬ,水源涵養,栗山町,None,トドマツ,0,None,None,0.46,水涵保,空知,None,141.929984,42.993953
シナノキ,2459,ぬ,水源涵養,栗山町,None,トドマツ,0,他Ｌ,None,2.2,水涵保,空知,None,141.932867,42.991538
イタヤカエデ,2459,い,水源涵養,栗山町,None,他Ｌ,1,トドマツ,None,9.31,水涵保,空知,None,141.9336,42.987588
None,2458,は,水源涵養,栗山町,None,トドマツ,0,None,None,0.66,水涵保,空知,None,141.931047,42.991437
None,2458,は,水源涵養,栗山町,None,トドマツ,0,None,None,0.66,水涵保,空知,None,141.930671,42.991976
イタヤカエデ,2459,る,水源涵養,栗山町,None,トドマツ,0,他Ｌ,None,0.49,水涵保,空知,None,141.931578,42.990513
トドマツ,2458,い,水源涵養,栗山町,None,他Ｌ,2,イタヤカエデ,None,10.8,水涵保,空知,None,141.930129,42.988078
イタヤカエデ,2458,い,水源涵養,栗山町,None,他Ｌ,1,トドマツ,None,32.7,水涵保,空知,None,141.928918,42.993366
None,2458,に,水源涵養,栗山町,None,トドマツ,0,None,None,0.26,水涵保,空知,None,141.928123,42.992584
None,2458,ほ,水源涵養,栗山町,None,トドマツ,0,None,None,2.78,水涵保,空知,None,141.929326,42.989783
イタヤカエデ,2458,わ,水源涵養,栗山町,None,トドマツ,0,他Ｌ,None,2.32,水涵保,空知,None,141.92787,42.989659
None,2458,る,水源涵養,栗山町,None,トドマツ,0,None,None,0.82,水涵保,空知,None,141.927064,42.991524
イタヤカエデ,2458,い,水源涵養,栗山町,None,他Ｌ,1,トドマツ,None,32.7,水涵保,空知,None,141.927242,42.989809
None,2459,ろ,水源涵養,栗山町,None,トドマツ,0,None,None,4.18,水涵保,空知,None,141.932425,42.988114
None,2458,ほ,水源涵養,栗山町,None,トドマツ,0,None,None,2.78,水涵保,空知,None,141.929738,42.988917
None,2458,ロ,水源涵養,栗山町,None,None,0,None,None,5.14,None,空知,None,141.932932,42.985826
None,2461,と,水源涵養,栗山町,None,トドマツ,0,None,None,0.18,水涵保,空知,None,141.932644,42.984324
トドマツ,2461,い,水源涵養,栗山町,None,他Ｌ,0,シナノキ,None,18.13,水涵保,空知,None,141.935817,42.985704
イタヤカエデ,2458,よ,水源涵養,栗山町,None,トドマツ,0,他Ｌ,None,5.03,水涵保,空知,None,141.930365,42.986696
None,2458,ち,水源涵養,栗山町,None,トドマツ,0,None,None,1.43,水涵保,空知,None,141.931221,42.984853
イタヤカエデ,2458,い,水源涵養,栗山町,None,他Ｌ,1,トドマツ,None,32.7,水涵保,空知,None,141.932362,42.986309
None,2458,ロ,水源涵養,栗山町,None,None,0,None,None,5.14,None,空知,None,141.923668,42.985581
トドマツ,2458,い,水源涵養,栗山町,None,他Ｌ,2,イタヤカエデ,None,10.8,水涵保,空知,None,141.928101,42.988604
None,2458,へ,水源涵養,栗山町,None,トドマツ,0,None,None,2.95,水涵保,空知,None,141.929353,42.987642
None,2458,へ,水源涵養,栗山町,None,トドマツ,0,None,None,2.95,水涵保,空知,None,141.929765,42.987107
None,2458,へ,水源涵養,栗山町,None,トドマツ,0,None,None,2.95,水涵保,空知,None,141.927949,42.987246
None,2458,と,水源涵養,栗山町,None,トドマツ,0,None,None,0.83,水涵保,空知,None,141.92797,42.986001
イタヤカエデ,2458,よ,水源涵養,栗山町,None,トドマツ,0,他Ｌ,None,5.03,水涵保,空知,None,141.927176,42.985252
None,2450,ほ,水源涵養,栗山町,None,トドマツ,0,None,None,4.3,水涵保,空知,None,141.925507,42.992436
ミズナラ,2450,い,水源涵養,栗山町,None,トドマツ,0,他Ｌ,None,25.36,水涵保,空知,None,141.923032,42.991827
None,2450,に,水源涵養,栗山町,None,カラマツ,0,None,None,8.82,水涵保,空知,None,141.920861,42.989326
ミズナラ,2450,ぬ,水源涵養,栗山町,None,トドマツ,0,他Ｌ,None,5.37,水涵保,空知,None,141.92046,42.991215
シナノキ,2458,か,水源涵養,栗山町,None,トドマツ,0,他Ｌ,None,2.83,水涵保,空知,None,141.925096,42.986912
None,2458,り,水源涵養,栗山町,None,トドマツ,0,None,None,0.47,水涵保,空知,None,141.924484,42.987837
イタヤカエデ,2458,い,水源涵養,栗山町,None,他Ｌ,1,トドマツ,None,32.7,水涵保,空知,None,141.924108,42.986138
シナノキ,2458,た,水源涵養,栗山町,None,トドマツ,0,他Ｌ,None,12.19,水涵保,空知,None,141.924451,42.984939
シナノキ,2458,た,水源涵養,栗山町,None,トドマツ,0,他Ｌ,None,12.19,水涵保,空知,None,141.922129,42.986902
ミズナラ,2450,り,水源涵養,栗山町,None,トドマツ,0,他Ｌ,None,2.18,水涵保,空知,None,141.918535,42.989132
None,2457,ほ,水源涵養,栗山町,None,トドマツ,0,None,None,1.16,水涵保,空知,None,141.921176,42.985924
シナノキ,2457,た,水源涵養,栗山町,None,トドマツ,0,他Ｌ,None,3.94,水涵保,空知,None,141.921314,42.984805
シナノキ,2457,い,水源涵養,栗山町,None,他Ｌ,0,トドマツ,None,33.43,水涵保,空知,None,141.921677,42.986173
シナノキ,2457,れ,水源涵養,栗山町,None,トドマツ,0,他Ｌ,None,0.55,水涵保,空知,None,141.919336,42.986073
シナノキ,2457,れ,水源涵養,栗山町,None,トドマツ,0,他Ｌ,None,0.55,水涵保,空知,None,141.919682,42.985481
None,2457,ち,水源涵養,栗山町,None,トドマツ,0,None,None,0.43,水涵保,空知,None,141.919126,42.984715
シナノキ,2457,い,水源涵養,栗山町,None,他Ｌ,0,トドマツ,None,33.43,水涵保,空知,None,141.918417,42.985089
None,2462,ほ,水源涵養,栗山町,None,トドマツ,0,None,None,4.81,水涵保,空知,None,141.932585,42.980248
None,2462,へ,水源涵養,栗山町,None,トドマツ,0,None,None,4.72,水涵保,空知,None,141.92783,42.978806
イタヤカエデ,2458,い,水源涵養,栗山町,None,他Ｌ,1,トドマツ,None,32.7,水涵保,空知,None,141.928372,42.983252
None,2461,ろ,水源涵養,栗山町,None,トドマツ,0,None,None,7.22,水涵保,空知,None,141.929912,42.982273
None,2458,イ,水源涵養,栗山町,None,None,0,None,None,0.82,None,空知,None,141.925439,42.982901
イタヤカエデ,2458,よ,水源涵養,栗山町,None,トドマツ,0,他Ｌ,None,5.03,水涵保,空知,None,141.926513,42.98397
イタヤカエデ,2458,い,水源涵養,栗山町,None,他Ｌ,1,トドマツ,None,32.7,水涵保,空知,None,141.926172,42.983322
トドマツ,2462,い,水源涵養,栗山町,None,他Ｌ,0,シナノキ,None,24.73,水涵保,空知,None,141.928527,42.979396
None,2461,は,水源涵養,栗山町,None,トドマツ,0,None,None,2.53,水涵保,空知,None,141.926908,42.981072
None,2461,に,水源涵養,栗山町,None,トドマツ,0,None,None,1.05,水涵保,空知,None,141.926143,42.979619
トドマツ,2464,い,水源涵養,栗山町,None,他Ｌ,2,シナノキ,None,4.1,水涵保,空知,None,141.932545,42.976957
None,2464,ロ,水源涵養,栗山町,None,None,0,None,None,0.66,None,空知,None,141.933548,42.976945
ミズナラ,2465,ほ,水源涵養,栗山町,None,トドマツ,0,他Ｌ,None,8.62,水涵保,空知,None,141.932363,42.975559
None,2466,に,水源涵養,栗山町,None,トドマツ,0,None,None,2.9,水涵保,空知,None,141.932595,42.974124
None,2466,に,水源涵養,栗山町,None,トドマツ,0,None,None,2.9,水涵保,空知,None,141.931448,42.972591
イタヤカエデ,2466,い,水源涵養,栗山町,None,他Ｌ,0,ミズナラ,None,23.23,水涵保,空知,None,141.933383,42.969713
イタヤカエデ,2466,り,水源涵養,栗山町,None,トドマツ,0,他Ｌ,None,23.47,水涵保,空知,None,141.930543,42.976008
イタヤカエデ,2466,り,水源涵養,栗山町,None,トドマツ,0,他Ｌ,None,23.47,水涵保,空知,None,141.930136,42.973423
None,2462,イ,水源涵養,栗山町,None,None,0,None,None,2.14,None,空知,None,141.925948,42.978783
None,2462,と,水源涵養,栗山町,None,トドマツ,0,None,None,1.46,水涵保,空知,None,141.927499,42.977739
トドマツ,2462,い,水源涵養,栗山町,None,他Ｌ,0,シナノキ,None,24.73,水涵保,空知,None,141.928897,42.977295
イタヤカエデ,2466,い,水源涵養,栗山町,None,他Ｌ,0,ミズナラ,None,23.23,水涵保,空知,None,141.929622,42.975595
イタヤカエデ,2466,り,水源涵養,栗山町,None,トドマツ,0,他Ｌ,None,23.47,水涵保,空知,None,141.929091,42.974649
イタヤカエデ,2466,い,水源涵養,栗山町,None,他Ｌ,0,ミズナラ,None,23.23,水涵保,空知,None,141.929059,42.97385
イタヤカエデ,2466,り,水源涵養,栗山町,None,トドマツ,0,他Ｌ,None,23.47,水涵保,空知,None,141.926734,42.975957
イタヤカエデ,2466,い,水源涵養,栗山町,None,他Ｌ,0,ミズナラ,None,23.23,水涵保,空知,None,141.927403,42.974422
None,2466,へ,水源涵養,栗山町,None,トドマツ,0,None,None,2.32,水涵保,空知,None,141.92775,42.973179
None,2457,ロ,水源涵養,栗山町,None,None,0,None,None,8.18,None,空知,None,141.919462,42.983077
シナノキ,2457,た,水源涵養,栗山町,None,トドマツ,0,他Ｌ,None,3.94,水涵保,空知,None,141.921696,42.98545
None,2457,り,水源涵養,栗山町,None,トドマツ,0,None,None,0.59,水涵保,空知,None,141.922241,42.983876
シナノキ,2457,た,水源涵養,栗山町,None,トドマツ,0,他Ｌ,None,3.94,水涵保,空知,None,141.92257,42.982968
シナノキ,2457,た,水源涵養,栗山町,None,トドマツ,0,他Ｌ,None,3.94,水涵保,空知,None,141.923145,42.981834
None,2461,イ,水源涵養,栗山町,None,None,0,None,None,0.97,None,空知,None,141.925715,42.980259
トドマツ,2461,い,水源涵養,栗山町,None,他Ｌ,0,シナノキ,None,18.13,水涵保,空知,None,141.925193,42.98073
None,2461,に,水源涵養,栗山町,None,トドマツ,0,None,None,1.05,水涵保,空知,None,141.925051,42.979521
シナノキ,2457,い,水源涵養,栗山町,None,他Ｌ,0,トドマツ,None,33.43,水涵保,空知,None,141.923234,42.980291
None,2457,ろ,水源涵養,栗山町,None,ヤチダモ,0,None,None,1.1,水涵保,空知,None,141.923453,42.979092
None,2457,ろ,水源涵養,栗山町,None,ヤチダモ,0,None,None,1.1,水涵保,空知,None,141.922864,42.979278
None,2457,イ,水源涵養,栗山町,None,None,0,None,None,1.45,None,空知,None,141.919044,42.977677
None,2457,ろ,水源涵養,栗山町,None,ヤチダモ,0,None,None,1.1,水涵保,空知,None,141.922693,42.97868
None,2457,ぬ,水源涵養,栗山町,None,トドマツ,0,None,None,1.58,水涵保,空知,None,141.920612,42.983588
シナノキ,2457,い,水源涵養,栗山町,None,他Ｌ,0,トドマツ,None,33.43,水涵保,空知,None,141.921959,42.978865
イタヤカエデ,2457,そ,水源涵養,栗山町,None,トドマツ,0,他Ｌ,None,6.49,水涵保,空知,None,141.92113,42.982201
None,2457,ぬ,水源涵養,栗山町,None,トドマツ,0,None,None,1.58,水涵保,空知,None,141.918819,42.982924
None,2457,る,水源涵養,栗山町,None,トドマツ,0,None,None,0.53,水涵保,空知,None,141.919682,42.981516
None,2457,わ,水源涵養,栗山町,None,トドマツ,0,None,None,1.02,水涵保,空知,None,141.918433,42.981496
イタヤカエデ,2457,つ,水源涵養,栗山町,None,トドマツ,0,他Ｌ,None,0.52,水涵保,空知,None,141.921742,42.981189
None,2457,け,水源涵養,栗山町,None,トドマツ,0,None,None,0.47,水涵保,空知,None,141.921862,42.980127
None,2457,け,水源涵養,栗山町,None,トドマツ,0,None,None,0.47,水涵保,空知,None,141.921302,42.980633
イタヤカエデ,2457,そ,水源涵養,栗山町,None,トドマツ,0,他Ｌ,None,6.49,水涵保,空知,None,141.920451,42.980015
シナノキ,2457,い,水源涵養,栗山町,None,他Ｌ,0,トドマツ,None,33.43,水涵保,空知,None,141.923099,42.978545
シナノキ,2457,い,水源涵養,栗山町,None,他Ｌ,0,トドマツ,None,33.43,水涵保,空知,None,141.922668,42.978191
None,2467,か,水源涵養,栗山町,None,トドマツ,0,None,None,2.74,水涵保,空知,None,141.922884,42.976745
シナノキ,2467,わ,水源涵養,栗山町,None,トドマツ,0,他Ｌ,None,5.04,水涵保,空知,None,141.923459,42.975676
None,2466,と,水源涵養,栗山町,None,トドマツ,0,None,None,1.69,水涵保,空知,None,141.926105,42.975389
None,2467,り,水源涵養,栗山町,None,トドマツ,0,None,None,0.93,水涵保,空知,None,141.924518,42.975581
None,2467,ち,水源涵養,栗山町,None,トドマツ,0,None,None,2.97,水涵保,空知,None,141.922503,42.973798
None,2457,は,水源涵養,栗山町,None,トドマツ,0,None,None,0.82,水涵保,空知,None,141.920607,42.978103
None,2457,は,水源涵養,栗山町,None,トドマツ,0,None,None,0.82,水涵保,空知,None,141.921029,42.977638
None,2467,ぬ,水源涵養,栗山町,None,トドマツ,0,None,None,3.0,水涵保,空知,None,141.920886,42.975962
シナノキ,2457,い,水源涵養,栗山町,None,他Ｌ,0,トドマツ,None,33.43,水涵保,空知,None,141.919553,42.977615
シナノキ,2457,い,水源涵養,栗山町,None,他Ｌ,0,トドマツ,None,33.43,水涵保,空知,None,141.918871,42.977063
None,2457,に,水源涵養,栗山町,None,トドマツ,0,None,None,0.53,水涵保,空知,None,141.919097,42.977339
シナノキ,2467,わ,水源涵養,栗山町,None,トドマツ,0,他Ｌ,None,5.04,水涵保,空知,None,141.920552,42.974916
イタヤカエデ,2467,い,水源涵養,栗山町,None,他Ｌ,0,シナノキ,None,19.14,水涵保,空知,None,141.921814,42.97383
None,2467,ち,水源涵養,栗山町,None,トドマツ,0,None,None,2.97,水涵保,空知,None,141.921082,42.973336
None,2467,と,水源涵養,栗山町,None,トドマツ,0,None,None,1.76,水涵保,空知,None,141.918424,42.974665
シナノキ,2467,た,水源涵養,栗山町,None,トドマツ,0,他Ｌ,None,6.87,水涵保,空知,None,141.918914,42.973821
シナノキ,2467,た,水源涵養,栗山町,None,トドマツ,0,他Ｌ,None,6.87,水涵保,空知,None,141.918375,42.973924
None,2449,ほ,水源涵養,栗山町,None,トドマツ,0,None,None,3.26,水涵保,空知,None,141.914922,42.993124
ミズナラ,2450,る,水源涵養,栗山町,None,トドマツ,0,他Ｌ,None,2.4,水涵保,空知,None,141.916668,42.992228
None,2450,イ,水源涵養,栗山町,None,None,0,None,None,3.3,None,空知,None,141.916453,42.989762
ミズナラ,2450,る,水源涵養,栗山町,None,トドマツ,0,他Ｌ,None,2.4,水涵保,空知,None,141.916507,42.991344
ミズナラ,2450,い,水源涵養,栗山町,None,トドマツ,0,他Ｌ,None,25.36,水涵保,空知,None,141.916995,42.990478
ミズナラ,2450,い,水源涵養,栗山町,None,トドマツ,0,他Ｌ,None,25.36,水涵保,空知,None,141.914631,42.989997
None,2449,に,水源涵養,栗山町,None,トドマツ,0,None,None,2.55,水涵保,空知,None,141.913151,42.993947
ミズナラ,2450,い,水源涵養,栗山町,None,トドマツ,0,他Ｌ,None,25.36,水涵保,空知,None,141.913896,42.992276
None,2450,ろ,水源涵養,栗山町,None,トドマツ,0,None,None,10.41,水涵保,空知,None,141.912988,42.992746
シナノキ,2449,い,水源涵養,栗山町,None,トドマツ,0,他Ｌ,None,14.16,水涵保,空知,None,141.911727,42.993573
ミズナラ,2449,ち,水源涵養,栗山町,None,トドマツ,0,他Ｌ,None,6.02,水涵保,空知,None,141.910357,42.994624
None,2449,に,水源涵養,栗山町,None,トドマツ,0,None,None,2.55,水涵保,空知,None,141.91115,42.993512
None,2450,ロ,水源涵養,栗山町,None,None,0,None,None,0.13,水涵保,空知,None,141.91141,42.992855
シナノキ,2449,へ,水源涵養,栗山町,None,トドマツ,0,他Ｌ,None,13.2,水涵保,空知,None,141.910949,42.992971
None,2449,ロ,水源涵養,栗山町,None,None,0,None,None,0.95,水涵保,空知,None,141.911371,42.993052
None,2449,ハ,水源涵養,栗山町,None,None,0,None,None,0.05,水涵保,空知,None,141.911281,42.992948
ミズナラ,2450,へ,水源涵養,栗山町,None,トドマツ,0,他Ｌ,None,0.85,水涵保,空知,None,141.9111,42.992492
None,2450,ろ,水源涵養,栗山町,None,トドマツ,0,None,None,10.41,水涵保,空知,None,141.912137,42.991292
ミズナラ,2450,い,水源涵養,栗山町,None,トドマツ,0,他Ｌ,None,25.36,水涵保,空知,None,141.912383,42.989837
None,2450,ろ,水源涵養,栗山町,None,トドマツ,0,None,None,10.41,水涵保,空知,None,141.911398,42.989931
None,2450,ろ,水源涵養,栗山町,None,トドマツ,0,None,None,10.41,水涵保,空知,None,141.910432,42.990112
None,2451,ハ,水源涵養,栗山町,None,None,0,None,None,0.09,水涵保,空知,None,141.910615,42.989779
None,2450,ロ,水源涵養,栗山町,None,None,0,None,None,0.13,水涵保,空知,None,141.910861,42.989968
None,2452,ロ,水源涵養,栗山町,None,None,0,None,None,1.11,水涵保,空知,None,141.91073,42.989403
None,2452,イ,水源涵養,栗山町,None,None,0,None,None,0.09,None,空知,None,141.910733,42.989553
None,2450,は,水源涵養,栗山町,None,トドマツ,0,None,None,8.97,水涵保,空知,None,141.917245,42.98892
None,2450,は,水源涵養,栗山町,None,トドマツ,0,None,None,8.97,水涵保,空知,None,141.91746,42.987193
ミズナラ,2450,ち,水源涵養,栗山町,None,トドマツ,0,他Ｌ,None,1.6,水涵保,空知,None,141.916019,42.989057
None,2450,ろ,水源涵養,栗山町,None,トドマツ,0,None,None,10.41,水涵保,空知,None,141.914316,42.988718
None,2452,た,水源涵養,栗山町,None,トドマツ,0,None,None,3.53,水涵保,空知,None,141.915409,42.987269
None,2457,へ,水源涵養,栗山町,None,トドマツ,0,None,None,1.95,水涵保,空知,None,141.917955,42.984378
None,2452,よ,水源涵養,栗山町,None,トドマツ,0,None,None,4.49,水涵保,空知,None,141.916412,42.985883
イタヤカエデ,2452,い,水源涵養,栗山町,None,他Ｌ,2,シナノキ,None,1.14,水涵保,空知,None,141.916546,42.985365
None,2452,よ,水源涵養,栗山町,None,トドマツ,0,None,None,4.49,水涵保,空知,None,141.914773,42.984988
シナノキ,2457,い,水源涵養,栗山町,None,他Ｌ,0,トドマツ,None,33.43,水涵保,空知,None,141.914132,42.98335
None,2452,ぬ,水源涵養,栗山町,None,カラマツ,0,None,None,9.1,水涵保,空知,None,141.913979,42.984563
他Ｌ,2452,い,水源涵養,栗山町,None,トドマツ,1,イタヤカエデ,None,18.87,水涵保,空知,None,141.912516,42.987602
None,2452,ち,水源涵養,栗山町,None,トドマツ,0,None,None,3.07,水涵保,空知,None,141.911905,42.988824
None,2452,ち,水源涵養,栗山町,None,トドマツ,0,None,None,3.07,水涵保,空知,None,141.909803,42.987844
None,2452,ニ,水源涵養,栗山町,None,None,0,None,None,1.36,None,空知,None,141.909796,42.987488
None,2452,ロ,水源涵養,栗山町,None,None,0,None,None,1.11,水涵保,空知,None,141.910539,42.987697
None,2452,イ,水源涵養,栗山町,None,None,0,None,None,0.09,None,空知,None,141.910351,42.987566
None,2452,れ,水源涵養,栗山町,None,トドマツ,0,None,None,2.31,水涵保,空知,None,141.912369,42.986305
None,2452,よ,水源涵養,栗山町,None,トドマツ,0,None,None,4.49,水涵保,空知,None,141.912769,42.984799
シナノキ,2450,と,水源涵養,栗山町,None,トドマツ,0,他Ｌ,None,3.85,水涵保,空知,None,141.909527,42.991294
トドマツ,2451,い,水源涵養,栗山町,None,他Ｌ,0,シナノキ,None,4.98,水涵保,空知,None,141.909805,42.990217
None,2451,り,水源涵養,栗山町,None,トドマツ,0,None,None,3.41,水涵保,空知,None,141.908876,42.990446
シナノキ,2451,ぬ,水源涵養,栗山町,None,トドマツ,0,他Ｌ,None,5.63,水涵保,空知,None,141.907465,42.991143
None,2451,り,水源涵養,栗山町,None,トドマツ,0,None,None,3.41,水涵保,空知,None,141.908188,42.989432
None,2448,い,水源涵養,栗山町,None,トドマツ,0,None,None,17.07,水涵保,空知,None,141.904984,42.993118
None,2448,は,水源涵養,栗山町,None,トドマツ,0,None,None,1.07,水涵保,空知,None,141.902487,42.991029
None,2451,に,水源涵養,栗山町,None,トドマツ,0,ヤチダモ,None,1.04,水涵保,空知,None,141.906041,42.991382
トドマツ,2451,い,水源涵養,栗山町,None,他Ｌ,0,シナノキ,None,4.98,水涵保,空知,None,141.905817,42.990131
None,2451,ち,水源涵養,栗山町,None,トドマツ,0,None,None,4.11,水涵保,空知,None,141.903563,42.99076
シナノキ,2452,そ,水源涵養,栗山町,None,トドマツ,0,他Ｌ,None,11.89,水涵保,空知,None,141.910277,42.989103
None,2451,り,水源涵養,栗山町,None,トドマツ,0,None,None,3.41,水涵保,空知,None,141.910208,42.989766
None,2452,ハ,水源涵養,栗山町,None,None,0,None,None,0.78,None,空知,None,141.906326,42.988067
他Ｌ,2452,い,水源涵養,栗山町,None,トドマツ,1,イタヤカエデ,None,18.87,水涵保,空知,None,141.91002,42.986671
ミズナラ,2452,ね,水源涵養,栗山町,None,トドマツ,0,他Ｌ,None,6.6,水涵保,空知,None,141.909077,42.985932
None,2452,ロ,水源涵養,栗山町,None,None,0,None,None,1.11,水涵保,空知,None,141.909881,42.984887
ミズナラ,2452,ね,水源涵養,栗山町,None,トドマツ,0,他Ｌ,None,6.6,水涵保,空知,None,141.909009,42.984672
ミズナラ,2452,ね,水源涵養,栗山町,None,トドマツ,0,他Ｌ,None,6.6,水涵保,空知,None,141.907262,42.986012
None,2452,ホ,水源涵養,栗山町,None,None,0,None,None,0.43,水涵保,空知,None,141.908191,42.984138
シナノキ,2452,つ,水源涵養,栗山町,None,トドマツ,0,他Ｌ,None,7.08,水涵保,空知,None,141.907367,42.98537
None,2452,と,水源涵養,栗山町,None,トドマツ,0,None,None,1.39,水涵保,空知,None,141.90735,42.984929
None,2452,と,水源涵養,栗山町,None,トドマツ,0,None,None,1.39,水涵保,空知,None,141.906491,42.984794
None,2451,ニ,水源涵養,栗山町,None,None,0,None,None,1.23,None,空知,None,141.906633,42.989058
トドマツ,2451,い,水源涵養,栗山町,None,他Ｌ,0,シナノキ,None,4.98,水涵保,空知,None,141.90549,42.989253
シナノキ,2451,ぬ,水源涵養,栗山町,None,トドマツ,0,他Ｌ,None,5.63,水涵保,空知,None,141.905909,42.989128
None,2452,へ,水源涵養,栗山町,None,トドマツ,0,None,None,1.66,水涵保,空知,None,141.904875,42.987729
None,2451,は,水源涵養,栗山町,None,トドマツ,0,ヤチダモ,None,6.98,水涵保,空知,None,141.902977,42.988786
シナノキ,2452,つ,水源涵養,栗山町,None,トドマツ,0,他Ｌ,None,7.08,水涵保,空知,None,141.905834,42.98623
シナノキ,2452,つ,水源涵養,栗山町,None,トドマツ,0,他Ｌ,None,7.08,水涵保,空知,None,141.90512,42.984677
シナノキ,2452,そ,水源涵養,栗山町,None,トドマツ,0,他Ｌ,None,11.89,水涵保,空知,None,141.902899,42.986835
シナノキ,2457,い,水源涵養,栗山町,None,他Ｌ,0,トドマツ,None,33.43,水涵保,空知,None,141.916236,42.983984
None,2457,と,水源涵養,栗山町,None,トドマツ,0,None,None,1.2,水涵保,空知,None,141.916834,42.983953
None,2457,か,水源涵養,栗山町,None,トドマツ,0,None,None,1.09,水涵保,空知,None,141.917372,42.982386
シナノキ,2457,い,水源涵養,栗山町,None,他Ｌ,0,トドマツ,None,33.43,水涵保,空知,None,141.914663,42.982808
イタヤカエデ,2457,ま,水源涵養,栗山町,None,トドマツ,0,他Ｌ,None,0.58,水涵保,空知,None,141.915559,42.982394
None,2457,よ,水源涵養,栗山町,None,トドマツ,0,None,None,0.3,水涵保,空知,None,141.9158,42.981592
シナノキ,2457,う,水源涵養,栗山町,None,他Ｌ,0,トドマツ,None,2.06,水涵保,空知,None,141.914687,42.981811
None,2457,ロ,水源涵養,栗山町,None,None,0,None,None,8.18,None,空知,None,141.914271,42.982099
イタヤカエデ,2457,ね,水源涵養,栗山町,None,トドマツ,0,他Ｌ,None,1.69,水涵保,空知,None,141.916579,42.980771
シナノキ,2457,い,水源涵養,栗山町,None,他Ｌ,0,トドマツ,None,33.43,水涵保,空知,None,141.917761,42.979466
シナノキ,2457,む,水源涵養,栗山町,None,トドマツ,0,他Ｌ,None,0.88,水涵保,空知,None,141.916785,42.97944
シナノキ,2457,い,水源涵養,栗山町,None,他Ｌ,0,トドマツ,None,33.43,水涵保,空知,None,141.91457,42.97908
None,2452,よ,水源涵養,栗山町,None,トドマツ,0,None,None,4.49,水涵保,空知,None,141.913072,42.983505
None,2457,く,水源涵養,栗山町,None,トドマツ,0,None,None,0.48,水涵保,空知,None,141.91332,42.982865
None,2457,や,水源涵養,栗山町,None,トドマツ,0,None,None,0.1,水涵保,空知,None,141.913419,42.981395
None,2457,く,水源涵養,栗山町,None,トドマツ,0,None,None,0.48,水涵保,空知,None,141.913206,42.982334
None,2457,ハ,水源涵養,栗山町,None,None,1,None,None,0.06,水涵保,空知,None,141.912736,42.982345
シナノキ,2457,う,水源涵養,栗山町,None,他Ｌ,0,トドマツ,None,2.06,水涵保,空知,None,141.913051,42.981862
None,2452,る,水源涵養,栗山町,None,ヤチダモ,0,None,None,0.3,水涵保,空知,None,141.911572,42.982903
None,2452,ぬ,水源涵養,栗山町,None,カラマツ,0,None,None,9.1,水涵保,空知,None,141.910875,42.983703
None,2452,よ,水源涵養,栗山町,None,トドマツ,0,None,None,4.49,水涵保,空知,None,141.912085,42.983052
シナノキ,2457,い,水源涵養,栗山町,None,他Ｌ,0,トドマツ,None,33.43,水涵保,空知,None,141.911969,42.98214
シナノキ,2457,う,水源涵養,栗山町,None,他Ｌ,0,トドマツ,None,2.06,水涵保,空知,None,141.912199,42.982183
None,2457,の,水源涵養,栗山町,None,トドマツ,0,None,None,1.37,水涵保,空知,None,141.911302,42.981507
イタヤカエデ,2452,い,水源涵養,栗山町,None,他Ｌ,2,シナノキ,None,1.14,水涵保,空知,None,141.910411,42.982106
シナノキ,2457,い,水源涵養,栗山町,None,他Ｌ,0,トドマツ,None,33.43,水涵保,空知,None,141.912899,42.980651
None,2457,お,水源涵養,栗山町,None,トドマツ,0,None,None,0.81,水涵保,空知,None,141.913527,42.979652
シナノキ,2457,い,水源涵養,栗山町,None,他Ｌ,0,トドマツ,None,33.43,水涵保,空知,None,141.912249,42.979328
None,2456,ほ,水源涵養,栗山町,None,トドマツ,0,None,None,2.71,水涵保,空知,None,141.910603,42.980346
イタヤカエデ,2457,ら,水源涵養,栗山町,None,他Ｌ,0,トドマツ,None,3.84,水涵保,空知,None,141.911909,42.979987
None,2456,ち,水源涵養,栗山町,None,トドマツ,0,None,None,0.29,水涵保,空知,None,141.912144,42.978922
シナノキ,2456,い,水源涵養,栗山町,None,トドマツ,0,他Ｌ,None,21.18,水涵保,空知,None,141.910454,42.978943
シナノキ,2457,な,水源涵養,栗山町,None,トドマツ,0,他Ｌ,None,3.41,水涵保,空知,None,141.916646,42.977715
シナノキ,2457,い,水源涵養,栗山町,None,他Ｌ,0,トドマツ,None,33.43,水涵保,空知,None,141.917045,42.976816
シナノキ,2456,は,水源涵養,栗山町,None,トドマツ,0,他Ｌ,None,5.28,水涵保,空知,None,141.915076,42.976144
None,2468,ほ,水源涵養,栗山町,None,トドマツ,0,None,None,3.11,水涵保,空知,None,141.916505,42.974826
None,2468,ほ,水源涵養,栗山町,None,トドマツ,0,None,None,3.11,水涵保,空知,None,141.916478,42.973903
None,2456,か,水源涵養,栗山町,None,トドマツ,0,None,None,0.3,水涵保,空知,None,141.915735,42.975893
シナノキ,2456,い,水源涵養,栗山町,None,トドマツ,0,他Ｌ,None,21.18,水涵保,空知,None,141.9144,42.975459
シナノキ,2456,は,水源涵養,栗山町,None,トドマツ,0,他Ｌ,None,5.28,水涵保,空知,None,141.914129,42.977748
None,2456,ぬ,水源涵養,栗山町,None,トドマツ,0,None,None,0.68,水涵保,空知,None,141.912495,42.977921
None,2456,ぬ,水源涵養,栗山町,None,トドマツ,0,None,None,0.68,水涵保,空知,None,141.9125,42.977068
シナノキ,2456,い,水源涵養,栗山町,None,トドマツ,0,他Ｌ,None,21.18,水涵保,空知,None,141.913906,42.976306
None,2456,へ,水源涵養,栗山町,None,トドマツ,0,None,None,0.82,水涵保,空知,None,141.911177,42.978282
None,2456,と,水源涵養,栗山町,None,トドマツ,0,None,None,0.4,水涵保,空知,None,141.911827,42.977058
None,2456,ロ,水源涵養,栗山町,None,None,0,None,None,9.17,None,空知,None,141.907395,42.973607
シナノキ,2456,よ,水源涵養,栗山町,None,トドマツ,0,他Ｌ,None,0.38,水涵保,空知,None,141.914109,42.975877
None,2456,イ,水源涵養,栗山町,None,None,0,None,None,0.81,None,空知,None,141.909261,42.973781
None,2468,に,水源涵養,栗山町,None,トドマツ,0,None,None,2.11,水涵保,空知,None,141.914079,42.973731
None,2468,に,水源涵養,栗山町,None,トドマツ,0,None,None,2.11,水涵保,空知,None,141.912781,42.974193
None,2468,ロ,水源涵養,栗山町,None,None,0,None,None,3.43,None,空知,None,141.913922,42.97416
None,2456,わ,水源涵養,栗山町,None,トドマツ,0,None,None,0.47,水涵保,空知,None,141.911379,42.974625
None,2468,は,水源涵養,栗山町,None,トドマツ,0,None,None,1.66,水涵保,空知,None,141.911683,42.973296
None,2452,イ,水源涵養,栗山町,None,None,0,None,None,0.09,None,空知,None,141.909633,42.983596
None,2452,ロ,水源涵養,栗山町,None,None,0,None,None,1.11,水涵保,空知,None,141.909709,42.983809
None,2452,よ,水源涵養,栗山町,None,トドマツ,0,None,None,4.49,水涵保,空知,None,141.910318,42.982791
None,2452,ロ,水源涵養,栗山町,None,None,0,None,None,1.11,水涵保,空知,None,141.909583,42.982736
ミズナラ,2452,な,水源涵養,栗山町,None,トドマツ,0,他Ｌ,None,4.79,水涵保,空知,None,141.908734,42.983157
他Ｌ,2452,い,水源涵養,栗山町,None,トドマツ,1,イタヤカエデ,None,18.87,水涵保,空知,None,141.90908,42.983646
イタヤカエデ,2452,い,水源涵養,栗山町,None,他Ｌ,2,シナノキ,None,1.14,水涵保,空知,None,141.911544,42.982266
None,2452,イ,水源涵養,栗山町,None,None,0,None,None,0.09,None,空知,None,141.90949,42.981382
None,2452,ロ,水源涵養,栗山町,None,None,0,None,None,1.11,水涵保,空知,None,141.909502,42.981698
ミズナラ,2452,な,水源涵養,栗山町,None,トドマツ,0,他Ｌ,None,4.79,水涵保,空知,None,141.907388,42.983243
None,2456,ほ,水源涵養,栗山町,None,トドマツ,0,None,None,2.71,水涵保,空知,None,141.909347,42.978985
None,2452,り,水源涵養,栗山町,None,トドマツ,0,None,None,3.38,水涵保,空知,None,141.907258,42.981379
他Ｌ,2452,い,水源涵養,栗山町,None,トドマツ,1,イタヤカエデ,None,18.87,水涵保,空知,None,141.903943,42.984089
None,2453,い,水源涵養,栗山町,None,カラマツ,0,None,None,9.14,水涵保,空知,None,141.90367,42.981589
None,2453,ろ,水源涵養,栗山町,None,トドマツ,0,None,None,3.02,水涵保,空知,None,141.905994,42.979819
None,2456,ニ,水源涵養,栗山町,None,None,0,None,None,0.7,水涵保,空知,None,141.909468,42.978584
None,2456,ハ,水源涵養,栗山町,None,None,0,None,None,0.05,None,空知,None,141.909318,42.978612
シナノキ,2456,い,水源涵養,栗山町,None,トドマツ,0,他Ｌ,None,21.18,水涵保,空知,None,141.9095,42.977288
None,2456,ニ,水源涵養,栗山町,None,None,0,None,None,0.7,水涵保,空知,None,141.909112,42.976254
イタヤカエデ,2456,る,水源涵養,栗山町,None,トドマツ,0,他Ｌ,None,23.0,水涵保,空知,None,141.907231,42.976589
None,2456,り,水源涵養,栗山町,None,トドマツ,0,None,None,1.77,水涵保,空知,None,141.907794,42.975822
シナノキ,2456,い,水源涵養,栗山町,None,トドマツ,0,他Ｌ,None,21.18,水涵保,空知,None,141.908725,42.975424
None,2456,ハ,水源涵養,栗山町,None,None,0,None,None,0.05,None,空知,None,141.909086,42.97523
None,2468,イ,水源涵養,栗山町,None,None,0,None,None,0.9,None,空知,None,141.906412,42.971854
None,2456,ろ,水源涵養,栗山町,None,トドマツ,0,None,None,4.5,水涵保,空知,None,141.909344,42.974439
シナノキ,2456,に,水源涵養,栗山町,None,トドマツ,0,他Ｌ,None,0.22,水涵保,空知,None,141.90904,42.973648
シナノキ,2456,に,水源涵養,栗山町,None,トドマツ,0,他Ｌ,None,0.22,水涵保,空知,None,141.909125,42.973472
None,2456,ホ,水源涵養,栗山町,None,None,0,None,None,0.12,水涵保,空知,None,141.908701,42.973572
シナノキ,2456,い,水源涵養,栗山町,None,トドマツ,0,他Ｌ,None,21.18,水涵保,空知,None,141.906144,42.975309
イタヤカエデ,2456,る,水源涵養,栗山町,None,トドマツ,0,他Ｌ,None,23.0,水涵保,空知,None,141.908135,42.973608
シナノキ,2456,に,水源涵養,栗山町,None,トドマツ,0,他Ｌ,None,0.22,水涵保,空知,None,141.907448,42.973289
シナノキ,2456,い,水源涵養,栗山町,None,トドマツ,0,他Ｌ,None,21.18,水涵保,空知,None,141.905542,42.978047
イタヤカエデ,2456,る,水源涵養,栗山町,None,トドマツ,0,他Ｌ,None,23.0,水涵保,空知,None,141.905967,42.977512
イタヤカエデ,2456,る,水源涵養,栗山町,None,トドマツ,0,他Ｌ,None,23.0,水涵保,空知,None,141.906767,42.978659
イタヤカエデ,2456,る,水源涵養,栗山町,None,トドマツ,0,他Ｌ,None,23.0,水涵保,空知,None,141.90436,42.976506
シナノキ,2456,い,水源涵養,栗山町,None,トドマツ,0,他Ｌ,None,21.18,水涵保,空知,None,141.904849,42.976258
None,2456,り,水源涵養,栗山町,None,トドマツ,0,None,None,1.77,水涵保,空知,None,141.905773,42.973987
None,2456,ろ,水源涵養,栗山町,None,トドマツ,0,None,None,4.5,水涵保,空知,None,141.904434,42.973951
None,2456,ろ,水源涵養,栗山町,None,トドマツ,0,None,None,4.5,水涵保,空知,None,141.902727,42.975828
イタヤカエデ,2456,た,水源涵養,栗山町,None,トドマツ,0,他Ｌ,None,1.37,水涵保,空知,None,141.903968,42.973942
シナノキ,2455,い,水源涵養,栗山町,None,トドマツ,0,他Ｌ,None,7.55,水涵保,空知,None,141.903057,42.973723
シナノキ,2455,い,水源涵養,栗山町,None,トドマツ,0,他Ｌ,None,7.55,水涵保,空知,None,141.903343,42.973309
None,2455,る,水源涵養,栗山町,None,トドマツ,0,None,None,0.61,水涵保,空知,None,141.902663,42.973867
イタヤカエデ,2466,り,水源涵養,栗山町,None,トドマツ,0,他Ｌ,None,23.47,水涵保,空知,None,141.933197,42.972323
イタヤカエデ,2466,い,水源涵養,栗山町,None,他Ｌ,0,ミズナラ,None,23.23,水涵保,空知,None,141.930695,42.972748
None,2466,イ,水源涵養,栗山町,None,None,0,None,None,5.55,None,空知,None,141.930314,42.973924
None,2466,は,水源涵養,栗山町,None,トドマツ,0,None,None,1.75,水涵保,空知,None,141.931445,42.970198
イタヤカエデ,2466,い,水源涵養,栗山町,None,他Ｌ,0,ミズナラ,None,23.23,水涵保,空知,None,141.930282,42.970355
イタヤカエデ,2466,い,水源涵養,栗山町,None,他Ｌ,0,ミズナラ,None,23.23,水涵保,空知,None,141.931373,42.969112
イタヤカエデ,2466,い,水源涵養,栗山町,None,他Ｌ,0,ミズナラ,None,23.23,水涵保,空知,None,141.928463,42.972066
None,2466,ほ,水源涵養,栗山町,None,トドマツ,0,None,None,2.56,水涵保,空知,None,141.929147,42.971478
イタヤカエデ,2466,り,水源涵養,栗山町,None,トドマツ,0,他Ｌ,None,23.47,水涵保,空知,None,141.927714,42.970568
イタヤカエデ,2466,い,水源涵養,栗山町,None,他Ｌ,0,ミズナラ,None,23.23,水涵保,空知,None,141.926662,42.971585
None,2475,ろ,水源涵養,栗山町,None,ヤチダモ,0,None,None,6.59,水涵保,空知,None,141.926366,42.969484
None,2478,か,水源涵養,栗山町,None,トドマツ,0,None,None,5.95,水涵保,空知,None,141.92815,42.968601
イタヤカエデ,2475,い,水源涵養,栗山町,None,トドマツ,0,他Ｌ,None,23.17,水涵保,空知,None,141.925985,42.969063
イタヤカエデ,2475,い,水源涵養,栗山町,None,トドマツ,0,他Ｌ,None,23.17,水涵保,空知,None,141.927001,42.969179
None,2478,に,水源涵養,栗山町,None,トドマツ,0,他Ｌ,None,4.74,水涵保,空知,None,141.931512,42.96672
イタヤカエデ,2478,い,水源涵養,栗山町,None,他Ｌ,0,シナノキ,None,22.83,水涵保,空知,None,141.933775,42.964902
None,2478,わ,水源涵養,栗山町,None,トドマツ,0,None,None,12.82,水涵保,空知,None,141.932731,42.96457
None,2478,ほ,水源涵養,栗山町,None,トドマツ,0,他Ｌ,None,2.47,水涵保,空知,None,141.929538,42.962957
None,2478,は,水源涵養,栗山町,None,トドマツ,0,他Ｌ,None,5.95,水涵保,空知,None,141.928738,42.965528
None,2478,ち,水源涵養,栗山町,None,トドマツ,0,他Ｌ,None,4.2,水涵保,空知,None,141.926539,42.967728
イタヤカエデ,2478,い,水源涵養,栗山町,None,他Ｌ,0,シナノキ,None,22.83,水涵保,空知,None,141.928467,42.962319
None,2478,る,水源涵養,栗山町,None,トドマツ,0,None,None,3.66,水涵保,空知,None,141.926884,42.96368
None,2467,へ,水源涵養,栗山町,None,トドマツ,0,None,None,1.06,水涵保,空知,None,141.924673,42.972279
イタヤカエデ,2467,い,水源涵養,栗山町,None,他Ｌ,0,シナノキ,None,19.14,水涵保,空知,None,141.925558,42.970988
None,2467,へ,水源涵養,栗山町,None,トドマツ,0,None,None,1.06,水涵保,空知,None,141.924208,42.971577
シナノキ,2467,る,水源涵養,栗山町,None,トドマツ,0,他Ｌ,None,4.71,水涵保,空知,None,141.923265,42.972234
None,2475,は,水源涵養,栗山町,None,トドマツ,0,None,None,1.41,水涵保,空知,None,141.925747,42.969783
None,2475,ろ,水源涵養,栗山町,None,ヤチダモ,0,None,None,6.59,水涵保,空知,None,141.925717,42.968673
イタヤカエデ,2475,い,水源涵養,栗山町,None,トドマツ,0,他Ｌ,None,23.17,水涵保,空知,None,141.925416,42.968616
None,2475,ろ,水源涵養,栗山町,None,ヤチダモ,0,None,None,6.59,水涵保,空知,None,141.925335,42.968277
None,2475,ろ,水源涵養,栗山町,None,ヤチダモ,0,None,None,6.59,水涵保,空知,None,141.924987,42.96841
None,2467,は,水源涵養,栗山町,None,トドマツ,0,None,None,2.96,水涵保,空知,None,141.924047,42.970474
イタヤカエデ,2467,よ,水源涵養,栗山町,None,他Ｌ,0,シナノキ,None,2.57,水涵保,空知,None,141.918948,42.969039
None,2467,は,水源涵養,栗山町,None,トドマツ,0,None,None,2.96,水涵保,空知,None,141.922371,42.97068
None,2475,は,水源涵養,栗山町,None,トドマツ,0,None,None,1.41,水涵保,空知,None,141.923837,42.968925
None,2475,ろ,水源涵養,栗山町,None,ヤチダモ,0,None,None,6.59,水涵保,空知,None,141.923436,42.967735
シナノキ,2467,る,水源涵養,栗山町,None,トドマツ,0,他Ｌ,None,4.71,水涵保,空知,None,141.921293,42.972529
シナノキ,2467,る,水源涵養,栗山町,None,トドマツ,0,他Ｌ,None,4.71,水涵保,空知,None,141.921954,42.971882
イタヤカエデ,2467,い,水源涵養,栗山町,None,他Ｌ,0,シナノキ,None,19.14,水涵保,空知,None,141.918909,42.976492
シナノキ,2467,た,水源涵養,栗山町,None,トドマツ,0,他Ｌ,None,6.87,水涵保,空知,None,141.919927,42.970943
シナノキ,2467,た,水源涵養,栗山町,None,トドマツ,0,他Ｌ,None,6.87,水涵保,空知,None,141.919854,42.972561
None,2467,ほ,水源涵養,栗山町,None,トドマツ,0,None,None,0.95,水涵保,空知,None,141.919188,42.972754
None,2467,ほ,水源涵養,栗山町,None,トドマツ,0,None,None,0.95,水涵保,空知,None,141.918343,42.97192
イタヤカエデ,2467,い,水源涵養,栗山町,None,他Ｌ,0,シナノキ,None,19.14,水涵保,空知,None,141.92178,42.969488
None,2467,ろ,水源涵養,栗山町,None,トドマツ,0,None,None,2.18,水涵保,空知,None,141.920887,42.969836
イタヤカエデ,2475,ぬ,水源涵養,栗山町,None,トドマツ,0,他Ｌ,None,8.08,水涵保,空知,None,141.920586,42.96833
イタヤカエデ,2467,い,水源涵養,栗山町,None,他Ｌ,0,シナノキ,None,19.14,水涵保,空知,None,141.919362,42.969469
None,2467,に,水源涵養,栗山町,None,トドマツ,0,None,None,0.46,水涵保,空知,None,141.918778,42.970432
None,2470,イ,水源涵養,栗山町,None,None,0,None,None,2.18,None,空知,None,141.914531,42.969447
None,2470,ろ,水源涵養,栗山町,None,トドマツ,0,None,None,2.58,水涵保,空知,None,141.91812,42.968528
None,2478,ろ,水源涵養,栗山町,None,トドマツ,0,他Ｌ,None,3.36,水涵保,空知,None,141.924264,42.96666
None,2478,と,水源涵養,栗山町,None,トドマツ,0,他Ｌ,None,1.66,水涵保,空知,None,141.925368,42.963748
None,2478,ろ,水源涵養,栗山町,None,トドマツ,0,他Ｌ,None,3.36,水涵保,空知,None,141.923126,42.965132
イタヤカエデ,2478,い,水源涵養,栗山町,None,他Ｌ,0,シナノキ,None,22.83,水涵保,空知,None,141.922779,42.964246
イタヤカエデ,2475,い,水源涵養,栗山町,None,トドマツ,0,他Ｌ,None,23.17,水涵保,空知,None,141.922345,42.964267
None,2475,ろ,水源涵養,栗山町,None,ヤチダモ,0,None,None,6.59,水涵保,空知,None,141.921948,42.966887
イタヤカエデ,2475,ぬ,水源涵養,栗山町,None,トドマツ,0,他Ｌ,None,8.08,水涵保,空知,None,141.920753,42.967754
イタヤカエデ,2475,ち,水源涵養,栗山町,None,他Ｌ,0,トドマツ,None,5.0,水涵保,空知,None,141.921204,42.965835
None,2475,に,水源涵養,栗山町,None,トドマツ,0,None,None,1.98,水涵保,空知,None,141.918252,42.967104
None,2475,ろ,水源涵養,栗山町,None,ヤチダモ,0,None,None,6.59,水涵保,空知,None,141.919835,42.966458
イタヤカエデ,2475,ち,水源涵養,栗山町,None,他Ｌ,0,トドマツ,None,5.0,水涵保,空知,None,141.919383,42.965577
イタヤカエデ,2475,い,水源涵養,栗山町,None,トドマツ,0,他Ｌ,None,23.17,水涵保,空知,None,141.91422,42.962795
None,2475,ろ,水源涵養,栗山町,None,ヤチダモ,0,None,None,6.59,水涵保,空知,None,141.920714,42.964369
None,2475,ろ,水源涵養,栗山町,None,ヤチダモ,0,None,None,6.59,水涵保,空知,None,141.920022,42.964154
None,2476,へ,水源涵養,栗山町,None,トドマツ,0,None,None,0.75,水涵保,空知,None,141.921417,42.96293
None,2475,ほ,水源涵養,栗山町,None,トドマツ,0,None,None,1.43,水涵保,空知,None,141.918312,42.963987
None,2475,ろ,水源涵養,栗山町,None,ヤチダモ,0,None,None,6.59,水涵保,空知,None,141.919424,42.96367
None,2475,ろ,水源涵養,栗山町,None,ヤチダモ,0,None,None,6.59,水涵保,空知,None,141.918529,42.962794
トドマツ,2479,い,水源涵養,栗山町,None,他Ｌ,0,シナノキ,None,28.29,水涵保,空知,None,141.933099,42.961672
None,2479,イ,水源涵養,栗山町,None,None,0,None,None,1.98,None,空知,None,141.928754,42.959457
トドマツ,2479,い,水源涵養,栗山町,None,他Ｌ,0,シナノキ,None,28.29,水涵保,空知,None,141.932371,42.959315
None,2482,に,水源涵養,栗山町,None,トドマツ,0,None,None,1.25,水涵保,空知,None,141.93318,42.958268
None,2482,は,水源涵養,栗山町,None,トドマツ,0,None,None,1.4,水涵保,空知,None,141.930097,42.957884
None,2478,へ,水源涵養,栗山町,None,トドマツ,0,他Ｌ,None,0.85,水涵保,空知,None,141.929101,42.960349
None,2478,ぬ,水源涵養,栗山町,None,トドマツ,0,None,None,7.72,水涵保,空知,None,141.926502,42.961633
イタヤカエデ,2482,い,水源涵養,栗山町,None,他Ｌ,2,トドマツ,None,5.73,水涵保,空知,None,141.931004,42.958762
None,2478,イ,水源涵養,栗山町,None,None,0,None,None,0.2,None,空知,None,141.927995,42.959566
イタヤカエデ,2478,い,水源涵養,栗山町,None,他Ｌ,0,シナノキ,None,22.83,水涵保,空知,None,141.927968,42.959364
None,2482,ろ,水源涵養,栗山町,None,トドマツ,0,None,None,19.84,水涵保,空知,None,141.928849,42.957533
None,2477,イ,水源涵養,栗山町,None,None,0,None,None,3.59,None,空知,None,141.912252,42.953793
None,2477,は,水源涵養,栗山町,None,トドマツ,0,他Ｌ,None,1.7,水涵保,空知,None,141.92645,42.959043
None,2482,へ,水源涵養,栗山町,None,トドマツ,0,None,None,2.28,水涵保,空知,None,141.933669,42.956552
イタヤカエデ,2482,り,水源涵養,栗山町,None,トドマツ,0,他Ｌ,None,1.0,水涵保,空知,None,141.93029,42.956074
イタヤカエデ,2483,い,水源涵養,栗山町,None,他Ｌ,1,ミズナラ,None,7.79,水涵保,空知,None,141.930735,42.954657
シナノキ,2483,い,水源涵養,栗山町,None,他Ｌ,2,ミズナラ,None,10.95,水涵保,空知,None,141.919204,42.952092
None,2483,ほ,水源涵養,栗山町,None,トドマツ,0,None,None,1.55,水涵保,空知,None,141.92926,42.954198
None,2483,と,水源涵養,栗山町,None,ミズナラ,0,None,None,0.85,水涵保,空知,None,141.928746,42.953047
シナノキ,2483,い,水源涵養,栗山町,None,他Ｌ,2,ミズナラ,None,10.95,水涵保,空知,None,141.926466,42.952109
None,2483,イ,水源涵養,栗山町,None,None,0,None,None,1.84,None,空知,None,141.92769,42.952043
イタヤカエデ,2478,い,水源涵養,栗山町,None,他Ｌ,0,シナノキ,None,22.83,水涵保,空知,None,141.925139,42.961694
None,2476,は,水源涵養,栗山町,None,トドマツ,0,None,None,3.75,水涵保,空知,None,141.922455,42.962391
None,2476,ち,水源涵養,栗山町,None,トドマツ,0,None,None,0.96,水涵保,空知,None,141.922743,42.960713
None,2476,り,水源涵養,栗山町,None,トドマツ,0,None,None,6.28,水涵保,空知,None,141.923372,42.960237
None,2477,へ,水源涵養,栗山町,None,トドマツ,0,None,None,7.75,水涵保,空知,None,141.924472,42.95859
None,2477,り,水源涵養,栗山町,None,トドマツ,0,None,None,0.46,水涵保,空知,None,141.925334,42.957393
None,2476,は,水源涵養,栗山町,None,トドマツ,0,None,None,3.75,水涵保,空知,None,141.922659,42.959458
イタヤカエデ,2477,ほ,水源涵養,栗山町,None,トドマツ,0,他Ｌ,None,5.0,水涵保,空知,None,141.924323,42.959945
None,2476,は,水源涵養,栗山町,None,トドマツ,0,None,None,3.75,水涵保,空知,None,141.921586,42.961872
None,2476,と,水源涵養,栗山町,None,トドマツ,0,None,None,5.83,水涵保,空知,None,141.920703,42.961331
イタヤカエデ,2476,る,水源涵養,栗山町,None,トドマツ,0,他Ｌ,None,3.94,水涵保,空知,None,141.921429,42.960598
None,2476,は,水源涵養,栗山町,None,トドマツ,0,None,None,3.75,水涵保,空知,None,141.920399,42.960805
None,2476,は,水源涵養,栗山町,None,トドマツ,0,None,None,3.75,水涵保,空知,None,141.919096,42.960331
None,2476,は,水源涵養,栗山町,None,トドマツ,0,None,None,3.75,水涵保,空知,None,141.921668,42.959459
None,2476,は,水源涵養,栗山町,None,トドマツ,0,None,None,3.75,水涵保,空知,None,141.920771,42.958122
None,2476,は,水源涵養,栗山町,None,トドマツ,0,None,None,3.75,水涵保,空知,None,141.920014,42.958124
イタヤカエデ,2477,い,水源涵養,栗山町,None,他Ｌ,0,トドマツ,None,6.94,水涵保,空知,None,141.919755,42.957471
None,2476,は,水源涵養,栗山町,None,トドマツ,0,None,None,3.75,水涵保,空知,None,141.918721,42.957987
None,2476,り,水源涵養,栗山町,None,トドマツ,0,None,None,6.28,水涵保,空知,None,141.921179,42.958686
イタヤカエデ,2477,い,水源涵養,栗山町,None,他Ｌ,0,トドマツ,None,6.94,水涵保,空知,None,141.922671,42.955516
イタヤカエデ,2482,い,水源涵養,栗山町,None,他Ｌ,2,トドマツ,None,5.73,水涵保,空知,None,141.925549,42.955101
イタヤカエデ,2477,い,水源涵養,栗山町,None,他Ｌ,0,トドマツ,None,6.94,水涵保,空知,None,141.92096,42.955292
None,2482,ろ,水源涵養,栗山町,None,トドマツ,0,None,None,19.84,水涵保,空知,None,141.926868,42.956041
None,2477,ろ,水源涵養,栗山町,None,トドマツ,0,None,None,1.8,水涵保,空知,None,141.922257,42.955459
シナノキ,2483,い,水源涵養,栗山町,None,他Ｌ,2,ミズナラ,None,10.95,水涵保,空知,None,141.924989,42.952846
None,2483,は,水源涵養,栗山町,None,トドマツ,0,None,None,9.55,水涵保,空知,None,141.926187,42.953458
None,2477,ろ,水源涵養,栗山町,None,トドマツ,0,None,None,1.8,水涵保,空知,None,141.921738,42.955275
None,2477,ち,水源涵養,栗山町,None,トドマツ,0,None,None,11.65,水涵保,空知,None,141.91867,42.954727
イタヤカエデ,2482,い,水源涵養,栗山町,None,他Ｌ,2,トドマツ,None,5.73,水涵保,空知,None,141.92189,42.954541
None,2482,イ,水源涵養,栗山町,None,None,0,None,None,0.5,None,空知,None,141.919402,42.952832
イタヤカエデ,2482,い,水源涵養,栗山町,None,他Ｌ,2,トドマツ,None,5.73,水涵保,空知,None,141.918927,42.95294
イタヤカエデ,2482,い,水源涵養,栗山町,None,他Ｌ,2,トドマツ,None,5.73,水涵保,空知,None,141.919277,42.952667
None,2467,イ,水源涵養,栗山町,None,None,0,None,None,3.8,None,空知,None,141.919154,42.972501
シナノキ,2467,た,水源涵養,栗山町,None,トドマツ,0,他Ｌ,None,6.87,水涵保,空知,None,141.917878,42.971012
トドマツ,2468,り,水源涵養,栗山町,None,ドロノキ,0,他Ｌ,None,4.03,水涵保,空知,None,141.915041,42.972809
イタヤカエデ,2469,ち,水源涵養,栗山町,None,トドマツ,0,他Ｌ,None,6.03,水涵保,空知,None,141.915736,42.971573
None,2469,ロ,水源涵養,栗山町,None,None,0,None,None,1.77,None,空知,None,141.913477,42.971722
イタヤカエデ,2470,い,水源涵養,栗山町,None,他Ｌ,2,トドマツ,None,5.73,水涵保,空知,None,141.918048,42.969711
トドマツ,2469,い,水源涵養,栗山町,None,他Ｌ,0,イタヤカエデ,None,5.5,水涵保,空知,None,141.917092,42.970382
None,2470,ろ,水源涵養,栗山町,None,トドマツ,0,None,None,2.58,水涵保,空知,None,141.91694,42.968384
None,2469,ろ,水源涵養,栗山町,None,ヤチダモ,0,None,None,2.0,水涵保,空知,None,141.915333,42.970553
イタヤカエデ,2470,は,水源涵養,栗山町,None,トドマツ,0,他Ｌ,None,5.35,水涵保,空知,None,141.913131,42.968755
None,2469,ほ,水源涵養,栗山町,None,トドマツ,0,None,None,1.94,水涵保,空知,None,141.913601,42.970936
トドマツ,2469,い,水源涵養,栗山町,None,他Ｌ,0,イタヤカエデ,None,5.5,水涵保,空知,None,141.912485,42.970811
None,2468,は,水源涵養,栗山町,None,トドマツ,0,None,None,1.66,水涵保,空知,None,141.91217,42.972676
イタヤカエデ,2468,い,水源涵養,栗山町,None,他Ｌ,0,トドマツ,None,9.12,水涵保,空知,None,141.911568,42.972673
None,2468,ロ,水源涵養,栗山町,None,None,0,None,None,3.43,None,空知,None,141.911881,42.972225
None,2469,ロ,水源涵養,栗山町,None,None,0,None,None,1.77,None,空知,None,141.909975,42.97046
None,2469,ほ,水源涵養,栗山町,None,トドマツ,0,None,None,1.94,水涵保,空知,None,141.914008,42.970199
イタヤカエデ,2470,は,水源涵養,栗山町,None,トドマツ,0,他Ｌ,None,5.35,水涵保,空知,None,141.913294,42.969503
トドマツ,2469,い,水源涵養,栗山町,None,他Ｌ,0,イタヤカエデ,None,5.5,水涵保,空知,None,141.912687,42.970005
None,2469,に,水源涵養,栗山町,None,トドマツ,0,None,None,3.41,水涵保,空知,None,141.911183,42.970087
イタヤカエデ,2471,い,水源涵養,栗山町,None,トドマツ,0,他Ｌ,None,7.22,水涵保,空知,None,141.917467,42.967498
None,2475,に,水源涵養,栗山町,None,トドマツ,0,None,None,1.98,水涵保,空知,None,141.917646,42.966143
None,2471,に,水源涵養,栗山町,None,トドマツ,0,None,None,0.4,水涵保,空知,None,141.914878,42.965768
None,2471,は,水源涵養,栗山町,None,トドマツ,0,None,None,0.94,水涵保,空知,None,141.914256,42.965722
イタヤカエデ,2475,り,水源涵養,栗山町,None,他Ｌ,0,トドマツ,None,1.3,水涵保,空知,None,141.917298,42.963632
None,2475,ろ,水源涵養,栗山町,None,ヤチダモ,0,None,None,6.59,水涵保,空知,None,141.917679,42.962632
イタヤカエデ,2475,ぬ,水源涵養,栗山町,None,トドマツ,0,他Ｌ,None,8.08,水涵保,空知,None,141.915703,42.964955
None,2475,ろ,水源涵養,栗山町,None,ヤチダモ,0,None,None,6.59,水涵保,空知,None,141.915666,42.963409
None,2475,ろ,水源涵養,栗山町,None,ヤチダモ,0,None,None,6.59,水涵保,空知,None,141.915397,42.962726
None,2470,ほ,水源涵養,栗山町,None,トドマツ,0,None,None,3.01,水涵保,空知,None,141.913408,42.96766
None,2471,ほ,水源涵養,栗山町,None,トドマツ,0,None,None,2.7,水涵保,空知,None,141.91367,42.966582
None,2471,ろ,水源涵養,栗山町,None,トドマツ,0,None,None,4.8,水涵保,空知,None,141.91366,42.965194
イタヤカエデ,2471,る,水源涵養,栗山町,None,トドマツ,0,他Ｌ,None,5.44,水涵保,空知,None,141.912806,42.966268
イタヤカエデ,2470,い,水源涵養,栗山町,None,他Ｌ,2,トドマツ,None,5.73,水涵保,空知,None,141.911184,42.967574
イタヤカエデ,2470,い,水源涵養,栗山町,None,他Ｌ,2,トドマツ,None,5.73,水涵保,空知,None,141.909897,42.966378
None,2471,イ,水源涵養,栗山町,None,None,0,None,None,0.43,None,空知,None,141.908008,42.964478
None,2471,ろ,水源涵養,栗山町,None,トドマツ,0,None,None,4.8,水涵保,空知,None,141.912884,42.964964
イタヤカエデ,2471,い,水源涵養,栗山町,None,トドマツ,0,他Ｌ,None,7.22,水涵保,空知,None,141.915335,42.966219
None,2475,と,水源涵養,栗山町,None,トドマツ,0,None,None,1.44,水涵保,空知,None,141.913577,42.963676
イタヤカエデ,2468,い,水源涵養,栗山町,None,他Ｌ,0,トドマツ,None,9.12,水涵保,空知,None,141.913736,42.972544
イタヤカエデ,2468,へ,水源涵養,栗山町,None,他Ｌ,0,トドマツ,None,0.14,水涵保,空知,None,141.909349,42.973216
イタヤカエデ,2468,い,水源涵養,栗山町,None,他Ｌ,0,トドマツ,None,9.12,水涵保,空知,None,141.910354,42.972456
イタヤカエデ,2468,へ,水源涵養,栗山町,None,他Ｌ,0,トドマツ,None,0.14,水涵保,空知,None,141.908875,42.972712
イタヤカエデ,2468,い,水源涵養,栗山町,None,他Ｌ,0,トドマツ,None,9.12,水涵保,空知,None,141.908803,42.972308
イタヤカエデ,2469,ち,水源涵養,栗山町,None,トドマツ,0,他Ｌ,None,6.03,水涵保,空知,None,141.909423,42.971013
None,2469,ニ,水源涵養,栗山町,None,None,0,None,None,0.12,水涵保,空知,None,141.908869,42.971285
None,2468,ハ,水源涵養,栗山町,None,None,0,None,None,0.02,None,空知,None,141.908742,42.971463
None,2468,ニ,水源涵養,栗山町,None,None,0,None,None,0.11,水涵保,空知,None,141.90859,42.97131
イタヤカエデ,2456,る,水源涵養,栗山町,None,トドマツ,0,他Ｌ,None,23.0,水涵保,空知,None,141.9086,42.973272
トドマツ,2468,ち,水源涵養,栗山町,None,ドロノキ,0,他Ｌ,None,1.35,水涵保,空知,None,141.909501,42.971591
イタヤカエデ,2468,ろ,水源涵養,栗山町,None,トドマツ,0,他Ｌ,None,3.0,水涵保,空知,None,141.906507,42.971111
イタヤカエデ,2468,い,水源涵養,栗山町,None,他Ｌ,0,トドマツ,None,9.12,水涵保,空知,None,141.906871,42.971849
トドマツ,2469,い,水源涵養,栗山町,None,他Ｌ,0,イタヤカエデ,None,5.5,水涵保,空知,None,141.909792,42.969889
None,2469,は,水源涵養,栗山町,None,トドマツ,0,None,None,2.79,水涵保,空知,None,141.907232,42.969281
イタヤカエデ,2470,い,水源涵養,栗山町,None,トドマツ,1,他Ｌ,None,3.24,水涵保,空知,None,141.911693,42.968558
None,2469,は,水源涵養,栗山町,None,トドマツ,0,None,None,2.79,水涵保,空知,None,141.909511,42.969043
None,2469,ハ,水源涵養,栗山町,None,None,0,None,None,0.02,None,空知,None,141.90854,42.968688
None,2469,ニ,水源涵養,栗山町,None,None,0,None,None,0.12,水涵保,空知,None,141.908414,42.968557
None,2470,ハ,水源涵養,栗山町,None,None,0,None,None,0.33,水涵保,空知,None,141.908502,42.968145
イタヤカエデ,2469,へ,水源涵養,栗山町,None,他Ｌ,0,トドマツ,None,0.27,水涵保,空知,None,141.907068,42.970095
イタヤカエデ,2469,へ,水源涵養,栗山町,None,他Ｌ,0,トドマツ,None,0.27,水涵保,空知,None,141.906453,42.970055
トドマツ,2469,い,水源涵養,栗山町,None,他Ｌ,0,イタヤカエデ,None,5.5,水涵保,空知,None,141.906168,42.969482
トドマツ,2469,い,水源涵養,栗山町,None,他Ｌ,0,イタヤカエデ,None,5.5,水涵保,空知,None,141.907916,42.968678
None,2470,へ,水源涵養,栗山町,None,トドマツ,0,None,None,0.92,水涵保,空知,None,141.90774,42.968016
None,2470,へ,水源涵養,栗山町,None,トドマツ,0,None,None,0.92,水涵保,空知,None,141.907043,42.967932
イタヤカエデ,2470,い,水源涵養,栗山町,None,トドマツ,1,他Ｌ,None,3.24,水涵保,空知,None,141.90728,42.968217
イタヤカエデ,2456,る,水源涵養,栗山町,None,トドマツ,0,他Ｌ,None,23.0,水涵保,空知,None,141.906207,42.973021
シナノキ,2456,い,水源涵養,栗山町,None,トドマツ,0,他Ｌ,None,21.18,水涵保,空知,None,141.905711,42.9723
イタヤカエデ,2456,る,水源涵養,栗山町,None,トドマツ,0,他Ｌ,None,23.0,水涵保,空知,None,141.905099,42.973268
イタヤカエデ,2456,る,水源涵養,栗山町,None,トドマツ,0,他Ｌ,None,23.0,水涵保,空知,None,141.904753,42.972289
None,2456,ロ,水源涵養,栗山町,None,None,0,None,None,9.17,None,空知,None,141.905911,42.973265
シナノキ,2456,い,水源涵養,栗山町,None,トドマツ,0,他Ｌ,None,21.18,水涵保,空知,None,141.903556,42.973085
イタヤカエデ,2456,た,水源涵養,栗山町,None,トドマツ,0,他Ｌ,None,1.37,水涵保,空知,None,141.903806,42.972788
イタヤカエデ,2456,た,水源涵養,栗山町,None,トドマツ,0,他Ｌ,None,1.37,水涵保,空知,None,141.903988,42.972134
None,2455,る,水源涵養,栗山町,None,トドマツ,0,None,None,0.61,水涵保,空知,None,141.903479,42.973148
イタヤカエデ,2456,た,水源涵養,栗山町,None,トドマツ,0,他Ｌ,None,1.37,水涵保,空知,None,141.903379,42.971973
None,2456,ろ,水源涵養,栗山町,None,トドマツ,0,None,None,4.5,水涵保,空知,None,141.903888,42.97181
イタヤカエデ,2456,た,水源涵養,栗山町,None,トドマツ,0,他Ｌ,None,1.37,水涵保,空知,None,141.902992,42.971487
トドマツ,2468,と,水源涵養,栗山町,None,他Ｌ,0,ドロノキ,None,5.83,水涵保,空知,None,141.904802,42.970364
トドマツ,2469,と,水源涵養,栗山町,None,他Ｌ,0,ドロノキ,None,2.86,水涵保,空知,None,141.905745,42.969959
None,2469,イ,水源涵養,栗山町,None,None,0,None,None,0.08,None,空知,None,141.902551,42.969585
None,2470,と,水源涵養,栗山町,None,トドマツ,0,None,None,1.19,水涵保,空知,None,141.908776,42.96648
None,2470,イ,水源涵養,栗山町,None,None,0,None,None,2.18,None,空知,None,141.912319,42.968078
None,2471,ほ,水源涵養,栗山町,None,トドマツ,0,None,None,2.7,水涵保,空知,None,141.910122,42.96563
None,2471,と,水源涵養,栗山町,None,トドマツ,0,None,None,1.08,水涵保,空知,None,141.908689,42.965498
None,2470,ロ,水源涵養,栗山町,None,None,0,None,None,0.02,None,空知,None,141.908333,42.965745
None,2470,ハ,水源涵養,栗山町,None,None,0,None,None,0.33,水涵保,空知,None,141.908159,42.965661
None,2471,と,水源涵養,栗山町,None,トドマツ,0,None,None,1.08,水涵保,空知,None,141.907012,42.965159
None,2471,ろ,水源涵養,栗山町,None,トドマツ,0,None,None,4.8,水涵保,空知,None,141.911914,42.964757
None,2471,ろ,水源涵養,栗山町,None,トドマツ,0,None,None,4.8,水涵保,空知,None,141.908655,42.963893
イタヤカエデ,2471,わ,水源涵養,栗山町,None,トドマツ,0,他Ｌ,None,1.84,水涵保,空知,None,141.909795,42.963262
None,2471,ハ,水源涵養,栗山町,None,None,0,None,None,0.87,水涵保,空知,None,141.909015,42.962934
None,2471,ロ,水源涵養,栗山町,None,None,0,None,None,0.55,水涵保,空知,None,141.908275,42.965169
イタヤカエデ,2471,へ,水源涵養,栗山町,None,トドマツ,0,他Ｌ,None,2.69,水涵保,空知,None,141.907173,42.964636
イタヤカエデ,2471,へ,水源涵養,栗山町,None,トドマツ,0,他Ｌ,None,2.69,水涵保,空知,None,141.90547,42.964313
None,2471,ロ,水源涵養,栗山町,None,None,0,None,None,0.55,水涵保,空知,None,141.908189,42.963561
None,2471,り,水源涵養,栗山町,None,トドマツ,0,None,None,0.35,水涵保,空知,None,141.907554,42.963503
None,2471,ぬ,水源涵養,栗山町,None,トドマツ,0,None,None,3.2,水涵保,空知,None,141.907323,42.962486
他Ｌ,2470,に,水源涵養,栗山町,None,トドマツ,0,イタヤカエデ,None,6.53,水涵保,空知,None,141.906199,42.966463
イタヤカエデ,2471,い,水源涵養,栗山町,None,トドマツ,0,他Ｌ,None,7.22,水涵保,空知,None,141.903209,42.963428
None,2471,ち,水源涵養,栗山町,None,トドマツ,0,None,None,1.68,水涵保,空知,None,141.904314,42.964057
None,2475,ろ,水源涵養,栗山町,None,ヤチダモ,0,None,None,6.59,水涵保,空知,None,141.917098,42.962216
None,2475,ろ,水源涵養,栗山町,None,ヤチダモ,0,None,None,6.59,水涵保,空知,None,141.916302,42.962101
None,2475,へ,水源涵養,栗山町,None,トドマツ,0,None,None,3.81,水涵保,空知,None,141.915304,42.961788
イタヤカエデ,2476,い,水源涵養,栗山町,None,トドマツ,1,他Ｌ,None,11.08,水涵保,空知,None,141.922773,42.96366
イタヤカエデ,2476,い,水源涵養,栗山町,None,トドマツ,2,他Ｌ,None,18.52,水涵保,空知,None,141.919136,42.96095
None,2476,は,水源涵養,栗山町,None,トドマツ,0,None,None,3.75,水涵保,空知,None,141.917439,42.959269
イタヤカエデ,2476,い,水源涵養,栗山町,None,トドマツ,2,他Ｌ,None,18.52,水涵保,空知,None,141.914568,42.955066
None,2476,は,水源涵養,栗山町,None,トドマツ,0,None,None,3.75,水涵保,空知,None,141.918078,42.957438
イタヤカエデ,2476,ほ,水源涵養,栗山町,None,トドマツ,0,他Ｌ,None,11.34,水涵保,空知,None,141.913192,42.957932
イタヤカエデ,2476,ろ,水源涵養,栗山町,None,他Ｌ,0,カンバ,None,3.32,水涵保,空知,None,141.916454,42.957719
None,2476,と,水源涵養,栗山町,None,トドマツ,0,None,None,5.83,水涵保,空知,None,141.914497,42.956667
None,2476,は,水源涵養,栗山町,None,トドマツ,0,None,None,3.75,水涵保,空知,None,141.915087,42.957634
None,2475,ろ,水源涵養,栗山町,None,ヤチダモ,0,None,None,6.59,水涵保,空知,None,141.914159,42.962107
None,2475,イ,水源涵養,栗山町,None,None,0,None,None,0.19,水涵保,空知,None,141.913343,42.961872
None,2475,ろ,水源涵養,栗山町,None,ヤチダモ,0,None,None,6.59,水涵保,空知,None,141.913369,42.961601
イタヤカエデ,2475,い,水源涵養,栗山町,None,トドマツ,0,他Ｌ,None,23.17,水涵保,空知,None,141.913046,42.961852
シナノキ,2474,へ,水源涵養,栗山町,None,トドマツ,0,他Ｌ,None,8.5,水涵保,空知,None,141.911324,42.96259
None,2474,ハ,水源涵養,栗山町,None,None,1,None,None,0.7,水涵保,空知,None,141.909762,42.96178
シナノキ,2474,へ,水源涵養,栗山町,None,トドマツ,0,他Ｌ,None,8.5,水涵保,空知,None,141.911839,42.961573
None,2474,ろ,水源涵養,栗山町,None,トドマツ,0,None,None,9.08,水涵保,空知,None,141.911362,42.960229
None,2474,ろ,水源涵養,栗山町,None,トドマツ,0,None,None,9.08,水涵保,空知,None,141.91248,42.95976
None,2476,は,水源涵養,栗山町,None,トドマツ,0,None,None,3.75,水涵保,空知,None,141.917303,42.956914
None,2477,に,水源涵養,栗山町,None,トドマツ,0,他Ｌ,None,1.3,水涵保,空知,None,141.918116,42.956269
None,2476,は,水源涵養,栗山町,None,トドマツ,0,None,None,3.75,水涵保,空知,None,141.916778,42.956201
イタヤカエデ,2477,い,水源涵養,栗山町,None,他Ｌ,0,トドマツ,None,6.94,水涵保,空知,None,141.917153,42.954985
None,2476,は,水源涵養,栗山町,None,トドマツ,0,None,None,3.75,水涵保,空知,None,141.915822,42.955455
None,2476,り,水源涵養,栗山町,None,トドマツ,0,None,None,6.28,水涵保,空知,None,141.915469,42.954997
None,2477,ぬ,水源涵養,栗山町,None,トドマツ,0,None,None,0.05,水涵保,空知,None,141.917173,42.952287
None,2477,と,水源涵養,栗山町,None,トドマツ,0,None,None,3.32,水涵保,空知,None,141.915051,42.953846
イタヤカエデ,2477,い,水源涵養,栗山町,None,他Ｌ,0,トドマツ,None,6.94,水涵保,空知,None,141.916357,42.952092
None,2476,は,水源涵養,栗山町,None,トドマツ,0,None,None,3.75,水涵保,空知,None,141.913658,42.956409
None,2476,は,水源涵養,栗山町,None,トドマツ,0,None,None,3.75,水涵保,空知,None,141.912606,42.955131
None,2476,ぬ,水源涵養,栗山町,None,トドマツ,0,None,None,4.52,水涵保,空知,None,141.911358,42.956358
イタヤカエデ,2476,ろ,水源涵養,栗山町,None,他Ｌ,0,カンバ,None,3.32,水涵保,空知,None,141.912137,42.954648
None,2476,に,水源涵養,栗山町,None,ヤチダモ,0,None,None,0.22,水涵保,空知,None,141.911556,42.954795
イタヤカエデ,2476,ろ,水源涵養,栗山町,None,他Ｌ,0,カンバ,None,3.32,水涵保,空知,None,141.910795,42.954643
None,2477,ろ,水源涵養,栗山町,None,トドマツ,0,None,None,1.8,水涵保,空知,None,141.913877,42.953452
None,2476,は,水源涵養,栗山町,None,トドマツ,0,None,None,3.75,水涵保,空知,None,141.912525,42.954453
None,2477,ろ,水源涵養,栗山町,None,トドマツ,0,None,None,1.8,水涵保,空知,None,141.912371,42.953222
None,2476,に,水源涵養,栗山町,None,ヤチダモ,0,None,None,0.22,水涵保,空知,None,141.911622,42.954371
イタヤカエデ,2477,い,水源涵養,栗山町,None,他Ｌ,0,トドマツ,None,6.94,水涵保,空知,None,141.911761,42.954029
None,2476,イ,水源涵養,栗山町,None,None,0,None,None,0.36,None,空知,None,141.910559,42.954383
イタヤカエデ,2471,わ,水源涵養,栗山町,None,トドマツ,0,他Ｌ,None,1.84,水涵保,空知,None,141.90872,42.961957
None,2474,ほ,水源涵養,栗山町,None,トドマツ,0,None,None,2.51,水涵保,空知,None,141.908934,42.961422
None,2471,は,水源涵養,栗山町,None,トドマツ,0,None,None,0.94,水涵保,空知,None,141.908468,42.962404
None,2474,イ,水源涵養,栗山町,None,None,0,None,None,0.07,None,空知,None,141.908011,42.961284
None,2471,ロ,水源涵養,栗山町,None,None,0,None,None,0.55,水涵保,空知,None,141.907908,42.961443
None,2474,ロ,水源涵養,栗山町,None,None,0,None,None,0.59,水涵保,空知,None,141.90798,42.961051
シナノキ,2474,い,水源涵養,栗山町,None,トドマツ,0,他Ｌ,None,10.15,水涵保,空知,None,141.91059,42.960232
シナノキ,2474,い,水源涵養,栗山町,None,トドマツ,0,他Ｌ,None,10.15,水涵保,空知,None,141.913526,42.960603
None,2474,イ,水源涵養,栗山町,None,None,0,None,None,0.07,None,空知,None,141.907919,42.959841
シナノキ,2474,へ,水源涵養,栗山町,None,トドマツ,0,他Ｌ,None,8.5,水涵保,空知,None,141.908209,42.959194
None,2474,ロ,水源涵養,栗山町,None,None,0,None,None,0.59,水涵保,空知,None,141.908019,42.959747
イタヤカエデ,2474,と,水源涵養,栗山町,None,トドマツ,0,他Ｌ,None,0.4,水涵保,空知,None,141.9078,42.958351
None,2474,ロ,水源涵養,栗山町,None,None,0,None,None,0.59,水涵保,空知,None,141.907788,42.957954
イタヤカエデ,2474,と,水源涵養,栗山町,None,トドマツ,0,他Ｌ,None,0.4,水涵保,空知,None,141.907678,42.957069
シナノキ,2474,い,水源涵養,栗山町,None,トドマツ,0,他Ｌ,None,10.15,水涵保,空知,None,141.906232,42.96019
None,2474,は,水源涵養,栗山町,None,トドマツ,0,None,None,4.83,水涵保,空知,None,141.905582,42.959399
シナノキ,2474,い,水源涵養,栗山町,None,トドマツ,0,他Ｌ,None,10.15,水涵保,空知,None,141.904688,42.959217
None,2474,に,水源涵養,栗山町,None,トドマツ,0,None,None,6.32,水涵保,空知,None,141.907003,42.96022
イタヤカエデ,2476,い,水源涵養,栗山町,None,トドマツ,2,他Ｌ,None,18.52,水涵保,空知,None,141.909121,42.956405
None,2476,ロ,水源涵養,栗山町,None,None,1,None,None,0.26,水涵保,空知,None,141.909709,42.955101
None,2474,ハ,水源涵養,栗山町,None,None,1,None,None,0.7,水涵保,空知,None,141.909461,42.958208
イタヤカエデ,2476,ほ,水源涵養,栗山町,None,トドマツ,0,他Ｌ,None,11.34,水涵保,空知,None,141.909424,42.955188
イタヤカエデ,2476,い,水源涵養,栗山町,None,トドマツ,2,他Ｌ,None,18.52,水涵保,空知,None,141.910014,42.954418
イタヤカエデ,2476,い,水源涵養,栗山町,None,トドマツ,2,他Ｌ,None,18.52,水涵保,空知,None,141.909097,42.955235
イタヤカエデ,2488,い,水源涵養,栗山町,None,トドマツ,0,他Ｌ,None,12.21,水涵保,空知,None,141.909111,42.954863
None,2474,ロ,水源涵養,栗山町,None,None,0,None,None,0.59,水涵保,空知,None,141.907337,42.956342
None,2474,イ,水源涵養,栗山町,None,None,0,None,None,0.07,None,空知,None,141.907638,42.956383
イタヤカエデ,2474,と,水源涵養,栗山町,None,トドマツ,0,他Ｌ,None,0.4,水涵保,空知,None,141.907646,42.956033
None,2474,ろ,水源涵養,栗山町,None,トドマツ,0,None,None,9.08,水涵保,空知,None,141.907609,42.955447
None,2488,イ,水源涵養,栗山町,None,None,0,None,None,0.35,None,空知,None,141.908535,42.955048
イタヤカエデ,2488,い,水源涵養,栗山町,None,トドマツ,0,他Ｌ,None,12.21,水涵保,空知,None,141.908028,42.954969
シナノキ,2474,い,水源涵養,栗山町,None,トドマツ,0,他Ｌ,None,10.15,水涵保,空知,None,141.904258,42.957132
None,2476,に,水源涵養,栗山町,None,ヤチダモ,0,None,None,0.22,水涵保,空知,None,141.909779,42.954437
None,2476,に,水源涵養,栗山町,None,ヤチダモ,0,None,None,0.22,水涵保,空知,None,141.909433,42.954311
イタヤカエデ,2476,い,水源涵養,栗山町,None,トドマツ,2,他Ｌ,None,18.52,水涵保,空知,None,141.909728,42.954069
None,2488,と,水源涵養,栗山町,None,ヤチダモ,0,None,None,0.09,水涵保,空知,None,141.910221,42.953663
イタヤカエデ,2488,い,水源涵養,栗山町,None,トドマツ,0,他Ｌ,None,12.21,水涵保,空知,None,141.909347,42.953572
None,2488,へ,水源涵養,栗山町,None,ヤチダモ,0,None,None,0.06,水涵保,空知,None,141.909013,42.953991
None,2488,り,水源涵養,栗山町,None,トドマツ,0,None,None,9.59,水涵保,空知,None,141.910348,42.95251
None,2488,ほ,水源涵養,栗山町,None,ヤチダモ,0,None,None,0.13,水涵保,空知,None,141.907314,42.954305
None,2489,ろ,水源涵養,栗山町,None,ヤチダモ,0,トドマツ,None,0.51,水涵保,空知,None,141.906902,42.95421
None,2488,ロ,水源涵養,栗山町,None,None,0,None,None,0.06,None,空知,None,141.908123,42.953116
None,2488,ハ,水源涵養,栗山町,None,None,0,None,None,2.24,水涵保,空知,None,141.908198,42.952576
None,2488,り,水源涵養,栗山町,None,トドマツ,0,None,None,9.59,水涵保,空知,None,141.907149,42.952141
シナノキ,2474,い,水源涵養,栗山町,None,トドマツ,0,他Ｌ,None,10.15,水涵保,空知,None,141.907065,42.956785
イタヤカエデ,2489,い,水源涵養,栗山町,None,他Ｌ,0,シナノキ,None,3.98,水涵保,空知,None,141.904019,42.955569
None,2489,ち,水源涵養,栗山町,None,トドマツ,0,None,None,8.4,水涵保,空知,None,141.904153,42.954908
None,2489,ち,水源涵養,栗山町,None,トドマツ,0,None,None,8.4,水涵保,空知,None,141.903187,42.955032
イタヤカエデ,2489,い,水源涵養,栗山町,None,他Ｌ,0,シナノキ,None,3.98,水涵保,空知,None,141.90623,42.954379
None,2489,ろ,水源涵養,栗山町,None,ヤチダモ,0,トドマツ,None,0.51,水涵保,空知,None,141.90597,42.95404
None,2489,ぬ,水源涵養,栗山町,None,トドマツ,0,None,None,1.36,水涵保,空知,None,141.906203,42.953177
None,2489,ち,水源涵養,栗山町,None,トドマツ,0,None,None,8.4,水涵保,空知,None,141.903875,42.952907
トドマツ,2451,い,水源涵養,栗山町,None,他Ｌ,0,シナノキ,None,4.98,水涵保,空知,None,141.901657,42.990543
None,2452,ほ,水源涵養,栗山町,None,トドマツ,0,None,None,1.3,水涵保,空知,None,141.900868,42.98686
None,2451,と,水源涵養,栗山町,None,トドマツ,0,None,None,4.48,水涵保,空知,None,141.900535,42.988295
None,2451,ろ,水源涵養,栗山町,None,トドマツ,0,ヤチダモ,None,3.05,水涵保,空知,None,141.898903,42.987758
他Ｌ,2452,い,水源涵養,栗山町,None,トドマツ,1,イタヤカエデ,None,18.87,水涵保,空知,None,141.901165,42.984813
None,2452,に,水源涵養,栗山町,None,トドマツ,0,None,None,4.95,水涵保,空知,None,141.902555,42.984169
他Ｌ,2452,い,水源涵養,栗山町,None,トドマツ,1,イタヤカエデ,None,18.87,水涵保,空知,None,141.900063,42.986405
None,2452,か,水源涵養,栗山町,None,トドマツ,0,None,None,0.79,水涵保,空知,None,141.900672,42.985948
None,2452,か,水源涵養,栗山町,None,トドマツ,0,None,None,0.79,水涵保,空知,None,141.900485,42.985302
None,2452,わ,水源涵養,栗山町,None,トドマツ,0,None,None,0.91,水涵保,空知,None,141.899059,42.98457
None,2451,ろ,水源涵養,栗山町,None,トドマツ,0,ヤチダモ,None,3.05,水涵保,空知,None,141.897747,42.988147
トドマツ,2451,い,水源涵養,栗山町,None,他Ｌ,0,シナノキ,None,4.98,水涵保,空知,None,141.895339,42.987468
None,2451,へ,水源涵養,栗山町,None,トドマツ,0,None,None,2.2,水涵保,空知,None,141.897466,42.986961
None,2451,へ,水源涵養,栗山町,None,トドマツ,0,None,None,2.2,水涵保,空知,None,141.896113,42.986981
他Ｌ,2452,い,水源涵養,栗山町,None,トドマツ,1,イタヤカエデ,None,18.87,水涵保,空知,None,141.898176,42.985994
None,2452,は,水源涵養,栗山町,None,トドマツ,0,None,None,2.71,水涵保,空知,None,141.89718,42.986017
他Ｌ,2452,い,水源涵養,栗山町,None,トドマツ,1,イタヤカエデ,None,18.87,水涵保,空知,None,141.89767,42.985327
None,2452,ろ,水源涵養,栗山町,None,トドマツ,0,None,None,2.3,水涵保,空知,None,141.897803,42.984589
None,2452,ら,水源涵養,栗山町,None,トドマツ,0,None,None,0.35,水涵保,空知,None,141.896668,42.984473
トドマツ,2451,い,水源涵養,栗山町,None,他Ｌ,0,シナノキ,None,4.98,水涵保,空知,None,141.896035,42.986174
None,2452,は,水源涵養,栗山町,None,トドマツ,0,None,None,2.71,水涵保,空知,None,141.896418,42.985304
None,2451,イ,水源涵養,栗山町,None,None,0,None,None,0.2,水涵保,空知,None,141.893894,42.987135
None,2451,ほ,水源涵養,栗山町,None,トドマツ,0,None,None,1.2,水涵保,空知,None,141.893242,42.98693
None,2451,ロ,水源涵養,栗山町,None,None,0,None,None,0.12,水涵保,空知,None,141.893595,42.98709
None,2451,イ,水源涵養,栗山町,None,None,0,None,None,0.2,水涵保,空知,None,141.893064,42.986735
None,2451,ほ,水源涵養,栗山町,None,トドマツ,0,None,None,1.2,水涵保,空知,None,141.893611,42.986673
None,2451,ほ,水源涵養,栗山町,None,トドマツ,0,None,None,1.2,水涵保,空知,None,141.892308,42.986449
シナノキ,2456,い,水源涵養,栗山町,None,トドマツ,0,他Ｌ,None,21.18,水涵保,空知,None,141.902323,42.974906
シナノキ,2455,い,水源涵養,栗山町,None,トドマツ,0,他Ｌ,None,7.55,水涵保,空知,None,141.901871,42.974431
シナノキ,2455,か,水源涵養,栗山町,None,トドマツ,0,他Ｌ,None,0.14,水涵保,空知,None,141.902475,42.973397
None,2455,へ,水源涵養,栗山町,None,トドマツ,0,None,None,1.47,水涵保,空知,None,141.900688,42.974413
None,2455,イ,水源涵養,栗山町,None,None,0,None,None,1.49,None,空知,None,141.901233,42.97266
シナノキ,2455,い,水源涵養,栗山町,None,トドマツ,0,他Ｌ,None,7.55,水涵保,空知,None,141.899293,42.973329
None,2455,ほ,水源涵養,栗山町,None,トドマツ,0,None,None,1.9,水涵保,空知,None,141.89843,42.973137
シナノキ,2455,ぬ,水源涵養,栗山町,None,トドマツ,0,他Ｌ,None,0.65,水涵保,空知,None,141.902267,42.972316
None,2455,と,水源涵養,栗山町,None,トドマツ,0,None,None,1.52,水涵保,空知,None,141.900485,42.973239
None,2455,ち,水源涵養,栗山町,None,トドマツ,0,None,None,0.3,水涵保,空知,None,141.900831,42.97199
トドマツ,2468,と,水源涵養,栗山町,None,他Ｌ,0,ドロノキ,None,5.83,水涵保,空知,None,141.902527,42.970446
シナノキ,2455,り,水源涵養,栗山町,None,トドマツ,0,他Ｌ,None,2.62,水涵保,空知,None,141.899169,42.971959
シナノキ,2455,い,水源涵養,栗山町,None,トドマツ,0,他Ｌ,None,7.55,水涵保,空知,None,141.901215,42.971158
None,2455,わ,水源涵養,栗山町,None,トドマツ,0,None,None,0.18,水涵保,空知,None,141.899381,42.971167
トドマツ,2469,い,水源涵養,栗山町,None,他Ｌ,0,イタヤカエデ,None,5.5,水涵保,空知,None,141.902232,42.969514
トドマツ,2469,と,水源涵養,栗山町,None,他Ｌ,0,ドロノキ,None,2.86,水涵保,空知,None,141.901442,42.969885
None,2455,ろ,水源涵養,栗山町,None,トドマツ,0,None,None,1.34,水涵保,空知,None,141.8977,42.972041
None,2455,に,水源涵養,栗山町,None,トドマツ,0,None,None,1.7,水涵保,空知,None,141.897032,42.97105
None,2472,と,水源涵養,栗山町,None,トドマツ,0,None,None,1.23,水涵保,空知,None,141.89774,42.969721
シナノキ,2472,い,水源涵養,栗山町,None,他Ｌ,1,トドマツ,None,7.52,水涵保,空知,None,141.898599,42.968792
None,2455,は,水源涵養,栗山町,None,トドマツ,0,None,None,1.22,水涵保,空知,None,141.89637,42.97019
None,2472,に,水源涵養,栗山町,None,カラマツ,0,None,None,1.6,水涵保,空知,None,141.895938,42.968719
None,2472,は,水源涵養,栗山町,None,ヤチダモ,0,None,None,2.0,水涵保,空知,None,141.899612,42.966627
None,2472,は,水源涵養,栗山町,None,ヤチダモ,0,None,None,2.0,水涵保,空知,None,141.898035,42.967606
None,2472,ほ,水源涵養,栗山町,None,トドマツ,0,None,None,3.15,水涵保,空知,None,141.895331,42.967174
None,2472,は,水源涵養,栗山町,None,ヤチダモ,0,None,None,2.0,水涵保,空知,None,141.896488,42.966365
シナノキ,2472,い,水源涵養,栗山町,None,他Ｌ,2,トドマツ,None,8.9,水涵保,空知,None,141.893333,42.964192
None,2472,は,水源涵養,栗山町,None,ヤチダモ,0,None,None,2.0,水涵保,空知,None,141.895989,42.965836
None,2472,ろ,水源涵養,栗山町,None,ヤチダモ,0,None,None,0.73,水涵保,空知,None,141.895745,42.965008
シナノキ,2472,い,水源涵養,栗山町,None,他Ｌ,2,トドマツ,None,8.9,水涵保,空知,None,141.895988,42.96533
None,2472,は,水源涵養,栗山町,None,ヤチダモ,0,None,None,2.0,水涵保,空知,None,141.894709,42.965099
None,2472,ろ,水源涵養,栗山町,None,ヤチダモ,0,None,None,0.73,水涵保,空知,None,141.894261,42.964345
None,2472,へ,水源涵養,栗山町,None,トドマツ,0,None,None,2.2,水涵保,空知,None,141.89243,42.965062
None,2473,は,水源涵養,栗山町,None,ヤチダモ,0,None,None,0.5,水涵保,空知,None,141.892916,42.96327
None,2473,に,水源涵養,栗山町,None,ヤチダモ,0,None,None,2.24,水涵保,空知,None,141.891006,42.963378
None,2489,と,水源涵養,栗山町,None,トドマツ,0,None,None,4.15,水涵保,空知,None,141.900939,42.954489
None,2489,と,水源涵養,栗山町,None,トドマツ,0,None,None,4.15,水涵保,空知,None,141.902547,42.9538
None,2489,に,水源涵養,栗山町,None,トドマツ,0,None,None,2.87,水涵保,空知,None,141.901019,42.953499
None,2489,は,水源涵養,栗山町,None,トドマツ,0,None,None,1.4,水涵保,空知,None,141.900537,42.952626
None,2489,に,水源涵養,栗山町,None,トドマツ,0,None,None,2.87,水涵保,空知,None,141.899762,42.95404
None,2489,イ,水源涵養,栗山町,None,None,0,None,None,0.63,None,空知,None,141.902216,42.954576
None,2489,は,水源涵養,栗山町,None,トドマツ,0,None,None,1.4,水涵保,空知,None,141.899811,42.952421
イタヤカエデ,2489,い,水源涵養,栗山町,None,他Ｌ,0,シナノキ,None,3.98,水涵保,空知,None,141.898947,42.953786
None,2490,ろ,水源涵養,栗山町,None,トドマツ,0,None,None,0.45,水涵保,空知,None,141.898845,42.952303
None,2490,ち,水源涵養,栗山町,None,ストローブマツ,0,None,None,1.37,水涵保,空知,None,141.898269,42.953577
None,2490,ち,水源涵養,栗山町,None,ストローブマツ,0,None,None,1.37,水涵保,空知,None,141.898355,42.952432
None,2473,ろ,水源涵養,栗山町,None,トドマツ,0,None,None,0.19,水涵保,空知,None,141.892319,42.961646
None,2473,は,水源涵養,栗山町,None,ヤチダモ,0,None,None,0.5,水涵保,空知,None,141.891244,42.962416
None,2473,は,水源涵養,栗山町,None,ヤチダモ,0,None,None,0.5,水涵保,空知,None,141.891204,42.961694
None,2473,イ,水源涵養,栗山町,None,None,0,None,None,14.99,None,空知,None,141.892049,42.957251
None,2473,に,水源涵養,栗山町,None,ヤチダモ,0,None,None,2.24,水涵保,空知,None,141.890751,42.962204
シナノキ,2473,い,水源涵養,栗山町,None,他Ｌ,0,イタヤカエデ,None,12.07,水涵保,空知,None,141.889871,42.96246
None,2473,ほ,水源涵養,栗山町,None,ヤチダモ,0,None,None,1.05,水涵保,空知,None,141.890355,42.961169
None,2473,に,水源涵養,栗山町,None,ヤチダモ,0,None,None,2.24,水涵保,空知,None,141.891261,42.960943
None,2473,に,水源涵養,栗山町,None,ヤチダモ,0,None,None,2.24,水涵保,空知,None,141.889059,42.959776
None,2473,イ,水源涵養,栗山町,None,None,0,None,None,14.99,None,空知,None,141.890591,42.959595
None,2473,イ,水源涵養,栗山町,None,None,0,None,None,14.99,None,空知,None,141.889872,42.957287
None,2473,に,水源涵養,栗山町,None,ヤチダモ,0,None,None,2.24,水涵保,空知,None,141.88826,42.958728
None,2473,は,水源涵養,栗山町,None,ヤチダモ,0,None,None,0.5,水涵保,空知,None,141.888214,42.958196
None,2473,ニ,水源涵養,栗山町,None,None,0,None,None,0.21,None,空知,None,141.887514,42.957579
None,2473,イ,水源涵養,栗山町,None,None,0,None,None,14.99,None,空知,None,141.886944,42.957287
None,2473,イ,水源涵養,栗山町,None,None,0,None,None,14.99,None,空知,None,141.89317,42.956341
None,2473,ハ,水源涵養,栗山町,None,None,0,None,None,1.05,None,空知,None,141.891394,42.956556
None,2473,イ,水源涵養,栗山町,None,None,0,None,None,14.99,None,空知,None,141.89164,42.955887
None,2473,へ,水源涵養,栗山町,None,トドマツ,0,None,None,0.83,None,空知,None,141.89092,42.955657
None,2473,へ,水源涵養,栗山町,None,トドマツ,0,None,None,0.83,None,空知,None,141.890999,42.955284
None,2473,ロ,水源涵養,栗山町,None,None,0,None,None,1.05,None,空知,None,141.890429,42.955511
None,2473,ロ,水源涵養,栗山町,None,None,0,None,None,1.05,None,空知,None,141.890441,42.9549
None,2473,へ,水源涵養,栗山町,None,トドマツ,0,None,None,0.83,None,空知,None,141.889831,42.955793
シナノキ,2473,い,水源涵養,栗山町,None,他Ｌ,0,イタヤカエデ,None,12.07,水涵保,空知,None,141.889848,42.955243
シナノキ,2473,い,水源涵養,栗山町,None,他Ｌ,0,イタヤカエデ,None,12.07,水涵保,空知,None,141.88797,42.957005
None,2486,へ,水源涵養,栗山町,None,トドマツ,0,None,None,5.53,水涵保,空知,None,141.931822,42.949118
イタヤカエデ,2486,ろ,水源涵養,栗山町,None,他Ｌ,0,シナノキ,None,27.93,水涵保,空知,None,141.931352,42.944381
None,2486,り,水源涵養,栗山町,None,トドマツ,0,None,None,2.43,水涵保,空知,None,141.930904,42.94715
イタヤカエデ,2486,ろ,水源涵養,栗山町,None,他Ｌ,0,シナノキ,None,27.93,水涵保,空知,None,141.929471,42.95121
None,2486,い,水源涵養,栗山町,None,トドマツ,0,None,None,4.0,水涵保,空知,None,141.927961,42.951282
None,2486,と,水源涵養,栗山町,None,トドマツ,0,None,None,2.25,水涵保,空知,None,141.928062,42.948904
None,2486,ち,水源涵養,栗山町,None,トドマツ,0,None,None,1.03,水涵保,空知,None,141.928633,42.946524
None,2486,る,水源涵養,栗山町,None,トドマツ,0,None,None,1.43,水涵保,空知,None,141.932454,42.944765
None,2486,ぬ,水源涵養,栗山町,None,トドマツ,0,None,None,1.85,水涵保,空知,None,141.930974,42.945611
ミズナラ,2499,い,水源涵養,栗山町,None,他Ｌ,0,シナノキ,None,17.41,水涵保,空知,None,141.938835,42.94385
イタヤカエデ,2496,い,水源涵養,栗山町,None,他Ｌ,1,シナノキ,None,13.81,水涵保,空知,None,141.928584,42.943926
None,2486,は,水源涵養,栗山町,None,トドマツ,0,None,None,1.43,水涵保,空知,None,141.92724,42.945897
None,2499,ろ,水源涵養,栗山町,None,トドマツ,0,None,None,19.97,水涵保,空知,None,141.930177,42.942329
None,2486,ほ,水源涵養,栗山町,None,トドマツ,0,None,None,3.6,水涵保,空知,None,141.92277,42.951127
None,2486,に,水源涵養,栗山町,None,トドマツ,0,None,None,23.8,水涵保,空知,None,141.925589,42.947217
イタヤカエデ,2486,ろ,水源涵養,栗山町,None,他Ｌ,0,シナノキ,None,27.93,水涵保,空知,None,141.921482,42.951628
None,2486,に,水源涵養,栗山町,None,トドマツ,0,None,None,23.8,水涵保,空知,None,141.92132,42.951136
None,2486,い,水源涵養,栗山町,None,トドマツ,0,None,None,4.0,水涵保,空知,None,141.92151,42.950417
None,2487,は,水源涵養,栗山町,None,トドマツ,0,None,None,3.76,水涵保,空知,None,141.920781,42.948223
None,2487,ほ,水源涵養,栗山町,None,トドマツ,0,None,None,28.79,水涵保,空知,None,141.9218,42.947407
イタヤカエデ,2487,ろ,水源涵養,栗山町,None,トドマツ,0,他Ｌ,None,4.2,水涵保,空知,None,141.91935,42.946308
None,2487,と,水源涵養,栗山町,None,トドマツ,0,None,None,4.53,水涵保,空知,None,141.918777,42.947688
None,2496,へ,水源涵養,栗山町,None,トドマツ,0,None,None,7.56,水涵保,空知,None,141.922146,42.94289
None,2487,は,水源涵養,栗山町,None,トドマツ,0,None,None,3.76,水涵保,空知,None,141.922078,42.946042
None,2487,は,水源涵養,栗山町,None,トドマツ,0,None,None,3.76,水涵保,空知,None,141.921179,42.9463
None,2487,は,水源涵養,栗山町,None,トドマツ,0,None,None,3.76,水涵保,空知,None,141.920623,42.945166
イタヤカエデ,2496,い,水源涵養,栗山町,None,他Ｌ,1,シナノキ,None,13.81,水涵保,空知,None,141.921314,42.941564
None,2496,ろ,水源涵養,栗山町,None,トドマツ,0,None,None,0.63,水涵保,空知,None,141.919967,42.942677
None,2496,ろ,水源涵養,栗山町,None,トドマツ,0,None,None,0.63,水涵保,空知,None,141.920009,42.9423
None,2499,は,水源涵養,栗山町,None,トドマツ,0,None,None,26.48,水涵保,空知,None,141.929466,42.937281
シナノキ,2498,い,水源涵養,栗山町,None,他Ｌ,0,ミズナラ,None,11.62,水涵保,空知,None,141.924296,42.939487
None,2502,と,水源涵養,栗山町,None,トドマツ,0,None,None,5.04,水涵保,空知,None,141.932578,42.935103
シナノキ,2502,い,水源涵養,栗山町,None,他Ｌ,2,イタヤカエデ,None,1.44,水涵保,空知,None,141.932359,42.934181
シナノキ,2502,い,水源涵養,栗山町,None,他Ｌ,2,イタヤカエデ,None,1.44,水涵保,空知,None,141.931078,42.935029
シナノキ,2501,い,水源涵養,栗山町,None,他Ｌ,2,イタヤカエデ,None,11.54,水涵保,空知,None,141.933043,42.932674
None,2501,ね,水源涵養,栗山町,None,トドマツ,0,None,None,0.13,水涵保,空知,None,141.93327,42.931439
None,2501,つ,水源涵養,栗山町,None,トドマツ,0,None,None,3.85,水涵保,空知,None,141.932532,42.932001
None,2501,そ,水源涵養,栗山町,None,トドマツ,0,None,None,3.6,水涵保,空知,None,141.930855,42.93208
シナノキ,2501,い,水源涵養,栗山町,None,他Ｌ,2,イタヤカエデ,None,11.54,水涵保,空知,None,141.928282,42.930928
シナノキ,2501,い,水源涵養,栗山町,None,他Ｌ,2,イタヤカエデ,None,11.54,水涵保,空知,None,141.927403,42.929895
シナノキ,2501,い,水源涵養,栗山町,None,他Ｌ,1,イタヤカエデ,None,2.91,水涵保,空知,None,141.929443,42.933418
None,2500,へ,水源涵養,栗山町,None,トドマツ,0,None,None,6.26,水涵保,空知,None,141.926728,42.93552
None,2501,と,水源涵養,栗山町,None,トドマツ,0,None,None,1.56,水涵保,空知,None,141.928371,42.932694
None,2501,た,水源涵養,栗山町,None,トドマツ,0,None,None,2.05,水涵保,空知,None,141.929478,42.931319
None,2501,れ,水源涵養,栗山町,None,トドマツ,0,None,None,0.2,水涵保,空知,None,141.929868,42.93037
None,2501,よ,水源涵養,栗山町,None,トドマツ,0,None,None,0.78,水涵保,空知,None,141.928126,42.931534
None,2501,か,水源涵養,栗山町,None,トドマツ,0,None,None,1.63,水涵保,空知,None,141.927476,42.931989
None,2501,へ,水源涵養,栗山町,None,トドマツ,0,None,None,4.97,水涵保,空知,None,141.926299,42.932327
None,2501,イ,水源涵養,栗山町,None,None,0,None,None,1.4,None,空知,None,141.932442,42.931086
None,2496,ち,水源涵養,栗山町,None,トドマツ,0,None,None,16.81,水涵保,空知,None,141.923704,42.94077
イタヤカエデ,2496,い,水源涵養,栗山町,None,他Ｌ,1,シナノキ,None,13.81,水涵保,空知,None,141.922403,42.939837
イタヤカエデ,2496,い,水源涵養,栗山町,None,他Ｌ,3,シナノキ,None,2.25,水涵保,空知,None,141.920837,42.940415
None,2496,は,水源涵養,栗山町,None,トドマツ,0,None,None,0.25,水涵保,空知,None,141.92057,42.939428
None,2496,と,水源涵養,栗山町,None,トドマツ,0,None,None,3.69,水涵保,空知,None,141.920047,42.938777
None,2496,り,水源涵養,栗山町,None,トドマツ,0,他Ｌ,None,2.22,水涵保,空知,None,141.919122,42.939138
None,2496,に,水源涵養,栗山町,None,トドマツ,0,None,None,0.37,水涵保,空知,None,141.918341,42.938701
シナノキ,2498,い,水源涵養,栗山町,None,他Ｌ,0,ミズナラ,None,11.62,水涵保,空知,None,141.920143,42.937949
イタヤカエデ,2500,い,水源涵養,栗山町,None,他Ｌ,2,シナノキ,None,4.33,水涵保,空知,None,141.92756,42.936616
None,2500,ほ,水源涵養,栗山町,None,トドマツ,0,None,None,5.25,水涵保,空知,None,141.923202,42.935014
イタヤカエデ,2501,わ,水源涵養,栗山町,None,トドマツ,0,他Ｌ,None,1.38,水涵保,空知,None,141.925734,42.931653
None,2501,な,水源涵養,栗山町,None,トドマツ,0,None,None,2.75,水涵保,空知,None,141.925168,42.931091
シナノキ,2501,い,水源涵養,栗山町,None,他Ｌ,2,イタヤカエデ,None,11.54,水涵保,空知,None,141.92496,42.930437
None,2501,る,水源涵養,栗山町,None,トドマツ,0,None,None,5.43,水涵保,空知,None,141.922585,42.931163
トドマツ,2500,い,水源涵養,栗山町,None,他Ｌ,1,シナノキ,None,16.26,水涵保,空知,None,141.921509,42.933936
トドマツ,2501,い,水源涵養,栗山町,None,他Ｌ,3,イタヤカエデ,None,3.19,水涵保,空知,None,141.921793,42.93201
シナノキ,2501,い,水源涵養,栗山町,None,他Ｌ,2,イタヤカエデ,None,11.54,水涵保,空知,None,141.921525,42.930488
None,2501,ち,水源涵養,栗山町,None,トドマツ,0,None,None,2.01,水涵保,空知,None,141.920255,42.93121
None,2501,り,水源涵養,栗山町,None,トドマツ,0,None,None,1.09,水涵保,空知,None,141.91916,42.930738
None,2487,へ,水源涵養,栗山町,None,トドマツ,0,None,None,1.78,水涵保,空知,None,141.918495,42.950849
イタヤカエデ,2487,ろ,水源涵養,栗山町,None,トドマツ,0,他Ｌ,None,4.2,水涵保,空知,None,141.918292,42.949805
None,2488,ろ,水源涵養,栗山町,None,他Ｌ,0,トドマツ,None,0.64,水涵保,空知,None,141.915294,42.951758
イタヤカエデ,2487,い,水源涵養,栗山町,None,他Ｌ,0,ミズナラ,None,15.05,水涵保,空知,None,141.918107,42.951667
None,2488,ろ,水源涵養,栗山町,None,他Ｌ,0,トドマツ,None,0.64,水涵保,空知,None,141.913839,42.951409
イタヤカエデ,2488,い,水源涵養,栗山町,None,トドマツ,0,他Ｌ,None,12.21,水涵保,空知,None,141.913438,42.949819
None,2488,は,水源涵養,栗山町,None,ヤチダモ,0,None,None,1.7,水涵保,空知,None,141.910163,42.95104
None,2487,に,水源涵養,栗山町,None,トドマツ,0,None,None,10.94,水涵保,空知,None,141.911717,42.945742
None,2488,ろ,水源涵養,栗山町,None,他Ｌ,0,トドマツ,None,0.64,水涵保,空知,None,141.911779,42.948985
イタヤカエデ,2487,い,水源涵養,栗山町,None,他Ｌ,0,ミズナラ,None,15.05,水涵保,空知,None,141.918468,42.943949
None,2487,は,水源涵養,栗山町,None,トドマツ,0,None,None,3.76,水涵保,空知,None,141.915103,42.945279
イタヤカエデ,2487,い,水源涵養,栗山町,None,他Ｌ,0,ミズナラ,None,15.05,水涵保,空知,None,141.915176,42.944326
イタヤカエデ,2496,い,水源涵養,栗山町,None,トドマツ,2,他Ｌ,None,3.31,水涵保,空知,None,141.914861,42.943896
None,2496,ろ,水源涵養,栗山町,None,トドマツ,0,None,None,0.63,水涵保,空知,None,141.918091,42.943219
None,2496,ろ,水源涵養,栗山町,None,トドマツ,0,None,None,0.63,水涵保,空知,None,141.917307,42.942632
None,2496,ほ,水源涵養,栗山町,None,カラマツ,0,None,None,12.82,水涵保,空知,None,141.916356,42.941541
イタヤカエデ,2495,ね,水源涵養,栗山町,None,トドマツ,0,他Ｌ,None,13.43,水涵保,空知,None,141.91403,42.939891
None,2487,は,水源涵養,栗山町,None,トドマツ,0,None,None,3.76,水涵保,空知,None,141.913039,42.945414
None,2495,た,水源涵養,栗山町,None,カラマツ,0,他Ｌ,None,0.18,水涵保,空知,None,141.914004,42.943464
None,2495,ぬ,水源涵養,栗山町,None,トドマツ,0,None,None,1.44,水涵保,空知,None,141.912522,42.942305
None,2495,そ,水源涵養,栗山町,None,ストローブマツ,0,None,None,3.64,水涵保,空知,None,141.912477,42.943534
None,2495,り,水源涵養,栗山町,None,カラマツ,0,None,None,0.9,水涵保,空知,None,141.911885,42.942387
None,2495,か,水源涵養,栗山町,None,ストローブマツ,0,None,None,2.65,水涵保,空知,None,141.910575,42.943845
None,2495,に,水源涵養,栗山町,None,ヤチダモ,0,トドマツ,None,0.4,水涵保,空知,None,141.912112,42.941801
None,2495,な,水源涵養,栗山町,None,トドマツ,0,None,None,0.94,水涵保,空知,None,141.910374,42.941577
None,2488,ハ,水源涵養,栗山町,None,None,0,None,None,2.24,水涵保,空知,None,141.908495,42.950729
None,2488,ロ,水源涵養,栗山町,None,None,0,None,None,0.06,None,空知,None,141.908582,42.949919
None,2488,に,水源涵養,栗山町,None,ヤチダモ,0,None,None,0.91,水涵保,空知,None,141.908416,42.951635
None,2489,り,水源涵養,栗山町,None,トドマツ,0,None,None,0.5,水涵保,空知,None,141.907625,42.949295
None,2488,ち,水源涵養,栗山町,None,ストローブマツ,0,None,None,17.56,水涵保,空知,None,141.910048,42.949062
None,2488,ハ,水源涵養,栗山町,None,None,0,None,None,2.24,水涵保,空知,None,141.908767,42.94895
None,2488,ロ,水源涵養,栗山町,None,None,0,None,None,0.06,None,空知,None,141.908975,42.947209
None,2488,ハ,水源涵養,栗山町,None,None,0,None,None,2.24,水涵保,空知,None,141.909038,42.946838
None,2490,り,水源涵養,栗山町,None,ストローブマツ,0,None,None,5.95,水涵保,空知,None,141.907828,42.946759
None,2489,へ,水源涵養,栗山町,None,トドマツ,0,None,None,3.94,水涵保,空知,None,141.906825,42.95005
イタヤカエデ,2489,い,水源涵養,栗山町,None,他Ｌ,0,シナノキ,None,3.98,水涵保,空知,None,141.906086,42.950039
None,2490,ぬ,水源涵養,栗山町,None,カラマツ,0,None,None,8.18,水涵保,空知,None,141.904422,42.94993
トドマツ,2490,い,水源涵養,栗山町,None,他Ｌ,0,イタヤカエデ,None,3.93,水涵保,空知,None,141.904069,42.951054
None,2490,ぬ,水源涵養,栗山町,None,カラマツ,0,None,None,8.18,水涵保,空知,None,141.902832,42.950073
トドマツ,2490,い,水源涵養,栗山町,None,他Ｌ,0,イタヤカエデ,None,3.93,水涵保,空知,None,141.903362,42.949775
None,2490,ぬ,水源涵養,栗山町,None,カラマツ,0,None,None,8.18,水涵保,空知,None,141.903543,42.949143
トドマツ,2490,い,水源涵養,栗山町,None,他Ｌ,0,イタヤカエデ,None,3.93,水涵保,空知,None,141.902829,42.949297
None,2490,る,水源涵養,栗山町,None,カラマツ,0,None,None,3.71,水涵保,空知,None,141.906305,42.947852
None,2490,る,水源涵養,栗山町,None,カラマツ,0,None,None,3.71,水涵保,空知,None,141.904781,42.947542
None,2490,ぬ,水源涵養,栗山町,None,カラマツ,0,None,None,8.18,水涵保,空知,None,141.903906,42.948793
None,2490,ろ,水源涵養,栗山町,None,トドマツ,0,None,None,0.45,水涵保,空知,None,141.904116,42.948623
None,2490,る,水源涵養,栗山町,None,カラマツ,0,None,None,3.71,水涵保,空知,None,141.904169,42.94821
None,2490,と,水源涵養,栗山町,None,カラマツ,0,None,None,2.33,水涵保,空知,None,141.904467,42.946629
None,2488,ハ,水源涵養,栗山町,None,None,0,None,None,2.24,水涵保,空知,None,141.909231,42.945521
None,2488,ち,水源涵養,栗山町,None,ストローブマツ,0,None,None,17.56,水涵保,空知,None,141.90897,42.945178
None,2487,ロ,水源涵養,栗山町,None,None,0,None,None,0.05,水涵保,空知,None,141.909486,42.944714
None,2487,イ,水源涵養,栗山町,None,None,0,None,None,0.02,None,空知,None,141.909373,42.944706
None,2495,ハ,水源涵養,栗山町,None,None,0,None,None,0.06,None,空知,None,141.909271,42.94464
None,2490,に,水源涵養,栗山町,None,トドマツ,0,None,None,0.48,水涵保,空知,None,141.907989,42.945808
None,2495,わ,水源涵養,栗山町,None,カラマツ,0,None,None,13.49,水涵保,空知,None,141.907576,42.943996
None,2495,よ,水源涵養,栗山町,None,ストローブマツ,0,None,None,2.7,水涵保,空知,None,141.90743,42.944933
None,2495,よ,水源涵養,栗山町,None,ストローブマツ,0,None,None,2.7,水涵保,空知,None,141.906531,42.944055
None,2495,ロ,水源涵養,栗山町,None,None,0,None,None,1.25,水涵保,空知,None,141.909476,42.943737
None,2495,ら,水源涵養,栗山町,None,トドマツ,0,None,None,0.33,水涵保,空知,None,141.910171,42.942701
None,2495,ロ,水源涵養,栗山町,None,None,0,None,None,1.25,水涵保,空知,None,141.909897,42.941822
None,2495,ハ,水源涵養,栗山町,None,None,0,None,None,0.06,None,空知,None,141.909769,42.941809
None,2495,ロ,水源涵養,栗山町,None,None,0,None,None,1.25,水涵保,空知,None,141.909799,42.941183
None,2495,ち,水源涵養,栗山町,None,トドマツ,0,None,None,2.72,水涵保,空知,None,141.907682,42.942088
None,2495,ち,水源涵養,栗山町,None,トドマツ,0,None,None,2.72,水涵保,空知,None,141.906569,42.941558
None,2495,ニ,水源涵養,栗山町,None,None,0,None,None,1.98,水涵保,空知,None,141.907161,42.94298
None,2490,は,水源涵養,栗山町,None,トドマツ,0,None,None,0.32,水涵保,空知,None,141.906057,42.946007
None,2490,り,水源涵養,栗山町,None,ストローブマツ,0,None,None,5.95,水涵保,空知,None,141.905266,42.945991
None,2495,わ,水源涵養,栗山町,None,カラマツ,0,None,None,13.49,水涵保,空知,None,141.904758,42.942303
None,2496,り,水源涵養,栗山町,None,トドマツ,0,他Ｌ,None,2.22,水涵保,空知,None,141.917833,42.939437
None,2496,り,水源涵養,栗山町,None,トドマツ,0,他Ｌ,None,2.22,水涵保,空知,None,141.917165,42.938549
None,2497,ほ,水源涵養,栗山町,None,トドマツ,0,None,None,15.94,水涵保,空知,None,141.916097,42.937716
None,2498,に,水源涵養,栗山町,None,トドマツ,0,None,None,29.42,水涵保,空知,None,141.923439,42.938118
None,2495,れ,水源涵養,栗山町,None,ストローブマツ,0,None,None,4.6,水涵保,空知,None,141.91184,42.940576
None,2495,ロ,水源涵養,栗山町,None,None,0,None,None,1.25,水涵保,空知,None,141.910449,42.938337
None,2497,に,水源涵養,栗山町,None,トドマツ,0,None,None,0.59,水涵保,空知,None,141.913135,42.937908
None,2497,は,水源涵養,栗山町,None,トドマツ,0,None,None,1.47,水涵保,空知,None,141.912623,42.936659
None,2497,ろ,水源涵養,栗山町,None,トドマツ,0,None,None,0.62,水涵保,空知,None,141.911632,42.936335
None,2500,に,水源涵養,栗山町,None,トドマツ,0,None,None,9.62,水涵保,空知,None,141.917822,42.933575
トドマツ,2500,い,水源涵養,栗山町,None,シナノキ,3,他Ｌ,None,5.56,水涵保,空知,None,141.916036,42.933941
None,2501,ぬ,水源涵養,栗山町,None,トドマツ,0,None,None,8.22,水涵保,空知,None,141.917555,42.931043
シナノキ,2498,い,水源涵養,栗山町,None,他Ｌ,0,ミズナラ,None,11.62,水涵保,空知,None,141.913979,42.934842
シナノキ,2498,い,水源涵養,栗山町,None,他Ｌ,0,ミズナラ,None,11.62,水涵保,空知,None,141.912461,42.933486
None,2498,ロ,水源涵養,栗山町,None,None,0,None,None,0.01,None,空知,None,141.910905,42.935035
None,2497,ロ,水源涵養,栗山町,None,None,0,None,None,0.09,水涵保,空知,None,141.910798,42.93524
None,2497,イ,水源涵養,栗山町,None,None,0,None,None,0.01,None,空知,None,141.910771,42.935098
None,2498,ハ,水源涵養,栗山町,None,None,0,None,None,0.15,水涵保,空知,None,141.910908,42.934841
None,2500,と,水源涵養,栗山町,None,トドマツ,0,None,None,0.66,水涵保,空知,None,141.913746,42.932649
None,2500,ろ,水源涵養,栗山町,None,カラマツ,0,None,None,5.34,水涵保,空知,None,141.915189,42.932264
None,2500,は,水源涵養,栗山町,None,トドマツ,0,None,None,1.72,水涵保,空知,None,141.912169,42.932809
シナノキ,2498,い,水源涵養,栗山町,None,他Ｌ,0,ミズナラ,None,11.62,水涵保,空知,None,141.911128,42.932992
None,2500,イ,水源涵養,栗山町,None,None,0,None,None,0.03,None,空知,None,141.911286,42.932124
None,2500,ロ,水源涵養,栗山町,None,None,0,None,None,0.03,水涵保,空知,None,141.911386,42.931989
シナノキ,2501,い,水源涵養,栗山町,None,他Ｌ,2,イタヤカエデ,None,11.54,水涵保,空知,None,141.910677,42.931809
None,2501,ろ,水源涵養,栗山町,None,カラマツ,0,None,None,1.38,水涵保,空知,None,141.911278,42.930449
None,2501,ロ,水源涵養,栗山町,None,None,0,None,None,0.44,水涵保,空知,None,141.911263,42.931507
イタヤカエデ,2505,い,水源涵養,栗山町,None,他Ｌ,0,シナノキ,None,17.36,水涵保,空知,None,141.910646,42.930588
シナノキ,2495,い,水源涵養,栗山町,None,他Ｌ,1,ミズナラ,None,9.77,水涵保,空知,None,141.909713,42.939292
None,2495,ハ,水源涵養,栗山町,None,None,0,None,None,0.06,None,空知,None,141.910327,42.938398
None,2495,わ,水源涵養,栗山町,None,カラマツ,0,None,None,13.49,水涵保,空知,None,141.908518,42.940349
None,2495,む,水源涵養,栗山町,None,カラマツ,0,他Ｌ,None,5.75,水涵保,空知,None,141.907238,42.939206
None,2495,つ,水源涵養,栗山町,None,トドマツ,0,None,None,0.9,水涵保,空知,None,141.909454,42.937547
シナノキ,2495,い,水源涵養,栗山町,None,他Ｌ,1,ミズナラ,None,9.77,水涵保,空知,None,141.909788,42.937285
None,2495,と,水源涵養,栗山町,None,トドマツ,0,None,None,0.5,水涵保,空知,None,141.908381,42.936983
None,2497,ほ,水源涵養,栗山町,None,トドマツ,0,None,None,15.94,水涵保,空知,None,141.90961,42.935676
None,2495,い,水源涵養,栗山町,None,トドマツ,2,他Ｌ,None,1.2,水涵保,空知,None,141.907827,42.938072
None,2495,る,水源涵養,栗山町,None,トドマツ,0,カラマツ,None,1.43,水涵保,空知,None,141.906712,42.937151
シナノキ,2495,い,水源涵養,栗山町,None,他Ｌ,1,ミズナラ,None,9.77,水涵保,空知,None,141.905969,42.942096
None,2495,わ,水源涵養,栗山町,None,カラマツ,0,None,None,13.49,水涵保,空知,None,141.906331,42.939953
None,2495,は,水源涵養,栗山町,None,トドマツ,0,None,None,4.1,水涵保,空知,None,141.904868,42.940422
None,2495,む,水源涵養,栗山町,None,カラマツ,0,他Ｌ,None,5.75,水涵保,空知,None,141.906281,42.939367
None,2495,る,水源涵養,栗山町,None,トドマツ,0,カラマツ,None,1.43,水涵保,空知,None,141.906258,42.938563
None,2495,む,水源涵養,栗山町,None,カラマツ,0,他Ｌ,None,5.75,水涵保,空知,None,141.904891,42.937885
None,2495,む,水源涵養,栗山町,None,カラマツ,0,他Ｌ,None,5.75,水涵保,空知,None,141.905584,42.93669
None,2495,へ,水源涵養,栗山町,None,トドマツ,0,None,None,0.21,水涵保,空知,None,141.904874,42.936394
None,2495,へ,水源涵養,栗山町,None,トドマツ,0,None,None,0.21,水涵保,空知,None,141.904508,42.936627
トドマツ,2497,い,水源涵養,栗山町,None,他Ｌ,0,シナノキ,None,5.07,水涵保,空知,None,141.911155,42.937251
None,2495,ニ,水源涵養,栗山町,None,None,0,None,None,1.98,水涵保,空知,None,141.904116,42.93622
シナノキ,2495,い,水源涵養,栗山町,None,他Ｌ,1,ミズナラ,None,9.77,水涵保,空知,None,141.903161,42.935256
None,2498,ろ,水源涵養,栗山町,None,トドマツ,0,None,None,3.75,水涵保,空知,None,141.909024,42.932827
None,2498,ろ,水源涵養,栗山町,None,トドマツ,0,None,None,3.75,水涵保,空知,None,141.909072,42.932415
イタヤカエデ,2505,い,水源涵養,栗山町,None,他Ｌ,0,シナノキ,None,17.36,水涵保,空知,None,141.907981,42.932137
None,2505,ぬ,水源涵養,栗山町,None,トドマツ,0,None,None,17.29,水涵保,空知,None,141.908783,42.931475
シナノキ,2505,り,水源涵養,栗山町,None,トドマツ,0,他Ｌ,None,1.07,水涵保,空知,None,141.908678,42.930822
イタヤカエデ,2505,い,水源涵養,栗山町,None,他Ｌ,0,シナノキ,None,17.36,水涵保,空知,None,141.906341,42.932665
None,2498,は,水源涵養,栗山町,None,トドマツ,0,None,None,1.9,水涵保,空知,None,141.905523,42.934581
None,2498,イ,水源涵養,栗山町,None,None,0,None,None,1.8,None,空知,None,141.908359,42.93312
None,2498,ろ,水源涵養,栗山町,None,トドマツ,0,None,None,3.75,水涵保,空知,None,141.902519,42.934225
None,2498,ろ,水源涵養,栗山町,None,トドマツ,0,None,None,3.75,水涵保,空知,None,141.906331,42.933454
None,2505,に,水源涵養,栗山町,None,トドマツ,0,None,None,2.0,水涵保,空知,None,141.903108,42.931503
イタヤカエデ,2505,い,水源涵養,栗山町,None,他Ｌ,0,シナノキ,None,17.36,水涵保,空知,None,141.904649,42.932491
シナノキ,2504,い,水源涵養,栗山町,None,他Ｌ,0,イタヤカエデ,None,17.58,水涵保,空知,None,141.932378,42.929633
None,2504,る,水源涵養,栗山町,None,トドマツ,0,None,None,1.7,水涵保,空知,None,141.931503,42.929783
イタヤカエデ,2504,ぬ,水源涵養,栗山町,None,トドマツ,0,他Ｌ,None,0.6,水涵保,空知,None,141.932399,42.928657
None,2504,ほ,水源涵養,栗山町,None,トドマツ,0,None,None,12.68,水涵保,空知,None,141.932957,42.92688
None,2504,ち,水源涵養,栗山町,None,トドマツ,0,他Ｌ,None,4.93,水涵保,空知,None,141.930022,42.9276
None,2504,り,水源涵養,栗山町,None,トドマツ,0,None,None,0.4,水涵保,空知,None,141.928826,42.928734
None,2504,ほ,水源涵養,栗山町,None,トドマツ,0,None,None,12.68,水涵保,空知,None,141.927947,42.926675
None,2504,と,水源涵養,栗山町,None,トドマツ,0,None,None,5.27,水涵保,空知,None,141.925945,42.925901
None,2510,へ,水源涵養,栗山町,None,カラマツ,0,None,None,2.0,水涵保,空知,None,141.933522,42.920834
None,2504,に,水源涵養,栗山町,None,トドマツ,0,None,None,2.26,水涵保,空知,None,141.927037,42.925051
None,2501,へ,水源涵養,栗山町,None,トドマツ,0,None,None,4.97,水涵保,空知,None,141.92478,42.929387
シナノキ,2501,い,水源涵養,栗山町,None,他Ｌ,2,イタヤカエデ,None,11.54,水涵保,空知,None,141.922028,42.929694
シナノキ,2504,い,水源涵養,栗山町,None,他Ｌ,0,イタヤカエデ,None,17.58,水涵保,空知,None,141.931977,42.927854
None,2504,へ,水源涵養,栗山町,None,トドマツ,0,None,None,5.95,水涵保,空知,None,141.922926,42.927443
None,2504,は,水源涵養,栗山町,None,トドマツ,0,None,None,0.5,水涵保,空知,None,141.923998,42.926396
シナノキ,2504,い,水源涵養,栗山町,None,他Ｌ,0,イタヤカエデ,None,17.58,水涵保,空知,None,141.923206,42.926307
シナノキ,2501,い,水源涵養,栗山町,None,他Ｌ,2,イタヤカエデ,None,11.54,水涵保,空知,None,141.922166,42.929014
None,2501,ほ,水源涵養,栗山町,None,カラマツ,0,None,None,2.35,水涵保,空知,None,141.919457,42.929716
シナノキ,2501,い,水源涵養,栗山町,None,他Ｌ,1,イタヤカエデ,None,2.91,水涵保,空知,None,141.91852,42.929942
イタヤカエデ,2505,い,水源涵養,栗山町,None,他Ｌ,0,シナノキ,None,17.36,水涵保,空知,None,141.918807,42.928877
None,2504,ろ,水源涵養,栗山町,None,トドマツ,0,None,None,1.2,水涵保,空知,None,141.921044,42.927311
None,2510,に,水源涵養,栗山町,None,トドマツ,0,None,None,3.7,水涵保,空知,None,141.933107,42.919062
None,2510,ほ,水源涵養,栗山町,None,カラマツ,0,None,None,2.07,水涵保,空知,None,141.933692,42.912639
トドマツ,2510,ぬ,水源涵養,栗山町,None,他Ｌ,0,シナノキ,None,2.9,水涵保,空知,None,141.933215,42.911248
None,2513,ろ,水源涵養,栗山町,None,ヤチダモ,0,None,None,0.82,水涵保,空知,None,141.933076,42.910395
トドマツ,2514,り,水源涵養,栗山町,None,他Ｌ,0,イタヤカエデ,None,3.38,水涵保,空知,None,141.932949,42.909564
イタヤカエデ,2513,い,水源涵養,栗山町,None,他Ｌ,1,シナノキ,None,37.67,水涵保,空知,None,141.932718,42.909954
トドマツ,2510,ぬ,水源涵養,栗山町,None,他Ｌ,0,シナノキ,None,2.9,水涵保,空知,None,141.932266,42.910183
None,2501,に,水源涵養,栗山町,None,カラマツ,0,他Ｌ,None,1.66,水涵保,空知,None,141.9169,42.929867
イタヤカエデ,2505,い,水源涵養,栗山町,None,他Ｌ,0,シナノキ,None,17.36,水涵保,空知,None,141.920906,42.928462
None,2505,る,水源涵養,栗山町,None,カラマツ,0,None,None,5.18,水涵保,空知,None,141.918325,42.927965
None,2505,と,水源涵養,栗山町,None,トドマツ,0,None,None,2.9,水涵保,空知,None,141.915543,42.929298
None,2501,は,水源涵養,栗山町,None,カラマツ,0,他Ｌ,None,0.56,水涵保,空知,None,141.914465,42.929372
イタヤカエデ,2505,い,水源涵養,栗山町,None,他Ｌ,0,シナノキ,None,17.36,水涵保,空知,None,141.919558,42.927553
シナノキ,2501,い,水源涵養,栗山町,None,他Ｌ,2,イタヤカエデ,None,11.54,水涵保,空知,None,141.912588,42.930255
None,2505,へ,水源涵養,栗山町,None,カラマツ,0,None,None,2.38,水涵保,空知,None,141.912455,42.929658
None,2505,イ,水源涵養,栗山町,None,None,0,None,None,1.11,None,空知,None,141.917284,42.928866
None,2505,と,水源涵養,栗山町,None,トドマツ,0,None,None,2.9,水涵保,空知,None,141.91384,42.927605
None,2505,ロ,水源涵養,栗山町,None,None,0,None,None,1.14,水涵保,空知,None,141.91127,42.929457
None,2505,へ,水源涵養,栗山町,None,カラマツ,0,None,None,2.38,水涵保,空知,None,141.912208,42.928462
イタヤカエデ,2505,い,水源涵養,栗山町,None,他Ｌ,0,シナノキ,None,17.36,水涵保,空知,None,141.911299,42.928997
None,2506,り,山地災害防止（土砂）,栗山町,None,トドマツ,0,None,None,1.76,水涵保,空知,None,141.914083,42.925685
None,2506,は,山地災害防止（土砂）,栗山町,None,トドマツ,0,None,None,2.38,水涵保,空知,None,141.911933,42.924788
None,2505,ぬ,水源涵養,栗山町,None,トドマツ,0,None,None,17.29,水涵保,空知,None,141.911604,42.92742
None,2506,る,山地災害防止（土砂）,栗山町,None,トドマツ,0,None,None,2.66,水涵保,空知,None,141.912115,42.926503
イタヤカエデ,2505,い,水源涵養,栗山町,None,他Ｌ,0,シナノキ,None,17.36,水涵保,空知,None,141.911538,42.926819
None,2505,ハ,水源涵養,栗山町,None,None,0,None,None,0.02,None,空知,None,141.911236,42.927603
None,2505,ロ,水源涵養,栗山町,None,None,0,None,None,1.14,水涵保,空知,None,141.911229,42.928454
None,2506,ロ,山地災害防止（土砂）,栗山町,None,None,0,None,None,1.25,水涵保,空知,None,141.911264,42.926274
None,2506,イ,山地災害防止（土砂）,栗山町,None,None,0,None,None,0.02,None,空知,None,141.911185,42.924973
イタヤカエデ,2506,い,山地災害防止（土砂）,栗山町,None,他Ｌ,3,ミズナラ,None,2.18,水涵保,空知,None,141.914535,42.924888
None,2506,わ,山地災害防止（土砂）,栗山町,None,ヤチダモ,0,None,None,0.48,水涵保,空知,None,141.91342,42.924016
None,2506,ろ,山地災害防止（土砂）,栗山町,None,トドマツ,0,None,None,3.37,水涵保,空知,None,141.912635,42.923505
イタヤカエデ,2506,い,山地災害防止（土砂）,栗山町,None,他Ｌ,3,ミズナラ,None,2.18,水涵保,空知,None,141.912442,42.922345
None,2506,ロ,山地災害防止（土砂）,栗山町,None,None,0,None,None,1.25,水涵保,空知,None,141.911209,42.923756
None,2506,は,山地災害防止（土砂）,栗山町,None,トドマツ,0,None,None,2.38,水涵保,空知,None,141.910807,42.923005
イタヤカエデ,2505,い,水源涵養,栗山町,None,他Ｌ,0,シナノキ,None,17.36,水涵保,空知,None,141.91039,42.929749
シナノキ,2505,ち,水源涵養,栗山町,None,トドマツ,0,他Ｌ,None,2.1,水涵保,空知,None,141.909061,42.929848
None,2505,ぬ,水源涵養,栗山町,None,トドマツ,0,None,None,17.29,水涵保,空知,None,141.906728,42.930474
イタヤカエデ,2505,い,水源涵養,栗山町,None,他Ｌ,0,シナノキ,None,17.36,水涵保,空知,None,141.907302,42.928896
None,2506,る,山地災害防止（土砂）,栗山町,None,トドマツ,0,None,None,2.66,水涵保,空知,None,141.9095,42.925848
None,2506,ぬ,山地災害防止（土砂）,栗山町,None,トドマツ,0,None,None,1.85,水涵保,空知,None,141.910348,42.925116
None,2505,ほ,水源涵養,栗山町,None,トドマツ,0,None,None,1.8,水涵保,空知,None,141.904805,42.929114
イタヤカエデ,2506,い,水源涵養,栗山町,None,他Ｌ,2,ミズナラ,None,1.93,水涵保,空知,None,141.907037,42.928175
None,2506,ち,水源涵養,栗山町,None,カラマツ,0,None,None,4.0,水涵保,空知,None,141.902376,42.930205
None,2506,と,水源涵養,栗山町,None,カラマツ,0,None,None,7.44,水涵保,空知,None,141.905942,42.926832
None,2506,へ,水源涵養,栗山町,None,カラマツ,0,None,None,0.87,水涵保,空知,None,141.904166,42.927472
イタヤカエデ,2506,い,山地災害防止（土砂）,栗山町,None,他Ｌ,1,ミズナラ,None,4.52,水涵保,空知,None,141.909697,42.923883
None,2506,ほ,水源涵養,栗山町,None,ドイツトウヒ,0,None,None,3.78,水涵保,空知,None,141.907082,42.925021
None,2506,ニ,山地災害防止（土砂）,栗山町,None,None,0,None,None,0.05,水涵保,空知,None,141.907648,42.923381
None,2506,ハ,山地災害防止（土砂）,栗山町,None,None,0,None,None,0.07,水涵保,空知,None,141.907413,42.923522
None,2489,ほ,水源涵養,栗山町,None,トドマツ,0,None,None,1.63,水涵保,空知,None,141.901024,42.951836
None,2489,ち,水源涵養,栗山町,None,トドマツ,0,None,None,8.4,水涵保,空知,None,141.900795,42.950952
None,2489,ほ,水源涵養,栗山町,None,トドマツ,0,None,None,1.63,水涵保,空知,None,141.900107,42.951772
None,2490,ほ,水源涵養,栗山町,None,カラマツ,0,None,None,5.98,水涵保,空知,None,141.901475,42.948854
None,2490,へ,水源涵養,栗山町,None,カラマツ,0,None,None,2.69,水涵保,空知,None,141.902422,42.947601
None,2495,ほ,水源涵養,栗山町,None,トドマツ,0,None,None,3.75,水涵保,空知,None,141.902506,42.936668
None,2495,ろ,水源涵養,栗山町,None,ドイツトウヒ,0,None,None,1.92,水涵保,空知,None,141.900394,42.935705
シナノキ,2495,い,水源涵養,栗山町,None,他Ｌ,1,ミズナラ,None,9.77,水涵保,空知,None,141.901726,42.93545
None,2498,ろ,水源涵養,栗山町,None,トドマツ,0,None,None,3.75,水涵保,空知,None,141.901807,42.935206
None,2505,は,水源涵養,栗山町,None,トドマツ,0,None,None,2.0,水涵保,空知,None,141.900624,42.933663
シナノキ,2495,い,水源涵養,栗山町,None,他Ｌ,1,ミズナラ,None,9.77,水涵保,空知,None,141.900763,42.934843
None,2495,イ,水源涵養,栗山町,None,None,0,None,None,0.35,None,空知,None,141.90018,42.934909
イタヤカエデ,2505,い,水源涵養,栗山町,None,他Ｌ,0,シナノキ,None,17.36,水涵保,空知,None,141.901847,42.93376
None,2505,ろ,水源涵養,栗山町,None,トドマツ,0,None,None,7.0,水涵保,空知,None,141.902026,42.932289
None,2506,に,水源涵養,栗山町,None,ドイツトウヒ,0,None,None,4.67,水涵保,空知,None,141.900993,42.931604
None,2506,ホ,水源涵養,栗山町,None,None,0,None,None,0.28,None,空知,None,141.90001,42.931423
