ZIPファイル名,出力年月日・時刻,地番区域,地番,地番区域（筆界未定地構成地番）,地番（筆界未定地構成地番）
01486-4503-1.zip,202602101146,天塩郡遠別町字共栄,696-2,,
01486-4503-1.zip,202602101146,天塩郡遠別町字共栄,825,,
01486-4503-1.zip,202602101146,天塩郡遠別町,地区外-199704,,
01486-4503-1.zip,202602101146,天塩郡遠別町,地区外-199705,,
01486-4503-1.zip,202602101146,天塩郡遠別町,地区外-199706,,
01486-4503-1.zip,202602101146,天塩郡遠別町,地区外-199707,,
01486-4503-1.zip,202602101146,天塩郡遠別町,地区外-199708,,
01486-4503-1.zip,202602101146,天塩郡遠別町字東野,317,,
01486-4503-1.zip,202602101146,天塩郡遠別町字東野,330,,
01486-4503-1.zip,202602101146,天塩郡遠別町,地区外-199711,,
01486-4503-1.zip,202602101146,天塩郡遠別町字東野,333,,
01486-4503-1.zip,202602101146,天塩郡遠別町字東野,334,,
01486-4503-1.zip,202602101146,天塩郡遠別町字東野,318,,
01486-4503-1.zip,202602101146,天塩郡遠別町字東野,329,,
01486-4503-1.zip,202602101146,天塩郡遠別町字東野,328,,
01486-4503-1.zip,202602101146,天塩郡遠別町,地区外-199717,,
01486-4503-1.zip,202602101146,天塩郡遠別町字東野,341,,
01486-4503-1.zip,202602101146,天塩郡遠別町字東野,327,,
01486-4503-1.zip,202602101146,天塩郡遠別町字東野,332,,
01486-4503-1.zip,202602101146,天塩郡遠別町字東野,324,,
01486-4503-1.zip,202602101146,天塩郡遠別町字東野,326,,
01486-4503-1.zip,202602101146,天塩郡遠別町字東野,325,,
01486-4503-1.zip,202602101146,天塩郡遠別町字東野,331,,
01486-4503-1.zip,202602101146,天塩郡遠別町字東野,336,,
01486-4503-1.zip,202602101146,天塩郡遠別町字東野,335,,
01486-4503-1.zip,202602101146,天塩郡遠別町字東野,337,,
01486-4503-1.zip,202602101146,天塩郡遠別町字東野,319,,
01486-4503-1.zip,202602101146,天塩郡遠別町字共栄,827,,
01486-4503-1.zip,202602101146,天塩郡遠別町字共栄,826,,
01486-4503-1.zip,202602101146,天塩郡遠別町字共栄,829,,
01486-4503-1.zip,202602101146,天塩郡遠別町字東野,320,,
01486-4503-1.zip,202602101146,天塩郡遠別町字東野,316,,
01486-4503-1.zip,202602101146,天塩郡遠別町,地区外-199743,,
01486-4503-1.zip,202602101146,天塩郡遠別町字共栄,828,,
01486-4503-1.zip,202602101146,天塩郡遠別町,地区外-199745,,
01486-4503-1.zip,202602101146,天塩郡遠別町字共栄,830,,
01486-4503-1.zip,202602101146,天塩郡遠別町字共栄,831,,
01486-4503-1.zip,202602101146,天塩郡遠別町字共栄,832,,
01486-4503-1.zip,202602101146,天塩郡遠別町字東野,322,,
01486-4503-1.zip,202602101146,天塩郡遠別町字東野,321,,
01486-4503-1.zip,202602101146,天塩郡遠別町字東野,323,,
01486-4503-1.zip,202602101146,天塩郡遠別町,地区外-199752,,
01486-4503-1.zip,202602101146,天塩郡遠別町,地区外-199754,,
01486-4503-1.zip,202602101146,天塩郡遠別町字共栄,810,,
01486-4503-1.zip,202602101146,天塩郡遠別町字共栄,813,,
01486-4503-1.zip,202602101146,天塩郡遠別町字共栄,809,,
01486-4503-1.zip,202602101146,天塩郡遠別町字共栄,814,,
01486-4503-1.zip,202602101146,天塩郡遠別町字共栄,815,,
01486-4503-1.zip,202602101146,天塩郡遠別町字共栄,817,,
01486-4503-1.zip,202602101146,天塩郡遠別町,地区外-199769,,
01486-4503-1.zip,202602101146,天塩郡遠別町字共栄,795,,
01486-4503-1.zip,202602101146,天塩郡遠別町字共栄,794,,
01486-4503-1.zip,202602101146,天塩郡遠別町字共栄,796,,
01486-4503-1.zip,202602101146,天塩郡遠別町字共栄,797,,
01486-4503-1.zip,202602101146,天塩郡遠別町字共栄,798,,
01486-4503-1.zip,202602101146,天塩郡遠別町字共栄,799,,
01486-4503-1.zip,202602101146,天塩郡遠別町字共栄,水-1,,
01486-4503-1.zip,202602101146,天塩郡遠別町字共栄,808,,
01486-4503-1.zip,202602101146,天塩郡遠別町字共栄,水-2,,
01486-4503-1.zip,202602101146,天塩郡遠別町字共栄,806,,
01486-4503-1.zip,202602101146,天塩郡遠別町字共栄,812,,
01486-4503-1.zip,202602101146,天塩郡遠別町,地区外-199783,,
01486-4503-1.zip,202602101146,天塩郡遠別町字共栄,801,,
01486-4503-1.zip,202602101146,天塩郡遠別町字共栄,807,,
01486-4503-1.zip,202602101146,天塩郡遠別町,地区外-199786,,
01486-4503-1.zip,202602101146,天塩郡遠別町字共栄,805,,
01486-4503-1.zip,202602101146,天塩郡遠別町字共栄,804,,
01486-4503-1.zip,202602101146,天塩郡遠別町字共栄,791,,
01486-4503-1.zip,202602101146,天塩郡遠別町字共栄,790,,
01486-4503-1.zip,202602101146,天塩郡遠別町字共栄,792,,
01486-4503-1.zip,202602101146,天塩郡遠別町字共栄,水-3,,
01486-4503-1.zip,202602101146,天塩郡遠別町字共栄,793,,
01486-4503-1.zip,202602101146,天塩郡遠別町,地区外-199794,,
01486-4503-1.zip,202602101146,天塩郡遠別町,地区外-199795,,
01486-4503-1.zip,202602101146,天塩郡遠別町字共栄,802,,
01486-4503-1.zip,202602101146,天塩郡遠別町字共栄,800,,
01486-4503-1.zip,202602101146,天塩郡遠別町字共栄,水-4,,
01486-4503-1.zip,202602101146,天塩郡遠別町字共栄,803,,
01486-4503-1.zip,202602101146,天塩郡遠別町字共栄,774-1,,
01486-4503-1.zip,202602101146,天塩郡遠別町字共栄,771,,
01486-4503-1.zip,202602101146,天塩郡遠別町字共栄,778,,
01486-4503-1.zip,202602101146,天塩郡遠別町字共栄,777,,
01486-4503-1.zip,202602101146,天塩郡遠別町字共栄,776,,
01486-4503-1.zip,202602101146,天塩郡遠別町字共栄,773,,
01486-4503-1.zip,202602101146,天塩郡遠別町,地区外-199806,,
01486-4503-1.zip,202602101146,天塩郡遠別町字共栄,770,,
01486-4503-1.zip,202602101146,天塩郡遠別町字共栄,788,,
01486-4503-1.zip,202602101146,天塩郡遠別町字共栄,787,,
01486-4503-1.zip,202602101146,天塩郡遠別町字共栄,789,,
01486-4503-1.zip,202602101146,天塩郡遠別町,地区外-199811,,
01486-4503-1.zip,202602101146,天塩郡遠別町字共栄,783-2,,
01486-4503-1.zip,202602101146,天塩郡遠別町字共栄,783-1,,
01486-4503-1.zip,202602101146,天塩郡遠別町字共栄,786,,
01486-4503-1.zip,202602101146,天塩郡遠別町字共栄,785,,
01486-4503-1.zip,202602101146,天塩郡遠別町字共栄,784,,
01486-4503-1.zip,202602101146,天塩郡遠別町字共栄,782,,
01486-4503-1.zip,202602101146,天塩郡遠別町字共栄,772-2,,
01486-4503-1.zip,202602101146,天塩郡遠別町字共栄,772-1,,
01486-4503-1.zip,202602101146,天塩郡遠別町字共栄,774-3,,
01486-4503-1.zip,202602101146,天塩郡遠別町字共栄,774-2,,
01486-4503-1.zip,202602101146,天塩郡遠別町字共栄,775-3,,
01486-4503-1.zip,202602101146,天塩郡遠別町字共栄,775-1,,
01486-4503-1.zip,202602101146,天塩郡遠別町字共栄,775-2,,
01486-4503-1.zip,202602101146,天塩郡遠別町字共栄,769,,
01486-4503-1.zip,202602101146,天塩郡遠別町,地区外-199826,,
01486-4503-1.zip,202602101146,天塩郡遠別町字共栄,765,,
01486-4503-1.zip,202602101146,天塩郡遠別町字共栄,766,,
01486-4503-1.zip,202602101146,天塩郡遠別町字共栄,767,,
01486-4503-1.zip,202602101146,天塩郡遠別町,地区外-199830,,
01486-4503-1.zip,202602101146,天塩郡遠別町字共栄,781,,
01486-4503-1.zip,202602101146,天塩郡遠別町字共栄,780,,
01486-4503-1.zip,202602101146,天塩郡遠別町字共栄,779,,
01486-4503-1.zip,202602101146,天塩郡遠別町字共栄,768,,
01486-4503-1.zip,202602101146,天塩郡遠別町字共栄,734,,
01486-4503-1.zip,202602101146,天塩郡遠別町字共栄,733,,
01486-4503-1.zip,202602101146,天塩郡遠別町字共栄,728,,
01486-4503-1.zip,202602101146,天塩郡遠別町字共栄,736,,
01486-4503-1.zip,202602101146,天塩郡遠別町字共栄,742-1,,
01486-4503-1.zip,202602101146,天塩郡遠別町字共栄,741,,
01486-4503-1.zip,202602101146,天塩郡遠別町字共栄,738,,
01486-4503-1.zip,202602101146,天塩郡遠別町字共栄,739,,
01486-4503-1.zip,202602101146,天塩郡遠別町字共栄,740,,
01486-4503-1.zip,202602101146,天塩郡遠別町,地区外-199844,,
01486-4503-1.zip,202602101146,天塩郡遠別町字共栄,760,,
01486-4503-1.zip,202602101146,天塩郡遠別町字共栄,758,,
01486-4503-1.zip,202602101146,天塩郡遠別町字共栄,757,,
01486-4503-1.zip,202602101146,天塩郡遠別町,地区外-199848,,
01486-4503-1.zip,202602101146,天塩郡遠別町字共栄,753,,
01486-4503-1.zip,202602101146,天塩郡遠別町字共栄,754,,
01486-4503-1.zip,202602101146,天塩郡遠別町字共栄,755,,
01486-4503-1.zip,202602101146,天塩郡遠別町字共栄,756,,
01486-4503-1.zip,202602101146,天塩郡遠別町字共栄,751-3,,
01486-4503-1.zip,202602101146,天塩郡遠別町字共栄,763-2,,
01486-4503-1.zip,202602101146,天塩郡遠別町字共栄,752,,
01486-4503-1.zip,202602101146,天塩郡遠別町字共栄,763-1,,
01486-4503-1.zip,202602101146,天塩郡遠別町字共栄,759,,
01486-4503-1.zip,202602101146,天塩郡遠別町字共栄,761,,
01486-4503-1.zip,202602101146,天塩郡遠別町字共栄,762,,
01486-4503-1.zip,202602101146,天塩郡遠別町字共栄,751-1,,
01486-4503-1.zip,202602101146,天塩郡遠別町字共栄,764,,
01486-4503-1.zip,202602101146,天塩郡遠別町字共栄,724-2,,
01486-4503-1.zip,202602101146,天塩郡遠別町,地区外-199863,,
01486-4503-1.zip,202602101146,天塩郡遠別町字共栄,719,,
01486-4503-1.zip,202602101146,天塩郡遠別町字共栄,724-1,,
01486-4503-1.zip,202602101146,天塩郡遠別町字共栄,727-2,,
01486-4503-1.zip,202602101146,天塩郡遠別町字共栄,726-2,,
01486-4503-1.zip,202602101146,天塩郡遠別町字共栄,723,,
01486-4503-1.zip,202602101146,天塩郡遠別町字共栄,727-1,,
01486-4503-1.zip,202602101146,天塩郡遠別町字共栄,737,,
01486-4503-1.zip,202602101146,天塩郡遠別町字共栄,731,,
01486-4503-1.zip,202602101146,天塩郡遠別町字共栄,732,,
01486-4503-1.zip,202602101146,天塩郡遠別町字共栄,735,,
01486-4503-1.zip,202602101146,天塩郡遠別町字共栄,744,,
01486-4503-1.zip,202602101146,天塩郡遠別町字共栄,743-2,,
01486-4503-1.zip,202602101146,天塩郡遠別町,地区外-199879,,
01486-4503-1.zip,202602101146,天塩郡遠別町字共栄,743-1,,
01486-4503-1.zip,202602101146,天塩郡遠別町字共栄,750,,
01486-4503-1.zip,202602101146,天塩郡遠別町字共栄,747,,
01486-4503-1.zip,202602101146,天塩郡遠別町字共栄,749,,
01486-4503-1.zip,202602101146,天塩郡遠別町字共栄,745,,
01486-4503-1.zip,202602101146,天塩郡遠別町字共栄,746,,
01486-4503-1.zip,202602101146,天塩郡遠別町字共栄,748-1,,
01486-4503-1.zip,202602101146,天塩郡遠別町,地区外-199887,,
01486-4503-1.zip,202602101146,天塩郡遠別町,地区外-199888,,
01486-4503-1.zip,202602101146,天塩郡遠別町字共栄,716,,
01486-4503-1.zip,202602101146,天塩郡遠別町字共栄,720,,
01486-4503-1.zip,202602101146,天塩郡遠別町字共栄,721,,
01486-4503-1.zip,202602101146,天塩郡遠別町字共栄,722,,
01486-4503-1.zip,202602101146,天塩郡遠別町字共栄,717,,
01486-4503-1.zip,202602101146,天塩郡遠別町字共栄,718,,
01486-4503-1.zip,202602101146,天塩郡遠別町字共栄,700,,
01486-4503-1.zip,202602101146,天塩郡遠別町字共栄,706-2,,
01486-4503-1.zip,202602101146,天塩郡遠別町字共栄,706-1,,
01486-4503-1.zip,202602101146,天塩郡遠別町字共栄,702,,
01486-4503-1.zip,202602101146,天塩郡遠別町字共栄,701,,
01486-4503-1.zip,202602101146,天塩郡遠別町字共栄,691-1,,
01486-4503-1.zip,202602101146,天塩郡遠別町字共栄,703,,
01486-4503-1.zip,202602101146,天塩郡遠別町字共栄,729-2,,
01486-4503-1.zip,202602101146,天塩郡遠別町字共栄,730-2,,
01486-4503-1.zip,202602101146,天塩郡遠別町字共栄,742-3,,
01486-4503-1.zip,202602101146,天塩郡遠別町字共栄,730-1,,
01486-4503-1.zip,202602101146,天塩郡遠別町字共栄,729-1,,
01486-4503-1.zip,202602101146,天塩郡遠別町字共栄,691-3,,
01486-4503-1.zip,202602101146,天塩郡遠別町字共栄,707-2,,
01486-4503-1.zip,202602101146,天塩郡遠別町字共栄,707-1,,
01486-4503-1.zip,202602101146,天塩郡遠別町,地区外-199910,,
01486-4503-1.zip,202602101146,天塩郡遠別町字共栄,709-2,,
01486-4503-1.zip,202602101146,天塩郡遠別町字共栄,696-3,,
01486-4503-1.zip,202602101146,天塩郡遠別町字共栄,709-1,,
01486-4503-1.zip,202602101146,天塩郡遠別町字共栄,711-2,,
01486-4503-1.zip,202602101146,天塩郡遠別町字共栄,696-1,,
01486-4503-1.zip,202602101146,天塩郡遠別町字共栄,710-2,,
01486-4503-1.zip,202602101146,天塩郡遠別町字共栄,711-1,,
01486-4503-1.zip,202602101146,天塩郡遠別町字共栄,710-1,,
01486-4503-1.zip,202602101146,天塩郡遠別町字共栄,708,,
01486-4503-1.zip,202602101146,天塩郡遠別町字共栄,742-2,,
01486-4503-1.zip,202602101146,天塩郡遠別町字共栄,751-2,,
01486-4503-1.zip,202602101146,天塩郡遠別町字共栄,748-2,,
01486-4503-1.zip,202602101146,天塩郡遠別町字共栄,699,,
01486-4503-1.zip,202602101146,天塩郡遠別町,地区外-199924,,
01486-4503-1.zip,202602101146,天塩郡遠別町字共栄,692-1,,
01486-4503-1.zip,202602101146,天塩郡遠別町字共栄,692-2,,
01486-4503-1.zip,202602101146,天塩郡遠別町字共栄,693-2,,
01486-4503-1.zip,202602101146,天塩郡遠別町字共栄,693-1,,
01486-4503-1.zip,202602101146,天塩郡遠別町字共栄,694,,
01486-4503-1.zip,202602101146,天塩郡遠別町字共栄,712,,
01486-4503-1.zip,202602101146,天塩郡遠別町字共栄,713,,
01486-4503-1.zip,202602101146,天塩郡遠別町字共栄,714,,
01486-4503-1.zip,202602101146,天塩郡遠別町字共栄,715,,
01486-4503-1.zip,202602101146,天塩郡遠別町,地区外-199935,,
01486-4503-1.zip,202602101146,天塩郡遠別町字共栄,695,,
01486-4503-1.zip,202602101146,天塩郡遠別町字共栄,698,,
01486-4503-1.zip,202602101146,天塩郡遠別町字共栄,704,,
01486-4503-1.zip,202602101146,天塩郡遠別町字共栄,705,,
01486-4503-1.zip,202602101146,天塩郡遠別町,地区外-199940,,
01486-4503-1.zip,202602101146,天塩郡遠別町,地区外-199941,,
01486-4503-1.zip,202602101146,天塩郡遠別町字共栄,691-2,,
01486-4503-1.zip,202602101146,天塩郡遠別町字共栄,689-2,,
01486-4503-1.zip,202602101146,天塩郡遠別町字共栄,689-1,,
01486-4503-1.zip,202602101146,天塩郡遠別町字共栄,681,,
01486-4503-1.zip,202602101146,天塩郡遠別町字共栄,680,,
01486-4503-1.zip,202602101146,天塩郡遠別町字共栄,679,,
01486-4503-1.zip,202602101146,天塩郡遠別町字共栄,683,,
01486-4503-1.zip,202602101146,天塩郡遠別町字共栄,684,,
01486-4503-1.zip,202602101146,天塩郡遠別町字共栄,685,,
01486-4503-1.zip,202602101146,天塩郡遠別町字共栄,682,,
01486-4503-1.zip,202602101146,天塩郡遠別町字共栄,686,,
01486-4503-1.zip,202602101146,天塩郡遠別町,地区外-199955,,
01486-4503-1.zip,202602101146,天塩郡遠別町字共栄,690,,
01486-4503-1.zip,202602101146,天塩郡遠別町字共栄,687,,
01486-4503-1.zip,202602101146,天塩郡遠別町字共栄,697,,
01486-4503-1.zip,202602101146,天塩郡遠別町,地区外-199959,,
01486-4503-1.zip,202602101146,天塩郡遠別町,地区外-199960,,
01486-4503-1.zip,202602101146,天塩郡遠別町,地区外-199961,,
01486-4503-1.zip,202602101146,天塩郡遠別町字共栄,726-1,,
01486-4503-1.zip,202602101146,天塩郡遠別町字共栄,688-2,,
01486-4503-1.zip,202602101146,天塩郡遠別町字共栄,725-2,,
01486-4503-1.zip,202602101146,天塩郡遠別町字共栄,725-1,,
01486-4503-1.zip,202602101146,天塩郡遠別町字共栄,688-3,,
01486-4503-1.zip,202602101146,天塩郡遠別町字共栄,688-1,,
01486-4503-1.zip,202602101146,天塩郡遠別町字共栄,811-1,,
01486-4503-1.zip,202602101146,天塩郡遠別町字共栄,811-2,,
01486-4503-1.zip,202602101146,天塩郡遠別町,地区外-199777,,
01486-4503-1.zip,202602101146,天塩郡遠別町字東野,343-3,,
01486-4503-1.zip,202602101146,天塩郡遠別町字東野,343-1,,
01486-4503-1.zip,202602101146,天塩郡遠別町字東野,342-1,,
01486-4503-1.zip,202602101146,天塩郡遠別町字東野,342-3,,
01486-4503-1.zip,202602101146,天塩郡遠別町字東野,342-2,,
01486-4503-1.zip,202602101146,天塩郡遠別町字東野,343-2,,
01486-4503-1.zip,202602101146,天塩郡遠別町字東野,344-2,,
01486-4503-1.zip,202602101146,天塩郡遠別町字東野,344-1,,
01486-4503-1.zip,202602101146,天塩郡遠別町字東野,345,,
01486-4503-1.zip,202602101146,天塩郡遠別町字東野,338,,
01486-4503-1.zip,202602101146,天塩郡遠別町字共栄,824-2,,
01486-4503-1.zip,202602101146,天塩郡遠別町字共栄,824-1,,
01486-4503-1.zip,202602101146,天塩郡遠別町字共栄,823,,
01486-4503-1.zip,202602101146,天塩郡遠別町字東野,340-2,,
01486-4503-1.zip,202602101146,天塩郡遠別町字東野,346-2,,
01486-4503-1.zip,202602101146,天塩郡遠別町字共栄,821-1,,
01486-4503-1.zip,202602101146,天塩郡遠別町字共栄,821-2,,
01486-4503-1.zip,202602101146,天塩郡遠別町字共栄,822-1,,
01486-4503-1.zip,202602101146,天塩郡遠別町字共栄,822-2,,
01486-4503-1.zip,202602101146,天塩郡遠別町字共栄,816-1,,
01486-4503-1.zip,202602101146,天塩郡遠別町字共栄,816-3,,
01486-4503-1.zip,202602101146,天塩郡遠別町,地区外-199763,,
01486-4503-1.zip,202602101146,天塩郡遠別町字共栄,818,,
01486-4503-1.zip,202602101146,天塩郡遠別町字共栄,816-2,,
01486-4503-1.zip,202602101146,天塩郡遠別町字東野,340-3,,
01486-4503-1.zip,202602101146,天塩郡遠別町字東野,340-1,,
01486-4503-1.zip,202602101146,天塩郡遠別町字東野,346-3,,
01486-4503-1.zip,202602101146,天塩郡遠別町字東野,346-1,,
01486-4503-1.zip,202602101146,天塩郡遠別町字東野,339,,
01486-4503-1.zip,202602101146,天塩郡遠別町,地区外-199718,,
01486-4503-1.zip,202602101146,天塩郡遠別町字共栄,820-3,,
01486-4503-1.zip,202602101146,天塩郡遠別町字共栄,820-1,,
01486-4503-1.zip,202602101146,天塩郡遠別町字共栄,819,,
01486-4503-1.zip,202602101146,天塩郡遠別町字共栄,820-2,,
01486-4503-2.zip,202602101146,天塩郡遠別町字北里,155-8,,
01486-4503-2.zip,202602101146,天塩郡遠別町字北里,157-8,,
01486-4503-2.zip,202602101146,天塩郡遠別町字北里,164-4,,
01486-4503-2.zip,202602101146,天塩郡遠別町字北里,92-3,,
01486-4503-2.zip,202602101146,天塩郡遠別町,地区外-202779,,
01486-4503-2.zip,202602101146,天塩郡遠別町字北里,470,,
01486-4503-2.zip,202602101146,天塩郡遠別町字北里,道-2,,
01486-4503-2.zip,202602101146,天塩郡遠別町字北里,462-8,,
01486-4503-2.zip,202602101146,天塩郡遠別町字北里,462-1,,
01486-4503-2.zip,202602101146,天塩郡遠別町字北里,679,,
01486-4503-2.zip,202602101146,天塩郡遠別町字北里,461-6,,
01486-4503-2.zip,202602101146,天塩郡遠別町字北里,道-3,,
01486-4503-2.zip,202602101146,天塩郡遠別町字北里,790,,
01486-4503-2.zip,202602101146,天塩郡遠別町字北里,791,,
01486-4503-2.zip,202602101146,天塩郡遠別町字北里,長狭物不明-1,,
01486-4503-2.zip,202602101146,天塩郡遠別町字北里,3-1,,
01486-4503-2.zip,202602101146,天塩郡遠別町字北里,道-4,,
01486-4503-2.zip,202602101146,天塩郡遠別町字北里,460-1,,
01486-4503-2.zip,202602101146,天塩郡遠別町字北里,460-5,,
01486-4503-2.zip,202602101146,天塩郡遠別町字北里,461-1,,
01486-4503-2.zip,202602101146,天塩郡遠別町字北里,水-1,,
01486-4503-2.zip,202602101146,天塩郡遠別町字北里,462-2,,
01486-4503-2.zip,202602101146,天塩郡遠別町,地区外-202797,,
01486-4503-2.zip,202602101146,天塩郡遠別町字北里,325-1,,
01486-4503-2.zip,202602101146,天塩郡遠別町字北里,150-1,,
01486-4503-2.zip,202602101146,天塩郡遠別町字北里,150-5,,
01486-4503-2.zip,202602101146,天塩郡遠別町字北里,798,,
01486-4503-2.zip,202602101146,天塩郡遠別町字北里,水-3,,
01486-4503-2.zip,202602101146,天塩郡遠別町字北里,150-6,,
01486-4503-2.zip,202602101146,天塩郡遠別町字北里,152-2,,
01486-4503-2.zip,202602101146,天塩郡遠別町字北里,799,,
01486-4503-2.zip,202602101146,天塩郡遠別町字北里,152-3,,
01486-4503-2.zip,202602101146,天塩郡遠別町字北里,水-4,,
01486-4503-2.zip,202602101146,天塩郡遠別町字北里,道-5,,
01486-4503-2.zip,202602101146,天塩郡遠別町字北里,道-6,,
01486-4503-2.zip,202602101146,天塩郡遠別町字北里,254-15,,
01486-4503-2.zip,202602101146,天塩郡遠別町字北里,800,,
01486-4503-2.zip,202602101146,天塩郡遠別町字北里,155-1,,
01486-4503-2.zip,202602101146,天塩郡遠別町字北里,254-16,,
01486-4503-2.zip,202602101146,天塩郡遠別町字北里,254-18,,
01486-4503-2.zip,202602101146,天塩郡遠別町字北里,254-17,,
01486-4503-2.zip,202602101146,天塩郡遠別町字北里,254-3,,
01486-4503-2.zip,202602101146,天塩郡遠別町,地区外-202818,,
01486-4503-2.zip,202602101146,天塩郡遠別町字北里,254-12,,
01486-4503-2.zip,202602101146,天塩郡遠別町字北里,254-22,,
01486-4503-2.zip,202602101146,天塩郡遠別町字北里,254-21,,
01486-4503-2.zip,202602101146,天塩郡遠別町字北里,254-20,,
01486-4503-2.zip,202602101146,天塩郡遠別町字北里,道-7,,
01486-4503-2.zip,202602101146,天塩郡遠別町字北里,道-8,,
01486-4503-2.zip,202602101146,天塩郡遠別町字北里,254-2,,
01486-4503-2.zip,202602101146,天塩郡遠別町字北里,道-9,,
01486-4503-2.zip,202602101146,天塩郡遠別町字北里,道-10,,
01486-4503-2.zip,202602101146,天塩郡遠別町字北里,254-6,,
01486-4503-2.zip,202602101146,天塩郡遠別町字北里,797,,
01486-4503-2.zip,202602101146,天塩郡遠別町字北里,146-13,,
01486-4503-2.zip,202602101146,天塩郡遠別町字北里,146-2,,
01486-4503-2.zip,202602101146,天塩郡遠別町字北里,796,,
01486-4503-2.zip,202602101146,天塩郡遠別町字北里,149-1,,
01486-4503-2.zip,202602101146,天塩郡遠別町字北里,道-11,,
01486-4503-2.zip,202602101146,天塩郡遠別町字北里,水-5,,
01486-4503-2.zip,202602101146,天塩郡遠別町字北里,道-12,,
01486-4503-2.zip,202602101146,天塩郡遠別町字北里,149-6,,
01486-4503-2.zip,202602101146,天塩郡遠別町字北里,795,,
01486-4503-2.zip,202602101146,天塩郡遠別町字北里,794,,
01486-4503-2.zip,202602101146,天塩郡遠別町字北里,道-13,,
01486-4503-2.zip,202602101146,天塩郡遠別町字北里,水-6,,
01486-4503-2.zip,202602101146,天塩郡遠別町字北里,254-19,,
01486-4503-2.zip,202602101146,天塩郡遠別町字北里,254-4,,
01486-4503-2.zip,202602101146,天塩郡遠別町字北里,254-24,,
01486-4503-2.zip,202602101146,天塩郡遠別町字北里,254-23,,
01486-4503-2.zip,202602101146,天塩郡遠別町字北里,水-7,,
01486-4503-2.zip,202602101146,天塩郡遠別町字北里,254-5,,
01486-4503-2.zip,202602101146,天塩郡遠別町字北里,254-26,,
01486-4503-2.zip,202602101146,天塩郡遠別町字北里,254-25,,
01486-4503-2.zip,202602101146,天塩郡遠別町字北里,320-5,,
01486-4503-2.zip,202602101146,天塩郡遠別町字北里,道-14,,
01486-4503-2.zip,202602101146,天塩郡遠別町,地区外-202852,,
01486-4503-2.zip,202602101146,天塩郡遠別町字北里,水-8,,
01486-4503-2.zip,202602101146,天塩郡遠別町字北里,269-3,,
01486-4503-2.zip,202602101146,天塩郡遠別町字北里,269-1,,
01486-4503-2.zip,202602101146,天塩郡遠別町字北里,269-8,,
01486-4503-2.zip,202602101146,天塩郡遠別町字北里,269-10,,
01486-4503-2.zip,202602101146,天塩郡遠別町字北里,269-7,,
01486-4503-2.zip,202602101146,天塩郡遠別町字北里,269-5,,
01486-4503-2.zip,202602101146,天塩郡遠別町字北里,269-4,,
01486-4503-2.zip,202602101146,天塩郡遠別町字北里,264-1,,
01486-4503-2.zip,202602101146,天塩郡遠別町字北里,267,,
01486-4503-2.zip,202602101146,天塩郡遠別町,地区外-202866,,
01486-4503-2.zip,202602101146,天塩郡遠別町字北里,262,,
01486-4503-2.zip,202602101146,天塩郡遠別町字北里,325-2,,
01486-4503-2.zip,202602101146,天塩郡遠別町字北里,320-1,,
01486-4503-2.zip,202602101146,天塩郡遠別町字北里,320-7,,
01486-4503-2.zip,202602101146,天塩郡遠別町,地区外-202871,,
01486-4503-2.zip,202602101146,天塩郡遠別町字北里,道-15,,
01486-4503-2.zip,202602101146,天塩郡遠別町字北里,325-3,,
01486-4503-2.zip,202602101146,天塩郡遠別町字北里,268-1,,
01486-4503-2.zip,202602101146,天塩郡遠別町字北里,268-4,,
01486-4503-2.zip,202602101146,天塩郡遠別町字北里,268-5,,
01486-4503-2.zip,202602101146,天塩郡遠別町字北里,268-2,,
01486-4503-2.zip,202602101146,天塩郡遠別町字北里,268-6,,
01486-4503-2.zip,202602101146,天塩郡遠別町字北里,320-6,,
01486-4503-2.zip,202602101146,天塩郡遠別町字北里,322-1,,
01486-4503-2.zip,202602101146,天塩郡遠別町字北里,322-2,,
01486-4503-2.zip,202602101146,天塩郡遠別町字北里,268-3,,
01486-4503-2.zip,202602101146,天塩郡遠別町字北里,805,,
01486-4503-2.zip,202602101146,天塩郡遠別町字北里,804,,
01486-4503-2.zip,202602101146,天塩郡遠別町字北里,803,,
01486-4503-2.zip,202602101146,天塩郡遠別町字北里,251-1,,
01486-4503-2.zip,202602101146,天塩郡遠別町字北里,水-9,,
01486-4503-2.zip,202602101146,天塩郡遠別町字北里,248,,
01486-4503-2.zip,202602101146,天塩郡遠別町字北里,176-1,,
01486-4503-2.zip,202602101146,天塩郡遠別町字北里,179-1,,
01486-4503-2.zip,202602101146,天塩郡遠別町字北里,179-3,,
01486-4503-2.zip,202602101146,天塩郡遠別町字北里,178-4,,
01486-4503-2.zip,202602101146,天塩郡遠別町字北里,178-1,,
01486-4503-2.zip,202602101146,天塩郡遠別町字北里,812,,
01486-4503-2.zip,202602101146,天塩郡遠別町字北里,173-4,,
01486-4503-2.zip,202602101146,天塩郡遠別町字北里,172-6,,
01486-4503-2.zip,202602101146,天塩郡遠別町字北里,道-16,,
01486-4503-2.zip,202602101146,天塩郡遠別町字北里,177-4,,
01486-4503-2.zip,202602101146,天塩郡遠別町字北里,172-7,,
01486-4503-2.zip,202602101146,天塩郡遠別町字北里,道-17,,
01486-4503-2.zip,202602101146,天塩郡遠別町字北里,173-3,,
01486-4503-2.zip,202602101146,天塩郡遠別町字北里,167-1,,
01486-4503-2.zip,202602101146,天塩郡遠別町字北里,167-6,,
01486-4503-2.zip,202602101146,天塩郡遠別町字北里,水-10,,
01486-4503-2.zip,202602101146,天塩郡遠別町字北里,166-1,,
01486-4503-2.zip,202602101146,天塩郡遠別町字北里,167-5,,
01486-4503-2.zip,202602101146,天塩郡遠別町字北里,166-10,,
01486-4503-2.zip,202602101146,天塩郡遠別町字北里,166-11,,
01486-4503-2.zip,202602101146,天塩郡遠別町字北里,166-15,,
01486-4503-2.zip,202602101146,天塩郡遠別町字北里,166-16,,
01486-4503-2.zip,202602101146,天塩郡遠別町字北里,166-12,,
01486-4503-2.zip,202602101146,天塩郡遠別町字北里,166-17,,
01486-4503-2.zip,202602101146,天塩郡遠別町字北里,166-14,,
01486-4503-2.zip,202602101146,天塩郡遠別町字北里,164-6,,
01486-4503-2.zip,202602101146,天塩郡遠別町字北里,166-2,,
01486-4503-2.zip,202602101146,天塩郡遠別町字北里,164-1,,
01486-4503-2.zip,202602101146,天塩郡遠別町字北里,164-5,,
01486-4503-2.zip,202602101146,天塩郡遠別町字北里,164-7,,
01486-4503-2.zip,202602101146,天塩郡遠別町字北里,808,,
01486-4503-2.zip,202602101146,天塩郡遠別町字北里,162-1,,
01486-4503-2.zip,202602101146,天塩郡遠別町字北里,162-4,,
01486-4503-2.zip,202602101146,天塩郡遠別町字北里,161-1,,
01486-4503-2.zip,202602101146,天塩郡遠別町字北里,道-18,,
01486-4503-2.zip,202602101146,天塩郡遠別町字北里,157-1,,
01486-4503-2.zip,202602101146,天塩郡遠別町字北里,801,,
01486-4503-2.zip,202602101146,天塩郡遠別町字北里,253-3,,
01486-4503-2.zip,202602101146,天塩郡遠別町字北里,253-2,,
01486-4503-2.zip,202602101146,天塩郡遠別町字北里,253-1,,
01486-4503-2.zip,202602101146,天塩郡遠別町字北里,251-3,,
01486-4503-2.zip,202602101146,天塩郡遠別町字北里,802,,
01486-4503-2.zip,202602101146,天塩郡遠別町字北里,251-2,,
01486-4503-2.zip,202602101146,天塩郡遠別町,地区外-202937,,
01486-4503-2.zip,202602101146,天塩郡遠別町字北里,254-27,,
01486-4503-2.zip,202602101146,天塩郡遠別町字北里,155-4,,
01486-4503-2.zip,202602101146,天塩郡遠別町字北里,155-9,,
01486-4503-2.zip,202602101146,天塩郡遠別町字北里,157-9,,
01486-4503-2.zip,202602101146,天塩郡遠別町字北里,157-6,,
01486-4503-2.zip,202602101146,天塩郡遠別町字北里,157-10,,
01486-4503-2.zip,202602101146,天塩郡遠別町字北里,157-7,,
01486-4503-2.zip,202602101146,天塩郡遠別町字北里,155-6,,
01486-4503-2.zip,202602101146,天塩郡遠別町字北里,155-3,,
01486-4503-2.zip,202602101146,天塩郡遠別町字北里,155-7,,
01486-4503-2.zip,202602101146,天塩郡遠別町字北里,155-5,,
01486-4503-2.zip,202602101146,天塩郡遠別町字北里,158-1,,
01486-4503-2.zip,202602101146,天塩郡遠別町字北里,161-4,,
01486-4503-2.zip,202602101146,天塩郡遠別町字北里,162-2,,
01486-4503-2.zip,202602101146,天塩郡遠別町字北里,152-1,,
01486-4503-2.zip,202602101146,天塩郡遠別町字北里,152-4,,
01486-4503-2.zip,202602101146,天塩郡遠別町字北里,160-1,,
01486-4503-2.zip,202602101146,天塩郡遠別町字北里,道-19,,
01486-4503-2.zip,202602101146,天塩郡遠別町字北里,159-1,,
01486-4503-2.zip,202602101146,天塩郡遠別町字北里,712-3,,
01486-4503-2.zip,202602101146,天塩郡遠別町字北里,252-1,,
01486-4503-2.zip,202602101146,天塩郡遠別町字北里,712-4,,
01486-4503-2.zip,202602101146,天塩郡遠別町字北里,244-1,,
01486-4503-2.zip,202602101146,天塩郡遠別町,地区外-202961,,
01486-4503-2.zip,202602101146,天塩郡遠別町字北里,道-20,,
01486-4503-2.zip,202602101146,天塩郡遠別町字北里,245-2,,
01486-4503-2.zip,202602101146,天塩郡遠別町字北里,713-1,,
01486-4503-2.zip,202602101146,天塩郡遠別町字北里,713-3,,
01486-4503-2.zip,202602101146,天塩郡遠別町字北里,712-2,,
01486-4503-2.zip,202602101146,天塩郡遠別町字北里,168-4,,
01486-4503-2.zip,202602101146,天塩郡遠別町字北里,168-8,,
01486-4503-2.zip,202602101146,天塩郡遠別町字北里,水-11,,
01486-4503-2.zip,202602101146,天塩郡遠別町字北里,171-1,,
01486-4503-2.zip,202602101146,天塩郡遠別町字北里,172-1,,
01486-4503-2.zip,202602101146,天塩郡遠別町字北里,172-3,,
01486-4503-2.zip,202602101146,天塩郡遠別町字北里,168-5,,
01486-4503-2.zip,202602101146,天塩郡遠別町字北里,172-5,,
01486-4503-2.zip,202602101146,天塩郡遠別町字北里,172-4,,
01486-4503-2.zip,202602101146,天塩郡遠別町字北里,813,,
01486-4503-2.zip,202602101146,天塩郡遠別町字北里,177-1,,
01486-4503-2.zip,202602101146,天塩郡遠別町字北里,814,,
01486-4503-2.zip,202602101146,天塩郡遠別町字北里,168-1,,
01486-4503-2.zip,202602101146,天塩郡遠別町字北里,172-2,,
01486-4503-2.zip,202602101146,天塩郡遠別町字北里,810,,
01486-4503-2.zip,202602101146,天塩郡遠別町字北里,811,,
01486-4503-2.zip,202602101146,天塩郡遠別町字北里,240-8,,
01486-4503-2.zip,202602101146,天塩郡遠別町字北里,815,,
01486-4503-2.zip,202602101146,天塩郡遠別町字北里,168-3,,
01486-4503-2.zip,202602101146,天塩郡遠別町字北里,168-7,,
01486-4503-2.zip,202602101146,天塩郡遠別町字北里,160-5,,
01486-4503-2.zip,202602101146,天塩郡遠別町字北里,809,,
01486-4503-2.zip,202602101146,天塩郡遠別町字北里,168-6,,
01486-4503-2.zip,202602101146,天塩郡遠別町字北里,160-4,,
01486-4503-2.zip,202602101146,天塩郡遠別町字北里,250-1,,
01486-4503-2.zip,202602101146,天塩郡遠別町字北里,250-2,,
01486-4503-2.zip,202602101146,天塩郡遠別町字北里,246-1,,
01486-4503-2.zip,202602101146,天塩郡遠別町字北里,807,,
01486-4503-2.zip,202602101146,天塩郡遠別町字北里,246-2,,
01486-4503-2.zip,202602101146,天塩郡遠別町字北里,246-3,,
01486-4503-2.zip,202602101146,天塩郡遠別町字北里,806,,
01486-4503-2.zip,202602101146,天塩郡遠別町字北里,247,,
01486-4503-2.zip,202602101146,天塩郡遠別町字北里,249-1,,
01486-4503-2.zip,202602101146,天塩郡遠別町字北里,249-2,,
01486-4503-2.zip,202602101146,天塩郡遠別町,地区外-203006,,
01486-4503-2.zip,202602101146,天塩郡遠別町字北里,793,,
01486-4503-2.zip,202602101146,天塩郡遠別町字北里,水-12,,
01486-4503-2.zip,202602101146,天塩郡遠別町字北里,道-21,,
01486-4503-2.zip,202602101146,天塩郡遠別町字北里,水-13,,
01486-4503-2.zip,202602101146,天塩郡遠別町字北里,道-22,,
01486-4503-2.zip,202602101146,天塩郡遠別町字北里,道-23,,
01486-4503-2.zip,202602101146,天塩郡遠別町字北里,道-24,,
01486-4503-2.zip,202602101146,天塩郡遠別町字北里,道-25,,
01486-4503-2.zip,202602101146,天塩郡遠別町字北里,7-1,,
01486-4503-2.zip,202602101146,天塩郡遠別町字北里,792,,
01486-4503-2.zip,202602101146,天塩郡遠別町字北里,長狭物不明-2,,
01486-4503-2.zip,202602101146,天塩郡遠別町字北里,道-26,,
01486-4503-2.zip,202602101146,天塩郡遠別町字北里,道-27,,
01486-4503-2.zip,202602101146,天塩郡遠別町字北里,9-4,,
01486-4503-2.zip,202602101146,天塩郡遠別町字北里,道-28,,
01486-4503-2.zip,202602101146,天塩郡遠別町字北里,9-1,,
01486-4503-2.zip,202602101146,天塩郡遠別町字北里,9-8,,
01486-4503-2.zip,202602101146,天塩郡遠別町字北里,9-6,,
01486-4503-2.zip,202602101146,天塩郡遠別町字北里,718-2,,
01486-4503-2.zip,202602101146,天塩郡遠別町字北里,148-7,,
01486-4503-2.zip,202602101146,天塩郡遠別町字北里,719-2,,
01486-4503-2.zip,202602101146,天塩郡遠別町字北里,8-6,,
01486-4503-2.zip,202602101146,天塩郡遠別町字北里,719-1,,
01486-4503-2.zip,202602101146,天塩郡遠別町字北里,148-1,,
01486-4503-2.zip,202602101146,天塩郡遠別町字北里,718-1,,
01486-4503-2.zip,202602101146,天塩郡遠別町字北里,8-1,,
01486-4503-2.zip,202602101146,天塩郡遠別町字北里,8-5,,
01486-4503-2.zip,202602101146,天塩郡遠別町字北里,8-4,,
01486-4503-2.zip,202602101146,天塩郡遠別町字北里,148-8,,
01486-4503-2.zip,202602101146,天塩郡遠別町字北里,148-9,,
01486-4503-2.zip,202602101146,天塩郡遠別町字北里,788,,
01486-4503-2.zip,202602101146,天塩郡遠別町字北里,146-1,,
01486-4503-2.zip,202602101146,天塩郡遠別町字北里,146-9,,
01486-4503-2.zip,202602101146,天塩郡遠別町字北里,146-12,,
01486-4503-2.zip,202602101146,天塩郡遠別町字北里,146-11,,
01486-4503-2.zip,202602101146,天塩郡遠別町字北里,水-14,,
01486-4503-2.zip,202602101146,天塩郡遠別町字北里,146-8,,
01486-4503-2.zip,202602101146,天塩郡遠別町字北里,9-7,,
01486-4503-2.zip,202602101146,天塩郡遠別町字北里,9-5,,
01486-4503-2.zip,202602101146,天塩郡遠別町字北里,10-4,,
01486-4503-2.zip,202602101146,天塩郡遠別町字北里,10-3,,
01486-4503-2.zip,202602101146,天塩郡遠別町字北里,787,,
01486-4503-2.zip,202602101146,天塩郡遠別町字北里,10-2,,
01486-4503-2.zip,202602101146,天塩郡遠別町字北里,10-1,,
01486-4503-2.zip,202602101146,天塩郡遠別町字北里,786,,
01486-4503-2.zip,202602101146,天塩郡遠別町字北里,146-10,,
01486-4503-2.zip,202602101146,天塩郡遠別町字北里,146-6,,
01486-4503-2.zip,202602101146,天塩郡遠別町字北里,783,,
01486-4503-2.zip,202602101146,天塩郡遠別町字北里,785,,
01486-4503-2.zip,202602101146,天塩郡遠別町字北里,142-2,,
01486-4503-2.zip,202602101146,天塩郡遠別町字北里,784,,
01486-4503-2.zip,202602101146,天塩郡遠別町字北里,146-7,,
01486-4503-2.zip,202602101146,天塩郡遠別町字北里,142-9,,
01486-4503-2.zip,202602101146,天塩郡遠別町字北里,143-5,,
01486-4503-2.zip,202602101146,天塩郡遠別町字北里,143-1,,
01486-4503-2.zip,202602101146,天塩郡遠別町字北里,142-10,,
01486-4503-2.zip,202602101146,天塩郡遠別町字北里,142-7,,
01486-4503-2.zip,202602101146,天塩郡遠別町字北里,142-6,,
01486-4503-2.zip,202602101146,天塩郡遠別町字北里,142-1,,
01486-4503-2.zip,202602101146,天塩郡遠別町字北里,142-4,,
01486-4503-2.zip,202602101146,天塩郡遠別町字北里,142-3,,
01486-4503-2.zip,202602101146,天塩郡遠別町字北里,142-8,,
01486-4503-2.zip,202602101146,天塩郡遠別町字北里,142-14,,
01486-4503-2.zip,202602101146,天塩郡遠別町字北里,142-11,,
01486-4503-2.zip,202602101146,天塩郡遠別町字北里,781,,
01486-4503-2.zip,202602101146,天塩郡遠別町字北里,142-5,,
01486-4503-2.zip,202602101146,天塩郡遠別町字北里,782,,
01486-4503-2.zip,202602101146,天塩郡遠別町字北里,143-4,,
01486-4503-2.zip,202602101146,天塩郡遠別町字北里,142-15,,
01486-4503-2.zip,202602101146,天塩郡遠別町字北里,142-12,,
01486-4503-2.zip,202602101146,天塩郡遠別町字北里,道-29,,
01486-4503-2.zip,202602101146,天塩郡遠別町字北里,142-13,,
01486-4503-2.zip,202602101146,天塩郡遠別町字北里,780-2,,
01486-4503-2.zip,202602101146,天塩郡遠別町字北里,141-4,,
01486-4503-2.zip,202602101146,天塩郡遠別町字北里,141-1,,
01486-4503-2.zip,202602101146,天塩郡遠別町字北里,141-5,,
01486-4503-2.zip,202602101146,天塩郡遠別町字北里,141-2,,
01486-4503-2.zip,202602101146,天塩郡遠別町字北里,780-1,,
01486-4503-2.zip,202602101146,天塩郡遠別町字北里,779,,
01486-4503-2.zip,202602101146,天塩郡遠別町字北里,15-1,,
01486-4503-2.zip,202602101146,天塩郡遠別町字北里,15-5,,
01486-4503-2.zip,202602101146,天塩郡遠別町字北里,15-8,,
01486-4503-2.zip,202602101146,天塩郡遠別町字北里,15-7,,
01486-4503-2.zip,202602101146,天塩郡遠別町字北里,929,,
01486-4503-2.zip,202602101146,天塩郡遠別町字北里,932,,
01486-4503-2.zip,202602101146,天塩郡遠別町字北里,722,,
01486-4503-2.zip,202602101146,天塩郡遠別町字北里,724,,
01486-4503-2.zip,202602101146,天塩郡遠別町字北里,11-1,,
01486-4503-2.zip,202602101146,天塩郡遠別町字北里,14-3,,
01486-4503-2.zip,202602101146,天塩郡遠別町字北里,14-1,,
01486-4503-2.zip,202602101146,天塩郡遠別町字北里,13-4,,
01486-4503-2.zip,202602101146,天塩郡遠別町字北里,道-30,,
01486-4503-2.zip,202602101146,天塩郡遠別町字北里,928,,
01486-4503-2.zip,202602101146,天塩郡遠別町字北里,11-11,,
01486-4503-2.zip,202602101146,天塩郡遠別町字北里,13-1,,
01486-4503-2.zip,202602101146,天塩郡遠別町字北里,13-3,,
01486-4503-2.zip,202602101146,天塩郡遠別町字北里,12-1,,
01486-4503-2.zip,202602101146,天塩郡遠別町字北里,11-13,,
01486-4503-2.zip,202602101146,天塩郡遠別町字北里,11-7,,
01486-4503-2.zip,202602101146,天塩郡遠別町字北里,道-31,,
01486-4503-2.zip,202602101146,天塩郡遠別町字北里,12-8,,
01486-4503-2.zip,202602101146,天塩郡遠別町字北里,12-5,,
01486-4503-2.zip,202602101146,天塩郡遠別町字北里,12-6,,
01486-4503-2.zip,202602101146,天塩郡遠別町字北里,459-2,,
01486-4503-2.zip,202602101146,天塩郡遠別町字北里,道-32,,
01486-4503-2.zip,202602101146,天塩郡遠別町字北里,456-7,,
01486-4503-2.zip,202602101146,天塩郡遠別町字北里,道-33,,
01486-4503-2.zip,202602101146,天塩郡遠別町字北里,456-9,,
01486-4503-2.zip,202602101146,天塩郡遠別町字北里,456-1,,
01486-4503-2.zip,202602101146,天塩郡遠別町字北里,456-6,,
01486-4503-2.zip,202602101146,天塩郡遠別町字北里,456-5,,
01486-4503-2.zip,202602101146,天塩郡遠別町字北里,673-5,,
01486-4503-2.zip,202602101146,天塩郡遠別町字北里,456-8,,
01486-4503-2.zip,202602101146,天塩郡遠別町字北里,道-34,,
01486-4503-2.zip,202602101146,天塩郡遠別町字北里,468-6,,
01486-4503-2.zip,202602101146,天塩郡遠別町字北里,468-2,,
01486-4503-2.zip,202602101146,天塩郡遠別町字北里,459-6,,
01486-4503-2.zip,202602101146,天塩郡遠別町字北里,459-1,,
01486-4503-2.zip,202602101146,天塩郡遠別町字北里,675-3,,
01486-4503-2.zip,202602101146,天塩郡遠別町字北里,675-4,,
01486-4503-2.zip,202602101146,天塩郡遠別町字北里,道-35,,
01486-4503-2.zip,202602101146,天塩郡遠別町字北里,462-9,,
01486-4503-2.zip,202602101146,天塩郡遠別町字北里,462-10,,
01486-4503-2.zip,202602101146,天塩郡遠別町字北里,678-2,,
01486-4503-2.zip,202602101146,天塩郡遠別町字北里,678-1,,
01486-4503-2.zip,202602101146,天塩郡遠別町字北里,459-8,,
01486-4503-2.zip,202602101146,天塩郡遠別町字北里,675-1,,
01486-4503-2.zip,202602101146,天塩郡遠別町字北里,461-5,,
01486-4503-2.zip,202602101146,天塩郡遠別町字北里,917,,
01486-4503-2.zip,202602101146,天塩郡遠別町字北里,4,,
01486-4503-2.zip,202602101146,天塩郡遠別町字北里,長狭物不明-3,,
01486-4503-2.zip,202602101146,天塩郡遠別町,地区外-203143,,
01486-4503-2.zip,202602101146,天塩郡遠別町字北里,6,,
01486-4503-2.zip,202602101146,天塩郡遠別町字北里,長狭物不明-4,,
01486-4503-2.zip,202602101146,天塩郡遠別町字北里,5-1,,
01486-4503-2.zip,202602101146,天塩郡遠別町字北里,道-36,,
01486-4503-2.zip,202602101146,天塩郡遠別町字北里,789,,
01486-4503-2.zip,202602101146,天塩郡遠別町字北里,458-1,,
01486-4503-2.zip,202602101146,天塩郡遠別町字北里,458-5,,
01486-4503-2.zip,202602101146,天塩郡遠別町字北里,459-7,,
01486-4503-2.zip,202602101146,天塩郡遠別町字北里,459-5,,
01486-4503-2.zip,202602101146,天塩郡遠別町字北里,455-9,,
01486-4503-2.zip,202602101146,天塩郡遠別町字北里,455-1,,
01486-4503-2.zip,202602101146,天塩郡遠別町字北里,水-15,,
01486-4503-2.zip,202602101146,天塩郡遠別町字北里,455-2,,
01486-4503-2.zip,202602101146,天塩郡遠別町字北里,455-13,,
01486-4503-2.zip,202602101146,天塩郡遠別町字北里,455-12,,
01486-4503-2.zip,202602101146,天塩郡遠別町字北里,673-1,,
01486-4503-2.zip,202602101146,天塩郡遠別町字北里,455-21,,
01486-4503-2.zip,202602101146,天塩郡遠別町字北里,673-6,,
01486-4503-2.zip,202602101146,天塩郡遠別町字北里,455-16,,
01486-4503-2.zip,202602101146,天塩郡遠別町字北里,454-3,,
01486-4503-2.zip,202602101146,天塩郡遠別町字北里,454-4,,
01486-4503-2.zip,202602101146,天塩郡遠別町字北里,673-7,,
01486-4503-2.zip,202602101146,天塩郡遠別町字北里,453-8,,
01486-4503-2.zip,202602101146,天塩郡遠別町字北里,453-2,,
01486-4503-2.zip,202602101146,天塩郡遠別町字北里,673-3,,
01486-4503-2.zip,202602101146,天塩郡遠別町字北里,454-1,,
01486-4503-2.zip,202602101146,天塩郡遠別町字北里,671,,
01486-4503-2.zip,202602101146,天塩郡遠別町字北里,451-2,,
01486-4503-2.zip,202602101146,天塩郡遠別町字北里,455-11,,
01486-4503-2.zip,202602101146,天塩郡遠別町字北里,455-15,,
01486-4503-2.zip,202602101146,天塩郡遠別町字北里,455-4,,
01486-4503-2.zip,202602101146,天塩郡遠別町字北里,11-2,,
01486-4503-2.zip,202602101146,天塩郡遠別町字北里,11-10,,
01486-4503-2.zip,202602101146,天塩郡遠別町字北里,11-9,,
01486-4503-2.zip,202602101146,天塩郡遠別町字北里,457-1,,
01486-4503-2.zip,202602101146,天塩郡遠別町字北里,455-19,,
01486-4503-2.zip,202602101146,天塩郡遠別町字北里,455-20,,
01486-4503-2.zip,202602101146,天塩郡遠別町字北里,455-14,,
01486-4503-2.zip,202602101146,天塩郡遠別町字北里,457-3,,
01486-4503-2.zip,202602101146,天塩郡遠別町字北里,11-14,,
01486-4503-2.zip,202602101146,天塩郡遠別町字北里,455-18,,
01486-4503-2.zip,202602101146,天塩郡遠別町字北里,455-8,,
01486-4503-2.zip,202602101146,天塩郡遠別町字北里,455-7,,
01486-4503-2.zip,202602101146,天塩郡遠別町字北里,455-17,,
01486-4503-2.zip,202602101146,天塩郡遠別町字北里,453-7,,
01486-4503-2.zip,202602101146,天塩郡遠別町字北里,453-1,,
01486-4503-2.zip,202602101146,天塩郡遠別町字北里,655-6,,
01486-4503-2.zip,202602101146,天塩郡遠別町字北里,655-3,,
01486-4503-2.zip,202602101146,天塩郡遠別町字北里,452-4,,
01486-4503-2.zip,202602101146,天塩郡遠別町字北里,452-1,,
01486-4503-2.zip,202602101146,天塩郡遠別町字北里,655-2,,
01486-4503-2.zip,202602101146,天塩郡遠別町字北里,655-4,,
01486-4503-2.zip,202602101146,天塩郡遠別町字北里,655-1,,
01486-4503-2.zip,202602101146,天塩郡遠別町字北里,道-37,,
01486-4503-2.zip,202602101146,天塩郡遠別町字北里,12-9,,
01486-4503-2.zip,202602101146,天塩郡遠別町字北里,12-7,,
01486-4503-2.zip,202602101146,天塩郡遠別町字北里,11-12,,
01486-4503-2.zip,202602101146,天塩郡遠別町字北里,453-6,,
01486-4503-2.zip,202602101146,天塩郡遠別町字北里,451-4,,
01486-4503-2.zip,202602101146,天塩郡遠別町字北里,451-1,,
01486-4503-2.zip,202602101146,天塩郡遠別町字北里,19-1,,
01486-4503-2.zip,202602101146,天塩郡遠別町字北里,19-2,,
01486-4503-2.zip,202602101146,天塩郡遠別町字北里,927,,
01486-4503-2.zip,202602101146,天塩郡遠別町字北里,12-4,,
01486-4503-2.zip,202602101146,天塩郡遠別町字北里,22-3,,
01486-4503-2.zip,202602101146,天塩郡遠別町字北里,水-16,,
01486-4503-2.zip,202602101146,天塩郡遠別町字北里,20-5,,
01486-4503-2.zip,202602101146,天塩郡遠別町字北里,20-2,,
01486-4503-2.zip,202602101146,天塩郡遠別町字北里,20-4,,
01486-4503-2.zip,202602101146,天塩郡遠別町字北里,22-1,,
01486-4503-2.zip,202602101146,天塩郡遠別町字北里,23-1,,
01486-4503-2.zip,202602101146,天塩郡遠別町字北里,23-2,,
01486-4503-2.zip,202602101146,天塩郡遠別町字北里,24-1,,
01486-4503-2.zip,202602101146,天塩郡遠別町字北里,22-2,,
01486-4503-2.zip,202602101146,天塩郡遠別町字北里,923-1,,
01486-4503-2.zip,202602101146,天塩郡遠別町字北里,27-2,,
01486-4503-2.zip,202602101146,天塩郡遠別町字北里,27-4,,
01486-4503-2.zip,202602101146,天塩郡遠別町字北里,27-3,,
01486-4503-2.zip,202602101146,天塩郡遠別町字北里,773,,
01486-4503-2.zip,202602101146,天塩郡遠別町字北里,27-1,,
01486-4503-2.zip,202602101146,天塩郡遠別町字北里,922,,
01486-4503-2.zip,202602101146,天塩郡遠別町字北里,20-7,,
01486-4503-2.zip,202602101146,天塩郡遠別町字北里,20-1,,
01486-4503-2.zip,202602101146,天塩郡遠別町字北里,20-6,,
01486-4503-2.zip,202602101146,天塩郡遠別町字北里,18-5,,
01486-4503-2.zip,202602101146,天塩郡遠別町字北里,18-1,,
01486-4503-2.zip,202602101146,天塩郡遠別町字北里,17-1,,
01486-4503-2.zip,202602101146,天塩郡遠別町字北里,18-4,,
01486-4503-2.zip,202602101146,天塩郡遠別町字北里,17-5,,
01486-4503-2.zip,202602101146,天塩郡遠別町字北里,15-4,,
01486-4503-2.zip,202602101146,天塩郡遠別町字北里,15-6,,
01486-4503-2.zip,202602101146,天塩郡遠別町字北里,16-2,,
01486-4503-2.zip,202602101146,天塩郡遠別町字北里,16-1,,
01486-4503-2.zip,202602101146,天塩郡遠別町字北里,140-1,,
01486-4503-2.zip,202602101146,天塩郡遠別町字北里,139-1,,
01486-4503-2.zip,202602101146,天塩郡遠別町字北里,139-6,,
01486-4503-2.zip,202602101146,天塩郡遠別町字北里,139-5,,
01486-4503-2.zip,202602101146,天塩郡遠別町字北里,140-2,,
01486-4503-2.zip,202602101146,天塩郡遠別町字北里,139-7,,
01486-4503-2.zip,202602101146,天塩郡遠別町字北里,140-3,,
01486-4503-2.zip,202602101146,天塩郡遠別町字北里,140-4,,
01486-4503-2.zip,202602101146,天塩郡遠別町字北里,141-3,,
01486-4503-2.zip,202602101146,天塩郡遠別町字北里,163-5,,
01486-4503-2.zip,202602101146,天塩郡遠別町字北里,163-1,,
01486-4503-2.zip,202602101146,天塩郡遠別町字北里,778-1,,
01486-4503-2.zip,202602101146,天塩郡遠別町字北里,134-2,,
01486-4503-2.zip,202602101146,天塩郡遠別町字北里,138-1,,
01486-4503-2.zip,202602101146,天塩郡遠別町字北里,道-38,,
01486-4503-2.zip,202602101146,天塩郡遠別町字北里,水-17,,
01486-4503-2.zip,202602101146,天塩郡遠別町字北里,道-39,,
01486-4503-2.zip,202602101146,天塩郡遠別町字北里,720,,
01486-4503-2.zip,202602101146,天塩郡遠別町字北里,923-4,,
01486-4503-2.zip,202602101146,天塩郡遠別町字北里,22-4,,
01486-4503-2.zip,202602101146,天塩郡遠別町字北里,774,,
01486-4503-2.zip,202602101146,天塩郡遠別町字北里,29-2,,
01486-4503-2.zip,202602101146,天塩郡遠別町字北里,30-2,,
01486-4503-2.zip,202602101146,天塩郡遠別町字北里,29-1,,
01486-4503-2.zip,202602101146,天塩郡遠別町字北里,29-3,,
01486-4503-2.zip,202602101146,天塩郡遠別町字北里,29-4,,
01486-4503-2.zip,202602101146,天塩郡遠別町字北里,769-2,,
01486-4503-2.zip,202602101146,天塩郡遠別町字北里,126-2,,
01486-4503-2.zip,202602101146,天塩郡遠別町字北里,769-1,,
01486-4503-2.zip,202602101146,天塩郡遠別町字北里,920-4,,
01486-4503-2.zip,202602101146,天塩郡遠別町字北里,124-1,,
01486-4503-2.zip,202602101146,天塩郡遠別町字北里,126-1,,
01486-4503-2.zip,202602101146,天塩郡遠別町字北里,768,,
01486-4503-2.zip,202602101146,天塩郡遠別町字北里,124-3,,
01486-4503-2.zip,202602101146,天塩郡遠別町字北里,36-1,,
01486-4503-2.zip,202602101146,天塩郡遠別町字北里,28,,
01486-4503-2.zip,202602101146,天塩郡遠別町字北里,35-1,,
01486-4503-2.zip,202602101146,天塩郡遠別町字北里,35-6,,
01486-4503-2.zip,202602101146,天塩郡遠別町字北里,36-4,,
01486-4503-2.zip,202602101146,天塩郡遠別町字北里,37-4,,
01486-4503-2.zip,202602101146,天塩郡遠別町字北里,35-8,,
01486-4503-2.zip,202602101146,天塩郡遠別町字北里,37-2,,
01486-4503-2.zip,202602101146,天塩郡遠別町字北里,35-7,,
01486-4503-2.zip,202602101146,天塩郡遠別町字北里,35-3,,
01486-4503-2.zip,202602101146,天塩郡遠別町字北里,35-5,,
01486-4503-2.zip,202602101146,天塩郡遠別町字北里,35-12,,
01486-4503-2.zip,202602101146,天塩郡遠別町字北里,30-1,,
01486-4503-2.zip,202602101146,天塩郡遠別町字北里,31-2,,
01486-4503-2.zip,202602101146,天塩郡遠別町字北里,31-1,,
01486-4503-2.zip,202602101146,天塩郡遠別町字北里,127-9,,
01486-4503-2.zip,202602101146,天塩郡遠別町字北里,125-2,,
01486-4503-2.zip,202602101146,天塩郡遠別町字北里,127-6,,
01486-4503-2.zip,202602101146,天塩郡遠別町字北里,772,,
01486-4503-2.zip,202602101146,天塩郡遠別町字北里,127-10,,
01486-4503-2.zip,202602101146,天塩郡遠別町字北里,133-1,,
01486-4503-2.zip,202602101146,天塩郡遠別町字北里,133-2,,
01486-4503-2.zip,202602101146,天塩郡遠別町字北里,18-2,,
01486-4503-2.zip,202602101146,天塩郡遠別町字北里,18-3,,
01486-4503-2.zip,202602101146,天塩郡遠別町字北里,17-6,,
01486-4503-2.zip,202602101146,天塩郡遠別町字北里,17-4,,
01486-4503-2.zip,202602101146,天塩郡遠別町字北里,776-2,,
01486-4503-2.zip,202602101146,天塩郡遠別町字北里,17-2,,
01486-4503-2.zip,202602101146,天塩郡遠別町字北里,17-3,,
01486-4503-2.zip,202602101146,天塩郡遠別町字北里,776-1,,
01486-4503-2.zip,202602101146,天塩郡遠別町字北里,134-13,,
01486-4503-2.zip,202602101146,天塩郡遠別町字北里,777,,
01486-4503-2.zip,202602101146,天塩郡遠別町字北里,778-2,,
01486-4503-2.zip,202602101146,天塩郡遠別町字北里,134-14,,
01486-4503-2.zip,202602101146,天塩郡遠別町字北里,134-3,,
01486-4503-2.zip,202602101146,天塩郡遠別町字北里,134-11,,
01486-4503-2.zip,202602101146,天塩郡遠別町字北里,134-17,,
01486-4503-2.zip,202602101146,天塩郡遠別町字北里,134-1,,
01486-4503-2.zip,202602101146,天塩郡遠別町字北里,134-9,,
01486-4503-2.zip,202602101146,天塩郡遠別町字北里,134-12,,
01486-4503-2.zip,202602101146,天塩郡遠別町字北里,771,,
01486-4503-2.zip,202602101146,天塩郡遠別町字北里,134-8,,
01486-4503-2.zip,202602101146,天塩郡遠別町字北里,770,,
01486-4503-2.zip,202602101146,天塩郡遠別町字北里,129-2,,
01486-4503-2.zip,202602101146,天塩郡遠別町字北里,129-7,,
01486-4503-2.zip,202602101146,天塩郡遠別町字北里,128-2,,
01486-4503-2.zip,202602101146,天塩郡遠別町字北里,128-9,,
01486-4503-2.zip,202602101146,天塩郡遠別町字北里,128-8,,
01486-4503-2.zip,202602101146,天塩郡遠別町字北里,128-5,,
01486-4503-2.zip,202602101146,天塩郡遠別町字北里,128-6,,
01486-4503-2.zip,202602101146,天塩郡遠別町字北里,128-1,,
01486-4503-2.zip,202602101146,天塩郡遠別町字北里,129-1,,
01486-4503-2.zip,202602101146,天塩郡遠別町字北里,129-6,,
01486-4503-2.zip,202602101146,天塩郡遠別町字北里,130-5,,
01486-4503-2.zip,202602101146,天塩郡遠別町字北里,130-1,,
01486-4503-2.zip,202602101146,天塩郡遠別町字北里,134-15,,
01486-4503-2.zip,202602101146,天塩郡遠別町字北里,135-8,,
01486-4503-2.zip,202602101146,天塩郡遠別町字北里,135-5,,
01486-4503-2.zip,202602101146,天塩郡遠別町字北里,136,,
01486-4503-2.zip,202602101146,天塩郡遠別町字北里,134-19,,
01486-4503-2.zip,202602101146,天塩郡遠別町字北里,134-5,,
01486-4503-2.zip,202602101146,天塩郡遠別町字北里,134-7,,
01486-4503-2.zip,202602101146,天塩郡遠別町字北里,134-10,,
01486-4503-2.zip,202602101146,天塩郡遠別町字北里,134-16,,
01486-4503-2.zip,202602101146,天塩郡遠別町字北里,134-18,,
01486-4503-2.zip,202602101146,天塩郡遠別町字北里,134-4,,
01486-4503-2.zip,202602101146,天塩郡遠別町字北里,134-6,,
01486-4503-2.zip,202602101146,天塩郡遠別町字北里,135-6,,
01486-4503-2.zip,202602101146,天塩郡遠別町字北里,135-7,,
01486-4503-2.zip,202602101146,天塩郡遠別町字北里,135-1,,
01486-4503-2.zip,202602101146,天塩郡遠別町字北里,132-2,,
01486-4503-2.zip,202602101146,天塩郡遠別町字北里,132-1,,
01486-4503-2.zip,202602101146,天塩郡遠別町字北里,132-3,,
01486-4503-2.zip,202602101146,天塩郡遠別町字北里,132-4,,
01486-4503-2.zip,202602101146,天塩郡遠別町字北里,131-4,,
01486-4503-2.zip,202602101146,天塩郡遠別町字北里,131-1,,
01486-4503-2.zip,202602101146,天塩郡遠別町字北里,130-4,,
01486-4503-2.zip,202602101146,天塩郡遠別町字北里,165-1,,
01486-4503-2.zip,202602101146,天塩郡遠別町字北里,166-9,,
01486-4503-2.zip,202602101146,天塩郡遠別町字北里,166-13,,
01486-4503-2.zip,202602101146,天塩郡遠別町字北里,166-8,,
01486-4503-2.zip,202602101146,天塩郡遠別町字北里,173-1,,
01486-4503-2.zip,202602101146,天塩郡遠別町字北里,175-1,,
01486-4503-2.zip,202602101146,天塩郡遠別町字北里,34-12,,
01486-4503-2.zip,202602101146,天塩郡遠別町,地区外-203369,,
01486-4503-2.zip,202602101146,天塩郡遠別町字北里,449-1,,
01486-4503-2.zip,202602101146,天塩郡遠別町字北里,463-1,,
01486-4503-2.zip,202602101146,天塩郡遠別町字北里,452-5,,
01486-4503-2.zip,202602101146,天塩郡遠別町字北里,463-9,,
01486-4503-2.zip,202602101146,天塩郡遠別町字北里,23-6,,
01486-4503-2.zip,202602101146,天塩郡遠別町字北里,23-7,,
01486-4503-2.zip,202602101146,天塩郡遠別町字北里,23-5,,
01486-4503-2.zip,202602101146,天塩郡遠別町字北里,24-2,,
01486-4503-2.zip,202602101146,天塩郡遠別町字北里,775,,
01486-4503-2.zip,202602101146,天塩郡遠別町字北里,33-9,,
01486-4503-2.zip,202602101146,天塩郡遠別町字北里,33-10,,
01486-4503-2.zip,202602101146,天塩郡遠別町字北里,33-7,,
01486-4503-2.zip,202602101146,天塩郡遠別町字北里,33-6,,
01486-4503-2.zip,202602101146,天塩郡遠別町字北里,33-2,,
01486-4503-2.zip,202602101146,天塩郡遠別町字北里,33-1,,
01486-4503-2.zip,202602101146,天塩郡遠別町字北里,33-8,,
01486-4503-2.zip,202602101146,天塩郡遠別町字北里,34-15,,
01486-4503-2.zip,202602101146,天塩郡遠別町字北里,34-7,,
01486-4503-2.zip,202602101146,天塩郡遠別町字北里,34-5,,
01486-4503-2.zip,202602101146,天塩郡遠別町字北里,水-18,,
01486-4503-2.zip,202602101146,天塩郡遠別町字北里,34-1,,
01486-4503-2.zip,202602101146,天塩郡遠別町字北里,34-11,,
01486-4503-2.zip,202602101146,天塩郡遠別町字北里,35-2,,
01486-4503-2.zip,202602101146,天塩郡遠別町字北里,34-2,,
01486-4503-2.zip,202602101146,天塩郡遠別町字北里,321-5,,
01486-4503-2.zip,202602101146,天塩郡遠別町,地区外-203397,,
01486-4503-2.zip,202602101146,天塩郡遠別町字北里,321-2,,
01486-4503-2.zip,202602101146,天塩郡遠別町字北里,321-4,,
01486-4503-2.zip,202602101146,天塩郡遠別町字北里,320-4,,
01486-4503-2.zip,202602101146,天塩郡遠別町字北里,320-3,,
01486-4503-2.zip,202602101146,天塩郡遠別町字北里,321-1,,
01486-4503-2.zip,202602101146,天塩郡遠別町字北里,321-3,,
01486-4503-2.zip,202602101146,天塩郡遠別町字北里,320-8,,
01486-4503-2.zip,202602101146,天塩郡遠別町字北里,818,,
01486-4503-2.zip,202602101146,天塩郡遠別町字北里,817,,
01486-4503-2.zip,202602101146,天塩郡遠別町字北里,273-2,,
01486-4503-2.zip,202602101146,天塩郡遠別町字北里,273-1,,
01486-4503-2.zip,202602101146,天塩郡遠別町字北里,273-4,,
01486-4503-2.zip,202602101146,天塩郡遠別町字北里,273-3,,
01486-4503-2.zip,202602101146,天塩郡遠別町字北里,273-5,,
01486-4503-2.zip,202602101146,天塩郡遠別町字北里,273-6,,
01486-4503-2.zip,202602101146,天塩郡遠別町字北里,273-7,,
01486-4503-2.zip,202602101146,天塩郡遠別町字北里,273-11,,
01486-4503-2.zip,202602101146,天塩郡遠別町字北里,819,,
01486-4503-2.zip,202602101146,天塩郡遠別町字北里,274,,
01486-4503-2.zip,202602101146,天塩郡遠別町,地区外-203417,,
01486-4503-2.zip,202602101146,天塩郡遠別町字北里,273-12,,
01486-4503-2.zip,202602101146,天塩郡遠別町字北里,273-10,,
01486-4503-2.zip,202602101146,天塩郡遠別町字北里,水-19,,
01486-4503-2.zip,202602101146,天塩郡遠別町字北里,273-9,,
01486-4503-2.zip,202602101146,天塩郡遠別町,地区外-203422,,
01486-4503-2.zip,202602101146,天塩郡遠別町字北里,816,,
01486-4503-2.zip,202602101146,天塩郡遠別町字北里,273-17,,
01486-4503-2.zip,202602101146,天塩郡遠別町字北里,240-6,,
01486-4503-2.zip,202602101146,天塩郡遠別町字北里,240-5,,
01486-4503-2.zip,202602101146,天塩郡遠別町字北里,240-7,,
01486-4503-2.zip,202602101146,天塩郡遠別町字北里,240-1,,
01486-4503-2.zip,202602101146,天塩郡遠別町字北里,180-3,,
01486-4503-2.zip,202602101146,天塩郡遠別町字北里,240-4,,
01486-4503-2.zip,202602101146,天塩郡遠別町字北里,180-4,,
01486-4503-2.zip,202602101146,天塩郡遠別町字北里,823,,
01486-4503-2.zip,202602101146,天塩郡遠別町字北里,道-40,,
01486-4503-2.zip,202602101146,天塩郡遠別町字北里,239-14,,
01486-4503-2.zip,202602101146,天塩郡遠別町字北里,道-41,,
01486-4503-2.zip,202602101146,天塩郡遠別町字北里,239-1,,
01486-4503-2.zip,202602101146,天塩郡遠別町字北里,239-12,,
01486-4503-2.zip,202602101146,天塩郡遠別町字北里,道-42,,
01486-4503-2.zip,202602101146,天塩郡遠別町字北里,239-5,,
01486-4503-2.zip,202602101146,天塩郡遠別町字北里,716-3,,
01486-4503-2.zip,202602101146,天塩郡遠別町字北里,716-7,,
01486-4503-2.zip,202602101146,天塩郡遠別町字北里,239-13,,
01486-4503-2.zip,202602101146,天塩郡遠別町字北里,273-8,,
01486-4503-2.zip,202602101146,天塩郡遠別町字北里,273-16,,
01486-4503-2.zip,202602101146,天塩郡遠別町字北里,273-14,,
01486-4503-2.zip,202602101146,天塩郡遠別町字北里,716-1,,
01486-4503-2.zip,202602101146,天塩郡遠別町字北里,273-15,,
01486-4503-2.zip,202602101146,天塩郡遠別町字北里,716-5,,
01486-4503-2.zip,202602101146,天塩郡遠別町字北里,716-6,,
01486-4503-2.zip,202602101146,天塩郡遠別町字北里,239-6,,
01486-4503-2.zip,202602101146,天塩郡遠別町字北里,822,,
01486-4503-2.zip,202602101146,天塩郡遠別町字北里,273-13,,
01486-4503-2.zip,202602101146,天塩郡遠別町字北里,716-4,,
01486-4503-2.zip,202602101146,天塩郡遠別町字北里,821,,
01486-4503-2.zip,202602101146,天塩郡遠別町字北里,820,,
01486-4503-2.zip,202602101146,天塩郡遠別町,地区外-203456,,
01486-4503-2.zip,202602101146,天塩郡遠別町字北里,道-43,,
01486-4503-2.zip,202602101146,天塩郡遠別町字北里,275-1,,
01486-4503-2.zip,202602101146,天塩郡遠別町字北里,235-1,,
01486-4503-2.zip,202602101146,天塩郡遠別町字北里,824,,
01486-4503-2.zip,202602101146,天塩郡遠別町字北里,236-2,,
01486-4503-2.zip,202602101146,天塩郡遠別町字北里,236-3,,
01486-4503-2.zip,202602101146,天塩郡遠別町字北里,236-1,,
01486-4503-2.zip,202602101146,天塩郡遠別町字北里,237-2,,
01486-4503-2.zip,202602101146,天塩郡遠別町字北里,238,,
01486-4503-2.zip,202602101146,天塩郡遠別町字北里,239-8,,
01486-4503-2.zip,202602101146,天塩郡遠別町字北里,715-1,,
01486-4503-2.zip,202602101146,天塩郡遠別町字北里,714,,
01486-4503-2.zip,202602101146,天塩郡遠別町字北里,826,,
01486-4503-2.zip,202602101146,天塩郡遠別町字北里,237-1,,
01486-4503-2.zip,202602101146,天塩郡遠別町字北里,237-3,,
01486-4503-2.zip,202602101146,天塩郡遠別町字北里,189-3,,
01486-4503-2.zip,202602101146,天塩郡遠別町字北里,189-2,,
01486-4503-2.zip,202602101146,天塩郡遠別町字北里,190-1,,
01486-4503-2.zip,202602101146,天塩郡遠別町字北里,191-1,,
01486-4503-2.zip,202602101146,天塩郡遠別町字北里,827,,
01486-4503-2.zip,202602101146,天塩郡遠別町字北里,193-1,,
01486-4503-2.zip,202602101146,天塩郡遠別町字北里,193-9,,
01486-4503-2.zip,202602101146,天塩郡遠別町字北里,191-6,,
01486-4503-2.zip,202602101146,天塩郡遠別町字北里,232,,
01486-4503-2.zip,202602101146,天塩郡遠別町字北里,233-2,,
01486-4503-2.zip,202602101146,天塩郡遠別町字北里,233-1,,
01486-4503-2.zip,202602101146,天塩郡遠別町字北里,233-3,,
01486-4503-2.zip,202602101146,天塩郡遠別町字北里,276-4,,
01486-4503-2.zip,202602101146,天塩郡遠別町字北里,828,,
01486-4503-2.zip,202602101146,天塩郡遠別町字北里,231-8,,
01486-4503-2.zip,202602101146,天塩郡遠別町字北里,231-1,,
01486-4503-2.zip,202602101146,天塩郡遠別町字北里,233-4,,
01486-4503-2.zip,202602101146,天塩郡遠別町字北里,231-9,,
01486-4503-2.zip,202602101146,天塩郡遠別町字北里,231-10,,
01486-4503-2.zip,202602101146,天塩郡遠別町字北里,234-2,,
01486-4503-2.zip,202602101146,天塩郡遠別町字北里,235-2,,
01486-4503-2.zip,202602101146,天塩郡遠別町字北里,234-1,,
01486-4503-2.zip,202602101146,天塩郡遠別町字北里,239-7,,
01486-4503-2.zip,202602101146,天塩郡遠別町字北里,239-9,,
01486-4503-2.zip,202602101146,天塩郡遠別町字北里,189-1,,
01486-4503-2.zip,202602101146,天塩郡遠別町字北里,239-11,,
01486-4503-2.zip,202602101146,天塩郡遠別町字北里,180-1,,
01486-4503-2.zip,202602101146,天塩郡遠別町字北里,177-5,,
01486-4503-2.zip,202602101146,天塩郡遠別町字北里,177-3,,
01486-4503-2.zip,202602101146,天塩郡遠別町字北里,178-3,,
01486-4503-2.zip,202602101146,天塩郡遠別町字北里,179-4,,
01486-4503-2.zip,202602101146,天塩郡遠別町字北里,182-2,,
01486-4503-2.zip,202602101146,天塩郡遠別町字北里,176-2,,
01486-4503-2.zip,202602101146,天塩郡遠別町字北里,179-2,,
01486-4503-2.zip,202602101146,天塩郡遠別町字北里,180-6,,
01486-4503-2.zip,202602101146,天塩郡遠別町字北里,182-3,,
01486-4503-2.zip,202602101146,天塩郡遠別町字北里,180-5,,
01486-4503-2.zip,202602101146,天塩郡遠別町字北里,240-3,,
01486-4503-2.zip,202602101146,天塩郡遠別町,地区外-203515,,
01486-4503-2.zip,202602101146,天塩郡遠別町,地区外-203516,,
01486-4503-2.zip,202602101146,天塩郡遠別町字北里,276-3,,
01486-4503-2.zip,202602101146,天塩郡遠別町字北里,道-44,,
01486-4503-2.zip,202602101146,天塩郡遠別町字北里,276-1,,
01486-4503-2.zip,202602101146,天塩郡遠別町字北里,水-20,,
01486-4503-2.zip,202602101146,天塩郡遠別町字北里,道-45,,
01486-4503-2.zip,202602101146,天塩郡遠別町字北里,830,,
01486-4503-2.zip,202602101146,天塩郡遠別町字北里,229-4,,
01486-4503-2.zip,202602101146,天塩郡遠別町字北里,道-46,,
01486-4503-2.zip,202602101146,天塩郡遠別町字北里,229-6,,
01486-4503-2.zip,202602101146,天塩郡遠別町字北里,229-1,,
01486-4503-2.zip,202602101146,天塩郡遠別町字北里,831,,
01486-4503-2.zip,202602101146,天塩郡遠別町字北里,832,,
01486-4503-2.zip,202602101146,天塩郡遠別町字北里,226-5,,
01486-4503-2.zip,202602101146,天塩郡遠別町字北里,道-47,,
01486-4503-2.zip,202602101146,天塩郡遠別町字北里,228-1,,
01486-4503-2.zip,202602101146,天塩郡遠別町字北里,708-1,,
01486-4503-2.zip,202602101146,天塩郡遠別町字北里,215-3,,
01486-4503-2.zip,202602101146,天塩郡遠別町字北里,水-21,,
01486-4503-2.zip,202602101146,天塩郡遠別町字北里,215-1,,
01486-4503-2.zip,202602101146,天塩郡遠別町字北里,228-3,,
01486-4503-2.zip,202602101146,天塩郡遠別町字北里,226-1,,
01486-4503-2.zip,202602101146,天塩郡遠別町字北里,道-48,,
01486-4503-2.zip,202602101146,天塩郡遠別町字北里,417-6,,
01486-4503-2.zip,202602101146,天塩郡遠別町字北里,707,,
01486-4503-2.zip,202602101146,天塩郡遠別町字北里,214-1,,
01486-4503-2.zip,202602101146,天塩郡遠別町字北里,834,,
01486-4503-2.zip,202602101146,天塩郡遠別町字北里,833,,
01486-4503-2.zip,202602101146,天塩郡遠別町字北里,418-1,,
01486-4503-2.zip,202602101146,天塩郡遠別町字北里,417-5,,
01486-4503-2.zip,202602101146,天塩郡遠別町字北里,417-1,,
01486-4503-2.zip,202602101146,天塩郡遠別町字北里,417-12,,
01486-4503-2.zip,202602101146,天塩郡遠別町字北里,417-8,,
01486-4503-2.zip,202602101146,天塩郡遠別町字北里,417-10,,
01486-4503-2.zip,202602101146,天塩郡遠別町字北里,417-7,,
01486-4503-2.zip,202602101146,天塩郡遠別町字北里,417-9,,
01486-4503-2.zip,202602101146,天塩郡遠別町字北里,417-11,,
01486-4503-2.zip,202602101146,天塩郡遠別町字北里,226-4,,
01486-4503-2.zip,202602101146,天塩郡遠別町字北里,226-3,,
01486-4503-2.zip,202602101146,天塩郡遠別町字北里,225-1,,
01486-4503-2.zip,202602101146,天塩郡遠別町字北里,229-5,,
01486-4503-2.zip,202602101146,天塩郡遠別町字北里,709-1,,
01486-4503-2.zip,202602101146,天塩郡遠別町字北里,230-5,,
01486-4503-2.zip,202602101146,天塩郡遠別町字北里,230-1,,
01486-4503-2.zip,202602101146,天塩郡遠別町字北里,230-6,,
01486-4503-2.zip,202602101146,天塩郡遠別町字北里,230-7,,
01486-4503-2.zip,202602101146,天塩郡遠別町字北里,230-8,,
01486-4503-2.zip,202602101146,天塩郡遠別町字北里,230-4,,
01486-4503-2.zip,202602101146,天塩郡遠別町字北里,230-3,,
01486-4503-2.zip,202602101146,天塩郡遠別町字北里,829,,
01486-4503-2.zip,202602101146,天塩郡遠別町字北里,201-1,,
01486-4503-2.zip,202602101146,天塩郡遠別町字北里,200-1,,
01486-4503-2.zip,202602101146,天塩郡遠別町字北里,193-8,,
01486-4503-2.zip,202602101146,天塩郡遠別町字北里,231-12,,
01486-4503-2.zip,202602101146,天塩郡遠別町字北里,231-6,,
01486-4503-2.zip,202602101146,天塩郡遠別町字北里,231-5,,
01486-4503-2.zip,202602101146,天塩郡遠別町字北里,231-7,,
01486-4503-2.zip,202602101146,天塩郡遠別町字北里,231-11,,
01486-4503-2.zip,202602101146,天塩郡遠別町字北里,231-2,,
01486-4503-2.zip,202602101146,天塩郡遠別町字北里,231-4,,
01486-4503-2.zip,202602101146,天塩郡遠別町字北里,183-1,,
01486-4503-2.zip,202602101146,天塩郡遠別町字北里,185-4,,
01486-4503-2.zip,202602101146,天塩郡遠別町字北里,185-1,,
01486-4503-2.zip,202602101146,天塩郡遠別町字北里,188-1,,
01486-4503-2.zip,202602101146,天塩郡遠別町字北里,190-3,,
01486-4503-2.zip,202602101146,天塩郡遠別町字北里,190-2,,
01486-4503-2.zip,202602101146,天塩郡遠別町字北里,188-5,,
01486-4503-2.zip,202602101146,天塩郡遠別町字北里,189-5,,
01486-4503-2.zip,202602101146,天塩郡遠別町字北里,184,,
01486-4503-2.zip,202602101146,天塩郡遠別町字北里,183-4,,
01486-4503-2.zip,202602101146,天塩郡遠別町字北里,182-1,,
01486-4503-2.zip,202602101146,天塩郡遠別町字北里,191-2,,
01486-4503-2.zip,202602101146,天塩郡遠別町字北里,191-5,,
01486-4503-2.zip,202602101146,天塩郡遠別町字北里,191-4,,
01486-4503-2.zip,202602101146,天塩郡遠別町字北里,825,,
01486-4503-2.zip,202602101146,天塩郡遠別町字北里,187-1,,
01486-4503-2.zip,202602101146,天塩郡遠別町字北里,道-49,,
01486-4503-2.zip,202602101146,天塩郡遠別町字北里,127-8,,
01486-4503-2.zip,202602101146,天塩郡遠別町字北里,127-7,,
01486-4503-2.zip,202602101146,天塩郡遠別町字北里,128-7,,
01486-4503-2.zip,202602101146,天塩郡遠別町字北里,205-1,,
01486-4503-2.zip,202602101146,天塩郡遠別町字北里,193-7,,
01486-4503-2.zip,202602101146,天塩郡遠別町字北里,193-6,,
01486-4503-2.zip,202602101146,天塩郡遠別町字北里,191-3,,
01486-4503-2.zip,202602101146,天塩郡遠別町字北里,116-1,,
01486-4503-2.zip,202602101146,天塩郡遠別町字北里,119-4,,
01486-4503-2.zip,202602101146,天塩郡遠別町字北里,道-50,,
01486-4503-2.zip,202602101146,天塩郡遠別町字北里,111-1,,
01486-4503-2.zip,202602101146,天塩郡遠別町字北里,111-2,,
01486-4503-2.zip,202602101146,天塩郡遠別町字北里,100-3,,
01486-4503-2.zip,202602101146,天塩郡遠別町字北里,100-4,,
01486-4503-2.zip,202602101146,天塩郡遠別町字北里,100-1,,
01486-4503-2.zip,202602101146,天塩郡遠別町字北里,111-6,,
01486-4503-2.zip,202602101146,天塩郡遠別町字北里,108-5,,
01486-4503-2.zip,202602101146,天塩郡遠別町字北里,43-2,,
01486-4503-2.zip,202602101146,天塩郡遠別町字北里,44-1,,
01486-4503-2.zip,202602101146,天塩郡遠別町字北里,43-1,,
01486-4503-2.zip,202602101146,天塩郡遠別町字北里,44-3,,
01486-4503-2.zip,202602101146,天塩郡遠別町字北里,44-4,,
01486-4503-2.zip,202602101146,天塩郡遠別町字北里,763,,
01486-4503-2.zip,202602101146,天塩郡遠別町字北里,48-1,,
01486-4503-2.zip,202602101146,天塩郡遠別町字北里,762,,
01486-4503-2.zip,202602101146,天塩郡遠別町字北里,50-1,,
01486-4503-2.zip,202602101146,天塩郡遠別町字北里,761,,
01486-4503-2.zip,202602101146,天塩郡遠別町字北里,94-1,,
01486-4503-2.zip,202602101146,天塩郡遠別町字北里,107-1,,
01486-4503-2.zip,202602101146,天塩郡遠別町字北里,105-13,,
01486-4503-2.zip,202602101146,天塩郡遠別町字北里,105-8,,
01486-4503-2.zip,202602101146,天塩郡遠別町字北里,108-1,,
01486-4503-2.zip,202602101146,天塩郡遠別町字北里,108-4,,
01486-4503-2.zip,202602101146,天塩郡遠別町字北里,108-3,,
01486-4503-2.zip,202602101146,天塩郡遠別町字北里,110-1,,
01486-4503-2.zip,202602101146,天塩郡遠別町字北里,108-2,,
01486-4503-2.zip,202602101146,天塩郡遠別町字北里,110-3,,
01486-4503-2.zip,202602101146,天塩郡遠別町字北里,109,,
01486-4503-2.zip,202602101146,天塩郡遠別町字北里,105-1,,
01486-4503-2.zip,202602101146,天塩郡遠別町字北里,108-7,,
01486-4503-2.zip,202602101146,天塩郡遠別町字北里,103-5,,
01486-4503-2.zip,202602101146,天塩郡遠別町字北里,105-9,,
01486-4503-2.zip,202602101146,天塩郡遠別町字北里,道-51,,
01486-4503-2.zip,202602101146,天塩郡遠別町字北里,100-5,,
01486-4503-2.zip,202602101146,天塩郡遠別町字北里,103-1,,
01486-4503-2.zip,202602101146,天塩郡遠別町字北里,105-6,,
01486-4503-2.zip,202602101146,天塩郡遠別町字北里,105-14,,
01486-4503-2.zip,202602101146,天塩郡遠別町字北里,105-15,,
01486-4503-2.zip,202602101146,天塩郡遠別町字北里,108-6,,
01486-4503-2.zip,202602101146,天塩郡遠別町字北里,105-7,,
01486-4503-2.zip,202602101146,天塩郡遠別町字北里,105-11,,
01486-4503-2.zip,202602101146,天塩郡遠別町字北里,105-12,,
01486-4503-2.zip,202602101146,天塩郡遠別町字北里,105-4,,
01486-4503-2.zip,202602101146,天塩郡遠別町字北里,105-17,,
01486-4503-2.zip,202602101146,天塩郡遠別町字北里,105-5,,
01486-4503-2.zip,202602101146,天塩郡遠別町字北里,107-3,,
01486-4503-2.zip,202602101146,天塩郡遠別町字北里,107-2,,
01486-4503-2.zip,202602101146,天塩郡遠別町字北里,105-3,,
01486-4503-2.zip,202602101146,天塩郡遠別町字北里,94-2,,
01486-4503-2.zip,202602101146,天塩郡遠別町字北里,103-3,,
01486-4503-2.zip,202602101146,天塩郡遠別町字北里,95-1,,
01486-4503-2.zip,202602101146,天塩郡遠別町字北里,95-3,,
01486-4503-2.zip,202602101146,天塩郡遠別町字北里,96-1,,
01486-4503-2.zip,202602101146,天塩郡遠別町字北里,105-10,,
01486-4503-2.zip,202602101146,天塩郡遠別町字北里,96-4,,
01486-4503-2.zip,202602101146,天塩郡遠別町字北里,97-1,,
01486-4503-2.zip,202602101146,天塩郡遠別町字北里,97-7,,
01486-4503-2.zip,202602101146,天塩郡遠別町字北里,105-16,,
01486-4503-2.zip,202602101146,天塩郡遠別町字北里,103-4,,
01486-4503-2.zip,202602101146,天塩郡遠別町字北里,110-2,,
01486-4503-2.zip,202602101146,天塩郡遠別町字北里,111-3,,
01486-4503-2.zip,202602101146,天塩郡遠別町字北里,106,,
01486-4503-2.zip,202602101146,天塩郡遠別町字北里,34-8,,
01486-4503-2.zip,202602101146,天塩郡遠別町字北里,121-3,,
01486-4503-2.zip,202602101146,天塩郡遠別町字北里,120-2,,
01486-4503-2.zip,202602101146,天塩郡遠別町字北里,115-3,,
01486-4503-2.zip,202602101146,天塩郡遠別町字北里,115-1,,
01486-4503-2.zip,202602101146,天塩郡遠別町字北里,120-1,,
01486-4503-2.zip,202602101146,天塩郡遠別町字北里,121-2,,
01486-4503-2.zip,202602101146,天塩郡遠別町字北里,121-4,,
01486-4503-2.zip,202602101146,天塩郡遠別町字北里,766,,
01486-4503-2.zip,202602101146,天塩郡遠別町字北里,121-5,,
01486-4503-2.zip,202602101146,天塩郡遠別町字北里,121-1,,
01486-4503-2.zip,202602101146,天塩郡遠別町字北里,122-2,,
01486-4503-2.zip,202602101146,天塩郡遠別町字北里,122-1,,
01486-4503-2.zip,202602101146,天塩郡遠別町字北里,123,,
01486-4503-2.zip,202602101146,天塩郡遠別町字北里,124-2,,
01486-4503-2.zip,202602101146,天塩郡遠別町字北里,920-2,,
01486-4503-2.zip,202602101146,天塩郡遠別町字北里,919,,
01486-4503-2.zip,202602101146,天塩郡遠別町字北里,920-1,,
01486-4503-2.zip,202602101146,天塩郡遠別町字北里,112-2,,
01486-4503-2.zip,202602101146,天塩郡遠別町字北里,113-1,,
01486-4503-2.zip,202602101146,天塩郡遠別町字北里,113-2,,
01486-4503-2.zip,202602101146,天塩郡遠別町字北里,112-4,,
01486-4503-2.zip,202602101146,天塩郡遠別町字北里,113-3,,
01486-4503-2.zip,202602101146,天塩郡遠別町字北里,115-4,,
01486-4503-2.zip,202602101146,天塩郡遠別町字北里,112-3,,
01486-4503-2.zip,202602101146,天塩郡遠別町字北里,112-1,,
01486-4503-2.zip,202602101146,天塩郡遠別町字北里,115-2,,
01486-4503-2.zip,202602101146,天塩郡遠別町字北里,115-5,,
01486-4503-2.zip,202602101146,天塩郡遠別町字北里,920-3,,
01486-4503-2.zip,202602101146,天塩郡遠別町字北里,114,,
01486-4503-2.zip,202602101146,天塩郡遠別町字北里,117-4,,
01486-4503-2.zip,202602101146,天塩郡遠別町字北里,923-3,,
01486-4503-2.zip,202602101146,天塩郡遠別町字北里,117-3,,
01486-4503-2.zip,202602101146,天塩郡遠別町字北里,117-1,,
01486-4503-2.zip,202602101146,天塩郡遠別町字北里,918,,
01486-4503-2.zip,202602101146,天塩郡遠別町字北里,923-2,,
01486-4503-2.zip,202602101146,天塩郡遠別町字北里,767,,
01486-4503-2.zip,202602101146,天塩郡遠別町字北里,35-11,,
01486-4503-2.zip,202602101146,天塩郡遠別町字北里,35-4,,
01486-4503-2.zip,202602101146,天塩郡遠別町字北里,35-9,,
01486-4503-2.zip,202602101146,天塩郡遠別町字北里,41-4,,
01486-4503-2.zip,202602101146,天塩郡遠別町字北里,41-3,,
01486-4503-2.zip,202602101146,天塩郡遠別町字北里,34-14,,
01486-4503-2.zip,202602101146,天塩郡遠別町字北里,35-10,,
01486-4503-2.zip,202602101146,天塩郡遠別町字北里,34-13,,
01486-4503-2.zip,202602101146,天塩郡遠別町,地区外-203714,,
01486-4503-2.zip,202602101146,天塩郡遠別町字北里,764,,
01486-4503-2.zip,202602101146,天塩郡遠別町字北里,道-52,,
01486-4503-2.zip,202602101146,天塩郡遠別町字北里,466-4,,
01486-4503-2.zip,202602101146,天塩郡遠別町字北里,水-22,,
01486-4503-2.zip,202602101146,天塩郡遠別町字北里,464-1,,
01486-4503-2.zip,202602101146,天塩郡遠別町字北里,道-53,,
01486-4503-2.zip,202602101146,天塩郡遠別町字北里,449-2,,
01486-4503-2.zip,202602101146,天塩郡遠別町字北里,655-5,,
01486-4503-2.zip,202602101146,天塩郡遠別町字北里,水-23,,
01486-4503-2.zip,202602101146,天塩郡遠別町字北里,463-10,,
01486-4503-2.zip,202602101146,天塩郡遠別町字北里,463-5,,
01486-4503-2.zip,202602101146,天塩郡遠別町字北里,463-8,,
01486-4503-2.zip,202602101146,天塩郡遠別町字北里,463-6,,
01486-4503-2.zip,202602101146,天塩郡遠別町字北里,463-11,,
01486-4503-2.zip,202602101146,天塩郡遠別町字北里,463-7,,
01486-4503-2.zip,202602101146,天塩郡遠別町字北里,446-10,,
01486-4503-2.zip,202602101146,天塩郡遠別町字北里,水-24,,
01486-4503-2.zip,202602101146,天塩郡遠別町字北里,652-2,,
01486-4503-2.zip,202602101146,天塩郡遠別町字北里,447-4,,
01486-4503-2.zip,202602101146,天塩郡遠別町字北里,466-3,,
01486-4503-2.zip,202602101146,天塩郡遠別町字北里,466-6,,
01486-4503-2.zip,202602101146,天塩郡遠別町字北里,765,,
01486-4503-2.zip,202602101146,天塩郡遠別町字北里,466-5,,
01486-4503-2.zip,202602101146,天塩郡遠別町字北里,466-1,,
01486-4503-2.zip,202602101146,天塩郡遠別町字北里,448-2,,
01486-4503-2.zip,202602101146,天塩郡遠別町字北里,448-1,,
01486-4503-2.zip,202602101146,天塩郡遠別町字北里,447-1,,
01486-4503-2.zip,202602101146,天塩郡遠別町字北里,652-1,,
01486-4503-2.zip,202602101146,天塩郡遠別町字北里,446-2,,
01486-4503-2.zip,202602101146,天塩郡遠別町字北里,668-1,,
01486-4503-2.zip,202602101146,天塩郡遠別町字北里,445-1,,
01486-4503-2.zip,202602101146,天塩郡遠別町字北里,442,,
01486-4503-2.zip,202602101146,天塩郡遠別町字北里,440-1,,
01486-4503-2.zip,202602101146,天塩郡遠別町字北里,670-1,,
01486-4503-2.zip,202602101146,天塩郡遠別町字北里,440-15,,
01486-4503-2.zip,202602101146,天塩郡遠別町字北里,440-14,,
01486-4503-2.zip,202602101146,天塩郡遠別町字北里,440-16,,
01486-4503-2.zip,202602101146,天塩郡遠別町字北里,440-13,,
01486-4503-2.zip,202602101146,天塩郡遠別町字北里,水-25,,
01486-4503-2.zip,202602101146,天塩郡遠別町字北里,440-6,,
01486-4503-2.zip,202602101146,天塩郡遠別町字北里,440-12,,
01486-4503-2.zip,202602101146,天塩郡遠別町字北里,440-11,,
01486-4503-2.zip,202602101146,天塩郡遠別町字北里,440-7,,
01486-4503-2.zip,202602101146,天塩郡遠別町字北里,669,,
01486-4503-2.zip,202602101146,天塩郡遠別町字北里,439-3,,
01486-4503-2.zip,202602101146,天塩郡遠別町字北里,464-5,,
01486-4503-2.zip,202602101146,天塩郡遠別町字北里,439-1,,
01486-4503-2.zip,202602101146,天塩郡遠別町字北里,446-11,,
01486-4503-2.zip,202602101146,天塩郡遠別町字北里,446-12,,
01486-4503-2.zip,202602101146,天塩郡遠別町字北里,446-16,,
01486-4503-2.zip,202602101146,天塩郡遠別町字北里,668-4,,
01486-4503-2.zip,202602101146,天塩郡遠別町字北里,445-5,,
01486-4503-2.zip,202602101146,天塩郡遠別町字北里,445-4,,
01486-4503-2.zip,202602101146,天塩郡遠別町字北里,445-3,,
01486-4503-2.zip,202602101146,天塩郡遠別町字北里,758,,
01486-4503-2.zip,202602101146,天塩郡遠別町字北里,443-5,,
01486-4503-2.zip,202602101146,天塩郡遠別町字北里,443-1,,
01486-4503-2.zip,202602101146,天塩郡遠別町字北里,443-6,,
01486-4503-2.zip,202602101146,天塩郡遠別町字北里,443-3,,
01486-4503-2.zip,202602101146,天塩郡遠別町字北里,443-4,,
01486-4503-2.zip,202602101146,天塩郡遠別町字北里,446-13,,
01486-4503-2.zip,202602101146,天塩郡遠別町字北里,668-3,,
01486-4503-2.zip,202602101146,天塩郡遠別町字北里,446-1,,
01486-4503-2.zip,202602101146,天塩郡遠別町字北里,446-17,,
01486-4503-2.zip,202602101146,天塩郡遠別町字北里,446-14,,
01486-4503-2.zip,202602101146,天塩郡遠別町字北里,446-15,,
01486-4503-2.zip,202602101146,天塩郡遠別町字北里,446-4,,
01486-4503-2.zip,202602101146,天塩郡遠別町字北里,50-3,,
01486-4503-2.zip,202602101146,天塩郡遠別町字北里,34-10,,
01486-4503-2.zip,202602101146,天塩郡遠別町字北里,34-6,,
01486-4503-2.zip,202602101146,天塩郡遠別町字北里,47-2,,
01486-4503-2.zip,202602101146,天塩郡遠別町字北里,47-1,,
01486-4503-2.zip,202602101146,天塩郡遠別町字北里,428-2,,
01486-4503-2.zip,202602101146,天塩郡遠別町字北里,428-1,,
01486-4503-2.zip,202602101146,天塩郡遠別町字北里,444-1,,
01486-4503-2.zip,202602101146,天塩郡遠別町字北里,444-5,,
01486-4503-2.zip,202602101146,天塩郡遠別町字北里,444-2,,
01486-4503-2.zip,202602101146,天塩郡遠別町字北里,444-6,,
01486-4503-2.zip,202602101146,天塩郡遠別町字北里,50-4,,
01486-4503-2.zip,202602101146,天塩郡遠別町字北里,48-2,,
01486-4503-2.zip,202602101146,天塩郡遠別町字北里,45-3,,
01486-4503-2.zip,202602101146,天塩郡遠別町字北里,45-2,,
01486-4503-2.zip,202602101146,天塩郡遠別町字北里,45-1,,
01486-4503-2.zip,202602101146,天塩郡遠別町字北里,44-2,,
01486-4503-2.zip,202602101146,天塩郡遠別町字北里,34-9,,
01486-4503-2.zip,202602101146,天塩郡遠別町字北里,670-2,,
01486-4503-2.zip,202602101146,天塩郡遠別町字北里,835-2,,
01486-4503-2.zip,202602101146,天塩郡遠別町字北里,752,,
01486-4503-2.zip,202602101146,天塩郡遠別町字北里,931-1,,
01486-4503-2.zip,202602101146,天塩郡遠別町字北里,753,,
01486-4503-2.zip,202602101146,天塩郡遠別町字北里,71-3,,
01486-4503-2.zip,202602101146,天塩郡遠別町字北里,71-1,,
01486-4503-2.zip,202602101146,天塩郡遠別町字北里,71-2,,
01486-4503-2.zip,202602101146,天塩郡遠別町字北里,70-1,,
01486-4503-2.zip,202602101146,天塩郡遠別町字北里,長狭物不明-5,,
01486-4503-2.zip,202602101146,天塩郡遠別町字北里,75,,
01486-4503-2.zip,202602101146,天塩郡遠別町字北里,76,,
01486-4503-2.zip,202602101146,天塩郡遠別町字北里,74-1,,
01486-4503-2.zip,202602101146,天塩郡遠別町字北里,水-26,,
01486-4503-2.zip,202602101146,天塩郡遠別町字北里,70-2,,
01486-4503-2.zip,202602101146,天塩郡遠別町字北里,421-2,,
01486-4503-2.zip,202602101146,天塩郡遠別町字北里,421-1,,
01486-4503-2.zip,202602101146,天塩郡遠別町字北里,422-1,,
01486-4503-2.zip,202602101146,天塩郡遠別町字北里,756,,
01486-4503-2.zip,202602101146,天塩郡遠別町字北里,78,,
01486-4503-2.zip,202602101146,天塩郡遠別町字北里,85-1,,
01486-4503-2.zip,202602101146,天塩郡遠別町字北里,87,,
01486-4503-2.zip,202602101146,天塩郡遠別町字北里,90-1,,
01486-4503-2.zip,202602101146,天塩郡遠別町字北里,80,,
01486-4503-2.zip,202602101146,天塩郡遠別町字北里,82,,
01486-4503-2.zip,202602101146,天塩郡遠別町字北里,207-1,,
01486-4503-2.zip,202602101146,天塩郡遠別町字北里,208-1,,
01486-4503-2.zip,202602101146,天塩郡遠別町字北里,道-54,,
01486-4503-2.zip,202602101146,天塩郡遠別町字北里,203-3,,
01486-4503-2.zip,202602101146,天塩郡遠別町字北里,209-1,,
01486-4503-2.zip,202602101146,天塩郡遠別町字北里,道-55,,
01486-4503-2.zip,202602101146,天塩郡遠別町字北里,202-1,,
01486-4503-2.zip,202602101146,天塩郡遠別町字北里,201-3,,
01486-4503-2.zip,202602101146,天塩郡遠別町字北里,214-2,,
01486-4503-2.zip,202602101146,天塩郡遠別町字北里,212-1,,
01486-4503-2.zip,202602101146,天塩郡遠別町字北里,757,,
01486-4503-2.zip,202602101146,天塩郡遠別町字北里,211,,
01486-4503-2.zip,202602101146,天塩郡遠別町字北里,210-1,,
01486-4503-2.zip,202602101146,天塩郡遠別町字北里,916,,
01486-4503-2.zip,202602101146,天塩郡遠別町字北里,420-1,,
01486-4503-2.zip,202602101146,天塩郡遠別町字北里,長狭物不明-6,,
01486-4503-2.zip,202602101146,天塩郡遠別町字北里,221-6,,
01486-4503-2.zip,202602101146,天塩郡遠別町字北里,221-9,,
01486-4503-2.zip,202602101146,天塩郡遠別町字北里,835-1,,
01486-4503-2.zip,202602101146,天塩郡遠別町字北里,221-5,,
01486-4503-2.zip,202602101146,天塩郡遠別町字北里,221-1,,
01486-4503-2.zip,202602101146,天塩郡遠別町字北里,221-8,,
01486-4503-2.zip,202602101146,天塩郡遠別町字北里,221-7,,
01486-4503-2.zip,202602101146,天塩郡遠別町字北里,419-1,,
01486-4503-2.zip,202602101146,天塩郡遠別町字北里,419-2,,
01486-4503-2.zip,202602101146,天塩郡遠別町字北里,418-2,,
01486-4503-2.zip,202602101146,天塩郡遠別町字北里,418-3,,
01486-4503-2.zip,202602101146,天塩郡遠別町字北里,422-2,,
01486-4503-2.zip,202602101146,天塩郡遠別町字北里,422-3,,
01486-4503-2.zip,202602101146,天塩郡遠別町字北里,85-2,,
01486-4503-2.zip,202602101146,天塩郡遠別町字北里,88-3,,
01486-4503-2.zip,202602101146,天塩郡遠別町字北里,84-7,,
01486-4503-2.zip,202602101146,天塩郡遠別町字北里,88-1,,
01486-4503-2.zip,202602101146,天塩郡遠別町字北里,84-1,,
01486-4503-2.zip,202602101146,天塩郡遠別町字北里,84-8,,
01486-4503-2.zip,202602101146,天塩郡遠別町字北里,84-4,,
01486-4503-2.zip,202602101146,天塩郡遠別町字北里,84-9,,
01486-4503-2.zip,202602101146,天塩郡遠別町字北里,84-3,,
01486-4503-2.zip,202602101146,天塩郡遠別町字北里,89,,
01486-4503-2.zip,202602101146,天塩郡遠別町字北里,90-3,,
01486-4503-2.zip,202602101146,天塩郡遠別町字北里,91-2,,
01486-4503-2.zip,202602101146,天塩郡遠別町字北里,91-1,,
01486-4503-2.zip,202602101146,天塩郡遠別町字北里,81-1,,
01486-4503-2.zip,202602101146,天塩郡遠別町字北里,84-5,,
01486-4503-2.zip,202602101146,天塩郡遠別町字北里,84-6,,
01486-4503-2.zip,202602101146,天塩郡遠別町字北里,81-2,,
01486-4503-2.zip,202602101146,天塩郡遠別町字北里,97-9,,
01486-4503-2.zip,202602101146,天塩郡遠別町字北里,97-8,,
01486-4503-2.zip,202602101146,天塩郡遠別町字北里,97-10,,
01486-4503-2.zip,202602101146,天塩郡遠別町字北里,96-5,,
01486-4503-2.zip,202602101146,天塩郡遠別町字北里,94-6,,
01486-4503-2.zip,202602101146,天塩郡遠別町字北里,94-7,,
01486-4503-2.zip,202602101146,天塩郡遠別町字北里,92-1,,
01486-4503-2.zip,202602101146,天塩郡遠別町字北里,93,,
01486-4503-2.zip,202602101146,天塩郡遠別町字北里,97-6,,
01486-4503-2.zip,202602101146,天塩郡遠別町字北里,98-2,,
01486-4503-2.zip,202602101146,天塩郡遠別町字北里,98-1,,
01486-4503-2.zip,202602101146,天塩郡遠別町字北里,97-5,,
01486-4503-2.zip,202602101146,天塩郡遠別町字北里,83,,
01486-4503-2.zip,202602101146,天塩郡遠別町字北里,192-1,,
01486-4503-2.zip,202602101146,天塩郡遠別町字北里,203-1,,
01486-4503-2.zip,202602101146,天塩郡遠別町字北里,水-27,,
01486-4503-2.zip,202602101146,天塩郡遠別町,地区外-203889,,
01486-4503-2.zip,202602101146,天塩郡遠別町字北里,751,,
01486-4503-2.zip,202602101146,天塩郡遠別町字北里,754,,
01486-4503-2.zip,202602101146,天塩郡遠別町字北里,441-1,,
01486-4503-2.zip,202602101146,天塩郡遠別町字北里,長狭物不明-7,,
01486-4503-2.zip,202602101146,天塩郡遠別町字北里,755,,
01486-4503-2.zip,202602101146,天塩郡遠別町字北里,441-2,,
01486-4503-2.zip,202602101146,天塩郡遠別町字北里,759,,
01486-4503-2.zip,202602101146,天塩郡遠別町字北里,64-1,,
01486-4503-2.zip,202602101146,天塩郡遠別町字北里,59-1,,
01486-4503-2.zip,202602101146,天塩郡遠別町字北里,760,,
01486-4503-2.zip,202602101146,天塩郡遠別町字北里,59-3,,
01486-4503-2.zip,202602101146,天塩郡遠別町字北里,59-6,,
01486-4503-2.zip,202602101146,天塩郡遠別町字北里,59-5,,
01486-4503-2.zip,202602101146,天塩郡遠別町字北里,59-4,,
01486-4503-2.zip,202602101146,天塩郡遠別町字北里,64-3,,
01486-4503-2.zip,202602101146,天塩郡遠別町字北里,50-6,,
01486-4503-2.zip,202602101146,天塩郡遠別町字北里,50-5,,
01486-4503-2.zip,202602101146,天塩郡遠別町字北里,688-1,,
01486-4503-2.zip,202602101146,天塩郡遠別町字北里,688-2,,
01486-4503-2.zip,202602101146,天塩郡遠別町字北里,464-3,,
01486-4503-2.zip,202602101146,天塩郡遠別町,地区外-203910,,
01486-4503-2.zip,202602101146,天塩郡遠別町,地区外-203911,,
01486-4503-2.zip,202602101146,天塩郡遠別町字北里,837,,
01486-4503-2.zip,202602101146,天塩郡遠別町,地区外-203913,,
01486-4503-2.zip,202602101146,天塩郡遠別町字北里,838,,
01486-4503-2.zip,202602101146,天塩郡遠別町字北里,839,,
01486-4503-2.zip,202602101146,天塩郡遠別町字北里,225-6,,
01486-4503-2.zip,202602101146,天塩郡遠別町字北里,225-5,,
01486-4503-2.zip,202602101146,天塩郡遠別町字北里,225-4,,
01486-4503-2.zip,202602101146,天塩郡遠別町字北里,417-2,,
01486-4503-2.zip,202602101146,天塩郡遠別町,地区外-203920,,
01486-4503-2.zip,202602101146,天塩郡遠別町字北里,836,,
01486-4503-2.zip,202602101146,天塩郡遠別町字北里,道-1-1,,
01486-4503-2.zip,202602101146,天塩郡遠別町字北里,933,,
01486-4503-2.zip,202602101146,天塩郡遠別町,地区外-203803,,
01486-4503-2.zip,202602101146,天塩郡遠別町字北里,931-2,,
01486-4503-2.zip,202602101146,天塩郡遠別町字北里,926-1,,
01486-4503-2.zip,202602101146,天塩郡遠別町字北里,18-6,,
01486-4503-2.zip,202602101146,天塩郡遠別町字北里,926-2,,
01486-4503-2.zip,202602101146,天塩郡遠別町字北里,925,,
01486-4503-2.zip,202602101146,天塩郡遠別町字北里,680,,
01486-4503-2.zip,202602101146,天塩郡遠別町字北里,水-2-1,,
01486-4503-2.zip,202602101146,天塩郡遠別町,地区外-203111,,
01486-4503-2.zip,202602101146,天塩郡遠別町字北里,456-2,,
01486-4503-2.zip,202602101146,天塩郡遠別町字北里,673-4,,
01486-4503-2.zip,202602101146,天塩郡遠別町字北里,455-10,,
01486-4503-2.zip,202602101146,天塩郡遠別町字北里,11-8,,
01486-4503-2.zip,202602101146,天塩郡遠別町字北里,458-4,,
01486-4503-2.zip,202602101146,天塩郡遠別町字北里,11-6,,
01486-4503-2.zip,202602101146,天塩郡遠別町字北里,20-3,,
01486-4503-2.zip,202602101146,天塩郡遠別町字北里,924,,
01486-4503-2.zip,202602101146,天塩郡遠別町字北里,16-3,,
01486-4503-2.zip,202602101146,天塩郡遠別町字北里,253-4,,
01486-4503-2.zip,202602101146,天塩郡遠別町字北里,253-5,,
01486-4503-2.zip,202602101146,天塩郡遠別町字北里,251-8,,
01486-4503-2.zip,202602101146,天塩郡遠別町字北里,251-7,,
01486-4503-2.zip,202602101146,天塩郡遠別町字北里,251-6,,
01486-4503-2.zip,202602101146,天塩郡遠別町字北里,251-5,,
01486-4503-2.zip,202602101146,天塩郡遠別町字北里,251-4,,
01486-4503-2.zip,202602101146,天塩郡遠別町字北里,250-3,,
01486-4503-2.zip,202602101146,天塩郡遠別町字北里,713-4,,
01486-4503-2.zip,202602101146,天塩郡遠別町字北里,269-9,,
01486-4503-2.zip,202602101146,天塩郡遠別町字北里,264-3,,
01486-4503-2.zip,202602101146,天塩郡遠別町字北里,264-2,,
01486-4503-2.zip,202602101146,天塩郡遠別町字北里,269-6,,
01486-4503-2.zip,202602101146,天塩郡遠別町字北里,268-7,,
01486-4503-2.zip,202602101146,天塩郡遠別町字北里,450-1,,
01486-4503-2.zip,202602101146,天塩郡遠別町字北里,450-4,,
01486-4503-2.zip,202602101146,天塩郡遠別町字北里,450-3,,
01486-4503-2.zip,202602101146,天塩郡遠別町字北里,467-1,,
01486-4503-2.zip,202602101146,天塩郡遠別町字北里,467-4,,
01486-4503-2.zip,202602101146,天塩郡遠別町字北里,467-3,,
01486-4503-2.zip,202602101146,天塩郡遠別町字北里,127-11,,
01486-4503-2.zip,202602101146,天塩郡遠別町字北里,117-2,,
01486-4503-2.zip,202602101146,天塩郡遠別町字北里,127-5,,
01486-4503-2.zip,202602101146,天塩郡遠別町字北里,125-1,,
01486-4503-2.zip,202602101146,天塩郡遠別町字北里,125-3,,
01486-4503-2.zip,202602101146,天塩郡遠別町字北里,127-2,,
01486-4503-2.zip,202602101146,天塩郡遠別町字北里,921,,
01486-4503-2.zip,202602101146,天塩郡遠別町字北里,127-1,,
01486-4503-2.zip,202602101146,天塩郡遠別町字北里,205-4,,
01486-4503-2.zip,202602101146,天塩郡遠別町字北里,189-4,,
01486-4503-2.zip,202602101146,天塩郡遠別町字北里,181-1,,
01486-4503-2.zip,202602101146,天塩郡遠別町字北里,181-2,,
01486-4503-2.zip,202602101146,天塩郡遠別町字北里,239-10,,
01486-4503-2.zip,202602101146,天塩郡遠別町字北里,715-3,,
01486-4503-3.zip,202602101146,天塩郡遠別町,地区外-205393,,
01486-4503-3.zip,202602101146,天塩郡遠別町字北里,338,,
01486-4503-3.zip,202602101146,天塩郡遠別町字北里,水-1,,
01486-4503-3.zip,202602101146,天塩郡遠別町字北里,377,,
01486-4503-3.zip,202602101146,天塩郡遠別町字北里,892,,
01486-4503-3.zip,202602101146,天塩郡遠別町字北里,374-2,,
01486-4503-3.zip,202602101146,天塩郡遠別町字北里,893,,
01486-4503-3.zip,202602101146,天塩郡遠別町字北里,365-1,,
01486-4503-3.zip,202602101146,天塩郡遠別町字北里,365-2,,
01486-4503-3.zip,202602101146,天塩郡遠別町字北里,869,,
01486-4503-3.zip,202602101146,天塩郡遠別町字北里,367,,
01486-4503-3.zip,202602101146,天塩郡遠別町字北里,889,,
01486-4503-3.zip,202602101146,天塩郡遠別町字北里,888,,
01486-4503-3.zip,202602101146,天塩郡遠別町字北里,870,,
01486-4503-3.zip,202602101146,天塩郡遠別町字北里,347-5,,
01486-4503-3.zip,202602101146,天塩郡遠別町字北里,347-4,,
01486-4503-3.zip,202602101146,天塩郡遠別町字北里,347-3,,
01486-4503-3.zip,202602101146,天塩郡遠別町字北里,349,,
01486-4503-3.zip,202602101146,天塩郡遠別町字北里,368-2,,
01486-4503-3.zip,202602101146,天塩郡遠別町字北里,891,,
01486-4503-3.zip,202602101146,天塩郡遠別町字北里,370-2,,
01486-4503-3.zip,202602101146,天塩郡遠別町字北里,376-2,,
01486-4503-3.zip,202602101146,天塩郡遠別町字北里,376-1,,
01486-4503-3.zip,202602101146,天塩郡遠別町字北里,375-2,,
01486-4503-3.zip,202602101146,天塩郡遠別町字北里,374-1,,
01486-4503-3.zip,202602101146,天塩郡遠別町字北里,376-3,,
01486-4503-3.zip,202602101146,天塩郡遠別町字北里,368-1,,
01486-4503-3.zip,202602101146,天塩郡遠別町字北里,道-2,,
01486-4503-3.zip,202602101146,天塩郡遠別町字北里,890,,
01486-4503-3.zip,202602101146,天塩郡遠別町字北里,346-2,,
01486-4503-3.zip,202602101146,天塩郡遠別町字北里,355-1,,
01486-4503-3.zip,202602101146,天塩郡遠別町字北里,355-2,,
01486-4503-3.zip,202602101146,天塩郡遠別町字北里,355-3,,
01486-4503-3.zip,202602101146,天塩郡遠別町字北里,352-1,,
01486-4503-3.zip,202602101146,天塩郡遠別町字北里,350,,
01486-4503-3.zip,202602101146,天塩郡遠別町字北里,351,,
01486-4503-3.zip,202602101146,天塩郡遠別町字北里,352-2,,
01486-4503-3.zip,202602101146,天塩郡遠別町字北里,366,,
01486-4503-3.zip,202602101146,天塩郡遠別町字北里,371,,
01486-4503-3.zip,202602101146,天塩郡遠別町字北里,375-1,,
01486-4503-3.zip,202602101146,天塩郡遠別町字北里,339,,
01486-4503-3.zip,202602101146,天塩郡遠別町字北里,368-3,,
01486-4503-3.zip,202602101146,天塩郡遠別町字北里,道-3,,
01486-4503-3.zip,202602101146,天塩郡遠別町字北里,道-4,,
01486-4503-3.zip,202602101146,天塩郡遠別町字北里,346-1,,
01486-4503-3.zip,202602101146,天塩郡遠別町字北里,344-1,,
01486-4503-3.zip,202602101146,天塩郡遠別町字北里,344-2,,
01486-4503-3.zip,202602101146,天塩郡遠別町字北里,346-3,,
01486-4503-3.zip,202602101146,天塩郡遠別町字北里,345-2,,
01486-4503-3.zip,202602101146,天塩郡遠別町字北里,341-1,,
01486-4503-3.zip,202602101146,天塩郡遠別町字北里,343-5,,
01486-4503-3.zip,202602101146,天塩郡遠別町字北里,345-1,,
01486-4503-3.zip,202602101146,天塩郡遠別町,地区外-205447,,
01486-4503-3.zip,202602101146,天塩郡遠別町字北里,280-1,,
01486-4503-3.zip,202602101146,天塩郡遠別町字北里,880,,
01486-4503-3.zip,202602101146,天塩郡遠別町字北里,303,,
01486-4503-3.zip,202602101146,天塩郡遠別町字北里,315,,
01486-4503-3.zip,202602101146,天塩郡遠別町字北里,314-2,,
01486-4503-3.zip,202602101146,天塩郡遠別町字北里,314-1,,
01486-4503-3.zip,202602101146,天塩郡遠別町字北里,340,,
01486-4503-3.zip,202602101146,天塩郡遠別町字北里,312,,
01486-4503-3.zip,202602101146,天塩郡遠別町字北里,313,,
01486-4503-3.zip,202602101146,天塩郡遠別町字北里,881,,
01486-4503-3.zip,202602101146,天塩郡遠別町字北里,298-1,,
01486-4503-3.zip,202602101146,天塩郡遠別町字北里,878,,
01486-4503-3.zip,202602101146,天塩郡遠別町字北里,283-1,,
01486-4503-3.zip,202602101146,天塩郡遠別町字北里,道-5,,
01486-4503-3.zip,202602101146,天塩郡遠別町字北里,302,,
01486-4503-3.zip,202602101146,天塩郡遠別町字北里,301-1,,
01486-4503-3.zip,202602101146,天塩郡遠別町字北里,879,,
01486-4503-3.zip,202602101146,天塩郡遠別町字北里,282-1,,
01486-4503-3.zip,202602101146,天塩郡遠別町字北里,300,,
01486-4503-3.zip,202602101146,天塩郡遠別町字北里,道-6,,
01486-4503-3.zip,202602101146,天塩郡遠別町字北里,道-7,,
01486-4503-3.zip,202602101146,天塩郡遠別町字北里,281-1,,
01486-4503-3.zip,202602101146,天塩郡遠別町字北里,281-2,,
01486-4503-3.zip,202602101146,天塩郡遠別町字北里,283-3,,
01486-4503-3.zip,202602101146,天塩郡遠別町字北里,299,,
01486-4503-3.zip,202602101146,天塩郡遠別町字北里,298-2,,
01486-4503-3.zip,202602101146,天塩郡遠別町字北里,297-3,,
01486-4503-3.zip,202602101146,天塩郡遠別町字北里,882,,
01486-4503-3.zip,202602101146,天塩郡遠別町字北里,304-1,,
01486-4503-3.zip,202602101146,天塩郡遠別町字北里,306,,
01486-4503-3.zip,202602101146,天塩郡遠別町字北里,307,,
01486-4503-3.zip,202602101146,天塩郡遠別町字北里,887,,
01486-4503-3.zip,202602101146,天塩郡遠別町字北里,347-2,,
01486-4503-3.zip,202602101146,天塩郡遠別町字北里,885,,
01486-4503-3.zip,202602101146,天塩郡遠別町字北里,871,,
01486-4503-3.zip,202602101146,天塩郡遠別町,地区外-205483,,
01486-4503-3.zip,202602101146,天塩郡遠別町字北里,343-3,,
01486-4503-3.zip,202602101146,天塩郡遠別町字北里,342-2,,
01486-4503-3.zip,202602101146,天塩郡遠別町字北里,347-1,,
01486-4503-3.zip,202602101146,天塩郡遠別町字北里,343-2,,
01486-4503-3.zip,202602101146,天塩郡遠別町字北里,342-1,,
01486-4503-3.zip,202602101146,天塩郡遠別町字北里,343-1,,
01486-4503-3.zip,202602101146,天塩郡遠別町字北里,297-4,,
01486-4503-3.zip,202602101146,天塩郡遠別町字北里,297-1,,
01486-4503-3.zip,202602101146,天塩郡遠別町字北里,884,,
01486-4503-3.zip,202602101146,天塩郡遠別町字北里,道-8,,
01486-4503-3.zip,202602101146,天塩郡遠別町字北里,304-2,,
01486-4503-3.zip,202602101146,天塩郡遠別町字北里,886,,
01486-4503-3.zip,202602101146,天塩郡遠別町字北里,304-8,,
01486-4503-3.zip,202602101146,天塩郡遠別町字北里,311,,
01486-4503-3.zip,202602101146,天塩郡遠別町字北里,310-1,,
01486-4503-3.zip,202602101146,天塩郡遠別町字北里,304-7,,
01486-4503-3.zip,202602101146,天塩郡遠別町字北里,310-2,,
01486-4503-3.zip,202602101146,天塩郡遠別町字北里,水-3,,
01486-4503-3.zip,202602101146,天塩郡遠別町字北里,道-9,,
01486-4503-3.zip,202602101146,天塩郡遠別町字北里,水-4,,
01486-4503-3.zip,202602101146,天塩郡遠別町字北里,297-6,,
01486-4503-3.zip,202602101146,天塩郡遠別町字北里,305,,
01486-4503-3.zip,202602101146,天塩郡遠別町字北里,308,,
01486-4503-3.zip,202602101146,天塩郡遠別町字北里,883,,
01486-4503-3.zip,202602101146,天塩郡遠別町,地区外-205508,,
01486-4503-3.zip,202602101146,天塩郡遠別町字北里,278-9,,
01486-4503-3.zip,202602101146,天塩郡遠別町字北里,道-10,,
01486-4503-3.zip,202602101146,天塩郡遠別町字北里,278-8,,
01486-4503-3.zip,202602101146,天塩郡遠別町字北里,278-1,,
01486-4503-3.zip,202602101146,天塩郡遠別町字北里,278-14,,
01486-4503-3.zip,202602101146,天塩郡遠別町字北里,278-15,,
01486-4503-3.zip,202602101146,天塩郡遠別町字北里,278-3,,
01486-4503-3.zip,202602101146,天塩郡遠別町字北里,278-6,,
01486-4503-3.zip,202602101146,天塩郡遠別町字北里,278-10,,
01486-4503-3.zip,202602101146,天塩郡遠別町,地区外-205518,,
01486-4503-3.zip,202602101146,天塩郡遠別町字北里,353-2,,
01486-4503-3.zip,202602101146,天塩郡遠別町字北里,353-3,,
01486-4503-3.zip,202602101146,天塩郡遠別町字北里,353-1,,
01486-4503-3.zip,202602101146,天塩郡遠別町字北里,354,,
01486-4503-3.zip,202602101146,天塩郡遠別町字北里,845,,
01486-4503-3.zip,202602101146,天塩郡遠別町,地区外-205524,,
01486-4503-3.zip,202602101146,天塩郡遠別町字北里,851,,
01486-4503-3.zip,202602101146,天塩郡遠別町字北里,295-2,,
01486-4503-3.zip,202602101146,天塩郡遠別町字北里,295-1,,
01486-4503-3.zip,202602101146,天塩郡遠別町字北里,852,,
01486-4503-3.zip,202602101146,天塩郡遠別町字北里,292,,
01486-4503-3.zip,202602101146,天塩郡遠別町字北里,291,,
01486-4503-3.zip,202602101146,天塩郡遠別町字北里,289-2,,
01486-4503-3.zip,202602101146,天塩郡遠別町字北里,290,,
01486-4503-3.zip,202602101146,天塩郡遠別町字北里,289-1,,
01486-4503-3.zip,202602101146,天塩郡遠別町字北里,283-6,,
01486-4503-3.zip,202602101146,天塩郡遠別町字北里,水-5,,
01486-4503-3.zip,202602101146,天塩郡遠別町字北里,296-1,,
01486-4503-3.zip,202602101146,天塩郡遠別町字北里,296-2,,
01486-4503-3.zip,202602101146,天塩郡遠別町字北里,840,,
01486-4503-3.zip,202602101146,天塩郡遠別町,地区外-205539,,
01486-4503-3.zip,202602101146,天塩郡遠別町字北里,842,,
01486-4503-3.zip,202602101146,天塩郡遠別町字北里,278-13,,
01486-4503-3.zip,202602101146,天塩郡遠別町字北里,278-12,,
01486-4503-3.zip,202602101146,天塩郡遠別町字北里,278-11,,
01486-4503-3.zip,202602101146,天塩郡遠別町字北里,278-4,,
01486-4503-3.zip,202602101146,天塩郡遠別町字北里,841,,
01486-4503-3.zip,202602101146,天塩郡遠別町字北里,285-3,,
01486-4503-3.zip,202602101146,天塩郡遠別町字北里,288-1,,
01486-4503-3.zip,202602101146,天塩郡遠別町字北里,844,,
01486-4503-3.zip,202602101146,天塩郡遠別町字北里,287-1,,
01486-4503-3.zip,202602101146,天塩郡遠別町字北里,843,,
01486-4503-3.zip,202602101146,天塩郡遠別町字北里,287-4,,
01486-4503-3.zip,202602101146,天塩郡遠別町字北里,284-5,,
01486-4503-3.zip,202602101146,天塩郡遠別町字北里,284-1,,
01486-4503-3.zip,202602101146,天塩郡遠別町字北里,道-11,,
01486-4503-3.zip,202602101146,天塩郡遠別町字北里,283-2,,
01486-4503-3.zip,202602101146,天塩郡遠別町字北里,285-2,,
01486-4503-3.zip,202602101146,天塩郡遠別町字北里,286-1,,
01486-4503-3.zip,202602101146,天塩郡遠別町字北里,283-8,,
01486-4503-3.zip,202602101146,天塩郡遠別町字北里,284-6,,
01486-4503-3.zip,202602101146,天塩郡遠別町字北里,280-3,,
01486-4503-3.zip,202602101146,天塩郡遠別町字北里,道-1,,
01486-4503-3.zip,202602101146,天塩郡遠別町字北里,水-2,,
01486-4503-4.zip,202602101146,天塩郡遠別町字丸松,986-1,,
01486-4503-4.zip,202602101146,天塩郡遠別町字丸松,987-1,,
01486-4503-4.zip,202602101146,天塩郡遠別町字丸松,987-4,,
01486-4503-4.zip,202602101146,天塩郡遠別町字丸松,986-5,,
01486-4503-4.zip,202602101146,天塩郡遠別町字丸松,43-7,,
01486-4503-4.zip,202602101146,天塩郡遠別町字丸松,986-6,,
01486-4503-4.zip,202602101146,天塩郡遠別町字丸松,9-5,,
01486-4503-4.zip,202602101146,天塩郡遠別町字丸松,133-2,,
01486-4503-4.zip,202602101146,天塩郡遠別町字丸松,183-6,,
01486-4503-4.zip,202602101146,天塩郡遠別町字丸松,133-3,,
01486-4503-4.zip,202602101146,天塩郡遠別町字丸松,993-1,,
01486-4503-4.zip,202602101146,天塩郡遠別町字丸松,水-1,,
01486-4503-4.zip,202602101146,天塩郡遠別町字丸松,1025,,
01486-4503-4.zip,202602101146,天塩郡遠別町字丸松,水-2,,
01486-4503-4.zip,202602101146,天塩郡遠別町,地区外-206068,,
01486-4503-4.zip,202602101146,天塩郡遠別町字丸松,176-3,,
01486-4503-4.zip,202602101146,天塩郡遠別町字丸松,1085,,
01486-4503-4.zip,202602101146,天塩郡遠別町字丸松,183-3,,
01486-4503-4.zip,202602101146,天塩郡遠別町字丸松,183-5,,
01486-4503-4.zip,202602101146,天塩郡遠別町字丸松,183-8,,
01486-4503-4.zip,202602101146,天塩郡遠別町字丸松,183-1,,
01486-4503-4.zip,202602101146,天塩郡遠別町字丸松,183-11,,
01486-4503-4.zip,202602101146,天塩郡遠別町字丸松,176-7,,
01486-4503-4.zip,202602101146,天塩郡遠別町字丸松,176-11,,
01486-4503-4.zip,202602101146,天塩郡遠別町字丸松,176-1,,
01486-4503-4.zip,202602101146,天塩郡遠別町字丸松,1082,,
01486-4503-4.zip,202602101146,天塩郡遠別町字丸松,1083,,
01486-4503-4.zip,202602101146,天塩郡遠別町,地区外-206081,,
01486-4503-4.zip,202602101146,天塩郡遠別町字丸松,1086,,
01486-4503-4.zip,202602101146,天塩郡遠別町字丸松,183-10,,
01486-4503-4.zip,202602101146,天塩郡遠別町字丸松,176-13,,
01486-4503-4.zip,202602101146,天塩郡遠別町字丸松,183-4,,
01486-4503-4.zip,202602101146,天塩郡遠別町字丸松,1081,,
01486-4503-4.zip,202602101146,天塩郡遠別町字丸松,220-2,,
01486-4503-4.zip,202602101146,天塩郡遠別町字丸松,220-1,,
01486-4503-4.zip,202602101146,天塩郡遠別町字丸松,176-6,,
01486-4503-4.zip,202602101146,天塩郡遠別町字丸松,176-10,,
01486-4503-4.zip,202602101146,天塩郡遠別町字丸松,161-1,,
01486-4503-4.zip,202602101146,天塩郡遠別町字丸松,160-6,,
01486-4503-4.zip,202602101146,天塩郡遠別町字丸松,1074,,
01486-4503-4.zip,202602101146,天塩郡遠別町字丸松,228,,
01486-4503-4.zip,202602101146,天塩郡遠別町字丸松,長狭物不明-2,,
01486-4503-4.zip,202602101146,天塩郡遠別町字丸松,229-1,,
01486-4503-4.zip,202602101146,天塩郡遠別町字丸松,952,,
01486-4503-4.zip,202602101146,天塩郡遠別町字丸松,258-1,,
01486-4503-4.zip,202602101146,天塩郡遠別町字丸松,260-1,,
01486-4503-4.zip,202602101146,天塩郡遠別町字丸松,1100,,
01486-4503-4.zip,202602101146,天塩郡遠別町字丸松,261,,
01486-4503-4.zip,202602101146,天塩郡遠別町字丸松,249-2,,
01486-4503-4.zip,202602101146,天塩郡遠別町字丸松,255-3,,
01486-4503-4.zip,202602101146,天塩郡遠別町字丸松,248-2,,
01486-4503-4.zip,202602101146,天塩郡遠別町字丸松,255-2,,
01486-4503-4.zip,202602101146,天塩郡遠別町字丸松,水-4,,
01486-4503-4.zip,202602101146,天塩郡遠別町字丸松,257,,
01486-4503-4.zip,202602101146,天塩郡遠別町字丸松,道-1,,
01486-4503-4.zip,202602101146,天塩郡遠別町字丸松,225-1,,
01486-4503-4.zip,202602101146,天塩郡遠別町字丸松,水-5,,
01486-4503-4.zip,202602101146,天塩郡遠別町字丸松,道-2,,
01486-4503-4.zip,202602101146,天塩郡遠別町字丸松,236-1,,
01486-4503-4.zip,202602101146,天塩郡遠別町字丸松,1073,,
01486-4503-4.zip,202602101146,天塩郡遠別町字丸松,158-1,,
01486-4503-4.zip,202602101146,天塩郡遠別町字丸松,157,,
01486-4503-4.zip,202602101146,天塩郡遠別町字丸松,1072,,
01486-4503-4.zip,202602101146,天塩郡遠別町字丸松,233,,
01486-4503-4.zip,202602101146,天塩郡遠別町字丸松,149,,
01486-4503-4.zip,202602101146,天塩郡遠別町字丸松,235-1,,
01486-4503-4.zip,202602101146,天塩郡遠別町字丸松,235-4,,
01486-4503-4.zip,202602101146,天塩郡遠別町字丸松,226-1,,
01486-4503-4.zip,202602101146,天塩郡遠別町字丸松,234-1,,
01486-4503-4.zip,202602101146,天塩郡遠別町字丸松,長狭物不明-3,,
01486-4503-4.zip,202602101146,天塩郡遠別町字丸松,231-1,,
01486-4503-4.zip,202602101146,天塩郡遠別町字丸松,241-1,,
01486-4503-4.zip,202602101146,天塩郡遠別町字丸松,240-1,,
01486-4503-4.zip,202602101146,天塩郡遠別町,地区外-206128,,
01486-4503-4.zip,202602101146,天塩郡遠別町字丸松,960,,
01486-4503-4.zip,202602101146,天塩郡遠別町字丸松,230-1,,
01486-4503-4.zip,202602101146,天塩郡遠別町字丸松,254-1,,
01486-4503-4.zip,202602101146,天塩郡遠別町字丸松,253-3,,
01486-4503-4.zip,202602101146,天塩郡遠別町字丸松,253-1,,
01486-4503-4.zip,202602101146,天塩郡遠別町字丸松,234-3,,
01486-4503-4.zip,202602101146,天塩郡遠別町字丸松,234-4,,
01486-4503-4.zip,202602101146,天塩郡遠別町字丸松,235-2,,
01486-4503-4.zip,202602101146,天塩郡遠別町字丸松,160-2,,
01486-4503-4.zip,202602101146,天塩郡遠別町字丸松,160-1,,
01486-4503-4.zip,202602101146,天塩郡遠別町字丸松,161-3,,
01486-4503-4.zip,202602101146,天塩郡遠別町字丸松,255-1,,
01486-4503-4.zip,202602101146,天塩郡遠別町字丸松,229-2,,
01486-4503-4.zip,202602101146,天塩郡遠別町字丸松,258-2,,
01486-4503-4.zip,202602101146,天塩郡遠別町字丸松,256,,
01486-4503-4.zip,202602101146,天塩郡遠別町字丸松,249-3,,
01486-4503-4.zip,202602101146,天塩郡遠別町字丸松,260-3,,
01486-4503-4.zip,202602101146,天塩郡遠別町字丸松,260-2,,
01486-4503-4.zip,202602101146,天塩郡遠別町字丸松,1084,,
01486-4503-4.zip,202602101146,天塩郡遠別町字丸松,長狭物不明-4,,
01486-4503-4.zip,202602101146,天塩郡遠別町字丸松,102-4,,
01486-4503-4.zip,202602101146,天塩郡遠別町字丸松,107-2,,
01486-4503-4.zip,202602101146,天塩郡遠別町字丸松,1026,,
01486-4503-4.zip,202602101146,天塩郡遠別町字丸松,115-4,,
01486-4503-4.zip,202602101146,天塩郡遠別町字丸松,64-4,,
01486-4503-4.zip,202602101146,天塩郡遠別町字丸松,64-1,,
01486-4503-4.zip,202602101146,天塩郡遠別町字丸松,67-3,,
01486-4503-4.zip,202602101146,天塩郡遠別町字丸松,67-1,,
01486-4503-4.zip,202602101146,天塩郡遠別町字丸松,652-1,,
01486-4503-4.zip,202602101146,天塩郡遠別町字丸松,68-1,,
01486-4503-4.zip,202602101146,天塩郡遠別町字丸松,道-4,,
01486-4503-4.zip,202602101146,天塩郡遠別町字丸松,652-2,,
01486-4503-4.zip,202602101146,天塩郡遠別町字丸松,115-3,,
01486-4503-4.zip,202602101146,天塩郡遠別町字丸松,115-1,,
01486-4503-4.zip,202602101146,天塩郡遠別町字丸松,水-6,,
01486-4503-4.zip,202602101146,天塩郡遠別町字丸松,113,,
01486-4503-4.zip,202602101146,天塩郡遠別町字丸松,111-1,,
01486-4503-4.zip,202602101146,天塩郡遠別町字丸松,112,,
01486-4503-4.zip,202602101146,天塩郡遠別町字丸松,1031,,
01486-4503-4.zip,202602101146,天塩郡遠別町字丸松,1030,,
01486-4503-4.zip,202602101146,天塩郡遠別町字丸松,172,,
01486-4503-4.zip,202602101146,天塩郡遠別町字丸松,179-3,,
01486-4503-4.zip,202602101146,天塩郡遠別町字丸松,1080,,
01486-4503-4.zip,202602101146,天塩郡遠別町字丸松,179-4,,
01486-4503-4.zip,202602101146,天塩郡遠別町字丸松,173-1,,
01486-4503-4.zip,202602101146,天塩郡遠別町,地区外-206175,,
01486-4503-4.zip,202602101146,天塩郡遠別町字丸松,171-2,,
01486-4503-4.zip,202602101146,天塩郡遠別町字丸松,179-1,,
01486-4503-4.zip,202602101146,天塩郡遠別町字丸松,179-2,,
01486-4503-4.zip,202602101146,天塩郡遠別町,地区外-206179,,
01486-4503-4.zip,202602101146,天塩郡遠別町字丸松,1029,,
01486-4503-4.zip,202602101146,天塩郡遠別町字丸松,111-2,,
01486-4503-4.zip,202602101146,天塩郡遠別町字丸松,1028,,
01486-4503-4.zip,202602101146,天塩郡遠別町字丸松,111-3,,
01486-4503-4.zip,202602101146,天塩郡遠別町字丸松,1027,,
01486-4503-4.zip,202602101146,天塩郡遠別町字丸松,107-1,,
01486-4503-4.zip,202602101146,天塩郡遠別町字丸松,103-2,,
01486-4503-4.zip,202602101146,天塩郡遠別町字丸松,108-1,,
01486-4503-4.zip,202602101146,天塩郡遠別町字丸松,108-3,,
01486-4503-4.zip,202602101146,天塩郡遠別町字丸松,108-2,,
01486-4503-4.zip,202602101146,天塩郡遠別町字丸松,103-1,,
01486-4503-4.zip,202602101146,天塩郡遠別町字丸松,109,,
01486-4503-4.zip,202602101146,天塩郡遠別町字丸松,110,,
01486-4503-4.zip,202602101146,天塩郡遠別町字丸松,道-5,,
01486-4503-4.zip,202602101146,天塩郡遠別町字丸松,120-1,,
01486-4503-4.zip,202602101146,天塩郡遠別町字丸松,120-3,,
01486-4503-4.zip,202602101146,天塩郡遠別町字丸松,119-1,,
01486-4503-4.zip,202602101146,天塩郡遠別町字丸松,水-7,,
01486-4503-4.zip,202602101146,天塩郡遠別町字丸松,116,,
01486-4503-4.zip,202602101146,天塩郡遠別町字丸松,1032,,
01486-4503-4.zip,202602101146,天塩郡遠別町字丸松,168-1,,
01486-4503-4.zip,202602101146,天塩郡遠別町字丸松,166,,
01486-4503-4.zip,202602101146,天塩郡遠別町字丸松,163,,
01486-4503-4.zip,202602101146,天塩郡遠別町字丸松,162-1,,
01486-4503-4.zip,202602101146,天塩郡遠別町字丸松,167-3,,
01486-4503-4.zip,202602101146,天塩郡遠別町字丸松,1033,,
01486-4503-4.zip,202602101146,天塩郡遠別町字丸松,118-1,,
01486-4503-4.zip,202602101146,天塩郡遠別町字丸松,118-3,,
01486-4503-4.zip,202602101146,天塩郡遠別町字丸松,118-4,,
01486-4503-4.zip,202602101146,天塩郡遠別町字丸松,121-1,,
01486-4503-4.zip,202602101146,天塩郡遠別町字丸松,61-1,,
01486-4503-4.zip,202602101146,天塩郡遠別町字丸松,61-6,,
01486-4503-4.zip,202602101146,天塩郡遠別町字丸松,121-2,,
01486-4503-4.zip,202602101146,天塩郡遠別町字丸松,167-1,,
01486-4503-4.zip,202602101146,天塩郡遠別町字丸松,1034,,
01486-4503-4.zip,202602101146,天塩郡遠別町字丸松,168-5,,
01486-4503-4.zip,202602101146,天塩郡遠別町字丸松,168-4,,
01486-4503-4.zip,202602101146,天塩郡遠別町字丸松,168-3,,
01486-4503-4.zip,202602101146,天塩郡遠別町字丸松,170-1,,
01486-4503-4.zip,202602101146,天塩郡遠別町字丸松,170-2,,
01486-4503-4.zip,202602101146,天塩郡遠別町字丸松,170-7,,
01486-4503-4.zip,202602101146,天塩郡遠別町字丸松,170-5,,
01486-4503-4.zip,202602101146,天塩郡遠別町字丸松,170-4,,
01486-4503-4.zip,202602101146,天塩郡遠別町字丸松,1076,,
01486-4503-4.zip,202602101146,天塩郡遠別町字丸松,1078,,
01486-4503-4.zip,202602101146,天塩郡遠別町字丸松,176-4,,
01486-4503-4.zip,202602101146,天塩郡遠別町字丸松,170-6,,
01486-4503-4.zip,202602101146,天塩郡遠別町字丸松,170-3,,
01486-4503-4.zip,202602101146,天塩郡遠別町字丸松,1075,,
01486-4503-4.zip,202602101146,天塩郡遠別町字丸松,171-10,,
01486-4503-4.zip,202602101146,天塩郡遠別町字丸松,171-6,,
01486-4503-4.zip,202602101146,天塩郡遠別町字丸松,1077,,
01486-4503-4.zip,202602101146,天塩郡遠別町字丸松,171-5,,
01486-4503-4.zip,202602101146,天塩郡遠別町字丸松,173-2,,
01486-4503-4.zip,202602101146,天塩郡遠別町字丸松,178-1,,
01486-4503-4.zip,202602101146,天塩郡遠別町字丸松,171-4,,
01486-4503-4.zip,202602101146,天塩郡遠別町字丸松,171-9,,
01486-4503-4.zip,202602101146,天塩郡遠別町字丸松,171-3,,
01486-4503-4.zip,202602101146,天塩郡遠別町字丸松,171-8,,
01486-4503-4.zip,202602101146,天塩郡遠別町字丸松,171-7,,
01486-4503-4.zip,202602101146,天塩郡遠別町字丸松,176-12,,
01486-4503-4.zip,202602101146,天塩郡遠別町字丸松,176-9,,
01486-4503-4.zip,202602101146,天塩郡遠別町字丸松,176-2,,
01486-4503-4.zip,202602101146,天塩郡遠別町字丸松,173-5,,
01486-4503-4.zip,202602101146,天塩郡遠別町字丸松,171-1,,
01486-4503-4.zip,202602101146,天塩郡遠別町字丸松,173-4,,
01486-4503-4.zip,202602101146,天塩郡遠別町字丸松,176-16,,
01486-4503-4.zip,202602101146,天塩郡遠別町字丸松,176-8,,
01486-4503-4.zip,202602101146,天塩郡遠別町字丸松,176-14,,
01486-4503-4.zip,202602101146,天塩郡遠別町字丸松,176-5,,
01486-4503-4.zip,202602101146,天塩郡遠別町字丸松,156-3,,
01486-4503-4.zip,202602101146,天塩郡遠別町字丸松,155-1,,
01486-4503-4.zip,202602101146,天塩郡遠別町字丸松,水-8,,
01486-4503-4.zip,202602101146,天塩郡遠別町字丸松,156-1,,
01486-4503-4.zip,202602101146,天塩郡遠別町字丸松,156-2,,
01486-4503-4.zip,202602101146,天塩郡遠別町字丸松,173-3,,
01486-4503-4.zip,202602101146,天塩郡遠別町字丸松,1079,,
01486-4503-4.zip,202602101146,天塩郡遠別町字丸松,176-15,,
01486-4503-4.zip,202602101146,天塩郡遠別町字丸松,178-4,,
01486-4503-4.zip,202602101146,天塩郡遠別町字丸松,178-2,,
01486-4503-4.zip,202602101146,天塩郡遠別町字丸松,178-5,,
01486-4503-4.zip,202602101146,天塩郡遠別町字丸松,178-3,,
01486-4503-4.zip,202602101146,天塩郡遠別町字丸松,1090,,
01486-4503-4.zip,202602101146,天塩郡遠別町,地区外-206264,,
01486-4503-4.zip,202602101146,天塩郡遠別町字丸松,212-8,,
01486-4503-4.zip,202602101146,天塩郡遠別町字丸松,1088,,
01486-4503-4.zip,202602101146,天塩郡遠別町字丸松,212-1,,
01486-4503-4.zip,202602101146,天塩郡遠別町字丸松,1093,,
01486-4503-4.zip,202602101146,天塩郡遠別町字丸松,210,,
01486-4503-4.zip,202602101146,天塩郡遠別町字丸松,212-2,,
01486-4503-4.zip,202602101146,天塩郡遠別町字丸松,205-2,,
01486-4503-4.zip,202602101146,天塩郡遠別町字丸松,205-1,,
01486-4503-4.zip,202602101146,天塩郡遠別町字丸松,水-9,,
01486-4503-4.zip,202602101146,天塩郡遠別町字丸松,203-2,,
01486-4503-4.zip,202602101146,天塩郡遠別町字丸松,204-2,,
01486-4503-4.zip,202602101146,天塩郡遠別町字丸松,203-1,,
01486-4503-4.zip,202602101146,天塩郡遠別町字丸松,200-2,,
01486-4503-4.zip,202602101146,天塩郡遠別町字丸松,202,,
01486-4503-4.zip,202602101146,天塩郡遠別町字丸松,208,,
01486-4503-4.zip,202602101146,天塩郡遠別町字丸松,200-4,,
01486-4503-4.zip,202602101146,天塩郡遠別町字丸松,200-1,,
01486-4503-4.zip,202602101146,天塩郡遠別町字丸松,1096,,
01486-4503-4.zip,202602101146,天塩郡遠別町字丸松,200-3,,
01486-4503-4.zip,202602101146,天塩郡遠別町字丸松,200-8,,
01486-4503-4.zip,202602101146,天塩郡遠別町字丸松,200-6,,
01486-4503-4.zip,202602101146,天塩郡遠別町字丸松,200-10,,
01486-4503-4.zip,202602101146,天塩郡遠別町字丸松,200-9,,
01486-4503-4.zip,202602101146,天塩郡遠別町字丸松,200-11,,
01486-4503-4.zip,202602101146,天塩郡遠別町字丸松,200-5,,
01486-4503-4.zip,202602101146,天塩郡遠別町字丸松,1091,,
01486-4503-4.zip,202602101146,天塩郡遠別町字丸松,209-9,,
01486-4503-4.zip,202602101146,天塩郡遠別町字丸松,1092,,
01486-4503-4.zip,202602101146,天塩郡遠別町字丸松,209-1,,
01486-4503-4.zip,202602101146,天塩郡遠別町字丸松,1094,,
01486-4503-4.zip,202602101146,天塩郡遠別町字丸松,209-4,,
01486-4503-4.zip,202602101146,天塩郡遠別町字丸松,209-3,,
01486-4503-4.zip,202602101146,天塩郡遠別町字丸松,1095,,
01486-4503-4.zip,202602101146,天塩郡遠別町,地区外-206298,,
01486-4503-4.zip,202602101146,天塩郡遠別町字丸松,211-3,,
01486-4503-4.zip,202602101146,天塩郡遠別町字丸松,211-1,,
01486-4503-4.zip,202602101146,天塩郡遠別町字丸松,211-2,,
01486-4503-4.zip,202602101146,天塩郡遠別町字丸松,211-5,,
01486-4503-4.zip,202602101146,天塩郡遠別町字丸松,209-6,,
01486-4503-4.zip,202602101146,天塩郡遠別町字丸松,211-4,,
01486-4503-4.zip,202602101146,天塩郡遠別町字丸松,209-7,,
01486-4503-4.zip,202602101146,天塩郡遠別町字丸松,201-2,,
01486-4503-4.zip,202602101146,天塩郡遠別町字丸松,201-3,,
01486-4503-4.zip,202602101146,天塩郡遠別町字丸松,201-1,,
01486-4503-4.zip,202602101146,天塩郡遠別町字丸松,209-2,,
01486-4503-4.zip,202602101146,天塩郡遠別町字丸松,209-10,,
01486-4503-4.zip,202602101146,天塩郡遠別町字丸松,209-8,,
01486-4503-4.zip,202602101146,天塩郡遠別町字丸松,209-5,,
01486-4503-4.zip,202602101146,天塩郡遠別町字丸松,212-4,,
01486-4503-4.zip,202602101146,天塩郡遠別町字丸松,212-3,,
01486-4503-4.zip,202602101146,天塩郡遠別町字丸松,214-3,,
01486-4503-4.zip,202602101146,天塩郡遠別町字丸松,214-2,,
01486-4503-4.zip,202602101146,天塩郡遠別町字丸松,183-2,,
01486-4503-4.zip,202602101146,天塩郡遠別町字丸松,1089,,
01486-4503-4.zip,202602101146,天塩郡遠別町字丸松,183-9,,
01486-4503-4.zip,202602101146,天塩郡遠別町字丸松,183-12,,
01486-4503-4.zip,202602101146,天塩郡遠別町字丸松,183-7,,
01486-4503-4.zip,202602101146,天塩郡遠別町字丸松,水-10,,
01486-4503-4.zip,202602101146,天塩郡遠別町字丸松,213-3,,
01486-4503-4.zip,202602101146,天塩郡遠別町字丸松,213-4,,
01486-4503-4.zip,202602101146,天塩郡遠別町字丸松,213-1,,
01486-4503-4.zip,202602101146,天塩郡遠別町字丸松,1087,,
01486-4503-4.zip,202602101146,天塩郡遠別町字丸松,213-2,,
01486-4503-4.zip,202602101146,天塩郡遠別町字丸松,212-7,,
01486-4503-4.zip,202602101146,天塩郡遠別町字丸松,212-6,,
01486-4503-4.zip,202602101146,天塩郡遠別町字丸松,212-5,,
01486-4503-4.zip,202602101146,天塩郡遠別町字丸松,92-8,,
01486-4503-4.zip,202602101146,天塩郡遠別町,地区外-206332,,
01486-4503-4.zip,202602101146,天塩郡遠別町字丸松,92-9,,
01486-4503-4.zip,202602101146,天塩郡遠別町字丸松,92-12,,
01486-4503-4.zip,202602101146,天塩郡遠別町字丸松,1013,,
01486-4503-4.zip,202602101146,天塩郡遠別町字丸松,1010,,
01486-4503-4.zip,202602101146,天塩郡遠別町字丸松,101-1,,
01486-4503-4.zip,202602101146,天塩郡遠別町字丸松,104-2,,
01486-4503-4.zip,202602101146,天塩郡遠別町字丸松,101-2,,
01486-4503-4.zip,202602101146,天塩郡遠別町字丸松,102-1,,
01486-4503-4.zip,202602101146,天塩郡遠別町字丸松,104-3,,
01486-4503-4.zip,202602101146,天塩郡遠別町字丸松,92-11,,
01486-4503-4.zip,202602101146,天塩郡遠別町字丸松,104-1,,
01486-4503-4.zip,202602101146,天塩郡遠別町字丸松,1276,,
01486-4503-4.zip,202602101146,天塩郡遠別町字丸松,92-13,,
01486-4503-4.zip,202602101146,天塩郡遠別町字丸松,1011,,
01486-4503-4.zip,202602101146,天塩郡遠別町字丸松,1012-1,,
01486-4503-4.zip,202602101146,天塩郡遠別町字丸松,1012-2,,
01486-4503-4.zip,202602101146,天塩郡遠別町字丸松,1020,,
01486-4503-4.zip,202602101146,天塩郡遠別町字丸松,1023,,
01486-4503-4.zip,202602101146,天塩郡遠別町字丸松,1018,,
01486-4503-4.zip,202602101146,天塩郡遠別町字丸松,579-4,,
01486-4503-4.zip,202602101146,天塩郡遠別町字丸松,579-3,,
01486-4503-4.zip,202602101146,天塩郡遠別町字丸松,579-1,,
01486-4503-4.zip,202602101146,天塩郡遠別町字丸松,水-11,,
01486-4503-4.zip,202602101146,天塩郡遠別町字丸松,1019,,
01486-4503-4.zip,202602101146,天塩郡遠別町字丸松,1016,,
01486-4503-4.zip,202602101146,天塩郡遠別町字丸松,574-1,,
01486-4503-4.zip,202602101146,天塩郡遠別町字丸松,長狭物不明-5,,
01486-4503-4.zip,202602101146,天塩郡遠別町字丸松,1262,,
01486-4503-4.zip,202602101146,天塩郡遠別町字丸松,水-12,,
01486-4503-4.zip,202602101146,天塩郡遠別町字丸松,572,,
01486-4503-4.zip,202602101146,天塩郡遠別町字丸松,653,,
01486-4503-4.zip,202602101146,天塩郡遠別町字丸松,長狭物不明-6,,
01486-4503-4.zip,202602101146,天塩郡遠別町字丸松,66-2,,
01486-4503-4.zip,202602101146,天塩郡遠別町字丸松,1017,,
01486-4503-4.zip,202602101146,天塩郡遠別町字丸松,580,,
01486-4503-4.zip,202602101146,天塩郡遠別町字丸松,1015,,
01486-4503-4.zip,202602101146,天塩郡遠別町字丸松,577-2,,
01486-4503-4.zip,202602101146,天塩郡遠別町字丸松,576-1,,
01486-4503-4.zip,202602101146,天塩郡遠別町字丸松,573-1,,
01486-4503-4.zip,202602101146,天塩郡遠別町字丸松,1024,,
01486-4503-4.zip,202602101146,天塩郡遠別町字丸松,66-1,,
01486-4503-4.zip,202602101146,天塩郡遠別町字丸松,65-1,,
01486-4503-4.zip,202602101146,天塩郡遠別町字丸松,21-1,,
01486-4503-4.zip,202602101146,天塩郡遠別町字丸松,21-3,,
01486-4503-4.zip,202602101146,天塩郡遠別町字丸松,20-1,,
01486-4503-4.zip,202602101146,天塩郡遠別町字丸松,19-1,,
01486-4503-4.zip,202602101146,天塩郡遠別町字丸松,19-3,,
01486-4503-4.zip,202602101146,天塩郡遠別町字丸松,1022,,
01486-4503-4.zip,202602101146,天塩郡遠別町字丸松,65-7,,
01486-4503-4.zip,202602101146,天塩郡遠別町字丸松,856-1,,
01486-4503-4.zip,202602101146,天塩郡遠別町字丸松,856-2,,
01486-4503-4.zip,202602101146,天塩郡遠別町字丸松,65-2,,
01486-4503-4.zip,202602101146,天塩郡遠別町字丸松,65-8,,
01486-4503-4.zip,202602101146,天塩郡遠別町字丸松,23,,
01486-4503-4.zip,202602101146,天塩郡遠別町字丸松,24-1,,
01486-4503-4.zip,202602101146,天塩郡遠別町字丸松,959,,
01486-4503-4.zip,202602101146,天塩郡遠別町字丸松,60-1,,
01486-4503-4.zip,202602101146,天塩郡遠別町字丸松,60-2,,
01486-4503-4.zip,202602101146,天塩郡遠別町字丸松,60-12,,
01486-4503-4.zip,202602101146,天塩郡遠別町字丸松,60-13,,
01486-4503-4.zip,202602101146,天塩郡遠別町字丸松,60-14,,
01486-4503-4.zip,202602101146,天塩郡遠別町字丸松,60-3,,
01486-4503-4.zip,202602101146,天塩郡遠別町字丸松,60-11,,
01486-4503-4.zip,202602101146,天塩郡遠別町字丸松,60-10,,
01486-4503-4.zip,202602101146,天塩郡遠別町字丸松,60-9,,
01486-4503-4.zip,202602101146,天塩郡遠別町字丸松,925-1,,
01486-4503-4.zip,202602101146,天塩郡遠別町,地区外-206403,,
01486-4503-4.zip,202602101146,天塩郡遠別町字丸松,923-1,,
01486-4503-4.zip,202602101146,天塩郡遠別町字丸松,924-1,,
01486-4503-4.zip,202602101146,天塩郡遠別町字丸松,924-3,,
01486-4503-4.zip,202602101146,天塩郡遠別町字丸松,道-6,,
01486-4503-4.zip,202602101146,天塩郡遠別町字丸松,589-1,,
01486-4503-4.zip,202602101146,天塩郡遠別町字丸松,道-7,,
01486-4503-4.zip,202602101146,天塩郡遠別町字丸松,595-2,,
01486-4503-4.zip,202602101146,天塩郡遠別町字丸松,587-8,,
01486-4503-4.zip,202602101146,天塩郡遠別町字丸松,595-1,,
01486-4503-4.zip,202602101146,天塩郡遠別町字丸松,587-1,,
01486-4503-4.zip,202602101146,天塩郡遠別町字丸松,923-2,,
01486-4503-4.zip,202602101146,天塩郡遠別町字丸松,水-13,,
01486-4503-4.zip,202602101146,天塩郡遠別町字丸松,915,,
01486-4503-4.zip,202602101146,天塩郡遠別町字丸松,588-1,,
01486-4503-4.zip,202602101146,天塩郡遠別町字丸松,914,,
01486-4503-4.zip,202602101146,天塩郡遠別町字丸松,1021,,
01486-4503-4.zip,202602101146,天塩郡遠別町字丸松,586-5,,
01486-4503-4.zip,202602101146,天塩郡遠別町字丸松,587-7,,
01486-4503-4.zip,202602101146,天塩郡遠別町字丸松,586-1,,
01486-4503-4.zip,202602101146,天塩郡遠別町字丸松,道-8,,
01486-4503-4.zip,202602101146,天塩郡遠別町字丸松,4-1,,
01486-4503-4.zip,202602101146,天塩郡遠別町字丸松,5-1,,
01486-4503-4.zip,202602101146,天塩郡遠別町字丸松,道-9,,
01486-4503-4.zip,202602101146,天塩郡遠別町字丸松,5-4,,
01486-4503-4.zip,202602101146,天塩郡遠別町字丸松,5-6,,
01486-4503-4.zip,202602101146,天塩郡遠別町字丸松,7-2,,
01486-4503-4.zip,202602101146,天塩郡遠別町字丸松,7-1,,
01486-4503-4.zip,202602101146,天塩郡遠別町字丸松,5-5,,
01486-4503-4.zip,202602101146,天塩郡遠別町字丸松,9-1,,
01486-4503-4.zip,202602101146,天塩郡遠別町字丸松,1266,,
01486-4503-4.zip,202602101146,天塩郡遠別町字丸松,996,,
01486-4503-4.zip,202602101146,天塩郡遠別町字丸松,1268,,
01486-4503-4.zip,202602101146,天塩郡遠別町字丸松,6-2,,
01486-4503-4.zip,202602101146,天塩郡遠別町字丸松,6-3,,
01486-4503-4.zip,202602101146,天塩郡遠別町字丸松,10-1,,
01486-4503-4.zip,202602101146,天塩郡遠別町字丸松,13-1,,
01486-4503-4.zip,202602101146,天塩郡遠別町字丸松,13-2,,
01486-4503-4.zip,202602101146,天塩郡遠別町字丸松,661,,
01486-4503-4.zip,202602101146,天塩郡遠別町字丸松,13-4,,
01486-4503-4.zip,202602101146,天塩郡遠別町字丸松,1005,,
01486-4503-4.zip,202602101146,天塩郡遠別町字丸松,1267,,
01486-4503-4.zip,202602101146,天塩郡遠別町字丸松,13-3,,
01486-4503-4.zip,202602101146,天塩郡遠別町字丸松,575-1,,
01486-4503-4.zip,202602101146,天塩郡遠別町字丸松,573-2,,
01486-4503-4.zip,202602101146,天塩郡遠別町字丸松,861,,
01486-4503-4.zip,202602101146,天塩郡遠別町字丸松,道-10,,
01486-4503-4.zip,202602101146,天塩郡遠別町字丸松,11-1,,
01486-4503-4.zip,202602101146,天塩郡遠別町字丸松,12-1,,
01486-4503-4.zip,202602101146,天塩郡遠別町字丸松,1004,,
01486-4503-4.zip,202602101146,天塩郡遠別町字丸松,578-2,,
01486-4503-4.zip,202602101146,天塩郡遠別町字丸松,1003,,
01486-4503-4.zip,202602101146,天塩郡遠別町字丸松,15-3,,
01486-4503-4.zip,202602101146,天塩郡遠別町字丸松,656,,
01486-4503-4.zip,202602101146,天塩郡遠別町字丸松,14,,
01486-4503-4.zip,202602101146,天塩郡遠別町字丸松,575-2,,
01486-4503-4.zip,202602101146,天塩郡遠別町字丸松,1014,,
01486-4503-4.zip,202602101146,天塩郡遠別町字丸松,651,,
01486-4503-4.zip,202602101146,天塩郡遠別町字丸松,571-2,,
01486-4503-4.zip,202602101146,天塩郡遠別町字丸松,70-3,,
01486-4503-4.zip,202602101146,天塩郡遠別町字丸松,70-1,,
01486-4503-4.zip,202602101146,天塩郡遠別町字丸松,571-1,,
01486-4503-4.zip,202602101146,天塩郡遠別町字丸松,654,,
01486-4503-4.zip,202602101146,天塩郡遠別町字丸松,84-3,,
01486-4503-4.zip,202602101146,天塩郡遠別町字丸松,999,,
01486-4503-4.zip,202602101146,天塩郡遠別町字丸松,15-1,,
01486-4503-4.zip,202602101146,天塩郡遠別町字丸松,9-3,,
01486-4503-4.zip,202602101146,天塩郡遠別町字丸松,9-4,,
01486-4503-4.zip,202602101146,天塩郡遠別町字丸松,9-2,,
01486-4503-4.zip,202602101146,天塩郡遠別町字丸松,15-4,,
01486-4503-4.zip,202602101146,天塩郡遠別町字丸松,74-1,,
01486-4503-4.zip,202602101146,天塩郡遠別町字丸松,74-4,,
01486-4503-4.zip,202602101146,天塩郡遠別町字丸松,74-3,,
01486-4503-4.zip,202602101146,天塩郡遠別町字丸松,74-5,,
01486-4503-4.zip,202602101146,天塩郡遠別町字丸松,72-1,,
01486-4503-4.zip,202602101146,天塩郡遠別町字丸松,1006,,
01486-4503-4.zip,202602101146,天塩郡遠別町字丸松,655,,
01486-4503-4.zip,202602101146,天塩郡遠別町字丸松,1007,,
01486-4503-4.zip,202602101146,天塩郡遠別町字丸松,75-3,,
01486-4503-4.zip,202602101146,天塩郡遠別町字丸松,70-2,,
01486-4503-4.zip,202602101146,天塩郡遠別町字丸松,69-4,,
01486-4503-4.zip,202602101146,天塩郡遠別町字丸松,78-6,,
01486-4503-4.zip,202602101146,天塩郡遠別町字丸松,78-7,,
01486-4503-4.zip,202602101146,天塩郡遠別町,地区外-206486,,
01486-4503-4.zip,202602101146,天塩郡遠別町字丸松,91-1,,
01486-4503-4.zip,202602101146,天塩郡遠別町字丸松,道-11,,
01486-4503-4.zip,202602101146,天塩郡遠別町字丸松,75-1,,
01486-4503-4.zip,202602101146,天塩郡遠別町字丸松,78-1,,
01486-4503-4.zip,202602101146,天塩郡遠別町字丸松,1277,,
01486-4503-4.zip,202602101146,天塩郡遠別町字丸松,69-1,,
01486-4503-4.zip,202602101146,天塩郡遠別町字丸松,68-4,,
01486-4503-4.zip,202602101146,天塩郡遠別町字丸松,1008,,
01486-4503-4.zip,202602101146,天塩郡遠別町字丸松,1009,,
01486-4503-4.zip,202602101146,天塩郡遠別町字丸松,72-2,,
01486-4503-4.zip,202602101146,天塩郡遠別町字丸松,73-1,,
01486-4503-4.zip,202602101146,天塩郡遠別町字丸松,74-2,,
01486-4503-4.zip,202602101146,天塩郡遠別町字丸松,73-2,,
01486-4503-4.zip,202602101146,天塩郡遠別町字丸松,74-8,,
01486-4503-4.zip,202602101146,天塩郡遠別町字丸松,80-4,,
01486-4503-4.zip,202602101146,天塩郡遠別町字丸松,82,,
01486-4503-4.zip,202602101146,天塩郡遠別町字丸松,84-1,,
01486-4503-4.zip,202602101146,天塩郡遠別町字丸松,7-3,,
01486-4503-4.zip,202602101146,天塩郡遠別町字丸松,84-2,,
01486-4503-4.zip,202602101146,天塩郡遠別町字丸松,86-1,,
01486-4503-4.zip,202602101146,天塩郡遠別町字丸松,水-14,,
01486-4503-4.zip,202602101146,天塩郡遠別町字丸松,8-1,,
01486-4503-4.zip,202602101146,天塩郡遠別町字丸松,86-6,,
01486-4503-4.zip,202602101146,天塩郡遠別町字丸松,86-7,,
01486-4503-4.zip,202602101146,天塩郡遠別町字丸松,80-5,,
01486-4503-4.zip,202602101146,天塩郡遠別町字丸松,80-1,,
01486-4503-4.zip,202602101146,天塩郡遠別町字丸松,79-1,,
01486-4503-4.zip,202602101146,天塩郡遠別町字丸松,80-3,,
01486-4503-4.zip,202602101146,天塩郡遠別町字丸松,74-7,,
01486-4503-4.zip,202602101146,天塩郡遠別町字丸松,74-6,,
01486-4503-4.zip,202602101146,天塩郡遠別町字丸松,74-9,,
01486-4503-4.zip,202602101146,天塩郡遠別町字丸松,74-10,,
01486-4503-4.zip,202602101146,天塩郡遠別町字丸松,75-2,,
01486-4503-4.zip,202602101146,天塩郡遠別町字丸松,657,,
01486-4503-4.zip,202602101146,天塩郡遠別町字丸松,1001,,
01486-4503-4.zip,202602101146,天塩郡遠別町字丸松,1002,,
01486-4503-4.zip,202602101146,天塩郡遠別町,地区外-206523,,
01486-4503-4.zip,202602101146,天塩郡遠別町字丸松,920,,
01486-4503-4.zip,202602101146,天塩郡遠別町字丸松,919,,
01486-4503-4.zip,202602101146,天塩郡遠別町字丸松,582-4,,
01486-4503-4.zip,202602101146,天塩郡遠別町字丸松,道-12,,
01486-4503-4.zip,202602101146,天塩郡遠別町字丸松,922-2,,
01486-4503-4.zip,202602101146,天塩郡遠別町字丸松,922-1,,
01486-4503-4.zip,202602101146,天塩郡遠別町字丸松,921-1,,
01486-4503-4.zip,202602101146,天塩郡遠別町字丸松,593-3,,
01486-4503-4.zip,202602101146,天塩郡遠別町字丸松,593-1,,
01486-4503-4.zip,202602101146,天塩郡遠別町字丸松,道-13,,
01486-4503-4.zip,202602101146,天塩郡遠別町字丸松,3-6,,
01486-4503-4.zip,202602101146,天塩郡遠別町字丸松,4-7,,
01486-4503-4.zip,202602101146,天塩郡遠別町字丸松,4-4,,
01486-4503-4.zip,202602101146,天塩郡遠別町字丸松,4-6,,
01486-4503-4.zip,202602101146,天塩郡遠別町字丸松,860-3,,
01486-4503-4.zip,202602101146,天塩郡遠別町字丸松,860-1,,
01486-4503-4.zip,202602101146,天塩郡遠別町字丸松,3-1,,
01486-4503-4.zip,202602101146,天塩郡遠別町字丸松,860-2,,
01486-4503-4.zip,202602101146,天塩郡遠別町字丸松,582-1,,
01486-4503-4.zip,202602101146,天塩郡遠別町字丸松,583-1,,
01486-4503-4.zip,202602101146,天塩郡遠別町字丸松,水-15,,
01486-4503-4.zip,202602101146,天塩郡遠別町字丸松,938,,
01486-4503-4.zip,202602101146,天塩郡遠別町字丸松,583-2,,
01486-4503-4.zip,202602101146,天塩郡遠別町字丸松,913,,
01486-4503-4.zip,202602101146,天塩郡遠別町字丸松,918,,
01486-4503-4.zip,202602101146,天塩郡遠別町字丸松,584-1,,
01486-4503-4.zip,202602101146,天塩郡遠別町字丸松,585-6,,
01486-4503-4.zip,202602101146,天塩郡遠別町字丸松,585-2,,
01486-4503-4.zip,202602101146,天塩郡遠別町字丸松,584-2,,
01486-4503-4.zip,202602101146,天塩郡遠別町字丸松,585-7,,
01486-4503-4.zip,202602101146,天塩郡遠別町字丸松,593-2,,
01486-4503-4.zip,202602101146,天塩郡遠別町字丸松,583-5,,
01486-4503-4.zip,202602101146,天塩郡遠別町字丸松,585-1,,
01486-4503-4.zip,202602101146,天塩郡遠別町字丸松,585-5,,
01486-4503-4.zip,202602101146,天塩郡遠別町字丸松,585-8,,
01486-4503-4.zip,202602101146,天塩郡遠別町字丸松,921-2,,
01486-4503-4.zip,202602101146,天塩郡遠別町字丸松,1138,,
01486-4503-4.zip,202602101146,天塩郡遠別町字丸松,911-4,,
01486-4503-4.zip,202602101146,天塩郡遠別町字丸松,1137,,
01486-4503-4.zip,202602101146,天塩郡遠別町,地区外-206563,,
01486-4503-4.zip,202602101146,天塩郡遠別町字丸松,391,,
01486-4503-4.zip,202602101146,天塩郡遠別町字丸松,1136,,
01486-4503-4.zip,202602101146,天塩郡遠別町字丸松,道-14,,
01486-4503-4.zip,202602101146,天塩郡遠別町,地区外-206567,,
01486-4503-4.zip,202602101146,天塩郡遠別町字丸松,361-4,,
01486-4503-4.zip,202602101146,天塩郡遠別町字丸松,1125,,
01486-4503-4.zip,202602101146,天塩郡遠別町字丸松,1126,,
01486-4503-4.zip,202602101146,天塩郡遠別町字丸松,366-1,,
01486-4503-4.zip,202602101146,天塩郡遠別町字丸松,水-16,,
01486-4503-4.zip,202602101146,天塩郡遠別町字丸松,1130,,
01486-4503-4.zip,202602101146,天塩郡遠別町字丸松,1131,,
01486-4503-4.zip,202602101146,天塩郡遠別町字丸松,1132,,
01486-4503-4.zip,202602101146,天塩郡遠別町字丸松,1133,,
01486-4503-4.zip,202602101146,天塩郡遠別町字丸松,1135,,
01486-4503-4.zip,202602101146,天塩郡遠別町字丸松,386,,
01486-4503-4.zip,202602101146,天塩郡遠別町字丸松,517-4,,
01486-4503-4.zip,202602101146,天塩郡遠別町字丸松,517-3,,
01486-4503-4.zip,202602101146,天塩郡遠別町字丸松,517-2,,
01486-4503-4.zip,202602101146,天塩郡遠別町字丸松,水-17,,
01486-4503-4.zip,202602101146,天塩郡遠別町字丸松,519,,
01486-4503-4.zip,202602101146,天塩郡遠別町字丸松,1134,,
01486-4503-4.zip,202602101146,天塩郡遠別町字丸松,518,,
01486-4503-4.zip,202602101146,天塩郡遠別町字丸松,516-1,,
01486-4503-4.zip,202602101146,天塩郡遠別町字丸松,516-2,,
01486-4503-4.zip,202602101146,天塩郡遠別町字丸松,1139,,
01486-4503-4.zip,202602101146,天塩郡遠別町字丸松,911-2,,
01486-4503-4.zip,202602101146,天塩郡遠別町字丸松,911-3,,
01486-4503-4.zip,202602101146,天塩郡遠別町字丸松,911-1,,
01486-4503-4.zip,202602101146,天塩郡遠別町字丸松,1140,,
01486-4503-4.zip,202602101146,天塩郡遠別町字丸松,1141,,
01486-4503-4.zip,202602101146,天塩郡遠別町字丸松,516-5,,
01486-4503-4.zip,202602101146,天塩郡遠別町字丸松,516-4,,
01486-4503-4.zip,202602101146,天塩郡遠別町字丸松,516-3,,
01486-4503-4.zip,202602101146,天塩郡遠別町字丸松,517-1,,
01486-4503-4.zip,202602101146,天塩郡遠別町字丸松,517-5,,
01486-4503-4.zip,202602101146,天塩郡遠別町字丸松,380-2,,
01486-4503-4.zip,202602101146,天塩郡遠別町字丸松,380-3,,
01486-4503-4.zip,202602101146,天塩郡遠別町字丸松,380-1,,
01486-4503-4.zip,202602101146,天塩郡遠別町字丸松,514,,
01486-4503-4.zip,202602101146,天塩郡遠別町字丸松,358-1,,
01486-4503-4.zip,202602101146,天塩郡遠別町字丸松,358-2,,
01486-4503-4.zip,202602101146,天塩郡遠別町字丸松,359-3,,
01486-4503-4.zip,202602101146,天塩郡遠別町字丸松,359-1,,
01486-4503-4.zip,202602101146,天塩郡遠別町字丸松,1142,,
01486-4503-4.zip,202602101146,天塩郡遠別町字丸松,道-15,,
01486-4503-4.zip,202602101146,天塩郡遠別町字丸松,360-1,,
01486-4503-4.zip,202602101146,天塩郡遠別町字丸松,1127,,
01486-4503-4.zip,202602101146,天塩郡遠別町字丸松,361-1,,
01486-4503-4.zip,202602101146,天塩郡遠別町字丸松,367-1,,
01486-4503-4.zip,202602101146,天塩郡遠別町字丸松,367-3,,
01486-4503-4.zip,202602101146,天塩郡遠別町字丸松,1129,,
01486-4503-4.zip,202602101146,天塩郡遠別町字丸松,371-1,,
01486-4503-4.zip,202602101146,天塩郡遠別町字丸松,371-4,,
01486-4503-4.zip,202602101146,天塩郡遠別町字丸松,515-2,,
01486-4503-4.zip,202602101146,天塩郡遠別町字丸松,515-1,,
01486-4503-4.zip,202602101146,天塩郡遠別町字丸松,374,,
01486-4503-4.zip,202602101146,天塩郡遠別町字丸松,371-3,,
01486-4503-4.zip,202602101146,天塩郡遠別町字丸松,372-1,,
01486-4503-4.zip,202602101146,天塩郡遠別町字丸松,372-2,,
01486-4503-4.zip,202602101146,天塩郡遠別町字丸松,368-1,,
01486-4503-4.zip,202602101146,天塩郡遠別町字丸松,1128,,
01486-4503-4.zip,202602101146,天塩郡遠別町字丸松,515-7,,
01486-4503-4.zip,202602101146,天塩郡遠別町字丸松,515-9,,
01486-4503-4.zip,202602101146,天塩郡遠別町字丸松,515-8,,
01486-4503-4.zip,202602101146,天塩郡遠別町字丸松,515-6,,
01486-4503-4.zip,202602101146,天塩郡遠別町字丸松,515-5,,
01486-4503-4.zip,202602101146,天塩郡遠別町字丸松,515-4,,
01486-4503-4.zip,202602101146,天塩郡遠別町字丸松,515-3,,
01486-4503-4.zip,202602101146,天塩郡遠別町,地区外-206632,,
01486-4503-4.zip,202602101146,天塩郡遠別町字丸松,1097,,
01486-4503-4.zip,202602101146,天塩郡遠別町字丸松,1098,,
01486-4503-4.zip,202602101146,天塩郡遠別町字丸松,1099,,
01486-4503-4.zip,202602101146,天塩郡遠別町字丸松,200-7,,
01486-4503-4.zip,202602101146,天塩郡遠別町字丸松,204-1,,
01486-4503-4.zip,202602101146,天塩郡遠別町,地区外-206638,,
01486-4503-4.zip,202602101146,天塩郡遠別町字丸松,997,,
01486-4503-4.zip,202602101146,天塩郡遠別町字丸松,道-16,,
01486-4503-4.zip,202602101146,天塩郡遠別町字丸松,1000,,
01486-4503-4.zip,202602101146,天塩郡遠別町字丸松,水-18,,
01486-4503-4.zip,202602101146,天塩郡遠別町字丸松,道-17,,
01486-4503-4.zip,202602101146,天塩郡遠別町字丸松,998,,
01486-4503-4.zip,202602101146,天塩郡遠別町,地区外-206645,,
01486-4503-4.zip,202602101146,天塩郡遠別町,地区外-206646,,
01486-4503-4.zip,202602101146,天塩郡遠別町字丸松,242,,
01486-4503-4.zip,202602101146,天塩郡遠別町字丸松,245,,
01486-4503-4.zip,202602101146,天塩郡遠別町字丸松,1059,,
01486-4503-4.zip,202602101146,天塩郡遠別町,地区外-206650,,
01486-4503-4.zip,202602101146,天塩郡遠別町字丸松,1060,,
01486-4503-4.zip,202602101146,天塩郡遠別町字丸松,1061,,
01486-4503-4.zip,202602101146,天塩郡遠別町字丸松,142,,
01486-4503-4.zip,202602101146,天塩郡遠別町字丸松,139-3,,
01486-4503-4.zip,202602101146,天塩郡遠別町字丸松,139-2,,
01486-4503-4.zip,202602101146,天塩郡遠別町字丸松,139-5,,
01486-4503-4.zip,202602101146,天塩郡遠別町,地区外-206657,,
01486-4503-4.zip,202602101146,天塩郡遠別町,地区外-206658,,
01486-4503-4.zip,202602101146,天塩郡遠別町字丸松,1275,,
01486-4503-4.zip,202602101146,天塩郡遠別町字丸松,1054,,
01486-4503-4.zip,202602101146,天塩郡遠別町字丸松,1055,,
01486-4503-4.zip,202602101146,天塩郡遠別町字丸松,1056,,
01486-4503-4.zip,202602101146,天塩郡遠別町字丸松,1062,,
01486-4503-4.zip,202602101146,天塩郡遠別町字丸松,1058,,
01486-4503-4.zip,202602101146,天塩郡遠別町字丸松,139-1,,
01486-4503-4.zip,202602101146,天塩郡遠別町字丸松,1057,,
01486-4503-4.zip,202602101146,天塩郡遠別町字丸松,600,,
01486-4503-4.zip,202602101146,天塩郡遠別町字丸松,道-18,,
01486-4503-4.zip,202602101146,天塩郡遠別町字丸松,601,,
01486-4503-4.zip,202602101146,天塩郡遠別町字丸松,水-19,,
01486-4503-4.zip,202602101146,天塩郡遠別町字丸松,603,,
01486-4503-4.zip,202602101146,天塩郡遠別町字丸松,長狭物不明-8,,
01486-4503-4.zip,202602101146,天塩郡遠別町字丸松,道-19,,
01486-4503-4.zip,202602101146,天塩郡遠別町字丸松,1274,,
01486-4503-4.zip,202602101146,天塩郡遠別町字丸松,793-6,,
01486-4503-4.zip,202602101146,天塩郡遠別町字丸松,1053,,
01486-4503-4.zip,202602101146,天塩郡遠別町字丸松,793-5,,
01486-4503-4.zip,202602101146,天塩郡遠別町字丸松,790-4,,
01486-4503-4.zip,202602101146,天塩郡遠別町字丸松,1052,,
01486-4503-4.zip,202602101146,天塩郡遠別町字丸松,793-4,,
01486-4503-4.zip,202602101146,天塩郡遠別町字丸松,793-1,,
01486-4503-4.zip,202602101146,天塩郡遠別町字丸松,604,,
01486-4503-4.zip,202602101146,天塩郡遠別町字丸松,132-1,,
01486-4503-4.zip,202602101146,天塩郡遠別町字丸松,133-4,,
01486-4503-4.zip,202602101146,天塩郡遠別町字丸松,133-6,,
01486-4503-4.zip,202602101146,天塩郡遠別町字丸松,131,,
01486-4503-4.zip,202602101146,天塩郡遠別町字丸松,1264-3,,
01486-4503-4.zip,202602101146,天塩郡遠別町字丸松,44-1,,
01486-4503-4.zip,202602101146,天塩郡遠別町字丸松,44-4,,
01486-4503-4.zip,202602101146,天塩郡遠別町字丸松,1264-5,,
01486-4503-4.zip,202602101146,天塩郡遠別町字丸松,1264-1,,
01486-4503-4.zip,202602101146,天塩郡遠別町字丸松,133-7,,
01486-4503-4.zip,202602101146,天塩郡遠別町字丸松,128-4,,
01486-4503-4.zip,202602101146,天塩郡遠別町字丸松,1272,,
01486-4503-4.zip,202602101146,天塩郡遠別町字丸松,129-1,,
01486-4503-4.zip,202602101146,天塩郡遠別町字丸松,129-2,,
01486-4503-4.zip,202602101146,天塩郡遠別町字丸松,水-20,,
01486-4503-4.zip,202602101146,天塩郡遠別町字丸松,129-3,,
01486-4503-4.zip,202602101146,天塩郡遠別町字丸松,133-8,,
01486-4503-4.zip,202602101146,天塩郡遠別町字丸松,993-2,,
01486-4503-4.zip,202602101146,天塩郡遠別町字丸松,129-5,,
01486-4503-4.zip,202602101146,天塩郡遠別町字丸松,水-21,,
01486-4503-4.zip,202602101146,天塩郡遠別町字丸松,129-6,,
01486-4503-4.zip,202602101146,天塩郡遠別町字丸松,129-4,,
01486-4503-4.zip,202602101146,天塩郡遠別町字丸松,129-11,,
01486-4503-4.zip,202602101146,天塩郡遠別町字丸松,129-10,,
01486-4503-4.zip,202602101146,天塩郡遠別町字丸松,129-7,,
01486-4503-4.zip,202602101146,天塩郡遠別町字丸松,129-9,,
01486-4503-4.zip,202602101146,天塩郡遠別町字丸松,129-8,,
01486-4503-4.zip,202602101146,天塩郡遠別町字丸松,129-13,,
01486-4503-4.zip,202602101146,天塩郡遠別町字丸松,129-12,,
01486-4503-4.zip,202602101146,天塩郡遠別町字丸松,1063,,
01486-4503-4.zip,202602101146,天塩郡遠別町字丸松,139-4,,
01486-4503-4.zip,202602101146,天塩郡遠別町,地区外-206714,,
01486-4503-4.zip,202602101146,天塩郡遠別町字丸松,610-4,,
01486-4503-4.zip,202602101146,天塩郡遠別町字丸松,610-1,,
01486-4503-4.zip,202602101146,天塩郡遠別町字丸松,1064,,
01486-4503-4.zip,202602101146,天塩郡遠別町字丸松,1065,,
01486-4503-4.zip,202602101146,天塩郡遠別町字丸松,612-1,,
01486-4503-4.zip,202602101146,天塩郡遠別町字丸松,128-1,,
01486-4503-4.zip,202602101146,天塩郡遠別町字丸松,1066,,
01486-4503-4.zip,202602101146,天塩郡遠別町字丸松,129-14,,
01486-4503-4.zip,202602101146,天塩郡遠別町,地区外-206723,,
01486-4503-4.zip,202602101146,天塩郡遠別町字丸松,145-2,,
01486-4503-4.zip,202602101146,天塩郡遠別町字丸松,145-1,,
01486-4503-4.zip,202602101146,天塩郡遠別町字丸松,147-1,,
01486-4503-4.zip,202602101146,天塩郡遠別町字丸松,232,,
01486-4503-4.zip,202602101146,天塩郡遠別町字丸松,水-22,,
01486-4503-4.zip,202602101146,天塩郡遠別町字丸松,1071,,
01486-4503-4.zip,202602101146,天塩郡遠別町字丸松,148,,
01486-4503-4.zip,202602101146,天塩郡遠別町字丸松,水-23,,
01486-4503-4.zip,202602101146,天塩郡遠別町字丸松,146-1,,
01486-4503-4.zip,202602101146,天塩郡遠別町字丸松,146-2,,
01486-4503-4.zip,202602101146,天塩郡遠別町字丸松,147-2,,
01486-4503-4.zip,202602101146,天塩郡遠別町,地区外-206735,,
01486-4503-4.zip,202602101146,天塩郡遠別町字丸松,610-3,,
01486-4503-4.zip,202602101146,天塩郡遠別町字丸松,610-2,,
01486-4503-4.zip,202602101146,天塩郡遠別町字丸松,609,,
01486-4503-4.zip,202602101146,天塩郡遠別町字丸松,1067,,
01486-4503-4.zip,202602101146,天塩郡遠別町字丸松,1068,,
01486-4503-4.zip,202602101146,天塩郡遠別町字丸松,1069,,
01486-4503-4.zip,202602101146,天塩郡遠別町字丸松,608,,
01486-4503-4.zip,202602101146,天塩郡遠別町字丸松,607,,
01486-4503-4.zip,202602101146,天塩郡遠別町字丸松,1070,,
01486-4503-4.zip,202602101146,天塩郡遠別町字丸松,1035,,
01486-4503-4.zip,202602101146,天塩郡遠別町字丸松,153,,
01486-4503-4.zip,202602101146,天塩郡遠別町字丸松,154-1,,
01486-4503-4.zip,202602101146,天塩郡遠別町字丸松,152-2,,
01486-4503-4.zip,202602101146,天塩郡遠別町字丸松,151,,
01486-4503-4.zip,202602101146,天塩郡遠別町字丸松,152-1,,
01486-4503-4.zip,202602101146,天塩郡遠別町字丸松,水-24,,
01486-4503-4.zip,202602101146,天塩郡遠別町字丸松,612-2,,
01486-4503-4.zip,202602101146,天塩郡遠別町字丸松,127-12,,
01486-4503-4.zip,202602101146,天塩郡遠別町字丸松,127-10,,
01486-4503-4.zip,202602101146,天塩郡遠別町字丸松,127-8,,
01486-4503-4.zip,202602101146,天塩郡遠別町字丸松,1036,,
01486-4503-4.zip,202602101146,天塩郡遠別町字丸松,126-1,,
01486-4503-4.zip,202602101146,天塩郡遠別町字丸松,水-25,,
01486-4503-4.zip,202602101146,天塩郡遠別町字丸松,125-1,,
01486-4503-4.zip,202602101146,天塩郡遠別町字丸松,124-1,,
01486-4503-4.zip,202602101146,天塩郡遠別町字丸松,123-1,,
01486-4503-4.zip,202602101146,天塩郡遠別町字丸松,122-1,,
01486-4503-4.zip,202602101146,天塩郡遠別町字丸松,121-8,,
01486-4503-4.zip,202602101146,天塩郡遠別町字丸松,123-2,,
01486-4503-4.zip,202602101146,天塩郡遠別町字丸松,124-3,,
01486-4503-4.zip,202602101146,天塩郡遠別町字丸松,124-2,,
01486-4503-4.zip,202602101146,天塩郡遠別町字丸松,124-4,,
01486-4503-4.zip,202602101146,天塩郡遠別町字丸松,124-5,,
01486-4503-4.zip,202602101146,天塩郡遠別町字丸松,124-7,,
01486-4503-4.zip,202602101146,天塩郡遠別町字丸松,126-2,,
01486-4503-4.zip,202602101146,天塩郡遠別町字丸松,126-3,,
01486-4503-4.zip,202602101146,天塩郡遠別町字丸松,1273,,
01486-4503-4.zip,202602101146,天塩郡遠別町字丸松,道-20,,
01486-4503-4.zip,202602101146,天塩郡遠別町字丸松,127-1,,
01486-4503-4.zip,202602101146,天塩郡遠別町字丸松,127-6,,
01486-4503-4.zip,202602101146,天塩郡遠別町字丸松,127-14,,
01486-4503-4.zip,202602101146,天塩郡遠別町字丸松,127-25,,
01486-4503-4.zip,202602101146,天塩郡遠別町字丸松,1264-4,,
01486-4503-4.zip,202602101146,天塩郡遠別町字丸松,44-3,,
01486-4503-4.zip,202602101146,天塩郡遠別町字丸松,1264-2,,
01486-4503-4.zip,202602101146,天塩郡遠別町字丸松,128-5,,
01486-4503-4.zip,202602101146,天塩郡遠別町字丸松,128-2,,
01486-4503-4.zip,202602101146,天塩郡遠別町字丸松,128-3,,
01486-4503-4.zip,202602101146,天塩郡遠別町字丸松,127-13,,
01486-4503-4.zip,202602101146,天塩郡遠別町字丸松,127-5,,
01486-4503-4.zip,202602101146,天塩郡遠別町字丸松,623-1,,
01486-4503-4.zip,202602101146,天塩郡遠別町字丸松,127-7,,
01486-4503-4.zip,202602101146,天塩郡遠別町字丸松,1263-1,,
01486-4503-4.zip,202602101146,天塩郡遠別町字丸松,長狭物不明-9,,
01486-4503-4.zip,202602101146,天塩郡遠別町字丸松,47,,
01486-4503-4.zip,202602101146,天塩郡遠別町字丸松,52,,
01486-4503-4.zip,202602101146,天塩郡遠別町字丸松,55-1,,
01486-4503-4.zip,202602101146,天塩郡遠別町字丸松,55-2,,
01486-4503-4.zip,202602101146,天塩郡遠別町字丸松,54,,
01486-4503-4.zip,202602101146,天塩郡遠別町字丸松,道-21,,
01486-4503-4.zip,202602101146,天塩郡遠別町字丸松,61-7,,
01486-4503-4.zip,202602101146,天塩郡遠別町字丸松,61-2,,
01486-4503-4.zip,202602101146,天塩郡遠別町字丸松,55-3,,
01486-4503-4.zip,202602101146,天塩郡遠別町字丸松,1265,,
01486-4503-4.zip,202602101146,天塩郡遠別町字丸松,1038,,
01486-4503-4.zip,202602101146,天塩郡遠別町字丸松,127-22,,
01486-4503-4.zip,202602101146,天塩郡遠別町字丸松,1263-2,,
01486-4503-4.zip,202602101146,天塩郡遠別町字丸松,962-1,,
01486-4503-4.zip,202602101146,天塩郡遠別町字丸松,1037,,
01486-4503-4.zip,202602101146,天塩郡遠別町字丸松,127-9,,
01486-4503-4.zip,202602101146,天塩郡遠別町字丸松,623-2,,
01486-4503-4.zip,202602101146,天塩郡遠別町字丸松,127-3,,
01486-4503-4.zip,202602101146,天塩郡遠別町字丸松,127-24,,
01486-4503-4.zip,202602101146,天塩郡遠別町字丸松,127-4,,
01486-4503-4.zip,202602101146,天塩郡遠別町字丸松,1039,,
01486-4503-4.zip,202602101146,天塩郡遠別町字丸松,620,,
01486-4503-4.zip,202602101146,天塩郡遠別町字丸松,53-2,,
01486-4503-4.zip,202602101146,天塩郡遠別町字丸松,53-1,,
01486-4503-4.zip,202602101146,天塩郡遠別町字丸松,127-11,,
01486-4503-4.zip,202602101146,天塩郡遠別町字丸松,127-2,,
01486-4503-4.zip,202602101146,天塩郡遠別町字丸松,794-1,,
01486-4503-4.zip,202602101146,天塩郡遠別町字丸松,126-4,,
01486-4503-4.zip,202602101146,天塩郡遠別町字丸松,126-8,,
01486-4503-4.zip,202602101146,天塩郡遠別町字丸松,124-6,,
01486-4503-4.zip,202602101146,天塩郡遠別町,地区外-206820,,
01486-4503-4.zip,202602101146,天塩郡遠別町字丸松,水-26,,
01486-4503-4.zip,202602101146,天塩郡遠別町字丸松,1046,,
01486-4503-4.zip,202602101146,天塩郡遠別町字丸松,1049,,
01486-4503-4.zip,202602101146,天塩郡遠別町字丸松,1050,,
01486-4503-4.zip,202602101146,天塩郡遠別町字丸松,1051,,
01486-4503-4.zip,202602101146,天塩郡遠別町字丸松,805-3,,
01486-4503-4.zip,202602101146,天塩郡遠別町字丸松,800-1,,
01486-4503-4.zip,202602101146,天塩郡遠別町字丸松,35-2,,
01486-4503-4.zip,202602101146,天塩郡遠別町字丸松,1048,,
01486-4503-4.zip,202602101146,天塩郡遠別町字丸松,35-3,,
01486-4503-4.zip,202602101146,天塩郡遠別町字丸松,1047,,
01486-4503-4.zip,202602101146,天塩郡遠別町字丸松,36,,
01486-4503-4.zip,202602101146,天塩郡遠別町字丸松,35-1,,
01486-4503-4.zip,202602101146,天塩郡遠別町字丸松,803-1,,
01486-4503-4.zip,202602101146,天塩郡遠別町字丸松,803-6,,
01486-4503-4.zip,202602101146,天塩郡遠別町字丸松,道-22,,
01486-4503-4.zip,202602101146,天塩郡遠別町字丸松,1270,,
01486-4503-4.zip,202602101146,天塩郡遠別町字丸松,1269,,
01486-4503-4.zip,202602101146,天塩郡遠別町字丸松,長狭物不明-10,,
01486-4503-4.zip,202602101146,天塩郡遠別町字丸松,790-1,,
01486-4503-4.zip,202602101146,天塩郡遠別町字丸松,790-2,,
01486-4503-4.zip,202602101146,天塩郡遠別町字丸松,805-1,,
01486-4503-4.zip,202602101146,天塩郡遠別町字丸松,805-2,,
01486-4503-4.zip,202602101146,天塩郡遠別町字丸松,933-2,,
01486-4503-4.zip,202602101146,天塩郡遠別町字丸松,804-2,,
01486-4503-4.zip,202602101146,天塩郡遠別町字丸松,804-3,,
01486-4503-4.zip,202602101146,天塩郡遠別町字丸松,933-1,,
01486-4503-4.zip,202602101146,天塩郡遠別町字丸松,934,,
01486-4503-4.zip,202602101146,天塩郡遠別町字丸松,807-2,,
01486-4503-4.zip,202602101146,天塩郡遠別町字丸松,807-6,,
01486-4503-4.zip,202602101146,天塩郡遠別町字丸松,807-4,,
01486-4503-4.zip,202602101146,天塩郡遠別町字丸松,807-5,,
01486-4503-4.zip,202602101146,天塩郡遠別町字丸松,807-3,,
01486-4503-4.zip,202602101146,天塩郡遠別町字丸松,800-6,,
01486-4503-4.zip,202602101146,天塩郡遠別町字丸松,932,,
01486-4503-4.zip,202602101146,天塩郡遠別町字丸松,803-5,,
01486-4503-4.zip,202602101146,天塩郡遠別町字丸松,931-2,,
01486-4503-4.zip,202602101146,天塩郡遠別町字丸松,802,,
01486-4503-4.zip,202602101146,天塩郡遠別町字丸松,800-4,,
01486-4503-4.zip,202602101146,天塩郡遠別町字丸松,800-2,,
01486-4503-4.zip,202602101146,天塩郡遠別町字丸松,800-5,,
01486-4503-4.zip,202602101146,天塩郡遠別町字丸松,800-3,,
01486-4503-4.zip,202602101146,天塩郡遠別町字丸松,790-3,,
01486-4503-4.zip,202602101146,天塩郡遠別町字丸松,790-5,,
01486-4503-4.zip,202602101146,天塩郡遠別町字丸松,1271,,
01486-4503-4.zip,202602101146,天塩郡遠別町字丸松,1043,,
01486-4503-4.zip,202602101146,天塩郡遠別町字丸松,22,,
01486-4503-4.zip,202602101146,天塩郡遠別町字丸松,801-3,,
01486-4503-4.zip,202602101146,天塩郡遠別町字丸松,道-24,,
01486-4503-4.zip,202602101146,天塩郡遠別町字丸松,798-3,,
01486-4503-4.zip,202602101146,天塩郡遠別町字丸松,水-27,,
01486-4503-4.zip,202602101146,天塩郡遠別町字丸松,28,,
01486-4503-4.zip,202602101146,天塩郡遠別町字丸松,29,,
01486-4503-4.zip,202602101146,天塩郡遠別町字丸松,1041,,
01486-4503-4.zip,202602101146,天塩郡遠別町字丸松,1042,,
01486-4503-4.zip,202602101146,天塩郡遠別町字丸松,25-2,,
01486-4503-4.zip,202602101146,天塩郡遠別町字丸松,25-1,,
01486-4503-4.zip,202602101146,天塩郡遠別町字丸松,57-3,,
01486-4503-4.zip,202602101146,天塩郡遠別町字丸松,57-1,,
01486-4503-4.zip,202602101146,天塩郡遠別町字丸松,928-1,,
01486-4503-4.zip,202602101146,天塩郡遠別町字丸松,797-2,,
01486-4503-4.zip,202602101146,天塩郡遠別町字丸松,797-1,,
01486-4503-4.zip,202602101146,天塩郡遠別町字丸松,801-1,,
01486-4503-4.zip,202602101146,天塩郡遠別町字丸松,25-6,,
01486-4503-4.zip,202602101146,天塩郡遠別町字丸松,1040,,
01486-4503-4.zip,202602101146,天塩郡遠別町字丸松,806-3,,
01486-4503-4.zip,202602101146,天塩郡遠別町字丸松,795-1,,
01486-4503-4.zip,202602101146,天塩郡遠別町字丸松,806-2,,
01486-4503-4.zip,202602101146,天塩郡遠別町字丸松,806-1,,
01486-4503-4.zip,202602101146,天塩郡遠別町字丸松,795-2,,
01486-4503-4.zip,202602101146,天塩郡遠別町字丸松,794-2,,
01486-4503-4.zip,202602101146,天塩郡遠別町字丸松,807-1,,
01486-4503-4.zip,202602101146,天塩郡遠別町字丸松,928-2,,
01486-4503-4.zip,202602101146,天塩郡遠別町字丸松,871-3,,
01486-4503-4.zip,202602101146,天塩郡遠別町字丸松,931-1,,
01486-4503-4.zip,202602101146,天塩郡遠別町字丸松,798-7,,
01486-4503-4.zip,202602101146,天塩郡遠別町字丸松,871-1,,
01486-4503-4.zip,202602101146,天塩郡遠別町字丸松,871-2,,
01486-4503-4.zip,202602101146,天塩郡遠別町字丸松,929,,
01486-4503-4.zip,202602101146,天塩郡遠別町字丸松,804-1,,
01486-4503-4.zip,202602101146,天塩郡遠別町字丸松,798-1,,
01486-4503-4.zip,202602101146,天塩郡遠別町字丸松,936-1,,
01486-4503-4.zip,202602101146,天塩郡遠別町字丸松,925-5,,
01486-4503-4.zip,202602101146,天塩郡遠別町字丸松,589-10,,
01486-4503-4.zip,202602101146,天塩郡遠別町字丸松,589-3,,
01486-4503-4.zip,202602101146,天塩郡遠別町字丸松,589-12,,
01486-4503-4.zip,202602101146,天塩郡遠別町字丸松,589-4,,
01486-4503-4.zip,202602101146,天塩郡遠別町字丸松,589-11,,
01486-4503-4.zip,202602101146,天塩郡遠別町字丸松,長狭物不明-11,,
01486-4503-4.zip,202602101146,天塩郡遠別町字丸松,801-4,,
01486-4503-4.zip,202602101146,天塩郡遠別町字丸松,1044,,
01486-4503-4.zip,202602101146,天塩郡遠別町字丸松,957-1,,
01486-4503-4.zip,202602101146,天塩郡遠別町字丸松,337,,
01486-4503-4.zip,202602101146,天塩郡遠別町字丸松,334,,
01486-4503-4.zip,202602101146,天塩郡遠別町字丸松,347-1,,
01486-4503-4.zip,202602101146,天塩郡遠別町,地区外-206922,,
01486-4503-4.zip,202602101146,天塩郡遠別町字丸松,351,,
01486-4503-4.zip,202602101146,天塩郡遠別町,地区外-206924,,
01486-4503-4.zip,202602101146,天塩郡遠別町,地区外-206925,,
01486-4503-4.zip,202602101146,天塩郡遠別町字丸松,343-1,,
01486-4503-4.zip,202602101146,天塩郡遠別町字丸松,342-1,,
01486-4503-4.zip,202602101146,天塩郡遠別町字丸松,道-25,,
01486-4503-4.zip,202602101146,天塩郡遠別町字丸松,356-2,,
01486-4503-4.zip,202602101146,天塩郡遠別町字丸松,1123,,
01486-4503-4.zip,202602101146,天塩郡遠別町字丸松,356-1,,
01486-4503-4.zip,202602101146,天塩郡遠別町字丸松,1124,,
01486-4503-4.zip,202602101146,天塩郡遠別町字丸松,356-8,,
01486-4503-4.zip,202602101146,天塩郡遠別町字丸松,357-2,,
01486-4503-4.zip,202602101146,天塩郡遠別町字丸松,357-1,,
01486-4503-4.zip,202602101146,天塩郡遠別町字丸松,955,,
01486-4503-4.zip,202602101146,天塩郡遠別町字丸松,355-1,,
01486-4503-4.zip,202602101146,天塩郡遠別町字丸松,355-4,,
01486-4503-4.zip,202602101146,天塩郡遠別町字丸松,355-5,,
01486-4503-4.zip,202602101146,天塩郡遠別町字丸松,958,,
01486-4503-4.zip,202602101146,天塩郡遠別町字丸松,356-9,,
01486-4503-4.zip,202602101146,天塩郡遠別町字丸松,348-1,,
01486-4503-4.zip,202602101146,天塩郡遠別町字丸松,357-3,,
01486-4503-4.zip,202602101146,天塩郡遠別町字丸松,355-3,,
01486-4503-4.zip,202602101146,天塩郡遠別町字丸松,水-28,,
01486-4503-4.zip,202602101146,天塩郡遠別町字丸松,356-7,,
01486-4503-4.zip,202602101146,天塩郡遠別町字丸松,348-2,,
01486-4503-4.zip,202602101146,天塩郡遠別町字丸松,349,,
01486-4503-4.zip,202602101146,天塩郡遠別町字丸松,355-2,,
01486-4503-4.zip,202602101146,天塩郡遠別町字丸松,957-2,,
01486-4503-4.zip,202602101146,天塩郡遠別町字丸松,347-2,,
01486-4503-4.zip,202602101146,天塩郡遠別町字丸松,347-3,,
01486-4503-4.zip,202602101146,天塩郡遠別町字丸松,356-10,,
01486-4503-4.zip,202602101146,天塩郡遠別町字丸松,350,,
01486-4503-4.zip,202602101146,天塩郡遠別町,地区外-206955,,
01486-4503-4.zip,202602101146,天塩郡遠別町字丸松,1146,,
01486-4503-4.zip,202602101146,天塩郡遠別町字丸松,353-2,,
01486-4503-4.zip,202602101146,天塩郡遠別町字丸松,1145,,
01486-4503-4.zip,202602101146,天塩郡遠別町字丸松,353-1,,
01486-4503-4.zip,202602101146,天塩郡遠別町,地区外-206960,,
01486-4503-4.zip,202602101146,天塩郡遠別町字丸松,1148,,
01486-4503-4.zip,202602101146,天塩郡遠別町字丸松,352,,
01486-4503-4.zip,202602101146,天塩郡遠別町字丸松,1147,,
01486-4503-4.zip,202602101146,天塩郡遠別町字丸松,354,,
01486-4503-4.zip,202602101146,天塩郡遠別町字丸松,1144,,
01486-4503-4.zip,202602101146,天塩郡遠別町字丸松,381-2,,
01486-4503-4.zip,202602101146,天塩郡遠別町字丸松,381-1,,
01486-4503-4.zip,202602101146,天塩郡遠別町字丸松,1143,,
01486-4503-4.zip,202602101146,天塩郡遠別町字丸松,359-2,,
01486-4503-4.zip,202602101146,天塩郡遠別町字丸松,381-3,,
01486-4503-4.zip,202602101146,天塩郡遠別町字丸松,957-3,,
01486-4503-4.zip,202602101146,天塩郡遠別町字丸松,348-3,,
01486-4503-4.zip,202602101146,天塩郡遠別町字丸松,302-1,,
01486-4503-4.zip,202602101146,天塩郡遠別町,地区外-206974,,
01486-4503-4.zip,202602101146,天塩郡遠別町字丸松,1113,,
01486-4503-4.zip,202602101146,天塩郡遠別町字丸松,道-26,,
01486-4503-4.zip,202602101146,天塩郡遠別町字丸松,306-2,,
01486-4503-4.zip,202602101146,天塩郡遠別町字丸松,306-6,,
01486-4503-4.zip,202602101146,天塩郡遠別町字丸松,1114,,
01486-4503-4.zip,202602101146,天塩郡遠別町字丸松,水-29,,
01486-4503-4.zip,202602101146,天塩郡遠別町字丸松,道-27,,
01486-4503-4.zip,202602101146,天塩郡遠別町字丸松,水-30,,
01486-4503-4.zip,202602101146,天塩郡遠別町字丸松,316-3,,
01486-4503-4.zip,202602101146,天塩郡遠別町字丸松,1115,,
01486-4503-4.zip,202602101146,天塩郡遠別町字丸松,311-1,,
01486-4503-4.zip,202602101146,天塩郡遠別町字丸松,311-3,,
01486-4503-4.zip,202602101146,天塩郡遠別町字丸松,315-2,,
01486-4503-4.zip,202602101146,天塩郡遠別町字丸松,315-1,,
01486-4503-4.zip,202602101146,天塩郡遠別町字丸松,306-1,,
01486-4503-4.zip,202602101146,天塩郡遠別町字丸松,306-7,,
01486-4503-4.zip,202602101146,天塩郡遠別町字丸松,306-8,,
01486-4503-4.zip,202602101146,天塩郡遠別町字丸松,305-1,,
01486-4503-4.zip,202602101146,天塩郡遠別町字丸松,305-3,,
01486-4503-4.zip,202602101146,天塩郡遠別町字丸松,305-4,,
01486-4503-4.zip,202602101146,天塩郡遠別町字丸松,水-31,,
01486-4503-4.zip,202602101146,天塩郡遠別町字丸松,1112,,
01486-4503-4.zip,202602101146,天塩郡遠別町字丸松,314-2,,
01486-4503-4.zip,202602101146,天塩郡遠別町字丸松,313,,
01486-4503-4.zip,202602101146,天塩郡遠別町字丸松,304-1,,
01486-4503-4.zip,202602101146,天塩郡遠別町字丸松,1111,,
01486-4503-4.zip,202602101146,天塩郡遠別町字丸松,312-1,,
01486-4503-4.zip,202602101146,天塩郡遠別町字丸松,312-2,,
01486-4503-4.zip,202602101146,天塩郡遠別町字丸松,314-1,,
01486-4503-4.zip,202602101146,天塩郡遠別町字丸松,315-3,,
01486-4503-4.zip,202602101146,天塩郡遠別町字丸松,316-1,,
01486-4503-4.zip,202602101146,天塩郡遠別町字丸松,326-1,,
01486-4503-4.zip,202602101146,天塩郡遠別町字丸松,1118,,
01486-4503-4.zip,202602101146,天塩郡遠別町字丸松,1122,,
01486-4503-4.zip,202602101146,天塩郡遠別町字丸松,324-1,,
01486-4503-4.zip,202602101146,天塩郡遠別町字丸松,1119,,
01486-4503-4.zip,202602101146,天塩郡遠別町字丸松,336,,
01486-4503-4.zip,202602101146,天塩郡遠別町字丸松,1121,,
01486-4503-4.zip,202602101146,天塩郡遠別町字丸松,1117,,
01486-4503-4.zip,202602101146,天塩郡遠別町字丸松,323-1,,
01486-4503-4.zip,202602101146,天塩郡遠別町字丸松,323-3,,
01486-4503-4.zip,202602101146,天塩郡遠別町字丸松,1261,,
01486-4503-4.zip,202602101146,天塩郡遠別町字丸松,339-3,,
01486-4503-4.zip,202602101146,天塩郡遠別町字丸松,339-1,,
01486-4503-4.zip,202602101146,天塩郡遠別町字丸松,339-4,,
01486-4503-4.zip,202602101146,天塩郡遠別町字丸松,323-4,,
01486-4503-4.zip,202602101146,天塩郡遠別町字丸松,319,,
01486-4503-4.zip,202602101146,天塩郡遠別町字丸松,1116,,
01486-4503-4.zip,202602101146,天塩郡遠別町字丸松,322-1,,
01486-4503-4.zip,202602101146,天塩郡遠別町字丸松,621,,
01486-4503-4.zip,202602101146,天塩郡遠別町字丸松,道-28,,
01486-4503-4.zip,202602101146,天塩郡遠別町字丸松,322-2,,
01486-4503-4.zip,202602101146,天塩郡遠別町字丸松,1260,,
01486-4503-4.zip,202602101146,天塩郡遠別町字丸松,340-2,,
01486-4503-4.zip,202602101146,天塩郡遠別町字丸松,340-1,,
01486-4503-4.zip,202602101146,天塩郡遠別町字丸松,1120,,
01486-4503-4.zip,202602101146,天塩郡遠別町字丸松,328,,
01486-4503-4.zip,202602101146,天塩郡遠別町,地区外-207032,,
01486-4503-4.zip,202602101146,天塩郡遠別町字丸松,260-4,,
01486-4503-4.zip,202602101146,天塩郡遠別町字丸松,248-1,,
01486-4503-4.zip,202602101146,天塩郡遠別町字丸松,248-5,,
01486-4503-4.zip,202602101146,天塩郡遠別町字丸松,道-29,,
01486-4503-4.zip,202602101146,天塩郡遠別町字丸松,1101,,
01486-4503-4.zip,202602101146,天塩郡遠別町字丸松,294-2,,
01486-4503-4.zip,202602101146,天塩郡遠別町字丸松,294-11,,
01486-4503-4.zip,202602101146,天塩郡遠別町字丸松,294-10,,
01486-4503-4.zip,202602101146,天塩郡遠別町字丸松,287,,
01486-4503-4.zip,202602101146,天塩郡遠別町字丸松,1105,,
01486-4503-4.zip,202602101146,天塩郡遠別町字丸松,291,,
01486-4503-4.zip,202602101146,天塩郡遠別町字丸松,293-1,,
01486-4503-4.zip,202602101146,天塩郡遠別町字丸松,297-1,,
01486-4503-4.zip,202602101146,天塩郡遠別町字丸松,1109,,
01486-4503-4.zip,202602101146,天塩郡遠別町字丸松,304-3,,
01486-4503-4.zip,202602101146,天塩郡遠別町,地区外-207048,,
01486-4503-4.zip,202602101146,天塩郡遠別町字丸松,294-1,,
01486-4503-4.zip,202602101146,天塩郡遠別町字丸松,1104,,
01486-4503-4.zip,202602101146,天塩郡遠別町字丸松,294-9,,
01486-4503-4.zip,202602101146,天塩郡遠別町字丸松,248-6,,
01486-4503-4.zip,202602101146,天塩郡遠別町字丸松,248-4,,
01486-4503-4.zip,202602101146,天塩郡遠別町字丸松,249-1,,
01486-4503-4.zip,202602101146,天塩郡遠別町字丸松,248-7,,
01486-4503-4.zip,202602101146,天塩郡遠別町字丸松,253-4,,
01486-4503-4.zip,202602101146,天塩郡遠別町字丸松,252-1,,
01486-4503-4.zip,202602101146,天塩郡遠別町字丸松,252-3,,
01486-4503-4.zip,202602101146,天塩郡遠別町字丸松,1102,,
01486-4503-4.zip,202602101146,天塩郡遠別町字丸松,251-1,,
01486-4503-4.zip,202602101146,天塩郡遠別町字丸松,250-5,,
01486-4503-4.zip,202602101146,天塩郡遠別町字丸松,250-1,,
01486-4503-4.zip,202602101146,天塩郡遠別町字丸松,247-1,,
01486-4503-4.zip,202602101146,天塩郡遠別町字丸松,1103,,
01486-4503-4.zip,202602101146,天塩郡遠別町,地区外-207065,,
01486-4503-4.zip,202602101146,天塩郡遠別町字丸松,250-6,,
01486-4503-4.zip,202602101146,天塩郡遠別町字丸松,247-5,,
01486-4503-4.zip,202602101146,天塩郡遠別町字丸松,290-1,,
01486-4503-4.zip,202602101146,天塩郡遠別町字丸松,292-2,,
01486-4503-4.zip,202602101146,天塩郡遠別町字丸松,1108,,
01486-4503-4.zip,202602101146,天塩郡遠別町字丸松,299-1,,
01486-4503-4.zip,202602101146,天塩郡遠別町字丸松,303-1,,
01486-4503-4.zip,202602101146,天塩郡遠別町字丸松,1110,,
01486-4503-4.zip,202602101146,天塩郡遠別町字丸松,300,,
01486-4503-4.zip,202602101146,天塩郡遠別町,地区外-207075,,
01486-4503-4.zip,202602101146,天塩郡遠別町字丸松,301,,
01486-4503-4.zip,202602101146,天塩郡遠別町字丸松,298-1,,
01486-4503-4.zip,202602101146,天塩郡遠別町字丸松,290-2,,
01486-4503-4.zip,202602101146,天塩郡遠別町,地区外-207079,,
01486-4503-4.zip,202602101146,天塩郡遠別町字丸松,341-2,,
01486-4503-4.zip,202602101146,天塩郡遠別町字丸松,水-32,,
01486-4503-4.zip,202602101146,天塩郡遠別町,地区外-207082,,
01486-4503-4.zip,202602101146,天塩郡遠別町字丸松,288,,
01486-4503-4.zip,202602101146,天塩郡遠別町字丸松,1107,,
01486-4503-4.zip,202602101146,天塩郡遠別町字丸松,1106,,
01486-4503-4.zip,202602101146,天塩郡遠別町字丸松,289,,
01486-4503-4.zip,202602101146,天塩郡遠別町字丸松,水-33,,
01486-4503-4.zip,202602101146,天塩郡遠別町字丸松,43-2,,
01486-4503-4.zip,202602101146,天塩郡遠別町字丸松,92-1,,
01486-4503-4.zip,202602101146,天塩郡遠別町字丸松,92-14,,
01486-4503-4.zip,202602101146,天塩郡遠別町字丸松,道-3,,
01486-4503-4.zip,202602101146,天塩郡遠別町字丸松,92-10,,
01486-4503-4.zip,202602101146,天塩郡遠別町字丸松,92-15,,
01486-4503-4.zip,202602101146,天塩郡遠別町字丸松,92-3,,
01486-4503-4.zip,202602101146,天塩郡遠別町字丸松,940-5,,
01486-4503-4.zip,202602101146,天塩郡遠別町字丸松,水-3,,
01486-4503-4.zip,202602101146,天塩郡遠別町字丸松,941-1,,
01486-4503-4.zip,202602101146,天塩郡遠別町字丸松,941-4,,
01486-4503-4.zip,202602101146,天塩郡遠別町字丸松,941-3,,
01486-4503-4.zip,202602101146,天塩郡遠別町字丸松,地区外-206907,,
01486-4503-4.zip,202602101146,天塩郡遠別町字丸松,1045,,
01486-4503-4.zip,202602101146,天塩郡遠別町字丸松,648-1,,
01486-4503-4.zip,202602101146,天塩郡遠別町字丸松,648-2,,
01486-4503-4.zip,202602101146,天塩郡遠別町字丸松,60-4,,
01486-4503-4.zip,202602101146,天塩郡遠別町字丸松,61-5,,
01486-4503-4.zip,202602101146,天塩郡遠別町字丸松,940-1,,
01486-4503-4.zip,202602101146,天塩郡遠別町字丸松,940-6,,
01486-4503-4.zip,202602101146,天塩郡遠別町,地区外-206865,,
01486-4503-4.zip,202602101146,天塩郡遠別町字丸松,道-23,,
01486-4503-5.zip,202602101146,天塩郡遠別町字啓明,1026,,
01486-4503-5.zip,202602101146,天塩郡遠別町字啓明,水-1,,
01486-4503-5.zip,202602101146,天塩郡遠別町字啓明,水-2,,
01486-4503-5.zip,202602101146,天塩郡遠別町字啓明,水-3,,
01486-4503-5.zip,202602101146,天塩郡遠別町字啓明,水-5,,
01486-4503-5.zip,202602101146,天塩郡遠別町,地区外-209822,,
01486-4503-5.zip,202602101146,天塩郡遠別町字丸松,174-1,,
01486-4503-5.zip,202602101146,天塩郡遠別町字丸松,174-3,,
01486-4503-5.zip,202602101146,天塩郡遠別町字丸松,1178,,
01486-4503-5.zip,202602101146,天塩郡遠別町字丸松,224-2,,
01486-4503-5.zip,202602101146,天塩郡遠別町字丸松,224-1,,
01486-4503-5.zip,202602101146,天塩郡遠別町字丸松,221,,
01486-4503-5.zip,202602101146,天塩郡遠別町字丸松,259-1,,
01486-4503-5.zip,202602101146,天塩郡遠別町字丸松,1182,,
01486-4503-5.zip,202602101146,天塩郡遠別町字丸松,262,,
01486-4503-5.zip,202602101146,天塩郡遠別町字丸松,219,,
01486-4503-5.zip,202602101146,天塩郡遠別町,地区外-209833,,
01486-4503-5.zip,202602101146,天塩郡遠別町字丸松,218,,
01486-4503-5.zip,202602101146,天塩郡遠別町字丸松,182-3,,
01486-4503-5.zip,202602101146,天塩郡遠別町字丸松,182-1,,
01486-4503-5.zip,202602101146,天塩郡遠別町字丸松,215,,
01486-4503-5.zip,202602101146,天塩郡遠別町字丸松,1180,,
01486-4503-5.zip,202602101146,天塩郡遠別町字丸松,1179,,
01486-4503-5.zip,202602101146,天塩郡遠別町字丸松,1183,,
01486-4503-5.zip,202602101146,天塩郡遠別町字丸松,1181,,
01486-4503-5.zip,202602101146,天塩郡遠別町字丸松,水-6,,
01486-4503-5.zip,202602101146,天塩郡遠別町字丸松,259-3,,
01486-4503-5.zip,202602101146,天塩郡遠別町字丸松,259-2,,
01486-4503-5.zip,202602101146,天塩郡遠別町字丸松,1174,,
01486-4503-5.zip,202602101146,天塩郡遠別町字丸松,1175,,
01486-4503-5.zip,202602101146,天塩郡遠別町字丸松,1176,,
01486-4503-5.zip,202602101146,天塩郡遠別町字丸松,1177,,
01486-4503-5.zip,202602101146,天塩郡遠別町字丸松,223,,
01486-4503-5.zip,202602101146,天塩郡遠別町字丸松,243,,
01486-4503-5.zip,202602101146,天塩郡遠別町,地区外-209851,,
01486-4503-5.zip,202602101146,天塩郡遠別町字丸松,水-7,,
01486-4503-5.zip,202602101146,天塩郡遠別町字丸松,1173,,
01486-4503-5.zip,202602101146,天塩郡遠別町字丸松,177-2,,
01486-4503-5.zip,202602101146,天塩郡遠別町字丸松,177-1,,
01486-4503-5.zip,202602101146,天塩郡遠別町字丸松,180-1,,
01486-4503-5.zip,202602101146,天塩郡遠別町字丸松,180-2,,
01486-4503-5.zip,202602101146,天塩郡遠別町字丸松,181-2,,
01486-4503-5.zip,202602101146,天塩郡遠別町字丸松,1170,,
01486-4503-5.zip,202602101146,天塩郡遠別町字丸松,100,,
01486-4503-5.zip,202602101146,天塩郡遠別町字丸松,181-1,,
01486-4503-5.zip,202602101146,天塩郡遠別町字丸松,180-4,,
01486-4503-5.zip,202602101146,天塩郡遠別町字丸松,174-2,,
01486-4503-5.zip,202602101146,天塩郡遠別町字丸松,180-3,,
01486-4503-5.zip,202602101146,天塩郡遠別町字丸松,1172,,
01486-4503-5.zip,202602101146,天塩郡遠別町字丸松,1171,,
01486-4503-5.zip,202602101146,天塩郡遠別町字丸松,186-3,,
01486-4503-5.zip,202602101146,天塩郡遠別町,地区外-209868,,
01486-4503-5.zip,202602101146,天塩郡遠別町字丸松,186-2,,
01486-4503-5.zip,202602101146,天塩郡遠別町字丸松,水-8,,
01486-4503-5.zip,202602101146,天塩郡遠別町字丸松,185-1,,
01486-4503-5.zip,202602101146,天塩郡遠別町字丸松,182-2,,
01486-4503-5.zip,202602101146,天塩郡遠別町字丸松,185-2,,
01486-4503-5.zip,202602101146,天塩郡遠別町字丸松,187,,
01486-4503-5.zip,202602101146,天塩郡遠別町字丸松,195-1,,
01486-4503-5.zip,202602101146,天塩郡遠別町字丸松,195-2,,
01486-4503-5.zip,202602101146,天塩郡遠別町字丸松,195-3,,
01486-4503-5.zip,202602101146,天塩郡遠別町字丸松,195-4,,
01486-4503-5.zip,202602101146,天塩郡遠別町字丸松,1168,,
01486-4503-5.zip,202602101146,天塩郡遠別町字丸松,1167,,
01486-4503-5.zip,202602101146,天塩郡遠別町字丸松,186-1,,
01486-4503-5.zip,202602101146,天塩郡遠別町字丸松,1156,,
01486-4503-5.zip,202602101146,天塩郡遠別町字丸松,194,,
01486-4503-5.zip,202602101146,天塩郡遠別町字丸松,214-1,,
01486-4503-5.zip,202602101146,天塩郡遠別町字丸松,206-3,,
01486-4503-5.zip,202602101146,天塩郡遠別町字丸松,207-1,,
01486-4503-5.zip,202602101146,天塩郡遠別町字丸松,207-2,,
01486-4503-5.zip,202602101146,天塩郡遠別町字丸松,1186,,
01486-4503-5.zip,202602101146,天塩郡遠別町字丸松,1185,,
01486-4503-5.zip,202602101146,天塩郡遠別町字丸松,1184,,
01486-4503-5.zip,202602101146,天塩郡遠別町字丸松,水-9,,
01486-4503-5.zip,202602101146,天塩郡遠別町字丸松,206-1,,
01486-4503-5.zip,202602101146,天塩郡遠別町字丸松,1188,,
01486-4503-5.zip,202602101146,天塩郡遠別町字丸松,1187,,
01486-4503-5.zip,202602101146,天塩郡遠別町字丸松,272,,
01486-4503-5.zip,202602101146,天塩郡遠別町字丸松,274,,
01486-4503-5.zip,202602101146,天塩郡遠別町字丸松,284-8,,
01486-4503-5.zip,202602101146,天塩郡遠別町字丸松,水-10,,
01486-4503-5.zip,202602101146,天塩郡遠別町字丸松,284-9,,
01486-4503-5.zip,202602101146,天塩郡遠別町字丸松,268,,
01486-4503-5.zip,202602101146,天塩郡遠別町字丸松,909,,
01486-4503-5.zip,202602101146,天塩郡遠別町字丸松,1189,,
01486-4503-5.zip,202602101146,天塩郡遠別町字丸松,1190,,
01486-4503-5.zip,202602101146,天塩郡遠別町字丸松,908,,
01486-4503-5.zip,202602101146,天塩郡遠別町字丸松,907,,
01486-4503-5.zip,202602101146,天塩郡遠別町,地区外-209906,,
01486-4503-5.zip,202602101146,天塩郡遠別町字丸松,265,,
01486-4503-5.zip,202602101146,天塩郡遠別町字丸松,275,,
01486-4503-5.zip,202602101146,天塩郡遠別町字丸松,206-2,,
01486-4503-5.zip,202602101146,天塩郡遠別町字丸松,水-11,,
01486-4503-5.zip,202602101146,天塩郡遠別町字丸松,273,,
01486-4503-5.zip,202602101146,天塩郡遠別町字丸松,水-12,,
01486-4503-5.zip,202602101146,天塩郡遠別町字丸松,水-13,,
01486-4503-5.zip,202602101146,天塩郡遠別町字丸松,284-10,,
01486-4503-5.zip,202602101146,天塩郡遠別町字丸松,90,,
01486-4503-5.zip,202602101146,天塩郡遠別町字丸松,896,,
01486-4503-5.zip,202602101146,天塩郡遠別町,地区外-209917,,
01486-4503-5.zip,202602101146,天塩郡遠別町字丸松,98-3,,
01486-4503-5.zip,202602101146,天塩郡遠別町字丸松,98-4,,
01486-4503-5.zip,202602101146,天塩郡遠別町字丸松,1160,,
01486-4503-5.zip,202602101146,天塩郡遠別町字丸松,99-4,,
01486-4503-5.zip,202602101146,天塩郡遠別町字丸松,99-3,,
01486-4503-5.zip,202602101146,天塩郡遠別町字丸松,99-2,,
01486-4503-5.zip,202602101146,天塩郡遠別町字丸松,893,,
01486-4503-5.zip,202602101146,天塩郡遠別町字丸松,1158,,
01486-4503-5.zip,202602101146,天塩郡遠別町字丸松,897,,
01486-4503-5.zip,202602101146,天塩郡遠別町字丸松,1157,,
01486-4503-5.zip,202602101146,天塩郡遠別町字丸松,98-1,,
01486-4503-5.zip,202602101146,天塩郡遠別町字丸松,1159,,
01486-4503-5.zip,202602101146,天塩郡遠別町字丸松,1161,,
01486-4503-5.zip,202602101146,天塩郡遠別町字丸松,1169,,
01486-4503-5.zip,202602101146,天塩郡遠別町字丸松,191,,
01486-4503-5.zip,202602101146,天塩郡遠別町字丸松,99-1,,
01486-4503-5.zip,202602101146,天塩郡遠別町字丸松,98-2,,
01486-4503-5.zip,202602101146,天塩郡遠別町字丸松,188,,
01486-4503-5.zip,202602101146,天塩郡遠別町字丸松,1162,,
01486-4503-5.zip,202602101146,天塩郡遠別町字丸松,190,,
01486-4503-5.zip,202602101146,天塩郡遠別町字丸松,1164,,
01486-4503-5.zip,202602101146,天塩郡遠別町字丸松,193,,
01486-4503-5.zip,202602101146,天塩郡遠別町字丸松,1166,,
01486-4503-5.zip,202602101146,天塩郡遠別町字丸松,1165,,
01486-4503-5.zip,202602101146,天塩郡遠別町字丸松,1163,,
01486-4503-5.zip,202602101146,天塩郡遠別町,地区外-209943,,
01486-4503-5.zip,202602101146,天塩郡遠別町字丸松,894-1,,
01486-4503-5.zip,202602101146,天塩郡遠別町字丸松,88-1,,
01486-4503-5.zip,202602101146,天塩郡遠別町字丸松,水-14,,
01486-4503-5.zip,202602101146,天塩郡遠別町,地区外-209947,,
01486-4503-5.zip,202602101146,天塩郡遠別町字丸松,901,,
01486-4503-5.zip,202602101146,天塩郡遠別町字丸松,1229,,
01486-4503-5.zip,202602101146,天塩郡遠別町字丸松,1228,,
01486-4503-5.zip,202602101146,天塩郡遠別町字丸松,1230,,
01486-4503-5.zip,202602101146,天塩郡遠別町字丸松,1227,,
01486-4503-5.zip,202602101146,天塩郡遠別町字丸松,1226,,
01486-4503-5.zip,202602101146,天塩郡遠別町字丸松,547,,
01486-4503-5.zip,202602101146,天塩郡遠別町字丸松,545,,
01486-4503-5.zip,202602101146,天塩郡遠別町字丸松,544,,
01486-4503-5.zip,202602101146,天塩郡遠別町,地区外-209957,,
01486-4503-5.zip,202602101146,天塩郡遠別町字丸松,549,,
01486-4503-5.zip,202602101146,天塩郡遠別町字丸松,道-1,,
01486-4503-5.zip,202602101146,天塩郡遠別町字丸松,1225,,
01486-4503-5.zip,202602101146,天塩郡遠別町字丸松,548,,
01486-4503-5.zip,202602101146,天塩郡遠別町字丸松,1224,,
01486-4503-5.zip,202602101146,天塩郡遠別町字丸松,890,,
01486-4503-5.zip,202602101146,天塩郡遠別町字丸松,水-15,,
01486-4503-5.zip,202602101146,天塩郡遠別町字丸松,891,,
01486-4503-5.zip,202602101146,天塩郡遠別町字丸松,879,,
01486-4503-5.zip,202602101146,天塩郡遠別町字丸松,道-2,,
01486-4503-5.zip,202602101146,天塩郡遠別町字丸松,889,,
01486-4503-5.zip,202602101146,天塩郡遠別町字丸松,水-16,,
01486-4503-5.zip,202602101146,天塩郡遠別町字丸松,880,,
01486-4503-5.zip,202602101146,天塩郡遠別町字丸松,道-3,,
01486-4503-5.zip,202602101146,天塩郡遠別町字丸松,881,,
01486-4503-5.zip,202602101146,天塩郡遠別町字丸松,1222,,
01486-4503-5.zip,202602101146,天塩郡遠別町,地区外-209974,,
01486-4503-5.zip,202602101146,天塩郡遠別町字丸松,392,,
01486-4503-5.zip,202602101146,天塩郡遠別町字丸松,399,,
01486-4503-5.zip,202602101146,天塩郡遠別町字丸松,522-14,,
01486-4503-5.zip,202602101146,天塩郡遠別町字丸松,522-15,,
01486-4503-5.zip,202602101146,天塩郡遠別町字丸松,522-16,,
01486-4503-5.zip,202602101146,天塩郡遠別町字丸松,522-17,,
01486-4503-5.zip,202602101146,天塩郡遠別町字丸松,523,,
01486-4503-5.zip,202602101146,天塩郡遠別町字丸松,522-5,,
01486-4503-5.zip,202602101146,天塩郡遠別町字丸松,522-4,,
01486-4503-5.zip,202602101146,天塩郡遠別町字丸松,522-10,,
01486-4503-5.zip,202602101146,天塩郡遠別町字丸松,522-11,,
01486-4503-5.zip,202602101146,天塩郡遠別町字丸松,522-12,,
01486-4503-5.zip,202602101146,天塩郡遠別町字丸松,522-13,,
01486-4503-5.zip,202602101146,天塩郡遠別町字丸松,522-3,,
01486-4503-5.zip,202602101146,天塩郡遠別町字丸松,522-1,,
01486-4503-5.zip,202602101146,天塩郡遠別町字丸松,522-9,,
01486-4503-5.zip,202602101146,天塩郡遠別町字丸松,522-8,,
01486-4503-5.zip,202602101146,天塩郡遠別町字丸松,522-2,,
01486-4503-5.zip,202602101146,天塩郡遠別町字丸松,522-18,,
01486-4503-5.zip,202602101146,天塩郡遠別町字丸松,522-7,,
01486-4503-5.zip,202602101146,天塩郡遠別町字丸松,522-6,,
01486-4503-5.zip,202602101146,天塩郡遠別町字丸松,1234,,
01486-4503-5.zip,202602101146,天塩郡遠別町字丸松,1235,,
01486-4503-5.zip,202602101146,天塩郡遠別町字丸松,521,,
01486-4503-5.zip,202602101146,天塩郡遠別町字丸松,526,,
01486-4503-5.zip,202602101146,天塩郡遠別町字丸松,520-8,,
01486-4503-5.zip,202602101146,天塩郡遠別町字丸松,520-6,,
01486-4503-5.zip,202602101146,天塩郡遠別町字丸松,520-7,,
01486-4503-5.zip,202602101146,天塩郡遠別町字丸松,624-2,,
01486-4503-5.zip,202602101146,天塩郡遠別町字丸松,624-1,,
01486-4503-5.zip,202602101146,天塩郡遠別町字丸松,412-3,,
01486-4503-5.zip,202602101146,天塩郡遠別町字丸松,412-1,,
01486-4503-5.zip,202602101146,天塩郡遠別町字丸松,520-5,,
01486-4503-5.zip,202602101146,天塩郡遠別町字丸松,520-4,,
01486-4503-5.zip,202602101146,天塩郡遠別町字丸松,520-3,,
01486-4503-5.zip,202602101146,天塩郡遠別町字丸松,520-2,,
01486-4503-5.zip,202602101146,天塩郡遠別町字丸松,520-1,,
01486-4503-5.zip,202602101146,天塩郡遠別町字丸松,1236,,
01486-4503-5.zip,202602101146,天塩郡遠別町字丸松,407,,
01486-4503-5.zip,202602101146,天塩郡遠別町字丸松,道-4,,
01486-4503-5.zip,202602101146,天塩郡遠別町字丸松,524,,
01486-4503-5.zip,202602101146,天塩郡遠別町字丸松,527,,
01486-4503-5.zip,202602101146,天塩郡遠別町字丸松,1240,,
01486-4503-5.zip,202602101146,天塩郡遠別町字丸松,536,,
01486-4503-5.zip,202602101146,天塩郡遠別町字丸松,1242,,
01486-4503-5.zip,202602101146,天塩郡遠別町字丸松,537-2,,
01486-4503-5.zip,202602101146,天塩郡遠別町字丸松,537-3,,
01486-4503-5.zip,202602101146,天塩郡遠別町字丸松,537-1,,
01486-4503-5.zip,202602101146,天塩郡遠別町字丸松,537-4,,
01486-4503-5.zip,202602101146,天塩郡遠別町字丸松,904,,
01486-4503-5.zip,202602101146,天塩郡遠別町字丸松,406,,
01486-4503-5.zip,202602101146,天塩郡遠別町字丸松,1237,,
01486-4503-5.zip,202602101146,天塩郡遠別町字丸松,525,,
01486-4503-5.zip,202602101146,天塩郡遠別町字丸松,528,,
01486-4503-5.zip,202602101146,天塩郡遠別町字丸松,1239,,
01486-4503-5.zip,202602101146,天塩郡遠別町字丸松,535,,
01486-4503-5.zip,202602101146,天塩郡遠別町字丸松,902,,
01486-4503-5.zip,202602101146,天塩郡遠別町字丸松,1238,,
01486-4503-5.zip,202602101146,天塩郡遠別町字丸松,1233,,
01486-4503-5.zip,202602101146,天塩郡遠別町字丸松,1232,,
01486-4503-5.zip,202602101146,天塩郡遠別町字丸松,543,,
01486-4503-5.zip,202602101146,天塩郡遠別町字丸松,905-2,,
01486-4503-5.zip,202602101146,天塩郡遠別町字丸松,905-1,,
01486-4503-5.zip,202602101146,天塩郡遠別町字丸松,542,,
01486-4503-5.zip,202602101146,天塩郡遠別町字丸松,546,,
01486-4503-5.zip,202602101146,天塩郡遠別町字丸松,550,,
01486-4503-5.zip,202602101146,天塩郡遠別町字丸松,434,,
01486-4503-5.zip,202602101146,天塩郡遠別町字丸松,906,,
01486-4503-5.zip,202602101146,天塩郡遠別町字丸松,413,,
01486-4503-5.zip,202602101146,天塩郡遠別町字丸松,水-17,,
01486-4503-5.zip,202602101146,天塩郡遠別町字丸松,1208,,
01486-4503-5.zip,202602101146,天塩郡遠別町字丸松,414,,
01486-4503-5.zip,202602101146,天塩郡遠別町字丸松,1231,,
01486-4503-5.zip,202602101146,天塩郡遠別町字丸松,529,,
01486-4503-5.zip,202602101146,天塩郡遠別町字丸松,1241,,
01486-4503-5.zip,202602101146,天塩郡遠別町字丸松,540,,
01486-4503-5.zip,202602101146,天塩郡遠別町字丸松,水-18,,
01486-4503-5.zip,202602101146,天塩郡遠別町,地区外-210052,,
01486-4503-5.zip,202602101146,天塩郡遠別町字丸松,533-1,,
01486-4503-5.zip,202602101146,天塩郡遠別町字丸松,539,,
01486-4503-5.zip,202602101146,天塩郡遠別町字丸松,1243,,
01486-4503-5.zip,202602101146,天塩郡遠別町字丸松,538-2,,
01486-4503-5.zip,202602101146,天塩郡遠別町字丸松,538-3,,
01486-4503-5.zip,202602101146,天塩郡遠別町字丸松,538-1,,
01486-4503-5.zip,202602101146,天塩郡遠別町字丸松,903,,
01486-4503-5.zip,202602101146,天塩郡遠別町,地区外-210060,,
01486-4503-5.zip,202602101146,天塩郡遠別町字丸松,水-19,,
01486-4503-5.zip,202602101146,天塩郡遠別町字丸松,362-1,,
01486-4503-5.zip,202602101146,天塩郡遠別町字丸松,1207,,
01486-4503-5.zip,202602101146,天塩郡遠別町字丸松,365,,
01486-4503-5.zip,202602101146,天塩郡遠別町字丸松,水-20,,
01486-4503-5.zip,202602101146,天塩郡遠別町字丸松,363,,
01486-4503-5.zip,202602101146,天塩郡遠別町字丸松,1206,,
01486-4503-5.zip,202602101146,天塩郡遠別町,地区外-210068,,
01486-4503-5.zip,202602101146,天塩郡遠別町字丸松,1205,,
01486-4503-5.zip,202602101146,天塩郡遠別町字丸松,412-2,,
01486-4503-5.zip,202602101146,天塩郡遠別町字丸松,362-15,,
01486-4503-5.zip,202602101146,天塩郡遠別町字丸松,419,,
01486-4503-5.zip,202602101146,天塩郡遠別町字丸松,1209,,
01486-4503-5.zip,202602101146,天塩郡遠別町字丸松,417,,
01486-4503-5.zip,202602101146,天塩郡遠別町字丸松,415,,
01486-4503-5.zip,202602101146,天塩郡遠別町字丸松,416,,
01486-4503-5.zip,202602101146,天塩郡遠別町字丸松,418,,
01486-4503-5.zip,202602101146,天塩郡遠別町字丸松,882,,
01486-4503-5.zip,202602101146,天塩郡遠別町字丸松,水-21,,
01486-4503-5.zip,202602101146,天塩郡遠別町字丸松,883,,
01486-4503-5.zip,202602101146,天塩郡遠別町字丸松,1223,,
01486-4503-5.zip,202602101146,天塩郡遠別町字丸松,1201,,
01486-4503-5.zip,202602101146,天塩郡遠別町字丸松,1203,,
01486-4503-5.zip,202602101146,天塩郡遠別町字丸松,1202,,
01486-4503-5.zip,202602101146,天塩郡遠別町字丸松,1204,,
01486-4503-5.zip,202602101146,天塩郡遠別町,地区外-210086,,
01486-4503-5.zip,202602101146,天塩郡遠別町字丸松,308,,
01486-4503-5.zip,202602101146,天塩郡遠別町字丸松,水-22,,
01486-4503-5.zip,202602101146,天塩郡遠別町字丸松,1200,,
01486-4503-5.zip,202602101146,天塩郡遠別町字丸松,309-1,,
01486-4503-5.zip,202602101146,天塩郡遠別町字丸松,1199,,
01486-4503-5.zip,202602101146,天塩郡遠別町字丸松,水-23,,
01486-4503-5.zip,202602101146,天塩郡遠別町字丸松,284-22,,
01486-4503-5.zip,202602101146,天塩郡遠別町字丸松,284-34,,
01486-4503-5.zip,202602101146,天塩郡遠別町字丸松,水-24,,
01486-4503-5.zip,202602101146,天塩郡遠別町,地区外-210096,,
01486-4503-5.zip,202602101146,天塩郡遠別町字丸松,284-14,,
01486-4503-5.zip,202602101146,天塩郡遠別町字丸松,279,,
01486-4503-5.zip,202602101146,天塩郡遠別町字丸松,284-6,,
01486-4503-5.zip,202602101146,天塩郡遠別町字丸松,284-17,,
01486-4503-5.zip,202602101146,天塩郡遠別町字丸松,283,,
01486-4503-5.zip,202602101146,天塩郡遠別町字丸松,284-21,,
01486-4503-5.zip,202602101146,天塩郡遠別町字丸松,284-18,,
01486-4503-5.zip,202602101146,天塩郡遠別町字丸松,284-16,,
01486-4503-5.zip,202602101146,天塩郡遠別町字丸松,284-15,,
01486-4503-5.zip,202602101146,天塩郡遠別町字丸松,284-13,,
01486-4503-5.zip,202602101146,天塩郡遠別町字丸松,284-4,,
01486-4503-5.zip,202602101146,天塩郡遠別町字丸松,284-5,,
01486-4503-5.zip,202602101146,天塩郡遠別町字丸松,284-12,,
01486-4503-5.zip,202602101146,天塩郡遠別町字丸松,284-11,,
01486-4503-5.zip,202602101146,天塩郡遠別町字丸松,284-20,,
01486-4503-5.zip,202602101146,天塩郡遠別町,地区外-210112,,
01486-4503-5.zip,202602101146,天塩郡遠別町,地区外-210113,,
01486-4503-5.zip,202602101146,天塩郡遠別町字啓明,827-3,,
01486-4503-5.zip,202602101146,天塩郡遠別町字啓明,587-1,,
01486-4503-5.zip,202602101146,天塩郡遠別町字啓明,822-1,,
01486-4503-5.zip,202602101146,天塩郡遠別町字啓明,588-1,,
01486-4503-5.zip,202602101146,天塩郡遠別町字啓明,652-1,,
01486-4503-5.zip,202602101146,天塩郡遠別町字啓明,828-1,,
01486-4503-5.zip,202602101146,天塩郡遠別町字啓明,道-5,,
01486-4503-5.zip,202602101146,天塩郡遠別町字啓明,道-6,,
01486-4503-5.zip,202602101146,天塩郡遠別町字啓明,589-1,,
01486-4503-5.zip,202602101146,天塩郡遠別町字啓明,1095,,
01486-4503-5.zip,202602101146,天塩郡遠別町字啓明,117-2,,
01486-4503-5.zip,202602101146,天塩郡遠別町字啓明,117-3,,
01486-4503-5.zip,202602101146,天塩郡遠別町字啓明,1024,,
01486-4503-5.zip,202602101146,天塩郡遠別町字啓明,117-1,,
01486-4503-5.zip,202602101146,天塩郡遠別町字啓明,107-1,,
01486-4503-5.zip,202602101146,天塩郡遠別町字啓明,道-7,,
01486-4503-5.zip,202602101146,天塩郡遠別町字啓明,107-4,,
01486-4503-5.zip,202602101146,天塩郡遠別町字啓明,912-1,,
01486-4503-5.zip,202602101146,天塩郡遠別町字啓明,597-1,,
01486-4503-5.zip,202602101146,天塩郡遠別町字啓明,972-3,,
01486-4503-5.zip,202602101146,天塩郡遠別町字啓明,972-2,,
01486-4503-5.zip,202602101146,天塩郡遠別町字啓明,972-1,,
01486-4503-5.zip,202602101146,天塩郡遠別町字啓明,982,,
01486-4503-5.zip,202602101146,天塩郡遠別町,地区外-210137,,
01486-4503-5.zip,202602101146,天塩郡遠別町字啓明,長狭物不明-1,,
01486-4503-5.zip,202602101146,天塩郡遠別町字啓明,水-25,,
01486-4503-5.zip,202602101146,天塩郡遠別町字啓明,609-1,,
01486-4503-5.zip,202602101146,天塩郡遠別町字啓明,610-1,,
01486-4503-5.zip,202602101146,天塩郡遠別町字啓明,50-1,,
01486-4503-5.zip,202602101146,天塩郡遠別町字啓明,584-1,,
01486-4503-5.zip,202602101146,天塩郡遠別町字啓明,道-8,,
01486-4503-5.zip,202602101146,天塩郡遠別町字啓明,52-1,,
01486-4503-5.zip,202602101146,天塩郡遠別町字啓明,水-26,,
01486-4503-5.zip,202602101146,天塩郡遠別町字啓明,1021,,
01486-4503-5.zip,202602101146,天塩郡遠別町字啓明,57-1,,
01486-4503-5.zip,202602101146,天塩郡遠別町字啓明,54-1,,
01486-4503-5.zip,202602101146,天塩郡遠別町字啓明,55-3,,
01486-4503-5.zip,202602101146,天塩郡遠別町字啓明,54-2,,
01486-4503-5.zip,202602101146,天塩郡遠別町字啓明,1096,,
01486-4503-5.zip,202602101146,天塩郡遠別町字啓明,1023,,
01486-4503-5.zip,202602101146,天塩郡遠別町字啓明,55-2,,
01486-4503-5.zip,202602101146,天塩郡遠別町字啓明,137-1,,
01486-4503-5.zip,202602101146,天塩郡遠別町字啓明,983,,
01486-4503-5.zip,202602101146,天塩郡遠別町字啓明,962-1,,
01486-4503-5.zip,202602101146,天塩郡遠別町字啓明,962-2,,
01486-4503-5.zip,202602101146,天塩郡遠別町字啓明,966-1,,
01486-4503-5.zip,202602101146,天塩郡遠別町字啓明,水-27,,
01486-4503-5.zip,202602101146,天塩郡遠別町字啓明,704-2,,
01486-4503-5.zip,202602101146,天塩郡遠別町字啓明,958-2,,
01486-4503-5.zip,202602101146,天塩郡遠別町字啓明,長狭物不明-2,,
01486-4503-5.zip,202602101146,天塩郡遠別町字啓明,1092,,
01486-4503-5.zip,202602101146,天塩郡遠別町字啓明,118-1,,
01486-4503-5.zip,202602101146,天塩郡遠別町字啓明,704-1,,
01486-4503-5.zip,202602101146,天塩郡遠別町字啓明,長狭物不明-3,,
01486-4503-5.zip,202602101146,天塩郡遠別町字啓明,966-2,,
01486-4503-5.zip,202602101146,天塩郡遠別町字啓明,118-3,,
01486-4503-5.zip,202602101146,天塩郡遠別町字啓明,118-2,,
01486-4503-5.zip,202602101146,天塩郡遠別町字啓明,53,,
01486-4503-5.zip,202602101146,天塩郡遠別町字啓明,1022,,
01486-4503-5.zip,202602101146,天塩郡遠別町字啓明,580-1,,
01486-4503-5.zip,202602101146,天塩郡遠別町字啓明,146-1,,
01486-4503-5.zip,202602101146,天塩郡遠別町字啓明,144-4,,
01486-4503-5.zip,202602101146,天塩郡遠別町字啓明,道-9,,
01486-4503-5.zip,202602101146,天塩郡遠別町字啓明,137-2,,
01486-4503-5.zip,202602101146,天塩郡遠別町字啓明,971-2,,
01486-4503-5.zip,202602101146,天塩郡遠別町字啓明,971-1,,
01486-4503-5.zip,202602101146,天塩郡遠別町字啓明,1093,,
01486-4503-5.zip,202602101146,天塩郡遠別町字啓明,1094,,
01486-4503-5.zip,202602101146,天塩郡遠別町字啓明,長狭物不明-4,,
01486-4503-5.zip,202602101146,天塩郡遠別町字啓明,水-28,,
01486-4503-5.zip,202602101146,天塩郡遠別町字啓明,144-1,,
01486-4503-5.zip,202602101146,天塩郡遠別町字啓明,道-10,,
01486-4503-5.zip,202602101146,天塩郡遠別町字啓明,586-14,,
01486-4503-5.zip,202602101146,天塩郡遠別町字啓明,586-1,,
01486-4503-5.zip,202602101146,天塩郡遠別町字啓明,586-12,,
01486-4503-5.zip,202602101146,天塩郡遠別町字啓明,道-11,,
01486-4503-5.zip,202602101146,天塩郡遠別町字啓明,586-13,,
01486-4503-5.zip,202602101146,天塩郡遠別町字啓明,586-4,,
01486-4503-5.zip,202602101146,天塩郡遠別町字啓明,586-15,,
01486-4503-5.zip,202602101146,天塩郡遠別町字啓明,586-16,,
01486-4503-5.zip,202602101146,天塩郡遠別町,地区外-210197,,
01486-4503-5.zip,202602101146,天塩郡遠別町字丸松,284-1,,
01486-4503-5.zip,202602101146,天塩郡遠別町字丸松,278,,
01486-4503-5.zip,202602101146,天塩郡遠別町字丸松,284-36,,
01486-4503-5.zip,202602101146,天塩郡遠別町字丸松,284-3,,
01486-4503-5.zip,202602101146,天塩郡遠別町字丸松,284-35,,
01486-4503-5.zip,202602101146,天塩郡遠別町字丸松,水-29,,
01486-4503-5.zip,202602101146,天塩郡遠別町字丸松,284-7,,
01486-4503-5.zip,202602101146,天塩郡遠別町字丸松,水-30,,
01486-4503-5.zip,202602101146,天塩郡遠別町字丸松,1155,,
01486-4503-5.zip,202602101146,天塩郡遠別町字丸松,1149,,
01486-4503-5.zip,202602101146,天塩郡遠別町,地区外-210208,,
01486-4503-5.zip,202602101146,天塩郡遠別町字丸松,1150,,
01486-4503-5.zip,202602101146,天塩郡遠別町字丸松,1152,,
01486-4503-5.zip,202602101146,天塩郡遠別町字丸松,1154,,
01486-4503-5.zip,202602101146,天塩郡遠別町字丸松,895-1,,
01486-4503-5.zip,202602101146,天塩郡遠別町字丸松,1151,,
01486-4503-5.zip,202602101146,天塩郡遠別町字丸松,1153,,
01486-4503-5.zip,202602101146,天塩郡遠別町字啓明,669-1,,
01486-4503-5.zip,202602101146,天塩郡遠別町字啓明,道-12,,
01486-4503-5.zip,202602101146,天塩郡遠別町,地区外-210217,,
01486-4503-5.zip,202602101146,天塩郡遠別町字啓明,667-5,,
01486-4503-5.zip,202602101146,天塩郡遠別町字啓明,道-13,,
01486-4503-5.zip,202602101146,天塩郡遠別町字啓明,666-5,,
01486-4503-5.zip,202602101146,天塩郡遠別町字啓明,水-31,,
01486-4503-5.zip,202602101146,天塩郡遠別町字啓明,617-1,,
01486-4503-5.zip,202602101146,天塩郡遠別町字啓明,616-1,,
01486-4503-5.zip,202602101146,天塩郡遠別町字啓明,821-1,,
01486-4503-5.zip,202602101146,天塩郡遠別町字啓明,821-3,,
01486-4503-5.zip,202602101146,天塩郡遠別町字啓明,590-3,,
01486-4503-5.zip,202602101146,天塩郡遠別町字啓明,668-1,,
01486-4503-5.zip,202602101146,天塩郡遠別町字啓明,水-32,,
01486-4503-5.zip,202602101146,天塩郡遠別町字啓明,619-1,,
01486-4503-5.zip,202602101146,天塩郡遠別町字啓明,618-3,,
01486-4503-5.zip,202602101146,天塩郡遠別町字啓明,618-1,,
01486-4503-5.zip,202602101146,天塩郡遠別町字啓明,618-4,,
01486-4503-5.zip,202602101146,天塩郡遠別町字啓明,861-1,,
01486-4503-5.zip,202602101146,天塩郡遠別町字啓明,861-3,,
01486-4503-5.zip,202602101146,天塩郡遠別町字啓明,610-3,,
01486-4503-5.zip,202602101146,天塩郡遠別町字啓明,667-4,,
01486-4503-5.zip,202602101146,天塩郡遠別町字啓明,666-4,,
01486-4503-5.zip,202602101146,天塩郡遠別町字啓明,830-1,,
01486-4503-5.zip,202602101146,天塩郡遠別町字啓明,666-3,,
01486-4503-5.zip,202602101146,天塩郡遠別町字啓明,666-1,,
01486-4503-5.zip,202602101146,天塩郡遠別町字啓明,666-2,,
01486-4503-5.zip,202602101146,天塩郡遠別町字啓明,855-1,,
01486-4503-5.zip,202602101146,天塩郡遠別町字啓明,879,,
01486-4503-5.zip,202602101146,天塩郡遠別町字啓明,829-1,,
01486-4503-5.zip,202602101146,天塩郡遠別町字啓明,615,,
01486-4503-5.zip,202602101146,天塩郡遠別町字啓明,829-2,,
01486-4503-5.zip,202602101146,天塩郡遠別町字啓明,613-1,,
01486-4503-5.zip,202602101146,天塩郡遠別町字啓明,829-3,,
01486-4503-5.zip,202602101146,天塩郡遠別町字啓明,613-2,,
01486-4503-5.zip,202602101146,天塩郡遠別町字啓明,827-1,,
01486-4503-5.zip,202602101146,天塩郡遠別町字啓明,道-14,,
01486-4503-5.zip,202602101146,天塩郡遠別町字啓明,667-3,,
01486-4503-5.zip,202602101146,天塩郡遠別町字啓明,667-2,,
01486-4503-5.zip,202602101146,天塩郡遠別町字啓明,667-1,,
01486-4503-5.zip,202602101146,天塩郡遠別町字啓明,832-1,,
01486-4503-5.zip,202602101146,天塩郡遠別町字啓明,778-1,,
01486-4503-5.zip,202602101146,天塩郡遠別町字啓明,665-2,,
01486-4503-5.zip,202602101146,天塩郡遠別町字啓明,665-1,,
01486-4503-5.zip,202602101146,天塩郡遠別町字啓明,851-1,,
01486-4503-5.zip,202602101146,天塩郡遠別町字啓明,663-5,,
01486-4503-5.zip,202602101146,天塩郡遠別町字啓明,663-4,,
01486-4503-5.zip,202602101146,天塩郡遠別町字啓明,662-5,,
01486-4503-5.zip,202602101146,天塩郡遠別町字啓明,664-1,,
01486-4503-5.zip,202602101146,天塩郡遠別町字啓明,664-2,,
01486-4503-5.zip,202602101146,天塩郡遠別町字啓明,833,,
01486-4503-5.zip,202602101146,天塩郡遠別町字啓明,614,,
01486-4503-5.zip,202602101146,天塩郡遠別町字啓明,612,,
01486-4503-5.zip,202602101146,天塩郡遠別町字啓明,587-4,,
01486-4503-5.zip,202602101146,天塩郡遠別町,地区外-210269,,
01486-4503-5.zip,202602101146,天塩郡遠別町字啓明,663-3,,
01486-4503-5.zip,202602101146,天塩郡遠別町字啓明,662-4,,
01486-4503-5.zip,202602101146,天塩郡遠別町字啓明,662-3,,
01486-4503-5.zip,202602101146,天塩郡遠別町字啓明,817,,
01486-4503-5.zip,202602101146,天塩郡遠別町字啓明,662-2,,
01486-4503-5.zip,202602101146,天塩郡遠別町字啓明,814,,
01486-4503-5.zip,202602101146,天塩郡遠別町字啓明,844,,
01486-4503-5.zip,202602101146,天塩郡遠別町字啓明,662-1,,
01486-4503-5.zip,202602101146,天塩郡遠別町字啓明,611-1,,
01486-4503-5.zip,202602101146,天塩郡遠別町字啓明,660-1,,
01486-4503-5.zip,202602101146,天塩郡遠別町字啓明,1019,,
01486-4503-5.zip,202602101146,天塩郡遠別町字啓明,14-2,,
01486-4503-5.zip,202602101146,天塩郡遠別町字啓明,12-1,,
01486-4503-5.zip,202602101146,天塩郡遠別町字啓明,9-3,,
01486-4503-5.zip,202602101146,天塩郡遠別町字啓明,9-1,,
01486-4503-5.zip,202602101146,天塩郡遠別町字啓明,9-2,,
01486-4503-5.zip,202602101146,天塩郡遠別町字啓明,1020,,
01486-4503-5.zip,202602101146,天塩郡遠別町字啓明,1013,,
01486-4503-5.zip,202602101146,天塩郡遠別町字啓明,15-1,,
01486-4503-5.zip,202602101146,天塩郡遠別町字啓明,11,,
01486-4503-5.zip,202602101146,天塩郡遠別町字啓明,650-1,,
01486-4503-5.zip,202602101146,天塩郡遠別町字啓明,651-1,,
01486-4503-5.zip,202602101146,天塩郡遠別町字啓明,812-1,,
01486-4503-5.zip,202602101146,天塩郡遠別町字啓明,59-5,,
01486-4503-5.zip,202602101146,天塩郡遠別町字啓明,650-3,,
01486-4503-5.zip,202602101146,天塩郡遠別町字啓明,812-4,,
01486-4503-5.zip,202602101146,天塩郡遠別町字啓明,59-2,,
01486-4503-5.zip,202602101146,天塩郡遠別町字啓明,59-1,,
01486-4503-5.zip,202602101146,天塩郡遠別町字啓明,586-10,,
01486-4503-5.zip,202602101146,天塩郡遠別町字啓明,942,,
01486-4503-5.zip,202602101146,天塩郡遠別町字啓明,49-1,,
01486-4503-5.zip,202602101146,天塩郡遠別町字啓明,10,,
01486-4503-5.zip,202602101146,天塩郡遠別町字啓明,58-1,,
01486-4503-5.zip,202602101146,天塩郡遠別町字啓明,36-1,,
01486-4503-5.zip,202602101146,天塩郡遠別町,地区外-210304,,
01486-4503-5.zip,202602101146,天塩郡遠別町字啓明,1015,,
01486-4503-5.zip,202602101146,天塩郡遠別町字啓明,14-4,,
01486-4503-5.zip,202602101146,天塩郡遠別町字啓明,1016,,
01486-4503-5.zip,202602101146,天塩郡遠別町字啓明,1014,,
01486-4503-5.zip,202602101146,天塩郡遠別町字啓明,14-13,,
01486-4503-5.zip,202602101146,天塩郡遠別町字啓明,1017,,
01486-4503-5.zip,202602101146,天塩郡遠別町字啓明,661-1,,
01486-4503-5.zip,202602101146,天塩郡遠別町字啓明,14-3,,
01486-4503-5.zip,202602101146,天塩郡遠別町字啓明,1018,,
01486-4503-5.zip,202602101146,天塩郡遠別町字啓明,661-2,,
01486-4503-5.zip,202602101146,天塩郡遠別町字啓明,663-6,,
01486-4503-5.zip,202602101146,天塩郡遠別町字啓明,663-2,,
01486-4503-5.zip,202602101146,天塩郡遠別町字啓明,663-1,,
01486-4503-5.zip,202602101146,天塩郡遠別町字啓明,663-7,,
01486-4503-5.zip,202602101146,天塩郡遠別町,地区外-210320,,
01486-4503-5.zip,202602101146,天塩郡遠別町字丸松,510-1,,
01486-4503-5.zip,202602101146,天塩郡遠別町字丸松,508,,
01486-4503-5.zip,202602101146,天塩郡遠別町字丸松,1216,,
01486-4503-5.zip,202602101146,天塩郡遠別町字丸松,874,,
01486-4503-5.zip,202602101146,天塩郡遠別町字丸松,875,,
01486-4503-5.zip,202602101146,天塩郡遠別町字丸松,1217,,
01486-4503-5.zip,202602101146,天塩郡遠別町字丸松,507-1,,
01486-4503-5.zip,202602101146,天塩郡遠別町字丸松,道-15,,
01486-4503-5.zip,202602101146,天塩郡遠別町字丸松,877,,
01486-4503-5.zip,202602101146,天塩郡遠別町字丸松,1219,,
01486-4503-5.zip,202602101146,天塩郡遠別町字丸松,873,,
01486-4503-5.zip,202602101146,天塩郡遠別町字丸松,1220,,
01486-4503-5.zip,202602101146,天塩郡遠別町字丸松,878,,
01486-4503-5.zip,202602101146,天塩郡遠別町字丸松,水-34,,
01486-4503-5.zip,202602101146,天塩郡遠別町字丸松,1221,,
01486-4503-5.zip,202602101146,天塩郡遠別町字丸松,892,,
01486-4503-5.zip,202602101146,天塩郡遠別町字丸松,951,,
01486-4503-5.zip,202602101146,天塩郡遠別町,地区外-210338,,
01486-4503-5.zip,202602101146,天塩郡遠別町字丸松,507-2,,
01486-4503-5.zip,202602101146,天塩郡遠別町,地区外-210340,,
01486-4503-5.zip,202602101146,天塩郡遠別町字丸松,道-16,,
01486-4503-5.zip,202602101146,天塩郡遠別町字丸松,509,,
01486-4503-5.zip,202602101146,天塩郡遠別町字丸松,422,,
01486-4503-5.zip,202602101146,天塩郡遠別町字丸松,1210,,
01486-4503-5.zip,202602101146,天塩郡遠別町字丸松,423,,
01486-4503-5.zip,202602101146,天塩郡遠別町字丸松,426,,
01486-4503-5.zip,202602101146,天塩郡遠別町字丸松,424,,
01486-4503-5.zip,202602101146,天塩郡遠別町字丸松,421,,
01486-4503-5.zip,202602101146,天塩郡遠別町字丸松,430,,
01486-4503-5.zip,202602101146,天塩郡遠別町字丸松,429,,
01486-4503-5.zip,202602101146,天塩郡遠別町字丸松,428,,
01486-4503-5.zip,202602101146,天塩郡遠別町字丸松,1218,,
01486-4503-5.zip,202602101146,天塩郡遠別町字丸松,1215,,
01486-4503-5.zip,202602101146,天塩郡遠別町字丸松,427,,
01486-4503-5.zip,202602101146,天塩郡遠別町,地区外-210355,,
01486-4503-5.zip,202602101146,天塩郡遠別町,地区外-210356,,
01486-4503-5.zip,202602101146,天塩郡遠別町,地区外-210357,,
01486-4503-5.zip,202602101146,天塩郡遠別町字丸松,513,,
01486-4503-5.zip,202602101146,天塩郡遠別町字丸松,510-2,,
01486-4503-5.zip,202602101146,天塩郡遠別町字丸松,1211,,
01486-4503-5.zip,202602101146,天塩郡遠別町字丸松,1213,,
01486-4503-5.zip,202602101146,天塩郡遠別町字丸松,1212,,
01486-4503-5.zip,202602101146,天塩郡遠別町字丸松,1214,,
01486-4503-5.zip,202602101146,天塩郡遠別町,地区外-210364,,
01486-4503-5.zip,202602101146,天塩郡遠別町,地区外-210365,,
01486-4503-5.zip,202602101146,天塩郡遠別町,地区外-210366,,
01486-4503-5.zip,202602101146,天塩郡遠別町字丸松,331-1,,
01486-4503-5.zip,202602101146,天塩郡遠別町字丸松,1259,,
01486-4503-5.zip,202602101146,天塩郡遠別町,地区外-210369,,
01486-4503-5.zip,202602101146,天塩郡遠別町,地区外-210370,,
01486-4503-5.zip,202602101146,天塩郡遠別町字丸松,239-1,,
01486-4503-5.zip,202602101146,天塩郡遠別町,地区外-210372,,
01486-4503-5.zip,202602101146,天塩郡遠別町,地区外-210373,,
01486-4503-5.zip,202602101146,天塩郡遠別町字丸松,1252,,
01486-4503-5.zip,202602101146,天塩郡遠別町字丸松,1251,,
01486-4503-5.zip,202602101146,天塩郡遠別町字丸松,水-35,,
01486-4503-5.zip,202602101146,天塩郡遠別町字丸松,1250,,
01486-4503-5.zip,202602101146,天塩郡遠別町字丸松,244,,
01486-4503-5.zip,202602101146,天塩郡遠別町,地区外-210379,,
01486-4503-5.zip,202602101146,天塩郡遠別町字丸松,239-2,,
01486-4503-5.zip,202602101146,天塩郡遠別町字丸松,239-4,,
01486-4503-5.zip,202602101146,天塩郡遠別町,地区外-210382,,
01486-4503-5.zip,202602101146,天塩郡遠別町,地区外-210383,,
01486-4503-5.zip,202602101146,天塩郡遠別町字丸松,1255,,
01486-4503-5.zip,202602101146,天塩郡遠別町字丸松,238-1,,
01486-4503-5.zip,202602101146,天塩郡遠別町字丸松,239-7,,
01486-4503-5.zip,202602101146,天塩郡遠別町字丸松,239-9,,
01486-4503-5.zip,202602101146,天塩郡遠別町字丸松,1256,,
01486-4503-5.zip,202602101146,天塩郡遠別町字丸松,143,,
01486-4503-5.zip,202602101146,天塩郡遠別町字丸松,1257,,
01486-4503-5.zip,202602101146,天塩郡遠別町,地区外-210391,,
01486-4503-5.zip,202602101146,天塩郡遠別町字丸松,1258,,
01486-4503-5.zip,202602101146,天塩郡遠別町字啓明,1007,,
01486-4503-5.zip,202602101146,天塩郡遠別町字啓明,1008,,
01486-4503-5.zip,202602101146,天塩郡遠別町字啓明,長狭物不明-5,,
01486-4503-5.zip,202602101146,天塩郡遠別町字啓明,水-36,,
01486-4503-5.zip,202602101146,天塩郡遠別町字啓明,長狭物不明-6,,
01486-4503-5.zip,202602101146,天塩郡遠別町字啓明,583-1,,
01486-4503-5.zip,202602101146,天塩郡遠別町字啓明,1098,,
01486-4503-5.zip,202602101146,天塩郡遠別町字啓明,1099,,
01486-4503-5.zip,202602101146,天塩郡遠別町字啓明,1006,,
01486-4503-5.zip,202602101146,天塩郡遠別町字啓明,585-3,,
01486-4503-5.zip,202602101146,天塩郡遠別町字啓明,585-1,,
01486-4503-5.zip,202602101146,天塩郡遠別町字啓明,1009,,
01486-4503-5.zip,202602101146,天塩郡遠別町字啓明,道-17,,
01486-4503-5.zip,202602101146,天塩郡遠別町字啓明,585-6,,
01486-4503-5.zip,202602101146,天塩郡遠別町字啓明,道-18,,
01486-4503-5.zip,202602101146,天塩郡遠別町字啓明,584-5,,
01486-4503-5.zip,202602101146,天塩郡遠別町字丸松,水-37,,
01486-4503-5.zip,202602101146,天塩郡遠別町,地区外-210410,,
01486-4503-5.zip,202602101146,天塩郡遠別町字丸松,1254,,
01486-4503-5.zip,202602101146,天塩郡遠別町字丸松,1253,,
01486-4503-5.zip,202602101146,天塩郡遠別町,地区外-210413,,
01486-4503-5.zip,202602101146,天塩郡遠別町字丸松,水-38,,
01486-4503-5.zip,202602101146,天塩郡遠別町字丸松,238-2,,
01486-4503-5.zip,202602101146,天塩郡遠別町字丸松,238-3,,
01486-4503-5.zip,202602101146,天塩郡遠別町字丸松,239-5,,
01486-4503-5.zip,202602101146,天塩郡遠別町字丸松,239-6,,
01486-4503-5.zip,202602101146,天塩郡遠別町,地区外-210419,,
01486-4503-5.zip,202602101146,天塩郡遠別町字丸松,水-39,,
01486-4503-5.zip,202602101146,天塩郡遠別町,地区外-210421,,
01486-4503-5.zip,202602101146,天塩郡遠別町字啓明,14-1,,
01486-4503-5.zip,202602101146,天塩郡遠別町,地区外-210423,,
01486-4503-5.zip,202602101146,天塩郡遠別町字啓明,1000,,
01486-4503-5.zip,202602101146,天塩郡遠別町字啓明,1001,,
01486-4503-5.zip,202602101146,天塩郡遠別町字啓明,1010,,
01486-4503-5.zip,202602101146,天塩郡遠別町字啓明,31-1,,
01486-4503-5.zip,202602101146,天塩郡遠別町字啓明,1005,,
01486-4503-5.zip,202602101146,天塩郡遠別町字啓明,水-40,,
01486-4503-5.zip,202602101146,天塩郡遠別町字啓明,29,,
01486-4503-5.zip,202602101146,天塩郡遠別町字啓明,1004,,
01486-4503-5.zip,202602101146,天塩郡遠別町字啓明,25,,
01486-4503-5.zip,202602101146,天塩郡遠別町字啓明,1003,,
01486-4503-5.zip,202602101146,天塩郡遠別町字啓明,18-1,,
01486-4503-5.zip,202602101146,天塩郡遠別町字啓明,1002,,
01486-4503-5.zip,202602101146,天塩郡遠別町字啓明,18-5,,
01486-4503-5.zip,202602101146,天塩郡遠別町字啓明,17-1,,
01486-4503-5.zip,202602101146,天塩郡遠別町字啓明,17-3,,
01486-4503-5.zip,202602101146,天塩郡遠別町字啓明,道-19,,
01486-4503-5.zip,202602101146,天塩郡遠別町字啓明,水-41,,
01486-4503-5.zip,202602101146,天塩郡遠別町字啓明,道-20,,
01486-4503-5.zip,202602101146,天塩郡遠別町字啓明,水-42,,
01486-4503-5.zip,202602101146,天塩郡遠別町字啓明,道-21,,
01486-4503-5.zip,202602101146,天塩郡遠別町字啓明,21-3,,
01486-4503-5.zip,202602101146,天塩郡遠別町字啓明,21-1,,
01486-4503-5.zip,202602101146,天塩郡遠別町字啓明,21-4,,
01486-4503-5.zip,202602101146,天塩郡遠別町字啓明,19-4,,
01486-4503-5.zip,202602101146,天塩郡遠別町字啓明,19-3,,
01486-4503-5.zip,202602101146,天塩郡遠別町字啓明,28,,
01486-4503-5.zip,202602101146,天塩郡遠別町字啓明,32-1,,
01486-4503-5.zip,202602101146,天塩郡遠別町字啓明,34-1,,
01486-4503-5.zip,202602101146,天塩郡遠別町字啓明,1011,,
01486-4503-5.zip,202602101146,天塩郡遠別町字啓明,24-1,,
01486-4503-5.zip,202602101146,天塩郡遠別町字啓明,22-3,,
01486-4503-5.zip,202602101146,天塩郡遠別町字啓明,22-1,,
01486-4503-5.zip,202602101146,天塩郡遠別町字啓明,1012,,
01486-4503-5.zip,202602101146,天塩郡遠別町字啓明,22-4,,
01486-4503-5.zip,202602101146,天塩郡遠別町字啓明,23-1,,
01486-4503-5.zip,202602101146,天塩郡遠別町字啓明,23-4,,
01486-4503-5.zip,202602101146,天塩郡遠別町字啓明,34-5,,
01486-4503-5.zip,202602101146,天塩郡遠別町字啓明,36-2,,
01486-4503-5.zip,202602101146,天塩郡遠別町字啓明,36-5,,
01486-4503-5.zip,202602101146,天塩郡遠別町字啓明,17-4,,
01486-4503-5.zip,202602101146,天塩郡遠別町字啓明,18-6,,
01486-4503-5.zip,202602101146,天塩郡遠別町字啓明,19-1,,
01486-4503-5.zip,202602101146,天塩郡遠別町字啓明,18-4,,
01486-4503-5.zip,202602101146,天塩郡遠別町,地区外-210467,,
01486-4503-5.zip,202602101146,天塩郡遠別町字啓明,道-22,,
01486-4503-5.zip,202602101146,天塩郡遠別町字啓明,610-4,,
01486-4503-5.zip,202602101146,天塩郡遠別町字啓明,608-1,,
01486-4503-5.zip,202602101146,天塩郡遠別町字啓明,水-43,,
01486-4503-5.zip,202602101146,天塩郡遠別町,地区外-210472,,
01486-4503-5.zip,202602101146,天塩郡遠別町字啓明,長狭物不明-7,,
01486-4503-5.zip,202602101146,天塩郡遠別町字啓明,道-23,,
01486-4503-5.zip,202602101146,天塩郡遠別町字啓明,道-24,,
01486-4503-5.zip,202602101146,天塩郡遠別町字啓明,80-1,,
01486-4503-5.zip,202602101146,天塩郡遠別町字啓明,水-44,,
01486-4503-5.zip,202602101146,天塩郡遠別町字啓明,77,,
01486-4503-5.zip,202602101146,天塩郡遠別町字啓明,658-1,,
01486-4503-5.zip,202602101146,天塩郡遠別町字啓明,1097,,
01486-4503-5.zip,202602101146,天塩郡遠別町字啓明,1025,,
01486-4503-5.zip,202602101146,天塩郡遠別町,地区外-210485,,
01486-4503-5.zip,202602101146,天塩郡遠別町字啓明,669-3,,
01486-4503-5.zip,202602101146,天塩郡遠別町字啓明,669-4,,
01486-4503-5.zip,202602101146,天塩郡遠別町字啓明,668-4,,
01486-4503-5.zip,202602101146,天塩郡遠別町字啓明,836-1,,
01486-4503-5.zip,202602101146,天塩郡遠別町字啓明,619-4,,
01486-4503-5.zip,202602101146,天塩郡遠別町字啓明,618-2,,
01486-4503-5.zip,202602101146,天塩郡遠別町字啓明,836-3,,
01486-4503-5.zip,202602101146,天塩郡遠別町字啓明,668-3,,
01486-4503-5.zip,202602101146,天塩郡遠別町,地区外-210494,,
01486-4503-5.zip,202602101146,天塩郡遠別町字丸松,水-45,,
01486-4503-5.zip,202602101146,天塩郡遠別町字丸松,541,,
01486-4503-5.zip,202602101146,天塩郡遠別町字丸松,1246,,
01486-4503-5.zip,202602101146,天塩郡遠別町字丸松,534-2,,
01486-4503-5.zip,202602101146,天塩郡遠別町字丸松,534-3,,
01486-4503-5.zip,202602101146,天塩郡遠別町字丸松,534-1,,
01486-4503-5.zip,202602101146,天塩郡遠別町字丸松,533-3,,
01486-4503-5.zip,202602101146,天塩郡遠別町字丸松,1245,,
01486-4503-5.zip,202602101146,天塩郡遠別町字丸松,533-2,,
01486-4503-5.zip,202602101146,天塩郡遠別町,地区外-210504,,
01486-4503-5.zip,202602101146,天塩郡遠別町字丸松,332,,
01486-4503-5.zip,202602101146,天塩郡遠別町,地区外-210506,,
01486-4503-5.zip,202602101146,天塩郡遠別町字丸松,333,,
01486-4503-5.zip,202602101146,天塩郡遠別町字丸松,1247,,
01486-4503-5.zip,202602101146,天塩郡遠別町,地区外-210509,,
01486-4503-5.zip,202602101146,天塩郡遠別町,地区外-210510,,
01486-4503-5.zip,202602101146,天塩郡遠別町,地区外-210511,,
01486-4503-5.zip,202602101146,天塩郡遠別町,地区外-210512,,
01486-4503-5.zip,202602101146,天塩郡遠別町字丸松,530,,
01486-4503-5.zip,202602101146,天塩郡遠別町字丸松,531,,
01486-4503-5.zip,202602101146,天塩郡遠別町字丸松,532,,
01486-4503-5.zip,202602101146,天塩郡遠別町字丸松,1244,,
01486-4503-5.zip,202602101146,天塩郡遠別町,地区外-210517,,
01486-4503-5.zip,202602101146,天塩郡遠別町,地区外-210518,,
01486-4503-5.zip,202602101146,天塩郡遠別町,地区外-210519,,
01486-4503-5.zip,202602101146,天塩郡遠別町,地区外-210520,,
01486-4503-5.zip,202602101146,天塩郡遠別町字丸松,307-4,,
01486-4503-5.zip,202602101146,天塩郡遠別町字丸松,307-6,,
01486-4503-5.zip,202602101146,天塩郡遠別町字丸松,309-7,,
01486-4503-5.zip,202602101146,天塩郡遠別町字丸松,309-2,,
01486-4503-5.zip,202602101146,天塩郡遠別町字丸松,1196,,
01486-4503-5.zip,202602101146,天塩郡遠別町字丸松,362-13,,
01486-4503-5.zip,202602101146,天塩郡遠別町字丸松,307-3,,
01486-4503-5.zip,202602101146,天塩郡遠別町字丸松,309-3,,
01486-4503-5.zip,202602101146,天塩郡遠別町字丸松,331-2,,
01486-4503-5.zip,202602101146,天塩郡遠別町字丸松,331-3,,
01486-4503-5.zip,202602101146,天塩郡遠別町字丸松,1248,,
01486-4503-5.zip,202602101146,天塩郡遠別町,地区外-210532,,
01486-4503-5.zip,202602101146,天塩郡遠別町字丸松,1249,,
01486-4503-5.zip,202602101146,天塩郡遠別町字丸松,295,,
01486-4503-5.zip,202602101146,天塩郡遠別町字丸松,910,,
01486-4503-5.zip,202602101146,天塩郡遠別町字丸松,284-38,,
01486-4503-5.zip,202602101146,天塩郡遠別町字丸松,284-28,,
01486-4503-5.zip,202602101146,天塩郡遠別町字丸松,284-29,,
01486-4503-5.zip,202602101146,天塩郡遠別町字丸松,309-5,,
01486-4503-5.zip,202602101146,天塩郡遠別町字丸松,309-6,,
01486-4503-5.zip,202602101146,天塩郡遠別町字丸松,307-5,,
01486-4503-5.zip,202602101146,天塩郡遠別町字丸松,284-33,,
01486-4503-5.zip,202602101146,天塩郡遠別町字丸松,284-39,,
01486-4503-5.zip,202602101146,天塩郡遠別町字丸松,284-30,,
01486-4503-5.zip,202602101146,天塩郡遠別町字丸松,284-32,,
01486-4503-5.zip,202602101146,天塩郡遠別町字丸松,1198,,
01486-4503-5.zip,202602101146,天塩郡遠別町字丸松,1197,,
01486-4503-5.zip,202602101146,天塩郡遠別町字丸松,309-8,,
01486-4503-5.zip,202602101146,天塩郡遠別町字丸松,362-12,,
01486-4503-5.zip,202602101146,天塩郡遠別町字丸松,362-11,,
01486-4503-5.zip,202602101146,天塩郡遠別町字丸松,362-4,,
01486-4503-5.zip,202602101146,天塩郡遠別町字丸松,362-8,,
01486-4503-5.zip,202602101146,天塩郡遠別町字丸松,362-5,,
01486-4503-5.zip,202602101146,天塩郡遠別町字丸松,362-9,,
01486-4503-5.zip,202602101146,天塩郡遠別町字丸松,362-6,,
01486-4503-5.zip,202602101146,天塩郡遠別町字丸松,342-8,,
01486-4503-5.zip,202602101146,天塩郡遠別町,地区外-210557,,
01486-4503-5.zip,202602101146,天塩郡遠別町字丸松,342-7,,
01486-4503-5.zip,202602101146,天塩郡遠別町字丸松,342-6,,
01486-4503-5.zip,202602101146,天塩郡遠別町字丸松,342-5,,
01486-4503-5.zip,202602101146,天塩郡遠別町字丸松,341-3,,
01486-4503-5.zip,202602101146,天塩郡遠別町字丸松,362-7,,
01486-4503-5.zip,202602101146,天塩郡遠別町字丸松,362-2,,
01486-4503-5.zip,202602101146,天塩郡遠別町字丸松,362-14,,
01486-4503-5.zip,202602101146,天塩郡遠別町字丸松,362-10,,
01486-4503-5.zip,202602101146,天塩郡遠別町字丸松,362-3,,
01486-4503-5.zip,202602101146,天塩郡遠別町字丸松,1191,,
01486-4503-5.zip,202602101146,天塩郡遠別町字丸松,284-23,,
01486-4503-5.zip,202602101146,天塩郡遠別町字丸松,水-46,,
01486-4503-5.zip,202602101146,天塩郡遠別町字丸松,284-24,,
01486-4503-5.zip,202602101146,天塩郡遠別町字丸松,1192,,
01486-4503-5.zip,202602101146,天塩郡遠別町字丸松,284-25,,
01486-4503-5.zip,202602101146,天塩郡遠別町字丸松,284-27,,
01486-4503-5.zip,202602101146,天塩郡遠別町字丸松,284-19,,
01486-4503-5.zip,202602101146,天塩郡遠別町字丸松,284-26,,
01486-4503-5.zip,202602101146,天塩郡遠別町字丸松,1193,,
01486-4503-5.zip,202602101146,天塩郡遠別町字丸松,1194,,
01486-4503-5.zip,202602101146,天塩郡遠別町字丸松,284-37,,
01486-4503-5.zip,202602101146,天塩郡遠別町字丸松,水-47,,
01486-4503-5.zip,202602101146,天塩郡遠別町,地区外-210580,,
01486-4503-5.zip,202602101146,天塩郡遠別町字丸松,286,,
01486-4503-5.zip,202602101146,天塩郡遠別町字丸松,1195,,
01486-4503-5.zip,202602101146,天塩郡遠別町字啓明,605-1,,
01486-4503-5.zip,202602101146,天塩郡遠別町字啓明,958-1,,
01486-4503-5.zip,202602101146,天塩郡遠別町字啓明,958-3,,
01486-4503-5.zip,202602101146,天塩郡遠別町,地区外-210159,,
01486-4503-5.zip,202602101146,天塩郡遠別町字啓明,119-1,,
01486-4503-5.zip,202602101146,天塩郡遠別町字啓明,1100,,
01486-4503-5.zip,202602101146,天塩郡遠別町字啓明,1101,,
01486-4503-5.zip,202602101146,天塩郡遠別町字啓明,水-4,,
01486-4503-6.zip,202602101146,天塩郡遠別町字清川,116,,
01486-4503-6.zip,202602101146,天塩郡遠別町字清川,道-1,,
01486-4503-6.zip,202602101146,天塩郡遠別町字清川,430-14,,
01486-4503-6.zip,202602101146,天塩郡遠別町字清川,430-5,,
01486-4503-6.zip,202602101146,天塩郡遠別町字清川,961,,
01486-4503-6.zip,202602101146,天塩郡遠別町字清川,道-2,,
01486-4503-6.zip,202602101146,天塩郡遠別町字清川,長狭物不明-1,,
01486-4503-6.zip,202602101146,天塩郡遠別町,地区外-219868,,
01486-4503-6.zip,202602101146,天塩郡遠別町字清川,水-2,,
01486-4503-6.zip,202602101146,天塩郡遠別町字清川,長狭物不明-2,,
01486-4503-6.zip,202602101146,天塩郡遠別町字清川,404,,
01486-4503-6.zip,202602101146,天塩郡遠別町,地区外-219879,,
01486-4503-6.zip,202602101146,天塩郡遠別町字清川,408-2,,
01486-4503-6.zip,202602101146,天塩郡遠別町字清川,長狭物不明-3,,
01486-4503-6.zip,202602101146,天塩郡遠別町字清川,415,,
01486-4503-6.zip,202602101146,天塩郡遠別町字清川,410,,
01486-4503-6.zip,202602101146,天塩郡遠別町字清川,416-6,,
01486-4503-6.zip,202602101146,天塩郡遠別町字清川,416-7,,
01486-4503-6.zip,202602101146,天塩郡遠別町字清川,1262,,
01486-4503-6.zip,202602101146,天塩郡遠別町字清川,412-4,,
01486-4503-6.zip,202602101146,天塩郡遠別町字清川,1266,,
01486-4503-6.zip,202602101146,天塩郡遠別町字清川,水-3,,
01486-4503-6.zip,202602101146,天塩郡遠別町字清川,1265,,
01486-4503-6.zip,202602101146,天塩郡遠別町字清川,408-6,,
01486-4503-6.zip,202602101146,天塩郡遠別町字清川,412-1,,
01486-4503-6.zip,202602101146,天塩郡遠別町字清川,412-3,,
01486-4503-6.zip,202602101146,天塩郡遠別町字清川,409,,
01486-4503-6.zip,202602101146,天塩郡遠別町字清川,414,,
01486-4503-6.zip,202602101146,天塩郡遠別町字清川,1263,,
01486-4503-6.zip,202602101146,天塩郡遠別町字清川,413,,
01486-4503-6.zip,202602101146,天塩郡遠別町字清川,1264,,
01486-4503-6.zip,202602101146,天塩郡遠別町字清川,1261,,
01486-4503-6.zip,202602101146,天塩郡遠別町字清川,1260,,
01486-4503-6.zip,202602101146,天塩郡遠別町,地区外-219901,,
01486-4503-6.zip,202602101146,天塩郡遠別町字清川,867-1,,
01486-4503-6.zip,202602101146,天塩郡遠別町字清川,868,,
01486-4503-6.zip,202602101146,天塩郡遠別町字清川,408-1,,
01486-4503-6.zip,202602101146,天塩郡遠別町,地区外-219905,,
01486-4503-6.zip,202602101146,天塩郡遠別町字清川,水-4,,
01486-4503-6.zip,202602101146,天塩郡遠別町字清川,399,,
01486-4503-6.zip,202602101146,天塩郡遠別町字清川,道-4,,
01486-4503-6.zip,202602101146,天塩郡遠別町字清川,水-5,,
01486-4503-6.zip,202602101146,天塩郡遠別町字清川,403-5,,
01486-4503-6.zip,202602101146,天塩郡遠別町字清川,396-1,,
01486-4503-6.zip,202602101146,天塩郡遠別町字清川,392-3,,
01486-4503-6.zip,202602101146,天塩郡遠別町字清川,392-1,,
01486-4503-6.zip,202602101146,天塩郡遠別町字清川,390-2,,
01486-4503-6.zip,202602101146,天塩郡遠別町字清川,390-1,,
01486-4503-6.zip,202602101146,天塩郡遠別町字清川,1255,,
01486-4503-6.zip,202602101146,天塩郡遠別町字清川,1024,,
01486-4503-6.zip,202602101146,天塩郡遠別町字清川,384,,
01486-4503-6.zip,202602101146,天塩郡遠別町字清川,385,,
01486-4503-6.zip,202602101146,天塩郡遠別町字清川,386-3,,
01486-4503-6.zip,202602101146,天塩郡遠別町字清川,389-8,,
01486-4503-6.zip,202602101146,天塩郡遠別町字清川,1257,,
01486-4503-6.zip,202602101146,天塩郡遠別町字清川,392-4,,
01486-4503-6.zip,202602101146,天塩郡遠別町字清川,1258,,
01486-4503-6.zip,202602101146,天塩郡遠別町字清川,395-2,,
01486-4503-6.zip,202602101146,天塩郡遠別町字清川,395-1,,
01486-4503-6.zip,202602101146,天塩郡遠別町字清川,396-7,,
01486-4503-6.zip,202602101146,天塩郡遠別町字清川,水-7,,
01486-4503-6.zip,202602101146,天塩郡遠別町字清川,396-5,,
01486-4503-6.zip,202602101146,天塩郡遠別町字清川,396-4,,
01486-4503-6.zip,202602101146,天塩郡遠別町字清川,388-1,,
01486-4503-6.zip,202602101146,天塩郡遠別町字清川,389-7,,
01486-4503-6.zip,202602101146,天塩郡遠別町字清川,396-3,,
01486-4503-6.zip,202602101146,天塩郡遠別町字清川,396-2,,
01486-4503-6.zip,202602101146,天塩郡遠別町字清川,396-6,,
01486-4503-6.zip,202602101146,天塩郡遠別町字清川,389-6,,
01486-4503-6.zip,202602101146,天塩郡遠別町字清川,382,,
01486-4503-6.zip,202602101146,天塩郡遠別町字清川,1023,,
01486-4503-6.zip,202602101146,天塩郡遠別町字清川,1012-2,,
01486-4503-6.zip,202602101146,天塩郡遠別町字清川,367-2,,
01486-4503-6.zip,202602101146,天塩郡遠別町字清川,367-3,,
01486-4503-6.zip,202602101146,天塩郡遠別町字清川,1276,,
01486-4503-6.zip,202602101146,天塩郡遠別町字清川,1277,,
01486-4503-6.zip,202602101146,天塩郡遠別町字清川,1278,,
01486-4503-6.zip,202602101146,天塩郡遠別町字清川,水-8,,
01486-4503-6.zip,202602101146,天塩郡遠別町字清川,867-4,,
01486-4503-6.zip,202602101146,天塩郡遠別町字清川,406-1,,
01486-4503-6.zip,202602101146,天塩郡遠別町,地区外-219980,,
01486-4503-6.zip,202602101146,天塩郡遠別町字清川,881-4,,
01486-4503-6.zip,202602101146,天塩郡遠別町字清川,842-2,,
01486-4503-6.zip,202602101146,天塩郡遠別町,地区外-219983,,
01486-4503-6.zip,202602101146,天塩郡遠別町字清川,水-9,,
01486-4503-6.zip,202602101146,天塩郡遠別町字清川,840-5,,
01486-4503-6.zip,202602101146,天塩郡遠別町字清川,839-7,,
01486-4503-6.zip,202602101146,天塩郡遠別町字清川,906-5,,
01486-4503-6.zip,202602101146,天塩郡遠別町字清川,道-8,,
01486-4503-6.zip,202602101146,天塩郡遠別町字清川,906-1,,
01486-4503-6.zip,202602101146,天塩郡遠別町字清川,906-4,,
01486-4503-6.zip,202602101146,天塩郡遠別町,地区外-219991,,
01486-4503-6.zip,202602101146,天塩郡遠別町字清川,839-1,,
01486-4503-6.zip,202602101146,天塩郡遠別町字清川,1270,,
01486-4503-6.zip,202602101146,天塩郡遠別町字清川,839-2,,
01486-4503-6.zip,202602101146,天塩郡遠別町字清川,840-7,,
01486-4503-6.zip,202602101146,天塩郡遠別町字清川,840-2,,
01486-4503-6.zip,202602101146,天塩郡遠別町字清川,841-9,,
01486-4503-6.zip,202602101146,天塩郡遠別町字清川,840-6,,
01486-4503-6.zip,202602101146,天塩郡遠別町字清川,840-8,,
01486-4503-6.zip,202602101146,天塩郡遠別町字清川,839-5,,
01486-4503-6.zip,202602101146,天塩郡遠別町字清川,水-10,,
01486-4503-6.zip,202602101146,天塩郡遠別町字清川,843-26,,
01486-4503-6.zip,202602101146,天塩郡遠別町字清川,843-22,,
01486-4503-6.zip,202602101146,天塩郡遠別町字清川,843-19,,
01486-4503-6.zip,202602101146,天塩郡遠別町字清川,843-20,,
01486-4503-6.zip,202602101146,天塩郡遠別町字清川,843-24,,
01486-4503-6.zip,202602101146,天塩郡遠別町字清川,843-23,,
01486-4503-6.zip,202602101146,天塩郡遠別町字清川,842-4,,
01486-4503-6.zip,202602101146,天塩郡遠別町字清川,844-2,,
01486-4503-6.zip,202602101146,天塩郡遠別町字清川,844-1,,
01486-4503-6.zip,202602101146,天塩郡遠別町字清川,843-5,,
01486-4503-6.zip,202602101146,天塩郡遠別町字清川,843-25,,
01486-4503-6.zip,202602101146,天塩郡遠別町字清川,843-21,,
01486-4503-6.zip,202602101146,天塩郡遠別町字清川,843-16,,
01486-4503-6.zip,202602101146,天塩郡遠別町字清川,843-4,,
01486-4503-6.zip,202602101146,天塩郡遠別町字清川,845-1,,
01486-4503-6.zip,202602101146,天塩郡遠別町字清川,405-22,,
01486-4503-6.zip,202602101146,天塩郡遠別町,地区外-220021,,
01486-4503-6.zip,202602101146,天塩郡遠別町字清川,839-6,,
01486-4503-6.zip,202602101146,天塩郡遠別町字清川,道-9,,
01486-4503-6.zip,202602101146,天塩郡遠別町字清川,840-1,,
01486-4503-6.zip,202602101146,天塩郡遠別町字清川,840-4,,
01486-4503-6.zip,202602101146,天塩郡遠別町字清川,881-1,,
01486-4503-6.zip,202602101146,天塩郡遠別町字清川,405-10,,
01486-4503-6.zip,202602101146,天塩郡遠別町字清川,405-9,,
01486-4503-6.zip,202602101146,天塩郡遠別町字清川,405-2,,
01486-4503-6.zip,202602101146,天塩郡遠別町字清川,405-3,,
01486-4503-6.zip,202602101146,天塩郡遠別町字清川,879,,
01486-4503-6.zip,202602101146,天塩郡遠別町,地区外-220036,,
01486-4503-6.zip,202602101146,天塩郡遠別町字清川,880-2,,
01486-4503-6.zip,202602101146,天塩郡遠別町字清川,375,,
01486-4503-6.zip,202602101146,天塩郡遠別町字清川,1269,,
01486-4503-6.zip,202602101146,天塩郡遠別町字清川,405-23,,
01486-4503-6.zip,202602101146,天塩郡遠別町字清川,1268,,
01486-4503-6.zip,202602101146,天塩郡遠別町字清川,403-2,,
01486-4503-6.zip,202602101146,天塩郡遠別町字清川,405-6,,
01486-4503-6.zip,202602101146,天塩郡遠別町字清川,405-7,,
01486-4503-6.zip,202602101146,天塩郡遠別町字清川,1235-2,,
01486-4503-6.zip,202602101146,天塩郡遠別町字清川,1235-3,,
01486-4503-6.zip,202602101146,天塩郡遠別町,地区外-220048,,
01486-4503-6.zip,202602101146,天塩郡遠別町字清川,873,,
01486-4503-6.zip,202602101146,天塩郡遠別町字清川,874,,
01486-4503-6.zip,202602101146,天塩郡遠別町字清川,875,,
01486-4503-6.zip,202602101146,天塩郡遠別町字清川,1236,,
01486-4503-6.zip,202602101146,天塩郡遠別町字清川,1235-1,,
01486-4503-6.zip,202602101146,天塩郡遠別町字清川,867-3,,
01486-4503-6.zip,202602101146,天塩郡遠別町字清川,1274,,
01486-4503-6.zip,202602101146,天塩郡遠別町字清川,867-2,,
01486-4503-6.zip,202602101146,天塩郡遠別町字清川,1275,,
01486-4503-6.zip,202602101146,天塩郡遠別町字清川,1273,,
01486-4503-6.zip,202602101146,天塩郡遠別町字清川,水-11,,
01486-4503-6.zip,202602101146,天塩郡遠別町字清川,水-12,,
01486-4503-6.zip,202602101146,天塩郡遠別町字清川,356-5,,
01486-4503-6.zip,202602101146,天塩郡遠別町字清川,356-7,,
01486-4503-6.zip,202602101146,天塩郡遠別町字清川,373-2,,
01486-4503-6.zip,202602101146,天塩郡遠別町字清川,373-1,,
01486-4503-6.zip,202602101146,天塩郡遠別町字清川,354-3,,
01486-4503-6.zip,202602101146,天塩郡遠別町字清川,371-1,,
01486-4503-6.zip,202602101146,天塩郡遠別町字清川,371-6,,
01486-4503-6.zip,202602101146,天塩郡遠別町字清川,370-7,,
01486-4503-6.zip,202602101146,天塩郡遠別町字清川,366,,
01486-4503-6.zip,202602101146,天塩郡遠別町字清川,1250,,
01486-4503-6.zip,202602101146,天塩郡遠別町字清川,367-1,,
01486-4503-6.zip,202602101146,天塩郡遠別町字清川,1012-1,,
01486-4503-6.zip,202602101146,天塩郡遠別町字清川,368-1,,
01486-4503-6.zip,202602101146,天塩郡遠別町字清川,370-1,,
01486-4503-6.zip,202602101146,天塩郡遠別町字清川,1249,,
01486-4503-6.zip,202602101146,天塩郡遠別町字清川,374,,
01486-4503-6.zip,202602101146,天塩郡遠別町字清川,370-6,,
01486-4503-6.zip,202602101146,天塩郡遠別町字清川,869-1,,
01486-4503-6.zip,202602101146,天塩郡遠別町字清川,878-1,,
01486-4503-6.zip,202602101146,天塩郡遠別町字清川,1244,,
01486-4503-6.zip,202602101146,天塩郡遠別町字清川,1228,,
01486-4503-6.zip,202602101146,天塩郡遠別町字清川,353-3,,
01486-4503-6.zip,202602101146,天塩郡遠別町字清川,353-9,,
01486-4503-6.zip,202602101146,天塩郡遠別町字清川,1248,,
01486-4503-6.zip,202602101146,天塩郡遠別町字清川,1247,,
01486-4503-6.zip,202602101146,天塩郡遠別町字清川,1246,,
01486-4503-6.zip,202602101146,天塩郡遠別町字清川,1245,,
01486-4503-6.zip,202602101146,天塩郡遠別町字清川,1243,,
01486-4503-6.zip,202602101146,天塩郡遠別町字清川,869-2,,
01486-4503-6.zip,202602101146,天塩郡遠別町字清川,352-1,,
01486-4503-6.zip,202602101146,天塩郡遠別町字清川,352-10,,
01486-4503-6.zip,202602101146,天塩郡遠別町字清川,352-6,,
01486-4503-6.zip,202602101146,天塩郡遠別町字清川,1238-1,,
01486-4503-6.zip,202602101146,天塩郡遠別町字清川,1239,,
01486-4503-6.zip,202602101146,天塩郡遠別町字清川,352-5,,
01486-4503-6.zip,202602101146,天塩郡遠別町字清川,1240,,
01486-4503-6.zip,202602101146,天塩郡遠別町字清川,1242,,
01486-4503-6.zip,202602101146,天塩郡遠別町字清川,354-1,,
01486-4503-6.zip,202602101146,天塩郡遠別町字清川,356-1,,
01486-4503-6.zip,202602101146,天塩郡遠別町字清川,356-2,,
01486-4503-6.zip,202602101146,天塩郡遠別町字清川,1238-3,,
01486-4503-6.zip,202602101146,天塩郡遠別町字清川,356-9,,
01486-4503-6.zip,202602101146,天塩郡遠別町字清川,356-4,,
01486-4503-6.zip,202602101146,天塩郡遠別町字清川,1238-2,,
01486-4503-6.zip,202602101146,天塩郡遠別町字清川,356-6,,
01486-4503-6.zip,202602101146,天塩郡遠別町字清川,352-9,,
01486-4503-6.zip,202602101146,天塩郡遠別町,地区外-220125,,
01486-4503-6.zip,202602101146,天塩郡遠別町字清川,866,,
01486-4503-6.zip,202602101146,天塩郡遠別町字清川,261,,
01486-4503-6.zip,202602101146,天塩郡遠別町字清川,1234,,
01486-4503-6.zip,202602101146,天塩郡遠別町字清川,304-2,,
01486-4503-6.zip,202602101146,天塩郡遠別町字清川,310-1,,
01486-4503-6.zip,202602101146,天塩郡遠別町字清川,1215-1,,
01486-4503-6.zip,202602101146,天塩郡遠別町字清川,321,,
01486-4503-6.zip,202602101146,天塩郡遠別町字清川,1216,,
01486-4503-6.zip,202602101146,天塩郡遠別町字清川,318-6,,
01486-4503-6.zip,202602101146,天塩郡遠別町字清川,318-5,,
01486-4503-6.zip,202602101146,天塩郡遠別町字清川,318-8,,
01486-4503-6.zip,202602101146,天塩郡遠別町字清川,316,,
01486-4503-6.zip,202602101146,天塩郡遠別町字清川,1233,,
01486-4503-6.zip,202602101146,天塩郡遠別町字清川,359,,
01486-4503-6.zip,202602101146,天塩郡遠別町字清川,356-8,,
01486-4503-6.zip,202602101146,天塩郡遠別町字清川,317-7,,
01486-4503-6.zip,202602101146,天塩郡遠別町字清川,317-1,,
01486-4503-6.zip,202602101146,天塩郡遠別町字清川,356-3,,
01486-4503-6.zip,202602101146,天塩郡遠別町字清川,317-5,,
01486-4503-6.zip,202602101146,天塩郡遠別町字清川,318-9,,
01486-4503-6.zip,202602101146,天塩郡遠別町字清川,1219,,
01486-4503-6.zip,202602101146,天塩郡遠別町字清川,1218-2,,
01486-4503-6.zip,202602101146,天塩郡遠別町字清川,1220-1,,
01486-4503-6.zip,202602101146,天塩郡遠別町字清川,318-1,,
01486-4503-6.zip,202602101146,天塩郡遠別町字清川,1218-1,,
01486-4503-6.zip,202602101146,天塩郡遠別町字清川,317-4,,
01486-4503-6.zip,202602101146,天塩郡遠別町字清川,322-1,,
01486-4503-6.zip,202602101146,天塩郡遠別町字清川,305-4,,
01486-4503-6.zip,202602101146,天塩郡遠別町字清川,322-14,,
01486-4503-6.zip,202602101146,天塩郡遠別町字清川,305-1,,
01486-4503-6.zip,202602101146,天塩郡遠別町字清川,1213,,
01486-4503-6.zip,202602101146,天塩郡遠別町字清川,305-6,,
01486-4503-6.zip,202602101146,天塩郡遠別町字清川,1212,,
01486-4503-6.zip,202602101146,天塩郡遠別町字清川,1194,,
01486-4503-6.zip,202602101146,天塩郡遠別町字清川,296-3,,
01486-4503-6.zip,202602101146,天塩郡遠別町字清川,296-1,,
01486-4503-6.zip,202602101146,天塩郡遠別町字清川,296-4,,
01486-4503-6.zip,202602101146,天塩郡遠別町字清川,水-16,,
01486-4503-6.zip,202602101146,天塩郡遠別町字清川,307-1,,
01486-4503-6.zip,202602101146,天塩郡遠別町字清川,1211,,
01486-4503-6.zip,202602101146,天塩郡遠別町字清川,道-11,,
01486-4503-6.zip,202602101146,天塩郡遠別町字清川,304-1,,
01486-4503-6.zip,202602101146,天塩郡遠別町字清川,307-3,,
01486-4503-6.zip,202602101146,天塩郡遠別町字清川,322-15,,
01486-4503-6.zip,202602101146,天塩郡遠別町字清川,322-16,,
01486-4503-6.zip,202602101146,天塩郡遠別町字清川,1231,,
01486-4503-6.zip,202602101146,天塩郡遠別町字清川,351-1,,
01486-4503-6.zip,202602101146,天塩郡遠別町字清川,1230-1,,
01486-4503-6.zip,202602101146,天塩郡遠別町字清川,1221,,
01486-4503-6.zip,202602101146,天塩郡遠別町字清川,322-3,,
01486-4503-6.zip,202602101146,天塩郡遠別町字清川,325,,
01486-4503-6.zip,202602101146,天塩郡遠別町字清川,1229-1,,
01486-4503-6.zip,202602101146,天塩郡遠別町字清川,322-6,,
01486-4503-6.zip,202602101146,天塩郡遠別町字清川,322-9,,
01486-4503-6.zip,202602101146,天塩郡遠別町字清川,322-19,,
01486-4503-6.zip,202602101146,天塩郡遠別町字清川,308-1,,
01486-4503-6.zip,202602101146,天塩郡遠別町字清川,1019-1,,
01486-4503-6.zip,202602101146,天塩郡遠別町字清川,1210-1,,
01486-4503-6.zip,202602101146,天塩郡遠別町字清川,293-3,,
01486-4503-6.zip,202602101146,天塩郡遠別町字清川,1206,,
01486-4503-6.zip,202602101146,天塩郡遠別町字清川,291,,
01486-4503-6.zip,202602101146,天塩郡遠別町字清川,305-7,,
01486-4503-6.zip,202602101146,天塩郡遠別町字清川,311-1,,
01486-4503-6.zip,202602101146,天塩郡遠別町字清川,311-2,,
01486-4503-6.zip,202602101146,天塩郡遠別町字清川,322-13,,
01486-4503-6.zip,202602101146,天塩郡遠別町字清川,318-7,,
01486-4503-6.zip,202602101146,天塩郡遠別町字清川,1217,,
01486-4503-6.zip,202602101146,天塩郡遠別町字清川,322-11,,
01486-4503-6.zip,202602101146,天塩郡遠別町字清川,1222,,
01486-4503-6.zip,202602101146,天塩郡遠別町字清川,1225,,
01486-4503-6.zip,202602101146,天塩郡遠別町字清川,326-2,,
01486-4503-6.zip,202602101146,天塩郡遠別町字清川,1227,,
01486-4503-6.zip,202602101146,天塩郡遠別町字清川,1226,,
01486-4503-6.zip,202602101146,天塩郡遠別町字清川,877,,
01486-4503-6.zip,202602101146,天塩郡遠別町字清川,1207,,
01486-4503-6.zip,202602101146,天塩郡遠別町字清川,346,,
01486-4503-6.zip,202602101146,天塩郡遠別町字清川,876,,
01486-4503-6.zip,202602101146,天塩郡遠別町字清川,1208,,
01486-4503-6.zip,202602101146,天塩郡遠別町字清川,290-2,,
01486-4503-6.zip,202602101146,天塩郡遠別町字清川,294-11,,
01486-4503-6.zip,202602101146,天塩郡遠別町字清川,294-2,,
01486-4503-6.zip,202602101146,天塩郡遠別町字清川,294-12,,
01486-4503-6.zip,202602101146,天塩郡遠別町字清川,293-2,,
01486-4503-6.zip,202602101146,天塩郡遠別町字清川,293-1,,
01486-4503-6.zip,202602101146,天塩郡遠別町字清川,322-10,,
01486-4503-6.zip,202602101146,天塩郡遠別町字清川,322-20,,
01486-4503-6.zip,202602101146,天塩郡遠別町字清川,326-1,,
01486-4503-6.zip,202602101146,天塩郡遠別町字清川,1224,,
01486-4503-6.zip,202602101146,天塩郡遠別町字清川,322-17,,
01486-4503-6.zip,202602101146,天塩郡遠別町字清川,1209,,
01486-4503-6.zip,202602101146,天塩郡遠別町字清川,294-1,,
01486-4503-6.zip,202602101146,天塩郡遠別町字清川,294-9,,
01486-4503-6.zip,202602101146,天塩郡遠別町字清川,286-6,,
01486-4503-6.zip,202602101146,天塩郡遠別町字清川,290-5,,
01486-4503-6.zip,202602101146,天塩郡遠別町字清川,288,,
01486-4503-6.zip,202602101146,天塩郡遠別町字清川,281-1,,
01486-4503-6.zip,202602101146,天塩郡遠別町字清川,289,,
01486-4503-6.zip,202602101146,天塩郡遠別町字清川,290-1,,
01486-4503-6.zip,202602101146,天塩郡遠別町字清川,290-6,,
01486-4503-6.zip,202602101146,天塩郡遠別町字清川,294-8,,
01486-4503-6.zip,202602101146,天塩郡遠別町字清川,294-7,,
01486-4503-6.zip,202602101146,天塩郡遠別町字清川,294-10,,
01486-4503-6.zip,202602101146,天塩郡遠別町字清川,290-9,,
01486-4503-6.zip,202602101146,天塩郡遠別町字清川,290-4,,
01486-4503-6.zip,202602101146,天塩郡遠別町字清川,281-2,,
01486-4503-6.zip,202602101146,天塩郡遠別町字清川,290-7,,
01486-4503-6.zip,202602101146,天塩郡遠別町字清川,281-3,,
01486-4503-6.zip,202602101146,天塩郡遠別町字清川,295-3,,
01486-4503-6.zip,202602101146,天塩郡遠別町字清川,296-2,,
01486-4503-6.zip,202602101146,天塩郡遠別町字清川,295-2,,
01486-4503-6.zip,202602101146,天塩郡遠別町字清川,290-8,,
01486-4503-6.zip,202602101146,天塩郡遠別町字清川,295-1,,
01486-4503-6.zip,202602101146,天塩郡遠別町字清川,1031-1,,
01486-4503-6.zip,202602101146,天塩郡遠別町字清川,1031-2,,
01486-4503-6.zip,202602101146,天塩郡遠別町字清川,1030-1,,
01486-4503-6.zip,202602101146,天塩郡遠別町字清川,310-2,,
01486-4503-6.zip,202602101146,天塩郡遠別町字清川,1030-2,,
01486-4503-6.zip,202602101146,天塩郡遠別町字清川,1030-3,,
01486-4503-6.zip,202602101146,天塩郡遠別町字清川,322-7,,
01486-4503-6.zip,202602101146,天塩郡遠別町字清川,322-8,,
01486-4503-6.zip,202602101146,天塩郡遠別町字清川,1223,,
01486-4503-6.zip,202602101146,天塩郡遠別町字清川,326-5,,
01486-4503-6.zip,202602101146,天塩郡遠別町字清川,1214,,
01486-4503-6.zip,202602101146,天塩郡遠別町字清川,1232-1,,
01486-4503-6.zip,202602101146,天塩郡遠別町,地区外-220276,,
01486-4503-6.zip,202602101146,天塩郡遠別町字清川,347,,
01486-4503-6.zip,202602101146,天塩郡遠別町字清川,345,,
01486-4503-6.zip,202602101146,天塩郡遠別町字清川,286-1,,
01486-4503-6.zip,202602101146,天塩郡遠別町字清川,921-1,,
01486-4503-6.zip,202602101146,天塩郡遠別町字清川,1204,,
01486-4503-6.zip,202602101146,天塩郡遠別町字清川,855-4,,
01486-4503-6.zip,202602101146,天塩郡遠別町字清川,921-3,,
01486-4503-6.zip,202602101146,天塩郡遠別町字清川,1205,,
01486-4503-6.zip,202602101146,天塩郡遠別町字清川,287-3,,
01486-4503-6.zip,202602101146,天塩郡遠別町字清川,287-1,,
01486-4503-6.zip,202602101146,天塩郡遠別町字清川,1203,,
01486-4503-6.zip,202602101146,天塩郡遠別町字清川,847-1,,
01486-4503-6.zip,202602101146,天塩郡遠別町字清川,水-17,,
01486-4503-6.zip,202602101146,天塩郡遠別町字清川,286-5,,
01486-4503-6.zip,202602101146,天塩郡遠別町字清川,1200,,
01486-4503-6.zip,202602101146,天塩郡遠別町字清川,1201,,
01486-4503-6.zip,202602101146,天塩郡遠別町字清川,1202,,
01486-4503-6.zip,202602101146,天塩郡遠別町字清川,846-1,,
01486-4503-6.zip,202602101146,天塩郡遠別町字清川,899-3,,
01486-4503-6.zip,202602101146,天塩郡遠別町字清川,854-1,,
01486-4503-6.zip,202602101146,天塩郡遠別町字清川,1032-2,,
01486-4503-6.zip,202602101146,天塩郡遠別町字清川,1032-1,,
01486-4503-6.zip,202602101146,天塩郡遠別町字清川,854-3,,
01486-4503-6.zip,202602101146,天塩郡遠別町字清川,水-18,,
01486-4503-6.zip,202602101146,天塩郡遠別町字清川,857-1,,
01486-4503-6.zip,202602101146,天塩郡遠別町字清川,1035,,
01486-4503-6.zip,202602101146,天塩郡遠別町字清川,857-2,,
01486-4503-6.zip,202602101146,天塩郡遠別町,地区外-220304,,
01486-4503-6.zip,202602101146,天塩郡遠別町字清川,344,,
01486-4503-6.zip,202602101146,天塩郡遠別町字清川,901-2,,
01486-4503-6.zip,202602101146,天塩郡遠別町字清川,901-1,,
01486-4503-6.zip,202602101146,天塩郡遠別町字清川,1036,,
01486-4503-6.zip,202602101146,天塩郡遠別町字清川,水-19,,
01486-4503-6.zip,202602101146,天塩郡遠別町字清川,902-1,,
01486-4503-6.zip,202602101146,天塩郡遠別町字清川,1037,,
01486-4503-6.zip,202602101146,天塩郡遠別町字清川,1198,,
01486-4503-6.zip,202602101146,天塩郡遠別町字清川,902-2,,
01486-4503-6.zip,202602101146,天塩郡遠別町字清川,856-2,,
01486-4503-6.zip,202602101146,天塩郡遠別町字清川,856-1,,
01486-4503-6.zip,202602101146,天塩郡遠別町字清川,855-3,,
01486-4503-6.zip,202602101146,天塩郡遠別町字清川,855-1,,
01486-4503-6.zip,202602101146,天塩郡遠別町字清川,853-1,,
01486-4503-6.zip,202602101146,天塩郡遠別町字清川,902-3,,
01486-4503-6.zip,202602101146,天塩郡遠別町字清川,284,,
01486-4503-6.zip,202602101146,天塩郡遠別町字清川,285-4,,
01486-4503-6.zip,202602101146,天塩郡遠別町字清川,285-1,,
01486-4503-6.zip,202602101146,天塩郡遠別町字清川,285-3,,
01486-4503-6.zip,202602101146,天塩郡遠別町字清川,285-2,,
01486-4503-6.zip,202602101146,天塩郡遠別町字清川,1197,,
01486-4503-6.zip,202602101146,天塩郡遠別町字清川,855-2,,
01486-4503-6.zip,202602101146,天塩郡遠別町字清川,1196,,
01486-4503-6.zip,202602101146,天塩郡遠別町,地区外-220330,,
01486-4503-6.zip,202602101146,天塩郡遠別町字清川,1158,,
01486-4503-6.zip,202602101146,天塩郡遠別町字清川,1142,,
01486-4503-6.zip,202602101146,天塩郡遠別町字清川,197-3,,
01486-4503-6.zip,202602101146,天塩郡遠別町字清川,197-2,,
01486-4503-6.zip,202602101146,天塩郡遠別町字清川,1143,,
01486-4503-6.zip,202602101146,天塩郡遠別町字清川,240,,
01486-4503-6.zip,202602101146,天塩郡遠別町字清川,197-1,,
01486-4503-6.zip,202602101146,天塩郡遠別町字清川,239-2,,
01486-4503-6.zip,202602101146,天塩郡遠別町字清川,239-1,,
01486-4503-6.zip,202602101146,天塩郡遠別町字清川,241-2,,
01486-4503-6.zip,202602101146,天塩郡遠別町字清川,241-1,,
01486-4503-6.zip,202602101146,天塩郡遠別町字清川,238-2,,
01486-4503-6.zip,202602101146,天塩郡遠別町字清川,238-1,,
01486-4503-6.zip,202602101146,天塩郡遠別町字清川,1159,,
01486-4503-6.zip,202602101146,天塩郡遠別町字清川,水-20,,
01486-4503-6.zip,202602101146,天塩郡遠別町字清川,241-4,,
01486-4503-6.zip,202602101146,天塩郡遠別町字清川,1155,,
01486-4503-6.zip,202602101146,天塩郡遠別町字清川,275,,
01486-4503-6.zip,202602101146,天塩郡遠別町字清川,1157,,
01486-4503-6.zip,202602101146,天塩郡遠別町字清川,272-5,,
01486-4503-6.zip,202602101146,天塩郡遠別町字清川,242-4,,
01486-4503-6.zip,202602101146,天塩郡遠別町字清川,道-13,,
01486-4503-6.zip,202602101146,天塩郡遠別町字清川,255,,
01486-4503-6.zip,202602101146,天塩郡遠別町字清川,1160,,
01486-4503-6.zip,202602101146,天塩郡遠別町字清川,242-2,,
01486-4503-6.zip,202602101146,天塩郡遠別町字清川,245-1,,
01486-4503-6.zip,202602101146,天塩郡遠別町字清川,1156,,
01486-4503-6.zip,202602101146,天塩郡遠別町字清川,245-4,,
01486-4503-6.zip,202602101146,天塩郡遠別町字清川,245-5,,
01486-4503-6.zip,202602101146,天塩郡遠別町字清川,245-2,,
01486-4503-6.zip,202602101146,天塩郡遠別町字清川,242-1,,
01486-4503-6.zip,202602101146,天塩郡遠別町字清川,250-2,,
01486-4503-6.zip,202602101146,天塩郡遠別町字清川,245-6,,
01486-4503-6.zip,202602101146,天塩郡遠別町字清川,245-3,,
01486-4503-6.zip,202602101146,天塩郡遠別町字清川,954-3,,
01486-4503-6.zip,202602101146,天塩郡遠別町字清川,954-2,,
01486-4503-6.zip,202602101146,天塩郡遠別町字清川,253-2,,
01486-4503-6.zip,202602101146,天塩郡遠別町字清川,954-1,,
01486-4503-6.zip,202602101146,天塩郡遠別町字清川,228-5,,
01486-4503-6.zip,202602101146,天塩郡遠別町字清川,228-1,,
01486-4503-6.zip,202602101146,天塩郡遠別町字清川,228-3,,
01486-4503-6.zip,202602101146,天塩郡遠別町字清川,228-4,,
01486-4503-6.zip,202602101146,天塩郡遠別町字清川,250-8,,
01486-4503-6.zip,202602101146,天塩郡遠別町字清川,256-5,,
01486-4503-6.zip,202602101146,天塩郡遠別町字清川,1022-1,,
01486-4503-6.zip,202602101146,天塩郡遠別町字清川,1022-2,,
01486-4503-6.zip,202602101146,天塩郡遠別町字清川,281-4,,
01486-4503-6.zip,202602101146,天塩郡遠別町字清川,272-4,,
01486-4503-6.zip,202602101146,天塩郡遠別町字清川,242-3,,
01486-4503-6.zip,202602101146,天塩郡遠別町字清川,263-4,,
01486-4503-6.zip,202602101146,天塩郡遠別町字清川,262-4,,
01486-4503-6.zip,202602101146,天塩郡遠別町字清川,272-6,,
01486-4503-6.zip,202602101146,天塩郡遠別町字清川,272-3,,
01486-4503-6.zip,202602101146,天塩郡遠別町字清川,1163,,
01486-4503-6.zip,202602101146,天塩郡遠別町字清川,258-1,,
01486-4503-6.zip,202602101146,天塩郡遠別町字清川,256-1,,
01486-4503-6.zip,202602101146,天塩郡遠別町字清川,250-1,,
01486-4503-6.zip,202602101146,天塩郡遠別町字清川,水-22,,
01486-4503-6.zip,202602101146,天塩郡遠別町字清川,258-3,,
01486-4503-6.zip,202602101146,天塩郡遠別町字清川,1167,,
01486-4503-6.zip,202602101146,天塩郡遠別町字清川,1166,,
01486-4503-6.zip,202602101146,天塩郡遠別町字清川,1165,,
01486-4503-6.zip,202602101146,天塩郡遠別町字清川,260-8,,
01486-4503-6.zip,202602101146,天塩郡遠別町字清川,260-2,,
01486-4503-6.zip,202602101146,天塩郡遠別町,地区外-220405,,
01486-4503-6.zip,202602101146,天塩郡遠別町,地区外-220406,,
01486-4503-6.zip,202602101146,天塩郡遠別町字清川,241-3,,
01486-4503-6.zip,202602101146,天塩郡遠別町字清川,227-17,,
01486-4503-6.zip,202602101146,天塩郡遠別町字清川,1137,,
01486-4503-6.zip,202602101146,天塩郡遠別町字清川,171-6,,
01486-4503-6.zip,202602101146,天塩郡遠別町字清川,147-1,,
01486-4503-6.zip,202602101146,天塩郡遠別町字清川,147-15,,
01486-4503-6.zip,202602101146,天塩郡遠別町字清川,147-14,,
01486-4503-6.zip,202602101146,天塩郡遠別町字清川,155-6,,
01486-4503-6.zip,202602101146,天塩郡遠別町字清川,147-16,,
01486-4503-6.zip,202602101146,天塩郡遠別町字清川,155-1,,
01486-4503-6.zip,202602101146,天塩郡遠別町字清川,道-15,,
01486-4503-6.zip,202602101146,天塩郡遠別町字清川,1129,,
01486-4503-6.zip,202602101146,天塩郡遠別町字清川,1130,,
01486-4503-6.zip,202602101146,天塩郡遠別町字清川,155-3,,
01486-4503-6.zip,202602101146,天塩郡遠別町字清川,1133,,
01486-4503-6.zip,202602101146,天塩郡遠別町字清川,1131,,
01486-4503-6.zip,202602101146,天塩郡遠別町字清川,1132,,
01486-4503-6.zip,202602101146,天塩郡遠別町字清川,1134,,
01486-4503-6.zip,202602101146,天塩郡遠別町字清川,水-23,,
01486-4503-6.zip,202602101146,天塩郡遠別町字清川,153-3,,
01486-4503-6.zip,202602101146,天塩郡遠別町字清川,153-1,,
01486-4503-6.zip,202602101146,天塩郡遠別町字清川,153-2,,
01486-4503-6.zip,202602101146,天塩郡遠別町字清川,153-4,,
01486-4503-6.zip,202602101146,天塩郡遠別町字清川,1128,,
01486-4503-6.zip,202602101146,天塩郡遠別町字清川,水-24,,
01486-4503-6.zip,202602101146,天塩郡遠別町字清川,1135,,
01486-4503-6.zip,202602101146,天塩郡遠別町字清川,水-25,,
01486-4503-6.zip,202602101146,天塩郡遠別町字清川,155-9,,
01486-4503-6.zip,202602101146,天塩郡遠別町字清川,道-16,,
01486-4503-6.zip,202602101146,天塩郡遠別町字清川,154-1,,
01486-4503-6.zip,202602101146,天塩郡遠別町字清川,151,,
01486-4503-6.zip,202602101146,天塩郡遠別町字清川,1139,,
01486-4503-6.zip,202602101146,天塩郡遠別町字清川,175-2,,
01486-4503-6.zip,202602101146,天塩郡遠別町字清川,176-2,,
01486-4503-6.zip,202602101146,天塩郡遠別町字清川,175-4,,
01486-4503-6.zip,202602101146,天塩郡遠別町字清川,177-1,,
01486-4503-6.zip,202602101146,天塩郡遠別町字清川,177-2,,
01486-4503-6.zip,202602101146,天塩郡遠別町字清川,175-3,,
01486-4503-6.zip,202602101146,天塩郡遠別町字清川,176-1,,
01486-4503-6.zip,202602101146,天塩郡遠別町字清川,175-1,,
01486-4503-6.zip,202602101146,天塩郡遠別町字清川,179-1,,
01486-4503-6.zip,202602101146,天塩郡遠別町字清川,187-1,,
01486-4503-6.zip,202602101146,天塩郡遠別町字清川,172,,
01486-4503-6.zip,202602101146,天塩郡遠別町字清川,1138,,
01486-4503-6.zip,202602101146,天塩郡遠別町字清川,174,,
01486-4503-6.zip,202602101146,天塩郡遠別町字清川,155-8,,
01486-4503-6.zip,202602101146,天塩郡遠別町字清川,1126,,
01486-4503-6.zip,202602101146,天塩郡遠別町字清川,1125,,
01486-4503-6.zip,202602101146,天塩郡遠別町字清川,158,,
01486-4503-6.zip,202602101146,天塩郡遠別町字清川,161,,
01486-4503-6.zip,202602101146,天塩郡遠別町字清川,155-7,,
01486-4503-6.zip,202602101146,天塩郡遠別町字清川,165-2,,
01486-4503-6.zip,202602101146,天塩郡遠別町字清川,189-1,,
01486-4503-6.zip,202602101146,天塩郡遠別町字清川,189-4,,
01486-4503-6.zip,202602101146,天塩郡遠別町字清川,204,,
01486-4503-6.zip,202602101146,天塩郡遠別町字清川,197-5,,
01486-4503-6.zip,202602101146,天塩郡遠別町字清川,1141,,
01486-4503-6.zip,202602101146,天塩郡遠別町,地区外-220464,,
01486-4503-6.zip,202602101146,天塩郡遠別町字清川,162-2,,
01486-4503-6.zip,202602101146,天塩郡遠別町字清川,1140,,
01486-4503-6.zip,202602101146,天塩郡遠別町字清川,160,,
01486-4503-6.zip,202602101146,天塩郡遠別町字清川,水-26,,
01486-4503-6.zip,202602101146,天塩郡遠別町字清川,165-6,,
01486-4503-6.zip,202602101146,天塩郡遠別町字清川,162-1,,
01486-4503-6.zip,202602101146,天塩郡遠別町字清川,165-7,,
01486-4503-6.zip,202602101146,天塩郡遠別町字清川,189-3,,
01486-4503-6.zip,202602101146,天塩郡遠別町字清川,170-1,,
01486-4503-6.zip,202602101146,天塩郡遠別町字清川,165-4,,
01486-4503-6.zip,202602101146,天塩郡遠別町字清川,169,,
01486-4503-6.zip,202602101146,天塩郡遠別町字清川,170-4,,
01486-4503-6.zip,202602101146,天塩郡遠別町字清川,165-5,,
01486-4503-6.zip,202602101146,天塩郡遠別町字清川,165-3,,
01486-4503-6.zip,202602101146,天塩郡遠別町字清川,165-1,,
01486-4503-6.zip,202602101146,天塩郡遠別町字清川,166,,
01486-4503-6.zip,202602101146,天塩郡遠別町字清川,水-27,,
01486-4503-6.zip,202602101146,天塩郡遠別町字清川,水-28,,
01486-4503-6.zip,202602101146,天塩郡遠別町字清川,水-29,,
01486-4503-6.zip,202602101146,天塩郡遠別町字清川,202-2,,
01486-4503-6.zip,202602101146,天塩郡遠別町字清川,202-1,,
01486-4503-6.zip,202602101146,天塩郡遠別町字清川,206-1,,
01486-4503-6.zip,202602101146,天塩郡遠別町字清川,1145,,
01486-4503-6.zip,202602101146,天塩郡遠別町字清川,209-2,,
01486-4503-6.zip,202602101146,天塩郡遠別町字清川,187-3,,
01486-4503-6.zip,202602101146,天塩郡遠別町字清川,205-5,,
01486-4503-6.zip,202602101146,天塩郡遠別町字清川,205-4,,
01486-4503-6.zip,202602101146,天塩郡遠別町字清川,205-1,,
01486-4503-6.zip,202602101146,天塩郡遠別町字清川,205-6,,
01486-4503-6.zip,202602101146,天塩郡遠別町字清川,206-4,,
01486-4503-6.zip,202602101146,天塩郡遠別町字清川,206-2,,
01486-4503-6.zip,202602101146,天塩郡遠別町字清川,206-3,,
01486-4503-6.zip,202602101146,天塩郡遠別町字清川,1144,,
01486-4503-6.zip,202602101146,天塩郡遠別町字清川,235-4,,
01486-4503-6.zip,202602101146,天塩郡遠別町字清川,235-1,,
01486-4503-6.zip,202602101146,天塩郡遠別町字清川,235-3,,
01486-4503-6.zip,202602101146,天塩郡遠別町字清川,205-7,,
01486-4503-6.zip,202602101146,天塩郡遠別町字清川,208-1,,
01486-4503-6.zip,202602101146,天塩郡遠別町字清川,207-1,,
01486-4503-6.zip,202602101146,天塩郡遠別町字清川,205-8,,
01486-4503-6.zip,202602101146,天塩郡遠別町字清川,206-5,,
01486-4503-6.zip,202602101146,天塩郡遠別町字清川,207-4,,
01486-4503-6.zip,202602101146,天塩郡遠別町字清川,207-5,,
01486-4503-6.zip,202602101146,天塩郡遠別町字清川,205-2,,
01486-4503-6.zip,202602101146,天塩郡遠別町字清川,202-3,,
01486-4503-6.zip,202602101146,天塩郡遠別町字清川,197-4,,
01486-4503-6.zip,202602101146,天塩郡遠別町字清川,205-3,,
01486-4503-6.zip,202602101146,天塩郡遠別町字清川,199,,
01486-4503-6.zip,202602101146,天塩郡遠別町字清川,960,,
01486-4503-6.zip,202602101146,天塩郡遠別町字清川,229-1,,
01486-4503-6.zip,202602101146,天塩郡遠別町字清川,235-2,,
01486-4503-6.zip,202602101146,天塩郡遠別町字清川,231-1,,
01486-4503-6.zip,202602101146,天塩郡遠別町字清川,247,,
01486-4503-6.zip,202602101146,天塩郡遠別町字清川,229-19,,
01486-4503-6.zip,202602101146,天塩郡遠別町字清川,229-18,,
01486-4503-6.zip,202602101146,天塩郡遠別町字清川,229-17,,
01486-4503-6.zip,202602101146,天塩郡遠別町字清川,229-2,,
01486-4503-6.zip,202602101146,天塩郡遠別町字清川,1154-1,,
01486-4503-6.zip,202602101146,天塩郡遠別町字清川,1154-2,,
01486-4503-6.zip,202602101146,天塩郡遠別町字清川,227-3,,
01486-4503-6.zip,202602101146,天塩郡遠別町字清川,227-2,,
01486-4503-6.zip,202602101146,天塩郡遠別町字清川,227-16,,
01486-4503-6.zip,202602101146,天塩郡遠別町字清川,219-3,,
01486-4503-6.zip,202602101146,天塩郡遠別町字清川,219-1,,
01486-4503-6.zip,202602101146,天塩郡遠別町字清川,1149,,
01486-4503-6.zip,202602101146,天塩郡遠別町字清川,1146,,
01486-4503-6.zip,202602101146,天塩郡遠別町字清川,227-13,,
01486-4503-6.zip,202602101146,天塩郡遠別町字清川,980-1,,
01486-4503-6.zip,202602101146,天塩郡遠別町字清川,211-1,,
01486-4503-6.zip,202602101146,天塩郡遠別町字清川,208-3,,
01486-4503-6.zip,202602101146,天塩郡遠別町字清川,208-2,,
01486-4503-6.zip,202602101146,天塩郡遠別町字清川,187-2,,
01486-4503-6.zip,202602101146,天塩郡遠別町字清川,道-17,,
01486-4503-6.zip,202602101146,天塩郡遠別町字清川,208-6,,
01486-4503-6.zip,202602101146,天塩郡遠別町字清川,187-8,,
01486-4503-6.zip,202602101146,天塩郡遠別町字清川,187-7,,
01486-4503-6.zip,202602101146,天塩郡遠別町字清川,1150,,
01486-4503-6.zip,202602101146,天塩郡遠別町字清川,179-2,,
01486-4503-6.zip,202602101146,天塩郡遠別町字清川,1148,,
01486-4503-6.zip,202602101146,天塩郡遠別町字清川,1147,,
01486-4503-6.zip,202602101146,天塩郡遠別町字清川,219-2,,
01486-4503-6.zip,202602101146,天塩郡遠別町字清川,179-3,,
01486-4503-6.zip,202602101146,天塩郡遠別町字清川,179-4,,
01486-4503-6.zip,202602101146,天塩郡遠別町字清川,178-1,,
01486-4503-6.zip,202602101146,天塩郡遠別町字清川,178-3,,
01486-4503-6.zip,202602101146,天塩郡遠別町字清川,178-2,,
01486-4503-6.zip,202602101146,天塩郡遠別町字清川,421,,
01486-4503-6.zip,202602101146,天塩郡遠別町字清川,821-1,,
01486-4503-6.zip,202602101146,天塩郡遠別町字清川,426,,
01486-4503-6.zip,202602101146,天塩郡遠別町字清川,1106-1,,
01486-4503-6.zip,202602101146,天塩郡遠別町字清川,146-2,,
01486-4503-6.zip,202602101146,天塩郡遠別町字清川,171-7,,
01486-4503-6.zip,202602101146,天塩郡遠別町字清川,171-3,,
01486-4503-6.zip,202602101146,天塩郡遠別町字清川,190-3,,
01486-4503-6.zip,202602101146,天塩郡遠別町字清川,190-2,,
01486-4503-6.zip,202602101146,天塩郡遠別町字清川,173,,
01486-4503-6.zip,202602101146,天塩郡遠別町字清川,1136,,
01486-4503-6.zip,202602101146,天塩郡遠別町字清川,1153-1,,
01486-4503-6.zip,202602101146,天塩郡遠別町字清川,1153-2,,
01486-4503-6.zip,202602101146,天塩郡遠別町字清川,205-9,,
01486-4503-6.zip,202602101146,天塩郡遠別町字清川,154-2,,
01486-4503-6.zip,202602101146,天塩郡遠別町,地区外-220569,,
01486-4503-6.zip,202602101146,天塩郡遠別町字清川,124-1,,
01486-4503-6.zip,202602101146,天塩郡遠別町字清川,124-3,,
01486-4503-6.zip,202602101146,天塩郡遠別町字清川,1092,,
01486-4503-6.zip,202602101146,天塩郡遠別町字清川,1114,,
01486-4503-6.zip,202602101146,天塩郡遠別町字清川,113-1,,
01486-4503-6.zip,202602101146,天塩郡遠別町字清川,道-18,,
01486-4503-6.zip,202602101146,天塩郡遠別町字清川,118-1,,
01486-4503-6.zip,202602101146,天塩郡遠別町字清川,114-6,,
01486-4503-6.zip,202602101146,天塩郡遠別町字清川,114-3,,
01486-4503-6.zip,202602101146,天塩郡遠別町字清川,水-30,,
01486-4503-6.zip,202602101146,天塩郡遠別町字清川,118-3,,
01486-4503-6.zip,202602101146,天塩郡遠別町字清川,117-1,,
01486-4503-6.zip,202602101146,天塩郡遠別町字清川,1117,,
01486-4503-6.zip,202602101146,天塩郡遠別町字清川,122,,
01486-4503-6.zip,202602101146,天塩郡遠別町字清川,120,,
01486-4503-6.zip,202602101146,天塩郡遠別町字清川,水-31,,
01486-4503-6.zip,202602101146,天塩郡遠別町字清川,1027,,
01486-4503-6.zip,202602101146,天塩郡遠別町字清川,121-2,,
01486-4503-6.zip,202602101146,天塩郡遠別町字清川,135,,
01486-4503-6.zip,202602101146,天塩郡遠別町字清川,131-3,,
01486-4503-6.zip,202602101146,天塩郡遠別町字清川,121-1,,
01486-4503-6.zip,202602101146,天塩郡遠別町字清川,121-3,,
01486-4503-6.zip,202602101146,天塩郡遠別町字清川,136-6,,
01486-4503-6.zip,202602101146,天塩郡遠別町字清川,136-7,,
01486-4503-6.zip,202602101146,天塩郡遠別町字清川,1122,,
01486-4503-6.zip,202602101146,天塩郡遠別町字清川,1123,,
01486-4503-6.zip,202602101146,天塩郡遠別町字清川,147-17,,
01486-4503-6.zip,202602101146,天塩郡遠別町字清川,147-18,,
01486-4503-6.zip,202602101146,天塩郡遠別町字清川,1121,,
01486-4503-6.zip,202602101146,天塩郡遠別町字清川,136-5,,
01486-4503-6.zip,202602101146,天塩郡遠別町字清川,121-6,,
01486-4503-6.zip,202602101146,天塩郡遠別町字清川,121-5,,
01486-4503-6.zip,202602101146,天塩郡遠別町字清川,136-4,,
01486-4503-6.zip,202602101146,天塩郡遠別町字清川,1119,,
01486-4503-6.zip,202602101146,天塩郡遠別町字清川,1124,,
01486-4503-6.zip,202602101146,天塩郡遠別町,地区外-220605,,
01486-4503-6.zip,202602101146,天塩郡遠別町字清川,1118,,
01486-4503-6.zip,202602101146,天塩郡遠別町字清川,1120,,
01486-4503-6.zip,202602101146,天塩郡遠別町字清川,1116,,
01486-4503-6.zip,202602101146,天塩郡遠別町字清川,117-3,,
01486-4503-6.zip,202602101146,天塩郡遠別町字清川,118-2,,
01486-4503-6.zip,202602101146,天塩郡遠別町字清川,117-2,,
01486-4503-6.zip,202602101146,天塩郡遠別町字清川,819,,
01486-4503-6.zip,202602101146,天塩郡遠別町字清川,1059,,
01486-4503-6.zip,202602101146,天塩郡遠別町字清川,53,,
01486-4503-6.zip,202602101146,天塩郡遠別町字清川,1104,,
01486-4503-6.zip,202602101146,天塩郡遠別町字清川,1020,,
01486-4503-6.zip,202602101146,天塩郡遠別町字清川,1105,,
01486-4503-6.zip,202602101146,天塩郡遠別町字清川,423,,
01486-4503-6.zip,202602101146,天塩郡遠別町字清川,419,,
01486-4503-6.zip,202602101146,天塩郡遠別町字清川,水-33,,
01486-4503-6.zip,202602101146,天塩郡遠別町字清川,420,,
01486-4503-6.zip,202602101146,天塩郡遠別町字清川,1107,,
01486-4503-6.zip,202602101146,天塩郡遠別町字清川,422,,
01486-4503-6.zip,202602101146,天塩郡遠別町字清川,864-2,,
01486-4503-6.zip,202602101146,天塩郡遠別町字清川,1103,,
01486-4503-6.zip,202602101146,天塩郡遠別町字清川,863,,
01486-4503-6.zip,202602101146,天塩郡遠別町字清川,55,,
01486-4503-6.zip,202602101146,天塩郡遠別町字清川,1010,,
01486-4503-6.zip,202602101146,天塩郡遠別町字清川,56-1,,
01486-4503-6.zip,202602101146,天塩郡遠別町字清川,146-4,,
01486-4503-6.zip,202602101146,天塩郡遠別町字清川,1102,,
01486-4503-6.zip,202602101146,天塩郡遠別町字清川,62,,
01486-4503-6.zip,202602101146,天塩郡遠別町字清川,1011,,
01486-4503-6.zip,202602101146,天塩郡遠別町字清川,146-1,,
01486-4503-6.zip,202602101146,天塩郡遠別町字清川,146-3,,
01486-4503-6.zip,202602101146,天塩郡遠別町字清川,1127,,
01486-4503-6.zip,202602101146,天塩郡遠別町,地区外-220642,,
01486-4503-6.zip,202602101146,天塩郡遠別町字清川,1057,,
01486-4503-6.zip,202602101146,天塩郡遠別町字清川,2-1,,
01486-4503-6.zip,202602101146,天塩郡遠別町字清川,2-2,,
01486-4503-6.zip,202602101146,天塩郡遠別町字清川,水-34,,
01486-4503-6.zip,202602101146,天塩郡遠別町字清川,1-2,,
01486-4503-6.zip,202602101146,天塩郡遠別町字清川,1058,,
01486-4503-6.zip,202602101146,天塩郡遠別町字清川,1-1,,
01486-4503-6.zip,202602101146,天塩郡遠別町字清川,水-35,,
01486-4503-6.zip,202602101146,天塩郡遠別町字清川,3-1,,
01486-4503-6.zip,202602101146,天塩郡遠別町字清川,1-3,,
01486-4503-6.zip,202602101146,天塩郡遠別町字清川,3-2,,
01486-4503-6.zip,202602101146,天塩郡遠別町字清川,3-3,,
01486-4503-6.zip,202602101146,天塩郡遠別町字清川,水-36,,
01486-4503-6.zip,202602101146,天塩郡遠別町字清川,4,,
01486-4503-6.zip,202602101146,天塩郡遠別町字清川,5-1,,
01486-4503-6.zip,202602101146,天塩郡遠別町字清川,5-2,,
01486-4503-6.zip,202602101146,天塩郡遠別町字清川,5-3,,
01486-4503-6.zip,202602101146,天塩郡遠別町字清川,7-6,,
01486-4503-6.zip,202602101146,天塩郡遠別町字清川,7-3,,
01486-4503-6.zip,202602101146,天塩郡遠別町字清川,7-5,,
01486-4503-6.zip,202602101146,天塩郡遠別町字清川,33-1,,
01486-4503-6.zip,202602101146,天塩郡遠別町字清川,33-3,,
01486-4503-6.zip,202602101146,天塩郡遠別町字清川,33-4,,
01486-4503-6.zip,202602101146,天塩郡遠別町字清川,1064,,
01486-4503-6.zip,202602101146,天塩郡遠別町字清川,1065,,
01486-4503-6.zip,202602101146,天塩郡遠別町字清川,98-1,,
01486-4503-6.zip,202602101146,天塩郡遠別町字清川,98-2,,
01486-4503-6.zip,202602101146,天塩郡遠別町字清川,98-6,,
01486-4503-6.zip,202602101146,天塩郡遠別町字清川,98-4,,
01486-4503-6.zip,202602101146,天塩郡遠別町字清川,98-5,,
01486-4503-6.zip,202602101146,天塩郡遠別町字清川,長狭物不明-4,,
01486-4503-6.zip,202602101146,天塩郡遠別町字清川,93-3,,
01486-4503-6.zip,202602101146,天塩郡遠別町字清川,93-2,,
01486-4503-6.zip,202602101146,天塩郡遠別町字清川,1081,,
01486-4503-6.zip,202602101146,天塩郡遠別町字清川,93-1,,
01486-4503-6.zip,202602101146,天塩郡遠別町字清川,94-1,,
01486-4503-6.zip,202602101146,天塩郡遠別町字清川,94-3,,
01486-4503-6.zip,202602101146,天塩郡遠別町字清川,1067,,
01486-4503-6.zip,202602101146,天塩郡遠別町字清川,94-2,,
01486-4503-6.zip,202602101146,天塩郡遠別町字清川,1068,,
01486-4503-6.zip,202602101146,天塩郡遠別町字清川,36-4,,
01486-4503-6.zip,202602101146,天塩郡遠別町字清川,36-5,,
01486-4503-6.zip,202602101146,天塩郡遠別町字清川,40,,
01486-4503-6.zip,202602101146,天塩郡遠別町字清川,1071,,
01486-4503-6.zip,202602101146,天塩郡遠別町字清川,96-1,,
01486-4503-6.zip,202602101146,天塩郡遠別町字清川,1072,,
01486-4503-6.zip,202602101146,天塩郡遠別町字清川,1070,,
01486-4503-6.zip,202602101146,天塩郡遠別町字清川,936-1,,
01486-4503-6.zip,202602101146,天塩郡遠別町字清川,936-2,,
01486-4503-6.zip,202602101146,天塩郡遠別町字清川,41-6,,
01486-4503-6.zip,202602101146,天塩郡遠別町字清川,41-1,,
01486-4503-6.zip,202602101146,天塩郡遠別町字清川,道-19,,
01486-4503-6.zip,202602101146,天塩郡遠別町字清川,42-7,,
01486-4503-6.zip,202602101146,天塩郡遠別町字清川,42-6,,
01486-4503-6.zip,202602101146,天塩郡遠別町字清川,42-1,,
01486-4503-6.zip,202602101146,天塩郡遠別町字清川,44-1,,
01486-4503-6.zip,202602101146,天塩郡遠別町字清川,42-4,,
01486-4503-6.zip,202602101146,天塩郡遠別町字清川,42-5,,
01486-4503-6.zip,202602101146,天塩郡遠別町字清川,44-5,,
01486-4503-6.zip,202602101146,天塩郡遠別町字清川,44-4,,
01486-4503-6.zip,202602101146,天塩郡遠別町字清川,44-3,,
01486-4503-6.zip,202602101146,天塩郡遠別町字清川,1074,,
01486-4503-6.zip,202602101146,天塩郡遠別町字清川,1076,,
01486-4503-6.zip,202602101146,天塩郡遠別町字清川,44-6,,
01486-4503-6.zip,202602101146,天塩郡遠別町字清川,44-7,,
01486-4503-6.zip,202602101146,天塩郡遠別町字清川,1077,,
01486-4503-6.zip,202602101146,天塩郡遠別町字清川,道-20,,
01486-4503-6.zip,202602101146,天塩郡遠別町字清川,1078,,
01486-4503-6.zip,202602101146,天塩郡遠別町字清川,43,,
01486-4503-6.zip,202602101146,天塩郡遠別町字清川,45,,
01486-4503-6.zip,202602101146,天塩郡遠別町字清川,1079,,
01486-4503-6.zip,202602101146,天塩郡遠別町字清川,1080,,
01486-4503-6.zip,202602101146,天塩郡遠別町字清川,75-1,,
01486-4503-6.zip,202602101146,天塩郡遠別町字清川,82-1,,
01486-4503-6.zip,202602101146,天塩郡遠別町字清川,84,,
01486-4503-6.zip,202602101146,天塩郡遠別町字清川,83-1,,
01486-4503-6.zip,202602101146,天塩郡遠別町字清川,83-2,,
01486-4503-6.zip,202602101146,天塩郡遠別町字清川,83-8,,
01486-4503-6.zip,202602101146,天塩郡遠別町字清川,1073,,
01486-4503-6.zip,202602101146,天塩郡遠別町字清川,1075,,
01486-4503-6.zip,202602101146,天塩郡遠別町字清川,83-5,,
01486-4503-6.zip,202602101146,天塩郡遠別町字清川,936-3,,
01486-4503-6.zip,202602101146,天塩郡遠別町字清川,36-3,,
01486-4503-6.zip,202602101146,天塩郡遠別町字清川,33-5,,
01486-4503-6.zip,202602101146,天塩郡遠別町字清川,1069,,
01486-4503-6.zip,202602101146,天塩郡遠別町字清川,96-2,,
01486-4503-6.zip,202602101146,天塩郡遠別町字清川,33-6,,
01486-4503-6.zip,202602101146,天塩郡遠別町字清川,1066,,
01486-4503-6.zip,202602101146,天塩郡遠別町字清川,98-3,,
01486-4503-6.zip,202602101146,天塩郡遠別町字清川,87-2,,
01486-4503-6.zip,202602101146,天塩郡遠別町字清川,87-1,,
01486-4503-6.zip,202602101146,天塩郡遠別町字清川,85-1,,
01486-4503-6.zip,202602101146,天塩郡遠別町字清川,86-1,,
01486-4503-6.zip,202602101146,天塩郡遠別町字清川,83-7,,
01486-4503-6.zip,202602101146,天塩郡遠別町字清川,42-3,,
01486-4503-6.zip,202602101146,天塩郡遠別町字清川,75-3,,
01486-4503-6.zip,202602101146,天塩郡遠別町字清川,75-4,,
01486-4503-6.zip,202602101146,天塩郡遠別町字清川,865-2,,
01486-4503-6.zip,202602101146,天塩郡遠別町字清川,76-2,,
01486-4503-6.zip,202602101146,天塩郡遠別町字清川,76-1,,
01486-4503-6.zip,202602101146,天塩郡遠別町字清川,865-1,,
01486-4503-6.zip,202602101146,天塩郡遠別町字清川,864-1,,
01486-4503-6.zip,202602101146,天塩郡遠別町字清川,72,,
01486-4503-6.zip,202602101146,天塩郡遠別町字清川,74-1,,
01486-4503-6.zip,202602101146,天塩郡遠別町字清川,長狭物不明-5,,
01486-4503-6.zip,202602101146,天塩郡遠別町字清川,68-1,,
01486-4503-6.zip,202602101146,天塩郡遠別町字清川,68-3,,
01486-4503-6.zip,202602101146,天塩郡遠別町字清川,70-1,,
01486-4503-6.zip,202602101146,天塩郡遠別町字清川,64-1,,
01486-4503-6.zip,202602101146,天塩郡遠別町字清川,1097,,
01486-4503-6.zip,202602101146,天塩郡遠別町字清川,1025-2,,
01486-4503-6.zip,202602101146,天塩郡遠別町字清川,1025-1,,
01486-4503-6.zip,202602101146,天塩郡遠別町字清川,65-1,,
01486-4503-6.zip,202602101146,天塩郡遠別町字清川,1101,,
01486-4503-6.zip,202602101146,天塩郡遠別町字清川,1100,,
01486-4503-6.zip,202602101146,天塩郡遠別町字清川,67-3,,
01486-4503-6.zip,202602101146,天塩郡遠別町字清川,道-21,,
01486-4503-6.zip,202602101146,天塩郡遠別町字清川,1095,,
01486-4503-6.zip,202602101146,天塩郡遠別町字清川,136-1,,
01486-4503-6.zip,202602101146,天塩郡遠別町字清川,136-3,,
01486-4503-6.zip,202602101146,天塩郡遠別町字清川,136-2,,
01486-4503-6.zip,202602101146,天塩郡遠別町字清川,1099,,
01486-4503-6.zip,202602101146,天塩郡遠別町字清川,67-1,,
01486-4503-6.zip,202602101146,天塩郡遠別町字清川,60-1,,
01486-4503-6.zip,202602101146,天塩郡遠別町字清川,1082,,
01486-4503-6.zip,202602101146,天塩郡遠別町字清川,88-4,,
01486-4503-6.zip,202602101146,天塩郡遠別町字清川,1083,,
01486-4503-6.zip,202602101146,天塩郡遠別町字清川,水-38,,
01486-4503-6.zip,202602101146,天塩郡遠別町字清川,92-2,,
01486-4503-6.zip,202602101146,天塩郡遠別町字清川,32,,
01486-4503-6.zip,202602101146,天塩郡遠別町字清川,1085,,
01486-4503-6.zip,202602101146,天塩郡遠別町字清川,1084,,
01486-4503-6.zip,202602101146,天塩郡遠別町字清川,88-1,,
01486-4503-6.zip,202602101146,天塩郡遠別町字清川,88-2,,
01486-4503-6.zip,202602101146,天塩郡遠別町字清川,88-3,,
01486-4503-6.zip,202602101146,天塩郡遠別町字清川,68-2,,
01486-4503-6.zip,202602101146,天塩郡遠別町字清川,92-1,,
01486-4503-6.zip,202602101146,天塩郡遠別町字清川,1089,,
01486-4503-6.zip,202602101146,天塩郡遠別町字清川,1086,,
01486-4503-6.zip,202602101146,天塩郡遠別町字清川,91-2,,
01486-4503-6.zip,202602101146,天塩郡遠別町字清川,91-1,,
01486-4503-6.zip,202602101146,天塩郡遠別町字清川,1094,,
01486-4503-6.zip,202602101146,天塩郡遠別町字清川,水-39,,
01486-4503-6.zip,202602101146,天塩郡遠別町字清川,100,,
01486-4503-6.zip,202602101146,天塩郡遠別町字清川,1088,,
01486-4503-6.zip,202602101146,天塩郡遠別町字清川,114-5,,
01486-4503-6.zip,202602101146,天塩郡遠別町字清川,1087,,
01486-4503-6.zip,202602101146,天塩郡遠別町字清川,114-1,,
01486-4503-6.zip,202602101146,天塩郡遠別町字清川,114-4,,
01486-4503-6.zip,202602101146,天塩郡遠別町字清川,1090,,
01486-4503-6.zip,202602101146,天塩郡遠別町字清川,1093,,
01486-4503-6.zip,202602101146,天塩郡遠別町字清川,128-3,,
01486-4503-6.zip,202602101146,天塩郡遠別町字清川,127-3,,
01486-4503-6.zip,202602101146,天塩郡遠別町字清川,126,,
01486-4503-6.zip,202602101146,天塩郡遠別町字清川,1015-1,,
01486-4503-6.zip,202602101146,天塩郡遠別町字清川,1015-2,,
01486-4503-6.zip,202602101146,天塩郡遠別町字清川,1016-3,,
01486-4503-6.zip,202602101146,天塩郡遠別町字清川,1016-4,,
01486-4503-6.zip,202602101146,天塩郡遠別町字清川,125-2,,
01486-4503-6.zip,202602101146,天塩郡遠別町字清川,125-1,,
01486-4503-6.zip,202602101146,天塩郡遠別町字清川,125-3,,
01486-4503-6.zip,202602101146,天塩郡遠別町字清川,1016-2,,
01486-4503-6.zip,202602101146,天塩郡遠別町字清川,127-2,,
01486-4503-6.zip,202602101146,天塩郡遠別町字清川,127-1,,
01486-4503-6.zip,202602101146,天塩郡遠別町字清川,1016-1,,
01486-4503-6.zip,202602101146,天塩郡遠別町字清川,125-4,,
01486-4503-6.zip,202602101146,天塩郡遠別町字清川,128-2,,
01486-4503-6.zip,202602101146,天塩郡遠別町字清川,128-1,,
01486-4503-6.zip,202602101146,天塩郡遠別町字清川,129-1,,
01486-4503-6.zip,202602101146,天塩郡遠別町字清川,129-2,,
01486-4503-6.zip,202602101146,天塩郡遠別町字清川,1014-1,,
01486-4503-6.zip,202602101146,天塩郡遠別町字清川,130-1,,
01486-4503-6.zip,202602101146,天塩郡遠別町字清川,1096,,
01486-4503-6.zip,202602101146,天塩郡遠別町字清川,130-2,,
01486-4503-6.zip,202602101146,天塩郡遠別町字清川,1014-3,,
01486-4503-6.zip,202602101146,天塩郡遠別町字清川,1014-4,,
01486-4503-6.zip,202602101146,天塩郡遠別町字清川,131-1,,
01486-4503-6.zip,202602101146,天塩郡遠別町字清川,1014-5,,
01486-4503-6.zip,202602101146,天塩郡遠別町字清川,1014-2,,
01486-4503-6.zip,202602101146,天塩郡遠別町字清川,1098,,
01486-4503-6.zip,202602101146,天塩郡遠別町字清川,121-4,,
01486-4503-6.zip,202602101146,天塩郡遠別町字清川,131-4,,
01486-4503-6.zip,202602101146,天塩郡遠別町字清川,131-5,,
01486-4503-6.zip,202602101146,天塩郡遠別町字清川,1091,,
01486-4503-6.zip,202602101146,天塩郡遠別町字清川,道-22,,
01486-4503-6.zip,202602101146,天塩郡遠別町字清川,10-6,,
01486-4503-6.zip,202602101146,天塩郡遠別町字清川,10-5,,
01486-4503-6.zip,202602101146,天塩郡遠別町字清川,10-3,,
01486-4503-6.zip,202602101146,天塩郡遠別町字清川,7-1,,
01486-4503-6.zip,202602101146,天塩郡遠別町字清川,7-7,,
01486-4503-6.zip,202602101146,天塩郡遠別町字清川,7-4,,
01486-4503-6.zip,202602101146,天塩郡遠別町字清川,7-2,,
01486-4503-6.zip,202602101146,天塩郡遠別町,地区外-220840,,
01486-4503-6.zip,202602101146,天塩郡遠別町字清川,1056,,
01486-4503-6.zip,202602101146,天塩郡遠別町字清川,1055,,
01486-4503-6.zip,202602101146,天塩郡遠別町字清川,1053,,
01486-4503-6.zip,202602101146,天塩郡遠別町字清川,水-40,,
01486-4503-6.zip,202602101146,天塩郡遠別町字清川,11,,
01486-4503-6.zip,202602101146,天塩郡遠別町字清川,12-1,,
01486-4503-6.zip,202602101146,天塩郡遠別町字清川,10-1,,
01486-4503-6.zip,202602101146,天塩郡遠別町字清川,13-5,,
01486-4503-6.zip,202602101146,天塩郡遠別町字清川,13-1,,
01486-4503-6.zip,202602101146,天塩郡遠別町字清川,13-6,,
01486-4503-6.zip,202602101146,天塩郡遠別町字清川,1054,,
01486-4503-6.zip,202602101146,天塩郡遠別町字清川,14-9,,
01486-4503-6.zip,202602101146,天塩郡遠別町字清川,14-3,,
01486-4503-6.zip,202602101146,天塩郡遠別町,地区外-220855,,
01486-4503-6.zip,202602101146,天塩郡遠別町字清川,822-1,,
01486-4503-6.zip,202602101146,天塩郡遠別町字清川,水-41,,
01486-4503-6.zip,202602101146,天塩郡遠別町字清川,821-6,,
01486-4503-6.zip,202602101146,天塩郡遠別町字清川,1192-1,,
01486-4503-6.zip,202602101146,天塩郡遠別町字清川,822-3,,
01486-4503-6.zip,202602101146,天塩郡遠別町字清川,822-4,,
01486-4503-6.zip,202602101146,天塩郡遠別町,地区外-220862,,
01486-4503-6.zip,202602101146,天塩郡遠別町字清川,822-2,,
01486-4503-6.zip,202602101146,天塩郡遠別町字清川,水-42,,
01486-4503-6.zip,202602101146,天塩郡遠別町,地区外-220865,,
01486-4503-6.zip,202602101146,天塩郡遠別町字清川,821-3,,
01486-4503-6.zip,202602101146,天塩郡遠別町字清川,821-4,,
01486-4503-6.zip,202602101146,天塩郡遠別町字清川,821-18,,
01486-4503-6.zip,202602101146,天塩郡遠別町字清川,822-9,,
01486-4503-6.zip,202602101146,天塩郡遠別町字清川,821-17,,
01486-4503-6.zip,202602101146,天塩郡遠別町字清川,821-2,,
01486-4503-6.zip,202602101146,天塩郡遠別町字清川,821-8,,
01486-4503-6.zip,202602101146,天塩郡遠別町字清川,1192-4,,
01486-4503-6.zip,202602101146,天塩郡遠別町,地区外-220874,,
01486-4503-6.zip,202602101146,天塩郡遠別町字清川,821-5,,
01486-4503-6.zip,202602101146,天塩郡遠別町字清川,1192-2,,
01486-4503-6.zip,202602101146,天塩郡遠別町字清川,821-9,,
01486-4503-6.zip,202602101146,天塩郡遠別町,地区外-220878,,
01486-4503-6.zip,202602101146,天塩郡遠別町字清川,1062,,
01486-4503-6.zip,202602101146,天塩郡遠別町字清川,1061,,
01486-4503-6.zip,202602101146,天塩郡遠別町字清川,821-14,,
01486-4503-6.zip,202602101146,天塩郡遠別町字清川,822-5,,
01486-4503-6.zip,202602101146,天塩郡遠別町字清川,822-6,,
01486-4503-6.zip,202602101146,天塩郡遠別町字清川,822-7,,
01486-4503-6.zip,202602101146,天塩郡遠別町字清川,822-8,,
01486-4503-6.zip,202602101146,天塩郡遠別町,地区外-220886,,
01486-4503-6.zip,202602101146,天塩郡遠別町字清川,824-1,,
01486-4503-6.zip,202602101146,天塩郡遠別町字清川,824-4,,
01486-4503-6.zip,202602101146,天塩郡遠別町字清川,道-23,,
01486-4503-6.zip,202602101146,天塩郡遠別町字清川,914-1,,
01486-4503-6.zip,202602101146,天塩郡遠別町字清川,825-4,,
01486-4503-6.zip,202602101146,天塩郡遠別町字清川,826,,
01486-4503-6.zip,202602101146,天塩郡遠別町字清川,825-2,,
01486-4503-6.zip,202602101146,天塩郡遠別町字清川,道-24,,
01486-4503-6.zip,202602101146,天塩郡遠別町字清川,824-8,,
01486-4503-6.zip,202602101146,天塩郡遠別町字清川,915-1,,
01486-4503-6.zip,202602101146,天塩郡遠別町字清川,825-1,,
01486-4503-6.zip,202602101146,天塩郡遠別町,地区外-220901,,
01486-4503-6.zip,202602101146,天塩郡遠別町字清川,1271,,
01486-4503-6.zip,202602101146,天塩郡遠別町,地区外-220903,,
01486-4503-6.zip,202602101146,天塩郡遠別町字清川,896-1,,
01486-4503-6.zip,202602101146,天塩郡遠別町字清川,896-2,,
01486-4503-6.zip,202602101146,天塩郡遠別町字清川,1115,,
01486-4503-6.zip,202602101146,天塩郡遠別町字清川,1111,,
01486-4503-6.zip,202602101146,天塩郡遠別町字清川,895-2,,
01486-4503-6.zip,202602101146,天塩郡遠別町,地区外-220909,,
01486-4503-6.zip,202602101146,天塩郡遠別町字清川,1109,,
01486-4503-6.zip,202602101146,天塩郡遠別町字清川,102,,
01486-4503-6.zip,202602101146,天塩郡遠別町字清川,109-1,,
01486-4503-6.zip,202602101146,天塩郡遠別町字清川,水-43,,
01486-4503-6.zip,202602101146,天塩郡遠別町字清川,1112,,
01486-4503-6.zip,202602101146,天塩郡遠別町字清川,105,,
01486-4503-6.zip,202602101146,天塩郡遠別町字清川,104,,
01486-4503-6.zip,202602101146,天塩郡遠別町字清川,103,,
01486-4503-6.zip,202602101146,天塩郡遠別町字清川,106,,
01486-4503-6.zip,202602101146,天塩郡遠別町字清川,895-1,,
01486-4503-6.zip,202602101146,天塩郡遠別町字清川,1110,,
01486-4503-6.zip,202602101146,天塩郡遠別町字清川,109-3,,
01486-4503-6.zip,202602101146,天塩郡遠別町字清川,1113,,
01486-4503-6.zip,202602101146,天塩郡遠別町字清川,110-3,,
01486-4503-6.zip,202602101146,天塩郡遠別町字清川,110-1,,
01486-4503-6.zip,202602101146,天塩郡遠別町字清川,108-2,,
01486-4503-6.zip,202602101146,天塩郡遠別町字清川,108-1,,
01486-4503-6.zip,202602101146,天塩郡遠別町字清川,108-3,,
01486-4503-6.zip,202602101146,天塩郡遠別町字清川,107-1,,
01486-4503-6.zip,202602101146,天塩郡遠別町字清川,107-2,,
01486-4503-6.zip,202602101146,天塩郡遠別町字清川,107-3,,
01486-4503-6.zip,202602101146,天塩郡遠別町字清川,33-2,,
01486-4503-6.zip,202602101146,天塩郡遠別町字清川,1063,,
01486-4503-6.zip,202602101146,天塩郡遠別町,地区外-220933,,
01486-4503-6.zip,202602101146,天塩郡遠別町字清川,101,,
01486-4503-6.zip,202602101146,天塩郡遠別町字清川,31,,
01486-4503-6.zip,202602101146,天塩郡遠別町字清川,水-44,,
01486-4503-6.zip,202602101146,天塩郡遠別町字清川,1052,,
01486-4503-6.zip,202602101146,天塩郡遠別町字清川,1049,,
01486-4503-6.zip,202602101146,天塩郡遠別町字清川,1048,,
01486-4503-6.zip,202602101146,天塩郡遠別町字清川,15,,
01486-4503-6.zip,202602101146,天塩郡遠別町字清川,1050,,
01486-4503-6.zip,202602101146,天塩郡遠別町字清川,19-1,,
01486-4503-6.zip,202602101146,天塩郡遠別町字清川,19-2,,
01486-4503-6.zip,202602101146,天塩郡遠別町,地区外-220946,,
01486-4503-6.zip,202602101146,天塩郡遠別町,地区外-220947,,
01486-4503-6.zip,202602101146,天塩郡遠別町字清川,1045,,
01486-4503-6.zip,202602101146,天塩郡遠別町字清川,1043,,
01486-4503-6.zip,202602101146,天塩郡遠別町字清川,1042,,
01486-4503-6.zip,202602101146,天塩郡遠別町字清川,1040,,
01486-4503-6.zip,202602101146,天塩郡遠別町字清川,28-3,,
01486-4503-6.zip,202602101146,天塩郡遠別町字清川,30,,
01486-4503-6.zip,202602101146,天塩郡遠別町字清川,1047,,
01486-4503-6.zip,202602101146,天塩郡遠別町字清川,22-1,,
01486-4503-6.zip,202602101146,天塩郡遠別町字清川,水-45,,
01486-4503-6.zip,202602101146,天塩郡遠別町字清川,20-2,,
01486-4503-6.zip,202602101146,天塩郡遠別町字清川,水-46,,
01486-4503-6.zip,202602101146,天塩郡遠別町字清川,20-1,,
01486-4503-6.zip,202602101146,天塩郡遠別町字清川,20-6,,
01486-4503-6.zip,202602101146,天塩郡遠別町字清川,20-4,,
01486-4503-6.zip,202602101146,天塩郡遠別町字清川,20-5,,
01486-4503-6.zip,202602101146,天塩郡遠別町字清川,1046,,
01486-4503-6.zip,202602101146,天塩郡遠別町字清川,20-3,,
01486-4503-6.zip,202602101146,天塩郡遠別町字清川,1044,,
01486-4503-6.zip,202602101146,天塩郡遠別町字清川,25,,
01486-4503-6.zip,202602101146,天塩郡遠別町字清川,1041,,
01486-4503-6.zip,202602101146,天塩郡遠別町字清川,26-1,,
01486-4503-6.zip,202602101146,天塩郡遠別町字清川,26-4,,
01486-4503-6.zip,202602101146,天塩郡遠別町字清川,26-3,,
01486-4503-6.zip,202602101146,天塩郡遠別町字清川,28-2,,
01486-4503-6.zip,202602101146,天塩郡遠別町字清川,22-5,,
01486-4503-6.zip,202602101146,天塩郡遠別町字清川,28-1,,
01486-4503-6.zip,202602101146,天塩郡遠別町字清川,22-2,,
01486-4503-6.zip,202602101146,天塩郡遠別町字清川,22-3,,
01486-4503-6.zip,202602101146,天塩郡遠別町字清川,22-4,,
01486-4503-6.zip,202602101146,天塩郡遠別町字清川,28-4,,
01486-4503-6.zip,202602101146,天塩郡遠別町字清川,26-2,,
01486-4503-6.zip,202602101146,天塩郡遠別町,地区外-220979,,
01486-4503-6.zip,202602101146,天塩郡遠別町字清川,1185-1,,
01486-4503-6.zip,202602101146,天塩郡遠別町字清川,1184,,
01486-4503-6.zip,202602101146,天塩郡遠別町字清川,水-47,,
01486-4503-6.zip,202602101146,天塩郡遠別町字清川,水-48,,
01486-4503-6.zip,202602101146,天塩郡遠別町字清川,1182,,
01486-4503-6.zip,202602101146,天塩郡遠別町字清川,466-1,,
01486-4503-6.zip,202602101146,天塩郡遠別町字清川,465,,
01486-4503-6.zip,202602101146,天塩郡遠別町字清川,1183,,
01486-4503-6.zip,202602101146,天塩郡遠別町字清川,1181,,
01486-4503-6.zip,202602101146,天塩郡遠別町字清川,道-25,,
01486-4503-6.zip,202602101146,天塩郡遠別町字清川,1180,,
01486-4503-6.zip,202602101146,天塩郡遠別町字清川,457-1,,
01486-4503-6.zip,202602101146,天塩郡遠別町字清川,464-5,,
01486-4503-6.zip,202602101146,天塩郡遠別町字清川,464-1,,
01486-4503-6.zip,202602101146,天塩郡遠別町字清川,466-2,,
01486-4503-6.zip,202602101146,天塩郡遠別町字清川,464-6,,
01486-4503-6.zip,202602101146,天塩郡遠別町字清川,467-1,,
01486-4503-6.zip,202602101146,天塩郡遠別町字清川,445-1,,
01486-4503-6.zip,202602101146,天塩郡遠別町字清川,467-2,,
01486-4503-6.zip,202602101146,天塩郡遠別町字清川,444-1,,
01486-4503-6.zip,202602101146,天塩郡遠別町字清川,441-1,,
01486-4503-6.zip,202602101146,天塩郡遠別町字清川,1192-5,,
01486-4503-6.zip,202602101146,天塩郡遠別町,地区外-221002,,
01486-4503-6.zip,202602101146,天塩郡遠別町字清川,1192-9,,
01486-4503-6.zip,202602101146,天塩郡遠別町字清川,821-10,,
01486-4503-6.zip,202602101146,天塩郡遠別町字清川,821-19,,
01486-4503-6.zip,202602101146,天塩郡遠別町字清川,1192-3,,
01486-4503-6.zip,202602101146,天塩郡遠別町字清川,821-7,,
01486-4503-6.zip,202602101146,天塩郡遠別町字清川,821-13,,
01486-4503-6.zip,202602101146,天塩郡遠別町字清川,821-11,,
01486-4503-6.zip,202602101146,天塩郡遠別町字清川,821-12,,
01486-4503-6.zip,202602101146,天塩郡遠別町字清川,821-15,,
01486-4503-6.zip,202602101146,天塩郡遠別町字清川,1192-7,,
01486-4503-6.zip,202602101146,天塩郡遠別町,地区外-221013,,
01486-4503-6.zip,202602101146,天塩郡遠別町字清川,1179,,
01486-4503-6.zip,202602101146,天塩郡遠別町字清川,454-1,,
01486-4503-6.zip,202602101146,天塩郡遠別町字清川,433-3,,
01486-4503-6.zip,202602101146,天塩郡遠別町字清川,433-8,,
01486-4503-6.zip,202602101146,天塩郡遠別町字清川,260-11,,
01486-4503-6.zip,202602101146,天塩郡遠別町字清川,456-1,,
01486-4503-6.zip,202602101146,天塩郡遠別町字清川,454-3,,
01486-4503-6.zip,202602101146,天塩郡遠別町字清川,434-3,,
01486-4503-6.zip,202602101146,天塩郡遠別町字清川,454-2,,
01486-4503-6.zip,202602101146,天塩郡遠別町字清川,434-2,,
01486-4503-6.zip,202602101146,天塩郡遠別町字清川,1178,,
01486-4503-6.zip,202602101146,天塩郡遠別町字清川,433-10,,
01486-4503-6.zip,202602101146,天塩郡遠別町字清川,433-9,,
01486-4503-6.zip,202602101146,天塩郡遠別町字清川,433-1,,
01486-4503-6.zip,202602101146,天塩郡遠別町字清川,433-11,,
01486-4503-6.zip,202602101146,天塩郡遠別町字清川,435-3,,
01486-4503-6.zip,202602101146,天塩郡遠別町字清川,435-1,,
01486-4503-6.zip,202602101146,天塩郡遠別町字清川,1175,,
01486-4503-6.zip,202602101146,天塩郡遠別町字清川,433-7,,
01486-4503-6.zip,202602101146,天塩郡遠別町字清川,1174,,
01486-4503-6.zip,202602101146,天塩郡遠別町字清川,1173,,
01486-4503-6.zip,202602101146,天塩郡遠別町字清川,1172,,
01486-4503-6.zip,202602101146,天塩郡遠別町字清川,1171,,
01486-4503-6.zip,202602101146,天塩郡遠別町字清川,260-1,,
01486-4503-6.zip,202602101146,天塩郡遠別町字清川,1169,,
01486-4503-6.zip,202602101146,天塩郡遠別町字清川,260-4,,
01486-4503-6.zip,202602101146,天塩郡遠別町字清川,1168,,
01486-4503-6.zip,202602101146,天塩郡遠別町字清川,260-10,,
01486-4503-6.zip,202602101146,天塩郡遠別町字清川,260-5,,
01486-4503-6.zip,202602101146,天塩郡遠別町字清川,1170,,
01486-4503-6.zip,202602101146,天塩郡遠別町字清川,432-1,,
01486-4503-6.zip,202602101146,天塩郡遠別町字清川,430-13,,
01486-4503-6.zip,202602101146,天塩郡遠別町字清川,430-1,,
01486-4503-6.zip,202602101146,天塩郡遠別町字清川,水-49,,
01486-4503-6.zip,202602101146,天塩郡遠別町字清川,430-3,,
01486-4503-6.zip,202602101146,天塩郡遠別町字清川,1187,,
01486-4503-6.zip,202602101146,天塩郡遠別町字清川,440-1,,
01486-4503-6.zip,202602101146,天塩郡遠別町字清川,430-15,,
01486-4503-6.zip,202602101146,天塩郡遠別町字清川,430-8,,
01486-4503-6.zip,202602101146,天塩郡遠別町字清川,430-11,,
01486-4503-6.zip,202602101146,天塩郡遠別町字清川,430-10,,
01486-4503-6.zip,202602101146,天塩郡遠別町字清川,430-2,,
01486-4503-6.zip,202602101146,天塩郡遠別町字清川,429-3,,
01486-4503-6.zip,202602101146,天塩郡遠別町字清川,429-2,,
01486-4503-6.zip,202602101146,天塩郡遠別町字清川,1186-1,,
01486-4503-6.zip,202602101146,天塩郡遠別町字清川,水-50,,
01486-4503-6.zip,202602101146,天塩郡遠別町字清川,水-51,,
01486-4503-6.zip,202602101146,天塩郡遠別町字清川,442-1,,
01486-4503-6.zip,202602101146,天塩郡遠別町字清川,432-10,,
01486-4503-6.zip,202602101146,天塩郡遠別町字清川,437-8,,
01486-4503-6.zip,202602101146,天塩郡遠別町字清川,1188,,
01486-4503-6.zip,202602101146,天塩郡遠別町字清川,437-6,,
01486-4503-6.zip,202602101146,天塩郡遠別町字清川,437-1,,
01486-4503-6.zip,202602101146,天塩郡遠別町字清川,438-1,,
01486-4503-6.zip,202602101146,天塩郡遠別町字清川,447-5,,
01486-4503-6.zip,202602101146,天塩郡遠別町字清川,447-1,,
01486-4503-6.zip,202602101146,天塩郡遠別町字清川,水-52,,
01486-4503-6.zip,202602101146,天塩郡遠別町字清川,463-1,,
01486-4503-6.zip,202602101146,天塩郡遠別町字清川,462-1,,
01486-4503-6.zip,202602101146,天塩郡遠別町字清川,444-2,,
01486-4503-6.zip,202602101146,天塩郡遠別町字清川,445-6,,
01486-4503-6.zip,202602101146,天塩郡遠別町字清川,445-5,,
01486-4503-6.zip,202602101146,天塩郡遠別町字清川,464-7,,
01486-4503-6.zip,202602101146,天塩郡遠別町字清川,464-8,,
01486-4503-6.zip,202602101146,天塩郡遠別町字清川,457-3,,
01486-4503-6.zip,202602101146,天塩郡遠別町字清川,449-4,,
01486-4503-6.zip,202602101146,天塩郡遠別町字清川,434-4,,
01486-4503-6.zip,202602101146,天塩郡遠別町字清川,449-1,,
01486-4503-6.zip,202602101146,天塩郡遠別町字清川,449-3,,
01486-4503-6.zip,202602101146,天塩郡遠別町字清川,456-2,,
01486-4503-6.zip,202602101146,天塩郡遠別町字清川,435-2,,
01486-4503-6.zip,202602101146,天塩郡遠別町字清川,1176,,
01486-4503-6.zip,202602101146,天塩郡遠別町字清川,434-1,,
01486-4503-6.zip,202602101146,天塩郡遠別町字清川,1177,,
01486-4503-6.zip,202602101146,天塩郡遠別町字清川,260-9,,
01486-4503-6.zip,202602101146,天塩郡遠別町字清川,260-3,,
01486-4503-6.zip,202602101146,天塩郡遠別町字清川,260-6,,
01486-4503-6.zip,202602101146,天塩郡遠別町字清川,260-7,,
01486-4503-6.zip,202602101146,天塩郡遠別町字清川,225-5,,
01486-4503-6.zip,202602101146,天塩郡遠別町字清川,1152-1,,
01486-4503-6.zip,202602101146,天塩郡遠別町字清川,道-26,,
01486-4503-6.zip,202602101146,天塩郡遠別町字清川,1164,,
01486-4503-6.zip,202602101146,天塩郡遠別町字清川,1152-2,,
01486-4503-6.zip,202602101146,天塩郡遠別町字清川,1151-1,,
01486-4503-6.zip,202602101146,天塩郡遠別町字清川,1151-3,,
01486-4503-6.zip,202602101146,天塩郡遠別町字清川,225-3,,
01486-4503-6.zip,202602101146,天塩郡遠別町字清川,225-6,,
01486-4503-6.zip,202602101146,天塩郡遠別町字清川,225-7,,
01486-4503-6.zip,202602101146,天塩郡遠別町字清川,1151-2,,
01486-4503-6.zip,202602101146,天塩郡遠別町字清川,225-4,,
01486-4503-6.zip,202602101146,天塩郡遠別町字清川,250-12,,
01486-4503-6.zip,202602101146,天塩郡遠別町字清川,250-11,,
01486-4503-6.zip,202602101146,天塩郡遠別町字清川,227-1,,
01486-4503-6.zip,202602101146,天塩郡遠別町字清川,250-10,,
01486-4503-6.zip,202602101146,天塩郡遠別町字清川,250-13,,
01486-4503-6.zip,202602101146,天塩郡遠別町字清川,250-7,,
01486-4503-6.zip,202602101146,天塩郡遠別町字清川,250-9,,
01486-4503-6.zip,202602101146,天塩郡遠別町字清川,1186-3,,
01486-4503-6.zip,202602101146,天塩郡遠別町,地区外-221113,,
01486-4503-6.zip,202602101146,天塩郡遠別町字清川,1106-2,,
01486-4503-6.zip,202602101146,天塩郡遠別町字清川,1192-6,,
01486-4503-6.zip,202602101146,天塩郡遠別町字清川,1192-8,,
01486-4503-6.zip,202602101146,天塩郡遠別町字清川,821-16,,
01486-4503-6.zip,202602101146,天塩郡遠別町字清川,429-1,,
01486-4503-6.zip,202602101146,天塩郡遠別町字清川,425,,
01486-4503-6.zip,202602101146,天塩郡遠別町字清川,1108,,
01486-4503-6.zip,202602101146,天塩郡遠別町字清川,424,,
01486-4503-6.zip,202602101146,天塩郡遠別町字清川,429-4,,
01486-4503-6.zip,202602101146,天塩郡遠別町字清川,430-9,,
01486-4503-6.zip,202602101146,天塩郡遠別町字清川,430-6,,
01486-4503-6.zip,202602101146,天塩郡遠別町字清川,430-4,,
01486-4503-6.zip,202602101146,天塩郡遠別町字清川,430-7,,
01486-4503-6.zip,202602101146,天塩郡遠別町字清川,430-12,,
01486-4503-6.zip,202602101146,天塩郡遠別町字清川,430-16,,
01486-4503-6.zip,202602101146,天塩郡遠別町字清川,1189,,
01486-4503-6.zip,202602101146,天塩郡遠別町字清川,428-4,,
01486-4503-6.zip,202602101146,天塩郡遠別町字清川,428-1,,
01486-4503-6.zip,202602101146,天塩郡遠別町字清川,1190,,
01486-4503-6.zip,202602101146,天塩郡遠別町字清川,1191,,
01486-4503-6.zip,202602101146,天塩郡遠別町字清川,428-2,,
01486-4503-6.zip,202602101146,天塩郡遠別町字清川,428-3,,
01486-4503-6.zip,202602101146,天塩郡遠別町字清川,441-3,,
01486-4503-6.zip,202602101146,天塩郡遠別町字清川,1185-2,,
01486-4503-6.zip,202602101146,天塩郡遠別町字清川,441-2,,
01486-4503-6.zip,202602101146,天塩郡遠別町字清川,1186-2,,
01486-4503-6.zip,202602101146,天塩郡遠別町字清川,225-2,,
01486-4503-6.zip,202602101146,天塩郡遠別町字清川,227-7,,
01486-4503-6.zip,202602101146,天塩郡遠別町字清川,227-9,,
01486-4503-6.zip,202602101146,天塩郡遠別町字清川,227-12,,
01486-4503-6.zip,202602101146,天塩郡遠別町字清川,227-18,,
01486-4503-6.zip,202602101146,天塩郡遠別町字清川,227-14,,
01486-4503-6.zip,202602101146,天塩郡遠別町字清川,441-4,,
01486-4503-6.zip,202602101146,天塩郡遠別町字清川,227-15,,
01486-4503-6.zip,202602101146,天塩郡遠別町,地区外-221148,,
01486-4503-6.zip,202602101146,天塩郡遠別町,地区外-221149,,
01486-4503-6.zip,202602101146,天塩郡遠別町字清川,1060,,
01486-4503-6.zip,202602101146,天塩郡遠別町,地区外-221151,,
01486-4503-6.zip,202602101146,天塩郡遠別町,地区外-221152,,
01486-4503-6.zip,202602101146,天塩郡遠別町,地区外-221153,,
01486-4503-6.zip,202602101146,天塩郡遠別町字清川,829-1,,
01486-4503-6.zip,202602101146,天塩郡遠別町字清川,824-13,,
01486-4503-6.zip,202602101146,天塩郡遠別町字清川,824-9,,
01486-4503-6.zip,202602101146,天塩郡遠別町字清川,824-3,,
01486-4503-6.zip,202602101146,天塩郡遠別町字清川,824-14,,
01486-4503-6.zip,202602101146,天塩郡遠別町字清川,道-27,,
01486-4503-6.zip,202602101146,天塩郡遠別町字清川,825-3,,
01486-4503-6.zip,202602101146,天塩郡遠別町字清川,916-1,,
01486-4503-6.zip,202602101146,天塩郡遠別町字清川,828-1,,
01486-4503-6.zip,202602101146,天塩郡遠別町字清川,829-6,,
01486-4503-6.zip,202602101146,天塩郡遠別町字清川,831-1,,
01486-4503-6.zip,202602101146,天塩郡遠別町字清川,829-2,,
01486-4503-6.zip,202602101146,天塩郡遠別町字清川,829-11,,
01486-4503-6.zip,202602101146,天塩郡遠別町字清川,919-1,,
01486-4503-6.zip,202602101146,天塩郡遠別町字清川,道-28,,
01486-4503-6.zip,202602101146,天塩郡遠別町字清川,道-29,,
01486-4503-6.zip,202602101146,天塩郡遠別町字清川,917,,
01486-4503-6.zip,202602101146,天塩郡遠別町字清川,1002,,
01486-4503-6.zip,202602101146,天塩郡遠別町字清川,925,,
01486-4503-6.zip,202602101146,天塩郡遠別町字清川,918-2,,
01486-4503-6.zip,202602101146,天塩郡遠別町字清川,829-4,,
01486-4503-6.zip,202602101146,天塩郡遠別町字清川,918-1,,
01486-4503-6.zip,202602101146,天塩郡遠別町字清川,829-10,,
01486-4503-6.zip,202602101146,天塩郡遠別町字清川,831-5,,
01486-4503-6.zip,202602101146,天塩郡遠別町字清川,906-2,,
01486-4503-6.zip,202602101146,天塩郡遠別町字清川,長狭物不明-6,,
01486-4503-6.zip,202602101146,天塩郡遠別町字清川,830-1,,
01486-4503-6.zip,202602101146,天塩郡遠別町字清川,道-30,,
01486-4503-6.zip,202602101146,天塩郡遠別町字清川,906-3,,
01486-4503-6.zip,202602101146,天塩郡遠別町字清川,832-1,,
01486-4503-6.zip,202602101146,天塩郡遠別町字清川,825-12,,
01486-4503-6.zip,202602101146,天塩郡遠別町字清川,825-7,,
01486-4503-6.zip,202602101146,天塩郡遠別町字清川,824-12,,
01486-4503-6.zip,202602101146,天塩郡遠別町字清川,48,,
01486-4503-6.zip,202602101146,天塩郡遠別町字清川,水-32,,
01486-4503-6.zip,202602101146,天塩郡遠別町字清川,47-3,,
01486-4503-6.zip,202602101146,天塩郡遠別町字清川,47-4,,
01486-4503-6.zip,202602101146,天塩郡遠別町字清川,47-1,,
01486-4503-6.zip,202602101146,天塩郡遠別町字清川,52-4,,
01486-4503-6.zip,202602101146,天塩郡遠別町字清川,52-3,,
01486-4503-6.zip,202602101146,天塩郡遠別町字清川,52-1,,
01486-4503-6.zip,202602101146,天塩郡遠別町字清川,52-2,,
01486-4503-6.zip,202602101146,天塩郡遠別町字清川,52-5,,
01486-4503-6.zip,202602101146,天塩郡遠別町字清川,52-6,,
01486-4503-6.zip,202602101146,天塩郡遠別町字清川,54-1,,
01486-4503-6.zip,202602101146,天塩郡遠別町字清川,54-2,,
01486-4503-6.zip,202602101146,天塩郡遠別町字清川,54-3,,
01486-4503-6.zip,202602101146,天塩郡遠別町字清川,46-1,,
01486-4503-6.zip,202602101146,天塩郡遠別町字清川,46-2,,
01486-4503-6.zip,202602101146,天塩郡遠別町字清川,47-2,,
01486-4503-6.zip,202602101146,天塩郡遠別町字清川,427-8,,
01486-4503-6.zip,202602101146,天塩郡遠別町字清川,427-11,,
01486-4503-6.zip,202602101146,天塩郡遠別町字清川,427-2,,
01486-4503-6.zip,202602101146,天塩郡遠別町字清川,427-9,,
01486-4503-6.zip,202602101146,天塩郡遠別町字清川,427-10,,
01486-4503-6.zip,202602101146,天塩郡遠別町字清川,427-5,,
01486-4503-6.zip,202602101146,天塩郡遠別町字清川,427-4,,
01486-4503-6.zip,202602101146,天塩郡遠別町字清川,427-13,,
01486-4503-6.zip,202602101146,天塩郡遠別町字清川,427-7,,
01486-4503-6.zip,202602101146,天塩郡遠別町字清川,427-6,,
01486-4503-6.zip,202602101146,天塩郡遠別町字清川,427-12,,
01486-4503-6.zip,202602101146,天塩郡遠別町字清川,427-3,,
01486-4503-6.zip,202602101146,天塩郡遠別町字清川,427-14,,
01486-4503-6.zip,202602101146,天塩郡遠別町字清川,427-1,,
01486-4503-6.zip,202602101146,天塩郡遠別町字清川,427-15,,
01486-4503-6.zip,202602101146,天塩郡遠別町字清川,56-2,,
01486-4503-6.zip,202602101146,天塩郡遠別町字清川,56-3,,
01486-4503-6.zip,202602101146,天塩郡遠別町字清川,417-2,,
01486-4503-6.zip,202602101146,天塩郡遠別町字清川,417-1,,
01486-4503-6.zip,202602101146,天塩郡遠別町字清川,418-1,,
01486-4503-6.zip,202602101146,天塩郡遠別町字清川,418-3,,
01486-4503-6.zip,202602101146,天塩郡遠別町字清川,418-2,,
01486-4503-6.zip,202602101146,天塩郡遠別町字清川,371-10,,
01486-4503-6.zip,202602101146,天塩郡遠別町字清川,371-7,,
01486-4503-6.zip,202602101146,天塩郡遠別町字清川,371-3,,
01486-4503-6.zip,202602101146,天塩郡遠別町字清川,371-9,,
01486-4503-6.zip,202602101146,天塩郡遠別町字清川,371-8,,
01486-4503-6.zip,202602101146,天塩郡遠別町字清川,371-11,,
01486-4503-6.zip,202602101146,天塩郡遠別町字清川,369-4,,
01486-4503-6.zip,202602101146,天塩郡遠別町字清川,369-1,,
01486-4503-6.zip,202602101146,天塩郡遠別町字清川,387-4,,
01486-4503-6.zip,202602101146,天塩郡遠別町字清川,387-1,,
01486-4503-6.zip,202602101146,天塩郡遠別町字清川,386-1,,
01486-4503-6.zip,202602101146,天塩郡遠別町字清川,368-7,,
01486-4503-6.zip,202602101146,天塩郡遠別町字清川,368-3,,
01486-4503-6.zip,202602101146,天塩郡遠別町字清川,368-9,,
01486-4503-6.zip,202602101146,天塩郡遠別町字清川,水-14,,
01486-4503-6.zip,202602101146,天塩郡遠別町字清川,370-3,,
01486-4503-6.zip,202602101146,天塩郡遠別町字清川,水-6,,
01486-4503-6.zip,202602101146,天塩郡遠別町字清川,1241-1,,
01486-4503-6.zip,202602101146,天塩郡遠別町字清川,1251-1,,
01486-4503-6.zip,202602101146,天塩郡遠別町字清川,383-1,,
01486-4503-6.zip,202602101146,天塩郡遠別町字清川,1252-1,,
01486-4503-6.zip,202602101146,天塩郡遠別町字清川,383-3,,
01486-4503-6.zip,202602101146,天塩郡遠別町字清川,388-3,,
01486-4503-6.zip,202602101146,天塩郡遠別町字清川,355-1,,
01486-4503-6.zip,202602101146,天塩郡遠別町字清川,355-8,,
01486-4503-6.zip,202602101146,天塩郡遠別町字清川,355-6,,
01486-4503-6.zip,202602101146,天塩郡遠別町字清川,355-9,,
01486-4503-6.zip,202602101146,天塩郡遠別町字清川,355-3,,
01486-4503-6.zip,202602101146,天塩郡遠別町字清川,355-7,,
01486-4503-6.zip,202602101146,天塩郡遠別町字清川,372-8,,
01486-4503-6.zip,202602101146,天塩郡遠別町字清川,372-3,,
01486-4503-6.zip,202602101146,天塩郡遠別町字清川,372-7,,
01486-4503-6.zip,202602101146,天塩郡遠別町字清川,372-10,,
01486-4503-6.zip,202602101146,天塩郡遠別町字清川,道-10-2,,
01486-4503-6.zip,202602101146,天塩郡遠別町字清川,307-10,,
01486-4503-6.zip,202602101146,天塩郡遠別町字清川,307-12,,
01486-4503-6.zip,202602101146,天塩郡遠別町字清川,307-11,,
01486-4503-6.zip,202602101146,天塩郡遠別町字清川,305-8,,
01486-4503-6.zip,202602101146,天塩郡遠別町字清川,305-5,,
01486-4503-6.zip,202602101146,天塩郡遠別町字清川,307-13,,
01486-4503-6.zip,202602101146,天塩郡遠別町字清川,1019-2,,
01486-4503-6.zip,202602101146,天塩郡遠別町字清川,1210-2,,
01486-4503-6.zip,202602101146,天塩郡遠別町字清川,1215-2,,
01486-4503-6.zip,202602101146,天塩郡遠別町字清川,308-4,,
01486-4503-6.zip,202602101146,天塩郡遠別町字清川,322-12,,
01486-4503-6.zip,202602101146,天塩郡遠別町字清川,1220-2,,
01486-4503-6.zip,202602101146,天塩郡遠別町字清川,322-18,,
01486-4503-6.zip,202602101146,天塩郡遠別町字清川,322-23,,
01486-4503-6.zip,202602101146,天塩郡遠別町字清川,322-22,,
01486-4503-6.zip,202602101146,天塩郡遠別町字清川,322-21,,
01486-4503-6.zip,202602101146,天塩郡遠別町字清川,318-10,,
01486-4503-6.zip,202602101146,天塩郡遠別町字清川,1229-2,,
01486-4503-6.zip,202602101146,天塩郡遠別町字清川,317-6,,
01486-4503-6.zip,202602101146,天塩郡遠別町字清川,1230-2,,
01486-4503-6.zip,202602101146,天塩郡遠別町字清川,1237,,
01486-4503-6.zip,202602101146,天塩郡遠別町字清川,1232-2,,
01486-4503-6.zip,202602101146,天塩郡遠別町字清川,352-7,,
01486-4503-6.zip,202602101146,天塩郡遠別町字清川,352-8,,
01486-4503-6.zip,202602101146,天塩郡遠別町字清川,道-7-2,,
01486-4503-6.zip,202602101146,天塩郡遠別町字清川,道-7-3,,
01486-4503-6.zip,202602101146,天塩郡遠別町字清川,1380,,
01486-4503-6.zip,202602101146,天塩郡遠別町字清川,368-10,,
01486-4503-6.zip,202602101146,天塩郡遠別町字清川,368-8,,
01486-4503-6.zip,202602101146,天塩郡遠別町字清川,370-8,,
01486-4503-6.zip,202602101146,天塩郡遠別町字清川,383-5,,
01486-4503-6.zip,202602101146,天塩郡遠別町字清川,383-6,,
01486-4503-6.zip,202602101146,天塩郡遠別町字清川,1253-2,,
01486-4503-6.zip,202602101146,天塩郡遠別町字清川,1251-2,,
01486-4503-6.zip,202602101146,天塩郡遠別町字清川,道-6-2,,
01486-4503-6.zip,202602101146,天塩郡遠別町字清川,1381,,
01486-4503-6.zip,202602101146,天塩郡遠別町字清川,1253-1,,
01486-4503-6.zip,202602101146,天塩郡遠別町字清川,386-5,,
01486-4503-6.zip,202602101146,天塩郡遠別町字清川,1252-2,,
01486-4503-6.zip,202602101146,天塩郡遠別町字清川,道-10-3-3,,
01486-4503-6.zip,202602101146,天塩郡遠別町字清川,1241-2,,
01486-4503-6.zip,202602101146,天塩郡遠別町字清川,372-9,,
01486-4503-6.zip,202602101146,天塩郡遠別町字清川,1379,,
01486-4503-6.zip,202602101146,天塩郡遠別町字清川,372-1,,
01486-4503-6.zip,202602101146,天塩郡遠別町字清川,道-10-3-1,,
01486-4503-6.zip,202602101146,天塩郡遠別町字清川,371-2,,
01486-4503-6.zip,202602101146,天塩郡遠別町字清川,371-13,,
01486-4503-6.zip,202602101146,天塩郡遠別町字清川,道-10-3-2,,
01486-4503-6.zip,202602101146,天塩郡遠別町字清川,水-13,,
01486-4503-6.zip,202602101146,天塩郡遠別町字清川,371-12,,
01486-4503-6.zip,202602101146,天塩郡遠別町字清川,372-11,,
01486-4503-6.zip,202602101146,天塩郡遠別町字清川,372-2,,
01486-4503-6.zip,202602101146,天塩郡遠別町字清川,道-10-3-5,,
01486-4503-6.zip,202602101146,天塩郡遠別町字清川,道-10-3-4,,
01486-4503-6.zip,202602101146,天塩郡遠別町字清川,256-4,,
01486-4503-6.zip,202602101146,天塩郡遠別町字清川,256-6,,
01486-4503-6.zip,202602101146,天塩郡遠別町字清川,256-7,,
01486-4503-6.zip,202602101146,天塩郡遠別町字清川,391-1,,
01486-4503-6.zip,202602101146,天塩郡遠別町字清川,391-3,,
01486-4503-6.zip,202602101146,天塩郡遠別町字清川,391-2,,
01486-4503-6.zip,202602101146,天塩郡遠別町字清川,388-9,,
01486-4503-6.zip,202602101146,天塩郡遠別町字清川,388-6,,
01486-4503-6.zip,202602101146,天塩郡遠別町字清川,388-7,,
01486-4503-6.zip,202602101146,天塩郡遠別町字清川,388-10,,
01486-4503-6.zip,202602101146,天塩郡遠別町字清川,389-1,,
01486-4503-6.zip,202602101146,天塩郡遠別町字清川,389-3,,
01486-4503-6.zip,202602101146,天塩郡遠別町字清川,389-10,,
01486-4503-6.zip,202602101146,天塩郡遠別町字清川,392-2,,
01486-4503-6.zip,202602101146,天塩郡遠別町字清川,394-1,,
01486-4503-6.zip,202602101146,天塩郡遠別町字清川,401-1,,
01486-4503-6.zip,202602101146,天塩郡遠別町字清川,401-5,,
01486-4503-6.zip,202602101146,天塩郡遠別町字清川,405-1,,
01486-4503-6.zip,202602101146,天塩郡遠別町字清川,405-26,,
01486-4503-6.zip,202602101146,天塩郡遠別町字清川,1267,,
01486-4503-6.zip,202602101146,天塩郡遠別町字清川,405-12,,
01486-4503-6.zip,202602101146,天塩郡遠別町字清川,405-24,,
01486-4503-6.zip,202602101146,天塩郡遠別町字清川,405-29,,
01486-4503-6.zip,202602101146,天塩郡遠別町字清川,881-2,,
01486-4503-6.zip,202602101146,天塩郡遠別町字清川,842-1,,
01486-4503-6.zip,202602101146,天塩郡遠別町字清川,842-5,,
01486-4503-6.zip,202602101146,天塩郡遠別町字清川,405-20,,
01486-4503-6.zip,202602101146,天塩郡遠別町字清川,405-4,,
01486-4503-6.zip,202602101146,天塩郡遠別町字清川,405-32,,
01486-4503-6.zip,202602101146,天塩郡遠別町字清川,405-14,,
01486-4503-6.zip,202602101146,天塩郡遠別町字清川,1254-1,,
01486-4503-6.zip,202602101146,天塩郡遠別町字清川,394-3,,
01486-4503-6.zip,202602101146,天塩郡遠別町字清川,1256-1,,
01486-4503-6.zip,202602101146,天塩郡遠別町字清川,1259-1,,
01486-4503-6.zip,202602101146,天塩郡遠別町字清川,1259-2,,
01486-4503-6.zip,202602101146,天塩郡遠別町字清川,400-4,,
01486-4503-6.zip,202602101146,天塩郡遠別町,地区外-220888,,
01486-4503-6.zip,202602101146,天塩郡遠別町字清川,824-5,,
01486-4503-6.zip,202602101146,天塩郡遠別町字清川,824-11,,
01486-4503-6.zip,202602101146,天塩郡遠別町,地区外-221183,,
01486-4503-6.zip,202602101146,天塩郡遠別町,地区外-220320,,
01486-4503-6.zip,202602101146,天塩郡遠別町字清川,道-3,,
01486-4503-6.zip,202602101146,天塩郡遠別町字清川,1199,,
01486-4503-6.zip,202602101146,天塩郡遠別町,地区外-219870,,
01486-4503-6.zip,202602101146,天塩郡遠別町,地区外-219869,,
01486-4503-6.zip,202602101146,天塩郡遠別町字清川,1195,,
01486-4503-6.zip,202602101146,天塩郡遠別町,地区外-220889,,
01486-4503-6.zip,202602101146,天塩郡遠別町字清川,1038,,
01486-4503-6.zip,202602101146,天塩郡遠別町字清川,1360,,
01486-4503-6.zip,202602101146,天塩郡遠別町字清川,1378,,
01486-4503-6.zip,202602101146,天塩郡遠別町字清川,1371,,
01486-4503-6.zip,202602101146,天塩郡遠別町字清川,1372,,
01486-4503-6.zip,202602101146,天塩郡遠別町字清川,1362,,
01486-4503-6.zip,202602101146,天塩郡遠別町字清川,1374,,
01486-4503-6.zip,202602101146,天塩郡遠別町字清川,1361,,
01486-4503-6.zip,202602101146,天塩郡遠別町字清川,1363,,
01486-4503-6.zip,202602101146,天塩郡遠別町字清川,1377,,
01486-4503-6.zip,202602101146,天塩郡遠別町字清川,1364,,
01486-4503-6.zip,202602101146,天塩郡遠別町字清川,1367,,
01486-4503-6.zip,202602101146,天塩郡遠別町字清川,1369,,
01486-4503-6.zip,202602101146,天塩郡遠別町字清川,1373,,
01486-4503-6.zip,202602101146,天塩郡遠別町字清川,1365,,
01486-4503-6.zip,202602101146,天塩郡遠別町字清川,1376,,
01486-4503-6.zip,202602101146,天塩郡遠別町字清川,1368,,
01486-4503-6.zip,202602101146,天塩郡遠別町字清川,1366,,
01486-4503-6.zip,202602101146,天塩郡遠別町字清川,1375,,
01486-4503-6.zip,202602101146,天塩郡遠別町字清川,1370,,
01486-4503-6.zip,202602101146,天塩郡遠別町字清川,1272,,
01486-4503-6.zip,202602101146,天塩郡遠別町字清川,1279,,
01486-4503-6.zip,202602101146,天塩郡遠別町字清川,400-10,,
01486-4503-6.zip,202602101146,天塩郡遠別町字清川,400-1,,
01486-4503-6.zip,202602101146,天塩郡遠別町字清川,272-7,,
01486-4503-6.zip,202602101146,天塩郡遠別町字清川,272-1,,
01486-4503-6.zip,202602101146,天塩郡遠別町字清川,262-1,,
01486-4503-6.zip,202602101146,天塩郡遠別町字清川,262-5,,
01486-4503-6.zip,202602101146,天塩郡遠別町字清川,263-5,,
01486-4503-6.zip,202602101146,天塩郡遠別町字清川,263-1,,
01486-4503-6.zip,202602101146,天塩郡遠別町字清川,300-3,,
01486-4503-6.zip,202602101146,天塩郡遠別町字清川,300-1,,
01486-4503-6.zip,202602101146,天塩郡遠別町字清川,262-3,,
01486-4503-6.zip,202602101146,天塩郡遠別町字清川,道-12,,
01486-4503-6.zip,202602101146,天塩郡遠別町字清川,道-6-3,,
01486-4503-6.zip,202602101146,天塩郡遠別町字清川,1382,,
01486-4503-6.zip,202602101146,天塩郡遠別町字清川,道-6-4,,
01486-4503-6.zip,202602101146,天塩郡遠別町字清川,1383,,
01486-4503-6.zip,202602101146,天塩郡遠別町字清川,道-6-5,,
01486-4503-6.zip,202602101146,天塩郡遠別町字清川,道-5-2,,
01486-4503-6.zip,202602101146,天塩郡遠別町字清川,1384,,
01486-4503-6.zip,202602101146,天塩郡遠別町字清川,道-5-3,,
01486-4503-6.zip,202602101146,天塩郡遠別町字清川,道-5-1,,
01486-4503-6.zip,202602101146,天塩郡遠別町字清川,388-8,,
01486-4503-6.zip,202602101146,天塩郡遠別町字清川,388-4,,
01486-4503-6.zip,202602101146,天塩郡遠別町字清川,1254-2,,
01486-4503-6.zip,202602101146,天塩郡遠別町字清川,389-9,,
01486-4503-6.zip,202602101146,天塩郡遠別町字清川,1256-2,,
01486-4503-6.zip,202602101146,天塩郡遠別町字清川,1254-3,,
01486-4503-6.zip,202602101146,天塩郡遠別町字清川,394-5,,
01486-4503-6.zip,202602101146,天塩郡遠別町字清川,392-5,,
01486-4503-6.zip,202602101146,天塩郡遠別町字清川,394-6,,
01486-4503-6.zip,202602101146,天塩郡遠別町字清川,400-5,,
01486-4503-6.zip,202602101146,天塩郡遠別町字清川,401-3,,
01486-4503-6.zip,202602101146,天塩郡遠別町字清川,1259-3,,
01486-4503-6.zip,202602101146,天塩郡遠別町字清川,405-5,,
01486-4503-6.zip,202602101146,天塩郡遠別町字清川,405-30,,
01486-4503-6.zip,202602101146,天塩郡遠別町字清川,405-31,,
01486-4503-6.zip,202602101146,天塩郡遠別町字清川,405-27,,
01486-4503-6.zip,202602101146,天塩郡遠別町字清川,881-5,,
01486-4503-6.zip,202602101146,天塩郡遠別町字清川,405-28,,
01486-4503-6.zip,202602101146,天塩郡遠別町字清川,405-25,,
01486-4503-6.zip,202602101146,天塩郡遠別町字清川,263-6,,
01486-4503-6.zip,202602101146,天塩郡遠別町字清川,263-3,,
01486-4503-6.zip,202602101146,天塩郡遠別町字清川,258-4,,
01486-4503-6.zip,202602101146,天塩郡遠別町字清川,258-2,,
01486-4503-6.zip,202602101146,天塩郡遠別町字清川,300-4,,
01486-4503-6.zip,202602101146,天塩郡遠別町字清川,300-2,,
01486-4503-6.zip,202602101146,天塩郡遠別町字清川,水-21,,
01486-4503-6.zip,202602101146,天塩郡遠別町字清川,道-14,,
01486-4503-6.zip,202602101146,天塩郡遠別町字清川,水-15,,
01486-4503-6.zip,202602101146,天塩郡遠別町字清川,1162-1,,
01486-4503-6.zip,202602101146,天塩郡遠別町字清川,1162-2,,
01486-4503-6.zip,202602101146,天塩郡遠別町字清川,1161,,
01486-4503-6.zip,202602101146,天塩郡遠別町字清川,1193-2,,
01486-4503-6.zip,202602101146,天塩郡遠別町字清川,1193-1,,
01486-4503-6.zip,202602101146,天塩郡遠別町字清川,36-7,,
01486-4503-6.zip,202602101146,天塩郡遠別町字清川,36-1,,
01486-4503-6.zip,202602101146,天塩郡遠別町字清川,36-6,,
01486-4503-6.zip,202602101146,天塩郡遠別町字清川,水-1,,
01486-4503-6.zip,202602101146,天塩郡遠別町字清川,水-37,,
01486-4503-6.zip,202602101146,天塩郡遠別町字清川,1051-2,,
01486-4503-6.zip,202602101146,天塩郡遠別町字清川,1051-1,,
01486-4503-6.zip,202602101146,天塩郡遠別町,地区外-220938,,
01486-4503-6.zip,202602101146,天塩郡遠別町字清川,14-2,,
01486-4503-7.zip,202602101146,天塩郡遠別町字北浜,49-11,,
01486-4503-7.zip,202602101146,天塩郡遠別町字北浜,49-12,,
01486-4503-7.zip,202602101146,天塩郡遠別町字北浜,道-1,,
01486-4503-7.zip,202602101146,天塩郡遠別町字北浜,49-10,,
01486-4503-7.zip,202602101146,天塩郡遠別町字北浜,49-9,,
01486-4503-7.zip,202602101146,天塩郡遠別町字北浜,49-8,,
01486-4503-7.zip,202602101146,天塩郡遠別町字北浜,49-7,,
01486-4503-7.zip,202602101146,天塩郡遠別町字北浜,49-47,,
01486-4503-7.zip,202602101146,天塩郡遠別町字北浜,49-46,,
01486-4503-7.zip,202602101146,天塩郡遠別町字北浜,49-5,,
01486-4503-7.zip,202602101146,天塩郡遠別町字北浜,50-2,,
01486-4503-7.zip,202602101146,天塩郡遠別町字北浜,51,,
01486-4503-7.zip,202602101146,天塩郡遠別町字北浜,399,,
01486-4503-7.zip,202602101146,天塩郡遠別町字北浜,65-3,,
01486-4503-7.zip,202602101146,天塩郡遠別町字北浜,64,,
01486-4503-7.zip,202602101146,天塩郡遠別町字北浜,66,,
01486-4503-7.zip,202602101146,天塩郡遠別町,地区外-224603,,
01486-4503-7.zip,202602101146,天塩郡遠別町字北浜,72-5,,
01486-4503-7.zip,202602101146,天塩郡遠別町字北浜,103-2,,
01486-4503-7.zip,202602101146,天塩郡遠別町字北浜,106-1,,
01486-4503-7.zip,202602101146,天塩郡遠別町字北浜,169-4,,
01486-4503-7.zip,202602101146,天塩郡遠別町字北浜,106-10,,
01486-4503-7.zip,202602101146,天塩郡遠別町字北浜,106-11,,
01486-4503-7.zip,202602101146,天塩郡遠別町字北浜,106-2,,
01486-4503-7.zip,202602101146,天塩郡遠別町字北浜,108-1,,
01486-4503-7.zip,202602101146,天塩郡遠別町字北浜,104-1,,
01486-4503-7.zip,202602101146,天塩郡遠別町字北浜,106-12,,
01486-4503-7.zip,202602101146,天塩郡遠別町字北浜,49-13,,
01486-4503-7.zip,202602101146,天塩郡遠別町字北浜,49-23,,
01486-4503-7.zip,202602101146,天塩郡遠別町字北浜,49-27,,
01486-4503-7.zip,202602101146,天塩郡遠別町字北浜,49-28,,
01486-4503-7.zip,202602101146,天塩郡遠別町字北浜,49-22,,
01486-4503-7.zip,202602101146,天塩郡遠別町字北浜,49-2,,
01486-4503-7.zip,202602101146,天塩郡遠別町字北浜,49-14,,
01486-4503-7.zip,202602101146,天塩郡遠別町,地区外-224628,,
01486-4503-7.zip,202602101146,天塩郡遠別町字北浜,99-13,,
01486-4503-7.zip,202602101146,天塩郡遠別町,地区外-224630,,
01486-4503-7.zip,202602101146,天塩郡遠別町字北浜,99-11,,
01486-4503-7.zip,202602101146,天塩郡遠別町字北浜,99-12,,
01486-4503-7.zip,202602101146,天塩郡遠別町字北浜,100-6,,
01486-4503-7.zip,202602101146,天塩郡遠別町字北浜,99-1,,
01486-4503-7.zip,202602101146,天塩郡遠別町字北浜,100-1,,
01486-4503-7.zip,202602101146,天塩郡遠別町字北浜,99-4,,
01486-4503-7.zip,202602101146,天塩郡遠別町字北浜,99-3,,
01486-4503-7.zip,202602101146,天塩郡遠別町字北浜,100-5,,
01486-4503-7.zip,202602101146,天塩郡遠別町字北浜,102-1,,
01486-4503-7.zip,202602101146,天塩郡遠別町字北浜,103-1,,
01486-4503-7.zip,202602101146,天塩郡遠別町字北浜,103-3,,
01486-4503-7.zip,202602101146,天塩郡遠別町字北浜,104-2,,
01486-4503-7.zip,202602101146,天塩郡遠別町,地区外-224643,,
01486-4503-7.zip,202602101146,天塩郡遠別町字本町２丁目,水-1,,
01486-4503-7.zip,202602101146,天塩郡遠別町字本町２丁目,97,,
01486-4503-7.zip,202602101146,天塩郡遠別町,地区外-224646,,
01486-4503-7.zip,202602101146,天塩郡遠別町字本町３丁目,水-2,,
01486-4503-7.zip,202602101146,天塩郡遠別町,地区外-224648,,
01486-4503-7.zip,202602101146,天塩郡遠別町字本町３丁目,101-2,,
01486-4503-7.zip,202602101146,天塩郡遠別町字本町３丁目,97-2,,
01486-4503-7.zip,202602101146,天塩郡遠別町字本町３丁目,97-1,,
01486-4503-7.zip,202602101146,天塩郡遠別町字本町３丁目,98,,
01486-4503-7.zip,202602101146,天塩郡遠別町字本町３丁目,102,,
01486-4503-7.zip,202602101146,天塩郡遠別町字本町３丁目,103,,
01486-4503-7.zip,202602101146,天塩郡遠別町字本町３丁目,104-3,,
01486-4503-7.zip,202602101146,天塩郡遠別町字本町３丁目,100-11,,
01486-4503-7.zip,202602101146,天塩郡遠別町字本町３丁目,100-8,,
01486-4503-7.zip,202602101146,天塩郡遠別町字本町３丁目,100-7,,
01486-4503-7.zip,202602101146,天塩郡遠別町字本町３丁目,100-10,,
01486-4503-7.zip,202602101146,天塩郡遠別町字本町３丁目,100-9,,
01486-4503-7.zip,202602101146,天塩郡遠別町字本町３丁目,104-1,,
01486-4503-7.zip,202602101146,天塩郡遠別町字本町３丁目,104-2,,
01486-4503-7.zip,202602101146,天塩郡遠別町字本町３丁目,105,,
01486-4503-7.zip,202602101146,天塩郡遠別町字本町３丁目,100-3,,
01486-4503-7.zip,202602101146,天塩郡遠別町字本町３丁目,100-2,,
01486-4503-7.zip,202602101146,天塩郡遠別町字本町３丁目,100-6,,
01486-4503-7.zip,202602101146,天塩郡遠別町字本町３丁目,100-35,,
01486-4503-7.zip,202602101146,天塩郡遠別町字本町３丁目,100-22,,
01486-4503-7.zip,202602101146,天塩郡遠別町字本町３丁目,100-23,,
01486-4503-7.zip,202602101146,天塩郡遠別町字本町３丁目,100-18,,
01486-4503-7.zip,202602101146,天塩郡遠別町字本町３丁目,100-19,,
01486-4503-7.zip,202602101146,天塩郡遠別町字本町３丁目,100-20,,
01486-4503-7.zip,202602101146,天塩郡遠別町字本町３丁目,100-21,,
01486-4503-7.zip,202602101146,天塩郡遠別町字本町３丁目,100-34,,
01486-4503-7.zip,202602101146,天塩郡遠別町字本町３丁目,100-33,,
01486-4503-7.zip,202602101146,天塩郡遠別町字本町３丁目,100-32,,
01486-4503-7.zip,202602101146,天塩郡遠別町字本町３丁目,100-31,,
01486-4503-7.zip,202602101146,天塩郡遠別町字本町３丁目,100-30,,
01486-4503-7.zip,202602101146,天塩郡遠別町字本町３丁目,100-29,,
01486-4503-7.zip,202602101146,天塩郡遠別町字本町３丁目,100-17,,
01486-4503-7.zip,202602101146,天塩郡遠別町字本町３丁目,100-16,,
01486-4503-7.zip,202602101146,天塩郡遠別町字本町３丁目,100-15,,
01486-4503-7.zip,202602101146,天塩郡遠別町字本町３丁目,100-14,,
01486-4503-7.zip,202602101146,天塩郡遠別町字北浜,400-2,,
01486-4503-7.zip,202602101146,天塩郡遠別町,地区外-224690,,
01486-4503-7.zip,202602101146,天塩郡遠別町字北浜,402,,
01486-4503-7.zip,202602101146,天塩郡遠別町字北浜,58-11,,
01486-4503-7.zip,202602101146,天塩郡遠別町字北浜,326-1,,
01486-4503-7.zip,202602101146,天塩郡遠別町字北浜,326-7,,
01486-4503-7.zip,202602101146,天塩郡遠別町字北浜,326-4,,
01486-4503-7.zip,202602101146,天塩郡遠別町字北浜,326-5,,
01486-4503-7.zip,202602101146,天塩郡遠別町字本町３丁目,100-4,,
01486-4503-7.zip,202602101146,天塩郡遠別町字本町３丁目,100-24,,
01486-4503-7.zip,202602101146,天塩郡遠別町字北浜,326-6,,
01486-4503-7.zip,202602101146,天塩郡遠別町字北浜,326-11,,
01486-4503-7.zip,202602101146,天塩郡遠別町字本町３丁目,100-25,,
01486-4503-7.zip,202602101146,天塩郡遠別町字本町３丁目,100-26,,
01486-4503-7.zip,202602101146,天塩郡遠別町字本町３丁目,100-27,,
01486-4503-7.zip,202602101146,天塩郡遠別町字本町３丁目,100-28,,
01486-4503-7.zip,202602101146,天塩郡遠別町字北浜,326-8,,
01486-4503-7.zip,202602101146,天塩郡遠別町字北浜,326-13,,
01486-4503-7.zip,202602101146,天塩郡遠別町字本町３丁目,100-1,,
01486-4503-7.zip,202602101146,天塩郡遠別町字本町３丁目,100-5,,
01486-4503-7.zip,202602101146,天塩郡遠別町字本町３丁目,100-36,,
01486-4503-7.zip,202602101146,天塩郡遠別町字本町３丁目,100-37,,
01486-4503-7.zip,202602101146,天塩郡遠別町字本町３丁目,100-38,,
01486-4503-7.zip,202602101146,天塩郡遠別町字本町３丁目,100-12,,
01486-4503-7.zip,202602101146,天塩郡遠別町字本町３丁目,100-13,,
01486-4503-7.zip,202602101146,天塩郡遠別町字北浜,7-3,,
01486-4503-7.zip,202602101146,天塩郡遠別町字北浜,50-1,,
01486-4503-7.zip,202602101146,天塩郡遠別町字北浜,49-37,,
01486-4503-7.zip,202602101146,天塩郡遠別町字北浜,49-3,,
01486-4503-7.zip,202602101146,天塩郡遠別町字北浜,49-42,,
01486-4503-7.zip,202602101146,天塩郡遠別町字北浜,49-38,,
01486-4503-7.zip,202602101146,天塩郡遠別町字北浜,49-39,,
01486-4503-7.zip,202602101146,天塩郡遠別町字北浜,49-1,,
01486-4503-7.zip,202602101146,天塩郡遠別町字北浜,65-2,,
01486-4503-7.zip,202602101146,天塩郡遠別町字北浜,65-1,,
01486-4503-7.zip,202602101146,天塩郡遠別町,地区外-224736,,
01486-4503-7.zip,202602101146,天塩郡遠別町字北浜,60-1,,
01486-4503-7.zip,202602101146,天塩郡遠別町字北浜,道-3,,
01486-4503-7.zip,202602101146,天塩郡遠別町字北浜,59-5,,
01486-4503-7.zip,202602101146,天塩郡遠別町字北浜,400-1,,
01486-4503-7.zip,202602101146,天塩郡遠別町字北浜,58-2,,
01486-4503-7.zip,202602101146,天塩郡遠別町字北浜,59-6,,
01486-4503-7.zip,202602101146,天塩郡遠別町字北浜,59-4,,
01486-4503-7.zip,202602101146,天塩郡遠別町字北浜,59-1,,
01486-4503-7.zip,202602101146,天塩郡遠別町字北浜,401,,
01486-4503-7.zip,202602101146,天塩郡遠別町字北浜,60-3,,
01486-4503-7.zip,202602101146,天塩郡遠別町字北浜,58-12,,
01486-4503-7.zip,202602101146,天塩郡遠別町字北浜,58-6,,
01486-4503-7.zip,202602101146,天塩郡遠別町字北浜,395,,
01486-4503-7.zip,202602101146,天塩郡遠別町字北浜,56-2,,
01486-4503-7.zip,202602101146,天塩郡遠別町字北浜,58-1,,
01486-4503-7.zip,202602101146,天塩郡遠別町,地区外-224752,,
01486-4503-7.zip,202602101146,天塩郡遠別町字北浜,326-2,,
01486-4503-7.zip,202602101146,天塩郡遠別町字北浜,13-2,,
01486-4503-7.zip,202602101146,天塩郡遠別町字北浜,13-3,,
01486-4503-7.zip,202602101146,天塩郡遠別町字北浜,13-1,,
01486-4503-7.zip,202602101146,天塩郡遠別町字北浜,389,,
01486-4503-7.zip,202602101146,天塩郡遠別町字北浜,11-2,,
01486-4503-7.zip,202602101146,天塩郡遠別町字北浜,326-14,,
01486-4503-7.zip,202602101146,天塩郡遠別町字北浜,11-3,,
01486-4503-7.zip,202602101146,天塩郡遠別町字北浜,390,,
01486-4503-7.zip,202602101146,天塩郡遠別町字北浜,12-3,,
01486-4503-7.zip,202602101146,天塩郡遠別町字北浜,12-4,,
01486-4503-7.zip,202602101146,天塩郡遠別町字北浜,12-1,,
01486-4503-7.zip,202602101146,天塩郡遠別町字北浜,12-2,,
01486-4503-7.zip,202602101146,天塩郡遠別町字北浜,11-1,,
01486-4503-7.zip,202602101146,天塩郡遠別町字北浜,9-6,,
01486-4503-7.zip,202602101146,天塩郡遠別町字北浜,8-3,,
01486-4503-7.zip,202602101146,天塩郡遠別町字北浜,8-4,,
01486-4503-7.zip,202602101146,天塩郡遠別町字北浜,8-2,,
01486-4503-7.zip,202602101146,天塩郡遠別町字北浜,9-2,,
01486-4503-7.zip,202602101146,天塩郡遠別町字北浜,9-4,,
01486-4503-7.zip,202602101146,天塩郡遠別町字北浜,10,,
01486-4503-7.zip,202602101146,天塩郡遠別町字北浜,227-3,,
01486-4503-7.zip,202602101146,天塩郡遠別町字北浜,227-13,,
01486-4503-7.zip,202602101146,天塩郡遠別町字北浜,227-16,,
01486-4503-7.zip,202602101146,天塩郡遠別町字北浜,227-2,,
01486-4503-7.zip,202602101146,天塩郡遠別町字北浜,227-9,,
01486-4503-7.zip,202602101146,天塩郡遠別町字北浜,227-23,,
01486-4503-7.zip,202602101146,天塩郡遠別町字北浜,227-22,,
01486-4503-7.zip,202602101146,天塩郡遠別町字北浜,227-21,,
01486-4503-7.zip,202602101146,天塩郡遠別町字北浜,391-1,,
01486-4503-7.zip,202602101146,天塩郡遠別町字北浜,227-4,,
01486-4503-7.zip,202602101146,天塩郡遠別町字北浜,227-24,,
01486-4503-7.zip,202602101146,天塩郡遠別町字北浜,394-2,,
01486-4503-7.zip,202602101146,天塩郡遠別町字北浜,394-1,,
01486-4503-7.zip,202602101146,天塩郡遠別町,地区外-224788,,
01486-4503-7.zip,202602101146,天塩郡遠別町字北浜,396,,
01486-4503-7.zip,202602101146,天塩郡遠別町字北浜,54-3,,
01486-4503-7.zip,202602101146,天塩郡遠別町字北浜,53-3,,
01486-4503-7.zip,202602101146,天塩郡遠別町字北浜,52-3,,
01486-4503-7.zip,202602101146,天塩郡遠別町字北浜,49-45,,
01486-4503-7.zip,202602101146,天塩郡遠別町字北浜,49-43,,
01486-4503-7.zip,202602101146,天塩郡遠別町字北浜,49-31,,
01486-4503-7.zip,202602101146,天塩郡遠別町字北浜,49-30,,
01486-4503-7.zip,202602101146,天塩郡遠別町字北浜,49-44,,
01486-4503-7.zip,202602101146,天塩郡遠別町字北浜,49-36,,
01486-4503-7.zip,202602101146,天塩郡遠別町字北浜,49-35,,
01486-4503-7.zip,202602101146,天塩郡遠別町字北浜,49-34,,
01486-4503-7.zip,202602101146,天塩郡遠別町字北浜,49-33,,
01486-4503-7.zip,202602101146,天塩郡遠別町字北浜,49-32,,
01486-4503-7.zip,202602101146,天塩郡遠別町字北浜,49-29,,
01486-4503-7.zip,202602101146,天塩郡遠別町字北浜,49-4,,
01486-4503-7.zip,202602101146,天塩郡遠別町字北浜,49-41,,
01486-4503-7.zip,202602101146,天塩郡遠別町字北浜,52-1,,
01486-4503-7.zip,202602101146,天塩郡遠別町字北浜,398,,
01486-4503-7.zip,202602101146,天塩郡遠別町字北浜,53-1,,
01486-4503-7.zip,202602101146,天塩郡遠別町字北浜,54-1,,
01486-4503-7.zip,202602101146,天塩郡遠別町字北浜,63,,
01486-4503-7.zip,202602101146,天塩郡遠別町字北浜,62,,
01486-4503-7.zip,202602101146,天塩郡遠別町字北浜,397,,
01486-4503-7.zip,202602101146,天塩郡遠別町字北浜,393-1,,
01486-4503-7.zip,202602101146,天塩郡遠別町字北浜,55-1,,
01486-4503-7.zip,202602101146,天塩郡遠別町字北浜,392-1,,
01486-4503-7.zip,202602101146,天塩郡遠別町字北浜,61-1,,
01486-4503-7.zip,202602101146,天塩郡遠別町字北浜,61-2,,
01486-4503-7.zip,202602101146,天塩郡遠別町字北浜,60-2,,
01486-4503-7.zip,202602101146,天塩郡遠別町字北浜,61-3,,
01486-4503-7.zip,202602101146,天塩郡遠別町,地区外-224820,,
01486-4503-7.zip,202602101146,天塩郡遠別町字北浜,386,,
01486-4503-7.zip,202602101146,天塩郡遠別町字北浜,16-3,,
01486-4503-7.zip,202602101146,天塩郡遠別町字北浜,16-2,,
01486-4503-7.zip,202602101146,天塩郡遠別町字北浜,17-2,,
01486-4503-7.zip,202602101146,天塩郡遠別町字北浜,21-2,,
01486-4503-7.zip,202602101146,天塩郡遠別町字北浜,21-1,,
01486-4503-7.zip,202602101146,天塩郡遠別町字北浜,18,,
01486-4503-7.zip,202602101146,天塩郡遠別町字北浜,19-2,,
01486-4503-7.zip,202602101146,天塩郡遠別町字北浜,391-2,,
01486-4503-7.zip,202602101146,天塩郡遠別町字北浜,227-20,,
01486-4503-7.zip,202602101146,天塩郡遠別町字北浜,227-6,,
01486-4503-7.zip,202602101146,天塩郡遠別町字北浜,56-1,,
01486-4503-7.zip,202602101146,天塩郡遠別町字北浜,227-14,,
01486-4503-7.zip,202602101146,天塩郡遠別町字北浜,227-5,,
01486-4503-7.zip,202602101146,天塩郡遠別町字北浜,227-26,,
01486-4503-7.zip,202602101146,天塩郡遠別町字北浜,227-1,,
01486-4503-7.zip,202602101146,天塩郡遠別町字北浜,227-19,,
01486-4503-7.zip,202602101146,天塩郡遠別町字北浜,227-18,,
01486-4503-7.zip,202602101146,天塩郡遠別町字北浜,227-12,,
01486-4503-7.zip,202602101146,天塩郡遠別町字北浜,227-15,,
01486-4503-7.zip,202602101146,天塩郡遠別町字北浜,388,,
01486-4503-7.zip,202602101146,天塩郡遠別町字北浜,227-17,,
01486-4503-7.zip,202602101146,天塩郡遠別町字北浜,15-2,,
01486-4503-7.zip,202602101146,天塩郡遠別町字北浜,14-2,,
01486-4503-7.zip,202602101146,天塩郡遠別町字北浜,227-25,,
01486-4503-7.zip,202602101146,天塩郡遠別町字北浜,14-1,,
01486-4503-7.zip,202602101146,天塩郡遠別町字北浜,387-1,,
01486-4503-7.zip,202602101146,天塩郡遠別町字北浜,15-1,,
01486-4503-7.zip,202602101146,天塩郡遠別町字北浜,16-1,,
01486-4503-7.zip,202602101146,天塩郡遠別町字北浜,387-2,,
01486-4503-7.zip,202602101146,天塩郡遠別町字北浜,16-4,,
01486-4503-7.zip,202602101146,天塩郡遠別町字北浜,17-3,,
01486-4503-7.zip,202602101146,天塩郡遠別町字北浜,21-3,,
01486-4503-7.zip,202602101146,天塩郡遠別町字北浜,17-1,,
01486-4503-7.zip,202602101146,天塩郡遠別町字北浜,384,,
01486-4503-7.zip,202602101146,天塩郡遠別町字北浜,19-1,,
01486-4503-7.zip,202602101146,天塩郡遠別町字北浜,385,,
01486-4503-7.zip,202602101146,天塩郡遠別町字北浜,19-3,,
01486-4503-7.zip,202602101146,天塩郡遠別町字北浜,392-2,,
01486-4503-7.zip,202602101146,天塩郡遠別町字北浜,55-2,,
01486-4503-7.zip,202602101146,天塩郡遠別町字北浜,393-2,,
01486-4503-7.zip,202602101146,天塩郡遠別町字北浜,104-6,,
01486-4503-7.zip,202602101146,天塩郡遠別町,地区外-224863,,
01486-4503-7.zip,202602101146,天塩郡遠別町字北浜,108-5,,
01486-4503-7.zip,202602101146,天塩郡遠別町字北浜,169-5,,
01486-4503-7.zip,202602101146,天塩郡遠別町,地区外-224866,,
01486-4503-7.zip,202602101146,天塩郡遠別町字北浜,100-7,,
01486-4503-7.zip,202602101146,天塩郡遠別町字北浜,104-7,,
01486-4503-7.zip,202602101146,天塩郡遠別町字北浜,103-4,,
01486-4503-7.zip,202602101146,天塩郡遠別町字北浜,326-12,,
01486-4503-7.zip,202602101146,天塩郡遠別町字北浜,326-3,,
01486-4503-7.zip,202602101146,天塩郡遠別町字北浜,412,,
01486-4503-7.zip,202602101146,天塩郡遠別町字北浜,106-15,,
01486-4503-7.zip,202602101146,天塩郡遠別町字北浜,106-8,,
01486-4503-7.zip,202602101146,天塩郡遠別町字北浜,106-9,,
01486-4503-7.zip,202602101146,天塩郡遠別町字北浜,106-16,,
01486-4503-7.zip,202602101146,天塩郡遠別町字北浜,106-13,,
01486-4503-7.zip,202602101146,天塩郡遠別町字北浜,道-2,,
01486-4503-7.zip,202602101146,天塩郡遠別町字北浜,106-17,,
01486-4503-7.zip,202602101146,天塩郡遠別町字北浜,106-14,,
01486-4503-7.zip,202602101146,天塩郡遠別町,地区外-224605,,
01486-4503-7.zip,202602101146,天塩郡遠別町字北浜,169-1,,
01486-4503-7.zip,202602101146,天塩郡遠別町字北浜,169-6,,
01486-4503-7.zip,202602101146,天塩郡遠別町字北浜,5-1,,
01486-4503-7.zip,202602101146,天塩郡遠別町字北浜,5-6,,
01486-4503-7.zip,202602101146,天塩郡遠別町字北浜,7-2,,
01486-4503-7.zip,202602101146,天塩郡遠別町字北浜,5-3,,
01486-4503-7.zip,202602101146,天塩郡遠別町字北浜,5-2,,
01486-4503-7.zip,202602101146,天塩郡遠別町字北浜,326-15,,
01486-4503-7.zip,202602101146,天塩郡遠別町字北浜,326-17,,
01486-4503-7.zip,202602101146,天塩郡遠別町字北浜,5-5,,
01486-4503-7.zip,202602101146,天塩郡遠別町字北浜,5-7,,
01486-4503-7.zip,202602101146,天塩郡遠別町字北浜,5-4,,
01486-4503-7.zip,202602101146,天塩郡遠別町字北浜,9-3,,
01486-4503-7.zip,202602101146,天塩郡遠別町字北浜,326-9,,
01486-4503-7.zip,202602101146,天塩郡遠別町字北浜,326-18,,
01486-4503-7.zip,202602101146,天塩郡遠別町字北浜,410-1,,
01486-4503-7.zip,202602101146,天塩郡遠別町字北浜,410-2,,
01486-4503-7.zip,202602101146,天塩郡遠別町字本町３丁目,地区外-224711,,
01486-4503-7.zip,202602101146,天塩郡遠別町字本町３丁目,112,,
01486-4503-7.zip,202602101146,天塩郡遠別町字本町３丁目,106-1,,
01486-4503-7.zip,202602101146,天塩郡遠別町字本町３丁目,111,,
01486-4503-7.zip,202602101146,天塩郡遠別町字本町３丁目,101-1,,
01486-4503-7.zip,202602101146,天塩郡遠別町,地区外-224681,,
01486-4503-7.zip,202602101146,天塩郡遠別町字本町３丁目,110,,
01486-4503-8.zip,202602101146,天塩郡遠別町字清川,水-1,,
01486-4503-8.zip,202602101146,天塩郡遠別町字清川,水-2,,
01486-4503-8.zip,202602101146,天塩郡遠別町字清川,水-3,,
01486-4503-8.zip,202602101146,天塩郡遠別町字清川,水-4,,
01486-4503-8.zip,202602101146,天塩郡遠別町字清川,760-2,,
01486-4503-8.zip,202602101146,天塩郡遠別町字清川,水-5,,
01486-4503-8.zip,202602101146,天塩郡遠別町字清川,823-20,,
01486-4503-8.zip,202602101146,天塩郡遠別町字清川,823-21,,
01486-4503-8.zip,202602101146,天塩郡遠別町字清川,823-23,,
01486-4503-8.zip,202602101146,天塩郡遠別町字清川,709-1,,
01486-4503-8.zip,202602101146,天塩郡遠別町字清川,水-6,,
01486-4503-8.zip,202602101146,天塩郡遠別町字清川,730-1,,
01486-4503-8.zip,202602101146,天塩郡遠別町字清川,823-24,,
01486-4503-8.zip,202602101146,天塩郡遠別町字清川,731,,
01486-4503-8.zip,202602101146,天塩郡遠別町字清川,1324,,
01486-4503-8.zip,202602101146,天塩郡遠別町字清川,746,,
01486-4503-8.zip,202602101146,天塩郡遠別町字清川,823-26,,
01486-4503-8.zip,202602101146,天塩郡遠別町字清川,747,,
01486-4503-8.zip,202602101146,天塩郡遠別町字清川,777,,
01486-4503-8.zip,202602101146,天塩郡遠別町字清川,776,,
01486-4503-8.zip,202602101146,天塩郡遠別町字清川,775,,
01486-4503-8.zip,202602101146,天塩郡遠別町字清川,水-7,,
01486-4503-8.zip,202602101146,天塩郡遠別町字清川,730-2,,
01486-4503-8.zip,202602101146,天塩郡遠別町字清川,728,,
01486-4503-8.zip,202602101146,天塩郡遠別町字清川,727-3,,
01486-4503-8.zip,202602101146,天塩郡遠別町字清川,727-1,,
01486-4503-8.zip,202602101146,天塩郡遠別町字清川,道-1,,
01486-4503-8.zip,202602101146,天塩郡遠別町字清川,1321,,
01486-4503-8.zip,202602101146,天塩郡遠別町字清川,823-25,,
01486-4503-8.zip,202602101146,天塩郡遠別町,地区外-225830,,
01486-4503-8.zip,202602101146,天塩郡遠別町字清川,1335,,
01486-4503-8.zip,202602101146,天塩郡遠別町字清川,751-2,,
01486-4503-8.zip,202602101146,天塩郡遠別町字清川,740-1,,
01486-4503-8.zip,202602101146,天塩郡遠別町字清川,1328,,
01486-4503-8.zip,202602101146,天塩郡遠別町字清川,739,,
01486-4503-8.zip,202602101146,天塩郡遠別町字清川,722,,
01486-4503-8.zip,202602101146,天塩郡遠別町字清川,1323,,
01486-4503-8.zip,202602101146,天塩郡遠別町字清川,1327,,
01486-4503-8.zip,202602101146,天塩郡遠別町字清川,1329,,
01486-4503-8.zip,202602101146,天塩郡遠別町字清川,740-3,,
01486-4503-8.zip,202602101146,天塩郡遠別町字清川,1330,,
01486-4503-8.zip,202602101146,天塩郡遠別町字清川,749-1,,
01486-4503-8.zip,202602101146,天塩郡遠別町字清川,1331,,
01486-4503-8.zip,202602101146,天塩郡遠別町字清川,749-2,,
01486-4503-8.zip,202602101146,天塩郡遠別町字清川,1333,,
01486-4503-8.zip,202602101146,天塩郡遠別町字清川,749-3,,
01486-4503-8.zip,202602101146,天塩郡遠別町字清川,1332,,
01486-4503-8.zip,202602101146,天塩郡遠別町字清川,744-1,,
01486-4503-8.zip,202602101146,天塩郡遠別町字清川,748-1,,
01486-4503-8.zip,202602101146,天塩郡遠別町字清川,748-2,,
01486-4503-8.zip,202602101146,天塩郡遠別町字清川,757-1,,
01486-4503-8.zip,202602101146,天塩郡遠別町字清川,水-8,,
01486-4503-8.zip,202602101146,天塩郡遠別町字清川,758,,
01486-4503-8.zip,202602101146,天塩郡遠別町字清川,759-2,,
01486-4503-8.zip,202602101146,天塩郡遠別町字清川,759-1,,
01486-4503-8.zip,202602101146,天塩郡遠別町字清川,760-3,,
01486-4503-8.zip,202602101146,天塩郡遠別町字清川,756,,
01486-4503-8.zip,202602101146,天塩郡遠別町字清川,753-2,,
01486-4503-8.zip,202602101146,天塩郡遠別町字清川,753-1,,
01486-4503-8.zip,202602101146,天塩郡遠別町字清川,760-1,,
01486-4503-8.zip,202602101146,天塩郡遠別町字清川,762-3,,
01486-4503-8.zip,202602101146,天塩郡遠別町字清川,1334,,
01486-4503-8.zip,202602101146,天塩郡遠別町字清川,751-1,,
01486-4503-8.zip,202602101146,天塩郡遠別町字清川,750,,
01486-4503-8.zip,202602101146,天塩郡遠別町字清川,740-2,,
01486-4503-8.zip,202602101146,天塩郡遠別町字清川,748-3,,
01486-4503-8.zip,202602101146,天塩郡遠別町字清川,1326,,
01486-4503-8.zip,202602101146,天塩郡遠別町字清川,743,,
01486-4503-8.zip,202602101146,天塩郡遠別町字清川,734-2,,
01486-4503-8.zip,202602101146,天塩郡遠別町字清川,734-3,,
01486-4503-8.zip,202602101146,天塩郡遠別町字清川,734-1,,
01486-4503-8.zip,202602101146,天塩郡遠別町字清川,1325,,
01486-4503-8.zip,202602101146,天塩郡遠別町字清川,1322,,
01486-4503-8.zip,202602101146,天塩郡遠別町字清川,725,,
01486-4503-8.zip,202602101146,天塩郡遠別町字清川,724,,
01486-4503-8.zip,202602101146,天塩郡遠別町字清川,744-2,,
01486-4503-8.zip,202602101146,天塩郡遠別町字清川,757-2,,
01486-4503-8.zip,202602101146,天塩郡遠別町字清川,水-9,,
01486-4503-8.zip,202602101146,天塩郡遠別町字清川,769,,
01486-4503-8.zip,202602101146,天塩郡遠別町字清川,1312,,
01486-4503-8.zip,202602101146,天塩郡遠別町,地区外-225881,,
01486-4503-8.zip,202602101146,天塩郡遠別町字清川,701,,
01486-4503-8.zip,202602101146,天塩郡遠別町字清川,1315,,
01486-4503-8.zip,202602101146,天塩郡遠別町字清川,水-10,,
01486-4503-8.zip,202602101146,天塩郡遠別町字清川,699,,
01486-4503-8.zip,202602101146,天塩郡遠別町字清川,686,,
01486-4503-8.zip,202602101146,天塩郡遠別町字清川,685-2,,
01486-4503-8.zip,202602101146,天塩郡遠別町字清川,685-1,,
01486-4503-8.zip,202602101146,天塩郡遠別町字清川,1313,,
01486-4503-8.zip,202602101146,天塩郡遠別町字清川,水-11,,
01486-4503-8.zip,202602101146,天塩郡遠別町字清川,684,,
01486-4503-8.zip,202602101146,天塩郡遠別町字清川,683-1,,
01486-4503-8.zip,202602101146,天塩郡遠別町字清川,683-3,,
01486-4503-8.zip,202602101146,天塩郡遠別町字清川,道-2,,
01486-4503-8.zip,202602101146,天塩郡遠別町字清川,683-2,,
01486-4503-8.zip,202602101146,天塩郡遠別町字清川,693-1,,
01486-4503-8.zip,202602101146,天塩郡遠別町字清川,693-2,,
01486-4503-8.zip,202602101146,天塩郡遠別町字清川,691,,
01486-4503-8.zip,202602101146,天塩郡遠別町字清川,688-2,,
01486-4503-8.zip,202602101146,天塩郡遠別町字清川,688-1,,
01486-4503-8.zip,202602101146,天塩郡遠別町字清川,700,,
01486-4503-8.zip,202602101146,天塩郡遠別町字清川,1319,,
01486-4503-8.zip,202602101146,天塩郡遠別町字清川,719,,
01486-4503-8.zip,202602101146,天塩郡遠別町字清川,723,,
01486-4503-8.zip,202602101146,天塩郡遠別町字清川,718-1,,
01486-4503-8.zip,202602101146,天塩郡遠別町字清川,1318,,
01486-4503-8.zip,202602101146,天塩郡遠別町字清川,706-1,,
01486-4503-8.zip,202602101146,天塩郡遠別町字清川,698-3,,
01486-4503-8.zip,202602101146,天塩郡遠別町字清川,道-3,,
01486-4503-8.zip,202602101146,天塩郡遠別町字清川,698-1,,
01486-4503-8.zip,202602101146,天塩郡遠別町字清川,1316,,
01486-4503-8.zip,202602101146,天塩郡遠別町字清川,695,,
01486-4503-8.zip,202602101146,天塩郡遠別町字清川,696-1,,
01486-4503-8.zip,202602101146,天塩郡遠別町字清川,694-1,,
01486-4503-8.zip,202602101146,天塩郡遠別町字清川,697-1,,
01486-4503-8.zip,202602101146,天塩郡遠別町字清川,1317,,
01486-4503-8.zip,202602101146,天塩郡遠別町字清川,698-2,,
01486-4503-8.zip,202602101146,天塩郡遠別町字清川,道-4,,
01486-4503-8.zip,202602101146,天塩郡遠別町字清川,711-1,,
01486-4503-8.zip,202602101146,天塩郡遠別町字清川,711-2,,
01486-4503-8.zip,202602101146,天塩郡遠別町字清川,710-1,,
01486-4503-8.zip,202602101146,天塩郡遠別町字清川,710-2,,
01486-4503-8.zip,202602101146,天塩郡遠別町字清川,1320,,
01486-4503-8.zip,202602101146,天塩郡遠別町字清川,709-3,,
01486-4503-8.zip,202602101146,天塩郡遠別町字清川,823-41,,
01486-4503-8.zip,202602101146,天塩郡遠別町字清川,1314,,
01486-4503-8.zip,202602101146,天塩郡遠別町字清川,681-1,,
01486-4503-8.zip,202602101146,天塩郡遠別町字清川,水-12,,
01486-4503-8.zip,202602101146,天塩郡遠別町字清川,715-1,,
01486-4503-8.zip,202602101146,天塩郡遠別町字清川,713-4,,
01486-4503-8.zip,202602101146,天塩郡遠別町字清川,713-1,,
01486-4503-8.zip,202602101146,天塩郡遠別町字清川,713-3,,
01486-4503-8.zip,202602101146,天塩郡遠別町字清川,713-2,,
01486-4503-8.zip,202602101146,天塩郡遠別町字清川,714-1,,
01486-4503-8.zip,202602101146,天塩郡遠別町字清川,705-1,,
01486-4503-8.zip,202602101146,天塩郡遠別町字清川,水-13,,
01486-4503-8.zip,202602101146,天塩郡遠別町字清川,823-14,,
01486-4503-8.zip,202602101146,天塩郡遠別町字清川,823-16,,
01486-4503-8.zip,202602101146,天塩郡遠別町字清川,823-83,,
01486-4503-8.zip,202602101146,天塩郡遠別町字清川,823-1,,
01486-4503-8.zip,202602101146,天塩郡遠別町字清川,823-67,,
01486-4503-8.zip,202602101146,天塩郡遠別町字清川,823-17,,
01486-4503-8.zip,202602101146,天塩郡遠別町字清川,823-15,,
01486-4503-8.zip,202602101146,天塩郡遠別町字清川,823-70,,
01486-4503-8.zip,202602101146,天塩郡遠別町字清川,823-18,,
01486-4503-8.zip,202602101146,天塩郡遠別町字清川,823-22,,
01486-4503-8.zip,202602101146,天塩郡遠別町字清川,823-98,,
01486-4503-8.zip,202602101146,天塩郡遠別町字清川,823-32,,
01486-4503-8.zip,202602101146,天塩郡遠別町字清川,823-86,,
01486-4503-8.zip,202602101146,天塩郡遠別町字清川,823-94,,
01486-4503-8.zip,202602101146,天塩郡遠別町字清川,823-93,,
01486-4503-8.zip,202602101146,天塩郡遠別町字清川,823-53,,
01486-4503-8.zip,202602101146,天塩郡遠別町字清川,823-3,,
01486-4503-8.zip,202602101146,天塩郡遠別町字清川,823-38,,
01486-4503-8.zip,202602101146,天塩郡遠別町字清川,823-39,,
01486-4503-8.zip,202602101146,天塩郡遠別町字清川,823-92,,
01486-4503-8.zip,202602101146,天塩郡遠別町字清川,823-90,,
01486-4503-8.zip,202602101146,天塩郡遠別町字清川,水-14,,
01486-4503-8.zip,202602101146,天塩郡遠別町字清川,823-89,,
01486-4503-8.zip,202602101146,天塩郡遠別町字清川,823-88,,
01486-4503-8.zip,202602101146,天塩郡遠別町字清川,823-84,,
01486-4503-8.zip,202602101146,天塩郡遠別町字清川,823-55,,
01486-4503-8.zip,202602101146,天塩郡遠別町字清川,614-1,,
01486-4503-8.zip,202602101146,天塩郡遠別町字清川,649,,
01486-4503-8.zip,202602101146,天塩郡遠別町字清川,615-3,,
01486-4503-8.zip,202602101146,天塩郡遠別町字清川,1305,,
01486-4503-8.zip,202602101146,天塩郡遠別町字清川,650-1,,
01486-4503-8.zip,202602101146,天塩郡遠別町字清川,水-15,,
01486-4503-8.zip,202602101146,天塩郡遠別町字清川,水-16,,
01486-4503-8.zip,202602101146,天塩郡遠別町字清川,679-1,,
01486-4503-8.zip,202602101146,天塩郡遠別町字清川,680-1,,
01486-4503-8.zip,202602101146,天塩郡遠別町字清川,823-19,,
01486-4503-8.zip,202602101146,天塩郡遠別町字清川,水-17,,
01486-4503-8.zip,202602101146,天塩郡遠別町字清川,651-1,,
01486-4503-8.zip,202602101146,天塩郡遠別町字清川,671-1,,
01486-4503-8.zip,202602101146,天塩郡遠別町字清川,677-2,,
01486-4503-8.zip,202602101146,天塩郡遠別町字清川,679-3,,
01486-4503-8.zip,202602101146,天塩郡遠別町字清川,678-1,,
01486-4503-8.zip,202602101146,天塩郡遠別町字清川,672-1,,
01486-4503-8.zip,202602101146,天塩郡遠別町字清川,672-4,,
01486-4503-8.zip,202602101146,天塩郡遠別町字清川,823-9,,
01486-4503-8.zip,202602101146,天塩郡遠別町字清川,823-8,,
01486-4503-8.zip,202602101146,天塩郡遠別町字清川,823-10,,
01486-4503-8.zip,202602101146,天塩郡遠別町字清川,823-12,,
01486-4503-8.zip,202602101146,天塩郡遠別町字清川,823-11,,
01486-4503-8.zip,202602101146,天塩郡遠別町字清川,823-49,,
01486-4503-8.zip,202602101146,天塩郡遠別町字清川,823-51,,
01486-4503-8.zip,202602101146,天塩郡遠別町,地区外-225989,,
01486-4503-8.zip,202602101146,天塩郡遠別町字清川,823-48,,
01486-4503-8.zip,202602101146,天塩郡遠別町,地区外-225991,,
01486-4503-8.zip,202602101146,天塩郡遠別町字清川,823-45,,
01486-4503-8.zip,202602101146,天塩郡遠別町字清川,823-46,,
01486-4503-8.zip,202602101146,天塩郡遠別町字清川,823-47,,
01486-4503-8.zip,202602101146,天塩郡遠別町,地区外-225995,,
01486-4503-8.zip,202602101146,天塩郡遠別町字清川,1359,,
01486-4503-8.zip,202602101146,天塩郡遠別町,地区外-225997,,
01486-4503-8.zip,202602101146,天塩郡遠別町,地区外-225998,,
01486-4503-8.zip,202602101146,天塩郡遠別町字清川,823-108,,
01486-4503-8.zip,202602101146,天塩郡遠別町字清川,823-5,,
01486-4503-8.zip,202602101146,天塩郡遠別町字清川,823-110,,
01486-4503-8.zip,202602101146,天塩郡遠別町字清川,823-7,,
01486-4503-8.zip,202602101146,天塩郡遠別町字清川,823-6,,
01486-4503-8.zip,202602101146,天塩郡遠別町字清川,823-57,,
01486-4503-8.zip,202602101146,天塩郡遠別町字清川,823-60,,
01486-4503-8.zip,202602101146,天塩郡遠別町字清川,823-99,,
01486-4503-8.zip,202602101146,天塩郡遠別町字清川,823-103,,
01486-4503-8.zip,202602101146,天塩郡遠別町字清川,823-106,,
01486-4503-8.zip,202602101146,天塩郡遠別町字清川,823-105,,
01486-4503-8.zip,202602101146,天塩郡遠別町,地区外-226010,,
01486-4503-8.zip,202602101146,天塩郡遠別町字清川,823-134,,
01486-4503-8.zip,202602101146,天塩郡遠別町字清川,823-144,,
01486-4503-8.zip,202602101146,天塩郡遠別町字清川,823-133,,
01486-4503-8.zip,202602101146,天塩郡遠別町字清川,823-36,,
01486-4503-8.zip,202602101146,天塩郡遠別町字清川,823-31,,
01486-4503-8.zip,202602101146,天塩郡遠別町字清川,823-33,,
01486-4503-8.zip,202602101146,天塩郡遠別町字清川,823-34,,
01486-4503-8.zip,202602101146,天塩郡遠別町字清川,823-35,,
01486-4503-8.zip,202602101146,天塩郡遠別町字清川,823-30,,
01486-4503-8.zip,202602101146,天塩郡遠別町,地区外-226020,,
01486-4503-8.zip,202602101146,天塩郡遠別町,地区外-226021,,
01486-4503-8.zip,202602101146,天塩郡遠別町,地区外-226022,,
01486-4503-8.zip,202602101146,天塩郡遠別町字清川,823-130,,
01486-4503-8.zip,202602101146,天塩郡遠別町字清川,823-42,,
01486-4503-8.zip,202602101146,天塩郡遠別町字清川,水-18,,
01486-4503-8.zip,202602101146,天塩郡遠別町字清川,823-127,,
01486-4503-8.zip,202602101146,天塩郡遠別町字清川,823-59,,
01486-4503-8.zip,202602101146,天塩郡遠別町字清川,823-128,,
01486-4503-8.zip,202602101146,天塩郡遠別町字清川,886,,
01486-4503-8.zip,202602101146,天塩郡遠別町字清川,1357,,
01486-4503-8.zip,202602101146,天塩郡遠別町字清川,887,,
01486-4503-8.zip,202602101146,天塩郡遠別町,地区外-226032,,
01486-4503-8.zip,202602101146,天塩郡遠別町字清川,823-131,,
01486-4503-8.zip,202602101146,天塩郡遠別町字清川,823-129,,
01486-4503-8.zip,202602101146,天塩郡遠別町,地区外-226035,,
01486-4503-8.zip,202602101146,天塩郡遠別町字清川,660-1,,
01486-4503-8.zip,202602101146,天塩郡遠別町,地区外-226037,,
01486-4503-8.zip,202602101146,天塩郡遠別町字清川,1311,,
01486-4503-8.zip,202602101146,天塩郡遠別町字清川,585-1,,
01486-4503-8.zip,202602101146,天塩郡遠別町,地区外-226041,,
01486-4503-8.zip,202602101146,天塩郡遠別町字清川,602-1,,
01486-4503-8.zip,202602101146,天塩郡遠別町字清川,607,,
01486-4503-8.zip,202602101146,天塩郡遠別町字清川,606,,
01486-4503-8.zip,202602101146,天塩郡遠別町字清川,623-1,,
01486-4503-8.zip,202602101146,天塩郡遠別町字清川,629-1,,
01486-4503-8.zip,202602101146,天塩郡遠別町字清川,659,,
01486-4503-8.zip,202602101146,天塩郡遠別町字清川,658,,
01486-4503-8.zip,202602101146,天塩郡遠別町字清川,660-2,,
01486-4503-8.zip,202602101146,天塩郡遠別町字清川,1310,,
01486-4503-8.zip,202602101146,天塩郡遠別町字清川,670-1,,
01486-4503-8.zip,202602101146,天塩郡遠別町字清川,670-5,,
01486-4503-8.zip,202602101146,天塩郡遠別町字清川,655-1,,
01486-4503-8.zip,202602101146,天塩郡遠別町字清川,1306,,
01486-4503-8.zip,202602101146,天塩郡遠別町字清川,1307,,
01486-4503-8.zip,202602101146,天塩郡遠別町字清川,629-4,,
01486-4503-8.zip,202602101146,天塩郡遠別町字清川,655-6,,
01486-4503-8.zip,202602101146,天塩郡遠別町字清川,629-2,,
01486-4503-8.zip,202602101146,天塩郡遠別町字清川,水-19,,
01486-4503-8.zip,202602101146,天塩郡遠別町字清川,631,,
01486-4503-8.zip,202602101146,天塩郡遠別町字清川,623-5,,
01486-4503-8.zip,202602101146,天塩郡遠別町字清川,623-6,,
01486-4503-8.zip,202602101146,天塩郡遠別町字清川,629-3,,
01486-4503-8.zip,202602101146,天塩郡遠別町字清川,水-20,,
01486-4503-8.zip,202602101146,天塩郡遠別町字清川,水-21,,
01486-4503-8.zip,202602101146,天塩郡遠別町字清川,612-1,,
01486-4503-8.zip,202602101146,天塩郡遠別町字清川,1303,,
01486-4503-8.zip,202602101146,天塩郡遠別町字清川,613-1,,
01486-4503-8.zip,202602101146,天塩郡遠別町字清川,618-1,,
01486-4503-8.zip,202602101146,天塩郡遠別町字清川,水-22,,
01486-4503-8.zip,202602101146,天塩郡遠別町字清川,638-1,,
01486-4503-8.zip,202602101146,天塩郡遠別町字清川,水-23,,
01486-4503-8.zip,202602101146,天塩郡遠別町字清川,652-3,,
01486-4503-8.zip,202602101146,天塩郡遠別町字清川,653-1,,
01486-4503-8.zip,202602101146,天塩郡遠別町字清川,1308,,
01486-4503-8.zip,202602101146,天塩郡遠別町字清川,653-13,,
01486-4503-8.zip,202602101146,天塩郡遠別町字清川,1309,,
01486-4503-8.zip,202602101146,天塩郡遠別町字清川,670-2,,
01486-4503-8.zip,202602101146,天塩郡遠別町字清川,653-12,,
01486-4503-8.zip,202602101146,天塩郡遠別町字清川,600-1,,
01486-4503-8.zip,202602101146,天塩郡遠別町字清川,1301,,
01486-4503-8.zip,202602101146,天塩郡遠別町字清川,597-3,,
01486-4503-8.zip,202602101146,天塩郡遠別町字清川,585-2,,
01486-4503-8.zip,202602101146,天塩郡遠別町字清川,597-1,,
01486-4503-8.zip,202602101146,天塩郡遠別町字清川,602-5,,
01486-4503-8.zip,202602101146,天塩郡遠別町字清川,1299,,
01486-4503-8.zip,202602101146,天塩郡遠別町字清川,1300,,
01486-4503-8.zip,202602101146,天塩郡遠別町字清川,599-1,,
01486-4503-8.zip,202602101146,天塩郡遠別町字清川,1302,,
01486-4503-8.zip,202602101146,天塩郡遠別町字清川,水-24,,
01486-4503-8.zip,202602101146,天塩郡遠別町字清川,615-1,,
01486-4503-8.zip,202602101146,天塩郡遠別町字清川,614-2,,
01486-4503-8.zip,202602101146,天塩郡遠別町字清川,1304,,
01486-4503-8.zip,202602101146,天塩郡遠別町字清川,617-1,,
01486-4503-8.zip,202602101146,天塩郡遠別町字清川,642-1,,
01486-4503-8.zip,202602101146,天塩郡遠別町字清川,水-25,,
01486-4503-8.zip,202602101146,天塩郡遠別町字清川,642-2,,
01486-4503-8.zip,202602101146,天塩郡遠別町字清川,652-1,,
01486-4503-8.zip,202602101146,天塩郡遠別町字清川,水-26,,
01486-4503-8.zip,202602101146,天塩郡遠別町字清川,510-2,,
01486-4503-8.zip,202602101146,天塩郡遠別町,地区外-226102,,
01486-4503-8.zip,202602101146,天塩郡遠別町字清川,1287,,
01486-4503-8.zip,202602101146,天塩郡遠別町字清川,512-4,,
01486-4503-8.zip,202602101146,天塩郡遠別町字清川,529-5,,
01486-4503-8.zip,202602101146,天塩郡遠別町字清川,548,,
01486-4503-8.zip,202602101146,天塩郡遠別町字清川,1295,,
01486-4503-8.zip,202602101146,天塩郡遠別町字清川,563-7,,
01486-4503-8.zip,202602101146,天塩郡遠別町字清川,563-6,,
01486-4503-8.zip,202602101146,天塩郡遠別町字清川,水-27,,
01486-4503-8.zip,202602101146,天塩郡遠別町字清川,563-8,,
01486-4503-8.zip,202602101146,天塩郡遠別町字清川,563-1,,
01486-4503-8.zip,202602101146,天塩郡遠別町字清川,561,,
01486-4503-8.zip,202602101146,天塩郡遠別町字清川,水-28,,
01486-4503-8.zip,202602101146,天塩郡遠別町字清川,576-1,,
01486-4503-8.zip,202602101146,天塩郡遠別町字清川,576-4,,
01486-4503-8.zip,202602101146,天塩郡遠別町字清川,578,,
01486-4503-8.zip,202602101146,天塩郡遠別町字清川,579,,
01486-4503-8.zip,202602101146,天塩郡遠別町字清川,595-1,,
01486-4503-8.zip,202602101146,天塩郡遠別町字清川,596,,
01486-4503-8.zip,202602101146,天塩郡遠別町字清川,1298,,
01486-4503-8.zip,202602101146,天塩郡遠別町字清川,水-29,,
01486-4503-8.zip,202602101146,天塩郡遠別町字清川,823-64,,
01486-4503-8.zip,202602101146,天塩郡遠別町字清川,823-13,,
01486-4503-8.zip,202602101146,天塩郡遠別町字清川,1297,,
01486-4503-8.zip,202602101146,天塩郡遠別町字清川,560-1,,
01486-4503-8.zip,202602101146,天塩郡遠別町字清川,559-1,,
01486-4503-8.zip,202602101146,天塩郡遠別町字清川,水-30,,
01486-4503-8.zip,202602101146,天塩郡遠別町字清川,558-3,,
01486-4503-8.zip,202602101146,天塩郡遠別町字清川,535-4,,
01486-4503-8.zip,202602101146,天塩郡遠別町字清川,532-1,,
01486-4503-8.zip,202602101146,天塩郡遠別町字清川,水-31,,
01486-4503-8.zip,202602101146,天塩郡遠別町字清川,水-32,,
01486-4503-8.zip,202602101146,天塩郡遠別町字清川,532-3,,
01486-4503-8.zip,202602101146,天塩郡遠別町字清川,水-33,,
01486-4503-8.zip,202602101146,天塩郡遠別町字清川,531-1,,
01486-4503-8.zip,202602101146,天塩郡遠別町字清川,水-34,,
01486-4503-8.zip,202602101146,天塩郡遠別町字清川,527,,
01486-4503-8.zip,202602101146,天塩郡遠別町字清川,512-1,,
01486-4503-8.zip,202602101146,天塩郡遠別町字清川,1288,,
01486-4503-8.zip,202602101146,天塩郡遠別町字清川,498-1,,
01486-4503-8.zip,202602101146,天塩郡遠別町字清川,1286,,
01486-4503-8.zip,202602101146,天塩郡遠別町字清川,504-1,,
01486-4503-8.zip,202602101146,天塩郡遠別町字清川,1285,,
01486-4503-8.zip,202602101146,天塩郡遠別町字清川,502-4,,
01486-4503-8.zip,202602101146,天塩郡遠別町字清川,1284,,
01486-4503-8.zip,202602101146,天塩郡遠別町字清川,507-1,,
01486-4503-8.zip,202602101146,天塩郡遠別町字清川,507-2,,
01486-4503-8.zip,202602101146,天塩郡遠別町字清川,512-2,,
01486-4503-8.zip,202602101146,天塩郡遠別町字清川,512-3,,
01486-4503-8.zip,202602101146,天塩郡遠別町字清川,道-8,,
01486-4503-8.zip,202602101146,天塩郡遠別町字清川,526-1,,
01486-4503-8.zip,202602101146,天塩郡遠別町字清川,道-9,,
01486-4503-8.zip,202602101146,天塩郡遠別町字清川,525-4,,
01486-4503-8.zip,202602101146,天塩郡遠別町字清川,529-1,,
01486-4503-8.zip,202602101146,天塩郡遠別町字清川,530,,
01486-4503-8.zip,202602101146,天塩郡遠別町字清川,540-5,,
01486-4503-8.zip,202602101146,天塩郡遠別町字清川,549,,
01486-4503-8.zip,202602101146,天塩郡遠別町字清川,551-4,,
01486-4503-8.zip,202602101146,天塩郡遠別町字清川,1296,,
01486-4503-8.zip,202602101146,天塩郡遠別町字清川,1293,,
01486-4503-8.zip,202602101146,天塩郡遠別町字清川,552-1,,
01486-4503-8.zip,202602101146,天塩郡遠別町字清川,552-4,,
01486-4503-8.zip,202602101146,天塩郡遠別町字清川,552-5,,
01486-4503-8.zip,202602101146,天塩郡遠別町字清川,556-1,,
01486-4503-8.zip,202602101146,天塩郡遠別町字清川,1294,,
01486-4503-8.zip,202602101146,天塩郡遠別町字清川,818-1,,
01486-4503-8.zip,202602101146,天塩郡遠別町,地区外-226171,,
01486-4503-8.zip,202602101146,天塩郡遠別町字清川,水-35,,
01486-4503-8.zip,202602101146,天塩郡遠別町字清川,811-1,,
01486-4503-8.zip,202602101146,天塩郡遠別町,地区外-226174,,
01486-4503-8.zip,202602101146,天塩郡遠別町字清川,477-2,,
01486-4503-8.zip,202602101146,天塩郡遠別町字清川,480-1,,
01486-4503-8.zip,202602101146,天塩郡遠別町字清川,1282,,
01486-4503-8.zip,202602101146,天塩郡遠別町字清川,481-1,,
01486-4503-8.zip,202602101146,天塩郡遠別町字清川,481-11,,
01486-4503-8.zip,202602101146,天塩郡遠別町字清川,481-4,,
01486-4503-8.zip,202602101146,天塩郡遠別町字清川,500-1,,
01486-4503-8.zip,202602101146,天塩郡遠別町字清川,501,,
01486-4503-8.zip,202602101146,天塩郡遠別町字清川,502-3,,
01486-4503-8.zip,202602101146,天塩郡遠別町,地区外-226187,,
01486-4503-8.zip,202602101146,天塩郡遠別町,地区外-226188,,
01486-4503-8.zip,202602101146,天塩郡遠別町字清川,477-1,,
01486-4503-8.zip,202602101146,天塩郡遠別町字清川,477-3,,
01486-4503-8.zip,202602101146,天塩郡遠別町字清川,1291,,
01486-4503-8.zip,202602101146,天塩郡遠別町字清川,1289,,
01486-4503-8.zip,202602101146,天塩郡遠別町字清川,水-36,,
01486-4503-8.zip,202602101146,天塩郡遠別町字清川,491-1,,
01486-4503-8.zip,202602101146,天塩郡遠別町字清川,493-1,,
01486-4503-8.zip,202602101146,天塩郡遠別町字清川,1290,,
01486-4503-8.zip,202602101146,天塩郡遠別町字清川,490-1,,
01486-4503-8.zip,202602101146,天塩郡遠別町字清川,469-1,,
01486-4503-8.zip,202602101146,天塩郡遠別町字清川,水-37,,
01486-4503-8.zip,202602101146,天塩郡遠別町字清川,1292,,
01486-4503-8.zip,202602101146,天塩郡遠別町字清川,469-5,,
01486-4503-8.zip,202602101146,天塩郡遠別町字清川,468-1,,
01486-4503-8.zip,202602101146,天塩郡遠別町字清川,水-38,,
01486-4503-8.zip,202602101146,天塩郡遠別町字清川,476-1,,
01486-4503-8.zip,202602101146,天塩郡遠別町字清川,472-1,,
01486-4503-8.zip,202602101146,天塩郡遠別町字清川,470,,
01486-4503-8.zip,202602101146,天塩郡遠別町字清川,483-1,,
01486-4503-8.zip,202602101146,天塩郡遠別町字清川,483-4,,
01486-4503-8.zip,202602101146,天塩郡遠別町字清川,488,,
01486-4503-8.zip,202602101146,天塩郡遠別町字清川,468-2,,
01486-4503-8.zip,202602101146,天塩郡遠別町字清川,487-1,,
01486-4503-8.zip,202602101146,天塩郡遠別町字清川,494-1,,
01486-4503-8.zip,202602101146,天塩郡遠別町字清川,水-39,,
01486-4503-8.zip,202602101146,天塩郡遠別町字清川,水-40,,
01486-4503-8.zip,202602101146,天塩郡遠別町字清川,493-3,,
01486-4503-8.zip,202602101146,天塩郡遠別町字清川,823-4,,
01486-4503-8.zip,202602101146,天塩郡遠別町,地区外-226218,,
01486-4503-8.zip,202602101146,天塩郡遠別町字清川,823-135,,
01486-4503-8.zip,202602101146,天塩郡遠別町字清川,823-136,,
01486-4503-8.zip,202602101146,天塩郡遠別町字清川,823-149,,
01486-4503-8.zip,202602101146,天塩郡遠別町,地区外-226222,,
01486-4503-8.zip,202602101146,天塩郡遠別町字清川,823-140,,
01486-4503-8.zip,202602101146,天塩郡遠別町字清川,823-145,,
01486-4503-8.zip,202602101146,天塩郡遠別町字清川,823-138,,
01486-4503-8.zip,202602101146,天塩郡遠別町字清川,823-139,,
01486-4503-8.zip,202602101146,天塩郡遠別町字清川,823-147,,
01486-4503-8.zip,202602101146,天塩郡遠別町字清川,823-146,,
01486-4503-8.zip,202602101146,天塩郡遠別町字清川,823-148,,
01486-4503-8.zip,202602101146,天塩郡遠別町字清川,823-142,,
01486-4503-8.zip,202602101146,天塩郡遠別町字清川,823-143,,
01486-4503-8.zip,202602101146,天塩郡遠別町字清川,477-4,,
01486-4503-8.zip,202602101146,天塩郡遠別町,地区外-226233,,
01486-4503-8.zip,202602101146,天塩郡遠別町字清川,1283,,
01486-4503-8.zip,202602101146,天塩郡遠別町字清川,823-137,,
01486-4503-8.zip,202602101146,天塩郡遠別町,地区外-226236,,
01486-4503-8.zip,202602101146,天塩郡遠別町字清川,823-141,,
01486-4503-8.zip,202602101146,天塩郡遠別町,地区外-226238,,
01486-4503-8.zip,202602101146,天塩郡遠別町字清川,811-2,,
01486-4503-8.zip,202602101146,天塩郡遠別町字清川,811-3,,
01486-4503-8.zip,202602101146,天塩郡遠別町字清川,811-5,,
01486-4503-8.zip,202602101146,天塩郡遠別町字清川,811-4,,
01486-4503-8.zip,202602101146,天塩郡遠別町字清川,811-8,,
01486-4503-8.zip,202602101146,天塩郡遠別町字清川,816,,
01486-4503-8.zip,202602101146,天塩郡遠別町字清川,1353,,
01486-4503-8.zip,202602101146,天塩郡遠別町字清川,797-12,,
01486-4503-8.zip,202602101146,天塩郡遠別町字清川,818-7,,
01486-4503-8.zip,202602101146,天塩郡遠別町字清川,797-11,,
01486-4503-8.zip,202602101146,天塩郡遠別町字清川,1352,,
01486-4503-8.zip,202602101146,天塩郡遠別町字清川,818-8,,
01486-4503-8.zip,202602101146,天塩郡遠別町字清川,815-2,,
01486-4503-8.zip,202602101146,天塩郡遠別町字清川,815-1,,
01486-4503-8.zip,202602101146,天塩郡遠別町字清川,1351,,
01486-4503-8.zip,202602101146,天塩郡遠別町字清川,818-4,,
01486-4503-8.zip,202602101146,天塩郡遠別町字清川,818-2,,
01486-4503-8.zip,202602101146,天塩郡遠別町,地区外-226256,,
01486-4503-8.zip,202602101146,天塩郡遠別町字清川,823-43,,
01486-4503-8.zip,202602101146,天塩郡遠別町字清川,823-29,,
01486-4503-8.zip,202602101146,天塩郡遠別町字清川,823-27,,
01486-4503-8.zip,202602101146,天塩郡遠別町字清川,823-116,,
01486-4503-8.zip,202602101146,天塩郡遠別町字清川,823-119,,
01486-4503-8.zip,202602101146,天塩郡遠別町字清川,823-28,,
01486-4503-8.zip,202602101146,天塩郡遠別町字清川,802-1,,
01486-4503-8.zip,202602101146,天塩郡遠別町字清川,水-41,,
01486-4503-8.zip,202602101146,天塩郡遠別町字清川,810,,
01486-4503-8.zip,202602101146,天塩郡遠別町字清川,1356,,
01486-4503-8.zip,202602101146,天塩郡遠別町字清川,1355,,
01486-4503-8.zip,202602101146,天塩郡遠別町字清川,809,,
01486-4503-8.zip,202602101146,天塩郡遠別町字清川,804-3,,
01486-4503-8.zip,202602101146,天塩郡遠別町字清川,808-1,,
01486-4503-8.zip,202602101146,天塩郡遠別町字清川,808-4,,
01486-4503-8.zip,202602101146,天塩郡遠別町字清川,812-1,,
01486-4503-8.zip,202602101146,天塩郡遠別町字清川,812-2,,
01486-4503-8.zip,202602101146,天塩郡遠別町字清川,812-3,,
01486-4503-8.zip,202602101146,天塩郡遠別町字清川,808-2,,
01486-4503-8.zip,202602101146,天塩郡遠別町字清川,808-3,,
01486-4503-8.zip,202602101146,天塩郡遠別町字清川,813-1,,
01486-4503-8.zip,202602101146,天塩郡遠別町字清川,813-4,,
01486-4503-8.zip,202602101146,天塩郡遠別町字清川,1349,,
01486-4503-8.zip,202602101146,天塩郡遠別町字清川,797-8,,
01486-4503-8.zip,202602101146,天塩郡遠別町字清川,797-9,,
01486-4503-8.zip,202602101146,天塩郡遠別町字清川,1350,,
01486-4503-8.zip,202602101146,天塩郡遠別町字清川,814,,
01486-4503-8.zip,202602101146,天塩郡遠別町字清川,858-1,,
01486-4503-8.zip,202602101146,天塩郡遠別町,地区外-226285,,
01486-4503-8.zip,202602101146,天塩郡遠別町字清川,939,,
01486-4503-8.zip,202602101146,天塩郡遠別町字清川,862-1,,
01486-4503-8.zip,202602101146,天塩郡遠別町字清川,861,,
01486-4503-8.zip,202602101146,天塩郡遠別町字清川,797-10,,
01486-4503-8.zip,202602101146,天塩郡遠別町,地区外-226290,,
01486-4503-8.zip,202602101146,天塩郡遠別町字清川,1354,,
01486-4503-8.zip,202602101146,天塩郡遠別町字清川,817,,
01486-4503-8.zip,202602101146,天塩郡遠別町字清川,860,,
01486-4503-8.zip,202602101146,天塩郡遠別町字清川,858-4,,
01486-4503-8.zip,202602101146,天塩郡遠別町字清川,862-3,,
01486-4503-8.zip,202602101146,天塩郡遠別町字清川,862-2,,
01486-4503-8.zip,202602101146,天塩郡遠別町字清川,858-2,,
01486-4503-8.zip,202602101146,天塩郡遠別町字清川,823-132,,
01486-4503-8.zip,202602101146,天塩郡遠別町字清川,823-112,,
01486-4503-8.zip,202602101146,天塩郡遠別町字清川,778-1,,
01486-4503-8.zip,202602101146,天塩郡遠別町字清川,1336,,
01486-4503-8.zip,202602101146,天塩郡遠別町字清川,1337,,
01486-4503-8.zip,202602101146,天塩郡遠別町字清川,1339,,
01486-4503-8.zip,202602101146,天塩郡遠別町字清川,767-1,,
01486-4503-8.zip,202602101146,天塩郡遠別町字清川,786,,
01486-4503-8.zip,202602101146,天塩郡遠別町字清川,779,,
01486-4503-8.zip,202602101146,天塩郡遠別町字清川,水-42,,
01486-4503-8.zip,202602101146,天塩郡遠別町字清川,778-2,,
01486-4503-8.zip,202602101146,天塩郡遠別町字清川,784-1,,
01486-4503-8.zip,202602101146,天塩郡遠別町字清川,778-3,,
01486-4503-8.zip,202602101146,天塩郡遠別町字清川,1341,,
01486-4503-8.zip,202602101146,天塩郡遠別町字清川,1340,,
01486-4503-8.zip,202602101146,天塩郡遠別町字清川,802-4,,
01486-4503-8.zip,202602101146,天塩郡遠別町字清川,823-113,,
01486-4503-8.zip,202602101146,天塩郡遠別町字清川,823-111,,
01486-4503-8.zip,202602101146,天塩郡遠別町字清川,823-114,,
01486-4503-8.zip,202602101146,天塩郡遠別町字清川,802-3,,
01486-4503-8.zip,202602101146,天塩郡遠別町字清川,802-5,,
01486-4503-8.zip,202602101146,天塩郡遠別町字清川,800-2,,
01486-4503-8.zip,202602101146,天塩郡遠別町字清川,800-4,,
01486-4503-8.zip,202602101146,天塩郡遠別町字清川,800-1,,
01486-4503-8.zip,202602101146,天塩郡遠別町字清川,785-1,,
01486-4503-8.zip,202602101146,天塩郡遠別町字清川,785-3,,
01486-4503-8.zip,202602101146,天塩郡遠別町字清川,1338,,
01486-4503-8.zip,202602101146,天塩郡遠別町字清川,768-1,,
01486-4503-8.zip,202602101146,天塩郡遠別町字清川,768-2,,
01486-4503-8.zip,202602101146,天塩郡遠別町字清川,767-2,,
01486-4503-8.zip,202602101146,天塩郡遠別町字清川,785-2,,
01486-4503-8.zip,202602101146,天塩郡遠別町字清川,791-1,,
01486-4503-8.zip,202602101146,天塩郡遠別町字清川,791-3,,
01486-4503-8.zip,202602101146,天塩郡遠別町字清川,784-2,,
01486-4503-8.zip,202602101146,天塩郡遠別町字清川,1342,,
01486-4503-8.zip,202602101146,天塩郡遠別町字清川,800-3,,
01486-4503-8.zip,202602101146,天塩郡遠別町字清川,802-6,,
01486-4503-8.zip,202602101146,天塩郡遠別町字清川,803-2,,
01486-4503-8.zip,202602101146,天塩郡遠別町字清川,805-2,,
01486-4503-8.zip,202602101146,天塩郡遠別町字清川,803-1,,
01486-4503-8.zip,202602101146,天塩郡遠別町字清川,805-1,,
01486-4503-8.zip,202602101146,天塩郡遠別町字清川,799-1,,
01486-4503-8.zip,202602101146,天塩郡遠別町字清川,799-2,,
01486-4503-8.zip,202602101146,天塩郡遠別町字清川,1345,,
01486-4503-8.zip,202602101146,天塩郡遠別町字清川,807,,
01486-4503-8.zip,202602101146,天塩郡遠別町字清川,804-1,,
01486-4503-8.zip,202602101146,天塩郡遠別町字清川,804-2,,
01486-4503-8.zip,202602101146,天塩郡遠別町字清川,804-4,,
01486-4503-8.zip,202602101146,天塩郡遠別町字清川,802-2,,
01486-4503-8.zip,202602101146,天塩郡遠別町字清川,813-2,,
01486-4503-8.zip,202602101146,天塩郡遠別町字清川,1346,,
01486-4503-8.zip,202602101146,天塩郡遠別町字清川,797-1,,
01486-4503-8.zip,202602101146,天塩郡遠別町字清川,797-4,,
01486-4503-8.zip,202602101146,天塩郡遠別町字清川,797-5,,
01486-4503-8.zip,202602101146,天塩郡遠別町字清川,797-3,,
01486-4503-8.zip,202602101146,天塩郡遠別町字清川,797-6,,
01486-4503-8.zip,202602101146,天塩郡遠別町字清川,796,,
01486-4503-8.zip,202602101146,天塩郡遠別町字清川,1344,,
01486-4503-8.zip,202602101146,天塩郡遠別町字清川,806,,
01486-4503-8.zip,202602101146,天塩郡遠別町字清川,797-2,,
01486-4503-8.zip,202602101146,天塩郡遠別町字清川,1347,,
01486-4503-8.zip,202602101146,天塩郡遠別町字清川,813-3,,
01486-4503-8.zip,202602101146,天塩郡遠別町字清川,1348,,
01486-4503-8.zip,202602101146,天塩郡遠別町字清川,797-7,,
01486-4503-8.zip,202602101146,天塩郡遠別町字清川,818-5,,
01486-4503-8.zip,202602101146,天塩郡遠別町字清川,818-6,,
01486-4503-8.zip,202602101146,天塩郡遠別町字清川,795-2,,
01486-4503-8.zip,202602101146,天塩郡遠別町字清川,1343,,
01486-4503-8.zip,202602101146,天塩郡遠別町字清川,798,,
01486-4503-8.zip,202602101146,天塩郡遠別町字清川,795-1,,
01486-4503-8.zip,202602101146,天塩郡遠別町字清川,水-43,,
01486-4503-8.zip,202602101146,天塩郡遠別町字清川,938,,
01486-4503-8.zip,202602101146,天塩郡遠別町,地区外-226370,,
01486-4503-8.zip,202602101146,天塩郡遠別町字清川,858-3,,
01486-4503-8.zip,202602101146,天塩郡遠別町字清川,793,,
01486-4503-8.zip,202602101146,天塩郡遠別町字清川,794,,
01486-4503-8.zip,202602101146,天塩郡遠別町字清川,792,,
01486-4503-8.zip,202602101146,天塩郡遠別町字清川,762-1,,
01486-4503-8.zip,202602101146,天塩郡遠別町字清川,762-2,,
01486-4503-8.zip,202602101146,天塩郡遠別町字清川,760-4,,
01486-4503-8.zip,202602101146,天塩郡遠別町字清川,1358,,
01486-4503-8.zip,202602101146,天塩郡遠別町,地区外-226379,,
01486-4503-8.zip,202602101146,天塩郡遠別町字清川,823-117,,
01486-4503-8.zip,202602101146,天塩郡遠別町字清川,823-120,,
01486-4503-8.zip,202602101146,天塩郡遠別町字清川,823-121,,
01486-4503-8.zip,202602101146,天塩郡遠別町字清川,823-122,,
01486-4503-8.zip,202602101146,天塩郡遠別町字清川,823-125,,
01486-4503-8.zip,202602101146,天塩郡遠別町字清川,823-118,,
01486-4503-8.zip,202602101146,天塩郡遠別町字清川,823-124,,
01486-4503-8.zip,202602101146,天塩郡遠別町字清川,823-123,,
01486-4503-8.zip,202602101146,天塩郡遠別町字清川,823-126,,
01486-4503-8.zip,202602101146,天塩郡遠別町字清川,823-115,,
01486-4503-8.zip,202602101146,天塩郡遠別町,地区外-226390,,
01486-4503-8.zip,202602101146,天塩郡遠別町字清川,823-80,,
01486-4503-8.zip,202602101146,天塩郡遠別町字清川,823-78,,
01486-4503-8.zip,202602101146,天塩郡遠別町字清川,823-76,,
01486-4503-8.zip,202602101146,天塩郡遠別町字清川,823-72,,
01486-4503-8.zip,202602101146,天塩郡遠別町字清川,水-44,,
01486-4503-8.zip,202602101146,天塩郡遠別町,地区外-226396,,
01486-4503-8.zip,202602101146,天塩郡遠別町,地区外-226397,,
01486-4503-8.zip,202602101146,天塩郡遠別町,地区外-226398,,
01486-4503-8.zip,202602101146,天塩郡遠別町,地区外-226399,,
01486-4503-8.zip,202602101146,天塩郡遠別町,地区外-226400,,
01486-4503-8.zip,202602101146,天塩郡遠別町字清川,道-10-1,,
01486-4503-8.zip,202602101146,天塩郡遠別町字清川,545-1,,
01486-4503-8.zip,202602101146,天塩郡遠別町字清川,道-7-1,,
01486-4503-8.zip,202602101146,天塩郡遠別町字清川,1281,,
01486-4503-8.zip,202602101146,天塩郡遠別町字清川,1280,,
01486-4503-8.zip,202602101146,天塩郡遠別町字清川,482-1,,
01486-4503-8.zip,202602101146,天塩郡遠別町字清川,502-1,,
01486-4503-8.zip,202602101146,天塩郡遠別町字清川,道-6-1,,
01486-4503-8.zip,202602101146,天塩郡遠別町字清川,601-1,,
01486-4503-8.zip,202602101146,天塩郡遠別町字清川,道-5,,
01486-4503-9.zip,202602101146,天塩郡遠別町字本町５丁目,2-62,,
01486-4503-9.zip,202602101146,天塩郡遠別町字北浜,407-2,,
01486-4503-9.zip,202602101146,天塩郡遠別町字北浜,406-3,,
01486-4503-9.zip,202602101146,天塩郡遠別町字北浜,4-4,,
01486-4503-9.zip,202602101146,天塩郡遠別町字北浜,3-5,,
01486-4503-9.zip,202602101146,天塩郡遠別町字北浜,2-6,,
01486-4503-9.zip,202602101146,天塩郡遠別町字北浜,1-4,,
01486-4503-9.zip,202602101146,天塩郡遠別町字北浜,78-12,,
01486-4503-9.zip,202602101146,天塩郡遠別町,地区外-229297,,
01486-4503-9.zip,202602101146,天塩郡遠別町字本町１丁目,水-1,,
01486-4503-9.zip,202602101146,天塩郡遠別町字本町１丁目,道-1,,
01486-4503-9.zip,202602101146,天塩郡遠別町字本町１丁目,10,,
01486-4503-9.zip,202602101146,天塩郡遠別町字本町１丁目,道-2,,
01486-4503-9.zip,202602101146,天塩郡遠別町字本町１丁目,6-4,,
01486-4503-9.zip,202602101146,天塩郡遠別町字本町１丁目,6-11,,
01486-4503-9.zip,202602101146,天塩郡遠別町字本町１丁目,6-17,,
01486-4503-9.zip,202602101146,天塩郡遠別町字本町１丁目,6-10,,
01486-4503-9.zip,202602101146,天塩郡遠別町字本町１丁目,6-9,,
01486-4503-9.zip,202602101146,天塩郡遠別町字本町１丁目,6-7,,
01486-4503-9.zip,202602101146,天塩郡遠別町字本町１丁目,6-8,,
01486-4503-9.zip,202602101146,天塩郡遠別町字本町１丁目,6-5,,
01486-4503-9.zip,202602101146,天塩郡遠別町字本町１丁目,6-6,,
01486-4503-9.zip,202602101146,天塩郡遠別町字本町１丁目,6-1,,
01486-4503-9.zip,202602101146,天塩郡遠別町字本町１丁目,道-3,,
01486-4503-9.zip,202602101146,天塩郡遠別町,地区外-229313,,
01486-4503-9.zip,202602101146,天塩郡遠別町字本町１丁目,1-7,,
01486-4503-9.zip,202602101146,天塩郡遠別町字本町１丁目,道-4,,
01486-4503-9.zip,202602101146,天塩郡遠別町字本町２丁目,11,,
01486-4503-9.zip,202602101146,天塩郡遠別町字本町２丁目,21-1,,
01486-4503-9.zip,202602101146,天塩郡遠別町字本町２丁目,道-5,,
01486-4503-9.zip,202602101146,天塩郡遠別町字本町２丁目,30,,
01486-4503-9.zip,202602101146,天塩郡遠別町字本町２丁目,40,,
01486-4503-9.zip,202602101146,天塩郡遠別町字本町２丁目,道-6,,
01486-4503-9.zip,202602101146,天塩郡遠別町字本町２丁目,16,,
01486-4503-9.zip,202602101146,天塩郡遠別町字本町２丁目,17,,
01486-4503-9.zip,202602101146,天塩郡遠別町字本町２丁目,26,,
01486-4503-9.zip,202602101146,天塩郡遠別町字本町２丁目,25,,
01486-4503-9.zip,202602101146,天塩郡遠別町字本町２丁目,15,,
01486-4503-9.zip,202602101146,天塩郡遠別町字本町２丁目,24,,
01486-4503-9.zip,202602101146,天塩郡遠別町字本町２丁目,14,,
01486-4503-9.zip,202602101146,天塩郡遠別町字本町２丁目,23,,
01486-4503-9.zip,202602101146,天塩郡遠別町字本町２丁目,13,,
01486-4503-9.zip,202602101146,天塩郡遠別町字本町２丁目,22,,
01486-4503-9.zip,202602101146,天塩郡遠別町字本町２丁目,12,,
01486-4503-9.zip,202602101146,天塩郡遠別町字本町２丁目,21-2,,
01486-4503-9.zip,202602101146,天塩郡遠別町字本町２丁目,35,,
01486-4503-9.zip,202602101146,天塩郡遠別町字本町２丁目,34,,
01486-4503-9.zip,202602101146,天塩郡遠別町字本町２丁目,45-1,,
01486-4503-9.zip,202602101146,天塩郡遠別町字本町２丁目,44,,
01486-4503-9.zip,202602101146,天塩郡遠別町字本町２丁目,43,,
01486-4503-9.zip,202602101146,天塩郡遠別町字本町２丁目,33,,
01486-4503-9.zip,202602101146,天塩郡遠別町字本町２丁目,32,,
01486-4503-9.zip,202602101146,天塩郡遠別町字本町２丁目,42,,
01486-4503-9.zip,202602101146,天塩郡遠別町字本町２丁目,31,,
01486-4503-9.zip,202602101146,天塩郡遠別町字本町２丁目,41,,
01486-4503-9.zip,202602101146,天塩郡遠別町,地区外-229344,,
01486-4503-9.zip,202602101146,天塩郡遠別町字本町１丁目,2-4,,
01486-4503-9.zip,202602101146,天塩郡遠別町字本町１丁目,2-5,,
01486-4503-9.zip,202602101146,天塩郡遠別町字本町１丁目,2-8,,
01486-4503-9.zip,202602101146,天塩郡遠別町字本町１丁目,2-7,,
01486-4503-9.zip,202602101146,天塩郡遠別町字本町１丁目,2-1,,
01486-4503-9.zip,202602101146,天塩郡遠別町字本町１丁目,1-1,,
01486-4503-9.zip,202602101146,天塩郡遠別町字本町１丁目,1-3,,
01486-4503-9.zip,202602101146,天塩郡遠別町字本町１丁目,1-10,,
01486-4503-9.zip,202602101146,天塩郡遠別町字本町１丁目,1-11,,
01486-4503-9.zip,202602101146,天塩郡遠別町字本町１丁目,1-4,,
01486-4503-9.zip,202602101146,天塩郡遠別町字本町１丁目,1-5,,
01486-4503-9.zip,202602101146,天塩郡遠別町字本町１丁目,1-6,,
01486-4503-9.zip,202602101146,天塩郡遠別町字本町１丁目,1-2,,
01486-4503-9.zip,202602101146,天塩郡遠別町字本町１丁目,2-2,,
01486-4503-9.zip,202602101146,天塩郡遠別町字本町１丁目,2-3,,
01486-4503-9.zip,202602101146,天塩郡遠別町字本町３丁目,74,,
01486-4503-9.zip,202602101146,天塩郡遠別町字本町３丁目,75,,
01486-4503-9.zip,202602101146,天塩郡遠別町字本町３丁目,道-7,,
01486-4503-9.zip,202602101146,天塩郡遠別町字本町３丁目,73,,
01486-4503-9.zip,202602101146,天塩郡遠別町字本町３丁目,72,,
01486-4503-9.zip,202602101146,天塩郡遠別町字本町３丁目,71,,
01486-4503-9.zip,202602101146,天塩郡遠別町字本町３丁目,70-2,,
01486-4503-9.zip,202602101146,天塩郡遠別町字本町３丁目,70-1,,
01486-4503-9.zip,202602101146,天塩郡遠別町字本町３丁目,70-3,,
01486-4503-9.zip,202602101146,天塩郡遠別町字本町３丁目,69-3,,
01486-4503-9.zip,202602101146,天塩郡遠別町字本町３丁目,69-2,,
01486-4503-9.zip,202602101146,天塩郡遠別町,地区外-229371,,
01486-4503-9.zip,202602101146,天塩郡遠別町字本町３丁目,77-1,,
01486-4503-9.zip,202602101146,天塩郡遠別町字本町３丁目,77-4,,
01486-4503-9.zip,202602101146,天塩郡遠別町字本町３丁目,77-6,,
01486-4503-9.zip,202602101146,天塩郡遠別町字本町３丁目,81-1,,
01486-4503-9.zip,202602101146,天塩郡遠別町字本町３丁目,82-2,,
01486-4503-9.zip,202602101146,天塩郡遠別町字本町３丁目,82-3,,
01486-4503-9.zip,202602101146,天塩郡遠別町字本町３丁目,82-12,,
01486-4503-9.zip,202602101146,天塩郡遠別町字本町３丁目,82-13,,
01486-4503-9.zip,202602101146,天塩郡遠別町字本町３丁目,83,,
01486-4503-9.zip,202602101146,天塩郡遠別町字本町３丁目,道-9,,
01486-4503-9.zip,202602101146,天塩郡遠別町字本町３丁目,77-2,,
01486-4503-9.zip,202602101146,天塩郡遠別町字本町３丁目,77-3,,
01486-4503-9.zip,202602101146,天塩郡遠別町字本町３丁目,78-3,,
01486-4503-9.zip,202602101146,天塩郡遠別町字本町３丁目,77-7,,
01486-4503-9.zip,202602101146,天塩郡遠別町字本町３丁目,79,,
01486-4503-9.zip,202602101146,天塩郡遠別町字本町３丁目,81-4,,
01486-4503-9.zip,202602101146,天塩郡遠別町字本町３丁目,82-7,,
01486-4503-9.zip,202602101146,天塩郡遠別町字本町３丁目,82-8,,
01486-4503-9.zip,202602101146,天塩郡遠別町字本町３丁目,82-6,,
01486-4503-9.zip,202602101146,天塩郡遠別町字本町３丁目,82-5,,
01486-4503-9.zip,202602101146,天塩郡遠別町字本町３丁目,82-4,,
01486-4503-9.zip,202602101146,天塩郡遠別町字本町３丁目,82-14,,
01486-4503-9.zip,202602101146,天塩郡遠別町字本町３丁目,82-15,,
01486-4503-9.zip,202602101146,天塩郡遠別町字本町３丁目,82-16,,
01486-4503-9.zip,202602101146,天塩郡遠別町字本町３丁目,86-3,,
01486-4503-9.zip,202602101146,天塩郡遠別町字本町３丁目,27,,
01486-4503-9.zip,202602101146,天塩郡遠別町字本町３丁目,道-10,,
01486-4503-9.zip,202602101146,天塩郡遠別町字本町３丁目,26,,
01486-4503-9.zip,202602101146,天塩郡遠別町字本町３丁目,25,,
01486-4503-9.zip,202602101146,天塩郡遠別町字本町３丁目,23,,
01486-4503-9.zip,202602101146,天塩郡遠別町字本町３丁目,22,,
01486-4503-9.zip,202602101146,天塩郡遠別町字本町３丁目,37,,
01486-4503-9.zip,202602101146,天塩郡遠別町字本町３丁目,36,,
01486-4503-9.zip,202602101146,天塩郡遠別町字本町３丁目,41,,
01486-4503-9.zip,202602101146,天塩郡遠別町字本町３丁目,道-11,,
01486-4503-9.zip,202602101146,天塩郡遠別町字本町３丁目,40,,
01486-4503-9.zip,202602101146,天塩郡遠別町字本町３丁目,35,,
01486-4503-9.zip,202602101146,天塩郡遠別町字本町３丁目,34,,
01486-4503-9.zip,202602101146,天塩郡遠別町字本町３丁目,39-2,,
01486-4503-9.zip,202602101146,天塩郡遠別町字本町３丁目,33-1,,
01486-4503-9.zip,202602101146,天塩郡遠別町字本町３丁目,32,,
01486-4503-9.zip,202602101146,天塩郡遠別町字本町３丁目,38-2,,
01486-4503-9.zip,202602101146,天塩郡遠別町字本町３丁目,39-1,,
01486-4503-9.zip,202602101146,天塩郡遠別町字本町３丁目,38-1,,
01486-4503-9.zip,202602101146,天塩郡遠別町,地区外-229421,,
01486-4503-9.zip,202602101146,天塩郡遠別町字本町３丁目,46-1,,
01486-4503-9.zip,202602101146,天塩郡遠別町字本町３丁目,46-2,,
01486-4503-9.zip,202602101146,天塩郡遠別町字本町３丁目,54-2,,
01486-4503-9.zip,202602101146,天塩郡遠別町字本町３丁目,54-1,,
01486-4503-9.zip,202602101146,天塩郡遠別町字本町３丁目,道-13,,
01486-4503-9.zip,202602101146,天塩郡遠別町字本町３丁目,61,,
01486-4503-9.zip,202602101146,天塩郡遠別町字本町３丁目,69-1,,
01486-4503-9.zip,202602101146,天塩郡遠別町字本町３丁目,47-1,,
01486-4503-9.zip,202602101146,天塩郡遠別町字本町３丁目,48,,
01486-4503-9.zip,202602101146,天塩郡遠別町字本町３丁目,49,,
01486-4503-9.zip,202602101146,天塩郡遠別町字本町３丁目,51-3,,
01486-4503-9.zip,202602101146,天塩郡遠別町字本町３丁目,51-7,,
01486-4503-9.zip,202602101146,天塩郡遠別町字本町３丁目,51-5,,
01486-4503-9.zip,202602101146,天塩郡遠別町字本町３丁目,51-6,,
01486-4503-9.zip,202602101146,天塩郡遠別町字本町３丁目,51-4,,
01486-4503-9.zip,202602101146,天塩郡遠別町字本町３丁目,60,,
01486-4503-9.zip,202602101146,天塩郡遠別町字本町３丁目,59,,
01486-4503-9.zip,202602101146,天塩郡遠別町字本町３丁目,58,,
01486-4503-9.zip,202602101146,天塩郡遠別町字本町３丁目,67,,
01486-4503-9.zip,202602101146,天塩郡遠別町字本町３丁目,65,,
01486-4503-9.zip,202602101146,天塩郡遠別町字本町３丁目,64,,
01486-4503-9.zip,202602101146,天塩郡遠別町字本町３丁目,63,,
01486-4503-9.zip,202602101146,天塩郡遠別町字本町３丁目,62,,
01486-4503-9.zip,202602101146,天塩郡遠別町字本町２丁目,50-1,,
01486-4503-9.zip,202602101146,天塩郡遠別町字本町２丁目,49-2,,
01486-4503-9.zip,202602101146,天塩郡遠別町字本町２丁目,49-1,,
01486-4503-9.zip,202602101146,天塩郡遠別町字本町２丁目,47,,
01486-4503-9.zip,202602101146,天塩郡遠別町字本町２丁目,46,,
01486-4503-9.zip,202602101146,天塩郡遠別町字本町２丁目,45-2,,
01486-4503-9.zip,202602101146,天塩郡遠別町字本町２丁目,29,,
01486-4503-9.zip,202602101146,天塩郡遠別町字本町２丁目,28,,
01486-4503-9.zip,202602101146,天塩郡遠別町字本町２丁目,27,,
01486-4503-9.zip,202602101146,天塩郡遠別町字本町２丁目,18-2,,
01486-4503-9.zip,202602101146,天塩郡遠別町字本町２丁目,39-2,,
01486-4503-9.zip,202602101146,天塩郡遠別町字本町２丁目,50-2,,
01486-4503-9.zip,202602101146,天塩郡遠別町字本町２丁目,36,,
01486-4503-9.zip,202602101146,天塩郡遠別町字本町２丁目,38-2,,
01486-4503-9.zip,202602101146,天塩郡遠別町字本町２丁目,49-3,,
01486-4503-9.zip,202602101146,天塩郡遠別町字本町３丁目,87-1,,
01486-4503-9.zip,202602101146,天塩郡遠別町字本町４丁目,道-14,,
01486-4503-9.zip,202602101146,天塩郡遠別町字本町４丁目,道-15,,
01486-4503-9.zip,202602101146,天塩郡遠別町字本町４丁目,91-17,,
01486-4503-9.zip,202602101146,天塩郡遠別町字本町４丁目,91-11,,
01486-4503-9.zip,202602101146,天塩郡遠別町字本町４丁目,91-16,,
01486-4503-9.zip,202602101146,天塩郡遠別町字本町４丁目,91-27,,
01486-4503-9.zip,202602101146,天塩郡遠別町字本町４丁目,91-10,,
01486-4503-9.zip,202602101146,天塩郡遠別町字本町４丁目,91-1,,
01486-4503-9.zip,202602101146,天塩郡遠別町字本町４丁目,91-9,,
01486-4503-9.zip,202602101146,天塩郡遠別町字本町４丁目,91-8,,
01486-4503-9.zip,202602101146,天塩郡遠別町字本町４丁目,91-7,,
01486-4503-9.zip,202602101146,天塩郡遠別町,地区外-229475,,
01486-4503-9.zip,202602101146,天塩郡遠別町字本町４丁目,91-19,,
01486-4503-9.zip,202602101146,天塩郡遠別町字本町４丁目,91-13,,
01486-4503-9.zip,202602101146,天塩郡遠別町字本町４丁目,91-26,,
01486-4503-9.zip,202602101146,天塩郡遠別町字本町４丁目,91-3,,
01486-4503-9.zip,202602101146,天塩郡遠別町字本町４丁目,91-22,,
01486-4503-9.zip,202602101146,天塩郡遠別町字本町４丁目,道-16,,
01486-4503-9.zip,202602101146,天塩郡遠別町字本町４丁目,91-24,,
01486-4503-9.zip,202602101146,天塩郡遠別町字本町４丁目,91-21,,
01486-4503-9.zip,202602101146,天塩郡遠別町字本町４丁目,91-5,,
01486-4503-9.zip,202602101146,天塩郡遠別町字本町４丁目,91-4,,
01486-4503-9.zip,202602101146,天塩郡遠別町字本町５丁目,道-17,,
01486-4503-9.zip,202602101146,天塩郡遠別町,地区外-229488,,
01486-4503-9.zip,202602101146,天塩郡遠別町字本町５丁目,15-1,,
01486-4503-9.zip,202602101146,天塩郡遠別町字本町５丁目,14-1,,
01486-4503-9.zip,202602101146,天塩郡遠別町字本町５丁目,16-1,,
01486-4503-9.zip,202602101146,天塩郡遠別町字本町５丁目,17-1,,
01486-4503-9.zip,202602101146,天塩郡遠別町字本町５丁目,17-3,,
01486-4503-9.zip,202602101146,天塩郡遠別町字本町５丁目,17-4,,
01486-4503-9.zip,202602101146,天塩郡遠別町字本町５丁目,19-1,,
01486-4503-9.zip,202602101146,天塩郡遠別町字本町５丁目,18-1,,
01486-4503-9.zip,202602101146,天塩郡遠別町字本町５丁目,17-8,,
01486-4503-9.zip,202602101146,天塩郡遠別町字本町５丁目,17-6,,
01486-4503-9.zip,202602101146,天塩郡遠別町字本町５丁目,17-7,,
01486-4503-9.zip,202602101146,天塩郡遠別町字本町５丁目,17-5,,
01486-4503-9.zip,202602101146,天塩郡遠別町字本町５丁目,17-9,,
01486-4503-9.zip,202602101146,天塩郡遠別町字本町５丁目,18-3,,
01486-4503-9.zip,202602101146,天塩郡遠別町字本町５丁目,19-3,,
01486-4503-9.zip,202602101146,天塩郡遠別町字本町４丁目,道-19,,
01486-4503-9.zip,202602101146,天塩郡遠別町字本町４丁目,80-1,,
01486-4503-9.zip,202602101146,天塩郡遠別町字本町４丁目,80-7,,
01486-4503-9.zip,202602101146,天塩郡遠別町字本町４丁目,80-8,,
01486-4503-9.zip,202602101146,天塩郡遠別町字本町４丁目,80-5,,
01486-4503-9.zip,202602101146,天塩郡遠別町字本町４丁目,80-11,,
01486-4503-9.zip,202602101146,天塩郡遠別町字本町４丁目,80-6,,
01486-4503-9.zip,202602101146,天塩郡遠別町字本町４丁目,80-10,,
01486-4503-9.zip,202602101146,天塩郡遠別町字本町４丁目,80-2,,
01486-4503-9.zip,202602101146,天塩郡遠別町字本町４丁目,80-3,,
01486-4503-9.zip,202602101146,天塩郡遠別町字本町４丁目,81,,
01486-4503-9.zip,202602101146,天塩郡遠別町字本町４丁目,80-4,,
01486-4503-9.zip,202602101146,天塩郡遠別町字本町４丁目,80-9,,
01486-4503-9.zip,202602101146,天塩郡遠別町字本町４丁目,82-2,,
01486-4503-9.zip,202602101146,天塩郡遠別町字本町４丁目,82-3,,
01486-4503-9.zip,202602101146,天塩郡遠別町字本町４丁目,道-21,,
01486-4503-9.zip,202602101146,天塩郡遠別町字本町４丁目,82-11,,
01486-4503-9.zip,202602101146,天塩郡遠別町字本町４丁目,82-12,,
01486-4503-9.zip,202602101146,天塩郡遠別町字本町４丁目,82-8,,
01486-4503-9.zip,202602101146,天塩郡遠別町字本町４丁目,82-7,,
01486-4503-9.zip,202602101146,天塩郡遠別町字本町４丁目,82-6,,
01486-4503-9.zip,202602101146,天塩郡遠別町字本町４丁目,82-5,,
01486-4503-9.zip,202602101146,天塩郡遠別町字本町４丁目,82-4,,
01486-4503-9.zip,202602101146,天塩郡遠別町字本町４丁目,82-21,,
01486-4503-9.zip,202602101146,天塩郡遠別町字本町４丁目,82-20,,
01486-4503-9.zip,202602101146,天塩郡遠別町字本町４丁目,82-18,,
01486-4503-9.zip,202602101146,天塩郡遠別町字本町４丁目,82-17,,
01486-4503-9.zip,202602101146,天塩郡遠別町字本町４丁目,82-16,,
01486-4503-9.zip,202602101146,天塩郡遠別町字本町４丁目,82-15,,
01486-4503-9.zip,202602101146,天塩郡遠別町字本町４丁目,82-14,,
01486-4503-9.zip,202602101146,天塩郡遠別町字本町３丁目,68,,
01486-4503-9.zip,202602101146,天塩郡遠別町字本町３丁目,80-1,,
01486-4503-9.zip,202602101146,天塩郡遠別町字本町３丁目,80-2,,
01486-4503-9.zip,202602101146,天塩郡遠別町字本町３丁目,80-3,,
01486-4503-9.zip,202602101146,天塩郡遠別町字本町３丁目,81-3,,
01486-4503-9.zip,202602101146,天塩郡遠別町字本町３丁目,81-2,,
01486-4503-9.zip,202602101146,天塩郡遠別町字本町３丁目,82-10,,
01486-4503-9.zip,202602101146,天塩郡遠別町字本町３丁目,82-23,,
01486-4503-9.zip,202602101146,天塩郡遠別町字本町３丁目,82-21,,
01486-4503-9.zip,202602101146,天塩郡遠別町字本町３丁目,82-22,,
01486-4503-9.zip,202602101146,天塩郡遠別町,地区外-229548,,
01486-4503-9.zip,202602101146,天塩郡遠別町字本町３丁目,82-20,,
01486-4503-9.zip,202602101146,天塩郡遠別町字本町３丁目,82-19,,
01486-4503-9.zip,202602101146,天塩郡遠別町字本町３丁目,82-18,,
01486-4503-9.zip,202602101146,天塩郡遠別町字本町３丁目,82-24,,
01486-4503-9.zip,202602101146,天塩郡遠別町字本町３丁目,82-11,,
01486-4503-9.zip,202602101146,天塩郡遠別町字本町３丁目,82-9,,
01486-4503-9.zip,202602101146,天塩郡遠別町字本町３丁目,76,,
01486-4503-9.zip,202602101146,天塩郡遠別町字本町４丁目,道-23,,
01486-4503-9.zip,202602101146,天塩郡遠別町字本町４丁目,41,,
01486-4503-9.zip,202602101146,天塩郡遠別町字本町４丁目,48,,
01486-4503-9.zip,202602101146,天塩郡遠別町字本町４丁目,道-24,,
01486-4503-9.zip,202602101146,天塩郡遠別町字本町４丁目,47,,
01486-4503-9.zip,202602101146,天塩郡遠別町字本町４丁目,46,,
01486-4503-9.zip,202602101146,天塩郡遠別町字本町４丁目,45,,
01486-4503-9.zip,202602101146,天塩郡遠別町字本町４丁目,43,,
01486-4503-9.zip,202602101146,天塩郡遠別町字本町４丁目,42,,
01486-4503-9.zip,202602101146,天塩郡遠別町字本町３丁目,道-25,,
01486-4503-9.zip,202602101146,天塩郡遠別町字本町４丁目,22,,
01486-4503-9.zip,202602101146,天塩郡遠別町字本町４丁目,23,,
01486-4503-9.zip,202602101146,天塩郡遠別町字本町４丁目,24,,
01486-4503-9.zip,202602101146,天塩郡遠別町字本町４丁目,25,,
01486-4503-9.zip,202602101146,天塩郡遠別町字本町４丁目,27,,
01486-4503-9.zip,202602101146,天塩郡遠別町字本町４丁目,28,,
01486-4503-9.zip,202602101146,天塩郡遠別町字本町４丁目,29,,
01486-4503-9.zip,202602101146,天塩郡遠別町字本町４丁目,30,,
01486-4503-9.zip,202602101146,天塩郡遠別町字本町４丁目,40,,
01486-4503-9.zip,202602101146,天塩郡遠別町字本町４丁目,39,,
01486-4503-9.zip,202602101146,天塩郡遠別町字本町４丁目,38,,
01486-4503-9.zip,202602101146,天塩郡遠別町字本町４丁目,36,,
01486-4503-9.zip,202602101146,天塩郡遠別町字本町４丁目,35,,
01486-4503-9.zip,202602101146,天塩郡遠別町字本町４丁目,34,,
01486-4503-9.zip,202602101146,天塩郡遠別町字本町４丁目,33,,
01486-4503-9.zip,202602101146,天塩郡遠別町字本町４丁目,32,,
01486-4503-9.zip,202602101146,天塩郡遠別町字本町４丁目,54,,
01486-4503-9.zip,202602101146,天塩郡遠別町字本町４丁目,53,,
01486-4503-9.zip,202602101146,天塩郡遠別町字本町４丁目,52,,
01486-4503-9.zip,202602101146,天塩郡遠別町字本町４丁目,51,,
01486-4503-9.zip,202602101146,天塩郡遠別町字本町４丁目,50-2,,
01486-4503-9.zip,202602101146,天塩郡遠別町字本町４丁目,49-2,,
01486-4503-9.zip,202602101146,天塩郡遠別町字本町４丁目,49-1,,
01486-4503-9.zip,202602101146,天塩郡遠別町字本町４丁目,59,,
01486-4503-9.zip,202602101146,天塩郡遠別町字本町４丁目,58,,
01486-4503-9.zip,202602101146,天塩郡遠別町字本町４丁目,57,,
01486-4503-9.zip,202602101146,天塩郡遠別町字本町４丁目,56,,
01486-4503-9.zip,202602101146,天塩郡遠別町字本町４丁目,55,,
01486-4503-9.zip,202602101146,天塩郡遠別町字本町４丁目,50-1,,
01486-4503-9.zip,202602101146,天塩郡遠別町字本町４丁目,50-3,,
01486-4503-9.zip,202602101146,天塩郡遠別町字本町４丁目,50-5,,
01486-4503-9.zip,202602101146,天塩郡遠別町字本町４丁目,道-26,,
01486-4503-9.zip,202602101146,天塩郡遠別町字本町４丁目,50-4,,
01486-4503-9.zip,202602101146,天塩郡遠別町字本町４丁目,69,,
01486-4503-9.zip,202602101146,天塩郡遠別町字本町４丁目,68,,
01486-4503-9.zip,202602101146,天塩郡遠別町字本町４丁目,67,,
01486-4503-9.zip,202602101146,天塩郡遠別町字本町４丁目,66,,
01486-4503-9.zip,202602101146,天塩郡遠別町字本町４丁目,65,,
01486-4503-9.zip,202602101146,天塩郡遠別町字本町４丁目,64,,
01486-4503-9.zip,202602101146,天塩郡遠別町字本町４丁目,63,,
01486-4503-9.zip,202602101146,天塩郡遠別町字本町４丁目,62,,
01486-4503-9.zip,202602101146,天塩郡遠別町字本町４丁目,61,,
01486-4503-9.zip,202602101146,天塩郡遠別町字本町４丁目,60,,
01486-4503-9.zip,202602101146,天塩郡遠別町字本町４丁目,79,,
01486-4503-9.zip,202602101146,天塩郡遠別町字本町４丁目,78,,
01486-4503-9.zip,202602101146,天塩郡遠別町字本町４丁目,77,,
01486-4503-9.zip,202602101146,天塩郡遠別町字本町４丁目,76,,
01486-4503-9.zip,202602101146,天塩郡遠別町字本町４丁目,75,,
01486-4503-9.zip,202602101146,天塩郡遠別町字本町４丁目,74-1,,
01486-4503-9.zip,202602101146,天塩郡遠別町字本町４丁目,73-2,,
01486-4503-9.zip,202602101146,天塩郡遠別町字本町４丁目,74-2,,
01486-4503-9.zip,202602101146,天塩郡遠別町字本町４丁目,73-1,,
01486-4503-9.zip,202602101146,天塩郡遠別町字本町５丁目,道-27,,
01486-4503-9.zip,202602101146,天塩郡遠別町字本町５丁目,2-47,,
01486-4503-9.zip,202602101146,天塩郡遠別町字本町３丁目,53,,
01486-4503-9.zip,202602101146,天塩郡遠別町字本町３丁目,52-1,,
01486-4503-9.zip,202602101146,天塩郡遠別町字本町３丁目,52-2,,
01486-4503-9.zip,202602101146,天塩郡遠別町字本町３丁目,51-8,,
01486-4503-9.zip,202602101146,天塩郡遠別町字本町３丁目,51-9,,
01486-4503-9.zip,202602101146,天塩郡遠別町字本町３丁目,51-1,,
01486-4503-9.zip,202602101146,天塩郡遠別町字本町５丁目,8-10,,
01486-4503-9.zip,202602101146,天塩郡遠別町字本町５丁目,10-4,,
01486-4503-9.zip,202602101146,天塩郡遠別町字本町５丁目,8-9,,
01486-4503-9.zip,202602101146,天塩郡遠別町字本町５丁目,8-8,,
01486-4503-9.zip,202602101146,天塩郡遠別町字本町５丁目,8-7,,
01486-4503-9.zip,202602101146,天塩郡遠別町字本町５丁目,8-6,,
01486-4503-9.zip,202602101146,天塩郡遠別町字本町５丁目,8-5,,
01486-4503-9.zip,202602101146,天塩郡遠別町字本町５丁目,8-4,,
01486-4503-9.zip,202602101146,天塩郡遠別町字本町５丁目,8-3,,
01486-4503-9.zip,202602101146,天塩郡遠別町字本町５丁目,8-1,,
01486-4503-9.zip,202602101146,天塩郡遠別町字本町５丁目,10-7,,
01486-4503-9.zip,202602101146,天塩郡遠別町字本町５丁目,11-1,,
01486-4503-9.zip,202602101146,天塩郡遠別町字本町５丁目,13-1,,
01486-4503-9.zip,202602101146,天塩郡遠別町字本町５丁目,11-3,,
01486-4503-9.zip,202602101146,天塩郡遠別町字本町５丁目,11-2,,
01486-4503-9.zip,202602101146,天塩郡遠別町字本町４丁目,82-9,,
01486-4503-9.zip,202602101146,天塩郡遠別町字本町４丁目,82-10,,
01486-4503-9.zip,202602101146,天塩郡遠別町字本町４丁目,82-23,,
01486-4503-9.zip,202602101146,天塩郡遠別町字本町４丁目,82-22,,
01486-4503-9.zip,202602101146,天塩郡遠別町字本町４丁目,82-19,,
01486-4503-9.zip,202602101146,天塩郡遠別町字本町４丁目,84-2,,
01486-4503-9.zip,202602101146,天塩郡遠別町字本町５丁目,5-21,,
01486-4503-9.zip,202602101146,天塩郡遠別町字本町５丁目,2-33,,
01486-4503-9.zip,202602101146,天塩郡遠別町字本町５丁目,2-48,,
01486-4503-9.zip,202602101146,天塩郡遠別町字本町５丁目,2-42,,
01486-4503-9.zip,202602101146,天塩郡遠別町字本町５丁目,2-8,,
01486-4503-9.zip,202602101146,天塩郡遠別町字本町５丁目,2-51,,
01486-4503-9.zip,202602101146,天塩郡遠別町字本町５丁目,2-60,,
01486-4503-9.zip,202602101146,天塩郡遠別町字本町５丁目,2-43,,
01486-4503-9.zip,202602101146,天塩郡遠別町字本町５丁目,道-28,,
01486-4503-9.zip,202602101146,天塩郡遠別町字本町５丁目,2-53,,
01486-4503-9.zip,202602101146,天塩郡遠別町字本町５丁目,2-54,,
01486-4503-9.zip,202602101146,天塩郡遠別町字本町５丁目,2-4,,
01486-4503-9.zip,202602101146,天塩郡遠別町字本町５丁目,2-41,,
01486-4503-9.zip,202602101146,天塩郡遠別町字本町５丁目,5-1,,
01486-4503-9.zip,202602101146,天塩郡遠別町字本町５丁目,5-24,,
01486-4503-9.zip,202602101146,天塩郡遠別町字本町５丁目,5-2,,
01486-4503-9.zip,202602101146,天塩郡遠別町字本町５丁目,5-3,,
01486-4503-9.zip,202602101146,天塩郡遠別町字本町５丁目,5-6,,
01486-4503-9.zip,202602101146,天塩郡遠別町字本町５丁目,5-4,,
01486-4503-9.zip,202602101146,天塩郡遠別町字本町５丁目,道-29,,
01486-4503-9.zip,202602101146,天塩郡遠別町字本町５丁目,7-1,,
01486-4503-9.zip,202602101146,天塩郡遠別町字本町５丁目,7-23,,
01486-4503-9.zip,202602101146,天塩郡遠別町字本町５丁目,7-2,,
01486-4503-9.zip,202602101146,天塩郡遠別町字本町５丁目,道-30,,
01486-4503-9.zip,202602101146,天塩郡遠別町字本町５丁目,5-5,,
01486-4503-9.zip,202602101146,天塩郡遠別町字本町５丁目,7-22,,
01486-4503-9.zip,202602101146,天塩郡遠別町字本町５丁目,7-4,,
01486-4503-9.zip,202602101146,天塩郡遠別町字本町５丁目,7-5,,
01486-4503-9.zip,202602101146,天塩郡遠別町字本町５丁目,7-3,,
01486-4503-9.zip,202602101146,天塩郡遠別町字本町５丁目,7-7,,
01486-4503-9.zip,202602101146,天塩郡遠別町字本町５丁目,7-6,,
01486-4503-9.zip,202602101146,天塩郡遠別町字本町５丁目,7-9,,
01486-4503-9.zip,202602101146,天塩郡遠別町字本町５丁目,7-8,,
01486-4503-9.zip,202602101146,天塩郡遠別町字本町５丁目,7-10,,
01486-4503-9.zip,202602101146,天塩郡遠別町字本町５丁目,7-11,,
01486-4503-9.zip,202602101146,天塩郡遠別町字本町５丁目,7-12,,
01486-4503-9.zip,202602101146,天塩郡遠別町字本町５丁目,7-13,,
01486-4503-9.zip,202602101146,天塩郡遠別町字本町５丁目,7-14,,
01486-4503-9.zip,202602101146,天塩郡遠別町字本町５丁目,7-15,,
01486-4503-9.zip,202602101146,天塩郡遠別町字本町５丁目,7-18,,
01486-4503-9.zip,202602101146,天塩郡遠別町字本町５丁目,7-16,,
01486-4503-9.zip,202602101146,天塩郡遠別町字本町５丁目,7-17,,
01486-4503-9.zip,202602101146,天塩郡遠別町字本町５丁目,5-8,,
01486-4503-9.zip,202602101146,天塩郡遠別町字本町５丁目,5-9,,
01486-4503-9.zip,202602101146,天塩郡遠別町字本町５丁目,5-12,,
01486-4503-9.zip,202602101146,天塩郡遠別町字本町５丁目,5-13,,
01486-4503-9.zip,202602101146,天塩郡遠別町字本町５丁目,5-16,,
01486-4503-9.zip,202602101146,天塩郡遠別町字本町５丁目,5-17,,
01486-4503-9.zip,202602101146,天塩郡遠別町字本町５丁目,5-20,,
01486-4503-9.zip,202602101146,天塩郡遠別町字本町５丁目,5-7,,
01486-4503-9.zip,202602101146,天塩郡遠別町字本町５丁目,5-10,,
01486-4503-9.zip,202602101146,天塩郡遠別町字本町５丁目,5-11,,
01486-4503-9.zip,202602101146,天塩郡遠別町字本町５丁目,5-14,,
01486-4503-9.zip,202602101146,天塩郡遠別町字本町５丁目,5-15,,
01486-4503-9.zip,202602101146,天塩郡遠別町字本町５丁目,5-18,,
01486-4503-9.zip,202602101146,天塩郡遠別町字本町５丁目,5-19,,
01486-4503-9.zip,202602101146,天塩郡遠別町字本町５丁目,2-36,,
01486-4503-9.zip,202602101146,天塩郡遠別町字本町５丁目,2-40,,
01486-4503-9.zip,202602101146,天塩郡遠別町字本町５丁目,2-39,,
01486-4503-9.zip,202602101146,天塩郡遠別町字本町５丁目,3-54,,
01486-4503-9.zip,202602101146,天塩郡遠別町字本町５丁目,3-38,,
01486-4503-9.zip,202602101146,天塩郡遠別町字本町５丁目,2-2,,
01486-4503-9.zip,202602101146,天塩郡遠別町字本町５丁目,2-25,,
01486-4503-9.zip,202602101146,天塩郡遠別町字本町５丁目,2-24,,
01486-4503-9.zip,202602101146,天塩郡遠別町字本町５丁目,2-52,,
01486-4503-9.zip,202602101146,天塩郡遠別町字本町５丁目,2-56,,
01486-4503-9.zip,202602101146,天塩郡遠別町字本町５丁目,2-44,,
01486-4503-9.zip,202602101146,天塩郡遠別町字本町５丁目,2-61,,
01486-4503-9.zip,202602101146,天塩郡遠別町字本町５丁目,2-3,,
01486-4503-9.zip,202602101146,天塩郡遠別町字本町５丁目,2-55,,
01486-4503-9.zip,202602101146,天塩郡遠別町字本町５丁目,4-1,,
01486-4503-9.zip,202602101146,天塩郡遠別町字本町５丁目,4-3,,
01486-4503-9.zip,202602101146,天塩郡遠別町,地区外-229724,,
01486-4503-9.zip,202602101146,天塩郡遠別町字北浜,409,,
01486-4503-9.zip,202602101146,天塩郡遠別町字北浜,171-2,,
01486-4503-9.zip,202602101146,天塩郡遠別町字北浜,76-16,,
01486-4503-9.zip,202602101146,天塩郡遠別町字北浜,80-144,,
01486-4503-9.zip,202602101146,天塩郡遠別町字北浜,80-145,,
01486-4503-9.zip,202602101146,天塩郡遠別町字北浜,道-32,,
01486-4503-9.zip,202602101146,天塩郡遠別町字北浜,80-143,,
01486-4503-9.zip,202602101146,天塩郡遠別町字北浜,80-146,,
01486-4503-9.zip,202602101146,天塩郡遠別町字北浜,道-33,,
01486-4503-9.zip,202602101146,天塩郡遠別町字北浜,80-151,,
01486-4503-9.zip,202602101146,天塩郡遠別町字北浜,80-150,,
01486-4503-9.zip,202602101146,天塩郡遠別町字北浜,80-149,,
01486-4503-9.zip,202602101146,天塩郡遠別町字北浜,80-148,,
01486-4503-9.zip,202602101146,天塩郡遠別町字北浜,79-5,,
01486-4503-9.zip,202602101146,天塩郡遠別町字北浜,79-6,,
01486-4503-9.zip,202602101146,天塩郡遠別町字北浜,80-152,,
01486-4503-9.zip,202602101146,天塩郡遠別町字北浜,78-6,,
01486-4503-9.zip,202602101146,天塩郡遠別町字北浜,76-7,,
01486-4503-9.zip,202602101146,天塩郡遠別町字北浜,76-6,,
01486-4503-9.zip,202602101146,天塩郡遠別町字北浜,78-3,,
01486-4503-9.zip,202602101146,天塩郡遠別町字北浜,76-11,,
01486-4503-9.zip,202602101146,天塩郡遠別町字北浜,79-11,,
01486-4503-9.zip,202602101146,天塩郡遠別町字北浜,道-35,,
01486-4503-9.zip,202602101146,天塩郡遠別町字北浜,79-13,,
01486-4503-9.zip,202602101146,天塩郡遠別町字北浜,79-14,,
01486-4503-9.zip,202602101146,天塩郡遠別町字北浜,80-205,,
01486-4503-9.zip,202602101146,天塩郡遠別町字北浜,80-62,,
01486-4503-9.zip,202602101146,天塩郡遠別町字北浜,道-36,,
01486-4503-9.zip,202602101146,天塩郡遠別町字北浜,80-74,,
01486-4503-9.zip,202602101146,天塩郡遠別町字北浜,道-37,,
01486-4503-9.zip,202602101146,天塩郡遠別町字北浜,80-153,,
01486-4503-9.zip,202602101146,天塩郡遠別町字北浜,80-154,,
01486-4503-9.zip,202602101146,天塩郡遠別町字北浜,80-155,,
01486-4503-9.zip,202602101146,天塩郡遠別町字北浜,80-72,,
01486-4503-9.zip,202602101146,天塩郡遠別町字北浜,80-71,,
01486-4503-9.zip,202602101146,天塩郡遠別町字北浜,80-70,,
01486-4503-9.zip,202602101146,天塩郡遠別町字北浜,80-156,,
01486-4503-9.zip,202602101146,天塩郡遠別町字北浜,80-157,,
01486-4503-9.zip,202602101146,天塩郡遠別町字北浜,80-73,,
01486-4503-9.zip,202602101146,天塩郡遠別町字北浜,80-206,,
01486-4503-9.zip,202602101146,天塩郡遠別町字北浜,80-207,,
01486-4503-9.zip,202602101146,天塩郡遠別町字北浜,80-194,,
01486-4503-9.zip,202602101146,天塩郡遠別町字北浜,80-61,,
01486-4503-9.zip,202602101146,天塩郡遠別町字北浜,81-4,,
01486-4503-9.zip,202602101146,天塩郡遠別町字北浜,82-3,,
01486-4503-9.zip,202602101146,天塩郡遠別町字北浜,82-2,,
01486-4503-9.zip,202602101146,天塩郡遠別町字北浜,81-3,,
01486-4503-9.zip,202602101146,天塩郡遠別町字北浜,80-60,,
01486-4503-9.zip,202602101146,天塩郡遠別町字本町５丁目,道-38,,
01486-4503-9.zip,202602101146,天塩郡遠別町字本町５丁目,20-5,,
01486-4503-9.zip,202602101146,天塩郡遠別町字本町５丁目,19-5,,
01486-4503-9.zip,202602101146,天塩郡遠別町字本町５丁目,20-1,,
01486-4503-9.zip,202602101146,天塩郡遠別町字本町５丁目,20-3,,
01486-4503-9.zip,202602101146,天塩郡遠別町,地区外-229790,,
01486-4503-9.zip,202602101146,天塩郡遠別町字北浜,171-11,,
01486-4503-9.zip,202602101146,天塩郡遠別町字北浜,171-1,,
01486-4503-9.zip,202602101146,天塩郡遠別町字北浜,171-10,,
01486-4503-9.zip,202602101146,天塩郡遠別町字北浜,171-27,,
01486-4503-9.zip,202602101146,天塩郡遠別町字北浜,171-8,,
01486-4503-9.zip,202602101146,天塩郡遠別町字北浜,171-28,,
01486-4503-9.zip,202602101146,天塩郡遠別町字北浜,171-7,,
01486-4503-9.zip,202602101146,天塩郡遠別町字北浜,171-31,,
01486-4503-9.zip,202602101146,天塩郡遠別町字北浜,171-6,,
01486-4503-9.zip,202602101146,天塩郡遠別町字北浜,171-5,,
01486-4503-9.zip,202602101146,天塩郡遠別町字北浜,171-4,,
01486-4503-9.zip,202602101146,天塩郡遠別町字北浜,171-35,,
01486-4503-9.zip,202602101146,天塩郡遠別町字北浜,171-3,,
01486-4503-9.zip,202602101146,天塩郡遠別町字北浜,171-36,,
01486-4503-9.zip,202602101146,天塩郡遠別町字北浜,171-30,,
01486-4503-9.zip,202602101146,天塩郡遠別町,地区外-229806,,
01486-4503-9.zip,202602101146,天塩郡遠別町字北浜,90-1,,
01486-4503-9.zip,202602101146,天塩郡遠別町字北浜,91-35,,
01486-4503-9.zip,202602101146,天塩郡遠別町字北浜,90-14,,
01486-4503-9.zip,202602101146,天塩郡遠別町字北浜,89-2,,
01486-4503-9.zip,202602101146,天塩郡遠別町字北浜,89-5,,
01486-4503-9.zip,202602101146,天塩郡遠別町字北浜,道-39,,
01486-4503-9.zip,202602101146,天塩郡遠別町字北浜,89-7,,
01486-4503-9.zip,202602101146,天塩郡遠別町字北浜,80-21,,
01486-4503-9.zip,202602101146,天塩郡遠別町字北浜,80-133,,
01486-4503-9.zip,202602101146,天塩郡遠別町字北浜,80-3,,
01486-4503-9.zip,202602101146,天塩郡遠別町字北浜,80-137,,
01486-4503-9.zip,202602101146,天塩郡遠別町字北浜,80-139,,
01486-4503-9.zip,202602101146,天塩郡遠別町字北浜,80-140,,
01486-4503-9.zip,202602101146,天塩郡遠別町字北浜,80-141,,
01486-4503-9.zip,202602101146,天塩郡遠別町字北浜,80-99,,
01486-4503-9.zip,202602101146,天塩郡遠別町字北浜,80-79,,
01486-4503-9.zip,202602101146,天塩郡遠別町字北浜,80-80,,
01486-4503-9.zip,202602101146,天塩郡遠別町字北浜,80-116,,
01486-4503-9.zip,202602101146,天塩郡遠別町字北浜,90-24,,
01486-4503-9.zip,202602101146,天塩郡遠別町字北浜,90-7,,
01486-4503-9.zip,202602101146,天塩郡遠別町字北浜,道-40,,
01486-4503-9.zip,202602101146,天塩郡遠別町字北浜,80-83,,
01486-4503-9.zip,202602101146,天塩郡遠別町字北浜,80-124,,
01486-4503-9.zip,202602101146,天塩郡遠別町字北浜,80-82,,
01486-4503-9.zip,202602101146,天塩郡遠別町字北浜,80-190,,
01486-4503-9.zip,202602101146,天塩郡遠別町字北浜,80-114,,
01486-4503-9.zip,202602101146,天塩郡遠別町字北浜,88-4,,
01486-4503-9.zip,202602101146,天塩郡遠別町字北浜,88-5,,
01486-4503-9.zip,202602101146,天塩郡遠別町字北浜,88-6,,
01486-4503-9.zip,202602101146,天塩郡遠別町字北浜,88-7,,
01486-4503-9.zip,202602101146,天塩郡遠別町字北浜,90-12,,
01486-4503-9.zip,202602101146,天塩郡遠別町字北浜,80-50,,
01486-4503-9.zip,202602101146,天塩郡遠別町字北浜,80-52,,
01486-4503-9.zip,202602101146,天塩郡遠別町字北浜,80-103,,
01486-4503-9.zip,202602101146,天塩郡遠別町字北浜,80-55,,
01486-4503-9.zip,202602101146,天塩郡遠別町字北浜,80-51,,
01486-4503-9.zip,202602101146,天塩郡遠別町字北浜,80-53,,
01486-4503-9.zip,202602101146,天塩郡遠別町字北浜,80-54,,
01486-4503-9.zip,202602101146,天塩郡遠別町字北浜,80-42,,
01486-4503-9.zip,202602101146,天塩郡遠別町字北浜,80-44,,
01486-4503-9.zip,202602101146,天塩郡遠別町字北浜,80-104,,
01486-4503-9.zip,202602101146,天塩郡遠別町字北浜,80-43,,
01486-4503-9.zip,202602101146,天塩郡遠別町字北浜,80-69,,
01486-4503-9.zip,202602101146,天塩郡遠別町字北浜,80-47,,
01486-4503-9.zip,202602101146,天塩郡遠別町字北浜,80-46,,
01486-4503-9.zip,202602101146,天塩郡遠別町字北浜,80-45,,
01486-4503-9.zip,202602101146,天塩郡遠別町字北浜,88-2,,
01486-4503-9.zip,202602101146,天塩郡遠別町字北浜,道-41,,
01486-4503-9.zip,202602101146,天塩郡遠別町字北浜,80-48,,
01486-4503-9.zip,202602101146,天塩郡遠別町字北浜,80-20,,
01486-4503-9.zip,202602101146,天塩郡遠別町字北浜,80-22,,
01486-4503-9.zip,202602101146,天塩郡遠別町字北浜,80-110,,
01486-4503-9.zip,202602101146,天塩郡遠別町字北浜,80-111,,
01486-4503-9.zip,202602101146,天塩郡遠別町字北浜,80-112,,
01486-4503-9.zip,202602101146,天塩郡遠別町字北浜,80-113,,
01486-4503-9.zip,202602101146,天塩郡遠別町字北浜,80-189,,
01486-4503-9.zip,202602101146,天塩郡遠別町字北浜,80-68,,
01486-4503-9.zip,202602101146,天塩郡遠別町字北浜,80-159,,
01486-4503-9.zip,202602101146,天塩郡遠別町字北浜,80-63,,
01486-4503-9.zip,202602101146,天塩郡遠別町字北浜,80-67,,
01486-4503-9.zip,202602101146,天塩郡遠別町字北浜,80-65,,
01486-4503-9.zip,202602101146,天塩郡遠別町字北浜,80-66,,
01486-4503-9.zip,202602101146,天塩郡遠別町字北浜,83-1,,
01486-4503-9.zip,202602101146,天塩郡遠別町字北浜,83-2,,
01486-4503-9.zip,202602101146,天塩郡遠別町字北浜,80-106,,
01486-4503-9.zip,202602101146,天塩郡遠別町字北浜,80-105,,
01486-4503-9.zip,202602101146,天塩郡遠別町字北浜,80-107,,
01486-4503-9.zip,202602101146,天塩郡遠別町字北浜,80-108,,
01486-4503-9.zip,202602101146,天塩郡遠別町字北浜,80-109,,
01486-4503-9.zip,202602101146,天塩郡遠別町字北浜,80-102,,
01486-4503-9.zip,202602101146,天塩郡遠別町字北浜,80-56,,
01486-4503-9.zip,202602101146,天塩郡遠別町字北浜,80-167,,
01486-4503-9.zip,202602101146,天塩郡遠別町字北浜,80-169,,
01486-4503-9.zip,202602101146,天塩郡遠別町字北浜,80-58,,
01486-4503-9.zip,202602101146,天塩郡遠別町字北浜,80-170,,
01486-4503-9.zip,202602101146,天塩郡遠別町字北浜,80-168,,
01486-4503-9.zip,202602101146,天塩郡遠別町字北浜,80-11,,
01486-4503-9.zip,202602101146,天塩郡遠別町字北浜,83-8,,
01486-4503-9.zip,202602101146,天塩郡遠別町字北浜,80-8,,
01486-4503-9.zip,202602101146,天塩郡遠別町字北浜,80-5,,
01486-4503-9.zip,202602101146,天塩郡遠別町字北浜,80-57,,
01486-4503-9.zip,202602101146,天塩郡遠別町字北浜,80-9,,
01486-4503-9.zip,202602101146,天塩郡遠別町字北浜,80-10,,
01486-4503-9.zip,202602101146,天塩郡遠別町字北浜,87-1,,
01486-4503-9.zip,202602101146,天塩郡遠別町字北浜,84-1,,
01486-4503-9.zip,202602101146,天塩郡遠別町字北浜,88-8,,
01486-4503-9.zip,202602101146,天塩郡遠別町字北浜,85-3,,
01486-4503-9.zip,202602101146,天塩郡遠別町字北浜,74-1,,
01486-4503-9.zip,202602101146,天塩郡遠別町字北浜,73-3,,
01486-4503-9.zip,202602101146,天塩郡遠別町字北浜,道-42,,
01486-4503-9.zip,202602101146,天塩郡遠別町字北浜,76-2,,
01486-4503-9.zip,202602101146,天塩郡遠別町字北浜,76-19,,
01486-4503-9.zip,202602101146,天塩郡遠別町字北浜,78-5,,
01486-4503-9.zip,202602101146,天塩郡遠別町字北浜,79-2,,
01486-4503-9.zip,202602101146,天塩郡遠別町字北浜,80-174,,
01486-4503-9.zip,202602101146,天塩郡遠別町字北浜,80-1,,
01486-4503-9.zip,202602101146,天塩郡遠別町字北浜,80-181,,
01486-4503-9.zip,202602101146,天塩郡遠別町字北浜,80-183,,
01486-4503-9.zip,202602101146,天塩郡遠別町字北浜,80-185,,
01486-4503-9.zip,202602101146,天塩郡遠別町字北浜,道-43,,
01486-4503-9.zip,202602101146,天塩郡遠別町字北浜,80-142,,
01486-4503-9.zip,202602101146,天塩郡遠別町字北浜,80-175,,
01486-4503-9.zip,202602101146,天塩郡遠別町字北浜,80-176,,
01486-4503-9.zip,202602101146,天塩郡遠別町字北浜,80-177,,
01486-4503-9.zip,202602101146,天塩郡遠別町字北浜,道-44,,
01486-4503-9.zip,202602101146,天塩郡遠別町字北浜,80-117,,
01486-4503-9.zip,202602101146,天塩郡遠別町字北浜,76-3,,
01486-4503-9.zip,202602101146,天塩郡遠別町字北浜,80-179,,
01486-4503-9.zip,202602101146,天塩郡遠別町字本町５丁目,10-9,,
01486-4503-9.zip,202602101146,天塩郡遠別町字本町５丁目,13-3,,
01486-4503-9.zip,202602101146,天塩郡遠別町字本町５丁目,13-2,,
01486-4503-9.zip,202602101146,天塩郡遠別町字本町５丁目,10-10,,
01486-4503-9.zip,202602101146,天塩郡遠別町字本町５丁目,8-11,,
01486-4503-9.zip,202602101146,天塩郡遠別町字本町５丁目,10-1,,
01486-4503-9.zip,202602101146,天塩郡遠別町字本町５丁目,道-45,,
01486-4503-9.zip,202602101146,天塩郡遠別町字北浜,67-4,,
01486-4503-9.zip,202602101146,天塩郡遠別町字北浜,404,,
01486-4503-9.zip,202602101146,天塩郡遠別町,地区外-229927,,
01486-4503-9.zip,202602101146,天塩郡遠別町字北浜,68-1,,
01486-4503-9.zip,202602101146,天塩郡遠別町字北浜,69-1,,
01486-4503-9.zip,202602101146,天塩郡遠別町字北浜,70-2,,
01486-4503-9.zip,202602101146,天塩郡遠別町字北浜,71-3,,
01486-4503-9.zip,202602101146,天塩郡遠別町字本町５丁目,4-2,,
01486-4503-9.zip,202602101146,天塩郡遠別町字本町５丁目,7-20,,
01486-4503-9.zip,202602101146,天塩郡遠別町字本町５丁目,7-24,,
01486-4503-9.zip,202602101146,天塩郡遠別町字本町５丁目,10-8,,
01486-4503-9.zip,202602101146,天塩郡遠別町字本町５丁目,7-25,,
01486-4503-9.zip,202602101146,天塩郡遠別町字本町５丁目,7-26,,
01486-4503-9.zip,202602101146,天塩郡遠別町字本町５丁目,7-19,,
01486-4503-9.zip,202602101146,天塩郡遠別町字北浜,95-26,,
01486-4503-9.zip,202602101146,天塩郡遠別町字北浜,95-12,,
01486-4503-9.zip,202602101146,天塩郡遠別町字北浜,95-15,,
01486-4503-9.zip,202602101146,天塩郡遠別町字北浜,95-16,,
01486-4503-9.zip,202602101146,天塩郡遠別町字北浜,94-3,,
01486-4503-9.zip,202602101146,天塩郡遠別町字北浜,94-8,,
01486-4503-9.zip,202602101146,天塩郡遠別町字北浜,89-1,,
01486-4503-9.zip,202602101146,天塩郡遠別町字北浜,道-47,,
01486-4503-9.zip,202602101146,天塩郡遠別町字北浜,89-8,,
01486-4503-9.zip,202602101146,天塩郡遠別町字北浜,95-28,,
01486-4503-9.zip,202602101146,天塩郡遠別町字北浜,95-13,,
01486-4503-9.zip,202602101146,天塩郡遠別町字北浜,95-2,,
01486-4503-9.zip,202602101146,天塩郡遠別町字北浜,94-2,,
01486-4503-9.zip,202602101146,天塩郡遠別町字北浜,91-24,,
01486-4503-9.zip,202602101146,天塩郡遠別町字北浜,91-4,,
01486-4503-9.zip,202602101146,天塩郡遠別町字北浜,90-18,,
01486-4503-9.zip,202602101146,天塩郡遠別町字北浜,91-31,,
01486-4503-9.zip,202602101146,天塩郡遠別町字北浜,80-85,,
01486-4503-9.zip,202602101146,天塩郡遠別町字北浜,80-91,,
01486-4503-9.zip,202602101146,天塩郡遠別町字北浜,80-96,,
01486-4503-9.zip,202602101146,天塩郡遠別町字北浜,80-86,,
01486-4503-9.zip,202602101146,天塩郡遠別町字北浜,80-87,,
01486-4503-9.zip,202602101146,天塩郡遠別町字北浜,80-88,,
01486-4503-9.zip,202602101146,天塩郡遠別町字北浜,80-89,,
01486-4503-9.zip,202602101146,天塩郡遠別町字北浜,80-90,,
01486-4503-9.zip,202602101146,天塩郡遠別町字北浜,80-76,,
01486-4503-9.zip,202602101146,天塩郡遠別町字北浜,80-119,,
01486-4503-9.zip,202602101146,天塩郡遠別町字北浜,80-92,,
01486-4503-9.zip,202602101146,天塩郡遠別町字北浜,80-93,,
01486-4503-9.zip,202602101146,天塩郡遠別町字北浜,80-94,,
01486-4503-9.zip,202602101146,天塩郡遠別町字北浜,80-95,,
01486-4503-9.zip,202602101146,天塩郡遠別町字北浜,80-77,,
01486-4503-9.zip,202602101146,天塩郡遠別町字北浜,80-78,,
01486-4503-9.zip,202602101146,天塩郡遠別町字北浜,80-180,,
01486-4503-9.zip,202602101146,天塩郡遠別町字北浜,80-97,,
01486-4503-9.zip,202602101146,天塩郡遠別町字北浜,80-98,,
01486-4503-9.zip,202602101146,天塩郡遠別町,地区外-229978,,
01486-4503-9.zip,202602101146,天塩郡遠別町字北浜,95-4,,
01486-4503-9.zip,202602101146,天塩郡遠別町字北浜,95-3,,
01486-4503-9.zip,202602101146,天塩郡遠別町字北浜,95-11,,
01486-4503-9.zip,202602101146,天塩郡遠別町字北浜,道-48,,
01486-4503-9.zip,202602101146,天塩郡遠別町字北浜,95-14,,
01486-4503-9.zip,202602101146,天塩郡遠別町字北浜,171-24,,
01486-4503-9.zip,202602101146,天塩郡遠別町,地区外-229986,,
01486-4503-9.zip,202602101146,天塩郡遠別町字北浜,171-33,,
01486-4503-9.zip,202602101146,天塩郡遠別町字北浜,171-19,,
01486-4503-9.zip,202602101146,天塩郡遠別町字北浜,171-18,,
01486-4503-9.zip,202602101146,天塩郡遠別町字北浜,171-20,,
01486-4503-9.zip,202602101146,天塩郡遠別町字北浜,171-21,,
01486-4503-9.zip,202602101146,天塩郡遠別町字北浜,171-22,,
01486-4503-9.zip,202602101146,天塩郡遠別町字北浜,171-17,,
01486-4503-9.zip,202602101146,天塩郡遠別町字北浜,171-37,,
01486-4503-9.zip,202602101146,天塩郡遠別町字北浜,171-16,,
01486-4503-9.zip,202602101146,天塩郡遠別町字北浜,171-34,,
01486-4503-9.zip,202602101146,天塩郡遠別町字北浜,171-12,,
01486-4503-9.zip,202602101146,天塩郡遠別町字北浜,91-34,,
01486-4503-9.zip,202602101146,天塩郡遠別町字北浜,91-33,,
01486-4503-9.zip,202602101146,天塩郡遠別町字北浜,91-29,,
01486-4503-9.zip,202602101146,天塩郡遠別町字北浜,91-39,,
01486-4503-9.zip,202602101146,天塩郡遠別町字北浜,91-5,,
01486-4503-9.zip,202602101146,天塩郡遠別町字北浜,道-50,,
01486-4503-9.zip,202602101146,天塩郡遠別町,地区外-230007,,
01486-4503-9.zip,202602101146,天塩郡遠別町字北浜,91-28,,
01486-4503-9.zip,202602101146,天塩郡遠別町字北浜,91-32,,
01486-4503-9.zip,202602101146,天塩郡遠別町字北浜,91-8,,
01486-4503-9.zip,202602101146,天塩郡遠別町字北浜,91-45,,
01486-4503-9.zip,202602101146,天塩郡遠別町字北浜,91-12,,
01486-4503-9.zip,202602101146,天塩郡遠別町字北浜,91-47,,
01486-4503-9.zip,202602101146,天塩郡遠別町字北浜,171-23,,
01486-4503-9.zip,202602101146,天塩郡遠別町,地区外-230024,,
01486-4503-9.zip,202602101146,天塩郡遠別町,地区外-230027,,
01486-4503-9.zip,202602101146,天塩郡遠別町字北浜,道-51,,
01486-4503-9.zip,202602101146,天塩郡遠別町字北浜,91-22,,
01486-4503-9.zip,202602101146,天塩郡遠別町字北浜,91-23,,
01486-4503-9.zip,202602101146,天塩郡遠別町字北浜,91-1,,
01486-4503-9.zip,202602101146,天塩郡遠別町字北浜,道-52,,
01486-4503-9.zip,202602101146,天塩郡遠別町字北浜,91-43,,
01486-4503-9.zip,202602101146,天塩郡遠別町字北浜,91-38,,
01486-4503-9.zip,202602101146,天塩郡遠別町字北浜,91-40,,
01486-4503-9.zip,202602101146,天塩郡遠別町字北浜,95-27,,
01486-4503-9.zip,202602101146,天塩郡遠別町字北浜,95-7,,
01486-4503-9.zip,202602101146,天塩郡遠別町字北浜,95-30,,
01486-4503-9.zip,202602101146,天塩郡遠別町字北浜,91-26,,
01486-4503-9.zip,202602101146,天塩郡遠別町字北浜,91-27,,
01486-4503-9.zip,202602101146,天塩郡遠別町字北浜,91-30,,
01486-4503-9.zip,202602101146,天塩郡遠別町字北浜,95-29,,
01486-4503-9.zip,202602101146,天塩郡遠別町,地区外-230045,,
01486-4503-9.zip,202602101146,天塩郡遠別町字北浜,96-5,,
01486-4503-9.zip,202602101146,天塩郡遠別町字北浜,96-1,,
01486-4503-9.zip,202602101146,天塩郡遠別町字北浜,97-1,,
01486-4503-9.zip,202602101146,天塩郡遠別町字北浜,道-53,,
01486-4503-9.zip,202602101146,天塩郡遠別町字北浜,95-9,,
01486-4503-9.zip,202602101146,天塩郡遠別町字北浜,98-1,,
01486-4503-9.zip,202602101146,天塩郡遠別町字北浜,95-24,,
01486-4503-9.zip,202602101146,天塩郡遠別町字北浜,95-31,,
01486-4503-9.zip,202602101146,天塩郡遠別町字北浜,95-25,,
01486-4503-9.zip,202602101146,天塩郡遠別町,地区外-230055,,
01486-4503-9.zip,202602101146,天塩郡遠別町,地区外-230056,,
01486-4503-9.zip,202602101146,天塩郡遠別町字本町１丁目,6-28,,
01486-4503-9.zip,202602101146,天塩郡遠別町字本町１丁目,23,,
01486-4503-9.zip,202602101146,天塩郡遠別町字本町１丁目,6-27,,
01486-4503-9.zip,202602101146,天塩郡遠別町字本町１丁目,道-54,,
01486-4503-9.zip,202602101146,天塩郡遠別町字本町１丁目,6-3,,
01486-4503-9.zip,202602101146,天塩郡遠別町字本町１丁目,6-24,,
01486-4503-9.zip,202602101146,天塩郡遠別町字本町１丁目,6-20,,
01486-4503-9.zip,202602101146,天塩郡遠別町字本町１丁目,5-2,,
01486-4503-9.zip,202602101146,天塩郡遠別町字本町１丁目,道-55,,
01486-4503-9.zip,202602101146,天塩郡遠別町字本町１丁目,5-1,,
01486-4503-9.zip,202602101146,天塩郡遠別町字本町１丁目,道-56,,
01486-4503-9.zip,202602101146,天塩郡遠別町字本町１丁目,8,,
01486-4503-9.zip,202602101146,天塩郡遠別町字本町１丁目,6-29,,
01486-4503-9.zip,202602101146,天塩郡遠別町字本町１丁目,6-23,,
01486-4503-9.zip,202602101146,天塩郡遠別町字本町１丁目,6-26,,
01486-4503-9.zip,202602101146,天塩郡遠別町字本町１丁目,6-25,,
01486-4503-9.zip,202602101146,天塩郡遠別町字本町１丁目,6-21,,
01486-4503-9.zip,202602101146,天塩郡遠別町字本町１丁目,6-22,,
01486-4503-9.zip,202602101146,天塩郡遠別町字本町２丁目,102,,
01486-4503-9.zip,202602101146,天塩郡遠別町字本町２丁目,94-46,,
01486-4503-9.zip,202602101146,天塩郡遠別町字本町２丁目,94-45,,
01486-4503-9.zip,202602101146,天塩郡遠別町字本町２丁目,94-2,,
01486-4503-9.zip,202602101146,天塩郡遠別町字本町２丁目,道-57,,
01486-4503-9.zip,202602101146,天塩郡遠別町字本町２丁目,94-1,,
01486-4503-9.zip,202602101146,天塩郡遠別町字本町２丁目,1,,
01486-4503-9.zip,202602101146,天塩郡遠別町字本町２丁目,道-58,,
01486-4503-9.zip,202602101146,天塩郡遠別町字本町２丁目,3,,
01486-4503-9.zip,202602101146,天塩郡遠別町字本町２丁目,4,,
01486-4503-9.zip,202602101146,天塩郡遠別町字本町２丁目,5,,
01486-4503-9.zip,202602101146,天塩郡遠別町字本町２丁目,6,,
01486-4503-9.zip,202602101146,天塩郡遠別町字本町２丁目,7,,
01486-4503-9.zip,202602101146,天塩郡遠別町字本町２丁目,94-40,,
01486-4503-9.zip,202602101146,天塩郡遠別町字本町２丁目,94-39,,
01486-4503-9.zip,202602101146,天塩郡遠別町字本町２丁目,94-37,,
01486-4503-9.zip,202602101146,天塩郡遠別町字本町２丁目,94-12,,
01486-4503-9.zip,202602101146,天塩郡遠別町字本町２丁目,94-11,,
01486-4503-9.zip,202602101146,天塩郡遠別町字本町２丁目,94-10,,
01486-4503-9.zip,202602101146,天塩郡遠別町字本町２丁目,94-9,,
01486-4503-9.zip,202602101146,天塩郡遠別町字本町２丁目,94-8,,
01486-4503-9.zip,202602101146,天塩郡遠別町字本町２丁目,94-34,,
01486-4503-9.zip,202602101146,天塩郡遠別町字本町２丁目,94-16,,
01486-4503-9.zip,202602101146,天塩郡遠別町字本町２丁目,94-15,,
01486-4503-9.zip,202602101146,天塩郡遠別町字本町２丁目,94-14,,
01486-4503-9.zip,202602101146,天塩郡遠別町字本町２丁目,94-13,,
01486-4503-9.zip,202602101146,天塩郡遠別町字本町２丁目,94-26,,
01486-4503-9.zip,202602101146,天塩郡遠別町字本町２丁目,94-25,,
01486-4503-9.zip,202602101146,天塩郡遠別町字本町２丁目,94-24,,
01486-4503-9.zip,202602101146,天塩郡遠別町字本町２丁目,94-23,,
01486-4503-9.zip,202602101146,天塩郡遠別町字本町２丁目,94-22,,
01486-4503-9.zip,202602101146,天塩郡遠別町字本町２丁目,94-27,,
01486-4503-9.zip,202602101146,天塩郡遠別町字本町２丁目,道-59,,
01486-4503-9.zip,202602101146,天塩郡遠別町字本町２丁目,94-28,,
01486-4503-9.zip,202602101146,天塩郡遠別町字本町２丁目,94-29,,
01486-4503-9.zip,202602101146,天塩郡遠別町字本町２丁目,94-30,,
01486-4503-9.zip,202602101146,天塩郡遠別町字本町２丁目,94-32,,
01486-4503-9.zip,202602101146,天塩郡遠別町字本町２丁目,94-31,,
01486-4503-9.zip,202602101146,天塩郡遠別町字本町２丁目,95-9,,
01486-4503-9.zip,202602101146,天塩郡遠別町字本町２丁目,95-13,,
01486-4503-9.zip,202602101146,天塩郡遠別町字本町２丁目,95-12,,
01486-4503-9.zip,202602101146,天塩郡遠別町字本町２丁目,95-2,,
01486-4503-9.zip,202602101146,天塩郡遠別町字本町２丁目,95-5,,
01486-4503-9.zip,202602101146,天塩郡遠別町字本町２丁目,95-6,,
01486-4503-9.zip,202602101146,天塩郡遠別町字本町３丁目,道-60,,
01486-4503-9.zip,202602101146,天塩郡遠別町字本町３丁目,94-6,,
01486-4503-9.zip,202602101146,天塩郡遠別町字本町３丁目,94-5,,
01486-4503-9.zip,202602101146,天塩郡遠別町字本町３丁目,94-4,,
01486-4503-9.zip,202602101146,天塩郡遠別町字本町３丁目,94-3,,
01486-4503-9.zip,202602101146,天塩郡遠別町字本町３丁目,94-2,,
01486-4503-9.zip,202602101146,天塩郡遠別町字本町３丁目,94-1,,
01486-4503-9.zip,202602101146,天塩郡遠別町字本町３丁目,道-61,,
01486-4503-9.zip,202602101146,天塩郡遠別町字本町３丁目,93-4,,
01486-4503-9.zip,202602101146,天塩郡遠別町字本町３丁目,93-5,,
01486-4503-9.zip,202602101146,天塩郡遠別町字本町３丁目,2-2,,
01486-4503-9.zip,202602101146,天塩郡遠別町字本町３丁目,2-1,,
01486-4503-9.zip,202602101146,天塩郡遠別町字本町３丁目,道-62,,
01486-4503-9.zip,202602101146,天塩郡遠別町字本町３丁目,12,,
01486-4503-9.zip,202602101146,天塩郡遠別町字本町３丁目,96,,
01486-4503-9.zip,202602101146,天塩郡遠別町字本町３丁目,99,,
01486-4503-9.zip,202602101146,天塩郡遠別町字本町３丁目,93-3,,
01486-4503-9.zip,202602101146,天塩郡遠別町字本町３丁目,93-2,,
01486-4503-9.zip,202602101146,天塩郡遠別町字本町３丁目,93-6,,
01486-4503-9.zip,202602101146,天塩郡遠別町字本町３丁目,95-2,,
01486-4503-9.zip,202602101146,天塩郡遠別町字本町３丁目,95-1,,
01486-4503-9.zip,202602101146,天塩郡遠別町字本町３丁目,95-3,,
01486-4503-9.zip,202602101146,天塩郡遠別町字本町３丁目,1-3,,
01486-4503-9.zip,202602101146,天塩郡遠別町字本町３丁目,1-4,,
01486-4503-9.zip,202602101146,天塩郡遠別町字本町３丁目,1-1,,
01486-4503-9.zip,202602101146,天塩郡遠別町字本町３丁目,1-11,,
01486-4503-9.zip,202602101146,天塩郡遠別町字本町３丁目,1-6,,
01486-4503-9.zip,202602101146,天塩郡遠別町字本町３丁目,1-12,,
01486-4503-9.zip,202602101146,天塩郡遠別町字本町３丁目,7,,
01486-4503-9.zip,202602101146,天塩郡遠別町字本町３丁目,9,,
01486-4503-9.zip,202602101146,天塩郡遠別町字本町３丁目,10-2,,
01486-4503-9.zip,202602101146,天塩郡遠別町字本町３丁目,1-5,,
01486-4503-9.zip,202602101146,天塩郡遠別町字本町３丁目,10-1,,
01486-4503-9.zip,202602101146,天塩郡遠別町字本町３丁目,6,,
01486-4503-9.zip,202602101146,天塩郡遠別町字本町３丁目,5,,
01486-4503-9.zip,202602101146,天塩郡遠別町字本町３丁目,1-13,,
01486-4503-9.zip,202602101146,天塩郡遠別町字本町３丁目,4,,
01486-4503-9.zip,202602101146,天塩郡遠別町字本町３丁目,1-7,,
01486-4503-9.zip,202602101146,天塩郡遠別町字本町３丁目,93-7,,
01486-4503-9.zip,202602101146,天塩郡遠別町字本町３丁目,93-1,,
01486-4503-9.zip,202602101146,天塩郡遠別町字本町３丁目,13,,
01486-4503-9.zip,202602101146,天塩郡遠別町字本町３丁目,14,,
01486-4503-9.zip,202602101146,天塩郡遠別町字本町３丁目,15,,
01486-4503-9.zip,202602101146,天塩郡遠別町字本町３丁目,16,,
01486-4503-9.zip,202602101146,天塩郡遠別町字本町３丁目,17,,
01486-4503-9.zip,202602101146,天塩郡遠別町字本町３丁目,18,,
01486-4503-9.zip,202602101146,天塩郡遠別町字本町３丁目,19,,
01486-4503-9.zip,202602101146,天塩郡遠別町字本町３丁目,20,,
01486-4503-9.zip,202602101146,天塩郡遠別町字本町２丁目,94-33,,
01486-4503-9.zip,202602101146,天塩郡遠別町字本町２丁目,94-20,,
01486-4503-9.zip,202602101146,天塩郡遠別町字本町２丁目,94-17,,
01486-4503-9.zip,202602101146,天塩郡遠別町字本町２丁目,94-6,,
01486-4503-9.zip,202602101146,天塩郡遠別町字本町２丁目,10,,
01486-4503-9.zip,202602101146,天塩郡遠別町字本町２丁目,19,,
01486-4503-9.zip,202602101146,天塩郡遠別町字本町２丁目,18-1,,
01486-4503-9.zip,202602101146,天塩郡遠別町字本町２丁目,20,,
01486-4503-9.zip,202602101146,天塩郡遠別町字本町２丁目,9,,
01486-4503-9.zip,202602101146,天塩郡遠別町字本町２丁目,8,,
01486-4503-9.zip,202602101146,天塩郡遠別町字本町２丁目,94-42,,
01486-4503-9.zip,202602101146,天塩郡遠別町字本町２丁目,94-7,,
01486-4503-9.zip,202602101146,天塩郡遠別町字本町２丁目,95-8,,
01486-4503-9.zip,202602101146,天塩郡遠別町字本町２丁目,94-21,,
01486-4503-9.zip,202602101146,天塩郡遠別町字本町２丁目,99,,
01486-4503-9.zip,202602101146,天塩郡遠別町,地区外-230190,,
01486-4503-9.zip,202602101146,天塩郡遠別町字本町２丁目,95-7,,
01486-4503-9.zip,202602101146,天塩郡遠別町字本町２丁目,95-4,,
01486-4503-9.zip,202602101146,天塩郡遠別町字本町４丁目,1-25,,
01486-4503-9.zip,202602101146,天塩郡遠別町字本町４丁目,1-18,,
01486-4503-9.zip,202602101146,天塩郡遠別町字本町４丁目,1-5,,
01486-4503-9.zip,202602101146,天塩郡遠別町字本町４丁目,1-6,,
01486-4503-9.zip,202602101146,天塩郡遠別町字本町４丁目,1-2,,
01486-4503-9.zip,202602101146,天塩郡遠別町字本町４丁目,2,,
01486-4503-9.zip,202602101146,天塩郡遠別町字本町４丁目,道-63,,
01486-4503-9.zip,202602101146,天塩郡遠別町字本町４丁目,12,,
01486-4503-9.zip,202602101146,天塩郡遠別町字本町３丁目,11,,
01486-4503-9.zip,202602101146,天塩郡遠別町字本町３丁目,21,,
01486-4503-9.zip,202602101146,天塩郡遠別町字本町５丁目,2-7,,
01486-4503-9.zip,202602101146,天塩郡遠別町字本町５丁目,2-49,,
01486-4503-9.zip,202602101146,天塩郡遠別町字本町５丁目,2-27,,
01486-4503-9.zip,202602101146,天塩郡遠別町字本町５丁目,2-19,,
01486-4503-9.zip,202602101146,天塩郡遠別町字本町５丁目,2-18,,
01486-4503-9.zip,202602101146,天塩郡遠別町字本町５丁目,2-17,,
01486-4503-9.zip,202602101146,天塩郡遠別町字本町５丁目,2-6,,
01486-4503-9.zip,202602101146,天塩郡遠別町字本町５丁目,2-57,,
01486-4503-9.zip,202602101146,天塩郡遠別町字本町５丁目,2-58,,
01486-4503-9.zip,202602101146,天塩郡遠別町字本町５丁目,2-59,,
01486-4503-9.zip,202602101146,天塩郡遠別町字本町５丁目,道-64,,
01486-4503-9.zip,202602101146,天塩郡遠別町字本町５丁目,2-26,,
01486-4503-9.zip,202602101146,天塩郡遠別町字本町５丁目,2-5,,
01486-4503-9.zip,202602101146,天塩郡遠別町字本町５丁目,2-50,,
01486-4503-9.zip,202602101146,天塩郡遠別町字本町４丁目,94-3,,
01486-4503-9.zip,202602101146,天塩郡遠別町字本町４丁目,1-1,,
01486-4503-9.zip,202602101146,天塩郡遠別町字本町４丁目,1-21,,
01486-4503-9.zip,202602101146,天塩郡遠別町字本町４丁目,1-20,,
01486-4503-9.zip,202602101146,天塩郡遠別町字本町４丁目,1-22,,
01486-4503-9.zip,202602101146,天塩郡遠別町字本町４丁目,1-19,,
01486-4503-9.zip,202602101146,天塩郡遠別町字本町４丁目,1-4,,
01486-4503-9.zip,202602101146,天塩郡遠別町字本町４丁目,1-3,,
01486-4503-9.zip,202602101146,天塩郡遠別町字本町４丁目,11,,
01486-4503-9.zip,202602101146,天塩郡遠別町字本町４丁目,19,,
01486-4503-9.zip,202602101146,天塩郡遠別町字本町４丁目,31,,
01486-4503-9.zip,202602101146,天塩郡遠別町字本町４丁目,17,,
01486-4503-9.zip,202602101146,天塩郡遠別町字本町４丁目,16,,
01486-4503-9.zip,202602101146,天塩郡遠別町字本町４丁目,15,,
01486-4503-9.zip,202602101146,天塩郡遠別町字本町４丁目,14,,
01486-4503-9.zip,202602101146,天塩郡遠別町字本町４丁目,13,,
01486-4503-9.zip,202602101146,天塩郡遠別町字本町４丁目,3,,
01486-4503-9.zip,202602101146,天塩郡遠別町字本町４丁目,4,,
01486-4503-9.zip,202602101146,天塩郡遠別町字本町４丁目,5,,
01486-4503-9.zip,202602101146,天塩郡遠別町字本町４丁目,6,,
01486-4503-9.zip,202602101146,天塩郡遠別町字本町４丁目,7,,
01486-4503-9.zip,202602101146,天塩郡遠別町字本町４丁目,9,,
01486-4503-9.zip,202602101146,天塩郡遠別町字本町４丁目,10,,
01486-4503-9.zip,202602101146,天塩郡遠別町字本町４丁目,1-12,,
01486-4503-9.zip,202602101146,天塩郡遠別町字本町４丁目,1-27,,
01486-4503-9.zip,202602101146,天塩郡遠別町字本町４丁目,1-9,,
01486-4503-9.zip,202602101146,天塩郡遠別町字本町４丁目,1-13,,
01486-4503-9.zip,202602101146,天塩郡遠別町字本町４丁目,1-14,,
01486-4503-9.zip,202602101146,天塩郡遠別町字本町４丁目,1-23,,
01486-4503-9.zip,202602101146,天塩郡遠別町字本町４丁目,1-11,,
01486-4503-9.zip,202602101146,天塩郡遠別町字本町４丁目,1-26,,
01486-4503-9.zip,202602101146,天塩郡遠別町字本町４丁目,1-10,,
01486-4503-9.zip,202602101146,天塩郡遠別町字本町４丁目,1-8,,
01486-4503-9.zip,202602101146,天塩郡遠別町字本町４丁目,1-7,,
01486-4503-9.zip,202602101146,天塩郡遠別町字本町４丁目,1-17,,
01486-4503-9.zip,202602101146,天塩郡遠別町字本町４丁目,1-16,,
01486-4503-9.zip,202602101146,天塩郡遠別町字本町４丁目,1-15,,
01486-4503-9.zip,202602101146,天塩郡遠別町字北浜,1-2,,
01486-4503-9.zip,202602101146,天塩郡遠別町,地区外-230255,,
01486-4503-9.zip,202602101146,天塩郡遠別町字本町４丁目,道-65,,
01486-4503-9.zip,202602101146,天塩郡遠別町字本町５丁目,2-16,,
01486-4503-9.zip,202602101146,天塩郡遠別町字本町５丁目,2-15,,
01486-4503-9.zip,202602101146,天塩郡遠別町字本町５丁目,2-14,,
01486-4503-9.zip,202602101146,天塩郡遠別町字本町５丁目,2-13,,
01486-4503-9.zip,202602101146,天塩郡遠別町字本町５丁目,3-22,,
01486-4503-9.zip,202602101146,天塩郡遠別町字本町５丁目,3-14,,
01486-4503-9.zip,202602101146,天塩郡遠別町字本町５丁目,3-15,,
01486-4503-9.zip,202602101146,天塩郡遠別町字本町５丁目,3-16,,
01486-4503-9.zip,202602101146,天塩郡遠別町字本町５丁目,3-17,,
01486-4503-9.zip,202602101146,天塩郡遠別町字本町５丁目,3-18,,
01486-4503-9.zip,202602101146,天塩郡遠別町字本町５丁目,3-26,,
01486-4503-9.zip,202602101146,天塩郡遠別町字本町５丁目,3-25,,
01486-4503-9.zip,202602101146,天塩郡遠別町字本町５丁目,3-72,,
01486-4503-9.zip,202602101146,天塩郡遠別町字本町５丁目,3-73,,
01486-4503-9.zip,202602101146,天塩郡遠別町字本町５丁目,3-1,,
01486-4503-9.zip,202602101146,天塩郡遠別町字本町５丁目,3-61,,
01486-4503-9.zip,202602101146,天塩郡遠別町字本町５丁目,3-60,,
01486-4503-9.zip,202602101146,天塩郡遠別町字本町５丁目,3-59,,
01486-4503-9.zip,202602101146,天塩郡遠別町字本町５丁目,3-68,,
01486-4503-9.zip,202602101146,天塩郡遠別町字本町５丁目,3-67,,
01486-4503-9.zip,202602101146,天塩郡遠別町字本町５丁目,3-66,,
01486-4503-9.zip,202602101146,天塩郡遠別町字本町５丁目,3-65,,
01486-4503-9.zip,202602101146,天塩郡遠別町字本町５丁目,3-64,,
01486-4503-9.zip,202602101146,天塩郡遠別町字本町５丁目,3-63,,
01486-4503-9.zip,202602101146,天塩郡遠別町字本町５丁目,3-62,,
01486-4503-9.zip,202602101146,天塩郡遠別町字本町５丁目,3-39,,
01486-4503-9.zip,202602101146,天塩郡遠別町字本町５丁目,3-40,,
01486-4503-9.zip,202602101146,天塩郡遠別町字本町５丁目,3-41,,
01486-4503-9.zip,202602101146,天塩郡遠別町字本町５丁目,3-42,,
01486-4503-9.zip,202602101146,天塩郡遠別町字本町５丁目,3-43,,
01486-4503-9.zip,202602101146,天塩郡遠別町字本町５丁目,3-44,,
01486-4503-9.zip,202602101146,天塩郡遠別町字本町５丁目,3-45,,
01486-4503-9.zip,202602101146,天塩郡遠別町字本町５丁目,3-71,,
01486-4503-9.zip,202602101146,天塩郡遠別町字本町５丁目,3-69,,
01486-4503-9.zip,202602101146,天塩郡遠別町字本町５丁目,3-52,,
01486-4503-9.zip,202602101146,天塩郡遠別町字本町５丁目,3-51,,
01486-4503-9.zip,202602101146,天塩郡遠別町字本町５丁目,3-50,,
01486-4503-9.zip,202602101146,天塩郡遠別町字本町５丁目,3-49,,
01486-4503-9.zip,202602101146,天塩郡遠別町字本町５丁目,3-48,,
01486-4503-9.zip,202602101146,天塩郡遠別町字本町５丁目,3-78,,
01486-4503-9.zip,202602101146,天塩郡遠別町字本町５丁目,3-47,,
01486-4503-9.zip,202602101146,天塩郡遠別町字本町５丁目,3-19,,
01486-4503-9.zip,202602101146,天塩郡遠別町字本町５丁目,2-20,,
01486-4503-9.zip,202602101146,天塩郡遠別町字本町５丁目,2-21,,
01486-4503-9.zip,202602101146,天塩郡遠別町字本町５丁目,2-22,,
01486-4503-9.zip,202602101146,天塩郡遠別町字本町５丁目,2-23,,
01486-4503-9.zip,202602101146,天塩郡遠別町字本町５丁目,2-9,,
01486-4503-9.zip,202602101146,天塩郡遠別町字本町５丁目,2-10,,
01486-4503-9.zip,202602101146,天塩郡遠別町字本町５丁目,2-11,,
01486-4503-9.zip,202602101146,天塩郡遠別町字本町５丁目,2-12,,
01486-4503-9.zip,202602101146,天塩郡遠別町字本町５丁目,2-29,,
01486-4503-9.zip,202602101146,天塩郡遠別町字本町５丁目,2-30,,
01486-4503-9.zip,202602101146,天塩郡遠別町字本町５丁目,2-32,,
01486-4503-9.zip,202602101146,天塩郡遠別町字本町５丁目,2-1,,
01486-4503-9.zip,202602101146,天塩郡遠別町字本町５丁目,3-8,,
01486-4503-9.zip,202602101146,天塩郡遠別町字本町５丁目,3-9,,
01486-4503-9.zip,202602101146,天塩郡遠別町字本町５丁目,3-10,,
01486-4503-9.zip,202602101146,天塩郡遠別町字本町５丁目,3-11,,
01486-4503-9.zip,202602101146,天塩郡遠別町字本町５丁目,3-12,,
01486-4503-9.zip,202602101146,天塩郡遠別町字本町５丁目,3-30,,
01486-4503-9.zip,202602101146,天塩郡遠別町字本町５丁目,3-29,,
01486-4503-9.zip,202602101146,天塩郡遠別町字本町５丁目,3-32,,
01486-4503-9.zip,202602101146,天塩郡遠別町字本町５丁目,3-33,,
01486-4503-9.zip,202602101146,天塩郡遠別町字本町５丁目,3-7,,
01486-4503-9.zip,202602101146,天塩郡遠別町字本町５丁目,3-6,,
01486-4503-9.zip,202602101146,天塩郡遠別町字本町５丁目,3-5,,
01486-4503-9.zip,202602101146,天塩郡遠別町字本町５丁目,3-4,,
01486-4503-9.zip,202602101146,天塩郡遠別町字本町５丁目,3-3,,
01486-4503-9.zip,202602101146,天塩郡遠別町字本町５丁目,3-36,,
01486-4503-9.zip,202602101146,天塩郡遠別町字本町５丁目,3-35,,
01486-4503-9.zip,202602101146,天塩郡遠別町字北浜,408,,
01486-4503-9.zip,202602101146,天塩郡遠別町字北浜,2-2,,
01486-4503-9.zip,202602101146,天塩郡遠別町字北浜,2-1,,
01486-4503-9.zip,202602101146,天塩郡遠別町字本町５丁目,3-58,,
01486-4503-9.zip,202602101146,天塩郡遠別町字本町５丁目,3-57,,
01486-4503-9.zip,202602101146,天塩郡遠別町字本町５丁目,3-56,,
01486-4503-9.zip,202602101146,天塩郡遠別町字本町５丁目,3-55,,
01486-4503-9.zip,202602101146,天塩郡遠別町字北浜,407-1,,
01486-4503-9.zip,202602101146,天塩郡遠別町字北浜,1-1,,
01486-4503-9.zip,202602101146,天塩郡遠別町,地区外-230336,,
01486-4503-9.zip,202602101146,天塩郡遠別町字北浜,1-3,,
01486-4503-9.zip,202602101146,天塩郡遠別町字北浜,4-2,,
01486-4503-9.zip,202602101146,天塩郡遠別町字北浜,406-2,,
01486-4503-9.zip,202602101146,天塩郡遠別町字北浜,2-3,,
01486-4503-9.zip,202602101146,天塩郡遠別町字北浜,406-1,,
01486-4503-9.zip,202602101146,天塩郡遠別町字北浜,405-1,,
01486-4503-9.zip,202602101146,天塩郡遠別町字北浜,3-2,,
01486-4503-9.zip,202602101146,天塩郡遠別町字北浜,4-1,,
01486-4503-9.zip,202602101146,天塩郡遠別町字北浜,4-3,,
01486-4503-9.zip,202602101146,天塩郡遠別町字北浜,405-2,,
01486-4503-9.zip,202602101146,天塩郡遠別町字北浜,3-3,,
01486-4503-9.zip,202602101146,天塩郡遠別町字北浜,3-1,,
01486-4503-9.zip,202602101146,天塩郡遠別町字北浜,3-4,,
01486-4503-9.zip,202602101146,天塩郡遠別町字北浜,2-5,,
01486-4503-9.zip,202602101146,天塩郡遠別町字北浜,2-4,,
01486-4503-9.zip,202602101146,天塩郡遠別町字北浜,道-66,,
01486-4503-9.zip,202602101146,天塩郡遠別町字北浜,道-67,,
01486-4503-9.zip,202602101146,天塩郡遠別町字北浜,67-22,,
01486-4503-9.zip,202602101146,天塩郡遠別町字北浜,67-16,,
01486-4503-9.zip,202602101146,天塩郡遠別町字北浜,67-15,,
01486-4503-9.zip,202602101146,天塩郡遠別町字北浜,67-12,,
01486-4503-9.zip,202602101146,天塩郡遠別町字北浜,67-9,,
01486-4503-9.zip,202602101146,天塩郡遠別町字北浜,道-68,,
01486-4503-9.zip,202602101146,天塩郡遠別町字北浜,67-29,,
01486-4503-9.zip,202602101146,天塩郡遠別町字北浜,67-3,,
01486-4503-9.zip,202602101146,天塩郡遠別町字北浜,道-69,,
01486-4503-9.zip,202602101146,天塩郡遠別町字北浜,67-75,,
01486-4503-9.zip,202602101146,天塩郡遠別町字北浜,67-7,,
01486-4503-9.zip,202602101146,天塩郡遠別町,地区外-230365,,
01486-4503-9.zip,202602101146,天塩郡遠別町字北浜,67-2,,
01486-4503-9.zip,202602101146,天塩郡遠別町字北浜,67-8,,
01486-4503-9.zip,202602101146,天塩郡遠別町字北浜,67-30,,
01486-4503-9.zip,202602101146,天塩郡遠別町字北浜,67-1,,
01486-4503-9.zip,202602101146,天塩郡遠別町字北浜,67-34,,
01486-4503-9.zip,202602101146,天塩郡遠別町字北浜,67-35,,
01486-4503-9.zip,202602101146,天塩郡遠別町字北浜,67-41,,
01486-4503-9.zip,202602101146,天塩郡遠別町字北浜,67-48,,
01486-4503-9.zip,202602101146,天塩郡遠別町字北浜,67-49,,
01486-4503-9.zip,202602101146,天塩郡遠別町字北浜,67-47,,
01486-4503-9.zip,202602101146,天塩郡遠別町字北浜,67-46,,
01486-4503-9.zip,202602101146,天塩郡遠別町字北浜,67-40,,
01486-4503-9.zip,202602101146,天塩郡遠別町字北浜,67-39,,
01486-4503-9.zip,202602101146,天塩郡遠別町字北浜,67-38,,
01486-4503-9.zip,202602101146,天塩郡遠別町字北浜,67-37,,
01486-4503-9.zip,202602101146,天塩郡遠別町字北浜,67-36,,
01486-4503-9.zip,202602101146,天塩郡遠別町字北浜,67-42,,
01486-4503-9.zip,202602101146,天塩郡遠別町字北浜,67-43,,
01486-4503-9.zip,202602101146,天塩郡遠別町字北浜,67-44,,
01486-4503-9.zip,202602101146,天塩郡遠別町字北浜,67-45,,
01486-4503-9.zip,202602101146,天塩郡遠別町字北浜,67-31,,
01486-4503-9.zip,202602101146,天塩郡遠別町字北浜,67-32,,
01486-4503-9.zip,202602101146,天塩郡遠別町字北浜,67-33,,
01486-4503-9.zip,202602101146,天塩郡遠別町字北浜,67-76,,
01486-4503-9.zip,202602101146,天塩郡遠別町字北浜,67-19,,
01486-4503-9.zip,202602101146,天塩郡遠別町字北浜,67-18,,
01486-4503-9.zip,202602101146,天塩郡遠別町字北浜,67-14,,
01486-4503-9.zip,202602101146,天塩郡遠別町字北浜,67-13,,
01486-4503-9.zip,202602101146,天塩郡遠別町字北浜,67-21,,
01486-4503-9.zip,202602101146,天塩郡遠別町字北浜,67-20,,
01486-4503-9.zip,202602101146,天塩郡遠別町字本町５丁目,3-74,,
01486-4503-9.zip,202602101146,天塩郡遠別町字本町５丁目,3-70,,
01486-4503-9.zip,202602101146,天塩郡遠別町字本町５丁目,3-31,,
01486-4503-9.zip,202602101146,天塩郡遠別町字本町５丁目,3-28,,
01486-4503-9.zip,202602101146,天塩郡遠別町字本町５丁目,3-46,,
01486-4503-9.zip,202602101146,天塩郡遠別町字本町５丁目,3-24,,
01486-4503-9.zip,202602101146,天塩郡遠別町字本町５丁目,3-75,,
01486-4503-9.zip,202602101146,天塩郡遠別町字本町５丁目,3-77,,
01486-4503-9.zip,202602101146,天塩郡遠別町字本町５丁目,3-76,,
01486-4503-9.zip,202602101146,天塩郡遠別町字北浜,67-24,,
01486-4503-9.zip,202602101146,天塩郡遠別町字北浜,67-25,,
01486-4503-9.zip,202602101146,天塩郡遠別町字北浜,67-26,,
01486-4503-9.zip,202602101146,天塩郡遠別町字北浜,67-27,,
01486-4503-9.zip,202602101146,天塩郡遠別町字北浜,67-51,,
01486-4503-9.zip,202602101146,天塩郡遠別町字北浜,67-54,,
01486-4503-9.zip,202602101146,天塩郡遠別町字北浜,67-55,,
01486-4503-9.zip,202602101146,天塩郡遠別町字北浜,67-56,,
01486-4503-9.zip,202602101146,天塩郡遠別町字北浜,67-57,,
01486-4503-9.zip,202602101146,天塩郡遠別町字北浜,67-58,,
01486-4503-9.zip,202602101146,天塩郡遠別町,地区外-230419,,
01486-4503-9.zip,202602101146,天塩郡遠別町,地区外-230420,,
01486-4503-9.zip,202602101146,天塩郡遠別町字北浜,67-60,,
01486-4503-9.zip,202602101146,天塩郡遠別町字北浜,67-59,,
01486-4503-9.zip,202602101146,天塩郡遠別町字本町２丁目,38-3,,
01486-4503-9.zip,202602101146,天塩郡遠別町字本町２丁目,38-1,,
01486-4503-9.zip,202602101146,天塩郡遠別町字本町２丁目,37,,
01486-4503-9.zip,202602101146,天塩郡遠別町字本町２丁目,39-3,,
01486-4503-9.zip,202602101146,天塩郡遠別町字本町２丁目,39-1,,
01486-4503-9.zip,202602101146,天塩郡遠別町字本町２丁目,道-12,,
01486-4503-9.zip,202602101146,天塩郡遠別町字本町４丁目,37-1,,
01486-4503-9.zip,202602101146,天塩郡遠別町字本町４丁目,37-2,,
01486-4503-9.zip,202602101146,天塩郡遠別町字本町４丁目,道-22,,
01486-4503-9.zip,202602101146,天塩郡遠別町字本町４丁目,44,,
01486-4503-9.zip,202602101146,天塩郡遠別町字北浜,91-53,,
01486-4503-9.zip,202602101146,天塩郡遠別町字本町３丁目,85-1,,
01486-4503-9.zip,202602101146,天塩郡遠別町字本町３丁目,85-3,,
01486-4503-9.zip,202602101146,天塩郡遠別町字本町３丁目,86-1,,
01486-4503-9.zip,202602101146,天塩郡遠別町字北浜,91-54,,
01486-4503-9.zip,202602101146,天塩郡遠別町字北浜,91-2,,
01486-4503-9.zip,202602101146,天塩郡遠別町字北浜,170-1,,
01486-4503-9.zip,202602101146,天塩郡遠別町字北浜,170-2,,
01486-4503-9.zip,202602101146,天塩郡遠別町,地区外-230025,,
01486-4503-9.zip,202602101146,天塩郡遠別町字北浜,171-14,,
01486-4503-9.zip,202602101146,天塩郡遠別町字北浜,171-38,,
01486-4503-9.zip,202602101146,天塩郡遠別町字北浜,171-15,,
01486-4503-9.zip,202602101146,天塩郡遠別町字北浜,171-39,,
01486-4503-9.zip,202602101146,天塩郡遠別町字北浜,91-57,,
01486-4503-9.zip,202602101146,天塩郡遠別町字北浜,85-1,,
01486-4503-9.zip,202602101146,天塩郡遠別町字本町５丁目,21-1,,
01486-4503-9.zip,202602101146,天塩郡遠別町字本町５丁目,21-3,,
01486-4503-9.zip,202602101146,天塩郡遠別町字本町５丁目,道-18,,
01486-4503-9.zip,202602101146,天塩郡遠別町字北浜,81-1,,
01486-4503-9.zip,202602101146,天塩郡遠別町字北浜,81-5,,
01486-4503-9.zip,202602101146,天塩郡遠別町字北浜,道-31,,
01486-4503-9.zip,202602101146,天塩郡遠別町字北浜,81-6,,
01486-4503-9.zip,202602101146,天塩郡遠別町字北浜,81-2,,
01486-4503-9.zip,202602101146,天塩郡遠別町字本町５丁目,22-5,,
01486-4503-9.zip,202602101146,天塩郡遠別町字本町５丁目,22-6,,
01486-4503-9.zip,202602101146,天塩郡遠別町字本町５丁目,22-1,,
01486-4503-9.zip,202602101146,天塩郡遠別町字本町５丁目,22-4,,
01486-4503-9.zip,202602101146,天塩郡遠別町字北浜,79-19,,
01486-4503-9.zip,202602101146,天塩郡遠別町字北浜,79-18,,
01486-4503-9.zip,202602101146,天塩郡遠別町字北浜,79-15,,
01486-4503-9.zip,202602101146,天塩郡遠別町字北浜,79-16,,
01486-4503-9.zip,202602101146,天塩郡遠別町字北浜,77-2,,
01486-4503-9.zip,202602101146,天塩郡遠別町字北浜,67-52,,
01486-4503-9.zip,202602101146,天塩郡遠別町字北浜,67-77,,
01486-4503-9.zip,202602101146,天塩郡遠別町字北浜,67-53,,
01486-4503-9.zip,202602101146,天塩郡遠別町字北浜,67-78,,
01486-4503-9.zip,202602101146,天塩郡遠別町,地区外-230404,,
01486-4503-9.zip,202602101146,天塩郡遠別町字北浜,道-70,,
01486-4503-9.zip,202602101146,天塩郡遠別町字北浜,91-60,,
01486-4503-9.zip,202602101146,天塩郡遠別町字北浜,91-44,,
01486-4503-9.zip,202602101146,天塩郡遠別町字北浜,91-58,,
01486-4503-9.zip,202602101146,天塩郡遠別町字北浜,91-59,,
01486-4503-9.zip,202602101146,天塩郡遠別町字北浜,91-61,,
01486-4503-9.zip,202602101146,天塩郡遠別町字北浜,91-3,,
01486-4503-9.zip,202602101146,天塩郡遠別町字北浜,91-50,,
01486-4503-9.zip,202602101146,天塩郡遠別町字北浜,91-49,,
01486-4503-9.zip,202602101146,天塩郡遠別町字北浜,91-65,,
01486-4503-9.zip,202602101146,天塩郡遠別町字北浜,91-64,,
01486-4503-9.zip,202602101146,天塩郡遠別町字北浜,91-63,,
01486-4503-9.zip,202602101146,天塩郡遠別町字北浜,91-62,,
01486-4503-9.zip,202602101146,天塩郡遠別町字北浜,91-48,,
01486-4503-9.zip,202602101146,天塩郡遠別町字北浜,91-51,,
01486-4503-9.zip,202602101146,天塩郡遠別町字北浜,91-46,,
01486-4503-9.zip,202602101146,天塩郡遠別町字北浜,91-56,,
01486-4503-9.zip,202602101146,天塩郡遠別町字北浜,91-55,,
01486-4503-9.zip,202602101146,天塩郡遠別町字本町４丁目,70-1,,
01486-4503-9.zip,202602101146,天塩郡遠別町字本町４丁目,70-2,,
01486-4503-9.zip,202602101146,天塩郡遠別町字本町４丁目,71-1,,
01486-4503-9.zip,202602101146,天塩郡遠別町字本町４丁目,71-2,,
01486-4503-9.zip,202602101146,天塩郡遠別町字本町３丁目,道-20,,
01486-4503-9.zip,202602101146,天塩郡遠別町字本町４丁目,72,,
01486-4503-9.zip,202602101146,天塩郡遠別町字本町１丁目,7-3,,
01486-4503-9.zip,202602101146,天塩郡遠別町字本町１丁目,7-1,,
01486-4503-9.zip,202602101146,天塩郡遠別町,地区外-230076,,
01486-4503-9.zip,202602101146,天塩郡遠別町字本町２丁目,95-3,,
01486-4503-9.zip,202602101146,天塩郡遠別町字本町２丁目,95-14,,
01486-4503-9.zip,202602101146,天塩郡遠別町字本町２丁目,95-1,,
01486-4503-9.zip,202602101146,天塩郡遠別町,地区外-230118,,
01486-4503-9.zip,202602101146,天塩郡遠別町字本町２丁目,95-11,,
01486-4503-9.zip,202602101146,天塩郡遠別町字本町３丁目,1-10,,
01486-4503-9.zip,202602101146,天塩郡遠別町字本町３丁目,1-14,,
01486-4503-9.zip,202602101146,天塩郡遠別町字本町３丁目,82-17,,
01486-4503-9.zip,202602101146,天塩郡遠別町字本町３丁目,82-25,,
01486-4503-9.zip,202602101146,天塩郡遠別町字本町３丁目,道-8,,
01486-4503-9.zip,202602101146,天塩郡遠別町字北浜,89-13,,
01486-4503-9.zip,202602101146,天塩郡遠別町字北浜,89-15,,
01486-4503-9.zip,202602101146,天塩郡遠別町字北浜,道-46,,
01486-4503-9.zip,202602101146,天塩郡遠別町字北浜,89-14,,
01486-4503-9.zip,202602101146,天塩郡遠別町字本町４丁目,84-3,,
01486-4503-9.zip,202602101146,天塩郡遠別町字本町４丁目,84-1,,
01486-4503-9.zip,202602101146,天塩郡遠別町字本町４丁目,86-1,,
01486-4503-9.zip,202602101146,天塩郡遠別町字本町４丁目,86-2,,
01486-4503-9.zip,202602101146,天塩郡遠別町字北浜,76-20,,
01486-4503-9.zip,202602101146,天塩郡遠別町字北浜,76-10,,
01486-4503-9.zip,202602101146,天塩郡遠別町字北浜,道-34,,
01486-4503-9.zip,202602101146,天塩郡遠別町字北浜,80-158,,
01486-4503-9.zip,202602101146,天塩郡遠別町字北浜,90-6,,
01486-4503-9.zip,202602101146,天塩郡遠別町字北浜,90-33,,
01486-4503-9.zip,202602101146,天塩郡遠別町字北浜,90-32,,
01486-4503-9.zip,202602101146,天塩郡遠別町字北浜,90-3,,
01486-4503-9.zip,202602101146,天塩郡遠別町字北浜,90-11,,
01486-4503-9.zip,202602101146,天塩郡遠別町字北浜,95-32,,
01486-4503-9.zip,202602101146,天塩郡遠別町字北浜,95-1,,
01486-4503-9.zip,202602101146,天塩郡遠別町字北浜,道-49,,
01486-4503-9.zip,202602101146,天塩郡遠別町字北浜,94-1,,
01486-4503-10.zip,202602101146,天塩郡遠別町字富士見,水-1,,
01486-4503-10.zip,202602101146,天塩郡遠別町字富士見,水-2,,
01486-4503-10.zip,202602101146,天塩郡遠別町,地区外-231976,,
01486-4503-10.zip,202602101146,天塩郡遠別町字富士見,232,,
01486-4503-10.zip,202602101146,天塩郡遠別町字富士見,126-1,,
01486-4503-10.zip,202602101146,天塩郡遠別町字富士見,109-1,,
01486-4503-10.zip,202602101146,天塩郡遠別町字富士見,109-5,,
01486-4503-10.zip,202602101146,天塩郡遠別町字富士見,112-21,,
01486-4503-10.zip,202602101146,天塩郡遠別町字富士見,112-17,,
01486-4503-10.zip,202602101146,天塩郡遠別町字富士見,118-11,,
01486-4503-10.zip,202602101146,天塩郡遠別町字富士見,118-10,,
01486-4503-10.zip,202602101146,天塩郡遠別町字富士見,118-1,,
01486-4503-10.zip,202602101146,天塩郡遠別町字富士見,118-9,,
01486-4503-10.zip,202602101146,天塩郡遠別町字富士見,109-3,,
01486-4503-10.zip,202602101146,天塩郡遠別町字富士見,109-2,,
01486-4503-10.zip,202602101146,天塩郡遠別町字富士見,109-4,,
01486-4503-10.zip,202602101146,天塩郡遠別町字富士見,112-18,,
01486-4503-10.zip,202602101146,天塩郡遠別町字富士見,231,,
01486-4503-10.zip,202602101146,天塩郡遠別町,地区外-231992,,
01486-4503-10.zip,202602101146,天塩郡遠別町字富士見,111-1,,
01486-4503-10.zip,202602101146,天塩郡遠別町字富士見,49-2,,
01486-4503-10.zip,202602101146,天塩郡遠別町字富士見,53-4,,
01486-4503-10.zip,202602101146,天塩郡遠別町字富士見,128-1,,
01486-4503-10.zip,202602101146,天塩郡遠別町,地区外-231997,,
01486-4503-10.zip,202602101146,天塩郡遠別町字富士見,212,,
01486-4503-10.zip,202602101146,天塩郡遠別町字富士見,127,,
01486-4503-10.zip,202602101146,天塩郡遠別町字富士見,196,,
01486-4503-10.zip,202602101146,天塩郡遠別町字富士見,16,,
01486-4503-10.zip,202602101146,天塩郡遠別町字富士見,197,,
01486-4503-10.zip,202602101146,天塩郡遠別町字富士見,10,,
01486-4503-10.zip,202602101146,天塩郡遠別町字富士見,道-1,,
01486-4503-10.zip,202602101146,天塩郡遠別町字富士見,7-1,,
01486-4503-10.zip,202602101146,天塩郡遠別町字富士見,49-9,,
01486-4503-10.zip,202602101146,天塩郡遠別町字富士見,153-1,,
01486-4503-10.zip,202602101146,天塩郡遠別町字富士見,153-2,,
01486-4503-10.zip,202602101146,天塩郡遠別町字富士見,154-3,,
01486-4503-10.zip,202602101146,天塩郡遠別町字富士見,154-1,,
01486-4503-10.zip,202602101146,天塩郡遠別町字富士見,53-1,,
01486-4503-10.zip,202602101146,天塩郡遠別町字富士見,154-2,,
01486-4503-10.zip,202602101146,天塩郡遠別町字富士見,137,,
01486-4503-10.zip,202602101146,天塩郡遠別町字富士見,53-8,,
01486-4503-10.zip,202602101146,天塩郡遠別町字富士見,53-7,,
01486-4503-10.zip,202602101146,天塩郡遠別町字富士見,53-5,,
01486-4503-10.zip,202602101146,天塩郡遠別町字富士見,53-6,,
01486-4503-10.zip,202602101146,天塩郡遠別町字富士見,57-1,,
01486-4503-10.zip,202602101146,天塩郡遠別町字富士見,215,,
01486-4503-10.zip,202602101146,天塩郡遠別町字富士見,61-7,,
01486-4503-10.zip,202602101146,天塩郡遠別町字富士見,61-6,,
01486-4503-10.zip,202602101146,天塩郡遠別町字富士見,214,,
01486-4503-10.zip,202602101146,天塩郡遠別町字富士見,9-2,,
01486-4503-10.zip,202602101146,天塩郡遠別町字富士見,166-3,,
01486-4503-10.zip,202602101146,天塩郡遠別町字富士見,198,,
01486-4503-10.zip,202602101146,天塩郡遠別町字富士見,14-2,,
01486-4503-10.zip,202602101146,天塩郡遠別町字富士見,14-3,,
01486-4503-10.zip,202602101146,天塩郡遠別町字富士見,14-1,,
01486-4503-10.zip,202602101146,天塩郡遠別町字富士見,195,,
01486-4503-10.zip,202602101146,天塩郡遠別町字富士見,11-3,,
01486-4503-10.zip,202602101146,天塩郡遠別町字富士見,191,,
01486-4503-10.zip,202602101146,天塩郡遠別町字富士見,9-3,,
01486-4503-10.zip,202602101146,天塩郡遠別町字富士見,9-6,,
01486-4503-10.zip,202602101146,天塩郡遠別町字富士見,9-1,,
01486-4503-10.zip,202602101146,天塩郡遠別町字富士見,9-4,,
01486-4503-10.zip,202602101146,天塩郡遠別町字富士見,143,,
01486-4503-10.zip,202602101146,天塩郡遠別町字富士見,213,,
01486-4503-10.zip,202602101146,天塩郡遠別町字富士見,184-3,,
01486-4503-10.zip,202602101146,天塩郡遠別町,地区外-232040,,
01486-4503-10.zip,202602101146,天塩郡遠別町字富士見,178-1,,
01486-4503-10.zip,202602101146,天塩郡遠別町字富士見,178-3,,
01486-4503-10.zip,202602101146,天塩郡遠別町字富士見,31-3,,
01486-4503-10.zip,202602101146,天塩郡遠別町字富士見,184-1,,
01486-4503-10.zip,202602101146,天塩郡遠別町字富士見,31-1,,
01486-4503-10.zip,202602101146,天塩郡遠別町字富士見,32-2,,
01486-4503-10.zip,202602101146,天塩郡遠別町字富士見,177-1,,
01486-4503-10.zip,202602101146,天塩郡遠別町字富士見,185,,
01486-4503-10.zip,202602101146,天塩郡遠別町字富士見,25-5,,
01486-4503-10.zip,202602101146,天塩郡遠別町字富士見,22-1,,
01486-4503-10.zip,202602101146,天塩郡遠別町字富士見,30-1,,
01486-4503-10.zip,202602101146,天塩郡遠別町字富士見,32-1,,
01486-4503-10.zip,202602101146,天塩郡遠別町字富士見,31-2,,
01486-4503-10.zip,202602101146,天塩郡遠別町字富士見,184-2,,
01486-4503-10.zip,202602101146,天塩郡遠別町字富士見,30-2,,
01486-4503-10.zip,202602101146,天塩郡遠別町字富士見,28-1,,
01486-4503-10.zip,202602101146,天塩郡遠別町字富士見,28-3,,
01486-4503-10.zip,202602101146,天塩郡遠別町字富士見,27,,
01486-4503-10.zip,202602101146,天塩郡遠別町字富士見,30-3,,
01486-4503-10.zip,202602101146,天塩郡遠別町字富士見,28-4,,
01486-4503-10.zip,202602101146,天塩郡遠別町字富士見,177-2,,
01486-4503-10.zip,202602101146,天塩郡遠別町字富士見,142-1,,
01486-4503-10.zip,202602101146,天塩郡遠別町字富士見,水-3,,
01486-4503-10.zip,202602101146,天塩郡遠別町字富士見,141,,
01486-4503-10.zip,202602101146,天塩郡遠別町字富士見,144,,
01486-4503-10.zip,202602101146,天塩郡遠別町字富士見,181,,
01486-4503-10.zip,202602101146,天塩郡遠別町字富士見,35-2,,
01486-4503-10.zip,202602101146,天塩郡遠別町字富士見,149-1,,
01486-4503-10.zip,202602101146,天塩郡遠別町字富士見,道-2,,
01486-4503-10.zip,202602101146,天塩郡遠別町字富士見,150-1,,
01486-4503-10.zip,202602101146,天塩郡遠別町字富士見,151,,
01486-4503-10.zip,202602101146,天塩郡遠別町字富士見,152-2,,
01486-4503-10.zip,202602101146,天塩郡遠別町字富士見,152-3,,
01486-4503-10.zip,202602101146,天塩郡遠別町字富士見,152-4,,
01486-4503-10.zip,202602101146,天塩郡遠別町字富士見,149-3,,
01486-4503-10.zip,202602101146,天塩郡遠別町字富士見,142-2,,
01486-4503-10.zip,202602101146,天塩郡遠別町字富士見,179,,
01486-4503-10.zip,202602101146,天塩郡遠別町字富士見,26-7,,
01486-4503-10.zip,202602101146,天塩郡遠別町字富士見,26-6,,
01486-4503-10.zip,202602101146,天塩郡遠別町字富士見,25-1,,
01486-4503-10.zip,202602101146,天塩郡遠別町字富士見,25-4,,
01486-4503-10.zip,202602101146,天塩郡遠別町字富士見,186,,
01486-4503-10.zip,202602101146,天塩郡遠別町字富士見,187,,
01486-4503-10.zip,202602101146,天塩郡遠別町字富士見,25-3,,
01486-4503-10.zip,202602101146,天塩郡遠別町字富士見,25-2,,
01486-4503-10.zip,202602101146,天塩郡遠別町字富士見,194,,
01486-4503-10.zip,202602101146,天塩郡遠別町字富士見,193,,
01486-4503-10.zip,202602101146,天塩郡遠別町字富士見,15-3,,
01486-4503-10.zip,202602101146,天塩郡遠別町字富士見,188,,
01486-4503-10.zip,202602101146,天塩郡遠別町字富士見,15-2,,
01486-4503-10.zip,202602101146,天塩郡遠別町字富士見,15-1,,
01486-4503-10.zip,202602101146,天塩郡遠別町字富士見,190,,
01486-4503-10.zip,202602101146,天塩郡遠別町字富士見,18-2,,
01486-4503-10.zip,202602101146,天塩郡遠別町字富士見,18-1,,
01486-4503-10.zip,202602101146,天塩郡遠別町字富士見,18-3,,
01486-4503-10.zip,202602101146,天塩郡遠別町字富士見,22-2,,
01486-4503-10.zip,202602101146,天塩郡遠別町字富士見,24-2,,
01486-4503-10.zip,202602101146,天塩郡遠別町字富士見,24-1,,
01486-4503-10.zip,202602101146,天塩郡遠別町字富士見,24-3,,
01486-4503-10.zip,202602101146,天塩郡遠別町字富士見,189,,
01486-4503-10.zip,202602101146,天塩郡遠別町字富士見,20-1,,
01486-4503-10.zip,202602101146,天塩郡遠別町字富士見,26-3,,
01486-4503-10.zip,202602101146,天塩郡遠別町字富士見,26-4,,
01486-4503-10.zip,202602101146,天塩郡遠別町字富士見,26-12,,
01486-4503-10.zip,202602101146,天塩郡遠別町字富士見,26-5,,
01486-4503-10.zip,202602101146,天塩郡遠別町字富士見,26-11,,
01486-4503-10.zip,202602101146,天塩郡遠別町字富士見,180,,
01486-4503-10.zip,202602101146,天塩郡遠別町字富士見,26-10,,
01486-4503-10.zip,202602101146,天塩郡遠別町字富士見,26-1,,
01486-4503-10.zip,202602101146,天塩郡遠別町字富士見,183,,
01486-4503-10.zip,202602101146,天塩郡遠別町字富士見,35-1,,
01486-4503-10.zip,202602101146,天塩郡遠別町字富士見,35-4,,
01486-4503-10.zip,202602101146,天塩郡遠別町字富士見,35-3,,
01486-4503-10.zip,202602101146,天塩郡遠別町字富士見,26-2,,
01486-4503-10.zip,202602101146,天塩郡遠別町字富士見,26-9,,
01486-4503-10.zip,202602101146,天塩郡遠別町字富士見,13-3,,
01486-4503-10.zip,202602101146,天塩郡遠別町字富士見,13-1,,
01486-4503-10.zip,202602101146,天塩郡遠別町字富士見,13-5,,
01486-4503-10.zip,202602101146,天塩郡遠別町字富士見,233,,
01486-4503-10.zip,202602101146,天塩郡遠別町字富士見,182,,
01486-4503-10.zip,202602101146,天塩郡遠別町字富士見,11-4,,
01486-4503-10.zip,202602101146,天塩郡遠別町字富士見,192,,
01486-4503-10.zip,202602101146,天塩郡遠別町字富士見,13-12,,
01486-4503-10.zip,202602101146,天塩郡遠別町字富士見,11-1,,
01486-4503-10.zip,202602101146,天塩郡遠別町字富士見,11-6,,
01486-4503-10.zip,202602101146,天塩郡遠別町字富士見,11-9,,
01486-4503-10.zip,202602101146,天塩郡遠別町字富士見,17-1,,
01486-4503-10.zip,202602101146,天塩郡遠別町字富士見,17-2,,
01486-4503-10.zip,202602101146,天塩郡遠別町字富士見,17-3,,
01486-4503-10.zip,202602101146,天塩郡遠別町字富士見,50,,
01486-4503-10.zip,202602101146,天塩郡遠別町字富士見,46-1,,
01486-4503-10.zip,202602101146,天塩郡遠別町字富士見,147-4,,
01486-4503-10.zip,202602101146,天塩郡遠別町字富士見,46-19,,
01486-4503-10.zip,202602101146,天塩郡遠別町字富士見,49-4,,
01486-4503-10.zip,202602101146,天塩郡遠別町字富士見,49-1,,
01486-4503-10.zip,202602101146,天塩郡遠別町字富士見,49-11,,
01486-4503-10.zip,202602101146,天塩郡遠別町字富士見,49-8,,
01486-4503-10.zip,202602101146,天塩郡遠別町字富士見,49-10,,
01486-4503-10.zip,202602101146,天塩郡遠別町字富士見,49-14,,
01486-4503-10.zip,202602101146,天塩郡遠別町字富士見,49-7,,
01486-4503-10.zip,202602101146,天塩郡遠別町字富士見,49-15,,
01486-4503-10.zip,202602101146,天塩郡遠別町字富士見,20-2,,
01486-4503-10.zip,202602101146,天塩郡遠別町字富士見,28-2,,
01486-4503-10.zip,202602101146,天塩郡遠別町字富士見,178-2,,
01486-4503-10.zip,202602101146,天塩郡遠別町,地区外-232148,,
01486-4503-10.zip,202602101146,天塩郡遠別町字富士見,110-1,,
01486-4503-10.zip,202602101146,天塩郡遠別町字富士見,110-29,,
01486-4503-10.zip,202602101146,天塩郡遠別町字富士見,110-31,,
01486-4503-10.zip,202602101146,天塩郡遠別町字富士見,110-30,,
01486-4503-10.zip,202602101146,天塩郡遠別町字富士見,110-28,,
01486-4503-10.zip,202602101146,天塩郡遠別町字富士見,110-47,,
01486-4503-10.zip,202602101146,天塩郡遠別町字富士見,110-38,,
01486-4503-10.zip,202602101146,天塩郡遠別町字富士見,110-37,,
01486-4503-10.zip,202602101146,天塩郡遠別町,地区外-232157,,
01486-4503-10.zip,202602101146,天塩郡遠別町字富士見,110-41,,
01486-4503-10.zip,202602101146,天塩郡遠別町,地区外-232159,,
01486-4503-10.zip,202602101146,天塩郡遠別町字富士見,110-40,,
01486-4503-10.zip,202602101146,天塩郡遠別町字富士見,110-39,,
01486-4503-10.zip,202602101146,天塩郡遠別町字富士見,110-48,,
01486-4503-10.zip,202602101146,天塩郡遠別町字富士見,110-49,,
01486-4503-10.zip,202602101146,天塩郡遠別町字富士見,110-50,,
01486-4503-10.zip,202602101146,天塩郡遠別町字富士見,110-51,,
01486-4503-10.zip,202602101146,天塩郡遠別町字富士見,110-52,,
01486-4503-10.zip,202602101146,天塩郡遠別町,地区外-232167,,
01486-4503-10.zip,202602101146,天塩郡遠別町,地区外-232168,,
01486-4503-10.zip,202602101146,天塩郡遠別町,地区外-232169,,
01486-4503-10.zip,202602101146,天塩郡遠別町,地区外-232170,,
01486-4503-10.zip,202602101146,天塩郡遠別町字富士見,126-8,,
01486-4503-10.zip,202602101146,天塩郡遠別町,地区外-232172,,
01486-4503-10.zip,202602101146,天塩郡遠別町字富士見,126-7,,
01486-4503-10.zip,202602101146,天塩郡遠別町字富士見,126-4,,
01486-4503-10.zip,202602101146,天塩郡遠別町字富士見,126-2,,
01486-4503-10.zip,202602101146,天塩郡遠別町字富士見,126-3,,
01486-4503-10.zip,202602101146,天塩郡遠別町字富士見,126-6,,
01486-4503-10.zip,202602101146,天塩郡遠別町字富士見,126-5,,
01486-4503-10.zip,202602101146,天塩郡遠別町字富士見,109-8,,
01486-4503-10.zip,202602101146,天塩郡遠別町字富士見,109-6,,
01486-4503-10.zip,202602101146,天塩郡遠別町字富士見,109-7,,
01486-4503-10.zip,202602101146,天塩郡遠別町字富士見,112-15,,
01486-4503-10.zip,202602101146,天塩郡遠別町字富士見,112-16,,
01486-4503-10.zip,202602101146,天塩郡遠別町字富士見,水-4,,
01486-4503-10.zip,202602101146,天塩郡遠別町,地区外-232185,,
01486-4503-10.zip,202602101146,天塩郡遠別町字富士見,112-9,,
01486-4503-10.zip,202602101146,天塩郡遠別町字富士見,112-13,,
01486-4503-10.zip,202602101146,天塩郡遠別町字富士見,112-1,,
01486-4503-10.zip,202602101146,天塩郡遠別町字富士見,112-6,,
01486-4503-10.zip,202602101146,天塩郡遠別町字富士見,112-14,,
01486-4503-10.zip,202602101146,天塩郡遠別町,地区外-232191,,
01486-4503-10.zip,202602101146,天塩郡遠別町字富士見,110-42,,
01486-4503-10.zip,202602101146,天塩郡遠別町字富士見,110-53,,
01486-4503-10.zip,202602101146,天塩郡遠別町字富士見,103-6,,
01486-4503-10.zip,202602101146,天塩郡遠別町字富士見,102,,
01486-4503-10.zip,202602101146,天塩郡遠別町字富士見,101,,
01486-4503-10.zip,202602101146,天塩郡遠別町字富士見,103-4,,
01486-4503-10.zip,202602101146,天塩郡遠別町字富士見,道-3,,
01486-4503-10.zip,202602101146,天塩郡遠別町字富士見,103-8,,
01486-4503-10.zip,202602101146,天塩郡遠別町字富士見,道-4,,
01486-4503-10.zip,202602101146,天塩郡遠別町字富士見,99-9,,
01486-4503-10.zip,202602101146,天塩郡遠別町字富士見,道-5,,
01486-4503-10.zip,202602101146,天塩郡遠別町字富士見,99-14,,
01486-4503-10.zip,202602101146,天塩郡遠別町字富士見,99-5,,
01486-4503-10.zip,202602101146,天塩郡遠別町字富士見,99-1,,
01486-4503-10.zip,202602101146,天塩郡遠別町字富士見,99-3,,
01486-4503-10.zip,202602101146,天塩郡遠別町字富士見,103-1,,
01486-4503-10.zip,202602101146,天塩郡遠別町字富士見,道-6,,
01486-4503-10.zip,202602101146,天塩郡遠別町字富士見,103-7,,
01486-4503-10.zip,202602101146,天塩郡遠別町字富士見,112-19,,
01486-4503-10.zip,202602101146,天塩郡遠別町字富士見,112-20,,
01486-4503-10.zip,202602101146,天塩郡遠別町字富士見,104-1,,
01486-4503-10.zip,202602101146,天塩郡遠別町字富士見,118-2,,
01486-4503-10.zip,202602101146,天塩郡遠別町字富士見,104-3,,
01486-4503-10.zip,202602101146,天塩郡遠別町字富士見,104-2,,
01486-4503-10.zip,202602101146,天塩郡遠別町字富士見,103-5,,
01486-4503-10.zip,202602101146,天塩郡遠別町字富士見,112-12,,
01486-4503-10.zip,202602101146,天塩郡遠別町字富士見,118-3,,
01486-4503-10.zip,202602101146,天塩郡遠別町字富士見,105,,
01486-4503-10.zip,202602101146,天塩郡遠別町字富士見,106,,
01486-4503-10.zip,202602101146,天塩郡遠別町字富士見,108-1,,
01486-4503-10.zip,202602101146,天塩郡遠別町字富士見,108-3,,
01486-4503-10.zip,202602101146,天塩郡遠別町字富士見,108-4,,
01486-4503-10.zip,202602101146,天塩郡遠別町字富士見,118-8,,
01486-4503-10.zip,202602101146,天塩郡遠別町字富士見,118-6,,
01486-4503-10.zip,202602101146,天塩郡遠別町字富士見,118-4,,
01486-4503-10.zip,202602101146,天塩郡遠別町字富士見,108-2,,
01486-4503-10.zip,202602101146,天塩郡遠別町字富士見,118-7,,
01486-4503-10.zip,202602101146,天塩郡遠別町字富士見,230,,
01486-4503-10.zip,202602101146,天塩郡遠別町字富士見,118-5,,
01486-4503-10.zip,202602101146,天塩郡遠別町,地区外-232231,,
01486-4503-10.zip,202602101146,天塩郡遠別町字富士見,229,,
01486-4503-10.zip,202602101146,天塩郡遠別町字富士見,130,,
01486-4503-10.zip,202602101146,天塩郡遠別町字富士見,175-1,,
01486-4503-10.zip,202602101146,天塩郡遠別町字富士見,110-23,,
01486-4503-10.zip,202602101146,天塩郡遠別町字富士見,87-1,,
01486-4503-10.zip,202602101146,天塩郡遠別町字富士見,道-7,,
01486-4503-10.zip,202602101146,天塩郡遠別町字富士見,85-1,,
01486-4503-10.zip,202602101146,天塩郡遠別町字富士見,84-2,,
01486-4503-10.zip,202602101146,天塩郡遠別町字富士見,110-43,,
01486-4503-10.zip,202602101146,天塩郡遠別町字富士見,110-44,,
01486-4503-10.zip,202602101146,天塩郡遠別町字富士見,110-45,,
01486-4503-10.zip,202602101146,天塩郡遠別町字富士見,110-36,,
01486-4503-10.zip,202602101146,天塩郡遠別町字富士見,110-56,,
01486-4503-10.zip,202602101146,天塩郡遠別町字富士見,110-55,,
01486-4503-10.zip,202602101146,天塩郡遠別町字富士見,110-54,,
01486-4503-10.zip,202602101146,天塩郡遠別町字富士見,112-30,,
01486-4503-10.zip,202602101146,天塩郡遠別町字富士見,112-40,,
01486-4503-10.zip,202602101146,天塩郡遠別町字富士見,112-41,,
01486-4503-10.zip,202602101146,天塩郡遠別町字富士見,99-12,,
01486-4503-10.zip,202602101146,天塩郡遠別町字富士見,99-10,,
01486-4503-10.zip,202602101146,天塩郡遠別町字富士見,99-11,,
01486-4503-10.zip,202602101146,天塩郡遠別町字富士見,100-5,,
01486-4503-10.zip,202602101146,天塩郡遠別町字富士見,100-1,,
01486-4503-10.zip,202602101146,天塩郡遠別町字富士見,100-6,,
01486-4503-10.zip,202602101146,天塩郡遠別町字富士見,99-13,,
01486-4503-10.zip,202602101146,天塩郡遠別町字富士見,99-6,,
01486-4503-10.zip,202602101146,天塩郡遠別町字富士見,112-7,,
01486-4503-10.zip,202602101146,天塩郡遠別町字富士見,81,,
01486-4503-10.zip,202602101146,天塩郡遠別町字富士見,水-5,,
01486-4503-10.zip,202602101146,天塩郡遠別町字富士見,80,,
01486-4503-10.zip,202602101146,天塩郡遠別町字富士見,79,,
01486-4503-10.zip,202602101146,天塩郡遠別町字富士見,89-2,,
01486-4503-10.zip,202602101146,天塩郡遠別町字富士見,110-25,,
01486-4503-10.zip,202602101146,天塩郡遠別町字富士見,110-24,,
01486-4503-10.zip,202602101146,天塩郡遠別町字富士見,110-26,,
01486-4503-10.zip,202602101146,天塩郡遠別町字富士見,110-46,,
01486-4503-10.zip,202602101146,天塩郡遠別町字富士見,89-1,,
01486-4503-10.zip,202602101146,天塩郡遠別町字富士見,91,,
01486-4503-10.zip,202602101146,天塩郡遠別町字富士見,225,,
01486-4503-10.zip,202602101146,天塩郡遠別町字富士見,83-1,,
01486-4503-10.zip,202602101146,天塩郡遠別町字富士見,83-2,,
01486-4503-10.zip,202602101146,天塩郡遠別町字富士見,223,,
01486-4503-10.zip,202602101146,天塩郡遠別町字富士見,69-3,,
01486-4503-10.zip,202602101146,天塩郡遠別町字富士見,68-1,,
01486-4503-10.zip,202602101146,天塩郡遠別町字富士見,68-4,,
01486-4503-10.zip,202602101146,天塩郡遠別町字富士見,69-2,,
01486-4503-10.zip,202602101146,天塩郡遠別町字富士見,69-1,,
01486-4503-10.zip,202602101146,天塩郡遠別町字富士見,222,,
01486-4503-10.zip,202602101146,天塩郡遠別町字富士見,131,,
01486-4503-10.zip,202602101146,天塩郡遠別町字富士見,88-4,,
01486-4503-10.zip,202602101146,天塩郡遠別町字富士見,83-4,,
01486-4503-10.zip,202602101146,天塩郡遠別町字富士見,67-8,,
01486-4503-10.zip,202602101146,天塩郡遠別町字富士見,67-6,,
01486-4503-10.zip,202602101146,天塩郡遠別町字富士見,67-2,,
01486-4503-10.zip,202602101146,天塩郡遠別町字富士見,74-6,,
01486-4503-10.zip,202602101146,天塩郡遠別町字富士見,70-1,,
01486-4503-10.zip,202602101146,天塩郡遠別町字富士見,道-8,,
01486-4503-10.zip,202602101146,天塩郡遠別町字富士見,78-2,,
01486-4503-10.zip,202602101146,天塩郡遠別町字富士見,78-1,,
01486-4503-10.zip,202602101146,天塩郡遠別町字富士見,169,,
01486-4503-10.zip,202602101146,天塩郡遠別町字富士見,168-1,,
01486-4503-10.zip,202602101146,天塩郡遠別町字富士見,92-3,,
01486-4503-10.zip,202602101146,天塩郡遠別町字富士見,170-2,,
01486-4503-10.zip,202602101146,天塩郡遠別町字富士見,90-1,,
01486-4503-10.zip,202602101146,天塩郡遠別町字富士見,水-6,,
01486-4503-10.zip,202602101146,天塩郡遠別町字富士見,95-1,,
01486-4503-10.zip,202602101146,天塩郡遠別町字富士見,97,,
01486-4503-10.zip,202602101146,天塩郡遠別町字富士見,99-17,,
01486-4503-10.zip,202602101146,天塩郡遠別町字富士見,99-18,,
01486-4503-10.zip,202602101146,天塩郡遠別町字富士見,110-27,,
01486-4503-10.zip,202602101146,天塩郡遠別町字富士見,98-3,,
01486-4503-10.zip,202602101146,天塩郡遠別町字富士見,98-1,,
01486-4503-10.zip,202602101146,天塩郡遠別町字富士見,110-34,,
01486-4503-10.zip,202602101146,天塩郡遠別町字富士見,110-35,,
01486-4503-10.zip,202602101146,天塩郡遠別町字富士見,110-33,,
01486-4503-10.zip,202602101146,天塩郡遠別町字富士見,110-32,,
01486-4503-10.zip,202602101146,天塩郡遠別町字富士見,98-2,,
01486-4503-10.zip,202602101146,天塩郡遠別町字富士見,92-8,,
01486-4503-10.zip,202602101146,天塩郡遠別町字富士見,170-1,,
01486-4503-10.zip,202602101146,天塩郡遠別町字富士見,90-2,,
01486-4503-10.zip,202602101146,天塩郡遠別町字富士見,92-4,,
01486-4503-10.zip,202602101146,天塩郡遠別町字富士見,92-1,,
01486-4503-10.zip,202602101146,天塩郡遠別町字富士見,92-7,,
01486-4503-10.zip,202602101146,天塩郡遠別町字富士見,92-5,,
01486-4503-10.zip,202602101146,天塩郡遠別町字富士見,94-1,,
01486-4503-10.zip,202602101146,天塩郡遠別町字富士見,94-4,,
01486-4503-10.zip,202602101146,天塩郡遠別町字富士見,171-1,,
01486-4503-10.zip,202602101146,天塩郡遠別町字富士見,72-1,,
01486-4503-10.zip,202602101146,天塩郡遠別町字富士見,74-3,,
01486-4503-10.zip,202602101146,天塩郡遠別町字富士見,75-19,,
01486-4503-10.zip,202602101146,天塩郡遠別町字富士見,道-9,,
01486-4503-10.zip,202602101146,天塩郡遠別町字富士見,76-4,,
01486-4503-10.zip,202602101146,天塩郡遠別町字富士見,92-9,,
01486-4503-10.zip,202602101146,天塩郡遠別町字富士見,94-7,,
01486-4503-10.zip,202602101146,天塩郡遠別町字富士見,99-16,,
01486-4503-10.zip,202602101146,天塩郡遠別町字富士見,99-15,,
01486-4503-10.zip,202602101146,天塩郡遠別町字富士見,99-7,,
01486-4503-10.zip,202602101146,天塩郡遠別町字富士見,95-3,,
01486-4503-10.zip,202602101146,天塩郡遠別町字富士見,94-5,,
01486-4503-10.zip,202602101146,天塩郡遠別町字富士見,112-22,,
01486-4503-10.zip,202602101146,天塩郡遠別町字富士見,76-2,,
01486-4503-10.zip,202602101146,天塩郡遠別町字富士見,75-12,,
01486-4503-10.zip,202602101146,天塩郡遠別町字富士見,75-20,,
01486-4503-10.zip,202602101146,天塩郡遠別町字富士見,61-1,,
01486-4503-10.zip,202602101146,天塩郡遠別町字富士見,61-3,,
01486-4503-10.zip,202602101146,天塩郡遠別町字富士見,75-8,,
01486-4503-10.zip,202602101146,天塩郡遠別町字富士見,64-4,,
01486-4503-10.zip,202602101146,天塩郡遠別町字富士見,道-10,,
01486-4503-10.zip,202602101146,天塩郡遠別町字富士見,64-6,,
01486-4503-10.zip,202602101146,天塩郡遠別町字富士見,64-2,,
01486-4503-10.zip,202602101146,天塩郡遠別町字富士見,61-2,,
01486-4503-10.zip,202602101146,天塩郡遠別町字富士見,61-5,,
01486-4503-10.zip,202602101146,天塩郡遠別町字富士見,75-4,,
01486-4503-10.zip,202602101146,天塩郡遠別町字富士見,75-23,,
01486-4503-10.zip,202602101146,天塩郡遠別町字富士見,75-24,,
01486-4503-10.zip,202602101146,天塩郡遠別町字富士見,75-6,,
01486-4503-10.zip,202602101146,天塩郡遠別町字富士見,75-18,,
01486-4503-10.zip,202602101146,天塩郡遠別町字富士見,74-1,,
01486-4503-10.zip,202602101146,天塩郡遠別町字富士見,74-5,,
01486-4503-10.zip,202602101146,天塩郡遠別町字富士見,72-4,,
01486-4503-10.zip,202602101146,天塩郡遠別町字富士見,72-3,,
01486-4503-10.zip,202602101146,天塩郡遠別町字富士見,71-1,,
01486-4503-10.zip,202602101146,天塩郡遠別町字富士見,72-5,,
01486-4503-10.zip,202602101146,天塩郡遠別町字富士見,75-3,,
01486-4503-10.zip,202602101146,天塩郡遠別町字富士見,74-7,,
01486-4503-10.zip,202602101146,天塩郡遠別町字富士見,75-22,,
01486-4503-10.zip,202602101146,天塩郡遠別町字富士見,75-2,,
01486-4503-10.zip,202602101146,天塩郡遠別町字富士見,75-5,,
01486-4503-10.zip,202602101146,天塩郡遠別町字富士見,67-7,,
01486-4503-10.zip,202602101146,天塩郡遠別町字富士見,67-1,,
01486-4503-10.zip,202602101146,天塩郡遠別町字富士見,224,,
01486-4503-10.zip,202602101146,天塩郡遠別町字富士見,76-6,,
01486-4503-10.zip,202602101146,天塩郡遠別町字富士見,112-38,,
01486-4503-10.zip,202602101146,天塩郡遠別町字富士見,112-39,,
01486-4503-10.zip,202602101146,天塩郡遠別町字富士見,112-44,,
01486-4503-10.zip,202602101146,天塩郡遠別町字富士見,112-28,,
01486-4503-10.zip,202602101146,天塩郡遠別町字富士見,112-45,,
01486-4503-10.zip,202602101146,天塩郡遠別町字富士見,112-46,,
01486-4503-10.zip,202602101146,天塩郡遠別町字富士見,99-8,,
01486-4503-10.zip,202602101146,天塩郡遠別町字富士見,226,,
01486-4503-10.zip,202602101146,天塩郡遠別町字富士見,172,,
01486-4503-10.zip,202602101146,天塩郡遠別町字富士見,112-3,,
01486-4503-10.zip,202602101146,天塩郡遠別町字富士見,94-2,,
01486-4503-10.zip,202602101146,天塩郡遠別町字富士見,167-1,,
01486-4503-10.zip,202602101146,天塩郡遠別町字富士見,112-29,,
01486-4503-10.zip,202602101146,天塩郡遠別町字富士見,218,,
01486-4503-10.zip,202602101146,天塩郡遠別町字富士見,60-1,,
01486-4503-10.zip,202602101146,天塩郡遠別町字富士見,219,,
01486-4503-10.zip,202602101146,天塩郡遠別町字富士見,92-10,,
01486-4503-10.zip,202602101146,天塩郡遠別町字富士見,92-6,,
01486-4503-10.zip,202602101146,天塩郡遠別町字富士見,60-2,,
01486-4503-10.zip,202602101146,天塩郡遠別町字富士見,59-1,,
01486-4503-10.zip,202602101146,天塩郡遠別町字富士見,62,,
01486-4503-10.zip,202602101146,天塩郡遠別町字富士見,73-3,,
01486-4503-10.zip,202602101146,天塩郡遠別町字富士見,227,,
01486-4503-10.zip,202602101146,天塩郡遠別町,地区外-232387,,
01486-4503-10.zip,202602101146,天塩郡遠別町字富士見,129,,
01486-4503-10.zip,202602101146,天塩郡遠別町字富士見,228,,
01486-4503-10.zip,202602101146,天塩郡遠別町字富士見,1-1,,
01486-4503-10.zip,202602101146,天塩郡遠別町字富士見,220,,
01486-4503-10.zip,202602101146,天塩郡遠別町,地区外-232392,,
01486-4503-10.zip,202602101146,天塩郡遠別町字富士見,128-3,,
01486-4503-10.zip,202602101146,天塩郡遠別町字富士見,128-2,,
01486-4503-10.zip,202602101146,天塩郡遠別町字富士見,221,,
01486-4503-10.zip,202602101146,天塩郡遠別町字富士見,2-1,,
01486-4503-10.zip,202602101146,天塩郡遠別町字富士見,6-1,,
01486-4503-10.zip,202602101146,天塩郡遠別町字富士見,6-5,,
01486-4503-10.zip,202602101146,天塩郡遠別町字富士見,166-1,,
01486-4503-10.zip,202602101146,天塩郡遠別町字富士見,水-7,,
01486-4503-10.zip,202602101146,天塩郡遠別町字富士見,水-8,,
01486-4503-10.zip,202602101146,天塩郡遠別町字富士見,3-3,,
01486-4503-10.zip,202602101146,天塩郡遠別町字富士見,3-2,,
01486-4503-10.zip,202602101146,天塩郡遠別町字富士見,3-1,,
01486-4503-10.zip,202602101146,天塩郡遠別町字富士見,3-6,,
01486-4503-10.zip,202602101146,天塩郡遠別町字富士見,3-4,,
01486-4503-10.zip,202602101146,天塩郡遠別町字富士見,3-5,,
01486-4503-10.zip,202602101146,天塩郡遠別町字富士見,68-2,,
01486-4503-10.zip,202602101146,天塩郡遠別町字富士見,長狭物不明-1,,
01486-4503-10.zip,202602101146,天塩郡遠別町字富士見,65-1,,
01486-4503-10.zip,202602101146,天塩郡遠別町字富士見,66-1,,
01486-4503-10.zip,202602101146,天塩郡遠別町字富士見,68-3,,
01486-4503-10.zip,202602101146,天塩郡遠別町字富士見,68-5,,
01486-4503-10.zip,202602101146,天塩郡遠別町字富士見,4-4,,
01486-4503-10.zip,202602101146,天塩郡遠別町字富士見,4-1,,
01486-4503-10.zip,202602101146,天塩郡遠別町字富士見,6-6,,
01486-4503-10.zip,202602101146,天塩郡遠別町字富士見,6-2,,
01486-4503-10.zip,202602101146,天塩郡遠別町字富士見,6-4,,
01486-4503-10.zip,202602101146,天塩郡遠別町字富士見,7-5,,
01486-4503-10.zip,202602101146,天塩郡遠別町字富士見,7-2,,
01486-4503-10.zip,202602101146,天塩郡遠別町字富士見,7-3,,
01486-4503-10.zip,202602101146,天塩郡遠別町字富士見,7-4,,
01486-4503-10.zip,202602101146,天塩郡遠別町字富士見,63-6,,
01486-4503-10.zip,202602101146,天塩郡遠別町字富士見,112-8,,
01486-4503-10.zip,202602101146,天塩郡遠別町字富士見,水-9,,
01486-4503-10.zip,202602101146,天塩郡遠別町,地区外-232426,,
01486-4503-10.zip,202602101146,天塩郡遠別町,地区外-232427,,
01486-4503-10.zip,202602101146,天塩郡遠別町,地区外-232428,,
01486-4503-10.zip,202602101146,天塩郡遠別町字富士見,117-1,,
01486-4503-10.zip,202602101146,天塩郡遠別町字富士見,115-1,,
01486-4503-10.zip,202602101146,天塩郡遠別町字富士見,115-3,,
01486-4503-10.zip,202602101146,天塩郡遠別町字富士見,115-4,,
01486-4503-10.zip,202602101146,天塩郡遠別町字富士見,115-5,,
01486-4503-10.zip,202602101146,天塩郡遠別町字富士見,114-1,,
01486-4503-10.zip,202602101146,天塩郡遠別町,地区外-232435,,
01486-4503-10.zip,202602101146,天塩郡遠別町字富士見,112-43,,
01486-4503-10.zip,202602101146,天塩郡遠別町字富士見,121-1,,
01486-4503-10.zip,202602101146,天塩郡遠別町字富士見,121-10,,
01486-4503-10.zip,202602101146,天塩郡遠別町字富士見,112-49,,
01486-4503-10.zip,202602101146,天塩郡遠別町字富士見,112-48,,
01486-4503-10.zip,202602101146,天塩郡遠別町字富士見,112-47,,
01486-4503-10.zip,202602101146,天塩郡遠別町字富士見,112-37,,
01486-4503-10.zip,202602101146,天塩郡遠別町字富士見,121-9,,
01486-4503-10.zip,202602101146,天塩郡遠別町字富士見,112-36,,
01486-4503-10.zip,202602101146,天塩郡遠別町字富士見,112-42,,
01486-4503-10.zip,202602101146,天塩郡遠別町字富士見,157,,
01486-4503-10.zip,202602101146,天塩郡遠別町字富士見,53-9,,
01486-4503-10.zip,202602101146,天塩郡遠別町字富士見,53-2,,
01486-4503-10.zip,202602101146,天塩郡遠別町字富士見,53-3,,
01486-4503-10.zip,202602101146,天塩郡遠別町字富士見,57-4,,
01486-4503-10.zip,202602101146,天塩郡遠別町字富士見,57-3,,
01486-4503-10.zip,202602101146,天塩郡遠別町字富士見,58,,
01486-4503-10.zip,202602101146,天塩郡遠別町字富士見,57-2,,
01486-4503-10.zip,202602101146,天塩郡遠別町字富士見,216,,
01486-4503-10.zip,202602101146,天塩郡遠別町字富士見,132,,
01486-4503-10.zip,202602101146,天塩郡遠別町字富士見,208,,
01486-4503-10.zip,202602101146,天塩郡遠別町字富士見,52-7,,
01486-4503-10.zip,202602101146,天塩郡遠別町字富士見,209,,
01486-4503-10.zip,202602101146,天塩郡遠別町字富士見,210,,
01486-4503-10.zip,202602101146,天塩郡遠別町字富士見,211,,
01486-4503-10.zip,202602101146,天塩郡遠別町字富士見,52-4,,
01486-4503-10.zip,202602101146,天塩郡遠別町字富士見,124-1,,
01486-4503-10.zip,202602101146,天塩郡遠別町字富士見,122-1,,
01486-4503-10.zip,202602101146,天塩郡遠別町字富士見,121-2,,
01486-4503-10.zip,202602101146,天塩郡遠別町字富士見,121-15,,
01486-4503-10.zip,202602101146,天塩郡遠別町字富士見,120-3,,
01486-4503-10.zip,202602101146,天塩郡遠別町字富士見,121-4,,
01486-4503-10.zip,202602101146,天塩郡遠別町字富士見,122-4,,
01486-4503-10.zip,202602101146,天塩郡遠別町字富士見,112-24,,
01486-4503-10.zip,202602101146,天塩郡遠別町字富士見,52-1,,
01486-4503-10.zip,202602101146,天塩郡遠別町字富士見,112-31,,
01486-4503-10.zip,202602101146,天塩郡遠別町字富士見,52-6,,
01486-4503-10.zip,202602101146,天塩郡遠別町字富士見,59-2,,
01486-4503-10.zip,202602101146,天塩郡遠別町字富士見,217,,
01486-4503-10.zip,202602101146,天塩郡遠別町,地区外-232475,,
01486-4503-10.zip,202602101146,天塩郡遠別町字富士見,46-24,,
01486-4503-10.zip,202602101146,天塩郡遠別町字富士見,46-22,,
01486-4503-10.zip,202602101146,天塩郡遠別町字富士見,206,,
01486-4503-10.zip,202602101146,天塩郡遠別町字富士見,207,,
01486-4503-10.zip,202602101146,天塩郡遠別町字富士見,112-4,,
01486-4503-10.zip,202602101146,天塩郡遠別町字富士見,112-27,,
01486-4503-10.zip,202602101146,天塩郡遠別町字富士見,120-1,,
01486-4503-10.zip,202602101146,天塩郡遠別町字富士見,120-5,,
01486-4503-10.zip,202602101146,天塩郡遠別町字富士見,159-2,,
01486-4503-10.zip,202602101146,天塩郡遠別町字富士見,159-3,,
01486-4503-10.zip,202602101146,天塩郡遠別町字富士見,120-8,,
01486-4503-10.zip,202602101146,天塩郡遠別町字富士見,159-1,,
01486-4503-10.zip,202602101146,天塩郡遠別町字富士見,120-4,,
01486-4503-10.zip,202602101146,天塩郡遠別町字富士見,112-26,,
01486-4503-10.zip,202602101146,天塩郡遠別町字富士見,120-6,,
01486-4503-10.zip,202602101146,天塩郡遠別町字富士見,121-5,,
01486-4503-10.zip,202602101146,天塩郡遠別町字富士見,121-13,,
01486-4503-10.zip,202602101146,天塩郡遠別町字富士見,121-11,,
01486-4503-10.zip,202602101146,天塩郡遠別町字富士見,121-12,,
01486-4503-10.zip,202602101146,天塩郡遠別町字富士見,121-14,,
01486-4503-10.zip,202602101146,天塩郡遠別町字富士見,203-2,,
01486-4503-10.zip,202602101146,天塩郡遠別町字富士見,146,,
01486-4503-10.zip,202602101146,天塩郡遠別町字富士見,46-2,,
01486-4503-10.zip,202602101146,天塩郡遠別町字富士見,42,,
01486-4503-10.zip,202602101146,天塩郡遠別町字富士見,41-1,,
01486-4503-10.zip,202602101146,天塩郡遠別町字富士見,43,,
01486-4503-10.zip,202602101146,天塩郡遠別町字富士見,46-5,,
01486-4503-10.zip,202602101146,天塩郡遠別町字富士見,205,,
01486-4503-10.zip,202602101146,天塩郡遠別町字富士見,204,,
01486-4503-10.zip,202602101146,天塩郡遠別町字富士見,112-23,,
01486-4503-10.zip,202602101146,天塩郡遠別町字富士見,112-25,,
01486-4503-10.zip,202602101146,天塩郡遠別町字富士見,112-5,,
01486-4503-10.zip,202602101146,天塩郡遠別町字富士見,203-1,,
01486-4503-10.zip,202602101146,天塩郡遠別町字富士見,112-33,,
01486-4503-10.zip,202602101146,天塩郡遠別町字富士見,112-35,,
01486-4503-10.zip,202602101146,天塩郡遠別町字富士見,122-2,,
01486-4503-10.zip,202602101146,天塩郡遠別町字富士見,112-34,,
01486-4503-10.zip,202602101146,天塩郡遠別町字富士見,122-3,,
01486-4503-10.zip,202602101146,天塩郡遠別町字富士見,46-25,,
01486-4503-10.zip,202602101146,天塩郡遠別町字富士見,46-8,,
01486-4503-10.zip,202602101146,天塩郡遠別町字富士見,46-20,,
01486-4503-10.zip,202602101146,天塩郡遠別町字富士見,202-2,,
01486-4503-10.zip,202602101146,天塩郡遠別町字富士見,202-1,,
01486-4503-10.zip,202602101146,天塩郡遠別町字富士見,124-2,,
01486-4503-10.zip,202602101146,天塩郡遠別町字富士見,201,,
01486-4503-10.zip,202602101146,天塩郡遠別町字富士見,49-3,,
01486-4503-10.zip,202602101146,天塩郡遠別町字富士見,200,,
01486-4503-10.zip,202602101146,天塩郡遠別町字富士見,133,,
01486-4503-10.zip,202602101146,天塩郡遠別町字富士見,49-6,,
01486-4503-10.zip,202602101146,天塩郡遠別町字富士見,49-13,,
01486-4503-10.zip,202602101146,天塩郡遠別町字富士見,49-12,,
01486-4503-10.zip,202602101146,天塩郡遠別町字富士見,49-5,,
01486-4503-10.zip,202602101146,天塩郡遠別町字富士見,112-32,,
01486-4503-10.zip,202602101146,天塩郡遠別町字富士見,122-5,,
01486-4503-10.zip,202602101146,天塩郡遠別町字富士見,122-6,,
01486-4503-10.zip,202602101146,天塩郡遠別町字富士見,122-7,,
01486-4503-10.zip,202602101146,天塩郡遠別町字富士見,122-8,,
01486-4503-10.zip,202602101146,天塩郡遠別町字富士見,120-7,,
01486-4503-10.zip,202602101146,天塩郡遠別町字富士見,46-23,,
01486-4503-10.zip,202602101146,天塩郡遠別町,地区外-232542,,
01486-4503-10.zip,202602101146,天塩郡遠別町字富士見,46-11,,
01486-4503-10.zip,202602101146,天塩郡遠別町字富士見,199-1,,
01486-4503-10.zip,202602101146,天塩郡遠別町字富士見,199-2,,
01486-4503-10.zip,202602101146,天塩郡遠別町字富士見,147-1,,
01486-4503-10.zip,202602101146,天塩郡遠別町字富士見,46-21,,
01486-4503-10.zip,202602101146,天塩郡遠別町字富士見,46-26,,
01486-4503-10.zip,202602101146,天塩郡遠別町字富士見,40,,
01486-4503-10.zip,202602101146,天塩郡遠別町字富士見,46-10,,
01486-4503-10.zip,202602101146,天塩郡遠別町字富士見,46-9,,
01486-4503-11.zip,202602101146,天塩郡遠別町字幸和,107-1,,
01486-4503-11.zip,202602101146,天塩郡遠別町,地区外-234635,,
01486-4503-11.zip,202602101146,天塩郡遠別町字幸和,405-13,,
01486-4503-11.zip,202602101146,天塩郡遠別町字幸和,107-7,,
01486-4503-11.zip,202602101146,天塩郡遠別町字幸和,405-11,,
01486-4503-11.zip,202602101146,天塩郡遠別町字幸和,405-10,,
01486-4503-11.zip,202602101146,天塩郡遠別町字幸和,405-9,,
01486-4503-11.zip,202602101146,天塩郡遠別町字幸和,405-8,,
01486-4503-11.zip,202602101146,天塩郡遠別町字幸和,80-3,,
01486-4503-11.zip,202602101146,天塩郡遠別町字幸和,80-4,,
01486-4503-11.zip,202602101146,天塩郡遠別町字幸和,79-1,,
01486-4503-11.zip,202602101146,天塩郡遠別町字幸和,81,,
01486-4503-11.zip,202602101146,天塩郡遠別町字幸和,82,,
01486-4503-11.zip,202602101146,天塩郡遠別町字幸和,79-8,,
01486-4503-11.zip,202602101146,天塩郡遠別町字幸和,道-1,,
01486-4503-11.zip,202602101146,天塩郡遠別町字幸和,79-3,,
01486-4503-11.zip,202602101146,天塩郡遠別町字幸和,405-16,,
01486-4503-11.zip,202602101146,天塩郡遠別町字幸和,405-14,,
01486-4503-11.zip,202602101146,天塩郡遠別町字幸和,405-5,,
01486-4503-11.zip,202602101146,天塩郡遠別町字幸和,405-1,,
01486-4503-11.zip,202602101146,天塩郡遠別町字幸和,405-17,,
01486-4503-11.zip,202602101146,天塩郡遠別町字幸和,405-12,,
01486-4503-11.zip,202602101146,天塩郡遠別町字幸和,405-3,,
01486-4503-11.zip,202602101146,天塩郡遠別町字幸和,水-1,,
01486-4503-11.zip,202602101146,天塩郡遠別町字幸和,405-4,,
01486-4503-11.zip,202602101146,天塩郡遠別町字本町１丁目,水-2,,
01486-4503-11.zip,202602101146,天塩郡遠別町,地区外-234660,,
01486-4503-11.zip,202602101146,天塩郡遠別町字幸和,405-7,,
01486-4503-11.zip,202602101146,天塩郡遠別町字幸和,405-6,,
01486-4503-11.zip,202602101146,天塩郡遠別町字幸和,107-8,,
01486-4503-11.zip,202602101146,天塩郡遠別町字幸和,106-3,,
01486-4503-11.zip,202602101146,天塩郡遠別町字幸和,106-2,,
01486-4503-11.zip,202602101146,天塩郡遠別町字幸和,405-20,,
01486-4503-11.zip,202602101146,天塩郡遠別町字幸和,405-19,,
01486-4503-11.zip,202602101146,天塩郡遠別町字幸和,405-2,,
01486-4503-11.zip,202602101146,天塩郡遠別町字幸和,405-18,,
01486-4503-11.zip,202602101146,天塩郡遠別町字幸和,405-21,,
01486-4503-11.zip,202602101146,天塩郡遠別町,地区外-234671,,
01486-4503-11.zip,202602101146,天塩郡遠別町字幸和,長狭物不明-1,,
01486-4503-11.zip,202602101146,天塩郡遠別町字幸和,953,,
01486-4503-11.zip,202602101146,天塩郡遠別町字幸和,長狭物不明-2,,
01486-4503-11.zip,202602101146,天塩郡遠別町字幸和,940,,
01486-4503-11.zip,202602101146,天塩郡遠別町字幸和,25-1,,
01486-4503-11.zip,202602101146,天塩郡遠別町字幸和,939,,
01486-4503-11.zip,202602101146,天塩郡遠別町字幸和,44-1,,
01486-4503-11.zip,202602101146,天塩郡遠別町,地区外-234680,,
01486-4503-11.zip,202602101146,天塩郡遠別町字幸和,21-17,,
01486-4503-11.zip,202602101146,天塩郡遠別町字幸和,21-44,,
01486-4503-11.zip,202602101146,天塩郡遠別町字幸和,21-15,,
01486-4503-11.zip,202602101146,天塩郡遠別町字幸和,947,,
01486-4503-11.zip,202602101146,天塩郡遠別町字幸和,945,,
01486-4503-11.zip,202602101146,天塩郡遠別町字幸和,944,,
01486-4503-11.zip,202602101146,天塩郡遠別町字幸和,943,,
01486-4503-11.zip,202602101146,天塩郡遠別町字幸和,938,,
01486-4503-11.zip,202602101146,天塩郡遠別町字幸和,28,,
01486-4503-11.zip,202602101146,天塩郡遠別町字幸和,942,,
01486-4503-11.zip,202602101146,天塩郡遠別町字幸和,941,,
01486-4503-11.zip,202602101146,天塩郡遠別町字幸和,水-3,,
01486-4503-11.zip,202602101146,天塩郡遠別町字幸和,26-3,,
01486-4503-11.zip,202602101146,天塩郡遠別町字幸和,26-5,,
01486-4503-11.zip,202602101146,天塩郡遠別町字幸和,946,,
01486-4503-11.zip,202602101146,天塩郡遠別町字幸和,21-25,,
01486-4503-11.zip,202602101146,天塩郡遠別町字幸和,25-2,,
01486-4503-11.zip,202602101146,天塩郡遠別町字幸和,25-4,,
01486-4503-11.zip,202602101146,天塩郡遠別町字幸和,21-10,,
01486-4503-11.zip,202602101146,天塩郡遠別町字幸和,44-2,,
01486-4503-11.zip,202602101146,天塩郡遠別町字幸和,921-2,,
01486-4503-11.zip,202602101146,天塩郡遠別町字幸和,936,,
01486-4503-11.zip,202602101146,天塩郡遠別町字幸和,935,,
01486-4503-11.zip,202602101146,天塩郡遠別町字幸和,44-3,,
01486-4503-11.zip,202602101146,天塩郡遠別町字幸和,937,,
01486-4503-11.zip,202602101146,天塩郡遠別町,地区外-234710,,
01486-4503-11.zip,202602101146,天塩郡遠別町字幸和,112-2,,
01486-4503-11.zip,202602101146,天塩郡遠別町,地区外-234712,,
01486-4503-11.zip,202602101146,天塩郡遠別町字幸和,921-1,,
01486-4503-11.zip,202602101146,天塩郡遠別町字幸和,921-4,,
01486-4503-11.zip,202602101146,天塩郡遠別町字幸和,921-3,,
01486-4503-11.zip,202602101146,天塩郡遠別町字幸和,長狭物不明-3,,
01486-4503-11.zip,202602101146,天塩郡遠別町,地区外-234700,,
01486-4503-11.zip,202602101146,天塩郡遠別町字幸和,934-1,,
01486-4503-11.zip,202602101146,天塩郡遠別町字幸和,934-3,,
01486-4503-11.zip,202602101146,天塩郡遠別町字幸和,934-2,,
01486-4503-11.zip,202602101146,天塩郡遠別町,地区外-234705,,
01486-4503-12.zip,202602101146,天塩郡遠別町字本町６丁目,道-1,,
01486-4503-12.zip,202602101146,天塩郡遠別町,地区外-235322,,
01486-4503-12.zip,202602101146,天塩郡遠別町,地区外-235323,,
01486-4503-12.zip,202602101146,天塩郡遠別町字幸和,3-1,,
01486-4503-12.zip,202602101146,天塩郡遠別町字幸和,4-1,,
01486-4503-12.zip,202602101146,天塩郡遠別町字幸和,4-3,,
01486-4503-12.zip,202602101146,天塩郡遠別町,地区外-235327,,
01486-4503-12.zip,202602101146,天塩郡遠別町字幸和,2-1,,
01486-4503-12.zip,202602101146,天塩郡遠別町字幸和,1-1,,
01486-4503-12.zip,202602101146,天塩郡遠別町字本町１丁目,12-1,,
01486-4503-12.zip,202602101146,天塩郡遠別町字本町１丁目,16,,
01486-4503-12.zip,202602101146,天塩郡遠別町字本町１丁目,道-2,,
01486-4503-12.zip,202602101146,天塩郡遠別町字本町１丁目,道-3,,
01486-4503-12.zip,202602101146,天塩郡遠別町字本町１丁目,18,,
01486-4503-12.zip,202602101146,天塩郡遠別町字本町１丁目,13-1,,
01486-4503-12.zip,202602101146,天塩郡遠別町字本町１丁目,4-10,,
01486-4503-12.zip,202602101146,天塩郡遠別町,地区外-235339,,
01486-4503-12.zip,202602101146,天塩郡遠別町,地区外-235340,,
01486-4503-12.zip,202602101146,天塩郡遠別町字本町１丁目,道-4,,
01486-4503-12.zip,202602101146,天塩郡遠別町字幸和,7-1,,
01486-4503-12.zip,202602101146,天塩郡遠別町字幸和,7-10,,
01486-4503-12.zip,202602101146,天塩郡遠別町字幸和,7-11,,
01486-4503-12.zip,202602101146,天塩郡遠別町字幸和,7-12,,
01486-4503-12.zip,202602101146,天塩郡遠別町字幸和,道-5,,
01486-4503-12.zip,202602101146,天塩郡遠別町字幸和,7-9,,
01486-4503-12.zip,202602101146,天塩郡遠別町字幸和,7-13,,
01486-4503-12.zip,202602101146,天塩郡遠別町字幸和,7-14,,
01486-4503-12.zip,202602101146,天塩郡遠別町字幸和,7-15,,
01486-4503-12.zip,202602101146,天塩郡遠別町字幸和,7-3,,
01486-4503-12.zip,202602101146,天塩郡遠別町字幸和,7-4,,
01486-4503-12.zip,202602101146,天塩郡遠別町字幸和,7-5,,
01486-4503-12.zip,202602101146,天塩郡遠別町字幸和,7-6,,
01486-4503-12.zip,202602101146,天塩郡遠別町字幸和,7-7,,
01486-4503-12.zip,202602101146,天塩郡遠別町字幸和,7-8,,
01486-4503-12.zip,202602101146,天塩郡遠別町字幸和,7-2,,
01486-4503-12.zip,202602101146,天塩郡遠別町字幸和,951,,
01486-4503-12.zip,202602101146,天塩郡遠別町字幸和,952,,
01486-4503-12.zip,202602101146,天塩郡遠別町字幸和,7-16,,
01486-4503-12.zip,202602101146,天塩郡遠別町,地区外-235363,,
01486-4503-12.zip,202602101146,天塩郡遠別町字幸和,6-1,,
01486-4503-12.zip,202602101146,天塩郡遠別町字幸和,950,,
01486-4503-12.zip,202602101146,天塩郡遠別町字幸和,9-6,,
01486-4503-12.zip,202602101146,天塩郡遠別町字幸和,8-1,,
01486-4503-12.zip,202602101146,天塩郡遠別町,地区外-235368,,
01486-4503-12.zip,202602101146,天塩郡遠別町字幸和,16-1,,
01486-4503-12.zip,202602101146,天塩郡遠別町字幸和,12-2,,
01486-4503-12.zip,202602101146,天塩郡遠別町字幸和,11-118,,
01486-4503-12.zip,202602101146,天塩郡遠別町字幸和,8-8,,
01486-4503-12.zip,202602101146,天塩郡遠別町字幸和,16-28,,
01486-4503-12.zip,202602101146,天塩郡遠別町,地区外-235374,,
01486-4503-12.zip,202602101146,天塩郡遠別町字幸和,11-61,,
01486-4503-12.zip,202602101146,天塩郡遠別町字幸和,道-6,,
01486-4503-12.zip,202602101146,天塩郡遠別町字幸和,11-100,,
01486-4503-12.zip,202602101146,天塩郡遠別町字幸和,11-133,,
01486-4503-12.zip,202602101146,天塩郡遠別町字幸和,11-102,,
01486-4503-12.zip,202602101146,天塩郡遠別町字幸和,11-122,,
01486-4503-12.zip,202602101146,天塩郡遠別町字幸和,11-123,,
01486-4503-12.zip,202602101146,天塩郡遠別町字幸和,11-94,,
01486-4503-12.zip,202602101146,天塩郡遠別町字幸和,11-99,,
01486-4503-12.zip,202602101146,天塩郡遠別町字幸和,11-131,,
01486-4503-12.zip,202602101146,天塩郡遠別町字幸和,11-92,,
01486-4503-12.zip,202602101146,天塩郡遠別町字幸和,5-4,,
01486-4503-12.zip,202602101146,天塩郡遠別町字幸和,5-2,,
01486-4503-12.zip,202602101146,天塩郡遠別町字幸和,5-1,,
01486-4503-12.zip,202602101146,天塩郡遠別町,地区外-235392,,
01486-4503-12.zip,202602101146,天塩郡遠別町字幸和,11-126,,
01486-4503-12.zip,202602101146,天塩郡遠別町字幸和,11-125,,
01486-4503-12.zip,202602101146,天塩郡遠別町字幸和,11-111,,
01486-4503-12.zip,202602101146,天塩郡遠別町字幸和,11-110,,
01486-4503-12.zip,202602101146,天塩郡遠別町字幸和,11-109,,
01486-4503-12.zip,202602101146,天塩郡遠別町字幸和,11-108,,
01486-4503-12.zip,202602101146,天塩郡遠別町字幸和,2-9,,
01486-4503-12.zip,202602101146,天塩郡遠別町字幸和,3-2,,
01486-4503-12.zip,202602101146,天塩郡遠別町字幸和,2-8,,
01486-4503-12.zip,202602101146,天塩郡遠別町字幸和,3-4,,
01486-4503-12.zip,202602101146,天塩郡遠別町字幸和,2-7,,
01486-4503-12.zip,202602101146,天塩郡遠別町字幸和,3-3,,
01486-4503-12.zip,202602101146,天塩郡遠別町字幸和,4-4,,
01486-4503-12.zip,202602101146,天塩郡遠別町字幸和,4-2,,
01486-4503-12.zip,202602101146,天塩郡遠別町字本町６丁目,1-7,,
01486-4503-12.zip,202602101146,天塩郡遠別町字本町６丁目,4-3,,
01486-4503-12.zip,202602101146,天塩郡遠別町字本町６丁目,1-6,,
01486-4503-12.zip,202602101146,天塩郡遠別町字本町６丁目,水-1,,
01486-4503-12.zip,202602101146,天塩郡遠別町字本町６丁目,2-3,,
01486-4503-12.zip,202602101146,天塩郡遠別町字本町６丁目,2-1,,
01486-4503-12.zip,202602101146,天塩郡遠別町字本町６丁目,2-5,,
01486-4503-12.zip,202602101146,天塩郡遠別町字本町６丁目,2-6,,
01486-4503-12.zip,202602101146,天塩郡遠別町字本町６丁目,道-8,,
01486-4503-12.zip,202602101146,天塩郡遠別町字幸和,2-2,,
01486-4503-12.zip,202602101146,天塩郡遠別町字幸和,2-10,,
01486-4503-12.zip,202602101146,天塩郡遠別町字幸和,2-4,,
01486-4503-12.zip,202602101146,天塩郡遠別町字幸和,2-3,,
01486-4503-12.zip,202602101146,天塩郡遠別町字幸和,2-5,,
01486-4503-12.zip,202602101146,天塩郡遠別町字幸和,1-2,,
01486-4503-12.zip,202602101146,天塩郡遠別町字幸和,2-6,,
01486-4503-12.zip,202602101146,天塩郡遠別町字本町６丁目,道-9,,
01486-4503-12.zip,202602101146,天塩郡遠別町字幸和,11-81,,
01486-4503-12.zip,202602101146,天塩郡遠別町,地区外-235428,,
01486-4503-12.zip,202602101146,天塩郡遠別町字本町６丁目,13-28,,
01486-4503-12.zip,202602101146,天塩郡遠別町字本町６丁目,13-51,,
01486-4503-12.zip,202602101146,天塩郡遠別町字本町６丁目,道-10,,
01486-4503-12.zip,202602101146,天塩郡遠別町字本町６丁目,19-16,,
01486-4503-12.zip,202602101146,天塩郡遠別町字本町６丁目,19-17,,
01486-4503-12.zip,202602101146,天塩郡遠別町字本町６丁目,19-15,,
01486-4503-12.zip,202602101146,天塩郡遠別町字幸和,11-80,,
01486-4503-12.zip,202602101146,天塩郡遠別町字幸和,11-79,,
01486-4503-12.zip,202602101146,天塩郡遠別町字幸和,11-69,,
01486-4503-12.zip,202602101146,天塩郡遠別町字幸和,11-78,,
01486-4503-12.zip,202602101146,天塩郡遠別町字幸和,11-67,,
01486-4503-12.zip,202602101146,天塩郡遠別町字幸和,11-77,,
01486-4503-12.zip,202602101146,天塩郡遠別町字幸和,11-68,,
01486-4503-12.zip,202602101146,天塩郡遠別町字幸和,道-11,,
01486-4503-12.zip,202602101146,天塩郡遠別町字幸和,11-70,,
01486-4503-12.zip,202602101146,天塩郡遠別町字本町６丁目,19-3,,
01486-4503-12.zip,202602101146,天塩郡遠別町字幸和,11-16,,
01486-4503-12.zip,202602101146,天塩郡遠別町字幸和,11-2,,
01486-4503-12.zip,202602101146,天塩郡遠別町字幸和,11-19,,
01486-4503-12.zip,202602101146,天塩郡遠別町字幸和,11-20,,
01486-4503-12.zip,202602101146,天塩郡遠別町字幸和,11-17,,
01486-4503-12.zip,202602101146,天塩郡遠別町字幸和,11-12,,
01486-4503-12.zip,202602101146,天塩郡遠別町字幸和,11-22,,
01486-4503-12.zip,202602101146,天塩郡遠別町字幸和,11-23,,
01486-4503-12.zip,202602101146,天塩郡遠別町字幸和,11-9,,
01486-4503-12.zip,202602101146,天塩郡遠別町字幸和,11-25,,
01486-4503-12.zip,202602101146,天塩郡遠別町字幸和,11-6,,
01486-4503-12.zip,202602101146,天塩郡遠別町字幸和,11-5,,
01486-4503-12.zip,202602101146,天塩郡遠別町字幸和,11-7,,
01486-4503-12.zip,202602101146,天塩郡遠別町字幸和,11-13,,
01486-4503-12.zip,202602101146,天塩郡遠別町字幸和,11-88,,
01486-4503-12.zip,202602101146,天塩郡遠別町字幸和,11-112,,
01486-4503-12.zip,202602101146,天塩郡遠別町字幸和,11-89,,
01486-4503-12.zip,202602101146,天塩郡遠別町字幸和,12-7,,
01486-4503-12.zip,202602101146,天塩郡遠別町字幸和,12-77,,
01486-4503-12.zip,202602101146,天塩郡遠別町字幸和,11-129,,
01486-4503-12.zip,202602101146,天塩郡遠別町字幸和,11-116,,
01486-4503-12.zip,202602101146,天塩郡遠別町字幸和,11-119,,
01486-4503-12.zip,202602101146,天塩郡遠別町字幸和,11-114,,
01486-4503-12.zip,202602101146,天塩郡遠別町字幸和,11-90,,
01486-4503-12.zip,202602101146,天塩郡遠別町字幸和,8-7,,
01486-4503-12.zip,202602101146,天塩郡遠別町字幸和,11-62,,
01486-4503-12.zip,202602101146,天塩郡遠別町字幸和,11-63,,
01486-4503-12.zip,202602101146,天塩郡遠別町字幸和,11-26,,
01486-4503-12.zip,202602101146,天塩郡遠別町字幸和,11-58,,
01486-4503-12.zip,202602101146,天塩郡遠別町字幸和,11-71,,
01486-4503-12.zip,202602101146,天塩郡遠別町字幸和,11-27,,
01486-4503-12.zip,202602101146,天塩郡遠別町字幸和,11-1,,
01486-4503-12.zip,202602101146,天塩郡遠別町字幸和,11-52,,
01486-4503-12.zip,202602101146,天塩郡遠別町字幸和,11-49,,
01486-4503-12.zip,202602101146,天塩郡遠別町字幸和,11-97,,
01486-4503-12.zip,202602101146,天塩郡遠別町字幸和,11-106,,
01486-4503-12.zip,202602101146,天塩郡遠別町字幸和,11-145,,
01486-4503-12.zip,202602101146,天塩郡遠別町字幸和,11-82,,
01486-4503-12.zip,202602101146,天塩郡遠別町字幸和,11-93,,
01486-4503-12.zip,202602101146,天塩郡遠別町字幸和,11-146,,
01486-4503-12.zip,202602101146,天塩郡遠別町字幸和,11-132,,
01486-4503-12.zip,202602101146,天塩郡遠別町字幸和,11-98,,
01486-4503-12.zip,202602101146,天塩郡遠別町字幸和,11-107,,
01486-4503-12.zip,202602101146,天塩郡遠別町字本町６丁目,19-5,,
01486-4503-12.zip,202602101146,天塩郡遠別町字本町６丁目,道-13,,
01486-4503-12.zip,202602101146,天塩郡遠別町字本町６丁目,13-21,,
01486-4503-12.zip,202602101146,天塩郡遠別町字本町６丁目,19-6,,
01486-4503-12.zip,202602101146,天塩郡遠別町字本町６丁目,13-20,,
01486-4503-12.zip,202602101146,天塩郡遠別町字本町６丁目,13-11,,
01486-4503-12.zip,202602101146,天塩郡遠別町字幸和,11-57,,
01486-4503-12.zip,202602101146,天塩郡遠別町字本町６丁目,19-7,,
01486-4503-12.zip,202602101146,天塩郡遠別町字本町６丁目,13-17,,
01486-4503-12.zip,202602101146,天塩郡遠別町字本町６丁目,13-16,,
01486-4503-12.zip,202602101146,天塩郡遠別町字本町６丁目,13-15,,
01486-4503-12.zip,202602101146,天塩郡遠別町字本町６丁目,13-13,,
01486-4503-12.zip,202602101146,天塩郡遠別町字本町６丁目,13-54,,
01486-4503-12.zip,202602101146,天塩郡遠別町字本町６丁目,9-1,,
01486-4503-12.zip,202602101146,天塩郡遠別町字本町６丁目,7-1,,
01486-4503-12.zip,202602101146,天塩郡遠別町字本町６丁目,13-2,,
01486-4503-12.zip,202602101146,天塩郡遠別町字本町６丁目,13-53,,
01486-4503-12.zip,202602101146,天塩郡遠別町字本町６丁目,13-34,,
01486-4503-12.zip,202602101146,天塩郡遠別町字本町６丁目,13-56,,
01486-4503-12.zip,202602101146,天塩郡遠別町字本町６丁目,13-55,,
01486-4503-12.zip,202602101146,天塩郡遠別町字本町６丁目,13-1,,
01486-4503-12.zip,202602101146,天塩郡遠別町字本町６丁目,13-57,,
01486-4503-12.zip,202602101146,天塩郡遠別町字本町６丁目,13-58,,
01486-4503-12.zip,202602101146,天塩郡遠別町字本町６丁目,13-52,,
01486-4503-12.zip,202602101146,天塩郡遠別町字本町６丁目,5-5,,
01486-4503-12.zip,202602101146,天塩郡遠別町字本町６丁目,4-6,,
01486-4503-12.zip,202602101146,天塩郡遠別町字本町６丁目,5-1,,
01486-4503-12.zip,202602101146,天塩郡遠別町字本町６丁目,4-2,,
01486-4503-12.zip,202602101146,天塩郡遠別町字本町６丁目,4-7,,
01486-4503-12.zip,202602101146,天塩郡遠別町字本町６丁目,13-18,,
01486-4503-12.zip,202602101146,天塩郡遠別町字本町６丁目,19-8,,
01486-4503-12.zip,202602101146,天塩郡遠別町字本町６丁目,19-9,,
01486-4503-12.zip,202602101146,天塩郡遠別町字本町６丁目,13-22,,
01486-4503-12.zip,202602101146,天塩郡遠別町字本町６丁目,19-10,,
01486-4503-12.zip,202602101146,天塩郡遠別町字本町６丁目,13-23,,
01486-4503-12.zip,202602101146,天塩郡遠別町字本町６丁目,13-25,,
01486-4503-12.zip,202602101146,天塩郡遠別町字本町６丁目,19-11,,
01486-4503-12.zip,202602101146,天塩郡遠別町字本町６丁目,19-12,,
01486-4503-12.zip,202602101146,天塩郡遠別町字本町６丁目,13-26,,
01486-4503-12.zip,202602101146,天塩郡遠別町字本町６丁目,13-29,,
01486-4503-12.zip,202602101146,天塩郡遠別町字本町６丁目,13-30,,
01486-4503-12.zip,202602101146,天塩郡遠別町字本町６丁目,19-13,,
01486-4503-12.zip,202602101146,天塩郡遠別町字本町６丁目,19-14,,
01486-4503-12.zip,202602101146,天塩郡遠別町字本町６丁目,13-50,,
01486-4503-12.zip,202602101146,天塩郡遠別町字幸和,11-73,,
01486-4503-12.zip,202602101146,天塩郡遠別町字幸和,11-74,,
01486-4503-12.zip,202602101146,天塩郡遠別町字幸和,11-64,,
01486-4503-12.zip,202602101146,天塩郡遠別町字幸和,11-75,,
01486-4503-12.zip,202602101146,天塩郡遠別町字幸和,11-65,,
01486-4503-12.zip,202602101146,天塩郡遠別町字幸和,11-76,,
01486-4503-12.zip,202602101146,天塩郡遠別町字幸和,11-66,,
01486-4503-12.zip,202602101146,天塩郡遠別町字本町２丁目,100,,
01486-4503-12.zip,202602101146,天塩郡遠別町字本町６丁目,5-4,,
01486-4503-12.zip,202602101146,天塩郡遠別町字本町６丁目,1-2,,
01486-4503-12.zip,202602101146,天塩郡遠別町字本町１丁目,21,,
01486-4503-12.zip,202602101146,天塩郡遠別町字本町１丁目,4-6,,
01486-4503-12.zip,202602101146,天塩郡遠別町,地区外-235549,,
01486-4503-12.zip,202602101146,天塩郡遠別町字本町２丁目,90-1,,
01486-4503-12.zip,202602101146,天塩郡遠別町字本町２丁目,道-14,,
01486-4503-12.zip,202602101146,天塩郡遠別町字本町１丁目,道-15,,
01486-4503-12.zip,202602101146,天塩郡遠別町字本町２丁目,道-16,,
01486-4503-12.zip,202602101146,天塩郡遠別町字本町１丁目,道-17,,
01486-4503-12.zip,202602101146,天塩郡遠別町字本町２丁目,79,,
01486-4503-12.zip,202602101146,天塩郡遠別町字本町２丁目,69,,
01486-4503-12.zip,202602101146,天塩郡遠別町字本町２丁目,82,,
01486-4503-12.zip,202602101146,天塩郡遠別町字本町２丁目,83,,
01486-4503-12.zip,202602101146,天塩郡遠別町字本町２丁目,80,,
01486-4503-12.zip,202602101146,天塩郡遠別町字本町２丁目,91-2,,
01486-4503-12.zip,202602101146,天塩郡遠別町字本町２丁目,91-1,,
01486-4503-12.zip,202602101146,天塩郡遠別町字本町１丁目,4-7,,
01486-4503-12.zip,202602101146,天塩郡遠別町字本町１丁目,3-5,,
01486-4503-12.zip,202602101146,天塩郡遠別町字本町１丁目,4-4,,
01486-4503-12.zip,202602101146,天塩郡遠別町字本町１丁目,4-8,,
01486-4503-12.zip,202602101146,天塩郡遠別町字本町６丁目,1-5,,
01486-4503-12.zip,202602101146,天塩郡遠別町,地区外-235567,,
01486-4503-12.zip,202602101146,天塩郡遠別町字本町２丁目,56,,
01486-4503-12.zip,202602101146,天塩郡遠別町字本町２丁目,55,,
01486-4503-12.zip,202602101146,天塩郡遠別町字本町２丁目,54,,
01486-4503-12.zip,202602101146,天塩郡遠別町字本町２丁目,63-1,,
01486-4503-12.zip,202602101146,天塩郡遠別町字本町２丁目,63-3,,
01486-4503-12.zip,202602101146,天塩郡遠別町字本町２丁目,道-18,,
01486-4503-12.zip,202602101146,天塩郡遠別町字本町２丁目,63-2,,
01486-4503-12.zip,202602101146,天塩郡遠別町字本町２丁目,53,,
01486-4503-12.zip,202602101146,天塩郡遠別町字本町２丁目,52,,
01486-4503-12.zip,202602101146,天塩郡遠別町字本町２丁目,51,,
01486-4503-12.zip,202602101146,天塩郡遠別町字本町２丁目,62,,
01486-4503-12.zip,202602101146,天塩郡遠別町字本町２丁目,61,,
01486-4503-12.zip,202602101146,天塩郡遠別町字本町２丁目,70,,
01486-4503-12.zip,202602101146,天塩郡遠別町字本町２丁目,71,,
01486-4503-12.zip,202602101146,天塩郡遠別町字本町２丁目,72,,
01486-4503-12.zip,202602101146,天塩郡遠別町字本町２丁目,73,,
01486-4503-12.zip,202602101146,天塩郡遠別町字本町２丁目,道-19,,
01486-4503-12.zip,202602101146,天塩郡遠別町,地区外-235590,,
01486-4503-12.zip,202602101146,天塩郡遠別町字本町２丁目,道-20,,
01486-4503-12.zip,202602101146,天塩郡遠別町字本町６丁目,9-2,,
01486-4503-12.zip,202602101146,天塩郡遠別町字本町６丁目,8-3,,
01486-4503-12.zip,202602101146,天塩郡遠別町字本町６丁目,8-2,,
01486-4503-12.zip,202602101146,天塩郡遠別町字本町６丁目,5-6,,
01486-4503-12.zip,202602101146,天塩郡遠別町字本町２丁目,88,,
01486-4503-12.zip,202602101146,天塩郡遠別町字本町２丁目,87,,
01486-4503-12.zip,202602101146,天塩郡遠別町字本町２丁目,86,,
01486-4503-12.zip,202602101146,天塩郡遠別町字本町２丁目,85,,
01486-4503-12.zip,202602101146,天塩郡遠別町字本町２丁目,84,,
01486-4503-12.zip,202602101146,天塩郡遠別町字本町２丁目,93,,
01486-4503-12.zip,202602101146,天塩郡遠別町字本町２丁目,90-2,,
01486-4503-12.zip,202602101146,天塩郡遠別町字本町６丁目,8-1,,
01486-4503-12.zip,202602101146,天塩郡遠別町字本町６丁目,9-3,,
01486-4503-12.zip,202602101146,天塩郡遠別町,地区外-235605,,
01486-4503-12.zip,202602101146,天塩郡遠別町字本町２丁目,60-3,,
01486-4503-12.zip,202602101146,天塩郡遠別町字本町２丁目,60-1,,
01486-4503-12.zip,202602101146,天塩郡遠別町字本町２丁目,59,,
01486-4503-12.zip,202602101146,天塩郡遠別町字本町２丁目,60-2,,
01486-4503-12.zip,202602101146,天塩郡遠別町字本町２丁目,66-3,,
01486-4503-12.zip,202602101146,天塩郡遠別町字本町２丁目,58,,
01486-4503-12.zip,202602101146,天塩郡遠別町字本町２丁目,57,,
01486-4503-12.zip,202602101146,天塩郡遠別町字本町２丁目,65,,
01486-4503-12.zip,202602101146,天塩郡遠別町字本町２丁目,64,,
01486-4503-12.zip,202602101146,天塩郡遠別町字本町２丁目,68-1,,
01486-4503-12.zip,202602101146,天塩郡遠別町字本町２丁目,68-2,,
01486-4503-12.zip,202602101146,天塩郡遠別町字本町２丁目,78-1,,
01486-4503-12.zip,202602101146,天塩郡遠別町字本町２丁目,77-1,,
01486-4503-12.zip,202602101146,天塩郡遠別町字本町２丁目,78-3,,
01486-4503-12.zip,202602101146,天塩郡遠別町字本町２丁目,78-2,,
01486-4503-12.zip,202602101146,天塩郡遠別町字本町２丁目,77-3,,
01486-4503-12.zip,202602101146,天塩郡遠別町字本町２丁目,77-2,,
01486-4503-12.zip,202602101146,天塩郡遠別町字本町２丁目,76,,
01486-4503-12.zip,202602101146,天塩郡遠別町字本町２丁目,75,,
01486-4503-12.zip,202602101146,天塩郡遠別町字本町２丁目,74,,
01486-4503-12.zip,202602101146,天塩郡遠別町字幸和,15,,
01486-4503-12.zip,202602101146,天塩郡遠別町字幸和,16-23,,
01486-4503-12.zip,202602101146,天塩郡遠別町字幸和,16-22,,
01486-4503-12.zip,202602101146,天塩郡遠別町字幸和,16-30,,
01486-4503-12.zip,202602101146,天塩郡遠別町,地区外-235631,,
01486-4503-12.zip,202602101146,天塩郡遠別町字幸和,16-29,,
01486-4503-12.zip,202602101146,天塩郡遠別町字幸和,16-27,,
01486-4503-12.zip,202602101146,天塩郡遠別町字幸和,12-73,,
01486-4503-12.zip,202602101146,天塩郡遠別町字幸和,12-1,,
01486-4503-12.zip,202602101146,天塩郡遠別町字幸和,12-67,,
01486-4503-12.zip,202602101146,天塩郡遠別町字幸和,12-48,,
01486-4503-12.zip,202602101146,天塩郡遠別町字幸和,12-47,,
01486-4503-12.zip,202602101146,天塩郡遠別町字幸和,12-46,,
01486-4503-12.zip,202602101146,天塩郡遠別町字幸和,12-45,,
01486-4503-12.zip,202602101146,天塩郡遠別町字幸和,12-44,,
01486-4503-12.zip,202602101146,天塩郡遠別町字幸和,12-68,,
01486-4503-12.zip,202602101146,天塩郡遠別町字幸和,12-6,,
01486-4503-12.zip,202602101146,天塩郡遠別町字幸和,16-25,,
01486-4503-12.zip,202602101146,天塩郡遠別町字幸和,16-16,,
01486-4503-12.zip,202602101146,天塩郡遠別町字幸和,16-15,,
01486-4503-12.zip,202602101146,天塩郡遠別町字幸和,16-14,,
01486-4503-12.zip,202602101146,天塩郡遠別町字幸和,16-6,,
01486-4503-12.zip,202602101146,天塩郡遠別町字幸和,16-13,,
01486-4503-12.zip,202602101146,天塩郡遠別町字幸和,16-17,,
01486-4503-12.zip,202602101146,天塩郡遠別町字幸和,16-24,,
01486-4503-12.zip,202602101146,天塩郡遠別町字幸和,16-18,,
01486-4503-12.zip,202602101146,天塩郡遠別町,地区外-235653,,
01486-4503-12.zip,202602101146,天塩郡遠別町字幸和,17-3,,
01486-4503-12.zip,202602101146,天塩郡遠別町字幸和,17-1,,
01486-4503-12.zip,202602101146,天塩郡遠別町字幸和,18-3,,
01486-4503-12.zip,202602101146,天塩郡遠別町字幸和,18-1,,
01486-4503-12.zip,202602101146,天塩郡遠別町字幸和,16-21,,
01486-4503-12.zip,202602101146,天塩郡遠別町字幸和,12-3,,
01486-4503-12.zip,202602101146,天塩郡遠別町字幸和,12-8,,
01486-4503-12.zip,202602101146,天塩郡遠別町字幸和,14-6,,
01486-4503-12.zip,202602101146,天塩郡遠別町字幸和,12-11,,
01486-4503-12.zip,202602101146,天塩郡遠別町字幸和,12-12,,
01486-4503-12.zip,202602101146,天塩郡遠別町字幸和,14-10,,
01486-4503-12.zip,202602101146,天塩郡遠別町字幸和,14-11,,
01486-4503-12.zip,202602101146,天塩郡遠別町字幸和,14-12,,
01486-4503-12.zip,202602101146,天塩郡遠別町字幸和,12-21,,
01486-4503-12.zip,202602101146,天塩郡遠別町字幸和,12-20,,
01486-4503-12.zip,202602101146,天塩郡遠別町字幸和,12-18,,
01486-4503-12.zip,202602101146,天塩郡遠別町字幸和,12-76,,
01486-4503-12.zip,202602101146,天塩郡遠別町字幸和,12-17,,
01486-4503-12.zip,202602101146,天塩郡遠別町字幸和,12-16,,
01486-4503-12.zip,202602101146,天塩郡遠別町字幸和,12-9,,
01486-4503-12.zip,202602101146,天塩郡遠別町字幸和,12-15,,
01486-4503-12.zip,202602101146,天塩郡遠別町字幸和,12-13,,
01486-4503-12.zip,202602101146,天塩郡遠別町字幸和,12-14,,
01486-4503-12.zip,202602101146,天塩郡遠別町字幸和,12-22,,
01486-4503-12.zip,202602101146,天塩郡遠別町字幸和,13,,
01486-4503-12.zip,202602101146,天塩郡遠別町字幸和,16-2,,
01486-4503-12.zip,202602101146,天塩郡遠別町字幸和,16-26,,
01486-4503-12.zip,202602101146,天塩郡遠別町字幸和,16-8,,
01486-4503-12.zip,202602101146,天塩郡遠別町字幸和,16-9,,
01486-4503-12.zip,202602101146,天塩郡遠別町字幸和,16-20,,
01486-4503-12.zip,202602101146,天塩郡遠別町字幸和,16-19,,
01486-4503-12.zip,202602101146,天塩郡遠別町字幸和,12-23,,
01486-4503-12.zip,202602101146,天塩郡遠別町字幸和,12-24,,
01486-4503-12.zip,202602101146,天塩郡遠別町字幸和,12-25,,
01486-4503-12.zip,202602101146,天塩郡遠別町字幸和,12-26,,
01486-4503-12.zip,202602101146,天塩郡遠別町字幸和,12-27,,
01486-4503-12.zip,202602101146,天塩郡遠別町字幸和,12-42,,
01486-4503-12.zip,202602101146,天塩郡遠別町字幸和,12-41,,
01486-4503-12.zip,202602101146,天塩郡遠別町字幸和,12-40,,
01486-4503-12.zip,202602101146,天塩郡遠別町字幸和,12-39,,
01486-4503-12.zip,202602101146,天塩郡遠別町字幸和,12-38,,
01486-4503-12.zip,202602101146,天塩郡遠別町字幸和,12-43,,
01486-4503-12.zip,202602101146,天塩郡遠別町字幸和,12-30,,
01486-4503-12.zip,202602101146,天塩郡遠別町字幸和,12-31,,
01486-4503-12.zip,202602101146,天塩郡遠別町字幸和,12-32,,
01486-4503-12.zip,202602101146,天塩郡遠別町字幸和,12-37,,
01486-4503-12.zip,202602101146,天塩郡遠別町字幸和,12-36,,
01486-4503-12.zip,202602101146,天塩郡遠別町字幸和,16-3,,
01486-4503-12.zip,202602101146,天塩郡遠別町字幸和,16-5,,
01486-4503-12.zip,202602101146,天塩郡遠別町字幸和,16-7,,
01486-4503-12.zip,202602101146,天塩郡遠別町字幸和,16-11,,
01486-4503-12.zip,202602101146,天塩郡遠別町字幸和,16-10,,
01486-4503-12.zip,202602101146,天塩郡遠別町字幸和,16-4,,
01486-4503-12.zip,202602101146,天塩郡遠別町字幸和,16-12,,
01486-4503-12.zip,202602101146,天塩郡遠別町字幸和,471-1,,
01486-4503-12.zip,202602101146,天塩郡遠別町字幸和,469-4,,
01486-4503-12.zip,202602101146,天塩郡遠別町字幸和,469-1,,
01486-4503-12.zip,202602101146,天塩郡遠別町字幸和,469-3,,
01486-4503-12.zip,202602101146,天塩郡遠別町字幸和,469-2,,
01486-4503-12.zip,202602101146,天塩郡遠別町,地区外-235713,,
01486-4503-12.zip,202602101146,天塩郡遠別町字幸和,469-9,,
01486-4503-12.zip,202602101146,天塩郡遠別町字本町６丁目,19-1,,
01486-4503-12.zip,202602101146,天塩郡遠別町字本町６丁目,20,,
01486-4503-12.zip,202602101146,天塩郡遠別町字幸和,12-74,,
01486-4503-12.zip,202602101146,天塩郡遠別町字本町６丁目,28-3,,
01486-4503-12.zip,202602101146,天塩郡遠別町字本町６丁目,16-1,,
01486-4503-12.zip,202602101146,天塩郡遠別町字本町６丁目,27-9,,
01486-4503-12.zip,202602101146,天塩郡遠別町字幸和,11-24,,
01486-4503-12.zip,202602101146,天塩郡遠別町字幸和,12-70,,
01486-4503-12.zip,202602101146,天塩郡遠別町字幸和,12-72,,
01486-4503-12.zip,202602101146,天塩郡遠別町,地区外-235727,,
01486-4503-12.zip,202602101146,天塩郡遠別町字本町６丁目,10-1,,
01486-4503-12.zip,202602101146,天塩郡遠別町字本町６丁目,11-3,,
01486-4503-12.zip,202602101146,天塩郡遠別町字本町６丁目,11-2,,
01486-4503-12.zip,202602101146,天塩郡遠別町字本町６丁目,11-1,,
01486-4503-12.zip,202602101146,天塩郡遠別町字本町６丁目,12,,
01486-4503-12.zip,202602101146,天塩郡遠別町字本町６丁目,22-5,,
01486-4503-12.zip,202602101146,天塩郡遠別町字本町６丁目,15-1,,
01486-4503-12.zip,202602101146,天塩郡遠別町字本町６丁目,13-39,,
01486-4503-12.zip,202602101146,天塩郡遠別町字本町６丁目,22-1,,
01486-4503-12.zip,202602101146,天塩郡遠別町字本町６丁目,道-22,,
01486-4503-12.zip,202602101146,天塩郡遠別町字本町６丁目,13-9,,
01486-4503-12.zip,202602101146,天塩郡遠別町字本町６丁目,13-32,,
01486-4503-12.zip,202602101146,天塩郡遠別町字本町６丁目,13-33,,
01486-4503-12.zip,202602101146,天塩郡遠別町字本町６丁目,16-2,,
01486-4503-12.zip,202602101146,天塩郡遠別町字本町６丁目,16-3,,
01486-4503-12.zip,202602101146,天塩郡遠別町字本町６丁目,13-4,,
01486-4503-12.zip,202602101146,天塩郡遠別町字本町６丁目,17-2,,
01486-4503-12.zip,202602101146,天塩郡遠別町字本町６丁目,26-3,,
01486-4503-12.zip,202602101146,天塩郡遠別町字本町６丁目,26-12,,
01486-4503-12.zip,202602101146,天塩郡遠別町字本町６丁目,13-38,,
01486-4503-12.zip,202602101146,天塩郡遠別町字本町６丁目,13-42,,
01486-4503-12.zip,202602101146,天塩郡遠別町字本町６丁目,13-35,,
01486-4503-12.zip,202602101146,天塩郡遠別町字本町６丁目,13-36,,
01486-4503-12.zip,202602101146,天塩郡遠別町字本町６丁目,28-1,,
01486-4503-12.zip,202602101146,天塩郡遠別町字本町６丁目,27-8,,
01486-4503-12.zip,202602101146,天塩郡遠別町字幸和,12-5,,
01486-4503-12.zip,202602101146,天塩郡遠別町字幸和,14-1,,
01486-4503-12.zip,202602101146,天塩郡遠別町字幸和,12-49,,
01486-4503-12.zip,202602101146,天塩郡遠別町字幸和,12-50,,
01486-4503-12.zip,202602101146,天塩郡遠別町字幸和,12-51,,
01486-4503-12.zip,202602101146,天塩郡遠別町字幸和,12-52,,
01486-4503-12.zip,202602101146,天塩郡遠別町字幸和,12-53,,
01486-4503-12.zip,202602101146,天塩郡遠別町字幸和,12-54,,
01486-4503-12.zip,202602101146,天塩郡遠別町字幸和,12-75,,
01486-4503-12.zip,202602101146,天塩郡遠別町字幸和,12-28,,
01486-4503-12.zip,202602101146,天塩郡遠別町字幸和,12-33,,
01486-4503-12.zip,202602101146,天塩郡遠別町字幸和,12-71,,
01486-4503-12.zip,202602101146,天塩郡遠別町字幸和,12-34,,
01486-4503-12.zip,202602101146,天塩郡遠別町字幸和,12-35,,
01486-4503-12.zip,202602101146,天塩郡遠別町字幸和,12-29,,
01486-4503-12.zip,202602101146,天塩郡遠別町,地区外-235769,,
01486-4503-12.zip,202602101146,天塩郡遠別町字本町６丁目,22-3,,
01486-4503-12.zip,202602101146,天塩郡遠別町字本町６丁目,24-1,,
01486-4503-12.zip,202602101146,天塩郡遠別町字本町６丁目,24-2,,
01486-4503-12.zip,202602101146,天塩郡遠別町字本町６丁目,26-7,,
01486-4503-12.zip,202602101146,天塩郡遠別町字本町６丁目,26-6,,
01486-4503-12.zip,202602101146,天塩郡遠別町字本町６丁目,26-42,,
01486-4503-12.zip,202602101146,天塩郡遠別町字本町６丁目,26-28,,
01486-4503-12.zip,202602101146,天塩郡遠別町字本町６丁目,26-27,,
01486-4503-12.zip,202602101146,天塩郡遠別町字本町６丁目,40,,
01486-4503-12.zip,202602101146,天塩郡遠別町字本町６丁目,26-5,,
01486-4503-12.zip,202602101146,天塩郡遠別町字本町６丁目,13-43,,
01486-4503-12.zip,202602101146,天塩郡遠別町字本町６丁目,26-19,,
01486-4503-12.zip,202602101146,天塩郡遠別町字本町６丁目,26-39,,
01486-4503-12.zip,202602101146,天塩郡遠別町字本町６丁目,26-1,,
01486-4503-12.zip,202602101146,天塩郡遠別町字本町６丁目,26-9,,
01486-4503-12.zip,202602101146,天塩郡遠別町字本町６丁目,26-33,,
01486-4503-12.zip,202602101146,天塩郡遠別町字本町６丁目,26-18,,
01486-4503-12.zip,202602101146,天塩郡遠別町字本町６丁目,26-2,,
01486-4503-12.zip,202602101146,天塩郡遠別町字本町６丁目,26-34,,
01486-4503-12.zip,202602101146,天塩郡遠別町字本町６丁目,26-20,,
01486-4503-12.zip,202602101146,天塩郡遠別町字本町６丁目,26-4,,
01486-4503-12.zip,202602101146,天塩郡遠別町字本町６丁目,26-10,,
01486-4503-12.zip,202602101146,天塩郡遠別町字本町６丁目,26-37,,
01486-4503-12.zip,202602101146,天塩郡遠別町字本町６丁目,26-40,,
01486-4503-12.zip,202602101146,天塩郡遠別町字幸和,21-22,,
01486-4503-12.zip,202602101146,天塩郡遠別町字幸和,21-11,,
01486-4503-12.zip,202602101146,天塩郡遠別町,地区外-235800,,
01486-4503-12.zip,202602101146,天塩郡遠別町字幸和,21-23,,
01486-4503-12.zip,202602101146,天塩郡遠別町字幸和,21-33,,
01486-4503-12.zip,202602101146,天塩郡遠別町字幸和,21-35,,
01486-4503-12.zip,202602101146,天塩郡遠別町字幸和,21-32,,
01486-4503-12.zip,202602101146,天塩郡遠別町字幸和,922-9,,
01486-4503-12.zip,202602101146,天塩郡遠別町,地区外-235806,,
01486-4503-12.zip,202602101146,天塩郡遠別町,地区外-235807,,
01486-4503-12.zip,202602101146,天塩郡遠別町字幸和,922-8,,
01486-4503-12.zip,202602101146,天塩郡遠別町字幸和,922-4,,
01486-4503-12.zip,202602101146,天塩郡遠別町字幸和,922-5,,
01486-4503-12.zip,202602101146,天塩郡遠別町字幸和,922-7,,
01486-4503-12.zip,202602101146,天塩郡遠別町字幸和,922-12,,
01486-4503-12.zip,202602101146,天塩郡遠別町字幸和,922-6,,
01486-4503-12.zip,202602101146,天塩郡遠別町字幸和,922-10,,
01486-4503-12.zip,202602101146,天塩郡遠別町字幸和,922-11,,
01486-4503-12.zip,202602101146,天塩郡遠別町字幸和,922-2,,
01486-4503-12.zip,202602101146,天塩郡遠別町字幸和,471-2,,
01486-4503-12.zip,202602101146,天塩郡遠別町,地区外-235819,,
01486-4503-12.zip,202602101146,天塩郡遠別町字幸和,21-42,,
01486-4503-12.zip,202602101146,天塩郡遠別町字幸和,21-41,,
01486-4503-12.zip,202602101146,天塩郡遠別町,地区外-235822,,
01486-4503-12.zip,202602101146,天塩郡遠別町字幸和,949,,
01486-4503-12.zip,202602101146,天塩郡遠別町字幸和,道-23,,
01486-4503-12.zip,202602101146,天塩郡遠別町字本町６丁目,道-24,,
01486-4503-12.zip,202602101146,天塩郡遠別町字幸和,467-1,,
01486-4503-12.zip,202602101146,天塩郡遠別町字幸和,466,,
01486-4503-12.zip,202602101146,天塩郡遠別町字幸和,470,,
01486-4503-12.zip,202602101146,天塩郡遠別町字幸和,22-1,,
01486-4503-12.zip,202602101146,天塩郡遠別町字幸和,464-3,,
01486-4503-12.zip,202602101146,天塩郡遠別町字幸和,464-4,,
01486-4503-12.zip,202602101146,天塩郡遠別町字幸和,464-5,,
01486-4503-12.zip,202602101146,天塩郡遠別町字幸和,464-9,,
01486-4503-12.zip,202602101146,天塩郡遠別町字幸和,464-6,,
01486-4503-12.zip,202602101146,天塩郡遠別町字幸和,471-5,,
01486-4503-12.zip,202602101146,天塩郡遠別町字幸和,471-9,,
01486-4503-12.zip,202602101146,天塩郡遠別町字幸和,471-3,,
01486-4503-12.zip,202602101146,天塩郡遠別町字幸和,922-13,,
01486-4503-12.zip,202602101146,天塩郡遠別町字幸和,21-8,,
01486-4503-12.zip,202602101146,天塩郡遠別町字幸和,21-7,,
01486-4503-12.zip,202602101146,天塩郡遠別町字幸和,21-37,,
01486-4503-12.zip,202602101146,天塩郡遠別町字幸和,21-6,,
01486-4503-12.zip,202602101146,天塩郡遠別町字幸和,21-16,,
01486-4503-12.zip,202602101146,天塩郡遠別町字幸和,21-29,,
01486-4503-12.zip,202602101146,天塩郡遠別町字幸和,21-28,,
01486-4503-12.zip,202602101146,天塩郡遠別町字幸和,21-30,,
01486-4503-12.zip,202602101146,天塩郡遠別町字幸和,21-36,,
01486-4503-12.zip,202602101146,天塩郡遠別町字幸和,21-24,,
01486-4503-12.zip,202602101146,天塩郡遠別町字幸和,21-34,,
01486-4503-12.zip,202602101146,天塩郡遠別町字幸和,21-38,,
01486-4503-12.zip,202602101146,天塩郡遠別町字幸和,21-9,,
01486-4503-12.zip,202602101146,天塩郡遠別町字幸和,21-49,,
01486-4503-12.zip,202602101146,天塩郡遠別町字幸和,24,,
01486-4503-12.zip,202602101146,天塩郡遠別町字幸和,23,,
01486-4503-12.zip,202602101146,天塩郡遠別町字本町６丁目,26-15,,
01486-4503-12.zip,202602101146,天塩郡遠別町字本町６丁目,26-26,,
01486-4503-12.zip,202602101146,天塩郡遠別町字本町６丁目,27-5,,
01486-4503-12.zip,202602101146,天塩郡遠別町字本町６丁目,27-4,,
01486-4503-12.zip,202602101146,天塩郡遠別町字本町６丁目,26-14,,
01486-4503-12.zip,202602101146,天塩郡遠別町字本町６丁目,26-25,,
01486-4503-12.zip,202602101146,天塩郡遠別町字本町６丁目,26-22,,
01486-4503-12.zip,202602101146,天塩郡遠別町字本町６丁目,26-24,,
01486-4503-12.zip,202602101146,天塩郡遠別町字本町６丁目,26-21,,
01486-4503-12.zip,202602101146,天塩郡遠別町字本町６丁目,26-13,,
01486-4503-12.zip,202602101146,天塩郡遠別町,地区外-235867,,
01486-4503-12.zip,202602101146,天塩郡遠別町字本町６丁目,26-32,,
01486-4503-12.zip,202602101146,天塩郡遠別町字本町６丁目,26-47,,
01486-4503-12.zip,202602101146,天塩郡遠別町字本町６丁目,26-31,,
01486-4503-12.zip,202602101146,天塩郡遠別町,地区外-235871,,
01486-4503-12.zip,202602101146,天塩郡遠別町字幸和,948,,
01486-4503-12.zip,202602101146,天塩郡遠別町字幸和,21-50,,
01486-4503-12.zip,202602101146,天塩郡遠別町字幸和,21-51,,
01486-4503-12.zip,202602101146,天塩郡遠別町字幸和,21-45,,
01486-4503-12.zip,202602101146,天塩郡遠別町字幸和,22-2,,
01486-4503-12.zip,202602101146,天塩郡遠別町字幸和,21-43,,
01486-4503-12.zip,202602101146,天塩郡遠別町字幸和,21-46,,
01486-4503-12.zip,202602101146,天塩郡遠別町字幸和,21-47,,
01486-4503-12.zip,202602101146,天塩郡遠別町字幸和,21-48,,
01486-4503-12.zip,202602101146,天塩郡遠別町字幸和,21-39,,
01486-4503-12.zip,202602101146,天塩郡遠別町字幸和,21-40,,
01486-4503-12.zip,202602101146,天塩郡遠別町字幸和,21-52,,
01486-4503-12.zip,202602101146,天塩郡遠別町字幸和,21-53,,
01486-4503-12.zip,202602101146,天塩郡遠別町字幸和,21-1,,
01486-4503-12.zip,202602101146,天塩郡遠別町字幸和,道-21,,
01486-4503-12.zip,202602101146,天塩郡遠別町字幸和,21-12,,
01486-4503-12.zip,202602101146,天塩郡遠別町字本町６丁目,26-48,,
01486-4503-12.zip,202602101146,天塩郡遠別町字本町６丁目,26-16,,
01486-4503-12.zip,202602101146,天塩郡遠別町字本町６丁目,13-40,,
01486-4503-12.zip,202602101146,天塩郡遠別町字本町６丁目,26-8,,
01486-4503-12.zip,202602101146,天塩郡遠別町字幸和,922-3,,
01486-4503-12.zip,202602101146,天塩郡遠別町字幸和,922-14,,
01486-4503-12.zip,202602101146,天塩郡遠別町字幸和,922-1,,
01486-4503-12.zip,202602101146,天塩郡遠別町字幸和,12-78,,
01486-4503-12.zip,202602101146,天塩郡遠別町字幸和,12-79,,
01486-4503-12.zip,202602101146,天塩郡遠別町字幸和,12-66,,
01486-4503-12.zip,202602101146,天塩郡遠別町字幸和,道-12,,
01486-4503-12.zip,202602101146,天塩郡遠別町字本町６丁目,28-4,,
01486-4503-12.zip,202602101146,天塩郡遠別町字本町６丁目,28-5,,
01486-4503-12.zip,202602101146,天塩郡遠別町字本町６丁目,28-2,,
01486-4503-12.zip,202602101146,天塩郡遠別町字本町６丁目,27-3,,
01486-4503-12.zip,202602101146,天塩郡遠別町字本町６丁目,27-2,,
01486-4503-12.zip,202602101146,天塩郡遠別町字本町１丁目,3-1,,
01486-4503-12.zip,202602101146,天塩郡遠別町字本町１丁目,3-4,,
01486-4503-12.zip,202602101146,天塩郡遠別町字本町６丁目,1-1,,
01486-4503-12.zip,202602101146,天塩郡遠別町字本町６丁目,1-11,,
01486-4503-12.zip,202602101146,天塩郡遠別町字本町６丁目,1-9,,
01486-4503-12.zip,202602101146,天塩郡遠別町字本町６丁目,1-10,,
01486-4503-12.zip,202602101146,天塩郡遠別町字本町６丁目,13-49,,
01486-4503-12.zip,202602101146,天塩郡遠別町字本町６丁目,13-59,,
01486-4503-12.zip,202602101146,天塩郡遠別町字本町６丁目,13-5,,
01486-4503-12.zip,202602101146,天塩郡遠別町字幸和,11-147,,
01486-4503-12.zip,202602101146,天塩郡遠別町字幸和,11-101,,
01486-4503-12.zip,202602101146,天塩郡遠別町字幸和,11-31,,
01486-4503-12.zip,202602101146,天塩郡遠別町字幸和,道-7,,
01486-4503-12.zip,202602101146,天塩郡遠別町字幸和,11-148,,
01486-4503-12.zip,202602101146,天塩郡遠別町字幸和,11-3,,
01486-4503-12.zip,202602101146,天塩郡遠別町字幸和,11-144,,
01486-4503-13.zip,202602101146,天塩郡遠別町字北里,897,,
01486-4503-13.zip,202602101146,天塩郡遠別町,地区外-236901,,
01486-4503-13.zip,202602101146,天塩郡遠別町字北里,915,,
01486-4503-13.zip,202602101146,天塩郡遠別町字北里,336-1,,
01486-4503-13.zip,202602101146,天塩郡遠別町字北里,336-2,,
01486-4503-13.zip,202602101146,天塩郡遠別町,地区外-236905,,
01486-4503-13.zip,202602101146,天塩郡遠別町字北里,333-13,,
01486-4503-13.zip,202602101146,天塩郡遠別町字北里,水-1,,
01486-4503-13.zip,202602101146,天塩郡遠別町字北里,333-1,,
01486-4503-13.zip,202602101146,天塩郡遠別町字北里,324,,
01486-4503-13.zip,202602101146,天塩郡遠別町字北里,336-5,,
01486-4503-13.zip,202602101146,天塩郡遠別町字北里,323,,
01486-4503-13.zip,202602101146,天塩郡遠別町字北里,333-7,,
01486-4503-13.zip,202602101146,天塩郡遠別町字北里,333-2,,
01486-4503-13.zip,202602101146,天塩郡遠別町,地区外-236914,,
01486-4503-13.zip,202602101146,天塩郡遠別町字北里,326-1,,
01486-4503-13.zip,202602101146,天塩郡遠別町字北里,333-3,,
01486-4503-13.zip,202602101146,天塩郡遠別町字北里,333-6,,
01486-4503-13.zip,202602101146,天塩郡遠別町字北里,326-2,,
01486-4503-13.zip,202602101146,天塩郡遠別町字北里,333-4,,
01486-4503-13.zip,202602101146,天塩郡遠別町字北里,326-5,,
01486-4503-13.zip,202602101146,天塩郡遠別町字北里,330-1,,
01486-4503-13.zip,202602101146,天塩郡遠別町字北里,333-5,,
01486-4503-13.zip,202602101146,天塩郡遠別町字北里,326-4,,
01486-4503-13.zip,202602101146,天塩郡遠別町字北里,326-3,,
01486-4503-13.zip,202602101146,天塩郡遠別町字北里,330-2,,
01486-4503-13.zip,202602101146,天塩郡遠別町字北里,330-3,,
01486-4503-13.zip,202602101146,天塩郡遠別町字北里,333-8,,
01486-4503-13.zip,202602101146,天塩郡遠別町字北里,326-6,,
01486-4503-13.zip,202602101146,天塩郡遠別町字北里,907,,
01486-4503-13.zip,202602101146,天塩郡遠別町字北里,330-5,,
01486-4503-13.zip,202602101146,天塩郡遠別町字北里,326-7,,
01486-4503-13.zip,202602101146,天塩郡遠別町字北里,330-4,,
01486-4503-13.zip,202602101146,天塩郡遠別町字北里,330-6,,
01486-4503-13.zip,202602101146,天塩郡遠別町字北里,330-7,,
01486-4503-13.zip,202602101146,天塩郡遠別町字北里,333-9,,
01486-4503-13.zip,202602101146,天塩郡遠別町字北里,329,,
01486-4503-13.zip,202602101146,天塩郡遠別町字北里,331,,
01486-4503-13.zip,202602101146,天塩郡遠別町字北里,333-10,,
01486-4503-13.zip,202602101146,天塩郡遠別町字北里,333-12,,
01486-4503-13.zip,202602101146,天塩郡遠別町字北里,333-11,,
01486-4503-13.zip,202602101146,天塩郡遠別町字北里,332,,
01486-4503-13.zip,202602101146,天塩郡遠別町字北里,899,,
01486-4503-13.zip,202602101146,天塩郡遠別町字北里,242-1,,
01486-4503-13.zip,202602101146,天塩郡遠別町字北里,242-2,,
01486-4503-13.zip,202602101146,天塩郡遠別町字北里,898,,
01486-4503-13.zip,202602101146,天塩郡遠別町字北里,713-2,,
01486-4503-13.zip,202602101146,天塩郡遠別町字北里,271-2,,
01486-4503-13.zip,202602101146,天塩郡遠別町字北里,272-1,,
01486-4503-13.zip,202602101146,天塩郡遠別町字北里,271-4,,
01486-4503-13.zip,202602101146,天塩郡遠別町字北里,910,,
01486-4503-13.zip,202602101146,天塩郡遠別町字北里,256-1,,
01486-4503-13.zip,202602101146,天塩郡遠別町字北里,256-2,,
01486-4503-13.zip,202602101146,天塩郡遠別町字北里,256-3,,
01486-4503-13.zip,202602101146,天塩郡遠別町字北里,256-7,,
01486-4503-13.zip,202602101146,天塩郡遠別町字北里,256-9,,
01486-4503-13.zip,202602101146,天塩郡遠別町字北里,909,,
01486-4503-13.zip,202602101146,天塩郡遠別町字北里,908,,
01486-4503-13.zip,202602101146,天塩郡遠別町字北里,256-12,,
01486-4503-13.zip,202602101146,天塩郡遠別町字北里,256-10,,
01486-4503-13.zip,202602101146,天塩郡遠別町字北里,256-11,,
01486-4503-13.zip,202602101146,天塩郡遠別町字北里,256-8,,
01486-4503-13.zip,202602101146,天塩郡遠別町字北里,912,,
01486-4503-13.zip,202602101146,天塩郡遠別町字北里,256-6,,
01486-4503-13.zip,202602101146,天塩郡遠別町字北里,256-5,,
01486-4503-13.zip,202602101146,天塩郡遠別町字北里,256-4,,
01486-4503-13.zip,202602101146,天塩郡遠別町字北里,913,,
01486-4503-13.zip,202602101146,天塩郡遠別町字北里,254-44,,
01486-4503-13.zip,202602101146,天塩郡遠別町字北里,254-43,,
01486-4503-13.zip,202602101146,天塩郡遠別町字北里,254-42,,
01486-4503-13.zip,202602101146,天塩郡遠別町字北里,254-40,,
01486-4503-13.zip,202602101146,天塩郡遠別町字北里,911,,
01486-4503-13.zip,202602101146,天塩郡遠別町字北里,254-33,,
01486-4503-13.zip,202602101146,天塩郡遠別町字北里,254-47,,
01486-4503-13.zip,202602101146,天塩郡遠別町字北里,254-45,,
01486-4503-13.zip,202602101146,天塩郡遠別町字北里,906,,
01486-4503-13.zip,202602101146,天塩郡遠別町字北里,903,,
01486-4503-13.zip,202602101146,天塩郡遠別町字北里,255,,
01486-4503-13.zip,202602101146,天塩郡遠別町字北里,904,,
01486-4503-13.zip,202602101146,天塩郡遠別町字北里,254-46,,
01486-4503-13.zip,202602101146,天塩郡遠別町字北里,905,,
01486-4503-13.zip,202602101146,天塩郡遠別町字北里,902,,
01486-4503-13.zip,202602101146,天塩郡遠別町字北里,水-3,,
01486-4503-13.zip,202602101146,天塩郡遠別町字北里,254-41,,
01486-4503-13.zip,202602101146,天塩郡遠別町字北里,水-4,,
01486-4503-13.zip,202602101146,天塩郡遠別町字北里,254-37,,
01486-4503-13.zip,202602101146,天塩郡遠別町字北里,254-28,,
01486-4503-13.zip,202602101146,天塩郡遠別町字北里,254-38,,
01486-4503-13.zip,202602101146,天塩郡遠別町字北里,254-39,,
01486-4503-13.zip,202602101146,天塩郡遠別町字北里,水-5,,
01486-4503-13.zip,202602101146,天塩郡遠別町字北里,254-32,,
01486-4503-13.zip,202602101146,天塩郡遠別町字北里,水-6,,
01486-4503-13.zip,202602101146,天塩郡遠別町字北里,254-1,,
01486-4503-13.zip,202602101146,天塩郡遠別町字北里,254-30,,
01486-4503-13.zip,202602101146,天塩郡遠別町字北里,900,,
01486-4503-13.zip,202602101146,天塩郡遠別町字北里,水-7,,
01486-4503-13.zip,202602101146,天塩郡遠別町字北里,914,,
01486-4503-13.zip,202602101146,天塩郡遠別町字北里,254-34,,
01486-4503-13.zip,202602101146,天塩郡遠別町字北里,254-36,,
01486-4503-13.zip,202602101146,天塩郡遠別町字北里,254-35,,
01486-4503-13.zip,202602101146,天塩郡遠別町,地区外-237003,,
01486-4503-13.zip,202602101146,天塩郡遠別町字北里,901,,
01486-4503-13.zip,202602101146,天塩郡遠別町字北里,254-49,,
01486-4503-13.zip,202602101146,天塩郡遠別町字北里,254-48,,
01486-4503-13.zip,202602101146,天塩郡遠別町,地区外-237007,,
01486-4503-13.zip,202602101146,天塩郡遠別町字北里,894,,
01486-4503-13.zip,202602101146,天塩郡遠別町字北里,337,,
01486-4503-13.zip,202602101146,天塩郡遠別町字北里,水-8,,
01486-4503-13.zip,202602101146,天塩郡遠別町字北里,896,,
01486-4503-13.zip,202602101146,天塩郡遠別町字北里,400,,
01486-4503-13.zip,202602101146,天塩郡遠別町,地区外-237013,,
01486-4503-13.zip,202602101146,天塩郡遠別町字北里,401,,
01486-4503-13.zip,202602101146,天塩郡遠別町字北里,399,,
01486-4503-13.zip,202602101146,天塩郡遠別町字北里,895,,
01486-4503-13.zip,202602101146,天塩郡遠別町字北里,水-9,,
01486-4503-13.zip,202602101146,天塩郡遠別町字北里,405,,
01486-4503-13.zip,202602101146,天塩郡遠別町字北里,水-10,,
01486-4503-13.zip,202602101146,天塩郡遠別町字北里,394,,
01486-4503-13.zip,202602101146,天塩郡遠別町,地区外-237021,,
01486-4503-13.zip,202602101146,天塩郡遠別町字北里,411,,
01486-4503-13.zip,202602101146,天塩郡遠別町字北里,862,,
01486-4503-13.zip,202602101146,天塩郡遠別町字北里,364,,
01486-4503-13.zip,202602101146,天塩郡遠別町字北里,404,,
01486-4503-13.zip,202602101146,天塩郡遠別町字北里,390,,
01486-4503-13.zip,202602101146,天塩郡遠別町,地区外-237027,,
01486-4503-13.zip,202602101146,天塩郡遠別町字北里,877,,
01486-4503-13.zip,202602101146,天塩郡遠別町,地区外-237029,,
01486-4503-13.zip,202602101146,天塩郡遠別町字北里,874,,
01486-4503-13.zip,202602101146,天塩郡遠別町字北里,316,,
01486-4503-13.zip,202602101146,天塩郡遠別町字北里,319,,
01486-4503-13.zip,202602101146,天塩郡遠別町字北里,876,,
01486-4503-13.zip,202602101146,天塩郡遠別町字北里,875,,
01486-4503-13.zip,202602101146,天塩郡遠別町字北里,318,,
01486-4503-13.zip,202602101146,天塩郡遠別町字北里,317,,
01486-4503-13.zip,202602101146,天塩郡遠別町字北里,水-11,,
01486-4503-13.zip,202602101146,天塩郡遠別町字北里,873,,
01486-4503-13.zip,202602101146,天塩郡遠別町字北里,277-1,,
01486-4503-13.zip,202602101146,天塩郡遠別町字北里,278-2,,
01486-4503-13.zip,202602101146,天塩郡遠別町字北里,872,,
01486-4503-13.zip,202602101146,天塩郡遠別町字北里,水-12,,
01486-4503-13.zip,202602101146,天塩郡遠別町字北里,293-2,,
01486-4503-13.zip,202602101146,天塩郡遠別町字北里,853,,
01486-4503-13.zip,202602101146,天塩郡遠別町字北里,356-1,,
01486-4503-13.zip,202602101146,天塩郡遠別町字北里,356-2,,
01486-4503-13.zip,202602101146,天塩郡遠別町字北里,847,,
01486-4503-13.zip,202602101146,天塩郡遠別町,地区外-237048,,
01486-4503-13.zip,202602101146,天塩郡遠別町字北里,854,,
01486-4503-13.zip,202602101146,天塩郡遠別町字北里,856,,
01486-4503-13.zip,202602101146,天塩郡遠別町字北里,857,,
01486-4503-13.zip,202602101146,天塩郡遠別町字北里,858,,
01486-4503-13.zip,202602101146,天塩郡遠別町字北里,864,,
01486-4503-13.zip,202602101146,天塩郡遠別町字北里,416,,
01486-4503-13.zip,202602101146,天塩郡遠別町字北里,855,,
01486-4503-13.zip,202602101146,天塩郡遠別町字北里,861,,
01486-4503-13.zip,202602101146,天塩郡遠別町字北里,414,,
01486-4503-13.zip,202602101146,天塩郡遠別町字北里,360,,
01486-4503-13.zip,202602101146,天塩郡遠別町字北里,359,,
01486-4503-13.zip,202602101146,天塩郡遠別町字北里,859,,
01486-4503-13.zip,202602101146,天塩郡遠別町字北里,363,,
01486-4503-13.zip,202602101146,天塩郡遠別町字北里,358,,
01486-4503-13.zip,202602101146,天塩郡遠別町字北里,水-13,,
01486-4503-13.zip,202602101146,天塩郡遠別町字北里,357-1,,
01486-4503-13.zip,202602101146,天塩郡遠別町,地区外-237065,,
01486-4503-13.zip,202602101146,天塩郡遠別町字北里,860,,
01486-4503-13.zip,202602101146,天塩郡遠別町字北里,357-2,,
01486-4503-13.zip,202602101146,天塩郡遠別町字北里,水-14,,
01486-4503-13.zip,202602101146,天塩郡遠別町字北里,水-15,,
01486-4503-13.zip,202602101146,天塩郡遠別町字北里,361,,
01486-4503-13.zip,202602101146,天塩郡遠別町字北里,362,,
01486-4503-13.zip,202602101146,天塩郡遠別町字北里,413,,
01486-4503-13.zip,202602101146,天塩郡遠別町字北里,415,,
01486-4503-13.zip,202602101146,天塩郡遠別町字北里,412,,
01486-4503-13.zip,202602101146,天塩郡遠別町字北里,863,,
01486-4503-13.zip,202602101146,天塩郡遠別町字北里,868,,
01486-4503-13.zip,202602101146,天塩郡遠別町字北里,407,,
01486-4503-13.zip,202602101146,天塩郡遠別町字北里,406,,
01486-4503-13.zip,202602101146,天塩郡遠別町字北里,867,,
01486-4503-13.zip,202602101146,天塩郡遠別町字北里,408,,
01486-4503-13.zip,202602101146,天塩郡遠別町字北里,410,,
01486-4503-13.zip,202602101146,天塩郡遠別町字北里,865,,
01486-4503-13.zip,202602101146,天塩郡遠別町字北里,409,,
01486-4503-13.zip,202602101146,天塩郡遠別町字北里,866,,
01486-4503-13.zip,202602101146,天塩郡遠別町,地区外-237085,,
01486-4503-13.zip,202602101146,天塩郡遠別町字北里,293-3,,
01486-4503-13.zip,202602101146,天塩郡遠別町字北里,293-1,,
01486-4503-13.zip,202602101146,天塩郡遠別町字北里,846,,
01486-4503-13.zip,202602101146,天塩郡遠別町字北里,849,,
01486-4503-13.zip,202602101146,天塩郡遠別町字北里,850,,
01486-4503-13.zip,202602101146,天塩郡遠別町字北里,水-16,,
01486-4503-13.zip,202602101146,天塩郡遠別町字北里,848,,
01486-4503-13.zip,202602101146,天塩郡遠別町,地区外-237093,,
01486-4503-13.zip,202602101146,天塩郡遠別町字北里,水-17,,
01486-4503-13.zip,202602101146,天塩郡遠別町字北里,水-2-2,,
01486-4503-13.zip,202602101146,天塩郡遠別町字北里,254-31,,
01486-4503-13.zip,202602101146,天塩郡遠別町字北里,254-50,,
01486-4503-13.zip,202602101146,天塩郡遠別町字北里,254-29,,
01486-4503-14.zip,202602101146,天塩郡遠別町字金浦,水-1,,
01486-4503-14.zip,202602101146,天塩郡遠別町字金浦,水-2,,
01486-4503-14.zip,202602101146,天塩郡遠別町字金浦,水-3,,
01486-4503-14.zip,202602101146,天塩郡遠別町,地区外-239193,,
01486-4503-14.zip,202602101146,天塩郡遠別町字金浦,220-3,,
01486-4503-14.zip,202602101146,天塩郡遠別町字金浦,169-2,,
01486-4503-14.zip,202602101146,天塩郡遠別町字金浦,202-1,,
01486-4503-14.zip,202602101146,天塩郡遠別町字金浦,199-7,,
01486-4503-14.zip,202602101146,天塩郡遠別町字金浦,水-4,,
01486-4503-14.zip,202602101146,天塩郡遠別町字金浦,220-1,,
01486-4503-14.zip,202602101146,天塩郡遠別町字金浦,219,,
01486-4503-14.zip,202602101146,天塩郡遠別町字金浦,215-1,,
01486-4503-14.zip,202602101146,天塩郡遠別町字金浦,215-3,,
01486-4503-14.zip,202602101146,天塩郡遠別町字金浦,218-1,,
01486-4503-14.zip,202602101146,天塩郡遠別町字金浦,218-2,,
01486-4503-14.zip,202602101146,天塩郡遠別町字金浦,205,,
01486-4503-14.zip,202602101146,天塩郡遠別町,地区外-239206,,
01486-4503-14.zip,202602101146,天塩郡遠別町字金浦,202-2,,
01486-4503-14.zip,202602101146,天塩郡遠別町字金浦,水-5,,
01486-4503-14.zip,202602101146,天塩郡遠別町字金浦,199-2,,
01486-4503-14.zip,202602101146,天塩郡遠別町字金浦,204,,
01486-4503-14.zip,202602101146,天塩郡遠別町字金浦,218-6,,
01486-4503-14.zip,202602101146,天塩郡遠別町字金浦,364,,
01486-4503-14.zip,202602101146,天塩郡遠別町字金浦,192-1,,
01486-4503-14.zip,202602101146,天塩郡遠別町字金浦,355,,
01486-4503-14.zip,202602101146,天塩郡遠別町字金浦,198-2,,
01486-4503-14.zip,202602101146,天塩郡遠別町字金浦,198-12,,
01486-4503-14.zip,202602101146,天塩郡遠別町字金浦,198-5,,
01486-4503-14.zip,202602101146,天塩郡遠別町字金浦,199-6,,
01486-4503-14.zip,202602101146,天塩郡遠別町字金浦,199-5,,
01486-4503-14.zip,202602101146,天塩郡遠別町字金浦,199-3,,
01486-4503-14.zip,202602101146,天塩郡遠別町字金浦,道-1,,
01486-4503-14.zip,202602101146,天塩郡遠別町字金浦,196-4,,
01486-4503-14.zip,202602101146,天塩郡遠別町字金浦,道-2,,
01486-4503-14.zip,202602101146,天塩郡遠別町字金浦,196-6,,
01486-4503-14.zip,202602101146,天塩郡遠別町字金浦,197,,
01486-4503-14.zip,202602101146,天塩郡遠別町字金浦,191-1,,
01486-4503-14.zip,202602101146,天塩郡遠別町字金浦,187-2,,
01486-4503-14.zip,202602101146,天塩郡遠別町字金浦,190-1,,
01486-4503-14.zip,202602101146,天塩郡遠別町字金浦,358,,
01486-4503-14.zip,202602101146,天塩郡遠別町字金浦,359,,
01486-4503-14.zip,202602101146,天塩郡遠別町字金浦,189-4,,
01486-4503-14.zip,202602101146,天塩郡遠別町字金浦,361,,
01486-4503-14.zip,202602101146,天塩郡遠別町字金浦,189-2,,
01486-4503-14.zip,202602101146,天塩郡遠別町字金浦,190-2,,
01486-4503-14.zip,202602101146,天塩郡遠別町字金浦,362,,
01486-4503-14.zip,202602101146,天塩郡遠別町字金浦,206,,
01486-4503-14.zip,202602101146,天塩郡遠別町字金浦,道-3,,
01486-4503-14.zip,202602101146,天塩郡遠別町字金浦,363,,
01486-4503-14.zip,202602101146,天塩郡遠別町字金浦,道-4,,
01486-4503-14.zip,202602101146,天塩郡遠別町字金浦,207-1,,
01486-4503-14.zip,202602101146,天塩郡遠別町字金浦,189-3,,
01486-4503-14.zip,202602101146,天塩郡遠別町字金浦,189-1,,
01486-4503-14.zip,202602101146,天塩郡遠別町字金浦,191-2,,
01486-4503-14.zip,202602101146,天塩郡遠別町字金浦,191-3,,
01486-4503-14.zip,202602101146,天塩郡遠別町字金浦,360,,
01486-4503-14.zip,202602101146,天塩郡遠別町字金浦,187-1,,
01486-4503-14.zip,202602101146,天塩郡遠別町字金浦,187-3,,
01486-4503-14.zip,202602101146,天塩郡遠別町字金浦,水-6,,
01486-4503-14.zip,202602101146,天塩郡遠別町字金浦,187-5,,
01486-4503-14.zip,202602101146,天塩郡遠別町字金浦,187-4,,
01486-4503-14.zip,202602101146,天塩郡遠別町字金浦,186-1,,
01486-4503-14.zip,202602101146,天塩郡遠別町字金浦,186-3,,
01486-4503-14.zip,202602101146,天塩郡遠別町字金浦,195-3,,
01486-4503-14.zip,202602101146,天塩郡遠別町字金浦,195-2,,
01486-4503-14.zip,202602101146,天塩郡遠別町字金浦,195-1,,
01486-4503-14.zip,202602101146,天塩郡遠別町字金浦,357,,
01486-4503-14.zip,202602101146,天塩郡遠別町字金浦,348,,
01486-4503-14.zip,202602101146,天塩郡遠別町字金浦,196-1,,
01486-4503-14.zip,202602101146,天塩郡遠別町字金浦,354,,
01486-4503-14.zip,202602101146,天塩郡遠別町字金浦,177-1,,
01486-4503-14.zip,202602101146,天塩郡遠別町字金浦,道-5,,
01486-4503-14.zip,202602101146,天塩郡遠別町字金浦,356,,
01486-4503-14.zip,202602101146,天塩郡遠別町字金浦,199-1,,
01486-4503-14.zip,202602101146,天塩郡遠別町字金浦,道-6,,
01486-4503-14.zip,202602101146,天塩郡遠別町字金浦,198-1,,
01486-4503-14.zip,202602101146,天塩郡遠別町字金浦,198-7,,
01486-4503-14.zip,202602101146,天塩郡遠別町字金浦,198-10,,
01486-4503-14.zip,202602101146,天塩郡遠別町字金浦,198-9,,
01486-4503-14.zip,202602101146,天塩郡遠別町字金浦,198-8,,
01486-4503-14.zip,202602101146,天塩郡遠別町字金浦,181,,
01486-4503-14.zip,202602101146,天塩郡遠別町字金浦,180-1,,
01486-4503-14.zip,202602101146,天塩郡遠別町字金浦,169-13,,
01486-4503-14.zip,202602101146,天塩郡遠別町字金浦,169-9,,
01486-4503-14.zip,202602101146,天塩郡遠別町字金浦,177-3,,
01486-4503-14.zip,202602101146,天塩郡遠別町字金浦,180-2,,
01486-4503-14.zip,202602101146,天塩郡遠別町字金浦,180-3,,
01486-4503-14.zip,202602101146,天塩郡遠別町字金浦,351,,
01486-4503-14.zip,202602101146,天塩郡遠別町字金浦,352,,
01486-4503-14.zip,202602101146,天塩郡遠別町字金浦,350,,
01486-4503-14.zip,202602101146,天塩郡遠別町字金浦,184-1,,
01486-4503-14.zip,202602101146,天塩郡遠別町字金浦,182,,
01486-4503-14.zip,202602101146,天塩郡遠別町字金浦,347,,
01486-4503-14.zip,202602101146,天塩郡遠別町字金浦,185-1,,
01486-4503-14.zip,202602101146,天塩郡遠別町字金浦,353,,
01486-4503-14.zip,202602101146,天塩郡遠別町字金浦,198-11,,
01486-4503-14.zip,202602101146,天塩郡遠別町字金浦,349,,
01486-4503-14.zip,202602101146,天塩郡遠別町字金浦,341,,
01486-4503-14.zip,202602101146,天塩郡遠別町,地区外-239288,,
01486-4503-14.zip,202602101146,天塩郡遠別町,地区外-239289,,
01486-4503-14.zip,202602101146,天塩郡遠別町字金浦,149,,
01486-4503-14.zip,202602101146,天塩郡遠別町字金浦,130-1,,
01486-4503-14.zip,202602101146,天塩郡遠別町,地区外-239292,,
01486-4503-14.zip,202602101146,天塩郡遠別町字金浦,135-2,,
01486-4503-14.zip,202602101146,天塩郡遠別町字金浦,道-7,,
01486-4503-14.zip,202602101146,天塩郡遠別町字金浦,152-1,,
01486-4503-14.zip,202602101146,天塩郡遠別町字金浦,343,,
01486-4503-14.zip,202602101146,天塩郡遠別町字金浦,342,,
01486-4503-14.zip,202602101146,天塩郡遠別町字金浦,169-3,,
01486-4503-14.zip,202602101146,天塩郡遠別町字金浦,345,,
01486-4503-14.zip,202602101146,天塩郡遠別町字金浦,169-15,,
01486-4503-14.zip,202602101146,天塩郡遠別町字金浦,169-1,,
01486-4503-14.zip,202602101146,天塩郡遠別町字金浦,155-4,,
01486-4503-14.zip,202602101146,天塩郡遠別町字金浦,152-5,,
01486-4503-14.zip,202602101146,天塩郡遠別町字金浦,152-4,,
01486-4503-14.zip,202602101146,天塩郡遠別町字金浦,155-3,,
01486-4503-14.zip,202602101146,天塩郡遠別町字金浦,168-1,,
01486-4503-14.zip,202602101146,天塩郡遠別町字金浦,167-1,,
01486-4503-14.zip,202602101146,天塩郡遠別町字金浦,157-1,,
01486-4503-14.zip,202602101146,天塩郡遠別町字金浦,168-2,,
01486-4503-14.zip,202602101146,天塩郡遠別町字金浦,151-5,,
01486-4503-14.zip,202602101146,天塩郡遠別町字金浦,151-2,,
01486-4503-14.zip,202602101146,天塩郡遠別町字金浦,151-1,,
01486-4503-14.zip,202602101146,天塩郡遠別町字金浦,329,,
01486-4503-14.zip,202602101146,天塩郡遠別町字金浦,138,,
01486-4503-14.zip,202602101146,天塩郡遠別町字金浦,136-5,,
01486-4503-14.zip,202602101146,天塩郡遠別町字金浦,136-3,,
01486-4503-14.zip,202602101146,天塩郡遠別町字金浦,130-3,,
01486-4503-14.zip,202602101146,天塩郡遠別町字金浦,327,,
01486-4503-14.zip,202602101146,天塩郡遠別町字金浦,126-1,,
01486-4503-14.zip,202602101146,天塩郡遠別町字金浦,126-3,,
01486-4503-14.zip,202602101146,天塩郡遠別町字金浦,137-2,,
01486-4503-14.zip,202602101146,天塩郡遠別町字金浦,137-1,,
01486-4503-14.zip,202602101146,天塩郡遠別町字金浦,137-3,,
01486-4503-14.zip,202602101146,天塩郡遠別町字金浦,332,,
01486-4503-14.zip,202602101146,天塩郡遠別町字金浦,154-2,,
01486-4503-14.zip,202602101146,天塩郡遠別町字金浦,154-1,,
01486-4503-14.zip,202602101146,天塩郡遠別町字金浦,151-3,,
01486-4503-14.zip,202602101146,天塩郡遠別町字金浦,330,,
01486-4503-14.zip,202602101146,天塩郡遠別町字金浦,152-3,,
01486-4503-14.zip,202602101146,天塩郡遠別町字金浦,328,,
01486-4503-14.zip,202602101146,天塩郡遠別町字金浦,130-4,,
01486-4503-14.zip,202602101146,天塩郡遠別町字金浦,135-1,,
01486-4503-14.zip,202602101146,天塩郡遠別町字金浦,水-7,,
01486-4503-14.zip,202602101146,天塩郡遠別町字金浦,136-1,,
01486-4503-14.zip,202602101146,天塩郡遠別町字金浦,136-4,,
01486-4503-14.zip,202602101146,天塩郡遠別町字金浦,127-4,,
01486-4503-14.zip,202602101146,天塩郡遠別町字金浦,141,,
01486-4503-14.zip,202602101146,天塩郡遠別町字金浦,139-1,,
01486-4503-14.zip,202602101146,天塩郡遠別町字金浦,139-2,,
01486-4503-14.zip,202602101146,天塩郡遠別町字金浦,142-1,,
01486-4503-14.zip,202602101146,天塩郡遠別町字金浦,150,,
01486-4503-14.zip,202602101146,天塩郡遠別町字金浦,142-2,,
01486-4503-14.zip,202602101146,天塩郡遠別町字金浦,142-6,,
01486-4503-14.zip,202602101146,天塩郡遠別町字金浦,142-5,,
01486-4503-14.zip,202602101146,天塩郡遠別町字金浦,162,,
01486-4503-14.zip,202602101146,天塩郡遠別町字金浦,186-2,,
01486-4503-14.zip,202602101146,天塩郡遠別町字金浦,172-1,,
01486-4503-14.zip,202602101146,天塩郡遠別町字金浦,172-3,,
01486-4503-14.zip,202602101146,天塩郡遠別町字金浦,346,,
01486-4503-14.zip,202602101146,天塩郡遠別町字金浦,169-5,,
01486-4503-14.zip,202602101146,天塩郡遠別町字金浦,172-2,,
01486-4503-14.zip,202602101146,天塩郡遠別町字金浦,338,,
01486-4503-14.zip,202602101146,天塩郡遠別町字金浦,337,,
01486-4503-14.zip,202602101146,天塩郡遠別町字金浦,336,,
01486-4503-14.zip,202602101146,天塩郡遠別町字金浦,335,,
01486-4503-14.zip,202602101146,天塩郡遠別町字金浦,333,,
01486-4503-14.zip,202602101146,天塩郡遠別町字金浦,158-4,,
01486-4503-14.zip,202602101146,天塩郡遠別町字金浦,158-1,,
01486-4503-14.zip,202602101146,天塩郡遠別町字金浦,158-3,,
01486-4503-14.zip,202602101146,天塩郡遠別町字金浦,334,,
01486-4503-14.zip,202602101146,天塩郡遠別町字金浦,158-2,,
01486-4503-14.zip,202602101146,天塩郡遠別町字金浦,158-5,,
01486-4503-14.zip,202602101146,天塩郡遠別町字金浦,158-6,,
01486-4503-14.zip,202602101146,天塩郡遠別町字金浦,166,,
01486-4503-14.zip,202602101146,天塩郡遠別町字金浦,164-1,,
01486-4503-14.zip,202602101146,天塩郡遠別町字金浦,340,,
01486-4503-14.zip,202602101146,天塩郡遠別町字金浦,159,,
01486-4503-14.zip,202602101146,天塩郡遠別町字金浦,160-1,,
01486-4503-14.zip,202602101146,天塩郡遠別町字金浦,160-2,,
01486-4503-14.zip,202602101146,天塩郡遠別町字金浦,339,,
01486-4503-14.zip,202602101146,天塩郡遠別町字金浦,164-2,,
01486-4503-14.zip,202602101146,天塩郡遠別町字金浦,161,,
01486-4503-14.zip,202602101146,天塩郡遠別町字金浦,143-1,,
01486-4503-14.zip,202602101146,天塩郡遠別町字金浦,143-3,,
01486-4503-14.zip,202602101146,天塩郡遠別町字金浦,142-7,,
01486-4503-14.zip,202602101146,天塩郡遠別町字金浦,143-4,,
01486-4503-14.zip,202602101146,天塩郡遠別町字金浦,142-13,,
01486-4503-14.zip,202602101146,天塩郡遠別町字金浦,142-3,,
01486-4503-14.zip,202602101146,天塩郡遠別町字金浦,142-14,,
01486-4503-14.zip,202602101146,天塩郡遠別町字金浦,142-8,,
01486-4503-14.zip,202602101146,天塩郡遠別町字金浦,142-9,,
01486-4503-14.zip,202602101146,天塩郡遠別町字金浦,142-12,,
01486-4503-14.zip,202602101146,天塩郡遠別町字金浦,142-10,,
01486-4503-14.zip,202602101146,天塩郡遠別町字金浦,142-15,,
01486-4503-14.zip,202602101146,天塩郡遠別町字金浦,142-11,,
01486-4503-14.zip,202602101146,天塩郡遠別町字金浦,331,,
01486-4503-14.zip,202602101146,天塩郡遠別町字金浦,151-4,,
01486-4503-14.zip,202602101146,天塩郡遠別町字金浦,142-4,,
01486-4503-14.zip,202602101146,天塩郡遠別町字金浦,143-9,,
01486-4503-14.zip,202602101146,天塩郡遠別町字金浦,344,,
01486-4503-14.zip,202602101146,天塩郡遠別町字金浦,269,,
01486-4503-14.zip,202602101146,天塩郡遠別町字金浦,127-2,,
01486-4503-14.zip,202602101146,天塩郡遠別町字金浦,68-6,,
01486-4503-14.zip,202602101146,天塩郡遠別町,地区外-239394,,
01486-4503-14.zip,202602101146,天塩郡遠別町字金浦,68-1,,
01486-4503-14.zip,202602101146,天塩郡遠別町字金浦,道-8,,
01486-4503-14.zip,202602101146,天塩郡遠別町字金浦,68-7,,
01486-4503-14.zip,202602101146,天塩郡遠別町字金浦,133-1,,
01486-4503-14.zip,202602101146,天塩郡遠別町字金浦,126-2,,
01486-4503-14.zip,202602101146,天塩郡遠別町字金浦,131,,
01486-4503-14.zip,202602101146,天塩郡遠別町字金浦,133-3,,
01486-4503-14.zip,202602101146,天塩郡遠別町字金浦,118-3,,
01486-4503-14.zip,202602101146,天塩郡遠別町字金浦,120-1,,
01486-4503-14.zip,202602101146,天塩郡遠別町字金浦,61,,
01486-4503-14.zip,202602101146,天塩郡遠別町字金浦,72-3,,
01486-4503-14.zip,202602101146,天塩郡遠別町字金浦,62-1,,
01486-4503-14.zip,202602101146,天塩郡遠別町字金浦,62-2,,
01486-4503-14.zip,202602101146,天塩郡遠別町字金浦,259-2,,
01486-4503-14.zip,202602101146,天塩郡遠別町字金浦,270,,
01486-4503-14.zip,202602101146,天塩郡遠別町字金浦,123-1,,
01486-4503-14.zip,202602101146,天塩郡遠別町字金浦,122,,
01486-4503-14.zip,202602101146,天塩郡遠別町字金浦,326,,
01486-4503-14.zip,202602101146,天塩郡遠別町字金浦,123-3,,
01486-4503-14.zip,202602101146,天塩郡遠別町字金浦,324,,
01486-4503-14.zip,202602101146,天塩郡遠別町字金浦,323,,
01486-4503-14.zip,202602101146,天塩郡遠別町字金浦,260-1,,
01486-4503-14.zip,202602101146,天塩郡遠別町字金浦,道-9,,
01486-4503-14.zip,202602101146,天塩郡遠別町字金浦,46-2,,
01486-4503-14.zip,202602101146,天塩郡遠別町字金浦,257,,
01486-4503-14.zip,202602101146,天塩郡遠別町字金浦,249-1,,
01486-4503-14.zip,202602101146,天塩郡遠別町字金浦,72-1,,
01486-4503-14.zip,202602101146,天塩郡遠別町字金浦,72-6,,
01486-4503-14.zip,202602101146,天塩郡遠別町字金浦,62-3,,
01486-4503-14.zip,202602101146,天塩郡遠別町字金浦,259-1,,
01486-4503-14.zip,202602101146,天塩郡遠別町字金浦,125-1,,
01486-4503-14.zip,202602101146,天塩郡遠別町字金浦,125-2,,
01486-4503-14.zip,202602101146,天塩郡遠別町字金浦,127-3,,
01486-4503-14.zip,202602101146,天塩郡遠別町字金浦,127-1,,
01486-4503-14.zip,202602101146,天塩郡遠別町字金浦,124-1,,
01486-4503-14.zip,202602101146,天塩郡遠別町字金浦,124-2,,
01486-4503-14.zip,202602101146,天塩郡遠別町字金浦,125-3,,
01486-4503-14.zip,202602101146,天塩郡遠別町字金浦,125-5,,
01486-4503-14.zip,202602101146,天塩郡遠別町字金浦,125-4,,
01486-4503-14.zip,202602101146,天塩郡遠別町字金浦,325,,
01486-4503-14.zip,202602101146,天塩郡遠別町字金浦,124-3,,
01486-4503-14.zip,202602101146,天塩郡遠別町字金浦,123-2,,
01486-4503-14.zip,202602101146,天塩郡遠別町字金浦,46-3,,
01486-4503-14.zip,202602101146,天塩郡遠別町字金浦,322,,
01486-4503-14.zip,202602101146,天塩郡遠別町字金浦,75-3,,
01486-4503-14.zip,202602101146,天塩郡遠別町字金浦,321,,
01486-4503-14.zip,202602101146,天塩郡遠別町字金浦,248-1,,
01486-4503-14.zip,202602101146,天塩郡遠別町字金浦,320,,
01486-4503-14.zip,202602101146,天塩郡遠別町字金浦,240,,
01486-4503-14.zip,202602101146,天塩郡遠別町字金浦,52-1,,
01486-4503-14.zip,202602101146,天塩郡遠別町字金浦,45-1,,
01486-4503-14.zip,202602101146,天塩郡遠別町字金浦,道-10,,
01486-4503-14.zip,202602101146,天塩郡遠別町字金浦,75-1,,
01486-4503-14.zip,202602101146,天塩郡遠別町字金浦,53-1,,
01486-4503-14.zip,202602101146,天塩郡遠別町字金浦,253-1,,
01486-4503-14.zip,202602101146,天塩郡遠別町字金浦,255-1,,
01486-4503-14.zip,202602101146,天塩郡遠別町字金浦,319,,
01486-4503-14.zip,202602101146,天塩郡遠別町字金浦,280,,
01486-4503-14.zip,202602101146,天塩郡遠別町字金浦,247,,
01486-4503-14.zip,202602101146,天塩郡遠別町字金浦,228,,
01486-4503-14.zip,202602101146,天塩郡遠別町字金浦,246-1,,
01486-4503-14.zip,202602101146,天塩郡遠別町,地区外-239456,,
01486-4503-14.zip,202602101146,天塩郡遠別町字金浦,68-5,,
01486-4503-14.zip,202602101146,天塩郡遠別町字金浦,88-4,,
01486-4503-14.zip,202602101146,天塩郡遠別町字金浦,310,,
01486-4503-14.zip,202602101146,天塩郡遠別町字金浦,90,,
01486-4503-14.zip,202602101146,天塩郡遠別町,地区外-239461,,
01486-4503-14.zip,202602101146,天塩郡遠別町字金浦,68-8,,
01486-4503-14.zip,202602101146,天塩郡遠別町字金浦,64,,
01486-4503-14.zip,202602101146,天塩郡遠別町字金浦,65-1,,
01486-4503-14.zip,202602101146,天塩郡遠別町字金浦,70-1,,
01486-4503-14.zip,202602101146,天塩郡遠別町字金浦,道-11,,
01486-4503-14.zip,202602101146,天塩郡遠別町字金浦,317,,
01486-4503-14.zip,202602101146,天塩郡遠別町字金浦,67-1,,
01486-4503-14.zip,202602101146,天塩郡遠別町字金浦,311,,
01486-4503-14.zip,202602101146,天塩郡遠別町字金浦,308,,
01486-4503-14.zip,202602101146,天塩郡遠別町字金浦,道-12,,
01486-4503-14.zip,202602101146,天塩郡遠別町字金浦,80-6,,
01486-4503-14.zip,202602101146,天塩郡遠別町字金浦,道-13,,
01486-4503-14.zip,202602101146,天塩郡遠別町字金浦,99-1,,
01486-4503-14.zip,202602101146,天塩郡遠別町字金浦,107-1,,
01486-4503-14.zip,202602101146,天塩郡遠別町字金浦,80-8,,
01486-4503-14.zip,202602101146,天塩郡遠別町字金浦,241,,
01486-4503-14.zip,202602101146,天塩郡遠別町字金浦,84-3,,
01486-4503-14.zip,202602101146,天塩郡遠別町字金浦,道-14,,
01486-4503-14.zip,202602101146,天塩郡遠別町字金浦,82-3,,
01486-4503-14.zip,202602101146,天塩郡遠別町字金浦,道-15,,
01486-4503-14.zip,202602101146,天塩郡遠別町字金浦,309,,
01486-4503-14.zip,202602101146,天塩郡遠別町字金浦,83-2,,
01486-4503-14.zip,202602101146,天塩郡遠別町字金浦,97-2,,
01486-4503-14.zip,202602101146,天塩郡遠別町字金浦,107-2,,
01486-4503-14.zip,202602101146,天塩郡遠別町字金浦,242,,
01486-4503-14.zip,202602101146,天塩郡遠別町字金浦,83-1,,
01486-4503-14.zip,202602101146,天塩郡遠別町字金浦,83-4,,
01486-4503-14.zip,202602101146,天塩郡遠別町字金浦,80-7,,
01486-4503-14.zip,202602101146,天塩郡遠別町字金浦,84-5,,
01486-4503-14.zip,202602101146,天塩郡遠別町字金浦,315,,
01486-4503-14.zip,202602101146,天塩郡遠別町字金浦,74-1,,
01486-4503-14.zip,202602101146,天塩郡遠別町字金浦,74-4,,
01486-4503-14.zip,202602101146,天塩郡遠別町字金浦,74-3,,
01486-4503-14.zip,202602101146,天塩郡遠別町字金浦,74-2,,
01486-4503-14.zip,202602101146,天塩郡遠別町字金浦,73-2,,
01486-4503-14.zip,202602101146,天塩郡遠別町字金浦,73-1,,
01486-4503-14.zip,202602101146,天塩郡遠別町字金浦,316,,
01486-4503-14.zip,202602101146,天塩郡遠別町字金浦,80-1,,
01486-4503-14.zip,202602101146,天塩郡遠別町字金浦,80-4,,
01486-4503-14.zip,202602101146,天塩郡遠別町字金浦,86,,
01486-4503-14.zip,202602101146,天塩郡遠別町字金浦,85-1,,
01486-4503-14.zip,202602101146,天塩郡遠別町字金浦,263-1,,
01486-4503-14.zip,202602101146,天塩郡遠別町字金浦,71,,
01486-4503-14.zip,202602101146,天塩郡遠別町字金浦,72-4,,
01486-4503-14.zip,202602101146,天塩郡遠別町字金浦,72-5,,
01486-4503-14.zip,202602101146,天塩郡遠別町字金浦,75-5,,
01486-4503-14.zip,202602101146,天塩郡遠別町字金浦,75-6,,
01486-4503-14.zip,202602101146,天塩郡遠別町字金浦,80-3,,
01486-4503-14.zip,202602101146,天塩郡遠別町字金浦,313,,
01486-4503-14.zip,202602101146,天塩郡遠別町字金浦,314,,
01486-4503-14.zip,202602101146,天塩郡遠別町字金浦,79-4,,
01486-4503-14.zip,202602101146,天塩郡遠別町字金浦,水-8,,
01486-4503-14.zip,202602101146,天塩郡遠別町字金浦,102-3,,
01486-4503-14.zip,202602101146,天塩郡遠別町字金浦,106-1,,
01486-4503-14.zip,202602101146,天塩郡遠別町字金浦,105-1,,
01486-4503-14.zip,202602101146,天塩郡遠別町字金浦,102-6,,
01486-4503-14.zip,202602101146,天塩郡遠別町字金浦,79-1,,
01486-4503-14.zip,202602101146,天塩郡遠別町字金浦,312,,
01486-4503-14.zip,202602101146,天塩郡遠別町字金浦,246-2,,
01486-4503-14.zip,202602101146,天塩郡遠別町字金浦,78-1,,
01486-4503-14.zip,202602101146,天塩郡遠別町字金浦,69-1,,
01486-4503-14.zip,202602101146,天塩郡遠別町字金浦,91-1,,
01486-4503-14.zip,202602101146,天塩郡遠別町字金浦,68-4,,
01486-4503-14.zip,202602101146,天塩郡遠別町,地区外-239526,,
01486-4503-14.zip,202602101146,天塩郡遠別町字金浦,94-1,,
01486-4503-14.zip,202602101146,天塩郡遠別町字金浦,110-2,,
01486-4503-14.zip,202602101146,天塩郡遠別町字金浦,294,,
01486-4503-14.zip,202602101146,天塩郡遠別町字金浦,91-2,,
01486-4503-14.zip,202602101146,天塩郡遠別町字金浦,88-1,,
01486-4503-14.zip,202602101146,天塩郡遠別町字金浦,97-1,,
01486-4503-14.zip,202602101146,天塩郡遠別町字金浦,108-1,,
01486-4503-14.zip,202602101146,天塩郡遠別町字金浦,96-2,,
01486-4503-14.zip,202602101146,天塩郡遠別町字金浦,94-2,,
01486-4503-14.zip,202602101146,天塩郡遠別町字金浦,307,,
01486-4503-14.zip,202602101146,天塩郡遠別町字金浦,83-3,,
01486-4503-14.zip,202602101146,天塩郡遠別町字金浦,100,,
01486-4503-14.zip,202602101146,天塩郡遠別町,地区外-239539,,
01486-4503-14.zip,202602101146,天塩郡遠別町字金浦,382,,
01486-4503-14.zip,202602101146,天塩郡遠別町字金浦,381,,
01486-4503-14.zip,202602101146,天塩郡遠別町,地区外-239542,,
01486-4503-14.zip,202602101146,天塩郡遠別町字金浦,318,,
01486-4503-14.zip,202602101146,天塩郡遠別町字金浦,227,,
01486-4503-14.zip,202602101146,天塩郡遠別町字金浦,225,,
01486-4503-14.zip,202602101146,天塩郡遠別町,地区外-239546,,
01486-4503-14.zip,202602101146,天塩郡遠別町字金浦,104,,
01486-4503-14.zip,202602101146,天塩郡遠別町字金浦,103,,
01486-4503-14.zip,202602101146,天塩郡遠別町字金浦,305,,
01486-4503-14.zip,202602101146,天塩郡遠別町字金浦,226-3,,
01486-4503-14.zip,202602101146,天塩郡遠別町字金浦,229,,
01486-4503-14.zip,202602101146,天塩郡遠別町字金浦,79-3,,
01486-4503-14.zip,202602101146,天塩郡遠別町字金浦,226-2,,
01486-4503-14.zip,202602101146,天塩郡遠別町字金浦,79-6,,
01486-4503-14.zip,202602101146,天塩郡遠別町字金浦,244,,
01486-4503-14.zip,202602101146,天塩郡遠別町字金浦,230,,
01486-4503-14.zip,202602101146,天塩郡遠別町字金浦,243,,
01486-4503-14.zip,202602101146,天塩郡遠別町字金浦,306,,
01486-4503-14.zip,202602101146,天塩郡遠別町字金浦,376,,
01486-4503-14.zip,202602101146,天塩郡遠別町字金浦,377,,
01486-4503-14.zip,202602101146,天塩郡遠別町,地区外-239563,,
01486-4503-14.zip,202602101146,天塩郡遠別町,地区外-239564,,
01486-4503-14.zip,202602101146,天塩郡遠別町,地区外-239565,,
01486-4503-14.zip,202602101146,天塩郡遠別町字金浦,220-2,,
01486-4503-14.zip,202602101146,天塩郡遠別町字金浦,378,,
01486-4503-14.zip,202602101146,天塩郡遠別町字金浦,379,,
01486-4503-14.zip,202602101146,天塩郡遠別町字金浦,380,,
01486-4503-14.zip,202602101146,天塩郡遠別町,地区外-239570,,
01486-4503-14.zip,202602101146,天塩郡遠別町字金浦,8-1,,
01486-4503-14.zip,202602101146,天塩郡遠別町字金浦,水-9,,
01486-4503-14.zip,202602101146,天塩郡遠別町字金浦,1-4,,
01486-4503-14.zip,202602101146,天塩郡遠別町字金浦,1-1,,
01486-4503-14.zip,202602101146,天塩郡遠別町字金浦,375,,
01486-4503-14.zip,202602101146,天塩郡遠別町字金浦,234,,
01486-4503-14.zip,202602101146,天塩郡遠別町字金浦,233,,
01486-4503-14.zip,202602101146,天塩郡遠別町字金浦,道-16,,
01486-4503-14.zip,202602101146,天塩郡遠別町字金浦,252-1,,
01486-4503-14.zip,202602101146,天塩郡遠別町字金浦,299,,
01486-4503-14.zip,202602101146,天塩郡遠別町字金浦,4,,
01486-4503-14.zip,202602101146,天塩郡遠別町字金浦,6-5,,
01486-4503-14.zip,202602101146,天塩郡遠別町字金浦,6-7,,
01486-4503-14.zip,202602101146,天塩郡遠別町字金浦,5,,
01486-4503-14.zip,202602101146,天塩郡遠別町字金浦,6-2,,
01486-4503-14.zip,202602101146,天塩郡遠別町字金浦,6-1,,
01486-4503-14.zip,202602101146,天塩郡遠別町字金浦,283-1,,
01486-4503-14.zip,202602101146,天塩郡遠別町字金浦,7-8,,
01486-4503-14.zip,202602101146,天塩郡遠別町字金浦,7-1,,
01486-4503-14.zip,202602101146,天塩郡遠別町字金浦,道-17,,
01486-4503-14.zip,202602101146,天塩郡遠別町字金浦,231,,
01486-4503-14.zip,202602101146,天塩郡遠別町字金浦,3-2,,
01486-4503-14.zip,202602101146,天塩郡遠別町字金浦,250,,
01486-4503-14.zip,202602101146,天塩郡遠別町字金浦,7-2,,
01486-4503-14.zip,202602101146,天塩郡遠別町字金浦,7-3,,
01486-4503-14.zip,202602101146,天塩郡遠別町字金浦,水-10,,
01486-4503-14.zip,202602101146,天塩郡遠別町字金浦,7-6,,
01486-4503-14.zip,202602101146,天塩郡遠別町字金浦,3-1,,
01486-4503-14.zip,202602101146,天塩郡遠別町,地区外-239599,,
01486-4503-14.zip,202602101146,天塩郡遠別町,地区外-239600,,
01486-4503-14.zip,202602101146,天塩郡遠別町,地区外-239601,,
01486-4503-14.zip,202602101146,天塩郡遠別町,地区外-239602,,
01486-4503-14.zip,202602101146,天塩郡遠別町字金浦,116-1,,
01486-4503-14.zip,202602101146,天塩郡遠別町字金浦,116-2,,
01486-4503-14.zip,202602101146,天塩郡遠別町字金浦,115-1,,
01486-4503-14.zip,202602101146,天塩郡遠別町字金浦,293-1,,
01486-4503-14.zip,202602101146,天塩郡遠別町字金浦,113-2,,
01486-4503-14.zip,202602101146,天塩郡遠別町字金浦,304,,
01486-4503-14.zip,202602101146,天塩郡遠別町字金浦,111-1,,
01486-4503-14.zip,202602101146,天塩郡遠別町,地区外-239610,,
01486-4503-14.zip,202602101146,天塩郡遠別町,地区外-239611,,
01486-4503-14.zip,202602101146,天塩郡遠別町字金浦,384,,
01486-4503-14.zip,202602101146,天塩郡遠別町字金浦,383,,
01486-4503-14.zip,202602101146,天塩郡遠別町字金浦,215-2,,
01486-4503-14.zip,202602101146,天塩郡遠別町字金浦,207-2,,
01486-4503-14.zip,202602101146,天塩郡遠別町字金浦,212-4,,
01486-4503-14.zip,202602101146,天塩郡遠別町字金浦,218-5,,
01486-4503-14.zip,202602101146,天塩郡遠別町字金浦,368,,
01486-4503-14.zip,202602101146,天塩郡遠別町字金浦,212-1,,
01486-4503-14.zip,202602101146,天塩郡遠別町字金浦,210-1,,
01486-4503-14.zip,202602101146,天塩郡遠別町字金浦,367,,
01486-4503-14.zip,202602101146,天塩郡遠別町字金浦,214-3,,
01486-4503-14.zip,202602101146,天塩郡遠別町字金浦,道-18,,
01486-4503-14.zip,202602101146,天塩郡遠別町字金浦,214-1,,
01486-4503-14.zip,202602101146,天塩郡遠別町字金浦,218-4,,
01486-4503-14.zip,202602101146,天塩郡遠別町字金浦,369,,
01486-4503-14.zip,202602101146,天塩郡遠別町字金浦,365,,
01486-4503-14.zip,202602101146,天塩郡遠別町字金浦,366,,
01486-4503-14.zip,202602101146,天塩郡遠別町字金浦,211-1,,
01486-4503-14.zip,202602101146,天塩郡遠別町字金浦,211-3,,
01486-4503-14.zip,202602101146,天塩郡遠別町字金浦,211-2,,
01486-4503-14.zip,202602101146,天塩郡遠別町字金浦,370,,
01486-4503-14.zip,202602101146,天塩郡遠別町字金浦,301,,
01486-4503-14.zip,202602101146,天塩郡遠別町,地区外-239634,,
01486-4503-14.zip,202602101146,天塩郡遠別町字金浦,303,,
01486-4503-14.zip,202602101146,天塩郡遠別町字金浦,302,,
01486-4503-14.zip,202602101146,天塩郡遠別町,地区外-239637,,
01486-4503-14.zip,202602101146,天塩郡遠別町,地区外-239638,,
01486-4503-14.zip,202602101146,天塩郡遠別町字金浦,289,,
01486-4503-14.zip,202602101146,天塩郡遠別町字金浦,11-3,,
01486-4503-14.zip,202602101146,天塩郡遠別町字金浦,15,,
01486-4503-14.zip,202602101146,天塩郡遠別町字金浦,18-1,,
01486-4503-14.zip,202602101146,天塩郡遠別町字金浦,10-2,,
01486-4503-14.zip,202602101146,天塩郡遠別町字金浦,300,,
01486-4503-14.zip,202602101146,天塩郡遠別町字金浦,16,,
01486-4503-14.zip,202602101146,天塩郡遠別町字金浦,285,,
01486-4503-14.zip,202602101146,天塩郡遠別町字金浦,282-2,,
01486-4503-14.zip,202602101146,天塩郡遠別町字金浦,11-2,,
01486-4503-14.zip,202602101146,天塩郡遠別町字金浦,10-9,,
01486-4503-14.zip,202602101146,天塩郡遠別町字金浦,373,,
01486-4503-14.zip,202602101146,天塩郡遠別町字金浦,11-1,,
01486-4503-14.zip,202602101146,天塩郡遠別町字金浦,12,,
01486-4503-14.zip,202602101146,天塩郡遠別町字金浦,374,,
01486-4503-14.zip,202602101146,天塩郡遠別町字金浦,288,,
01486-4503-14.zip,202602101146,天塩郡遠別町字金浦,6-6,,
01486-4503-14.zip,202602101146,天塩郡遠別町字金浦,7-9,,
01486-4503-14.zip,202602101146,天塩郡遠別町字金浦,7-4,,
01486-4503-14.zip,202602101146,天塩郡遠別町字金浦,6-4,,
01486-4503-14.zip,202602101146,天塩郡遠別町字金浦,6-3,,
01486-4503-14.zip,202602101146,天塩郡遠別町字金浦,7-10,,
01486-4503-14.zip,202602101146,天塩郡遠別町字金浦,283-2,,
01486-4503-14.zip,202602101146,天塩郡遠別町字金浦,7-5,,
01486-4503-14.zip,202602101146,天塩郡遠別町字金浦,235,,
01486-4503-14.zip,202602101146,天塩郡遠別町字金浦,10-1,,
01486-4503-14.zip,202602101146,天塩郡遠別町字金浦,372,,
01486-4503-14.zip,202602101146,天塩郡遠別町字金浦,10-3,,
01486-4503-14.zip,202602101146,天塩郡遠別町字金浦,18-2,,
01486-4503-14.zip,202602101146,天塩郡遠別町字金浦,236,,
01486-4503-14.zip,202602101146,天塩郡遠別町字金浦,277,,
01486-4503-14.zip,202602101146,天塩郡遠別町字金浦,28-1,,
01486-4503-14.zip,202602101146,天塩郡遠別町字金浦,28-3,,
01486-4503-14.zip,202602101146,天塩郡遠別町字金浦,19-1,,
01486-4503-14.zip,202602101146,天塩郡遠別町字金浦,282-1,,
01486-4503-14.zip,202602101146,天塩郡遠別町字金浦,8-2,,
01486-4503-14.zip,202602101146,天塩郡遠別町字金浦,9-1,,
01486-4503-14.zip,202602101146,天塩郡遠別町字金浦,20-1,,
01486-4503-14.zip,202602101146,天塩郡遠別町字金浦,21-1,,
01486-4503-14.zip,202602101146,天塩郡遠別町字金浦,水-11,,
01486-4503-14.zip,202602101146,天塩郡遠別町字金浦,22-1,,
01486-4503-14.zip,202602101146,天塩郡遠別町字金浦,24-1,,
01486-4503-14.zip,202602101146,天塩郡遠別町字金浦,23,,
01486-4503-14.zip,202602101146,天塩郡遠別町,地区外-239682,,
01486-4503-14.zip,202602101146,天塩郡遠別町字金浦,143-7,,
01486-4503-14.zip,202602101146,天塩郡遠別町字金浦,143-8,,
01486-4503-14.zip,202602101146,天塩郡遠別町字金浦,143-5,,
01486-4503-14.zip,202602101146,天塩郡遠別町字金浦,143-6,,
01486-4503-14.zip,202602101146,天塩郡遠別町字金浦,143-2,,
01486-4503-14.zip,202602101146,天塩郡遠別町字金浦,31-1,,
01486-4503-14.zip,202602101146,天塩郡遠別町字金浦,33,,
01486-4503-14.zip,202602101146,天塩郡遠別町字金浦,28-2,,
01486-4503-14.zip,202602101146,天塩郡遠別町字金浦,295,,
01486-4503-14.zip,202602101146,天塩郡遠別町字金浦,29-1,,
01486-4503-14.zip,202602101146,天塩郡遠別町字金浦,35-1,,
01486-4503-14.zip,202602101146,天塩郡遠別町字金浦,36-1,,
01486-4503-14.zip,202602101146,天塩郡遠別町字金浦,371,,
01486-4503-14.zip,202602101146,天塩郡遠別町字金浦,34,,
01486-4503-14.zip,202602101146,天塩郡遠別町字金浦,31-11,,
01486-4503-14.zip,202602101146,天塩郡遠別町字金浦,35-3,,
01486-4503-14.zip,202602101146,天塩郡遠別町字金浦,296,,
01486-4503-14.zip,202602101146,天塩郡遠別町字金浦,35-5,,
01486-4503-14.zip,202602101146,天塩郡遠別町字金浦,36-6,,
01486-4503-14.zip,202602101146,天塩郡遠別町字金浦,239,,
01486-4503-14.zip,202602101146,天塩郡遠別町字金浦,29-2,,
01486-4503-14.zip,202602101146,天塩郡遠別町字金浦,35-2,,
01486-4503-14.zip,202602101146,天塩郡遠別町字金浦,36-2,,
01486-4503-14.zip,202602101146,天塩郡遠別町字金浦,25-1,,
01486-4503-14.zip,202602101146,天塩郡遠別町字金浦,27-1,,
01486-4503-14.zip,202602101146,天塩郡遠別町字金浦,39-1,,
01486-4503-14.zip,202602101146,天塩郡遠別町字金浦,40-1,,
01486-4503-14.zip,202602101146,天塩郡遠別町字金浦,41-1,,
01486-4503-14.zip,202602101146,天塩郡遠別町字金浦,42-3,,
01486-4503-14.zip,202602101146,天塩郡遠別町字金浦,水-12,,
01486-4503-14.zip,202602101146,天塩郡遠別町字金浦,44-1,,
01486-4503-14.zip,202602101146,天塩郡遠別町字金浦,43-2,,
01486-4503-14.zip,202602101146,天塩郡遠別町,地区外-239715,,
01486-4503-14.zip,202602101146,天塩郡遠別町,地区外-239716,,
01486-4503-14.zip,202602101146,天塩郡遠別町字金浦,43-1,,
01486-4503-14.zip,202602101146,天塩郡遠別町字金浦,42-1,,
01486-4503-14.zip,202602101146,天塩郡遠別町,地区外-239719,,
01486-4503-14.zip,202602101146,天塩郡遠別町字金浦,79-7,,
01486-4503-14.zip,202602101146,天塩郡遠別町字金浦,226-1,,
01486-4503-14.zip,202602101146,天塩郡遠別町字金浦,102-1,,
01486-4503-14.zip,202602101146,天塩郡遠別町字金浦,79-5,,
01486-4503-15.zip,202602101146,天塩郡遠別町字歌越,54-4,,
01486-4503-15.zip,202602101146,天塩郡遠別町字歌越,419,,
01486-4503-15.zip,202602101146,天塩郡遠別町字歌越,99-1,,
01486-4503-15.zip,202602101146,天塩郡遠別町字歌越,水-1,,
01486-4503-15.zip,202602101146,天塩郡遠別町字歌越,水-2,,
01486-4503-15.zip,202602101146,天塩郡遠別町字歌越,水-3,,
01486-4503-15.zip,202602101146,天塩郡遠別町字歌越,長狭物不明-1,,
01486-4503-15.zip,202602101146,天塩郡遠別町,地区外-242044,,
01486-4503-15.zip,202602101146,天塩郡遠別町字歌越,396,,
01486-4503-15.zip,202602101146,天塩郡遠別町,地区外-242046,,
01486-4503-15.zip,202602101146,天塩郡遠別町字歌越,574,,
01486-4503-15.zip,202602101146,天塩郡遠別町字歌越,266-2,,
01486-4503-15.zip,202602101146,天塩郡遠別町字歌越,水-4,,
01486-4503-15.zip,202602101146,天塩郡遠別町字歌越,266-7,,
01486-4503-15.zip,202602101146,天塩郡遠別町字歌越,577,,
01486-4503-15.zip,202602101146,天塩郡遠別町字歌越,576,,
01486-4503-15.zip,202602101146,天塩郡遠別町字歌越,266-5,,
01486-4503-15.zip,202602101146,天塩郡遠別町字歌越,266-3,,
01486-4503-15.zip,202602101146,天塩郡遠別町,地区外-242055,,
01486-4503-15.zip,202602101146,天塩郡遠別町字歌越,水-5,,
01486-4503-15.zip,202602101146,天塩郡遠別町字歌越,水-6,,
01486-4503-15.zip,202602101146,天塩郡遠別町,地区外-242058,,
01486-4503-15.zip,202602101146,天塩郡遠別町,地区外-242059,,
01486-4503-15.zip,202602101146,天塩郡遠別町字歌越,395-1,,
01486-4503-15.zip,202602101146,天塩郡遠別町,地区外-242061,,
01486-4503-15.zip,202602101146,天塩郡遠別町字歌越,589,,
01486-4503-15.zip,202602101146,天塩郡遠別町字歌越,588,,
01486-4503-15.zip,202602101146,天塩郡遠別町字歌越,181,,
01486-4503-15.zip,202602101146,天塩郡遠別町字歌越,水-7,,
01486-4503-15.zip,202602101146,天塩郡遠別町,地区外-242066,,
01486-4503-15.zip,202602101146,天塩郡遠別町字歌越,水-8,,
01486-4503-15.zip,202602101146,天塩郡遠別町字歌越,水-9,,
01486-4503-15.zip,202602101146,天塩郡遠別町字歌越,395-2,,
01486-4503-15.zip,202602101146,天塩郡遠別町,地区外-242070,,
01486-4503-15.zip,202602101146,天塩郡遠別町字歌越,604,,
01486-4503-15.zip,202602101146,天塩郡遠別町字歌越,177-1,,
01486-4503-15.zip,202602101146,天塩郡遠別町字歌越,605,,
01486-4503-15.zip,202602101146,天塩郡遠別町字歌越,178-2,,
01486-4503-15.zip,202602101146,天塩郡遠別町字歌越,177-3,,
01486-4503-15.zip,202602101146,天塩郡遠別町字歌越,178-4,,
01486-4503-15.zip,202602101146,天塩郡遠別町字歌越,606,,
01486-4503-15.zip,202602101146,天塩郡遠別町字歌越,178-1,,
01486-4503-15.zip,202602101146,天塩郡遠別町字歌越,607,,
01486-4503-15.zip,202602101146,天塩郡遠別町字歌越,水-10,,
01486-4503-15.zip,202602101146,天塩郡遠別町字歌越,179,,
01486-4503-15.zip,202602101146,天塩郡遠別町字歌越,583,,
01486-4503-15.zip,202602101146,天塩郡遠別町字歌越,165,,
01486-4503-15.zip,202602101146,天塩郡遠別町字歌越,534,,
01486-4503-15.zip,202602101146,天塩郡遠別町字歌越,185,,
01486-4503-15.zip,202602101146,天塩郡遠別町字歌越,584,,
01486-4503-15.zip,202602101146,天塩郡遠別町字歌越,180-1,,
01486-4503-15.zip,202602101146,天塩郡遠別町字歌越,585,,
01486-4503-15.zip,202602101146,天塩郡遠別町字歌越,184,,
01486-4503-15.zip,202602101146,天塩郡遠別町字歌越,182,,
01486-4503-15.zip,202602101146,天塩郡遠別町字歌越,586,,
01486-4503-15.zip,202602101146,天塩郡遠別町字歌越,554,,
01486-4503-15.zip,202602101146,天塩郡遠別町字歌越,229,,
01486-4503-15.zip,202602101146,天塩郡遠別町字歌越,水-11,,
01486-4503-15.zip,202602101146,天塩郡遠別町字歌越,579,,
01486-4503-15.zip,202602101146,天塩郡遠別町字歌越,587,,
01486-4503-15.zip,202602101146,天塩郡遠別町字歌越,228,,
01486-4503-15.zip,202602101146,天塩郡遠別町字歌越,609,,
01486-4503-15.zip,202602101146,天塩郡遠別町,地区外-242099,,
01486-4503-15.zip,202602101146,天塩郡遠別町字歌越,608,,
01486-4503-15.zip,202602101146,天塩郡遠別町字歌越,180-2,,
01486-4503-15.zip,202602101146,天塩郡遠別町字歌越,180-3,,
01486-4503-15.zip,202602101146,天塩郡遠別町字歌越,道-1,,
01486-4503-15.zip,202602101146,天塩郡遠別町字歌越,122-1,,
01486-4503-15.zip,202602101146,天塩郡遠別町字歌越,126-1,,
01486-4503-15.zip,202602101146,天塩郡遠別町字歌越,126-4,,
01486-4503-15.zip,202602101146,天塩郡遠別町字歌越,580,,
01486-4503-15.zip,202602101146,天塩郡遠別町字歌越,169-1,,
01486-4503-15.zip,202602101146,天塩郡遠別町字歌越,170-1,,
01486-4503-15.zip,202602101146,天塩郡遠別町字歌越,170-5,,
01486-4503-15.zip,202602101146,天塩郡遠別町字歌越,170-6,,
01486-4503-15.zip,202602101146,天塩郡遠別町字歌越,水-12,,
01486-4503-15.zip,202602101146,天塩郡遠別町字歌越,170-7,,
01486-4503-15.zip,202602101146,天塩郡遠別町字歌越,170-8,,
01486-4503-15.zip,202602101146,天塩郡遠別町字歌越,599,,
01486-4503-15.zip,202602101146,天塩郡遠別町字歌越,168-3,,
01486-4503-15.zip,202602101146,天塩郡遠別町字歌越,168-1,,
01486-4503-15.zip,202602101146,天塩郡遠別町字歌越,168-2,,
01486-4503-15.zip,202602101146,天塩郡遠別町字歌越,601,,
01486-4503-15.zip,202602101146,天塩郡遠別町字歌越,172-14,,
01486-4503-15.zip,202602101146,天塩郡遠別町字歌越,172-15,,
01486-4503-15.zip,202602101146,天塩郡遠別町字歌越,178-3,,
01486-4503-15.zip,202602101146,天塩郡遠別町字歌越,172-12,,
01486-4503-15.zip,202602101146,天塩郡遠別町字歌越,582,,
01486-4503-15.zip,202602101146,天塩郡遠別町字歌越,166,,
01486-4503-15.zip,202602101146,天塩郡遠別町字歌越,581,,
01486-4503-15.zip,202602101146,天塩郡遠別町字歌越,523,,
01486-4503-15.zip,202602101146,天塩郡遠別町字歌越,167,,
01486-4503-15.zip,202602101146,天塩郡遠別町字歌越,117-10,,
01486-4503-15.zip,202602101146,天塩郡遠別町字歌越,117-5,,
01486-4503-15.zip,202602101146,天塩郡遠別町字歌越,120-2,,
01486-4503-15.zip,202602101146,天塩郡遠別町字歌越,117-1,,
01486-4503-15.zip,202602101146,天塩郡遠別町字歌越,110-1,,
01486-4503-15.zip,202602101146,天塩郡遠別町字歌越,113-1,,
01486-4503-15.zip,202602101146,天塩郡遠別町字歌越,110-2,,
01486-4503-15.zip,202602101146,天塩郡遠別町字歌越,110-3,,
01486-4503-15.zip,202602101146,天塩郡遠別町字歌越,110-4,,
01486-4503-15.zip,202602101146,天塩郡遠別町字歌越,水-13,,
01486-4503-15.zip,202602101146,天塩郡遠別町字歌越,109-7,,
01486-4503-15.zip,202602101146,天塩郡遠別町字歌越,109-6,,
01486-4503-15.zip,202602101146,天塩郡遠別町字歌越,水-14,,
01486-4503-15.zip,202602101146,天塩郡遠別町字歌越,水-15,,
01486-4503-15.zip,202602101146,天塩郡遠別町字歌越,110-5,,
01486-4503-15.zip,202602101146,天塩郡遠別町字歌越,道-2,,
01486-4503-15.zip,202602101146,天塩郡遠別町字歌越,171-3,,
01486-4503-15.zip,202602101146,天塩郡遠別町字歌越,171-1,,
01486-4503-15.zip,202602101146,天塩郡遠別町字歌越,171-5,,
01486-4503-15.zip,202602101146,天塩郡遠別町字歌越,596,,
01486-4503-15.zip,202602101146,天塩郡遠別町字歌越,597,,
01486-4503-15.zip,202602101146,天塩郡遠別町字歌越,598,,
01486-4503-15.zip,202602101146,天塩郡遠別町字歌越,172-9,,
01486-4503-15.zip,202602101146,天塩郡遠別町字歌越,172-7,,
01486-4503-15.zip,202602101146,天塩郡遠別町字歌越,172-6,,
01486-4503-15.zip,202602101146,天塩郡遠別町字歌越,172-4,,
01486-4503-15.zip,202602101146,天塩郡遠別町字歌越,595,,
01486-4503-15.zip,202602101146,天塩郡遠別町字歌越,172-2,,
01486-4503-15.zip,202602101146,天塩郡遠別町字歌越,593,,
01486-4503-15.zip,202602101146,天塩郡遠別町字歌越,172-1,,
01486-4503-15.zip,202602101146,天塩郡遠別町,地区外-242159,,
01486-4503-15.zip,202602101146,天塩郡遠別町字歌越,592,,
01486-4503-15.zip,202602101146,天塩郡遠別町字歌越,591,,
01486-4503-15.zip,202602101146,天塩郡遠別町字歌越,590,,
01486-4503-15.zip,202602101146,天塩郡遠別町字歌越,170-4,,
01486-4503-15.zip,202602101146,天塩郡遠別町字歌越,594,,
01486-4503-15.zip,202602101146,天塩郡遠別町字歌越,171-4,,
01486-4503-15.zip,202602101146,天塩郡遠別町字歌越,171-6,,
01486-4503-15.zip,202602101146,天塩郡遠別町字歌越,602,,
01486-4503-15.zip,202602101146,天塩郡遠別町字歌越,603,,
01486-4503-15.zip,202602101146,天塩郡遠別町字歌越,177-2,,
01486-4503-15.zip,202602101146,天塩郡遠別町字歌越,172-3,,
01486-4503-15.zip,202602101146,天塩郡遠別町字歌越,172-8,,
01486-4503-15.zip,202602101146,天塩郡遠別町字歌越,172-5,,
01486-4503-15.zip,202602101146,天塩郡遠別町字歌越,172-13,,
01486-4503-15.zip,202602101146,天塩郡遠別町字歌越,172-11,,
01486-4503-15.zip,202602101146,天塩郡遠別町字歌越,600,,
01486-4503-15.zip,202602101146,天塩郡遠別町字歌越,172-10,,
01486-4503-15.zip,202602101146,天塩郡遠別町字歌越,110-7,,
01486-4503-15.zip,202602101146,天塩郡遠別町字歌越,110-6,,
01486-4503-15.zip,202602101146,天塩郡遠別町,地区外-242179,,
01486-4503-15.zip,202602101146,天塩郡遠別町字歌越,94-1,,
01486-4503-15.zip,202602101146,天塩郡遠別町字歌越,94-6,,
01486-4503-15.zip,202602101146,天塩郡遠別町字歌越,510,,
01486-4503-15.zip,202602101146,天塩郡遠別町字歌越,94-4,,
01486-4503-15.zip,202602101146,天塩郡遠別町字歌越,94-3,,
01486-4503-15.zip,202602101146,天塩郡遠別町字歌越,94-2,,
01486-4503-15.zip,202602101146,天塩郡遠別町字歌越,道-3,,
01486-4503-15.zip,202602101146,天塩郡遠別町字歌越,94-7,,
01486-4503-15.zip,202602101146,天塩郡遠別町字歌越,98-1,,
01486-4503-15.zip,202602101146,天塩郡遠別町字歌越,102,,
01486-4503-15.zip,202602101146,天塩郡遠別町字歌越,103-1,,
01486-4503-15.zip,202602101146,天塩郡遠別町字歌越,103-3,,
01486-4503-15.zip,202602101146,天塩郡遠別町字歌越,103-2,,
01486-4503-15.zip,202602101146,天塩郡遠別町字歌越,98-4,,
01486-4503-15.zip,202602101146,天塩郡遠別町字歌越,104-3,,
01486-4503-15.zip,202602101146,天塩郡遠別町字歌越,104-1,,
01486-4503-15.zip,202602101146,天塩郡遠別町字歌越,104-2,,
01486-4503-15.zip,202602101146,天塩郡遠別町字歌越,104-4,,
01486-4503-15.zip,202602101146,天塩郡遠別町字歌越,98-6,,
01486-4503-15.zip,202602101146,天塩郡遠別町字歌越,105-2,,
01486-4503-15.zip,202602101146,天塩郡遠別町字歌越,105-3,,
01486-4503-15.zip,202602101146,天塩郡遠別町字歌越,105-5,,
01486-4503-15.zip,202602101146,天塩郡遠別町字歌越,107-1,,
01486-4503-15.zip,202602101146,天塩郡遠別町字歌越,105-1,,
01486-4503-15.zip,202602101146,天塩郡遠別町字歌越,98-5,,
01486-4503-15.zip,202602101146,天塩郡遠別町字歌越,105-4,,
01486-4503-15.zip,202602101146,天塩郡遠別町字歌越,107-3,,
01486-4503-15.zip,202602101146,天塩郡遠別町字歌越,108-1,,
01486-4503-15.zip,202602101146,天塩郡遠別町字歌越,109-5,,
01486-4503-15.zip,202602101146,天塩郡遠別町字歌越,118-1,,
01486-4503-15.zip,202602101146,天塩郡遠別町字歌越,109-1,,
01486-4503-15.zip,202602101146,天塩郡遠別町字歌越,118-4,,
01486-4503-15.zip,202602101146,天塩郡遠別町字歌越,117-9,,
01486-4503-15.zip,202602101146,天塩郡遠別町字歌越,117-2,,
01486-4503-15.zip,202602101146,天塩郡遠別町字歌越,100-1,,
01486-4503-15.zip,202602101146,天塩郡遠別町,地区外-242215,,
01486-4503-15.zip,202602101146,天塩郡遠別町字歌越,262-6,,
01486-4503-15.zip,202602101146,天塩郡遠別町字歌越,571,,
01486-4503-15.zip,202602101146,天塩郡遠別町字歌越,261,,
01486-4503-15.zip,202602101146,天塩郡遠別町字歌越,262-1,,
01486-4503-15.zip,202602101146,天塩郡遠別町字歌越,262-5,,
01486-4503-15.zip,202602101146,天塩郡遠別町字歌越,266-1,,
01486-4503-15.zip,202602101146,天塩郡遠別町字歌越,266-6,,
01486-4503-15.zip,202602101146,天塩郡遠別町字歌越,266-4,,
01486-4503-15.zip,202602101146,天塩郡遠別町字歌越,575,,
01486-4503-15.zip,202602101146,天塩郡遠別町字歌越,水-16,,
01486-4503-15.zip,202602101146,天塩郡遠別町,地区外-242226,,
01486-4503-15.zip,202602101146,天塩郡遠別町字歌越,水-17,,
01486-4503-15.zip,202602101146,天塩郡遠別町字歌越,250-1,,
01486-4503-15.zip,202602101146,天塩郡遠別町字歌越,248-1,,
01486-4503-15.zip,202602101146,天塩郡遠別町字歌越,248-4,,
01486-4503-15.zip,202602101146,天塩郡遠別町字歌越,569,,
01486-4503-15.zip,202602101146,天塩郡遠別町字歌越,254,,
01486-4503-15.zip,202602101146,天塩郡遠別町字歌越,道-4,,
01486-4503-15.zip,202602101146,天塩郡遠別町字歌越,262-3,,
01486-4503-15.zip,202602101146,天塩郡遠別町字歌越,262-4,,
01486-4503-15.zip,202602101146,天塩郡遠別町字歌越,573,,
01486-4503-15.zip,202602101146,天塩郡遠別町字歌越,572,,
01486-4503-15.zip,202602101146,天塩郡遠別町字歌越,429,,
01486-4503-15.zip,202602101146,天塩郡遠別町字歌越,428,,
01486-4503-15.zip,202602101146,天塩郡遠別町字歌越,557,,
01486-4503-15.zip,202602101146,天塩郡遠別町字歌越,562,,
01486-4503-15.zip,202602101146,天塩郡遠別町字歌越,563,,
01486-4503-15.zip,202602101146,天塩郡遠別町字歌越,567,,
01486-4503-15.zip,202602101146,天塩郡遠別町字歌越,248-3,,
01486-4503-15.zip,202602101146,天塩郡遠別町字歌越,561,,
01486-4503-15.zip,202602101146,天塩郡遠別町字歌越,230,,
01486-4503-15.zip,202602101146,天塩郡遠別町字歌越,236,,
01486-4503-15.zip,202602101146,天塩郡遠別町字歌越,237,,
01486-4503-15.zip,202602101146,天塩郡遠別町字歌越,566,,
01486-4503-15.zip,202602101146,天塩郡遠別町字歌越,246-2,,
01486-4503-15.zip,202602101146,天塩郡遠別町字歌越,248-5,,
01486-4503-15.zip,202602101146,天塩郡遠別町字歌越,568,,
01486-4503-15.zip,202602101146,天塩郡遠別町字歌越,247,,
01486-4503-15.zip,202602101146,天塩郡遠別町字歌越,245-1,,
01486-4503-15.zip,202602101146,天塩郡遠別町字歌越,245-4,,
01486-4503-15.zip,202602101146,天塩郡遠別町字歌越,565,,
01486-4503-15.zip,202602101146,天塩郡遠別町字歌越,239-2,,
01486-4503-15.zip,202602101146,天塩郡遠別町字歌越,239-1,,
01486-4503-15.zip,202602101146,天塩郡遠別町字歌越,道-5,,
01486-4503-15.zip,202602101146,天塩郡遠別町字歌越,250-3,,
01486-4503-15.zip,202602101146,天塩郡遠別町字歌越,250-6,,
01486-4503-15.zip,202602101146,天塩郡遠別町字歌越,250-4,,
01486-4503-15.zip,202602101146,天塩郡遠別町字歌越,245-3,,
01486-4503-15.zip,202602101146,天塩郡遠別町字歌越,245-5,,
01486-4503-15.zip,202602101146,天塩郡遠別町字歌越,564,,
01486-4503-15.zip,202602101146,天塩郡遠別町字歌越,240-3,,
01486-4503-15.zip,202602101146,天塩郡遠別町字歌越,250-5,,
01486-4503-15.zip,202602101146,天塩郡遠別町字歌越,238,,
01486-4503-15.zip,202602101146,天塩郡遠別町字歌越,246-1,,
01486-4503-15.zip,202602101146,天塩郡遠別町字歌越,246-3,,
01486-4503-15.zip,202602101146,天塩郡遠別町字歌越,217,,
01486-4503-15.zip,202602101146,天塩郡遠別町字歌越,道-6,,
01486-4503-15.zip,202602101146,天塩郡遠別町字歌越,215-3,,
01486-4503-15.zip,202602101146,天塩郡遠別町字歌越,559,,
01486-4503-15.zip,202602101146,天塩郡遠別町字歌越,232-1,,
01486-4503-15.zip,202602101146,天塩郡遠別町字歌越,234-1,,
01486-4503-15.zip,202602101146,天塩郡遠別町字歌越,233,,
01486-4503-15.zip,202602101146,天塩郡遠別町字歌越,558,,
01486-4503-15.zip,202602101146,天塩郡遠別町字歌越,214-1,,
01486-4503-15.zip,202602101146,天塩郡遠別町字歌越,216-1,,
01486-4503-15.zip,202602101146,天塩郡遠別町字歌越,215-4,,
01486-4503-15.zip,202602101146,天塩郡遠別町字歌越,215-1,,
01486-4503-15.zip,202602101146,天塩郡遠別町字歌越,560,,
01486-4503-15.zip,202602101146,天塩郡遠別町字歌越,231-1,,
01486-4503-15.zip,202602101146,天塩郡遠別町字歌越,231-4,,
01486-4503-15.zip,202602101146,天塩郡遠別町字歌越,231-3,,
01486-4503-15.zip,202602101146,天塩郡遠別町,地区外-242287,,
01486-4503-15.zip,202602101146,天塩郡遠別町字歌越,570,,
01486-4503-15.zip,202602101146,天塩郡遠別町字歌越,252,,
01486-4503-15.zip,202602101146,天塩郡遠別町字歌越,258,,
01486-4503-15.zip,202602101146,天塩郡遠別町字歌越,253,,
01486-4503-15.zip,202602101146,天塩郡遠別町字歌越,255,,
01486-4503-15.zip,202602101146,天塩郡遠別町字歌越,259,,
01486-4503-15.zip,202602101146,天塩郡遠別町字歌越,542,,
01486-4503-15.zip,202602101146,天塩郡遠別町,地区外-242295,,
01486-4503-15.zip,202602101146,天塩郡遠別町字歌越,543,,
01486-4503-15.zip,202602101146,天塩郡遠別町字歌越,544,,
01486-4503-15.zip,202602101146,天塩郡遠別町字歌越,241,,
01486-4503-15.zip,202602101146,天塩郡遠別町字歌越,541,,
01486-4503-15.zip,202602101146,天塩郡遠別町字歌越,213,,
01486-4503-15.zip,202602101146,天塩郡遠別町字歌越,160-1,,
01486-4503-15.zip,202602101146,天塩郡遠別町字歌越,533,,
01486-4503-15.zip,202602101146,天塩郡遠別町字歌越,158-4,,
01486-4503-15.zip,202602101146,天塩郡遠別町字歌越,532,,
01486-4503-15.zip,202602101146,天塩郡遠別町字歌越,531,,
01486-4503-15.zip,202602101146,天塩郡遠別町字歌越,158-5,,
01486-4503-15.zip,202602101146,天塩郡遠別町字歌越,158-1,,
01486-4503-15.zip,202602101146,天塩郡遠別町字歌越,530,,
01486-4503-15.zip,202602101146,天塩郡遠別町字歌越,158-6,,
01486-4503-15.zip,202602101146,天塩郡遠別町字歌越,水-18,,
01486-4503-15.zip,202602101146,天塩郡遠別町字歌越,529,,
01486-4503-15.zip,202602101146,天塩郡遠別町字歌越,187-4,,
01486-4503-15.zip,202602101146,天塩郡遠別町字歌越,187-1,,
01486-4503-15.zip,202602101146,天塩郡遠別町字歌越,187-5,,
01486-4503-15.zip,202602101146,天塩郡遠別町字歌越,187-2,,
01486-4503-15.zip,202602101146,天塩郡遠別町字歌越,192-2,,
01486-4503-15.zip,202602101146,天塩郡遠別町字歌越,192-1,,
01486-4503-15.zip,202602101146,天塩郡遠別町字歌越,193,,
01486-4503-15.zip,202602101146,天塩郡遠別町字歌越,552,,
01486-4503-15.zip,202602101146,天塩郡遠別町字歌越,226,,
01486-4503-15.zip,202602101146,天塩郡遠別町字歌越,183,,
01486-4503-15.zip,202602101146,天塩郡遠別町字歌越,553,,
01486-4503-15.zip,202602101146,天塩郡遠別町字歌越,227,,
01486-4503-15.zip,202602101146,天塩郡遠別町字歌越,578,,
01486-4503-15.zip,202602101146,天塩郡遠別町字歌越,道-7,,
01486-4503-15.zip,202602101146,天塩郡遠別町字歌越,188,,
01486-4503-15.zip,202602101146,天塩郡遠別町字歌越,190-1,,
01486-4503-15.zip,202602101146,天塩郡遠別町字歌越,528,,
01486-4503-15.zip,202602101146,天塩郡遠別町字歌越,204-1,,
01486-4503-15.zip,202602101146,天塩郡遠別町字歌越,水-19,,
01486-4503-15.zip,202602101146,天塩郡遠別町字歌越,203-1,,
01486-4503-15.zip,202602101146,天塩郡遠別町字歌越,205-1,,
01486-4503-15.zip,202602101146,天塩郡遠別町字歌越,155-1,,
01486-4503-15.zip,202602101146,天塩郡遠別町字歌越,525,,
01486-4503-15.zip,202602101146,天塩郡遠別町字歌越,道-8,,
01486-4503-15.zip,202602101146,天塩郡遠別町字歌越,191-1,,
01486-4503-15.zip,202602101146,天塩郡遠別町字歌越,191-3,,
01486-4503-15.zip,202602101146,天塩郡遠別町字歌越,191-4,,
01486-4503-15.zip,202602101146,天塩郡遠別町字歌越,191-5,,
01486-4503-15.zip,202602101146,天塩郡遠別町字歌越,549,,
01486-4503-15.zip,202602101146,天塩郡遠別町字歌越,548,,
01486-4503-15.zip,202602101146,天塩郡遠別町字歌越,200-3,,
01486-4503-15.zip,202602101146,天塩郡遠別町字歌越,199-3,,
01486-4503-15.zip,202602101146,天塩郡遠別町字歌越,水-20,,
01486-4503-15.zip,202602101146,天塩郡遠別町字歌越,198-1,,
01486-4503-15.zip,202602101146,天塩郡遠別町字歌越,197-2,,
01486-4503-15.zip,202602101146,天塩郡遠別町字歌越,197-3,,
01486-4503-15.zip,202602101146,天塩郡遠別町字歌越,197-1,,
01486-4503-15.zip,202602101146,天塩郡遠別町字歌越,198-2,,
01486-4503-15.zip,202602101146,天塩郡遠別町字歌越,198-3,,
01486-4503-15.zip,202602101146,天塩郡遠別町字歌越,199-4,,
01486-4503-15.zip,202602101146,天塩郡遠別町字歌越,222-3,,
01486-4503-15.zip,202602101146,天塩郡遠別町字歌越,223-1,,
01486-4503-15.zip,202602101146,天塩郡遠別町字歌越,555,,
01486-4503-15.zip,202602101146,天塩郡遠別町字歌越,556,,
01486-4503-15.zip,202602101146,天塩郡遠別町字歌越,218-1,,
01486-4503-15.zip,202602101146,天塩郡遠別町字歌越,水-21,,
01486-4503-15.zip,202602101146,天塩郡遠別町字歌越,222-4,,
01486-4503-15.zip,202602101146,天塩郡遠別町字歌越,221-1,,
01486-4503-15.zip,202602101146,天塩郡遠別町字歌越,221-2,,
01486-4503-15.zip,202602101146,天塩郡遠別町字歌越,220,,
01486-4503-15.zip,202602101146,天塩郡遠別町字歌越,219-1,,
01486-4503-15.zip,202602101146,天塩郡遠別町字歌越,223-3,,
01486-4503-15.zip,202602101146,天塩郡遠別町字歌越,546,,
01486-4503-15.zip,202602101146,天塩郡遠別町字歌越,547,,
01486-4503-15.zip,202602101146,天塩郡遠別町字歌越,430,,
01486-4503-15.zip,202602101146,天塩郡遠別町字歌越,199-1,,
01486-4503-15.zip,202602101146,天塩郡遠別町字歌越,551,,
01486-4503-15.zip,202602101146,天塩郡遠別町字歌越,200-4,,
01486-4503-15.zip,202602101146,天塩郡遠別町字歌越,200-1,,
01486-4503-15.zip,202602101146,天塩郡遠別町字歌越,202-1,,
01486-4503-15.zip,202602101146,天塩郡遠別町字歌越,200-5,,
01486-4503-15.zip,202602101146,天塩郡遠別町字歌越,550,,
01486-4503-15.zip,202602101146,天塩郡遠別町字歌越,221-3,,
01486-4503-15.zip,202602101146,天塩郡遠別町字歌越,214-3,,
01486-4503-15.zip,202602101146,天塩郡遠別町字歌越,141-5,,
01486-4503-15.zip,202602101146,天塩郡遠別町,地区外-242377,,
01486-4503-15.zip,202602101146,天塩郡遠別町字歌越,144-1,,
01486-4503-15.zip,202602101146,天塩郡遠別町字歌越,147-3,,
01486-4503-15.zip,202602101146,天塩郡遠別町字歌越,512,,
01486-4503-15.zip,202602101146,天塩郡遠別町字歌越,513,,
01486-4503-15.zip,202602101146,天塩郡遠別町字歌越,152-1,,
01486-4503-15.zip,202602101146,天塩郡遠別町字歌越,水-22,,
01486-4503-15.zip,202602101146,天塩郡遠別町字歌越,152-3,,
01486-4503-15.zip,202602101146,天塩郡遠別町字歌越,526,,
01486-4503-15.zip,202602101146,天塩郡遠別町字歌越,水-23,,
01486-4503-15.zip,202602101146,天塩郡遠別町字歌越,152-2,,
01486-4503-15.zip,202602101146,天塩郡遠別町字歌越,155-2,,
01486-4503-15.zip,202602101146,天塩郡遠別町字歌越,527,,
01486-4503-15.zip,202602101146,天塩郡遠別町字歌越,157-5,,
01486-4503-15.zip,202602101146,天塩郡遠別町字歌越,157-1,,
01486-4503-15.zip,202602101146,天塩郡遠別町字歌越,158-7,,
01486-4503-15.zip,202602101146,天塩郡遠別町字歌越,161-5,,
01486-4503-15.zip,202602101146,天塩郡遠別町字歌越,道-9,,
01486-4503-15.zip,202602101146,天塩郡遠別町字歌越,150-3,,
01486-4503-15.zip,202602101146,天塩郡遠別町字歌越,150-1,,
01486-4503-15.zip,202602101146,天塩郡遠別町字歌越,148-3,,
01486-4503-15.zip,202602101146,天塩郡遠別町字歌越,514,,
01486-4503-15.zip,202602101146,天塩郡遠別町字歌越,515,,
01486-4503-15.zip,202602101146,天塩郡遠別町字歌越,147-1,,
01486-4503-15.zip,202602101146,天塩郡遠別町字歌越,147-4,,
01486-4503-15.zip,202602101146,天塩郡遠別町字歌越,144-3,,
01486-4503-15.zip,202602101146,天塩郡遠別町字歌越,141-1,,
01486-4503-15.zip,202602101146,天塩郡遠別町字歌越,511,,
01486-4503-15.zip,202602101146,天塩郡遠別町字歌越,147-6,,
01486-4503-15.zip,202602101146,天塩郡遠別町字歌越,148-1,,
01486-4503-15.zip,202602101146,天塩郡遠別町字歌越,147-5,,
01486-4503-15.zip,202602101146,天塩郡遠別町字歌越,156,,
01486-4503-15.zip,202602101146,天塩郡遠別町字歌越,157-6,,
01486-4503-15.zip,202602101146,天塩郡遠別町字歌越,158-3,,
01486-4503-15.zip,202602101146,天塩郡遠別町字歌越,163-3,,
01486-4503-15.zip,202602101146,天塩郡遠別町字歌越,162-4,,
01486-4503-15.zip,202602101146,天塩郡遠別町字歌越,162-1,,
01486-4503-15.zip,202602101146,天塩郡遠別町字歌越,517,,
01486-4503-15.zip,202602101146,天塩郡遠別町字歌越,134-1,,
01486-4503-15.zip,202602101146,天塩郡遠別町字歌越,134-3,,
01486-4503-15.zip,202602101146,天塩郡遠別町字歌越,518,,
01486-4503-15.zip,202602101146,天塩郡遠別町字歌越,162-3,,
01486-4503-15.zip,202602101146,天塩郡遠別町字歌越,137-1,,
01486-4503-15.zip,202602101146,天塩郡遠別町字歌越,140-1,,
01486-4503-15.zip,202602101146,天塩郡遠別町字歌越,140-7,,
01486-4503-15.zip,202602101146,天塩郡遠別町字歌越,140-2,,
01486-4503-15.zip,202602101146,天塩郡遠別町字歌越,138-1,,
01486-4503-15.zip,202602101146,天塩郡遠別町字歌越,水-24,,
01486-4503-15.zip,202602101146,天塩郡遠別町字歌越,127-1,,
01486-4503-15.zip,202602101146,天塩郡遠別町字歌越,127-6,,
01486-4503-15.zip,202602101146,天塩郡遠別町字歌越,126-6,,
01486-4503-15.zip,202602101146,天塩郡遠別町字歌越,136,,
01486-4503-15.zip,202602101146,天塩郡遠別町字歌越,126-5,,
01486-4503-15.zip,202602101146,天塩郡遠別町字歌越,133-1,,
01486-4503-15.zip,202602101146,天塩郡遠別町字歌越,519,,
01486-4503-15.zip,202602101146,天塩郡遠別町字歌越,134-4,,
01486-4503-15.zip,202602101146,天塩郡遠別町字歌越,134-5,,
01486-4503-15.zip,202602101146,天塩郡遠別町字歌越,133-3,,
01486-4503-15.zip,202602101146,天塩郡遠別町字歌越,126-7,,
01486-4503-15.zip,202602101146,天塩郡遠別町字歌越,520,,
01486-4503-15.zip,202602101146,天塩郡遠別町字歌越,163-4,,
01486-4503-15.zip,202602101146,天塩郡遠別町字歌越,163-1,,
01486-4503-15.zip,202602101146,天塩郡遠別町字歌越,水-25,,
01486-4503-15.zip,202602101146,天塩郡遠別町字歌越,521,,
01486-4503-15.zip,202602101146,天塩郡遠別町字歌越,160-2,,
01486-4503-15.zip,202602101146,天塩郡遠別町字歌越,522,,
01486-4503-15.zip,202602101146,天塩郡遠別町字歌越,516,,
01486-4503-15.zip,202602101146,天塩郡遠別町字歌越,537,,
01486-4503-15.zip,202602101146,天塩郡遠別町,地区外-242445,,
01486-4503-15.zip,202602101146,天塩郡遠別町字歌越,538,,
01486-4503-15.zip,202602101146,天塩郡遠別町字歌越,539,,
01486-4503-15.zip,202602101146,天塩郡遠別町字歌越,540,,
01486-4503-15.zip,202602101146,天塩郡遠別町字歌越,212,,
01486-4503-15.zip,202602101146,天塩郡遠別町字歌越,209,,
01486-4503-15.zip,202602101146,天塩郡遠別町字歌越,545,,
01486-4503-15.zip,202602101146,天塩郡遠別町字歌越,207,,
01486-4503-15.zip,202602101146,天塩郡遠別町字歌越,536,,
01486-4503-15.zip,202602101146,天塩郡遠別町字歌越,154,,
01486-4503-15.zip,202602101146,天塩郡遠別町字歌越,524,,
01486-4503-15.zip,202602101146,天塩郡遠別町字歌越,206,,
01486-4503-15.zip,202602101146,天塩郡遠別町字歌越,208,,
01486-4503-15.zip,202602101146,天塩郡遠別町字歌越,210,,
01486-4503-15.zip,202602101146,天塩郡遠別町字歌越,211,,
01486-4503-15.zip,202602101146,天塩郡遠別町,地区外-242460,,
01486-4503-15.zip,202602101146,天塩郡遠別町字歌越,535,,
01486-4503-15.zip,202602101146,天塩郡遠別町字歌越,12-2,,
01486-4503-15.zip,202602101146,天塩郡遠別町字歌越,10,,
01486-4503-15.zip,202602101146,天塩郡遠別町字歌越,8,,
01486-4503-15.zip,202602101146,天塩郡遠別町字歌越,6,,
01486-4503-15.zip,202602101146,天塩郡遠別町字歌越,4-1,,
01486-4503-15.zip,202602101146,天塩郡遠別町字歌越,4-2,,
01486-4503-15.zip,202602101146,天塩郡遠別町字歌越,2,,
01486-4503-15.zip,202602101146,天塩郡遠別町字歌越,461-2,,
01486-4503-15.zip,202602101146,天塩郡遠別町字歌越,461-1,,
01486-4503-15.zip,202602101146,天塩郡遠別町字歌越,462,,
01486-4503-15.zip,202602101146,天塩郡遠別町字歌越,1,,
01486-4503-15.zip,202602101146,天塩郡遠別町字歌越,464,,
01486-4503-15.zip,202602101146,天塩郡遠別町字歌越,421-2,,
01486-4503-15.zip,202602101146,天塩郡遠別町字歌越,469,,
01486-4503-15.zip,202602101146,天塩郡遠別町字歌越,468,,
01486-4503-15.zip,202602101146,天塩郡遠別町字歌越,466,,
01486-4503-15.zip,202602101146,天塩郡遠別町字歌越,5,,
01486-4503-15.zip,202602101146,天塩郡遠別町字歌越,3,,
01486-4503-15.zip,202602101146,天塩郡遠別町字歌越,465,,
01486-4503-15.zip,202602101146,天塩郡遠別町字歌越,7-2,,
01486-4503-15.zip,202602101146,天塩郡遠別町字歌越,7-1,,
01486-4503-15.zip,202602101146,天塩郡遠別町字歌越,13,,
01486-4503-15.zip,202602101146,天塩郡遠別町字歌越,467,,
01486-4503-15.zip,202602101146,天塩郡遠別町字歌越,463,,
01486-4503-15.zip,202602101146,天塩郡遠別町字歌越,460,,
01486-4503-15.zip,202602101146,天塩郡遠別町字歌越,459,,
01486-4503-15.zip,202602101146,天塩郡遠別町字歌越,458,,
01486-4503-15.zip,202602101146,天塩郡遠別町字歌越,457,,
01486-4503-15.zip,202602101146,天塩郡遠別町字歌越,456,,
01486-4503-15.zip,202602101146,天塩郡遠別町字歌越,455,,
01486-4503-15.zip,202602101146,天塩郡遠別町字歌越,454,,
01486-4503-15.zip,202602101146,天塩郡遠別町字歌越,12-1,,
01486-4503-15.zip,202602101146,天塩郡遠別町字歌越,9,,
01486-4503-15.zip,202602101146,天塩郡遠別町字歌越,11,,
01486-4503-15.zip,202602101146,天塩郡遠別町字歌越,418-4,,
01486-4503-15.zip,202602101146,天塩郡遠別町字歌越,475,,
01486-4503-15.zip,202602101146,天塩郡遠別町字歌越,24,,
01486-4503-15.zip,202602101146,天塩郡遠別町字歌越,474,,
01486-4503-15.zip,202602101146,天塩郡遠別町字歌越,447,,
01486-4503-15.zip,202602101146,天塩郡遠別町字歌越,425-2,,
01486-4503-15.zip,202602101146,天塩郡遠別町字歌越,450,,
01486-4503-15.zip,202602101146,天塩郡遠別町字歌越,449,,
01486-4503-15.zip,202602101146,天塩郡遠別町字歌越,448,,
01486-4503-15.zip,202602101146,天塩郡遠別町字歌越,20-2,,
01486-4503-15.zip,202602101146,天塩郡遠別町字歌越,18-2,,
01486-4503-15.zip,202602101146,天塩郡遠別町字歌越,452,,
01486-4503-15.zip,202602101146,天塩郡遠別町字歌越,451,,
01486-4503-15.zip,202602101146,天塩郡遠別町字歌越,16-2,,
01486-4503-15.zip,202602101146,天塩郡遠別町字歌越,14,,
01486-4503-15.zip,202602101146,天塩郡遠別町字歌越,453,,
01486-4503-15.zip,202602101146,天塩郡遠別町字歌越,425-1,,
01486-4503-15.zip,202602101146,天塩郡遠別町字歌越,16-1,,
01486-4503-15.zip,202602101146,天塩郡遠別町字歌越,18-1,,
01486-4503-15.zip,202602101146,天塩郡遠別町字歌越,20-1,,
01486-4503-15.zip,202602101146,天塩郡遠別町字歌越,23,,
01486-4503-15.zip,202602101146,天塩郡遠別町字歌越,422,,
01486-4503-15.zip,202602101146,天塩郡遠別町字歌越,19,,
01486-4503-15.zip,202602101146,天塩郡遠別町字歌越,471,,
01486-4503-15.zip,202602101146,天塩郡遠別町字歌越,470,,
01486-4503-15.zip,202602101146,天塩郡遠別町字歌越,15,,
01486-4503-15.zip,202602101146,天塩郡遠別町字歌越,424-2,,
01486-4503-15.zip,202602101146,天塩郡遠別町字歌越,446,,
01486-4503-15.zip,202602101146,天塩郡遠別町字歌越,25,,
01486-4503-15.zip,202602101146,天塩郡遠別町字歌越,418-1,,
01486-4503-15.zip,202602101146,天塩郡遠別町字歌越,445,,
01486-4503-15.zip,202602101146,天塩郡遠別町字歌越,424-1,,
01486-4503-15.zip,202602101146,天塩郡遠別町字歌越,27-2,,
01486-4503-15.zip,202602101146,天塩郡遠別町字歌越,443,,
01486-4503-15.zip,202602101146,天塩郡遠別町字歌越,444,,
01486-4503-15.zip,202602101146,天塩郡遠別町字歌越,27-1,,
01486-4503-15.zip,202602101146,天塩郡遠別町字歌越,17,,
01486-4503-15.zip,202602101146,天塩郡遠別町字歌越,472,,
01486-4503-15.zip,202602101146,天塩郡遠別町字歌越,473,,
01486-4503-15.zip,202602101146,天塩郡遠別町,地区外-242535,,
01486-4503-15.zip,202602101146,天塩郡遠別町字歌越,63,,
01486-4503-15.zip,202602101146,天塩郡遠別町字歌越,496,,
01486-4503-15.zip,202602101146,天塩郡遠別町字歌越,74,,
01486-4503-15.zip,202602101146,天塩郡遠別町字歌越,64-1,,
01486-4503-15.zip,202602101146,天塩郡遠別町字歌越,64-2,,
01486-4503-15.zip,202602101146,天塩郡遠別町字歌越,64-3,,
01486-4503-15.zip,202602101146,天塩郡遠別町字歌越,75-4,,
01486-4503-15.zip,202602101146,天塩郡遠別町字歌越,70-3,,
01486-4503-15.zip,202602101146,天塩郡遠別町字歌越,507,,
01486-4503-15.zip,202602101146,天塩郡遠別町字歌越,509,,
01486-4503-15.zip,202602101146,天塩郡遠別町字歌越,690,,
01486-4503-15.zip,202602101146,天塩郡遠別町字歌越,89-3,,
01486-4503-15.zip,202602101146,天塩郡遠別町字歌越,89-1,,
01486-4503-15.zip,202602101146,天塩郡遠別町字歌越,86-3,,
01486-4503-15.zip,202602101146,天塩郡遠別町字歌越,86-6,,
01486-4503-15.zip,202602101146,天塩郡遠別町字歌越,86-7,,
01486-4503-15.zip,202602101146,天塩郡遠別町字歌越,86-4,,
01486-4503-15.zip,202602101146,天塩郡遠別町字歌越,86-5,,
01486-4503-15.zip,202602101146,天塩郡遠別町字歌越,道-10,,
01486-4503-15.zip,202602101146,天塩郡遠別町字歌越,127-3,,
01486-4503-15.zip,202602101146,天塩郡遠別町字歌越,87-4,,
01486-4503-15.zip,202602101146,天塩郡遠別町字歌越,87-1,,
01486-4503-15.zip,202602101146,天塩郡遠別町字歌越,87-3,,
01486-4503-15.zip,202602101146,天塩郡遠別町字歌越,86-1,,
01486-4503-15.zip,202602101146,天塩郡遠別町字歌越,92,,
01486-4503-15.zip,202602101146,天塩郡遠別町字歌越,89-2,,
01486-4503-15.zip,202602101146,天塩郡遠別町字歌越,65,,
01486-4503-15.zip,202602101146,天塩郡遠別町字歌越,67,,
01486-4503-15.zip,202602101146,天塩郡遠別町字歌越,68-3,,
01486-4503-15.zip,202602101146,天塩郡遠別町字歌越,68-1,,
01486-4503-15.zip,202602101146,天塩郡遠別町字歌越,68-2,,
01486-4503-15.zip,202602101146,天塩郡遠別町字歌越,75-7,,
01486-4503-15.zip,202602101146,天塩郡遠別町字歌越,75-2,,
01486-4503-15.zip,202602101146,天塩郡遠別町字歌越,75-1,,
01486-4503-15.zip,202602101146,天塩郡遠別町字歌越,70-1,,
01486-4503-15.zip,202602101146,天塩郡遠別町字歌越,70-4,,
01486-4503-15.zip,202602101146,天塩郡遠別町字歌越,506,,
01486-4503-15.zip,202602101146,天塩郡遠別町字歌越,689,,
01486-4503-15.zip,202602101146,天塩郡遠別町字歌越,508,,
01486-4503-15.zip,202602101146,天塩郡遠別町字歌越,79-3,,
01486-4503-15.zip,202602101146,天塩郡遠別町字歌越,長狭物不明-2,,
01486-4503-15.zip,202602101146,天塩郡遠別町字歌越,82-3,,
01486-4503-15.zip,202602101146,天塩郡遠別町字歌越,85-4,,
01486-4503-15.zip,202602101146,天塩郡遠別町字歌越,85-1,,
01486-4503-15.zip,202602101146,天塩郡遠別町字歌越,79-4,,
01486-4503-15.zip,202602101146,天塩郡遠別町字歌越,79-5,,
01486-4503-15.zip,202602101146,天塩郡遠別町字歌越,505,,
01486-4503-15.zip,202602101146,天塩郡遠別町字歌越,407-1,,
01486-4503-15.zip,202602101146,天塩郡遠別町字歌越,94-5,,
01486-4503-15.zip,202602101146,天塩郡遠別町,地区外-242591,,
01486-4503-15.zip,202602101146,天塩郡遠別町字歌越,62,,
01486-4503-15.zip,202602101146,天塩郡遠別町字歌越,486,,
01486-4503-15.zip,202602101146,天塩郡遠別町字歌越,42-2,,
01486-4503-15.zip,202602101146,天塩郡遠別町字歌越,42-1,,
01486-4503-15.zip,202602101146,天塩郡遠別町字歌越,441-1,,
01486-4503-15.zip,202602101146,天塩郡遠別町字歌越,439,,
01486-4503-15.zip,202602101146,天塩郡遠別町字歌越,423-1,,
01486-4503-15.zip,202602101146,天塩郡遠別町字歌越,423-3,,
01486-4503-15.zip,202602101146,天塩郡遠別町字歌越,442,,
01486-4503-15.zip,202602101146,天塩郡遠別町字歌越,423-2,,
01486-4503-15.zip,202602101146,天塩郡遠別町字歌越,418-3,,
01486-4503-15.zip,202602101146,天塩郡遠別町字歌越,418-2,,
01486-4503-15.zip,202602101146,天塩郡遠別町字歌越,418-5,,
01486-4503-15.zip,202602101146,天塩郡遠別町字歌越,476,,
01486-4503-15.zip,202602101146,天塩郡遠別町字歌越,426-1,,
01486-4503-15.zip,202602101146,天塩郡遠別町字歌越,477,,
01486-4503-15.zip,202602101146,天塩郡遠別町字歌越,54-3,,
01486-4503-15.zip,202602101146,天塩郡遠別町字歌越,54-1,,
01486-4503-15.zip,202602101146,天塩郡遠別町字歌越,493,,
01486-4503-15.zip,202602101146,天塩郡遠別町字歌越,54-2,,
01486-4503-15.zip,202602101146,天塩郡遠別町字歌越,491,,
01486-4503-15.zip,202602101146,天塩郡遠別町字歌越,478,,
01486-4503-15.zip,202602101146,天塩郡遠別町字歌越,413,,
01486-4503-15.zip,202602101146,天塩郡遠別町字歌越,411,,
01486-4503-15.zip,202602101146,天塩郡遠別町字歌越,479,,
01486-4503-15.zip,202602101146,天塩郡遠別町字歌越,409-3,,
01486-4503-15.zip,202602101146,天塩郡遠別町字歌越,41-6,,
01486-4503-15.zip,202602101146,天塩郡遠別町字歌越,409-2,,
01486-4503-15.zip,202602101146,天塩郡遠別町字歌越,41-7,,
01486-4503-15.zip,202602101146,天塩郡遠別町字歌越,488,,
01486-4503-15.zip,202602101146,天塩郡遠別町字歌越,489,,
01486-4503-15.zip,202602101146,天塩郡遠別町字歌越,409-4,,
01486-4503-15.zip,202602101146,天塩郡遠別町字歌越,490,,
01486-4503-15.zip,202602101146,天塩郡遠別町字歌越,409-1,,
01486-4503-15.zip,202602101146,天塩郡遠別町字歌越,道-12,,
01486-4503-15.zip,202602101146,天塩郡遠別町字歌越,41-1,,
01486-4503-15.zip,202602101146,天塩郡遠別町字歌越,492,,
01486-4503-15.zip,202602101146,天塩郡遠別町字歌越,36-2,,
01486-4503-15.zip,202602101146,天塩郡遠別町字歌越,36-3,,
01486-4503-15.zip,202602101146,天塩郡遠別町字歌越,410-1,,
01486-4503-15.zip,202602101146,天塩郡遠別町字歌越,46-15,,
01486-4503-15.zip,202602101146,天塩郡遠別町字歌越,52-15,,
01486-4503-15.zip,202602101146,天塩郡遠別町字歌越,36-1,,
01486-4503-15.zip,202602101146,天塩郡遠別町字歌越,410-2,,
01486-4503-15.zip,202602101146,天塩郡遠別町字歌越,35,,
01486-4503-15.zip,202602101146,天塩郡遠別町字歌越,416-2,,
01486-4503-15.zip,202602101146,天塩郡遠別町字歌越,417,,
01486-4503-15.zip,202602101146,天塩郡遠別町字歌越,416-1,,
01486-4503-15.zip,202602101146,天塩郡遠別町字歌越,421-1,,
01486-4503-15.zip,202602101146,天塩郡遠別町字歌越,421-3,,
01486-4503-15.zip,202602101146,天塩郡遠別町字歌越,33,,
01486-4503-15.zip,202602101146,天塩郡遠別町字歌越,420,,
01486-4503-15.zip,202602101146,天塩郡遠別町字歌越,31,,
01486-4503-15.zip,202602101146,天塩郡遠別町字歌越,415-3,,
01486-4503-15.zip,202602101146,天塩郡遠別町字歌越,415-2,,
01486-4503-15.zip,202602101146,天塩郡遠別町字歌越,482,,
01486-4503-15.zip,202602101146,天塩郡遠別町字歌越,483,,
01486-4503-15.zip,202602101146,天塩郡遠別町字歌越,481,,
01486-4503-15.zip,202602101146,天塩郡遠別町字歌越,412,,
01486-4503-15.zip,202602101146,天塩郡遠別町字歌越,484,,
01486-4503-15.zip,202602101146,天塩郡遠別町字歌越,414,,
01486-4503-15.zip,202602101146,天塩郡遠別町字歌越,485,,
01486-4503-15.zip,202602101146,天塩郡遠別町字歌越,480,,
01486-4503-15.zip,202602101146,天塩郡遠別町字歌越,41-2,,
01486-4503-15.zip,202602101146,天塩郡遠別町字歌越,440,,
01486-4503-15.zip,202602101146,天塩郡遠別町字歌越,46-13,,
01486-4503-15.zip,202602101146,天塩郡遠別町字歌越,46-12,,
01486-4503-15.zip,202602101146,天塩郡遠別町字歌越,45-2,,
01486-4503-15.zip,202602101146,天塩郡遠別町字歌越,46-14,,
01486-4503-15.zip,202602101146,天塩郡遠別町字歌越,46-1,,
01486-4503-15.zip,202602101146,天塩郡遠別町字歌越,51-5,,
01486-4503-15.zip,202602101146,天塩郡遠別町字歌越,52-1,,
01486-4503-15.zip,202602101146,天塩郡遠別町字歌越,52-4,,
01486-4503-15.zip,202602101146,天塩郡遠別町字歌越,52-3,,
01486-4503-15.zip,202602101146,天塩郡遠別町字歌越,45-10,,
01486-4503-15.zip,202602101146,天塩郡遠別町字歌越,53-3,,
01486-4503-15.zip,202602101146,天塩郡遠別町字歌越,53-1,,
01486-4503-15.zip,202602101146,天塩郡遠別町字歌越,52-14,,
01486-4503-15.zip,202602101146,天塩郡遠別町字歌越,51-8,,
01486-4503-15.zip,202602101146,天塩郡遠別町字歌越,道-13,,
01486-4503-15.zip,202602101146,天塩郡遠別町字歌越,53-2,,
01486-4503-15.zip,202602101146,天塩郡遠別町字歌越,52-13,,
01486-4503-15.zip,202602101146,天塩郡遠別町字歌越,401-3,,
01486-4503-15.zip,202602101146,天塩郡遠別町字歌越,51-1,,
01486-4503-15.zip,202602101146,天塩郡遠別町字歌越,51-2,,
01486-4503-15.zip,202602101146,天塩郡遠別町字歌越,51-6,,
01486-4503-15.zip,202602101146,天塩郡遠別町字歌越,49-1,,
01486-4503-15.zip,202602101146,天塩郡遠別町字歌越,49-12,,
01486-4503-15.zip,202602101146,天塩郡遠別町字歌越,49-10,,
01486-4503-15.zip,202602101146,天塩郡遠別町字歌越,49-11,,
01486-4503-15.zip,202602101146,天塩郡遠別町字歌越,51-7,,
01486-4503-15.zip,202602101146,天塩郡遠別町字歌越,49-3,,
01486-4503-15.zip,202602101146,天塩郡遠別町字歌越,49-4,,
01486-4503-15.zip,202602101146,天塩郡遠別町字歌越,50-21,,
01486-4503-15.zip,202602101146,天塩郡遠別町字歌越,50-1,,
01486-4503-15.zip,202602101146,天塩郡遠別町字歌越,76-8,,
01486-4503-15.zip,202602101146,天塩郡遠別町字歌越,75-6,,
01486-4503-15.zip,202602101146,天塩郡遠別町字歌越,76-2,,
01486-4503-15.zip,202602101146,天塩郡遠別町字歌越,77-2,,
01486-4503-15.zip,202602101146,天塩郡遠別町字歌越,50-3,,
01486-4503-15.zip,202602101146,天塩郡遠別町字歌越,55-14,,
01486-4503-15.zip,202602101146,天塩郡遠別町字歌越,55-11,,
01486-4503-15.zip,202602101146,天塩郡遠別町字歌越,55-15,,
01486-4503-15.zip,202602101146,天塩郡遠別町字歌越,55-12,,
01486-4503-15.zip,202602101146,天塩郡遠別町字歌越,55-16,,
01486-4503-15.zip,202602101146,天塩郡遠別町字歌越,55-13,,
01486-4503-15.zip,202602101146,天塩郡遠別町字歌越,59-6,,
01486-4503-15.zip,202602101146,天塩郡遠別町字歌越,59-8,,
01486-4503-15.zip,202602101146,天塩郡遠別町字歌越,495,,
01486-4503-15.zip,202602101146,天塩郡遠別町字歌越,60-5,,
01486-4503-15.zip,202602101146,天塩郡遠別町字歌越,61,,
01486-4503-15.zip,202602101146,天塩郡遠別町字歌越,60-1,,
01486-4503-15.zip,202602101146,天塩郡遠別町字歌越,60-4,,
01486-4503-15.zip,202602101146,天塩郡遠別町字歌越,494,,
01486-4503-15.zip,202602101146,天塩郡遠別町字歌越,60-3,,
01486-4503-15.zip,202602101146,天塩郡遠別町字歌越,60-6,,
01486-4503-15.zip,202602101146,天塩郡遠別町字歌越,59-1,,
01486-4503-15.zip,202602101146,天塩郡遠別町字歌越,59-5,,
01486-4503-15.zip,202602101146,天塩郡遠別町字歌越,55-10,,
01486-4503-15.zip,202602101146,天塩郡遠別町字歌越,59-4,,
01486-4503-15.zip,202602101146,天塩郡遠別町字歌越,55-1,,
01486-4503-15.zip,202602101146,天塩郡遠別町字歌越,55-9,,
01486-4503-15.zip,202602101146,天塩郡遠別町字歌越,55-3,,
01486-4503-15.zip,202602101146,天塩郡遠別町字歌越,55-2,,
01486-4503-15.zip,202602101146,天塩郡遠別町字歌越,55-8,,
01486-4503-15.zip,202602101146,天塩郡遠別町字歌越,59-3,,
01486-4503-15.zip,202602101146,天塩郡遠別町字歌越,59-7,,
01486-4503-15.zip,202602101146,天塩郡遠別町字歌越,415-1,,
01486-4503-15.zip,202602101146,天塩郡遠別町字歌越,426-2,,
01486-4503-15.zip,202602101146,天塩郡遠別町,地区外-242726,,
01486-4503-15.zip,202602101146,天塩郡遠別町字歌越,503,,
01486-4503-15.zip,202602101146,天塩郡遠別町字歌越,504,,
01486-4503-15.zip,202602101146,天塩郡遠別町字歌越,437,,
01486-4503-15.zip,202602101146,天塩郡遠別町,地区外-242732,,
01486-4503-15.zip,202602101146,天塩郡遠別町字歌越,438,,
01486-4503-15.zip,202602101146,天塩郡遠別町字歌越,45-9,,
01486-4503-15.zip,202602101146,天塩郡遠別町字歌越,498,,
01486-4503-15.zip,202602101146,天塩郡遠別町字歌越,497,,
01486-4503-15.zip,202602101146,天塩郡遠別町字歌越,46-11,,
01486-4503-15.zip,202602101146,天塩郡遠別町字歌越,46-8,,
01486-4503-15.zip,202602101146,天塩郡遠別町字歌越,46-2,,
01486-4503-15.zip,202602101146,天塩郡遠別町字歌越,487,,
01486-4503-15.zip,202602101146,天塩郡遠別町字歌越,45-3,,
01486-4503-15.zip,202602101146,天塩郡遠別町字歌越,45-6,,
01486-4503-15.zip,202602101146,天塩郡遠別町字歌越,43-1,,
01486-4503-15.zip,202602101146,天塩郡遠別町字歌越,441-2,,
01486-4503-15.zip,202602101146,天塩郡遠別町,地区外-242748,,
01486-4503-15.zip,202602101146,天塩郡遠別町字歌越,48-9,,
01486-4503-15.zip,202602101146,天塩郡遠別町字歌越,48-12,,
01486-4503-15.zip,202602101146,天塩郡遠別町字歌越,48-11,,
01486-4503-15.zip,202602101146,天塩郡遠別町字歌越,48-8,,
01486-4503-15.zip,202602101146,天塩郡遠別町字歌越,48-7,,
01486-4503-15.zip,202602101146,天塩郡遠別町字歌越,48-10,,
01486-4503-15.zip,202602101146,天塩郡遠別町字歌越,48-5,,
01486-4503-15.zip,202602101146,天塩郡遠別町字歌越,46-10,,
01486-4503-15.zip,202602101146,天塩郡遠別町字歌越,499,,
01486-4503-15.zip,202602101146,天塩郡遠別町字歌越,48-1,,
01486-4503-15.zip,202602101146,天塩郡遠別町字歌越,48-14,,
01486-4503-15.zip,202602101146,天塩郡遠別町字歌越,48-15,,
01486-4503-15.zip,202602101146,天塩郡遠別町字歌越,48-13,,
01486-4503-15.zip,202602101146,天塩郡遠別町字歌越,404-4,,
01486-4503-15.zip,202602101146,天塩郡遠別町字歌越,404-1,,
01486-4503-15.zip,202602101146,天塩郡遠別町字歌越,404-2,,
01486-4503-15.zip,202602101146,天塩郡遠別町字歌越,404-3,,
01486-4503-15.zip,202602101146,天塩郡遠別町字歌越,500,,
01486-4503-15.zip,202602101146,天塩郡遠別町字歌越,501,,
01486-4503-15.zip,202602101146,天塩郡遠別町字歌越,道-14,,
01486-4503-15.zip,202602101146,天塩郡遠別町字歌越,407-2,,
01486-4503-15.zip,202602101146,天塩郡遠別町字歌越,407-3,,
01486-4503-15.zip,202602101146,天塩郡遠別町字歌越,502,,
01486-4503-15.zip,202602101146,天塩郡遠別町字歌越,81-1,,
01486-4503-15.zip,202602101146,天塩郡遠別町字歌越,81-3,,
01486-4503-15.zip,202602101146,天塩郡遠別町字歌越,81-4,,
01486-4503-15.zip,202602101146,天塩郡遠別町字歌越,82-1,,
01486-4503-15.zip,202602101146,天塩郡遠別町字歌越,82-4,,
01486-4503-15.zip,202602101146,天塩郡遠別町字歌越,道-11,,
01486-4503-15.zip,202602101146,天塩郡遠別町字歌越,79-6,,
01486-4503-15.zip,202602101146,天塩郡遠別町字歌越,79-1,,
01486-4503-15.zip,202602101146,天塩郡遠別町字歌越,79-7,,
01486-4503-15.zip,202602101146,天塩郡遠別町,地区外-242585,,
01486-4503-16.zip,202602101146,天塩郡遠別町字大成,水-1,,
01486-4503-16.zip,202602101146,天塩郡遠別町,地区外-244945,,
01486-4503-16.zip,202602101146,天塩郡遠別町字大成,水-2,,
01486-4503-16.zip,202602101146,天塩郡遠別町字大成,101-2,,
01486-4503-16.zip,202602101146,天塩郡遠別町字大成,296,,
01486-4503-16.zip,202602101146,天塩郡遠別町,地区外-244949,,
01486-4503-16.zip,202602101146,天塩郡遠別町,地区外-244950,,
01486-4503-16.zip,202602101146,天塩郡遠別町字大成,292-3,,
01486-4503-16.zip,202602101146,天塩郡遠別町字大成,420,,
01486-4503-16.zip,202602101146,天塩郡遠別町字大成,233,,
01486-4503-16.zip,202602101146,天塩郡遠別町字大成,419,,
01486-4503-16.zip,202602101146,天塩郡遠別町字大成,234,,
01486-4503-16.zip,202602101146,天塩郡遠別町字大成,水-3,,
01486-4503-16.zip,202602101146,天塩郡遠別町字大成,235,,
01486-4503-16.zip,202602101146,天塩郡遠別町字大成,418,,
01486-4503-16.zip,202602101146,天塩郡遠別町字大成,241,,
01486-4503-16.zip,202602101146,天塩郡遠別町字大成,242-1,,
01486-4503-16.zip,202602101146,天塩郡遠別町字大成,232,,
01486-4503-16.zip,202602101146,天塩郡遠別町字大成,406,,
01486-4503-16.zip,202602101146,天塩郡遠別町字大成,405,,
01486-4503-16.zip,202602101146,天塩郡遠別町字大成,215,,
01486-4503-16.zip,202602101146,天塩郡遠別町字大成,404,,
01486-4503-16.zip,202602101146,天塩郡遠別町字大成,292-1,,
01486-4503-16.zip,202602101146,天塩郡遠別町字大成,408,,
01486-4503-16.zip,202602101146,天塩郡遠別町字大成,244-1,,
01486-4503-16.zip,202602101146,天塩郡遠別町字大成,244-3,,
01486-4503-16.zip,202602101146,天塩郡遠別町字大成,242-2,,
01486-4503-16.zip,202602101146,天塩郡遠別町字大成,242-3,,
01486-4503-16.zip,202602101146,天塩郡遠別町字大成,244-2,,
01486-4503-16.zip,202602101146,天塩郡遠別町字大成,424,,
01486-4503-16.zip,202602101146,天塩郡遠別町字大成,423,,
01486-4503-16.zip,202602101146,天塩郡遠別町字大成,292-2,,
01486-4503-16.zip,202602101146,天塩郡遠別町字大成,426,,
01486-4503-16.zip,202602101146,天塩郡遠別町字大成,421,,
01486-4503-16.zip,202602101146,天塩郡遠別町字大成,248-1,,
01486-4503-16.zip,202602101146,天塩郡遠別町字大成,224,,
01486-4503-16.zip,202602101146,天塩郡遠別町字大成,394,,
01486-4503-16.zip,202602101146,天塩郡遠別町字大成,216,,
01486-4503-16.zip,202602101146,天塩郡遠別町字大成,393,,
01486-4503-16.zip,202602101146,天塩郡遠別町字大成,222,,
01486-4503-16.zip,202602101146,天塩郡遠別町字大成,223,,
01486-4503-16.zip,202602101146,天塩郡遠別町字大成,407,,
01486-4503-16.zip,202602101146,天塩郡遠別町字大成,225,,
01486-4503-16.zip,202602101146,天塩郡遠別町字大成,水-4,,
01486-4503-16.zip,202602101146,天塩郡遠別町字大成,422,,
01486-4503-16.zip,202602101146,天塩郡遠別町字大成,425,,
01486-4503-16.zip,202602101146,天塩郡遠別町字大成,295,,
01486-4503-16.zip,202602101146,天塩郡遠別町,地区外-244991,,
01486-4503-16.zip,202602101146,天塩郡遠別町字大成,279,,
01486-4503-16.zip,202602101146,天塩郡遠別町字大成,388,,
01486-4503-16.zip,202602101146,天塩郡遠別町字大成,171,,
01486-4503-16.zip,202602101146,天塩郡遠別町字大成,278,,
01486-4503-16.zip,202602101146,天塩郡遠別町字大成,389,,
01486-4503-16.zip,202602101146,天塩郡遠別町字大成,水-5,,
01486-4503-16.zip,202602101146,天塩郡遠別町字大成,281,,
01486-4503-16.zip,202602101146,天塩郡遠別町字大成,387,,
01486-4503-16.zip,202602101146,天塩郡遠別町字大成,227,,
01486-4503-16.zip,202602101146,天塩郡遠別町字大成,221,,
01486-4503-16.zip,202602101146,天塩郡遠別町字大成,228,,
01486-4503-16.zip,202602101146,天塩郡遠別町字大成,220,,
01486-4503-16.zip,202602101146,天塩郡遠別町字大成,219,,
01486-4503-16.zip,202602101146,天塩郡遠別町字大成,170,,
01486-4503-16.zip,202602101146,天塩郡遠別町字大成,290,,
01486-4503-16.zip,202602101146,天塩郡遠別町字大成,390,,
01486-4503-16.zip,202602101146,天塩郡遠別町字大成,水-6,,
01486-4503-16.zip,202602101146,天塩郡遠別町字大成,391,,
01486-4503-16.zip,202602101146,天塩郡遠別町字大成,280,,
01486-4503-16.zip,202602101146,天塩郡遠別町字大成,386,,
01486-4503-16.zip,202602101146,天塩郡遠別町字大成,166,,
01486-4503-16.zip,202602101146,天塩郡遠別町字大成,385,,
01486-4503-16.zip,202602101146,天塩郡遠別町字大成,384,,
01486-4503-16.zip,202602101146,天塩郡遠別町字大成,392,,
01486-4503-16.zip,202602101146,天塩郡遠別町,地区外-245016,,
01486-4503-16.zip,202602101146,天塩郡遠別町字正修,123-2,,
01486-4503-16.zip,202602101146,天塩郡遠別町字正修,長狭物不明-1,,
01486-4503-16.zip,202602101146,天塩郡遠別町字正修,水-7,,
01486-4503-16.zip,202602101146,天塩郡遠別町字正修,212,,
01486-4503-16.zip,202602101146,天塩郡遠別町字正修,122,,
01486-4503-16.zip,202602101146,天塩郡遠別町,地区外-245022,,
01486-4503-16.zip,202602101146,天塩郡遠別町,地区外-245023,,
01486-4503-16.zip,202602101146,天塩郡遠別町字正修,107-1,,
01486-4503-16.zip,202602101146,天塩郡遠別町字正修,222,,
01486-4503-16.zip,202602101146,天塩郡遠別町字正修,99-1,,
01486-4503-16.zip,202602101146,天塩郡遠別町字正修,98-1,,
01486-4503-16.zip,202602101146,天塩郡遠別町字正修,202,,
01486-4503-16.zip,202602101146,天塩郡遠別町字正修,214,,
01486-4503-16.zip,202602101146,天塩郡遠別町字正修,93-1,,
01486-4503-16.zip,202602101146,天塩郡遠別町字正修,95-1,,
01486-4503-16.zip,202602101146,天塩郡遠別町字正修,225,,
01486-4503-16.zip,202602101146,天塩郡遠別町字正修,110-1,,
01486-4503-16.zip,202602101146,天塩郡遠別町字正修,224,,
01486-4503-16.zip,202602101146,天塩郡遠別町字正修,107-3,,
01486-4503-16.zip,202602101146,天塩郡遠別町字正修,223,,
01486-4503-16.zip,202602101146,天塩郡遠別町字正修,108-2,,
01486-4503-16.zip,202602101146,天塩郡遠別町字正修,221,,
01486-4503-16.zip,202602101146,天塩郡遠別町字正修,108-3,,
01486-4503-16.zip,202602101146,天塩郡遠別町字正修,226,,
01486-4503-16.zip,202602101146,天塩郡遠別町字正修,107-2,,
01486-4503-16.zip,202602101146,天塩郡遠別町字正修,99-5,,
01486-4503-16.zip,202602101146,天塩郡遠別町字正修,99-2,,
01486-4503-16.zip,202602101146,天塩郡遠別町字正修,99-6,,
01486-4503-16.zip,202602101146,天塩郡遠別町字正修,98-2,,
01486-4503-16.zip,202602101146,天塩郡遠別町字正修,216,,
01486-4503-16.zip,202602101146,天塩郡遠別町字正修,94-2,,
01486-4503-16.zip,202602101146,天塩郡遠別町字正修,94-1,,
01486-4503-16.zip,202602101146,天塩郡遠別町字正修,93-5,,
01486-4503-16.zip,202602101146,天塩郡遠別町字正修,93-6,,
01486-4503-16.zip,202602101146,天塩郡遠別町字正修,93-2,,
01486-4503-16.zip,202602101146,天塩郡遠別町字正修,水-9,,
01486-4503-16.zip,202602101146,天塩郡遠別町字正修,217,,
01486-4503-16.zip,202602101146,天塩郡遠別町字正修,215,,
01486-4503-16.zip,202602101146,天塩郡遠別町字正修,93-3,,
01486-4503-16.zip,202602101146,天塩郡遠別町字正修,213,,
01486-4503-16.zip,202602101146,天塩郡遠別町字正修,93-4,,
01486-4503-16.zip,202602101146,天塩郡遠別町字正修,95-2,,
01486-4503-16.zip,202602101146,天塩郡遠別町字正修,95-9,,
01486-4503-16.zip,202602101146,天塩郡遠別町字正修,95-8,,
01486-4503-16.zip,202602101146,天塩郡遠別町字正修,110-2,,
01486-4503-16.zip,202602101146,天塩郡遠別町字正修,107-4,,
01486-4503-16.zip,202602101146,天塩郡遠別町字正修,108-4,,
01486-4503-16.zip,202602101146,天塩郡遠別町字正修,95-4,,
01486-4503-16.zip,202602101146,天塩郡遠別町字正修,95-7,,
01486-4503-16.zip,202602101146,天塩郡遠別町字正修,95-5,,
01486-4503-16.zip,202602101146,天塩郡遠別町字正修,95-3,,
01486-4503-16.zip,202602101146,天塩郡遠別町字正修,100,,
01486-4503-16.zip,202602101146,天塩郡遠別町字正修,220,,
01486-4503-16.zip,202602101146,天塩郡遠別町字正修,95-6,,
01486-4503-16.zip,202602101146,天塩郡遠別町字正修,218,,
01486-4503-16.zip,202602101146,天塩郡遠別町字正修,219,,
01486-4503-16.zip,202602101146,天塩郡遠別町字正修,96,,
01486-4503-16.zip,202602101146,天塩郡遠別町字正修,97,,
01486-4503-16.zip,202602101146,天塩郡遠別町,地区外-245076,,
01486-4503-16.zip,202602101146,天塩郡遠別町字正修,117,,
01486-4503-16.zip,202602101146,天塩郡遠別町字正修,123-1,,
01486-4503-16.zip,202602101146,天塩郡遠別町字正修,92,,
01486-4503-16.zip,202602101146,天塩郡遠別町字正修,204,,
01486-4503-16.zip,202602101146,天塩郡遠別町字正修,86-2,,
01486-4503-16.zip,202602101146,天塩郡遠別町字正修,203,,
01486-4503-16.zip,202602101146,天塩郡遠別町字正修,86-7,,
01486-4503-16.zip,202602101146,天塩郡遠別町字正修,86-4,,
01486-4503-16.zip,202602101146,天塩郡遠別町字正修,200,,
01486-4503-16.zip,202602101146,天塩郡遠別町字正修,85-1,,
01486-4503-16.zip,202602101146,天塩郡遠別町字正修,85-3,,
01486-4503-16.zip,202602101146,天塩郡遠別町字正修,109-1,,
01486-4503-16.zip,202602101146,天塩郡遠別町字正修,109-2,,
01486-4503-16.zip,202602101146,天塩郡遠別町,地区外-245090,,
01486-4503-16.zip,202602101146,天塩郡遠別町字正修,211,,
01486-4503-16.zip,202602101146,天塩郡遠別町字正修,210,,
01486-4503-16.zip,202602101146,天塩郡遠別町字正修,209,,
01486-4503-16.zip,202602101146,天塩郡遠別町字正修,70-3,,
01486-4503-16.zip,202602101146,天塩郡遠別町字正修,83-3,,
01486-4503-16.zip,202602101146,天塩郡遠別町字正修,79-1,,
01486-4503-16.zip,202602101146,天塩郡遠別町字正修,79-3,,
01486-4503-16.zip,202602101146,天塩郡遠別町字正修,79-2,,
01486-4503-16.zip,202602101146,天塩郡遠別町,地区外-245099,,
01486-4503-16.zip,202602101146,天塩郡遠別町字正修,58-1,,
01486-4503-16.zip,202602101146,天塩郡遠別町字正修,191,,
01486-4503-16.zip,202602101146,天塩郡遠別町字正修,184,,
01486-4503-16.zip,202602101146,天塩郡遠別町字正修,63-1,,
01486-4503-16.zip,202602101146,天塩郡遠別町字正修,70-1,,
01486-4503-16.zip,202602101146,天塩郡遠別町字正修,71-1,,
01486-4503-16.zip,202602101146,天塩郡遠別町字正修,76,,
01486-4503-16.zip,202602101146,天塩郡遠別町字正修,78,,
01486-4503-16.zip,202602101146,天塩郡遠別町字正修,77,,
01486-4503-16.zip,202602101146,天塩郡遠別町字正修,199,,
01486-4503-16.zip,202602101146,天塩郡遠別町字正修,水-10,,
01486-4503-16.zip,202602101146,天塩郡遠別町字正修,171,,
01486-4503-16.zip,202602101146,天塩郡遠別町字正修,170,,
01486-4503-16.zip,202602101146,天塩郡遠別町字正修,61,,
01486-4503-16.zip,202602101146,天塩郡遠別町字正修,水-11,,
01486-4503-16.zip,202602101146,天塩郡遠別町字正修,58-3,,
01486-4503-16.zip,202602101146,天塩郡遠別町字正修,169,,
01486-4503-16.zip,202602101146,天塩郡遠別町字正修,57-1,,
01486-4503-16.zip,202602101146,天塩郡遠別町字正修,58-2,,
01486-4503-16.zip,202602101146,天塩郡遠別町字正修,56-4,,
01486-4503-16.zip,202602101146,天塩郡遠別町字正修,56-3,,
01486-4503-16.zip,202602101146,天塩郡遠別町字正修,180,,
01486-4503-16.zip,202602101146,天塩郡遠別町字正修,63-3,,
01486-4503-16.zip,202602101146,天塩郡遠別町字正修,62,,
01486-4503-16.zip,202602101146,天塩郡遠別町字正修,193,,
01486-4503-16.zip,202602101146,天塩郡遠別町字正修,185,,
01486-4503-16.zip,202602101146,天塩郡遠別町字正修,70-6,,
01486-4503-16.zip,202602101146,天塩郡遠別町字正修,186,,
01486-4503-16.zip,202602101146,天塩郡遠別町字正修,70-2,,
01486-4503-16.zip,202602101146,天塩郡遠別町字正修,70-4,,
01486-4503-16.zip,202602101146,天塩郡遠別町字正修,70-5,,
01486-4503-16.zip,202602101146,天塩郡遠別町字正修,192,,
01486-4503-16.zip,202602101146,天塩郡遠別町字正修,63-2,,
01486-4503-16.zip,202602101146,天塩郡遠別町字正修,69-3,,
01486-4503-16.zip,202602101146,天塩郡遠別町字正修,183,,
01486-4503-16.zip,202602101146,天塩郡遠別町字正修,181,,
01486-4503-16.zip,202602101146,天塩郡遠別町字正修,63-4,,
01486-4503-16.zip,202602101146,天塩郡遠別町字正修,182,,
01486-4503-16.zip,202602101146,天塩郡遠別町字正修,71-2,,
01486-4503-16.zip,202602101146,天塩郡遠別町,地区外-245139,,
01486-4503-16.zip,202602101146,天塩郡遠別町字正修,81-2,,
01486-4503-16.zip,202602101146,天塩郡遠別町字正修,81-6,,
01486-4503-16.zip,202602101146,天塩郡遠別町字正修,81-1,,
01486-4503-16.zip,202602101146,天塩郡遠別町字正修,208,,
01486-4503-16.zip,202602101146,天塩郡遠別町字正修,205,,
01486-4503-16.zip,202602101146,天塩郡遠別町字正修,207,,
01486-4503-16.zip,202602101146,天塩郡遠別町字正修,206,,
01486-4503-16.zip,202602101146,天塩郡遠別町字正修,86-1,,
01486-4503-16.zip,202602101146,天塩郡遠別町字正修,86-3,,
01486-4503-16.zip,202602101146,天塩郡遠別町字正修,86-5,,
01486-4503-16.zip,202602101146,天塩郡遠別町字正修,81-4,,
01486-4503-16.zip,202602101146,天塩郡遠別町字正修,81-5,,
01486-4503-16.zip,202602101146,天塩郡遠別町字正修,81-3,,
01486-4503-16.zip,202602101146,天塩郡遠別町字正修,201,,
01486-4503-16.zip,202602101146,天塩郡遠別町字大成,水-12,,
01486-4503-16.zip,202602101146,天塩郡遠別町,地区外-245155,,
01486-4503-16.zip,202602101146,天塩郡遠別町字大成,402,,
01486-4503-16.zip,202602101146,天塩郡遠別町字大成,250,,
01486-4503-16.zip,202602101146,天塩郡遠別町字大成,251,,
01486-4503-16.zip,202602101146,天塩郡遠別町字大成,294,,
01486-4503-16.zip,202602101146,天塩郡遠別町字大成,409,,
01486-4503-16.zip,202602101146,天塩郡遠別町,地区外-245161,,
01486-4503-16.zip,202602101146,天塩郡遠別町字大成,401,,
01486-4503-16.zip,202602101146,天塩郡遠別町字大成,398,,
01486-4503-16.zip,202602101146,天塩郡遠別町字大成,204-1,,
01486-4503-16.zip,202602101146,天塩郡遠別町字大成,206-1,,
01486-4503-16.zip,202602101146,天塩郡遠別町字大成,246-2,,
01486-4503-16.zip,202602101146,天塩郡遠別町字大成,410,,
01486-4503-16.zip,202602101146,天塩郡遠別町字大成,245-1,,
01486-4503-16.zip,202602101146,天塩郡遠別町字大成,245-3,,
01486-4503-16.zip,202602101146,天塩郡遠別町字大成,245-2,,
01486-4503-16.zip,202602101146,天塩郡遠別町字大成,240-1,,
01486-4503-16.zip,202602101146,天塩郡遠別町字大成,239-1,,
01486-4503-16.zip,202602101146,天塩郡遠別町字大成,413,,
01486-4503-16.zip,202602101146,天塩郡遠別町字大成,411,,
01486-4503-16.zip,202602101146,天塩郡遠別町字大成,239-2,,
01486-4503-16.zip,202602101146,天塩郡遠別町字大成,237-1,,
01486-4503-16.zip,202602101146,天塩郡遠別町字大成,237-2,,
01486-4503-16.zip,202602101146,天塩郡遠別町字大成,416,,
01486-4503-16.zip,202602101146,天塩郡遠別町字大成,246-1,,
01486-4503-16.zip,202602101146,天塩郡遠別町字大成,248-2,,
01486-4503-16.zip,202602101146,天塩郡遠別町字大成,213-2,,
01486-4503-16.zip,202602101146,天塩郡遠別町字大成,213-1,,
01486-4503-16.zip,202602101146,天塩郡遠別町字大成,212-2,,
01486-4503-16.zip,202602101146,天塩郡遠別町字大成,212-1,,
01486-4503-16.zip,202602101146,天塩郡遠別町字大成,211,,
01486-4503-16.zip,202602101146,天塩郡遠別町字大成,403,,
01486-4503-16.zip,202602101146,天塩郡遠別町字大成,206-2,,
01486-4503-16.zip,202602101146,天塩郡遠別町字大成,400,,
01486-4503-16.zip,202602101146,天塩郡遠別町字大成,210,,
01486-4503-16.zip,202602101146,天塩郡遠別町字大成,204-2,,
01486-4503-16.zip,202602101146,天塩郡遠別町字大成,205,,
01486-4503-16.zip,202602101146,天塩郡遠別町字大成,245-4,,
01486-4503-16.zip,202602101146,天塩郡遠別町字大成,236-1,,
01486-4503-16.zip,202602101146,天塩郡遠別町字大成,417,,
01486-4503-16.zip,202602101146,天塩郡遠別町字大成,236-4,,
01486-4503-16.zip,202602101146,天塩郡遠別町字大成,240-2,,
01486-4503-16.zip,202602101146,天塩郡遠別町字大成,240-3,,
01486-4503-16.zip,202602101146,天塩郡遠別町字大成,414,,
01486-4503-16.zip,202602101146,天塩郡遠別町,地区外-245200,,
01486-4503-16.zip,202602101146,天塩郡遠別町,地区外-245201,,
01486-4503-16.zip,202602101146,天塩郡遠別町字大成,187,,
01486-4503-16.zip,202602101146,天塩郡遠別町字大成,376,,
01486-4503-16.zip,202602101146,天塩郡遠別町字大成,375,,
01486-4503-16.zip,202602101146,天塩郡遠別町字大成,183,,
01486-4503-16.zip,202602101146,天塩郡遠別町字大成,374,,
01486-4503-16.zip,202602101146,天塩郡遠別町字大成,189,,
01486-4503-16.zip,202602101146,天塩郡遠別町字大成,377,,
01486-4503-16.zip,202602101146,天塩郡遠別町字大成,193,,
01486-4503-16.zip,202602101146,天塩郡遠別町字大成,293,,
01486-4503-16.zip,202602101146,天塩郡遠別町,地区外-245211,,
01486-4503-16.zip,202602101146,天塩郡遠別町字大成,190,,
01486-4503-16.zip,202602101146,天塩郡遠別町字大成,水-13,,
01486-4503-16.zip,202602101146,天塩郡遠別町字大成,186,,
01486-4503-16.zip,202602101146,天塩郡遠別町字大成,184,,
01486-4503-16.zip,202602101146,天塩郡遠別町字大成,291-1,,
01486-4503-16.zip,202602101146,天塩郡遠別町字大成,382,,
01486-4503-16.zip,202602101146,天塩郡遠別町字大成,182-1,,
01486-4503-16.zip,202602101146,天塩郡遠別町字大成,173-1,,
01486-4503-16.zip,202602101146,天塩郡遠別町字大成,175,,
01486-4503-16.zip,202602101146,天塩郡遠別町字大成,379,,
01486-4503-16.zip,202602101146,天塩郡遠別町字大成,177-1,,
01486-4503-16.zip,202602101146,天塩郡遠別町字大成,182-3,,
01486-4503-16.zip,202602101146,天塩郡遠別町字大成,381,,
01486-4503-16.zip,202602101146,天塩郡遠別町字大成,176-3,,
01486-4503-16.zip,202602101146,天塩郡遠別町字大成,176-1,,
01486-4503-16.zip,202602101146,天塩郡遠別町字大成,177-2,,
01486-4503-16.zip,202602101146,天塩郡遠別町字大成,181-2,,
01486-4503-16.zip,202602101146,天塩郡遠別町字大成,180,,
01486-4503-16.zip,202602101146,天塩郡遠別町字大成,380,,
01486-4503-16.zip,202602101146,天塩郡遠別町字大成,182-2,,
01486-4503-16.zip,202602101146,天塩郡遠別町字大成,383,,
01486-4503-16.zip,202602101146,天塩郡遠別町字大成,198,,
01486-4503-16.zip,202602101146,天塩郡遠別町字大成,199-1,,
01486-4503-16.zip,202602101146,天塩郡遠別町字大成,199-3,,
01486-4503-16.zip,202602101146,天塩郡遠別町字大成,396,,
01486-4503-16.zip,202602101146,天塩郡遠別町字大成,291-2,,
01486-4503-16.zip,202602101146,天塩郡遠別町字大成,395,,
01486-4503-16.zip,202602101146,天塩郡遠別町字大成,397,,
01486-4503-16.zip,202602101146,天塩郡遠別町字大成,195,,
01486-4503-16.zip,202602101146,天塩郡遠別町字大成,199-2,,
01486-4503-16.zip,202602101146,天塩郡遠別町字大成,399,,
01486-4503-16.zip,202602101146,天塩郡遠別町字大成,176-2,,
01486-4503-16.zip,202602101146,天塩郡遠別町,地区外-245244,,
01486-4503-16.zip,202602101146,天塩郡遠別町,地区外-245245,,
01486-4503-16.zip,202602101146,天塩郡遠別町字大成,3-2,,
01486-4503-16.zip,202602101146,天塩郡遠別町字大成,3-3,,
01486-4503-16.zip,202602101146,天塩郡遠別町字大成,3-1,,
01486-4503-16.zip,202602101146,天塩郡遠別町,地区外-245249,,
01486-4503-16.zip,202602101146,天塩郡遠別町,地区外-245250,,
01486-4503-16.zip,202602101146,天塩郡遠別町字大成,7-1,,
01486-4503-16.zip,202602101146,天塩郡遠別町字大成,1,,
01486-4503-16.zip,202602101146,天塩郡遠別町字大成,2-1,,
01486-4503-16.zip,202602101146,天塩郡遠別町字大成,303,,
01486-4503-16.zip,202602101146,天塩郡遠別町字大成,300,,
01486-4503-16.zip,202602101146,天塩郡遠別町字大成,2-2,,
01486-4503-16.zip,202602101146,天塩郡遠別町字大成,299,,
01486-4503-16.zip,202602101146,天塩郡遠別町字大成,304,,
01486-4503-16.zip,202602101146,天塩郡遠別町字大成,2-3,,
01486-4503-16.zip,202602101146,天塩郡遠別町字大成,8-1,,
01486-4503-16.zip,202602101146,天塩郡遠別町字大成,301,,
01486-4503-16.zip,202602101146,天塩郡遠別町字大成,302,,
01486-4503-16.zip,202602101146,天塩郡遠別町字大成,372,,
01486-4503-16.zip,202602101146,天塩郡遠別町字大成,155,,
01486-4503-16.zip,202602101146,天塩郡遠別町字大成,水-14,,
01486-4503-16.zip,202602101146,天塩郡遠別町字大成,156,,
01486-4503-16.zip,202602101146,天塩郡遠別町字大成,139,,
01486-4503-16.zip,202602101146,天塩郡遠別町,地区外-245268,,
01486-4503-16.zip,202602101146,天塩郡遠別町字大成,138-1,,
01486-4503-16.zip,202602101146,天塩郡遠別町字大成,365,,
01486-4503-16.zip,202602101146,天塩郡遠別町字大成,117,,
01486-4503-16.zip,202602101146,天塩郡遠別町,地区外-245272,,
01486-4503-16.zip,202602101146,天塩郡遠別町字大成,112-3,,
01486-4503-16.zip,202602101146,天塩郡遠別町字大成,107,,
01486-4503-16.zip,202602101146,天塩郡遠別町,地区外-245275,,
01486-4503-16.zip,202602101146,天塩郡遠別町字大成,129,,
01486-4503-16.zip,202602101146,天塩郡遠別町字大成,461,,
01486-4503-16.zip,202602101146,天塩郡遠別町字大成,水-15,,
01486-4503-16.zip,202602101146,天塩郡遠別町字大成,462,,
01486-4503-16.zip,202602101146,天塩郡遠別町字大成,373,,
01486-4503-16.zip,202602101146,天塩郡遠別町字大成,水-16,,
01486-4503-16.zip,202602101146,天塩郡遠別町字大成,122,,
01486-4503-16.zip,202602101146,天塩郡遠別町字大成,378,,
01486-4503-16.zip,202602101146,天塩郡遠別町字大成,369,,
01486-4503-16.zip,202602101146,天塩郡遠別町字大成,174-2,,
01486-4503-16.zip,202602101146,天塩郡遠別町字大成,174-1,,
01486-4503-16.zip,202602101146,天塩郡遠別町字大成,370,,
01486-4503-16.zip,202602101146,天塩郡遠別町字大成,152-1,,
01486-4503-16.zip,202602101146,天塩郡遠別町字大成,150-1,,
01486-4503-16.zip,202602101146,天塩郡遠別町字大成,361,,
01486-4503-16.zip,202602101146,天塩郡遠別町字大成,151,,
01486-4503-16.zip,202602101146,天塩郡遠別町字大成,360,,
01486-4503-16.zip,202602101146,天塩郡遠別町字大成,359,,
01486-4503-16.zip,202602101146,天塩郡遠別町字大成,147,,
01486-4503-16.zip,202602101146,天塩郡遠別町字大成,459,,
01486-4503-16.zip,202602101146,天塩郡遠別町字大成,460,,
01486-4503-16.zip,202602101146,天塩郡遠別町字大成,366,,
01486-4503-16.zip,202602101146,天塩郡遠別町字大成,136-2,,
01486-4503-16.zip,202602101146,天塩郡遠別町字大成,173-2,,
01486-4503-16.zip,202602101146,天塩郡遠別町字大成,371,,
01486-4503-16.zip,202602101146,天塩郡遠別町字大成,154-1,,
01486-4503-16.zip,202602101146,天塩郡遠別町字大成,140,,
01486-4503-16.zip,202602101146,天塩郡遠別町字大成,138-2,,
01486-4503-16.zip,202602101146,天塩郡遠別町字大成,118,,
01486-4503-16.zip,202602101146,天塩郡遠別町字大成,108-2,,
01486-4503-16.zip,202602101146,天塩郡遠別町字大成,119-1,,
01486-4503-16.zip,202602101146,天塩郡遠別町字大成,364,,
01486-4503-16.zip,202602101146,天塩郡遠別町字大成,363,,
01486-4503-16.zip,202602101146,天塩郡遠別町字大成,357,,
01486-4503-16.zip,202602101146,天塩郡遠別町字大成,457,,
01486-4503-16.zip,202602101146,天塩郡遠別町字大成,362,,
01486-4503-16.zip,202602101146,天塩郡遠別町字大成,458,,
01486-4503-16.zip,202602101146,天塩郡遠別町字大成,358,,
01486-4503-16.zip,202602101146,天塩郡遠別町字大成,135-2,,
01486-4503-16.zip,202602101146,天塩郡遠別町字大成,145-1,,
01486-4503-16.zip,202602101146,天塩郡遠別町字大成,144-1,,
01486-4503-16.zip,202602101146,天塩郡遠別町字大成,135-1,,
01486-4503-16.zip,202602101146,天塩郡遠別町字大成,水-17,,
01486-4503-16.zip,202602101146,天塩郡遠別町字大成,137-1,,
01486-4503-16.zip,202602101146,天塩郡遠別町字大成,137-2,,
01486-4503-16.zip,202602101146,天塩郡遠別町字大成,134,,
01486-4503-16.zip,202602101146,天塩郡遠別町字大成,136-1,,
01486-4503-16.zip,202602101146,天塩郡遠別町字大成,142-1,,
01486-4503-16.zip,202602101146,天塩郡遠別町字大成,367,,
01486-4503-16.zip,202602101146,天塩郡遠別町字大成,368,,
01486-4503-16.zip,202602101146,天塩郡遠別町字大成,154-4,,
01486-4503-16.zip,202602101146,天塩郡遠別町字大成,97-2,,
01486-4503-16.zip,202602101146,天塩郡遠別町字大成,水-18,,
01486-4503-16.zip,202602101146,天塩郡遠別町字大成,348,,
01486-4503-16.zip,202602101146,天塩郡遠別町字大成,101-1,,
01486-4503-16.zip,202602101146,天塩郡遠別町字大成,349,,
01486-4503-16.zip,202602101146,天塩郡遠別町字大成,102,,
01486-4503-16.zip,202602101146,天塩郡遠別町字大成,水-19,,
01486-4503-16.zip,202602101146,天塩郡遠別町字大成,350,,
01486-4503-16.zip,202602101146,天塩郡遠別町字大成,104-1,,
01486-4503-16.zip,202602101146,天塩郡遠別町字大成,水-20,,
01486-4503-16.zip,202602101146,天塩郡遠別町,地区外-245337,,
01486-4503-16.zip,202602101146,天塩郡遠別町字大成,103,,
01486-4503-16.zip,202602101146,天塩郡遠別町字大成,104-2,,
01486-4503-16.zip,202602101146,天塩郡遠別町字大成,351,,
01486-4503-16.zip,202602101146,天塩郡遠別町字大成,353,,
01486-4503-16.zip,202602101146,天塩郡遠別町字大成,352,,
01486-4503-16.zip,202602101146,天塩郡遠別町字大成,99-2,,
01486-4503-16.zip,202602101146,天塩郡遠別町字大成,99-3,,
01486-4503-16.zip,202602101146,天塩郡遠別町字大成,99-1,,
01486-4503-16.zip,202602101146,天塩郡遠別町字大成,355,,
01486-4503-16.zip,202602101146,天塩郡遠別町字大成,96,,
01486-4503-16.zip,202602101146,天塩郡遠別町字大成,水-21,,
01486-4503-16.zip,202602101146,天塩郡遠別町字大成,93,,
01486-4503-16.zip,202602101146,天塩郡遠別町字大成,94,,
01486-4503-16.zip,202602101146,天塩郡遠別町字大成,354,,
01486-4503-16.zip,202602101146,天塩郡遠別町字大成,97-1,,
01486-4503-16.zip,202602101146,天塩郡遠別町字大成,水-22,,
01486-4503-16.zip,202602101146,天塩郡遠別町字大成,456,,
01486-4503-16.zip,202602101146,天塩郡遠別町,地区外-245355,,
01486-4503-16.zip,202602101146,天塩郡遠別町字大成,356,,
01486-4503-16.zip,202602101146,天塩郡遠別町字大成,121,,
01486-4503-16.zip,202602101146,天塩郡遠別町字大成,111,,
01486-4503-16.zip,202602101146,天塩郡遠別町字大成,水-23,,
01486-4503-16.zip,202602101146,天塩郡遠別町字大成,112-1,,
01486-4503-16.zip,202602101146,天塩郡遠別町字大成,109-1,,
01486-4503-16.zip,202602101146,天塩郡遠別町,地区外-245362,,
01486-4503-16.zip,202602101146,天塩郡遠別町,地区外-245363,,
01486-4503-16.zip,202602101146,天塩郡遠別町字正修,49,,
01486-4503-16.zip,202602101146,天塩郡遠別町字正修,水-24,,
01486-4503-16.zip,202602101146,天塩郡遠別町字正修,48,,
01486-4503-16.zip,202602101146,天塩郡遠別町字正修,189,,
01486-4503-16.zip,202602101146,天塩郡遠別町字正修,38,,
01486-4503-16.zip,202602101146,天塩郡遠別町字正修,155,,
01486-4503-16.zip,202602101146,天塩郡遠別町字正修,37,,
01486-4503-16.zip,202602101146,天塩郡遠別町,地区外-245371,,
01486-4503-16.zip,202602101146,天塩郡遠別町,地区外-245372,,
01486-4503-16.zip,202602101146,天塩郡遠別町字正修,47,,
01486-4503-16.zip,202602101146,天塩郡遠別町字正修,196,,
01486-4503-16.zip,202602101146,天塩郡遠別町字正修,232,,
01486-4503-16.zip,202602101146,天塩郡遠別町字正修,195,,
01486-4503-16.zip,202602101146,天塩郡遠別町字正修,194,,
01486-4503-16.zip,202602101146,天塩郡遠別町字正修,50,,
01486-4503-16.zip,202602101146,天塩郡遠別町字正修,197,,
01486-4503-16.zip,202602101146,天塩郡遠別町字正修,198,,
01486-4503-16.zip,202602101146,天塩郡遠別町字正修,52,,
01486-4503-16.zip,202602101146,天塩郡遠別町,地区外-245382,,
01486-4503-16.zip,202602101146,天塩郡遠別町,地区外-245383,,
01486-4503-16.zip,202602101146,天塩郡遠別町字正修,水-25,,
01486-4503-16.zip,202602101146,天塩郡遠別町字正修,172,,
01486-4503-16.zip,202602101146,天塩郡遠別町字正修,41,,
01486-4503-16.zip,202602101146,天塩郡遠別町字正修,173,,
01486-4503-16.zip,202602101146,天塩郡遠別町字正修,42-3,,
01486-4503-16.zip,202602101146,天塩郡遠別町字正修,42-1,,
01486-4503-16.zip,202602101146,天塩郡遠別町字正修,42-2,,
01486-4503-16.zip,202602101146,天塩郡遠別町字正修,174,,
01486-4503-16.zip,202602101146,天塩郡遠別町字正修,167,,
01486-4503-16.zip,202602101146,天塩郡遠別町字正修,40,,
01486-4503-16.zip,202602101146,天塩郡遠別町字正修,166,,
01486-4503-16.zip,202602101146,天塩郡遠別町字正修,165,,
01486-4503-16.zip,202602101146,天塩郡遠別町字正修,44-1,,
01486-4503-16.zip,202602101146,天塩郡遠別町字正修,43-2,,
01486-4503-16.zip,202602101146,天塩郡遠別町字正修,43-3,,
01486-4503-16.zip,202602101146,天塩郡遠別町字正修,168,,
01486-4503-16.zip,202602101146,天塩郡遠別町字正修,57-2,,
01486-4503-16.zip,202602101146,天塩郡遠別町字正修,57-4,,
01486-4503-16.zip,202602101146,天塩郡遠別町字正修,178,,
01486-4503-16.zip,202602101146,天塩郡遠別町字正修,56-2,,
01486-4503-16.zip,202602101146,天塩郡遠別町字正修,56-1,,
01486-4503-16.zip,202602101146,天塩郡遠別町字正修,179,,
01486-4503-16.zip,202602101146,天塩郡遠別町字正修,188,,
01486-4503-16.zip,202602101146,天塩郡遠別町字正修,187,,
01486-4503-16.zip,202602101146,天塩郡遠別町字正修,190,,
01486-4503-16.zip,202602101146,天塩郡遠別町字正修,水-26,,
01486-4503-16.zip,202602101146,天塩郡遠別町,地区外-245416,,
01486-4503-16.zip,202602101146,天塩郡遠別町字正修,20,,
01486-4503-16.zip,202602101146,天塩郡遠別町字正修,150,,
01486-4503-16.zip,202602101146,天塩郡遠別町字正修,29,,
01486-4503-16.zip,202602101146,天塩郡遠別町字正修,151,,
01486-4503-16.zip,202602101146,天塩郡遠別町字正修,31,,
01486-4503-16.zip,202602101146,天塩郡遠別町字正修,32,,
01486-4503-16.zip,202602101146,天塩郡遠別町字正修,152,,
01486-4503-16.zip,202602101146,天塩郡遠別町字正修,33,,
01486-4503-16.zip,202602101146,天塩郡遠別町字正修,34,,
01486-4503-16.zip,202602101146,天塩郡遠別町字正修,154,,
01486-4503-16.zip,202602101146,天塩郡遠別町字正修,153,,
01486-4503-16.zip,202602101146,天塩郡遠別町,地区外-245428,,
01486-4503-16.zip,202602101146,天塩郡遠別町字正修,36,,
01486-4503-16.zip,202602101146,天塩郡遠別町字正修,125,,
01486-4503-16.zip,202602101146,天塩郡遠別町,地区外-245431,,
01486-4503-16.zip,202602101146,天塩郡遠別町字正修,126,,
01486-4503-16.zip,202602101146,天塩郡遠別町字正修,237,,
01486-4503-16.zip,202602101146,天塩郡遠別町,地区外-245434,,
01486-4503-16.zip,202602101146,天塩郡遠別町字正修,17-2,,
01486-4503-16.zip,202602101146,天塩郡遠別町字正修,18-1,,
01486-4503-16.zip,202602101146,天塩郡遠別町字正修,17-3,,
01486-4503-16.zip,202602101146,天塩郡遠別町字正修,水-27,,
01486-4503-16.zip,202602101146,天塩郡遠別町字正修,19,,
01486-4503-16.zip,202602101146,天塩郡遠別町字正修,14-3,,
01486-4503-16.zip,202602101146,天塩郡遠別町字正修,水-28,,
01486-4503-16.zip,202602101146,天塩郡遠別町字正修,14-4,,
01486-4503-16.zip,202602101146,天塩郡遠別町字正修,13,,
01486-4503-16.zip,202602101146,天塩郡遠別町字正修,12,,
01486-4503-16.zip,202602101146,天塩郡遠別町字正修,11-2,,
01486-4503-16.zip,202602101146,天塩郡遠別町字正修,11-1,,
01486-4503-16.zip,202602101146,天塩郡遠別町字正修,11-3,,
01486-4503-16.zip,202602101146,天塩郡遠別町字正修,160,,
01486-4503-16.zip,202602101146,天塩郡遠別町字正修,15,,
01486-4503-16.zip,202602101146,天塩郡遠別町字正修,161,,
01486-4503-16.zip,202602101146,天塩郡遠別町字正修,14-5,,
01486-4503-16.zip,202602101146,天塩郡遠別町字正修,162,,
01486-4503-16.zip,202602101146,天塩郡遠別町字正修,14-7,,
01486-4503-16.zip,202602101146,天塩郡遠別町字正修,16,,
01486-4503-16.zip,202602101146,天塩郡遠別町字正修,163,,
01486-4503-16.zip,202602101146,天塩郡遠別町字正修,17-1,,
01486-4503-16.zip,202602101146,天塩郡遠別町字正修,14-2,,
01486-4503-16.zip,202602101146,天塩郡遠別町字正修,17-4,,
01486-4503-16.zip,202602101146,天塩郡遠別町字正修,164,,
01486-4503-16.zip,202602101146,天塩郡遠別町,地区外-245460,,
01486-4503-16.zip,202602101146,天塩郡遠別町字大成,277-5,,
01486-4503-16.zip,202602101146,天塩郡遠別町字大成,277-8,,
01486-4503-16.zip,202602101146,天塩郡遠別町字大成,277-11,,
01486-4503-16.zip,202602101146,天塩郡遠別町字大成,水-29,,
01486-4503-16.zip,202602101146,天塩郡遠別町字大成,277-36,,
01486-4503-16.zip,202602101146,天塩郡遠別町字大成,277-39,,
01486-4503-16.zip,202602101146,天塩郡遠別町字大成,277-13,,
01486-4503-16.zip,202602101146,天塩郡遠別町字大成,277-38,,
01486-4503-16.zip,202602101146,天塩郡遠別町字大成,277-16,,
01486-4503-16.zip,202602101146,天塩郡遠別町字大成,277-42,,
01486-4503-16.zip,202602101146,天塩郡遠別町字大成,277-41,,
01486-4503-16.zip,202602101146,天塩郡遠別町字大成,445,,
01486-4503-16.zip,202602101146,天塩郡遠別町字大成,277-15,,
01486-4503-16.zip,202602101146,天塩郡遠別町字大成,277-40,,
01486-4503-16.zip,202602101146,天塩郡遠別町字大成,277-9,,
01486-4503-16.zip,202602101146,天塩郡遠別町字大成,447,,
01486-4503-16.zip,202602101146,天塩郡遠別町字大成,444,,
01486-4503-16.zip,202602101146,天塩郡遠別町字大成,446,,
01486-4503-16.zip,202602101146,天塩郡遠別町字大成,277-7,,
01486-4503-16.zip,202602101146,天塩郡遠別町字大成,448,,
01486-4503-16.zip,202602101146,天塩郡遠別町字大成,449,,
01486-4503-16.zip,202602101146,天塩郡遠別町字大成,450,,
01486-4503-16.zip,202602101146,天塩郡遠別町字大成,277-14,,
01486-4503-16.zip,202602101146,天塩郡遠別町字大成,277-10,,
01486-4503-16.zip,202602101146,天塩郡遠別町字大成,277-37,,
01486-4503-16.zip,202602101146,天塩郡遠別町字大成,277-12,,
01486-4503-16.zip,202602101146,天塩郡遠別町字大成,277-1,,
01486-4503-16.zip,202602101146,天塩郡遠別町,地区外-245488,,
01486-4503-16.zip,202602101146,天塩郡遠別町字大成,277-20,,
01486-4503-16.zip,202602101146,天塩郡遠別町字大成,277-21,,
01486-4503-16.zip,202602101146,天塩郡遠別町字大成,277-25,,
01486-4503-16.zip,202602101146,天塩郡遠別町字大成,442,,
01486-4503-16.zip,202602101146,天塩郡遠別町字大成,277-24,,
01486-4503-16.zip,202602101146,天塩郡遠別町字大成,277-19,,
01486-4503-16.zip,202602101146,天塩郡遠別町字大成,277-18,,
01486-4503-16.zip,202602101146,天塩郡遠別町字大成,277-44,,
01486-4503-16.zip,202602101146,天塩郡遠別町字大成,443,,
01486-4503-16.zip,202602101146,天塩郡遠別町字大成,277-17,,
01486-4503-16.zip,202602101146,天塩郡遠別町字大成,277-43,,
01486-4503-16.zip,202602101146,天塩郡遠別町字大成,277-34,,
01486-4503-16.zip,202602101146,天塩郡遠別町字大成,277-32,,
01486-4503-16.zip,202602101146,天塩郡遠別町字大成,277-31,,
01486-4503-16.zip,202602101146,天塩郡遠別町字大成,277-33,,
01486-4503-16.zip,202602101146,天塩郡遠別町字大成,277-6,,
01486-4503-16.zip,202602101146,天塩郡遠別町字大成,277-35,,
01486-4503-16.zip,202602101146,天塩郡遠別町字大成,277-29,,
01486-4503-16.zip,202602101146,天塩郡遠別町字大成,277-23,,
01486-4503-16.zip,202602101146,天塩郡遠別町字大成,441,,
01486-4503-16.zip,202602101146,天塩郡遠別町字大成,277-3,,
01486-4503-16.zip,202602101146,天塩郡遠別町字大成,277-27,,
01486-4503-16.zip,202602101146,天塩郡遠別町字大成,277-30,,
01486-4503-16.zip,202602101146,天塩郡遠別町字大成,277-28,,
01486-4503-16.zip,202602101146,天塩郡遠別町,地区外-245513,,
01486-4503-16.zip,202602101146,天塩郡遠別町,地区外-245514,,
01486-4503-16.zip,202602101146,天塩郡遠別町字大成,336,,
01486-4503-16.zip,202602101146,天塩郡遠別町字大成,61-1,,
01486-4503-16.zip,202602101146,天塩郡遠別町字大成,62-3,,
01486-4503-16.zip,202602101146,天塩郡遠別町字大成,62-1,,
01486-4503-16.zip,202602101146,天塩郡遠別町字大成,62-2,,
01486-4503-16.zip,202602101146,天塩郡遠別町字大成,335,,
01486-4503-16.zip,202602101146,天塩郡遠別町字大成,61-2,,
01486-4503-16.zip,202602101146,天塩郡遠別町字大成,92,,
01486-4503-16.zip,202602101146,天塩郡遠別町字大成,344,,
01486-4503-16.zip,202602101146,天塩郡遠別町字大成,90,,
01486-4503-16.zip,202602101146,天塩郡遠別町字大成,347,,
01486-4503-16.zip,202602101146,天塩郡遠別町字大成,88,,
01486-4503-16.zip,202602101146,天塩郡遠別町字大成,75,,
01486-4503-16.zip,202602101146,天塩郡遠別町字大成,水-30,,
01486-4503-16.zip,202602101146,天塩郡遠別町字大成,74,,
01486-4503-16.zip,202602101146,天塩郡遠別町字大成,73-1,,
01486-4503-16.zip,202602101146,天塩郡遠別町字大成,340,,
01486-4503-16.zip,202602101146,天塩郡遠別町字大成,341,,
01486-4503-16.zip,202602101146,天塩郡遠別町字大成,342,,
01486-4503-16.zip,202602101146,天塩郡遠別町字大成,76,,
01486-4503-16.zip,202602101146,天塩郡遠別町字大成,284,,
01486-4503-16.zip,202602101146,天塩郡遠別町字大成,288,,
01486-4503-16.zip,202602101146,天塩郡遠別町字大成,283,,
01486-4503-16.zip,202602101146,天塩郡遠別町字大成,282,,
01486-4503-16.zip,202602101146,天塩郡遠別町字大成,287,,
01486-4503-16.zip,202602101146,天塩郡遠別町字大成,285,,
01486-4503-16.zip,202602101146,天塩郡遠別町字大成,77,,
01486-4503-16.zip,202602101146,天塩郡遠別町字大成,286,,
01486-4503-16.zip,202602101146,天塩郡遠別町字大成,454,,
01486-4503-16.zip,202602101146,天塩郡遠別町,地区外-245544,,
01486-4503-16.zip,202602101146,天塩郡遠別町字大成,343,,
01486-4503-16.zip,202602101146,天塩郡遠別町字大成,346,,
01486-4503-16.zip,202602101146,天塩郡遠別町字大成,345,,
01486-4503-16.zip,202602101146,天塩郡遠別町字大成,91,,
01486-4503-16.zip,202602101146,天塩郡遠別町字大成,水-31,,
01486-4503-16.zip,202602101146,天塩郡遠別町字大成,73-2,,
01486-4503-16.zip,202602101146,天塩郡遠別町字大成,455,,
01486-4503-16.zip,202602101146,天塩郡遠別町字大成,337,,
01486-4503-16.zip,202602101146,天塩郡遠別町,地区外-245553,,
01486-4503-16.zip,202602101146,天塩郡遠別町字大成,66-2,,
01486-4503-16.zip,202602101146,天塩郡遠別町字大成,53-1,,
01486-4503-16.zip,202602101146,天塩郡遠別町字大成,317,,
01486-4503-16.zip,202602101146,天塩郡遠別町字大成,39,,
01486-4503-16.zip,202602101146,天塩郡遠別町字大成,40-2,,
01486-4503-16.zip,202602101146,天塩郡遠別町字大成,314,,
01486-4503-16.zip,202602101146,天塩郡遠別町字大成,49,,
01486-4503-16.zip,202602101146,天塩郡遠別町字大成,316,,
01486-4503-16.zip,202602101146,天塩郡遠別町字大成,50,,
01486-4503-16.zip,202602101146,天塩郡遠別町字大成,37,,
01486-4503-16.zip,202602101146,天塩郡遠別町字大成,38,,
01486-4503-16.zip,202602101146,天塩郡遠別町字大成,338,,
01486-4503-16.zip,202602101146,天塩郡遠別町字大成,71,,
01486-4503-16.zip,202602101146,天塩郡遠別町字大成,70,,
01486-4503-16.zip,202602101146,天塩郡遠別町字大成,68,,
01486-4503-16.zip,202602101146,天塩郡遠別町字大成,67,,
01486-4503-16.zip,202602101146,天塩郡遠別町字大成,水-32,,
01486-4503-16.zip,202602101146,天塩郡遠別町字大成,水-33,,
01486-4503-16.zip,202602101146,天塩郡遠別町字大成,69,,
01486-4503-16.zip,202602101146,天塩郡遠別町,地区外-245573,,
01486-4503-16.zip,202602101146,天塩郡遠別町字大成,72,,
01486-4503-16.zip,202602101146,天塩郡遠別町字大成,339,,
01486-4503-16.zip,202602101146,天塩郡遠別町字大成,333,,
01486-4503-16.zip,202602101146,天塩郡遠別町字大成,63-1,,
01486-4503-16.zip,202602101146,天塩郡遠別町字大成,323,,
01486-4503-16.zip,202602101146,天塩郡遠別町字大成,328,,
01486-4503-16.zip,202602101146,天塩郡遠別町字大成,66-1,,
01486-4503-16.zip,202602101146,天塩郡遠別町字大成,66-3,,
01486-4503-16.zip,202602101146,天塩郡遠別町字大成,66-4,,
01486-4503-16.zip,202602101146,天塩郡遠別町字大成,66-6,,
01486-4503-16.zip,202602101146,天塩郡遠別町字大成,325,,
01486-4503-16.zip,202602101146,天塩郡遠別町字大成,65-3,,
01486-4503-16.zip,202602101146,天塩郡遠別町字大成,318,,
01486-4503-16.zip,202602101146,天塩郡遠別町字大成,54-1,,
01486-4503-16.zip,202602101146,天塩郡遠別町字大成,水-34,,
01486-4503-16.zip,202602101146,天塩郡遠別町字大成,53-2,,
01486-4503-16.zip,202602101146,天塩郡遠別町字大成,水-35,,
01486-4503-16.zip,202602101146,天塩郡遠別町,地区外-245591,,
01486-4503-16.zip,202602101146,天塩郡遠別町字大成,57,,
01486-4503-16.zip,202602101146,天塩郡遠別町字大成,277-22,,
01486-4503-16.zip,202602101146,天塩郡遠別町字大成,277-4,,
01486-4503-16.zip,202602101146,天塩郡遠別町字大成,440,,
01486-4503-16.zip,202602101146,天塩郡遠別町字大成,277-26,,
01486-4503-16.zip,202602101146,天塩郡遠別町字大成,58-1,,
01486-4503-16.zip,202602101146,天塩郡遠別町字大成,53-3,,
01486-4503-16.zip,202602101146,天塩郡遠別町字大成,59-1,,
01486-4503-16.zip,202602101146,天塩郡遠別町,地区外-245600,,
01486-4503-16.zip,202602101146,天塩郡遠別町字大成,334,,
01486-4503-16.zip,202602101146,天塩郡遠別町字大成,332,,
01486-4503-16.zip,202602101146,天塩郡遠別町字大成,331,,
01486-4503-16.zip,202602101146,天塩郡遠別町字大成,63-2,,
01486-4503-16.zip,202602101146,天塩郡遠別町字大成,63-4,,
01486-4503-16.zip,202602101146,天塩郡遠別町字大成,329,,
01486-4503-16.zip,202602101146,天塩郡遠別町字大成,330,,
01486-4503-16.zip,202602101146,天塩郡遠別町字大成,63-3,,
01486-4503-16.zip,202602101146,天塩郡遠別町字大成,321,,
01486-4503-16.zip,202602101146,天塩郡遠別町字大成,322,,
01486-4503-16.zip,202602101146,天塩郡遠別町字大成,64,,
01486-4503-16.zip,202602101146,天塩郡遠別町字大成,58-2,,
01486-4503-16.zip,202602101146,天塩郡遠別町字大成,58-3,,
01486-4503-16.zip,202602101146,天塩郡遠別町字大成,320,,
01486-4503-16.zip,202602101146,天塩郡遠別町字大成,327,,
01486-4503-16.zip,202602101146,天塩郡遠別町字大成,326,,
01486-4503-16.zip,202602101146,天塩郡遠別町字大成,65-2,,
01486-4503-16.zip,202602101146,天塩郡遠別町字大成,59-2,,
01486-4503-16.zip,202602101146,天塩郡遠別町字大成,319,,
01486-4503-16.zip,202602101146,天塩郡遠別町字大成,55-1,,
01486-4503-16.zip,202602101146,天塩郡遠別町字大成,65-1,,
01486-4503-16.zip,202602101146,天塩郡遠別町字大成,55-2,,
01486-4503-16.zip,202602101146,天塩郡遠別町字大成,54-2,,
01486-4503-16.zip,202602101146,天塩郡遠別町字大成,55-3,,
01486-4503-16.zip,202602101146,天塩郡遠別町字大成,277-2,,
01486-4503-16.zip,202602101146,天塩郡遠別町字大成,324,,
01486-4503-16.zip,202602101146,天塩郡遠別町字大成,66-14,,
01486-4503-16.zip,202602101146,天塩郡遠別町,地区外-245628,,
01486-4503-16.zip,202602101146,天塩郡遠別町字正修,230,,
01486-4503-16.zip,202602101146,天塩郡遠別町字正修,120-1,,
01486-4503-16.zip,202602101146,天塩郡遠別町字正修,231,,
01486-4503-16.zip,202602101146,天塩郡遠別町字正修,水-36,,
01486-4503-16.zip,202602101146,天塩郡遠別町字正修,120-2,,
01486-4503-16.zip,202602101146,天塩郡遠別町字正修,120-3,,
01486-4503-16.zip,202602101146,天塩郡遠別町字正修,120-4,,
01486-4503-16.zip,202602101146,天塩郡遠別町,地区外-245637,,
01486-4503-16.zip,202602101146,天塩郡遠別町字正修,119-1,,
01486-4503-16.zip,202602101146,天塩郡遠別町字正修,227,,
01486-4503-16.zip,202602101146,天塩郡遠別町,地区外-245640,,
01486-4503-16.zip,202602101146,天塩郡遠別町字正修,119-5,,
01486-4503-16.zip,202602101146,天塩郡遠別町字正修,119-2,,
01486-4503-16.zip,202602101146,天塩郡遠別町字正修,119-9,,
01486-4503-16.zip,202602101146,天塩郡遠別町字正修,119-4,,
01486-4503-16.zip,202602101146,天塩郡遠別町字正修,119-6,,
01486-4503-16.zip,202602101146,天塩郡遠別町字正修,119-3,,
01486-4503-16.zip,202602101146,天塩郡遠別町字正修,229,,
01486-4503-16.zip,202602101146,天塩郡遠別町字正修,118,,
01486-4503-16.zip,202602101146,天塩郡遠別町字正修,116,,
01486-4503-16.zip,202602101146,天塩郡遠別町字正修,228,,
01486-4503-16.zip,202602101146,天塩郡遠別町字正修,119-7,,
01486-4503-16.zip,202602101146,天塩郡遠別町字正修,119-8,,
01486-4503-16.zip,202602101146,天塩郡遠別町字正修,113-4,,
01486-4503-16.zip,202602101146,天塩郡遠別町字正修,113-5,,
01486-4503-16.zip,202602101146,天塩郡遠別町字正修,113-6,,
01486-4503-16.zip,202602101146,天塩郡遠別町字正修,112-4,,
01486-4503-16.zip,202602101146,天塩郡遠別町字正修,113-7,,
01486-4503-16.zip,202602101146,天塩郡遠別町字正修,119-10,,
01486-4503-16.zip,202602101146,天塩郡遠別町字正修,28,,
01486-4503-16.zip,202602101146,天塩郡遠別町,地区外-245660,,
01486-4503-16.zip,202602101146,天塩郡遠別町字正修,水-37,,
01486-4503-16.zip,202602101146,天塩郡遠別町字正修,27,,
01486-4503-16.zip,202602101146,天塩郡遠別町字正修,144,,
01486-4503-16.zip,202602101146,天塩郡遠別町字正修,145,,
01486-4503-16.zip,202602101146,天塩郡遠別町字正修,5,,
01486-4503-16.zip,202602101146,天塩郡遠別町字正修,4,,
01486-4503-16.zip,202602101146,天塩郡遠別町字正修,1,,
01486-4503-16.zip,202602101146,天塩郡遠別町,地区外-245669,,
01486-4503-16.zip,202602101146,天塩郡遠別町字大成,439,,
01486-4503-16.zip,202602101146,天塩郡遠別町字大成,263-1,,
01486-4503-16.zip,202602101146,天塩郡遠別町字大成,265-1,,
01486-4503-16.zip,202602101146,天塩郡遠別町字大成,262,,
01486-4503-16.zip,202602101146,天塩郡遠別町字正修,9,,
01486-4503-16.zip,202602101146,天塩郡遠別町,地区外-245675,,
01486-4503-16.zip,202602101146,天塩郡遠別町字大成,274-3,,
01486-4503-16.zip,202602101146,天塩郡遠別町字大成,274-1,,
01486-4503-16.zip,202602101146,天塩郡遠別町字大成,水-38,,
01486-4503-16.zip,202602101146,天塩郡遠別町字大成,271-3,,
01486-4503-16.zip,202602101146,天塩郡遠別町字大成,271-2,,
01486-4503-16.zip,202602101146,天塩郡遠別町字大成,272-1,,
01486-4503-16.zip,202602101146,天塩郡遠別町字大成,271-1,,
01486-4503-16.zip,202602101146,天塩郡遠別町字大成,271-4,,
01486-4503-16.zip,202602101146,天塩郡遠別町字大成,273-1,,
01486-4503-16.zip,202602101146,天塩郡遠別町字大成,273-2,,
01486-4503-16.zip,202602101146,天塩郡遠別町字大成,274-2,,
01486-4503-16.zip,202602101146,天塩郡遠別町字正修,157,,
01486-4503-16.zip,202602101146,天塩郡遠別町字正修,156,,
01486-4503-16.zip,202602101146,天塩郡遠別町字正修,158,,
01486-4503-16.zip,202602101146,天塩郡遠別町字正修,10-2,,
01486-4503-16.zip,202602101146,天塩郡遠別町字正修,10-1,,
01486-4503-16.zip,202602101146,天塩郡遠別町字正修,159,,
01486-4503-16.zip,202602101146,天塩郡遠別町字正修,水-39,,
01486-4503-16.zip,202602101146,天塩郡遠別町字正修,10-3,,
01486-4503-16.zip,202602101146,天塩郡遠別町字正修,10-4,,
01486-4503-16.zip,202602101146,天塩郡遠別町字正修,8,,
01486-4503-16.zip,202602101146,天塩郡遠別町字正修,141,,
01486-4503-16.zip,202602101146,天塩郡遠別町字正修,3,,
01486-4503-16.zip,202602101146,天塩郡遠別町字正修,142,,
01486-4503-16.zip,202602101146,天塩郡遠別町字正修,6,,
01486-4503-16.zip,202602101146,天塩郡遠別町字正修,147,,
01486-4503-16.zip,202602101146,天塩郡遠別町字正修,149,,
01486-4503-16.zip,202602101146,天塩郡遠別町字正修,148,,
01486-4503-16.zip,202602101146,天塩郡遠別町字正修,24,,
01486-4503-16.zip,202602101146,天塩郡遠別町字正修,146,,
01486-4503-16.zip,202602101146,天塩郡遠別町字正修,7,,
01486-4503-16.zip,202602101146,天塩郡遠別町字正修,143,,
01486-4503-16.zip,202602101146,天塩郡遠別町,地区外-245708,,
01486-4503-16.zip,202602101146,天塩郡遠別町字大成,430,,
01486-4503-16.zip,202602101146,天塩郡遠別町字大成,266,,
01486-4503-16.zip,202602101146,天塩郡遠別町字大成,水-40,,
01486-4503-16.zip,202602101146,天塩郡遠別町,地区外-245712,,
01486-4503-16.zip,202602101146,天塩郡遠別町字大成,270,,
01486-4503-16.zip,202602101146,天塩郡遠別町字大成,水-41,,
01486-4503-16.zip,202602101146,天塩郡遠別町字大成,435,,
01486-4503-16.zip,202602101146,天塩郡遠別町字大成,水-42,,
01486-4503-16.zip,202602101146,天塩郡遠別町字大成,436,,
01486-4503-16.zip,202602101146,天塩郡遠別町字大成,257,,
01486-4503-16.zip,202602101146,天塩郡遠別町字大成,429,,
01486-4503-16.zip,202602101146,天塩郡遠別町字大成,265-2,,
01486-4503-16.zip,202602101146,天塩郡遠別町字大成,263-2,,
01486-4503-16.zip,202602101146,天塩郡遠別町字大成,264-2,,
01486-4503-16.zip,202602101146,天塩郡遠別町字大成,434,,
01486-4503-16.zip,202602101146,天塩郡遠別町字大成,432,,
01486-4503-16.zip,202602101146,天塩郡遠別町字大成,261-1,,
01486-4503-16.zip,202602101146,天塩郡遠別町字大成,433,,
01486-4503-16.zip,202602101146,天塩郡遠別町字大成,261-2,,
01486-4503-16.zip,202602101146,天塩郡遠別町字大成,水-43,,
01486-4503-16.zip,202602101146,天塩郡遠別町字大成,261-3,,
01486-4503-16.zip,202602101146,天塩郡遠別町字大成,水-44,,
01486-4503-16.zip,202602101146,天塩郡遠別町字大成,256-1,,
01486-4503-16.zip,202602101146,天塩郡遠別町字大成,255,,
01486-4503-16.zip,202602101146,天塩郡遠別町字大成,427,,
01486-4503-16.zip,202602101146,天塩郡遠別町字大成,260-1,,
01486-4503-16.zip,202602101146,天塩郡遠別町字大成,428,,
01486-4503-16.zip,202602101146,天塩郡遠別町字大成,431,,
01486-4503-16.zip,202602101146,天塩郡遠別町字大成,260-2,,
01486-4503-16.zip,202602101146,天塩郡遠別町字大成,258-1,,
01486-4503-16.zip,202602101146,天塩郡遠別町字大成,258-2,,
01486-4503-16.zip,202602101146,天塩郡遠別町字大成,256-2,,
01486-4503-16.zip,202602101146,天塩郡遠別町字大成,437,,
01486-4503-16.zip,202602101146,天塩郡遠別町字大成,無地番-1,,
01486-4503-16.zip,202602101146,天塩郡遠別町字大成,268-1,,
01486-4503-16.zip,202602101146,天塩郡遠別町字大成,267,,
01486-4503-16.zip,202602101146,天塩郡遠別町字大成,438,,
01486-4503-16.zip,202602101146,天塩郡遠別町字大成,水-45,,
01486-4503-16.zip,202602101146,天塩郡遠別町字大成,259,,
01486-4503-16.zip,202602101146,天塩郡遠別町字大成,水-46,,
01486-4503-16.zip,202602101146,天塩郡遠別町字大成,238,,
01486-4503-16.zip,202602101146,天塩郡遠別町字大成,415,,
01486-4503-16.zip,202602101146,天塩郡遠別町字大成,412,,
01486-4503-16.zip,202602101146,天塩郡遠別町字大成,30,,
01486-4503-16.zip,202602101146,天塩郡遠別町字大成,31,,
01486-4503-16.zip,202602101146,天塩郡遠別町字大成,32-2,,
01486-4503-16.zip,202602101146,天塩郡遠別町字大成,32-1,,
01486-4503-16.zip,202602101146,天塩郡遠別町字大成,310,,
01486-4503-16.zip,202602101146,天塩郡遠別町字大成,28,,
01486-4503-16.zip,202602101146,天塩郡遠別町字大成,水-47,,
01486-4503-16.zip,202602101146,天塩郡遠別町字大成,43,,
01486-4503-16.zip,202602101146,天塩郡遠別町字大成,35-2,,
01486-4503-16.zip,202602101146,天塩郡遠別町字大成,35-1,,
01486-4503-16.zip,202602101146,天塩郡遠別町字大成,451,,
01486-4503-16.zip,202602101146,天塩郡遠別町字大成,452,,
01486-4503-16.zip,202602101146,天塩郡遠別町字大成,45-2,,
01486-4503-16.zip,202602101146,天塩郡遠別町字大成,33,,
01486-4503-16.zip,202602101146,天塩郡遠別町字大成,315,,
01486-4503-16.zip,202602101146,天塩郡遠別町,地区外-245767,,
01486-4503-16.zip,202602101146,天塩郡遠別町,地区外-245768,,
01486-4503-16.zip,202602101146,天塩郡遠別町字大成,453,,
01486-4503-16.zip,202602101146,天塩郡遠別町字大成,312,,
01486-4503-16.zip,202602101146,天塩郡遠別町字大成,311,,
01486-4503-16.zip,202602101146,天塩郡遠別町字大成,25-1,,
01486-4503-16.zip,202602101146,天塩郡遠別町字大成,25-2,,
01486-4503-16.zip,202602101146,天塩郡遠別町字大成,水-48,,
01486-4503-16.zip,202602101146,天塩郡遠別町字大成,23-2,,
01486-4503-16.zip,202602101146,天塩郡遠別町字大成,307,,
01486-4503-16.zip,202602101146,天塩郡遠別町字大成,24-2,,
01486-4503-16.zip,202602101146,天塩郡遠別町字大成,24-1,,
01486-4503-16.zip,202602101146,天塩郡遠別町字大成,23-1,,
01486-4503-16.zip,202602101146,天塩郡遠別町字大成,27,,
01486-4503-16.zip,202602101146,天塩郡遠別町字大成,313,,
01486-4503-16.zip,202602101146,天塩郡遠別町字大成,18,,
01486-4503-16.zip,202602101146,天塩郡遠別町字大成,305,,
01486-4503-16.zip,202602101146,天塩郡遠別町字大成,11-3,,
01486-4503-16.zip,202602101146,天塩郡遠別町,地区外-245785,,
01486-4503-16.zip,202602101146,天塩郡遠別町字大成,29,,
01486-4503-16.zip,202602101146,天塩郡遠別町字大成,水-49,,
01486-4503-16.zip,202602101146,天塩郡遠別町字大成,7-2,,
01486-4503-16.zip,202602101146,天塩郡遠別町,地区外-245789,,
01486-4503-16.zip,202602101146,天塩郡遠別町字大成,13,,
01486-4503-16.zip,202602101146,天塩郡遠別町字大成,22-1,,
01486-4503-16.zip,202602101146,天塩郡遠別町字大成,308,,
01486-4503-16.zip,202602101146,天塩郡遠別町字大成,23-5,,
01486-4503-16.zip,202602101146,天塩郡遠別町字大成,23-3,,
01486-4503-16.zip,202602101146,天塩郡遠別町字大成,14-2,,
01486-4503-16.zip,202602101146,天塩郡遠別町字大成,14-4,,
01486-4503-16.zip,202602101146,天塩郡遠別町字大成,309,,
01486-4503-16.zip,202602101146,天塩郡遠別町字大成,21-3,,
01486-4503-16.zip,202602101146,天塩郡遠別町字大成,21-4,,
01486-4503-16.zip,202602101146,天塩郡遠別町字大成,17-2,,
01486-4503-16.zip,202602101146,天塩郡遠別町字大成,11-2,,
01486-4503-16.zip,202602101146,天塩郡遠別町字大成,306,,
01486-4503-16.zip,202602101146,天塩郡遠別町字大成,12,,
01486-4503-16.zip,202602101146,天塩郡遠別町字大成,11-1,,
01486-4503-16.zip,202602101146,天塩郡遠別町字大成,194,,
01486-4503-16.zip,202602101146,天塩郡遠別町字正修,26,,
01486-4503-16.zip,202602101146,天塩郡遠別町,地区外-245629,,
01486-4503-16.zip,202602101146,天塩郡遠別町字正修,水-8,,
01486-4503-16.zip,202602101146,天塩郡遠別町,地区外-245631,,
01486-4503-16.zip,202602101146,天塩郡遠別町,地区外-245630,,
01486-4503-16.zip,202602101146,天塩郡遠別町字正修,128,,
01486-4503-16.zip,202602101146,天塩郡遠別町字正修,131,,
01486-4503-16.zip,202602101146,天塩郡遠別町字正修,136,,
01486-4503-16.zip,202602101146,天塩郡遠別町字正修,137,,
01486-4503-16.zip,202602101146,天塩郡遠別町字正修,129,,
01486-4503-16.zip,202602101146,天塩郡遠別町字正修,130,,
01486-4503-16.zip,202602101146,天塩郡遠別町字正修,132,,
01486-4503-16.zip,202602101146,天塩郡遠別町字正修,238,,
01486-4503-16.zip,202602101146,天塩郡遠別町字正修,134,,
01486-4503-16.zip,202602101146,天塩郡遠別町字正修,135,,
01486-4503-16.zip,202602101146,天塩郡遠別町字正修,133,,
01486-4503-16.zip,202602101146,天塩郡遠別町字正修,239,,
01486-4503-16.zip,202602101146,天塩郡遠別町字正修,138,,
01486-4503-16.zip,202602101146,天塩郡遠別町字正修,234,,
01486-4503-16.zip,202602101146,天塩郡遠別町字正修,233,,
01486-4503-16.zip,202602101146,天塩郡遠別町字正修,235,,
01486-4503-16.zip,202602101146,天塩郡遠別町字正修,236,,
01486-4503-16.zip,202602101146,天塩郡遠別町字正修,139,,
01486-4503-16.zip,202602101146,天塩郡遠別町字正修,140,,
01486-4503-16.zip,202602101146,天塩郡遠別町字正修,240,,
01486-4503-16.zip,202602101146,天塩郡遠別町字正修,175-1,,
01486-4503-16.zip,202602101146,天塩郡遠別町字正修,176,,
01486-4503-16.zip,202602101146,天塩郡遠別町字正修,44-4,,
01486-4503-16.zip,202602101146,天塩郡遠別町字正修,44-3,,
01486-4503-16.zip,202602101146,天塩郡遠別町字正修,44-2,,
01486-4503-16.zip,202602101146,天塩郡遠別町字正修,43-1,,
01486-4503-16.zip,202602101146,天塩郡遠別町字正修,43-4,,
01486-4503-16.zip,202602101146,天塩郡遠別町字正修,177-2,,
01486-4503-16.zip,202602101146,天塩郡遠別町字正修,177-1,,
01486-4503-16.zip,202602101146,天塩郡遠別町字正修,175-2,,
01486-4503-17.zip,202602101146,天塩郡遠別町字旭,310-11,,
01486-4503-17.zip,202602101146,天塩郡遠別町字旭,水-1,,
01486-4503-17.zip,202602101146,天塩郡遠別町字旭,水-2,,
01486-4503-17.zip,202602101146,天塩郡遠別町字旭,水-3,,
01486-4503-17.zip,202602101146,天塩郡遠別町字旭,水-4,,
01486-4503-17.zip,202602101146,天塩郡遠別町字旭,道-1,,
01486-4503-17.zip,202602101146,天塩郡遠別町字旭,123-1,,
01486-4503-17.zip,202602101146,天塩郡遠別町,地区外-249501,,
01486-4503-17.zip,202602101146,天塩郡遠別町字旭,277,,
01486-4503-17.zip,202602101146,天塩郡遠別町字旭,356-1,,
01486-4503-17.zip,202602101146,天塩郡遠別町字旭,299,,
01486-4503-17.zip,202602101146,天塩郡遠別町字旭,273-2,,
01486-4503-17.zip,202602101146,天塩郡遠別町字旭,273-1,,
01486-4503-17.zip,202602101146,天塩郡遠別町,地区外-249507,,
01486-4503-17.zip,202602101146,天塩郡遠別町字旭,568,,
01486-4503-17.zip,202602101146,天塩郡遠別町字旭,561,,
01486-4503-17.zip,202602101146,天塩郡遠別町字旭,276,,
01486-4503-17.zip,202602101146,天塩郡遠別町字旭,560,,
01486-4503-17.zip,202602101146,天塩郡遠別町字旭,283-2,,
01486-4503-17.zip,202602101146,天塩郡遠別町字旭,286-1,,
01486-4503-17.zip,202602101146,天塩郡遠別町字旭,359-3,,
01486-4503-17.zip,202602101146,天塩郡遠別町字旭,252,,
01486-4503-17.zip,202602101146,天塩郡遠別町字旭,359-1,,
01486-4503-17.zip,202602101146,天塩郡遠別町字旭,283-1,,
01486-4503-17.zip,202602101146,天塩郡遠別町字旭,360-2,,
01486-4503-17.zip,202602101146,天塩郡遠別町字旭,280,,
01486-4503-17.zip,202602101146,天塩郡遠別町字旭,360-1,,
01486-4503-17.zip,202602101146,天塩郡遠別町字旭,551,,
01486-4503-17.zip,202602101146,天塩郡遠別町字旭,水-5,,
01486-4503-17.zip,202602101146,天塩郡遠別町字旭,550,,
01486-4503-17.zip,202602101146,天塩郡遠別町字旭,282-3,,
01486-4503-17.zip,202602101146,天塩郡遠別町字旭,279-1,,
01486-4503-17.zip,202602101146,天塩郡遠別町字旭,359-2,,
01486-4503-17.zip,202602101146,天塩郡遠別町字旭,282-2,,
01486-4503-17.zip,202602101146,天塩郡遠別町字旭,道-2,,
01486-4503-17.zip,202602101146,天塩郡遠別町字旭,558,,
01486-4503-17.zip,202602101146,天塩郡遠別町字旭,279-7,,
01486-4503-17.zip,202602101146,天塩郡遠別町字旭,278-2,,
01486-4503-17.zip,202602101146,天塩郡遠別町字旭,278-14,,
01486-4503-17.zip,202602101146,天塩郡遠別町字旭,553,,
01486-4503-17.zip,202602101146,天塩郡遠別町字旭,552,,
01486-4503-17.zip,202602101146,天塩郡遠別町字旭,278-1,,
01486-4503-17.zip,202602101146,天塩郡遠別町字旭,278-12,,
01486-4503-17.zip,202602101146,天塩郡遠別町字旭,278-13,,
01486-4503-17.zip,202602101146,天塩郡遠別町字旭,554,,
01486-4503-17.zip,202602101146,天塩郡遠別町字旭,282-1,,
01486-4503-17.zip,202602101146,天塩郡遠別町字旭,281-7,,
01486-4503-17.zip,202602101146,天塩郡遠別町字旭,555,,
01486-4503-17.zip,202602101146,天塩郡遠別町字旭,281-1,,
01486-4503-17.zip,202602101146,天塩郡遠別町字旭,278-11,,
01486-4503-17.zip,202602101146,天塩郡遠別町字旭,274,,
01486-4503-17.zip,202602101146,天塩郡遠別町字旭,278-10,,
01486-4503-17.zip,202602101146,天塩郡遠別町字旭,279-2,,
01486-4503-17.zip,202602101146,天塩郡遠別町字旭,291-1,,
01486-4503-17.zip,202602101146,天塩郡遠別町字旭,291-7,,
01486-4503-17.zip,202602101146,天塩郡遠別町字旭,290-1,,
01486-4503-17.zip,202602101146,天塩郡遠別町,地区外-249550,,
01486-4503-17.zip,202602101146,天塩郡遠別町字旭,573,,
01486-4503-17.zip,202602101146,天塩郡遠別町字旭,576,,
01486-4503-17.zip,202602101146,天塩郡遠別町字旭,574,,
01486-4503-17.zip,202602101146,天塩郡遠別町字旭,298-2,,
01486-4503-17.zip,202602101146,天塩郡遠別町字旭,578,,
01486-4503-17.zip,202602101146,天塩郡遠別町字旭,356-4,,
01486-4503-17.zip,202602101146,天塩郡遠別町字旭,356-2,,
01486-4503-17.zip,202602101146,天塩郡遠別町字旭,296,,
01486-4503-17.zip,202602101146,天塩郡遠別町字旭,581,,
01486-4503-17.zip,202602101146,天塩郡遠別町字旭,292,,
01486-4503-17.zip,202602101146,天塩郡遠別町字旭,294-17,,
01486-4503-17.zip,202602101146,天塩郡遠別町字旭,294-19,,
01486-4503-17.zip,202602101146,天塩郡遠別町字旭,294-21,,
01486-4503-17.zip,202602101146,天塩郡遠別町字旭,356-3,,
01486-4503-17.zip,202602101146,天塩郡遠別町字旭,294-9,,
01486-4503-17.zip,202602101146,天塩郡遠別町字旭,297-2,,
01486-4503-17.zip,202602101146,天塩郡遠別町字旭,297-1,,
01486-4503-17.zip,202602101146,天塩郡遠別町字旭,297-3,,
01486-4503-17.zip,202602101146,天塩郡遠別町字旭,298-3,,
01486-4503-17.zip,202602101146,天塩郡遠別町字旭,294-13,,
01486-4503-17.zip,202602101146,天塩郡遠別町字旭,294-5,,
01486-4503-17.zip,202602101146,天塩郡遠別町字旭,572,,
01486-4503-17.zip,202602101146,天塩郡遠別町字旭,道-3,,
01486-4503-17.zip,202602101146,天塩郡遠別町字旭,577,,
01486-4503-17.zip,202602101146,天塩郡遠別町字旭,575,,
01486-4503-17.zip,202602101146,天塩郡遠別町字旭,294-4,,
01486-4503-17.zip,202602101146,天塩郡遠別町字旭,294-11,,
01486-4503-17.zip,202602101146,天塩郡遠別町字旭,294-3,,
01486-4503-17.zip,202602101146,天塩郡遠別町字旭,569,,
01486-4503-17.zip,202602101146,天塩郡遠別町字旭,294-20,,
01486-4503-17.zip,202602101146,天塩郡遠別町字旭,293-7,,
01486-4503-17.zip,202602101146,天塩郡遠別町字旭,293-3,,
01486-4503-17.zip,202602101146,天塩郡遠別町字旭,293-12,,
01486-4503-17.zip,202602101146,天塩郡遠別町字旭,571,,
01486-4503-17.zip,202602101146,天塩郡遠別町字旭,294-2,,
01486-4503-17.zip,202602101146,天塩郡遠別町字旭,294-23,,
01486-4503-17.zip,202602101146,天塩郡遠別町字旭,579,,
01486-4503-17.zip,202602101146,天塩郡遠別町字旭,294-22,,
01486-4503-17.zip,202602101146,天塩郡遠別町字旭,294-7,,
01486-4503-17.zip,202602101146,天塩郡遠別町字旭,294-12,,
01486-4503-17.zip,202602101146,天塩郡遠別町字旭,294-6,,
01486-4503-17.zip,202602101146,天塩郡遠別町字旭,294-10,,
01486-4503-17.zip,202602101146,天塩郡遠別町字旭,294-1,,
01486-4503-17.zip,202602101146,天塩郡遠別町字旭,294-18,,
01486-4503-17.zip,202602101146,天塩郡遠別町字旭,566,,
01486-4503-17.zip,202602101146,天塩郡遠別町字旭,567,,
01486-4503-17.zip,202602101146,天塩郡遠別町字旭,289-3,,
01486-4503-17.zip,202602101146,天塩郡遠別町字旭,582,,
01486-4503-17.zip,202602101146,天塩郡遠別町字旭,580,,
01486-4503-17.zip,202602101146,天塩郡遠別町字旭,570,,
01486-4503-17.zip,202602101146,天塩郡遠別町字旭,291-6,,
01486-4503-17.zip,202602101146,天塩郡遠別町字旭,291-5,,
01486-4503-17.zip,202602101146,天塩郡遠別町字旭,290-3,,
01486-4503-17.zip,202602101146,天塩郡遠別町字旭,359-5,,
01486-4503-17.zip,202602101146,天塩郡遠別町字旭,287-10,,
01486-4503-17.zip,202602101146,天塩郡遠別町字旭,水-6,,
01486-4503-17.zip,202602101146,天塩郡遠別町字旭,284-10,,
01486-4503-17.zip,202602101146,天塩郡遠別町,地区外-249608,,
01486-4503-17.zip,202602101146,天塩郡遠別町字旭,564,,
01486-4503-17.zip,202602101146,天塩郡遠別町字旭,287-4,,
01486-4503-17.zip,202602101146,天塩郡遠別町字旭,284-9,,
01486-4503-17.zip,202602101146,天塩郡遠別町字旭,557,,
01486-4503-17.zip,202602101146,天塩郡遠別町字旭,556,,
01486-4503-17.zip,202602101146,天塩郡遠別町字旭,287-6,,
01486-4503-17.zip,202602101146,天塩郡遠別町字旭,287-7,,
01486-4503-17.zip,202602101146,天塩郡遠別町字旭,287-9,,
01486-4503-17.zip,202602101146,天塩郡遠別町字旭,559,,
01486-4503-17.zip,202602101146,天塩郡遠別町字旭,285-2,,
01486-4503-17.zip,202602101146,天塩郡遠別町字旭,285-1,,
01486-4503-17.zip,202602101146,天塩郡遠別町字旭,284-2,,
01486-4503-17.zip,202602101146,天塩郡遠別町字旭,284-11,,
01486-4503-17.zip,202602101146,天塩郡遠別町字旭,359-4,,
01486-4503-17.zip,202602101146,天塩郡遠別町字旭,288-1,,
01486-4503-17.zip,202602101146,天塩郡遠別町字旭,288-9,,
01486-4503-17.zip,202602101146,天塩郡遠別町字旭,288-2,,
01486-4503-17.zip,202602101146,天塩郡遠別町字旭,565,,
01486-4503-17.zip,202602101146,天塩郡遠別町字旭,359-6,,
01486-4503-17.zip,202602101146,天塩郡遠別町字旭,286-2,,
01486-4503-17.zip,202602101146,天塩郡遠別町字旭,287-11,,
01486-4503-17.zip,202602101146,天塩郡遠別町字旭,284-3,,
01486-4503-17.zip,202602101146,天塩郡遠別町字旭,284-12,,
01486-4503-17.zip,202602101146,天塩郡遠別町字旭,281-2,,
01486-4503-17.zip,202602101146,天塩郡遠別町字旭,562,,
01486-4503-17.zip,202602101146,天塩郡遠別町字旭,563,,
01486-4503-17.zip,202602101146,天塩郡遠別町字旭,284-1,,
01486-4503-17.zip,202602101146,天塩郡遠別町字旭,水-7,,
01486-4503-17.zip,202602101146,天塩郡遠別町字旭,175,,
01486-4503-17.zip,202602101146,天塩郡遠別町字旭,491,,
01486-4503-17.zip,202602101146,天塩郡遠別町字旭,540,,
01486-4503-17.zip,202602101146,天塩郡遠別町字旭,222,,
01486-4503-17.zip,202602101146,天塩郡遠別町字旭,225-1,,
01486-4503-17.zip,202602101146,天塩郡遠別町字旭,233-15,,
01486-4503-17.zip,202602101146,天塩郡遠別町字旭,278-9,,
01486-4503-17.zip,202602101146,天塩郡遠別町字旭,233-14,,
01486-4503-17.zip,202602101146,天塩郡遠別町字旭,233-13,,
01486-4503-17.zip,202602101146,天塩郡遠別町字旭,233-1,,
01486-4503-17.zip,202602101146,天塩郡遠別町字旭,226-2,,
01486-4503-17.zip,202602101146,天塩郡遠別町字旭,226-1,,
01486-4503-17.zip,202602101146,天塩郡遠別町字旭,226-7,,
01486-4503-17.zip,202602101146,天塩郡遠別町字旭,226-3,,
01486-4503-17.zip,202602101146,天塩郡遠別町字旭,226-8,,
01486-4503-17.zip,202602101146,天塩郡遠別町字旭,233-7,,
01486-4503-17.zip,202602101146,天塩郡遠別町字旭,233-3,,
01486-4503-17.zip,202602101146,天塩郡遠別町字旭,539,,
01486-4503-17.zip,202602101146,天塩郡遠別町字旭,219,,
01486-4503-17.zip,202602101146,天塩郡遠別町字旭,218,,
01486-4503-17.zip,202602101146,天塩郡遠別町字旭,220,,
01486-4503-17.zip,202602101146,天塩郡遠別町字旭,221,,
01486-4503-17.zip,202602101146,天塩郡遠別町字旭,536,,
01486-4503-17.zip,202602101146,天塩郡遠別町字旭,水-8,,
01486-4503-17.zip,202602101146,天塩郡遠別町字旭,537,,
01486-4503-17.zip,202602101146,天塩郡遠別町字旭,229-3,,
01486-4503-17.zip,202602101146,天塩郡遠別町字旭,228-1,,
01486-4503-17.zip,202602101146,天塩郡遠別町字旭,229-4,,
01486-4503-17.zip,202602101146,天塩郡遠別町字旭,229-1,,
01486-4503-17.zip,202602101146,天塩郡遠別町字旭,544,,
01486-4503-17.zip,202602101146,天塩郡遠別町字旭,543,,
01486-4503-17.zip,202602101146,天塩郡遠別町字旭,230-1,,
01486-4503-17.zip,202602101146,天塩郡遠別町字旭,545,,
01486-4503-17.zip,202602101146,天塩郡遠別町字旭,231-3,,
01486-4503-17.zip,202602101146,天塩郡遠別町字旭,233-2,,
01486-4503-17.zip,202602101146,天塩郡遠別町字旭,546,,
01486-4503-17.zip,202602101146,天塩郡遠別町字旭,232-2,,
01486-4503-17.zip,202602101146,天塩郡遠別町字旭,234-11,,
01486-4503-17.zip,202602101146,天塩郡遠別町字旭,549,,
01486-4503-17.zip,202602101146,天塩郡遠別町字旭,232-1,,
01486-4503-17.zip,202602101146,天塩郡遠別町字旭,547,,
01486-4503-17.zip,202602101146,天塩郡遠別町字旭,548,,
01486-4503-17.zip,202602101146,天塩郡遠別町字旭,233-16,,
01486-4503-17.zip,202602101146,天塩郡遠別町字旭,233-17,,
01486-4503-17.zip,202602101146,天塩郡遠別町字旭,231-1,,
01486-4503-17.zip,202602101146,天塩郡遠別町字旭,542,,
01486-4503-17.zip,202602101146,天塩郡遠別町字旭,229-2,,
01486-4503-17.zip,202602101146,天塩郡遠別町字旭,227-1,,
01486-4503-17.zip,202602101146,天塩郡遠別町字旭,541,,
01486-4503-17.zip,202602101146,天塩郡遠別町字旭,203-7,,
01486-4503-17.zip,202602101146,天塩郡遠別町字旭,202,,
01486-4503-17.zip,202602101146,天塩郡遠別町字旭,213-2,,
01486-4503-17.zip,202602101146,天塩郡遠別町字旭,213-9,,
01486-4503-17.zip,202602101146,天塩郡遠別町字旭,道-4,,
01486-4503-17.zip,202602101146,天塩郡遠別町字旭,217,,
01486-4503-17.zip,202602101146,天塩郡遠別町字旭,214,,
01486-4503-17.zip,202602101146,天塩郡遠別町字旭,538,,
01486-4503-17.zip,202602101146,天塩郡遠別町字旭,493,,
01486-4503-17.zip,202602101146,天塩郡遠別町字旭,494,,
01486-4503-17.zip,202602101146,天塩郡遠別町字旭,492,,
01486-4503-17.zip,202602101146,天塩郡遠別町字旭,水-9,,
01486-4503-17.zip,202602101146,天塩郡遠別町字旭,535,,
01486-4503-17.zip,202602101146,天塩郡遠別町字旭,道-5,,
01486-4503-17.zip,202602101146,天塩郡遠別町字旭,123-3,,
01486-4503-17.zip,202602101146,天塩郡遠別町字旭,124,,
01486-4503-17.zip,202602101146,天塩郡遠別町字旭,502,,
01486-4503-17.zip,202602101146,天塩郡遠別町字旭,118-1,,
01486-4503-17.zip,202602101146,天塩郡遠別町字旭,125,,
01486-4503-17.zip,202602101146,天塩郡遠別町字旭,486,,
01486-4503-17.zip,202602101146,天塩郡遠別町字旭,179,,
01486-4503-17.zip,202602101146,天塩郡遠別町字旭,176,,
01486-4503-17.zip,202602101146,天塩郡遠別町字旭,534,,
01486-4503-17.zip,202602101146,天塩郡遠別町字旭,183,,
01486-4503-17.zip,202602101146,天塩郡遠別町字旭,181,,
01486-4503-17.zip,202602101146,天塩郡遠別町字旭,182,,
01486-4503-17.zip,202602101146,天塩郡遠別町字旭,180,,
01486-4503-17.zip,202602101146,天塩郡遠別町字旭,水-10,,
01486-4503-17.zip,202602101146,天塩郡遠別町字旭,498,,
01486-4503-17.zip,202602101146,天塩郡遠別町字旭,115,,
01486-4503-17.zip,202602101146,天塩郡遠別町字旭,497,,
01486-4503-17.zip,202602101146,天塩郡遠別町字旭,499,,
01486-4503-17.zip,202602101146,天塩郡遠別町字旭,118-2,,
01486-4503-17.zip,202602101146,天塩郡遠別町字旭,117,,
01486-4503-17.zip,202602101146,天塩郡遠別町字旭,500,,
01486-4503-17.zip,202602101146,天塩郡遠別町字旭,101-14,,
01486-4503-17.zip,202602101146,天塩郡遠別町字旭,501,,
01486-4503-17.zip,202602101146,天塩郡遠別町字旭,526,,
01486-4503-17.zip,202602101146,天塩郡遠別町字旭,101-3,,
01486-4503-17.zip,202602101146,天塩郡遠別町字旭,104-2,,
01486-4503-17.zip,202602101146,天塩郡遠別町字旭,104-6,,
01486-4503-17.zip,202602101146,天塩郡遠別町字旭,111,,
01486-4503-17.zip,202602101146,天塩郡遠別町字旭,527,,
01486-4503-17.zip,202602101146,天塩郡遠別町字旭,529,,
01486-4503-17.zip,202602101146,天塩郡遠別町字旭,104-7,,
01486-4503-17.zip,202602101146,天塩郡遠別町字旭,104-8,,
01486-4503-17.zip,202602101146,天塩郡遠別町字旭,185-2,,
01486-4503-17.zip,202602101146,天塩郡遠別町字旭,496,,
01486-4503-17.zip,202602101146,天塩郡遠別町字旭,185-1,,
01486-4503-17.zip,202602101146,天塩郡遠別町字旭,589,,
01486-4503-17.zip,202602101146,天塩郡遠別町字旭,191-4,,
01486-4503-17.zip,202602101146,天塩郡遠別町字旭,108-2,,
01486-4503-17.zip,202602101146,天塩郡遠別町字旭,道-6,,
01486-4503-17.zip,202602101146,天塩郡遠別町字旭,104-3,,
01486-4503-17.zip,202602101146,天塩郡遠別町字旭,103-1,,
01486-4503-17.zip,202602101146,天塩郡遠別町字旭,530,,
01486-4503-17.zip,202602101146,天塩郡遠別町字旭,107-7,,
01486-4503-17.zip,202602101146,天塩郡遠別町字旭,192-2,,
01486-4503-17.zip,202602101146,天塩郡遠別町字旭,193-1,,
01486-4503-17.zip,202602101146,天塩郡遠別町字旭,192-13,,
01486-4503-17.zip,202602101146,天塩郡遠別町字旭,192-9,,
01486-4503-17.zip,202602101146,天塩郡遠別町字旭,192-10,,
01486-4503-17.zip,202602101146,天塩郡遠別町字旭,193-2,,
01486-4503-17.zip,202602101146,天塩郡遠別町字旭,193-8,,
01486-4503-17.zip,202602101146,天塩郡遠別町字旭,194-2,,
01486-4503-17.zip,202602101146,天塩郡遠別町字旭,200-2,,
01486-4503-17.zip,202602101146,天塩郡遠別町字旭,533,,
01486-4503-17.zip,202602101146,天塩郡遠別町字旭,528,,
01486-4503-17.zip,202602101146,天塩郡遠別町字旭,104-5,,
01486-4503-17.zip,202602101146,天塩郡遠別町字旭,201,,
01486-4503-17.zip,202602101146,天塩郡遠別町字旭,495,,
01486-4503-17.zip,202602101146,天塩郡遠別町字旭,162,,
01486-4503-17.zip,202602101146,天塩郡遠別町字旭,161,,
01486-4503-17.zip,202602101146,天塩郡遠別町字旭,476,,
01486-4503-17.zip,202602101146,天塩郡遠別町字旭,475,,
01486-4503-17.zip,202602101146,天塩郡遠別町字旭,160-1,,
01486-4503-17.zip,202602101146,天塩郡遠別町字旭,159,,
01486-4503-17.zip,202602101146,天塩郡遠別町字旭,477,,
01486-4503-17.zip,202602101146,天塩郡遠別町字旭,水-11,,
01486-4503-17.zip,202602101146,天塩郡遠別町字旭,490,,
01486-4503-17.zip,202602101146,天塩郡遠別町字旭,489,,
01486-4503-17.zip,202602101146,天塩郡遠別町字旭,171,,
01486-4503-17.zip,202602101146,天塩郡遠別町字旭,173,,
01486-4503-17.zip,202602101146,天塩郡遠別町,地区外-249769,,
01486-4503-17.zip,202602101146,天塩郡遠別町字旭,462,,
01486-4503-17.zip,202602101146,天塩郡遠別町字旭,131-15,,
01486-4503-17.zip,202602101146,天塩郡遠別町字旭,463,,
01486-4503-17.zip,202602101146,天塩郡遠別町字旭,131-13,,
01486-4503-17.zip,202602101146,天塩郡遠別町字旭,131-10,,
01486-4503-17.zip,202602101146,天塩郡遠別町字旭,131-8,,
01486-4503-17.zip,202602101146,天塩郡遠別町字旭,道-7,,
01486-4503-17.zip,202602101146,天塩郡遠別町字旭,455,,
01486-4503-17.zip,202602101146,天塩郡遠別町字旭,131-6,,
01486-4503-17.zip,202602101146,天塩郡遠別町字旭,131-7,,
01486-4503-17.zip,202602101146,天塩郡遠別町字旭,456,,
01486-4503-17.zip,202602101146,天塩郡遠別町字旭,122-3,,
01486-4503-17.zip,202602101146,天塩郡遠別町字旭,135-2,,
01486-4503-17.zip,202602101146,天塩郡遠別町字旭,454,,
01486-4503-17.zip,202602101146,天塩郡遠別町字旭,131-2,,
01486-4503-17.zip,202602101146,天塩郡遠別町字旭,131-1,,
01486-4503-17.zip,202602101146,天塩郡遠別町字旭,458,,
01486-4503-17.zip,202602101146,天塩郡遠別町字旭,459,,
01486-4503-17.zip,202602101146,天塩郡遠別町字旭,131-5,,
01486-4503-17.zip,202602101146,天塩郡遠別町字旭,133-1,,
01486-4503-17.zip,202602101146,天塩郡遠別町字旭,131-12,,
01486-4503-17.zip,202602101146,天塩郡遠別町字旭,453,,
01486-4503-17.zip,202602101146,天塩郡遠別町字旭,131-4,,
01486-4503-17.zip,202602101146,天塩郡遠別町字旭,130,,
01486-4503-17.zip,202602101146,天塩郡遠別町字旭,126-1,,
01486-4503-17.zip,202602101146,天塩郡遠別町字旭,485,,
01486-4503-17.zip,202602101146,天塩郡遠別町字旭,479,,
01486-4503-17.zip,202602101146,天塩郡遠別町字旭,145,,
01486-4503-17.zip,202602101146,天塩郡遠別町字旭,481,,
01486-4503-17.zip,202602101146,天塩郡遠別町字旭,164-1,,
01486-4503-17.zip,202602101146,天塩郡遠別町字旭,488,,
01486-4503-17.zip,202602101146,天塩郡遠別町字旭,水-12,,
01486-4503-17.zip,202602101146,天塩郡遠別町字旭,178,,
01486-4503-17.zip,202602101146,天塩郡遠別町字旭,163,,
01486-4503-17.zip,202602101146,天塩郡遠別町字旭,169,,
01486-4503-17.zip,202602101146,天塩郡遠別町字旭,170,,
01486-4503-17.zip,202602101146,天塩郡遠別町字旭,177,,
01486-4503-17.zip,202602101146,天塩郡遠別町字旭,141,,
01486-4503-17.zip,202602101146,天塩郡遠別町字旭,482,,
01486-4503-17.zip,202602101146,天塩郡遠別町字旭,483,,
01486-4503-17.zip,202602101146,天塩郡遠別町字旭,126-4,,
01486-4503-17.zip,202602101146,天塩郡遠別町字旭,484,,
01486-4503-17.zip,202602101146,天塩郡遠別町字旭,126-2,,
01486-4503-17.zip,202602101146,天塩郡遠別町字旭,139,,
01486-4503-17.zip,202602101146,天塩郡遠別町字旭,138,,
01486-4503-17.zip,202602101146,天塩郡遠別町字旭,147-1,,
01486-4503-17.zip,202602101146,天塩郡遠別町字旭,131-18,,
01486-4503-17.zip,202602101146,天塩郡遠別町字旭,131-17,,
01486-4503-17.zip,202602101146,天塩郡遠別町字旭,131-16,,
01486-4503-17.zip,202602101146,天塩郡遠別町字旭,126-5,,
01486-4503-17.zip,202602101146,天塩郡遠別町字旭,126-6,,
01486-4503-17.zip,202602101146,天塩郡遠別町字旭,164-2,,
01486-4503-17.zip,202602101146,天塩郡遠別町字旭,126-3,,
01486-4503-17.zip,202602101146,天塩郡遠別町字旭,146,,
01486-4503-17.zip,202602101146,天塩郡遠別町字旭,464,,
01486-4503-17.zip,202602101146,天塩郡遠別町字旭,465,,
01486-4503-17.zip,202602101146,天塩郡遠別町字旭,131-14,,
01486-4503-17.zip,202602101146,天塩郡遠別町字旭,131-11,,
01486-4503-17.zip,202602101146,天塩郡遠別町字旭,457,,
01486-4503-17.zip,202602101146,天塩郡遠別町字旭,131-3,,
01486-4503-17.zip,202602101146,天塩郡遠別町字旭,131-9,,
01486-4503-17.zip,202602101146,天塩郡遠別町字旭,164-3,,
01486-4503-17.zip,202602101146,天塩郡遠別町字旭,480,,
01486-4503-17.zip,202602101146,天塩郡遠別町字旭,487,,
01486-4503-17.zip,202602101146,天塩郡遠別町字旭,66-1,,
01486-4503-17.zip,202602101146,天塩郡遠別町字旭,道-8,,
01486-4503-17.zip,202602101146,天塩郡遠別町字旭,54-1,,
01486-4503-17.zip,202602101146,天塩郡遠別町字旭,53,,
01486-4503-17.zip,202602101146,天塩郡遠別町字旭,水-13,,
01486-4503-17.zip,202602101146,天塩郡遠別町字旭,55-1,,
01486-4503-17.zip,202602101146,天塩郡遠別町字旭,47-1,,
01486-4503-17.zip,202602101146,天塩郡遠別町,地区外-249841,,
01486-4503-17.zip,202602101146,天塩郡遠別町字旭,397,,
01486-4503-17.zip,202602101146,天塩郡遠別町字旭,62-6,,
01486-4503-17.zip,202602101146,天塩郡遠別町字旭,62-2,,
01486-4503-17.zip,202602101146,天塩郡遠別町字旭,59,,
01486-4503-17.zip,202602101146,天塩郡遠別町字旭,62-7,,
01486-4503-17.zip,202602101146,天塩郡遠別町字旭,434,,
01486-4503-17.zip,202602101146,天塩郡遠別町字旭,道-9,,
01486-4503-17.zip,202602101146,天塩郡遠別町字旭,61-4,,
01486-4503-17.zip,202602101146,天塩郡遠別町字旭,444,,
01486-4503-17.zip,202602101146,天塩郡遠別町字旭,445,,
01486-4503-17.zip,202602101146,天塩郡遠別町字旭,80-4,,
01486-4503-17.zip,202602101146,天塩郡遠別町字旭,80-1,,
01486-4503-17.zip,202602101146,天塩郡遠別町字旭,446,,
01486-4503-17.zip,202602101146,天塩郡遠別町字旭,79-1,,
01486-4503-17.zip,202602101146,天塩郡遠別町字旭,道-10,,
01486-4503-17.zip,202602101146,天塩郡遠別町字旭,449,,
01486-4503-17.zip,202602101146,天塩郡遠別町字旭,120-1,,
01486-4503-17.zip,202602101146,天塩郡遠別町字旭,435,,
01486-4503-17.zip,202602101146,天塩郡遠別町字旭,436,,
01486-4503-17.zip,202602101146,天塩郡遠別町字旭,61-3,,
01486-4503-17.zip,202602101146,天塩郡遠別町字旭,61-5,,
01486-4503-17.zip,202602101146,天塩郡遠別町字旭,437,,
01486-4503-17.zip,202602101146,天塩郡遠別町字旭,61-6,,
01486-4503-17.zip,202602101146,天塩郡遠別町字旭,438,,
01486-4503-17.zip,202602101146,天塩郡遠別町字旭,62-1,,
01486-4503-17.zip,202602101146,天塩郡遠別町字旭,63,,
01486-4503-17.zip,202602101146,天塩郡遠別町字旭,61-1,,
01486-4503-17.zip,202602101146,天塩郡遠別町字旭,65-1,,
01486-4503-17.zip,202602101146,天塩郡遠別町字旭,65-4,,
01486-4503-17.zip,202602101146,天塩郡遠別町字旭,64,,
01486-4503-17.zip,202602101146,天塩郡遠別町字旭,76,,
01486-4503-17.zip,202602101146,天塩郡遠別町字旭,水-14,,
01486-4503-17.zip,202602101146,天塩郡遠別町字旭,75-3,,
01486-4503-17.zip,202602101146,天塩郡遠別町字旭,75-1,,
01486-4503-17.zip,202602101146,天塩郡遠別町字旭,77-5,,
01486-4503-17.zip,202602101146,天塩郡遠別町字旭,447,,
01486-4503-17.zip,202602101146,天塩郡遠別町字旭,448,,
01486-4503-17.zip,202602101146,天塩郡遠別町字旭,77-1,,
01486-4503-17.zip,202602101146,天塩郡遠別町字旭,78-3,,
01486-4503-17.zip,202602101146,天塩郡遠別町字旭,78-1,,
01486-4503-17.zip,202602101146,天塩郡遠別町字旭,道-11,,
01486-4503-17.zip,202602101146,天塩郡遠別町字旭,450,,
01486-4503-17.zip,202602101146,天塩郡遠別町字旭,121,,
01486-4503-17.zip,202602101146,天塩郡遠別町字旭,123-2,,
01486-4503-17.zip,202602101146,天塩郡遠別町字旭,122-2,,
01486-4503-17.zip,202602101146,天塩郡遠別町字旭,443,,
01486-4503-17.zip,202602101146,天塩郡遠別町字旭,道-12,,
01486-4503-17.zip,202602101146,天塩郡遠別町字旭,60-3,,
01486-4503-17.zip,202602101146,天塩郡遠別町字旭,60-1,,
01486-4503-17.zip,202602101146,天塩郡遠別町字旭,40-4,,
01486-4503-17.zip,202602101146,天塩郡遠別町字旭,40-5,,
01486-4503-17.zip,202602101146,天塩郡遠別町字旭,396,,
01486-4503-17.zip,202602101146,天塩郡遠別町字旭,395,,
01486-4503-17.zip,202602101146,天塩郡遠別町字旭,40-6,,
01486-4503-17.zip,202602101146,天塩郡遠別町字旭,道-13,,
01486-4503-17.zip,202602101146,天塩郡遠別町字旭,57-1,,
01486-4503-17.zip,202602101146,天塩郡遠別町字旭,56-2,,
01486-4503-17.zip,202602101146,天塩郡遠別町字旭,56-1,,
01486-4503-17.zip,202602101146,天塩郡遠別町字旭,道-14,,
01486-4503-17.zip,202602101146,天塩郡遠別町字旭,46-1,,
01486-4503-17.zip,202602101146,天塩郡遠別町字旭,394,,
01486-4503-17.zip,202602101146,天塩郡遠別町字旭,39-8,,
01486-4503-17.zip,202602101146,天塩郡遠別町字旭,道-15,,
01486-4503-17.zip,202602101146,天塩郡遠別町字旭,39-7,,
01486-4503-17.zip,202602101146,天塩郡遠別町字旭,39-1,,
01486-4503-17.zip,202602101146,天塩郡遠別町字旭,39-5,,
01486-4503-17.zip,202602101146,天塩郡遠別町字旭,511,,
01486-4503-17.zip,202602101146,天塩郡遠別町字旭,83-5,,
01486-4503-17.zip,202602101146,天塩郡遠別町字旭,83-1,,
01486-4503-17.zip,202602101146,天塩郡遠別町字旭,86-4,,
01486-4503-17.zip,202602101146,天塩郡遠別町字旭,83-6,,
01486-4503-17.zip,202602101146,天塩郡遠別町字旭,83-4,,
01486-4503-17.zip,202602101146,天塩郡遠別町字旭,341,,
01486-4503-17.zip,202602101146,天塩郡遠別町字旭,431,,
01486-4503-17.zip,202602101146,天塩郡遠別町字旭,道-16,,
01486-4503-17.zip,202602101146,天塩郡遠別町字旭,40-3,,
01486-4503-17.zip,202602101146,天塩郡遠別町字旭,40-1,,
01486-4503-17.zip,202602101146,天塩郡遠別町字旭,340-2,,
01486-4503-17.zip,202602101146,天塩郡遠別町字旭,82-1,,
01486-4503-17.zip,202602101146,天塩郡遠別町字旭,82-9,,
01486-4503-17.zip,202602101146,天塩郡遠別町字旭,82-8,,
01486-4503-17.zip,202602101146,天塩郡遠別町字旭,92-5,,
01486-4503-17.zip,202602101146,天塩郡遠別町字旭,92-1,,
01486-4503-17.zip,202602101146,天塩郡遠別町字旭,506,,
01486-4503-17.zip,202602101146,天塩郡遠別町字旭,507,,
01486-4503-17.zip,202602101146,天塩郡遠別町字旭,95-1,,
01486-4503-17.zip,202602101146,天塩郡遠別町字旭,95-9,,
01486-4503-17.zip,202602101146,天塩郡遠別町字旭,509,,
01486-4503-17.zip,202602101146,天塩郡遠別町字旭,101-8,,
01486-4503-17.zip,202602101146,天塩郡遠別町字旭,101-6,,
01486-4503-17.zip,202602101146,天塩郡遠別町字旭,101-4,,
01486-4503-17.zip,202602101146,天塩郡遠別町字旭,344,,
01486-4503-17.zip,202602101146,天塩郡遠別町字旭,39-6,,
01486-4503-17.zip,202602101146,天塩郡遠別町字旭,83-8,,
01486-4503-17.zip,202602101146,天塩郡遠別町字旭,83-7,,
01486-4503-17.zip,202602101146,天塩郡遠別町字旭,81-1,,
01486-4503-17.zip,202602101146,天塩郡遠別町字旭,91-1,,
01486-4503-17.zip,202602101146,天塩郡遠別町字旭,89-1,,
01486-4503-17.zip,202602101146,天塩郡遠別町字旭,89-7,,
01486-4503-17.zip,202602101146,天塩郡遠別町字旭,89-2,,
01486-4503-17.zip,202602101146,天塩郡遠別町字旭,89-8,,
01486-4503-17.zip,202602101146,天塩郡遠別町字旭,89-9,,
01486-4503-17.zip,202602101146,天塩郡遠別町字旭,520,,
01486-4503-17.zip,202602101146,天塩郡遠別町字旭,道-17,,
01486-4503-17.zip,202602101146,天塩郡遠別町字旭,521,,
01486-4503-17.zip,202602101146,天塩郡遠別町字旭,101-1,,
01486-4503-17.zip,202602101146,天塩郡遠別町字旭,101-7,,
01486-4503-17.zip,202602101146,天塩郡遠別町字旭,101-16,,
01486-4503-17.zip,202602101146,天塩郡遠別町字旭,101-15,,
01486-4503-17.zip,202602101146,天塩郡遠別町字旭,432,,
01486-4503-17.zip,202602101146,天塩郡遠別町字旭,433,,
01486-4503-17.zip,202602101146,天塩郡遠別町字旭,340-1,,
01486-4503-17.zip,202602101146,天塩郡遠別町字旭,80-6,,
01486-4503-17.zip,202602101146,天塩郡遠別町字旭,93-1,,
01486-4503-17.zip,202602101146,天塩郡遠別町字旭,503,,
01486-4503-17.zip,202602101146,天塩郡遠別町字旭,93-2,,
01486-4503-17.zip,202602101146,天塩郡遠別町字旭,504,,
01486-4503-17.zip,202602101146,天塩郡遠別町字旭,505,,
01486-4503-17.zip,202602101146,天塩郡遠別町字旭,510,,
01486-4503-17.zip,202602101146,天塩郡遠別町字旭,508,,
01486-4503-17.zip,202602101146,天塩郡遠別町字旭,94-1,,
01486-4503-17.zip,202602101146,天塩郡遠別町字旭,94-3,,
01486-4503-17.zip,202602101146,天塩郡遠別町字旭,92-2,,
01486-4503-17.zip,202602101146,天塩郡遠別町字旭,92-7,,
01486-4503-17.zip,202602101146,天塩郡遠別町字旭,92-6,,
01486-4503-17.zip,202602101146,天塩郡遠別町字旭,80-5,,
01486-4503-17.zip,202602101146,天塩郡遠別町字旭,39-2,,
01486-4503-17.zip,202602101146,天塩郡遠別町字旭,86-5,,
01486-4503-17.zip,202602101146,天塩郡遠別町字旭,86-3,,
01486-4503-17.zip,202602101146,天塩郡遠別町字旭,86-6,,
01486-4503-17.zip,202602101146,天塩郡遠別町字旭,86-7,,
01486-4503-17.zip,202602101146,天塩郡遠別町字旭,86-8,,
01486-4503-17.zip,202602101146,天塩郡遠別町字旭,513,,
01486-4503-17.zip,202602101146,天塩郡遠別町字旭,514,,
01486-4503-17.zip,202602101146,天塩郡遠別町字旭,97-3,,
01486-4503-17.zip,202602101146,天塩郡遠別町字旭,97-1,,
01486-4503-17.zip,202602101146,天塩郡遠別町字旭,515,,
01486-4503-17.zip,202602101146,天塩郡遠別町字旭,96-2,,
01486-4503-17.zip,202602101146,天塩郡遠別町字旭,516,,
01486-4503-17.zip,202602101146,天塩郡遠別町字旭,96-1,,
01486-4503-17.zip,202602101146,天塩郡遠別町字旭,517,,
01486-4503-17.zip,202602101146,天塩郡遠別町字旭,518,,
01486-4503-17.zip,202602101146,天塩郡遠別町字旭,96-3,,
01486-4503-17.zip,202602101146,天塩郡遠別町字旭,519,,
01486-4503-17.zip,202602101146,天塩郡遠別町字旭,98-5,,
01486-4503-17.zip,202602101146,天塩郡遠別町字旭,98-1,,
01486-4503-17.zip,202602101146,天塩郡遠別町字旭,98-6,,
01486-4503-17.zip,202602101146,天塩郡遠別町字旭,91-7,,
01486-4503-17.zip,202602101146,天塩郡遠別町字旭,86-1,,
01486-4503-17.zip,202602101146,天塩郡遠別町字旭,86-2,,
01486-4503-17.zip,202602101146,天塩郡遠別町字旭,48-6,,
01486-4503-17.zip,202602101146,天塩郡遠別町字旭,48-8,,
01486-4503-17.zip,202602101146,天塩郡遠別町字旭,道-18,,
01486-4503-17.zip,202602101146,天塩郡遠別町字旭,42-1,,
01486-4503-17.zip,202602101146,天塩郡遠別町字旭,42-3,,
01486-4503-17.zip,202602101146,天塩郡遠別町字旭,430,,
01486-4503-17.zip,202602101146,天塩郡遠別町字旭,43-8,,
01486-4503-17.zip,202602101146,天塩郡遠別町字旭,道-19,,
01486-4503-17.zip,202602101146,天塩郡遠別町字旭,43-10,,
01486-4503-17.zip,202602101146,天塩郡遠別町字旭,43-7,,
01486-4503-17.zip,202602101146,天塩郡遠別町字旭,37-2,,
01486-4503-17.zip,202602101146,天塩郡遠別町字旭,43-1,,
01486-4503-17.zip,202602101146,天塩郡遠別町字旭,44-1,,
01486-4503-17.zip,202602101146,天塩郡遠別町字旭,36-6,,
01486-4503-17.zip,202602101146,天塩郡遠別町字旭,427,,
01486-4503-17.zip,202602101146,天塩郡遠別町字旭,426,,
01486-4503-17.zip,202602101146,天塩郡遠別町字旭,425,,
01486-4503-17.zip,202602101146,天塩郡遠別町字旭,35-1,,
01486-4503-17.zip,202602101146,天塩郡遠別町字旭,48-11,,
01486-4503-17.zip,202602101146,天塩郡遠別町字旭,48-10,,
01486-4503-17.zip,202602101146,天塩郡遠別町字旭,48-12,,
01486-4503-17.zip,202602101146,天塩郡遠別町字旭,428-2,,
01486-4503-17.zip,202602101146,天塩郡遠別町字旭,48-7,,
01486-4503-17.zip,202602101146,天塩郡遠別町字旭,428-1,,
01486-4503-17.zip,202602101146,天塩郡遠別町字旭,44-2,,
01486-4503-17.zip,202602101146,天塩郡遠別町字旭,43-2,,
01486-4503-17.zip,202602101146,天塩郡遠別町字旭,429,,
01486-4503-17.zip,202602101146,天塩郡遠別町字旭,43-9,,
01486-4503-17.zip,202602101146,天塩郡遠別町字旭,44-5,,
01486-4503-17.zip,202602101146,天塩郡遠別町字旭,30-5,,
01486-4503-17.zip,202602101146,天塩郡遠別町字旭,30-4,,
01486-4503-17.zip,202602101146,天塩郡遠別町字旭,30-9,,
01486-4503-17.zip,202602101146,天塩郡遠別町字旭,30-7,,
01486-4503-17.zip,202602101146,天塩郡遠別町字旭,30-3,,
01486-4503-17.zip,202602101146,天塩郡遠別町字旭,36-4,,
01486-4503-17.zip,202602101146,天塩郡遠別町字旭,36-3,,
01486-4503-17.zip,202602101146,天塩郡遠別町字旭,36-1,,
01486-4503-17.zip,202602101146,天塩郡遠別町字旭,36-5,,
01486-4503-17.zip,202602101146,天塩郡遠別町字旭,512,,
01486-4503-17.zip,202602101146,天塩郡遠別町字旭,38,,
01486-4503-17.zip,202602101146,天塩郡遠別町字旭,88,,
01486-4503-17.zip,202602101146,天塩郡遠別町字旭,312,,
01486-4503-17.zip,202602101146,天塩郡遠別町字旭,道-20,,
01486-4503-17.zip,202602101146,天塩郡遠別町字旭,道-21,,
01486-4503-17.zip,202602101146,天塩郡遠別町字旭,道-22,,
01486-4503-17.zip,202602101146,天塩郡遠別町,地区外-250037,,
01486-4503-17.zip,202602101146,天塩郡遠別町字旭,7-2,,
01486-4503-17.zip,202602101146,天塩郡遠別町字旭,7-1,,
01486-4503-17.zip,202602101146,天塩郡遠別町字旭,6-1,,
01486-4503-17.zip,202602101146,天塩郡遠別町字旭,6-2,,
01486-4503-17.zip,202602101146,天塩郡遠別町字旭,304-4,,
01486-4503-17.zip,202602101146,天塩郡遠別町字旭,304-5,,
01486-4503-17.zip,202602101146,天塩郡遠別町字旭,328,,
01486-4503-17.zip,202602101146,天塩郡遠別町字旭,303-4,,
01486-4503-17.zip,202602101146,天塩郡遠別町字旭,304-9,,
01486-4503-17.zip,202602101146,天塩郡遠別町字旭,4-3,,
01486-4503-17.zip,202602101146,天塩郡遠別町字旭,3,,
01486-4503-17.zip,202602101146,天塩郡遠別町字旭,4-1,,
01486-4503-17.zip,202602101146,天塩郡遠別町字旭,5,,
01486-4503-17.zip,202602101146,天塩郡遠別町字旭,1-3,,
01486-4503-17.zip,202602101146,天塩郡遠別町字旭,311-1,,
01486-4503-17.zip,202602101146,天塩郡遠別町字旭,303-1,,
01486-4503-17.zip,202602101146,天塩郡遠別町字旭,道-23,,
01486-4503-17.zip,202602101146,天塩郡遠別町字旭,329,,
01486-4503-17.zip,202602101146,天塩郡遠別町字旭,304-1,,
01486-4503-17.zip,202602101146,天塩郡遠別町字旭,362,,
01486-4503-17.zip,202602101146,天塩郡遠別町字旭,307-2,,
01486-4503-17.zip,202602101146,天塩郡遠別町字旭,307-3,,
01486-4503-17.zip,202602101146,天塩郡遠別町字旭,307-12,,
01486-4503-17.zip,202602101146,天塩郡遠別町字旭,道-24,,
01486-4503-17.zip,202602101146,天塩郡遠別町字旭,水-15,,
01486-4503-17.zip,202602101146,天塩郡遠別町字旭,304-3,,
01486-4503-17.zip,202602101146,天塩郡遠別町字旭,318,,
01486-4503-17.zip,202602101146,天塩郡遠別町字旭,303-3,,
01486-4503-17.zip,202602101146,天塩郡遠別町字旭,308-1,,
01486-4503-17.zip,202602101146,天塩郡遠別町字旭,308-8,,
01486-4503-17.zip,202602101146,天塩郡遠別町字旭,308-3,,
01486-4503-17.zip,202602101146,天塩郡遠別町字旭,317,,
01486-4503-17.zip,202602101146,天塩郡遠別町字旭,308-2,,
01486-4503-17.zip,202602101146,天塩郡遠別町字旭,331,,
01486-4503-17.zip,202602101146,天塩郡遠別町字旭,309-1,,
01486-4503-17.zip,202602101146,天塩郡遠別町字旭,309-5,,
01486-4503-17.zip,202602101146,天塩郡遠別町字旭,309-2,,
01486-4503-17.zip,202602101146,天塩郡遠別町字旭,332,,
01486-4503-17.zip,202602101146,天塩郡遠別町字旭,399,,
01486-4503-17.zip,202602101146,天塩郡遠別町字旭,400,,
01486-4503-17.zip,202602101146,天塩郡遠別町字旭,363-1,,
01486-4503-17.zip,202602101146,天塩郡遠別町字旭,401,,
01486-4503-17.zip,202602101146,天塩郡遠別町字旭,23-1,,
01486-4503-17.zip,202602101146,天塩郡遠別町字旭,398-1,,
01486-4503-17.zip,202602101146,天塩郡遠別町字旭,398-2,,
01486-4503-17.zip,202602101146,天塩郡遠別町字旭,23-7,,
01486-4503-17.zip,202602101146,天塩郡遠別町字旭,402,,
01486-4503-17.zip,202602101146,天塩郡遠別町字旭,23-2,,
01486-4503-17.zip,202602101146,天塩郡遠別町字旭,371,,
01486-4503-17.zip,202602101146,天塩郡遠別町字旭,403,,
01486-4503-17.zip,202602101146,天塩郡遠別町字旭,18-9,,
01486-4503-17.zip,202602101146,天塩郡遠別町字旭,404,,
01486-4503-17.zip,202602101146,天塩郡遠別町字旭,322-5,,
01486-4503-17.zip,202602101146,天塩郡遠別町字旭,378,,
01486-4503-17.zip,202602101146,天塩郡遠別町字旭,322-3,,
01486-4503-17.zip,202602101146,天塩郡遠別町字旭,322-1,,
01486-4503-17.zip,202602101146,天塩郡遠別町字旭,321-2,,
01486-4503-17.zip,202602101146,天塩郡遠別町字旭,321-1,,
01486-4503-17.zip,202602101146,天塩郡遠別町字旭,405,,
01486-4503-17.zip,202602101146,天塩郡遠別町字旭,406,,
01486-4503-17.zip,202602101146,天塩郡遠別町字旭,18-1,,
01486-4503-17.zip,202602101146,天塩郡遠別町字旭,30-6,,
01486-4503-17.zip,202602101146,天塩郡遠別町字旭,30-26,,
01486-4503-17.zip,202602101146,天塩郡遠別町字旭,352-3,,
01486-4503-17.zip,202602101146,天塩郡遠別町字旭,32-3,,
01486-4503-17.zip,202602101146,天塩郡遠別町字旭,32-2,,
01486-4503-17.zip,202602101146,天塩郡遠別町字旭,32-1,,
01486-4503-17.zip,202602101146,天塩郡遠別町字旭,32-4,,
01486-4503-17.zip,202602101146,天塩郡遠別町字旭,422,,
01486-4503-17.zip,202602101146,天塩郡遠別町字旭,352-2,,
01486-4503-17.zip,202602101146,天塩郡遠別町字旭,33-1,,
01486-4503-17.zip,202602101146,天塩郡遠別町字旭,423,,
01486-4503-17.zip,202602101146,天塩郡遠別町字旭,424,,
01486-4503-17.zip,202602101146,天塩郡遠別町字旭,33-3,,
01486-4503-17.zip,202602101146,天塩郡遠別町字旭,352-1,,
01486-4503-17.zip,202602101146,天塩郡遠別町字旭,18-8,,
01486-4503-17.zip,202602101146,天塩郡遠別町字旭,18-7,,
01486-4503-17.zip,202602101146,天塩郡遠別町字旭,18-6,,
01486-4503-17.zip,202602101146,天塩郡遠別町字旭,18-2,,
01486-4503-17.zip,202602101146,天塩郡遠別町字旭,18-10,,
01486-4503-17.zip,202602101146,天塩郡遠別町字旭,307-13,,
01486-4503-17.zip,202602101146,天塩郡遠別町字旭,307-1,,
01486-4503-17.zip,202602101146,天塩郡遠別町字旭,11-4,,
01486-4503-17.zip,202602101146,天塩郡遠別町字旭,11-3,,
01486-4503-17.zip,202602101146,天塩郡遠別町字旭,11-1,,
01486-4503-17.zip,202602101146,天塩郡遠別町字旭,17-1,,
01486-4503-17.zip,202602101146,天塩郡遠別町字旭,17-5,,
01486-4503-17.zip,202602101146,天塩郡遠別町字旭,17-6,,
01486-4503-17.zip,202602101146,天塩郡遠別町字旭,17-7,,
01486-4503-17.zip,202602101146,天塩郡遠別町字旭,391,,
01486-4503-17.zip,202602101146,天塩郡遠別町字旭,48-3,,
01486-4503-17.zip,202602101146,天塩郡遠別町字旭,48-5,,
01486-4503-17.zip,202602101146,天塩郡遠別町字旭,33-4,,
01486-4503-17.zip,202602101146,天塩郡遠別町字旭,48-1,,
01486-4503-17.zip,202602101146,天塩郡遠別町字旭,48-9,,
01486-4503-17.zip,202602101146,天塩郡遠別町字旭,48-4,,
01486-4503-17.zip,202602101146,天塩郡遠別町字旭,390,,
01486-4503-17.zip,202602101146,天塩郡遠別町,地区外-250135,,
01486-4503-17.zip,202602101146,天塩郡遠別町字旭,389,,
01486-4503-17.zip,202602101146,天塩郡遠別町字旭,392,,
01486-4503-17.zip,202602101146,天塩郡遠別町字旭,50,,
01486-4503-17.zip,202602101146,天塩郡遠別町字旭,393,,
01486-4503-17.zip,202602101146,天塩郡遠別町字旭,52-1,,
01486-4503-17.zip,202602101146,天塩郡遠別町字旭,51,,
01486-4503-17.zip,202602101146,天塩郡遠別町字旭,387,,
01486-4503-17.zip,202602101146,天塩郡遠別町字旭,16,,
01486-4503-17.zip,202602101146,天塩郡遠別町字旭,15,,
01486-4503-17.zip,202602101146,天塩郡遠別町字旭,10-3,,
01486-4503-17.zip,202602101146,天塩郡遠別町字旭,10-1,,
01486-4503-17.zip,202602101146,天塩郡遠別町字旭,24-1,,
01486-4503-17.zip,202602101146,天塩郡遠別町字旭,304-8,,
01486-4503-17.zip,202602101146,天塩郡遠別町字旭,330-1,,
01486-4503-17.zip,202602101146,天塩郡遠別町字旭,303-2,,
01486-4503-17.zip,202602101146,天塩郡遠別町字旭,306-1,,
01486-4503-17.zip,202602101146,天塩郡遠別町字旭,384,,
01486-4503-17.zip,202602101146,天塩郡遠別町字旭,385,,
01486-4503-17.zip,202602101146,天塩郡遠別町字旭,306-2,,
01486-4503-17.zip,202602101146,天塩郡遠別町字旭,24-2,,
01486-4503-17.zip,202602101146,天塩郡遠別町字旭,386,,
01486-4503-17.zip,202602101146,天塩郡遠別町字旭,388,,
01486-4503-17.zip,202602101146,天塩郡遠別町字旭,52-2,,
01486-4503-17.zip,202602101146,天塩郡遠別町字旭,54-2,,
01486-4503-17.zip,202602101146,天塩郡遠別町,地区外-250160,,
01486-4503-17.zip,202602101146,天塩郡遠別町字旭,70-9,,
01486-4503-17.zip,202602101146,天塩郡遠別町字旭,70-3,,
01486-4503-17.zip,202602101146,天塩郡遠別町字旭,70-7,,
01486-4503-17.zip,202602101146,天塩郡遠別町字旭,66-4,,
01486-4503-17.zip,202602101146,天塩郡遠別町字旭,66-2,,
01486-4503-17.zip,202602101146,天塩郡遠別町字旭,62-4,,
01486-4503-17.zip,202602101146,天塩郡遠別町字旭,62-3,,
01486-4503-17.zip,202602101146,天塩郡遠別町字旭,62-5,,
01486-4503-17.zip,202602101146,天塩郡遠別町字旭,66-3,,
01486-4503-17.zip,202602101146,天塩郡遠別町字旭,66-5,,
01486-4503-17.zip,202602101146,天塩郡遠別町字旭,441,,
01486-4503-17.zip,202602101146,天塩郡遠別町字旭,72-1,,
01486-4503-17.zip,202602101146,天塩郡遠別町字旭,74-1,,
01486-4503-17.zip,202602101146,天塩郡遠別町字旭,74-5,,
01486-4503-17.zip,202602101146,天塩郡遠別町字旭,72-3,,
01486-4503-17.zip,202602101146,天塩郡遠別町字旭,73-2,,
01486-4503-17.zip,202602101146,天塩郡遠別町字旭,72-4,,
01486-4503-17.zip,202602101146,天塩郡遠別町字旭,73-3,,
01486-4503-17.zip,202602101146,天塩郡遠別町字旭,439,,
01486-4503-17.zip,202602101146,天塩郡遠別町字旭,440,,
01486-4503-17.zip,202602101146,天塩郡遠別町字旭,442,,
01486-4503-17.zip,202602101146,天塩郡遠別町字旭,74-4,,
01486-4503-17.zip,202602101146,天塩郡遠別町字旭,73-1,,
01486-4503-17.zip,202602101146,天塩郡遠別町字旭,452,,
01486-4503-17.zip,202602101146,天塩郡遠別町字旭,451,,
01486-4503-17.zip,202602101146,天塩郡遠別町字旭,122-1,,
01486-4503-17.zip,202602101146,天塩郡遠別町字旭,122-6,,
01486-4503-17.zip,202602101146,天塩郡遠別町字旭,460,,
01486-4503-17.zip,202602101146,天塩郡遠別町字旭,461,,
01486-4503-17.zip,202602101146,天塩郡遠別町,地区外-250190,,
01486-4503-17.zip,202602101146,天塩郡遠別町字旭,70-4,,
01486-4503-17.zip,202602101146,天塩郡遠別町字旭,70-1,,
01486-4503-17.zip,202602101146,天塩郡遠別町字旭,70-2,,
01486-4503-17.zip,202602101146,天塩郡遠別町字旭,70-5,,
01486-4503-17.zip,202602101146,天塩郡遠別町字旭,70-8,,
01486-4503-17.zip,202602101146,天塩郡遠別町字旭,70-6,,
01486-4503-17.zip,202602101146,天塩郡遠別町,地区外-250197,,
01486-4503-17.zip,202602101146,天塩郡遠別町字旭,7-4,,
01486-4503-17.zip,202602101146,天塩郡遠別町字旭,383,,
01486-4503-17.zip,202602101146,天塩郡遠別町字旭,8-4,,
01486-4503-17.zip,202602101146,天塩郡遠別町字旭,8-1,,
01486-4503-17.zip,202602101146,天塩郡遠別町字旭,382,,
01486-4503-17.zip,202602101146,天塩郡遠別町字旭,320-1,,
01486-4503-17.zip,202602101146,天塩郡遠別町字旭,319,,
01486-4503-17.zip,202602101146,天塩郡遠別町字旭,333-1,,
01486-4503-17.zip,202602101146,天塩郡遠別町字旭,9,,
01486-4503-17.zip,202602101146,天塩郡遠別町字旭,301-2,,
01486-4503-17.zip,202602101146,天塩郡遠別町字旭,301-3,,
01486-4503-17.zip,202602101146,天塩郡遠別町字旭,54-3,,
01486-4503-17.zip,202602101146,天塩郡遠別町字旭,水-16,,
01486-4503-17.zip,202602101146,天塩郡遠別町,地区外-250211,,
01486-4503-17.zip,202602101146,天塩郡遠別町字旭,275,,
01486-4503-17.zip,202602101146,天塩郡遠別町字旭,473,,
01486-4503-17.zip,202602101146,天塩郡遠別町字旭,474,,
01486-4503-17.zip,202602101146,天塩郡遠別町,地区外-250215,,
01486-4503-17.zip,202602101146,天塩郡遠別町,地区外-250216,,
01486-4503-17.zip,202602101146,天塩郡遠別町字旭,472,,
01486-4503-17.zip,202602101146,天塩郡遠別町字旭,157,,
01486-4503-17.zip,202602101146,天塩郡遠別町字旭,153,,
01486-4503-17.zip,202602101146,天塩郡遠別町,地区外-250220,,
01486-4503-17.zip,202602101146,天塩郡遠別町,地区外-250221,,
01486-4503-17.zip,202602101146,天塩郡遠別町字旭,152-4,,
01486-4503-17.zip,202602101146,天塩郡遠別町字旭,152-2,,
01486-4503-17.zip,202602101146,天塩郡遠別町字旭,152-1,,
01486-4503-17.zip,202602101146,天塩郡遠別町字旭,468,,
01486-4503-17.zip,202602101146,天塩郡遠別町字旭,152-3,,
01486-4503-17.zip,202602101146,天塩郡遠別町字旭,467,,
01486-4503-17.zip,202602101146,天塩郡遠別町字旭,131-20,,
01486-4503-17.zip,202602101146,天塩郡遠別町字旭,466,,
01486-4503-17.zip,202602101146,天塩郡遠別町字旭,131-19,,
01486-4503-17.zip,202602101146,天塩郡遠別町字旭,151,,
01486-4503-17.zip,202602101146,天塩郡遠別町字旭,478,,
01486-4503-17.zip,202602101146,天塩郡遠別町字旭,470,,
01486-4503-17.zip,202602101146,天塩郡遠別町字旭,158,,
01486-4503-17.zip,202602101146,天塩郡遠別町字旭,471,,
01486-4503-17.zip,202602101146,天塩郡遠別町字旭,156-1,,
01486-4503-17.zip,202602101146,天塩郡遠別町字旭,155,,
01486-4503-17.zip,202602101146,天塩郡遠別町字旭,469,,
01486-4503-17.zip,202602101146,天塩郡遠別町字旭,154,,
01486-4503-17.zip,202602101146,天塩郡遠別町,地区外-250240,,
01486-4503-17.zip,202602101146,天塩郡遠別町字旭,583,,
01486-4503-17.zip,202602101146,天塩郡遠別町,地区外-250242,,
01486-4503-17.zip,202602101146,天塩郡遠別町,地区外-250243,,
01486-4503-17.zip,202602101146,天塩郡遠別町,地区外-250244,,
01486-4503-17.zip,202602101146,天塩郡遠別町字旭,99-5,,
01486-4503-17.zip,202602101146,天塩郡遠別町字旭,99-10,,
01486-4503-17.zip,202602101146,天塩郡遠別町字旭,99-9,,
01486-4503-17.zip,202602101146,天塩郡遠別町字旭,99-4,,
01486-4503-17.zip,202602101146,天塩郡遠別町,地区外-250249,,
01486-4503-17.zip,202602101146,天塩郡遠別町字旭,586,,
01486-4503-17.zip,202602101146,天塩郡遠別町字旭,585,,
01486-4503-17.zip,202602101146,天塩郡遠別町字旭,584,,
01486-4503-17.zip,202602101146,天塩郡遠別町字旭,207-2,,
01486-4503-17.zip,202602101146,天塩郡遠別町字旭,206,,
01486-4503-17.zip,202602101146,天塩郡遠別町字旭,587,,
01486-4503-17.zip,202602101146,天塩郡遠別町字旭,198-1,,
01486-4503-17.zip,202602101146,天塩郡遠別町字旭,350-2,,
01486-4503-17.zip,202602101146,天塩郡遠別町字旭,203-8,,
01486-4503-17.zip,202602101146,天塩郡遠別町字旭,211,,
01486-4503-17.zip,202602101146,天塩郡遠別町字旭,203-6,,
01486-4503-17.zip,202602101146,天塩郡遠別町字旭,203-5,,
01486-4503-17.zip,202602101146,天塩郡遠別町字旭,203-2,,
01486-4503-17.zip,202602101146,天塩郡遠別町,地区外-250263,,
01486-4503-17.zip,202602101146,天塩郡遠別町字旭,99-3,,
01486-4503-17.zip,202602101146,天塩郡遠別町字旭,588,,
01486-4503-17.zip,202602101146,天塩郡遠別町字旭,192-11,,
01486-4503-17.zip,202602101146,天塩郡遠別町字旭,192-8,,
01486-4503-17.zip,202602101146,天塩郡遠別町字旭,192-7,,
01486-4503-17.zip,202602101146,天塩郡遠別町字旭,198-5,,
01486-4503-17.zip,202602101146,天塩郡遠別町字旭,198-4,,
01486-4503-17.zip,202602101146,天塩郡遠別町字旭,198-2,,
01486-4503-17.zip,202602101146,天塩郡遠別町字旭,198-3,,
01486-4503-17.zip,202602101146,天塩郡遠別町字旭,194-1,,
01486-4503-17.zip,202602101146,天塩郡遠別町字旭,199,,
01486-4503-17.zip,202602101146,天塩郡遠別町字旭,200-1,,
01486-4503-17.zip,202602101146,天塩郡遠別町字旭,200-7,,
01486-4503-17.zip,202602101146,天塩郡遠別町字旭,192-12,,
01486-4503-17.zip,202602101146,天塩郡遠別町字旭,195,,
01486-4503-17.zip,202602101146,天塩郡遠別町字旭,191-1,,
01486-4503-17.zip,202602101146,天塩郡遠別町字旭,99-2,,
01486-4503-17.zip,202602101146,天塩郡遠別町字旭,103-3,,
01486-4503-17.zip,202602101146,天塩郡遠別町字旭,99-1,,
01486-4503-17.zip,202602101146,天塩郡遠別町字旭,100-1,,
01486-4503-17.zip,202602101146,天塩郡遠別町字旭,101-13,,
01486-4503-17.zip,202602101146,天塩郡遠別町字旭,101-17,,
01486-4503-17.zip,202602101146,天塩郡遠別町字旭,104-4,,
01486-4503-17.zip,202602101146,天塩郡遠別町字旭,104-9,,
01486-4503-17.zip,202602101146,天塩郡遠別町字旭,103-2,,
01486-4503-17.zip,202602101146,天塩郡遠別町字旭,103-4,,
01486-4503-17.zip,202602101146,天塩郡遠別町字旭,531,,
01486-4503-17.zip,202602101146,天塩郡遠別町字旭,532,,
01486-4503-17.zip,202602101146,天塩郡遠別町字旭,99-8,,
01486-4503-17.zip,202602101146,天塩郡遠別町字旭,350-1,,
01486-4503-17.zip,202602101146,天塩郡遠別町字旭,道-25,,
01486-4503-17.zip,202602101146,天塩郡遠別町,地区外-250297,,
01486-4503-17.zip,202602101146,天塩郡遠別町字旭,418,,
01486-4503-17.zip,202602101146,天塩郡遠別町字旭,419,,
01486-4503-17.zip,202602101146,天塩郡遠別町字旭,30-12,,
01486-4503-17.zip,202602101146,天塩郡遠別町字旭,30-1,,
01486-4503-17.zip,202602101146,天塩郡遠別町字旭,525,,
01486-4503-17.zip,202602101146,天塩郡遠別町字旭,30-18,,
01486-4503-17.zip,202602101146,天塩郡遠別町字旭,30-20,,
01486-4503-17.zip,202602101146,天塩郡遠別町字旭,524,,
01486-4503-17.zip,202602101146,天塩郡遠別町字旭,30-21,,
01486-4503-17.zip,202602101146,天塩郡遠別町字旭,523,,
01486-4503-17.zip,202602101146,天塩郡遠別町字旭,30-22,,
01486-4503-17.zip,202602101146,天塩郡遠別町字旭,522,,
01486-4503-17.zip,202602101146,天塩郡遠別町字旭,30-16,,
01486-4503-17.zip,202602101146,天塩郡遠別町字旭,30-13,,
01486-4503-17.zip,202602101146,天塩郡遠別町字旭,30-17,,
01486-4503-17.zip,202602101146,天塩郡遠別町字旭,323-4,,
01486-4503-17.zip,202602101146,天塩郡遠別町字旭,323-2,,
01486-4503-17.zip,202602101146,天塩郡遠別町字旭,323-6,,
01486-4503-17.zip,202602101146,天塩郡遠別町字旭,323-3,,
01486-4503-17.zip,202602101146,天塩郡遠別町字旭,323-5,,
01486-4503-17.zip,202602101146,天塩郡遠別町字旭,30-15,,
01486-4503-17.zip,202602101146,天塩郡遠別町字旭,30-14,,
01486-4503-17.zip,202602101146,天塩郡遠別町字旭,101-12,,
01486-4503-17.zip,202602101146,天塩郡遠別町,地区外-250326,,
01486-4503-17.zip,202602101146,天塩郡遠別町字旭,412,,
01486-4503-17.zip,202602101146,天塩郡遠別町字旭,413,,
01486-4503-17.zip,202602101146,天塩郡遠別町字旭,414,,
01486-4503-17.zip,202602101146,天塩郡遠別町字旭,415,,
01486-4503-17.zip,202602101146,天塩郡遠別町字旭,417,,
01486-4503-17.zip,202602101146,天塩郡遠別町字旭,416,,
01486-4503-17.zip,202602101146,天塩郡遠別町字旭,326,,
01486-4503-17.zip,202602101146,天塩郡遠別町字旭,道-26,,
01486-4503-17.zip,202602101146,天塩郡遠別町字旭,364-2,,
01486-4503-17.zip,202602101146,天塩郡遠別町字旭,325,,
01486-4503-17.zip,202602101146,天塩郡遠別町字旭,309-4,,
01486-4503-17.zip,202602101146,天塩郡遠別町字旭,411,,
01486-4503-17.zip,202602101146,天塩郡遠別町字旭,310-8,,
01486-4503-17.zip,202602101146,天塩郡遠別町字旭,1-12,,
01486-4503-17.zip,202602101146,天塩郡遠別町字旭,1-11,,
01486-4503-17.zip,202602101146,天塩郡遠別町字旭,1-10,,
01486-4503-17.zip,202602101146,天塩郡遠別町字旭,1-9,,
01486-4503-17.zip,202602101146,天塩郡遠別町字旭,1-8,,
01486-4503-17.zip,202602101146,天塩郡遠別町字旭,水-17,,
01486-4503-17.zip,202602101146,天塩郡遠別町字旭,1-1,,
01486-4503-17.zip,202602101146,天塩郡遠別町字旭,1-13,,
01486-4503-17.zip,202602101146,天塩郡遠別町字旭,1-2,,
01486-4503-17.zip,202602101146,天塩郡遠別町字旭,1-15,,
01486-4503-17.zip,202602101146,天塩郡遠別町字旭,410,,
01486-4503-17.zip,202602101146,天塩郡遠別町字旭,310-9,,
01486-4503-17.zip,202602101146,天塩郡遠別町字旭,309-11,,
01486-4503-17.zip,202602101146,天塩郡遠別町字旭,310-1,,
01486-4503-17.zip,202602101146,天塩郡遠別町字旭,363-2,,
01486-4503-17.zip,202602101146,天塩郡遠別町字旭,364-1,,
01486-4503-17.zip,202602101146,天塩郡遠別町字旭,309-3,,
01486-4503-17.zip,202602101146,天塩郡遠別町字旭,310-10,,
01486-4503-17.zip,202602101146,天塩郡遠別町字旭,310-7,,
01486-4503-17.zip,202602101146,天塩郡遠別町字旭,310-2,,
01486-4503-17.zip,202602101146,天塩郡遠別町字旭,309-12,,
01486-4503-17.zip,202602101146,天塩郡遠別町字旭,409,,
01486-4503-17.zip,202602101146,天塩郡遠別町字旭,334-1,,
01486-4503-17.zip,202602101146,天塩郡遠別町字旭,322-2,,
01486-4503-17.zip,202602101146,天塩郡遠別町字旭,408,,
01486-4503-17.zip,202602101146,天塩郡遠別町字旭,381-1,,
01486-4503-17.zip,202602101146,天塩郡遠別町字旭,407,,
01486-4503-17.zip,202602101146,天塩郡遠別町字旭,334-3,,
01486-4503-17.zip,202602101146,天塩郡遠別町字旭,321-3,,
01486-4503-17.zip,202602101146,天塩郡遠別町字旭,381-2,,
01486-4503-17.zip,202602101146,天塩郡遠別町字旭,421-2,,
01486-4503-17.zip,202602101146,天塩郡遠別町字旭,323-7,,
01486-4503-17.zip,202602101146,天塩郡遠別町字旭,323-1,,
01486-4503-17.zip,202602101146,天塩郡遠別町字旭,421-1,,
01486-4503-17.zip,202602101146,天塩郡遠別町字旭,324-1,,
01486-4503-17.zip,202602101146,天塩郡遠別町字旭,324-2,,
01486-4503-17.zip,202602101146,天塩郡遠別町字旭,420,,
01486-4503-17.zip,202602101146,天塩郡遠別町字旭,29-5,,
01486-4503-17.zip,202602101146,天塩郡遠別町字旭,29-1,,
01486-4503-17.zip,202602101146,天塩郡遠別町字旭,29-3,,
01486-4503-17.zip,202602101146,天塩郡遠別町字旭,29-4,,
01486-4503-17.zip,202602101146,天塩郡遠別町,地区外-250294,,
01486-4503-17.zip,202602101146,天塩郡遠別町字旭,30-11,,
01486-4503-17.zip,202602101146,天塩郡遠別町字旭,30-27,,
01486-4503-18.zip,202602101146,天塩郡遠別町字歌越,水-1,,
01486-4503-18.zip,202602101146,天塩郡遠別町字歌越,水-2,,
01486-4503-18.zip,202602101146,天塩郡遠別町,地区外-253044,,
01486-4503-18.zip,202602101146,天塩郡遠別町字歌越,650,,
01486-4503-18.zip,202602101146,天塩郡遠別町字歌越,水-3,,
01486-4503-18.zip,202602101146,天塩郡遠別町字歌越,394-1,,
01486-4503-18.zip,202602101146,天塩郡遠別町字歌越,649,,
01486-4503-18.zip,202602101146,天塩郡遠別町字歌越,648,,
01486-4503-18.zip,202602101146,天塩郡遠別町字歌越,水-4,,
01486-4503-18.zip,202602101146,天塩郡遠別町字歌越,646,,
01486-4503-18.zip,202602101146,天塩郡遠別町,地区外-253052,,
01486-4503-18.zip,202602101146,天塩郡遠別町字歌越,644,,
01486-4503-18.zip,202602101146,天塩郡遠別町字歌越,水-5,,
01486-4503-18.zip,202602101146,天塩郡遠別町字歌越,645,,
01486-4503-18.zip,202602101146,天塩郡遠別町字歌越,323,,
01486-4503-18.zip,202602101146,天塩郡遠別町字歌越,324,,
01486-4503-18.zip,202602101146,天塩郡遠別町字歌越,282-3,,
01486-4503-18.zip,202602101146,天塩郡遠別町,地区外-253059,,
01486-4503-18.zip,202602101146,天塩郡遠別町,地区外-253060,,
01486-4503-18.zip,202602101146,天塩郡遠別町字歌越,647,,
01486-4503-18.zip,202602101146,天塩郡遠別町字歌越,282-64,,
01486-4503-18.zip,202602101146,天塩郡遠別町字歌越,282-1,,
01486-4503-18.zip,202602101146,天塩郡遠別町字歌越,282-65,,
01486-4503-18.zip,202602101146,天塩郡遠別町字歌越,282-72,,
01486-4503-18.zip,202602101146,天塩郡遠別町字歌越,282-73,,
01486-4503-18.zip,202602101146,天塩郡遠別町字歌越,282-123,,
01486-4503-18.zip,202602101146,天塩郡遠別町字歌越,282-128,,
01486-4503-18.zip,202602101146,天塩郡遠別町字歌越,水-6,,
01486-4503-18.zip,202602101146,天塩郡遠別町字歌越,282-2,,
01486-4503-18.zip,202602101146,天塩郡遠別町字歌越,282-209,,
01486-4503-18.zip,202602101146,天塩郡遠別町字歌越,282-210,,
01486-4503-18.zip,202602101146,天塩郡遠別町字歌越,282-214,,
01486-4503-18.zip,202602101146,天塩郡遠別町字歌越,282-215,,
01486-4503-18.zip,202602101146,天塩郡遠別町字歌越,282-218,,
01486-4503-18.zip,202602101146,天塩郡遠別町字歌越,282-184,,
01486-4503-18.zip,202602101146,天塩郡遠別町字歌越,282-179,,
01486-4503-18.zip,202602101146,天塩郡遠別町字歌越,282-185,,
01486-4503-18.zip,202602101146,天塩郡遠別町字歌越,282-180,,
01486-4503-18.zip,202602101146,天塩郡遠別町字歌越,282-188,,
01486-4503-18.zip,202602101146,天塩郡遠別町字歌越,282-189,,
01486-4503-18.zip,202602101146,天塩郡遠別町字歌越,282-193,,
01486-4503-18.zip,202602101146,天塩郡遠別町字歌越,282-190,,
01486-4503-18.zip,202602101146,天塩郡遠別町字歌越,282-197,,
01486-4503-18.zip,202602101146,天塩郡遠別町字歌越,水-7,,
01486-4503-18.zip,202602101146,天塩郡遠別町字歌越,282-183,,
01486-4503-18.zip,202602101146,天塩郡遠別町字歌越,282-177,,
01486-4503-18.zip,202602101146,天塩郡遠別町字歌越,282-178,,
01486-4503-18.zip,202602101146,天塩郡遠別町字歌越,282-170,,
01486-4503-18.zip,202602101146,天塩郡遠別町字歌越,282-171,,
01486-4503-18.zip,202602101146,天塩郡遠別町字歌越,282-162,,
01486-4503-18.zip,202602101146,天塩郡遠別町字歌越,643,,
01486-4503-18.zip,202602101146,天塩郡遠別町字歌越,636,,
01486-4503-18.zip,202602101146,天塩郡遠別町字歌越,280,,
01486-4503-18.zip,202602101146,天塩郡遠別町字歌越,639,,
01486-4503-18.zip,202602101146,天塩郡遠別町字歌越,274,,
01486-4503-18.zip,202602101146,天塩郡遠別町字歌越,282-153,,
01486-4503-18.zip,202602101146,天塩郡遠別町字歌越,282-152,,
01486-4503-18.zip,202602101146,天塩郡遠別町字歌越,282-161,,
01486-4503-18.zip,202602101146,天塩郡遠別町字歌越,282-169,,
01486-4503-18.zip,202602101146,天塩郡遠別町字歌越,282-176,,
01486-4503-18.zip,202602101146,天塩郡遠別町字歌越,282-131,,
01486-4503-18.zip,202602101146,天塩郡遠別町字歌越,282-137,,
01486-4503-18.zip,202602101146,天塩郡遠別町字歌越,282-136,,
01486-4503-18.zip,202602101146,天塩郡遠別町字歌越,282-135,,
01486-4503-18.zip,202602101146,天塩郡遠別町字歌越,282-134,,
01486-4503-18.zip,202602101146,天塩郡遠別町字歌越,282-142,,
01486-4503-18.zip,202602101146,天塩郡遠別町字歌越,282-141,,
01486-4503-18.zip,202602101146,天塩郡遠別町字歌越,282-143,,
01486-4503-18.zip,202602101146,天塩郡遠別町字歌越,282-144,,
01486-4503-18.zip,202602101146,天塩郡遠別町字歌越,282-151,,
01486-4503-18.zip,202602101146,天塩郡遠別町字歌越,282-160,,
01486-4503-18.zip,202602101146,天塩郡遠別町字歌越,282-150,,
01486-4503-18.zip,202602101146,天塩郡遠別町字歌越,282-133,,
01486-4503-18.zip,202602101146,天塩郡遠別町字歌越,282-132,,
01486-4503-18.zip,202602101146,天塩郡遠別町字歌越,282-140,,
01486-4503-18.zip,202602101146,天塩郡遠別町字歌越,282-139,,
01486-4503-18.zip,202602101146,天塩郡遠別町字歌越,282-149,,
01486-4503-18.zip,202602101146,天塩郡遠別町字歌越,282-148,,
01486-4503-18.zip,202602101146,天塩郡遠別町字歌越,282-147,,
01486-4503-18.zip,202602101146,天塩郡遠別町字歌越,282-157,,
01486-4503-18.zip,202602101146,天塩郡遠別町字歌越,282-158,,
01486-4503-18.zip,202602101146,天塩郡遠別町字歌越,282-159,,
01486-4503-18.zip,202602101146,天塩郡遠別町字歌越,282-66,,
01486-4503-18.zip,202602101146,天塩郡遠別町字歌越,282-118,,
01486-4503-18.zip,202602101146,天塩郡遠別町字歌越,282-124,,
01486-4503-18.zip,202602101146,天塩郡遠別町字歌越,282-125,,
01486-4503-18.zip,202602101146,天塩郡遠別町字歌越,282-207,,
01486-4503-18.zip,202602101146,天塩郡遠別町字歌越,282-130,,
01486-4503-18.zip,202602101146,天塩郡遠別町字歌越,282-129,,
01486-4503-18.zip,202602101146,天塩郡遠別町字歌越,282-122,,
01486-4503-18.zip,202602101146,天塩郡遠別町字歌越,282-127,,
01486-4503-18.zip,202602101146,天塩郡遠別町字歌越,282-121,,
01486-4503-18.zip,202602101146,天塩郡遠別町字歌越,282-120,,
01486-4503-18.zip,202602101146,天塩郡遠別町字歌越,282-119,,
01486-4503-18.zip,202602101146,天塩郡遠別町字歌越,282-182,,
01486-4503-18.zip,202602101146,天塩郡遠別町字歌越,282-175,,
01486-4503-18.zip,202602101146,天塩郡遠別町字歌越,282-186,,
01486-4503-18.zip,202602101146,天塩郡遠別町字歌越,282-181,,
01486-4503-18.zip,202602101146,天塩郡遠別町字歌越,282-174,,
01486-4503-18.zip,202602101146,天塩郡遠別町字歌越,282-173,,
01486-4503-18.zip,202602101146,天塩郡遠別町字歌越,282-168,,
01486-4503-18.zip,202602101146,天塩郡遠別町字歌越,282-167,,
01486-4503-18.zip,202602101146,天塩郡遠別町字歌越,282-166,,
01486-4503-18.zip,202602101146,天塩郡遠別町字歌越,282-165,,
01486-4503-18.zip,202602101146,天塩郡遠別町字歌越,282-164,,
01486-4503-18.zip,202602101146,天塩郡遠別町字歌越,282-172,,
01486-4503-18.zip,202602101146,天塩郡遠別町字歌越,282-211,,
01486-4503-18.zip,202602101146,天塩郡遠別町字歌越,282-163,,
01486-4503-18.zip,202602101146,天塩郡遠別町字歌越,282-208,,
01486-4503-18.zip,202602101146,天塩郡遠別町字歌越,282-154,,
01486-4503-18.zip,202602101146,天塩郡遠別町字歌越,282-155,,
01486-4503-18.zip,202602101146,天塩郡遠別町字歌越,282-156,,
01486-4503-18.zip,202602101146,天塩郡遠別町字歌越,282-146,,
01486-4503-18.zip,202602101146,天塩郡遠別町字歌越,282-145,,
01486-4503-18.zip,202602101146,天塩郡遠別町字歌越,282-138,,
01486-4503-18.zip,202602101146,天塩郡遠別町字歌越,282-126,,
01486-4503-18.zip,202602101146,天塩郡遠別町字歌越,276-7,,
01486-4503-18.zip,202602101146,天塩郡遠別町字歌越,688,,
01486-4503-18.zip,202602101146,天塩郡遠別町字歌越,278-1,,
01486-4503-18.zip,202602101146,天塩郡遠別町字歌越,278-2,,
01486-4503-18.zip,202602101146,天塩郡遠別町字歌越,278-3,,
01486-4503-18.zip,202602101146,天塩郡遠別町字歌越,278-4,,
01486-4503-18.zip,202602101146,天塩郡遠別町字歌越,686,,
01486-4503-18.zip,202602101146,天塩郡遠別町,地区外-253165,,
01486-4503-18.zip,202602101146,天塩郡遠別町字歌越,687,,
01486-4503-18.zip,202602101146,天塩郡遠別町字歌越,685,,
01486-4503-18.zip,202602101146,天塩郡遠別町字歌越,276-2,,
01486-4503-18.zip,202602101146,天塩郡遠別町字歌越,276-8,,
01486-4503-18.zip,202602101146,天塩郡遠別町字歌越,276-4,,
01486-4503-18.zip,202602101146,天塩郡遠別町字歌越,638,,
01486-4503-18.zip,202602101146,天塩郡遠別町字歌越,640,,
01486-4503-18.zip,202602101146,天塩郡遠別町字歌越,641,,
01486-4503-18.zip,202602101146,天塩郡遠別町字歌越,642,,
01486-4503-18.zip,202602101146,天塩郡遠別町字歌越,279-1,,
01486-4503-18.zip,202602101146,天塩郡遠別町字歌越,279-2,,
01486-4503-18.zip,202602101146,天塩郡遠別町字歌越,279-4,,
01486-4503-18.zip,202602101146,天塩郡遠別町字歌越,676,,
01486-4503-18.zip,202602101146,天塩郡遠別町字歌越,279-3,,
01486-4503-18.zip,202602101146,天塩郡遠別町字歌越,282-63,,
01486-4503-18.zip,202602101146,天塩郡遠別町,地区外-253181,,
01486-4503-18.zip,202602101146,天塩郡遠別町字歌越,水-8,,
01486-4503-18.zip,202602101146,天塩郡遠別町字歌越,271-3,,
01486-4503-18.zip,202602101146,天塩郡遠別町字歌越,271-2,,
01486-4503-18.zip,202602101146,天塩郡遠別町字歌越,434-3,,
01486-4503-18.zip,202602101146,天塩郡遠別町字歌越,434-5,,
01486-4503-18.zip,202602101146,天塩郡遠別町字歌越,286-4,,
01486-4503-18.zip,202602101146,天塩郡遠別町字歌越,286-6,,
01486-4503-18.zip,202602101146,天塩郡遠別町字歌越,286-5,,
01486-4503-18.zip,202602101146,天塩郡遠別町字歌越,286-1,,
01486-4503-18.zip,202602101146,天塩郡遠別町字歌越,288-1,,
01486-4503-18.zip,202602101146,天塩郡遠別町字歌越,271-1,,
01486-4503-18.zip,202602101146,天塩郡遠別町字歌越,270-2,,
01486-4503-18.zip,202602101146,天塩郡遠別町字歌越,282-56,,
01486-4503-18.zip,202602101146,天塩郡遠別町字歌越,282-57,,
01486-4503-18.zip,202602101146,天塩郡遠別町字歌越,282-58,,
01486-4503-18.zip,202602101146,天塩郡遠別町字歌越,282-59,,
01486-4503-18.zip,202602101146,天塩郡遠別町字歌越,282-114,,
01486-4503-18.zip,202602101146,天塩郡遠別町字歌越,282-115,,
01486-4503-18.zip,202602101146,天塩郡遠別町字歌越,282-116,,
01486-4503-18.zip,202602101146,天塩郡遠別町字歌越,282-246,,
01486-4503-18.zip,202602101146,天塩郡遠別町字歌越,282-247,,
01486-4503-18.zip,202602101146,天塩郡遠別町字歌越,282-248,,
01486-4503-18.zip,202602101146,天塩郡遠別町字歌越,435,,
01486-4503-18.zip,202602101146,天塩郡遠別町字歌越,290-3,,
01486-4503-18.zip,202602101146,天塩郡遠別町字歌越,284-2,,
01486-4503-18.zip,202602101146,天塩郡遠別町字歌越,434-4,,
01486-4503-18.zip,202602101146,天塩郡遠別町字歌越,434-1,,
01486-4503-18.zip,202602101146,天塩郡遠別町字歌越,284-1,,
01486-4503-18.zip,202602101146,天塩郡遠別町字歌越,290-1,,
01486-4503-18.zip,202602101146,天塩郡遠別町字歌越,282-108,,
01486-4503-18.zip,202602101146,天塩郡遠別町字歌越,282-109,,
01486-4503-18.zip,202602101146,天塩郡遠別町字歌越,282-110,,
01486-4503-18.zip,202602101146,天塩郡遠別町字歌越,282-117,,
01486-4503-18.zip,202602101146,天塩郡遠別町字歌越,282-111,,
01486-4503-18.zip,202602101146,天塩郡遠別町字歌越,282-113,,
01486-4503-18.zip,202602101146,天塩郡遠別町字歌越,282-238,,
01486-4503-18.zip,202602101146,天塩郡遠別町字歌越,282-239,,
01486-4503-18.zip,202602101146,天塩郡遠別町字歌越,282-240,,
01486-4503-18.zip,202602101146,天塩郡遠別町字歌越,282-241,,
01486-4503-18.zip,202602101146,天塩郡遠別町字歌越,282-233,,
01486-4503-18.zip,202602101146,天塩郡遠別町字歌越,282-242,,
01486-4503-18.zip,202602101146,天塩郡遠別町字歌越,282-243,,
01486-4503-18.zip,202602101146,天塩郡遠別町字歌越,282-249,,
01486-4503-18.zip,202602101146,天塩郡遠別町字歌越,282-250,,
01486-4503-18.zip,202602101146,天塩郡遠別町字歌越,282-206,,
01486-4503-18.zip,202602101146,天塩郡遠別町字歌越,282-204,,
01486-4503-18.zip,202602101146,天塩郡遠別町字歌越,282-205,,
01486-4503-18.zip,202602101146,天塩郡遠別町字歌越,282-244,,
01486-4503-18.zip,202602101146,天塩郡遠別町字歌越,282-245,,
01486-4503-18.zip,202602101146,天塩郡遠別町字歌越,282-52,,
01486-4503-18.zip,202602101146,天塩郡遠別町字歌越,273-3,,
01486-4503-18.zip,202602101146,天塩郡遠別町字歌越,282-44,,
01486-4503-18.zip,202602101146,天塩郡遠別町字歌越,282-48,,
01486-4503-18.zip,202602101146,天塩郡遠別町字歌越,282-45,,
01486-4503-18.zip,202602101146,天塩郡遠別町字歌越,282-53,,
01486-4503-18.zip,202602101146,天塩郡遠別町字歌越,282-54,,
01486-4503-18.zip,202602101146,天塩郡遠別町字歌越,282-55,,
01486-4503-18.zip,202602101146,天塩郡遠別町字歌越,282-103,,
01486-4503-18.zip,202602101146,天塩郡遠別町字歌越,282-104,,
01486-4503-18.zip,202602101146,天塩郡遠別町字歌越,282-105,,
01486-4503-18.zip,202602101146,天塩郡遠別町字歌越,282-106,,
01486-4503-18.zip,202602101146,天塩郡遠別町字歌越,282-107,,
01486-4503-18.zip,202602101146,天塩郡遠別町字歌越,282-112,,
01486-4503-18.zip,202602101146,天塩郡遠別町字歌越,282-102,,
01486-4503-18.zip,202602101146,天塩郡遠別町字歌越,282-101,,
01486-4503-18.zip,202602101146,天塩郡遠別町字歌越,282-96,,
01486-4503-18.zip,202602101146,天塩郡遠別町字歌越,282-100,,
01486-4503-18.zip,202602101146,天塩郡遠別町字歌越,282-95,,
01486-4503-18.zip,202602101146,天塩郡遠別町字歌越,282-99,,
01486-4503-18.zip,202602101146,天塩郡遠別町字歌越,282-94,,
01486-4503-18.zip,202602101146,天塩郡遠別町字歌越,282-98,,
01486-4503-18.zip,202602101146,天塩郡遠別町字歌越,282-93,,
01486-4503-18.zip,202602101146,天塩郡遠別町字歌越,282-97,,
01486-4503-18.zip,202602101146,天塩郡遠別町字歌越,282-92,,
01486-4503-18.zip,202602101146,天塩郡遠別町字歌越,282-50,,
01486-4503-18.zip,202602101146,天塩郡遠別町字歌越,282-47,,
01486-4503-18.zip,202602101146,天塩郡遠別町字歌越,282-49,,
01486-4503-18.zip,202602101146,天塩郡遠別町字歌越,282-46,,
01486-4503-18.zip,202602101146,天塩郡遠別町字歌越,282-38,,
01486-4503-18.zip,202602101146,天塩郡遠別町字歌越,282-39,,
01486-4503-18.zip,202602101146,天塩郡遠別町字歌越,282-36,,
01486-4503-18.zip,202602101146,天塩郡遠別町字歌越,282-40,,
01486-4503-18.zip,202602101146,天塩郡遠別町字歌越,282-37,,
01486-4503-18.zip,202602101146,天塩郡遠別町字歌越,282-86,,
01486-4503-18.zip,202602101146,天塩郡遠別町字歌越,282-81,,
01486-4503-18.zip,202602101146,天塩郡遠別町字歌越,282-87,,
01486-4503-18.zip,202602101146,天塩郡遠別町字歌越,282-82,,
01486-4503-18.zip,202602101146,天塩郡遠別町字歌越,282-88,,
01486-4503-18.zip,202602101146,天塩郡遠別町字歌越,282-83,,
01486-4503-18.zip,202602101146,天塩郡遠別町字歌越,282-89,,
01486-4503-18.zip,202602101146,天塩郡遠別町字歌越,282-84,,
01486-4503-18.zip,202602101146,天塩郡遠別町字歌越,282-90,,
01486-4503-18.zip,202602101146,天塩郡遠別町字歌越,282-85,,
01486-4503-18.zip,202602101146,天塩郡遠別町字歌越,282-91,,
01486-4503-18.zip,202602101146,天塩郡遠別町字歌越,282-234,,
01486-4503-18.zip,202602101146,天塩郡遠別町字歌越,282-235,,
01486-4503-18.zip,202602101146,天塩郡遠別町字歌越,282-236,,
01486-4503-18.zip,202602101146,天塩郡遠別町字歌越,282-237,,
01486-4503-18.zip,202602101146,天塩郡遠別町字歌越,282-201,,
01486-4503-18.zip,202602101146,天塩郡遠別町字歌越,282-202,,
01486-4503-18.zip,202602101146,天塩郡遠別町字歌越,282-203,,
01486-4503-18.zip,202602101146,天塩郡遠別町字歌越,282-28,,
01486-4503-18.zip,202602101146,天塩郡遠別町字歌越,282-74,,
01486-4503-18.zip,202602101146,天塩郡遠別町字歌越,282-75,,
01486-4503-18.zip,202602101146,天塩郡遠別町字歌越,282-76,,
01486-4503-18.zip,202602101146,天塩郡遠別町字歌越,282-77,,
01486-4503-18.zip,202602101146,天塩郡遠別町字歌越,282-78,,
01486-4503-18.zip,202602101146,天塩郡遠別町字歌越,282-79,,
01486-4503-18.zip,202602101146,天塩郡遠別町字歌越,282-80,,
01486-4503-18.zip,202602101146,天塩郡遠別町字歌越,282-67,,
01486-4503-18.zip,202602101146,天塩郡遠別町字歌越,282-251,,
01486-4503-18.zip,202602101146,天塩郡遠別町字歌越,282-68,,
01486-4503-18.zip,202602101146,天塩郡遠別町字歌越,282-69,,
01486-4503-18.zip,202602101146,天塩郡遠別町字歌越,282-70,,
01486-4503-18.zip,202602101146,天塩郡遠別町字歌越,282-71,,
01486-4503-18.zip,202602101146,天塩郡遠別町字歌越,282-61,,
01486-4503-18.zip,202602101146,天塩郡遠別町字歌越,282-62,,
01486-4503-18.zip,202602101146,天塩郡遠別町字歌越,282-217,,
01486-4503-18.zip,202602101146,天塩郡遠別町字歌越,282-212,,
01486-4503-18.zip,202602101146,天塩郡遠別町字歌越,282-219,,
01486-4503-18.zip,202602101146,天塩郡遠別町字歌越,282-216,,
01486-4503-18.zip,202602101146,天塩郡遠別町字歌越,282-213,,
01486-4503-18.zip,202602101146,天塩郡遠別町字歌越,282-226,,
01486-4503-18.zip,202602101146,天塩郡遠別町字歌越,282-230,,
01486-4503-18.zip,202602101146,天塩郡遠別町字歌越,282-227,,
01486-4503-18.zip,202602101146,天塩郡遠別町字歌越,282-231,,
01486-4503-18.zip,202602101146,天塩郡遠別町字歌越,282-228,,
01486-4503-18.zip,202602101146,天塩郡遠別町字歌越,282-232,,
01486-4503-18.zip,202602101146,天塩郡遠別町字歌越,282-229,,
01486-4503-18.zip,202602101146,天塩郡遠別町字歌越,282-198,,
01486-4503-18.zip,202602101146,天塩郡遠別町字歌越,282-194,,
01486-4503-18.zip,202602101146,天塩郡遠別町字歌越,282-199,,
01486-4503-18.zip,202602101146,天塩郡遠別町字歌越,282-195,,
01486-4503-18.zip,202602101146,天塩郡遠別町字歌越,282-200,,
01486-4503-18.zip,202602101146,天塩郡遠別町字歌越,282-196,,
01486-4503-18.zip,202602101146,天塩郡遠別町字歌越,282-192,,
01486-4503-18.zip,202602101146,天塩郡遠別町字歌越,282-191,,
01486-4503-18.zip,202602101146,天塩郡遠別町字歌越,282-187,,
01486-4503-18.zip,202602101146,天塩郡遠別町字歌越,282-225,,
01486-4503-18.zip,202602101146,天塩郡遠別町字歌越,282-222,,
01486-4503-18.zip,202602101146,天塩郡遠別町字歌越,282-224,,
01486-4503-18.zip,202602101146,天塩郡遠別町字歌越,282-221,,
01486-4503-18.zip,202602101146,天塩郡遠別町字歌越,282-223,,
01486-4503-18.zip,202602101146,天塩郡遠別町字歌越,282-220,,
01486-4503-18.zip,202602101146,天塩郡遠別町,地区外-253327,,
01486-4503-18.zip,202602101146,天塩郡遠別町字歌越,637,,
01486-4503-18.zip,202602101146,天塩郡遠別町字歌越,276-3,,
01486-4503-18.zip,202602101146,天塩郡遠別町字歌越,684,,
01486-4503-18.zip,202602101146,天塩郡遠別町字歌越,276-9,,
01486-4503-18.zip,202602101146,天塩郡遠別町字歌越,276-1,,
01486-4503-18.zip,202602101146,天塩郡遠別町字歌越,276-5,,
01486-4503-18.zip,202602101146,天塩郡遠別町字歌越,276-6,,
01486-4503-18.zip,202602101146,天塩郡遠別町,地区外-253335,,
01486-4503-18.zip,202602101146,天塩郡遠別町字歌越,267-1,,
01486-4503-18.zip,202602101146,天塩郡遠別町字歌越,267-2,,
01486-4503-18.zip,202602101146,天塩郡遠別町字歌越,268-1,,
01486-4503-18.zip,202602101146,天塩郡遠別町字歌越,269-2,,
01486-4503-18.zip,202602101146,天塩郡遠別町字歌越,269-1,,
01486-4503-18.zip,202602101146,天塩郡遠別町字歌越,269-5,,
01486-4503-18.zip,202602101146,天塩郡遠別町字歌越,269-6,,
01486-4503-18.zip,202602101146,天塩郡遠別町字歌越,656,,
01486-4503-18.zip,202602101146,天塩郡遠別町字歌越,273-2,,
01486-4503-18.zip,202602101146,天塩郡遠別町字歌越,657,,
01486-4503-18.zip,202602101146,天塩郡遠別町字歌越,269-4,,
01486-4503-18.zip,202602101146,天塩郡遠別町字歌越,270-1,,
01486-4503-18.zip,202602101146,天塩郡遠別町字歌越,269-3,,
01486-4503-18.zip,202602101146,天塩郡遠別町字歌越,269-7,,
01486-4503-18.zip,202602101146,天塩郡遠別町字歌越,282-21,,
01486-4503-18.zip,202602101146,天塩郡遠別町字歌越,282-29,,
01486-4503-18.zip,202602101146,天塩郡遠別町字歌越,282-13,,
01486-4503-18.zip,202602101146,天塩郡遠別町字歌越,282-14,,
01486-4503-18.zip,202602101146,天塩郡遠別町字歌越,282-15,,
01486-4503-18.zip,202602101146,天塩郡遠別町字歌越,282-7,,
01486-4503-18.zip,202602101146,天塩郡遠別町字歌越,282-8,,
01486-4503-18.zip,202602101146,天塩郡遠別町字歌越,282-9,,
01486-4503-18.zip,202602101146,天塩郡遠別町字歌越,282-30,,
01486-4503-18.zip,202602101146,天塩郡遠別町字歌越,282-41,,
01486-4503-18.zip,202602101146,天塩郡遠別町字歌越,282-31,,
01486-4503-18.zip,202602101146,天塩郡遠別町字歌越,282-32,,
01486-4503-18.zip,202602101146,天塩郡遠別町字歌越,282-22,,
01486-4503-18.zip,202602101146,天塩郡遠別町字歌越,282-23,,
01486-4503-18.zip,202602101146,天塩郡遠別町字歌越,282-24,,
01486-4503-18.zip,202602101146,天塩郡遠別町字歌越,282-33,,
01486-4503-18.zip,202602101146,天塩郡遠別町字歌越,282-43,,
01486-4503-18.zip,202602101146,天塩郡遠別町字歌越,282-42,,
01486-4503-18.zip,202602101146,天塩郡遠別町字歌越,282-51,,
01486-4503-18.zip,202602101146,天塩郡遠別町字歌越,282-35,,
01486-4503-18.zip,202602101146,天塩郡遠別町字歌越,282-34,,
01486-4503-18.zip,202602101146,天塩郡遠別町字歌越,282-25,,
01486-4503-18.zip,202602101146,天塩郡遠別町字歌越,282-17,,
01486-4503-18.zip,202602101146,天塩郡遠別町字歌越,282-16,,
01486-4503-18.zip,202602101146,天塩郡遠別町字歌越,282-27,,
01486-4503-18.zip,202602101146,天塩郡遠別町字歌越,282-20,,
01486-4503-18.zip,202602101146,天塩郡遠別町字歌越,282-60,,
01486-4503-18.zip,202602101146,天塩郡遠別町字歌越,282-12,,
01486-4503-18.zip,202602101146,天塩郡遠別町字歌越,282-11,,
01486-4503-18.zip,202602101146,天塩郡遠別町字歌越,282-19,,
01486-4503-18.zip,202602101146,天塩郡遠別町字歌越,282-18,,
01486-4503-18.zip,202602101146,天塩郡遠別町字歌越,282-26,,
01486-4503-18.zip,202602101146,天塩郡遠別町字歌越,282-10,,
01486-4503-18.zip,202602101146,天塩郡遠別町字歌越,613,,
01486-4503-18.zip,202602101146,天塩郡遠別町,地区外-253384,,
01486-4503-18.zip,202602101146,天塩郡遠別町字歌越,614,,
01486-4503-18.zip,202602101146,天塩郡遠別町字歌越,道-2,,
01486-4503-18.zip,202602101146,天塩郡遠別町字歌越,391-4,,
01486-4503-18.zip,202602101146,天塩郡遠別町字歌越,392-1,,
01486-4503-18.zip,202602101146,天塩郡遠別町字歌越,道-3,,
01486-4503-18.zip,202602101146,天塩郡遠別町字歌越,392-3,,
01486-4503-18.zip,202602101146,天塩郡遠別町字歌越,391-2,,
01486-4503-18.zip,202602101146,天塩郡遠別町,地区外-253392,,
01486-4503-18.zip,202602101146,天塩郡遠別町字歌越,385-1,,
01486-4503-18.zip,202602101146,天塩郡遠別町字歌越,620,,
01486-4503-18.zip,202602101146,天塩郡遠別町字歌越,386-3,,
01486-4503-18.zip,202602101146,天塩郡遠別町字歌越,616,,
01486-4503-18.zip,202602101146,天塩郡遠別町字歌越,389,,
01486-4503-18.zip,202602101146,天塩郡遠別町字歌越,388-3,,
01486-4503-18.zip,202602101146,天塩郡遠別町,地区外-253399,,
01486-4503-18.zip,202602101146,天塩郡遠別町字歌越,617,,
01486-4503-18.zip,202602101146,天塩郡遠別町字歌越,387-4,,
01486-4503-18.zip,202602101146,天塩郡遠別町字歌越,612,,
01486-4503-18.zip,202602101146,天塩郡遠別町字歌越,387-1,,
01486-4503-18.zip,202602101146,天塩郡遠別町字歌越,618,,
01486-4503-18.zip,202602101146,天塩郡遠別町字歌越,611,,
01486-4503-18.zip,202602101146,天塩郡遠別町字歌越,道-4,,
01486-4503-18.zip,202602101146,天塩郡遠別町字歌越,619,,
01486-4503-18.zip,202602101146,天塩郡遠別町字歌越,610,,
01486-4503-18.zip,202602101146,天塩郡遠別町字歌越,621,,
01486-4503-18.zip,202602101146,天塩郡遠別町字歌越,384-1,,
01486-4503-18.zip,202602101146,天塩郡遠別町字歌越,道-5,,
01486-4503-18.zip,202602101146,天塩郡遠別町字歌越,385-3,,
01486-4503-18.zip,202602101146,天塩郡遠別町字歌越,386-1,,
01486-4503-18.zip,202602101146,天塩郡遠別町字歌越,390-1,,
01486-4503-18.zip,202602101146,天塩郡遠別町字歌越,391-1,,
01486-4503-18.zip,202602101146,天塩郡遠別町字歌越,390-3,,
01486-4503-18.zip,202602101146,天塩郡遠別町字歌越,615,,
01486-4503-18.zip,202602101146,天塩郡遠別町字歌越,388-1,,
01486-4503-18.zip,202602101146,天塩郡遠別町字歌越,387-3,,
01486-4503-18.zip,202602101146,天塩郡遠別町字歌越,622,,
01486-4503-18.zip,202602101146,天塩郡遠別町字歌越,384-3,,
01486-4503-18.zip,202602101146,天塩郡遠別町字歌越,635,,
01486-4503-18.zip,202602101146,天塩郡遠別町字歌越,370-1,,
01486-4503-18.zip,202602101146,天塩郡遠別町字歌越,381-1,,
01486-4503-18.zip,202602101146,天塩郡遠別町字歌越,水-9,,
01486-4503-18.zip,202602101146,天塩郡遠別町,地区外-253426,,
01486-4503-18.zip,202602101146,天塩郡遠別町字歌越,382-1,,
01486-4503-18.zip,202602101146,天塩郡遠別町字歌越,水-10,,
01486-4503-18.zip,202602101146,天塩郡遠別町字歌越,道-6,,
01486-4503-18.zip,202602101146,天塩郡遠別町字歌越,623,,
01486-4503-18.zip,202602101146,天塩郡遠別町字歌越,道-7,,
01486-4503-18.zip,202602101146,天塩郡遠別町字歌越,624,,
01486-4503-18.zip,202602101146,天塩郡遠別町字歌越,383-2,,
01486-4503-18.zip,202602101146,天塩郡遠別町,地区外-253434,,
01486-4503-18.zip,202602101146,天塩郡遠別町字歌越,394-2,,
01486-4503-18.zip,202602101146,天塩郡遠別町字歌越,634,,
01486-4503-18.zip,202602101146,天塩郡遠別町字歌越,370-4,,
01486-4503-18.zip,202602101146,天塩郡遠別町字歌越,371-8,,
01486-4503-18.zip,202602101146,天塩郡遠別町字歌越,371-9,,
01486-4503-18.zip,202602101146,天塩郡遠別町字歌越,371-14,,
01486-4503-18.zip,202602101146,天塩郡遠別町字歌越,630,,
01486-4503-18.zip,202602101146,天塩郡遠別町字歌越,374-6,,
01486-4503-18.zip,202602101146,天塩郡遠別町字歌越,374-5,,
01486-4503-18.zip,202602101146,天塩郡遠別町字歌越,374-4,,
01486-4503-18.zip,202602101146,天塩郡遠別町字歌越,374-1,,
01486-4503-18.zip,202602101146,天塩郡遠別町字歌越,628,,
01486-4503-18.zip,202602101146,天塩郡遠別町字歌越,675,,
01486-4503-18.zip,202602101146,天塩郡遠別町字歌越,371-1,,
01486-4503-18.zip,202602101146,天塩郡遠別町字歌越,371-6,,
01486-4503-18.zip,202602101146,天塩郡遠別町字歌越,631,,
01486-4503-18.zip,202602101146,天塩郡遠別町字歌越,371-2,,
01486-4503-18.zip,202602101146,天塩郡遠別町字歌越,632,,
01486-4503-18.zip,202602101146,天塩郡遠別町字歌越,629,,
01486-4503-18.zip,202602101146,天塩郡遠別町字歌越,371-3,,
01486-4503-18.zip,202602101146,天塩郡遠別町字歌越,374-2,,
01486-4503-18.zip,202602101146,天塩郡遠別町字歌越,376-8,,
01486-4503-18.zip,202602101146,天塩郡遠別町字歌越,376-7,,
01486-4503-18.zip,202602101146,天塩郡遠別町字歌越,376-4,,
01486-4503-18.zip,202602101146,天塩郡遠別町字歌越,626,,
01486-4503-18.zip,202602101146,天塩郡遠別町字歌越,378-2,,
01486-4503-18.zip,202602101146,天塩郡遠別町字歌越,379-3,,
01486-4503-18.zip,202602101146,天塩郡遠別町字歌越,381-3,,
01486-4503-18.zip,202602101146,天塩郡遠別町字歌越,625,,
01486-4503-18.zip,202602101146,天塩郡遠別町字歌越,379-1,,
01486-4503-18.zip,202602101146,天塩郡遠別町字歌越,627,,
01486-4503-18.zip,202602101146,天塩郡遠別町字歌越,378-4,,
01486-4503-18.zip,202602101146,天塩郡遠別町字歌越,375-3,,
01486-4503-18.zip,202602101146,天塩郡遠別町字歌越,375-1,,
01486-4503-18.zip,202602101146,天塩郡遠別町字歌越,375-2,,
01486-4503-18.zip,202602101146,天塩郡遠別町字歌越,376-5,,
01486-4503-18.zip,202602101146,天塩郡遠別町字歌越,679,,
01486-4503-18.zip,202602101146,天塩郡遠別町字歌越,680,,
01486-4503-18.zip,202602101146,天塩郡遠別町字歌越,681,,
01486-4503-18.zip,202602101146,天塩郡遠別町字歌越,378-5,,
01486-4503-18.zip,202602101146,天塩郡遠別町字歌越,378-1,,
01486-4503-18.zip,202602101146,天塩郡遠別町字歌越,380,,
01486-4503-18.zip,202602101146,天塩郡遠別町字歌越,382-3,,
01486-4503-18.zip,202602101146,天塩郡遠別町,地区外-253478,,
01486-4503-18.zip,202602101146,天塩郡遠別町字歌越,371-7,,
01486-4503-18.zip,202602101146,天塩郡遠別町字歌越,674,,
01486-4503-18.zip,202602101146,天塩郡遠別町字歌越,682,,
01486-4503-18.zip,202602101146,天塩郡遠別町字歌越,683,,
01486-4503-18.zip,202602101146,天塩郡遠別町,地区外-253483,,
01486-4503-18.zip,202602101146,天塩郡遠別町字歌越,651,,
01486-4503-18.zip,202602101146,天塩郡遠別町字歌越,652,,
01486-4503-18.zip,202602101146,天塩郡遠別町字歌越,393,,
01486-4503-18.zip,202602101146,天塩郡遠別町字歌越,653,,
01486-4503-18.zip,202602101146,天塩郡遠別町字歌越,325-1,,
01486-4503-18.zip,202602101146,天塩郡遠別町字歌越,654,,
01486-4503-18.zip,202602101146,天塩郡遠別町字歌越,655,,
01486-4503-18.zip,202602101146,天塩郡遠別町字歌越,326,,
01486-4503-18.zip,202602101146,天塩郡遠別町字歌越,325-2,,
01486-4503-18.zip,202602101146,天塩郡遠別町字歌越,309-1,,
01486-4503-18.zip,202602101146,天塩郡遠別町字歌越,水-11,,
01486-4503-18.zip,202602101146,天塩郡遠別町字歌越,312-1,,
01486-4503-18.zip,202602101146,天塩郡遠別町字歌越,337-3,,
01486-4503-18.zip,202602101146,天塩郡遠別町字歌越,337-5,,
01486-4503-18.zip,202602101146,天塩郡遠別町字歌越,337-1,,
01486-4503-18.zip,202602101146,天塩郡遠別町字歌越,337-4,,
01486-4503-18.zip,202602101146,天塩郡遠別町字歌越,337-7,,
01486-4503-18.zip,202602101146,天塩郡遠別町字歌越,337-8,,
01486-4503-18.zip,202602101146,天塩郡遠別町字歌越,668,,
01486-4503-18.zip,202602101146,天塩郡遠別町字歌越,347-1,,
01486-4503-18.zip,202602101146,天塩郡遠別町字歌越,道-8,,
01486-4503-18.zip,202602101146,天塩郡遠別町字歌越,350-1,,
01486-4503-18.zip,202602101146,天塩郡遠別町字歌越,350-17,,
01486-4503-18.zip,202602101146,天塩郡遠別町字歌越,350-8,,
01486-4503-18.zip,202602101146,天塩郡遠別町字歌越,670,,
01486-4503-18.zip,202602101146,天塩郡遠別町字歌越,357-1,,
01486-4503-18.zip,202602101146,天塩郡遠別町字歌越,673,,
01486-4503-18.zip,202602101146,天塩郡遠別町字歌越,360-1,,
01486-4503-18.zip,202602101146,天塩郡遠別町字歌越,362-2,,
01486-4503-18.zip,202602101146,天塩郡遠別町字歌越,362-1,,
01486-4503-18.zip,202602101146,天塩郡遠別町字歌越,371-11,,
01486-4503-18.zip,202602101146,天塩郡遠別町字歌越,371-15,,
01486-4503-18.zip,202602101146,天塩郡遠別町字歌越,371-13,,
01486-4503-18.zip,202602101146,天塩郡遠別町字歌越,371-12,,
01486-4503-18.zip,202602101146,天塩郡遠別町字歌越,362-6,,
01486-4503-18.zip,202602101146,天塩郡遠別町字歌越,362-4,,
01486-4503-18.zip,202602101146,天塩郡遠別町字歌越,362-5,,
01486-4503-18.zip,202602101146,天塩郡遠別町字歌越,362-3,,
01486-4503-18.zip,202602101146,天塩郡遠別町字歌越,371-10,,
01486-4503-18.zip,202602101146,天塩郡遠別町字歌越,347-5,,
01486-4503-18.zip,202602101146,天塩郡遠別町字歌越,347-3,,
01486-4503-18.zip,202602101146,天塩郡遠別町字歌越,347-4,,
01486-4503-18.zip,202602101146,天塩郡遠別町字歌越,667,,
01486-4503-18.zip,202602101146,天塩郡遠別町字歌越,337-6,,
01486-4503-18.zip,202602101146,天塩郡遠別町字歌越,329-1,,
01486-4503-18.zip,202602101146,天塩郡遠別町字歌越,水-12,,
01486-4503-18.zip,202602101146,天塩郡遠別町字歌越,331-1,,
01486-4503-18.zip,202602101146,天塩郡遠別町字歌越,340-1,,
01486-4503-18.zip,202602101146,天塩郡遠別町字歌越,340-6,,
01486-4503-18.zip,202602101146,天塩郡遠別町字歌越,331-3,,
01486-4503-18.zip,202602101146,天塩郡遠別町字歌越,340-10,,
01486-4503-18.zip,202602101146,天塩郡遠別町字歌越,331-5,,
01486-4503-18.zip,202602101146,天塩郡遠別町字歌越,340-8,,
01486-4503-18.zip,202602101146,天塩郡遠別町字歌越,331-4,,
01486-4503-18.zip,202602101146,天塩郡遠別町字歌越,328-1,,
01486-4503-18.zip,202602101146,天塩郡遠別町字歌越,340-4,,
01486-4503-18.zip,202602101146,天塩郡遠別町字歌越,340-7,,
01486-4503-18.zip,202602101146,天塩郡遠別町字歌越,340-3,,
01486-4503-18.zip,202602101146,天塩郡遠別町字歌越,水-13,,
01486-4503-18.zip,202602101146,天塩郡遠別町字歌越,339-1,,
01486-4503-18.zip,202602101146,天塩郡遠別町字歌越,340-5,,
01486-4503-18.zip,202602101146,天塩郡遠別町字歌越,665,,
01486-4503-18.zip,202602101146,天塩郡遠別町字歌越,669,,
01486-4503-18.zip,202602101146,天塩郡遠別町字歌越,水-14,,
01486-4503-18.zip,202602101146,天塩郡遠別町字歌越,346-1,,
01486-4503-18.zip,202602101146,天塩郡遠別町字歌越,343-1,,
01486-4503-18.zip,202602101146,天塩郡遠別町字歌越,343-3,,
01486-4503-18.zip,202602101146,天塩郡遠別町字歌越,343-6,,
01486-4503-18.zip,202602101146,天塩郡遠別町字歌越,370-6,,
01486-4503-18.zip,202602101146,天塩郡遠別町字歌越,343-4,,
01486-4503-18.zip,202602101146,天塩郡遠別町字歌越,水-15,,
01486-4503-18.zip,202602101146,天塩郡遠別町字歌越,343-7,,
01486-4503-18.zip,202602101146,天塩郡遠別町字歌越,343-5,,
01486-4503-18.zip,202602101146,天塩郡遠別町字歌越,370-2,,
01486-4503-18.zip,202602101146,天塩郡遠別町字歌越,353-3,,
01486-4503-18.zip,202602101146,天塩郡遠別町字歌越,672,,
01486-4503-18.zip,202602101146,天塩郡遠別町字歌越,353-1,,
01486-4503-18.zip,202602101146,天塩郡遠別町字歌越,340-9,,
01486-4503-18.zip,202602101146,天塩郡遠別町字歌越,328-2,,
01486-4503-18.zip,202602101146,天塩郡遠別町字歌越,671,,
01486-4503-18.zip,202602101146,天塩郡遠別町字歌越,358,,
01486-4503-18.zip,202602101146,天塩郡遠別町字歌越,359-4,,
01486-4503-18.zip,202602101146,天塩郡遠別町字歌越,359-1,,
01486-4503-18.zip,202602101146,天塩郡遠別町字歌越,359-3,,
01486-4503-18.zip,202602101146,天塩郡遠別町字歌越,677,,
01486-4503-18.zip,202602101146,天塩郡遠別町字歌越,678,,
01486-4503-18.zip,202602101146,天塩郡遠別町字歌越,368-2,,
01486-4503-18.zip,202602101146,天塩郡遠別町字歌越,360-3,,
01486-4503-18.zip,202602101146,天塩郡遠別町字歌越,368-1,,
01486-4503-18.zip,202602101146,天塩郡遠別町字歌越,368-3,,
01486-4503-18.zip,202602101146,天塩郡遠別町字歌越,368-4,,
01486-4503-18.zip,202602101146,天塩郡遠別町字歌越,369-4,,
01486-4503-18.zip,202602101146,天塩郡遠別町字歌越,633,,
01486-4503-18.zip,202602101146,天塩郡遠別町,地区外-253577,,
01486-4503-18.zip,202602101146,天塩郡遠別町,地区外-253578,,
01486-4503-18.zip,202602101146,天塩郡遠別町字歌越,312-2,,
01486-4503-18.zip,202602101146,天塩郡遠別町字歌越,320-5,,
01486-4503-18.zip,202602101146,天塩郡遠別町字歌越,320-2,,
01486-4503-18.zip,202602101146,天塩郡遠別町字歌越,320-4,,
01486-4503-18.zip,202602101146,天塩郡遠別町字歌越,321-2,,
01486-4503-18.zip,202602101146,天塩郡遠別町字歌越,319-2,,
01486-4503-18.zip,202602101146,天塩郡遠別町字歌越,319-1,,
01486-4503-18.zip,202602101146,天塩郡遠別町字歌越,318,,
01486-4503-18.zip,202602101146,天塩郡遠別町字歌越,327-2,,
01486-4503-18.zip,202602101146,天塩郡遠別町字歌越,329-2,,
01486-4503-18.zip,202602101146,天塩郡遠別町字歌越,316-6,,
01486-4503-18.zip,202602101146,天塩郡遠別町字歌越,316-5,,
01486-4503-18.zip,202602101146,天塩郡遠別町字歌越,316-3,,
01486-4503-18.zip,202602101146,天塩郡遠別町字歌越,316-1,,
01486-4503-18.zip,202602101146,天塩郡遠別町字歌越,316-4,,
01486-4503-18.zip,202602101146,天塩郡遠別町字歌越,329-3,,
01486-4503-18.zip,202602101146,天塩郡遠別町字歌越,329-5,,
01486-4503-18.zip,202602101146,天塩郡遠別町字歌越,329-4,,
01486-4503-18.zip,202602101146,天塩郡遠別町,地区外-253597,,
01486-4503-18.zip,202602101146,天塩郡遠別町字歌越,288-3,,
01486-4503-18.zip,202602101146,天塩郡遠別町字歌越,288-4,,
01486-4503-18.zip,202602101146,天塩郡遠別町字歌越,289-3,,
01486-4503-18.zip,202602101146,天塩郡遠別町字歌越,289-1,,
01486-4503-18.zip,202602101146,天塩郡遠別町字歌越,661,,
01486-4503-18.zip,202602101146,天塩郡遠別町字歌越,660,,
01486-4503-18.zip,202602101146,天塩郡遠別町字歌越,659,,
01486-4503-18.zip,202602101146,天塩郡遠別町字歌越,658,,
01486-4503-18.zip,202602101146,天塩郡遠別町字歌越,299-5,,
01486-4503-18.zip,202602101146,天塩郡遠別町字歌越,299-4,,
01486-4503-18.zip,202602101146,天塩郡遠別町字歌越,299-3,,
01486-4503-18.zip,202602101146,天塩郡遠別町字歌越,663,,
01486-4503-18.zip,202602101146,天塩郡遠別町字歌越,664,,
01486-4503-18.zip,202602101146,天塩郡遠別町字歌越,309-4,,
01486-4503-18.zip,202602101146,天塩郡遠別町字歌越,309-5,,
01486-4503-18.zip,202602101146,天塩郡遠別町字歌越,309-2,,
01486-4503-18.zip,202602101146,天塩郡遠別町字歌越,309-3,,
01486-4503-18.zip,202602101146,天塩郡遠別町字歌越,314-1,,
01486-4503-18.zip,202602101146,天塩郡遠別町字歌越,315-1,,
01486-4503-18.zip,202602101146,天塩郡遠別町字歌越,315-3,,
01486-4503-18.zip,202602101146,天塩郡遠別町字歌越,666,,
01486-4503-18.zip,202602101146,天塩郡遠別町字歌越,305-1,,
01486-4503-18.zip,202602101146,天塩郡遠別町字歌越,301-1,,
01486-4503-18.zip,202602101146,天塩郡遠別町字歌越,292-1,,
01486-4503-18.zip,202602101146,天塩郡遠別町字歌越,294-1,,
01486-4503-18.zip,202602101146,天塩郡遠別町字歌越,662,,
01486-4503-18.zip,202602101146,天塩郡遠別町字歌越,292-3,,
01486-4503-18.zip,202602101146,天塩郡遠別町字歌越,301-3,,
01486-4503-18.zip,202602101146,天塩郡遠別町字歌越,305-3,,
01486-4503-18.zip,202602101146,天塩郡遠別町字歌越,295-1,,
01486-4503-18.zip,202602101146,天塩郡遠別町字歌越,水-16,,
01486-4503-18.zip,202602101146,天塩郡遠別町字歌越,299-1,,
01486-4503-18.zip,202602101146,天塩郡遠別町字歌越,299-8,,
01486-4503-18.zip,202602101146,天塩郡遠別町字歌越,306-3,,
01486-4503-18.zip,202602101146,天塩郡遠別町字歌越,299-7,,
01486-4503-18.zip,202602101146,天塩郡遠別町字歌越,299-9,,
01486-4503-18.zip,202602101146,天塩郡遠別町字歌越,299-6,,
01486-4503-18.zip,202602101146,天塩郡遠別町字歌越,道-1,,
01486-4503-18.zip,202602101146,天塩郡遠別町字歌越,306-4,,
01486-4503-18.zip,202602101146,天塩郡遠別町字歌越,306-2,,
01486-4503-18.zip,202602101146,天塩郡遠別町字歌越,306-1,,
01486-4503-19.zip,202602101146,天塩郡遠別町,地区外-255802,,
01486-4503-19.zip,202602101146,天塩郡遠別町,地区外-255803,,
01486-4503-19.zip,202602101146,天塩郡遠別町字久光,水-1,,
01486-4503-19.zip,202602101146,天塩郡遠別町字幸和,水-2,,
01486-4503-19.zip,202602101146,天塩郡遠別町,地区外-255806,,
01486-4503-19.zip,202602101146,天塩郡遠別町字久光,1223,,
01486-4503-19.zip,202602101146,天塩郡遠別町,地区外-255808,,
01486-4503-19.zip,202602101146,天塩郡遠別町字久光,1222,,
01486-4503-19.zip,202602101146,天塩郡遠別町字久光,66-1,,
01486-4503-19.zip,202602101146,天塩郡遠別町字久光,65-2,,
01486-4503-19.zip,202602101146,天塩郡遠別町字久光,1221,,
01486-4503-19.zip,202602101146,天塩郡遠別町字久光,84,,
01486-4503-19.zip,202602101146,天塩郡遠別町字久光,83-2,,
01486-4503-19.zip,202602101146,天塩郡遠別町字久光,道-1,,
01486-4503-19.zip,202602101146,天塩郡遠別町字久光,85-3,,
01486-4503-19.zip,202602101146,天塩郡遠別町字久光,1115-1,,
01486-4503-19.zip,202602101146,天塩郡遠別町字久光,1126-1,,
01486-4503-19.zip,202602101146,天塩郡遠別町字久光,1224,,
01486-4503-19.zip,202602101146,天塩郡遠別町字久光,79-2,,
01486-4503-19.zip,202602101146,天塩郡遠別町字久光,1228,,
01486-4503-19.zip,202602101146,天塩郡遠別町字久光,1233,,
01486-4503-19.zip,202602101146,天塩郡遠別町字久光,1230,,
01486-4503-19.zip,202602101146,天塩郡遠別町字幸和,820,,
01486-4503-19.zip,202602101146,天塩郡遠別町字幸和,384-11,,
01486-4503-19.zip,202602101146,天塩郡遠別町,地区外-255826,,
01486-4503-19.zip,202602101146,天塩郡遠別町字幸和,道-2,,
01486-4503-19.zip,202602101146,天塩郡遠別町字幸和,821,,
01486-4503-19.zip,202602101146,天塩郡遠別町字幸和,822,,
01486-4503-19.zip,202602101146,天塩郡遠別町字幸和,824,,
01486-4503-19.zip,202602101146,天塩郡遠別町字幸和,825,,
01486-4503-19.zip,202602101146,天塩郡遠別町字幸和,823,,
01486-4503-19.zip,202602101146,天塩郡遠別町字久光,1250,,
01486-4503-19.zip,202602101146,天塩郡遠別町字久光,道-3,,
01486-4503-19.zip,202602101146,天塩郡遠別町字久光,1245,,
01486-4503-19.zip,202602101146,天塩郡遠別町字久光,1252,,
01486-4503-19.zip,202602101146,天塩郡遠別町字久光,1239,,
01486-4503-19.zip,202602101146,天塩郡遠別町字久光,1254,,
01486-4503-19.zip,202602101146,天塩郡遠別町字久光,1251,,
01486-4503-19.zip,202602101146,天塩郡遠別町字久光,水-3,,
01486-4503-19.zip,202602101146,天塩郡遠別町字久光,1247,,
01486-4503-19.zip,202602101146,天塩郡遠別町字久光,1240,,
01486-4503-19.zip,202602101146,天塩郡遠別町字久光,1241,,
01486-4503-19.zip,202602101146,天塩郡遠別町字久光,1242,,
01486-4503-19.zip,202602101146,天塩郡遠別町字久光,1244,,
01486-4503-19.zip,202602101146,天塩郡遠別町字久光,1249,,
01486-4503-19.zip,202602101146,天塩郡遠別町字久光,1243,,
01486-4503-19.zip,202602101146,天塩郡遠別町字久光,1246,,
01486-4503-19.zip,202602101146,天塩郡遠別町字久光,1255-1,,
01486-4503-19.zip,202602101146,天塩郡遠別町字久光,1255-3,,
01486-4503-19.zip,202602101146,天塩郡遠別町字久光,1255-2,,
01486-4503-19.zip,202602101146,天塩郡遠別町字久光,1253,,
01486-4503-19.zip,202602101146,天塩郡遠別町字久光,1274,,
01486-4503-19.zip,202602101146,天塩郡遠別町字久光,1256,,
01486-4503-19.zip,202602101146,天塩郡遠別町字幸和,827,,
01486-4503-19.zip,202602101146,天塩郡遠別町字幸和,826,,
01486-4503-19.zip,202602101146,天塩郡遠別町字幸和,840-1,,
01486-4503-19.zip,202602101146,天塩郡遠別町字幸和,839,,
01486-4503-19.zip,202602101146,天塩郡遠別町字幸和,835,,
01486-4503-19.zip,202602101146,天塩郡遠別町字幸和,834,,
01486-4503-19.zip,202602101146,天塩郡遠別町字幸和,830,,
01486-4503-19.zip,202602101146,天塩郡遠別町字幸和,855,,
01486-4503-19.zip,202602101146,天塩郡遠別町字幸和,853,,
01486-4503-19.zip,202602101146,天塩郡遠別町字幸和,833,,
01486-4503-19.zip,202602101146,天塩郡遠別町字幸和,832,,
01486-4503-19.zip,202602101146,天塩郡遠別町字幸和,831,,
01486-4503-19.zip,202602101146,天塩郡遠別町字幸和,829,,
01486-4503-19.zip,202602101146,天塩郡遠別町字幸和,848,,
01486-4503-19.zip,202602101146,天塩郡遠別町字幸和,847,,
01486-4503-19.zip,202602101146,天塩郡遠別町字幸和,828,,
01486-4503-19.zip,202602101146,天塩郡遠別町字幸和,852,,
01486-4503-19.zip,202602101146,天塩郡遠別町字幸和,849,,
01486-4503-19.zip,202602101146,天塩郡遠別町字幸和,850,,
01486-4503-19.zip,202602101146,天塩郡遠別町字幸和,851,,
01486-4503-19.zip,202602101146,天塩郡遠別町字幸和,854,,
01486-4503-19.zip,202602101146,天塩郡遠別町,地区外-255876,,
01486-4503-19.zip,202602101146,天塩郡遠別町字幸和,841,,
01486-4503-19.zip,202602101146,天塩郡遠別町字幸和,842,,
01486-4503-19.zip,202602101146,天塩郡遠別町字幸和,843,,
01486-4503-19.zip,202602101146,天塩郡遠別町字幸和,845,,
01486-4503-19.zip,202602101146,天塩郡遠別町字幸和,844,,
01486-4503-19.zip,202602101146,天塩郡遠別町字幸和,846,,
01486-4503-19.zip,202602101146,天塩郡遠別町字幸和,757-1,,
01486-4503-19.zip,202602101146,天塩郡遠別町字幸和,769,,
01486-4503-19.zip,202602101146,天塩郡遠別町字幸和,772,,
01486-4503-19.zip,202602101146,天塩郡遠別町字幸和,774,,
01486-4503-19.zip,202602101146,天塩郡遠別町字幸和,773,,
01486-4503-19.zip,202602101146,天塩郡遠別町字幸和,水-4,,
01486-4503-19.zip,202602101146,天塩郡遠別町字幸和,道-4,,
01486-4503-19.zip,202602101146,天塩郡遠別町字幸和,水-5,,
01486-4503-19.zip,202602101146,天塩郡遠別町字幸和,水-6,,
01486-4503-19.zip,202602101146,天塩郡遠別町字幸和,782,,
01486-4503-19.zip,202602101146,天塩郡遠別町字幸和,777-1,,
01486-4503-19.zip,202602101146,天塩郡遠別町字幸和,787,,
01486-4503-19.zip,202602101146,天塩郡遠別町字幸和,788-1,,
01486-4503-19.zip,202602101146,天塩郡遠別町字幸和,道-5,,
01486-4503-19.zip,202602101146,天塩郡遠別町字幸和,878,,
01486-4503-19.zip,202602101146,天塩郡遠別町字幸和,320-7,,
01486-4503-19.zip,202602101146,天塩郡遠別町字幸和,320-1,,
01486-4503-19.zip,202602101146,天塩郡遠別町字幸和,319-1,,
01486-4503-19.zip,202602101146,天塩郡遠別町字幸和,水-7,,
01486-4503-19.zip,202602101146,天塩郡遠別町字幸和,320-6,,
01486-4503-19.zip,202602101146,天塩郡遠別町字幸和,874-1,,
01486-4503-19.zip,202602101146,天塩郡遠別町字幸和,873,,
01486-4503-19.zip,202602101146,天塩郡遠別町字幸和,872,,
01486-4503-19.zip,202602101146,天塩郡遠別町字幸和,871-1,,
01486-4503-19.zip,202602101146,天塩郡遠別町字幸和,870-1,,
01486-4503-19.zip,202602101146,天塩郡遠別町字幸和,875-1,,
01486-4503-19.zip,202602101146,天塩郡遠別町字幸和,786-1,,
01486-4503-19.zip,202602101146,天塩郡遠別町字幸和,784-1,,
01486-4503-19.zip,202602101146,天塩郡遠別町字幸和,783,,
01486-4503-19.zip,202602101146,天塩郡遠別町字幸和,780,,
01486-4503-19.zip,202602101146,天塩郡遠別町字幸和,779-1,,
01486-4503-19.zip,202602101146,天塩郡遠別町字幸和,778,,
01486-4503-19.zip,202602101146,天塩郡遠別町字幸和,776,,
01486-4503-19.zip,202602101146,天塩郡遠別町字幸和,779-2,,
01486-4503-19.zip,202602101146,天塩郡遠別町字幸和,877,,
01486-4503-19.zip,202602101146,天塩郡遠別町字幸和,876,,
01486-4503-19.zip,202602101146,天塩郡遠別町字幸和,717-1,,
01486-4503-19.zip,202602101146,天塩郡遠別町字幸和,716-1,,
01486-4503-19.zip,202602101146,天塩郡遠別町字幸和,道-6,,
01486-4503-19.zip,202602101146,天塩郡遠別町字幸和,715-1,,
01486-4503-19.zip,202602101146,天塩郡遠別町字幸和,744-1,,
01486-4503-19.zip,202602101146,天塩郡遠別町字幸和,道-7,,
01486-4503-19.zip,202602101146,天塩郡遠別町字幸和,790-1,,
01486-4503-19.zip,202602101146,天塩郡遠別町字幸和,792-1,,
01486-4503-19.zip,202602101146,天塩郡遠別町字幸和,791-1,,
01486-4503-19.zip,202602101146,天塩郡遠別町字幸和,794-1,,
01486-4503-19.zip,202602101146,天塩郡遠別町字幸和,795-1,,
01486-4503-19.zip,202602101146,天塩郡遠別町字幸和,796-1,,
01486-4503-19.zip,202602101146,天塩郡遠別町字幸和,797-1,,
01486-4503-19.zip,202602101146,天塩郡遠別町字幸和,800-1,,
01486-4503-19.zip,202602101146,天塩郡遠別町字幸和,766,,
01486-4503-19.zip,202602101146,天塩郡遠別町字幸和,765-1,,
01486-4503-19.zip,202602101146,天塩郡遠別町字幸和,771,,
01486-4503-19.zip,202602101146,天塩郡遠別町字幸和,770-1,,
01486-4503-19.zip,202602101146,天塩郡遠別町字幸和,770-2,,
01486-4503-19.zip,202602101146,天塩郡遠別町字幸和,768,,
01486-4503-19.zip,202602101146,天塩郡遠別町字幸和,760-1,,
01486-4503-19.zip,202602101146,天塩郡遠別町字幸和,763,,
01486-4503-19.zip,202602101146,天塩郡遠別町字幸和,764-1,,
01486-4503-19.zip,202602101146,天塩郡遠別町字幸和,762-1,,
01486-4503-19.zip,202602101146,天塩郡遠別町字幸和,742,,
01486-4503-19.zip,202602101146,天塩郡遠別町字幸和,741,,
01486-4503-19.zip,202602101146,天塩郡遠別町字幸和,743-1,,
01486-4503-19.zip,202602101146,天塩郡遠別町字幸和,746-2,,
01486-4503-19.zip,202602101146,天塩郡遠別町字幸和,745,,
01486-4503-19.zip,202602101146,天塩郡遠別町字幸和,746-1,,
01486-4503-19.zip,202602101146,天塩郡遠別町字幸和,747,,
01486-4503-19.zip,202602101146,天塩郡遠別町字幸和,793-1,,
01486-4503-19.zip,202602101146,天塩郡遠別町字幸和,798,,
01486-4503-19.zip,202602101146,天塩郡遠別町字幸和,801,,
01486-4503-19.zip,202602101146,天塩郡遠別町字幸和,799,,
01486-4503-19.zip,202602101146,天塩郡遠別町字幸和,806,,
01486-4503-19.zip,202602101146,天塩郡遠別町字幸和,810,,
01486-4503-19.zip,202602101146,天塩郡遠別町字幸和,811-1,,
01486-4503-19.zip,202602101146,天塩郡遠別町字幸和,809,,
01486-4503-19.zip,202602101146,天塩郡遠別町字幸和,807,,
01486-4503-19.zip,202602101146,天塩郡遠別町字幸和,816,,
01486-4503-19.zip,202602101146,天塩郡遠別町字幸和,814,,
01486-4503-19.zip,202602101146,天塩郡遠別町字幸和,813-3,,
01486-4503-19.zip,202602101146,天塩郡遠別町字幸和,813-1,,
01486-4503-19.zip,202602101146,天塩郡遠別町,地区外-255964,,
01486-4503-19.zip,202602101146,天塩郡遠別町字幸和,381-3,,
01486-4503-19.zip,202602101146,天塩郡遠別町字幸和,836,,
01486-4503-19.zip,202602101146,天塩郡遠別町字幸和,837,,
01486-4503-19.zip,202602101146,天塩郡遠別町字幸和,838,,
01486-4503-19.zip,202602101146,天塩郡遠別町字幸和,254-5,,
01486-4503-19.zip,202602101146,天塩郡遠別町,地区外-255970,,
01486-4503-19.zip,202602101146,天塩郡遠別町字幸和,254-1,,
01486-4503-19.zip,202602101146,天塩郡遠別町字幸和,254-6,,
01486-4503-19.zip,202602101146,天塩郡遠別町字幸和,273-2,,
01486-4503-19.zip,202602101146,天塩郡遠別町字幸和,273-3,,
01486-4503-19.zip,202602101146,天塩郡遠別町字幸和,775,,
01486-4503-19.zip,202602101146,天塩郡遠別町字幸和,756,,
01486-4503-19.zip,202602101146,天塩郡遠別町字幸和,767,,
01486-4503-19.zip,202602101146,天塩郡遠別町字幸和,705,,
01486-4503-19.zip,202602101146,天塩郡遠別町字幸和,704,,
01486-4503-19.zip,202602101146,天塩郡遠別町字幸和,706,,
01486-4503-19.zip,202602101146,天塩郡遠別町字幸和,707,,
01486-4503-19.zip,202602101146,天塩郡遠別町字幸和,709,,
01486-4503-19.zip,202602101146,天塩郡遠別町字幸和,710-1,,
01486-4503-19.zip,202602101146,天塩郡遠別町字幸和,713-1,,
01486-4503-19.zip,202602101146,天塩郡遠別町字幸和,712-1,,
01486-4503-19.zip,202602101146,天塩郡遠別町字幸和,711-1,,
01486-4503-19.zip,202602101146,天塩郡遠別町字幸和,758-1,,
01486-4503-19.zip,202602101146,天塩郡遠別町字幸和,758-4,,
01486-4503-19.zip,202602101146,天塩郡遠別町字幸和,714-1,,
01486-4503-19.zip,202602101146,天塩郡遠別町字幸和,708,,
01486-4503-19.zip,202602101146,天塩郡遠別町,地区外-255991,,
01486-4503-19.zip,202602101146,天塩郡遠別町字幸和,241-1,,
01486-4503-19.zip,202602101146,天塩郡遠別町,地区外-255993,,
01486-4503-19.zip,202602101146,天塩郡遠別町字幸和,246-1,,
01486-4503-19.zip,202602101146,天塩郡遠別町字幸和,678,,
01486-4503-19.zip,202602101146,天塩郡遠別町字幸和,252-1,,
01486-4503-19.zip,202602101146,天塩郡遠別町字幸和,252-4,,
01486-4503-19.zip,202602101146,天塩郡遠別町字幸和,252-3,,
01486-4503-19.zip,202602101146,天塩郡遠別町字幸和,248-1,,
01486-4503-19.zip,202602101146,天塩郡遠別町字幸和,703,,
01486-4503-19.zip,202602101146,天塩郡遠別町字幸和,702,,
01486-4503-19.zip,202602101146,天塩郡遠別町字幸和,696,,
01486-4503-19.zip,202602101146,天塩郡遠別町字幸和,697,,
01486-4503-19.zip,202602101146,天塩郡遠別町字幸和,249-1,,
01486-4503-19.zip,202602101146,天塩郡遠別町字幸和,251-1,,
01486-4503-19.zip,202602101146,天塩郡遠別町字幸和,749-2,,
01486-4503-19.zip,202602101146,天塩郡遠別町字幸和,114-1,,
01486-4503-19.zip,202602101146,天塩郡遠別町字幸和,113-1,,
01486-4503-19.zip,202602101146,天塩郡遠別町字幸和,727,,
01486-4503-19.zip,202602101146,天塩郡遠別町字幸和,729,,
01486-4503-19.zip,202602101146,天塩郡遠別町字幸和,728,,
01486-4503-19.zip,202602101146,天塩郡遠別町字幸和,730,,
01486-4503-19.zip,202602101146,天塩郡遠別町字幸和,734,,
01486-4503-19.zip,202602101146,天塩郡遠別町字幸和,725-1,,
01486-4503-19.zip,202602101146,天塩郡遠別町字幸和,735,,
01486-4503-19.zip,202602101146,天塩郡遠別町字幸和,737,,
01486-4503-19.zip,202602101146,天塩郡遠別町字幸和,736,,
01486-4503-19.zip,202602101146,天塩郡遠別町字幸和,738,,
01486-4503-19.zip,202602101146,天塩郡遠別町字幸和,739,,
01486-4503-19.zip,202602101146,天塩郡遠別町字幸和,733,,
01486-4503-19.zip,202602101146,天塩郡遠別町字幸和,748,,
01486-4503-19.zip,202602101146,天塩郡遠別町字幸和,118-1,,
01486-4503-19.zip,202602101146,天塩郡遠別町字幸和,128-2,,
01486-4503-19.zip,202602101146,天塩郡遠別町字幸和,515,,
01486-4503-19.zip,202602101146,天塩郡遠別町字幸和,753,,
01486-4503-19.zip,202602101146,天塩郡遠別町字幸和,749-1,,
01486-4503-19.zip,202602101146,天塩郡遠別町字幸和,750,,
01486-4503-19.zip,202602101146,天塩郡遠別町字幸和,740,,
01486-4503-19.zip,202602101146,天塩郡遠別町字幸和,751,,
01486-4503-19.zip,202602101146,天塩郡遠別町字幸和,755,,
01486-4503-19.zip,202602101146,天塩郡遠別町,地区外-256033,,
01486-4503-19.zip,202602101146,天塩郡遠別町字幸和,道-8,,
01486-4503-19.zip,202602101146,天塩郡遠別町字幸和,道-9,,
01486-4503-19.zip,202602101146,天塩郡遠別町字幸和,723,,
01486-4503-19.zip,202602101146,天塩郡遠別町字幸和,724-1,,
01486-4503-19.zip,202602101146,天塩郡遠別町字幸和,119-1,,
01486-4503-19.zip,202602101146,天塩郡遠別町字幸和,719,,
01486-4503-19.zip,202602101146,天塩郡遠別町字幸和,726,,
01486-4503-19.zip,202602101146,天塩郡遠別町字幸和,653-1,,
01486-4503-19.zip,202602101146,天塩郡遠別町字幸和,684-1,,
01486-4503-19.zip,202602101146,天塩郡遠別町字幸和,685-1,,
01486-4503-19.zip,202602101146,天塩郡遠別町字幸和,691-2,,
01486-4503-19.zip,202602101146,天塩郡遠別町字幸和,691-1,,
01486-4503-19.zip,202602101146,天塩郡遠別町字幸和,690,,
01486-4503-19.zip,202602101146,天塩郡遠別町字幸和,686,,
01486-4503-19.zip,202602101146,天塩郡遠別町字幸和,689,,
01486-4503-19.zip,202602101146,天塩郡遠別町字幸和,694,,
01486-4503-19.zip,202602101146,天塩郡遠別町字幸和,692,,
01486-4503-19.zip,202602101146,天塩郡遠別町字幸和,688,,
01486-4503-19.zip,202602101146,天塩郡遠別町字幸和,693,,
01486-4503-19.zip,202602101146,天塩郡遠別町字幸和,695,,
01486-4503-19.zip,202602101146,天塩郡遠別町字幸和,698,,
01486-4503-19.zip,202602101146,天塩郡遠別町字幸和,699,,
01486-4503-19.zip,202602101146,天塩郡遠別町字幸和,700-1,,
01486-4503-19.zip,202602101146,天塩郡遠別町字幸和,701,,
01486-4503-19.zip,202602101146,天塩郡遠別町字幸和,700-2,,
01486-4503-19.zip,202602101146,天塩郡遠別町字幸和,718-1,,
01486-4503-19.zip,202602101146,天塩郡遠別町字幸和,720,,
01486-4503-19.zip,202602101146,天塩郡遠別町字幸和,721,,
01486-4503-19.zip,202602101146,天塩郡遠別町字幸和,722-1,,
01486-4503-19.zip,202602101146,天塩郡遠別町字幸和,722-2,,
01486-4503-19.zip,202602101146,天塩郡遠別町字幸和,731,,
01486-4503-19.zip,202602101146,天塩郡遠別町字幸和,732,,
01486-4503-19.zip,202602101146,天塩郡遠別町字幸和,665,,
01486-4503-19.zip,202602101146,天塩郡遠別町字幸和,662,,
01486-4503-19.zip,202602101146,天塩郡遠別町字幸和,664,,
01486-4503-19.zip,202602101146,天塩郡遠別町字幸和,667,,
01486-4503-19.zip,202602101146,天塩郡遠別町字幸和,668,,
01486-4503-19.zip,202602101146,天塩郡遠別町字幸和,669,,
01486-4503-19.zip,202602101146,天塩郡遠別町字幸和,670,,
01486-4503-19.zip,202602101146,天塩郡遠別町,地区外-256074,,
01486-4503-19.zip,202602101146,天塩郡遠別町字幸和,674,,
01486-4503-19.zip,202602101146,天塩郡遠別町字幸和,673,,
01486-4503-19.zip,202602101146,天塩郡遠別町字幸和,672,,
01486-4503-19.zip,202602101146,天塩郡遠別町字幸和,671,,
01486-4503-19.zip,202602101146,天塩郡遠別町字幸和,666,,
01486-4503-19.zip,202602101146,天塩郡遠別町字幸和,675,,
01486-4503-19.zip,202602101146,天塩郡遠別町字幸和,638-1,,
01486-4503-19.zip,202602101146,天塩郡遠別町字幸和,643,,
01486-4503-19.zip,202602101146,天塩郡遠別町字幸和,644-1,,
01486-4503-19.zip,202602101146,天塩郡遠別町字幸和,642-1,,
01486-4503-19.zip,202602101146,天塩郡遠別町字幸和,642-2,,
01486-4503-19.zip,202602101146,天塩郡遠別町字幸和,646,,
01486-4503-19.zip,202602101146,天塩郡遠別町字幸和,645,,
01486-4503-19.zip,202602101146,天塩郡遠別町字幸和,644-2,,
01486-4503-19.zip,202602101146,天塩郡遠別町,地区外-256092,,
01486-4503-19.zip,202602101146,天塩郡遠別町字幸和,道-11,,
01486-4503-19.zip,202602101146,天塩郡遠別町字幸和,660-1,,
01486-4503-19.zip,202602101146,天塩郡遠別町字幸和,661,,
01486-4503-19.zip,202602101146,天塩郡遠別町字幸和,641,,
01486-4503-19.zip,202602101146,天塩郡遠別町字幸和,650-1,,
01486-4503-19.zip,202602101146,天塩郡遠別町字幸和,652-3,,
01486-4503-19.zip,202602101146,天塩郡遠別町字幸和,652-1,,
01486-4503-19.zip,202602101146,天塩郡遠別町字幸和,651-1,,
01486-4503-19.zip,202602101146,天塩郡遠別町字幸和,649-1,,
01486-4503-19.zip,202602101146,天塩郡遠別町字幸和,683,,
01486-4503-19.zip,202602101146,天塩郡遠別町字幸和,682-1,,
01486-4503-19.zip,202602101146,天塩郡遠別町字幸和,615,,
01486-4503-19.zip,202602101146,天塩郡遠別町字幸和,道-12,,
01486-4503-19.zip,202602101146,天塩郡遠別町字幸和,676,,
01486-4503-19.zip,202602101146,天塩郡遠別町字幸和,677,,
01486-4503-19.zip,202602101146,天塩郡遠別町字幸和,237-1,,
01486-4503-19.zip,202602101146,天塩郡遠別町字幸和,240-1,,
01486-4503-19.zip,202602101146,天塩郡遠別町字幸和,237-5,,
01486-4503-19.zip,202602101146,天塩郡遠別町字幸和,240-3,,
01486-4503-19.zip,202602101146,天塩郡遠別町,地区外-256115,,
01486-4503-19.zip,202602101146,天塩郡遠別町字幸和,687,,
01486-4503-19.zip,202602101146,天塩郡遠別町字幸和,663,,
01486-4503-19.zip,202602101146,天塩郡遠別町字幸和,620-1,,
01486-4503-19.zip,202602101146,天塩郡遠別町字幸和,627,,
01486-4503-19.zip,202602101146,天塩郡遠別町字幸和,621,,
01486-4503-19.zip,202602101146,天塩郡遠別町字幸和,622,,
01486-4503-19.zip,202602101146,天塩郡遠別町字幸和,623,,
01486-4503-19.zip,202602101146,天塩郡遠別町字幸和,624,,
01486-4503-19.zip,202602101146,天塩郡遠別町字幸和,629,,
01486-4503-19.zip,202602101146,天塩郡遠別町字幸和,625,,
01486-4503-19.zip,202602101146,天塩郡遠別町字幸和,631-1,,
01486-4503-19.zip,202602101146,天塩郡遠別町字幸和,626,,
01486-4503-19.zip,202602101146,天塩郡遠別町字幸和,628-1,,
01486-4503-19.zip,202602101146,天塩郡遠別町字幸和,628-2,,
01486-4503-19.zip,202602101146,天塩郡遠別町字幸和,628-3,,
01486-4503-19.zip,202602101146,天塩郡遠別町字幸和,628-4,,
01486-4503-19.zip,202602101146,天塩郡遠別町字幸和,631-2,,
01486-4503-19.zip,202602101146,天塩郡遠別町字幸和,628-5,,
01486-4503-19.zip,202602101146,天塩郡遠別町字幸和,628-6,,
01486-4503-19.zip,202602101146,天塩郡遠別町字幸和,630,,
01486-4503-19.zip,202602101146,天塩郡遠別町字幸和,628-7,,
01486-4503-19.zip,202602101146,天塩郡遠別町字幸和,632-1,,
01486-4503-19.zip,202602101146,天塩郡遠別町字幸和,633,,
01486-4503-19.zip,202602101146,天塩郡遠別町字幸和,636,,
01486-4503-19.zip,202602101146,天塩郡遠別町字幸和,637,,
01486-4503-19.zip,202602101146,天塩郡遠別町字幸和,638-2,,
01486-4503-19.zip,202602101146,天塩郡遠別町,地区外-256145,,
01486-4503-19.zip,202602101146,天塩郡遠別町字幸和,595,,
01486-4503-19.zip,202602101146,天塩郡遠別町字幸和,589,,
01486-4503-19.zip,202602101146,天塩郡遠別町字幸和,596-1,,
01486-4503-19.zip,202602101146,天塩郡遠別町字幸和,597,,
01486-4503-19.zip,202602101146,天塩郡遠別町字幸和,590-1,,
01486-4503-19.zip,202602101146,天塩郡遠別町字幸和,道-13,,
01486-4503-19.zip,202602101146,天塩郡遠別町字幸和,598-1,,
01486-4503-19.zip,202602101146,天塩郡遠別町字幸和,593-1,,
01486-4503-19.zip,202602101146,天塩郡遠別町字幸和,592,,
01486-4503-19.zip,202602101146,天塩郡遠別町字幸和,594-1,,
01486-4503-19.zip,202602101146,天塩郡遠別町字幸和,654-1,,
01486-4503-19.zip,202602101146,天塩郡遠別町字幸和,619-1,,
01486-4503-19.zip,202602101146,天塩郡遠別町字幸和,655-1,,
01486-4503-19.zip,202602101146,天塩郡遠別町字幸和,658-1,,
01486-4503-19.zip,202602101146,天塩郡遠別町字幸和,659-1,,
01486-4503-19.zip,202602101146,天塩郡遠別町字幸和,657,,
01486-4503-19.zip,202602101146,天塩郡遠別町字幸和,656,,
01486-4503-19.zip,202602101146,天塩郡遠別町,地区外-256164,,
01486-4503-19.zip,202602101146,天塩郡遠別町字幸和,616,,
01486-4503-19.zip,202602101146,天塩郡遠別町字幸和,614,,
01486-4503-19.zip,202602101146,天塩郡遠別町字幸和,576,,
01486-4503-19.zip,202602101146,天塩郡遠別町字幸和,580,,
01486-4503-19.zip,202602101146,天塩郡遠別町字幸和,587-1,,
01486-4503-19.zip,202602101146,天塩郡遠別町字幸和,603,,
01486-4503-19.zip,202602101146,天塩郡遠別町,地区外-256185,,
01486-4503-19.zip,202602101146,天塩郡遠別町,地区外-256190,,
01486-4503-19.zip,202602101146,天塩郡遠別町字幸和,583,,
01486-4503-19.zip,202602101146,天塩郡遠別町字幸和,581,,
01486-4503-19.zip,202602101146,天塩郡遠別町字幸和,588,,
01486-4503-19.zip,202602101146,天塩郡遠別町,地区外-256199,,
01486-4503-19.zip,202602101146,天塩郡遠別町字久光,1136,,
01486-4503-19.zip,202602101146,天塩郡遠別町字久光,1127-1,,
01486-4503-19.zip,202602101146,天塩郡遠別町字久光,1144-1,,
01486-4503-19.zip,202602101146,天塩郡遠別町字久光,1146,,
01486-4503-19.zip,202602101146,天塩郡遠別町字久光,1145,,
01486-4503-19.zip,202602101146,天塩郡遠別町,地区外-256209,,
01486-4503-19.zip,202602101146,天塩郡遠別町字久光,道-16,,
01486-4503-19.zip,202602101146,天塩郡遠別町字久光,1200,,
01486-4503-19.zip,202602101146,天塩郡遠別町字久光,1193,,
01486-4503-19.zip,202602101146,天塩郡遠別町字久光,1194,,
01486-4503-19.zip,202602101146,天塩郡遠別町字久光,1201,,
01486-4503-19.zip,202602101146,天塩郡遠別町字久光,1118,,
01486-4503-19.zip,202602101146,天塩郡遠別町字久光,1123,,
01486-4503-19.zip,202602101146,天塩郡遠別町字久光,1117,,
01486-4503-19.zip,202602101146,天塩郡遠別町字久光,1135,,
01486-4503-19.zip,202602101146,天塩郡遠別町字久光,1153,,
01486-4503-19.zip,202602101146,天塩郡遠別町字久光,1133,,
01486-4503-19.zip,202602101146,天塩郡遠別町,地区外-256224,,
01486-4503-19.zip,202602101146,天塩郡遠別町字久光,1116-1,,
01486-4503-19.zip,202602101146,天塩郡遠別町字久光,1141,,
01486-4503-19.zip,202602101146,天塩郡遠別町字久光,1131,,
01486-4503-19.zip,202602101146,天塩郡遠別町,地区外-256234,,
01486-4503-19.zip,202602101146,天塩郡遠別町字久光,128,,
01486-4503-19.zip,202602101146,天塩郡遠別町字久光,126-2,,
01486-4503-19.zip,202602101146,天塩郡遠別町字久光,1368,,
01486-4503-19.zip,202602101146,天塩郡遠別町字久光,1369,,
01486-4503-19.zip,202602101146,天塩郡遠別町字久光,1124,,
01486-4503-19.zip,202602101146,天塩郡遠別町字久光,1128-1,,
01486-4503-19.zip,202602101146,天塩郡遠別町字久光,1119,,
01486-4503-19.zip,202602101146,天塩郡遠別町字久光,1147,,
01486-4503-19.zip,202602101146,天塩郡遠別町字久光,1120,,
01486-4503-19.zip,202602101146,天塩郡遠別町,地区外-256244,,
01486-4503-19.zip,202602101146,天塩郡遠別町字久光,1205,,
01486-4503-19.zip,202602101146,天塩郡遠別町字久光,1198,,
01486-4503-19.zip,202602101146,天塩郡遠別町字久光,1197,,
01486-4503-19.zip,202602101146,天塩郡遠別町字久光,1202,,
01486-4503-19.zip,202602101146,天塩郡遠別町字久光,1196,,
01486-4503-19.zip,202602101146,天塩郡遠別町字久光,1203,,
01486-4503-19.zip,202602101146,天塩郡遠別町字久光,1212,,
01486-4503-19.zip,202602101146,天塩郡遠別町字久光,1213,,
01486-4503-19.zip,202602101146,天塩郡遠別町字久光,1211,,
01486-4503-19.zip,202602101146,天塩郡遠別町,地区外-256254,,
01486-4503-19.zip,202602101146,天塩郡遠別町字久光,1214,,
01486-4503-19.zip,202602101146,天塩郡遠別町,地区外-256256,,
01486-4503-19.zip,202602101146,天塩郡遠別町字久光,1199,,
01486-4503-19.zip,202602101146,天塩郡遠別町字久光,1204,,
01486-4503-19.zip,202602101146,天塩郡遠別町,地区外-256259,,
01486-4503-19.zip,202602101146,天塩郡遠別町字久光,1207,,
01486-4503-19.zip,202602101146,天塩郡遠別町字久光,1208,,
01486-4503-19.zip,202602101146,天塩郡遠別町字久光,1191,,
01486-4503-19.zip,202602101146,天塩郡遠別町字久光,1189,,
01486-4503-19.zip,202602101146,天塩郡遠別町字久光,1187,,
01486-4503-19.zip,202602101146,天塩郡遠別町字久光,道-18,,
01486-4503-19.zip,202602101146,天塩郡遠別町字久光,1210,,
01486-4503-19.zip,202602101146,天塩郡遠別町字久光,1195,,
01486-4503-19.zip,202602101146,天塩郡遠別町字久光,1209,,
01486-4503-19.zip,202602101146,天塩郡遠別町字久光,1188,,
01486-4503-19.zip,202602101146,天塩郡遠別町字久光,1215,,
01486-4503-19.zip,202602101146,天塩郡遠別町字久光,1217,,
01486-4503-19.zip,202602101146,天塩郡遠別町字久光,1190,,
01486-4503-19.zip,202602101146,天塩郡遠別町字久光,1168,,
01486-4503-19.zip,202602101146,天塩郡遠別町字久光,1171-1,,
01486-4503-19.zip,202602101146,天塩郡遠別町字久光,1181-1,,
01486-4503-19.zip,202602101146,天塩郡遠別町字久光,1184-1,,
01486-4503-19.zip,202602101146,天塩郡遠別町字久光,1166,,
01486-4503-19.zip,202602101146,天塩郡遠別町字久光,1177,,
01486-4503-19.zip,202602101146,天塩郡遠別町字久光,1182,,
01486-4503-19.zip,202602101146,天塩郡遠別町字久光,1161,,
01486-4503-19.zip,202602101146,天塩郡遠別町字久光,1206-1,,
01486-4503-19.zip,202602101146,天塩郡遠別町字久光,1206-2,,
01486-4503-19.zip,202602101146,天塩郡遠別町,地区外-256283,,
01486-4503-19.zip,202602101146,天塩郡遠別町字久光,1289,,
01486-4503-19.zip,202602101146,天塩郡遠別町字久光,1284,,
01486-4503-19.zip,202602101146,天塩郡遠別町字久光,1292,,
01486-4503-19.zip,202602101146,天塩郡遠別町字久光,1297,,
01486-4503-19.zip,202602101146,天塩郡遠別町字久光,1298,,
01486-4503-19.zip,202602101146,天塩郡遠別町字久光,1288,,
01486-4503-19.zip,202602101146,天塩郡遠別町字久光,1-5,,
01486-4503-19.zip,202602101146,天塩郡遠別町字久光,1283,,
01486-4503-19.zip,202602101146,天塩郡遠別町字久光,道-19,,
01486-4503-19.zip,202602101146,天塩郡遠別町字久光,1287,,
01486-4503-19.zip,202602101146,天塩郡遠別町字久光,1281,,
01486-4503-19.zip,202602101146,天塩郡遠別町字久光,1286,,
01486-4503-19.zip,202602101146,天塩郡遠別町字久光,1291,,
01486-4503-19.zip,202602101146,天塩郡遠別町字久光,1282,,
01486-4503-19.zip,202602101146,天塩郡遠別町字久光,1216,,
01486-4503-19.zip,202602101146,天塩郡遠別町字久光,1219,,
01486-4503-19.zip,202602101146,天塩郡遠別町字久光,1192,,
01486-4503-19.zip,202602101146,天塩郡遠別町,地区外-256301,,
01486-4503-19.zip,202602101146,天塩郡遠別町字幸和,水-10,,
01486-4503-19.zip,202602101146,天塩郡遠別町字久光,816-2,,
01486-4503-19.zip,202602101146,天塩郡遠別町字幸和,543-1,,
01486-4503-19.zip,202602101146,天塩郡遠別町字久光,816-1,,
01486-4503-19.zip,202602101146,天塩郡遠別町字久光,1-1,,
01486-4503-19.zip,202602101146,天塩郡遠別町字久光,29-6,,
01486-4503-19.zip,202602101146,天塩郡遠別町字久光,1-6,,
01486-4503-19.zip,202602101146,天塩郡遠別町字久光,19-1,,
01486-4503-19.zip,202602101146,天塩郡遠別町字久光,1285,,
01486-4503-19.zip,202602101146,天塩郡遠別町,地区外-256311,,
01486-4503-19.zip,202602101146,天塩郡遠別町字久光,1173-1,,
01486-4503-19.zip,202602101146,天塩郡遠別町字久光,1156,,
01486-4503-19.zip,202602101146,天塩郡遠別町字久光,1170,,
01486-4503-19.zip,202602101146,天塩郡遠別町字久光,1167,,
01486-4503-19.zip,202602101146,天塩郡遠別町字久光,1176-2,,
01486-4503-19.zip,202602101146,天塩郡遠別町字久光,1174,,
01486-4503-19.zip,202602101146,天塩郡遠別町字久光,1176-1,,
01486-4503-19.zip,202602101146,天塩郡遠別町字久光,1172,,
01486-4503-19.zip,202602101146,天塩郡遠別町字久光,1158,,
01486-4503-19.zip,202602101146,天塩郡遠別町字久光,1169,,
01486-4503-19.zip,202602101146,天塩郡遠別町字久光,1227,,
01486-4503-19.zip,202602101146,天塩郡遠別町字久光,1234,,
01486-4503-19.zip,202602101146,天塩郡遠別町字久光,1180,,
01486-4503-19.zip,202602101146,天塩郡遠別町字久光,1179,,
01486-4503-19.zip,202602101146,天塩郡遠別町字久光,1162,,
01486-4503-19.zip,202602101146,天塩郡遠別町字久光,1165,,
01486-4503-19.zip,202602101146,天塩郡遠別町字久光,1164,,
01486-4503-19.zip,202602101146,天塩郡遠別町字久光,1152,,
01486-4503-19.zip,202602101146,天塩郡遠別町字久光,1149,,
01486-4503-19.zip,202602101146,天塩郡遠別町字久光,1163,,
01486-4503-19.zip,202602101146,天塩郡遠別町字久光,1175,,
01486-4503-19.zip,202602101146,天塩郡遠別町字久光,1178,,
01486-4503-19.zip,202602101146,天塩郡遠別町字久光,1160,,
01486-4503-19.zip,202602101146,天塩郡遠別町字久光,1265,,
01486-4503-19.zip,202602101146,天塩郡遠別町字久光,1270,,
01486-4503-19.zip,202602101146,天塩郡遠別町字久光,1263,,
01486-4503-19.zip,202602101146,天塩郡遠別町字久光,1303,,
01486-4503-19.zip,202602101146,天塩郡遠別町字久光,1290,,
01486-4503-19.zip,202602101146,天塩郡遠別町字久光,1294-1,,
01486-4503-19.zip,202602101146,天塩郡遠別町字久光,1296-1,,
01486-4503-19.zip,202602101146,天塩郡遠別町字久光,1294-2,,
01486-4503-19.zip,202602101146,天塩郡遠別町字久光,1296-2,,
01486-4503-19.zip,202602101146,天塩郡遠別町字久光,1295,,
01486-4503-19.zip,202602101146,天塩郡遠別町字久光,1293,,
01486-4503-19.zip,202602101146,天塩郡遠別町字久光,1276-1,,
01486-4503-19.zip,202602101146,天塩郡遠別町字久光,1278-1,,
01486-4503-19.zip,202602101146,天塩郡遠別町字久光,1268-1,,
01486-4503-19.zip,202602101146,天塩郡遠別町字久光,1236,,
01486-4503-19.zip,202602101146,天塩郡遠別町字久光,1259,,
01486-4503-19.zip,202602101146,天塩郡遠別町字久光,1260,,
01486-4503-19.zip,202602101146,天塩郡遠別町字久光,1218,,
01486-4503-19.zip,202602101146,天塩郡遠別町字久光,1235,,
01486-4503-19.zip,202602101146,天塩郡遠別町字久光,1275-1,,
01486-4503-19.zip,202602101146,天塩郡遠別町字久光,1277,,
01486-4503-19.zip,202602101146,天塩郡遠別町字久光,1275-2,,
01486-4503-19.zip,202602101146,天塩郡遠別町字久光,1185,,
01486-4503-19.zip,202602101146,天塩郡遠別町,地区外-256358,,
01486-4503-19.zip,202602101146,天塩郡遠別町字幸和,543-2,,
01486-4503-19.zip,202602101146,天塩郡遠別町字幸和,896,,
01486-4503-19.zip,202602101146,天塩郡遠別町字幸和,895,,
01486-4503-19.zip,202602101146,天塩郡遠別町字幸和,893,,
01486-4503-19.zip,202602101146,天塩郡遠別町字幸和,894,,
01486-4503-19.zip,202602101146,天塩郡遠別町字幸和,341-2,,
01486-4503-19.zip,202602101146,天塩郡遠別町字久光,793-2,,
01486-4503-19.zip,202602101146,天塩郡遠別町字久光,1305,,
01486-4503-19.zip,202602101146,天塩郡遠別町字久光,29-5,,
01486-4503-19.zip,202602101146,天塩郡遠別町字久光,816-3,,
01486-4503-19.zip,202602101146,天塩郡遠別町字久光,2-1,,
01486-4503-19.zip,202602101146,天塩郡遠別町字久光,1308,,
01486-4503-19.zip,202602101146,天塩郡遠別町字久光,1311,,
01486-4503-19.zip,202602101146,天塩郡遠別町字久光,29-1,,
01486-4503-19.zip,202602101146,天塩郡遠別町字久光,29-3,,
01486-4503-19.zip,202602101146,天塩郡遠別町字久光,29-4,,
01486-4503-19.zip,202602101146,天塩郡遠別町字久光,1304,,
01486-4503-19.zip,202602101146,天塩郡遠別町字久光,1307,,
01486-4503-19.zip,202602101146,天塩郡遠別町字幸和,882-1,,
01486-4503-19.zip,202602101146,天塩郡遠別町字久光,1301,,
01486-4503-19.zip,202602101146,天塩郡遠別町字久光,1302-2,,
01486-4503-19.zip,202602101146,天塩郡遠別町字久光,1302-4,,
01486-4503-19.zip,202602101146,天塩郡遠別町字久光,1302-3,,
01486-4503-19.zip,202602101146,天塩郡遠別町字久光,1309-1,,
01486-4503-19.zip,202602101146,天塩郡遠別町字久光,1302-1,,
01486-4503-19.zip,202602101146,天塩郡遠別町字久光,1309-2,,
01486-4503-19.zip,202602101146,天塩郡遠別町字久光,1299,,
01486-4503-19.zip,202602101146,天塩郡遠別町字幸和,892,,
01486-4503-19.zip,202602101146,天塩郡遠別町字幸和,887-1,,
01486-4503-19.zip,202602101146,天塩郡遠別町字幸和,888-1,,
01486-4503-19.zip,202602101146,天塩郡遠別町字幸和,886-2,,
01486-4503-19.zip,202602101146,天塩郡遠別町字幸和,887-2,,
01486-4503-19.zip,202602101146,天塩郡遠別町字幸和,884-3,,
01486-4503-19.zip,202602101146,天塩郡遠別町字幸和,884-1,,
01486-4503-19.zip,202602101146,天塩郡遠別町字幸和,884-2,,
01486-4503-19.zip,202602101146,天塩郡遠別町字久光,1306,,
01486-4503-19.zip,202602101146,天塩郡遠別町字久光,1279,,
01486-4503-19.zip,202602101146,天塩郡遠別町字久光,1273,,
01486-4503-19.zip,202602101146,天塩郡遠別町字久光,1272,,
01486-4503-19.zip,202602101146,天塩郡遠別町字久光,1300,,
01486-4503-19.zip,202602101146,天塩郡遠別町,地区外-256399,,
01486-4503-19.zip,202602101146,天塩郡遠別町字幸和,920,,
01486-4503-19.zip,202602101146,天塩郡遠別町字幸和,535-7,,
01486-4503-19.zip,202602101146,天塩郡遠別町字幸和,535-3,,
01486-4503-19.zip,202602101146,天塩郡遠別町字幸和,535-15,,
01486-4503-19.zip,202602101146,天塩郡遠別町字幸和,535-16,,
01486-4503-19.zip,202602101146,天塩郡遠別町字幸和,535-19,,
01486-4503-19.zip,202602101146,天塩郡遠別町字幸和,535-12,,
01486-4503-19.zip,202602101146,天塩郡遠別町字幸和,542-2,,
01486-4503-19.zip,202602101146,天塩郡遠別町字幸和,542-1,,
01486-4503-19.zip,202602101146,天塩郡遠別町字幸和,535-11,,
01486-4503-19.zip,202602101146,天塩郡遠別町字幸和,535-18,,
01486-4503-19.zip,202602101146,天塩郡遠別町字幸和,535-10,,
01486-4503-19.zip,202602101146,天塩郡遠別町字幸和,535-2,,
01486-4503-19.zip,202602101146,天塩郡遠別町字幸和,535-17,,
01486-4503-19.zip,202602101146,天塩郡遠別町字幸和,535-4,,
01486-4503-19.zip,202602101146,天塩郡遠別町字幸和,889-1,,
01486-4503-19.zip,202602101146,天塩郡遠別町,地区外-256416,,
01486-4503-19.zip,202602101146,天塩郡遠別町字幸和,321-3,,
01486-4503-19.zip,202602101146,天塩郡遠別町字幸和,321-4,,
01486-4503-19.zip,202602101146,天塩郡遠別町字幸和,321-1,,
01486-4503-19.zip,202602101146,天塩郡遠別町字幸和,322-1,,
01486-4503-19.zip,202602101146,天塩郡遠別町字久光,1232,,
01486-4503-19.zip,202602101146,天塩郡遠別町字久光,1229,,
01486-4503-19.zip,202602101146,天塩郡遠別町字久光,1226,,
01486-4503-19.zip,202602101146,天塩郡遠別町字久光,1225,,
01486-4503-19.zip,202602101146,天塩郡遠別町字久光,1231,,
01486-4503-19.zip,202602101146,天塩郡遠別町字久光,1237,,
01486-4503-19.zip,202602101146,天塩郡遠別町字久光,1155,,
01486-4503-19.zip,202602101146,天塩郡遠別町字久光,1157,,
01486-4503-19.zip,202602101146,天塩郡遠別町字久光,1151,,
01486-4503-19.zip,202602101146,天塩郡遠別町字久光,1154,,
01486-4503-19.zip,202602101146,天塩郡遠別町字久光,1150,,
01486-4503-19.zip,202602101146,天塩郡遠別町,地区外-256432,,
01486-4503-19.zip,202602101146,天塩郡遠別町字久光,85-4,,
01486-4503-19.zip,202602101146,天塩郡遠別町字久光,1148,,
01486-4503-19.zip,202602101146,天塩郡遠別町字久光,1267,,
01486-4503-19.zip,202602101146,天塩郡遠別町字久光,1266,,
01486-4503-19.zip,202602101146,天塩郡遠別町字久光,1271,,
01486-4503-19.zip,202602101146,天塩郡遠別町字久光,1264,,
01486-4503-19.zip,202602101146,天塩郡遠別町字久光,1248,,
01486-4503-19.zip,202602101146,天塩郡遠別町字久光,1262,,
01486-4503-19.zip,202602101146,天塩郡遠別町字久光,1261,,
01486-4503-19.zip,202602101146,天塩郡遠別町字久光,1269,,
01486-4503-19.zip,202602101146,天塩郡遠別町字久光,1257,,
01486-4503-19.zip,202602101146,天塩郡遠別町字久光,1258,,
01486-4503-19.zip,202602101146,天塩郡遠別町字幸和,869,,
01486-4503-19.zip,202602101146,天塩郡遠別町字幸和,水-11,,
01486-4503-19.zip,202602101146,天塩郡遠別町字幸和,859-1,,
01486-4503-19.zip,202602101146,天塩郡遠別町字幸和,858,,
01486-4503-19.zip,202602101146,天塩郡遠別町字幸和,857,,
01486-4503-19.zip,202602101146,天塩郡遠別町字幸和,856,,
01486-4503-19.zip,202602101146,天塩郡遠別町字幸和,道-20,,
01486-4503-19.zip,202602101146,天塩郡遠別町字久光,道-21,,
01486-4503-19.zip,202602101146,天塩郡遠別町字幸和,道-22,,
01486-4503-19.zip,202602101146,天塩郡遠別町字久光,1280,,
01486-4503-19.zip,202602101146,天塩郡遠別町字幸和,861,,
01486-4503-19.zip,202602101146,天塩郡遠別町字幸和,862,,
01486-4503-19.zip,202602101146,天塩郡遠別町字幸和,865,,
01486-4503-19.zip,202602101146,天塩郡遠別町字幸和,860-1,,
01486-4503-19.zip,202602101146,天塩郡遠別町字幸和,866-1,,
01486-4503-19.zip,202602101146,天塩郡遠別町字幸和,867,,
01486-4503-19.zip,202602101146,天塩郡遠別町字幸和,868-1,,
01486-4503-19.zip,202602101146,天塩郡遠別町字幸和,863,,
01486-4503-19.zip,202602101146,天塩郡遠別町字幸和,864,,
01486-4503-19.zip,202602101146,天塩郡遠別町字幸和,長狭物不明-1,,
01486-4503-19.zip,202602101146,天塩郡遠別町字幸和,538-8,,
01486-4503-19.zip,202602101146,天塩郡遠別町字幸和,538-7,,
01486-4503-19.zip,202602101146,天塩郡遠別町字幸和,538-2,,
01486-4503-19.zip,202602101146,天塩郡遠別町字幸和,538-4,,
01486-4503-19.zip,202602101146,天塩郡遠別町字幸和,887-4,,
01486-4503-19.zip,202602101146,天塩郡遠別町字幸和,888-2,,
01486-4503-19.zip,202602101146,天塩郡遠別町字幸和,887-3,,
01486-4503-19.zip,202602101146,天塩郡遠別町字幸和,891,,
01486-4503-19.zip,202602101146,天塩郡遠別町字幸和,890-1,,
01486-4503-19.zip,202602101146,天塩郡遠別町字幸和,538-3,,
01486-4503-19.zip,202602101146,天塩郡遠別町字幸和,528-1,,
01486-4503-19.zip,202602101146,天塩郡遠別町字幸和,527-1,,
01486-4503-19.zip,202602101146,天塩郡遠別町字幸和,526-1,,
01486-4503-19.zip,202602101146,天塩郡遠別町字幸和,881,,
01486-4503-19.zip,202602101146,天塩郡遠別町字幸和,534,,
01486-4503-19.zip,202602101146,天塩郡遠別町字幸和,533,,
01486-4503-19.zip,202602101146,天塩郡遠別町字幸和,532,,
01486-4503-19.zip,202602101146,天塩郡遠別町字幸和,531,,
01486-4503-19.zip,202602101146,天塩郡遠別町字幸和,530,,
01486-4503-19.zip,202602101146,天塩郡遠別町字幸和,535-20,,
01486-4503-19.zip,202602101146,天塩郡遠別町字幸和,535-8,,
01486-4503-19.zip,202602101146,天塩郡遠別町字幸和,535-1,,
01486-4503-19.zip,202602101146,天塩郡遠別町字幸和,535-9,,
01486-4503-19.zip,202602101146,天塩郡遠別町字幸和,536,,
01486-4503-19.zip,202602101146,天塩郡遠別町字幸和,537,,
01486-4503-19.zip,202602101146,天塩郡遠別町字幸和,538-1,,
01486-4503-19.zip,202602101146,天塩郡遠別町字幸和,535-13,,
01486-4503-19.zip,202602101146,天塩郡遠別町字幸和,535-14,,
01486-4503-19.zip,202602101146,天塩郡遠別町字幸和,538-6,,
01486-4503-19.zip,202602101146,天塩郡遠別町字幸和,528-2,,
01486-4503-19.zip,202602101146,天塩郡遠別町字幸和,527-2,,
01486-4503-19.zip,202602101146,天塩郡遠別町字幸和,880,,
01486-4503-19.zip,202602101146,天塩郡遠別町字幸和,879,,
01486-4503-19.zip,202602101146,天塩郡遠別町字幸和,538-5,,
01486-4503-19.zip,202602101146,天塩郡遠別町字幸和,538-9,,
01486-4503-19.zip,202602101146,天塩郡遠別町字幸和,332-1,,
01486-4503-19.zip,202602101146,天塩郡遠別町字幸和,805,,
01486-4503-19.zip,202602101146,天塩郡遠別町字幸和,808,,
01486-4503-19.zip,202602101146,天塩郡遠別町字幸和,812,,
01486-4503-19.zip,202602101146,天塩郡遠別町字幸和,811-2,,
01486-4503-19.zip,202602101146,天塩郡遠別町字幸和,817,,
01486-4503-19.zip,202602101146,天塩郡遠別町字幸和,818,,
01486-4503-19.zip,202602101146,天塩郡遠別町字幸和,819,,
01486-4503-19.zip,202602101146,天塩郡遠別町字幸和,802,,
01486-4503-19.zip,202602101146,天塩郡遠別町字幸和,803,,
01486-4503-19.zip,202602101146,天塩郡遠別町字幸和,815,,
01486-4503-19.zip,202602101146,天塩郡遠別町字幸和,318-2,,
01486-4503-19.zip,202602101146,天塩郡遠別町字幸和,320-3,,
01486-4503-19.zip,202602101146,天塩郡遠別町,地区外-256513,,
01486-4503-19.zip,202602101146,天塩郡遠別町,地区外-256514,,
01486-4503-19.zip,202602101146,天塩郡遠別町字幸和,520-2,,
01486-4503-19.zip,202602101146,天塩郡遠別町字幸和,520-1,,
01486-4503-19.zip,202602101146,天塩郡遠別町字幸和,754,,
01486-4503-19.zip,202602101146,天塩郡遠別町字幸和,752,,
01486-4503-19.zip,202602101146,天塩郡遠別町字幸和,804,,
01486-4503-19.zip,202602101146,天塩郡遠別町,地区外-256520,,
01486-4503-19.zip,202602101146,天塩郡遠別町,地区外-256521,,
01486-4503-19.zip,202602101146,天塩郡遠別町字幸和,113-4,,
01486-4503-19.zip,202602101146,天塩郡遠別町字幸和,600-1,,
01486-4503-19.zip,202602101146,天塩郡遠別町字幸和,600-2,,
01486-4503-19.zip,202602101146,天塩郡遠別町字幸和,648-3,,
01486-4503-19.zip,202602101146,天塩郡遠別町字幸和,648-1,,
01486-4503-19.zip,202602101146,天塩郡遠別町字幸和,681-1,,
01486-4503-19.zip,202602101146,天塩郡遠別町字幸和,681-4,,
01486-4503-19.zip,202602101146,天塩郡遠別町字幸和,611-2,,
01486-4503-19.zip,202602101146,天塩郡遠別町字幸和,611-1,,
01486-4503-19.zip,202602101146,天塩郡遠別町字幸和,609-2,,
01486-4503-19.zip,202602101146,天塩郡遠別町字幸和,609-1,,
01486-4503-19.zip,202602101146,天塩郡遠別町字幸和,608-1,,
01486-4503-19.zip,202602101146,天塩郡遠別町字幸和,608-2,,
01486-4503-19.zip,202602101146,天塩郡遠別町字幸和,610-1,,
01486-4503-19.zip,202602101146,天塩郡遠別町字幸和,610-2,,
01486-4503-19.zip,202602101146,天塩郡遠別町字幸和,道-10,,
01486-4503-19.zip,202602101146,天塩郡遠別町字幸和,640-2,,
01486-4503-19.zip,202602101146,天塩郡遠別町字幸和,640-1,,
01486-4503-19.zip,202602101146,天塩郡遠別町字幸和,635-2,,
01486-4503-19.zip,202602101146,天塩郡遠別町字幸和,635-1,,
01486-4503-19.zip,202602101146,天塩郡遠別町字幸和,617-1,,
01486-4503-19.zip,202602101146,天塩郡遠別町字幸和,617-2,,
01486-4503-19.zip,202602101146,天塩郡遠別町字幸和,679-1,,
01486-4503-19.zip,202602101146,天塩郡遠別町字幸和,679-2,,
01486-4503-19.zip,202602101146,天塩郡遠別町字幸和,680-4,,
01486-4503-19.zip,202602101146,天塩郡遠別町字幸和,680-1,,
01486-4503-19.zip,202602101146,天塩郡遠別町字幸和,599-1,,
01486-4503-19.zip,202602101146,天塩郡遠別町字幸和,599-3,,
01486-4503-19.zip,202602101146,天塩郡遠別町字幸和,605-6,,
01486-4503-19.zip,202602101146,天塩郡遠別町字幸和,606-2,,
01486-4503-19.zip,202602101146,天塩郡遠別町字幸和,606-1,,
01486-4503-19.zip,202602101146,天塩郡遠別町字幸和,605-1,,
01486-4503-19.zip,202602101146,天塩郡遠別町字幸和,605-5,,
01486-4503-19.zip,202602101146,天塩郡遠別町字幸和,607-1,,
01486-4503-19.zip,202602101146,天塩郡遠別町字幸和,607-2,,
01486-4503-19.zip,202602101146,天塩郡遠別町字幸和,612-2,,
01486-4503-19.zip,202602101146,天塩郡遠別町字幸和,612-1,,
01486-4503-19.zip,202602101146,天塩郡遠別町字幸和,605-3,,
01486-4503-19.zip,202602101146,天塩郡遠別町字幸和,613-2,,
01486-4503-19.zip,202602101146,天塩郡遠別町字幸和,613-3,,
01486-4503-19.zip,202602101146,天塩郡遠別町字幸和,613-1,,
01486-4503-19.zip,202602101146,天塩郡遠別町字幸和,618-5,,
01486-4503-19.zip,202602101146,天塩郡遠別町字幸和,618-3,,
01486-4503-19.zip,202602101146,天塩郡遠別町字幸和,618-6,,
01486-4503-19.zip,202602101146,天塩郡遠別町字幸和,618-1,,
01486-4503-19.zip,202602101146,天塩郡遠別町字幸和,634-1,,
01486-4503-19.zip,202602101146,天塩郡遠別町字幸和,634-2,,
01486-4503-19.zip,202602101146,天塩郡遠別町字幸和,639-2,,
01486-4503-19.zip,202602101146,天塩郡遠別町字幸和,639-1,,
01486-4503-19.zip,202602101146,天塩郡遠別町字幸和,618-4,,
01486-4503-19.zip,202602101146,天塩郡遠別町字幸和,647-1,,
01486-4503-19.zip,202602101146,天塩郡遠別町字幸和,647-3,,
01486-4503-19.zip,202602101146,天塩郡遠別町字幸和,水-8,,
01486-4503-19.zip,202602101146,天塩郡遠別町字久光,1121-1,,
01486-4503-19.zip,202602101146,天塩郡遠別町字久光,1121-3,,
01486-4503-19.zip,202602101146,天塩郡遠別町字久光,1130-1,,
01486-4503-19.zip,202602101146,天塩郡遠別町字久光,1130-3,,
01486-4503-19.zip,202602101146,天塩郡遠別町字久光,1132-1,,
01486-4503-19.zip,202602101146,天塩郡遠別町字久光,1138-1,,
01486-4503-19.zip,202602101146,天塩郡遠別町字久光,1139-1,,
01486-4503-19.zip,202602101146,天塩郡遠別町字久光,1139-4,,
01486-4503-19.zip,202602101146,天塩郡遠別町字久光,1139-3,,
01486-4503-19.zip,202602101146,天塩郡遠別町字久光,1138-3,,
01486-4503-19.zip,202602101146,天塩郡遠別町字久光,1132-3,,
01486-4503-19.zip,202602101146,天塩郡遠別町字久光,1140-1,,
01486-4503-19.zip,202602101146,天塩郡遠別町字久光,1134-3,,
01486-4503-19.zip,202602101146,天塩郡遠別町字久光,1134-1,,
01486-4503-19.zip,202602101146,天塩郡遠別町字久光,1142-1,,
01486-4503-19.zip,202602101146,天塩郡遠別町字久光,1142-5,,
01486-4503-19.zip,202602101146,天塩郡遠別町字久光,道-17,,
01486-4503-19.zip,202602101146,天塩郡遠別町字久光,水-9,,
01486-4503-19.zip,202602101146,天塩郡遠別町字久光,1122-1,,
01486-4503-19.zip,202602101146,天塩郡遠別町字久光,1122-4,,
01486-4503-19.zip,202602101146,天塩郡遠別町字久光,1137-1,,
01486-4503-19.zip,202602101146,天塩郡遠別町字久光,1137-3,,
01486-4503-19.zip,202602101146,天塩郡遠別町字久光,道-15,,
01486-4503-19.zip,202602101146,天塩郡遠別町字幸和,958-1,,
01486-4503-19.zip,202602101146,天塩郡遠別町字幸和,958-3,,
01486-4503-19.zip,202602101146,天塩郡遠別町字幸和,958-2,,
01486-4503-19.zip,202602101146,天塩郡遠別町,地区外-256194,,
01486-4503-19.zip,202602101146,天塩郡遠別町字幸和,959-1,,
01486-4503-19.zip,202602101146,天塩郡遠別町字幸和,959-2,,
01486-4503-19.zip,202602101146,天塩郡遠別町字幸和,52-7,,
01486-4503-19.zip,202602101146,天塩郡遠別町字幸和,52-8,,
01486-4503-19.zip,202602101146,天塩郡遠別町字幸和,52-6,,
01486-4503-19.zip,202602101146,天塩郡遠別町字幸和,582-1,,
01486-4503-19.zip,202602101146,天塩郡遠別町字幸和,582-3,,
01486-4503-19.zip,202602101146,天塩郡遠別町字幸和,585,,
01486-4503-19.zip,202602101146,天塩郡遠別町字幸和,道-14,,
01486-4503-19.zip,202602101146,天塩郡遠別町字幸和,578-1,,
01486-4503-19.zip,202602101146,天塩郡遠別町字幸和,578-2,,
01486-4503-19.zip,202602101146,天塩郡遠別町字幸和,575-3,,
01486-4503-19.zip,202602101146,天塩郡遠別町字幸和,584-1,,
01486-4503-19.zip,202602101146,天塩郡遠別町字幸和,584-4,,
01486-4503-19.zip,202602101146,天塩郡遠別町字幸和,601-3,,
01486-4503-19.zip,202602101146,天塩郡遠別町字幸和,601-1,,
01486-4503-19.zip,202602101146,天塩郡遠別町字幸和,605-4,,
01486-4503-19.zip,202602101146,天塩郡遠別町字幸和,42-5,,
01486-4503-19.zip,202602101146,天塩郡遠別町字幸和,42-4,,
01486-4503-19.zip,202602101146,天塩郡遠別町字幸和,42-3,,
01486-4503-19.zip,202602101146,天塩郡遠別町字幸和,42-1,,
01486-4503-19.zip,202602101146,天塩郡遠別町字幸和,575-1,,
01486-4503-20.zip,202602101146,天塩郡遠別町字幸和,551-2,,
01486-4503-20.zip,202602101146,天塩郡遠別町字久光,1367,,
01486-4503-20.zip,202602101146,天塩郡遠別町字久光,水-1,,
01486-4503-20.zip,202602101146,天塩郡遠別町字久光,1339,,
01486-4503-20.zip,202602101146,天塩郡遠別町,地区外-258215,,
01486-4503-20.zip,202602101146,天塩郡遠別町字久光,85-2,,
01486-4503-20.zip,202602101146,天塩郡遠別町字久光,1351,,
01486-4503-20.zip,202602101146,天塩郡遠別町字久光,93,,
01486-4503-20.zip,202602101146,天塩郡遠別町字久光,1353,,
01486-4503-20.zip,202602101146,天塩郡遠別町字久光,88,,
01486-4503-20.zip,202602101146,天塩郡遠別町字久光,1354,,
01486-4503-20.zip,202602101146,天塩郡遠別町字久光,1347,,
01486-4503-20.zip,202602101146,天塩郡遠別町字久光,87,,
01486-4503-20.zip,202602101146,天塩郡遠別町字久光,1355,,
01486-4503-20.zip,202602101146,天塩郡遠別町字久光,114,,
01486-4503-20.zip,202602101146,天塩郡遠別町字久光,1348,,
01486-4503-20.zip,202602101146,天塩郡遠別町字久光,115,,
01486-4503-20.zip,202602101146,天塩郡遠別町字久光,1349,,
01486-4503-20.zip,202602101146,天塩郡遠別町字久光,117,,
01486-4503-20.zip,202602101146,天塩郡遠別町字久光,1350,,
01486-4503-20.zip,202602101146,天塩郡遠別町字久光,水-2,,
01486-4503-20.zip,202602101146,天塩郡遠別町字久光,112,,
01486-4503-20.zip,202602101146,天塩郡遠別町字久光,113-2,,
01486-4503-20.zip,202602101146,天塩郡遠別町字久光,111-2,,
01486-4503-20.zip,202602101146,天塩郡遠別町字久光,111-1,,
01486-4503-20.zip,202602101146,天塩郡遠別町字久光,109,,
01486-4503-20.zip,202602101146,天塩郡遠別町字久光,787,,
01486-4503-20.zip,202602101146,天塩郡遠別町字久光,1359,,
01486-4503-20.zip,202602101146,天塩郡遠別町字久光,1344,,
01486-4503-20.zip,202602101146,天塩郡遠別町字久光,水-3,,
01486-4503-20.zip,202602101146,天塩郡遠別町字久光,110,,
01486-4503-20.zip,202602101146,天塩郡遠別町字久光,1360,,
01486-4503-20.zip,202602101146,天塩郡遠別町,地区外-258244,,
01486-4503-20.zip,202602101146,天塩郡遠別町字久光,1361,,
01486-4503-20.zip,202602101146,天塩郡遠別町字久光,113-1,,
01486-4503-20.zip,202602101146,天塩郡遠別町字久光,108,,
01486-4503-20.zip,202602101146,天塩郡遠別町字久光,1362,,
01486-4503-20.zip,202602101146,天塩郡遠別町字久光,道-1,,
01486-4503-20.zip,202602101146,天塩郡遠別町字久光,1363,,
01486-4503-20.zip,202602101146,天塩郡遠別町字久光,121,,
01486-4503-20.zip,202602101146,天塩郡遠別町字久光,119-1,,
01486-4503-20.zip,202602101146,天塩郡遠別町字久光,道-2,,
01486-4503-20.zip,202602101146,天塩郡遠別町字久光,120-3,,
01486-4503-20.zip,202602101146,天塩郡遠別町字久光,85-1,,
01486-4503-20.zip,202602101146,天塩郡遠別町,地区外-258256,,
01486-4503-20.zip,202602101146,天塩郡遠別町字久光,1358,,
01486-4503-20.zip,202602101146,天塩郡遠別町字久光,1338,,
01486-4503-20.zip,202602101146,天塩郡遠別町字久光,1357,,
01486-4503-20.zip,202602101146,天塩郡遠別町字久光,1356,,
01486-4503-20.zip,202602101146,天塩郡遠別町字久光,1323,,
01486-4503-20.zip,202602101146,天塩郡遠別町字久光,784-2,,
01486-4503-20.zip,202602101146,天塩郡遠別町字久光,101,,
01486-4503-20.zip,202602101146,天塩郡遠別町字久光,水-4,,
01486-4503-20.zip,202602101146,天塩郡遠別町字久光,94,,
01486-4503-20.zip,202602101146,天塩郡遠別町字久光,1352,,
01486-4503-20.zip,202602101146,天塩郡遠別町字久光,1336,,
01486-4503-20.zip,202602101146,天塩郡遠別町字久光,783,,
01486-4503-20.zip,202602101146,天塩郡遠別町字久光,784-1,,
01486-4503-20.zip,202602101146,天塩郡遠別町字久光,1337,,
01486-4503-20.zip,202602101146,天塩郡遠別町字久光,1341,,
01486-4503-20.zip,202602101146,天塩郡遠別町字久光,1340,,
01486-4503-20.zip,202602101146,天塩郡遠別町字久光,92,,
01486-4503-20.zip,202602101146,天塩郡遠別町字久光,1342,,
01486-4503-20.zip,202602101146,天塩郡遠別町字久光,1343,,
01486-4503-20.zip,202602101146,天塩郡遠別町字久光,106,,
01486-4503-20.zip,202602101146,天塩郡遠別町,地区外-258277,,
01486-4503-20.zip,202602101146,天塩郡遠別町字久光,89,,
01486-4503-20.zip,202602101146,天塩郡遠別町字幸和,982,,
01486-4503-20.zip,202602101146,天塩郡遠別町字幸和,385-2,,
01486-4503-20.zip,202602101146,天塩郡遠別町字幸和,385-1,,
01486-4503-20.zip,202602101146,天塩郡遠別町字幸和,384-2,,
01486-4503-20.zip,202602101146,天塩郡遠別町字幸和,384-1,,
01486-4503-20.zip,202602101146,天塩郡遠別町,地区外-258284,,
01486-4503-20.zip,202602101146,天塩郡遠別町字幸和,384-12,,
01486-4503-20.zip,202602101146,天塩郡遠別町字幸和,380-2,,
01486-4503-20.zip,202602101146,天塩郡遠別町字幸和,384-5,,
01486-4503-20.zip,202602101146,天塩郡遠別町字幸和,992,,
01486-4503-20.zip,202602101146,天塩郡遠別町字久光,85-10,,
01486-4503-20.zip,202602101146,天塩郡遠別町字久光,1335,,
01486-4503-20.zip,202602101146,天塩郡遠別町字久光,85-9,,
01486-4503-20.zip,202602101146,天塩郡遠別町字久光,86-1,,
01486-4503-20.zip,202602101146,天塩郡遠別町字久光,1334,,
01486-4503-20.zip,202602101146,天塩郡遠別町字久光,1345,,
01486-4503-20.zip,202602101146,天塩郡遠別町字幸和,386-1,,
01486-4503-20.zip,202602101146,天塩郡遠別町字幸和,991,,
01486-4503-20.zip,202602101146,天塩郡遠別町字久光,1333,,
01486-4503-20.zip,202602101146,天塩郡遠別町字久光,90,,
01486-4503-20.zip,202602101146,天塩郡遠別町字久光,1346,,
01486-4503-20.zip,202602101146,天塩郡遠別町字久光,85-7,,
01486-4503-20.zip,202602101146,天塩郡遠別町字久光,85-6,,
01486-4503-20.zip,202602101146,天塩郡遠別町字久光,85-8,,
01486-4503-20.zip,202602101146,天塩郡遠別町字久光,85-5,,
01486-4503-20.zip,202602101146,天塩郡遠別町,地区外-258304,,
01486-4503-20.zip,202602101146,天塩郡遠別町字幸和,247-1,,
01486-4503-20.zip,202602101146,天塩郡遠別町字幸和,253-20,,
01486-4503-20.zip,202602101146,天塩郡遠別町字幸和,253-6,,
01486-4503-20.zip,202602101146,天塩郡遠別町字幸和,253-4,,
01486-4503-20.zip,202602101146,天塩郡遠別町字幸和,253-3,,
01486-4503-20.zip,202602101146,天塩郡遠別町字幸和,253-2,,
01486-4503-20.zip,202602101146,天塩郡遠別町字幸和,989,,
01486-4503-20.zip,202602101146,天塩郡遠別町字幸和,988,,
01486-4503-20.zip,202602101146,天塩郡遠別町字幸和,400-27,,
01486-4503-20.zip,202602101146,天塩郡遠別町字幸和,987,,
01486-4503-20.zip,202602101146,天塩郡遠別町字幸和,253-7,,
01486-4503-20.zip,202602101146,天塩郡遠別町字幸和,253-19,,
01486-4503-20.zip,202602101146,天塩郡遠別町字幸和,973,,
01486-4503-20.zip,202602101146,天塩郡遠別町字幸和,402,,
01486-4503-20.zip,202602101146,天塩郡遠別町字幸和,974,,
01486-4503-20.zip,202602101146,天塩郡遠別町字幸和,水-5,,
01486-4503-20.zip,202602101146,天塩郡遠別町字幸和,404,,
01486-4503-20.zip,202602101146,天塩郡遠別町字幸和,969,,
01486-4503-20.zip,202602101146,天塩郡遠別町字久光,1330,,
01486-4503-20.zip,202602101146,天塩郡遠別町字久光,1331,,
01486-4503-20.zip,202602101146,天塩郡遠別町字幸和,970,,
01486-4503-20.zip,202602101146,天塩郡遠別町字幸和,403,,
01486-4503-20.zip,202602101146,天塩郡遠別町字幸和,975,,
01486-4503-20.zip,202602101146,天塩郡遠別町字幸和,393,,
01486-4503-20.zip,202602101146,天塩郡遠別町字幸和,983,,
01486-4503-20.zip,202602101146,天塩郡遠別町字幸和,396,,
01486-4503-20.zip,202602101146,天塩郡遠別町字幸和,水-6,,
01486-4503-20.zip,202602101146,天塩郡遠別町字幸和,394-1,,
01486-4503-20.zip,202602101146,天塩郡遠別町字幸和,984,,
01486-4503-20.zip,202602101146,天塩郡遠別町字幸和,水-7,,
01486-4503-20.zip,202602101146,天塩郡遠別町字幸和,986,,
01486-4503-20.zip,202602101146,天塩郡遠別町字幸和,979,,
01486-4503-20.zip,202602101146,天塩郡遠別町字幸和,980,,
01486-4503-20.zip,202602101146,天塩郡遠別町字幸和,391,,
01486-4503-20.zip,202602101146,天塩郡遠別町字幸和,985,,
01486-4503-20.zip,202602101146,天塩郡遠別町字幸和,392,,
01486-4503-20.zip,202602101146,天塩郡遠別町字幸和,388,,
01486-4503-20.zip,202602101146,天塩郡遠別町字幸和,976,,
01486-4503-20.zip,202602101146,天塩郡遠別町字幸和,977,,
01486-4503-20.zip,202602101146,天塩郡遠別町字久光,91,,
01486-4503-20.zip,202602101146,天塩郡遠別町字久光,1332,,
01486-4503-20.zip,202602101146,天塩郡遠別町字幸和,990,,
01486-4503-20.zip,202602101146,天塩郡遠別町字幸和,387-1,,
01486-4503-20.zip,202602101146,天塩郡遠別町字幸和,390,,
01486-4503-20.zip,202602101146,天塩郡遠別町字幸和,981,,
01486-4503-20.zip,202602101146,天塩郡遠別町字幸和,386-2,,
01486-4503-20.zip,202602101146,天塩郡遠別町字幸和,400-31,,
01486-4503-20.zip,202602101146,天塩郡遠別町字幸和,400-30,,
01486-4503-20.zip,202602101146,天塩郡遠別町字幸和,400-32,,
01486-4503-20.zip,202602101146,天塩郡遠別町字幸和,486,,
01486-4503-20.zip,202602101146,天塩郡遠別町字幸和,400-33,,
01486-4503-20.zip,202602101146,天塩郡遠別町字幸和,428-2,,
01486-4503-20.zip,202602101146,天塩郡遠別町字幸和,900,,
01486-4503-20.zip,202602101146,天塩郡遠別町字幸和,397-2,,
01486-4503-20.zip,202602101146,天塩郡遠別町字幸和,394-2,,
01486-4503-20.zip,202602101146,天塩郡遠別町字幸和,978,,
01486-4503-20.zip,202602101146,天塩郡遠別町字幸和,400-36,,
01486-4503-20.zip,202602101146,天塩郡遠別町字幸和,400-18,,
01486-4503-20.zip,202602101146,天塩郡遠別町字幸和,400-22,,
01486-4503-20.zip,202602101146,天塩郡遠別町字幸和,400-23,,
01486-4503-20.zip,202602101146,天塩郡遠別町字幸和,961,,
01486-4503-20.zip,202602101146,天塩郡遠別町字幸和,400-25,,
01486-4503-20.zip,202602101146,天塩郡遠別町字幸和,400-24,,
01486-4503-20.zip,202602101146,天塩郡遠別町字幸和,253-8,,
01486-4503-20.zip,202602101146,天塩郡遠別町字幸和,253-9,,
01486-4503-20.zip,202602101146,天塩郡遠別町字幸和,253-22,,
01486-4503-20.zip,202602101146,天塩郡遠別町字幸和,253-10,,
01486-4503-20.zip,202602101146,天塩郡遠別町字幸和,253-21,,
01486-4503-20.zip,202602101146,天塩郡遠別町字幸和,400-17,,
01486-4503-20.zip,202602101146,天塩郡遠別町字幸和,400-19,,
01486-4503-20.zip,202602101146,天塩郡遠別町,地区外-258375,,
01486-4503-20.zip,202602101146,天塩郡遠別町字幸和,253-14,,
01486-4503-20.zip,202602101146,天塩郡遠別町字幸和,400-2,,
01486-4503-20.zip,202602101146,天塩郡遠別町字幸和,253-25,,
01486-4503-20.zip,202602101146,天塩郡遠別町字幸和,400-13,,
01486-4503-20.zip,202602101146,天塩郡遠別町字幸和,253-12,,
01486-4503-20.zip,202602101146,天塩郡遠別町字幸和,253-26,,
01486-4503-20.zip,202602101146,天塩郡遠別町字幸和,253-13,,
01486-4503-20.zip,202602101146,天塩郡遠別町字幸和,253-24,,
01486-4503-20.zip,202602101146,天塩郡遠別町字幸和,48-2,,
01486-4503-20.zip,202602101146,天塩郡遠別町字幸和,400-51,,
01486-4503-20.zip,202602101146,天塩郡遠別町字幸和,253-11,,
01486-4503-20.zip,202602101146,天塩郡遠別町字幸和,253-23,,
01486-4503-20.zip,202602101146,天塩郡遠別町字幸和,960,,
01486-4503-20.zip,202602101146,天塩郡遠別町,地区外-258392,,
01486-4503-20.zip,202602101146,天塩郡遠別町字久光,1322,,
01486-4503-20.zip,202602101146,天塩郡遠別町字久光,100,,
01486-4503-20.zip,202602101146,天塩郡遠別町字久光,1324,,
01486-4503-20.zip,202602101146,天塩郡遠別町字久光,1329,,
01486-4503-20.zip,202602101146,天塩郡遠別町字幸和,968,,
01486-4503-20.zip,202602101146,天塩郡遠別町字久光,水-8,,
01486-4503-20.zip,202602101146,天塩郡遠別町字久光,1325,,
01486-4503-20.zip,202602101146,天塩郡遠別町字久光,水-9,,
01486-4503-20.zip,202602101146,天塩郡遠別町字久光,99,,
01486-4503-20.zip,202602101146,天塩郡遠別町字久光,水-10,,
01486-4503-20.zip,202602101146,天塩郡遠別町字久光,水-11,,
01486-4503-20.zip,202602101146,天塩郡遠別町,地区外-258404,,
01486-4503-20.zip,202602101146,天塩郡遠別町字久光,1320,,
01486-4503-20.zip,202602101146,天塩郡遠別町,地区外-258406,,
01486-4503-20.zip,202602101146,天塩郡遠別町字久光,水-12,,
01486-4503-20.zip,202602101146,天塩郡遠別町字久光,1321,,
01486-4503-20.zip,202602101146,天塩郡遠別町字幸和,水-13,,
01486-4503-20.zip,202602101146,天塩郡遠別町字久光,95,,
01486-4503-20.zip,202602101146,天塩郡遠別町字幸和,967,,
01486-4503-20.zip,202602101146,天塩郡遠別町字幸和,972,,
01486-4503-20.zip,202602101146,天塩郡遠別町字幸和,971,,
01486-4503-20.zip,202602101146,天塩郡遠別町字幸和,401,,
01486-4503-20.zip,202602101146,天塩郡遠別町字幸和,966,,
01486-4503-20.zip,202602101146,天塩郡遠別町字久光,1326,,
01486-4503-20.zip,202602101146,天塩郡遠別町字幸和,965,,
01486-4503-20.zip,202602101146,天塩郡遠別町字幸和,400-1,,
01486-4503-20.zip,202602101146,天塩郡遠別町字幸和,421-2,,
01486-4503-20.zip,202602101146,天塩郡遠別町字幸和,422-9,,
01486-4503-20.zip,202602101146,天塩郡遠別町字幸和,426-1,,
01486-4503-20.zip,202602101146,天塩郡遠別町字幸和,422-7,,
01486-4503-20.zip,202602101146,天塩郡遠別町字幸和,422-6,,
01486-4503-20.zip,202602101146,天塩郡遠別町字幸和,423-2,,
01486-4503-20.zip,202602101146,天塩郡遠別町字幸和,565,,
01486-4503-20.zip,202602101146,天塩郡遠別町字幸和,428-1,,
01486-4503-20.zip,202602101146,天塩郡遠別町字幸和,422-5,,
01486-4503-20.zip,202602101146,天塩郡遠別町字幸和,422-4,,
01486-4503-20.zip,202602101146,天塩郡遠別町字幸和,422-1,,
01486-4503-20.zip,202602101146,天塩郡遠別町字幸和,422-3,,
01486-4503-20.zip,202602101146,天塩郡遠別町字幸和,423-3,,
01486-4503-20.zip,202602101146,天塩郡遠別町字幸和,426-3,,
01486-4503-20.zip,202602101146,天塩郡遠別町字幸和,422-8,,
01486-4503-20.zip,202602101146,天塩郡遠別町字幸和,426-2,,
01486-4503-20.zip,202602101146,天塩郡遠別町字幸和,488-3,,
01486-4503-20.zip,202602101146,天塩郡遠別町字幸和,488-2,,
01486-4503-20.zip,202602101146,天塩郡遠別町字幸和,421-1,,
01486-4503-20.zip,202602101146,天塩郡遠別町字幸和,488-1,,
01486-4503-20.zip,202602101146,天塩郡遠別町字幸和,421-3,,
01486-4503-20.zip,202602101146,天塩郡遠別町字幸和,489,,
01486-4503-20.zip,202602101146,天塩郡遠別町字幸和,566,,
01486-4503-20.zip,202602101146,天塩郡遠別町字幸和,490-1,,
01486-4503-20.zip,202602101146,天塩郡遠別町字幸和,417-3,,
01486-4503-20.zip,202602101146,天塩郡遠別町字幸和,420-3,,
01486-4503-20.zip,202602101146,天塩郡遠別町字幸和,490-2,,
01486-4503-20.zip,202602101146,天塩郡遠別町字幸和,水-14,,
01486-4503-20.zip,202602101146,天塩郡遠別町,地区外-258447,,
01486-4503-20.zip,202602101146,天塩郡遠別町字久光,1319,,
01486-4503-20.zip,202602101146,天塩郡遠別町,地区外-258449,,
01486-4503-20.zip,202602101146,天塩郡遠別町,地区外-258450,,
01486-4503-20.zip,202602101146,天塩郡遠別町字幸和,962,,
01486-4503-20.zip,202602101146,天塩郡遠別町字久光,1318,,
01486-4503-20.zip,202602101146,天塩郡遠別町字幸和,963,,
01486-4503-20.zip,202602101146,天塩郡遠別町字幸和,水-15,,
01486-4503-20.zip,202602101146,天塩郡遠別町字幸和,964,,
01486-4503-20.zip,202602101146,天塩郡遠別町字久光,1317,,
01486-4503-20.zip,202602101146,天塩郡遠別町字幸和,400-35,,
01486-4503-20.zip,202602101146,天塩郡遠別町字久光,96,,
01486-4503-20.zip,202602101146,天塩郡遠別町字久光,1327,,
01486-4503-20.zip,202602101146,天塩郡遠別町字久光,98,,
01486-4503-20.zip,202602101146,天塩郡遠別町字久光,1328,,
01486-4503-20.zip,202602101146,天塩郡遠別町字久光,97,,
01486-4503-20.zip,202602101146,天塩郡遠別町,地区外-258463,,
01486-4503-20.zip,202602101146,天塩郡遠別町字幸和,954,,
01486-4503-20.zip,202602101146,天塩郡遠別町字幸和,411-1,,
01486-4503-20.zip,202602101146,天塩郡遠別町字幸和,411-7,,
01486-4503-20.zip,202602101146,天塩郡遠別町字幸和,400-65,,
01486-4503-20.zip,202602101146,天塩郡遠別町字幸和,411-8,,
01486-4503-20.zip,202602101146,天塩郡遠別町字幸和,955,,
01486-4503-20.zip,202602101146,天塩郡遠別町字幸和,400-63,,
01486-4503-20.zip,202602101146,天塩郡遠別町字幸和,400-5,,
01486-4503-20.zip,202602101146,天塩郡遠別町字幸和,400-37,,
01486-4503-20.zip,202602101146,天塩郡遠別町字幸和,415-1,,
01486-4503-20.zip,202602101146,天塩郡遠別町字幸和,415-3,,
01486-4503-20.zip,202602101146,天塩郡遠別町字幸和,415-4,,
01486-4503-20.zip,202602101146,天塩郡遠別町字幸和,400-45,,
01486-4503-20.zip,202602101146,天塩郡遠別町字幸和,水-16,,
01486-4503-20.zip,202602101146,天塩郡遠別町字幸和,899-1,,
01486-4503-20.zip,202602101146,天塩郡遠別町字幸和,400-8,,
01486-4503-20.zip,202602101146,天塩郡遠別町字幸和,412-1,,
01486-4503-20.zip,202602101146,天塩郡遠別町字幸和,904,,
01486-4503-20.zip,202602101146,天塩郡遠別町字幸和,415-2,,
01486-4503-20.zip,202602101146,天塩郡遠別町字幸和,400-54,,
01486-4503-20.zip,202602101146,天塩郡遠別町字幸和,898-2,,
01486-4503-20.zip,202602101146,天塩郡遠別町字幸和,416-6,,
01486-4503-20.zip,202602101146,天塩郡遠別町字幸和,412-5,,
01486-4503-20.zip,202602101146,天塩郡遠別町字幸和,420-2,,
01486-4503-20.zip,202602101146,天塩郡遠別町字幸和,420-6,,
01486-4503-20.zip,202602101146,天塩郡遠別町字幸和,400-49,,
01486-4503-20.zip,202602101146,天塩郡遠別町字幸和,422-2,,
01486-4503-20.zip,202602101146,天塩郡遠別町字幸和,418-2,,
01486-4503-20.zip,202602101146,天塩郡遠別町字幸和,418-1,,
01486-4503-20.zip,202602101146,天塩郡遠別町字幸和,423-1,,
01486-4503-20.zip,202602101146,天塩郡遠別町字幸和,417-5,,
01486-4503-20.zip,202602101146,天塩郡遠別町字幸和,562,,
01486-4503-20.zip,202602101146,天塩郡遠別町字幸和,420-5,,
01486-4503-20.zip,202602101146,天塩郡遠別町字幸和,551-1,,
01486-4503-20.zip,202602101146,天塩郡遠別町字幸和,572,,
01486-4503-20.zip,202602101146,天塩郡遠別町字幸和,416-1,,
01486-4503-20.zip,202602101146,天塩郡遠別町字幸和,416-5,,
01486-4503-20.zip,202602101146,天塩郡遠別町字幸和,416-4,,
01486-4503-20.zip,202602101146,天塩郡遠別町字幸和,898-1,,
01486-4503-20.zip,202602101146,天塩郡遠別町字幸和,416-3,,
01486-4503-20.zip,202602101146,天塩郡遠別町字幸和,412-2,,
01486-4503-20.zip,202602101146,天塩郡遠別町字幸和,412-3,,
01486-4503-20.zip,202602101146,天塩郡遠別町字幸和,550,,
01486-4503-20.zip,202602101146,天塩郡遠別町字幸和,899-2,,
01486-4503-20.zip,202602101146,天塩郡遠別町字幸和,412-4,,
01486-4503-20.zip,202602101146,天塩郡遠別町字幸和,499-1,,
01486-4503-20.zip,202602101146,天塩郡遠別町字幸和,417-2,,
01486-4503-20.zip,202602101146,天塩郡遠別町字幸和,571,,
01486-4503-20.zip,202602101146,天塩郡遠別町字幸和,417-4,,
01486-4503-20.zip,202602101146,天塩郡遠別町字幸和,417-1,,
01486-4503-20.zip,202602101146,天塩郡遠別町字幸和,499-2,,
01486-4503-20.zip,202602101146,天塩郡遠別町字幸和,957,,
01486-4503-20.zip,202602101146,天塩郡遠別町字幸和,570,,
01486-4503-20.zip,202602101146,天塩郡遠別町字幸和,416-2,,
01486-4503-20.zip,202602101146,天塩郡遠別町字幸和,400-69,,
01486-4503-20.zip,202602101146,天塩郡遠別町字幸和,400-62,,
01486-4503-20.zip,202602101146,天塩郡遠別町字幸和,484,,
01486-4503-20.zip,202602101146,天塩郡遠別町字幸和,400-64,,
01486-4503-20.zip,202602101146,天塩郡遠別町,地区外-258534,,
01486-4503-20.zip,202602101146,天塩郡遠別町字幸和,水-17,,
01486-4503-20.zip,202602101146,天塩郡遠別町字幸和,400-44,,
01486-4503-20.zip,202602101146,天塩郡遠別町字幸和,411-4,,
01486-4503-20.zip,202602101146,天塩郡遠別町字幸和,411-2,,
01486-4503-20.zip,202602101146,天塩郡遠別町字幸和,411-3,,
01486-4503-20.zip,202602101146,天塩郡遠別町字久光,1364,,
01486-4503-20.zip,202602101146,天塩郡遠別町字久光,123-2,,
01486-4503-20.zip,202602101146,天塩郡遠別町,地区外-258554,,
01486-4503-20.zip,202602101146,天塩郡遠別町字久光,120-4,,
01486-4503-20.zip,202602101146,天塩郡遠別町字久光,1366,,
01486-4503-20.zip,202602101146,天塩郡遠別町字久光,124-2,,
01486-4503-20.zip,202602101146,天塩郡遠別町字久光,124-1,,
01486-4503-20.zip,202602101146,天塩郡遠別町字久光,1365,,
01486-4503-20.zip,202602101146,天塩郡遠別町字久光,123-1,,
01486-4503-20.zip,202602101146,天塩郡遠別町字久光,122-1,,
01486-4503-20.zip,202602101146,天塩郡遠別町字久光,122-2,,
01486-4503-20.zip,202602101146,天塩郡遠別町字幸和,253-1,,
01486-4503-20.zip,202602101146,天塩郡遠別町字幸和,253-27,,
01486-4503-20.zip,202602101146,天塩郡遠別町字幸和,48-4,,
01486-4503-20.zip,202602101146,天塩郡遠別町字幸和,48-3,,
01486-4503-20.zip,202602101146,天塩郡遠別町,地区外-258376,,
01486-4503-20.zip,202602101146,天塩郡遠別町字幸和,956-1,,
01486-4503-20.zip,202602101146,天塩郡遠別町字幸和,400-11,,
01486-4503-20.zip,202602101146,天塩郡遠別町字幸和,400-75,,
01486-4503-20.zip,202602101146,天塩郡遠別町字幸和,400-40,,
01486-4503-20.zip,202602101146,天塩郡遠別町字幸和,400-82,,
01486-4503-20.zip,202602101146,天塩郡遠別町字幸和,400-76,,
01486-4503-20.zip,202602101146,天塩郡遠別町字幸和,400-77,,
01486-4503-20.zip,202602101146,天塩郡遠別町字幸和,400-74,,
01486-4503-20.zip,202602101146,天塩郡遠別町字幸和,400-6,,
01486-4503-20.zip,202602101146,天塩郡遠別町字幸和,400-81,,
01486-4503-20.zip,202602101146,天塩郡遠別町字幸和,400-80,,
01486-4503-20.zip,202602101146,天塩郡遠別町字幸和,400-9,,
01486-4503-20.zip,202602101146,天塩郡遠別町字幸和,400-78,,
01486-4503-20.zip,202602101146,天塩郡遠別町字幸和,400-79,,
01486-4503-20.zip,202602101146,天塩郡遠別町字幸和,400-67,,
01486-4503-20.zip,202602101146,天塩郡遠別町字幸和,400-68,,
01486-4503-20.zip,202602101146,天塩郡遠別町字幸和,400-83,,
01486-4503-20.zip,202602101146,天塩郡遠別町字幸和,400-70,,
01486-4503-20.zip,202602101146,天塩郡遠別町字幸和,道-3,,
01486-4503-20.zip,202602101146,天塩郡遠別町字幸和,956-3,,
01486-4503-20.zip,202602101146,天塩郡遠別町,地区外-258549,,
01486-4503-20.zip,202602101146,天塩郡遠別町字幸和,400-34,,
01486-4503-20.zip,202602101146,天塩郡遠別町字幸和,400-84,,
01486-4503-20.zip,202602101146,天塩郡遠別町,地区外-258536,,
01486-4503-20.zip,202602101146,天塩郡遠別町字幸和,410-1,,
01486-4503-20.zip,202602101146,天塩郡遠別町字幸和,410-10,,
01486-4503-20.zip,202602101146,天塩郡遠別町字幸和,410-11,,
01486-4503-20.zip,202602101146,天塩郡遠別町字幸和,410-12,,
01486-4503-20.zip,202602101146,天塩郡遠別町字幸和,410-13,,
01486-4503-20.zip,202602101146,天塩郡遠別町字幸和,410-3,,
01486-4503-20.zip,202602101146,天塩郡遠別町字幸和,410-4,,
01486-4503-20.zip,202602101146,天塩郡遠別町字幸和,410-5,,
01486-4503-20.zip,202602101146,天塩郡遠別町字幸和,410-6,,
01486-4503-20.zip,202602101146,天塩郡遠別町字幸和,410-7,,
01486-4503-20.zip,202602101146,天塩郡遠別町字幸和,410-8,,
01486-4503-20.zip,202602101146,天塩郡遠別町字幸和,410-9,,
01486-4503-20.zip,202602101146,天塩郡遠別町字幸和,903-1,,
01486-4503-20.zip,202602101146,天塩郡遠別町字幸和,903-3,,
01486-4503-20.zip,202602101146,天塩郡遠別町字幸和,400-88,,
01486-4503-20.zip,202602101146,天塩郡遠別町字幸和,400-86,,
01486-4503-20.zip,202602101146,天塩郡遠別町字幸和,400-66,,
01486-4503-20.zip,202602101146,天塩郡遠別町字幸和,400-87,,
01486-4503-20.zip,202602101146,天塩郡遠別町字幸和,400-73,,
01486-4503-20.zip,202602101146,天塩郡遠別町字幸和,400-7,,
01486-4503-20.zip,202602101146,天塩郡遠別町字幸和,956-2,,
01486-4503-20.zip,202602101146,天塩郡遠別町字幸和,400-47,,
01486-4503-20.zip,202602101146,天塩郡遠別町字幸和,400-48,,
01486-4503-20.zip,202602101146,天塩郡遠別町字幸和,400-46,,
01486-4503-20.zip,202602101146,天塩郡遠別町字幸和,411-5,,
01486-4503-20.zip,202602101146,天塩郡遠別町字幸和,411-9,,
01486-4503-20.zip,202602101146,天塩郡遠別町字幸和,411-6,,
01486-4503-20.zip,202602101146,天塩郡遠別町字幸和,903-2,,
01486-4503-20.zip,202602101146,天塩郡遠別町字幸和,903-4,,
01486-4503-20.zip,202602101146,天塩郡遠別町字幸和,400-85,,
01486-4503-20.zip,202602101146,天塩郡遠別町字幸和,48-1,,
01486-4503-20.zip,202602101146,天塩郡遠別町字幸和,48-5,,
01486-4503-20.zip,202602101146,天塩郡遠別町字幸和,400-71,,
01486-4503-20.zip,202602101146,天塩郡遠別町字幸和,400-89,,
01486-4503-20.zip,202602101146,天塩郡遠別町,地区外-258531,,
01486-4503-20.zip,202602101146,天塩郡遠別町字幸和,400-72,,
01486-4503-21.zip,202602101146,天塩郡遠別町字東野,452-2,,
01486-4503-21.zip,202602101146,天塩郡遠別町字東野,444-2,,
01486-4503-21.zip,202602101146,天塩郡遠別町字東野,219-7,,
01486-4503-21.zip,202602101146,天塩郡遠別町字東野,202-3,,
01486-4503-21.zip,202602101146,天塩郡遠別町字東野,201-4,,
01486-4503-21.zip,202602101146,天塩郡遠別町字東野,200-4,,
01486-4503-21.zip,202602101146,天塩郡遠別町字東野,288-2,,
01486-4503-21.zip,202602101146,天塩郡遠別町字東野,299,,
01486-4503-21.zip,202602101146,天塩郡遠別町字東野,水-1,,
01486-4503-21.zip,202602101146,天塩郡遠別町字東野,水-2,,
01486-4503-21.zip,202602101146,天塩郡遠別町字東野,78,,
01486-4503-21.zip,202602101146,天塩郡遠別町字東野,79,,
01486-4503-21.zip,202602101146,天塩郡遠別町,地区外-260464,,
01486-4503-21.zip,202602101146,天塩郡遠別町字東野,70-1,,
01486-4503-21.zip,202602101146,天塩郡遠別町字東野,37,,
01486-4503-21.zip,202602101146,天塩郡遠別町,地区外-260467,,
01486-4503-21.zip,202602101146,天塩郡遠別町字東野,508,,
01486-4503-21.zip,202602101146,天塩郡遠別町字東野,66-2,,
01486-4503-21.zip,202602101146,天塩郡遠別町字東野,80,,
01486-4503-21.zip,202602101146,天塩郡遠別町字東野,394,,
01486-4503-21.zip,202602101146,天塩郡遠別町字東野,70-2,,
01486-4503-21.zip,202602101146,天塩郡遠別町字東野,65-1,,
01486-4503-21.zip,202602101146,天塩郡遠別町字東野,386,,
01486-4503-21.zip,202602101146,天塩郡遠別町字東野,384,,
01486-4503-21.zip,202602101146,天塩郡遠別町字東野,水-4,,
01486-4503-21.zip,202602101146,天塩郡遠別町字東野,387,,
01486-4503-21.zip,202602101146,天塩郡遠別町字東野,69-3,,
01486-4503-21.zip,202602101146,天塩郡遠別町字東野,68-3,,
01486-4503-21.zip,202602101146,天塩郡遠別町字東野,水-5,,
01486-4503-21.zip,202602101146,天塩郡遠別町字東野,69-1,,
01486-4503-21.zip,202602101146,天塩郡遠別町字東野,69-6,,
01486-4503-21.zip,202602101146,天塩郡遠別町字東野,68-1,,
01486-4503-21.zip,202602101146,天塩郡遠別町字東野,68-2,,
01486-4503-21.zip,202602101146,天塩郡遠別町字東野,81-10,,
01486-4503-21.zip,202602101146,天塩郡遠別町字東野,69-2,,
01486-4503-21.zip,202602101146,天塩郡遠別町字東野,水-6,,
01486-4503-21.zip,202602101146,天塩郡遠別町字東野,67-1,,
01486-4503-21.zip,202602101146,天塩郡遠別町字東野,67-3,,
01486-4503-21.zip,202602101146,天塩郡遠別町字東野,66-1,,
01486-4503-21.zip,202602101146,天塩郡遠別町字東野,65-4,,
01486-4503-21.zip,202602101146,天塩郡遠別町字東野,69-4,,
01486-4503-21.zip,202602101146,天塩郡遠別町字東野,39-6,,
01486-4503-21.zip,202602101146,天塩郡遠別町字東野,372,,
01486-4503-21.zip,202602101146,天塩郡遠別町字東野,43,,
01486-4503-21.zip,202602101146,天塩郡遠別町字東野,41,,
01486-4503-21.zip,202602101146,天塩郡遠別町字東野,374,,
01486-4503-21.zip,202602101146,天塩郡遠別町字東野,39-2,,
01486-4503-21.zip,202602101146,天塩郡遠別町字東野,39-4,,
01486-4503-21.zip,202602101146,天塩郡遠別町字東野,38-5,,
01486-4503-21.zip,202602101146,天塩郡遠別町字東野,39-3,,
01486-4503-21.zip,202602101146,天塩郡遠別町字東野,40-3,,
01486-4503-21.zip,202602101146,天塩郡遠別町字東野,40-2,,
01486-4503-21.zip,202602101146,天塩郡遠別町字東野,40-1,,
01486-4503-21.zip,202602101146,天塩郡遠別町字東野,水-7,,
01486-4503-21.zip,202602101146,天塩郡遠別町字東野,32,,
01486-4503-21.zip,202602101146,天塩郡遠別町字東野,44-1,,
01486-4503-21.zip,202602101146,天塩郡遠別町字東野,45-1,,
01486-4503-21.zip,202602101146,天塩郡遠別町字東野,46,,
01486-4503-21.zip,202602101146,天塩郡遠別町字東野,375,,
01486-4503-21.zip,202602101146,天塩郡遠別町字東野,377,,
01486-4503-21.zip,202602101146,天塩郡遠別町字東野,47-2,,
01486-4503-21.zip,202602101146,天塩郡遠別町字東野,47-5,,
01486-4503-21.zip,202602101146,天塩郡遠別町字東野,47-4,,
01486-4503-21.zip,202602101146,天塩郡遠別町字東野,45-2,,
01486-4503-21.zip,202602101146,天塩郡遠別町字東野,49-2,,
01486-4503-21.zip,202602101146,天塩郡遠別町字東野,50,,
01486-4503-21.zip,202602101146,天塩郡遠別町字東野,380,,
01486-4503-21.zip,202602101146,天塩郡遠別町字東野,379,,
01486-4503-21.zip,202602101146,天塩郡遠別町字東野,59,,
01486-4503-21.zip,202602101146,天塩郡遠別町字東野,381,,
01486-4503-21.zip,202602101146,天塩郡遠別町字東野,378,,
01486-4503-21.zip,202602101146,天塩郡遠別町字東野,310,,
01486-4503-21.zip,202602101146,天塩郡遠別町字東野,57-2,,
01486-4503-21.zip,202602101146,天塩郡遠別町字東野,水-8,,
01486-4503-21.zip,202602101146,天塩郡遠別町字東野,61,,
01486-4503-21.zip,202602101146,天塩郡遠別町字東野,62-1,,
01486-4503-21.zip,202602101146,天塩郡遠別町字東野,57-1,,
01486-4503-21.zip,202602101146,天塩郡遠別町字東野,54,,
01486-4503-21.zip,202602101146,天塩郡遠別町字東野,53,,
01486-4503-21.zip,202602101146,天塩郡遠別町字東野,58,,
01486-4503-21.zip,202602101146,天塩郡遠別町字東野,382,,
01486-4503-21.zip,202602101146,天塩郡遠別町字東野,383,,
01486-4503-21.zip,202602101146,天塩郡遠別町字東野,48-1,,
01486-4503-21.zip,202602101146,天塩郡遠別町字東野,48-4,,
01486-4503-21.zip,202602101146,天塩郡遠別町字東野,49-3,,
01486-4503-21.zip,202602101146,天塩郡遠別町字東野,49-1,,
01486-4503-21.zip,202602101146,天塩郡遠別町字東野,45-3,,
01486-4503-21.zip,202602101146,天塩郡遠別町字東野,44-5,,
01486-4503-21.zip,202602101146,天塩郡遠別町字東野,44-3,,
01486-4503-21.zip,202602101146,天塩郡遠別町字東野,48-2,,
01486-4503-21.zip,202602101146,天塩郡遠別町字東野,47-1,,
01486-4503-21.zip,202602101146,天塩郡遠別町字東野,47-3,,
01486-4503-21.zip,202602101146,天塩郡遠別町字東野,48-3,,
01486-4503-21.zip,202602101146,天塩郡遠別町字東野,51,,
01486-4503-21.zip,202602101146,天塩郡遠別町字東野,44-4,,
01486-4503-21.zip,202602101146,天塩郡遠別町字東野,44-2,,
01486-4503-21.zip,202602101146,天塩郡遠別町字東野,376,,
01486-4503-21.zip,202602101146,天塩郡遠別町字東野,385,,
01486-4503-21.zip,202602101146,天塩郡遠別町,地区外-260551,,
01486-4503-21.zip,202602101146,天塩郡遠別町字東野,水-9,,
01486-4503-21.zip,202602101146,天塩郡遠別町字東野,366,,
01486-4503-21.zip,202602101146,天塩郡遠別町字東野,30,,
01486-4503-21.zip,202602101146,天塩郡遠別町字東野,水-10,,
01486-4503-21.zip,202602101146,天塩郡遠別町字東野,31,,
01486-4503-21.zip,202602101146,天塩郡遠別町字東野,38-10,,
01486-4503-21.zip,202602101146,天塩郡遠別町字東野,369,,
01486-4503-21.zip,202602101146,天塩郡遠別町字東野,315-2,,
01486-4503-21.zip,202602101146,天塩郡遠別町,地区外-260560,,
01486-4503-21.zip,202602101146,天塩郡遠別町字東野,34,,
01486-4503-21.zip,202602101146,天塩郡遠別町字東野,29,,
01486-4503-21.zip,202602101146,天塩郡遠別町字東野,27-3,,
01486-4503-21.zip,202602101146,天塩郡遠別町字東野,368,,
01486-4503-21.zip,202602101146,天塩郡遠別町字東野,367,,
01486-4503-21.zip,202602101146,天塩郡遠別町字東野,23-2,,
01486-4503-21.zip,202602101146,天塩郡遠別町字東野,水-11,,
01486-4503-21.zip,202602101146,天塩郡遠別町字東野,水-12,,
01486-4503-21.zip,202602101146,天塩郡遠別町字東野,38-2,,
01486-4503-21.zip,202602101146,天塩郡遠別町字東野,38-7,,
01486-4503-21.zip,202602101146,天塩郡遠別町字東野,38-1,,
01486-4503-21.zip,202602101146,天塩郡遠別町字東野,38-6,,
01486-4503-21.zip,202602101146,天塩郡遠別町字東野,16-1,,
01486-4503-21.zip,202602101146,天塩郡遠別町字東野,14,,
01486-4503-21.zip,202602101146,天塩郡遠別町字東野,13-4,,
01486-4503-21.zip,202602101146,天塩郡遠別町字東野,10-4,,
01486-4503-21.zip,202602101146,天塩郡遠別町字東野,38-4,,
01486-4503-21.zip,202602101146,天塩郡遠別町字東野,38-8,,
01486-4503-21.zip,202602101146,天塩郡遠別町字東野,373,,
01486-4503-21.zip,202602101146,天塩郡遠別町字東野,38-9,,
01486-4503-21.zip,202602101146,天塩郡遠別町字東野,38-3,,
01486-4503-21.zip,202602101146,天塩郡遠別町字東野,313-1,,
01486-4503-21.zip,202602101146,天塩郡遠別町字東野,2-2,,
01486-4503-21.zip,202602101146,天塩郡遠別町字東野,3-2,,
01486-4503-21.zip,202602101146,天塩郡遠別町字東野,3-1,,
01486-4503-21.zip,202602101146,天塩郡遠別町字東野,3-3,,
01486-4503-21.zip,202602101146,天塩郡遠別町字東野,水-13,,
01486-4503-21.zip,202602101146,天塩郡遠別町字東野,2-3,,
01486-4503-21.zip,202602101146,天塩郡遠別町字東野,313-5,,
01486-4503-21.zip,202602101146,天塩郡遠別町字東野,313-4,,
01486-4503-21.zip,202602101146,天塩郡遠別町字東野,2-1,,
01486-4503-21.zip,202602101146,天塩郡遠別町字東野,313-3,,
01486-4503-21.zip,202602101146,天塩郡遠別町字東野,313-2,,
01486-4503-21.zip,202602101146,天塩郡遠別町字東野,1,,
01486-4503-21.zip,202602101146,天塩郡遠別町,地区外-260608,,
01486-4503-21.zip,202602101146,天塩郡遠別町字東野,365,,
01486-4503-21.zip,202602101146,天塩郡遠別町字東野,462,,
01486-4503-21.zip,202602101146,天塩郡遠別町,地区外-260611,,
01486-4503-21.zip,202602101146,天塩郡遠別町字東野,305-1,,
01486-4503-21.zip,202602101146,天塩郡遠別町字東野,300,,
01486-4503-21.zip,202602101146,天塩郡遠別町字東野,364,,
01486-4503-21.zip,202602101146,天塩郡遠別町字東野,298,,
01486-4503-21.zip,202602101146,天塩郡遠別町字東野,水-14,,
01486-4503-21.zip,202602101146,天塩郡遠別町字東野,297-1,,
01486-4503-21.zip,202602101146,天塩郡遠別町字東野,294-2,,
01486-4503-21.zip,202602101146,天塩郡遠別町字東野,294-1,,
01486-4503-21.zip,202602101146,天塩郡遠別町字東野,295-3,,
01486-4503-21.zip,202602101146,天塩郡遠別町字東野,293-3,,
01486-4503-21.zip,202602101146,天塩郡遠別町字東野,293-2,,
01486-4503-21.zip,202602101146,天塩郡遠別町字東野,355,,
01486-4503-21.zip,202602101146,天塩郡遠別町字東野,293-1,,
01486-4503-21.zip,202602101146,天塩郡遠別町字東野,295-1,,
01486-4503-21.zip,202602101146,天塩郡遠別町字東野,467,,
01486-4503-21.zip,202602101146,天塩郡遠別町字東野,291,,
01486-4503-21.zip,202602101146,天塩郡遠別町,地区外-260628,,
01486-4503-21.zip,202602101146,天塩郡遠別町字東野,224-1,,
01486-4503-21.zip,202602101146,天塩郡遠別町字東野,459,,
01486-4503-21.zip,202602101146,天塩郡遠別町字東野,272-3,,
01486-4503-21.zip,202602101146,天塩郡遠別町字東野,272-4,,
01486-4503-21.zip,202602101146,天塩郡遠別町字東野,272-1,,
01486-4503-21.zip,202602101146,天塩郡遠別町字東野,水-15,,
01486-4503-21.zip,202602101146,天塩郡遠別町字東野,280,,
01486-4503-21.zip,202602101146,天塩郡遠別町字東野,281-1,,
01486-4503-21.zip,202602101146,天塩郡遠別町字東野,281-2,,
01486-4503-21.zip,202602101146,天塩郡遠別町字東野,282-1,,
01486-4503-21.zip,202602101146,天塩郡遠別町字東野,348-1,,
01486-4503-21.zip,202602101146,天塩郡遠別町字東野,348-2,,
01486-4503-21.zip,202602101146,天塩郡遠別町字東野,283-2,,
01486-4503-21.zip,202602101146,天塩郡遠別町字東野,283-3,,
01486-4503-21.zip,202602101146,天塩郡遠別町字東野,458,,
01486-4503-21.zip,202602101146,天塩郡遠別町字東野,460,,
01486-4503-21.zip,202602101146,天塩郡遠別町字東野,285,,
01486-4503-21.zip,202602101146,天塩郡遠別町字東野,286,,
01486-4503-21.zip,202602101146,天塩郡遠別町字東野,461,,
01486-4503-21.zip,202602101146,天塩郡遠別町字東野,279-1,,
01486-4503-21.zip,202602101146,天塩郡遠別町字東野,279-3,,
01486-4503-21.zip,202602101146,天塩郡遠別町字東野,279-2,,
01486-4503-21.zip,202602101146,天塩郡遠別町字東野,349-1,,
01486-4503-21.zip,202602101146,天塩郡遠別町字東野,278,,
01486-4503-21.zip,202602101146,天塩郡遠別町字東野,275-1,,
01486-4503-21.zip,202602101146,天塩郡遠別町字東野,273,,
01486-4503-21.zip,202602101146,天塩郡遠別町字東野,274,,
01486-4503-21.zip,202602101146,天塩郡遠別町字東野,466,,
01486-4503-21.zip,202602101146,天塩郡遠別町字東野,275-2,,
01486-4503-21.zip,202602101146,天塩郡遠別町字東野,305-2,,
01486-4503-21.zip,202602101146,天塩郡遠別町字東野,465,,
01486-4503-21.zip,202602101146,天塩郡遠別町字東野,464,,
01486-4503-21.zip,202602101146,天塩郡遠別町字東野,304-1,,
01486-4503-21.zip,202602101146,天塩郡遠別町字東野,275-6,,
01486-4503-21.zip,202602101146,天塩郡遠別町字東野,275-4,,
01486-4503-21.zip,202602101146,天塩郡遠別町字東野,275-3,,
01486-4503-21.zip,202602101146,天塩郡遠別町字東野,349-2,,
01486-4503-21.zip,202602101146,天塩郡遠別町字東野,351-1,,
01486-4503-21.zip,202602101146,天塩郡遠別町字東野,287-1,,
01486-4503-21.zip,202602101146,天塩郡遠別町字東野,351-2,,
01486-4503-21.zip,202602101146,天塩郡遠別町字東野,287-2,,
01486-4503-21.zip,202602101146,天塩郡遠別町字東野,287-3,,
01486-4503-21.zip,202602101146,天塩郡遠別町字東野,463,,
01486-4503-21.zip,202602101146,天塩郡遠別町字東野,288-1,,
01486-4503-21.zip,202602101146,天塩郡遠別町字東野,水-16,,
01486-4503-21.zip,202602101146,天塩郡遠別町字東野,303,,
01486-4503-21.zip,202602101146,天塩郡遠別町字東野,352-1,,
01486-4503-21.zip,202602101146,天塩郡遠別町字東野,352-2,,
01486-4503-21.zip,202602101146,天塩郡遠別町字東野,304-2,,
01486-4503-21.zip,202602101146,天塩郡遠別町字東野,水-17,,
01486-4503-21.zip,202602101146,天塩郡遠別町字東野,289,,
01486-4503-21.zip,202602101146,天塩郡遠別町字東野,水-18,,
01486-4503-21.zip,202602101146,天塩郡遠別町字東野,265,,
01486-4503-21.zip,202602101146,天塩郡遠別町,地区外-260685,,
01486-4503-21.zip,202602101146,天塩郡遠別町字東野,509,,
01486-4503-21.zip,202602101146,天塩郡遠別町字東野,261,,
01486-4503-21.zip,202602101146,天塩郡遠別町字東野,312,,
01486-4503-21.zip,202602101146,天塩郡遠別町,地区外-260689,,
01486-4503-21.zip,202602101146,天塩郡遠別町字東野,244,,
01486-4503-21.zip,202602101146,天塩郡遠別町字東野,水-19,,
01486-4503-21.zip,202602101146,天塩郡遠別町字東野,241,,
01486-4503-21.zip,202602101146,天塩郡遠別町,地区外-260693,,
01486-4503-21.zip,202602101146,天塩郡遠別町字東野,507,,
01486-4503-21.zip,202602101146,天塩郡遠別町字東野,242-3,,
01486-4503-21.zip,202602101146,天塩郡遠別町字東野,242-5,,
01486-4503-21.zip,202602101146,天塩郡遠別町字東野,242-2,,
01486-4503-21.zip,202602101146,天塩郡遠別町字東野,242-4,,
01486-4503-21.zip,202602101146,天塩郡遠別町字東野,506,,
01486-4503-21.zip,202602101146,天塩郡遠別町字東野,505,,
01486-4503-21.zip,202602101146,天塩郡遠別町字東野,504,,
01486-4503-21.zip,202602101146,天塩郡遠別町字東野,242-1,,
01486-4503-21.zip,202602101146,天塩郡遠別町字東野,243,,
01486-4503-21.zip,202602101146,天塩郡遠別町,地区外-260704,,
01486-4503-21.zip,202602101146,天塩郡遠別町字東野,259,,
01486-4503-21.zip,202602101146,天塩郡遠別町字東野,255,,
01486-4503-21.zip,202602101146,天塩郡遠別町字東野,251,,
01486-4503-21.zip,202602101146,天塩郡遠別町字東野,247,,
01486-4503-21.zip,202602101146,天塩郡遠別町字東野,246,,
01486-4503-21.zip,202602101146,天塩郡遠別町字東野,245,,
01486-4503-21.zip,202602101146,天塩郡遠別町字東野,494,,
01486-4503-21.zip,202602101146,天塩郡遠別町字東野,497,,
01486-4503-21.zip,202602101146,天塩郡遠別町字東野,257,,
01486-4503-21.zip,202602101146,天塩郡遠別町字東野,500,,
01486-4503-21.zip,202602101146,天塩郡遠別町字東野,250,,
01486-4503-21.zip,202602101146,天塩郡遠別町字東野,248,,
01486-4503-21.zip,202602101146,天塩郡遠別町字東野,228-1,,
01486-4503-21.zip,202602101146,天塩郡遠別町字東野,495,,
01486-4503-21.zip,202602101146,天塩郡遠別町字東野,260,,
01486-4503-21.zip,202602101146,天塩郡遠別町字東野,231,,
01486-4503-21.zip,202602101146,天塩郡遠別町字東野,496,,
01486-4503-21.zip,202602101146,天塩郡遠別町字東野,258,,
01486-4503-21.zip,202602101146,天塩郡遠別町字東野,230-2,,
01486-4503-21.zip,202602101146,天塩郡遠別町字東野,228-3,,
01486-4503-21.zip,202602101146,天塩郡遠別町,地区外-260725,,
01486-4503-21.zip,202602101146,天塩郡遠別町字東野,228-2,,
01486-4503-21.zip,202602101146,天塩郡遠別町字東野,230-1,,
01486-4503-21.zip,202602101146,天塩郡遠別町字東野,232-1,,
01486-4503-21.zip,202602101146,天塩郡遠別町字東野,234-1,,
01486-4503-21.zip,202602101146,天塩郡遠別町字東野,234-2,,
01486-4503-21.zip,202602101146,天塩郡遠別町字東野,233,,
01486-4503-21.zip,202602101146,天塩郡遠別町字東野,236,,
01486-4503-21.zip,202602101146,天塩郡遠別町,地区外-260733,,
01486-4503-21.zip,202602101146,天塩郡遠別町字東野,237-1,,
01486-4503-21.zip,202602101146,天塩郡遠別町字東野,235-2,,
01486-4503-21.zip,202602101146,天塩郡遠別町字東野,235-3,,
01486-4503-21.zip,202602101146,天塩郡遠別町字東野,235-1,,
01486-4503-21.zip,202602101146,天塩郡遠別町字東野,237-3,,
01486-4503-21.zip,202602101146,天塩郡遠別町字東野,498,,
01486-4503-21.zip,202602101146,天塩郡遠別町字東野,254,,
01486-4503-21.zip,202602101146,天塩郡遠別町字東野,253,,
01486-4503-21.zip,202602101146,天塩郡遠別町字東野,499,,
01486-4503-21.zip,202602101146,天塩郡遠別町字東野,237-2,,
01486-4503-21.zip,202602101146,天塩郡遠別町字東野,501,,
01486-4503-21.zip,202602101146,天塩郡遠別町字東野,249,,
01486-4503-21.zip,202602101146,天塩郡遠別町字東野,502,,
01486-4503-21.zip,202602101146,天塩郡遠別町字東野,232-3,,
01486-4503-21.zip,202602101146,天塩郡遠別町字東野,232-2,,
01486-4503-21.zip,202602101146,天塩郡遠別町字東野,203-8,,
01486-4503-21.zip,202602101146,天塩郡遠別町字東野,359,,
01486-4503-21.zip,202602101146,天塩郡遠別町,地区外-260751,,
01486-4503-21.zip,202602101146,天塩郡遠別町字東野,358,,
01486-4503-21.zip,202602101146,天塩郡遠別町字東野,450,,
01486-4503-21.zip,202602101146,天塩郡遠別町字東野,222-1,,
01486-4503-21.zip,202602101146,天塩郡遠別町字東野,水-20,,
01486-4503-21.zip,202602101146,天塩郡遠別町字東野,221-2,,
01486-4503-21.zip,202602101146,天塩郡遠別町字東野,221-1,,
01486-4503-21.zip,202602101146,天塩郡遠別町字東野,452-1,,
01486-4503-21.zip,202602101146,天塩郡遠別町字東野,219-2,,
01486-4503-21.zip,202602101146,天塩郡遠別町字東野,446,,
01486-4503-21.zip,202602101146,天塩郡遠別町字東野,220,,
01486-4503-21.zip,202602101146,天塩郡遠別町字東野,水-21,,
01486-4503-21.zip,202602101146,天塩郡遠別町字東野,211-1,,
01486-4503-21.zip,202602101146,天塩郡遠別町字東野,212-1,,
01486-4503-21.zip,202602101146,天塩郡遠別町字東野,210-1,,
01486-4503-21.zip,202602101146,天塩郡遠別町字東野,215-3,,
01486-4503-21.zip,202602101146,天塩郡遠別町字東野,210-2,,
01486-4503-21.zip,202602101146,天塩郡遠別町字東野,454,,
01486-4503-21.zip,202602101146,天塩郡遠別町字東野,456,,
01486-4503-21.zip,202602101146,天塩郡遠別町字東野,225-3,,
01486-4503-21.zip,202602101146,天塩郡遠別町字東野,225-5,,
01486-4503-21.zip,202602101146,天塩郡遠別町字東野,455,,
01486-4503-21.zip,202602101146,天塩郡遠別町字東野,453,,
01486-4503-21.zip,202602101146,天塩郡遠別町,地区外-260778,,
01486-4503-21.zip,202602101146,天塩郡遠別町字東野,451,,
01486-4503-21.zip,202602101146,天塩郡遠別町字東野,224-2,,
01486-4503-21.zip,202602101146,天塩郡遠別町字東野,225-2,,
01486-4503-21.zip,202602101146,天塩郡遠別町字東野,447,,
01486-4503-21.zip,202602101146,天塩郡遠別町字東野,212-2,,
01486-4503-21.zip,202602101146,天塩郡遠別町字東野,211-2,,
01486-4503-21.zip,202602101146,天塩郡遠別町字東野,213-1,,
01486-4503-21.zip,202602101146,天塩郡遠別町字東野,490,,
01486-4503-21.zip,202602101146,天塩郡遠別町字東野,226,,
01486-4503-21.zip,202602101146,天塩郡遠別町字東野,491,,
01486-4503-21.zip,202602101146,天塩郡遠別町字東野,492,,
01486-4503-21.zip,202602101146,天塩郡遠別町字東野,227,,
01486-4503-21.zip,202602101146,天塩郡遠別町字東野,493,,
01486-4503-21.zip,202602101146,天塩郡遠別町,地区外-260801,,
01486-4503-21.zip,202602101146,天塩郡遠別町字東野,209-2,,
01486-4503-21.zip,202602101146,天塩郡遠別町,地区外-260803,,
01486-4503-21.zip,202602101146,天塩郡遠別町,地区外-260804,,
01486-4503-21.zip,202602101146,天塩郡遠別町字東野,503,,
01486-4503-21.zip,202602101146,天塩郡遠別町字東野,195-1,,
01486-4503-21.zip,202602101146,天塩郡遠別町字東野,195-2,,
01486-4503-21.zip,202602101146,天塩郡遠別町字東野,443,,
01486-4503-21.zip,202602101146,天塩郡遠別町字東野,200-1,,
01486-4503-21.zip,202602101146,天塩郡遠別町字東野,200-2,,
01486-4503-21.zip,202602101146,天塩郡遠別町字東野,445,,
01486-4503-21.zip,202602101146,天塩郡遠別町字東野,207,,
01486-4503-21.zip,202602101146,天塩郡遠別町字東野,203-1,,
01486-4503-21.zip,202602101146,天塩郡遠別町字東野,203-4,,
01486-4503-21.zip,202602101146,天塩郡遠別町字東野,440,,
01486-4503-21.zip,202602101146,天塩郡遠別町字東野,203-2,,
01486-4503-21.zip,202602101146,天塩郡遠別町字東野,202-2,,
01486-4503-21.zip,202602101146,天塩郡遠別町字東野,444-1,,
01486-4503-21.zip,202602101146,天塩郡遠別町字東野,198,,
01486-4503-21.zip,202602101146,天塩郡遠別町字東野,442,,
01486-4503-21.zip,202602101146,天塩郡遠別町字東野,201-1,,
01486-4503-21.zip,202602101146,天塩郡遠別町字東野,201-2,,
01486-4503-21.zip,202602101146,天塩郡遠別町字東野,202-1,,
01486-4503-21.zip,202602101146,天塩郡遠別町字東野,199,,
01486-4503-21.zip,202602101146,天塩郡遠別町字東野,441,,
01486-4503-21.zip,202602101146,天塩郡遠別町字東野,水-22,,
01486-4503-21.zip,202602101146,天塩郡遠別町字東野,439,,
01486-4503-21.zip,202602101146,天塩郡遠別町字東野,438,,
01486-4503-21.zip,202602101146,天塩郡遠別町字東野,206-2,,
01486-4503-21.zip,202602101146,天塩郡遠別町字東野,203-9,,
01486-4503-21.zip,202602101146,天塩郡遠別町字東野,209-1,,
01486-4503-21.zip,202602101146,天塩郡遠別町字東野,209-3,,
01486-4503-21.zip,202602101146,天塩郡遠別町,地区外-260833,,
01486-4503-21.zip,202602101146,天塩郡遠別町字東野,437,,
01486-4503-21.zip,202602101146,天塩郡遠別町字東野,166-2,,
01486-4503-21.zip,202602101146,天塩郡遠別町字東野,166-1,,
01486-4503-21.zip,202602101146,天塩郡遠別町字東野,166-3,,
01486-4503-21.zip,202602101146,天塩郡遠別町字東野,167,,
01486-4503-21.zip,202602101146,天塩郡遠別町字東野,436,,
01486-4503-21.zip,202602101146,天塩郡遠別町字東野,168,,
01486-4503-21.zip,202602101146,天塩郡遠別町字東野,165,,
01486-4503-21.zip,202602101146,天塩郡遠別町字東野,428,,
01486-4503-21.zip,202602101146,天塩郡遠別町字東野,水-23,,
01486-4503-21.zip,202602101146,天塩郡遠別町字東野,177,,
01486-4503-21.zip,202602101146,天塩郡遠別町字東野,173,,
01486-4503-21.zip,202602101146,天塩郡遠別町字東野,174-3,,
01486-4503-21.zip,202602101146,天塩郡遠別町字東野,174-1,,
01486-4503-21.zip,202602101146,天塩郡遠別町字東野,430,,
01486-4503-21.zip,202602101146,天塩郡遠別町字東野,191,,
01486-4503-21.zip,202602101146,天塩郡遠別町字東野,192,,
01486-4503-21.zip,202602101146,天塩郡遠別町字東野,429,,
01486-4503-21.zip,202602101146,天塩郡遠別町字東野,171-1,,
01486-4503-21.zip,202602101146,天塩郡遠別町字東野,171-2,,
01486-4503-21.zip,202602101146,天塩郡遠別町字東野,193,,
01486-4503-21.zip,202602101146,天塩郡遠別町字東野,194,,
01486-4503-21.zip,202602101146,天塩郡遠別町,地区外-260856,,
01486-4503-21.zip,202602101146,天塩郡遠別町,地区外-260857,,
01486-4503-21.zip,202602101146,天塩郡遠別町字東野,185,,
01486-4503-21.zip,202602101146,天塩郡遠別町字東野,187,,
01486-4503-21.zip,202602101146,天塩郡遠別町字東野,425,,
01486-4503-21.zip,202602101146,天塩郡遠別町字東野,180,,
01486-4503-21.zip,202602101146,天塩郡遠別町字東野,183-1,,
01486-4503-21.zip,202602101146,天塩郡遠別町字東野,178-2,,
01486-4503-21.zip,202602101146,天塩郡遠別町字東野,178-3,,
01486-4503-21.zip,202602101146,天塩郡遠別町字東野,178-1,,
01486-4503-21.zip,202602101146,天塩郡遠別町字東野,174-2,,
01486-4503-21.zip,202602101146,天塩郡遠別町字東野,426,,
01486-4503-21.zip,202602101146,天塩郡遠別町字東野,水-24,,
01486-4503-21.zip,202602101146,天塩郡遠別町字東野,190,,
01486-4503-21.zip,202602101146,天塩郡遠別町字東野,360,,
01486-4503-21.zip,202602101146,天塩郡遠別町字東野,427,,
01486-4503-21.zip,202602101146,天塩郡遠別町字東野,182,,
01486-4503-21.zip,202602101146,天塩郡遠別町,地区外-260873,,
01486-4503-21.zip,202602101146,天塩郡遠別町字東野,433,,
01486-4503-21.zip,202602101146,天塩郡遠別町字東野,159-1,,
01486-4503-21.zip,202602101146,天塩郡遠別町字東野,434,,
01486-4503-21.zip,202602101146,天塩郡遠別町字東野,164,,
01486-4503-21.zip,202602101146,天塩郡遠別町字東野,432,,
01486-4503-21.zip,202602101146,天塩郡遠別町字東野,169-2,,
01486-4503-21.zip,202602101146,天塩郡遠別町字東野,170-2,,
01486-4503-21.zip,202602101146,天塩郡遠別町字東野,435,,
01486-4503-21.zip,202602101146,天塩郡遠別町字東野,170-3,,
01486-4503-21.zip,202602101146,天塩郡遠別町字東野,170-1,,
01486-4503-21.zip,202602101146,天塩郡遠別町字東野,163-2,,
01486-4503-21.zip,202602101146,天塩郡遠別町字東野,163-1,,
01486-4503-21.zip,202602101146,天塩郡遠別町字東野,水-25,,
01486-4503-21.zip,202602101146,天塩郡遠別町字東野,163-3,,
01486-4503-21.zip,202602101146,天塩郡遠別町字東野,162-1,,
01486-4503-21.zip,202602101146,天塩郡遠別町字東野,159-4,,
01486-4503-21.zip,202602101146,天塩郡遠別町字東野,161-1,,
01486-4503-21.zip,202602101146,天塩郡遠別町字東野,431,,
01486-4503-21.zip,202602101146,天塩郡遠別町字東野,131-2,,
01486-4503-21.zip,202602101146,天塩郡遠別町字東野,158-1,,
01486-4503-21.zip,202602101146,天塩郡遠別町字東野,409,,
01486-4503-21.zip,202602101146,天塩郡遠別町字東野,131-1,,
01486-4503-21.zip,202602101146,天塩郡遠別町,地区外-260896,,
01486-4503-21.zip,202602101146,天塩郡遠別町字東野,水-26,,
01486-4503-21.zip,202602101146,天塩郡遠別町字東野,96-1,,
01486-4503-21.zip,202602101146,天塩郡遠別町字東野,95,,
01486-4503-21.zip,202602101146,天塩郡遠別町字東野,94-6,,
01486-4503-21.zip,202602101146,天塩郡遠別町字東野,94-1,,
01486-4503-21.zip,202602101146,天塩郡遠別町字東野,94-3,,
01486-4503-21.zip,202602101146,天塩郡遠別町字東野,92-2,,
01486-4503-21.zip,202602101146,天塩郡遠別町字東野,92-3,,
01486-4503-21.zip,202602101146,天塩郡遠別町字東野,92-1,,
01486-4503-21.zip,202602101146,天塩郡遠別町字東野,94-2,,
01486-4503-21.zip,202602101146,天塩郡遠別町字東野,94-5,,
01486-4503-21.zip,202602101146,天塩郡遠別町字東野,94-4,,
01486-4503-21.zip,202602101146,天塩郡遠別町字東野,489,,
01486-4503-21.zip,202602101146,天塩郡遠別町字東野,94-8,,
01486-4503-21.zip,202602101146,天塩郡遠別町字東野,94-7,,
01486-4503-21.zip,202602101146,天塩郡遠別町字東野,92-5,,
01486-4503-21.zip,202602101146,天塩郡遠別町字東野,483,,
01486-4503-21.zip,202602101146,天塩郡遠別町字東野,97-2,,
01486-4503-21.zip,202602101146,天塩郡遠別町字東野,96-2,,
01486-4503-21.zip,202602101146,天塩郡遠別町字東野,93-3,,
01486-4503-21.zip,202602101146,天塩郡遠別町字東野,93-2,,
01486-4503-21.zip,202602101146,天塩郡遠別町字東野,488,,
01486-4503-21.zip,202602101146,天塩郡遠別町字東野,485,,
01486-4503-21.zip,202602101146,天塩郡遠別町字東野,93-4,,
01486-4503-21.zip,202602101146,天塩郡遠別町字東野,484,,
01486-4503-21.zip,202602101146,天塩郡遠別町字東野,486,,
01486-4503-21.zip,202602101146,天塩郡遠別町字東野,93-1,,
01486-4503-21.zip,202602101146,天塩郡遠別町字東野,96-3,,
01486-4503-21.zip,202602101146,天塩郡遠別町字東野,487,,
01486-4503-21.zip,202602101146,天塩郡遠別町字東野,482,,
01486-4503-21.zip,202602101146,天塩郡遠別町字東野,97-1,,
01486-4503-21.zip,202602101146,天塩郡遠別町字東野,92-6,,
01486-4503-21.zip,202602101146,天塩郡遠別町字東野,92-7,,
01486-4503-21.zip,202602101146,天塩郡遠別町,地区外-260930,,
01486-4503-21.zip,202602101146,天塩郡遠別町字東野,362,,
01486-4503-21.zip,202602101146,天塩郡遠別町字東野,103-1,,
01486-4503-21.zip,202602101146,天塩郡遠別町字東野,103-3,,
01486-4503-21.zip,202602101146,天塩郡遠別町字東野,99-1,,
01486-4503-21.zip,202602101146,天塩郡遠別町字東野,129-2,,
01486-4503-21.zip,202602101146,天塩郡遠別町字東野,128-1,,
01486-4503-21.zip,202602101146,天塩郡遠別町字東野,128-2,,
01486-4503-21.zip,202602101146,天塩郡遠別町字東野,129-1,,
01486-4503-21.zip,202602101146,天塩郡遠別町字東野,405,,
01486-4503-21.zip,202602101146,天塩郡遠別町字東野,410,,
01486-4503-21.zip,202602101146,天塩郡遠別町字東野,408,,
01486-4503-21.zip,202602101146,天塩郡遠別町字東野,130-1,,
01486-4503-21.zip,202602101146,天塩郡遠別町字東野,130-3,,
01486-4503-21.zip,202602101146,天塩郡遠別町字東野,109-2,,
01486-4503-21.zip,202602101146,天塩郡遠別町字東野,109-1,,
01486-4503-21.zip,202602101146,天塩郡遠別町字東野,89-1,,
01486-4503-21.zip,202602101146,天塩郡遠別町字東野,89-3,,
01486-4503-21.zip,202602101146,天塩郡遠別町字東野,89-2,,
01486-4503-21.zip,202602101146,天塩郡遠別町字東野,89-6,,
01486-4503-21.zip,202602101146,天塩郡遠別町字東野,468,,
01486-4503-21.zip,202602101146,天塩郡遠別町字東野,108,,
01486-4503-21.zip,202602101146,天塩郡遠別町字東野,90-34,,
01486-4503-21.zip,202602101146,天塩郡遠別町字東野,90-35,,
01486-4503-21.zip,202602101146,天塩郡遠別町字東野,473,,
01486-4503-21.zip,202602101146,天塩郡遠別町字東野,105,,
01486-4503-21.zip,202602101146,天塩郡遠別町字東野,90-36,,
01486-4503-21.zip,202602101146,天塩郡遠別町字東野,90-3,,
01486-4503-21.zip,202602101146,天塩郡遠別町字東野,90-20,,
01486-4503-21.zip,202602101146,天塩郡遠別町字東野,90-6,,
01486-4503-21.zip,202602101146,天塩郡遠別町字東野,476,,
01486-4503-21.zip,202602101146,天塩郡遠別町字東野,90-8,,
01486-4503-21.zip,202602101146,天塩郡遠別町字東野,477,,
01486-4503-21.zip,202602101146,天塩郡遠別町字東野,479,,
01486-4503-21.zip,202602101146,天塩郡遠別町字東野,100,,
01486-4503-21.zip,202602101146,天塩郡遠別町字東野,91-2,,
01486-4503-21.zip,202602101146,天塩郡遠別町字東野,91-6,,
01486-4503-21.zip,202602101146,天塩郡遠別町字東野,91-1,,
01486-4503-21.zip,202602101146,天塩郡遠別町,地区外-260968,,
01486-4503-21.zip,202602101146,天塩郡遠別町字東野,92-4,,
01486-4503-21.zip,202602101146,天塩郡遠別町字東野,481,,
01486-4503-21.zip,202602101146,天塩郡遠別町字東野,106,,
01486-4503-21.zip,202602101146,天塩郡遠別町字東野,472,,
01486-4503-21.zip,202602101146,天塩郡遠別町字東野,107,,
01486-4503-21.zip,202602101146,天塩郡遠別町字東野,103-5,,
01486-4503-21.zip,202602101146,天塩郡遠別町字東野,103-6,,
01486-4503-21.zip,202602101146,天塩郡遠別町字東野,475,,
01486-4503-21.zip,202602101146,天塩郡遠別町字東野,104,,
01486-4503-21.zip,202602101146,天塩郡遠別町字東野,103-7,,
01486-4503-21.zip,202602101146,天塩郡遠別町字東野,478,,
01486-4503-21.zip,202602101146,天塩郡遠別町字東野,102-1,,
01486-4503-21.zip,202602101146,天塩郡遠別町字東野,103-2,,
01486-4503-21.zip,202602101146,天塩郡遠別町字東野,99-2,,
01486-4503-21.zip,202602101146,天塩郡遠別町字東野,480,,
01486-4503-21.zip,202602101146,天塩郡遠別町字東野,98,,
01486-4503-21.zip,202602101146,天塩郡遠別町字東野,88-2,,
01486-4503-21.zip,202602101146,天塩郡遠別町字東野,88-1,,
01486-4503-21.zip,202602101146,天塩郡遠別町字東野,471,,
01486-4503-21.zip,202602101146,天塩郡遠別町字東野,90-1,,
01486-4503-21.zip,202602101146,天塩郡遠別町字東野,469,,
01486-4503-21.zip,202602101146,天塩郡遠別町字東野,89-7,,
01486-4503-21.zip,202602101146,天塩郡遠別町字東野,90-4,,
01486-4503-21.zip,202602101146,天塩郡遠別町字東野,474,,
01486-4503-21.zip,202602101146,天塩郡遠別町字東野,90-5,,
01486-4503-21.zip,202602101146,天塩郡遠別町字東野,90-10,,
01486-4503-21.zip,202602101146,天塩郡遠別町字東野,90-2,,
01486-4503-21.zip,202602101146,天塩郡遠別町字東野,90-9,,
01486-4503-21.zip,202602101146,天塩郡遠別町字東野,91-8,,
01486-4503-21.zip,202602101146,天塩郡遠別町字東野,91-9,,
01486-4503-21.zip,202602101146,天塩郡遠別町字東野,91-3,,
01486-4503-21.zip,202602101146,天塩郡遠別町字東野,91-7,,
01486-4503-21.zip,202602101146,天塩郡遠別町字東野,395,,
01486-4503-21.zip,202602101146,天塩郡遠別町字東野,396,,
01486-4503-21.zip,202602101146,天塩郡遠別町字東野,91-5,,
01486-4503-21.zip,202602101146,天塩郡遠別町字東野,470,,
01486-4503-21.zip,202602101146,天塩郡遠別町字東野,423,,
01486-4503-21.zip,202602101146,天塩郡遠別町,地区外-261006,,
01486-4503-21.zip,202602101146,天塩郡遠別町字東野,145,,
01486-4503-21.zip,202602101146,天塩郡遠別町字東野,143,,
01486-4503-21.zip,202602101146,天塩郡遠別町字東野,138,,
01486-4503-21.zip,202602101146,天塩郡遠別町字東野,水-27,,
01486-4503-21.zip,202602101146,天塩郡遠別町字東野,137-1,,
01486-4503-21.zip,202602101146,天塩郡遠別町字東野,136,,
01486-4503-21.zip,202602101146,天塩郡遠別町字東野,135-5,,
01486-4503-21.zip,202602101146,天塩郡遠別町字東野,135-1,,
01486-4503-21.zip,202602101146,天塩郡遠別町字東野,179,,
01486-4503-21.zip,202602101146,天塩郡遠別町字東野,421,,
01486-4503-21.zip,202602101146,天塩郡遠別町字東野,151,,
01486-4503-21.zip,202602101146,天塩郡遠別町字東野,153,,
01486-4503-21.zip,202602101146,天塩郡遠別町字東野,水-28,,
01486-4503-21.zip,202602101146,天塩郡遠別町字東野,155,,
01486-4503-21.zip,202602101146,天塩郡遠別町字東野,156,,
01486-4503-21.zip,202602101146,天塩郡遠別町字東野,132-1,,
01486-4503-21.zip,202602101146,天塩郡遠別町字東野,132-4,,
01486-4503-21.zip,202602101146,天塩郡遠別町字東野,132-3,,
01486-4503-21.zip,202602101146,天塩郡遠別町字東野,132-2,,
01486-4503-21.zip,202602101146,天塩郡遠別町字東野,412,,
01486-4503-21.zip,202602101146,天塩郡遠別町字東野,413,,
01486-4503-21.zip,202602101146,天塩郡遠別町字東野,416,,
01486-4503-21.zip,202602101146,天塩郡遠別町字東野,418,,
01486-4503-21.zip,202602101146,天塩郡遠別町字東野,157-2,,
01486-4503-21.zip,202602101146,天塩郡遠別町字東野,157-1,,
01486-4503-21.zip,202602101146,天塩郡遠別町字東野,141,,
01486-4503-21.zip,202602101146,天塩郡遠別町字東野,419,,
01486-4503-21.zip,202602101146,天塩郡遠別町字東野,154,,
01486-4503-21.zip,202602101146,天塩郡遠別町字東野,420,,
01486-4503-21.zip,202602101146,天塩郡遠別町字東野,147,,
01486-4503-21.zip,202602101146,天塩郡遠別町字東野,422,,
01486-4503-21.zip,202602101146,天塩郡遠別町字東野,183-2,,
01486-4503-21.zip,202602101146,天塩郡遠別町字東野,306,,
01486-4503-21.zip,202602101146,天塩郡遠別町字東野,424,,
01486-4503-21.zip,202602101146,天塩郡遠別町字東野,311,,
01486-4503-21.zip,202602101146,天塩郡遠別町字東野,137-2,,
01486-4503-21.zip,202602101146,天塩郡遠別町字東野,135-3,,
01486-4503-21.zip,202602101146,天塩郡遠別町字東野,135-4,,
01486-4503-21.zip,202602101146,天塩郡遠別町字東野,135-2,,
01486-4503-21.zip,202602101146,天塩郡遠別町字東野,139-1,,
01486-4503-21.zip,202602101146,天塩郡遠別町字東野,139-2,,
01486-4503-21.zip,202602101146,天塩郡遠別町字東野,417,,
01486-4503-21.zip,202602101146,天塩郡遠別町字東野,414,,
01486-4503-21.zip,202602101146,天塩郡遠別町字東野,133-1,,
01486-4503-21.zip,202602101146,天塩郡遠別町字東野,415,,
01486-4503-21.zip,202602101146,天塩郡遠別町字東野,133-4,,
01486-4503-21.zip,202602101146,天塩郡遠別町字東野,139-3,,
01486-4503-21.zip,202602101146,天塩郡遠別町字東野,84-6,,
01486-4503-21.zip,202602101146,天塩郡遠別町字東野,124-9,,
01486-4503-21.zip,202602101146,天塩郡遠別町字東野,124-5,,
01486-4503-21.zip,202602101146,天塩郡遠別町,地区外-261057,,
01486-4503-21.zip,202602101146,天塩郡遠別町字東野,56,,
01486-4503-21.zip,202602101146,天塩郡遠別町字東野,361,,
01486-4503-21.zip,202602101146,天塩郡遠別町字東野,134,,
01486-4503-21.zip,202602101146,天塩郡遠別町字東野,133-2,,
01486-4503-21.zip,202602101146,天塩郡遠別町字東野,132-5,,
01486-4503-21.zip,202602101146,天塩郡遠別町字東野,133-5,,
01486-4503-21.zip,202602101146,天塩郡遠別町字東野,133-3,,
01486-4503-21.zip,202602101146,天塩郡遠別町字東野,411,,
01486-4503-21.zip,202602101146,天塩郡遠別町字東野,135-6,,
01486-4503-21.zip,202602101146,天塩郡遠別町字東野,水-29,,
01486-4503-21.zip,202602101146,天塩郡遠別町字東野,55-1,,
01486-4503-21.zip,202602101146,天塩郡遠別町字東野,55-2,,
01486-4503-21.zip,202602101146,天塩郡遠別町字東野,水-30,,
01486-4503-21.zip,202602101146,天塩郡遠別町字東野,水-31,,
01486-4503-21.zip,202602101146,天塩郡遠別町字東野,130-2,,
01486-4503-21.zip,202602101146,天塩郡遠別町字東野,406,,
01486-4503-21.zip,202602101146,天塩郡遠別町字東野,407,,
01486-4503-21.zip,202602101146,天塩郡遠別町字東野,118-2,,
01486-4503-21.zip,202602101146,天塩郡遠別町字東野,118-6,,
01486-4503-21.zip,202602101146,天塩郡遠別町字東野,118-3,,
01486-4503-21.zip,202602101146,天塩郡遠別町字東野,118-1,,
01486-4503-21.zip,202602101146,天塩郡遠別町字東野,119-2,,
01486-4503-21.zip,202602101146,天塩郡遠別町字東野,119-5,,
01486-4503-21.zip,202602101146,天塩郡遠別町字東野,119-9,,
01486-4503-21.zip,202602101146,天塩郡遠別町字東野,119-1,,
01486-4503-21.zip,202602101146,天塩郡遠別町字東野,393,,
01486-4503-21.zip,202602101146,天塩郡遠別町字東野,391,,
01486-4503-21.zip,202602101146,天塩郡遠別町字東野,119-6,,
01486-4503-21.zip,202602101146,天塩郡遠別町字東野,390,,
01486-4503-21.zip,202602101146,天塩郡遠別町字東野,392,,
01486-4503-21.zip,202602101146,天塩郡遠別町字東野,118-5,,
01486-4503-21.zip,202602101146,天塩郡遠別町字東野,125,,
01486-4503-21.zip,202602101146,天塩郡遠別町字東野,118-4,,
01486-4503-21.zip,202602101146,天塩郡遠別町字東野,126-2,,
01486-4503-21.zip,202602101146,天塩郡遠別町字東野,403,,
01486-4503-21.zip,202602101146,天塩郡遠別町字東野,124-1,,
01486-4503-21.zip,202602101146,天塩郡遠別町字東野,124-3,,
01486-4503-21.zip,202602101146,天塩郡遠別町字東野,124-8,,
01486-4503-21.zip,202602101146,天塩郡遠別町字東野,404,,
01486-4503-21.zip,202602101146,天塩郡遠別町字東野,124-6,,
01486-4503-21.zip,202602101146,天塩郡遠別町字東野,121-4,,
01486-4503-21.zip,202602101146,天塩郡遠別町字東野,124-2,,
01486-4503-21.zip,202602101146,天塩郡遠別町字東野,124-10,,
01486-4503-21.zip,202602101146,天塩郡遠別町字東野,124-4,,
01486-4503-21.zip,202602101146,天塩郡遠別町字東野,121-2,,
01486-4503-21.zip,202602101146,天塩郡遠別町字東野,121-1,,
01486-4503-21.zip,202602101146,天塩郡遠別町字東野,402,,
01486-4503-21.zip,202602101146,天塩郡遠別町字東野,121-3,,
01486-4503-21.zip,202602101146,天塩郡遠別町字東野,401,,
01486-4503-21.zip,202602101146,天塩郡遠別町字東野,400,,
01486-4503-21.zip,202602101146,天塩郡遠別町字東野,399,,
01486-4503-21.zip,202602101146,天塩郡遠別町字東野,83-1,,
01486-4503-21.zip,202602101146,天塩郡遠別町字東野,398,,
01486-4503-21.zip,202602101146,天塩郡遠別町字東野,120-1,,
01486-4503-21.zip,202602101146,天塩郡遠別町字東野,120-2,,
01486-4503-21.zip,202602101146,天塩郡遠別町字東野,117-1,,
01486-4503-21.zip,202602101146,天塩郡遠別町字東野,117-2,,
01486-4503-21.zip,202602101146,天塩郡遠別町字東野,388,,
01486-4503-21.zip,202602101146,天塩郡遠別町字東野,389,,
01486-4503-21.zip,202602101146,天塩郡遠別町字東野,116-5,,
01486-4503-21.zip,202602101146,天塩郡遠別町字東野,116-3,,
01486-4503-21.zip,202602101146,天塩郡遠別町字東野,109-3,,
01486-4503-21.zip,202602101146,天塩郡遠別町字東野,81-1,,
01486-4503-21.zip,202602101146,天塩郡遠別町字東野,83-4,,
01486-4503-21.zip,202602101146,天塩郡遠別町字東野,363,,
01486-4503-21.zip,202602101146,天塩郡遠別町字東野,397,,
01486-4503-21.zip,202602101146,天塩郡遠別町字東野,84-3,,
01486-4503-21.zip,202602101146,天塩郡遠別町字東野,88-3,,
01486-4503-21.zip,202602101146,天塩郡遠別町字東野,116-1,,
01486-4503-21.zip,202602101146,天塩郡遠別町字東野,113-3,,
01486-4503-21.zip,202602101146,天塩郡遠別町字東野,113-2,,
01486-4503-21.zip,202602101146,天塩郡遠別町字東野,114-1,,
01486-4503-21.zip,202602101146,天塩郡遠別町字東野,114-2,,
01486-4503-21.zip,202602101146,天塩郡遠別町字東野,116-4,,
01486-4503-21.zip,202602101146,天塩郡遠別町字東野,89-4,,
01486-4503-21.zip,202602101146,天塩郡遠別町字東野,114-3,,
01486-4503-21.zip,202602101146,天塩郡遠別町,地区外-261134,,
01486-4503-21.zip,202602101146,天塩郡遠別町字東野,448-1,,
01486-4503-21.zip,202602101146,天塩郡遠別町字東野,448-2,,
01486-4503-21.zip,202602101146,天塩郡遠別町字東野,217-6,,
01486-4503-21.zip,202602101146,天塩郡遠別町字東野,217-1,,
01486-4503-21.zip,202602101146,天塩郡遠別町字東野,217-5,,
01486-4503-21.zip,202602101146,天塩郡遠別町字東野,217-7,,
01486-4503-21.zip,202602101146,天塩郡遠別町字東野,271-3,,
01486-4503-21.zip,202602101146,天塩郡遠別町字東野,271-4,,
01486-4503-21.zip,202602101146,天塩郡遠別町字東野,271-1,,
01486-4503-21.zip,202602101146,天塩郡遠別町字東野,283-1,,
01486-4503-21.zip,202602101146,天塩郡遠別町字東野,457,,
01486-4503-21.zip,202602101146,天塩郡遠別町字東野,271-2,,
01486-4503-21.zip,202602101146,天塩郡遠別町字東野,215-4,,
01486-4503-21.zip,202602101146,天塩郡遠別町字東野,215-6,,
01486-4503-21.zip,202602101146,天塩郡遠別町字東野,214,,
01486-4503-21.zip,202602101146,天塩郡遠別町字東野,449,,
01486-4503-21.zip,202602101146,天塩郡遠別町字東野,217-2,,
01486-4503-21.zip,202602101146,天塩郡遠別町字東野,217-8,,
01486-4503-21.zip,202602101146,天塩郡遠別町字東野,219-9,,
01486-4503-21.zip,202602101146,天塩郡遠別町字東野,219-3,,
01486-4503-21.zip,202602101146,天塩郡遠別町字東野,219-10,,
01486-4503-21.zip,202602101146,天塩郡遠別町字東野,219-8,,
01486-4503-21.zip,202602101146,天塩郡遠別町字東野,219-5,,
01486-4503-21.zip,202602101146,天塩郡遠別町字東野,215-7,,
01486-4503-21.zip,202602101146,天塩郡遠別町字東野,215-1,,
01486-4503-21.zip,202602101146,天塩郡遠別町字東野,218-3,,
01486-4503-21.zip,202602101146,天塩郡遠別町字東野,218-6,,
01486-4503-21.zip,202602101146,天塩郡遠別町字東野,217-4,,
01486-4503-21.zip,202602101146,天塩郡遠別町字東野,9-4,,
01486-4503-21.zip,202602101146,天塩郡遠別町字東野,9-1,,
01486-4503-21.zip,202602101146,天塩郡遠別町字東野,水-3,,
01486-4503-21.zip,202602101146,天塩郡遠別町字東野,10-9,,
01486-4503-21.zip,202602101146,天塩郡遠別町字東野,13-5,,
01486-4503-21.zip,202602101146,天塩郡遠別町字東野,13-1,,
01486-4503-21.zip,202602101146,天塩郡遠別町字東野,13-6,,
01486-4503-21.zip,202602101146,天塩郡遠別町字東野,371-1,,
01486-4503-21.zip,202602101146,天塩郡遠別町字東野,10-5,,
01486-4503-21.zip,202602101146,天塩郡遠別町字東野,10-11,,
01486-4503-21.zip,202602101146,天塩郡遠別町字東野,370-1,,
01486-4503-21.zip,202602101146,天塩郡遠別町字東野,370-2,,
01486-4503-21.zip,202602101146,天塩郡遠別町字東野,370-3,,
01486-4503-21.zip,202602101146,天塩郡遠別町字東野,371-2,,
01486-4503-21.zip,202602101146,天塩郡遠別町字東野,9-2,,
01486-4503-21.zip,202602101146,天塩郡遠別町字東野,10-6,,
01486-4503-21.zip,202602101146,天塩郡遠別町字東野,24-2,,
01486-4503-21.zip,202602101146,天塩郡遠別町字東野,9-3,,
01486-4503-21.zip,202602101146,天塩郡遠別町字東野,10-10,,
01486-4503-21.zip,202602101146,天塩郡遠別町字東野,11-5,,
01486-4503-21.zip,202602101146,天塩郡遠別町字東野,11-3,,
01486-4503-21.zip,202602101146,天塩郡遠別町,地区外-260577,,
01486-4503-22.zip,202602101146,天塩郡遠別町字久光,水-37,,
01486-4503-22.zip,202602101146,天塩郡遠別町字久光,273,,
01486-4503-22.zip,202602101146,天塩郡遠別町字久光,1477,,
01486-4503-22.zip,202602101146,天塩郡遠別町,地区外-263777,,
01486-4503-22.zip,202602101146,天塩郡遠別町字久光,水-38,,
01486-4503-22.zip,202602101146,天塩郡遠別町字久光,水-39,,
01486-4503-22.zip,202602101146,天塩郡遠別町字久光,1444,,
01486-4503-22.zip,202602101146,天塩郡遠別町字久光,366-1,,
01486-4503-22.zip,202602101146,天塩郡遠別町字久光,水-40,,
01486-4503-22.zip,202602101146,天塩郡遠別町字久光,378,,
01486-4503-22.zip,202602101146,天塩郡遠別町,地区外-263784,,
01486-4503-22.zip,202602101146,天塩郡遠別町字久光,1391,,
01486-4503-22.zip,202602101146,天塩郡遠別町字久光,513,,
01486-4503-22.zip,202602101146,天塩郡遠別町字久光,1421,,
01486-4503-22.zip,202602101146,天塩郡遠別町字久光,779,,
01486-4503-22.zip,202602101146,天塩郡遠別町,地区外-263789,,
01486-4503-22.zip,202602101146,天塩郡遠別町字久光,1475,,
01486-4503-22.zip,202602101146,天塩郡遠別町字久光,774,,
01486-4503-22.zip,202602101146,天塩郡遠別町字久光,316,,
01486-4503-22.zip,202602101146,天塩郡遠別町字久光,318,,
01486-4503-22.zip,202602101146,天塩郡遠別町字久光,道-5,,
01486-4503-22.zip,202602101146,天塩郡遠別町字久光,319-1,,
01486-4503-22.zip,202602101146,天塩郡遠別町字久光,水-41,,
01486-4503-22.zip,202602101146,天塩郡遠別町字久光,1513,,
01486-4503-22.zip,202602101146,天塩郡遠別町字久光,319-3,,
01486-4503-22.zip,202602101146,天塩郡遠別町字久光,1413,,
01486-4503-22.zip,202602101146,天塩郡遠別町字久光,307-1,,
01486-4503-22.zip,202602101146,天塩郡遠別町字久光,320,,
01486-4503-22.zip,202602101146,天塩郡遠別町字久光,道-6,,
01486-4503-22.zip,202602101146,天塩郡遠別町字久光,1512,,
01486-4503-22.zip,202602101146,天塩郡遠別町字久光,329,,
01486-4503-22.zip,202602101146,天塩郡遠別町字久光,322,,
01486-4503-22.zip,202602101146,天塩郡遠別町字久光,1414,,
01486-4503-22.zip,202602101146,天塩郡遠別町字久光,302,,
01486-4503-22.zip,202602101146,天塩郡遠別町字久光,299,,
01486-4503-22.zip,202602101146,天塩郡遠別町字久光,水-42,,
01486-4503-22.zip,202602101146,天塩郡遠別町字久光,1415,,
01486-4503-22.zip,202602101146,天塩郡遠別町字久光,323,,
01486-4503-22.zip,202602101146,天塩郡遠別町字久光,1377,,
01486-4503-22.zip,202602101146,天塩郡遠別町字久光,1416,,
01486-4503-22.zip,202602101146,天塩郡遠別町字久光,340,,
01486-4503-22.zip,202602101146,天塩郡遠別町字久光,1417,,
01486-4503-22.zip,202602101146,天塩郡遠別町字久光,1418,,
01486-4503-22.zip,202602101146,天塩郡遠別町字久光,水-43,,
01486-4503-22.zip,202602101146,天塩郡遠別町字久光,778-1,,
01486-4503-22.zip,202602101146,天塩郡遠別町字久光,777,,
01486-4503-22.zip,202602101146,天塩郡遠別町字久光,1378,,
01486-4503-22.zip,202602101146,天塩郡遠別町字久光,301,,
01486-4503-22.zip,202602101146,天塩郡遠別町字久光,1419,,
01486-4503-22.zip,202602101146,天塩郡遠別町字久光,344,,
01486-4503-22.zip,202602101146,天塩郡遠別町字久光,341,,
01486-4503-22.zip,202602101146,天塩郡遠別町字久光,343,,
01486-4503-22.zip,202602101146,天塩郡遠別町字久光,342,,
01486-4503-22.zip,202602101146,天塩郡遠別町字久光,1376,,
01486-4503-22.zip,202602101146,天塩郡遠別町,地区外-263828,,
01486-4503-22.zip,202602101146,天塩郡遠別町字久光,1382,,
01486-4503-22.zip,202602101146,天塩郡遠別町字久光,1420,,
01486-4503-22.zip,202602101146,天塩郡遠別町字久光,1383,,
01486-4503-22.zip,202602101146,天塩郡遠別町字久光,778-2,,
01486-4503-22.zip,202602101146,天塩郡遠別町字久光,295,,
01486-4503-22.zip,202602101146,天塩郡遠別町字久光,304,,
01486-4503-22.zip,202602101146,天塩郡遠別町字久光,298,,
01486-4503-22.zip,202602101146,天塩郡遠別町字久光,1379,,
01486-4503-22.zip,202602101146,天塩郡遠別町字久光,349,,
01486-4503-22.zip,202602101146,天塩郡遠別町字久光,350,,
01486-4503-22.zip,202602101146,天塩郡遠別町字久光,351,,
01486-4503-22.zip,202602101146,天塩郡遠別町字久光,326,,
01486-4503-22.zip,202602101146,天塩郡遠別町字久光,303,,
01486-4503-22.zip,202602101146,天塩郡遠別町字久光,282,,
01486-4503-22.zip,202602101146,天塩郡遠別町,地区外-263843,,
01486-4503-22.zip,202602101146,天塩郡遠別町字久光,283-1,,
01486-4503-22.zip,202602101146,天塩郡遠別町字久光,道-7,,
01486-4503-22.zip,202602101146,天塩郡遠別町字久光,283-3,,
01486-4503-22.zip,202602101146,天塩郡遠別町字久光,1422,,
01486-4503-22.zip,202602101146,天塩郡遠別町字久光,284-1,,
01486-4503-22.zip,202602101146,天塩郡遠別町字久光,310-4,,
01486-4503-22.zip,202602101146,天塩郡遠別町字久光,1411,,
01486-4503-22.zip,202602101146,天塩郡遠別町字久光,1412,,
01486-4503-22.zip,202602101146,天塩郡遠別町字久光,307-3,,
01486-4503-22.zip,202602101146,天塩郡遠別町字久光,308-1,,
01486-4503-22.zip,202602101146,天塩郡遠別町字久光,310-5,,
01486-4503-22.zip,202602101146,天塩郡遠別町字久光,310-3,,
01486-4503-22.zip,202602101146,天塩郡遠別町字久光,309,,
01486-4503-22.zip,202602101146,天塩郡遠別町字久光,道-8,,
01486-4503-22.zip,202602101146,天塩郡遠別町字久光,291-1,,
01486-4503-22.zip,202602101146,天塩郡遠別町字久光,285-6,,
01486-4503-22.zip,202602101146,天塩郡遠別町字久光,285-4,,
01486-4503-22.zip,202602101146,天塩郡遠別町字久光,1515,,
01486-4503-22.zip,202602101146,天塩郡遠別町字久光,286,,
01486-4503-22.zip,202602101146,天塩郡遠別町字久光,1423,,
01486-4503-22.zip,202602101146,天塩郡遠別町字久光,279,,
01486-4503-22.zip,202602101146,天塩郡遠別町字久光,1424,,
01486-4503-22.zip,202602101146,天塩郡遠別町字久光,287,,
01486-4503-22.zip,202602101146,天塩郡遠別町字久光,297,,
01486-4503-22.zip,202602101146,天塩郡遠別町字久光,1425,,
01486-4503-22.zip,202602101146,天塩郡遠別町字久光,296,,
01486-4503-22.zip,202602101146,天塩郡遠別町字久光,1426,,
01486-4503-22.zip,202602101146,天塩郡遠別町字久光,277,,
01486-4503-22.zip,202602101146,天塩郡遠別町字久光,278,,
01486-4503-22.zip,202602101146,天塩郡遠別町字久光,288-1,,
01486-4503-22.zip,202602101146,天塩郡遠別町字久光,288-2,,
01486-4503-22.zip,202602101146,天塩郡遠別町字久光,292-3,,
01486-4503-22.zip,202602101146,天塩郡遠別町字久光,1514,,
01486-4503-22.zip,202602101146,天塩郡遠別町字久光,290-1,,
01486-4503-22.zip,202602101146,天塩郡遠別町字久光,290-2,,
01486-4503-22.zip,202602101146,天塩郡遠別町字久光,294,,
01486-4503-22.zip,202602101146,天塩郡遠別町字久光,786,,
01486-4503-22.zip,202602101146,天塩郡遠別町,地区外-263881,,
01486-4503-22.zip,202602101146,天塩郡遠別町字久光,1372,,
01486-4503-22.zip,202602101146,天塩郡遠別町字久光,785,,
01486-4503-22.zip,202602101146,天塩郡遠別町字久光,337,,
01486-4503-22.zip,202602101146,天塩郡遠別町字久光,338-1,,
01486-4503-22.zip,202602101146,天塩郡遠別町字久光,1370,,
01486-4503-22.zip,202602101146,天塩郡遠別町字久光,336-1,,
01486-4503-22.zip,202602101146,天塩郡遠別町字久光,水-44,,
01486-4503-22.zip,202602101146,天塩郡遠別町字久光,334-1,,
01486-4503-22.zip,202602101146,天塩郡遠別町字久光,334-2,,
01486-4503-22.zip,202602101146,天塩郡遠別町字久光,1373,,
01486-4503-22.zip,202602101146,天塩郡遠別町字久光,330-1,,
01486-4503-22.zip,202602101146,天塩郡遠別町字久光,水-45,,
01486-4503-22.zip,202602101146,天塩郡遠別町字久光,1371,,
01486-4503-22.zip,202602101146,天塩郡遠別町字久光,338-5,,
01486-4503-22.zip,202602101146,天塩郡遠別町字久光,338-8,,
01486-4503-22.zip,202602101146,天塩郡遠別町字久光,1510,,
01486-4503-22.zip,202602101146,天塩郡遠別町字久光,334-4,,
01486-4503-22.zip,202602101146,天塩郡遠別町字久光,1374,,
01486-4503-22.zip,202602101146,天塩郡遠別町字久光,330-6,,
01486-4503-22.zip,202602101146,天塩郡遠別町字久光,330-3,,
01486-4503-22.zip,202602101146,天塩郡遠別町字久光,330-7,,
01486-4503-22.zip,202602101146,天塩郡遠別町字久光,1511,,
01486-4503-22.zip,202602101146,天塩郡遠別町字久光,339,,
01486-4503-22.zip,202602101146,天塩郡遠別町字久光,1375,,
01486-4503-22.zip,202602101146,天塩郡遠別町,地区外-263906,,
01486-4503-22.zip,202602101146,天塩郡遠別町字久光,575-1,,
01486-4503-22.zip,202602101146,天塩郡遠別町,地区外-263908,,
01486-4503-22.zip,202602101146,天塩郡遠別町字久光,576,,
01486-4503-22.zip,202602101146,天塩郡遠別町字久光,1509,,
01486-4503-22.zip,202602101146,天塩郡遠別町字久光,752-3,,
01486-4503-22.zip,202602101146,天塩郡遠別町字久光,752-1,,
01486-4503-22.zip,202602101146,天塩郡遠別町字久光,752-2,,
01486-4503-22.zip,202602101146,天塩郡遠別町字久光,水-46,,
01486-4503-22.zip,202602101146,天塩郡遠別町字久光,672-2,,
01486-4503-22.zip,202602101146,天塩郡遠別町字久光,671,,
01486-4503-22.zip,202602101146,天塩郡遠別町字久光,1462,,
01486-4503-22.zip,202602101146,天塩郡遠別町字久光,668-2,,
01486-4503-22.zip,202602101146,天塩郡遠別町字久光,668-3,,
01486-4503-22.zip,202602101146,天塩郡遠別町字久光,672-3,,
01486-4503-22.zip,202602101146,天塩郡遠別町字久光,668-1,,
01486-4503-22.zip,202602101146,天塩郡遠別町字久光,672-1,,
01486-4503-22.zip,202602101146,天塩郡遠別町字久光,1408,,
01486-4503-22.zip,202602101146,天塩郡遠別町字久光,1407,,
01486-4503-22.zip,202602101146,天塩郡遠別町字久光,757-4,,
01486-4503-22.zip,202602101146,天塩郡遠別町字久光,757-1,,
01486-4503-22.zip,202602101146,天塩郡遠別町字久光,1465,,
01486-4503-22.zip,202602101146,天塩郡遠別町字久光,1466,,
01486-4503-22.zip,202602101146,天塩郡遠別町字久光,756-4,,
01486-4503-22.zip,202602101146,天塩郡遠別町字久光,756-1,,
01486-4503-22.zip,202602101146,天塩郡遠別町字久光,水-47,,
01486-4503-22.zip,202602101146,天塩郡遠別町字久光,756-3,,
01486-4503-22.zip,202602101146,天塩郡遠別町字久光,1464,,
01486-4503-22.zip,202602101146,天塩郡遠別町字久光,757-3,,
01486-4503-22.zip,202602101146,天塩郡遠別町字久光,1463,,
01486-4503-22.zip,202602101146,天塩郡遠別町字久光,755,,
01486-4503-22.zip,202602101146,天塩郡遠別町字久光,1409,,
01486-4503-22.zip,202602101146,天塩郡遠別町字久光,758,,
01486-4503-22.zip,202602101146,天塩郡遠別町字久光,1406,,
01486-4503-22.zip,202602101146,天塩郡遠別町字久光,1405,,
01486-4503-22.zip,202602101146,天塩郡遠別町字久光,667,,
01486-4503-22.zip,202602101146,天塩郡遠別町字久光,1467,,
01486-4503-22.zip,202602101146,天塩郡遠別町字久光,757-2,,
01486-4503-22.zip,202602101146,天塩郡遠別町字久光,756-2,,
01486-4503-22.zip,202602101146,天塩郡遠別町字久光,754-2,,
01486-4503-22.zip,202602101146,天塩郡遠別町字久光,754-3,,
01486-4503-22.zip,202602101146,天塩郡遠別町字久光,754-4,,
01486-4503-22.zip,202602101146,天塩郡遠別町字久光,754-1,,
01486-4503-22.zip,202602101146,天塩郡遠別町,地区外-263949,,
01486-4503-22.zip,202602101146,天塩郡遠別町字久光,1410,,
01486-4503-22.zip,202602101146,天塩郡遠別町字久光,670,,
01486-4503-22.zip,202602101146,天塩郡遠別町字久光,753,,
01486-4503-22.zip,202602101146,天塩郡遠別町,地区外-263953,,
01486-4503-22.zip,202602101146,天塩郡遠別町,地区外-263954,,
01486-4503-22.zip,202602101146,天塩郡遠別町字久光,1488,,
01486-4503-22.zip,202602101146,天塩郡遠別町字久光,425-1,,
01486-4503-22.zip,202602101146,天塩郡遠別町字久光,424-1,,
01486-4503-22.zip,202602101146,天塩郡遠別町字久光,水-48,,
01486-4503-22.zip,202602101146,天塩郡遠別町字久光,549,,
01486-4503-22.zip,202602101146,天塩郡遠別町字久光,1490,,
01486-4503-22.zip,202602101146,天塩郡遠別町字久光,557,,
01486-4503-22.zip,202602101146,天塩郡遠別町字久光,1491,,
01486-4503-22.zip,202602101146,天塩郡遠別町字久光,水-49,,
01486-4503-22.zip,202602101146,天塩郡遠別町字久光,558-1,,
01486-4503-22.zip,202602101146,天塩郡遠別町字久光,558-2,,
01486-4503-22.zip,202602101146,天塩郡遠別町字久光,552,,
01486-4503-22.zip,202602101146,天塩郡遠別町字久光,1492,,
01486-4503-22.zip,202602101146,天塩郡遠別町字久光,1493,,
01486-4503-22.zip,202602101146,天塩郡遠別町字久光,1494,,
01486-4503-22.zip,202602101146,天塩郡遠別町字久光,水-50,,
01486-4503-22.zip,202602101146,天塩郡遠別町字久光,水-51,,
01486-4503-22.zip,202602101146,天塩郡遠別町字久光,564,,
01486-4503-22.zip,202602101146,天塩郡遠別町字久光,565,,
01486-4503-22.zip,202602101146,天塩郡遠別町字久光,562-1,,
01486-4503-22.zip,202602101146,天塩郡遠別町字久光,水-52,,
01486-4503-22.zip,202602101146,天塩郡遠別町,地区外-263976,,
01486-4503-22.zip,202602101146,天塩郡遠別町字久光,1508,,
01486-4503-22.zip,202602101146,天塩郡遠別町字久光,1500,,
01486-4503-22.zip,202602101146,天塩郡遠別町字久光,423-1,,
01486-4503-22.zip,202602101146,天塩郡遠別町字久光,1501,,
01486-4503-22.zip,202602101146,天塩郡遠別町,地区外-263981,,
01486-4503-22.zip,202602101146,天塩郡遠別町字久光,1502,,
01486-4503-22.zip,202602101146,天塩郡遠別町字久光,1503,,
01486-4503-22.zip,202602101146,天塩郡遠別町字久光,1504,,
01486-4503-22.zip,202602101146,天塩郡遠別町字久光,1505,,
01486-4503-22.zip,202602101146,天塩郡遠別町字久光,1506,,
01486-4503-22.zip,202602101146,天塩郡遠別町字久光,1507,,
01486-4503-22.zip,202602101146,天塩郡遠別町字久光,423-2,,
01486-4503-22.zip,202602101146,天塩郡遠別町字久光,423-4,,
01486-4503-22.zip,202602101146,天塩郡遠別町字久光,423-3,,
01486-4503-22.zip,202602101146,天塩郡遠別町字久光,424-4,,
01486-4503-22.zip,202602101146,天塩郡遠別町字久光,424-2,,
01486-4503-22.zip,202602101146,天塩郡遠別町字久光,1487,,
01486-4503-22.zip,202602101146,天塩郡遠別町字久光,425-2,,
01486-4503-22.zip,202602101146,天塩郡遠別町字久光,水-53,,
01486-4503-22.zip,202602101146,天塩郡遠別町字久光,1486,,
01486-4503-22.zip,202602101146,天塩郡遠別町,地区外-263997,,
01486-4503-22.zip,202602101146,天塩郡遠別町字久光,水-54,,
01486-4503-22.zip,202602101146,天塩郡遠別町字久光,428,,
01486-4503-22.zip,202602101146,天塩郡遠別町字久光,1489,,
01486-4503-22.zip,202602101146,天塩郡遠別町字久光,548-2,,
01486-4503-22.zip,202602101146,天塩郡遠別町字久光,548-3,,
01486-4503-22.zip,202602101146,天塩郡遠別町字久光,548-1,,
01486-4503-22.zip,202602101146,天塩郡遠別町,地区外-264004,,
01486-4503-22.zip,202602101146,天塩郡遠別町,地区外-264005,,
01486-4503-22.zip,202602101146,天塩郡遠別町字久光,196-1,,
01486-4503-22.zip,202602101146,天塩郡遠別町字久光,水-55,,
01486-4503-22.zip,202602101146,天塩郡遠別町字久光,197,,
01486-4503-22.zip,202602101146,天塩郡遠別町字久光,198,,
01486-4503-22.zip,202602101146,天塩郡遠別町字久光,1478,,
01486-4503-22.zip,202602101146,天塩郡遠別町字久光,1479,,
01486-4503-22.zip,202602101146,天塩郡遠別町字久光,416,,
01486-4503-22.zip,202602101146,天塩郡遠別町字久光,1480,,
01486-4503-22.zip,202602101146,天塩郡遠別町字久光,422-1,,
01486-4503-22.zip,202602101146,天塩郡遠別町字久光,418,,
01486-4503-22.zip,202602101146,天塩郡遠別町字久光,水-56,,
01486-4503-22.zip,202602101146,天塩郡遠別町字久光,414,,
01486-4503-22.zip,202602101146,天塩郡遠別町字久光,419,,
01486-4503-22.zip,202602101146,天塩郡遠別町字久光,1481,,
01486-4503-22.zip,202602101146,天塩郡遠別町字久光,1495,,
01486-4503-22.zip,202602101146,天塩郡遠別町字久光,422-2,,
01486-4503-22.zip,202602101146,天塩郡遠別町字久光,1482,,
01486-4503-22.zip,202602101146,天塩郡遠別町字久光,420,,
01486-4503-22.zip,202602101146,天塩郡遠別町字久光,水-57,,
01486-4503-22.zip,202602101146,天塩郡遠別町字久光,1485,,
01486-4503-22.zip,202602101146,天塩郡遠別町字久光,429,,
01486-4503-22.zip,202602101146,天塩郡遠別町字久光,1484,,
01486-4503-22.zip,202602101146,天塩郡遠別町字久光,422-4,,
01486-4503-22.zip,202602101146,天塩郡遠別町字久光,422-3,,
01486-4503-22.zip,202602101146,天塩郡遠別町字久光,422-5,,
01486-4503-22.zip,202602101146,天塩郡遠別町字久光,1483,,
01486-4503-22.zip,202602101146,天塩郡遠別町字久光,425-4,,
01486-4503-22.zip,202602101146,天塩郡遠別町,地区外-264033,,
01486-4503-22.zip,202602101146,天塩郡遠別町,地区外-264034,,
01486-4503-22.zip,202602101146,天塩郡遠別町字久光,196-3,,
01486-4503-22.zip,202602101146,天塩郡遠別町字久光,196-5,,
01486-4503-22.zip,202602101146,天塩郡遠別町字久光,196-9,,
01486-4503-22.zip,202602101146,天塩郡遠別町字久光,196-8,,
01486-4503-22.zip,202602101146,天塩郡遠別町字久光,196-6,,
01486-4503-22.zip,202602101146,天塩郡遠別町字久光,196-10,,
01486-4503-22.zip,202602101146,天塩郡遠別町字久光,196-4,,
01486-4503-22.zip,202602101146,天塩郡遠別町字久光,1497,,
01486-4503-22.zip,202602101146,天塩郡遠別町字久光,423-5,,
01486-4503-22.zip,202602101146,天塩郡遠別町字久光,1498,,
01486-4503-22.zip,202602101146,天塩郡遠別町字久光,1499,,
01486-4503-22.zip,202602101146,天塩郡遠別町字久光,423-6,,
01486-4503-22.zip,202602101146,天塩郡遠別町,地区外-264047,,
01486-4503-22.zip,202602101146,天塩郡遠別町字久光,196-2,,
01486-4503-22.zip,202602101146,天塩郡遠別町字久光,1476,,
01486-4503-22.zip,202602101146,天塩郡遠別町字久光,196-7,,
01486-4503-22.zip,202602101146,天塩郡遠別町字久光,1496,,
01486-4503-22.zip,202602101146,天塩郡遠別町,地区外-264052,,
01486-4503-22.zip,202602101146,天塩郡遠別町字久光,1474,,
01486-4503-22.zip,202602101146,天塩郡遠別町,地区外-264054,,
01486-4503-22.zip,202602101146,天塩郡遠別町字久光,761,,
01486-4503-22.zip,202602101146,天塩郡遠別町字久光,765,,
01486-4503-22.zip,202602101146,天塩郡遠別町字久光,767,,
01486-4503-22.zip,202602101146,天塩郡遠別町字久光,773,,
01486-4503-22.zip,202602101146,天塩郡遠別町字久光,1471,,
01486-4503-22.zip,202602101146,天塩郡遠別町字久光,769,,
01486-4503-22.zip,202602101146,天塩郡遠別町字久光,760,,
01486-4503-22.zip,202602101146,天塩郡遠別町字久光,759,,
01486-4503-22.zip,202602101146,天塩郡遠別町字久光,766,,
01486-4503-22.zip,202602101146,天塩郡遠別町字久光,771,,
01486-4503-22.zip,202602101146,天塩郡遠別町字久光,772,,
01486-4503-22.zip,202602101146,天塩郡遠別町字久光,775,,
01486-4503-22.zip,202602101146,天塩郡遠別町字久光,1473,,
01486-4503-22.zip,202602101146,天塩郡遠別町字久光,776,,
01486-4503-22.zip,202602101146,天塩郡遠別町字久光,1472,,
01486-4503-22.zip,202602101146,天塩郡遠別町字久光,1468,,
01486-4503-22.zip,202602101146,天塩郡遠別町字久光,1469,,
01486-4503-22.zip,202602101146,天塩郡遠別町字久光,1470,,
01486-4503-22.zip,202602101146,天塩郡遠別町,地区外-264073,,
01486-4503-22.zip,202602101146,天塩郡遠別町,地区外-264074,,
01486-4503-22.zip,202602101146,天塩郡遠別町,地区外-264075,,
01486-4503-22.zip,202602101146,天塩郡遠別町字久光,1399,,
01486-4503-22.zip,202602101146,天塩郡遠別町字久光,1441,,
01486-4503-22.zip,202602101146,天塩郡遠別町字久光,1404,,
01486-4503-22.zip,202602101146,天塩郡遠別町字久光,658-3,,
01486-4503-22.zip,202602101146,天塩郡遠別町字久光,1440,,
01486-4503-22.zip,202602101146,天塩郡遠別町字久光,水-58,,
01486-4503-22.zip,202602101146,天塩郡遠別町字久光,658-2,,
01486-4503-22.zip,202602101146,天塩郡遠別町字久光,1439,,
01486-4503-22.zip,202602101146,天塩郡遠別町字久光,658-6,,
01486-4503-22.zip,202602101146,天塩郡遠別町字久光,1438,,
01486-4503-22.zip,202602101146,天塩郡遠別町字久光,657,,
01486-4503-22.zip,202602101146,天塩郡遠別町字久光,660,,
01486-4503-22.zip,202602101146,天塩郡遠別町字久光,664,,
01486-4503-22.zip,202602101146,天塩郡遠別町字久光,水-59,,
01486-4503-22.zip,202602101146,天塩郡遠別町字久光,665,,
01486-4503-22.zip,202602101146,天塩郡遠別町字久光,666,,
01486-4503-22.zip,202602101146,天塩郡遠別町字久光,663,,
01486-4503-22.zip,202602101146,天塩郡遠別町字久光,水-60,,
01486-4503-22.zip,202602101146,天塩郡遠別町字久光,673-1,,
01486-4503-22.zip,202602101146,天塩郡遠別町字久光,661,,
01486-4503-22.zip,202602101146,天塩郡遠別町字久光,673-3,,
01486-4503-22.zip,202602101146,天塩郡遠別町字久光,673-2,,
01486-4503-22.zip,202602101146,天塩郡遠別町字久光,水-61,,
01486-4503-22.zip,202602101146,天塩郡遠別町字久光,662,,
01486-4503-22.zip,202602101146,天塩郡遠別町字久光,659,,
01486-4503-22.zip,202602101146,天塩郡遠別町,地区外-264101,,
01486-4503-22.zip,202602101146,天塩郡遠別町字久光,524,,
01486-4503-22.zip,202602101146,天塩郡遠別町字久光,782-1,,
01486-4503-22.zip,202602101146,天塩郡遠別町字久光,523,,
01486-4503-22.zip,202602101146,天塩郡遠別町字久光,782-2,,
01486-4503-22.zip,202602101146,天塩郡遠別町字久光,水-62,,
01486-4503-22.zip,202602101146,天塩郡遠別町字久光,522,,
01486-4503-22.zip,202602101146,天塩郡遠別町字久光,521,,
01486-4503-22.zip,202602101146,天塩郡遠別町字久光,519-1,,
01486-4503-22.zip,202602101146,天塩郡遠別町字久光,1397,,
01486-4503-22.zip,202602101146,天塩郡遠別町字久光,1396,,
01486-4503-22.zip,202602101146,天塩郡遠別町字久光,652,,
01486-4503-22.zip,202602101146,天塩郡遠別町字久光,655,,
01486-4503-22.zip,202602101146,天塩郡遠別町字久光,651,,
01486-4503-22.zip,202602101146,天塩郡遠別町字久光,656,,
01486-4503-22.zip,202602101146,天塩郡遠別町字久光,水-63,,
01486-4503-22.zip,202602101146,天塩郡遠別町字久光,1437,,
01486-4503-22.zip,202602101146,天塩郡遠別町字久光,658-5,,
01486-4503-22.zip,202602101146,天塩郡遠別町字久光,658-1,,
01486-4503-22.zip,202602101146,天塩郡遠別町字久光,648,,
01486-4503-22.zip,202602101146,天塩郡遠別町字久光,647-1,,
01486-4503-22.zip,202602101146,天塩郡遠別町字久光,1401,,
01486-4503-22.zip,202602101146,天塩郡遠別町字久光,1400,,
01486-4503-22.zip,202602101146,天塩郡遠別町字久光,水-64,,
01486-4503-22.zip,202602101146,天塩郡遠別町字久光,674,,
01486-4503-22.zip,202602101146,天塩郡遠別町字久光,1403,,
01486-4503-22.zip,202602101146,天塩郡遠別町字久光,646-2,,
01486-4503-22.zip,202602101146,天塩郡遠別町字久光,649-2,,
01486-4503-22.zip,202602101146,天塩郡遠別町字久光,650-2,,
01486-4503-22.zip,202602101146,天塩郡遠別町字久光,650-1,,
01486-4503-22.zip,202602101146,天塩郡遠別町字久光,1456,,
01486-4503-22.zip,202602101146,天塩郡遠別町字久光,1455,,
01486-4503-22.zip,202602101146,天塩郡遠別町字久光,904-1,,
01486-4503-22.zip,202602101146,天塩郡遠別町字久光,1454,,
01486-4503-22.zip,202602101146,天塩郡遠別町字久光,903,,
01486-4503-22.zip,202602101146,天塩郡遠別町字久光,1453,,
01486-4503-22.zip,202602101146,天塩郡遠別町字久光,1398,,
01486-4503-22.zip,202602101146,天塩郡遠別町字久光,529-4,,
01486-4503-22.zip,202602101146,天塩郡遠別町字久光,1452,,
01486-4503-22.zip,202602101146,天塩郡遠別町字久光,529-1,,
01486-4503-22.zip,202602101146,天塩郡遠別町字久光,1402,,
01486-4503-22.zip,202602101146,天塩郡遠別町字久光,1461,,
01486-4503-22.zip,202602101146,天塩郡遠別町字久光,647-2,,
01486-4503-22.zip,202602101146,天塩郡遠別町字久光,647-3,,
01486-4503-22.zip,202602101146,天塩郡遠別町字久光,1460,,
01486-4503-22.zip,202602101146,天塩郡遠別町字久光,646-3,,
01486-4503-22.zip,202602101146,天塩郡遠別町字久光,1459,,
01486-4503-22.zip,202602101146,天塩郡遠別町字久光,1458,,
01486-4503-22.zip,202602101146,天塩郡遠別町字久光,646-1,,
01486-4503-22.zip,202602101146,天塩郡遠別町字久光,649-1,,
01486-4503-22.zip,202602101146,天塩郡遠別町字久光,649-3,,
01486-4503-22.zip,202602101146,天塩郡遠別町字久光,1457,,
01486-4503-22.zip,202602101146,天塩郡遠別町,地区外-264153,,
01486-4503-22.zip,202602101146,天塩郡遠別町字久光,1436,,
01486-4503-22.zip,202602101146,天塩郡遠別町字久光,1435,,
01486-4503-22.zip,202602101146,天塩郡遠別町字久光,518,,
01486-4503-22.zip,202602101146,天塩郡遠別町字久光,水-65,,
01486-4503-22.zip,202602101146,天塩郡遠別町字久光,902,,
01486-4503-22.zip,202602101146,天塩郡遠別町字久光,901,,
01486-4503-22.zip,202602101146,天塩郡遠別町,地区外-264160,,
01486-4503-22.zip,202602101146,天塩郡遠別町字久光,1392,,
01486-4503-22.zip,202602101146,天塩郡遠別町字久光,780,,
01486-4503-22.zip,202602101146,天塩郡遠別町字久光,1432,,
01486-4503-22.zip,202602101146,天塩郡遠別町字久光,781,,
01486-4503-22.zip,202602101146,天塩郡遠別町字久光,1393,,
01486-4503-22.zip,202602101146,天塩郡遠別町字久光,1433,,
01486-4503-22.zip,202602101146,天塩郡遠別町字久光,658-4,,
01486-4503-22.zip,202602101146,天塩郡遠別町,地区外-264168,,
01486-4503-22.zip,202602101146,天塩郡遠別町字久光,水-66,,
01486-4503-22.zip,202602101146,天塩郡遠別町字久光,1434,,
01486-4503-22.zip,202602101146,天塩郡遠別町字久光,363,,
01486-4503-22.zip,202602101146,天塩郡遠別町字久光,1387,,
01486-4503-22.zip,202602101146,天塩郡遠別町字久光,496-2,,
01486-4503-22.zip,202602101146,天塩郡遠別町字久光,1445,,
01486-4503-22.zip,202602101146,天塩郡遠別町字久光,1388,,
01486-4503-22.zip,202602101146,天塩郡遠別町字久光,水-67,,
01486-4503-22.zip,202602101146,天塩郡遠別町字久光,495,,
01486-4503-22.zip,202602101146,天塩郡遠別町字久光,366-3,,
01486-4503-22.zip,202602101146,天塩郡遠別町字久光,1390,,
01486-4503-22.zip,202602101146,天塩郡遠別町字久光,365-1,,
01486-4503-22.zip,202602101146,天塩郡遠別町字久光,365-2,,
01486-4503-22.zip,202602101146,天塩郡遠別町字久光,1389,,
01486-4503-22.zip,202602101146,天塩郡遠別町字久光,365-3,,
01486-4503-22.zip,202602101146,天塩郡遠別町,地区外-264184,,
01486-4503-22.zip,202602101146,天塩郡遠別町字久光,494-1,,
01486-4503-22.zip,202602101146,天塩郡遠別町字久光,1446,,
01486-4503-22.zip,202602101146,天塩郡遠別町字久光,496-1,,
01486-4503-22.zip,202602101146,天塩郡遠別町字久光,1447,,
01486-4503-22.zip,202602101146,天塩郡遠別町字久光,497,,
01486-4503-22.zip,202602101146,天塩郡遠別町字久光,1448,,
01486-4503-22.zip,202602101146,天塩郡遠別町字久光,水-68,,
01486-4503-22.zip,202602101146,天塩郡遠別町字久光,499,,
01486-4503-22.zip,202602101146,天塩郡遠別町字久光,1449,,
01486-4503-22.zip,202602101146,天塩郡遠別町字久光,480,,
01486-4503-22.zip,202602101146,天塩郡遠別町字久光,水-69,,
01486-4503-22.zip,202602101146,天塩郡遠別町字久光,481,,
01486-4503-22.zip,202602101146,天塩郡遠別町字久光,494-2,,
01486-4503-22.zip,202602101146,天塩郡遠別町字久光,1394,,
01486-4503-22.zip,202602101146,天塩郡遠別町字久光,525,,
01486-4503-22.zip,202602101146,天塩郡遠別町字久光,1451,,
01486-4503-22.zip,202602101146,天塩郡遠別町字久光,1450,,
01486-4503-22.zip,202602101146,天塩郡遠別町字久光,528,,
01486-4503-22.zip,202602101146,天塩郡遠別町字久光,526,,
01486-4503-22.zip,202602101146,天塩郡遠別町字久光,479-2,,
01486-4503-22.zip,202602101146,天塩郡遠別町字久光,1395,,
01486-4503-22.zip,202602101146,天塩郡遠別町字久光,527-1,,
01486-4503-22.zip,202602101146,天塩郡遠別町,地区外-264207,,
01486-4503-22.zip,202602101146,天塩郡遠別町字久光,201-1,,
01486-4503-22.zip,202602101146,天塩郡遠別町字久光,200,,
01486-4503-22.zip,202602101146,天塩郡遠別町字久光,1380,,
01486-4503-22.zip,202602101146,天塩郡遠別町字久光,355,,
01486-4503-22.zip,202602101146,天塩郡遠別町字久光,356,,
01486-4503-22.zip,202602101146,天塩郡遠別町字久光,360,,
01486-4503-22.zip,202602101146,天塩郡遠別町字久光,1443,,
01486-4503-22.zip,202602101146,天塩郡遠別町字久光,1386,,
01486-4503-22.zip,202602101146,天塩郡遠別町字久光,1385,,
01486-4503-22.zip,202602101146,天塩郡遠別町字久光,353,,
01486-4503-22.zip,202602101146,天塩郡遠別町字久光,352,,
01486-4503-22.zip,202602101146,天塩郡遠別町字久光,水-70,,
01486-4503-22.zip,202602101146,天塩郡遠別町字久光,507,,
01486-4503-22.zip,202602101146,天塩郡遠別町字久光,506,,
01486-4503-22.zip,202602101146,天塩郡遠別町字久光,水-71,,
01486-4503-22.zip,202602101146,天塩郡遠別町字久光,505,,
01486-4503-22.zip,202602101146,天塩郡遠別町字久光,504,,
01486-4503-22.zip,202602101146,天塩郡遠別町字久光,364,,
01486-4503-22.zip,202602101146,天塩郡遠別町字久光,1384,,
01486-4503-22.zip,202602101146,天塩郡遠別町字久光,1429,,
01486-4503-22.zip,202602101146,天塩郡遠別町字久光,1430,,
01486-4503-22.zip,202602101146,天塩郡遠別町字久光,1428,,
01486-4503-22.zip,202602101146,天塩郡遠別町字久光,354,,
01486-4503-22.zip,202602101146,天塩郡遠別町字久光,1431,,
01486-4503-22.zip,202602101146,天塩郡遠別町字久光,501,,
01486-4503-22.zip,202602101146,天塩郡遠別町字久光,1427,,
01486-4503-22.zip,202602101146,天塩郡遠別町字久光,263,,
01486-4503-22.zip,202602101146,天塩郡遠別町,地区外-264235,,
01486-4503-22.zip,202602101146,天塩郡遠別町字久光,257-3,,
01486-4503-22.zip,202602101146,天塩郡遠別町字久光,257-4,,
01486-4503-22.zip,202602101146,天塩郡遠別町字久光,水-72,,
01486-4503-22.zip,202602101146,天塩郡遠別町字久光,261,,
01486-4503-22.zip,202602101146,天塩郡遠別町字久光,262,,
01486-4503-22.zip,202602101146,天塩郡遠別町字久光,266,,
01486-4503-22.zip,202602101146,天塩郡遠別町字久光,267,,
01486-4503-22.zip,202602101146,天塩郡遠別町字久光,274,,
01486-4503-22.zip,202602101146,天塩郡遠別町字久光,268,,
01486-4503-22.zip,202602101146,天塩郡遠別町字久光,1442,,
01486-4503-22.zip,202602101146,天塩郡遠別町字久光,272,,
01486-4503-22.zip,202602101146,天塩郡遠別町字久光,1381,,
01486-4503-22.zip,202602101146,天塩郡遠別町字久光,380,,
01486-4503-22.zip,202602101146,天塩郡遠別町,地区外-264249,,
01486-4503-22.zip,202602101146,天塩郡遠別町,地区外-264250,,
01486-4503-22.zip,202602101146,天塩郡遠別町,地区外-264251,,
01486-4503-23.zip,202602101146,天塩郡遠別町字久光,439-6,,
01486-4503-23.zip,202602101146,天塩郡遠別町字久光,1100,,
01486-4503-23.zip,202602101146,天塩郡遠別町,地区外-267054,,
01486-4503-23.zip,202602101146,天塩郡遠別町,地区外-267055,,
01486-4503-23.zip,202602101146,天塩郡遠別町字久光,1105,,
01486-4503-23.zip,202602101146,天塩郡遠別町字久光,1109,,
01486-4503-23.zip,202602101146,天塩郡遠別町字久光,1112,,
01486-4503-23.zip,202602101146,天塩郡遠別町字久光,982,,
01486-4503-23.zip,202602101146,天塩郡遠別町字久光,379-2,,
01486-4503-23.zip,202602101146,天塩郡遠別町字久光,1011-1,,
01486-4503-23.zip,202602101146,天塩郡遠別町字久光,1040-1,,
01486-4503-23.zip,202602101146,天塩郡遠別町字久光,1529,,
01486-4503-23.zip,202602101146,天塩郡遠別町,地区外-267064,,
01486-4503-23.zip,202602101146,天塩郡遠別町字久光,744-4,,
01486-4503-23.zip,202602101146,天塩郡遠別町字久光,736-6,,
01486-4503-23.zip,202602101146,天塩郡遠別町字久光,738,,
01486-4503-23.zip,202602101146,天塩郡遠別町字久光,736-5,,
01486-4503-23.zip,202602101146,天塩郡遠別町字久光,741-3,,
01486-4503-23.zip,202602101146,天塩郡遠別町字久光,742,,
01486-4503-23.zip,202602101146,天塩郡遠別町字久光,1526,,
01486-4503-23.zip,202602101146,天塩郡遠別町字久光,743-1,,
01486-4503-23.zip,202602101146,天塩郡遠別町字久光,1527,,
01486-4503-23.zip,202602101146,天塩郡遠別町字久光,743-2,,
01486-4503-23.zip,202602101146,天塩郡遠別町字久光,1528,,
01486-4503-23.zip,202602101146,天塩郡遠別町,地区外-267081,,
01486-4503-23.zip,202602101146,天塩郡遠別町,地区外-267082,,
01486-4503-23.zip,202602101146,天塩郡遠別町字久光,745-1,,
01486-4503-23.zip,202602101146,天塩郡遠別町字久光,749,,
01486-4503-23.zip,202602101146,天塩郡遠別町字久光,744-2,,
01486-4503-23.zip,202602101146,天塩郡遠別町字久光,745-2,,
01486-4503-23.zip,202602101146,天塩郡遠別町字久光,744-1,,
01486-4503-23.zip,202602101146,天塩郡遠別町字久光,725,,
01486-4503-23.zip,202602101146,天塩郡遠別町字久光,733,,
01486-4503-23.zip,202602101146,天塩郡遠別町字久光,741-2,,
01486-4503-23.zip,202602101146,天塩郡遠別町字久光,722-1,,
01486-4503-23.zip,202602101146,天塩郡遠別町字久光,726,,
01486-4503-23.zip,202602101146,天塩郡遠別町字久光,730,,
01486-4503-23.zip,202602101146,天塩郡遠別町字久光,729,,
01486-4503-23.zip,202602101146,天塩郡遠別町,地区外-267095,,
01486-4503-23.zip,202602101146,天塩郡遠別町,地区外-267096,,
01486-4503-23.zip,202602101146,天塩郡遠別町字久光,697-1,,
01486-4503-23.zip,202602101146,天塩郡遠別町字久光,697-7,,
01486-4503-23.zip,202602101146,天塩郡遠別町字久光,697-3,,
01486-4503-23.zip,202602101146,天塩郡遠別町字久光,693-1,,
01486-4503-23.zip,202602101146,天塩郡遠別町字久光,697-6,,
01486-4503-23.zip,202602101146,天塩郡遠別町字久光,682-7,,
01486-4503-23.zip,202602101146,天塩郡遠別町字久光,682-10,,
01486-4503-23.zip,202602101146,天塩郡遠別町字久光,682-6,,
01486-4503-23.zip,202602101146,天塩郡遠別町字久光,682-11,,
01486-4503-23.zip,202602101146,天塩郡遠別町字久光,682-5,,
01486-4503-23.zip,202602101146,天塩郡遠別町字久光,682-9,,
01486-4503-23.zip,202602101146,天塩郡遠別町字久光,686-1,,
01486-4503-23.zip,202602101146,天塩郡遠別町字久光,1522,,
01486-4503-23.zip,202602101146,天塩郡遠別町,地区外-267120,,
01486-4503-23.zip,202602101146,天塩郡遠別町字久光,727-2,,
01486-4503-23.zip,202602101146,天塩郡遠別町字久光,728,,
01486-4503-23.zip,202602101146,天塩郡遠別町字久光,736-3,,
01486-4503-23.zip,202602101146,天塩郡遠別町字久光,736-1,,
01486-4503-23.zip,202602101146,天塩郡遠別町字久光,736-2,,
01486-4503-23.zip,202602101146,天塩郡遠別町字久光,737,,
01486-4503-23.zip,202602101146,天塩郡遠別町字久光,584-2,,
01486-4503-23.zip,202602101146,天塩郡遠別町字久光,584-1,,
01486-4503-23.zip,202602101146,天塩郡遠別町字久光,道-2,,
01486-4503-23.zip,202602101146,天塩郡遠別町字久光,584-3,,
01486-4503-23.zip,202602101146,天塩郡遠別町字久光,715-1,,
01486-4503-23.zip,202602101146,天塩郡遠別町字久光,709-3,,
01486-4503-23.zip,202602101146,天塩郡遠別町字久光,709-2,,
01486-4503-23.zip,202602101146,天塩郡遠別町字久光,709-1,,
01486-4503-23.zip,202602101146,天塩郡遠別町字久光,715-2,,
01486-4503-23.zip,202602101146,天塩郡遠別町字久光,723,,
01486-4503-23.zip,202602101146,天塩郡遠別町字久光,727-1,,
01486-4503-23.zip,202602101146,天塩郡遠別町字久光,724,,
01486-4503-23.zip,202602101146,天塩郡遠別町字久光,722-2,,
01486-4503-23.zip,202602101146,天塩郡遠別町字久光,722-3,,
01486-4503-23.zip,202602101146,天塩郡遠別町字久光,747,,
01486-4503-23.zip,202602101146,天塩郡遠別町字久光,694-1,,
01486-4503-23.zip,202602101146,天塩郡遠別町字久光,696-1,,
01486-4503-23.zip,202602101146,天塩郡遠別町字久光,698-7,,
01486-4503-23.zip,202602101146,天塩郡遠別町字久光,698-2,,
01486-4503-23.zip,202602101146,天塩郡遠別町字久光,697-4,,
01486-4503-23.zip,202602101146,天塩郡遠別町字久光,697-5,,
01486-4503-23.zip,202602101146,天塩郡遠別町字久光,698-6,,
01486-4503-23.zip,202602101146,天塩郡遠別町字久光,696-4,,
01486-4503-23.zip,202602101146,天塩郡遠別町字久光,695,,
01486-4503-23.zip,202602101146,天塩郡遠別町字久光,702-4,,
01486-4503-23.zip,202602101146,天塩郡遠別町字久光,702-5,,
01486-4503-23.zip,202602101146,天塩郡遠別町字久光,581-1,,
01486-4503-23.zip,202602101146,天塩郡遠別町字久光,574-2,,
01486-4503-23.zip,202602101146,天塩郡遠別町字久光,581-5,,
01486-4503-23.zip,202602101146,天塩郡遠別町字久光,581-4,,
01486-4503-23.zip,202602101146,天塩郡遠別町字久光,580-1,,
01486-4503-23.zip,202602101146,天塩郡遠別町字久光,578-1,,
01486-4503-23.zip,202602101146,天塩郡遠別町字久光,1524,,
01486-4503-23.zip,202602101146,天塩郡遠別町,地区外-267165,,
01486-4503-23.zip,202602101146,天塩郡遠別町字久光,582-2,,
01486-4503-23.zip,202602101146,天塩郡遠別町字久光,585,,
01486-4503-23.zip,202602101146,天塩郡遠別町字久光,583-5,,
01486-4503-23.zip,202602101146,天塩郡遠別町字久光,583-1,,
01486-4503-23.zip,202602101146,天塩郡遠別町字久光,583-4,,
01486-4503-23.zip,202602101146,天塩郡遠別町字久光,583-3,,
01486-4503-23.zip,202602101146,天塩郡遠別町字久光,583-2,,
01486-4503-23.zip,202602101146,天塩郡遠別町字久光,583-7,,
01486-4503-23.zip,202602101146,天塩郡遠別町字久光,583-6,,
01486-4503-23.zip,202602101146,天塩郡遠別町字久光,596-8,,
01486-4503-23.zip,202602101146,天塩郡遠別町字久光,596-4,,
01486-4503-23.zip,202602101146,天塩郡遠別町字久光,596-2,,
01486-4503-23.zip,202602101146,天塩郡遠別町字久光,596-6,,
01486-4503-23.zip,202602101146,天塩郡遠別町字久光,675-6,,
01486-4503-23.zip,202602101146,天塩郡遠別町字久光,677-6,,
01486-4503-23.zip,202602101146,天塩郡遠別町字久光,675-5,,
01486-4503-23.zip,202602101146,天塩郡遠別町字久光,681-1,,
01486-4503-23.zip,202602101146,天塩郡遠別町字久光,681-6,,
01486-4503-23.zip,202602101146,天塩郡遠別町字久光,1521,,
01486-4503-23.zip,202602101146,天塩郡遠別町字久光,681-7,,
01486-4503-23.zip,202602101146,天塩郡遠別町字久光,677-4,,
01486-4503-23.zip,202602101146,天塩郡遠別町字久光,682-3,,
01486-4503-23.zip,202602101146,天塩郡遠別町字久光,616-3,,
01486-4503-23.zip,202602101146,天塩郡遠別町字久光,636,,
01486-4503-23.zip,202602101146,天塩郡遠別町字久光,629-2,,
01486-4503-23.zip,202602101146,天塩郡遠別町字久光,630-4,,
01486-4503-23.zip,202602101146,天塩郡遠別町字久光,道-3,,
01486-4503-23.zip,202602101146,天塩郡遠別町字久光,704-4,,
01486-4503-23.zip,202602101146,天塩郡遠別町字久光,702-6,,
01486-4503-23.zip,202602101146,天塩郡遠別町字久光,704-1,,
01486-4503-23.zip,202602101146,天塩郡遠別町字久光,703-1,,
01486-4503-23.zip,202602101146,天塩郡遠別町字久光,702-2,,
01486-4503-23.zip,202602101146,天塩郡遠別町字久光,701-1,,
01486-4503-23.zip,202602101146,天塩郡遠別町字久光,700-2,,
01486-4503-23.zip,202602101146,天塩郡遠別町字久光,632-21,,
01486-4503-23.zip,202602101146,天塩郡遠別町字久光,632-24,,
01486-4503-23.zip,202602101146,天塩郡遠別町字久光,632-15,,
01486-4503-23.zip,202602101146,天塩郡遠別町字久光,632-19,,
01486-4503-23.zip,202602101146,天塩郡遠別町字久光,632-23,,
01486-4503-23.zip,202602101146,天塩郡遠別町字久光,632-22,,
01486-4503-23.zip,202602101146,天塩郡遠別町字久光,675-7,,
01486-4503-23.zip,202602101146,天塩郡遠別町字久光,700-1,,
01486-4503-23.zip,202602101146,天塩郡遠別町字久光,700-4,,
01486-4503-23.zip,202602101146,天塩郡遠別町字久光,698-4,,
01486-4503-23.zip,202602101146,天塩郡遠別町字久光,696-3,,
01486-4503-23.zip,202602101146,天塩郡遠別町字久光,698-5,,
01486-4503-23.zip,202602101146,天塩郡遠別町字久光,702-1,,
01486-4503-23.zip,202602101146,天塩郡遠別町字久光,543-3,,
01486-4503-23.zip,202602101146,天塩郡遠別町字久光,道-4,,
01486-4503-23.zip,202602101146,天塩郡遠別町字久光,607-1,,
01486-4503-23.zip,202602101146,天塩郡遠別町字久光,607-8,,
01486-4503-23.zip,202602101146,天塩郡遠別町字久光,水-1,,
01486-4503-23.zip,202602101146,天塩郡遠別町字久光,607-6,,
01486-4503-23.zip,202602101146,天塩郡遠別町字久光,607-7,,
01486-4503-23.zip,202602101146,天塩郡遠別町字久光,607-5,,
01486-4503-23.zip,202602101146,天塩郡遠別町,地区外-267243,,
01486-4503-23.zip,202602101146,天塩郡遠別町字久光,601-5,,
01486-4503-23.zip,202602101146,天塩郡遠別町字久光,601-1,,
01486-4503-23.zip,202602101146,天塩郡遠別町字久光,601-7,,
01486-4503-23.zip,202602101146,天塩郡遠別町字久光,601-3,,
01486-4503-23.zip,202602101146,天塩郡遠別町字久光,596-5,,
01486-4503-23.zip,202602101146,天塩郡遠別町字久光,595,,
01486-4503-23.zip,202602101146,天塩郡遠別町字久光,596-7,,
01486-4503-23.zip,202602101146,天塩郡遠別町字久光,601-6,,
01486-4503-23.zip,202602101146,天塩郡遠別町字久光,601-8,,
01486-4503-23.zip,202602101146,天塩郡遠別町字久光,596-1,,
01486-4503-23.zip,202602101146,天塩郡遠別町字久光,610-4,,
01486-4503-23.zip,202602101146,天塩郡遠別町字久光,610-1,,
01486-4503-23.zip,202602101146,天塩郡遠別町字久光,609-8,,
01486-4503-23.zip,202602101146,天塩郡遠別町字久光,609-13,,
01486-4503-23.zip,202602101146,天塩郡遠別町字久光,609-1,,
01486-4503-23.zip,202602101146,天塩郡遠別町字久光,609-2,,
01486-4503-23.zip,202602101146,天塩郡遠別町字久光,水-2,,
01486-4503-23.zip,202602101146,天塩郡遠別町字久光,624-1,,
01486-4503-23.zip,202602101146,天塩郡遠別町字久光,625-1,,
01486-4503-23.zip,202602101146,天塩郡遠別町字久光,623,,
01486-4503-23.zip,202602101146,天塩郡遠別町字久光,616-6,,
01486-4503-23.zip,202602101146,天塩郡遠別町字久光,616-1,,
01486-4503-23.zip,202602101146,天塩郡遠別町字久光,616-5,,
01486-4503-23.zip,202602101146,天塩郡遠別町字久光,616-4,,
01486-4503-23.zip,202602101146,天塩郡遠別町字久光,632-4,,
01486-4503-23.zip,202602101146,天塩郡遠別町字久光,632-6,,
01486-4503-23.zip,202602101146,天塩郡遠別町字久光,675-8,,
01486-4503-23.zip,202602101146,天塩郡遠別町字久光,675-13,,
01486-4503-23.zip,202602101146,天塩郡遠別町字久光,675-3,,
01486-4503-23.zip,202602101146,天塩郡遠別町字久光,675-11,,
01486-4503-23.zip,202602101146,天塩郡遠別町字久光,675-14,,
01486-4503-23.zip,202602101146,天塩郡遠別町字久光,632-11,,
01486-4503-23.zip,202602101146,天塩郡遠別町字久光,632-20,,
01486-4503-23.zip,202602101146,天塩郡遠別町字久光,632-13,,
01486-4503-23.zip,202602101146,天塩郡遠別町字久光,637,,
01486-4503-23.zip,202602101146,天塩郡遠別町字久光,632-5,,
01486-4503-23.zip,202602101146,天塩郡遠別町字久光,912,,
01486-4503-23.zip,202602101146,天塩郡遠別町字久光,909,,
01486-4503-23.zip,202602101146,天塩郡遠別町字久光,888,,
01486-4503-23.zip,202602101146,天塩郡遠別町字久光,886,,
01486-4503-23.zip,202602101146,天塩郡遠別町字久光,540-1,,
01486-4503-23.zip,202602101146,天塩郡遠別町字久光,542-6,,
01486-4503-23.zip,202602101146,天塩郡遠別町字久光,1520,,
01486-4503-23.zip,202602101146,天塩郡遠別町字久光,542-3,,
01486-4503-23.zip,202602101146,天塩郡遠別町字久光,542-1,,
01486-4503-23.zip,202602101146,天塩郡遠別町字久光,610-10,,
01486-4503-23.zip,202602101146,天塩郡遠別町字久光,1519,,
01486-4503-23.zip,202602101146,天塩郡遠別町字久光,610-9,,
01486-4503-23.zip,202602101146,天塩郡遠別町字久光,610-8,,
01486-4503-23.zip,202602101146,天塩郡遠別町字久光,609-9,,
01486-4503-23.zip,202602101146,天塩郡遠別町字久光,609-12,,
01486-4503-23.zip,202602101146,天塩郡遠別町字久光,609-10,,
01486-4503-23.zip,202602101146,天塩郡遠別町字久光,609-3,,
01486-4503-23.zip,202602101146,天塩郡遠別町字久光,609-11,,
01486-4503-23.zip,202602101146,天塩郡遠別町字久光,614-1,,
01486-4503-23.zip,202602101146,天塩郡遠別町,地区外-267314,,
01486-4503-23.zip,202602101146,天塩郡遠別町字久光,569-1,,
01486-4503-23.zip,202602101146,天塩郡遠別町字久光,569-3,,
01486-4503-23.zip,202602101146,天塩郡遠別町字久光,水-3,,
01486-4503-23.zip,202602101146,天塩郡遠別町字久光,569-4,,
01486-4503-23.zip,202602101146,天塩郡遠別町字久光,569-2,,
01486-4503-23.zip,202602101146,天塩郡遠別町字久光,572-2,,
01486-4503-23.zip,202602101146,天塩郡遠別町字久光,573-2,,
01486-4503-23.zip,202602101146,天塩郡遠別町字久光,568-2,,
01486-4503-23.zip,202602101146,天塩郡遠別町字久光,568-3,,
01486-4503-23.zip,202602101146,天塩郡遠別町字久光,568-1,,
01486-4503-23.zip,202602101146,天塩郡遠別町字久光,566-3,,
01486-4503-23.zip,202602101146,天塩郡遠別町字久光,566-2,,
01486-4503-23.zip,202602101146,天塩郡遠別町字久光,574-4,,
01486-4503-23.zip,202602101146,天塩郡遠別町,地区外-267328,,
01486-4503-23.zip,202602101146,天塩郡遠別町字久光,574-1,,
01486-4503-23.zip,202602101146,天塩郡遠別町字久光,601-9,,
01486-4503-23.zip,202602101146,天塩郡遠別町,地区外-267331,,
01486-4503-23.zip,202602101146,天塩郡遠別町字久光,1312,,
01486-4503-23.zip,202602101146,天塩郡遠別町字久光,543-7,,
01486-4503-23.zip,202602101146,天塩郡遠別町字久光,543-8,,
01486-4503-23.zip,202602101146,天塩郡遠別町字久光,543-1,,
01486-4503-23.zip,202602101146,天塩郡遠別町字久光,606,,
01486-4503-23.zip,202602101146,天塩郡遠別町,地区外-267337,,
01486-4503-23.zip,202602101146,天塩郡遠別町字久光,936-1,,
01486-4503-23.zip,202602101146,天塩郡遠別町字久光,937-1,,
01486-4503-23.zip,202602101146,天塩郡遠別町字久光,879-1,,
01486-4503-23.zip,202602101146,天塩郡遠別町字久光,878-1,,
01486-4503-23.zip,202602101146,天塩郡遠別町字久光,878-3,,
01486-4503-23.zip,202602101146,天塩郡遠別町字久光,876-1,,
01486-4503-23.zip,202602101146,天塩郡遠別町字久光,876-6,,
01486-4503-23.zip,202602101146,天塩郡遠別町字久光,876-5,,
01486-4503-23.zip,202602101146,天塩郡遠別町字久光,539-3,,
01486-4503-23.zip,202602101146,天塩郡遠別町字久光,539-4,,
01486-4503-23.zip,202602101146,天塩郡遠別町字久光,539-6,,
01486-4503-23.zip,202602101146,天塩郡遠別町字久光,927-1,,
01486-4503-23.zip,202602101146,天塩郡遠別町字久光,935-1,,
01486-4503-23.zip,202602101146,天塩郡遠別町字久光,931-1,,
01486-4503-23.zip,202602101146,天塩郡遠別町字久光,928-3,,
01486-4503-23.zip,202602101146,天塩郡遠別町字久光,923-1,,
01486-4503-23.zip,202602101146,天塩郡遠別町字久光,920,,
01486-4503-23.zip,202602101146,天塩郡遠別町字久光,880-2,,
01486-4503-23.zip,202602101146,天塩郡遠別町字久光,791,,
01486-4503-23.zip,202602101146,天塩郡遠別町字久光,885,,
01486-4503-23.zip,202602101146,天塩郡遠別町字久光,914,,
01486-4503-23.zip,202602101146,天塩郡遠別町字久光,918,,
01486-4503-23.zip,202602101146,天塩郡遠別町字久光,919,,
01486-4503-23.zip,202602101146,天塩郡遠別町字久光,540-4,,
01486-4503-23.zip,202602101146,天塩郡遠別町字久光,539-7,,
01486-4503-23.zip,202602101146,天塩郡遠別町字久光,539-8,,
01486-4503-23.zip,202602101146,天塩郡遠別町字久光,540-10,,
01486-4503-23.zip,202602101146,天塩郡遠別町字久光,540-11,,
01486-4503-23.zip,202602101146,天塩郡遠別町字久光,道-6,,
01486-4503-23.zip,202602101146,天塩郡遠別町字久光,441-1,,
01486-4503-23.zip,202602101146,天塩郡遠別町字久光,439-10,,
01486-4503-23.zip,202602101146,天塩郡遠別町字久光,441-8,,
01486-4503-23.zip,202602101146,天塩郡遠別町字久光,439-3,,
01486-4503-23.zip,202602101146,天塩郡遠別町字久光,441-6,,
01486-4503-23.zip,202602101146,天塩郡遠別町字久光,441-7,,
01486-4503-23.zip,202602101146,天塩郡遠別町字久光,439-11,,
01486-4503-23.zip,202602101146,天塩郡遠別町字久光,439-9,,
01486-4503-23.zip,202602101146,天塩郡遠別町字久光,439-12,,
01486-4503-23.zip,202602101146,天塩郡遠別町字久光,441-9,,
01486-4503-23.zip,202602101146,天塩郡遠別町字久光,873,,
01486-4503-23.zip,202602101146,天塩郡遠別町字久光,水-4,,
01486-4503-23.zip,202602101146,天塩郡遠別町字久光,434,,
01486-4503-23.zip,202602101146,天塩郡遠別町字久光,874-2,,
01486-4503-23.zip,202602101146,天塩郡遠別町字久光,433-1,,
01486-4503-23.zip,202602101146,天塩郡遠別町字久光,874-1,,
01486-4503-23.zip,202602101146,天塩郡遠別町,地区外-267386,,
01486-4503-23.zip,202602101146,天塩郡遠別町字久光,546-3,,
01486-4503-23.zip,202602101146,天塩郡遠別町字久光,546-4,,
01486-4503-23.zip,202602101146,天塩郡遠別町字久光,965,,
01486-4503-23.zip,202602101146,天塩郡遠別町字久光,966,,
01486-4503-23.zip,202602101146,天塩郡遠別町字久光,547-1,,
01486-4503-23.zip,202602101146,天塩郡遠別町字久光,963,,
01486-4503-23.zip,202602101146,天塩郡遠別町字久光,964,,
01486-4503-23.zip,202602101146,天塩郡遠別町字久光,437,,
01486-4503-23.zip,202602101146,天塩郡遠別町字久光,941-2,,
01486-4503-23.zip,202602101146,天塩郡遠別町字久光,941-1,,
01486-4503-23.zip,202602101146,天塩郡遠別町字久光,928-1,,
01486-4503-23.zip,202602101146,天塩郡遠別町字久光,1090,,
01486-4503-23.zip,202602101146,天塩郡遠別町字久光,1086,,
01486-4503-23.zip,202602101146,天塩郡遠別町字久光,1523,,
01486-4503-23.zip,202602101146,天塩郡遠別町,地区外-267402,,
01486-4503-23.zip,202602101146,天塩郡遠別町字久光,水-5,,
01486-4503-23.zip,202602101146,天塩郡遠別町字久光,443-3,,
01486-4503-23.zip,202602101146,天塩郡遠別町字久光,443-1,,
01486-4503-23.zip,202602101146,天塩郡遠別町字久光,442,,
01486-4503-23.zip,202602101146,天塩郡遠別町字久光,444-2,,
01486-4503-23.zip,202602101146,天塩郡遠別町字久光,445-2,,
01486-4503-23.zip,202602101146,天塩郡遠別町字久光,977,,
01486-4503-23.zip,202602101146,天塩郡遠別町字久光,979,,
01486-4503-23.zip,202602101146,天塩郡遠別町字久光,976,,
01486-4503-23.zip,202602101146,天塩郡遠別町字久光,975,,
01486-4503-23.zip,202602101146,天塩郡遠別町字久光,441-5,,
01486-4503-23.zip,202602101146,天塩郡遠別町字久光,911,,
01486-4503-23.zip,202602101146,天塩郡遠別町,地区外-267415,,
01486-4503-23.zip,202602101146,天塩郡遠別町字久光,905,,
01486-4503-23.zip,202602101146,天塩郡遠別町字久光,913,,
01486-4503-23.zip,202602101146,天塩郡遠別町字久光,906,,
01486-4503-23.zip,202602101146,天塩郡遠別町字久光,910,,
01486-4503-23.zip,202602101146,天塩郡遠別町字久光,530-2,,
01486-4503-23.zip,202602101146,天塩郡遠別町字久光,水-6,,
01486-4503-23.zip,202602101146,天塩郡遠別町字久光,531-4,,
01486-4503-23.zip,202602101146,天塩郡遠別町字久光,899-2,,
01486-4503-23.zip,202602101146,天塩郡遠別町字久光,915,,
01486-4503-23.zip,202602101146,天塩郡遠別町字久光,907,,
01486-4503-23.zip,202602101146,天塩郡遠別町字久光,894-1,,
01486-4503-23.zip,202602101146,天塩郡遠別町字久光,893,,
01486-4503-23.zip,202602101146,天塩郡遠別町字久光,892,,
01486-4503-23.zip,202602101146,天塩郡遠別町字久光,908,,
01486-4503-23.zip,202602101146,天塩郡遠別町字久光,939,,
01486-4503-23.zip,202602101146,天塩郡遠別町字久光,479-4,,
01486-4503-23.zip,202602101146,天塩郡遠別町字久光,1518,,
01486-4503-23.zip,202602101146,天塩郡遠別町字久光,938,,
01486-4503-23.zip,202602101146,天塩郡遠別町字久光,940,,
01486-4503-23.zip,202602101146,天塩郡遠別町字久光,943,,
01486-4503-23.zip,202602101146,天塩郡遠別町字久光,929-1,,
01486-4503-23.zip,202602101146,天塩郡遠別町字久光,527-2,,
01486-4503-23.zip,202602101146,天塩郡遠別町字久光,924,,
01486-4503-23.zip,202602101146,天塩郡遠別町字久光,917,,
01486-4503-23.zip,202602101146,天塩郡遠別町字久光,921,,
01486-4503-23.zip,202602101146,天塩郡遠別町字久光,932,,
01486-4503-23.zip,202602101146,天塩郡遠別町字久光,933,,
01486-4503-23.zip,202602101146,天塩郡遠別町字久光,922,,
01486-4503-23.zip,202602101146,天塩郡遠別町字久光,934,,
01486-4503-23.zip,202602101146,天塩郡遠別町字久光,930,,
01486-4503-23.zip,202602101146,天塩郡遠別町字久光,916,,
01486-4503-23.zip,202602101146,天塩郡遠別町字久光,925,,
01486-4503-23.zip,202602101146,天塩郡遠別町,地区外-267448,,
01486-4503-23.zip,202602101146,天塩郡遠別町字久光,926,,
01486-4503-23.zip,202602101146,天塩郡遠別町字久光,531-6,,
01486-4503-23.zip,202602101146,天塩郡遠別町字久光,531-5,,
01486-4503-23.zip,202602101146,天塩郡遠別町字久光,532-3,,
01486-4503-23.zip,202602101146,天塩郡遠別町字久光,944-1,,
01486-4503-23.zip,202602101146,天塩郡遠別町字久光,958-1,,
01486-4503-23.zip,202602101146,天塩郡遠別町字久光,959,,
01486-4503-23.zip,202602101146,天塩郡遠別町字久光,961,,
01486-4503-23.zip,202602101146,天塩郡遠別町字久光,944-2,,
01486-4503-23.zip,202602101146,天塩郡遠別町字久光,949-1,,
01486-4503-23.zip,202602101146,天塩郡遠別町字久光,953-1,,
01486-4503-23.zip,202602101146,天塩郡遠別町字久光,945,,
01486-4503-23.zip,202602101146,天塩郡遠別町字久光,974,,
01486-4503-23.zip,202602101146,天塩郡遠別町字久光,439-7,,
01486-4503-23.zip,202602101146,天塩郡遠別町字久光,972,,
01486-4503-23.zip,202602101146,天塩郡遠別町字久光,955-1,,
01486-4503-23.zip,202602101146,天塩郡遠別町字久光,954-3,,
01486-4503-23.zip,202602101146,天塩郡遠別町字久光,962-1,,
01486-4503-23.zip,202602101146,天塩郡遠別町字久光,960-1,,
01486-4503-23.zip,202602101146,天塩郡遠別町字久光,960-3,,
01486-4503-23.zip,202602101146,天塩郡遠別町字久光,950,,
01486-4503-23.zip,202602101146,天塩郡遠別町字久光,954-2,,
01486-4503-23.zip,202602101146,天塩郡遠別町字久光,951-1,,
01486-4503-23.zip,202602101146,天塩郡遠別町字久光,1081,,
01486-4503-23.zip,202602101146,天塩郡遠別町字久光,1080,,
01486-4503-23.zip,202602101146,天塩郡遠別町字久光,1083,,
01486-4503-23.zip,202602101146,天塩郡遠別町字久光,1091,,
01486-4503-23.zip,202602101146,天塩郡遠別町字久光,1092,,
01486-4503-23.zip,202602101146,天塩郡遠別町字久光,1082,,
01486-4503-23.zip,202602101146,天塩郡遠別町字久光,1094-1,,
01486-4503-23.zip,202602101146,天塩郡遠別町字久光,水-7,,
01486-4503-23.zip,202602101146,天塩郡遠別町字久光,1089,,
01486-4503-23.zip,202602101146,天塩郡遠別町字久光,1085,,
01486-4503-23.zip,202602101146,天塩郡遠別町字久光,1084,,
01486-4503-23.zip,202602101146,天塩郡遠別町字久光,1088,,
01486-4503-23.zip,202602101146,天塩郡遠別町字久光,1093,,
01486-4503-23.zip,202602101146,天塩郡遠別町字久光,1087,,
01486-4503-23.zip,202602101146,天塩郡遠別町字久光,1098,,
01486-4503-23.zip,202602101146,天塩郡遠別町,地区外-267487,,
01486-4503-23.zip,202602101146,天塩郡遠別町字久光,444-3,,
01486-4503-23.zip,202602101146,天塩郡遠別町字久光,980,,
01486-4503-23.zip,202602101146,天塩郡遠別町字久光,981,,
01486-4503-23.zip,202602101146,天塩郡遠別町字久光,978,,
01486-4503-23.zip,202602101146,天塩郡遠別町字久光,439-5,,
01486-4503-23.zip,202602101146,天塩郡遠別町字久光,439-8,,
01486-4503-23.zip,202602101146,天塩郡遠別町字久光,1004-1,,
01486-4503-23.zip,202602101146,天塩郡遠別町字久光,1009-1,,
01486-4503-23.zip,202602101146,天塩郡遠別町字久光,1013-1,,
01486-4503-23.zip,202602101146,天塩郡遠別町字久光,1013-2,,
01486-4503-23.zip,202602101146,天塩郡遠別町字久光,1016-1,,
01486-4503-23.zip,202602101146,天塩郡遠別町字久光,1012-1,,
01486-4503-23.zip,202602101146,天塩郡遠別町字久光,1006,,
01486-4503-23.zip,202602101146,天塩郡遠別町字久光,水-8,,
01486-4503-23.zip,202602101146,天塩郡遠別町字久光,1000-3,,
01486-4503-23.zip,202602101146,天塩郡遠別町字久光,道-7,,
01486-4503-23.zip,202602101146,天塩郡遠別町字久光,1000-1,,
01486-4503-23.zip,202602101146,天塩郡遠別町字久光,952-1,,
01486-4503-23.zip,202602101146,天塩郡遠別町字久光,952-3,,
01486-4503-23.zip,202602101146,天塩郡遠別町字久光,956-1,,
01486-4503-23.zip,202602101146,天塩郡遠別町字久光,954-1,,
01486-4503-23.zip,202602101146,天塩郡遠別町字久光,951-2,,
01486-4503-23.zip,202602101146,天塩郡遠別町字久光,952-4,,
01486-4503-23.zip,202602101146,天塩郡遠別町字久光,968,,
01486-4503-23.zip,202602101146,天塩郡遠別町字久光,971,,
01486-4503-23.zip,202602101146,天塩郡遠別町字久光,970,,
01486-4503-23.zip,202602101146,天塩郡遠別町字久光,999-1,,
01486-4503-23.zip,202602101146,天塩郡遠別町字久光,道-8,,
01486-4503-23.zip,202602101146,天塩郡遠別町字久光,1015-1,,
01486-4503-23.zip,202602101146,天塩郡遠別町,地区外-267517,,
01486-4503-23.zip,202602101146,天塩郡遠別町字久光,1102,,
01486-4503-23.zip,202602101146,天塩郡遠別町字久光,866-3,,
01486-4503-23.zip,202602101146,天塩郡遠別町字久光,866-4,,
01486-4503-23.zip,202602101146,天塩郡遠別町字久光,866-1,,
01486-4503-23.zip,202602101146,天塩郡遠別町字久光,867,,
01486-4503-23.zip,202602101146,天塩郡遠別町字久光,1097,,
01486-4503-23.zip,202602101146,天塩郡遠別町字久光,1095,,
01486-4503-23.zip,202602101146,天塩郡遠別町字久光,1096,,
01486-4503-23.zip,202602101146,天塩郡遠別町字久光,1101,,
01486-4503-23.zip,202602101146,天塩郡遠別町字久光,1099,,
01486-4503-23.zip,202602101146,天塩郡遠別町,地区外-267528,,
01486-4503-23.zip,202602101146,天塩郡遠別町字久光,479-3,,
01486-4503-23.zip,202602101146,天塩郡遠別町字久光,967,,
01486-4503-23.zip,202602101146,天塩郡遠別町字久光,948,,
01486-4503-23.zip,202602101146,天塩郡遠別町字久光,947,,
01486-4503-23.zip,202602101146,天塩郡遠別町字久光,946,,
01486-4503-23.zip,202602101146,天塩郡遠別町字久光,477-2,,
01486-4503-23.zip,202602101146,天塩郡遠別町字久光,479-7,,
01486-4503-23.zip,202602101146,天塩郡遠別町,地区外-267536,,
01486-4503-23.zip,202602101146,天塩郡遠別町字久光,489,,
01486-4503-23.zip,202602101146,天塩郡遠別町字久光,水-9,,
01486-4503-23.zip,202602101146,天塩郡遠別町字久光,493-2,,
01486-4503-23.zip,202602101146,天塩郡遠別町字久光,1003,,
01486-4503-23.zip,202602101146,天塩郡遠別町字久光,995,,
01486-4503-23.zip,202602101146,天塩郡遠別町字久光,1017-1,,
01486-4503-23.zip,202602101146,天塩郡遠別町字久光,989,,
01486-4503-23.zip,202602101146,天塩郡遠別町字久光,996,,
01486-4503-23.zip,202602101146,天塩郡遠別町字久光,987,,
01486-4503-23.zip,202602101146,天塩郡遠別町字久光,992,,
01486-4503-23.zip,202602101146,天塩郡遠別町字久光,985,,
01486-4503-23.zip,202602101146,天塩郡遠別町字久光,1018,,
01486-4503-23.zip,202602101146,天塩郡遠別町字久光,1014,,
01486-4503-23.zip,202602101146,天塩郡遠別町字久光,994,,
01486-4503-23.zip,202602101146,天塩郡遠別町字久光,1002,,
01486-4503-23.zip,202602101146,天塩郡遠別町字久光,1001,,
01486-4503-23.zip,202602101146,天塩郡遠別町字久光,983,,
01486-4503-23.zip,202602101146,天塩郡遠別町字久光,984,,
01486-4503-23.zip,202602101146,天塩郡遠別町,地区外-267555,,
01486-4503-23.zip,202602101146,天塩郡遠別町字久光,991-1,,
01486-4503-23.zip,202602101146,天塩郡遠別町字久光,998-1,,
01486-4503-23.zip,202602101146,天塩郡遠別町字久光,1103,,
01486-4503-23.zip,202602101146,天塩郡遠別町,地区外-267559,,
01486-4503-23.zip,202602101146,天塩郡遠別町,地区外-267560,,
01486-4503-23.zip,202602101146,天塩郡遠別町字久光,1045-1,,
01486-4503-23.zip,202602101146,天塩郡遠別町字久光,道-9,,
01486-4503-23.zip,202602101146,天塩郡遠別町字久光,1061-1,,
01486-4503-23.zip,202602101146,天塩郡遠別町字久光,1034-1,,
01486-4503-23.zip,202602101146,天塩郡遠別町字久光,1044,,
01486-4503-23.zip,202602101146,天塩郡遠別町字久光,道-10,,
01486-4503-23.zip,202602101146,天塩郡遠別町字久光,1021-1,,
01486-4503-23.zip,202602101146,天塩郡遠別町字久光,993-1,,
01486-4503-23.zip,202602101146,天塩郡遠別町字久光,1019,,
01486-4503-23.zip,202602101146,天塩郡遠別町字久光,997-1,,
01486-4503-23.zip,202602101146,天塩郡遠別町字久光,1025,,
01486-4503-23.zip,202602101146,天塩郡遠別町字久光,1024,,
01486-4503-23.zip,202602101146,天塩郡遠別町字久光,1026,,
01486-4503-23.zip,202602101146,天塩郡遠別町字久光,1110,,
01486-4503-23.zip,202602101146,天塩郡遠別町字久光,1113,,
01486-4503-23.zip,202602101146,天塩郡遠別町字久光,1106,,
01486-4503-23.zip,202602101146,天塩郡遠別町字久光,1111,,
01486-4503-23.zip,202602101146,天塩郡遠別町字久光,1104,,
01486-4503-23.zip,202602101146,天塩郡遠別町字久光,1114,,
01486-4503-23.zip,202602101146,天塩郡遠別町字久光,838,,
01486-4503-23.zip,202602101146,天塩郡遠別町字久光,843,,
01486-4503-23.zip,202602101146,天塩郡遠別町,地区外-267582,,
01486-4503-23.zip,202602101146,天塩郡遠別町字久光,840,,
01486-4503-23.zip,202602101146,天塩郡遠別町字久光,1049-1,,
01486-4503-23.zip,202602101146,天塩郡遠別町字久光,1035,,
01486-4503-23.zip,202602101146,天塩郡遠別町字久光,988,,
01486-4503-23.zip,202602101146,天塩郡遠別町字久光,986,,
01486-4503-23.zip,202602101146,天塩郡遠別町字久光,990,,
01486-4503-23.zip,202602101146,天塩郡遠別町字久光,377-2,,
01486-4503-23.zip,202602101146,天塩郡遠別町,地区外-267590,,
01486-4503-23.zip,202602101146,天塩郡遠別町字久光,367-2,,
01486-4503-23.zip,202602101146,天塩郡遠別町字久光,1033-2,,
01486-4503-23.zip,202602101146,天塩郡遠別町字久光,1037,,
01486-4503-23.zip,202602101146,天塩郡遠別町字久光,1033-1,,
01486-4503-23.zip,202602101146,天塩郡遠別町字久光,1050-1,,
01486-4503-23.zip,202602101146,天塩郡遠別町字久光,1040-2,,
01486-4503-23.zip,202602101146,天塩郡遠別町字久光,1042,,
01486-4503-23.zip,202602101146,天塩郡遠別町字久光,1046-2,,
01486-4503-23.zip,202602101146,天塩郡遠別町字久光,1046-1,,
01486-4503-23.zip,202602101146,天塩郡遠別町字久光,1047-1,,
01486-4503-23.zip,202602101146,天塩郡遠別町字久光,1041,,
01486-4503-23.zip,202602101146,天塩郡遠別町字久光,1030,,
01486-4503-23.zip,202602101146,天塩郡遠別町字久光,1048-1,,
01486-4503-23.zip,202602101146,天塩郡遠別町字久光,1056,,
01486-4503-23.zip,202602101146,天塩郡遠別町字久光,1060-1,,
01486-4503-23.zip,202602101146,天塩郡遠別町字久光,1029-1,,
01486-4503-23.zip,202602101146,天塩郡遠別町字久光,1055-1,,
01486-4503-23.zip,202602101146,天塩郡遠別町字久光,1059-1,,
01486-4503-23.zip,202602101146,天塩郡遠別町字久光,1054-1,,
01486-4503-23.zip,202602101146,天塩郡遠別町字久光,1032,,
01486-4503-23.zip,202602101146,天塩郡遠別町字久光,1052,,
01486-4503-23.zip,202602101146,天塩郡遠別町字久光,1057,,
01486-4503-23.zip,202602101146,天塩郡遠別町字久光,1043,,
01486-4503-23.zip,202602101146,天塩郡遠別町字久光,1053,,
01486-4503-23.zip,202602101146,天塩郡遠別町字久光,1058,,
01486-4503-23.zip,202602101146,天塩郡遠別町字久光,1020,,
01486-4503-23.zip,202602101146,天塩郡遠別町字久光,1022,,
01486-4503-23.zip,202602101146,天塩郡遠別町字久光,1023,,
01486-4503-23.zip,202602101146,天塩郡遠別町,地区外-267619,,
01486-4503-23.zip,202602101146,天塩郡遠別町字久光,道-11,,
01486-4503-23.zip,202602101146,天塩郡遠別町字久光,水-10,,
01486-4503-23.zip,202602101146,天塩郡遠別町字久光,1078-1,,
01486-4503-23.zip,202602101146,天塩郡遠別町字久光,1067-1,,
01486-4503-23.zip,202602101146,天塩郡遠別町字久光,1064,,
01486-4503-23.zip,202602101146,天塩郡遠別町字久光,道-12,,
01486-4503-23.zip,202602101146,天塩郡遠別町字久光,1108,,
01486-4503-23.zip,202602101146,天塩郡遠別町字久光,1038,,
01486-4503-23.zip,202602101146,天塩郡遠別町字久光,1066,,
01486-4503-23.zip,202602101146,天塩郡遠別町字久光,1069,,
01486-4503-23.zip,202602101146,天塩郡遠別町字久光,1070,,
01486-4503-23.zip,202602101146,天塩郡遠別町字久光,1068,,
01486-4503-23.zip,202602101146,天塩郡遠別町字久光,1036,,
01486-4503-23.zip,202602101146,天塩郡遠別町字久光,1107,,
01486-4503-23.zip,202602101146,天塩郡遠別町字久光,1063,,
01486-4503-23.zip,202602101146,天塩郡遠別町字久光,1062,,
01486-4503-23.zip,202602101146,天塩郡遠別町字久光,1065-1,,
01486-4503-23.zip,202602101146,天塩郡遠別町字久光,1076-1,,
01486-4503-23.zip,202602101146,天塩郡遠別町字久光,1072,,
01486-4503-23.zip,202602101146,天塩郡遠別町字久光,1073-1,,
01486-4503-23.zip,202602101146,天塩郡遠別町字久光,1071,,
01486-4503-23.zip,202602101146,天塩郡遠別町字久光,1027,,
01486-4503-23.zip,202602101146,天塩郡遠別町字久光,1028,,
01486-4503-23.zip,202602101146,天塩郡遠別町字久光,1517,,
01486-4503-23.zip,202602101146,天塩郡遠別町,地区外-267644,,
01486-4503-23.zip,202602101146,天塩郡遠別町字久光,384-3,,
01486-4503-23.zip,202602101146,天塩郡遠別町字久光,1516,,
01486-4503-23.zip,202602101146,天塩郡遠別町字久光,水-11,,
01486-4503-23.zip,202602101146,天塩郡遠別町字久光,236,,
01486-4503-23.zip,202602101146,天塩郡遠別町字久光,235-2,,
01486-4503-23.zip,202602101146,天塩郡遠別町字久光,238-2,,
01486-4503-23.zip,202602101146,天塩郡遠別町字久光,237,,
01486-4503-23.zip,202602101146,天塩郡遠別町字久光,811-1,,
01486-4503-23.zip,202602101146,天塩郡遠別町字久光,812-2,,
01486-4503-23.zip,202602101146,天塩郡遠別町字久光,260-2,,
01486-4503-23.zip,202602101146,天塩郡遠別町字久光,269-2,,
01486-4503-23.zip,202602101146,天塩郡遠別町字久光,271-2,,
01486-4503-23.zip,202602101146,天塩郡遠別町字久光,1031,,
01486-4503-23.zip,202602101146,天塩郡遠別町,地区外-267658,,
01486-4503-23.zip,202602101146,天塩郡遠別町字久光,道-13,,
01486-4503-23.zip,202602101146,天塩郡遠別町字久光,1073-6,,
01486-4503-23.zip,202602101146,天塩郡遠別町字久光,1077-1,,
01486-4503-23.zip,202602101146,天塩郡遠別町字久光,1074,,
01486-4503-23.zip,202602101146,天塩郡遠別町字久光,1079,,
01486-4503-23.zip,202602101146,天塩郡遠別町字久光,1075-1,,
01486-4503-23.zip,202602101146,天塩郡遠別町字久光,道-14,,
01486-4503-23.zip,202602101146,天塩郡遠別町,地区外-267666,,
01486-4503-23.zip,202602101146,天塩郡遠別町,地区外-267667,,
01486-4503-23.zip,202602101146,天塩郡遠別町字久光,水-12,,
01486-4503-23.zip,202602101146,天塩郡遠別町字久光,257-2,,
01486-4503-23.zip,202602101146,天塩郡遠別町,地区外-267670,,
01486-4503-23.zip,202602101146,天塩郡遠別町字久光,436-2,,
01486-4503-23.zip,202602101146,天塩郡遠別町字久光,436-1,,
01486-4503-23.zip,202602101146,天塩郡遠別町字久光,道-5,,
01486-4503-23.zip,202602101146,天塩郡遠別町字久光,435,,
01486-4503-23.zip,202602101146,天塩郡遠別町字久光,815,,
01486-4503-23.zip,202602101146,天塩郡遠別町字久光,687-2,,
01486-4503-23.zip,202602101146,天塩郡遠別町字久光,687-4,,
01486-4503-23.zip,202602101146,天塩郡遠別町字久光,690-3,,
01486-4503-23.zip,202602101146,天塩郡遠別町字久光,690-1,,
01486-4503-23.zip,202602101146,天塩郡遠別町字久光,682-17,,
01486-4503-23.zip,202602101146,天塩郡遠別町字久光,682-2,,
01486-4503-23.zip,202602101146,天塩郡遠別町字久光,682-14,,
01486-4503-23.zip,202602101146,天塩郡遠別町字久光,682-22,,
01486-4503-23.zip,202602101146,天塩郡遠別町字久光,682-4,,
01486-4503-23.zip,202602101146,天塩郡遠別町字久光,682-21,,
01486-4503-23.zip,202602101146,天塩郡遠別町字久光,682-18,,
01486-4503-23.zip,202602101146,天塩郡遠別町字久光,682-1,,
01486-4503-23.zip,202602101146,天塩郡遠別町字久光,682-20,,
01486-4503-23.zip,202602101146,天塩郡遠別町字久光,682-19,,
01486-4503-23.zip,202602101146,天塩郡遠別町字久光,687-1,,
01486-4503-23.zip,202602101146,天塩郡遠別町字久光,734-3,,
01486-4503-23.zip,202602101146,天塩郡遠別町字久光,734-2,,
01486-4503-23.zip,202602101146,天塩郡遠別町字久光,734-1,,
01486-4503-23.zip,202602101146,天塩郡遠別町字久光,741-1,,
01486-4503-23.zip,202602101146,天塩郡遠別町字久光,741-4,,
01486-4503-23.zip,202602101146,天塩郡遠別町字久光,740,,
01486-4503-23.zip,202602101146,天塩郡遠別町字久光,736-4,,
01486-4503-23.zip,202602101146,天塩郡遠別町字久光,1525,,
01486-4503-23.zip,202602101146,天塩郡遠別町字久光,677-10,,
01486-4503-23.zip,202602101146,天塩郡遠別町字久光,677-3,,
01486-4503-23.zip,202602101146,天塩郡遠別町字久光,677-8,,
01486-4503-23.zip,202602101146,天塩郡遠別町字久光,677-1,,
01486-4503-23.zip,202602101146,天塩郡遠別町字久光,677-7,,
01486-4503-23.zip,202602101146,天塩郡遠別町字久光,681-4,,
01486-4503-23.zip,202602101146,天塩郡遠別町字久光,681-9,,
01486-4503-23.zip,202602101146,天塩郡遠別町字久光,682-23,,
01486-4503-23.zip,202602101146,天塩郡遠別町字久光,682-15,,
01486-4503-23.zip,202602101146,天塩郡遠別町字久光,682-8,,
01486-4503-23.zip,202602101146,天塩郡遠別町字久光,632-12,,
01486-4503-23.zip,202602101146,天塩郡遠別町字久光,632-14,,
01486-4503-23.zip,202602101146,天塩郡遠別町字久光,632-30,,
01486-4503-23.zip,202602101146,天塩郡遠別町字久光,631-1,,
01486-4503-23.zip,202602101146,天塩郡遠別町字久光,691-5,,
01486-4503-23.zip,202602101146,天塩郡遠別町字久光,691-2,,
01486-4503-23.zip,202602101146,天塩郡遠別町字久光,691-4,,
01486-4503-23.zip,202602101146,天塩郡遠別町字久光,691-6,,
01486-4503-23.zip,202602101146,天塩郡遠別町字久光,582-1,,
01486-4503-23.zip,202602101146,天塩郡遠別町字久光,692-1,,
01486-4503-23.zip,202602101146,天塩郡遠別町字久光,687-3,,
01486-4503-23.zip,202602101146,天塩郡遠別町字久光,682-16,,
01486-4503-23.zip,202602101146,天塩郡遠別町字久光,682-13,,
01486-4503-23.zip,202602101146,天塩郡遠別町字久光,601-10,,
01486-4503-23.zip,202602101146,天塩郡遠別町字久光,601-4,,
01486-4503-23.zip,202602101146,天塩郡遠別町字久光,601-11,,
01486-4503-23.zip,202602101146,天塩郡遠別町,地区外-267154,,
01486-4503-23.zip,202602101146,天塩郡遠別町字久光,596-3,,
01486-4503-23.zip,202602101146,天塩郡遠別町字久光,596-9,,
01486-4503-23.zip,202602101146,天塩郡遠別町字久光,600,,
01486-4503-23.zip,202602101146,天塩郡遠別町字久光,632-31,,
01486-4503-23.zip,202602101146,天塩郡遠別町字久光,614-6,,
01486-4503-23.zip,202602101146,天塩郡遠別町字久光,614-3,,
01486-4503-23.zip,202602101146,天塩郡遠別町字久光,614-5,,
01486-4503-23.zip,202602101146,天塩郡遠別町字久光,道-1,,
01486-4503-23.zip,202602101146,天塩郡遠別町字久光,615-1,,
01486-4503-23.zip,202602101146,天塩郡遠別町字久光,614-4,,
01486-4503-23.zip,202602101146,天塩郡遠別町字久光,677-12,,
01486-4503-23.zip,202602101146,天塩郡遠別町字久光,677-2,,
01486-4503-23.zip,202602101146,天塩郡遠別町字久光,677-13,,
01486-4503-23.zip,202602101146,天塩郡遠別町字久光,677-14,,
01486-4503-23.zip,202602101146,天塩郡遠別町字久光,677-5,,
01486-4503-23.zip,202602101146,天塩郡遠別町字久光,677-11,,
01486-4503-23.zip,202602101146,天塩郡遠別町字久光,677-9,,
01486-4503-23.zip,202602101146,天塩郡遠別町字久光,630-5,,
01486-4503-23.zip,202602101146,天塩郡遠別町字久光,629-1,,
01486-4503-23.zip,202602101146,天塩郡遠別町字久光,630-1,,
01486-4503-23.zip,202602101146,天塩郡遠別町字久光,632-33,,
01486-4503-23.zip,202602101146,天塩郡遠別町字久光,632-7,,
01486-4503-23.zip,202602101146,天塩郡遠別町字久光,632-34,,
01486-4503-23.zip,202602101146,天塩郡遠別町字久光,632-10,,
01486-4503-23.zip,202602101146,天塩郡遠別町字久光,675-18,,
01486-4503-23.zip,202602101146,天塩郡遠別町字久光,675-10,,
01486-4503-23.zip,202602101146,天塩郡遠別町字久光,675-9,,
01486-4503-23.zip,202602101146,天塩郡遠別町字久光,675-17,,
01486-4503-23.zip,202602101146,天塩郡遠別町字久光,675-16,,
01486-4503-23.zip,202602101146,天塩郡遠別町字久光,675-1,,
01486-4503-23.zip,202602101146,天塩郡遠別町字久光,675-12,,
01486-4503-23.zip,202602101146,天塩郡遠別町字久光,675-19,,
01486-4503-23.zip,202602101146,天塩郡遠別町字久光,630-2,,
01486-4503-23.zip,202602101146,天塩郡遠別町字久光,627-1,,
01486-4503-23.zip,202602101146,天塩郡遠別町字久光,632-9,,
01486-4503-23.zip,202602101146,天塩郡遠別町字久光,632-27,,
01486-4503-23.zip,202602101146,天塩郡遠別町字久光,632-26,,
01486-4503-23.zip,202602101146,天塩郡遠別町字久光,632-25,,
01486-4503-23.zip,202602101146,天塩郡遠別町,地区外-267272,,
01486-4503-23.zip,202602101146,天塩郡遠別町字久光,675-15,,
01486-4503-23.zip,202602101146,天塩郡遠別町,地区外-267270,,
01486-4503-23.zip,202602101146,天塩郡遠別町字久光,628-2,,
01486-4503-23.zip,202602101146,天塩郡遠別町字久光,628-1,,
01486-4503-23.zip,202602101146,天塩郡遠別町字久光,681-11,,
01486-4503-23.zip,202602101146,天塩郡遠別町字久光,681-5,,
01486-4503-23.zip,202602101146,天塩郡遠別町字久光,681-8,,
01486-4503-23.zip,202602101146,天塩郡遠別町字久光,681-12,,
01486-4503-23.zip,202602101146,天塩郡遠別町字久光,629-3,,
01486-4503-23.zip,202602101146,天塩郡遠別町字久光,622,,
01486-4503-23.zip,202602101146,天塩郡遠別町,地区外-267190,,
01486-4503-23.zip,202602101146,天塩郡遠別町字久光,681-10,,
01486-4503-23.zip,202602101146,天塩郡遠別町字久光,682-12,,
01486-4503-23.zip,202602101146,天塩郡遠別町字久光,632-1,,
01486-4503-23.zip,202602101146,天塩郡遠別町字久光,632-35,,
01486-4503-23.zip,202602101146,天塩郡遠別町字久光,632-3,,
01486-4503-23.zip,202602101146,天塩郡遠別町字久光,632-36,,
01486-4503-23.zip,202602101146,天塩郡遠別町,地区外-267298,,
01486-4503-23.zip,202602101146,天塩郡遠別町字久光,632-18,,
01486-4503-23.zip,202602101146,天塩郡遠別町字久光,632-2,,
01486-4503-23.zip,202602101146,天塩郡遠別町字久光,632-29,,
01486-4503-23.zip,202602101146,天塩郡遠別町字久光,632-28,,
01486-4503-23.zip,202602101146,天塩郡遠別町字久光,632-32,,
01486-4503-24.zip,202602101146,天塩郡遠別町字中央,水-1,,
01486-4503-24.zip,202602101146,天塩郡遠別町字中央,788,,
01486-4503-24.zip,202602101146,天塩郡遠別町,地区外-269613,,
01486-4503-24.zip,202602101146,天塩郡遠別町字中央,233,,
01486-4503-24.zip,202602101146,天塩郡遠別町字中央,水-2,,
01486-4503-24.zip,202602101146,天塩郡遠別町字中央,242,,
01486-4503-24.zip,202602101146,天塩郡遠別町字中央,807,,
01486-4503-24.zip,202602101146,天塩郡遠別町字中央,240,,
01486-4503-24.zip,202602101146,天塩郡遠別町字中央,808,,
01486-4503-24.zip,202602101146,天塩郡遠別町字中央,237,,
01486-4503-24.zip,202602101146,天塩郡遠別町字中央,238,,
01486-4503-24.zip,202602101146,天塩郡遠別町字中央,239,,
01486-4503-24.zip,202602101146,天塩郡遠別町字中央,水-3,,
01486-4503-24.zip,202602101146,天塩郡遠別町字中央,93-2,,
01486-4503-24.zip,202602101146,天塩郡遠別町字中央,668-2,,
01486-4503-24.zip,202602101146,天塩郡遠別町字中央,668-4,,
01486-4503-24.zip,202602101146,天塩郡遠別町字中央,水-4,,
01486-4503-24.zip,202602101146,天塩郡遠別町字中央,668-1,,
01486-4503-24.zip,202602101146,天塩郡遠別町字中央,93-1,,
01486-4503-24.zip,202602101146,天塩郡遠別町字中央,78-1,,
01486-4503-24.zip,202602101146,天塩郡遠別町字中央,79-1,,
01486-4503-24.zip,202602101146,天塩郡遠別町字中央,666-1,,
01486-4503-24.zip,202602101146,天塩郡遠別町字中央,668-3,,
01486-4503-24.zip,202602101146,天塩郡遠別町字中央,666-3,,
01486-4503-24.zip,202602101146,天塩郡遠別町字中央,666-2,,
01486-4503-24.zip,202602101146,天塩郡遠別町字中央,667-1,,
01486-4503-24.zip,202602101146,天塩郡遠別町字中央,667-2,,
01486-4503-24.zip,202602101146,天塩郡遠別町字中央,667-3,,
01486-4503-24.zip,202602101146,天塩郡遠別町字中央,667-4,,
01486-4503-24.zip,202602101146,天塩郡遠別町字中央,667-5,,
01486-4503-24.zip,202602101146,天塩郡遠別町字中央,782,,
01486-4503-24.zip,202602101146,天塩郡遠別町字中央,673,,
01486-4503-24.zip,202602101146,天塩郡遠別町字中央,781,,
01486-4503-24.zip,202602101146,天塩郡遠別町字中央,802,,
01486-4503-24.zip,202602101146,天塩郡遠別町字中央,780,,
01486-4503-24.zip,202602101146,天塩郡遠別町字中央,809,,
01486-4503-24.zip,202602101146,天塩郡遠別町字中央,63,,
01486-4503-24.zip,202602101146,天塩郡遠別町字中央,801,,
01486-4503-24.zip,202602101146,天塩郡遠別町字中央,665,,
01486-4503-24.zip,202602101146,天塩郡遠別町字中央,800,,
01486-4503-24.zip,202602101146,天塩郡遠別町字中央,669,,
01486-4503-24.zip,202602101146,天塩郡遠別町字中央,77,,
01486-4503-24.zip,202602101146,天塩郡遠別町字中央,91,,
01486-4503-24.zip,202602101146,天塩郡遠別町字中央,89-1,,
01486-4503-24.zip,202602101146,天塩郡遠別町字中央,670-2,,
01486-4503-24.zip,202602101146,天塩郡遠別町字中央,670-4,,
01486-4503-24.zip,202602101146,天塩郡遠別町字中央,670-1,,
01486-4503-24.zip,202602101146,天塩郡遠別町字中央,670-3,,
01486-4503-24.zip,202602101146,天塩郡遠別町字中央,707,,
01486-4503-24.zip,202602101146,天塩郡遠別町字中央,783,,
01486-4503-24.zip,202602101146,天塩郡遠別町字中央,229,,
01486-4503-24.zip,202602101146,天塩郡遠別町字中央,804,,
01486-4503-24.zip,202602101146,天塩郡遠別町字中央,227-1,,
01486-4503-24.zip,202602101146,天塩郡遠別町字中央,805,,
01486-4503-24.zip,202602101146,天塩郡遠別町字中央,227-2,,
01486-4503-24.zip,202602101146,天塩郡遠別町,地区外-269667,,
01486-4503-24.zip,202602101146,天塩郡遠別町字中央,684,,
01486-4503-24.zip,202602101146,天塩郡遠別町字中央,672-1,,
01486-4503-24.zip,202602101146,天塩郡遠別町字中央,672-2,,
01486-4503-24.zip,202602101146,天塩郡遠別町字中央,784,,
01486-4503-24.zip,202602101146,天塩郡遠別町字中央,786,,
01486-4503-24.zip,202602101146,天塩郡遠別町字中央,785,,
01486-4503-24.zip,202602101146,天塩郡遠別町字中央,219-4,,
01486-4503-24.zip,202602101146,天塩郡遠別町字中央,219-1,,
01486-4503-24.zip,202602101146,天塩郡遠別町字中央,道-1,,
01486-4503-24.zip,202602101146,天塩郡遠別町字中央,89-2,,
01486-4503-24.zip,202602101146,天塩郡遠別町字中央,806,,
01486-4503-24.zip,202602101146,天塩郡遠別町字中央,95-1,,
01486-4503-24.zip,202602101146,天塩郡遠別町字中央,787,,
01486-4503-24.zip,202602101146,天塩郡遠別町字中央,95-2,,
01486-4503-24.zip,202602101146,天塩郡遠別町字中央,216,,
01486-4503-24.zip,202602101146,天塩郡遠別町字中央,214-1,,
01486-4503-24.zip,202602101146,天塩郡遠別町字中央,220-4,,
01486-4503-24.zip,202602101146,天塩郡遠別町字中央,220-5,,
01486-4503-24.zip,202602101146,天塩郡遠別町字中央,220-1,,
01486-4503-24.zip,202602101146,天塩郡遠別町字中央,220-2,,
01486-4503-24.zip,202602101146,天塩郡遠別町字中央,222-3,,
01486-4503-24.zip,202602101146,天塩郡遠別町字中央,222-4,,
01486-4503-24.zip,202602101146,天塩郡遠別町字中央,222-1,,
01486-4503-24.zip,202602101146,天塩郡遠別町字中央,803,,
01486-4503-24.zip,202602101146,天塩郡遠別町字中央,236,,
01486-4503-24.zip,202602101146,天塩郡遠別町字中央,235,,
01486-4503-24.zip,202602101146,天塩郡遠別町字中央,232,,
01486-4503-24.zip,202602101146,天塩郡遠別町字中央,244,,
01486-4503-24.zip,202602101146,天塩郡遠別町字中央,245,,
01486-4503-24.zip,202602101146,天塩郡遠別町,地区外-269697,,
01486-4503-24.zip,202602101146,天塩郡遠別町字中央,57,,
01486-4503-24.zip,202602101146,天塩郡遠別町字中央,771,,
01486-4503-24.zip,202602101146,天塩郡遠別町,地区外-269700,,
01486-4503-24.zip,202602101146,天塩郡遠別町字中央,664-2,,
01486-4503-24.zip,202602101146,天塩郡遠別町字中央,799,,
01486-4503-24.zip,202602101146,天塩郡遠別町字中央,79-2,,
01486-4503-24.zip,202602101146,天塩郡遠別町字中央,79-3,,
01486-4503-24.zip,202602101146,天塩郡遠別町字中央,798,,
01486-4503-24.zip,202602101146,天塩郡遠別町字中央,664-3,,
01486-4503-24.zip,202602101146,天塩郡遠別町字中央,664-1,,
01486-4503-24.zip,202602101146,天塩郡遠別町字中央,797,,
01486-4503-24.zip,202602101146,天塩郡遠別町字中央,73,,
01486-4503-24.zip,202602101146,天塩郡遠別町字中央,796,,
01486-4503-24.zip,202602101146,天塩郡遠別町字中央,795,,
01486-4503-24.zip,202602101146,天塩郡遠別町字中央,水-5,,
01486-4503-24.zip,202602101146,天塩郡遠別町字中央,76,,
01486-4503-24.zip,202602101146,天塩郡遠別町字中央,775,,
01486-4503-24.zip,202602101146,天塩郡遠別町字中央,776,,
01486-4503-24.zip,202602101146,天塩郡遠別町字中央,777,,
01486-4503-24.zip,202602101146,天塩郡遠別町字中央,778,,
01486-4503-24.zip,202602101146,天塩郡遠別町字中央,56-2,,
01486-4503-24.zip,202602101146,天塩郡遠別町字中央,56-3,,
01486-4503-24.zip,202602101146,天塩郡遠別町字中央,56-1,,
01486-4503-24.zip,202602101146,天塩郡遠別町字中央,793,,
01486-4503-24.zip,202602101146,天塩郡遠別町字中央,774,,
01486-4503-24.zip,202602101146,天塩郡遠別町字中央,773,,
01486-4503-24.zip,202602101146,天塩郡遠別町字中央,772,,
01486-4503-24.zip,202602101146,天塩郡遠別町字中央,58,,
01486-4503-24.zip,202602101146,天塩郡遠別町字中央,74,,
01486-4503-24.zip,202602101146,天塩郡遠別町字中央,794,,
01486-4503-24.zip,202602101146,天塩郡遠別町字中央,75,,
01486-4503-24.zip,202602101146,天塩郡遠別町,地区外-269729,,
01486-4503-24.zip,202602101146,天塩郡遠別町,地区外-269730,,
01486-4503-24.zip,202602101146,天塩郡遠別町,地区外-269731,,
01486-4503-24.zip,202602101146,天塩郡遠別町字中央,138,,
01486-4503-24.zip,202602101146,天塩郡遠別町字中央,755,,
01486-4503-24.zip,202602101146,天塩郡遠別町字中央,水-6,,
01486-4503-24.zip,202602101146,天塩郡遠別町字中央,140,,
01486-4503-24.zip,202602101146,天塩郡遠別町字中央,141,,
01486-4503-24.zip,202602101146,天塩郡遠別町字中央,139,,
01486-4503-24.zip,202602101146,天塩郡遠別町字中央,143-1,,
01486-4503-24.zip,202602101146,天塩郡遠別町,地区外-269739,,
01486-4503-24.zip,202602101146,天塩郡遠別町字中央,765,,
01486-4503-24.zip,202602101146,天塩郡遠別町,地区外-269741,,
01486-4503-24.zip,202602101146,天塩郡遠別町字中央,779,,
01486-4503-24.zip,202602101146,天塩郡遠別町字中央,55-1,,
01486-4503-24.zip,202602101146,天塩郡遠別町字中央,770,,
01486-4503-24.zip,202602101146,天塩郡遠別町字中央,54-1,,
01486-4503-24.zip,202602101146,天塩郡遠別町,地区外-269746,,
01486-4503-24.zip,202602101146,天塩郡遠別町,地区外-269747,,
01486-4503-24.zip,202602101146,天塩郡遠別町字中央,789,,
01486-4503-24.zip,202602101146,天塩郡遠別町字中央,213-1,,
01486-4503-24.zip,202602101146,天塩郡遠別町字中央,水-7,,
01486-4503-24.zip,202602101146,天塩郡遠別町字中央,212-1,,
01486-4503-24.zip,202602101146,天塩郡遠別町字中央,223-1,,
01486-4503-24.zip,202602101146,天塩郡遠別町字中央,790,,
01486-4503-24.zip,202602101146,天塩郡遠別町字中央,210,,
01486-4503-24.zip,202602101146,天塩郡遠別町字中央,211-1,,
01486-4503-24.zip,202602101146,天塩郡遠別町字中央,792,,
01486-4503-24.zip,202602101146,天塩郡遠別町字中央,211-3,,
01486-4503-24.zip,202602101146,天塩郡遠別町字中央,224-1,,
01486-4503-24.zip,202602101146,天塩郡遠別町字中央,791,,
01486-4503-24.zip,202602101146,天塩郡遠別町字中央,水-8,,
01486-4503-24.zip,202602101146,天塩郡遠別町字中央,143-2,,
01486-4503-24.zip,202602101146,天塩郡遠別町字中央,143-3,,
01486-4503-24.zip,202602101146,天塩郡遠別町,地区外-269763,,
01486-4503-24.zip,202602101146,天塩郡遠別町字中央,143-4,,
01486-4503-24.zip,202602101146,天塩郡遠別町字中央,764,,
01486-4503-24.zip,202602101146,天塩郡遠別町字中央,769,,
01486-4503-24.zip,202602101146,天塩郡遠別町字中央,763,,
01486-4503-24.zip,202602101146,天塩郡遠別町字中央,148-1,,
01486-4503-24.zip,202602101146,天塩郡遠別町字中央,水-9,,
01486-4503-24.zip,202602101146,天塩郡遠別町字中央,147,,
01486-4503-24.zip,202602101146,天塩郡遠別町字中央,146,,
01486-4503-24.zip,202602101146,天塩郡遠別町,地区外-269772,,
01486-4503-24.zip,202602101146,天塩郡遠別町字中央,766,,
01486-4503-24.zip,202602101146,天塩郡遠別町字中央,142,,
01486-4503-24.zip,202602101146,天塩郡遠別町字中央,767,,
01486-4503-24.zip,202602101146,天塩郡遠別町字中央,144-1,,
01486-4503-24.zip,202602101146,天塩郡遠別町,地区外-269777,,
01486-4503-24.zip,202602101146,天塩郡遠別町字中央,768,,
01486-4503-24.zip,202602101146,天塩郡遠別町字中央,145,,
01486-4503-24.zip,202602101146,天塩郡遠別町,地区外-269780,,
01486-4503-24.zip,202602101146,天塩郡遠別町字中央,92,,
01486-4503-25.zip,202602101146,天塩郡遠別町字中央,1-3,,
01486-4503-25.zip,202602101146,天塩郡遠別町,地区外-271098,,
01486-4503-25.zip,202602101146,天塩郡遠別町,地区外-271099,,
01486-4503-25.zip,202602101146,天塩郡遠別町字中央,723-1,,
01486-4503-25.zip,202602101146,天塩郡遠別町字中央,723-2,,
01486-4503-25.zip,202602101146,天塩郡遠別町字中央,751,,
01486-4503-25.zip,202602101146,天塩郡遠別町字中央,102-1,,
01486-4503-25.zip,202602101146,天塩郡遠別町字中央,105-3,,
01486-4503-25.zip,202602101146,天塩郡遠別町,地区外-271105,,
01486-4503-25.zip,202602101146,天塩郡遠別町字中央,水-1,,
01486-4503-25.zip,202602101146,天塩郡遠別町字中央,99-1,,
01486-4503-25.zip,202602101146,天塩郡遠別町字中央,100-1,,
01486-4503-25.zip,202602101146,天塩郡遠別町字中央,99-5,,
01486-4503-25.zip,202602101146,天塩郡遠別町字中央,99-2,,
01486-4503-25.zip,202602101146,天塩郡遠別町字中央,105-4,,
01486-4503-25.zip,202602101146,天塩郡遠別町字中央,101-1,,
01486-4503-25.zip,202602101146,天塩郡遠別町字中央,121-6,,
01486-4503-25.zip,202602101146,天塩郡遠別町字中央,121-7,,
01486-4503-25.zip,202602101146,天塩郡遠別町字中央,121-1,,
01486-4503-25.zip,202602101146,天塩郡遠別町字中央,101-4,,
01486-4503-25.zip,202602101146,天塩郡遠別町字中央,119,,
01486-4503-25.zip,202602101146,天塩郡遠別町字中央,118-3,,
01486-4503-25.zip,202602101146,天塩郡遠別町字中央,23,,
01486-4503-25.zip,202602101146,天塩郡遠別町字中央,13,,
01486-4503-25.zip,202602101146,天塩郡遠別町字中央,752,,
01486-4503-25.zip,202602101146,天塩郡遠別町字中央,27-1,,
01486-4503-25.zip,202602101146,天塩郡遠別町字中央,28,,
01486-4503-25.zip,202602101146,天塩郡遠別町字中央,21-1,,
01486-4503-25.zip,202602101146,天塩郡遠別町字中央,21-3,,
01486-4503-25.zip,202602101146,天塩郡遠別町字中央,水-2,,
01486-4503-25.zip,202602101146,天塩郡遠別町字中央,753,,
01486-4503-25.zip,202602101146,天塩郡遠別町字中央,19-2,,
01486-4503-25.zip,202602101146,天塩郡遠別町字中央,118-2,,
01486-4503-25.zip,202602101146,天塩郡遠別町字中央,114-2,,
01486-4503-25.zip,202602101146,天塩郡遠別町字中央,114-4,,
01486-4503-25.zip,202602101146,天塩郡遠別町字中央,114-1,,
01486-4503-25.zip,202602101146,天塩郡遠別町字中央,115,,
01486-4503-25.zip,202602101146,天塩郡遠別町字中央,117-1,,
01486-4503-25.zip,202602101146,天塩郡遠別町字中央,117-2,,
01486-4503-25.zip,202602101146,天塩郡遠別町字中央,112-1,,
01486-4503-25.zip,202602101146,天塩郡遠別町字中央,114-3,,
01486-4503-25.zip,202602101146,天塩郡遠別町字中央,113,,
01486-4503-25.zip,202602101146,天塩郡遠別町字中央,112-3,,
01486-4503-25.zip,202602101146,天塩郡遠別町字中央,112-4,,
01486-4503-25.zip,202602101146,天塩郡遠別町字中央,111-1,,
01486-4503-25.zip,202602101146,天塩郡遠別町字中央,111-2,,
01486-4503-25.zip,202602101146,天塩郡遠別町字中央,112-2,,
01486-4503-25.zip,202602101146,天塩郡遠別町字中央,114-5,,
01486-4503-25.zip,202602101146,天塩郡遠別町字中央,135-1,,
01486-4503-25.zip,202602101146,天塩郡遠別町字中央,136-2,,
01486-4503-25.zip,202602101146,天塩郡遠別町字中央,135-2,,
01486-4503-25.zip,202602101146,天塩郡遠別町字中央,134-2,,
01486-4503-25.zip,202602101146,天塩郡遠別町字中央,132-1,,
01486-4503-25.zip,202602101146,天塩郡遠別町字中央,136-1,,
01486-4503-25.zip,202602101146,天塩郡遠別町,地区外-271155,,
01486-4503-25.zip,202602101146,天塩郡遠別町字中央,102-8,,
01486-4503-25.zip,202602101146,天塩郡遠別町,地区外-271157,,
01486-4503-25.zip,202602101146,天塩郡遠別町字中央,102-7,,
01486-4503-25.zip,202602101146,天塩郡遠別町字中央,137-2,,
01486-4503-25.zip,202602101146,天塩郡遠別町字中央,137-1,,
01486-4503-25.zip,202602101146,天塩郡遠別町,地区外-271161,,
01486-4503-25.zip,202602101146,天塩郡遠別町字中央,1-2,,
01486-4503-25.zip,202602101146,天塩郡遠別町字中央,137-5,,
01486-4503-25.zip,202602101146,天塩郡遠別町字中央,754,,
01486-4503-25.zip,202602101146,天塩郡遠別町字中央,18,,
01486-4503-25.zip,202602101146,天塩郡遠別町字中央,137-3,,
01486-4503-25.zip,202602101146,天塩郡遠別町字中央,16,,
01486-4503-25.zip,202602101146,天塩郡遠別町字中央,17,,
01486-4503-25.zip,202602101146,天塩郡遠別町字中央,19-1,,
01486-4503-25.zip,202602101146,天塩郡遠別町字中央,20,,
01486-4503-25.zip,202602101146,天塩郡遠別町,地区外-271172,,
01486-4503-25.zip,202602101146,天塩郡遠別町字中央,水-3,,
01486-4503-25.zip,202602101146,天塩郡遠別町字中央,46-1,,
01486-4503-25.zip,202602101146,天塩郡遠別町字中央,45-2,,
01486-4503-25.zip,202602101146,天塩郡遠別町字中央,45-11,,
01486-4503-25.zip,202602101146,天塩郡遠別町字中央,42-2,,
01486-4503-25.zip,202602101146,天塩郡遠別町字中央,36-2,,
01486-4503-25.zip,202602101146,天塩郡遠別町,地区外-271179,,
01486-4503-25.zip,202602101146,天塩郡遠別町字中央,30,,
01486-4503-25.zip,202602101146,天塩郡遠別町字中央,29,,
01486-4503-25.zip,202602101146,天塩郡遠別町字中央,27-2,,
01486-4503-25.zip,202602101146,天塩郡遠別町字中央,27-4,,
01486-4503-25.zip,202602101146,天塩郡遠別町字中央,27-3,,
01486-4503-25.zip,202602101146,天塩郡遠別町字中央,12-3,,
01486-4503-25.zip,202602101146,天塩郡遠別町字中央,12-1,,
01486-4503-25.zip,202602101146,天塩郡遠別町字中央,12-4,,
01486-4503-25.zip,202602101146,天塩郡遠別町,地区外-271188,,
01486-4503-25.zip,202602101146,天塩郡遠別町字中央,747,,
01486-4503-25.zip,202602101146,天塩郡遠別町字中央,748,,
01486-4503-25.zip,202602101146,天塩郡遠別町字中央,749,,
01486-4503-25.zip,202602101146,天塩郡遠別町字中央,750,,
01486-4503-25.zip,202602101146,天塩郡遠別町字中央,6-1,,
01486-4503-25.zip,202602101146,天塩郡遠別町字中央,6-3,,
01486-4503-25.zip,202602101146,天塩郡遠別町字中央,6-2,,
01486-4503-25.zip,202602101146,天塩郡遠別町字中央,1-4,,
01486-4503-25.zip,202602101146,天塩郡遠別町字中央,1-1,,
01486-4503-25.zip,202602101146,天塩郡遠別町字中央,7,,
01486-4503-25.zip,202602101146,天塩郡遠別町字中央,8-1,,
01486-4503-25.zip,202602101146,天塩郡遠別町字中央,8-6,,
01486-4503-25.zip,202602101146,天塩郡遠別町字中央,8-4,,
01486-4503-25.zip,202602101146,天塩郡遠別町字中央,8-2,,
01486-4503-25.zip,202602101146,天塩郡遠別町字中央,11-1,,
01486-4503-25.zip,202602101146,天塩郡遠別町字中央,8-3,,
01486-4503-25.zip,202602101146,天塩郡遠別町字中央,15,,
01486-4503-25.zip,202602101146,天塩郡遠別町字中央,21-2,,
01486-4503-25.zip,202602101146,天塩郡遠別町字中央,24,,
01486-4503-25.zip,202602101146,天塩郡遠別町字中央,11-3,,
01486-4503-25.zip,202602101146,天塩郡遠別町字中央,14-3,,
01486-4503-25.zip,202602101146,天塩郡遠別町字中央,14-4,,
01486-4503-25.zip,202602101146,天塩郡遠別町字中央,14-5,,
01486-4503-25.zip,202602101146,天塩郡遠別町字中央,14-1,,
01486-4503-25.zip,202602101146,天塩郡遠別町字中央,12-5,,
01486-4503-25.zip,202602101146,天塩郡遠別町,地区外-271216,,
01486-4503-25.zip,202602101146,天塩郡遠別町字中央,46-5,,
01486-4503-25.zip,202602101146,天塩郡遠別町字中央,46-6,,
01486-4503-25.zip,202602101146,天塩郡遠別町字中央,47-4,,
01486-4503-25.zip,202602101146,天塩郡遠別町字中央,42-8,,
01486-4503-25.zip,202602101146,天塩郡遠別町字中央,42-7,,
01486-4503-25.zip,202602101146,天塩郡遠別町,地区外-271222,,
01486-4503-25.zip,202602101146,天塩郡遠別町字中央,746,,
01486-4503-25.zip,202602101146,天塩郡遠別町字中央,47-1,,
01486-4503-25.zip,202602101146,天塩郡遠別町字中央,47-3,,
01486-4503-25.zip,202602101146,天塩郡遠別町字中央,8-5,,
01486-4503-25.zip,202602101146,天塩郡遠別町字中央,9-1,,
01486-4503-25.zip,202602101146,天塩郡遠別町字中央,9-2,,
01486-4503-25.zip,202602101146,天塩郡遠別町字中央,50-1,,
01486-4503-25.zip,202602101146,天塩郡遠別町字中央,47-5,,
01486-4503-25.zip,202602101146,天塩郡遠別町字中央,47-6,,
01486-4503-25.zip,202602101146,天塩郡遠別町,地区外-271232,,
01486-4503-25.zip,202602101146,天塩郡遠別町字中央,46-2,,
01486-4503-25.zip,202602101146,天塩郡遠別町,地区外-271234,,
01486-4503-25.zip,202602101146,天塩郡遠別町字中央,201-4,,
01486-4503-25.zip,202602101146,天塩郡遠別町字中央,201-1,,
01486-4503-25.zip,202602101146,天塩郡遠別町字中央,204,,
01486-4503-25.zip,202602101146,天塩郡遠別町字中央,206,,
01486-4503-25.zip,202602101146,天塩郡遠別町字中央,728-3,,
01486-4503-25.zip,202602101146,天塩郡遠別町字中央,728-4,,
01486-4503-25.zip,202602101146,天塩郡遠別町字中央,162-4,,
01486-4503-25.zip,202602101146,天塩郡遠別町字中央,162-1,,
01486-4503-25.zip,202602101146,天塩郡遠別町字中央,162-3,,
01486-4503-25.zip,202602101146,天塩郡遠別町,地区外-271248,,
01486-4503-25.zip,202602101146,天塩郡遠別町字中央,158-1,,
01486-4503-25.zip,202602101146,天塩郡遠別町字中央,209-1,,
01486-4503-25.zip,202602101146,天塩郡遠別町字中央,209-6,,
01486-4503-25.zip,202602101146,天塩郡遠別町字中央,208-1,,
01486-4503-25.zip,202602101146,天塩郡遠別町字中央,209-7,,
01486-4503-25.zip,202602101146,天塩郡遠別町,地区外-271254,,
01486-4503-25.zip,202602101146,天塩郡遠別町字中央,201-3,,
01486-4503-25.zip,202602101146,天塩郡遠別町字中央,201-2,,
01486-4503-25.zip,202602101146,天塩郡遠別町字中央,水-4,,
01486-4503-25.zip,202602101146,天塩郡遠別町,地区外-271258,,
01486-4503-25.zip,202602101146,天塩郡遠別町字中央,151-4,,
01486-4503-25.zip,202602101146,天塩郡遠別町字中央,148-2,,
01486-4503-25.zip,202602101146,天塩郡遠別町字中央,151-11,,
01486-4503-25.zip,202602101146,天塩郡遠別町字中央,148-3,,
01486-4503-25.zip,202602101146,天塩郡遠別町字中央,151-1,,
01486-4503-25.zip,202602101146,天塩郡遠別町字中央,762,,
01486-4503-25.zip,202602101146,天塩郡遠別町字中央,761,,
01486-4503-25.zip,202602101146,天塩郡遠別町字中央,152-5,,
01486-4503-25.zip,202602101146,天塩郡遠別町字中央,152-1,,
01486-4503-25.zip,202602101146,天塩郡遠別町字中央,153-4,,
01486-4503-25.zip,202602101146,天塩郡遠別町字中央,153-1,,
01486-4503-25.zip,202602101146,天塩郡遠別町字中央,812,,
01486-4503-25.zip,202602101146,天塩郡遠別町字中央,723-3,,
01486-4503-25.zip,202602101146,天塩郡遠別町,地区外-271272,,
01486-4503-25.zip,202602101146,天塩郡遠別町字中央,150-1,,
01486-4503-25.zip,202602101146,天塩郡遠別町字中央,151-5,,
01486-4503-25.zip,202602101146,天塩郡遠別町字中央,153-2,,
01486-4503-25.zip,202602101146,天塩郡遠別町字中央,153-3,,
01486-4503-25.zip,202602101146,天塩郡遠別町字中央,172-2,,
01486-4503-25.zip,202602101146,天塩郡遠別町字中央,172-3,,
01486-4503-25.zip,202602101146,天塩郡遠別町字中央,172-4,,
01486-4503-25.zip,202602101146,天塩郡遠別町字中央,172-1,,
01486-4503-25.zip,202602101146,天塩郡遠別町字中央,154,,
01486-4503-25.zip,202602101146,天塩郡遠別町字中央,155,,
01486-4503-25.zip,202602101146,天塩郡遠別町字中央,156,,
01486-4503-25.zip,202602101146,天塩郡遠別町字中央,171,,
01486-4503-25.zip,202602101146,天塩郡遠別町字中央,158-3,,
01486-4503-25.zip,202602101146,天塩郡遠別町字中央,158-5,,
01486-4503-25.zip,202602101146,天塩郡遠別町字中央,158-4,,
01486-4503-25.zip,202602101146,天塩郡遠別町字中央,169-2,,
01486-4503-25.zip,202602101146,天塩郡遠別町字中央,169-3,,
01486-4503-25.zip,202602101146,天塩郡遠別町字中央,169-4,,
01486-4503-25.zip,202602101146,天塩郡遠別町字中央,169-1,,
01486-4503-25.zip,202602101146,天塩郡遠別町字中央,182-3,,
01486-4503-25.zip,202602101146,天塩郡遠別町字中央,182-4,,
01486-4503-25.zip,202602101146,天塩郡遠別町字中央,182-1,,
01486-4503-25.zip,202602101146,天塩郡遠別町字中央,181,,
01486-4503-25.zip,202602101146,天塩郡遠別町字中央,177,,
01486-4503-25.zip,202602101146,天塩郡遠別町字中央,174-6,,
01486-4503-25.zip,202602101146,天塩郡遠別町字中央,水-5,,
01486-4503-25.zip,202602101146,天塩郡遠別町字中央,174-1,,
01486-4503-25.zip,202602101146,天塩郡遠別町字中央,173,,
01486-4503-25.zip,202602101146,天塩郡遠別町字中央,168,,
01486-4503-25.zip,202602101146,天塩郡遠別町字中央,158-7,,
01486-4503-25.zip,202602101146,天塩郡遠別町字中央,158-6,,
01486-4503-25.zip,202602101146,天塩郡遠別町字中央,164-5,,
01486-4503-25.zip,202602101146,天塩郡遠別町字中央,200,,
01486-4503-25.zip,202602101146,天塩郡遠別町字中央,164-4,,
01486-4503-25.zip,202602101146,天塩郡遠別町字中央,735-2,,
01486-4503-25.zip,202602101146,天塩郡遠別町字中央,199-3,,
01486-4503-25.zip,202602101146,天塩郡遠別町字中央,735-3,,
01486-4503-25.zip,202602101146,天塩郡遠別町字中央,164-6,,
01486-4503-25.zip,202602101146,天塩郡遠別町字中央,164-1,,
01486-4503-25.zip,202602101146,天塩郡遠別町字中央,735-1,,
01486-4503-25.zip,202602101146,天塩郡遠別町字中央,199-4,,
01486-4503-25.zip,202602101146,天塩郡遠別町字中央,199-1,,
01486-4503-25.zip,202602101146,天塩郡遠別町字中央,163,,
01486-4503-25.zip,202602101146,天塩郡遠別町字中央,水-6,,
01486-4503-25.zip,202602101146,天塩郡遠別町,地区外-271318,,
01486-4503-25.zip,202602101146,天塩郡遠別町字中央,151-12,,
01486-4503-25.zip,202602101146,天塩郡遠別町字中央,174-5,,
01486-4503-25.zip,202602101146,天塩郡遠別町字中央,144-2,,
01486-4503-25.zip,202602101146,天塩郡遠別町字中央,151-6,,
01486-4503-25.zip,202602101146,天塩郡遠別町字中央,174-2,,
01486-4503-25.zip,202602101146,天塩郡遠別町字中央,175,,
01486-4503-25.zip,202602101146,天塩郡遠別町字中央,178-1,,
01486-4503-25.zip,202602101146,天塩郡遠別町字中央,179,,
01486-4503-25.zip,202602101146,天塩郡遠別町字中央,720-3,,
01486-4503-25.zip,202602101146,天塩郡遠別町字中央,720-4,,
01486-4503-25.zip,202602101146,天塩郡遠別町字中央,178-2,,
01486-4503-25.zip,202602101146,天塩郡遠別町字中央,720-5,,
01486-4503-25.zip,202602101146,天塩郡遠別町字中央,120-5,,
01486-4503-25.zip,202602101146,天塩郡遠別町字中央,720-6,,
01486-4503-25.zip,202602101146,天塩郡遠別町字中央,811,,
01486-4503-25.zip,202602101146,天塩郡遠別町字中央,120-4,,
01486-4503-25.zip,202602101146,天塩郡遠別町字中央,810,,
01486-4503-25.zip,202602101146,天塩郡遠別町字中央,697,,
01486-4503-25.zip,202602101146,天塩郡遠別町字中央,720-2,,
01486-4503-25.zip,202602101146,天塩郡遠別町字中央,180,,
01486-4503-25.zip,202602101146,天塩郡遠別町字中央,120-6,,
01486-4503-25.zip,202602101146,天塩郡遠別町字中央,120-3,,
01486-4503-25.zip,202602101146,天塩郡遠別町字中央,123-1,,
01486-4503-25.zip,202602101146,天塩郡遠別町字中央,696-2,,
01486-4503-25.zip,202602101146,天塩郡遠別町字中央,720-1,,
01486-4503-25.zip,202602101146,天塩郡遠別町字中央,185-3,,
01486-4503-25.zip,202602101146,天塩郡遠別町字中央,185-1,,
01486-4503-25.zip,202602101146,天塩郡遠別町字中央,186-1,,
01486-4503-25.zip,202602101146,天塩郡遠別町字中央,186-3,,
01486-4503-25.zip,202602101146,天塩郡遠別町字中央,721-1,,
01486-4503-25.zip,202602101146,天塩郡遠別町字中央,121-8,,
01486-4503-25.zip,202602101146,天塩郡遠別町字中央,742-2,,
01486-4503-25.zip,202602101146,天塩郡遠別町字中央,187-1,,
01486-4503-25.zip,202602101146,天塩郡遠別町字中央,757,,
01486-4503-25.zip,202602101146,天塩郡遠別町字中央,721-3,,
01486-4503-25.zip,202602101146,天塩郡遠別町字中央,721-4,,
01486-4503-25.zip,202602101146,天塩郡遠別町字中央,758,,
01486-4503-25.zip,202602101146,天塩郡遠別町字中央,水-7,,
01486-4503-25.zip,202602101146,天塩郡遠別町字中央,719-1,,
01486-4503-25.zip,202602101146,天塩郡遠別町字中央,719-2,,
01486-4503-25.zip,202602101146,天塩郡遠別町字中央,101-3,,
01486-4503-25.zip,202602101146,天塩郡遠別町字中央,100-2,,
01486-4503-25.zip,202602101146,天塩郡遠別町字中央,756,,
01486-4503-25.zip,202602101146,天塩郡遠別町字中央,195-1,,
01486-4503-25.zip,202602101146,天塩郡遠別町,地区外-271363,,
01486-4503-25.zip,202602101146,天塩郡遠別町字中央,101-5,,
01486-4503-25.zip,202602101146,天塩郡遠別町字中央,198-1,,
01486-4503-25.zip,202602101146,天塩郡遠別町字中央,199-2,,
01486-4503-25.zip,202602101146,天塩郡遠別町字中央,191-1,,
01486-4503-25.zip,202602101146,天塩郡遠別町字中央,187-4,,
01486-4503-25.zip,202602101146,天塩郡遠別町字中央,190,,
01486-4503-25.zip,202602101146,天塩郡遠別町字中央,183,,
01486-4503-25.zip,202602101146,天塩郡遠別町字中央,184,,
01486-4503-25.zip,202602101146,天塩郡遠別町字中央,167,,
01486-4503-25.zip,202602101146,天塩郡遠別町字中央,169-5,,
01486-4503-25.zip,202602101146,天塩郡遠別町,地区外-271376,,
01486-4503-25.zip,202602101146,天塩郡遠別町字中央,131-1,,
01486-4503-25.zip,202602101146,天塩郡遠別町字中央,127-3,,
01486-4503-25.zip,202602101146,天塩郡遠別町字中央,129-2,,
01486-4503-25.zip,202602101146,天塩郡遠別町字中央,130-2,,
01486-4503-25.zip,202602101146,天塩郡遠別町字中央,760,,
01486-4503-25.zip,202602101146,天塩郡遠別町字中央,759,,
01486-4503-25.zip,202602101146,天塩郡遠別町字中央,720-8,,
01486-4503-25.zip,202602101146,天塩郡遠別町字中央,720-9,,
01486-4503-25.zip,202602101146,天塩郡遠別町字中央,174-4,,
01486-4503-25.zip,202602101146,天塩郡遠別町字中央,720-7,,
01486-4503-25.zip,202602101146,天塩郡遠別町字中央,127-5,,
01486-4503-25.zip,202602101146,天塩郡遠別町字中央,127-4,,
01486-4503-25.zip,202602101146,天塩郡遠別町字中央,188-1,,
01486-4503-25.zip,202602101146,天塩郡遠別町字中央,160-1,,
01486-4503-25.zip,202602101146,天塩郡遠別町字中央,道-2,,
01486-4503-25.zip,202602101146,天塩郡遠別町字中央,166,,
01486-4503-25.zip,202602101146,天塩郡遠別町字中央,5-2,,
01486-4503-25.zip,202602101146,天塩郡遠別町字中央,5-1,,
01486-4503-25.zip,202602101146,天塩郡遠別町字中央,2,,
01486-4503-25.zip,202602101146,天塩郡遠別町字中央,4,,
01486-4503-25.zip,202602101146,天塩郡遠別町字中央,118-1,,
01486-4503-25.zip,202602101146,天塩郡遠別町字中央,118-4,,
01486-4503-25.zip,202602101146,天塩郡遠別町字中央,116-1,,
01486-4503-25.zip,202602101146,天塩郡遠別町字中央,120-1,,
01486-4503-25.zip,202602101146,天塩郡遠別町字中央,120-7,,
01486-4503-25.zip,202602101146,天塩郡遠別町字中央,道-1,,
01486-4503-25.zip,202602101146,天塩郡遠別町字中央,205-1,,
01486-4503-25.zip,202602101146,天塩郡遠別町字中央,205-2,,
01486-4503-25.zip,202602101146,天塩郡遠別町字中央,728-1,,
01486-4503-25.zip,202602101146,天塩郡遠別町字中央,722-1,,
01486-4503-26.zip,202602101146,天塩郡遠別町字中央,304-1,,
01486-4503-26.zip,202602101146,天塩郡遠別町,地区外-272157,,
01486-4503-26.zip,202602101146,天塩郡遠別町字中央,水-1,,
01486-4503-26.zip,202602101146,天塩郡遠別町字中央,521-1,,
01486-4503-26.zip,202602101146,天塩郡遠別町字中央,522-3,,
01486-4503-26.zip,202602101146,天塩郡遠別町字中央,921,,
01486-4503-26.zip,202602101146,天塩郡遠別町字中央,521-8,,
01486-4503-26.zip,202602101146,天塩郡遠別町字中央,521-2,,
01486-4503-26.zip,202602101146,天塩郡遠別町字中央,520-2,,
01486-4503-26.zip,202602101146,天塩郡遠別町字中央,521-7,,
01486-4503-26.zip,202602101146,天塩郡遠別町字中央,521-6,,
01486-4503-26.zip,202602101146,天塩郡遠別町字中央,920,,
01486-4503-26.zip,202602101146,天塩郡遠別町字中央,919,,
01486-4503-26.zip,202602101146,天塩郡遠別町字中央,521-4,,
01486-4503-26.zip,202602101146,天塩郡遠別町字中央,727,,
01486-4503-26.zip,202602101146,天塩郡遠別町字中央,519-2,,
01486-4503-26.zip,202602101146,天塩郡遠別町字中央,519-3,,
01486-4503-26.zip,202602101146,天塩郡遠別町字中央,519-1,,
01486-4503-26.zip,202602101146,天塩郡遠別町字中央,464-3,,
01486-4503-26.zip,202602101146,天塩郡遠別町字中央,463-1,,
01486-4503-26.zip,202602101146,天塩郡遠別町字中央,464-2,,
01486-4503-26.zip,202602101146,天塩郡遠別町字中央,918,,
01486-4503-26.zip,202602101146,天塩郡遠別町字中央,462-1,,
01486-4503-26.zip,202602101146,天塩郡遠別町字中央,917,,
01486-4503-26.zip,202602101146,天塩郡遠別町字中央,520-4,,
01486-4503-26.zip,202602101146,天塩郡遠別町字中央,520-5,,
01486-4503-26.zip,202602101146,天塩郡遠別町字中央,520-1,,
01486-4503-26.zip,202602101146,天塩郡遠別町字中央,520-7,,
01486-4503-26.zip,202602101146,天塩郡遠別町字中央,水-2,,
01486-4503-26.zip,202602101146,天塩郡遠別町,地区外-272186,,
01486-4503-26.zip,202602101146,天塩郡遠別町字中央,459,,
01486-4503-26.zip,202602101146,天塩郡遠別町字中央,458,,
01486-4503-26.zip,202602101146,天塩郡遠別町字中央,457-2,,
01486-4503-26.zip,202602101146,天塩郡遠別町字中央,457-1,,
01486-4503-26.zip,202602101146,天塩郡遠別町字中央,470-1,,
01486-4503-26.zip,202602101146,天塩郡遠別町字中央,470-3,,
01486-4503-26.zip,202602101146,天塩郡遠別町字中央,454-1,,
01486-4503-26.zip,202602101146,天塩郡遠別町字中央,470-2,,
01486-4503-26.zip,202602101146,天塩郡遠別町字中央,454-2,,
01486-4503-26.zip,202602101146,天塩郡遠別町字中央,473-2,,
01486-4503-26.zip,202602101146,天塩郡遠別町字中央,473-1,,
01486-4503-26.zip,202602101146,天塩郡遠別町字中央,472,,
01486-4503-26.zip,202602101146,天塩郡遠別町字中央,471,,
01486-4503-26.zip,202602101146,天塩郡遠別町,地区外-272200,,
01486-4503-26.zip,202602101146,天塩郡遠別町字中央,513-2,,
01486-4503-26.zip,202602101146,天塩郡遠別町字中央,514-2,,
01486-4503-26.zip,202602101146,天塩郡遠別町字中央,513-3,,
01486-4503-26.zip,202602101146,天塩郡遠別町字中央,514-4,,
01486-4503-26.zip,202602101146,天塩郡遠別町字中央,514-5,,
01486-4503-26.zip,202602101146,天塩郡遠別町字中央,514-1,,
01486-4503-26.zip,202602101146,天塩郡遠別町字中央,514-6,,
01486-4503-26.zip,202602101146,天塩郡遠別町字中央,513-6,,
01486-4503-26.zip,202602101146,天塩郡遠別町字中央,513-4,,
01486-4503-26.zip,202602101146,天塩郡遠別町字中央,513-1,,
01486-4503-26.zip,202602101146,天塩郡遠別町字中央,513-5,,
01486-4503-26.zip,202602101146,天塩郡遠別町字中央,512-1,,
01486-4503-26.zip,202602101146,天塩郡遠別町字中央,512-3,,
01486-4503-26.zip,202602101146,天塩郡遠別町字中央,512-2,,
01486-4503-26.zip,202602101146,天塩郡遠別町字中央,512-4,,
01486-4503-26.zip,202602101146,天塩郡遠別町字中央,515-2,,
01486-4503-26.zip,202602101146,天塩郡遠別町字中央,515-1,,
01486-4503-26.zip,202602101146,天塩郡遠別町字中央,516-2,,
01486-4503-26.zip,202602101146,天塩郡遠別町字中央,515-3,,
01486-4503-26.zip,202602101146,天塩郡遠別町字中央,517-1,,
01486-4503-26.zip,202602101146,天塩郡遠別町字中央,517-4,,
01486-4503-26.zip,202602101146,天塩郡遠別町字中央,517-3,,
01486-4503-26.zip,202602101146,天塩郡遠別町字中央,518-7,,
01486-4503-26.zip,202602101146,天塩郡遠別町字中央,518-2,,
01486-4503-26.zip,202602101146,天塩郡遠別町字中央,518-4,,
01486-4503-26.zip,202602101146,天塩郡遠別町字中央,518-1,,
01486-4503-26.zip,202602101146,天塩郡遠別町字中央,518-6,,
01486-4503-26.zip,202602101146,天塩郡遠別町字中央,518-3,,
01486-4503-26.zip,202602101146,天塩郡遠別町字中央,518-5,,
01486-4503-26.zip,202602101146,天塩郡遠別町字中央,519-4,,
01486-4503-26.zip,202602101146,天塩郡遠別町字中央,520-6,,
01486-4503-26.zip,202602101146,天塩郡遠別町字中央,520-8,,
01486-4503-26.zip,202602101146,天塩郡遠別町字中央,520-9,,
01486-4503-26.zip,202602101146,天塩郡遠別町字中央,465-1,,
01486-4503-26.zip,202602101146,天塩郡遠別町字中央,467-1,,
01486-4503-26.zip,202602101146,天塩郡遠別町字中央,467-6,,
01486-4503-26.zip,202602101146,天塩郡遠別町字中央,468-7,,
01486-4503-26.zip,202602101146,天塩郡遠別町字中央,477-1,,
01486-4503-26.zip,202602101146,天塩郡遠別町字中央,478-1,,
01486-4503-26.zip,202602101146,天塩郡遠別町字中央,476-1,,
01486-4503-26.zip,202602101146,天塩郡遠別町字中央,476-5,,
01486-4503-26.zip,202602101146,天塩郡遠別町字中央,481-1,,
01486-4503-26.zip,202602101146,天塩郡遠別町字中央,482-1,,
01486-4503-26.zip,202602101146,天塩郡遠別町字中央,483-5,,
01486-4503-26.zip,202602101146,天塩郡遠別町字中央,483-1,,
01486-4503-26.zip,202602101146,天塩郡遠別町字中央,501-1,,
01486-4503-26.zip,202602101146,天塩郡遠別町字中央,484-1,,
01486-4503-26.zip,202602101146,天塩郡遠別町字中央,487,,
01486-4503-26.zip,202602101146,天塩郡遠別町字中央,460,,
01486-4503-26.zip,202602101146,天塩郡遠別町字中央,476-4,,
01486-4503-26.zip,202602101146,天塩郡遠別町字中央,468-6,,
01486-4503-26.zip,202602101146,天塩郡遠別町字中央,468-8,,
01486-4503-26.zip,202602101146,天塩郡遠別町字中央,476-6,,
01486-4503-26.zip,202602101146,天塩郡遠別町字中央,468-1,,
01486-4503-26.zip,202602101146,天塩郡遠別町字中央,468-5,,
01486-4503-26.zip,202602101146,天塩郡遠別町字中央,489-1,,
01486-4503-26.zip,202602101146,天塩郡遠別町字中央,449-5,,
01486-4503-26.zip,202602101146,天塩郡遠別町字中央,461,,
01486-4503-26.zip,202602101146,天塩郡遠別町字中央,467-5,,
01486-4503-26.zip,202602101146,天塩郡遠別町字中央,466-1,,
01486-4503-26.zip,202602101146,天塩郡遠別町字中央,466-2,,
01486-4503-26.zip,202602101146,天塩郡遠別町字中央,462-2,,
01486-4503-26.zip,202602101146,天塩郡遠別町字中央,464-1,,
01486-4503-26.zip,202602101146,天塩郡遠別町,地区外-272265,,
01486-4503-26.zip,202602101146,天塩郡遠別町,地区外-272266,,
01486-4503-26.zip,202602101146,天塩郡遠別町字中央,451-1,,
01486-4503-26.zip,202602101146,天塩郡遠別町,地区外-272268,,
01486-4503-26.zip,202602101146,天塩郡遠別町字中央,449-1,,
01486-4503-26.zip,202602101146,天塩郡遠別町字中央,445-1,,
01486-4503-26.zip,202602101146,天塩郡遠別町字中央,733,,
01486-4503-26.zip,202602101146,天塩郡遠別町字中央,371-1,,
01486-4503-26.zip,202602101146,天塩郡遠別町字中央,343-1,,
01486-4503-26.zip,202602101146,天塩郡遠別町字中央,912,,
01486-4503-26.zip,202602101146,天塩郡遠別町字中央,911,,
01486-4503-26.zip,202602101146,天塩郡遠別町字中央,511,,
01486-4503-26.zip,202602101146,天塩郡遠別町字中央,497-1,,
01486-4503-26.zip,202602101146,天塩郡遠別町字中央,504-1,,
01486-4503-26.zip,202602101146,天塩郡遠別町字中央,505-2,,
01486-4503-26.zip,202602101146,天塩郡遠別町字中央,505-1,,
01486-4503-26.zip,202602101146,天塩郡遠別町字中央,498-4,,
01486-4503-26.zip,202602101146,天塩郡遠別町字中央,498-3,,
01486-4503-26.zip,202602101146,天塩郡遠別町字中央,498-5,,
01486-4503-26.zip,202602101146,天塩郡遠別町字中央,502-4,,
01486-4503-26.zip,202602101146,天塩郡遠別町字中央,502-1,,
01486-4503-26.zip,202602101146,天塩郡遠別町字中央,498-1,,
01486-4503-26.zip,202602101146,天塩郡遠別町字中央,501-6,,
01486-4503-26.zip,202602101146,天塩郡遠別町字中央,369-7,,
01486-4503-26.zip,202602101146,天塩郡遠別町字中央,370-5,,
01486-4503-26.zip,202602101146,天塩郡遠別町字中央,501-5,,
01486-4503-26.zip,202602101146,天塩郡遠別町字中央,373-3,,
01486-4503-26.zip,202602101146,天塩郡遠別町字中央,373-6,,
01486-4503-26.zip,202602101146,天塩郡遠別町字中央,373-1,,
01486-4503-26.zip,202602101146,天塩郡遠別町字中央,373-7,,
01486-4503-26.zip,202602101146,天塩郡遠別町字中央,910,,
01486-4503-26.zip,202602101146,天塩郡遠別町字中央,373-5,,
01486-4503-26.zip,202602101146,天塩郡遠別町字中央,506-1,,
01486-4503-26.zip,202602101146,天塩郡遠別町字中央,495-1,,
01486-4503-26.zip,202602101146,天塩郡遠別町字中央,506-4,,
01486-4503-26.zip,202602101146,天塩郡遠別町字中央,506-3,,
01486-4503-26.zip,202602101146,天塩郡遠別町字中央,506-2,,
01486-4503-26.zip,202602101146,天塩郡遠別町字中央,507-2,,
01486-4503-26.zip,202602101146,天塩郡遠別町字中央,507-3,,
01486-4503-26.zip,202602101146,天塩郡遠別町字中央,442,,
01486-4503-26.zip,202602101146,天塩郡遠別町字中央,443-2,,
01486-4503-26.zip,202602101146,天塩郡遠別町字中央,443-1,,
01486-4503-26.zip,202602101146,天塩郡遠別町字中央,440-1,,
01486-4503-26.zip,202602101146,天塩郡遠別町字中央,441-3,,
01486-4503-26.zip,202602101146,天塩郡遠別町字中央,441-1,,
01486-4503-26.zip,202602101146,天塩郡遠別町字中央,441-4,,
01486-4503-26.zip,202602101146,天塩郡遠別町字中央,508-1,,
01486-4503-26.zip,202602101146,天塩郡遠別町字中央,493-1,,
01486-4503-26.zip,202602101146,天塩郡遠別町字中央,493-4,,
01486-4503-26.zip,202602101146,天塩郡遠別町字中央,508-3,,
01486-4503-26.zip,202602101146,天塩郡遠別町字中央,445-6,,
01486-4503-26.zip,202602101146,天塩郡遠別町字中央,440-5,,
01486-4503-26.zip,202602101146,天塩郡遠別町字中央,440-6,,
01486-4503-26.zip,202602101146,天塩郡遠別町字中央,445-7,,
01486-4503-26.zip,202602101146,天塩郡遠別町,地区外-272319,,
01486-4503-26.zip,202602101146,天塩郡遠別町,地区外-272320,,
01486-4503-26.zip,202602101146,天塩郡遠別町,地区外-272321,,
01486-4503-26.zip,202602101146,天塩郡遠別町字中央,449-6,,
01486-4503-26.zip,202602101146,天塩郡遠別町字中央,488-1,,
01486-4503-26.zip,202602101146,天塩郡遠別町字中央,485-1,,
01486-4503-26.zip,202602101146,天塩郡遠別町字中央,371-2,,
01486-4503-26.zip,202602101146,天塩郡遠別町字中央,371-3,,
01486-4503-26.zip,202602101146,天塩郡遠別町字中央,371-5,,
01486-4503-26.zip,202602101146,天塩郡遠別町字中央,370-1,,
01486-4503-26.zip,202602101146,天塩郡遠別町字中央,370-2,,
01486-4503-26.zip,202602101146,天塩郡遠別町字中央,370-3,,
01486-4503-26.zip,202602101146,天塩郡遠別町字中央,371-4,,
01486-4503-26.zip,202602101146,天塩郡遠別町字中央,370-4,,
01486-4503-26.zip,202602101146,天塩郡遠別町字中央,369-6,,
01486-4503-26.zip,202602101146,天塩郡遠別町字中央,368-1,,
01486-4503-26.zip,202602101146,天塩郡遠別町字中央,369-5,,
01486-4503-26.zip,202602101146,天塩郡遠別町字中央,369-1,,
01486-4503-26.zip,202602101146,天塩郡遠別町字中央,361-3,,
01486-4503-26.zip,202602101146,天塩郡遠別町字中央,332-3,,
01486-4503-26.zip,202602101146,天塩郡遠別町字中央,331-4,,
01486-4503-26.zip,202602101146,天塩郡遠別町字中央,331-1,,
01486-4503-26.zip,202602101146,天塩郡遠別町字中央,331-3,,
01486-4503-26.zip,202602101146,天塩郡遠別町字中央,331-2,,
01486-4503-26.zip,202602101146,天塩郡遠別町字中央,725,,
01486-4503-26.zip,202602101146,天塩郡遠別町字中央,水-3,,
01486-4503-26.zip,202602101146,天塩郡遠別町字中央,330-3,,
01486-4503-26.zip,202602101146,天塩郡遠別町字中央,330-2,,
01486-4503-26.zip,202602101146,天塩郡遠別町,地区外-272347,,
01486-4503-26.zip,202602101146,天塩郡遠別町字中央,333-2,,
01486-4503-26.zip,202602101146,天塩郡遠別町字中央,327-5,,
01486-4503-26.zip,202602101146,天塩郡遠別町字中央,327-7,,
01486-4503-26.zip,202602101146,天塩郡遠別町字中央,333-1,,
01486-4503-26.zip,202602101146,天塩郡遠別町字中央,333-7,,
01486-4503-26.zip,202602101146,天塩郡遠別町字中央,333-6,,
01486-4503-26.zip,202602101146,天塩郡遠別町字中央,333-5,,
01486-4503-26.zip,202602101146,天塩郡遠別町字中央,332-5,,
01486-4503-26.zip,202602101146,天塩郡遠別町字中央,330-6,,
01486-4503-26.zip,202602101146,天塩郡遠別町字中央,水-4,,
01486-4503-26.zip,202602101146,天塩郡遠別町字中央,330-1,,
01486-4503-26.zip,202602101146,天塩郡遠別町字中央,330-5,,
01486-4503-26.zip,202602101146,天塩郡遠別町字中央,330-4,,
01486-4503-26.zip,202602101146,天塩郡遠別町字中央,913,,
01486-4503-26.zip,202602101146,天塩郡遠別町字中央,914,,
01486-4503-26.zip,202602101146,天塩郡遠別町字中央,915,,
01486-4503-26.zip,202602101146,天塩郡遠別町字中央,366-1,,
01486-4503-26.zip,202602101146,天塩郡遠別町字中央,366-3,,
01486-4503-26.zip,202602101146,天塩郡遠別町字中央,363-3,,
01486-4503-26.zip,202602101146,天塩郡遠別町,地区外-272367,,
01486-4503-26.zip,202602101146,天塩郡遠別町字中央,363-4,,
01486-4503-26.zip,202602101146,天塩郡遠別町字中央,363-1,,
01486-4503-26.zip,202602101146,天塩郡遠別町字中央,373-8,,
01486-4503-26.zip,202602101146,天塩郡遠別町字中央,373-4,,
01486-4503-26.zip,202602101146,天塩郡遠別町字中央,374-1,,
01486-4503-26.zip,202602101146,天塩郡遠別町字中央,908,,
01486-4503-26.zip,202602101146,天塩郡遠別町字中央,909,,
01486-4503-26.zip,202602101146,天塩郡遠別町字中央,305-1,,
01486-4503-26.zip,202602101146,天塩郡遠別町字中央,304-5,,
01486-4503-26.zip,202602101146,天塩郡遠別町字中央,898,,
01486-4503-26.zip,202602101146,天塩郡遠別町字中央,340-1,,
01486-4503-26.zip,202602101146,天塩郡遠別町字中央,339-1,,
01486-4503-26.zip,202602101146,天塩郡遠別町字中央,338-1,,
01486-4503-26.zip,202602101146,天塩郡遠別町字中央,338-4,,
01486-4503-26.zip,202602101146,天塩郡遠別町字中央,338-3,,
01486-4503-26.zip,202602101146,天塩郡遠別町字中央,332-1,,
01486-4503-26.zip,202602101146,天塩郡遠別町字中央,332-4,,
01486-4503-26.zip,202602101146,天塩郡遠別町字中央,336-2,,
01486-4503-26.zip,202602101146,天塩郡遠別町,地区外-272386,,
01486-4503-26.zip,202602101146,天塩郡遠別町字中央,337,,
01486-4503-26.zip,202602101146,天塩郡遠別町字中央,336-1,,
01486-4503-26.zip,202602101146,天塩郡遠別町字中央,327-4,,
01486-4503-26.zip,202602101146,天塩郡遠別町字中央,270-2,,
01486-4503-26.zip,202602101146,天塩郡遠別町字中央,270-9,,
01486-4503-26.zip,202602101146,天塩郡遠別町字中央,270-11,,
01486-4503-26.zip,202602101146,天塩郡遠別町字中央,270-10,,
01486-4503-26.zip,202602101146,天塩郡遠別町字中央,269-7,,
01486-4503-26.zip,202602101146,天塩郡遠別町字中央,897,,
01486-4503-26.zip,202602101146,天塩郡遠別町字中央,269-2,,
01486-4503-26.zip,202602101146,天塩郡遠別町字中央,341-1,,
01486-4503-26.zip,202602101146,天塩郡遠別町字中央,341-4,,
01486-4503-26.zip,202602101146,天塩郡遠別町字中央,341-2,,
01486-4503-26.zip,202602101146,天塩郡遠別町字中央,344-1,,
01486-4503-26.zip,202602101146,天塩郡遠別町字中央,357-1,,
01486-4503-26.zip,202602101146,天塩郡遠別町字中央,356-1,,
01486-4503-26.zip,202602101146,天塩郡遠別町字中央,358-1,,
01486-4503-26.zip,202602101146,天塩郡遠別町字中央,360-1,,
01486-4503-26.zip,202602101146,天塩郡遠別町字中央,362-1,,
01486-4503-26.zip,202602101146,天塩郡遠別町字中央,361-4,,
01486-4503-26.zip,202602101146,天塩郡遠別町字中央,353-2,,
01486-4503-26.zip,202602101146,天塩郡遠別町字中央,341-6,,
01486-4503-26.zip,202602101146,天塩郡遠別町字中央,341-5,,
01486-4503-26.zip,202602101146,天塩郡遠別町字中央,353-3,,
01486-4503-26.zip,202602101146,天塩郡遠別町字中央,353-1,,
01486-4503-26.zip,202602101146,天塩郡遠別町字中央,352,,
01486-4503-26.zip,202602101146,天塩郡遠別町字中央,349-1,,
01486-4503-26.zip,202602101146,天塩郡遠別町字中央,366-4,,
01486-4503-26.zip,202602101146,天塩郡遠別町,地区外-272415,,
01486-4503-26.zip,202602101146,天塩郡遠別町字中央,359,,
01486-4503-26.zip,202602101146,天塩郡遠別町字中央,364,,
01486-4503-26.zip,202602101146,天塩郡遠別町字中央,361-1,,
01486-4503-26.zip,202602101146,天塩郡遠別町字中央,361-6,,
01486-4503-26.zip,202602101146,天塩郡遠別町字中央,361-5,,
01486-4503-26.zip,202602101146,天塩郡遠別町字中央,304-2,,
01486-4503-26.zip,202602101146,天塩郡遠別町字中央,304-6,,
01486-4503-26.zip,202602101146,天塩郡遠別町字中央,302,,
01486-4503-26.zip,202602101146,天塩郡遠別町字中央,899,,
01486-4503-26.zip,202602101146,天塩郡遠別町字中央,900,,
01486-4503-26.zip,202602101146,天塩郡遠別町字中央,901,,
01486-4503-26.zip,202602101146,天塩郡遠別町字中央,313-2,,
01486-4503-26.zip,202602101146,天塩郡遠別町字中央,水-5,,
01486-4503-26.zip,202602101146,天塩郡遠別町字中央,307-1,,
01486-4503-26.zip,202602101146,天塩郡遠別町字中央,313-1,,
01486-4503-26.zip,202602101146,天塩郡遠別町字中央,313-9,,
01486-4503-26.zip,202602101146,天塩郡遠別町字中央,292-3,,
01486-4503-26.zip,202602101146,天塩郡遠別町字中央,312-1,,
01486-4503-26.zip,202602101146,天塩郡遠別町字中央,311,,
01486-4503-26.zip,202602101146,天塩郡遠別町字中央,310,,
01486-4503-26.zip,202602101146,天塩郡遠別町字中央,293-1,,
01486-4503-26.zip,202602101146,天塩郡遠別町字中央,294-4,,
01486-4503-26.zip,202602101146,天塩郡遠別町字中央,295-1,,
01486-4503-26.zip,202602101146,天塩郡遠別町字中央,293-8,,
01486-4503-26.zip,202602101146,天塩郡遠別町字中央,293-2,,
01486-4503-26.zip,202602101146,天塩郡遠別町字中央,307-2,,
01486-4503-26.zip,202602101146,天塩郡遠別町字中央,308,,
01486-4503-26.zip,202602101146,天塩郡遠別町字中央,309,,
01486-4503-26.zip,202602101146,天塩郡遠別町字中央,902,,
01486-4503-26.zip,202602101146,天塩郡遠別町字中央,313-7,,
01486-4503-26.zip,202602101146,天塩郡遠別町字中央,313-8,,
01486-4503-26.zip,202602101146,天塩郡遠別町字中央,903,,
01486-4503-26.zip,202602101146,天塩郡遠別町字中央,313-5,,
01486-4503-26.zip,202602101146,天塩郡遠別町,地区外-272449,,
01486-4503-26.zip,202602101146,天塩郡遠別町字中央,312-2,,
01486-4503-26.zip,202602101146,天塩郡遠別町字中央,293-3,,
01486-4503-26.zip,202602101146,天塩郡遠別町字中央,269-1,,
01486-4503-26.zip,202602101146,天塩郡遠別町字中央,268-3,,
01486-4503-26.zip,202602101146,天塩郡遠別町字中央,269-4,,
01486-4503-26.zip,202602101146,天塩郡遠別町字中央,270-5,,
01486-4503-26.zip,202602101146,天塩郡遠別町字中央,267-1,,
01486-4503-26.zip,202602101146,天塩郡遠別町字中央,266-2,,
01486-4503-26.zip,202602101146,天塩郡遠別町字中央,268-1,,
01486-4503-26.zip,202602101146,天塩郡遠別町字中央,266-3,,
01486-4503-26.zip,202602101146,天塩郡遠別町字中央,266-1,,
01486-4503-26.zip,202602101146,天塩郡遠別町字中央,268-4,,
01486-4503-26.zip,202602101146,天塩郡遠別町字中央,347-1,,
01486-4503-26.zip,202602101146,天塩郡遠別町字中央,346,,
01486-4503-26.zip,202602101146,天塩郡遠別町字中央,270-1,,
01486-4503-26.zip,202602101146,天塩郡遠別町,地区外-272471,,
01486-4503-26.zip,202602101146,天塩郡遠別町字中央,272-8,,
01486-4503-26.zip,202602101146,天塩郡遠別町字中央,水-6,,
01486-4503-26.zip,202602101146,天塩郡遠別町字中央,274-1,,
01486-4503-26.zip,202602101146,天塩郡遠別町字中央,272-2,,
01486-4503-26.zip,202602101146,天塩郡遠別町字中央,272-7,,
01486-4503-26.zip,202602101146,天塩郡遠別町字中央,271-1,,
01486-4503-26.zip,202602101146,天塩郡遠別町字中央,734-2,,
01486-4503-26.zip,202602101146,天塩郡遠別町字中央,278-1,,
01486-4503-26.zip,202602101146,天塩郡遠別町字中央,276-3,,
01486-4503-26.zip,202602101146,天塩郡遠別町,地区外-272481,,
01486-4503-26.zip,202602101146,天塩郡遠別町字中央,289-2,,
01486-4503-26.zip,202602101146,天塩郡遠別町字中央,289-3,,
01486-4503-26.zip,202602101146,天塩郡遠別町字中央,288,,
01486-4503-26.zip,202602101146,天塩郡遠別町字中央,289-1,,
01486-4503-26.zip,202602101146,天塩郡遠別町字中央,294-1,,
01486-4503-26.zip,202602101146,天塩郡遠別町字中央,287,,
01486-4503-26.zip,202602101146,天塩郡遠別町字中央,294-3,,
01486-4503-26.zip,202602101146,天塩郡遠別町字中央,295-2,,
01486-4503-26.zip,202602101146,天塩郡遠別町字中央,294-2,,
01486-4503-26.zip,202602101146,天塩郡遠別町字中央,295-3,,
01486-4503-26.zip,202602101146,天塩郡遠別町字中央,300-1,,
01486-4503-26.zip,202602101146,天塩郡遠別町字中央,300-2,,
01486-4503-26.zip,202602101146,天塩郡遠別町字中央,297,,
01486-4503-26.zip,202602101146,天塩郡遠別町字中央,298-2,,
01486-4503-26.zip,202602101146,天塩郡遠別町字中央,298-1,,
01486-4503-26.zip,202602101146,天塩郡遠別町字中央,298-4,,
01486-4503-26.zip,202602101146,天塩郡遠別町字中央,298-3,,
01486-4503-26.zip,202602101146,天塩郡遠別町字中央,284,,
01486-4503-26.zip,202602101146,天塩郡遠別町字中央,285,,
01486-4503-26.zip,202602101146,天塩郡遠別町字中央,286,,
01486-4503-26.zip,202602101146,天塩郡遠別町字中央,283,,
01486-4503-26.zip,202602101146,天塩郡遠別町字中央,282,,
01486-4503-26.zip,202602101146,天塩郡遠別町字中央,281,,
01486-4503-26.zip,202602101146,天塩郡遠別町,地区外-272505,,
01486-4503-26.zip,202602101146,天塩郡遠別町字中央,303-1,,
01486-4503-26.zip,202602101146,天塩郡遠別町字中央,303-4,,
01486-4503-26.zip,202602101146,天塩郡遠別町字中央,303-3,,
01486-4503-26.zip,202602101146,天塩郡遠別町字中央,301,,
01486-4503-26.zip,202602101146,天塩郡遠別町,地区外-272510,,
01486-4503-26.zip,202602101146,天塩郡遠別町字中央,734-1,,
01486-4503-26.zip,202602101146,天塩郡遠別町字中央,276-1,,
01486-4503-26.zip,202602101146,天塩郡遠別町字中央,276-6,,
01486-4503-26.zip,202602101146,天塩郡遠別町字中央,276-2,,
01486-4503-26.zip,202602101146,天塩郡遠別町字中央,276-5,,
01486-4503-26.zip,202602101146,天塩郡遠別町字中央,276-7,,
01486-4503-26.zip,202602101146,天塩郡遠別町字中央,276-4,,
01486-4503-26.zip,202602101146,天塩郡遠別町字中央,275-1,,
01486-4503-26.zip,202602101146,天塩郡遠別町,地区外-272519,,
01486-4503-26.zip,202602101146,天塩郡遠別町字中央,291,,
01486-4503-26.zip,202602101146,天塩郡遠別町字中央,292-2,,
01486-4503-26.zip,202602101146,天塩郡遠別町字中央,水-7,,
01486-4503-26.zip,202602101146,天塩郡遠別町字中央,道-8,,
01486-4503-26.zip,202602101146,天塩郡遠別町字中央,267-2,,
01486-4503-26.zip,202602101146,天塩郡遠別町字中央,268-2,,
01486-4503-26.zip,202602101146,天塩郡遠別町字中央,269-6,,
01486-4503-26.zip,202602101146,天塩郡遠別町字中央,272-9,,
01486-4503-26.zip,202602101146,天塩郡遠別町字中央,272-10,,
01486-4503-26.zip,202602101146,天塩郡遠別町字中央,272-1,,
01486-4503-26.zip,202602101146,天塩郡遠別町字中央,273-1,,
01486-4503-26.zip,202602101146,天塩郡遠別町字中央,273-2,,
01486-4503-26.zip,202602101146,天塩郡遠別町字中央,道-1,,
01486-4503-26.zip,202602101146,天塩郡遠別町,地区外-272453,,
01486-4503-26.zip,202602101146,天塩郡遠別町字中央,269-8,,
01486-4503-26.zip,202602101146,天塩郡遠別町字中央,267-3,,
01486-4503-26.zip,202602101146,天塩郡遠別町字中央,268-5,,
01486-4503-27.zip,202602101146,天塩郡遠別町字中央,水-1,,
01486-4503-27.zip,202602101146,天塩郡遠別町字中央,水-2,,
01486-4503-27.zip,202602101146,天塩郡遠別町字中央,390-1,,
01486-4503-27.zip,202602101146,天塩郡遠別町字中央,530-3,,
01486-4503-27.zip,202602101146,天塩郡遠別町字中央,426-2,,
01486-4503-27.zip,202602101146,天塩郡遠別町字中央,道-1,,
01486-4503-27.zip,202602101146,天塩郡遠別町,地区外-273307,,
01486-4503-27.zip,202602101146,天塩郡遠別町字中央,945,,
01486-4503-27.zip,202602101146,天塩郡遠別町字中央,水-3,,
01486-4503-27.zip,202602101146,天塩郡遠別町字中央,943,,
01486-4503-27.zip,202602101146,天塩郡遠別町字中央,944,,
01486-4503-27.zip,202602101146,天塩郡遠別町字中央,645-1,,
01486-4503-27.zip,202602101146,天塩郡遠別町,地区外-273313,,
01486-4503-27.zip,202602101146,天塩郡遠別町字中央,875,,
01486-4503-27.zip,202602101146,天塩郡遠別町字中央,645-3,,
01486-4503-27.zip,202602101146,天塩郡遠別町字中央,645-2,,
01486-4503-27.zip,202602101146,天塩郡遠別町字中央,水-4,,
01486-4503-27.zip,202602101146,天塩郡遠別町字中央,646,,
01486-4503-27.zip,202602101146,天塩郡遠別町字中央,876,,
01486-4503-27.zip,202602101146,天塩郡遠別町字中央,649-1,,
01486-4503-27.zip,202602101146,天塩郡遠別町字中央,647,,
01486-4503-27.zip,202602101146,天塩郡遠別町字中央,651,,
01486-4503-27.zip,202602101146,天塩郡遠別町字中央,656-1,,
01486-4503-27.zip,202602101146,天塩郡遠別町字中央,656-3,,
01486-4503-27.zip,202602101146,天塩郡遠別町字中央,656-2,,
01486-4503-27.zip,202602101146,天塩郡遠別町字中央,657-5,,
01486-4503-27.zip,202602101146,天塩郡遠別町字中央,657-1,,
01486-4503-27.zip,202602101146,天塩郡遠別町字中央,657-3,,
01486-4503-27.zip,202602101146,天塩郡遠別町字中央,657-2,,
01486-4503-27.zip,202602101146,天塩郡遠別町字中央,880,,
01486-4503-27.zip,202602101146,天塩郡遠別町字中央,942,,
01486-4503-27.zip,202602101146,天塩郡遠別町字中央,662,,
01486-4503-27.zip,202602101146,天塩郡遠別町字中央,661,,
01486-4503-27.zip,202602101146,天塩郡遠別町,地区外-273334,,
01486-4503-27.zip,202602101146,天塩郡遠別町字中央,941,,
01486-4503-27.zip,202602101146,天塩郡遠別町字中央,659,,
01486-4503-27.zip,202602101146,天塩郡遠別町字中央,879,,
01486-4503-27.zip,202602101146,天塩郡遠別町字中央,658,,
01486-4503-27.zip,202602101146,天塩郡遠別町字中央,653,,
01486-4503-27.zip,202602101146,天塩郡遠別町字中央,877,,
01486-4503-27.zip,202602101146,天塩郡遠別町字中央,644,,
01486-4503-27.zip,202602101146,天塩郡遠別町字中央,874,,
01486-4503-27.zip,202602101146,天塩郡遠別町字中央,648,,
01486-4503-27.zip,202602101146,天塩郡遠別町字中央,655,,
01486-4503-27.zip,202602101146,天塩郡遠別町字中央,878,,
01486-4503-27.zip,202602101146,天塩郡遠別町字中央,654,,
01486-4503-27.zip,202602101146,天塩郡遠別町字中央,657-6,,
01486-4503-27.zip,202602101146,天塩郡遠別町字中央,657-4,,
01486-4503-27.zip,202602101146,天塩郡遠別町字中央,649-3,,
01486-4503-27.zip,202602101146,天塩郡遠別町字中央,649-2,,
01486-4503-27.zip,202602101146,天塩郡遠別町字中央,634-1,,
01486-4503-27.zip,202602101146,天塩郡遠別町,地区外-273352,,
01486-4503-27.zip,202602101146,天塩郡遠別町字中央,866,,
01486-4503-27.zip,202602101146,天塩郡遠別町字中央,693-3,,
01486-4503-27.zip,202602101146,天塩郡遠別町字中央,693-2,,
01486-4503-27.zip,202602101146,天塩郡遠別町字中央,693-1,,
01486-4503-27.zip,202602101146,天塩郡遠別町字中央,643,,
01486-4503-27.zip,202602101146,天塩郡遠別町字中央,873,,
01486-4503-27.zip,202602101146,天塩郡遠別町字中央,642,,
01486-4503-27.zip,202602101146,天塩郡遠別町,地区外-273360,,
01486-4503-27.zip,202602101146,天塩郡遠別町字中央,414,,
01486-4503-27.zip,202602101146,天塩郡遠別町字中央,678-1,,
01486-4503-27.zip,202602101146,天塩郡遠別町,地区外-273363,,
01486-4503-27.zip,202602101146,天塩郡遠別町字中央,678-2,,
01486-4503-27.zip,202602101146,天塩郡遠別町字中央,419-9,,
01486-4503-27.zip,202602101146,天塩郡遠別町字中央,419-10,,
01486-4503-27.zip,202602101146,天塩郡遠別町字中央,419-1,,
01486-4503-27.zip,202602101146,天塩郡遠別町字中央,419-11,,
01486-4503-27.zip,202602101146,天塩郡遠別町字中央,663-1,,
01486-4503-27.zip,202602101146,天塩郡遠別町字中央,663-4,,
01486-4503-27.zip,202602101146,天塩郡遠別町字中央,水-5,,
01486-4503-27.zip,202602101146,天塩郡遠別町字中央,678-4,,
01486-4503-27.zip,202602101146,天塩郡遠別町字中央,678-3,,
01486-4503-27.zip,202602101146,天塩郡遠別町字中央,247,,
01486-4503-27.zip,202602101146,天塩郡遠別町,地区外-273375,,
01486-4503-27.zip,202602101146,天塩郡遠別町字中央,249-1,,
01486-4503-27.zip,202602101146,天塩郡遠別町字中央,679,,
01486-4503-27.zip,202602101146,天塩郡遠別町字中央,681-2,,
01486-4503-27.zip,202602101146,天塩郡遠別町,地区外-273379,,
01486-4503-27.zip,202602101146,天塩郡遠別町,地区外-273380,,
01486-4503-27.zip,202602101146,天塩郡遠別町字中央,水-6,,
01486-4503-27.zip,202602101146,天塩郡遠別町字中央,689-1,,
01486-4503-27.zip,202602101146,天塩郡遠別町字中央,745,,
01486-4503-27.zip,202602101146,天塩郡遠別町字中央,551-1,,
01486-4503-27.zip,202602101146,天塩郡遠別町,地区外-273385,,
01486-4503-27.zip,202602101146,天塩郡遠別町字中央,889,,
01486-4503-27.zip,202602101146,天塩郡遠別町字中央,水-7,,
01486-4503-27.zip,202602101146,天塩郡遠別町字中央,888,,
01486-4503-27.zip,202602101146,天塩郡遠別町字中央,607,,
01486-4503-27.zip,202602101146,天塩郡遠別町字中央,885,,
01486-4503-27.zip,202602101146,天塩郡遠別町字中央,608,,
01486-4503-27.zip,202602101146,天塩郡遠別町字中央,892,,
01486-4503-27.zip,202602101146,天塩郡遠別町字中央,561,,
01486-4503-27.zip,202602101146,天塩郡遠別町字中央,938,,
01486-4503-27.zip,202602101146,天塩郡遠別町字中央,560-1,,
01486-4503-27.zip,202602101146,天塩郡遠別町字中央,558-7,,
01486-4503-27.zip,202602101146,天塩郡遠別町字中央,543,,
01486-4503-27.zip,202602101146,天塩郡遠別町字中央,558-2,,
01486-4503-27.zip,202602101146,天塩郡遠別町字中央,546-1,,
01486-4503-27.zip,202602101146,天塩郡遠別町字中央,895,,
01486-4503-27.zip,202602101146,天塩郡遠別町字中央,548-1,,
01486-4503-27.zip,202602101146,天塩郡遠別町字中央,559-2,,
01486-4503-27.zip,202602101146,天塩郡遠別町字中央,542-1,,
01486-4503-27.zip,202602101146,天塩郡遠別町字中央,548-2,,
01486-4503-27.zip,202602101146,天塩郡遠別町字中央,687-1,,
01486-4503-27.zip,202602101146,天塩郡遠別町字中央,水-8,,
01486-4503-27.zip,202602101146,天塩郡遠別町字中央,687-4,,
01486-4503-27.zip,202602101146,天塩郡遠別町字中央,688-3,,
01486-4503-27.zip,202602101146,天塩郡遠別町,地区外-273409,,
01486-4503-27.zip,202602101146,天塩郡遠別町字中央,689-2,,
01486-4503-27.zip,202602101146,天塩郡遠別町字中央,688-5,,
01486-4503-27.zip,202602101146,天塩郡遠別町字中央,688-1,,
01486-4503-27.zip,202602101146,天塩郡遠別町字中央,894,,
01486-4503-27.zip,202602101146,天塩郡遠別町字中央,893,,
01486-4503-27.zip,202602101146,天塩郡遠別町字中央,891,,
01486-4503-27.zip,202602101146,天塩郡遠別町字中央,890,,
01486-4503-27.zip,202602101146,天塩郡遠別町字中央,558-3,,
01486-4503-27.zip,202602101146,天塩郡遠別町字中央,558-4,,
01486-4503-27.zip,202602101146,天塩郡遠別町字中央,558-5,,
01486-4503-27.zip,202602101146,天塩郡遠別町字中央,606,,
01486-4503-27.zip,202602101146,天塩郡遠別町,地区外-273421,,
01486-4503-27.zip,202602101146,天塩郡遠別町,地区外-273422,,
01486-4503-27.zip,202602101146,天塩郡遠別町,地区外-273423,,
01486-4503-27.zip,202602101146,天塩郡遠別町字中央,525,,
01486-4503-27.zip,202602101146,天塩郡遠別町字中央,526,,
01486-4503-27.zip,202602101146,天塩郡遠別町字中央,水-9,,
01486-4503-27.zip,202602101146,天塩郡遠別町字中央,936,,
01486-4503-27.zip,202602101146,天塩郡遠別町字中央,937,,
01486-4503-27.zip,202602101146,天塩郡遠別町字中央,527,,
01486-4503-27.zip,202602101146,天塩郡遠別町字中央,528,,
01486-4503-27.zip,202602101146,天塩郡遠別町,地区外-273431,,
01486-4503-27.zip,202602101146,天塩郡遠別町字中央,522-1,,
01486-4503-27.zip,202602101146,天塩郡遠別町字中央,529-1,,
01486-4503-27.zip,202602101146,天塩郡遠別町字中央,529-4,,
01486-4503-27.zip,202602101146,天塩郡遠別町字中央,531-1,,
01486-4503-27.zip,202602101146,天塩郡遠別町字中央,530-8,,
01486-4503-27.zip,202602101146,天塩郡遠別町字中央,530-7,,
01486-4503-27.zip,202602101146,天塩郡遠別町字中央,531-6,,
01486-4503-27.zip,202602101146,天塩郡遠別町字中央,529-2,,
01486-4503-27.zip,202602101146,天塩郡遠別町字中央,529-3,,
01486-4503-27.zip,202602101146,天塩郡遠別町字中央,540-1,,
01486-4503-27.zip,202602101146,天塩郡遠別町字中央,530-2,,
01486-4503-27.zip,202602101146,天塩郡遠別町字中央,539-2,,
01486-4503-27.zip,202602101146,天塩郡遠別町字中央,540-4,,
01486-4503-27.zip,202602101146,天塩郡遠別町字中央,545-3,,
01486-4503-27.zip,202602101146,天塩郡遠別町字中央,546-3,,
01486-4503-27.zip,202602101146,天塩郡遠別町字中央,546-2,,
01486-4503-27.zip,202602101146,天塩郡遠別町字中央,547-2,,
01486-4503-27.zip,202602101146,天塩郡遠別町字中央,539-6,,
01486-4503-27.zip,202602101146,天塩郡遠別町字中央,539-7,,
01486-4503-27.zip,202602101146,天塩郡遠別町字中央,537,,
01486-4503-27.zip,202602101146,天塩郡遠別町字中央,538,,
01486-4503-27.zip,202602101146,天塩郡遠別町字中央,539-9,,
01486-4503-27.zip,202602101146,天塩郡遠別町字中央,539-1,,
01486-4503-27.zip,202602101146,天塩郡遠別町字中央,539-10,,
01486-4503-27.zip,202602101146,天塩郡遠別町字中央,536-2,,
01486-4503-27.zip,202602101146,天塩郡遠別町字中央,535-10,,
01486-4503-27.zip,202602101146,天塩郡遠別町字中央,535-5,,
01486-4503-27.zip,202602101146,天塩郡遠別町字中央,536-1,,
01486-4503-27.zip,202602101146,天塩郡遠別町字中央,320-1,,
01486-4503-27.zip,202602101146,天塩郡遠別町字中央,320-2,,
01486-4503-27.zip,202602101146,天塩郡遠別町字中央,935,,
01486-4503-27.zip,202602101146,天塩郡遠別町字中央,934,,
01486-4503-27.zip,202602101146,天塩郡遠別町字中央,水-10,,
01486-4503-27.zip,202602101146,天塩郡遠別町字中央,524,,
01486-4503-27.zip,202602101146,天塩郡遠別町字中央,933,,
01486-4503-27.zip,202602101146,天塩郡遠別町字中央,322,,
01486-4503-27.zip,202602101146,天塩郡遠別町字中央,928,,
01486-4503-27.zip,202602101146,天塩郡遠別町字中央,927,,
01486-4503-27.zip,202602101146,天塩郡遠別町字中央,326-3,,
01486-4503-27.zip,202602101146,天塩郡遠別町字中央,321,,
01486-4503-27.zip,202602101146,天塩郡遠別町字中央,926,,
01486-4503-27.zip,202602101146,天塩郡遠別町字中央,315,,
01486-4503-27.zip,202602101146,天塩郡遠別町字中央,328,,
01486-4503-27.zip,202602101146,天塩郡遠別町字中央,929,,
01486-4503-27.zip,202602101146,天塩郡遠別町字中央,916,,
01486-4503-27.zip,202602101146,天塩郡遠別町字中央,523-4,,
01486-4503-27.zip,202602101146,天塩郡遠別町字中央,930,,
01486-4503-27.zip,202602101146,天塩郡遠別町,地区外-273479,,
01486-4503-27.zip,202602101146,天塩郡遠別町,地区外-273480,,
01486-4503-27.zip,202602101146,天塩郡遠別町,地区外-273481,,
01486-4503-27.zip,202602101146,天塩郡遠別町字中央,690,,
01486-4503-27.zip,202602101146,天塩郡遠別町字中央,691,,
01486-4503-27.zip,202602101146,天塩郡遠別町,地区外-273484,,
01486-4503-27.zip,202602101146,天塩郡遠別町字中央,319-2,,
01486-4503-27.zip,202602101146,天塩郡遠別町字中央,水-11,,
01486-4503-27.zip,202602101146,天塩郡遠別町字中央,932,,
01486-4503-27.zip,202602101146,天塩郡遠別町字中央,318-2,,
01486-4503-27.zip,202602101146,天塩郡遠別町字中央,319-1,,
01486-4503-27.zip,202602101146,天塩郡遠別町字中央,599-1,,
01486-4503-27.zip,202602101146,天塩郡遠別町字中央,419-7,,
01486-4503-27.zip,202602101146,天塩郡遠別町字中央,851,,
01486-4503-27.zip,202602101146,天塩郡遠別町字中央,599-4,,
01486-4503-27.zip,202602101146,天塩郡遠別町字中央,850,,
01486-4503-27.zip,202602101146,天塩郡遠別町字中央,599-3,,
01486-4503-27.zip,202602101146,天塩郡遠別町字中央,849,,
01486-4503-27.zip,202602101146,天塩郡遠別町字中央,水-12,,
01486-4503-27.zip,202602101146,天塩郡遠別町字中央,615-1,,
01486-4503-27.zip,202602101146,天塩郡遠別町字中央,615-3,,
01486-4503-27.zip,202602101146,天塩郡遠別町字中央,615-2,,
01486-4503-27.zip,202602101146,天塩郡遠別町字中央,620-2,,
01486-4503-27.zip,202602101146,天塩郡遠別町字中央,619,,
01486-4503-27.zip,202602101146,天塩郡遠別町字中央,618,,
01486-4503-27.zip,202602101146,天塩郡遠別町字中央,614,,
01486-4503-27.zip,202602101146,天塩郡遠別町字中央,848,,
01486-4503-27.zip,202602101146,天塩郡遠別町字中央,602,,
01486-4503-27.zip,202602101146,天塩郡遠別町字中央,847,,
01486-4503-27.zip,202602101146,天塩郡遠別町字中央,604,,
01486-4503-27.zip,202602101146,天塩郡遠別町字中央,610,,
01486-4503-27.zip,202602101146,天塩郡遠別町字中央,939,,
01486-4503-27.zip,202602101146,天塩郡遠別町字中央,628,,
01486-4503-27.zip,202602101146,天塩郡遠別町字中央,613,,
01486-4503-27.zip,202602101146,天塩郡遠別町字中央,852,,
01486-4503-27.zip,202602101146,天塩郡遠別町字中央,853,,
01486-4503-27.zip,202602101146,天塩郡遠別町字中央,884,,
01486-4503-27.zip,202602101146,天塩郡遠別町字中央,629,,
01486-4503-27.zip,202602101146,天塩郡遠別町字中央,882,,
01486-4503-27.zip,202602101146,天塩郡遠別町字中央,632,,
01486-4503-27.zip,202602101146,天塩郡遠別町,地区外-273519,,
01486-4503-27.zip,202602101146,天塩郡遠別町字中央,633,,
01486-4503-27.zip,202602101146,天塩郡遠別町字中央,881,,
01486-4503-27.zip,202602101146,天塩郡遠別町字中央,887,,
01486-4503-27.zip,202602101146,天塩郡遠別町字中央,609,,
01486-4503-27.zip,202602101146,天塩郡遠別町字中央,630,,
01486-4503-27.zip,202602101146,天塩郡遠別町字中央,883,,
01486-4503-27.zip,202602101146,天塩郡遠別町字中央,631,,
01486-4503-27.zip,202602101146,天塩郡遠別町字中央,886,,
01486-4503-27.zip,202602101146,天塩郡遠別町字中央,574-3,,
01486-4503-27.zip,202602101146,天塩郡遠別町字中央,419-4,,
01486-4503-27.zip,202602101146,天塩郡遠別町字中央,419-13,,
01486-4503-27.zip,202602101146,天塩郡遠別町字中央,576-4,,
01486-4503-27.zip,202602101146,天塩郡遠別町字中央,576-5,,
01486-4503-27.zip,202602101146,天塩郡遠別町字中央,419-14,,
01486-4503-27.zip,202602101146,天塩郡遠別町字中央,576-3,,
01486-4503-27.zip,202602101146,天塩郡遠別町字中央,588-4,,
01486-4503-27.zip,202602101146,天塩郡遠別町字中央,587-2,,
01486-4503-27.zip,202602101146,天塩郡遠別町字中央,587-3,,
01486-4503-27.zip,202602101146,天塩郡遠別町字中央,588-3,,
01486-4503-27.zip,202602101146,天塩郡遠別町字中央,587-1,,
01486-4503-27.zip,202602101146,天塩郡遠別町字中央,588-2,,
01486-4503-27.zip,202602101146,天塩郡遠別町字中央,587-4,,
01486-4503-27.zip,202602101146,天塩郡遠別町字中央,836,,
01486-4503-27.zip,202602101146,天塩郡遠別町字中央,835,,
01486-4503-27.zip,202602101146,天塩郡遠別町字中央,水-13,,
01486-4503-27.zip,202602101146,天塩郡遠別町字中央,水-14,,
01486-4503-27.zip,202602101146,天塩郡遠別町字中央,830,,
01486-4503-27.zip,202602101146,天塩郡遠別町字中央,574-1,,
01486-4503-27.zip,202602101146,天塩郡遠別町字中央,837,,
01486-4503-27.zip,202602101146,天塩郡遠別町字中央,588-1,,
01486-4503-27.zip,202602101146,天塩郡遠別町字中央,589-2,,
01486-4503-27.zip,202602101146,天塩郡遠別町字中央,589-1,,
01486-4503-27.zip,202602101146,天塩郡遠別町字中央,597-2,,
01486-4503-27.zip,202602101146,天塩郡遠別町字中央,842,,
01486-4503-27.zip,202602101146,天塩郡遠別町字中央,843,,
01486-4503-27.zip,202602101146,天塩郡遠別町字中央,597-3,,
01486-4503-27.zip,202602101146,天塩郡遠別町字中央,844,,
01486-4503-27.zip,202602101146,天塩郡遠別町字中央,597-4,,
01486-4503-27.zip,202602101146,天塩郡遠別町字中央,597-1,,
01486-4503-27.zip,202602101146,天塩郡遠別町字中央,845,,
01486-4503-27.zip,202602101146,天塩郡遠別町字中央,596,,
01486-4503-27.zip,202602101146,天塩郡遠別町字中央,603,,
01486-4503-27.zip,202602101146,天塩郡遠別町字中央,846,,
01486-4503-27.zip,202602101146,天塩郡遠別町字中央,599-2,,
01486-4503-27.zip,202602101146,天塩郡遠別町字中央,595-1,,
01486-4503-27.zip,202602101146,天塩郡遠別町字中央,595-3,,
01486-4503-27.zip,202602101146,天塩郡遠別町字中央,590-1,,
01486-4503-27.zip,202602101146,天塩郡遠別町字中央,590-4,,
01486-4503-27.zip,202602101146,天塩郡遠別町字中央,419-12,,
01486-4503-27.zip,202602101146,天塩郡遠別町字中央,569-1,,
01486-4503-27.zip,202602101146,天塩郡遠別町字中央,水-15,,
01486-4503-27.zip,202602101146,天塩郡遠別町字中央,827,,
01486-4503-27.zip,202602101146,天塩郡遠別町字中央,566-1,,
01486-4503-27.zip,202602101146,天塩郡遠別町字中央,567,,
01486-4503-27.zip,202602101146,天塩郡遠別町字中央,831,,
01486-4503-27.zip,202602101146,天塩郡遠別町字中央,580,,
01486-4503-27.zip,202602101146,天塩郡遠別町字中央,832,,
01486-4503-27.zip,202602101146,天塩郡遠別町字中央,576-2,,
01486-4503-27.zip,202602101146,天塩郡遠別町字中央,576-1,,
01486-4503-27.zip,202602101146,天塩郡遠別町字中央,585-1,,
01486-4503-27.zip,202602101146,天塩郡遠別町字中央,585-2,,
01486-4503-27.zip,202602101146,天塩郡遠別町字中央,838,,
01486-4503-27.zip,202602101146,天塩郡遠別町字中央,590-2,,
01486-4503-27.zip,202602101146,天塩郡遠別町字中央,590-5,,
01486-4503-27.zip,202602101146,天塩郡遠別町字中央,590-3,,
01486-4503-27.zip,202602101146,天塩郡遠別町字中央,595-2,,
01486-4503-27.zip,202602101146,天塩郡遠別町字中央,841,,
01486-4503-27.zip,202602101146,天塩郡遠別町字中央,582,,
01486-4503-27.zip,202602101146,天塩郡遠別町字中央,579,,
01486-4503-27.zip,202602101146,天塩郡遠別町字中央,584,,
01486-4503-27.zip,202602101146,天塩郡遠別町字中央,834,,
01486-4503-27.zip,202602101146,天塩郡遠別町字中央,833,,
01486-4503-27.zip,202602101146,天塩郡遠別町字中央,586,,
01486-4503-27.zip,202602101146,天塩郡遠別町字中央,578,,
01486-4503-27.zip,202602101146,天塩郡遠別町字中央,839,,
01486-4503-27.zip,202602101146,天塩郡遠別町字中央,591-2,,
01486-4503-27.zip,202602101146,天塩郡遠別町字中央,591-1,,
01486-4503-27.zip,202602101146,天塩郡遠別町字中央,592,,
01486-4503-27.zip,202602101146,天塩郡遠別町字中央,593,,
01486-4503-27.zip,202602101146,天塩郡遠別町字中央,594,,
01486-4503-27.zip,202602101146,天塩郡遠別町字中央,564-10,,
01486-4503-27.zip,202602101146,天塩郡遠別町字中央,564-1,,
01486-4503-27.zip,202602101146,天塩郡遠別町字中央,828,,
01486-4503-27.zip,202602101146,天塩郡遠別町字中央,565,,
01486-4503-27.zip,202602101146,天塩郡遠別町字中央,581,,
01486-4503-27.zip,202602101146,天塩郡遠別町字中央,829,,
01486-4503-27.zip,202602101146,天塩郡遠別町字中央,563-1,,
01486-4503-27.zip,202602101146,天塩郡遠別町字中央,562,,
01486-4503-27.zip,202602101146,天塩郡遠別町字中央,840,,
01486-4503-27.zip,202602101146,天塩郡遠別町字中央,419-6,,
01486-4503-27.zip,202602101146,天塩郡遠別町字中央,620-1,,
01486-4503-27.zip,202602101146,天塩郡遠別町字中央,419-8,,
01486-4503-27.zip,202602101146,天塩郡遠別町字中央,624-2,,
01486-4503-27.zip,202602101146,天塩郡遠別町字中央,419-16,,
01486-4503-27.zip,202602101146,天塩郡遠別町字中央,859,,
01486-4503-27.zip,202602101146,天塩郡遠別町字中央,860,,
01486-4503-27.zip,202602101146,天塩郡遠別町字中央,634-4,,
01486-4503-27.zip,202602101146,天塩郡遠別町字中央,634-5,,
01486-4503-27.zip,202602101146,天塩郡遠別町字中央,634-3,,
01486-4503-27.zip,202602101146,天塩郡遠別町字中央,634-6,,
01486-4503-27.zip,202602101146,天塩郡遠別町字中央,864,,
01486-4503-27.zip,202602101146,天塩郡遠別町字中央,637-3,,
01486-4503-27.zip,202602101146,天塩郡遠別町字中央,865,,
01486-4503-27.zip,202602101146,天塩郡遠別町字中央,867,,
01486-4503-27.zip,202602101146,天塩郡遠別町,地区外-273627,,
01486-4503-27.zip,202602101146,天塩郡遠別町字中央,637-2,,
01486-4503-27.zip,202602101146,天塩郡遠別町字中央,868,,
01486-4503-27.zip,202602101146,天塩郡遠別町字中央,640-9,,
01486-4503-27.zip,202602101146,天塩郡遠別町字中央,640-8,,
01486-4503-27.zip,202602101146,天塩郡遠別町字中央,640-7,,
01486-4503-27.zip,202602101146,天塩郡遠別町字中央,640-6,,
01486-4503-27.zip,202602101146,天塩郡遠別町字中央,640-5,,
01486-4503-27.zip,202602101146,天塩郡遠別町字中央,640-4,,
01486-4503-27.zip,202602101146,天塩郡遠別町字中央,872,,
01486-4503-27.zip,202602101146,天塩郡遠別町字中央,871,,
01486-4503-27.zip,202602101146,天塩郡遠別町字中央,640-1,,
01486-4503-27.zip,202602101146,天塩郡遠別町字中央,869,,
01486-4503-27.zip,202602101146,天塩郡遠別町字中央,640-3,,
01486-4503-27.zip,202602101146,天塩郡遠別町字中央,640-2,,
01486-4503-27.zip,202602101146,天塩郡遠別町字中央,637-1,,
01486-4503-27.zip,202602101146,天塩郡遠別町字中央,620-3,,
01486-4503-27.zip,202602101146,天塩郡遠別町字中央,624-3,,
01486-4503-27.zip,202602101146,天塩郡遠別町字中央,624-1,,
01486-4503-27.zip,202602101146,天塩郡遠別町字中央,419-15,,
01486-4503-27.zip,202602101146,天塩郡遠別町字中央,858,,
01486-4503-27.zip,202602101146,天塩郡遠別町字中央,854,,
01486-4503-27.zip,202602101146,天塩郡遠別町字中央,855,,
01486-4503-27.zip,202602101146,天塩郡遠別町字中央,622,,
01486-4503-27.zip,202602101146,天塩郡遠別町字中央,623,,
01486-4503-27.zip,202602101146,天塩郡遠別町字中央,861,,
01486-4503-27.zip,202602101146,天塩郡遠別町,地区外-273653,,
01486-4503-27.zip,202602101146,天塩郡遠別町字中央,862,,
01486-4503-27.zip,202602101146,天塩郡遠別町字中央,638,,
01486-4503-27.zip,202602101146,天塩郡遠別町字中央,863,,
01486-4503-27.zip,202602101146,天塩郡遠別町字中央,636-1,,
01486-4503-27.zip,202602101146,天塩郡遠別町字中央,636-3,,
01486-4503-27.zip,202602101146,天塩郡遠別町字中央,636-2,,
01486-4503-27.zip,202602101146,天塩郡遠別町字中央,870,,
01486-4503-27.zip,202602101146,天塩郡遠別町字中央,639,,
01486-4503-27.zip,202602101146,天塩郡遠別町字中央,940,,
01486-4503-27.zip,202602101146,天塩郡遠別町,地区外-273663,,
01486-4503-27.zip,202602101146,天塩郡遠別町字中央,634-2,,
01486-4503-27.zip,202602101146,天塩郡遠別町字中央,857,,
01486-4503-27.zip,202602101146,天塩郡遠別町字中央,856,,
01486-4503-27.zip,202602101146,天塩郡遠別町字中央,695,,
01486-4503-27.zip,202602101146,天塩郡遠別町字中央,626,,
01486-4503-27.zip,202602101146,天塩郡遠別町字中央,625,,
01486-4503-27.zip,202602101146,天塩郡遠別町字中央,663-3,,
01486-4503-27.zip,202602101146,天塩郡遠別町字中央,663-2,,
01486-4503-27.zip,202602101146,天塩郡遠別町,地区外-273672,,
01486-4503-27.zip,202602101146,天塩郡遠別町字中央,391-3,,
01486-4503-27.zip,202602101146,天塩郡遠別町字中央,391-8,,
01486-4503-27.zip,202602101146,天塩郡遠別町字中央,391-6,,
01486-4503-27.zip,202602101146,天塩郡遠別町字中央,391-2,,
01486-4503-27.zip,202602101146,天塩郡遠別町字中央,391-7,,
01486-4503-27.zip,202602101146,天塩郡遠別町字中央,394-3,,
01486-4503-27.zip,202602101146,天塩郡遠別町字中央,394-2,,
01486-4503-27.zip,202602101146,天塩郡遠別町字中央,394-1,,
01486-4503-27.zip,202602101146,天塩郡遠別町字中央,394-4,,
01486-4503-27.zip,202602101146,天塩郡遠別町字中央,396-3,,
01486-4503-27.zip,202602101146,天塩郡遠別町字中央,396-1,,
01486-4503-27.zip,202602101146,天塩郡遠別町字中央,396-2,,
01486-4503-27.zip,202602101146,天塩郡遠別町字中央,水-16,,
01486-4503-27.zip,202602101146,天塩郡遠別町字中央,道-3,,
01486-4503-27.zip,202602101146,天塩郡遠別町字中央,718-4,,
01486-4503-27.zip,202602101146,天塩郡遠別町字中央,718-3,,
01486-4503-27.zip,202602101146,天塩郡遠別町字中央,675-2,,
01486-4503-27.zip,202602101146,天塩郡遠別町字中央,675-1,,
01486-4503-27.zip,202602101146,天塩郡遠別町字中央,819,,
01486-4503-27.zip,202602101146,天塩郡遠別町字中央,420-1,,
01486-4503-27.zip,202602101146,天塩郡遠別町字中央,421-4,,
01486-4503-27.zip,202602101146,天塩郡遠別町字中央,421-1,,
01486-4503-27.zip,202602101146,天塩郡遠別町字中央,421-2,,
01486-4503-27.zip,202602101146,天塩郡遠別町字中央,425-8,,
01486-4503-27.zip,202602101146,天塩郡遠別町字中央,425-1,,
01486-4503-27.zip,202602101146,天塩郡遠別町字中央,824,,
01486-4503-27.zip,202602101146,天塩郡遠別町字中央,425-12,,
01486-4503-27.zip,202602101146,天塩郡遠別町字中央,425-2,,
01486-4503-27.zip,202602101146,天塩郡遠別町字中央,424-1,,
01486-4503-27.zip,202602101146,天塩郡遠別町字中央,822,,
01486-4503-27.zip,202602101146,天塩郡遠別町字中央,821,,
01486-4503-27.zip,202602101146,天塩郡遠別町字中央,420-2,,
01486-4503-27.zip,202602101146,天塩郡遠別町字中央,820,,
01486-4503-27.zip,202602101146,天塩郡遠別町字中央,823,,
01486-4503-27.zip,202602101146,天塩郡遠別町字中央,572,,
01486-4503-27.zip,202602101146,天塩郡遠別町字中央,570,,
01486-4503-27.zip,202602101146,天塩郡遠別町字中央,825,,
01486-4503-27.zip,202602101146,天塩郡遠別町字中央,574-2,,
01486-4503-27.zip,202602101146,天塩郡遠別町字中央,426-1,,
01486-4503-27.zip,202602101146,天塩郡遠別町字中央,826,,
01486-4503-27.zip,202602101146,天塩郡遠別町字中央,569-2,,
01486-4503-27.zip,202602101146,天塩郡遠別町字中央,425-10,,
01486-4503-27.zip,202602101146,天塩郡遠別町字中央,425-7,,
01486-4503-27.zip,202602101146,天塩郡遠別町字中央,425-4,,
01486-4503-27.zip,202602101146,天塩郡遠別町字中央,425-9,,
01486-4503-27.zip,202602101146,天塩郡遠別町字中央,436-2,,
01486-4503-27.zip,202602101146,天塩郡遠別町字中央,436-1,,
01486-4503-27.zip,202602101146,天塩郡遠別町字中央,438-1,,
01486-4503-27.zip,202602101146,天塩郡遠別町字中央,436-4,,
01486-4503-27.zip,202602101146,天塩郡遠別町字中央,436-6,,
01486-4503-27.zip,202602101146,天塩郡遠別町字中央,436-5,,
01486-4503-27.zip,202602101146,天塩郡遠別町字中央,435-3,,
01486-4503-27.zip,202602101146,天塩郡遠別町字中央,435-2,,
01486-4503-27.zip,202602101146,天塩郡遠別町字中央,435-1,,
01486-4503-27.zip,202602101146,天塩郡遠別町字中央,427-2,,
01486-4503-27.zip,202602101146,天塩郡遠別町字中央,427-1,,
01486-4503-27.zip,202602101146,天塩郡遠別町字中央,435-4,,
01486-4503-27.zip,202602101146,天塩郡遠別町字中央,425-11,,
01486-4503-27.zip,202602101146,天塩郡遠別町字中央,425-5,,
01486-4503-27.zip,202602101146,天塩郡遠別町字中央,437-2,,
01486-4503-27.zip,202602101146,天塩郡遠別町字中央,437-5,,
01486-4503-27.zip,202602101146,天塩郡遠別町字中央,437-1,,
01486-4503-27.zip,202602101146,天塩郡遠別町字中央,437-8,,
01486-4503-27.zip,202602101146,天塩郡遠別町字中央,437-7,,
01486-4503-27.zip,202602101146,天塩郡遠別町字中央,437-4,,
01486-4503-27.zip,202602101146,天塩郡遠別町字中央,437-3,,
01486-4503-27.zip,202602101146,天塩郡遠別町字中央,水-17,,
01486-4503-27.zip,202602101146,天塩郡遠別町字中央,438-4,,
01486-4503-27.zip,202602101146,天塩郡遠別町字中央,434-6,,
01486-4503-27.zip,202602101146,天塩郡遠別町字中央,437-6,,
01486-4503-27.zip,202602101146,天塩郡遠別町字中央,434-1,,
01486-4503-27.zip,202602101146,天塩郡遠別町字中央,434-4,,
01486-4503-27.zip,202602101146,天塩郡遠別町字中央,428-1,,
01486-4503-27.zip,202602101146,天塩郡遠別町字中央,道-4,,
01486-4503-27.zip,202602101146,天塩郡遠別町字中央,564-2,,
01486-4503-27.zip,202602101146,天塩郡遠別町字中央,564-4,,
01486-4503-27.zip,202602101146,天塩郡遠別町字中央,532-1,,
01486-4503-27.zip,202602101146,天塩郡遠別町字中央,535-1,,
01486-4503-27.zip,202602101146,天塩郡遠別町字中央,535-8,,
01486-4503-27.zip,202602101146,天塩郡遠別町字中央,533-1,,
01486-4503-27.zip,202602101146,天塩郡遠別町字中央,533-6,,
01486-4503-27.zip,202602101146,天塩郡遠別町字中央,533-7,,
01486-4503-27.zip,202602101146,天塩郡遠別町字中央,535-9,,
01486-4503-27.zip,202602101146,天塩郡遠別町字中央,534-1,,
01486-4503-27.zip,202602101146,天塩郡遠別町字中央,560-2,,
01486-4503-27.zip,202602101146,天塩郡遠別町字中央,539-11,,
01486-4503-27.zip,202602101146,天塩郡遠別町字中央,539-8,,
01486-4503-27.zip,202602101146,天塩郡遠別町字中央,道-5,,
01486-4503-27.zip,202602101146,天塩郡遠別町字中央,530-1,,
01486-4503-27.zip,202602101146,天塩郡遠別町字中央,896,,
01486-4503-27.zip,202602101146,天塩郡遠別町字中央,434-3,,
01486-4503-27.zip,202602101146,天塩郡遠別町字中央,434-5,,
01486-4503-27.zip,202602101146,天塩郡遠別町字中央,431-1,,
01486-4503-27.zip,202602101146,天塩郡遠別町字中央,431-3,,
01486-4503-27.zip,202602101146,天塩郡遠別町字中央,429-1,,
01486-4503-27.zip,202602101146,天塩郡遠別町字中央,428-2,,
01486-4503-27.zip,202602101146,天塩郡遠別町字中央,533-2,,
01486-4503-27.zip,202602101146,天塩郡遠別町字中央,564-9,,
01486-4503-27.zip,202602101146,天塩郡遠別町,地区外-273771,,
01486-4503-27.zip,202602101146,天塩郡遠別町,地区外-273772,,
01486-4503-27.zip,202602101146,天塩郡遠別町字中央,316-1,,
01486-4503-27.zip,202602101146,天塩郡遠別町字中央,314,,
01486-4503-27.zip,202602101146,天塩郡遠別町字中央,904,,
01486-4503-27.zip,202602101146,天塩郡遠別町字中央,907,,
01486-4503-27.zip,202602101146,天塩郡遠別町字中央,326-1,,
01486-4503-27.zip,202602101146,天塩郡遠別町字中央,326-2,,
01486-4503-27.zip,202602101146,天塩郡遠別町字中央,326-4,,
01486-4503-27.zip,202602101146,天塩郡遠別町字中央,905,,
01486-4503-27.zip,202602101146,天塩郡遠別町字中央,325,,
01486-4503-27.zip,202602101146,天塩郡遠別町字中央,906,,
01486-4503-27.zip,202602101146,天塩郡遠別町字中央,324,,
01486-4503-27.zip,202602101146,天塩郡遠別町字中央,249-4,,
01486-4503-27.zip,202602101146,天塩郡遠別町字中央,水-18,,
01486-4503-27.zip,202602101146,天塩郡遠別町字中央,250-1,,
01486-4503-27.zip,202602101146,天塩郡遠別町字中央,252-1,,
01486-4503-27.zip,202602101146,天塩郡遠別町字中央,813,,
01486-4503-27.zip,202602101146,天塩郡遠別町字中央,250-2,,
01486-4503-27.zip,202602101146,天塩郡遠別町字中央,251,,
01486-4503-27.zip,202602101146,天塩郡遠別町字中央,814,,
01486-4503-27.zip,202602101146,天塩郡遠別町字中央,399-3,,
01486-4503-27.zip,202602101146,天塩郡遠別町字中央,816,,
01486-4503-27.zip,202602101146,天塩郡遠別町字中央,398,,
01486-4503-27.zip,202602101146,天塩郡遠別町字中央,817,,
01486-4503-27.zip,202602101146,天塩郡遠別町字中央,676-1,,
01486-4503-27.zip,202602101146,天塩郡遠別町字中央,386-1,,
01486-4503-27.zip,202602101146,天塩郡遠別町字中央,水-19,,
01486-4503-27.zip,202602101146,天塩郡遠別町字中央,387-1,,
01486-4503-27.zip,202602101146,天塩郡遠別町字中央,387-2,,
01486-4503-27.zip,202602101146,天塩郡遠別町字中央,391-4,,
01486-4503-27.zip,202602101146,天塩郡遠別町字中央,389,,
01486-4503-27.zip,202602101146,天塩郡遠別町字中央,401-1,,
01486-4503-27.zip,202602101146,天塩郡遠別町字中央,390-2,,
01486-4503-27.zip,202602101146,天塩郡遠別町字中央,386-5,,
01486-4503-27.zip,202602101146,天塩郡遠別町字中央,815,,
01486-4503-27.zip,202602101146,天塩郡遠別町字中央,392-2,,
01486-4503-27.zip,202602101146,天塩郡遠別町字中央,391-5,,
01486-4503-27.zip,202602101146,天塩郡遠別町字中央,391-1,,
01486-4503-27.zip,202602101146,天塩郡遠別町字中央,402,,
01486-4503-27.zip,202602101146,天塩郡遠別町字中央,401-4,,
01486-4503-27.zip,202602101146,天塩郡遠別町字中央,401-3,,
01486-4503-27.zip,202602101146,天塩郡遠別町字中央,401-2,,
01486-4503-27.zip,202602101146,天塩郡遠別町字中央,400-3,,
01486-4503-27.zip,202602101146,天塩郡遠別町字中央,400-1,,
01486-4503-27.zip,202602101146,天塩郡遠別町字中央,400-2,,
01486-4503-27.zip,202602101146,天塩郡遠別町字中央,399-1,,
01486-4503-27.zip,202602101146,天塩郡遠別町字中央,399-2,,
01486-4503-27.zip,202602101146,天塩郡遠別町字中央,400-4,,
01486-4503-27.zip,202602101146,天塩郡遠別町字中央,400-5,,
01486-4503-27.zip,202602101146,天塩郡遠別町字中央,400-6,,
01486-4503-27.zip,202602101146,天塩郡遠別町字中央,水-20,,
01486-4503-27.zip,202602101146,天塩郡遠別町字中央,677-2,,
01486-4503-27.zip,202602101146,天塩郡遠別町字中央,677-3,,
01486-4503-27.zip,202602101146,天塩郡遠別町字中央,677-1,,
01486-4503-27.zip,202602101146,天塩郡遠別町字中央,676-5,,
01486-4503-27.zip,202602101146,天塩郡遠別町字中央,718-1,,
01486-4503-27.zip,202602101146,天塩郡遠別町字中央,676-3,,
01486-4503-27.zip,202602101146,天塩郡遠別町字中央,718-2,,
01486-4503-27.zip,202602101146,天塩郡遠別町字中央,818,,
01486-4503-27.zip,202602101146,天塩郡遠別町字中央,683-1,,
01486-4503-27.zip,202602101146,天塩郡遠別町字中央,683-2,,
01486-4503-27.zip,202602101146,天塩郡遠別町字中央,675-4,,
01486-4503-27.zip,202602101146,天塩郡遠別町字中央,675-3,,
01486-4503-27.zip,202602101146,天塩郡遠別町字中央,686,,
01486-4503-27.zip,202602101146,天塩郡遠別町字中央,674,,
01486-4503-27.zip,202602101146,天塩郡遠別町字中央,685,,
01486-4503-27.zip,202602101146,天塩郡遠別町字中央,680-1,,
01486-4503-27.zip,202602101146,天塩郡遠別町字中央,680-2,,
01486-4503-27.zip,202602101146,天塩郡遠別町字中央,701,,
01486-4503-27.zip,202602101146,天塩郡遠別町字中央,680-3,,
01486-4503-27.zip,202602101146,天塩郡遠別町字中央,406,,
01486-4503-27.zip,202602101146,天塩郡遠別町字中央,682,,
01486-4503-27.zip,202602101146,天塩郡遠別町字中央,681-1,,
01486-4503-27.zip,202602101146,天塩郡遠別町字中央,700-1,,
01486-4503-27.zip,202602101146,天塩郡遠別町字中央,681-3,,
01486-4503-27.zip,202602101146,天塩郡遠別町字中央,681-9,,
01486-4503-27.zip,202602101146,天塩郡遠別町字中央,681-4,,
01486-4503-27.zip,202602101146,天塩郡遠別町字中央,681-10,,
01486-4503-27.zip,202602101146,天塩郡遠別町字中央,681-5,,
01486-4503-27.zip,202602101146,天塩郡遠別町字中央,681-6,,
01486-4503-27.zip,202602101146,天塩郡遠別町字中央,681-7,,
01486-4503-27.zip,202602101146,天塩郡遠別町字中央,681-12,,
01486-4503-27.zip,202602101146,天塩郡遠別町字中央,681-8,,
01486-4503-27.zip,202602101146,天塩郡遠別町字中央,700-2,,
01486-4503-27.zip,202602101146,天塩郡遠別町字中央,700-3,,
01486-4503-27.zip,202602101146,天塩郡遠別町字中央,681-11,,
01486-4503-27.zip,202602101146,天塩郡遠別町字中央,388-1,,
01486-4503-27.zip,202602101146,天塩郡遠別町字中央,388-2,,
01486-4503-27.zip,202602101146,天塩郡遠別町,地区外-273860,,
01486-4503-27.zip,202602101146,天塩郡遠別町字中央,259-2,,
01486-4503-27.zip,202602101146,天塩郡遠別町字中央,264-1,,
01486-4503-27.zip,202602101146,天塩郡遠別町字中央,道-6,,
01486-4503-27.zip,202602101146,天塩郡遠別町字中央,264-2,,
01486-4503-27.zip,202602101146,天塩郡遠別町字中央,262-1,,
01486-4503-27.zip,202602101146,天塩郡遠別町字中央,263-1,,
01486-4503-27.zip,202602101146,天塩郡遠別町字中央,264-5,,
01486-4503-27.zip,202602101146,天塩郡遠別町字中央,265-1,,
01486-4503-27.zip,202602101146,天塩郡遠別町字中央,261-1,,
01486-4503-27.zip,202602101146,天塩郡遠別町字中央,水-21,,
01486-4503-27.zip,202602101146,天塩郡遠別町字中央,258-1,,
01486-4503-27.zip,202602101146,天塩郡遠別町字中央,256-1,,
01486-4503-27.zip,202602101146,天塩郡遠別町字中央,255-1,,
01486-4503-27.zip,202602101146,天塩郡遠別町字中央,258-2,,
01486-4503-27.zip,202602101146,天塩郡遠別町字中央,255-2,,
01486-4503-27.zip,202602101146,天塩郡遠別町字中央,249-2,,
01486-4503-27.zip,202602101146,天塩郡遠別町字中央,249-3,,
01486-4503-27.zip,202602101146,天塩郡遠別町字中央,259-1,,
01486-4503-27.zip,202602101146,天塩郡遠別町字中央,260-1,,
01486-4503-27.zip,202602101146,天塩郡遠別町字中央,260-2,,
01486-4503-27.zip,202602101146,天塩郡遠別町字中央,254-3,,
01486-4503-27.zip,202602101146,天塩郡遠別町字中央,386-4,,
01486-4503-27.zip,202602101146,天塩郡遠別町字中央,386-3,,
01486-4503-27.zip,202602101146,天塩郡遠別町字中央,261-4,,
01486-4503-27.zip,202602101146,天塩郡遠別町,地区外-273885,,
01486-4503-27.zip,202602101146,天塩郡遠別町字中央,317,,
01486-4503-27.zip,202602101146,天塩郡遠別町字中央,922,,
01486-4503-27.zip,202602101146,天塩郡遠別町字中央,923,,
01486-4503-27.zip,202602101146,天塩郡遠別町字中央,924,,
01486-4503-27.zip,202602101146,天塩郡遠別町字中央,925,,
01486-4503-27.zip,202602101146,天塩郡遠別町字中央,931,,
01486-4503-27.zip,202602101146,天塩郡遠別町字中央,318-1,,
01486-4503-27.zip,202602101146,天塩郡遠別町字中央,568,,
01486-4503-27.zip,202602101146,天塩郡遠別町字中央,569-4,,
01486-4503-27.zip,202602101146,天塩郡遠別町字中央,道-9,,
01486-4503-28.zip,202602101146,天塩郡遠別町字共栄,186-5,,
01486-4503-28.zip,202602101146,天塩郡遠別町字共栄,186-10,,
01486-4503-28.zip,202602101146,天塩郡遠別町字共栄,187-6,,
01486-4503-28.zip,202602101146,天塩郡遠別町字共栄,187-1,,
01486-4503-28.zip,202602101146,天塩郡遠別町字共栄,183-6,,
01486-4503-28.zip,202602101146,天塩郡遠別町字共栄,186-3,,
01486-4503-28.zip,202602101146,天塩郡遠別町字共栄,186-6,,
01486-4503-28.zip,202602101146,天塩郡遠別町字共栄,186-7,,
01486-4503-28.zip,202602101146,天塩郡遠別町字共栄,186-2,,
01486-4503-28.zip,202602101146,天塩郡遠別町字共栄,936,,
01486-4503-28.zip,202602101146,天塩郡遠別町字共栄,187-5,,
01486-4503-28.zip,202602101146,天塩郡遠別町,地区外-276103,,
01486-4503-28.zip,202602101146,天塩郡遠別町字共栄,232-1,,
01486-4503-28.zip,202602101146,天塩郡遠別町字共栄,233,,
01486-4503-28.zip,202602101146,天塩郡遠別町字共栄,229-1,,
01486-4503-28.zip,202602101146,天塩郡遠別町字共栄,229-5,,
01486-4503-28.zip,202602101146,天塩郡遠別町字共栄,229-4,,
01486-4503-28.zip,202602101146,天塩郡遠別町字共栄,229-2,,
01486-4503-28.zip,202602101146,天塩郡遠別町字共栄,232-2,,
01486-4503-28.zip,202602101146,天塩郡遠別町字共栄,235-1,,
01486-4503-28.zip,202602101146,天塩郡遠別町字共栄,168-4,,
01486-4503-28.zip,202602101146,天塩郡遠別町字共栄,171-1,,
01486-4503-28.zip,202602101146,天塩郡遠別町字共栄,168-5,,
01486-4503-28.zip,202602101146,天塩郡遠別町字共栄,172-6,,
01486-4503-28.zip,202602101146,天塩郡遠別町字共栄,167-1,,
01486-4503-28.zip,202602101146,天塩郡遠別町字共栄,154-2,,
01486-4503-28.zip,202602101146,天塩郡遠別町字共栄,173-1,,
01486-4503-28.zip,202602101146,天塩郡遠別町字共栄,159,,
01486-4503-28.zip,202602101146,天塩郡遠別町字共栄,158-1,,
01486-4503-28.zip,202602101146,天塩郡遠別町字共栄,158-5,,
01486-4503-28.zip,202602101146,天塩郡遠別町字共栄,160-1,,
01486-4503-28.zip,202602101146,天塩郡遠別町字共栄,158-4,,
01486-4503-28.zip,202602101146,天塩郡遠別町字共栄,158-7,,
01486-4503-28.zip,202602101146,天塩郡遠別町字共栄,水-1,,
01486-4503-28.zip,202602101146,天塩郡遠別町字共栄,158-6,,
01486-4503-28.zip,202602101146,天塩郡遠別町字共栄,158-3,,
01486-4503-28.zip,202602101146,天塩郡遠別町字共栄,148-1,,
01486-4503-28.zip,202602101146,天塩郡遠別町字共栄,148-2,,
01486-4503-28.zip,202602101146,天塩郡遠別町字共栄,150-1,,
01486-4503-28.zip,202602101146,天塩郡遠別町字共栄,139-2,,
01486-4503-28.zip,202602101146,天塩郡遠別町字共栄,989,,
01486-4503-28.zip,202602101146,天塩郡遠別町字共栄,153-4,,
01486-4503-28.zip,202602101146,天塩郡遠別町字共栄,153-1,,
01486-4503-28.zip,202602101146,天塩郡遠別町字共栄,163,,
01486-4503-28.zip,202602101146,天塩郡遠別町字共栄,155,,
01486-4503-28.zip,202602101146,天塩郡遠別町字共栄,156,,
01486-4503-28.zip,202602101146,天塩郡遠別町字共栄,157-3,,
01486-4503-28.zip,202602101146,天塩郡遠別町字共栄,157-4,,
01486-4503-28.zip,202602101146,天塩郡遠別町字共栄,157-1,,
01486-4503-28.zip,202602101146,天塩郡遠別町字共栄,157-5,,
01486-4503-28.zip,202602101146,天塩郡遠別町字共栄,157-2,,
01486-4503-28.zip,202602101146,天塩郡遠別町字共栄,161-1,,
01486-4503-28.zip,202602101146,天塩郡遠別町字共栄,154-1,,
01486-4503-28.zip,202602101146,天塩郡遠別町字共栄,164-1,,
01486-4503-28.zip,202602101146,天塩郡遠別町字共栄,164-4,,
01486-4503-28.zip,202602101146,天塩郡遠別町字共栄,164-3,,
01486-4503-28.zip,202602101146,天塩郡遠別町字共栄,161-2,,
01486-4503-28.zip,202602101146,天塩郡遠別町字共栄,162,,
01486-4503-28.zip,202602101146,天塩郡遠別町字共栄,166-1,,
01486-4503-28.zip,202602101146,天塩郡遠別町字共栄,152-1,,
01486-4503-28.zip,202602101146,天塩郡遠別町字共栄,152-2,,
01486-4503-28.zip,202602101146,天塩郡遠別町字共栄,153-3,,
01486-4503-28.zip,202602101146,天塩郡遠別町字共栄,153-5,,
01486-4503-28.zip,202602101146,天塩郡遠別町字共栄,151-2,,
01486-4503-28.zip,202602101146,天塩郡遠別町字共栄,151-3,,
01486-4503-28.zip,202602101146,天塩郡遠別町字共栄,153-6,,
01486-4503-28.zip,202602101146,天塩郡遠別町字共栄,151-1,,
01486-4503-28.zip,202602101146,天塩郡遠別町字共栄,150-2,,
01486-4503-28.zip,202602101146,天塩郡遠別町字共栄,140-7,,
01486-4503-28.zip,202602101146,天塩郡遠別町字共栄,140-6,,
01486-4503-28.zip,202602101146,天塩郡遠別町字共栄,140-5,,
01486-4503-28.zip,202602101146,天塩郡遠別町字共栄,140-8,,
01486-4503-28.zip,202602101146,天塩郡遠別町字共栄,140-9,,
01486-4503-28.zip,202602101146,天塩郡遠別町字共栄,139-1,,
01486-4503-28.zip,202602101146,天塩郡遠別町字共栄,140-1,,
01486-4503-28.zip,202602101146,天塩郡遠別町字共栄,141-1,,
01486-4503-28.zip,202602101146,天塩郡遠別町字共栄,150-5,,
01486-4503-28.zip,202602101146,天塩郡遠別町字共栄,148-3,,
01486-4503-28.zip,202602101146,天塩郡遠別町字共栄,147-5,,
01486-4503-28.zip,202602101146,天塩郡遠別町字共栄,143,,
01486-4503-28.zip,202602101146,天塩郡遠別町字共栄,144-1,,
01486-4503-28.zip,202602101146,天塩郡遠別町字共栄,184-1,,
01486-4503-28.zip,202602101146,天塩郡遠別町字共栄,183-8,,
01486-4503-28.zip,202602101146,天塩郡遠別町字共栄,183-2,,
01486-4503-28.zip,202602101146,天塩郡遠別町字共栄,183-5,,
01486-4503-28.zip,202602101146,天塩郡遠別町字共栄,183-1,,
01486-4503-28.zip,202602101146,天塩郡遠別町字共栄,145-1,,
01486-4503-28.zip,202602101146,天塩郡遠別町字共栄,144-2,,
01486-4503-28.zip,202602101146,天塩郡遠別町字共栄,145-2,,
01486-4503-28.zip,202602101146,天塩郡遠別町字共栄,186-8,,
01486-4503-28.zip,202602101146,天塩郡遠別町字共栄,234,,
01486-4503-28.zip,202602101146,天塩郡遠別町字共栄,235-2,,
01486-4503-28.zip,202602101146,天塩郡遠別町字共栄,134-1,,
01486-4503-28.zip,202602101146,天塩郡遠別町字共栄,135,,
01486-4503-28.zip,202602101146,天塩郡遠別町字共栄,水-2,,
01486-4503-28.zip,202602101146,天塩郡遠別町字共栄,136-1,,
01486-4503-28.zip,202602101146,天塩郡遠別町字共栄,136-2,,
01486-4503-28.zip,202602101146,天塩郡遠別町字共栄,137-1,,
01486-4503-28.zip,202602101146,天塩郡遠別町字共栄,137-3,,
01486-4503-28.zip,202602101146,天塩郡遠別町,地区外-276200,,
01486-4503-28.zip,202602101146,天塩郡遠別町字共栄,181-2,,
01486-4503-28.zip,202602101146,天塩郡遠別町字共栄,183-7,,
01486-4503-28.zip,202602101146,天塩郡遠別町字共栄,91-2,,
01486-4503-28.zip,202602101146,天塩郡遠別町,地区外-276204,,
01486-4503-28.zip,202602101146,天塩郡遠別町字共栄,923,,
01486-4503-28.zip,202602101146,天塩郡遠別町字共栄,177,,
01486-4503-28.zip,202602101146,天塩郡遠別町字共栄,176-1,,
01486-4503-28.zip,202602101146,天塩郡遠別町字共栄,180,,
01486-4503-28.zip,202602101146,天塩郡遠別町字共栄,181-4,,
01486-4503-28.zip,202602101146,天塩郡遠別町字共栄,水-3,,
01486-4503-28.zip,202602101146,天塩郡遠別町字共栄,182-1,,
01486-4503-28.zip,202602101146,天塩郡遠別町字共栄,176-3,,
01486-4503-28.zip,202602101146,天塩郡遠別町字共栄,173-5,,
01486-4503-28.zip,202602101146,天塩郡遠別町字共栄,173-6,,
01486-4503-28.zip,202602101146,天塩郡遠別町字共栄,91-4,,
01486-4503-28.zip,202602101146,天塩郡遠別町字共栄,91-1,,
01486-4503-28.zip,202602101146,天塩郡遠別町字共栄,170,,
01486-4503-28.zip,202602101146,天塩郡遠別町字共栄,176-2,,
01486-4503-28.zip,202602101146,天塩郡遠別町字共栄,176-4,,
01486-4503-28.zip,202602101146,天塩郡遠別町字共栄,171-2,,
01486-4503-28.zip,202602101146,天塩郡遠別町字共栄,171-3,,
01486-4503-28.zip,202602101146,天塩郡遠別町字共栄,172-5,,
01486-4503-28.zip,202602101146,天塩郡遠別町字共栄,172-3,,
01486-4503-28.zip,202602101146,天塩郡遠別町字共栄,173-4,,
01486-4503-28.zip,202602101146,天塩郡遠別町字共栄,173-3,,
01486-4503-28.zip,202602101146,天塩郡遠別町字共栄,173-2,,
01486-4503-28.zip,202602101146,天塩郡遠別町字共栄,172-1,,
01486-4503-28.zip,202602101146,天塩郡遠別町字共栄,172-4,,
01486-4503-28.zip,202602101146,天塩郡遠別町字共栄,175,,
01486-4503-28.zip,202602101146,天塩郡遠別町字共栄,171-4,,
01486-4503-28.zip,202602101146,天塩郡遠別町,地区外-276231,,
01486-4503-28.zip,202602101146,天塩郡遠別町字共栄,99-2,,
01486-4503-28.zip,202602101146,天塩郡遠別町字共栄,926,,
01486-4503-28.zip,202602101146,天塩郡遠別町字共栄,131-2,,
01486-4503-28.zip,202602101146,天塩郡遠別町字共栄,131-1,,
01486-4503-28.zip,202602101146,天塩郡遠別町字共栄,927,,
01486-4503-28.zip,202602101146,天塩郡遠別町字共栄,928,,
01486-4503-28.zip,202602101146,天塩郡遠別町字共栄,水-4,,
01486-4503-28.zip,202602101146,天塩郡遠別町字共栄,929,,
01486-4503-28.zip,202602101146,天塩郡遠別町字共栄,133-3,,
01486-4503-28.zip,202602101146,天塩郡遠別町字共栄,930,,
01486-4503-28.zip,202602101146,天塩郡遠別町字共栄,132-2,,
01486-4503-28.zip,202602101146,天塩郡遠別町字共栄,931,,
01486-4503-28.zip,202602101146,天塩郡遠別町字共栄,133-1,,
01486-4503-28.zip,202602101146,天塩郡遠別町字共栄,133-4,,
01486-4503-28.zip,202602101146,天塩郡遠別町字共栄,水-5,,
01486-4503-28.zip,202602101146,天塩郡遠別町字共栄,130-4,,
01486-4503-28.zip,202602101146,天塩郡遠別町字共栄,130-2,,
01486-4503-28.zip,202602101146,天塩郡遠別町字共栄,130-1,,
01486-4503-28.zip,202602101146,天塩郡遠別町字共栄,130-3,,
01486-4503-28.zip,202602101146,天塩郡遠別町字共栄,132-1,,
01486-4503-28.zip,202602101146,天塩郡遠別町字共栄,165-3,,
01486-4503-28.zip,202602101146,天塩郡遠別町字共栄,165-1,,
01486-4503-28.zip,202602101146,天塩郡遠別町字共栄,165-5,,
01486-4503-28.zip,202602101146,天塩郡遠別町字共栄,165-8,,
01486-4503-28.zip,202602101146,天塩郡遠別町字共栄,165-2,,
01486-4503-28.zip,202602101146,天塩郡遠別町字共栄,165-4,,
01486-4503-28.zip,202602101146,天塩郡遠別町字共栄,164-2,,
01486-4503-28.zip,202602101146,天塩郡遠別町字共栄,153-2,,
01486-4503-28.zip,202602101146,天塩郡遠別町字共栄,134-2,,
01486-4503-28.zip,202602101146,天塩郡遠別町字共栄,129-1,,
01486-4503-28.zip,202602101146,天塩郡遠別町字共栄,260-4,,
01486-4503-28.zip,202602101146,天塩郡遠別町字共栄,260-5,,
01486-4503-28.zip,202602101146,天塩郡遠別町字共栄,261-3,,
01486-4503-28.zip,202602101146,天塩郡遠別町字共栄,136-3,,
01486-4503-28.zip,202602101146,天塩郡遠別町字共栄,129-2,,
01486-4503-28.zip,202602101146,天塩郡遠別町字共栄,128-2,,
01486-4503-28.zip,202602101146,天塩郡遠別町字共栄,127-2,,
01486-4503-28.zip,202602101146,天塩郡遠別町字共栄,87-3,,
01486-4503-28.zip,202602101146,天塩郡遠別町字共栄,925,,
01486-4503-28.zip,202602101146,天塩郡遠別町字共栄,98-3,,
01486-4503-28.zip,202602101146,天塩郡遠別町字共栄,98-1,,
01486-4503-28.zip,202602101146,天塩郡遠別町字共栄,924,,
01486-4503-28.zip,202602101146,天塩郡遠別町字共栄,97-1,,
01486-4503-28.zip,202602101146,天塩郡遠別町字共栄,95-4,,
01486-4503-28.zip,202602101146,天塩郡遠別町字共栄,96-1,,
01486-4503-28.zip,202602101146,天塩郡遠別町字共栄,95-5,,
01486-4503-28.zip,202602101146,天塩郡遠別町字共栄,95-3,,
01486-4503-28.zip,202602101146,天塩郡遠別町字共栄,91-6,,
01486-4503-28.zip,202602101146,天塩郡遠別町字共栄,91-5,,
01486-4503-28.zip,202602101146,天塩郡遠別町字共栄,87-1,,
01486-4503-28.zip,202602101146,天塩郡遠別町字共栄,83-3,,
01486-4503-28.zip,202602101146,天塩郡遠別町字共栄,83-5,,
01486-4503-28.zip,202602101146,天塩郡遠別町字共栄,83-1,,
01486-4503-28.zip,202602101146,天塩郡遠別町字共栄,88-2,,
01486-4503-28.zip,202602101146,天塩郡遠別町字共栄,88-3,,
01486-4503-28.zip,202602101146,天塩郡遠別町字共栄,88-1,,
01486-4503-28.zip,202602101146,天塩郡遠別町字共栄,89-2,,
01486-4503-28.zip,202602101146,天塩郡遠別町字共栄,89-3,,
01486-4503-28.zip,202602101146,天塩郡遠別町字共栄,90,,
01486-4503-28.zip,202602101146,天塩郡遠別町字共栄,89-4,,
01486-4503-28.zip,202602101146,天塩郡遠別町字共栄,93-1,,
01486-4503-28.zip,202602101146,天塩郡遠別町字共栄,95-1,,
01486-4503-28.zip,202602101146,天塩郡遠別町字共栄,96-2,,
01486-4503-28.zip,202602101146,天塩郡遠別町字共栄,168-2,,
01486-4503-28.zip,202602101146,天塩郡遠別町字共栄,168-1,,
01486-4503-28.zip,202602101146,天塩郡遠別町字共栄,169,,
01486-4503-28.zip,202602101146,天塩郡遠別町字共栄,168-3,,
01486-4503-28.zip,202602101146,天塩郡遠別町字共栄,89-1,,
01486-4503-28.zip,202602101146,天塩郡遠別町字共栄,99-1,,
01486-4503-28.zip,202602101146,天塩郡遠別町字共栄,102,,
01486-4503-28.zip,202602101146,天塩郡遠別町字共栄,100-1,,
01486-4503-28.zip,202602101146,天塩郡遠別町字共栄,100-3,,
01486-4503-28.zip,202602101146,天塩郡遠別町字共栄,101-3,,
01486-4503-28.zip,202602101146,天塩郡遠別町字共栄,101-1,,
01486-4503-28.zip,202602101146,天塩郡遠別町字共栄,101-2,,
01486-4503-28.zip,202602101146,天塩郡遠別町字共栄,106-1,,
01486-4503-28.zip,202602101146,天塩郡遠別町字共栄,106-10,,
01486-4503-28.zip,202602101146,天塩郡遠別町字共栄,106-8,,
01486-4503-28.zip,202602101146,天塩郡遠別町字共栄,106-7,,
01486-4503-28.zip,202602101146,天塩郡遠別町字共栄,106-9,,
01486-4503-28.zip,202602101146,天塩郡遠別町字共栄,105-1,,
01486-4503-28.zip,202602101146,天塩郡遠別町字共栄,105-3,,
01486-4503-28.zip,202602101146,天塩郡遠別町字共栄,100-2,,
01486-4503-28.zip,202602101146,天塩郡遠別町,地区外-276315,,
01486-4503-28.zip,202602101146,天塩郡遠別町字共栄,103-3,,
01486-4503-28.zip,202602101146,天塩郡遠別町字共栄,103-2,,
01486-4503-28.zip,202602101146,天塩郡遠別町字共栄,89-6,,
01486-4503-28.zip,202602101146,天塩郡遠別町,地区外-276319,,
01486-4503-28.zip,202602101146,天塩郡遠別町字共栄,91-3,,
01486-4503-28.zip,202602101146,天塩郡遠別町,地区外-276321,,
01486-4503-28.zip,202602101146,天塩郡遠別町,地区外-276322,,
01486-4503-28.zip,202602101146,天塩郡遠別町字共栄,116-2,,
01486-4503-28.zip,202602101146,天塩郡遠別町字共栄,110,,
01486-4503-28.zip,202602101146,天塩郡遠別町字共栄,115-1,,
01486-4503-28.zip,202602101146,天塩郡遠別町字共栄,114-1,,
01486-4503-28.zip,202602101146,天塩郡遠別町字共栄,109-1,,
01486-4503-28.zip,202602101146,天塩郡遠別町字共栄,112-8,,
01486-4503-28.zip,202602101146,天塩郡遠別町字共栄,112-7,,
01486-4503-28.zip,202602101146,天塩郡遠別町字共栄,112-1,,
01486-4503-28.zip,202602101146,天塩郡遠別町字共栄,106-5,,
01486-4503-28.zip,202602101146,天塩郡遠別町字共栄,106-4,,
01486-4503-28.zip,202602101146,天塩郡遠別町字共栄,106-6,,
01486-4503-28.zip,202602101146,天塩郡遠別町字共栄,106-11,,
01486-4503-28.zip,202602101146,天塩郡遠別町字共栄,104-1,,
01486-4503-28.zip,202602101146,天塩郡遠別町字共栄,108,,
01486-4503-28.zip,202602101146,天塩郡遠別町字共栄,116-3,,
01486-4503-28.zip,202602101146,天塩郡遠別町字共栄,115-2,,
01486-4503-28.zip,202602101146,天塩郡遠別町字共栄,115-3,,
01486-4503-28.zip,202602101146,天塩郡遠別町字共栄,114-3,,
01486-4503-28.zip,202602101146,天塩郡遠別町字共栄,114-2,,
01486-4503-28.zip,202602101146,天塩郡遠別町字共栄,46-2,,
01486-4503-28.zip,202602101146,天塩郡遠別町字共栄,46-3,,
01486-4503-28.zip,202602101146,天塩郡遠別町字共栄,915,,
01486-4503-28.zip,202602101146,天塩郡遠別町字共栄,916,,
01486-4503-28.zip,202602101146,天塩郡遠別町字共栄,46-1,,
01486-4503-28.zip,202602101146,天塩郡遠別町字共栄,917,,
01486-4503-28.zip,202602101146,天塩郡遠別町字共栄,46-5,,
01486-4503-28.zip,202602101146,天塩郡遠別町字共栄,水-6,,
01486-4503-28.zip,202602101146,天塩郡遠別町字共栄,45,,
01486-4503-28.zip,202602101146,天塩郡遠別町字共栄,80,,
01486-4503-28.zip,202602101146,天塩郡遠別町字共栄,79-3,,
01486-4503-28.zip,202602101146,天塩郡遠別町字共栄,水-7,,
01486-4503-28.zip,202602101146,天塩郡遠別町字共栄,77-2,,
01486-4503-28.zip,202602101146,天塩郡遠別町字共栄,76,,
01486-4503-28.zip,202602101146,天塩郡遠別町字共栄,79-1,,
01486-4503-28.zip,202602101146,天塩郡遠別町字共栄,78-3,,
01486-4503-28.zip,202602101146,天塩郡遠別町字共栄,78-2,,
01486-4503-28.zip,202602101146,天塩郡遠別町字共栄,78-1,,
01486-4503-28.zip,202602101146,天塩郡遠別町字共栄,85-1,,
01486-4503-28.zip,202602101146,天塩郡遠別町字共栄,84-1,,
01486-4503-28.zip,202602101146,天塩郡遠別町字共栄,81-1,,
01486-4503-28.zip,202602101146,天塩郡遠別町字共栄,水-8,,
01486-4503-28.zip,202602101146,天塩郡遠別町字共栄,81-4,,
01486-4503-28.zip,202602101146,天塩郡遠別町字共栄,83-2,,
01486-4503-28.zip,202602101146,天塩郡遠別町字共栄,89-5,,
01486-4503-28.zip,202602101146,天塩郡遠別町,地区外-276367,,
01486-4503-28.zip,202602101146,天塩郡遠別町字共栄,81-6,,
01486-4503-28.zip,202602101146,天塩郡遠別町字共栄,81-2,,
01486-4503-28.zip,202602101146,天塩郡遠別町字共栄,82-2,,
01486-4503-28.zip,202602101146,天塩郡遠別町字共栄,81-3,,
01486-4503-28.zip,202602101146,天塩郡遠別町字共栄,22-2,,
01486-4503-28.zip,202602101146,天塩郡遠別町字共栄,22-1,,
01486-4503-28.zip,202602101146,天塩郡遠別町字共栄,28-3,,
01486-4503-28.zip,202602101146,天塩郡遠別町字共栄,28-4,,
01486-4503-28.zip,202602101146,天塩郡遠別町字共栄,28-1,,
01486-4503-28.zip,202602101146,天塩郡遠別町字共栄,28-2,,
01486-4503-28.zip,202602101146,天塩郡遠別町字共栄,28-5,,
01486-4503-28.zip,202602101146,天塩郡遠別町字共栄,水-9,,
01486-4503-28.zip,202602101146,天塩郡遠別町字共栄,29-1,,
01486-4503-28.zip,202602101146,天塩郡遠別町字共栄,30-4,,
01486-4503-28.zip,202602101146,天塩郡遠別町字共栄,7-3,,
01486-4503-28.zip,202602101146,天塩郡遠別町字共栄,30-1,,
01486-4503-28.zip,202602101146,天塩郡遠別町字共栄,33,,
01486-4503-28.zip,202602101146,天塩郡遠別町字共栄,27,,
01486-4503-28.zip,202602101146,天塩郡遠別町字共栄,12,,
01486-4503-28.zip,202602101146,天塩郡遠別町字共栄,920,,
01486-4503-28.zip,202602101146,天塩郡遠別町字共栄,919,,
01486-4503-28.zip,202602101146,天塩郡遠別町字共栄,114-4,,
01486-4503-28.zip,202602101146,天塩郡遠別町,地区外-276390,,
01486-4503-28.zip,202602101146,天塩郡遠別町字共栄,921,,
01486-4503-28.zip,202602101146,天塩郡遠別町字共栄,4-3,,
01486-4503-28.zip,202602101146,天塩郡遠別町字共栄,30-2,,
01486-4503-28.zip,202602101146,天塩郡遠別町字共栄,112-4,,
01486-4503-28.zip,202602101146,天塩郡遠別町字共栄,918,,
01486-4503-28.zip,202602101146,天塩郡遠別町字共栄,16-2,,
01486-4503-28.zip,202602101146,天塩郡遠別町字共栄,38-5,,
01486-4503-28.zip,202602101146,天塩郡遠別町字共栄,37-1,,
01486-4503-28.zip,202602101146,天塩郡遠別町字共栄,25-1,,
01486-4503-28.zip,202602101146,天塩郡遠別町字共栄,24-1,,
01486-4503-28.zip,202602101146,天塩郡遠別町字共栄,24-4,,
01486-4503-28.zip,202602101146,天塩郡遠別町字共栄,36-4,,
01486-4503-28.zip,202602101146,天塩郡遠別町字共栄,36-1,,
01486-4503-28.zip,202602101146,天塩郡遠別町字共栄,37-2,,
01486-4503-28.zip,202602101146,天塩郡遠別町字共栄,38-1,,
01486-4503-28.zip,202602101146,天塩郡遠別町字共栄,38-3,,
01486-4503-28.zip,202602101146,天塩郡遠別町字共栄,38-4,,
01486-4503-28.zip,202602101146,天塩郡遠別町字共栄,37-4,,
01486-4503-28.zip,202602101146,天塩郡遠別町字共栄,37-3,,
01486-4503-28.zip,202602101146,天塩郡遠別町字共栄,36-2,,
01486-4503-28.zip,202602101146,天塩郡遠別町字共栄,36-3,,
01486-4503-28.zip,202602101146,天塩郡遠別町字共栄,112-6,,
01486-4503-28.zip,202602101146,天塩郡遠別町字共栄,43-6,,
01486-4503-28.zip,202602101146,天塩郡遠別町字共栄,43-2,,
01486-4503-28.zip,202602101146,天塩郡遠別町字共栄,水-10,,
01486-4503-28.zip,202602101146,天塩郡遠別町字共栄,43-4,,
01486-4503-28.zip,202602101146,天塩郡遠別町字共栄,43-7,,
01486-4503-28.zip,202602101146,天塩郡遠別町字共栄,43-1,,
01486-4503-28.zip,202602101146,天塩郡遠別町字共栄,40-2,,
01486-4503-28.zip,202602101146,天塩郡遠別町字共栄,43-5,,
01486-4503-28.zip,202602101146,天塩郡遠別町字共栄,44,,
01486-4503-28.zip,202602101146,天塩郡遠別町字共栄,40-3,,
01486-4503-28.zip,202602101146,天塩郡遠別町字共栄,40-4,,
01486-4503-28.zip,202602101146,天塩郡遠別町字共栄,40-1,,
01486-4503-28.zip,202602101146,天塩郡遠別町字共栄,42-1,,
01486-4503-28.zip,202602101146,天塩郡遠別町字共栄,4-2,,
01486-4503-28.zip,202602101146,天塩郡遠別町,地区外-276427,,
01486-4503-28.zip,202602101146,天塩郡遠別町字共栄,29-2,,
01486-4503-28.zip,202602101146,天塩郡遠別町字共栄,21-1,,
01486-4503-28.zip,202602101146,天塩郡遠別町字共栄,8-4,,
01486-4503-28.zip,202602101146,天塩郡遠別町字共栄,29-5,,
01486-4503-28.zip,202602101146,天塩郡遠別町字共栄,21-5,,
01486-4503-28.zip,202602101146,天塩郡遠別町字共栄,21-4,,
01486-4503-28.zip,202602101146,天塩郡遠別町字共栄,21-2,,
01486-4503-28.zip,202602101146,天塩郡遠別町字共栄,29-4,,
01486-4503-28.zip,202602101146,天塩郡遠別町字共栄,71-1,,
01486-4503-28.zip,202602101146,天塩郡遠別町,地区外-276437,,
01486-4503-28.zip,202602101146,天塩郡遠別町字共栄,71-3,,
01486-4503-28.zip,202602101146,天塩郡遠別町字共栄,72-1,,
01486-4503-28.zip,202602101146,天塩郡遠別町字共栄,911,,
01486-4503-28.zip,202602101146,天塩郡遠別町字共栄,912,,
01486-4503-28.zip,202602101146,天塩郡遠別町字共栄,913,,
01486-4503-28.zip,202602101146,天塩郡遠別町字共栄,914,,
01486-4503-28.zip,202602101146,天塩郡遠別町字共栄,75-3,,
01486-4503-28.zip,202602101146,天塩郡遠別町字共栄,75-1,,
01486-4503-28.zip,202602101146,天塩郡遠別町字共栄,74,,
01486-4503-28.zip,202602101146,天塩郡遠別町字共栄,48,,
01486-4503-28.zip,202602101146,天塩郡遠別町字共栄,49,,
01486-4503-28.zip,202602101146,天塩郡遠別町字共栄,46-4,,
01486-4503-28.zip,202602101146,天塩郡遠別町字共栄,43-3,,
01486-4503-28.zip,202602101146,天塩郡遠別町字共栄,54-2,,
01486-4503-28.zip,202602101146,天塩郡遠別町字共栄,54-3,,
01486-4503-28.zip,202602101146,天塩郡遠別町字共栄,54-4,,
01486-4503-28.zip,202602101146,天塩郡遠別町字共栄,55-2,,
01486-4503-28.zip,202602101146,天塩郡遠別町字共栄,55-3,,
01486-4503-28.zip,202602101146,天塩郡遠別町字共栄,56-9,,
01486-4503-28.zip,202602101146,天塩郡遠別町字共栄,56-1,,
01486-4503-28.zip,202602101146,天塩郡遠別町字共栄,56-12,,
01486-4503-28.zip,202602101146,天塩郡遠別町字共栄,56-13,,
01486-4503-28.zip,202602101146,天塩郡遠別町字共栄,56-7,,
01486-4503-28.zip,202602101146,天塩郡遠別町字共栄,56-10,,
01486-4503-28.zip,202602101146,天塩郡遠別町字共栄,54-1,,
01486-4503-28.zip,202602101146,天塩郡遠別町字共栄,55-1,,
01486-4503-28.zip,202602101146,天塩郡遠別町字共栄,56-11,,
01486-4503-28.zip,202602101146,天塩郡遠別町字共栄,57-4,,
01486-4503-28.zip,202602101146,天塩郡遠別町字共栄,57-1,,
01486-4503-28.zip,202602101146,天塩郡遠別町字共栄,56-8,,
01486-4503-28.zip,202602101146,天塩郡遠別町字共栄,58-2,,
01486-4503-28.zip,202602101146,天塩郡遠別町字共栄,59-5,,
01486-4503-28.zip,202602101146,天塩郡遠別町字共栄,59-1,,
01486-4503-28.zip,202602101146,天塩郡遠別町字共栄,59-6,,
01486-4503-28.zip,202602101146,天塩郡遠別町字共栄,58-1,,
01486-4503-28.zip,202602101146,天塩郡遠別町字共栄,59-9,,
01486-4503-28.zip,202602101146,天塩郡遠別町字共栄,59-8,,
01486-4503-28.zip,202602101146,天塩郡遠別町字共栄,59-7,,
01486-4503-28.zip,202602101146,天塩郡遠別町字共栄,13-1,,
01486-4503-28.zip,202602101146,天塩郡遠別町字共栄,24-3,,
01486-4503-28.zip,202602101146,天塩郡遠別町字共栄,23-3,,
01486-4503-28.zip,202602101146,天塩郡遠別町字共栄,23-1,,
01486-4503-28.zip,202602101146,天塩郡遠別町字共栄,11,,
01486-4503-28.zip,202602101146,天塩郡遠別町字共栄,18,,
01486-4503-28.zip,202602101146,天塩郡遠別町字共栄,9,,
01486-4503-28.zip,202602101146,天塩郡遠別町字共栄,62-1,,
01486-4503-28.zip,202602101146,天塩郡遠別町字共栄,62-3,,
01486-4503-28.zip,202602101146,天塩郡遠別町字共栄,64-7,,
01486-4503-28.zip,202602101146,天塩郡遠別町字共栄,64-1,,
01486-4503-28.zip,202602101146,天塩郡遠別町字共栄,62-2,,
01486-4503-28.zip,202602101146,天塩郡遠別町字共栄,63-1,,
01486-4503-28.zip,202602101146,天塩郡遠別町字共栄,64-6,,
01486-4503-28.zip,202602101146,天塩郡遠別町字共栄,64-5,,
01486-4503-28.zip,202602101146,天塩郡遠別町字共栄,64-8,,
01486-4503-28.zip,202602101146,天塩郡遠別町字共栄,64-2,,
01486-4503-28.zip,202602101146,天塩郡遠別町字共栄,53-1,,
01486-4503-28.zip,202602101146,天塩郡遠別町字共栄,53-6,,
01486-4503-28.zip,202602101146,天塩郡遠別町字共栄,53-7,,
01486-4503-28.zip,202602101146,天塩郡遠別町字共栄,53-2,,
01486-4503-28.zip,202602101146,天塩郡遠別町字共栄,53-5,,
01486-4503-28.zip,202602101146,天塩郡遠別町字共栄,53-4,,
01486-4503-28.zip,202602101146,天塩郡遠別町字共栄,53-3,,
01486-4503-28.zip,202602101146,天塩郡遠別町字共栄,52-3,,
01486-4503-28.zip,202602101146,天塩郡遠別町字共栄,52-4,,
01486-4503-28.zip,202602101146,天塩郡遠別町字共栄,52-5,,
01486-4503-28.zip,202602101146,天塩郡遠別町字共栄,52-2,,
01486-4503-28.zip,202602101146,天塩郡遠別町字共栄,52-7,,
01486-4503-28.zip,202602101146,天塩郡遠別町字共栄,52-6,,
01486-4503-28.zip,202602101146,天塩郡遠別町字共栄,51-2,,
01486-4503-28.zip,202602101146,天塩郡遠別町字共栄,50-1,,
01486-4503-28.zip,202602101146,天塩郡遠別町字共栄,72-2,,
01486-4503-28.zip,202602101146,天塩郡遠別町,地区外-276509,,
01486-4503-28.zip,202602101146,天塩郡遠別町字共栄,64-3,,
01486-4503-28.zip,202602101146,天塩郡遠別町字共栄,66-1,,
01486-4503-28.zip,202602101146,天塩郡遠別町字共栄,51-1,,
01486-4503-28.zip,202602101146,天塩郡遠別町字共栄,67,,
01486-4503-28.zip,202602101146,天塩郡遠別町字共栄,50-2,,
01486-4503-28.zip,202602101146,天塩郡遠別町字共栄,52-1,,
01486-4503-28.zip,202602101146,天塩郡遠別町,地区外-276516,,
01486-4503-28.zip,202602101146,天塩郡遠別町字共栄,909,,
01486-4503-28.zip,202602101146,天塩郡遠別町字共栄,833,,
01486-4503-28.zip,202602101146,天塩郡遠別町字共栄,13-2,,
01486-4503-28.zip,202602101146,天塩郡遠別町字共栄,13-3,,
01486-4503-28.zip,202602101146,天塩郡遠別町字共栄,10,,
01486-4503-28.zip,202602101146,天塩郡遠別町字共栄,8-1,,
01486-4503-28.zip,202602101146,天塩郡遠別町字共栄,8-6,,
01486-4503-28.zip,202602101146,天塩郡遠別町字共栄,60-2,,
01486-4503-28.zip,202602101146,天塩郡遠別町字共栄,61-1,,
01486-4503-28.zip,202602101146,天塩郡遠別町字共栄,908,,
01486-4503-28.zip,202602101146,天塩郡遠別町字共栄,60-1,,
01486-4503-28.zip,202602101146,天塩郡遠別町字共栄,907,,
01486-4503-28.zip,202602101146,天塩郡遠別町字共栄,62-5,,
01486-4503-28.zip,202602101146,天塩郡遠別町字共栄,62-4,,
01486-4503-28.zip,202602101146,天塩郡遠別町字共栄,水-11,,
01486-4503-28.zip,202602101146,天塩郡遠別町字共栄,63-3,,
01486-4503-28.zip,202602101146,天塩郡遠別町字共栄,63-2,,
01486-4503-28.zip,202602101146,天塩郡遠別町字共栄,63-4,,
01486-4503-28.zip,202602101146,天塩郡遠別町字共栄,66-2,,
01486-4503-28.zip,202602101146,天塩郡遠別町字共栄,68-2,,
01486-4503-28.zip,202602101146,天塩郡遠別町字共栄,69-1,,
01486-4503-28.zip,202602101146,天塩郡遠別町,地区外-276538,,
01486-4503-28.zip,202602101146,天塩郡遠別町字共栄,69-2,,
01486-4503-28.zip,202602101146,天塩郡遠別町字共栄,70,,
01486-4503-28.zip,202602101146,天塩郡遠別町字共栄,71-2,,
01486-4503-28.zip,202602101146,天塩郡遠別町字共栄,68-1,,
01486-4503-28.zip,202602101146,天塩郡遠別町字共栄,68-3,,
01486-4503-28.zip,202602101146,天塩郡遠別町字共栄,66-3,,
01486-4503-28.zip,202602101146,天塩郡遠別町字共栄,64-4,,
01486-4503-28.zip,202602101146,天塩郡遠別町字共栄,66-4,,
01486-4503-28.zip,202602101146,天塩郡遠別町字共栄,64-9,,
01486-4503-28.zip,202602101146,天塩郡遠別町,地区外-276548,,
01486-4503-28.zip,202602101146,天塩郡遠別町字共栄,256-1,,
01486-4503-28.zip,202602101146,天塩郡遠別町字共栄,256-8,,
01486-4503-28.zip,202602101146,天塩郡遠別町字共栄,941,,
01486-4503-28.zip,202602101146,天塩郡遠別町字共栄,水-12,,
01486-4503-28.zip,202602101146,天塩郡遠別町字共栄,256-4,,
01486-4503-28.zip,202602101146,天塩郡遠別町字共栄,940,,
01486-4503-28.zip,202602101146,天塩郡遠別町字共栄,水-13,,
01486-4503-28.zip,202602101146,天塩郡遠別町字共栄,942,,
01486-4503-28.zip,202602101146,天塩郡遠別町字共栄,300-1,,
01486-4503-28.zip,202602101146,天塩郡遠別町字共栄,300-4,,
01486-4503-28.zip,202602101146,天塩郡遠別町字共栄,962,,
01486-4503-28.zip,202602101146,天塩郡遠別町字共栄,299-3,,
01486-4503-28.zip,202602101146,天塩郡遠別町字共栄,299-6,,
01486-4503-28.zip,202602101146,天塩郡遠別町字共栄,966,,
01486-4503-28.zip,202602101146,天塩郡遠別町字共栄,299-1,,
01486-4503-28.zip,202602101146,天塩郡遠別町字共栄,967,,
01486-4503-28.zip,202602101146,天塩郡遠別町字共栄,963,,
01486-4503-28.zip,202602101146,天塩郡遠別町字共栄,299-7,,
01486-4503-28.zip,202602101146,天塩郡遠別町字共栄,299-4,,
01486-4503-28.zip,202602101146,天塩郡遠別町字共栄,968,,
01486-4503-28.zip,202602101146,天塩郡遠別町,地区外-276569,,
01486-4503-28.zip,202602101146,天塩郡遠別町字共栄,964,,
01486-4503-28.zip,202602101146,天塩郡遠別町字共栄,961,,
01486-4503-28.zip,202602101146,天塩郡遠別町字共栄,969,,
01486-4503-28.zip,202602101146,天塩郡遠別町字共栄,965,,
01486-4503-28.zip,202602101146,天塩郡遠別町字共栄,298-1,,
01486-4503-28.zip,202602101146,天塩郡遠別町字共栄,298-2,,
01486-4503-28.zip,202602101146,天塩郡遠別町字共栄,297,,
01486-4503-28.zip,202602101146,天塩郡遠別町字共栄,水-14,,
01486-4503-28.zip,202602101146,天塩郡遠別町字共栄,302-1,,
01486-4503-28.zip,202602101146,天塩郡遠別町字共栄,302-2,,
01486-4503-28.zip,202602101146,天塩郡遠別町字共栄,973,,
01486-4503-28.zip,202602101146,天塩郡遠別町字共栄,972,,
01486-4503-28.zip,202602101146,天塩郡遠別町字共栄,971,,
01486-4503-28.zip,202602101146,天塩郡遠別町字共栄,970,,
01486-4503-28.zip,202602101146,天塩郡遠別町字共栄,991,,
01486-4503-28.zip,202602101146,天塩郡遠別町字共栄,308-3,,
01486-4503-28.zip,202602101146,天塩郡遠別町字共栄,304-1,,
01486-4503-28.zip,202602101146,天塩郡遠別町字共栄,307-2,,
01486-4503-28.zip,202602101146,天塩郡遠別町字共栄,307-3,,
01486-4503-28.zip,202602101146,天塩郡遠別町字共栄,304-6,,
01486-4503-28.zip,202602101146,天塩郡遠別町字共栄,303-2,,
01486-4503-28.zip,202602101146,天塩郡遠別町字共栄,304-2,,
01486-4503-28.zip,202602101146,天塩郡遠別町字共栄,960,,
01486-4503-28.zip,202602101146,天塩郡遠別町字共栄,308-1,,
01486-4503-28.zip,202602101146,天塩郡遠別町字共栄,308-4,,
01486-4503-28.zip,202602101146,天塩郡遠別町字共栄,307-1,,
01486-4503-28.zip,202602101146,天塩郡遠別町字共栄,304-5,,
01486-4503-28.zip,202602101146,天塩郡遠別町字共栄,256-10,,
01486-4503-28.zip,202602101146,天塩郡遠別町字共栄,256-9,,
01486-4503-28.zip,202602101146,天塩郡遠別町,地区外-276599,,
01486-4503-28.zip,202602101146,天塩郡遠別町字共栄,256-7,,
01486-4503-28.zip,202602101146,天塩郡遠別町字共栄,943,,
01486-4503-28.zip,202602101146,天塩郡遠別町字共栄,944,,
01486-4503-28.zip,202602101146,天塩郡遠別町字共栄,299-2,,
01486-4503-28.zip,202602101146,天塩郡遠別町字共栄,299-5,,
01486-4503-28.zip,202602101146,天塩郡遠別町字共栄,253-3,,
01486-4503-28.zip,202602101146,天塩郡遠別町字共栄,253-4,,
01486-4503-28.zip,202602101146,天塩郡遠別町字共栄,253-1,,
01486-4503-28.zip,202602101146,天塩郡遠別町字共栄,252-3,,
01486-4503-28.zip,202602101146,天塩郡遠別町字共栄,254-2,,
01486-4503-28.zip,202602101146,天塩郡遠別町字共栄,254-1,,
01486-4503-28.zip,202602101146,天塩郡遠別町字共栄,257-3,,
01486-4503-28.zip,202602101146,天塩郡遠別町字共栄,252-1,,
01486-4503-28.zip,202602101146,天塩郡遠別町字共栄,939,,
01486-4503-28.zip,202602101146,天塩郡遠別町字共栄,300-2,,
01486-4503-28.zip,202602101146,天塩郡遠別町字共栄,307-6,,
01486-4503-28.zip,202602101146,天塩郡遠別町,地区外-276616,,
01486-4503-28.zip,202602101146,天塩郡遠別町字共栄,990,,
01486-4503-28.zip,202602101146,天塩郡遠別町字共栄,308-2,,
01486-4503-28.zip,202602101146,天塩郡遠別町字共栄,249-2,,
01486-4503-28.zip,202602101146,天塩郡遠別町字共栄,245-2,,
01486-4503-28.zip,202602101146,天塩郡遠別町字共栄,249-1,,
01486-4503-28.zip,202602101146,天塩郡遠別町字共栄,246,,
01486-4503-28.zip,202602101146,天塩郡遠別町字共栄,251-3,,
01486-4503-28.zip,202602101146,天塩郡遠別町字共栄,251-5,,
01486-4503-28.zip,202602101146,天塩郡遠別町字共栄,251-1,,
01486-4503-28.zip,202602101146,天塩郡遠別町字共栄,251-4,,
01486-4503-28.zip,202602101146,天塩郡遠別町字共栄,245-3,,
01486-4503-28.zip,202602101146,天塩郡遠別町字共栄,245-4,,
01486-4503-28.zip,202602101146,天塩郡遠別町字共栄,245-1,,
01486-4503-28.zip,202602101146,天塩郡遠別町字共栄,247,,
01486-4503-28.zip,202602101146,天塩郡遠別町字共栄,249-5,,
01486-4503-28.zip,202602101146,天塩郡遠別町字共栄,260-8,,
01486-4503-28.zip,202602101146,天塩郡遠別町字共栄,259-4,,
01486-4503-28.zip,202602101146,天塩郡遠別町,地区外-276634,,
01486-4503-28.zip,202602101146,天塩郡遠別町字共栄,260-2,,
01486-4503-28.zip,202602101146,天塩郡遠別町字共栄,260-3,,
01486-4503-28.zip,202602101146,天塩郡遠別町字共栄,258-3,,
01486-4503-28.zip,202602101146,天塩郡遠別町字共栄,259-6,,
01486-4503-28.zip,202602101146,天塩郡遠別町字共栄,259-3,,
01486-4503-28.zip,202602101146,天塩郡遠別町字共栄,258-8,,
01486-4503-28.zip,202602101146,天塩郡遠別町字共栄,256-3,,
01486-4503-28.zip,202602101146,天塩郡遠別町字共栄,258-1,,
01486-4503-28.zip,202602101146,天塩郡遠別町字共栄,258-5,,
01486-4503-28.zip,202602101146,天塩郡遠別町字共栄,258-7,,
01486-4503-28.zip,202602101146,天塩郡遠別町字共栄,256-5,,
01486-4503-28.zip,202602101146,天塩郡遠別町字共栄,258-6,,
01486-4503-28.zip,202602101146,天塩郡遠別町字共栄,255,,
01486-4503-28.zip,202602101146,天塩郡遠別町字共栄,257-1,,
01486-4503-28.zip,202602101146,天塩郡遠別町字共栄,257-2,,
01486-4503-28.zip,202602101146,天塩郡遠別町字共栄,256-2,,
01486-4503-28.zip,202602101146,天塩郡遠別町字共栄,267-2,,
01486-4503-28.zip,202602101146,天塩郡遠別町字共栄,267-3,,
01486-4503-28.zip,202602101146,天塩郡遠別町字共栄,256-6,,
01486-4503-28.zip,202602101146,天塩郡遠別町字共栄,229-3,,
01486-4503-28.zip,202602101146,天塩郡遠別町字共栄,241-1,,
01486-4503-28.zip,202602101146,天塩郡遠別町字共栄,241-4,,
01486-4503-28.zip,202602101146,天塩郡遠別町字共栄,229-6,,
01486-4503-28.zip,202602101146,天塩郡遠別町字共栄,241-3,,
01486-4503-28.zip,202602101146,天塩郡遠別町,地区外-276659,,
01486-4503-28.zip,202602101146,天塩郡遠別町字共栄,242-2,,
01486-4503-28.zip,202602101146,天塩郡遠別町字共栄,241-2,,
01486-4503-28.zip,202602101146,天塩郡遠別町字共栄,水-15,,
01486-4503-28.zip,202602101146,天塩郡遠別町字共栄,138-2,,
01486-4503-28.zip,202602101146,天塩郡遠別町字共栄,138-1,,
01486-4503-28.zip,202602101146,天塩郡遠別町字共栄,137-2,,
01486-4503-28.zip,202602101146,天塩郡遠別町字共栄,260-6,,
01486-4503-28.zip,202602101146,天塩郡遠別町,地区外-276667,,
01486-4503-28.zip,202602101146,天塩郡遠別町字共栄,260-9,,
01486-4503-28.zip,202602101146,天塩郡遠別町字共栄,834-2,,
01486-4503-28.zip,202602101146,天塩郡遠別町字共栄,260-10,,
01486-4503-28.zip,202602101146,天塩郡遠別町字共栄,834-1,,
01486-4503-28.zip,202602101146,天塩郡遠別町字共栄,260-7,,
01486-4503-28.zip,202602101146,天塩郡遠別町字共栄,259-1,,
01486-4503-28.zip,202602101146,天塩郡遠別町字共栄,259-5,,
01486-4503-28.zip,202602101146,天塩郡遠別町字共栄,259-2,,
01486-4503-28.zip,202602101146,天塩郡遠別町字共栄,258-2,,
01486-4503-28.zip,202602101146,天塩郡遠別町字共栄,938,,
01486-4503-28.zip,202602101146,天塩郡遠別町字共栄,937,,
01486-4503-28.zip,202602101146,天塩郡遠別町字共栄,237-1,,
01486-4503-28.zip,202602101146,天塩郡遠別町字共栄,236,,
01486-4503-28.zip,202602101146,天塩郡遠別町字共栄,244-7,,
01486-4503-28.zip,202602101146,天塩郡遠別町字共栄,244-1,,
01486-4503-28.zip,202602101146,天塩郡遠別町字共栄,239-1,,
01486-4503-28.zip,202602101146,天塩郡遠別町字共栄,238-1,,
01486-4503-28.zip,202602101146,天塩郡遠別町字共栄,237-3,,
01486-4503-28.zip,202602101146,天塩郡遠別町字共栄,237-2,,
01486-4503-28.zip,202602101146,天塩郡遠別町字共栄,244-2,,
01486-4503-28.zip,202602101146,天塩郡遠別町字共栄,244-3,,
01486-4503-28.zip,202602101146,天塩郡遠別町,地区外-276689,,
01486-4503-28.zip,202602101146,天塩郡遠別町字共栄,137-4,,
01486-4503-28.zip,202602101146,天塩郡遠別町字共栄,185-2,,
01486-4503-28.zip,202602101146,天塩郡遠別町字共栄,186-11,,
01486-4503-28.zip,202602101146,天塩郡遠別町字共栄,186-1,,
01486-4503-28.zip,202602101146,天塩郡遠別町字共栄,185-1,,
01486-4503-28.zip,202602101146,天塩郡遠別町字共栄,186-9,,
01486-4503-28.zip,202602101146,天塩郡遠別町字共栄,147-7,,
01486-4503-28.zip,202602101146,天塩郡遠別町字共栄,146-3,,
01486-4503-28.zip,202602101146,天塩郡遠別町字共栄,147-2,,
01486-4503-28.zip,202602101146,天塩郡遠別町字共栄,147-6,,
01486-4503-28.zip,202602101146,天塩郡遠別町字共栄,146-2,,
01486-4503-28.zip,202602101146,天塩郡遠別町字共栄,147-1,,
01486-4503-28.zip,202602101146,天塩郡遠別町字共栄,147-3,,
01486-4503-28.zip,202602101146,天塩郡遠別町字共栄,147-8,,
01486-4503-28.zip,202602101146,天塩郡遠別町字共栄,142,,
01486-4503-28.zip,202602101146,天塩郡遠別町字共栄,147-4,,
01486-4503-28.zip,202602101146,天塩郡遠別町字共栄,146-1,,
01486-4503-28.zip,202602101146,天塩郡遠別町字共栄,185-3,,
01486-4503-29.zip,202602101146,天塩郡遠別町字共栄,500-2,,
01486-4503-29.zip,202602101146,天塩郡遠別町字共栄,水-1,,
01486-4503-29.zip,202602101146,天塩郡遠別町字共栄,564-9,,
01486-4503-29.zip,202602101146,天塩郡遠別町字共栄,987,,
01486-4503-29.zip,202602101146,天塩郡遠別町字共栄,558-1,,
01486-4503-29.zip,202602101146,天塩郡遠別町字共栄,566,,
01486-4503-29.zip,202602101146,天塩郡遠別町字共栄,水-2,,
01486-4503-29.zip,202602101146,天塩郡遠別町字共栄,565,,
01486-4503-29.zip,202602101146,天塩郡遠別町字共栄,564-3,,
01486-4503-29.zip,202602101146,天塩郡遠別町字共栄,564-8,,
01486-4503-29.zip,202602101146,天塩郡遠別町,地区外-277871,,
01486-4503-29.zip,202602101146,天塩郡遠別町,地区外-277873,,
01486-4503-29.zip,202602101146,天塩郡遠別町字共栄,564-2,,
01486-4503-29.zip,202602101146,天塩郡遠別町字共栄,564-6,,
01486-4503-29.zip,202602101146,天塩郡遠別町字共栄,564-7,,
01486-4503-29.zip,202602101146,天塩郡遠別町字共栄,564-4,,
01486-4503-29.zip,202602101146,天塩郡遠別町字共栄,564-5,,
01486-4503-29.zip,202602101146,天塩郡遠別町字共栄,906,,
01486-4503-29.zip,202602101146,天塩郡遠別町字共栄,543,,
01486-4503-29.zip,202602101146,天塩郡遠別町字共栄,541,,
01486-4503-29.zip,202602101146,天塩郡遠別町字共栄,662,,
01486-4503-29.zip,202602101146,天塩郡遠別町,地区外-277883,,
01486-4503-29.zip,202602101146,天塩郡遠別町字共栄,水-4,,
01486-4503-29.zip,202602101146,天塩郡遠別町字共栄,569,,
01486-4503-29.zip,202602101146,天塩郡遠別町字共栄,988,,
01486-4503-29.zip,202602101146,天塩郡遠別町字共栄,570,,
01486-4503-29.zip,202602101146,天塩郡遠別町,地区外-277888,,
01486-4503-29.zip,202602101146,天塩郡遠別町,地区外-277889,,
01486-4503-29.zip,202602101146,天塩郡遠別町字共栄,838,,
01486-4503-29.zip,202602101146,天塩郡遠別町字共栄,212,,
01486-4503-29.zip,202602101146,天塩郡遠別町字共栄,369-1,,
01486-4503-29.zip,202602101146,天塩郡遠別町字共栄,358-1,,
01486-4503-29.zip,202602101146,天塩郡遠別町字共栄,水-5,,
01486-4503-29.zip,202602101146,天塩郡遠別町字共栄,358-2,,
01486-4503-29.zip,202602101146,天塩郡遠別町字共栄,874,,
01486-4503-29.zip,202602101146,天塩郡遠別町字共栄,359,,
01486-4503-29.zip,202602101146,天塩郡遠別町字共栄,360-1,,
01486-4503-29.zip,202602101146,天塩郡遠別町字共栄,360-2,,
01486-4503-29.zip,202602101146,天塩郡遠別町字共栄,875,,
01486-4503-29.zip,202602101146,天塩郡遠別町字共栄,361-2,,
01486-4503-29.zip,202602101146,天塩郡遠別町字共栄,361-1,,
01486-4503-29.zip,202602101146,天塩郡遠別町字共栄,365-1,,
01486-4503-29.zip,202602101146,天塩郡遠別町字共栄,364-1,,
01486-4503-29.zip,202602101146,天塩郡遠別町字共栄,368-1,,
01486-4503-29.zip,202602101146,天塩郡遠別町字共栄,362-2,,
01486-4503-29.zip,202602101146,天塩郡遠別町字共栄,362-3,,
01486-4503-29.zip,202602101146,天塩郡遠別町字共栄,362-1,,
01486-4503-29.zip,202602101146,天塩郡遠別町字共栄,877,,
01486-4503-29.zip,202602101146,天塩郡遠別町字共栄,363-1,,
01486-4503-29.zip,202602101146,天塩郡遠別町字共栄,876,,
01486-4503-29.zip,202602101146,天塩郡遠別町字共栄,363-2,,
01486-4503-29.zip,202602101146,天塩郡遠別町字共栄,368-3,,
01486-4503-29.zip,202602101146,天塩郡遠別町字共栄,365-4,,
01486-4503-29.zip,202602101146,天塩郡遠別町字共栄,368-4,,
01486-4503-29.zip,202602101146,天塩郡遠別町,地区外-277916,,
01486-4503-29.zip,202602101146,天塩郡遠別町字共栄,367,,
01486-4503-29.zip,202602101146,天塩郡遠別町字共栄,366-2,,
01486-4503-29.zip,202602101146,天塩郡遠別町字共栄,366-1,,
01486-4503-29.zip,202602101146,天塩郡遠別町,地区外-277920,,
01486-4503-29.zip,202602101146,天塩郡遠別町字共栄,水-6,,
01486-4503-29.zip,202602101146,天塩郡遠別町字共栄,208,,
01486-4503-29.zip,202602101146,天塩郡遠別町字共栄,846,,
01486-4503-29.zip,202602101146,天塩郡遠別町字共栄,209,,
01486-4503-29.zip,202602101146,天塩郡遠別町字共栄,847,,
01486-4503-29.zip,202602101146,天塩郡遠別町,地区外-277926,,
01486-4503-29.zip,202602101146,天塩郡遠別町字共栄,211,,
01486-4503-29.zip,202602101146,天塩郡遠別町,地区外-277928,,
01486-4503-29.zip,202602101146,天塩郡遠別町字共栄,207,,
01486-4503-29.zip,202602101146,天塩郡遠別町字共栄,848,,
01486-4503-29.zip,202602101146,天塩郡遠別町字共栄,210,,
01486-4503-29.zip,202602101146,天塩郡遠別町,地区外-277932,,
01486-4503-29.zip,202602101146,天塩郡遠別町字共栄,213,,
01486-4503-29.zip,202602101146,天塩郡遠別町字共栄,854,,
01486-4503-29.zip,202602101146,天塩郡遠別町字共栄,855,,
01486-4503-29.zip,202602101146,天塩郡遠別町字共栄,580-8,,
01486-4503-29.zip,202602101146,天塩郡遠別町字共栄,853,,
01486-4503-29.zip,202602101146,天塩郡遠別町字共栄,217-1,,
01486-4503-29.zip,202602101146,天塩郡遠別町字共栄,218-1,,
01486-4503-29.zip,202602101146,天塩郡遠別町字共栄,852,,
01486-4503-29.zip,202602101146,天塩郡遠別町字共栄,578-10,,
01486-4503-29.zip,202602101146,天塩郡遠別町字共栄,856,,
01486-4503-29.zip,202602101146,天塩郡遠別町字共栄,347-1,,
01486-4503-29.zip,202602101146,天塩郡遠別町字共栄,621-1,,
01486-4503-29.zip,202602101146,天塩郡遠別町字共栄,857,,
01486-4503-29.zip,202602101146,天塩郡遠別町字共栄,338-3,,
01486-4503-29.zip,202602101146,天塩郡遠別町字共栄,580-7,,
01486-4503-29.zip,202602101146,天塩郡遠別町字共栄,365-5,,
01486-4503-29.zip,202602101146,天塩郡遠別町字共栄,365-6,,
01486-4503-29.zip,202602101146,天塩郡遠別町字共栄,873,,
01486-4503-29.zip,202602101146,天塩郡遠別町,地区外-277951,,
01486-4503-29.zip,202602101146,天塩郡遠別町字共栄,574-1,,
01486-4503-29.zip,202602101146,天塩郡遠別町字共栄,205,,
01486-4503-29.zip,202602101146,天塩郡遠別町字共栄,851,,
01486-4503-29.zip,202602101146,天塩郡遠別町字共栄,192,,
01486-4503-29.zip,202602101146,天塩郡遠別町字共栄,575-1,,
01486-4503-29.zip,202602101146,天塩郡遠別町字共栄,573-1,,
01486-4503-29.zip,202602101146,天塩郡遠別町字共栄,575-8,,
01486-4503-29.zip,202602101146,天塩郡遠別町字共栄,578-1,,
01486-4503-29.zip,202602101146,天塩郡遠別町字共栄,580-1,,
01486-4503-29.zip,202602101146,天塩郡遠別町字共栄,580-3,,
01486-4503-29.zip,202602101146,天塩郡遠別町字共栄,580-6,,
01486-4503-29.zip,202602101146,天塩郡遠別町字共栄,580-2,,
01486-4503-29.zip,202602101146,天塩郡遠別町字共栄,578-5,,
01486-4503-29.zip,202602101146,天塩郡遠別町字共栄,578-2,,
01486-4503-29.zip,202602101146,天塩郡遠別町字共栄,579-4,,
01486-4503-29.zip,202602101146,天塩郡遠別町字共栄,577-1,,
01486-4503-29.zip,202602101146,天塩郡遠別町字共栄,576-1,,
01486-4503-29.zip,202602101146,天塩郡遠別町字共栄,579-1,,
01486-4503-29.zip,202602101146,天塩郡遠別町字共栄,574-2,,
01486-4503-29.zip,202602101146,天塩郡遠別町字共栄,575-7,,
01486-4503-29.zip,202602101146,天塩郡遠別町字共栄,575-6,,
01486-4503-29.zip,202602101146,天塩郡遠別町字共栄,578-4,,
01486-4503-29.zip,202602101146,天塩郡遠別町字共栄,578-3,,
01486-4503-29.zip,202602101146,天塩郡遠別町,地区外-277975,,
01486-4503-29.zip,202602101146,天塩郡遠別町,地区外-277976,,
01486-4503-29.zip,202602101146,天塩郡遠別町字共栄,206,,
01486-4503-29.zip,202602101146,天塩郡遠別町,地区外-277978,,
01486-4503-29.zip,202602101146,天塩郡遠別町字共栄,839,,
01486-4503-29.zip,202602101146,天塩郡遠別町字共栄,840,,
01486-4503-29.zip,202602101146,天塩郡遠別町字共栄,572-1,,
01486-4503-29.zip,202602101146,天塩郡遠別町字共栄,572-2,,
01486-4503-29.zip,202602101146,天塩郡遠別町字共栄,841,,
01486-4503-29.zip,202602101146,天塩郡遠別町字共栄,842,,
01486-4503-29.zip,202602101146,天塩郡遠別町字共栄,573-3,,
01486-4503-29.zip,202602101146,天塩郡遠別町字共栄,573-2,,
01486-4503-29.zip,202602101146,天塩郡遠別町字共栄,843,,
01486-4503-29.zip,202602101146,天塩郡遠別町字共栄,573-4,,
01486-4503-29.zip,202602101146,天塩郡遠別町字共栄,844,,
01486-4503-29.zip,202602101146,天塩郡遠別町字共栄,571,,
01486-4503-29.zip,202602101146,天塩郡遠別町字共栄,849,,
01486-4503-29.zip,202602101146,天塩郡遠別町字共栄,204-1,,
01486-4503-29.zip,202602101146,天塩郡遠別町字共栄,204-3,,
01486-4503-29.zip,202602101146,天塩郡遠別町字共栄,204-2,,
01486-4503-29.zip,202602101146,天塩郡遠別町字共栄,850,,
01486-4503-29.zip,202602101146,天塩郡遠別町字共栄,191-1,,
01486-4503-29.zip,202602101146,天塩郡遠別町字共栄,191-3,,
01486-4503-29.zip,202602101146,天塩郡遠別町字共栄,191-2,,
01486-4503-29.zip,202602101146,天塩郡遠別町字共栄,572-3,,
01486-4503-29.zip,202602101146,天塩郡遠別町字共栄,845,,
01486-4503-29.zip,202602101146,天塩郡遠別町,地区外-278001,,
01486-4503-29.zip,202602101146,天塩郡遠別町字共栄,904,,
01486-4503-29.zip,202602101146,天塩郡遠別町字共栄,905,,
01486-4503-29.zip,202602101146,天塩郡遠別町字共栄,527,,
01486-4503-29.zip,202602101146,天塩郡遠別町字共栄,528,,
01486-4503-29.zip,202602101146,天塩郡遠別町,地区外-278006,,
01486-4503-29.zip,202602101146,天塩郡遠別町字共栄,533,,
01486-4503-29.zip,202602101146,天塩郡遠別町字共栄,水-7,,
01486-4503-29.zip,202602101146,天塩郡遠別町字共栄,536,,
01486-4503-29.zip,202602101146,天塩郡遠別町字共栄,535,,
01486-4503-29.zip,202602101146,天塩郡遠別町字共栄,水-8,,
01486-4503-29.zip,202602101146,天塩郡遠別町字共栄,900,,
01486-4503-29.zip,202602101146,天塩郡遠別町字共栄,534,,
01486-4503-29.zip,202602101146,天塩郡遠別町字共栄,538,,
01486-4503-29.zip,202602101146,天塩郡遠別町字共栄,901,,
01486-4503-29.zip,202602101146,天塩郡遠別町字共栄,994,,
01486-4503-29.zip,202602101146,天塩郡遠別町字共栄,537,,
01486-4503-29.zip,202602101146,天塩郡遠別町字共栄,518-1,,
01486-4503-29.zip,202602101146,天塩郡遠別町,地区外-278019,,
01486-4503-29.zip,202602101146,天塩郡遠別町字共栄,898,,
01486-4503-29.zip,202602101146,天塩郡遠別町字共栄,897,,
01486-4503-29.zip,202602101146,天塩郡遠別町字共栄,609,,
01486-4503-29.zip,202602101146,天塩郡遠別町字共栄,899,,
01486-4503-29.zip,202602101146,天塩郡遠別町字共栄,608,,
01486-4503-29.zip,202602101146,天塩郡遠別町字共栄,水-9,,
01486-4503-29.zip,202602101146,天塩郡遠別町字共栄,583,,
01486-4503-29.zip,202602101146,天塩郡遠別町,地区外-278027,,
01486-4503-29.zip,202602101146,天塩郡遠別町字共栄,532,,
01486-4503-29.zip,202602101146,天塩郡遠別町字共栄,607,,
01486-4503-29.zip,202602101146,天塩郡遠別町字共栄,122-3,,
01486-4503-29.zip,202602101146,天塩郡遠別町字共栄,125-2,,
01486-4503-29.zip,202602101146,天塩郡遠別町字共栄,3,,
01486-4503-29.zip,202602101146,天塩郡遠別町字共栄,2,,
01486-4503-29.zip,202602101146,天塩郡遠別町,地区外-278034,,
01486-4503-29.zip,202602101146,天塩郡遠別町字共栄,922,,
01486-4503-29.zip,202602101146,天塩郡遠別町字共栄,116-1,,
01486-4503-29.zip,202602101146,天塩郡遠別町,地区外-278037,,
01486-4503-29.zip,202602101146,天塩郡遠別町字共栄,121-1,,
01486-4503-29.zip,202602101146,天塩郡遠別町字共栄,水-10,,
01486-4503-29.zip,202602101146,天塩郡遠別町字共栄,122-1,,
01486-4503-29.zip,202602101146,天塩郡遠別町字共栄,122-2,,
01486-4503-29.zip,202602101146,天塩郡遠別町字共栄,124,,
01486-4503-29.zip,202602101146,天塩郡遠別町字共栄,126,,
01486-4503-29.zip,202602101146,天塩郡遠別町字共栄,127-1,,
01486-4503-29.zip,202602101146,天塩郡遠別町字共栄,932,,
01486-4503-29.zip,202602101146,天塩郡遠別町字共栄,水-11,,
01486-4503-29.zip,202602101146,天塩郡遠別町字共栄,128-1,,
01486-4503-29.zip,202602101146,天塩郡遠別町字共栄,261-1,,
01486-4503-29.zip,202602101146,天塩郡遠別町字共栄,260-1,,
01486-4503-29.zip,202602101146,天塩郡遠別町字共栄,933,,
01486-4503-29.zip,202602101146,天塩郡遠別町,地区外-278051,,
01486-4503-29.zip,202602101146,天塩郡遠別町,地区外-278052,,
01486-4503-29.zip,202602101146,天塩郡遠別町字共栄,7-2,,
01486-4503-29.zip,202602101146,天塩郡遠別町,地区外-278054,,
01486-4503-29.zip,202602101146,天塩郡遠別町字共栄,910,,
01486-4503-29.zip,202602101146,天塩郡遠別町字共栄,7-1,,
01486-4503-29.zip,202602101146,天塩郡遠別町字共栄,水-12,,
01486-4503-29.zip,202602101146,天塩郡遠別町字共栄,6,,
01486-4503-29.zip,202602101146,天塩郡遠別町,地区外-278059,,
01486-4503-29.zip,202602101146,天塩郡遠別町,地区外-278060,,
01486-4503-29.zip,202602101146,天塩郡遠別町字共栄,1,,
01486-4503-29.zip,202602101146,天塩郡遠別町字共栄,992,,
01486-4503-29.zip,202602101146,天塩郡遠別町字共栄,545,,
01486-4503-29.zip,202602101146,天塩郡遠別町字共栄,984,,
01486-4503-29.zip,202602101146,天塩郡遠別町字共栄,511-2,,
01486-4503-29.zip,202602101146,天塩郡遠別町,地区外-278066,,
01486-4503-29.zip,202602101146,天塩郡遠別町字共栄,509-1,,
01486-4503-29.zip,202602101146,天塩郡遠別町字共栄,水-13,,
01486-4503-29.zip,202602101146,天塩郡遠別町字共栄,499-2,,
01486-4503-29.zip,202602101146,天塩郡遠別町字共栄,水-14,,
01486-4503-29.zip,202602101146,天塩郡遠別町字共栄,548-2,,
01486-4503-29.zip,202602101146,天塩郡遠別町,地区外-278072,,
01486-4503-29.zip,202602101146,天塩郡遠別町字共栄,546-3,,
01486-4503-29.zip,202602101146,天塩郡遠別町字共栄,546-6,,
01486-4503-29.zip,202602101146,天塩郡遠別町字共栄,549-4,,
01486-4503-29.zip,202602101146,天塩郡遠別町字共栄,560-2,,
01486-4503-29.zip,202602101146,天塩郡遠別町字共栄,557-4,,
01486-4503-29.zip,202602101146,天塩郡遠別町字共栄,559-3,,
01486-4503-29.zip,202602101146,天塩郡遠別町字共栄,498-2,,
01486-4503-29.zip,202602101146,天塩郡遠別町字共栄,水-15,,
01486-4503-29.zip,202602101146,天塩郡遠別町字共栄,556-3,,
01486-4503-29.zip,202602101146,天塩郡遠別町字共栄,水-16,,
01486-4503-29.zip,202602101146,天塩郡遠別町字共栄,558-2,,
01486-4503-29.zip,202602101146,天塩郡遠別町字共栄,562-3,,
01486-4503-29.zip,202602101146,天塩郡遠別町字共栄,557-3,,
01486-4503-29.zip,202602101146,天塩郡遠別町字共栄,557-5,,
01486-4503-29.zip,202602101146,天塩郡遠別町字共栄,986,,
01486-4503-29.zip,202602101146,天塩郡遠別町字共栄,985,,
01486-4503-29.zip,202602101146,天塩郡遠別町,地区外-278093,,
01486-4503-29.zip,202602101146,天塩郡遠別町字共栄,496-4,,
01486-4503-29.zip,202602101146,天塩郡遠別町字共栄,495,,
01486-4503-29.zip,202602101146,天塩郡遠別町字共栄,496-5,,
01486-4503-29.zip,202602101146,天塩郡遠別町字共栄,489-1,,
01486-4503-29.zip,202602101146,天塩郡遠別町字共栄,492-5,,
01486-4503-29.zip,202602101146,天塩郡遠別町,地区外-278099,,
01486-4503-29.zip,202602101146,天塩郡遠別町字共栄,610,,
01486-4503-29.zip,202602101146,天塩郡遠別町,地区外-278101,,
01486-4503-29.zip,202602101146,天塩郡遠別町字共栄,水-17,,
01486-4503-29.zip,202602101146,天塩郡遠別町字共栄,542,,
01486-4503-29.zip,202602101146,天塩郡遠別町字共栄,水-18,,
01486-4503-29.zip,202602101146,天塩郡遠別町字共栄,903,,
01486-4503-29.zip,202602101146,天塩郡遠別町字共栄,902,,
01486-4503-29.zip,202602101146,天塩郡遠別町字共栄,615,,
01486-4503-29.zip,202602101146,天塩郡遠別町字共栄,618,,
01486-4503-29.zip,202602101146,天塩郡遠別町字共栄,983,,
01486-4503-29.zip,202602101146,天塩郡遠別町字共栄,488,,
01486-4503-29.zip,202602101146,天塩郡遠別町字共栄,水-19,,
01486-4503-29.zip,202602101146,天塩郡遠別町,地区外-278112,,
01486-4503-29.zip,202602101146,天塩郡遠別町,地区外-278113,,
01486-4503-29.zip,202602101146,天塩郡遠別町字共栄,391-1,,
01486-4503-29.zip,202602101146,天塩郡遠別町字共栄,水-20,,
01486-4503-29.zip,202602101146,天塩郡遠別町,地区外-278116,,
01486-4503-29.zip,202602101146,天塩郡遠別町字共栄,981,,
01486-4503-29.zip,202602101146,天塩郡遠別町字共栄,484-2,,
01486-4503-29.zip,202602101146,天塩郡遠別町字共栄,483-3,,
01486-4503-29.zip,202602101146,天塩郡遠別町字共栄,461-5,,
01486-4503-29.zip,202602101146,天塩郡遠別町,地区外-278121,,
01486-4503-29.zip,202602101146,天塩郡遠別町字共栄,461-14,,
01486-4503-29.zip,202602101146,天塩郡遠別町字共栄,460-2,,
01486-4503-29.zip,202602101146,天塩郡遠別町字共栄,460-1,,
01486-4503-29.zip,202602101146,天塩郡遠別町字共栄,980,,
01486-4503-29.zip,202602101146,天塩郡遠別町字共栄,509-2,,
01486-4503-29.zip,202602101146,天塩郡遠別町字共栄,506-4,,
01486-4503-29.zip,202602101146,天塩郡遠別町字共栄,水-21,,
01486-4503-29.zip,202602101146,天塩郡遠別町字共栄,478-2,,
01486-4503-29.zip,202602101146,天塩郡遠別町字共栄,479,,
01486-4503-29.zip,202602101146,天塩郡遠別町字共栄,482-2,,
01486-4503-29.zip,202602101146,天塩郡遠別町字共栄,492-4,,
01486-4503-29.zip,202602101146,天塩郡遠別町字共栄,392-4,,
01486-4503-29.zip,202602101146,天塩郡遠別町字共栄,458-2,,
01486-4503-29.zip,202602101146,天塩郡遠別町字共栄,458-3,,
01486-4503-29.zip,202602101146,天塩郡遠別町,地区外-278136,,
01486-4503-29.zip,202602101146,天塩郡遠別町字共栄,457-2,,
01486-4503-29.zip,202602101146,天塩郡遠別町字共栄,水-22,,
01486-4503-29.zip,202602101146,天塩郡遠別町字共栄,891,,
01486-4503-29.zip,202602101146,天塩郡遠別町字共栄,895,,
01486-4503-29.zip,202602101146,天塩郡遠別町字共栄,513,,
01486-4503-29.zip,202602101146,天塩郡遠別町字共栄,522,,
01486-4503-29.zip,202602101146,天塩郡遠別町字共栄,614,,
01486-4503-29.zip,202602101146,天塩郡遠別町字共栄,896,,
01486-4503-29.zip,202602101146,天塩郡遠別町字共栄,613,,
01486-4503-29.zip,202602101146,天塩郡遠別町字共栄,520,,
01486-4503-29.zip,202602101146,天塩郡遠別町字共栄,612,,
01486-4503-29.zip,202602101146,天塩郡遠別町,地区外-278148,,
01486-4503-29.zip,202602101146,天塩郡遠別町字共栄,611,,
01486-4503-29.zip,202602101146,天塩郡遠別町字共栄,442,,
01486-4503-29.zip,202602101146,天塩郡遠別町字共栄,441,,
01486-4503-29.zip,202602101146,天塩郡遠別町字共栄,水-23,,
01486-4503-29.zip,202602101146,天塩郡遠別町字共栄,440,,
01486-4503-29.zip,202602101146,天塩郡遠別町字共栄,453-1,,
01486-4503-29.zip,202602101146,天塩郡遠別町字共栄,水-24,,
01486-4503-29.zip,202602101146,天塩郡遠別町字共栄,452,,
01486-4503-29.zip,202602101146,天塩郡遠別町字共栄,641-2,,
01486-4503-29.zip,202602101146,天塩郡遠別町字共栄,451,,
01486-4503-29.zip,202602101146,天塩郡遠別町字共栄,890,,
01486-4503-29.zip,202602101146,天塩郡遠別町字共栄,889,,
01486-4503-29.zip,202602101146,天塩郡遠別町字共栄,456-2,,
01486-4503-29.zip,202602101146,天塩郡遠別町字共栄,458-4,,
01486-4503-29.zip,202602101146,天塩郡遠別町字共栄,599,,
01486-4503-29.zip,202602101146,天塩郡遠別町字共栄,600,,
01486-4503-29.zip,202602101146,天塩郡遠別町字共栄,893,,
01486-4503-29.zip,202602101146,天塩郡遠別町字共栄,892,,
01486-4503-29.zip,202602101146,天塩郡遠別町字共栄,626,,
01486-4503-29.zip,202602101146,天塩郡遠別町字共栄,514,,
01486-4503-29.zip,202602101146,天塩郡遠別町字共栄,516,,
01486-4503-29.zip,202602101146,天塩郡遠別町字共栄,894,,
01486-4503-29.zip,202602101146,天塩郡遠別町字共栄,993,,
01486-4503-29.zip,202602101146,天塩郡遠別町,地区外-278172,,
01486-4503-29.zip,202602101146,天塩郡遠別町字共栄,389,,
01486-4503-29.zip,202602101146,天塩郡遠別町字共栄,水-25,,
01486-4503-29.zip,202602101146,天塩郡遠別町字共栄,水-26,,
01486-4503-29.zip,202602101146,天塩郡遠別町字共栄,水-27,,
01486-4503-29.zip,202602101146,天塩郡遠別町字共栄,391-4,,
01486-4503-29.zip,202602101146,天塩郡遠別町字共栄,474,,
01486-4503-29.zip,202602101146,天塩郡遠別町字共栄,979,,
01486-4503-29.zip,202602101146,天塩郡遠別町,地区外-278180,,
01486-4503-29.zip,202602101146,天塩郡遠別町字共栄,473,,
01486-4503-29.zip,202602101146,天塩郡遠別町字共栄,475,,
01486-4503-29.zip,202602101146,天塩郡遠別町字共栄,391-3,,
01486-4503-29.zip,202602101146,天塩郡遠別町字共栄,982,,
01486-4503-29.zip,202602101146,天塩郡遠別町字共栄,487,,
01486-4503-29.zip,202602101146,天塩郡遠別町,地区外-278186,,
01486-4503-29.zip,202602101146,天塩郡遠別町字共栄,491-2,,
01486-4503-29.zip,202602101146,天塩郡遠別町字共栄,391-2,,
01486-4503-29.zip,202602101146,天塩郡遠別町字共栄,水-28,,
01486-4503-29.zip,202602101146,天塩郡遠別町,地区外-278190,,
01486-4503-29.zip,202602101146,天塩郡遠別町字共栄,485,,
01486-4503-29.zip,202602101146,天塩郡遠別町字共栄,978,,
01486-4503-29.zip,202602101146,天塩郡遠別町字共栄,471,,
01486-4503-29.zip,202602101146,天塩郡遠別町字共栄,472,,
01486-4503-29.zip,202602101146,天塩郡遠別町字共栄,470-2,,
01486-4503-29.zip,202602101146,天塩郡遠別町,地区外-278196,,
01486-4503-29.zip,202602101146,天塩郡遠別町,地区外-278197,,
01486-4503-29.zip,202602101146,天塩郡遠別町字共栄,282,,
01486-4503-29.zip,202602101146,天塩郡遠別町字共栄,水-29,,
01486-4503-29.zip,202602101146,天塩郡遠別町字共栄,281-1,,
01486-4503-29.zip,202602101146,天塩郡遠別町,地区外-278201,,
01486-4503-29.zip,202602101146,天塩郡遠別町字共栄,588-1,,
01486-4503-29.zip,202602101146,天塩郡遠別町,地区外-278203,,
01486-4503-29.zip,202602101146,天塩郡遠別町字共栄,392-3,,
01486-4503-29.zip,202602101146,天塩郡遠別町,地区外-278205,,
01486-4503-29.zip,202602101146,天塩郡遠別町字共栄,392-13,,
01486-4503-29.zip,202602101146,天塩郡遠別町,地区外-278207,,
01486-4503-29.zip,202602101146,天塩郡遠別町字共栄,392-12,,
01486-4503-29.zip,202602101146,天塩郡遠別町字共栄,392-6,,
01486-4503-29.zip,202602101146,天塩郡遠別町字共栄,642-2,,
01486-4503-29.zip,202602101146,天塩郡遠別町字共栄,水-30,,
01486-4503-29.zip,202602101146,天塩郡遠別町,地区外-278212,,
01486-4503-29.zip,202602101146,天塩郡遠別町字共栄,439-2,,
01486-4503-29.zip,202602101146,天塩郡遠別町字共栄,439-1,,
01486-4503-29.zip,202602101146,天塩郡遠別町字共栄,水-31,,
01486-4503-29.zip,202602101146,天塩郡遠別町字共栄,438,,
01486-4503-29.zip,202602101146,天塩郡遠別町字共栄,437,,
01486-4503-29.zip,202602101146,天塩郡遠別町字共栄,水-32,,
01486-4503-29.zip,202602101146,天塩郡遠別町字共栄,436,,
01486-4503-29.zip,202602101146,天塩郡遠別町字共栄,水-33,,
01486-4503-29.zip,202602101146,天塩郡遠別町字共栄,435,,
01486-4503-29.zip,202602101146,天塩郡遠別町字共栄,434,,
01486-4503-29.zip,202602101146,天塩郡遠別町字共栄,597,,
01486-4503-29.zip,202602101146,天塩郡遠別町字共栄,884,,
01486-4503-29.zip,202602101146,天塩郡遠別町字共栄,587-2,,
01486-4503-29.zip,202602101146,天塩郡遠別町字共栄,433,,
01486-4503-29.zip,202602101146,天塩郡遠別町,地区外-278227,,
01486-4503-29.zip,202602101146,天塩郡遠別町字共栄,379-2,,
01486-4503-29.zip,202602101146,天塩郡遠別町,地区外-278229,,
01486-4503-29.zip,202602101146,天塩郡遠別町字共栄,267-1,,
01486-4503-29.zip,202602101146,天塩郡遠別町字共栄,271,,
01486-4503-29.zip,202602101146,天塩郡遠別町字共栄,269-1,,
01486-4503-29.zip,202602101146,天塩郡遠別町字共栄,294-4,,
01486-4503-29.zip,202602101146,天塩郡遠別町字共栄,294-5,,
01486-4503-29.zip,202602101146,天塩郡遠別町字共栄,294-1,,
01486-4503-29.zip,202602101146,天塩郡遠別町字共栄,293-2,,
01486-4503-29.zip,202602101146,天塩郡遠別町字共栄,951,,
01486-4503-29.zip,202602101146,天塩郡遠別町字共栄,952,,
01486-4503-29.zip,202602101146,天塩郡遠別町字共栄,293-1,,
01486-4503-29.zip,202602101146,天塩郡遠別町字共栄,294-3,,
01486-4503-29.zip,202602101146,天塩郡遠別町字共栄,293-4,,
01486-4503-29.zip,202602101146,天塩郡遠別町,地区外-278242,,
01486-4503-29.zip,202602101146,天塩郡遠別町字共栄,294-6,,
01486-4503-29.zip,202602101146,天塩郡遠別町字共栄,949,,
01486-4503-29.zip,202602101146,天塩郡遠別町字共栄,950,,
01486-4503-29.zip,202602101146,天塩郡遠別町字共栄,270,,
01486-4503-29.zip,202602101146,天塩郡遠別町字共栄,269-2,,
01486-4503-29.zip,202602101146,天塩郡遠別町字共栄,273-3,,
01486-4503-29.zip,202602101146,天塩郡遠別町字共栄,272-1,,
01486-4503-29.zip,202602101146,天塩郡遠別町字共栄,272-5,,
01486-4503-29.zip,202602101146,天塩郡遠別町字共栄,272-3,,
01486-4503-29.zip,202602101146,天塩郡遠別町字共栄,273-1,,
01486-4503-29.zip,202602101146,天塩郡遠別町字共栄,269-3,,
01486-4503-29.zip,202602101146,天塩郡遠別町字共栄,954,,
01486-4503-29.zip,202602101146,天塩郡遠別町字共栄,274,,
01486-4503-29.zip,202602101146,天塩郡遠別町字共栄,955,,
01486-4503-29.zip,202602101146,天塩郡遠別町字共栄,275-1,,
01486-4503-29.zip,202602101146,天塩郡遠別町字共栄,957,,
01486-4503-29.zip,202602101146,天塩郡遠別町字共栄,272-7,,
01486-4503-29.zip,202602101146,天塩郡遠別町字共栄,272-6,,
01486-4503-29.zip,202602101146,天塩郡遠別町字共栄,272-4,,
01486-4503-29.zip,202602101146,天塩郡遠別町字共栄,286,,
01486-4503-29.zip,202602101146,天塩郡遠別町字共栄,958,,
01486-4503-29.zip,202602101146,天塩郡遠別町字共栄,289,,
01486-4503-29.zip,202602101146,天塩郡遠別町字共栄,291,,
01486-4503-29.zip,202602101146,天塩郡遠別町字共栄,953,,
01486-4503-29.zip,202602101146,天塩郡遠別町字共栄,292,,
01486-4503-29.zip,202602101146,天塩郡遠別町字共栄,284,,
01486-4503-29.zip,202602101146,天塩郡遠別町,地区外-278269,,
01486-4503-29.zip,202602101146,天塩郡遠別町字共栄,977,,
01486-4503-29.zip,202602101146,天塩郡遠別町字共栄,976,,
01486-4503-29.zip,202602101146,天塩郡遠別町字共栄,388,,
01486-4503-29.zip,202602101146,天塩郡遠別町字共栄,295,,
01486-4503-29.zip,202602101146,天塩郡遠別町字共栄,975,,
01486-4503-29.zip,202602101146,天塩郡遠別町字共栄,296,,
01486-4503-29.zip,202602101146,天塩郡遠別町字共栄,974,,
01486-4503-29.zip,202602101146,天塩郡遠別町字共栄,956,,
01486-4503-29.zip,202602101146,天塩郡遠別町字共栄,275-2,,
01486-4503-29.zip,202602101146,天塩郡遠別町,地区外-278279,,
01486-4503-29.zip,202602101146,天塩郡遠別町字共栄,387-2,,
01486-4503-29.zip,202602101146,天塩郡遠別町字共栄,309-2,,
01486-4503-29.zip,202602101146,天塩郡遠別町字共栄,310-10,,
01486-4503-29.zip,202602101146,天塩郡遠別町字共栄,310-3,,
01486-4503-29.zip,202602101146,天塩郡遠別町字共栄,886,,
01486-4503-29.zip,202602101146,天塩郡遠別町字共栄,885,,
01486-4503-29.zip,202602101146,天塩郡遠別町,地区外-278286,,
01486-4503-29.zip,202602101146,天塩郡遠別町,地区外-278287,,
01486-4503-29.zip,202602101146,天塩郡遠別町字共栄,888,,
01486-4503-29.zip,202602101146,天塩郡遠別町字共栄,887,,
01486-4503-29.zip,202602101146,天塩郡遠別町字共栄,579-5,,
01486-4503-29.zip,202602101146,天塩郡遠別町字共栄,622-1,,
01486-4503-29.zip,202602101146,天塩郡遠別町字共栄,340-1,,
01486-4503-29.zip,202602101146,天塩郡遠別町字共栄,858,,
01486-4503-29.zip,202602101146,天塩郡遠別町字共栄,318-3,,
01486-4503-29.zip,202602101146,天塩郡遠別町字共栄,324-2,,
01486-4503-29.zip,202602101146,天塩郡遠別町字共栄,879,,
01486-4503-29.zip,202602101146,天塩郡遠別町字共栄,331-1,,
01486-4503-29.zip,202602101146,天塩郡遠別町字共栄,880,,
01486-4503-29.zip,202602101146,天塩郡遠別町字共栄,882,,
01486-4503-29.zip,202602101146,天塩郡遠別町字共栄,881,,
01486-4503-29.zip,202602101146,天塩郡遠別町字共栄,379-1,,
01486-4503-29.zip,202602101146,天塩郡遠別町字共栄,587-1,,
01486-4503-29.zip,202602101146,天塩郡遠別町,地区外-278303,,
01486-4503-29.zip,202602101146,天塩郡遠別町字共栄,586-1,,
01486-4503-29.zip,202602101146,天塩郡遠別町字共栄,878,,
01486-4503-29.zip,202602101146,天塩郡遠別町字共栄,369-2,,
01486-4503-29.zip,202602101146,天塩郡遠別町字共栄,350-1,,
01486-4503-29.zip,202602101146,天塩郡遠別町字共栄,868,,
01486-4503-29.zip,202602101146,天塩郡遠別町字共栄,351-1,,
01486-4503-29.zip,202602101146,天塩郡遠別町字共栄,351-2,,
01486-4503-29.zip,202602101146,天塩郡遠別町字共栄,869,,
01486-4503-29.zip,202602101146,天塩郡遠別町字共栄,350-2,,
01486-4503-29.zip,202602101146,天塩郡遠別町字共栄,586-3,,
01486-4503-29.zip,202602101146,天塩郡遠別町字共栄,586-2,,
01486-4503-29.zip,202602101146,天塩郡遠別町字共栄,835,,
01486-4503-29.zip,202602101146,天塩郡遠別町字共栄,883,,
01486-4503-29.zip,202602101146,天塩郡遠別町,地区外-278317,,
01486-4503-29.zip,202602101146,天塩郡遠別町字共栄,859,,
01486-4503-29.zip,202602101146,天塩郡遠別町字共栄,860,,
01486-4503-29.zip,202602101146,天塩郡遠別町字共栄,338-4,,
01486-4503-29.zip,202602101146,天塩郡遠別町字共栄,861,,
01486-4503-29.zip,202602101146,天塩郡遠別町字共栄,334,,
01486-4503-29.zip,202602101146,天塩郡遠別町字共栄,862,,
01486-4503-29.zip,202602101146,天塩郡遠別町字共栄,863,,
01486-4503-29.zip,202602101146,天塩郡遠別町字共栄,338-5,,
01486-4503-29.zip,202602101146,天塩郡遠別町字共栄,864,,
01486-4503-29.zip,202602101146,天塩郡遠別町字共栄,341-2,,
01486-4503-29.zip,202602101146,天塩郡遠別町字共栄,865,,
01486-4503-29.zip,202602101146,天塩郡遠別町字共栄,585,,
01486-4503-29.zip,202602101146,天塩郡遠別町字共栄,866,,
01486-4503-29.zip,202602101146,天塩郡遠別町字共栄,348-1,,
01486-4503-29.zip,202602101146,天塩郡遠別町字共栄,867,,
01486-4503-29.zip,202602101146,天塩郡遠別町字共栄,348-2,,
01486-4503-29.zip,202602101146,天塩郡遠別町字共栄,349-2,,
01486-4503-29.zip,202602101146,天塩郡遠別町字共栄,349-1,,
01486-4503-29.zip,202602101146,天塩郡遠別町字共栄,352,,
01486-4503-29.zip,202602101146,天塩郡遠別町字共栄,870,,
01486-4503-29.zip,202602101146,天塩郡遠別町字共栄,353-2,,
01486-4503-29.zip,202602101146,天塩郡遠別町字共栄,353-1,,
01486-4503-29.zip,202602101146,天塩郡遠別町字共栄,871,,
01486-4503-29.zip,202602101146,天塩郡遠別町字共栄,338-7,,
01486-4503-29.zip,202602101146,天塩郡遠別町字共栄,340-6,,
01486-4503-29.zip,202602101146,天塩郡遠別町字共栄,340-7,,
01486-4503-29.zip,202602101146,天塩郡遠別町字共栄,340-5,,
01486-4503-29.zip,202602101146,天塩郡遠別町字共栄,338-6,,
01486-4503-29.zip,202602101146,天塩郡遠別町字共栄,338-2,,
01486-4503-29.zip,202602101146,天塩郡遠別町字共栄,338-1,,
01486-4503-29.zip,202602101146,天塩郡遠別町字共栄,360-3,,
01486-4503-29.zip,202602101146,天塩郡遠別町字共栄,357,,
01486-4503-29.zip,202602101146,天塩郡遠別町字共栄,354-2,,
01486-4503-29.zip,202602101146,天塩郡遠別町字共栄,354-1,,
01486-4503-29.zip,202602101146,天塩郡遠別町字共栄,872,,
01486-4503-29.zip,202602101146,天塩郡遠別町字共栄,356,,
01486-4503-29.zip,202602101146,天塩郡遠別町字共栄,355,,
01486-4503-29.zip,202602101146,天塩郡遠別町,地区外-278355,,
01486-4503-29.zip,202602101146,天塩郡遠別町字共栄,264,,
01486-4503-29.zip,202602101146,天塩郡遠別町字共栄,水-34,,
01486-4503-29.zip,202602101146,天塩郡遠別町,地区外-278358,,
01486-4503-29.zip,202602101146,天塩郡遠別町字共栄,265,,
01486-4503-29.zip,202602101146,天塩郡遠別町字共栄,263,,
01486-4503-29.zip,202602101146,天塩郡遠別町字共栄,262,,
01486-4503-29.zip,202602101146,天塩郡遠別町字共栄,水-35,,
01486-4503-29.zip,202602101146,天塩郡遠別町字共栄,945,,
01486-4503-29.zip,202602101146,天塩郡遠別町字共栄,946,,
01486-4503-29.zip,202602101146,天塩郡遠別町字共栄,948,,
01486-4503-29.zip,202602101146,天塩郡遠別町字共栄,947,,
01486-4503-29.zip,202602101146,天塩郡遠別町,地区外-278367,,
01486-4503-29.zip,202602101146,天塩郡遠別町,地区外-278368,,
01486-4503-29.zip,202602101146,天塩郡遠別町字共栄,317-3,,
01486-4503-29.zip,202602101146,天塩郡遠別町字共栄,227-2,,
01486-4503-29.zip,202602101146,天塩郡遠別町字共栄,水-36,,
01486-4503-29.zip,202602101146,天塩郡遠別町字共栄,836,,
01486-4503-29.zip,202602101146,天塩郡遠別町字共栄,278-1,,
01486-4503-29.zip,202602101146,天塩郡遠別町字共栄,278-2,,
01486-4503-29.zip,202602101146,天塩郡遠別町,地区外-278375,,
01486-4503-29.zip,202602101146,天塩郡遠別町字共栄,279-2,,
01486-4503-29.zip,202602101146,天塩郡遠別町字共栄,279-3,,
01486-4503-29.zip,202602101146,天塩郡遠別町字共栄,280-2,,
01486-4503-29.zip,202602101146,天塩郡遠別町字共栄,280-3,,
01486-4503-29.zip,202602101146,天塩郡遠別町字共栄,959,,
01486-4503-29.zip,202602101146,天塩郡遠別町字共栄,285,,
01486-4503-29.zip,202602101146,天塩郡遠別町,地区外-278382,,
01486-4503-29.zip,202602101146,天塩郡遠別町字共栄,283,,
01486-4503-29.zip,202602101146,天塩郡遠別町字共栄,281-2,,
01486-4503-29.zip,202602101146,天塩郡遠別町字共栄,280-4,,
01486-4503-29.zip,202602101146,天塩郡遠別町字共栄,280-1,,
01486-4503-29.zip,202602101146,天塩郡遠別町字共栄,279-1,,
01486-4503-29.zip,202602101146,天塩郡遠別町,地区外-278388,,
01486-4503-29.zip,202602101146,天塩郡遠別町,地区外-278389,,
01486-4503-29.zip,202602101146,天塩郡遠別町字共栄,934,,
01486-4503-29.zip,202602101146,天塩郡遠別町字共栄,935,,
01486-4503-29.zip,202602101146,天塩郡遠別町字共栄,561-2,,
01486-4503-29.zip,202602101146,天塩郡遠別町字共栄,561-5,,
01486-4503-29.zip,202602101146,天塩郡遠別町字共栄,561-4,,
01486-4503-29.zip,202602101146,天塩郡遠別町字共栄,837-2,,
01486-4503-29.zip,202602101146,天塩郡遠別町,地区外-278086,,
01486-4503-29.zip,202602101146,天塩郡遠別町字共栄,560-1,,
01486-4503-29.zip,202602101146,天塩郡遠別町字共栄,837-1,,
01486-4503-29.zip,202602101146,天塩郡遠別町字共栄,837-3,,
01486-4503-29.zip,202602101146,天塩郡遠別町字共栄,水-3,,
01486-4503-29.zip,202602101146,天塩郡遠別町字共栄,563-1,,
01486-4503-29.zip,202602101146,天塩郡遠別町字共栄,561-6,,
01486-4503-29.zip,202602101146,天塩郡遠別町字共栄,561-1,,
01486-4503-30.zip,202602101146,天塩郡遠別町字北浜,350-6,,
01486-4503-30.zip,202602101146,天塩郡遠別町字北浜,350-5,,
01486-4503-30.zip,202602101146,天塩郡遠別町字北浜,146-15,,
01486-4503-30.zip,202602101146,天塩郡遠別町字啓明,796-1,,
01486-4503-30.zip,202602101146,天塩郡遠別町字北浜,43-10,,
01486-4503-30.zip,202602101146,天塩郡遠別町字啓明,329-6,,
01486-4503-30.zip,202602101146,天塩郡遠別町字北浜,175-14,,
01486-4503-30.zip,202602101146,天塩郡遠別町字幸和,435-3,,
01486-4503-30.zip,202602101146,天塩郡遠別町字啓明,水-1,,
01486-4503-30.zip,202602101146,天塩郡遠別町字啓明,水-2,,
01486-4503-30.zip,202602101146,天塩郡遠別町字啓明,水-3,,
01486-4503-30.zip,202602101146,天塩郡遠別町字啓明,水-4,,
01486-4503-30.zip,202602101146,天塩郡遠別町字啓明,水-5,,
01486-4503-30.zip,202602101146,天塩郡遠別町字北浜,117-3,,
01486-4503-30.zip,202602101146,天塩郡遠別町字啓明,392,,
01486-4503-30.zip,202602101146,天塩郡遠別町字啓明,1074,,
01486-4503-30.zip,202602101146,天塩郡遠別町字啓明,水-6,,
01486-4503-30.zip,202602101146,天塩郡遠別町字啓明,水-7,,
01486-4503-30.zip,202602101146,天塩郡遠別町字啓明,水-8,,
01486-4503-30.zip,202602101146,天塩郡遠別町字啓明,1078,,
01486-4503-30.zip,202602101146,天塩郡遠別町字啓明,374-2,,
01486-4503-30.zip,202602101146,天塩郡遠別町字啓明,374-1,,
01486-4503-30.zip,202602101146,天塩郡遠別町字啓明,1077,,
01486-4503-30.zip,202602101146,天塩郡遠別町字啓明,375-1,,
01486-4503-30.zip,202602101146,天塩郡遠別町字啓明,375-2,,
01486-4503-30.zip,202602101146,天塩郡遠別町,地区外-1239428,,
01486-4503-30.zip,202602101146,天塩郡遠別町字啓明,水-9,,
01486-4503-30.zip,202602101146,天塩郡遠別町字啓明,393,,
01486-4503-30.zip,202602101146,天塩郡遠別町字啓明,302-1,,
01486-4503-30.zip,202602101146,天塩郡遠別町字啓明,1075,,
01486-4503-30.zip,202602101146,天塩郡遠別町字啓明,366,,
01486-4503-30.zip,202602101146,天塩郡遠別町字啓明,373-1,,
01486-4503-30.zip,202602101146,天塩郡遠別町字啓明,1076,,
01486-4503-30.zip,202602101146,天塩郡遠別町字啓明,302-2,,
01486-4503-30.zip,202602101146,天塩郡遠別町字啓明,1066,,
01486-4503-30.zip,202602101146,天塩郡遠別町字啓明,365-2,,
01486-4503-30.zip,202602101146,天塩郡遠別町字啓明,365-1,,
01486-4503-30.zip,202602101146,天塩郡遠別町字啓明,1088,,
01486-4503-30.zip,202602101146,天塩郡遠別町字啓明,363,,
01486-4503-30.zip,202602101146,天塩郡遠別町字啓明,364-1,,
01486-4503-30.zip,202602101146,天塩郡遠別町字啓明,1067,,
01486-4503-30.zip,202602101146,天塩郡遠別町字啓明,1068,,
01486-4503-30.zip,202602101146,天塩郡遠別町字啓明,530-1,,
01486-4503-30.zip,202602101146,天塩郡遠別町字啓明,531-1,,
01486-4503-30.zip,202602101146,天塩郡遠別町字啓明,531-2,,
01486-4503-30.zip,202602101146,天塩郡遠別町字啓明,530-3,,
01486-4503-30.zip,202602101146,天塩郡遠別町字啓明,水-10,,
01486-4503-30.zip,202602101146,天塩郡遠別町字啓明,526-1,,
01486-4503-30.zip,202602101146,天塩郡遠別町字啓明,364-2,,
01486-4503-30.zip,202602101146,天塩郡遠別町字啓明,水-11,,
01486-4503-30.zip,202602101146,天塩郡遠別町字啓明,362-2,,
01486-4503-30.zip,202602101146,天塩郡遠別町字啓明,362-1,,
01486-4503-30.zip,202602101146,天塩郡遠別町字啓明,360,,
01486-4503-30.zip,202602101146,天塩郡遠別町字啓明,359-1,,
01486-4503-30.zip,202602101146,天塩郡遠別町字啓明,361-2,,
01486-4503-30.zip,202602101146,天塩郡遠別町字啓明,361-1,,
01486-4503-30.zip,202602101146,天塩郡遠別町字啓明,359-2,,
01486-4503-30.zip,202602101146,天塩郡遠別町字啓明,372,,
01486-4503-30.zip,202602101146,天塩郡遠別町字啓明,373-2,,
01486-4503-30.zip,202602101146,天塩郡遠別町字啓明,368-2,,
01486-4503-30.zip,202602101146,天塩郡遠別町字啓明,368-1,,
01486-4503-30.zip,202602101146,天塩郡遠別町字啓明,527-3,,
01486-4503-30.zip,202602101146,天塩郡遠別町字啓明,1065,,
01486-4503-30.zip,202602101146,天塩郡遠別町字啓明,525-1,,
01486-4503-30.zip,202602101146,天塩郡遠別町字啓明,525-3,,
01486-4503-30.zip,202602101146,天塩郡遠別町字啓明,352-1,,
01486-4503-30.zip,202602101146,天塩郡遠別町字啓明,358-1,,
01486-4503-30.zip,202602101146,天塩郡遠別町字啓明,352-4,,
01486-4503-30.zip,202602101146,天塩郡遠別町字啓明,358-2,,
01486-4503-30.zip,202602101146,天塩郡遠別町字啓明,358-3,,
01486-4503-30.zip,202602101146,天塩郡遠別町字啓明,357-6,,
01486-4503-30.zip,202602101146,天塩郡遠別町字啓明,1063,,
01486-4503-30.zip,202602101146,天塩郡遠別町字啓明,357-5,,
01486-4503-30.zip,202602101146,天塩郡遠別町字啓明,1062,,
01486-4503-30.zip,202602101146,天塩郡遠別町字啓明,369-2,,
01486-4503-30.zip,202602101146,天塩郡遠別町字啓明,369-4,,
01486-4503-30.zip,202602101146,天塩郡遠別町字啓明,369-1,,
01486-4503-30.zip,202602101146,天塩郡遠別町字啓明,371,,
01486-4503-30.zip,202602101146,天塩郡遠別町字啓明,370-2,,
01486-4503-30.zip,202602101146,天塩郡遠別町字啓明,370-1,,
01486-4503-30.zip,202602101146,天塩郡遠別町字啓明,1064,,
01486-4503-30.zip,202602101146,天塩郡遠別町字啓明,道-1,,
01486-4503-30.zip,202602101146,天塩郡遠別町字啓明,370-3,,
01486-4503-30.zip,202602101146,天塩郡遠別町字啓明,1061,,
01486-4503-30.zip,202602101146,天塩郡遠別町字啓明,369-3,,
01486-4503-30.zip,202602101146,天塩郡遠別町字啓明,357-4,,
01486-4503-30.zip,202602101146,天塩郡遠別町字啓明,357-3,,
01486-4503-30.zip,202602101146,天塩郡遠別町字啓明,1060,,
01486-4503-30.zip,202602101146,天塩郡遠別町字啓明,357-1,,
01486-4503-30.zip,202602101146,天塩郡遠別町字啓明,355-1,,
01486-4503-30.zip,202602101146,天塩郡遠別町字啓明,355-3,,
01486-4503-30.zip,202602101146,天塩郡遠別町字啓明,524-2,,
01486-4503-30.zip,202602101146,天塩郡遠別町字啓明,354-1,,
01486-4503-30.zip,202602101146,天塩郡遠別町字啓明,524-1,,
01486-4503-30.zip,202602101146,天塩郡遠別町字啓明,356-8,,
01486-4503-30.zip,202602101146,天塩郡遠別町字啓明,356-7,,
01486-4503-30.zip,202602101146,天塩郡遠別町字啓明,354-4,,
01486-4503-30.zip,202602101146,天塩郡遠別町字啓明,354-2,,
01486-4503-30.zip,202602101146,天塩郡遠別町字啓明,356-1,,
01486-4503-30.zip,202602101146,天塩郡遠別町字啓明,356-3,,
01486-4503-30.zip,202602101146,天塩郡遠別町字啓明,356-9,,
01486-4503-30.zip,202602101146,天塩郡遠別町字啓明,356-10,,
01486-4503-30.zip,202602101146,天塩郡遠別町字啓明,356-4,,
01486-4503-30.zip,202602101146,天塩郡遠別町字啓明,354-6,,
01486-4503-30.zip,202602101146,天塩郡遠別町,地区外-1239509,,
01486-4503-30.zip,202602101146,天塩郡遠別町字啓明,391-1,,
01486-4503-30.zip,202602101146,天塩郡遠別町字啓明,1073,,
01486-4503-30.zip,202602101146,天塩郡遠別町字啓明,1080,,
01486-4503-30.zip,202602101146,天塩郡遠別町字啓明,1072,,
01486-4503-30.zip,202602101146,天塩郡遠別町字啓明,301,,
01486-4503-30.zip,202602101146,天塩郡遠別町,地区外-1239515,,
01486-4503-30.zip,202602101146,天塩郡遠別町字啓明,437-3,,
01486-4503-30.zip,202602101146,天塩郡遠別町字啓明,437-2,,
01486-4503-30.zip,202602101146,天塩郡遠別町字啓明,437-4,,
01486-4503-30.zip,202602101146,天塩郡遠別町字啓明,437-1,,
01486-4503-30.zip,202602101146,天塩郡遠別町字啓明,697-6,,
01486-4503-30.zip,202602101146,天塩郡遠別町字啓明,697-7,,
01486-4503-30.zip,202602101146,天塩郡遠別町字啓明,436-2,,
01486-4503-30.zip,202602101146,天塩郡遠別町字啓明,707-3,,
01486-4503-30.zip,202602101146,天塩郡遠別町字啓明,697-5,,
01486-4503-30.zip,202602101146,天塩郡遠別町字啓明,697-4,,
01486-4503-30.zip,202602101146,天塩郡遠別町字啓明,443-1,,
01486-4503-30.zip,202602101146,天塩郡遠別町字啓明,445-2,,
01486-4503-30.zip,202602101146,天塩郡遠別町字啓明,439-2,,
01486-4503-30.zip,202602101146,天塩郡遠別町字啓明,707-5,,
01486-4503-30.zip,202602101146,天塩郡遠別町字啓明,707-6,,
01486-4503-30.zip,202602101146,天塩郡遠別町字啓明,707-7,,
01486-4503-30.zip,202602101146,天塩郡遠別町字啓明,707-8,,
01486-4503-30.zip,202602101146,天塩郡遠別町字啓明,731,,
01486-4503-30.zip,202602101146,天塩郡遠別町字啓明,863-1,,
01486-4503-30.zip,202602101146,天塩郡遠別町字幸和,905,,
01486-4503-30.zip,202602101146,天塩郡遠別町字幸和,560,,
01486-4503-30.zip,202602101146,天塩郡遠別町字幸和,906-6,,
01486-4503-30.zip,202602101146,天塩郡遠別町字幸和,472,,
01486-4503-30.zip,202602101146,天塩郡遠別町字幸和,906-5,,
01486-4503-30.zip,202602101146,天塩郡遠別町字幸和,477,,
01486-4503-30.zip,202602101146,天塩郡遠別町字幸和,906-3,,
01486-4503-30.zip,202602101146,天塩郡遠別町字幸和,906-1,,
01486-4503-30.zip,202602101146,天塩郡遠別町字啓明,708-2,,
01486-4503-30.zip,202602101146,天塩郡遠別町字啓明,708-10,,
01486-4503-30.zip,202602101146,天塩郡遠別町字幸和,906-2,,
01486-4503-30.zip,202602101146,天塩郡遠別町字啓明,708-1,,
01486-4503-30.zip,202602101146,天塩郡遠別町字啓明,708-9,,
01486-4503-30.zip,202602101146,天塩郡遠別町字幸和,906-4,,
01486-4503-30.zip,202602101146,天塩郡遠別町字啓明,708-8,,
01486-4503-30.zip,202602101146,天塩郡遠別町字啓明,708-7,,
01486-4503-30.zip,202602101146,天塩郡遠別町字啓明,863-2,,
01486-4503-30.zip,202602101146,天塩郡遠別町字啓明,708-4,,
01486-4503-30.zip,202602101146,天塩郡遠別町字啓明,708-5,,
01486-4503-30.zip,202602101146,天塩郡遠別町字啓明,708-6,,
01486-4503-30.zip,202602101146,天塩郡遠別町字啓明,744-3,,
01486-4503-30.zip,202602101146,天塩郡遠別町字啓明,744-2,,
01486-4503-30.zip,202602101146,天塩郡遠別町字啓明,707-4,,
01486-4503-30.zip,202602101146,天塩郡遠別町字啓明,744-1,,
01486-4503-30.zip,202602101146,天塩郡遠別町字啓明,707-2,,
01486-4503-30.zip,202602101146,天塩郡遠別町字啓明,245-1,,
01486-4503-30.zip,202602101146,天塩郡遠別町字啓明,884-1,,
01486-4503-30.zip,202602101146,天塩郡遠別町字啓明,643-1,,
01486-4503-30.zip,202602101146,天塩郡遠別町字啓明,643-2,,
01486-4503-30.zip,202602101146,天塩郡遠別町字啓明,884-2,,
01486-4503-30.zip,202602101146,天塩郡遠別町字啓明,697-2,,
01486-4503-30.zip,202602101146,天塩郡遠別町字啓明,536-4,,
01486-4503-30.zip,202602101146,天塩郡遠別町字啓明,536-3,,
01486-4503-30.zip,202602101146,天塩郡遠別町字啓明,1070,,
01486-4503-30.zip,202602101146,天塩郡遠別町字啓明,1071,,
01486-4503-30.zip,202602101146,天塩郡遠別町字啓明,299,,
01486-4503-30.zip,202602101146,天塩郡遠別町字啓明,1069,,
01486-4503-30.zip,202602101146,天塩郡遠別町字啓明,628-1,,
01486-4503-30.zip,202602101146,天塩郡遠別町字啓明,628-3,,
01486-4503-30.zip,202602101146,天塩郡遠別町字啓明,624-3,,
01486-4503-30.zip,202602101146,天塩郡遠別町字啓明,671,,
01486-4503-30.zip,202602101146,天塩郡遠別町字啓明,533-1,,
01486-4503-30.zip,202602101146,天塩郡遠別町字啓明,533-3,,
01486-4503-30.zip,202602101146,天塩郡遠別町字啓明,631-2,,
01486-4503-30.zip,202602101146,天塩郡遠別町字啓明,536-5,,
01486-4503-30.zip,202602101146,天塩郡遠別町字啓明,624-1,,
01486-4503-30.zip,202602101146,天塩郡遠別町字啓明,535-1,,
01486-4503-30.zip,202602101146,天塩郡遠別町字啓明,535-3,,
01486-4503-30.zip,202602101146,天塩郡遠別町字啓明,631-1,,
01486-4503-30.zip,202602101146,天塩郡遠別町字啓明,548-3,,
01486-4503-30.zip,202602101146,天塩郡遠別町字啓明,548-1,,
01486-4503-30.zip,202602101146,天塩郡遠別町字啓明,道-2,,
01486-4503-30.zip,202602101146,天塩郡遠別町字啓明,549-3,,
01486-4503-30.zip,202602101146,天塩郡遠別町字啓明,675-2,,
01486-4503-30.zip,202602101146,天塩郡遠別町字啓明,547-7,,
01486-4503-30.zip,202602101146,天塩郡遠別町字啓明,675-1,,
01486-4503-30.zip,202602101146,天塩郡遠別町字啓明,549-1,,
01486-4503-30.zip,202602101146,天塩郡遠別町字啓明,441,,
01486-4503-30.zip,202602101146,天塩郡遠別町字啓明,892,,
01486-4503-30.zip,202602101146,天塩郡遠別町字啓明,955,,
01486-4503-30.zip,202602101146,天塩郡遠別町字啓明,道-3,,
01486-4503-30.zip,202602101146,天塩郡遠別町字啓明,882,,
01486-4503-30.zip,202602101146,天塩郡遠別町字啓明,634-1,,
01486-4503-30.zip,202602101146,天塩郡遠別町字啓明,883,,
01486-4503-30.zip,202602101146,天塩郡遠別町字啓明,445-1,,
01486-4503-30.zip,202602101146,天塩郡遠別町字啓明,道-4,,
01486-4503-30.zip,202602101146,天塩郡遠別町字啓明,644-1,,
01486-4503-30.zip,202602101146,天塩郡遠別町字啓明,440-1,,
01486-4503-30.zip,202602101146,天塩郡遠別町字啓明,645-1,,
01486-4503-30.zip,202602101146,天塩郡遠別町字啓明,954,,
01486-4503-30.zip,202602101146,天塩郡遠別町字啓明,438-1,,
01486-4503-30.zip,202602101146,天塩郡遠別町字啓明,645-5,,
01486-4503-30.zip,202602101146,天塩郡遠別町字啓明,1044,,
01486-4503-30.zip,202602101146,天塩郡遠別町字啓明,752-1,,
01486-4503-30.zip,202602101146,天塩郡遠別町字啓明,445-6,,
01486-4503-30.zip,202602101146,天塩郡遠別町字啓明,445-3,,
01486-4503-30.zip,202602101146,天塩郡遠別町字啓明,445-10,,
01486-4503-30.zip,202602101146,天塩郡遠別町字啓明,752-2,,
01486-4503-30.zip,202602101146,天塩郡遠別町字啓明,644-3,,
01486-4503-30.zip,202602101146,天塩郡遠別町字啓明,752-3,,
01486-4503-30.zip,202602101146,天塩郡遠別町字啓明,443-3,,
01486-4503-30.zip,202602101146,天塩郡遠別町字啓明,443-5,,
01486-4503-30.zip,202602101146,天塩郡遠別町字啓明,443-4,,
01486-4503-30.zip,202602101146,天塩郡遠別町字啓明,439-1,,
01486-4503-30.zip,202602101146,天塩郡遠別町字啓明,897-1,,
01486-4503-30.zip,202602101146,天塩郡遠別町字啓明,445-8,,
01486-4503-30.zip,202602101146,天塩郡遠別町字啓明,445-9,,
01486-4503-30.zip,202602101146,天塩郡遠別町字啓明,445-4,,
01486-4503-30.zip,202602101146,天塩郡遠別町字啓明,445-7,,
01486-4503-30.zip,202602101146,天塩郡遠別町字啓明,446-2,,
01486-4503-30.zip,202602101146,天塩郡遠別町字啓明,446-1,,
01486-4503-30.zip,202602101146,天塩郡遠別町字啓明,697-3,,
01486-4503-30.zip,202602101146,天塩郡遠別町字啓明,885,,
01486-4503-30.zip,202602101146,天塩郡遠別町字啓明,637,,
01486-4503-30.zip,202602101146,天塩郡遠別町字啓明,547-6,,
01486-4503-30.zip,202602101146,天塩郡遠別町字啓明,543-1,,
01486-4503-30.zip,202602101146,天塩郡遠別町字啓明,544-3,,
01486-4503-30.zip,202602101146,天塩郡遠別町字啓明,636-1,,
01486-4503-30.zip,202602101146,天塩郡遠別町字啓明,633-1,,
01486-4503-30.zip,202602101146,天塩郡遠別町字啓明,547-8,,
01486-4503-30.zip,202602101146,天塩郡遠別町字啓明,547-9,,
01486-4503-30.zip,202602101146,天塩郡遠別町字啓明,462-1,,
01486-4503-30.zip,202602101146,天塩郡遠別町字啓明,459-6,,
01486-4503-30.zip,202602101146,天塩郡遠別町字啓明,461-1,,
01486-4503-30.zip,202602101146,天塩郡遠別町字啓明,461-7,,
01486-4503-30.zip,202602101146,天塩郡遠別町字啓明,461-5,,
01486-4503-30.zip,202602101146,天塩郡遠別町字啓明,695-4,,
01486-4503-30.zip,202602101146,天塩郡遠別町字啓明,461-6,,
01486-4503-30.zip,202602101146,天塩郡遠別町字啓明,736,,
01486-4503-30.zip,202602101146,天塩郡遠別町字啓明,695-2,,
01486-4503-30.zip,202602101146,天塩郡遠別町字啓明,695-1,,
01486-4503-30.zip,202602101146,天塩郡遠別町字啓明,695-5,,
01486-4503-30.zip,202602101146,天塩郡遠別町字啓明,463-5,,
01486-4503-30.zip,202602101146,天塩郡遠別町字啓明,697-1,,
01486-4503-30.zip,202602101146,天塩郡遠別町字啓明,697-9,,
01486-4503-30.zip,202602101146,天塩郡遠別町字啓明,433-3,,
01486-4503-30.zip,202602101146,天塩郡遠別町字啓明,928-4,,
01486-4503-30.zip,202602101146,天塩郡遠別町字啓明,928-3,,
01486-4503-30.zip,202602101146,天塩郡遠別町字啓明,695-3,,
01486-4503-30.zip,202602101146,天塩郡遠別町字啓明,928-2,,
01486-4503-30.zip,202602101146,天塩郡遠別町字啓明,433-1,,
01486-4503-30.zip,202602101146,天塩郡遠別町字啓明,433-7,,
01486-4503-30.zip,202602101146,天塩郡遠別町字啓明,433-4,,
01486-4503-30.zip,202602101146,天塩郡遠別町字啓明,433-5,,
01486-4503-30.zip,202602101146,天塩郡遠別町字啓明,433-6,,
01486-4503-30.zip,202602101146,天塩郡遠別町字啓明,434-3,,
01486-4503-30.zip,202602101146,天塩郡遠別町字啓明,434-4,,
01486-4503-30.zip,202602101146,天塩郡遠別町字啓明,435-1,,
01486-4503-30.zip,202602101146,天塩郡遠別町字啓明,435-4,,
01486-4503-30.zip,202602101146,天塩郡遠別町字啓明,788-2,,
01486-4503-30.zip,202602101146,天塩郡遠別町字啓明,788-1,,
01486-4503-30.zip,202602101146,天塩郡遠別町字啓明,436-1,,
01486-4503-30.zip,202602101146,天塩郡遠別町字啓明,435-3,,
01486-4503-30.zip,202602101146,天塩郡遠別町字啓明,697-8,,
01486-4503-30.zip,202602101146,天塩郡遠別町字啓明,448-4,,
01486-4503-30.zip,202602101146,天塩郡遠別町字啓明,468-2,,
01486-4503-30.zip,202602101146,天塩郡遠別町字啓明,467-11,,
01486-4503-30.zip,202602101146,天塩郡遠別町字啓明,463-4,,
01486-4503-30.zip,202602101146,天塩郡遠別町字啓明,463-1,,
01486-4503-30.zip,202602101146,天塩郡遠別町字啓明,467-13,,
01486-4503-30.zip,202602101146,天塩郡遠別町字啓明,467-1,,
01486-4503-30.zip,202602101146,天塩郡遠別町字啓明,467-10,,
01486-4503-30.zip,202602101146,天塩郡遠別町字啓明,長狭物不明-1,,
01486-4503-30.zip,202602101146,天塩郡遠別町字啓明,464-4,,
01486-4503-30.zip,202602101146,天塩郡遠別町字啓明,467-12,,
01486-4503-30.zip,202602101146,天塩郡遠別町字啓明,468-1,,
01486-4503-30.zip,202602101146,天塩郡遠別町字啓明,448-1,,
01486-4503-30.zip,202602101146,天塩郡遠別町字啓明,448-5,,
01486-4503-30.zip,202602101146,天塩郡遠別町字啓明,707-1,,
01486-4503-30.zip,202602101146,天塩郡遠別町字啓明,448-2,,
01486-4503-30.zip,202602101146,天塩郡遠別町字啓明,道-5,,
01486-4503-30.zip,202602101146,天塩郡遠別町,地区外-1239689,,
01486-4503-30.zip,202602101146,天塩郡遠別町字啓明,116,,
01486-4503-30.zip,202602101146,天塩郡遠別町字啓明,108-1,,
01486-4503-30.zip,202602101146,天塩郡遠別町字啓明,道-6,,
01486-4503-30.zip,202602101146,天塩郡遠別町字啓明,108-3,,
01486-4503-30.zip,202602101146,天塩郡遠別町字啓明,684,,
01486-4503-30.zip,202602101146,天塩郡遠別町字啓明,911-1,,
01486-4503-30.zip,202602101146,天塩郡遠別町字啓明,685,,
01486-4503-30.zip,202602101146,天塩郡遠別町字啓明,596-1,,
01486-4503-30.zip,202602101146,天塩郡遠別町字啓明,911-2,,
01486-4503-30.zip,202602101146,天塩郡遠別町字啓明,109-5,,
01486-4503-30.zip,202602101146,天塩郡遠別町字啓明,108-4,,
01486-4503-30.zip,202602101146,天塩郡遠別町字啓明,109-9,,
01486-4503-30.zip,202602101146,天塩郡遠別町字啓明,465-4,,
01486-4503-30.zip,202602101146,天塩郡遠別町字啓明,653-7,,
01486-4503-30.zip,202602101146,天塩郡遠別町字啓明,653-3,,
01486-4503-30.zip,202602101146,天塩郡遠別町字啓明,653-5,,
01486-4503-30.zip,202602101146,天塩郡遠別町字啓明,653-6,,
01486-4503-30.zip,202602101146,天塩郡遠別町字啓明,465-9,,
01486-4503-30.zip,202602101146,天塩郡遠別町字啓明,465-8,,
01486-4503-30.zip,202602101146,天塩郡遠別町字啓明,465-3,,
01486-4503-30.zip,202602101146,天塩郡遠別町字啓明,111-1,,
01486-4503-30.zip,202602101146,天塩郡遠別町字啓明,111-5,,
01486-4503-30.zip,202602101146,天塩郡遠別町字啓明,111-6,,
01486-4503-30.zip,202602101146,天塩郡遠別町字啓明,109-1,,
01486-4503-30.zip,202602101146,天塩郡遠別町字啓明,109-2,,
01486-4503-30.zip,202602101146,天塩郡遠別町字啓明,115-1,,
01486-4503-30.zip,202602101146,天塩郡遠別町字啓明,115-3,,
01486-4503-30.zip,202602101146,天塩郡遠別町字啓明,115-2,,
01486-4503-30.zip,202602101146,天塩郡遠別町字啓明,115-4,,
01486-4503-30.zip,202602101146,天塩郡遠別町字啓明,110,,
01486-4503-30.zip,202602101146,天塩郡遠別町字啓明,111-7,,
01486-4503-30.zip,202602101146,天塩郡遠別町字啓明,113-1,,
01486-4503-30.zip,202602101146,天塩郡遠別町字啓明,113-4,,
01486-4503-30.zip,202602101146,天塩郡遠別町字啓明,113-2,,
01486-4503-30.zip,202602101146,天塩郡遠別町字啓明,113-3,,
01486-4503-30.zip,202602101146,天塩郡遠別町字啓明,462-5,,
01486-4503-30.zip,202602101146,天塩郡遠別町字啓明,462-4,,
01486-4503-30.zip,202602101146,天塩郡遠別町字啓明,459-7,,
01486-4503-30.zip,202602101146,天塩郡遠別町字啓明,111-2,,
01486-4503-30.zip,202602101146,天塩郡遠別町字啓明,108-6,,
01486-4503-30.zip,202602101146,天塩郡遠別町字啓明,108-8,,
01486-4503-30.zip,202602101146,天塩郡遠別町字啓明,108-7,,
01486-4503-30.zip,202602101146,天塩郡遠別町字啓明,655-2,,
01486-4503-30.zip,202602101146,天塩郡遠別町字啓明,464-8,,
01486-4503-30.zip,202602101146,天塩郡遠別町字啓明,464-1,,
01486-4503-30.zip,202602101146,天塩郡遠別町字啓明,857-1,,
01486-4503-30.zip,202602101146,天塩郡遠別町字啓明,857-3,,
01486-4503-30.zip,202602101146,天塩郡遠別町字啓明,646-3,,
01486-4503-30.zip,202602101146,天塩郡遠別町字啓明,169-2,,
01486-4503-30.zip,202602101146,天塩郡遠別町字啓明,169-4,,
01486-4503-30.zip,202602101146,天塩郡遠別町字啓明,169-6,,
01486-4503-30.zip,202602101146,天塩郡遠別町字啓明,169-8,,
01486-4503-30.zip,202602101146,天塩郡遠別町字啓明,169-1,,
01486-4503-30.zip,202602101146,天塩郡遠別町字啓明,169-5,,
01486-4503-30.zip,202602101146,天塩郡遠別町字啓明,169-3,,
01486-4503-30.zip,202602101146,天塩郡遠別町字啓明,170-1,,
01486-4503-30.zip,202602101146,天塩郡遠別町字啓明,169-7,,
01486-4503-30.zip,202602101146,天塩郡遠別町字啓明,1042,,
01486-4503-30.zip,202602101146,天塩郡遠別町字啓明,170-2,,
01486-4503-30.zip,202602101146,天塩郡遠別町字啓明,172-10,,
01486-4503-30.zip,202602101146,天塩郡遠別町字啓明,172-2,,
01486-4503-30.zip,202602101146,天塩郡遠別町字啓明,172-11,,
01486-4503-30.zip,202602101146,天塩郡遠別町字啓明,172-12,,
01486-4503-30.zip,202602101146,天塩郡遠別町字啓明,172-7,,
01486-4503-30.zip,202602101146,天塩郡遠別町字啓明,172-9,,
01486-4503-30.zip,202602101146,天塩郡遠別町字啓明,172-6,,
01486-4503-30.zip,202602101146,天塩郡遠別町字啓明,172-8,,
01486-4503-30.zip,202602101146,天塩郡遠別町字啓明,道-7,,
01486-4503-30.zip,202602101146,天塩郡遠別町字啓明,1043,,
01486-4503-30.zip,202602101146,天塩郡遠別町字啓明,179-6,,
01486-4503-30.zip,202602101146,天塩郡遠別町字啓明,179-3,,
01486-4503-30.zip,202602101146,天塩郡遠別町字啓明,173-3,,
01486-4503-30.zip,202602101146,天塩郡遠別町字啓明,173-1,,
01486-4503-30.zip,202602101146,天塩郡遠別町字啓明,678-2,,
01486-4503-30.zip,202602101146,天塩郡遠別町字啓明,558-4,,
01486-4503-30.zip,202602101146,天塩郡遠別町字啓明,558-5,,
01486-4503-30.zip,202602101146,天塩郡遠別町字啓明,553-5,,
01486-4503-30.zip,202602101146,天塩郡遠別町字啓明,558-1,,
01486-4503-30.zip,202602101146,天塩郡遠別町字啓明,678-1,,
01486-4503-30.zip,202602101146,天塩郡遠別町字啓明,179-4,,
01486-4503-30.zip,202602101146,天塩郡遠別町字啓明,179-5,,
01486-4503-30.zip,202602101146,天塩郡遠別町字啓明,179-7,,
01486-4503-30.zip,202602101146,天塩郡遠別町字啓明,179-1,,
01486-4503-30.zip,202602101146,天塩郡遠別町字啓明,1041,,
01486-4503-30.zip,202602101146,天塩郡遠別町字啓明,183-4,,
01486-4503-30.zip,202602101146,天塩郡遠別町字啓明,1040,,
01486-4503-30.zip,202602101146,天塩郡遠別町字啓明,178-8,,
01486-4503-30.zip,202602101146,天塩郡遠別町字啓明,178-9,,
01486-4503-30.zip,202602101146,天塩郡遠別町字啓明,178-1,,
01486-4503-30.zip,202602101146,天塩郡遠別町字啓明,175-1,,
01486-4503-30.zip,202602101146,天塩郡遠別町字啓明,174,,
01486-4503-30.zip,202602101146,天塩郡遠別町字啓明,175-2,,
01486-4503-30.zip,202602101146,天塩郡遠別町字啓明,175-7,,
01486-4503-30.zip,202602101146,天塩郡遠別町字啓明,道-8,,
01486-4503-30.zip,202602101146,天塩郡遠別町字啓明,679-1,,
01486-4503-30.zip,202602101146,天塩郡遠別町字啓明,水-13,,
01486-4503-30.zip,202602101146,天塩郡遠別町字啓明,176-3,,
01486-4503-30.zip,202602101146,天塩郡遠別町字啓明,183-1,,
01486-4503-30.zip,202602101146,天塩郡遠別町字啓明,183-10,,
01486-4503-30.zip,202602101146,天塩郡遠別町字啓明,183-8,,
01486-4503-30.zip,202602101146,天塩郡遠別町字啓明,184-1,,
01486-4503-30.zip,202602101146,天塩郡遠別町字啓明,184-2,,
01486-4503-30.zip,202602101146,天塩郡遠別町字啓明,187-1,,
01486-4503-30.zip,202602101146,天塩郡遠別町字啓明,187-3,,
01486-4503-30.zip,202602101146,天塩郡遠別町字啓明,道-9,,
01486-4503-30.zip,202602101146,天塩郡遠別町字啓明,737,,
01486-4503-30.zip,202602101146,天塩郡遠別町字啓明,459-1,,
01486-4503-30.zip,202602101146,天塩郡遠別町字啓明,459-5,,
01486-4503-30.zip,202602101146,天塩郡遠別町字啓明,953,,
01486-4503-30.zip,202602101146,天塩郡遠別町字啓明,459-8,,
01486-4503-30.zip,202602101146,天塩郡遠別町字啓明,459-2,,
01486-4503-30.zip,202602101146,天塩郡遠別町字啓明,927-1,,
01486-4503-30.zip,202602101146,天塩郡遠別町字啓明,755-2,,
01486-4503-30.zip,202602101146,天塩郡遠別町字啓明,695-6,,
01486-4503-30.zip,202602101146,天塩郡遠別町字啓明,927-3,,
01486-4503-30.zip,202602101146,天塩郡遠別町字啓明,928-1,,
01486-4503-30.zip,202602101146,天塩郡遠別町字啓明,433-2,,
01486-4503-30.zip,202602101146,天塩郡遠別町字啓明,1086,,
01486-4503-30.zip,202602101146,天塩郡遠別町字啓明,188-2,,
01486-4503-30.zip,202602101146,天塩郡遠別町字啓明,755-1,,
01486-4503-30.zip,202602101146,天塩郡遠別町字啓明,434-1,,
01486-4503-30.zip,202602101146,天塩郡遠別町字啓明,道-10,,
01486-4503-30.zip,202602101146,天塩郡遠別町字啓明,894-1,,
01486-4503-30.zip,202602101146,天塩郡遠別町字啓明,557-1,,
01486-4503-30.zip,202602101146,天塩郡遠別町字啓明,564-1,,
01486-4503-30.zip,202602101146,天塩郡遠別町字啓明,566,,
01486-4503-30.zip,202602101146,天塩郡遠別町字啓明,795-1,,
01486-4503-30.zip,202602101146,天塩郡遠別町字啓明,647,,
01486-4503-30.zip,202602101146,天塩郡遠別町字啓明,680,,
01486-4503-30.zip,202602101146,天塩郡遠別町字啓明,176-5,,
01486-4503-30.zip,202602101146,天塩郡遠別町字啓明,189-2,,
01486-4503-30.zip,202602101146,天塩郡遠別町字啓明,176-1,,
01486-4503-30.zip,202602101146,天塩郡遠別町字啓明,189-1,,
01486-4503-30.zip,202602101146,天塩郡遠別町字啓明,681,,
01486-4503-30.zip,202602101146,天塩郡遠別町字啓明,水-14,,
01486-4503-30.zip,202602101146,天塩郡遠別町字啓明,648,,
01486-4503-30.zip,202602101146,天塩郡遠別町字啓明,649-1,,
01486-4503-30.zip,202602101146,天塩郡遠別町字啓明,565,,
01486-4503-30.zip,202602101146,天塩郡遠別町字啓明,890,,
01486-4503-30.zip,202602101146,天塩郡遠別町字啓明,646-1,,
01486-4503-30.zip,202602101146,天塩郡遠別町字啓明,679-2,,
01486-4503-30.zip,202602101146,天塩郡遠別町字啓明,646-4,,
01486-4503-30.zip,202602101146,天塩郡遠別町字啓明,561-5,,
01486-4503-30.zip,202602101146,天塩郡遠別町字啓明,561-4,,
01486-4503-30.zip,202602101146,天塩郡遠別町字啓明,561-3,,
01486-4503-30.zip,202602101146,天塩郡遠別町字啓明,561-1,,
01486-4503-30.zip,202602101146,天塩郡遠別町字啓明,794,,
01486-4503-30.zip,202602101146,天塩郡遠別町字啓明,554-1,,
01486-4503-30.zip,202602101146,天塩郡遠別町字啓明,562,,
01486-4503-30.zip,202602101146,天塩郡遠別町字啓明,555-4,,
01486-4503-30.zip,202602101146,天塩郡遠別町字啓明,555-5,,
01486-4503-30.zip,202602101146,天塩郡遠別町字啓明,555-1,,
01486-4503-30.zip,202602101146,天塩郡遠別町字啓明,556,,
01486-4503-30.zip,202602101146,天塩郡遠別町字啓明,555-3,,
01486-4503-30.zip,202602101146,天塩郡遠別町字啓明,554-3,,
01486-4503-30.zip,202602101146,天塩郡遠別町字啓明,554-4,,
01486-4503-30.zip,202602101146,天塩郡遠別町字啓明,道-11,,
01486-4503-30.zip,202602101146,天塩郡遠別町字啓明,551-1,,
01486-4503-30.zip,202602101146,天塩郡遠別町字啓明,553-3,,
01486-4503-30.zip,202602101146,天塩郡遠別町字啓明,553-1,,
01486-4503-30.zip,202602101146,天塩郡遠別町字啓明,553-4,,
01486-4503-30.zip,202602101146,天塩郡遠別町字啓明,910,,
01486-4503-30.zip,202602101146,天塩郡遠別町字啓明,道-12,,
01486-4503-30.zip,202602101146,天塩郡遠別町字啓明,180-1,,
01486-4503-30.zip,202602101146,天塩郡遠別町字啓明,1039,,
01486-4503-30.zip,202602101146,天塩郡遠別町字啓明,181-6,,
01486-4503-30.zip,202602101146,天塩郡遠別町字啓明,181-5,,
01486-4503-30.zip,202602101146,天塩郡遠別町字啓明,178-3,,
01486-4503-30.zip,202602101146,天塩郡遠別町,地区外-1239864,,
01486-4503-30.zip,202602101146,天塩郡遠別町字啓明,887,,
01486-4503-30.zip,202602101146,天塩郡遠別町字啓明,147-1,,
01486-4503-30.zip,202602101146,天塩郡遠別町字啓明,水-15,,
01486-4503-30.zip,202602101146,天塩郡遠別町字啓明,148-1,,
01486-4503-30.zip,202602101146,天塩郡遠別町字啓明,148-3,,
01486-4503-30.zip,202602101146,天塩郡遠別町字啓明,138-2,,
01486-4503-30.zip,202602101146,天塩郡遠別町字啓明,138-1,,
01486-4503-30.zip,202602101146,天塩郡遠別町字啓明,135-2,,
01486-4503-30.zip,202602101146,天塩郡遠別町字啓明,水-16,,
01486-4503-30.zip,202602101146,天塩郡遠別町字啓明,135-1,,
01486-4503-30.zip,202602101146,天塩郡遠別町字啓明,124-1,,
01486-4503-30.zip,202602101146,天塩郡遠別町字啓明,124-3,,
01486-4503-30.zip,202602101146,天塩郡遠別町字啓明,124-4,,
01486-4503-30.zip,202602101146,天塩郡遠別町字啓明,126-2,,
01486-4503-30.zip,202602101146,天塩郡遠別町字啓明,126-1,,
01486-4503-30.zip,202602101146,天塩郡遠別町字啓明,577-1,,
01486-4503-30.zip,202602101146,天塩郡遠別町字啓明,140-2,,
01486-4503-30.zip,202602101146,天塩郡遠別町字啓明,140-4,,
01486-4503-30.zip,202602101146,天塩郡遠別町字啓明,575-4,,
01486-4503-30.zip,202602101146,天塩郡遠別町字啓明,575-5,,
01486-4503-30.zip,202602101146,天塩郡遠別町字啓明,126-3,,
01486-4503-30.zip,202602101146,天塩郡遠別町字啓明,575-1,,
01486-4503-30.zip,202602101146,天塩郡遠別町字啓明,575-2,,
01486-4503-30.zip,202602101146,天塩郡遠別町字啓明,576-1,,
01486-4503-30.zip,202602101146,天塩郡遠別町字啓明,683-1,,
01486-4503-30.zip,202602101146,天塩郡遠別町字啓明,683-2,,
01486-4503-30.zip,202602101146,天塩郡遠別町字啓明,579-7,,
01486-4503-30.zip,202602101146,天塩郡遠別町字啓明,579-1,,
01486-4503-30.zip,202602101146,天塩郡遠別町字啓明,579-6,,
01486-4503-30.zip,202602101146,天塩郡遠別町字啓明,579-2,,
01486-4503-30.zip,202602101146,天塩郡遠別町字啓明,579-3,,
01486-4503-30.zip,202602101146,天塩郡遠別町字啓明,579-8,,
01486-4503-30.zip,202602101146,天塩郡遠別町字啓明,574-4,,
01486-4503-30.zip,202602101146,天塩郡遠別町字啓明,574-2,,
01486-4503-30.zip,202602101146,天塩郡遠別町字啓明,574-5,,
01486-4503-30.zip,202602101146,天塩郡遠別町字啓明,574-1,,
01486-4503-30.zip,202602101146,天塩郡遠別町字啓明,571-5,,
01486-4503-30.zip,202602101146,天塩郡遠別町字啓明,571-1,,
01486-4503-30.zip,202602101146,天塩郡遠別町字啓明,道-13,,
01486-4503-30.zip,202602101146,天塩郡遠別町字啓明,569-4,,
01486-4503-30.zip,202602101146,天塩郡遠別町字啓明,569-1,,
01486-4503-30.zip,202602101146,天塩郡遠別町字啓明,570-3,,
01486-4503-30.zip,202602101146,天塩郡遠別町字啓明,570-1,,
01486-4503-30.zip,202602101146,天塩郡遠別町字啓明,165-2,,
01486-4503-30.zip,202602101146,天塩郡遠別町字啓明,180-3,,
01486-4503-30.zip,202602101146,天塩郡遠別町字啓明,181-7,,
01486-4503-30.zip,202602101146,天塩郡遠別町字啓明,1032,,
01486-4503-30.zip,202602101146,天塩郡遠別町字啓明,181-1,,
01486-4503-30.zip,202602101146,天塩郡遠別町字啓明,181-3,,
01486-4503-30.zip,202602101146,天塩郡遠別町字啓明,1033,,
01486-4503-30.zip,202602101146,天塩郡遠別町字啓明,1031,,
01486-4503-30.zip,202602101146,天塩郡遠別町字啓明,120-3,,
01486-4503-30.zip,202602101146,天塩郡遠別町字啓明,120-1,,
01486-4503-30.zip,202602101146,天塩郡遠別町字啓明,1028,,
01486-4503-30.zip,202602101146,天塩郡遠別町字啓明,1029,,
01486-4503-30.zip,202602101146,天塩郡遠別町字啓明,123-1,,
01486-4503-30.zip,202602101146,天塩郡遠別町字啓明,1030,,
01486-4503-30.zip,202602101146,天塩郡遠別町字啓明,183-3,,
01486-4503-30.zip,202602101146,天塩郡遠別町字啓明,183-5,,
01486-4503-30.zip,202602101146,天塩郡遠別町字啓明,183-6,,
01486-4503-30.zip,202602101146,天塩郡遠別町字啓明,183-9,,
01486-4503-30.zip,202602101146,天塩郡遠別町字啓明,183-7,,
01486-4503-30.zip,202602101146,天塩郡遠別町字啓明,181-4,,
01486-4503-30.zip,202602101146,天塩郡遠別町字啓明,136,,
01486-4503-30.zip,202602101146,天塩郡遠別町,地区外-1239929,,
01486-4503-30.zip,202602101146,天塩郡遠別町字北浜,307,,
01486-4503-30.zip,202602101146,天塩郡遠別町字北浜,356,,
01486-4503-30.zip,202602101146,天塩郡遠別町字北浜,357,,
01486-4503-30.zip,202602101146,天塩郡遠別町字北浜,361,,
01486-4503-30.zip,202602101146,天塩郡遠別町字北浜,182-4,,
01486-4503-30.zip,202602101146,天塩郡遠別町字北浜,175-2,,
01486-4503-30.zip,202602101146,天塩郡遠別町字北浜,175-12,,
01486-4503-30.zip,202602101146,天塩郡遠別町字北浜,175-9,,
01486-4503-30.zip,202602101146,天塩郡遠別町字北浜,360,,
01486-4503-30.zip,202602101146,天塩郡遠別町字北浜,175-10,,
01486-4503-30.zip,202602101146,天塩郡遠別町字北浜,359,,
01486-4503-30.zip,202602101146,天塩郡遠別町字北浜,174-2,,
01486-4503-30.zip,202602101146,天塩郡遠別町字北浜,358,,
01486-4503-30.zip,202602101146,天塩郡遠別町字北浜,174-1,,
01486-4503-30.zip,202602101146,天塩郡遠別町字北浜,174-7,,
01486-4503-30.zip,202602101146,天塩郡遠別町字北浜,175-11,,
01486-4503-30.zip,202602101146,天塩郡遠別町字北浜,175-1,,
01486-4503-30.zip,202602101146,天塩郡遠別町字北浜,300-1,,
01486-4503-30.zip,202602101146,天塩郡遠別町字北浜,174-4,,
01486-4503-30.zip,202602101146,天塩郡遠別町字北浜,174-5,,
01486-4503-30.zip,202602101146,天塩郡遠別町字北浜,300-2,,
01486-4503-30.zip,202602101146,天塩郡遠別町字北浜,300-3,,
01486-4503-30.zip,202602101146,天塩郡遠別町字北浜,175-8,,
01486-4503-30.zip,202602101146,天塩郡遠別町字北浜,352-3,,
01486-4503-30.zip,202602101146,天塩郡遠別町字北浜,352-1,,
01486-4503-30.zip,202602101146,天塩郡遠別町字北浜,175-7,,
01486-4503-30.zip,202602101146,天塩郡遠別町字北浜,道-14,,
01486-4503-30.zip,202602101146,天塩郡遠別町,地区外-1239958,,
01486-4503-30.zip,202602101146,天塩郡遠別町字北浜,22-1,,
01486-4503-30.zip,202602101146,天塩郡遠別町字北浜,22-2,,
01486-4503-30.zip,202602101146,天塩郡遠別町字北浜,371-5,,
01486-4503-30.zip,202602101146,天塩郡遠別町字北浜,371-2,,
01486-4503-30.zip,202602101146,天塩郡遠別町字北浜,道-15,,
01486-4503-30.zip,202602101146,天塩郡遠別町字北浜,372-1,,
01486-4503-30.zip,202602101146,天塩郡遠別町字北浜,226-9,,
01486-4503-30.zip,202602101146,天塩郡遠別町字北浜,372-2,,
01486-4503-30.zip,202602101146,天塩郡遠別町字北浜,371-4,,
01486-4503-30.zip,202602101146,天塩郡遠別町字北浜,42-2,,
01486-4503-30.zip,202602101146,天塩郡遠別町字北浜,372-3,,
01486-4503-30.zip,202602101146,天塩郡遠別町字北浜,42-1,,
01486-4503-30.zip,202602101146,天塩郡遠別町字北浜,371-3,,
01486-4503-30.zip,202602101146,天塩郡遠別町字北浜,24-4,,
01486-4503-30.zip,202602101146,天塩郡遠別町字北浜,24-2,,
01486-4503-30.zip,202602101146,天塩郡遠別町字北浜,24-3,,
01486-4503-30.zip,202602101146,天塩郡遠別町字北浜,24-1,,
01486-4503-30.zip,202602101146,天塩郡遠別町字北浜,226-1,,
01486-4503-30.zip,202602101146,天塩郡遠別町字北浜,43-9,,
01486-4503-30.zip,202602101146,天塩郡遠別町字北浜,43-7,,
01486-4503-30.zip,202602101146,天塩郡遠別町字北浜,43-1,,
01486-4503-30.zip,202602101146,天塩郡遠別町字北浜,46-16,,
01486-4503-30.zip,202602101146,天塩郡遠別町字北浜,46-17,,
01486-4503-30.zip,202602101146,天塩郡遠別町字北浜,45-1,,
01486-4503-30.zip,202602101146,天塩郡遠別町字北浜,44-5,,
01486-4503-30.zip,202602101146,天塩郡遠別町字北浜,44-4,,
01486-4503-30.zip,202602101146,天塩郡遠別町字北浜,46-2,,
01486-4503-30.zip,202602101146,天塩郡遠別町字北浜,46-19,,
01486-4503-30.zip,202602101146,天塩郡遠別町字北浜,道-16,,
01486-4503-30.zip,202602101146,天塩郡遠別町字北浜,46-18,,
01486-4503-30.zip,202602101146,天塩郡遠別町字北浜,46-3,,
01486-4503-30.zip,202602101146,天塩郡遠別町字北浜,41-1,,
01486-4503-30.zip,202602101146,天塩郡遠別町字北浜,41-5,,
01486-4503-30.zip,202602101146,天塩郡遠別町字北浜,371-1,,
01486-4503-30.zip,202602101146,天塩郡遠別町字啓明,1082,,
01486-4503-30.zip,202602101146,天塩郡遠別町字啓明,1058,,
01486-4503-30.zip,202602101146,天塩郡遠別町字啓明,1057,,
01486-4503-30.zip,202602101146,天塩郡遠別町字啓明,339-1,,
01486-4503-30.zip,202602101146,天塩郡遠別町字啓明,340-2,,
01486-4503-30.zip,202602101146,天塩郡遠別町字啓明,339-2,,
01486-4503-30.zip,202602101146,天塩郡遠別町字啓明,339-3,,
01486-4503-30.zip,202602101146,天塩郡遠別町字啓明,338,,
01486-4503-30.zip,202602101146,天塩郡遠別町字啓明,1053,,
01486-4503-30.zip,202602101146,天塩郡遠別町字啓明,316,,
01486-4503-30.zip,202602101146,天塩郡遠別町字啓明,317-10,,
01486-4503-30.zip,202602101146,天塩郡遠別町字啓明,317-2,,
01486-4503-30.zip,202602101146,天塩郡遠別町字啓明,326-1,,
01486-4503-30.zip,202602101146,天塩郡遠別町字啓明,道-17,,
01486-4503-30.zip,202602101146,天塩郡遠別町字啓明,527-1,,
01486-4503-30.zip,202602101146,天塩郡遠別町字啓明,528-3,,
01486-4503-30.zip,202602101146,天塩郡遠別町字啓明,528-1,,
01486-4503-30.zip,202602101146,天塩郡遠別町字啓明,1083,,
01486-4503-30.zip,202602101146,天塩郡遠別町字啓明,346-4,,
01486-4503-30.zip,202602101146,天塩郡遠別町字啓明,346-3,,
01486-4503-30.zip,202602101146,天塩郡遠別町字啓明,346-1,,
01486-4503-30.zip,202602101146,天塩郡遠別町字啓明,315-1,,
01486-4503-30.zip,202602101146,天塩郡遠別町字啓明,353-1,,
01486-4503-30.zip,202602101146,天塩郡遠別町字啓明,1054,,
01486-4503-30.zip,202602101146,天塩郡遠別町,地区外-1240020,,
01486-4503-30.zip,202602101146,天塩郡遠別町字啓明,330,,
01486-4503-30.zip,202602101146,天塩郡遠別町字啓明,332-1,,
01486-4503-30.zip,202602101146,天塩郡遠別町字啓明,1056,,
01486-4503-30.zip,202602101146,天塩郡遠別町字啓明,337,,
01486-4503-30.zip,202602101146,天塩郡遠別町字啓明,331,,
01486-4503-30.zip,202602101146,天塩郡遠別町字啓明,水-18,,
01486-4503-30.zip,202602101146,天塩郡遠別町字啓明,334,,
01486-4503-30.zip,202602101146,天塩郡遠別町字啓明,336-1,,
01486-4503-30.zip,202602101146,天塩郡遠別町字啓明,336-2,,
01486-4503-30.zip,202602101146,天塩郡遠別町字啓明,332-2,,
01486-4503-30.zip,202602101146,天塩郡遠別町字啓明,329-4,,
01486-4503-30.zip,202602101146,天塩郡遠別町字啓明,329-1,,
01486-4503-30.zip,202602101146,天塩郡遠別町字啓明,329-5,,
01486-4503-30.zip,202602101146,天塩郡遠別町字啓明,329-2,,
01486-4503-30.zip,202602101146,天塩郡遠別町字啓明,1055,,
01486-4503-30.zip,202602101146,天塩郡遠別町字啓明,328-1,,
01486-4503-30.zip,202602101146,天塩郡遠別町字啓明,325,,
01486-4503-30.zip,202602101146,天塩郡遠別町字啓明,328-2,,
01486-4503-30.zip,202602101146,天塩郡遠別町字啓明,322-3,,
01486-4503-30.zip,202602101146,天塩郡遠別町字啓明,324-2,,
01486-4503-30.zip,202602101146,天塩郡遠別町字啓明,324-1,,
01486-4503-30.zip,202602101146,天塩郡遠別町字啓明,323,,
01486-4503-30.zip,202602101146,天塩郡遠別町字啓明,329-3,,
01486-4503-30.zip,202602101146,天塩郡遠別町字啓明,道-18,,
01486-4503-30.zip,202602101146,天塩郡遠別町字啓明,326-6,,
01486-4503-30.zip,202602101146,天塩郡遠別町字啓明,326-7,,
01486-4503-30.zip,202602101146,天塩郡遠別町字啓明,336-3,,
01486-4503-30.zip,202602101146,天塩郡遠別町,地区外-1240048,,
01486-4503-30.zip,202602101146,天塩郡遠別町字啓明,267,,
01486-4503-30.zip,202602101146,天塩郡遠別町字啓明,268-1,,
01486-4503-30.zip,202602101146,天塩郡遠別町字啓明,269-2,,
01486-4503-30.zip,202602101146,天塩郡遠別町字啓明,317-11,,
01486-4503-30.zip,202602101146,天塩郡遠別町字啓明,317-4,,
01486-4503-30.zip,202602101146,天塩郡遠別町字啓明,317-1,,
01486-4503-30.zip,202602101146,天塩郡遠別町字啓明,317-9,,
01486-4503-30.zip,202602101146,天塩郡遠別町字啓明,317-8,,
01486-4503-30.zip,202602101146,天塩郡遠別町字啓明,317-17,,
01486-4503-30.zip,202602101146,天塩郡遠別町字啓明,317-18,,
01486-4503-30.zip,202602101146,天塩郡遠別町字啓明,317-7,,
01486-4503-30.zip,202602101146,天塩郡遠別町字啓明,317-16,,
01486-4503-30.zip,202602101146,天塩郡遠別町字啓明,317-3,,
01486-4503-30.zip,202602101146,天塩郡遠別町字啓明,269-1,,
01486-4503-30.zip,202602101146,天塩郡遠別町字啓明,1049,,
01486-4503-30.zip,202602101146,天塩郡遠別町字啓明,317-15,,
01486-4503-30.zip,202602101146,天塩郡遠別町字啓明,318-6,,
01486-4503-30.zip,202602101146,天塩郡遠別町字啓明,318-1,,
01486-4503-30.zip,202602101146,天塩郡遠別町字啓明,268-2,,
01486-4503-30.zip,202602101146,天塩郡遠別町字啓明,317-13,,
01486-4503-30.zip,202602101146,天塩郡遠別町字啓明,317-14,,
01486-4503-30.zip,202602101146,天塩郡遠別町字啓明,1052,,
01486-4503-30.zip,202602101146,天塩郡遠別町字啓明,318-7,,
01486-4503-30.zip,202602101146,天塩郡遠別町字啓明,326-8,,
01486-4503-30.zip,202602101146,天塩郡遠別町字啓明,278-1,,
01486-4503-30.zip,202602101146,天塩郡遠別町字啓明,279-6,,
01486-4503-30.zip,202602101146,天塩郡遠別町字啓明,1050,,
01486-4503-30.zip,202602101146,天塩郡遠別町字啓明,621-3,,
01486-4503-30.zip,202602101146,天塩郡遠別町字啓明,621-1,,
01486-4503-30.zip,202602101146,天塩郡遠別町字啓明,670-1,,
01486-4503-30.zip,202602101146,天塩郡遠別町字啓明,706,,
01486-4503-30.zip,202602101146,天塩郡遠別町字啓明,620-1,,
01486-4503-30.zip,202602101146,天塩郡遠別町字啓明,623-2,,
01486-4503-30.zip,202602101146,天塩郡遠別町字啓明,623-1,,
01486-4503-30.zip,202602101146,天塩郡遠別町字啓明,670-2,,
01486-4503-30.zip,202602101146,天塩郡遠別町字啓明,904-2,,
01486-4503-30.zip,202602101146,天塩郡遠別町字啓明,904-1,,
01486-4503-30.zip,202602101146,天塩郡遠別町字啓明,621-4,,
01486-4503-30.zip,202602101146,天塩郡遠別町字啓明,1051,,
01486-4503-30.zip,202602101146,天塩郡遠別町字啓明,280-5,,
01486-4503-30.zip,202602101146,天塩郡遠別町字啓明,280-6,,
01486-4503-30.zip,202602101146,天塩郡遠別町字啓明,道-19,,
01486-4503-30.zip,202602101146,天塩郡遠別町字啓明,280-3,,
01486-4503-30.zip,202602101146,天塩郡遠別町字啓明,279-2,,
01486-4503-30.zip,202602101146,天塩郡遠別町字啓明,279-15,,
01486-4503-30.zip,202602101146,天塩郡遠別町字啓明,279-16,,
01486-4503-30.zip,202602101146,天塩郡遠別町字啓明,279-7,,
01486-4503-30.zip,202602101146,天塩郡遠別町字啓明,279-12,,
01486-4503-30.zip,202602101146,天塩郡遠別町字啓明,279-5,,
01486-4503-30.zip,202602101146,天塩郡遠別町字啓明,279-10,,
01486-4503-30.zip,202602101146,天塩郡遠別町字啓明,279-4,,
01486-4503-30.zip,202602101146,天塩郡遠別町字啓明,279-13,,
01486-4503-30.zip,202602101146,天塩郡遠別町字啓明,279-14,,
01486-4503-30.zip,202602101146,天塩郡遠別町字啓明,279-8,,
01486-4503-30.zip,202602101146,天塩郡遠別町字啓明,279-1,,
01486-4503-30.zip,202602101146,天塩郡遠別町字啓明,279-11,,
01486-4503-30.zip,202602101146,天塩郡遠別町字啓明,279-9,,
01486-4503-30.zip,202602101146,天塩郡遠別町字啓明,278-5,,
01486-4503-30.zip,202602101146,天塩郡遠別町字啓明,277-10,,
01486-4503-30.zip,202602101146,天塩郡遠別町字啓明,278-4,,
01486-4503-30.zip,202602101146,天塩郡遠別町字啓明,277-1,,
01486-4503-30.zip,202602101146,天塩郡遠別町字啓明,水-19,,
01486-4503-30.zip,202602101146,天塩郡遠別町字啓明,276-1,,
01486-4503-30.zip,202602101146,天塩郡遠別町字啓明,274,,
01486-4503-30.zip,202602101146,天塩郡遠別町字啓明,273-1,,
01486-4503-30.zip,202602101146,天塩郡遠別町字啓明,260-1,,
01486-4503-30.zip,202602101146,天塩郡遠別町字啓明,259-1,,
01486-4503-30.zip,202602101146,天塩郡遠別町字啓明,275-1,,
01486-4503-30.zip,202602101146,天塩郡遠別町字啓明,277-3,,
01486-4503-30.zip,202602101146,天塩郡遠別町字啓明,水-20,,
01486-4503-30.zip,202602101146,天塩郡遠別町字啓明,277-11,,
01486-4503-30.zip,202602101146,天塩郡遠別町字啓明,536-1,,
01486-4503-30.zip,202602101146,天塩郡遠別町字啓明,629-1,,
01486-4503-30.zip,202602101146,天塩郡遠別町字啓明,534-1,,
01486-4503-30.zip,202602101146,天塩郡遠別町字啓明,625-1,,
01486-4503-30.zip,202602101146,天塩郡遠別町字啓明,672,,
01486-4503-30.zip,202602101146,天塩郡遠別町字啓明,532-1,,
01486-4503-30.zip,202602101146,天塩郡遠別町字啓明,275-5,,
01486-4503-30.zip,202602101146,天塩郡遠別町字啓明,275-4,,
01486-4503-30.zip,202602101146,天塩郡遠別町字啓明,276-6,,
01486-4503-30.zip,202602101146,天塩郡遠別町字啓明,水-21,,
01486-4503-30.zip,202602101146,天塩郡遠別町字啓明,259-3,,
01486-4503-30.zip,202602101146,天塩郡遠別町字啓明,277-2,,
01486-4503-30.zip,202602101146,天塩郡遠別町字啓明,272,,
01486-4503-30.zip,202602101146,天塩郡遠別町字啓明,317-12,,
01486-4503-30.zip,202602101146,天塩郡遠別町,地区外-1240140,,
01486-4503-30.zip,202602101146,天塩郡遠別町字啓明,224,,
01486-4503-30.zip,202602101146,天塩郡遠別町,地区外-1240142,,
01486-4503-30.zip,202602101146,天塩郡遠別町字啓明,1048,,
01486-4503-30.zip,202602101146,天塩郡遠別町字啓明,265-1,,
01486-4503-30.zip,202602101146,天塩郡遠別町字啓明,728,,
01486-4503-30.zip,202602101146,天塩郡遠別町字啓明,538,,
01486-4503-30.zip,202602101146,天塩郡遠別町字啓明,226-1,,
01486-4503-30.zip,202602101146,天塩郡遠別町字啓明,712-1,,
01486-4503-30.zip,202602101146,天塩郡遠別町字啓明,715,,
01486-4503-30.zip,202602101146,天塩郡遠別町字啓明,716,,
01486-4503-30.zip,202602101146,天塩郡遠別町字啓明,264-1,,
01486-4503-30.zip,202602101146,天塩郡遠別町字啓明,724,,
01486-4503-30.zip,202602101146,天塩郡遠別町字啓明,722-2,,
01486-4503-30.zip,202602101146,天塩郡遠別町字啓明,722-1,,
01486-4503-30.zip,202602101146,天塩郡遠別町字啓明,261-2,,
01486-4503-30.zip,202602101146,天塩郡遠別町字啓明,258-7,,
01486-4503-30.zip,202602101146,天塩郡遠別町字啓明,258-19,,
01486-4503-30.zip,202602101146,天塩郡遠別町字啓明,258-18,,
01486-4503-30.zip,202602101146,天塩郡遠別町字啓明,258-15,,
01486-4503-30.zip,202602101146,天塩郡遠別町字啓明,257-7,,
01486-4503-30.zip,202602101146,天塩郡遠別町字啓明,257-5,,
01486-4503-30.zip,202602101146,天塩郡遠別町字啓明,258-16,,
01486-4503-30.zip,202602101146,天塩郡遠別町字啓明,258-3,,
01486-4503-30.zip,202602101146,天塩郡遠別町字啓明,258-9,,
01486-4503-30.zip,202602101146,天塩郡遠別町字啓明,258-14,,
01486-4503-30.zip,202602101146,天塩郡遠別町字啓明,258-1,,
01486-4503-30.zip,202602101146,天塩郡遠別町字啓明,258-6,,
01486-4503-30.zip,202602101146,天塩郡遠別町字啓明,260-2,,
01486-4503-30.zip,202602101146,天塩郡遠別町字啓明,258-10,,
01486-4503-30.zip,202602101146,天塩郡遠別町字啓明,258-8,,
01486-4503-30.zip,202602101146,天塩郡遠別町字啓明,258-4,,
01486-4503-30.zip,202602101146,天塩郡遠別町字啓明,258-12,,
01486-4503-30.zip,202602101146,天塩郡遠別町字啓明,258-11,,
01486-4503-30.zip,202602101146,天塩郡遠別町字啓明,255-2,,
01486-4503-30.zip,202602101146,天塩郡遠別町字啓明,260-3,,
01486-4503-30.zip,202602101146,天塩郡遠別町字啓明,721,,
01486-4503-30.zip,202602101146,天塩郡遠別町字啓明,255-1,,
01486-4503-30.zip,202602101146,天塩郡遠別町字啓明,257-1,,
01486-4503-30.zip,202602101146,天塩郡遠別町字啓明,540-1,,
01486-4503-30.zip,202602101146,天塩郡遠別町字啓明,874,,
01486-4503-30.zip,202602101146,天塩郡遠別町字啓明,627-1,,
01486-4503-30.zip,202602101146,天塩郡遠別町字啓明,632-1,,
01486-4503-30.zip,202602101146,天塩郡遠別町字啓明,632-3,,
01486-4503-30.zip,202602101146,天塩郡遠別町字啓明,257-6,,
01486-4503-30.zip,202602101146,天塩郡遠別町字啓明,257-2,,
01486-4503-30.zip,202602101146,天塩郡遠別町字啓明,632-4,,
01486-4503-30.zip,202602101146,天塩郡遠別町字啓明,781-1,,
01486-4503-30.zip,202602101146,天塩郡遠別町字啓明,781-2,,
01486-4503-30.zip,202602101146,天塩郡遠別町字啓明,627-3,,
01486-4503-30.zip,202602101146,天塩郡遠別町字啓明,638-1,,
01486-4503-30.zip,202602101146,天塩郡遠別町字啓明,638-4,,
01486-4503-30.zip,202602101146,天塩郡遠別町字啓明,638-5,,
01486-4503-30.zip,202602101146,天塩郡遠別町字啓明,720,,
01486-4503-30.zip,202602101146,天塩郡遠別町字啓明,263-1,,
01486-4503-30.zip,202602101146,天塩郡遠別町字啓明,263-2,,
01486-4503-30.zip,202602101146,天塩郡遠別町字啓明,718,,
01486-4503-30.zip,202602101146,天塩郡遠別町字啓明,264-3,,
01486-4503-30.zip,202602101146,天塩郡遠別町字啓明,540-2,,
01486-4503-30.zip,202602101146,天塩郡遠別町字啓明,783,,
01486-4503-30.zip,202602101146,天塩郡遠別町字啓明,1047,,
01486-4503-30.zip,202602101146,天塩郡遠別町字啓明,537,,
01486-4503-30.zip,202602101146,天塩郡遠別町字啓明,712-3,,
01486-4503-30.zip,202602101146,天塩郡遠別町字啓明,639-3,,
01486-4503-30.zip,202602101146,天塩郡遠別町字啓明,639-1,,
01486-4503-30.zip,202602101146,天塩郡遠別町字啓明,641-2,,
01486-4503-30.zip,202602101146,天塩郡遠別町字啓明,639-4,,
01486-4503-30.zip,202602101146,天塩郡遠別町字啓明,784,,
01486-4503-30.zip,202602101146,天塩郡遠別町字啓明,641-1,,
01486-4503-30.zip,202602101146,天塩郡遠別町字啓明,642-1,,
01486-4503-30.zip,202602101146,天塩郡遠別町字啓明,674-1,,
01486-4503-30.zip,202602101146,天塩郡遠別町字啓明,908-1,,
01486-4503-30.zip,202602101146,天塩郡遠別町字啓明,782,,
01486-4503-30.zip,202602101146,天塩郡遠別町字啓明,1046,,
01486-4503-30.zip,202602101146,天塩郡遠別町字啓明,673,,
01486-4503-30.zip,202602101146,天塩郡遠別町字啓明,908-2,,
01486-4503-30.zip,202602101146,天塩郡遠別町字啓明,674-2,,
01486-4503-30.zip,202602101146,天塩郡遠別町字啓明,541,,
01486-4503-30.zip,202602101146,天塩郡遠別町字啓明,230,,
01486-4503-30.zip,202602101146,天塩郡遠別町字啓明,642-3,,
01486-4503-30.zip,202602101146,天塩郡遠別町字啓明,543-4,,
01486-4503-30.zip,202602101146,天塩郡遠別町字啓明,258-17,,
01486-4503-30.zip,202602101146,天塩郡遠別町字啓明,258-5,,
01486-4503-30.zip,202602101146,天塩郡遠別町字啓明,258-13,,
01486-4503-30.zip,202602101146,天塩郡遠別町,地区外-1240227,,
01486-4503-30.zip,202602101146,天塩郡遠別町字啓明,320-1,,
01486-4503-30.zip,202602101146,天塩郡遠別町字啓明,322-1,,
01486-4503-30.zip,202602101146,天塩郡遠別町字啓明,322-2,,
01486-4503-30.zip,202602101146,天塩郡遠別町字啓明,268-3,,
01486-4503-30.zip,202602101146,天塩郡遠別町字啓明,318-5,,
01486-4503-30.zip,202602101146,天塩郡遠別町字啓明,318-4,,
01486-4503-30.zip,202602101146,天塩郡遠別町字啓明,326-4,,
01486-4503-30.zip,202602101146,天塩郡遠別町字啓明,326-9,,
01486-4503-30.zip,202602101146,天塩郡遠別町字啓明,326-10,,
01486-4503-30.zip,202602101146,天塩郡遠別町字啓明,326-5,,
01486-4503-30.zip,202602101146,天塩郡遠別町字啓明,326-2,,
01486-4503-30.zip,202602101146,天塩郡遠別町字啓明,326-11,,
01486-4503-30.zip,202602101146,天塩郡遠別町字啓明,319,,
01486-4503-30.zip,202602101146,天塩郡遠別町字啓明,320-2,,
01486-4503-30.zip,202602101146,天塩郡遠別町字啓明,321,,
01486-4503-30.zip,202602101146,天塩郡遠別町,地区外-1240243,,
01486-4503-30.zip,202602101146,天塩郡遠別町字啓明,1037,,
01486-4503-30.zip,202602101146,天塩郡遠別町,地区外-1240245,,
01486-4503-30.zip,202602101146,天塩郡遠別町字啓明,1038,,
01486-4503-30.zip,202602101146,天塩郡遠別町字啓明,223-2,,
01486-4503-30.zip,202602101146,天塩郡遠別町字啓明,163,,
01486-4503-30.zip,202602101146,天塩郡遠別町字啓明,412-1,,
01486-4503-30.zip,202602101146,天塩郡遠別町字啓明,165-1,,
01486-4503-30.zip,202602101146,天塩郡遠別町字啓明,1087,,
01486-4503-30.zip,202602101146,天塩郡遠別町字啓明,677,,
01486-4503-30.zip,202602101146,天塩郡遠別町字啓明,951-1,,
01486-4503-30.zip,202602101146,天塩郡遠別町字啓明,940-2,,
01486-4503-30.zip,202602101146,天塩郡遠別町字啓明,223-1,,
01486-4503-30.zip,202602101146,天塩郡遠別町字啓明,1089,,
01486-4503-30.zip,202602101146,天塩郡遠別町字啓明,941-3,,
01486-4503-30.zip,202602101146,天塩郡遠別町字啓明,220,,
01486-4503-30.zip,202602101146,天塩郡遠別町字啓明,1045,,
01486-4503-30.zip,202602101146,天塩郡遠別町字啓明,552,,
01486-4503-30.zip,202602101146,天塩郡遠別町字啓明,941-2,,
01486-4503-30.zip,202602101146,天塩郡遠別町字啓明,951-2,,
01486-4503-30.zip,202602101146,天塩郡遠別町字啓明,951-3,,
01486-4503-30.zip,202602101146,天塩郡遠別町字啓明,941-1,,
01486-4503-30.zip,202602101146,天塩郡遠別町字啓明,940-1,,
01486-4503-30.zip,202602101146,天塩郡遠別町字啓明,559-2,,
01486-4503-30.zip,202602101146,天塩郡遠別町字啓明,559-1,,
01486-4503-30.zip,202602101146,天塩郡遠別町字啓明,1034,,
01486-4503-30.zip,202602101146,天塩郡遠別町,地区外-1240269,,
01486-4503-30.zip,202602101146,天塩郡遠別町字啓明,道-20,,
01486-4503-30.zip,202602101146,天塩郡遠別町字啓明,1035,,
01486-4503-30.zip,202602101146,天塩郡遠別町字啓明,412-2,,
01486-4503-30.zip,202602101146,天塩郡遠別町字啓明,1036,,
01486-4503-30.zip,202602101146,天塩郡遠別町字啓明,568-3,,
01486-4503-30.zip,202602101146,天塩郡遠別町字啓明,1084,,
01486-4503-30.zip,202602101146,天塩郡遠別町字啓明,568-1,,
01486-4503-30.zip,202602101146,天塩郡遠別町字啓明,165-3,,
01486-4503-30.zip,202602101146,天塩郡遠別町字啓明,568-4,,
01486-4503-30.zip,202602101146,天塩郡遠別町字啓明,1085,,
01486-4503-30.zip,202602101146,天塩郡遠別町字啓明,水-22,,
01486-4503-30.zip,202602101146,天塩郡遠別町字啓明,572-5,,
01486-4503-30.zip,202602101146,天塩郡遠別町字啓明,888,,
01486-4503-30.zip,202602101146,天塩郡遠別町字啓明,572-1,,
01486-4503-30.zip,202602101146,天塩郡遠別町字啓明,571-2,,
01486-4503-30.zip,202602101146,天塩郡遠別町字啓明,水-23,,
01486-4503-30.zip,202602101146,天塩郡遠別町字啓明,道-21,,
01486-4503-30.zip,202602101146,天塩郡遠別町字啓明,889-1,,
01486-4503-30.zip,202602101146,天塩郡遠別町字啓明,682,,
01486-4503-30.zip,202602101146,天塩郡遠別町字啓明,889-2,,
01486-4503-30.zip,202602101146,天塩郡遠別町字啓明,572-3,,
01486-4503-30.zip,202602101146,天塩郡遠別町字啓明,578,,
01486-4503-30.zip,202602101146,天塩郡遠別町字啓明,573-1,,
01486-4503-30.zip,202602101146,天塩郡遠別町字啓明,573-4,,
01486-4503-30.zip,202602101146,天塩郡遠別町,地区外-1240294,,
01486-4503-30.zip,202602101146,天塩郡遠別町,地区外-1240295,,
01486-4503-30.zip,202602101146,天塩郡遠別町,地区外-1240296,,
01486-4503-30.zip,202602101146,天塩郡遠別町字啓明,1081,,
01486-4503-30.zip,202602101146,天塩郡遠別町,地区外-1240298,,
01486-4503-30.zip,202602101146,天塩郡遠別町,地区外-1240299,,
01486-4503-30.zip,202602101146,天塩郡遠別町字啓明,389,,
01486-4503-30.zip,202602101146,天塩郡遠別町字啓明,390,,
01486-4503-30.zip,202602101146,天塩郡遠別町字啓明,1079,,
01486-4503-30.zip,202602101146,天塩郡遠別町字啓明,739,,
01486-4503-30.zip,202602101146,天塩郡遠別町,地区外-1240304,,
01486-4503-30.zip,202602101146,天塩郡遠別町字幸和,481,,
01486-4503-30.zip,202602101146,天塩郡遠別町字幸和,436-3,,
01486-4503-30.zip,202602101146,天塩郡遠別町字幸和,432-5,,
01486-4503-30.zip,202602101146,天塩郡遠別町,地区外-1240308,,
01486-4503-30.zip,202602101146,天塩郡遠別町字北浜,146-2,,
01486-4503-30.zip,202602101146,天塩郡遠別町字北浜,121-7,,
01486-4503-30.zip,202602101146,天塩郡遠別町字北浜,143-1,,
01486-4503-30.zip,202602101146,天塩郡遠別町字北浜,146-8,,
01486-4503-30.zip,202602101146,天塩郡遠別町字北浜,143-6,,
01486-4503-30.zip,202602101146,天塩郡遠別町字北浜,143-5,,
01486-4503-30.zip,202602101146,天塩郡遠別町字北浜,道-22,,
01486-4503-30.zip,202602101146,天塩郡遠別町字北浜,144-1,,
01486-4503-30.zip,202602101146,天塩郡遠別町字北浜,145-4,,
01486-4503-30.zip,202602101146,天塩郡遠別町字北浜,144-6,,
01486-4503-30.zip,202602101146,天塩郡遠別町字北浜,道-23,,
01486-4503-30.zip,202602101146,天塩郡遠別町字北浜,144-2,,
01486-4503-30.zip,202602101146,天塩郡遠別町字北浜,140-1,,
01486-4503-30.zip,202602101146,天塩郡遠別町字北浜,132,,
01486-4503-30.zip,202602101146,天塩郡遠別町字北浜,136,,
01486-4503-30.zip,202602101146,天塩郡遠別町字北浜,137-1,,
01486-4503-30.zip,202602101146,天塩郡遠別町字北浜,121-2,,
01486-4503-30.zip,202602101146,天塩郡遠別町字北浜,水-24,,
01486-4503-30.zip,202602101146,天塩郡遠別町字北浜,131-1,,
01486-4503-30.zip,202602101146,天塩郡遠別町字北浜,131-5,,
01486-4503-30.zip,202602101146,天塩郡遠別町字北浜,129-1,,
01486-4503-30.zip,202602101146,天塩郡遠別町字北浜,129-10,,
01486-4503-30.zip,202602101146,天塩郡遠別町字北浜,129-11,,
01486-4503-30.zip,202602101146,天塩郡遠別町字北浜,129-3,,
01486-4503-30.zip,202602101146,天塩郡遠別町字北浜,131-6,,
01486-4503-30.zip,202602101146,天塩郡遠別町字北浜,128-1,,
01486-4503-30.zip,202602101146,天塩郡遠別町字北浜,124-3,,
01486-4503-30.zip,202602101146,天塩郡遠別町字北浜,135-3,,
01486-4503-30.zip,202602101146,天塩郡遠別町字北浜,134,,
01486-4503-30.zip,202602101146,天塩郡遠別町字北浜,133,,
01486-4503-30.zip,202602101146,天塩郡遠別町字北浜,135-4,,
01486-4503-30.zip,202602101146,天塩郡遠別町字北浜,137-4,,
01486-4503-30.zip,202602101146,天塩郡遠別町字北浜,121-1,,
01486-4503-30.zip,202602101146,天塩郡遠別町字北浜,139-2,,
01486-4503-30.zip,202602101146,天塩郡遠別町字北浜,138-1,,
01486-4503-30.zip,202602101146,天塩郡遠別町字北浜,124-1,,
01486-4503-30.zip,202602101146,天塩郡遠別町字北浜,123,,
01486-4503-30.zip,202602101146,天塩郡遠別町字北浜,122,,
01486-4503-30.zip,202602101146,天塩郡遠別町字北浜,117-1,,
01486-4503-30.zip,202602101146,天塩郡遠別町字北浜,116-4,,
01486-4503-30.zip,202602101146,天塩郡遠別町字北浜,118-1,,
01486-4503-30.zip,202602101146,天塩郡遠別町字北浜,118-2,,
01486-4503-30.zip,202602101146,天塩郡遠別町字北浜,116-8,,
01486-4503-30.zip,202602101146,天塩郡遠別町字北浜,115-2,,
01486-4503-30.zip,202602101146,天塩郡遠別町字北浜,115-6,,
01486-4503-30.zip,202602101146,天塩郡遠別町字北浜,114-13,,
01486-4503-30.zip,202602101146,天塩郡遠別町字北浜,114-4,,
01486-4503-30.zip,202602101146,天塩郡遠別町字北浜,124-4,,
01486-4503-30.zip,202602101146,天塩郡遠別町字北浜,114-10,,
01486-4503-30.zip,202602101146,天塩郡遠別町字北浜,114-1,,
01486-4503-30.zip,202602101146,天塩郡遠別町字北浜,161-1,,
01486-4503-30.zip,202602101146,天塩郡遠別町字北浜,159-1,,
01486-4503-30.zip,202602101146,天塩郡遠別町字北浜,道-24,,
01486-4503-30.zip,202602101146,天塩郡遠別町字北浜,158-1,,
01486-4503-30.zip,202602101146,天塩郡遠別町字北浜,331-1,,
01486-4503-30.zip,202602101146,天塩郡遠別町字北浜,長狭物不明-2,,
01486-4503-30.zip,202602101146,天塩郡遠別町字北浜,328-1,,
01486-4503-30.zip,202602101146,天塩郡遠別町字北浜,328-3,,
01486-4503-30.zip,202602101146,天塩郡遠別町字北浜,346-2,,
01486-4503-30.zip,202602101146,天塩郡遠別町字北浜,346-1,,
01486-4503-30.zip,202602101146,天塩郡遠別町字北浜,370,,
01486-4503-30.zip,202602101146,天塩郡遠別町字北浜,337,,
01486-4503-30.zip,202602101146,天塩郡遠別町字北浜,157,,
01486-4503-30.zip,202602101146,天塩郡遠別町字北浜,189-1,,
01486-4503-30.zip,202602101146,天塩郡遠別町字北浜,189-3,,
01486-4503-30.zip,202602101146,天塩郡遠別町字北浜,194-1,,
01486-4503-30.zip,202602101146,天塩郡遠別町字北浜,342,,
01486-4503-30.zip,202602101146,天塩郡遠別町字北浜,369,,
01486-4503-30.zip,202602101146,天塩郡遠別町字北浜,348,,
01486-4503-30.zip,202602101146,天塩郡遠別町字北浜,199-1,,
01486-4503-30.zip,202602101146,天塩郡遠別町字北浜,113-1,,
01486-4503-30.zip,202602101146,天塩郡遠別町字北浜,道-25,,
01486-4503-30.zip,202602101146,天塩郡遠別町字北浜,163-1,,
01486-4503-30.zip,202602101146,天塩郡遠別町字北浜,334-2,,
01486-4503-30.zip,202602101146,天塩郡遠別町字北浜,334-1,,
01486-4503-30.zip,202602101146,天塩郡遠別町字北浜,335,,
01486-4503-30.zip,202602101146,天塩郡遠別町字北浜,188-1,,
01486-4503-30.zip,202602101146,天塩郡遠別町字北浜,187-4,,
01486-4503-30.zip,202602101146,天塩郡遠別町字北浜,185-2,,
01486-4503-30.zip,202602101146,天塩郡遠別町字北浜,187-1,,
01486-4503-30.zip,202602101146,天塩郡遠別町字北浜,350-2,,
01486-4503-30.zip,202602101146,天塩郡遠別町字北浜,350-1,,
01486-4503-30.zip,202602101146,天塩郡遠別町字北浜,111-1,,
01486-4503-30.zip,202602101146,天塩郡遠別町字北浜,114-8,,
01486-4503-30.zip,202602101146,天塩郡遠別町字北浜,114-11,,
01486-4503-30.zip,202602101146,天塩郡遠別町字北浜,115-7,,
01486-4503-30.zip,202602101146,天塩郡遠別町字北浜,115-5,,
01486-4503-30.zip,202602101146,天塩郡遠別町字北浜,114-12,,
01486-4503-30.zip,202602101146,天塩郡遠別町,地区外-1240399,,
01486-4503-30.zip,202602101146,天塩郡遠別町字北浜,166-1,,
01486-4503-30.zip,202602101146,天塩郡遠別町字北浜,166-8,,
01486-4503-30.zip,202602101146,天塩郡遠別町字北浜,166-9,,
01486-4503-30.zip,202602101146,天塩郡遠別町字北浜,166-4,,
01486-4503-30.zip,202602101146,天塩郡遠別町字北浜,166-5,,
01486-4503-30.zip,202602101146,天塩郡遠別町字北浜,166-6,,
01486-4503-30.zip,202602101146,天塩郡遠別町字北浜,166-7,,
01486-4503-30.zip,202602101146,天塩郡遠別町字北浜,道-26,,
01486-4503-30.zip,202602101146,天塩郡遠別町字北浜,352-2,,
01486-4503-30.zip,202602101146,天塩郡遠別町字北浜,175-13,,
01486-4503-30.zip,202602101146,天塩郡遠別町字北浜,175-6,,
01486-4503-30.zip,202602101146,天塩郡遠別町字北浜,177-9,,
01486-4503-30.zip,202602101146,天塩郡遠別町字北浜,177-6,,
01486-4503-30.zip,202602101146,天塩郡遠別町字北浜,177-5,,
01486-4503-30.zip,202602101146,天塩郡遠別町字北浜,350-3,,
01486-4503-30.zip,202602101146,天塩郡遠別町字北浜,165,,
01486-4503-30.zip,202602101146,天塩郡遠別町字北浜,198,,
01486-4503-30.zip,202602101146,天塩郡遠別町字北浜,199-2,,
01486-4503-30.zip,202602101146,天塩郡遠別町字北浜,200,,
01486-4503-30.zip,202602101146,天塩郡遠別町字北浜,197-1,,
01486-4503-30.zip,202602101146,天塩郡遠別町字北浜,197-4,,
01486-4503-30.zip,202602101146,天塩郡遠別町字北浜,197-5,,
01486-4503-30.zip,202602101146,天塩郡遠別町,地区外-1240425,,
01486-4503-30.zip,202602101146,天塩郡遠別町字北浜,365,,
01486-4503-30.zip,202602101146,天塩郡遠別町字北浜,196,,
01486-4503-30.zip,202602101146,天塩郡遠別町字北浜,188-2,,
01486-4503-30.zip,202602101146,天塩郡遠別町字北浜,193-3,,
01486-4503-30.zip,202602101146,天塩郡遠別町字北浜,194-4,,
01486-4503-30.zip,202602101146,天塩郡遠別町字北浜,194-3,,
01486-4503-30.zip,202602101146,天塩郡遠別町字北浜,368,,
01486-4503-30.zip,202602101146,天塩郡遠別町字北浜,367,,
01486-4503-30.zip,202602101146,天塩郡遠別町字北浜,366,,
01486-4503-30.zip,202602101146,天塩郡遠別町字北浜,195-1,,
01486-4503-30.zip,202602101146,天塩郡遠別町字北浜,195-2,,
01486-4503-30.zip,202602101146,天塩郡遠別町字北浜,182-2,,
01486-4503-30.zip,202602101146,天塩郡遠別町字北浜,182-6,,
01486-4503-30.zip,202602101146,天塩郡遠別町字北浜,194-5,,
01486-4503-30.zip,202602101146,天塩郡遠別町字北浜,183,,
01486-4503-30.zip,202602101146,天塩郡遠別町字北浜,181,,
01486-4503-30.zip,202602101146,天塩郡遠別町字北浜,184-1,,
01486-4503-30.zip,202602101146,天塩郡遠別町字北浜,184-2,,
01486-4503-30.zip,202602101146,天塩郡遠別町字北浜,180-1,,
01486-4503-30.zip,202602101146,天塩郡遠別町字北浜,185-1,,
01486-4503-30.zip,202602101146,天塩郡遠別町字北浜,185-3,,
01486-4503-30.zip,202602101146,天塩郡遠別町字北浜,186-3,,
01486-4503-30.zip,202602101146,天塩郡遠別町字北浜,186-1,,
01486-4503-30.zip,202602101146,天塩郡遠別町字北浜,179-1,,
01486-4503-30.zip,202602101146,天塩郡遠別町字北浜,177-2,,
01486-4503-30.zip,202602101146,天塩郡遠別町字北浜,177-8,,
01486-4503-30.zip,202602101146,天塩郡遠別町字北浜,道-27,,
01486-4503-30.zip,202602101146,天塩郡遠別町字北浜,182-9,,
01486-4503-30.zip,202602101146,天塩郡遠別町字北浜,180-4,,
01486-4503-30.zip,202602101146,天塩郡遠別町字北浜,179-2,,
01486-4503-30.zip,202602101146,天塩郡遠別町字北浜,179-3,,
01486-4503-30.zip,202602101146,天塩郡遠別町字北浜,180-3,,
01486-4503-30.zip,202602101146,天塩郡遠別町字北浜,182-10,,
01486-4503-30.zip,202602101146,天塩郡遠別町字北浜,362,,
01486-4503-30.zip,202602101146,天塩郡遠別町字啓明,466-1,,
01486-4503-30.zip,202602101146,天塩郡遠別町字啓明,水-25,,
01486-4503-30.zip,202602101146,天塩郡遠別町字啓明,592-1,,
01486-4503-30.zip,202602101146,天塩郡遠別町字啓明,862-3,,
01486-4503-30.zip,202602101146,天塩郡遠別町字啓明,591-1,,
01486-4503-30.zip,202602101146,天塩郡遠別町字啓明,862-1,,
01486-4503-30.zip,202602101146,天塩郡遠別町字啓明,382,,
01486-4503-30.zip,202602101146,天塩郡遠別町字啓明,734-4,,
01486-4503-30.zip,202602101146,天塩郡遠別町字啓明,447-1,,
01486-4503-30.zip,202602101146,天塩郡遠別町字啓明,447-13,,
01486-4503-30.zip,202602101146,天塩郡遠別町字啓明,732-2,,
01486-4503-30.zip,202602101146,天塩郡遠別町字啓明,732-1,,
01486-4503-30.zip,202602101146,天塩郡遠別町字啓明,802-4,,
01486-4503-30.zip,202602101146,天塩郡遠別町字啓明,447-18,,
01486-4503-30.zip,202602101146,天塩郡遠別町字啓明,447-14,,
01486-4503-30.zip,202602101146,天塩郡遠別町字啓明,734-1,,
01486-4503-30.zip,202602101146,天塩郡遠別町字啓明,734-3,,
01486-4503-30.zip,202602101146,天塩郡遠別町字啓明,447-16,,
01486-4503-30.zip,202602101146,天塩郡遠別町字啓明,447-7,,
01486-4503-30.zip,202602101146,天塩郡遠別町字幸和,908,,
01486-4503-30.zip,202602101146,天塩郡遠別町字幸和,907-1,,
01486-4503-30.zip,202602101146,天塩郡遠別町字北浜,道-28,,
01486-4503-30.zip,202602101146,天塩郡遠別町字啓明,道-29,,
01486-4503-30.zip,202602101146,天塩郡遠別町字啓明,1027,,
01486-4503-30.zip,202602101146,天塩郡遠別町字北浜,道-30,,
01486-4503-30.zip,202602101146,天塩郡遠別町字幸和,道-31,,
01486-4503-30.zip,202602101146,天塩郡遠別町字幸和,558-1,,
01486-4503-30.zip,202602101146,天塩郡遠別町字啓明,799-1,,
01486-4503-30.zip,202602101146,天塩郡遠別町字幸和,931,,
01486-4503-30.zip,202602101146,天塩郡遠別町字啓明,593-1,,
01486-4503-30.zip,202602101146,天塩郡遠別町字幸和,水-26,,
01486-4503-30.zip,202602101146,天塩郡遠別町字幸和,429-1,,
01486-4503-30.zip,202602101146,天塩郡遠別町字啓明,593-8,,
01486-4503-30.zip,202602101146,天塩郡遠別町字啓明,593-7,,
01486-4503-30.zip,202602101146,天塩郡遠別町字啓明,593-9,,
01486-4503-30.zip,202602101146,天塩郡遠別町字啓明,594,,
01486-4503-30.zip,202602101146,天塩郡遠別町字啓明,595-3,,
01486-4503-30.zip,202602101146,天塩郡遠別町字啓明,450-2,,
01486-4503-30.zip,202602101146,天塩郡遠別町字啓明,802-1,,
01486-4503-30.zip,202602101146,天塩郡遠別町字啓明,802-3,,
01486-4503-30.zip,202602101146,天塩郡遠別町字啓明,448-6,,
01486-4503-30.zip,202602101146,天塩郡遠別町字啓明,447-15,,
01486-4503-30.zip,202602101146,天塩郡遠別町字啓明,447-3,,
01486-4503-30.zip,202602101146,天塩郡遠別町字幸和,909,,
01486-4503-30.zip,202602101146,天塩郡遠別町字啓明,447-4,,
01486-4503-30.zip,202602101146,天塩郡遠別町字幸和,910,,
01486-4503-30.zip,202602101146,天塩郡遠別町字啓明,447-5,,
01486-4503-30.zip,202602101146,天塩郡遠別町字幸和,911,,
01486-4503-30.zip,202602101146,天塩郡遠別町字啓明,447-17,,
01486-4503-30.zip,202602101146,天塩郡遠別町字幸和,912-1,,
01486-4503-30.zip,202602101146,天塩郡遠別町字幸和,913,,
01486-4503-30.zip,202602101146,天塩郡遠別町字啓明,990,,
01486-4503-30.zip,202602101146,天塩郡遠別町字幸和,431-4,,
01486-4503-30.zip,202602101146,天塩郡遠別町字幸和,915-6,,
01486-4503-30.zip,202602101146,天塩郡遠別町字啓明,989,,
01486-4503-30.zip,202602101146,天塩郡遠別町字幸和,915-7,,
01486-4503-30.zip,202602101146,天塩郡遠別町字啓明,450-1,,
01486-4503-30.zip,202602101146,天塩郡遠別町字幸和,915-5,,
01486-4503-30.zip,202602101146,天塩郡遠別町字啓明,450-4,,
01486-4503-30.zip,202602101146,天塩郡遠別町字幸和,915-4,,
01486-4503-30.zip,202602101146,天塩郡遠別町字啓明,450-6,,
01486-4503-30.zip,202602101146,天塩郡遠別町字啓明,450-12,,
01486-4503-30.zip,202602101146,天塩郡遠別町字幸和,915-2,,
01486-4503-30.zip,202602101146,天塩郡遠別町字幸和,915-1,,
01486-4503-30.zip,202602101146,天塩郡遠別町字啓明,450-5,,
01486-4503-30.zip,202602101146,天塩郡遠別町字幸和,916-2,,
01486-4503-30.zip,202602101146,天塩郡遠別町字幸和,916-1,,
01486-4503-30.zip,202602101146,天塩郡遠別町字啓明,449-1,,
01486-4503-30.zip,202602101146,天塩郡遠別町字幸和,433-4,,
01486-4503-30.zip,202602101146,天塩郡遠別町字幸和,435-1,,
01486-4503-30.zip,202602101146,天塩郡遠別町字啓明,803-1,,
01486-4503-30.zip,202602101146,天塩郡遠別町字幸和,907-2,,
01486-4503-30.zip,202602101146,天塩郡遠別町字幸和,912-3,,
01486-4503-30.zip,202602101146,天塩郡遠別町字幸和,912-4,,
01486-4503-30.zip,202602101146,天塩郡遠別町字啓明,447-6,,
01486-4503-30.zip,202602101146,天塩郡遠別町字幸和,433-9,,
01486-4503-30.zip,202602101146,天塩郡遠別町字啓明,449-2,,
01486-4503-30.zip,202602101146,天塩郡遠別町字幸和,434-2,,
01486-4503-30.zip,202602101146,天塩郡遠別町字幸和,433-2,,
01486-4503-30.zip,202602101146,天塩郡遠別町字幸和,433-3,,
01486-4503-30.zip,202602101146,天塩郡遠別町字幸和,431-3,,
01486-4503-30.zip,202602101146,天塩郡遠別町字幸和,929,,
01486-4503-30.zip,202602101146,天塩郡遠別町字幸和,432-1,,
01486-4503-30.zip,202602101146,天塩郡遠別町字幸和,431-14,,
01486-4503-30.zip,202602101146,天塩郡遠別町字幸和,431-13,,
01486-4503-30.zip,202602101146,天塩郡遠別町字幸和,495,,
01486-4503-30.zip,202602101146,天塩郡遠別町字幸和,431-1,,
01486-4503-30.zip,202602101146,天塩郡遠別町字幸和,431-16,,
01486-4503-30.zip,202602101146,天塩郡遠別町字幸和,431-6,,
01486-4503-30.zip,202602101146,天塩郡遠別町字幸和,431-2,,
01486-4503-30.zip,202602101146,天塩郡遠別町字幸和,431-5,,
01486-4503-30.zip,202602101146,天塩郡遠別町字幸和,431-15,,
01486-4503-30.zip,202602101146,天塩郡遠別町字幸和,912-2,,
01486-4503-30.zip,202602101146,天塩郡遠別町字幸和,431-12,,
01486-4503-30.zip,202602101146,天塩郡遠別町字幸和,433-8,,
01486-4503-30.zip,202602101146,天塩郡遠別町字幸和,915-3,,
01486-4503-30.zip,202602101146,天塩郡遠別町字幸和,433-5,,
01486-4503-30.zip,202602101146,天塩郡遠別町字幸和,432-4,,
01486-4503-30.zip,202602101146,天塩郡遠別町字幸和,436-2,,
01486-4503-30.zip,202602101146,天塩郡遠別町字幸和,436-1,,
01486-4503-30.zip,202602101146,天塩郡遠別町字幸和,432-3,,
01486-4503-30.zip,202602101146,天塩郡遠別町字幸和,432-2,,
01486-4503-30.zip,202602101146,天塩郡遠別町字幸和,496,,
01486-4503-30.zip,202602101146,天塩郡遠別町字幸和,431-10,,
01486-4503-30.zip,202602101146,天塩郡遠別町字幸和,431-11,,
01486-4503-30.zip,202602101146,天塩郡遠別町字啓明,383-2,,
01486-4503-30.zip,202602101146,天塩郡遠別町字北浜,151-1,,
01486-4503-30.zip,202602101146,天塩郡遠別町字北浜,381,,
01486-4503-30.zip,202602101146,天塩郡遠別町字北浜,411,,
01486-4503-30.zip,202602101146,天塩郡遠別町字北浜,146-1,,
01486-4503-30.zip,202602101146,天塩郡遠別町字北浜,長狭物不明-3,,
01486-4503-30.zip,202602101146,天塩郡遠別町字北浜,146-3,,
01486-4503-30.zip,202602101146,天塩郡遠別町字北浜,146-4,,
01486-4503-30.zip,202602101146,天塩郡遠別町字北浜,146-14,,
01486-4503-30.zip,202602101146,天塩郡遠別町字北浜,146-11,,
01486-4503-30.zip,202602101146,天塩郡遠別町字北浜,146-12,,
01486-4503-30.zip,202602101146,天塩郡遠別町字北浜,146-13,,
01486-4503-30.zip,202602101146,天塩郡遠別町字北浜,306-1,,
01486-4503-30.zip,202602101146,天塩郡遠別町字北浜,327-1,,
01486-4503-30.zip,202602101146,天塩郡遠別町字北浜,156-1,,
01486-4503-30.zip,202602101146,天塩郡遠別町字北浜,156-4,,
01486-4503-30.zip,202602101146,天塩郡遠別町字北浜,155-1,,
01486-4503-30.zip,202602101146,天塩郡遠別町字北浜,155-3,,
01486-4503-30.zip,202602101146,天塩郡遠別町字北浜,155-4,,
01486-4503-30.zip,202602101146,天塩郡遠別町字北浜,道-32,,
01486-4503-30.zip,202602101146,天塩郡遠別町字北浜,354,,
01486-4503-30.zip,202602101146,天塩郡遠別町字北浜,305,,
01486-4503-30.zip,202602101146,天塩郡遠別町字北浜,304,,
01486-4503-30.zip,202602101146,天塩郡遠別町字北浜,203-1,,
01486-4503-30.zip,202602101146,天塩郡遠別町字北浜,道-33,,
01486-4503-30.zip,202602101146,天塩郡遠別町字啓明,道-34,,
01486-4503-30.zip,202602101146,天塩郡遠別町,地区外-1240600,,
01486-4503-30.zip,202602101146,天塩郡遠別町字啓明,686,,
01486-4503-30.zip,202602101146,天塩郡遠別町字啓明,水-27,,
01486-4503-30.zip,202602101146,天塩郡遠別町字北浜,212,,
01486-4503-30.zip,202602101146,天塩郡遠別町字北浜,211-1,,
01486-4503-30.zip,202602101146,天塩郡遠別町字北浜,水-28,,
01486-4503-30.zip,202602101146,天塩郡遠別町字北浜,151-3,,
01486-4503-30.zip,202602101146,天塩郡遠別町字北浜,151-2,,
01486-4503-30.zip,202602101146,天塩郡遠別町字北浜,154-3,,
01486-4503-30.zip,202602101146,天塩郡遠別町字北浜,211-4,,
01486-4503-30.zip,202602101146,天塩郡遠別町字北浜,水-29,,
01486-4503-30.zip,202602101146,天塩郡遠別町字北浜,205-1,,
01486-4503-30.zip,202602101146,天塩郡遠別町字北浜,水-30,,
01486-4503-30.zip,202602101146,天塩郡遠別町字北浜,202-1,,
01486-4503-30.zip,202602101146,天塩郡遠別町字北浜,水-31,,
01486-4503-30.zip,202602101146,天塩郡遠別町字啓明,464-9,,
01486-4503-30.zip,202602101146,天塩郡遠別町字啓明,602-1,,
01486-4503-30.zip,202602101146,天塩郡遠別町字啓明,603,,
01486-4503-30.zip,202602101146,天塩郡遠別町字啓明,602-4,,
01486-4503-30.zip,202602101146,天塩郡遠別町字北浜,216-1,,
01486-4503-30.zip,202602101146,天塩郡遠別町字北浜,水-32,,
01486-4503-30.zip,202602101146,天塩郡遠別町字北浜,水-33,,
01486-4503-30.zip,202602101146,天塩郡遠別町字北浜,202-3,,
01486-4503-30.zip,202602101146,天塩郡遠別町字啓明,道-35,,
01486-4503-30.zip,202602101146,天塩郡遠別町字啓明,599-1,,
01486-4503-30.zip,202602101146,天塩郡遠別町字北浜,215-1,,
01486-4503-30.zip,202602101146,天塩郡遠別町字北浜,211-2,,
01486-4503-30.zip,202602101146,天塩郡遠別町字北浜,382,,
01486-4503-30.zip,202602101146,天塩郡遠別町,地区外-1240631,,
01486-4503-30.zip,202602101146,天塩郡遠別町字北浜,380,,
01486-4503-30.zip,202602101146,天塩郡遠別町字北浜,303-1,,
01486-4503-30.zip,202602101146,天塩郡遠別町字北浜,道-37,,
01486-4503-30.zip,202602101146,天塩郡遠別町字北浜,26-4,,
01486-4503-30.zip,202602101146,天塩郡遠別町字北浜,25-1,,
01486-4503-30.zip,202602101146,天塩郡遠別町字北浜,25-7,,
01486-4503-30.zip,202602101146,天塩郡遠別町字北浜,26-3,,
01486-4503-30.zip,202602101146,天塩郡遠別町字北浜,25-3,,
01486-4503-30.zip,202602101146,天塩郡遠別町字北浜,25-6,,
01486-4503-30.zip,202602101146,天塩郡遠別町字北浜,378,,
01486-4503-30.zip,202602101146,天塩郡遠別町字北浜,25-4,,
01486-4503-30.zip,202602101146,天塩郡遠別町字北浜,376,,
01486-4503-30.zip,202602101146,天塩郡遠別町字北浜,25-5,,
01486-4503-30.zip,202602101146,天塩郡遠別町字北浜,25-2,,
01486-4503-30.zip,202602101146,天塩郡遠別町字北浜,39-1,,
01486-4503-30.zip,202602101146,天塩郡遠別町字北浜,46-1,,
01486-4503-30.zip,202602101146,天塩郡遠別町字北浜,377,,
01486-4503-30.zip,202602101146,天塩郡遠別町字北浜,水-34,,
01486-4503-30.zip,202602101146,天塩郡遠別町字北浜,27,,
01486-4503-30.zip,202602101146,天塩郡遠別町字北浜,302-6,,
01486-4503-30.zip,202602101146,天塩郡遠別町字北浜,224-1,,
01486-4503-30.zip,202602101146,天塩郡遠別町字北浜,302-5,,
01486-4503-30.zip,202602101146,天塩郡遠別町字北浜,道-38,,
01486-4503-30.zip,202602101146,天塩郡遠別町字北浜,222-1,,
01486-4503-30.zip,202602101146,天塩郡遠別町字北浜,218-1,,
01486-4503-30.zip,202602101146,天塩郡遠別町字北浜,320-1,,
01486-4503-30.zip,202602101146,天塩郡遠別町字北浜,312,,
01486-4503-30.zip,202602101146,天塩郡遠別町字北浜,38-1,,
01486-4503-30.zip,202602101146,天塩郡遠別町字北浜,37-1,,
01486-4503-30.zip,202602101146,天塩郡遠別町字北浜,26-6,,
01486-4503-30.zip,202602101146,天塩郡遠別町字北浜,29-1,,
01486-4503-30.zip,202602101146,天塩郡遠別町字北浜,223,,
01486-4503-30.zip,202602101146,天塩郡遠別町字北浜,317,,
01486-4503-30.zip,202602101146,天塩郡遠別町字北浜,221-1,,
01486-4503-30.zip,202602101146,天塩郡遠別町字北浜,220-1,,
01486-4503-30.zip,202602101146,天塩郡遠別町字北浜,水-35,,
01486-4503-30.zip,202602101146,天塩郡遠別町字北浜,221-3,,
01486-4503-30.zip,202602101146,天塩郡遠別町字北浜,221-6,,
01486-4503-30.zip,202602101146,天塩郡遠別町字北浜,36-1,,
01486-4503-30.zip,202602101146,天塩郡遠別町字北浜,36-2,,
01486-4503-30.zip,202602101146,天塩郡遠別町字北浜,43-2,,
01486-4503-30.zip,202602101146,天塩郡遠別町字北浜,道-39,,
01486-4503-30.zip,202602101146,天塩郡遠別町字北浜,33-10,,
01486-4503-30.zip,202602101146,天塩郡遠別町字北浜,33-6,,
01486-4503-30.zip,202602101146,天塩郡遠別町字北浜,33-4,,
01486-4503-30.zip,202602101146,天塩郡遠別町字北浜,33-7,,
01486-4503-30.zip,202602101146,天塩郡遠別町字北浜,33-8,,
01486-4503-30.zip,202602101146,天塩郡遠別町字北浜,33-9,,
01486-4503-30.zip,202602101146,天塩郡遠別町字北浜,32-1,,
01486-4503-30.zip,202602101146,天塩郡遠別町字北浜,32-3,,
01486-4503-30.zip,202602101146,天塩郡遠別町字北浜,33-1,,
01486-4503-30.zip,202602101146,天塩郡遠別町字北浜,道-40,,
01486-4503-30.zip,202602101146,天塩郡遠別町字北浜,379,,
01486-4503-30.zip,202602101146,天塩郡遠別町字北浜,43-6,,
01486-4503-30.zip,202602101146,天塩郡遠別町字北浜,375,,
01486-4503-30.zip,202602101146,天塩郡遠別町字北浜,374,,
01486-4503-30.zip,202602101146,天塩郡遠別町字北浜,226-6,,
01486-4503-30.zip,202602101146,天塩郡遠別町字北浜,373,,
01486-4503-30.zip,202602101146,天塩郡遠別町字北浜,225-2,,
01486-4503-30.zip,202602101146,天塩郡遠別町字北浜,226-8,,
01486-4503-30.zip,202602101146,天塩郡遠別町字北浜,40-1,,
01486-4503-30.zip,202602101146,天塩郡遠別町字北浜,46-13,,
01486-4503-30.zip,202602101146,天塩郡遠別町字北浜,44-1,,
01486-4503-30.zip,202602101146,天塩郡遠別町字北浜,43-8,,
01486-4503-30.zip,202602101146,天塩郡遠別町字北浜,46-20,,
01486-4503-30.zip,202602101146,天塩郡遠別町字北浜,46-21,,
01486-4503-30.zip,202602101146,天塩郡遠別町字北浜,46-4,,
01486-4503-30.zip,202602101146,天塩郡遠別町字北浜,44-3,,
01486-4503-30.zip,202602101146,天塩郡遠別町,地区外-1240700,,
01486-4503-30.zip,202602101146,天塩郡遠別町字北浜,302-1,,
01486-4503-30.zip,202602101146,天塩郡遠別町字北浜,217-1,,
01486-4503-30.zip,202602101146,天塩郡遠別町字北浜,311-1,,
01486-4503-30.zip,202602101146,天塩郡遠別町字北浜,302-3,,
01486-4503-30.zip,202602101146,天塩郡遠別町字北浜,310,,
01486-4503-30.zip,202602101146,天塩郡遠別町字北浜,313-1,,
01486-4503-30.zip,202602101146,天塩郡遠別町字北浜,311-2,,
01486-4503-30.zip,202602101146,天塩郡遠別町字北浜,217-3,,
01486-4503-30.zip,202602101146,天塩郡遠別町字北浜,311-4,,
01486-4503-30.zip,202602101146,天塩郡遠別町字北浜,313-2,,
01486-4503-30.zip,202602101146,天塩郡遠別町字北浜,302-4,,
01486-4503-30.zip,202602101146,天塩郡遠別町字北浜,213-1,,
01486-4503-30.zip,202602101146,天塩郡遠別町字北浜,213-5,,
01486-4503-30.zip,202602101146,天塩郡遠別町,地区外-1240497,,
01486-4503-30.zip,202602101146,天塩郡遠別町字北浜,383,,
01486-4503-30.zip,202602101146,天塩郡遠別町字幸和,559,,
01486-4503-30.zip,202602101146,天塩郡遠別町字北浜,214-3,,
01486-4503-30.zip,202602101146,天塩郡遠別町字北浜,214-1,,
01486-4503-30.zip,202602101146,天塩郡遠別町,地区外-1240622,,
01486-4503-30.zip,202602101146,天塩郡遠別町字北浜,道-36,,
01486-4503-30.zip,202602101146,天塩郡遠別町字啓明,909,,
01486-4503-30.zip,202602101146,天塩郡遠別町字北浜,182-3,,
01486-4503-30.zip,202602101146,天塩郡遠別町字北浜,182-12,,
01486-4503-30.zip,202602101146,天塩郡遠別町字北浜,182-5,,
01486-4503-30.zip,202602101146,天塩郡遠別町字北浜,182-11,,
01486-4503-30.zip,202602101146,天塩郡遠別町字北浜,363,,
01486-4503-30.zip,202602101146,天塩郡遠別町字北浜,182-1,,
01486-4503-30.zip,202602101146,天塩郡遠別町字北浜,182-14,,
01486-4503-30.zip,202602101146,天塩郡遠別町字北浜,182-13,,
01486-4503-30.zip,202602101146,天塩郡遠別町字北浜,364-2,,
01486-4503-30.zip,202602101146,天塩郡遠別町字北浜,364-1,,
01486-4503-30.zip,202602101146,天塩郡遠別町字北浜,364-3,,
01486-4503-30.zip,202602101146,天塩郡遠別町,地区外-1240464,,
01486-4503-30.zip,202602101146,天塩郡遠別町字啓明,171-1,,
01486-4503-30.zip,202602101146,天塩郡遠別町字啓明,1090-1,,
01486-4503-30.zip,202602101146,天塩郡遠別町字啓明,170-3,,
01486-4503-30.zip,202602101146,天塩郡遠別町字啓明,1091-2,,
01486-4503-30.zip,202602101146,天塩郡遠別町字啓明,1091-1,,
01486-4503-30.zip,202602101146,天塩郡遠別町字啓明,1091-3,,
01486-4503-30.zip,202602101146,天塩郡遠別町字啓明,1090-2,,
01486-4503-30.zip,202602101146,天塩郡遠別町字啓明,171-3,,
01486-4503-30.zip,202602101146,天塩郡遠別町字啓明,172-1,,
01486-4503-30.zip,202602101146,天塩郡遠別町字啓明,547-1,,
01486-4503-30.zip,202602101146,天塩郡遠別町字啓明,547-10,,
01486-4503-30.zip,202602101146,天塩郡遠別町字啓明,881-1,,
01486-4503-30.zip,202602101146,天塩郡遠別町字啓明,546-1,,
01486-4503-30.zip,202602101146,天塩郡遠別町字北浜,177-1,,
01486-4503-30.zip,202602101146,天塩郡遠別町字北浜,177-10,,
01486-4503-30.zip,202602101146,天塩郡遠別町字北浜,水-17,,
01486-4503-30.zip,202602101146,天塩郡遠別町字北浜,350-4,,
01486-4503-30.zip,202602101146,天塩郡遠別町字北浜,177-7,,
01486-4503-30.zip,202602101146,天塩郡遠別町字啓明,275-6,,
01486-4503-30.zip,202602101146,天塩郡遠別町字啓明,275-2,,
01486-4503-30.zip,202602101146,天塩郡遠別町字啓明,275-3,,
01486-4503-30.zip,202602101146,天塩郡遠別町字啓明,276-2,,
01486-4503-30.zip,202602101146,天塩郡遠別町字北浜,217-5,,
01486-4503-30.zip,202602101146,天塩郡遠別町字北浜,217-7,,
01486-4503-30.zip,202602101146,天塩郡遠別町字北浜,217-6,,
01486-4503-30.zip,202602101146,天塩郡遠別町字啓明,542-1,,
01486-4503-30.zip,202602101146,天塩郡遠別町字啓明,542-2,,
01486-4503-30.zip,202602101146,天塩郡遠別町字啓明,944-1,,
01486-4503-30.zip,202602101146,天塩郡遠別町字啓明,944-2,,
01486-4503-30.zip,202602101146,天塩郡遠別町字啓明,270-1,,
01486-4503-30.zip,202602101146,天塩郡遠別町字啓明,270-2,,
01486-4503-30.zip,202602101146,天塩郡遠別町字啓明,271-5,,
01486-4503-30.zip,202602101146,天塩郡遠別町字啓明,271-4,,
01486-4503-30.zip,202602101146,天塩郡遠別町字啓明,947-1,,
01486-4503-30.zip,202602101146,天塩郡遠別町字啓明,947-2,,
01486-4503-30.zip,202602101146,天塩郡遠別町字啓明,340-1,,
01486-4503-30.zip,202602101146,天塩郡遠別町字啓明,340-3,,
01486-4503-30.zip,202602101146,天塩郡遠別町字啓明,水-12,,
01486-4503-30.zip,202602101146,天塩郡遠別町字清川,1059-1,,
01486-4503-30.zip,202602101146,天塩郡遠別町字清川,1059-2,,
01486-4503-30.zip,202602101146,天塩郡遠別町字啓明,354-5,,
01486-4503-30.zip,202602101146,天塩郡遠別町,地区外-1239994,,
01486-4503-30.zip,202602101146,天塩郡遠別町字啓明,353-2,,
