{"type":"Topology","objects":{"01217-4308-41.featurecollection":{"type":"GeometryCollection","geometries":[{"type":"Polygon","arcs":[[0,1,2,3]],"properties":{"市区町村名":"江別市","大字名":"あけぼの町","丁目名":null,"小字名":null,"地番":"34-28","精度区分":null,"座標系":"任意座標系"}},{"type":"Polygon","arcs":[[4,5,6,7,8,9,10,11,12,13,14,15,16,17,18,19,20]],"properties":{"市区町村名":"江別市","大字名":"朝日町","丁目名":null,"小字名":null,"地番":"45W1","精度区分":null,"座標系":"任意座標系"}},{"type":"Polygon","arcs":[[21,-21,22,23,24,25,26,27,28]],"properties":{"市区町村名":"江別市","大字名":"朝日町","丁目名":null,"小字名":null,"地番":"45W2","精度区分":null,"座標系":"任意座標系"}},{"type":"Polygon","arcs":[[29,30,31,32]],"properties":{"市区町村名":"江別市","大字名":"あけぼの町","丁目名":null,"小字名":null,"地番":"21-23","精度区分":null,"座標系":"任意座標系"}},{"type":"Polygon","arcs":[[33,34,35,36,37,38,39,40,41,42,43]],"properties":{"市区町村名":"江別市","大字名":"あけぼの町","丁目名":null,"小字名":null,"地番":"49W1","精度区分":null,"座標系":"任意座標系"}},{"type":"Polygon","arcs":[[44,45,46,47,48,49]],"properties":{"市区町村名":"江別市","大字名":"あけぼの町","丁目名":null,"小字名":null,"地番":"44W1","精度区分":null,"座標系":"任意座標系"}},{"type":"Polygon","arcs":[[50,51,52,53,54,55,56,57]],"properties":{"市区町村名":"江別市","大字名":"朝日町","丁目名":null,"小字名":null,"地番":"50-5W1","精度区分":null,"座標系":"任意座標系"}},{"type":"Polygon","arcs":[[58,59,60,61,62,63,64,65,66,-33,67,68,69,70,71,72,73,74,75,76,77,78,79,80,81,82,83]],"properties":{"市区町村名":"江別市","大字名":"あけぼの町","丁目名":null,"小字名":null,"地番":"47W1","精度区分":null,"座標系":"任意座標系"}},{"type":"Polygon","arcs":[[84,85,86,87,88,89,90,91,92,93,94,95,96,97,98,99,100,101,102,103,104,105,106,107,108,109,110,111,112,113,114,115,116,117,118,119,120,121,122,123,124,125,126,127,128,129,130,131,132,133,134,135,136,137,138,139,140,141,142,143,144,145,146,147,148,149,150,151,152,153,154,155,156,157,158,159,-82,160,161,162,163,164,165,166,167,168,169,-71,170,171,172,173,174,175,176,177,178,179]],"properties":{"市区町村名":"江別市","大字名":"あけぼの町","丁目名":null,"小字名":null,"地番":"46W2","精度区分":null,"座標系":"任意座標系"}},{"type":"Polygon","arcs":[[180,-74,181]],"properties":{"市区町村名":"江別市","大字名":"あけぼの町","丁目名":null,"小字名":null,"地番":"22-16","精度区分":null,"座標系":"任意座標系"}},{"type":"Polygon","arcs":[[-59,182,183,184]],"properties":{"市区町村名":"江別市","大字名":"あけぼの町","丁目名":null,"小字名":null,"地番":"21-9","精度区分":null,"座標系":"任意座標系"}},{"type":"Polygon","arcs":[[185,-161,-81,186]],"properties":{"市区町村名":"江別市","大字名":"あけぼの町","丁目名":null,"小字名":null,"地番":"22-9","精度区分":null,"座標系":"任意座標系"}},{"type":"Polygon","arcs":[[-163,187,188]],"properties":{"市区町村名":"江別市","大字名":"あけぼの町","丁目名":null,"小字名":null,"地番":"22-8","精度区分":null,"座標系":"任意座標系"}},{"type":"Polygon","arcs":[[189,190,-72,-170]],"properties":{"市区町村名":"江別市","大字名":"あけぼの町","丁目名":null,"小字名":null,"地番":"22-1","精度区分":null,"座標系":"任意座標系"}},{"type":"Polygon","arcs":[[191,192,193,194,-171,-70]],"properties":{"市区町村名":"江別市","大字名":"あけぼの町","丁目名":null,"小字名":null,"地番":"21-1","精度区分":null,"座標系":"任意座標系"}},{"type":"Polygon","arcs":[[195,-172,-195]],"properties":{"市区町村名":"江別市","大字名":"あけぼの町","丁目名":null,"小字名":null,"地番":"21-18","精度区分":null,"座標系":"任意座標系"}},{"type":"Polygon","arcs":[[196,-180,197,-184]],"properties":{"市区町村名":"江別市","大字名":"あけぼの町","丁目名":null,"小字名":null,"地番":"21-10","精度区分":null,"座標系":"任意座標系"}},{"type":"Polygon","arcs":[[198,199,200,-86]],"properties":{"市区町村名":"江別市","大字名":"あけぼの町","丁目名":null,"小字名":null,"地番":"23-10","精度区分":null,"座標系":"任意座標系"}},{"type":"Polygon","arcs":[[201,202,-96]],"properties":{"市区町村名":"江別市","大字名":"あけぼの町","丁目名":null,"小字名":null,"地番":"23-1","精度区分":null,"座標系":"任意座標系"}},{"type":"Polygon","arcs":[[203,204,-99]],"properties":{"市区町村名":"江別市","大字名":"あけぼの町","丁目名":null,"小字名":null,"地番":"23-22","精度区分":null,"座標系":"任意座標系"}},{"type":"Polygon","arcs":[[205,-110,206,207]],"properties":{"市区町村名":"江別市","大字名":"あけぼの町","丁目名":null,"小字名":null,"地番":"23-13","精度区分":null,"座標系":"任意座標系"}},{"type":"Polygon","arcs":[[208,209,210,-112]],"properties":{"市区町村名":"江別市","大字名":"あけぼの町","丁目名":null,"小字名":null,"地番":"24-10","精度区分":null,"座標系":"任意座標系"}},{"type":"Polygon","arcs":[[211,212,-121]],"properties":{"市区町村名":"江別市","大字名":"あけぼの町","丁目名":null,"小字名":null,"地番":"24-1","精度区分":null,"座標系":"任意座標系"}},{"type":"Polygon","arcs":[[213,-127,214]],"properties":{"市区町村名":"江別市","大字名":"あけぼの町","丁目名":null,"小字名":null,"地番":"24-20","精度区分":null,"座標系":"任意座標系"}},{"type":"Polygon","arcs":[[215,-137,216,217]],"properties":{"市区町村名":"江別市","大字名":"あけぼの町","丁目名":null,"小字名":null,"地番":"24-12","精度区分":null,"座標系":"任意座標系"}},{"type":"Polygon","arcs":[[218,219,220]],"properties":{"市区町村名":"江別市","大字名":"あけぼの町","丁目名":null,"小字名":null,"地番":"24-29","精度区分":null,"座標系":"任意座標系"}},{"type":"Polygon","arcs":[[221,-221,222,223,224,225,226]],"properties":{"市区町村名":"江別市","大字名":"あけぼの町","丁目名":null,"小字名":null,"地番":"24-11","精度区分":null,"座標系":"任意座標系"}},{"type":"Polygon","arcs":[[227,-224,228,-135,229]],"properties":{"市区町村名":"江別市","大字名":"あけぼの町","丁目名":null,"小字名":null,"地番":"24-14","精度区分":null,"座標系":"任意座標系"}},{"type":"Polygon","arcs":[[230,-217,-136,-229,-223]],"properties":{"市区町村名":"江別市","大字名":"あけぼの町","丁目名":null,"小字名":null,"地番":"24-13","精度区分":null,"座標系":"任意座標系"}},{"type":"Polygon","arcs":[[231,-225,-228,232,-114]],"properties":{"市区町村名":"江別市","大字名":"あけぼの町","丁目名":null,"小字名":null,"地番":"24-8","精度区分":null,"座標系":"任意座標系"}},{"type":"Polygon","arcs":[[233,234,-115,-233]],"properties":{"市区町村名":"江別市","大字名":"あけぼの町","丁目名":null,"小字名":null,"地番":"24-7","精度区分":null,"座標系":"任意座標系"}},{"type":"Polygon","arcs":[[235,-133,236,237]],"properties":{"市区町村名":"江別市","大字名":"あけぼの町","丁目名":null,"小字名":null,"地番":"24-16","精度区分":null,"座標系":"任意座標系"}},{"type":"Polygon","arcs":[[-234,-230,-134,-236]],"properties":{"市区町村名":"江別市","大字名":"あけぼの町","丁目名":null,"小字名":null,"地番":"24-15","精度区分":null,"座標系":"任意座標系"}},{"type":"Polygon","arcs":[[-235,-238,238,-116]],"properties":{"市区町村名":"江別市","大字名":"あけぼの町","丁目名":null,"小字名":null,"地番":"24-6","精度区分":null,"座標系":"任意座標系"}},{"type":"Polygon","arcs":[[239,240,-117,-239]],"properties":{"市区町村名":"江別市","大字名":"あけぼの町","丁目名":null,"小字名":null,"地番":"24-5","精度区分":null,"座標系":"任意座標系"}},{"type":"Polygon","arcs":[[241,-131,242]],"properties":{"市区町村名":"江別市","大字名":"あけぼの町","丁目名":null,"小字名":null,"地番":"24-22","精度区分":null,"座標系":"任意座標系"}},{"type":"Polygon","arcs":[[-240,-237,-132,-242,243]],"properties":{"市区町村名":"江別市","大字名":"あけぼの町","丁目名":null,"小字名":null,"地番":"24-17","精度区分":null,"座標系":"任意座標系"}},{"type":"Polygon","arcs":[[-241,244,245,-118]],"properties":{"市区町村名":"江別市","大字名":"あけぼの町","丁目名":null,"小字名":null,"地番":"24-4","精度区分":null,"座標系":"任意座標系"}},{"type":"Polygon","arcs":[[246,247,248,-119,-246]],"properties":{"市区町村名":"江別市","大字名":"あけぼの町","丁目名":null,"小字名":null,"地番":"24-3","精度区分":null,"座標系":"任意座標系"}},{"type":"Polygon","arcs":[[-248,249,250,-124,251,252,253,254]],"properties":{"市区町村名":"江別市","大字名":"あけぼの町","丁目名":null,"小字名":null,"地番":"24-21","精度区分":null,"座標系":"任意座標系"}},{"type":"Polygon","arcs":[[-245,-244,-243,-130,255]],"properties":{"市区町村名":"江別市","大字名":"あけぼの町","丁目名":null,"小字名":null,"地番":"24-18","精度区分":null,"座標系":"任意座標系"}},{"type":"Polygon","arcs":[[-129,256,257,258,-250,-247,-256]],"properties":{"市区町村名":"江別市","大字名":"あけぼの町","丁目名":null,"小字名":null,"地番":"24-19","精度区分":null,"座標系":"任意座標系"}},{"type":"Polygon","arcs":[[259,-125,-251,-259]],"properties":{"市区町村名":"江別市","大字名":"あけぼの町","丁目名":null,"小字名":null,"地番":"24-33","精度区分":null,"座標系":"任意座標系"}},{"type":"Polygon","arcs":[[-260,-258,260,-215,-126]],"properties":{"市区町村名":"江別市","大字名":"あけぼの町","丁目名":null,"小字名":null,"地番":"24-32","精度区分":null,"座標系":"任意座標系"}},{"type":"Polygon","arcs":[[-257,-128,-214,-261]],"properties":{"市区町村名":"江別市","大字名":"あけぼの町","丁目名":null,"小字名":null,"地番":"24-23","精度区分":null,"座標系":"任意座標系"}},{"type":"Polygon","arcs":[[-201,261,262,263,-87]],"properties":{"市区町村名":"江別市","大字名":"あけぼの町","丁目名":null,"小字名":null,"地番":"23-9","精度区分":null,"座標系":"任意座標系"}},{"type":"Polygon","arcs":[[264,265,266,-262,-200]],"properties":{"市区町村名":"江別市","大字名":"あけぼの町","丁目名":null,"小字名":null,"地番":"23-11","精度区分":null,"座標系":"任意座標系"}},{"type":"Polygon","arcs":[[267,268,269,-97,-203]],"properties":{"市区町村名":"江別市","大字名":"あけぼの町","丁目名":null,"小字名":null,"地番":"23-24","精度区分":null,"座標系":"任意座標系"}},{"type":"Polygon","arcs":[[270,-204,-98,-270]],"properties":{"市区町村名":"江別市","大字名":"あけぼの町","丁目名":null,"小字名":null,"地番":"23-26","精度区分":null,"座標系":"任意座標系"}},{"type":"Polygon","arcs":[[271,-103,272,273,274]],"properties":{"市区町村名":"江別市","大字名":"あけぼの町","丁目名":null,"小字名":null,"地番":"23-20","精度区分":null,"座標系":"任意座標系"}},{"type":"Polygon","arcs":[[-104,-272,275,276]],"properties":{"市区町村名":"江別市","大字名":"あけぼの町","丁目名":null,"小字名":null,"地番":"23-19","精度区分":null,"座標系":"任意座標系"}},{"type":"Polygon","arcs":[[277,-275,278,-94]],"properties":{"市区町村名":"江別市","大字名":"あけぼの町","丁目名":null,"小字名":null,"地番":"23-3","精度区分":null,"座標系":"任意座標系"}},{"type":"Polygon","arcs":[[279,-268,-202,-95,-279]],"properties":{"市区町村名":"江別市","大字名":"あけぼの町","丁目名":null,"小字名":null,"地番":"23-2","精度区分":null,"座標系":"任意座標系"}},{"type":"Polygon","arcs":[[280,-100,-205,-271,-269]],"properties":{"市区町村名":"江別市","大字名":"あけぼの町","丁目名":null,"小字名":null,"地番":"23-27","精度区分":null,"座標系":"任意座標系"}},{"type":"Polygon","arcs":[[281,-101,-281,-280,-274]],"properties":{"市区町村名":"江別市","大字名":"あけぼの町","丁目名":null,"小字名":null,"地番":"23-21","精度区分":null,"座標系":"任意座標系"}},{"type":"Polygon","arcs":[[-273,-102,-282]],"properties":{"市区町村名":"江別市","大字名":"あけぼの町","丁目名":null,"小字名":null,"地番":"23-25","精度区分":null,"座標系":"任意座標系"}},{"type":"Polygon","arcs":[[282,283,284,-92]],"properties":{"市区町村名":"江別市","大字名":"あけぼの町","丁目名":null,"小字名":null,"地番":"23-5","精度区分":null,"座標系":"任意座標系"}},{"type":"Polygon","arcs":[[-276,-278,-93,-285]],"properties":{"市区町村名":"江別市","大字名":"あけぼの町","丁目名":null,"小字名":null,"地番":"23-4","精度区分":null,"座標系":"任意座標系"}},{"type":"Polygon","arcs":[[285,-105,-277,-284]],"properties":{"市区町村名":"江別市","大字名":"あけぼの町","丁目名":null,"小字名":null,"地番":"23-18","精度区分":null,"座標系":"任意座標系"}},{"type":"Polygon","arcs":[[-106,-286,286,287]],"properties":{"市区町村名":"江別市","大字名":"あけぼの町","丁目名":null,"小字名":null,"地番":"23-17","精度区分":null,"座標系":"任意座標系"}},{"type":"Polygon","arcs":[[288,289,290,-90]],"properties":{"市区町村名":"江別市","大字名":"あけぼの町","丁目名":null,"小字名":null,"地番":"23-7","精度区分":null,"座標系":"任意座標系"}},{"type":"Polygon","arcs":[[-287,-283,-91,-291]],"properties":{"市区町村名":"江別市","大字名":"あけぼの町","丁目名":null,"小字名":null,"地番":"23-6","精度区分":null,"座標系":"任意座標系"}},{"type":"Polygon","arcs":[[291,292,-289,-89]],"properties":{"市区町村名":"江別市","大字名":"あけぼの町","丁目名":null,"小字名":null,"地番":"23-23","精度区分":null,"座標系":"任意座標系"}},{"type":"Polygon","arcs":[[293,-107,-288,-290,-293]],"properties":{"市区町村名":"江別市","大字名":"あけぼの町","丁目名":null,"小字名":null,"地番":"23-16","精度区分":null,"座標系":"任意座標系"}},{"type":"Polygon","arcs":[[-108,-294,294,295]],"properties":{"市区町村名":"江別市","大字名":"あけぼの町","丁目名":null,"小字名":null,"地番":"23-15","精度区分":null,"座標系":"任意座標系"}},{"type":"Polygon","arcs":[[-295,-292,-88,-264]],"properties":{"市区町村名":"江別市","大字名":"あけぼの町","丁目名":null,"小字名":null,"地番":"23-8","精度区分":null,"座標系":"任意座標系"}},{"type":"Polygon","arcs":[[296,297,-60,-185]],"properties":{"市区町村名":"江別市","大字名":"あけぼの町","丁目名":null,"小字名":null,"地番":"21-8","精度区分":null,"座標系":"任意座標系"}},{"type":"Polygon","arcs":[[298,-178,299,300,301]],"properties":{"市区町村名":"江別市","大字名":"あけぼの町","丁目名":null,"小字名":null,"地番":"21-12","精度区分":null,"座標系":"任意座標系"}},{"type":"Polygon","arcs":[[-198,-179,-299,-297]],"properties":{"市区町村名":"江別市","大字名":"あけぼの町","丁目名":null,"小字名":null,"地番":"21-11","精度区分":null,"座標系":"任意座標系"}},{"type":"Polygon","arcs":[[302,-301,303,-62]],"properties":{"市区町村名":"江別市","大字名":"あけぼの町","丁目名":null,"小字名":null,"地番":"21-27","精度区分":null,"座標系":"任意座標系"}},{"type":"Polygon","arcs":[[304,305,-63,-304]],"properties":{"市区町村名":"江別市","大字名":"あけぼの町","丁目名":null,"小字名":null,"地番":"21-26","精度区分":null,"座標系":"任意座標系"}},{"type":"Polygon","arcs":[[-298,-302,-303,-61]],"properties":{"市区町村名":"江別市","大字名":"あけぼの町","丁目名":null,"小字名":null,"地番":"21-7","精度区分":null,"座標系":"任意座標系"}},{"type":"Polygon","arcs":[[306,307,-30,-67,308]],"properties":{"市区町村名":"江別市","大字名":"あけぼの町","丁目名":null,"小字名":null,"地番":"21-3","精度区分":null,"座標系":"任意座標系"}},{"type":"Polygon","arcs":[[309,-174,310,-307]],"properties":{"市区町村名":"江別市","大字名":"あけぼの町","丁目名":null,"小字名":null,"地番":"21-16","精度区分":null,"座標系":"任意座標系"}},{"type":"Polygon","arcs":[[-31,-308,-311,-173,-196,-194,311]],"properties":{"市区町村名":"江別市","大字名":"あけぼの町","丁目名":null,"小字名":null,"地番":"21-17","精度区分":null,"座標系":"任意座標系"}},{"type":"Polygon","arcs":[[312,313,-309,-66]],"properties":{"市区町村名":"江別市","大字名":"あけぼの町","丁目名":null,"小字名":null,"地番":"21-4","精度区分":null,"座標系":"任意座標系"}},{"type":"Polygon","arcs":[[314,-175,-310,-314]],"properties":{"市区町村名":"江別市","大字名":"あけぼの町","丁目名":null,"小字名":null,"地番":"21-15","精度区分":null,"座標系":"任意座標系"}},{"type":"Polygon","arcs":[[-176,-315,315,316]],"properties":{"市区町村名":"江別市","大字名":"あけぼの町","丁目名":null,"小字名":null,"地番":"21-14","精度区分":null,"座標系":"任意座標系"}},{"type":"Polygon","arcs":[[-306,317,318,-64]],"properties":{"市区町村名":"江別市","大字名":"あけぼの町","丁目名":null,"小字名":null,"地番":"21-6","精度区分":null,"座標系":"任意座標系"}},{"type":"Polygon","arcs":[[-316,-313,-65,-319]],"properties":{"市区町村名":"江別市","大字名":"あけぼの町","丁目名":null,"小字名":null,"地番":"21-5","精度区分":null,"座標系":"任意座標系"}},{"type":"Polygon","arcs":[[-312,-193,319,-68,-32]],"properties":{"市区町村名":"江別市","大字名":"あけぼの町","丁目名":null,"小字名":null,"地番":"21-2","精度区分":null,"座標系":"任意座標系"}},{"type":"Polygon","arcs":[[-320,-192,-69]],"properties":{"市区町村名":"江別市","大字名":"あけぼの町","丁目名":null,"小字名":null,"地番":"21-25","精度区分":null,"座標系":"任意座標系"}},{"type":"Polygon","arcs":[[320,-187,-80,321]],"properties":{"市区町村名":"江別市","大字名":"あけぼの町","丁目名":null,"小字名":null,"地番":"22-10","精度区分":null,"座標系":"任意座標系"}},{"type":"Polygon","arcs":[[322,-182,-73,-191]],"properties":{"市区町村名":"江別市","大字名":"あけぼの町","丁目名":null,"小字名":null,"地番":"22-20","精度区分":null,"座標系":"任意座標系"}},{"type":"Polygon","arcs":[[323,324,-75,-181]],"properties":{"市区町村名":"江別市","大字名":"あけぼの町","丁目名":null,"小字名":null,"地番":"22-15","精度区分":null,"座標系":"任意座標系"}},{"type":"Polygon","arcs":[[325,326,-76,-325]],"properties":{"市区町村名":"江別市","大字名":"あけぼの町","丁目名":null,"小字名":null,"地番":"22-14","精度区分":null,"座標系":"任意座標系"}},{"type":"Polygon","arcs":[[327,328,-77,-327]],"properties":{"市区町村名":"江別市","大字名":"あけぼの町","丁目名":null,"小字名":null,"地番":"22-13","精度区分":null,"座標系":"任意座標系"}},{"type":"Polygon","arcs":[[-168,329,330,331]],"properties":{"市区町村名":"江別市","大字名":"あけぼの町","丁目名":null,"小字名":null,"地番":"22-3","精度区分":null,"座標系":"任意座標系"}},{"type":"Polygon","arcs":[[332,-326,333,-331]],"properties":{"市区町村名":"江別市","大字名":"あけぼの町","丁目名":null,"小字名":null,"地番":"22-17","精度区分":null,"座標系":"任意座標系"}},{"type":"Polygon","arcs":[[334,335,-78,-329]],"properties":{"市区町村名":"江別市","大字名":"あけぼの町","丁目名":null,"小字名":null,"地番":"22-12","精度区分":null,"座標系":"任意座標系"}},{"type":"Polygon","arcs":[[336,-322,-79,-336]],"properties":{"市区町村名":"江別市","大字名":"あけぼの町","丁目名":null,"小字名":null,"地番":"22-11","精度区分":null,"座標系":"任意座標系"}},{"type":"Polygon","arcs":[[-162,-186,337,-188]],"properties":{"市区町村名":"江別市","大字名":"あけぼの町","丁目名":null,"小字名":null,"地番":"22-19","精度区分":null,"座標系":"任意座標系"}},{"type":"Polygon","arcs":[[-253,338,-122,-213,339,340]],"properties":{"市区町村名":"江別市","大字名":"あけぼの町","丁目名":null,"小字名":null,"地番":"24-25","精度区分":null,"座標系":"任意座標系"}},{"type":"Polygon","arcs":[[-249,-255,341,-340,-212,-120]],"properties":{"市区町村名":"江別市","大字名":"あけぼの町","丁目名":null,"小字名":null,"地番":"24-2","精度区分":null,"座標系":"任意座標系"}},{"type":"Polygon","arcs":[[-252,-123,-339]],"properties":{"市区町村名":"江別市","大字名":"あけぼの町","丁目名":null,"小字名":null,"地番":"24-27","精度区分":null,"座標系":"任意座標系"}},{"type":"Polygon","arcs":[[-254,-341,-342]],"properties":{"市区町村名":"江別市","大字名":"あけぼの町","丁目名":null,"小字名":null,"地番":"24-26","精度区分":null,"座標系":"任意座標系"}},{"type":"Polygon","arcs":[[342,-227,343]],"properties":{"市区町村名":"江別市","大字名":"あけぼの町","丁目名":null,"小字名":null,"地番":"24-30","精度区分":null,"座標系":"任意座標系"}},{"type":"Polygon","arcs":[[344,-226,-232,-113,-211]],"properties":{"市区町村名":"江別市","大字名":"あけぼの町","丁目名":null,"小字名":null,"地番":"24-9","精度区分":null,"座標系":"任意座標系"}},{"type":"Polygon","arcs":[[-210,345,-344,-345]],"properties":{"市区町村名":"江別市","大字名":"あけぼの町","丁目名":null,"小字名":null,"地番":"24-28","精度区分":null,"座標系":"任意座標系"}},{"type":"Polygon","arcs":[[346,-208,347,-266]],"properties":{"市区町村名":"江別市","大字名":"あけぼの町","丁目名":null,"小字名":null,"地番":"23-12","精度区分":null,"座標系":"任意座標系"}},{"type":"Polygon","arcs":[[-207,-109,-296,-263,-267,-348]],"properties":{"市区町村名":"江別市","大字名":"あけぼの町","丁目名":null,"小字名":null,"地番":"23-14","精度区分":null,"座標系":"任意座標系"}},{"type":"Polygon","arcs":[[348,-218,-231,-220]],"properties":{"市区町村名":"江別市","大字名":"あけぼの町","丁目名":null,"小字名":null,"地番":"24-31","精度区分":null,"座標系":"任意座標系"}},{"type":"Polygon","arcs":[[-165,349,-337,350]],"properties":{"市区町村名":"江別市","大字名":"あけぼの町","丁目名":null,"小字名":null,"地番":"22-6","精度区分":null,"座標系":"任意座標系"}},{"type":"Polygon","arcs":[[-164,-189,-338,-321,-350]],"properties":{"市区町村名":"江別市","大字名":"あけぼの町","丁目名":null,"小字名":null,"地番":"22-7","精度区分":null,"座標系":"任意座標系"}},{"type":"Polygon","arcs":[[-166,-351,-335,351]],"properties":{"市区町村名":"江別市","大字名":"あけぼの町","丁目名":null,"小字名":null,"地番":"22-5","精度区分":null,"座標系":"任意座標系"}},{"type":"Polygon","arcs":[[-167,-352,-328,-333,-330]],"properties":{"市区町村名":"江別市","大字名":"あけぼの町","丁目名":null,"小字名":null,"地番":"22-4","精度区分":null,"座標系":"任意座標系"}},{"type":"Polygon","arcs":[[-169,-332,-334,-324,-323,-190]],"properties":{"市区町村名":"江別市","大字名":"あけぼの町","丁目名":null,"小字名":null,"地番":"22-2","精度区分":null,"座標系":"任意座標系"}},{"type":"Polygon","arcs":[[-300,-177,-317,-318,-305]],"properties":{"市区町村名":"江別市","大字名":"あけぼの町","丁目名":null,"小字名":null,"地番":"21-13","精度区分":null,"座標系":"任意座標系"}},{"type":"Polygon","arcs":[[-154,352,353,354,355,356,357,358,359,360,361,362,363,364,365,366,367,368,369,370,371,372,373]],"properties":{"市区町村名":"江別市","大字名":"あけぼの町","丁目名":null,"小字名":null,"地番":"46W3","精度区分":null,"座標系":"任意座標系"}},{"type":"Polygon","arcs":[[374,375,376,377,378,379,380,381,382,383,384,385,-83,386]],"properties":{"市区町村名":"江別市","大字名":"あけぼの町","丁目名":null,"小字名":null,"地番":"47W2","精度区分":null,"座標系":"任意座標系"}},{"type":"Polygon","arcs":[[387,388,389]],"properties":{"市区町村名":"江別市","大字名":"あけぼの町","丁目名":null,"小字名":null,"地番":"26-13","精度区分":null,"座標系":"任意座標系"}},{"type":"Polygon","arcs":[[390,391,392,393,394]],"properties":{"市区町村名":"江別市","大字名":"あけぼの町","丁目名":null,"小字名":null,"地番":"26-16","精度区分":null,"座標系":"任意座標系"}},{"type":"Polygon","arcs":[[395,396,397,-362,398]],"properties":{"市区町村名":"江別市","大字名":"あけぼの町","丁目名":null,"小字名":null,"地番":"26-19","精度区分":null,"座標系":"任意座標系"}},{"type":"Polygon","arcs":[[399,400,401,-356,402,403]],"properties":{"市区町村名":"江別市","大字名":"あけぼの町","丁目名":null,"小字名":null,"地番":"26-26","精度区分":null,"座標系":"任意座標系"}},{"type":"Polygon","arcs":[[404,-353,-153,405]],"properties":{"市区町村名":"江別市","大字名":"あけぼの町","丁目名":null,"小字名":null,"地番":"26-1","精度区分":null,"座標系":"任意座標系"}},{"type":"Polygon","arcs":[[-139,406,407,408]],"properties":{"市区町村名":"江別市","大字名":"あけぼの町","丁目名":null,"小字名":null,"地番":"26-43","精度区分":null,"座標系":"任意座標系"}},{"type":"Polygon","arcs":[[409,410,411]],"properties":{"市区町村名":"江別市","大字名":"あけぼの町","丁目名":null,"小字名":null,"地番":"27-9","精度区分":null,"座標系":"任意座標系"}},{"type":"Polygon","arcs":[[412,413,-410]],"properties":{"市区町村名":"江別市","大字名":"あけぼの町","丁目名":null,"小字名":null,"地番":"27-10","精度区分":null,"座標系":"任意座標系"}},{"type":"Polygon","arcs":[[414,415,416]],"properties":{"市区町村名":"江別市","大字名":"あけぼの町","丁目名":null,"小字名":null,"地番":"27-16","精度区分":null,"座標系":"任意座標系"}},{"type":"Polygon","arcs":[[417,418,419]],"properties":{"市区町村名":"江別市","大字名":"あけぼの町","丁目名":null,"小字名":null,"地番":"27-3","精度区分":null,"座標系":"任意座標系"}},{"type":"Polygon","arcs":[[420,421,422,423,424]],"properties":{"市区町村名":"江別市","大字名":"あけぼの町","丁目名":null,"小字名":null,"地番":"27-7","精度区分":null,"座標系":"任意座標系"}},{"type":"Polygon","arcs":[[425,426,-423]],"properties":{"市区町村名":"江別市","大字名":"あけぼの町","丁目名":null,"小字名":null,"地番":"27-6","精度区分":null,"座標系":"任意座標系"}},{"type":"Polygon","arcs":[[427,428,429,430,431,-421]],"properties":{"市区町村名":"江別市","大字名":"あけぼの町","丁目名":null,"小字名":null,"地番":"27-12","精度区分":null,"座標系":"任意座標系"}},{"type":"Polygon","arcs":[[-422,-432,432,433,434,-426]],"properties":{"市区町村名":"江別市","大字名":"あけぼの町","丁目名":null,"小字名":null,"地番":"27-5","精度区分":null,"座標系":"任意座標系"}},{"type":"Polygon","arcs":[[-414,435,-428,436]],"properties":{"市区町村名":"江別市","大字名":"あけぼの町","丁目名":null,"小字名":null,"地番":"27-11","精度区分":null,"座標系":"任意座標系"}},{"type":"Polygon","arcs":[[-411,-437,-425,437]],"properties":{"市区町村名":"江別市","大字名":"あけぼの町","丁目名":null,"小字名":null,"地番":"27-8","精度区分":null,"座標系":"任意座標系"}},{"type":"Polygon","arcs":[[-431,438,439,440,-433]],"properties":{"市区町村名":"江別市","大字名":"あけぼの町","丁目名":null,"小字名":null,"地番":"27-14","精度区分":null,"座標系":"任意座標系"}},{"type":"Polygon","arcs":[[-430,441,-439]],"properties":{"市区町村名":"江別市","大字名":"あけぼの町","丁目名":null,"小字名":null,"地番":"27-13","精度区分":null,"座標系":"任意座標系"}},{"type":"Polygon","arcs":[[442,443,444,445,446]],"properties":{"市区町村名":"江別市","大字名":"あけぼの町","丁目名":null,"小字名":null,"地番":"26-35","精度区分":null,"座標系":"任意座標系"}},{"type":"Polygon","arcs":[[447,-445,448,449]],"properties":{"市区町村名":"江別市","大字名":"あけぼの町","丁目名":null,"小字名":null,"地番":"26-32","精度区分":null,"座標系":"任意座標系"}},{"type":"Polygon","arcs":[[450,451,452,-400,453,454,-150]],"properties":{"市区町村名":"江別市","大字名":"あけぼの町","丁目名":null,"小字名":null,"地番":"26-4","精度区分":null,"座標系":"任意座標系"}},{"type":"Polygon","arcs":[[455,456,-359,457,458,-401,-453,459]],"properties":{"市区町村名":"江別市","大字名":"あけぼの町","丁目名":null,"小字名":null,"地番":"26-23","精度区分":null,"座標系":"任意座標系"}},{"type":"Polygon","arcs":[[-459,460,-357,-402]],"properties":{"市区町村名":"江別市","大字名":"あけぼの町","丁目名":null,"小字名":null,"地番":"26-24","精度区分":null,"座標系":"任意座標系"}},{"type":"Polygon","arcs":[[-403,-355,461]],"properties":{"市区町村名":"江別市","大字名":"あけぼの町","丁目名":null,"小字名":null,"地番":"26-27","精度区分":null,"座標系":"任意座標系"}},{"type":"Polygon","arcs":[[-454,-404,462,-406,-152,463]],"properties":{"市区町村名":"江別市","大字名":"あけぼの町","丁目名":null,"小字名":null,"地番":"26-2","精度区分":null,"座標系":"任意座標系"}},{"type":"Polygon","arcs":[[464,-460,-452,465,-148,466]],"properties":{"市区町村名":"江別市","大字名":"あけぼの町","丁目名":null,"小字名":null,"地番":"26-53","精度区分":null,"座標系":"任意座標系"}},{"type":"Polygon","arcs":[[467,-393,468,-467,-147,469]],"properties":{"市区町村名":"江別市","大字名":"あけぼの町","丁目名":null,"小字名":null,"地番":"26-52","精度区分":null,"座標系":"任意座標系"}},{"type":"Polygon","arcs":[[470,-394,-468,471,-144,472]],"properties":{"市区町村名":"江別市","大字名":"あけぼの町","丁目名":null,"小字名":null,"地番":"26-51","精度区分":null,"座標系":"任意座標系"}},{"type":"Polygon","arcs":[[-392,473,474,475,-456,-465,-469]],"properties":{"市区町村名":"江別市","大字名":"あけぼの町","丁目名":null,"小字名":null,"地番":"26-17","精度区分":null,"座標系":"任意座標系"}},{"type":"Polygon","arcs":[[476,477,-395,-471,478]],"properties":{"市区町村名":"江別市","大字名":"あけぼの町","丁目名":null,"小字名":null,"地番":"26-15","精度区分":null,"座標系":"任意座標系"}},{"type":"Polygon","arcs":[[479,480,481,-479,-473,-143]],"properties":{"市区町村名":"江別市","大字名":"あけぼの町","丁目名":null,"小字名":null,"地番":"26-50","精度区分":null,"座標系":"任意座標系"}},{"type":"Polygon","arcs":[[-472,482,-145]],"properties":{"市区町村名":"江別市","大字名":"あけぼの町","丁目名":null,"小字名":null,"地番":"26-46","精度区分":null,"座標系":"任意座標系"}},{"type":"Polygon","arcs":[[-483,-470,-146]],"properties":{"市区町村名":"江別市","大字名":"あけぼの町","丁目名":null,"小字名":null,"地番":"26-47","精度区分":null,"座標系":"任意座標系"}},{"type":"Polygon","arcs":[[-466,-451,-149]],"properties":{"市区町村名":"江別市","大字名":"あけぼの町","丁目名":null,"小字名":null,"地番":"26-48","精度区分":null,"座標系":"任意座標系"}},{"type":"Polygon","arcs":[[483,-141,484]],"properties":{"市区町村名":"江別市","大字名":"あけぼの町","丁目名":null,"小字名":null,"地番":"26-44","精度区分":null,"座標系":"任意座標系"}},{"type":"Polygon","arcs":[[-480,-142,-484]],"properties":{"市区町村名":"江別市","大字名":"あけぼの町","丁目名":null,"小字名":null,"地番":"26-45","精度区分":null,"座標系":"任意座標系"}},{"type":"Polygon","arcs":[[-140,-409,485,486,487,488,-481,-485]],"properties":{"市区町村名":"江別市","大字名":"あけぼの町","丁目名":null,"小字名":null,"地番":"26-49","精度区分":null,"座標系":"任意座標系"}},{"type":"Polygon","arcs":[[489,490,-487,491]],"properties":{"市区町村名":"江別市","大字名":"あけぼの町","丁目名":null,"小字名":null,"地番":"26-5","精度区分":null,"座標系":"任意座標系"}},{"type":"Polygon","arcs":[[492,-492,-486,-408]],"properties":{"市区町村名":"江別市","大字名":"あけぼの町","丁目名":null,"小字名":null,"地番":"26-42","精度区分":null,"座標系":"任意座標系"}},{"type":"Polygon","arcs":[[493,494,-443,495,-488,-491]],"properties":{"市区町村名":"江別市","大字名":"あけぼの町","丁目名":null,"小字名":null,"地番":"26-39","精度区分":null,"座標系":"任意座標系"}},{"type":"Polygon","arcs":[[-447,496,-477,-482,-489,-496]],"properties":{"市区町村名":"江別市","大字名":"あけぼの町","丁目名":null,"小字名":null,"地番":"26-14","精度区分":null,"座標系":"任意座標系"}},{"type":"Polygon","arcs":[[497,498,499,-449,-444,-495]],"properties":{"市区町村名":"江別市","大字名":"あけぼの町","丁目名":null,"小字名":null,"地番":"26-12","精度区分":null,"座標系":"任意座標系"}},{"type":"Polygon","arcs":[[500,501,-390,-499]],"properties":{"市区町村名":"江別市","大字名":"あけぼの町","丁目名":null,"小字名":null,"地番":"26-29","精度区分":null,"座標系":"任意座標系"}},{"type":"Polygon","arcs":[[-389,502,-450,-500]],"properties":{"市区町村名":"江別市","大字名":"あけぼの町","丁目名":null,"小字名":null,"地番":"26-28","精度区分":null,"座標系":"任意座標系"}},{"type":"Polygon","arcs":[[-364,503,504,505]],"properties":{"市区町村名":"江別市","大字名":"あけぼの町","丁目名":null,"小字名":null,"地番":"25-13","精度区分":null,"座標系":"任意座標系"}},{"type":"Polygon","arcs":[[506,507,508,509,510,-369]],"properties":{"市区町村名":"江別市","大字名":"あけぼの町","丁目名":null,"小字名":null,"地番":"25-10","精度区分":null,"座標系":"任意座標系"}},{"type":"Polygon","arcs":[[511,512,-159]],"properties":{"市区町村名":"江別市","大字名":"あけぼの町","丁目名":null,"小字名":null,"地番":"25-1","精度区分":null,"座標系":"任意座標系"}},{"type":"Polygon","arcs":[[-513,513,-387,-160]],"properties":{"市区町村名":"江別市","大字名":"あけぼの町","丁目名":null,"小字名":null,"地番":"25-30","精度区分":null,"座標系":"任意座標系"}},{"type":"Polygon","arcs":[[514,515,516,-380,517]],"properties":{"市区町村名":"江別市","大字名":"あけぼの町","丁目名":null,"小字名":null,"地番":"25-24","精度区分":null,"座標系":"任意座標系"}},{"type":"Polygon","arcs":[[-372,518,519,520,-515,521]],"properties":{"市区町村名":"江別市","大字名":"あけぼの町","丁目名":null,"小字名":null,"地番":"25-7","精度区分":null,"座標系":"任意座標系"}},{"type":"Polygon","arcs":[[522,-370,-511,523,524,-520]],"properties":{"市区町村名":"江別市","大字名":"あけぼの町","丁目名":null,"小字名":null,"地番":"25-9","精度区分":null,"座標系":"任意座標系"}},{"type":"Polygon","arcs":[[-371,-523,-519]],"properties":{"市区町村名":"江別市","大字名":"あけぼの町","丁目名":null,"小字名":null,"地番":"25-8","精度区分":null,"座標系":"任意座標系"}},{"type":"Polygon","arcs":[[-510,525,526,-384,527]],"properties":{"市区町村名":"江別市","大字名":"あけぼの町","丁目名":null,"小字名":null,"地番":"25-20","精度区分":null,"座標系":"任意座標系"}},{"type":"Polygon","arcs":[[528,529,-526]],"properties":{"市区町村名":"江別市","大字名":"あけぼの町","丁目名":null,"小字名":null,"地番":"25-36","精度区分":null,"座標系":"任意座標系"}},{"type":"Polygon","arcs":[[530,531,532,533]],"properties":{"市区町村名":"江別市","大字名":"あけぼの町","丁目名":null,"小字名":null,"地番":"25-16","精度区分":null,"座標系":"任意座標系"}},{"type":"Polygon","arcs":[[534,535,536,537,538]],"properties":{"市区町村名":"江別市","大字名":"あけぼの町","丁目名":null,"小字名":null,"地番":"25-17","精度区分":null,"座標系":"任意座標系"}},{"type":"Polygon","arcs":[[539,-534,540,-536]],"properties":{"市区町村名":"江別市","大字名":"あけぼの町","丁目名":null,"小字名":null,"地番":"25-35","精度区分":null,"座標系":"任意座標系"}},{"type":"Polygon","arcs":[[541,-367,542,543,-539]],"properties":{"市区町村名":"江別市","大字名":"あけぼの町","丁目名":null,"小字名":null,"地番":"25-12","精度区分":null,"座標系":"任意座標系"}},{"type":"Polygon","arcs":[[-507,-368,-542,544]],"properties":{"市区町村名":"江別市","大字名":"あけぼの町","丁目名":null,"小字名":null,"地番":"25-11","精度区分":null,"座標系":"任意座標系"}},{"type":"Polygon","arcs":[[545,-531,546]],"properties":{"市区町村名":"江別市","大字名":"あけぼの町","丁目名":null,"小字名":null,"地番":"25-34","精度区分":null,"座標系":"任意座標系"}},{"type":"Polygon","arcs":[[-366,547,548,-543]],"properties":{"市区町村名":"江別市","大字名":"あけぼの町","丁目名":null,"小字名":null,"地番":"25-32","精度区分":null,"座標系":"任意座標系"}},{"type":"Polygon","arcs":[[549,-505,550,-547,-540,-535,-544,-549]],"properties":{"市区町村名":"江別市","大字名":"あけぼの町","丁目名":null,"小字名":null,"地番":"25-33","精度区分":null,"座標系":"任意座標系"}},{"type":"Polygon","arcs":[[-365,-506,-550,-548]],"properties":{"市区町村名":"江別市","大字名":"あけぼの町","丁目名":null,"小字名":null,"地番":"25-31","精度区分":null,"座標系":"任意座標系"}},{"type":"Polygon","arcs":[[551,552,-529,-509]],"properties":{"市区町村名":"江別市","大字名":"あけぼの町","丁目名":null,"小字名":null,"地番":"25-19","精度区分":null,"座標系":"任意座標系"}},{"type":"Polygon","arcs":[[-508,-545,-538,553,-552]],"properties":{"市区町村名":"江別市","大字名":"あけぼの町","丁目名":null,"小字名":null,"地番":"25-18","精度区分":null,"座標系":"任意座標系"}},{"type":"Polygon","arcs":[[-461,-458,-358]],"properties":{"市区町村名":"江別市","大字名":"あけぼの町","丁目名":null,"小字名":null,"地番":"26-25","精度区分":null,"座標系":"任意座標系"}},{"type":"Polygon","arcs":[[554,555,-360,-457,-476]],"properties":{"市区町村名":"江別市","大字名":"あけぼの町","丁目名":null,"小字名":null,"地番":"26-22","精度区分":null,"座標系":"任意座標系"}},{"type":"Polygon","arcs":[[-556,-399,-361]],"properties":{"市区町村名":"江別市","大字名":"あけぼの町","丁目名":null,"小字名":null,"地番":"26-20","精度区分":null,"座標系":"任意座標系"}},{"type":"Polygon","arcs":[[-475,556,-396,-555]],"properties":{"市区町村名":"江別市","大字名":"あけぼの町","丁目名":null,"小字名":null,"地番":"26-18","精度区分":null,"座標系":"任意座標系"}},{"type":"Polygon","arcs":[[-524,-528,-383,557]],"properties":{"市区町村名":"江別市","大字名":"あけぼの町","丁目名":null,"小字名":null,"地番":"25-21","精度区分":null,"座標系":"任意座標系"}},{"type":"Polygon","arcs":[[-525,-558,-382,558,-516,-521]],"properties":{"市区町村名":"江別市","大字名":"あけぼの町","丁目名":null,"小字名":null,"地番":"25-22","精度区分":null,"座標系":"任意座標系"}},{"type":"Polygon","arcs":[[559,-518,-379,560,561]],"properties":{"市区町村名":"江別市","大字名":"あけぼの町","丁目名":null,"小字名":null,"地番":"25-25","精度区分":null,"座標系":"任意座標系"}},{"type":"Polygon","arcs":[[-517,-559,-381]],"properties":{"市区町村名":"江別市","大字名":"あけぼの町","丁目名":null,"小字名":null,"地番":"25-23","精度区分":null,"座標系":"任意座標系"}},{"type":"Polygon","arcs":[[562,563,564,-376]],"properties":{"市区町村名":"江別市","大字名":"あけぼの町","丁目名":null,"小字名":null,"地番":"25-28","精度区分":null,"座標系":"任意座標系"}},{"type":"Polygon","arcs":[[565,-562,566,-377,-565]],"properties":{"市区町村名":"江別市","大字名":"あけぼの町","丁目名":null,"小字名":null,"地番":"25-27","精度区分":null,"座標系":"任意座標系"}},{"type":"Polygon","arcs":[[567,-157,568,-564]],"properties":{"市区町村名":"江別市","大字名":"あけぼの町","丁目名":null,"小字名":null,"地番":"25-3","精度区分":null,"座標系":"任意座標系"}},{"type":"Polygon","arcs":[[-158,-568,569,-512]],"properties":{"市区町村名":"江別市","大字名":"あけぼの町","丁目名":null,"小字名":null,"地番":"25-2","精度区分":null,"座標系":"任意座標系"}},{"type":"Polygon","arcs":[[-570,-563,-375,-514]],"properties":{"市区町村名":"江別市","大字名":"あけぼの町","丁目名":null,"小字名":null,"地番":"25-29","精度区分":null,"座標系":"任意座標系"}},{"type":"Polygon","arcs":[[-561,-378,-567]],"properties":{"市区町村名":"江別市","大字名":"あけぼの町","丁目名":null,"小字名":null,"地番":"25-26","精度区分":null,"座標系":"任意座標系"}},{"type":"Polygon","arcs":[[570,-373,-522,-560,571]],"properties":{"市区町村名":"江別市","大字名":"あけぼの町","丁目名":null,"小字名":null,"地番":"25-6","精度区分":null,"座標系":"任意座標系"}},{"type":"Polygon","arcs":[[-155,-374,-571,572]],"properties":{"市区町村名":"江別市","大字名":"あけぼの町","丁目名":null,"小字名":null,"地番":"25-5","精度区分":null,"座標系":"任意座標系"}},{"type":"Polygon","arcs":[[-405,-463,-462,-354]],"properties":{"市区町村名":"江別市","大字名":"あけぼの町","丁目名":null,"小字名":null,"地番":"26-21","精度区分":null,"座標系":"任意座標系"}},{"type":"Polygon","arcs":[[-455,-464,-151]],"properties":{"市区町村名":"江別市","大字名":"あけぼの町","丁目名":null,"小字名":null,"地番":"26-3","精度区分":null,"座標系":"任意座標系"}},{"type":"Polygon","arcs":[[-156,-573,-572,-566,-569]],"properties":{"市区町村名":"江別市","大字名":"あけぼの町","丁目名":null,"小字名":null,"地番":"25-4","精度区分":null,"座標系":"任意座標系"}},{"type":"Polygon","arcs":[[573,574,575,576]],"properties":{"市区町村名":"江別市","大字名":"あけぼの町","丁目名":null,"小字名":null,"地番":"35-17","精度区分":null,"座標系":"任意座標系"}},{"type":"Polygon","arcs":[[577,578,-576,579,580,581]],"properties":{"市区町村名":"江別市","大字名":"あけぼの町","丁目名":null,"小字名":null,"地番":"35-15","精度区分":null,"座標系":"任意座標系"}},{"type":"Polygon","arcs":[[-527,-530,-553,-554,-537,-541,-533,582,583,584,585,586,587,588,589,590,591,592,593,594,595,596,597,598,599,600,601,602]],"properties":{"市区町村名":"江別市","大字名":"あけぼの町","丁目名":null,"小字名":null,"地番":"48-2W1","精度区分":null,"座標系":"任意座標系"}},{"type":"Polygon","arcs":[[-603,603,604,605,606,607,608,609,610,611,612,613,614,615,616,-35,617,-385]],"properties":{"市区町村名":"江別市","大字名":"あけぼの町","丁目名":null,"小字名":null,"地番":"48-1W1","精度区分":null,"座標系":"任意座標系"}},{"type":"Polygon","arcs":[[618,-577,-579]],"properties":{"市区町村名":"江別市","大字名":"あけぼの町","丁目名":null,"小字名":null,"地番":"35-16","精度区分":null,"座標系":"任意座標系"}},{"type":"Polygon","arcs":[[619,-580,-575,620,-600,621]],"properties":{"市区町村名":"江別市","大字名":"あけぼの町","丁目名":null,"小字名":null,"地番":"35-18","精度区分":null,"座標系":"任意座標系"}},{"type":"Polygon","arcs":[[622,623,-584,624]],"properties":{"市区町村名":"江別市","大字名":"あけぼの町","丁目名":null,"小字名":null,"地番":"35-34","精度区分":null,"座標系":"任意座標系"}},{"type":"Polygon","arcs":[[625,626,627]],"properties":{"市区町村名":"江別市","大字名":"あけぼの町","丁目名":null,"小字名":null,"地番":"35-1","精度区分":null,"座標系":"任意座標系"}},{"type":"Polygon","arcs":[[628,629,630,631,632,633]],"properties":{"市区町村名":"江別市","大字名":"あけぼの町","丁目名":null,"小字名":null,"地番":"35-7","精度区分":null,"座標系":"任意座標系"}},{"type":"Polygon","arcs":[[634,-590,635,636,637,-631]],"properties":{"市区町村名":"江別市","大字名":"あけぼの町","丁目名":null,"小字名":null,"地番":"35-28","精度区分":null,"座標系":"任意座標系"}},{"type":"Polygon","arcs":[[638,639,640,-597,641]],"properties":{"市区町村名":"江別市","大字名":"あけぼの町","丁目名":null,"小字名":null,"地番":"35-21","精度区分":null,"座標系":"任意座標系"}},{"type":"Polygon","arcs":[[-581,-620,642,-598,-641]],"properties":{"市区町村名":"江別市","大字名":"あけぼの町","丁目名":null,"小字名":null,"地番":"35-20","精度区分":null,"座標系":"任意座標系"}},{"type":"Polygon","arcs":[[-622,-599,-643]],"properties":{"市区町村名":"江別市","大字名":"あけぼの町","丁目名":null,"小字名":null,"地番":"35-19","精度区分":null,"座標系":"任意座標系"}},{"type":"Polygon","arcs":[[-596,643,-642]],"properties":{"市区町村名":"江別市","大字名":"あけぼの町","丁目名":null,"小字名":null,"地番":"35-22","精度区分":null,"座標系":"任意座標系"}},{"type":"Polygon","arcs":[[644,645,646]],"properties":{"市区町村名":"江別市","大字名":"あけぼの町","丁目名":null,"小字名":null,"地番":"35-13","精度区分":null,"座標系":"任意座標系"}},{"type":"Polygon","arcs":[[647,-645,648,649,650,651]],"properties":{"市区町村名":"江別市","大字名":"あけぼの町","丁目名":null,"小字名":null,"地番":"35-12","精度区分":null,"座標系":"任意座標系"}},{"type":"Polygon","arcs":[[652,-582,-640,-649,-647]],"properties":{"市区町村名":"江別市","大字名":"あけぼの町","丁目名":null,"小字名":null,"地番":"35-14","精度区分":null,"座標系":"任意座標系"}},{"type":"Polygon","arcs":[[653,-652,654]],"properties":{"市区町村名":"江別市","大字名":"あけぼの町","丁目名":null,"小字名":null,"地番":"35-11","精度区分":null,"座標系":"任意座標系"}},{"type":"Polygon","arcs":[[655,-655,-651,656,657,658]],"properties":{"市区町村名":"江別市","大字名":"あけぼの町","丁目名":null,"小字名":null,"地番":"35-10","精度区分":null,"座標系":"任意座標系"}},{"type":"Polygon","arcs":[[659,-659,660]],"properties":{"市区町村名":"江別市","大字名":"あけぼの町","丁目名":null,"小字名":null,"地番":"35-9","精度区分":null,"座標系":"任意座標系"}},{"type":"Polygon","arcs":[[661,-661,-658,662,-630]],"properties":{"市区町村名":"江別市","大字名":"あけぼの町","丁目名":null,"小字名":null,"地番":"35-8","精度区分":null,"座標系":"任意座標系"}},{"type":"Polygon","arcs":[[-663,663,664,-591,-635]],"properties":{"市区町村名":"江別市","大字名":"あけぼの町","丁目名":null,"小字名":null,"地番":"35-27","精度区分":null,"座標系":"任意座標系"}},{"type":"Polygon","arcs":[[665,-592,-665]],"properties":{"市区町村名":"江別市","大字名":"あけぼの町","丁目名":null,"小字名":null,"地番":"35-26","精度区分":null,"座標系":"任意座標系"}},{"type":"Polygon","arcs":[[666,667,-593,-666,-664,-657]],"properties":{"市区町村名":"江別市","大字名":"あけぼの町","丁目名":null,"小字名":null,"地番":"35-25","精度区分":null,"座標系":"任意座標系"}},{"type":"Polygon","arcs":[[-668,668,-594]],"properties":{"市区町村名":"江別市","大字名":"あけぼの町","丁目名":null,"小字名":null,"地番":"35-24","精度区分":null,"座標系":"任意座標系"}},{"type":"Polygon","arcs":[[-639,-644,-595,-669,-667,-650]],"properties":{"市区町村名":"江別市","大字名":"あけぼの町","丁目名":null,"小字名":null,"地番":"35-23","精度区分":null,"座標系":"任意座標系"}},{"type":"Polygon","arcs":[[-589,669,-636]],"properties":{"市区町村名":"江別市","大字名":"あけぼの町","丁目名":null,"小字名":null,"地番":"35-29","精度区分":null,"座標系":"任意座標系"}},{"type":"Polygon","arcs":[[670,-632,-638,671,-587,672]],"properties":{"市区町村名":"江別市","大字名":"あけぼの町","丁目名":null,"小字名":null,"地番":"35-31","精度区分":null,"座標系":"任意座標系"}},{"type":"Polygon","arcs":[[-637,-670,-588,-672]],"properties":{"市区町村名":"江別市","大字名":"あけぼの町","丁目名":null,"小字名":null,"地番":"35-30","精度区分":null,"座標系":"任意座標系"}},{"type":"Polygon","arcs":[[673,674,675,676,-633,-671]],"properties":{"市区町村名":"江別市","大字名":"あけぼの町","丁目名":null,"小字名":null,"地番":"35-4","精度区分":null,"座標系":"任意座標系"}},{"type":"Polygon","arcs":[[677,-674,678,679,680]],"properties":{"市区町村名":"江別市","大字名":"あけぼの町","丁目名":null,"小字名":null,"地番":"35-3","精度区分":null,"座標系":"任意座標系"}},{"type":"Polygon","arcs":[[681,682,-676]],"properties":{"市区町村名":"江別市","大字名":"あけぼの町","丁目名":null,"小字名":null,"地番":"35-5","精度区分":null,"座標系":"任意座標系"}},{"type":"Polygon","arcs":[[683,-681,-626]],"properties":{"市区町村名":"江別市","大字名":"あけぼの町","丁目名":null,"小字名":null,"地番":"35-2","精度区分":null,"座標系":"任意座標系"}},{"type":"Polygon","arcs":[[-680,684,685,-627]],"properties":{"市区町村名":"江別市","大字名":"あけぼの町","丁目名":null,"小字名":null,"地番":"35-36","精度区分":null,"座標系":"任意座標系"}},{"type":"Polygon","arcs":[[686,-585,-624]],"properties":{"市区町村名":"江別市","大字名":"あけぼの町","丁目名":null,"小字名":null,"地番":"35-33","精度区分":null,"座標系":"任意座標系"}},{"type":"Polygon","arcs":[[-679,-673,-586,-687,687]],"properties":{"市区町村名":"江別市","大字名":"あけぼの町","丁目名":null,"小字名":null,"地番":"35-32","精度区分":null,"座標系":"任意座標系"}},{"type":"Polygon","arcs":[[688,-634,-677,-683]],"properties":{"市区町村名":"江別市","大字名":"あけぼの町","丁目名":null,"小字名":null,"地番":"35-6","精度区分":null,"座標系":"任意座標系"}},{"type":"Polygon","arcs":[[689,690,-43,691]],"properties":{"市区町村名":"江別市","大字名":"あけぼの町","丁目名":null,"小字名":null,"地番":"36-23","精度区分":null,"座標系":"任意座標系"}},{"type":"Polygon","arcs":[[692,693,694,695,696,697]],"properties":{"市区町村名":"江別市","大字名":"あけぼの町","丁目名":null,"小字名":null,"地番":"36-20","精度区分":null,"座標系":"任意座標系"}},{"type":"Polygon","arcs":[[698,699,700]],"properties":{"市区町村名":"江別市","大字名":"あけぼの町","丁目名":null,"小字名":null,"地番":"36-16","精度区分":null,"座標系":"任意座標系"}},{"type":"Polygon","arcs":[[701,702,703,704]],"properties":{"市区町村名":"江別市","大字名":"あけぼの町","丁目名":null,"小字名":null,"地番":"36-15","精度区分":null,"座標系":"任意座標系"}},{"type":"Polygon","arcs":[[705,-605,706,707]],"properties":{"市区町村名":"江別市","大字名":"あけぼの町","丁目名":null,"小字名":null,"地番":"36-12","精度区分":null,"座標系":"任意座標系"}},{"type":"Polygon","arcs":[[708,709,710,711,-702,712,713,-701,714,715]],"properties":{"市区町村名":"江別市","大字名":"あけぼの町","丁目名":null,"小字名":null,"地番":"36-18","精度区分":null,"座標系":"任意座標系"}},{"type":"Polygon","arcs":[[716,717,-703,-712]],"properties":{"市区町村名":"江別市","大字名":"あけぼの町","丁目名":null,"小字名":null,"地番":"36-14","精度区分":null,"座標系":"任意座標系"}},{"type":"Polygon","arcs":[[-606,-706,718,-710,719]],"properties":{"市区町村名":"江別市","大字名":"あけぼの町","丁目名":null,"小字名":null,"地番":"36-11","精度区分":null,"座標系":"任意座標系"}},{"type":"Polygon","arcs":[[-708,720,-717,-711,-719]],"properties":{"市区町村名":"江別市","大字名":"あけぼの町","丁目名":null,"小字名":null,"地番":"36-13","精度区分":null,"座標系":"任意座標系"}},{"type":"Polygon","arcs":[[-705,721,722,-713]],"properties":{"市区町村名":"江別市","大字名":"あけぼの町","丁目名":null,"小字名":null,"地番":"36-30","精度区分":null,"座標系":"任意座標系"}},{"type":"Polygon","arcs":[[723,-699,-714,-723]],"properties":{"市区町村名":"江別市","大字名":"あけぼの町","丁目名":null,"小字名":null,"地番":"36-29","精度区分":null,"座標系":"任意座標系"}},{"type":"Polygon","arcs":[[724,-611,725,-698]],"properties":{"市区町村名":"江別市","大字名":"あけぼの町","丁目名":null,"小字名":null,"地番":"36-6","精度区分":null,"座標系":"任意座標系"}},{"type":"Polygon","arcs":[[726,-612,-725,-697]],"properties":{"市区町村名":"江別市","大字名":"あけぼの町","丁目名":null,"小字名":null,"地番":"36-5","精度区分":null,"座標系":"任意座標系"}},{"type":"Polygon","arcs":[[727,728,729,-40,730]],"properties":{"市区町村名":"江別市","大字名":"あけぼの町","丁目名":null,"小字名":null,"地番":"36-25","精度区分":null,"座標系":"任意座標系"}},{"type":"Polygon","arcs":[[731,732,733,734,-41,-730]],"properties":{"市区町村名":"江別市","大字名":"あけぼの町","丁目名":null,"小字名":null,"地番":"36-24","精度区分":null,"座標系":"任意座標系"}},{"type":"Polygon","arcs":[[-735,735,-692,-42]],"properties":{"市区町村名":"江別市","大字名":"あけぼの町","丁目名":null,"小字名":null,"地番":"36-28","精度区分":null,"座標系":"任意座標系"}},{"type":"Polygon","arcs":[[-696,736,737,-732,-729]],"properties":{"市区町村名":"江別市","大字名":"あけぼの町","丁目名":null,"小字名":null,"地番":"36-21","精度区分":null,"座標系":"任意座標系"}},{"type":"Polygon","arcs":[[738,739,-733,-738]],"properties":{"市区町村名":"江別市","大字名":"あけぼの町","丁目名":null,"小字名":null,"地番":"36-31","精度区分":null,"座標系":"任意座標系"}},{"type":"Polygon","arcs":[[-740,740,-690,-736,-734]],"properties":{"市区町村名":"江別市","大字名":"あけぼの町","丁目名":null,"小字名":null,"地番":"36-22","精度区分":null,"座標系":"任意座標系"}},{"type":"Polygon","arcs":[[-610,741,742,-693,-726]],"properties":{"市区町村名":"江別市","大字名":"あけぼの町","丁目名":null,"小字名":null,"地番":"36-7","精度区分":null,"座標系":"任意座標系"}},{"type":"Polygon","arcs":[[-742,-609,743,744]],"properties":{"市区町村名":"江別市","大字名":"あけぼの町","丁目名":null,"小字名":null,"地番":"36-8","精度区分":null,"座標系":"任意座標系"}},{"type":"Polygon","arcs":[[-608,745,746,747,-744]],"properties":{"市区町村名":"江別市","大字名":"あけぼの町","丁目名":null,"小字名":null,"地番":"36-9","精度区分":null,"座標系":"任意座標系"}},{"type":"Polygon","arcs":[[-747,-716,748,749]],"properties":{"市区町村名":"江別市","大字名":"あけぼの町","丁目名":null,"小字名":null,"地番":"36-19","精度区分":null,"座標系":"任意座標系"}},{"type":"Polygon","arcs":[[-607,-720,-709,-746]],"properties":{"市区町村名":"江別市","大字名":"あけぼの町","丁目名":null,"小字名":null,"地番":"36-10","精度区分":null,"座標系":"任意座標系"}},{"type":"Polygon","arcs":[[-745,-748,-750,750,-694,-743]],"properties":{"市区町村名":"江別市","大字名":"あけぼの町","丁目名":null,"小字名":null,"地番":"36-32","精度区分":null,"座標系":"任意座標系"}},{"type":"Polygon","arcs":[[-613,-727,-728,751]],"properties":{"市区町村名":"江別市","大字名":"あけぼの町","丁目名":null,"小字名":null,"地番":"36-4","精度区分":null,"座標系":"任意座標系"}},{"type":"Polygon","arcs":[[752,-615,753,754]],"properties":{"市区町村名":"江別市","大字名":"あけぼの町","丁目名":null,"小字名":null,"地番":"36-2","精度区分":null,"座標系":"任意座標系"}},{"type":"Polygon","arcs":[[-614,-752,755,-754]],"properties":{"市区町村名":"江別市","大字名":"あけぼの町","丁目名":null,"小字名":null,"地番":"36-3","精度区分":null,"座標系":"任意座標系"}},{"type":"Polygon","arcs":[[-756,-731,-39,756]],"properties":{"市区町村名":"江別市","大字名":"あけぼの町","丁目名":null,"小字名":null,"地番":"36-26","精度区分":null,"座標系":"任意座標系"}},{"type":"Polygon","arcs":[[-685,-688,-623,757]],"properties":{"市区町村名":"江別市","大字名":"あけぼの町","丁目名":null,"小字名":null,"地番":"35-35","精度区分":null,"座標系":"任意座標系"}},{"type":"Polygon","arcs":[[758,759,760,761,762,763,764,765,766,767,768,769,770,771,772,773,774,775,776,777,778,779,780,781,782,783,784,785,786,787,788,789,790,791,792,793,794,795,796,797,798,799,800,801,802,803,804,805,806,807,808,809,810,811,812,813,814,815,816,817,818,819,820,821,822,823,824,825,826,827,828,829,830,831,832,833,834,835,836,837,838,839,840,841,842,843]],"properties":{"市区町村名":"江別市","大字名":"あけぼの町","丁目名":null,"小字名":null,"地番":"46W5","精度区分":null,"座標系":"任意座標系"}},{"type":"Polygon","arcs":[[-783,844,845]],"properties":{"市区町村名":"江別市","大字名":"あけぼの町","丁目名":null,"小字名":null,"地番":"28","精度区分":null,"座標系":"任意座標系"}},{"type":"Polygon","arcs":[[846,-787,847]],"properties":{"市区町村名":"江別市","大字名":"あけぼの町","丁目名":null,"小字名":null,"地番":"29-16","精度区分":null,"座標系":"任意座標系"}},{"type":"Polygon","arcs":[[848,849,-785,850,-802]],"properties":{"市区町村名":"江別市","大字名":"あけぼの町","丁目名":null,"小字名":null,"地番":"29-1","精度区分":null,"座標系":"任意座標系"}},{"type":"Polygon","arcs":[[-795,851,852]],"properties":{"市区町村名":"江別市","大字名":"あけぼの町","丁目名":null,"小字名":null,"地番":"29-7","精度区分":null,"座標系":"任意座標系"}},{"type":"Polygon","arcs":[[-793,853,854]],"properties":{"市区町村名":"江別市","大字名":"あけぼの町","丁目名":null,"小字名":null,"地番":"29-9","精度区分":null,"座標系":"任意座標系"}},{"type":"Polygon","arcs":[[855,-768,856,857]],"properties":{"市区町村名":"江別市","大字名":"あけぼの町","丁目名":null,"小字名":null,"地番":"31-5","精度区分":null,"座標系":"任意座標系"}},{"type":"Polygon","arcs":[[-766,858,859]],"properties":{"市区町村名":"江別市","大字名":"あけぼの町","丁目名":null,"小字名":null,"地番":"31-7","精度区分":null,"座標系":"任意座標系"}},{"type":"Polygon","arcs":[[860,-762,861]],"properties":{"市区町村名":"江別市","大字名":"あけぼの町","丁目名":null,"小字名":null,"地番":"31-11","精度区分":null,"座標系":"任意座標系"}},{"type":"Polygon","arcs":[[-760,862,863,864]],"properties":{"市区町村名":"江別市","大字名":"あけぼの町","丁目名":null,"小字名":null,"地番":"31-1","精度区分":null,"座標系":"任意座標系"}},{"type":"Polygon","arcs":[[865,-842,866]],"properties":{"市区町村名":"江別市","大字名":"あけぼの町","丁目名":null,"小字名":null,"地番":"19-13","精度区分":null,"座標系":"任意座標系"}},{"type":"Polygon","arcs":[[867,868,869,870,-867,-841,871,872]],"properties":{"市区町村名":"江別市","大字名":"あけぼの町","丁目名":null,"小字名":null,"地番":"19-14","精度区分":null,"座標系":"任意座標系"}},{"type":"Polygon","arcs":[[873,874,875]],"properties":{"市区町村名":"江別市","大字名":"あけぼの町","丁目名":null,"小字名":null,"地番":"19-30","精度区分":null,"座標系":"任意座標系"}},{"type":"Polygon","arcs":[[876,877,-876,878]],"properties":{"市区町村名":"江別市","大字名":"あけぼの町","丁目名":null,"小字名":null,"地番":"19-29","精度区分":null,"座標系":"任意座標系"}},{"type":"Polygon","arcs":[[879,-828,880,-877,881]],"properties":{"市区町村名":"江別市","大字名":"あけぼの町","丁目名":null,"小字名":null,"地番":"19-28","精度区分":null,"座標系":"任意座標系"}},{"type":"Polygon","arcs":[[-829,-880,882,883]],"properties":{"市区町村名":"江別市","大字名":"あけぼの町","丁目名":null,"小字名":null,"地番":"19-26","精度区分":null,"座標系":"任意座標系"}},{"type":"Polygon","arcs":[[884,-830,-884,885]],"properties":{"市区町村名":"江別市","大字名":"あけぼの町","丁目名":null,"小字名":null,"地番":"19-25","精度区分":null,"座標系":"任意座標系"}},{"type":"Polygon","arcs":[[-831,-885,886,887]],"properties":{"市区町村名":"江別市","大字名":"あけぼの町","丁目名":null,"小字名":null,"地番":"19-24","精度区分":null,"座標系":"任意座標系"}},{"type":"Polygon","arcs":[[888,-832,-888,889]],"properties":{"市区町村名":"江別市","大字名":"あけぼの町","丁目名":null,"小字名":null,"地番":"19-23","精度区分":null,"座標系":"任意座標系"}},{"type":"Polygon","arcs":[[-833,-889,890,891]],"properties":{"市区町村名":"江別市","大字名":"あけぼの町","丁目名":null,"小字名":null,"地番":"19-22","精度区分":null,"座標系":"任意座標系"}},{"type":"Polygon","arcs":[[892,-834,-892,893]],"properties":{"市区町村名":"江別市","大字名":"あけぼの町","丁目名":null,"小字名":null,"地番":"19-21","精度区分":null,"座標系":"任意座標系"}},{"type":"Polygon","arcs":[[-835,-893,894,895]],"properties":{"市区町村名":"江別市","大字名":"あけぼの町","丁目名":null,"小字名":null,"地番":"19-20","精度区分":null,"座標系":"任意座標系"}},{"type":"Polygon","arcs":[[896,-836,-896,897]],"properties":{"市区町村名":"江別市","大字名":"あけぼの町","丁目名":null,"小字名":null,"地番":"19-19","精度区分":null,"座標系":"任意座標系"}},{"type":"Polygon","arcs":[[-837,-897,898,899]],"properties":{"市区町村名":"江別市","大字名":"あけぼの町","丁目名":null,"小字名":null,"地番":"19-18","精度区分":null,"座標系":"任意座標系"}},{"type":"Polygon","arcs":[[900,-838,-900,901]],"properties":{"市区町村名":"江別市","大字名":"あけぼの町","丁目名":null,"小字名":null,"地番":"19-17","精度区分":null,"座標系":"任意座標系"}},{"type":"Polygon","arcs":[[-839,-901,902,903]],"properties":{"市区町村名":"江別市","大字名":"あけぼの町","丁目名":null,"小字名":null,"地番":"19-16","精度区分":null,"座標系":"任意座標系"}},{"type":"Polygon","arcs":[[-872,-840,-904,904]],"properties":{"市区町村名":"江別市","大字名":"あけぼの町","丁目名":null,"小字名":null,"地番":"19-15","精度区分":null,"座標系":"任意座標系"}},{"type":"Polygon","arcs":[[-49,905,-868,906]],"properties":{"市区町村名":"江別市","大字名":"あけぼの町","丁目名":null,"小字名":null,"地番":"19-9","精度区分":null,"座標系":"任意座標系"}},{"type":"Polygon","arcs":[[-48,907,-869,-906]],"properties":{"市区町村名":"江別市","大字名":"あけぼの町","丁目名":null,"小字名":null,"地番":"19-10","精度区分":null,"座標系":"任意座標系"}},{"type":"Polygon","arcs":[[-908,-47,908,909,-870]],"properties":{"市区町村名":"江別市","大字名":"あけぼの町","丁目名":null,"小字名":null,"地番":"19-11","精度区分":null,"座標系":"任意座標系"}},{"type":"Polygon","arcs":[[-46,910,-844,911,-909]],"properties":{"市区町村名":"江別市","大字名":"あけぼの町","丁目名":null,"小字名":null,"地番":"19-12","精度区分":null,"座標系":"任意座標系"}},{"type":"Polygon","arcs":[[-910,-912,-843,-866,-871]],"properties":{"市区町村名":"江別市","大字名":"あけぼの町","丁目名":null,"小字名":null,"地番":"19-31","精度区分":null,"座標系":"任意座標系"}},{"type":"Polygon","arcs":[[912,913,914,-812]],"properties":{"市区町村名":"江別市","大字名":"あけぼの町","丁目名":null,"小字名":null,"地番":"30-15","精度区分":null,"座標系":"任意座標系"}},{"type":"Polygon","arcs":[[-811,915,-913]],"properties":{"市区町村名":"江別市","大字名":"あけぼの町","丁目名":null,"小字名":null,"地番":"30-16","精度区分":null,"座標系":"任意座標系"}},{"type":"Polygon","arcs":[[916,-804,917,918]],"properties":{"市区町村名":"江別市","大字名":"あけぼの町","丁目名":null,"小字名":null,"地番":"30-23","精度区分":null,"座標系":"任意座標系"}},{"type":"Polygon","arcs":[[919,920,-826,921]],"properties":{"市区町村名":"江別市","大字名":"あけぼの町","丁目名":null,"小字名":null,"地番":"30-1","精度区分":null,"座標系":"任意座標系"}},{"type":"Polygon","arcs":[[922,923,924,-920]],"properties":{"市区町村名":"江別市","大字名":"あけぼの町","丁目名":null,"小字名":null,"地番":"30-24","精度区分":null,"座標系":"任意座標系"}},{"type":"Polygon","arcs":[[925,-919,926,-924]],"properties":{"市区町村名":"江別市","大字名":"あけぼの町","丁目名":null,"小字名":null,"地番":"30-25","精度区分":null,"座標系":"任意座標系"}},{"type":"Polygon","arcs":[[927,928,929,-923,-922,-825]],"properties":{"市区町村名":"江別市","大字名":"あけぼの町","丁目名":null,"小字名":null,"地番":"30-2","精度区分":null,"座標系":"任意座標系"}},{"type":"Polygon","arcs":[[930,-805,-917,-926,-930]],"properties":{"市区町村名":"江別市","大字名":"あけぼの町","丁目名":null,"小字名":null,"地番":"30-22","精度区分":null,"座標系":"任意座標系"}},{"type":"Polygon","arcs":[[-806,-931,931,932,933]],"properties":{"市区町村名":"江別市","大字名":"あけぼの町","丁目名":null,"小字名":null,"地番":"30-21","精度区分":null,"座標系":"任意座標系"}},{"type":"Polygon","arcs":[[934,-807,-934,935,936]],"properties":{"市区町村名":"江別市","大字名":"あけぼの町","丁目名":null,"小字名":null,"地番":"30-20","精度区分":null,"座標系":"任意座標系"}},{"type":"Polygon","arcs":[[-808,-935,937,938,939]],"properties":{"市区町村名":"江別市","大字名":"あけぼの町","丁目名":null,"小字名":null,"地番":"30-19","精度区分":null,"座標系":"任意座標系"}},{"type":"Polygon","arcs":[[940,-809,-940,941,942]],"properties":{"市区町村名":"江別市","大字名":"あけぼの町","丁目名":null,"小字名":null,"地番":"30-18","精度区分":null,"座標系":"任意座標系"}},{"type":"Polygon","arcs":[[-810,-941,943,944,-916]],"properties":{"市区町村名":"江別市","大字名":"あけぼの町","丁目名":null,"小字名":null,"地番":"30-17","精度区分":null,"座標系":"任意座標系"}},{"type":"Polygon","arcs":[[945,-813,-915]],"properties":{"市区町村名":"江別市","大字名":"あけぼの町","丁目名":null,"小字名":null,"地番":"30-14","精度区分":null,"座標系":"任意座標系"}},{"type":"Polygon","arcs":[[-815,946,-944,-943,947,948]],"properties":{"市区町村名":"江別市","大字名":"あけぼの町","丁目名":null,"小字名":null,"地番":"30-12","精度区分":null,"座標系":"任意座標系"}},{"type":"Polygon","arcs":[[-914,-945,-947,-814,-946]],"properties":{"市区町村名":"江別市","大字名":"あけぼの町","丁目名":null,"小字名":null,"地番":"30-13","精度区分":null,"座標系":"任意座標系"}},{"type":"Polygon","arcs":[[-949,949,-816]],"properties":{"市区町村名":"江別市","大字名":"あけぼの町","丁目名":null,"小字名":null,"地番":"30-11","精度区分":null,"座標系":"任意座標系"}},{"type":"Polygon","arcs":[[-950,950,-817]],"properties":{"市区町村名":"江別市","大字名":"あけぼの町","丁目名":null,"小字名":null,"地番":"30-10","精度区分":null,"座標系":"任意座標系"}},{"type":"Polygon","arcs":[[-818,-951,-948,-942,-939,951]],"properties":{"市区町村名":"江別市","大字名":"あけぼの町","丁目名":null,"小字名":null,"地番":"30-9","精度区分":null,"座標系":"任意座標系"}},{"type":"Polygon","arcs":[[-819,-952,-938,-937,952,953]],"properties":{"市区町村名":"江別市","大字名":"あけぼの町","丁目名":null,"小字名":null,"地番":"30-8","精度区分":null,"座標系":"任意座標系"}},{"type":"Polygon","arcs":[[-954,954,-820]],"properties":{"市区町村名":"江別市","大字名":"あけぼの町","丁目名":null,"小字名":null,"地番":"30-7","精度区分":null,"座標系":"任意座標系"}},{"type":"Polygon","arcs":[[955,-821,-955]],"properties":{"市区町村名":"江別市","大字名":"あけぼの町","丁目名":null,"小字名":null,"地番":"30-6","精度区分":null,"座標系":"任意座標系"}},{"type":"Polygon","arcs":[[-822,-956,-953,-936,-933,956]],"properties":{"市区町村名":"江別市","大字名":"あけぼの町","丁目名":null,"小字名":null,"地番":"30-5","精度区分":null,"座標系":"任意座標系"}},{"type":"Polygon","arcs":[[-957,-932,-929,957,-823]],"properties":{"市区町村名":"江別市","大字名":"あけぼの町","丁目名":null,"小字名":null,"地番":"30-4","精度区分":null,"座標系":"任意座標系"}},{"type":"Polygon","arcs":[[-928,-824,-958]],"properties":{"市区町村名":"江別市","大字名":"あけぼの町","丁目名":null,"小字名":null,"地番":"30-3","精度区分":null,"座標系":"任意座標系"}},{"type":"Polygon","arcs":[[958,959,960,-796,-853]],"properties":{"市区町村名":"江別市","大字名":"あけぼの町","丁目名":null,"小字名":null,"地番":"29-6","精度区分":null,"座標系":"任意座標系"}},{"type":"Polygon","arcs":[[-794,-855,961,-959,-852]],"properties":{"市区町村名":"江別市","大字名":"あけぼの町","丁目名":null,"小字名":null,"地番":"29-8","精度区分":null,"座標系":"任意座標系"}},{"type":"Polygon","arcs":[[962,-848,-786,-850,963]],"properties":{"市区町村名":"江別市","大字名":"あけぼの町","丁目名":null,"小字名":null,"地番":"29-15","精度区分":null,"座標系":"任意座標系"}},{"type":"Polygon","arcs":[[964,965,966,-800]],"properties":{"市区町村名":"江別市","大字名":"あけぼの町","丁目名":null,"小字名":null,"地番":"29-2","精度区分":null,"座標系":"任意座標系"}},{"type":"Polygon","arcs":[[967,-964,-849,-801,-967]],"properties":{"市区町村名":"江別市","大字名":"あけぼの町","丁目名":null,"小字名":null,"地番":"29-17","精度区分":null,"座標系":"任意座標系"}},{"type":"Polygon","arcs":[[968,-788,-847,-963,-968,-966,969]],"properties":{"市区町村名":"江別市","大字名":"あけぼの町","丁目名":null,"小字名":null,"地番":"29-14","精度区分":null,"座標系":"任意座標系"}},{"type":"Polygon","arcs":[[-789,-969,970,971]],"properties":{"市区町村名":"江別市","大字名":"あけぼの町","丁目名":null,"小字名":null,"地番":"29-13","精度区分":null,"座標系":"任意座標系"}},{"type":"Polygon","arcs":[[972,973,974,-798]],"properties":{"市区町村名":"江別市","大字名":"あけぼの町","丁目名":null,"小字名":null,"地番":"29-4","精度区分":null,"座標系":"任意座標系"}},{"type":"Polygon","arcs":[[-971,-970,-965,-799,-975]],"properties":{"市区町村名":"江別市","大字名":"あけぼの町","丁目名":null,"小字名":null,"地番":"29-3","精度区分":null,"座標系":"任意座標系"}},{"type":"Polygon","arcs":[[975,-790,-972,-974]],"properties":{"市区町村名":"江別市","大字名":"あけぼの町","丁目名":null,"小字名":null,"地番":"29-12","精度区分":null,"座標系":"任意座標系"}},{"type":"Polygon","arcs":[[-791,-976,976,977]],"properties":{"市区町村名":"江別市","大字名":"あけぼの町","丁目名":null,"小字名":null,"地番":"29-11","精度区分":null,"座標系":"任意座標系"}},{"type":"Polygon","arcs":[[-977,-973,-797,-961]],"properties":{"市区町村名":"江別市","大字名":"あけぼの町","丁目名":null,"小字名":null,"地番":"29-5","精度区分":null,"座標系":"任意座標系"}},{"type":"Polygon","arcs":[[978,-858,979,980,981]],"properties":{"市区町村名":"江別市","大字名":"あけぼの町","丁目名":null,"小字名":null,"地番":"31-4","精度区分":null,"座標系":"任意座標系"}},{"type":"Polygon","arcs":[[982,983,-764,984]],"properties":{"市区町村名":"江別市","大字名":"あけぼの町","丁目名":null,"小字名":null,"地番":"31-9","精度区分":null,"座標系":"任意座標系"}},{"type":"Polygon","arcs":[[-981,985,-859,-765,-984]],"properties":{"市区町村名":"江別市","大字名":"あけぼの町","丁目名":null,"小字名":null,"地番":"31-8","精度区分":null,"座標系":"任意座標系"}},{"type":"Polygon","arcs":[[986,-985,-763,-861,987]],"properties":{"市区町村名":"江別市","大字名":"あけぼの町","丁目名":null,"小字名":null,"地番":"31-10","精度区分":null,"座標系":"任意座標系"}},{"type":"Polygon","arcs":[[-865,988,-988,-862,-761]],"properties":{"市区町村名":"江別市","大字名":"あけぼの町","丁目名":null,"小字名":null,"地番":"31-12","精度区分":null,"座標系":"任意座標系"}},{"type":"Polygon","arcs":[[-857,-767,-860,-986,-980]],"properties":{"市区町村名":"江別市","大字名":"あけぼの町","丁目名":null,"小字名":null,"地番":"31-6","精度区分":null,"座標系":"任意座標系"}},{"type":"Polygon","arcs":[[989,990,-987,-989,-864]],"properties":{"市区町村名":"江別市","大字名":"あけぼの町","丁目名":null,"小字名":null,"地番":"31-2","精度区分":null,"座標系":"任意座標系"}},{"type":"Polygon","arcs":[[991,-982,-983,-991]],"properties":{"市区町村名":"江別市","大字名":"あけぼの町","丁目名":null,"小字名":null,"地番":"31-3","精度区分":null,"座標系":"任意座標系"}},{"type":"Polygon","arcs":[[-962,-854,-792,-978,-960]],"properties":{"市区町村名":"江別市","大字名":"あけぼの町","丁目名":null,"小字名":null,"地番":"29-10","精度区分":null,"座標系":"任意座標系"}},{"type":"Polygon","arcs":[[992,993,994,995,996,997]],"properties":{"市区町村名":"江別市","大字名":"あけぼの町","丁目名":null,"小字名":null,"地番":"43W1","精度区分":null,"座標系":"任意座標系"}},{"type":"Polygon","arcs":[[-994,998,999]],"properties":{"市区町村名":"江別市","大字名":"あけぼの町","丁目名":null,"小字名":null,"地番":"1","精度区分":null,"座標系":"任意座標系"}},{"type":"Polygon","arcs":[[1000,-996]],"properties":{"市区町村名":"江別市","大字名":"あけぼの町","丁目名":null,"小字名":null,"地番":"9","精度区分":null,"座標系":"任意座標系"}},{"type":"Polygon","arcs":[[1001,1002,1003]],"properties":{"市区町村名":"江別市","大字名":"あけぼの町","丁目名":null,"小字名":null,"地番":"2","精度区分":null,"座標系":"任意座標系"}},{"type":"Polygon","arcs":[[1004,-997,-1001,-995,-1000,1005,-1002,1006,1007,1008,1009,-1009,1010,1011]],"properties":{"市区町村名":"江別市","大字名":"あけぼの町","丁目名":null,"小字名":null,"地番":"43W2","精度区分":null,"座標系":"任意座標系"}},{"type":"Polygon","arcs":[[-1010]],"properties":{"市区町村名":"江別市","大字名":"あけぼの町","丁目名":null,"小字名":null,"地番":"8","精度区分":null,"座標系":"任意座標系"}},{"type":"Polygon","arcs":[[-1008,1012,-1011]],"properties":{"市区町村名":"江別市","大字名":"あけぼの町","丁目名":null,"小字名":null,"地番":"7","精度区分":null,"座標系":"任意座標系"}},{"type":"Polygon","arcs":[[1013,1014,1015,1016,1017,1018,1019,1020,1021,1022,1023,1024,1025,1026,1027,1028,1029,1030,-769,-856,-979,-992,-990,-863,-759,-911,-45,1031,1032]],"properties":{"市区町村名":"江別市","大字名":"あけぼの町","丁目名":null,"小字名":null,"地番":"44W2","精度区分":null,"座標系":"任意座標系"}},{"type":"Polygon","arcs":[[-1012,-1013,-1007,-1004,1033,1034,1035,1036,-1015,1037,1038,1039,-1033,1040]],"properties":{"市区町村名":"江別市","大字名":"あけぼの町","丁目名":null,"小字名":null,"地番":"43W3","精度区分":null,"座標系":"任意座標系"}},{"type":"Polygon","arcs":[[1041,1042,-1023,1043]],"properties":{"市区町村名":"江別市","大字名":"あけぼの町","丁目名":null,"小字名":null,"地番":"4-8","精度区分":null,"座標系":"任意座標系"}},{"type":"Polygon","arcs":[[1044,1045,1046,-1017,1047]],"properties":{"市区町村名":"江別市","大字名":"あけぼの町","丁目名":null,"小字名":null,"地番":"4-3","精度区分":null,"座標系":"任意座標系"}},{"type":"Polygon","arcs":[[1048,-1039]],"properties":{"市区町村名":"江別市","大字名":"あけぼの町","丁目名":null,"小字名":null,"地番":"6","精度区分":null,"座標系":"任意座標系"}},{"type":"Polygon","arcs":[[-1049,-1038,-1014,-1040]],"properties":{"市区町村名":"江別市","大字名":"あけぼの町","丁目名":null,"小字名":null,"地番":"5","精度区分":null,"座標系":"任意座標系"}},{"type":"Polygon","arcs":[[-1035,1049,1050,1051,1052,1053,1054,-1046,1055]],"properties":{"市区町村名":"江別市","大字名":"あけぼの町","丁目名":null,"小字名":null,"地番":"3","精度区分":null,"座標系":"任意座標系"}},{"type":"Polygon","arcs":[[-1051,1056,-1042,1057,1058]],"properties":{"市区町村名":"江別市","大字名":"あけぼの町","丁目名":null,"小字名":null,"地番":"4-7","精度区分":null,"座標系":"任意座標系"}},{"type":"Polygon","arcs":[[1059,-1052,-1059,1060,-1021]],"properties":{"市区町村名":"江別市","大字名":"あけぼの町","丁目名":null,"小字名":null,"地番":"4-6","精度区分":null,"座標系":"任意座標系"}},{"type":"Polygon","arcs":[[-1058,-1044,-1022,-1061]],"properties":{"市区町村名":"江別市","大字名":"あけぼの町","丁目名":null,"小字名":null,"地番":"4-9","精度区分":null,"座標系":"任意座標系"}},{"type":"Polygon","arcs":[[-1053,-1060,-1020,1061]],"properties":{"市区町村名":"江別市","大字名":"あけぼの町","丁目名":null,"小字名":null,"地番":"4-10","精度区分":null,"座標系":"任意座標系"}},{"type":"Polygon","arcs":[[1062,-1054,-1062,-1019]],"properties":{"市区町村名":"江別市","大字名":"あけぼの町","丁目名":null,"小字名":null,"地番":"4-5","精度区分":null,"座標系":"任意座標系"}},{"type":"Polygon","arcs":[[-1055,-1063,-1018,-1047]],"properties":{"市区町村名":"江別市","大字名":"あけぼの町","丁目名":null,"小字名":null,"地番":"4-4","精度区分":null,"座標系":"任意座標系"}},{"type":"Polygon","arcs":[[-1056,-1045,1063,-1036]],"properties":{"市区町村名":"江別市","大字名":"あけぼの町","丁目名":null,"小字名":null,"地番":"4-2","精度区分":null,"座標系":"任意座標系"}},{"type":"Polygon","arcs":[[-1048,-1016,-1037,-1064]],"properties":{"市区町村名":"江別市","大字名":"あけぼの町","丁目名":null,"小字名":null,"地番":"4-1","精度区分":null,"座標系":"任意座標系"}},{"type":"Polygon","arcs":[[-773,1064,1065,1066,1067,1068,1069,1070,1071,1072,1073,1074,1075,1076,1077,1078,1079,1080,1081,1082,-4,1083,1084,1085,1086,1087,1088,1089,1090,1091,1092,1093,1094,1095,1096,1097,1098,1099,1100,1101]],"properties":{"市区町村名":"江別市","大字名":"あけぼの町","丁目名":null,"小字名":null,"地番":"46W6","精度区分":null,"座標系":"任意座標系"}},{"type":"Polygon","arcs":[[-1075,1102,1103,1104]],"properties":{"市区町村名":"江別市","大字名":"あけぼの町","丁目名":null,"小字名":null,"地番":"34-12","精度区分":null,"座標系":"任意座標系"}},{"type":"Polygon","arcs":[[1105,1106,1107,1108,1109,1110,1111,1112,1113,1114,1115,1116,1117,1118,-604]],"properties":{"市区町村名":"江別市","大字名":"あけぼの町","丁目名":null,"小字名":null,"地番":"48-1W2","精度区分":null,"座標系":"任意座標系"}},{"type":"Polygon","arcs":[[1119,1120,1121,-1073,1122]],"properties":{"市区町村名":"江別市","大字名":"あけぼの町","丁目名":null,"小字名":null,"地番":"32-9","精度区分":null,"座標系":"任意座標系"}},{"type":"Polygon","arcs":[[-1123,-1072,1123]],"properties":{"市区町村名":"江別市","大字名":"あけぼの町","丁目名":null,"小字名":null,"地番":"32-10","精度区分":null,"座標系":"任意座標系"}},{"type":"Polygon","arcs":[[1124,1125,1126,1127,1128,-1069,1129]],"properties":{"市区町村名":"江別市","大字名":"あけぼの町","丁目名":null,"小字名":null,"地番":"32-13","精度区分":null,"座標系":"任意座標系"}},{"type":"Polygon","arcs":[[1130,-1065,-772,1131]],"properties":{"市区町村名":"江別市","大字名":"あけぼの町","丁目名":null,"小字名":null,"地番":"32-17","精度区分":null,"座標系":"任意座標系"}},{"type":"Polygon","arcs":[[-770,-1031,1132,1133]],"properties":{"市区町村名":"江別市","大字名":"あけぼの町","丁目名":null,"小字名":null,"地番":"32-1","精度区分":null,"座標系":"任意座標系"}},{"type":"Polygon","arcs":[[1134,1135,1136,1137,1138,1139,1140,1141,1142,1143,1144,1145,1146,-1106,-602]],"properties":{"市区町村名":"江別市","大字名":"あけぼの町","丁目名":null,"小字名":null,"地番":"48-2W2","精度区分":null,"座標系":"任意座標系"}},{"type":"Polygon","arcs":[[1147,1148,1149,1150,-1028]],"properties":{"市区町村名":"江別市","大字名":"あけぼの町","丁目名":null,"小字名":null,"地番":"32-4","精度区分":null,"座標系":"任意座標系"}},{"type":"Polygon","arcs":[[1151,-1066,-1131,1152,1153]],"properties":{"市区町村名":"江別市","大字名":"あけぼの町","丁目名":null,"小字名":null,"地番":"32-16","精度区分":null,"座標系":"任意座標系"}},{"type":"Polygon","arcs":[[-1134,1154,-1153,-1132,-771]],"properties":{"市区町村名":"江別市","大字名":"あけぼの町","丁目名":null,"小字名":null,"地番":"32-18","精度区分":null,"座標系":"任意座標系"}},{"type":"Polygon","arcs":[[1155,1156,-1154,-1155,-1133,-1030]],"properties":{"市区町村名":"江別市","大字名":"あけぼの町","丁目名":null,"小字名":null,"地番":"32-2","精度区分":null,"座標系":"任意座標系"}},{"type":"Polygon","arcs":[[-1029,-1151,1157,-1156]],"properties":{"市区町村名":"江別市","大字名":"あけぼの町","丁目名":null,"小字名":null,"地番":"32-3","精度区分":null,"座標系":"任意座標系"}},{"type":"Polygon","arcs":[[-1158,-1150,1158,-1067,-1152,-1157]],"properties":{"市区町村名":"江別市","大字名":"あけぼの町","丁目名":null,"小字名":null,"地番":"32-15","精度区分":null,"座標系":"任意座標系"}},{"type":"Polygon","arcs":[[-1148,-1027,1159,-1125,1160]],"properties":{"市区町村名":"江別市","大字名":"あけぼの町","丁目名":null,"小字名":null,"地番":"32-5","精度区分":null,"座標系":"任意座標系"}},{"type":"Polygon","arcs":[[1161,-1025,1162,1163,-1127]],"properties":{"市区町村名":"江別市","大字名":"あけぼの町","丁目名":null,"小字名":null,"地番":"32-7","精度区分":null,"座標系":"任意座標系"}},{"type":"Polygon","arcs":[[-1160,-1026,-1162,-1126]],"properties":{"市区町村名":"江別市","大字名":"あけぼの町","丁目名":null,"小字名":null,"地番":"32-6","精度区分":null,"座標系":"任意座標系"}},{"type":"Polygon","arcs":[[1164,-1128,-1164,1165,-1121,1166]],"properties":{"市区町村名":"江別市","大字名":"あけぼの町","丁目名":null,"小字名":null,"地番":"32-8","精度区分":null,"座標系":"任意座標系"}},{"type":"Polygon","arcs":[[1167,-1167,-1120,-1124,-1071]],"properties":{"市区町村名":"江別市","大字名":"あけぼの町","丁目名":null,"小字名":null,"地番":"32-11","精度区分":null,"座標系":"任意座標系"}},{"type":"Polygon","arcs":[[-1165,-1168,-1070,-1129]],"properties":{"市区町村名":"江別市","大字名":"あけぼの町","丁目名":null,"小字名":null,"地番":"32-12","精度区分":null,"座標系":"任意座標系"}},{"type":"Polygon","arcs":[[-1149,-1161,-1130,-1068,-1159]],"properties":{"市区町村名":"江別市","大字名":"あけぼの町","丁目名":null,"小字名":null,"地番":"32-14","精度区分":null,"座標系":"任意座標系"}},{"type":"Polygon","arcs":[[1168,1169,1170,-1086]],"properties":{"市区町村名":"江別市","大字名":"あけぼの町","丁目名":null,"小字名":null,"地番":"34-1","精度区分":null,"座標系":"任意座標系"}},{"type":"Polygon","arcs":[[1171,1172,-1135,1173]],"properties":{"市区町村名":"江別市","大字名":"あけぼの町","丁目名":null,"小字名":null,"地番":"34-25","精度区分":null,"座標系":"任意座標系"}},{"type":"Polygon","arcs":[[1174,1175,-1146,1176]],"properties":{"市区町村名":"江別市","大字名":"あけぼの町","丁目名":null,"小字名":null,"地番":"34-14","精度区分":null,"座標系":"任意座標系"}},{"type":"Polygon","arcs":[[1177,1178,1179,-1141]],"properties":{"市区町村名":"江別市","大字名":"あけぼの町","丁目名":null,"小字名":null,"地番":"34-19","精度区分":null,"座標系":"任意座標系"}},{"type":"Polygon","arcs":[[1180,1181,1182,-1139,1183]],"properties":{"市区町村名":"江別市","大字名":"あけぼの町","丁目名":null,"小字名":null,"地番":"34-21","精度区分":null,"座標系":"任意座標系"}},{"type":"Polygon","arcs":[[1184,1185,-1143,1186]],"properties":{"市区町村名":"江別市","大字名":"あけぼの町","丁目名":null,"小字名":null,"地番":"34-17","精度区分":null,"座標系":"任意座標系"}},{"type":"Polygon","arcs":[[1187,1188,-1177,-1145,1189]],"properties":{"市区町村名":"江別市","大字名":"あけぼの町","丁目名":null,"小字名":null,"地番":"34-15","精度区分":null,"座標系":"任意座標系"}},{"type":"Polygon","arcs":[[1190,-1175,-1189,1191,-1104]],"properties":{"市区町村名":"江別市","大字名":"あけぼの町","丁目名":null,"小字名":null,"地番":"34-13","精度区分":null,"座標系":"任意座標系"}},{"type":"Polygon","arcs":[[-1085,1192,1193,1194,-1169]],"properties":{"市区町村名":"江別市","大字名":"あけぼの町","丁目名":null,"小字名":null,"地番":"34-2","精度区分":null,"座標系":"任意座標系"}},{"type":"Polygon","arcs":[[1195,-1136,-1173,-1194]],"properties":{"市区町村名":"江別市","大字名":"あけぼの町","丁目名":null,"小字名":null,"地番":"34-24","精度区分":null,"座標系":"任意座標系"}},{"type":"Polygon","arcs":[[-1195,-1172,1196,-1170]],"properties":{"市区町村名":"江別市","大字名":"あけぼの町","丁目名":null,"小字名":null,"地番":"34-26","精度区分":null,"座標系":"任意座標系"}},{"type":"Polygon","arcs":[[1197,-2,1198,-1137,-1196]],"properties":{"市区町村名":"江別市","大字名":"あけぼの町","丁目名":null,"小字名":null,"地番":"34-23","精度区分":null,"座標系":"任意座標系"}},{"type":"Polygon","arcs":[[-1,-1083,1199,1200]],"properties":{"市区町村名":"江別市","大字名":"あけぼの町","丁目名":null,"小字名":null,"地番":"34-4","精度区分":null,"座標系":"任意座標系"}},{"type":"Polygon","arcs":[[-1084,-3,-1198,-1193]],"properties":{"市区町村名":"江別市","大字名":"あけぼの町","丁目名":null,"小字名":null,"地番":"34-3","精度区分":null,"座標系":"任意座標系"}},{"type":"Polygon","arcs":[[-1199,-1201,-1184,-1138]],"properties":{"市区町村名":"江別市","大字名":"あけぼの町","丁目名":null,"小字名":null,"地番":"34-22","精度区分":null,"座標系":"任意座標系"}},{"type":"Polygon","arcs":[[1201,-1081,1202,1203,1204]],"properties":{"市区町村名":"江別市","大字名":"あけぼの町","丁目名":null,"小字名":null,"地番":"34-6","精度区分":null,"座標系":"任意座標系"}},{"type":"Polygon","arcs":[[-1082,-1202,1205,-1181,-1200]],"properties":{"市区町村名":"江別市","大字名":"あけぼの町","丁目名":null,"小字名":null,"地番":"34-5","精度区分":null,"座標系":"任意座標系"}},{"type":"Polygon","arcs":[[-1205,-1182,-1206]],"properties":{"市区町村名":"江別市","大字名":"あけぼの町","丁目名":null,"小字名":null,"地番":"34-27","精度区分":null,"座標系":"任意座標系"}},{"type":"Polygon","arcs":[[-1203,-1080,1206,-1179]],"properties":{"市区町村名":"江別市","大字名":"あけぼの町","丁目名":null,"小字名":null,"地番":"34-7","精度区分":null,"座標系":"任意座標系"}},{"type":"Polygon","arcs":[[-1079,1207,1208,-1207]],"properties":{"市区町村名":"江別市","大字名":"あけぼの町","丁目名":null,"小字名":null,"地番":"34-8","精度区分":null,"座標系":"任意座標系"}},{"type":"Polygon","arcs":[[-1209,-1187,-1142,-1180]],"properties":{"市区町村名":"江別市","大字名":"あけぼの町","丁目名":null,"小字名":null,"地番":"34-18","精度区分":null,"座標系":"任意座標系"}},{"type":"Polygon","arcs":[[-1186,1209,-1190,-1144]],"properties":{"市区町村名":"江別市","大字名":"あけぼの町","丁目名":null,"小字名":null,"地番":"34-16","精度区分":null,"座標系":"任意座標系"}},{"type":"Polygon","arcs":[[1210,-1077,1211,-1210]],"properties":{"市区町村名":"江別市","大字名":"あけぼの町","丁目名":null,"小字名":null,"地番":"34-10","精度区分":null,"座標系":"任意座標系"}},{"type":"Polygon","arcs":[[-1078,-1211,-1185,-1208]],"properties":{"市区町村名":"江別市","大字名":"あけぼの町","丁目名":null,"小字名":null,"地番":"34-9","精度区分":null,"座標系":"任意座標系"}},{"type":"Polygon","arcs":[[1212,-1096,1213]],"properties":{"市区町村名":"江別市","大字名":"あけぼの町","丁目名":null,"小字名":null,"地番":"33-11","精度区分":null,"座標系":"任意座標系"}},{"type":"Polygon","arcs":[[1214,1215,-1088,1216,-781]],"properties":{"市区町村名":"江別市","大字名":"あけぼの町","丁目名":null,"小字名":null,"地番":"33-27","精度区分":null,"座標系":"任意座標系"}},{"type":"Polygon","arcs":[[1217,-1215,-780,1218]],"properties":{"市区町村名":"江別市","大字名":"あけぼの町","丁目名":null,"小字名":null,"地番":"33-1","精度区分":null,"座標系":"任意座標系"}},{"type":"Polygon","arcs":[[-774,-1102,1219,1220]],"properties":{"市区町村名":"江別市","大字名":"あけぼの町","丁目名":null,"小字名":null,"地番":"33-7","精度区分":null,"座標系":"任意座標系"}},{"type":"Polygon","arcs":[[-1099,1221,1222,1223,1224]],"properties":{"市区町村名":"江別市","大字名":"あけぼの町","丁目名":null,"小字名":null,"地番":"33-10","精度区分":null,"座標系":"任意座標系"}},{"type":"Polygon","arcs":[[1225,1226,-1089,-1216,-1218,1227]],"properties":{"市区町村名":"江別市","大字名":"あけぼの町","丁目名":null,"小字名":null,"地番":"33-23","精度区分":null,"座標系":"任意座標系"}},{"type":"Polygon","arcs":[[-1224,1228,-1093,1229,1230,1231]],"properties":{"市区町村名":"江別市","大字名":"あけぼの町","丁目名":null,"小字名":null,"地番":"33-14","精度区分":null,"座標系":"任意座標系"}},{"type":"Polygon","arcs":[[1232,1233,-1232,1234,-776]],"properties":{"市区町村名":"江別市","大字名":"あけぼの町","丁目名":null,"小字名":null,"地番":"33-5","精度区分":null,"座標系":"任意座標系"}},{"type":"Polygon","arcs":[[1235,-1100,-1225,-1234,1236]],"properties":{"市区町村名":"江別市","大字名":"あけぼの町","丁目名":null,"小字名":null,"地番":"33-9","精度区分":null,"座標系":"任意座標系"}},{"type":"Polygon","arcs":[[-1223,1237,1238,-1094,-1229]],"properties":{"市区町村名":"江別市","大字名":"あけぼの町","丁目名":null,"小字名":null,"地番":"33-13","精度区分":null,"座標系":"任意座標系"}},{"type":"Polygon","arcs":[[-1222,-1098,1239,1240,-1238]],"properties":{"市区町村名":"江別市","大字名":"あけぼの町","丁目名":null,"小字名":null,"地番":"33-20","精度区分":null,"座標系":"任意座標系"}},{"type":"Polygon","arcs":[[-1097,-1213,1241,-1240]],"properties":{"市区町村名":"江別市","大字名":"あけぼの町","丁目名":null,"小字名":null,"地番":"33-19","精度区分":null,"座標系":"任意座標系"}},{"type":"Polygon","arcs":[[-1242,-1214,-1095,-1239,-1241]],"properties":{"市区町村名":"江別市","大字名":"あけぼの町","丁目名":null,"小字名":null,"地番":"33-18","精度区分":null,"座標系":"任意座標系"}},{"type":"Polygon","arcs":[[1242,-1230,-1092,1243,1244]],"properties":{"市区町村名":"江別市","大字名":"あけぼの町","丁目名":null,"小字名":null,"地番":"33-15","精度区分":null,"座標系":"任意座標系"}},{"type":"Polygon","arcs":[[1245,-1245,1246,-777,-1235]],"properties":{"市区町村名":"江別市","大字名":"あけぼの町","丁目名":null,"小字名":null,"地番":"33-4","精度区分":null,"座標系":"任意座標系"}},{"type":"Polygon","arcs":[[-1243,-1246,-1231]],"properties":{"市区町村名":"江別市","大字名":"あけぼの町","丁目名":null,"小字名":null,"地番":"33-28","精度区分":null,"座標系":"任意座標系"}},{"type":"Polygon","arcs":[[-1220,-1101,-1236,1247]],"properties":{"市区町村名":"江別市","大字名":"あけぼの町","丁目名":null,"小字名":null,"地番":"33-8","精度区分":null,"座標系":"任意座標系"}},{"type":"Polygon","arcs":[[-1248,-1237,-1233,-775,-1221]],"properties":{"市区町村名":"江別市","大字名":"あけぼの町","丁目名":null,"小字名":null,"地番":"33-6","精度区分":null,"座標系":"任意座標系"}},{"type":"Polygon","arcs":[[-1091,1248,-1226,1249,1250,-1244]],"properties":{"市区町村名":"江別市","大字名":"あけぼの町","丁目名":null,"小字名":null,"地番":"33-21","精度区分":null,"座標系":"任意座標系"}},{"type":"Polygon","arcs":[[-1251,1251,-778,-1247]],"properties":{"市区町村名":"江別市","大字名":"あけぼの町","丁目名":null,"小字名":null,"地番":"33-26","精度区分":null,"座標系":"任意座標系"}},{"type":"Polygon","arcs":[[-1250,-1228,-1219,-779,-1252]],"properties":{"市区町村名":"江別市","大字名":"あけぼの町","丁目名":null,"小字名":null,"地番":"33-2","精度区分":null,"座標系":"任意座標系"}},{"type":"Polygon","arcs":[[-1249,-1090,-1227]],"properties":{"市区町村名":"江別市","大字名":"あけぼの町","丁目名":null,"小字名":null,"地番":"33-22","精度区分":null,"座標系":"任意座標系"}},{"type":"Polygon","arcs":[[-1076,-1105,-1192,-1188,-1212]],"properties":{"市区町村名":"江別市","大字名":"あけぼの町","丁目名":null,"小字名":null,"地番":"34-11","精度区分":null,"座標系":"任意座標系"}},{"type":"Polygon","arcs":[[-1183,-1204,-1178,-1140]],"properties":{"市区町村名":"江別市","大字名":"あけぼの町","丁目名":null,"小字名":null,"地番":"34-20","精度区分":null,"座標系":"任意座標系"}},{"type":"Polygon","arcs":[[-1119,1252,1253,1254,1255,1256,1257,1258,1259,1260,1261,1262,1263,1264,1265,1266,1267,1268,1269,1270,1271,1272,1273,1274,1275,1276,1277,1278,1279,1280,1281,1282,1283,1284,1285,1286,1287,1288,1289,1290,1291,1292,1293,1294,1295,1296,1297,1298,1299,-44,-691,-741,-739,-737,-695,-751,-749,-715,-700,-724,-722,-704,-718,-721,-707]],"properties":{"市区町村名":"江別市","大字名":"あけぼの町","丁目名":null,"小字名":null,"地番":"49W2","精度区分":null,"座標系":"任意座標系"}},{"type":"Polygon","arcs":[[-1108,1300,1301,1302]],"properties":{"市区町村名":"江別市","大字名":"あけぼの町","丁目名":null,"小字名":null,"地番":"39-8","精度区分":null,"座標系":"任意座標系"}},{"type":"Polygon","arcs":[[1303,1304,-1277,1305]],"properties":{"市区町村名":"江別市","大字名":"あけぼの町","丁目名":null,"小字名":null,"地番":"38-13","精度区分":null,"座標系":"任意座標系"}},{"type":"Polygon","arcs":[[1306,1307,-1298,1308]],"properties":{"市区町村名":"江別市","大字名":"あけぼの町","丁目名":null,"小字名":null,"地番":"37-11","精度区分":null,"座標系":"任意座標系"}},{"type":"Polygon","arcs":[[1309,-1289,1310]],"properties":{"市区町村名":"江別市","大字名":"あけぼの町","丁目名":null,"小字名":null,"地番":"37-20","精度区分":null,"座標系":"任意座標系"}},{"type":"Polygon","arcs":[[-1288,1311,-1311]],"properties":{"市区町村名":"江別市","大字名":"あけぼの町","丁目名":null,"小字名":null,"地番":"37-1","精度区分":null,"座標系":"任意座標系"}},{"type":"Polygon","arcs":[[-1279,1312,1313,1314]],"properties":{"市区町村名":"江別市","大字名":"あけぼの町","丁目名":null,"小字名":null,"地番":"37-10","精度区分":null,"座標系":"任意座標系"}},{"type":"Polygon","arcs":[[-1280,-1315,1315,1316,1317]],"properties":{"市区町村名":"江別市","大字名":"あけぼの町","丁目名":null,"小字名":null,"地番":"37-9","精度区分":null,"座標系":"任意座標系"}},{"type":"Polygon","arcs":[[-1314,1318,1319,-1316]],"properties":{"市区町村名":"江別市","大字名":"あけぼの町","丁目名":null,"小字名":null,"地番":"37-22","精度区分":null,"座標系":"任意座標系"}},{"type":"Polygon","arcs":[[1320,1321,-1264,1322]],"properties":{"市区町村名":"江別市","大字名":"あけぼの町","丁目名":null,"小字名":null,"地番":"39-9","精度区分":null,"座標系":"任意座標系"}},{"type":"Polygon","arcs":[[1323,-1255,1324]],"properties":{"市区町村名":"江別市","大字名":"あけぼの町","丁目名":null,"小字名":null,"地番":"39-16","精度区分":null,"座標系":"任意座標系"}},{"type":"Polygon","arcs":[[-1253,-1118,1325,1326]],"properties":{"市区町村名":"江別市","大字名":"あけぼの町","丁目名":null,"小字名":null,"地番":"39-1","精度区分":null,"座標系":"任意座標系"}},{"type":"Polygon","arcs":[[-1266,1327,1328,1329]],"properties":{"市区町村名":"江別市","大字名":"あけぼの町","丁目名":null,"小字名":null,"地番":"38-7","精度区分":null,"座標系":"任意座標系"}},{"type":"Polygon","arcs":[[1330,1331,-1270]],"properties":{"市区町村名":"江別市","大字名":"あけぼの町","丁目名":null,"小字名":null,"地番":"38-4","精度区分":null,"座標系":"任意座標系"}},{"type":"Polygon","arcs":[[1332,1333,-1273]],"properties":{"市区町村名":"江別市","大字名":"あけぼの町","丁目名":null,"小字名":null,"地番":"38-1","精度区分":null,"座標系":"任意座標系"}},{"type":"Polygon","arcs":[[-1312,-1287,1334,1335]],"properties":{"市区町村名":"江別市","大字名":"あけぼの町","丁目名":null,"小字名":null,"地番":"37-2","精度区分":null,"座標系":"任意座標系"}},{"type":"Polygon","arcs":[[-1310,-1336,1336,-1290]],"properties":{"市区町村名":"江別市","大字名":"あけぼの町","丁目名":null,"小字名":null,"地番":"37-19","精度区分":null,"座標系":"任意座標系"}},{"type":"Polygon","arcs":[[1337,1338,-1291,-1337]],"properties":{"市区町村名":"江別市","大字名":"あけぼの町","丁目名":null,"小字名":null,"地番":"37-18","精度区分":null,"座標系":"任意座標系"}},{"type":"Polygon","arcs":[[1339,-1285,1340,1341]],"properties":{"市区町村名":"江別市","大字名":"あけぼの町","丁目名":null,"小字名":null,"地番":"37-4","精度区分":null,"座標系":"任意座標系"}},{"type":"Polygon","arcs":[[-1286,-1340,-1338,-1335]],"properties":{"市区町村名":"江別市","大字名":"あけぼの町","丁目名":null,"小字名":null,"地番":"37-3","精度区分":null,"座標系":"任意座標系"}},{"type":"Polygon","arcs":[[-1339,-1342,1342,-1292]],"properties":{"市区町村名":"江別市","大字名":"あけぼの町","丁目名":null,"小字名":null,"地番":"37-17","精度区分":null,"座標系":"任意座標系"}},{"type":"Polygon","arcs":[[1343,1344,-1293,-1343]],"properties":{"市区町村名":"江別市","大字名":"あけぼの町","丁目名":null,"小字名":null,"地番":"37-16","精度区分":null,"座標系":"任意座標系"}},{"type":"Polygon","arcs":[[1345,-1283,1346,1347]],"properties":{"市区町村名":"江別市","大字名":"あけぼの町","丁目名":null,"小字名":null,"地番":"37-6","精度区分":null,"座標系":"任意座標系"}},{"type":"Polygon","arcs":[[-1284,-1346,-1344,-1341]],"properties":{"市区町村名":"江別市","大字名":"あけぼの町","丁目名":null,"小字名":null,"地番":"37-5","精度区分":null,"座標系":"任意座標系"}},{"type":"Polygon","arcs":[[-1345,-1348,1348,-1294]],"properties":{"市区町村名":"江別市","大字名":"あけぼの町","丁目名":null,"小字名":null,"地番":"37-15","精度区分":null,"座標系":"任意座標系"}},{"type":"Polygon","arcs":[[1349,1350,-1295,-1349]],"properties":{"市区町村名":"江別市","大字名":"あけぼの町","丁目名":null,"小字名":null,"地番":"37-14","精度区分":null,"座標系":"任意座標系"}},{"type":"Polygon","arcs":[[1351,-1281,-1318,1352]],"properties":{"市区町村名":"江別市","大字名":"あけぼの町","丁目名":null,"小字名":null,"地番":"37-8","精度区分":null,"座標系":"任意座標系"}},{"type":"Polygon","arcs":[[-1282,-1352,-1350,-1347]],"properties":{"市区町村名":"江別市","大字名":"あけぼの町","丁目名":null,"小字名":null,"地番":"37-7","精度区分":null,"座標系":"任意座標系"}},{"type":"Polygon","arcs":[[-1351,-1353,1353,-1296]],"properties":{"市区町村名":"江別市","大字名":"あけぼの町","丁目名":null,"小字名":null,"地番":"37-13","精度区分":null,"座標系":"任意座標系"}},{"type":"Polygon","arcs":[[-1317,1354,-1309,-1297,-1354]],"properties":{"市区町村名":"江別市","大字名":"あけぼの町","丁目名":null,"小字名":null,"地番":"37-12","精度区分":null,"座標系":"任意座標系"}},{"type":"Polygon","arcs":[[1355,-1307,-1355,-1320]],"properties":{"市区町村名":"江別市","大字名":"あけぼの町","丁目名":null,"小字名":null,"地番":"37-21","精度区分":null,"座標系":"任意座標系"}},{"type":"Polygon","arcs":[[-1267,-1330,1356,1357,1358]],"properties":{"市区町村名":"江別市","大字名":"あけぼの町","丁目名":null,"小字名":null,"地番":"38-6","精度区分":null,"座標系":"任意座標系"}},{"type":"Polygon","arcs":[[-1329,1359,1360,-1357]],"properties":{"市区町村名":"江別市","大字名":"あけぼの町","丁目名":null,"小字名":null,"地番":"38-8","精度区分":null,"座標系":"任意座標系"}},{"type":"Polygon","arcs":[[-1268,-1359,1361,1362,1363]],"properties":{"市区町村名":"江別市","大字名":"あけぼの町","丁目名":null,"小字名":null,"地番":"38-5","精度区分":null,"座標系":"任意座標系"}},{"type":"Polygon","arcs":[[-1362,-1358,-1361,1364,1365]],"properties":{"市区町村名":"江別市","大字名":"あけぼの町","丁目名":null,"小字名":null,"地番":"38-9","精度区分":null,"座標系":"任意座標系"}},{"type":"Polygon","arcs":[[-1364,1366,1367,-1331,-1269]],"properties":{"市区町村名":"江別市","大字名":"あけぼの町","丁目名":null,"小字名":null,"地番":"38-17","精度区分":null,"座標系":"任意座標系"}},{"type":"Polygon","arcs":[[-1367,-1363,-1366,1368,1369]],"properties":{"市区町村名":"江別市","大字名":"あけぼの町","丁目名":null,"小字名":null,"地番":"38-10","精度区分":null,"座標系":"任意座標系"}},{"type":"Polygon","arcs":[[-1370,1370,1371,1372]],"properties":{"市区町村名":"江別市","大字名":"あけぼの町","丁目名":null,"小字名":null,"地番":"38-11","精度区分":null,"座標系":"任意座標系"}},{"type":"Polygon","arcs":[[-1332,-1368,-1373,1373,-1271]],"properties":{"市区町村名":"江別市","大字名":"あけぼの町","丁目名":null,"小字名":null,"地番":"38-3","精度区分":null,"座標系":"任意座標系"}},{"type":"Polygon","arcs":[[1374,1375,-1333,-1272,-1374]],"properties":{"市区町村名":"江別市","大字名":"あけぼの町","丁目名":null,"小字名":null,"地番":"38-2","精度区分":null,"座標系":"任意座標系"}},{"type":"Polygon","arcs":[[-1375,-1372,1376,-1304,1377,1378]],"properties":{"市区町村名":"江別市","大字名":"あけぼの町","丁目名":null,"小字名":null,"地番":"38-12","精度区分":null,"座標系":"任意座標系"}},{"type":"Polygon","arcs":[[1379,-1378,-1306,-1276]],"properties":{"市区町村名":"江別市","大字名":"あけぼの町","丁目名":null,"小字名":null,"地番":"38-14","精度区分":null,"座標系":"任意座標系"}},{"type":"Polygon","arcs":[[1380,-1379,-1380,-1275]],"properties":{"市区町村名":"江別市","大字名":"あけぼの町","丁目名":null,"小字名":null,"地番":"38-15","精度区分":null,"座標系":"任意座標系"}},{"type":"Polygon","arcs":[[-1376,-1381,-1274,-1334]],"properties":{"市区町村名":"江別市","大字名":"あけぼの町","丁目名":null,"小字名":null,"地番":"38-16","精度区分":null,"座標系":"任意座標系"}},{"type":"Polygon","arcs":[[1381,-1325,-1254,-1327]],"properties":{"市区町村名":"江別市","大字名":"あけぼの町","丁目名":null,"小字名":null,"地番":"39-29","精度区分":null,"座標系":"任意座標系"}},{"type":"Polygon","arcs":[[1382,1383,-1256,-1324,-1382]],"properties":{"市区町村名":"江別市","大字名":"あけぼの町","丁目名":null,"小字名":null,"地番":"39-15","精度区分":null,"座標系":"任意座標系"}},{"type":"Polygon","arcs":[[1384,1385,1386,1387,1388,-1257,-1384]],"properties":{"市区町村名":"江別市","大字名":"あけぼの町","丁目名":null,"小字名":null,"地番":"39-25","精度区分":null,"座標系":"任意座標系"}},{"type":"Polygon","arcs":[[-1389,1389,-1258]],"properties":{"市区町村名":"江別市","大字名":"あけぼの町","丁目名":null,"小字名":null,"地番":"39-24","精度区分":null,"座標系":"任意座標系"}},{"type":"Polygon","arcs":[[1390,-1260,1391]],"properties":{"市区町村名":"江別市","大字名":"あけぼの町","丁目名":null,"小字名":null,"地番":"39-22","精度区分":null,"座標系":"任意座標系"}},{"type":"Polygon","arcs":[[1392,1393,-1261,-1391,1394,-1387,1395]],"properties":{"市区町村名":"江別市","大字名":"あけぼの町","丁目名":null,"小字名":null,"地番":"39-12","精度区分":null,"座標系":"任意座標系"}},{"type":"Polygon","arcs":[[-1388,-1395,-1392,-1259,-1390]],"properties":{"市区町村名":"江別市","大字名":"あけぼの町","丁目名":null,"小字名":null,"地番":"39-23","精度区分":null,"座標系":"任意座標系"}},{"type":"Polygon","arcs":[[1396,-1115,1397,-1396,-1386]],"properties":{"市区町村名":"江別市","大字名":"あけぼの町","丁目名":null,"小字名":null,"地番":"39-4","精度区分":null,"座標系":"任意座標系"}},{"type":"Polygon","arcs":[[-1116,-1397,-1385,1398]],"properties":{"市区町村名":"江別市","大字名":"あけぼの町","丁目名":null,"小字名":null,"地番":"39-3","精度区分":null,"座標系":"任意座標系"}},{"type":"Polygon","arcs":[[-1114,1399,1400,-1393,-1398]],"properties":{"市区町村名":"江別市","大字名":"あけぼの町","丁目名":null,"小字名":null,"地番":"39-5","精度区分":null,"座標系":"任意座標系"}},{"type":"Polygon","arcs":[[-1401,1401,1402,1403,-1262,-1394]],"properties":{"市区町村名":"江別市","大字名":"あけぼの町","丁目名":null,"小字名":null,"地番":"39-11","精度区分":null,"座標系":"任意座標系"}},{"type":"Polygon","arcs":[[-1404,1404,1405,-1323,-1263]],"properties":{"市区町村名":"江別市","大字名":"あけぼの町","丁目名":null,"小字名":null,"地番":"39-19","精度区分":null,"座標系":"任意座標系"}},{"type":"Polygon","arcs":[[1406,1407,1408,-1302,1409,-1321,-1406]],"properties":{"市区町村名":"江別市","大字名":"あけぼの町","丁目名":null,"小字名":null,"地番":"39-21","精度区分":null,"座標系":"任意座標系"}},{"type":"Polygon","arcs":[[-1400,-1113,1410,1411,-1402]],"properties":{"市区町村名":"江別市","大字名":"あけぼの町","丁目名":null,"小字名":null,"地番":"39-28","精度区分":null,"座標系":"任意座標系"}},{"type":"Polygon","arcs":[[1412,1413,1414,-1407,-1405,-1403,-1412]],"properties":{"市区町村名":"江別市","大字名":"あけぼの町","丁目名":null,"小字名":null,"地番":"39-6","精度区分":null,"座標系":"任意座標系"}},{"type":"Polygon","arcs":[[-1110,1415,-1408,-1415,1416]],"properties":{"市区町村名":"江別市","大字名":"あけぼの町","丁目名":null,"小字名":null,"地番":"39-26","精度区分":null,"座標系":"任意座標系"}},{"type":"Polygon","arcs":[[-1112,1417,-1413,-1411]],"properties":{"市区町村名":"江別市","大字名":"あけぼの町","丁目名":null,"小字名":null,"地番":"39-20","精度区分":null,"座標系":"任意座標系"}},{"type":"Polygon","arcs":[[-1111,-1417,-1414,-1418]],"properties":{"市区町村名":"江別市","大字名":"あけぼの町","丁目名":null,"小字名":null,"地番":"39-27","精度区分":null,"座標系":"任意座標系"}},{"type":"Polygon","arcs":[[-1416,-1109,-1303,-1409]],"properties":{"市区町村名":"江別市","大字名":"あけぼの町","丁目名":null,"小字名":null,"地番":"39-7","精度区分":null,"座標系":"任意座標系"}},{"type":"Polygon","arcs":[[-1117,-1399,-1383,-1326]],"properties":{"市区町村名":"江別市","大字名":"あけぼの町","丁目名":null,"小字名":null,"地番":"39-2","精度区分":null,"座標系":"任意座標系"}},{"type":"Polygon","arcs":[[1418,1419,1420,1421,1422,1423,1424,1425,1426,1427,1428,1429,1430,1431,1432,1433,1434,1435,1436,1437,-1299,-1308,-1356,-1319,-1313,-1278,-1305,-1377,-1371,-1369,-1365,-1360,-1328]],"properties":{"市区町村名":"江別市","大字名":"朝日町","丁目名":null,"小字名":null,"地番":"51W1","精度区分":null,"座標系":"任意座標系"}},{"type":"Polygon","arcs":[[1438,1439,1440,-1436]],"properties":{"市区町村名":"江別市","大字名":"朝日町","丁目名":null,"小字名":null,"地番":"24-30","精度区分":null,"座標系":"任意座標系"}},{"type":"Polygon","arcs":[[1441,1442,1443,-1420]],"properties":{"市区町村名":"江別市","大字名":"朝日町","丁目名":null,"小字名":null,"地番":"23-12","精度区分":null,"座標系":"任意座標系"}},{"type":"Polygon","arcs":[[1444,1445,1446,1447,1448]],"properties":{"市区町村名":"江別市","大字名":"朝日町","丁目名":null,"小字名":null,"地番":"23-16","精度区分":null,"座標系":"任意座標系"}},{"type":"Polygon","arcs":[[1449,1450,1451]],"properties":{"市区町村名":"江別市","大字名":"朝日町","丁目名":null,"小字名":null,"地番":"23-26","精度区分":null,"座標系":"任意座標系"}},{"type":"Polygon","arcs":[[1452,1453,-1431,1454]],"properties":{"市区町村名":"江別市","大字名":"朝日町","丁目名":null,"小字名":null,"地番":"23-1","精度区分":null,"座標系":"任意座標系"}},{"type":"Polygon","arcs":[[1455,1456,1457,-1433]],"properties":{"市区町村名":"江別市","大字名":"朝日町","丁目名":null,"小字名":null,"地番":"24-1","精度区分":null,"座標系":"任意座標系"}},{"type":"Polygon","arcs":[[1458,1459,-1434,-1458]],"properties":{"市区町村名":"江別市","大字名":"朝日町","丁目名":null,"小字名":null,"地番":"24-32","精度区分":null,"座標系":"任意座標系"}},{"type":"Polygon","arcs":[[1460,-1439,-1435,-1460]],"properties":{"市区町村名":"江別市","大字名":"朝日町","丁目名":null,"小字名":null,"地番":"24-31","精度区分":null,"座標系":"任意座標系"}},{"type":"Polygon","arcs":[[1461,1462,1463]],"properties":{"市区町村名":"江別市","大字名":"朝日町","丁目名":null,"小字名":null,"地番":"24-5","精度区分":null,"座標系":"任意座標系"}},{"type":"Polygon","arcs":[[-1463,1464,1465]],"properties":{"市区町村名":"江別市","大字名":"朝日町","丁目名":null,"小字名":null,"地番":"24-6","精度区分":null,"座標系":"任意座標系"}},{"type":"Polygon","arcs":[[1466,1467,1468]],"properties":{"市区町村名":"江別市","大字名":"朝日町","丁目名":null,"小字名":null,"地番":"24-9","精度区分":null,"座標系":"任意座標系"}},{"type":"Polygon","arcs":[[1469]],"properties":{"市区町村名":"江別市","大字名":"朝日町","丁目名":null,"小字名":null,"地番":"22","精度区分":null,"座標系":"任意座標系"}},{"type":"Polygon","arcs":[[1470,1471,1472,1473,1474,1475,1476,-1429]],"properties":{"市区町村名":"江別市","大字名":"朝日町","丁目名":null,"小字名":null,"地番":"23-3","精度区分":null,"座標系":"任意座標系"}},{"type":"Polygon","arcs":[[1477,1478,1479,1480,-1474]],"properties":{"市区町村名":"江別市","大字名":"朝日町","丁目名":null,"小字名":null,"地番":"23-23","精度区分":null,"座標系":"任意座標系"}},{"type":"Polygon","arcs":[[-1481,1481,1482,1483,1484,-1475]],"properties":{"市区町村名":"江別市","大字名":"朝日町","丁目名":null,"小字名":null,"地番":"23-30","精度区分":null,"座標系":"任意座標系"}},{"type":"Polygon","arcs":[[1485,-1455,-1430,-1477]],"properties":{"市区町村名":"江別市","大字名":"朝日町","丁目名":null,"小字名":null,"地番":"23-2","精度区分":null,"座標系":"任意座標系"}},{"type":"Polygon","arcs":[[-1486,-1476,-1485,1486,1487]],"properties":{"市区町村名":"江別市","大字名":"朝日町","丁目名":null,"小字名":null,"地番":"23-31","精度区分":null,"座標系":"任意座標系"}},{"type":"Polygon","arcs":[[-1483,1488,1489,1490,1491]],"properties":{"市区町村名":"江別市","大字名":"朝日町","丁目名":null,"小字名":null,"地番":"23-29","精度区分":null,"座標系":"任意座標系"}},{"type":"Polygon","arcs":[[1492,1493,-1450,1494,-1489]],"properties":{"市区町村名":"江別市","大字名":"朝日町","丁目名":null,"小字名":null,"地番":"23-25","精度区分":null,"座標系":"任意座標系"}},{"type":"Polygon","arcs":[[-1480,1495,-1493,-1482]],"properties":{"市区町村名":"江別市","大字名":"朝日町","丁目名":null,"小字名":null,"地番":"23-24","精度区分":null,"座標系":"任意座標系"}},{"type":"Polygon","arcs":[[1496,1497,-1491]],"properties":{"市区町村名":"江別市","大字名":"朝日町","丁目名":null,"小字名":null,"地番":"23-28","精度区分":null,"座標系":"任意座標系"}},{"type":"Polygon","arcs":[[-1490,-1495,-1452,1498,-1497]],"properties":{"市区町村名":"江別市","大字名":"朝日町","丁目名":null,"小字名":null,"地番":"23-27","精度区分":null,"座標系":"任意座標系"}},{"type":"Polygon","arcs":[[-1453,-1488,1499]],"properties":{"市区町村名":"江別市","大字名":"朝日町","丁目名":null,"小字名":null,"地番":"23-32","精度区分":null,"座標系":"任意座標系"}},{"type":"Polygon","arcs":[[1500,1501,1502,-1478,1503]],"properties":{"市区町村名":"江別市","大字名":"朝日町","丁目名":null,"小字名":null,"地番":"23-22","精度区分":null,"座標系":"任意座標系"}},{"type":"Polygon","arcs":[[1504,1505,-1471,-1428]],"properties":{"市区町村名":"江別市","大字名":"朝日町","丁目名":null,"小字名":null,"地番":"23-4","精度区分":null,"座標系":"任意座標系"}},{"type":"Polygon","arcs":[[1506,-1505,-1427]],"properties":{"市区町村名":"江別市","大字名":"朝日町","丁目名":null,"小字名":null,"地番":"23-5","精度区分":null,"座標系":"任意座標系"}},{"type":"Polygon","arcs":[[1507,1508,1509,1510,-1502]],"properties":{"市区町村名":"江別市","大字名":"朝日町","丁目名":null,"小字名":null,"地番":"23-21","精度区分":null,"座標系":"任意座標系"}},{"type":"Polygon","arcs":[[1511,1512,-1472,-1506,-1507,-1426]],"properties":{"市区町村名":"江別市","大字名":"朝日町","丁目名":null,"小字名":null,"地番":"23-6","精度区分":null,"座標系":"任意座標系"}},{"type":"Polygon","arcs":[[1513,-1504,-1473,-1513]],"properties":{"市区町村名":"江別市","大字名":"朝日町","丁目名":null,"小字名":null,"地番":"23-34","精度区分":null,"座標系":"任意座標系"}},{"type":"Polygon","arcs":[[1514,-1424,1515]],"properties":{"市区町村名":"江別市","大字名":"朝日町","丁目名":null,"小字名":null,"地番":"23-8","精度区分":null,"座標系":"任意座標系"}},{"type":"Polygon","arcs":[[1516,1517,-1514,-1512,-1425,-1515]],"properties":{"市区町村名":"江別市","大字名":"朝日町","丁目名":null,"小字名":null,"地番":"23-7","精度区分":null,"座標系":"任意座標系"}},{"type":"Polygon","arcs":[[1518,-1517,-1516,-1423,1519]],"properties":{"市区町村名":"江別市","大字名":"朝日町","丁目名":null,"小字名":null,"地番":"23-9","精度区分":null,"座標系":"任意座標系"}},{"type":"Polygon","arcs":[[-1508,-1501,-1518,1520]],"properties":{"市区町村名":"江別市","大字名":"朝日町","丁目名":null,"小字名":null,"地番":"23-33","精度区分":null,"座標系":"任意座標系"}},{"type":"Polygon","arcs":[[1521,1522,-1509,-1521,-1519,1523]],"properties":{"市区町村名":"江別市","大字名":"朝日町","丁目名":null,"小字名":null,"地番":"23-19","精度区分":null,"座標系":"任意座標系"}},{"type":"Polygon","arcs":[[1524,-1510,-1523]],"properties":{"市区町村名":"江別市","大字名":"朝日町","丁目名":null,"小字名":null,"地番":"23-20","精度区分":null,"座標系":"任意座標系"}},{"type":"Polygon","arcs":[[1525,1526,1527,-1520,-1422,1528]],"properties":{"市区町村名":"江別市","大字名":"朝日町","丁目名":null,"小字名":null,"地番":"23-10","精度区分":null,"座標系":"任意座標系"}},{"type":"Polygon","arcs":[[-1447,1529,1530]],"properties":{"市区町村名":"江別市","大字名":"朝日町","丁目名":null,"小字名":null,"地番":"23-17","精度区分":null,"座標系":"任意座標系"}},{"type":"Polygon","arcs":[[1531,-1448,-1531,1532,-1524,-1528]],"properties":{"市区町村名":"江別市","大字名":"朝日町","丁目名":null,"小字名":null,"地番":"23-18","精度区分":null,"座標系":"任意座標系"}},{"type":"Polygon","arcs":[[1533,-1449,-1532,1534]],"properties":{"市区町村名":"江別市","大字名":"朝日町","丁目名":null,"小字名":null,"地番":"23-15","精度区分":null,"座標系":"任意座標系"}},{"type":"Polygon","arcs":[[1535,1536,-1535,-1527]],"properties":{"市区町村名":"江別市","大字名":"朝日町","丁目名":null,"小字名":null,"地番":"23-14","精度区分":null,"座標系":"任意座標系"}},{"type":"Polygon","arcs":[[-1443,1537,-1536,-1526,1538]],"properties":{"市区町村名":"江別市","大字名":"朝日町","丁目名":null,"小字名":null,"地番":"23-13","精度区分":null,"座標系":"任意座標系"}},{"type":"Polygon","arcs":[[-1444,-1539,-1529,-1421]],"properties":{"市区町村名":"江別市","大字名":"朝日町","丁目名":null,"小字名":null,"地番":"23-11","精度区分":null,"座標系":"任意座標系"}},{"type":"Polygon","arcs":[[1539,1540,1541,1542,1543,-1107,-1147]],"properties":{"市区町村名":"江別市","大字名":"朝日町","丁目名":null,"小字名":null,"地番":"50-1","精度区分":null,"座標系":"任意座標系"}},{"type":"Polygon","arcs":[[1544,1545,1546,1547,1548,1549,1550,1551,1552,1553,1554,-1419,-1265,-1322,-1410,-1301,-1544]],"properties":{"市区町村名":"江別市","大字名":"朝日町","丁目名":null,"小字名":null,"地番":"51W2","精度区分":null,"座標系":"任意座標系"}},{"type":"Polygon","arcs":[[1555,-1546,1556]],"properties":{"市区町村名":"江別市","大字名":"朝日町","丁目名":null,"小字名":null,"地番":"20-8","精度区分":null,"座標系":"任意座標系"}},{"type":"Polygon","arcs":[[-1545,1557,1558,1559,1560,1561,-1557]],"properties":{"市区町村名":"江別市","大字名":"朝日町","丁目名":null,"小字名":null,"地番":"20-9","精度区分":null,"座標系":"任意座標系"}},{"type":"Polygon","arcs":[[-1543,1562,-57,1563,1564,1565,1566,1567,1568,1569,1570,1571,-1558]],"properties":{"市区町村名":"江別市","大字名":"朝日町","丁目名":null,"小字名":null,"地番":"50-2","精度区分":null,"座標系":"任意座標系"}},{"type":"Polygon","arcs":[[1572,-1564,-56,1573,1574]],"properties":{"市区町村名":"江別市","大字名":"朝日町","丁目名":null,"小字名":null,"地番":"20-16","精度区分":null,"座標系":"任意座標系"}},{"type":"Polygon","arcs":[[1575,1576,1577]],"properties":{"市区町村名":"江別市","大字名":"朝日町","丁目名":null,"小字名":null,"地番":"20-19","精度区分":null,"座標系":"任意座標系"}},{"type":"Polygon","arcs":[[1578,1579,1580,1581]],"properties":{"市区町村名":"江別市","大字名":"朝日町","丁目名":null,"小字名":null,"地番":"20-22","精度区分":null,"座標系":"任意座標系"}},{"type":"Polygon","arcs":[[1582,1583,1584]],"properties":{"市区町村名":"江別市","大字名":"朝日町","丁目名":null,"小字名":null,"地番":"20-32","精度区分":null,"座標系":"任意座標系"}},{"type":"Polygon","arcs":[[1585,1586,-1554,1587]],"properties":{"市区町村名":"江別市","大字名":"朝日町","丁目名":null,"小字名":null,"地番":"20-1","精度区分":null,"座標系":"任意座標系"}},{"type":"Polygon","arcs":[[1588,1589,1590]],"properties":{"市区町村名":"江別市","大字名":"朝日町","丁目名":null,"小字名":null,"地番":"21-44","精度区分":null,"座標系":"任意座標系"}},{"type":"Polygon","arcs":[[1591,1592,1593,1594]],"properties":{"市区町村名":"江別市","大字名":"朝日町","丁目名":null,"小字名":null,"地番":"21-19","精度区分":null,"座標系":"任意座標系"}},{"type":"Polygon","arcs":[[1595,1596,1597]],"properties":{"市区町村名":"江別市","大字名":"朝日町","丁目名":null,"小字名":null,"地番":"21-1","精度区分":null,"座標系":"任意座標系"}},{"type":"Polygon","arcs":[[1598,1599,1600]],"properties":{"市区町村名":"江別市","大字名":"朝日町","丁目名":null,"小字名":null,"地番":"21-51","精度区分":null,"座標系":"任意座標系"}},{"type":"Polygon","arcs":[[1601,-1591,1602,1603,-1600]],"properties":{"市区町村名":"江別市","大字名":"朝日町","丁目名":null,"小字名":null,"地番":"21-6","精度区分":null,"座標系":"任意座標系"}},{"type":"Polygon","arcs":[[-1590,1604,1605,1606,-1603]],"properties":{"市区町村名":"江別市","大字名":"朝日町","丁目名":null,"小字名":null,"地番":"21-63","精度区分":null,"座標系":"任意座標系"}},{"type":"Polygon","arcs":[[1607,1608,1609,1610]],"properties":{"市区町村名":"江別市","大字名":"朝日町","丁目名":null,"小字名":null,"地番":"21-64","精度区分":null,"座標系":"任意座標系"}},{"type":"Polygon","arcs":[[1611,1612,1613,1614,-1609]],"properties":{"市区町村名":"江別市","大字名":"朝日町","丁目名":null,"小字名":null,"地番":"21-29","精度区分":null,"座標系":"任意座標系"}},{"type":"Polygon","arcs":[[1615,1616,1617,1618,-1613]],"properties":{"市区町村名":"江別市","大字名":"朝日町","丁目名":null,"小字名":null,"地番":"21-32","精度区分":null,"座標系":"任意座標系"}},{"type":"Polygon","arcs":[[1619,-1616,-1612,-1608,1620]],"properties":{"市区町村名":"江別市","大字名":"朝日町","丁目名":null,"小字名":null,"地番":"21-65","精度区分":null,"座標系":"任意座標系"}},{"type":"Polygon","arcs":[[1621,1622,1623,1624]],"properties":{"市区町村名":"江別市","大字名":"朝日町","丁目名":null,"小字名":null,"地番":"21-3","精度区分":null,"座標系":"任意座標系"}},{"type":"Polygon","arcs":[[1625,1626,-1596,1627,-1624]],"properties":{"市区町村名":"江別市","大字名":"朝日町","丁目名":null,"小字名":null,"地番":"21-2","精度区分":null,"座標系":"任意座標系"}},{"type":"Polygon","arcs":[[-1627,1628,1629,-1597]],"properties":{"市区町村名":"江別市","大字名":"朝日町","丁目名":null,"小字名":null,"地番":"21-23","精度区分":null,"座標系":"任意座標系"}},{"type":"Polygon","arcs":[[-1623,1630,1631,1632,-1629,-1626]],"properties":{"市区町村名":"江別市","大字名":"朝日町","丁目名":null,"小字名":null,"地番":"21-22","精度区分":null,"座標系":"任意座標系"}},{"type":"Polygon","arcs":[[-1632,1633,1634,1635,1636,1637]],"properties":{"市区町村名":"江別市","大字名":"朝日町","丁目名":null,"小字名":null,"地番":"21-21","精度区分":null,"座標系":"任意座標系"}},{"type":"Polygon","arcs":[[-1637,1638,-1595,1639]],"properties":{"市区町村名":"江別市","大字名":"朝日町","丁目名":null,"小字名":null,"地番":"21-20","精度区分":null,"座標系":"任意座標系"}},{"type":"Polygon","arcs":[[-1636,1640,1641,-1592,-1639]],"properties":{"市区町村名":"江別市","大字名":"朝日町","丁目名":null,"小字名":null,"地番":"21-18","精度区分":null,"座標系":"任意座標系"}},{"type":"Polygon","arcs":[[1642,1643,1644,1645,1646,1647]],"properties":{"市区町村名":"江別市","大字名":"朝日町","丁目名":null,"小字名":null,"地番":"21-34","精度区分":null,"座標系":"任意座標系"}},{"type":"Polygon","arcs":[[1648,-1646,1649,1650,1651]],"properties":{"市区町村名":"江別市","大字名":"朝日町","丁目名":null,"小字名":null,"地番":"21-25","精度区分":null,"座標系":"任意座標系"}},{"type":"Polygon","arcs":[[-1644,1652,-1641,-1635,1653]],"properties":{"市区町村名":"江別市","大字名":"朝日町","丁目名":null,"小字名":null,"地番":"21-35","精度区分":null,"座標系":"任意座標系"}},{"type":"Polygon","arcs":[[1654,-1648,1655,1656,-1618]],"properties":{"市区町村名":"江別市","大字名":"朝日町","丁目名":null,"小字名":null,"地番":"21-33","精度区分":null,"座標系":"任意座標系"}},{"type":"Polygon","arcs":[[1657,1658,-1621,1659,1660]],"properties":{"市区町村名":"江別市","大字名":"朝日町","丁目名":null,"小字名":null,"地番":"21-58","精度区分":null,"座標系":"任意座標系"}},{"type":"Polygon","arcs":[[-1660,-1611,1661,1662]],"properties":{"市区町村名":"江別市","大字名":"朝日町","丁目名":null,"小字名":null,"地番":"21-57","精度区分":null,"座標系":"任意座標系"}},{"type":"Polygon","arcs":[[-1614,-1619,-1657,1663,1664,1665]],"properties":{"市区町村名":"江別市","大字名":"朝日町","丁目名":null,"小字名":null,"地番":"21-28","精度区分":null,"座標系":"任意座標系"}},{"type":"Polygon","arcs":[[-1665,1666,1667]],"properties":{"市区町村名":"江別市","大字名":"朝日町","丁目名":null,"小字名":null,"地番":"21-27","精度区分":null,"座標系":"任意座標系"}},{"type":"Polygon","arcs":[[-1667,1668,-1652,1669]],"properties":{"市区町村名":"江別市","大字名":"朝日町","丁目名":null,"小字名":null,"地番":"21-26","精度区分":null,"座標系":"任意座標系"}},{"type":"Polygon","arcs":[[-1664,-1656,-1647,-1649,-1669]],"properties":{"市区町村名":"江別市","大字名":"朝日町","丁目名":null,"小字名":null,"地番":"21-66","精度区分":null,"座標系":"任意座標系"}},{"type":"Polygon","arcs":[[1670,-1650,-1645,-1654,-1634,-1631,-1622]],"properties":{"市区町村名":"江別市","大字名":"朝日町","丁目名":null,"小字名":null,"地番":"21-24","精度区分":null,"座標系":"任意座標系"}},{"type":"Polygon","arcs":[[1671,-1658,1672,1673,1674]],"properties":{"市区町村名":"江別市","大字名":"朝日町","丁目名":null,"小字名":null,"地番":"21-59","精度区分":null,"座標系":"任意座標系"}},{"type":"Polygon","arcs":[[1675,1676,-1675,1677,1678]],"properties":{"市区町村名":"江別市","大字名":"朝日町","丁目名":null,"小字名":null,"地番":"21-60","精度区分":null,"座標系":"任意座標系"}},{"type":"Polygon","arcs":[[1679,-1676,1680,1681,1682]],"properties":{"市区町村名":"江別市","大字名":"朝日町","丁目名":null,"小字名":null,"地番":"21-61","精度区分":null,"座標系":"任意座標系"}},{"type":"Polygon","arcs":[[-1606,1683,-1683,1684,1685]],"properties":{"市区町村名":"江別市","大字名":"朝日町","丁目名":null,"小字名":null,"地番":"21-62","精度区分":null,"座標系":"任意座標系"}},{"type":"Polygon","arcs":[[-1604,-1607,-1686,1686,1687,-1601]],"properties":{"市区町村名":"江別市","大字名":"朝日町","丁目名":null,"小字名":null,"地番":"21-52","精度区分":null,"座標系":"任意座標系"}},{"type":"Polygon","arcs":[[-1685,-1682,1688,1689,-1687]],"properties":{"市区町村名":"江別市","大字名":"朝日町","丁目名":null,"小字名":null,"地番":"21-53","精度区分":null,"座標系":"任意座標系"}},{"type":"Polygon","arcs":[[-1689,-1681,-1679,1690,1691]],"properties":{"市区町村名":"江別市","大字名":"朝日町","丁目名":null,"小字名":null,"地番":"21-54","精度区分":null,"座標系":"任意座標系"}},{"type":"Polygon","arcs":[[-1678,-1674,1692,1693,-1691]],"properties":{"市区町村名":"江別市","大字名":"朝日町","丁目名":null,"小字名":null,"地番":"21-55","精度区分":null,"座標系":"任意座標系"}},{"type":"Polygon","arcs":[[-1693,-1673,-1661,-1663,1694]],"properties":{"市区町村名":"江別市","大字名":"朝日町","丁目名":null,"小字名":null,"地番":"21-56","精度区分":null,"座標系":"任意座標系"}},{"type":"Polygon","arcs":[[1695,1696,1697,-1569]],"properties":{"市区町村名":"江別市","大字名":"朝日町","丁目名":null,"小字名":null,"地番":"20-13","精度区分":null,"座標系":"任意座標系"}},{"type":"Polygon","arcs":[[-1572,1698,1699,-1559]],"properties":{"市区町村名":"江別市","大字名":"朝日町","丁目名":null,"小字名":null,"地番":"20-10","精度区分":null,"座標系":"任意座標系"}},{"type":"Polygon","arcs":[[1700,1701,1702,-1560]],"properties":{"市区町村名":"江別市","大字名":"朝日町","丁目名":null,"小字名":null,"地番":"20-24","精度区分":null,"座標系":"任意座標系"}},{"type":"Polygon","arcs":[[-1700,1703,-1582,1704,-1701]],"properties":{"市区町村名":"江別市","大字名":"朝日町","丁目名":null,"小字名":null,"地番":"20-23","精度区分":null,"座標系":"任意座標系"}},{"type":"Polygon","arcs":[[-1699,-1571,1705,-1704]],"properties":{"市区町村名":"江別市","大字名":"朝日町","丁目名":null,"小字名":null,"地番":"20-11","精度区分":null,"座標系":"任意座標系"}},{"type":"Polygon","arcs":[[1706,1707,1708,-1577,1709,1710]],"properties":{"市区町村名":"江別市","大字名":"朝日町","丁目名":null,"小字名":null,"地番":"20-20","精度区分":null,"座標系":"任意座標系"}},{"type":"Polygon","arcs":[[1711,1712,1713,1714,-1708,1715,-1567]],"properties":{"市区町村名":"江別市","大字名":"朝日町","丁目名":null,"小字名":null,"地番":"20-43","精度区分":null,"座標系":"任意座標系"}},{"type":"Polygon","arcs":[[-1703,1716,1717,1718,1719,-1561]],"properties":{"市区町村名":"江別市","大字名":"朝日町","丁目名":null,"小字名":null,"地番":"20-25","精度区分":null,"座標系":"任意座標系"}},{"type":"Polygon","arcs":[[1720,1721,1722,1723,1724,-1719]],"properties":{"市区町村名":"江別市","大字名":"朝日町","丁目名":null,"小字名":null,"地番":"20-27","精度区分":null,"座標系":"任意座標系"}},{"type":"Polygon","arcs":[[-1723,1725,1726,1727,1728,1729]],"properties":{"市区町村名":"江別市","大字名":"朝日町","丁目名":null,"小字名":null,"地番":"20-28","精度区分":null,"座標系":"任意座標系"}},{"type":"Polygon","arcs":[[-1718,1730,-1721]],"properties":{"市区町村名":"江別市","大字名":"朝日町","丁目名":null,"小字名":null,"地番":"20-26","精度区分":null,"座標系":"任意座標系"}},{"type":"Polygon","arcs":[[1731,1732,-1727]],"properties":{"市区町村名":"江別市","大字名":"朝日町","丁目名":null,"小字名":null,"地番":"20-29","精度区分":null,"座標系":"任意座標系"}},{"type":"Polygon","arcs":[[1733,-1728,1734,1735,-1583,1736,1737,1738]],"properties":{"市区町村名":"江別市","大字名":"朝日町","丁目名":null,"小字名":null,"地番":"20-31","精度区分":null,"座標系":"任意座標系"}},{"type":"Polygon","arcs":[[-1733,1739,-1735]],"properties":{"市区町村名":"江別市","大字名":"朝日町","丁目名":null,"小字名":null,"地番":"20-30","精度区分":null,"座標系":"任意座標系"}},{"type":"Polygon","arcs":[[1740,-1737,-1585,1741]],"properties":{"市区町村名":"江別市","大字名":"朝日町","丁目名":null,"小字名":null,"地番":"20-33","精度区分":null,"座標系":"任意座標系"}},{"type":"Polygon","arcs":[[-1738,-1741,1742,1743,1744]],"properties":{"市区町村名":"江別市","大字名":"朝日町","丁目名":null,"小字名":null,"地番":"20-34","精度区分":null,"座標系":"任意座標系"}},{"type":"Polygon","arcs":[[-1553,1745,1746,-1739,-1745,1747,-1588]],"properties":{"市区町村名":"江別市","大字名":"朝日町","丁目名":null,"小字名":null,"地番":"20-2","精度区分":null,"座標系":"任意座標系"}},{"type":"Polygon","arcs":[[-1748,-1744,1748,-1586]],"properties":{"市区町村名":"江別市","大字名":"朝日町","丁目名":null,"小字名":null,"地番":"20-35","精度区分":null,"座標系":"任意座標系"}},{"type":"Polygon","arcs":[[-1550,1749,-1729,-1734,-1747,1750]],"properties":{"市区町村名":"江別市","大字名":"朝日町","丁目名":null,"小字名":null,"地番":"20-5","精度区分":null,"座標系":"任意座標系"}},{"type":"Polygon","arcs":[[1751,-1746,-1552]],"properties":{"市区町村名":"江別市","大字名":"朝日町","丁目名":null,"小字名":null,"地番":"20-3","精度区分":null,"座標系":"任意座標系"}},{"type":"Polygon","arcs":[[-1752,-1551,-1751]],"properties":{"市区町村名":"江別市","大字名":"朝日町","丁目名":null,"小字名":null,"地番":"20-4","精度区分":null,"座標系":"任意座標系"}},{"type":"Polygon","arcs":[[-1549,1752,1753,-1724,-1730,-1750]],"properties":{"市区町村名":"江別市","大字名":"朝日町","丁目名":null,"小字名":null,"地番":"20-6","精度区分":null,"座標系":"任意座標系"}},{"type":"Polygon","arcs":[[-1547,-1556,-1562,-1720,-1725,-1754,1754]],"properties":{"市区町村名":"江別市","大字名":"朝日町","丁目名":null,"小字名":null,"地番":"20-41","精度区分":null,"座標系":"任意座標系"}},{"type":"Polygon","arcs":[[-1753,-1548,-1755]],"properties":{"市区町村名":"江別市","大字名":"朝日町","丁目名":null,"小字名":null,"地番":"20-7","精度区分":null,"座標系":"任意座標系"}},{"type":"Polygon","arcs":[[-1570,-1698,-1579,-1706]],"properties":{"市区町村名":"江別市","大字名":"朝日町","丁目名":null,"小字名":null,"地番":"20-12","精度区分":null,"座標系":"任意座標系"}},{"type":"Polygon","arcs":[[-1696,-1568,-1716,-1707]],"properties":{"市区町村名":"江別市","大字名":"朝日町","丁目名":null,"小字名":null,"地番":"20-14","精度区分":null,"座標系":"任意座標系"}},{"type":"Polygon","arcs":[[-1697,-1711,1755,-1580]],"properties":{"市区町村名":"江別市","大字名":"朝日町","丁目名":null,"小字名":null,"地番":"20-21","精度区分":null,"座標系":"任意座標系"}},{"type":"Polygon","arcs":[[-1566,1756,-1712]],"properties":{"市区町村名":"江別市","大字名":"朝日町","丁目名":null,"小字名":null,"地番":"20-37","精度区分":null,"座標系":"任意座標系"}},{"type":"Polygon","arcs":[[1757,1758,1759,-1713]],"properties":{"市区町村名":"江別市","大字名":"朝日町","丁目名":null,"小字名":null,"地番":"20-42","精度区分":null,"座標系":"任意座標系"}},{"type":"Polygon","arcs":[[-1714,-1760,1760]],"properties":{"市区町村名":"江別市","大字名":"朝日町","丁目名":null,"小字名":null,"地番":"20-36","精度区分":null,"座標系":"任意座標系"}},{"type":"Polygon","arcs":[[1761,1762,-1578,-1709,-1715,-1761]],"properties":{"市区町村名":"江別市","大字名":"朝日町","丁目名":null,"小字名":null,"地番":"20-18","精度区分":null,"座標系":"任意座標系"}},{"type":"Polygon","arcs":[[1763,1764,1765,1766,1767,1768,1769,1770,1771,1772,1773,1774,1775,1776,1777,1778,1779,1780,1781,1782,1783,1784,1785,1786,1787,1788,1789,1790,1791,1792,1793]],"properties":{"市区町村名":"江別市","大字名":"朝日町","丁目名":null,"小字名":null,"地番":"45W3","精度区分":null,"座標系":"任意座標系"}},{"type":"Polygon","arcs":[[1794,1795,-1779,-58,-1563,-1542,1796]],"properties":{"市区町村名":"江別市","大字名":"朝日町","丁目名":null,"小字名":null,"地番":"50-5W2","精度区分":null,"座標系":"任意座標系"}},{"type":"Polygon","arcs":[[1797,1798,-1780,-1796,1799]],"properties":{"市区町村名":"江別市","大字名":"朝日町","丁目名":null,"小字名":null,"地番":"11-17","精度区分":null,"座標系":"任意座標系"}},{"type":"Polygon","arcs":[[1800,1801,1802,1803,1804,1805,1806,1807,-1797,-1541]],"properties":{"市区町村名":"江別市","大字名":"朝日町","丁目名":null,"小字名":null,"地番":"50-3","精度区分":null,"座標系":"任意座標系"}},{"type":"Polygon","arcs":[[1808,1809,1810]],"properties":{"市区町村名":"江別市","大字名":"朝日町","丁目名":null,"小字名":null,"地番":"19-13","精度区分":null,"座標系":"任意座標系"}},{"type":"Polygon","arcs":[[-1809,1811,1812,1813,1814,-1540,-1176,-1191,-1103,-1074,-1122,-1166,-1163,1815]],"properties":{"市区町村名":"江別市","大字名":"朝日町","丁目名":null,"小字名":null,"地番":"49","精度区分":null,"座標系":"任意座標系"}},{"type":"Polygon","arcs":[[1816,1817,1818,1819,1820,1821,1822,1823,1824,1825,1826,1827,1828,1829,-1043,-1057,-1050,-1034]],"properties":{"市区町村名":"江別市","大字名":"朝日町","丁目名":null,"小字名":null,"地番":"47W1","精度区分":null,"座標系":"任意座標系"}},{"type":"Polygon","arcs":[[1830,1831,1832,1833]],"properties":{"市区町村名":"江別市","大字名":"朝日町","丁目名":null,"小字名":null,"地番":"11-1","精度区分":null,"座標系":"任意座標系"}},{"type":"Polygon","arcs":[[1834,1835,1836,1837]],"properties":{"市区町村名":"江別市","大字名":"朝日町","丁目名":null,"小字名":null,"地番":"18-14","精度区分":null,"座標系":"任意座標系"}},{"type":"Polygon","arcs":[[1838,-1782,1839]],"properties":{"市区町村名":"江別市","大字名":"朝日町","丁目名":null,"小字名":null,"地番":"11-15","精度区分":null,"座標系":"任意座標系"}},{"type":"Polygon","arcs":[[1840,-1787,1841,1842,1843]],"properties":{"市区町村名":"江別市","大字名":"朝日町","丁目名":null,"小字名":null,"地番":"11-29","精度区分":null,"座標系":"任意座標系"}},{"type":"Polygon","arcs":[[1844,-1792,1845]],"properties":{"市区町村名":"江別市","大字名":"朝日町","丁目名":null,"小字名":null,"地番":"11-8","精度区分":null,"座標系":"任意座標系"}},{"type":"Polygon","arcs":[[-1845,1846,1847,1848,-1793]],"properties":{"市区町村名":"江別市","大字名":"朝日町","丁目名":null,"小字名":null,"地番":"11-24","精度区分":null,"座標系":"任意座標系"}},{"type":"Polygon","arcs":[[-1820,1849,1850,1851]],"properties":{"市区町村名":"江別市","大字名":"朝日町","丁目名":null,"小字名":null,"地番":"18-10","精度区分":null,"座標系":"任意座標系"}},{"type":"Polygon","arcs":[[-1852,1852,-1821]],"properties":{"市区町村名":"江別市","大字名":"朝日町","丁目名":null,"小字名":null,"地番":"18-9","精度区分":null,"座標系":"任意座標系"}},{"type":"Polygon","arcs":[[1853,1854,1855,-1829]],"properties":{"市区町村名":"江別市","大字名":"朝日町","丁目名":null,"小字名":null,"地番":"18-1","精度区分":null,"座標系":"任意座標系"}},{"type":"Polygon","arcs":[[1856,1857,-1807,1858]],"properties":{"市区町村名":"江別市","大字名":"朝日町","丁目名":null,"小字名":null,"地番":"19-5","精度区分":null,"座標系":"任意座標系"}},{"type":"Polygon","arcs":[[1859,-1803,1860,1861]],"properties":{"市区町村名":"江別市","大字名":"朝日町","丁目名":null,"小字名":null,"地番":"19-8","精度区分":null,"座標系":"任意座標系"}},{"type":"Polygon","arcs":[[1862,-1801,-1815,1863]],"properties":{"市区町村名":"江別市","大字名":"朝日町","丁目名":null,"小字名":null,"地番":"19-12","精度区分":null,"座標系":"任意座標系"}},{"type":"Polygon","arcs":[[1864,1865,-1798,1866,1867,1868]],"properties":{"市区町村名":"江別市","大字名":"朝日町","丁目名":null,"小字名":null,"地番":"11-18","精度区分":null,"座標系":"任意座標系"}},{"type":"Polygon","arcs":[[-1866,1869,-1783,-1839,1870]],"properties":{"市区町村名":"江別市","大字名":"朝日町","丁目名":null,"小字名":null,"地番":"11-14","精度区分":null,"座標系":"任意座標系"}},{"type":"Polygon","arcs":[[-1799,-1871,-1840,-1781]],"properties":{"市区町村名":"江別市","大字名":"朝日町","丁目名":null,"小字名":null,"地番":"11-16","精度区分":null,"座標系":"任意座標系"}},{"type":"Polygon","arcs":[[1871,1872,-1785,1873]],"properties":{"市区町村名":"江別市","大字名":"朝日町","丁目名":null,"小字名":null,"地番":"11-12","精度区分":null,"座標系":"任意座標系"}},{"type":"Polygon","arcs":[[-1872,-1869,1874,-1831,1875,1876]],"properties":{"市区町村名":"江別市","大字名":"朝日町","丁目名":null,"小字名":null,"地番":"11-2","精度区分":null,"座標系":"任意座標系"}},{"type":"Polygon","arcs":[[-1788,-1841,1877,1878,1879,1880]],"properties":{"市区町村名":"江別市","大字名":"朝日町","丁目名":null,"小字名":null,"地番":"11-28","精度区分":null,"座標系":"任意座標系"}},{"type":"Polygon","arcs":[[1881,-1879,1882,1883]],"properties":{"市区町村名":"江別市","大字名":"朝日町","丁目名":null,"小字名":null,"地番":"11-20","精度区分":null,"座標系":"任意座標系"}},{"type":"Polygon","arcs":[[-1813,1884,1885,1886,1887,-1862,1888,1889]],"properties":{"市区町村名":"江別市","大字名":"朝日町","丁目名":null,"小字名":null,"地番":"19-10","精度区分":null,"座標系":"任意座標系"}},{"type":"Polygon","arcs":[[1890,1891,1892,-1886]],"properties":{"市区町村名":"江別市","大字名":"朝日町","丁目名":null,"小字名":null,"地番":"19-2","精度区分":null,"座標系":"任意座標系"}},{"type":"Polygon","arcs":[[-1893,1893,1894,1895,1896,-1887]],"properties":{"市区町村名":"江別市","大字名":"朝日町","丁目名":null,"小字名":null,"地番":"19-3","精度区分":null,"座標系":"任意座標系"}},{"type":"Polygon","arcs":[[-1861,-1802,-1863,1897,-1889]],"properties":{"市区町村名":"江別市","大字名":"朝日町","丁目名":null,"小字名":null,"地番":"19-11","精度区分":null,"座標系":"任意座標系"}},{"type":"Polygon","arcs":[[-1898,-1864,-1814,-1890]],"properties":{"市区町村名":"江別市","大字名":"朝日町","丁目名":null,"小字名":null,"地番":"19-9","精度区分":null,"座標系":"任意座標系"}},{"type":"Polygon","arcs":[[-1897,1898,-1804,-1860,-1888]],"properties":{"市区町村名":"江別市","大字名":"朝日町","丁目名":null,"小字名":null,"地番":"19-14","精度区分":null,"座標系":"任意座標系"}},{"type":"Polygon","arcs":[[1899,-1859,-1806,1900]],"properties":{"市区町村名":"江別市","大字名":"朝日町","丁目名":null,"小字名":null,"地番":"19-6","精度区分":null,"座標系":"任意座標系"}},{"type":"Polygon","arcs":[[1901,-1857,-1900,-1895]],"properties":{"市区町村名":"江別市","大字名":"朝日町","丁目名":null,"小字名":null,"地番":"19-4","精度区分":null,"座標系":"任意座標系"}},{"type":"Polygon","arcs":[[-1899,-1896,-1901,-1805]],"properties":{"市区町村名":"江別市","大字名":"朝日町","丁目名":null,"小字名":null,"地番":"19-7","精度区分":null,"座標系":"任意座標系"}},{"type":"Polygon","arcs":[[1902,-1891,-1885,-1812,-1811]],"properties":{"市区町村名":"江別市","大字名":"朝日町","丁目名":null,"小字名":null,"地番":"19-1","精度区分":null,"座標系":"任意座標系"}},{"type":"Polygon","arcs":[[-1784,-1870,-1865,-1874]],"properties":{"市区町村名":"江別市","大字名":"朝日町","丁目名":null,"小字名":null,"地番":"11-13","精度区分":null,"座標系":"任意座標系"}},{"type":"Polygon","arcs":[[-1875,-1868,1903,-1832]],"properties":{"市区町村名":"江別市","大字名":"朝日町","丁目名":null,"小字名":null,"地番":"11-19","精度区分":null,"座標系":"任意座標系"}},{"type":"Polygon","arcs":[[-1786,-1873,1904,-1842]],"properties":{"市区町村名":"江別市","大字名":"朝日町","丁目名":null,"小字名":null,"地番":"11-30","精度区分":null,"座標系":"任意座標系"}},{"type":"Polygon","arcs":[[-1843,-1905,-1877,1905,1906]],"properties":{"市区町村名":"江別市","大字名":"朝日町","丁目名":null,"小字名":null,"地番":"11-3","精度区分":null,"座標系":"任意座標系"}},{"type":"Polygon","arcs":[[-1878,-1844,-1907,1907,-1883]],"properties":{"市区町村名":"江別市","大字名":"朝日町","丁目名":null,"小字名":null,"地番":"11-4","精度区分":null,"座標系":"任意座標系"}},{"type":"Polygon","arcs":[[1908,-1789,-1881,1909,1910]],"properties":{"市区町村名":"江別市","大字名":"朝日町","丁目名":null,"小字名":null,"地番":"11-27","精度区分":null,"座標系":"任意座標系"}},{"type":"Polygon","arcs":[[-1910,-1880,-1882,1911,1912]],"properties":{"市区町村名":"江別市","大字名":"朝日町","丁目名":null,"小字名":null,"地番":"11-21","精度区分":null,"座標系":"任意座標系"}},{"type":"Polygon","arcs":[[1913,1914,-1911,-1913,1915]],"properties":{"市区町村名":"江別市","大字名":"朝日町","丁目名":null,"小字名":null,"地番":"11-22","精度区分":null,"座標系":"任意座標系"}},{"type":"Polygon","arcs":[[1916,1917,-1914,1918,-1848]],"properties":{"市区町村名":"江別市","大字名":"朝日町","丁目名":null,"小字名":null,"地番":"11-23","精度区分":null,"座標系":"任意座標系"}},{"type":"Polygon","arcs":[[-1790,-1909,-1915,-1918,1919]],"properties":{"市区町村名":"江別市","大字名":"朝日町","丁目名":null,"小字名":null,"地番":"11-26","精度区分":null,"座標系":"任意座標系"}},{"type":"Polygon","arcs":[[-1846,-1791,-1920,-1917,-1847]],"properties":{"市区町村名":"江別市","大字名":"朝日町","丁目名":null,"小字名":null,"地番":"11-25","精度区分":null,"座標系":"任意座標系"}},{"type":"Polygon","arcs":[[1920,1921,1922,-1827,1923]],"properties":{"市区町村名":"江別市","大字名":"朝日町","丁目名":null,"小字名":null,"地番":"18-3","精度区分":null,"座標系":"任意座標系"}},{"type":"Polygon","arcs":[[1924,-1854,-1828,-1923]],"properties":{"市区町村名":"江別市","大字名":"朝日町","丁目名":null,"小字名":null,"地番":"18-2","精度区分":null,"座標系":"任意座標系"}},{"type":"Polygon","arcs":[[1925,1926,1927,-1855]],"properties":{"市区町村名":"江別市","大字名":"朝日町","丁目名":null,"小字名":null,"地番":"18-18","精度区分":null,"座標系":"任意座標系"}},{"type":"Polygon","arcs":[[1928,1929,-1924,-1826]],"properties":{"市区町村名":"江別市","大字名":"朝日町","丁目名":null,"小字名":null,"地番":"18-4","精度区分":null,"座標系":"任意座標系"}},{"type":"Polygon","arcs":[[-1837,1930,1931,1932,-1930]],"properties":{"市区町村名":"江別市","大字名":"朝日町","丁目名":null,"小字名":null,"地番":"18-15","精度区分":null,"座標系":"任意座標系"}},{"type":"Polygon","arcs":[[1933,1934,1935,-1824]],"properties":{"市区町村名":"江別市","大字名":"朝日町","丁目名":null,"小字名":null,"地番":"18-6","精度区分":null,"座標系":"任意座標系"}},{"type":"Polygon","arcs":[[-1838,-1929,-1825,-1936]],"properties":{"市区町村名":"江別市","大字名":"朝日町","丁目名":null,"小字名":null,"地番":"18-5","精度区分":null,"座標系":"任意座標系"}},{"type":"Polygon","arcs":[[1936,1937,-1835,-1935]],"properties":{"市区町村名":"江別市","大字名":"朝日町","丁目名":null,"小字名":null,"地番":"18-13","精度区分":null,"座標系":"任意座標系"}},{"type":"Polygon","arcs":[[1938,1939,-1937,1940]],"properties":{"市区町村名":"江別市","大字名":"朝日町","丁目名":null,"小字名":null,"地番":"18-12","精度区分":null,"座標系":"任意座標系"}},{"type":"Polygon","arcs":[[-1853,1941,1942,-1822]],"properties":{"市区町村名":"江別市","大字名":"朝日町","丁目名":null,"小字名":null,"地番":"18-8","精度区分":null,"座標系":"任意座標系"}},{"type":"Polygon","arcs":[[-1941,-1934,-1823,-1943]],"properties":{"市区町村名":"江別市","大字名":"朝日町","丁目名":null,"小字名":null,"地番":"18-7","精度区分":null,"座標系":"任意座標系"}},{"type":"Polygon","arcs":[[-1851,1943,-1939,-1942]],"properties":{"市区町村名":"江別市","大字名":"朝日町","丁目名":null,"小字名":null,"地番":"18-11","精度区分":null,"座標系":"任意座標系"}},{"type":"Polygon","arcs":[[-1933,1944,1945,-1921]],"properties":{"市区町村名":"江別市","大字名":"朝日町","丁目名":null,"小字名":null,"地番":"18-16","精度区分":null,"座標系":"任意座標系"}},{"type":"Polygon","arcs":[[-1932,1946,1947,1948,-1945]],"properties":{"市区町村名":"江別市","大字名":"朝日町","丁目名":null,"小字名":null,"地番":"18-21","精度区分":null,"座標系":"任意座標系"}},{"type":"Polygon","arcs":[[1949,1950,1951,1952,1953,1954,-1817,-1003,-1006,-999,-993]],"properties":{"市区町村名":"江別市","大字名":"朝日町","丁目名":null,"小字名":null,"地番":"47W2","精度区分":null,"座標系":"任意座標系"}},{"type":"Polygon","arcs":[[1955,1956,1957,1958]],"properties":{"市区町村名":"江別市","大字名":"朝日町","丁目名":null,"小字名":null,"地番":"15-1","精度区分":null,"座標系":"任意座標系"}},{"type":"Polygon","arcs":[[1959,1960,1961,1962]],"properties":{"市区町村名":"江別市","大字名":"朝日町","丁目名":null,"小字名":null,"地番":"15-7","精度区分":null,"座標系":"任意座標系"}},{"type":"Polygon","arcs":[[1963,1964,1965]],"properties":{"市区町村名":"江別市","大字名":"朝日町","丁目名":null,"小字名":null,"地番":"15-11","精度区分":null,"座標系":"任意座標系"}},{"type":"Polygon","arcs":[[1966,1967,1968,1969]],"properties":{"市区町村名":"江別市","大字名":"朝日町","丁目名":null,"小字名":null,"地番":"15-9","精度区分":null,"座標系":"任意座標系"}},{"type":"Polygon","arcs":[[1970,-1964,1971,-1968]],"properties":{"市区町村名":"江別市","大字名":"朝日町","丁目名":null,"小字名":null,"地番":"15-10","精度区分":null,"座標系":"任意座標系"}},{"type":"Polygon","arcs":[[1972,1973,-1956,1974,1975]],"properties":{"市区町村名":"江別市","大字名":"朝日町","丁目名":null,"小字名":null,"地番":"15-2","精度区分":null,"座標系":"任意座標系"}},{"type":"Polygon","arcs":[[-1974,1976,1977,-1957]],"properties":{"市区町村名":"江別市","大字名":"朝日町","丁目名":null,"小字名":null,"地番":"15-14","精度区分":null,"座標系":"任意座標系"}},{"type":"Polygon","arcs":[[1978,-1970,1979,-1973,-1962]],"properties":{"市区町村名":"江別市","大字名":"朝日町","丁目名":null,"小字名":null,"地番":"15-8","精度区分":null,"座標系":"任意座標系"}},{"type":"Polygon","arcs":[[1980,-1963,-1976,1981]],"properties":{"市区町村名":"江別市","大字名":"朝日町","丁目名":null,"小字名":null,"地番":"15-3","精度区分":null,"座標系":"任意座標系"}},{"type":"Polygon","arcs":[[-1980,1982,1983,-1977]],"properties":{"市区町村名":"江別市","大字名":"朝日町","丁目名":null,"小字名":null,"地番":"15-13","精度区分":null,"座標系":"任意座標系"}},{"type":"Polygon","arcs":[[-1969,-1972,-1966,1984,-1983]],"properties":{"市区町村名":"江別市","大字名":"朝日町","丁目名":null,"小字名":null,"地番":"15-12","精度区分":null,"座標系":"任意座標系"}},{"type":"Polygon","arcs":[[1985,1986,1987,1988]],"properties":{"市区町村名":"江別市","大字名":"朝日町","丁目名":null,"小字名":null,"地番":"14-2","精度区分":null,"座標系":"任意座標系"}},{"type":"Polygon","arcs":[[1989,1990,1991,1992,1993]],"properties":{"市区町村名":"江別市","大字名":"朝日町","丁目名":null,"小字名":null,"地番":"14-6","精度区分":null,"座標系":"任意座標系"}},{"type":"Polygon","arcs":[[1994,1995,-1991]],"properties":{"市区町村名":"江別市","大字名":"朝日町","丁目名":null,"小字名":null,"地番":"14-7","精度区分":null,"座標系":"任意座標系"}},{"type":"Polygon","arcs":[[1996,-1765,1997,1998]],"properties":{"市区町村名":"江別市","大字名":"朝日町","丁目名":null,"小字名":null,"地番":"14-12","精度区分":null,"座標系":"任意座標系"}},{"type":"Polygon","arcs":[[-1998,-1764,1999,-1988]],"properties":{"市区町村名":"江別市","大字名":"朝日町","丁目名":null,"小字名":null,"地番":"14-1","精度区分":null,"座標系":"任意座標系"}},{"type":"Polygon","arcs":[[-1996,2000,2001,2002,-1992]],"properties":{"市区町村名":"江別市","大字名":"朝日町","丁目名":null,"小字名":null,"地番":"14-8","精度区分":null,"座標系":"任意座標系"}},{"type":"Polygon","arcs":[[-2003,2003,2004,-1993]],"properties":{"市区町村名":"江別市","大字名":"朝日町","丁目名":null,"小字名":null,"地番":"14-5","精度区分":null,"座標系":"任意座標系"}},{"type":"Polygon","arcs":[[-2004,2005,2006,2007]],"properties":{"市区町村名":"江別市","大字名":"朝日町","丁目名":null,"小字名":null,"地番":"14-4","精度区分":null,"座標系":"任意座標系"}},{"type":"Polygon","arcs":[[-2002,2008,2009,-2006]],"properties":{"市区町村名":"江別市","大字名":"朝日町","丁目名":null,"小字名":null,"地番":"14-9","精度区分":null,"座標系":"任意座標系"}},{"type":"Polygon","arcs":[[2010,2011,2012,-2010]],"properties":{"市区町村名":"江別市","大字名":"朝日町","丁目名":null,"小字名":null,"地番":"14-10","精度区分":null,"座標系":"任意座標系"}},{"type":"Polygon","arcs":[[-2013,-1986,2013,-2007]],"properties":{"市区町村名":"江別市","大字名":"朝日町","丁目名":null,"小字名":null,"地番":"14-3","精度区分":null,"座標系":"任意座標系"}},{"type":"Polygon","arcs":[[-2012,2014,-1999,-1987]],"properties":{"市区町村名":"江別市","大字名":"朝日町","丁目名":null,"小字名":null,"地番":"14-11","精度区分":null,"座標系":"任意座標系"}},{"type":"Polygon","arcs":[[2015,2016,-1954]],"properties":{"市区町村名":"江別市","大字名":"朝日町","丁目名":null,"小字名":null,"地番":"17-2","精度区分":null,"座標系":"任意座標系"}},{"type":"Polygon","arcs":[[2017,-1952]],"properties":{"市区町村名":"江別市","大字名":"朝日町","丁目名":null,"小字名":null,"地番":"16","精度区分":null,"座標系":"任意座標系"}},{"type":"Polygon","arcs":[[-2017,2018,-1818,-1955]],"properties":{"市区町村名":"江別市","大字名":"朝日町","丁目名":null,"小字名":null,"地番":"17-1","精度区分":null,"座標系":"任意座標系"}},{"type":"Polygon","arcs":[[2019,2020,2021,2022,2023,2024,2025,2026,2027,2028,2029,2030,2031,2032,2033,2034,2035,2036,2037,2038,2039,2040,2041,2042,2043,-1770,2044,-1768,2045,2046,2047,2048,2049,2050,2051,2052,2053,2054,2055,2056,2057,2058,2059]],"properties":{"市区町村名":"江別市","大字名":"朝日町","丁目名":null,"小字名":null,"地番":"45W5","精度区分":null,"座標系":"任意座標系"}},{"type":"Polygon","arcs":[[2060,2061,-2021,2062]],"properties":{"市区町村名":"江別市","大字名":"朝日町","丁目名":null,"小字名":null,"地番":"9-2","精度区分":null,"座標系":"任意座標系"}},{"type":"Polygon","arcs":[[2063,2064,-2025,2065]],"properties":{"市区町村名":"江別市","大字名":"朝日町","丁目名":null,"小字名":null,"地番":"9-6","精度区分":null,"座標系":"任意座標系"}},{"type":"Polygon","arcs":[[-2065,2066,2067,-2026]],"properties":{"市区町村名":"江別市","大字名":"朝日町","丁目名":null,"小字名":null,"地番":"9-7","精度区分":null,"座標系":"任意座標系"}},{"type":"Polygon","arcs":[[2068,2069,-2027,-2068]],"properties":{"市区町村名":"江別市","大字名":"朝日町","丁目名":null,"小字名":null,"地番":"9-8","精度区分":null,"座標系":"任意座標系"}},{"type":"Polygon","arcs":[[-2070,2070,2071,-2028]],"properties":{"市区町村名":"江別市","大字名":"朝日町","丁目名":null,"小字名":null,"地番":"9-9","精度区分":null,"座標系":"任意座標系"}},{"type":"Polygon","arcs":[[2072,2073,2074,2075,2076]],"properties":{"市区町村名":"江別市","大字名":"朝日町","丁目名":null,"小字名":null,"地番":"9-14","精度区分":null,"座標系":"任意座標系"}},{"type":"Polygon","arcs":[[-2077,2077,2078]],"properties":{"市区町村名":"江別市","大字名":"朝日町","丁目名":null,"小字名":null,"地番":"9-15","精度区分":null,"座標系":"任意座標系"}},{"type":"Polygon","arcs":[[2079,2080,-2074,2081,-2032]],"properties":{"市区町村名":"江別市","大字名":"朝日町","丁目名":null,"小字名":null,"地番":"9-13","精度区分":null,"座標系":"任意座標系"}},{"type":"Polygon","arcs":[[2082,2083,-2063,-2020]],"properties":{"市区町村名":"江別市","大字名":"朝日町","丁目名":null,"小字名":null,"地番":"9-1","精度区分":null,"座標系":"任意座標系"}},{"type":"Polygon","arcs":[[-2062,2084,2085,-2022]],"properties":{"市区町村名":"江別市","大字名":"朝日町","丁目名":null,"小字名":null,"地番":"9-3","精度区分":null,"座標系":"任意座標系"}},{"type":"Polygon","arcs":[[2086,2087,-2023,-2086]],"properties":{"市区町村名":"江別市","大字名":"朝日町","丁目名":null,"小字名":null,"地番":"9-4","精度区分":null,"座標系":"任意座標系"}},{"type":"Polygon","arcs":[[-2088,2088,-2066,-2024]],"properties":{"市区町村名":"江別市","大字名":"朝日町","丁目名":null,"小字名":null,"地番":"9-5","精度区分":null,"座標系":"任意座標系"}},{"type":"Polygon","arcs":[[-2072,2089,2090,-2029]],"properties":{"市区町村名":"江別市","大字名":"朝日町","丁目名":null,"小字名":null,"地番":"9-10","精度区分":null,"座標系":"任意座標系"}},{"type":"Polygon","arcs":[[2091,2092,-2030,-2091]],"properties":{"市区町村名":"江別市","大字名":"朝日町","丁目名":null,"小字名":null,"地番":"9-11","精度区分":null,"座標系":"任意座標系"}},{"type":"Polygon","arcs":[[-2093,2093,-2080,-2031]],"properties":{"市区町村名":"江別市","大字名":"朝日町","丁目名":null,"小字名":null,"地番":"9-12","精度区分":null,"座標系":"任意座標系"}},{"type":"Polygon","arcs":[[-2076,2094,2095,-2078]],"properties":{"市区町村名":"江別市","大字名":"朝日町","丁目名":null,"小字名":null,"地番":"9-17","精度区分":null,"座標系":"任意座標系"}},{"type":"Polygon","arcs":[[-2045,-1769]],"properties":{"市区町村名":"江別市","大字名":"朝日町","丁目名":null,"小字名":null,"地番":"12","精度区分":null,"座標系":"任意座標系"}},{"type":"Polygon","arcs":[[2096,-2059,2097,2098,2099]],"properties":{"市区町村名":"江別市","大字名":"朝日町","丁目名":null,"小字名":null,"地番":"13-18","精度区分":null,"座標系":"任意座標系"}},{"type":"Polygon","arcs":[[2100,-2052,2101]],"properties":{"市区町村名":"江別市","大字名":"朝日町","丁目名":null,"小字名":null,"地番":"13-9","精度区分":null,"座標系":"任意座標系"}},{"type":"Polygon","arcs":[[2102,-2050,2103]],"properties":{"市区町村名":"江別市","大字名":"朝日町","丁目名":null,"小字名":null,"地番":"13-10","精度区分":null,"座標系":"任意座標系"}},{"type":"Polygon","arcs":[[-2049,2104,2105,2106,-2104]],"properties":{"市区町村名":"江別市","大字名":"朝日町","丁目名":null,"小字名":null,"地番":"13-21","精度区分":null,"座標系":"任意座標系"}},{"type":"Polygon","arcs":[[2107,-2046,-1767,2108,2109]],"properties":{"市区町村名":"江別市","大字名":"朝日町","丁目名":null,"小字名":null,"地番":"13-1","精度区分":null,"座標系":"任意座標系"}},{"type":"Polygon","arcs":[[2110,-2100,2111]],"properties":{"市区町村名":"江別市","大字名":"朝日町","丁目名":null,"小字名":null,"地番":"13-4","精度区分":null,"座標系":"任意座標系"}},{"type":"Polygon","arcs":[[-2112,-2099,2112,2113,2114,2115]],"properties":{"市区町村名":"江別市","大字名":"朝日町","丁目名":null,"小字名":null,"地番":"13-3","精度区分":null,"座標系":"任意座標系"}},{"type":"Polygon","arcs":[[2116,-2057,2117,2118,-2114]],"properties":{"市区町村名":"江別市","大字名":"朝日町","丁目名":null,"小字名":null,"地番":"13-13","精度区分":null,"座標系":"任意座標系"}},{"type":"Polygon","arcs":[[-2115,-2119,2119,2120,2121]],"properties":{"市区町村名":"江別市","大字名":"朝日町","丁目名":null,"小字名":null,"地番":"13-2","精度区分":null,"座標系":"任意座標系"}},{"type":"Polygon","arcs":[[-2118,-2056,2122,-2120]],"properties":{"市区町村名":"江別市","大字名":"朝日町","丁目名":null,"小字名":null,"地番":"13-14","精度区分":null,"座標系":"任意座標系"}},{"type":"Polygon","arcs":[[2123,2124,2125,2126,2127,-2047,-2108]],"properties":{"市区町村名":"江別市","大字名":"朝日町","丁目名":null,"小字名":null,"地番":"13-19","精度区分":null,"座標系":"任意座標系"}},{"type":"Polygon","arcs":[[2128,-2054,2129,2130,-2127]],"properties":{"市区町村名":"江別市","大字名":"朝日町","丁目名":null,"小字名":null,"地番":"13-16","精度区分":null,"座標系":"任意座標系"}},{"type":"Polygon","arcs":[[2131,-2102,-2051,-2103,-2107]],"properties":{"市区町村名":"江別市","大字名":"朝日町","丁目名":null,"小字名":null,"地番":"13-20","精度区分":null,"座標系":"任意座標系"}},{"type":"Polygon","arcs":[[-2131,2132,-2105,-2048,-2128]],"properties":{"市区町村名":"江別市","大字名":"朝日町","丁目名":null,"小字名":null,"地番":"13-11","精度区分":null,"座標系":"任意座標系"}},{"type":"Polygon","arcs":[[-2053,-2101,-2132,-2106,-2133,-2130]],"properties":{"市区町村名":"江別市","大字名":"朝日町","丁目名":null,"小字名":null,"地番":"13-17","精度区分":null,"座標系":"任意座標系"}},{"type":"Polygon","arcs":[[2133,-2124,-2110,2134]],"properties":{"市区町村名":"江別市","大字名":"朝日町","丁目名":null,"小字名":null,"地番":"13-12","精度区分":null,"座標系":"任意座標系"}},{"type":"Polygon","arcs":[[2135,-2125,-2134,2136,-2121]],"properties":{"市区町村名":"江別市","大字名":"朝日町","丁目名":null,"小字名":null,"地番":"13-22","精度区分":null,"座標系":"任意座標系"}},{"type":"Polygon","arcs":[[-2055,-2129,-2126,-2136,-2123]],"properties":{"市区町村名":"江別市","大字名":"朝日町","丁目名":null,"小字名":null,"地番":"13-15","精度区分":null,"座標系":"任意座標系"}},{"type":"Polygon","arcs":[[-2098,-2058,-2117,-2113]],"properties":{"市区町村名":"江別市","大字名":"朝日町","丁目名":null,"小字名":null,"地番":"13-8","精度区分":null,"座標系":"任意座標系"}},{"type":"Polygon","arcs":[[-2037,2137,2138]],"properties":{"市区町村名":"江別市","大字名":"朝日町","丁目名":null,"小字名":null,"地番":"10-8","精度区分":null,"座標系":"任意座標系"}},{"type":"Polygon","arcs":[[2139,-2034,2140,2141]],"properties":{"市区町村名":"江別市","大字名":"朝日町","丁目名":null,"小字名":null,"地番":"10-9","精度区分":null,"座標系":"任意座標系"}},{"type":"Polygon","arcs":[[2142,2143,-1775,2144]],"properties":{"市区町村名":"江別市","大字名":"朝日町","丁目名":null,"小字名":null,"地番":"10-17","精度区分":null,"座標系":"任意座標系"}},{"type":"Polygon","arcs":[[-2044,2145,2146,-1771]],"properties":{"市区町村名":"江別市","大字名":"朝日町","丁目名":null,"小字名":null,"地番":"10-1","精度区分":null,"座標系":"任意座標系"}},{"type":"Polygon","arcs":[[2147,2148,2149,2150,-2142,2151]],"properties":{"市区町村名":"江別市","大字名":"朝日町","丁目名":null,"小字名":null,"地番":"10-11","精度区分":null,"座標系":"任意座標系"}},{"type":"Polygon","arcs":[[-2035,-2140,-2151,2152]],"properties":{"市区町村名":"江別市","大字名":"朝日町","丁目名":null,"小字名":null,"地番":"10-20","精度区分":null,"座標系":"任意座標系"}},{"type":"Polygon","arcs":[[-2036,-2153,-2150,2153,-2138]],"properties":{"市区町村名":"江別市","大字名":"朝日町","丁目名":null,"小字名":null,"地番":"10-21","精度区分":null,"座標系":"任意座標系"}},{"type":"Polygon","arcs":[[2154,2155,2156,-1772,-2147]],"properties":{"市区町村名":"江別市","大字名":"朝日町","丁目名":null,"小字名":null,"地番":"10-19","精度区分":null,"座標系":"任意座標系"}},{"type":"Polygon","arcs":[[2157,2158,2159,-1773,-2157]],"properties":{"市区町村名":"江別市","大字名":"朝日町","丁目名":null,"小字名":null,"地番":"10-18","精度区分":null,"座標系":"任意座標系"}},{"type":"Polygon","arcs":[[-2145,-1774,-2160]],"properties":{"市区町村名":"江別市","大字名":"朝日町","丁目名":null,"小字名":null,"地番":"10-22","精度区分":null,"座標系":"任意座標系"}},{"type":"Polygon","arcs":[[-2042,2160,2161,-2156,2162]],"properties":{"市区町村名":"江別市","大字名":"朝日町","丁目名":null,"小字名":null,"地番":"10-3","精度区分":null,"座標系":"任意座標系"}},{"type":"Polygon","arcs":[[2163,2164,-2143,-2159]],"properties":{"市区町村名":"江別市","大字名":"朝日町","丁目名":null,"小字名":null,"地番":"10-16","精度区分":null,"座標系":"任意座標系"}},{"type":"Polygon","arcs":[[-2162,2165,2166,-2164,-2158]],"properties":{"市区町村名":"江別市","大字名":"朝日町","丁目名":null,"小字名":null,"地番":"10-15","精度区分":null,"座標系":"任意座標系"}},{"type":"Polygon","arcs":[[-2146,-2043,-2163,-2155]],"properties":{"市区町村名":"江別市","大字名":"朝日町","丁目名":null,"小字名":null,"地番":"10-2","精度区分":null,"座標系":"任意座標系"}},{"type":"Polygon","arcs":[[-2041,2167,2168,-2161]],"properties":{"市区町村名":"江別市","大字名":"朝日町","丁目名":null,"小字名":null,"地番":"10-4","精度区分":null,"座標系":"任意座標系"}},{"type":"Polygon","arcs":[[-2169,2169,2170,-2166]],"properties":{"市区町村名":"江別市","大字名":"朝日町","丁目名":null,"小字名":null,"地番":"10-14","精度区分":null,"座標系":"任意座標系"}},{"type":"Polygon","arcs":[[-2170,2171,2172,2173]],"properties":{"市区町村名":"江別市","大字名":"朝日町","丁目名":null,"小字名":null,"地番":"10-13","精度区分":null,"座標系":"任意座標系"}},{"type":"Polygon","arcs":[[-2168,-2040,2174,-2172]],"properties":{"市区町村名":"江別市","大字名":"朝日町","丁目名":null,"小字名":null,"地番":"10-5","精度区分":null,"座標系":"任意座標系"}},{"type":"Polygon","arcs":[[-2039,2175,2176,-2175]],"properties":{"市区町村名":"江別市","大字名":"朝日町","丁目名":null,"小字名":null,"地番":"10-6","精度区分":null,"座標系":"任意座標系"}},{"type":"Polygon","arcs":[[-2177,-2148,2177,-2173]],"properties":{"市区町村名":"江別市","大字名":"朝日町","丁目名":null,"小字名":null,"地番":"10-12","精度区分":null,"座標系":"任意座標系"}},{"type":"Polygon","arcs":[[-2176,-2038,-2139,-2154,-2149]],"properties":{"市区町村名":"江別市","大字名":"朝日町","丁目名":null,"小字名":null,"地番":"10-7","精度区分":null,"座標系":"任意座標系"}},{"type":"Polygon","arcs":[[-2165,-2167,-2171,-2174,-2178,-2152,-2141,-2033,-2082,-2073,-2079,-2096,2178,2179,2180,2181,2182,2183,2184,2185,2186,2187,2188,2189,2190,2191,2192,2193,2194,2195,2196,2197,2198,2199,2200,2201,2202,2203,2204,2205,2206,2207,2208,2209,2210,2211,2212,-1776,-2144]],"properties":{"市区町村名":"江別市","大字名":"朝日町","丁目名":null,"小字名":null,"地番":"45W6","精度区分":null,"座標系":"任意座標系"}},{"type":"Polygon","arcs":[[-1778,2213,-51]],"properties":{"市区町村名":"江別市","大字名":"朝日町","丁目名":null,"小字名":null,"地番":"50-4","精度区分":null,"座標系":"任意座標系"}},{"type":"Polygon","arcs":[[2214,2215,2216,2217,2218]],"properties":{"市区町村名":"江別市","大字名":"朝日町","丁目名":null,"小字名":null,"地番":"8-82","精度区分":null,"座標系":"任意座標系"}},{"type":"Polygon","arcs":[[2219,2220,2221,2222]],"properties":{"市区町村名":"江別市","大字名":"朝日町","丁目名":null,"小字名":null,"地番":"8-6","精度区分":null,"座標系":"任意座標系"}},{"type":"Polygon","arcs":[[2223,2224,-52,-2214,-1777]],"properties":{"市区町村名":"江別市","大字名":"朝日町","丁目名":null,"小字名":null,"地番":"8-1","精度区分":null,"座標系":"任意座標系"}},{"type":"Polygon","arcs":[[2225,2226,2227,2228,-2220]],"properties":{"市区町村名":"江別市","大字名":"朝日町","丁目名":null,"小字名":null,"地番":"8-11","精度区分":null,"座標系":"任意座標系"}},{"type":"Polygon","arcs":[[-2228,2229,2230,2231,2232,2233]],"properties":{"市区町村名":"江別市","大字名":"朝日町","丁目名":null,"小字名":null,"地番":"8-10","精度区分":null,"座標系":"任意座標系"}},{"type":"Polygon","arcs":[[2234,2235,2236,2237,2238]],"properties":{"市区町村名":"江別市","大字名":"朝日町","丁目名":null,"小字名":null,"地番":"8-3","精度区分":null,"座標系":"任意座標系"}},{"type":"Polygon","arcs":[[2239,-2186,2240,-2238]],"properties":{"市区町村名":"江別市","大字名":"朝日町","丁目名":null,"小字名":null,"地番":"8-4","精度区分":null,"座標系":"任意座標系"}},{"type":"Polygon","arcs":[[2241,2242,2243,2244,-2215,2245,2246]],"properties":{"市区町村名":"江別市","大字名":"朝日町","丁目名":null,"小字名":null,"地番":"8-14","精度区分":null,"座標系":"任意座標系"}},{"type":"Polygon","arcs":[[2247,-2212,2248,2249,2250,-2247]],"properties":{"市区町村名":"江別市","大字名":"朝日町","丁目名":null,"小字名":null,"地番":"8-12","精度区分":null,"座標系":"任意座標系"}},{"type":"Polygon","arcs":[[2251,-2219,2252,2253]],"properties":{"市区町村名":"江別市","大字名":"朝日町","丁目名":null,"小字名":null,"地番":"8-81","精度区分":null,"座標系":"任意座標系"}},{"type":"Polygon","arcs":[[-2224,-2213,-2248,-2246,-2252,2254]],"properties":{"市区町村名":"江別市","大字名":"朝日町","丁目名":null,"小字名":null,"地番":"8-7","精度区分":null,"座標系":"任意座標系"}},{"type":"Polygon","arcs":[[-2254,2255,-53,-2225,-2255]],"properties":{"市区町村名":"江別市","大字名":"朝日町","丁目名":null,"小字名":null,"地番":"8-8","精度区分":null,"座標系":"任意座標系"}},{"type":"Polygon","arcs":[[2256,-2208,2257,2258]],"properties":{"市区町村名":"江別市","大字名":"朝日町","丁目名":null,"小字名":null,"地番":"8-75","精度区分":null,"座標系":"任意座標系"}},{"type":"Polygon","arcs":[[-2258,-2207,2259,2260,2261]],"properties":{"市区町村名":"江別市","大字名":"朝日町","丁目名":null,"小字名":null,"地番":"8-72","精度区分":null,"座標系":"任意座標系"}},{"type":"Polygon","arcs":[[2262,-2203,2263]],"properties":{"市区町村名":"江別市","大字名":"朝日町","丁目名":null,"小字名":null,"地番":"8-68","精度区分":null,"座標系":"任意座標系"}},{"type":"Polygon","arcs":[[-2199,2264,2265,2266,2267,2268]],"properties":{"市区町村名":"江別市","大字名":"朝日町","丁目名":null,"小字名":null,"地番":"8-60","精度区分":null,"座標系":"任意座標系"}},{"type":"Polygon","arcs":[[2269,-2194]],"properties":{"市区町村名":"江別市","大字名":"朝日町","丁目名":null,"小字名":null,"地番":"8-77","精度区分":null,"座標系":"任意座標系"}},{"type":"Polygon","arcs":[[-2249,-2211,2270,2271]],"properties":{"市区町村名":"江別市","大字名":"朝日町","丁目名":null,"小字名":null,"地番":"8-31","精度区分":null,"座標系":"任意座標系"}},{"type":"Polygon","arcs":[[2272,2273,2274,-2243]],"properties":{"市区町村名":"江別市","大字名":"朝日町","丁目名":null,"小字名":null,"地番":"8-28","精度区分":null,"座標系":"任意座標系"}},{"type":"Polygon","arcs":[[2275,2276,2277,-2273,-2242,-2251]],"properties":{"市区町村名":"江別市","大字名":"朝日町","丁目名":null,"小字名":null,"地番":"8-29","精度区分":null,"座標系":"任意座標系"}},{"type":"Polygon","arcs":[[-2210,2278,2279,2280,2281,2282,2283,-2264,-2202,2284,2285,2286,2287,2288,2289,2290,2291,2292,2293,2294,-2191,2295,2296,2297,2298,2299,2300,2301,2302,2303,2304,2305,-2188,2306,2307,2308,2309,2310,2311,2312,2313,2314,2315,2316,2317,-2274,-2278,2318,2319,2320,2321,2322,2323,2324,2325,2326,2327,-2319,-2277,2328,-2271]],"properties":{"市区町村名":"江別市","大字名":"朝日町","丁目名":null,"小字名":null,"地番":"8-9","精度区分":null,"座標系":"任意座標系"}},{"type":"Polygon","arcs":[[-2329,-2276,-2250,-2272]],"properties":{"市区町村名":"江別市","大字名":"朝日町","丁目名":null,"小字名":null,"地番":"8-30","精度区分":null,"座標系":"任意座標系"}},{"type":"Polygon","arcs":[[-2275,-2318,2329,-2244]],"properties":{"市区町村名":"江別市","大字名":"朝日町","丁目名":null,"小字名":null,"地番":"8-27","精度区分":null,"座標系":"任意座標系"}},{"type":"Polygon","arcs":[[-2245,-2330,-2317,2330,2331,2332,2333,-2216]],"properties":{"市区町村名":"江別市","大字名":"朝日町","丁目名":null,"小字名":null,"地番":"8-26","精度区分":null,"座標系":"任意座標系"}},{"type":"Polygon","arcs":[[-2313,2334,2335,2336]],"properties":{"市区町村名":"江別市","大字名":"朝日町","丁目名":null,"小字名":null,"地番":"8-22","精度区分":null,"座標系":"任意座標系"}},{"type":"Polygon","arcs":[[-2335,2337,2338,2339]],"properties":{"市区町村名":"江別市","大字名":"朝日町","丁目名":null,"小字名":null,"地番":"8-2","精度区分":null,"座標系":"任意座標系"}},{"type":"Polygon","arcs":[[-2312,2340,2341,-2338]],"properties":{"市区町村名":"江別市","大字名":"朝日町","丁目名":null,"小字名":null,"地番":"8-78","精度区分":null,"座標系":"任意座標系"}},{"type":"Polygon","arcs":[[2342,-2307,-2187,-2240,-2237]],"properties":{"市区町村名":"江別市","大字名":"朝日町","丁目名":null,"小字名":null,"地番":"8-17","精度区分":null,"座標系":"任意座標系"}},{"type":"Polygon","arcs":[[2343,-2230,-2227,2344,-2310]],"properties":{"市区町村名":"江別市","大字名":"朝日町","丁目名":null,"小字名":null,"地番":"8-20","精度区分":null,"座標系":"任意座標系"}},{"type":"Polygon","arcs":[[-2345,-2226,-2223,2345,-2311]],"properties":{"市区町村名":"江別市","大字名":"朝日町","丁目名":null,"小字名":null,"地番":"8-21","精度区分":null,"座標系":"任意座標系"}},{"type":"Polygon","arcs":[[-2346,-2222,2346,-2341]],"properties":{"市区町村名":"江別市","大字名":"朝日町","丁目名":null,"小字名":null,"地番":"8-79","精度区分":null,"座標系":"任意座標系"}},{"type":"Polygon","arcs":[[2347,2348,-2336,-2340,2349]],"properties":{"市区町村名":"江別市","大字名":"朝日町","丁目名":null,"小字名":null,"地番":"8-83","精度区分":null,"座標系":"任意座標系"}},{"type":"Polygon","arcs":[[2350,-2348,2351,2352]],"properties":{"市区町村名":"江別市","大字名":"朝日町","丁目名":null,"小字名":null,"地番":"8-84","精度区分":null,"座標系":"任意座標系"}},{"type":"Polygon","arcs":[[2353,2354,2355,-2353,2356]],"properties":{"市区町村名":"江別市","大字名":"朝日町","丁目名":null,"小字名":null,"地番":"8-85","精度区分":null,"座標系":"任意座標系"}},{"type":"Polygon","arcs":[[2357,2358,-2354,2359,2360]],"properties":{"市区町村名":"江別市","大字名":"朝日町","丁目名":null,"小字名":null,"地番":"8-86","精度区分":null,"座標系":"任意座標系"}},{"type":"Polygon","arcs":[[2361,2362,-2361,2363]],"properties":{"市区町村名":"江別市","大字名":"朝日町","丁目名":null,"小字名":null,"地番":"8-87","精度区分":null,"座標系":"任意座標系"}},{"type":"Polygon","arcs":[[-2332,2364,-2362,2365,2366]],"properties":{"市区町村名":"江別市","大字名":"朝日町","丁目名":null,"小字名":null,"地番":"8-88","精度区分":null,"座標系":"任意座標系"}},{"type":"Polygon","arcs":[[2367,-2333,-2367,2368]],"properties":{"市区町村名":"江別市","大字名":"朝日町","丁目名":null,"小字名":null,"地番":"8-89","精度区分":null,"座標系":"任意座標系"}},{"type":"Polygon","arcs":[[-2334,-2368,2369,-2217]],"properties":{"市区町村名":"江別市","大字名":"朝日町","丁目名":null,"小字名":null,"地番":"8-90","精度区分":null,"座標系":"任意座標系"}},{"type":"Polygon","arcs":[[-2316,2370,-2358,-2363,-2365,-2331]],"properties":{"市区町村名":"江別市","大字名":"朝日町","丁目名":null,"小字名":null,"地番":"8-25","精度区分":null,"座標系":"任意座標系"}},{"type":"Polygon","arcs":[[-2371,-2315,2371,-2355,-2359]],"properties":{"市区町村名":"江別市","大字名":"朝日町","丁目名":null,"小字名":null,"地番":"8-24","精度区分":null,"座標系":"任意座標系"}},{"type":"Polygon","arcs":[[-2314,-2337,-2349,-2351,-2356,-2372]],"properties":{"市区町村名":"江別市","大字名":"朝日町","丁目名":null,"小字名":null,"地番":"8-23","精度区分":null,"座標系":"任意座標系"}},{"type":"Polygon","arcs":[[2372,2373,-2235,2374,-2232]],"properties":{"市区町村名":"江別市","大字名":"朝日町","丁目名":null,"小字名":null,"地番":"8-5","精度区分":null,"座標系":"任意座標系"}},{"type":"Polygon","arcs":[[-2308,-2343,-2236,-2374,2375]],"properties":{"市区町村名":"江別市","大字名":"朝日町","丁目名":null,"小字名":null,"地番":"8-18","精度区分":null,"座標系":"任意座標系"}},{"type":"Polygon","arcs":[[-2344,-2309,-2376,-2373,-2231]],"properties":{"市区町村名":"江別市","大字名":"朝日町","丁目名":null,"小字名":null,"地番":"8-19","精度区分":null,"座標系":"任意座標系"}},{"type":"Polygon","arcs":[[2376,-2189,-2306,2377]],"properties":{"市区町村名":"江別市","大字名":"朝日町","丁目名":null,"小字名":null,"地番":"8-49","精度区分":null,"座標系":"任意座標系"}},{"type":"Polygon","arcs":[[2378,-2301,2379]],"properties":{"市区町村名":"江別市","大字名":"朝日町","丁目名":null,"小字名":null,"地番":"8-41","精度区分":null,"座標系":"任意座標系"}},{"type":"Polygon","arcs":[[-2300,2380,2381,-2380]],"properties":{"市区町村名":"江別市","大字名":"朝日町","丁目名":null,"小字名":null,"地番":"8-40","精度区分":null,"座標系":"任意座標系"}},{"type":"Polygon","arcs":[[-2296,-2190,-2377,2382,2383]],"properties":{"市区町村名":"江別市","大字名":"朝日町","丁目名":null,"小字名":null,"地番":"8-50","精度区分":null,"座標系":"任意座標系"}},{"type":"Polygon","arcs":[[-2382,2384,2385,-2302,-2379]],"properties":{"市区町村名":"江別市","大字名":"朝日町","丁目名":null,"小字名":null,"地番":"8-42","精度区分":null,"座標系":"任意座標系"}},{"type":"Polygon","arcs":[[-2386,2386,2387,2388,-2303]],"properties":{"市区町村名":"江別市","大字名":"朝日町","丁目名":null,"小字名":null,"地番":"8-45","精度区分":null,"座標系":"任意座標系"}},{"type":"Polygon","arcs":[[2389,2390,2391,-2304,-2389]],"properties":{"市区町村名":"江別市","大字名":"朝日町","丁目名":null,"小字名":null,"地番":"8-46","精度区分":null,"座標系":"任意座標系"}},{"type":"Polygon","arcs":[[-2392,2392,-2383,-2378,-2305]],"properties":{"市区町村名":"江別市","大字名":"朝日町","丁目名":null,"小字名":null,"地番":"8-48","精度区分":null,"座標系":"任意座標系"}},{"type":"Polygon","arcs":[[-2297,-2384,-2393,-2391,2393]],"properties":{"市区町村名":"江別市","大字名":"朝日町","丁目名":null,"小字名":null,"地番":"8-47","精度区分":null,"座標系":"任意座標系"}},{"type":"Polygon","arcs":[[2394,-2298,-2394,-2390,-2388]],"properties":{"市区町村名":"江別市","大字名":"朝日町","丁目名":null,"小字名":null,"地番":"8-44","精度区分":null,"座標系":"任意座標系"}},{"type":"Polygon","arcs":[[-2299,-2395,-2387,-2385,-2381]],"properties":{"市区町村名":"江別市","大字名":"朝日町","丁目名":null,"小字名":null,"地番":"8-43","精度区分":null,"座標系":"任意座標系"}},{"type":"Polygon","arcs":[[2395,2396,-2324]],"properties":{"市区町村名":"江別市","大字名":"朝日町","丁目名":null,"小字名":null,"地番":"8-38","精度区分":null,"座標系":"任意座標系"}},{"type":"Polygon","arcs":[[2397,2398,-2321,2399]],"properties":{"市区町村名":"江別市","大字名":"朝日町","丁目名":null,"小字名":null,"地番":"8-33","精度区分":null,"座標系":"任意座標系"}},{"type":"Polygon","arcs":[[-2320,-2328,2400,-2400]],"properties":{"市区町村名":"江別市","大字名":"朝日町","丁目名":null,"小字名":null,"地番":"8-32","精度区分":null,"座標系":"任意座標系"}},{"type":"Polygon","arcs":[[-2325,-2397,2401,2402]],"properties":{"市区町村名":"江別市","大字名":"朝日町","丁目名":null,"小字名":null,"地番":"8-39","精度区分":null,"座標系":"任意座標系"}},{"type":"Polygon","arcs":[[-2399,2403,2404,2405,-2322]],"properties":{"市区町村名":"江別市","大字名":"朝日町","丁目名":null,"小字名":null,"地番":"8-34","精度区分":null,"座標系":"任意座標系"}},{"type":"Polygon","arcs":[[-2401,-2327,2406,-2404,-2398]],"properties":{"市区町村名":"江別市","大字名":"朝日町","丁目名":null,"小字名":null,"地番":"8-35","精度区分":null,"座標系":"任意座標系"}},{"type":"Polygon","arcs":[[-2326,-2403,2407,-2405,-2407]],"properties":{"市区町村名":"江別市","大字名":"朝日町","丁目名":null,"小字名":null,"地番":"8-36","精度区分":null,"座標系":"任意座標系"}},{"type":"Polygon","arcs":[[-2408,-2402,-2396,-2323,-2406]],"properties":{"市区町村名":"江別市","大字名":"朝日町","丁目名":null,"小字名":null,"地番":"8-37","精度区分":null,"座標系":"任意座標系"}},{"type":"Polygon","arcs":[[2408,-2192,-2295,2409]],"properties":{"市区町村名":"江別市","大字名":"朝日町","丁目名":null,"小字名":null,"地番":"8-51","精度区分":null,"座標系":"任意座標系"}},{"type":"Polygon","arcs":[[2410,2411,-2287]],"properties":{"市区町村名":"江別市","大字名":"朝日町","丁目名":null,"小字名":null,"地番":"8-67","精度区分":null,"座標系":"任意座標系"}},{"type":"Polygon","arcs":[[-2285,-2201,2412,2413]],"properties":{"市区町村名":"江別市","大字名":"朝日町","丁目名":null,"小字名":null,"地番":"8-62","精度区分":null,"座標系":"任意座標系"}},{"type":"Polygon","arcs":[[2414,-2268,2415,-2290,2416]],"properties":{"市区町村名":"江別市","大字名":"朝日町","丁目名":null,"小字名":null,"地番":"8-64","精度区分":null,"座標系":"任意座標系"}},{"type":"Polygon","arcs":[[-2267,2417,-2291,-2416]],"properties":{"市区町村名":"江別市","大字名":"朝日町","丁目名":null,"小字名":null,"地番":"8-59","精度区分":null,"座標系":"任意座標系"}},{"type":"Polygon","arcs":[[-2411,-2286,-2414,2418,2419,2420]],"properties":{"市区町村名":"江別市","大字名":"朝日町","丁目名":null,"小字名":null,"地番":"8-63","精度区分":null,"座標系":"任意座標系"}},{"type":"Polygon","arcs":[[2421,-2288,-2412,-2421]],"properties":{"市区町村名":"江別市","大字名":"朝日町","丁目名":null,"小字名":null,"地番":"8-66","精度区分":null,"座標系":"任意座標系"}},{"type":"Polygon","arcs":[[-2422,-2420,2422,-2417,-2289]],"properties":{"市区町村名":"江別市","大字名":"朝日町","丁目名":null,"小字名":null,"地番":"8-65","精度区分":null,"座標系":"任意座標系"}},{"type":"Polygon","arcs":[[-2419,-2413,-2200,-2269,-2415,-2423]],"properties":{"市区町村名":"江別市","大字名":"朝日町","丁目名":null,"小字名":null,"地番":"8-61","精度区分":null,"座標系":"任意座標系"}},{"type":"Polygon","arcs":[[-2265,-2198,2423,2424,2425]],"properties":{"市区町村名":"江別市","大字名":"朝日町","丁目名":null,"小字名":null,"地番":"8-57","精度区分":null,"座標系":"任意座標系"}},{"type":"Polygon","arcs":[[-2424,-2197,2426,2427,2428]],"properties":{"市区町村名":"江別市","大字名":"朝日町","丁目名":null,"小字名":null,"地番":"8-56","精度区分":null,"座標系":"任意座標系"}},{"type":"Polygon","arcs":[[2429,-2292,-2418,-2266,-2426]],"properties":{"市区町村名":"江別市","大字名":"朝日町","丁目名":null,"小字名":null,"地番":"8-58","精度区分":null,"座標系":"任意座標系"}},{"type":"Polygon","arcs":[[-2427,-2196,2430,2431]],"properties":{"市区町村名":"江別市","大字名":"朝日町","丁目名":null,"小字名":null,"地番":"8-53","精度区分":null,"座標系":"任意座標系"}},{"type":"Polygon","arcs":[[2432,-2293,-2430,-2425,-2429]],"properties":{"市区町村名":"江別市","大字名":"朝日町","丁目名":null,"小字名":null,"地番":"8-55","精度区分":null,"座標系":"任意座標系"}},{"type":"Polygon","arcs":[[-2431,-2195,-2270,-2193,-2409]],"properties":{"市区町村名":"江別市","大字名":"朝日町","丁目名":null,"小字名":null,"地番":"8-52","精度区分":null,"座標系":"任意座標系"}},{"type":"Polygon","arcs":[[-2432,-2410,-2294,-2433,-2428]],"properties":{"市区町村名":"江別市","大字名":"朝日町","丁目名":null,"小字名":null,"地番":"8-54","精度区分":null,"座標系":"任意座標系"}},{"type":"Polygon","arcs":[[-2209,-2257,2433,-2279]],"properties":{"市区町村名":"江別市","大字名":"朝日町","丁目名":null,"小字名":null,"地番":"8-76","精度区分":null,"座標系":"任意座標系"}},{"type":"Polygon","arcs":[[2434,-2261,2435,-2281]],"properties":{"市区町村名":"江別市","大字名":"朝日町","丁目名":null,"小字名":null,"地番":"8-73","精度区分":null,"座標系":"任意座標系"}},{"type":"Polygon","arcs":[[-2204,-2263,-2284,2436]],"properties":{"市区町村名":"江別市","大字名":"朝日町","丁目名":null,"小字名":null,"地番":"8-69","精度区分":null,"座標系":"任意座標系"}},{"type":"Polygon","arcs":[[2437,-2205,-2437,-2283]],"properties":{"市区町村名":"江別市","大字名":"朝日町","丁目名":null,"小字名":null,"地番":"8-70","精度区分":null,"座標系":"任意座標系"}},{"type":"Polygon","arcs":[[-2260,-2206,-2438,-2282,-2436]],"properties":{"市区町村名":"江別市","大字名":"朝日町","丁目名":null,"小字名":null,"地番":"8-71","精度区分":null,"座標系":"任意座標系"}},{"type":"Polygon","arcs":[[-2262,-2435,-2280,-2434,-2259]],"properties":{"市区町村名":"江別市","大字名":"朝日町","丁目名":null,"小字名":null,"地番":"8-74","精度区分":null,"座標系":"任意座標系"}},{"type":"Polygon","arcs":[[2438,2439,2440,2441,2442,2443,2444,2445,2446,2447,2448,2449,2450,2451]],"properties":{"市区町村名":"江別市","大字名":"朝日町","丁目名":null,"小字名":null,"地番":"55W2","精度区分":null,"座標系":"任意座標系"}},{"type":"Polygon","arcs":[[2452,2453,2454,2455,2456,2457,2458,2459,2460,2461,2462,2463,2464,2465,2466,2467,2468,2469,2470,2471,2472,2473,2474,2475,2476,2477,2478,2479,2480,2481,2482,2483,2484,2485,2486,2487,2488,2489,2490,2491,2492,2493,2494,2495,2496,-2442,2497,2498,2499]],"properties":{"市区町村名":"江別市","大字名":"朝日町","丁目名":null,"小字名":null,"地番":"54W1","精度区分":null,"座標系":"任意座標系"}},{"type":"Polygon","arcs":[[2500,2501,-2443,-2497]],"properties":{"市区町村名":"江別市","大字名":"朝日町","丁目名":null,"小字名":null,"地番":"38-13","精度区分":null,"座標系":"任意座標系"}},{"type":"Polygon","arcs":[[2502,-2498,-2441,2503]],"properties":{"市区町村名":"江別市","大字名":"朝日町","丁目名":null,"小字名":null,"地番":"25-2","精度区分":null,"座標系":"任意座標系"}},{"type":"Polygon","arcs":[[2504,2505,-2504,-2440,2506]],"properties":{"市区町村名":"江別市","大字名":"朝日町","丁目名":null,"小字名":null,"地番":"25-1","精度区分":null,"座標系":"任意座標系"}},{"type":"Polygon","arcs":[[-2462,2507,2508,2509,2510]],"properties":{"市区町村名":"江別市","大字名":"朝日町","丁目名":null,"小字名":null,"地番":"36-5","精度区分":null,"座標系":"任意座標系"}},{"type":"Polygon","arcs":[[-2509,2511,-2472,2512]],"properties":{"市区町村名":"江別市","大字名":"朝日町","丁目名":null,"小字名":null,"地番":"36-6","精度区分":null,"座標系":"任意座標系"}},{"type":"Polygon","arcs":[[2513,-2468,2514]],"properties":{"市区町村名":"江別市","大字名":"朝日町","丁目名":null,"小字名":null,"地番":"36-10","精度区分":null,"座標系":"任意座標系"}},{"type":"Polygon","arcs":[[-2466,2515,2516]],"properties":{"市区町村名":"江別市","大字名":"朝日町","丁目名":null,"小字名":null,"地番":"36-1","精度区分":null,"座標系":"任意座標系"}},{"type":"Polygon","arcs":[[2517,2518,2519,-2469,-2514,2520]],"properties":{"市区町村名":"江別市","大字名":"朝日町","丁目名":null,"小字名":null,"地番":"36-9","精度区分":null,"座標系":"任意座標系"}},{"type":"Polygon","arcs":[[-2517,2521,-2521,-2515,-2467]],"properties":{"市区町村名":"江別市","大字名":"朝日町","丁目名":null,"小字名":null,"地番":"36-11","精度区分":null,"座標系":"任意座標系"}},{"type":"Polygon","arcs":[[2522,-2464,2523,2524,-2519]],"properties":{"市区町村名":"江別市","大字名":"朝日町","丁目名":null,"小字名":null,"地番":"36-3","精度区分":null,"座標系":"任意座標系"}},{"type":"Polygon","arcs":[[-2465,-2523,-2518,-2522,-2516]],"properties":{"市区町村名":"江別市","大字名":"朝日町","丁目名":null,"小字名":null,"地番":"36-2","精度区分":null,"座標系":"任意座標系"}},{"type":"Polygon","arcs":[[-2463,-2511,2525,2526,-2524]],"properties":{"市区町村名":"江別市","大字名":"朝日町","丁目名":null,"小字名":null,"地番":"36-4","精度区分":null,"座標系":"任意座標系"}},{"type":"Polygon","arcs":[[2527,-2526,-2510,-2513,-2471]],"properties":{"市区町村名":"江別市","大字名":"朝日町","丁目名":null,"小字名":null,"地番":"36-7","精度区分":null,"座標系":"任意座標系"}},{"type":"Polygon","arcs":[[-2525,-2527,-2528,-2470,-2520]],"properties":{"市区町村名":"江別市","大字名":"朝日町","丁目名":null,"小字名":null,"地番":"36-8","精度区分":null,"座標系":"任意座標系"}},{"type":"Polygon","arcs":[[-2474,2528,2529,2530]],"properties":{"市区町村名":"江別市","大字名":"朝日町","丁目名":null,"小字名":null,"地番":"37-5","精度区分":null,"座標系":"任意座標系"}},{"type":"Polygon","arcs":[[2531,2532,-2485,2533]],"properties":{"市区町村名":"江別市","大字名":"朝日町","丁目名":null,"小字名":null,"地番":"37-7","精度区分":null,"座標系":"任意座標系"}},{"type":"Polygon","arcs":[[2534,2535,-2481]],"properties":{"市区町村名":"江別市","大字名":"朝日町","丁目名":null,"小字名":null,"地番":"37-11","精度区分":null,"座標系":"任意座標系"}},{"type":"Polygon","arcs":[[-2478,2536,2537]],"properties":{"市区町村名":"江別市","大字名":"朝日町","丁目名":null,"小字名":null,"地番":"37-1","精度区分":null,"座標系":"任意座標系"}},{"type":"Polygon","arcs":[[2538,2539,-2534,-2484,2540]],"properties":{"市区町村名":"江別市","大字名":"朝日町","丁目名":null,"小字名":null,"地番":"37-8","精度区分":null,"座標系":"任意座標系"}},{"type":"Polygon","arcs":[[2541,-2541,-2483,2542]],"properties":{"市区町村名":"江別市","大字名":"朝日町","丁目名":null,"小字名":null,"地番":"37-9","精度区分":null,"座標系":"任意座標系"}},{"type":"Polygon","arcs":[[2543,-2543,-2482,-2536,2544]],"properties":{"市区町村名":"江別市","大字名":"朝日町","丁目名":null,"小字名":null,"地番":"37-10","精度区分":null,"座標系":"任意座標系"}},{"type":"Polygon","arcs":[[2545,-2545,-2535,-2480,2546]],"properties":{"市区町村名":"江別市","大字名":"朝日町","丁目名":null,"小字名":null,"地番":"37-12","精度区分":null,"座標系":"任意座標系"}},{"type":"Polygon","arcs":[[-2538,2547,-2547,-2479]],"properties":{"市区町村名":"江別市","大字名":"朝日町","丁目名":null,"小字名":null,"地番":"37-15","精度区分":null,"座標系":"任意座標系"}},{"type":"Polygon","arcs":[[2548,2549,-2532,-2540]],"properties":{"市区町村名":"江別市","大字名":"朝日町","丁目名":null,"小字名":null,"地番":"37-6","精度区分":null,"座標系":"任意座標系"}},{"type":"Polygon","arcs":[[2550,-2487,2551,2552]],"properties":{"市区町村名":"江別市","大字名":"朝日町","丁目名":null,"小字名":null,"地番":"38-21","精度区分":null,"座標系":"任意座標系"}},{"type":"Polygon","arcs":[[2553,2554,2555,-2449,2556]],"properties":{"市区町村名":"江別市","大字名":"朝日町","丁目名":null,"小字名":null,"地番":"38-9","精度区分":null,"座標系":"任意座標系"}},{"type":"Polygon","arcs":[[2557,2558,-2489]],"properties":{"市区町村名":"江別市","大字名":"朝日町","丁目名":null,"小字名":null,"地番":"38-16","精度区分":null,"座標系":"任意座標系"}},{"type":"Polygon","arcs":[[2559,2560,-2495]],"properties":{"市区町村名":"江別市","大字名":"朝日町","丁目名":null,"小字名":null,"地番":"38-1","精度区分":null,"座標系":"任意座標系"}},{"type":"Polygon","arcs":[[2561,2562,2563,2564,-2444,-2502,2565]],"properties":{"市区町村名":"江別市","大字名":"朝日町","丁目名":null,"小字名":null,"地番":"38-12","精度区分":null,"座標系":"任意座標系"}},{"type":"Polygon","arcs":[[-2561,2566,-2566,-2501,-2496]],"properties":{"市区町村名":"江別市","大字名":"朝日町","丁目名":null,"小字名":null,"地番":"38-14","精度区分":null,"座標系":"任意座標系"}},{"type":"Polygon","arcs":[[2567,2568,-2555,2569]],"properties":{"市区町村名":"江別市","大字名":"朝日町","丁目名":null,"小字名":null,"地番":"38-8","精度区分":null,"座標系":"任意座標系"}},{"type":"Polygon","arcs":[[2570,2571,-2553,2572,-2568]],"properties":{"市区町村名":"江別市","大字名":"朝日町","丁目名":null,"小字名":null,"地番":"38-7","精度区分":null,"座標系":"任意座標系"}},{"type":"Polygon","arcs":[[2573,-2493,2574,2575,-2563]],"properties":{"市区町村名":"江別市","大字名":"朝日町","丁目名":null,"小字名":null,"地番":"38-3","精度区分":null,"座標系":"任意座標系"}},{"type":"Polygon","arcs":[[-2494,-2574,-2562,-2567,-2560]],"properties":{"市区町村名":"江別市","大字名":"朝日町","丁目名":null,"小字名":null,"地番":"38-2","精度区分":null,"座標系":"任意座標系"}},{"type":"Polygon","arcs":[[2576,-2491,2577,2578,-2576]],"properties":{"市区町村名":"江別市","大字名":"朝日町","丁目名":null,"小字名":null,"地番":"38-4","精度区分":null,"座標系":"任意座標系"}},{"type":"Polygon","arcs":[[2579,-2445,-2565]],"properties":{"市区町村名":"江別市","大字名":"朝日町","丁目名":null,"小字名":null,"地番":"38-20","精度区分":null,"座標系":"任意座標系"}},{"type":"Polygon","arcs":[[-2579,2580,-2446,-2580,-2564]],"properties":{"市区町村名":"江別市","大字名":"朝日町","丁目名":null,"小字名":null,"地番":"38-11","精度区分":null,"座標系":"任意座標系"}},{"type":"Polygon","arcs":[[-2578,-2490,-2559,2581,2582]],"properties":{"市区町村名":"江別市","大字名":"朝日町","丁目名":null,"小字名":null,"地番":"38-5","精度区分":null,"座標系":"任意座標系"}},{"type":"Polygon","arcs":[[-2492,-2577,-2575]],"properties":{"市区町村名":"江別市","大字名":"朝日町","丁目名":null,"小字名":null,"地番":"38-15","精度区分":null,"座標系":"任意座標系"}},{"type":"Polygon","arcs":[[-2488,-2551,-2572,2583,-2558]],"properties":{"市区町村名":"江別市","大字名":"朝日町","丁目名":null,"小字名":null,"地番":"38-6","精度区分":null,"座標系":"任意座標系"}},{"type":"Polygon","arcs":[[-2557,-2448,2584]],"properties":{"市区町村名":"江別市","大字名":"朝日町","丁目名":null,"小字名":null,"地番":"38-19","精度区分":null,"座標系":"任意座標系"}},{"type":"Polygon","arcs":[[-2581,-2583,2585,-2585,-2447]],"properties":{"市区町村名":"江別市","大字名":"朝日町","丁目名":null,"小字名":null,"地番":"38-10","精度区分":null,"座標系":"任意座標系"}},{"type":"Polygon","arcs":[[-2584,-2571,2586,-2582]],"properties":{"市区町村名":"江別市","大字名":"朝日町","丁目名":null,"小字名":null,"地番":"38-17","精度区分":null,"座標系":"任意座標系"}},{"type":"Polygon","arcs":[[-2587,-2570,-2554,-2586]],"properties":{"市区町村名":"江別市","大字名":"朝日町","丁目名":null,"小字名":null,"地番":"38-18","精度区分":null,"座標系":"任意座標系"}},{"type":"Polygon","arcs":[[-2477,2587,-2544,-2546,-2548,-2537]],"properties":{"市区町村名":"江別市","大字名":"朝日町","丁目名":null,"小字名":null,"地番":"37-2","精度区分":null,"座標系":"任意座標系"}},{"type":"Polygon","arcs":[[-2476,2588,-2542,-2588]],"properties":{"市区町村名":"江別市","大字名":"朝日町","丁目名":null,"小字名":null,"地番":"37-3","精度区分":null,"座標系":"任意座標系"}},{"type":"Polygon","arcs":[[-2475,-2531,2589,-2539,-2589]],"properties":{"市区町村名":"江別市","大字名":"朝日町","丁目名":null,"小字名":null,"地番":"37-4","精度区分":null,"座標系":"任意座標系"}},{"type":"Polygon","arcs":[[2590,2591,2592,2593,2594,2595,2596,2597,2598,2599,2600,2601,2602,2603,2604,2605,2606,2607,2608,2609,2610,2611,2612,2613,2614,-2499,-2503,-2506,2615,2616,2617,2618,2619,2620,2621,2622,2623,2624,2625,2626]],"properties":{"市区町村名":"江別市","大字名":"朝日町","丁目名":null,"小字名":null,"地番":"52W3","精度区分":null,"座標系":"任意座標系"}},{"type":"Polygon","arcs":[[-2256,-2253,-2218,-2370,-2369,-2366,-2364,-2360,-2357,-2352,-2350,-2339,-2342,-2347,-2221,-2229,-2234,2627,2628,2629,2630,2631,2632,2633,2634,2635,2636,2637,2638,2639,2640,-54]],"properties":{"市区町村名":"江別市","大字名":"朝日町","丁目名":null,"小字名":null,"地番":"50-5W3","精度区分":null,"座標系":"任意座標系"}},{"type":"Polygon","arcs":[[2641,2642,2643,-2630]],"properties":{"市区町村名":"江別市","大字名":"朝日町","丁目名":null,"小字名":null,"地番":"29-13","精度区分":null,"座標系":"任意座標系"}},{"type":"Polygon","arcs":[[2644,2645,2646,2647,2648,2649,2650,2651,2652,-2612,2653,2654,2655,2656,2657,-2601,2658,-2633]],"properties":{"市区町村名":"江別市","大字名":"朝日町","丁目名":null,"小字名":null,"地番":"53","精度区分":null,"座標系":"任意座標系"}},{"type":"Polygon","arcs":[[2659,2660,2661,-2641]],"properties":{"市区町村名":"江別市","大字名":"朝日町","丁目名":null,"小字名":null,"地番":"28-1","精度区分":null,"座標系":"任意座標系"}},{"type":"Polygon","arcs":[[2662,2663,-2453,2664]],"properties":{"市区町村名":"江別市","大字名":"朝日町","丁目名":null,"小字名":null,"地番":"29-25","精度区分":null,"座標系":"任意座標系"}},{"type":"Polygon","arcs":[[2665,-2613,-2653,2666]],"properties":{"市区町村名":"江別市","大字名":"朝日町","丁目名":null,"小字名":null,"地番":"29-1","精度区分":null,"座標系":"任意座標系"}},{"type":"Polygon","arcs":[[2667,-2609,2668]],"properties":{"市区町村名":"江別市","大字名":"朝日町","丁目名":null,"小字名":null,"地番":"27-1","精度区分":null,"座標系":"任意座標系"}},{"type":"Polygon","arcs":[[-2604,2669,2670]],"properties":{"市区町村名":"江別市","大字名":"朝日町","丁目名":null,"小字名":null,"地番":"27-6","精度区分":null,"座標系":"任意座標系"}},{"type":"Polygon","arcs":[[-2602,-2658,2671,2672,2673]],"properties":{"市区町村名":"江別市","大字名":"朝日町","丁目名":null,"小字名":null,"地番":"27-8","精度区分":null,"座標系":"任意座標系"}},{"type":"Polygon","arcs":[[2674,-2654,-2611,2675,2676]],"properties":{"市区町村名":"江別市","大字名":"朝日町","丁目名":null,"小字名":null,"地番":"27-12","精度区分":null,"座標系":"任意座標系"}},{"type":"Polygon","arcs":[[2677,-2677,2678,-2669,-2608,2679]],"properties":{"市区町村名":"江別市","大字名":"朝日町","丁目名":null,"小字名":null,"地番":"27-2","精度区分":null,"座標系":"任意座標系"}},{"type":"Polygon","arcs":[[-2679,-2676,-2610,-2668]],"properties":{"市区町村名":"江別市","大字名":"朝日町","丁目名":null,"小字名":null,"地番":"27-13","精度区分":null,"座標系":"任意座標系"}},{"type":"Polygon","arcs":[[-2670,-2603,-2674,2680]],"properties":{"市区町村名":"江別市","大字名":"朝日町","丁目名":null,"小字名":null,"地番":"27-7","精度区分":null,"座標系":"任意座標系"}},{"type":"Polygon","arcs":[[2681,-2655,-2675,-2678,2682]],"properties":{"市区町村名":"江別市","大字名":"朝日町","丁目名":null,"小字名":null,"地番":"27-11","精度区分":null,"座標系":"任意座標系"}},{"type":"Polygon","arcs":[[2683,-2656,-2682,2684]],"properties":{"市区町村名":"江別市","大字名":"朝日町","丁目名":null,"小字名":null,"地番":"27-10","精度区分":null,"座標系":"任意座標系"}},{"type":"Polygon","arcs":[[-2672,-2657,-2684,2685,2686,2687]],"properties":{"市区町村名":"江別市","大字名":"朝日町","丁目名":null,"小字名":null,"地番":"27-9","精度区分":null,"座標系":"任意座標系"}},{"type":"Polygon","arcs":[[-2681,-2673,-2688,2688,-2605,-2671]],"properties":{"市区町村名":"江別市","大字名":"朝日町","丁目名":null,"小字名":null,"地番":"27-5","精度区分":null,"座標系":"任意座標系"}},{"type":"Polygon","arcs":[[-2689,-2687,2689,-2606]],"properties":{"市区町村名":"江別市","大字名":"朝日町","丁目名":null,"小字名":null,"地番":"27-4","精度区分":null,"座標系":"任意座標系"}},{"type":"Polygon","arcs":[[-2690,-2686,-2685,-2683,-2680,-2607]],"properties":{"市区町村名":"江別市","大字名":"朝日町","丁目名":null,"小字名":null,"地番":"27-3","精度区分":null,"座標系":"任意座標系"}},{"type":"Polygon","arcs":[[2690,-2634,-2659,-2600,2691]],"properties":{"市区町村名":"江別市","大字名":"朝日町","丁目名":null,"小字名":null,"地番":"28-8","精度区分":null,"座標系":"任意座標系"}},{"type":"Polygon","arcs":[[-2661,2692,-2592,2693]],"properties":{"市区町村名":"江別市","大字名":"朝日町","丁目名":null,"小字名":null,"地番":"28-16","精度区分":null,"座標系":"任意座標系"}},{"type":"Polygon","arcs":[[2694,-2635,-2691,2695,2696]],"properties":{"市区町村名":"江別市","大字名":"朝日町","丁目名":null,"小字名":null,"地番":"28-7","精度区分":null,"座標系":"任意座標系"}},{"type":"Polygon","arcs":[[2697,-2636,-2695,2698]],"properties":{"市区町村名":"江別市","大字名":"朝日町","丁目名":null,"小字名":null,"地番":"28-6","精度区分":null,"座標系":"任意座標系"}},{"type":"Polygon","arcs":[[-2637,-2698,2699,2700]],"properties":{"市区町村名":"江別市","大字名":"朝日町","丁目名":null,"小字名":null,"地番":"28-5","精度区分":null,"座標系":"任意座標系"}},{"type":"Polygon","arcs":[[2701,2702,-2595,2703]],"properties":{"市区町村名":"江別市","大字名":"朝日町","丁目名":null,"小字名":null,"地番":"28-13","精度区分":null,"座標系":"任意座標系"}},{"type":"Polygon","arcs":[[-2700,2704,-2596,-2703]],"properties":{"市区町村名":"江別市","大字名":"朝日町","丁目名":null,"小字名":null,"地番":"28-12","精度区分":null,"座標系":"任意座標系"}},{"type":"Polygon","arcs":[[2705,-2704,-2594,2706]],"properties":{"市区町村名":"江別市","大字名":"朝日町","丁目名":null,"小字名":null,"地番":"28-14","精度区分":null,"座標系":"任意座標系"}},{"type":"Polygon","arcs":[[2707,-2639,2708,-2706]],"properties":{"市区町村名":"江別市","大字名":"朝日町","丁目名":null,"小字名":null,"地番":"28-3","精度区分":null,"座標系":"任意座標系"}},{"type":"Polygon","arcs":[[-2640,-2708,2709,-2660]],"properties":{"市区町村名":"江別市","大字名":"朝日町","丁目名":null,"小字名":null,"地番":"28-2","精度区分":null,"座標系":"任意座標系"}},{"type":"Polygon","arcs":[[-2710,-2707,-2593,-2693]],"properties":{"市区町村名":"江別市","大字名":"朝日町","丁目名":null,"小字名":null,"地番":"28-15","精度区分":null,"座標系":"任意座標系"}},{"type":"Polygon","arcs":[[-2696,-2692,-2599,2710]],"properties":{"市区町村名":"江別市","大字名":"朝日町","丁目名":null,"小字名":null,"地番":"28-9","精度区分":null,"座標系":"任意座標系"}},{"type":"Polygon","arcs":[[-2697,-2711,-2598,2711]],"properties":{"市区町村名":"江別市","大字名":"朝日町","丁目名":null,"小字名":null,"地番":"28-10","精度区分":null,"座標系":"任意座標系"}},{"type":"Polygon","arcs":[[2712,-2619,2713]],"properties":{"市区町村名":"江別市","大字名":"朝日町","丁目名":null,"小字名":null,"地番":"26-15","精度区分":null,"座標系":"任意座標系"}},{"type":"Polygon","arcs":[[2714,-2625,2715]],"properties":{"市区町村名":"江別市","大字名":"朝日町","丁目名":null,"小字名":null,"地番":"26-9","精度区分":null,"座標系":"任意座標系"}},{"type":"Polygon","arcs":[[-2627,2716,2717,2718]],"properties":{"市区町村名":"江別市","大字名":"朝日町","丁目名":null,"小字名":null,"地番":"26-7","精度区分":null,"座標系":"任意座標系"}},{"type":"Polygon","arcs":[[2719,2720,-2617,2721]],"properties":{"市区町村名":"江別市","大字名":"朝日町","丁目名":null,"小字名":null,"地番":"26-1","精度区分":null,"座標系":"任意座標系"}},{"type":"Polygon","arcs":[[2722,-2620,-2713,2723,2724]],"properties":{"市区町村名":"江別市","大字名":"朝日町","丁目名":null,"小字名":null,"地番":"26-14","精度区分":null,"座標系":"任意座標系"}},{"type":"Polygon","arcs":[[2725,-2724,-2714,-2618,-2721]],"properties":{"市区町村名":"江別市","大字名":"朝日町","丁目名":null,"小字名":null,"地番":"26-16","精度区分":null,"座標系":"任意座標系"}},{"type":"Polygon","arcs":[[2726,-2621,-2723,2727]],"properties":{"市区町村名":"江別市","大字名":"朝日町","丁目名":null,"小字名":null,"地番":"26-13","精度区分":null,"座標系":"任意座標系"}},{"type":"Polygon","arcs":[[2728,-2622,-2727,2729]],"properties":{"市区町村名":"江別市","大字名":"朝日町","丁目名":null,"小字名":null,"地番":"26-12","精度区分":null,"座標系":"任意座標系"}},{"type":"Polygon","arcs":[[2730,-2623,-2729,2731]],"properties":{"市区町村名":"江別市","大字名":"朝日町","丁目名":null,"小字名":null,"地番":"26-11","精度区分":null,"座標系":"任意座標系"}},{"type":"Polygon","arcs":[[2732,-2716,-2624,-2731,2733]],"properties":{"市区町村名":"江別市","大字名":"朝日町","丁目名":null,"小字名":null,"地番":"26-10","精度区分":null,"座標系":"任意座標系"}},{"type":"Polygon","arcs":[[-2717,-2626,-2715,-2733,2734]],"properties":{"市区町村名":"江別市","大字名":"朝日町","丁目名":null,"小字名":null,"地番":"26-8","精度区分":null,"座標系":"任意座標系"}},{"type":"Polygon","arcs":[[2735,-2725,-2726,-2720,2736]],"properties":{"市区町村名":"江別市","大字名":"朝日町","丁目名":null,"小字名":null,"地番":"26-2","精度区分":null,"座標系":"任意座標系"}},{"type":"Polygon","arcs":[[2737,2738,-2665,-2500,-2615]],"properties":{"市区町村名":"江別市","大字名":"朝日町","丁目名":null,"小字名":null,"地番":"29-26","精度区分":null,"座標系":"任意座標系"}},{"type":"Polygon","arcs":[[2739,2740,-2738,-2614,-2666,2741]],"properties":{"市区町村名":"江別市","大字名":"朝日町","丁目名":null,"小字名":null,"地番":"29-27","精度区分":null,"座標系":"任意座標系"}},{"type":"Polygon","arcs":[[2742,2743,-2663,-2739,-2741,2744]],"properties":{"市区町村名":"江別市","大字名":"朝日町","丁目名":null,"小字名":null,"地番":"29-24","精度区分":null,"座標系":"任意座標系"}},{"type":"Polygon","arcs":[[2745,2746,2747,2748]],"properties":{"市区町村名":"江別市","大字名":"朝日町","丁目名":null,"小字名":null,"地番":"29-20","精度区分":null,"座標系":"任意座標系"}},{"type":"Polygon","arcs":[[2749,2750,-2746,2751,2752,2753,-2649]],"properties":{"市区町村名":"江別市","大字名":"朝日町","丁目名":null,"小字名":null,"地番":"29-6","精度区分":null,"座標系":"任意座標系"}},{"type":"Polygon","arcs":[[-2631,-2644,2754,2755]],"properties":{"市区町村名":"江別市","大字名":"朝日町","丁目名":null,"小字名":null,"地番":"29-12","精度区分":null,"座標系":"任意座標系"}},{"type":"Polygon","arcs":[[2756,2757,-2743,2758,2759]],"properties":{"市区町村名":"江別市","大字名":"朝日町","丁目名":null,"小字名":null,"地番":"29-23","精度区分":null,"座標系":"任意座標系"}},{"type":"Polygon","arcs":[[2760,2761,-2757,2762]],"properties":{"市区町村名":"江別市","大字名":"朝日町","丁目名":null,"小字名":null,"地番":"29-22","精度区分":null,"座標系":"任意座標系"}},{"type":"Polygon","arcs":[[-2754,2763,2764,-2650]],"properties":{"市区町村名":"江別市","大字名":"朝日町","丁目名":null,"小字名":null,"地番":"29-5","精度区分":null,"座標系":"任意座標系"}},{"type":"Polygon","arcs":[[2765,-2759,-2745,-2740,2766,-2651,-2765]],"properties":{"市区町村名":"江別市","大字名":"朝日町","丁目名":null,"小字名":null,"地番":"29-3","精度区分":null,"座標系":"任意座標系"}},{"type":"Polygon","arcs":[[-2753,2767,-2763,-2760,-2766,-2764]],"properties":{"市区町村名":"江別市","大字名":"朝日町","丁目名":null,"小字名":null,"地番":"29-4","精度区分":null,"座標系":"任意座標系"}},{"type":"Polygon","arcs":[[-2749,2768,-2761,-2768,-2752]],"properties":{"市区町村名":"江別市","大字名":"朝日町","丁目名":null,"小字名":null,"地番":"29-21","精度区分":null,"座標系":"任意座標系"}},{"type":"Polygon","arcs":[[2769,2770,-2747,-2751,2771]],"properties":{"市区町村名":"江別市","大字名":"朝日町","丁目名":null,"小字名":null,"地番":"29-19","精度区分":null,"座標系":"任意座標系"}},{"type":"Polygon","arcs":[[2772,2773,-2770,2774,2775]],"properties":{"市区町村名":"江別市","大字名":"朝日町","丁目名":null,"小字名":null,"地番":"29-18","精度区分":null,"座標系":"任意座標系"}},{"type":"Polygon","arcs":[[2776,2777,-2773,2778]],"properties":{"市区町村名":"江別市","大字名":"朝日町","丁目名":null,"小字名":null,"地番":"29-17","精度区分":null,"座標系":"任意座標系"}},{"type":"Polygon","arcs":[[2779,2780,-2777,2781,2782]],"properties":{"市区町村名":"江別市","大字名":"朝日町","丁目名":null,"小字名":null,"地番":"29-16","精度区分":null,"座標系":"任意座標系"}},{"type":"Polygon","arcs":[[2783,2784,-2780,2785,-2643]],"properties":{"市区町村名":"江別市","大字名":"朝日町","丁目名":null,"小字名":null,"地番":"29-15","精度区分":null,"座標系":"任意座標系"}},{"type":"Polygon","arcs":[[-2642,-2629,2786,-2784]],"properties":{"市区町村名":"江別市","大字名":"朝日町","丁目名":null,"小字名":null,"地番":"29-14","精度区分":null,"座標系":"任意座標系"}},{"type":"Polygon","arcs":[[2787,2788,-2646,2789]],"properties":{"市区町村名":"江別市","大字名":"朝日町","丁目名":null,"小字名":null,"地番":"29-10","精度区分":null,"座標系":"任意座標系"}},{"type":"Polygon","arcs":[[2790,-2782,-2779,-2776,2791,-2647,-2789]],"properties":{"市区町村名":"江別市","大字名":"朝日町","丁目名":null,"小字名":null,"地番":"29-8","精度区分":null,"座標系":"任意座標系"}},{"type":"Polygon","arcs":[[-2788,-2755,-2786,-2783,-2791]],"properties":{"市区町村名":"江別市","大字名":"朝日町","丁目名":null,"小字名":null,"地番":"29-9","精度区分":null,"座標系":"任意座標系"}},{"type":"Polygon","arcs":[[-2792,-2775,-2772,-2750,-2648]],"properties":{"市区町村名":"江別市","大字名":"朝日町","丁目名":null,"小字名":null,"地番":"29-7","精度区分":null,"座標系":"任意座標系"}},{"type":"Polygon","arcs":[[-2767,-2742,-2667,-2652]],"properties":{"市区町村名":"江別市","大字名":"朝日町","丁目名":null,"小字名":null,"地番":"29-2","精度区分":null,"座標系":"任意座標系"}},{"type":"Polygon","arcs":[[-2718,-2735,-2734,2792,2793]],"properties":{"市区町村名":"江別市","大字名":"朝日町","丁目名":null,"小字名":null,"地番":"26-6","精度区分":null,"座標系":"任意座標系"}},{"type":"Polygon","arcs":[[-2793,-2732,2794,2795]],"properties":{"市区町村名":"江別市","大字名":"朝日町","丁目名":null,"小字名":null,"地番":"26-5","精度区分":null,"座標系":"任意座標系"}},{"type":"Polygon","arcs":[[-2795,-2730,2796,2797]],"properties":{"市区町村名":"江別市","大字名":"朝日町","丁目名":null,"小字名":null,"地番":"26-4","精度区分":null,"座標系":"任意座標系"}},{"type":"Polygon","arcs":[[-2797,-2728,-2736,2798]],"properties":{"市区町村名":"江別市","大字名":"朝日町","丁目名":null,"小字名":null,"地番":"26-3","精度区分":null,"座標系":"任意座標系"}},{"type":"Polygon","arcs":[[-2638,-2701,-2702,-2709]],"properties":{"市区町村名":"江別市","大字名":"朝日町","丁目名":null,"小字名":null,"地番":"28-4","精度区分":null,"座標系":"任意座標系"}},{"type":"Polygon","arcs":[[-2699,-2712,-2597,-2705]],"properties":{"市区町村名":"江別市","大字名":"朝日町","丁目名":null,"小字名":null,"地番":"28-11","精度区分":null,"座標系":"任意座標系"}},{"type":"Polygon","arcs":[[2799,2800,2801,2802,2803,2804,2805,2806]],"properties":{"市区町村名":"江別市","大字名":"朝日町","丁目名":null,"小字名":null,"地番":"4-32","精度区分":null,"座標系":"任意座標系"}},{"type":"Polygon","arcs":[[2807,2808,2809,2810,2811,-10,2812,2813,2814,2815,2816,2817,2818,2819,2820,2821,2822,2823,2824,2825,-2181,2826]],"properties":{"市区町村名":"江別市","大字名":"朝日町","丁目名":null,"小字名":null,"地番":"45W7","精度区分":null,"座標系":"任意座標系"}},{"type":"Polygon","arcs":[[-2233,-2375,-2239,-2241,-2185,2827,2828,2829,2830,2831,2832,2833,2834,2835,2836,2837,2838,-6,2839,2840,2841,2842,2843,2844,2845,2846,2847,2848,2849,2850,2851,2852,2853,2854,2855,-2628]],"properties":{"市区町村名":"江別市","大字名":"朝日町","丁目名":null,"小字名":null,"地番":"50-5W4","精度区分":null,"座標系":"任意座標系"}},{"type":"Polygon","arcs":[[2856,-2813,-9,2857,2858]],"properties":{"市区町村名":"江別市","大字名":"朝日町","丁目名":null,"小字名":null,"地番":"4-9","精度区分":null,"座標系":"任意座標系"}},{"type":"Polygon","arcs":[[-2826,2859,2860,-2182]],"properties":{"市区町村名":"江別市","大字名":"朝日町","丁目名":null,"小字名":null,"地番":"4-1","精度区分":null,"座標系":"任意座標系"}},{"type":"Polygon","arcs":[[2861,2862,-2828,-2184]],"properties":{"市区町村名":"江別市","大字名":"朝日町","丁目名":null,"小字名":null,"地番":"4-19","精度区分":null,"座標系":"任意座標系"}},{"type":"Polygon","arcs":[[-2860,-2825,2863,2864,2865]],"properties":{"市区町村名":"江別市","大字名":"朝日町","丁目名":null,"小字名":null,"地番":"4-2","精度区分":null,"座標系":"任意座標系"}},{"type":"Polygon","arcs":[[-2861,-2866,2866,-2862,-2183]],"properties":{"市区町村名":"江別市","大字名":"朝日町","丁目名":null,"小字名":null,"地番":"4-20","精度区分":null,"座標系":"任意座標系"}},{"type":"Polygon","arcs":[[-2864,-2824,2867,2868,2869]],"properties":{"市区町村名":"江別市","大字名":"朝日町","丁目名":null,"小字名":null,"地番":"4-3","精度区分":null,"座標系":"任意座標系"}},{"type":"Polygon","arcs":[[2870,2871,2872,2873,-2831]],"properties":{"市区町村名":"江別市","大字名":"朝日町","丁目名":null,"小字名":null,"地番":"4-26","精度区分":null,"座標系":"任意座標系"}},{"type":"Polygon","arcs":[[-2871,-2830,2874,-2870]],"properties":{"市区町村名":"江別市","大字名":"朝日町","丁目名":null,"小字名":null,"地番":"4-17","精度区分":null,"座標系":"任意座標系"}},{"type":"Polygon","arcs":[[-2868,-2823,2875]],"properties":{"市区町村名":"江別市","大字名":"朝日町","丁目名":null,"小字名":null,"地番":"4-23","精度区分":null,"座標系":"任意座標系"}},{"type":"Polygon","arcs":[[-2875,-2829,-2863,-2867,-2865]],"properties":{"市区町村名":"江別市","大字名":"朝日町","丁目名":null,"小字名":null,"地番":"4-18","精度区分":null,"座標系":"任意座標系"}},{"type":"Polygon","arcs":[[2876,2877,-2806,2878,2879,2880,-2821]],"properties":{"市区町村名":"江別市","大字名":"朝日町","丁目名":null,"小字名":null,"地番":"4-5","精度区分":null,"座標系":"任意座標系"}},{"type":"Polygon","arcs":[[-2822,-2881,-2872,-2869,-2876]],"properties":{"市区町村名":"江別市","大字名":"朝日町","丁目名":null,"小字名":null,"地番":"4-4","精度区分":null,"座標系":"任意座標系"}},{"type":"Polygon","arcs":[[2881,-2819,2882]],"properties":{"市区町村名":"江別市","大字名":"朝日町","丁目名":null,"小字名":null,"地番":"4-6","精度区分":null,"座標系":"任意座標系"}},{"type":"Polygon","arcs":[[-2820,-2882,2883,-2877]],"properties":{"市区町村名":"江別市","大字名":"朝日町","丁目名":null,"小字名":null,"地番":"4-24","精度区分":null,"座標系":"任意座標系"}},{"type":"Polygon","arcs":[[2884,-2814,-2857,2885]],"properties":{"市区町村名":"江別市","大字名":"朝日町","丁目名":null,"小字名":null,"地番":"4-30","精度区分":null,"座標系":"任意座標系"}},{"type":"Polygon","arcs":[[2886,-7,-2839,2887]],"properties":{"市区町村名":"江別市","大字名":"朝日町","丁目名":null,"小字名":null,"地番":"4-11","精度区分":null,"座標系":"任意座標系"}},{"type":"Polygon","arcs":[[-2858,-8,-2887,2888,2889]],"properties":{"市区町村名":"江別市","大字名":"朝日町","丁目名":null,"小字名":null,"地番":"4-10","精度区分":null,"座標系":"任意座標系"}},{"type":"Polygon","arcs":[[2890,-2816,2891,2892,-2801]],"properties":{"市区町村名":"江別市","大字名":"朝日町","丁目名":null,"小字名":null,"地番":"4-31","精度区分":null,"座標系":"任意座標系"}},{"type":"Polygon","arcs":[[2893,-2886,-2859,-2890,2894,2895,-2802,-2893]],"properties":{"市区町村名":"江別市","大字名":"朝日町","丁目名":null,"小字名":null,"地番":"4-33","精度区分":null,"座標系":"任意座標系"}},{"type":"Polygon","arcs":[[2896,-2817,-2891,-2800]],"properties":{"市区町村名":"江別市","大字名":"朝日町","丁目名":null,"小字名":null,"地番":"4-28","精度区分":null,"座標系":"任意座標系"}},{"type":"Polygon","arcs":[[-2818,-2897,-2807,-2878,-2884,-2883]],"properties":{"市区町村名":"江別市","大字名":"朝日町","丁目名":null,"小字名":null,"地番":"4-27","精度区分":null,"座標系":"任意座標系"}},{"type":"Polygon","arcs":[[-2892,-2815,-2885,-2894]],"properties":{"市区町村名":"江別市","大字名":"朝日町","丁目名":null,"小字名":null,"地番":"4-29","精度区分":null,"座標系":"任意座標系"}},{"type":"Polygon","arcs":[[-2895,-2889,-2888,-2838,2897]],"properties":{"市区町村名":"江別市","大字名":"朝日町","丁目名":null,"小字名":null,"地番":"4-12","精度区分":null,"座標系":"任意座標系"}},{"type":"Polygon","arcs":[[2898,-2879,2899,-2834,2900]],"properties":{"市区町村名":"江別市","大字名":"朝日町","丁目名":null,"小字名":null,"地番":"4-21","精度区分":null,"座標系":"任意座標系"}},{"type":"Polygon","arcs":[[-2880,-2899,2901,-2873]],"properties":{"市区町村名":"江別市","大字名":"朝日町","丁目名":null,"小字名":null,"地番":"4-25","精度区分":null,"座標系":"任意座標系"}},{"type":"Polygon","arcs":[[2902,-2832,-2874]],"properties":{"市区町村名":"江別市","大字名":"朝日町","丁目名":null,"小字名":null,"地番":"4-16","精度区分":null,"座標系":"任意座標系"}},{"type":"Polygon","arcs":[[2903,-2804,2904,-2836]],"properties":{"市区町村名":"江別市","大字名":"朝日町","丁目名":null,"小字名":null,"地番":"4-22","精度区分":null,"座標系":"任意座標系"}},{"type":"Polygon","arcs":[[-2805,-2904,-2835,-2900]],"properties":{"市区町村名":"江別市","大字名":"朝日町","丁目名":null,"小字名":null,"地番":"4-14","精度区分":null,"座標系":"任意座標系"}},{"type":"Polygon","arcs":[[-2905,-2803,-2896,-2898,-2837]],"properties":{"市区町村名":"江別市","大字名":"朝日町","丁目名":null,"小字名":null,"地番":"4-13","精度区分":null,"座標系":"任意座標系"}},{"type":"Polygon","arcs":[[2905,2906,2907,-2847]],"properties":{"市区町村名":"江別市","大字名":"朝日町","丁目名":null,"小字名":null,"地番":"30-8","精度区分":null,"座標系":"任意座標系"}},{"type":"Polygon","arcs":[[2908,2909,2910,-2855]],"properties":{"市区町村名":"江別市","大字名":"朝日町","丁目名":null,"小字名":null,"地番":"30-1","精度区分":null,"座標系":"任意座標系"}},{"type":"Polygon","arcs":[[2911,2912,2913,2914]],"properties":{"市区町村名":"江別市","大字名":"朝日町","丁目名":null,"小字名":null,"地番":"30-15","精度区分":null,"座標系":"任意座標系"}},{"type":"Polygon","arcs":[[2915,2916,2917]],"properties":{"市区町村名":"江別市","大字名":"朝日町","丁目名":null,"小字名":null,"地番":"30-27","精度区分":null,"座標系":"任意座標系"}},{"type":"Polygon","arcs":[[-2909,-2854,2918,2919,2920]],"properties":{"市区町村名":"江別市","大字名":"朝日町","丁目名":null,"小字名":null,"地番":"30-2","精度区分":null,"座標系":"任意座標系"}},{"type":"Polygon","arcs":[[-2910,-2921,2921,-2918,2922]],"properties":{"市区町村名":"江別市","大字名":"朝日町","丁目名":null,"小字名":null,"地番":"30-28","精度区分":null,"座標系":"任意座標系"}},{"type":"Polygon","arcs":[[2923,-2851,2924,2925,2926,2927]],"properties":{"市区町村名":"江別市","大字名":"朝日町","丁目名":null,"小字名":null,"地番":"30-5","精度区分":null,"座標系":"任意座標系"}},{"type":"Polygon","arcs":[[2928,-2852,-2924,2929,2930]],"properties":{"市区町村名":"江別市","大字名":"朝日町","丁目名":null,"小字名":null,"地番":"30-4","精度区分":null,"座標系":"任意座標系"}},{"type":"Polygon","arcs":[[2931,-2927,2932,2933,2934,2935,2936]],"properties":{"市区町村名":"江別市","大字名":"朝日町","丁目名":null,"小字名":null,"地番":"30-47","精度区分":null,"座標系":"任意座標系"}},{"type":"Polygon","arcs":[[2937,-2933,-2926,2938]],"properties":{"市区町村名":"江別市","大字名":"朝日町","丁目名":null,"小字名":null,"地番":"30-46","精度区分":null,"座標系":"任意座標系"}},{"type":"Polygon","arcs":[[-2906,-2846,2939,2940,2941]],"properties":{"市区町村名":"江別市","大字名":"朝日町","丁目名":null,"小字名":null,"地番":"30-10","精度区分":null,"座標系":"任意座標系"}},{"type":"Polygon","arcs":[[2942,2943,2944,-2914,2945,2946,2947,-2844]],"properties":{"市区町村名":"江別市","大字名":"朝日町","丁目名":null,"小字名":null,"地番":"30-12","精度区分":null,"座標系":"任意座標系"}},{"type":"Polygon","arcs":[[-2940,-2845,-2948,2948]],"properties":{"市区町村名":"江別市","大字名":"朝日町","丁目名":null,"小字名":null,"地番":"30-11","精度区分":null,"座標系":"任意座標系"}},{"type":"Polygon","arcs":[[-2913,2949,2950,-2946]],"properties":{"市区町村名":"江別市","大字名":"朝日町","丁目名":null,"小字名":null,"地番":"30-16","精度区分":null,"座標系":"任意座標系"}},{"type":"Polygon","arcs":[[-2943,-2843,2951,2952]],"properties":{"市区町村名":"江別市","大字名":"朝日町","丁目名":null,"小字名":null,"地番":"30-13","精度区分":null,"座標系":"任意座標系"}},{"type":"Polygon","arcs":[[-2953,2953,2954,-2944]],"properties":{"市区町村名":"江別市","大字名":"朝日町","丁目名":null,"小字名":null,"地番":"30-14","精度区分":null,"座標系":"任意座標系"}},{"type":"Polygon","arcs":[[-2955,2955,-2915,-2945]],"properties":{"市区町村名":"江別市","大字名":"朝日町","丁目名":null,"小字名":null,"地番":"30-48","精度区分":null,"座標系":"任意座標系"}},{"type":"Polygon","arcs":[[2956,2957,2958,2959,-2941]],"properties":{"市区町村名":"江別市","大字名":"朝日町","丁目名":null,"小字名":null,"地番":"30-18","精度区分":null,"座標系":"任意座標系"}},{"type":"Polygon","arcs":[[-2850,2960,2961,-2939,-2925]],"properties":{"市区町村名":"江別市","大字名":"朝日町","丁目名":null,"小字名":null,"地番":"30-42","精度区分":null,"座標系":"任意座標系"}},{"type":"Polygon","arcs":[[2962,-2848,-2908,2963,2964]],"properties":{"市区町村名":"江別市","大字名":"朝日町","丁目名":null,"小字名":null,"地番":"30-33","精度区分":null,"座標系":"任意座標系"}},{"type":"Polygon","arcs":[[-2961,-2849,-2963,2965,2966,2967]],"properties":{"市区町村名":"江別市","大字名":"朝日町","丁目名":null,"小字名":null,"地番":"30-40","精度区分":null,"座標系":"任意座標系"}},{"type":"Polygon","arcs":[[2968,2969,2970]],"properties":{"市区町村名":"江別市","大字名":"朝日町","丁目名":null,"小字名":null,"地番":"30-31","精度区分":null,"座標系":"任意座標系"}},{"type":"Polygon","arcs":[[-2907,-2942,-2960,2971,2972,-2969,2973,-2964]],"properties":{"市区町村名":"江別市","大字名":"朝日町","丁目名":null,"小字名":null,"地番":"30-29","精度区分":null,"座標系":"任意座標系"}},{"type":"Polygon","arcs":[[2974,-2965,-2974,-2971,2975]],"properties":{"市区町村名":"江別市","大字名":"朝日町","丁目名":null,"小字名":null,"地番":"30-32","精度区分":null,"座標系":"任意座標系"}},{"type":"Polygon","arcs":[[-2972,-2959,2976]],"properties":{"市区町村名":"江別市","大字名":"朝日町","丁目名":null,"小字名":null,"地番":"30-30","精度区分":null,"座標系":"任意座標系"}},{"type":"Polygon","arcs":[[2977,2978,2979,2980]],"properties":{"市区町村名":"江別市","大字名":"朝日町","丁目名":null,"小字名":null,"地番":"30-6","精度区分":null,"座標系":"任意座標系"}},{"type":"Polygon","arcs":[[-2966,-2975,2981,-2979,2982,2983]],"properties":{"市区町村名":"江別市","大字名":"朝日町","丁目名":null,"小字名":null,"地番":"30-34","精度区分":null,"座標系":"任意座標系"}},{"type":"Polygon","arcs":[[2984,2985,-2983,-2978,2986,-2935]],"properties":{"市区町村名":"江別市","大字名":"朝日町","丁目名":null,"小字名":null,"地番":"30-38","精度区分":null,"座標系":"任意座標系"}},{"type":"Polygon","arcs":[[2987,-2967,-2984,-2986]],"properties":{"市区町村名":"江別市","大字名":"朝日町","丁目名":null,"小字名":null,"地番":"30-43","精度区分":null,"座標系":"任意座標系"}},{"type":"Polygon","arcs":[[-2938,-2962,-2968,-2988,-2985,-2934]],"properties":{"市区町村名":"江別市","大字名":"朝日町","丁目名":null,"小字名":null,"地番":"30-44","精度区分":null,"座標系":"任意座標系"}},{"type":"Polygon","arcs":[[-2987,-2981,2988,-2936]],"properties":{"市区町村名":"江別市","大字名":"朝日町","丁目名":null,"小字名":null,"地番":"30-41","精度区分":null,"座標系":"任意座標系"}},{"type":"Polygon","arcs":[[2989,2990,2991,-2916,-2922,-2920]],"properties":{"市区町村名":"江別市","大字名":"朝日町","丁目名":null,"小字名":null,"地番":"30-26","精度区分":null,"座標系":"任意座標系"}},{"type":"Polygon","arcs":[[2992,-2931,2993,2994,-2991]],"properties":{"市区町村名":"江別市","大字名":"朝日町","丁目名":null,"小字名":null,"地番":"30-25","精度区分":null,"座標系":"任意座標系"}},{"type":"Polygon","arcs":[[-2930,2995,2996,-2994]],"properties":{"市区町村名":"江別市","大字名":"朝日町","丁目名":null,"小字名":null,"地番":"30-24","精度区分":null,"座標系":"任意座標系"}},{"type":"Polygon","arcs":[[-2919,-2853,-2929,-2993,-2990]],"properties":{"市区町村名":"江別市","大字名":"朝日町","丁目名":null,"小字名":null,"地番":"30-3","精度区分":null,"座標系":"任意座標系"}},{"type":"Polygon","arcs":[[-2932,2997,-2996,-2928]],"properties":{"市区町村名":"江別市","大字名":"朝日町","丁目名":null,"小字名":null,"地番":"30-23","精度区分":null,"座標系":"任意座標系"}},{"type":"Polygon","arcs":[[2998,2999,3000,3001]],"properties":{"市区町村名":"江別市","大字名":"朝日町","丁目名":null,"小字名":null,"地番":"31-7","精度区分":null,"座標系":"任意座標系"}},{"type":"Polygon","arcs":[[3002,3003,-2458,3004]],"properties":{"市区町村名":"江別市","大字名":"朝日町","丁目名":null,"小字名":null,"地番":"31-12","精度区分":null,"座標系":"任意座標系"}},{"type":"Polygon","arcs":[[3005,3006,-2455,3007]],"properties":{"市区町村名":"江別市","大字名":"朝日町","丁目名":null,"小字名":null,"地番":"31-1","精度区分":null,"座標系":"任意座標系"}},{"type":"Polygon","arcs":[[3008,3009,3010,-3006,3011,3012]],"properties":{"市区町村名":"江別市","大字名":"朝日町","丁目名":null,"小字名":null,"地番":"31-2","精度区分":null,"座標系":"任意座標系"}},{"type":"Polygon","arcs":[[3013,3014,3015,3016,-3009,3017]],"properties":{"市区町村名":"江別市","大字名":"朝日町","丁目名":null,"小字名":null,"地番":"31-10","精度区分":null,"座標系":"任意座標系"}},{"type":"Polygon","arcs":[[-3017,3018,3019,3020,3021,3022,-3010]],"properties":{"市区町村名":"江別市","大字名":"朝日町","丁目名":null,"小字名":null,"地番":"31-11","精度区分":null,"座標系":"任意座標系"}},{"type":"Polygon","arcs":[[3023,3024,3025,-3014,3026,3027]],"properties":{"市区町村名":"江別市","大字名":"朝日町","丁目名":null,"小字名":null,"地番":"31-9","精度区分":null,"座標系":"任意座標系"}},{"type":"Polygon","arcs":[[-3001,3028,3029,-3024,3030,3031]],"properties":{"市区町村名":"江別市","大字名":"朝日町","丁目名":null,"小字名":null,"地番":"31-8","精度区分":null,"座標系":"任意座標系"}},{"type":"Polygon","arcs":[[3032,3033,-3026]],"properties":{"市区町村名":"江別市","大字名":"朝日町","丁目名":null,"小字名":null,"地番":"31-15","精度区分":null,"座標系":"任意座標系"}},{"type":"Polygon","arcs":[[-3034,3034,-3015]],"properties":{"市区町村名":"江別市","大字名":"朝日町","丁目名":null,"小字名":null,"地番":"31-18","精度区分":null,"座標系":"任意座標系"}},{"type":"Polygon","arcs":[[3035,-3002,-3032,3036]],"properties":{"市区町村名":"江別市","大字名":"朝日町","丁目名":null,"小字名":null,"地番":"31-6","精度区分":null,"座標系":"任意座標系"}},{"type":"Polygon","arcs":[[-3000,3037,-3029]],"properties":{"市区町村名":"江別市","大字名":"朝日町","丁目名":null,"小字名":null,"地番":"31-17","精度区分":null,"座標系":"任意座標系"}},{"type":"Polygon","arcs":[[-3027,-3018,-3013,3038,3039]],"properties":{"市区町村名":"江別市","大字名":"朝日町","丁目名":null,"小字名":null,"地番":"31-3","精度区分":null,"座標系":"任意座標系"}},{"type":"Polygon","arcs":[[-3021,3040,3041,-3003,3042]],"properties":{"市区町村名":"江別市","大字名":"朝日町","丁目名":null,"小字名":null,"地番":"31-19","精度区分":null,"座標系":"任意座標系"}},{"type":"Polygon","arcs":[[3043,-3041,-3020]],"properties":{"市区町村名":"江別市","大字名":"朝日町","丁目名":null,"小字名":null,"地番":"31-16","精度区分":null,"座標系":"任意座標系"}},{"type":"Polygon","arcs":[[3044,-3022,-3043,-3005,-2457]],"properties":{"市区町村名":"江別市","大字名":"朝日町","丁目名":null,"小字名":null,"地番":"31-13","精度区分":null,"座標系":"任意座標系"}},{"type":"Polygon","arcs":[[-3007,-3011,-3023,-3045,-2456]],"properties":{"市区町村名":"江別市","大字名":"朝日町","丁目名":null,"小字名":null,"地番":"31-14","精度区分":null,"座標系":"任意座標系"}},{"type":"Polygon","arcs":[[-2957,-2949,-2947,-2951,3045]],"properties":{"市区町村名":"江別市","大字名":"朝日町","丁目名":null,"小字名":null,"地番":"30-17","精度区分":null,"座標系":"任意座標系"}},{"type":"Polygon","arcs":[[-2901,-2833,-2903,-2902]],"properties":{"市区町村名":"江別市","大字名":"朝日町","丁目名":null,"小字名":null,"地番":"4-15","精度区分":null,"座標系":"任意座標系"}},{"type":"Polygon","arcs":[[-29,3046,3047,3048,3049,3050,3051,3052,3053,3054,3055,3056,3057,3058,-16,3059,3060,3061,3062,3063,3064,3065,3066,-2808,3067,3068]],"properties":{"市区町村名":"江別市","大字名":"朝日町","丁目名":null,"小字名":null,"地番":"45W8","精度区分":null,"座標系":"任意座標系"}},{"type":"Polygon","arcs":[[3069,-3068,-2827,-2180]],"properties":{"市区町村名":"江別市","大字名":"朝日町","丁目名":null,"小字名":null,"地番":"7","精度区分":null,"座標系":"任意座標系"}},{"type":"Polygon","arcs":[[-3047,-28,3070,3071]],"properties":{"市区町村名":"江別市","大字名":"朝日町","丁目名":null,"小字名":null,"地番":"6-6","精度区分":null,"座標系":"任意座標系"}},{"type":"Polygon","arcs":[[3072,-17,-3059,3073]],"properties":{"市区町村名":"江別市","大字名":"朝日町","丁目名":null,"小字名":null,"地番":"6-13","精度区分":null,"座標系":"任意座標系"}},{"type":"Polygon","arcs":[[3074,-3056,3075]],"properties":{"市区町村名":"江別市","大字名":"朝日町","丁目名":null,"小字名":null,"地番":"6-1","精度区分":null,"座標系":"任意座標系"}},{"type":"Polygon","arcs":[[3076,3077,3078,3079,3080,-3054]],"properties":{"市区町村名":"江別市","大字名":"朝日町","丁目名":null,"小字名":null,"地番":"6-2","精度区分":null,"座標系":"任意座標系"}},{"type":"Polygon","arcs":[[-3051,3081,3082,3083]],"properties":{"市区町村名":"江別市","大字名":"朝日町","丁目名":null,"小字名":null,"地番":"6-5","精度区分":null,"座標系":"任意座標系"}},{"type":"Polygon","arcs":[[-3048,-3072,3084,3085]],"properties":{"市区町村名":"江別市","大字名":"朝日町","丁目名":null,"小字名":null,"地番":"6-16","精度区分":null,"座標系":"任意座標系"}},{"type":"Polygon","arcs":[[3086,-3085,-3071,-27,3087]],"properties":{"市区町村名":"江別市","大字名":"朝日町","丁目名":null,"小字名":null,"地番":"6-17","精度区分":null,"座標系":"任意座標系"}},{"type":"Polygon","arcs":[[-3050,3088,3089,-3082]],"properties":{"市区町村名":"江別市","大字名":"朝日町","丁目名":null,"小字名":null,"地番":"6-15","精度区分":null,"座標系":"任意座標系"}},{"type":"Polygon","arcs":[[3090,-3088,-26,3091,-3090]],"properties":{"市区町村名":"江別市","大字名":"朝日町","丁目名":null,"小字名":null,"地番":"6-21","精度区分":null,"座標系":"任意座標系"}},{"type":"Polygon","arcs":[[3092,-19,3093,3094,-3078]],"properties":{"市区町村名":"江別市","大字名":"朝日町","丁目名":null,"小字名":null,"地番":"6-11","精度区分":null,"座標系":"任意座標系"}},{"type":"Polygon","arcs":[[-3094,-18,-3073,3095]],"properties":{"市区町村名":"江別市","大字名":"朝日町","丁目名":null,"小字名":null,"地番":"6-12","精度区分":null,"座標系":"任意座標系"}},{"type":"Polygon","arcs":[[3096,-3076,-3055,-3081]],"properties":{"市区町村名":"江別市","大字名":"朝日町","丁目名":null,"小字名":null,"地番":"6-18","精度区分":null,"座標系":"任意座標系"}},{"type":"Polygon","arcs":[[-3080,3097,-3057,-3075,-3097]],"properties":{"市区町村名":"江別市","大字名":"朝日町","丁目名":null,"小字名":null,"地番":"6-22","精度区分":null,"座標系":"任意座標系"}},{"type":"Polygon","arcs":[[-3098,-3079,-3095,-3096,-3074,-3058]],"properties":{"市区町村名":"江別市","大字名":"朝日町","丁目名":null,"小字名":null,"地番":"6-14","精度区分":null,"座標系":"任意座標系"}},{"type":"Polygon","arcs":[[3098,-23,-20,-3093,3099]],"properties":{"市区町村名":"江別市","大字名":"朝日町","丁目名":null,"小字名":null,"地番":"6-10","精度区分":null,"座標系":"任意座標系"}},{"type":"Polygon","arcs":[[3100,-24,-3099,3101]],"properties":{"市区町村名":"江別市","大字名":"朝日町","丁目名":null,"小字名":null,"地番":"6-9","精度区分":null,"座標系":"任意座標系"}},{"type":"Polygon","arcs":[[-3092,-25,-3101,-3083]],"properties":{"市区町村名":"江別市","大字名":"朝日町","丁目名":null,"小字名":null,"地番":"6-8","精度区分":null,"座標系":"任意座標系"}},{"type":"Polygon","arcs":[[-3049,-3086,-3087,-3091,-3089]],"properties":{"市区町村名":"江別市","大字名":"朝日町","丁目名":null,"小字名":null,"地番":"6-20","精度区分":null,"座標系":"任意座標系"}},{"type":"Polygon","arcs":[[3102,3103,-3063]],"properties":{"市区町村名":"江別市","大字名":"朝日町","丁目名":null,"小字名":null,"地番":"5-5","精度区分":null,"座標系":"任意座標系"}},{"type":"Polygon","arcs":[[-3060,-15,3104,3105]],"properties":{"市区町村名":"江別市","大字名":"朝日町","丁目名":null,"小字名":null,"地番":"5-8","精度区分":null,"座標系":"任意座標系"}},{"type":"Polygon","arcs":[[3106,-11,-2812,3107]],"properties":{"市区町村名":"江別市","大字名":"朝日町","丁目名":null,"小字名":null,"地番":"5-12","精度区分":null,"座標系":"任意座標系"}},{"type":"Polygon","arcs":[[3108,3109,-2809,-3067]],"properties":{"市区町村名":"江別市","大字名":"朝日町","丁目名":null,"小字名":null,"地番":"5-1","精度区分":null,"座標系":"任意座標系"}},{"type":"Polygon","arcs":[[3110,-3061,-3106,3111]],"properties":{"市区町村名":"江別市","大字名":"朝日町","丁目名":null,"小字名":null,"地番":"5-7","精度区分":null,"座標系":"任意座標系"}},{"type":"Polygon","arcs":[[-3103,-3062,-3111,3112]],"properties":{"市区町村名":"江別市","大字名":"朝日町","丁目名":null,"小字名":null,"地番":"5-6","精度区分":null,"座標系":"任意座標系"}},{"type":"Polygon","arcs":[[-3105,-14,3113,3114,-3112]],"properties":{"市区町村名":"江別市","大字名":"朝日町","丁目名":null,"小字名":null,"地番":"5-9","精度区分":null,"座標系":"任意座標系"}},{"type":"Polygon","arcs":[[-3113,-3115,3115,-3064,-3104]],"properties":{"市区町村名":"江別市","大字名":"朝日町","丁目名":null,"小字名":null,"地番":"5-4","精度区分":null,"座標系":"任意座標系"}},{"type":"Polygon","arcs":[[3116,3117,-3065,-3116]],"properties":{"市区町村名":"江別市","大字名":"朝日町","丁目名":null,"小字名":null,"地番":"5-3","精度区分":null,"座標系":"任意座標系"}},{"type":"Polygon","arcs":[[3118,-12,-3107,3119,3120]],"properties":{"市区町村名":"江別市","大字名":"朝日町","丁目名":null,"小字名":null,"地番":"5-11","精度区分":null,"座標系":"任意座標系"}},{"type":"Polygon","arcs":[[-13,-3119,-3117,-3114]],"properties":{"市区町村名":"江別市","大字名":"朝日町","丁目名":null,"小字名":null,"地番":"5-10","精度区分":null,"座標系":"任意座標系"}},{"type":"Polygon","arcs":[[-3120,-3108,-2811,3121]],"properties":{"市区町村名":"江別市","大字名":"朝日町","丁目名":null,"小字名":null,"地番":"5-13","精度区分":null,"座標系":"任意座標系"}},{"type":"Polygon","arcs":[[-3110,3122,-3122,-2810]],"properties":{"市区町村名":"江別市","大字名":"朝日町","丁目名":null,"小字名":null,"地番":"5-14","精度区分":null,"座標系":"任意座標系"}},{"type":"Polygon","arcs":[[-3118,-3121,-3123,-3109,-3066]],"properties":{"市区町村名":"江別市","大字名":"朝日町","丁目名":null,"小字名":null,"地番":"5-2","精度区分":null,"座標系":"任意座標系"}},{"type":"Polygon","arcs":[[-3084,-3102,3123,-3052]],"properties":{"市区町村名":"江別市","大字名":"朝日町","丁目名":null,"小字名":null,"地番":"6-4","精度区分":null,"座標系":"任意座標系"}},{"type":"Polygon","arcs":[[-3124,-3100,-3077,-3053]],"properties":{"市区町村名":"江別市","大字名":"朝日町","丁目名":null,"小字名":null,"地番":"6-3","精度区分":null,"座標系":"任意座標系"}},{"type":"Polygon","arcs":[[-2841,3124,3125,3126,3127,3128]],"properties":{"市区町村名":"江別市","大字名":"朝日町","丁目名":null,"小字名":null,"地番":"50-5W5","精度区分":null,"座標系":"任意座標系"}},{"type":"Polygon","arcs":[[3129,-3127,3130,3131,3132]],"properties":{"市区町村名":"江別市","大字名":"朝日町","丁目名":null,"小字名":null,"地番":"41-12","精度区分":null,"座標系":"任意座標系"}},{"type":"Polygon","arcs":[[3133,3134,3135,3136,3137,3138]],"properties":{"市区町村名":"江別市","大字名":"朝日町","丁目名":null,"小字名":null,"地番":"41-28","精度区分":null,"座標系":"任意座標系"}},{"type":"Polygon","arcs":[[-3130,3139,3140,3141,3142,-3128]],"properties":{"市区町村名":"江別市","大字名":"朝日町","丁目名":null,"小字名":null,"地番":"41-11","精度区分":null,"座標系":"任意座標系"}},{"type":"Polygon","arcs":[[3143,3144,3145]],"properties":{"市区町村名":"江別市","大字名":"朝日町","丁目名":null,"小字名":null,"地番":"41-1","精度区分":null,"座標系":"任意座標系"}},{"type":"Polygon","arcs":[[3146,-3129,-3143,3147]],"properties":{"市区町村名":"江別市","大字名":"朝日町","丁目名":null,"小字名":null,"地番":"41-10","精度区分":null,"座標系":"任意座標系"}},{"type":"Polygon","arcs":[[-3148,-3142,3148,3149,3150,3151]],"properties":{"市区町村名":"江別市","大字名":"朝日町","丁目名":null,"小字名":null,"地番":"41-9","精度区分":null,"座標系":"任意座標系"}},{"type":"Polygon","arcs":[[3152,3153,3154,-3144]],"properties":{"市区町村名":"江別市","大字名":"朝日町","丁目名":null,"小字名":null,"地番":"41-21","精度区分":null,"座標系":"任意座標系"}},{"type":"Polygon","arcs":[[-3141,3155,3156,3157,3158,3159,-3149]],"properties":{"市区町村名":"江別市","大字名":"朝日町","丁目名":null,"小字名":null,"地番":"41-14","精度区分":null,"座標系":"任意座標系"}},{"type":"Polygon","arcs":[[-3133,3160,-3156,-3140]],"properties":{"市区町村名":"江別市","大字名":"朝日町","丁目名":null,"小字名":null,"地番":"41-13","精度区分":null,"座標系":"任意座標系"}},{"type":"Polygon","arcs":[[-3159,3161,3162,3163,3164]],"properties":{"市区町村名":"江別市","大字名":"朝日町","丁目名":null,"小字名":null,"地番":"41-15","精度区分":null,"座標系":"任意座標系"}},{"type":"Polygon","arcs":[[-3158,3165,-3162]],"properties":{"市区町村名":"江別市","大字名":"朝日町","丁目名":null,"小字名":null,"地番":"41-27","精度区分":null,"座標系":"任意座標系"}},{"type":"Polygon","arcs":[[-3164,3166,-3134,3167,3168,3169]],"properties":{"市区町村名":"江別市","大字名":"朝日町","丁目名":null,"小字名":null,"地番":"41-16","精度区分":null,"座標系":"任意座標系"}},{"type":"Polygon","arcs":[[-3137,3170,3171,3172,3173]],"properties":{"市区町村名":"江別市","大字名":"朝日町","丁目名":null,"小字名":null,"地番":"41-17","精度区分":null,"座標系":"任意座標系"}},{"type":"Polygon","arcs":[[-3136,3174,-3171]],"properties":{"市区町村名":"江別市","大字名":"朝日町","丁目名":null,"小字名":null,"地番":"41-29","精度区分":null,"座標系":"任意座標系"}},{"type":"Polygon","arcs":[[-3173,3175,3176,3177,3178]],"properties":{"市区町村名":"江別市","大字名":"朝日町","丁目名":null,"小字名":null,"地番":"41-18","精度区分":null,"座標系":"任意座標系"}},{"type":"Polygon","arcs":[[3179,3180,-3178,3181,3182,3183]],"properties":{"市区町村名":"江別市","大字名":"朝日町","丁目名":null,"小字名":null,"地番":"41-4","精度区分":null,"座標系":"任意座標系"}},{"type":"Polygon","arcs":[[3184,3185,-3138,-3174,-3179,-3181,3186]],"properties":{"市区町村名":"江別市","大字名":"朝日町","丁目名":null,"小字名":null,"地番":"41-5","精度区分":null,"座標系":"任意座標系"}},{"type":"Polygon","arcs":[[-3177,3187,3188,3189,-3182]],"properties":{"市区町村名":"江別市","大字名":"朝日町","丁目名":null,"小字名":null,"地番":"41-22","精度区分":null,"座標系":"任意座標系"}},{"type":"Polygon","arcs":[[-3190,3190,3191,3192,-3183]],"properties":{"市区町村名":"江別市","大字名":"朝日町","丁目名":null,"小字名":null,"地番":"41-3","精度区分":null,"座標系":"任意座標系"}},{"type":"Polygon","arcs":[[-3192,3193,3194,-3153,-3146,3195]],"properties":{"市区町村名":"江別市","大字名":"朝日町","丁目名":null,"小字名":null,"地番":"41-2","精度区分":null,"座標系":"任意座標系"}},{"type":"Polygon","arcs":[[-3180,3196,-3187]],"properties":{"市区町村名":"江別市","大字名":"朝日町","丁目名":null,"小字名":null,"地番":"41-23","精度区分":null,"座標系":"任意座標系"}},{"type":"Polygon","arcs":[[3197,3198,-3168,-3139,-3186,3199]],"properties":{"市区町村名":"江別市","大字名":"朝日町","丁目名":null,"小字名":null,"地番":"41-6","精度区分":null,"座標系":"任意座標系"}},{"type":"Polygon","arcs":[[3200,-3169,-3199,3201,3202]],"properties":{"市区町村名":"江別市","大字名":"朝日町","丁目名":null,"小字名":null,"地番":"41-7","精度区分":null,"座標系":"任意座標系"}},{"type":"Polygon","arcs":[[-3198,3203,3204,-3202]],"properties":{"市区町村名":"江別市","大字名":"朝日町","丁目名":null,"小字名":null,"地番":"41-24","精度区分":null,"座標系":"任意座標系"}},{"type":"Polygon","arcs":[[3205,3206,-3150,-3160,-3165,-3170,-3201]],"properties":{"市区町村名":"江別市","大字名":"朝日町","丁目名":null,"小字名":null,"地番":"41-8","精度区分":null,"座標系":"任意座標系"}},{"type":"Polygon","arcs":[[-3151,-3207,3207]],"properties":{"市区町村名":"江別市","大字名":"朝日町","丁目名":null,"小字名":null,"地番":"41-25","精度区分":null,"座標系":"任意座標系"}},{"type":"Polygon","arcs":[[3208,3209,3210]],"properties":{"市区町村名":"江別市","大字名":"朝日町","丁目名":null,"小字名":null,"地番":"33-13","精度区分":null,"座標系":"任意座標系"}},{"type":"Polygon","arcs":[[3211,3212,3213,3214]],"properties":{"市区町村名":"江別市","大字名":"朝日町","丁目名":null,"小字名":null,"地番":"33-8","精度区分":null,"座標系":"任意座標系"}},{"type":"Polygon","arcs":[[3215,3216,3217,3218]],"properties":{"市区町村名":"江別市","大字名":"朝日町","丁目名":null,"小字名":null,"地番":"33-6","精度区分":null,"座標系":"任意座標系"}},{"type":"Polygon","arcs":[[3219,3220,3221]],"properties":{"市区町村名":"江別市","大字名":"朝日町","丁目名":null,"小字名":null,"地番":"33-1","精度区分":null,"座標系":"任意座標系"}},{"type":"Polygon","arcs":[[3222,3223,3224,3225,-3209,3226,3227]],"properties":{"市区町村名":"江別市","大字名":"朝日町","丁目名":null,"小字名":null,"地番":"33-12","精度区分":null,"座標系":"任意座標系"}},{"type":"Polygon","arcs":[[3228,-3227,-3211,3229]],"properties":{"市区町村名":"江別市","大字名":"朝日町","丁目名":null,"小字名":null,"地番":"33-14","精度区分":null,"座標系":"任意座標系"}},{"type":"Polygon","arcs":[[3230,3231,-3228,-3229,3232,-3221]],"properties":{"市区町村名":"江別市","大字名":"朝日町","丁目名":null,"小字名":null,"地番":"33-15","精度区分":null,"座標系":"任意座標系"}},{"type":"Polygon","arcs":[[3233,-3225,3234]],"properties":{"市区町村名":"江別市","大字名":"朝日町","丁目名":null,"小字名":null,"地番":"33-11","精度区分":null,"座標系":"任意座標系"}},{"type":"Polygon","arcs":[[3235,-3231,-3220,3236]],"properties":{"市区町村名":"江別市","大字名":"朝日町","丁目名":null,"小字名":null,"地番":"33-16","精度区分":null,"座標系":"任意座標系"}},{"type":"Polygon","arcs":[[3237,-3223,-3232,-3236,3238]],"properties":{"市区町村名":"江別市","大字名":"朝日町","丁目名":null,"小字名":null,"地番":"33-2","精度区分":null,"座標系":"任意座標系"}},{"type":"Polygon","arcs":[[3239,3240,-3235,-3224,3241]],"properties":{"市区町村名":"江別市","大字名":"朝日町","丁目名":null,"小字名":null,"地番":"33-18","精度区分":null,"座標系":"任意座標系"}},{"type":"Polygon","arcs":[[3242,3243,-3240,3244]],"properties":{"市区町村名":"江別市","大字名":"朝日町","丁目名":null,"小字名":null,"地番":"33-19","精度区分":null,"座標系":"任意座標系"}},{"type":"Polygon","arcs":[[3245,3246,3247]],"properties":{"市区町村名":"江別市","大字名":"朝日町","丁目名":null,"小字名":null,"地番":"33-17","精度区分":null,"座標系":"任意座標系"}},{"type":"Polygon","arcs":[[3248,-3242,-3238,3249,-3247]],"properties":{"市区町村名":"江別市","大字名":"朝日町","丁目名":null,"小字名":null,"地番":"33-3","精度区分":null,"座標系":"任意座標系"}},{"type":"Polygon","arcs":[[3250,3251,-3214,3252,3253]],"properties":{"市区町村名":"江別市","大字名":"朝日町","丁目名":null,"小字名":null,"地番":"33-9","精度区分":null,"座標系":"任意座標系"}},{"type":"Polygon","arcs":[[3254,-3251,3255,3256,-3217]],"properties":{"市区町村名":"江別市","大字名":"朝日町","丁目名":null,"小字名":null,"地番":"33-5","精度区分":null,"座標系":"任意座標系"}},{"type":"Polygon","arcs":[[-3254,3257,-3243,3258]],"properties":{"市区町村名":"江別市","大字名":"朝日町","丁目名":null,"小字名":null,"地番":"33-10","精度区分":null,"座標系":"任意座標系"}},{"type":"Polygon","arcs":[[-3216,3259,-3215,-3252,-3255]],"properties":{"市区町村名":"江別市","大字名":"朝日町","丁目名":null,"小字名":null,"地番":"33-7","精度区分":null,"座標系":"任意座標系"}},{"type":"Polygon","arcs":[[3260,3261,3262,3263]],"properties":{"市区町村名":"江別市","大字名":"朝日町","丁目名":null,"小字名":null,"地番":"32-13","精度区分":null,"座標系":"任意座標系"}},{"type":"Polygon","arcs":[[3264,3265,3266,3267]],"properties":{"市区町村名":"江別市","大字名":"朝日町","丁目名":null,"小字名":null,"地番":"32-6","精度区分":null,"座標系":"任意座標系"}},{"type":"Polygon","arcs":[[3268,3269,3270]],"properties":{"市区町村名":"江別市","大字名":"朝日町","丁目名":null,"小字名":null,"地番":"32-23","精度区分":null,"座標系":"任意座標系"}},{"type":"Polygon","arcs":[[3271,3272,3273,3274,3275]],"properties":{"市区町村名":"江別市","大字名":"朝日町","丁目名":null,"小字名":null,"地番":"32-1","精度区分":null,"座標系":"任意座標系"}},{"type":"Polygon","arcs":[[3276,-3262,3277]],"properties":{"市区町村名":"江別市","大字名":"朝日町","丁目名":null,"小字名":null,"地番":"32-18","精度区分":null,"座標系":"任意座標系"}},{"type":"Polygon","arcs":[[3278,3279,3280,3281,3282]],"properties":{"市区町村名":"江別市","大字名":"朝日町","丁目名":null,"小字名":null,"地番":"32-11","精度区分":null,"座標系":"任意座標系"}},{"type":"Polygon","arcs":[[3283,3284,-3280]],"properties":{"市区町村名":"江別市","大字名":"朝日町","丁目名":null,"小字名":null,"地番":"32-19","精度区分":null,"座標系":"任意座標系"}},{"type":"Polygon","arcs":[[3285,3286,-3284,-3279,3287]],"properties":{"市区町村名":"江別市","大字名":"朝日町","丁目名":null,"小字名":null,"地番":"32-10","精度区分":null,"座標系":"任意座標系"}},{"type":"Polygon","arcs":[[3288,3289,-3267,3290,-3286,3291]],"properties":{"市区町村名":"江別市","大字名":"朝日町","丁目名":null,"小字名":null,"地番":"32-9","精度区分":null,"座標系":"任意座標系"}},{"type":"Polygon","arcs":[[-3269,3292,3293,3294,3295]],"properties":{"市区町村名":"江別市","大字名":"朝日町","丁目名":null,"小字名":null,"地番":"32-22","精度区分":null,"座標系":"任意座標系"}},{"type":"Polygon","arcs":[[-3294,3296,3297]],"properties":{"市区町村名":"江別市","大字名":"朝日町","丁目名":null,"小字名":null,"地番":"32-25","精度区分":null,"座標系":"任意座標系"}},{"type":"Polygon","arcs":[[3298,3299,-3289,3300,-3295,-3298,3301]],"properties":{"市区町村名":"江別市","大字名":"朝日町","丁目名":null,"小字名":null,"地番":"32-21","精度区分":null,"座標系":"任意座標系"}},{"type":"Polygon","arcs":[[-3268,-3290,-3300,3302,3303]],"properties":{"市区町村名":"江別市","大字名":"朝日町","丁目名":null,"小字名":null,"地番":"32-20","精度区分":null,"座標系":"任意座標系"}},{"type":"Polygon","arcs":[[3304,-3303,-3299]],"properties":{"市区町村名":"江別市","大字名":"朝日町","丁目名":null,"小字名":null,"地番":"32-24","精度区分":null,"座標系":"任意座標系"}},{"type":"Polygon","arcs":[[3305,-3272,3306,3307]],"properties":{"市区町村名":"江別市","大字名":"朝日町","丁目名":null,"小字名":null,"地番":"32-16","精度区分":null,"座標系":"任意座標系"}},{"type":"Polygon","arcs":[[3308,3309,-3283,3310,3311]],"properties":{"市区町村名":"江別市","大字名":"朝日町","丁目名":null,"小字名":null,"地番":"32-3","精度区分":null,"座標系":"任意座標系"}},{"type":"Polygon","arcs":[[3312,-3309,3313]],"properties":{"市区町村名":"江別市","大字名":"朝日町","丁目名":null,"小字名":null,"地番":"32-17","精度区分":null,"座標系":"任意座標系"}},{"type":"Polygon","arcs":[[3314,-3264,3315,3316]],"properties":{"市区町村名":"江別市","大字名":"朝日町","丁目名":null,"小字名":null,"地番":"32-14","精度区分":null,"座標系":"任意座標系"}},{"type":"Polygon","arcs":[[-3270,-3296,-3301,-3292,3317,3318]],"properties":{"市区町村名":"江別市","大字名":"朝日町","丁目名":null,"小字名":null,"地番":"32-5","精度区分":null,"座標系":"任意座標系"}},{"type":"Polygon","arcs":[[-3318,-3288,-3310,-3313,3319]],"properties":{"市区町村名":"江別市","大字名":"朝日町","丁目名":null,"小字名":null,"地番":"32-4","精度区分":null,"座標系":"任意座標系"}},{"type":"Polygon","arcs":[[-3256,-3259,-3245,-3249,-3246,3320]],"properties":{"市区町村名":"江別市","大字名":"朝日町","丁目名":null,"小字名":null,"地番":"33-4","精度区分":null,"座標系":"任意座標系"}},{"type":"Polygon","arcs":[[3321,3322,3323,3324,3325,3326,3327,3328,3329,3330,3331,3332,3333,3334,3335,3336,3337,3338,3339,3340,3341,3342,3343,3344,3345,3346,3347,3348,3349,3350,3351,3352,3353,3354,3355,3356,3357,3358,3359,3360,3361,3362,3363,3364,3365,3366,3367,3368,3369,3370,3371,3372,3373,3374,3375,3376,3377,3378,3379,3380,3381,3382,3383,3384,3385,3386,3387,3388,3389,3390,-2556,-2569,-2573,-2552,-2486,-2533,-2550,3391,-2529,-2473,-2512,-2508,-2461]],"properties":{"市区町村名":"江別市","大字名":"朝日町","丁目名":null,"小字名":null,"地番":"54W4","精度区分":null,"座標系":"任意座標系"}},{"type":"Polygon","arcs":[[-3391,3392,3393,3394,3395,3396,3397,3398,3399,3400,3401,3402,3403,-3371,3404,3405,3406,3407,-2450]],"properties":{"市区町村名":"江別市","大字名":"朝日町","丁目名":null,"小字名":null,"地番":"55W3","精度区分":null,"座標系":"任意座標系"}},{"type":"Polygon","arcs":[[3408,3409,3410,-3405,-3370]],"properties":{"市区町村名":"江別市","大字名":"朝日町","丁目名":null,"小字名":null,"地番":"40-1","精度区分":null,"座標系":"任意座標系"}},{"type":"Polygon","arcs":[[3411,3412,-3393,-3390]],"properties":{"市区町村名":"江別市","大字名":"朝日町","丁目名":null,"小字名":null,"地番":"39-18","精度区分":null,"座標系":"任意座標系"}},{"type":"Polygon","arcs":[[3413,3414,-3406,-3411]],"properties":{"市区町村名":"江別市","大字名":"朝日町","丁目名":null,"小字名":null,"地番":"40-21","精度区分":null,"座標系":"任意座標系"}},{"type":"Polygon","arcs":[[3415,3416,3417]],"properties":{"市区町村名":"江別市","大字名":"朝日町","丁目名":null,"小字名":null,"地番":"40-15","精度区分":null,"座標系":"任意座標系"}},{"type":"Polygon","arcs":[[3418,3419,3420,3421]],"properties":{"市区町村名":"江別市","大字名":"朝日町","丁目名":null,"小字名":null,"地番":"40-13","精度区分":null,"座標系":"任意座標系"}},{"type":"Polygon","arcs":[[3422,3423,3424,-3420]],"properties":{"市区町村名":"江別市","大字名":"朝日町","丁目名":null,"小字名":null,"地番":"40-12","精度区分":null,"座標系":"任意座標系"}},{"type":"Polygon","arcs":[[3425,3426,-3361,3427]],"properties":{"市区町村名":"江別市","大字名":"朝日町","丁目名":null,"小字名":null,"地番":"40-10","精度区分":null,"座標系":"任意座標系"}},{"type":"Polygon","arcs":[[3428,3429,-3414,-3410]],"properties":{"市区町村名":"江別市","大字名":"朝日町","丁目名":null,"小字名":null,"地番":"40-20","精度区分":null,"座標系":"任意座標系"}},{"type":"Polygon","arcs":[[3430,3431,-3429,3432]],"properties":{"市区町村名":"江別市","大字名":"朝日町","丁目名":null,"小字名":null,"地番":"40-19","精度区分":null,"座標系":"任意座標系"}},{"type":"Polygon","arcs":[[3433,3434,-3431,3435]],"properties":{"市区町村名":"江別市","大字名":"朝日町","丁目名":null,"小字名":null,"地番":"40-18","精度区分":null,"座標系":"任意座標系"}},{"type":"Polygon","arcs":[[3436,3437,-3434,3438]],"properties":{"市区町村名":"江別市","大字名":"朝日町","丁目名":null,"小字名":null,"地番":"40-17","精度区分":null,"座標系":"任意座標系"}},{"type":"Polygon","arcs":[[3439,-3418,3440,-3437,3441,3442,3443]],"properties":{"市区町村名":"江別市","大字名":"朝日町","丁目名":null,"小字名":null,"地番":"40-16","精度区分":null,"座標系":"任意座標系"}},{"type":"Polygon","arcs":[[3444,-3439,3445,-3367]],"properties":{"市区町村名":"江別市","大字名":"朝日町","丁目名":null,"小字名":null,"地番":"40-4","精度区分":null,"座標系":"任意座標系"}},{"type":"Polygon","arcs":[[3446,-3442,-3445,-3366]],"properties":{"市区町村名":"江別市","大字名":"朝日町","丁目名":null,"小字名":null,"地番":"40-5","精度区分":null,"座標系":"任意座標系"}},{"type":"Polygon","arcs":[[-3443,-3447,-3365,3447]],"properties":{"市区町村名":"江別市","大字名":"朝日町","丁目名":null,"小字名":null,"地番":"40-6","精度区分":null,"座標系":"任意座標系"}},{"type":"Polygon","arcs":[[3448,3449,-3444,-3448,-3364]],"properties":{"市区町村名":"江別市","大字名":"朝日町","丁目名":null,"小字名":null,"地番":"40-7","精度区分":null,"座標系":"任意座標系"}},{"type":"Polygon","arcs":[[3450,-3422,3451,-3416,-3440,-3450,3452,3453]],"properties":{"市区町村名":"江別市","大字名":"朝日町","丁目名":null,"小字名":null,"地番":"40-14","精度区分":null,"座標系":"任意座標系"}},{"type":"Polygon","arcs":[[3454,-3453,-3449,-3363]],"properties":{"市区町村名":"江別市","大字名":"朝日町","丁目名":null,"小字名":null,"地番":"40-8","精度区分":null,"座標系":"任意座標系"}},{"type":"Polygon","arcs":[[-3427,3455,3456,-3454,-3455,-3362]],"properties":{"市区町村名":"江別市","大字名":"朝日町","丁目名":null,"小字名":null,"地番":"40-9","精度区分":null,"座標系":"任意座標系"}},{"type":"Polygon","arcs":[[-3426,3457,3458,-3456]],"properties":{"市区町村名":"江別市","大字名":"朝日町","丁目名":null,"小字名":null,"地番":"40-22","精度区分":null,"座標系":"任意座標系"}},{"type":"Polygon","arcs":[[3459,-3423,-3419,-3451,-3457,-3459]],"properties":{"市区町村名":"江別市","大字名":"朝日町","丁目名":null,"小字名":null,"地番":"40-11","精度区分":null,"座標系":"任意座標系"}},{"type":"Polygon","arcs":[[3460,3461,-3401]],"properties":{"市区町村名":"江別市","大字名":"朝日町","丁目名":null,"小字名":null,"地番":"39-25","精度区分":null,"座標系":"任意座標系"}},{"type":"Polygon","arcs":[[3462,-3372,-3404,3463]],"properties":{"市区町村名":"江別市","大字名":"朝日町","丁目名":null,"小字名":null,"地番":"39-11","精度区分":null,"座標系":"任意座標系"}},{"type":"Polygon","arcs":[[3464,-3375,3465]],"properties":{"市区町村名":"江別市","大字名":"朝日町","丁目名":null,"小字名":null,"地番":"39-8","精度区分":null,"座標系":"任意座標系"}},{"type":"Polygon","arcs":[[3466,3467,-3387]],"properties":{"市区町村名":"江別市","大字名":"朝日町","丁目名":null,"小字名":null,"地番":"39-29","精度区分":null,"座標系":"任意座標系"}},{"type":"Polygon","arcs":[[3468,-3376,-3465,3469,3470]],"properties":{"市区町村名":"江別市","大字名":"朝日町","丁目名":null,"小字名":null,"地番":"39-7","精度区分":null,"座標系":"任意座標系"}},{"type":"Polygon","arcs":[[-3377,-3469,3471,3472,3473]],"properties":{"市区町村名":"江別市","大字名":"朝日町","丁目名":null,"小字名":null,"地番":"39-6","精度区分":null,"座標系":"任意座標系"}},{"type":"Polygon","arcs":[[-3472,3474,-3402,-3462,3475]],"properties":{"市区町村名":"江別市","大字名":"朝日町","丁目名":null,"小字名":null,"地番":"39-13","精度区分":null,"座標系":"任意座標系"}},{"type":"Polygon","arcs":[[3476,3477,-3399,3478,3479]],"properties":{"市区町村名":"江別市","大字名":"朝日町","丁目名":null,"小字名":null,"地番":"39-15","精度区分":null,"座標系":"任意座標系"}},{"type":"Polygon","arcs":[[3480,-3476,-3461,-3400,-3478]],"properties":{"市区町村名":"江別市","大字名":"朝日町","丁目名":null,"小字名":null,"地番":"39-14","精度区分":null,"座標系":"任意座標系"}},{"type":"Polygon","arcs":[[3481,3482,-3397]],"properties":{"市区町村名":"江別市","大字名":"朝日町","丁目名":null,"小字名":null,"地番":"39-27","精度区分":null,"座標系":"任意座標系"}},{"type":"Polygon","arcs":[[-3479,-3398,-3483]],"properties":{"市区町村名":"江別市","大字名":"朝日町","丁目名":null,"小字名":null,"地番":"39-26","精度区分":null,"座標系":"任意座標系"}},{"type":"Polygon","arcs":[[3483,3484,-3395,3485,3486]],"properties":{"市区町村名":"江別市","大字名":"朝日町","丁目名":null,"小字名":null,"地番":"39-17","精度区分":null,"座標系":"任意座標系"}},{"type":"Polygon","arcs":[[3487,-3480,-3482,-3396,-3485]],"properties":{"市区町村名":"江別市","大字名":"朝日町","丁目名":null,"小字名":null,"地番":"39-16","精度区分":null,"座標系":"任意座標系"}},{"type":"Polygon","arcs":[[-3486,-3394,-3413,3488]],"properties":{"市区町村名":"江別市","大字名":"朝日町","丁目名":null,"小字名":null,"地番":"39-28","精度区分":null,"座標系":"任意座標系"}},{"type":"Polygon","arcs":[[3489,3490,3491,-3388,-3468]],"properties":{"市区町村名":"江別市","大字名":"朝日町","丁目名":null,"小字名":null,"地番":"39-20","精度区分":null,"座標系":"任意座標系"}},{"type":"Polygon","arcs":[[-3467,-3386,3492,3493,-3490]],"properties":{"市区町村名":"江別市","大字名":"朝日町","丁目名":null,"小字名":null,"地番":"39-1","精度区分":null,"座標系":"任意座標系"}},{"type":"Polygon","arcs":[[-3492,-3487,-3489,-3412,-3389]],"properties":{"市区町村名":"江別市","大字名":"朝日町","丁目名":null,"小字名":null,"地番":"39-19","精度区分":null,"座標系":"任意座標系"}},{"type":"Polygon","arcs":[[-3383,3494,3495,-3488,3496]],"properties":{"市区町村名":"江別市","大字名":"朝日町","丁目名":null,"小字名":null,"地番":"39-3","精度区分":null,"座標系":"任意座標系"}},{"type":"Polygon","arcs":[[3497,-3373,-3463,3498]],"properties":{"市区町村名":"江別市","大字名":"朝日町","丁目名":null,"小字名":null,"地番":"39-10","精度区分":null,"座標系":"任意座標系"}},{"type":"Polygon","arcs":[[-3466,-3374,-3498,-3470]],"properties":{"市区町村名":"江別市","大字名":"朝日町","丁目名":null,"小字名":null,"地番":"39-9","精度区分":null,"座標系":"任意座標系"}},{"type":"Polygon","arcs":[[-3378,-3474,3499]],"properties":{"市区町村名":"江別市","大字名":"朝日町","丁目名":null,"小字名":null,"地番":"39-24","精度区分":null,"座標系":"任意座標系"}},{"type":"Polygon","arcs":[[-3379,-3500,-3473,-3481,3500]],"properties":{"市区町村名":"江別市","大字名":"朝日町","丁目名":null,"小字名":null,"地番":"39-5","精度区分":null,"座標系":"任意座標系"}},{"type":"Polygon","arcs":[[-3381,3501,3502]],"properties":{"市区町村名":"江別市","大字名":"朝日町","丁目名":null,"小字名":null,"地番":"39-23","精度区分":null,"座標系":"任意座標系"}},{"type":"Polygon","arcs":[[-3380,-3501,-3477,-3496,-3502]],"properties":{"市区町村名":"江別市","大字名":"朝日町","丁目名":null,"小字名":null,"地番":"39-4","精度区分":null,"座標系":"任意座標系"}},{"type":"Polygon","arcs":[[-3382,-3503,-3495]],"properties":{"市区町村名":"江別市","大字名":"朝日町","丁目名":null,"小字名":null,"地番":"39-22","精度区分":null,"座標系":"任意座標系"}},{"type":"Polygon","arcs":[[-3385,3503,-3493]],"properties":{"市区町村名":"江別市","大字名":"朝日町","丁目名":null,"小字名":null,"地番":"39-21","精度区分":null,"座標系":"任意座標系"}},{"type":"Polygon","arcs":[[-3384,-3497,-3484,-3491,-3494,-3504]],"properties":{"市区町村名":"江別市","大字名":"朝日町","丁目名":null,"小字名":null,"地番":"39-2","精度区分":null,"座標系":"任意座標系"}},{"type":"Polygon","arcs":[[3504,-3359,3505,3506]],"properties":{"市区町村名":"江別市","大字名":"朝日町","丁目名":null,"小字名":null,"地番":"34-8","精度区分":null,"座標系":"任意座標系"}},{"type":"Polygon","arcs":[[3507,-3354,3508]],"properties":{"市区町村名":"江別市","大字名":"朝日町","丁目名":null,"小字名":null,"地番":"34-13","精度区分":null,"座標系":"任意座標系"}},{"type":"Polygon","arcs":[[3509,3510,-3352]],"properties":{"市区町村名":"江別市","大字名":"朝日町","丁目名":null,"小字名":null,"地番":"34-1","精度区分":null,"座標系":"任意座標系"}},{"type":"Polygon","arcs":[[-3347,3511,3512,3513]],"properties":{"市区町村名":"江別市","大字名":"朝日町","丁目名":null,"小字名":null,"地番":"34-6","精度区分":null,"座標系":"任意座標系"}},{"type":"Polygon","arcs":[[3514,3515,-3506,-3358,3516]],"properties":{"市区町村名":"江別市","大字名":"朝日町","丁目名":null,"小字名":null,"地番":"34-9","精度区分":null,"座標系":"任意座標系"}},{"type":"Polygon","arcs":[[-3517,-3357,3517,3518]],"properties":{"市区町村名":"江別市","大字名":"朝日町","丁目名":null,"小字名":null,"地番":"34-10","精度区分":null,"座標系":"任意座標系"}},{"type":"Polygon","arcs":[[-3518,-3356,3519,3520]],"properties":{"市区町村名":"江別市","大字名":"朝日町","丁目名":null,"小字名":null,"地番":"34-11","精度区分":null,"座標系":"任意座標系"}},{"type":"Polygon","arcs":[[-3520,-3355,-3508,3521,3522]],"properties":{"市区町村名":"江別市","大字名":"朝日町","丁目名":null,"小字名":null,"地番":"34-12","精度区分":null,"座標系":"任意座標系"}},{"type":"Polygon","arcs":[[3523,-3522,-3509,-3353,-3511]],"properties":{"市区町村名":"江別市","大字名":"朝日町","丁目名":null,"小字名":null,"地番":"34-14","精度区分":null,"座標系":"任意座標系"}},{"type":"Polygon","arcs":[[-3514,3524,-3515,3525,-3348]],"properties":{"市区町村名":"江別市","大字名":"朝日町","丁目名":null,"小字名":null,"地番":"34-5","精度区分":null,"座標系":"任意座標系"}},{"type":"Polygon","arcs":[[-3513,3526,-3507,-3516,-3525]],"properties":{"市区町村名":"江別市","大字名":"朝日町","丁目名":null,"小字名":null,"地番":"34-7","精度区分":null,"座標系":"任意座標系"}},{"type":"Polygon","arcs":[[3527,-3335,3528]],"properties":{"市区町村名":"江別市","大字名":"朝日町","丁目名":null,"小字名":null,"地番":"35-15","精度区分":null,"座標系":"任意座標系"}},{"type":"Polygon","arcs":[[3529,3530,3531,-3332]],"properties":{"市区町村名":"江別市","大字名":"朝日町","丁目名":null,"小字名":null,"地番":"35-1","精度区分":null,"座標系":"任意座標系"}},{"type":"Polygon","arcs":[[-3322,3532,3533,3534]],"properties":{"市区町村名":"江別市","大字名":"朝日町","丁目名":null,"小字名":null,"地番":"35-7","精度区分":null,"座標系":"任意座標系"}},{"type":"Polygon","arcs":[[3535,-3345,3536,3537]],"properties":{"市区町村名":"江別市","大字名":"朝日町","丁目名":null,"小字名":null,"地番":"35-9","精度区分":null,"座標系":"任意座標系"}},{"type":"Polygon","arcs":[[3538,-3343,3539]],"properties":{"市区町村名":"江別市","大字名":"朝日町","丁目名":null,"小字名":null,"地番":"35-21","精度区分":null,"座標系":"任意座標系"}},{"type":"Polygon","arcs":[[3540,3541,-3537,-3344,-3539,3542]],"properties":{"市区町村名":"江別市","大字名":"朝日町","丁目名":null,"小字名":null,"地番":"35-10","精度区分":null,"座標系":"任意座標系"}},{"type":"Polygon","arcs":[[-3535,3543,3544,-3323]],"properties":{"市区町村名":"江別市","大字名":"朝日町","丁目名":null,"小字名":null,"地番":"35-6","精度区分":null,"座標系":"任意座標系"}},{"type":"Polygon","arcs":[[3545,-3541,3546,-3324,-3545]],"properties":{"市区町村名":"江別市","大字名":"朝日町","丁目名":null,"小字名":null,"地番":"35-24","精度区分":null,"座標系":"任意座標系"}},{"type":"Polygon","arcs":[[-3534,3547,-3538,-3542,-3546,-3544]],"properties":{"市区町村名":"江別市","大字名":"朝日町","丁目名":null,"小字名":null,"地番":"35-8","精度区分":null,"座標系":"任意座標系"}},{"type":"Polygon","arcs":[[3548,-3341,3549,3550,3551]],"properties":{"市区町村名":"江別市","大字名":"朝日町","丁目名":null,"小字名":null,"地番":"35-12","精度区分":null,"座標系":"任意座標系"}},{"type":"Polygon","arcs":[[3552,-3543,-3540,-3342,-3549]],"properties":{"市区町村名":"江別市","大字名":"朝日町","丁目名":null,"小字名":null,"地番":"35-11","精度区分":null,"座標系":"任意座標系"}},{"type":"Polygon","arcs":[[3553,-3339,3554]],"properties":{"市区町村名":"江別市","大字名":"朝日町","丁目名":null,"小字名":null,"地番":"35-19","精度区分":null,"座標系":"任意座標系"}},{"type":"Polygon","arcs":[[-3550,-3340,-3554]],"properties":{"市区町村名":"江別市","大字名":"朝日町","丁目名":null,"小字名":null,"地番":"35-17","精度区分":null,"座標系":"任意座標系"}},{"type":"Polygon","arcs":[[3555,-3337,3556,3557,3558]],"properties":{"市区町村名":"江別市","大字名":"朝日町","丁目名":null,"小字名":null,"地番":"35-14","精度区分":null,"座標系":"任意座標系"}},{"type":"Polygon","arcs":[[3559,-3551,-3555,-3338,-3556]],"properties":{"市区町村名":"江別市","大字名":"朝日町","丁目名":null,"小字名":null,"地番":"35-13","精度区分":null,"座標系":"任意座標系"}},{"type":"Polygon","arcs":[[-3557,-3336,-3528]],"properties":{"市区町村名":"江別市","大字名":"朝日町","丁目名":null,"小字名":null,"地番":"35-16","精度区分":null,"座標系":"任意座標系"}},{"type":"Polygon","arcs":[[-3330,3560,-3559,3561,-3531,3562]],"properties":{"市区町村名":"江別市","大字名":"朝日町","丁目名":null,"小字名":null,"地番":"35-2","精度区分":null,"座標系":"任意座標系"}},{"type":"Polygon","arcs":[[-3530,-3331,-3563]],"properties":{"市区町村名":"江別市","大字名":"朝日町","丁目名":null,"小字名":null,"地番":"35-18","精度区分":null,"座標系":"任意座標系"}},{"type":"Polygon","arcs":[[-3562,3563,-3333,-3532]],"properties":{"市区町村名":"江別市","大字名":"朝日町","丁目名":null,"小字名":null,"地番":"35-26","精度区分":null,"座標系":"任意座標系"}},{"type":"Polygon","arcs":[[3564,3565,-3552,3566,3567]],"properties":{"市区町村名":"江別市","大字名":"朝日町","丁目名":null,"小字名":null,"地番":"35-4","精度区分":null,"座標系":"任意座標系"}},{"type":"Polygon","arcs":[[3568,-3565,3569,-3326]],"properties":{"市区町村名":"江別市","大字名":"朝日町","丁目名":null,"小字名":null,"地番":"35-22","精度区分":null,"座標系":"任意座標系"}},{"type":"Polygon","arcs":[[-3547,-3553,-3566,-3569,-3325]],"properties":{"市区町村名":"江別市","大字名":"朝日町","丁目名":null,"小字名":null,"地番":"35-5","精度区分":null,"座標系":"任意座標系"}},{"type":"Polygon","arcs":[[3570,3571,-3328]],"properties":{"市区町村名":"江別市","大字名":"朝日町","丁目名":null,"小字名":null,"地番":"35-20","精度区分":null,"座標系":"任意座標系"}},{"type":"Polygon","arcs":[[-3567,-3560,-3561,-3329,-3572]],"properties":{"市区町村名":"江別市","大字名":"朝日町","丁目名":null,"小字名":null,"地番":"35-3","精度区分":null,"座標系":"任意座標系"}},{"type":"Polygon","arcs":[[-3570,-3568,-3571,-3327]],"properties":{"市区町村名":"江別市","大字名":"朝日町","丁目名":null,"小字名":null,"地番":"35-23","精度区分":null,"座標系":"任意座標系"}},{"type":"Polygon","arcs":[[-3564,-3558,-3529,-3334]],"properties":{"市区町村名":"江別市","大字名":"朝日町","丁目名":null,"小字名":null,"地番":"35-25","精度区分":null,"座標系":"任意座標系"}},{"type":"Polygon","arcs":[[3572,-3523,-3524,-3510,-3351]],"properties":{"市区町村名":"江別市","大字名":"朝日町","丁目名":null,"小字名":null,"地番":"34-2","精度区分":null,"座標系":"任意座標系"}},{"type":"Polygon","arcs":[[3573,-3521,-3573,-3350]],"properties":{"市区町村名":"江別市","大字名":"朝日町","丁目名":null,"小字名":null,"地番":"34-3","精度区分":null,"座標系":"任意座標系"}},{"type":"Polygon","arcs":[[-3526,-3519,-3574,-3349]],"properties":{"市区町村名":"江別市","大字名":"朝日町","丁目名":null,"小字名":null,"地番":"34-4","精度区分":null,"座標系":"任意座標系"}},{"type":"Polygon","arcs":[[-3471,-3499,-3464,-3403,-3475]],"properties":{"市区町村名":"江別市","大字名":"朝日町","丁目名":null,"小字名":null,"地番":"39-12","精度区分":null,"座標系":"任意座標系"}},{"type":"Polygon","arcs":[[-3446,-3436,3574,-3368]],"properties":{"市区町村名":"江別市","大字名":"朝日町","丁目名":null,"小字名":null,"地番":"40-3","精度区分":null,"座標系":"任意座標系"}},{"type":"Polygon","arcs":[[-3575,-3433,-3409,-3369]],"properties":{"市区町村名":"江別市","大字名":"朝日町","丁目名":null,"小字名":null,"地番":"40-2","精度区分":null,"座標系":"任意座標系"}},{"type":"Polygon","arcs":[[3575,3576,3577,3578,3579,3580,3581,3582,3583,3584,3585,3586,3587,3588,-3131,-3126]],"properties":{"市区町村名":"江別市","大字名":"東光町","丁目名":null,"小字名":null,"地番":"118W1","精度区分":null,"座標系":"任意座標系"}},{"type":"Polygon","arcs":[[-3132,-3589,3589,3590,3591,3592,3593,3594,3595,3596,3597,3598,3599,3600,3601,3602,3603,3604,-3188,-3176,-3172,-3175,-3135,-3167,-3163,-3166,-3157,-3161]],"properties":{"市区町村名":"江別市","大字名":"東光町","丁目名":null,"小字名":null,"地番":"119W1","精度区分":null,"座標系":"任意座標系"}},{"type":"Polygon","arcs":[[3605,3606,3607,-3581]],"properties":{"市区町村名":"江別市","大字名":"東光町","丁目名":null,"小字名":null,"地番":"107-5","精度区分":null,"座標系":"任意座標系"}},{"type":"Polygon","arcs":[[3608,3609,-3590,-3588]],"properties":{"市区町村名":"江別市","大字名":"東光町","丁目名":null,"小字名":null,"地番":"101-11","精度区分":null,"座標系":"任意座標系"}},{"type":"Polygon","arcs":[[3610,3611,3612]],"properties":{"市区町村名":"江別市","大字名":"東光町","丁目名":null,"小字名":null,"地番":"107-8","精度区分":null,"座標系":"任意座標系"}},{"type":"Polygon","arcs":[[3613,3614,3615,3616]],"properties":{"市区町村名":"江別市","大字名":"東光町","丁目名":null,"小字名":null,"地番":"107-14","精度区分":null,"座標系":"任意座標系"}},{"type":"Polygon","arcs":[[3617,-3585,3618,-3617]],"properties":{"市区町村名":"江別市","大字名":"東光町","丁目名":null,"小字名":null,"地番":"107-1","精度区分":null,"座標系":"任意座標系"}},{"type":"Polygon","arcs":[[3619,3620,3621,3622]],"properties":{"市区町村名":"江別市","大字名":"東光町","丁目名":null,"小字名":null,"地番":"106-1","精度区分":null,"座標系":"任意座標系"}},{"type":"Polygon","arcs":[[3623,3624,3625]],"properties":{"市区町村名":"江別市","大字名":"東光町","丁目名":null,"小字名":null,"地番":"106-6","精度区分":null,"座標系":"任意座標系"}},{"type":"Polygon","arcs":[[3626,3627,3628]],"properties":{"市区町村名":"江別市","大字名":"東光町","丁目名":null,"小字名":null,"地番":"106-8","精度区分":null,"座標系":"任意座標系"}},{"type":"Polygon","arcs":[[3629,3630,3631]],"properties":{"市区町村名":"江別市","大字名":"東光町","丁目名":null,"小字名":null,"地番":"106-12","精度区分":null,"座標系":"任意座標系"}},{"type":"Polygon","arcs":[[3632,-3629,3633,3634,3635,3636,3637,3638,3639,3640,-3625]],"properties":{"市区町村名":"江別市","大字名":"東光町","丁目名":null,"小字名":null,"地番":"106-7","精度区分":null,"座標系":"任意座標系"}},{"type":"Polygon","arcs":[[-3628,3641,3642,-3634]],"properties":{"市区町村名":"江別市","大字名":"東光町","丁目名":null,"小字名":null,"地番":"106-9","精度区分":null,"座標系":"任意座標系"}},{"type":"Polygon","arcs":[[3643,3644,3645,-3635,-3643]],"properties":{"市区町村名":"江別市","大字名":"東光町","丁目名":null,"小字名":null,"地番":"106-10","精度区分":null,"座標系":"任意座標系"}},{"type":"Polygon","arcs":[[-3645,3646,-3630,3647]],"properties":{"市区町村名":"江別市","大字名":"東光町","丁目名":null,"小字名":null,"地番":"106-11","精度区分":null,"座標系":"任意座標系"}},{"type":"Polygon","arcs":[[-3646,-3648,-3632,3648,-3636]],"properties":{"市区町村名":"江別市","大字名":"東光町","丁目名":null,"小字名":null,"地番":"106-13","精度区分":null,"座標系":"任意座標系"}},{"type":"Polygon","arcs":[[3649,-3638,3650,-3621]],"properties":{"市区町村名":"江別市","大字名":"東光町","丁目名":null,"小字名":null,"地番":"106-2","精度区分":null,"座標系":"任意座標系"}},{"type":"Polygon","arcs":[[-3641,3651,3652,-3626]],"properties":{"市区町村名":"江別市","大字名":"東光町","丁目名":null,"小字名":null,"地番":"106-5","精度区分":null,"座標系":"任意座標系"}},{"type":"Polygon","arcs":[[-3652,-3640,3653,3654]],"properties":{"市区町村名":"江別市","大字名":"東光町","丁目名":null,"小字名":null,"地番":"106-4","精度区分":null,"座標系":"任意座標系"}},{"type":"Polygon","arcs":[[-3639,-3650,-3620,3655,-3654]],"properties":{"市区町村名":"江別市","大字名":"東光町","丁目名":null,"小字名":null,"地番":"106-3","精度区分":null,"座標系":"任意座標系"}},{"type":"Polygon","arcs":[[-3619,-3584,3656,3657,-3614]],"properties":{"市区町村名":"江別市","大字名":"東光町","丁目名":null,"小字名":null,"地番":"107-2","精度区分":null,"座標系":"任意座標系"}},{"type":"Polygon","arcs":[[-3657,-3583,3658,3659]],"properties":{"市区町村名":"江別市","大字名":"東光町","丁目名":null,"小字名":null,"地番":"107-3","精度区分":null,"座標系":"任意座標系"}},{"type":"Polygon","arcs":[[-3659,-3582,-3608,3660]],"properties":{"市区町村名":"江別市","大字名":"東光町","丁目名":null,"小字名":null,"地番":"107-4","精度区分":null,"座標系":"任意座標系"}},{"type":"Polygon","arcs":[[3661,-3607,3662,3663]],"properties":{"市区町村名":"江別市","大字名":"東光町","丁目名":null,"小字名":null,"地番":"107-10","精度区分":null,"座標系":"任意座標系"}},{"type":"Polygon","arcs":[[-3662,3664,3665,-3661]],"properties":{"市区町村名":"江別市","大字名":"東光町","丁目名":null,"小字名":null,"地番":"107-11","精度区分":null,"座標系":"任意座標系"}},{"type":"Polygon","arcs":[[3666,3667,-3615,-3658]],"properties":{"市区町村名":"江別市","大字名":"東光町","丁目名":null,"小字名":null,"地番":"107-13","精度区分":null,"座標系":"任意座標系"}},{"type":"Polygon","arcs":[[-3663,3668,3669,-3613,3670]],"properties":{"市区町村名":"江別市","大字名":"東光町","丁目名":null,"小字名":null,"地番":"107-9","精度区分":null,"座標系":"任意座標系"}},{"type":"Polygon","arcs":[[-3606,-3580,3671,-3669]],"properties":{"市区町村名":"江別市","大字名":"東光町","丁目名":null,"小字名":null,"地番":"107-6","精度区分":null,"座標系":"任意座標系"}},{"type":"Polygon","arcs":[[-3672,-3579,3672,-3611,-3670]],"properties":{"市区町村名":"江別市","大字名":"東光町","丁目名":null,"小字名":null,"地番":"107-7","精度区分":null,"座標系":"任意座標系"}},{"type":"Polygon","arcs":[[3673,3674,3675]],"properties":{"市区町村名":"江別市","大字名":"東光町","丁目名":null,"小字名":null,"地番":"101-22","精度区分":null,"座標系":"任意座標系"}},{"type":"Polygon","arcs":[[3676,3677,-3591,-3610]],"properties":{"市区町村名":"江別市","大字名":"東光町","丁目名":null,"小字名":null,"地番":"101-10","精度区分":null,"座標系":"任意座標系"}},{"type":"Polygon","arcs":[[3678,3679,-3592,-3678]],"properties":{"市区町村名":"江別市","大字名":"東光町","丁目名":null,"小字名":null,"地番":"101-9","精度区分":null,"座標系":"任意座標系"}},{"type":"Polygon","arcs":[[3680,3681,-3593,-3680]],"properties":{"市区町村名":"江別市","大字名":"東光町","丁目名":null,"小字名":null,"地番":"101-8","精度区分":null,"座標系":"任意座標系"}},{"type":"Polygon","arcs":[[3682,3683,-3594,-3682]],"properties":{"市区町村名":"江別市","大字名":"東光町","丁目名":null,"小字名":null,"地番":"101-7","精度区分":null,"座標系":"任意座標系"}},{"type":"Polygon","arcs":[[3684,3685,-3595,-3684]],"properties":{"市区町村名":"江別市","大字名":"東光町","丁目名":null,"小字名":null,"地番":"101-6","精度区分":null,"座標系":"任意座標系"}},{"type":"Polygon","arcs":[[3686,3687,-3596,-3686]],"properties":{"市区町村名":"江別市","大字名":"東光町","丁目名":null,"小字名":null,"地番":"101-5","精度区分":null,"座標系":"任意座標系"}},{"type":"Polygon","arcs":[[3688,3689,3690,3691]],"properties":{"市区町村名":"江別市","大字名":"東光町","丁目名":null,"小字名":null,"地番":"101-19","精度区分":null,"座標系":"任意座標系"}},{"type":"Polygon","arcs":[[-3687,3692,3693,-3689]],"properties":{"市区町村名":"江別市","大字名":"東光町","丁目名":null,"小字名":null,"地番":"101-18","精度区分":null,"座標系":"任意座標系"}},{"type":"Polygon","arcs":[[-3688,-3692,3694,-3597]],"properties":{"市区町村名":"江別市","大字名":"東光町","丁目名":null,"小字名":null,"地番":"101-4","精度区分":null,"座標系":"任意座標系"}},{"type":"Polygon","arcs":[[3695,3696,-3598,-3695]],"properties":{"市区町村名":"江別市","大字名":"東光町","丁目名":null,"小字名":null,"地番":"101-3","精度区分":null,"座標系":"任意座標系"}},{"type":"Polygon","arcs":[[-3683,3697,3698,3699]],"properties":{"市区町村名":"江別市","大字名":"東光町","丁目名":null,"小字名":null,"地番":"101-16","精度区分":null,"座標系":"任意座標系"}},{"type":"Polygon","arcs":[[-3609,-3587,3700,3701]],"properties":{"市区町村名":"江別市","大字名":"東光町","丁目名":null,"小字名":null,"地番":"101-12","精度区分":null,"座標系":"任意座標系"}},{"type":"Polygon","arcs":[[-3681,3702,3703,-3698]],"properties":{"市区町村名":"江別市","大字名":"東光町","丁目名":null,"小字名":null,"地番":"101-15","精度区分":null,"座標系":"任意座標系"}},{"type":"Polygon","arcs":[[-3679,3704,3705,-3703]],"properties":{"市区町村名":"江別市","大字名":"東光町","丁目名":null,"小字名":null,"地番":"101-14","精度区分":null,"座標系":"任意座標系"}},{"type":"Polygon","arcs":[[-3677,-3702,3706,-3705]],"properties":{"市区町村名":"江別市","大字名":"東光町","丁目名":null,"小字名":null,"地番":"101-13","精度区分":null,"座標系":"任意座標系"}},{"type":"Polygon","arcs":[[3707,3708,3709,-3675]],"properties":{"市区町村名":"江別市","大字名":"東光町","丁目名":null,"小字名":null,"地番":"101-21","精度区分":null,"座標系":"任意座標系"}},{"type":"Polygon","arcs":[[-3696,-3691,3710,-3709]],"properties":{"市区町村名":"江別市","大字名":"東光町","丁目名":null,"小字名":null,"地番":"101-20","精度区分":null,"座標系":"任意座標系"}},{"type":"Polygon","arcs":[[-3685,-3700,3711,-3693]],"properties":{"市区町村名":"江別市","大字名":"東光町","丁目名":null,"小字名":null,"地番":"101-17","精度区分":null,"座標系":"任意座標系"}},{"type":"Polygon","arcs":[[-3666,3712,-3667,-3660]],"properties":{"市区町村名":"江別市","大字名":"東光町","丁目名":null,"小字名":null,"地番":"107-12","精度区分":null,"座標系":"任意座標系"}},{"type":"Polygon","arcs":[[3713,3714,3715,3716,3717,3718,3719,3720,3721,3722,3723,3724,3725,3726,3727,3728,3729,3730,3731,3732,3733,3734,3735,3736,3737,3738,3739,3740,3741,3742,3743,3744,3745,3746,3747,3748,3749,3750,3751,3752,3753,3754,3755,3756,3757,3758,3759,3760,3761,3762,3763,3764,3765,3766,3767,3768,3769,3770]],"properties":{"市区町村名":"江別市","大字名":"東光町","丁目名":null,"小字名":null,"地番":"120W2","精度区分":null,"座標系":"任意座標系"}},{"type":"Polygon","arcs":[[3771,3772,3773,-3761,3774,3775,3776,3777,3778,3779,3780,-3749,3781,3782]],"properties":{"市区町村名":"江別市","大字名":"東光町","丁目名":null,"小字名":null,"地番":"121W1","精度区分":null,"座標系":"任意座標系"}},{"type":"Polygon","arcs":[[-3425,-3602,3783,3784,3785,3786,3787,3788,3789,3790,3791,3792,3793,-3772,3794,-3407,-3415,-3430,-3432,-3435,-3438,-3441,-3417,-3452,-3421]],"properties":{"市区町村名":"江別市","大字名":"東光町","丁目名":null,"小字名":null,"地番":"119W2","精度区分":null,"座標系":"任意座標系"}},{"type":"Polygon","arcs":[[3795,-3773,-3794,3796]],"properties":{"市区町村名":"江別市","大字名":"東光町","丁目名":null,"小字名":null,"地番":"102-1","精度区分":null,"座標系":"任意座標系"}},{"type":"Polygon","arcs":[[-3791,3797,3798,3799]],"properties":{"市区町村名":"江別市","大字名":"東光町","丁目名":null,"小字名":null,"地番":"102-4","精度区分":null,"座標系":"任意座標系"}},{"type":"Polygon","arcs":[[3800,3801,-3775,-3760]],"properties":{"市区町村名":"江別市","大字名":"東光町","丁目名":null,"小字名":null,"地番":"103-15","精度区分":null,"座標系":"任意座標系"}},{"type":"Polygon","arcs":[[-3796,3802,-3762,-3774]],"properties":{"市区町村名":"江別市","大字名":"東光町","丁目名":null,"小字名":null,"地番":"102-22","精度区分":null,"座標系":"任意座標系"}},{"type":"Polygon","arcs":[[3803,3804,-3714,3805]],"properties":{"市区町村名":"江別市","大字名":"東光町","丁目名":null,"小字名":null,"地番":"102-12","精度区分":null,"座標系":"任意座標系"}},{"type":"Polygon","arcs":[[-3804,3806,-3784,3807]],"properties":{"市区町村名":"江別市","大字名":"東光町","丁目名":null,"小字名":null,"地番":"102-11","精度区分":null,"座標系":"任意座標系"}},{"type":"Polygon","arcs":[[-3806,-3771,3808,3809]],"properties":{"市区町村名":"江別市","大字名":"東光町","丁目名":null,"小字名":null,"地番":"102-13","精度区分":null,"座標系":"任意座標系"}},{"type":"Polygon","arcs":[[-3807,-3810,3810,-3785]],"properties":{"市区町村名":"江別市","大字名":"東光町","丁目名":null,"小字名":null,"地番":"102-10","精度区分":null,"座標系":"任意座標系"}},{"type":"Polygon","arcs":[[3811,3812,-3786,-3811]],"properties":{"市区町村名":"江別市","大字名":"東光町","丁目名":null,"小字名":null,"地番":"102-9","精度区分":null,"座標系":"任意座標系"}},{"type":"Polygon","arcs":[[3813,-3769,3814,3815]],"properties":{"市区町村名":"江別市","大字名":"東光町","丁目名":null,"小字名":null,"地番":"102-15","精度区分":null,"座標系":"任意座標系"}},{"type":"Polygon","arcs":[[-3812,-3809,-3770,-3814]],"properties":{"市区町村名":"江別市","大字名":"東光町","丁目名":null,"小字名":null,"地番":"102-14","精度区分":null,"座標系":"任意座標系"}},{"type":"Polygon","arcs":[[-3813,-3816,3816,-3787]],"properties":{"市区町村名":"江別市","大字名":"東光町","丁目名":null,"小字名":null,"地番":"102-8","精度区分":null,"座標系":"任意座標系"}},{"type":"Polygon","arcs":[[3817,3818,-3788,-3817]],"properties":{"市区町村名":"江別市","大字名":"東光町","丁目名":null,"小字名":null,"地番":"102-7","精度区分":null,"座標系":"任意座標系"}},{"type":"Polygon","arcs":[[3819,-3767,3820,3821]],"properties":{"市区町村名":"江別市","大字名":"東光町","丁目名":null,"小字名":null,"地番":"102-17","精度区分":null,"座標系":"任意座標系"}},{"type":"Polygon","arcs":[[-3818,-3815,-3768,-3820]],"properties":{"市区町村名":"江別市","大字名":"東光町","丁目名":null,"小字名":null,"地番":"102-16","精度区分":null,"座標系":"任意座標系"}},{"type":"Polygon","arcs":[[-3819,-3822,3822,-3789]],"properties":{"市区町村名":"江別市","大字名":"東光町","丁目名":null,"小字名":null,"地番":"102-6","精度区分":null,"座標系":"任意座標系"}},{"type":"Polygon","arcs":[[3823,-3798,-3790,-3823]],"properties":{"市区町村名":"江別市","大字名":"東光町","丁目名":null,"小字名":null,"地番":"102-5","精度区分":null,"座標系":"任意座標系"}},{"type":"Polygon","arcs":[[3824,-3765,3825,-3799]],"properties":{"市区町村名":"江別市","大字名":"東光町","丁目名":null,"小字名":null,"地番":"102-19","精度区分":null,"座標系":"任意座標系"}},{"type":"Polygon","arcs":[[-3824,-3821,-3766,-3825]],"properties":{"市区町村名":"江別市","大字名":"東光町","丁目名":null,"小字名":null,"地番":"102-18","精度区分":null,"座標系":"任意座標系"}},{"type":"Polygon","arcs":[[3826,3827,-3792,-3800]],"properties":{"市区町村名":"江別市","大字名":"東光町","丁目名":null,"小字名":null,"地番":"102-3","精度区分":null,"座標系":"任意座標系"}},{"type":"Polygon","arcs":[[3828,-3763,-3803,3829]],"properties":{"市区町村名":"江別市","大字名":"東光町","丁目名":null,"小字名":null,"地番":"102-21","精度区分":null,"座標系":"任意座標系"}},{"type":"Polygon","arcs":[[-3827,-3826,-3764,-3829]],"properties":{"市区町村名":"江別市","大字名":"東光町","丁目名":null,"小字名":null,"地番":"102-20","精度区分":null,"座標系":"任意座標系"}},{"type":"Polygon","arcs":[[-3828,-3830,-3797,-3793]],"properties":{"市区町村名":"江別市","大字名":"東光町","丁目名":null,"小字名":null,"地番":"102-2","精度区分":null,"座標系":"任意座標系"}},{"type":"Polygon","arcs":[[3830,3831,3832,3833,-3716]],"properties":{"市区町村名":"江別市","大字名":"東光町","丁目名":null,"小字名":null,"地番":"104-7","精度区分":null,"座標系":"任意座標系"}},{"type":"Polygon","arcs":[[3834,-3729,3835,-3833]],"properties":{"市区町村名":"江別市","大字名":"東光町","丁目名":null,"小字名":null,"地番":"104-8","精度区分":null,"座標系":"任意座標系"}},{"type":"Polygon","arcs":[[3836,-3723,3837]],"properties":{"市区町村名":"江別市","大字名":"東光町","丁目名":null,"小字名":null,"地番":"104-14","精度区分":null,"座標系":"任意座標系"}},{"type":"Polygon","arcs":[[-3838,-3722,3838]],"properties":{"市区町村名":"江別市","大字名":"東光町","丁目名":null,"小字名":null,"地番":"104-1","精度区分":null,"座標系":"任意座標系"}},{"type":"Polygon","arcs":[[3839,3840,-3839,-3721]],"properties":{"市区町村名":"江別市","大字名":"東光町","丁目名":null,"小字名":null,"地番":"104-2","精度区分":null,"座標系":"任意座標系"}},{"type":"Polygon","arcs":[[3841,-3724,-3837,-3841]],"properties":{"市区町村名":"江別市","大字名":"東光町","丁目名":null,"小字名":null,"地番":"104-13","精度区分":null,"座標系":"任意座標系"}},{"type":"Polygon","arcs":[[3842,-3725,-3842,3843]],"properties":{"市区町村名":"江別市","大字名":"東光町","丁目名":null,"小字名":null,"地番":"104-12","精度区分":null,"座標系":"任意座標系"}},{"type":"Polygon","arcs":[[3844,3845,3846,-3719]],"properties":{"市区町村名":"江別市","大字名":"東光町","丁目名":null,"小字名":null,"地番":"104-4","精度区分":null,"座標系":"任意座標系"}},{"type":"Polygon","arcs":[[-3844,-3840,-3720,-3847]],"properties":{"市区町村名":"江別市","大字名":"東光町","丁目名":null,"小字名":null,"地番":"104-3","精度区分":null,"座標系":"任意座標系"}},{"type":"Polygon","arcs":[[3847,-3726,-3843,-3846]],"properties":{"市区町村名":"江別市","大字名":"東光町","丁目名":null,"小字名":null,"地番":"104-11","精度区分":null,"座標系":"任意座標系"}},{"type":"Polygon","arcs":[[3848,-3727,-3848,3849]],"properties":{"市区町村名":"江別市","大字名":"東光町","丁目名":null,"小字名":null,"地番":"104-10","精度区分":null,"座標系":"任意座標系"}},{"type":"Polygon","arcs":[[-3834,3850,3851,-3717]],"properties":{"市区町村名":"江別市","大字名":"東光町","丁目名":null,"小字名":null,"地番":"104-6","精度区分":null,"座標系":"任意座標系"}},{"type":"Polygon","arcs":[[-3850,-3845,-3718,-3852]],"properties":{"市区町村名":"江別市","大字名":"東光町","丁目名":null,"小字名":null,"地番":"104-5","精度区分":null,"座標系":"任意座標系"}},{"type":"Polygon","arcs":[[-3836,-3728,-3849,-3851]],"properties":{"市区町村名":"江別市","大字名":"東光町","丁目名":null,"小字名":null,"地番":"104-9","精度区分":null,"座標系":"任意座標系"}},{"type":"Polygon","arcs":[[3852,-3731]],"properties":{"市区町村名":"江別市","大字名":"東光町","丁目名":null,"小字名":null,"地番":"105","精度区分":null,"座標系":"任意座標系"}},{"type":"Polygon","arcs":[[3853,3854,-3758]],"properties":{"市区町村名":"江別市","大字名":"東光町","丁目名":null,"小字名":null,"地番":"103-1","精度区分":null,"座標系":"任意座標系"}},{"type":"Polygon","arcs":[[-3752,3855,3856]],"properties":{"市区町村名":"江別市","大字名":"東光町","丁目名":null,"小字名":null,"地番":"103-7","精度区分":null,"座標系":"任意座標系"}},{"type":"Polygon","arcs":[[3857,-3750,-3781,3858]],"properties":{"市区町村名":"江別市","大字名":"東光町","丁目名":null,"小字名":null,"地番":"103-9","精度区分":null,"座標系":"任意座標系"}},{"type":"Polygon","arcs":[[-3854,-3757,3859,3860,3861]],"properties":{"市区町村名":"江別市","大字名":"東光町","丁目名":null,"小字名":null,"地番":"103-2","精度区分":null,"座標系":"任意座標系"}},{"type":"Polygon","arcs":[[-3860,-3756,3862,3863]],"properties":{"市区町村名":"江別市","大字名":"東光町","丁目名":null,"小字名":null,"地番":"103-3","精度区分":null,"座標系":"任意座標系"}},{"type":"Polygon","arcs":[[-3863,-3755,3864,3865]],"properties":{"市区町村名":"江別市","大字名":"東光町","丁目名":null,"小字名":null,"地番":"103-4","精度区分":null,"座標系":"任意座標系"}},{"type":"Polygon","arcs":[[-3865,-3754,3866,3867]],"properties":{"市区町村名":"江別市","大字名":"東光町","丁目名":null,"小字名":null,"地番":"103-5","精度区分":null,"座標系":"任意座標系"}},{"type":"Polygon","arcs":[[-3867,-3753,-3857,3868,3869]],"properties":{"市区町村名":"江別市","大字名":"東光町","丁目名":null,"小字名":null,"地番":"103-6","精度区分":null,"座標系":"任意座標系"}},{"type":"Polygon","arcs":[[-3856,-3751,-3858,3870,-3869]],"properties":{"市区町村名":"江別市","大字名":"東光町","丁目名":null,"小字名":null,"地番":"103-8","精度区分":null,"座標系":"任意座標系"}},{"type":"Polygon","arcs":[[3871,-3776,-3802,3872,-3861]],"properties":{"市区町村名":"江別市","大字名":"東光町","丁目名":null,"小字名":null,"地番":"103-14","精度区分":null,"座標系":"任意座標系"}},{"type":"Polygon","arcs":[[-3855,-3862,-3873,-3801,-3759]],"properties":{"市区町村名":"江別市","大字名":"東光町","丁目名":null,"小字名":null,"地番":"103-16","精度区分":null,"座標系":"任意座標系"}},{"type":"Polygon","arcs":[[-3871,-3859,-3780,3873,-3870]],"properties":{"市区町村名":"江別市","大字名":"東光町","丁目名":null,"小字名":null,"地番":"103-10","精度区分":null,"座標系":"任意座標系"}},{"type":"Polygon","arcs":[[-3874,-3779,3874,-3868]],"properties":{"市区町村名":"江別市","大字名":"東光町","丁目名":null,"小字名":null,"地番":"103-11","精度区分":null,"座標系":"任意座標系"}},{"type":"Polygon","arcs":[[-3875,-3778,3875,-3866]],"properties":{"市区町村名":"江別市","大字名":"東光町","丁目名":null,"小字名":null,"地番":"103-12","精度区分":null,"座標系":"任意座標系"}},{"type":"Polygon","arcs":[[-3876,-3777,-3872,-3864]],"properties":{"市区町村名":"江別市","大字名":"東光町","丁目名":null,"小字名":null,"地番":"103-13","精度区分":null,"座標系":"任意座標系"}},{"type":"Polygon","arcs":[[-3782,3876,3877,3878,3879,3880,3881,3882,3883,3884,3885]],"properties":{"市区町村名":"江別市","大字名":"東光町","丁目名":null,"小字名":null,"地番":"121W2","精度区分":null,"座標系":"任意座標系"}},{"type":"Polygon","arcs":[[3886,-3877,-3748,3887]],"properties":{"市区町村名":"江別市","大字名":"東光町","丁目名":null,"小字名":null,"地番":"112-17","精度区分":null,"座標系":"任意座標系"}},{"type":"Polygon","arcs":[[-3746,3888,3889,3890]],"properties":{"市区町村名":"江別市","大字名":"東光町","丁目名":null,"小字名":null,"地番":"112-1","精度区分":null,"座標系":"任意座標系"}},{"type":"Polygon","arcs":[[3891,3892,3893]],"properties":{"市区町村名":"江別市","大字名":"東光町","丁目名":null,"小字名":null,"地番":"112-8","精度区分":null,"座標系":"任意座標系"}},{"type":"Polygon","arcs":[[-3893,3894,3895,3896,3897]],"properties":{"市区町村名":"江別市","大字名":"東光町","丁目名":null,"小字名":null,"地番":"112-9","精度区分":null,"座標系":"任意座標系"}},{"type":"Polygon","arcs":[[-3896,3898,-3884,3899]],"properties":{"市区町村名":"江別市","大字名":"東光町","丁目名":null,"小字名":null,"地番":"112-10","精度区分":null,"座標系":"任意座標系"}},{"type":"Polygon","arcs":[[3900,3901,-3880,3902]],"properties":{"市区町村名":"江別市","大字名":"東光町","丁目名":null,"小字名":null,"地番":"112-14","精度区分":null,"座標系":"任意座標系"}},{"type":"Polygon","arcs":[[3903,3904,-3894,-3898,3905]],"properties":{"市区町村名":"江別市","大字名":"東光町","丁目名":null,"小字名":null,"地番":"112-7","精度区分":null,"座標系":"任意座標系"}},{"type":"Polygon","arcs":[[3906,3907,-3904,3908]],"properties":{"市区町村名":"江別市","大字名":"東光町","丁目名":null,"小字名":null,"地番":"112-6","精度区分":null,"座標系":"任意座標系"}},{"type":"Polygon","arcs":[[3909,3910,-3907,3911]],"properties":{"市区町村名":"江別市","大字名":"東光町","丁目名":null,"小字名":null,"地番":"112-5","精度区分":null,"座標系":"任意座標系"}},{"type":"Polygon","arcs":[[3912,3913,-3910,-3901]],"properties":{"市区町村名":"江別市","大字名":"東光町","丁目名":null,"小字名":null,"地番":"112-4","精度区分":null,"座標系":"任意座標系"}},{"type":"Polygon","arcs":[[3914,3915,-3913,3916]],"properties":{"市区町村名":"江別市","大字名":"東光町","丁目名":null,"小字名":null,"地番":"112-3","精度区分":null,"座標系":"任意座標系"}},{"type":"Polygon","arcs":[[-3890,3917,-3915,3918,3919]],"properties":{"市区町村名":"江別市","大字名":"東光町","丁目名":null,"小字名":null,"地番":"112-2","精度区分":null,"座標系":"任意座標系"}},{"type":"Polygon","arcs":[[-3891,-3920,3920,-3888,-3747]],"properties":{"市区町村名":"江別市","大字名":"東光町","丁目名":null,"小字名":null,"地番":"112-18","精度区分":null,"座標系":"任意座標系"}},{"type":"Polygon","arcs":[[-3906,-3897,-3900,-3883,3921]],"properties":{"市区町村名":"江別市","大字名":"東光町","丁目名":null,"小字名":null,"地番":"112-11","精度区分":null,"座標系":"任意座標系"}},{"type":"Polygon","arcs":[[3922,3923,3924,3925]],"properties":{"市区町村名":"江別市","大字名":"東光町","丁目名":null,"小字名":null,"地番":"113-8","精度区分":null,"座標系":"任意座標系"}},{"type":"Polygon","arcs":[[3926,3927,3928,3929]],"properties":{"市区町村名":"江別市","大字名":"東光町","丁目名":null,"小字名":null,"地番":"113-10","精度区分":null,"座標系":"任意座標系"}},{"type":"Polygon","arcs":[[3930,3931,3932,3933,3934]],"properties":{"市区町村名":"江別市","大字名":"東光町","丁目名":null,"小字名":null,"地番":"113-21","精度区分":null,"座標系":"任意座標系"}},{"type":"Polygon","arcs":[[3935,3936,3937,3938,-3933]],"properties":{"市区町村名":"江別市","大字名":"東光町","丁目名":null,"小字名":null,"地番":"113-16","精度区分":null,"座標系":"任意座標系"}},{"type":"Polygon","arcs":[[-3937,3939,3940]],"properties":{"市区町村名":"江別市","大字名":"東光町","丁目名":null,"小字名":null,"地番":"113-17","精度区分":null,"座標系":"任意座標系"}},{"type":"Polygon","arcs":[[-3941,3941,3942]],"properties":{"市区町村名":"江別市","大字名":"東光町","丁目名":null,"小字名":null,"地番":"113-1","精度区分":null,"座標系":"任意座標系"}},{"type":"Polygon","arcs":[[3943,3944,3945,-3931,3946]],"properties":{"市区町村名":"江別市","大字名":"東光町","丁目名":null,"小字名":null,"地番":"113-20","精度区分":null,"座標系":"任意座標系"}},{"type":"Polygon","arcs":[[3947,3948,-3929,3949,3950]],"properties":{"市区町村名":"江別市","大字名":"東光町","丁目名":null,"小字名":null,"地番":"113-11","精度区分":null,"座標系":"任意座標系"}},{"type":"Polygon","arcs":[[3951,-3948,3952,3953,-3925]],"properties":{"市区町村名":"江別市","大字名":"東光町","丁目名":null,"小字名":null,"地番":"113-7","精度区分":null,"座標系":"任意座標系"}},{"type":"Polygon","arcs":[[-3924,3954,-3930,-3949,-3952]],"properties":{"市区町村名":"江別市","大字名":"東光町","丁目名":null,"小字名":null,"地番":"113-9","精度区分":null,"座標系":"任意座標系"}},{"type":"Polygon","arcs":[[-3953,3955,3956,3957]],"properties":{"市区町村名":"江別市","大字名":"東光町","丁目名":null,"小字名":null,"地番":"113-6","精度区分":null,"座標系":"任意座標系"}},{"type":"Polygon","arcs":[[-3951,3958,3959,-3956]],"properties":{"市区町村名":"江別市","大字名":"東光町","丁目名":null,"小字名":null,"地番":"113-12","精度区分":null,"座標系":"任意座標系"}},{"type":"Polygon","arcs":[[3960,-3938,-3943,3961]],"properties":{"市区町村名":"江別市","大字名":"東光町","丁目名":null,"小字名":null,"地番":"113-18","精度区分":null,"座標系":"任意座標系"}},{"type":"Polygon","arcs":[[-3934,-3939,-3961,3962,3963]],"properties":{"市区町村名":"江別市","大字名":"東光町","丁目名":null,"小字名":null,"地番":"113-19","精度区分":null,"座標系":"任意座標系"}},{"type":"Polygon","arcs":[[3964,-3947,-3935,-3964,3965]],"properties":{"市区町村名":"江別市","大字名":"東光町","丁目名":null,"小字名":null,"地番":"113-2","精度区分":null,"座標系":"任意座標系"}},{"type":"Polygon","arcs":[[3966,3967,3968,3969]],"properties":{"市区町村名":"江別市","大字名":"東光町","丁目名":null,"小字名":null,"地番":"111-10","精度区分":null,"座標系":"任意座標系"}},{"type":"Polygon","arcs":[[3970,3971,3972,3973]],"properties":{"市区町村名":"江別市","大字名":"東光町","丁目名":null,"小字名":null,"地番":"111-17","精度区分":null,"座標系":"任意座標系"}},{"type":"Polygon","arcs":[[-3973,3974,3975]],"properties":{"市区町村名":"江別市","大字名":"東光町","丁目名":null,"小字名":null,"地番":"111-1","精度区分":null,"座標系":"任意座標系"}},{"type":"Polygon","arcs":[[3976,3977,3978,3979]],"properties":{"市区町村名":"江別市","大字名":"東光町","丁目名":null,"小字名":null,"地番":"111-8","精度区分":null,"座標系":"任意座標系"}},{"type":"Polygon","arcs":[[-3980,3980,3981,3982,3983]],"properties":{"市区町村名":"江別市","大字名":"東光町","丁目名":null,"小字名":null,"地番":"111-7","精度区分":null,"座標系":"任意座標系"}},{"type":"Polygon","arcs":[[-3979,3984,-3970,3985,-3981]],"properties":{"市区町村名":"江別市","大字名":"東光町","丁目名":null,"小字名":null,"地番":"111-9","精度区分":null,"座標系":"任意座標系"}},{"type":"Polygon","arcs":[[-3986,-3969,3986,3987,-3982]],"properties":{"市区町村名":"江別市","大字名":"東光町","丁目名":null,"小字名":null,"地番":"111-11","精度区分":null,"座標系":"任意座標系"}},{"type":"Polygon","arcs":[[3988,3989,3990,3991,3992]],"properties":{"市区町村名":"江別市","大字名":"東光町","丁目名":null,"小字名":null,"地番":"111-19","精度区分":null,"座標系":"任意座標系"}},{"type":"Polygon","arcs":[[3993,3994,-3990,3995,3996]],"properties":{"市区町村名":"江別市","大字名":"東光町","丁目名":null,"小字名":null,"地番":"111-13","精度区分":null,"座標系":"任意座標系"}},{"type":"Polygon","arcs":[[-3983,3997,3998,3999]],"properties":{"市区町村名":"江別市","大字名":"東光町","丁目名":null,"小字名":null,"地番":"111-6","精度区分":null,"座標系":"任意座標系"}},{"type":"Polygon","arcs":[[-3988,4000,-3997,4001,-3998]],"properties":{"市区町村名":"江別市","大字名":"東光町","丁目名":null,"小字名":null,"地番":"111-12","精度区分":null,"座標系":"任意座標系"}},{"type":"Polygon","arcs":[[-4002,-3996,-3989,4002,-3999]],"properties":{"市区町村名":"江別市","大字名":"東光町","丁目名":null,"小字名":null,"地番":"111-5","精度区分":null,"座標系":"任意座標系"}},{"type":"Polygon","arcs":[[-3995,4003,4004,4005,-3991]],"properties":{"市区町村名":"江別市","大字名":"東光町","丁目名":null,"小字名":null,"地番":"111-14","精度区分":null,"座標系":"任意座標系"}},{"type":"Polygon","arcs":[[-3992,-4006,4006,4007,4008]],"properties":{"市区町村名":"江別市","大字名":"東光町","丁目名":null,"小字名":null,"地番":"111-18","精度区分":null,"座標系":"任意座標系"}},{"type":"Polygon","arcs":[[-4005,4009,4010,4011,-4007]],"properties":{"市区町村名":"江別市","大字名":"東光町","丁目名":null,"小字名":null,"地番":"111-15","精度区分":null,"座標系":"任意座標系"}},{"type":"Polygon","arcs":[[4012,-3971,4013,4014,4015,-4011]],"properties":{"市区町村名":"江別市","大字名":"東光町","丁目名":null,"小字名":null,"地番":"111-16","精度区分":null,"座標系":"任意座標系"}},{"type":"Polygon","arcs":[[-4008,-4012,-4016,4016,4017]],"properties":{"市区町村名":"江別市","大字名":"東光町","丁目名":null,"小字名":null,"地番":"111-4","精度区分":null,"座標系":"任意座標系"}},{"type":"Polygon","arcs":[[-4015,4018,4019,-4017]],"properties":{"市区町村名":"江別市","大字名":"東光町","丁目名":null,"小字名":null,"地番":"111-3","精度区分":null,"座標系":"任意座標系"}},{"type":"Polygon","arcs":[[-4019,-4014,-3974,-3976,4020]],"properties":{"市区町村名":"江別市","大字名":"東光町","丁目名":null,"小字名":null,"地番":"111-2","精度区分":null,"座標系":"任意座標系"}},{"type":"Polygon","arcs":[[4021,4022,4023,4024]],"properties":{"市区町村名":"江別市","大字名":"東光町","丁目名":null,"小字名":null,"地番":"110-17","精度区分":null,"座標系":"任意座標系"}},{"type":"Polygon","arcs":[[4025,4026,4027,4028]],"properties":{"市区町村名":"江別市","大字名":"東光町","丁目名":null,"小字名":null,"地番":"110-19","精度区分":null,"座標系":"任意座標系"}},{"type":"Polygon","arcs":[[4029,4030,4031]],"properties":{"市区町村名":"江別市","大字名":"東光町","丁目名":null,"小字名":null,"地番":"110-31","精度区分":null,"座標系":"任意座標系"}},{"type":"Polygon","arcs":[[4032,4033,-3744,4034]],"properties":{"市区町村名":"江別市","大字名":"東光町","丁目名":null,"小字名":null,"地番":"110-1","精度区分":null,"座標系":"任意座標系"}},{"type":"Polygon","arcs":[[4035,4036,4037,4038,4039]],"properties":{"市区町村名":"江別市","大字名":"東光町","丁目名":null,"小字名":null,"地番":"110-27","精度区分":null,"座標系":"任意座標系"}},{"type":"Polygon","arcs":[[4040,-4036,4041,4042,-3738,4043]],"properties":{"市区町村名":"江別市","大字名":"東光町","丁目名":null,"小字名":null,"地番":"110-7","精度区分":null,"座標系":"任意座標系"}},{"type":"Polygon","arcs":[[4044,4045,4046,4047,4048]],"properties":{"市区町村名":"江別市","大字名":"東光町","丁目名":null,"小字名":null,"地番":"110-22","精度区分":null,"座標系":"任意座標系"}},{"type":"Polygon","arcs":[[4049,4050,4051,-4045,4052,4053]],"properties":{"市区町村名":"江別市","大字名":"東光町","丁目名":null,"小字名":null,"地番":"110-14","精度区分":null,"座標系":"任意座標系"}},{"type":"Polygon","arcs":[[-4023,4054,-4029,4055,4056]],"properties":{"市区町村名":"江別市","大字名":"東光町","丁目名":null,"小字名":null,"地番":"110-18","精度区分":null,"座標系":"任意座標系"}},{"type":"Polygon","arcs":[[-4028,4057,4058,4059,-4056]],"properties":{"市区町村名":"江別市","大字名":"東光町","丁目名":null,"小字名":null,"地番":"110-20","精度区分":null,"座標系":"任意座標系"}},{"type":"Polygon","arcs":[[-4059,4060,-4046,-4052,4061]],"properties":{"市区町村名":"江別市","大字名":"東光町","丁目名":null,"小字名":null,"地番":"110-21","精度区分":null,"座標系":"任意座標系"}},{"type":"Polygon","arcs":[[-4048,4062,4063,4064,4065]],"properties":{"市区町村名":"江別市","大字名":"東光町","丁目名":null,"小字名":null,"地番":"110-23","精度区分":null,"座標系":"任意座標系"}},{"type":"Polygon","arcs":[[4066,4067,4068,4069,-4064]],"properties":{"市区町村名":"江別市","大字名":"東光町","丁目名":null,"小字名":null,"地番":"110-24","精度区分":null,"座標系":"任意座標系"}},{"type":"Polygon","arcs":[[-4068,4070,4071,4072,4073]],"properties":{"市区町村名":"江別市","大字名":"東光町","丁目名":null,"小字名":null,"地番":"110-25","精度区分":null,"座標系":"任意座標系"}},{"type":"Polygon","arcs":[[-4072,4074,-4037,-4041,4075]],"properties":{"市区町村名":"江別市","大字名":"東光町","丁目名":null,"小字名":null,"地番":"110-26","精度区分":null,"座標系":"任意座標系"}},{"type":"Polygon","arcs":[[-4039,4076,4077,4078,4079]],"properties":{"市区町村名":"江別市","大字名":"東光町","丁目名":null,"小字名":null,"地番":"110-28","精度区分":null,"座標系":"任意座標系"}},{"type":"Polygon","arcs":[[4080,4081,4082,4083,-4078]],"properties":{"市区町村名":"江別市","大字名":"東光町","丁目名":null,"小字名":null,"地番":"110-29","精度区分":null,"座標系":"任意座標系"}},{"type":"Polygon","arcs":[[-4082,4084,-4032,4085,4086]],"properties":{"市区町村名":"江別市","大字名":"東光町","丁目名":null,"小字名":null,"地番":"110-30","精度区分":null,"座標系":"任意座標系"}},{"type":"Polygon","arcs":[[-3743,4087,4088,-4083,-4087,4089,-4035]],"properties":{"市区町村名":"江別市","大字名":"東光町","丁目名":null,"小字名":null,"地番":"110-2","精度区分":null,"座標系":"任意座標系"}},{"type":"Polygon","arcs":[[-4090,-4086,-4031,4090,-4033]],"properties":{"市区町村名":"江別市","大字名":"東光町","丁目名":null,"小字名":null,"地番":"110-32","精度区分":null,"座標系":"任意座標系"}},{"type":"Polygon","arcs":[[4091,-4088,-3742]],"properties":{"市区町村名":"江別市","大字名":"東光町","丁目名":null,"小字名":null,"地番":"110-3","精度区分":null,"座標系":"任意座標系"}},{"type":"Polygon","arcs":[[-4079,-4084,-4089,-4092,-3741,4092]],"properties":{"市区町村名":"江別市","大字名":"東光町","丁目名":null,"小字名":null,"地番":"110-4","精度区分":null,"座標系":"任意座標系"}},{"type":"Polygon","arcs":[[4093,-4042,-4040,-4080,-4093,-3740]],"properties":{"市区町村名":"江別市","大字名":"東光町","丁目名":null,"小字名":null,"地番":"110-5","精度区分":null,"座標系":"任意座標系"}},{"type":"Polygon","arcs":[[-4094,-3739,-4043]],"properties":{"市区町村名":"江別市","大字名":"東光町","丁目名":null,"小字名":null,"地番":"110-6","精度区分":null,"座標系":"任意座標系"}},{"type":"Polygon","arcs":[[4094,4095,-4073,-4076,-4044,-3737]],"properties":{"市区町村名":"江別市","大字名":"東光町","丁目名":null,"小字名":null,"地番":"110-8","精度区分":null,"座標系":"任意座標系"}},{"type":"Polygon","arcs":[[-4095,-3736,4096]],"properties":{"市区町村名":"江別市","大字名":"東光町","丁目名":null,"小字名":null,"地番":"110-9","精度区分":null,"座標系":"任意座標系"}},{"type":"Polygon","arcs":[[-4069,-4074,-4096,-4097,-3735,4097]],"properties":{"市区町村名":"江別市","大字名":"東光町","丁目名":null,"小字名":null,"地番":"110-10","精度区分":null,"座標系":"任意座標系"}},{"type":"Polygon","arcs":[[4098,4099,-4065,-4070,-4098,-3734]],"properties":{"市区町村名":"江別市","大字名":"東光町","丁目名":null,"小字名":null,"地番":"110-11","精度区分":null,"座標系":"任意座標系"}},{"type":"Polygon","arcs":[[-4099,-3733,4100,4101]],"properties":{"市区町村名":"江別市","大字名":"東光町","丁目名":null,"小字名":null,"地番":"110-12","精度区分":null,"座標系":"任意座標系"}},{"type":"Polygon","arcs":[[-4049,-4066,-4100,-4102,4102,-4053]],"properties":{"市区町村名":"江別市","大字名":"東光町","丁目名":null,"小字名":null,"地番":"110-13","精度区分":null,"座標系":"任意座標系"}},{"type":"Polygon","arcs":[[-4050,4103,4104]],"properties":{"市区町村名":"江別市","大字名":"東光町","丁目名":null,"小字名":null,"地番":"110-15","精度区分":null,"座標系":"任意座標系"}},{"type":"Polygon","arcs":[[4105,-4024,-4057,-4060,-4062,-4051,-4105]],"properties":{"市区町村名":"江別市","大字名":"東光町","丁目名":null,"小字名":null,"地番":"110-16","精度区分":null,"座標系":"任意座標系"}},{"type":"Polygon","arcs":[[-3919,4106,-3878,-3887,-3921]],"properties":{"市区町村名":"江別市","大字名":"東光町","丁目名":null,"小字名":null,"地番":"112-16","精度区分":null,"座標系":"任意座標系"}},{"type":"Polygon","arcs":[[-3917,-3903,-3879,-4107]],"properties":{"市区町村名":"江別市","大字名":"東光町","丁目名":null,"小字名":null,"地番":"112-15","精度区分":null,"座標系":"任意座標系"}},{"type":"Polygon","arcs":[[-3912,4107,-3881,-3902]],"properties":{"市区町村名":"江別市","大字名":"東光町","丁目名":null,"小字名":null,"地番":"112-13","精度区分":null,"座標系":"任意座標系"}},{"type":"Polygon","arcs":[[-3909,-3922,-3882,-4108]],"properties":{"市区町村名":"江別市","大字名":"東光町","丁目名":null,"小字名":null,"地番":"112-12","精度区分":null,"座標系":"任意座標系"}},{"type":"Polygon","arcs":[[4108,4109,4110,4111,4112]],"properties":{"市区町村名":"江別市","大字名":"東光町","丁目名":null,"小字名":null,"地番":"115-5","精度区分":null,"座標系":"任意座標系"}},{"type":"Polygon","arcs":[[-3577,4113,-4110,4114,4115,4116,4117,4118,4119,4120,4121,4122,4123,4124,4125]],"properties":{"市区町村名":"江別市","大字名":"東光町","丁目名":null,"小字名":null,"地番":"118W2","精度区分":null,"座標系":"任意座標系"}},{"type":"Polygon","arcs":[[-4126,4126,4127,4128,4129]],"properties":{"市区町村名":"江別市","大字名":"東光町","丁目名":null,"小字名":null,"地番":"108-1","精度区分":null,"座標系":"任意座標系"}},{"type":"Polygon","arcs":[[-4125,4130,4131,4132,4133,-4127]],"properties":{"市区町村名":"江別市","大字名":"東光町","丁目名":null,"小字名":null,"地番":"108-2","精度区分":null,"座標系":"任意座標系"}},{"type":"Polygon","arcs":[[-4128,4134,-4133,4135,4136,4137]],"properties":{"市区町村名":"江別市","大字名":"東光町","丁目名":null,"小字名":null,"地番":"108-12","精度区分":null,"座標系":"任意座標系"}},{"type":"Polygon","arcs":[[-4134,-4135]],"properties":{"市区町村名":"江別市","大字名":"東光町","丁目名":null,"小字名":null,"地番":"108-14","精度区分":null,"座標系":"任意座標系"}},{"type":"Polygon","arcs":[[-4136,-4132,4138,4139,4140,4141]],"properties":{"市区町村名":"江別市","大字名":"東光町","丁目名":null,"小字名":null,"地番":"108-11","精度区分":null,"座標系":"任意座標系"}},{"type":"Polygon","arcs":[[4142,-4123,4143,4144,-4140]],"properties":{"市区町村名":"江別市","大字名":"東光町","丁目名":null,"小字名":null,"地番":"108-4","精度区分":null,"座標系":"任意座標系"}},{"type":"Polygon","arcs":[[-4141,-4145,4145,4146,4147]],"properties":{"市区町村名":"江別市","大字名":"東光町","丁目名":null,"小字名":null,"地番":"108-10","精度区分":null,"座標系":"任意座標系"}},{"type":"Polygon","arcs":[[-4144,-4122,4148,4149,-4146]],"properties":{"市区町村名":"江別市","大字名":"東光町","丁目名":null,"小字名":null,"地番":"108-5","精度区分":null,"座標系":"任意座標系"}},{"type":"Polygon","arcs":[[-4147,-4150,4150,4151,4152]],"properties":{"市区町村名":"江別市","大字名":"東光町","丁目名":null,"小字名":null,"地番":"108-9","精度区分":null,"座標系":"任意座標系"}},{"type":"Polygon","arcs":[[4153,4154,4155,-4151,-4149,-4121]],"properties":{"市区町村名":"江別市","大字名":"東光町","丁目名":null,"小字名":null,"地番":"108-6","精度区分":null,"座標系":"任意座標系"}},{"type":"Polygon","arcs":[[4156,-4155,4157,4158]],"properties":{"市区町村名":"江別市","大字名":"東光町","丁目名":null,"小字名":null,"地番":"108-8","精度区分":null,"座標系":"任意座標系"}},{"type":"Polygon","arcs":[[-4154,-4120,4159,-4158]],"properties":{"市区町村名":"江別市","大字名":"東光町","丁目名":null,"小字名":null,"地番":"108-7","精度区分":null,"座標系":"任意座標系"}},{"type":"Polygon","arcs":[[4160,4161,4162,-4118]],"properties":{"市区町村名":"江別市","大字名":"東光町","丁目名":null,"小字名":null,"地番":"115-1","精度区分":null,"座標系":"任意座標系"}},{"type":"Polygon","arcs":[[-4152,-4156,-4157,4163]],"properties":{"市区町村名":"江別市","大字名":"東光町","丁目名":null,"小字名":null,"地番":"108-15","精度区分":null,"座標系":"任意座標系"}},{"type":"Polygon","arcs":[[-4129,-4138,4164,4165]],"properties":{"市区町村名":"江別市","大字名":"東光町","丁目名":null,"小字名":null,"地番":"108-13","精度区分":null,"座標系":"任意座標系"}},{"type":"Polygon","arcs":[[-4131,-4124,-4143,-4139]],"properties":{"市区町村名":"江別市","大字名":"東光町","丁目名":null,"小字名":null,"地番":"108-3","精度区分":null,"座標系":"任意座標系"}},{"type":"Polygon","arcs":[[4166,4167,4168,4169,4170]],"properties":{"市区町村名":"江別市","大字名":"東光町","丁目名":null,"小字名":null,"地番":"109-1","精度区分":null,"座標系":"任意座標系"}},{"type":"Polygon","arcs":[[4171,4172,4173,-4168]],"properties":{"市区町村名":"江別市","大字名":"東光町","丁目名":null,"小字名":null,"地番":"109-2","精度区分":null,"座標系":"任意座標系"}},{"type":"Polygon","arcs":[[4174,4175,4176,4177,4178]],"properties":{"市区町村名":"江別市","大字名":"東光町","丁目名":null,"小字名":null,"地番":"109-4","精度区分":null,"座標系":"任意座標系"}},{"type":"Polygon","arcs":[[4179,4180,4181]],"properties":{"市区町村名":"江別市","大字名":"東光町","丁目名":null,"小字名":null,"地番":"109-7","精度区分":null,"座標系":"任意座標系"}},{"type":"Polygon","arcs":[[-4181,4182,4183,4184]],"properties":{"市区町村名":"江別市","大字名":"東光町","丁目名":null,"小字名":null,"地番":"109-8","精度区分":null,"座標系":"任意座標系"}},{"type":"Polygon","arcs":[[4185,4186,4187,-4170]],"properties":{"市区町村名":"江別市","大字名":"東光町","丁目名":null,"小字名":null,"地番":"109-13","精度区分":null,"座標系":"任意座標系"}},{"type":"Polygon","arcs":[[-4169,-4174,4188,4189,4190,-4186]],"properties":{"市区町村名":"江別市","大字名":"東光町","丁目名":null,"小字名":null,"地番":"109-12","精度区分":null,"座標系":"任意座標系"}},{"type":"Polygon","arcs":[[-4173,4191,-4179,4192,-4189]],"properties":{"市区町村名":"江別市","大字名":"東光町","丁目名":null,"小字名":null,"地番":"109-3","精度区分":null,"座標系":"任意座標系"}},{"type":"Polygon","arcs":[[-4190,-4193,-4178,4193,4194]],"properties":{"市区町村名":"江別市","大字名":"東光町","丁目名":null,"小字名":null,"地番":"109-11","精度区分":null,"座標系":"任意座標系"}},{"type":"Polygon","arcs":[[4195,4196,-4182,-4185,4197,4198]],"properties":{"市区町村名":"江別市","大字名":"東光町","丁目名":null,"小字名":null,"地番":"109-6","精度区分":null,"座標系":"任意座標系"}},{"type":"Polygon","arcs":[[-4184,4199,4200,-4198]],"properties":{"市区町村名":"江別市","大字名":"東光町","丁目名":null,"小字名":null,"地番":"109-9","精度区分":null,"座標系":"任意座標系"}},{"type":"Polygon","arcs":[[-4162,4201,4202,4203,4204]],"properties":{"市区町村名":"江別市","大字名":"東光町","丁目名":null,"小字名":null,"地番":"115-10","精度区分":null,"座標系":"任意座標系"}},{"type":"Polygon","arcs":[[-4112,4205,4206,4207]],"properties":{"市区町村名":"江別市","大字名":"東光町","丁目名":null,"小字名":null,"地番":"115-6","精度区分":null,"座標系":"任意座標系"}},{"type":"Polygon","arcs":[[-4203,4208,4209,4210,4211,4212]],"properties":{"市区町村名":"江別市","大字名":"東光町","丁目名":null,"小字名":null,"地番":"115-9","精度区分":null,"座標系":"任意座標系"}},{"type":"Polygon","arcs":[[4213,-4116,4214,-4210]],"properties":{"市区町村名":"江別市","大字名":"東光町","丁目名":null,"小字名":null,"地番":"115-3","精度区分":null,"座標系":"任意座標系"}},{"type":"Polygon","arcs":[[-4215,-4115,-4109,4215,4216,-4211]],"properties":{"市区町村名":"江別市","大字名":"東光町","丁目名":null,"小字名":null,"地番":"115-4","精度区分":null,"座標系":"任意座標系"}},{"type":"Polygon","arcs":[[-4217,4217,4218,-4212]],"properties":{"市区町村名":"江別市","大字名":"東光町","丁目名":null,"小字名":null,"地番":"115-8","精度区分":null,"座標系":"任意座標系"}},{"type":"Polygon","arcs":[[-4216,-4113,-4208,4219,-4218]],"properties":{"市区町村名":"江別市","大字名":"東光町","丁目名":null,"小字名":null,"地番":"115-7","精度区分":null,"座標系":"任意座標系"}},{"type":"Polygon","arcs":[[-4161,-4117,-4214,-4209,-4202]],"properties":{"市区町村名":"江別市","大字名":"東光町","丁目名":null,"小字名":null,"地番":"115-2","精度区分":null,"座標系":"任意座標系"}},{"type":"Polygon","arcs":[[4220,4221,4222]],"properties":{"市区町村名":"江別市","大字名":"東光町","丁目名":null,"小字名":null,"地番":"114-3","精度区分":null,"座標系":"任意座標系"}},{"type":"Polygon","arcs":[[4223,4224,4225]],"properties":{"市区町村名":"江別市","大字名":"東光町","丁目名":null,"小字名":null,"地番":"114-6","精度区分":null,"座標系":"任意座標系"}},{"type":"Polygon","arcs":[[4226,4227,4228,4229]],"properties":{"市区町村名":"江別市","大字名":"東光町","丁目名":null,"小字名":null,"地番":"114-7","精度区分":null,"座標系":"任意座標系"}},{"type":"Polygon","arcs":[[-4229,4230,-4223,4231]],"properties":{"市区町村名":"江別市","大字名":"東光町","丁目名":null,"小字名":null,"地番":"114-2","精度区分":null,"座標系":"任意座標系"}},{"type":"Polygon","arcs":[[-4230,-4232,4232,4233,-4224,4234]],"properties":{"市区町村名":"江別市","大字名":"東光町","丁目名":null,"小字名":null,"地番":"114-5","精度区分":null,"座標系":"任意座標系"}},{"type":"Polygon","arcs":[[4235,4236,4237,4238,-3317]],"properties":{"市区町村名":"江別市","大字名":"朝日町","丁目名":null,"小字名":null,"地番":"32-26","精度区分":null,"座標系":"任意座標系"}},{"type":"Polygon","arcs":[[4239,-3274,4240,-4237]],"properties":{"市区町村名":"江別市","大字名":"朝日町","丁目名":null,"小字名":null,"地番":"32-15","精度区分":null,"座標系":"任意座標系"}},{"type":"Polygon","arcs":[[-37,4241,4242,4243]],"properties":{"市区町村名":"江別市","大字名":"あけぼの町","丁目名":null,"小字名":null,"地番":"36-1","精度区分":null,"座標系":"任意座標系"}},{"type":"Polygon","arcs":[[-4243,4244,-616,-753,4245]],"properties":{"市区町村名":"江別市","大字名":"あけぼの町","丁目名":null,"小字名":null,"地番":"36-34","精度区分":null,"座標系":"任意座標系"}},{"type":"Polygon","arcs":[[-4245,-4242,-36,-617]],"properties":{"市区町村名":"江別市","大字名":"あけぼの町","丁目名":null,"小字名":null,"地番":"36-33","精度区分":null,"座標系":"任意座標系"}},{"type":"Polygon","arcs":[[-755,-757,-38,-4244,-4246]],"properties":{"市区町村名":"江別市","大字名":"あけぼの町","丁目名":null,"小字名":null,"地番":"36-27","精度区分":null,"座標系":"任意座標系"}},{"type":"Polygon","arcs":[[4246,4247,4248,-4199,-4201]],"properties":{"市区町村名":"江別市","大字名":"東光町","丁目名":null,"小字名":null,"地番":"109-14","精度区分":null,"座標系":"任意座標系"}},{"type":"Polygon","arcs":[[4249,-4194,-4177,4250,-4248]],"properties":{"市区町村名":"江別市","大字名":"東光町","丁目名":null,"小字名":null,"地番":"109-10","精度区分":null,"座標系":"任意座標系"}},{"type":"Polygon","arcs":[[-4176,4251,-4196,-4249,-4251]],"properties":{"市区町村名":"江別市","大字名":"東光町","丁目名":null,"小字名":null,"地番":"109-5","精度区分":null,"座標系":"任意座標系"}},{"type":"Polygon","arcs":[[-4226,4252,4253,-4235]],"properties":{"市区町村名":"江別市","大字名":"東光町","丁目名":null,"小字名":null,"地番":"114-8","精度区分":null,"座標系":"任意座標系"}},{"type":"Polygon","arcs":[[-4254,4254,4255,-4227]],"properties":{"市区町村名":"江別市","大字名":"東光町","丁目名":null,"小字名":null,"地番":"114-1","精度区分":null,"座標系":"任意座標系"}},{"type":"Polygon","arcs":[[-4233,4256,4257]],"properties":{"市区町村名":"江別市","大字名":"東光町","丁目名":null,"小字名":null,"地番":"114-4","精度区分":null,"座標系":"任意座標系"}},{"type":"Polygon","arcs":[[-4257,-4222,4258]],"properties":{"市区町村名":"江別市","大字名":"東光町","丁目名":null,"小字名":null,"地番":"114-9","精度区分":null,"座標系":"任意座標系"}},{"type":"Polygon","arcs":[[-4165,-4137,-4142,-4148,-4153,-4164,-4159,-4160,-4119,-4163,-4205,4259,-4255,-4253,-4225,-4234,-4258,-4259,-4221,-4231,-4228,-4256,-4260,-4204,-4213,-4219,-4220,-4207,4260,4261,-3927,-3955,-3923,4262,-3967,-3985,-3978,4263,-4026,-4055,-4022,4264,-4187,-4191,-4195,-4250,-4247,-4200,-4183,-4180,-4197,-4252,-4175,-4192,-4172,-4167,4265]],"properties":{"市区町村名":"江別市","大字名":"東光町","丁目名":null,"小字名":null,"地番":"120W4","精度区分":null,"座標系":"任意座標系"}},{"type":"Polygon","arcs":[[-3273,-3306,4266,4267,-4238,-4241]],"properties":{"市区町村名":"江別市","大字名":"朝日町","丁目名":null,"小字名":null,"地番":"32-2","精度区分":null,"座標系":"任意座標系"}},{"type":"Polygon","arcs":[[-3308,4268,-3311,4269,-4267]],"properties":{"市区町村名":"江別市","大字名":"朝日町","丁目名":null,"小字名":null,"地番":"32-27","精度区分":null,"座標系":"任意座標系"}},{"type":"Polygon","arcs":[[-3282,4270,-3278,-3261,-3315,-4239,-4268,-4270]],"properties":{"市区町村名":"江別市","大字名":"朝日町","丁目名":null,"小字名":null,"地番":"32-12","精度区分":null,"座標系":"任意座標系"}},{"type":"Polygon","arcs":[[4271,4272,4273,4274,4275]],"properties":{"市区町村名":"江別市","大字名":"朝日町","丁目名":null,"小字名":null,"地番":"24-39","精度区分":null,"座標系":"任意座標系"}},{"type":"Polygon","arcs":[[-4275,4276,-1468,4277,4278]],"properties":{"市区町村名":"江別市","大字名":"朝日町","丁目名":null,"小字名":null,"地番":"24-10","精度区分":null,"座標系":"任意座標系"}},{"type":"Polygon","arcs":[[4279,-4279,4280,4281,4282]],"properties":{"市区町村名":"江別市","大字名":"朝日町","丁目名":null,"小字名":null,"地番":"24-33","精度区分":null,"座標系":"任意座標系"}},{"type":"Polygon","arcs":[[4283,-4282,4284]],"properties":{"市区町村名":"江別市","大字名":"朝日町","丁目名":null,"小字名":null,"地番":"24-34","精度区分":null,"座標系":"任意座標系"}},{"type":"Polygon","arcs":[[4285,-4283,-4284,4286]],"properties":{"市区町村名":"江別市","大字名":"朝日町","丁目名":null,"小字名":null,"地番":"24-35","精度区分":null,"座標系":"任意座標系"}},{"type":"Polygon","arcs":[[-4276,-4280,4287,4288,4289]],"properties":{"市区町村名":"江別市","大字名":"朝日町","丁目名":null,"小字名":null,"地番":"24-38","精度区分":null,"座標系":"任意座標系"}},{"type":"Polygon","arcs":[[-4289,4290,4291,4292]],"properties":{"市区町村名":"江別市","大字名":"朝日町","丁目名":null,"小字名":null,"地番":"24-37","精度区分":null,"座標系":"任意座標系"}},{"type":"Polygon","arcs":[[-4291,-4288,-4286,4293]],"properties":{"市区町村名":"江別市","大字名":"朝日町","丁目名":null,"小字名":null,"地番":"24-36","精度区分":null,"座標系":"任意座標系"}},{"type":"Polygon","arcs":[[-1446,4294,-1651,-1671,-1625,-1628,-1598,-1630,-1633,-1638,-1640,-1594,4295,-2507,-2439,4296,-4292,-4294,-4287,-4285,-4281,-4278,-1467,4297,4298,-1465,-1462,4299,4300,-1456,-1432,-1454,-1500,-1487,-1484,-1492,-1498,-1499,-1451,-1494,-1496,-1479,-1503,4301,4302,-4302,-1511,-1525,-1522,-1533,-1530]],"properties":{"市区町村名":"江別市","大字名":"朝日町","丁目名":null,"小字名":null,"地番":"52W1","精度区分":null,"座標系":"任意座標系"}},{"type":"Polygon","arcs":[[4303,4304,4305,-4273]],"properties":{"市区町村名":"江別市","大字名":"朝日町","丁目名":null,"小字名":null,"地番":"24-22","精度区分":null,"座標系":"任意座標系"}},{"type":"Polygon","arcs":[[4306,4307,4308,-4305,4309]],"properties":{"市区町村名":"江別市","大字名":"朝日町","丁目名":null,"小字名":null,"地番":"24-40","精度区分":null,"座標系":"任意座標系"}},{"type":"Polygon","arcs":[[4310,4311,4312,-4307]],"properties":{"市区町村名":"江別市","大字名":"朝日町","丁目名":null,"小字名":null,"地番":"24-41","精度区分":null,"座標系":"任意座標系"}},{"type":"Polygon","arcs":[[4313,4314,4315,-4312,4316]],"properties":{"市区町村名":"江別市","大字名":"朝日町","丁目名":null,"小字名":null,"地番":"24-42","精度区分":null,"座標系":"任意座標系"}},{"type":"Polygon","arcs":[[4317,4318,4319,-4314,4320]],"properties":{"市区町村名":"江別市","大字名":"朝日町","丁目名":null,"小字名":null,"地番":"24-43","精度区分":null,"座標系":"任意座標系"}},{"type":"Polygon","arcs":[[4321,-1440,-1461,4322,-4318]],"properties":{"市区町村名":"江別市","大字名":"朝日町","丁目名":null,"小字名":null,"地番":"24-44","精度区分":null,"座標系":"任意座標系"}},{"type":"Polygon","arcs":[[-4298,-1469,-4277,-4274,-4306,-4309,4323]],"properties":{"市区町村名":"江別市","大字名":"朝日町","丁目名":null,"小字名":null,"地番":"24-8","精度区分":null,"座標系":"任意座標系"}},{"type":"Polygon","arcs":[[-1441,-4322,-4321,-4317,-4311,-4310,-4304,-4272,-4290,-4293,-4297,-2452,4324,-1437]],"properties":{"市区町村名":"江別市","大字名":"朝日町","丁目名":null,"小字名":null,"地番":"55W1","精度区分":null,"座標系":"任意座標系"}},{"type":"Polygon","arcs":[[-1466,-4299,-4324,-4308,-4313,-4316,4325]],"properties":{"市区町村名":"江別市","大字名":"朝日町","丁目名":null,"小字名":null,"地番":"24-7","精度区分":null,"座標系":"任意座標系"}},{"type":"Polygon","arcs":[[4326,-4300,-1464,-4326,-4315,-4320]],"properties":{"市区町村名":"江別市","大字名":"朝日町","丁目名":null,"小字名":null,"地番":"24-4","精度区分":null,"座標系":"任意座標系"}},{"type":"Polygon","arcs":[[-1457,-4301,-4327,-4319,-4323,-1459]],"properties":{"市区町村名":"江別市","大字名":"朝日町","丁目名":null,"小字名":null,"地番":"24-2","精度区分":null,"座標系":"任意座標系"}},{"type":"Polygon","arcs":[[-1981,4327,4328,4329]],"properties":{"市区町村名":"江別市","大字名":"朝日町","丁目名":null,"小字名":null,"地番":"15-17","精度区分":null,"座標系":"任意座標系"}},{"type":"Polygon","arcs":[[-4329,4330,4331,4332]],"properties":{"市区町村名":"江別市","大字名":"朝日町","丁目名":null,"小字名":null,"地番":"15-16","精度区分":null,"座標系":"任意座標系"}},{"type":"Polygon","arcs":[[-4332,4333,4334,4335]],"properties":{"市区町村名":"江別市","大字名":"朝日町","丁目名":null,"小字名":null,"地番":"15-15","精度区分":null,"座標系":"任意座標系"}},{"type":"Polygon","arcs":[[-4335,4336,4337,4338]],"properties":{"市区町村名":"江別市","大字名":"朝日町","丁目名":null,"小字名":null,"地番":"15-4","精度区分":null,"座標系":"任意座標系"}},{"type":"Polygon","arcs":[[4339,-4339,4340,4341]],"properties":{"市区町村名":"江別市","大字名":"朝日町","丁目名":null,"小字名":null,"地番":"15-6","精度区分":null,"座標系":"任意座標系"}},{"type":"Polygon","arcs":[[4342,-4336,-4340,4343]],"properties":{"市区町村名":"江別市","大字名":"朝日町","丁目名":null,"小字名":null,"地番":"15-20","精度区分":null,"座標系":"任意座標系"}},{"type":"Polygon","arcs":[[4344,-4333,-4343,4345]],"properties":{"市区町村名":"江別市","大字名":"朝日町","丁目名":null,"小字名":null,"地番":"15-21","精度区分":null,"座標系":"任意座標系"}},{"type":"Polygon","arcs":[[-1960,-4330,-4345,4346]],"properties":{"市区町村名":"江別市","大字名":"朝日町","丁目名":null,"小字名":null,"地番":"15-22","精度区分":null,"座標系":"任意座標系"}},{"type":"Polygon","arcs":[[-4341,4347,4348,4349]],"properties":{"市区町村名":"江別市","大字名":"朝日町","丁目名":null,"小字名":null,"地番":"15-18","精度区分":null,"座標系":"任意座標系"}},{"type":"Polygon","arcs":[[4350,4351,4352,-4349]],"properties":{"市区町村名":"江別市","大字名":"朝日町","丁目名":null,"小字名":null,"地番":"15-5","精度区分":null,"座標系":"任意座標系"}},{"type":"Polygon","arcs":[[-4338,4353,-4351,-4348]],"properties":{"市区町村名":"江別市","大字名":"朝日町","丁目名":null,"小字名":null,"地番":"15-19","精度区分":null,"座標系":"任意座標系"}},{"type":"Polygon","arcs":[[4354,4355,-4352,-4354,-4337,-4334,-4331,-4328,-1982,-1975,-1959,4356,-1994,-2005,-2008,-2014,-1989,-2000,4357,-2019,-2016,-1953,-2018,-1951]],"properties":{"市区町村名":"江別市","大字名":"朝日町","丁目名":null,"小字名":null,"地番":"46W2","精度区分":null,"座標系":"任意座標系"}},{"type":"Polygon","arcs":[[4358,-2083,-2060,-2097,-2111,-2116,-2122,-2137,-2135,-2109,-1766,-1997,-2015,-2011,-2009,-2001,-1995,-1990,-4357,-1958,-1978,-1984,-1985,-1965,-1971,-1967,-1979,-1961,-4347,-4346,-4344,-4342,-4350,-4353,-4356]],"properties":{"市区町村名":"江別市","大字名":"朝日町","丁目名":null,"小字名":null,"地番":"45W4","精度区分":null,"座標系":"任意座標系"}},{"type":"Polygon","arcs":[[4359,4360,4361,-3674]],"properties":{"市区町村名":"江別市","大字名":"東光町","丁目名":null,"小字名":null,"地番":"101-1","精度区分":null,"座標系":"任意座標系"}},{"type":"Polygon","arcs":[[4362,-3600,4363,-4361]],"properties":{"市区町村名":"江別市","大字名":"東光町","丁目名":null,"小字名":null,"地番":"101-23","精度区分":null,"座標系":"任意座標系"}},{"type":"Polygon","arcs":[[-3701,-3586,-3618,-3616,-3668,-3713,-3665,-3664,-3671,-3612,-3673,-3578,-4130,-4166,-4266,-4171,-4188,-4265,-4025,-4106,-4104,-4054,-4103,-4101,-3732,-3853,-3730,-3835,-3832,4364,-3622,-3651,-3637,-3649,-3631,-3647,-3644,-3642,-3627,-3633,-3624,-3653,-3655,-3656,-3623,-4365,-3831,-3715,-3805,-3808,-3601,-4363,-4360,-3676,-3710,-3711,-3690,-3694,-3712,-3699,-3704,-3706,-3707]],"properties":{"市区町村名":"江別市","大字名":"東光町","丁目名":null,"小字名":null,"地番":"120W1","精度区分":null,"座標系":"任意座標系"}},{"type":"Polygon","arcs":[[-3708,-4362,-4364,-3599,-3697]],"properties":{"市区町村名":"江別市","大字名":"東光町","丁目名":null,"小字名":null,"地番":"101-2","精度区分":null,"座標系":"任意座標系"}},{"type":"Polygon","arcs":[[-1757,-1565,-1573,4365,4366,-1758]],"properties":{"市区町村名":"江別市","大字名":"朝日町","丁目名":null,"小字名":null,"地番":"20-15","精度区分":null,"座標系":"任意座標系"}},{"type":"Polygon","arcs":[[-1749,-1743,-1742,-1584,-1736,-1740,-1732,-1726,-1722,-1731,-1717,-1702,-1705,-1581,-1756,-1710,-1576,-1763,4367,4368,-1574,-55,-2662,-2694,-2591,-2719,-2794,-2796,-2798,-2799,-2737,-2722,-2616,-2505,-4296,-1593,-1642,-1653,-1643,-1655,-1617,-1620,-1659,-1672,-1677,-1680,-1684,-1605,-1589,-1602,-1599,-1688,-1690,-1692,-1694,-1695,-1662,-1610,-1615,-1666,-1668,-1670,-4295,-1445,-1534,-1537,-1538,-1442,-1555,-1587]],"properties":{"市区町村名":"江別市","大字名":"朝日町","丁目名":null,"小字名":null,"地番":"52W2","精度区分":null,"座標系":"任意座標系"}},{"type":"Polygon","arcs":[[4369,4370,4371,4372]],"properties":{"市区町村名":"江別市","大字名":"あけぼの町","丁目名":null,"小字名":null,"地番":"27-1","精度区分":null,"座標系":"任意座標系"}},{"type":"Polygon","arcs":[[-4372,4373,4374,4375,4376]],"properties":{"市区町村名":"江別市","大字名":"あけぼの町","丁目名":null,"小字名":null,"地番":"27-21","精度区分":null,"座標系":"任意座標系"}},{"type":"Polygon","arcs":[[4377,-4376,4378,4379,4380,4381]],"properties":{"市区町村名":"江別市","大字名":"あけぼの町","丁目名":null,"小字名":null,"地番":"27-19","精度区分":null,"座標系":"任意座標系"}},{"type":"Polygon","arcs":[[-4382,4382,-416,4383,4384]],"properties":{"市区町村名":"江別市","大字名":"あけぼの町","丁目名":null,"小字名":null,"地番":"27-18","精度区分":null,"座標系":"任意座標系"}},{"type":"Polygon","arcs":[[4385,4386,-419,4387,-4379,-4375]],"properties":{"市区町村名":"江別市","大字名":"あけぼの町","丁目名":null,"小字名":null,"地番":"27-20","精度区分":null,"座標系":"任意座標系"}},{"type":"Polygon","arcs":[[-4371,4388,-4386,-4374]],"properties":{"市区町村名":"江別市","大字名":"あけぼの町","丁目名":null,"小字名":null,"地番":"27-22","精度区分":null,"座標系":"任意座標系"}},{"type":"Polygon","arcs":[[-441,4389,-417,-4383,-4381,4390]],"properties":{"市区町村名":"江別市","大字名":"あけぼの町","丁目名":null,"小字名":null,"地番":"27-15","精度区分":null,"座標系":"任意座標系"}},{"type":"Polygon","arcs":[[-4391,-4380,-4388,-418,4391,-434]],"properties":{"市区町村名":"江別市","大字名":"あけぼの町","丁目名":null,"小字名":null,"地番":"27-4","精度区分":null,"座標系":"任意座標系"}},{"type":"Polygon","arcs":[[-921,-925,-927,-918,-803,-851,-784,-846,4392,-4384,-415,-4390,-440,-442,-429,-436,-413,-412,-438,-424,-427,-435,-4392,-420,-4387,-4389,-4370,4393,-397,-557,-474,-391,-478,-497,-446,-448,-503,-388,-502,4394,-874,-878,-881,-827]],"properties":{"市区町村名":"江別市","大字名":"あけぼの町","丁目名":null,"小字名":null,"地番":"46W1","精度区分":null,"座標系":"任意座標系"}},{"type":"Polygon","arcs":[[-4394,-4373,-4377,-4378,-4385,-4393,-845,-782,-1217,-1087,-1171,-1197,-1174,-601,-621,-574,-619,-578,-653,-646,-648,-654,-656,-660,-662,-629,-689,-682,-675,-678,-684,-628,-686,-758,-625,-583,-532,-546,-551,-504,-363,-398]],"properties":{"市区町村名":"江別市","大字名":"あけぼの町","丁目名":null,"小字名":null,"地番":"46W4","精度区分":null,"座標系":"任意座標系"}},{"type":"Polygon","arcs":[[-1762,-1759,-4367,4395,-4368]],"properties":{"市区町村名":"江別市","大字名":"朝日町","丁目名":null,"小字名":null,"地番":"20-17","精度区分":null,"座標系":"任意座標系"}},{"type":"Polygon","arcs":[[-4396,-4366,-1575,-4369]],"properties":{"市区町村名":"江別市","大字名":"朝日町","丁目名":null,"小字名":null,"地番":"20-44","精度区分":null,"座標系":"任意座標系"}},{"type":"Polygon","arcs":[[4396,4397,4398,4399]],"properties":{"市区町村名":"江別市","大字名":"朝日町","丁目名":null,"小字名":null,"地番":"41-32","精度区分":null,"座標系":"任意座標系"}},{"type":"Polygon","arcs":[[4400,4401,4402,-4398]],"properties":{"市区町村名":"江別市","大字名":"朝日町","丁目名":null,"小字名":null,"地番":"41-31","精度区分":null,"座標系":"任意座標系"}},{"type":"Polygon","arcs":[[4403,-3154,-3195,4404,-4402]],"properties":{"市区町村名":"江別市","大字名":"朝日町","丁目名":null,"小字名":null,"地番":"41-20","精度区分":null,"座標系":"任意座標系"}},{"type":"Polygon","arcs":[[4405,4406,4407,-3604]],"properties":{"市区町村名":"江別市","大字名":"朝日町","丁目名":null,"小字名":null,"地番":"41-33","精度区分":null,"座標系":"任意座標系"}},{"type":"Polygon","arcs":[[4408,-4400,4409,-4407]],"properties":{"市区町村名":"江別市","大字名":"朝日町","丁目名":null,"小字名":null,"地番":"41-26","精度区分":null,"座標系":"任意座標系"}},{"type":"Polygon","arcs":[[-3189,-3605,-4408,-4410,-4399,-4403,-4405,-3194,-3191]],"properties":{"市区町村名":"江別市","大字名":"朝日町","丁目名":null,"小字名":null,"地番":"41-19","精度区分":null,"座標系":"任意座標系"}},{"type":"Polygon","arcs":[[-3275,-4240,-4236,-3316,-3263,-3277,-4271,-3281,-3285,-3287,-3291,-3266,4410,-3218,-3257,-3321,-3248,-3250,-3239,-3237,-3222,-3233,-3230,-3210,-3226,-3234,-3241,-3244,-3258,-3253,-3213,4411,-3204,-3200,-3185,-3197,-3184,-3193,-3196,-3145,-3155,-4404,-4401,-4397,-4409,-4406,-3603,-3424,-3460,-3458,-3428,-3360,-3505,-3527,-3512,-3346,-3536,-3548,-3533,-2460]],"properties":{"市区町村名":"江別市","大字名":"朝日町","丁目名":null,"小字名":null,"地番":"54W3","精度区分":null,"座標系":"任意座標系"}},{"type":"Polygon","arcs":[[-1024,-1830,-1856,-1928,4412,4413,4414,4415,-1833,-1904,-1867,-1800,-1795,-1808,-1858,-1902,-1894,-1892,-1903,-1810,-1816]],"properties":{"市区町村名":"江別市","大字名":"朝日町","丁目名":null,"小字名":null,"地番":"48","精度区分":null,"座標系":"任意座標系"}},{"type":"Polygon","arcs":[[4416,4417,4418,-3037]],"properties":{"市区町村名":"江別市","大字名":"朝日町","丁目名":null,"小字名":null,"地番":"31-20","精度区分":null,"座標系":"任意座標系"}},{"type":"Polygon","arcs":[[4419,4420,-4418]],"properties":{"市区町村名":"江別市","大字名":"朝日町","丁目名":null,"小字名":null,"地番":"31-5","精度区分":null,"座標系":"任意座標系"}},{"type":"Polygon","arcs":[[-2911,-2923,-2917,-2992,-2995,-2997,-2998,-2937,-2989,-2980,-2982,-2976,-2970,-2973,-2977,-2958,-3046,-2950,-2912,-2956,-2954,-2952,-2842,-3147,-3152,-3208,-3206,-3203,-3205,-4412,-3212,-3260,-3219,-4411,-3265,-3304,-3305,-3302,-3297,-3293,-3271,-3319,-3320,-3314,-3312,-4269,-3307,-3276,-2459,-3004,-3042,-3044,-3019,-3016,-3035,-3033,-3025,-3030,-3038,-2999,-3036,-4419,-4421,4421,-3039,-3012,-3008,-2454,-2664,-2744,-2758,-2762,-2769,-2748,-2771,-2774,-2778,-2781,-2785,-2787,-2856]],"properties":{"市区町村名":"江別市","大字名":"朝日町","丁目名":null,"小字名":null,"地番":"54W2","精度区分":null,"座標系":"任意座標系"}},{"type":"Polygon","arcs":[[-3031,-3028,-3040,-4422,-4420,-4417]],"properties":{"市区町村名":"江別市","大字名":"朝日町","丁目名":null,"小字名":null,"地番":"31-4","精度区分":null,"座標系":"任意座標系"}},{"type":"Polygon","arcs":[[-2632,-2756,-2790,-2645]],"properties":{"市区町村名":"江別市","大字名":"朝日町","丁目名":null,"小字名":null,"地番":"29-11","精度区分":null,"座標系":"任意座標系"}},{"type":"Polygon","arcs":[[-4414,4422,4423,4424,4425]],"properties":{"市区町村名":"江別市","大字名":"朝日町","丁目名":null,"小字名":null,"地番":"18-17","精度区分":null,"座標系":"任意座標系"}},{"type":"Polygon","arcs":[[-4424,4426,4427,4428,4429]],"properties":{"市区町村名":"江別市","大字名":"朝日町","丁目名":null,"小字名":null,"地番":"18-23","精度区分":null,"座標系":"任意座標系"}},{"type":"Polygon","arcs":[[-4429,4430,-1948,4431]],"properties":{"市区町村名":"江別市","大字名":"朝日町","丁目名":null,"小字名":null,"地番":"18-24","精度区分":null,"座標系":"任意座標系"}},{"type":"Polygon","arcs":[[-4358,-1794,-1849,-1919,-1916,-1912,-1884,-1908,-1906,-1876,-1834,-4416,4432,-4425,-4430,-4432,-1947,-1931,-1836,-1938,-1940,-1944,-1850,-1819]],"properties":{"市区町村名":"江別市","大字名":"朝日町","丁目名":null,"小字名":null,"地番":"46W1","精度区分":null,"座標系":"任意座標系"}},{"type":"Polygon","arcs":[[-1922,-1946,-1949,-4431,-4428,4433,-1926,-1925]],"properties":{"市区町村名":"江別市","大字名":"朝日町","丁目名":null,"小字名":null,"地番":"18-19","精度区分":null,"座標系":"任意座標系"}},{"type":"Polygon","arcs":[[-4415,-4426,-4433]],"properties":{"市区町村名":"江別市","大字名":"朝日町","丁目名":null,"小字名":null,"地番":"18-22","精度区分":null,"座標系":"任意座標系"}},{"type":"Polygon","arcs":[[-4434,-4427,-4423,-4413,-1927]],"properties":{"市区町村名":"江別市","大字名":"朝日町","丁目名":null,"小字名":null,"地番":"18-20","精度区分":null,"座標系":"任意座標系"}},{"type":"Polygon","arcs":[[-3965,4434,4435,4436,-3944]],"properties":{"市区町村名":"江別市","大字名":"東光町","丁目名":null,"小字名":null,"地番":"113-4","精度区分":null,"座標系":"任意座標系"}},{"type":"Polygon","arcs":[[-4436,4437,4438,4439]],"properties":{"市区町村名":"江別市","大字名":"東光町","丁目名":null,"小字名":null,"地番":"113-22","精度区分":null,"座標系":"任意座標系"}},{"type":"Polygon","arcs":[[4440,4441,-3945,-4437,-4440]],"properties":{"市区町村名":"江別市","大字名":"東光町","丁目名":null,"小字名":null,"地番":"113-14","精度区分":null,"座標系":"任意座標系"}},{"type":"Polygon","arcs":[[-4439,4442,4443,4444]],"properties":{"市区町村名":"江別市","大字名":"東光町","丁目名":null,"小字名":null,"地番":"113-23","精度区分":null,"座標系":"任意座標系"}},{"type":"Polygon","arcs":[[-4444,4445,-3957,4446]],"properties":{"市区町村名":"江別市","大字名":"東光町","丁目名":null,"小字名":null,"地番":"113-5","精度区分":null,"座標系":"任意座標系"}},{"type":"Polygon","arcs":[[-4264,-3977,-3984,-4000,-4003,-3993,-4009,-4018,-4020,-4021,-3975,-3972,-4013,-4010,-4004,-3994,-4001,-3987,-3968,-4263,-3926,-3954,-3958,-4446,-4443,-4438,-4435,-3966,-3963,-3962,-3942,-3940,-3936,-3932,-3946,-4442,4447,-3959,-3950,-3928,-4262,4448,-3885,-3899,-3895,-3892,-3905,-3908,-3911,-3914,-3916,-3918,-3889,-3745,-4034,-4091,-4030,-4085,-4081,-4077,-4038,-4075,-4071,-4067,-4063,-4047,-4061,-4058,-4027]],"properties":{"市区町村名":"江別市","大字名":"東光町","丁目名":null,"小字名":null,"地番":"120W3","精度区分":null,"座標系":"任意座標系"}},{"type":"Polygon","arcs":[[-4448,-4441,-4445,-4447,-3960]],"properties":{"市区町村名":"江別市","大字名":"東光町","丁目名":null,"小字名":null,"地番":"113-13","精度区分":null,"座標系":"任意座標系"}},{"type":"Polygon","arcs":[[-2530,-3392,-2549,-2590]],"properties":{"市区町村名":"江別市","大字名":"朝日町","丁目名":null,"小字名":null,"地番":"37-13","精度区分":null,"座標系":"任意座標系"}}]}},"arcs":[[[633293,295571],[4274,17394]],[[637567,312965],[5172,-906]],[[642739,312059],[-4313,-17392]],[[638426,294667],[-5133,904]],[[133435,559066],[547,2257],[-15153,18948],[-8101,9934],[-7518,9223],[5568,3197],[4732,-5881],[5305,-6594],[5339,-6638],[5307,-6597],[5320,-6612],[4751,-5892],[2550,-411],[63859,36860],[18298,10530],[28903,16707],[13563,7811]],[[266705,635908],[3172,-5000]],[[269877,630908],[-11113,-6364]],[[258764,624544],[-11749,-6776]],[[247015,617768],[-11665,-6700]],[[235350,611068],[-8562,-5103]],[[226788,605965],[-14041,-8055]],[[212747,597910],[-9408,-5411]],[[203339,592499],[-9340,-5381]],[[193999,587118],[-9399,-5410]],[[184600,581708],[-11080,-6399]],[[173520,575309],[-8492,-4848]],[[165028,570461],[-6796,-3887]],[[158232,566574],[-8326,-4841]],[[149906,561733],[-9034,-5206]],[[140872,556527],[-3334,-1929]],[[137538,554598],[-4103,4468]],[[65122,513358],[-37979,2052],[-7500,413],[-11630,14546],[-8013,9818],[5572,3222],[6745,-8277],[6693,-8470],[4212,-5332],[12983,-603],[10602,-511],[17336,-888],[69292,39738]],[[137538,554598],[-5667,-3264]],[[131871,551334],[-9729,-5601]],[[122142,545733],[-9700,-5599]],[[112442,540134],[-6928,-3980]],[[105514,536154],[-10608,-6109]],[[94906,530045],[-15447,-8889]],[[79459,521156],[-14337,-7798]],[[929749,113226],[-9522,11574]],[[920227,124800],[2059,1238]],[[922286,126038],[9542,-11605]],[[931828,114433],[-2079,-1207]],[[806348,380258],[61713,-73474]],[[868061,306784],[-10940,1796]],[[857121,308580],[-11642,13896]],[[845479,322476],[-8231,9825]],[[837248,332301],[-8174,9755]],[[829074,342056],[-6821,8142]],[[822253,350198],[-6744,8049]],[[815509,358247],[-974,1163]],[[814535,359410],[-6328,7551]],[[808207,366961],[-7087,8459]],[[801120,375420],[5228,4838]],[[578415,141738],[6747,3118]],[[585162,144856],[3984,-6475]],[[589146,138381],[5170,-8403]],[[594316,129978],[3512,-5708]],[[597828,124270],[3547,-5765],[43,-70]],[[601418,118435],[-6289,-3466],[-16714,26769]],[[425440,378238],[-2859,4548]],[[422581,382786],[-12013,19390]],[[410568,402176],[-2699,4357]],[[407869,406533],[14834,3807]],[[422703,410340],[3150,-5258]],[[425853,405082],[10643,-17170]],[[436496,387912],[4515,-7282]],[[441011,380630],[-15571,-2392]],[[860732,75059],[2598,-397],[8225,4776]],[[871555,79438],[9745,5658]],[[881300,85096],[6447,3743]],[[887747,88839],[3265,1896]],[[891012,90735],[3214,1865]],[[894226,92600],[6444,3742]],[[900670,96342],[9707,5636]],[[910377,101978],[9687,5625]],[[920064,107603],[9685,5623]],[[931828,114433],[5220,3031]],[[937048,117464],[1359,789]],[[938407,118253],[9892,5743]],[[948299,123996],[8385,4869]],[[956684,128865],[6393,3712]],[[963077,132577],[8301,4819]],[[971378,137396],[13835,8033],[680,3643],[-4819,5858]],[[981074,154930],[-6454,7845]],[[974620,162775],[-6523,7930]],[[968097,170705],[-6444,7835]],[[961653,178540],[-6471,7866]],[[955182,186406],[-6476,7872]],[[948706,194278],[-6558,7972]],[[942148,202250],[-5628,6842]],[[936520,209092],[-5685,7102]],[[930835,216194],[8062,4697]],[[938897,220891],[61102,-74725],[-133857,-77700],[-5410,6593]],[[840370,99875],[-5877,7163]],[[834493,107038],[2511,-388],[7724,4485]],[[844728,111135],[8799,5109]],[[853527,116244],[8611,5001]],[[862138,121245],[4208,2443]],[[866346,123688],[4438,2577]],[[870784,126265],[8696,5050]],[[879480,131315],[8688,5045]],[[888168,136360],[8600,4994]],[[896768,141354],[8667,5032]],[[905435,146386],[8702,5053]],[[914137,151439],[7747,4500],[482,2194],[-5348,6476]],[[917018,164609],[-6537,7916]],[[910481,172525],[-6434,7789]],[[904047,180314],[-5545,6715],[-2629,374],[-6804,-3950]],[[889069,183453],[-639,-371]],[[888430,183082],[-811,-470]],[[887619,182612],[-7862,-4565]],[[879757,178047],[-8677,-5038]],[[871080,173009],[-8679,-5038]],[[862401,167971],[-8659,-5027]],[[853742,162944],[-8624,-5007]],[[845118,157937],[-8656,-5025]],[[836462,152912],[-8626,-5008]],[[827836,147904],[-8863,-5146]],[[818973,142758],[-7746,-4496],[-590,-2152]],[[810637,136110],[-5805,7075]],[[804832,143185],[2521,-367],[7580,4403]],[[814933,147221],[8688,5046]],[[823621,152267],[8597,4992]],[[832218,157259],[8683,5044]],[[840901,162303],[8645,5020]],[[849546,167323],[8678,5040]],[[858224,172363],[8624,5009]],[[866848,177372],[8649,5023]],[[875497,182395],[8648,5023]],[[884145,187418],[7993,4642],[466,2164],[-5152,6270]],[[887452,200494],[-6226,7574]],[[881226,208068],[-463,564]],[[880763,208632],[-971,1182]],[[879792,209814],[-5530,6729]],[[874262,216543],[-1406,1710]],[[872856,218253],[-5903,7183],[-2513,455],[-11237,-6513]],[[853203,219378],[-9058,-5249]],[[844145,214129],[-4808,-2787]],[[839337,211342],[-2084,-1207]],[[837253,210135],[-6600,-3826]],[[830653,206309],[-8682,-5031]],[[821971,201278],[-8664,-5021]],[[813307,196257],[-8660,-5020]],[[804647,191237],[-8643,-5009]],[[796004,186228],[-8642,-5007]],[[787362,181221],[-7805,-4524],[-497,-2104]],[[779060,174593],[-5763,7184]],[[773297,181777],[2476,-412],[11437,6624]],[[787210,187989],[2084,1208]],[[789294,189197],[7174,4154]],[[796468,193351],[7229,4188]],[[803697,197539],[2100,1217]],[[805797,198756],[2041,1183]],[[807838,199939],[7178,4157]],[[815016,204096],[7269,4211]],[[822285,208307],[2035,1178]],[[824320,209485],[2112,1223]],[[826432,210708],[7217,4181]],[[833649,214889],[8322,4820]],[[841971,219709],[9106,5276]],[[851077,224985],[1401,811]],[[852478,225796],[8194,4746],[453,2137]],[[861125,232679],[6601,1950]],[[867726,234629],[2910,-3549]],[[870636,231080],[7174,-8749]],[[877810,222331],[7182,-8760]],[[884992,213571],[7156,-8728]],[[892148,204843],[6122,-7468],[2592,-348],[15084,8734]],[[915946,205761],[14345,8307],[544,2126]],[[936520,209092],[-2438,375],[-14774,-8573]],[[919308,200894],[-8117,-4709]],[[911191,196185],[-6624,-3843],[-543,-2057],[5870,-7144]],[[909894,183141],[6480,-7884]],[[916374,175257],[6466,-7869]],[[922840,167388],[6473,-7876]],[[929313,159512],[6434,-7828]],[[935747,151684],[6491,-7899]],[[942238,143785],[6462,-7862]],[[948700,135923],[5504,-6698],[2480,-360]],[[948299,123996],[307,2001],[-10194,12398]],[[938412,138395],[-10257,12475],[-2474,376],[-9721,-5648]],[[915960,145598],[-8691,-5049]],[[907269,140549],[-9605,-5582]],[[897664,134967],[-9688,-5629]],[[887976,129338],[-9685,-5628]],[[878291,123710],[-9655,-5610]],[[868636,118100],[-9712,-5643]],[[858924,112457],[-9702,-5637]],[[849222,106820],[-8348,-4851],[-504,-2094]],[[964824,145389],[16250,9541]],[[971378,137396],[-6554,7993]],[[860732,75059],[-10121,12336]],[[850611,87395],[9806,5698]],[[860417,93093],[11138,-13655]],[[926028,192699],[-6720,8195]],[[942148,202250],[-16120,-9551]],[[911191,196185],[6781,-8258]],[[917972,187927],[-8078,-4786]],[[948700,135923],[7838,4602]],[[956538,140525],[6539,-7948]],[[938407,118253],[-2884,3513]],[[935523,121766],[-6666,8122]],[[928857,129888],[-1647,2006]],[[927210,131894],[11202,6501]],[[927210,131894],[-11250,13704]],[[850611,87395],[-10241,12480]],[[849222,106820],[11195,-13727]],[[834493,107038],[-5405,6587]],[[829088,113625],[9326,5359]],[[838414,118984],[6314,-7849]],[[914137,151439],[-6367,7838]],[[907770,159277],[9248,5332]],[[904047,180314],[-8493,-4871]],[[895554,175443],[-6485,8010]],[[816118,129431],[-5481,6679]],[[818973,142758],[6421,-7914]],[[825394,134844],[-9276,-5413]],[[804832,143185],[-5518,6724]],[[799314,149909],[9119,5328]],[[808433,155237],[6500,-8016]],[[884145,187418],[-6165,7603]],[[877980,195021],[9472,5473]],[[860092,210844],[-6889,8534]],[[872856,218253],[-12764,-7409]],[[784465,168007],[-5405,6586]],[[787362,181221],[6309,-7779]],[[793671,173442],[-9206,-5435]],[[790929,160129],[-3272,3987]],[[787657,164116],[9211,5382]],[[796868,169498],[3205,-3951],[-9144,-5418]],[[792847,157792],[-1918,2337]],[[796868,169498],[8637,5047]],[[805505,174545],[4306,-5295]],[[809811,169250],[4295,-5282]],[[814106,163968],[-8684,-5018]],[[805422,158950],[-3458,4264],[-9117,-5422]],[[818432,174248],[-8621,-4998]],[[805505,174545],[-9501,11683]],[[804647,191237],[13785,-16989]],[[796868,169498],[-3197,3944]],[[823621,152267],[-9515,11701]],[[818432,174248],[13786,-16989]],[[818432,174248],[8676,5028]],[[827108,179276],[13793,-16973]],[[827108,179276],[-13801,16981]],[[821971,201278],[13793,-16984]],[[835764,184294],[-8656,-5018]],[[835764,184294],[13782,-16971]],[[835764,184294],[8683,5033]],[[844447,189327],[13777,-16964]],[[839583,195315],[-8930,10994]],[[837253,210135],[8853,-11007],[-6523,-3813]],[[839583,195315],[4864,-5988]],[[844447,189327],[8657,5017]],[[853104,194344],[13744,-16972]],[[853104,194344],[8657,5018]],[[861761,199362],[7563,-9341]],[[869324,190021],[6173,-7626]],[[861761,199362],[5177,3001]],[[866938,202363],[12854,7451]],[[880763,208632],[-10451,-6029],[445,-544]],[[870757,202059],[487,-597]],[[871244,201462],[-99,-62],[5312,-6520],[-1057,-592],[426,-512]],[[875826,193776],[-6502,-3755]],[[839337,211342],[13767,-16998]],[[844145,214129],[7769,-9707],[9135,5235]],[[861049,209657],[412,-509]],[[861461,209148],[5477,-6785]],[[861461,209148],[12801,7395]],[[861049,209657],[-957,1187]],[[838414,118984],[-6435,7997]],[[831979,126981],[8727,5063]],[[840706,132044],[12821,-15800]],[[829088,113625],[-6493,7913]],[[822595,121538],[9244,5363]],[[831839,126901],[140,80]],[[907770,159277],[-6447,7935]],[[901323,167212],[609,352]],[[901932,167564],[8549,4961]],[[901932,167564],[-6378,7879]],[[883960,157138],[-12880,15871]],[[879757,178047],[6994,-8623]],[[886751,169424],[5882,-7253]],[[892633,162171],[-8673,-5033]],[[883960,157138],[-8642,-5013]],[[875318,152125],[-12917,15846]],[[896768,141354],[-12808,15784]],[[892633,162171],[12802,-15785]],[[892633,162171],[8690,5041]],[[901323,167212],[-12893,15870]],[[886751,169424],[7839,4538],[-6971,8650]],[[879480,131315],[-12838,15776]],[[866642,147091],[8676,5034]],[[875318,152125],[12850,-15765]],[[866642,147091],[-12900,15853]],[[866642,147091],[-8662,-5025]],[[857980,142066],[-12862,15871]],[[866346,123688],[-12878,15760]],[[853468,139448],[4512,2618]],[[857980,142066],[12804,-15801]],[[862138,121245],[-12811,15801]],[[849327,137046],[4141,2402]],[[849327,137046],[-12865,15866]],[[849327,137046],[-8621,-5002]],[[840706,132044],[-12870,15860]],[[860417,93093],[9722,5650]],[[870139,98743],[11161,-13647]],[[870139,98743],[-11215,13714]],[[868636,118100],[11214,-13715]],[[879850,104385],[-3242,-1883]],[[876608,102502],[-6469,-3759]],[[887747,88839],[-11139,13663]],[[879850,104385],[11162,-13650]],[[879850,104385],[3243,1885]],[[883093,106270],[11133,-13670]],[[908887,121258],[9643,5604]],[[918530,126862],[1697,-2062]],[[920064,107603],[-11177,13655]],[[908887,121258],[-11223,13709]],[[907269,140549],[11261,-13687]],[[928857,129888],[-6571,-3850]],[[910377,101978],[-11178,13652]],[[899199,115630],[9688,5628]],[[899199,115630],[-11223,13708]],[[899199,115630],[-9694,-5634]],[[889505,109996],[-11214,13714]],[[883093,106270],[6412,3726]],[[889505,109996],[11165,-13654]],[[935523,121766],[-1347,-762],[2872,-3540]],[[932536,184764],[-6508,7935]],[[948706,194278],[-16170,-9514]],[[956538,140525],[8286,4864]],[[964824,145389],[-6446,7861]],[[958378,153250],[16242,9525]],[[958378,153250],[-6496,7922]],[[951882,161172],[16215,9533]],[[951882,161172],[-6427,7837]],[[945455,169009],[16198,9531]],[[935747,151684],[10700,6292]],[[946447,157976],[6499,-7912]],[[952946,150064],[-10708,-6279]],[[946447,157976],[5435,3196]],[[958378,153250],[-5432,-3186]],[[945455,169009],[-6460,7879]],[[938995,176888],[16187,9518]],[[938995,176888],[-6459,7876]],[[926028,192699],[-8056,-4772]],[[870757,202059],[10469,6009]],[[877980,195021],[-1003,-580]],[[876977,194441],[-5733,7021]],[[875826,193776],[1151,665]],[[796247,153648],[-3400,4144]],[[805422,158950],[-9175,-5302]],[[808433,155237],[-3011,3713]],[[799314,149909],[-3067,3739]],[[822595,121538],[-6477,7893]],[[825394,134844],[6445,-7943]],[[787657,164116],[-3192,3891]],[[916374,175257],[16162,9507]],[[938995,176888],[-16155,-9500]],[[945455,169009],[-16142,-9497]],[[861125,232679],[-4728,5757]],[[856397,238436],[-5485,6682]],[[850912,245118],[-5731,6981]],[[845181,252099],[-3374,604]],[[841807,252703],[-3319,594]],[[838488,253297],[-19537,3497]],[[818951,256794],[-2415,432]],[[816536,257226],[-2490,446]],[[814046,257672],[-11527,2063]],[[802519,259735],[-9794,1753]],[[792725,261488],[1514,5591]],[[794239,267079],[6181,-1109]],[[800420,265970],[7914,-1420]],[[808334,264550],[7943,-1426]],[[816277,263124],[10285,-1845]],[[826562,261279],[13579,-2438]],[[840141,258841],[9067,-1626]],[[849208,257215],[7051,-8599]],[[856259,248616],[6240,-7613]],[[862499,241003],[949,-1156]],[[863448,239847],[972,-1187]],[[864420,238660],[3306,-4031]],[[924576,223817],[-7171,8732]],[[917405,232549],[-7181,8745]],[[910224,241294],[-7205,8774]],[[903019,250068],[-6220,7574]],[[896799,257642],[-944,1150]],[[895855,258792],[-975,1188]],[[894880,259980],[-6225,7579]],[[888655,267559],[-6183,7531]],[[882472,275090],[-6721,8184]],[[875751,283274],[-4053,4935]],[[871698,288209],[14041,-2250]],[[885739,285959],[53158,-65068]],[[930835,216194],[-6259,7623]],[[751783,208081],[-6853,8377],[497,2075],[6579,3784]],[[752006,222317],[7768,-9610]],[[759774,212707],[-7991,-4626]],[[777352,236892],[8635,4967]],[[785987,241859],[15493,-19073]],[[801480,222786],[-1014,-587]],[[800466,222199],[-7691,-4451]],[[792775,217748],[-15423,19144]],[[800608,252125],[-11498,2077]],[[789110,254202],[1549,6123]],[[790659,260325],[2066,1163]],[[802519,259735],[-1911,-7610]],[[830851,233500],[-3456,4285]],[[827395,237785],[748,2901]],[[828143,240686],[1275,4942],[12389,7075]],[[845181,252099],[-9696,-5558],[5753,-7025]],[[841238,239516],[-10387,-6016]],[[846749,232789],[9648,5647]],[[852478,225796],[-5729,6993]],[[773297,181777],[-4194,5129]],[[769103,186906],[12937,7457]],[[782040,194363],[5170,-6374]],[[703281,221368],[10468,6015]],[[713749,227383],[11105,-13840]],[[724854,213543],[-8922,-5118],[-2622,436],[-10029,12507]],[[703281,221368],[-10048,12528],[461,2053],[9018,5185]],[[702712,241134],[11037,-13751]],[[734286,259287],[8677,4990]],[[742963,264277],[5176,-6452]],[[748139,257825],[-8680,-4991],[-5173,6453]],[[756468,231674],[-5684,7088],[8674,4956]],[[759458,243718],[5675,-7074]],[[765133,236644],[-8665,-4970]],[[723803,233161],[10077,5789]],[[733880,238950],[5431,-6755]],[[739311,232195],[5700,-7092]],[[745011,225103],[-10084,-5783]],[[734927,219320],[-11124,13841]],[[739311,232195],[8680,4956],[5670,-7087]],[[753661,230064],[-8650,-4961]],[[723803,233161],[-11047,13747]],[[712756,246908],[10071,5790]],[[722827,252698],[5162,-6419]],[[727989,246279],[5643,-7018]],[[733632,239261],[248,-311]],[[733632,239261],[10115,5792]],[[743747,245053],[11362,-14159]],[[755109,230894],[-1448,-830]],[[702712,241134],[10044,5774]],[[723803,233161],[-10054,-5778]],[[734927,219320],[-10073,-5777]],[[727989,246279],[8699,4966],[-5176,6448]],[[731512,257693],[1433,823]],[[732945,258516],[10802,-13463]],[[722827,252698],[8685,4995]],[[772598,213111],[-92,116]],[[772506,213227],[-3743,4685]],[[768763,217912],[6539,3785],[-7694,9591]],[[767608,231288],[1054,607]],[[768662,231895],[11625,-14393],[-7689,-4391]],[[759966,226894],[7642,4394]],[[768763,217912],[-1065,-617]],[[767698,217295],[-7732,9599]],[[833649,214889],[-8473,10537]],[[825176,225426],[-6078,7556]],[[819098,232982],[8297,4803]],[[830851,233500],[5488,-6806]],[[836339,226694],[5632,-6985]],[[818226,232477],[-8113,10022]],[[810113,242499],[356,1321],[2479,-444],[3588,13850]],[[818951,256794],[-1768,-6970]],[[817183,249824],[-1755,-6923],[12715,-2215]],[[819098,232982],[-872,-505]],[[817183,249824],[11739,-1982],[9566,5455]],[[850912,245118],[-9674,-5602]],[[841238,239516],[5511,-6727]],[[851077,224985],[-5681,6995],[-9057,-5286]],[[809724,227557],[8502,4920]],[[825176,225426],[-7246,-4142],[8502,-10576]],[[824320,209485],[-14596,18072]],[[806487,214707],[-6021,7492]],[[801480,222786],[8244,4771]],[[822285,208307],[-8565,10570],[-7233,-4170]],[[791132,216796],[1643,952]],[[806487,214707],[-7204,-4151],[8555,-10617]],[[805797,198756],[-14665,18040]],[[785987,241859],[1194,4716]],[[787181,246575],[11515,-2068]],[[798696,244507],[11406,-2048],[11,40]],[[785221,213376],[-15513,19120]],[[769708,232496],[7644,4396]],[[791132,216796],[-5911,-3420]],[[803697,197539],[-8564,10546],[-7239,-4148]],[[787894,203937],[-6059,7480]],[[781835,211417],[3386,1959]],[[806487,214707],[8529,-10611]],[[787894,203937],[8574,-10586]],[[789294,189197],[-8614,10605],[7214,4135]],[[782040,194363],[-4737,5844]],[[777303,200207],[-4739,5843]],[[772564,206050],[3881,2247]],[[776445,208297],[5390,3120]],[[764300,192778],[-4713,5762]],[[759587,198540],[12977,7510]],[[777303,200207],[-13003,-7429]],[[769103,186906],[-4803,5872]],[[759587,198540],[-691,845]],[[758896,199385],[8660,4989],[-3290,4131],[8240,4722]],[[772598,213111],[3847,-4814]],[[768662,231895],[1046,601]],[[758896,199385],[-756,924]],[[758140,200309],[7977,4552],[-6343,7846]],[[759774,212707],[7924,4588]],[[758140,200309],[-5197,6353]],[[752943,206662],[-1160,1419]],[[752006,222317],[7960,4577]],[[794239,267079],[-1418,1832],[3316,13054]],[[796137,281965],[7913,-1429]],[[804050,280536],[-3630,-14566]],[[840141,258841],[4424,17700]],[[844565,276541],[2250,-404]],[[846815,276137],[9653,-1734]],[[856468,274403],[1286,-1564]],[[857754,272839],[-8546,-15624]],[[892148,204843],[16579,9700]],[[908727,214543],[7219,-8782]],[[908727,214543],[15849,9274]],[[879987,249516],[-7201,8764]],[[872786,258280],[8268,4834]],[[881054,263114],[6170,-7594],[7656,4460]],[[895855,258792],[-15868,-9276]],[[862499,241003],[8224,4826],[-6243,7594]],[[864480,253423],[6236,3646]],[[870716,257069],[2070,1211]],[[879987,249516],[-16539,-9669]],[[864480,253423],[-8221,-4807]],[[857754,272839],[6728,-8186]],[[864482,264653],[6234,-7584]],[[856468,274403],[11742,15759]],[[868210,290162],[3488,-1953]],[[875751,283274],[-17997,-10435]],[[856468,274403],[4283,17097]],[[860751,291500],[7459,-1338]],[[810840,291220],[-11817,2106]],[[799023,293326],[2246,8844]],[[801269,302170],[11863,-2128]],[[813132,300042],[-2292,-8822]],[[820664,280835],[2049,8268]],[[822713,289103],[2186,8828]],[[824899,297931],[10281,-1844]],[[835180,296087],[-4233,-17100]],[[830947,278987],[-10283,1848]],[[822713,289103],[-11873,2117]],[[813132,300042],[11767,-2111]],[[830947,278987],[-4385,-17708]],[[816277,263124],[3605,14553]],[[819882,277677],[782,3158]],[[830947,278987],[13618,-2446]],[[796850,284772],[2173,8554]],[[810840,291220],[-2229,-8580],[-11761,2132]],[[808334,264550],[3612,14560]],[[811946,279110],[7936,-1433]],[[811946,279110],[-7896,1426]],[[796137,281965],[713,2807]],[[846815,276137],[4173,17114]],[[850988,293251],[9763,-1751]],[[835180,296087],[15808,-2836]],[[798696,244507],[1912,7618]],[[800608,252125],[11479,-2075],[1959,7622]],[[787181,246575],[1929,7627]],[[882472,275090],[-17990,-10437]],[[888655,267559],[-7601,-4445]],[[887170,240775],[-7183,8741]],[[896799,257642],[-7556,-4451],[6145,-7597]],[[895388,245594],[-8218,-4819]],[[917405,232549],[-15848,-9280]],[[901557,223269],[-7190,8748]],[[894367,232017],[15857,9277]],[[894367,232017],[-7197,8758]],[[895388,245594],[7631,4474]],[[901557,223269],[-16565,-9698]],[[877810,222331],[16557,9686]],[[901557,223269],[7170,-8726]],[[878836,235889],[-6206,7622],[-8210,-4851]],[[887170,240775],[-8334,-4886]],[[878836,235889],[-8200,-4809]],[[681802,287010],[-9520,1697],[-1390,1822],[4138,16574]],[[675030,307103],[11346,-2022]],[[686376,305081],[-2212,-8741]],[[684164,296340],[-2362,-9330]],[[694973,284664],[-1642,292]],[[693331,284956],[1933,7810],[-1280,1841],[-9820,1733]],[[686376,305081],[404,-73]],[[686780,305008],[12709,-2266]],[[699489,302742],[-4516,-18078]],[[801269,302170],[-6888,1263]],[[794381,303433],[-10663,1884]],[[783718,305317],[-9127,1613]],[[774591,306930],[-1583,279]],[[773008,307209],[-1650,292]],[[771358,307501],[-8877,1568]],[[762481,309069],[-11864,2096]],[[750617,311165],[-1674,295]],[[748943,311460],[-1670,295]],[[747273,311755],[-13171,2327]],[[734102,314082],[-2090,369]],[[732012,314451],[-13207,2333]],[[718805,316784],[-2016,356]],[[716789,317140],[-11482,2029]],[[705307,319169],[-1642,289]],[[703665,319458],[-1634,289]],[[702031,319747],[-11135,1967]],[[690896,321714],[-11702,2067]],[[679194,323781],[-6517,1096]],[[672677,324877],[405,1552]],[[673082,326429],[6511,-1007],[189490,-34402],[2615,-2811]],[[673082,326429],[9493,11259]],[[682575,337688],[19234,-3423]],[[701809,334265],[11504,-2046]],[[713313,332219],[11517,-2050]],[[724830,330169],[11501,-2046]],[[736331,328123],[11536,-2052]],[[747867,326071],[11496,-2046]],[[759363,324025],[11473,-2041]],[[770836,321984],[11569,-2059]],[[782405,319925],[11488,-2043]],[[793893,317882],[11485,-2043]],[[805378,315839],[12014,-2138]],[[817392,313701],[16098,-2864]],[[833490,310837],[22181,-3947],[1450,1690]],[[868061,306784],[17678,-20825]],[[693331,284956],[-11529,2054]],[[688758,313036],[-1978,-8028]],[[675030,307103],[4164,16678]],[[690896,321714],[-2138,-8678]],[[792205,294756],[-10674,1876]],[[781531,296632],[2187,8685]],[[794381,303433],[-2176,-8677]],[[774933,270416],[2225,8840]],[[777158,279256],[10685,-1903]],[[787843,277353],[-1836,-7323],[-2169,-1200],[-8905,1586]],[[741840,276313],[-1658,296]],[[740182,276609],[4542,18068]],[[744724,294677],[13524,-2411]],[[758248,292266],[-152,-605]],[[758096,291661],[-2035,-8077]],[[756061,283584],[-10179,1800],[-2104,-1304],[-1938,-7767]],[[744724,294677],[4219,16783]],[[750617,311165],[-1795,-6845],[1381,-1807],[10181,-1767]],[[760384,300746],[-98,-391]],[[760286,300355],[-2038,-8089]],[[714718,308854],[-2111,-8451]],[[712607,300403],[-13118,2339]],[[699489,302742],[4176,16716]],[[705307,319169],[-1699,-6829],[1460,-1815],[9650,-1671]],[[688758,313036],[9368,-1602],[2088,1060],[1817,7253]],[[716789,317140],[-2071,-8286]],[[710426,291675],[-2336,-9349]],[[708090,282326],[-11471,2044]],[[696619,284370],[2003,7896],[2147,1121],[9657,-1712]],[[710101,281969],[-2011,357]],[[710426,291675],[2181,8728]],[[712607,300403],[10737,-1914]],[[723344,298489],[-2549,-10352]],[[720795,288137],[-6941,1227],[-2159,-1201],[-1594,-6194]],[[696619,284370],[-1646,294]],[[723336,279610],[-13235,2359]],[[720795,288137],[2738,-483],[1340,-1823],[-1537,-6221]],[[725325,279256],[-1989,354]],[[723344,298489],[10684,-1905]],[[734028,296584],[-2677,-10364]],[[731351,286220],[-4060,736],[-1966,-7700]],[[738533,276902],[-13208,2354]],[[731351,286220],[7421,-1346],[1312,-1740],[-1551,-6232]],[[740182,276609],[-1649,293]],[[734028,296584],[10696,-1907]],[[734028,296584],[2356,9119]],[[736384,305703],[7207,-1271],[2108,1081],[1574,6242]],[[736384,305703],[-2405,424],[-1403,1769],[1526,6186]],[[723344,298489],[2187,8881]],[[725531,307370],[4520,-811],[1961,7892]],[[725531,307370],[-6540,1175],[-1645,2050],[1459,6189]],[[762481,309069],[-2097,-8323]],[[768644,289806],[-10548,1855]],[[760286,300355],[8834,-1531],[2238,8677]],[[773008,307209],[-4364,-17403]],[[768644,289806],[-4386,-17488]],[[764258,272318],[-1692,302]],[[762566,272620],[2232,8804],[-8875,1614]],[[755923,283038],[138,546]],[[765864,272032],[-1606,286]],[[768644,289806],[10696,-1881]],[[779340,287925],[-2182,-8669]],[[777158,279256],[-9048,1612],[-2246,-8836]],[[762566,272620],[-8869,1580]],[[753697,274200],[2226,8838]],[[774933,270416],[-9069,1616]],[[779340,287925],[10682,-1879]],[[790022,286046],[-2179,-8693]],[[781531,296632],[-9144,1607],[2204,8691]],[[781531,296632],[-2191,-8707]],[[753697,274200],[-11857,2113]],[[799856,361981],[-8173,9665]],[[791683,371646],[6927,4068],[2510,-294]],[[808207,366961],[-8351,-4980]],[[764140,342763],[-5355,953]],[[758785,343716],[2526,10095]],[[761311,353811],[11388,6686]],[[772699,360497],[15265,-18610]],[[787964,341887],[-12327,-1170]],[[775637,340717],[-11497,2046]],[[730266,378664],[-11160,13357]],[[719106,392021],[5685,3319],[2477,-346],[10074,-12187]],[[737342,382807],[-7076,-4143]],[[715946,370283],[-5861,-3431]],[[710085,366852],[-19262,3534]],[[690823,370386],[1517,6012],[12469,7278]],[[704809,383676],[11137,-13393]],[[704827,346146],[-3018,-11881]],[[682575,337688],[2981,11819]],[[685556,349507],[19271,-3361]],[[729529,348921],[-11407,2029]],[[718122,350950],[-11553,2055]],[[706569,353005],[877,3455]],[[707446,356460],[2639,10392]],[[715946,370283],[7163,4192]],[[723109,374475],[7157,4189]],[[737342,382807],[14346,-17355]],[[751688,365452],[-21132,-12431],[-1027,-4100]],[[707446,356460],[-19259,3479]],[[688187,359939],[2636,10447]],[[704827,346146],[1742,6859]],[[718122,350950],[-4809,-18731]],[[685556,349507],[2631,10432]],[[704809,383676],[7197,4201]],[[712006,387877],[11103,-13402]],[[712006,387877],[7100,4144]],[[775637,340717],[-4801,-18733]],[[759363,324025],[4777,18738]],[[787964,341887],[-5559,-21962]],[[798616,335984],[-10652,5903]],[[787964,341887],[10721,6367]],[[798685,348254],[16824,9993]],[[822253,350198],[-23637,-14214]],[[798685,348254],[-7078,8557]],[[791607,356811],[-139,168]],[[791468,356979],[7888,4704]],[[799356,361683],[6313,-7468],[8866,5195]],[[799356,361683],[500,298]],[[772699,360497],[2678,1573]],[[775377,362070],[8216,-9903],[8014,4644]],[[775377,362070],[7996,4696]],[[783373,366766],[8095,-9787]],[[783373,366766],[8310,4880]],[[747867,326071],[4734,18744]],[[752601,344815],[6184,-1099]],[[736331,328123],[4759,18741]],[[741090,346864],[11511,-2049]],[[724830,330169],[4699,18752]],[[729529,348921],[8035,-1430]],[[737564,347491],[3526,-627]],[[751688,365452],[4824,-5834]],[[756512,359618],[-8233,-4816],[950,-1190],[-11665,-6121]],[[756512,359618],[4799,-5807]],[[798616,335984],[-4723,-18102]],[[819915,324179],[-2523,-10478]],[[805378,315839],[3720,14335]],[[809098,330174],[10817,-5995]],[[798616,335984],[10482,-5810]],[[829074,342056],[-19976,-11882]],[[792205,294756],[-2183,-8710]],[[584071,146629],[-3137,5099]],[[580934,151728],[10475,5932]],[[591409,157660],[11173,6327]],[[602582,163987],[10912,6179],[532,2094],[-5592,9075]],[[608434,181335],[-5035,8173]],[[603399,189508],[-5114,8301]],[[598285,197809],[-5001,8118]],[[593284,205927],[-7390,11993],[-2488,578],[-8512,-4981]],[[574894,213517],[-11044,-6465]],[[563850,207052],[-12467,-7296]],[[551383,199756],[-3141,5234]],[[548242,204990],[10132,5863]],[[558374,210853],[11048,6393]],[[569422,217246],[11028,6381],[689,2111]],[[581139,225738],[5480,3445]],[[586619,229183],[2475,-553],[15747,9125]],[[604841,237755],[8992,5212]],[[613833,242967],[9055,5247]],[[622888,248214],[8934,5177]],[[631822,253391],[9090,5269]],[[640912,258660],[12299,7127]],[[653211,265787],[5637,3266],[1931,7939]],[[660779,276992],[1511,6210]],[[662290,283202],[6398,-1249]],[[668688,281953],[-3334,-13864],[22011,-27039]],[[687365,241050],[-5502,-3137]],[[681863,237913],[-9924,12191]],[[671939,250104],[-5625,6909]],[[666314,257013],[-4292,5273],[-2591,375],[-10004,-5821]],[[649427,256840],[-9690,-5638]],[[639737,251202],[-7845,-4565]],[[631892,246637],[-9673,-5627]],[[622219,241010],[-9696,-5641]],[[612523,235369],[-9673,-5628]],[[602850,229741],[-10802,-6285],[-656,-2016],[6019,-9808]],[[597411,211632],[5803,-9459]],[[603214,202173],[4533,-7387],[2514,-453],[14553,8470]],[[624814,202803],[9636,5610]],[[634450,208413],[9726,5660]],[[644176,214073],[9698,5644]],[[653874,219717],[9668,5627]],[[663542,225344],[7229,4208]],[[670771,229552],[2454,1428]],[[673225,230980],[8151,4744]],[[681376,235724],[3854,-4632]],[[685230,231092],[-8229,-4794]],[[677001,226298],[-9685,-5643]],[[667316,220655],[-9681,-5642]],[[657635,215013],[-9678,-5638]],[[647957,209375],[-9703,-5653]],[[638254,203722],[-9675,-5637]],[[628579,198085],[-9711,-5658]],[[618868,192427],[-5718,-3332],[-586,-2147],[8319,-13569]],[[620883,173379],[8287,-13517],[2594,-500],[9563,5571]],[[641327,164933],[6652,3876]],[[647979,168809],[1364,795]],[[649343,169604],[1432,834]],[[650775,170438],[6703,3904]],[[657478,174342],[6649,3875]],[[664127,178217],[1386,808]],[[665513,179025],[1413,823]],[[666926,179848],[6653,3875]],[[673579,183723],[6723,3917]],[[680302,187640],[1399,815]],[[681701,188455],[1406,819]],[[683107,189274],[6704,3905]],[[689811,193179],[9671,5635]],[[699482,198814],[8117,4729]],[[707599,203543],[5279,-3788]],[[712878,199755],[-1970,-1146]],[[710908,198609],[-6899,-4016]],[[704009,194593],[-6921,-4028]],[[697088,190565],[-6937,-4038]],[[690151,186527],[-6940,-4039]],[[683211,182488],[-6878,-4004]],[[676333,178484],[-6982,-4063]],[[669351,174421],[-6858,-3992]],[[662493,170429],[-6954,-4047]],[[655539,166382],[-6889,-4010]],[[648650,162372],[-6916,-4026]],[[641734,158346],[-6942,-4040]],[[634792,154306],[-7152,-4164]],[[627640,150142],[-2336,3791]],[[625304,153933],[-6461,10486],[-2483,582],[-7311,-4161]],[[609049,160840],[-7922,-4506]],[[601127,156334],[-17056,-9705]],[[668688,281953],[2273,1281],[64810,-11686],[1338,-1753]],[[737109,269795],[-426,-1916],[-46838,-27217],[-2480,388]],[[654733,250314],[-5306,6526]],[[666314,257013],[-11581,-6699]],[[673225,230980],[-10988,13465]],[[662237,244445],[9702,5659]],[[681863,237913],[-487,-2189]],[[603214,202173],[15030,8688]],[[618244,210861],[6570,-8058]],[[602850,229741],[8256,-10125]],[[611106,219616],[-13695,-7984]],[[557308,190126],[-5925,9630]],[[563850,207052],[6763,-11082]],[[570613,195970],[-13305,-5844]],[[593284,205927],[-10839,-4762]],[[582445,201165],[-7551,12352]],[[595339,175594],[13095,5741]],[[602582,163987],[-7243,11607]],[[580934,151728],[-8504,13822]],[[572430,165550],[11053,4846]],[[583483,170396],[7926,-12736]],[[617954,149733],[-8905,11107]],[[625304,153933],[-7350,-4200]],[[621853,130332],[-4143,5197]],[[617710,135529],[-4289,5381]],[[613421,140910],[-3414,4283]],[[610007,145193],[7947,4540]],[[627640,150142],[-3621,-2108],[9105,-11139]],[[633124,136895],[-11271,-6563]],[[731681,210700],[5329,3102],[2428,-334],[8274,-9859]],[[747712,203609],[-7078,-4121]],[[740634,199488],[-8953,11212]],[[733728,195468],[-8966,11205]],[[724762,206673],[6919,4027]],[[740634,199488],[-6906,-4020]],[[719861,187394],[-8953,11215]],[[712878,199755],[4951,2882],[6933,4036]],[[733728,195468],[-6915,-4026],[-6952,-4048]],[[719861,187394],[-6873,-4001]],[[712988,183393],[-8979,11200]],[[706074,179366],[-8986,11199]],[[712988,183393],[-6914,-4027]],[[706074,179366],[-6951,-4046]],[[699123,175320],[-8972,11207]],[[692244,171315],[-9033,11173]],[[699123,175320],[-6879,-4005]],[[692244,171315],[-6940,-4041]],[[685304,167274],[-8971,11210]],[[678390,163250],[-9039,11171]],[[685304,167274],[-6914,-4024]],[[678390,163250],[-6915,-4027]],[[671475,159223],[-8982,11206]],[[664556,155195],[-9017,11187]],[[671475,159223],[-6919,-4028]],[[664556,155195],[-6933,-4037]],[[657623,151158],[-8973,11214]],[[650734,147147],[-9000,11199]],[[657623,151158],[-6889,-4011]],[[650734,147147],[-6900,-4017]],[[643834,143130],[-9042,11176]],[[643834,143130],[-10710,-6235]],[[597828,124270],[19882,11259]],[[621853,130332],[-20435,-11897]],[[594316,129978],[19105,10932]],[[589146,138381],[18062,10325]],[[607208,148706],[2799,-3513]],[[585162,144856],[-1091,1773]],[[601127,156334],[6081,-7628]],[[620883,173379],[9173,5352]],[[630056,178731],[4822,-5903]],[[634878,172828],[6449,-7895]],[[618868,192427],[11188,-13696]],[[682545,219518],[-5544,6780]],[[685230,231092],[2488,-443],[4466,-5483]],[[692184,225166],[-9639,-5648]],[[693871,205673],[9600,5634]],[[703471,211307],[4569,-5610],[-441,-2154]],[[699482,198814],[-5611,6859]],[[693871,205673],[-5697,6964]],[[688174,212637],[9636,5621]],[[697810,218258],[5661,-6951]],[[688174,212637],[-5629,6881]],[[692184,225166],[5626,-6908]],[[689811,193179],[-6508,7950]],[[683303,201129],[-4802,5864]],[[678501,206993],[9673,5644]],[[678501,206993],[-11185,13662]],[[678501,206993],[-8178,-4770]],[[670323,202223],[-1502,-877]],[[668821,201346],[-11186,13667]],[[659108,195679],[-11151,13696]],[[668821,201346],[-6565,-3830]],[[662256,197516],[-3148,-1837]],[[659108,195679],[-4904,-2860]],[[654204,192819],[-4755,-2775]],[[649449,190044],[-11195,13678]],[[639737,184379],[-11158,13706]],[[649449,190044],[-3302,-1926]],[[646147,188118],[-6410,-3739]],[[639737,184379],[-1697,-990]],[[638040,183389],[-7984,-4658]],[[634878,172828],[6058,3521],[1098,-229],[5945,-7311]],[[649343,169604],[-11303,13785]],[[646147,188118],[4821,-5860]],[[650968,182258],[-5985,-3480],[-238,-1071],[6030,-7269]],[[650968,182258],[6510,-7916]],[[650968,182258],[5962,3468],[1268,-254],[5929,-7255]],[[654204,192819],[11309,-13794]],[[662256,197516],[4823,-5874]],[[667079,191642],[-5994,-3515],[-134,-976],[5975,-7303]],[[667079,191642],[6500,-7919]],[[667079,191642],[5999,3519],[1195,-204],[6029,-7317]],[[670323,202223],[11378,-13768]],[[683303,201129],[-6085,-3588],[-233,-981],[6122,-7286]],[[618244,210861],[-4378,5371]],[[613866,216232],[9646,5626]],[[623512,221858],[10938,-13445]],[[611106,219616],[2760,-3384]],[[660384,243365],[-5651,6949]],[[662237,244445],[-1853,-1080]],[[663542,225344],[-10967,13466]],[[652575,238810],[7213,4207]],[[659788,243017],[10983,-13465]],[[659788,243017],[596,348]],[[650743,237741],[-11006,13461]],[[652575,238810],[-1832,-1069]],[[650743,237741],[-7848,-4577]],[[642895,233164],[-11003,13473]],[[644176,214073],[-10960,13446]],[[633216,227519],[9679,5645]],[[642895,233164],[10979,-13447]],[[633216,227519],[-10997,13491]],[[633216,227519],[-9704,-5661]],[[623512,221858],[-10989,13511]],[[562338,181951],[-5030,8175]],[[570613,195970],[4678,2054]],[[575291,198024],[5006,-8150]],[[580297,189874],[-17959,-7923]],[[585368,181619],[-5071,8255]],[[580297,189874],[17988,7935]],[[603399,189508],[-18031,-7889]],[[575291,198024],[7154,3141]],[[590400,173428],[-5032,8191]],[[595339,175594],[-4939,-2166]],[[583483,170396],[6917,3032]],[[572430,165550],[-5046,8201]],[[567384,173751],[17984,7868]],[[567384,173751],[-5046,8200]],[[228519,114892],[8262,4869]],[[236781,119761],[46102,-48775],[2546,-371],[65877,37080]],[[351306,107695],[4780,-5875]],[[356086,101820],[-65205,-36673],[-502,-2185],[8027,-8518],[30650,-40231],[2484,-432],[65946,37034]],[[397486,50815],[6911,-6291]],[[404397,44524],[-79259,-44524],[-3269,7831],[-31159,41069],[-62191,65992]],[[236781,119761],[427,2115],[70617,39007]],[[307825,160883],[2547,-427],[41333,-50749],[-399,-2012]],[[356086,101820],[2504,-446],[39407,-48531],[-511,-2028]],[[445484,160526],[-84398,-47296],[-2523,509],[-41124,50568],[490,2167]],[[317929,166474],[84501,48718]],[[402430,215192],[2533,-448],[41006,-52201],[-485,-2017]],[[497553,96817],[-93156,-52293]],[[307825,160883],[10104,5591]],[[445484,160526],[4699,-5873]],[[450183,154653],[-56880,-31832]],[[393303,122821],[-7236,-4165]],[[386067,118656],[-20108,-11219],[-552,-2189],[39226,-48354],[2552,-471],[20046,11241],[497,2113],[-39220,48497],[-2441,382]],[[393303,122821],[-659,-2290],[39300,-48354],[2621,-466],[55892,31298]],[[490457,103009],[7096,-6192]],[[450183,154653],[2347,-493],[38482,-49002],[-555,-2149]],[[566455,145611],[-33405,55448]],[[533050,201059],[-3879,6323]],[[529171,207382],[-6823,11125]],[[522348,218507],[-4451,7367]],[[517897,225874],[-5532,9157]],[[512365,235031],[-5554,9194]],[[506811,244225],[-2760,4569]],[[504051,248794],[-2752,4555]],[[501299,253349],[-3978,6584]],[[497321,259933],[-3294,5452]],[[494027,265385],[8042,14927]],[[502069,280312],[1735,-2821]],[[503804,277491],[13120,-21326]],[[516924,256165],[6198,-10075]],[[523122,246090],[3559,-5785]],[[526681,240305],[4259,-6975]],[[530940,233330],[7123,-11667]],[[538063,221663],[10179,-16673]],[[578415,141738],[-7337,-3799]],[[571078,137939],[-4623,7672]],[[402430,215192],[10033,5717]],[[412463,220909],[-575,-2115],[41154,-52270],[2570,-432],[57047,32022]],[[512659,198114],[8234,4622]],[[520893,202736],[8278,4646]],[[533050,201059],[-35735,-20024]],[[497315,181035],[-37120,-20799],[-530,-2075],[38389,-49018],[2516,-394],[37110,20763]],[[537680,129512],[28775,16099]],[[571078,137939],[-73525,-41122]],[[485841,253340],[-5413,6758]],[[480428,260098],[10399,5997],[3200,-710]],[[497321,259933],[-11480,-6593]],[[513341,213421],[-8766,-4951]],[[504575,208470],[-5329,6826]],[[499246,215296],[18651,10578]],[[522348,218507],[-9007,-5086]],[[497315,181035],[40365,-51523]],[[412463,220909],[56821,32764]],[[469284,253673],[10109,-12948]],[[479393,240725],[3317,-4249]],[[482710,236476],[3196,-4094]],[[485906,232382],[6666,-8538]],[[492572,223844],[6674,-8548]],[[504575,208470],[8084,-10356]],[[469284,253673],[11144,6425]],[[485841,253340],[4877,-6089]],[[490718,247251],[-11325,-6526]],[[504051,248794],[-21341,-12318]],[[490718,247251],[10581,6098]],[[506811,244225],[-20905,-11843]],[[512365,235031],[-19793,-11187]],[[513341,213421],[7552,-10685]],[[581139,225738],[-7116,11638]],[[574023,237376],[-6160,10074]],[[567863,247450],[-6184,10113]],[[561679,257563],[-6157,10070]],[[555522,267633],[1707,6935]],[[557229,274568],[2237,9080]],[[559466,283648],[2204,8950]],[[561670,292598],[1949,7909],[-1492,1812],[-19660,3438]],[[542467,305757],[-16922,2959],[-2221,-802]],[[523324,307914],[5953,7731]],[[529277,315645],[936,-1931],[20839,-3668]],[[551052,310046],[10377,-1826]],[[561429,308220],[10210,-1797]],[[571639,306423],[10244,-1803]],[[581883,304620],[10271,-1808]],[[592154,302812],[10325,-1817]],[[602479,300995],[10303,-1815]],[[612782,299180],[10330,-1817]],[[623112,297363],[10181,-1792]],[[638426,294667],[5191,-914]],[[643617,293753],[10257,-1805]],[[653874,291948],[8373,-1474]],[[662247,290474],[-1328,-5562]],[[660919,284912],[-12641,2228]],[[648278,287140],[-9663,1703]],[[638615,288843],[-12844,2264]],[[625771,291107],[-3263,575]],[[622508,291682],[-10672,1881]],[[611836,293563],[-10808,1904]],[[601028,295467],[-11564,2039]],[[589464,297506],[-9433,1662]],[[580031,299168],[-7698,1357],[-2199,-1249],[-2349,-9555]],[[567785,289721],[-2433,-9900]],[[565352,279821],[-630,-2562]],[[564722,277259],[-2168,-8818],[4867,-7940]],[[567421,260501],[9279,-15135]],[[576700,245366],[5422,-8848]],[[582122,236518],[4497,-7335]],[[529277,315645],[1831,2504],[3318,4323]],[[534426,322472],[18893,-3318]],[[553319,319154],[-2267,-9108]],[[673082,326429],[-10965,1698],[-63899,11308],[-44758,7842]],[[553460,347277],[8837,11774]],[[562297,359051],[22494,-4014]],[[584791,355037],[6731,-1200]],[[591522,353837],[2446,-437]],[[593968,353400],[6894,-1230]],[[600862,352170],[16947,-3024]],[[617809,349146],[2507,-448]],[[620316,348698],[14315,-2553]],[[634631,346145],[10315,-1841]],[[644946,344304],[10286,-1836]],[[655232,342468],[10277,-1833]],[[665509,340635],[10503,-1874]],[[676012,338761],[6563,-1073]],[[540313,296460],[-2330,422]],[[537983,296882],[-20324,3676]],[[517659,300558],[5665,7356]],[[542467,305757],[-2154,-9297]],[[561670,292598],[-21357,3862]],[[528806,256030],[-3324,3965]],[[525482,259995],[-16787,20238]],[[508695,280233],[7237,-4552],[4766,5325]],[[520698,281006],[12817,-2257]],[[533515,278749],[23714,-4181]],[[555522,267633],[-26716,-11603]],[[560752,231577],[13271,5799]],[[569422,217246],[-8670,14331]],[[538063,221663],[10806,4722]],[[548869,226385],[9505,-15532]],[[672677,324877],[-10258,1723]],[[662419,326600],[-10341,1808]],[[652078,328408],[-10276,1797]],[[641802,330205],[-10234,1789]],[[631568,331994],[-10247,1792]],[[621321,333786],[-10319,1853]],[[611002,335639],[-10238,1839]],[[600764,337478],[-10329,1797]],[[590435,339275],[-10289,1791]],[[580146,341066],[-10210,1738]],[[569936,342804],[-10293,1753]],[[559643,344557],[-7315,1245]],[[552328,345802],[1132,1475]],[[523122,246090],[10085,4691]],[[533207,250781],[3492,-4165]],[[536699,246616],[944,-1126]],[[537643,245490],[-10962,-5185]],[[549845,239597],[18018,7853]],[[560752,231577],[-4721,-2062]],[[556031,229515],[-6186,10082]],[[548869,226385],[7162,3130]],[[530940,233330],[11359,6605]],[[542299,239935],[7546,-338]],[[537643,245490],[4656,-5555]],[[536699,246616],[24980,10947]],[[516924,256165],[8558,3830]],[[528806,256030],[4401,-5249]],[[508695,280233],[-4891,-2742]],[[502069,280312],[10865,14109]],[[512934,294421],[13285,-7245],[-5521,-6170]],[[535744,287793],[-2229,-9044]],[[512934,294421],[4725,6137]],[[537983,296882],[-2239,-9089]],[[559466,283648],[-23722,4145]],[[653874,291948],[2318,9398]],[[656192,301346],[10164,-1818]],[[666356,299528],[-1943,-7797],[-2166,-1257]],[[668353,307536],[-10185,1822]],[[658168,309358],[4251,17242]],[[672677,324877],[-4324,-17341]],[[555480,327834],[-14807,2779]],[[540673,330613],[11655,15189]],[[559643,344557],[-4163,-16723]],[[611002,335639],[-4250,-17278]],[[606752,318361],[-10205,1787]],[[596547,320148],[4217,17330]],[[627358,314753],[-6940,1215]],[[620418,315968],[-3349,587]],[[617069,316555],[4252,17231]],[[631568,331994],[-4210,-17241]],[[586164,321967],[-10316,1806]],[[575848,323773],[4298,17293]],[[590435,339275],[-4271,-17308]],[[565692,325552],[-10330,1809]],[[555362,327361],[118,473]],[[569936,342804],[-4244,-17252]],[[534426,322472],[6247,8141]],[[555362,327361],[-2043,-8207]],[[643617,293753],[4250,17408]],[[647867,311161],[10301,-1803]],[[658168,309358],[-1976,-8012]],[[647867,311161],[4211,17247]],[[668353,307536],[-1997,-8008]],[[647867,311161],[-5128,898]],[[637567,312965],[4235,17240]],[[623112,297363],[4246,17390]],[[627358,314753],[10209,-1788]],[[614814,307418],[-2032,-8238]],[[602479,300995],[4273,17366]],[[606752,318361],[10317,-1806]],[[617069,316555],[-2255,-9137]],[[614814,307418],[3426,-608],[2178,9158]],[[592154,302812],[4393,17336]],[[581883,304620],[4281,17347]],[[586164,321967],[10383,-1819]],[[575848,323773],[-10156,1779]],[[575848,323773],[-4209,-17350]],[[561429,308220],[4263,17332]],[[577319,288053],[-9534,1668]],[[580031,299168],[-2712,-11115]],[[660779,276992],[-14451,2599]],[[646328,279591],[1950,7549]],[[660919,284912],[1371,-1710]],[[645292,275581],[1036,4010]],[[653211,265787],[-7919,9794]],[[582122,236518],[16121,9357]],[[598243,245875],[6598,-8120]],[[564722,277259],[18917,-3276]],[[583639,273983],[11570,-2004]],[[595209,271979],[-1136,-4608]],[[594073,267371],[-26652,-6870]],[[634961,273915],[1277,5213]],[[636238,279128],[2377,9715]],[[645292,275581],[-10331,-1666]],[[595209,271979],[5819,23488]],[[611836,293563],[-3945,-16152]],[[607891,277411],[-2121,-8206]],[[605770,269205],[-3994,-644],[-7703,-1190]],[[613833,242967],[-13252,16277]],[[600581,259244],[-6435,7904],[-73,223]],[[605770,269205],[17118,-20991]],[[591615,254033],[-14915,-8667]],[[600581,259244],[-8966,-5211]],[[583639,273983],[3111,12413]],[[586750,286396],[2714,11110]],[[565352,279821],[10432,-1929],[2535,9986]],[[578319,287878],[8431,-1482]],[[577319,288053],[1000,-175]],[[605952,269235],[1939,8176]],[[622508,291682],[-5019,-20587]],[[617489,271095],[-11537,-1860]],[[605770,269205],[182,30]],[[617489,271095],[903,-1241],[13430,-16463]],[[591615,254033],[6628,-8158]],[[625771,291107],[-2360,-9784],[12827,-2195]],[[634961,273915],[-5668,-915]],[[629293,273000],[-11804,-1905]],[[629293,273000],[11619,-14340]],[[676012,338761],[4626,18462]],[[680638,357223],[2147,8565]],[[682785,365788],[2122,8469],[-1327,1839],[-8848,1578]],[[674732,377674],[-10288,1835]],[[664444,379509],[-2438,434]],[[662006,379943],[-8577,1530]],[[653429,381473],[-8646,1542]],[[644783,383015],[-8626,1538]],[[636157,384553],[-2471,440]],[[633686,384993],[-10260,1830]],[[623426,386823],[-10249,1828]],[[613177,388651],[-6354,1133],[-2514,-415]],[[604309,389369],[11308,6641]],[[615617,396010],[480,-2128],[25157,-4484]],[[641254,389398],[18540,-3303]],[[659794,386095],[14938,-2663]],[[674732,383432],[1678,-299]],[[676410,383133],[12133,-2162],[4475,2637]],[[693018,383608],[8891,5239]],[[701909,388847],[9002,5303]],[[710911,394150],[9945,5859],[456,2180],[-9722,11797]],[[711590,413986],[-5276,6402]],[[706314,420388],[-5265,6388]],[[701049,426776],[-5376,6524]],[[695673,433300],[-4425,5368],[-2402,405]],[[688846,439073],[8452,4906]],[[697298,443979],[-502,-2133],[6607,-8019]],[[703403,433827],[6499,-7889]],[[709902,425938],[6438,-7814]],[[716340,418124],[6485,-7871]],[[722825,410253],[6432,-7806]],[[729257,402447],[6556,-7957]],[[735813,394490],[6424,-7798]],[[742237,386692],[6474,-7858]],[[748711,378834],[6495,-7882]],[[755206,370952],[6643,-8063],[2595,-370],[15095,8863]],[[779539,371382],[15082,8855],[471,2112],[-6707,8011]],[[788385,390360],[-6588,7867]],[[781797,398227],[-6537,7807]],[[775260,406034],[-6508,7773]],[[768752,413807],[-6639,7928]],[[762113,421735],[-6478,7737]],[[755635,429472],[-6571,7848]],[[749064,437320],[-6517,7782]],[[742547,445102],[-6556,7831]],[[735991,452933],[-6669,7964]],[[729322,460897],[6303,3732]],[[735625,464629],[70723,-84371]],[[562297,359051],[7934,10306],[9882,5808]],[[580113,375165],[9459,-1689]],[[589572,373476],[-4781,-18439]],[[684169,426500],[-5466,6612]],[[678703,433112],[10143,5961]],[[695673,433300],[-11504,-6800]],[[727889,448184],[-7585,9316]],[[720304,457500],[6517,3817],[2501,-420]],[[735991,452933],[-8102,-4749]],[[771870,380699],[16515,9661]],[[779539,371382],[-7669,9317]],[[755206,370952],[16664,9747]],[[697298,443979],[6329,3717]],[[703627,447696],[7560,-9304]],[[711187,438392],[-7784,-4565]],[[711187,438392],[8901,5218]],[[720088,443610],[6489,-7883]],[[726577,435727],[-16675,-9789]],[[703627,447696],[8818,5200]],[[712445,452896],[7643,-9286]],[[610562,378287],[-19149,3520]],[[591413,381807],[12896,7562]],[[613177,388651],[-2615,-10364]],[[672235,367648],[2497,10026]],[[682785,365788],[-10550,1860]],[[665509,340635],[4599,18467]],[[670108,359102],[10530,-1879]],[[615617,396010],[16799,9896]],[[632416,405906],[9536,-11604]],[[641952,394302],[-698,-4904]],[[676410,383133],[1265,5390],[-899,1101],[7636,4403]],[[684412,394027],[8606,-10419]],[[710911,394150],[-10807,13072]],[[700104,407222],[11486,6764]],[[748711,378834],[16658,9764]],[[765369,388598],[6501,-7899]],[[765369,388598],[16428,9629]],[[765369,388598],[-6466,7856]],[[758903,396454],[16357,9580]],[[758903,396454],[-16666,-9762]],[[735813,394490],[16663,9771]],[[752476,404261],[6427,-7807]],[[752476,404261],[16276,9546]],[[752476,404261],[-6557,7967]],[[745919,412228],[16194,9507]],[[745919,412228],[-16662,-9781]],[[722825,410253],[16678,9770]],[[739503,420023],[6416,-7795]],[[739503,420023],[16132,9449]],[[739503,420023],[-6489,7883]],[[733014,427906],[16050,9414]],[[733014,427906],[-16674,-9782]],[[726577,435727],[6437,-7821]],[[726577,435727],[15970,9375]],[[720088,443610],[7801,4574]],[[712445,452896],[7859,4604]],[[641952,394302],[10469,6186]],[[652421,400488],[2934,-3587]],[[655355,396901],[5453,-6669],[-1014,-4137]],[[632416,405906],[10519,6183]],[[642935,412089],[9486,-11601]],[[655355,396901],[8974,5234]],[[664329,402135],[3594,-4371]],[[667923,397764],[7902,-9617],[-1093,-4715]],[[642935,412089],[8911,5237]],[[651846,417326],[12483,-15191]],[[667923,397764],[9015,5312]],[[676938,403076],[7474,-9049]],[[651846,417326],[8967,5271]],[[660813,422597],[16125,-19521]],[[660813,422597],[8929,5248]],[[669742,427845],[16101,-19521]],[[685843,408324],[-8905,-5248]],[[685843,408324],[16066,-19477]],[[685843,408324],[8978,5291]],[[694821,413615],[5283,-6393]],[[669742,427845],[8961,5267]],[[684169,426500],[5401,-6534]],[[689570,419966],[5251,-6351]],[[701049,426776],[-11479,-6810]],[[706314,420388],[-11493,-6773]],[[670108,359102],[2127,8546]],[[670108,359102],[-10283,1836]],[[659825,360938],[4619,18571]],[[659825,360938],[-10281,1834]],[[649544,362772],[-5110,913]],[[644434,363685],[1748,6748]],[[646182,370433],[4230,-744]],[[650412,369689],[8676,-1526],[2918,11780]],[[650412,369689],[3017,11784]],[[641815,371201],[-8626,1517],[2968,11835]],[[644783,383015],[-2968,-11814]],[[639266,364607],[-10219,1824]],[[629047,366431],[4639,18562]],[[641815,371201],[4367,-768]],[[644434,363685],[-5168,922]],[[649544,362772],[-4598,-18468]],[[634631,346145],[4635,18462]],[[659825,360938],[-4593,-18470]],[[620316,348698],[4568,18476]],[[624884,367174],[4163,-743]],[[624884,367174],[-2475,442]],[[622409,367616],[-3632,648]],[[618777,368264],[4649,18559]],[[618777,368264],[-10281,1835]],[[608496,370099],[2066,8188]],[[608496,370099],[-2905,518]],[[605591,370617],[-9457,1689]],[[596134,372306],[-6562,1170]],[[580113,375165],[11300,6642]],[[617809,349146],[2299,9232]],[[620108,358378],[2301,9238]],[[620108,358378],[-16880,3022]],[[603228,361400],[1108,4322]],[[604336,365722],[1255,4895]],[[591522,353837],[4612,18469]],[[604336,365722],[-6950,1170],[-3418,-13492]],[[600862,352170],[2366,9230]],[[615617,396010],[-13517,11980]],[[602100,407990],[11980,7057]],[[614080,415047],[7281,4289]],[[621361,419336],[1402,825]],[[622763,420161],[1347,794]],[[624110,420955],[7258,4276]],[[631368,425231],[8625,5081]],[[639993,430312],[8598,5064]],[[648591,435376],[9275,5464]],[[657866,440840],[1390,819]],[[659256,441659],[2085,1228]],[[661341,442887],[8974,5286]],[[670315,448173],[7478,4406]],[[677793,452579],[8524,5020]],[[686317,457599],[6691,3942]],[[693008,461541],[8260,4866]],[[701268,466407],[8295,4887]],[[709563,471294],[6130,3610],[505,2180]],[[716198,477084],[6214,3661]],[[722412,480745],[13213,-16116]],[[709563,471294],[-6244,7557]],[[703319,478851],[7808,4588]],[[711127,483439],[5071,-6355]],[[602100,407990],[-2457,411],[-3508,4261]],[[596135,412662],[13416,7898]],[[609551,420560],[4529,-5513]],[[578638,433916],[-6456,7843],[468,2169]],[[572650,443928],[11935,7021]],[[584585,450949],[6993,-8512]],[[591578,442437],[505,-615]],[[592083,441822],[-13445,-7906]],[[646325,478542],[-4890,5852]],[[641435,484394],[6800,4000],[2464,-362],[3869,-4623]],[[654568,483409],[-8243,-4867]],[[664453,455398],[9092,5337]],[[673545,460735],[4953,-5916],[-705,-2240]],[[670315,448173],[-5862,7225]],[[686317,457599],[-2636,394],[-5170,6277]],[[678511,464270],[8266,4858]],[[686777,469128],[6231,-7587]],[[686777,469128],[8264,4858]],[[695041,473986],[6227,-7579]],[[695041,473986],[8278,4865]],[[670279,474265],[-6245,7583]],[[664034,481848],[8273,4862]],[[672307,486710],[6253,-7602],[-8281,-4843]],[[664034,481848],[-6287,7634]],[[657747,489482],[8282,4859],[6278,-7631]],[[655828,491812],[-6294,7643]],[[649534,499455],[8277,4870]],[[657811,504325],[6292,-7655],[-8275,-4858]],[[606437,470708],[-2494,359],[-20588,25035],[454,2068],[37988,22401],[2481,-385],[20597,-24972],[-481,-2025],[-37957,-22481]],[[659256,441659],[-9951,12151],[-10674,-6363]],[[638631,447447],[-960,1162]],[[637671,448609],[-3852,4669]],[[633819,453278],[8605,5075]],[[642424,458353],[6701,-377]],[[649125,457976],[6353,-7847]],[[655478,450129],[5863,-7242]],[[633819,453278],[-14797,17931]],[[619022,471209],[8649,5088]],[[627671,476297],[7590,-9231]],[[635261,467066],[7163,-8713]],[[635261,467066],[6899,4077]],[[642160,471143],[8213,-9859],[15217,8957]],[[665590,470241],[1441,-1723]],[[667031,468518],[-17906,-10542]],[[655478,450129],[8975,5269]],[[667031,468518],[1006,-1201]],[[668037,467317],[-8976,-5273],[5392,-6646]],[[642160,471143],[6927,4094]],[[649087,475237],[2455,-2937]],[[651542,472300],[4859,-5815],[8228,4904]],[[664629,471389],[961,-1148]],[[642160,471143],[-7648,9178]],[[634512,480321],[6923,4073]],[[646325,478542],[2762,-3305]],[[627671,476297],[6841,4024]],[[651542,472300],[8257,4860]],[[659799,477160],[4830,-5771]],[[654568,483409],[5231,-6249]],[[668037,467317],[5508,-6582]],[[625224,448209],[-454,550]],[[624770,448759],[-14349,17389]],[[610421,466148],[8601,5061]],[[633819,453278],[-8595,-5069]],[[657866,440840],[-4795,5896],[-9288,-5534]],[[643783,441202],[-5152,6245]],[[648591,435376],[-4808,5826]],[[624770,448759],[-8620,-5051]],[[616150,443708],[-7332,8904]],[[608818,452612],[-6987,8483]],[[601831,461095],[8590,5053]],[[639993,430312],[-10919,13231]],[[629074,443543],[8597,5066]],[[629074,443543],[-3850,4666]],[[624421,433666],[6947,-8435]],[[624110,420955],[-5948,7233],[436,2041],[5823,3437]],[[624421,433666],[-7800,9470]],[[616621,443136],[8603,5073]],[[607996,438050],[8625,5086]],[[622763,420161],[-14767,17889]],[[616621,443136],[-471,572]],[[593176,456003],[1414,832]],[[594590,456835],[5953,-7245],[2529,-353],[5746,3375]],[[607996,438050],[-14820,17953]],[[594590,456835],[7241,4260]],[[607129,423508],[-2659,3236]],[[604470,426744],[-5106,6215]],[[599364,432959],[8632,5091]],[[621361,419336],[-6942,8471],[-7290,-4299]],[[584585,450949],[7226,4252]],[[591811,455201],[6995,-8479],[-7228,-4285]],[[599364,432959],[-7281,8863]],[[591811,455201],[1365,802]],[[585942,425044],[-7304,8872]],[[599364,432959],[-13422,-7915]],[[604470,426744],[-13442,-7878]],[[591028,418866],[-5086,6178]],[[596135,412662],[-5107,6204]],[[607129,423508],[2422,-2948]],[[552328,345802],[-20376,3832]],[[531952,349634],[1113,1451],[-12386,2154],[-27697,4993],[-36904,6513]],[[456078,364745],[-7527,14565]],[[448551,379310],[93842,-16431]],[[542393,362879],[19904,-3828]],[[542393,362879],[9799,12874]],[[552192,375753],[3966,5210],[3260,1922]],[[559418,382885],[1949,1151]],[[561367,384036],[7283,4294]],[[568650,388330],[1402,827]],[[570052,389157],[1400,826]],[[571452,389983],[7174,4231]],[[578626,394214],[7238,4269]],[[585864,398483],[1651,973]],[[587515,399456],[6238,3679]],[[593753,403135],[8347,4855]],[[542963,386952],[8797,5115],[7658,-9182]],[[552192,375753],[-9229,11199]],[[542393,362879],[-9926,2728]],[[532467,365607],[-5789,24441]],[[526678,390048],[9008,5312]],[[535686,395360],[235,139]],[[535921,395499],[7042,-8547]],[[448551,379310],[-7540,1320]],[[436496,387912],[858,-492]],[[437354,387420],[9934,-5550],[12184,-2321]],[[459472,379549],[871,-166]],[[460343,379383],[4063,-774]],[[464406,378609],[11744,-2237]],[[476150,376372],[11586,-2208]],[[487736,374164],[11488,-1952]],[[499224,372212],[11915,-2024]],[[511139,370188],[12215,-2076],[9113,-2505]],[[446941,393097],[-9587,-5677]],[[425853,405082],[10036,5921]],[[435889,411003],[11052,-17906]],[[456198,422984],[7955,4692],[2412,-513],[10166,-16428]],[[476731,410735],[-9443,-5592]],[[467288,405143],[-11090,17841]],[[503297,388935],[-11487,2030]],[[491810,390965],[4042,16406]],[[495852,407371],[11470,-2017]],[[507322,405354],[-4025,-16419]],[[560638,428324],[-4745,5757]],[[555893,434081],[8211,4857],[2551,-372],[3706,-4481]],[[570361,434085],[-9723,-5761]],[[580133,408369],[7709,4573]],[[587842,412942],[6345,-7674],[-434,-2133]],[[587515,399456],[-7382,8913]],[[477723,421434],[-5663,9163],[591,2103],[10618,6272]],[[483269,438972],[7900,-9609]],[[491169,429363],[-13446,-7929]],[[573163,482736],[-5211,6259]],[[567952,488995],[7235,4274]],[[575187,493269],[2532,-391],[4206,-5091]],[[581925,487787],[-8762,-5051]],[[590745,461482],[-5194,6268]],[[585551,467750],[8675,5146]],[[594226,472896],[4126,-4995],[-439,-2192],[-7168,-4227]],[[506335,411701],[-403,-237],[-19974,3500]],[[485958,414964],[11907,6979]],[[497865,421943],[8470,-10242]],[[485958,414964],[-4751,833],[-3484,5637]],[[491169,429363],[3492,-4246],[390,230]],[[495051,425347],[2814,-3404]],[[483269,438972],[6958,4111]],[[490227,443083],[11408,-13852]],[[501635,429231],[-6584,-3884]],[[535064,448954],[967,571]],[[536031,449525],[1342,792],[11379,-13600]],[[548752,436717],[-2385,-1406]],[[546367,435311],[-11303,13643]],[[536031,449525],[-3443,4188]],[[532588,453713],[2108,1240]],[[534696,454953],[14766,-17817]],[[549462,437136],[-710,-419]],[[532588,453713],[-7967,9686]],[[524621,463399],[8233,4863]],[[532854,468262],[7999,-9689]],[[540853,458573],[-6157,-3620]],[[523606,462800],[1015,599]],[[535064,448954],[-11458,13846]],[[572163,450523],[-8486,10313],[8240,4863]],[[571917,465699],[2981,-3612]],[[574898,462087],[5524,-6693]],[[580422,455394],[-8259,-4871]],[[574898,462087],[10323,6063]],[[585221,468150],[330,-400]],[[590745,461482],[-10323,-6088]],[[585221,468150],[-4849,5852],[8684,5153]],[[589056,479155],[5170,-6259]],[[571917,465699],[-2857,3460]],[[569060,469159],[19020,11178]],[[588080,480337],[976,-1182]],[[569060,469159],[-3398,4117]],[[565662,473276],[-2446,2962]],[[563216,476238],[10297,6077]],[[573513,482315],[4870,-5849],[8752,5014]],[[587135,481480],[945,-1143]],[[573513,482315],[-350,421]],[[581925,487787],[5210,-6307]],[[563216,476238],[-5526,6695]],[[557690,482933],[10262,6062]],[[541130,473151],[8308,4907]],[[549438,478058],[7950,-9705]],[[557388,468353],[-1964,-1169]],[[555424,467184],[-6136,-3650]],[[549288,463534],[-156,-91]],[[549132,463443],[-8002,9708]],[[555477,455958],[-6189,7576]],[[555424,467184],[14731,-17845]],[[570155,449339],[-2097,-1237]],[[568058,448102],[-8500,10265],[-4081,-2409]],[[549438,478058],[8252,4875]],[[565662,473276],[-8274,-4923]],[[532854,468262],[8276,4889]],[[549132,463443],[-4022,-2366]],[[545110,461077],[-4257,-2504]],[[529128,445453],[-11412,13867]],[[517716,459320],[5890,3480]],[[535064,448954],[-4513,-2663]],[[530551,446291],[-1423,-838]],[[546367,435311],[-4552,-2685]],[[541815,432626],[-11264,13665]],[[545110,461077],[6243,-7555]],[[551353,453522],[-8275,-4885],[8504,-10251]],[[551582,438386],[-2120,-1250]],[[551353,453522],[8486,-10267]],[[559839,443255],[-8257,-4869]],[[551353,453522],[4124,2436]],[[568058,448102],[-8219,-4847]],[[572163,450523],[-2008,-1184]],[[510843,455261],[6873,4059]],[[529128,445453],[-5481,-3235]],[[523647,442218],[-1371,-809]],[[522276,441409],[-11433,13852]],[[515390,437346],[-11401,13866]],[[503989,451212],[6854,4049]],[[522276,441409],[-5494,-3241]],[[516782,438168],[-1392,-822]],[[497086,447135],[6903,4077]],[[515390,437346],[-5486,-3236]],[[509904,434110],[-1383,-816]],[[508521,433294],[-11435,13841]],[[490227,443083],[6859,4052]],[[508521,433294],[-5475,-3231]],[[503046,430063],[-1411,-832]],[[503046,430063],[11250,-13667]],[[514296,416396],[-7961,-4695]],[[509904,434110],[11232,-13680]],[[521136,420430],[-6840,-4034]],[[516782,438168],[11252,-13670]],[[528034,424498],[-6898,-4068]],[[523647,442218],[11249,-13672]],[[534896,428546],[-6862,-4048]],[[541815,432626],[-6919,-4080]],[[476150,376372],[4160,16625]],[[480310,392997],[11500,-2032]],[[491810,390965],[-4074,-16801]],[[511139,370188],[4212,16572]],[[515351,386760],[11327,3288]],[[526678,390048],[-14775,18016]],[[511903,408064],[8971,5305]],[[520874,413369],[14812,-18009]],[[515351,386760],[-12054,2175]],[[507322,405354],[4581,2710]],[[499224,372212],[4073,16723]],[[480310,392997],[-11807,2086]],[[468503,395083],[125,688],[-5515,6901]],[[463113,402672],[4175,2471]],[[476731,410735],[7580,-1334]],[[484311,409401],[-4001,-16404]],[[460343,379383],[2142,8683],[-698,837]],[[461787,388903],[1747,7059]],[[463534,395962],[-3778,4722]],[[459756,400684],[3357,1988]],[[468503,395083],[-4097,-16474]],[[520874,413369],[8887,5257]],[[529761,418626],[6908,-8333]],[[536669,410293],[7992,-9640]],[[544661,400653],[-8740,-5154]],[[536669,410293],[7308,4302],[-6938,8335]],[[537039,422930],[1356,801]],[[538395,423731],[14895,-17991]],[[553290,405740],[-6577,-3878]],[[546713,401862],[-2052,-1209]],[[538395,423731],[1381,818]],[[539776,424549],[6907,-8296],[7224,4207]],[[553907,420460],[8002,-9637]],[[561909,410823],[-6591,-3887]],[[555318,406936],[-2028,-1196]],[[529761,418626],[7278,4304]],[[539776,424549],[7201,4259]],[[546977,428808],[6930,-8348]],[[563963,412034],[-2054,-1211]],[[553907,420460],[7242,4217],[-6928,8415]],[[554221,433092],[1672,989]],[[560638,428324],[5086,-6172]],[[565724,422152],[5036,-6111]],[[570760,416041],[-6797,-4007]],[[546977,428808],[7244,4284]],[[575439,427943],[-9715,-5791]],[[570361,434085],[5078,-6142]],[[575439,427943],[5082,-6146]],[[580521,421797],[-7732,-4559]],[[572789,417238],[-2029,-1197]],[[585864,398483],[-7164,8753],[-380,76],[-7058,-4147]],[[571262,403165],[-7299,8869]],[[572789,417238],[7344,-8869]],[[580521,421797],[7321,-8855]],[[570052,389157],[-14734,17779]],[[571262,403165],[-6964,-4092],[-92,-391],[7246,-8699]],[[578626,394214],[-7364,8951]],[[568650,388330],[-7227,8728],[-443,63],[-6969,-4137]],[[554011,392984],[-7298,8878]],[[554011,392984],[7356,-8948]],[[484311,409401],[11541,-2030]],[[459472,379549],[2315,9354]],[[461787,388903],[-7251,8690]],[[454536,397593],[2427,1437]],[[456963,399030],[1219,-2126],[5352,-942]],[[456963,399030],[2793,1654]],[[456963,399030],[-11118,17847]],[[445845,416877],[10353,6107]],[[362631,267315],[406,2053],[-8496,10791]],[[354541,280159],[-8499,10796],[-2543,373]],[[343499,291328],[-3639,4751]],[[339860,296079],[527,2116]],[[340387,298195],[5516,3277]],[[345903,301472],[2530,-393],[28587,16785],[1437,1873],[1186,4779],[-1386,1763]],[[378257,326279],[1375,5566]],[[379632,331845],[2192,1221],[2295,9153]],[[384119,342219],[2704,10779]],[[386823,352998],[336,1344]],[[387159,354342],[2359,9403]],[[389518,363745],[2392,9536],[-1473,1845]],[[390437,375126],[1387,9175]],[[391824,384301],[27691,-4942]],[[419515,379359],[5925,-1121]],[[425440,378238],[3319,-9963]],[[428759,368275],[-2830,493]],[[425929,368768],[-14008,2439]],[[411921,371207],[-11386,1983],[-2032,-1179],[-3827,-15187]],[[394676,356824],[-2442,-9691]],[[392234,347133],[-2467,-9794]],[[389767,337339],[-2614,-10371]],[[387153,326968],[-1675,-6645]],[[385478,320323],[-1298,-5151]],[[384180,315172],[-5093,-2997]],[[379087,312175],[-7277,-4282]],[[371810,307893],[-7201,-4237]],[[364609,303656],[-7246,-4263]],[[357363,299393],[-5327,-3135],[-475,-2163],[8450,-10748]],[[360011,283347],[8481,-10788],[2557,-389]],[[371049,272170],[-8418,-4855]],[[449982,365817],[-1753,-75],[-14833,-975]],[[433396,364767],[-2669,252],[-1968,3256]],[[456078,364745],[-6096,1072]],[[440823,352604],[-6467,-2821],[-12646,2244]],[[421710,352027],[4219,16741]],[[433396,364767],[7427,-12163]],[[531952,349634],[-12162,2048]],[[519790,351682],[-9068,1526]],[[510722,353208],[-5915,1036]],[[504807,354244],[-6156,1079]],[[498651,355323],[-11544,2022]],[[487107,357345],[-13113,2297]],[[473994,359642],[-16953,2968],[-3041,-3371]],[[454000,359239],[-4018,6578]],[[493217,299125],[-1388,-1810]],[[491829,297315],[-1174,1922]],[[490655,299237],[2562,-112]],[[493217,299125],[14184,18495]],[[507401,317620],[9132,11908]],[[516533,329528],[7733,10083]],[[524266,339611],[7686,10023]],[[502069,280312],[-10240,17003]],[[402430,215192],[-10528,13619]],[[391902,228811],[519,2128],[-23374,29617],[-2476,382]],[[366571,260938],[9742,5706]],[[376313,266644],[-440,-2024],[11760,-14936]],[[387633,249684],[11690,-14849],[2593,-439],[6335,3680]],[[408251,238076],[9376,5448]],[[417627,243524],[9327,5419]],[[426954,248943],[9386,5452]],[[436340,254395],[9315,5413]],[[445655,259808],[9340,5426]],[[454995,265234],[10399,6042]],[[465394,271276],[8650,5025]],[[474044,276301],[3166,1839],[5017,6648]],[[482227,284788],[11800,-19403]],[[439277,312243],[-8462,10307]],[[430815,322550],[22295,9933]],[[453110,332483],[5444,-8917]],[[458554,323566],[-19277,-11323]],[[423884,270846],[-12398,16374]],[[411486,287220],[9301,5441]],[[420787,292661],[12402,-16384]],[[433189,276277],[-9305,-5431]],[[407823,354491],[-13147,2333]],[[411921,371207],[-4098,-16716]],[[399165,308091],[-14985,7081]],[[385478,320323],[22497,-4019]],[[407975,316304],[-3799,-3542]],[[404176,312762],[-5011,-4671]],[[367263,287607],[-7252,-4260]],[[357363,299393],[9900,-11786]],[[367263,287607],[835,490]],[[368098,288097],[9792,-11909]],[[377890,276188],[-6841,-4018]],[[376313,266644],[7153,4185]],[[383466,270829],[12375,-16353]],[[395841,254476],[-8208,-4792]],[[395841,254476],[12410,-16400]],[[474044,276301],[-9011,11979]],[[465033,288280],[11110,6474]],[[476143,294754],[6084,-9966]],[[471709,350585],[-9806,-4283]],[[461903,346302],[-7903,12937]],[[473994,359642],[-2285,-9057]],[[500901,338153],[3906,16091]],[[510722,353208],[-2676,-10870]],[[508046,342338],[-7145,-4185]],[[517328,341837],[2462,9845]],[[524266,339611],[-6938,2226]],[[416823,332530],[2437,9769]],[[419260,342299],[2450,9728]],[[440823,352604],[6585,-10783]],[[447408,341821],[-23813,-10478]],[[423595,331343],[-6772,1187]],[[419260,342299],[-27026,4834]],[[407823,354491],[13887,-2464]],[[416823,332530],[-2593,-10394]],[[414230,322136],[-27077,4832]],[[389767,337339],[27056,-4809]],[[423595,331343],[7220,-8793]],[[439277,312243],[-11718,-6883]],[[427559,305360],[-13329,16776]],[[399165,308091],[-1420,-1324]],[[397745,306767],[-3633,-3387],[-3272,-1922]],[[390840,301458],[-1835,-1078]],[[389005,300380],[-9918,11795]],[[400668,289566],[-9828,11892]],[[397745,306767],[10507,-12746]],[[408252,294021],[-7584,-4455]],[[507401,317620],[-3808,4920]],[[503593,322540],[-8570,11074]],[[495023,333614],[852,1596]],[[495875,335210],[5026,2943]],[[508046,342338],[-476,-1851]],[[507570,340487],[8963,-10959]],[[503593,322540],[-19885,-11931]],[[483708,310609],[-8075,13218]],[[475633,323827],[19390,9787]],[[475633,323827],[-7578,12405]],[[468055,336232],[15560,6778]],[[483615,343010],[10448,-6646]],[[494063,336364],[1812,-1154]],[[517328,341837],[-9758,-1350]],[[494063,336364],[4588,18959]],[[483615,343010],[-11906,7575]],[[487107,357345],[-3492,-14335]],[[468055,336232],[-6152,10070]],[[490655,299237],[-6947,11372]],[[447408,341821],[5702,-9338]],[[414230,322136],[-6255,-5832]],[[427559,305360],[-11751,-6902]],[[415808,298458],[-11632,14304]],[[415808,298458],[-7556,-4437]],[[381751,296118],[-9941,11775]],[[389005,300380],[-5747,-3376]],[[383258,297004],[-1507,-886]],[[400668,289566],[-7598,-4462]],[[393070,285104],[-9812,11900]],[[385503,280659],[-9847,11878]],[[375656,292537],[6095,3581]],[[393070,285104],[-7567,-4445]],[[368098,288097],[6384,3751]],[[374482,291848],[1174,689]],[[385503,280659],[-7613,-4471]],[[374482,291848],[-9873,11808]],[[442512,281719],[10381,6060]],[[452893,287779],[3454,-4559]],[[456347,283220],[9047,-11944]],[[454995,265234],[-12483,16485]],[[456347,283220],[8686,5060]],[[465033,288280],[-7163,9521]],[[457870,297801],[12100,7065]],[[469970,304866],[6173,-10112]],[[445655,259808],[-12466,16469]],[[433189,276277],[9323,5442]],[[420787,292661],[9299,5471]],[[430086,298132],[8958,-11831]],[[439044,286301],[3468,-4582]],[[426954,248943],[-12428,16439]],[[414526,265382],[9358,5464]],[[423884,270846],[12456,-16451]],[[414526,265382],[-12380,16374]],[[402146,281756],[9340,5464]],[[405203,259940],[-12382,16361]],[[392821,276301],[9325,5455]],[[414526,265382],[-9323,-5442]],[[395841,254476],[9362,5464]],[[405203,259940],[12424,-16416]],[[383466,270829],[9355,5472]],[[439044,286301],[10365,6078]],[[449409,292379],[3484,-4600]],[[430086,298132],[10352,6090]],[[440438,304222],[7366,-9725]],[[447804,294497],[1605,-2118]],[[228519,114892],[-29770,31845],[-5986,10385]],[[192763,157122],[8245,4911]],[[201008,162033],[6373,-10885],[15352,-16250],[2579,-344],[71956,39668],[517,2165],[-23321,28607],[-2498,398]],[[271966,205392],[9843,5773]],[[281809,211165],[-542,-2069],[23473,-28934],[2534,-395],[54499,31668]],[[361773,211435],[30129,17376]],[[278138,217722],[-7670,9342]],[[270468,227064],[19381,11392]],[[289849,238456],[6661,-8137],[-385,-2029]],[[296125,228290],[-17987,-10568]],[[245300,222854],[-22882,5278]],[[222418,228132],[3127,9615]],[[225545,237747],[27618,-6998]],[[253163,230749],[-7863,-7895]],[[257215,260790],[-4230,5050],[-17070,3943]],[[235915,269783],[2658,8087],[2268,1087],[19455,-4398],[6620,-8087]],[[266916,266472],[-9701,-5682]],[[228968,248409],[3354,10445]],[[232322,258854],[15143,-3774]],[[247465,255080],[7682,-9357]],[[255147,245723],[-4201,-2442],[-21978,5128]],[[232322,258854],[3593,10929]],[[257215,260790],[-9750,-5710]],[[253163,230749],[9647,5641]],[[262810,236390],[7658,-9326]],[[278138,217722],[-9672,-5683]],[[268466,212039],[-15303,18710]],[[262810,236390],[19403,11395]],[[282213,247785],[7636,-9329]],[[225545,237747],[3423,10662]],[[255147,245723],[7663,-9333]],[[258834,206378],[-13534,16476]],[[268466,212039],[-9632,-5661]],[[255147,245723],[19419,11403]],[[274566,257126],[7647,-9341]],[[266916,266472],[7650,-9346]],[[344020,256325],[-9834,11901]],[[334186,268226],[9643,5653]],[[343829,273879],[9846,-11891]],[[353675,261988],[-9655,-5663]],[[305959,234006],[-2506,387],[-8754,10682]],[[294699,245075],[10438,6120]],[[305137,251195],[752,441]],[[305889,251636],[9798,-11926]],[[315687,239710],[-9728,-5704]],[[294699,245075],[-8794,10731],[502,2054],[8978,5263]],[[295385,263123],[9752,-11928]],[[334014,285768],[9485,5560]],[[354541,280159],[-10712,-6280]],[[343829,273879],[-9815,11889]],[[362631,267315],[-8956,-5327]],[[295385,263123],[9620,5639]],[[305005,268762],[9795,-11902]],[[314800,256860],[-8911,-5224]],[[314800,256860],[9804,-11920]],[[324604,244940],[-8917,-5230]],[[314800,256860],[9675,5672]],[[324475,262532],[9820,-11910]],[[334295,250622],[-9691,-5682]],[[305005,268762],[9698,5685]],[[314703,274447],[9772,-11915]],[[314703,274447],[9656,5661]],[[324359,280108],[9827,-11882]],[[334186,268226],[-9711,-5694]],[[344020,256325],[-9725,-5703]],[[324359,280108],[9655,5660]],[[281809,211165],[54864,32217]],[[336673,243382],[25100,-31947]],[[201008,162033],[723,2165],[70235,41194]],[[336673,243382],[29898,17556]],[[261077,281736],[2655,7504]],[[263732,289240],[3014,8521]],[[266746,297761],[3001,8483]],[[269747,306244],[3006,8497]],[[272753,314741],[3026,8558]],[[275779,323299],[3124,8832]],[[278903,332131],[3114,8801]],[[282017,340932],[3144,8886]],[[285161,349818],[3149,8905]],[[288310,358723],[3366,9516]],[[291676,368239],[3358,9491]],[[295034,377730],[3372,9534]],[[298406,387264],[3182,8991]],[[301588,396255],[6002,-7799]],[[307590,388456],[-2540,-7165]],[[305050,381291],[-2902,-8180]],[[302148,373111],[-2895,-8165]],[[299253,364946],[-5717,-16120],[1253,-1932],[14328,-2541]],[[309117,344353],[10186,-1807]],[[319303,342546],[10337,-1834]],[[329640,340712],[10266,-1821]],[[339906,338891],[10263,-1820]],[[350169,337071],[10361,-1838]],[[360530,335233],[9829,-1744]],[[370359,333489],[9273,-1644]],[[378257,326279],[-41685,7421],[-2090,-1154],[-3154,-12654],[14575,-18420]],[[340387,298195],[-9207,11650]],[[331180,309845],[-3467,4387]],[[327713,314232],[-3571,4520]],[[324142,318752],[2043,8108]],[[326185,326860],[1723,6841],[-1383,1814],[-14085,2493]],[[312440,338008],[-10733,1900]],[[301707,339908],[-8912,1577],[-2241,-1072],[-3554,-10070]],[[287000,330343],[-2660,-7534]],[[284340,322809],[-2667,-7554]],[[281673,315255],[-2730,-7733]],[[278943,307522],[-2751,-7791]],[[276192,299731],[-2742,-7769]],[[273450,291962],[-2797,-7922]],[[270653,284040],[-1968,-5573]],[[268685,278467],[-7608,3269]],[[237525,295943],[876,2701],[2643,5741]],[[241044,304385],[25702,-6624]],[[263732,289240],[-26207,6703]],[[252505,329274],[3955,8588]],[[256460,337862],[22443,-5731]],[[275779,323299],[-23274,5975]],[[256460,337862],[2508,5203],[4728,2585]],[[263696,345650],[18321,-4718]],[[263696,345650],[629,344],[669,8962]],[[264994,354956],[20167,-5138]],[[264994,354956],[191,2559],[2914,6263]],[[268099,363778],[20211,-5055]],[[301332,401304],[223,-4398]],[[301555,396906],[-16596,3117]],[[284959,400023],[923,1986],[-17445,3099],[142,2199]],[[268579,407307],[15263,-2729]],[[283842,404578],[5150,-920],[12340,-2354]],[[283842,404578],[2461,10513]],[[286303,415091],[13281,-4134],[1346,-1711],[402,-7942]],[[298406,387264],[-17333,4403]],[[281073,391667],[3886,8356]],[[301555,396906],[33,-651]],[[261077,281736],[-2220,-1007],[-24458,5571]],[[234399,286300],[3126,9643]],[[241044,304385],[3803,8257]],[[244847,312642],[24900,-6398]],[[244847,312642],[3828,8314]],[[248675,320956],[24078,-6215]],[[248675,320956],[3830,8318]],[[268099,363778],[4322,9291]],[[272421,373069],[19255,-4830]],[[272421,373069],[4317,9280]],[[276738,382349],[18296,-4619]],[[276738,382349],[4335,9318]],[[268579,407307],[847,13038]],[[269426,420345],[16877,-5254]],[[274748,269429],[-5663,6873],[-400,2165]],[[270653,284040],[13201,-3276]],[[283854,280764],[3322,-4058]],[[287176,276706],[-12428,-7277]],[[297438,327716],[-10438,2627]],[[301707,339908],[-4269,-12192]],[[309584,329860],[2856,8148]],[[326185,326860],[-16601,3000]],[[324142,318752],[-17372,3078]],[[306770,321830],[1138,3250]],[[307908,325080],[1676,4780]],[[322516,304775],[8664,5070]],[[339860,296079],[-6959,-4090]],[[332901,291989],[-10385,12786]],[[293585,268878],[-10884,-6398],[-2551,391],[-5402,6558]],[[287176,276706],[6409,-7828]],[[283854,280764],[7308,6733]],[[291162,287497],[5309,4892]],[[296471,292389],[12080,-14713]],[[308551,277676],[-14966,-8798]],[[291162,287497],[-17712,4465]],[[276192,299731],[20992,-5305]],[[297184,294426],[-713,-2037]],[[297184,294426],[2724,7780]],[[299908,302206],[16646,-19826]],[[316554,282380],[-8003,-4704]],[[278943,307522],[20965,-5316]],[[322516,304775],[-8461,-4950]],[[314055,299825],[-13780,3432]],[[300275,303257],[2364,6778]],[[302639,310035],[896,2564]],[[303535,312599],[16248,-2969],[7930,4602]],[[302639,310035],[-20966,5220]],[[284340,322809],[20956,-5183]],[[305296,317626],[-1761,-5027]],[[307908,325080],[-10470,2636]],[[305296,317626],[1474,4204]],[[324567,287090],[-10512,12735]],[[332901,291989],[-8334,-4899]],[[299908,302206],[367,1051]],[[324567,287090],[-8013,-4710]],[[299253,364946],[14363,-2654]],[[313616,362292],[-4499,-17939]],[[317820,379060],[-12770,2231]],[[307590,388456],[2146,1074],[10252,-1829]],[[319988,387701],[-2168,-8641]],[[378398,365773],[2790,11004]],[[381188,376777],[9249,-1651]],[[389518,363745],[-11120,2028]],[[370359,333489],[2690,10717]],[[373049,344206],[11070,-1987]],[[330244,385938],[-5441,-21821]],[[324803,364117],[-10267,1841]],[[314536,365958],[1183,4722]],[[315719,370680],[2101,8380]],[[319988,387701],[10256,-1763]],[[315719,370680],[-13571,2431]],[[314536,365958],[-920,-3666]],[[373049,344206],[-9883,1775]],[[363166,345981],[2646,10784]],[[365812,356765],[21011,-3767]],[[365812,356765],[2690,10813]],[[368502,367578],[9896,-1805]],[[378398,365773],[-2368,-9340],[11129,-2091]],[[350169,337071],[5377,21534]],[[355546,358605],[10266,-1840]],[[363166,345981],[-2636,-10748]],[[368502,367578],[2740,11011]],[[371242,378589],[9946,-1812]],[[355546,358605],[5454,21775]],[[361000,380380],[9005,-1549],[1237,-242]],[[339906,338891],[5414,21548]],[[345320,360439],[10226,-1834]],[[345320,360439],[5469,21764]],[[350789,382203],[10211,-1823]],[[345320,360439],[-10262,1840]],[[335058,362279],[5463,21757]],[[340521,384036],[10268,-1833]],[[329640,340712],[5418,21567]],[[319303,342546],[5500,21571]],[[324803,364117],[10255,-1838]],[[330244,385938],[10277,-1902]],[[269426,420345],[2719,43524],[-34499,43081]],[[237646,506950],[36904,21314],[585,2036]],[[275135,530300],[5543,3406]],[[280678,533706],[2527,-524],[10265,5921]],[[293470,539103],[11586,6683]],[[305056,545786],[12447,7180]],[[317503,552966],[3140,-5121]],[[320643,547845],[-12743,-7333]],[[307900,540512],[-7344,-4226]],[[300556,536286],[-10370,-5969]],[[290186,530317],[-7944,-4571]],[[282242,525746],[-6607,-3802]],[[275635,521944],[-10415,-5993]],[[265220,515951],[-7060,-4064]],[[258160,511887],[-8783,-5054]],[[249377,506833],[-872,-502],[-449,-2140],[519,-649]],[[248575,503542],[4349,-5436]],[[252924,498106],[6898,-8623]],[[259822,489483],[7405,-9254]],[[267227,480229],[7940,-9925]],[[275167,470304],[3807,-4758],[-467,-7408]],[[278507,458138],[-327,-5174]],[[278180,452964],[-532,-8439]],[[277648,444525],[-698,-11074]],[[276950,433451],[-505,-7996],[1505,-1808],[6358,-1961]],[[284308,421686],[9377,-2893]],[[293685,418793],[9284,-2864]],[[302969,415929],[4616,-1424]],[[307585,414505],[215,-7487]],[[307800,407018],[184,-6387],[1634,-1660],[14921,-2662]],[[324539,396309],[15317,-2734]],[[339856,393575],[15611,-2785]],[[355467,390790],[9885,-1765]],[[365352,389025],[18346,-3273]],[[383698,385752],[8126,-1451]],[[419515,379359],[3066,3427]],[[375003,426594],[-776,1272]],[[374227,427866],[2494,1112]],[[376721,428978],[13514,6019]],[[390235,434997],[792,-1279]],[[391027,433718],[-16024,-7124]],[[336578,493690],[13635,5931]],[[350213,499621],[2503,-4124]],[[352716,495497],[-13821,-5591]],[[338895,489906],[-2317,3784]],[[391824,384301],[2685,10827]],[[394509,395128],[16059,7048]],[[336578,493690],[-2227,3637]],[[334351,497327],[-4428,7228]],[[329923,504555],[13542,6073]],[[343465,510628],[6748,-11007]],[[329923,504555],[-2163,3531]],[[327760,508086],[-4872,7955]],[[322888,516041],[13606,5954]],[[336494,521995],[4242,-6918]],[[340736,515077],[2729,-4449]],[[333005,527684],[-13611,-5938]],[[319394,521746],[-4703,7677]],[[314691,529423],[-183,300]],[[314508,529723],[13607,5937]],[[328115,535660],[4890,-7976]],[[314508,529723],[-6608,10789]],[[320643,547845],[7472,-12185]],[[349156,415103],[-777,1251]],[[348379,416354],[9449,4209]],[[357828,420563],[9264,4125]],[[367092,424688],[7135,3178]],[[375003,426594],[-13075,-5813]],[[361928,420781],[-12772,-5678]],[[361928,420781],[21770,-35029]],[[365352,389025],[-8738,14069]],[[356614,403094],[-6828,10994]],[[349786,414088],[-630,1015]],[[382188,415002],[-7185,11592]],[[391027,433718],[7170,-11574]],[[398197,422144],[-16009,-7142]],[[382188,415002],[12321,-19874]],[[398197,422144],[9672,-15611]],[[325626,400651],[-1087,-4342]],[[307800,407018],[15614,-2776]],[[323414,404242],[2212,-3591]],[[307585,414505],[7547,3189]],[[315132,417694],[5312,-8628]],[[320444,409066],[2970,-4824]],[[289078,432883],[-4770,-11197]],[[276950,433451],[3541,1968],[8587,-2536]],[[275167,470304],[8102,3553]],[[283269,473857],[194,85]],[[283463,473942],[6627,-10751]],[[290090,463191],[-2827,-1234]],[[287263,461957],[-8756,-3819]],[[249377,506833],[-802,-3291]],[[355467,390790],[-3387,2219],[-3926,6366]],[[348154,399375],[8460,3719]],[[348379,416354],[-6190,10132]],[[342189,426486],[9396,4120]],[[351585,430606],[6243,-10043]],[[349786,414088],[-8417,-3713]],[[341369,410375],[-6236,10108],[1292,3463]],[[336425,423946],[5764,2540]],[[339856,393575],[2562,2826],[-5605,9116]],[[336813,405517],[-5183,8428]],[[331630,413945],[-3745,6091],[-3256,2350],[-4157,1227]],[[320472,423613],[-12658,3738]],[[307814,427351],[-9308,2748]],[[298506,430099],[-9428,2784]],[[277648,444525],[2289,-2908],[7152,-2120]],[[287089,439497],[14130,-4188]],[[301219,435309],[15662,-4643],[2801,2665],[-5845,9464]],[[313837,442795],[-4960,8031]],[[308877,450826],[-5000,8094]],[[303877,458920],[-5004,8102]],[[298873,467022],[-6647,10763]],[[292226,477785],[-6545,10596]],[[285681,488381],[-6049,9794]],[[279632,498175],[-5694,9221]],[[273938,507396],[-4733,7663],[-3985,892]],[[275635,521944],[-1023,-3364],[4896,-7927]],[[279508,510653],[6252,-10122]],[[285760,500531],[6205,-10049]],[[291965,490482],[6283,-10174]],[[298248,480308],[4903,-7937],[4051,-1104],[6822,2996]],[[314024,474263],[8516,3741],[1271,3350],[-4060,6582]],[[319751,487936],[-5299,8587]],[[314452,496523],[-5292,8578]],[[309160,505101],[-5315,8614]],[[303845,513715],[-5328,8638]],[[298517,522353],[-4385,7106],[-3946,858]],[[300556,536286],[-1026,-3349],[4952,-8015]],[[304482,524922],[6587,-10658]],[[311069,514264],[6575,-10641]],[[317644,503623],[6601,-10683]],[[324245,492940],[5563,-8952],[3904,-1094],[7549,3325]],[[341261,486219],[3117,-5068]],[[344378,481151],[-7420,-3247],[-1283,-3424],[4559,-7404]],[[340234,467076],[5656,-9183]],[[345890,457893],[5673,-9212]],[[351563,448681],[5685,-9229]],[[357248,439452],[3086,-5012]],[[360334,434440],[-8749,-3834]],[[336425,423946],[-3136,5007]],[[333289,428953],[7533,3349]],[[340822,432302],[6727,2991],[1791,4767],[-4000,6469]],[[345340,446529],[-5611,9076]],[[339729,455605],[-5612,9077]],[[334117,464682],[-4413,7140],[-4102,1121],[-7702,-3405]],[[317900,469538],[-7511,-3321],[-1321,-3488],[4463,-7224]],[[313531,455505],[5642,-9134]],[[319173,446371],[5628,-9111]],[[324801,437260],[4431,-7175],[4057,-1132]],[[341369,410375],[6785,-11000]],[[360334,434440],[504,221],[6254,-9973]],[[357248,439452],[10191,4499]],[[367439,443951],[2184,-3524]],[[369623,440427],[3565,-5751]],[[373188,434676],[3533,-5698]],[[344378,481151],[3781,-6100]],[[348159,475051],[2190,-3532]],[[350349,471519],[-10115,-4443]],[[344378,481151],[11043,4832],[3793,-1024]],[[359214,484959],[2436,-3922]],[[361650,481037],[-13491,-5986]],[[341261,486219],[10911,4783],[1249,3332]],[[353421,494334],[1200,-1978],[4593,-7397]],[[314691,529423],[-10209,-4501]],[[317644,503623],[10116,4463]],[[334351,497327],[-10106,-4387]],[[338895,489906],[2366,-3687]],[[352716,495497],[705,-1163]],[[365234,475265],[-13496,-5987]],[[351738,469278],[-1389,2241]],[[361650,481037],[3584,-5772]],[[355320,463499],[-3582,5779]],[[365234,475265],[3610,-5816]],[[368844,469449],[-13524,-5950]],[[372423,463685],[-13545,-5925]],[[358878,457760],[-2842,4585]],[[356036,462345],[-716,1154]],[[368844,469449],[3579,-5764]],[[362446,452004],[-691,1114]],[[361755,453118],[-2877,4642]],[[372423,463685],[3576,-5760]],[[375999,457925],[-13553,-5921]],[[379584,452151],[-13538,-5954]],[[366046,446197],[-3600,5807]],[[375999,457925],[3585,-5774]],[[367439,443951],[-1393,2246]],[[379584,452151],[3565,-5742]],[[383149,446409],[-13526,-5982]],[[386730,440641],[-13542,-5965]],[[383149,446409],[3581,-5768]],[[386730,440641],[3505,-5644]],[[351563,448681],[10192,4437]],[[345890,457893],[10146,4452]],[[322888,516041],[-1663,2715]],[[321225,518756],[-1831,2990]],[[333005,527684],[3489,-5689]],[[321225,518756],[-10156,-4492]],[[287349,517473],[-5107,8273]],[[298517,522353],[-11168,-4880]],[[308605,483042],[11146,4894]],[[314024,474263],[-5419,8779]],[[298248,480308],[9490,4139]],[[307738,484447],[867,-1405]],[[287349,517473],[1604,-2597]],[[288953,514876],[-9445,-4223]],[[307738,484447],[-4424,7166]],[[303314,491613],[11138,4910]],[[303314,491613],[-1883,3051]],[[301431,494664],[-3431,5558]],[[298000,500222],[11160,4879]],[[298000,500222],[-2789,4517]],[[295211,504739],[-2530,4097]],[[292681,508836],[11164,4879]],[[292681,508836],[-3728,6040]],[[295211,504739],[-9451,-4208]],[[301431,494664],[-9466,-4182]],[[334117,464682],[-10407,-4581]],[[323710,460101],[-5810,9437]],[[335013,441740],[-131,213]],[[334882,441953],[10458,4576]],[[340822,432302],[-5809,9438]],[[324801,437260],[10212,4480]],[[323710,460101],[41,-67]],[[323751,460034],[-10220,-4529]],[[334882,441953],[-5501,8936]],[[329381,450889],[-80,129]],[[329301,451018],[10428,4587]],[[319173,446371],[10208,4518]],[[323751,460034],[5550,-9016]],[[263693,502867],[-5533,9020]],[[273938,507396],[-10245,-4529]],[[301219,435309],[1020,2424]],[[302239,437733],[11598,5062]],[[278180,452964],[12932,-3830]],[[291112,449134],[-4023,-9637]],[[292282,453839],[-5019,8118]],[[290090,463191],[8783,3831]],[[303877,458920],[-11595,-5081]],[[283463,473942],[8763,3843]],[[291112,449134],[3225,1382]],[[294337,450516],[2955,-4780]],[[297292,445736],[4947,-8003]],[[297292,445736],[11585,5090]],[[294337,450516],[-2055,3323]],[[267227,480229],[8917,3939]],[[276144,484168],[645,285]],[[276789,484453],[2573,-4289],[3907,-6307]],[[259822,489483],[9578,4202]],[[269400,493685],[621,272]],[[270021,493957],[6123,-9789]],[[276789,484453],[8892,3928]],[[252924,498106],[10769,4761]],[[263693,502867],[5707,-9182]],[[270021,493957],[9611,4218]],[[325626,400651],[11187,4866]],[[331630,413945],[-11186,-4879]],[[315132,417694],[5340,5919]],[[298506,430099],[-4821,-11306]],[[307814,427351],[-4845,-11422]],[[657822,550527],[-4,-2]],[[657818,550525],[-30201,37929]],[[627617,588454],[-38324,48119]],[[589293,636573],[-5592,7265]],[[583701,643838],[-7950,10388]],[[575751,654226],[-5714,7467]],[[570037,661693],[-4774,6237]],[[565263,667930],[-927,1212]],[[564336,669142],[-883,1154]],[[563453,670296],[-4830,6311]],[[558623,676607],[-8531,11147]],[[550092,687754],[6308,3654]],[[556400,691408],[40771,-53214],[66879,-84022]],[[664050,554172],[-6228,-3645]],[[461148,574958],[-3530,5653],[-2491,586]],[[455127,581197],[-5189,5598]],[[449938,586795],[718,2190],[-4524,7247]],[[446132,596232],[-5098,8165]],[[441034,604397],[-5100,8171]],[[435934,612568],[-4262,6826],[-2471,529]],[[429201,619923],[-2983,5498]],[[426218,625421],[9953,5592]],[[436171,631013],[2896,-5388]],[[439067,625625],[-616,-2079],[6480,-10369]],[[444931,613177],[5659,-9054]],[[450590,604123],[5173,-8279]],[[455763,595844],[4538,-7261]],[[460301,588583],[7351,-11762],[2449,-543],[8915,5160]],[[479016,581438],[11247,6510]],[[490263,587948],[7607,4403],[572,2181],[-8052,10489]],[[490390,605021],[-6372,8301]],[[484018,613322],[-6481,8442]],[[477537,621764],[-6872,8951]],[[470665,630715],[-6003,7820]],[[464662,638535],[5619,3207]],[[470281,641742],[7002,-9143]],[[477283,632599],[6146,-8025]],[[483429,624574],[6179,-8066]],[[489608,616508],[6154,-8035]],[[495762,608473],[8172,-10669],[2576,-466],[8234,4773]],[[514744,602111],[6602,3825]],[[521346,605936],[6695,3880]],[[528041,609816],[10166,5893],[496,2060],[-7594,9966]],[[531109,627735],[-6137,8054]],[[524972,635789],[-6181,8110]],[[518791,643899],[-6141,8059]],[[512650,651958],[-7490,9829]],[[505160,661787],[5467,3114]],[[510627,664901],[3587,-4695]],[[514214,660206],[4179,-5472]],[[518393,654734],[4798,-6282]],[[523191,648452],[894,-1169]],[[524085,647283],[946,-1239]],[[525031,646044],[4757,-6224]],[[529788,639820],[2851,-3731]],[[532639,636089],[2878,-3766]],[[535517,632323],[8622,-11282],[2628,-489],[8759,5080]],[[555526,625632],[15111,8764]],[[570637,634396],[12564,7287],[500,2155]],[[589293,636573],[-2456,287],[-115209,-66519]],[[471628,570341],[-5559,-3265]],[[466069,567076],[-4921,7882]],[[570637,634396],[-9221,12026]],[[561416,646422],[14335,7804]],[[508685,518613],[-25146,29627],[-12490,20026],[579,2075]],[[627617,588454],[-41086,-24075],[-77846,-45766]],[[571235,497792],[-28421,-16733],[-2627,419]],[[540187,481478],[-31502,37135]],[[657818,550525],[-488,-2043],[-86095,-50690]],[[439067,625625],[11214,6474]],[[450281,632099],[6309,-9052]],[[456590,623047],[1753,-2515]],[[458343,620532],[-13412,-7355]],[[450281,632099],[11908,6876],[2473,-440]],[[470665,630715],[-14075,-7668]],[[481138,599967],[9252,5054]],[[490263,587948],[-9125,12019]],[[460301,588583],[9373,5121]],[[469674,593704],[9342,-12266]],[[475011,596619],[-4926,7067]],[[470085,603686],[-1049,1505]],[[469036,605191],[14982,8131]],[[481138,599967],[-6127,-3348]],[[469674,593704],[5337,2915]],[[470085,603686],[-14322,-7842]],[[450590,604123],[13901,7589]],[[464491,611712],[4545,-6521]],[[458343,620532],[4638,-6654]],[[462981,613878],[1510,-2166]],[[477537,621764],[-14556,-7886]],[[470281,641742],[510,2155],[8007,4617]],[[478798,648514],[8131,-10635]],[[486929,637879],[-9646,-5280]],[[500793,645468],[-8363,10907]],[[492430,656375],[10158,5857],[2572,-445]],[[512650,651958],[-11857,-6490]],[[528041,609816],[-8797,11453]],[[519244,621269],[11865,6466]],[[495762,608473],[9968,5432]],[[505730,613905],[9014,-11794]],[[501067,634213],[-6137,8046]],[[494930,642259],[5863,3209]],[[518791,643899],[-17724,-9686]],[[507239,626121],[-6172,8092]],[[524972,635789],[-17733,-9668]],[[513378,618073],[-6139,8048]],[[519244,621269],[-5866,-3196]],[[512387,617533],[991,540]],[[521346,605936],[-8959,11597]],[[505730,613905],[6657,3628]],[[494930,642259],[-8243,10804]],[[486687,653063],[5743,3312]],[[524602,665904],[-10388,-5698]],[[510627,664901],[430,2118],[8839,5102]],[[519896,672121],[4706,-6217]],[[548704,671214],[-1827,2400]],[[546877,673614],[-7452,9782]],[[539425,683396],[8224,4747],[2443,-389]],[[558623,676607],[-9919,-5393]],[[518393,654734],[10389,5648]],[[528782,660382],[3826,-5054],[-538,-2059],[-8879,-4817]],[[535517,632323],[10438,5682]],[[545955,638005],[9571,-12373]],[[555773,643350],[-2886,3795]],[[552887,647145],[-2803,3684]],[[550084,650829],[9351,5091]],[[559435,655920],[10602,5773]],[[561416,646422],[-5643,-3072]],[[545955,638005],[9818,5345]],[[536894,668167],[-7277,9566]],[[529617,677733],[9808,5663]],[[546877,673614],[-9983,-5447]],[[536894,668167],[-9911,-5408]],[[526983,662759],[-2381,3145]],[[519896,672121],[9721,5612]],[[552887,647145],[-20248,-11056]],[[529788,639820],[10632,5766]],[[540420,645586],[9664,5243]],[[540420,645586],[-3867,4998],[-2384,437],[-9138,-4977]],[[524085,647283],[20307,11028]],[[544392,658311],[5692,-7482]],[[559435,655920],[-3852,5042],[627,2012],[9053,4956]],[[544392,658311],[19944,10831]],[[528782,660382],[9928,5398]],[[538710,665780],[5682,-7469]],[[526983,662759],[1799,-2377]],[[563453,670296],[-8400,-4580],[-2517,467],[-3832,5031]],[[538710,665780],[9994,5434]],[[536894,668167],[1816,-2387]],[[489608,616508],[17631,9613]],[[483429,624574],[17638,9639]],[[486929,637879],[2161,1182],[5840,3198]],[[467216,438514],[-5503,-3432]],[[461713,435082],[-3622,5844]],[[458091,440926],[-4882,7876]],[[453209,448802],[-4863,7846]],[[448346,456648],[-4860,7841]],[[443486,464489],[-4884,7878]],[[438602,472367],[-4882,7876]],[[433720,480243],[-4469,7211]],[[429251,487454],[-4265,6881]],[[424986,494335],[-6432,10376],[-2477,531]],[[416077,505242],[8605,4952]],[[424682,510194],[-608,-2059],[6540,-10564]],[[430614,497571],[6769,-10935]],[[437383,486636],[5969,-9643],[2480,-449],[12725,7326]],[[458557,483870],[8962,5158]],[[467519,489028],[9040,5206]],[[476559,494234],[8970,5163]],[[485529,499397],[9093,5235]],[[494622,504632],[11659,6712],[427,2185],[-7183,8490]],[[499525,522019],[-7176,8481]],[[492349,530500],[-9570,11312]],[[482779,541812],[-6270,8548]],[[476509,550360],[-6013,9629]],[[470496,559989],[-4301,6885]],[[466195,566874],[-126,202]],[[540187,481478],[-5440,-3441]],[[534747,478037],[-7008,8273]],[[527739,486310],[-8568,10115]],[[519171,496425],[-7721,9114],[-2644,403],[-8054,-4638]],[[500752,501304],[-8657,-4984]],[[492095,496320],[-8698,-5010]],[[483397,491310],[-8683,-4999]],[[474714,486311],[-8701,-5010]],[[466013,481301],[-8722,-5024]],[[457291,476277],[-8524,-4908],[-566,-2136],[6797,-10981]],[[454998,458252],[7024,-11348]],[[462022,446904],[5194,-8390]],[[340736,515077],[12579,7371]],[[353315,522448],[5443,-8899]],[[358758,513549],[3932,-6427]],[[362690,507122],[3607,-5810]],[[366297,501312],[7420,-11946]],[[373717,489366],[3889,-6261]],[[377606,483105],[7273,-11735]],[[384879,471370],[6200,-10003]],[[391079,461367],[4863,-7848]],[[395942,453519],[4905,-7914]],[[400847,445605],[4861,-7844]],[[405708,437761],[4871,-7858]],[[410579,429903],[4849,-7825]],[[415428,422078],[7275,-11738]],[[358758,513549],[10981,6372]],[[369739,519921],[4705,-5995]],[[374444,513926],[-11754,-6804]],[[373717,489366],[9419,5435],[4351,2510]],[[387487,497311],[12591,7264]],[[400078,504575],[12691,7322]],[[412769,511897],[12536,7233]],[[425305,519130],[12636,7290]],[[437941,526420],[12599,7269]],[[450540,533689],[9897,5711]],[[460437,539400],[8777,5064]],[[469214,544464],[6726,3880],[569,2016]],[[482779,541812],[-2611,369],[-8356,-4817]],[[471812,537364],[-12699,-7321]],[[459113,530043],[-6283,-3622]],[[452830,526421],[-12576,-7249]],[[440254,519172],[-15572,-8978]],[[416077,505242],[-38471,-22137]],[[415428,422078],[21311,9415]],[[436739,431493],[5861,-9467]],[[442600,422026],[-19897,-11686]],[[447348,567042],[-5331,6590]],[[442017,573632],[13110,7565]],[[461148,574958],[-13800,-7916]],[[460855,554792],[9641,5197]],[[469214,544464],[-8359,10328]],[[487834,515377],[11691,6642]],[[494622,504632],[-6788,10745]],[[437383,486636],[12920,7414]],[[450303,494050],[8254,-10180]],[[440254,519172],[8859,-11064]],[[449113,508108],[-6983,-3978]],[[442130,504130],[-11516,-6559]],[[480760,526133],[-8948,11231]],[[492349,530500],[-10247,-6051]],[[482102,524449],[-1342,1684]],[[469238,519571],[11522,6562]],[[482102,524449],[5732,-9072]],[[485529,499397],[-16291,20174]],[[442130,504130],[8173,-10080]],[[468077,518909],[-8964,11134]],[[469238,519571],[-1161,-662]],[[461785,515326],[-8955,11095]],[[468077,518909],[-6292,-3583]],[[461785,515326],[-1322,-753]],[[460463,514573],[-9006,-5130]],[[451457,509443],[-2344,-1335]],[[451457,509443],[16062,-20415]],[[460463,514573],[16096,-20339]],[[404939,482856],[-20060,-11486]],[[424986,494335],[-20047,-11479]],[[436739,431493],[21352,9433]],[[461713,435082],[-638,-2205],[-18475,-10851]],[[412400,470805],[-21321,-9438]],[[404939,482856],[2974,-4805]],[[407913,478051],[4487,-7246]],[[417269,462941],[-21327,-9422]],[[412400,470805],[4869,-7864]],[[417269,462941],[4890,-7898]],[[422159,455043],[-21312,-9438]],[[427015,447199],[-4856,7844]],[[422159,455043],[21327,9446]],[[448346,456648],[-21331,-9449]],[[417269,462941],[21333,9426]],[[431877,439345],[-4862,7854]],[[453209,448802],[-21332,-9457]],[[431877,439345],[-21298,-9442]],[[405708,437761],[21307,9438]],[[431877,439345],[4862,-7852]],[[429251,487454],[-21338,-9403]],[[433720,480243],[-21320,-9438]],[[509426,490643],[-8674,10661]],[[519171,496425],[-9745,-5782]],[[466616,464903],[-11618,-6651]],[[457291,476277],[9325,-11374]],[[462022,446904],[13058,7674]],[[475080,454578],[7440,-9074]],[[482520,445504],[-12762,-7503],[-2542,513]],[[525563,470808],[-7874,9678]],[[517689,480486],[10050,5824]],[[534747,478037],[-396,-2063],[-8788,-5166]],[[504552,481037],[-12457,15283]],[[509426,490643],[3750,-4609]],[[513176,486034],[-8624,-4997]],[[517689,480486],[-4513,5548]],[[495878,476012],[-12481,15298]],[[504552,481037],[-8674,-5025]],[[487233,471004],[-12519,15307]],[[495878,476012],[-8645,-5008]],[[478537,465965],[-12524,15336]],[[487233,471004],[-8696,-5039]],[[469864,460941],[-3248,3962]],[[478537,465965],[-8673,-5024]],[[469864,460941],[5216,-6363]],[[516995,465771],[-12443,15266]],[[525563,470808],[-8568,-5037]],[[466195,566874],[-12784,-7327]],[[453411,559547],[-6063,7495]],[[451696,549854],[-4910,5873]],[[446786,555727],[6625,3820]],[[460855,554792],[-9159,-4938]],[[444743,554549],[-11368,14097]],[[433375,568646],[8642,4986]],[[446786,555727],[-2043,-1178]],[[421225,540990],[-7859,-4532]],[[413366,536458],[-11433,14044]],[[401933,550502],[7885,4550]],[[409818,555052],[11407,-14062]],[[425305,519130],[-12923,16758]],[[412382,535888],[984,570]],[[421225,540990],[3653,2106]],[[424878,543096],[4243,-5416]],[[429121,537680],[8820,-11260]],[[374444,513926],[4248,-5410]],[[378692,508516],[-4784,-2780],[-7611,-4424]],[[436920,550039],[-11407,14070]],[[425513,564109],[7862,4537]],[[444743,554549],[-7390,-4260]],[[437353,550289],[-433,-250]],[[429134,545550],[-11438,14048]],[[417696,559598],[7817,4511]],[[436920,550039],[-7786,-4489]],[[429121,537680],[12478,7264]],[[441599,544944],[8941,-11255]],[[441599,544944],[-4246,5345]],[[451696,549854],[8741,-10454]],[[424878,543096],[4256,2454]],[[409818,555052],[7878,4546]],[[405505,531907],[-11447,14051]],[[394058,545958],[7875,4544]],[[412382,535888],[-6877,-3981]],[[397686,527381],[-11495,14038]],[[386191,541419],[7867,4539]],[[405505,531907],[-5950,-3444]],[[399555,528463],[-1869,-1082]],[[389841,522839],[-11512,14044]],[[378329,536883],[7862,4536]],[[397686,527381],[-7845,-4542]],[[381992,518296],[-11548,14036]],[[370444,532332],[7885,4551]],[[389841,522839],[-2803,-1622]],[[387038,521217],[-5046,-2921]],[[369739,519921],[-7109,7902]],[[362630,527823],[7814,4509]],[[381992,518296],[-7548,-4370]],[[353315,522448],[9315,5375]],[[378692,508516],[12586,7288]],[[391278,515804],[8800,-11229]],[[387487,497311],[-8795,11205]],[[391278,515804],[-4240,5413]],[[399555,528463],[13214,-16566]],[[478537,465965],[12582,-15406]],[[491119,450559],[-8599,-5055]],[[487233,471004],[12553,-15349]],[[499786,455655],[-8667,-5096]],[[495878,476012],[12491,-15312]],[[508369,460700],[-8583,-5045]],[[516995,465771],[-8626,-5071]],[[263211,587746],[-1189,1937]],[[262022,589683],[-1709,2781]],[[260313,592464],[6940,3051]],[[267253,595515],[2464,-4031]],[[269717,591484],[2987,-4888]],[[272704,586596],[1808,-2958]],[[274512,583638],[-6944,-3031]],[[267568,580607],[-4357,7139]],[[253304,562524],[-2951,5176]],[[250353,567700],[636,2041],[-5413,8888]],[[245576,578629],[-5539,9093]],[[240037,587722],[-5604,9201]],[[234433,596923],[-5158,8497],[-2487,545]],[[235350,611068],[-657,-2141],[6111,-9990]],[[240804,598937],[3919,-6412]],[[244723,592525],[1162,-1901]],[[245885,590624],[3854,-6305]],[[249739,584319],[1154,-1887]],[[250893,582432],[3199,-5234]],[[254092,577198],[1194,-1953]],[[255286,575245],[4040,-6608]],[[259326,568637],[762,-1247]],[[260088,567390],[815,-1333]],[[260903,566057],[4050,-6625]],[[264953,559432],[4766,-7799]],[[269719,551633],[4825,-7892]],[[274544,543741],[6134,-10035]],[[275135,530300],[-19383,31689],[-2448,535]],[[317503,552966],[-4566,7480]],[[312937,560446],[-4819,7894]],[[308118,568340],[-4801,7862]],[[303317,576202],[-778,1276]],[[302539,577478],[-4049,6632]],[[298490,584110],[-1823,2985]],[[296667,587095],[-2996,4907]],[[293671,592002],[-1848,3027]],[[291823,595029],[-2943,4820]],[[288880,599849],[-4836,7921]],[[284044,607770],[-4796,7855]],[[279248,615625],[-9371,15283]],[[266705,635908],[-1598,2615]],[[265107,638523],[13319,6470]],[[278426,644993],[3332,-5109]],[[281758,639884],[6709,-10998]],[[288467,628886],[6304,-10331]],[[294771,618555],[4305,-7055]],[[299076,611500],[4660,-7637]],[[303736,603863],[4647,-7618]],[[308383,596245],[4660,-7635]],[[313043,588610],[4665,-7641]],[[317708,580969],[4617,-7565]],[[322325,573404],[4648,-7614]],[[326973,565790],[4844,-7938]],[[331817,557852],[4774,-7820]],[[336591,550032],[4827,-7907]],[[341418,542125],[8120,-13305]],[[349538,528820],[3777,-6372]],[[253151,604297],[-12347,-5360]],[[247015,617768],[7781,-12757]],[[254796,605011],[-1645,-714]],[[274544,543741],[12717,5533]],[[287261,549274],[6209,-10171]],[[305056,545786],[-5483,8846]],[[299573,554632],[13364,5814]],[[269719,551633],[19256,8378]],[[288975,560011],[4820,-7893]],[[293795,552118],[-6534,-2844]],[[293795,552118],[5778,2514]],[[264953,559432],[11253,4900]],[[276206,564332],[8002,3485]],[[284208,567817],[4767,-7806]],[[303317,576202],[-19109,-8385]],[[284208,567817],[-4883,7948]],[[279325,575765],[7963,3468]],[[287288,579233],[4017,-6640],[11234,4885]],[[308118,568340],[-19143,-8329]],[[260903,566057],[11239,4871],[4064,-6596]],[[259326,568637],[11253,4919],[-4031,6606]],[[266548,580162],[1020,445]],[[274512,583638],[3015,-4931]],[[277527,578707],[1798,-2942]],[[279325,575765],[-19237,-8375]],[[259819,577224],[-4533,-1979]],[[254092,577198],[4568,1953],[1159,-1927]],[[259819,577224],[6729,2938]],[[257042,597867],[-12319,-5342]],[[253151,604297],[3891,-6430]],[[267394,610479],[-8630,14065]],[[279248,615625],[-11854,-5146]],[[267394,610479],[-7340,-3186]],[[260054,607293],[-5258,-2282]],[[262022,589683],[-12283,-5364]],[[245885,590624],[12315,5331]],[[258200,595955],[2113,-3491]],[[258200,595955],[-1158,1912]],[[260054,607293],[4824,-7893]],[[264878,599400],[2375,-3885]],[[263211,587746],[-12318,-5314]],[[284044,607770],[-19166,-8370]],[[285494,582198],[-7967,-3491]],[[274512,583638],[19159,8364]],[[296667,587095],[-11173,-4897]],[[285494,582198],[1794,-2965]],[[287288,579233],[11202,4877]],[[291823,595029],[-19119,-8433]],[[269717,591484],[19163,8365]],[[303736,603863],[15559,6839]],[[319295,610702],[4650,-7580]],[[323945,603122],[-15562,-6877]],[[341418,542125],[12635,5550]],[[354053,547675],[7272,-12025]],[[361325,535650],[-11787,-6830]],[[307743,654858],[8590,4951],[2495,-463],[8202,-13421]],[[327030,645925],[-10240,-4938]],[[316790,640987],[-514,-220]],[[316276,640767],[-8533,14091]],[[365833,552850],[14253,6261]],[[380086,559111],[4922,-8055],[-620,-2043],[-11982,-6943]],[[372406,542070],[-6573,10780]],[[336591,550032],[19407,8515]],[[355998,558547],[4833,-7895]],[[360831,550652],[-6778,-2977]],[[360831,550652],[5002,2198]],[[372406,542070],[-11081,-6420]],[[346353,574309],[-19380,-8519]],[[322325,573404],[15611,6906]],[[337936,580310],[3734,1651]],[[341670,581961],[931,-1522]],[[342601,580439],[3752,-6130]],[[351149,566472],[-19332,-8620]],[[346353,574309],[4379,-7155]],[[350732,567154],[417,-682]],[[361873,588912],[-19272,-8473]],[[341670,581961],[1027,455],[-2316,3795]],[[340381,586211],[-576,943]],[[339805,587154],[4853,2146]],[[344658,589300],[13376,5893]],[[358034,595193],[3839,-6281]],[[335602,584115],[4779,2096]],[[337936,580310],[-2334,3805]],[[299076,611500],[19334,8503]],[[318410,620003],[4641,-7650]],[[323051,612353],[-3756,-1651]],[[288467,628886],[15206,6496]],[[303673,635382],[11127,4754]],[[314800,640136],[1476,631]],[[316790,640987],[5076,-10079]],[[321866,630908],[-7889,-3597]],[[313977,627311],[-19206,-8756]],[[313977,627311],[4433,-7308]],[[327030,645925],[6053,-9904]],[[333083,636021],[-11217,-5113]],[[281758,639884],[14180,8172]],[[295938,648056],[7735,-12674]],[[295938,648056],[10392,5988]],[[306330,654044],[8470,-13908]],[[306330,654044],[1413,814]],[[318410,620003],[19280,8480]],[[337690,628483],[4670,-7642]],[[342360,620841],[-12612,-5544]],[[329748,615297],[-6697,-2944]],[[317708,580969],[15659,6791]],[[333367,587760],[2235,-3645]],[[328632,595480],[-15589,-6870]],[[323945,603122],[375,-612]],[[324320,602510],[4312,-7030]],[[328632,595480],[745,-1215]],[[329377,594265],[3906,-6367]],[[333283,587898],[84,-138]],[[334784,607083],[12615,5514]],[[347399,612597],[3868,-6331]],[[351267,606266],[-12570,-5518],[-3913,6335]],[[329748,615297],[3891,-6319],[12579,5550]],[[346218,614528],[1181,-1931]],[[334784,607083],[-10464,-4573]],[[351657,605629],[-23025,-10149]],[[351267,606266],[390,-637]],[[342360,620841],[3858,-6313]],[[344052,590288],[-5034,8220]],[[339018,598508],[13390,5892]],[[352408,604400],[5047,-8260]],[[357455,596140],[-13403,-5852]],[[351657,605629],[751,-1229]],[[339018,598508],[-4842,-2131]],[[334176,596377],[-4799,-2112]],[[339805,587154],[-1738,2848]],[[338067,590002],[-3891,6375]],[[344052,590288],[606,-988]],[[338067,590002],[-4784,-2104]],[[357455,596140],[579,-947]],[[355998,558547],[-828,1355]],[[355170,559902],[19238,8498]],[[374408,568400],[5678,-9289]],[[355170,559902],[-4021,6570]],[[350732,567154],[19286,8430]],[[370018,575584],[4390,-7184]],[[346353,574309],[19268,8470]],[[365621,582779],[4397,-7195]],[[361873,588912],[3748,-6133]],[[376552,577246],[-4812,7848],[642,2129],[6512,3748]],[[378894,590971],[6287,-7558]],[[385181,583413],[717,-860]],[[385898,582553],[-9346,-5307]],[[428262,608167],[-6140,7682]],[[422122,615849],[7079,4074]],[[435934,612568],[-7672,-4401]],[[438939,580457],[-6517,7840]],[[432422,588297],[13710,7935]],[[449938,586795],[-10999,-6338]],[[414644,589092],[2907,1668]],[[417551,590760],[8690,4972]],[[426241,595732],[6181,-7435]],[[438939,580457],[-11507,-6631]],[[427432,573826],[-12788,15266]],[[408884,585787],[-6353,7647]],[[402531,593434],[5910,3435],[302,1968],[-5129,6361]],[[403614,605198],[1335,768]],[[404949,605966],[12602,-15206]],[[414644,589092],[-5760,-3305]],[[404949,605966],[1418,816]],[[406367,606782],[5141,-6377],[2480,-347],[5841,3386]],[[419829,603444],[64,-77]],[[419893,603367],[6229,-7492]],[[426122,595875],[119,-143]],[[400170,580787],[-12565,15198]],[[387605,595985],[1365,784]],[[388970,596769],[5233,-6345],[2555,-346],[5773,3356]],[[408884,585787],[-5798,-3327]],[[403086,582460],[-2916,-1673]],[[385181,583413],[5844,3412],[389,2028],[-5191,6336]],[[386223,595189],[1382,796]],[[400170,580787],[-8666,-4974]],[[391504,575813],[-5606,6740]],[[388970,596769],[7299,4202]],[[396269,600971],[6262,-7537]],[[396269,600971],[7345,4227]],[[381094,569839],[-4542,7407]],[[391504,575813],[-10410,-5974]],[[378894,590971],[7329,4218]],[[427432,573826],[-11630,-6703]],[[415802,567123],[-12716,15337]],[[419829,603444],[-6233,7498]],[[413596,610942],[8526,4907]],[[428262,608167],[-8369,-4800]],[[406367,606782],[7229,4160]],[[441034,604397],[-14912,-8522]],[[333083,636021],[4607,-7538]],[[79459,521156],[890,-2777],[16565,-790]],[[96914,517589],[11751,-598]],[[108665,516991],[3410,-181]],[[112075,516810],[11665,-634]],[[123740,516176],[6127,-320],[12686,4522]],[[142553,520378],[11093,3958]],[[153646,524336],[10245,3655]],[[163891,527991],[9348,3335],[980,138]],[[174219,531464],[12193,1716]],[[186412,533180],[5327,749],[1921,1111],[479,2072],[-8229,10178]],[[185910,547290],[-6327,7827]],[[179583,555117],[-2838,3510]],[[176745,558627],[-9211,11424],[-2506,410]],[[173520,575309],[-394,-2006],[5671,-7051]],[[178797,566252],[7571,-9401]],[[186368,556851],[7582,-9415]],[[193950,547436],[5762,-7154],[2448,-405],[10989,6345]],[[213149,546222],[9400,5427]],[[222549,551649],[9330,5386]],[[231879,557035],[9398,5426]],[[241277,562461],[9076,5239]],[[253304,562524],[-60413,-34880]],[[192891,527644],[-1627,472],[-15968,-2279],[-44465,-15733],[-65709,3254]],[[237646,506950],[-7977,10031],[-36778,10663]],[[94906,530045],[2696,-3415]],[[97602,526630],[-688,-9041]],[[168457,553882],[-10225,12692]],[[176745,558627],[-8288,-4745]],[[178372,542963],[7538,4327]],[[186412,533180],[-8040,9783]],[[163891,527991],[-11055,13704]],[[152836,541695],[8995,5190]],[[161831,546885],[4567,-5686]],[[166398,541199],[2809,-3496]],[[169207,537703],[5012,-6239]],[[123740,516176],[633,9098]],[[124373,525274],[9723,5610]],[[134096,530884],[8457,-10506]],[[97602,526630],[11713,-593]],[[109315,526037],[-650,-9046]],[[113870,525806],[-4555,231]],[[105514,536154],[8356,-10348]],[[112075,516810],[494,7705],[1792,1266]],[[114361,525781],[10012,-507]],[[114361,525781],[-491,25]],[[112442,540134],[11931,-14860]],[[152836,541695],[-11964,14832]],[[149906,561733],[10162,-12654]],[[160068,549079],[1763,-2194]],[[168457,553882],[-8389,-4803]],[[169207,537703],[9165,5260]],[[166398,541199],[13185,13918]],[[143834,536502],[-11963,14832]],[[152836,541695],[-9002,-5193]],[[134096,530884],[-11954,14849]],[[143834,536502],[-9738,-5618]],[[193950,547436],[12436,7184]],[[206386,554620],[6763,-8398]],[[184600,581708],[6662,-8290]],[[191262,573418],[-12465,-7166]],[[220125,588744],[-7378,9166]],[[234433,596923],[-14308,-8179]],[[241277,562461],[-7539,9368]],[[233738,571829],[11838,6800]],[[198821,564014],[-12453,-7163]],[[191262,573418],[7559,-9404]],[[198821,564014],[7565,-9394]],[[193999,587118],[14238,-17688]],[[208237,569430],[-9416,-5416]],[[208237,569430],[14312,-17781]],[[208237,569430],[9342,5374]],[[217579,574804],[14300,-17769]],[[217579,574804],[-14240,17695]],[[220125,588744],[6863,-8528]],[[226988,580216],[-9409,-5412]],[[240037,587722],[-13049,-7506]],[[233738,571829],[-6750,8387]],[[143834,536502],[9812,-12166]],[[265107,638523],[-22149,35787]],[[242958,674310],[12593,7639]],[[255551,681949],[9080,-14695]],[[264631,667254],[7942,-12851]],[[272573,654403],[5853,-9410]],[[273850,672650],[-9219,-5396]],[[255551,681949],[2095,6938]],[[257646,688887],[2190,1272]],[[259836,690159],[14014,-17509]],[[313822,692009],[-16240,20071]],[[297582,712080],[2466,1431]],[[300048,713511],[8697,-10913],[7007,4010]],[[315752,706608],[7446,-9173]],[[323198,697435],[-2270,-1315]],[[320928,696120],[-7106,-4111]],[[273850,672650],[7127,4172]],[[280977,676822],[1903,-2720]],[[282880,674102],[-3069,-1777],[7444,-9221]],[[287255,663104],[-14682,-8701]],[[364483,709128],[8452,4822]],[[372935,713950],[5667,-9075],[-611,-2219],[-5721,-3314]],[[372270,699342],[-7787,9786]],[[294405,654248],[-15979,-9255]],[[287255,663104],[7150,-8856]],[[282880,674102],[10096,5842]],[[292976,679944],[7470,-9213]],[[300446,670731],[7165,-8836]],[[307611,661895],[-13206,-7647]],[[364483,709128],[-6647,8353]],[[357836,717481],[9471,5480]],[[367307,722961],[5628,-9011]],[[280977,676822],[-12109,18582]],[[268868,695404],[2101,1220]],[[270969,696624],[7727,-11903],[7889,4549]],[[286585,689270],[7182,-8868]],[[293767,680402],[-791,-458]],[[259836,690159],[9032,5245]],[[286585,689270],[-9047,11170]],[[277538,700440],[5980,3473]],[[283518,703913],[16266,-20029]],[[299784,683884],[-6017,-3482]],[[270969,696624],[6569,3816]],[[283518,703913],[14064,8167]],[[313822,692009],[-2307,-1336]],[[311515,690673],[-9111,-5272]],[[302404,685401],[-2620,-1517]],[[315752,706608],[-8834,10884]],[[306918,717492],[6779,3930]],[[313697,721422],[16320,-20041]],[[330017,701381],[-6819,-3946]],[[300048,713511],[6870,3981]],[[313697,721422],[7089,4109]],[[320786,725531],[16273,-20075]],[[337059,705456],[-6982,-4040]],[[330077,701416],[-60,-35]],[[344543,683284],[-7071,8862]],[[337472,692146],[-7395,9270]],[[337059,705456],[2382,1378]],[[339441,706834],[14420,-18153]],[[353861,688681],[-9318,-5397]],[[336876,678845],[-1512,-877]],[[335364,677968],[-14436,18152]],[[337472,692146],[-7661,-4472],[7065,-8829]],[[320786,725531],[6748,3912]],[[327534,729443],[16315,-20057]],[[343849,709386],[-4408,-2552]],[[343849,709386],[4569,2644]],[[348418,712030],[14456,-18129]],[[362874,693901],[-9013,-5220]],[[348418,712030],[5700,3299]],[[354118,715329],[3718,2152]],[[372270,699342],[-9396,-5441]],[[344543,683284],[-7667,-4439]],[[325993,672541],[-7033,8809]],[[318960,681350],[-7445,9323]],[[335364,677968],[-9371,-5427]],[[317006,667336],[-14602,18065]],[[318960,681350],[-7768,-4418],[7113,-8843]],[[318305,668089],[-1299,-753]],[[325993,672541],[-6297,-3647]],[[319696,668894],[-1391,-805]],[[317006,667336],[-1393,-806]],[[315613,666530],[-7135,8771],[-8032,-4570]],[[315613,666530],[-8002,-4635]],[[374212,683311],[-5616,6954]],[[368596,690265],[12570,7287],[2366,-640],[3786,-6090]],[[387318,690822],[-13106,-7511]],[[331084,651712],[-6770,10955],[572,2259]],[[324886,664926],[8993,5213]],[[333879,670139],[9169,-11307]],[[343048,658832],[-11964,-7120]],[[337275,641692],[13299,7854]],[[350574,649546],[7722,-9528]],[[358296,640018],[-13245,-7637]],[[345051,632381],[-2255,376],[-5521,8935]],[[393009,660034],[-6362,7877]],[[386647,667911],[11011,6279]],[[397658,674190],[4488,-7220],[-563,-1993],[-8574,-4943]],[[380778,675179],[-8700,-5041]],[[372078,670138],[-5349,6595]],[[366729,676733],[-6867,8470]],[[359862,685203],[8734,5062]],[[374212,683311],[6056,-7500]],[[380268,675811],[510,-632]],[[392318,682779],[-12050,-6968]],[[387318,690822],[5000,-8043]],[[386647,667911],[-237,294]],[[386410,668205],[-5632,6974]],[[392318,682779],[5340,-8589]],[[352976,681210],[6886,3993]],[[366729,676733],[-7379,-4160],[-4171,5304],[295,174],[-2498,3159]],[[385681,655808],[-5598,6924],[474,2074],[5853,3399]],[[393009,660034],[-7328,-4226]],[[384329,655029],[-12251,15109]],[[385681,655808],[-1352,-779]],[[363425,665124],[-12198,15072]],[[351227,680196],[1749,1014]],[[372078,670138],[-8653,-5014]],[[362749,664732],[-12244,15045]],[[350505,679777],[722,419]],[[363425,665124],[-676,-392]],[[375647,650022],[-6587,8139]],[[369060,658161],[5840,3379],[2430,-353],[5583,-6975]],[[382913,654212],[-7266,-4190]],[[369060,658161],[-5635,6963]],[[384329,655029],[-1416,-817]],[[354717,660078],[-8627,-4999]],[[346090,655079],[-3042,3753]],[[333879,670139],[8653,5016]],[[342532,675155],[12185,-15077]],[[350574,649546],[-4484,5533]],[[354717,660078],[12196,-15092]],[[366913,644986],[-8617,-4968]],[[342532,675155],[7973,4622]],[[362749,664732],[-8032,-4654]],[[337275,641692],[-6191,10020]],[[397240,643009],[-426,525]],[[396814,643534],[-6501,8037]],[[390313,651571],[14310,8284],[2187,-563],[4920,-7862]],[[411730,651430],[-14490,-8421]],[[351332,618516],[-3900,6364],[610,2221]],[[348042,627101],[7645,4426]],[[355687,631527],[6110,-7575]],[[361797,623952],[-6625,-3860],[-367,442],[-3473,-2018]],[[363286,599013],[12695,7352]],[[375981,606365],[5519,-6842]],[[381500,599523],[-12023,-6963],[-2528,477],[-3663,5976]],[[416174,619604],[-6411,7925]],[[409763,627529],[-900,1113]],[[408863,628642],[12535,7337]],[[421398,635979],[5255,-8398],[-435,-2160]],[[426218,625421],[-10044,-5817]],[[383063,647374],[7250,4197]],[[396814,643534],[-5839,-3381],[-2430,458],[-5482,6763]],[[385903,625513],[-6479,8016]],[[379424,633529],[5867,3395],[433,2086],[-5458,6745]],[[380266,645755],[1408,815]],[[381674,646570],[12943,-16019]],[[394617,630551],[-8714,-5038]],[[379424,633529],[-6463,7997]],[[372961,641526],[7305,4229]],[[377219,620493],[-12941,16007]],[[364278,636500],[8683,5026]],[[385903,625513],[-8684,-5020]],[[368603,615513],[-2029,2515]],[[366574,618028],[-4777,5924]],[[355687,631527],[8591,4973]],[[377219,620493],[-8616,-4980]],[[363286,599013],[-3984,6499]],[[359302,605512],[4659,2644]],[[363961,608156],[64,-78],[7233,4143]],[[371258,612221],[4723,-5856]],[[359302,605512],[-180,293]],[[359122,605805],[4605,2639],[234,-288]],[[355452,611796],[4149,2324]],[[359601,614120],[6973,3908]],[[368603,615513],[2655,-3292]],[[359122,605805],[-3670,5991]],[[359601,614120],[-226,296],[-4106,-2323]],[[355269,612093],[-3937,6423]],[[355452,611796],[-183,297]],[[403506,622128],[495,2037],[5762,3364]],[[416174,619604],[-7246,-4196]],[[408928,615408],[-5422,6720]],[[405944,613680],[-5437,6745],[-2380,303],[-5700,-3287]],[[392427,617441],[-6524,8072]],[[394617,630551],[12899,-15961]],[[407516,614590],[-1572,-910]],[[398807,609546],[-6380,7895]],[[405944,613680],[-7137,-4134]],[[402424,636601],[-5184,6408]],[[411730,651430],[4280,-6840]],[[416010,644590],[-13586,-7989]],[[377219,620493],[12912,-15971]],[[390131,604522],[-8631,-4999]],[[398807,609546],[-8676,-5024]],[[375647,650022],[-8734,-5036]],[[436171,631013],[11301,6496]],[[447472,637509],[8062,4635]],[[455534,642144],[643,370]],[[456177,642514],[1436,826]],[[457613,643340],[7230,4156]],[[464843,647496],[8718,5011]],[[473561,652507],[7301,4197]],[[480862,656704],[1440,828]],[[482302,657532],[1327,763]],[[483629,658295],[7296,4193]],[[490925,662488],[8122,4669],[518,2198],[-5358,6996]],[[494207,676351],[-6142,8018]],[[488065,684369],[-6280,8199]],[[481785,692568],[-5129,6695],[-2555,463],[-9009,-5191]],[[465092,694535],[-7292,-4202]],[[457800,690333],[-1353,-779]],[[456447,689554],[-1425,-821]],[[455022,688733],[-7302,-4208]],[[447720,684525],[-7364,-4243]],[[440356,680282],[-1353,-779]],[[439003,679503],[-1395,-803]],[[437608,678700],[-7227,-4165]],[[430381,674535],[-8717,-5022]],[[421664,669513],[-7084,-4083]],[[414580,665430],[-3028,5129]],[[411552,670559],[13685,7869]],[[425237,678428],[8688,4995]],[[433925,683423],[8719,5013]],[[442644,688436],[8679,4990]],[[451323,693426],[8665,4982]],[[459988,698408],[10473,6022],[521,2236],[-7186,9382]],[[463796,716048],[-7509,9805]],[[456287,725853],[-6825,8912],[-2535,465],[-11398,-6571]],[[435529,728659],[-8671,-5000]],[[426858,723659],[-8753,-5046]],[[418105,718613],[-8662,-4993]],[[409443,713620],[-8639,-4980]],[[400804,708640],[-9660,-5569]],[[391144,703071],[-3002,5112]],[[388142,708183],[11827,6808]],[[399969,714991],[9792,5636]],[[409761,720627],[9074,5224]],[[418835,725851],[9036,5201]],[[427871,731052],[9067,5219]],[[436938,736271],[8994,5177]],[[445932,741448],[9014,5188]],[[454946,746636],[9050,5209]],[[463996,751845],[9040,5203]],[[473036,757048],[15381,8854],[435,2050]],[[488852,767952],[5647,-7246]],[[494499,760706],[-2438,356],[-8320,-4771]],[[483741,756291],[-9623,-5519]],[[474118,750772],[-9789,-5614]],[[464329,745158],[-8837,-5068],[-501,-2088],[7364,-9622]],[[462355,728380],[5682,-7424]],[[468037,720956],[5736,-7494]],[[473773,713462],[4823,-6302]],[[478596,707160],[899,-1175]],[[479495,705985],[960,-1254]],[[480455,704731],[4731,-6182]],[[485186,698549],[4780,-6246]],[[489966,692303],[921,-1202]],[[490887,691101],[947,-1238]],[[491834,689863],[4753,-6210]],[[496587,683653],[4567,-5968]],[[501154,677685],[3989,-5213],[2528,-400],[9401,5433]],[[517072,677505],[9030,5218]],[[526102,682723],[9243,5340]],[[535345,688063],[8704,5030],[543,2108]],[[544592,695201],[5500,-7447]],[[486687,653063],[-5771,-3328],[-2118,-1221]],[[544592,695201],[-7842,10267]],[[536750,705468],[-4732,6195]],[[532018,711663],[-955,1250]],[[531063,712913],[-954,1249]],[[530109,714162],[-4766,6239]],[[525343,720401],[-4760,6231]],[[520583,726632],[-914,1196]],[[519669,727828],[-892,1169]],[[518777,728997],[-4819,6294]],[[513958,735291],[-5761,7524]],[[508197,742815],[-5687,7428]],[[502510,750243],[-8011,10463]],[[488852,767952],[-13775,18108]],[[475077,786060],[-13182,17329]],[[461895,803389],[6380,3535]],[[468275,806924],[88125,-115516]],[[473036,757048],[-15323,19013]],[[457713,776061],[8919,5136]],[[466632,781197],[8445,4863]],[[535345,688063],[-9106,11695]],[[526239,699758],[10511,5710]],[[466632,781197],[-15378,19142]],[[451254,800339],[6471,3728],[4170,-678]],[[409842,752883],[-13402,15880]],[[396440,768763],[10997,6334]],[[407437,775097],[13410,-15931],[-11005,-6283]],[[388686,743958],[-3956,4065]],[[384730,748023],[-8700,8939]],[[376030,756962],[11013,6368]],[[387043,763330],[11545,-13462],[-9902,-5910]],[[384730,748023],[-17387,-9979]],[[367343,738044],[-6416,10297]],[[360927,748341],[15103,8621]],[[379581,718398],[12055,6930]],[[391636,725328],[8333,-10337]],[[388142,708183],[-2533,539],[-6028,9676]],[[457713,776061],[-15410,19122]],[[442303,795183],[8951,5156]],[[448663,770851],[-15419,19113]],[[433244,789964],[9059,5219]],[[457713,776061],[-9050,-5210]],[[439604,765634],[-15429,19106]],[[424175,784740],[9069,5224]],[[448663,770851],[-9059,-5217]],[[430610,760463],[-15399,19113]],[[415211,779576],[8964,5164]],[[439604,765634],[-8994,-5171]],[[412320,749947],[-2478,2936]],[[407437,775097],[7774,4479]],[[430610,760463],[-9075,-5218]],[[421535,755245],[-9006,-5178]],[[412529,750067],[-209,-120]],[[445932,741448],[-15322,19015]],[[439604,765634],[15342,-18998]],[[436938,736271],[-15403,18974]],[[427871,731052],[-15342,19015]],[[418835,725851],[-15360,19011]],[[403475,744862],[8845,5085]],[[393428,739086],[-4742,4872]],[[387043,763330],[9397,5433]],[[403475,744862],[-9046,-5200]],[[394429,739662],[-1001,-576]],[[409761,720627],[-15332,19035]],[[391636,725328],[-7010,8698]],[[384626,734026],[8802,5060]],[[379581,718398],[-5837,9371]],[[373744,727769],[10882,6257]],[[373744,727769],[-6401,10275]],[[518777,728997],[-9132,-4988],[-2411,477],[-3834,5069]],[[503400,729555],[10558,5736]],[[492522,744805],[-8781,11486]],[[502510,750243],[-9988,-5438]],[[472844,734091],[-10489,-5711]],[[464329,745158],[8515,-11067]],[[501154,677685],[11067,6071]],[[512221,683756],[4851,-6251]],[[488433,732057],[-20396,-11101]],[[472844,734091],[9908,5394]],[[482752,739485],[5681,-7428]],[[488433,732057],[5746,-7511]],[[494179,724546],[-9777,-5311]],[[484402,719235],[-10629,-5773]],[[488433,732057],[19764,10758]],[[503400,729555],[-9221,-5009]],[[505578,709645],[-5684,7431]],[[499894,717076],[19775,10752]],[[520583,726632],[-9113,-4984],[-558,-2006],[3818,-5016]],[[514730,714626],[-9152,-4981]],[[499894,717076],[-5715,7470]],[[530109,714162],[-9047,-5012],[-2475,410],[-3857,5066]],[[514730,714626],[10613,5775]],[[516958,694717],[-5682,7453]],[[511276,702170],[19787,10743]],[[532018,711663],[-9166,-5012],[-470,-2055],[3734,-4904]],[[526116,699692],[-9158,-4975]],[[511276,702170],[-5698,7475]],[[526239,699758],[-123,-66]],[[512221,683756],[-4579,5901]],[[507642,689657],[9316,5060]],[[516958,694717],[9144,-11994]],[[496587,683653],[10575,5744]],[[507162,689397],[480,260]],[[489966,692303],[9107,4950],[570,2048],[-3851,5019]],[[495792,704320],[9786,5325]],[[511276,702170],[-20389,-11069]],[[482752,739485],[-8634,11287]],[[492522,744805],[-9770,-5320]],[[484402,719235],[3884,-5122],[-460,-1972],[-9230,-4981]],[[499894,717076],[-20399,-11091]],[[480455,704731],[9107,4964],[2355,-322],[3875,-5053]],[[495792,704320],[-10606,-5771]],[[491834,689863],[9165,4969],[2353,-410],[3810,-5025]],[[397319,689904],[-6871,11025],[696,2142]],[[400804,708640],[9224,-11405]],[[410028,697235],[-12709,-7331]],[[443633,718636],[-8104,10023]],[[456287,725853],[-12654,-7217]],[[459988,698408],[-8524,10542]],[[451464,708950],[12332,7098]],[[411552,670559],[-2501,523],[-5260,8438]],[[403791,679520],[14001,8114]],[[417792,687634],[7445,-9206]],[[421672,698537],[-8663,-4988]],[[413009,693549],[-2981,3686]],[[409443,713620],[12229,-15083]],[[418105,718613],[12257,-15074]],[[430362,703539],[-8690,-5002]],[[426858,723659],[12221,-15101]],[[439079,708558],[-8717,-5019]],[[443633,718636],[4114,-5088]],[[447747,713548],[-8668,-4990]],[[451464,708950],[-3717,4598]],[[417792,687634],[-4783,5915]],[[421672,698537],[12253,-15114]],[[403791,679520],[-6472,10384]],[[471473,686619],[-6381,7916]],[[481785,692568],[-10312,-5949]],[[490925,662488],[-6479,8038]],[[484446,670526],[-137,170]],[[484309,670696],[9898,5655]],[[436171,631013],[-2390,463],[-5098,8163]],[[428683,639639],[11685,6680]],[[440368,646319],[7104,-8810]],[[422861,648965],[-8963,14352],[682,2113]],[[421664,669513],[11680,-14484]],[[433344,655029],[-10483,-6064]],[[436790,666578],[-6409,7957]],[[437608,678700],[5333,-6634],[-366,-2148],[-5785,-3340]],[[443212,658608],[-8714,-5011]],[[434498,653597],[-1154,1432]],[[436790,666578],[6422,-7970]],[[440368,646319],[-2113,2619]],[[438255,648938],[8004,4676],[9275,-11470]],[[438255,648938],[-3757,4659]],[[443212,658608],[12965,-16094]],[[428683,639639],[-5822,9326]],[[451859,663580],[-12856,15923]],[[440356,680282],[5403,-6662],[2553,-380],[5807,3357]],[[454119,676597],[6463,-8008]],[[460582,668589],[-8723,-5009]],[[451859,663580],[-8647,-4972]],[[454119,676597],[-6399,7928]],[[455022,688733],[5378,-6660],[-537,-2156],[-5744,-3320]],[[469323,673607],[-12876,15947]],[[457800,690333],[5399,-6680],[2368,-442],[5906,3408]],[[471473,686619],[6490,-8050]],[[477963,678569],[-8640,-4962]],[[469323,673607],[-8741,-5018]],[[482302,657532],[-12979,16075]],[[477963,678569],[6346,-7873]],[[484446,670526],[-5790,-3304],[-468,-2150],[5441,-6777]],[[477963,678569],[10102,5800]],[[458329,655565],[-347,429]],[[457982,655994],[-6123,7586]],[[460582,668589],[6472,-8019]],[[467054,660570],[-8725,-5005]],[[457613,643340],[-6790,8522],[7159,4132]],[[458329,655565],[6514,-8069]],[[473561,652507],[-6507,8063]],[[467054,660570],[5864,3364],[2482,-457],[5462,-6773]],[[451323,693426],[-12244,15132]],[[442644,688436],[-12282,15103]],[[448663,770851],[15333,-19006]],[[242958,674310],[-7966,1969],[-9182,16210],[2078,6837],[-17336,28447],[6332,3633],[-43823,71231]],[[173061,802637],[6413,3633]],[[179474,806270],[4064,-6570]],[[183538,799700],[4224,-6878]],[[187762,792822],[5402,-8799]],[[193164,784023],[5423,-8831]],[[198587,775192],[5425,-8796]],[[204012,766396],[5462,-8856]],[[209474,757540],[5402,-8758]],[[214876,748782],[6848,-11104]],[[221724,737678],[3123,-5063]],[[224847,732615],[9146,-15012]],[[233993,717603],[6309,-10354],[8207,-1734]],[[248509,705515],[9137,-16628]],[[248509,705515],[5719,3299]],[[254228,708814],[9006,5195]],[[263234,714009],[9062,5226]],[[272296,719235],[9019,5203]],[[281315,724438],[9039,5213]],[[290354,729651],[9035,5212]],[[299389,734863],[8143,4696]],[[307532,739559],[9045,5217]],[[316577,744776],[9053,5221]],[[325630,749997],[8969,5173]],[[334599,755170],[8944,5159]],[[343543,760329],[5856,2908]],[[349399,763237],[11528,-14896]],[[360927,748341],[-7163,-3692]],[[353764,744649],[-15973,-9260]],[[337791,735389],[-10257,-5946]],[[193164,784023],[15559,7005]],[[208723,791028],[5435,-8851]],[[214158,782177],[-15571,-6985]],[[233993,717603],[8952,5149]],[[242945,722752],[11283,-13938]],[[205351,800755],[-5431,8853]],[[199920,809608],[11475,6941],[2502,-494],[5506,-8930]],[[219403,807125],[-14052,-6370]],[[229605,755443],[792,358]],[[230397,755801],[16156,7305]],[[246553,763106],[4253,-6896],[-673,-2160],[-14585,-8405]],[[235548,745645],[-5943,9798]],[[235548,745645],[-13824,-7967]],[[214876,748782],[14729,6661]],[[299808,782686],[-7139,9596]],[[292669,792282],[18146,9649]],[[310815,801931],[5785,-7744]],[[316600,794187],[-591,-2162],[-16201,-9339]],[[267805,764236],[-8971,-5171],[-2571,519],[-10454,16986]],[[245809,776570],[9252,4925]],[[255061,781495],[12744,-17259]],[[229572,802949],[-10270,16683],[538,1988],[10004,6056]],[[229844,827676],[13040,-17636]],[[242884,810040],[-13312,-7091]],[[270381,834418],[-9088,12295]],[[261293,846713],[9663,5850],[2368,-439],[8613,-11531]],[[281937,840593],[-11556,-6175]],[[245809,776570],[-16237,26379]],[[242884,810040],[10617,5655]],[[253501,815695],[11431,6089]],[[264932,821784],[22215,11834]],[[287147,833618],[18727,-25072]],[[305874,808546],[-18124,-9649]],[[287750,798897],[-10704,-5697]],[[277046,793200],[-11344,-6040]],[[265702,787160],[-10641,-5665]],[[229844,827676],[10223,6189]],[[240067,833865],[13434,-18170]],[[240067,833865],[10975,6643]],[[251042,840508],[8706,-11735]],[[259748,828773],[5184,-6989]],[[251042,840508],[10251,6205]],[[270381,834418],[-10633,-5645]],[[281937,840593],[5210,-6975]],[[292669,792282],[-4919,6615]],[[305874,808546],[4941,-6615]],[[265702,787160],[12560,-16896]],[[278262,770264],[-10457,-6028]],[[277046,793200],[12351,-16516]],[[289397,776684],[-11135,-6420]],[[299808,782686],[-10411,-6002]],[[209474,757540],[15535,7012]],[[225009,764552],[5388,-8751]],[[204012,766396],[15552,7000]],[[219564,773396],[5445,-8844]],[[214158,782177],[5406,-8781]],[[230291,789473],[-16133,-7296]],[[208723,791028],[16106,7300]],[[224829,798328],[5462,-8855]],[[230291,789473],[5431,-8805]],[[235722,780668],[-16158,-7272]],[[225009,764552],[16155,7291]],[[241164,771843],[5389,-8737]],[[208723,791028],[-5404,8807]],[[203319,799835],[2032,920]],[[219403,807125],[5426,-8797]],[[187762,792822],[15557,7013]],[[183538,799700],[16382,9908]],[[332392,774192],[-8981,-5164]],[[323411,769028],[-11219,13897]],[[312192,782925],[7524,4334],[2460,-367],[10216,-12700]],[[242945,722752],[9038,5199]],[[251983,727951],[11251,-13942]],[[251983,727951],[9048,5204]],[[261031,733155],[11265,-13920]],[[261031,733155],[9044,5203]],[[270075,738358],[11240,-13920]],[[270075,738358],[9049,5203]],[[279124,743561],[11230,-13910]],[[279124,743561],[9037,5196]],[[288161,748757],[11228,-13894]],[[288161,748757],[8157,4691]],[[296318,753448],[11214,-13889]],[[296318,753448],[-11204,13880]],[[285114,767328],[9035,5205]],[[294149,772533],[11217,-13882]],[[305366,758651],[-9048,-5203]],[[288161,748757],[-11210,13870]],[[276951,762627],[8163,4701]],[[305366,758651],[11211,-13875]],[[305366,758651],[9053,5205]],[[314419,763856],[11211,-13859]],[[270075,738358],[-11192,13861]],[[258883,752219],[9044,5210]],[[267927,757429],[11197,-13868]],[[224847,732615],[6897,3973]],[[231744,736588],[11201,-13836]],[[261031,733155],[-11206,13847]],[[249825,747002],[9058,5217]],[[251983,727951],[-11182,13853]],[[240801,741804],[9024,5198]],[[231744,736588],[9057,5216]],[[323411,769028],[-8992,-5172]],[[314419,763856],[-11231,13883]],[[303188,777739],[9004,5186]],[[294149,772533],[9039,5206]],[[267927,757429],[9024,5198]],[[235722,780668],[5442,-8825]],[[335947,796371],[-7550,-4351]],[[328397,792020],[-3687,4816]],[[324710,796836],[7619,4391]],[[332329,801227],[9003,5189]],[[341332,806416],[8972,5171]],[[350304,811587],[9063,5223]],[[359367,816810],[9026,5201]],[[368393,822011],[9073,5229]],[[377466,827240],[7859,4529],[459,2085],[-9062,11887]],[[376722,845741],[-9382,12306],[-2382,367],[-8302,-4774]],[[356656,853640],[-9054,-5206]],[[347602,848434],[-9000,-5176]],[[338602,843258],[-9105,-5236]],[[329497,838022],[-9004,-5178]],[[320493,832844],[-9037,-5196]],[[311456,827648],[-6861,-3946]],[[304595,823702],[-3456,4822]],[[301139,828524],[60219,34641],[480,2159],[-21048,27624],[-2514,392],[-58951,-35665]],[[279325,857675],[-6321,4940]],[[273004,862615],[9953,5997]],[[282957,868612],[1332,803]],[[284289,869415],[1350,813]],[[285639,870228],[11005,6631]],[[296644,876859],[1325,798]],[[297969,877657],[1389,837]],[[299358,878494],[10978,6615]],[[310336,885109],[1342,808]],[[311678,885917],[1356,817]],[[313034,886734],[10576,6372]],[[323610,893106],[1557,938]],[[325167,894044],[8709,5248],[427,2236]],[[334303,901528],[5499,3325]],[[339802,904853],[2433,-442],[8821,5281]],[[351056,909692],[10224,6119]],[[361280,915811],[8763,5247],[537,2200]],[[370580,923258],[6435,-8541]],[[377015,914717],[-2547,444],[-8748,-5287]],[[365720,909874],[-10169,-6146]],[[355551,903728],[-8810,-5324],[-482,-2104],[7372,-9678]],[[353631,886622],[5894,-7738]],[[359525,878884],[5936,-7792]],[[365461,871092],[5918,-7771]],[[371379,863321],[5926,-7779]],[[377305,855542],[5917,-7768]],[[383222,847774],[8128,-10673],[2497,-450],[8906,5115]],[[402753,841766],[10380,5962]],[[413133,847728],[8890,5106],[441,2126]],[[422464,854960],[5594,-7313]],[[428058,847647],[-2469,394],[-8402,-4843]],[[417187,843198],[-9042,-5211]],[[408145,837987],[-9036,-5209]],[[399109,832778],[-9121,-5257]],[[389988,827521],[-8975,-5173]],[[381013,822348],[-9001,-5189]],[[372012,817159],[-8992,-5183]],[[363020,811976],[-9033,-5206]],[[353987,806770],[-9035,-5208]],[[344952,801562],[-9005,-5191]],[[453553,826238],[-6390,-3569]],[[447163,822669],[-9247,12089]],[[437916,834758],[-9858,12889]],[[422464,854960],[-7780,10230]],[[414684,865190],[-5923,7787]],[[408761,872977],[-5908,7768]],[[402853,880745],[-5896,7752]],[[396957,888497],[-5942,7813]],[[391015,896310],[-5913,7773]],[[385102,904083],[-8087,10634]],[[370580,923258],[6349,3443]],[[376929,926701],[76624,-100463]],[[349399,763237],[9013,5205]],[[358412,768442],[8985,5190]],[[367397,773632],[9053,5228]],[[376450,778860],[8996,5195]],[[385446,784055],[8989,5193]],[[394435,789248],[9018,5208]],[[403453,794456],[9068,5237]],[[412521,799693],[9050,5197]],[[421571,804890],[8991,5164]],[[430562,810054],[9072,5210]],[[439634,815264],[6755,3879],[774,3526]],[[453553,826238],[14722,-19314]],[[428382,829267],[9534,5491]],[[439634,815264],[-11252,14003]],[[412521,799693],[-11288,13939]],[[401233,813632],[9083,5232]],[[410316,818864],[11255,-13974]],[[413133,847728],[-8844,11709]],[[404289,859437],[10395,5753]],[[428382,829267],[-11195,13931]],[[347129,782469],[-9065,-5223]],[[338064,777246],[-10167,12564],[500,2210]],[[335947,796371],[11182,-13902]],[[347129,782469],[11283,-14027]],[[349399,763237],[-11335,14009]],[[344952,801562],[11177,-13908]],[[356129,787654],[-9000,-5185]],[[356129,787654],[11268,-14022]],[[356129,787654],[9047,5213]],[[365176,792867],[11274,-14007]],[[365176,792867],[-11189,13903]],[[363020,811976],[11176,-13914]],[[374196,798062],[-9020,-5195]],[[374196,798062],[11250,-14007]],[[374196,798062],[8997,5181]],[[383193,803243],[11242,-13995]],[[383193,803243],[-11181,13916]],[[381013,822348],[11194,-13914]],[[392207,808434],[-9014,-5191]],[[392207,808434],[11246,-13978]],[[392207,808434],[9026,5198]],[[401233,813632],[-11245,13889]],[[399109,832778],[11207,-13914]],[[410316,818864],[9011,5189]],[[419327,824053],[11235,-13999]],[[419327,824053],[-11182,13934]],[[428382,829267],[-9055,-5214]],[[324710,796836],[-2510,440]],[[322200,797276],[-9173,12307]],[[313027,809583],[8768,4977]],[[321795,814560],[10534,-13333]],[[313027,809583],[-8965,12029],[533,2090]],[[311456,827648],[10339,-13088]],[[367160,840314],[-10504,13326]],[[376722,845741],[-9562,-5427]],[[377466,827240],[-10306,13074]],[[368393,822011],[-10335,13135]],[[358058,835146],[9102,5168]],[[358058,835146],[-10456,13288]],[[349006,830007],[-10404,13251]],[[358058,835146],[-9052,-5139]],[[350304,811587],[-10422,13241]],[[339882,824828],[9124,5179]],[[349006,830007],[10361,-13197]],[[339882,824828],[-10385,13194]],[[330855,819703],[-10362,13141]],[[339882,824828],[-9027,-5125]],[[321795,814560],[9060,5143]],[[330855,819703],[10477,-13287]],[[301139,828524],[-2552,490],[-19737,26521],[475,2140]],[[383222,847774],[10529,5829]],[[393751,853603],[9002,-11837]],[[355551,903728],[8569,-11286]],[[364120,892442],[-10489,-5820]],[[374602,898258],[-8882,11616]],[[385102,904083],[-10500,-5825]],[[377305,855542],[15745,8727]],[[393050,864269],[5924,-7774]],[[398974,856495],[-5223,-2892]],[[371379,863321],[15750,8719]],[[387129,872040],[5921,-7771]],[[365461,871092],[15756,8707]],[[381217,879799],[5912,-7759]],[[359525,878884],[15748,8715]],[[375273,887599],[5944,-7800]],[[364120,892442],[5246,2911]],[[369366,895353],[5907,-7754]],[[374602,898258],[-5236,-2905]],[[393050,864269],[15711,8708]],[[404289,859437],[-5315,-2942]],[[391015,896310],[-15742,-8711]],[[396957,888497],[-15740,-8698]],[[402853,880745],[-15724,-8705]],[[370580,923258],[-7122,9354]],[[363458,932612],[-6320,8302]],[[357138,940914],[-6337,8324]],[[350801,949238],[-6338,8354]],[[344463,957592],[-6291,8290]],[[338172,965882],[-6297,8299]],[[331875,974181],[-6289,8290]],[[325586,982471],[-6706,8838]],[[318880,991309],[-4423,6077]],[[314457,997386],[6898,2613],[55574,-73298]],[[352858,926942],[10600,5670]],[[361280,915811],[-8422,11131]],[[339802,904853],[-8150,10745]],[[331652,915598],[10702,5726]],[[342354,921324],[8702,-11632]],[[293849,965443],[-9122,12028],[748,2178],[8317,3323]],[[293792,982972],[9408,-12512]],[[303200,970460],[-9351,-5017]],[[293792,982972],[12533,5007]],[[306325,987979],[8530,-11265]],[[314855,976714],[-5142,-2759]],[[309713,973955],[-6513,-3495]],[[306325,987979],[10220,3896],[2335,-566]],[[325586,982471],[-10731,-5757]],[[334981,940760],[-6362,8358]],[[328619,949118],[15844,8474]],[[350801,949238],[-15820,-8478]],[[316015,965676],[-15883,-8517]],[[300132,957159],[-6283,8284]],[[309713,973955],[6302,-8279]],[[322311,957405],[-15914,-8506]],[[306397,948899],[-6265,8260]],[[316015,965676],[6296,-8271]],[[328619,949118],[-15929,-8517]],[[312690,940601],[-6293,8298]],[[322311,957405],[6308,-8287]],[[334981,940760],[-15935,-8540]],[[319046,932220],[-6356,8381]],[[341290,932472],[-15980,-8512]],[[325310,923960],[-6264,8260]],[[334981,940760],[6309,-8288]],[[331652,915598],[-6342,8362]],[[341290,932472],[6339,-8327]],[[347629,924145],[-5275,-2821]],[[347629,924145],[5229,2797]],[[331875,974181],[-15860,-8505]],[[201665,915009],[-2501,717],[-5434,9019]],[[193730,924745],[12646,5732]],[[206376,930477],[6548,-10299]],[[212924,920178],[-11259,-5169]],[[187411,935234],[-5368,8912],[1053,1982]],[[183096,946128],[12721,3077]],[[195817,949205],[4412,-8183]],[[200229,941022],[-12818,-5788]],[[251897,953724],[-5489,10887]],[[246408,964611],[7725,2832]],[[254133,967443],[5356,-10785]],[[259489,956658],[-2639,-1020]],[[256850,955638],[-4953,-1914]],[[254133,967443],[7390,2724],[4624,1831]],[[266147,971998],[5567,-10614]],[[271714,961384],[-6067,-2345]],[[265647,959039],[-6158,-2381]],[[266147,971998],[9832,3896],[2436,-578],[6661,-8768]],[[285076,966548],[-13362,-5164]],[[285076,966548],[6458,-8500],[-649,-2077],[-12183,-5594]],[[278702,950377],[-6988,11007]],[[247974,952208],[-3770,-1457]],[[244204,950751],[-5505,11034]],[[238699,961785],[7709,2826]],[[251897,953724],[-3923,-1516]],[[214263,939153],[-10755,-4166]],[[203508,934987],[-632,1124],[-2647,4911]],[[195817,949205],[13308,3590]],[[209125,952795],[5138,-13642]],[[206376,930477],[-2868,4510]],[[214263,939153],[9121,-14173]],[[223384,924980],[-10460,-4802]],[[193730,924745],[-6319,10489]],[[214263,939153],[10722,4153]],[[224985,943306],[8708,-13593]],[[233693,929713],[-10309,-4733]],[[209125,952795],[11566,3120]],[[220691,955915],[4294,-12609]],[[272901,947714],[-7254,11325]],[[278702,950377],[-5801,-2663]],[[272901,947714],[-8426,-3868]],[[264475,943846],[-7625,11792]],[[255942,939928],[-7968,12280]],[[264475,943846],[-8533,-3918]],[[209664,898225],[-5811,9666],[840,2083]],[[204693,909974],[13112,6008]],[[217805,915982],[6715,-11049]],[[224520,904933],[-14856,-6708]],[[290908,934262],[-7142,11949]],[[283766,946211],[10840,4967],[2527,-508],[7145,-9440]],[[304278,941230],[-8379,-4367]],[[295899,936863],[-4991,-2601]],[[304278,941230],[6553,-8659],[-561,-2189],[-6685,-4031]],[[303585,926351],[-7686,10512]],[[236184,885703],[-12302,-7419]],[[223882,878284],[-2582,589],[-5340,8882]],[[215960,887755],[14862,6792]],[[230822,894547],[5362,-8844]],[[230822,894547],[-3873,6390]],[[226949,900937],[10536,5447]],[[237485,906384],[9016,-14459]],[[246501,891925],[-10317,-6222]],[[215960,887755],[-6296,10470]],[[224520,904933],[2429,-3996]],[[217805,915982],[10533,4828]],[[228338,920810],[9147,-14426]],[[268089,904945],[-8139,13182]],[[259950,918127],[275,144]],[[260225,918271],[6649,3465]],[[266874,921736],[8049,-12670]],[[274923,909066],[-6834,-4121]],[[242335,927224],[9590,4395]],[[251925,931619],[8300,-13348]],[[259950,918127],[-8894,-4649]],[[251056,913478],[-8721,13746]],[[237485,906384],[10600,5542]],[[248085,911926],[8606,-13856]],[[256691,898070],[-10190,-6145]],[[228338,920810],[13997,6414]],[[251056,913478],[-2971,-1552]],[[268089,904945],[-11398,-6875]],[[251925,931619],[9634,4415]],[[261559,936034],[8012,-12893]],[[269571,923141],[-2697,-1405]],[[269571,923141],[4242,2211]],[[273813,925352],[7961,-12155]],[[281774,913197],[-6851,-4131]],[[261559,936034],[11069,5073]],[[272628,941107],[7562,-12431]],[[280190,928676],[-6377,-3324]],[[272628,941107],[11138,5104]],[[290908,934262],[-2934,-1529]],[[287974,932733],[-7260,-3784]],[[280714,928949],[-524,-273]],[[280714,928949],[7902,-11625]],[[288616,917324],[-6842,-4127]],[[287974,932733],[7946,-11004]],[[295920,921729],[-7304,-4405]],[[303585,926351],[-7665,-4622]],[[241427,845639],[-4479,7422]],[[236948,853061],[12602,7376]],[[249550,860437],[6578,-7989]],[[256128,852448],[-12178,-7338],[-2523,529]],[[231696,861764],[-5567,9225],[629,2189]],[[226758,873178],[4776,2873]],[[231534,876051],[8091,-9504]],[[239625,866547],[-7929,-4783]],[[307516,921765],[6400,3852],[2469,-436],[6419,-8472]],[[322804,916709],[-7360,-4440]],[[315444,912269],[-7928,9496]],[[318481,902045],[10567,6420]],[[329048,908465],[5255,-6937]],[[325167,894044],[-6686,8001]],[[291251,897679],[-3797,-2290]],[[287454,895389],[-7961,9517]],[[279493,904906],[6868,4132]],[[286361,909038],[7972,-9500]],[[294333,899538],[-3082,-1859]],[[284406,893551],[3048,1838]],[[291251,897679],[8070,-9575]],[[299321,888104],[-5438,-3293],[5475,-6317]],[[297969,877657],[-13563,15894]],[[257095,877084],[-3784,-2282]],[[253311,874802],[-8031,9519]],[[245280,884321],[6823,4105]],[[252103,888426],[8063,-9490]],[[260166,878936],[-3071,-1852]],[[269212,860331],[-5347,6371],[-5505,-3305]],[[258360,863397],[-8141,9540]],[[250219,872937],[3092,1865]],[[257095,877084],[13440,-15957]],[[270535,861127],[-1323,-796]],[[236948,853061],[-5252,8703]],[[239625,866547],[3799,2291]],[[243424,868838],[6791,-8011],[-665,-390]],[[231534,876051],[6877,4137]],[[238411,880188],[8026,-9532]],[[246437,870656],[-3013,-1818]],[[238411,880188],[6869,4133]],[[250219,872937],[-3782,-2281]],[[252103,888426],[6880,4140]],[[258983,892566],[8002,-9519]],[[266985,883047],[-3095,-1866]],[[263890,881181],[-3724,-2245]],[[258983,892566],[6781,4079]],[[265764,896645],[8049,-9481]],[[273813,887164],[-3118,-1880]],[[270695,885284],[-3710,-2237]],[[265764,896645],[6900,4152]],[[272664,900797],[7988,-9509]],[[280652,891288],[-3121,-1882]],[[277531,889406],[-3718,-2242]],[[272664,900797],[6829,4109]],[[284406,893551],[-3754,-2263]],[[286361,909038],[6792,4086]],[[293153,913124],[7992,-9478]],[[301145,903646],[-3070,-1852]],[[298075,901794],[-3742,-2256]],[[293153,913124],[6841,4116]],[[299994,917240],[8002,-9462]],[[307996,907778],[-3085,-1861]],[[304911,905917],[-3766,-2271]],[[299994,917240],[7522,4525]],[[315444,912269],[-3661,-2207]],[[311783,910062],[-3787,-2284]],[[323610,893106],[-5393,6386],[-5149,-3094]],[[313068,896398],[-8157,9519]],[[311783,910062],[6698,-8017]],[[322804,916709],[6244,-8244]],[[313034,886734],[-5488,6346],[5522,3318]],[[311678,885917],[-13603,15877]],[[310336,885109],[-5580,6287],[-5435,-3292]],[[296644,876859],[-5496,6336],[-5463,-3301]],[[285685,879894],[-8154,9512]],[[285639,870228],[-5485,6324],[5531,3342]],[[284289,869415],[-13594,15869]],[[282957,868612],[-5489,6321],[-5418,-3266]],[[272050,871667],[-8160,9514]],[[273004,862615],[-1090,-657]],[[271914,861958],[-5325,6416],[5461,3293]],[[271914,861958],[-1379,-831]],[[269212,860331],[-11037,-6651]],[[258175,853680],[-5335,6404],[5520,3313]],[[258175,853680],[-2047,-1232]],[[341290,932472],[15848,8442]],[[322311,957405],[15861,8477]],[[132009,922329],[-18562,-8479]],[[113447,913850],[-8691,14196]],[[104756,928046],[18215,8033],[2548,-4368]],[[125519,931711],[3879,-5394]],[[129398,926317],[2611,-3988]],[[173061,802637],[-75096,122414],[6791,2995]],[[113447,913850],[6400,-10452]],[[119847,903398],[5798,-9471]],[[125645,893927],[4046,-6606]],[[129691,887321],[4211,-6879]],[[133902,880442],[3093,-5050]],[[136995,875392],[3871,-6318]],[[140866,869074],[5744,-9377]],[[146610,859697],[5569,-9059]],[[152179,850638],[5844,-9508]],[[158023,841130],[6528,-10617]],[[164551,830513],[1562,-2544]],[[166113,827969],[13361,-21699]],[[166113,827969],[11731,6346]],[[177844,834315],[4732,-9060]],[[182576,825255],[6772,-13013]],[[189348,812242],[-9874,-5972]],[[164551,830513],[19149,10339]],[[183700,840852],[754,-1177]],[[184454,839675],[59,-93]],[[184513,839582],[-7365,-3934],[696,-1333]],[[177844,834315],[7425,4085],[-756,1182]],[[184454,839675],[10117,5361]],[[194571,845036],[6887,-10206]],[[201458,834830],[-18882,-9575]],[[183700,840852],[-6666,10416]],[[177034,851268],[-539,842]],[[176495,852110],[9982,4927]],[[186477,857037],[8094,-12001]],[[177034,851268],[-19011,-10138]],[[152179,850638],[18602,10319]],[[170781,860957],[5714,-8847]],[[170781,860957],[-1321,2044]],[[169460,863001],[9719,4841]],[[179179,867842],[7298,-10805]],[[146610,859697],[18448,10188]],[[165058,869885],[4402,-6884]],[[165058,869885],[-1834,2867]],[[163224,872752],[9935,4003]],[[173159,876755],[6020,-8913]],[[140866,869074],[18739,9322]],[[159605,878396],[1378,-2147]],[[160983,876249],[2241,-3497]],[[170462,880741],[-9479,-4492]],[[159605,878396],[-3834,5981]],[[155771,884377],[7434,3927],[2457,-468],[4800,-7095]],[[136995,875392],[18776,8985]],[[129691,887321],[19246,8480]],[[148937,895801],[3989,-6268]],[[152926,889533],[-19024,-9091]],[[170462,880741],[2697,-3986]],[[201458,834830],[6490,-9616]],[[207948,825214],[-535,-2046],[-18065,-10926]],[[213359,828775],[-5660,8354]],[[207699,837129],[8778,4461]],[[216477,841590],[2940,1494]],[[219417,843084],[6300,-8874]],[[225717,834210],[-9793,-5907],[-2565,472]],[[207699,837129],[-5672,8371]],[[202027,845500],[8416,4262]],[[210443,849762],[6034,-8172]],[[195240,855537],[-6081,8992]],[[189159,864529],[12956,6682]],[[202115,871211],[2487,-3567]],[[204602,867644],[-3199,-1790],[3601,-5395]],[[205004,860459],[-9764,-4922]],[[179223,879233],[-7979,11808],[633,2008],[11380,5973]],[[183257,899022],[8257,-13838]],[[191514,885184],[-12291,-5951]],[[183257,899022],[12297,6455],[2399,-538],[7776,-12872]],[[205729,892067],[-12064,-5842]],[[193665,886225],[-2151,-1041]],[[219417,843084],[12164,6181]],[[231581,849265],[4342,-7187]],[[235923,842078],[-632,-2093],[-9574,-5775]],[[210443,849762],[-1214,1644],[1452,550],[-831,1243]],[[209850,853199],[15119,7014]],[[224969,860213],[6612,-10948]],[[202027,845500],[-6787,10037]],[[205004,860459],[4846,-7260]],[[204602,867644],[11868,6640]],[[216470,874284],[8499,-14071]],[[196732,878934],[-13050,-6300]],[[183682,872634],[-4459,6599]],[[193665,886225],[4424,-6636]],[[198089,879589],[-1357,-655]],[[205729,892067],[4110,-6806]],[[209839,885261],[-11750,-5672]],[[148937,895801],[-3217,5055]],[[145720,900856],[13125,6407]],[[158845,907263],[6448,-9314]],[[165293,897949],[-670,-2129],[-11697,-6287]],[[125519,931711],[12928,5023]],[[138447,936734],[3158,-4563]],[[141605,932171],[-12207,-5854]],[[145720,900856],[-877,1378]],[[144843,902234],[-5998,9425]],[[138845,911659],[-1181,1731]],[[137664,913390],[12789,5998]],[[150453,919388],[8392,-12125]],[[144843,902234],[-19198,-8307]],[[119847,903398],[18998,8261]],[[132009,922329],[1400,-2082]],[[133409,920247],[4255,-6857]],[[133409,920247],[12439,5794]],[[145848,926041],[4605,-6653]],[[141605,932171],[4243,-6130]],[[155484,923309],[-6601,9540],[773,2045],[11397,4369]],[[161053,939263],[7112,-11047]],[[168165,928216],[-12681,-4907]],[[178859,920387],[7889,3221]],[[186748,923608],[6590,-10889],[-835,-2173],[-5811,-3100]],[[186692,907446],[-7833,12941]],[[174381,918559],[-12171,-4969]],[[162210,913590],[-3362,4858]],[[158848,918448],[12410,4963]],[[171258,923411],[3123,-4852]],[[158848,918448],[-3364,4861]],[[168165,928216],[3093,-4805]],[[168165,928216],[12798,4953]],[[180963,933169],[5785,-9561]],[[178859,920387],[-4478,-1828]],[[416010,644590],[2643,-4224]],[[418653,640366],[-13134,-7590]],[[405519,632776],[-2248,2778]],[[403271,635554],[-847,1047]],[[418653,640366],[2745,-4387]],[[408863,628642],[-3344,4134]],[[845479,322476],[-10694,-6407]],[[834785,316069],[-12271,7569]],[[822514,323638],[14734,8663]],[[834785,316069],[-48,-29],[-1247,-5203]],[[819915,324179],[1811,-1004],[788,463]],[[209839,885261],[1464,-2422]],[[211303,882839],[-12932,-6257]],[[198371,876582],[-1639,2352]],[[211303,882839],[5167,-8555]],[[202115,871211],[-3744,5371]],[[189159,864529],[-5477,8105]],[[186692,907446],[-3699,-1973]],[[182993,905473],[-8612,13086]],[[182993,905473],[-9489,-5061],[-2596,609]],[[170908,901021],[-8698,12569]],[[168165,928216],[-5963,11487]],[[162202,939703],[10571,4052],[2342,-924],[5848,-9662]],[[161053,939263],[1149,440]],[[165293,897949],[5615,3072]],[[138447,936734],[29957,11639],[12388,2986]],[[180792,951359],[2304,-5231]],[[201665,915009],[3028,-5035]],[[223882,878284],[2876,-5106]],[[241427,845639],[-5504,-3561]],[[213359,828775],[-5411,-3561]],[[403506,622128],[-7501,9226]],[[396005,631354],[7266,4200]],[[408928,615408],[-1412,-818]],[[394617,630551],[1388,803]],[[381674,646570],[1389,804]],[[676887,526379],[5877,-7375]],[[682764,519004],[-8456,-4975],[-8206,-4828]],[[666102,509201],[-24,-13]],[[666078,509188],[-6007,7286]],[[660071,516474],[16816,9905]],[[666078,509188],[-8267,-4863]],[[649534,499455],[-5996,7280]],[[643538,506735],[16533,9739]],[[654555,523183],[5516,-6709]],[[643538,506735],[-249,303],[-971,1178],[-956,1161],[-3341,4057]],[[638021,513434],[8267,4874]],[[646288,518308],[8267,4875]],[[637024,529528],[9264,-11220]],[[638021,513434],[-2981,3618],[-5247,6373],[442,2089],[6789,4014]],[[645296,534420],[9259,-11237]],[[637024,529528],[43,25],[8229,4867]],[[654555,523183],[8268,4875]],[[662823,528058],[8680,5119]],[[671503,533177],[3274,-4151],[926,-1163],[955,-1196],[229,-288]],[[662823,528058],[-9271,11244]],[[653552,539302],[14,8],[7354,4349],[2580,-333]],[[663500,543326],[5119,-6490],[2884,-3659]],[[645296,534420],[55,32],[8201,4850]],[[572650,443928],[-4592,4174]],[[575187,493269],[-3952,4523]],[[657822,550527],[5678,-7201]],[[655828,491812],[963,-1169]],[[656791,490643],[956,-1161]],[[670279,474265],[968,-1175]],[[671247,473090],[7264,-8820]],[[610421,466148],[-3984,4560]],[[606437,470708],[37957,22481],[481,2025],[-20597,24972],[-2481,385],[-37988,-22401],[-454,-2068],[20588,-25035],[2494,-359]],[[682764,519004],[4725,-5929]],[[687489,513075],[-16564,-9743]],[[670925,503332],[-4823,5869]],[[692213,507147],[-16465,-9684]],[[675748,497463],[-2399,2918]],[[673349,500381],[-2424,2951]],[[687489,513075],[1437,-1804],[938,-1177],[943,-1183],[1406,-1764]],[[692213,507147],[4729,-5926]],[[696942,501221],[-16371,-9628]],[[680571,491593],[-4823,5870]],[[701682,495280],[-16279,-9567]],[[685403,485713],[-4817,5863]],[[680586,491576],[-15,17]],[[696942,501221],[17,-22],[4723,-5919]],[[706403,489361],[-16182,-9511]],[[690221,479850],[-2425,2951]],[[687796,482801],[-2393,2912]],[[701682,495280],[1410,-1768],[944,-1183],[968,-1215],[1399,-1753]],[[706403,489361],[4724,-5922]],[[695041,473986],[-4820,5864]],[[673349,500381],[-16558,-9738]],[[664050,554172],[26139,-33004],[32223,-40423]],[[680586,491576],[-8279,-4866]],[[687796,482801],[-16549,-9711]],[[258834,206378],[-7641,-4489]],[[251193,201889],[-11618,14138]],[[239575,216027],[5725,6827]],[[251193,201889],[-7664,-4503]],[[243529,197386],[-9631,11872]],[[233898,209258],[5677,6769]],[[243529,197386],[-9595,-5638]],[[233934,191748],[-7291,8859]],[[226643,200607],[7255,8651]],[[233934,191748],[-3369,-1979]],[[230565,189769],[-6416,7864]],[[224149,197633],[2494,2974]],[[214411,203513],[12232,-2906]],[[224149,197633],[-10828,2527]],[[213321,200160],[1090,3353]],[[217540,213133],[16358,-3875]],[[214411,203513],[3129,9620]],[[219982,220640],[19593,-4613]],[[217540,213133],[2442,7507]],[[219982,220640],[2436,7492]],[[224149,197633],[-6315,-7438]],[[217834,190195],[-7213,1666]],[[210621,191861],[2700,8299]],[[217834,190195],[4382,-5332]],[[222216,184863],[-12963,-7617],[-2841,1674]],[[206412,178920],[4209,12941]],[[230565,189769],[-8349,-4906]],[[192763,157122],[-6251,10843],[11588,6908]],[[198100,174873],[8312,4047]],[[296125,228290],[9834,5716]],[[362631,267315],[3940,-6377]],[[198100,174873],[36299,111427]],[[332392,774192],[5575,-6931]],[[337967,767261],[-8963,-5162]],[[329004,762099],[-5593,6929]],[[337967,767261],[5576,-6932]],[[334599,755170],[-5595,6929]],[[322200,797276],[-5600,-3089]],[[446941,393097],[5011,2967]],[[451952,396064],[2584,1529]],[[445845,416877],[-4978,-2937]],[[440867,413940],[-4978,-2937]],[[784106,261519],[-2105,-8384]],[[782001,253135],[-11424,2144]],[[770577,255279],[2569,9783]],[[773146,265062],[9580,-1700],[1380,-1843]],[[770577,255279],[-2342,-8912]],[[768235,246367],[-5510,6844]],[[762725,253211],[-1234,1533],[2917,11868]],[[764408,266612],[2021,-359],[6717,-1191]],[[756006,268102],[8402,-1490]],[[762725,253211],[-7476,-4247]],[[755249,248964],[-1256,1565],[-215,268]],[[753778,250797],[-1695,2112]],[[752083,252909],[3923,15193]],[[752083,252909],[-3944,4916]],[[742963,264277],[1066,4365]],[[744029,268642],[2173,1199],[9804,-1739]],[[768235,246367],[4376,-5435]],[[772611,240932],[-7478,-4288]],[[759458,243718],[-4209,5246]],[[782001,253135],[-1985,-7903],[-15,-61],[-7390,-4239]],[[732945,258516],[1341,771]],[[753778,250797],[-10031,-5744]],[[756468,231674],[-1359,-780]],[[737109,269795],[6920,-1153]],[[784106,261519],[6553,-1194]],[[752943,206662],[-5231,-3053]],[[451952,396064],[-11085,17876]],[[359670,735192],[855,-1369]],[[360525,733823],[-14563,-8512]],[[345962,725311],[-1028,1257]],[[344934,726568],[14736,8624]],[[360525,733823],[3368,-5394]],[[363893,728429],[-13881,-8075]],[[350012,720354],[-4050,4957]],[[363893,728429],[3414,-5468]],[[354118,715329],[-4106,5025]],[[353764,744649],[3382,-5416]],[[357146,739233],[-15265,-8895]],[[341881,730338],[-4090,5051]],[[357146,739233],[2524,-4041]],[[344934,726568],[-3053,3770]],[[348042,627101],[-2991,5280]],[[324886,664926],[-5190,3968]],[[469970,304866],[-1147,1880]],[[468823,306746],[-4904,8034]],[[463919,314780],[-1462,2394]],[[462457,317174],[-3903,6392]],[[391504,575813],[6686,-8041]],[[398190,567772],[-11709,-6718]],[[386481,561054],[-5387,8785]],[[398190,567772],[6070,-7301]],[[404260,560471],[-11311,-6519],[-2437,526],[-4031,6576]],[[404260,560471],[11542,6652]],[[468823,306746],[-6520,-3799]],[[462303,302947],[-7412,9776]],[[454891,312723],[4949,2911]],[[459840,315634],[4079,-854]],[[462303,302947],[-5773,-3365]],[[456530,299582],[-1477,-860]],[[455053,298722],[-7388,9750]],[[447665,308472],[7226,4251]],[[455053,298722],[-7249,-4225]],[[440438,304222],[7227,4250]],[[462457,317174],[-2617,-1540]],[[456530,299582],[1340,-1781]],[[255942,939928],[-7453,-3421]],[[248489,936507],[-8120,12758]],[[240369,949265],[3835,1486]],[[248489,936507],[-3693,-1696]],[[244796,934811],[-8256,12971]],[[236540,947782],[3829,1483]],[[236540,947782],[-5574,11169]],[[230966,958951],[7733,2834]],[[244796,934811],[-3693,-1695]],[[241103,933116],[-8394,13182]],[[232709,946298],[3831,1484]],[[241103,933116],[-7410,-3403]],[[224985,943306],[7724,2992]],[[230966,958951],[-2723,-999],[-7552,-2037]],[[180792,951359],[12839,3170],[32349,8721],[32981,12107],[45273,18157],[10223,3872]]],"bbox":[786.845,-408.825,1976.302,999.611],"transform":{"scale":[0.0011894581894581894,0.0014084374084374085],"translate":[786.845,-408.825]}}