{"type":"Topology","objects":{"01235-4306-66.featurecollection":{"type":"GeometryCollection","geometries":[{"type":"Polygon","arcs":[[0,1]],"properties":{"市区町村名":"石狩市","大字名":"花川北五条","丁目名":"１丁目","小字名":null,"地番":"1","精度区分":null,"座標系":"任意座標系"}},{"type":"Polygon","arcs":[[2,3,4]],"properties":{"市区町村名":"石狩市","大字名":"花川北五条","丁目名":"１丁目","小字名":null,"地番":"2","精度区分":null,"座標系":"任意座標系"}},{"type":"Polygon","arcs":[[5,6,-3,7]],"properties":{"市区町村名":"石狩市","大字名":"花川北五条","丁目名":"１丁目","小字名":null,"地番":"3","精度区分":null,"座標系":"任意座標系"}},{"type":"Polygon","arcs":[[8,9,-6,10]],"properties":{"市区町村名":"石狩市","大字名":"花川北五条","丁目名":"１丁目","小字名":null,"地番":"4","精度区分":null,"座標系":"任意座標系"}},{"type":"Polygon","arcs":[[11,12,-9,13]],"properties":{"市区町村名":"石狩市","大字名":"花川北五条","丁目名":"１丁目","小字名":null,"地番":"5","精度区分":null,"座標系":"任意座標系"}},{"type":"Polygon","arcs":[[14,15,-12,16]],"properties":{"市区町村名":"石狩市","大字名":"花川北五条","丁目名":"１丁目","小字名":null,"地番":"6","精度区分":null,"座標系":"任意座標系"}},{"type":"Polygon","arcs":[[17,18,-15,19]],"properties":{"市区町村名":"石狩市","大字名":"花川北五条","丁目名":"１丁目","小字名":null,"地番":"7","精度区分":null,"座標系":"任意座標系"}},{"type":"Polygon","arcs":[[20,21,-18]],"properties":{"市区町村名":"石狩市","大字名":"花川北五条","丁目名":"１丁目","小字名":null,"地番":"8","精度区分":null,"座標系":"任意座標系"}},{"type":"Polygon","arcs":[[22,23,24]],"properties":{"市区町村名":"石狩市","大字名":"花川北五条","丁目名":"１丁目","小字名":null,"地番":"9","精度区分":null,"座標系":"任意座標系"}},{"type":"Polygon","arcs":[[-25,25,26,27]],"properties":{"市区町村名":"石狩市","大字名":"花川北五条","丁目名":"１丁目","小字名":null,"地番":"10","精度区分":null,"座標系":"任意座標系"}},{"type":"Polygon","arcs":[[-27,28,29,30]],"properties":{"市区町村名":"石狩市","大字名":"花川北五条","丁目名":"１丁目","小字名":null,"地番":"11","精度区分":null,"座標系":"任意座標系"}},{"type":"Polygon","arcs":[[-30,31,32,33]],"properties":{"市区町村名":"石狩市","大字名":"花川北五条","丁目名":"１丁目","小字名":null,"地番":"12","精度区分":null,"座標系":"任意座標系"}},{"type":"Polygon","arcs":[[-33,34,35,36]],"properties":{"市区町村名":"石狩市","大字名":"花川北五条","丁目名":"１丁目","小字名":null,"地番":"13","精度区分":null,"座標系":"任意座標系"}},{"type":"Polygon","arcs":[[-36,37,38,39]],"properties":{"市区町村名":"石狩市","大字名":"花川北五条","丁目名":"１丁目","小字名":null,"地番":"14","精度区分":null,"座標系":"任意座標系"}},{"type":"Polygon","arcs":[[-39,40,41]],"properties":{"市区町村名":"石狩市","大字名":"花川北五条","丁目名":"１丁目","小字名":null,"地番":"15","精度区分":null,"座標系":"任意座標系"}},{"type":"Polygon","arcs":[[-42,42,43]],"properties":{"市区町村名":"石狩市","大字名":"花川北五条","丁目名":"１丁目","小字名":null,"地番":"16","精度区分":null,"座標系":"任意座標系"}},{"type":"Polygon","arcs":[[-40,-44,44,45]],"properties":{"市区町村名":"石狩市","大字名":"花川北五条","丁目名":"１丁目","小字名":null,"地番":"17","精度区分":null,"座標系":"任意座標系"}},{"type":"Polygon","arcs":[[-37,-46,46,47]],"properties":{"市区町村名":"石狩市","大字名":"花川北五条","丁目名":"１丁目","小字名":null,"地番":"18","精度区分":null,"座標系":"任意座標系"}},{"type":"Polygon","arcs":[[-34,-48,48,49]],"properties":{"市区町村名":"石狩市","大字名":"花川北五条","丁目名":"１丁目","小字名":null,"地番":"19","精度区分":null,"座標系":"任意座標系"}},{"type":"Polygon","arcs":[[-31,-50,50,51]],"properties":{"市区町村名":"石狩市","大字名":"花川北五条","丁目名":"１丁目","小字名":null,"地番":"20","精度区分":null,"座標系":"任意座標系"}},{"type":"Polygon","arcs":[[-28,-52,52,53]],"properties":{"市区町村名":"石狩市","大字名":"花川北五条","丁目名":"１丁目","小字名":null,"地番":"21","精度区分":null,"座標系":"任意座標系"}},{"type":"Polygon","arcs":[[-54,54,-23]],"properties":{"市区町村名":"石狩市","大字名":"花川北五条","丁目名":"１丁目","小字名":null,"地番":"22","精度区分":null,"座標系":"任意座標系"}},{"type":"Polygon","arcs":[[55,56,57]],"properties":{"市区町村名":"石狩市","大字名":"花川北五条","丁目名":"１丁目","小字名":null,"地番":"23","精度区分":null,"座標系":"任意座標系"}},{"type":"Polygon","arcs":[[58,59,-56,60]],"properties":{"市区町村名":"石狩市","大字名":"花川北五条","丁目名":"１丁目","小字名":null,"地番":"24","精度区分":null,"座標系":"任意座標系"}},{"type":"Polygon","arcs":[[61,62,63,-59]],"properties":{"市区町村名":"石狩市","大字名":"花川北五条","丁目名":"１丁目","小字名":null,"地番":"25","精度区分":null,"座標系":"任意座標系"}},{"type":"Polygon","arcs":[[64,65,66,-62]],"properties":{"市区町村名":"石狩市","大字名":"花川北五条","丁目名":"１丁目","小字名":null,"地番":"26","精度区分":null,"座標系":"任意座標系"}},{"type":"Polygon","arcs":[[-61,67,68,-65]],"properties":{"市区町村名":"石狩市","大字名":"花川北五条","丁目名":"１丁目","小字名":null,"地番":"27","精度区分":null,"座標系":"任意座標系"}},{"type":"Polygon","arcs":[[-58,69,-68]],"properties":{"市区町村名":"石狩市","大字名":"花川北五条","丁目名":"１丁目","小字名":null,"地番":"28","精度区分":null,"座標系":"任意座標系"}},{"type":"Polygon","arcs":[[70,71,72,73]],"properties":{"市区町村名":"石狩市","大字名":"花川北五条","丁目名":"１丁目","小字名":null,"地番":"30","精度区分":null,"座標系":"任意座標系"}},{"type":"Polygon","arcs":[[-73,74,75,76]],"properties":{"市区町村名":"石狩市","大字名":"花川北五条","丁目名":"１丁目","小字名":null,"地番":"31","精度区分":null,"座標系":"任意座標系"}},{"type":"Polygon","arcs":[[-76,77,78,79]],"properties":{"市区町村名":"石狩市","大字名":"花川北五条","丁目名":"１丁目","小字名":null,"地番":"32","精度区分":null,"座標系":"任意座標系"}},{"type":"Polygon","arcs":[[-79,80,81,82]],"properties":{"市区町村名":"石狩市","大字名":"花川北五条","丁目名":"１丁目","小字名":null,"地番":"33","精度区分":null,"座標系":"任意座標系"}},{"type":"Polygon","arcs":[[-82,83,84,85]],"properties":{"市区町村名":"石狩市","大字名":"花川北五条","丁目名":"１丁目","小字名":null,"地番":"34","精度区分":null,"座標系":"任意座標系"}},{"type":"Polygon","arcs":[[-85,86,87,88]],"properties":{"市区町村名":"石狩市","大字名":"花川北五条","丁目名":"１丁目","小字名":null,"地番":"35","精度区分":null,"座標系":"任意座標系"}},{"type":"Polygon","arcs":[[-88,89,90,91]],"properties":{"市区町村名":"石狩市","大字名":"花川北五条","丁目名":"１丁目","小字名":null,"地番":"36","精度区分":null,"座標系":"任意座標系"}},{"type":"Polygon","arcs":[[-91,92,93,94]],"properties":{"市区町村名":"石狩市","大字名":"花川北五条","丁目名":"１丁目","小字名":null,"地番":"37","精度区分":null,"座標系":"任意座標系"}},{"type":"Polygon","arcs":[[-94,95,96]],"properties":{"市区町村名":"石狩市","大字名":"花川北五条","丁目名":"１丁目","小字名":null,"地番":"38","精度区分":null,"座標系":"任意座標系"}},{"type":"Polygon","arcs":[[-97,97,98]],"properties":{"市区町村名":"石狩市","大字名":"花川北五条","丁目名":"１丁目","小字名":null,"地番":"39","精度区分":null,"座標系":"任意座標系"}},{"type":"Polygon","arcs":[[-95,-99,99,100]],"properties":{"市区町村名":"石狩市","大字名":"花川北五条","丁目名":"１丁目","小字名":null,"地番":"40","精度区分":null,"座標系":"任意座標系"}},{"type":"Polygon","arcs":[[-92,-101,101,102]],"properties":{"市区町村名":"石狩市","大字名":"花川北五条","丁目名":"１丁目","小字名":null,"地番":"41","精度区分":null,"座標系":"任意座標系"}},{"type":"Polygon","arcs":[[-89,-103,103,104]],"properties":{"市区町村名":"石狩市","大字名":"花川北五条","丁目名":"１丁目","小字名":null,"地番":"42","精度区分":null,"座標系":"任意座標系"}},{"type":"Polygon","arcs":[[-86,-105,105,106]],"properties":{"市区町村名":"石狩市","大字名":"花川北五条","丁目名":"１丁目","小字名":null,"地番":"43","精度区分":null,"座標系":"任意座標系"}},{"type":"Polygon","arcs":[[-83,-107,107,108]],"properties":{"市区町村名":"石狩市","大字名":"花川北五条","丁目名":"１丁目","小字名":null,"地番":"44","精度区分":null,"座標系":"任意座標系"}},{"type":"Polygon","arcs":[[-80,-109,109,110]],"properties":{"市区町村名":"石狩市","大字名":"花川北五条","丁目名":"１丁目","小字名":null,"地番":"45","精度区分":null,"座標系":"任意座標系"}},{"type":"Polygon","arcs":[[-77,-111,111,112]],"properties":{"市区町村名":"石狩市","大字名":"花川北五条","丁目名":"１丁目","小字名":null,"地番":"46","精度区分":null,"座標系":"任意座標系"}},{"type":"Polygon","arcs":[[-74,-113,113,114]],"properties":{"市区町村名":"石狩市","大字名":"花川北五条","丁目名":"１丁目","小字名":null,"地番":"47","精度区分":null,"座標系":"任意座標系"}},{"type":"Polygon","arcs":[[115,116,117,118,119]],"properties":{"市区町村名":"石狩市","大字名":"花川北五条","丁目名":"１丁目","小字名":null,"地番":"49-1","精度区分":null,"座標系":"任意座標系"}},{"type":"Polygon","arcs":[[120,121,122,-120]],"properties":{"市区町村名":"石狩市","大字名":"花川北五条","丁目名":"１丁目","小字名":null,"地番":"49-2","精度区分":null,"座標系":"任意座標系"}},{"type":"Polygon","arcs":[[123,-117]],"properties":{"市区町村名":"石狩市","大字名":"花川北五条","丁目名":"１丁目","小字名":null,"地番":"49-3","精度区分":null,"座標系":"任意座標系"}},{"type":"Polygon","arcs":[[124,125,-122,126]],"properties":{"市区町村名":"石狩市","大字名":"花川北五条","丁目名":"１丁目","小字名":null,"地番":"50-1","精度区分":null,"座標系":"任意座標系"}},{"type":"Polygon","arcs":[[-121,-119,127,128,129,130,-127]],"properties":{"市区町村名":"石狩市","大字名":"花川北五条","丁目名":"１丁目","小字名":null,"地番":"50-2","精度区分":null,"座標系":"任意座標系"}},{"type":"Polygon","arcs":[[-131,131,132,-125]],"properties":{"市区町村名":"石狩市","大字名":"花川北五条","丁目名":"１丁目","小字名":null,"地番":"50-3","精度区分":null,"座標系":"任意座標系"}},{"type":"Polygon","arcs":[[-129,133,134,135]],"properties":{"市区町村名":"石狩市","大字名":"花川北五条","丁目名":"１丁目","小字名":null,"地番":"51","精度区分":null,"座標系":"任意座標系"}},{"type":"Polygon","arcs":[[136,-135,137,138]],"properties":{"市区町村名":"石狩市","大字名":"花川北五条","丁目名":"１丁目","小字名":null,"地番":"52","精度区分":null,"座標系":"任意座標系"}},{"type":"Polygon","arcs":[[139,-139,140,141]],"properties":{"市区町村名":"石狩市","大字名":"花川北五条","丁目名":"１丁目","小字名":null,"地番":"53","精度区分":null,"座標系":"任意座標系"}},{"type":"Polygon","arcs":[[142,-142,143,144]],"properties":{"市区町村名":"石狩市","大字名":"花川北五条","丁目名":"１丁目","小字名":null,"地番":"54","精度区分":null,"座標系":"任意座標系"}},{"type":"Polygon","arcs":[[145,-145,146,147]],"properties":{"市区町村名":"石狩市","大字名":"花川北五条","丁目名":"１丁目","小字名":null,"地番":"55","精度区分":null,"座標系":"任意座標系"}},{"type":"Polygon","arcs":[[-148,148,149]],"properties":{"市区町村名":"石狩市","大字名":"花川北五条","丁目名":"１丁目","小字名":null,"地番":"56","精度区分":null,"座標系":"任意座標系"}},{"type":"Polygon","arcs":[[-150,150,151]],"properties":{"市区町村名":"石狩市","大字名":"花川北五条","丁目名":"１丁目","小字名":null,"地番":"57","精度区分":null,"座標系":"任意座標系"}},{"type":"Polygon","arcs":[[-152,152,153,-146]],"properties":{"市区町村名":"石狩市","大字名":"花川北五条","丁目名":"１丁目","小字名":null,"地番":"58","精度区分":null,"座標系":"任意座標系"}},{"type":"Polygon","arcs":[[-154,154,155,-143]],"properties":{"市区町村名":"石狩市","大字名":"花川北五条","丁目名":"１丁目","小字名":null,"地番":"59","精度区分":null,"座標系":"任意座標系"}},{"type":"Polygon","arcs":[[-156,156,157,-140]],"properties":{"市区町村名":"石狩市","大字名":"花川北五条","丁目名":"１丁目","小字名":null,"地番":"60","精度区分":null,"座標系":"任意座標系"}},{"type":"Polygon","arcs":[[-158,158,159,-137]],"properties":{"市区町村名":"石狩市","大字名":"花川北五条","丁目名":"１丁目","小字名":null,"地番":"61","精度区分":null,"座標系":"任意座標系"}},{"type":"Polygon","arcs":[[-136,-160,160,-132,-130]],"properties":{"市区町村名":"石狩市","大字名":"花川北五条","丁目名":"１丁目","小字名":null,"地番":"62","精度区分":null,"座標系":"任意座標系"}},{"type":"Polygon","arcs":[[161,162,163,164]],"properties":{"市区町村名":"石狩市","大字名":"花川北五条","丁目名":"１丁目","小字名":null,"地番":"63","精度区分":null,"座標系":"任意座標系"}},{"type":"Polygon","arcs":[[165,166,167,-162]],"properties":{"市区町村名":"石狩市","大字名":"花川北五条","丁目名":"１丁目","小字名":null,"地番":"64","精度区分":null,"座標系":"任意座標系"}},{"type":"Polygon","arcs":[[-167,168,169]],"properties":{"市区町村名":"石狩市","大字名":"花川北五条","丁目名":"１丁目","小字名":null,"地番":"65","精度区分":null,"座標系":"任意座標系"}},{"type":"Polygon","arcs":[[-170,170,171]],"properties":{"市区町村名":"石狩市","大字名":"花川北五条","丁目名":"１丁目","小字名":null,"地番":"66","精度区分":null,"座標系":"任意座標系"}},{"type":"Polygon","arcs":[[-168,-172,172,173]],"properties":{"市区町村名":"石狩市","大字名":"花川北五条","丁目名":"１丁目","小字名":null,"地番":"67","精度区分":null,"座標系":"任意座標系"}},{"type":"Polygon","arcs":[[-163,-174,174,175]],"properties":{"市区町村名":"石狩市","大字名":"花川北五条","丁目名":"１丁目","小字名":null,"地番":"68","精度区分":null,"座標系":"任意座標系"}},{"type":"Polygon","arcs":[[176,177,178,179]],"properties":{"市区町村名":"石狩市","大字名":"花川北五条","丁目名":"１丁目","小字名":null,"地番":"70","精度区分":null,"座標系":"任意座標系"}},{"type":"Polygon","arcs":[[-180,180,181,182]],"properties":{"市区町村名":"石狩市","大字名":"花川北五条","丁目名":"１丁目","小字名":null,"地番":"71","精度区分":null,"座標系":"任意座標系"}},{"type":"Polygon","arcs":[[-183,183,184,185]],"properties":{"市区町村名":"石狩市","大字名":"花川北五条","丁目名":"１丁目","小字名":null,"地番":"73","精度区分":null,"座標系":"任意座標系"}},{"type":"Polygon","arcs":[[-186,186,187,-177]],"properties":{"市区町村名":"石狩市","大字名":"花川北五条","丁目名":"１丁目","小字名":null,"地番":"74","精度区分":null,"座標系":"任意座標系"}},{"type":"Polygon","arcs":[[188,189,190]],"properties":{"市区町村名":"石狩市","大字名":"花川北五条","丁目名":"１丁目","小字名":null,"地番":"75","精度区分":null,"座標系":"任意座標系"}},{"type":"Polygon","arcs":[[-191,191,192,193]],"properties":{"市区町村名":"石狩市","大字名":"花川北五条","丁目名":"１丁目","小字名":null,"地番":"76","精度区分":null,"座標系":"任意座標系"}},{"type":"Polygon","arcs":[[-193,194,195,196]],"properties":{"市区町村名":"石狩市","大字名":"花川北五条","丁目名":"１丁目","小字名":null,"地番":"77","精度区分":null,"座標系":"任意座標系"}},{"type":"Polygon","arcs":[[-196,197,198,199]],"properties":{"市区町村名":"石狩市","大字名":"花川北五条","丁目名":"１丁目","小字名":null,"地番":"78","精度区分":null,"座標系":"任意座標系"}},{"type":"Polygon","arcs":[[-199,200,201,202]],"properties":{"市区町村名":"石狩市","大字名":"花川北五条","丁目名":"１丁目","小字名":null,"地番":"79","精度区分":null,"座標系":"任意座標系"}},{"type":"Polygon","arcs":[[-202,203,204]],"properties":{"市区町村名":"石狩市","大字名":"花川北五条","丁目名":"１丁目","小字名":null,"地番":"80","精度区分":null,"座標系":"任意座標系"}},{"type":"Polygon","arcs":[[205,206,207]],"properties":{"市区町村名":"石狩市","大字名":"花川北五条","丁目名":"１丁目","小字名":null,"地番":"81","精度区分":null,"座標系":"任意座標系"}},{"type":"Polygon","arcs":[[208,-208,209,210]],"properties":{"市区町村名":"石狩市","大字名":"花川北五条","丁目名":"１丁目","小字名":null,"地番":"82","精度区分":null,"座標系":"任意座標系"}},{"type":"Polygon","arcs":[[211,-211,212,213]],"properties":{"市区町村名":"石狩市","大字名":"花川北五条","丁目名":"１丁目","小字名":null,"地番":"83","精度区分":null,"座標系":"任意座標系"}},{"type":"Polygon","arcs":[[214,-214,215,216]],"properties":{"市区町村名":"石狩市","大字名":"花川北五条","丁目名":"１丁目","小字名":null,"地番":"84","精度区分":null,"座標系":"任意座標系"}},{"type":"Polygon","arcs":[[-217,217,218]],"properties":{"市区町村名":"石狩市","大字名":"花川北五条","丁目名":"１丁目","小字名":null,"地番":"85","精度区分":null,"座標系":"任意座標系"}},{"type":"Polygon","arcs":[[-219,219,220]],"properties":{"市区町村名":"石狩市","大字名":"花川北五条","丁目名":"１丁目","小字名":null,"地番":"86","精度区分":null,"座標系":"任意座標系"}},{"type":"Polygon","arcs":[[-221,221,222,-215]],"properties":{"市区町村名":"石狩市","大字名":"花川北五条","丁目名":"１丁目","小字名":null,"地番":"87","精度区分":null,"座標系":"任意座標系"}},{"type":"Polygon","arcs":[[-223,223,224,-212]],"properties":{"市区町村名":"石狩市","大字名":"花川北五条","丁目名":"１丁目","小字名":null,"地番":"88","精度区分":null,"座標系":"任意座標系"}},{"type":"Polygon","arcs":[[-225,225,226,-209]],"properties":{"市区町村名":"石狩市","大字名":"花川北五条","丁目名":"１丁目","小字名":null,"地番":"89","精度区分":null,"座標系":"任意座標系"}},{"type":"Polygon","arcs":[[-227,227,-206]],"properties":{"市区町村名":"石狩市","大字名":"花川北五条","丁目名":"１丁目","小字名":null,"地番":"90","精度区分":null,"座標系":"任意座標系"}},{"type":"Polygon","arcs":[[228,229,230]],"properties":{"市区町村名":"石狩市","大字名":"花川北五条","丁目名":"１丁目","小字名":null,"地番":"91","精度区分":null,"座標系":"任意座標系"}},{"type":"Polygon","arcs":[[231,232,233,234,-229]],"properties":{"市区町村名":"石狩市","大字名":"花川北五条","丁目名":"１丁目","小字名":null,"地番":"92","精度区分":null,"座標系":"任意座標系"}},{"type":"Polygon","arcs":[[-232,235,236,237]],"properties":{"市区町村名":"石狩市","大字名":"花川北五条","丁目名":"１丁目","小字名":null,"地番":"94","精度区分":null,"座標系":"任意座標系"}},{"type":"Polygon","arcs":[[-231,238,-236]],"properties":{"市区町村名":"石狩市","大字名":"花川北五条","丁目名":"１丁目","小字名":null,"地番":"95","精度区分":null,"座標系":"任意座標系"}},{"type":"Polygon","arcs":[[239,240,241,242]],"properties":{"市区町村名":"石狩市","大字名":"花川北五条","丁目名":"１丁目","小字名":null,"地番":"96-1","精度区分":null,"座標系":"任意座標系"}},{"type":"Polygon","arcs":[[243,244,-240]],"properties":{"市区町村名":"石狩市","大字名":"花川北五条","丁目名":"１丁目","小字名":null,"地番":"96-2","精度区分":null,"座標系":"任意座標系"}},{"type":"Polygon","arcs":[[-242,245,246,247]],"properties":{"市区町村名":"石狩市","大字名":"花川北五条","丁目名":"１丁目","小字名":null,"地番":"97","精度区分":null,"座標系":"任意座標系"}},{"type":"Polygon","arcs":[[-247,248,249,250]],"properties":{"市区町村名":"石狩市","大字名":"花川北五条","丁目名":"１丁目","小字名":null,"地番":"98","精度区分":null,"座標系":"任意座標系"}},{"type":"Polygon","arcs":[[-250,251,252,253]],"properties":{"市区町村名":"石狩市","大字名":"花川北五条","丁目名":"１丁目","小字名":null,"地番":"99","精度区分":null,"座標系":"任意座標系"}},{"type":"Polygon","arcs":[[-253,254,255,256]],"properties":{"市区町村名":"石狩市","大字名":"花川北五条","丁目名":"１丁目","小字名":null,"地番":"100","精度区分":null,"座標系":"任意座標系"}},{"type":"Polygon","arcs":[[-256,257,258,259]],"properties":{"市区町村名":"石狩市","大字名":"花川北五条","丁目名":"１丁目","小字名":null,"地番":"101","精度区分":null,"座標系":"任意座標系"}},{"type":"Polygon","arcs":[[260,-259,261,262]],"properties":{"市区町村名":"石狩市","大字名":"花川北五条","丁目名":"１丁目","小字名":null,"地番":"102","精度区分":null,"座標系":"任意座標系"}},{"type":"Polygon","arcs":[[-263,263,264]],"properties":{"市区町村名":"石狩市","大字名":"花川北五条","丁目名":"１丁目","小字名":null,"地番":"103","精度区分":null,"座標系":"任意座標系"}},{"type":"Polygon","arcs":[[-265,265,266]],"properties":{"市区町村名":"石狩市","大字名":"花川北五条","丁目名":"１丁目","小字名":null,"地番":"104","精度区分":null,"座標系":"任意座標系"}},{"type":"Polygon","arcs":[[-267,267,268,-261]],"properties":{"市区町村名":"石狩市","大字名":"花川北五条","丁目名":"１丁目","小字名":null,"地番":"105","精度区分":null,"座標系":"任意座標系"}},{"type":"Polygon","arcs":[[-260,-269,269,270]],"properties":{"市区町村名":"石狩市","大字名":"花川北五条","丁目名":"１丁目","小字名":null,"地番":"106","精度区分":null,"座標系":"任意座標系"}},{"type":"Polygon","arcs":[[-257,-271,271,272]],"properties":{"市区町村名":"石狩市","大字名":"花川北五条","丁目名":"１丁目","小字名":null,"地番":"107","精度区分":null,"座標系":"任意座標系"}},{"type":"Polygon","arcs":[[-254,-273,273,274]],"properties":{"市区町村名":"石狩市","大字名":"花川北五条","丁目名":"１丁目","小字名":null,"地番":"108","精度区分":null,"座標系":"任意座標系"}},{"type":"Polygon","arcs":[[-251,-275,275,276]],"properties":{"市区町村名":"石狩市","大字名":"花川北五条","丁目名":"１丁目","小字名":null,"地番":"109","精度区分":null,"座標系":"任意座標系"}},{"type":"Polygon","arcs":[[-248,-277,277,278]],"properties":{"市区町村名":"石狩市","大字名":"花川北五条","丁目名":"１丁目","小字名":null,"地番":"110","精度区分":null,"座標系":"任意座標系"}},{"type":"Polygon","arcs":[[-243,-279,279,-244]],"properties":{"市区町村名":"石狩市","大字名":"花川北五条","丁目名":"１丁目","小字名":null,"地番":"111","精度区分":null,"座標系":"任意座標系"}},{"type":"Polygon","arcs":[[280,281,282]],"properties":{"市区町村名":"石狩市","大字名":"花川北五条","丁目名":"１丁目","小字名":null,"地番":"112","精度区分":null,"座標系":"任意座標系"}},{"type":"Polygon","arcs":[[283,284,285,286]],"properties":{"市区町村名":"石狩市","大字名":"花川北五条","丁目名":"１丁目","小字名":null,"地番":"113-2","精度区分":null,"座標系":"任意座標系"}},{"type":"Polygon","arcs":[[287,288,289,290]],"properties":{"市区町村名":"石狩市","大字名":"花川北五条","丁目名":"１丁目","小字名":null,"地番":"114","精度区分":null,"座標系":"任意座標系"}},{"type":"Polygon","arcs":[[291,292,293,294,295]],"properties":{"市区町村名":"石狩市","大字名":"花川北五条","丁目名":"１丁目","小字名":null,"地番":"115-1","精度区分":null,"座標系":"任意座標系"}},{"type":"Polygon","arcs":[[296,-295,-290,297]],"properties":{"市区町村名":"石狩市","大字名":"花川北五条","丁目名":"１丁目","小字名":null,"地番":"115-2","精度区分":null,"座標系":"任意座標系"}},{"type":"Polygon","arcs":[[-291,-294,298,-285,299]],"properties":{"市区町村名":"石狩市","大字名":"花川北五条","丁目名":"１丁目","小字名":null,"地番":"117","精度区分":null,"座標系":"任意座標系"}},{"type":"Polygon","arcs":[[300,-287,301,-281]],"properties":{"市区町村名":"石狩市","大字名":"花川北五条","丁目名":"１丁目","小字名":null,"地番":"118","精度区分":null,"座標系":"任意座標系"}},{"type":"Polygon","arcs":[[302,303,304,305,306]],"properties":{"市区町村名":"石狩市","大字名":"花川北六条","丁目名":"４丁目","小字名":null,"地番":"1","精度区分":null,"座標系":"任意座標系"}},{"type":"Polygon","arcs":[[307,308,309,-303]],"properties":{"市区町村名":"石狩市","大字名":"花川北六条","丁目名":"４丁目","小字名":null,"地番":"2","精度区分":null,"座標系":"任意座標系"}},{"type":"Polygon","arcs":[[310,311,312,-309]],"properties":{"市区町村名":"石狩市","大字名":"花川北六条","丁目名":"４丁目","小字名":null,"地番":"3","精度区分":null,"座標系":"任意座標系"}},{"type":"Polygon","arcs":[[313,314,315,-312]],"properties":{"市区町村名":"石狩市","大字名":"花川北六条","丁目名":"４丁目","小字名":null,"地番":"4","精度区分":null,"座標系":"任意座標系"}},{"type":"Polygon","arcs":[[316,317,318,-315]],"properties":{"市区町村名":"石狩市","大字名":"花川北六条","丁目名":"４丁目","小字名":null,"地番":"5","精度区分":null,"座標系":"任意座標系"}},{"type":"Polygon","arcs":[[319,320,321,-318]],"properties":{"市区町村名":"石狩市","大字名":"花川北六条","丁目名":"４丁目","小字名":null,"地番":"6","精度区分":null,"座標系":"任意座標系"}},{"type":"Polygon","arcs":[[322,323,324,-321]],"properties":{"市区町村名":"石狩市","大字名":"花川北六条","丁目名":"４丁目","小字名":null,"地番":"7","精度区分":null,"座標系":"任意座標系"}},{"type":"Polygon","arcs":[[325,326,327,-323]],"properties":{"市区町村名":"石狩市","大字名":"花川北六条","丁目名":"４丁目","小字名":null,"地番":"8","精度区分":null,"座標系":"任意座標系"}},{"type":"Polygon","arcs":[[328,329,-326,-320]],"properties":{"市区町村名":"石狩市","大字名":"花川北六条","丁目名":"４丁目","小字名":null,"地番":"9","精度区分":null,"座標系":"任意座標系"}},{"type":"Polygon","arcs":[[330,331,-329,-317]],"properties":{"市区町村名":"石狩市","大字名":"花川北六条","丁目名":"４丁目","小字名":null,"地番":"10","精度区分":null,"座標系":"任意座標系"}},{"type":"Polygon","arcs":[[332,333,-331,-314]],"properties":{"市区町村名":"石狩市","大字名":"花川北六条","丁目名":"４丁目","小字名":null,"地番":"11","精度区分":null,"座標系":"任意座標系"}},{"type":"Polygon","arcs":[[334,335,-333,-311]],"properties":{"市区町村名":"石狩市","大字名":"花川北六条","丁目名":"４丁目","小字名":null,"地番":"12","精度区分":null,"座標系":"任意座標系"}},{"type":"Polygon","arcs":[[336,337,-335,-308]],"properties":{"市区町村名":"石狩市","大字名":"花川北六条","丁目名":"４丁目","小字名":null,"地番":"13","精度区分":null,"座標系":"任意座標系"}},{"type":"Polygon","arcs":[[-307,338,339,-337]],"properties":{"市区町村名":"石狩市","大字名":"花川北六条","丁目名":"４丁目","小字名":null,"地番":"14","精度区分":null,"座標系":"任意座標系"}},{"type":"Polygon","arcs":[[340,341,342,343]],"properties":{"市区町村名":"石狩市","大字名":"花川北六条","丁目名":"４丁目","小字名":null,"地番":"15","精度区分":null,"座標系":"任意座標系"}},{"type":"Polygon","arcs":[[344,345,-341,346]],"properties":{"市区町村名":"石狩市","大字名":"花川北六条","丁目名":"４丁目","小字名":null,"地番":"16","精度区分":null,"座標系":"任意座標系"}},{"type":"Polygon","arcs":[[347,348,-345,349]],"properties":{"市区町村名":"石狩市","大字名":"花川北六条","丁目名":"４丁目","小字名":null,"地番":"17","精度区分":null,"座標系":"任意座標系"}},{"type":"Polygon","arcs":[[350,351,-348,352]],"properties":{"市区町村名":"石狩市","大字名":"花川北六条","丁目名":"４丁目","小字名":null,"地番":"18","精度区分":null,"座標系":"任意座標系"}},{"type":"Polygon","arcs":[[353,354,-351,355]],"properties":{"市区町村名":"石狩市","大字名":"花川北六条","丁目名":"４丁目","小字名":null,"地番":"19","精度区分":null,"座標系":"任意座標系"}},{"type":"Polygon","arcs":[[356,357,-354]],"properties":{"市区町村名":"石狩市","大字名":"花川北六条","丁目名":"４丁目","小字名":null,"地番":"20","精度区分":null,"座標系":"任意座標系"}},{"type":"Polygon","arcs":[[358,359,-357]],"properties":{"市区町村名":"石狩市","大字名":"花川北六条","丁目名":"４丁目","小字名":null,"地番":"21","精度区分":null,"座標系":"任意座標系"}},{"type":"Polygon","arcs":[[-356,360,361,-359]],"properties":{"市区町村名":"石狩市","大字名":"花川北六条","丁目名":"４丁目","小字名":null,"地番":"22","精度区分":null,"座標系":"任意座標系"}},{"type":"Polygon","arcs":[[-353,362,363,-361]],"properties":{"市区町村名":"石狩市","大字名":"花川北六条","丁目名":"４丁目","小字名":null,"地番":"23","精度区分":null,"座標系":"任意座標系"}},{"type":"Polygon","arcs":[[-350,364,365,-363]],"properties":{"市区町村名":"石狩市","大字名":"花川北六条","丁目名":"４丁目","小字名":null,"地番":"24","精度区分":null,"座標系":"任意座標系"}},{"type":"Polygon","arcs":[[-347,366,367,-365]],"properties":{"市区町村名":"石狩市","大字名":"花川北六条","丁目名":"４丁目","小字名":null,"地番":"25","精度区分":null,"座標系":"任意座標系"}},{"type":"Polygon","arcs":[[-344,368,369,-367]],"properties":{"市区町村名":"石狩市","大字名":"花川北六条","丁目名":"４丁目","小字名":null,"地番":"26","精度区分":null,"座標系":"任意座標系"}},{"type":"Polygon","arcs":[[370,371,372,373]],"properties":{"市区町村名":"石狩市","大字名":"花川北六条","丁目名":"４丁目","小字名":null,"地番":"27","精度区分":null,"座標系":"任意座標系"}},{"type":"Polygon","arcs":[[374,375,-371,376]],"properties":{"市区町村名":"石狩市","大字名":"花川北六条","丁目名":"４丁目","小字名":null,"地番":"28","精度区分":null,"座標系":"任意座標系"}},{"type":"Polygon","arcs":[[377,378,-375,379]],"properties":{"市区町村名":"石狩市","大字名":"花川北六条","丁目名":"４丁目","小字名":null,"地番":"29","精度区分":null,"座標系":"任意座標系"}},{"type":"Polygon","arcs":[[380,381,-378,382]],"properties":{"市区町村名":"石狩市","大字名":"花川北六条","丁目名":"４丁目","小字名":null,"地番":"30","精度区分":null,"座標系":"任意座標系"}},{"type":"Polygon","arcs":[[383,384,-381,385]],"properties":{"市区町村名":"石狩市","大字名":"花川北六条","丁目名":"４丁目","小字名":null,"地番":"31","精度区分":null,"座標系":"任意座標系"}},{"type":"Polygon","arcs":[[386,387,-384,388]],"properties":{"市区町村名":"石狩市","大字名":"花川北六条","丁目名":"４丁目","小字名":null,"地番":"32","精度区分":null,"座標系":"任意座標系"}},{"type":"Polygon","arcs":[[389,390,391,-387]],"properties":{"市区町村名":"石狩市","大字名":"花川北六条","丁目名":"４丁目","小字名":null,"地番":"33","精度区分":null,"座標系":"任意座標系"}},{"type":"Polygon","arcs":[[392,393,394,-390]],"properties":{"市区町村名":"石狩市","大字名":"花川北六条","丁目名":"４丁目","小字名":null,"地番":"34","精度区分":null,"座標系":"任意座標系"}},{"type":"Polygon","arcs":[[-389,395,396,-393]],"properties":{"市区町村名":"石狩市","大字名":"花川北六条","丁目名":"４丁目","小字名":null,"地番":"35","精度区分":null,"座標系":"任意座標系"}},{"type":"Polygon","arcs":[[-386,397,398,-396]],"properties":{"市区町村名":"石狩市","大字名":"花川北六条","丁目名":"４丁目","小字名":null,"地番":"36","精度区分":null,"座標系":"任意座標系"}},{"type":"Polygon","arcs":[[-383,399,400,-398]],"properties":{"市区町村名":"石狩市","大字名":"花川北六条","丁目名":"４丁目","小字名":null,"地番":"37","精度区分":null,"座標系":"任意座標系"}},{"type":"Polygon","arcs":[[-380,401,402,-400]],"properties":{"市区町村名":"石狩市","大字名":"花川北六条","丁目名":"４丁目","小字名":null,"地番":"38","精度区分":null,"座標系":"任意座標系"}},{"type":"Polygon","arcs":[[-377,403,404,-402]],"properties":{"市区町村名":"石狩市","大字名":"花川北六条","丁目名":"４丁目","小字名":null,"地番":"39","精度区分":null,"座標系":"任意座標系"}},{"type":"Polygon","arcs":[[-374,405,406,-404]],"properties":{"市区町村名":"石狩市","大字名":"花川北六条","丁目名":"４丁目","小字名":null,"地番":"40","精度区分":null,"座標系":"任意座標系"}},{"type":"Polygon","arcs":[[407,408,409]],"properties":{"市区町村名":"石狩市","大字名":"花川北六条","丁目名":"４丁目","小字名":null,"地番":"41","精度区分":null,"座標系":"任意座標系"}},{"type":"Polygon","arcs":[[410,411,412,-408]],"properties":{"市区町村名":"石狩市","大字名":"花川北六条","丁目名":"４丁目","小字名":null,"地番":"42","精度区分":null,"座標系":"任意座標系"}},{"type":"Polygon","arcs":[[413,414,415,416,-412]],"properties":{"市区町村名":"石狩市","大字名":"花川北六条","丁目名":"４丁目","小字名":null,"地番":"43","精度区分":null,"座標系":"任意座標系"}},{"type":"Polygon","arcs":[[417,418,-416]],"properties":{"市区町村名":"石狩市","大字名":"花川北六条","丁目名":"４丁目","小字名":null,"地番":"44","精度区分":null,"座標系":"任意座標系"}},{"type":"Polygon","arcs":[[-415,419,420,421,-418]],"properties":{"市区町村名":"石狩市","大字名":"花川北六条","丁目名":"４丁目","小字名":null,"地番":"45","精度区分":null,"座標系":"任意座標系"}},{"type":"Polygon","arcs":[[422,423,-421]],"properties":{"市区町村名":"石狩市","大字名":"花川北六条","丁目名":"４丁目","小字名":null,"地番":"46","精度区分":null,"座標系":"任意座標系"}},{"type":"Polygon","arcs":[[424,-423,-420,-414,425]],"properties":{"市区町村名":"石狩市","大字名":"花川北六条","丁目名":"４丁目","小字名":null,"地番":"47","精度区分":null,"座標系":"任意座標系"}},{"type":"Polygon","arcs":[[-411,426,427,-426]],"properties":{"市区町村名":"石狩市","大字名":"花川北六条","丁目名":"４丁目","小字名":null,"地番":"48","精度区分":null,"座標系":"任意座標系"}},{"type":"Polygon","arcs":[[-410,428,-427]],"properties":{"市区町村名":"石狩市","大字名":"花川北六条","丁目名":"４丁目","小字名":null,"地番":"49","精度区分":null,"座標系":"任意座標系"}},{"type":"Polygon","arcs":[[429,430,431]],"properties":{"市区町村名":"石狩市","大字名":"花川北六条","丁目名":"４丁目","小字名":null,"地番":"50","精度区分":null,"座標系":"任意座標系"}},{"type":"Polygon","arcs":[[-432,432,433,434]],"properties":{"市区町村名":"石狩市","大字名":"花川北六条","丁目名":"４丁目","小字名":null,"地番":"51","精度区分":null,"座標系":"任意座標系"}},{"type":"Polygon","arcs":[[-434,435,436,437]],"properties":{"市区町村名":"石狩市","大字名":"花川北六条","丁目名":"４丁目","小字名":null,"地番":"52","精度区分":null,"座標系":"任意座標系"}},{"type":"Polygon","arcs":[[-437,438,439,440]],"properties":{"市区町村名":"石狩市","大字名":"花川北六条","丁目名":"４丁目","小字名":null,"地番":"53","精度区分":null,"座標系":"任意座標系"}},{"type":"Polygon","arcs":[[-441,441,442,443]],"properties":{"市区町村名":"石狩市","大字名":"花川北六条","丁目名":"４丁目","小字名":null,"地番":"54","精度区分":null,"座標系":"任意座標系"}},{"type":"Polygon","arcs":[[444,445,446,447]],"properties":{"市区町村名":"石狩市","大字名":"花川北六条","丁目名":"４丁目","小字名":null,"地番":"56","精度区分":null,"座標系":"任意座標系"}},{"type":"Polygon","arcs":[[-447,448,449,450]],"properties":{"市区町村名":"石狩市","大字名":"花川北六条","丁目名":"４丁目","小字名":null,"地番":"57","精度区分":null,"座標系":"任意座標系"}},{"type":"Polygon","arcs":[[-450,451,452,453]],"properties":{"市区町村名":"石狩市","大字名":"花川北六条","丁目名":"４丁目","小字名":null,"地番":"58","精度区分":null,"座標系":"任意座標系"}},{"type":"Polygon","arcs":[[454,455,456,457]],"properties":{"市区町村名":"石狩市","大字名":"花川北六条","丁目名":"４丁目","小字名":null,"地番":"59","精度区分":null,"座標系":"任意座標系"}},{"type":"Polygon","arcs":[[-458,458,459,460]],"properties":{"市区町村名":"石狩市","大字名":"花川北六条","丁目名":"４丁目","小字名":null,"地番":"60","精度区分":null,"座標系":"任意座標系"}},{"type":"Polygon","arcs":[[461,462,-455,-461,463,464]],"properties":{"市区町村名":"石狩市","大字名":"花川北六条","丁目名":"４丁目","小字名":null,"地番":"61","精度区分":null,"座標系":"任意座標系"}},{"type":"Polygon","arcs":[[465,466,-465]],"properties":{"市区町村名":"石狩市","大字名":"花川北六条","丁目名":"４丁目","小字名":null,"地番":"62","精度区分":null,"座標系":"任意座標系"}},{"type":"Polygon","arcs":[[-467,467,468,469,-462]],"properties":{"市区町村名":"石狩市","大字名":"花川北六条","丁目名":"４丁目","小字名":null,"地番":"63","精度区分":null,"座標系":"任意座標系"}},{"type":"Polygon","arcs":[[470,471,-469,472]],"properties":{"市区町村名":"石狩市","大字名":"花川北六条","丁目名":"４丁目","小字名":null,"地番":"64","精度区分":null,"座標系":"任意座標系"}},{"type":"Polygon","arcs":[[473,474,-471,475]],"properties":{"市区町村名":"石狩市","大字名":"花川北六条","丁目名":"４丁目","小字名":null,"地番":"65","精度区分":null,"座標系":"任意座標系"}},{"type":"Polygon","arcs":[[476,477,-474,478]],"properties":{"市区町村名":"石狩市","大字名":"花川北六条","丁目名":"４丁目","小字名":null,"地番":"66","精度区分":null,"座標系":"任意座標系"}},{"type":"Polygon","arcs":[[479,480,481,-477]],"properties":{"市区町村名":"石狩市","大字名":"花川北六条","丁目名":"４丁目","小字名":null,"地番":"67","精度区分":null,"座標系":"任意座標系"}},{"type":"Polygon","arcs":[[482,483,484,485,-452,-449,-446,486,-442,-440,487,-456,-463,-470,-472,-475,-478,-482,488,489]],"properties":{"市区町村名":"石狩市","大字名":"花川北六条","丁目名":"４丁目","小字名":null,"地番":"68-1","精度区分":null,"座標系":"任意座標系"}},{"type":"Polygon","arcs":[[-481,490,491,492,-489]],"properties":{"市区町村名":"石狩市","大字名":"花川北六条","丁目名":"４丁目","小字名":null,"地番":"68-2","精度区分":null,"座標系":"任意座標系"}},{"type":"Polygon","arcs":[[493,494,495,-492]],"properties":{"市区町村名":"石狩市","大字名":"花川北六条","丁目名":"４丁目","小字名":null,"地番":"68-3","精度区分":null,"座標系":"任意座標系"}},{"type":"Polygon","arcs":[[496,497,498,-485]],"properties":{"市区町村名":"石狩市","大字名":"花川北六条","丁目名":"４丁目","小字名":null,"地番":"69","精度区分":null,"座標系":"任意座標系"}},{"type":"Polygon","arcs":[[-484,499,500,-497]],"properties":{"市区町村名":"石狩市","大字名":"花川北六条","丁目名":"４丁目","小字名":null,"地番":"70","精度区分":null,"座標系":"任意座標系"}},{"type":"Polygon","arcs":[[-483,501,502,-500]],"properties":{"市区町村名":"石狩市","大字名":"花川北六条","丁目名":"４丁目","小字名":null,"地番":"71","精度区分":null,"座標系":"任意座標系"}},{"type":"Polygon","arcs":[[-490,503,504,505,-502]],"properties":{"市区町村名":"石狩市","大字名":"花川北六条","丁目名":"４丁目","小字名":null,"地番":"72","精度区分":null,"座標系":"任意座標系"}},{"type":"Polygon","arcs":[[-504,-493,506,507]],"properties":{"市区町村名":"石狩市","大字名":"花川北六条","丁目名":"４丁目","小字名":null,"地番":"73-1","精度区分":null,"座標系":"任意座標系"}},{"type":"Polygon","arcs":[[-508,508,509,-505]],"properties":{"市区町村名":"石狩市","大字名":"花川北六条","丁目名":"４丁目","小字名":null,"地番":"73-2","精度区分":null,"座標系":"任意座標系"}},{"type":"Polygon","arcs":[[-507,-496,510,511,-509]],"properties":{"市区町村名":"石狩市","大字名":"花川北六条","丁目名":"４丁目","小字名":null,"地番":"74","精度区分":null,"座標系":"任意座標系"}},{"type":"Polygon","arcs":[[-495,512,513,514,-511]],"properties":{"市区町村名":"石狩市","大字名":"花川北六条","丁目名":"４丁目","小字名":null,"地番":"75","精度区分":null,"座標系":"任意座標系"}},{"type":"Polygon","arcs":[[515,516,517,-514]],"properties":{"市区町村名":"石狩市","大字名":"花川北六条","丁目名":"４丁目","小字名":null,"地番":"76","精度区分":null,"座標系":"任意座標系"}},{"type":"Polygon","arcs":[[518,519,-517,520]],"properties":{"市区町村名":"石狩市","大字名":"花川北六条","丁目名":"４丁目","小字名":null,"地番":"77","精度区分":null,"座標系":"任意座標系"}},{"type":"Polygon","arcs":[[521,-518,-520,522,523]],"properties":{"市区町村名":"石狩市","大字名":"花川北六条","丁目名":"４丁目","小字名":null,"地番":"78","精度区分":null,"座標系":"任意座標系"}},{"type":"Polygon","arcs":[[524,-524,525,526]],"properties":{"市区町村名":"石狩市","大字名":"花川北六条","丁目名":"４丁目","小字名":null,"地番":"79","精度区分":null,"座標系":"任意座標系"}},{"type":"Polygon","arcs":[[-527,527,528]],"properties":{"市区町村名":"石狩市","大字名":"花川北六条","丁目名":"４丁目","小字名":null,"地番":"80","精度区分":null,"座標系":"任意座標系"}},{"type":"Polygon","arcs":[[529,530,531]],"properties":{"市区町村名":"石狩市","大字名":"花川北六条","丁目名":"４丁目","小字名":null,"地番":"81","精度区分":null,"座標系":"任意座標系"}},{"type":"Polygon","arcs":[[532,533,534,-530]],"properties":{"市区町村名":"石狩市","大字名":"花川北六条","丁目名":"４丁目","小字名":null,"地番":"82","精度区分":null,"座標系":"任意座標系"}},{"type":"Polygon","arcs":[[535,536,537,538,-534]],"properties":{"市区町村名":"石狩市","大字名":"花川北六条","丁目名":"４丁目","小字名":null,"地番":"83","精度区分":null,"座標系":"任意座標系"}},{"type":"Polygon","arcs":[[-538,539,540,541]],"properties":{"市区町村名":"石狩市","大字名":"花川北六条","丁目名":"４丁目","小字名":null,"地番":"84","精度区分":null,"座標系":"任意座標系"}},{"type":"Polygon","arcs":[[-541,542]],"properties":{"市区町村名":"石狩市","大字名":"花川北六条","丁目名":"４丁目","小字名":null,"地番":"85","精度区分":null,"座標系":"任意座標系"}},{"type":"Polygon","arcs":[[543,544,-536,-533]],"properties":{"市区町村名":"石狩市","大字名":"花川北六条","丁目名":"４丁目","小字名":null,"地番":"86","精度区分":null,"座標系":"任意座標系"}},{"type":"Polygon","arcs":[[-532,545,-544]],"properties":{"市区町村名":"石狩市","大字名":"花川北六条","丁目名":"４丁目","小字名":null,"地番":"87","精度区分":null,"座標系":"任意座標系"}},{"type":"Polygon","arcs":[[546,547,548,549]],"properties":{"市区町村名":"石狩市","大字名":"花川北六条","丁目名":"４丁目","小字名":null,"地番":"88","精度区分":null,"座標系":"任意座標系"}},{"type":"Polygon","arcs":[[550,551,-547,552]],"properties":{"市区町村名":"石狩市","大字名":"花川北六条","丁目名":"４丁目","小字名":null,"地番":"89","精度区分":null,"座標系":"任意座標系"}},{"type":"Polygon","arcs":[[553,554,-551,555]],"properties":{"市区町村名":"石狩市","大字名":"花川北六条","丁目名":"４丁目","小字名":null,"地番":"90","精度区分":null,"座標系":"任意座標系"}},{"type":"Polygon","arcs":[[556,557,-554,558]],"properties":{"市区町村名":"石狩市","大字名":"花川北六条","丁目名":"４丁目","小字名":null,"地番":"91","精度区分":null,"座標系":"任意座標系"}},{"type":"Polygon","arcs":[[559,560,-557,561]],"properties":{"市区町村名":"石狩市","大字名":"花川北六条","丁目名":"４丁目","小字名":null,"地番":"92","精度区分":null,"座標系":"任意座標系"}},{"type":"Polygon","arcs":[[562,563,-560,564]],"properties":{"市区町村名":"石狩市","大字名":"花川北六条","丁目名":"４丁目","小字名":null,"地番":"93","精度区分":null,"座標系":"任意座標系"}},{"type":"Polygon","arcs":[[565,566,567,-563]],"properties":{"市区町村名":"石狩市","大字名":"花川北六条","丁目名":"４丁目","小字名":null,"地番":"94","精度区分":null,"座標系":"任意座標系"}},{"type":"Polygon","arcs":[[568,569,570,-566]],"properties":{"市区町村名":"石狩市","大字名":"花川北六条","丁目名":"４丁目","小字名":null,"地番":"95","精度区分":null,"座標系":"任意座標系"}},{"type":"Polygon","arcs":[[-565,571,572,-569]],"properties":{"市区町村名":"石狩市","大字名":"花川北六条","丁目名":"４丁目","小字名":null,"地番":"96","精度区分":null,"座標系":"任意座標系"}},{"type":"Polygon","arcs":[[-562,573,574,-572]],"properties":{"市区町村名":"石狩市","大字名":"花川北六条","丁目名":"４丁目","小字名":null,"地番":"97","精度区分":null,"座標系":"任意座標系"}},{"type":"Polygon","arcs":[[-559,575,576,-574]],"properties":{"市区町村名":"石狩市","大字名":"花川北六条","丁目名":"４丁目","小字名":null,"地番":"98","精度区分":null,"座標系":"任意座標系"}},{"type":"Polygon","arcs":[[-556,577,578,-576]],"properties":{"市区町村名":"石狩市","大字名":"花川北六条","丁目名":"４丁目","小字名":null,"地番":"99","精度区分":null,"座標系":"任意座標系"}},{"type":"Polygon","arcs":[[-553,579,580,-578]],"properties":{"市区町村名":"石狩市","大字名":"花川北六条","丁目名":"４丁目","小字名":null,"地番":"100","精度区分":null,"座標系":"任意座標系"}},{"type":"Polygon","arcs":[[-550,581,582,-580]],"properties":{"市区町村名":"石狩市","大字名":"花川北六条","丁目名":"４丁目","小字名":null,"地番":"101","精度区分":null,"座標系":"任意座標系"}},{"type":"Polygon","arcs":[[583,584,585,586]],"properties":{"市区町村名":"石狩市","大字名":"花川北六条","丁目名":"４丁目","小字名":null,"地番":"102","精度区分":null,"座標系":"任意座標系"}},{"type":"Polygon","arcs":[[587,588,-584,589]],"properties":{"市区町村名":"石狩市","大字名":"花川北六条","丁目名":"４丁目","小字名":null,"地番":"103","精度区分":null,"座標系":"任意座標系"}},{"type":"Polygon","arcs":[[590,591,-588,592]],"properties":{"市区町村名":"石狩市","大字名":"花川北六条","丁目名":"４丁目","小字名":null,"地番":"104","精度区分":null,"座標系":"任意座標系"}},{"type":"Polygon","arcs":[[593,594,-591,595]],"properties":{"市区町村名":"石狩市","大字名":"花川北六条","丁目名":"４丁目","小字名":null,"地番":"105","精度区分":null,"座標系":"任意座標系"}},{"type":"Polygon","arcs":[[596,597,-594,598]],"properties":{"市区町村名":"石狩市","大字名":"花川北六条","丁目名":"４丁目","小字名":null,"地番":"106","精度区分":null,"座標系":"任意座標系"}},{"type":"Polygon","arcs":[[599,600,-597]],"properties":{"市区町村名":"石狩市","大字名":"花川北六条","丁目名":"４丁目","小字名":null,"地番":"107","精度区分":null,"座標系":"任意座標系"}},{"type":"Polygon","arcs":[[601,602,-600]],"properties":{"市区町村名":"石狩市","大字名":"花川北六条","丁目名":"４丁目","小字名":null,"地番":"108","精度区分":null,"座標系":"任意座標系"}},{"type":"Polygon","arcs":[[603,-602,-599,604]],"properties":{"市区町村名":"石狩市","大字名":"花川北六条","丁目名":"４丁目","小字名":null,"地番":"109","精度区分":null,"座標系":"任意座標系"}},{"type":"Polygon","arcs":[[605,-605,-596,606]],"properties":{"市区町村名":"石狩市","大字名":"花川北六条","丁目名":"４丁目","小字名":null,"地番":"110","精度区分":null,"座標系":"任意座標系"}},{"type":"Polygon","arcs":[[607,-607,-593,608]],"properties":{"市区町村名":"石狩市","大字名":"花川北六条","丁目名":"４丁目","小字名":null,"地番":"111","精度区分":null,"座標系":"任意座標系"}},{"type":"Polygon","arcs":[[609,-609,-590,610]],"properties":{"市区町村名":"石狩市","大字名":"花川北六条","丁目名":"４丁目","小字名":null,"地番":"112","精度区分":null,"座標系":"任意座標系"}},{"type":"Polygon","arcs":[[-611,-587,611,612]],"properties":{"市区町村名":"石狩市","大字名":"花川北六条","丁目名":"４丁目","小字名":null,"地番":"113","精度区分":null,"座標系":"任意座標系"}},{"type":"Polygon","arcs":[[613,614,615,616]],"properties":{"市区町村名":"石狩市","大字名":"花川北六条","丁目名":"４丁目","小字名":null,"地番":"114","精度区分":null,"座標系":"任意座標系"}},{"type":"Polygon","arcs":[[617,618,-614,619]],"properties":{"市区町村名":"石狩市","大字名":"花川北六条","丁目名":"４丁目","小字名":null,"地番":"115","精度区分":null,"座標系":"任意座標系"}},{"type":"Polygon","arcs":[[620,621,-618,622]],"properties":{"市区町村名":"石狩市","大字名":"花川北六条","丁目名":"４丁目","小字名":null,"地番":"116","精度区分":null,"座標系":"任意座標系"}},{"type":"Polygon","arcs":[[623,624,-621]],"properties":{"市区町村名":"石狩市","大字名":"花川北六条","丁目名":"４丁目","小字名":null,"地番":"117","精度区分":null,"座標系":"任意座標系"}},{"type":"Polygon","arcs":[[625,626,-624]],"properties":{"市区町村名":"石狩市","大字名":"花川北六条","丁目名":"４丁目","小字名":null,"地番":"118","精度区分":null,"座標系":"任意座標系"}},{"type":"Polygon","arcs":[[-623,627,628,-626]],"properties":{"市区町村名":"石狩市","大字名":"花川北六条","丁目名":"４丁目","小字名":null,"地番":"119","精度区分":null,"座標系":"任意座標系"}},{"type":"Polygon","arcs":[[-620,629,630,-628]],"properties":{"市区町村名":"石狩市","大字名":"花川北六条","丁目名":"４丁目","小字名":null,"地番":"120","精度区分":null,"座標系":"任意座標系"}},{"type":"Polygon","arcs":[[-617,631,632,-630]],"properties":{"市区町村名":"石狩市","大字名":"花川北六条","丁目名":"４丁目","小字名":null,"地番":"121","精度区分":null,"座標系":"任意座標系"}},{"type":"Polygon","arcs":[[633,634,635,636]],"properties":{"市区町村名":"石狩市","大字名":"花川北六条","丁目名":"４丁目","小字名":null,"地番":"122","精度区分":null,"座標系":"任意座標系"}},{"type":"Polygon","arcs":[[637,638,639,-635]],"properties":{"市区町村名":"石狩市","大字名":"花川北六条","丁目名":"４丁目","小字名":null,"地番":"123","精度区分":null,"座標系":"任意座標系"}},{"type":"Polygon","arcs":[[640,641,-639]],"properties":{"市区町村名":"石狩市","大字名":"花川北六条","丁目名":"４丁目","小字名":null,"地番":"124","精度区分":null,"座標系":"任意座標系"}},{"type":"Polygon","arcs":[[642,643,644]],"properties":{"市区町村名":"石狩市","大字名":"花川北六条","丁目名":"４丁目","小字名":null,"地番":"125","精度区分":null,"座標系":"任意座標系"}},{"type":"Polygon","arcs":[[645,646,-641,647]],"properties":{"市区町村名":"石狩市","大字名":"花川北六条","丁目名":"４丁目","小字名":null,"地番":"126","精度区分":null,"座標系":"任意座標系"}},{"type":"Polygon","arcs":[[648,-648,-638,649]],"properties":{"市区町村名":"石狩市","大字名":"花川北六条","丁目名":"４丁目","小字名":null,"地番":"127","精度区分":null,"座標系":"任意座標系"}},{"type":"Polygon","arcs":[[-650,-634,650]],"properties":{"市区町村名":"石狩市","大字名":"花川北六条","丁目名":"４丁目","小字名":null,"地番":"128","精度区分":null,"座標系":"任意座標系"}},{"type":"Polygon","arcs":[[-443,-487,-445,651]],"properties":{"市区町村名":"石狩市","大字名":"花川北六条","丁目名":"４丁目","小字名":null,"地番":"176","精度区分":null,"座標系":"任意座標系"}},{"type":"Polygon","arcs":[[652,653,-305]],"properties":{"市区町村名":"石狩市","大字名":"花川北六条","丁目名":"４丁目","小字名":null,"地番":"500-3","精度区分":null,"座標系":"任意座標系"}},{"type":"Polygon","arcs":[[654,-342,-346,-349,-352,-355,-358,-360,-362,-364,-366,-368,-370,655,-372,-376,-379,-382,-385,-388,-392,656,-327,-330,-332,-334,-336,-338,-340]],"properties":{"市区町村名":"石狩市","大字名":"花川北六条","丁目名":"４丁目","小字名":null,"地番":"500-4","精度区分":null,"座標系":"任意座標系"}},{"type":"Polygon","arcs":[[-513,-494,-491,-480,-479,-476,-473,-468,-466,-464,-460,657,-521,-516]],"properties":{"市区町村名":"石狩市","大字名":"花川北六条","丁目名":"４丁目","小字名":null,"地番":"500-5","精度区分":null,"座標系":"任意座標系"}},{"type":"Polygon","arcs":[[-486,-499,658,-567,-571,659,-644,660,-324,-328,-657,-391,-395,661,-453]],"properties":{"市区町村名":"石狩市","大字名":"花川北六条","丁目名":"４丁目","小字名":null,"地番":"501","精度区分":null,"座標系":"任意座標系"}},{"type":"Polygon","arcs":[[-573,-575,-577,-579,-581,-583,662,-585,-589,-592,-595,-598,-601,-603,-604,-606,-608,-610,-613,663,-615,-619,-622,-625,-627,-629,-631,-633,664,-636,-640,-642,-647,665,-645,-660,-570]],"properties":{"市区町村名":"石狩市","大字名":"花川北六条","丁目名":"４丁目","小字名":null,"地番":"502","精度区分":null,"座標系":"任意座標系"}},{"type":"Polygon","arcs":[[666,667,668,669]],"properties":{"市区町村名":"石狩市","大字名":"花川北五条","丁目名":"２丁目","小字名":null,"地番":"1","精度区分":null,"座標系":"任意座標系"}},{"type":"Polygon","arcs":[[-670,670,671,672]],"properties":{"市区町村名":"石狩市","大字名":"花川北五条","丁目名":"２丁目","小字名":null,"地番":"2","精度区分":null,"座標系":"任意座標系"}},{"type":"Polygon","arcs":[[-672,673,674,675]],"properties":{"市区町村名":"石狩市","大字名":"花川北五条","丁目名":"２丁目","小字名":null,"地番":"3","精度区分":null,"座標系":"任意座標系"}},{"type":"Polygon","arcs":[[-675,676,677,678]],"properties":{"市区町村名":"石狩市","大字名":"花川北五条","丁目名":"２丁目","小字名":null,"地番":"4","精度区分":null,"座標系":"任意座標系"}},{"type":"Polygon","arcs":[[-678,679,680,681]],"properties":{"市区町村名":"石狩市","大字名":"花川北五条","丁目名":"２丁目","小字名":null,"地番":"5","精度区分":null,"座標系":"任意座標系"}},{"type":"Polygon","arcs":[[-681,682,683,684]],"properties":{"市区町村名":"石狩市","大字名":"花川北五条","丁目名":"２丁目","小字名":null,"地番":"6","精度区分":null,"座標系":"任意座標系"}},{"type":"Polygon","arcs":[[-685,685,686]],"properties":{"市区町村名":"石狩市","大字名":"花川北五条","丁目名":"２丁目","小字名":null,"地番":"7","精度区分":null,"座標系":"任意座標系"}},{"type":"Polygon","arcs":[[-682,-687,687,688]],"properties":{"市区町村名":"石狩市","大字名":"花川北五条","丁目名":"２丁目","小字名":null,"地番":"8","精度区分":null,"座標系":"任意座標系"}},{"type":"Polygon","arcs":[[-679,-689,689,690]],"properties":{"市区町村名":"石狩市","大字名":"花川北五条","丁目名":"２丁目","小字名":null,"地番":"9","精度区分":null,"座標系":"任意座標系"}},{"type":"Polygon","arcs":[[-676,-691,691,692]],"properties":{"市区町村名":"石狩市","大字名":"花川北五条","丁目名":"２丁目","小字名":null,"地番":"10","精度区分":null,"座標系":"任意座標系"}},{"type":"Polygon","arcs":[[-673,-693,693,694]],"properties":{"市区町村名":"石狩市","大字名":"花川北五条","丁目名":"２丁目","小字名":null,"地番":"11","精度区分":null,"座標系":"任意座標系"}},{"type":"Polygon","arcs":[[-695,695,696,-667]],"properties":{"市区町村名":"石狩市","大字名":"花川北五条","丁目名":"２丁目","小字名":null,"地番":"12","精度区分":null,"座標系":"任意座標系"}},{"type":"Polygon","arcs":[[697,698,699]],"properties":{"市区町村名":"石狩市","大字名":"花川北五条","丁目名":"２丁目","小字名":null,"地番":"13","精度区分":null,"座標系":"任意座標系"}},{"type":"Polygon","arcs":[[700,701,-698,702]],"properties":{"市区町村名":"石狩市","大字名":"花川北五条","丁目名":"２丁目","小字名":null,"地番":"14","精度区分":null,"座標系":"任意座標系"}},{"type":"Polygon","arcs":[[703,704,-701,705]],"properties":{"市区町村名":"石狩市","大字名":"花川北五条","丁目名":"２丁目","小字名":null,"地番":"15","精度区分":null,"座標系":"任意座標系"}},{"type":"Polygon","arcs":[[706,707,-704,708]],"properties":{"市区町村名":"石狩市","大字名":"花川北五条","丁目名":"２丁目","小字名":null,"地番":"16","精度区分":null,"座標系":"任意座標系"}},{"type":"Polygon","arcs":[[709,710,-707,711]],"properties":{"市区町村名":"石狩市","大字名":"花川北五条","丁目名":"２丁目","小字名":null,"地番":"17","精度区分":null,"座標系":"任意座標系"}},{"type":"Polygon","arcs":[[712,713,-710]],"properties":{"市区町村名":"石狩市","大字名":"花川北五条","丁目名":"２丁目","小字名":null,"地番":"18","精度区分":null,"座標系":"任意座標系"}},{"type":"Polygon","arcs":[[714,715,716]],"properties":{"市区町村名":"石狩市","大字名":"花川北五条","丁目名":"２丁目","小字名":null,"地番":"19","精度区分":null,"座標系":"任意座標系"}},{"type":"Polygon","arcs":[[-717,717,718,719]],"properties":{"市区町村名":"石狩市","大字名":"花川北五条","丁目名":"２丁目","小字名":null,"地番":"20","精度区分":null,"座標系":"任意座標系"}},{"type":"Polygon","arcs":[[-719,720,721,722]],"properties":{"市区町村名":"石狩市","大字名":"花川北五条","丁目名":"２丁目","小字名":null,"地番":"21","精度区分":null,"座標系":"任意座標系"}},{"type":"Polygon","arcs":[[-722,723,724,725]],"properties":{"市区町村名":"石狩市","大字名":"花川北五条","丁目名":"２丁目","小字名":null,"地番":"22","精度区分":null,"座標系":"任意座標系"}},{"type":"Polygon","arcs":[[-725,726,727]],"properties":{"市区町村名":"石狩市","大字名":"花川北五条","丁目名":"２丁目","小字名":null,"地番":"23","精度区分":null,"座標系":"任意座標系"}},{"type":"Polygon","arcs":[[-728,728,729]],"properties":{"市区町村名":"石狩市","大字名":"花川北五条","丁目名":"２丁目","小字名":null,"地番":"24","精度区分":null,"座標系":"任意座標系"}},{"type":"Polygon","arcs":[[-726,-730,730,731]],"properties":{"市区町村名":"石狩市","大字名":"花川北五条","丁目名":"２丁目","小字名":null,"地番":"25","精度区分":null,"座標系":"任意座標系"}},{"type":"Polygon","arcs":[[-723,-732,732,733]],"properties":{"市区町村名":"石狩市","大字名":"花川北五条","丁目名":"２丁目","小字名":null,"地番":"26","精度区分":null,"座標系":"任意座標系"}},{"type":"Polygon","arcs":[[-720,-734,734,735]],"properties":{"市区町村名":"石狩市","大字名":"花川北五条","丁目名":"２丁目","小字名":null,"地番":"27","精度区分":null,"座標系":"任意座標系"}},{"type":"Polygon","arcs":[[-736,736,-715]],"properties":{"市区町村名":"石狩市","大字名":"花川北五条","丁目名":"２丁目","小字名":null,"地番":"28","精度区分":null,"座標系":"任意座標系"}},{"type":"Polygon","arcs":[[737,738,739]],"properties":{"市区町村名":"石狩市","大字名":"花川北五条","丁目名":"２丁目","小字名":null,"地番":"29","精度区分":null,"座標系":"任意座標系"}},{"type":"Polygon","arcs":[[-740,740,741,742]],"properties":{"市区町村名":"石狩市","大字名":"花川北五条","丁目名":"２丁目","小字名":null,"地番":"30","精度区分":null,"座標系":"任意座標系"}},{"type":"Polygon","arcs":[[-742,743,744,745]],"properties":{"市区町村名":"石狩市","大字名":"花川北五条","丁目名":"２丁目","小字名":null,"地番":"31","精度区分":null,"座標系":"任意座標系"}},{"type":"Polygon","arcs":[[-745,746,747,748]],"properties":{"市区町村名":"石狩市","大字名":"花川北五条","丁目名":"２丁目","小字名":null,"地番":"32","精度区分":null,"座標系":"任意座標系"}},{"type":"Polygon","arcs":[[-748,749,750]],"properties":{"市区町村名":"石狩市","大字名":"花川北五条","丁目名":"２丁目","小字名":null,"地番":"33","精度区分":null,"座標系":"任意座標系"}},{"type":"Polygon","arcs":[[-751,751,752]],"properties":{"市区町村名":"石狩市","大字名":"花川北五条","丁目名":"２丁目","小字名":null,"地番":"34","精度区分":null,"座標系":"任意座標系"}},{"type":"Polygon","arcs":[[-749,-753,753,754]],"properties":{"市区町村名":"石狩市","大字名":"花川北五条","丁目名":"２丁目","小字名":null,"地番":"35","精度区分":null,"座標系":"任意座標系"}},{"type":"Polygon","arcs":[[-746,-755,755,756]],"properties":{"市区町村名":"石狩市","大字名":"花川北五条","丁目名":"２丁目","小字名":null,"地番":"36","精度区分":null,"座標系":"任意座標系"}},{"type":"Polygon","arcs":[[-743,-757,757,758]],"properties":{"市区町村名":"石狩市","大字名":"花川北五条","丁目名":"２丁目","小字名":null,"地番":"37","精度区分":null,"座標系":"任意座標系"}},{"type":"Polygon","arcs":[[-759,759,-738]],"properties":{"市区町村名":"石狩市","大字名":"花川北五条","丁目名":"２丁目","小字名":null,"地番":"38","精度区分":null,"座標系":"任意座標系"}},{"type":"Polygon","arcs":[[760,761,762,763]],"properties":{"市区町村名":"石狩市","大字名":"花川北五条","丁目名":"２丁目","小字名":null,"地番":"42-2","精度区分":null,"座標系":"任意座標系"}},{"type":"Polygon","arcs":[[764,765,766,-761]],"properties":{"市区町村名":"石狩市","大字名":"花川北五条","丁目名":"２丁目","小字名":null,"地番":"42-3","精度区分":null,"座標系":"任意座標系"}},{"type":"Polygon","arcs":[[767,768,769,770]],"properties":{"市区町村名":"石狩市","大字名":"花川北五条","丁目名":"２丁目","小字名":null,"地番":"43-1","精度区分":null,"座標系":"任意座標系"}},{"type":"Polygon","arcs":[[771,-771,772,773]],"properties":{"市区町村名":"石狩市","大字名":"花川北五条","丁目名":"２丁目","小字名":null,"地番":"43-2","精度区分":null,"座標系":"任意座標系"}},{"type":"Polygon","arcs":[[774,-764,775,776]],"properties":{"市区町村名":"石狩市","大字名":"花川北五条","丁目名":"２丁目","小字名":null,"地番":"43-3","精度区分":null,"座標系":"任意座標系"}},{"type":"Polygon","arcs":[[-774,777,-765,-775]],"properties":{"市区町村名":"石狩市","大字名":"花川北五条","丁目名":"２丁目","小字名":null,"地番":"43-4","精度区分":null,"座標系":"任意座標系"}},{"type":"Polygon","arcs":[[-777,778,779,-768,-772]],"properties":{"市区町村名":"石狩市","大字名":"花川北五条","丁目名":"２丁目","小字名":null,"地番":"44","精度区分":null,"座標系":"任意座標系"}},{"type":"Polygon","arcs":[[780,781,782,783,784]],"properties":{"市区町村名":"石狩市","大字名":"花川北五条","丁目名":"２丁目","小字名":null,"地番":"49-1","精度区分":null,"座標系":"任意座標系"}},{"type":"Polygon","arcs":[[785,786,787,-781]],"properties":{"市区町村名":"石狩市","大字名":"花川北五条","丁目名":"２丁目","小字名":null,"地番":"49-2","精度区分":null,"座標系":"任意座標系"}},{"type":"Polygon","arcs":[[-783,788,789,790]],"properties":{"市区町村名":"石狩市","大字名":"花川北五条","丁目名":"２丁目","小字名":null,"地番":"50","精度区分":null,"座標系":"任意座標系"}},{"type":"Polygon","arcs":[[-790,791,792]],"properties":{"市区町村名":"石狩市","大字名":"花川北五条","丁目名":"２丁目","小字名":null,"地番":"51","精度区分":null,"座標系":"任意座標系"}},{"type":"Polygon","arcs":[[-793,793,794]],"properties":{"市区町村名":"石狩市","大字名":"花川北五条","丁目名":"２丁目","小字名":null,"地番":"52","精度区分":null,"座標系":"任意座標系"}},{"type":"Polygon","arcs":[[-791,-795,795,796]],"properties":{"市区町村名":"石狩市","大字名":"花川北五条","丁目名":"２丁目","小字名":null,"地番":"53","精度区分":null,"座標系":"任意座標系"}},{"type":"Polygon","arcs":[[-785,797,798,799,-786]],"properties":{"市区町村名":"石狩市","大字名":"花川北五条","丁目名":"２丁目","小字名":null,"地番":"54-1","精度区分":null,"座標系":"任意座標系"}},{"type":"Polygon","arcs":[[-784,-797,800,-798]],"properties":{"市区町村名":"石狩市","大字名":"花川北五条","丁目名":"２丁目","小字名":null,"地番":"54-2","精度区分":null,"座標系":"任意座標系"}},{"type":"Polygon","arcs":[[801,802,803]],"properties":{"市区町村名":"石狩市","大字名":"花川北五条","丁目名":"２丁目","小字名":null,"地番":"55","精度区分":null,"座標系":"任意座標系"}},{"type":"Polygon","arcs":[[-804,804,805,806]],"properties":{"市区町村名":"石狩市","大字名":"花川北五条","丁目名":"２丁目","小字名":null,"地番":"56","精度区分":null,"座標系":"任意座標系"}},{"type":"Polygon","arcs":[[-806,807,808,809]],"properties":{"市区町村名":"石狩市","大字名":"花川北五条","丁目名":"２丁目","小字名":null,"地番":"57","精度区分":null,"座標系":"任意座標系"}},{"type":"Polygon","arcs":[[-809,810,811,812]],"properties":{"市区町村名":"石狩市","大字名":"花川北五条","丁目名":"２丁目","小字名":null,"地番":"58","精度区分":null,"座標系":"任意座標系"}},{"type":"Polygon","arcs":[[-812,813,814]],"properties":{"市区町村名":"石狩市","大字名":"花川北五条","丁目名":"２丁目","小字名":null,"地番":"59","精度区分":null,"座標系":"任意座標系"}},{"type":"Polygon","arcs":[[815,816,817]],"properties":{"市区町村名":"石狩市","大字名":"花川北五条","丁目名":"２丁目","小字名":null,"地番":"60-1","精度区分":null,"座標系":"任意座標系"}},{"type":"Polygon","arcs":[[-815,818,-816,819]],"properties":{"市区町村名":"石狩市","大字名":"花川北五条","丁目名":"２丁目","小字名":null,"地番":"60-3","精度区分":null,"座標系":"任意座標系"}},{"type":"Polygon","arcs":[[-813,-820,-818,820,821]],"properties":{"市区町村名":"石狩市","大字名":"花川北五条","丁目名":"２丁目","小字名":null,"地番":"61","精度区分":null,"座標系":"任意座標系"}},{"type":"Polygon","arcs":[[-810,-822,822,823]],"properties":{"市区町村名":"石狩市","大字名":"花川北五条","丁目名":"２丁目","小字名":null,"地番":"62","精度区分":null,"座標系":"任意座標系"}},{"type":"Polygon","arcs":[[-807,-824,824,825]],"properties":{"市区町村名":"石狩市","大字名":"花川北五条","丁目名":"２丁目","小字名":null,"地番":"63","精度区分":null,"座標系":"任意座標系"}},{"type":"Polygon","arcs":[[-826,826,-802]],"properties":{"市区町村名":"石狩市","大字名":"花川北五条","丁目名":"２丁目","小字名":null,"地番":"64","精度区分":null,"座標系":"任意座標系"}},{"type":"Polygon","arcs":[[827,828,829,830,831]],"properties":{"市区町村名":"石狩市","大字名":"花川北五条","丁目名":"２丁目","小字名":null,"地番":"65","精度区分":null,"座標系":"任意座標系"}},{"type":"Polygon","arcs":[[832,-828,833,834]],"properties":{"市区町村名":"石狩市","大字名":"花川北五条","丁目名":"２丁目","小字名":null,"地番":"66","精度区分":null,"座標系":"任意座標系"}},{"type":"Polygon","arcs":[[-835,835,836]],"properties":{"市区町村名":"石狩市","大字名":"花川北五条","丁目名":"２丁目","小字名":null,"地番":"67","精度区分":null,"座標系":"任意座標系"}},{"type":"Polygon","arcs":[[-837,837,838]],"properties":{"市区町村名":"石狩市","大字名":"花川北五条","丁目名":"２丁目","小字名":null,"地番":"68","精度区分":null,"座標系":"任意座標系"}},{"type":"Polygon","arcs":[[-839,839,-829,-833]],"properties":{"市区町村名":"石狩市","大字名":"花川北五条","丁目名":"２丁目","小字名":null,"地番":"69","精度区分":null,"座標系":"任意座標系"}},{"type":"Polygon","arcs":[[840,841,842]],"properties":{"市区町村名":"石狩市","大字名":"花川北五条","丁目名":"２丁目","小字名":null,"地番":"70","精度区分":null,"座標系":"任意座標系"}},{"type":"Polygon","arcs":[[-843,843,844,845]],"properties":{"市区町村名":"石狩市","大字名":"花川北五条","丁目名":"２丁目","小字名":null,"地番":"71","精度区分":null,"座標系":"任意座標系"}},{"type":"Polygon","arcs":[[-845,846,847,848]],"properties":{"市区町村名":"石狩市","大字名":"花川北五条","丁目名":"２丁目","小字名":null,"地番":"72","精度区分":null,"座標系":"任意座標系"}},{"type":"Polygon","arcs":[[-848,849,850,851]],"properties":{"市区町村名":"石狩市","大字名":"花川北五条","丁目名":"２丁目","小字名":null,"地番":"73","精度区分":null,"座標系":"任意座標系"}},{"type":"Polygon","arcs":[[-851,852,853]],"properties":{"市区町村名":"石狩市","大字名":"花川北五条","丁目名":"２丁目","小字名":null,"地番":"74","精度区分":null,"座標系":"任意座標系"}},{"type":"Polygon","arcs":[[-854,854,855]],"properties":{"市区町村名":"石狩市","大字名":"花川北五条","丁目名":"２丁目","小字名":null,"地番":"75","精度区分":null,"座標系":"任意座標系"}},{"type":"Polygon","arcs":[[-852,-856,856,857]],"properties":{"市区町村名":"石狩市","大字名":"花川北五条","丁目名":"２丁目","小字名":null,"地番":"76","精度区分":null,"座標系":"任意座標系"}},{"type":"Polygon","arcs":[[-849,-858,858,859]],"properties":{"市区町村名":"石狩市","大字名":"花川北五条","丁目名":"２丁目","小字名":null,"地番":"77","精度区分":null,"座標系":"任意座標系"}},{"type":"Polygon","arcs":[[-846,-860,860,861]],"properties":{"市区町村名":"石狩市","大字名":"花川北五条","丁目名":"２丁目","小字名":null,"地番":"78","精度区分":null,"座標系":"任意座標系"}},{"type":"Polygon","arcs":[[-862,862,-841]],"properties":{"市区町村名":"石狩市","大字名":"花川北五条","丁目名":"２丁目","小字名":null,"地番":"79","精度区分":null,"座標系":"任意座標系"}},{"type":"Polygon","arcs":[[863,864,865,866]],"properties":{"市区町村名":"石狩市","大字名":"花川北五条","丁目名":"２丁目","小字名":null,"地番":"80-1","精度区分":null,"座標系":"任意座標系"}},{"type":"Polygon","arcs":[[867,868,-864,869]],"properties":{"市区町村名":"石狩市","大字名":"花川北五条","丁目名":"２丁目","小字名":null,"地番":"80-2","精度区分":null,"座標系":"任意座標系"}},{"type":"Polygon","arcs":[[870,871,-868,872]],"properties":{"市区町村名":"石狩市","大字名":"花川北五条","丁目名":"２丁目","小字名":null,"地番":"80-3","精度区分":null,"座標系":"任意座標系"}},{"type":"Polygon","arcs":[[873,874,-871,875]],"properties":{"市区町村名":"石狩市","大字名":"花川北五条","丁目名":"２丁目","小字名":null,"地番":"80-4","精度区分":null,"座標系":"任意座標系"}},{"type":"Polygon","arcs":[[876,877,-874]],"properties":{"市区町村名":"石狩市","大字名":"花川北五条","丁目名":"２丁目","小字名":null,"地番":"80-5","精度区分":null,"座標系":"任意座標系"}},{"type":"Polygon","arcs":[[-866,878,879,880]],"properties":{"市区町村名":"石狩市","大字名":"花川北五条","丁目名":"２丁目","小字名":null,"地番":"81","精度区分":null,"座標系":"任意座標系"}},{"type":"Polygon","arcs":[[-880,881,882,883]],"properties":{"市区町村名":"石狩市","大字名":"花川北五条","丁目名":"２丁目","小字名":null,"地番":"82","精度区分":null,"座標系":"任意座標系"}},{"type":"Polygon","arcs":[[-883,884,885,886]],"properties":{"市区町村名":"石狩市","大字名":"花川北五条","丁目名":"２丁目","小字名":null,"地番":"83","精度区分":null,"座標系":"任意座標系"}},{"type":"Polygon","arcs":[[887,-886,888,889]],"properties":{"市区町村名":"石狩市","大字名":"花川北五条","丁目名":"２丁目","小字名":null,"地番":"84","精度区分":null,"座標系":"任意座標系"}},{"type":"Polygon","arcs":[[890,891,-890,892]],"properties":{"市区町村名":"石狩市","大字名":"花川北五条","丁目名":"２丁目","小字名":null,"地番":"85","精度区分":null,"座標系":"任意座標系"}},{"type":"Polygon","arcs":[[893,894,-891]],"properties":{"市区町村名":"石狩市","大字名":"花川北五条","丁目名":"２丁目","小字名":null,"地番":"86","精度区分":null,"座標系":"任意座標系"}},{"type":"Polygon","arcs":[[895,896,897]],"properties":{"市区町村名":"石狩市","大字名":"花川北五条","丁目名":"２丁目","小字名":null,"地番":"87","精度区分":null,"座標系":"任意座標系"}},{"type":"Polygon","arcs":[[898,899,-896,900]],"properties":{"市区町村名":"石狩市","大字名":"花川北五条","丁目名":"２丁目","小字名":null,"地番":"88","精度区分":null,"座標系":"任意座標系"}},{"type":"Polygon","arcs":[[901,902,-899,903]],"properties":{"市区町村名":"石狩市","大字名":"花川北五条","丁目名":"２丁目","小字名":null,"地番":"89","精度区分":null,"座標系":"任意座標系"}},{"type":"Polygon","arcs":[[904,905,-902,906]],"properties":{"市区町村名":"石狩市","大字名":"花川北五条","丁目名":"２丁目","小字名":null,"地番":"90","精度区分":null,"座標系":"任意座標系"}},{"type":"Polygon","arcs":[[907,908,-905,909]],"properties":{"市区町村名":"石狩市","大字名":"花川北五条","丁目名":"２丁目","小字名":null,"地番":"91","精度区分":null,"座標系":"任意座標系"}},{"type":"Polygon","arcs":[[910,911,-908,912]],"properties":{"市区町村名":"石狩市","大字名":"花川北五条","丁目名":"２丁目","小字名":null,"地番":"92","精度区分":null,"座標系":"任意座標系"}},{"type":"Polygon","arcs":[[913,914,-911,915]],"properties":{"市区町村名":"石狩市","大字名":"花川北五条","丁目名":"２丁目","小字名":null,"地番":"93","精度区分":null,"座標系":"任意座標系"}},{"type":"Polygon","arcs":[[916,917,-914,918]],"properties":{"市区町村名":"石狩市","大字名":"花川北五条","丁目名":"２丁目","小字名":null,"地番":"94","精度区分":null,"座標系":"任意座標系"}},{"type":"Polygon","arcs":[[-917,919,920]],"properties":{"市区町村名":"石狩市","大字名":"花川北五条","丁目名":"２丁目","小字名":null,"地番":"95","精度区分":null,"座標系":"任意座標系"}},{"type":"Polygon","arcs":[[921,-921,922]],"properties":{"市区町村名":"石狩市","大字名":"花川北五条","丁目名":"２丁目","小字名":null,"地番":"96","精度区分":null,"座標系":"任意座標系"}},{"type":"Polygon","arcs":[[923,924,-918,-922]],"properties":{"市区町村名":"石狩市","大字名":"花川北五条","丁目名":"２丁目","小字名":null,"地番":"97","精度区分":null,"座標系":"任意座標系"}},{"type":"Polygon","arcs":[[925,926,-915,-925]],"properties":{"市区町村名":"石狩市","大字名":"花川北五条","丁目名":"２丁目","小字名":null,"地番":"98","精度区分":null,"座標系":"任意座標系"}},{"type":"Polygon","arcs":[[927,928,-912,-927]],"properties":{"市区町村名":"石狩市","大字名":"花川北五条","丁目名":"２丁目","小字名":null,"地番":"99","精度区分":null,"座標系":"任意座標系"}},{"type":"Polygon","arcs":[[929,930,-909,-929]],"properties":{"市区町村名":"石狩市","大字名":"花川北五条","丁目名":"２丁目","小字名":null,"地番":"100","精度区分":null,"座標系":"任意座標系"}},{"type":"Polygon","arcs":[[931,932,-906,-931]],"properties":{"市区町村名":"石狩市","大字名":"花川北五条","丁目名":"２丁目","小字名":null,"地番":"101","精度区分":null,"座標系":"任意座標系"}},{"type":"Polygon","arcs":[[933,934,-903,-933]],"properties":{"市区町村名":"石狩市","大字名":"花川北五条","丁目名":"２丁目","小字名":null,"地番":"102","精度区分":null,"座標系":"任意座標系"}},{"type":"Polygon","arcs":[[935,936,-900,-935]],"properties":{"市区町村名":"石狩市","大字名":"花川北五条","丁目名":"２丁目","小字名":null,"地番":"103","精度区分":null,"座標系":"任意座標系"}},{"type":"Polygon","arcs":[[-897,-937,937]],"properties":{"市区町村名":"石狩市","大字名":"花川北五条","丁目名":"２丁目","小字名":null,"地番":"104","精度区分":null,"座標系":"任意座標系"}},{"type":"Polygon","arcs":[[938,939,940]],"properties":{"市区町村名":"石狩市","大字名":"花川北五条","丁目名":"２丁目","小字名":null,"地番":"105","精度区分":null,"座標系":"任意座標系"}},{"type":"Polygon","arcs":[[-941,941,942,943]],"properties":{"市区町村名":"石狩市","大字名":"花川北五条","丁目名":"２丁目","小字名":null,"地番":"106","精度区分":null,"座標系":"任意座標系"}},{"type":"Polygon","arcs":[[-943,944,945,946]],"properties":{"市区町村名":"石狩市","大字名":"花川北五条","丁目名":"２丁目","小字名":null,"地番":"107","精度区分":null,"座標系":"任意座標系"}},{"type":"Polygon","arcs":[[-946,947,948,949]],"properties":{"市区町村名":"石狩市","大字名":"花川北五条","丁目名":"２丁目","小字名":null,"地番":"108","精度区分":null,"座標系":"任意座標系"}},{"type":"Polygon","arcs":[[-949,950,951,952]],"properties":{"市区町村名":"石狩市","大字名":"花川北五条","丁目名":"２丁目","小字名":null,"地番":"109","精度区分":null,"座標系":"任意座標系"}},{"type":"Polygon","arcs":[[-952,953,954,955]],"properties":{"市区町村名":"石狩市","大字名":"花川北五条","丁目名":"２丁目","小字名":null,"地番":"110","精度区分":null,"座標系":"任意座標系"}},{"type":"Polygon","arcs":[[-955,956,957,958]],"properties":{"市区町村名":"石狩市","大字名":"花川北五条","丁目名":"２丁目","小字名":null,"地番":"111","精度区分":null,"座標系":"任意座標系"}},{"type":"Polygon","arcs":[[-958,959,960,961]],"properties":{"市区町村名":"石狩市","大字名":"花川北五条","丁目名":"２丁目","小字名":null,"地番":"112","精度区分":null,"座標系":"任意座標系"}},{"type":"Polygon","arcs":[[-961,962,963]],"properties":{"市区町村名":"石狩市","大字名":"花川北五条","丁目名":"２丁目","小字名":null,"地番":"113","精度区分":null,"座標系":"任意座標系"}},{"type":"Polygon","arcs":[[-964,964,965]],"properties":{"市区町村名":"石狩市","大字名":"花川北五条","丁目名":"２丁目","小字名":null,"地番":"114","精度区分":null,"座標系":"任意座標系"}},{"type":"Polygon","arcs":[[-962,-966,966,967]],"properties":{"市区町村名":"石狩市","大字名":"花川北五条","丁目名":"２丁目","小字名":null,"地番":"115","精度区分":null,"座標系":"任意座標系"}},{"type":"Polygon","arcs":[[-959,-968,968,969]],"properties":{"市区町村名":"石狩市","大字名":"花川北五条","丁目名":"２丁目","小字名":null,"地番":"116","精度区分":null,"座標系":"任意座標系"}},{"type":"Polygon","arcs":[[-956,-970,970,971]],"properties":{"市区町村名":"石狩市","大字名":"花川北五条","丁目名":"２丁目","小字名":null,"地番":"117","精度区分":null,"座標系":"任意座標系"}},{"type":"Polygon","arcs":[[-953,-972,972,973]],"properties":{"市区町村名":"石狩市","大字名":"花川北五条","丁目名":"２丁目","小字名":null,"地番":"118","精度区分":null,"座標系":"任意座標系"}},{"type":"Polygon","arcs":[[-950,-974,974,975]],"properties":{"市区町村名":"石狩市","大字名":"花川北五条","丁目名":"２丁目","小字名":null,"地番":"119","精度区分":null,"座標系":"任意座標系"}},{"type":"Polygon","arcs":[[-947,-976,976,977]],"properties":{"市区町村名":"石狩市","大字名":"花川北五条","丁目名":"２丁目","小字名":null,"地番":"120","精度区分":null,"座標系":"任意座標系"}},{"type":"Polygon","arcs":[[-944,-978,978,979]],"properties":{"市区町村名":"石狩市","大字名":"花川北五条","丁目名":"２丁目","小字名":null,"地番":"121","精度区分":null,"座標系":"任意座標系"}},{"type":"Polygon","arcs":[[-980,980,-939]],"properties":{"市区町村名":"石狩市","大字名":"花川北五条","丁目名":"２丁目","小字名":null,"地番":"122","精度区分":null,"座標系":"任意座標系"}},{"type":"Polygon","arcs":[[981,982,983]],"properties":{"市区町村名":"石狩市","大字名":"花川北五条","丁目名":"２丁目","小字名":null,"地番":"123","精度区分":null,"座標系":"任意座標系"}},{"type":"Polygon","arcs":[[-984,984,985,986]],"properties":{"市区町村名":"石狩市","大字名":"花川北五条","丁目名":"２丁目","小字名":null,"地番":"124","精度区分":null,"座標系":"任意座標系"}},{"type":"Polygon","arcs":[[-986,987,988,989]],"properties":{"市区町村名":"石狩市","大字名":"花川北五条","丁目名":"２丁目","小字名":null,"地番":"125","精度区分":null,"座標系":"任意座標系"}},{"type":"Polygon","arcs":[[-989,990,991,992]],"properties":{"市区町村名":"石狩市","大字名":"花川北五条","丁目名":"２丁目","小字名":null,"地番":"126","精度区分":null,"座標系":"任意座標系"}},{"type":"Polygon","arcs":[[-992,993,994,995]],"properties":{"市区町村名":"石狩市","大字名":"花川北五条","丁目名":"２丁目","小字名":null,"地番":"127","精度区分":null,"座標系":"任意座標系"}},{"type":"Polygon","arcs":[[-996,996,997,998]],"properties":{"市区町村名":"石狩市","大字名":"花川北五条","丁目名":"２丁目","小字名":null,"地番":"130","精度区分":null,"座標系":"任意座標系"}},{"type":"Polygon","arcs":[[-993,-999,999,1000]],"properties":{"市区町村名":"石狩市","大字名":"花川北五条","丁目名":"２丁目","小字名":null,"地番":"131","精度区分":null,"座標系":"任意座標系"}},{"type":"Polygon","arcs":[[-990,-1001,1001,1002]],"properties":{"市区町村名":"石狩市","大字名":"花川北五条","丁目名":"２丁目","小字名":null,"地番":"132","精度区分":null,"座標系":"任意座標系"}},{"type":"Polygon","arcs":[[-987,-1003,1003,1004]],"properties":{"市区町村名":"石狩市","大字名":"花川北五条","丁目名":"２丁目","小字名":null,"地番":"133","精度区分":null,"座標系":"任意座標系"}},{"type":"Polygon","arcs":[[-1005,1005,-982]],"properties":{"市区町村名":"石狩市","大字名":"花川北五条","丁目名":"２丁目","小字名":null,"地番":"134","精度区分":null,"座標系":"任意座標系"}},{"type":"Polygon","arcs":[[1006,1007,1008]],"properties":{"市区町村名":"石狩市","大字名":"花川北五条","丁目名":"２丁目","小字名":null,"地番":"135","精度区分":null,"座標系":"任意座標系"}},{"type":"Polygon","arcs":[[1009,1010,-1007,1011]],"properties":{"市区町村名":"石狩市","大字名":"花川北五条","丁目名":"２丁目","小字名":null,"地番":"136","精度区分":null,"座標系":"任意座標系"}},{"type":"Polygon","arcs":[[1012,1013,-1010,1014]],"properties":{"市区町村名":"石狩市","大字名":"花川北五条","丁目名":"２丁目","小字名":null,"地番":"137","精度区分":null,"座標系":"任意座標系"}},{"type":"Polygon","arcs":[[1015,1016,-1013,1017]],"properties":{"市区町村名":"石狩市","大字名":"花川北五条","丁目名":"２丁目","小字名":null,"地番":"138","精度区分":null,"座標系":"任意座標系"}},{"type":"Polygon","arcs":[[1018,1019,-1016,1020]],"properties":{"市区町村名":"石狩市","大字名":"花川北五条","丁目名":"２丁目","小字名":null,"地番":"139","精度区分":null,"座標系":"任意座標系"}},{"type":"Polygon","arcs":[[1021,1022,-1019,1023]],"properties":{"市区町村名":"石狩市","大字名":"花川北五条","丁目名":"２丁目","小字名":null,"地番":"140","精度区分":null,"座標系":"任意座標系"}},{"type":"Polygon","arcs":[[1024,1025,-1022]],"properties":{"市区町村名":"石狩市","大字名":"花川北五条","丁目名":"２丁目","小字名":null,"地番":"141","精度区分":null,"座標系":"任意座標系"}},{"type":"Polygon","arcs":[[1026,1027,-1025]],"properties":{"市区町村名":"石狩市","大字名":"花川北五条","丁目名":"２丁目","小字名":null,"地番":"142","精度区分":null,"座標系":"任意座標系"}},{"type":"Polygon","arcs":[[-1024,1028,1029,-1027]],"properties":{"市区町村名":"石狩市","大字名":"花川北五条","丁目名":"２丁目","小字名":null,"地番":"143","精度区分":null,"座標系":"任意座標系"}},{"type":"Polygon","arcs":[[-1021,1030,1031,-1029]],"properties":{"市区町村名":"石狩市","大字名":"花川北五条","丁目名":"２丁目","小字名":null,"地番":"144","精度区分":null,"座標系":"任意座標系"}},{"type":"Polygon","arcs":[[-1018,1032,1033,-1031]],"properties":{"市区町村名":"石狩市","大字名":"花川北五条","丁目名":"２丁目","小字名":null,"地番":"145","精度区分":null,"座標系":"任意座標系"}},{"type":"Polygon","arcs":[[-1015,1034,1035,-1033]],"properties":{"市区町村名":"石狩市","大字名":"花川北五条","丁目名":"２丁目","小字名":null,"地番":"146","精度区分":null,"座標系":"任意座標系"}},{"type":"Polygon","arcs":[[-1012,1036,1037,-1035]],"properties":{"市区町村名":"石狩市","大字名":"花川北五条","丁目名":"２丁目","小字名":null,"地番":"147","精度区分":null,"座標系":"任意座標系"}},{"type":"Polygon","arcs":[[-1009,1038,-1037]],"properties":{"市区町村名":"石狩市","大字名":"花川北五条","丁目名":"２丁目","小字名":null,"地番":"148","精度区分":null,"座標系":"任意座標系"}},{"type":"Polygon","arcs":[[-515,-522,-525,-529,1039,-548,-552,-555,-558,-561,-564,-568,-659,-498,-501,-503,-506,-510,-512],[-531,-535,-539,-542,-543,-540,-537,-545,-546]],"properties":{"市区町村名":"石狩市","大字名":"花川北六条","丁目名":"４丁目","小字名":null,"地番":"503","精度区分":null,"座標系":"任意座標系"}},{"type":"Polygon","arcs":[[-454,-662,-394,-397,-399,-401,-403,-405,-407,1040,-430,-435,-438,-444,-652,-448,-451],[-425,-428,-429,-409,-413,-417,-419,-422,-424]],"properties":{"市区町村名":"石狩市","大字名":"花川北六条","丁目名":"４丁目","小字名":null,"地番":"500-1","精度区分":null,"座標系":"任意座標系"}},{"type":"Polygon","arcs":[[1041,1042,1043]],"properties":{"市区町村名":"石狩市","大字名":"花川北五条","丁目名":"１丁目","小字名":null,"地番":"116-3","精度区分":null,"座標系":"任意座標系"}},{"type":"Polygon","arcs":[[-296,-297,1044,1045]],"properties":{"市区町村名":"石狩市","大字名":"花川北五条","丁目名":"１丁目","小字名":null,"地番":"115-3","精度区分":null,"座標系":"任意座標系"}},{"type":"Polygon","arcs":[[-292,1046,-1042,1047]],"properties":{"市区町村名":"石狩市","大字名":"花川北五条","丁目名":"１丁目","小字名":null,"地番":"116-1","精度区分":null,"座標系":"任意座標系"}},{"type":"Polygon","arcs":[[-1046,1048,-1043,-1047]],"properties":{"市区町村名":"石狩市","大字名":"花川北五条","丁目名":"１丁目","小字名":null,"地番":"116-2","精度区分":null,"座標系":"任意座標系"}},{"type":"Polygon","arcs":[[1049,1050,1051,1052]],"properties":{"市区町村名":"石狩市","大字名":"花川北五条","丁目名":"２丁目","小字名":null,"地番":"40","精度区分":null,"座標系":"任意座標系"}},{"type":"Polygon","arcs":[[1053,-1053,1054,1055]],"properties":{"市区町村名":"石狩市","大字名":"花川北五条","丁目名":"２丁目","小字名":null,"地番":"41","精度区分":null,"座標系":"任意座標系"}},{"type":"Polygon","arcs":[[1056,1057,-1054,1058]],"properties":{"市区町村名":"石狩市","大字名":"花川北五条","丁目名":"２丁目","小字名":null,"地番":"46","精度区分":null,"座標系":"任意座標系"}},{"type":"Polygon","arcs":[[1059,1060,-1050,-1058]],"properties":{"市区町村名":"石狩市","大字名":"花川北五条","丁目名":"２丁目","小字名":null,"地番":"47","精度区分":null,"座標系":"任意座標系"}},{"type":"Polygon","arcs":[[1061,1062,-1051]],"properties":{"市区町村名":"石狩市","大字名":"花川北五条","丁目名":"２丁目","小字名":null,"地番":"39","精度区分":null,"座標系":"任意座標系"}},{"type":"Polygon","arcs":[[1063,-1062,-1061]],"properties":{"市区町村名":"石狩市","大字名":"花川北五条","丁目名":"２丁目","小字名":null,"地番":"48","精度区分":null,"座標系":"任意座標系"}},{"type":"Polygon","arcs":[[1064,-762,-767,1065,-1059,-1056]],"properties":{"市区町村名":"石狩市","大字名":"花川北五条","丁目名":"２丁目","小字名":null,"地番":"42-1","精度区分":null,"座標系":"任意座標系"}},{"type":"Polygon","arcs":[[1066,1067,-182,1068]],"properties":{"市区町村名":"石狩市","大字名":"花川北五条","丁目名":"１丁目","小字名":null,"地番":"72-4","精度区分":null,"座標系":"任意座標系"}},{"type":"Polygon","arcs":[[-184,-1068,1069,1070,1071]],"properties":{"市区町村名":"石狩市","大字名":"花川北五条","丁目名":"１丁目","小字名":null,"地番":"72-1","精度区分":null,"座標系":"任意座標系"}},{"type":"Polygon","arcs":[[-1071,1072,1073]],"properties":{"市区町村名":"石狩市","大字名":"花川北五条","丁目名":"１丁目","小字名":null,"地番":"72-2","精度区分":null,"座標系":"任意座標系"}},{"type":"Polygon","arcs":[[-1073,-1070,-1067,1074]],"properties":{"市区町村名":"石狩市","大字名":"花川北五条","丁目名":"１丁目","小字名":null,"地番":"72-3","精度区分":null,"座標系":"任意座標系"}},{"type":"Polygon","arcs":[[-178,1075,1076]],"properties":{"市区町村名":"石狩市","大字名":"花川北五条","丁目名":"１丁目","小字名":null,"地番":"69-1","精度区分":null,"座標系":"任意座標系"}},{"type":"Polygon","arcs":[[-188,1077,-1076]],"properties":{"市区町村名":"石狩市","大字名":"花川北五条","丁目名":"１丁目","小字名":null,"地番":"69-2","精度区分":null,"座標系":"任意座標系"}},{"type":"Polygon","arcs":[[1078,1079,1080,1081]],"properties":{"市区町村名":"石狩市","大字名":"花川北五条","丁目名":"２丁目","小字名":null,"地番":"129-1","精度区分":null,"座標系":"任意座標系"}},{"type":"Polygon","arcs":[[-1081,1082,1083]],"properties":{"市区町村名":"石狩市","大字名":"花川北五条","丁目名":"２丁目","小字名":null,"地番":"129-3","精度区分":null,"座標系":"任意座標系"}},{"type":"Polygon","arcs":[[-1080,1084,1085,-1083]],"properties":{"市区町村名":"石狩市","大字名":"花川北五条","丁目名":"２丁目","小字名":null,"地番":"129-2","精度区分":null,"座標系":"任意座標系"}},{"type":"Polygon","arcs":[[-995,1086,-1085,-1079,1087,-997]],"properties":{"市区町村名":"石狩市","大字名":"花川北五条","丁目名":"２丁目","小字名":null,"地番":"128","精度区分":null,"座標系":"任意座標系"}},{"type":"Polygon","arcs":[[1088,1089,1090,1091]],"properties":{"市区町村名":"石狩市","大字名":"花川北五条","丁目名":"２丁目","小字名":null,"地番":"45-4","精度区分":null,"座標系":"任意座標系"}},{"type":"Polygon","arcs":[[-1090,1092,1093,1094]],"properties":{"市区町村名":"石狩市","大字名":"花川北五条","丁目名":"２丁目","小字名":null,"地番":"45-1","精度区分":null,"座標系":"任意座標系"}},{"type":"Polygon","arcs":[[1095,-780,1096,-1093]],"properties":{"市区町村名":"石狩市","大字名":"花川北五条","丁目名":"２丁目","小字名":null,"地番":"45-3","精度区分":null,"座標系":"任意座標系"}},{"type":"Polygon","arcs":[[1097,-769,-1096,-1089]],"properties":{"市区町村名":"石狩市","大字名":"花川北五条","丁目名":"２丁目","小字名":null,"地番":"45-5","精度区分":null,"座標系":"任意座標系"}},{"type":"Polygon","arcs":[[1098,-894,-893,-889,-885,-882,-879,-865,-869,-872,-875,-878,1099,-830,-840,-838,-836,-834,-832,1100,-799,-801,-796,-794,-792,-789,-782,-788,1101,-713,-712,-709,-706,-703,-700,1102,-696,-694,-692,-690,-688,-686,-684,1103,-1094,-1097,-779,-776,-763,-1065,-1055,-1052,-1063,-1064,-1060,-1057,-1066,-766,-778,-773,-770,-1098,-1092,1104,1105],[-760,-758,-756,-754,-752,-750,-747,-744,-741,-739],[-737,-735,-733,-731,-729,-727,-724,-721,-718,-716],[-819,-814,-811,-808,-805,-803,-827,-825,-823,-821,-817],[-938,-936,-934,-932,-930,-928,-926,-924,-923,-920,-919,-916,-913,-910,-907,-904,-901,-898],[-981,-979,-977,-975,-973,-971,-969,-967,-965,-963,-960,-957,-954,-951,-948,-945,-942,-940],[-1039,-1008,-1011,-1014,-1017,-1020,-1023,-1026,-1028,-1030,-1032,-1034,-1036,-1038],[-1006,-1004,-1002,-1000,-998,-1088,-1082,-1084,-1086,-1087,-994,-991,-988,-985,-983],[-855,-853,-850,-847,-844,-842,-863,-861,-859,-857]],"properties":{"市区町村名":"石狩市","大字名":"花川北五条","丁目名":"２丁目","小字名":null,"地番":"500","精度区分":null,"座標系":"任意座標系"}},{"type":"Polygon","arcs":[[-284,-301,1106,-300]],"properties":{"市区町村名":"石狩市","大字名":"花川北五条","丁目名":"１丁目","小字名":null,"地番":"113-3","精度区分":null,"座標系":"任意座標系"}},{"type":"Polygon","arcs":[[-1107,-283,1107,-288]],"properties":{"市区町村名":"石狩市","大字名":"花川北五条","丁目名":"１丁目","小字名":null,"地番":"113-1","精度区分":null,"座標系":"任意座標系"}},{"type":"Polygon","arcs":[[1108,1109,1110,-71]],"properties":{"市区町村名":"石狩市","大字名":"花川北五条","丁目名":"１丁目","小字名":null,"地番":"29-2","精度区分":null,"座標系":"任意座標系"}},{"type":"Polygon","arcs":[[1111,1112,-1110]],"properties":{"市区町村名":"石狩市","大字名":"花川北五条","丁目名":"１丁目","小字名":null,"地番":"29-1","精度区分":null,"座標系":"任意座標系"}},{"type":"Polygon","arcs":[[-115,1113,-1112,-1109]],"properties":{"市区町村名":"石狩市","大字名":"花川北五条","丁目名":"１丁目","小字名":null,"地番":"48","精度区分":null,"座標系":"任意座標系"}},{"type":"Polygon","arcs":[[-238,1114,1115,1116,-233]],"properties":{"市区町村名":"石狩市","大字名":"花川北五条","丁目名":"１丁目","小字名":null,"地番":"93-1","精度区分":null,"座標系":"任意座標系"}},{"type":"Polygon","arcs":[[-1116,1117,1118,1119]],"properties":{"市区町村名":"石狩市","大字名":"花川北五条","丁目名":"１丁目","小字名":null,"地番":"93-3","精度区分":null,"座標系":"任意座標系"}},{"type":"Polygon","arcs":[[-1105,-1091,-1095,-1104,-683,-680,-677,-674,-671,-669,1120,-1118,-1115,-237,-239,-230,-235,1121,1122,-204,-201,-198,-195,-192,-190,1123,-175,-173,-171,-169,-166,-165,1124,-66,-69,-70,-57,-60,-64,1125,-21,-20,-17,-14,-11,-8,-5,1126,-2,1127],[-123,-126,-133,-161,-159,-157,-155,-153,-151,-149,-147,-144,-141,-138,-134,-128,-118,-124,-116],[-226,-224,-222,-220,-218,-216,-213,-210,-207,-228],[-280,-278,-276,-274,-272,-270,-268,-266,-264,-262,-258,-255,-252,-249,-246,-241,-245],[-302,-286,-299,-293,-1048,-1044,-1049,-1045,-298,-289,-1108,-282],[-53,-51,-49,-47,-45,-43,-41,-38,-35,-32,-29,-26,-24,-55],[-1114,-114,-112,-110,-108,-106,-104,-102,-100,-98,-96,-93,-90,-87,-84,-81,-78,-75,-72,-1111,-1113],[-1072,-1074,-1075,-1069,-181,-179,-1077,-1078,-187,-185]],"properties":{"市区町村名":"石狩市","大字名":"花川北五条","丁目名":"１丁目","小字名":null,"地番":"500","精度区分":null,"座標系":"任意座標系"}},{"type":"Polygon","arcs":[[1128,-1122,-234,-1117,-1120]],"properties":{"市区町村名":"石狩市","大字名":"花川北五条","丁目名":"１丁目","小字名":null,"地番":"93-2","精度区分":null,"座標系":"任意座標系"}}]}},"arcs":[[[7423,806463],[-7423,11012],[100236,150727],[-8650,12830],[5750,8655]],[[97336,989687],[17322,-25742],[-107235,-157482]],[[34317,804180],[-12643,-18855]],[[21674,785325],[-12007,17810]],[[9667,803135],[12760,18743],[11890,-17698]],[[46193,786502],[-12596,-18863]],[[33597,767639],[-11923,17686]],[[34317,804180],[11876,-17678]],[[58117,768754],[-12571,-18841]],[[45546,749913],[-11949,17726]],[[46193,786502],[11924,-17748]],[[69883,751241],[-12598,-18742]],[[57285,732499],[-11739,17414]],[[58117,768754],[11766,-17513]],[[81718,733623],[-12523,-18790]],[[69195,714833],[-11910,17666]],[[69883,751241],[11835,-17618]],[[93593,715948],[-12559,-18677]],[[81034,697271],[-11839,17562]],[[81718,733623],[11875,-17675]],[[93593,715948],[12074,-17972],[-12514,-18682]],[[93153,679294],[-12119,17977]],[[109672,746717],[11079,-16465]],[[120751,730252],[-11099,-16584],[-3379,68],[-9394,14004]],[[96879,727740],[12793,18977]],[[96879,727740],[-10756,16033]],[[86123,743773],[12738,19008]],[[98861,762781],[10811,-16064]],[[86123,743773],[-10909,16261]],[[75214,760034],[12762,18922]],[[87976,778956],[10885,-16175]],[[75214,760034],[-10836,16152]],[[64378,776186],[12735,18910]],[[77113,795096],[10863,-16140]],[[64378,776186],[-10820,16130]],[[53558,792316],[12721,18879]],[[66279,811195],[10834,-16099]],[[53558,792316],[-11025,16433]],[[42533,808749],[12716,18836]],[[55249,827585],[11030,-16390]],[[42533,808749],[-9484,14139],[-19,3987],[11395,16793]],[[44425,843668],[10824,-16083]],[[44425,843668],[11374,16762],[2864,-46],[9361,-13875]],[[68024,846509],[-12775,-18924]],[[68024,846509],[11032,-16350]],[[79056,830159],[-12777,-18964]],[[79056,830159],[10844,-16076]],[[89900,814083],[-12787,-18987]],[[89900,814083],[10886,-16134]],[[100786,797949],[-12810,-18993]],[[100786,797949],[10857,-16094]],[[111643,781855],[-12782,-19074]],[[111643,781855],[10862,-16101]],[[122505,765754],[-12833,-19037]],[[122505,765754],[9601,-14230],[-47,-4375],[-11308,-16897]],[[137745,701232],[-12760,19108]],[[124985,720340],[12404,18409],[3311,78],[11192,-16617]],[[151892,722210],[-14147,-20978]],[[123617,680281],[-12798,19036]],[[110819,699317],[14166,21023]],[[137745,701232],[-14128,-20951]],[[123617,680281],[-15567,-23087]],[[108050,657194],[-12809,19001]],[[95241,676195],[15578,23122]],[[123617,680281],[12698,-18888]],[[136315,661393],[-13994,-20719],[-3253,179]],[[119068,640853],[-11018,16341]],[[137745,701232],[12665,-18970]],[[150410,682262],[-14095,-20869]],[[151892,722210],[11212,-16647],[52,-4429],[-12746,-18872]],[[164531,756959],[-12499,-18324]],[[152032,738635],[-9864,14683]],[[142168,753318],[12491,18339]],[[154659,771657],[9872,-14698]],[[142168,753318],[-9921,14767]],[[132247,768085],[12510,18316]],[[144757,786401],[9902,-14744]],[[132247,768085],[-9806,14596]],[[122441,782681],[12460,18393]],[[134901,801074],[9856,-14673]],[[122441,782681],[-9843,14652]],[[112598,797333],[12488,18355]],[[125086,815688],[9815,-14614]],[[112598,797333],[-9926,14774]],[[102672,812107],[12480,18371]],[[115152,830478],[9934,-14790]],[[102672,812107],[-9841,14649]],[[92831,826756],[12500,18345]],[[105331,845101],[9821,-14623]],[[92831,826756],[-9884,14712]],[[82947,841468],[12493,18360]],[[95440,859828],[9891,-14727]],[[82947,841468],[-9895,14728]],[[73052,856196],[12492,18367]],[[85544,874563],[9896,-14735]],[[73052,856196],[-8301,12358],[-287,4614],[11014,16380]],[[75478,889548],[10066,-14985]],[[75478,889548],[10480,15587],[3121,221],[8671,-12847]],[[97750,892509],[-12206,-17946]],[[97750,892509],[9924,-14701]],[[107674,877808],[-12234,-17980]],[[107674,877808],[9926,-14703]],[[117600,863105],[-12269,-18004]],[[117600,863105],[9826,-14556]],[[127426,848549],[-12274,-18071]],[[127426,848549],[9969,-14768]],[[137395,833781],[-12309,-18093]],[[137395,833781],[9813,-14537]],[[147208,819244],[-12307,-18170]],[[147208,819244],[9932,-14713]],[[157140,804531],[-12383,-18130]],[[157140,804531],[9912,-14682]],[[167052,789849],[-12393,-18192]],[[167052,789849],[9905,-14673]],[[176957,775176],[-12426,-18217]],[[218592,810070],[7739,-11468],[-101,-4690],[-11481,-16933]],[[214749,776979],[-13146,19567],[-13953,-20559]],[[187650,775987],[-5485,8161]],[[182165,784148],[16411,24123]],[[198576,808271],[9264,-13921],[10752,15720]],[[198576,808271],[2407,3538]],[[200983,811809],[8250,12129]],[[209233,823938],[9359,-13868]],[[214749,776979],[-12342,-18202],[-3132,-82],[-11625,17292]],[[190331,819672],[10873,16163]],[[201204,835835],[8029,-11897]],[[200983,811809],[-5350,7878],[-2703,-3852],[-2599,3837]],[[182165,784148],[-18450,27444]],[[163715,811592],[13591,20022]],[[177306,831614],[2474,3645]],[[179780,835259],[10551,-15587]],[[179780,835259],[10938,16114]],[[190718,851373],[10486,-15538]],[[163715,811592],[-11187,16640]],[[152528,828232],[13596,19981]],[[166124,848213],[11182,-16599]],[[154923,864841],[11201,-16628]],[[152528,828232],[-11189,16646]],[[141339,844878],[13584,19963]],[[143766,881404],[11157,-16563]],[[141339,844878],[-11116,16534]],[[130223,861412],[13543,19992]],[[132634,897928],[11132,-16524]],[[130223,861412],[-11141,16575]],[[119082,877987],[13552,19941]],[[121408,914594],[11226,-16666]],[[119082,877987],[-11199,16659]],[[107883,894646],[13525,19948]],[[107883,894646],[-17820,26508],[13472,19973]],[[103535,941127],[17873,-26533]],[[103535,941127],[13302,19722],[17924,-26562]],[[134761,934287],[-13353,-19693]],[[134761,934287],[11253,-16673]],[[146014,917614],[-13380,-19686]],[[146014,917614],[11120,-16478]],[[157134,901136],[-13368,-19732]],[[157134,901136],[11196,-16590]],[[168330,884546],[-13407,-19705]],[[168330,884546],[11212,-16613]],[[179542,867933],[-13418,-19720]],[[179542,867933],[11176,-16560]],[[142054,653200],[12548,-18924]],[[154602,634276],[-15659,-22898]],[[138943,611378],[-11150,16531]],[[127793,627909],[-11,4398],[14272,20893]],[[142054,653200],[14129,20682]],[[156183,673882],[12607,-18858]],[[168790,655024],[-14188,-20748]],[[156183,673882],[12772,18696],[2916,61],[11197,-16739]],[[183068,675900],[-14278,-20876]],[[183068,675900],[11175,-16706],[0,-4620],[-12723,-18592]],[[181520,635982],[-12730,19042]],[[181520,635982],[-14246,-20817]],[[167274,615165],[-12672,19111]],[[167274,615165],[-15555,-22729]],[[151719,592436],[-12776,18942]],[[213664,720630],[-11669,-17033]],[[201995,703597],[-12587,18723]],[[189408,722320],[11663,17099]],[[201071,739419],[12593,-18789]],[[201071,739419],[13172,19309]],[[214243,758728],[12596,-18863]],[[226839,739865],[-13175,-19235]],[[226839,739865],[12671,-18974]],[[239510,720891],[-13137,-19223]],[[226373,701668],[-12709,18962]],[[226373,701668],[-11635,-17027]],[[214738,684641],[-12743,18956]],[[164372,573582],[-10497,15641]],[[153875,589223],[12732,18530],[10532,-15687]],[[177139,592066],[-12767,-18484]],[[177139,592066],[10485,-15618]],[[187624,576448],[-12719,-18559]],[[174905,557889],[-10533,15693]],[[187624,576448],[10611,-15804]],[[198235,560644],[-12757,-18509]],[[185478,542135],[-10573,15754]],[[198235,560644],[10691,-15924]],[[208926,544720],[-12689,-18616]],[[196237,526104],[-10759,16031]],[[208926,544720],[10427,-15530]],[[219353,529190],[-12778,-18489]],[[206575,510701],[-10338,15403]],[[219353,529190],[10609,-15802],[-12727,-18571]],[[217235,494817],[-10660,15884]],[[233513,562348],[11174,-16832]],[[244687,545516],[-11189,-16371],[-3195,-75],[-9623,14461]],[[220680,543531],[12833,18817]],[[222183,579417],[11330,-17069]],[[220680,543531],[-11376,17097]],[[209304,560628],[12879,18789]],[[211013,596243],[11170,-16826]],[[209304,560628],[-11182,16803]],[[198122,577431],[12891,18812]],[[199789,613153],[11224,-16910]],[[198122,577431],[-11212,16851]],[[186910,594282],[12879,18871]],[[186910,594282],[-9527,14318],[-25,4892],[11282,16455]],[[188640,629947],[11149,-16794]],[[188640,629947],[11204,16342],[2939,-95],[9696,-14448]],[[212479,631746],[-12690,-18593]],[[212479,631746],[11311,-16857]],[[223790,614889],[-12777,-18646]],[[223790,614889],[11233,-16738]],[[235023,598151],[-12840,-18734]],[[235023,598151],[11360,-16931]],[[246383,581220],[-12870,-18872]],[[246383,581220],[9821,-14636],[-154,-4442],[-11363,-16626]],[[263892,519432],[-12630,18886]],[[251262,538318],[10654,15568],[2905,49],[11157,-16693]],[[275978,537242],[-12086,-17810]],[[263892,519432],[-12127,-17894]],[[251765,501538],[-103,171]],[[251662,501709],[-12586,18802]],[[239076,520511],[12186,17807]],[[263892,519432],[12714,-19014]],[[276606,500418],[-12219,-17854]],[[264387,482564],[-12622,18974]],[[275978,537242],[11244,-16824],[25,-4454],[-10641,-15546]],[[296918,560401],[-12751,-18701]],[[284167,541700],[-726,1085]],[[283441,542785],[12724,18743]],[[296165,561528],[753,-1127]],[[296918,560401],[10162,-15222]],[[307080,545179],[-11385,-16607],[-2803,96],[-8725,13032]],[[283441,542785],[-10868,16232]],[[272573,559017],[12752,18749]],[[285325,577766],[10840,-16238]],[[272573,559017],[-10991,16416]],[[261582,575433],[12788,18743]],[[274370,594176],[10955,-16410]],[[261582,575433],[-10797,16127]],[[250785,591560],[12747,18852]],[[263532,610412],[10838,-16236]],[[250785,591560],[-10940,16338]],[[239845,607898],[12792,18834]],[[252637,626732],[10895,-16320]],[[239845,607898],[-10938,16338]],[[228907,624236],[12802,18864]],[[241709,643100],[10928,-16368]],[[230763,659496],[10946,-16396]],[[228907,624236],[-10958,16366]],[[217949,640602],[12814,18894]],[[217949,640602],[-9300,13890],[80,4664],[11281,16447]],[[220010,675603],[10753,-16107]],[[220010,675603],[11134,16232],[3195,25],[9123,-13640]],[[243462,678220],[-12699,-18724]],[[243462,678220],[10959,-16384]],[[254421,661836],[-12712,-18736]],[[254421,661836],[10944,-16363]],[[265365,645473],[-12728,-18741]],[[265365,645473],[10877,-16261]],[[276242,629212],[-12710,-18800]],[[276242,629212],[10907,-16307]],[[287149,612905],[-12779,-18729]],[[287149,612905],[10947,-16365]],[[298096,596540],[-12771,-18774]],[[298096,596540],[10838,-16204]],[[308934,580336],[-12769,-18808]],[[308934,580336],[9357,-13989],[147,-4603],[-11358,-16565]],[[322149,616137],[16545,-24737]],[[338694,591400],[-11559,-16933],[-3142,172],[-14914,22292]],[[309079,596931],[13070,19206]],[[325076,620437],[-18444,27515]],[[306632,647952],[10393,15286]],[[317025,663238],[18408,-27582]],[[335433,635656],[-10357,-15219]],[[303780,643756],[-13119,-19298]],[[290661,624458],[-15412,23033]],[[275249,647491],[13150,19489]],[[288399,666980],[15381,-23224]],[[269937,694349],[13268,19560]],[[283205,713909],[18330,-27462]],[[301535,686447],[-13136,-19467]],[[288399,666980],[-9235,13690]],[[279164,680670],[-9227,13679]],[[266052,661238],[13112,19432]],[[275249,647491],[-9197,13747]],[[301535,686447],[15490,-23209]],[[306632,647952],[-2852,-4196]],[[322149,616137],[2927,4300]],[[335433,635656],[14905,-22330],[17,-4844],[-11661,-17082]],[[663986,206962],[-14081,-20724]],[[649905,186238],[-8698,12999]],[[641207,199237],[-77,7249]],[[641130,206486],[11679,17166]],[[652809,223652],[11177,-16690]],[[663986,206962],[10601,-15828]],[[674587,191134],[-14065,-20762]],[[660522,170372],[-10617,15866]],[[674587,191134],[10467,-15626]],[[685054,175508],[-14051,-20800]],[[671003,154708],[-10481,15664]],[[685054,175508],[10636,-15880]],[[695690,159628],[-14104,-20736]],[[681586,138892],[-10583,15816]],[[695690,159628],[10499,-15675]],[[706189,143953],[-14045,-20840]],[[692144,123113],[-10558,15779]],[[706189,143953],[10538,-15735]],[[716727,128218],[-14089,-20788]],[[702638,107430],[-10494,15683]],[[716727,128218],[10556,-15761]],[[727283,112457],[-14123,-20749]],[[713160,91708],[-10522,15722]],[[716727,128218],[14238,21005]],[[730965,149223],[10597,-15789]],[[741562,133434],[-14279,-20977]],[[706189,143953],[14186,21052]],[[720375,165005],[10590,-15782]],[[695690,159628],[14241,20940]],[[709931,180568],[10444,-15563]],[[685054,175508],[14182,20996]],[[699236,196504],[10695,-15936]],[[674587,191134],[14192,20951]],[[688779,212085],[10457,-15581]],[[663986,206962],[14203,20905]],[[678189,227867],[10590,-15782]],[[652809,223652],[12804,18820]],[[665613,242472],[2803,-42],[9773,-14563]],[[698212,257095],[-14251,-20976]],[[683961,236119],[-9895,14763],[89,4146]],[[674155,255028],[12835,18866]],[[686990,273894],[11222,-16799]],[[709443,240284],[-14263,-20903]],[[695180,219381],[-11219,16738]],[[698212,257095],[11231,-16811]],[[720986,223006],[-14265,-20845]],[[706721,202161],[-11541,17220]],[[709443,240284],[11543,-17278]],[[732594,205631],[-14233,-20839]],[[718361,184792],[-11640,17369]],[[720986,223006],[11608,-17375]],[[744250,188185],[-14209,-20818]],[[730041,167367],[-11680,17425]],[[732594,205631],[11656,-17446]],[[744250,188185],[11440,-17125]],[[755690,171060],[-12576,-18500],[-3085,-98],[-9988,14905]],[[744250,188185],[14215,20829]],[[758465,209014],[9861,-14756],[49,-4538],[-12685,-18660]],[[732594,205631],[14218,20820]],[[746812,226451],[11653,-17437]],[[720986,223006],[14232,20798]],[[735218,243804],[11594,-17353]],[[709443,240284],[14211,20823]],[[723654,261107],[11564,-17303]],[[698212,257095],[14180,20867]],[[712392,277962],[11262,-16855]],[[686990,273894],[12914,18983]],[[699904,292877],[2717,-295],[9771,-14620]],[[732144,306986],[-14143,-20822]],[[718001,286164],[-9726,14544],[-83,4353]],[[708192,305061],[12713,18685]],[[720905,323746],[11239,-16760]],[[742689,291261],[-14201,-20780]],[[728488,270481],[-10487,15683]],[[732144,306986],[10545,-15725]],[[753228,275546],[-14166,-20876]],[[739062,254670],[-10574,15811]],[[742689,291261],[10539,-15715]],[[763897,259635],[-14250,-20795]],[[749647,238840],[-10585,15830]],[[753228,275546],[10669,-15911]],[[774334,244071],[-14218,-20887]],[[760116,223184],[-10469,15656]],[[763897,259635],[10437,-15564]],[[784962,228222],[-14249,-20884]],[[770713,207338],[-10597,15846]],[[774334,244071],[10628,-15849]],[[784962,228222],[10481,-15629]],[[795443,212593],[-14247,-20932]],[[781196,191661],[-10483,15677]],[[784962,228222],[14109,20677]],[[799071,248899],[10451,-15623]],[[809522,233276],[-14079,-20683]],[[774334,244071],[14106,20721]],[[788440,264792],[10631,-15893]],[[763897,259635],[14051,20841]],[[777948,280476],[10492,-15684]],[[753228,275546],[14108,20792]],[[767336,296338],[10612,-15862]],[[742689,291261],[14171,20738]],[[756860,311999],[10476,-15661]],[[732144,306986],[14141,20821]],[[746285,327807],[10575,-15808]],[[720905,323746],[12636,18573]],[[733541,342319],[2995,62],[9749,-14574]],[[789659,325473],[-15457,-23099]],[[774202,302374],[-10649,15826],[98,4469],[14014,20636]],[[777665,343305],[11994,-17832]],[[789659,325473],[12006,-17849]],[[801665,307624],[-15577,-22914]],[[786088,284710],[-11886,17664]],[[801665,307624],[14060,-14608]],[[815725,293016],[-4967,-7323]],[[810758,285693],[-12717,-18746]],[[798041,266947],[-11953,17763]],[[810758,285693],[11384,-16811]],[[822142,268882],[-11211,-16600],[-3005,-24],[-9885,14689]],[[815725,293016],[163,240],[5203,13543]],[[821091,306799],[17019,-14275]],[[838110,292524],[-15968,-23642]],[[821091,306799],[8929,23245]],[[830020,330044],[15556,-13225],[833,-4034],[-7193,-18622],[-1106,-1639]],[[815171,342666],[14849,-12622]],[[801665,307624],[5087,13265],[8419,21777]],[[789659,325473],[9576,24776],[1700,4520]],[[800935,354769],[14236,-12103]],[[777665,343305],[12097,17810],[2994,606],[8179,-6952]],[[767829,345533],[-9870,-14562],[-2945,-87],[-13022,19390],[-2,4514]],[[741990,354788],[9861,14549]],[[751851,369337],[15978,-23804]],[[751851,369337],[11254,16606]],[[763105,385943],[15998,-23776]],[[779103,362167],[-11274,-16634]],[[763105,385943],[10619,15668]],[[773724,401611],[16066,-23816]],[[789790,377795],[-10687,-15628]],[[773724,401611],[10241,15115]],[[783965,416726],[15651,-13237]],[[799616,403489],[-9826,-25694]],[[799616,403489],[13031,-11023]],[[812647,392466],[-9800,-25753]],[[802847,366713],[-13057,11082]],[[816620,355022],[9901,25710]],[[826521,380732],[13928,-11780]],[[840449,368952],[-9837,-25804]],[[830612,343148],[-13992,11874]],[[840449,368952],[13821,-11690]],[[854270,357262],[-9921,-25774]],[[844349,331488],[-13737,11660]],[[854270,357262],[14018,-11858]],[[868288,345404],[-10027,-25723]],[[858261,319681],[-13912,11807]],[[821569,430430],[-12311,-18026]],[[809258,412404],[-17933,15181]],[[791325,427585],[16201,23905]],[[807526,451490],[14043,-21060]],[[807526,451490],[11722,17296]],[[819248,468786],[5092,-271],[11417,-16953]],[[835757,451562],[-14188,-21132]],[[841272,409686],[-10531,-15468]],[[830741,394218],[-21483,18186]],[[835757,451562],[2839,-4217]],[[838596,447345],[-11257,-16712],[13933,-20947]],[[838596,447345],[14079,-20909]],[[852675,426436],[-11403,-16750]],[[852675,426436],[10636,-15794]],[[863311,410642],[-18962,-27944]],[[844349,382698],[-13608,11520]],[[873838,395010],[-16075,-23667]],[[857763,371343],[-13414,11355]],[[863311,410642],[10527,-15632]],[[884412,379309],[-13112,-19427]],[[871300,359882],[-13537,11461]],[[873838,395010],[10574,-15701]],[[895092,363449],[-10208,-15064]],[[884884,348385],[-13584,11497]],[[884412,379309],[10680,-15860]],[[895092,363449],[36615,-54444]],[[931707,309005],[-674,357]],[[931033,309362],[-46149,39023]],[[912445,308038],[-14039,11874]],[[898406,319912],[-13839,11706]],[[884567,331618],[-13744,11623]],[[870823,343241],[-2535,2163]],[[826521,380732],[-13874,11734]],[[783965,416726],[7360,10859]],[[931033,309362],[-4892,-12909]],[[926141,296453],[-13696,11585]],[[931707,309005],[11304,-16697]],[[943011,292308],[-2905,-7592]],[[940106,284716],[-13965,11737]],[[943011,292308],[15680,-23214]],[[958691,269094],[-4683,3937]],[[954008,273031],[-13902,11685]],[[884567,331618],[-9856,-25715]],[[874711,305903],[-13778,11627]],[[860933,317530],[9890,25711]],[[898406,319912],[-9799,-25734]],[[888607,294178],[-13896,11725]],[[912445,308038],[-9918,-25608]],[[902527,282430],[-13920,11748]],[[926141,296453],[-2919,-7701]],[[923222,288752],[-6830,-18022]],[[916392,270730],[-13865,11700]],[[940106,284716],[-2881,-7534]],[[937225,277182],[-14003,11570]],[[937225,277182],[-6951,-18167]],[[930274,259015],[-13882,11715]],[[954008,273031],[-8747,-22966],[-1122,-2750]],[[944139,247315],[-13865,11700]],[[958691,269094],[7730,-11444]],[[966421,257650],[-8458,-22000]],[[957963,235650],[-13824,11665]],[[966421,257650],[11657,-17257]],[[978078,240393],[-11585,-17467]],[[966493,222926],[-8530,12724]],[[988284,220800],[-11952,-12550]],[[976332,208250],[-9839,14676]],[[978078,240393],[10488,-15524],[-282,-4069]],[[945728,217548],[12235,18102]],[[976332,208250],[-14299,-15013]],[[962033,193237],[-16305,24311]],[[934092,200334],[11636,17214]],[[962033,193237],[-13622,-14303]],[[948411,178934],[-14319,21400]],[[948411,178934],[-11885,-12479]],[[936526,166455],[-3299,686],[-9379,13831],[-201,3910],[10445,15452]],[[916548,227588],[12606,18638]],[[929154,246226],[13623,-11552],[355,-4524],[-14222,-20884]],[[928910,209266],[-12362,18322]],[[916548,227588],[-12451,18456]],[[904097,246044],[9219,13615]],[[913316,259659],[15838,-13433]],[[904097,246044],[-12112,-17887]],[[891985,228157],[-12388,18340]],[[879597,246497],[18003,26488]],[[897600,272985],[15716,-13326]],[[879597,246497],[-12179,18028]],[[867418,264525],[14636,21642]],[[882054,286167],[15546,-13182]],[[867418,264525],[-10186,15080],[-308,3836],[5774,15242],[3245,1147],[16111,-13663]],[[916548,227588],[-12098,-17884]],[[904450,209704],[-12465,18453]],[[928910,209266],[-10670,-15670],[-2860,-71],[-10930,16179]],[[899024,158977],[14194,21082]],[[913218,180059],[13426,-19891],[-160,-4258]],[[926484,155910],[-14867,-15608]],[[911617,140302],[-12593,18675]],[[887774,175659],[14195,21066]],[[901969,196725],[11249,-16666]],[[899024,158977],[-11250,16682]],[[876450,192450],[14176,21081]],[[890626,213531],[11343,-16806]],[[887774,175659],[-11324,16791]],[[865138,209223],[14176,21069]],[[879314,230292],[11312,-16761]],[[876450,192450],[-11312,16773]],[[853843,225970],[14169,21066]],[[868012,247036],[11302,-16744]],[[865138,209223],[-11295,16747]],[[842568,242689],[14134,21103]],[[856702,263792],[11310,-16756]],[[853843,225970],[-11275,16719]],[[842568,242689],[-11348,16829]],[[831220,259518],[14217,20964]],[[845437,280482],[11265,-16690]],[[842568,242689],[-14026,-20947]],[[828542,221742],[-11411,17003]],[[817131,238745],[14089,20773]],[[853843,225970],[-14084,-20941]],[[839759,205029],[-11217,16713]],[[865138,209223],[-14115,-20980]],[[851023,188243],[-11264,16786]],[[876450,192450],[-14088,-20948]],[[862362,171502],[-11339,16741]],[[887774,175659],[-14077,-20891]],[[873697,154768],[-11335,16734]],[[899024,158977],[-14047,-20863]],[[884977,138114],[-11280,16654]],[[911617,140302],[-14903,-15649]],[[896714,124653],[-3046,385],[-8691,13076]],[[859396,117206],[14079,20813]],[[873475,138019],[13117,-19510],[-71,-4525]],[[886521,113984],[-14637,-15321]],[[871884,98663],[-12488,18543]],[[848137,133924],[14140,20750]],[[862277,154674],[11198,-16655]],[[859396,117206],[-11259,16718]],[[836872,150649],[14152,20761]],[[851024,171410],[11253,-16736]],[[848137,133924],[-11265,16725]],[[825550,167479],[14104,20844]],[[839654,188323],[11370,-16913]],[[836872,150649],[-11322,16830]],[[814259,184265],[14183,20734]],[[828442,204999],[11212,-16676]],[[825550,167479],[-11291,16786]],[[814259,184265],[-11302,16954]],[[802957,201219],[12333,18153],[3238,373],[9914,-14746]],[[814259,184265],[-14310,-20838]],[[799949,163427],[-9694,14614],[-25,4444],[12727,18734]],[[811350,146492],[-11401,16935]],[[825550,167479],[-14200,-20987]],[[822616,129755],[-11266,16737]],[[836872,150649],[-14256,-20894]],[[833886,113012],[-11270,16743]],[[848137,133924],[-14251,-20912]],[[845195,96213],[-11309,16799]],[[859396,117206],[-14201,-20993]],[[871884,98663],[-15069,-15776]],[[856815,82887],[-2897,368],[-8723,12958]],[[820390,74368],[14201,20970]],[[834591,95338],[12400,-18418],[-327,-4659]],[[846664,72261],[-14625,-15308]],[[832039,56953],[-11649,17415]],[[810597,89006],[14178,20909]],[[824775,109915],[9816,-14577]],[[820390,74368],[-9793,14638]],[[800786,103670],[14184,20808]],[[814970,124478],[9805,-14563]],[[810597,89006],[-9811,14664]],[[800786,103670],[-9860,14740]],[[790926,118410],[12825,18661],[2695,67],[8524,-12660]],[[800786,103670],[-14236,-20884]],[[786550,82786],[-8484,12688],[53,4302],[12807,18634]],[[810597,89006],[-14202,-20945]],[[796395,68061],[-9845,14725]],[[820390,74368],[-14197,-20962]],[[806193,53406],[-9798,14655]],[[832039,56953],[-14733,-15424]],[[817306,41529],[-3246,110],[-7867,11767]],[[792362,15418],[-13670,20400]],[[778692,35818],[14147,20852]],[[792839,56670],[14499,-21550],[-337,-4378]],[[807001,30742],[-14639,-15324]],[[778692,35818],[-12520,18683]],[[766172,54501],[14135,20792]],[[780307,75293],[12532,-18623]],[[766172,54501],[-12854,19185]],[[753318,73686],[14120,20734],[12869,-19127]],[[737061,56115],[-21812,32481]],[[715249,88596],[62304,91821]],[[777553,180417],[20345,-30368],[-61,-4551],[-60776,-89383]],[[752073,33763],[-12882,19181]],[[739191,52944],[14127,20742]],[[766172,54501],[-14099,-20738]],[[764621,15077],[-12548,18686]],[[778692,35818],[-14071,-20741]],[[792362,15418],[-14727,-15417],[-2889,-1],[-10125,15077]],[[816620,355022],[-13773,11691]],[[641207,199237],[-2482,3712]],[[638725,202949],[2405,3537]],[[665613,242472],[8542,12556]],[[699904,292877],[8288,12184]],[[781196,191661],[-39634,-58227]],[[819248,468786],[10905,16091],[110121,-163314],[59725,-88464],[-11715,-12299]],[[860933,317530],[-12745,-33165],[-2751,-3883]],[[817131,238745],[-39578,-58328]],[[715249,88596],[-2089,3112]],[[809522,233276],[5707,8405],[30435,44824],[12597,33176]],[[896714,124653],[-10193,-10669]],[[856815,82887],[-10151,-10626]],[[817306,41529],[-10305,-10787]],[[739191,52944],[-2130,3171]],[[278475,449560],[-15602,-22810]],[[262873,426750],[-10928,16349]],[[251945,443099],[-132,4889],[14102,20558]],[[265915,468546],[12560,-18986]],[[265915,468546],[11938,17400]],[[277853,485946],[12571,-18918]],[[290424,467028],[-11949,-17468]],[[277853,485946],[11960,17434]],[[289813,503380],[12566,-18875]],[[302379,484505],[-11955,-17477]],[[289813,503380],[12081,17611]],[[301894,520991],[12516,-18894]],[[314410,502097],[-12031,-17592]],[[301894,520991],[11978,17461]],[[313872,538452],[12527,-18829]],[[326399,519623],[-11989,-17526]],[[313872,538452],[10259,14955]],[[324131,553407],[3056,-13],[11017,-16513]],[[338204,536881],[-11805,-17258]],[[338204,536881],[11233,-16836],[-106,-4486],[-10246,-15005]],[[339085,500554],[-12686,19069]],[[339085,500554],[-12006,-17581]],[[327079,482973],[-12669,19124]],[[327079,482973],[-11990,-17560]],[[315089,465413],[-12710,19092]],[[315089,465413],[-11958,-17511]],[[303131,447902],[-12707,19126]],[[303131,447902],[-11965,-17523]],[[291166,430379],[-12691,19181]],[[291166,430379],[-15525,-22735]],[[275641,407644],[-12768,19106]],[[301028,407878],[-12864,-18971]],[[288164,388907],[-10426,15600]],[[277738,404507],[12819,19094],[10471,-15723]],[[311631,391957],[-12942,-18798]],[[298689,373159],[-10525,15748]],[[301028,407878],[10603,-15921]],[[322095,376243],[-13022,-18619]],[[309073,357624],[-10384,15535]],[[311631,391957],[10464,-15714]],[[332665,360371],[-12928,-18703]],[[319737,341668],[-10664,15956]],[[322095,376243],[10570,-15872]],[[343167,344602],[-12957,-18602]],[[330210,326000],[-10473,15668]],[[332665,360371],[10502,-15769]],[[343167,344602],[10568,-15868],[-12788,-18799]],[[340947,309935],[-10737,16065]],[[357302,377932],[11307,-16959]],[[368609,360973],[-11283,-16402],[-3017,59],[-9838,14712]],[[344471,359342],[12831,18590]],[[344471,359342],[-11198,16747]],[[333273,376089],[12825,18647]],[[346098,394736],[11204,-16804]],[[333273,376089],[-11250,16826]],[[322023,392915],[12814,18712]],[[334837,411627],[11261,-16891]],[[322023,392915],[-11243,16814]],[[310780,409729],[12858,18695]],[[323638,428424],[11199,-16797]],[[310780,409729],[-9568,14307],[-162,4864],[11329,16412]],[[312379,445312],[11259,-16888]],[[312379,445312],[11410,16532],[2974,-236],[9702,-14535]],[[336465,447073],[-12827,-18649]],[[336465,447073],[11179,-16745]],[[347644,430328],[-12807,-18701]],[[347644,430328],[11296,-16922]],[[358940,413406],[-12842,-18670]],[[358940,413406],[11232,-16825]],[[370172,396581],[-12870,-18649]],[[370172,396581],[9662,-14475],[240,-4462],[-11465,-16671]],[[388585,423460],[11244,-16896]],[[399829,406564],[-11340,-16552],[-2823,19],[-9891,14777]],[[375775,404808],[12810,18652]],[[375775,404808],[-11244,16800]],[[364531,421608],[12833,18714]],[[377364,440322],[11221,-16862]],[[364531,421608],[-11250,16810]],[[353281,438418],[12850,18784]],[[366131,457202],[11233,-16880]],[[353281,438418],[-11256,16817]],[[342025,455235],[12888,18824]],[[354913,474059],[11218,-16857]],[[342025,455235],[-9661,14436],[-34,4493],[11418,16672]],[[343748,490836],[11165,-16777]],[[343748,490836],[11091,16197],[3226,216],[9647,-14496]],[[367712,492753],[-12799,-18694]],[[367712,492753],[11212,-16849]],[[378924,475904],[-12793,-18702]],[[378924,475904],[11247,-16903]],[[390171,459001],[-12807,-18679]],[[390171,459001],[11231,-16876]],[[401402,442125],[-12817,-18665]],[[401402,442125],[9670,-14531],[13,-4601],[-11256,-16429]],[[381642,527521],[6476,-9488]],[[388118,518033],[-13167,-19285]],[[374951,498748],[-6414,9580]],[[368537,508328],[13105,19193]],[[381642,527521],[13238,19384]],[[394880,546905],[6410,-9579]],[[401290,537326],[-13172,-19293]],[[369007,546249],[-6272,9403]],[[362735,555652],[13317,19385]],[[376052,575037],[6254,-9346]],[[382306,565691],[-13299,-19442]],[[375311,536796],[-6,11],[-6298,9442]],[[382306,565691],[6286,-9391]],[[388592,556300],[-13281,-19504]],[[375311,536796],[6331,-9275]],[[368537,508328],[-6253,9336]],[[362284,517664],[13027,19132]],[[388592,556300],[6288,-9395]],[[362284,517664],[-12659,18904]],[[349625,536568],[7015,10213],[6095,8871]],[[362761,298486],[-12597,18912]],[[350164,317398],[8331,12141]],[[358495,329539],[12687,-18780]],[[371182,310759],[-6573,-9580]],[[364609,301179],[-1848,-2693]],[[362761,298486],[-7174,-10458]],[[355587,288028],[-12620,18882]],[[342967,306910],[7197,10488]],[[358495,329539],[14300,20840]],[[372795,350379],[12680,-18786]],[[385475,331593],[-14293,-20834]],[[372795,350379],[12758,18592],[3101,-30],[11070,-16578]],[[399724,352363],[-14249,-20770]],[[399724,352363],[10961,-16416],[89,-4915],[-12530,-18355]],[[398244,312677],[-12769,18916]],[[398244,312677],[-14253,-20877]],[[383991,291800],[-12809,18959]],[[364609,301179],[12828,-18980]],[[377437,282199],[-7577,-11099],[-2955,-6]],[[366905,271094],[-11318,16934]],[[383991,291800],[-6554,-9601]],[[417085,377724],[-11743,-17142]],[[405342,360582],[-11149,16632],[36,4753],[10147,14776]],[[404376,396743],[12709,-19019]],[[404376,396743],[11540,16804]],[[415916,413547],[12693,-18998]],[[428609,394549],[-11524,-16825]],[[415916,413547],[11610,16906]],[[427526,430453],[12649,-19022]],[[440175,411431],[-11566,-16882]],[[427526,430453],[11536,16800]],[[439062,447253],[12671,-18948]],[[451733,428305],[-11558,-16874]],[[439062,447253],[9837,14326],[2997,145],[11236,-16779]],[[463132,444945],[-11399,-16640]],[[456191,421639],[11443,16583]],[[467634,438222],[6629,-9897],[-49,-4650],[-9809,-14319]],[[464405,409356],[-8214,12283]],[[463132,444945],[4502,-6723]],[[456191,421639],[-4458,6666]],[[464405,409356],[-11594,-16925]],[[452811,392431],[-12636,19000]],[[452811,392431],[-11535,-16839]],[[441276,375592],[-12667,18957]],[[441276,375592],[-11525,-16825]],[[429751,358767],[-12666,18957]],[[429751,358767],[-10199,-14887],[-3078,96],[-11132,16606]],[[389601,283369],[12587,-18727]],[[402188,264642],[12772,-19000]],[[414960,245642],[-15859,-22998]],[[399101,222644],[-23727,35779]],[[375374,258423],[-45,4262],[14272,20684]],[[416514,285379],[-14326,-20737]],[[389601,283369],[14379,20836]],[[403980,304205],[12534,-18826]],[[403980,304205],[12578,18228],[3119,42],[11020,-16561]],[[430697,305914],[-14183,-20535]],[[430697,305914],[10919,-16410],[117,-5040],[-12522,-18158]],[[429211,266306],[-12697,19073]],[[429211,266306],[-14251,-20664]],[[448088,331060],[-11666,-16921]],[[436422,314139],[-10969,16567],[-68,4643],[10088,14649]],[[435473,349998],[12615,-18938]],[[435473,349998],[11621,16877]],[[447094,366875],[12617,-18958]],[[459711,347917],[-11623,-16857]],[[447094,366875],[11530,16744]],[[458624,383619],[12612,-18987]],[[471236,364632],[-11525,-16715]],[[458624,383619],[11637,16900]],[[470261,400519],[12626,-18989]],[[482887,381530],[-11651,-16898]],[[470261,400519],[9906,14384],[2974,234],[11257,-16913]],[[494398,398224],[-11511,-16694]],[[494398,398224],[11085,-16656],[60,-4657],[-9983,-14441]],[[495560,362470],[-12673,19060]],[[495560,362470],[-11673,-16885]],[[483887,345585],[-12651,19047]],[[483887,345585],[-11526,-16672]],[[472361,328913],[-12650,19004]],[[472361,328913],[-11634,-16826]],[[460727,312087],[-12639,18973]],[[460727,312087],[-10149,-14680],[-3165,133],[-10991,16599]],[[432650,172482],[12824,18704]],[[445474,191186],[7946,-11924]],[[453420,179262],[-12880,-18669]],[[440540,160593],[-7890,11889]],[[424896,184163],[12756,18758]],[[437652,202921],[7822,-11735]],[[432650,172482],[-7754,11681]],[[417045,195992],[12873,18534]],[[429918,214526],[7734,-11605]],[[424896,184163],[-7851,11829]],[[409250,207734],[12808,18587]],[[422058,226321],[7860,-11795]],[[417045,195992],[-7795,11742]],[[409250,207734],[-7855,11835]],[[401395,219569],[12726,18660],[3989,-5984],[3948,-5924]],[[453420,179262],[15747,-23627]],[[469167,155635],[-12949,-18660]],[[456218,136975],[-15678,23618]],[[469167,155635],[10943,-16419]],[[480110,139216],[-12945,-18735]],[[467165,120481],[-10947,16494]],[[480110,139216],[10960,-16445]],[[491070,122771],[-12998,-18722]],[[478072,104049],[-10907,16432]],[[489452,87928],[-3298,5016],[-8082,11105]],[[491070,122771],[11096,-16648]],[[502166,106123],[-12714,-18195]],[[513201,89567],[-12617,-18175]],[[500584,71392],[-11132,16536]],[[502166,106123],[11035,-16556]],[[513201,89567],[11041,-16568],[-12466,-18230]],[[511776,54769],[-11192,16623]],[[499667,126262],[12827,18977]],[[512494,145239],[9390,-14076]],[[521884,131163],[-11378,-16580],[-3067,22],[-7772,11657]],[[489906,140901],[12902,18856]],[[502808,159757],[9686,-14518]],[[499667,126262],[-9761,14639]],[[480634,154809],[12863,18904]],[[493497,173713],[9311,-13956]],[[489906,140901],[-9272,13908]],[[470920,169377],[12912,18823]],[[483832,188200],[9665,-14487]],[[480634,154809],[-9714,14568]],[[461476,183542],[12912,18814]],[[474388,202356],[9444,-14156]],[[470920,169377],[-9444,14165]],[[451918,197878],[12958,18893]],[[464876,216771],[9512,-14415]],[[461476,183542],[-9558,14336]],[[442453,212073],[12904,18808]],[[455357,230881],[9519,-14110]],[[451918,197878],[-9465,14195]],[[432941,226339],[12909,18792]],[[445850,245131],[9507,-14250]],[[442453,212073],[-9512,14266]],[[432941,226339],[-8011,12338],[-93,4695],[11216,16445]],[[436053,259817],[9797,-14686]],[[458760,263927],[-12910,-18796]],[[436053,259817],[11285,16546],[3144,24],[8278,-12460]],[[458760,263927],[9479,-14269]],[[468239,249658],[-12882,-18777]],[[468239,249658],[9492,-14287]],[[477731,235371],[-12855,-18600]],[[477731,235371],[9500,-14300]],[[487231,221071],[-12843,-18715]],[[487231,221071],[9421,-14181]],[[496652,206890],[-12820,-18690]],[[496652,206890],[9593,-14438]],[[506245,192452],[-12748,-18739]],[[506245,192452],[9327,-14041]],[[515572,178411],[-12764,-18654]],[[515572,178411],[9589,-14432]],[[525161,163979],[-12667,-18740]],[[525161,163979],[8044,-12107],[93,-4078],[-11414,-16631]],[[543638,191210],[9632,-14466]],[[553270,176744],[-11208,-16325],[-3107,-58],[-8052,12094]],[[530903,172455],[12735,18755]],[[530903,172455],[-9594,14411]],[[521309,186866],[12807,18644]],[[534116,205510],[9522,-14300]],[[521309,186866],[-9320,14000]],[[511989,200866],[12748,18729]],[[524737,219595],[9379,-14085]],[[511989,200866],[-9574,14380]],[[502415,215246],[12795,18657]],[[515210,233903],[9527,-14308]],[[502415,215246],[-9464,14215]],[[492951,229461],[12805,18640]],[[505756,248101],[9454,-14198]],[[492951,229461],[-9468,14222]],[[483483,243683],[12820,18614]],[[496303,262297],[9453,-14196]],[[483483,243683],[-9530,14315]],[[473953,257998],[12813,18621]],[[486766,276619],[9537,-14322]],[[473953,257998],[-9481,14241]],[[464472,272239],[12821,18606]],[[477293,290845],[9473,-14226]],[[464472,272239],[-8269,12421],[0,4422],[11307,16454]],[[467510,305536],[9783,-14691]],[[467510,305536],[11526,16773],[2912,-173],[8295,-12502]],[[490243,309634],[-12950,-18789]],[[490243,309634],[9446,-14236]],[[499689,295398],[-12923,-18779]],[[499689,295398],[9525,-14356]],[[509214,281042],[-12911,-18745]],[[509214,281042],[9421,-14198]],[[518635,266844],[-12879,-18743]],[[518635,266844],[9424,-14204]],[[528059,252640],[-12849,-18737]],[[528059,252640],[9464,-14262]],[[537523,238378],[-12786,-18783]],[[537523,238378],[9420,-14196]],[[546943,224182],[-12827,-18672]],[[546943,224182],[9432,-14216]],[[556375,209966],[-12737,-18756]],[[556375,209966],[8144,-12275],[78,-4450],[-11327,-16497]],[[575202,237823],[9772,-14712]],[[584974,223111],[-11649,-16985],[-3234,87],[-8044,12153]],[[562047,218366],[13155,19457]],[[562047,218366],[-9408,14219]],[[552639,232585],[13221,19303]],[[565860,251888],[9342,-14065]],[[552639,232585],[-9419,14232]],[[543220,246817],[13146,19365]],[[556366,266182],[9494,-14294]],[[543220,246817],[-9399,14202]],[[533821,261019],[13177,19266]],[[546998,280285],[9368,-14103]],[[533821,261019],[-9422,14238]],[[524399,275257],[13166,19232]],[[537565,294489],[9433,-14204]],[[537565,294489],[13141,19193]],[[550706,313682],[9441,-14173]],[[560147,299509],[-13149,-19224]],[[560147,299509],[9334,-14011]],[[569481,285498],[-13115,-19316]],[[569481,285498],[9566,-14359]],[[579047,271139],[-13187,-19251]],[[579047,271139],[9271,-13919]],[[588318,257220],[-13116,-19397]],[[588318,257220],[8252,-12387],[40,-4757],[-11636,-16965]],[[602721,199544],[-11264,16944]],[[591457,216488],[10621,15506],[3068,95],[9827,-14652]],[[614973,217437],[-12252,-17893]],[[589618,180408],[-11259,16956]],[[578359,197364],[13098,19124]],[[602721,199544],[-13103,-19136]],[[576747,161613],[-11285,16922]],[[565462,178535],[12897,18829]],[[589618,180408],[-12871,-18795]],[[563850,142780],[-11261,16962]],[[552589,159742],[12873,18793]],[[576747,161613],[-12897,-18833]],[[550894,123859],[-11271,16953]],[[539623,140812],[12966,18930]],[[563850,142780],[-12956,-18921]],[[538035,105081],[-11286,16937]],[[526749,122018],[12874,18794]],[[550894,123859],[-12859,-18778]],[[538035,105081],[-12269,-17916]],[[525766,87165],[-9756,14647],[-35,4477],[10774,15729]],[[538035,105081],[11121,-16691]],[[549156,88390],[-10698,-15608],[-3343,351],[-9349,14032]],[[550894,123859],[11115,-16719]],[[562009,107140],[-12853,-18750]],[[563850,142780],[11113,-16740]],[[574963,126040],[-12954,-18900]],[[576747,161613],[11145,-16711]],[[587892,144902],[-12929,-18862]],[[589618,180408],[11126,-16756]],[[600744,163652],[-12852,-18750]],[[602721,199544],[11139,-16758]],[[613860,182786],[-13116,-19134]],[[614973,217437],[9561,-14256],[21,-4791],[-10695,-15604]],[[936526,166455],[-10042,-10545]],[[733541,342319],[8449,12469]],[[248896,717826],[10638,-15986]],[[259534,701840],[-10473,-15208]],[[249061,686632],[-9041,13513],[-24,4660],[8900,13021]],[[266052,661238],[-9223,13784]],[[256829,675022],[13070,19270],[38,57]],[[269937,694349],[-7677,11448],[-2726,-3957]],[[248896,717826],[14410,21084],[3245,-49],[16654,-24952]],[[256829,675022],[-7768,11610]],[[411058,483773],[10317,-15411]],[[421375,468362],[-655,-953],[-12540,-18281]],[[408180,449128],[-10290,15366]],[[397890,464494],[12530,18346],[638,933]],[[400852,499020],[10206,-15247]],[[397890,464494],[-10221,15263]],[[387669,479757],[12560,18353],[623,910]],[[414036,518281],[10190,-15228]],[[424226,503053],[-13168,-19280]],[[400852,499020],[13184,19261]],[[424226,503053],[10344,-15455]],[[434570,487598],[-13195,-19236]],[[421375,468362],[10373,-15265]],[[431748,453097],[-746,-1094],[-10810,-15839],[-3267,-96],[-8745,13060]],[[434570,487598],[8817,-13175],[-82,-4395],[-11557,-16931]],[[387669,479757],[-12718,18991]],[[401290,537326],[12746,-19045]],[[215662,760808],[12605,-18859]],[[228267,741949],[-1428,-2084]],[[214243,758728],[1419,2080]],[[228267,741949],[9160,13383]],[[237427,755332],[9160,13380]],[[246587,768712],[11136,-16670],[58,-4415],[-18271,-26736]],[[237427,755332],[-12659,18827]],[[224768,774159],[7601,11145],[3085,77],[11133,-16669]],[[215662,760808],[9106,13351]],[[201995,703597],[-13148,-19533]],[[188847,684064],[-11019,16470],[-50,4735],[11630,17051]],[[214738,684641],[-11711,-17135],[-3161,86],[-11019,16472]],[[531714,342192],[-14560,-21208]],[[517154,320984],[-9519,14306]],[[507635,335290],[-9730,14624]],[[497905,349914],[13085,19029],[3001,-145],[17723,-26606]],[[507635,335290],[-11664,-17075]],[[495971,318215],[-8187,12373],[-118,4437],[10239,14889]],[[517154,320984],[-11719,-17069]],[[505435,303915],[-9464,14300]],[[524399,275257],[-18964,28658]],[[531714,342192],[18992,-28510]],[[367654,587586],[-13249,-19384]],[[354405,568202],[-9897,14907]],[[344508,583109],[11723,17089]],[[356231,600198],[3013,-46],[8410,-12566]],[[354405,568202],[-13114,-19189]],[[341291,549013],[-8346,12463],[-159,4547]],[[332786,566023],[8040,11718],[3682,5368]],[[354405,568202],[8330,-12550]],[[349625,536568],[-8334,12445]],[[367654,587586],[8398,-12549]],[[638725,202949],[-101802,-148840],[-10360,15566],[-12502,-18299],[-2285,3393]],[[401395,219569],[-2294,3075]],[[375374,258423],[-8469,12671]],[[342967,306910],[-2020,3025]],[[277738,404507],[-2097,3137]],[[324131,553407],[8655,12616]],[[356231,600198],[8520,12420]],[[364751,612618],[123889,-185249],[30792,-46043],[119293,-178377]],[[322149,616137],[-18369,27619]],[[309079,596931],[-18418,27527]],[[164531,756959],[9058,-13488]],[[173589,743471],[-12456,-18384]],[[161133,725087],[-9101,13548]],[[173589,743471],[9129,-13592]],[[182718,729879],[-10874,-16035],[-3046,-166],[-7665,11409]],[[176957,775176],[16680,-24711],[88,-4355],[-11007,-16231]],[[264387,482564],[-9797,-14313]],[[254590,468251],[-12652,18984]],[[241938,487235],[9724,14474]],[[254590,468251],[-8386,-12251],[-2904,-19]],[[243300,455981],[-11174,16649]],[[232126,472630],[9812,14605]],[[251945,443099],[-8645,12882]],[[239076,520511],[-19733,-28836]],[[219343,491675],[-2108,3142]],[[153875,589223],[-2156,3213]],[[127793,627909],[-8725,12944]],[[95241,676195],[-2088,3099]],[[9667,803135],[-2244,3328]],[[97336,989687],[6850,10312],[136054,-202269],[124511,-185112]],[[232126,472630],[-12783,19045]]],"bbox":[-38.709,-495.607,961.394,179.844],"transform":{"scale":[0.0010001040001040003,0.0006754516754516755],"translate":[-38.709,-495.607]}}