{"type":"Topology","objects":{"01586-4323-1":{"type":"GeometryCollection","geometries":[{"type":"MultiPolygon","arcs":[[[0,1,2,3]]],"properties":{"筆ID":"H000000001","version":"ver1.0","座標系":"任意座標系","測地系判別":null,"地図名":"鵡改Ａ（１０００）図無Ｈ１３","地図番号":"改A-11","縮尺分母":"1000","市区町村コード":"01586","市区町村名":"勇払郡むかわ町","大字コード":"017","丁目コード":"000","小字コード":"0000","予備コード":"00","大字名":"宮戸","丁目名":null,"小字名":null,"予備名":null,"地番":"736-1","精度区分":null,"座標値種別":null,"筆界未定構成筆":null,"代表点緯度":-158409.269,"代表点経度":-23480.272101306}},{"type":"MultiPolygon","arcs":[[[4,5,6,7]]],"properties":{"筆ID":"H000000002","version":"ver1.0","座標系":"任意座標系","測地系判別":null,"地図名":"鵡改Ａ（１０００）図無Ｈ１３","地図番号":"改A-11","縮尺分母":"1000","市区町村コード":"01586","市区町村名":"勇払郡むかわ町","大字コード":"017","丁目コード":"000","小字コード":"0000","予備コード":"00","大字名":"宮戸","丁目名":null,"小字名":null,"予備名":null,"地番":"736-2","精度区分":null,"座標値種別":null,"筆界未定構成筆":null,"代表点緯度":-158482.986,"代表点経度":-23526.117560624}},{"type":"MultiPolygon","arcs":[[[-3,8,-8,9]]],"properties":{"筆ID":"H000000003","version":"ver1.0","座標系":"任意座標系","測地系判別":null,"地図名":"鵡改Ａ（１０００）図無Ｈ１３","地図番号":"改A-11","縮尺分母":"1000","市区町村コード":"01586","市区町村名":"勇払郡むかわ町","大字コード":"017","丁目コード":"000","小字コード":"0000","予備コード":"00","大字名":"宮戸","丁目名":null,"小字名":null,"予備名":null,"地番":"736-3","精度区分":null,"座標値種別":null,"筆界未定構成筆":null,"代表点緯度":-158462.0655,"代表点経度":-23557.261862454}},{"type":"MultiPolygon","arcs":[[[10,11,12,-5,-9,-2]]],"properties":{"筆ID":"H000000004","version":"ver1.0","座標系":"任意座標系","測地系判別":null,"地図名":"鵡改Ａ（１０００）図無Ｈ１３","地図番号":"改A-11","縮尺分母":"1000","市区町村コード":"01586","市区町村名":"勇払郡むかわ町","大字コード":"017","丁目コード":"000","小字コード":"0000","予備コード":"00","大字名":"宮戸","丁目名":null,"小字名":null,"予備名":null,"地番":"736-4","精度区分":null,"座標値種別":null,"筆界未定構成筆":null,"代表点緯度":-158479.908,"代表点経度":-23494.951510174}},{"type":"MultiPolygon","arcs":[[[13,14,-11,-1,15]]],"properties":{"筆ID":"H000000005","version":"ver1.0","座標系":"任意座標系","測地系判別":null,"地図名":"鵡改Ａ（１０００）図無Ｈ１３","地図番号":"改A-11","縮尺分母":"1000","市区町村コード":"01586","市区町村名":"勇払郡むかわ町","大字コード":"017","丁目コード":"000","小字コード":"0000","予備コード":"00","大字名":"宮戸","丁目名":null,"小字名":null,"予備名":null,"地番":"737-1","精度区分":null,"座標値種別":null,"筆界未定構成筆":null,"代表点緯度":-158415.89,"代表点経度":-23441.67811655}},{"type":"MultiPolygon","arcs":[[[-13,16,17,18,-6]]],"properties":{"筆ID":"H000000006","version":"ver1.0","座標系":"任意座標系","測地系判別":null,"地図名":"鵡改Ａ（１０００）図無Ｈ１３","地図番号":"改A-11","縮尺分母":"1000","市区町村コード":"01586","市区町村名":"勇払郡むかわ町","大字コード":"017","丁目コード":"000","小字コード":"0000","予備コード":"00","大字名":"宮戸","丁目名":null,"小字名":null,"予備名":null,"地番":"737-2","精度区分":null,"座標値種別":null,"筆界未定構成筆":null,"代表点緯度":-158483.663,"代表点経度":-23494.047886818}},{"type":"MultiPolygon","arcs":[[[-15,19,-17,-12]]],"properties":{"筆ID":"H000000007","version":"ver1.0","座標系":"任意座標系","測地系判別":null,"地図名":"鵡改Ａ（１０００）図無Ｈ１３","地図番号":"改A-11","縮尺分母":"1000","市区町村コード":"01586","市区町村名":"勇払郡むかわ町","大字コード":"017","丁目コード":"000","小字コード":"0000","予備コード":"00","大字名":"宮戸","丁目名":null,"小字名":null,"予備名":null,"地番":"737-3","精度区分":null,"座標値種別":null,"筆界未定構成筆":null,"代表点緯度":-158481.2165,"代表点経度":-23441.518793838}},{"type":"MultiPolygon","arcs":[[[20,21,22,23,24,-14,25]]],"properties":{"筆ID":"H000000008","version":"ver1.0","座標系":"任意座標系","測地系判別":null,"地図名":"鵡改Ａ（１０００）図無Ｈ１３","地図番号":"改A-11","縮尺分母":"1000","市区町村コード":"01586","市区町村名":"勇払郡むかわ町","大字コード":"017","丁目コード":"000","小字コード":"0000","予備コード":"00","大字名":"宮戸","丁目名":null,"小字名":null,"予備名":null,"地番":"738-1","精度区分":null,"座標値種別":null,"筆界未定構成筆":null,"代表点緯度":-158402.5575,"代表点経度":-23438.163020209}},{"type":"MultiPolygon","arcs":[[[26,27,-18,28]]],"properties":{"筆ID":"H000000009","version":"ver1.0","座標系":"任意座標系","測地系判別":null,"地図名":"鵡改Ａ（１０００）図無Ｈ１３","地図番号":"改A-11","縮尺分母":"1000","市区町村コード":"01586","市区町村名":"勇払郡むかわ町","大字コード":"017","丁目コード":"000","小字コード":"0000","予備コード":"00","大字名":"宮戸","丁目名":null,"小字名":null,"予備名":null,"地番":"738-2","精度区分":null,"座標値種別":null,"筆界未定構成筆":null,"代表点緯度":-158483.1465,"代表点経度":-23437.245512406}},{"type":"MultiPolygon","arcs":[[[29,-29,-20,-25]]],"properties":{"筆ID":"H000000010","version":"ver1.0","座標系":"任意座標系","測地系判別":null,"地図名":"鵡改Ａ（１０００）図無Ｈ１３","地図番号":"改A-11","縮尺分母":"1000","市区町村コード":"01586","市区町村名":"勇払郡むかわ町","大字コード":"017","丁目コード":"000","小字コード":"0000","予備コード":"00","大字名":"宮戸","丁目名":null,"小字名":null,"予備名":null,"地番":"738-3","精度区分":null,"座標値種別":null,"筆界未定構成筆":null,"代表点緯度":-158481.5525,"代表点経度":-23437.253724242}},{"type":"MultiPolygon","arcs":[[[30,31,32,-21]]],"properties":{"筆ID":"H000000011","version":"ver1.0","座標系":"任意座標系","測地系判別":null,"地図名":"鵡改Ａ（１０００）図無Ｈ１３","地図番号":"改A-11","縮尺分母":"1000","市区町村コード":"01586","市区町村名":"勇払郡むかわ町","大字コード":"017","丁目コード":"000","小字コード":"0000","予備コード":"00","大字名":"宮戸","丁目名":null,"小字名":null,"予備名":null,"地番":"739","精度区分":null,"座標値種別":null,"筆界未定構成筆":null,"代表点緯度":-158387.4035,"代表点経度":-23434.612863306}},{"type":"MultiPolygon","arcs":[[[33,34,35,-32]]],"properties":{"筆ID":"H000000012","version":"ver1.0","座標系":"任意座標系","測地系判別":null,"地図名":"鵡改Ａ（１０００）図無Ｈ１３","地図番号":"改A-11","縮尺分母":"1000","市区町村コード":"01586","市区町村名":"勇払郡むかわ町","大字コード":"017","丁目コード":"000","小字コード":"0000","予備コード":"00","大字名":"宮戸","丁目名":null,"小字名":null,"予備名":null,"地番":"740","精度区分":null,"座標値種別":null,"筆界未定構成筆":null,"代表点緯度":-158362.264,"代表点経度":-23379.712105375}},{"type":"MultiPolygon","arcs":[[[-36,36,37,38,-22,-33]]],"properties":{"筆ID":"H000000013","version":"ver1.0","座標系":"任意座標系","測地系判別":null,"地図名":"鵡改Ａ（１０００）図無Ｈ１３","地図番号":"改A-11","縮尺分母":"1000","市区町村コード":"01586","市区町村名":"勇払郡むかわ町","大字コード":"017","丁目コード":"000","小字コード":"0000","予備コード":"00","大字名":"宮戸","丁目名":null,"小字名":null,"予備名":null,"地番":"741-1","精度区分":null,"座標値種別":null,"筆界未定構成筆":null,"代表点緯度":-158456.847,"代表点経度":-23380.131173135}},{"type":"MultiPolygon","arcs":[[[39,-24,40]]],"properties":{"筆ID":"H000000014","version":"ver1.0","座標系":"任意座標系","測地系判別":null,"地図名":"鵡改Ａ（１０００）図無Ｈ１３","地図番号":"改A-11","縮尺分母":"1000","市区町村コード":"01586","市区町村名":"勇払郡むかわ町","大字コード":"017","丁目コード":"000","小字コード":"0000","予備コード":"00","大字名":"宮戸","丁目名":null,"小字名":null,"予備名":null,"地番":"741-2","精度区分":null,"座標値種別":null,"筆界未定構成筆":null,"代表点緯度":-158480.4405,"代表点経度":-23413.0321079}},{"type":"MultiPolygon","arcs":[[[41,-41,-23,-39]]],"properties":{"筆ID":"H000000015","version":"ver1.0","座標系":"任意座標系","測地系判別":null,"地図名":"鵡改Ａ（１０００）図無Ｈ１３","地図番号":"改A-11","縮尺分母":"1000","市区町村コード":"01586","市区町村名":"勇払郡むかわ町","大字コード":"017","丁目コード":"000","小字コード":"0000","予備コード":"00","大字名":"宮戸","丁目名":null,"小字名":null,"予備名":null,"地番":"741-3","精度区分":null,"座標値種別":null,"筆界未定構成筆":null,"代表点緯度":-158479.3845,"代表点経度":-23412.250880084}},{"type":"MultiPolygon","arcs":[[[-38,42,43,-42]]],"properties":{"筆ID":"H000000016","version":"ver1.0","座標系":"任意座標系","測地系判別":null,"地図名":"鵡改Ａ（１０００）図無Ｈ１３","地図番号":"改A-10","縮尺分母":"1000","市区町村コード":"01586","市区町村名":"勇払郡むかわ町","大字コード":"017","丁目コード":"000","小字コード":"0000","予備コード":"00","大字名":"宮戸","丁目名":null,"小字名":null,"予備名":null,"地番":"742-1","精度区分":null,"座標値種別":null,"筆界未定構成筆":null,"代表点緯度":-158479.203,"代表点経度":-23358.874102784}},{"type":"MultiPolygon","arcs":[[[44,45,-27,46]]],"properties":{"筆ID":"H000000017","version":"ver1.0","座標系":"任意座標系","測地系判別":null,"地図名":"鵡改Ａ（１０００）図無Ｈ１３","地図番号":"改A-11","縮尺分母":"1000","市区町村コード":"01586","市区町村名":"勇払郡むかわ町","大字コード":"017","丁目コード":"000","小字コード":"0000","予備コード":"00","大字名":"宮戸","丁目名":null,"小字名":null,"予備名":null,"地番":"742-2","精度区分":null,"座標値種別":null,"筆界未定構成筆":null,"代表点緯度":-158482.8995,"代表点経度":-23411.765497519}},{"type":"MultiPolygon","arcs":[[[-44,47,48,-47,-30,-40]]],"properties":{"筆ID":"H000000018","version":"ver1.0","座標系":"任意座標系","測地系判別":null,"地図名":"鵡改Ａ（１０００）図無Ｈ１３","地図番号":"改A-11","縮尺分母":"1000","市区町村コード":"01586","市区町村名":"勇払郡むかわ町","大字コード":"017","丁目コード":"000","小字コード":"0000","予備コード":"00","大字名":"宮戸","丁目名":null,"小字名":null,"予備名":null,"地番":"742-3","精度区分":null,"座標値種別":null,"筆界未定構成筆":null,"代表点緯度":-158481.4055,"代表点経度":-23411.752967233}},{"type":"MultiPolygon","arcs":[[[49,50,-49]]],"properties":{"筆ID":"H000000019","version":"ver1.0","座標系":"任意座標系","測地系判別":null,"地図名":"鵡改Ａ（１０００）図無Ｈ１３","地図番号":"改A-10","縮尺分母":"1000","市区町村コード":"01586","市区町村名":"勇払郡むかわ町","大字コード":"017","丁目コード":"000","小字コード":"0000","予備コード":"00","大字名":"宮戸","丁目名":null,"小字名":null,"予備名":null,"地番":"743-1","精度区分":null,"座標値種別":null,"筆界未定構成筆":null,"代表点緯度":-158481.074,"代表点経度":-23357.799669753}},{"type":"MultiPolygon","arcs":[[[-51,51,52,-45]]],"properties":{"筆ID":"H000000020","version":"ver1.0","座標系":"任意座標系","測地系判別":null,"地図名":"鵡改Ａ（１０００）図無Ｈ１３","地図番号":"改A-10","縮尺分母":"1000","市区町村コード":"01586","市区町村名":"勇払郡むかわ町","大字コード":"017","丁目コード":"000","小字コード":"0000","予備コード":"00","大字名":"宮戸","丁目名":null,"小字名":null,"予備名":null,"地番":"743-2","精度区分":null,"座標値種別":null,"筆界未定構成筆":null,"代表点緯度":-158482.5065,"代表点経度":-23357.797900018}},{"type":"MultiPolygon","arcs":[[[53,54,55,-37,-35,56]]],"properties":{"筆ID":"H000000021","version":"ver1.0","座標系":"任意座標系","測地系判別":null,"地図名":"鵡改Ａ（１０００）図無Ｈ１３","地図番号":"改A-10","縮尺分母":"1000","市区町村コード":"01586","市区町村名":"勇払郡むかわ町","大字コード":"017","丁目コード":"000","小字コード":"0000","予備コード":"00","大字名":"宮戸","丁目名":null,"小字名":null,"予備名":null,"地番":"744-1","精度区分":null,"座標値種別":null,"筆界未定構成筆":null,"代表点緯度":-158360.3825,"代表点経度":-23324.534010059}},{"type":"MultiPolygon","arcs":[[[57,58,-52,59]]],"properties":{"筆ID":"H000000022","version":"ver1.0","座標系":"任意座標系","測地系判別":null,"地図名":"鵡改Ａ（１０００）図無Ｈ１３","地図番号":"改A-10","縮尺分母":"1000","市区町村コード":"01586","市区町村名":"勇払郡むかわ町","大字コード":"017","丁目コード":"000","小字コード":"0000","予備コード":"00","大字名":"宮戸","丁目名":null,"小字名":null,"予備名":null,"地番":"744-2","精度区分":null,"座標値種別":null,"筆界未定構成筆":null,"代表点緯度":-158482.235,"代表点経度":-23322.614429041}},{"type":"MultiPolygon","arcs":[[[60,61,-60,-50,-48,-43,-56]]],"properties":{"筆ID":"H000000023","version":"ver1.0","座標系":"任意座標系","測地系判別":null,"地図名":"鵡改Ａ（１０００）図無Ｈ１３","地図番号":"改A-10","縮尺分母":"1000","市区町村コード":"01586","市区町村名":"勇払郡むかわ町","大字コード":"017","丁目コード":"000","小字コード":"0000","予備コード":"00","大字名":"宮戸","丁目名":null,"小字名":null,"予備名":null,"地番":"744-3","精度区分":null,"座標値種別":null,"筆界未定構成筆":null,"代表点緯度":-158479.056,"代表点経度":-23323.464698098}},{"type":"MultiPolygon","arcs":[[[62,63,-54,64]]],"properties":{"筆ID":"H000000024","version":"ver1.0","座標系":"任意座標系","測地系判別":null,"地図名":"鵡改Ａ（１０００）図無Ｈ１３","地図番号":"改A-9","縮尺分母":"1000","市区町村コード":"01586","市区町村名":"勇払郡むかわ町","大字コード":"017","丁目コード":"000","小字コード":"0000","予備コード":"00","大字名":"宮戸","丁目名":null,"小字名":null,"予備名":null,"地番":"745","精度区分":null,"座標値種別":null,"筆界未定構成筆":null,"代表点緯度":-158359.2725,"代表点経度":-23320.765386056}},{"type":"MultiPolygon","arcs":[[[65,66,67,-63,68]]],"properties":{"筆ID":"H000000025","version":"ver1.0","座標系":"任意座標系","測地系判別":null,"地図名":"鵡改Ａ（１０００）図無Ｈ１３","地図番号":"改A-9","縮尺分母":"1000","市区町村コード":"01586","市区町村名":"勇払郡むかわ町","大字コード":"017","丁目コード":"000","小字コード":"0000","予備コード":"00","大字名":"宮戸","丁目名":null,"小字名":null,"予備名":null,"地番":"746-1","精度区分":null,"座標値種別":null,"筆界未定構成筆":null,"代表点緯度":-158368.0825,"代表点経度":-23253.827485907}},{"type":"MultiPolygon","arcs":[[[69,70,71]]],"properties":{"筆ID":"H000000026","version":"ver1.0","座標系":"任意座標系","測地系判別":null,"地図名":"鵡改Ａ（１０００）図無Ｈ１３","地図番号":"改A-9","縮尺分母":"1000","市区町村コード":"01586","市区町村名":"勇払郡むかわ町","大字コード":"017","丁目コード":"000","小字コード":"0000","予備コード":"00","大字名":"宮戸","丁目名":null,"小字名":null,"予備名":null,"地番":"746-2","精度区分":null,"座標値種別":null,"筆界未定構成筆":null,"代表点緯度":-158257.7715,"代表点経度":-23178.644178762}},{"type":"MultiPolygon","arcs":[[[-71,72,73,74,75]]],"properties":{"筆ID":"H000000027","version":"ver1.0","座標系":"任意座標系","測地系判別":null,"地図名":"鵡改Ａ（１０００）図無Ｈ１３","地図番号":"改A-9","縮尺分母":"1000","市区町村コード":"01586","市区町村名":"勇払郡むかわ町","大字コード":"017","丁目コード":"000","小字コード":"0000","予備コード":"00","大字名":"宮戸","丁目名":null,"小字名":null,"予備名":null,"地番":"746-3","精度区分":null,"座標値種別":null,"筆界未定構成筆":null,"代表点緯度":-158308.1385,"代表点経度":-23206.306039265}},{"type":"MultiPolygon","arcs":[[[-75,76,-66,77]]],"properties":{"筆ID":"H000000028","version":"ver1.0","座標系":"任意座標系","測地系判別":null,"地図名":"鵡改Ａ（１０００）図無Ｈ１３","地図番号":"改A-9","縮尺分母":"1000","市区町村コード":"01586","市区町村名":"勇払郡むかわ町","大字コード":"017","丁目コード":"000","小字コード":"0000","予備コード":"00","大字名":"宮戸","丁目名":null,"小字名":null,"予備名":null,"地番":"746-4","精度区分":null,"座標値種別":null,"筆界未定構成筆":null,"代表点緯度":-158313.117,"代表点経度":-23222.294994967}},{"type":"MultiPolygon","arcs":[[[-68,78,79,80,81,82,83,84,85,86,87,-55,-64]]],"properties":{"筆ID":"H000000029","version":"ver1.0","座標系":"任意座標系","測地系判別":null,"地図名":"鵡改Ａ（１０００）図無Ｈ１３","地図番号":"改A-10","縮尺分母":"1000","市区町村コード":"01586","市区町村名":"勇払郡むかわ町","大字コード":"017","丁目コード":"000","小字コード":"0000","予備コード":"00","大字名":"宮戸","丁目名":null,"小字名":null,"予備名":null,"地番":"747-1","精度区分":null,"座標値種別":null,"筆界未定構成筆":null,"代表点緯度":-158455.646,"代表点経度":-23319.474196966}},{"type":"MultiPolygon","arcs":[[[88,89,-61,-88]]],"properties":{"筆ID":"H000000030","version":"ver1.0","座標系":"任意座標系","測地系判別":null,"地図名":"鵡改Ａ（１０００）図無Ｈ１３","地図番号":"改A-10","縮尺分母":"1000","市区町村コード":"01586","市区町村名":"勇払郡むかわ町","大字コード":"017","丁目コード":"000","小字コード":"0000","予備コード":"00","大字名":"宮戸","丁目名":null,"小字名":null,"予備名":null,"地番":"747-2","精度区分":null,"座標値種別":null,"筆界未定構成筆":null,"代表点緯度":-158479.04,"代表点経度":-23318.527589354}},{"type":"MultiPolygon","arcs":[[[90,91,-86,92,93,94]]],"properties":{"筆ID":"H000000031","version":"ver1.0","座標系":"任意座標系","測地系判別":null,"地図名":"鵡改Ａ（１０００）図無Ｈ１３","地図番号":"改A-10","縮尺分母":"1000","市区町村コード":"01586","市区町村名":"勇払郡むかわ町","大字コード":"017","丁目コード":"000","小字コード":"0000","予備コード":"00","大字名":"宮戸","丁目名":null,"小字名":null,"予備名":null,"地番":"748-1","精度区分":null,"座標値種別":null,"筆界未定構成筆":null,"代表点緯度":-158456.9315,"代表点経度":-23207.694810168}},{"type":"MultiPolygon","arcs":[[[95,96,97]]],"properties":{"筆ID":"H000000032","version":"ver1.0","座標系":"任意座標系","測地系判別":null,"地図名":"鵡改Ａ（１０００）図無Ｈ１３","地図番号":"改A-10","縮尺分母":"1000","市区町村コード":"01586","市区町村名":"勇払郡むかわ町","大字コード":"017","丁目コード":"000","小字コード":"0000","予備コード":"00","大字名":"宮戸","丁目名":null,"小字名":null,"予備名":null,"地番":"748-2","精度区分":null,"座標値種別":null,"筆界未定構成筆":null,"代表点緯度":-158477.988,"代表点経度":-23186.186}},{"type":"MultiPolygon","arcs":[[[-91,98,-96,99]]],"properties":{"筆ID":"H000000033","version":"ver1.0","座標系":"任意座標系","測地系判別":null,"地図名":"鵡改Ａ（１０００）図無Ｈ１３","地図番号":"改A-10","縮尺分母":"1000","市区町村コード":"01586","市区町村名":"勇払郡むかわ町","大字コード":"017","丁目コード":"000","小字コード":"0000","予備コード":"00","大字名":"宮戸","丁目名":null,"小字名":null,"予備名":null,"地番":"748-3","精度区分":null,"座標値種別":null,"筆界未定構成筆":null,"代表点緯度":-158477.148,"代表点経度":-23208.028696245}},{"type":"MultiPolygon","arcs":[[[100,-87,-92]]],"properties":{"筆ID":"H000000034","version":"ver1.0","座標系":"任意座標系","測地系判別":null,"地図名":"鵡改Ａ（１０００）図無Ｈ１３","地図番号":"改A-10","縮尺分母":"1000","市区町村コード":"01586","市区町村名":"勇払郡むかわ町","大字コード":"017","丁目コード":"000","小字コード":"0000","予備コード":"00","大字名":"宮戸","丁目名":null,"小字名":null,"予備名":null,"地番":"749-1","精度区分":null,"座標値種別":null,"筆界未定構成筆":null,"代表点緯度":-158455.7485,"代表点経度":-23284.945506511}},{"type":"MultiPolygon","arcs":[[[-98,101,102]]],"properties":{"筆ID":"H000000035","version":"ver1.0","座標系":"任意座標系","測地系判別":null,"地図名":"鵡改Ａ（１０００）図無Ｈ１３","地図番号":"改A-10","縮尺分母":"1000","市区町村コード":"01586","市区町村名":"勇払郡むかわ町","大字コード":"017","丁目コード":"000","小字コード":"0000","予備コード":"00","大字名":"宮戸","丁目名":null,"小字名":null,"予備名":null,"地番":"749-2","精度区分":null,"座標値種別":null,"筆界未定構成筆":null,"代表点緯度":-158479.2055,"代表点経度":-23274.00870695}},{"type":"MultiPolygon","arcs":[[[-100,-103,-89,-101]]],"properties":{"筆ID":"H000000036","version":"ver1.0","座標系":"任意座標系","測地系判別":null,"地図名":"鵡改Ａ（１０００）図無Ｈ１３","地図番号":"改A-10","縮尺分母":"1000","市区町村コード":"01586","市区町村名":"勇払郡むかわ町","大字コード":"017","丁目コード":"000","小字コード":"0000","予備コード":"00","大字名":"宮戸","丁目名":null,"小字名":null,"予備名":null,"地番":"749-3","精度区分":null,"座標値種別":null,"筆界未定構成筆":null,"代表点緯度":-158478.9955,"代表点経度":-23300.63595196}},{"type":"MultiPolygon","arcs":[[[-77,-74,103,-79,-67]]],"properties":{"筆ID":"H000000037","version":"ver1.0","座標系":"任意座標系","測地系判別":null,"地図名":"鵡改Ａ（１０００）図無Ｈ１３","地図番号":"改A-9","縮尺分母":"1000","市区町村コード":"01586","市区町村名":"勇払郡むかわ町","大字コード":"017","丁目コード":"000","小字コード":"0000","予備コード":"00","大字名":"宮戸","丁目名":null,"小字名":null,"予備名":null,"地番":"750","精度区分":null,"座標値種別":null,"筆界未定構成筆":null,"代表点緯度":-158368.0825,"代表点経度":-23187.01752465}},{"type":"MultiPolygon","arcs":[[[-73,-70,104,105,106,107,108,109,-80,-104]]],"properties":{"筆ID":"H000000038","version":"ver1.0","座標系":"任意座標系","測地系判別":null,"地図名":"鵡改Ａ（１０００）図無Ｈ１３","地図番号":"改A-9","縮尺分母":"1000","市区町村コード":"01586","市区町村名":"勇払郡むかわ町","大字コード":"017","丁目コード":"000","小字コード":"0000","予備コード":"00","大字名":"宮戸","丁目名":null,"小字名":null,"予備名":null,"地番":"751","精度区分":null,"座標値種別":null,"筆界未定構成筆":null,"代表点緯度":-158329.2965,"代表点経度":-23180.190110539}},{"type":"MultiPolygon","arcs":[[[110,111,-95,112,-93,-85]]],"properties":{"筆ID":"H000000039","version":"ver1.0","座標系":"任意座標系","測地系判別":null,"地図名":"鵡改Ａ（１０００）図無Ｈ１３","地図番号":"改A-10","縮尺分母":"1000","市区町村コード":"01586","市区町村名":"勇払郡むかわ町","大字コード":"017","丁目コード":"000","小字コード":"0000","予備コード":"00","大字名":"宮戸","丁目名":null,"小字名":null,"予備名":null,"地番":"752-1","精度区分":null,"座標値種別":null,"筆界未定構成筆":null,"代表点緯度":-158456.927,"代表点経度":-23161.328344452}},{"type":"MultiPolygon","arcs":[[[-102,-97,113,114,115,-58,116]]],"properties":{"筆ID":"H000000040","version":"ver1.0","座標系":"任意座標系","測地系判別":null,"地図名":"鵡改Ａ（１０００）図無Ｈ１３","地図番号":"改A-10","縮尺分母":"1000","市区町村コード":"01586","市区町村名":"勇払郡むかわ町","大字コード":"017","丁目コード":"000","小字コード":"0000","予備コード":"00","大字名":"宮戸","丁目名":null,"小字名":null,"予備名":null,"地番":"752-2","精度区分":null,"座標値種別":null,"筆界未定構成筆":null,"代表点緯度":-158480.0505,"代表点経度":-23221.815809966}},{"type":"MultiPolygon","arcs":[[[-117,-62,-90]]],"properties":{"筆ID":"H000000041","version":"ver1.0","座標系":"任意座標系","測地系判別":null,"地図名":"鵡改Ａ（１０００）図無Ｈ１３","地図番号":"改A-10","縮尺分母":"1000","市区町村コード":"01586","市区町村名":"勇払郡むかわ町","大字コード":"017","丁目コード":"000","小字コード":"0000","予備コード":"00","大字名":"宮戸","丁目名":null,"小字名":null,"予備名":null,"地番":"752-3","精度区分":null,"座標値種別":null,"筆界未定構成筆":null,"代表点緯度":-158480.6865,"代表点経度":-23318.631275}},{"type":"MultiPolygon","arcs":[[[-112,117,-114,-99]]],"properties":{"筆ID":"H000000042","version":"ver1.0","座標系":"任意座標系","測地系判別":null,"地図名":"鵡改Ａ（１０００）図無Ｈ１３","地図番号":"改A-10","縮尺分母":"1000","市区町村コード":"01586","市区町村名":"勇払郡むかわ町","大字コード":"017","丁目コード":"000","小字コード":"0000","予備コード":"00","大字名":"宮戸","丁目名":null,"小字名":null,"予備名":null,"地番":"752-4","精度区分":null,"座標値種別":null,"筆界未定構成筆":null,"代表点緯度":-158478.2815,"代表点経度":-23160.347946997}},{"type":"MultiPolygon","arcs":[[[-94,-113]]],"properties":{"筆ID":"H000000043","version":"ver1.0","座標系":"任意座標系","測地系判別":null,"地図名":"鵡改Ａ（１０００）図無Ｈ１３","地図番号":"改A-10","縮尺分母":"1000","市区町村コード":"01586","市区町村名":"勇払郡むかわ町","大字コード":"017","丁目コード":"000","小字コード":"0000","予備コード":"00","大字名":"宮戸","丁目名":null,"小字名":null,"予備名":null,"地番":"753","精度区分":null,"座標値種別":null,"筆界未定構成筆":null,"代表点緯度":-158427.638,"代表点経度":-23163.969855316}},{"type":"MultiPolygon","arcs":[[[118,119,-81,-110]]],"properties":{"筆ID":"H000000044","version":"ver1.0","座標系":"任意座標系","測地系判別":null,"地図名":"鵡改Ａ（１０００）図無Ｈ１３","地図番号":"改A-9","縮尺分母":"1000","市区町村コード":"01586","市区町村名":"勇払郡むかわ町","大字コード":"017","丁目コード":"000","小字コード":"0000","予備コード":"00","大字名":"宮戸","丁目名":null,"小字名":null,"予備名":null,"地番":"754-1","精度区分":null,"座標値種別":null,"筆界未定構成筆":null,"代表点緯度":-158370.842,"代表点経度":-23141.950167687}},{"type":"MultiPolygon","arcs":[[[120,121,122,123,-106]]],"properties":{"筆ID":"H000000045","version":"ver1.0","座標系":"任意座標系","測地系判別":null,"地図名":"鵡改Ａ（１０００）図無Ｈ１３","地図番号":"改A-9","縮尺分母":"1000","市区町村コード":"01586","市区町村名":"勇払郡むかわ町","大字コード":"017","丁目コード":"000","小字コード":"0000","予備コード":"00","大字名":"宮戸","丁目名":null,"小字名":null,"予備名":null,"地番":"754-2","精度区分":null,"座標値種別":null,"筆界未定構成筆":null,"代表点緯度":-158234.6875,"代表点経度":-23088.677529799}},{"type":"MultiPolygon","arcs":[[[124,125,126,-108]]],"properties":{"筆ID":"H000000046","version":"ver1.0","座標系":"任意座標系","測地系判別":null,"地図名":"鵡改Ａ（１０００）図無Ｈ１３","地図番号":"改A-9","縮尺分母":"1000","市区町村コード":"01586","市区町村名":"勇払郡むかわ町","大字コード":"017","丁目コード":"000","小字コード":"0000","予備コード":"00","大字名":"宮戸","丁目名":null,"小字名":null,"予備名":null,"地番":"754-3","精度区分":null,"座標値種別":null,"筆界未定構成筆":null,"代表点緯度":-158318.964,"代表点経度":-23116.050152086}},{"type":"MultiPolygon","arcs":[[[-127,127,-119,-109]]],"properties":{"筆ID":"H000000047","version":"ver1.0","座標系":"任意座標系","測地系判別":null,"地図名":"鵡改Ａ（１０００）図無Ｈ１３","地図番号":"改A-9","縮尺分母":"1000","市区町村コード":"01586","市区町村名":"勇払郡むかわ町","大字コード":"017","丁目コード":"000","小字コード":"0000","予備コード":"00","大字名":"宮戸","丁目名":null,"小字名":null,"予備名":null,"地番":"754-4","精度区分":null,"座標値種別":null,"筆界未定構成筆":null,"代表点緯度":-158364.818,"代表点経度":-23103.724581335}},{"type":"MultiPolygon","arcs":[[[-124,128,-125,-107]]],"properties":{"筆ID":"H000000048","version":"ver1.0","座標系":"任意座標系","測地系判別":null,"地図名":"鵡改Ａ（１０００）図無Ｈ１３","地図番号":"改A-9","縮尺分母":"1000","市区町村コード":"01586","市区町村名":"勇払郡むかわ町","大字コード":"017","丁目コード":"000","小字コード":"0000","予備コード":"00","大字名":"宮戸","丁目名":null,"小字名":null,"予備名":null,"地番":"754-5","精度区分":null,"座標値種別":null,"筆界未定構成筆":null,"代表点緯度":-158284.487,"代表点経度":-23108.900233211}},{"type":"MultiPolygon","arcs":[[[129,130,131,132,133,134,135,136,137,-82,-120,-128,-126,-129,-123,138]]],"properties":{"筆ID":"H000000049","version":"ver1.0","座標系":"任意座標系","測地系判別":null,"地図名":"鵡改Ａ（１０００）図無Ｈ１３","地図番号":"改A-10","縮尺分母":"1000","市区町村コード":"01586","市区町村名":"勇払郡むかわ町","大字コード":"017","丁目コード":"000","小字コード":"0000","予備コード":"00","大字名":"宮戸","丁目名":null,"小字名":null,"予備名":null,"地番":"755-1","精度区分":null,"座標値種別":null,"筆界未定構成筆":null,"代表点緯度":-158345.9235,"代表点経度":-23053.024391355}},{"type":"MultiPolygon","arcs":[[[139,140,141,-134]]],"properties":{"筆ID":"H000000050","version":"ver1.0","座標系":"任意座標系","測地系判別":null,"地図名":"鵡改Ａ（１０００）図無Ｈ１３","地図番号":"改A-10","縮尺分母":"1000","市区町村コード":"01586","市区町村名":"勇払郡むかわ町","大字コード":"017","丁目コード":"000","小字コード":"0000","予備コード":"00","大字名":"宮戸","丁目名":null,"小字名":null,"予備名":null,"地番":"755-2","精度区分":null,"座標値種別":null,"筆界未定構成筆":null,"代表点緯度":-158478.688,"代表点経度":-23051.944589763}},{"type":"MultiPolygon","arcs":[[[142,143,144,145,146,147,148,-130]]],"properties":{"筆ID":"H000000051","version":"ver1.0","座標系":"任意座標系","測地系判別":null,"地図名":"鵡改Ａ（１０００）図無Ｈ１３","地図番号":"改A-9","縮尺分母":"1000","市区町村コード":"01586","市区町村名":"勇払郡むかわ町","大字コード":"017","丁目コード":"000","小字コード":"0000","予備コード":"00","大字名":"宮戸","丁目名":null,"小字名":null,"予備名":null,"地番":"756","精度区分":null,"座標値種別":null,"筆界未定構成筆":null,"代表点緯度":-158256.5125,"代表点経度":-23050.163402125}},{"type":"MultiPolygon","arcs":[[[-138,149,150,-83]]],"properties":{"筆ID":"H000000052","version":"ver1.0","座標系":"任意座標系","測地系判別":null,"地図名":"鵡改Ａ（１０００）図無Ｈ１３","地図番号":"改A-10","縮尺分母":"1000","市区町村コード":"01586","市区町村名":"勇払郡むかわ町","大字コード":"017","丁目コード":"000","小字コード":"0000","予備コード":"00","大字名":"宮戸","丁目名":null,"小字名":null,"予備名":null,"地番":"757-1","精度区分":null,"座標値種別":null,"筆界未定構成筆":null,"代表点緯度":-158428.8525,"代表点経度":-23080.245471004}},{"type":"MultiPolygon","arcs":[[[151,152,-115]]],"properties":{"筆ID":"H000000053","version":"ver1.0","座標系":"任意座標系","測地系判別":null,"地図名":"鵡改Ａ（１０００）図無Ｈ１３","地図番号":"改A-10","縮尺分母":"1000","市区町村コード":"01586","市区町村名":"勇払郡むかわ町","大字コード":"017","丁目コード":"000","小字コード":"0000","予備コード":"00","大字名":"宮戸","丁目名":null,"小字名":null,"予備名":null,"地番":"757-2","精度区分":null,"座標値種別":null,"筆界未定構成筆":null,"代表点緯度":-158480.5565,"代表点経度":-23137.986869887}},{"type":"MultiPolygon","arcs":[[[153,-142,154,-152,-118]]],"properties":{"筆ID":"H000000054","version":"ver1.0","座標系":"任意座標系","測地系判別":null,"地図名":"鵡改Ａ（１０００）図無Ｈ１３","地図番号":"改A-10","縮尺分母":"1000","市区町村コード":"01586","市区町村名":"勇払郡むかわ町","大字コード":"017","丁目コード":"000","小字コード":"0000","予備コード":"00","大字名":"宮戸","丁目名":null,"小字名":null,"予備名":null,"地番":"757-3","精度区分":null,"座標値種別":null,"筆界未定構成筆":null,"代表点緯度":-158477.991,"代表点経度":-23106.860652766}},{"type":"MultiPolygon","arcs":[[[-84,-151,155,-135,-154,-111]]],"properties":{"筆ID":"H000000055","version":"ver1.0","座標系":"任意座標系","測地系判別":null,"地図名":"鵡改Ａ（１０００）図無Ｈ１３","地図番号":"改A-10","縮尺分母":"1000","市区町村コード":"01586","市区町村名":"勇払郡むかわ町","大字コード":"017","丁目コード":"000","小字コード":"0000","予備コード":"00","大字名":"宮戸","丁目名":null,"小字名":null,"予備名":null,"地番":"757-4","精度区分":null,"座標値種別":null,"筆界未定構成筆":null,"代表点緯度":-158431.102,"代表点経度":-23131.857724478}},{"type":"MultiPolygon","arcs":[[[-137,156,-150]]],"properties":{"筆ID":"H000000056","version":"ver1.0","座標系":"任意座標系","測地系判別":null,"地図名":"鵡改Ａ（１０００）図無Ｈ１３","地図番号":"改A-10","縮尺分母":"1000","市区町村コード":"01586","市区町村名":"勇払郡むかわ町","大字コード":"017","丁目コード":"000","小字コード":"0000","予備コード":"00","大字名":"宮戸","丁目名":null,"小字名":null,"予備名":null,"地番":"758-1","精度区分":null,"座標値種別":null,"筆界未定構成筆":null,"代表点緯度":-158448.926,"代表点経度":-23061.874656592}},{"type":"MultiPolygon","arcs":[[[-136,-156,-157]]],"properties":{"筆ID":"H000000057","version":"ver1.0","座標系":"任意座標系","測地系判別":null,"地図名":"鵡改Ａ（１０００）図無Ｈ１３","地図番号":"改A-10","縮尺分母":"1000","市区町村コード":"01586","市区町村名":"勇払郡むかわ町","大字コード":"017","丁目コード":"000","小字コード":"0000","予備コード":"00","大字名":"宮戸","丁目名":null,"小字名":null,"予備名":null,"地番":"758-2","精度区分":null,"座標値種別":null,"筆界未定構成筆":null,"代表点緯度":-158461.134,"代表点経度":-23060.931908803}},{"type":"MultiPolygon","arcs":[[[157,-132,158]]],"properties":{"筆ID":"H000000058","version":"ver1.0","座標系":"任意座標系","測地系判別":null,"地図名":"鵡改Ａ（１０００）図無Ｈ１３","地図番号":"改A-10","縮尺分母":"1000","市区町村コード":"01586","市区町村名":"勇払郡むかわ町","大字コード":"017","丁目コード":"000","小字コード":"0000","予備コード":"00","大字名":"宮戸","丁目名":null,"小字名":null,"予備名":null,"地番":"759","精度区分":null,"座標値種別":null,"筆界未定構成筆":null,"代表点緯度":-158441.7215,"代表点経度":-23049.49524654}},{"type":"MultiPolygon","arcs":[[[159,160,161,162,-133,-158]]],"properties":{"筆ID":"H000000059","version":"ver1.0","座標系":"任意座標系","測地系判別":null,"地図名":"鵡改Ａ（１０００）図無Ｈ１３","地図番号":"改A-10","縮尺分母":"1000","市区町村コード":"01586","市区町村名":"勇払郡むかわ町","大字コード":"017","丁目コード":"000","小字コード":"0000","予備コード":"00","大字名":"宮戸","丁目名":null,"小字名":null,"予備名":null,"地番":"760-1","精度区分":null,"座標値種別":null,"筆界未定構成筆":null,"代表点緯度":-158435.4615,"代表点経度":-23007.498784486}},{"type":"MultiPolygon","arcs":[[[-162,163,164,165,166,167,168]]],"properties":{"筆ID":"H000000060","version":"ver1.0","座標系":"任意座標系","測地系判別":null,"地図名":"鵡改Ａ（１０００）図無Ｈ１３","地図番号":"改A-7","縮尺分母":"1000","市区町村コード":"01586","市区町村名":"勇払郡むかわ町","大字コード":"017","丁目コード":"000","小字コード":"0000","予備コード":"00","大字名":"宮戸","丁目名":null,"小字名":null,"予備名":null,"地番":"760-2","精度区分":null,"座標値種別":null,"筆界未定構成筆":null,"代表点緯度":-158431.6825,"代表点経度":-22919.282361422}},{"type":"MultiPolygon","arcs":[[[-169,169,-140,-163]]],"properties":{"筆ID":"H000000061","version":"ver1.0","座標系":"任意座標系","測地系判別":null,"地図名":"鵡改Ａ（１０００）図無Ｈ１３","地図番号":"改A-10","縮尺分母":"1000","市区町村コード":"01586","市区町村名":"勇払郡むかわ町","大字コード":"017","丁目コード":"000","小字コード":"0000","予備コード":"00","大字名":"宮戸","丁目名":null,"小字名":null,"予備名":null,"地番":"760-3","精度区分":null,"座標値種別":null,"筆界未定構成筆":null,"代表点緯度":-158478.5285,"代表点経度":-22985.585678664}},{"type":"MultiPolygon","arcs":[[[-165,170,171]]],"properties":{"筆ID":"H000000062","version":"ver1.0","座標系":"任意座標系","測地系判別":null,"地図名":"鵡改Ａ（１０００）図無Ｈ１３","地図番号":"改A-10","縮尺分母":"1000","市区町村コード":"01586","市区町村名":"勇払郡むかわ町","大字コード":"017","丁目コード":"000","小字コード":"0000","予備コード":"00","大字名":"宮戸","丁目名":null,"小字名":null,"予備名":null,"地番":"760-4","精度区分":null,"座標値種別":null,"筆界未定構成筆":null,"代表点緯度":-158429.1195,"代表点経度":-22941.688107922}},{"type":"MultiPolygon","arcs":[[[-171,-164,-161,172]]],"properties":{"筆ID":"H000000063","version":"ver1.0","座標系":"任意座標系","測地系判別":null,"地図名":"鵡改Ａ（１０００）図無Ｈ１３","地図番号":"改A-10","縮尺分母":"1000","市区町村コード":"01586","市区町村名":"勇払郡むかわ町","大字コード":"017","丁目コード":"000","小字コード":"0000","予備コード":"00","大字名":"宮戸","丁目名":null,"小字名":null,"予備名":null,"地番":"760-5","精度区分":null,"座標値種別":null,"筆界未定構成筆":null,"代表点緯度":-158429.167,"代表点経度":-22970.367237487}},{"type":"MultiPolygon","arcs":[[[173,174,175,176,-172,-173,-160,-159,-131,-149]]],"properties":{"筆ID":"H000000064","version":"ver1.0","座標系":"任意座標系","測地系判別":null,"地図名":"鵡改Ａ（１０００）図無Ｈ１３","地図番号":"改A-9","縮尺分母":"1000","市区町村コード":"01586","市区町村名":"勇払郡むかわ町","大字コード":"017","丁目コード":"000","小字コード":"0000","予備コード":"00","大字名":"宮戸","丁目名":null,"小字名":null,"予備名":null,"地番":"761-1","精度区分":null,"座標値種別":null,"筆界未定構成筆":null,"代表点緯度":-158408.2945,"代表点経度":-22985.187120673}},{"type":"MultiPolygon","arcs":[[[177,178,179,180,-166,-177]]],"properties":{"筆ID":"H000000065","version":"ver1.0","座標系":"任意座標系","測地系判別":null,"地図名":"鵡改Ａ（１０００）図無Ｈ１３","地図番号":"改A-6","縮尺分母":"1000","市区町村コード":"01586","市区町村名":"勇払郡むかわ町","大字コード":"017","丁目コード":"000","小字コード":"0000","予備コード":"00","大字名":"宮戸","丁目名":null,"小字名":null,"予備名":null,"地番":"761-2","精度区分":null,"座標値種別":null,"筆界未定構成筆":null,"代表点緯度":-158407.9595,"代表点経度":-22917.896495485}},{"type":"MultiPolygon","arcs":[[[181,182,183,184,185,-144]]],"properties":{"筆ID":"H000000066","version":"ver1.0","座標系":"任意座標系","測地系判別":null,"地図名":"鵡改Ａ（１０００）図無Ｈ１３","地図番号":"改A-9","縮尺分母":"1000","市区町村コード":"01586","市区町村名":"勇払郡むかわ町","大字コード":"017","丁目コード":"000","小字コード":"0000","予備コード":"00","大字名":"宮戸","丁目名":null,"小字名":null,"予備名":null,"地番":"762-1","精度区分":null,"座標値種別":null,"筆界未定構成筆":null,"代表点緯度":-158256.8425,"代表点経度":-22981.620977154}},{"type":"MultiPolygon","arcs":[[[186,-185,187,-178,188]]],"properties":{"筆ID":"H000000067","version":"ver1.0","座標系":"任意座標系","測地系判別":null,"地図名":"鵡改Ａ（１０００）図無Ｈ１３","地図番号":"改A-6","縮尺分母":"1000","市区町村コード":"01586","市区町村名":"勇払郡むかわ町","大字コード":"017","丁目コード":"000","小字コード":"0000","予備コード":"00","大字名":"宮戸","丁目名":null,"小字名":null,"予備名":null,"地番":"762-2","精度区分":null,"座標値種別":null,"筆界未定構成筆":null,"代表点緯度":-158291.662,"代表点経度":-22914.790689131}},{"type":"MultiPolygon","arcs":[[[189,190,-183]]],"properties":{"筆ID":"H000000068","version":"ver1.0","座標系":"任意座標系","測地系判別":null,"地図名":"鵡改Ａ（１０００）図無Ｈ１３","地図番号":"改A-6","縮尺分母":"1000","市区町村コード":"01586","市区町村名":"勇払郡むかわ町","大字コード":"017","丁目コード":"000","小字コード":"0000","予備コード":"00","大字名":"宮戸","丁目名":null,"小字名":null,"予備名":null,"地番":"762-3","精度区分":null,"座標値種別":null,"筆界未定構成筆":null,"代表点緯度":-158164.646,"代表点経度":-22910.608809055}},{"type":"MultiPolygon","arcs":[[[-174,-148,191]]],"properties":{"筆ID":"H000000069","version":"ver1.0","座標系":"任意座標系","測地系判別":null,"地図名":"鵡改Ａ（１０００）図無Ｈ１３","地図番号":"改A-9","縮尺分母":"1000","市区町村コード":"01586","市区町村名":"勇払郡むかわ町","大字コード":"017","丁目コード":"000","小字コード":"0000","予備コード":"00","大字名":"宮戸","丁目名":null,"小字名":null,"予備名":null,"地番":"762-4","精度区分":null,"座標値種別":null,"筆界未定構成筆":null,"代表点緯度":-158397.34,"代表点経度":-23039.415434409}},{"type":"MultiPolygon","arcs":[[[-189,-176,192,-146,193]]],"properties":{"筆ID":"H000000070","version":"ver1.0","座標系":"任意座標系","測地系判別":null,"地図名":"鵡改Ａ（１０００）図無Ｈ１３","地図番号":"改A-9","縮尺分母":"1000","市区町村コード":"01586","市区町村名":"勇払郡むかわ町","大字コード":"017","丁目コード":"000","小字コード":"0000","予備コード":"00","大字名":"宮戸","丁目名":null,"小字名":null,"予備名":null,"地番":"762-5","精度区分":null,"座標値種別":null,"筆界未定構成筆":null,"代表点緯度":-158361.7535,"代表点経度":-23001.473841861}},{"type":"MultiPolygon","arcs":[[[-187,-194,-145,-186]]],"properties":{"筆ID":"H000000071","version":"ver1.0","座標系":"任意座標系","測地系判別":null,"地図名":"鵡改Ａ（１０００）図無Ｈ１３","地図番号":"改A-9","縮尺分母":"1000","市区町村コード":"01586","市区町村名":"勇払郡むかわ町","大字コード":"017","丁目コード":"000","小字コード":"0000","予備コード":"00","大字名":"宮戸","丁目名":null,"小字名":null,"予備名":null,"地番":"762-6","精度区分":null,"座標値種別":null,"筆界未定構成筆":null,"代表点緯度":-158358.726,"代表点経度":-22953.43884286}},{"type":"MultiPolygon","arcs":[[[-175,-192,-147,-193]]],"properties":{"筆ID":"H000000072","version":"ver1.0","座標系":"任意座標系","測地系判別":null,"地図名":"鵡改Ａ（１０００）図無Ｈ１３","地図番号":"改A-9","縮尺分母":"1000","市区町村コード":"01586","市区町村名":"勇払郡むかわ町","大字コード":"017","丁目コード":"000","小字コード":"0000","予備コード":"00","大字名":"宮戸","丁目名":null,"小字名":null,"予備名":null,"地番":"762-7","精度区分":null,"座標値種別":null,"筆界未定構成筆":null,"代表点緯度":-158397.3205,"代表点経度":-23025.747106253}},{"type":"MultiPolygon","arcs":[[[194,195,-182,-143,-139,-122,196]]],"properties":{"筆ID":"H000000073","version":"ver1.0","座標系":"任意座標系","測地系判別":null,"地図名":"鵡改Ａ（１０００）図無Ｈ１３","地図番号":"改A-9","縮尺分母":"1000","市区町村コード":"01586","市区町村名":"勇払郡むかわ町","大字コード":"017","丁目コード":"000","小字コード":"0000","予備コード":"00","大字名":"宮戸","丁目名":null,"小字名":null,"予備名":null,"地番":"763-1","精度区分":null,"座標値種別":null,"筆界未定構成筆":null,"代表点緯度":-158168.16,"代表点経度":-22980.376351294}},{"type":"MultiPolygon","arcs":[[[197,198,-190,-196]]],"properties":{"筆ID":"H000000074","version":"ver1.0","座標系":"任意座標系","測地系判別":null,"地図名":"鵡改Ａ（１０００）図無Ｈ１３","地図番号":"改A-6","縮尺分母":"1000","市区町村コード":"01586","市区町村名":"勇払郡むかわ町","大字コード":"017","丁目コード":"000","小字コード":"0000","予備コード":"00","大字名":"宮戸","丁目名":null,"小字名":null,"予備名":null,"地番":"763-2","精度区分":null,"座標値種別":null,"筆界未定構成筆":null,"代表点緯度":-158143.681,"代表点経度":-22909.350993479}},{"type":"MultiPolygon","arcs":[[[-184,-191,-199,199,-179,-188]]],"properties":{"筆ID":"H000000075","version":"ver1.0","座標系":"任意座標系","測地系判別":null,"地図名":"鵡改Ａ（１０００）図無Ｈ１３","地図番号":"改A-6","縮尺分母":"1000","市区町村コード":"01586","市区町村名":"勇払郡むかわ町","大字コード":"017","丁目コード":"000","小字コード":"0000","予備コード":"00","大字名":"宮戸","丁目名":null,"小字名":null,"予備名":null,"地番":"764","精度区分":null,"座標値種別":null,"筆界未定構成筆":null,"代表点緯度":-158307.4265,"代表点経度":-22913.527094701}},{"type":"MultiPolygon","arcs":[[[200,201,202,203,204,205,206,207,-180,-200,-198,-195,208]]],"properties":{"筆ID":"H000000076","version":"ver1.0","座標系":"任意座標系","測地系判別":null,"地図名":"鵡改Ａ（１０００）図無Ｈ１３","地図番号":"改A-9","縮尺分母":"1000","市区町村コード":"01586","市区町村名":"勇払郡むかわ町","大字コード":"017","丁目コード":"000","小字コード":"0000","予備コード":"00","大字名":"宮戸","丁目名":null,"小字名":null,"予備名":null,"地番":"765","精度区分":null,"座標値種別":null,"筆界未定構成筆":null,"代表点緯度":-158293.654,"代表点経度":-22908.814753146}},{"type":"MultiPolygon","arcs":[[[-181,-208,209,-167]]],"properties":{"筆ID":"H000000077","version":"ver1.0","座標系":"任意座標系","測地系判別":null,"地図名":"鵡改Ａ（１０００）図無Ｈ１３","地図番号":"改A-7","縮尺分母":"1000","市区町村コード":"01586","市区町村名":"勇払郡むかわ町","大字コード":"017","丁目コード":"000","小字コード":"0000","予備コード":"00","大字名":"宮戸","丁目名":null,"小字名":null,"予備名":null,"地番":"767","精度区分":null,"座標値種別":null,"筆界未定構成筆":null,"代表点緯度":-158444.894,"代表点経度":-22917.582018595}},{"type":"MultiPolygon","arcs":[[[210,211,212,213]]],"properties":{"筆ID":"H000000078","version":"ver1.0","座標系":"任意座標系","測地系判別":null,"地図名":"鵡改Ａ（１０００）図無Ｈ１３","地図番号":"改A-6","縮尺分母":"1000","市区町村コード":"01586","市区町村名":"勇払郡むかわ町","大字コード":"017","丁目コード":"000","小字コード":"0000","予備コード":"00","大字名":"宮戸","丁目名":null,"小字名":null,"予備名":null,"地番":"768-1","精度区分":null,"座標値種別":null,"筆界未定構成筆":null,"代表点緯度":-158271.1185,"代表点経度":-22845.58512277}},{"type":"MultiPolygon","arcs":[[[214,215,216]]],"properties":{"筆ID":"H000000079","version":"ver1.0","座標系":"任意座標系","測地系判別":null,"地図名":"鵡改Ａ（１０００）図無Ｈ１３","地図番号":"改A-6","縮尺分母":"1000","市区町村コード":"01586","市区町村名":"勇払郡むかわ町","大字コード":"017","丁目コード":"000","小字コード":"0000","予備コード":"00","大字名":"宮戸","丁目名":null,"小字名":null,"予備名":null,"地番":"768-5","精度区分":null,"座標値種別":null,"筆界未定構成筆":null,"代表点緯度":-158398.149,"代表点経度":-22896.387534364}},{"type":"MultiPolygon","arcs":[[[217,218,-217,219]]],"properties":{"筆ID":"H000000080","version":"ver1.0","座標系":"任意座標系","測地系判別":null,"地図名":"鵡改Ａ（１０００）図無Ｈ１３","地図番号":"改A-6","縮尺分母":"1000","市区町村コード":"01586","市区町村名":"勇払郡むかわ町","大字コード":"017","丁目コード":"000","小字コード":"0000","予備コード":"00","大字名":"宮戸","丁目名":null,"小字名":null,"予備名":null,"地番":"768-6","精度区分":null,"座標値種別":null,"筆界未定構成筆":null,"代表点緯度":-158388.888,"代表点経度":-22891.83874225}},{"type":"MultiPolygon","arcs":[[[220,221,-218,222]]],"properties":{"筆ID":"H000000081","version":"ver1.0","座標系":"任意座標系","測地系判別":null,"地図名":"鵡改Ａ（１０００）図無Ｈ１３","地図番号":"改A-6","縮尺分母":"1000","市区町村コード":"01586","市区町村名":"勇払郡むかわ町","大字コード":"017","丁目コード":"000","小字コード":"0000","予備コード":"00","大字名":"宮戸","丁目名":null,"小字名":null,"予備名":null,"地番":"768-7","精度区分":null,"座標値種別":null,"筆界未定構成筆":null,"代表点緯度":-158389.7725,"代表点経度":-22873.682997495}},{"type":"MultiPolygon","arcs":[[[-213,223,224,-221,225]]],"properties":{"筆ID":"H000000082","version":"ver1.0","座標系":"任意座標系","測地系判別":null,"地図名":"鵡改Ａ（１０００）図無Ｈ１３","地図番号":"改A-6","縮尺分母":"1000","市区町村コード":"01586","市区町村名":"勇払郡むかわ町","大字コード":"017","丁目コード":"000","小字コード":"0000","予備コード":"00","大字名":"宮戸","丁目名":null,"小字名":null,"予備名":null,"地番":"768-8","精度区分":null,"座標値種別":null,"筆界未定構成筆":null,"代表点緯度":-158386.31,"代表点経度":-22831.427589379}},{"type":"MultiPolygon","arcs":[[[226,227,-224,-212,228]]],"properties":{"筆ID":"H000000083","version":"ver1.0","座標系":"任意座標系","測地系判別":null,"地図名":"鵡改Ａ（１０００）図無Ｈ１３","地図番号":"改A-6","縮尺分母":"1000","市区町村コード":"01586","市区町村名":"勇払郡むかわ町","大字コード":"017","丁目コード":"000","小字コード":"0000","予備コード":"00","大字名":"宮戸","丁目名":null,"小字名":null,"予備名":null,"地番":"769","精度区分":null,"座標値種別":null,"筆界未定構成筆":null,"代表点緯度":-158263.7345,"代表点経度":-22787.846472528}},{"type":"MultiPolygon","arcs":[[[229,-227,230]]],"properties":{"筆ID":"H000000084","version":"ver1.0","座標系":"任意座標系","測地系判別":null,"地図名":"鵡改Ａ（１０００）図無Ｈ１３","地図番号":"改A-6","縮尺分母":"1000","市区町村コード":"01586","市区町村名":"勇払郡むかわ町","大字コード":"017","丁目コード":"000","小字コード":"0000","予備コード":"00","大字名":"宮戸","丁目名":null,"小字名":null,"予備名":null,"地番":"770","精度区分":null,"座標値種別":null,"筆界未定構成筆":null,"代表点緯度":-158341.4265,"代表点経度":-22717.1347199}},{"type":"MultiPolygon","arcs":[[[231,232,233,234,-205]]],"properties":{"筆ID":"H000000085","version":"ver1.0","座標系":"任意座標系","測地系判別":null,"地図名":"鵡改Ａ（１０００）図無Ｈ１３","地図番号":"改A-6","縮尺分母":"1000","市区町村コード":"01586","市区町村名":"勇払郡むかわ町","大字コード":"017","丁目コード":"000","小字コード":"0000","予備コード":"00","大字名":"宮戸","丁目名":null,"小字名":null,"予備名":null,"地番":"771-2","精度区分":null,"座標値種別":null,"筆界未定構成筆":null,"代表点緯度":-158407.8745,"代表点経度":-22908.889441501}},{"type":"MultiPolygon","arcs":[[[235,236,237]]],"properties":{"筆ID":"H000000086","version":"ver1.0","座標系":"任意座標系","測地系判別":null,"地図名":"鵡改Ａ（１０００）図無Ｈ１３","地図番号":"改A-7","縮尺分母":"1000","市区町村コード":"01586","市区町村名":"勇払郡むかわ町","大字コード":"017","丁目コード":"000","小字コード":"0000","予備コード":"00","大字名":"宮戸","丁目名":null,"小字名":null,"予備名":null,"地番":"772-1","精度区分":null,"座標値種別":null,"筆界未定構成筆":null,"代表点緯度":-158467.9095,"代表点経度":-22904.536901573}},{"type":"MultiPolygon","arcs":[[[-235,238,-238,239,240,-206]]],"properties":{"筆ID":"H000000087","version":"ver1.0","座標系":"任意座標系","測地系判別":null,"地図名":"鵡改Ａ（１０００）図無Ｈ１３","地図番号":"改A-7","縮尺分母":"1000","市区町村コード":"01586","市区町村名":"勇払郡むかわ町","大字コード":"017","丁目コード":"000","小字コード":"0000","予備コード":"00","大字名":"宮戸","丁目名":null,"小字名":null,"予備名":null,"地番":"772-2","精度区分":null,"座標値種別":null,"筆界未定構成筆":null,"代表点緯度":-158452.276,"代表点経度":-22910.654766869}},{"type":"MultiPolygon","arcs":[[[-237,241,242,243,-240]]],"properties":{"筆ID":"H000000088","version":"ver1.0","座標系":"任意座標系","測地系判別":null,"地図名":"鵡改Ａ（１０００）図無Ｈ１３","地図番号":"改A-7","縮尺分母":"1000","市区町村コード":"01586","市区町村名":"勇払郡むかわ町","大字コード":"017","丁目コード":"000","小字コード":"0000","予備コード":"00","大字名":"宮戸","丁目名":null,"小字名":null,"予備名":null,"地番":"772-3","精度区分":null,"座標値種別":null,"筆界未定構成筆":null,"代表点緯度":-158478.421,"代表点経度":-22883.729178264}},{"type":"MultiPolygon","arcs":[[[244,245,246]]],"properties":{"筆ID":"H000000089","version":"ver1.0","座標系":"任意座標系","測地系判別":null,"地図名":"鵡改Ａ（１０００）図無Ｈ１３","地図番号":"改A-6","縮尺分母":"1000","市区町村コード":"01586","市区町村名":"勇払郡むかわ町","大字コード":"017","丁目コード":"000","小字コード":"0000","予備コード":"00","大字名":"宮戸","丁目名":null,"小字名":null,"予備名":null,"地番":"772-4","精度区分":null,"座標値種別":null,"筆界未定構成筆":null,"代表点緯度":-158412.532,"代表点経度":-22860.363975297}},{"type":"MultiPolygon","arcs":[[[247,-246,248,-242,-236,-239]]],"properties":{"筆ID":"H000000090","version":"ver1.0","座標系":"任意座標系","測地系判別":null,"地図名":"鵡改Ａ（１０００）図無Ｈ１３","地図番号":"改A-7","縮尺分母":"1000","市区町村コード":"01586","市区町村名":"勇払郡むかわ町","大字コード":"017","丁目コード":"000","小字コード":"0000","予備コード":"00","大字名":"宮戸","丁目名":null,"小字名":null,"予備名":null,"地番":"772-5","精度区分":null,"座標値種別":null,"筆界未定構成筆":null,"代表点緯度":-158429.913,"代表点経度":-22883.543879979}},{"type":"MultiPolygon","arcs":[[[249,250,251]]],"properties":{"筆ID":"H000000091","version":"ver1.0","座標系":"任意座標系","測地系判別":null,"地図名":"鵡改Ａ（１０００）図無Ｈ１３","地図番号":"改A-7","縮尺分母":"1000","市区町村コード":"01586","市区町村名":"勇払郡むかわ町","大字コード":"017","丁目コード":"000","小字コード":"0000","予備コード":"00","大字名":"宮戸","丁目名":null,"小字名":null,"予備名":null,"地番":"773-1","精度区分":null,"座標値種別":null,"筆界未定構成筆":null,"代表点緯度":-158420.6485,"代表点経度":-22812.94783444}},{"type":"MultiPolygon","arcs":[[[252,253,254,255,-243]]],"properties":{"筆ID":"H000000092","version":"ver1.0","座標系":"任意座標系","測地系判別":null,"地図名":"鵡改Ａ（１０００）図無Ｈ１３","地図番号":"改A-7","縮尺分母":"1000","市区町村コード":"01586","市区町村名":"勇払郡むかわ町","大字コード":"017","丁目コード":"000","小字コード":"0000","予備コード":"00","大字名":"宮戸","丁目名":null,"小字名":null,"予備名":null,"地番":"773-2","精度区分":null,"座標値種別":null,"筆界未定構成筆":null,"代表点緯度":-158477.52,"代表点経度":-22829.43851768}},{"type":"MultiPolygon","arcs":[[[256,-254,257]]],"properties":{"筆ID":"H000000093","version":"ver1.0","座標系":"任意座標系","測地系判別":null,"地図名":"鵡改Ａ（１０００）図無Ｈ１３","地図番号":"改A-7","縮尺分母":"1000","市区町村コード":"01586","市区町村名":"勇払郡むかわ町","大字コード":"017","丁目コード":"000","小字コード":"0000","予備コード":"00","大字名":"宮戸","丁目名":null,"小字名":null,"予備名":null,"地番":"773-3","精度区分":null,"座標値種別":null,"筆界未定構成筆":null,"代表点緯度":-158475.3445,"代表点経度":-22800.181030472}},{"type":"MultiPolygon","arcs":[[[258,259,-258,-253,-249]]],"properties":{"筆ID":"H000000094","version":"ver1.0","座標系":"任意座標系","測地系判別":null,"地図名":"鵡改Ａ（１０００）図無Ｈ１３","地図番号":"改A-7","縮尺分母":"1000","市区町村コード":"01586","市区町村名":"勇払郡むかわ町","大字コード":"017","丁目コード":"000","小字コード":"0000","予備コード":"00","大字名":"宮戸","丁目名":null,"小字名":null,"予備名":null,"地番":"773-4","精度区分":null,"座標値種別":null,"筆界未定構成筆":null,"代表点緯度":-158447.751,"代表点経度":-22832.497673251}},{"type":"MultiPolygon","arcs":[[[260,-251,261,-259,-245]]],"properties":{"筆ID":"H000000095","version":"ver1.0","座標系":"任意座標系","測地系判別":null,"地図名":"鵡改Ａ（１０００）図無Ｈ１３","地図番号":"改A-7","縮尺分母":"1000","市区町村コード":"01586","市区町村名":"勇払郡むかわ町","大字コード":"017","丁目コード":"000","小字コード":"0000","予備コード":"00","大字名":"宮戸","丁目名":null,"小字名":null,"予備名":null,"地番":"773-5","精度区分":null,"座標値種別":null,"筆界未定構成筆":null,"代表点緯度":-158424.285,"代表点経度":-22832.43151862}},{"type":"MultiPolygon","arcs":[[[262,263,264,-250]]],"properties":{"筆ID":"H000000096","version":"ver1.0","座標系":"任意座標系","測地系判別":null,"地図名":"鵡改Ａ（１０００）図無Ｈ１３","地図番号":"改A-7","縮尺分母":"1000","市区町村コード":"01586","市区町村名":"勇払郡むかわ町","大字コード":"017","丁目コード":"000","小字コード":"0000","予備コード":"00","大字名":"宮戸","丁目名":null,"小字名":null,"予備名":null,"地番":"774-1","精度区分":null,"座標値種別":null,"筆界未定構成筆":null,"代表点緯度":-158454.1535,"代表点経度":-22762.907430069}},{"type":"MultiPolygon","arcs":[[[265,266,267,-255]]],"properties":{"筆ID":"H000000097","version":"ver1.0","座標系":"任意座標系","測地系判別":null,"地図名":"鵡改Ａ（１０００）図無Ｈ１３","地図番号":"改A-7","縮尺分母":"1000","市区町村コード":"01586","市区町村名":"勇払郡むかわ町","大字コード":"017","丁目コード":"000","小字コード":"0000","予備コード":"00","大字名":"宮戸","丁目名":null,"小字名":null,"予備名":null,"地番":"774-2","精度区分":null,"座標値種別":null,"筆界未定構成筆":null,"代表点緯度":-158477.312,"代表点経度":-22775.284165953}},{"type":"MultiPolygon","arcs":[[[268,269,270,-266,-257]]],"properties":{"筆ID":"H000000098","version":"ver1.0","座標系":"任意座標系","測地系判別":null,"地図名":"鵡改Ａ（１０００）図無Ｈ１３","地図番号":"改A-7","縮尺分母":"1000","市区町村コード":"01586","市区町村名":"勇払郡むかわ町","大字コード":"017","丁目コード":"000","小字コード":"0000","予備コード":"00","大字名":"宮戸","丁目名":null,"小字名":null,"予備名":null,"地番":"774-3","精度区分":null,"座標値種別":null,"筆界未定構成筆":null,"代表点緯度":-158475.17,"代表点経度":-22775.274097143}},{"type":"MultiPolygon","arcs":[[[271,-269,-260]]],"properties":{"筆ID":"H000000099","version":"ver1.0","座標系":"任意座標系","測地系判別":null,"地図名":"鵡改Ａ（１０００）図無Ｈ１３","地図番号":"改A-7","縮尺分母":"1000","市区町村コード":"01586","市区町村名":"勇払郡むかわ町","大字コード":"017","丁目コード":"000","小字コード":"0000","予備コード":"00","大字名":"宮戸","丁目名":null,"小字名":null,"予備名":null,"地番":"774-4","精度区分":null,"座標値種別":null,"筆界未定構成筆":null,"代表点緯度":-158463.7055,"代表点経度":-22791.08160638}},{"type":"MultiPolygon","arcs":[[[-265,272,-270,-272,-262]]],"properties":{"筆ID":"H000000100","version":"ver1.0","座標系":"任意座標系","測地系判別":null,"地図名":"鵡改Ａ（１０００）図無Ｈ１３","地図番号":"改A-7","縮尺分母":"1000","市区町村コード":"01586","市区町村名":"勇払郡むかわ町","大字コード":"017","丁目コード":"000","小字コード":"0000","予備コード":"00","大字名":"宮戸","丁目名":null,"小字名":null,"予備名":null,"地番":"774-5","精度区分":null,"座標値種別":null,"筆界未定構成筆":null,"代表点緯度":-158461.5885,"代表点経度":-22774.88971526}},{"type":"MultiPolygon","arcs":[[[273,274,275,-264,276]]],"properties":{"筆ID":"H000000101","version":"ver1.0","座標系":"任意座標系","測地系判別":null,"地図名":"鵡改Ａ（１０００）図無Ｈ１３","地図番号":"改A-7","縮尺分母":"1000","市区町村コード":"01586","市区町村名":"勇払郡むかわ町","大字コード":"017","丁目コード":"000","小字コード":"0000","予備コード":"00","大字名":"宮戸","丁目名":null,"小字名":null,"予備名":null,"地番":"775-1","精度区分":null,"座標値種別":null,"筆界未定構成筆":null,"代表点緯度":-158439.2175,"代表点経度":-22724.675659958}},{"type":"MultiPolygon","arcs":[[[-275,277,278,-267,-271,279]]],"properties":{"筆ID":"H000000102","version":"ver1.0","座標系":"任意座標系","測地系判別":null,"地図名":"鵡改Ａ（１０００）図無Ｈ１３","地図番号":"改A-7","縮尺分母":"1000","市区町村コード":"01586","市区町村名":"勇払郡むかわ町","大字コード":"017","丁目コード":"000","小字コード":"0000","予備コード":"00","大字名":"宮戸","丁目名":null,"小字名":null,"予備名":null,"地番":"775-2","精度区分":null,"座標値種別":null,"筆界未定構成筆":null,"代表点緯度":-158476.9165,"代表点経度":-22724.528280094}},{"type":"MultiPolygon","arcs":[[[-280,-273,-276]]],"properties":{"筆ID":"H000000103","version":"ver1.0","座標系":"任意座標系","測地系判別":null,"地図名":"鵡改Ａ（１０００）図無Ｈ１３","地図番号":"改A-7","縮尺分母":"1000","市区町村コード":"01586","市区町村名":"勇払郡むかわ町","大字コード":"017","丁目コード":"000","小字コード":"0000","予備コード":"00","大字名":"宮戸","丁目名":null,"小字名":null,"予備名":null,"地番":"775-3","精度区分":null,"座標値種別":null,"筆界未定構成筆":null,"代表点緯度":-158472.722,"代表点経度":-22749.225338908}},{"type":"MultiPolygon","arcs":[[[280,281,-274,282]]],"properties":{"筆ID":"H000000104","version":"ver1.0","座標系":"任意座標系","測地系判別":null,"地図名":"鵡改Ａ（１０００）図無Ｈ１３","地図番号":"改A-7","縮尺分母":"1000","市区町村コード":"01586","市区町村名":"勇払郡むかわ町","大字コード":"017","丁目コード":"000","小字コード":"0000","予備コード":"00","大字名":"宮戸","丁目名":null,"小字名":null,"予備名":null,"地番":"776-1","精度区分":null,"座標値種別":null,"筆界未定構成筆":null,"代表点緯度":-158440.7185,"代表点経度":-22672.97747177}},{"type":"MultiPolygon","arcs":[[[283,284,-278,-282]]],"properties":{"筆ID":"H000000105","version":"ver1.0","座標系":"任意座標系","測地系判別":null,"地図名":"鵡改Ａ（１０００）図無Ｈ１３","地図番号":"改A-7","縮尺分母":"1000","市区町村コード":"01586","市区町村名":"勇払郡むかわ町","大字コード":"017","丁目コード":"000","小字コード":"0000","予備コード":"00","大字名":"宮戸","丁目名":null,"小字名":null,"予備名":null,"地番":"776-2","精度区分":null,"座標値種別":null,"筆界未定構成筆":null,"代表点緯度":-158476.3525,"代表点経度":-22672.788324706}},{"type":"MultiPolygon","arcs":[[[285,286,287,288,-281,289,290]]],"properties":{"筆ID":"H000000106","version":"ver1.0","座標系":"任意座標系","測地系判別":null,"地図名":"鵡改Ａ（１０００）図無Ｈ１３","地図番号":"改A-7","縮尺分母":"1000","市区町村コード":"01586","市区町村名":"勇払郡むかわ町","大字コード":"017","丁目コード":"000","小字コード":"0000","予備コード":"00","大字名":"宮戸","丁目名":null,"小字名":null,"予備名":null,"地番":"777-1","精度区分":null,"座標値種別":null,"筆界未定構成筆":null,"代表点緯度":-158341.469,"代表点経度":-22644.136692213}},{"type":"MultiPolygon","arcs":[[[291,292,-284,-289]]],"properties":{"筆ID":"H000000107","version":"ver1.0","座標系":"任意座標系","測地系判別":null,"地図名":"鵡改Ａ（１０００）図無Ｈ１３","地図番号":"改A-7","縮尺分母":"1000","市区町村コード":"01586","市区町村名":"勇払郡むかわ町","大字コード":"017","丁目コード":"000","小字コード":"0000","予備コード":"00","大字名":"宮戸","丁目名":null,"小字名":null,"予備名":null,"地番":"777-2","精度区分":null,"座標値種別":null,"筆界未定構成筆":null,"代表点緯度":-158476.1985,"代表点経度":-22644.259335842}},{"type":"MultiPolygon","arcs":[[[293,-286,294]]],"properties":{"筆ID":"H000000108","version":"ver1.0","座標系":"任意座標系","測地系判別":null,"地図名":"鵡改Ａ（１０００）図無Ｈ１３","地図番号":"改A-6","縮尺分母":"1000","市区町村コード":"01586","市区町村名":"勇払郡むかわ町","大字コード":"017","丁目コード":"000","小字コード":"0000","予備コード":"00","大字名":"宮戸","丁目名":null,"小字名":null,"予備名":null,"地番":"778","精度区分":null,"座標値種別":null,"筆界未定構成筆":null,"代表点緯度":-158334.162,"代表点経度":-22602.361083634}},{"type":"MultiPolygon","arcs":[[[295,296,297,-287,-294]]],"properties":{"筆ID":"H000000109","version":"ver1.0","座標系":"任意座標系","測地系判別":null,"地図名":"鵡改Ａ（１０００）図無Ｈ１３","地図番号":"改A-7","縮尺分母":"1000","市区町村コード":"01586","市区町村名":"勇払郡むかわ町","大字コード":"017","丁目コード":"000","小字コード":"0000","予備コード":"00","大字名":"宮戸","丁目名":null,"小字名":null,"予備名":null,"地番":"779-1","精度区分":null,"座標値種別":null,"筆界未定構成筆":null,"代表点緯度":-158427.596,"代表点経度":-22522.877327591}},{"type":"MultiPolygon","arcs":[[[298,299,-297,300]]],"properties":{"筆ID":"H000000110","version":"ver1.0","座標系":"任意座標系","測地系判別":null,"地図名":"鵡改Ａ（１０００）図無Ｈ１３","地図番号":"改A-7","縮尺分母":"1000","市区町村コード":"01586","市区町村名":"勇払郡むかわ町","大字コード":"017","丁目コード":"000","小字コード":"0000","予備コード":"00","大字名":"宮戸","丁目名":null,"小字名":null,"予備名":null,"地番":"779-2","精度区分":null,"座標値種別":null,"筆界未定構成筆":null,"代表点緯度":-158466.469,"代表点経度":-22505.03745826}},{"type":"MultiPolygon","arcs":[[[301,302,-288,-298]]],"properties":{"筆ID":"H000000111","version":"ver1.0","座標系":"任意座標系","測地系判別":null,"地図名":"鵡改Ａ（１０００）図無Ｈ１３","地図番号":"改A-7","縮尺分母":"1000","市区町村コード":"01586","市区町村名":"勇払郡むかわ町","大字コード":"017","丁目コード":"000","小字コード":"0000","予備コード":"00","大字名":"宮戸","丁目名":null,"小字名":null,"予備名":null,"地番":"780-1","精度区分":null,"座標値種別":null,"筆界未定構成筆":null,"代表点緯度":-158428.031,"代表点経度":-22582.871319747}},{"type":"MultiPolygon","arcs":[[[303,304,-292,-303]]],"properties":{"筆ID":"H000000112","version":"ver1.0","座標系":"任意座標系","測地系判別":null,"地図名":"鵡改Ａ（１０００）図無Ｈ１３","地図番号":"改A-7","縮尺分母":"1000","市区町村コード":"01586","市区町村名":"勇払郡むかわ町","大字コード":"017","丁目コード":"000","小字コード":"0000","予備コード":"00","大字名":"宮戸","丁目名":null,"小字名":null,"予備名":null,"地番":"780-2","精度区分":null,"座標値種別":null,"筆界未定構成筆":null,"代表点緯度":-158475.6405,"代表点経度":-22575.279655258}},{"type":"MultiPolygon","arcs":[[[305,306,-304,-302,-300]]],"properties":{"筆ID":"H000000113","version":"ver1.0","座標系":"任意座標系","測地系判別":null,"地図名":"鵡改Ａ（１０００）図無Ｈ１３","地図番号":"改A-7","縮尺分母":"1000","市区町村コード":"01586","市区町村名":"勇払郡むかわ町","大字コード":"017","丁目コード":"000","小字コード":"0000","予備コード":"00","大字名":"宮戸","丁目名":null,"小字名":null,"予備名":null,"地番":"781","精度区分":null,"座標値種別":null,"筆界未定構成筆":null,"代表点緯度":-158470.8415,"代表点経度":-22504.819837084}},{"type":"MultiPolygon","arcs":[[[307,308,309,310,311,312,313,314]]],"properties":{"筆ID":"H000000114","version":"ver1.0","座標系":"任意座標系","測地系判別":null,"地図名":"鵡改Ａ（１０００）図無Ｈ１３","地図番号":"改A-7","縮尺分母":"1000","市区町村コード":"01586","市区町村名":"勇払郡むかわ町","大字コード":"017","丁目コード":"000","小字コード":"0000","予備コード":"00","大字名":"宮戸","丁目名":null,"小字名":null,"予備名":null,"地番":"784","精度区分":null,"座標値種別":null,"筆界未定構成筆":null,"代表点緯度":-158475.352,"代表点経度":-22365.59647973}},{"type":"MultiPolygon","arcs":[[[315,316,317,318]]],"properties":{"筆ID":"H000000115","version":"ver1.0","座標系":"任意座標系","測地系判別":null,"地図名":"鵡改Ａ（１０００）図無Ｈ１３","地図番号":"改A-7","縮尺分母":"1000","市区町村コード":"01586","市区町村名":"勇払郡むかわ町","大字コード":"017","丁目コード":"000","小字コード":"0000","予備コード":"00","大字名":"宮戸","丁目名":null,"小字名":null,"予備名":null,"地番":"785-1","精度区分":null,"座標値種別":null,"筆界未定構成筆":null,"代表点緯度":-158469.6315,"代表点経度":-22418.352797357}},{"type":"MultiPolygon","arcs":[[[319,320,-316,321]]],"properties":{"筆ID":"H000000116","version":"ver1.0","座標系":"任意座標系","測地系判別":null,"地図名":"鵡改Ａ（１０００）図無Ｈ１３","地図番号":"改A-3","縮尺分母":"1000","市区町村コード":"01586","市区町村名":"勇払郡むかわ町","大字コード":"017","丁目コード":"000","小字コード":"0000","予備コード":"00","大字名":"宮戸","丁目名":null,"小字名":null,"予備名":null,"地番":"785-2","精度区分":null,"座標値種別":null,"筆界未定構成筆":null,"代表点緯度":-158468.172,"代表点経度":-22335.691714882}},{"type":"MultiPolygon","arcs":[[[322,323,-308,324]]],"properties":{"筆ID":"H000000117","version":"ver1.0","座標系":"任意座標系","測地系判別":null,"地図名":"鵡改Ａ（１０００）図無Ｈ１３","地図番号":"改A-3","縮尺分母":"1000","市区町村コード":"01586","市区町村名":"勇払郡むかわ町","大字コード":"017","丁目コード":"000","小字コード":"0000","予備コード":"00","大字名":"宮戸","丁目名":null,"小字名":null,"予備名":null,"地番":"785-3","精度区分":null,"座標値種別":null,"筆界未定構成筆":null,"代表点緯度":-158474.0075,"代表点経度":-22335.579902737}},{"type":"MultiPolygon","arcs":[[[-325,-315,325,326]]],"properties":{"筆ID":"H000000118","version":"ver1.0","座標系":"任意座標系","測地系判別":null,"地図名":"鵡改Ａ（１０００）図無Ｈ１３","地図番号":"改A-7","縮尺分母":"1000","市区町村コード":"01586","市区町村名":"勇払郡むかわ町","大字コード":"017","丁目コード":"000","小字コード":"0000","予備コード":"00","大字名":"宮戸","丁目名":null,"小字名":null,"予備名":null,"地番":"785-4","精度区分":null,"座標値種別":null,"筆界未定構成筆":null,"代表点緯度":-158474.054,"代表点経度":-22418.06148885}},{"type":"MultiPolygon","arcs":[[[327,-327,328,-317]]],"properties":{"筆ID":"H000000119","version":"ver1.0","座標系":"任意座標系","測地系判別":null,"地図名":"鵡改Ａ（１０００）図無Ｈ１３","地図番号":"改A-7","縮尺分母":"1000","市区町村コード":"01586","市区町村名":"勇払郡むかわ町","大字コード":"017","丁目コード":"000","小字コード":"0000","予備コード":"00","大字名":"宮戸","丁目名":null,"小字名":null,"予備名":null,"地番":"785-5","精度区分":null,"座標値種別":null,"筆界未定構成筆":null,"代表点緯度":-158472.551,"代表点経度":-22418.160895036}},{"type":"MultiPolygon","arcs":[[[329,-323,-328,-321]]],"properties":{"筆ID":"H000000120","version":"ver1.0","座標系":"任意座標系","測地系判別":null,"地図名":"鵡改Ａ（１０００）図無Ｈ１３","地図番号":"改A-3","縮尺分母":"1000","市区町村コード":"01586","市区町村名":"勇払郡むかわ町","大字コード":"017","丁目コード":"000","小字コード":"0000","予備コード":"00","大字名":"宮戸","丁目名":null,"小字名":null,"予備名":null,"地番":"785-6","精度区分":null,"座標値種別":null,"筆界未定構成筆":null,"代表点緯度":-158472.6555,"代表点経度":-22335.607411458}},{"type":"MultiPolygon","arcs":[[[330,331,332,333,334,335,336,-322,-319,337,338]]],"properties":{"筆ID":"H000000121","version":"ver1.0","座標系":"任意座標系","測地系判別":null,"地図名":"鵡改Ａ（１０００）図無Ｈ１３","地図番号":"改A-7","縮尺分母":"1000","市区町村コード":"01586","市区町村名":"勇払郡むかわ町","大字コード":"017","丁目コード":"000","小字コード":"0000","予備コード":"00","大字名":"宮戸","丁目名":null,"小字名":null,"予備名":null,"地番":"786","精度区分":null,"座標値種別":null,"筆界未定構成筆":null,"代表点緯度":-158451.1455,"代表点経度":-22277.829974802}},{"type":"MultiPolygon","arcs":[[[339,-339,340,341]]],"properties":{"筆ID":"H000000122","version":"ver1.0","座標系":"任意座標系","測地系判別":null,"地図名":"鵡改Ａ（１０００）図無Ｈ１３","地図番号":"改A-7","縮尺分母":"1000","市区町村コード":"01586","市区町村名":"勇払郡むかわ町","大字コード":"017","丁目コード":"000","小字コード":"0000","予備コード":"00","大字名":"宮戸","丁目名":null,"小字名":null,"予備名":null,"地番":"787","精度区分":null,"座標値種別":null,"筆界未定構成筆":null,"代表点緯度":-158447.485,"代表点経度":-22385.51313078}},{"type":"MultiPolygon","arcs":[[[342,343,-331,-340]]],"properties":{"筆ID":"H000000123","version":"ver1.0","座標系":"任意座標系","測地系判別":null,"地図名":"鵡改Ａ（１０００）図無Ｈ１３","地図番号":"改A-3","縮尺分母":"1000","市区町村コード":"01586","市区町村名":"勇払郡むかわ町","大字コード":"017","丁目コード":"000","小字コード":"0000","予備コード":"00","大字名":"宮戸","丁目名":null,"小字名":null,"予備名":null,"地番":"788","精度区分":null,"座標値種別":null,"筆界未定構成筆":null,"代表点緯度":-158449.938,"代表点経度":-22356.8476223}},{"type":"MultiPolygon","arcs":[[[344,-320,345]]],"properties":{"筆ID":"H000000124","version":"ver1.0","座標系":"任意座標系","測地系判別":null,"地図名":"鵡改Ａ（１０００）図無Ｈ１３","地図番号":"改A-3","縮尺分母":"1000","市区町村コード":"01586","市区町村名":"勇払郡むかわ町","大字コード":"017","丁目コード":"000","小字コード":"0000","予備コード":"00","大字名":"宮戸","丁目名":null,"小字名":null,"予備名":null,"地番":"789-1","精度区分":null,"座標値種別":null,"筆界未定構成筆":null,"代表点緯度":-158468.069,"代表点経度":-22326.370109616}},{"type":"MultiPolygon","arcs":[[[346,-309,-324,347]]],"properties":{"筆ID":"H000000125","version":"ver1.0","座標系":"任意座標系","測地系判別":null,"地図名":"鵡改Ａ（１０００）図無Ｈ１３","地図番号":"改A-3","縮尺分母":"1000","市区町村コード":"01586","市区町村名":"勇払郡むかわ町","大字コード":"017","丁目コード":"000","小字コード":"0000","予備コード":"00","大字名":"宮戸","丁目名":null,"小字名":null,"予備名":null,"地番":"789-2","精度区分":null,"座標値種別":null,"筆界未定構成筆":null,"代表点緯度":-158473.893,"代表点経度":-22321.272071929}},{"type":"MultiPolygon","arcs":[[[348,-348,-330,-345]]],"properties":{"筆ID":"H000000126","version":"ver1.0","座標系":"任意座標系","測地系判別":null,"地図名":"鵡改Ａ（１０００）図無Ｈ１３","地図番号":"改A-3","縮尺分母":"1000","市区町村コード":"01586","市区町村名":"勇払郡むかわ町","大字コード":"017","丁目コード":"000","小字コード":"0000","予備コード":"00","大字名":"宮戸","丁目名":null,"小字名":null,"予備名":null,"地番":"789-3","精度区分":null,"座標値種別":null,"筆界未定構成筆":null,"代表点緯度":-158472.558,"代表点経度":-22322.440383214}},{"type":"MultiPolygon","arcs":[[[349,350,351,-349,-346,-337]]],"properties":{"筆ID":"H000000127","version":"ver1.0","座標系":"任意座標系","測地系判別":null,"地図名":"鵡改Ａ（１０００）図無Ｈ１３","地図番号":"改A-3","縮尺分母":"1000","市区町村コード":"01586","市区町村名":"勇払郡むかわ町","大字コード":"017","丁目コード":"000","小字コード":"0000","予備コード":"00","大字名":"宮戸","丁目名":null,"小字名":null,"予備名":null,"地番":"790-1","精度区分":null,"座標値種別":null,"筆界未定構成筆":null,"代表点緯度":-158468.031,"代表点経度":-22319.82841418}},{"type":"MultiPolygon","arcs":[[[352,-310,-347,-352]]],"properties":{"筆ID":"H000000128","version":"ver1.0","座標系":"任意座標系","測地系判別":null,"地図名":"鵡改Ａ（１０００）図無Ｈ１３","地図番号":"改A-3","縮尺分母":"1000","市区町村コード":"01586","市区町村名":"勇払郡むかわ町","大字コード":"017","丁目コード":"000","小字コード":"0000","予備コード":"00","大字名":"宮戸","丁目名":null,"小字名":null,"予備名":null,"地番":"790-2","精度区分":null,"座標値種別":null,"筆界未定構成筆":null,"代表点緯度":-158473.7995,"代表点経度":-22309.627191707}},{"type":"MultiPolygon","arcs":[[[353,354,355,-350,-336]]],"properties":{"筆ID":"H000000129","version":"ver1.0","座標系":"任意座標系","測地系判別":null,"地図名":"鵡改Ａ（１０００）図無Ｈ１３","地図番号":"改A-3","縮尺分母":"1000","市区町村コード":"01586","市区町村名":"勇払郡むかわ町","大字コード":"017","丁目コード":"000","小字コード":"0000","予備コード":"00","大字名":"宮戸","丁目名":null,"小字名":null,"予備名":null,"地番":"791-1","精度区分":null,"座標値種別":null,"筆界未定構成筆":null,"代表点緯度":-158452.7415,"代表点経度":-22257.049906443}},{"type":"MultiPolygon","arcs":[[[356,-311,-353,357]]],"properties":{"筆ID":"H000000130","version":"ver1.0","座標系":"任意座標系","測地系判別":null,"地図名":"鵡改Ａ（１０００）図無Ｈ１３","地図番号":"改A-3","縮尺分母":"1000","市区町村コード":"01586","市区町村名":"勇払郡むかわ町","大字コード":"017","丁目コード":"000","小字コード":"0000","予備コード":"00","大字名":"宮戸","丁目名":null,"小字名":null,"予備名":null,"地番":"791-2","精度区分":null,"座標値種別":null,"筆界未定構成筆":null,"代表点緯度":-158473.7685,"代表点経度":-22288.708968981}},{"type":"MultiPolygon","arcs":[[[358,-358,-351,-356]]],"properties":{"筆ID":"H000000131","version":"ver1.0","座標系":"任意座標系","測地系判別":null,"地図名":"鵡改Ａ（１０００）図無Ｈ１３","地図番号":"改A-3","縮尺分母":"1000","市区町村コード":"01586","市区町村名":"勇払郡むかわ町","大字コード":"017","丁目コード":"000","小字コード":"0000","予備コード":"00","大字名":"宮戸","丁目名":null,"小字名":null,"予備名":null,"地番":"791-3","精度区分":null,"座標値種別":null,"筆界未定構成筆":null,"代表点緯度":-158472.275,"代表点経度":-22272.834921703}},{"type":"MultiPolygon","arcs":[[[359,360,-354,-335]]],"properties":{"筆ID":"H000000132","version":"ver1.0","座標系":"任意座標系","測地系判別":null,"地図名":"鵡改Ａ（１０００）図無Ｈ１３","地図番号":"改A-3","縮尺分母":"1000","市区町村コード":"01586","市区町村名":"勇払郡むかわ町","大字コード":"017","丁目コード":"000","小字コード":"0000","予備コード":"00","大字名":"宮戸","丁目名":null,"小字名":null,"予備名":null,"地番":"792","精度区分":null,"座標値種別":null,"筆界未定構成筆":null,"代表点緯度":-158435.172,"代表点経度":-22263.261327014}},{"type":"MultiPolygon","arcs":[[[361,362,363,-359,-355,-361,364]]],"properties":{"筆ID":"H000000133","version":"ver1.0","座標系":"任意座標系","測地系判別":null,"地図名":"鵡改Ａ（１０００）図無Ｈ１３","地図番号":"改A-3","縮尺分母":"1000","市区町村コード":"01586","市区町村名":"勇払郡むかわ町","大字コード":"017","丁目コード":"000","小字コード":"0000","予備コード":"00","大字名":"宮戸","丁目名":null,"小字名":null,"予備名":null,"地番":"793-1","精度区分":null,"座標値種別":null,"筆界未定構成筆":null,"代表点緯度":-158456.1445,"代表点経度":-22235.348869937}},{"type":"MultiPolygon","arcs":[[[-357,-364,365,366,367,-312]]],"properties":{"筆ID":"H000000134","version":"ver1.0","座標系":"任意座標系","測地系判別":null,"地図名":"鵡改Ａ（１０００）図無Ｈ１３","地図番号":"改A-3","縮尺分母":"1000","市区町村コード":"01586","市区町村名":"勇払郡むかわ町","大字コード":"017","丁目コード":"000","小字コード":"0000","予備コード":"00","大字名":"宮戸","丁目名":null,"小字名":null,"予備名":null,"地番":"793-2","精度区分":null,"座標値種別":null,"筆界未定構成筆":null,"代表点緯度":-158474.495,"代表点経度":-22235.128359801}},{"type":"MultiPolygon","arcs":[[[368,369,370,371,-362,372]]],"properties":{"筆ID":"H000000135","version":"ver1.0","座標系":"任意座標系","測地系判別":null,"地図名":"鵡改Ａ（１０００）図無Ｈ１３","地図番号":"改A-3","縮尺分母":"1000","市区町村コード":"01586","市区町村名":"勇払郡むかわ町","大字コード":"017","丁目コード":"000","小字コード":"0000","予備コード":"00","大字名":"宮戸","丁目名":null,"小字名":null,"予備名":null,"地番":"794-1","精度区分":null,"座標値種別":null,"筆界未定構成筆":null,"代表点緯度":-158459.977,"代表点経度":-22215.27429136}},{"type":"MultiPolygon","arcs":[[[373,374,-366,375]]],"properties":{"筆ID":"H000000136","version":"ver1.0","座標系":"任意座標系","測地系判別":null,"地図名":"鵡改Ａ（１０００）図無Ｈ１３","地図番号":"改A-3","縮尺分母":"1000","市区町村コード":"01586","市区町村名":"勇払郡むかわ町","大字コード":"017","丁目コード":"000","小字コード":"0000","予備コード":"00","大字名":"宮戸","丁目名":null,"小字名":null,"予備名":null,"地番":"794-2","精度区分":null,"座標値種別":null,"筆界未定構成筆":null,"代表点緯度":-158473.0965,"代表点経度":-22215.249065815}},{"type":"MultiPolygon","arcs":[[[376,-376,-363,-372]]],"properties":{"筆ID":"H000000137","version":"ver1.0","座標系":"任意座標系","測地系判別":null,"地図名":"鵡改Ａ（１０００）図無Ｈ１３","地図番号":"改A-3","縮尺分母":"1000","市区町村コード":"01586","市区町村名":"勇払郡むかわ町","大字コード":"017","丁目コード":"000","小字コード":"0000","予備コード":"00","大字名":"宮戸","丁目名":null,"小字名":null,"予備名":null,"地番":"794-3","精度区分":null,"座標値種別":null,"筆界未定構成筆":null,"代表点緯度":-158471.9425,"代表点経度":-22215.252521892}},{"type":"MultiPolygon","arcs":[[[377,378,379,380,381,-367,-375]]],"properties":{"筆ID":"H000000138","version":"ver1.0","座標系":"任意座標系","測地系判別":null,"地図名":"鵡改Ａ（１０００）図無Ｈ１３","地図番号":"改A-3","縮尺分母":"1000","市区町村コード":"01586","市区町村名":"勇払郡むかわ町","大字コード":"017","丁目コード":"000","小字コード":"0000","予備コード":"00","大字名":"宮戸","丁目名":null,"小字名":null,"予備名":null,"地番":"795","精度区分":null,"座標値種別":null,"筆界未定構成筆":null,"代表点緯度":-158474.1885,"代表点経度":-22179.066617062}},{"type":"MultiPolygon","arcs":[[[382,383,384,385,386,387]]],"properties":{"筆ID":"H000000139","version":"ver1.0","座標系":"任意座標系","測地系判別":null,"地図名":"鵡改Ａ（１０００）図無Ｈ１３","地図番号":"改A-3","縮尺分母":"1000","市区町村コード":"01586","市区町村名":"勇払郡むかわ町","大字コード":"017","丁目コード":"000","小字コード":"0000","予備コード":"00","大字名":"宮戸","丁目名":null,"小字名":null,"予備名":null,"地番":"796-1","精度区分":null,"座標値種別":null,"筆界未定構成筆":null,"代表点緯度":-158452.468,"代表点経度":-22155.925526877}},{"type":"MultiPolygon","arcs":[[[388,389,-386]]],"properties":{"筆ID":"H000000140","version":"ver1.0","座標系":"任意座標系","測地系判別":null,"地図名":"鵡改Ａ（１０００）図無Ｈ１３","地図番号":"改A-3","縮尺分母":"1000","市区町村コード":"01586","市区町村名":"勇払郡むかわ町","大字コード":"017","丁目コード":"000","小字コード":"0000","予備コード":"00","大字名":"宮戸","丁目名":null,"小字名":null,"予備名":null,"地番":"796-2","精度区分":null,"座標値種別":null,"筆界未定構成筆":null,"代表点緯度":-158462.6145,"代表点経度":-22141.37391905}},{"type":"MultiPolygon","arcs":[[[390,-388,391,392]]],"properties":{"筆ID":"H000000141","version":"ver1.0","座標系":"任意座標系","測地系判別":null,"地図名":"鵡改Ａ（１０００）図無Ｈ１３","地図番号":"改A-3","縮尺分母":"1000","市区町村コード":"01586","市区町村名":"勇払郡むかわ町","大字コード":"017","丁目コード":"000","小字コード":"0000","予備コード":"00","大字名":"宮戸","丁目名":null,"小字名":null,"予備名":null,"地番":"796-3","精度区分":null,"座標値種別":null,"筆界未定構成筆":null,"代表点緯度":-158459.915,"代表点経度":-22180.60171675}},{"type":"MultiPolygon","arcs":[[[393,394,395,-389]]],"properties":{"筆ID":"H000000142","version":"ver1.0","座標系":"任意座標系","測地系判別":null,"地図名":"鵡改Ａ（１０００）図無Ｈ１３","地図番号":"改A-3","縮尺分母":"1000","市区町村コード":"01586","市区町村名":"勇払郡むかわ町","大字コード":"017","丁目コード":"000","小字コード":"0000","予備コード":"00","大字名":"宮戸","丁目名":null,"小字名":null,"予備名":null,"地番":"796-4","精度区分":null,"座標値種別":null,"筆界未定構成筆":null,"代表点緯度":-158462.3725,"代表点経度":-22130.221980114}},{"type":"MultiPolygon","arcs":[[[396,397,-394,-385]]],"properties":{"筆ID":"H000000143","version":"ver1.0","座標系":"任意座標系","測地系判別":null,"地図名":"鵡改Ａ（１０００）図無Ｈ１３","地図番号":"改A-3","縮尺分母":"1000","市区町村コード":"01586","市区町村名":"勇払郡むかわ町","大字コード":"017","丁目コード":"000","小字コード":"0000","予備コード":"00","大字名":"宮戸","丁目名":null,"小字名":null,"予備名":null,"地番":"796-5","精度区分":null,"座標値種別":null,"筆界未定構成筆":null,"代表点緯度":-158446.109,"代表点経度":-22124.359097156}},{"type":"MultiPolygon","arcs":[[[398,399,-381,400]]],"properties":{"筆ID":"H000000144","version":"ver1.0","座標系":"任意座標系","測地系判別":null,"地図名":"鵡改Ａ（１０００）図無Ｈ１３","地図番号":"改A-3","縮尺分母":"1000","市区町村コード":"01586","市区町村名":"勇払郡むかわ町","大字コード":"017","丁目コード":"000","小字コード":"0000","予備コード":"00","大字名":"宮戸","丁目名":null,"小字名":null,"予備名":null,"地番":"796-6","精度区分":null,"座標値種別":null,"筆界未定構成筆":null,"代表点緯度":-158472.4735,"代表点経度":-22133.871726619}},{"type":"MultiPolygon","arcs":[[[401,402,-379,403]]],"properties":{"筆ID":"H000000145","version":"ver1.0","座標系":"任意座標系","測地系判別":null,"地図名":"鵡改Ａ（１０００）図無Ｈ１３","地図番号":"改A-3","縮尺分母":"1000","市区町村コード":"01586","市区町村名":"勇払郡むかわ町","大字コード":"017","丁目コード":"000","小字コード":"0000","予備コード":"00","大字名":"宮戸","丁目名":null,"小字名":null,"予備名":null,"地番":"796-7","精度区分":null,"座標値種別":null,"筆界未定構成筆":null,"代表点緯度":-158472.713,"代表点経度":-22161.02436155}},{"type":"MultiPolygon","arcs":[[[404,-401,-380,-403]]],"properties":{"筆ID":"H000000146","version":"ver1.0","座標系":"任意座標系","測地系判別":null,"地図名":"鵡改Ａ（１０００）図無Ｈ１３","地図番号":"改A-3","縮尺分母":"1000","市区町村コード":"01586","市区町村名":"勇払郡むかわ町","大字コード":"017","丁目コード":"000","小字コード":"0000","予備コード":"00","大字名":"宮戸","丁目名":null,"小字名":null,"予備名":null,"地番":"796-8","精度区分":null,"座標値種別":null,"筆界未定構成筆":null,"代表点緯度":-158472.5425,"代表点経度":-22144.91696604}},{"type":"MultiPolygon","arcs":[[[-404,-378,-374,405]]],"properties":{"筆ID":"H000000147","version":"ver1.0","座標系":"任意座標系","測地系判別":null,"地図名":"鵡改Ａ（１０００）図無Ｈ１３","地図番号":"改A-3","縮尺分母":"1000","市区町村コード":"01586","市区町村名":"勇払郡むかわ町","大字コード":"017","丁目コード":"000","小字コード":"0000","予備コード":"00","大字名":"宮戸","丁目名":null,"小字名":null,"予備名":null,"地番":"796-9","精度区分":null,"座標値種別":null,"筆界未定構成筆":null,"代表点緯度":-158472.948,"代表点経度":-22186.456706682}},{"type":"MultiPolygon","arcs":[[[406,-393,407,-370]]],"properties":{"筆ID":"H000000148","version":"ver1.0","座標系":"任意座標系","測地系判別":null,"地図名":"鵡改Ａ（１０００）図無Ｈ１３","地図番号":"改A-3","縮尺分母":"1000","市区町村コード":"01586","市区町村名":"勇払郡むかわ町","大字コード":"017","丁目コード":"000","小字コード":"0000","予備コード":"00","大字名":"宮戸","丁目名":null,"小字名":null,"予備名":null,"地番":"796-10","精度区分":null,"座標値種別":null,"筆界未定構成筆":null,"代表点緯度":-158459.914,"代表点経度":-22191.375126524}},{"type":"MultiPolygon","arcs":[[[-371,-408,-392,408,-406,-377]]],"properties":{"筆ID":"H000000149","version":"ver1.0","座標系":"任意座標系","測地系判別":null,"地図名":"鵡改Ａ（１０００）図無Ｈ１３","地図番号":"改A-3","縮尺分母":"1000","市区町村コード":"01586","市区町村名":"勇払郡むかわ町","大字コード":"017","丁目コード":"000","小字コード":"0000","予備コード":"00","大字名":"宮戸","丁目名":null,"小字名":null,"予備名":null,"地番":"796-11","精度区分":null,"座標値種別":null,"筆界未定構成筆":null,"代表点緯度":-158471.7605,"代表点経度":-22186.455316762}},{"type":"MultiPolygon","arcs":[[[409,-402,-409,-387]]],"properties":{"筆ID":"H000000150","version":"ver1.0","座標系":"任意座標系","測地系判別":null,"地図名":"鵡改Ａ（１０００）図無Ｈ１３","地図番号":"改A-3","縮尺分母":"1000","市区町村コード":"01586","市区町村名":"勇払郡むかわ町","大字コード":"017","丁目コード":"000","小字コード":"0000","予備コード":"00","大字名":"宮戸","丁目名":null,"小字名":null,"予備名":null,"地番":"796-12","精度区分":null,"座標値種別":null,"筆界未定構成筆":null,"代表点緯度":-158471.2325,"代表点経度":-22160.778182405}},{"type":"MultiPolygon","arcs":[[[-390,410,-405,-410]]],"properties":{"筆ID":"H000000151","version":"ver1.0","座標系":"任意座標系","測地系判別":null,"地図名":"鵡改Ａ（１０００）図無Ｈ１３","地図番号":"改A-3","縮尺分母":"1000","市区町村コード":"01586","市区町村名":"勇払郡むかわ町","大字コード":"017","丁目コード":"000","小字コード":"0000","予備コード":"00","大字名":"宮戸","丁目名":null,"小字名":null,"予備名":null,"地番":"796-13","精度区分":null,"座標値種別":null,"筆界未定構成筆":null,"代表点緯度":-158471.038,"代表点経度":-22144.377521925}},{"type":"MultiPolygon","arcs":[[[-396,411,-399,-411]]],"properties":{"筆ID":"H000000152","version":"ver1.0","座標系":"任意座標系","測地系判別":null,"地図名":"鵡改Ａ（１０００）図無Ｈ１３","地図番号":"改A-3","縮尺分母":"1000","市区町村コード":"01586","市区町村名":"勇払郡むかわ町","大字コード":"017","丁目コード":"000","小字コード":"0000","予備コード":"00","大字名":"宮戸","丁目名":null,"小字名":null,"予備名":null,"地番":"796-14","精度区分":null,"座標値種別":null,"筆界未定構成筆":null,"代表点緯度":-158470.883,"代表点経度":-22133.290830203}},{"type":"MultiPolygon","arcs":[[[412,-383,-391,413]]],"properties":{"筆ID":"H000000153","version":"ver1.0","座標系":"任意座標系","測地系判別":null,"地図名":"鵡改Ａ（１０００）図無Ｈ１３","地図番号":"改A-3","縮尺分母":"1000","市区町村コード":"01586","市区町村名":"勇払郡むかわ町","大字コード":"017","丁目コード":"000","小字コード":"0000","予備コード":"00","大字名":"宮戸","丁目名":null,"小字名":null,"予備名":null,"地番":"797-1","精度区分":null,"座標値種別":null,"筆界未定構成筆":null,"代表点緯度":-158444.1635,"代表点経度":-22165.483810478}},{"type":"MultiPolygon","arcs":[[[414,-414,-407,-369]]],"properties":{"筆ID":"H000000154","version":"ver1.0","座標系":"任意座標系","測地系判別":null,"地図名":"鵡改Ａ（１０００）図無Ｈ１３","地図番号":"改A-3","縮尺分母":"1000","市区町村コード":"01586","市区町村名":"勇払郡むかわ町","大字コード":"017","丁目コード":"000","小字コード":"0000","予備コード":"00","大字名":"宮戸","丁目名":null,"小字名":null,"予備名":null,"地番":"797-2","精度区分":null,"座標値種別":null,"筆界未定構成筆":null,"代表点緯度":-158444.2335,"代表点経度":-22191.207612524}},{"type":"MultiPolygon","arcs":[[[415,416,417,418,419,420,421,422,-397,-384,-413,-415,-373,-365,-360,-334,423,424,425,426,427,428,429,430,431,432,433,434,435,436,437,438,439,440,441,442,443]]],"properties":{"筆ID":"H000000155","version":"ver1.0","座標系":"任意座標系","測地系判別":null,"地図名":"鵡改Ａ（１０００）図無Ｈ１３","地図番号":"改A-6","縮尺分母":"1000","市区町村コード":"01586","市区町村名":"勇払郡むかわ町","大字コード":"017","丁目コード":"000","小字コード":"0000","予備コード":"00","大字名":"宮戸","丁目名":null,"小字名":null,"予備名":null,"地番":"798-1","精度区分":null,"座標値種別":null,"筆界未定構成筆":null,"代表点緯度":-157993.5455,"代表点経度":-22571.757834386}},{"type":"MultiPolygon","arcs":[[[444,-444,445]]],"properties":{"筆ID":"H000000156","version":"ver1.0","座標系":"任意座標系","測地系判別":null,"地図名":"鵡改Ａ（１０００）図無Ｈ１３","地図番号":"改A-4","縮尺分母":"1000","市区町村コード":"01586","市区町村名":"勇払郡むかわ町","大字コード":"017","丁目コード":"000","小字コード":"0000","予備コード":"00","大字名":"宮戸","丁目名":null,"小字名":null,"予備名":null,"地番":"798-2","精度区分":null,"座標値種別":null,"筆界未定構成筆":null,"代表点緯度":-157584.5375,"代表点経度":-22816.638615918}},{"type":"MultiPolygon","arcs":[[[446,447,-420,448]]],"properties":{"筆ID":"H000000157","version":"ver1.0","座標系":"任意座標系","測地系判別":null,"地図名":"鵡改Ａ（１０００）図無Ｈ１３","地図番号":"改A-3","縮尺分母":"1000","市区町村コード":"01586","市区町村名":"勇払郡むかわ町","大字コード":"017","丁目コード":"000","小字コード":"0000","予備コード":"00","大字名":"宮戸","丁目名":null,"小字名":null,"予備名":null,"地番":"799","精度区分":null,"座標値種別":null,"筆界未定構成筆":null,"代表点緯度":-158365.509,"代表点経度":-22343.785623874}},{"type":"MultiPolygon","arcs":[[[449,450,451,452,453,454,455,-447]]],"properties":{"筆ID":"H000000158","version":"ver1.0","座標系":"任意座標系","測地系判別":null,"地図名":"鵡改Ａ（１０００）図無Ｈ１３","地図番号":"改A-3","縮尺分母":"1000","市区町村コード":"01586","市区町村名":"勇払郡むかわ町","大字コード":"017","丁目コード":"000","小字コード":"0000","予備コード":"00","大字名":"宮戸","丁目名":null,"小字名":null,"予備名":null,"地番":"800-1","精度区分":null,"座標値種別":null,"筆界未定構成筆":null,"代表点緯度":-158338.8155,"代表点経度":-22356.564086021}},{"type":"MultiPolygon","arcs":[[[456,457,458,-454]]],"properties":{"筆ID":"H000000159","version":"ver1.0","座標系":"任意座標系","測地系判別":null,"地図名":"鵡改Ａ（１０００）図無Ｈ１３","地図番号":"改A-2","縮尺分母":"1000","市区町村コード":"01586","市区町村名":"勇払郡むかわ町","大字コード":"017","丁目コード":"000","小字コード":"0000","予備コード":"00","大字名":"宮戸","丁目名":null,"小字名":null,"予備名":null,"地番":"800-2","精度区分":null,"座標値種別":null,"筆界未定構成筆":null,"代表点緯度":-158376.9665,"代表点経度":-22091.092020674}},{"type":"MultiPolygon","arcs":[[[-424,-333,459,-343,-342,460,461]]],"properties":{"筆ID":"H000000160","version":"ver1.0","座標系":"任意座標系","測地系判別":null,"地図名":"鵡改Ａ（１０００）図無Ｈ１３","地図番号":"改A-7","縮尺分母":"1000","市区町村コード":"01586","市区町村名":"勇払郡むかわ町","大字コード":"017","丁目コード":"000","小字コード":"0000","予備コード":"00","大字名":"宮戸","丁目名":null,"小字名":null,"予備名":null,"地番":"801-1","精度区分":null,"座標値種別":null,"筆界未定構成筆":null,"代表点緯度":-158373.328,"代表点経度":-22393.483885471}},{"type":"MultiPolygon","arcs":[[[-332,-344,-460]]],"properties":{"筆ID":"H000000161","version":"ver1.0","座標系":"任意座標系","測地系判別":null,"地図名":"鵡改Ａ（１０００）図無Ｈ１３","地図番号":"改A-3","縮尺分母":"1000","市区町村コード":"01586","市区町村名":"勇払郡むかわ町","大字コード":"017","丁目コード":"000","小字コード":"0000","予備コード":"00","大字名":"宮戸","丁目名":null,"小字名":null,"予備名":null,"地番":"801-2","精度区分":null,"座標値種別":null,"筆界未定構成筆":null,"代表点緯度":-158449.729,"代表点経度":-22316.087238728}},{"type":"MultiPolygon","arcs":[[[-425,-462,462,463]]],"properties":{"筆ID":"H000000162","version":"ver1.0","座標系":"任意座標系","測地系判別":null,"地図名":"鵡改Ａ（１０００）図無Ｈ１３","地図番号":"改A-6","縮尺分母":"1000","市区町村コード":"01586","市区町村名":"勇払郡むかわ町","大字コード":"017","丁目コード":"000","小字コード":"0000","予備コード":"00","大字名":"宮戸","丁目名":null,"小字名":null,"予備名":null,"地番":"802","精度区分":null,"座標値種別":null,"筆界未定構成筆":null,"代表点緯度":-158372.4955,"代表点経度":-22441.769203821}},{"type":"MultiPolygon","arcs":[[[-426,-464,464,465]]],"properties":{"筆ID":"H000000163","version":"ver1.0","座標系":"任意座標系","測地系判別":null,"地図名":"鵡改Ａ（１０００）図無Ｈ１３","地図番号":"改A-6","縮尺分母":"1000","市区町村コード":"01586","市区町村名":"勇払郡むかわ町","大字コード":"017","丁目コード":"000","小字コード":"0000","予備コード":"00","大字名":"宮戸","丁目名":null,"小字名":null,"予備名":null,"地番":"803","精度区分":null,"座標値種別":null,"筆界未定構成筆":null,"代表点緯度":-158370.9955,"代表点経度":-22445.244261952}},{"type":"MultiPolygon","arcs":[[[-427,-466,466,467]]],"properties":{"筆ID":"H000000164","version":"ver1.0","座標系":"任意座標系","測地系判別":null,"地図名":"鵡改Ａ（１０００）図無Ｈ１３","地図番号":"改A-6","縮尺分母":"1000","市区町村コード":"01586","市区町村名":"勇払郡むかわ町","大字コード":"017","丁目コード":"000","小字コード":"0000","予備コード":"00","大字名":"宮戸","丁目名":null,"小字名":null,"予備名":null,"地番":"804","精度区分":null,"座標値種別":null,"筆界未定構成筆":null,"代表点緯度":-158324.21,"代表点経度":-22468.221750522}},{"type":"MultiPolygon","arcs":[[[468,-428,-468,469,470]]],"properties":{"筆ID":"H000000165","version":"ver1.0","座標系":"任意座標系","測地系判別":null,"地図名":"鵡改Ａ（１０００）図無Ｈ１３","地図番号":"改A-6","縮尺分母":"1000","市区町村コード":"01586","市区町村名":"勇払郡むかわ町","大字コード":"017","丁目コード":"000","小字コード":"0000","予備コード":"00","大字名":"宮戸","丁目名":null,"小字名":null,"予備名":null,"地番":"805","精度区分":null,"座標値種別":null,"筆界未定構成筆":null,"代表点緯度":-158261.704,"代表点経度":-22465.064569959}},{"type":"MultiPolygon","arcs":[[[-429,-469,471,472]]],"properties":{"筆ID":"H000000166","version":"ver1.0","座標系":"任意座標系","測地系判別":null,"地図名":"鵡改Ａ（１０００）図無Ｈ１３","地図番号":"改A-6","縮尺分母":"1000","市区町村コード":"01586","市区町村名":"勇払郡むかわ町","大字コード":"017","丁目コード":"000","小字コード":"0000","予備コード":"00","大字名":"宮戸","丁目名":null,"小字名":null,"予備名":null,"地番":"806","精度区分":null,"座標値種別":null,"筆界未定構成筆":null,"代表点緯度":-158216.433,"代表点経度":-22492.174579703}},{"type":"MultiPolygon","arcs":[[[-472,-471,473,474]]],"properties":{"筆ID":"H000000167","version":"ver1.0","座標系":"任意座標系","測地系判別":null,"地図名":"鵡改Ａ（１０００）図無Ｈ１３","地図番号":"改A-6","縮尺分母":"1000","市区町村コード":"01586","市区町村名":"勇払郡むかわ町","大字コード":"017","丁目コード":"000","小字コード":"0000","予備コード":"00","大字名":"宮戸","丁目名":null,"小字名":null,"予備名":null,"地番":"807","精度区分":null,"座標値種別":null,"筆界未定構成筆":null,"代表点緯度":-158267.449,"代表点経度":-22572.196674852}},{"type":"MultiPolygon","arcs":[[[-430,-473,-475,475,476]]],"properties":{"筆ID":"H000000168","version":"ver1.0","座標系":"任意座標系","測地系判別":null,"地図名":"鵡改Ａ（１０００）図無Ｈ１３","地図番号":"改A-6","縮尺分母":"1000","市区町村コード":"01586","市区町村名":"勇払郡むかわ町","大字コード":"017","丁目コード":"000","小字コード":"0000","予備コード":"00","大字名":"宮戸","丁目名":null,"小字名":null,"予備名":null,"地番":"808","精度区分":null,"座標値種別":null,"筆界未定構成筆":null,"代表点緯度":-158223.0545,"代表点経度":-22605.665494614}},{"type":"MultiPolygon","arcs":[[[-431,-477,477,478]]],"properties":{"筆ID":"H000000169","version":"ver1.0","座標系":"任意座標系","測地系判別":null,"地図名":"鵡改Ａ（１０００）図無Ｈ１３","地図番号":"改A-6","縮尺分母":"1000","市区町村コード":"01586","市区町村名":"勇払郡むかわ町","大字コード":"017","丁目コード":"000","小字コード":"0000","予備コード":"00","大字名":"宮戸","丁目名":null,"小字名":null,"予備名":null,"地番":"809","精度区分":null,"座標値種別":null,"筆界未定構成筆":null,"代表点緯度":-158197.572,"代表点経度":-22569.124053283}},{"type":"MultiPolygon","arcs":[[[479,-432,-479,480,481]]],"properties":{"筆ID":"H000000170","version":"ver1.0","座標系":"任意座標系","測地系判別":null,"地図名":"鵡改Ａ（１０００）図無Ｈ１３","地図番号":"改A-6","縮尺分母":"1000","市区町村コード":"01586","市区町村名":"勇払郡むかわ町","大字コード":"017","丁目コード":"000","小字コード":"0000","予備コード":"00","大字名":"宮戸","丁目名":null,"小字名":null,"予備名":null,"地番":"810","精度区分":null,"座標値種別":null,"筆界未定構成筆":null,"代表点緯度":-158167.146,"代表点経度":-22617.339924589}},{"type":"MultiPolygon","arcs":[[[-482,482,483,484,485]]],"properties":{"筆ID":"H000000171","version":"ver1.0","座標系":"任意座標系","測地系判別":null,"地図名":"鵡改Ａ（１０００）図無Ｈ１３","地図番号":"改A-6","縮尺分母":"1000","市区町村コード":"01586","市区町村名":"勇払郡むかわ町","大字コード":"017","丁目コード":"000","小字コード":"0000","予備コード":"00","大字名":"宮戸","丁目名":null,"小字名":null,"予備名":null,"地番":"811","精度区分":null,"座標値種別":null,"筆界未定構成筆":null,"代表点緯度":-158121.138,"代表点経度":-22641.122978178}},{"type":"MultiPolygon","arcs":[[[486,-433,-480,-486,487,488]]],"properties":{"筆ID":"H000000172","version":"ver1.0","座標系":"任意座標系","測地系判別":null,"地図名":"鵡改Ａ（１０００）図無Ｈ１３","地図番号":"改A-6","縮尺分母":"1000","市区町村コード":"01586","市区町村名":"勇払郡むかわ町","大字コード":"017","丁目コード":"000","小字コード":"0000","予備コード":"00","大字名":"宮戸","丁目名":null,"小字名":null,"予備名":null,"地番":"812-1","精度区分":null,"座標値種別":null,"筆界未定構成筆":null,"代表点緯度":-158077.236,"代表点経度":-22668.961363238}},{"type":"MultiPolygon","arcs":[[[489,490,-488,-485]]],"properties":{"筆ID":"H000000173","version":"ver1.0","座標系":"任意座標系","測地系判別":null,"地図名":"鵡改Ａ（１０００）図無Ｈ１３","地図番号":"改A-6","縮尺分母":"1000","市区町村コード":"01586","市区町村名":"勇払郡むかわ町","大字コード":"017","丁目コード":"000","小字コード":"0000","予備コード":"00","大字名":"宮戸","丁目名":null,"小字名":null,"予備名":null,"地番":"812-2","精度区分":null,"座標値種別":null,"筆界未定構成筆":null,"代表点緯度":-158139.89,"代表点経度":-22773.650696065}},{"type":"MultiPolygon","arcs":[[[-490,-484,491,492,493]]],"properties":{"筆ID":"H000000174","version":"ver1.0","座標系":"任意座標系","測地系判別":null,"地図名":"鵡改Ａ（１０００）図無Ｈ１３","地図番号":"改A-6","縮尺分母":"1000","市区町村コード":"01586","市区町村名":"勇払郡むかわ町","大字コード":"017","丁目コード":"000","小字コード":"0000","予備コード":"00","大字名":"宮戸","丁目名":null,"小字名":null,"予備名":null,"地番":"812-3","精度区分":null,"座標値種別":null,"筆界未定構成筆":null,"代表点緯度":-158142.8085,"代表点経度":-22787.456219223}},{"type":"MultiPolygon","arcs":[[[-493,494,495,496]]],"properties":{"筆ID":"H000000175","version":"ver1.0","座標系":"任意座標系","測地系判別":null,"地図名":"鵡改Ａ（１０００）図無Ｈ１３","地図番号":"改A-6","縮尺分母":"1000","市区町村コード":"01586","市区町村名":"勇払郡むかわ町","大字コード":"017","丁目コード":"000","小字コード":"0000","予備コード":"00","大字名":"宮戸","丁目名":null,"小字名":null,"予備名":null,"地番":"812-4","精度区分":null,"座標値種別":null,"筆界未定構成筆":null,"代表点緯度":-158137.9335,"代表点経度":-22814.156367625}},{"type":"MultiPolygon","arcs":[[[-496,497,498]]],"properties":{"筆ID":"H000000176","version":"ver1.0","座標系":"任意座標系","測地系判別":null,"地図名":"鵡改Ａ（１０００）図無Ｈ１３","地図番号":"改A-6","縮尺分母":"1000","市区町村コード":"01586","市区町村名":"勇払郡むかわ町","大字コード":"017","丁目コード":"000","小字コード":"0000","予備コード":"00","大字名":"宮戸","丁目名":null,"小字名":null,"予備名":null,"地番":"812-5","精度区分":null,"座標値種別":null,"筆界未定構成筆":null,"代表点緯度":-158144.3525,"代表点経度":-22835.413170636}},{"type":"MultiPolygon","arcs":[[[-434,-487,499]]],"properties":{"筆ID":"H000000177","version":"ver1.0","座標系":"任意座標系","測地系判別":null,"地図名":"鵡改Ａ（１０００）図無Ｈ１３","地図番号":"改A-6","縮尺分母":"1000","市区町村コード":"01586","市区町村名":"勇払郡むかわ町","大字コード":"017","丁目コード":"000","小字コード":"0000","予備コード":"00","大字名":"宮戸","丁目名":null,"小字名":null,"予備名":null,"地番":"813","精度区分":null,"座標値種別":null,"筆界未定構成筆":null,"代表点緯度":-158001.4135,"代表点経度":-22596.996666631}},{"type":"MultiPolygon","arcs":[[[-435,-500,-489,-491,-494,-497,-499,500,501]]],"properties":{"筆ID":"H000000178","version":"ver1.0","座標系":"任意座標系","測地系判別":null,"地図名":"鵡改Ａ（１０００）図無Ｈ１３","地図番号":"改A-6","縮尺分母":"1000","市区町村コード":"01586","市区町村名":"勇払郡むかわ町","大字コード":"017","丁目コード":"000","小字コード":"0000","予備コード":"00","大字名":"宮戸","丁目名":null,"小字名":null,"予備名":null,"地番":"814","精度区分":null,"座標値種別":null,"筆界未定構成筆":null,"代表点緯度":-158043.841,"代表点経度":-22715.252891124}},{"type":"MultiPolygon","arcs":[[[502,-436,-502,503,504]]],"properties":{"筆ID":"H000000179","version":"ver1.0","座標系":"任意座標系","測地系判別":null,"地図名":"鵡改Ａ（１０００）図無Ｈ１３","地図番号":"改A-6","縮尺分母":"1000","市区町村コード":"01586","市区町村名":"勇払郡むかわ町","大字コード":"017","丁目コード":"000","小字コード":"0000","予備コード":"00","大字名":"宮戸","丁目名":null,"小字名":null,"予備名":null,"地番":"815","精度区分":null,"座標値種別":null,"筆界未定構成筆":null,"代表点緯度":-158011.6755,"代表点経度":-22667.442965281}},{"type":"MultiPolygon","arcs":[[[505,-437,-503,506,507]]],"properties":{"筆ID":"H000000180","version":"ver1.0","座標系":"任意座標系","測地系判別":null,"地図名":"鵡改Ａ（１０００）図無Ｈ１３","地図番号":"改A-6","縮尺分母":"1000","市区町村コード":"01586","市区町村名":"勇払郡むかわ町","大字コード":"017","丁目コード":"000","小字コード":"0000","予備コード":"00","大字名":"宮戸","丁目名":null,"小字名":null,"予備名":null,"地番":"816","精度区分":null,"座標値種別":null,"筆界未定構成筆":null,"代表点緯度":-157920.423,"代表点経度":-22671.745236704}},{"type":"MultiPolygon","arcs":[[[-507,-505,508,509,510,511]]],"properties":{"筆ID":"H000000181","version":"ver1.0","座標系":"任意座標系","測地系判別":null,"地図名":"鵡改Ａ（１０００）図無Ｈ１３","地図番号":"改A-9","縮尺分母":"1000","市区町村コード":"01586","市区町村名":"勇払郡むかわ町","大字コード":"017","丁目コード":"000","小字コード":"0000","予備コード":"00","大字名":"宮戸","丁目名":null,"小字名":null,"予備名":null,"地番":"817-1","精度区分":null,"座標値種別":null,"筆界未定構成筆":null,"代表点緯度":-158046.6595,"代表点経度":-22834.542418477}},{"type":"MultiPolygon","arcs":[[[-510,512,513]]],"properties":{"筆ID":"H000000182","version":"ver1.0","座標系":"任意座標系","測地系判別":null,"地図名":"鵡改Ａ（１０００）図無Ｈ１３","地図番号":"改A-6","縮尺分母":"1000","市区町村コード":"01586","市区町村名":"勇払郡むかわ町","大字コード":"017","丁目コード":"000","小字コード":"0000","予備コード":"00","大字名":"宮戸","丁目名":null,"小字名":null,"予備名":null,"地番":"817-2","精度区分":null,"座標値種別":null,"筆界未定構成筆":null,"代表点緯度":-158104.2295,"代表点経度":-22902.991761202}},{"type":"MultiPolygon","arcs":[[[514,515,516,517,-511,-514,518,-201,519]]],"properties":{"筆ID":"H000000183","version":"ver1.0","座標系":"任意座標系","測地系判別":null,"地図名":"鵡改Ａ（１０００）図無Ｈ１３","地図番号":"改A-9","縮尺分母":"1000","市区町村コード":"01586","市区町村名":"勇払郡むかわ町","大字コード":"017","丁目コード":"000","小字コード":"0000","予備コード":"00","大字名":"宮戸","丁目名":null,"小字名":null,"予備名":null,"地番":"818","精度区分":null,"座標値種別":null,"筆界未定構成筆":null,"代表点緯度":-158076.9915,"代表点経度":-22906.062116463}},{"type":"MultiPolygon","arcs":[[[-508,-512,-518,520]]],"properties":{"筆ID":"H000000184","version":"ver1.0","座標系":"任意座標系","測地系判別":null,"地図名":"鵡改Ａ（１０００）図無Ｈ１３","地図番号":"改A-9","縮尺分母":"1000","市区町村コード":"01586","市区町村名":"勇払郡むかわ町","大字コード":"017","丁目コード":"000","小字コード":"0000","予備コード":"00","大字名":"宮戸","丁目名":null,"小字名":null,"予備名":null,"地番":"819","精度区分":null,"座標値種別":null,"筆界未定構成筆":null,"代表点緯度":-157920.4355,"代表点経度":-22728.899818826}},{"type":"MultiPolygon","arcs":[[[-438,-506,-521,-517,521,522]]],"properties":{"筆ID":"H000000185","version":"ver1.0","座標系":"任意座標系","測地系判別":null,"地図名":"鵡改Ａ（１０００）図無Ｈ１３","地図番号":"改A-9","縮尺分母":"1000","市区町村コード":"01586","市区町村名":"勇払郡むかわ町","大字コード":"017","丁目コード":"000","小字コード":"0000","予備コード":"00","大字名":"宮戸","丁目名":null,"小字名":null,"予備名":null,"地番":"820","精度区分":null,"座標値種別":null,"筆界未定構成筆":null,"代表点緯度":-157908.9905,"代表点経度":-22818.289364574}},{"type":"MultiPolygon","arcs":[[[-522,-516,523,524]]],"properties":{"筆ID":"H000000186","version":"ver1.0","座標系":"任意座標系","測地系判別":null,"地図名":"鵡改Ａ（１０００）図無Ｈ１３","地図番号":"改A-8","縮尺分母":"1000","市区町村コード":"01586","市区町村名":"勇払郡むかわ町","大字コード":"017","丁目コード":"000","小字コード":"0000","予備コード":"00","大字名":"宮戸","丁目名":null,"小字名":null,"予備名":null,"地番":"821","精度区分":null,"座標値種別":null,"筆界未定構成筆":null,"代表点緯度":-157980.2655,"代表点経度":-22962.890342422}},{"type":"MultiPolygon","arcs":[[[525,-524,-515,526,527]]],"properties":{"筆ID":"H000000187","version":"ver1.0","座標系":"任意座標系","測地系判別":null,"地図名":"鵡改Ａ（１０００）図無Ｈ１３","地図番号":"改A-8","縮尺分母":"1000","市区町村コード":"01586","市区町村名":"勇払郡むかわ町","大字コード":"017","丁目コード":"000","小字コード":"0000","予備コード":"00","大字名":"宮戸","丁目名":null,"小字名":null,"予備名":null,"地番":"822","精度区分":null,"座標値種別":null,"筆界未定構成筆":null,"代表点緯度":-157982.2615,"代表点経度":-22976.293805973}},{"type":"MultiPolygon","arcs":[[[-439,-523,-525,-526,528]]],"properties":{"筆ID":"H000000188","version":"ver1.0","座標系":"任意座標系","測地系判別":null,"地図名":"鵡改Ａ（１０００）図無Ｈ１３","地図番号":"改A-8","縮尺分母":"1000","市区町村コード":"01586","市区町村名":"勇払郡むかわ町","大字コード":"017","丁目コード":"000","小字コード":"0000","予備コード":"00","大字名":"宮戸","丁目名":null,"小字名":null,"予備名":null,"地番":"823","精度区分":null,"座標値種別":null,"筆界未定構成筆":null,"代表点緯度":-157860.484,"代表点経度":-22844.301461873}},{"type":"MultiPolygon","arcs":[[[529,530,-440,-529,-528,531,532]]],"properties":{"筆ID":"H000000189","version":"ver1.0","座標系":"任意座標系","測地系判別":null,"地図名":"鵡改Ａ（１０００）図無Ｈ１３","地図番号":"改A-8","縮尺分母":"1000","市区町村コード":"01586","市区町村名":"勇払郡むかわ町","大字コード":"017","丁目コード":"000","小字コード":"0000","予備コード":"00","大字名":"宮戸","丁目名":null,"小字名":null,"予備名":null,"地番":"824","精度区分":null,"座標値種別":null,"筆界未定構成筆":null,"代表点緯度":-157860.2735,"代表点経度":-22849.949882249}},{"type":"MultiPolygon","arcs":[[[-441,-531,533,534,535]]],"properties":{"筆ID":"H000000190","version":"ver1.0","座標系":"任意座標系","測地系判別":null,"地図名":"鵡改Ａ（１０００）図無Ｈ１３","地図番号":"改A-8","縮尺分母":"1000","市区町村コード":"01586","市区町村名":"勇払郡むかわ町","大字コード":"017","丁目コード":"000","小字コード":"0000","予備コード":"00","大字名":"宮戸","丁目名":null,"小字名":null,"予備名":null,"地番":"825","精度区分":null,"座標値種別":null,"筆界未定構成筆":null,"代表点緯度":-157824.702,"代表点経度":-22896.252963528}},{"type":"MultiPolygon","arcs":[[[-530,536,-534]]],"properties":{"筆ID":"H000000191","version":"ver1.0","座標系":"任意座標系","測地系判別":null,"地図名":"鵡改Ａ（１０００）図無Ｈ１３","地図番号":"改A-8","縮尺分母":"1000","市区町村コード":"01586","市区町村名":"勇払郡むかわ町","大字コード":"017","丁目コード":"000","小字コード":"0000","予備コード":"00","大字名":"宮戸","丁目名":null,"小字名":null,"予備名":null,"地番":"826","精度区分":null,"座標値種別":null,"筆界未定構成筆":null,"代表点緯度":-157929.9855,"代表点経度":-23008.625282772}},{"type":"MultiPolygon","arcs":[[[537,-535,-537,-533,538]]],"properties":{"筆ID":"H000000192","version":"ver1.0","座標系":"任意座標系","測地系判別":null,"地図名":"鵡改Ａ（１０００）図無Ｈ１３","地図番号":"改A-8","縮尺分母":"1000","市区町村コード":"01586","市区町村名":"勇払郡むかわ町","大字コード":"017","丁目コード":"000","小字コード":"0000","予備コード":"00","大字名":"宮戸","丁目名":null,"小字名":null,"予備名":null,"地番":"827","精度区分":null,"座標値種別":null,"筆界未定構成筆":null,"代表点緯度":-157890.8265,"代表点経度":-23055.996181573}},{"type":"MultiPolygon","arcs":[[[-442,-536,-538,539]]],"properties":{"筆ID":"H000000193","version":"ver1.0","座標系":"任意座標系","測地系判別":null,"地図名":"鵡改Ａ（１０００）図無Ｈ１３","地図番号":"改A-8","縮尺分母":"1000","市区町村コード":"01586","市区町村名":"勇払郡むかわ町","大字コード":"017","丁目コード":"000","小字コード":"0000","予備コード":"00","大字名":"宮戸","丁目名":null,"小字名":null,"予備名":null,"地番":"828","精度区分":null,"座標値種別":null,"筆界未定構成筆":null,"代表点緯度":-157795.4425,"代表点経度":-22950.949428364}},{"type":"MultiPolygon","arcs":[[[540,541]]],"properties":{"筆ID":"H000000194","version":"ver1.0","座標系":"任意座標系","測地系判別":null,"地図名":"鵡改Ａ（１０００）図無Ｈ１３","地図番号":"改A-4","縮尺分母":"1000","市区町村コード":"01586","市区町村名":"勇払郡むかわ町","大字コード":"017","丁目コード":"000","小字コード":"0000","予備コード":"00","大字名":"宮戸","丁目名":null,"小字名":null,"予備名":null,"地番":"829-1","精度区分":null,"座標値種別":null,"筆界未定構成筆":null,"代表点緯度":-157537.092,"代表点経度":-22785.844192983}},{"type":"MultiPolygon","arcs":[[[-541,542,543,544]]],"properties":{"筆ID":"H000000195","version":"ver1.0","座標系":"任意座標系","測地系判別":null,"地図名":"鵡改Ａ（１０００）図無Ｈ１３","地図番号":"改A-4","縮尺分母":"1000","市区町村コード":"01586","市区町村名":"勇払郡むかわ町","大字コード":"017","丁目コード":"000","小字コード":"0000","予備コード":"00","大字名":"宮戸","丁目名":null,"小字名":null,"予備名":null,"地番":"829-2","精度区分":null,"座標値種別":null,"筆界未定構成筆":null,"代表点緯度":-157537.6285,"代表点経度":-22762.207859458}},{"type":"MultiPolygon","arcs":[[[-544,545,546,547]]],"properties":{"筆ID":"H000000196","version":"ver1.0","座標系":"任意座標系","測地系判別":null,"地図名":"鵡改Ａ（１０００）図無Ｈ１３","地図番号":"改A-4","縮尺分母":"1000","市区町村コード":"01586","市区町村名":"勇払郡むかわ町","大字コード":"017","丁目コード":"000","小字コード":"0000","予備コード":"00","大字名":"宮戸","丁目名":null,"小字名":null,"予備名":null,"地番":"830","精度区分":null,"座標値種別":null,"筆界未定構成筆":null,"代表点緯度":-157539.839,"代表点経度":-22759.714774505}},{"type":"MultiPolygon","arcs":[[[548,549,550,551,552,553,554,555,-547]]],"properties":{"筆ID":"H000000197","version":"ver1.0","座標系":"任意座標系","測地系判別":null,"地図名":"鵡改Ａ（１０００）図無Ｈ１３","地図番号":"改A-4","縮尺分母":"1000","市区町村コード":"01586","市区町村名":"勇払郡むかわ町","大字コード":"017","丁目コード":"000","小字コード":"0000","予備コード":"00","大字名":"宮戸","丁目名":null,"小字名":null,"予備名":null,"地番":"831","精度区分":null,"座標値種別":null,"筆界未定構成筆":null,"代表点緯度":-157556.368,"代表点経度":-22777.626674674}},{"type":"MultiPolygon","arcs":[[[556,557,558]]],"properties":{"筆ID":"H000000198","version":"ver1.0","座標系":"任意座標系","測地系判別":null,"地図名":"鵡改Ａ（１０００）図無Ｈ１３","地図番号":"改A-4","縮尺分母":"1000","市区町村コード":"01586","市区町村名":"勇払郡むかわ町","大字コード":"017","丁目コード":"000","小字コード":"0000","予備コード":"00","大字名":"宮戸","丁目名":null,"小字名":null,"予備名":null,"地番":"832-1","精度区分":null,"座標値種別":null,"筆界未定構成筆":null,"代表点緯度":-157530.303,"代表点経度":-22723.519298348}},{"type":"MultiPolygon","arcs":[[[559,-559,560,-553]]],"properties":{"筆ID":"H000000199","version":"ver1.0","座標系":"任意座標系","測地系判別":null,"地図名":"鵡改Ａ（１０００）図無Ｈ１３","地図番号":"改A-4","縮尺分母":"1000","市区町村コード":"01586","市区町村名":"勇払郡むかわ町","大字コード":"017","丁目コード":"000","小字コード":"0000","予備コード":"00","大字名":"宮戸","丁目名":null,"小字名":null,"予備名":null,"地番":"832-2","精度区分":null,"座標値種別":null,"筆界未定構成筆":null,"代表点緯度":-157528.248,"代表点経度":-22731.21615912}},{"type":"MultiPolygon","arcs":[[[561,562,-557,563]]],"properties":{"筆ID":"H000000200","version":"ver1.0","座標系":"任意座標系","測地系判別":null,"地図名":"鵡改Ａ（１０００）図無Ｈ１３","地図番号":"改A-4","縮尺分母":"1000","市区町村コード":"01586","市区町村名":"勇払郡むかわ町","大字コード":"017","丁目コード":"000","小字コード":"0000","予備コード":"00","大字名":"宮戸","丁目名":null,"小字名":null,"予備名":null,"地番":"833-1","精度区分":null,"座標値種別":null,"筆界未定構成筆":null,"代表点緯度":-157537.962,"代表点経度":-22700.575655652}},{"type":"MultiPolygon","arcs":[[[564,565,566,567,-564,-560,-552]]],"properties":{"筆ID":"H000000201","version":"ver1.0","座標系":"任意座標系","測地系判別":null,"地図名":"鵡改Ａ（１０００）図無Ｈ１３","地図番号":"改A-4","縮尺分母":"1000","市区町村コード":"01586","市区町村名":"勇払郡むかわ町","大字コード":"017","丁目コード":"000","小字コード":"0000","予備コード":"00","大字名":"宮戸","丁目名":null,"小字名":null,"予備名":null,"地番":"833-2","精度区分":null,"座標値種別":null,"筆界未定構成筆":null,"代表点緯度":-157526.297,"代表点経度":-22687.681803958}},{"type":"MultiPolygon","arcs":[[[568,569,-565,-551]]],"properties":{"筆ID":"H000000202","version":"ver1.0","座標系":"任意座標系","測地系判別":null,"地図名":"鵡改Ａ（１０００）図無Ｈ１３","地図番号":"改A-4","縮尺分母":"1000","市区町村コード":"01586","市区町村名":"勇払郡むかわ町","大字コード":"017","丁目コード":"000","小字コード":"0000","予備コード":"00","大字名":"宮戸","丁目名":null,"小字名":null,"予備名":null,"地番":"833-3","精度区分":null,"座標値種別":null,"筆界未定構成筆":null,"代表点緯度":-157525.34,"代表点経度":-22684.706167198}},{"type":"MultiPolygon","arcs":[[[-568,570,571,-562]]],"properties":{"筆ID":"H000000203","version":"ver1.0","座標系":"任意座標系","測地系判別":null,"地図名":"鵡改Ａ（１０００）図無Ｈ１３","地図番号":"改A-4","縮尺分母":"1000","市区町村コード":"01586","市区町村名":"勇払郡むかわ町","大字コード":"017","丁目コード":"000","小字コード":"0000","予備コード":"00","大字名":"宮戸","丁目名":null,"小字名":null,"予備名":null,"地番":"833-4","精度区分":null,"座標値種別":null,"筆界未定構成筆":null,"代表点緯度":-157545.063,"代表点経度":-22684.948539497}},{"type":"MultiPolygon","arcs":[[[-567,572,-571]]],"properties":{"筆ID":"H000000204","version":"ver1.0","座標系":"任意座標系","測地系判別":null,"地図名":"鵡改Ａ（１０００）図無Ｈ１３","地図番号":"改A-4","縮尺分母":"1000","市区町村コード":"01586","市区町村名":"勇払郡むかわ町","大字コード":"017","丁目コード":"000","小字コード":"0000","予備コード":"00","大字名":"宮戸","丁目名":null,"小字名":null,"予備名":null,"地番":"833-5","精度区分":null,"座標値種別":null,"筆界未定構成筆":null,"代表点緯度":-157550.2685,"代表点経度":-22674.277915025}},{"type":"MultiPolygon","arcs":[[[573,574,575,576,-569,-550]]],"properties":{"筆ID":"H000000205","version":"ver1.0","座標系":"任意座標系","測地系判別":null,"地図名":"鵡改Ａ（１０００）図無Ｈ１３","地図番号":"改A-4","縮尺分母":"1000","市区町村コード":"01586","市区町村名":"勇払郡むかわ町","大字コード":"017","丁目コード":"000","小字コード":"0000","予備コード":"00","大字名":"宮戸","丁目名":null,"小字名":null,"予備名":null,"地番":"834","精度区分":null,"座標値種別":null,"筆界未定構成筆":null,"代表点緯度":-157524.2985,"代表点経度":-22681.778518324}},{"type":"MultiPolygon","arcs":[[[-577,577,578,-570]]],"properties":{"筆ID":"H000000206","version":"ver1.0","座標系":"任意座標系","測地系判別":null,"地図名":"鵡改Ａ（１０００）図無Ｈ１３","地図番号":"改A-4","縮尺分母":"1000","市区町村コード":"01586","市区町村名":"勇払郡むかわ町","大字コード":"017","丁目コード":"000","小字コード":"0000","予備コード":"00","大字名":"宮戸","丁目名":null,"小字名":null,"予備名":null,"地番":"835-2","精度区分":null,"座標値種別":null,"筆界未定構成筆":null,"代表点緯度":-157538.606,"代表点経度":-22657.649889285}},{"type":"MultiPolygon","arcs":[[[579,580,581]]],"properties":{"筆ID":"H000000207","version":"ver1.0","座標系":"任意座標系","測地系判別":null,"地図名":"鵡改Ａ（１０００）図無Ｈ１３","地図番号":"改A-4","縮尺分母":"1000","市区町村コード":"01586","市区町村名":"勇払郡むかわ町","大字コード":"017","丁目コード":"000","小字コード":"0000","予備コード":"00","大字名":"宮戸","丁目名":null,"小字名":null,"予備名":null,"地番":"836-3","精度区分":null,"座標値種別":null,"筆界未定構成筆":null,"代表点緯度":-157580.6175,"代表点経度":-22811.054990422}},{"type":"MultiPolygon","arcs":[[[-576,582,583,-578]]],"properties":{"筆ID":"H000000208","version":"ver1.0","座標系":"任意座標系","測地系判別":null,"地図名":"鵡改Ａ（１０００）図無Ｈ１３","地図番号":"改A-4","縮尺分母":"1000","市区町村コード":"01586","市区町村名":"勇払郡むかわ町","大字コード":"017","丁目コード":"000","小字コード":"0000","予備コード":"00","大字名":"宮戸","丁目名":null,"小字名":null,"予備名":null,"地番":"836-5","精度区分":null,"座標値種別":null,"筆界未定構成筆":null,"代表点緯度":-157549.9305,"代表点経度":-22636.388471845}},{"type":"MultiPolygon","arcs":[[[584,585]]],"properties":{"筆ID":"H000000209","version":"ver1.0","座標系":"任意座標系","測地系判別":null,"地図名":"鵡改Ａ（１０００）図無Ｈ１３","地図番号":"改A-4","縮尺分母":"1000","市区町村コード":"01586","市区町村名":"勇払郡むかわ町","大字コード":"017","丁目コード":"000","小字コード":"0000","予備コード":"00","大字名":"宮戸","丁目名":null,"小字名":null,"予備名":null,"地番":"836-6","精度区分":null,"座標値種別":null,"筆界未定構成筆":null,"代表点緯度":-157563.0015,"代表点経度":-22707.005543501}},{"type":"MultiPolygon","arcs":[[[586,587,588,589,-416,590]]],"properties":{"筆ID":"H000000210","version":"ver1.0","座標系":"任意座標系","測地系判別":null,"地図名":"鵡改Ａ（１０００）図無Ｈ１３","地図番号":"改A-5","縮尺分母":"1000","市区町村コード":"01586","市区町村名":"勇払郡むかわ町","大字コード":"017","丁目コード":"000","小字コード":"0000","予備コード":"00","大字名":"宮戸","丁目名":null,"小字名":null,"予備名":null,"地番":"837-1","精度区分":null,"座標値種別":null,"筆界未定構成筆":null,"代表点緯度":-157712.3265,"代表点経度":-22735.95278581}},{"type":"MultiPolygon","arcs":[[[-581,-591,-445,591]]],"properties":{"筆ID":"H000000211","version":"ver1.0","座標系":"任意座標系","測地系判別":null,"地図名":"鵡改Ａ（１０００）図無Ｈ１３","地図番号":"改A-4","縮尺分母":"1000","市区町村コード":"01586","市区町村名":"勇払郡むかわ町","大字コード":"017","丁目コード":"000","小字コード":"0000","予備コード":"00","大字名":"宮戸","丁目名":null,"小字名":null,"予備名":null,"地番":"837-2","精度区分":null,"座標値種別":null,"筆界未定構成筆":null,"代表点緯度":-157582.5135,"代表点経度":-22813.755897676}},{"type":"MultiPolygon","arcs":[[[592,593,594,595,596,597,598,599,600,-589,601]]],"properties":{"筆ID":"H000000212","version":"ver1.0","座標系":"任意座標系","測地系判別":null,"地図名":"鵡改Ａ（１０００）図無Ｈ１３","地図番号":"改A-5","縮尺分母":"1000","市区町村コード":"01586","市区町村名":"勇払郡むかわ町","大字コード":"017","丁目コード":"000","小字コード":"0000","予備コード":"00","大字名":"宮戸","丁目名":null,"小字名":null,"予備名":null,"地番":"838-1","精度区分":null,"座標値種別":null,"筆界未定構成筆":null,"代表点緯度":-157704.6095,"代表点経度":-22665.596131342}},{"type":"MultiPolygon","arcs":[[[-583,-575,602,603,604,605,-593,606]]],"properties":{"筆ID":"H000000213","version":"ver1.0","座標系":"任意座標系","測地系判別":null,"地図名":"鵡改Ａ（１０００）図無Ｈ１３","地図番号":"改A-4","縮尺分母":"1000","市区町村コード":"01586","市区町村名":"勇払郡むかわ町","大字コード":"017","丁目コード":"000","小字コード":"0000","予備コード":"00","大字名":"宮戸","丁目名":null,"小字名":null,"予備名":null,"地番":"838-2","精度区分":null,"座標値種別":null,"筆界未定構成筆":null,"代表点緯度":-157560.2375,"代表点経度":-22613.04224771}},{"type":"MultiPolygon","arcs":[[[607,608,609,610,611,612,-598,613,614]]],"properties":{"筆ID":"H000000214","version":"ver1.0","座標系":"任意座標系","測地系判別":null,"地図名":"鵡改Ａ（１０００）図無Ｈ１３","地図番号":"改A-1","縮尺分母":"1000","市区町村コード":"01586","市区町村名":"勇払郡むかわ町","大字コード":"017","丁目コード":"000","小字コード":"0000","予備コード":"00","大字名":"宮戸","丁目名":null,"小字名":null,"予備名":null,"地番":"838-3","精度区分":null,"座標値種別":null,"筆界未定構成筆":null,"代表点緯度":-157817.668,"代表点経度":-22287.48310186}},{"type":"MultiPolygon","arcs":[[[-614,615,616]]],"properties":{"筆ID":"H000000215","version":"ver1.0","座標系":"任意座標系","測地系判別":null,"地図名":"鵡改Ａ（１０００）図無Ｈ１３","地図番号":"改A-1","縮尺分母":"1000","市区町村コード":"01586","市区町村名":"勇払郡むかわ町","大字コード":"017","丁目コード":"000","小字コード":"0000","予備コード":"00","大字名":"宮戸","丁目名":null,"小字名":null,"予備名":null,"地番":"838-4","精度区分":null,"座標値種別":null,"筆界未定構成筆":null,"代表点緯度":-157818.714,"代表点経度":-22291.732752768}},{"type":"MultiPolygon","arcs":[[[617,618,619,-594]]],"properties":{"筆ID":"H000000216","version":"ver1.0","座標系":"任意座標系","測地系判別":null,"地図名":"鵡改Ａ（１０００）図無Ｈ１３","地図番号":"改A-5","縮尺分母":"1000","市区町村コード":"01586","市区町村名":"勇払郡むかわ町","大字コード":"017","丁目コード":"000","小字コード":"0000","予備コード":"00","大字名":"宮戸","丁目名":null,"小字名":null,"予備名":null,"地番":"839-1","精度区分":null,"座標値種別":null,"筆界未定構成筆":null,"代表点緯度":-157605.812,"代表点経度":-22602.106602432}},{"type":"MultiPolygon","arcs":[[[620,621,-618,-606]]],"properties":{"筆ID":"H000000217","version":"ver1.0","座標系":"任意座標系","測地系判別":null,"地図名":"鵡改Ａ（１０００）図無Ｈ１３","地図番号":"改A-4","縮尺分母":"1000","市区町村コード":"01586","市区町村名":"勇払郡むかわ町","大字コード":"017","丁目コード":"000","小字コード":"0000","予備コード":"00","大字名":"宮戸","丁目名":null,"小字名":null,"予備名":null,"地番":"839-2","精度区分":null,"座標値種別":null,"筆界未定構成筆":null,"代表点緯度":-157578.6325,"代表点経度":-22589.835530014}},{"type":"MultiPolygon","arcs":[[[622,623,-621,-605]]],"properties":{"筆ID":"H000000218","version":"ver1.0","座標系":"任意座標系","測地系判別":null,"地図名":"鵡改Ａ（１０００）図無Ｈ１３","地図番号":"改A-4","縮尺分母":"1000","市区町村コード":"01586","市区町村名":"勇払郡むかわ町","大字コード":"017","丁目コード":"000","小字コード":"0000","予備コード":"00","大字名":"宮戸","丁目名":null,"小字名":null,"予備名":null,"地番":"839-3","精度区分":null,"座標値種別":null,"筆界未定構成筆":null,"代表点緯度":-157578.081,"代表点経度":-22588.083463929}},{"type":"MultiPolygon","arcs":[[[-619,-622,624,625,626]]],"properties":{"筆ID":"H000000219","version":"ver1.0","座標系":"任意座標系","測地系判別":null,"地図名":"鵡改Ａ（１０００）図無Ｈ１３","地図番号":"改A-5","縮尺分母":"1000","市区町村コード":"01586","市区町村名":"勇払郡むかわ町","大字コード":"017","丁目コード":"000","小字コード":"0000","予備コード":"00","大字名":"宮戸","丁目名":null,"小字名":null,"予備名":null,"地番":"840-1","精度区分":null,"座標値種別":null,"筆界未定構成筆":null,"代表点緯度":-157609.3885,"代表点経度":-22577.587191884}},{"type":"MultiPolygon","arcs":[[[627,628,-625,-624]]],"properties":{"筆ID":"H000000220","version":"ver1.0","座標系":"任意座標系","測地系判別":null,"地図名":"鵡改Ａ（１０００）図無Ｈ１３","地図番号":"改A-4","縮尺分母":"1000","市区町村コード":"01586","市区町村名":"勇払郡むかわ町","大字コード":"017","丁目コード":"000","小字コード":"0000","予備コード":"00","大字名":"宮戸","丁目名":null,"小字名":null,"予備名":null,"地番":"840-2","精度区分":null,"座標値種別":null,"筆界未定構成筆":null,"代表点緯度":-157591.3955,"代表点経度":-22571.336434296}},{"type":"MultiPolygon","arcs":[[[629,-609,630,631,632,633,634,635,636,-628,-623,-604]]],"properties":{"筆ID":"H000000221","version":"ver1.0","座標系":"任意座標系","測地系判別":null,"地図名":"鵡改Ａ（１０００）図無Ｈ１３","地図番号":"改A-5","縮尺分母":"1000","市区町村コード":"01586","市区町村名":"勇払郡むかわ町","大字コード":"017","丁目コード":"000","小字コード":"0000","予備コード":"00","大字名":"宮戸","丁目名":null,"小字名":null,"予備名":null,"地番":"841","精度区分":null,"座標値種別":null,"筆界未定構成筆":null,"代表点緯度":-157672.608,"代表点経度":-22466.982207495}},{"type":"MultiPolygon","arcs":[[[-620,-627,637,638,639,-595]]],"properties":{"筆ID":"H000000222","version":"ver1.0","座標系":"任意座標系","測地系判別":null,"地図名":"鵡改Ａ（１０００）図無Ｈ１３","地図番号":"改A-5","縮尺分母":"1000","市区町村コード":"01586","市区町村名":"勇払郡むかわ町","大字コード":"017","丁目コード":"000","小字コード":"0000","予備コード":"00","大字名":"宮戸","丁目名":null,"小字名":null,"予備名":null,"地番":"842-1","精度区分":null,"座標値種別":null,"筆界未定構成筆":null,"代表点緯度":-157712.814,"代表点経度":-22596.27920892}},{"type":"MultiPolygon","arcs":[[[640,641,-638,-626]]],"properties":{"筆ID":"H000000223","version":"ver1.0","座標系":"任意座標系","測地系判別":null,"地図名":"鵡改Ａ（１０００）図無Ｈ１３","地図番号":"改A-5","縮尺分母":"1000","市区町村コード":"01586","市区町村名":"勇払郡むかわ町","大字コード":"017","丁目コード":"000","小字コード":"0000","予備コード":"00","大字名":"宮戸","丁目名":null,"小字名":null,"予備名":null,"地番":"842-2","精度区分":null,"座標値種別":null,"筆界未定構成筆":null,"代表点緯度":-157620.7475,"代表点経度":-22537.22096384}},{"type":"MultiPolygon","arcs":[[[-637,642,-641,-629]]],"properties":{"筆ID":"H000000224","version":"ver1.0","座標系":"任意座標系","測地系判別":null,"地図名":"鵡改Ａ（１０００）図無Ｈ１３","地図番号":"改A-5","縮尺分母":"1000","市区町村コード":"01586","市区町村名":"勇払郡むかわ町","大字コード":"017","丁目コード":"000","小字コード":"0000","予備コード":"00","大字名":"宮戸","丁目名":null,"小字名":null,"予備名":null,"地番":"842-3","精度区分":null,"座標値種別":null,"筆界未定構成筆":null,"代表点緯度":-157619.2695,"代表点経度":-22536.723025453}},{"type":"MultiPolygon","arcs":[[[-636,643,644,-643]]],"properties":{"筆ID":"H000000225","version":"ver1.0","座標系":"任意座標系","測地系判別":null,"地図名":"鵡改Ａ（１０００）図無Ｈ１３","地図番号":"改A-5","縮尺分母":"1000","市区町村コード":"01586","市区町村名":"勇払郡むかわ町","大字コード":"017","丁目コード":"000","小字コード":"0000","予備コード":"00","大字名":"宮戸","丁目名":null,"小字名":null,"予備名":null,"地番":"843-3","精度区分":null,"座標値種別":null,"筆界未定構成筆":null,"代表点緯度":-157673.377,"代表点経度":-22469.257864999}},{"type":"MultiPolygon","arcs":[[[645,646,647,648]]],"properties":{"筆ID":"H000000226","version":"ver1.0","座標系":"任意座標系","測地系判別":null,"地図名":"鵡改Ａ（１０００）図無Ｈ１３","地図番号":"改A-5","縮尺分母":"1000","市区町村コード":"01586","市区町村名":"勇払郡むかわ町","大字コード":"017","丁目コード":"000","小字コード":"0000","予備コード":"00","大字名":"宮戸","丁目名":null,"小字名":null,"予備名":null,"地番":"844-2","精度区分":null,"座標値種別":null,"筆界未定構成筆":null,"代表点緯度":-157720.4355,"代表点経度":-22412.942600285}},{"type":"MultiPolygon","arcs":[[[-635,649,-646,-644]]],"properties":{"筆ID":"H000000227","version":"ver1.0","座標系":"任意座標系","測地系判別":null,"地図名":"鵡改Ａ（１０００）図無Ｈ１３","地図番号":"改A-5","縮尺分母":"1000","市区町村コード":"01586","市区町村名":"勇払郡むかわ町","大字コード":"017","丁目コード":"000","小字コード":"0000","予備コード":"00","大字名":"宮戸","丁目名":null,"小字名":null,"予備名":null,"地番":"844-3","精度区分":null,"座標値種別":null,"筆界未定構成筆":null,"代表点緯度":-157718.8445,"代表点経度":-22412.419813666}},{"type":"MultiPolygon","arcs":[[[650,651,652,653]]],"properties":{"筆ID":"H000000228","version":"ver1.0","座標系":"任意座標系","測地系判別":null,"地図名":"鵡改Ａ（１０００）図無Ｈ１３","地図番号":"改A-1","縮尺分母":"1000","市区町村コード":"01586","市区町村名":"勇払郡むかわ町","大字コード":"017","丁目コード":"000","小字コード":"0000","予備コード":"00","大字名":"宮戸","丁目名":null,"小字名":null,"予備名":null,"地番":"846-2","精度区分":null,"座標値種別":null,"筆界未定構成筆":null,"代表点緯度":-157759.5295,"代表点経度":-22364.038726526}},{"type":"MultiPolygon","arcs":[[[-633,654,-651,655]]],"properties":{"筆ID":"H000000229","version":"ver1.0","座標系":"任意座標系","測地系判別":null,"地図名":"鵡改Ａ（１０００）図無Ｈ１３","地図番号":"改A-1","縮尺分母":"1000","市区町村コード":"01586","市区町村名":"勇払郡むかわ町","大字コード":"017","丁目コード":"000","小字コード":"0000","予備コード":"00","大字名":"宮戸","丁目名":null,"小字名":null,"予備名":null,"地番":"846-3","精度区分":null,"座標値種別":null,"筆界未定構成筆":null,"代表点緯度":-157758.1575,"代表点経度":-22363.387622047}},{"type":"MultiPolygon","arcs":[[[656,-615,657,658]]],"properties":{"筆ID":"H000000230","version":"ver1.0","座標系":"任意座標系","測地系判別":null,"地図名":"鵡改Ａ（１０００）図無Ｈ１３","地図番号":"改A-1","縮尺分母":"1000","市区町村コード":"01586","市区町村名":"勇払郡むかわ町","大字コード":"017","丁目コード":"000","小字コード":"0000","予備コード":"00","大字名":"宮戸","丁目名":null,"小字名":null,"予備名":null,"地番":"846-4","精度区分":null,"座標値種別":null,"筆界未定構成筆":null,"代表点緯度":-157812.306,"代表点経度":-22298.298388263}},{"type":"MultiPolygon","arcs":[[[-631,-608,-657,659]]],"properties":{"筆ID":"H000000231","version":"ver1.0","座標系":"任意座標系","測地系判別":null,"地図名":"鵡改Ａ（１０００）図無Ｈ１３","地図番号":"改A-1","縮尺分母":"1000","市区町村コード":"01586","市区町村名":"勇払郡むかわ町","大字コード":"017","丁目コード":"000","小字コード":"0000","予備コード":"00","大字名":"宮戸","丁目名":null,"小字名":null,"予備名":null,"地番":"846-5","精度区分":null,"座標値種別":null,"筆界未定構成筆":null,"代表点緯度":-157811.0075,"代表点経度":-22297.739916672}},{"type":"MultiPolygon","arcs":[[[660,661]]],"properties":{"筆ID":"H000000232","version":"ver1.0","座標系":"任意座標系","測地系判別":null,"地図名":"鵡改Ａ（１０００）図無Ｈ１３","地図番号":"改A-1","縮尺分母":"1000","市区町村コード":"01586","市区町村名":"勇払郡むかわ町","大字コード":"017","丁目コード":"000","小字コード":"0000","予備コード":"00","大字名":"宮戸","丁目名":null,"小字名":null,"予備名":null,"地番":"847-1","精度区分":null,"座標値種別":null,"筆界未定構成筆":null,"代表点緯度":-157827.0495,"代表点経度":-22335.097109865}},{"type":"MultiPolygon","arcs":[[[662,-659,-661,-652]]],"properties":{"筆ID":"H000000233","version":"ver1.0","座標系":"任意座標系","測地系判別":null,"地図名":"鵡改Ａ（１０００）図無Ｈ１３","地図番号":"改A-1","縮尺分母":"1000","市区町村コード":"01586","市区町村名":"勇払郡むかわ町","大字コード":"017","丁目コード":"000","小字コード":"0000","予備コード":"00","大字名":"宮戸","丁目名":null,"小字名":null,"予備名":null,"地番":"847-2","精度区分":null,"座標値種別":null,"筆界未定構成筆":null,"代表点緯度":-157792.9775,"代表点経度":-22322.292013829}},{"type":"MultiPolygon","arcs":[[[-632,-660,-663,-655]]],"properties":{"筆ID":"H000000234","version":"ver1.0","座標系":"任意座標系","測地系判別":null,"地図名":"鵡改Ａ（１０００）図無Ｈ１３","地図番号":"改A-1","縮尺分母":"1000","市区町村コード":"01586","市区町村名":"勇払郡むかわ町","大字コード":"017","丁目コード":"000","小字コード":"0000","予備コード":"00","大字名":"宮戸","丁目名":null,"小字名":null,"予備名":null,"地番":"847-3","精度区分":null,"座標値種別":null,"筆界未定構成筆":null,"代表点緯度":-157791.651,"代表点経度":-22321.752280028}},{"type":"MultiPolygon","arcs":[[[-616,-597,663,664]]],"properties":{"筆ID":"H000000235","version":"ver1.0","座標系":"任意座標系","測地系判別":null,"地図名":"鵡改Ａ（１０００）図無Ｈ１３","地図番号":"改A-1","縮尺分母":"1000","市区町村コード":"01586","市区町村名":"勇払郡むかわ町","大字コード":"017","丁目コード":"000","小字コード":"0000","予備コード":"00","大字名":"宮戸","丁目名":null,"小字名":null,"予備名":null,"地番":"848","精度区分":null,"座標値種別":null,"筆界未定構成筆":null,"代表点緯度":-157864.4035,"代表点経度":-22307.643666667}},{"type":"MultiPolygon","arcs":[[[-640,665,666,-664,-596]]],"properties":{"筆ID":"H000000236","version":"ver1.0","座標系":"任意座標系","測地系判別":null,"地図名":"鵡改Ａ（１０００）図無Ｈ１３","地図番号":"改A-5","縮尺分母":"1000","市区町村コード":"01586","市区町村名":"勇払郡むかわ町","大字コード":"017","丁目コード":"000","小字コード":"0000","予備コード":"00","大字名":"宮戸","丁目名":null,"小字名":null,"予備名":null,"地番":"849","精度区分":null,"座標値種別":null,"筆界未定構成筆":null,"代表点緯度":-157846.9,"代表点経度":-22507.740077302}},{"type":"MultiPolygon","arcs":[[[-601,667,668,669,670,-417,-590]]],"properties":{"筆ID":"H000000237","version":"ver1.0","座標系":"任意座標系","測地系判別":null,"地図名":"鵡改Ａ（１０００）図無Ｈ１３","地図番号":"改A-5","縮尺分母":"1000","市区町村コード":"01586","市区町村名":"勇払郡むかわ町","大字コード":"017","丁目コード":"000","小字コード":"0000","予備コード":"00","大字名":"宮戸","丁目名":null,"小字名":null,"予備名":null,"地番":"850","精度区分":null,"座標値種別":null,"筆界未定構成筆":null,"代表点緯度":-157856.966,"代表点経度":-22502.358924941}},{"type":"MultiPolygon","arcs":[[[671,672,-670]]],"properties":{"筆ID":"H000000238","version":"ver1.0","座標系":"任意座標系","測地系判別":null,"地図名":"鵡改Ａ（１０００）図無Ｈ１３","地図番号":"改A-5","縮尺分母":"1000","市区町村コード":"01586","市区町村名":"勇払郡むかわ町","大字コード":"017","丁目コード":"000","小字コード":"0000","予備コード":"00","大字名":"宮戸","丁目名":null,"小字名":null,"予備名":null,"地番":"851","精度区分":null,"座標値種別":null,"筆界未定構成筆":null,"代表点緯度":-157893.2965,"代表点経度":-22609.052021757}},{"type":"MultiPolygon","arcs":[[[-669,673,674,-672]]],"properties":{"筆ID":"H000000239","version":"ver1.0","座標系":"任意座標系","測地系判別":null,"地図名":"鵡改Ａ（１０００）図無Ｈ１３","地図番号":"改A-6","縮尺分母":"1000","市区町村コード":"01586","市区町村名":"勇払郡むかわ町","大字コード":"017","丁目コード":"000","小字コード":"0000","予備コード":"00","大字名":"宮戸","丁目名":null,"小字名":null,"予備名":null,"地番":"852","精度区分":null,"座標値種別":null,"筆界未定構成筆":null,"代表点緯度":-158004.616,"代表点経度":-22521.689179988}},{"type":"MultiPolygon","arcs":[[[-668,675,676,677,-674]]],"properties":{"筆ID":"H000000240","version":"ver1.0","座標系":"任意座標系","測地系判別":null,"地図名":"鵡改Ａ（１０００）図無Ｈ１３","地図番号":"改A-6","縮尺分母":"1000","市区町村コード":"01586","市区町村名":"勇払郡むかわ町","大字コード":"017","丁目コード":"000","小字コード":"0000","予備コード":"00","大字名":"宮戸","丁目名":null,"小字名":null,"予備名":null,"地番":"853","精度区分":null,"座標値種別":null,"筆界未定構成筆":null,"代表点緯度":-158000.839,"代表点経度":-22420.008738265}},{"type":"MultiPolygon","arcs":[[[-673,-675,-678,678,679,680,681,-418,-671]]],"properties":{"筆ID":"H000000241","version":"ver1.0","座標系":"任意座標系","測地系判別":null,"地図名":"鵡改Ａ（１０００）図無Ｈ１３","地図番号":"改A-6","縮尺分母":"1000","市区町村コード":"01586","市区町村名":"勇払郡むかわ町","大字コード":"017","丁目コード":"000","小字コード":"0000","予備コード":"00","大字名":"宮戸","丁目名":null,"小字名":null,"予備名":null,"地番":"854","精度区分":null,"座標値種別":null,"筆界未定構成筆":null,"代表点緯度":-158004.616,"代表点経度":-22560.916212479}},{"type":"MultiPolygon","arcs":[[[682,683,684,-679,-677]]],"properties":{"筆ID":"H000000242","version":"ver1.0","座標系":"任意座標系","測地系判別":null,"地図名":"鵡改Ａ（１０００）図無Ｈ１３","地図番号":"改A-6","縮尺分母":"1000","市区町村コード":"01586","市区町村名":"勇払郡むかわ町","大字コード":"017","丁目コード":"000","小字コード":"0000","予備コード":"00","大字名":"宮戸","丁目名":null,"小字名":null,"予備名":null,"地番":"855","精度区分":null,"座標値種別":null,"筆界未定構成筆":null,"代表点緯度":-158153.329,"代表点経度":-22409.273993648}},{"type":"MultiPolygon","arcs":[[[-600,685,686,687,688,-683,-676]]],"properties":{"筆ID":"H000000243","version":"ver1.0","座標系":"任意座標系","測地系判別":null,"地図名":"鵡改Ａ（１０００）図無Ｈ１３","地図番号":"改A-2","縮尺分母":"1000","市区町村コード":"01586","市区町村名":"勇払郡むかわ町","大字コード":"017","丁目コード":"000","小字コード":"0000","予備コード":"00","大字名":"宮戸","丁目名":null,"小字名":null,"予備名":null,"地番":"856-1","精度区分":null,"座標値種別":null,"筆界未定構成筆":null,"代表点緯度":-158002.3945,"代表点経度":-22354.684077237}},{"type":"MultiPolygon","arcs":[[[689,690,691,-688]]],"properties":{"筆ID":"H000000244","version":"ver1.0","座標系":"任意座標系","測地系判別":null,"地図名":"鵡改Ａ（１０００）図無Ｈ１３","地図番号":"改A-2","縮尺分母":"1000","市区町村コード":"01586","市区町村名":"勇払郡むかわ町","大字コード":"017","丁目コード":"000","小字コード":"0000","予備コード":"00","大字名":"宮戸","丁目名":null,"小字名":null,"予備名":null,"地番":"856-2","精度区分":null,"座標値種別":null,"筆界未定構成筆":null,"代表点緯度":-158214.1655,"代表点経度":-22032.987067696}},{"type":"MultiPolygon","arcs":[[[-599,692,693,694,-686]]],"properties":{"筆ID":"H000000245","version":"ver1.0","座標系":"任意座標系","測地系判別":null,"地図名":"鵡改Ａ（１０００）図無Ｈ１３","地図番号":"改A-2","縮尺分母":"1000","市区町村コード":"01586","市区町村名":"勇払郡むかわ町","大字コード":"017","丁目コード":"000","小字コード":"0000","予備コード":"00","大字名":"宮戸","丁目名":null,"小字名":null,"予備名":null,"地番":"857-1","精度区分":null,"座標値種別":null,"筆界未定構成筆":null,"代表点緯度":-158002.3945,"代表点経度":-22320.227021664}},{"type":"MultiPolygon","arcs":[[[695,696,-693,-613]]],"properties":{"筆ID":"H000000246","version":"ver1.0","座標系":"任意座標系","測地系判別":null,"地図名":"鵡改Ａ（１０００）図無Ｈ１３","地図番号":"改A-1","縮尺分母":"1000","市区町村コード":"01586","市区町村名":"勇払郡むかわ町","大字コード":"017","丁目コード":"000","小字コード":"0000","予備コード":"00","大字名":"宮戸","丁目名":null,"小字名":null,"予備名":null,"地番":"857-2","精度区分":null,"座標値種別":null,"筆界未定構成筆":null,"代表点緯度":-157834.56,"代表点経度":-22270.855726056}},{"type":"MultiPolygon","arcs":[[[697,698,-696,-612]]],"properties":{"筆ID":"H000000247","version":"ver1.0","座標系":"任意座標系","測地系判別":null,"地図名":"鵡改Ａ（１０００）図無Ｈ１３","地図番号":"改A-1","縮尺分母":"1000","市区町村コード":"01586","市区町村名":"勇払郡むかわ町","大字コード":"017","丁目コード":"000","小字コード":"0000","予備コード":"00","大字名":"宮戸","丁目名":null,"小字名":null,"予備名":null,"地番":"857-3","精度区分":null,"座標値種別":null,"筆界未定構成筆":null,"代表点緯度":-157840.0505,"代表点経度":-22261.279770695}},{"type":"MultiPolygon","arcs":[[[699,700,701,702,703,704]]],"properties":{"筆ID":"H000000248","version":"ver1.0","座標系":"任意座標系","測地系判別":null,"地図名":"鵡改Ａ（１０００）図無Ｈ１３","地図番号":"改A-1","縮尺分母":"1000","市区町村コード":"01586","市区町村名":"勇払郡むかわ町","大字コード":"017","丁目コード":"000","小字コード":"0000","予備コード":"00","大字名":"宮戸","丁目名":null,"小字名":null,"予備名":null,"地番":"858-1","精度区分":null,"座標値種別":null,"筆界未定構成筆":null,"代表点緯度":-157875.9625,"代表点経度":-22210.252624174}},{"type":"MultiPolygon","arcs":[[[705,706,707,708,-705,709,-698,-611]]],"properties":{"筆ID":"H000000249","version":"ver1.0","座標系":"任意座標系","測地系判別":null,"地図名":"鵡改Ａ（１０００）図無Ｈ１３","地図番号":"改A-1","縮尺分母":"1000","市区町村コード":"01586","市区町村名":"勇払郡むかわ町","大字コード":"017","丁目コード":"000","小字コード":"0000","予備コード":"00","大字名":"宮戸","丁目名":null,"小字名":null,"予備名":null,"地番":"858-2","精度区分":null,"座標値種別":null,"筆界未定構成筆":null,"代表点緯度":-157861.204,"代表点経度":-22230.565237868}},{"type":"MultiPolygon","arcs":[[[710,-703,711,712,713,-694]]],"properties":{"筆ID":"H000000250","version":"ver1.0","座標系":"任意座標系","測地系判別":null,"地図名":"鵡改Ａ（１０００）図無Ｈ１３","地図番号":"改A-2","縮尺分母":"1000","市区町村コード":"01586","市区町村名":"勇払郡むかわ町","大字コード":"017","丁目コード":"000","小字コード":"0000","予備コード":"00","大字名":"宮戸","丁目名":null,"小字名":null,"予備名":null,"地番":"859-1","精度区分":null,"座標値種別":null,"筆界未定構成筆":null,"代表点緯度":-157950.717,"代表点経度":-22254.151130107}},{"type":"MultiPolygon","arcs":[[[714,-704,-711,-697]]],"properties":{"筆ID":"H000000251","version":"ver1.0","座標系":"任意座標系","測地系判別":null,"地図名":"鵡改Ａ（１０００）図無Ｈ１３","地図番号":"改A-1","縮尺分母":"1000","市区町村コード":"01586","市区町村名":"勇払郡むかわ町","大字コード":"017","丁目コード":"000","小字コード":"0000","予備コード":"00","大字名":"宮戸","丁目名":null,"小字名":null,"予備名":null,"地番":"859-2","精度区分":null,"座標値種別":null,"筆界未定構成筆":null,"代表点緯度":-157863.288,"代表点経度":-22233.068383316}},{"type":"MultiPolygon","arcs":[[[-710,-715,-699]]],"properties":{"筆ID":"H000000252","version":"ver1.0","座標系":"任意座標系","測地系判別":null,"地図名":"鵡改Ａ（１０００）図無Ｈ１３","地図番号":"改A-1","縮尺分母":"1000","市区町村コード":"01586","市区町村名":"勇払郡むかわ町","大字コード":"017","丁目コード":"000","小字コード":"0000","予備コード":"00","大字名":"宮戸","丁目名":null,"小字名":null,"予備名":null,"地番":"859-3","精度区分":null,"座標値種別":null,"筆界未定構成筆":null,"代表点緯度":-157862.6075,"代表点経度":-22232.041421256}},{"type":"MultiPolygon","arcs":[[[-702,715,716,717,-712]]],"properties":{"筆ID":"H000000253","version":"ver1.0","座標系":"任意座標系","測地系判別":null,"地図名":"鵡改Ａ（１０００）図無Ｈ１３","地図番号":"改A-2","縮尺分母":"1000","市区町村コード":"01586","市区町村名":"勇払郡むかわ町","大字コード":"017","丁目コード":"000","小字コード":"0000","予備コード":"00","大字名":"宮戸","丁目名":null,"小字名":null,"予備名":null,"地番":"860-1","精度区分":null,"座標値種別":null,"筆界未定構成筆":null,"代表点緯度":-157979.4825,"代表点経度":-22197.401410406}},{"type":"MultiPolygon","arcs":[[[-708,718,719,720]]],"properties":{"筆ID":"H000000254","version":"ver1.0","座標系":"任意座標系","測地系判別":null,"地図名":"鵡改Ａ（１０００）図無Ｈ１３","地図番号":"改A-1","縮尺分母":"1000","市区町村コード":"01586","市区町村名":"勇払郡むかわ町","大字コード":"017","丁目コード":"000","小字コード":"0000","予備コード":"00","大字名":"宮戸","丁目名":null,"小字名":null,"予備名":null,"地番":"860-2","精度区分":null,"座標値種別":null,"筆界未定構成筆":null,"代表点緯度":-157899.1075,"代表点経度":-22133.952125215}},{"type":"MultiPolygon","arcs":[[[-720,721,722,-717,723]]],"properties":{"筆ID":"H000000255","version":"ver1.0","座標系":"任意座標系","測地系判別":null,"地図名":"鵡改Ａ（１０００）図無Ｈ１３","地図番号":"改A-1","縮尺分母":"1000","市区町村コード":"01586","市区町村名":"勇払郡むかわ町","大字コード":"017","丁目コード":"000","小字コード":"0000","予備コード":"00","大字名":"宮戸","丁目名":null,"小字名":null,"予備名":null,"地番":"860-3","精度区分":null,"座標値種別":null,"筆界未定構成筆":null,"代表点緯度":-157914.455,"代表点経度":-22139.958200719}},{"type":"MultiPolygon","arcs":[[[-701,724,725,-724,-716]]],"properties":{"筆ID":"H000000256","version":"ver1.0","座標系":"任意座標系","測地系判別":null,"地図名":"鵡改Ａ（１０００）図無Ｈ１３","地図番号":"改A-1","縮尺分母":"1000","市区町村コード":"01586","市区町村名":"勇払郡むかわ町","大字コード":"017","丁目コード":"000","小字コード":"0000","予備コード":"00","大字名":"宮戸","丁目名":null,"小字名":null,"予備名":null,"地番":"861-1","精度区分":null,"座標値種別":null,"筆界未定構成筆":null,"代表点緯度":-157902.015,"代表点経度":-22177.886923591}},{"type":"MultiPolygon","arcs":[[[726,-725,-700]]],"properties":{"筆ID":"H000000257","version":"ver1.0","座標系":"任意座標系","測地系判別":null,"地図名":"鵡改Ａ（１０００）図無Ｈ１３","地図番号":"改A-1","縮尺分母":"1000","市区町村コード":"01586","市区町村名":"勇払郡むかわ町","大字コード":"017","丁目コード":"000","小字コード":"0000","予備コード":"00","大字名":"宮戸","丁目名":null,"小字名":null,"予備名":null,"地番":"861-2","精度区分":null,"座標値種別":null,"筆界未定構成筆":null,"代表点緯度":-157886.497,"代表点経度":-22176.900201309}},{"type":"MultiPolygon","arcs":[[[-721,-726,-727,-709]]],"properties":{"筆ID":"H000000258","version":"ver1.0","座標系":"任意座標系","測地系判別":null,"地図名":"鵡改Ａ（１０００）図無Ｈ１３","地図番号":"改A-1","縮尺分母":"1000","市区町村コード":"01586","市区町村名":"勇払郡むかわ町","大字コード":"017","丁目コード":"000","小字コード":"0000","予備コード":"00","大字名":"宮戸","丁目名":null,"小字名":null,"予備名":null,"地番":"861-3","精度区分":null,"座標値種別":null,"筆界未定構成筆":null,"代表点緯度":-157890.1705,"代表点経度":-22160.987381375}},{"type":"MultiPolygon","arcs":[[[-719,727,728,729,730,731,-722]]],"properties":{"筆ID":"H000000259","version":"ver1.0","座標系":"任意座標系","測地系判別":null,"地図名":"鵡改Ａ（１０００）図無Ｈ１３","地図番号":"改A-1","縮尺分母":"1000","市区町村コード":"01586","市区町村名":"勇払郡むかわ町","大字コード":"017","丁目コード":"000","小字コード":"0000","予備コード":"00","大字名":"宮戸","丁目名":null,"小字名":null,"予備名":null,"地番":"862-1","精度区分":null,"座標値種別":null,"筆界未定構成筆":null,"代表点緯度":-157916.676,"代表点経度":-22121.483381879}},{"type":"MultiPolygon","arcs":[[[732,733,734,735,-728,-707]]],"properties":{"筆ID":"H000000260","version":"ver1.0","座標系":"任意座標系","測地系判別":null,"地図名":"鵡改Ａ（１０００）図無Ｈ１３","地図番号":"改A-1","縮尺分母":"1000","市区町村コード":"01586","市区町村名":"勇払郡むかわ町","大字コード":"017","丁目コード":"000","小字コード":"0000","予備コード":"00","大字名":"宮戸","丁目名":null,"小字名":null,"予備名":null,"地番":"862-2","精度区分":null,"座標値種別":null,"筆界未定構成筆":null,"代表点緯度":-157920.7465,"代表点経度":-22056.647563334}},{"type":"MultiPolygon","arcs":[[[-731,736,737,738,739]]],"properties":{"筆ID":"H000000261","version":"ver1.0","座標系":"任意座標系","測地系判別":null,"地図名":"鵡改Ａ（１０００）図無Ｈ１３","地図番号":"改A-2","縮尺分母":"1000","市区町村コード":"01586","市区町村名":"勇払郡むかわ町","大字コード":"017","丁目コード":"000","小字コード":"0000","予備コード":"00","大字名":"宮戸","丁目名":null,"小字名":null,"予備名":null,"地番":"864-1","精度区分":null,"座標値種別":null,"筆界未定構成筆":null,"代表点緯度":-158044.686,"代表点経度":-22105.177826342}},{"type":"MultiPolygon","arcs":[[[740,741,-737,-730]]],"properties":{"筆ID":"H000000262","version":"ver1.0","座標系":"任意座標系","測地系判別":null,"地図名":"鵡改Ａ（１０００）図無Ｈ１３","地図番号":"改A-1","縮尺分母":"1000","市区町村コード":"01586","市区町村名":"勇払郡むかわ町","大字コード":"017","丁目コード":"000","小字コード":"0000","予備コード":"00","大字名":"宮戸","丁目名":null,"小字名":null,"予備名":null,"地番":"864-2","精度区分":null,"座標値種別":null,"筆界未定構成筆":null,"代表点緯度":-157924.0235,"代表点経度":-22062.335699273}},{"type":"MultiPolygon","arcs":[[[-736,742,-741,-729]]],"properties":{"筆ID":"H000000263","version":"ver1.0","座標系":"任意座標系","測地系判別":null,"地図名":"鵡改Ａ（１０００）図無Ｈ１３","地図番号":"改A-1","縮尺分母":"1000","市区町村コード":"01586","市区町村名":"勇払郡むかわ町","大字コード":"017","丁目コード":"000","小字コード":"0000","予備コード":"00","大字名":"宮戸","丁目名":null,"小字名":null,"予備名":null,"地番":"864-3","精度区分":null,"座標値種別":null,"筆界未定構成筆":null,"代表点緯度":-157922.162,"代表点経度":-22061.341484888}},{"type":"MultiPolygon","arcs":[[[743,744,745,746]]],"properties":{"筆ID":"H000000264","version":"ver1.0","座標系":"任意座標系","測地系判別":null,"地図名":"鵡改Ａ（１０００）図無Ｈ１３","地図番号":"改A-2","縮尺分母":"1000","市区町村コード":"01586","市区町村名":"勇払郡むかわ町","大字コード":"017","丁目コード":"000","小字コード":"0000","予備コード":"00","大字名":"宮戸","丁目名":null,"小字名":null,"予備名":null,"地番":"865-1","精度区分":null,"座標値種別":null,"筆界未定構成筆":null,"代表点緯度":-158081.5125,"代表点経度":-22003.991308616}},{"type":"MultiPolygon","arcs":[[[747,-747,748,-738]]],"properties":{"筆ID":"H000000265","version":"ver1.0","座標系":"任意座標系","測地系判別":null,"地図名":"鵡改Ａ（１０００）図無Ｈ１３","地図番号":"改A-2","縮尺分母":"1000","市区町村コード":"01586","市区町村名":"勇払郡むかわ町","大字コード":"017","丁目コード":"000","小字コード":"0000","予備コード":"00","大字名":"宮戸","丁目名":null,"小字名":null,"予備名":null,"地番":"865-2","精度区分":null,"座標値種別":null,"筆界未定構成筆":null,"代表点緯度":-158069.9035,"代表点経度":-22034.84257172}},{"type":"MultiPolygon","arcs":[[[749,-744,750]]],"properties":{"筆ID":"H000000266","version":"ver1.0","座標系":"任意座標系","測地系判別":null,"地図名":"鵡改Ａ（１０００）図無Ｈ１３","地図番号":"改A-1","縮尺分母":"1000","市区町村コード":"01586","市区町村名":"勇払郡むかわ町","大字コード":"017","丁目コード":"000","小字コード":"0000","予備コード":"00","大字名":"宮戸","丁目名":null,"小字名":null,"予備名":null,"地番":"865-3","精度区分":null,"座標値種別":null,"筆界未定構成筆":null,"代表点緯度":-157956.9675,"代表点経度":-21961.168468259}},{"type":"MultiPolygon","arcs":[[[751,-751,-748,-742]]],"properties":{"筆ID":"H000000267","version":"ver1.0","座標系":"任意座標系","測地系判別":null,"地図名":"鵡改Ａ（１０００）図無Ｈ１３","地図番号":"改A-1","縮尺分母":"1000","市区町村コード":"01586","市区町村名":"勇払郡むかわ町","大字コード":"017","丁目コード":"000","小字コード":"0000","予備コード":"00","大字名":"宮戸","丁目名":null,"小字名":null,"予備名":null,"地番":"865-4","精度区分":null,"座標値種別":null,"筆界未定構成筆":null,"代表点緯度":-157947.455,"代表点経度":-21990.810856349}},{"type":"MultiPolygon","arcs":[[[-735,752,-752,-743]]],"properties":{"筆ID":"H000000268","version":"ver1.0","座標系":"任意座標系","測地系判別":null,"地図名":"鵡改Ａ（１０００）図無Ｈ１３","地図番号":"改A-1","縮尺分母":"1000","市区町村コード":"01586","市区町村名":"勇払郡むかわ町","大字コード":"017","丁目コード":"000","小字コード":"0000","予備コード":"00","大字名":"宮戸","丁目名":null,"小字名":null,"予備名":null,"地番":"865-5","精度区分":null,"座標値種別":null,"筆界未定構成筆":null,"代表点緯度":-157945.537,"代表点経度":-21990.165593028}},{"type":"MultiPolygon","arcs":[[[-750,-753,-734,753,754,-745]]],"properties":{"筆ID":"H000000269","version":"ver1.0","座標系":"任意座標系","測地系判別":null,"地図名":"鵡改Ａ（１０００）図無Ｈ１３","地図番号":"改A-2","縮尺分母":"1000","市区町村コード":"01586","市区町村名":"勇払郡むかわ町","大字コード":"017","丁目コード":"000","小字コード":"0000","予備コード":"00","大字名":"宮戸","丁目名":null,"小字名":null,"予備名":null,"地番":"865-6","精度区分":null,"座標値種別":null,"筆界未定構成筆":null,"代表点緯度":-158087.774,"代表点経度":-21988.502506683}},{"type":"MultiPolygon","arcs":[[[-695,-714,755,-739,-749,-746,756,-687]]],"properties":{"筆ID":"H000000270","version":"ver1.0","座標系":"任意座標系","測地系判別":null,"地図名":"鵡改Ａ（１０００）図無Ｈ１３","地図番号":"改A-2","縮尺分母":"1000","市区町村コード":"01586","市区町村名":"勇払郡むかわ町","大字コード":"017","丁目コード":"000","小字コード":"0000","予備コード":"00","大字名":"宮戸","丁目名":null,"小字名":null,"予備名":null,"地番":"866-1","精度区分":null,"座標値種別":null,"筆界未定構成筆":null,"代表点緯度":-158146.2015,"代表点経度":-22208.959053982}},{"type":"MultiPolygon","arcs":[[[-755,757,-690,-757]]],"properties":{"筆ID":"H000000271","version":"ver1.0","座標系":"任意座標系","測地系判別":null,"地図名":"鵡改Ａ（１０００）図無Ｈ１３","地図番号":"改A-2","縮尺分母":"1000","市区町村コード":"01586","市区町村名":"勇払郡むかわ町","大字コード":"017","丁目コード":"000","小字コード":"0000","予備コード":"00","大字名":"宮戸","丁目名":null,"小字名":null,"予備名":null,"地番":"866-2","精度区分":null,"座標値種別":null,"筆界未定構成筆":null,"代表点緯度":-158210.526,"代表点経度":-22031.729517631}},{"type":"MultiPolygon","arcs":[[[758,759,760,761,762,763,764,-684,-689]]],"properties":{"筆ID":"H000000272","version":"ver1.0","座標系":"任意座標系","測地系判別":null,"地図名":"鵡改Ａ（１０００）図無Ｈ１３","地図番号":"改A-2","縮尺分母":"1000","市区町村コード":"01586","市区町村名":"勇払郡むかわ町","大字コード":"017","丁目コード":"000","小字コード":"0000","予備コード":"00","大字名":"宮戸","丁目名":null,"小字名":null,"予備名":null,"地番":"867-1","精度区分":null,"座標値種別":null,"筆界未定構成筆":null,"代表点緯度":-158140.6025,"代表点経度":-22248.354278968}},{"type":"MultiPolygon","arcs":[[[-692,765,766,-759]]],"properties":{"筆ID":"H000000273","version":"ver1.0","座標系":"任意座標系","測地系判別":null,"地図名":"鵡改Ａ（１０００）図無Ｈ１３","地図番号":"改A-2","縮尺分母":"1000","市区町村コード":"01586","市区町村名":"勇払郡むかわ町","大字コード":"017","丁目コード":"000","小字コード":"0000","予備コード":"00","大字名":"宮戸","丁目名":null,"小字名":null,"予備名":null,"地番":"867-2","精度区分":null,"座標値種別":null,"筆界未定構成筆":null,"代表点緯度":-158217.6795,"代表点経度":-22034.1968646}},{"type":"MultiPolygon","arcs":[[[-765,767,768,-680,-685]]],"properties":{"筆ID":"H000000274","version":"ver1.0","座標系":"任意座標系","測地系判別":null,"地図名":"鵡改Ａ（１０００）図無Ｈ１３","地図番号":"改A-6","縮尺分母":"1000","市区町村コード":"01586","市区町村名":"勇払郡むかわ町","大字コード":"017","丁目コード":"000","小字コード":"0000","予備コード":"00","大字名":"宮戸","丁目名":null,"小字名":null,"予備名":null,"地番":"868","精度区分":null,"座標値種別":null,"筆界未定構成筆":null,"代表点緯度":-158170.166,"代表点経度":-22364.906381656}},{"type":"MultiPolygon","arcs":[[[-764,769,770,-768]]],"properties":{"筆ID":"H000000275","version":"ver1.0","座標系":"任意座標系","測地系判別":null,"地図名":"鵡改Ａ（１０００）図無Ｈ１３","地図番号":"改A-2","縮尺分母":"1000","市区町村コード":"01586","市区町村名":"勇払郡むかわ町","大字コード":"017","丁目コード":"000","小字コード":"0000","予備コード":"00","大字名":"宮戸","丁目名":null,"小字名":null,"予備名":null,"地番":"869","精度区分":null,"座標値種別":null,"筆界未定構成筆":null,"代表点緯度":-158203.5665,"代表点経度":-22274.188990964}},{"type":"MultiPolygon","arcs":[[[-763,771,772,-770]]],"properties":{"筆ID":"H000000276","version":"ver1.0","座標系":"任意座標系","測地系判別":null,"地図名":"鵡改Ａ（１０００）図無Ｈ１３","地図番号":"改A-2","縮尺分母":"1000","市区町村コード":"01586","市区町村名":"勇払郡むかわ町","大字コード":"017","丁目コード":"000","小字コード":"0000","予備コード":"00","大字名":"宮戸","丁目名":null,"小字名":null,"予備名":null,"地番":"870","精度区分":null,"座標値種別":null,"筆界未定構成筆":null,"代表点緯度":-158230.915,"代表点経度":-22197.510776689}},{"type":"MultiPolygon","arcs":[[[-762,773,774,-772]]],"properties":{"筆ID":"H000000277","version":"ver1.0","座標系":"任意座標系","測地系判別":null,"地図名":"鵡改Ａ（１０００）図無Ｈ１３","地図番号":"改A-2","縮尺分母":"1000","市区町村コード":"01586","市区町村名":"勇払郡むかわ町","大字コード":"017","丁目コード":"000","小字コード":"0000","予備コード":"00","大字名":"宮戸","丁目名":null,"小字名":null,"予備名":null,"地番":"871-1","精度区分":null,"座標値種別":null,"筆界未定構成筆":null,"代表点緯度":-158246.037,"代表点経度":-22155.289813826}},{"type":"MultiPolygon","arcs":[[[-761,775,776,-774]]],"properties":{"筆ID":"H000000278","version":"ver1.0","座標系":"任意座標系","測地系判別":null,"地図名":"鵡改Ａ（１０００）図無Ｈ１３","地図番号":"改A-2","縮尺分母":"1000","市区町村コード":"01586","市区町村名":"勇払郡むかわ町","大字コード":"017","丁目コード":"000","小字コード":"0000","予備コード":"00","大字名":"宮戸","丁目名":null,"小字名":null,"予備名":null,"地番":"871-2","精度区分":null,"座標値種別":null,"筆界未定構成筆":null,"代表点緯度":-158256.2275,"代表点経度":-22127.155115638}},{"type":"MultiPolygon","arcs":[[[-776,-760,777,778,779,780,781]]],"properties":{"筆ID":"H000000279","version":"ver1.0","座標系":"任意座標系","測地系判別":null,"地図名":"鵡改Ａ（１０００）図無Ｈ１３","地図番号":"改A-2","縮尺分母":"1000","市区町村コード":"01586","市区町村名":"勇払郡むかわ町","大字コード":"017","丁目コード":"000","小字コード":"0000","予備コード":"00","大字名":"宮戸","丁目名":null,"小字名":null,"予備名":null,"地番":"872-1","精度区分":null,"座標値種別":null,"筆界未定構成筆":null,"代表点緯度":-158248.4095,"代表点経度":-22076.788096111}},{"type":"MultiPolygon","arcs":[[[-767,782,-778]]],"properties":{"筆ID":"H000000280","version":"ver1.0","座標系":"任意座標系","測地系判別":null,"地図名":"鵡改Ａ（１０００）図無Ｈ１３","地図番号":"改A-2","縮尺分母":"1000","市区町村コード":"01586","市区町村名":"勇払郡むかわ町","大字コード":"017","丁目コード":"000","小字コード":"0000","予備コード":"00","大字名":"宮戸","丁目名":null,"小字名":null,"予備名":null,"地番":"872-2","精度区分":null,"座標値種別":null,"筆界未定構成筆":null,"代表点緯度":-158248.6945,"代表点経度":-22044.874936613}},{"type":"MultiPolygon","arcs":[[[-771,-773,-775,-777,-782,783,-451,784,-681,-769]]],"properties":{"筆ID":"H000000281","version":"ver1.0","座標系":"任意座標系","測地系判別":null,"地図名":"鵡改Ａ（１０００）図無Ｈ１３","地図番号":"改A-6","縮尺分母":"1000","市区町村コード":"01586","市区町村名":"勇払郡むかわ町","大字コード":"017","丁目コード":"000","小字コード":"0000","予備コード":"00","大字名":"宮戸","丁目名":null,"小字名":null,"予備名":null,"地番":"873","精度区分":null,"座標値種別":null,"筆界未定構成筆":null,"代表点緯度":-158267.9885,"代表点経度":-22296.385731347}},{"type":"MultiPolygon","arcs":[[[-450,-449,-419,-682,-785]]],"properties":{"筆ID":"H000000282","version":"ver1.0","座標系":"任意座標系","測地系判別":null,"地図名":"鵡改Ａ（１０００）図無Ｈ１３","地図番号":"改A-6","縮尺分母":"1000","市区町村コード":"01586","市区町村名":"勇払郡むかわ町","大字コード":"017","丁目コード":"000","小字コード":"0000","予備コード":"00","大字名":"宮戸","丁目名":null,"小字名":null,"予備名":null,"地番":"874","精度区分":null,"座標値種別":null,"筆界未定構成筆":null,"代表点緯度":-158280.666,"代表点経度":-22376.820242344}},{"type":"MultiPolygon","arcs":[[[-784,785,786,-452]]],"properties":{"筆ID":"H000000283","version":"ver1.0","座標系":"任意座標系","測地系判別":null,"地図名":"鵡改Ａ（１０００）図無Ｈ１３","地図番号":"改A-3","縮尺分母":"1000","市区町村コード":"01586","市区町村名":"勇払郡むかわ町","大字コード":"017","丁目コード":"000","小字コード":"0000","予備コード":"00","大字名":"宮戸","丁目名":null,"小字名":null,"予備名":null,"地番":"875","精度区分":null,"座標値種別":null,"筆界未定構成筆":null,"代表点緯度":-158343.383,"代表点経度":-22247.732336042}},{"type":"MultiPolygon","arcs":[[[-781,787,788,-786]]],"properties":{"筆ID":"H000000284","version":"ver1.0","座標系":"任意座標系","測地系判別":null,"地図名":"鵡改Ａ（１０００）図無Ｈ１３","地図番号":"改A-2","縮尺分母":"1000","市区町村コード":"01586","市区町村名":"勇払郡むかわ町","大字コード":"017","丁目コード":"000","小字コード":"0000","予備コード":"00","大字名":"宮戸","丁目名":null,"小字名":null,"予備名":null,"地番":"876-1","精度区分":null,"座標値種別":null,"筆界未定構成筆":null,"代表点緯度":-158336.3415,"代表点経度":-22109.708096462}},{"type":"MultiPolygon","arcs":[[[-780,789,790,-788]]],"properties":{"筆ID":"H000000285","version":"ver1.0","座標系":"任意座標系","測地系判別":null,"地図名":"鵡改Ａ（１０００）図無Ｈ１３","地図番号":"改A-2","縮尺分母":"1000","市区町村コード":"01586","市区町村名":"勇払郡むかわ町","大字コード":"017","丁目コード":"000","小字コード":"0000","予備コード":"00","大字名":"宮戸","丁目名":null,"小字名":null,"予備名":null,"地番":"876-2","精度区分":null,"座標値種別":null,"筆界未定構成筆":null,"代表点緯度":-158345.927,"代表点経度":-22080.675164709}},{"type":"MultiPolygon","arcs":[[[-789,791,-453,-787]]],"properties":{"筆ID":"H000000286","version":"ver1.0","座標系":"任意座標系","測地系判別":null,"地図名":"鵡改Ａ（１０００）図無Ｈ１３","地図番号":"改A-2","縮尺分母":"1000","市区町村コード":"01586","市区町村名":"勇払郡むかわ町","大字コード":"017","丁目コード":"000","小字コード":"0000","予備コード":"00","大字名":"宮戸","丁目名":null,"小字名":null,"予備名":null,"地番":"877-1","精度区分":null,"座標値種別":null,"筆界未定構成筆":null,"代表点緯度":-158352.4285,"代表点経度":-22115.119649492}},{"type":"MultiPolygon","arcs":[[[-791,792,-457,-792]]],"properties":{"筆ID":"H000000287","version":"ver1.0","座標系":"任意座標系","測地系判別":null,"地図名":"鵡改Ａ（１０００）図無Ｈ１３","地図番号":"改A-2","縮尺分母":"1000","市区町村コード":"01586","市区町村名":"勇払郡むかわ町","大字コード":"017","丁目コード":"000","小字コード":"0000","予備コード":"00","大字名":"宮戸","丁目名":null,"小字名":null,"予備名":null,"地番":"877-2","精度区分":null,"座標値種別":null,"筆界未定構成筆":null,"代表点緯度":-158361.48,"代表点経度":-22085.895264363}},{"type":"MultiPolygon","arcs":[[[793,-421,-448,-456]]],"properties":{"筆ID":"H000000288","version":"ver1.0","座標系":"任意座標系","測地系判別":null,"地図名":"鵡改Ａ（１０００）図無Ｈ１３","地図番号":"改A-3","縮尺分母":"1000","市区町村コード":"01586","市区町村名":"勇払郡むかわ町","大字コード":"017","丁目コード":"000","小字コード":"0000","予備コード":"00","大字名":"宮戸","丁目名":null,"小字名":null,"予備名":null,"地番":"878","精度区分":null,"座標値種別":null,"筆界未定構成筆":null,"代表点緯度":-158396.2855,"代表点経度":-22145.562271781}},{"type":"MultiPolygon","arcs":[[[-455,794,795,-422,-794]]],"properties":{"筆ID":"H000000289","version":"ver1.0","座標系":"任意座標系","測地系判別":null,"地図名":"鵡改Ａ（１０００）図無Ｈ１３","地図番号":"改A-3","縮尺分母":"1000","市区町村コード":"01586","市区町村名":"勇払郡むかわ町","大字コード":"017","丁目コード":"000","小字コード":"0000","予備コード":"00","大字名":"宮戸","丁目名":null,"小字名":null,"予備名":null,"地番":"879-1","精度区分":null,"座標値種別":null,"筆界未定構成筆":null,"代表点緯度":-158392.6245,"代表点経度":-22113.198656185}},{"type":"MultiPolygon","arcs":[[[-459,796,-795]]],"properties":{"筆ID":"H000000290","version":"ver1.0","座標系":"任意座標系","測地系判別":null,"地図名":"鵡改Ａ（１０００）図無Ｈ１３","地図番号":"改A-2","縮尺分母":"1000","市区町村コード":"01586","市区町村名":"勇払郡むかわ町","大字コード":"017","丁目コード":"000","小字コード":"0000","予備コード":"00","大字名":"宮戸","丁目名":null,"小字名":null,"予備名":null,"地番":"879-2","精度区分":null,"座標値種別":null,"筆界未定構成筆":null,"代表点緯度":-158392.857,"代表点経度":-22096.358360149}},{"type":"MultiPolygon","arcs":[[[797,798,799]]],"properties":{"筆ID":"H000000291","version":"ver1.0","座標系":"任意座標系","測地系判別":null,"地図名":"鵡改Ａ（１０００）図無Ｈ１３","地図番号":"改A-3","縮尺分母":"1000","市区町村コード":"01586","市区町村名":"勇払郡むかわ町","大字コード":"017","丁目コード":"000","小字コード":"0000","予備コード":"00","大字名":"宮戸","丁目名":null,"小字名":null,"予備名":null,"地番":"880-1","精度区分":null,"座標値種別":null,"筆界未定構成筆":null,"代表点緯度":-158488.4045,"代表点経度":-22153.771465232}},{"type":"MultiPolygon","arcs":[[[-800,800,801,802]]],"properties":{"筆ID":"H000000292","version":"ver1.0","座標系":"任意座標系","測地系判別":null,"地図名":"鵡改Ａ（１０００）図無Ｈ１３","地図番号":"改A-3","縮尺分母":"1000","市区町村コード":"01586","市区町村名":"勇払郡むかわ町","大字コード":"017","丁目コード":"000","小字コード":"0000","予備コード":"00","大字名":"宮戸","丁目名":null,"小字名":null,"予備名":null,"地番":"880-2","精度区分":null,"座標値種別":null,"筆界未定構成筆":null,"代表点緯度":-158487.7325,"代表点経度":-22186.926180597}},{"type":"MultiPolygon","arcs":[[[803,804,805,806]]],"properties":{"筆ID":"H000000293","version":"ver1.0","座標系":"任意座標系","測地系判別":null,"地図名":"鵡改Ａ（１０００）図無Ｈ１３","地図番号":"改A-3","縮尺分母":"1000","市区町村コード":"01586","市区町村名":"勇払郡むかわ町","大字コード":"017","丁目コード":"000","小字コード":"0000","予備コード":"00","大字名":"宮戸","丁目名":null,"小字名":null,"予備名":null,"地番":"881-1","精度区分":null,"座標値種別":null,"筆界未定構成筆":null,"代表点緯度":-158506.898,"代表点経度":-22169.398141945}},{"type":"MultiPolygon","arcs":[[[807,-807,808,-801]]],"properties":{"筆ID":"H000000294","version":"ver1.0","座標系":"任意座標系","測地系判別":null,"地図名":"鵡改Ａ（１０００）図無Ｈ１３","地図番号":"改A-3","縮尺分母":"1000","市区町村コード":"01586","市区町村名":"勇払郡むかわ町","大字コード":"017","丁目コード":"000","小字コード":"0000","予備コード":"00","大字名":"宮戸","丁目名":null,"小字名":null,"予備名":null,"地番":"881-2","精度区分":null,"座標値種別":null,"筆界未定構成筆":null,"代表点緯度":-158490.238,"代表点経度":-22192.847188204}},{"type":"MultiPolygon","arcs":[[[-799,809,810,-804,-808]]],"properties":{"筆ID":"H000000295","version":"ver1.0","座標系":"任意座標系","測地系判別":null,"地図名":"鵡改Ａ（１０００）図無Ｈ１３","地図番号":"改A-3","縮尺分母":"1000","市区町村コード":"01586","市区町村名":"勇払郡むかわ町","大字コード":"017","丁目コード":"000","小字コード":"0000","予備コード":"00","大字名":"宮戸","丁目名":null,"小字名":null,"予備名":null,"地番":"881-3","精度区分":null,"座標値種別":null,"筆界未定構成筆":null,"代表点緯度":-158489.943,"代表点経度":-22157.43914127}},{"type":"MultiPolygon","arcs":[[[-811,811,812,-805]]],"properties":{"筆ID":"H000000296","version":"ver1.0","座標系":"任意座標系","測地系判別":null,"地図名":"鵡改Ａ（１０００）図無Ｈ１３","地図番号":"改A-3","縮尺分母":"1000","市区町村コード":"01586","市区町村名":"勇払郡むかわ町","大字コード":"017","丁目コード":"000","小字コード":"0000","予備コード":"00","大字名":"宮戸","丁目名":null,"小字名":null,"予備名":null,"地番":"881-4","精度区分":null,"座標値種別":null,"筆界未定構成筆":null,"代表点緯度":-158518.975,"代表点経度":-22142.295055015}},{"type":"MultiPolygon","arcs":[[[813,-806,814,815,816]]],"properties":{"筆ID":"H000000297","version":"ver1.0","座標系":"任意座標系","測地系判別":null,"地図名":"鵡改Ａ（１０００）図無Ｈ１３","地図番号":"改A-3","縮尺分母":"1000","市区町村コード":"01586","市区町村名":"勇払郡むかわ町","大字コード":"017","丁目コード":"000","小字コード":"0000","予備コード":"00","大字名":"宮戸","丁目名":null,"小字名":null,"予備名":null,"地番":"882-1","精度区分":null,"座標値種別":null,"筆界未定構成筆":null,"代表点緯度":-158534.455,"代表点経度":-22291.141382056}},{"type":"MultiPolygon","arcs":[[[-802,-809,-814,817]]],"properties":{"筆ID":"H000000298","version":"ver1.0","座標系":"任意座標系","測地系判別":null,"地図名":"鵡改Ａ（１０００）図無Ｈ１３","地図番号":"改A-3","縮尺分母":"1000","市区町村コード":"01586","市区町村名":"勇払郡むかわ町","大字コード":"017","丁目コード":"000","小字コード":"0000","予備コード":"00","大字名":"宮戸","丁目名":null,"小字名":null,"予備名":null,"地番":"882-2","精度区分":null,"座標値種別":null,"筆界未定構成筆":null,"代表点緯度":-158489.5165,"代表点経度":-22309.616427734}},{"type":"MultiPolygon","arcs":[[[-813,818,819,-815]]],"properties":{"筆ID":"H000000299","version":"ver1.0","座標系":"任意座標系","測地系判別":null,"地図名":"鵡改Ａ（１０００）図無Ｈ１３","地図番号":"改A-3","縮尺分母":"1000","市区町村コード":"01586","市区町村名":"勇払郡むかわ町","大字コード":"017","丁目コード":"000","小字コード":"0000","予備コード":"00","大字名":"宮戸","丁目名":null,"小字名":null,"予備名":null,"地番":"882-3","精度区分":null,"座標値種別":null,"筆界未定構成筆":null,"代表点緯度":-158565.7825,"代表点経度":-22159.75278231}},{"type":"MultiPolygon","arcs":[[[-816,820,821,822]]],"properties":{"筆ID":"H000000300","version":"ver1.0","座標系":"任意座標系","測地系判別":null,"地図名":"鵡改Ａ（１０００）図無Ｈ１３","地図番号":"改A-3","縮尺分母":"1000","市区町村コード":"01586","市区町村名":"勇払郡むかわ町","大字コード":"017","丁目コード":"000","小字コード":"0000","予備コード":"00","大字名":"宮戸","丁目名":null,"小字名":null,"予備名":null,"地番":"883-1","精度区分":null,"座標値種別":null,"筆界未定構成筆":null,"代表点緯度":-158585.848,"代表点経度":-22284.590422639}},{"type":"MultiPolygon","arcs":[[[-820,823,824,-821]]],"properties":{"筆ID":"H000000301","version":"ver1.0","座標系":"任意座標系","測地系判別":null,"地図名":"鵡改Ａ（１０００）図無Ｈ１３","地図番号":"改A-3","縮尺分母":"1000","市区町村コード":"01586","市区町村名":"勇払郡むかわ町","大字コード":"017","丁目コード":"000","小字コード":"0000","予備コード":"00","大字名":"宮戸","丁目名":null,"小字名":null,"予備名":null,"地番":"883-2","精度区分":null,"座標値種別":null,"筆界未定構成筆":null,"代表点緯度":-158585.2475,"代表点経度":-22167.076164571}},{"type":"MultiPolygon","arcs":[[[-822,825,826,827,828]]],"properties":{"筆ID":"H000000302","version":"ver1.0","座標系":"任意座標系","測地系判別":null,"地図名":"鵡改Ａ（１０００）図無Ｈ１３","地図番号":"改A-3","縮尺分母":"1000","市区町村コード":"01586","市区町村名":"勇払郡むかわ町","大字コード":"017","丁目コード":"000","小字コード":"0000","予備コード":"00","大字名":"宮戸","丁目名":null,"小字名":null,"予備名":null,"地番":"884-1","精度区分":null,"座標値種別":null,"筆界未定構成筆":null,"代表点緯度":-158592.2555,"代表点経度":-22360.02744994}},{"type":"MultiPolygon","arcs":[[[-825,829,830,-826]]],"properties":{"筆ID":"H000000303","version":"ver1.0","座標系":"任意座標系","測地系判別":null,"地図名":"鵡改Ａ（１０００）図無Ｈ１３","地図番号":"改A-3","縮尺分母":"1000","市区町村コード":"01586","市区町村名":"勇払郡むかわ町","大字コード":"017","丁目コード":"000","小字コード":"0000","予備コード":"00","大字名":"宮戸","丁目名":null,"小字名":null,"予備名":null,"地番":"884-2","精度区分":null,"座標値種別":null,"筆界未定構成筆":null,"代表点緯度":-158588.724,"代表点経度":-22168.362199902}},{"type":"MultiPolygon","arcs":[[[-827,831,832,833]]],"properties":{"筆ID":"H000000304","version":"ver1.0","座標系":"任意座標系","測地系判別":null,"地図名":"鵡改Ａ（１０００）図無Ｈ１３","地図番号":"改A-3","縮尺分母":"1000","市区町村コード":"01586","市区町村名":"勇払郡むかわ町","大字コード":"017","丁目コード":"000","小字コード":"0000","予備コード":"00","大字名":"宮戸","丁目名":null,"小字名":null,"予備名":null,"地番":"885-1","精度区分":null,"座標値種別":null,"筆界未定構成筆":null,"代表点緯度":-158665.183,"代表点経度":-22224.791484746}},{"type":"MultiPolygon","arcs":[[[-831,834,-832]]],"properties":{"筆ID":"H000000305","version":"ver1.0","座標系":"任意座標系","測地系判別":null,"地図名":"鵡改Ａ（１０００）図無Ｈ１３","地図番号":"改A-3","縮尺分母":"1000","市区町村コード":"01586","市区町村名":"勇払郡むかわ町","大字コード":"017","丁目コード":"000","小字コード":"0000","予備コード":"00","大字名":"宮戸","丁目名":null,"小字名":null,"予備名":null,"地番":"885-2","精度区分":null,"座標値種別":null,"筆界未定構成筆":null,"代表点緯度":-158667.1285,"代表点経度":-22197.760174138}},{"type":"MultiPolygon","arcs":[[[-828,-834,835]]],"properties":{"筆ID":"H000000306","version":"ver1.0","座標系":"任意座標系","測地系判別":null,"地図名":"鵡改Ａ（１０００）図無Ｈ１３","地図番号":"改A-3","縮尺分母":"1000","市区町村コード":"01586","市区町村名":"勇払郡むかわ町","大字コード":"017","丁目コード":"000","小字コード":"0000","予備コード":"00","大字名":"宮戸","丁目名":null,"小字名":null,"予備名":null,"地番":"886","精度区分":null,"座標値種別":null,"筆界未定構成筆":null,"代表点緯度":-158676.7145,"代表点経度":-22302.523421293}},{"type":"MultiPolygon","arcs":[[[836,837,838,839,-232,-204,840]]],"properties":{"筆ID":"H000000307","version":"ver1.0","座標系":"任意座標系","測地系判別":null,"地図名":"鵡改Ａ（１０００）図無Ｈ１３","地図番号":"改A-6","縮尺分母":"1000","市区町村コード":"01586","市区町村名":"勇払郡むかわ町","大字コード":"017","丁目コード":"000","小字コード":"0000","予備コード":"00","大字名":"宮戸","丁目名":null,"小字名":null,"予備名":null,"地番":"766-2","精度区分":null,"座標値種別":"図上測量","筆界未定構成筆":null,"代表点緯度":-158245.9115,"代表点経度":-22903.532413282}},{"type":"MultiPolygon","arcs":[[[841,842,-837]]],"properties":{"筆ID":"H000000308","version":"ver1.0","座標系":"任意座標系","測地系判別":null,"地図名":"鵡改Ａ（１０００）図無Ｈ１３","地図番号":"改A-6","縮尺分母":"1000","市区町村コード":"01586","市区町村名":"勇払郡むかわ町","大字コード":"017","丁目コード":"000","小字コード":"0000","予備コード":"00","大字名":"宮戸","丁目名":null,"小字名":null,"予備名":null,"地番":"766-3","精度区分":null,"座標値種別":"図上測量","筆界未定構成筆":null,"代表点緯度":-158148.8135,"代表点経度":-22899.742889298}},{"type":"MultiPolygon","arcs":[[[-214,-226,-223,-220,-216,843,844,845,-839,846,847]]],"properties":{"筆ID":"H000000309","version":"ver1.0","座標系":"任意座標系","測地系判別":null,"地図名":"鵡改Ａ（１０００）図無Ｈ１３","地図番号":"改A-6","縮尺分母":"1000","市区町村コード":"01586","市区町村名":"勇払郡むかわ町","大字コード":"017","丁目コード":"000","小字コード":"0000","予備コード":"00","大字名":"宮戸","丁目名":null,"小字名":null,"予備名":null,"地番":"768-4","精度区分":null,"座標値種別":"図上測量","筆界未定構成筆":null,"代表点緯度":-158250.043,"代表点経度":-22901.967737195}},{"type":"MultiPolygon","arcs":[[[-845,848,849]]],"properties":{"筆ID":"H000000310","version":"ver1.0","座標系":"任意座標系","測地系判別":null,"地図名":"鵡改Ａ（１０００）図無Ｈ１３","地図番号":"改A-6","縮尺分母":"1000","市区町村コード":"01586","市区町村名":"勇払郡むかわ町","大字コード":"017","丁目コード":"000","小字コード":"0000","予備コード":"00","大字名":"宮戸","丁目名":null,"小字名":null,"予備名":null,"地番":"768-2","精度区分":null,"座標値種別":"図上測量","筆界未定構成筆":null,"代表点緯度":-158379.086,"代表点経度":-22907.027898496}},{"type":"MultiPolygon","arcs":[[[-849,-844,-215,-219,-222,-225,-228,-230,850,-290,-283,-277,-263,-252,-261,-247,-248,-234]]],"properties":{"筆ID":"H000000311","version":"ver1.0","座標系":"任意座標系","測地系判別":null,"地図名":"鵡改Ａ（１０００）図無Ｈ１３","地図番号":"改A-6","縮尺分母":"1000","市区町村コード":"01586","市区町村名":"勇払郡むかわ町","大字コード":"017","丁目コード":"000","小字コード":"0000","予備コード":"00","大字名":"宮戸","丁目名":null,"小字名":null,"予備名":null,"地番":"771-1","精度区分":null,"座標値種別":null,"筆界未定構成筆":null,"代表点緯度":-158341.4265,"代表点経度":-22647.456210897}},{"type":"MultiPolygon","arcs":[[[-846,-850,-233,-840]]],"properties":{"筆ID":"H000000312","version":"ver1.0","座標系":"任意座標系","測地系判別":null,"地図名":"鵡改Ａ（１０００）図無Ｈ１３","地図番号":"改A-6","縮尺分母":"1000","市区町村コード":"01586","市区町村名":"勇払郡むかわ町","大字コード":"017","丁目コード":"000","小字コード":"0000","予備コード":"00","大字名":"宮戸","丁目名":null,"小字名":null,"予備名":null,"地番":"766-1","精度区分":null,"座標値種別":null,"筆界未定構成筆":null,"代表点緯度":-158356.395,"代表点経度":-22906.803802219}},{"type":"MultiPolygon","arcs":[[[851,-847,-838,-843]]],"properties":{"筆ID":"H000000313","version":"ver1.0","座標系":"任意座標系","測地系判別":null,"地図名":"鵡改Ａ（１０００）図無Ｈ１３","地図番号":"改A-6","縮尺分母":"1000","市区町村コード":"01586","市区町村名":"勇払郡むかわ町","大字コード":"017","丁目コード":"000","小字コード":"0000","予備コード":"00","大字名":"宮戸","丁目名":null,"小字名":null,"予備名":null,"地番":"768-3","精度区分":null,"座標値種別":null,"筆界未定構成筆":null,"代表点緯度":-158162.323,"代表点経度":-22899.676166237}},{"type":"MultiPolygon","arcs":[[[852,-654,853,854,855,-647]]],"properties":{"筆ID":"H000000314","version":"ver1.0","座標系":"任意座標系","測地系判別":null,"地図名":"鵡改Ａ（１０００）図無Ｈ１３","地図番号":"改A-1","縮尺分母":"1000","市区町村コード":"01586","市区町村名":"勇払郡むかわ町","大字コード":"017","丁目コード":"000","小字コード":"0000","予備コード":"00","大字名":"宮戸","丁目名":null,"小字名":null,"予備名":null,"地番":"845-1","精度区分":null,"座標値種別":"図上測量","筆界未定構成筆":null,"代表点緯度":-157756.7825,"代表点経度":-22395.23100617}},{"type":"MultiPolygon","arcs":[[[856,-666,-639,857,858,-855]]],"properties":{"筆ID":"H000000315","version":"ver1.0","座標系":"任意座標系","測地系判別":null,"地図名":"鵡改Ａ（１０００）図無Ｈ１３","地図番号":"改A-5","縮尺分母":"1000","市区町村コード":"01586","市区町村名":"勇払郡むかわ町","大字コード":"017","丁目コード":"000","小字コード":"0000","予備コード":"00","大字名":"宮戸","丁目名":null,"小字名":null,"予備名":null,"地番":"843-1","精度区分":null,"座標値種別":"図上測量","筆界未定構成筆":null,"代表点緯度":-157760.5245,"代表点経度":-22490.050309356}},{"type":"MultiPolygon","arcs":[[[-653,-662,-658,-617,-665,-667,-857,-854]]],"properties":{"筆ID":"H000000316","version":"ver1.0","座標系":"任意座標系","測地系判別":null,"地図名":"鵡改Ａ（１０００）図無Ｈ１３","地図番号":"改A-5","縮尺分母":"1000","市区町村コード":"01586","市区町村名":"勇払郡むかわ町","大字コード":"017","丁目コード":"000","小字コード":"0000","予備コード":"00","大字名":"宮戸","丁目名":null,"小字名":null,"予備名":null,"地番":"846-1","精度区分":null,"座標値種別":null,"筆界未定構成筆":null,"代表点緯度":-157832.7785,"代表点経度":-22390.720846279}},{"type":"MultiPolygon","arcs":[[[-645,-649,-858,-642]]],"properties":{"筆ID":"H000000317","version":"ver1.0","座標系":"任意座標系","測地系判別":null,"地図名":"鵡改Ａ（１０００）図無Ｈ１３","地図番号":"改A-5","縮尺分母":"1000","市区町村コード":"01586","市区町村名":"勇払郡むかわ町","大字コード":"017","丁目コード":"000","小字コード":"0000","予備コード":"00","大字名":"宮戸","丁目名":null,"小字名":null,"予備名":null,"地番":"843-2","精度区分":null,"座標値種別":null,"筆界未定構成筆":null,"代表点緯度":-157674.9495,"代表点経度":-22469.752556821}},{"type":"MultiPolygon","arcs":[[[-648,-856,-859]]],"properties":{"筆ID":"H000000318","version":"ver1.0","座標系":"任意座標系","測地系判別":null,"地図名":"鵡改Ａ（１０００）図無Ｈ１３","地図番号":"改A-5","縮尺分母":"1000","市区町村コード":"01586","市区町村名":"勇払郡むかわ町","大字コード":"017","丁目コード":"000","小字コード":"0000","予備コード":"00","大字名":"宮戸","丁目名":null,"小字名":null,"予備名":null,"地番":"844-1","精度区分":null,"座標値種別":null,"筆界未定構成筆":null,"代表点緯度":-157737.6435,"代表点経度":-22419.021998056}},{"type":"MultiPolygon","arcs":[[[-634,-656,-853,-650]]],"properties":{"筆ID":"H000000319","version":"ver1.0","座標系":"任意座標系","測地系判別":null,"地図名":"鵡改Ａ（１０００）図無Ｈ１３","地図番号":"改A-1","縮尺分母":"1000","市区町村コード":"01586","市区町村名":"勇払郡むかわ町","大字コード":"017","丁目コード":"000","小字コード":"0000","予備コード":"00","大字名":"宮戸","丁目名":null,"小字名":null,"予備名":null,"地番":"845-2","精度区分":null,"座標値種別":null,"筆界未定構成筆":null,"代表点緯度":-157738.0485,"代表点経度":-22388.422224634}},{"type":"MultiPolygon","arcs":[[[859,-301,-296,-295,-291,-851,-231,-229,-211,-848,-852,860]]],"properties":{"筆ID":"H000000320","version":"ver1.0","座標系":"任意座標系","測地系判別":null,"地図名":"鵡改Ａ（１０００）図無Ｈ１３","地図番号":"改A-7","縮尺分母":"1000","市区町村コード":"01586","市区町村名":"勇払郡むかわ町","大字コード":"017","丁目コード":"000","小字コード":"0000","予備コード":"00","大字名":"宮戸","丁目名":null,"小字名":null,"予備名":null,"地番":"782-1","精度区分":null,"座標値種別":null,"筆界未定構成筆":null,"代表点緯度":-158299.165,"代表点経度":-22601.883377141}},{"type":"MultiPolygon","arcs":[[[-861,-842,-841,-203,861]]],"properties":{"筆ID":"H000000321","version":"ver1.0","座標系":"任意座標系","測地系判別":null,"地図名":"鵡改Ａ（１０００）図無Ｈ１３","地図番号":"改A-6","縮尺分母":"1000","市区町村コード":"01586","市区町村名":"勇払郡むかわ町","大字コード":"017","丁目コード":"000","小字コード":"0000","予備コード":"00","大字名":"宮戸","丁目名":null,"小字名":null,"予備名":null,"地番":"782-2","精度区分":null,"座標値種別":null,"筆界未定構成筆":null,"代表点緯度":-158139.4775,"代表点経度":-22900.140751014}},{"type":"MultiPolygon","arcs":[[[-504,-501,-498,-495,-492,-483,-481,-478,-476,-474,-470,-467,-465,-463,-461,-341,-338,-318,-329,-326,-314,862,-306,-299,-860,863,-509]]],"properties":{"筆ID":"H000000322","version":"ver1.0","座標系":"任意座標系","測地系判別":null,"地図名":"鵡改Ａ（１０００）図無Ｈ１３","地図番号":"改A-7","縮尺分母":"1000","市区町村コード":"01586","市区町村名":"勇払郡むかわ町","大字コード":"017","丁目コード":"000","小字コード":"0000","予備コード":"00","大字名":"宮戸","丁目名":null,"小字名":null,"予備名":null,"地番":"783-1","精度区分":null,"座標値種別":null,"筆界未定構成筆":null,"代表点緯度":-158284.952,"代表点経度":-22611.417757015}},{"type":"MultiPolygon","arcs":[[[-513,-864,-862,-202,-519]]],"properties":{"筆ID":"H000000323","version":"ver1.0","座標系":"任意座標系","測地系判別":null,"地図名":"鵡改Ａ（１０００）図無Ｈ１３","地図番号":"改A-6","縮尺分母":"1000","市区町村コード":"01586","市区町村名":"勇払郡むかわ町","大字コード":"017","丁目コード":"000","小字コード":"0000","予備コード":"00","大字名":"宮戸","丁目名":null,"小字名":null,"予備名":null,"地番":"783-2","精度区分":null,"座標値種別":null,"筆界未定構成筆":null,"代表点緯度":-158130.67,"代表点経度":-22901.216874357}},{"type":"MultiPolygon","arcs":[[[-718,-723,-732,-740,-756,-713]]],"properties":{"筆ID":"H000000324","version":"ver1.0","座標系":"任意座標系","測地系判別":null,"地図名":"鵡改Ａ（１０００）図無Ｈ１３","地図番号":"改A-2","縮尺分母":"1000","市区町村コード":"01586","市区町村名":"勇払郡むかわ町","大字コード":"017","丁目コード":"000","小字コード":"0000","予備コード":"00","大字名":"宮戸","丁目名":null,"小字名":null,"予備名":null,"地番":"863","精度区分":null,"座標値種別":null,"筆界未定構成筆":null,"代表点緯度":-157995.3395,"代表点経度":-22149.918066282}},{"type":"MultiPolygon","arcs":[[[864,865,866,867,868]]],"properties":{"筆ID":"H000000325","version":"ver1.0","座標系":"任意座標系","測地系判別":null,"地図名":"鵡改Ａ（１０００）図無Ｈ１３","地図番号":"改A-4","縮尺分母":"1000","市区町村コード":"01586","市区町村名":"勇払郡むかわ町","大字コード":"017","丁目コード":"000","小字コード":"0000","予備コード":"00","大字名":"宮戸","丁目名":null,"小字名":null,"予備名":null,"地番":"836-8","精度区分":null,"座標値種別":null,"筆界未定構成筆":null,"代表点緯度":-157560.687,"代表点経度":-22723.759275334}},{"type":"MultiPolygon","arcs":[[[869,-869,870,-586,871]]],"properties":{"筆ID":"H000000326","version":"ver1.0","座標系":"任意座標系","測地系判別":null,"地図名":"鵡改Ａ（１０００）図無Ｈ１３","地図番号":"改A-4","縮尺分母":"1000","市区町村コード":"01586","市区町村名":"勇払郡むかわ町","大字コード":"017","丁目コード":"000","小字コード":"0000","予備コード":"00","大字名":"宮戸","丁目名":null,"小字名":null,"予備名":null,"地番":"836-7","精度区分":null,"座標値種別":null,"筆界未定構成筆":null,"代表点緯度":-157567.5545,"代表点経度":-22660.018884254}},{"type":"MultiPolygon","arcs":[[[872,-602,-588,873,-866]]],"properties":{"筆ID":"H000000327","version":"ver1.0","座標系":"任意座標系","測地系判別":null,"地図名":"鵡改Ａ（１０００）図無Ｈ１３","地図番号":"改A-5","縮尺分母":"1000","市区町村コード":"01586","市区町村名":"勇払郡むかわ町","大字コード":"017","丁目コード":"000","小字コード":"0000","予備コード":"00","大字名":"宮戸","丁目名":null,"小字名":null,"予備名":null,"地番":"836-1","精度区分":null,"座標値種別":null,"筆界未定構成筆":null,"代表点緯度":-157712.3265,"代表点経度":-22702.408739009}},{"type":"MultiPolygon","arcs":[[[-555,874,-867,-874,-587,-580]]],"properties":{"筆ID":"H000000328","version":"ver1.0","座標系":"任意座標系","測地系判別":null,"地図名":"鵡改Ａ（１０００）図無Ｈ１３","地図番号":"改A-4","縮尺分母":"1000","市区町村コード":"01586","市区町村名":"勇払郡むかわ町","大字コード":"017","丁目コード":"000","小字コード":"0000","予備コード":"00","大字名":"宮戸","丁目名":null,"小字名":null,"予備名":null,"地番":"836-2","精度区分":null,"座標値種別":null,"筆界未定構成筆":null,"代表点緯度":-157558.4775,"代表点経度":-22775.98113333}},{"type":"MultiPolygon","arcs":[[[-561,-558,-563,-572,-573,-566,-579,875,-872,-585,-871,-868,-875,-554]]],"properties":{"筆ID":"H000000329","version":"ver1.0","座標系":"任意座標系","測地系判別":null,"地図名":"鵡改Ａ（１０００）図無Ｈ１３","地図番号":"改A-4","縮尺分母":"1000","市区町村コード":"01586","市区町村名":"勇払郡むかわ町","大字コード":"017","丁目コード":"000","小字コード":"0000","予備コード":"00","大字名":"宮戸","丁目名":null,"小字名":null,"予備名":null,"地番":"835-1","精度区分":null,"座標値種別":null,"筆界未定構成筆":null,"代表点緯度":-157553.1075,"代表点経度":-22704.73012529}},{"type":"MultiPolygon","arcs":[[[-584,-607,-873,-865,-870,-876]]],"properties":{"筆ID":"H000000330","version":"ver1.0","座標系":"任意座標系","測地系判別":null,"地図名":"鵡改Ａ（１０００）図無Ｈ１３","地図番号":"改A-4","縮尺分母":"1000","市区町村コード":"01586","市区町村名":"勇払郡むかわ町","大字コード":"017","丁目コード":"000","小字コード":"0000","予備コード":"00","大字名":"宮戸","丁目名":null,"小字名":null,"予備名":null,"地番":"836-4","精度区分":null,"座標値種別":null,"筆界未定構成筆":null,"代表点緯度":-157555.4345,"代表点経度":-22629.546760176}}]}},"arcs":[[[73875,304390],[142,-97664]],[[74017,206726],[-64955,-470]],[[9062,206256],[-2501,7858],[-5465,12353]],[[1096,226467],[52678,68500],[20101,9423]],[[9905,203607],[52798,96]],[[62703,203703],[-197,-106],[-53372,-641]],[[9134,202956],[-269,649]],[[8865,203605],[1040,2]],[[9062,206256],[843,-2649]],[[8865,203605],[-8865,21437],[1096,1425]],[[74017,206726],[3,-1631]],[[74020,205095],[1,-870],[-617,-503]],[[73404,203722],[-10701,-19]],[[74916,304878],[239,-99792]],[[75155,205086],[-1135,9]],[[73875,304390],[1041,488]],[[73404,203722],[1755,3]],[[75159,203725],[2,-1183]],[[75161,202542],[-65615,-582],[-412,996]],[[75155,205086],[4,-1361]],[[79970,307247],[426,-8155],[-2183,-2577],[188,-61145],[695,8]],[[79096,235378],[172,-28801]],[[79268,206577],[7,-1111]],[[79275,205466],[2,-412]],[[79277,205054],[-4122,32]],[[74916,304878],[5054,2369]],[[79285,203733],[6,-1155]],[[79291,202578],[-4130,-36]],[[75159,203725],[4126,8]],[[79277,205054],[8,-1321]],[[79970,307247],[1060,496]],[[81030,307743],[555,-9130],[-2245,-2539],[169,-36639]],[[79509,259435],[111,-24051],[-524,-6]],[[81030,307743],[63670,29778]],[[144700,337521],[493,-77772]],[[145193,259749],[-65684,-314]],[[145193,259749],[717,-47839],[-972,-5005]],[[144938,206905],[-30312,-99]],[[114626,206806],[-35358,-229]],[[105427,205589],[-864,-735],[-25286,200]],[[79275,205466],[26152,123]],[[114626,206806],[-7919,-130],[-1280,-1087]],[[144938,206905],[15,-1132]],[[144953,205773],[-39526,-184]],[[106605,204163],[-20,-1208]],[[106585,202955],[-27294,-377]],[[79285,203733],[27320,430]],[[144953,205773],[7,-534]],[[144960,205239],[-38332,-168],[-23,-908]],[[144960,205239],[855,4],[21,-781]],[[145836,204462],[-39231,-299]],[[145836,204462],[28,-1324]],[[145864,203138],[-39279,-183]],[[148335,339195],[394,-79097]],[[148729,260098],[761,-49897],[287,-2866]],[[149777,207335],[-4839,-430]],[[144700,337521],[3635,1674]],[[149980,204768],[35,-1506]],[[150015,203262],[-4151,-124]],[[145836,204462],[4144,306]],[[149777,207335],[156,-1967]],[[149933,205368],[47,-600]],[[149408,339701],[379,-79547]],[[149787,260154],[-1058,-56]],[[148335,339195],[1073,506]],[[174581,351559],[26249,-12901],[10803,-6038],[21256,-10236]],[[232889,322384],[-3639,-59149],[-1035,-1511]],[[228215,261724],[-5043,-723],[-73385,-847]],[[149408,339701],[25173,11858]],[[237521,380726],[-164,-2631]],[[237357,378095],[-2627,1338]],[[234730,379433],[2791,1293]],[[237357,378095],[-1302,-20912]],[[236055,357183],[-1019,97],[-1922,-31231]],[[233114,326049],[-55474,26938]],[[177640,352987],[57090,26446]],[[233114,326049],[-225,-3665]],[[174581,351559],[3059,1428]],[[228215,261724],[1909,273]],[[230124,261997],[4140,317]],[[234264,262314],[12023,-881],[66620,916]],[[312907,262349],[9,-2118]],[[312916,260231],[-31137,-677]],[[281779,259554],[-32268,-437]],[[249511,259117],[-3378,-46],[-12096,1012],[-11240,-1447]],[[222797,258636],[-72747,-797],[229,-18880]],[[150279,238959],[349,-28918],[297,-2685]],[[150925,207356],[-1148,-21]],[[150925,207356],[225,-2028]],[[151150,205328],[-1217,40]],[[245573,208518],[-53931,-406]],[[191642,208112],[420,31265],[-41783,-418]],[[222797,258636],[6918,-101],[5767,-3328],[10023,-1005]],[[245505,254202],[1,-15534],[437,-29]],[[245943,238639],[-370,-30121]],[[191624,206803],[53928,737]],[[245552,207540],[0,-843],[-53932,-222]],[[191620,206475],[4,328]],[[245573,208518],[-21,-978]],[[191624,206803],[18,1309]],[[191642,208112],[-40717,-756]],[[191620,206475],[-9,-675],[-40461,-472]],[[151150,205328],[1083,642],[39391,833]],[[236055,357183],[-5931,-95186]],[[237521,380726],[3352,1561]],[[240873,382287],[-120,-2195]],[[240753,380092],[-199,-3601]],[[240554,376491],[-2845,-51622]],[[237709,324869],[-201,-3674]],[[237508,321195],[-3244,-58881]],[[249511,259117],[-664,-50592]],[[248847,208525],[-3274,-7]],[[245943,238639],[190,15501],[-628,62]],[[245552,207540],[3267,-1195]],[[248819,206345],[-29,-2209]],[[248790,204136],[-98775,-874]],[[149980,204768],[484,41],[686,519]],[[248847,208525],[-28,-2180]],[[237508,321195],[16801,-9005],[-1406,-4338],[59955,-34385]],[[312858,273467],[49,-11118]],[[240873,382287],[62469,28929],[7396,12857]],[[310738,424073],[1451,636]],[[312189,424709],[370,-83688]],[[312559,341021],[-31664,18235],[-40142,20836]],[[240554,376491],[4154,-1935],[34089,-17917],[29244,-16474],[4534,-2868]],[[312575,337297],[241,-54442]],[[312816,282855],[-43654,25197],[-31453,16817]],[[312816,282855],[42,-9388]],[[312559,341021],[16,-3724]],[[320971,428452],[-119,-6273],[-5441,-3560],[421,-156231]],[[315832,262388],[7,-2475]],[[315839,259913],[133,-48971],[560,4]],[[316532,210946],[18,-2510]],[[316550,208436],[-3405,-16]],[[313145,208420],[-16,3548]],[[313129,211968],[-97,16398]],[[313032,228366],[12,2995]],[[313044,231361],[-128,28870]],[[312189,424709],[8782,3743]],[[316550,208436],[26,-3605]],[[316576,204831],[-3385,-26]],[[313191,204805],[-46,3615]],[[320971,428452],[925,406]],[[321896,428858],[-84,-7462],[-5519,-3560],[240,-76182]],[[316533,341654],[19,-5675]],[[316552,335979],[173,-54927]],[[316725,281052],[12,-3572]],[[316737,277480],[48,-15078]],[[316785,262402],[-953,-14]],[[313044,231361],[-8770,-95],[350,-2973]],[[304624,228293],[-22710,-198],[-135,31459]],[[248819,206345],[1048,-384],[23265,152],[3052,-1735]],[[276184,204378],[-27394,-242]],[[248847,208525],[508,-533],[63790,428]],[[313191,204805],[-37007,-427]],[[304624,228293],[1883,-15978],[6622,-347]],[[313032,228366],[-8408,-73]],[[316780,259921],[134,-48974],[-382,-1]],[[315839,259913],[941,8]],[[316780,259921],[22495,182]],[[339275,260103],[56634,-39408]],[[395909,220695],[-173,-11909]],[[395736,208786],[-79186,-350]],[[395909,220695],[77,5246]],[[395986,225941],[211,34623]],[[396197,260564],[1326,12]],[[397523,260576],[-764,-55243]],[[396759,205333],[-2437,-16]],[[394322,205317],[1405,2866],[9,603]],[[394322,205317],[-77746,-486]],[[395986,225941],[-5080,4381],[-42546,29855]],[[348360,260177],[47837,387]],[[339275,260103],[9085,74]],[[316785,262402],[23330,142]],[[340115,262544],[4967,31]],[[345082,262575],[51234,315]],[[396316,262890],[-119,-2326]],[[396316,262890],[1103,3]],[[397419,262893],[1482,4]],[[398901,262897],[-148,-2312]],[[398753,260585],[-1230,-9]],[[321896,428858],[80157,35172]],[[402053,464030],[-295,-25749]],[[401758,438281],[-509,-20959]],[[401249,417322],[-4065,-129858]],[[397184,287464],[-42262,29921],[-38389,24269]],[[396990,282746],[194,4718]],[[401249,417322],[106,-73],[-3936,-154356]],[[396316,262890],[674,19856]],[[402053,464030],[371,175]],[[402424,464205],[-510,-25580],[-156,-344]],[[316737,277480],[23378,-14936]],[[345082,262575],[-28357,18477]],[[316552,335979],[37090,-23242],[43348,-29991]],[[401925,470869],[339,-715]],[[402264,470154],[-211,-6124]],[[310738,424073],[5220,9076],[85967,37720]],[[402264,470154],[2366,-4981]],[[404630,465173],[-2206,-968]],[[404630,465173],[-5729,-202276]],[[374847,570321],[15388,-22231],[9864,-11857],[3820,-8237],[-348,-23159],[1830,-23944]],[[405401,480893],[2527,-5744]],[[407928,475149],[260,-8645]],[[408188,466504],[-720,-27916],[-5144,-175567]],[[402324,263021],[-95,-2471]],[[402229,260550],[-873,-55188]],[[401356,205362],[-3447,-22]],[[397909,205340],[844,55245]],[[401925,470869],[-1481,13243],[678,42625],[-27915,40749],[1640,2835]],[[397909,205340],[-1150,-7]],[[410133,467198],[5965,2129],[11402,-2095],[49089,-29493]],[[476589,437739],[467,-126145]],[[477056,311594],[-71653,-1608]],[[405403,309986],[4013,115148],[875,19459],[-158,22605]],[[424848,263257],[-19823,-244]],[[405025,263013],[-97,14676]],[[404928,277689],[3491,-2182],[16429,-12250]],[[405131,288224],[32946,-24834]],[[438077,263390],[-13229,-133]],[[404928,277689],[203,10535]],[[405205,293176],[39318,-29582]],[[444523,263594],[-6446,-204]],[[405131,288224],[74,4952]],[[477056,311594],[176,-47556]],[[477232,264038],[-32709,-444]],[[405205,293176],[40,12292],[158,4518]],[[478469,436641],[588,-172578]],[[479057,264063],[-1825,-25]],[[476589,437739],[1880,-1098]],[[538158,393712],[1249,-12134],[6354,-445],[16888,-15684],[1119,-3493],[152,-96751],[-84863,-1142]],[[478469,436641],[40205,-25370],[19484,-17559]],[[402324,263021],[1089,-6]],[[403413,263015],[549,-3]],[[403962,263012],[-89,-2416]],[[403873,260596],[-1644,-46]],[[402257,220580],[14549,-11293]],[[416806,209287],[-14765,181]],[[402041,209468],[216,11112]],[[403873,260596],[-353,-3261],[-1146,-23503],[-117,-13252]],[[402041,209468],[-30,-1508],[3089,-2558]],[[405100,205402],[-3744,-40]],[[416806,209287],[17093,-208]],[[433899,209079],[-58,-3371]],[[433841,205708],[-28741,-306]],[[434864,261014],[-104,-5583]],[[434760,255431],[-7035,5487]],[[427725,260918],[7139,96]],[[403873,260596],[23852,322]],[[434760,255431],[-861,-46352]],[[470974,261500],[-262,-22880]],[[470712,238620],[-4480,3982],[-25106,18496]],[[441126,261098],[29848,402]],[[433899,209079],[35076,770]],[[468975,209849],[1370,-876]],[[470345,208973],[-34,-2875]],[[470311,206098],[-36470,-390]],[[470351,209488],[-6,-515]],[[468975,209849],[1376,-361]],[[434760,255431],[26924,-21000],[8884,-7398]],[[470568,227033],[-217,-17545]],[[434864,261014],[6262,84]],[[470712,238620],[-144,-11587]],[[470974,261500],[29449,396]],[[500423,261896],[225,-49030]],[[500648,212866],[-29936,25754]],[[470345,208973],[30320,272]],[[500665,209245],[13,-2823]],[[500678,206422],[-30367,-324]],[[470351,209488],[21191,79]],[[491542,209567],[9121,115]],[[500663,209682],[2,-437]],[[470568,227033],[20974,-17466]],[[500648,212866],[15,-3184]],[[532854,262332],[84,-52444]],[[532938,209888],[-28542,-260]],[[504396,209628],[-3748,3238]],[[500423,261896],[32431,436]],[[532938,209888],[4,-3121]],[[532942,206767],[-32264,-345]],[[500663,209682],[3733,-54]],[[564125,262753],[358,-52662]],[[564483,210091],[-31545,-203]],[[532854,262332],[31271,421]],[[564483,210091],[21,-3088]],[[564504,207003],[-31562,-236]],[[567840,366411],[188,-101436]],[[568028,264975],[4,-2294]],[[568032,262681],[98,-52567]],[[568130,210114],[-3647,-23]],[[564125,262753],[794,11],[-157,99355],[-1182,3982],[-17354,16017],[-5945,486],[-971,10040]],[[539310,392644],[28530,-26233]],[[568130,210114],[5,-3074]],[[568135,207040],[-3631,-37]],[[636451,264145],[-1586,1398],[-66837,-568]],[[567840,366411],[43697,-40811],[9689,-12718],[15225,-48737]],[[636451,264145],[10983,-33953],[1642,-12672]],[[649076,217520],[182,-2675]],[[649258,214845],[-1671,1055],[-1856,13614],[-10905,33222],[-652,644],[-66142,-699]],[[655005,217454],[330,-2311],[-269,-13]],[[655066,215130],[-5808,-285]],[[649076,217520],[394,-370],[5535,304]],[[649258,214845],[244,-4210]],[[649502,210635],[-81372,-521]],[[649502,210635],[137,-2749]],[[649639,207886],[-81504,-846]],[[655066,215130],[553,-7203]],[[655619,207927],[-5980,-41]],[[752848,209983],[7696,73]],[[760544,210056],[10245,97]],[[770789,210153],[4555,45]],[[775344,210198],[42164,527]],[[817508,210725],[-24,-1681]],[[817484,209044],[-158499,-1094]],[[658985,207950],[-119,1456]],[[658866,209406],[93982,577]],[[752701,217507],[100,-5425]],[[752801,212082],[-94158,71]],[[658643,212153],[-249,3059]],[[658394,215212],[68305,1298],[13,569],[25989,428]],[[760482,217634],[45,-5502]],[[760527,212132],[-7726,-50]],[[752701,217507],[7781,127]],[[752854,210490],[7686,81]],[[760540,210571],[4,-515]],[[752848,209983],[6,507]],[[658866,209406],[-108,1328]],[[658758,210734],[94096,-244]],[[752801,212082],[53,-1592]],[[658758,210734],[-115,1419]],[[760527,212132],[13,-1561]],[[726767,219473],[33694,445]],[[760461,219918],[16968,326]],[[777429,220244],[12442,384],[4838,23671]],[[794709,244299],[1744,-543]],[[796453,243756],[-1686,-8210]],[[794767,235546],[-3576,-17405],[-26521,-437]],[[764670,217704],[-4188,-70]],[[658394,215212],[-420,2845]],[[657974,218057],[68793,1416]],[[760266,242798],[-33483,-3055],[-16,-20270]],[[657974,218057],[-378,2565]],[[657596,220622],[67446,1513],[-42,19332],[35249,3302],[17,-1971]],[[760266,242798],[41,-4661]],[[760307,238137],[154,-18219]],[[768017,212166],[-7490,-34]],[[760482,217634],[7535,-5468]],[[770074,210672],[715,-519]],[[760540,210571],[9534,101]],[[768017,212166],[2057,-1494]],[[764670,217704],[7789,-5479]],[[772459,212225],[2141,-1505]],[[774600,210720],[-4526,-48]],[[774600,210720],[744,-522]],[[794767,235546],[22417,254]],[[817184,235800],[260,-23233]],[[817444,212567],[-44985,-342]],[[817495,211020],[13,-295]],[[774600,210720],[42895,300]],[[817444,212567],[51,-1547]],[[796453,243756],[20714,-6445]],[[817167,237311],[17,-1511]],[[819636,237348],[156,-24765]],[[819792,212583],[9,-1532]],[[819801,211051],[-2306,-31]],[[817167,237311],[2469,37]],[[819801,211051],[2,-308]],[[819803,210743],[11,-1682]],[[819814,209061],[-2330,-17]],[[842109,237689],[-26,-8433]],[[842083,229256],[-50,-16101]],[[842033,213155],[-2,-504]],[[842031,212651],[-22239,-68]],[[819636,237348],[22473,341]],[[842021,211180],[4,-266]],[[842025,210914],[-22222,-171]],[[819801,211051],[22220,129]],[[842031,212651],[-10,-1471]],[[842025,210914],[13295,102]],[[855320,211016],[18047,151]],[[873367,211167],[1721,25]],[[875088,211192],[11885,68]],[[886973,211260],[-496,-1740],[-66663,-459]],[[855384,229251],[18094,-8],[726,8935]],[[874204,238178],[8636,132]],[[882840,238310],[-3834,-13440]],[[879006,224870],[-1855,-73],[-3149,-11300]],[[874002,213497],[-18691,-264]],[[855311,213233],[73,16018]],[[879006,224870],[-3239,-11366]],[[875767,213504],[-1765,-7]],[[849328,229253],[6056,-2]],[[855311,213233],[-6204,23]],[[849107,213256],[221,15997]],[[879006,224870],[12094,843]],[[891100,225713],[-3399,-11905]],[[887701,213808],[-11934,-304]],[[882840,238310],[11909,180]],[[894749,238490],[-3649,-12777]],[[875242,211676],[11917,235]],[[887159,211911],[-186,-651]],[[875088,211192],[154,484]],[[855321,211396],[18157,241]],[[873478,211637],[-111,-470]],[[855320,211016],[1,380]],[[873478,211637],[1764,39]],[[842021,211180],[13300,216]],[[842083,229256],[7245,-3]],[[849107,213256],[-7074,-101]],[[855311,213233],[10,-1837]],[[874002,213497],[-524,-1860]],[[875767,213504],[-525,-1828]],[[887701,213808],[-542,-1897]],[[849446,237802],[24758,376]],[[849328,229253],[118,8549]],[[842109,237689],[7337,113]],[[461155,904034],[73194,-155453]],[[534349,748581],[2287,-4855]],[[536636,743726],[167368,-352071]],[[704004,391655],[25505,-53434]],[[729509,338221],[39083,-81881],[1274,-1567],[46617,-14824],[44683,725]],[[861166,240674],[15048,244]],[[876214,240918],[19318,313]],[[895532,241231],[-783,-2741]],[[794709,244299],[-25765,8262],[-2072,2110],[-32082,66983]],[[734790,321654],[-557,1162]],[[734233,322816],[-3153,6584]],[[731080,329400],[-29686,62333]],[[701394,391733],[-1695,3548]],[[699699,395281],[-30051,63425]],[[669648,458706],[-3199,6752]],[[666449,465458],[-533,1127]],[[665916,466585],[-32290,68150]],[[633626,534735],[-15254,31959]],[[618372,566694],[-17141,35911]],[[601231,602605],[-1478,3097]],[[599753,605702],[-523,1096]],[[599230,606798],[-34812,72935]],[[564418,679733],[-34864,73406]],[[529554,753139],[-548,1166]],[[529006,754305],[-3067,6520]],[[525939,760825],[-31036,65991]],[[494903,826816],[-850,1787],[-382,-290]],[[493671,828313],[-34649,73596]],[[459022,901909],[2133,2125]],[[460940,904484],[215,-450]],[[459022,901909],[-356,756],[2274,1819]],[[737201,337465],[-1661,-5860],[35008,-73580],[45860,-14675],[40791,638],[975,3013]],[[858174,247001],[3834,-1973],[-842,-4354]],[[729509,338221],[7692,-756]],[[737201,337465],[13084,46163]],[[750285,383628],[1417,-628]],[[751702,383000],[-14702,-51929],[34317,-72059],[45080,-14392],[40330,514],[15601,55024]],[[872328,300158],[34849,-13362]],[[907177,286796],[-352,-1436]],[[906825,285360],[-18185,6936]],[[888640,292296],[-16168,6167],[-14298,-51462]],[[907177,286796],[995,-382]],[[908172,286414],[-397,-1416]],[[907775,284998],[-950,362]],[[777429,220244],[-751,18020],[-16371,-127]],[[657596,220622],[-1081,7313],[-8497,27856]],[[648018,255791],[86772,65863]],[[648018,255791],[-427,1297]],[[647591,257088],[86642,65728]],[[647591,257088],[-1831,5304]],[[645760,262392],[1744,-1374],[76043,57670],[1481,5660],[6052,5052]],[[645760,262392],[-19319,57442],[-2631,4757],[-4889,5260]],[[618921,329851],[82473,61882]],[[652309,359667],[47390,35614]],[[618921,329851],[-2577,2539]],[[616344,332390],[35965,27277]],[[652309,359667],[-31790,67002]],[[620519,426669],[39719,30174],[3828,-1507],[5582,3370]],[[616344,332390],[-54047,50390]],[[562297,382780],[58222,43889]],[[562297,382780],[-2567,2182]],[[559730,384962],[106719,80496]],[[559730,384962],[-938,924]],[[558792,385886],[107124,80699]],[[629156,531355],[4470,3380]],[[558792,385886],[-30946,28621],[-27824,17668]],[[500022,432175],[129633,98109],[-499,1071]],[[500022,432175],[-1959,1287]],[[498063,433462],[191,145]],[[498254,433607],[394,299],[8273,6269]],[[506921,440175],[121733,92255],[502,-1075]],[[575915,583398],[4567,-9758],[-362,-350],[12488,-27028],[25764,20432]],[[506921,440175],[-32164,67346]],[[474757,507521],[101158,75877]],[[498254,433607],[-32111,67453]],[[466143,501060],[8614,6461]],[[498063,433462],[-10142,6309]],[[487921,439771],[-27303,57145]],[[460618,496916],[5525,4144]],[[487921,439771],[-31415,19545]],[[456506,459316],[-11817,25652]],[[444689,484968],[15929,11948]],[[456506,459316],[-25153,15649]],[[431353,474965],[13336,10003]],[[575915,583398],[25316,19207]],[[431353,474965],[-2882,1815]],[[428471,476780],[171282,128922]],[[504253,535344],[94977,71454]],[[428471,476780],[-1065,749]],[[427406,477529],[76847,57815]],[[561649,677547],[2769,2186]],[[504253,535344],[-34248,71435]],[[470005,606779],[92194,69677],[-550,1091]],[[427406,477529],[-18617,2926]],[[408789,480455],[-779,11650],[-2183,19156]],[[405827,511261],[134,18059],[-4160,8637],[-8705,10612]],[[393096,548569],[76909,58210]],[[408789,480455],[-1238,163]],[[407551,480618],[-1859,24086],[135,6557]],[[375853,572064],[420,723]],[[376273,572787],[4580,-6641]],[[380853,566146],[10864,-15752]],[[391717,550394],[1379,-1825]],[[407551,480618],[-2150,275]],[[374847,570321],[1006,1743]],[[391717,550394],[169348,128310],[584,-1157]],[[380853,566146],[17262,12512],[-8392,19702],[-8712,-6725],[-22613,31889]],[[358398,623524],[171156,129615]],[[376273,572787],[-28488,41310]],[[347785,614097],[4321,4664],[6292,4763]],[[347103,615058],[682,-961]],[[375853,572064],[-29373,42334]],[[346480,614398],[623,660]],[[347103,615058],[4913,5210],[176990,134037]],[[344741,618894],[9069,6737]],[[353810,625631],[165964,125729],[954,5450],[5211,4015]],[[346480,614398],[-2554,3682]],[[343926,618080],[815,814]],[[353810,625631],[-9679,17089],[8516,6954],[-8776,14286],[-19427,-15649]],[[324444,648311],[-22595,32755]],[[301849,681066],[193054,145750]],[[344741,618894],[-20297,29417]],[[300813,682513],[1036,-1447]],[[343926,618080],[-44130,63602],[1017,831]],[[300813,682513],[149796,112998],[43062,32802]],[[521471,964713],[-56939,-48788]],[[464532,915925],[1526,84074],[55413,-35286]],[[521471,964713],[1313,-836]],[[522784,963877],[-58279,-49610]],[[464505,914267],[27,1658]],[[522784,963877],[2805,-1786]],[[525589,962091],[-62228,-53187]],[[463361,908904],[-1622,2935],[2766,2428]],[[525589,962091],[1798,-1145]],[[527387,960946],[-967,-823]],[[526420,960123],[-1903,-1624]],[[524517,958499],[-6603,-5627]],[[517914,952872],[-12227,-10423]],[[505687,942449],[-885,-755]],[[504802,941694],[-40489,-34514]],[[464313,907180],[-952,1724]],[[519552,951972],[3932,-2159],[-3350,-16020]],[[520134,933793],[-12706,7612]],[[507428,941405],[12124,10567]],[[517914,952872],[1638,-900]],[[507428,941405],[-1741,1044]],[[543828,945489],[-7432,-21439]],[[536396,924050],[-16262,9743]],[[519552,951972],[5802,5056],[18474,-11539]],[[524517,958499],[32791,-20137]],[[557308,938362],[-342,-971]],[[556966,937391],[-10951,6775]],[[546015,944166],[-2187,1323]],[[526420,960123],[31600,-19670]],[[558020,940453],[-712,-2091]],[[546015,944166],[-7387,-21453]],[[538628,922713],[-2232,1337]],[[556966,937391],[-7318,-21279],[-11020,6601]],[[527387,960946],[44474,-28320],[12806,-7864]],[[584667,924762],[-944,-3268]],[[583723,921494],[-272,1260],[-24636,17163]],[[558815,939917],[-795,536]],[[558815,939917],[-733,-2040]],[[558082,937877],[-774,485]],[[464313,907180],[-1817,-1810]],[[462496,905370],[-124,258]],[[462372,905628],[1941,1552]],[[583723,921494],[-61,-212]],[[583662,921282],[-25580,16595]],[[521628,931629],[16694,-9987]],[[538322,921642],[-4139,-12450],[-17332,9427],[4777,13010]],[[462496,905370],[822,-1736]],[[463318,903634],[23480,-49589],[228,180],[48177,-100718]],[[535203,753507],[786,-3735]],[[535989,749772],[-1640,-1191]],[[461155,904034],[1341,1336]],[[460940,904484],[1432,1144]],[[583393,920167],[2643,-1785]],[[586036,918382],[-15047,-52361]],[[570989,866021],[-32320,-112464],[1567,-2631],[1043,-477]],[[541279,750449],[-922,-3347],[222278,-100883],[380,1730]],[[763015,647949],[1296,1851],[20156,70520]],[[784467,720320],[2088,-2273]],[[786555,718047],[-22193,-77865]],[[764362,640182],[-2886,1312]],[[761476,641494],[382,1338],[-223222,101206],[-2647,5734]],[[535203,753507],[48190,166660]],[[584667,924762],[2748,-1687]],[[587415,923075],[-677,-2302]],[[586738,920773],[-421,-1434]],[[586317,919339],[-281,-957]],[[583393,920167],[269,1115]],[[783944,722223],[305,1070]],[[784249,723293],[661,2418]],[[784910,725711],[5366,-5362]],[[790276,720349],[-1327,-2070]],[[788949,718279],[-1383,-101]],[[787566,718178],[-1011,-131]],[[784467,720320],[-825,845]],[[783642,721165],[302,1058]],[[784467,720320],[-989,273]],[[783478,720593],[164,572]],[[586036,918382],[8381,-5887],[16033,-15581]],[[610450,896914],[-7656,-27933],[-8161,3092]],[[594633,872073],[-9613,4557],[-2308,-7634],[3123,-2297],[-3236,-8210],[-11610,7532]],[[586317,919339],[8525,-5984],[10722,-9949],[5158,-5493]],[[610722,897913],[-272,-999]],[[586738,920773],[6740,-4037],[17532,-17778]],[[611010,898958],[-288,-1045]],[[610722,897913],[827,-910]],[[611549,897003],[-304,-1105]],[[611245,895898],[-7803,-28312],[-9126,3252],[317,1235]],[[611010,898958],[848,-860]],[[611858,898098],[-309,-1095]],[[587415,923075],[4703,-2889],[192792,-194475]],[[784249,723293],[-8107,8272]],[[776142,731565],[-21498,21919]],[[754644,753484],[-29958,30578]],[[724686,784062],[-753,767]],[[723933,784829],[-28802,29051]],[[695131,813880],[-41333,41689]],[[653798,855569],[-41940,42529]],[[611245,895898],[41867,-42662]],[[653112,853236],[-39006,-136016]],[[614106,717220],[-72827,33229]],[[611549,897003],[41897,-42632]],[[653446,854371],[-334,-1135]],[[653798,855569],[-352,-1198]],[[695131,813880],[-401,-1315]],[[694730,812565],[-41284,41806]],[[694730,812565],[28796,-29160]],[[723526,783405],[-295,-1020]],[[723231,782385],[-28823,29125]],[[694408,811510],[322,1055]],[[723933,784829],[-407,-1424]],[[724276,782645],[30020,-30277]],[[754296,752368],[-315,-977]],[[753981,751391],[-30000,30232]],[[723981,781623],[295,1022]],[[754644,753484],[-348,-1116]],[[724276,782645],[410,1417]],[[775795,730475],[8149,-8252]],[[783642,721165],[-8167,8356]],[[775475,729521],[320,954]],[[775795,730475],[347,1090]],[[753981,751391],[21494,-21870]],[[775475,729521],[-13940,-43851],[-13884,7466],[505,1560],[-9188,4551],[15013,52144]],[[754296,752368],[21499,-21893]],[[763015,647949],[-1073,491]],[[761942,648440],[1463,1795],[20073,70358]],[[614106,717220],[80790,-36607]],[[694896,680613],[34314,-15914],[2920,-2612],[29812,-13647]],[[761476,641494],[-68865,31377]],[[692611,672871],[-80807,36404]],[[611804,709275],[-72354,33172]],[[539450,742447],[-2814,1279]],[[611804,709275],[-21258,-73667]],[[590546,635608],[-26134,55132],[-199,-821],[-24763,52528]],[[692611,672871],[-45008,-156432]],[[647603,516439],[-57057,119169]],[[761476,641494],[-37691,-132237]],[[723785,509257],[-27136,-95261]],[[696649,413996],[-49046,102443]],[[696649,413996],[1745,-3574]],[[698394,410422],[872,-1789]],[[699266,408633],[1330,-2725]],[[700596,405908],[4540,-9304],[-1132,-4949]],[[723785,509257],[1346,-1704]],[[725131,507553],[835,-1257]],[[725966,506296],[-27572,-95874]],[[764362,640182],[-35686,-124855]],[[728676,515327],[-688,-2408],[215377,-97818]],[[943365,415101],[-1116,-4243]],[[942249,410858],[-213564,97258],[-3554,-563]],[[943365,415101],[1075,-474]],[[944440,414627],[-1192,-4224]],[[943248,410403],[-999,455]],[[786555,718047],[18732,-19031],[2574,-2596],[2283,-2327],[6841,-6426]],[[816985,687667],[-53414,-188337]],[[763571,499330],[-34895,15997]],[[787566,718178],[29756,-29451]],[[817322,688727],[-337,-1060]],[[788949,718279],[28819,-27950]],[[817768,690329],[-446,-1602]],[[854614,668641],[-3850,450]],[[850764,669091],[-5732,667],[-2043,918]],[[842989,670676],[-10187,4566]],[[832802,675242],[-5304,4175],[-1256,1410]],[[826242,680827],[-3389,3799]],[[822853,684626],[3101,-2298],[8267,-5029],[9958,-4506],[10435,-4152]],[[790276,720349],[35168,-35137],[36126,-15751],[428,1352],[30123,-12764]],[[892121,658049],[-648,-2231]],[[891473,655818],[-20009,8347]],[[871464,664165],[-7594,3396],[-9256,1080]],[[822853,684626],[-5085,5703]],[[816985,687667],[9257,-6840]],[[832802,675242],[-32392,-114441],[56311,-24712]],[[856721,536089],[-20224,-69857]],[[836497,466232],[-72926,33098]],[[817322,688727],[5531,-4101]],[[842989,670676],[-5357,-19389],[26345,-11556],[83,268]],[[864060,639999],[1139,-958],[18241,-8627]],[[883440,630414],[-26719,-94325]],[[891473,655818],[-947,-3263]],[[890526,652555],[-20093,8099]],[[870433,660654],[1031,3511]],[[890526,652555],[-4547,-15659]],[[885979,636896],[-618,240],[-1921,-6722]],[[864060,639999],[6373,20655]],[[850764,669091],[6382,-2857]],[[857146,666234],[13287,-5580]],[[854614,668641],[2909,-1158],[-377,-1249]],[[891473,655818],[972,-468]],[[892445,655350],[-644,-2206]],[[891801,653144],[-277,-946]],[[891524,652198],[-4609,-15779]],[[886915,636419],[-936,477]],[[892121,658049],[107878,-45712],[-1811,-6433]],[[998188,605904],[-466,4221],[-9137,5180],[-8081,3366]],[[980504,618671],[-20955,8728]],[[959549,627399],[-67104,27951]],[[891524,652198],[67197,-27763]],[[958721,624435],[-53684,-189837]],[[905037,434598],[-66277,30569]],[[838760,465167],[48629,171035],[-474,217]],[[891801,653144],[67204,-27699]],[[959005,625445],[-284,-1010]],[[959549,627399],[-544,-1954]],[[979652,615705],[15611,-6055],[1078,-979],[81,-1671]],[[996422,607000],[-52656,-190450]],[[943766,416550],[-18667,8661]],[[925099,425211],[54553,190494]],[[958721,624435],[20931,-8730]],[[925099,425211],[-20062,9387]],[[979931,616692],[15623,-6095],[1472,-1464],[95,-2414],[-699,281]],[[979652,615705],[279,987]],[[959005,625445],[20926,-8753]],[[980504,618671],[-573,-1979]],[[998188,605904],[-53347,-189849]],[[944841,416055],[-1075,495]],[[836497,466232],[2263,-1065]],[[943766,416550],[-401,-1449]],[[944841,416055],[-401,-1428]],[[942249,410858],[-329,-1253]],[[941920,409605],[-33805,15456]],[[908115,425061],[-17531,8015]],[[890584,433076],[-17156,7700]],[[873428,440776],[-34794,15718]],[[838634,456494],[-59778,27137]],[[778856,483631],[-50738,23033],[-2152,-368]],[[943248,410403],[-350,-1242]],[[942898,409161],[-978,444]],[[778856,483631],[-28303,-98123]],[[750553,385508],[-51287,23125]],[[838634,456494],[-28417,-97888]],[[810217,358606],[-59664,26902]],[[873428,440776],[-28313,-98036]],[[845115,342740],[-34898,15866]],[[890584,433076],[-28168,-98202]],[[862416,334874],[-17301,7866]],[[908115,425061],[-28230,-98133]],[[879885,326928],[-17469,7946]],[[941920,409605],[-12384,-47092],[145,-214]],[[929681,362299],[-14670,-52009]],[[915011,310290],[-1867,841]],[[913144,311131],[-33759,13916]],[[879385,325047],[500,1881]],[[942898,409161],[-13217,-46862]],[[879385,325047],[-127683,57953]],[[750285,383628],[-49689,22280]],[[879385,325047],[-310,-1094]],[[879075,323953],[-6747,-23795]],[[913144,311131],[-320,-1274]],[[912824,309857],[-33749,14096]],[[915011,310290],[-333,-1177]],[[914678,309113],[-1854,744]],[[912824,309857],[-5647,-23061]],[[914678,309113],[-6506,-22699]],[[888640,292296],[-11296,-42924],[-1130,-8454]],[[906825,285360],[-5717,-23347],[103,-482]],[[901211,261531],[-5679,-20300]],[[907775,284998],[-6564,-23467]],[[883965,199722],[-308,-1047]],[[883657,198675],[-32246,-316]],[[851411,198359],[3836,1075],[28718,288]],[[851411,198359],[-10902,-106]],[[840509,198253],[-13333,-130],[-33,2540]],[[827143,200663],[57180,543],[-358,-1484]],[[846839,196999],[34688,336]],[[881527,197335],[-12982,-44215]],[[868545,153120],[-17843,-160],[-27,20264],[-10030,294],[-122,22261]],[[840523,195779],[1653,-8],[4663,1228]],[[851411,198359],[-4572,-1360]],[[840523,195779],[-14,2474]],[[883657,198675],[-388,-1323]],[[883269,197352],[-1742,-17]],[[883269,197352],[-12974,-44219]],[[870295,153133],[-1750,-13]],[[718216,196776],[99413,407],[14642,-1361],[8252,-43]],[[868545,153120],[-8582,-28775]],[[859963,124345],[-143262,-924]],[[716701,123421],[1515,73355]],[[718216,196776],[59,2854],[108868,1033]],[[870295,153133],[-8546,-28730]],[[861749,124403],[-1786,-58]],[[859963,124345],[-456,-1513]],[[859507,122832],[-142839,-1053]],[[716668,121779],[33,1642]],[[861749,124403],[-456,-1559]],[[861293,122844],[-1786,-12]],[[859507,122832],[-1138,-3927]],[[858369,118905],[-49297,-414]],[[809072,118491],[-84856,-715],[-2457,-3582],[-5252,-159]],[[716507,114035],[161,7744]],[[861293,122844],[-1143,-3905]],[[860150,118939],[-1781,-34]],[[858369,118905],[-35644,-118226]],[[822725,679],[-13695,3447]],[[809030,4126],[42,114365]],[[860150,118939],[-34785,-118939],[-2640,679]],[[809030,4126],[-34828,9045],[-58160,78304],[465,22560]],[[408655,466670],[68,-6011]],[[408723,460659],[-639,-29086]],[[408084,431573],[-2534,-87135]],[[405550,344438],[-1105,-33353],[-1032,-48070]],[[408188,466504],[467,166]],[[408655,466670],[202,72]],[[408857,466742],[-134,-6083]],[[405025,263013],[-533,-1]],[[404492,263012],[-177,29743]],[[404315,292755],[409,18323],[991,33276],[-165,84]],[[408084,431573],[188,327],[648,13717],[233,21231]],[[409153,466848],[980,350]],[[404492,263012],[-530,0]],[[403962,263012],[-27,12705],[380,17038]],[[538158,393712],[1152,-1068]],[[408857,466742],[296,106]],[[723526,783405],[750,-760]],[[723981,781623],[-7756,-26935]],[[716225,754688],[-1538,829],[348,1132]],[[715035,756649],[700,-366],[7496,26102]],[[716225,754688],[-21329,-74075]],[[653112,853236],[41296,-41726]],[[694408,811510],[-7876,-25797],[5622,-3984],[-3761,-11472],[14945,-9581],[1113,1507],[10584,-5534]],[[409008,475136],[5618,34],[11850,-1603],[99544,-62345],[91175,-84612],[4233,-4520],[2389,-4432],[29701,-89787],[1487,-10417]],[[408857,466742],[151,8394]],[[407928,475149],[1080,-13]],[[658985,207950],[-3366,-23]],[[409008,475136],[-219,5319]],[[566450,931240],[716,-468]],[[567166,930772],[-9443,-33494],[-22444,10350],[-1435,-4973],[-20305,9880],[6635,18896],[-14595,8700]],[[505579,940131],[752,649]],[[506331,940780],[14886,-8905]],[[521217,931875],[-6605,-18779],[18753,-9116],[1485,4956],[22387,-10340],[9213,32644]],[[557759,936920],[8691,-5680]],[[521217,931875],[411,-246]],[[538322,921642],[11861,-7096],[7576,22374]],[[567166,930772],[16227,-10605]],[[463318,903634],[42261,36497]],[[504802,941694],[1529,-914]],[[558082,937877],[-323,-957]]],"bbox":[-23562.453,-158743.864,-21941.101,-157460.501],"transform":{"scale":[0.0016213536213536238,0.0012833642833642953],"translate":[-23562.453,-158743.864]}}
