{"type":"Topology","objects":{"01214-4503-22":{"type":"GeometryCollection","geometries":[{"type":"MultiPolygon","arcs":[[[0,1,2,3]]],"properties":{"筆ID":"H000000001","version":"ver1.0","座標系":"任意座標系","測地系判別":null,"地図名":"H20450301214026","地図番号":"区-C-5","縮尺分母":"600","市区町村コード":"01214","市区町村名":"稚内市","大字コード":"031","丁目コード":"001","小字コード":"0000","予備コード":"00","大字名":"緑","丁目名":"１丁目","小字名":null,"予備名":null,"地番":"20-29","精度区分":null,"座標値種別":"図上測量","筆界未定構成筆":null,"代表点緯度":6.689,"代表点経度":1911.746218167}},{"type":"MultiPolygon","arcs":[[[4,5,-2,6]]],"properties":{"筆ID":"H000000002","version":"ver1.0","座標系":"任意座標系","測地系判別":null,"地図名":"H20450301214026","地図番号":"区-C-5","縮尺分母":"600","市区町村コード":"01214","市区町村名":"稚内市","大字コード":"031","丁目コード":"001","小字コード":"0000","予備コード":"00","大字名":"緑","丁目名":"１丁目","小字名":null,"予備名":null,"地番":"20-28","精度区分":null,"座標値種別":"図上測量","筆界未定構成筆":null,"代表点緯度":10.761,"代表点経度":1902.499362133}},{"type":"MultiPolygon","arcs":[[[7,8,-5,9]]],"properties":{"筆ID":"H000000003","version":"ver1.0","座標系":"任意座標系","測地系判別":null,"地図名":"H20450301214026","地図番号":"区-C-5","縮尺分母":"600","市区町村コード":"01214","市区町村名":"稚内市","大字コード":"031","丁目コード":"001","小字コード":"0000","予備コード":"00","大字名":"緑","丁目名":"１丁目","小字名":null,"予備名":null,"地番":"20-27","精度区分":null,"座標値種別":"図上測量","筆界未定構成筆":null,"代表点緯度":16.206,"代表点経度":1890.126503244}},{"type":"MultiPolygon","arcs":[[[10,11]]],"properties":{"筆ID":"H000000004","version":"ver1.0","座標系":"任意座標系","測地系判別":null,"地図名":"H20450301214026","地図番号":"区-C-5","縮尺分母":"600","市区町村コード":"01214","市区町村名":"稚内市","大字コード":"035","丁目コード":"001","小字コード":"0000","予備コード":"00","大字名":"こまどり","丁目名":"１丁目","小字名":null,"予備名":null,"地番":"29-41","精度区分":null,"座標値種別":"図上測量","筆界未定構成筆":null,"代表点緯度":-127.5,"代表点経度":2015.494422414}},{"type":"MultiPolygon","arcs":[[[12,13,14,15,16,17,18,19]]],"properties":{"筆ID":"H000000005","version":"ver1.0","座標系":"任意座標系","測地系判別":null,"地図名":"H20450301214026","地図番号":"区-C-15","縮尺分母":"600","市区町村コード":"01214","市区町村名":"稚内市","大字コード":"031","丁目コード":"003","小字コード":"0000","予備コード":"00","大字名":"緑","丁目名":"３丁目","小字名":null,"予備名":null,"地番":"道-1","精度区分":null,"座標値種別":"図上測量","筆界未定構成筆":null,"代表点緯度":-416.141,"代表点経度":1602.596208436}},{"type":"MultiPolygon","arcs":[[[20,21,22,23]]],"properties":{"筆ID":"H000000006","version":"ver1.0","座標系":"任意座標系","測地系判別":null,"地図名":"H20450301214026","地図番号":"区-C-15","縮尺分母":"600","市区町村コード":"01214","市区町村名":"稚内市","大字コード":"031","丁目コード":"003","小字コード":"0000","予備コード":"00","大字名":"緑","丁目名":"３丁目","小字名":null,"予備名":null,"地番":"62-4","精度区分":null,"座標値種別":"図上測量","筆界未定構成筆":null,"代表点緯度":-501.5815,"代表点経度":1397.444759448}},{"type":"MultiPolygon","arcs":[[[24,25,26,27]]],"properties":{"筆ID":"H000000007","version":"ver1.0","座標系":"任意座標系","測地系判別":null,"地図名":"H20450301214026","地図番号":"区-C-15","縮尺分母":"600","市区町村コード":"01214","市区町村名":"稚内市","大字コード":"031","丁目コード":"003","小字コード":"0000","予備コード":"00","大字名":"緑","丁目名":"３丁目","小字名":null,"予備名":null,"地番":"62-1","精度区分":null,"座標値種別":"図上測量","筆界未定構成筆":null,"代表点緯度":-476.709,"代表点経度":1423.226320122}},{"type":"MultiPolygon","arcs":[[[28,29,30,31,32,33,-27,34,35,36,37,38,39,40,41]]],"properties":{"筆ID":"H000000008","version":"ver1.0","座標系":"任意座標系","測地系判別":null,"地図名":"H20450301214026","地図番号":"区-C-15","縮尺分母":"600","市区町村コード":"01214","市区町村名":"稚内市","大字コード":"031","丁目コード":"003","小字コード":"0000","予備コード":"00","大字名":"緑","丁目名":"３丁目","小字名":null,"予備名":null,"地番":"111-1","精度区分":null,"座標値種別":"図上測量","筆界未定構成筆":null,"代表点緯度":-486.175,"代表点経度":1445.245543924}},{"type":"MultiPolygon","arcs":[[[-36,42,43,44]]],"properties":{"筆ID":"H000000009","version":"ver1.0","座標系":"任意座標系","測地系判別":null,"地図名":"H20450301214026","地図番号":"区-C-15","縮尺分母":"600","市区町村コード":"01214","市区町村名":"稚内市","大字コード":"031","丁目コード":"003","小字コード":"0000","予備コード":"00","大字名":"緑","丁目名":"３丁目","小字名":null,"予備名":null,"地番":"59-4","精度区分":null,"座標値種別":"図上測量","筆界未定構成筆":null,"代表点緯度":-464.911,"代表点経度":1436.494296885}},{"type":"MultiPolygon","arcs":[[[45,46,47,48]]],"properties":{"筆ID":"H000000010","version":"ver1.0","座標系":"任意座標系","測地系判別":null,"地図名":"H20450301214026","地図番号":"区-C-15","縮尺分母":"600","市区町村コード":"01214","市区町村名":"稚内市","大字コード":"031","丁目コード":"003","小字コード":"0000","予備コード":"00","大字名":"緑","丁目名":"３丁目","小字名":null,"予備名":null,"地番":"59-1","精度区分":null,"座標値種別":"図上測量","筆界未定構成筆":null,"代表点緯度":-442.166,"代表点経度":1459.253585554}},{"type":"MultiPolygon","arcs":[[[49,50,51,52]]],"properties":{"筆ID":"H000000011","version":"ver1.0","座標系":"任意座標系","測地系判別":null,"地図名":"H20450301214026","地図番号":"区-C-15","縮尺分母":"600","市区町村コード":"01214","市区町村名":"稚内市","大字コード":"031","丁目コード":"003","小字コード":"0000","予備コード":"00","大字名":"緑","丁目名":"３丁目","小字名":null,"予備名":null,"地番":"56-4","精度区分":null,"座標値種別":"図上測量","筆界未定構成筆":null,"代表点緯度":-429.1435,"代表点経度":1471.321412042}},{"type":"MultiPolygon","arcs":[[[53,54,55,56]]],"properties":{"筆ID":"H000000012","version":"ver1.0","座標系":"任意座標系","測地系判別":null,"地図名":"H20450301214026","地図番号":"区-C-15","縮尺分母":"600","市区町村コード":"01214","市区町村名":"稚内市","大字コード":"031","丁目コード":"003","小字コード":"0000","予備コード":"00","大字名":"緑","丁目名":"３丁目","小字名":null,"予備名":null,"地番":"56-1","精度区分":null,"座標値種別":"図上測量","筆界未定構成筆":null,"代表点緯度":-405.4825,"代表点経度":1497.41163536}},{"type":"MultiPolygon","arcs":[[[57,58,59,60]]],"properties":{"筆ID":"H000000013","version":"ver1.0","座標系":"任意座標系","測地系判別":null,"地図名":"H20450301214026","地図番号":"区-C-15","縮尺分母":"600","市区町村コード":"01214","市区町村名":"稚内市","大字コード":"031","丁目コード":"003","小字コード":"0000","予備コード":"00","大字名":"緑","丁目名":"３丁目","小字名":null,"予備名":null,"地番":"52-3","精度区分":null,"座標値種別":"図上測量","筆界未定構成筆":null,"代表点緯度":-391.113,"代表点経度":1512.444424247}},{"type":"MultiPolygon","arcs":[[[61,62,63,64]]],"properties":{"筆ID":"H000000014","version":"ver1.0","座標系":"任意座標系","測地系判別":null,"地図名":"H20450301214026","地図番号":"区-C-15","縮尺分母":"600","市区町村コード":"01214","市区町村名":"稚内市","大字コード":"031","丁目コード":"003","小字コード":"0000","予備コード":"00","大字名":"緑","丁目名":"３丁目","小字名":null,"予備名":null,"地番":"52-1","精度区分":null,"座標値種別":"図上測量","筆界未定構成筆":null,"代表点緯度":-371.6665,"代表点経度":1529.020200691}},{"type":"MultiPolygon","arcs":[[[-14,65,66,67,68,69,70,71,-64,72,73,74,75,76,77,78,79,80,81]]],"properties":{"筆ID":"H000000015","version":"ver1.0","座標系":"任意座標系","測地系判別":null,"地図名":"H20450301214026","地図番号":"区-C-15","縮尺分母":"600","市区町村コード":"01214","市区町村名":"稚内市","大字コード":"031","丁目コード":"003","小字コード":"0000","予備コード":"00","大字名":"緑","丁目名":"３丁目","小字名":null,"予備名":null,"地番":"105","精度区分":null,"座標値種別":"図上測量","筆界未定構成筆":null,"代表点緯度":-390.9655,"代表点経度":1560.685252502}},{"type":"MultiPolygon","arcs":[[[-74,82,83,84]]],"properties":{"筆ID":"H000000016","version":"ver1.0","座標系":"任意座標系","測地系判別":null,"地図名":"H20450301214026","地図番号":"区-C-15","縮尺分母":"600","市区町村コード":"01214","市区町村名":"稚内市","大字コード":"031","丁目コード":"003","小字コード":"0000","予備コード":"00","大字名":"緑","丁目名":"３丁目","小字名":null,"予備名":null,"地番":"49-3","精度区分":null,"座標値種別":"図上測量","筆界未定構成筆":null,"代表点緯度":-357.87,"代表点経度":1542.167541397}},{"type":"MultiPolygon","arcs":[[[-84,85,86,87]]],"properties":{"筆ID":"H000000017","version":"ver1.0","座標系":"任意座標系","測地系判別":null,"地図名":"H20450301214026","地図番号":"区-C-15","縮尺分母":"600","市区町村コード":"01214","市区町村名":"稚内市","大字コード":"031","丁目コード":"003","小字コード":"0000","予備コード":"00","大字名":"緑","丁目名":"３丁目","小字名":null,"予備名":null,"地番":"49-2","精度区分":null,"座標値種別":"図上測量","筆界未定構成筆":null,"代表点緯度":-348.727,"代表点経度":1549.645933998}},{"type":"MultiPolygon","arcs":[[[-87,88,89,90]]],"properties":{"筆ID":"H000000018","version":"ver1.0","座標系":"任意座標系","測地系判別":null,"地図名":"H20450301214026","地図番号":"区-C-15","縮尺分母":"600","市区町村コード":"01214","市区町村名":"稚内市","大字コード":"031","丁目コード":"003","小字コード":"0000","予備コード":"00","大字名":"緑","丁目名":"３丁目","小字名":null,"予備名":null,"地番":"49-1","精度区分":null,"座標値種別":"図上測量","筆界未定構成筆":null,"代表点緯度":-344.7615,"代表点経度":1558.157641609}},{"type":"MultiPolygon","arcs":[[[91,92,93,94,-17,95]]],"properties":{"筆ID":"H000000019","version":"ver1.0","座標系":"任意座標系","測地系判別":null,"地図名":"H20450301214026","地図番号":"区-C-15","縮尺分母":"600","市区町村コード":"01214","市区町村名":"稚内市","大字コード":"031","丁目コード":"003","小字コード":"0000","予備コード":"00","大字名":"緑","丁目名":"３丁目","小字名":null,"予備名":null,"地番":"50-10","精度区分":null,"座標値種別":"図上測量","筆界未定構成筆":null,"代表点緯度":-396.4235,"代表点経度":1608.590183874}},{"type":"MultiPolygon","arcs":[[[-82,96,-92,97,-15]]],"properties":{"筆ID":"H000000020","version":"ver1.0","座標系":"任意座標系","測地系判別":null,"地図名":"H20450301214026","地図番号":"区-C-15","縮尺分母":"600","市区町村コード":"01214","市区町村名":"稚内市","大字コード":"031","丁目コード":"003","小字コード":"0000","予備コード":"00","大字名":"緑","丁目名":"３丁目","小字名":null,"予備名":null,"地番":"50-11","精度区分":null,"座標値種別":"図上測量","筆界未定構成筆":null,"代表点緯度":-410.843,"代表点経度":1594.83735514}},{"type":"MultiPolygon","arcs":[[[-66,-13,98]]],"properties":{"筆ID":"H000000021","version":"ver1.0","座標系":"任意座標系","測地系判別":null,"地図名":"H20450301214026","地図番号":"区-C-15","縮尺分母":"600","市区町村コード":"01214","市区町村名":"稚内市","大字コード":"031","丁目コード":"003","小字コード":"0000","予備コード":"00","大字名":"緑","丁目名":"３丁目","小字名":null,"予備名":null,"地番":"51-17","精度区分":null,"座標値種別":"図上測量","筆界未定構成筆":null,"代表点緯度":-425.5825,"代表点経度":1581.852740102}},{"type":"MultiPolygon","arcs":[[[99,100,101]]],"properties":{"筆ID":"H000000022","version":"ver1.0","座標系":"任意座標系","測地系判別":null,"地図名":"H20450301214026","地図番号":"区-C-15","縮尺分母":"600","市区町村コード":"01214","市区町村名":"稚内市","大字コード":"031","丁目コード":"003","小字コード":"0000","予備コード":"00","大字名":"緑","丁目名":"３丁目","小字名":null,"予備名":null,"地番":"51-19","精度区分":null,"座標値種別":"図上測量","筆界未定構成筆":null,"代表点緯度":-448.161,"代表点経度":1569.283222959}},{"type":"MultiPolygon","arcs":[[[102,-102,103,104,-19,105,106,107,108,109]]],"properties":{"筆ID":"H000000023","version":"ver1.0","座標系":"任意座標系","測地系判別":null,"地図名":"H20450301214026","地図番号":"区-C-15","縮尺分母":"600","市区町村コード":"01214","市区町村名":"稚内市","大字コード":"031","丁目コード":"003","小字コード":"0000","予備コード":"00","大字名":"緑","丁目名":"３丁目","小字名":null,"予備名":null,"地番":"2581","精度区分":null,"座標値種別":"図上測量","筆界未定構成筆":null,"代表点緯度":-442.9085,"代表点経度":1580.536551277}},{"type":"MultiPolygon","arcs":[[[-103,110,111,112,-100]]],"properties":{"筆ID":"H000000024","version":"ver1.0","座標系":"任意座標系","測地系判別":null,"地図名":"H20450301214026","地図番号":"区-C-15","縮尺分母":"600","市区町村コード":"01214","市区町村名":"稚内市","大字コード":"031","丁目コード":"003","小字コード":"0000","予備コード":"00","大字名":"緑","丁目名":"３丁目","小字名":null,"予備名":null,"地番":"107-2","精度区分":null,"座標値種別":"図上測量","筆界未定構成筆":null,"代表点緯度":-457.3785,"代表点経度":1558.218772761}},{"type":"MultiPolygon","arcs":[[[113,114,115,116,117,-111,-110,118,119,120,121]]],"properties":{"筆ID":"H000000025","version":"ver1.0","座標系":"任意座標系","測地系判別":null,"地図名":"H20450301214026","地図番号":"区-C-15","縮尺分母":"600","市区町村コード":"01214","市区町村名":"稚内市","大字コード":"031","丁目コード":"003","小字コード":"0000","予備コード":"00","大字名":"緑","丁目名":"３丁目","小字名":null,"予備名":null,"地番":"57-32","精度区分":null,"座標値種別":"図上測量","筆界未定構成筆":null,"代表点緯度":-474.13,"代表点経度":1537.565559047}},{"type":"MultiPolygon","arcs":[[[122,123,-120,124]]],"properties":{"筆ID":"H000000026","version":"ver1.0","座標系":"任意座標系","測地系判別":null,"地図名":"H20450301214026","地図番号":"区-C-15","縮尺分母":"600","市区町村コード":"01214","市区町村名":"稚内市","大字コード":"031","丁目コード":"003","小字コード":"0000","予備コード":"00","大字名":"緑","丁目名":"３丁目","小字名":null,"予備名":null,"地番":"57-27","精度区分":null,"座標値種別":"図上測量","筆界未定構成筆":null,"代表点緯度":-487.7735,"代表点経度":1535.758056217}},{"type":"MultiPolygon","arcs":[[[125,126,-121,-124]]],"properties":{"筆ID":"H000000027","version":"ver1.0","座標系":"任意座標系","測地系判別":null,"地図名":"H20450301214026","地図番号":"区-C-15","縮尺分母":"600","市区町村コード":"01214","市区町村名":"稚内市","大字コード":"031","丁目コード":"003","小字コード":"0000","予備コード":"00","大字名":"緑","丁目名":"３丁目","小字名":null,"予備名":null,"地番":"57-5","精度区分":null,"座標値種別":"図上測量","筆界未定構成筆":null,"代表点緯度":-488.353,"代表点経度":1529.008333964}},{"type":"MultiPolygon","arcs":[[[127,128,129,-127]]],"properties":{"筆ID":"H000000028","version":"ver1.0","座標系":"任意座標系","測地系判別":null,"地図名":"H20450301214026","地図番号":"区-C-15","縮尺分母":"600","市区町村コード":"01214","市区町村名":"稚内市","大字コード":"031","丁目コード":"003","小字コード":"0000","予備コード":"00","大字名":"緑","丁目名":"３丁目","小字名":null,"予備名":null,"地番":"108-3","精度区分":null,"座標値種別":"図上測量","筆界未定構成筆":null,"代表点緯度":-495.9135,"代表点経度":1522.631409763}},{"type":"MultiPolygon","arcs":[[[130,-23,131,132,-28,-34,133,134,135,136,137,138,139,140,141]]],"properties":{"筆ID":"H000000029","version":"ver1.0","座標系":"任意座標系","測地系判別":null,"地図名":"H20450301214026","地図番号":"区-C-15","縮尺分母":"600","市区町村コード":"01214","市区町村名":"稚内市","大字コード":"031","丁目コード":"003","小字コード":"0000","予備コード":"00","大字名":"緑","丁目名":"３丁目","小字名":null,"予備名":null,"地番":"道-3","精度区分":null,"座標値種別":"図上測量","筆界未定構成筆":null,"代表点緯度":-522.8095,"代表点経度":1400.073267883}},{"type":"MultiPolygon","arcs":[[[-137,142,143]]],"properties":{"筆ID":"H000000030","version":"ver1.0","座標系":"任意座標系","測地系判別":null,"地図名":"H20450301214026","地図番号":"区-C-15","縮尺分母":"600","市区町村コード":"01214","市区町村名":"稚内市","大字コード":"031","丁目コード":"003","小字コード":"0000","予備コード":"00","大字名":"緑","丁目名":"３丁目","小字名":null,"予備名":null,"地番":"63-7","精度区分":null,"座標値種別":"図上測量","筆界未定構成筆":null,"代表点緯度":-514.0295,"代表点経度":1404.533601355}},{"type":"MultiPolygon","arcs":[[[144,-134,-33,145]]],"properties":{"筆ID":"H000000031","version":"ver1.0","座標系":"任意座標系","測地系判別":null,"地図名":"H20450301214026","地図番号":"区-C-15","縮尺分母":"600","市区町村コード":"01214","市区町村名":"稚内市","大字コード":"031","丁目コード":"003","小字コード":"0000","予備コード":"00","大字名":"緑","丁目名":"３丁目","小字名":null,"予備名":null,"地番":"63-1","精度区分":null,"座標値種別":"図上測量","筆界未定構成筆":null,"代表点緯度":-492.4995,"代表点経度":1437.790975354}},{"type":"MultiPolygon","arcs":[[[146,147,-31,148]]],"properties":{"筆ID":"H000000032","version":"ver1.0","座標系":"任意座標系","測地系判別":null,"地図名":"H20450301214026","地図番号":"区-C-15","縮尺分母":"600","市区町村コード":"01214","市区町村名":"稚内市","大字コード":"031","丁目コード":"003","小字コード":"0000","予備コード":"00","大字名":"緑","丁目名":"３丁目","小字名":null,"予備名":null,"地番":"63-18","精度区分":null,"座標値種別":"図上測量","筆界未定構成筆":null,"代表点緯度":-508.85,"代表点経度":1452.423479728}},{"type":"MultiPolygon","arcs":[[[-141,149,150,151,152,-149,-30,153,154,155,156]]],"properties":{"筆ID":"H000000033","version":"ver1.0","座標系":"任意座標系","測地系判別":null,"地図名":"H20450301214026","地図番号":"区-C-15","縮尺分母":"600","市区町村コード":"01214","市区町村名":"稚内市","大字コード":"031","丁目コード":"003","小字コード":"0000","予備コード":"00","大字名":"緑","丁目名":"３丁目","小字名":null,"予備名":null,"地番":"63-13","精度区分":null,"座標値種別":"図上測量","筆界未定構成筆":null,"代表点緯度":-527.4555,"代表点経度":1442.128840067}},{"type":"MultiPolygon","arcs":[[[-40,157,158,159,160,161,162,163,164,165,166]]],"properties":{"筆ID":"H000000034","version":"ver1.0","座標系":"任意座標系","測地系判別":null,"地図名":"H20450301214026","地図番号":"区-C-15","縮尺分母":"600","市区町村コード":"01214","市区町村名":"稚内市","大字コード":"031","丁目コード":"003","小字コード":"0000","予備コード":"00","大字名":"緑","丁目名":"３丁目","小字名":null,"予備名":null,"地番":"58-17","精度区分":null,"座標値種別":"図上測量","筆界未定構成筆":null,"代表点緯度":-484.5495,"代表点経度":1477.643003683}},{"type":"MultiPolygon","arcs":[[[-39,167,168,-158]]],"properties":{"筆ID":"H000000035","version":"ver1.0","座標系":"任意座標系","測地系判別":null,"地図名":"H20450301214026","地図番号":"区-C-15","縮尺分母":"600","市区町村コード":"01214","市区町村名":"稚内市","大字コード":"031","丁目コード":"003","小字コード":"0000","予備コード":"00","大字名":"緑","丁目名":"３丁目","小字名":null,"予備名":null,"地番":"58-13","精度区分":null,"座標値種別":"図上測量","筆界未定構成筆":null,"代表点緯度":-490.093,"代表点経度":1460.629737357}},{"type":"MultiPolygon","arcs":[[[-37,-45,169,170,-49,171,172,173,174,175]]],"properties":{"筆ID":"H000000036","version":"ver1.0","座標系":"任意座標系","測地系判別":null,"地図名":"H20450301214026","地図番号":"区-C-15","縮尺分母":"600","市区町村コード":"01214","市区町村名":"稚内市","大字コード":"031","丁目コード":"003","小字コード":"0000","予備コード":"00","大字名":"緑","丁目名":"３丁目","小字名":null,"予備名":null,"地番":"道-4","精度区分":null,"座標値種別":"図上測量","筆界未定構成筆":null,"代表点緯度":-460.4945,"代表点経度":1454.651536064}},{"type":"MultiPolygon","arcs":[[[176,177,-132,-22]]],"properties":{"筆ID":"H000000037","version":"ver1.0","座標系":"任意座標系","測地系判別":null,"地図名":"H20450301214026","地図番号":"区-C-15","縮尺分母":"600","市区町村コード":"01214","市区町村名":"稚内市","大字コード":"031","丁目コード":"003","小字コード":"0000","予備コード":"00","大字名":"緑","丁目名":"３丁目","小字名":null,"予備名":null,"地番":"62-3","精度区分":null,"座標値種別":"図上測量","筆界未定構成筆":null,"代表点緯度":-494.0935,"代表点経度":1405.039600278}},{"type":"MultiPolygon","arcs":[[[178,-25,-133,-178]]],"properties":{"筆ID":"H000000038","version":"ver1.0","座標系":"任意座標系","測地系判別":null,"地図名":"H20450301214026","地図番号":"区-C-15","縮尺分母":"600","市区町村コード":"01214","市区町村名":"稚内市","大字コード":"031","丁目コード":"003","小字コード":"0000","予備コード":"00","大字名":"緑","丁目名":"３丁目","小字名":null,"予備名":null,"地番":"62-2","精度区分":null,"座標値種別":"図上測量","筆界未定構成筆":null,"代表点緯度":-485.421,"代表点経度":1414.110599753}},{"type":"MultiPolygon","arcs":[[[-139,179,180,-151,181]]],"properties":{"筆ID":"H000000039","version":"ver1.0","座標系":"任意座標系","測地系判別":null,"地図名":"H20450301214026","地図番号":"区-C-15","縮尺分母":"600","市区町村コード":"01214","市区町村名":"稚内市","大字コード":"031","丁目コード":"003","小字コード":"0000","予備コード":"00","大字名":"緑","丁目名":"３丁目","小字名":null,"予備名":null,"地番":"63-30","精度区分":null,"座標値種別":"図上測量","筆界未定構成筆":null,"代表点緯度":-529.391,"代表点経度":1415.433198984}},{"type":"MultiPolygon","arcs":[[[-138,-144,182,-180]]],"properties":{"筆ID":"H000000040","version":"ver1.0","座標系":"任意座標系","測地系判別":null,"地図名":"H20450301214026","地図番号":"区-C-15","縮尺分母":"600","市区町村コード":"01214","市区町村名":"稚内市","大字コード":"031","丁目コード":"003","小字コード":"0000","予備コード":"00","大字名":"緑","丁目名":"３丁目","小字名":null,"予備名":null,"地番":"63-19","精度区分":null,"座標値種別":"図上測量","筆界未定構成筆":null,"代表点緯度":-520.2525,"代表点経度":1409.512349903}},{"type":"MultiPolygon","arcs":[[[-183,-143,-136,183,184]]],"properties":{"筆ID":"H000000041","version":"ver1.0","座標系":"任意座標系","測地系判別":null,"地図名":"H20450301214026","地図番号":"区-C-15","縮尺分母":"600","市区町村コード":"01214","市区町村名":"稚内市","大字コード":"031","丁目コード":"003","小字コード":"0000","予備コード":"00","大字名":"緑","丁目名":"３丁目","小字名":null,"予備名":null,"地番":"63-5","精度区分":null,"座標値種別":"図上測量","筆界未定構成筆":null,"代表点緯度":-510.459,"代表点経度":1417.568252995}},{"type":"MultiPolygon","arcs":[[[-181,-185,185,-152]]],"properties":{"筆ID":"H000000042","version":"ver1.0","座標系":"任意座標系","測地系判別":null,"地図名":"H20450301214026","地図番号":"区-C-15","縮尺分母":"600","市区町村コード":"01214","市区町村名":"稚内市","大字コード":"031","丁目コード":"003","小字コード":"0000","予備コード":"00","大字名":"緑","丁目名":"３丁目","小字名":null,"予備名":null,"地番":"63-15","精度区分":null,"座標値種別":"図上測量","筆界未定構成筆":null,"代表点緯度":-523.5545,"代表点経度":1430.215733848}},{"type":"MultiPolygon","arcs":[[[-184,-135,-145,186]]],"properties":{"筆ID":"H000000043","version":"ver1.0","座標系":"任意座標系","測地系判別":null,"地図名":"H20450301214026","地図番号":"区-C-15","縮尺分母":"600","市区町村コード":"01214","市区町村名":"稚内市","大字コード":"031","丁目コード":"003","小字コード":"0000","予備コード":"00","大字名":"緑","丁目名":"３丁目","小字名":null,"予備名":null,"地番":"63-4","精度区分":null,"座標値種別":"図上測量","筆界未定構成筆":null,"代表点緯度":-501.8655,"代表点経度":1427.982704198}},{"type":"MultiPolygon","arcs":[[[187,-146,-32,-148]]],"properties":{"筆ID":"H000000044","version":"ver1.0","座標系":"任意座標系","測地系判別":null,"地図名":"H20450301214026","地図番号":"区-C-15","縮尺分母":"600","市区町村コード":"01214","市区町村名":"稚内市","大字コード":"031","丁目コード":"003","小字コード":"0000","予備コード":"00","大字名":"緑","丁目名":"３丁目","小字名":null,"予備名":null,"地番":"63-17","精度区分":null,"座標値種別":"図上測量","筆界未定構成筆":null,"代表点緯度":-501.817,"代表点経度":1446.712750858}},{"type":"MultiPolygon","arcs":[[[-187,-188,-147,-153,-186]]],"properties":{"筆ID":"H000000045","version":"ver1.0","座標系":"任意座標系","測地系判別":null,"地図名":"H20450301214026","地図番号":"区-C-15","縮尺分母":"600","市区町村コード":"01214","市区町村名":"稚内市","大字コード":"031","丁目コード":"003","小字コード":"0000","予備コード":"00","大字名":"緑","丁目名":"３丁目","小字名":null,"予備名":null,"地番":"63-16","精度区分":null,"座標値種別":"図上測量","筆界未定構成筆":null,"代表点緯度":-514.397,"代表点経度":1439.942496996}},{"type":"MultiPolygon","arcs":[[[188,189]]],"properties":{"筆ID":"H000000046","version":"ver1.0","座標系":"任意座標系","測地系判別":null,"地図名":"H20450301214026","地図番号":"区-C-15","縮尺分母":"600","市区町村コード":"01214","市区町村名":"稚内市","大字コード":"031","丁目コード":"003","小字コード":"0000","予備コード":"00","大字名":"緑","丁目名":"３丁目","小字名":null,"予備名":null,"地番":"63-26","精度区分":null,"座標値種別":"図上測量","筆界未定構成筆":null,"代表点緯度":-580.997,"代表点経度":1439.872898472}},{"type":"MultiPolygon","arcs":[[[190,191,192,193]]],"properties":{"筆ID":"H000000047","version":"ver1.0","座標系":"任意座標系","測地系判別":null,"地図名":"H20450301214026","地図番号":"区-C-15","縮尺分母":"600","市区町村コード":"01214","市区町村名":"稚内市","大字コード":"031","丁目コード":"003","小字コード":"0000","予備コード":"00","大字名":"緑","丁目名":"３丁目","小字名":null,"予備名":null,"地番":"63-22","精度区分":null,"座標値種別":"図上測量","筆界未定構成筆":null,"代表点緯度":-556.816,"代表点経度":1460.170346126}},{"type":"MultiPolygon","arcs":[[[194,195,196,197]]],"properties":{"筆ID":"H000000048","version":"ver1.0","座標系":"任意座標系","測地系判別":null,"地図名":"H20450301214026","地図番号":"区-C-15","縮尺分母":"600","市区町村コード":"01214","市区町村名":"稚内市","大字コード":"031","丁目コード":"003","小字コード":"0000","予備コード":"00","大字名":"緑","丁目名":"３丁目","小字名":null,"予備名":null,"地番":"63-20","精度区分":null,"座標値種別":"図上測量","筆界未定構成筆":null,"代表点緯度":-543.3295,"代表点経度":1479.92628914}},{"type":"MultiPolygon","arcs":[[[-189,198,-191,199]]],"properties":{"筆ID":"H000000049","version":"ver1.0","座標系":"任意座標系","測地系判別":null,"地図名":"H20450301214026","地図番号":"区-C-15","縮尺分母":"600","市区町村コード":"01214","市区町村名":"稚内市","大字コード":"031","丁目コード":"003","小字コード":"0000","予備コード":"00","大字名":"緑","丁目名":"３丁目","小字名":null,"予備名":null,"地番":"63-25","精度区分":null,"座標値種別":"図上測量","筆界未定構成筆":null,"代表点緯度":-565.823,"代表点経度":1450.506550548}},{"type":"MultiPolygon","arcs":[[[200,-195,201,-193]]],"properties":{"筆ID":"H000000050","version":"ver1.0","座標系":"任意座標系","測地系判別":null,"地図名":"H20450301214026","地図番号":"区-C-15","縮尺分母":"600","市区町村コード":"01214","市区町村名":"稚内市","大字コード":"031","丁目コード":"003","小字コード":"0000","予備コード":"00","大字名":"緑","丁目名":"３丁目","小字名":null,"予備名":null,"地番":"63-21","精度区分":null,"座標値種別":"図上測量","筆界未定構成筆":null,"代表点緯度":-547.7575,"代表点経度":1469.892768463}},{"type":"MultiPolygon","arcs":[[[202,203,-170,-44]]],"properties":{"筆ID":"H000000051","version":"ver1.0","座標系":"任意座標系","測地系判別":null,"地図名":"H20450301214026","地図番号":"区-C-15","縮尺分母":"600","市区町村コード":"01214","市区町村名":"稚内市","大字コード":"031","丁目コード":"003","小字コード":"0000","予備コード":"00","大字名":"緑","丁目名":"３丁目","小字名":null,"予備名":null,"地番":"59-3","精度区分":null,"座標値種別":"図上測量","筆界未定構成筆":null,"代表点緯度":-456.963,"代表点経度":1443.809161887}},{"type":"MultiPolygon","arcs":[[[-204,204,-46,-171]]],"properties":{"筆ID":"H000000052","version":"ver1.0","座標系":"任意座標系","測地系判別":null,"地図名":"H20450301214026","地図番号":"区-C-15","縮尺分母":"600","市区町村コード":"01214","市区町村名":"稚内市","大字コード":"031","丁目コード":"003","小字コード":"0000","予備コード":"00","大字名":"緑","丁目名":"３丁目","小字名":null,"予備名":null,"地番":"59-2","精度区分":null,"座標値種別":"図上測量","筆界未定構成筆":null,"代表点緯度":-449.5135,"代表点経度":1451.578074731}},{"type":"MultiPolygon","arcs":[[[-38,-176,205,-168]]],"properties":{"筆ID":"H000000053","version":"ver1.0","座標系":"任意座標系","測地系判別":null,"地図名":"H20450301214026","地図番号":"区-C-15","縮尺分母":"600","市区町村コード":"01214","市区町村名":"稚内市","大字コード":"031","丁目コード":"003","小字コード":"0000","予備コード":"00","大字名":"緑","丁目名":"３丁目","小字名":null,"予備名":null,"地番":"58-4","精度区分":null,"座標値種別":"図上測量","筆界未定構成筆":null,"代表点緯度":-480.4775,"代表点経度":1451.421101236}},{"type":"MultiPolygon","arcs":[[[206,-173,207,208]]],"properties":{"筆ID":"H000000054","version":"ver1.0","座標系":"任意座標系","測地系判別":null,"地図名":"H20450301214026","地図番号":"区-C-15","縮尺分母":"600","市区町村コード":"01214","市区町村名":"稚内市","大字コード":"031","丁目コード":"003","小字コード":"0000","予備コード":"00","大字名":"緑","丁目名":"３丁目","小字名":null,"予備名":null,"地番":"58-1","精度区分":null,"座標値種別":"図上測量","筆界未定構成筆":null,"代表点緯度":-457.628,"代表点経度":1474.115713607}},{"type":"MultiPolygon","arcs":[[[209,-209,210,-161]]],"properties":{"筆ID":"H000000055","version":"ver1.0","座標系":"任意座標系","測地系判別":null,"地図名":"H20450301214026","地図番号":"区-C-15","縮尺分母":"600","市区町村コード":"01214","市区町村名":"稚内市","大字コード":"031","丁目コード":"003","小字コード":"0000","予備コード":"00","大字名":"緑","丁目名":"３丁目","小字名":null,"予備名":null,"地番":"58-16","精度区分":null,"座標値種別":"図上測量","筆界未定構成筆":null,"代表点緯度":-467.786,"代表点経度":1483.901771854}},{"type":"MultiPolygon","arcs":[[[211,-163,212,213]]],"properties":{"筆ID":"H000000056","version":"ver1.0","座標系":"任意座標系","測地系判別":null,"地図名":"H20450301214026","地図番号":"区-C-15","縮尺分母":"600","市区町村コード":"01214","市区町村名":"稚内市","大字コード":"031","丁目コード":"003","小字コード":"0000","予備コード":"00","大字名":"緑","丁目名":"３丁目","小字名":null,"予備名":null,"地番":"58-21","精度区分":null,"座標値種別":"図上測量","筆界未定構成筆":null,"代表点緯度":-479.1105,"代表点経度":1494.882214767}},{"type":"MultiPolygon","arcs":[[[214,215,216,217,218]]],"properties":{"筆ID":"H000000057","version":"ver1.0","座標系":"任意座標系","測地系判別":null,"地図名":"H20450301214026","地図番号":"区-C-15","縮尺分母":"600","市区町村コード":"01214","市区町村名":"稚内市","大字コード":"031","丁目コード":"003","小字コード":"0000","予備コード":"00","大字名":"緑","丁目名":"３丁目","小字名":null,"予備名":null,"地番":"58-28","精度区分":null,"座標値種別":"図上測量","筆界未定構成筆":null,"代表点緯度":-507.478,"代表点経度":1477.410836539}},{"type":"MultiPolygon","arcs":[[[219,-214,220,221]]],"properties":{"筆ID":"H000000058","version":"ver1.0","座標系":"任意座標系","測地系判別":null,"地図名":"H20450301214026","地図番号":"区-C-15","縮尺分母":"600","市区町村コード":"01214","市区町村名":"稚内市","大字コード":"031","丁目コード":"003","小字コード":"0000","予備コード":"00","大字名":"緑","丁目名":"３丁目","小字名":null,"予備名":null,"地番":"58-25","精度区分":null,"座標値種別":"図上測量","筆界未定構成筆":null,"代表点緯度":-487.644,"代表点経度":1503.089983389}},{"type":"MultiPolygon","arcs":[[[222,223,224,225,-222,226,227,228,229]]],"properties":{"筆ID":"H000000059","version":"ver1.0","座標系":"任意座標系","測地系判別":null,"地図名":"H20450301214026","地図番号":"区-C-15","縮尺分母":"600","市区町村コード":"01214","市区町村名":"稚内市","大字コード":"031","丁目コード":"003","小字コード":"0000","予備コード":"00","大字名":"緑","丁目名":"３丁目","小字名":null,"予備名":null,"地番":"58-30","精度区分":null,"座標値種別":"図上測量","筆界未定構成筆":null,"代表点緯度":-504.5535,"代表点経度":1497.36813758}},{"type":"MultiPolygon","arcs":[[[230,-219,231,-224]]],"properties":{"筆ID":"H000000060","version":"ver1.0","座標系":"任意座標系","測地系判別":null,"地図名":"H20450301214026","地図番号":"区-C-15","縮尺分母":"600","市区町村コード":"01214","市区町村名":"稚内市","大字コード":"031","丁目コード":"003","小字コード":"0000","予備コード":"00","大字名":"緑","丁目名":"３丁目","小字名":null,"予備名":null,"地番":"58-27","精度区分":null,"座標値種別":"図上測量","筆界未定構成筆":null,"代表点緯度":-507.991,"代表点経度":1482.924496819}},{"type":"MultiPolygon","arcs":[[[232,233,-159,-169]]],"properties":{"筆ID":"H000000061","version":"ver1.0","座標系":"任意座標系","測地系判別":null,"地図名":"H20450301214026","地図番号":"区-C-15","縮尺分母":"600","市区町村コード":"01214","市区町村名":"稚内市","大字コード":"031","丁目コード":"003","小字コード":"0000","予備コード":"00","大字名":"緑","丁目名":"３丁目","小字名":null,"予備名":null,"地番":"58-14","精度区分":null,"座標値種別":"図上測量","筆界未定構成筆":null,"代表点緯度":-482.6335,"代表点経度":1468.411561241}},{"type":"MultiPolygon","arcs":[[[234,-210,-160,-234]]],"properties":{"筆ID":"H000000062","version":"ver1.0","座標系":"任意座標系","測地系判別":null,"地図名":"H20450301214026","地図番号":"区-C-15","縮尺分母":"600","市区町村コード":"01214","市区町村名":"稚内市","大字コード":"031","丁目コード":"003","小字コード":"0000","予備コード":"00","大字名":"緑","丁目名":"３丁目","小字名":null,"予備名":null,"地番":"58-15","精度区分":null,"座標値種別":"図上測量","筆界未定構成筆":null,"代表点緯度":-475.1995,"代表点経度":1476.169384925}},{"type":"MultiPolygon","arcs":[[[-41,-167,235]]],"properties":{"筆ID":"H000000063","version":"ver1.0","座標系":"任意座標系","測地系判別":null,"地図名":"H20450301214026","地図番号":"区-C-15","縮尺分母":"600","市区町村コード":"01214","市区町村名":"稚内市","大字コード":"031","丁目コード":"003","小字コード":"0000","予備コード":"00","大字名":"緑","丁目名":"３丁目","小字名":null,"予備名":null,"地番":"58-26","精度区分":null,"座標値種別":"図上測量","筆界未定構成筆":null,"代表点緯度":-498.465,"代表点経度":1466.644477301}},{"type":"MultiPolygon","arcs":[[[-218,236,237,-225,-232]]],"properties":{"筆ID":"H000000064","version":"ver1.0","座標系":"任意座標系","測地系判別":null,"地図名":"H20450301214026","地図番号":"区-C-15","縮尺分母":"600","市区町村コード":"01214","市区町村名":"稚内市","大字コード":"031","丁目コード":"003","小字コード":"0000","予備コード":"00","大字名":"緑","丁目名":"３丁目","小字名":null,"予備名":null,"地番":"58-23","精度区分":null,"座標値種別":"図上測量","筆界未定構成筆":null,"代表点緯度":-502.568,"代表点経度":1487.5456427}},{"type":"MultiPolygon","arcs":[[[238,-220,-226,-238]]],"properties":{"筆ID":"H000000065","version":"ver1.0","座標系":"任意座標系","測地系判別":null,"地図名":"H20450301214026","地図番号":"区-C-15","縮尺分母":"600","市区町村コード":"01214","市区町村名":"稚内市","大字コード":"031","丁目コード":"003","小字コード":"0000","予備コード":"00","大字名":"緑","丁目名":"３丁目","小字名":null,"予備名":null,"地番":"58-24","精度区分":null,"座標値種別":"図上測量","筆界未定構成筆":null,"代表点緯度":-495.135,"代表点経度":1495.289472617}},{"type":"MultiPolygon","arcs":[[[239,240,241,242]]],"properties":{"筆ID":"H000000066","version":"ver1.0","座標系":"任意座標系","測地系判別":null,"地図名":"H20450301214026","地図番号":"区-C-15","縮尺分母":"600","市区町村コード":"01214","市区町村名":"稚内市","大字コード":"031","丁目コード":"003","小字コード":"0000","予備コード":"00","大字名":"緑","丁目名":"３丁目","小字名":null,"予備名":null,"地番":"57-24","精度区分":null,"座標値種別":"図上測量","筆界未定構成筆":null,"代表点緯度":-428.7075,"代表点経度":1519.867764772}},{"type":"MultiPolygon","arcs":[[[243,244,245,246,247,248,249,250,251,252]]],"properties":{"筆ID":"H000000067","version":"ver1.0","座標系":"任意座標系","測地系判別":null,"地図名":"H20450301214026","地図番号":"区-C-15","縮尺分母":"600","市区町村コード":"01214","市区町村名":"稚内市","大字コード":"031","丁目コード":"003","小字コード":"0000","予備コード":"00","大字名":"緑","丁目名":"３丁目","小字名":null,"予備名":null,"地番":"57-16","精度区分":null,"座標値種別":"図上測量","筆界未定構成筆":null,"代表点緯度":-451.594,"代表点経度":1516.562878894}},{"type":"MultiPolygon","arcs":[[[253,254,255,256,-247]]],"properties":{"筆ID":"H000000068","version":"ver1.0","座標系":"任意座標系","測地系判別":null,"地図名":"H20450301214026","地図番号":"区-C-15","縮尺分母":"600","市区町村コード":"01214","市区町村名":"稚内市","大字コード":"031","丁目コード":"003","小字コード":"0000","予備コード":"00","大字名":"緑","丁目名":"３丁目","小字名":null,"予備名":null,"地番":"57-26","精度区分":null,"座標値種別":"図上測量","筆界未定構成筆":null,"代表点緯度":-434.83,"代表点経度":1525.799587135}},{"type":"MultiPolygon","arcs":[[[257,-249,258,259]]],"properties":{"筆ID":"H000000069","version":"ver1.0","座標系":"任意座標系","測地系判別":null,"地図名":"H20450301214026","地図番号":"区-C-15","縮尺分母":"600","市区町村コード":"01214","市区町村名":"稚内市","大字コード":"031","丁目コード":"003","小字コード":"0000","予備コード":"00","大字名":"緑","丁目名":"３丁目","小字名":null,"予備名":null,"地番":"57-20","精度区分":null,"座標値種別":"図上測量","筆界未定構成筆":null,"代表点緯度":-443.847,"代表点経度":1534.762956818}},{"type":"MultiPolygon","arcs":[[[260,261,262,263,264,-112,-118]]],"properties":{"筆ID":"H000000070","version":"ver1.0","座標系":"任意座標系","測地系判別":null,"地図名":"H20450301214026","地図番号":"区-C-15","縮尺分母":"600","市区町村コード":"01214","市区町村名":"稚内市","大字コード":"031","丁目コード":"003","小字コード":"0000","予備コード":"00","大字名":"緑","丁目名":"３丁目","小字名":null,"予備名":null,"地番":"57-28","精度区分":null,"座標値種別":"図上測量","筆界未定構成筆":null,"代表点緯度":-457.8555,"代表点経度":1550.105925627}},{"type":"MultiPolygon","arcs":[[[-260,265,-263,266,267]]],"properties":{"筆ID":"H000000071","version":"ver1.0","座標系":"任意座標系","測地系判別":null,"地図名":"H20450301214026","地図番号":"区-C-15","縮尺分母":"600","市区町村コード":"01214","市区町村名":"稚内市","大字コード":"031","丁目コード":"003","小字コード":"0000","予備コード":"00","大字名":"緑","丁目名":"３丁目","小字名":null,"予備名":null,"地番":"57-23","精度区分":null,"座標値種別":"図上測量","筆界未定構成筆":null,"代表点緯度":-451.2495,"代表点経度":1541.911184682}},{"type":"MultiPolygon","arcs":[[[268,269,-122,-130]]],"properties":{"筆ID":"H000000072","version":"ver1.0","座標系":"任意座標系","測地系判別":null,"地図名":"H20450301214026","地図番号":"区-C-15","縮尺分母":"600","市区町村コード":"01214","市区町村名":"稚内市","大字コード":"031","丁目コード":"003","小字コード":"0000","予備コード":"00","大字名":"緑","丁目名":"３丁目","小字名":null,"予備名":null,"地番":"108-2","精度区分":null,"座標値種別":"図上測量","筆界未定構成筆":null,"代表点緯度":-491.188,"代表点経度":1518.072738422}},{"type":"MultiPolygon","arcs":[[[270,271,272,-114]]],"properties":{"筆ID":"H000000073","version":"ver1.0","座標系":"任意座標系","測地系判別":null,"地図名":"H20450301214026","地図番号":"区-C-15","縮尺分母":"600","市区町村コード":"01214","市区町村名":"稚内市","大字コード":"031","丁目コード":"003","小字コード":"0000","予備コード":"00","大字名":"緑","丁目名":"３丁目","小字名":null,"予備名":null,"地番":"57-29","精度区分":null,"座標値種別":"図上測量","筆界未定構成筆":null,"代表点緯度":-481.9245,"代表点経度":1519.208081217}},{"type":"MultiPolygon","arcs":[[[273,274,275,-116]]],"properties":{"筆ID":"H000000074","version":"ver1.0","座標系":"任意座標系","測地系判別":null,"地図名":"H20450301214026","地図番号":"区-C-15","縮尺分母":"600","市区町村コード":"01214","市区町村名":"稚内市","大字コード":"031","丁目コード":"003","小字コード":"0000","予備コード":"00","大字名":"緑","丁目名":"３丁目","小字名":null,"予備名":null,"地番":"57-33","精度区分":null,"座標値種別":"図上測量","筆界未定構成筆":null,"代表点緯度":-469.9055,"代表点経度":1530.372708733}},{"type":"MultiPolygon","arcs":[[[-276,276,277,-261,-117]]],"properties":{"筆ID":"H000000075","version":"ver1.0","座標系":"任意座標系","測地系判別":null,"地図名":"H20450301214026","地図番号":"区-C-15","縮尺分母":"600","市区町村コード":"01214","市区町村名":"稚内市","大字コード":"031","丁目コード":"003","小字コード":"0000","予備コード":"00","大字名":"緑","丁目名":"３丁目","小字名":null,"予備名":null,"地番":"57-34","精度区分":null,"座標値種別":"図上測量","筆界未定構成筆":null,"代表点緯度":-465.2205,"代表点経度":1535.350031353}},{"type":"MultiPolygon","arcs":[[[-278,278,-267,-262]]],"properties":{"筆ID":"H000000076","version":"ver1.0","座標系":"任意座標系","測地系判別":null,"地図名":"H20450301214026","地図番号":"区-C-15","縮尺分母":"600","市区町村コード":"01214","市区町村名":"稚内市","大字コード":"031","丁目コード":"003","小字コード":"0000","予備コード":"00","大字名":"緑","丁目名":"３丁目","小字名":null,"予備名":null,"地番":"57-30","精度区分":null,"座標値種別":"図上測量","筆界未定構成筆":null,"代表点緯度":-461.745,"代表点経度":1539.006488634}},{"type":"MultiPolygon","arcs":[[[-119,279,-125]]],"properties":{"筆ID":"H000000077","version":"ver1.0","座標系":"任意座標系","測地系判別":null,"地図名":"H20450301214026","地図番号":"区-C-15","縮尺分母":"600","市区町村コード":"01214","市区町村名":"稚内市","大字コード":"031","丁目コード":"003","小字コード":"0000","予備コード":"00","大字名":"緑","丁目名":"３丁目","小字名":null,"予備名":null,"地番":"57-31","精度区分":null,"座標値種別":"図上測量","筆界未定構成筆":null,"代表点緯度":-478.419,"代表点経度":1544.391416868}},{"type":"MultiPolygon","arcs":[[[280,281,282,283,-67,-99,-20,284]]],"properties":{"筆ID":"H000000078","version":"ver1.0","座標系":"任意座標系","測地系判別":null,"地図名":"H20450301214026","地図番号":"区-C-15","縮尺分母":"600","市区町村コード":"01214","市区町村名":"稚内市","大字コード":"031","丁目コード":"003","小字コード":"0000","予備コード":"00","大字名":"緑","丁目名":"３丁目","小字名":null,"予備名":null,"地番":"51-6","精度区分":null,"座標値種別":"図上測量","筆界未定構成筆":null,"代表点緯度":-429.5465,"代表点経度":1569.434977199}},{"type":"MultiPolygon","arcs":[[[285,-285,-105]]],"properties":{"筆ID":"H000000079","version":"ver1.0","座標系":"任意座標系","測地系判別":null,"地図名":"H20450301214026","地図番号":"区-C-15","縮尺分母":"600","市区町村コード":"01214","市区町村名":"稚内市","大字コード":"031","丁目コード":"003","小字コード":"0000","予備コード":"00","大字名":"緑","丁目名":"３丁目","小字名":null,"予備名":null,"地番":"51-21","精度区分":null,"座標値種別":"図上測量","筆界未定構成筆":null,"代表点緯度":-443.006,"代表点経度":1574.948848726}},{"type":"MultiPolygon","arcs":[[[286,287,-281,288]]],"properties":{"筆ID":"H000000080","version":"ver1.0","座標系":"任意座標系","測地系判別":null,"地図名":"H20450301214026","地図番号":"区-C-15","縮尺分母":"600","市区町村コード":"01214","市区町村名":"稚内市","大字コード":"031","丁目コード":"003","小字コード":"0000","予備コード":"00","大字名":"緑","丁目名":"３丁目","小字名":null,"予備名":null,"地番":"51-13","精度区分":null,"座標値種別":"図上測量","筆界未定構成筆":null,"代表点緯度":-436.846,"代表点経度":1562.383124989}},{"type":"MultiPolygon","arcs":[[[289,-289,-286,-104,-101]]],"properties":{"筆ID":"H000000081","version":"ver1.0","座標系":"任意座標系","測地系判別":null,"地図名":"H20450301214026","地図番号":"区-C-15","縮尺分母":"600","市区町村コード":"01214","市区町村名":"稚内市","大字コード":"031","丁目コード":"003","小字コード":"0000","予備コード":"00","大字名":"緑","丁目名":"３丁目","小字名":null,"予備名":null,"地番":"51-20","精度区分":null,"座標値種別":"図上測量","筆界未定構成筆":null,"代表点緯度":-447.7635,"代表点経度":1567.514725346}},{"type":"MultiPolygon","arcs":[[[-265,290,-290,-113]]],"properties":{"筆ID":"H000000082","version":"ver1.0","座標系":"任意座標系","測地系判別":null,"地図名":"H20450301214026","地図番号":"区-C-15","縮尺分母":"600","市区町村コード":"01214","市区町村名":"稚内市","大字コード":"031","丁目コード":"003","小字コード":"0000","予備コード":"00","大字名":"緑","丁目名":"３丁目","小字名":null,"予備名":null,"地番":"107-3","精度区分":null,"座標値種別":"図上測量","筆界未定構成筆":null,"代表点緯度":-453.189,"代表点経度":1557.3091509}},{"type":"MultiPolygon","arcs":[[[291,292,293,294]]],"properties":{"筆ID":"H000000083","version":"ver1.0","座標系":"任意座標系","測地系判別":null,"地図名":"H20450301214026","地図番号":"区-C-15","縮尺分母":"600","市区町村コード":"01214","市区町村名":"稚内市","大字コード":"031","丁目コード":"003","小字コード":"0000","予備コード":"00","大字名":"緑","丁目名":"３丁目","小字名":null,"予備名":null,"地番":"51-22","精度区分":null,"座標値種別":"図上測量","筆界未定構成筆":null,"代表点緯度":-408.9605,"代表点経度":1543.974183409}},{"type":"MultiPolygon","arcs":[[[295,296,297,-292,298]]],"properties":{"筆ID":"H000000084","version":"ver1.0","座標系":"任意座標系","測地系判別":null,"地図名":"H20450301214026","地図番号":"区-C-15","縮尺分母":"600","市区町村コード":"01214","市区町村名":"稚内市","大字コード":"031","丁目コード":"003","小字コード":"0000","予備コード":"00","大字名":"緑","丁目名":"３丁目","小字名":null,"予備名":null,"地番":"51-4","精度区分":null,"座標値種別":"図上測量","筆界未定構成筆":null,"代表点緯度":-415.653,"代表点経度":1536.957229257}},{"type":"MultiPolygon","arcs":[[[-297,299,300,301]]],"properties":{"筆ID":"H000000085","version":"ver1.0","座標系":"任意座標系","測地系判別":null,"地図名":"H20450301214026","地図番号":"区-C-15","縮尺分母":"600","市区町村コード":"01214","市区町村名":"稚内市","大字コード":"031","丁目コード":"003","小字コード":"0000","予備コード":"00","大字名":"緑","丁目名":"３丁目","小字名":null,"予備名":null,"地番":"51-3","精度区分":null,"座標値種別":"図上測量","筆界未定構成筆":null,"代表点緯度":-405.0585,"代表点経度":1526.016412857}},{"type":"MultiPolygon","arcs":[[[302,303,304,-52]]],"properties":{"筆ID":"H000000086","version":"ver1.0","座標系":"任意座標系","測地系判別":null,"地図名":"H20450301214026","地図番号":"区-C-15","縮尺分母":"600","市区町村コード":"01214","市区町村名":"稚内市","大字コード":"031","丁目コード":"003","小字コード":"0000","予備コード":"00","大字名":"緑","丁目名":"３丁目","小字名":null,"予備名":null,"地番":"56-3","精度区分":null,"座標値種別":"図上測量","筆界未定構成筆":null,"代表点緯度":-421.904,"代表点経度":1480.293957907}},{"type":"MultiPolygon","arcs":[[[305,-54,306,-304]]],"properties":{"筆ID":"H000000087","version":"ver1.0","座標系":"任意座標系","測地系判別":null,"地図名":"H20450301214026","地図番号":"区-C-15","縮尺分母":"600","市区町村コード":"01214","市区町村名":"稚内市","大字コード":"031","丁目コード":"003","小字コード":"0000","予備コード":"00","大字名":"緑","丁目名":"３丁目","小字名":null,"予備名":null,"地番":"56-2","精度区分":null,"座標値種別":"図上測量","筆界未定構成筆":null,"代表点緯度":-413.748,"代表点経度":1488.797906597}},{"type":"MultiPolygon","arcs":[[[307,308,309,-244]]],"properties":{"筆ID":"H000000088","version":"ver1.0","座標系":"任意座標系","測地系判別":null,"地図名":"H20450301214026","地図番号":"区-C-15","縮尺分母":"600","市区町村コード":"01214","市区町村名":"稚内市","大字コード":"031","丁目コード":"003","小字コード":"0000","予備コード":"00","大字名":"緑","丁目名":"３丁目","小字名":null,"予備名":null,"地番":"57-14","精度区分":null,"座標値種別":"図上測量","筆界未定構成筆":null,"代表点緯度":-456.886,"代表点経度":1497.463730998}},{"type":"MultiPolygon","arcs":[[[310,311,312,-245,-310]]],"properties":{"筆ID":"H000000089","version":"ver1.0","座標系":"任意座標系","測地系判別":null,"地図名":"H20450301214026","地図番号":"区-C-15","縮尺分母":"600","市区町村コード":"01214","市区町村名":"稚内市","大字コード":"031","丁目コード":"003","小字コード":"0000","予備コード":"00","大字名":"緑","丁目名":"３丁目","小字名":null,"予備名":null,"地番":"57-15","精度区分":null,"座標値種別":"図上測量","筆界未定構成筆":null,"代表点緯度":-448.7295,"代表点経度":1506.008636353}},{"type":"MultiPolygon","arcs":[[[313,-254,-246,-313]]],"properties":{"筆ID":"H000000090","version":"ver1.0","座標系":"任意座標系","測地系判別":null,"地図名":"H20450301214026","地図番号":"区-C-15","縮尺分母":"600","市区町村コード":"01214","市区町村名":"稚内市","大字コード":"031","丁目コード":"003","小字コード":"0000","予備コード":"00","大字名":"緑","丁目名":"３丁目","小字名":null,"予備名":null,"地番":"57-13","精度区分":null,"座標値種別":"図上測量","筆界未定構成筆":null,"代表点緯度":-443.61,"代表点経度":1516.619347577}},{"type":"MultiPolygon","arcs":[[[-314,-312,314,-240,315,-255]]],"properties":{"筆ID":"H000000091","version":"ver1.0","座標系":"任意座標系","測地系判別":null,"地図名":"H20450301214026","地図番号":"区-C-15","縮尺分母":"600","市区町村コード":"01214","市区町村名":"稚内市","大字コード":"031","丁目コード":"003","小字コード":"0000","予備コード":"00","大字名":"緑","丁目名":"３丁目","小字名":null,"予備名":null,"地番":"57-6","精度区分":null,"座標値種別":"図上測量","筆界未定構成筆":null,"代表点緯度":-438.262,"代表点経度":1511.497646314}},{"type":"MultiPolygon","arcs":[[[-243,316,-256,-316]]],"properties":{"筆ID":"H000000092","version":"ver1.0","座標系":"任意座標系","測地系判別":null,"地図名":"H20450301214026","地図番号":"区-C-15","縮尺分母":"600","市区町村コード":"01214","市区町村名":"稚内市","大字コード":"031","丁目コード":"003","小字コード":"0000","予備コード":"00","大字名":"緑","丁目名":"３丁目","小字名":null,"予備名":null,"地番":"57-25","精度区分":null,"座標値種別":"図上測量","筆界未定構成筆":null,"代表点緯度":-431.2865,"代表点経度":1522.385675587}},{"type":"MultiPolygon","arcs":[[[317,-252,318,319,-272]]],"properties":{"筆ID":"H000000093","version":"ver1.0","座標系":"任意座標系","測地系判別":null,"地図名":"H20450301214026","地図番号":"区-C-15","縮尺分母":"600","市区町村コード":"01214","市区町村名":"稚内市","大字コード":"031","丁目コード":"003","小字コード":"0000","予備コード":"00","大字名":"緑","丁目名":"３丁目","小字名":null,"予備名":null,"地番":"57-17","精度区分":null,"座標値種別":"図上測量","筆界未定構成筆":null,"代表点緯度":-472.669,"代表点経度":1512.383901919}},{"type":"MultiPolygon","arcs":[[[320,321,-274,-115,-273,-320]]],"properties":{"筆ID":"H000000094","version":"ver1.0","座標系":"任意座標系","測地系判別":null,"地図名":"H20450301214026","地図番号":"区-C-15","縮尺分母":"600","市区町村コード":"01214","市区町村名":"稚内市","大字コード":"031","丁目コード":"003","小字コード":"0000","予備コード":"00","大字名":"緑","丁目名":"３丁目","小字名":null,"予備名":null,"地番":"57-21","精度区分":null,"座標値種別":"図上測量","筆界未定構成筆":null,"代表点緯度":-468.261,"代表点経度":1524.337555985}},{"type":"MultiPolygon","arcs":[[[322,-268,-279,-277,-275,-322]]],"properties":{"筆ID":"H000000095","version":"ver1.0","座標系":"任意座標系","測地系判別":null,"地図名":"H20450301214026","地図番号":"区-C-15","縮尺分母":"600","市区町村コード":"01214","市区町村名":"稚内市","大字コード":"031","丁目コード":"003","小字コード":"0000","予備コード":"00","大字名":"緑","丁目名":"３丁目","小字名":null,"予備名":null,"地番":"57-22","精度区分":null,"座標値種別":"図上測量","筆界未定構成筆":null,"代表点緯度":-459.7665,"代表点経度":1533.112810617}},{"type":"MultiPolygon","arcs":[[[-61,323,-65,-72,324,325,-301,326]]],"properties":{"筆ID":"H000000096","version":"ver1.0","座標系":"任意座標系","測地系判別":null,"地図名":"H20450301214026","地図番号":"区-C-15","縮尺分母":"600","市区町村コード":"01214","市区町村名":"稚内市","大字コード":"031","丁目コード":"003","小字コード":"0000","予備コード":"00","大字名":"緑","丁目名":"３丁目","小字名":null,"予備名":null,"地番":"道-6","精度区分":null,"座標値種別":"図上測量","筆界未定構成筆":null,"代表点緯度":-388.13,"代表点経度":1527.743452835}},{"type":"MultiPolygon","arcs":[[[327,-325,-71,328]]],"properties":{"筆ID":"H000000097","version":"ver1.0","座標系":"任意座標系","測地系判別":null,"地図名":"H20450301214026","地図番号":"区-C-15","縮尺分母":"600","市区町村コード":"01214","市区町村名":"稚内市","大字コード":"031","丁目コード":"003","小字コード":"0000","予備コード":"00","大字名":"緑","丁目名":"３丁目","小字名":null,"予備名":null,"地番":"51-1","精度区分":null,"座標値種別":"図上測量","筆界未定構成筆":null,"代表点緯度":-387.6505,"代表点経度":1544.403051456}},{"type":"MultiPolygon","arcs":[[[-294,329,-329,-70,330,331]]],"properties":{"筆ID":"H000000098","version":"ver1.0","座標系":"任意座標系","測地系判別":null,"地図名":"H20450301214026","地図番号":"区-C-15","縮尺分母":"600","市区町村コード":"01214","市区町村名":"稚内市","大字コード":"031","丁目コード":"003","小字コード":"0000","予備コード":"00","大字名":"緑","丁目名":"３丁目","小字名":null,"予備名":null,"地番":"51-5","精度区分":null,"座標値種別":"図上測量","筆界未定構成筆":null,"代表点緯度":-400.7085,"代表点経度":1552.618744885}},{"type":"MultiPolygon","arcs":[[[332,-331,-69,333]]],"properties":{"筆ID":"H000000099","version":"ver1.0","座標系":"任意座標系","測地系判別":null,"地図名":"H20450301214026","地図番号":"区-C-15","縮尺分母":"600","市区町村コード":"01214","市区町村名":"稚内市","大字コード":"031","丁目コード":"003","小字コード":"0000","予備コード":"00","大字名":"緑","丁目名":"３丁目","小字名":null,"予備名":null,"地番":"51-15","精度区分":null,"座標値種別":"図上測量","筆界未定構成筆":null,"代表点緯度":-403.4115,"代表点経度":1560.82517908}},{"type":"MultiPolygon","arcs":[[[334,335,336,-282,-288]]],"properties":{"筆ID":"H000000100","version":"ver1.0","座標系":"任意座標系","測地系判別":null,"地図名":"H20450301214026","地図番号":"区-C-15","縮尺分母":"600","市区町村コード":"01214","市区町村名":"稚内市","大字コード":"031","丁目コード":"003","小字コード":"0000","予備コード":"00","大字名":"緑","丁目名":"３丁目","小字名":null,"予備名":null,"地番":"51-18","精度区分":null,"座標値種別":"図上測量","筆界未定構成筆":null,"代表点緯度":-433.1665,"代表点経度":1553.718716935}},{"type":"MultiPolygon","arcs":[[[337,-299,338,-336]]],"properties":{"筆ID":"H000000101","version":"ver1.0","座標系":"任意座標系","測地系判別":null,"地図名":"H20450301214026","地図番号":"区-C-15","縮尺分母":"600","市区町村コード":"01214","市区町村名":"稚内市","大字コード":"031","丁目コード":"003","小字コード":"0000","予備コード":"00","大字名":"緑","丁目名":"３丁目","小字名":null,"予備名":null,"地番":"51-12","精度区分":null,"座標値種別":"図上測量","筆界未定構成筆":null,"代表点緯度":-424.807,"代表点経度":1545.752552127}},{"type":"MultiPolygon","arcs":[[[-337,-339,-295,-332,-333,339,-283]]],"properties":{"筆ID":"H000000102","version":"ver1.0","座標系":"任意座標系","測地系判別":null,"地図名":"H20450301214026","地図番号":"区-C-15","縮尺分母":"600","市区町村コード":"01214","市区町村名":"稚内市","大字コード":"031","丁目コード":"003","小字コード":"0000","予備コード":"00","大字名":"緑","丁目名":"３丁目","小字名":null,"予備名":null,"地番":"51-14","精度区分":null,"座標値種別":"図上測量","筆界未定構成筆":null,"代表点緯度":-416.8255,"代表点経度":1557.165019407}},{"type":"MultiPolygon","arcs":[[[-340,-334,-68,-284]]],"properties":{"筆ID":"H000000103","version":"ver1.0","座標系":"任意座標系","測地系判別":null,"地図名":"H20450301214026","地図番号":"区-C-15","縮尺分母":"600","市区町村コード":"01214","市区町村名":"稚内市","大字コード":"031","丁目コード":"003","小字コード":"0000","予備コード":"00","大字名":"緑","丁目名":"３丁目","小字名":null,"予備名":null,"地番":"51-16","精度区分":null,"座標値種別":"図上測量","筆界未定構成筆":null,"代表点緯度":-411.557,"代表点経度":1568.659002492}},{"type":"MultiPolygon","arcs":[[[-302,-326,-328,-330,-293,-298]]],"properties":{"筆ID":"H000000104","version":"ver1.0","座標系":"任意座標系","測地系判別":null,"地図名":"H20450301214026","地図番号":"区-C-15","縮尺分母":"600","市区町村コード":"01214","市区町村名":"稚内市","大字コード":"031","丁目コード":"003","小字コード":"0000","予備コード":"00","大字名":"緑","丁目名":"３丁目","小字名":null,"予備名":null,"地番":"51-2","精度区分":null,"座標値種別":"図上測量","筆界未定構成筆":null,"代表点緯度":-396.7485,"代表点経度":1535.495762027}},{"type":"MultiPolygon","arcs":[[[-60,340,-62,-324]]],"properties":{"筆ID":"H000000105","version":"ver1.0","座標系":"任意座標系","測地系判別":null,"地図名":"H20450301214026","地図番号":"区-C-15","縮尺分母":"600","市区町村コード":"01214","市区町村名":"稚内市","大字コード":"031","丁目コード":"003","小字コード":"0000","予備コード":"00","大字名":"緑","丁目名":"３丁目","小字名":null,"予備名":null,"地番":"52-2","精度区分":null,"座標値種別":"図上測量","筆界未定構成筆":null,"代表点緯度":-380.8275,"代表点経度":1520.725447432}},{"type":"MultiPolygon","arcs":[[[-75,-85,-88,-91,341,342,343,344]]],"properties":{"筆ID":"H000000106","version":"ver1.0","座標系":"任意座標系","測地系判別":null,"地図名":"H20450301214026","地図番号":"区-C-15","縮尺分母":"600","市区町村コード":"01214","市区町村名":"稚内市","大字コード":"031","丁目コード":"003","小字コード":"0000","予備コード":"00","大字名":"緑","丁目名":"３丁目","小字名":null,"予備名":null,"地番":"道-7","精度区分":null,"座標値種別":"図上測量","筆界未定構成筆":null,"代表点緯度":-355.43,"代表点経度":1557.359743969}},{"type":"MultiPolygon","arcs":[[[-76,-345,345,346]]],"properties":{"筆ID":"H000000107","version":"ver1.0","座標系":"任意座標系","測地系判別":null,"地図名":"H20450301214026","地図番号":"区-C-15","縮尺分母":"600","市区町村コード":"01214","市区町村名":"稚内市","大字コード":"031","丁目コード":"003","小字コード":"0000","予備コード":"00","大字名":"緑","丁目名":"３丁目","小字名":null,"予備名":null,"地番":"50-3","精度区分":null,"座標値種別":"図上測量","筆界未定構成筆":null,"代表点緯度":-371.948,"代表点経度":1555.667462855}},{"type":"MultiPolygon","arcs":[[[347,-343,348,349]]],"properties":{"筆ID":"H000000108","version":"ver1.0","座標系":"任意座標系","測地系判別":null,"地図名":"H20450301214026","地図番号":"区-C-15","縮尺分母":"600","市区町村コード":"01214","市区町村名":"稚内市","大字コード":"031","丁目コード":"003","小字コード":"0000","予備コード":"00","大字名":"緑","丁目名":"３丁目","小字名":null,"予備名":null,"地番":"50-1","精度区分":null,"座標値種別":"図上測量","筆界未定構成筆":null,"代表点緯度":-355.2435,"代表点経度":1573.740663849}},{"type":"MultiPolygon","arcs":[[[350,351,-350,352,353]]],"properties":{"筆ID":"H000000109","version":"ver1.0","座標系":"任意座標系","測地系判別":null,"地図名":"H20450301214026","地図番号":"区-C-15","縮尺分母":"600","市区町村コード":"01214","市区町村名":"稚内市","大字コード":"031","丁目コード":"003","小字コード":"0000","予備コード":"00","大字名":"緑","丁目名":"３丁目","小字名":null,"予備名":null,"地番":"50-5","精度区分":null,"座標値種別":"図上測量","筆界未定構成筆":null,"代表点緯度":-368.473,"代表点経度":1581.989241345}},{"type":"MultiPolygon","arcs":[[[354,-354,355,356,357]]],"properties":{"筆ID":"H000000110","version":"ver1.0","座標系":"任意座標系","測地系判別":null,"地図名":"H20450301214026","地図番号":"区-C-15","縮尺分母":"600","市区町村コード":"01214","市区町村名":"稚内市","大字コード":"031","丁目コード":"003","小字コード":"0000","予備コード":"00","大字名":"緑","丁目名":"３丁目","小字名":null,"予備名":null,"地番":"50-6","精度区分":null,"座標値種別":"図上測量","筆界未定構成筆":null,"代表点緯度":-378.5435,"代表点経度":1591.739709519}},{"type":"MultiPolygon","arcs":[[[358,-357,359,-94]]],"properties":{"筆ID":"H000000111","version":"ver1.0","座標系":"任意座標系","測地系判別":null,"地図名":"H20450301214026","地図番号":"区-C-15","縮尺分母":"600","市区町村コード":"01214","市区町村名":"稚内市","大字コード":"031","丁目コード":"003","小字コード":"0000","予備コード":"00","大字名":"緑","丁目名":"３丁目","小字名":null,"予備名":null,"地番":"50-9","精度区分":null,"座標値種別":"図上測量","筆界未定構成筆":null,"代表点緯度":-388.092,"代表点経度":1601.60570903}},{"type":"MultiPolygon","arcs":[[[-98,-96,-16]]],"properties":{"筆ID":"H000000112","version":"ver1.0","座標系":"任意座標系","測地系判別":null,"地図名":"H20450301214026","地図番号":"区-C-15","縮尺分母":"600","市区町村コード":"01214","市区町村名":"稚内市","大字コード":"031","丁目コード":"003","小字コード":"0000","予備コード":"00","大字名":"緑","丁目名":"３丁目","小字名":null,"予備名":null,"地番":"50-15","精度区分":null,"座標値種別":"図上測量","筆界未定構成筆":null,"代表点緯度":-404.6545,"代表点経度":1601.68903455}},{"type":"MultiPolygon","arcs":[[[-77,-347,360,-351,361]]],"properties":{"筆ID":"H000000113","version":"ver1.0","座標系":"任意座標系","測地系判別":null,"地図名":"H20450301214026","地図番号":"区-C-15","縮尺分母":"600","市区町村コード":"01214","市区町村名":"稚内市","大字コード":"031","丁目コード":"003","小字コード":"0000","予備コード":"00","大字名":"緑","丁目名":"３丁目","小字名":null,"予備名":null,"地番":"50-4","精度区分":null,"座標値種別":"図上測量","筆界未定構成筆":null,"代表点緯度":-381.369,"代表点経度":1568.487927757}},{"type":"MultiPolygon","arcs":[[[-346,-344,-348,-352,-361]]],"properties":{"筆ID":"H000000114","version":"ver1.0","座標系":"任意座標系","測地系判別":null,"地図名":"H20450301214026","地図番号":"区-C-15","縮尺分母":"600","市区町村コード":"01214","市区町村名":"稚内市","大字コード":"031","丁目コード":"003","小字コード":"0000","予備コード":"00","大字名":"緑","丁目名":"３丁目","小字名":null,"予備名":null,"地番":"50-2","精度区分":null,"座標値種別":"図上測量","筆界未定構成筆":null,"代表点緯度":-364.182,"代表点経度":1565.071694011}},{"type":"MultiPolygon","arcs":[[[-80,362,363,364]]],"properties":{"筆ID":"H000000115","version":"ver1.0","座標系":"任意座標系","測地系判別":null,"地図名":"H20450301214026","地図番号":"区-C-15","縮尺分母":"600","市区町村コード":"01214","市区町村名":"稚内市","大字コード":"031","丁目コード":"003","小字コード":"0000","予備コード":"00","大字名":"緑","丁目名":"３丁目","小字名":null,"予備名":null,"地番":"50-14","精度区分":null,"座標値種別":"図上測量","筆界未定構成筆":null,"代表点緯度":-398.552,"代表点経度":1585.133734055}},{"type":"MultiPolygon","arcs":[[[-79,365,366,-363]]],"properties":{"筆ID":"H000000116","version":"ver1.0","座標系":"任意座標系","測地系判別":null,"地図名":"H20450301214026","地図番号":"区-C-15","縮尺分母":"600","市区町村コード":"01214","市区町村名":"稚内市","大字コード":"031","丁目コード":"003","小字コード":"0000","予備コード":"00","大字名":"緑","丁目名":"３丁目","小字名":null,"予備名":null,"地番":"50-8","精度区分":null,"座標値種別":"図上測量","筆界未定構成筆":null,"代表点緯度":-397.3195,"代表点経度":1583.988234462}},{"type":"MultiPolygon","arcs":[[[-81,-365,367,-97]]],"properties":{"筆ID":"H000000117","version":"ver1.0","座標系":"任意座標系","測地系判別":null,"地図名":"H20450301214026","地図番号":"区-C-15","縮尺分母":"600","市区町村コード":"01214","市区町村名":"稚内市","大字コード":"031","丁目コード":"003","小字コード":"0000","予備コード":"00","大字名":"緑","丁目名":"３丁目","小字名":null,"予備名":null,"地番":"50-12","精度区分":null,"座標値種別":"図上測量","筆界未定構成筆":null,"代表点緯度":-402.4625,"代表点経度":1588.917836538}},{"type":"MultiPolygon","arcs":[[[-368,-364,-367,-358,-359,-93]]],"properties":{"筆ID":"H000000118","version":"ver1.0","座標系":"任意座標系","測地系判別":null,"地図名":"H20450301214026","地図番号":"区-C-15","縮尺分母":"600","市区町村コード":"01214","市区町村名":"稚内市","大字コード":"031","丁目コード":"003","小字コード":"0000","予備コード":"00","大字名":"緑","丁目名":"３丁目","小字名":null,"予備名":null,"地番":"50-13","精度区分":null,"座標値種別":"図上測量","筆界未定構成筆":null,"代表点緯度":-395.7445,"代表点経度":1595.95159706}},{"type":"MultiPolygon","arcs":[[[-140,-182,-150]]],"properties":{"筆ID":"H000000119","version":"ver1.0","座標系":"任意座標系","測地系判別":null,"地図名":"H20450301214026","地図番号":"区-C-15","縮尺分母":"600","市区町村コード":"01214","市区町村名":"稚内市","大字コード":"031","丁目コード":"003","小字コード":"0000","予備コード":"00","大字名":"緑","丁目名":"３丁目","小字名":null,"予備名":null,"地番":"63-14","精度区分":null,"座標値種別":"図上測量","筆界未定構成筆":null,"代表点緯度":-534.569,"代表点経度":1408.20346178}},{"type":"MultiPolygon","arcs":[[[-78,-362,-355,-366]]],"properties":{"筆ID":"H000000120","version":"ver1.0","座標系":"任意座標系","測地系判別":null,"地図名":"H20450301214026","地図番号":"区-C-15","縮尺分母":"600","市区町村コード":"01214","市区町村名":"稚内市","大字コード":"031","丁目コード":"003","小字コード":"0000","予備コード":"00","大字名":"緑","丁目名":"３丁目","小字名":null,"予備名":null,"地番":"50-7","精度区分":null,"座標値種別":"図上測量","筆界未定構成筆":null,"代表点緯度":-391.404,"代表点経度":1578.210971049}},{"type":"MultiPolygon","arcs":[[[-250,-258,-323,368]]],"properties":{"筆ID":"H000000121","version":"ver1.0","座標系":"任意座標系","測地系判別":null,"地図名":"H20450301214026","地図番号":"区-C-15","縮尺分母":"600","市区町村コード":"01214","市区町村名":"稚内市","大字コード":"031","丁目コード":"003","小字コード":"0000","予備コード":"00","大字名":"緑","丁目名":"３丁目","小字名":null,"予備名":null,"地番":"57-19","精度区分":null,"座標値種別":"図上測量","筆界未定構成筆":null,"代表点緯度":-452.363,"代表点経度":1525.995968976}},{"type":"MultiPolygon","arcs":[[[-319,-251,-369,-321]]],"properties":{"筆ID":"H000000122","version":"ver1.0","座標系":"任意座標系","測地系判別":null,"地図名":"H20450301214026","地図番号":"区-C-15","縮尺分母":"600","市区町村コード":"01214","市区町村名":"稚内市","大字コード":"031","丁目コード":"003","小字コード":"0000","予備コード":"00","大字名":"緑","丁目名":"３丁目","小字名":null,"予備名":null,"地番":"57-18","精度区分":null,"座標値種別":"図上測量","筆界未定構成筆":null,"代表点緯度":-460.8585,"代表点経度":1517.250920274}},{"type":"MultiPolygon","arcs":[[[-164,-212,-239,369]]],"properties":{"筆ID":"H000000123","version":"ver1.0","座標系":"任意座標系","測地系判別":null,"地図名":"H20450301214026","地図番号":"区-C-15","縮尺分母":"600","市区町村コード":"01214","市区町村名":"稚内市","大字コード":"031","丁目コード":"003","小字コード":"0000","予備コード":"00","大字名":"緑","丁目名":"３丁目","小字名":null,"予備名":null,"地番":"58-20","精度区分":null,"座標値種別":"図上測量","筆界未定構成筆":null,"代表点緯度":-486.5815,"代表点経度":1487.096308553}},{"type":"MultiPolygon","arcs":[[[-165,-370,-237,370]]],"properties":{"筆ID":"H000000124","version":"ver1.0","座標系":"任意座標系","測地系判別":null,"地図名":"H20450301214026","地図番号":"区-C-15","縮尺分母":"600","市区町村コード":"01214","市区町村名":"稚内市","大字コード":"031","丁目コード":"003","小字コード":"0000","予備コード":"00","大字名":"緑","丁目名":"３丁目","小字名":null,"予備名":null,"地番":"58-19","精度区分":null,"座標値種別":"図上測量","筆界未定構成筆":null,"代表点緯度":-494.019,"代表点経度":1479.338515172}},{"type":"MultiPolygon","arcs":[[[-174,-207,-235,371]]],"properties":{"筆ID":"H000000125","version":"ver1.0","座標系":"任意座標系","測地系判別":null,"地図名":"H20450301214026","地図番号":"区-C-15","縮尺分母":"600","市区町村コード":"01214","市区町村名":"稚内市","大字コード":"031","丁目コード":"003","小字コード":"0000","予備コード":"00","大字名":"緑","丁目名":"３丁目","小字名":null,"予備名":null,"地番":"58-2","精度区分":null,"座標値種別":"図上測量","筆界未定構成筆":null,"代表点緯度":-465.0125,"代表点経度":1466.406520484}},{"type":"MultiPolygon","arcs":[[[-175,-372,-233,-206]]],"properties":{"筆ID":"H000000126","version":"ver1.0","座標系":"任意座標系","測地系判別":null,"地図名":"H20450301214026","地図番号":"区-C-15","縮尺分母":"600","市区町村コード":"01214","市区町村名":"稚内市","大字コード":"031","丁目コード":"003","小字コード":"0000","予備コード":"00","大字名":"緑","丁目名":"３丁目","小字名":null,"予備名":null,"地番":"58-3","精度区分":null,"座標値種別":"図上測量","筆界未定構成筆":null,"代表点緯度":-472.4325,"代表点経度":1458.648947341}},{"type":"MultiPolygon","arcs":[[[372,373,374,375,376,377,378,379,380]]],"properties":{"筆ID":"H000000127","version":"ver1.0","座標系":"任意座標系","測地系判別":null,"地図名":"H20450301214026","地図番号":"区-C-7","縮尺分母":"600","市区町村コード":"01214","市区町村名":"稚内市","大字コード":"031","丁目コード":"002","小字コード":"0000","予備コード":"00","大字名":"緑","丁目名":"２丁目","小字名":null,"予備名":null,"地番":"道-8","精度区分":null,"座標値種別":"図上測量","筆界未定構成筆":null,"代表点緯度":-171.8025,"代表点経度":1438.545253207}},{"type":"MultiPolygon","arcs":[[[381,382,383,384,385,386,387,388,389,390,391,392,393,394,395,396,397,398,399,-373,400,401,402,403,404,405,406,407,408,409,410,411,412,413,414,415,416,417,418,419,420,421,422,423,424,425,426,-89,-86,-83,-73,-63,-341,-59,427,-55,-306,-303,-51,428,-47,-205,-203,-43,-35,-26,-179,-177,-21,429,430]]],"properties":{"筆ID":"H000000128","version":"ver1.0","座標系":"任意座標系","測地系判別":null,"地図名":"H20450301214026","地図番号":"区-C-14","縮尺分母":"600","市区町村コード":"01214","市区町村名":"稚内市","大字コード":"031","丁目コード":"003","小字コード":"0000","予備コード":"00","大字名":"緑","丁目名":"３丁目","小字名":null,"予備名":null,"地番":"道-9","精度区分":null,"座標値種別":"図上測量","筆界未定構成筆":null,"代表点緯度":-346.524,"代表点経度":1530.940595361}},{"type":"MultiPolygon","arcs":[[[431,432,433,434,435,436,437,438,439,440,441,442,443,-381,444,445,446,447,448,449,450,451,452,453,454,455,456,457,458,459,460]]],"properties":{"筆ID":"H000000129","version":"ver1.0","座標系":"任意座標系","測地系判別":null,"地図名":"H20450301214026","地図番号":"区-C-7","縮尺分母":"600","市区町村コード":"01214","市区町村名":"稚内市","大字コード":"031","丁目コード":"002","小字コード":"0000","予備コード":"00","大字名":"緑","丁目名":"２丁目","小字名":null,"予備名":null,"地番":"99","精度区分":null,"座標値種別":"図上測量","筆界未定構成筆":null,"代表点緯度":-254.854,"代表点経度":1488.859179785}},{"type":"MultiPolygon","arcs":[[[-399,461,462,463,464,465,466,467,468,469,470,471,472,473,-382,474]]],"properties":{"筆ID":"H000000130","version":"ver1.0","座標系":"任意座標系","測地系判別":null,"地図名":"H20450301214026","地図番号":"区-C-14","縮尺分母":"600","市区町村コード":"01214","市区町村名":"稚内市","大字コード":"031","丁目コード":"003","小字コード":"0000","予備コード":"00","大字名":"緑","丁目名":"３丁目","小字名":null,"予備名":null,"地番":"113-1","精度区分":null,"座標値種別":"図上測量","筆界未定構成筆":null,"代表点緯度":-411.3575,"代表点経度":1336.311613811}},{"type":"MultiPolygon","arcs":[[[475,476,-433,477]]],"properties":{"筆ID":"H000000131","version":"ver1.0","座標系":"任意座標系","測地系判別":null,"地図名":"H20450301214026","地図番号":"区-C-14","縮尺分母":"600","市区町村コード":"01214","市区町村名":"稚内市","大字コード":"031","丁目コード":"003","小字コード":"0000","予備コード":"00","大字名":"緑","丁目名":"３丁目","小字名":null,"予備名":null,"地番":"48-4","精度区分":null,"座標値種別":"図上測量","筆界未定構成筆":null,"代表点緯度":-303.6365,"代表点経度":1526.282275701}},{"type":"MultiPolygon","arcs":[[[478,479,-434,-477,480,481,482]]],"properties":{"筆ID":"H000000132","version":"ver1.0","座標系":"任意座標系","測地系判別":null,"地図名":"H20450301214026","地図番号":"区-C-14","縮尺分母":"600","市区町村コード":"01214","市区町村名":"稚内市","大字コード":"031","丁目コード":"003","小字コード":"0000","予備コード":"00","大字名":"緑","丁目名":"３丁目","小字名":null,"予備名":null,"地番":"103","精度区分":null,"座標値種別":"図上測量","筆界未定構成筆":null,"代表点緯度":-304.021,"代表点経度":1509.352474476}},{"type":"MultiPolygon","arcs":[[[483,-435,-480,484]]],"properties":{"筆ID":"H000000133","version":"ver1.0","座標系":"任意座標系","測地系判別":null,"地図名":"H20450301214026","地図番号":"区-C-14","縮尺分母":"600","市区町村コード":"01214","市区町村名":"稚内市","大字コード":"031","丁目コード":"003","小字コード":"0000","予備コード":"00","大字名":"緑","丁目名":"３丁目","小字名":null,"予備名":null,"地番":"47","精度区分":null,"座標値種別":"図上測量","筆界未定構成筆":null,"代表点緯度":-289.0295,"代表点経度":1492.290052105}},{"type":"MultiPolygon","arcs":[[[485,486,487,488,-436,-484]]],"properties":{"筆ID":"H000000134","version":"ver1.0","座標系":"任意座標系","測地系判別":null,"地図名":"H20450301214026","地図番号":"区-C-14","縮尺分母":"600","市区町村コード":"01214","市区町村名":"稚内市","大字コード":"031","丁目コード":"003","小字コード":"0000","予備コード":"00","大字名":"緑","丁目名":"３丁目","小字名":null,"予備名":null,"地番":"102","精度区分":null,"座標値種別":"図上測量","筆界未定構成筆":null,"代表点緯度":-273.9335,"代表点経度":1475.403175259}},{"type":"MultiPolygon","arcs":[[[489,-437,-489,490]]],"properties":{"筆ID":"H000000135","version":"ver1.0","座標系":"任意座標系","測地系判別":null,"地図名":"H20450301214026","地図番号":"区-C-14","縮尺分母":"600","市区町村コード":"01214","市区町村名":"稚内市","大字コード":"031","丁目コード":"003","小字コード":"0000","予備コード":"00","大字名":"緑","丁目名":"３丁目","小字名":null,"予備名":null,"地番":"46-1","精度区分":null,"座標値種別":"図上測量","筆界未定構成筆":null,"代表点緯度":-261.713,"代表点経度":1477.459724303}},{"type":"MultiPolygon","arcs":[[[491,-401,-444,492]]],"properties":{"筆ID":"H000000136","version":"ver1.0","座標系":"任意座標系","測地系判別":null,"地図名":"H20450301214026","地図番号":"区-C-14","縮尺分母":"600","市区町村コード":"01214","市区町村名":"稚内市","大字コード":"031","丁目コード":"003","小字コード":"0000","予備コード":"00","大字名":"緑","丁目名":"３丁目","小字名":null,"予備名":null,"地番":"46-15","精度区分":null,"座標値種別":"図上測量","筆界未定構成筆":null,"代表点緯度":-210.601,"代表点経度":1429.913628193}},{"type":"MultiPolygon","arcs":[[[493,-404,494,495]]],"properties":{"筆ID":"H000000137","version":"ver1.0","座標系":"任意座標系","測地系判別":null,"地図名":"H20450301214026","地図番号":"区-C-14","縮尺分母":"600","市区町村コード":"01214","市区町村名":"稚内市","大字コード":"031","丁目コード":"003","小字コード":"0000","予備コード":"00","大字名":"緑","丁目名":"３丁目","小字名":null,"予備名":null,"地番":"46-8","精度区分":null,"座標値種別":"図上測量","筆界未定構成筆":null,"代表点緯度":-234.3805,"代表点経度":1416.314126473}},{"type":"MultiPolygon","arcs":[[[496,497,498,499,500,501,502,503,504,505,506,507,508,509,510,-405,-494,511,512,513,514,-486,-485,-479,515,516,517,-423]]],"properties":{"筆ID":"H000000138","version":"ver1.0","座標系":"任意座標系","測地系判別":null,"地図名":"H20450301214026","地図番号":"区-C-14","縮尺分母":"600","市区町村コード":"01214","市区町村名":"稚内市","大字コード":"031","丁目コード":"003","小字コード":"0000","予備コード":"00","大字名":"緑","丁目名":"３丁目","小字名":null,"予備名":null,"地番":"104","精度区分":null,"座標値種別":"図上測量","筆界未定構成筆":null,"代表点緯度":-290.136,"代表点経度":1463.382704021}},{"type":"MultiPolygon","arcs":[[[518,-406,-511,519]]],"properties":{"筆ID":"H000000139","version":"ver1.0","座標系":"任意座標系","測地系判別":null,"地図名":"H20450301214026","地図番号":"区-C-14","縮尺分母":"600","市区町村コード":"01214","市区町村名":"稚内市","大字コード":"031","丁目コード":"003","小字コード":"0000","予備コード":"00","大字名":"緑","丁目名":"３丁目","小字名":null,"予備名":null,"地番":"54-23","精度区分":null,"座標値種別":"図上測量","筆界未定構成筆":null,"代表点緯度":-251.986,"代表点経度":1406.323977201}},{"type":"MultiPolygon","arcs":[[[520,-407,-519,521]]],"properties":{"筆ID":"H000000140","version":"ver1.0","座標系":"任意座標系","測地系判別":null,"地図名":"H20450301214026","地図番号":"区-C-14","縮尺分母":"600","市区町村コード":"01214","市区町村名":"稚内市","大字コード":"031","丁目コード":"003","小字コード":"0000","予備コード":"00","大字名":"緑","丁目名":"３丁目","小字名":null,"予備名":null,"地番":"54-22","精度区分":null,"座標値種別":"図上測量","筆界未定構成筆":null,"代表点緯度":-273.557,"代表点経度":1399.56144605}},{"type":"MultiPolygon","arcs":[[[522,523,524,-413]]],"properties":{"筆ID":"H000000141","version":"ver1.0","座標系":"任意座標系","測地系判別":null,"地図名":"H20450301214026","地図番号":"区-C-14","縮尺分母":"600","市区町村コード":"01214","市区町村名":"稚内市","大字コード":"031","丁目コード":"003","小字コード":"0000","予備コード":"00","大字名":"緑","丁目名":"３丁目","小字名":null,"予備名":null,"地番":"54-17","精度区分":null,"座標値種別":"図上測量","筆界未定構成筆":null,"代表点緯度":-322.1745,"代表点経度":1441.778922577}},{"type":"MultiPolygon","arcs":[[[-525,525,526,527,-502,528,529,530,531,-414]]],"properties":{"筆ID":"H000000142","version":"ver1.0","座標系":"任意座標系","測地系判別":null,"地図名":"H20450301214026","地図番号":"区-C-14","縮尺分母":"600","市区町村コード":"01214","市区町村名":"稚内市","大字コード":"031","丁目コード":"003","小字コード":"0000","予備コード":"00","大字名":"緑","丁目名":"３丁目","小字名":null,"予備名":null,"地番":"106","精度区分":null,"座標値種別":"図上測量","筆界未定構成筆":null,"代表点緯度":-320.087,"代表点経度":1460.962377048}},{"type":"MultiPolygon","arcs":[[[-415,-532,532,533]]],"properties":{"筆ID":"H000000143","version":"ver1.0","座標系":"任意座標系","測地系判別":null,"地図名":"H20450301214026","地図番号":"区-C-14","縮尺分母":"600","市区町村コード":"01214","市区町村名":"稚内市","大字コード":"031","丁目コード":"003","小字コード":"0000","予備コード":"00","大字名":"緑","丁目名":"３丁目","小字名":null,"予備名":null,"地番":"53-19","精度区分":null,"座標値種別":"図上測量","筆界未定構成筆":null,"代表点緯度":-338.8205,"代表点経度":1458.418441049}},{"type":"MultiPolygon","arcs":[[[534,535,-419]]],"properties":{"筆ID":"H000000144","version":"ver1.0","座標系":"任意座標系","測地系判別":null,"地図名":"H20450301214026","地図番号":"区-C-14","縮尺分母":"600","市区町村コード":"01214","市区町村名":"稚内市","大字コード":"031","丁目コード":"003","小字コード":"0000","予備コード":"00","大字名":"緑","丁目名":"３丁目","小字名":null,"予備名":null,"地番":"53-12","精度区分":null,"座標値種別":"図上測量","筆界未定構成筆":null,"代表点緯度":-368.9455,"代表点経度":1489.309565195}},{"type":"MultiPolygon","arcs":[[[536,537,-497,-422]]],"properties":{"筆ID":"H000000145","version":"ver1.0","座標系":"任意座標系","測地系判別":null,"地図名":"H20450301214026","地図番号":"区-C-14","縮尺分母":"600","市区町村コード":"01214","市区町村名":"稚内市","大字コード":"031","丁目コード":"003","小字コード":"0000","予備コード":"00","大字名":"緑","丁目名":"３丁目","小字名":null,"予備名":null,"地番":"53-9","精度区分":null,"座標値種別":"図上測量","筆界未定構成筆":null,"代表点緯度":-347.807,"代表点経度":1509.025843794}},{"type":"MultiPolygon","arcs":[[[-518,538,539,-424]]],"properties":{"筆ID":"H000000146","version":"ver1.0","座標系":"任意座標系","測地系判別":null,"地図名":"H20450301214026","地図番号":"区-C-14","縮尺分母":"600","市区町村コード":"01214","市区町村名":"稚内市","大字コード":"031","丁目コード":"003","小字コード":"0000","予備コード":"00","大字名":"緑","丁目名":"３丁目","小字名":null,"予備名":null,"地番":"48-2","精度区分":null,"座標値種別":"図上測量","筆界未定構成筆":null,"代表点緯度":-338.1145,"代表点経度":1520.967129432}},{"type":"MultiPolygon","arcs":[[[540,541,542,-478,-432,-426]]],"properties":{"筆ID":"H000000147","version":"ver1.0","座標系":"任意座標系","測地系判別":null,"地図名":"H20450301214026","地図番号":"区-C-14","縮尺分母":"600","市区町村コード":"01214","市区町村名":"稚内市","大字コード":"031","丁目コード":"003","小字コード":"0000","予備コード":"00","大字名":"緑","丁目名":"３丁目","小字名":null,"予備名":null,"地番":"48-1","精度区分":null,"座標値種別":"図上測量","筆界未定構成筆":null,"代表点緯度":-318.6885,"代表点経度":1534.550825358}},{"type":"MultiPolygon","arcs":[[[-516,-483,543,544]]],"properties":{"筆ID":"H000000148","version":"ver1.0","座標系":"任意座標系","測地系判別":null,"地図名":"H20450301214026","地図番号":"区-C-14","縮尺分母":"600","市区町村コード":"01214","市区町村名":"稚内市","大字コード":"031","丁目コード":"003","小字コード":"0000","予備コード":"00","大字名":"緑","丁目名":"３丁目","小字名":null,"予備名":null,"地番":"48-5","精度区分":null,"座標値種別":"図上測量","筆界未定構成筆":null,"代表点緯度":-322.7665,"代表点経度":1505.846567338}},{"type":"MultiPolygon","arcs":[[[-515,545,546,-487]]],"properties":{"筆ID":"H000000149","version":"ver1.0","座標系":"任意座標系","測地系判別":null,"地図名":"H20450301214026","地図番号":"区-C-14","縮尺分母":"600","市区町村コード":"01214","市区町村名":"稚内市","大字コード":"031","丁目コード":"003","小字コード":"0000","予備コード":"00","大字名":"緑","丁目名":"３丁目","小字名":null,"予備名":null,"地番":"46-2","精度区分":null,"座標値種別":"図上測量","筆界未定構成筆":null,"代表点緯度":-273.926,"代表点経度":1458.392846267}},{"type":"MultiPolygon","arcs":[[[547,-541,-425,-540]]],"properties":{"筆ID":"H000000150","version":"ver1.0","座標系":"任意座標系","測地系判別":null,"地図名":"H20450301214026","地図番号":"区-C-14","縮尺分母":"600","市区町村コード":"01214","市区町村名":"稚内市","大字コード":"031","丁目コード":"003","小字コード":"0000","予備コード":"00","大字名":"緑","丁目名":"３丁目","小字名":null,"予備名":null,"地番":"48-8","精度区分":null,"座標値種別":"図上測量","筆界未定構成筆":null,"代表点緯度":-331.3265,"代表点経度":1527.370688019}},{"type":"MultiPolygon","arcs":[[[-517,-545,548,549,-542,-548,-539]]],"properties":{"筆ID":"H000000151","version":"ver1.0","座標系":"任意座標系","測地系判別":null,"地図名":"H20450301214026","地図番号":"区-C-14","縮尺分母":"600","市区町村コード":"01214","市区町村名":"稚内市","大字コード":"031","丁目コード":"003","小字コード":"0000","予備コード":"00","大字名":"緑","丁目名":"３丁目","小字名":null,"予備名":null,"地番":"48-7","精度区分":null,"座標値種別":"図上測量","筆界未定構成筆":null,"代表点緯度":-327.2545,"代表点経度":1516.832068825}},{"type":"MultiPolygon","arcs":[[[-544,-482,550,-549]]],"properties":{"筆ID":"H000000152","version":"ver1.0","座標系":"任意座標系","測地系判別":null,"地図名":"H20450301214026","地図番号":"区-C-14","縮尺分母":"600","市区町村コード":"01214","市区町村名":"稚内市","大字コード":"031","丁目コード":"003","小字コード":"0000","予備コード":"00","大字名":"緑","丁目名":"３丁目","小字名":null,"予備名":null,"地番":"48-6","精度区分":null,"座標値種別":"図上測量","筆界未定構成筆":null,"代表点緯度":-315.779,"代表点経度":1511.879821563}},{"type":"MultiPolygon","arcs":[[[-550,-551,-481,-476,-543]]],"properties":{"筆ID":"H000000153","version":"ver1.0","座標系":"任意座標系","測地系判別":null,"地図名":"H20450301214026","地図番号":"区-C-14","縮尺分母":"600","市区町村コード":"01214","市区町村名":"稚内市","大字コード":"031","丁目コード":"003","小字コード":"0000","予備コード":"00","大字名":"緑","丁目名":"３丁目","小字名":null,"予備名":null,"地番":"48-9","精度区分":null,"座標値種別":"図上測量","筆界未定構成筆":null,"代表点緯度":-310.0605,"代表点経度":1519.658379683}},{"type":"MultiPolygon","arcs":[[[551,-529,-501,552]]],"properties":{"筆ID":"H000000154","version":"ver1.0","座標系":"任意座標系","測地系判別":null,"地図名":"H20450301214026","地図番号":"区-C-14","縮尺分母":"600","市区町村コード":"01214","市区町村名":"稚内市","大字コード":"031","丁目コード":"003","小字コード":"0000","予備コード":"00","大字名":"緑","丁目名":"３丁目","小字名":null,"予備名":null,"地番":"53-1","精度区分":null,"座標値種別":"図上測量","筆界未定構成筆":null,"代表点緯度":-317.451,"代表点経度":1479.220312665}},{"type":"MultiPolygon","arcs":[[[553,554,-503,-528]]],"properties":{"筆ID":"H000000155","version":"ver1.0","座標系":"任意座標系","測地系判別":null,"地図名":"H20450301214026","地図番号":"区-C-14","縮尺分母":"600","市区町村コード":"01214","市区町村名":"稚内市","大字コード":"031","丁目コード":"003","小字コード":"0000","予備コード":"00","大字名":"緑","丁目名":"３丁目","小字名":null,"予備名":null,"地番":"54-1","精度区分":null,"座標値種別":"図上測量","筆界未定構成筆":null,"代表点緯度":-300.799,"代表点経度":1462.697772891}},{"type":"MultiPolygon","arcs":[[[555,556,-526,-524]]],"properties":{"筆ID":"H000000156","version":"ver1.0","座標系":"任意座標系","測地系判別":null,"地図名":"H20450301214026","地図番号":"区-C-14","縮尺分母":"600","市区町村コード":"01214","市区町村名":"稚内市","大字コード":"031","丁目コード":"003","小字コード":"0000","予備コード":"00","大字名":"緑","丁目名":"３丁目","小字名":null,"予備名":null,"地番":"54-18","精度区分":null,"座標値種別":"図上測量","筆界未定構成筆":null,"代表点緯度":-315.154,"代表点経度":1448.947769183}},{"type":"MultiPolygon","arcs":[[[557,-554,-527,-557]]],"properties":{"筆ID":"H000000157","version":"ver1.0","座標系":"任意座標系","測地系判別":null,"地図名":"H20450301214026","地図番号":"区-C-14","縮尺分母":"600","市区町村コード":"01214","市区町村名":"稚内市","大字コード":"031","丁目コード":"003","小字コード":"0000","予備コード":"00","大字名":"緑","丁目名":"３丁目","小字名":null,"予備名":null,"地番":"54-19","精度区分":null,"座標値種別":"図上測量","筆界未定構成筆":null,"代表点緯度":-308.139,"代表点経度":1456.121123444}},{"type":"MultiPolygon","arcs":[[[558,559,-504,-555,-558]]],"properties":{"筆ID":"H000000158","version":"ver1.0","座標系":"任意座標系","測地系判別":null,"地図名":"H20450301214026","地図番号":"区-C-14","縮尺分母":"600","市区町村コード":"01214","市区町村名":"稚内市","大字コード":"031","丁目コード":"003","小字コード":"0000","予備コード":"00","大字名":"緑","丁目名":"３丁目","小字名":null,"予備名":null,"地番":"54-16","精度区分":null,"座標値種別":"図上測量","筆界未定構成筆":null,"代表点緯度":-294.8325,"代表点経度":1450.492503864}},{"type":"MultiPolygon","arcs":[[[560,561,-505,-560]]],"properties":{"筆ID":"H000000159","version":"ver1.0","座標系":"任意座標系","測地系判別":null,"地図名":"H20450301214026","地図番号":"区-C-14","縮尺分母":"600","市区町村コード":"01214","市区町村名":"稚内市","大字コード":"031","丁目コード":"003","小字コード":"0000","予備コード":"00","大字名":"緑","丁目名":"３丁目","小字名":null,"予備名":null,"地番":"54-14","精度区分":null,"座標値種別":"図上測量","筆界未定構成筆":null,"代表点緯度":-288.618,"代表点経度":1443.978712716}},{"type":"MultiPolygon","arcs":[[[562,563,564,-506,-562]]],"properties":{"筆ID":"H000000160","version":"ver1.0","座標系":"任意座標系","測地系判別":null,"地図名":"H20450301214026","地図番号":"区-C-14","縮尺分母":"600","市区町村コード":"01214","市区町村名":"稚内市","大字コード":"031","丁目コード":"003","小字コード":"0000","予備コード":"00","大字名":"緑","丁目名":"３丁目","小字名":null,"予備名":null,"地番":"54-20","精度区分":null,"座標値種別":"図上測量","筆界未定構成筆":null,"代表点緯度":-282.4665,"代表点経度":1434.030595945}},{"type":"MultiPolygon","arcs":[[[-565,565,-507]]],"properties":{"筆ID":"H000000161","version":"ver1.0","座標系":"任意座標系","測地系判別":null,"地図名":"H20450301214026","地図番号":"区-C-14","縮尺分母":"600","市区町村コード":"01214","市区町村名":"稚内市","大字コード":"031","丁目コード":"003","小字コード":"0000","予備コード":"00","大字名":"緑","丁目名":"３丁目","小字名":null,"予備名":null,"地番":"54-12","精度区分":null,"座標値種別":"図上測量","筆界未定構成筆":null,"代表点緯度":-278.7445,"代表点経度":1440.722770802}},{"type":"MultiPolygon","arcs":[[[-564,566,567,568,-508,-566]]],"properties":{"筆ID":"H000000162","version":"ver1.0","座標系":"任意座標系","測地系判別":null,"地図名":"H20450301214026","地図番号":"区-C-14","縮尺分母":"600","市区町村コード":"01214","市区町村名":"稚内市","大字コード":"031","丁目コード":"003","小字コード":"0000","予備コード":"00","大字名":"緑","丁目名":"３丁目","小字名":null,"予備名":null,"地番":"54-26","精度区分":null,"座標値種別":"図上測量","筆界未定構成筆":null,"代表点緯度":-274.9395,"代表点経度":1430.673379959}},{"type":"MultiPolygon","arcs":[[[569,-409,570,-567]]],"properties":{"筆ID":"H000000163","version":"ver1.0","座標系":"任意座標系","測地系判別":null,"地図名":"H20450301214026","地図番号":"区-C-14","縮尺分母":"600","市区町村コード":"01214","市区町村名":"稚内市","大字コード":"031","丁目コード":"003","小字コード":"0000","予備コード":"00","大字名":"緑","丁目名":"３丁目","小字名":null,"予備名":null,"地番":"54-7","精度区分":null,"座標値種別":"図上測量","筆界未定構成筆":null,"代表点緯度":-289.06,"代表点経度":1416.572225236}},{"type":"MultiPolygon","arcs":[[[-410,-570,-563,571]]],"properties":{"筆ID":"H000000164","version":"ver1.0","座標系":"任意座標系","測地系判別":null,"地図名":"H20450301214026","地図番号":"区-C-14","縮尺分母":"600","市区町村コード":"01214","市区町村名":"稚内市","大字コード":"031","丁目コード":"003","小字コード":"0000","予備コード":"00","大字名":"緑","丁目名":"３丁目","小字名":null,"予備名":null,"地番":"54-11","精度区分":null,"座標値種別":"図上測量","筆界未定構成筆":null,"代表点緯度":-296.164,"代表点経度":1423.512057289}},{"type":"MultiPolygon","arcs":[[[-408,-521,572,573,-568,-571]]],"properties":{"筆ID":"H000000165","version":"ver1.0","座標系":"任意座標系","測地系判別":null,"地図名":"H20450301214026","地図番号":"区-C-14","縮尺分母":"600","市区町村コード":"01214","市区町村名":"稚内市","大字コード":"031","丁目コード":"003","小字コード":"0000","予備コード":"00","大字名":"緑","丁目名":"３丁目","小字名":null,"予備名":null,"地番":"54-21","精度区分":null,"座標値種別":"図上測量","筆界未定構成筆":null,"代表点緯度":-280.5715,"代表点経度":1408.320362507}},{"type":"MultiPolygon","arcs":[[[-574,574,-509,-569]]],"properties":{"筆ID":"H000000166","version":"ver1.0","座標系":"任意座標系","測地系判別":null,"地図名":"H20450301214026","地図番号":"区-C-14","縮尺分母":"600","市区町村コード":"01214","市区町村名":"稚内市","大字コード":"031","丁目コード":"003","小字コード":"0000","予備コード":"00","大字名":"緑","丁目名":"３丁目","小字名":null,"予備名":null,"地番":"54-25","精度区分":null,"座標値種別":"図上測量","筆界未定構成筆":null,"代表点緯度":-266.671,"代表点経度":1422.678464753}},{"type":"MultiPolygon","arcs":[[[-573,-522,-520,-510,-575]]],"properties":{"筆ID":"H000000167","version":"ver1.0","座標系":"任意座標系","測地系判別":null,"地図名":"H20450301214026","地図番号":"区-C-14","縮尺分母":"600","市区町村コード":"01214","市区町村名":"稚内市","大字コード":"031","丁目コード":"003","小字コード":"0000","予備コード":"00","大字名":"緑","丁目名":"３丁目","小字名":null,"予備名":null,"地番":"54-24","精度区分":null,"座標値種別":"図上測量","筆界未定構成筆":null,"代表点緯度":-258.5,"代表点経度":1414.718886472}},{"type":"MultiPolygon","arcs":[[[575,576,-553,-500,577]]],"properties":{"筆ID":"H000000168","version":"ver1.0","座標系":"任意座標系","測地系判別":null,"地図名":"H20450301214026","地図番号":"区-C-14","縮尺分母":"600","市区町村コード":"01214","市区町村名":"稚内市","大字コード":"031","丁目コード":"003","小字コード":"0000","予備コード":"00","大字名":"緑","丁目名":"３丁目","小字名":null,"予備名":null,"地番":"53-18","精度区分":null,"座標値種別":"図上測量","筆界未定構成筆":null,"代表点緯度":-329.9715,"代表点経度":1484.223779672}},{"type":"MultiPolygon","arcs":[[[578,-578,-499,579]]],"properties":{"筆ID":"H000000169","version":"ver1.0","座標系":"任意座標系","測地系判別":null,"地図名":"H20450301214026","地図番号":"区-C-14","縮尺分母":"600","市区町村コード":"01214","市区町村名":"稚内市","大字コード":"031","丁目コード":"003","小字コード":"0000","予備コード":"00","大字名":"緑","丁目名":"３丁目","小字名":null,"予備名":null,"地番":"53-16","精度区分":null,"座標値種別":"図上測量","筆界未定構成筆":null,"代表点緯度":-336.2935,"代表点経度":1490.523417002}},{"type":"MultiPolygon","arcs":[[[580,-580,-498,-538,581,582]]],"properties":{"筆ID":"H000000170","version":"ver1.0","座標系":"任意座標系","測地系判別":null,"地図名":"H20450301214026","地図番号":"区-C-14","縮尺分母":"600","市区町村コード":"01214","市区町村名":"稚内市","大字コード":"031","丁目コード":"003","小字コード":"0000","予備コード":"00","大字名":"緑","丁目名":"３丁目","小字名":null,"予備名":null,"地番":"53-14","精度区分":null,"座標値種別":"図上測量","筆界未定構成筆":null,"代表点緯度":-342.565,"代表点経度":1497.152607467}},{"type":"MultiPolygon","arcs":[[[583,-582,-537,-421]]],"properties":{"筆ID":"H000000171","version":"ver1.0","座標系":"任意座標系","測地系判別":null,"地図名":"H20450301214026","地図番号":"区-C-14","縮尺分母":"600","市区町村コード":"01214","市区町村名":"稚内市","大字コード":"031","丁目コード":"003","小字コード":"0000","予備コード":"00","大字名":"緑","丁目名":"３丁目","小字名":null,"予備名":null,"地番":"53-10","精度区分":null,"座標値種別":"図上測量","筆界未定構成筆":null,"代表点緯度":-354.7625,"代表点経度":1503.128944719}},{"type":"MultiPolygon","arcs":[[[-536,584,-583,-584,-420]]],"properties":{"筆ID":"H000000172","version":"ver1.0","座標系":"任意座標系","測地系判別":null,"地図名":"H20450301214026","地図番号":"区-C-14","縮尺分母":"600","市区町村コード":"01214","市区町村名":"稚内市","大字コード":"031","丁目コード":"003","小字コード":"0000","予備コード":"00","大字名":"緑","丁目名":"３丁目","小字名":null,"予備名":null,"地番":"53-11","精度区分":null,"座標値種別":"図上測量","筆界未定構成筆":null,"代表点緯度":-361.2355,"代表点経度":1496.851739705}},{"type":"MultiPolygon","arcs":[[[585,586,-581,-585]]],"properties":{"筆ID":"H000000173","version":"ver1.0","座標系":"任意座標系","測地系判別":null,"地図名":"H20450301214026","地図番号":"区-C-14","縮尺分母":"600","市区町村コード":"01214","市区町村名":"稚内市","大字コード":"031","丁目コード":"003","小字コード":"0000","予備コード":"00","大字名":"緑","丁目名":"３丁目","小字名":null,"予備名":null,"地番":"53-22","精度区分":null,"座標値種別":"図上測量","筆界未定構成筆":null,"代表点緯度":-352.314,"代表点経度":1487.163403766}},{"type":"MultiPolygon","arcs":[[[-418,587,-586,-535]]],"properties":{"筆ID":"H000000174","version":"ver1.0","座標系":"任意座標系","測地系判別":null,"地図名":"H20450301214026","地図番号":"区-C-14","縮尺分母":"600","市区町村コード":"01214","市区町村名":"稚内市","大字コード":"031","丁目コード":"003","小字コード":"0000","予備コード":"00","大字名":"緑","丁目名":"３丁目","小字名":null,"予備名":null,"地番":"53-13","精度区分":null,"座標値種別":"図上測量","筆界未定構成筆":null,"代表点緯度":-359.3835,"代表点経度":1479.924216005}},{"type":"MultiPolygon","arcs":[[[588,-530,-552,-577]]],"properties":{"筆ID":"H000000175","version":"ver1.0","座標系":"任意座標系","測地系判別":null,"地図名":"H20450301214026","地図番号":"区-C-14","縮尺分母":"600","市区町村コード":"01214","市区町村名":"稚内市","大字コード":"031","丁目コード":"003","小字コード":"0000","予備コード":"00","大字名":"緑","丁目名":"３丁目","小字名":null,"予備名":null,"地番":"53-21","精度区分":null,"座標値種別":"図上測量","筆界未定構成筆":null,"代表点緯度":-324.3155,"代表点経度":1472.227023479}},{"type":"MultiPolygon","arcs":[[[-533,-531,-589,589]]],"properties":{"筆ID":"H000000176","version":"ver1.0","座標系":"任意座標系","測地系判別":null,"地図名":"H20450301214026","地図番号":"区-C-14","縮尺分母":"600","市区町村コード":"01214","市区町村名":"稚内市","大字コード":"031","丁目コード":"003","小字コード":"0000","予備コード":"00","大字名":"緑","丁目名":"３丁目","小字名":null,"予備名":null,"地番":"53-20","精度区分":null,"座標値種別":"図上測量","筆界未定構成筆":null,"代表点緯度":-331.2995,"代表点経度":1465.137810827}},{"type":"MultiPolygon","arcs":[[[590,591,-438,-490]]],"properties":{"筆ID":"H000000177","version":"ver1.0","座標系":"任意座標系","測地系判別":null,"地図名":"H20450301214026","地図番号":"区-C-14","縮尺分母":"600","市区町村コード":"01214","市区町村名":"稚内市","大字コード":"031","丁目コード":"003","小字コード":"0000","予備コード":"00","大字名":"緑","丁目名":"３丁目","小字名":null,"予備名":null,"地番":"46-11","精度区分":null,"座標値種別":"図上測量","筆界未定構成筆":null,"代表点緯度":-254.75,"代表点経度":1471.794500882}},{"type":"MultiPolygon","arcs":[[[592,593,-439,-592,594]]],"properties":{"筆ID":"H000000178","version":"ver1.0","座標系":"任意座標系","測地系判別":null,"地図名":"H20450301214026","地図番号":"区-C-14","縮尺分母":"600","市区町村コード":"01214","市区町村名":"稚内市","大字コード":"031","丁目コード":"003","小字コード":"0000","予備コード":"00","大字名":"緑","丁目名":"３丁目","小字名":null,"予備名":null,"地番":"46-20","精度区分":null,"座標値種別":"図上測量","筆界未定構成筆":null,"代表点緯度":-248.391,"代表点経度":1465.433609974}},{"type":"MultiPolygon","arcs":[[[-547,595,-595,-591,-491,-488]]],"properties":{"筆ID":"H000000179","version":"ver1.0","座標系":"任意座標系","測地系判別":null,"地図名":"H20450301214026","地図番号":"区-C-14","縮尺分母":"600","市区町村コード":"01214","市区町村名":"稚内市","大字コード":"031","丁目コード":"003","小字コード":"0000","予備コード":"00","大字名":"緑","丁目名":"３丁目","小字名":null,"予備名":null,"地番":"46-10","精度区分":null,"座標値種別":"図上測量","筆界未定構成筆":null,"代表点緯度":-267.656,"代表点経度":1465.061927364}},{"type":"MultiPolygon","arcs":[[[-402,-492,596,597,598]]],"properties":{"筆ID":"H000000180","version":"ver1.0","座標系":"任意座標系","測地系判別":null,"地図名":"H20450301214026","地図番号":"区-C-14","縮尺分母":"600","市区町村コード":"01214","市区町村名":"稚内市","大字コード":"031","丁目コード":"003","小字コード":"0000","予備コード":"00","大字名":"緑","丁目名":"３丁目","小字名":null,"予備名":null,"地番":"46-14","精度区分":null,"座標値種別":"図上測量","筆界未定構成筆":null,"代表点緯度":-222.1035,"代表点経度":1422.471902918}},{"type":"MultiPolygon","arcs":[[[599,600,601,-440,-594]]],"properties":{"筆ID":"H000000181","version":"ver1.0","座標系":"任意座標系","測地系判別":null,"地図名":"H20450301214026","地図番号":"区-C-14","縮尺分母":"600","市区町村コード":"01214","市区町村名":"稚内市","大字コード":"031","丁目コード":"003","小字コード":"0000","予備コード":"00","大字名":"緑","丁目名":"３丁目","小字名":null,"予備名":null,"地番":"46-19","精度区分":null,"座標値種別":"図上測量","筆界未定構成筆":null,"代表点緯度":-241.0345,"代表点経度":1458.687535252}},{"type":"MultiPolygon","arcs":[[[-514,602,-600,-593,-596,-546]]],"properties":{"筆ID":"H000000182","version":"ver1.0","座標系":"任意座標系","測地系判別":null,"地図名":"H20450301214026","地図番号":"区-C-14","縮尺分母":"600","市区町村コード":"01214","市区町村名":"稚内市","大字コード":"031","丁目コード":"003","小字コード":"0000","予備コード":"00","大字名":"緑","丁目名":"３丁目","小字名":null,"予備名":null,"地番":"46-3","精度区分":null,"座標値種別":"図上測量","筆界未定構成筆":null,"代表点緯度":-258.9055,"代表点経度":1449.637678204}},{"type":"MultiPolygon","arcs":[[[-513,603,604,605,-601,-603]]],"properties":{"筆ID":"H000000183","version":"ver1.0","座標系":"任意座標系","測地系判別":null,"地図名":"H20450301214026","地図番号":"区-C-14","縮尺分母":"600","市区町村コード":"01214","市区町村名":"稚内市","大字コード":"031","丁目コード":"003","小字コード":"0000","予備コード":"00","大字名":"緑","丁目名":"３丁目","小字名":null,"予備名":null,"地番":"46-12","精度区分":null,"座標値種別":"図上測量","筆界未定構成筆":null,"代表点緯度":-247.6835,"代表点経度":1439.220208882}},{"type":"MultiPolygon","arcs":[[[-606,606,-441,-602]]],"properties":{"筆ID":"H000000184","version":"ver1.0","座標系":"任意座標系","測地系判別":null,"地図名":"H20450301214026","地図番号":"区-C-14","縮尺分母":"600","市区町村コード":"01214","市区町村名":"稚内市","大字コード":"031","丁目コード":"003","小字コード":"0000","予備コード":"00","大字名":"緑","丁目名":"３丁目","小字名":null,"予備名":null,"地番":"46-18","精度区分":null,"座標値種別":"図上測量","筆界未定構成筆":null,"代表点緯度":-233.3865,"代表点経度":1451.568896489}},{"type":"MultiPolygon","arcs":[[[-512,-496,607,-598,608,609,-604]]],"properties":{"筆ID":"H000000185","version":"ver1.0","座標系":"任意座標系","測地系判別":null,"地図名":"H20450301214026","地図番号":"区-C-14","縮尺分母":"600","市区町村コード":"01214","市区町村名":"稚内市","大字コード":"031","丁目コード":"003","小字コード":"0000","予備コード":"00","大字名":"緑","丁目名":"３丁目","小字名":null,"予備名":null,"地番":"46-13","精度区分":null,"座標値種別":"図上測量","筆界未定構成筆":null,"代表点緯度":-237.7,"代表点経度":1429.339815369}},{"type":"MultiPolygon","arcs":[[[-605,-610,610,-442,-607]]],"properties":{"筆ID":"H000000186","version":"ver1.0","座標系":"任意座標系","測地系判別":null,"地図名":"H20450301214026","地図番号":"区-C-14","縮尺分母":"600","市区町村コード":"01214","市区町村名":"稚内市","大字コード":"031","丁目コード":"003","小字コード":"0000","予備コード":"00","大字名":"緑","丁目名":"３丁目","小字名":null,"予備名":null,"地番":"46-17","精度区分":null,"座標値種別":"図上測量","筆界未定構成筆":null,"代表点緯度":-226.0415,"代表点経度":1444.751583379}},{"type":"MultiPolygon","arcs":[[[-609,-597,-493,-443,-611]]],"properties":{"筆ID":"H000000187","version":"ver1.0","座標系":"任意座標系","測地系判別":null,"地図名":"H20450301214026","地図番号":"区-C-14","縮尺分母":"600","市区町村コード":"01214","市区町村名":"稚内市","大字コード":"031","丁目コード":"003","小字コード":"0000","予備コード":"00","大字名":"緑","丁目名":"３丁目","小字名":null,"予備名":null,"地番":"46-16","精度区分":null,"座標値種別":"図上測量","筆界未定構成筆":null,"代表点緯度":-218.362,"代表点経度":1437.653821954}},{"type":"MultiPolygon","arcs":[[[-495,-403,-599,-608]]],"properties":{"筆ID":"H000000188","version":"ver1.0","座標系":"任意座標系","測地系判別":null,"地図名":"H20450301214026","地図番号":"区-C-14","縮尺分母":"600","市区町村コード":"01214","市区町村名":"稚内市","大字コード":"031","丁目コード":"003","小字コード":"0000","予備コード":"00","大字名":"緑","丁目名":"３丁目","小字名":null,"予備名":null,"地番":"46-21","精度区分":null,"座標値種別":"図上測量","筆界未定構成筆":null,"代表点緯度":-230.492,"代表点経度":1418.366984474}},{"type":"MultiPolygon","arcs":[[[611,612,-462,-398]]],"properties":{"筆ID":"H000000189","version":"ver1.0","座標系":"任意座標系","測地系判別":null,"地図名":"H20450301214026","地図番号":"区-C-14","縮尺分母":"600","市区町村コード":"01214","市区町村名":"稚内市","大字コード":"031","丁目コード":"003","小字コード":"0000","予備コード":"00","大字名":"緑","丁目名":"３丁目","小字名":null,"予備名":null,"地番":"113-5","精度区分":null,"座標値種別":"図上測量","筆界未定構成筆":null,"代表点緯度":-336.5255,"代表点経度":1420.069105593}},{"type":"MultiPolygon","arcs":[[[613,-612,-397,614]]],"properties":{"筆ID":"H000000190","version":"ver1.0","座標系":"任意座標系","測地系判別":null,"地図名":"H20450301214026","地図番号":"区-C-14","縮尺分母":"600","市区町村コード":"01214","市区町村名":"稚内市","大字コード":"031","丁目コード":"003","小字コード":"0000","予備コード":"00","大字名":"緑","丁目名":"３丁目","小字名":null,"予備名":null,"地番":"55-10","精度区分":null,"座標値種別":"図上測量","筆界未定構成筆":null,"代表点緯度":-345.4685,"代表点経度":1430.200169912}},{"type":"MultiPolygon","arcs":[[[615,-394,616]]],"properties":{"筆ID":"H000000191","version":"ver1.0","座標系":"任意座標系","測地系判別":null,"地図名":"H20450301214026","地図番号":"区-C-14","縮尺分母":"600","市区町村コード":"01214","市区町村名":"稚内市","大字コード":"031","丁目コード":"003","小字コード":"0000","予備コード":"00","大字名":"緑","丁目名":"３丁目","小字名":null,"予備名":null,"地番":"55-1","精度区分":null,"座標値種別":"図上測量","筆界未定構成筆":null,"代表点緯度":-381.367,"代表点経度":1473.387914479}},{"type":"MultiPolygon","arcs":[[[617,618,619,-391]]],"properties":{"筆ID":"H000000192","version":"ver1.0","座標系":"任意座標系","測地系判別":null,"地図名":"H20450301214026","地図番号":"区-C-14","縮尺分母":"600","市区町村コード":"01214","市区町村名":"稚内市","大字コード":"031","丁目コード":"003","小字コード":"0000","予備コード":"00","大字名":"緑","丁目名":"３丁目","小字名":null,"予備名":null,"地番":"55-4","精度区分":null,"座標値種別":"図上測量","筆界未定構成筆":null,"代表点緯度":-406.227,"代表点経度":1449.136507005}},{"type":"MultiPolygon","arcs":[[[-390,620,621,622,623,-464,624,625,626,-618]]],"properties":{"筆ID":"H000000193","version":"ver1.0","座標系":"任意座標系","測地系判別":null,"地図名":"H20450301214026","地図番号":"区-C-14","縮尺分母":"600","市区町村コード":"01214","市区町村名":"稚内市","大字コード":"031","丁目コード":"003","小字コード":"0000","予備コード":"00","大字名":"緑","丁目名":"３丁目","小字名":null,"予備名":null,"地番":"109","精度区分":null,"座標値種別":"図上測量","筆界未定構成筆":null,"代表点緯度":-391.553,"代表点経度":1422.412667856}},{"type":"MultiPolygon","arcs":[[[627,628,629,630,-621,-389]]],"properties":{"筆ID":"H000000194","version":"ver1.0","座標系":"任意座標系","測地系判別":null,"地図名":"H20450301214026","地図番号":"区-C-14","縮尺分母":"600","市区町村コード":"01214","市区町村名":"稚内市","大字コード":"031","丁目コード":"003","小字コード":"0000","予備コード":"00","大字名":"緑","丁目名":"３丁目","小字名":null,"予備名":null,"地番":"60-1","精度区分":null,"座標値種別":"図上測量","筆界未定構成筆":null,"代表点緯度":-422.3345,"代表点経度":1418.723663718}},{"type":"MultiPolygon","arcs":[[[-388,631,632,633,-466,634,635,-628]]],"properties":{"筆ID":"H000000195","version":"ver1.0","座標系":"任意座標系","測地系判別":null,"地図名":"H20450301214026","地図番号":"区-C-14","縮尺分母":"600","市区町村コード":"01214","市区町村名":"稚内市","大字コード":"031","丁目コード":"003","小字コード":"0000","予備コード":"00","大字名":"緑","丁目名":"３丁目","小字名":null,"予備名":null,"地番":"110","精度区分":null,"座標値種別":"図上測量","筆界未定構成筆":null,"代表点緯度":-416.655,"代表点経度":1378.882978766}},{"type":"MultiPolygon","arcs":[[[636,637,-632,-387,638]]],"properties":{"筆ID":"H000000196","version":"ver1.0","座標系":"任意座標系","測地系判別":null,"地図名":"H20450301214026","地図番号":"区-C-14","縮尺分母":"600","市区町村コード":"01214","市区町村名":"稚内市","大字コード":"031","丁目コード":"003","小字コード":"0000","予備コード":"00","大字名":"緑","丁目名":"３丁目","小字名":null,"予備名":null,"地番":"61-1","精度区分":null,"座標値種別":"図上測量","筆界未定構成筆":null,"代表点緯度":-451.5385,"代表点経度":1400.77672372}},{"type":"MultiPolygon","arcs":[[[639,640,641,-384]]],"properties":{"筆ID":"H000000197","version":"ver1.0","座標系":"任意座標系","測地系判別":null,"地図名":"H20450301214026","地図番号":"区-C-14","縮尺分母":"600","市区町村コード":"01214","市区町村名":"稚内市","大字コード":"031","丁目コード":"003","小字コード":"0000","予備コード":"00","大字名":"緑","丁目名":"３丁目","小字名":null,"予備名":null,"地番":"61-4","精度区分":null,"座標値種別":"図上測量","筆界未定構成筆":null,"代表点緯度":-477.221,"代表点経度":1375.076675}},{"type":"MultiPolygon","arcs":[[[-473,642,643,644]]],"properties":{"筆ID":"H000000198","version":"ver1.0","座標系":"任意座標系","測地系判別":null,"地図名":"H20450301214026","地図番号":"区-C-14","縮尺分母":"600","市区町村コード":"01214","市区町村名":"稚内市","大字コード":"031","丁目コード":"003","小字コード":"0000","予備コード":"00","大字名":"緑","丁目名":"３丁目","小字名":null,"予備名":null,"地番":"113-2","精度区分":null,"座標値種別":"図上測量","筆界未定構成筆":null,"代表点緯度":-466.286,"代表点経度":1352.646885319}},{"type":"MultiPolygon","arcs":[[[-471,645,646,647]]],"properties":{"筆ID":"H000000199","version":"ver1.0","座標系":"任意座標系","測地系判別":null,"地図名":"H20450301214026","地図番号":"区-C-14","縮尺分母":"600","市区町村コード":"01214","市区町村名":"稚内市","大字コード":"031","丁目コード":"003","小字コード":"0000","予備コード":"00","大字名":"緑","丁目名":"３丁目","小字名":null,"予備名":null,"地番":"61-9","精度区分":null,"座標値種別":"図上測量","筆界未定構成筆":null,"代表点緯度":-437.036,"代表点経度":1339.806742816}},{"type":"MultiPolygon","arcs":[[[-646,-470,648]]],"properties":{"筆ID":"H000000200","version":"ver1.0","座標系":"任意座標系","測地系判別":null,"地図名":"H20450301214026","地図番号":"区-C-14","縮尺分母":"600","市区町村コード":"01214","市区町村名":"稚内市","大字コード":"031","丁目コード":"003","小字コード":"0000","予備コード":"00","大字名":"緑","丁目名":"３丁目","小字名":null,"予備名":null,"地番":"61-13","精度区分":null,"座標値種別":"図上測量","筆界未定構成筆":null,"代表点緯度":-418.521,"代表点経度":1340.996352914}},{"type":"MultiPolygon","arcs":[[[649,-467,-634,650]]],"properties":{"筆ID":"H000000201","version":"ver1.0","座標系":"任意座標系","測地系判別":null,"地図名":"H20450301214026","地図番号":"区-C-14","縮尺分母":"600","市区町村コード":"01214","市区町村名":"稚内市","大字コード":"031","丁目コード":"003","小字コード":"0000","予備コード":"00","大字名":"緑","丁目名":"３丁目","小字名":null,"予備名":null,"地番":"61-8","精度区分":null,"座標値種別":"図上測量","筆界未定構成筆":null,"代表点緯度":-404.7035,"代表点経度":1355.38605403}},{"type":"MultiPolygon","arcs":[[[-635,-465,651,652,653]]],"properties":{"筆ID":"H000000202","version":"ver1.0","座標系":"任意座標系","測地系判別":null,"地図名":"H20450301214026","地図番号":"区-C-14","縮尺分母":"600","市区町村コード":"01214","市区町村名":"稚内市","大字コード":"031","丁目コード":"003","小字コード":"0000","予備コード":"00","大字名":"緑","丁目名":"３丁目","小字名":null,"予備名":null,"地番":"60-9","精度区分":null,"座標値種別":"図上測量","筆界未定構成筆":null,"代表点緯度":-385.752,"代表点経度":1373.249456148}},{"type":"MultiPolygon","arcs":[[[-463,-613,654]]],"properties":{"筆ID":"H000000203","version":"ver1.0","座標系":"任意座標系","測地系判別":null,"地図名":"H20450301214026","地図番号":"区-C-14","縮尺分母":"600","市区町村コード":"01214","市区町村名":"稚内市","大字コード":"031","丁目コード":"003","小字コード":"0000","予備コード":"00","大字名":"緑","丁目名":"３丁目","小字名":null,"予備名":null,"地番":"113-4","精度区分":null,"座標値種別":"図上測量","筆界未定構成筆":null,"代表点緯度":-352.414,"代表点経度":1404.758963}},{"type":"MultiPolygon","arcs":[[[-625,-655,-614,655]]],"properties":{"筆ID":"H000000204","version":"ver1.0","座標系":"任意座標系","測地系判別":null,"地図名":"H20450301214026","地図番号":"区-C-14","縮尺分母":"600","市区町村コード":"01214","市区町村名":"稚内市","大字コード":"031","丁目コード":"003","小字コード":"0000","予備コード":"00","大字名":"緑","丁目名":"３丁目","小字名":null,"予備名":null,"地番":"55-9","精度区分":null,"座標値種別":"図上測量","筆界未定構成筆":null,"代表点緯度":-361.326,"代表点経度":1414.319755883}},{"type":"MultiPolygon","arcs":[[[656,-615,-396,657]]],"properties":{"筆ID":"H000000205","version":"ver1.0","座標系":"任意座標系","測地系判別":null,"地図名":"H20450301214026","地図番号":"区-C-14","縮尺分母":"600","市区町村コード":"01214","市区町村名":"稚内市","大字コード":"031","丁目コード":"003","小字コード":"0000","予備コード":"00","大字名":"緑","丁目名":"３丁目","小字名":null,"予備名":null,"地番":"55-7","精度区分":null,"座標値種別":"図上測量","筆界未定構成筆":null,"代表点緯度":-358.895,"代表点経度":1443.322213911}},{"type":"MultiPolygon","arcs":[[[658,-658,-395,-616,659]]],"properties":{"筆ID":"H000000206","version":"ver1.0","座標系":"任意座標系","測地系判別":null,"地図名":"H20450301214026","地図番号":"区-C-14","縮尺分母":"600","市区町村コード":"01214","市区町村名":"稚内市","大字コード":"031","丁目コード":"003","小字コード":"0000","予備コード":"00","大字名":"緑","丁目名":"３丁目","小字名":null,"予備名":null,"地番":"55-6","精度区分":null,"座標値種別":"図上測量","筆界未定構成筆":null,"代表点緯度":-371.9,"代表点経度":1455.990915956}},{"type":"MultiPolygon","arcs":[[[-620,660,661,-392]]],"properties":{"筆ID":"H000000207","version":"ver1.0","座標系":"任意座標系","測地系判別":null,"地図名":"H20450301214026","地図番号":"区-C-14","縮尺分母":"600","市区町村コード":"01214","市区町村名":"稚内市","大字コード":"031","丁目コード":"003","小字コード":"0000","予備コード":"00","大字名":"緑","丁目名":"３丁目","小字名":null,"予備名":null,"地番":"55-3","精度区分":null,"座標値種別":"図上測量","筆界未定構成筆":null,"代表点緯度":-398.138,"代表点経度":1457.556071169}},{"type":"MultiPolygon","arcs":[[[-662,-660,-617,-393]]],"properties":{"筆ID":"H000000208","version":"ver1.0","座標系":"任意座標系","測地系判別":null,"地図名":"H20450301214026","地図番号":"区-C-14","縮尺分母":"600","市区町村コード":"01214","市区町村名":"稚内市","大字コード":"031","丁目コード":"003","小字コード":"0000","予備コード":"00","大字名":"緑","丁目名":"３丁目","小字名":null,"予備名":null,"地番":"55-2","精度区分":null,"座標値種別":"図上測量","筆界未定構成筆":null,"代表点緯度":-390.221,"代表点経度":1465.814642344}},{"type":"MultiPolygon","arcs":[[[-624,662,-652]]],"properties":{"筆ID":"H000000209","version":"ver1.0","座標系":"任意座標系","測地系判別":null,"地図名":"H20450301214026","地図番号":"区-C-14","縮尺分母":"600","市区町村コード":"01214","市区町村名":"稚内市","大字コード":"031","丁目コード":"003","小字コード":"0000","予備コード":"00","大字名":"緑","丁目名":"３丁目","小字名":null,"予備名":null,"地番":"60-10","精度区分":null,"座標値種別":"図上測量","筆界未定構成筆":null,"代表点緯度":-379.4305,"代表点経度":1396.891614813}},{"type":"MultiPolygon","arcs":[[[663,-653,-663,-623,664,665]]],"properties":{"筆ID":"H000000210","version":"ver1.0","座標系":"任意座標系","測地系判別":null,"地図名":"H20450301214026","地図番号":"区-C-14","縮尺分母":"600","市区町村コード":"01214","市区町村名":"稚内市","大字コード":"031","丁目コード":"003","小字コード":"0000","予備コード":"00","大字名":"緑","丁目名":"３丁目","小字名":null,"予備名":null,"地番":"60-7","精度区分":null,"座標値種別":"図上測量","筆界未定構成筆":null,"代表点緯度":-392.7165,"代表点経度":1401.589490284}},{"type":"MultiPolygon","arcs":[[[-636,-654,-664,666,-629]]],"properties":{"筆ID":"H000000211","version":"ver1.0","座標系":"任意座標系","測地系判別":null,"地図名":"H20450301214026","地図番号":"区-C-14","縮尺分母":"600","市区町村コード":"01214","市区町村名":"稚内市","大字コード":"031","丁目コード":"003","小字コード":"0000","予備コード":"00","大字名":"緑","丁目名":"３丁目","小字名":null,"予備名":null,"地番":"60-8","精度区分":null,"座標値種別":"図上測量","筆界未定構成筆":null,"代表点緯度":-409.1735,"代表点経度":1390.888012622}},{"type":"MultiPolygon","arcs":[[[667,-665,-622,-631]]],"properties":{"筆ID":"H000000212","version":"ver1.0","座標系":"任意座標系","測地系判別":null,"地図名":"H20450301214026","地図番号":"区-C-14","縮尺分母":"600","市区町村コード":"01214","市区町村名":"稚内市","大字コード":"031","丁目コード":"003","小字コード":"0000","予備コード":"00","大字名":"緑","丁目名":"３丁目","小字名":null,"予備名":null,"地番":"60-12","精度区分":null,"座標値種別":"図上測量","筆界未定構成筆":null,"代表点緯度":-390.685,"代表点経度":1416.791804173}},{"type":"MultiPolygon","arcs":[[[-667,-666,-668,-630]]],"properties":{"筆ID":"H000000213","version":"ver1.0","座標系":"任意座標系","測地系判別":null,"地図名":"H20450301214026","地図番号":"区-C-14","縮尺分母":"600","市区町村コード":"01214","市区町村名":"稚内市","大字コード":"031","丁目コード":"003","小字コード":"0000","予備コード":"00","大字名":"緑","丁目名":"３丁目","小字名":null,"予備名":null,"地番":"60-11","精度区分":null,"座標値種別":"図上測量","筆界未定構成筆":null,"代表点緯度":-398.061,"代表点経度":1409.139942087}},{"type":"MultiPolygon","arcs":[[[-474,-645,-640,-383]]],"properties":{"筆ID":"H000000214","version":"ver1.0","座標系":"任意座標系","測地系判別":null,"地図名":"H20450301214026","地図番号":"区-C-14","縮尺分母":"600","市区町村コード":"01214","市区町村名":"稚内市","大字コード":"031","丁目コード":"003","小字コード":"0000","予備コード":"00","大字名":"緑","丁目名":"３丁目","小字名":null,"予備名":null,"地番":"113-3","精度区分":null,"座標値種別":"図上測量","筆界未定構成筆":null,"代表点緯度":-481.482,"代表点経度":1368.795030613}},{"type":"MultiPolygon","arcs":[[[-644,668,669,-641]]],"properties":{"筆ID":"H000000215","version":"ver1.0","座標系":"任意座標系","測地系判別":null,"地図名":"H20450301214026","地図番号":"区-C-14","縮尺分母":"600","市区町村コード":"01214","市区町村名":"稚内市","大字コード":"031","丁目コード":"003","小字コード":"0000","予備コード":"00","大字名":"緑","丁目名":"３丁目","小字名":null,"予備名":null,"地番":"61-5","精度区分":null,"座標値種別":"図上測量","筆界未定構成筆":null,"代表点緯度":-462.0555,"代表点経度":1359.294442572}},{"type":"MultiPolygon","arcs":[[[-643,-472,-648,670,671,-669]]],"properties":{"筆ID":"H000000216","version":"ver1.0","座標系":"任意座標系","測地系判別":null,"地図名":"H20450301214026","地図番号":"区-C-14","縮尺分母":"600","市区町村コード":"01214","市区町村名":"稚内市","大字コード":"031","丁目コード":"003","小字コード":"0000","予備コード":"00","大字名":"緑","丁目名":"３丁目","小字名":null,"予備名":null,"地番":"61-10","精度区分":null,"座標値種別":"図上測量","筆界未定構成筆":null,"代表点緯度":-444.368,"代表点経度":1349.710394315}},{"type":"MultiPolygon","arcs":[[[-671,-647,672,673,-651,-633,-638,674,675]]],"properties":{"筆ID":"H000000217","version":"ver1.0","座標系":"任意座標系","測地系判別":null,"地図名":"H20450301214026","地図番号":"区-C-14","縮尺分母":"600","市区町村コード":"01214","市区町村名":"稚内市","大字コード":"031","丁目コード":"003","小字コード":"0000","予備コード":"00","大字名":"緑","丁目名":"３丁目","小字名":null,"予備名":null,"地番":"61-6","精度区分":null,"座標値種別":"図上測量","筆界未定構成筆":null,"代表点緯度":-434.731,"代表点経度":1375.711267189}},{"type":"MultiPolygon","arcs":[[[-649,-469,676,-673]]],"properties":{"筆ID":"H000000218","version":"ver1.0","座標系":"任意座標系","測地系判別":null,"地図名":"H20450301214026","地図番号":"区-C-14","縮尺分母":"600","市区町村コード":"01214","市区町村名":"稚内市","大字コード":"031","丁目コード":"003","小字コード":"0000","予備コード":"00","大字名":"緑","丁目名":"３丁目","小字名":null,"予備名":null,"地番":"61-15","精度区分":null,"座標値種別":"図上測量","筆界未定構成筆":null,"代表点緯度":-417.9045,"代表点経度":1347.155267761}},{"type":"MultiPolygon","arcs":[[[-677,-468,-650,-674]]],"properties":{"筆ID":"H000000219","version":"ver1.0","座標系":"任意座標系","測地系判別":null,"地図名":"H20450301214026","地図番号":"区-C-14","縮尺分母":"600","市区町村コード":"01214","市区町村名":"稚内市","大字コード":"031","丁目コード":"003","小字コード":"0000","予備コード":"00","大字名":"緑","丁目名":"３丁目","小字名":null,"予備名":null,"地番":"61-14","精度区分":null,"座標値種別":"図上測量","筆界未定構成筆":null,"代表点緯度":-412.2285,"代表点経度":1350.496322542}},{"type":"MultiPolygon","arcs":[[[677,678,679,-385,-642]]],"properties":{"筆ID":"H000000220","version":"ver1.0","座標系":"任意座標系","測地系判別":null,"地図名":"H20450301214026","地図番号":"区-C-14","縮尺分母":"600","市区町村コード":"01214","市区町村名":"稚内市","大字コード":"031","丁目コード":"003","小字コード":"0000","予備コード":"00","大字名":"緑","丁目名":"３丁目","小字名":null,"予備名":null,"地番":"61-3","精度区分":null,"座標値種別":"図上測量","筆界未定構成筆":null,"代表点緯度":-469.5635,"代表点経度":1384.542819503}},{"type":"MultiPolygon","arcs":[[[680,-639,-386,-680]]],"properties":{"筆ID":"H000000221","version":"ver1.0","座標系":"任意座標系","測地系判別":null,"地図名":"H20450301214026","地図番号":"区-C-14","縮尺分母":"600","市区町村コード":"01214","市区町村名":"稚内市","大字コード":"031","丁目コード":"003","小字コード":"0000","予備コード":"00","大字名":"緑","丁目名":"３丁目","小字名":null,"予備名":null,"地番":"61-2","精度区分":null,"座標値種別":"図上測量","筆界未定構成筆":null,"代表点緯度":-465.173,"代表点経度":1397.657056724}},{"type":"MultiPolygon","arcs":[[[-678,-670,-672,-676]]],"properties":{"筆ID":"H000000222","version":"ver1.0","座標系":"任意座標系","測地系判別":null,"地図名":"H20450301214026","地図番号":"区-C-14","縮尺分母":"600","市区町村コード":"01214","市区町村名":"稚内市","大字コード":"031","丁目コード":"003","小字コード":"0000","予備コード":"00","大字名":"緑","丁目名":"３丁目","小字名":null,"予備名":null,"地番":"61-11","精度区分":null,"座標値種別":"図上測量","筆界未定構成筆":null,"代表点緯度":-453.0655,"代表点経度":1368.500734007}},{"type":"MultiPolygon","arcs":[[[-681,-679,-675,-637]]],"properties":{"筆ID":"H000000223","version":"ver1.0","座標系":"任意座標系","測地系判別":null,"地図名":"H20450301214026","地図番号":"区-C-14","縮尺分母":"600","市区町村コード":"01214","市区町村名":"稚内市","大字コード":"031","丁目コード":"003","小字コード":"0000","予備コード":"00","大字名":"緑","丁目名":"３丁目","小字名":null,"予備名":null,"地番":"61-12","精度区分":null,"座標値種別":"図上測量","筆界未定構成筆":null,"代表点緯度":-457.246,"代表点経度":1389.93623245}},{"type":"MultiPolygon","arcs":[[[-627,681,-659,-661,-619]]],"properties":{"筆ID":"H000000224","version":"ver1.0","座標系":"任意座標系","測地系判別":null,"地図名":"H20450301214026","地図番号":"区-C-14","縮尺分母":"600","市区町村コード":"01214","市区町村名":"稚内市","大字コード":"031","丁目コード":"003","小字コード":"0000","予備コード":"00","大字名":"緑","丁目名":"３丁目","小字名":null,"予備名":null,"地番":"55-5","精度区分":null,"座標値種別":"図上測量","筆界未定構成筆":null,"代表点緯度":-387.963,"代表点経度":1439.245563008}},{"type":"MultiPolygon","arcs":[[[-626,-656,-657,-682]]],"properties":{"筆ID":"H000000225","version":"ver1.0","座標系":"任意座標系","測地系判別":null,"地図名":"H20450301214026","地図番号":"区-C-14","縮尺分母":"600","市区町村コード":"01214","市区町村名":"稚内市","大字コード":"031","丁目コード":"003","小字コード":"0000","予備コード":"00","大字名":"緑","丁目名":"３丁目","小字名":null,"予備名":null,"地番":"55-8","精度区分":null,"座標値種別":"図上測量","筆界未定構成筆":null,"代表点緯度":-374.9465,"代表点経度":1426.604121345}},{"type":"MultiPolygon","arcs":[[[-417,682,-579,-587,-588]]],"properties":{"筆ID":"H000000226","version":"ver1.0","座標系":"任意座標系","測地系判別":null,"地図名":"H20450301214026","地図番号":"区-C-14","縮尺分母":"600","市区町村コード":"01214","市区町村名":"稚内市","大字コード":"031","丁目コード":"003","小字コード":"0000","予備コード":"00","大字名":"緑","丁目名":"３丁目","小字名":null,"予備名":null,"地番":"53-15","精度区分":null,"座標値種別":"図上測量","筆界未定構成筆":null,"代表点緯度":-348.9485,"代表点経度":1477.699513792}},{"type":"MultiPolygon","arcs":[[[-416,-534,-590,-576,-683]]],"properties":{"筆ID":"H000000227","version":"ver1.0","座標系":"任意座標系","測地系判別":null,"地図名":"H20450301214026","地図番号":"区-C-14","縮尺分母":"600","市区町村コード":"01214","市区町村名":"稚内市","大字コード":"031","丁目コード":"003","小字コード":"0000","予備コード":"00","大字名":"緑","丁目名":"３丁目","小字名":null,"予備名":null,"地番":"53-17","精度区分":null,"座標値種別":"図上測量","筆界未定構成筆":null,"代表点緯度":-344.077,"代表点経度":1470.008658665}},{"type":"MultiPolygon","arcs":[[[-411,-572,-561,683]]],"properties":{"筆ID":"H000000228","version":"ver1.0","座標系":"任意座標系","測地系判別":null,"地図名":"H20450301214026","地図番号":"区-C-14","縮尺分母":"600","市区町村コード":"01214","市区町村名":"稚内市","大字コード":"031","丁目コード":"003","小字コード":"0000","予備コード":"00","大字名":"緑","丁目名":"３丁目","小字名":null,"予備名":null,"地番":"54-13","精度区分":null,"座標値種別":"図上測量","筆界未定構成筆":null,"代表点緯度":-302.6145,"代表点経度":1429.776837499}},{"type":"MultiPolygon","arcs":[[[-412,-684,-559,-556,-523]]],"properties":{"筆ID":"H000000229","version":"ver1.0","座標系":"任意座標系","測地系判別":null,"地図名":"H20450301214026","地図番号":"区-C-14","縮尺分母":"600","市区町村コード":"01214","市区町村名":"稚内市","大字コード":"031","丁目コード":"003","小字コード":"0000","予備コード":"00","大字名":"緑","丁目名":"３丁目","小字名":null,"予備名":null,"地番":"54-15","精度区分":null,"座標値種別":"図上測量","筆界未定構成筆":null,"代表点緯度":-308.782,"代表点経度":1436.340633517}},{"type":"MultiPolygon","arcs":[[[684,685,686,687]]],"properties":{"筆ID":"H000000230","version":"ver1.0","座標系":"任意座標系","測地系判別":null,"地図名":"H20450301214026","地図番号":"区-C-10","縮尺分母":"600","市区町村コード":"01214","市区町村名":"稚内市","大字コード":"031","丁目コード":"002","小字コード":"0000","予備コード":"00","大字名":"緑","丁目名":"２丁目","小字名":null,"予備名":null,"地番":"道-10","精度区分":null,"座標値種別":"図上測量","筆界未定構成筆":null,"代表点緯度":-213.7775,"代表点経度":1657.196935057}},{"type":"MultiPolygon","arcs":[[[688,689,690,691,692,693,694,695,696,697,698,699,700,701,702,703,704,705,706,707,708,709,-427,-461,710,711,712,713,714,715,716,717,718,719,720,721,-688,722,723,724,725,-106,-18]]],"properties":{"筆ID":"H000000231","version":"ver1.0","座標系":"任意座標系","測地系判別":null,"地図名":"H20450301214026","地図番号":"区-C-10","縮尺分母":"600","市区町村コード":"01214","市区町村名":"稚内市","大字コード":"031","丁目コード":"002","小字コード":"0000","予備コード":"00","大字名":"緑","丁目名":"２丁目","小字名":null,"予備名":null,"地番":"道-11","精度区分":null,"座標値種別":"図上測量","筆界未定構成筆":null,"代表点緯度":-264.2895,"代表点経度":1605.736845671}},{"type":"MultiPolygon","arcs":[[[726,727,728,729,730,731,732,733,734,735]]],"properties":{"筆ID":"H000000232","version":"ver1.0","座標系":"任意座標系","測地系判別":null,"地図名":"H20450301214026","地図番号":"区-C-10","縮尺分母":"600","市区町村コード":"01214","市区町村名":"稚内市","大字コード":"031","丁目コード":"002","小字コード":"0000","予備コード":"00","大字名":"緑","丁目名":"２丁目","小字名":null,"予備名":null,"地番":"道-12","精度区分":null,"座標値種別":"図上測量","筆界未定構成筆":null,"代表点緯度":-321.593,"代表点経度":1587.929217728}},{"type":"MultiPolygon","arcs":[[[736,737,-723,-687,738,739,740,741,742]]],"properties":{"筆ID":"H000000233","version":"ver1.0","座標系":"任意座標系","測地系判別":null,"地図名":"H20450301214026","地図番号":"区-C-10","縮尺分母":"600","市区町村コード":"01214","市区町村名":"稚内市","大字コード":"031","丁目コード":"002","小字コード":"0000","予備コード":"00","大字名":"緑","丁目名":"２丁目","小字名":null,"予備名":null,"地番":"38-1","精度区分":null,"座標値種別":"図上測量","筆界未定構成筆":null,"代表点緯度":-216.143,"代表点経度":1718.52709495}},{"type":"MultiPolygon","arcs":[[[-107,-726,743,744,745,-743,746]]],"properties":{"筆ID":"H000000234","version":"ver1.0","座標系":"任意座標系","測地系判別":null,"地図名":"H20450301214026","地図番号":"区-C-10","縮尺分母":"600","市区町村コード":"01214","市区町村名":"稚内市","大字コード":"000","丁目コード":"000","小字コード":"0000","予備コード":"00","大字名":null,"丁目名":null,"小字名":null,"予備名":null,"地番":"地区外-94676","精度区分":null,"座標値種別":"図上測量","筆界未定構成筆":null,"代表点緯度":-328.0315,"代表点経度":1717.859267169}},{"type":"MultiPolygon","arcs":[[[747,748,-737,-746]]],"properties":{"筆ID":"H000000235","version":"ver1.0","座標系":"任意座標系","測地系判別":null,"地図名":"H20450301214026","地図番号":"区-C-10","縮尺分母":"600","市区町村コード":"01214","市区町村名":"稚内市","大字コード":"031","丁目コード":"002","小字コード":"0000","予備コード":"00","大字名":"緑","丁目名":"２丁目","小字名":null,"予備名":null,"地番":"38-6","精度区分":null,"座標値種別":"図上測量","筆界未定構成筆":null,"代表点緯度":-302.089,"代表点経度":1699.376246826}},{"type":"MultiPolygon","arcs":[[[-741,749,750]]],"properties":{"筆ID":"H000000236","version":"ver1.0","座標系":"任意座標系","測地系判別":null,"地図名":"H20450301214026","地図番号":"区-C-10","縮尺分母":"600","市区町村コード":"01214","市区町村名":"稚内市","大字コード":"031","丁目コード":"002","小字コード":"0000","予備コード":"00","大字名":"緑","丁目名":"２丁目","小字名":null,"予備名":null,"地番":"38-9","精度区分":null,"座標値種別":"図上測量","筆界未定構成筆":null,"代表点緯度":-169.9,"代表点経度":1829.035530215}},{"type":"MultiPolygon","arcs":[[[751,-721,752,753,754,755]]],"properties":{"筆ID":"H000000237","version":"ver1.0","座標系":"任意座標系","測地系判別":null,"地図名":"H20450301214026","地図番号":"区-C-10","縮尺分母":"600","市区町村コード":"01214","市区町村名":"稚内市","大字コード":"031","丁目コード":"002","小字コード":"0000","予備コード":"00","大字名":"緑","丁目名":"２丁目","小字名":null,"予備名":null,"地番":"38-3","精度区分":null,"座標値種別":"図上測量","筆界未定構成筆":null,"代表点緯度":-128.318,"代表点経度":1747.570948036}},{"type":"MultiPolygon","arcs":[[[756,-709,757,-728]]],"properties":{"筆ID":"H000000238","version":"ver1.0","座標系":"任意座標系","測地系判別":null,"地図名":"H20450301214026","地図番号":"区-C-10","縮尺分母":"600","市区町村コード":"01214","市区町村名":"稚内市","大字コード":"031","丁目コード":"002","小字コード":"0000","予備コード":"00","大字名":"緑","丁目名":"２丁目","小字名":null,"予備名":null,"地番":"42-3","精度区分":null,"座標値種別":"図上測量","筆界未定構成筆":null,"代表点緯度":-325.832,"代表点経度":1571.065979421}},{"type":"MultiPolygon","arcs":[[[758,-707,759,-730]]],"properties":{"筆ID":"H000000239","version":"ver1.0","座標系":"任意座標系","測地系判別":null,"地図名":"H20450301214026","地図番号":"区-C-10","縮尺分母":"600","市区町村コード":"01214","市区町村名":"稚内市","大字コード":"031","丁目コード":"002","小字コード":"0000","予備コード":"00","大字名":"緑","丁目名":"２丁目","小字名":null,"予備名":null,"地番":"42-1","精度区分":null,"座標値種別":"図上測量","筆界未定構成筆":null,"代表点緯度":-303.772,"代表点経度":1590.142167937}},{"type":"MultiPolygon","arcs":[[[760,761,-705,762]]],"properties":{"筆ID":"H000000240","version":"ver1.0","座標系":"任意座標系","測地系判別":null,"地図名":"H20450301214026","地図番号":"区-C-10","縮尺分母":"600","市区町村コード":"01214","市区町村名":"稚内市","大字コード":"031","丁目コード":"002","小字コード":"0000","予備コード":"00","大字名":"緑","丁目名":"２丁目","小字名":null,"予備名":null,"地番":"39-4","精度区分":null,"座標値種別":"図上測量","筆界未定構成筆":null,"代表点緯度":-288.839,"代表点経度":1603.34843839}},{"type":"MultiPolygon","arcs":[[[763,764,-701]]],"properties":{"筆ID":"H000000241","version":"ver1.0","座標系":"任意座標系","測地系判別":null,"地図名":"H20450301214026","地図番号":"区-C-10","縮尺分母":"600","市区町村コード":"01214","市区町村名":"稚内市","大字コード":"031","丁目コード":"002","小字コード":"0000","予備コード":"00","大字名":"緑","丁目名":"２丁目","小字名":null,"予備名":null,"地番":"39-1","精度区分":null,"座標値種別":"図上測量","筆界未定構成筆":null,"代表点緯度":-260.3835,"代表点経度":1629.343898201}},{"type":"MultiPolygon","arcs":[[[765,766,-697]]],"properties":{"筆ID":"H000000242","version":"ver1.0","座標系":"任意座標系","測地系判別":null,"地図名":"H20450301214026","地図番号":"区-C-10","縮尺分母":"600","市区町村コード":"01214","市区町村名":"稚内市","大字コード":"031","丁目コード":"002","小字コード":"0000","予備コード":"00","大字名":"緑","丁目名":"２丁目","小字名":null,"予備名":null,"地番":"40-16","精度区分":null,"座標値種別":"図上測量","筆界未定構成筆":null,"代表点緯度":-290.39,"代表点経度":1655.490057595}},{"type":"MultiPolygon","arcs":[[[767,768,769,-690]]],"properties":{"筆ID":"H000000243","version":"ver1.0","座標系":"任意座標系","測地系判別":null,"地図名":"H20450301214026","地図番号":"区-C-10","縮尺分母":"600","市区町村コード":"01214","市区町村名":"稚内市","大字コード":"031","丁目コード":"002","小字コード":"0000","予備コード":"00","大字名":"緑","丁目名":"２丁目","小字名":null,"予備名":null,"地番":"41-9","精度区分":null,"座標値種別":"図上測量","筆界未定構成筆":null,"代表点緯度":-372.5785,"代表点経度":1622.372898711}},{"type":"MultiPolygon","arcs":[[[-770,770,771,-691]]],"properties":{"筆ID":"H000000244","version":"ver1.0","座標系":"任意座標系","測地系判別":null,"地図名":"H20450301214026","地図番号":"区-C-10","縮尺分母":"600","市区町村コード":"01214","市区町村名":"稚内市","大字コード":"031","丁目コード":"002","小字コード":"0000","予備コード":"00","大字名":"緑","丁目名":"２丁目","小字名":null,"予備名":null,"地番":"41-10","精度区分":null,"座標値種別":"図上測量","筆界未定構成筆":null,"代表点緯度":-357.7145,"代表点経度":1636.459596486}},{"type":"MultiPolygon","arcs":[[[772,773,774,-693]]],"properties":{"筆ID":"H000000245","version":"ver1.0","座標系":"任意座標系","測地系判別":null,"地図名":"H20450301214026","地図番号":"区-C-10","縮尺分母":"600","市区町村コード":"01214","市区町村名":"稚内市","大字コード":"031","丁目コード":"002","小字コード":"0000","予備コード":"00","大字名":"緑","丁目名":"２丁目","小字名":null,"予備名":null,"地番":"40-20","精度区分":null,"座標値種別":"図上測量","筆界未定構成筆":null,"代表点緯度":-340.8195,"代表点経度":1655.864727529}},{"type":"MultiPolygon","arcs":[[[-775,775,776,-694]]],"properties":{"筆ID":"H000000246","version":"ver1.0","座標系":"任意座標系","測地系判別":null,"地図名":"H20450301214026","地図番号":"区-C-10","縮尺分母":"600","市区町村コード":"01214","市区町村名":"稚内市","大字コード":"031","丁目コード":"002","小字コード":"0000","予備コード":"00","大字名":"緑","丁目名":"２丁目","小字名":null,"予備名":null,"地番":"40-21","精度区分":null,"座標値種別":"図上測量","筆界未定構成筆":null,"代表点緯度":-326.974,"代表点経度":1666.565386989}},{"type":"MultiPolygon","arcs":[[[-738,-749,777,778,-724]]],"properties":{"筆ID":"H000000247","version":"ver1.0","座標系":"任意座標系","測地系判別":null,"地図名":"H20450301214026","地図番号":"区-C-10","縮尺分母":"600","市区町村コード":"01214","市区町村名":"稚内市","大字コード":"031","丁目コード":"002","小字コード":"0000","予備コード":"00","大字名":"緑","丁目名":"２丁目","小字名":null,"予備名":null,"地番":"38-2","精度区分":null,"座標値種別":"図上測量","筆界未定構成筆":null,"代表点緯度":-299.85,"代表点経度":1679.775929485}},{"type":"MultiPolygon","arcs":[[[-779,779,-744,-725]]],"properties":{"筆ID":"H000000248","version":"ver1.0","座標系":"任意座標系","測地系判別":null,"地図名":"H20450301214026","地図番号":"区-C-10","縮尺分母":"600","市区町村コード":"01214","市区町村名":"稚内市","大字コード":"031","丁目コード":"002","小字コード":"0000","予備コード":"00","大字名":"緑","丁目名":"２丁目","小字名":null,"予備名":null,"地番":"38-8","精度区分":null,"座標値種別":"図上測量","筆界未定構成筆":null,"代表点緯度":-313.3405,"代表点経度":1687.176455346}},{"type":"MultiPolygon","arcs":[[[-778,-748,-745,-780]]],"properties":{"筆ID":"H000000249","version":"ver1.0","座標系":"任意座標系","測地系判別":null,"地図名":"H20450301214026","地図番号":"区-C-10","縮尺分母":"600","市区町村コード":"01214","市区町村名":"稚内市","大字コード":"031","丁目コード":"002","小字コード":"0000","予備コード":"00","大字名":"緑","丁目名":"２丁目","小字名":null,"予備名":null,"地番":"38-7","精度区分":null,"座標値種別":"図上測量","筆界未定構成筆":null,"代表点緯度":-309.693,"代表点経度":1693.244227335}},{"type":"MultiPolygon","arcs":[[[-756,780,781]]],"properties":{"筆ID":"H000000250","version":"ver1.0","座標系":"任意座標系","測地系判別":null,"地図名":"H20450301214026","地図番号":"区-C-10","縮尺分母":"600","市区町村コード":"01214","市区町村名":"稚内市","大字コード":"031","丁目コード":"002","小字コード":"0000","予備コード":"00","大字名":"緑","丁目名":"２丁目","小字名":null,"予備名":null,"地番":"38-5","精度区分":null,"座標値種別":"図上測量","筆界未定構成筆":null,"代表点緯度":-139.1215,"代表点経度":1733.997453066}},{"type":"MultiPolygon","arcs":[[[-685,-722,-752,-782]]],"properties":{"筆ID":"H000000251","version":"ver1.0","座標系":"任意座標系","測地系判別":null,"地図名":"H20450301214026","地図番号":"区-C-10","縮尺分母":"600","市区町村コード":"01214","市区町村名":"稚内市","大字コード":"031","丁目コード":"002","小字コード":"0000","予備コード":"00","大字名":"緑","丁目名":"２丁目","小字名":null,"予備名":null,"地番":"2570-2","精度区分":null,"座標値種別":"図上測量","筆界未定構成筆":null,"代表点緯度":-136.0105,"代表点経度":1731.571787203}},{"type":"MultiPolygon","arcs":[[[-686,-781,-755,782,783,-739]]],"properties":{"筆ID":"H000000252","version":"ver1.0","座標系":"任意座標系","測地系判別":null,"地図名":"H20450301214026","地図番号":"区-C-10","縮尺分母":"600","市区町村コード":"01214","市区町村名":"稚内市","大字コード":"031","丁目コード":"002","小字コード":"0000","予備コード":"00","大字名":"緑","丁目名":"２丁目","小字名":null,"予備名":null,"地番":"38-4","精度区分":null,"座標値種別":"図上測量","筆界未定構成筆":null,"代表点緯度":-141.551,"代表点経度":1744.11343549}},{"type":"MultiPolygon","arcs":[[[-758,-708,-759,-729]]],"properties":{"筆ID":"H000000253","version":"ver1.0","座標系":"任意座標系","測地系判別":null,"地図名":"H20450301214026","地図番号":"区-C-10","縮尺分母":"600","市区町村コード":"01214","市区町村名":"稚内市","大字コード":"031","丁目コード":"002","小字コード":"0000","予備コード":"00","大字名":"緑","丁目名":"２丁目","小字名":null,"予備名":null,"地番":"42-2","精度区分":null,"座標値種別":"図上測量","筆界未定構成筆":null,"代表点緯度":-314.777,"代表点経度":1580.164239178}},{"type":"MultiPolygon","arcs":[[[784,-736,785,786]]],"properties":{"筆ID":"H000000254","version":"ver1.0","座標系":"任意座標系","測地系判別":null,"地図名":"H20450301214026","地図番号":"区-C-10","縮尺分母":"600","市区町村コード":"01214","市区町村名":"稚内市","大字コード":"031","丁目コード":"002","小字コード":"0000","予備コード":"00","大字名":"緑","丁目名":"２丁目","小字名":null,"予備名":null,"地番":"41-4","精度区分":null,"座標値種別":"図上測量","筆界未定構成筆":null,"代表点緯度":-339.661,"代表点経度":1583.656658144}},{"type":"MultiPolygon","arcs":[[[787,-732,788,789]]],"properties":{"筆ID":"H000000255","version":"ver1.0","座標系":"任意座標系","測地系判別":null,"地図名":"H20450301214026","地図番号":"区-C-10","縮尺分母":"600","市区町村コード":"01214","市区町村名":"稚内市","大字コード":"031","丁目コード":"002","小字コード":"0000","予備コード":"00","大字名":"緑","丁目名":"２丁目","小字名":null,"予備名":null,"地番":"41-13","精度区分":null,"座標値種別":"図上測量","筆界未定構成筆":null,"代表点緯度":-317.1385,"代表点経度":1602.029531468}},{"type":"MultiPolygon","arcs":[[[790,-790,791,792]]],"properties":{"筆ID":"H000000256","version":"ver1.0","座標系":"任意座標系","測地系判別":null,"地図名":"H20450301214026","地図番号":"区-C-10","縮尺分母":"600","市区町村コード":"01214","市区町村名":"稚内市","大字コード":"031","丁目コード":"002","小字コード":"0000","予備コード":"00","大字名":"緑","丁目名":"２丁目","小字名":null,"予備名":null,"地番":"41-1","精度区分":null,"座標値種別":"図上測量","筆界未定構成筆":null,"代表点緯度":-322.8195,"代表点経度":1607.674582675}},{"type":"MultiPolygon","arcs":[[[793,794,795,-771]]],"properties":{"筆ID":"H000000257","version":"ver1.0","座標系":"任意座標系","測地系判別":null,"地図名":"H20450301214026","地図番号":"区-C-10","縮尺分母":"600","市区町村コード":"01214","市区町村名":"稚内市","大字コード":"031","丁目コード":"002","小字コード":"0000","予備コード":"00","大字名":"緑","丁目名":"２丁目","小字名":null,"予備名":null,"地番":"41-7","精度区分":null,"座標値種別":"図上測量","筆界未定構成筆":null,"代表点緯度":-345.6345,"代表点経度":1625.521542755}},{"type":"MultiPolygon","arcs":[[[796,797,-794,-769]]],"properties":{"筆ID":"H000000258","version":"ver1.0","座標系":"任意座標系","測地系判別":null,"地図名":"H20450301214026","地図番号":"区-C-10","縮尺分母":"600","市区町村コード":"01214","市区町村名":"稚内市","大字コード":"031","丁目コード":"002","小字コード":"0000","予備コード":"00","大字名":"緑","丁目名":"２丁目","小字名":null,"予備名":null,"地番":"41-8","精度区分":null,"座標値種別":"図上測量","筆界未定構成筆":null,"代表点緯度":-360.2295,"代表点経度":1610.313043399}},{"type":"MultiPolygon","arcs":[[[-735,798,799,-786]]],"properties":{"筆ID":"H000000259","version":"ver1.0","座標系":"任意座標系","測地系判別":null,"地図名":"H20450301214026","地図番号":"区-C-10","縮尺分母":"600","市区町村コード":"01214","市区町村名":"稚内市","大字コード":"031","丁目コード":"002","小字コード":"0000","予備コード":"00","大字名":"緑","丁目名":"２丁目","小字名":null,"予備名":null,"地番":"41-12","精度区分":null,"座標値種別":"図上測量","筆界未定構成筆":null,"代表点緯度":-335.252,"代表点経度":1589.769100507}},{"type":"MultiPolygon","arcs":[[[-799,-734,800,801]]],"properties":{"筆ID":"H000000260","version":"ver1.0","座標系":"任意座標系","測地系判別":null,"地図名":"H20450301214026","地図番号":"区-C-10","縮尺分母":"600","市区町村コード":"01214","市区町村名":"稚内市","大字コード":"031","丁目コード":"002","小字コード":"0000","予備コード":"00","大字名":"緑","丁目名":"２丁目","小字名":null,"予備名":null,"地番":"41-3","精度区分":null,"座標値種別":"図上測量","筆界未定構成筆":null,"代表点緯度":-331.2585,"代表点経度":1593.371146956}},{"type":"MultiPolygon","arcs":[[[-801,-733,-788,-791,802]]],"properties":{"筆ID":"H000000261","version":"ver1.0","座標系":"任意座標系","測地系判別":null,"地図名":"H20450301214026","地図番号":"区-C-10","縮尺分母":"600","市区町村コード":"01214","市区町村名":"稚内市","大字コード":"031","丁目コード":"002","小字コード":"0000","予備コード":"00","大字名":"緑","丁目名":"２丁目","小字名":null,"予備名":null,"地番":"41-2","精度区分":null,"座標値種別":"図上測量","筆界未定構成筆":null,"代表点緯度":-327.9345,"代表点経度":1598.1108347}},{"type":"MultiPolygon","arcs":[[[803,804,805,806,807,808,809,-698,-767,810]]],"properties":{"筆ID":"H000000262","version":"ver1.0","座標系":"任意座標系","測地系判別":null,"地図名":"H20450301214026","地図番号":"区-C-10","縮尺分母":"600","市区町村コード":"01214","市区町村名":"稚内市","大字コード":"031","丁目コード":"002","小字コード":"0000","予備コード":"00","大字名":"緑","丁目名":"２丁目","小字名":null,"予備名":null,"地番":"40-15","精度区分":null,"座標値種別":"図上測量","筆界未定構成筆":null,"代表点緯度":-290.2425,"代表点経度":1643.452218836}},{"type":"MultiPolygon","arcs":[[[811,812,813,814]]],"properties":{"筆ID":"H000000263","version":"ver1.0","座標系":"任意座標系","測地系判別":null,"地図名":"H20450301214026","地図番号":"区-C-10","縮尺分母":"600","市区町村コード":"01214","市区町村名":"稚内市","大字コード":"031","丁目コード":"002","小字コード":"0000","予備コード":"00","大字名":"緑","丁目名":"２丁目","小字名":null,"予備名":null,"地番":"40-4","精度区分":null,"座標値種別":"図上測量","筆界未定構成筆":null,"代表点緯度":-303.7,"代表点経度":1616.890727665}},{"type":"MultiPolygon","arcs":[[[815,816,-699,-810]]],"properties":{"筆ID":"H000000264","version":"ver1.0","座標系":"任意座標系","測地系判別":null,"地図名":"H20450301214026","地図番号":"区-C-10","縮尺分母":"600","市区町村コード":"01214","市区町村名":"稚内市","大字コード":"031","丁目コード":"002","小字コード":"0000","予備コード":"00","大字名":"緑","丁目名":"２丁目","小字名":null,"予備名":null,"地番":"40-1","精度区分":null,"座標値種別":"図上測量","筆界未定構成筆":null,"代表点緯度":-273.642,"代表点経度":1643.583531422}},{"type":"MultiPolygon","arcs":[[[817,-761,818,819,820,-764,-700,-817,821,822,823,824,825,826,-814]]],"properties":{"筆ID":"H000000265","version":"ver1.0","座標系":"任意座標系","測地系判別":null,"地図名":"H20450301214026","地図番号":"区-C-10","縮尺分母":"600","市区町村コード":"01214","市区町村名":"稚内市","大字コード":"031","丁目コード":"002","小字コード":"0000","予備コード":"00","大字名":"緑","丁目名":"２丁目","小字名":null,"予備名":null,"地番":"道-13","精度区分":null,"座標値種別":"図上測量","筆界未定構成筆":null,"代表点緯度":-281.834,"代表点経度":1624.062397672}},{"type":"MultiPolygon","arcs":[[[-822,-816,-809,827]]],"properties":{"筆ID":"H000000266","version":"ver1.0","座標系":"任意座標系","測地系判別":null,"地図名":"H20450301214026","地図番号":"区-C-10","縮尺分母":"600","市区町村コード":"01214","市区町村名":"稚内市","大字コード":"031","丁目コード":"002","小字コード":"0000","予備コード":"00","大字名":"緑","丁目名":"２丁目","小字名":null,"予備名":null,"地番":"40-11","精度区分":null,"座標値種別":"図上測量","筆界未定構成筆":null,"代表点緯度":-277.7385,"代表点経度":1639.629315719}},{"type":"MultiPolygon","arcs":[[[828,-823,-828,-808]]],"properties":{"筆ID":"H000000267","version":"ver1.0","座標系":"任意座標系","測地系判別":null,"地図名":"H20450301214026","地図番号":"区-C-10","縮尺分母":"600","市区町村コード":"01214","市区町村名":"稚内市","大字コード":"031","丁目コード":"002","小字コード":"0000","予備コード":"00","大字名":"緑","丁目名":"２丁目","小字名":null,"予備名":null,"地番":"40-2","精度区分":null,"座標値種別":"図上測量","筆界未定構成筆":null,"代表点緯度":-281.1755,"代表点経度":1636.746149329}},{"type":"MultiPolygon","arcs":[[[-824,-829,-807,829]]],"properties":{"筆ID":"H000000268","version":"ver1.0","座標系":"任意座標系","測地系判別":null,"地図名":"H20450301214026","地図番号":"区-C-10","縮尺分母":"600","市区町村コード":"01214","市区町村名":"稚内市","大字コード":"031","丁目コード":"002","小字コード":"0000","予備コード":"00","大字名":"緑","丁目名":"２丁目","小字名":null,"予備名":null,"地番":"40-12","精度区分":null,"座標値種別":"図上測量","筆界未定構成筆":null,"代表点緯度":-286.093,"代表点経度":1632.369377649}},{"type":"MultiPolygon","arcs":[[[830,-825,-830,-806]]],"properties":{"筆ID":"H000000269","version":"ver1.0","座標系":"任意座標系","測地系判別":null,"地図名":"H20450301214026","地図番号":"区-C-10","縮尺分母":"600","市区町村コード":"01214","市区町村名":"稚内市","大字コード":"031","丁目コード":"002","小字コード":"0000","予備コード":"00","大字名":"緑","丁目名":"２丁目","小字名":null,"予備名":null,"地番":"40-13","精度区分":null,"座標値種別":"図上測量","筆界未定構成筆":null,"代表点緯度":-289.1155,"代表点経度":1629.585514633}},{"type":"MultiPolygon","arcs":[[[-826,-831,-805,831,832]]],"properties":{"筆ID":"H000000270","version":"ver1.0","座標系":"任意座標系","測地系判別":null,"地図名":"H20450301214026","地図番号":"区-C-10","縮尺分母":"600","市区町村コード":"01214","市区町村名":"稚内市","大字コード":"031","丁目コード":"002","小字コード":"0000","予備コード":"00","大字名":"緑","丁目名":"２丁目","小字名":null,"予備名":null,"地番":"40-3","精度区分":null,"座標値種別":"図上測量","筆界未定構成筆":null,"代表点緯度":-294.0725,"代表点経度":1625.133592158}},{"type":"MultiPolygon","arcs":[[[-763,-704,833,-819]]],"properties":{"筆ID":"H000000271","version":"ver1.0","座標系":"任意座標系","測地系判別":null,"地図名":"H20450301214026","地図番号":"区-C-10","縮尺分母":"600","市区町村コード":"01214","市区町村名":"稚内市","大字コード":"031","丁目コード":"002","小字コード":"0000","予備コード":"00","大字名":"緑","丁目名":"２丁目","小字名":null,"予備名":null,"地番":"39-3","精度区分":null,"座標値種別":"図上測量","筆界未定構成筆":null,"代表点緯度":-284.855,"代表点経度":1612.677489079}},{"type":"MultiPolygon","arcs":[[[-834,-703,834,-820]]],"properties":{"筆ID":"H000000272","version":"ver1.0","座標系":"任意座標系","測地系判別":null,"地図名":"H20450301214026","地図番号":"区-C-10","縮尺分母":"600","市区町村コード":"01214","市区町村名":"稚内市","大字コード":"031","丁目コード":"002","小字コード":"0000","予備コード":"00","大字名":"緑","丁目名":"２丁目","小字名":null,"予備名":null,"地番":"39-2","精度区分":null,"座標値種別":"図上測量","筆界未定構成筆":null,"代表点緯度":-270.7885,"代表点経度":1619.999079423}},{"type":"MultiPolygon","arcs":[[[-835,-702,-765,-821]]],"properties":{"筆ID":"H000000273","version":"ver1.0","座標系":"任意座標系","測地系判別":null,"地図名":"H20450301214026","地図番号":"区-C-10","縮尺分母":"600","市区町村コード":"01214","市区町村名":"稚内市","大字コード":"031","丁目コード":"002","小字コード":"0000","予備コード":"00","大字名":"緑","丁目名":"２丁目","小字名":null,"予備名":null,"地番":"39-5","精度区分":null,"座標値種別":"図上測量","筆界未定構成筆":null,"代表点緯度":-265.95,"代表点経度":1624.287633056}},{"type":"MultiPolygon","arcs":[[[835,836,837,-695,-777]]],"properties":{"筆ID":"H000000274","version":"ver1.0","座標系":"任意座標系","測地系判別":null,"地図名":"H20450301214026","地図番号":"区-C-10","縮尺分母":"600","市区町村コード":"01214","市区町村名":"稚内市","大字コード":"031","丁目コード":"002","小字コード":"0000","予備コード":"00","大字名":"緑","丁目名":"２丁目","小字名":null,"予備名":null,"地番":"40-18","精度区分":null,"座標値種別":"図上測量","筆界未定構成筆":null,"代表点緯度":-317.9025,"代表点経度":1658.75326757}},{"type":"MultiPolygon","arcs":[[[-774,838,839,-836,-776]]],"properties":{"筆ID":"H000000275","version":"ver1.0","座標系":"任意座標系","測地系判別":null,"地図名":"H20450301214026","地図番号":"区-C-10","縮尺分母":"600","市区町村コード":"01214","市区町村名":"稚内市","大字コード":"031","丁目コード":"002","小字コード":"0000","予備コード":"00","大字名":"緑","丁目名":"２丁目","小字名":null,"予備名":null,"地番":"40-19","精度区分":null,"座標値種別":"図上測量","筆界未定構成筆":null,"代表点緯度":-334.285,"代表点経度":1649.404572465}},{"type":"MultiPolygon","arcs":[[[840,841,842,843,-718]]],"properties":{"筆ID":"H000000276","version":"ver1.0","座標系":"任意座標系","測地系判別":null,"地図名":"H20450301214026","地図番号":"区-C-7","縮尺分母":"600","市区町村コード":"01214","市区町村名":"稚内市","大字コード":"031","丁目コード":"002","小字コード":"0000","予備コード":"00","大字名":"緑","丁目名":"２丁目","小字名":null,"予備名":null,"地番":"37-8","精度区分":null,"座標値種別":"図上測量","筆界未定構成筆":null,"代表点緯度":-168.431,"代表点経度":1668.559541719}},{"type":"MultiPolygon","arcs":[[[-460,844,845,-711]]],"properties":{"筆ID":"H000000277","version":"ver1.0","座標系":"任意座標系","測地系判別":null,"地図名":"H20450301214026","地図番号":"区-C-7","縮尺分母":"600","市区町村コード":"01214","市区町村名":"稚内市","大字コード":"031","丁目コード":"002","小字コード":"0000","予備コード":"00","大字名":"緑","丁目名":"２丁目","小字名":null,"予備名":null,"地番":"43-2","精度区分":null,"座標値種別":"図上測量","筆界未定構成筆":null,"代表点緯度":-304.21,"代表点経度":1547.045929289}},{"type":"MultiPolygon","arcs":[[[846,847,848,849,-713]]],"properties":{"筆ID":"H000000278","version":"ver1.0","座標系":"任意座標系","測地系判別":null,"地図名":"H20450301214026","地図番号":"区-C-7","縮尺分母":"600","市区町村コード":"01214","市区町村名":"稚内市","大字コード":"031","丁目コード":"002","小字コード":"0000","予備コード":"00","大字名":"緑","丁目名":"２丁目","小字名":null,"予備名":null,"地番":"43-1","精度区分":null,"座標値種別":"図上測量","筆界未定構成筆":null,"代表点緯度":-285.0115,"代表点経度":1565.33322198}},{"type":"MultiPolygon","arcs":[[[-850,850,851,852,853,854,855,856,-714]]],"properties":{"筆ID":"H000000279","version":"ver1.0","座標系":"任意座標系","測地系判別":null,"地図名":"H20450301214026","地図番号":"区-C-7","縮尺分母":"600","市区町村コード":"01214","市区町村名":"稚内市","大字コード":"031","丁目コード":"002","小字コード":"0000","予備コード":"00","大字名":"緑","丁目名":"２丁目","小字名":null,"予備名":null,"地番":"96-5","精度区分":null,"座標値種別":"図上測量","筆界未定構成筆":null,"代表点緯度":-255.8615,"代表点経度":1556.681584597}},{"type":"MultiPolygon","arcs":[[[-844,857,858,859,-719]]],"properties":{"筆ID":"H000000280","version":"ver1.0","座標系":"任意座標系","測地系判別":null,"地図名":"H20450301214026","地図番号":"区-C-7","縮尺分母":"600","市区町村コード":"01214","市区町村名":"稚内市","大字コード":"031","丁目コード":"002","小字コード":"0000","予備コード":"00","大字名":"緑","丁目名":"２丁目","小字名":null,"予備名":null,"地番":"37-1","精度区分":null,"座標値種別":"図上測量","筆界未定構成筆":null,"代表点緯度":-138.309,"代表点経度":1668.733462389}},{"type":"MultiPolygon","arcs":[[[860,861,862,863,864,865,866,867,-377,868,869]]],"properties":{"筆ID":"H000000281","version":"ver1.0","座標系":"任意座標系","測地系判別":null,"地図名":"H20450301214026","地図番号":"区-C-7","縮尺分母":"600","市区町村コード":"01214","市区町村名":"稚内市","大字コード":"031","丁目コード":"002","小字コード":"0000","予備コード":"00","大字名":"緑","丁目名":"２丁目","小字名":null,"予備名":null,"地番":"96-1","精度区分":null,"座標値種別":"図上測量","筆界未定構成筆":null,"代表点緯度":-188.738,"代表点経度":1491.805961865}},{"type":"MultiPolygon","arcs":[[[870,-378,-868,871]]],"properties":{"筆ID":"H000000282","version":"ver1.0","座標系":"任意座標系","測地系判別":null,"地図名":"H20450301214026","地図番号":"区-C-7","縮尺分母":"600","市区町村コード":"01214","市区町村名":"稚内市","大字コード":"031","丁目コード":"002","小字コード":"0000","予備コード":"00","大字名":"緑","丁目名":"２丁目","小字名":null,"予備名":null,"地番":"45-14","精度区分":null,"座標値種別":"図上測量","筆界未定構成筆":null,"代表点緯度":-165.3875,"代表点経度":1453.268327331}},{"type":"MultiPolygon","arcs":[[[-445,-380,872,873]]],"properties":{"筆ID":"H000000283","version":"ver1.0","座標系":"任意座標系","測地系判別":null,"地図名":"H20450301214026","地図番号":"区-C-7","縮尺分母":"600","市区町村コード":"01214","市区町村名":"稚内市","大字コード":"031","丁目コード":"002","小字コード":"0000","予備コード":"00","大字名":"緑","丁目名":"２丁目","小字名":null,"予備名":null,"地番":"45-10","精度区分":null,"座標値種別":"図上測量","筆界未定構成筆":null,"代表点緯度":-188.59,"代表点経度":1442.930883865}},{"type":"MultiPolygon","arcs":[[[874,875,876,-447]]],"properties":{"筆ID":"H000000284","version":"ver1.0","座標系":"任意座標系","測地系判別":null,"地図名":"H20450301214026","地図番号":"区-C-7","縮尺分母":"600","市区町村コード":"01214","市区町村名":"稚内市","大字コード":"031","丁目コード":"002","小字コード":"0000","予備コード":"00","大字名":"緑","丁目名":"２丁目","小字名":null,"予備名":null,"地番":"45-8","精度区分":null,"座標値種別":"図上測量","筆界未定構成筆":null,"代表点緯度":-209.383,"代表点経度":1462.077432912}},{"type":"MultiPolygon","arcs":[[[-877,877,878,-864,879,880,881,-448]]],"properties":{"筆ID":"H000000285","version":"ver1.0","座標系":"任意座標系","測地系判別":null,"地図名":"H20450301214026","地図番号":"区-C-7","縮尺分母":"600","市区町村コード":"01214","市区町村名":"稚内市","大字コード":"031","丁目コード":"002","小字コード":"0000","予備コード":"00","大字名":"緑","丁目名":"２丁目","小字名":null,"予備名":null,"地番":"101","精度区分":null,"座標値種別":"図上測量","筆界未定構成筆":null,"代表点緯度":-211.2525,"代表点経度":1475.239461972}},{"type":"MultiPolygon","arcs":[[[882,-449,-882,883]]],"properties":{"筆ID":"H000000286","version":"ver1.0","座標系":"任意座標系","測地系判別":null,"地図名":"H20450301214026","地図番号":"区-C-7","縮尺分母":"600","市区町村コード":"01214","市区町村名":"稚内市","大字コード":"031","丁目コード":"002","小字コード":"0000","予備コード":"00","大字名":"緑","丁目名":"２丁目","小字名":null,"予備名":null,"地番":"44-18","精度区分":null,"座標値種別":"図上測量","筆界未定構成筆":null,"代表点緯度":-224.024,"代表点経度":1475.343784923}},{"type":"MultiPolygon","arcs":[[[884,885,886,-453]]],"properties":{"筆ID":"H000000287","version":"ver1.0","座標系":"任意座標系","測地系判別":null,"地図名":"H20450301214026","地図番号":"区-C-7","縮尺分母":"600","市区町村コード":"01214","市区町村名":"稚内市","大字コード":"031","丁目コード":"002","小字コード":"0000","予備コード":"00","大字名":"緑","丁目名":"２丁目","小字名":null,"予備名":null,"地番":"44-2","精度区分":null,"座標値種別":"図上測量","筆界未定構成筆":null,"代表点緯度":-255.0005,"代表点経度":1499.646952309}},{"type":"MultiPolygon","arcs":[[[-887,887,888,889,890,-855,891,892,893,894,-454]]],"properties":{"筆ID":"H000000288","version":"ver1.0","座標系":"任意座標系","測地系判別":null,"地図名":"H20450301214026","地図番号":"区-C-7","縮尺分母":"600","市区町村コード":"01214","市区町村名":"稚内市","大字コード":"031","丁目コード":"002","小字コード":"0000","予備コード":"00","大字名":"緑","丁目名":"２丁目","小字名":null,"予備名":null,"地番":"100","精度区分":null,"座標値種別":"図上測量","筆界未定構成筆":null,"代表点緯度":-250.534,"代表点経度":1517.995471264}},{"type":"MultiPolygon","arcs":[[[-455,-895,895,896]]],"properties":{"筆ID":"H000000289","version":"ver1.0","座標系":"任意座標系","測地系判別":null,"地図名":"H20450301214026","地図番号":"区-C-7","縮尺分母":"600","市区町村コード":"01214","市区町村名":"稚内市","大字コード":"031","丁目コード":"002","小字コード":"0000","予備コード":"00","大字名":"緑","丁目名":"２丁目","小字名":null,"予備名":null,"地番":"43-7","精度区分":null,"座標値種別":"図上測量","筆界未定構成筆":null,"代表点緯度":-270.8805,"代表点経度":1516.065177561}},{"type":"MultiPolygon","arcs":[[[-843,897,898,-858]]],"properties":{"筆ID":"H000000290","version":"ver1.0","座標系":"任意座標系","測地系判別":null,"地図名":"H20450301214026","地図番号":"区-C-7","縮尺分母":"600","市区町村コード":"01214","市区町村名":"稚内市","大字コード":"031","丁目コード":"002","小字コード":"0000","予備コード":"00","大字名":"緑","丁目名":"２丁目","小字名":null,"予備名":null,"地番":"37-10","精度区分":null,"座標値種別":"図上測量","筆界未定構成筆":null,"代表点緯度":-168.656,"代表点経度":1656.244371923}},{"type":"MultiPolygon","arcs":[[[899,-870,900,-856]]],"properties":{"筆ID":"H000000291","version":"ver1.0","座標系":"任意座標系","測地系判別":null,"地図名":"H20450301214026","地図番号":"区-C-7","縮尺分母":"600","市区町村コード":"01214","市区町村名":"稚内市","大字コード":"031","丁目コード":"002","小字コード":"0000","予備コード":"00","大字名":"緑","丁目名":"２丁目","小字名":null,"予備名":null,"地番":"96-4","精度区分":null,"座標値種別":"図上測量","筆界未定構成筆":null,"代表点緯度":-225.991,"代表点経度":1527.693727687}},{"type":"MultiPolygon","arcs":[[[901,902,903,-900,-891]]],"properties":{"筆ID":"H000000292","version":"ver1.0","座標系":"任意座標系","測地系判別":null,"地図名":"H20450301214026","地図番号":"区-C-7","縮尺分母":"600","市区町村コード":"01214","市区町村名":"稚内市","大字コード":"031","丁目コード":"002","小字コード":"0000","予備コード":"00","大字名":"緑","丁目名":"２丁目","小字名":null,"予備名":null,"地番":"44-1","精度区分":null,"座標値種別":"図上測量","筆界未定構成筆":null,"代表点緯度":-235.771,"代表点経度":1518.106023939}},{"type":"MultiPolygon","arcs":[[[904,-880,-863,905,906]]],"properties":{"筆ID":"H000000293","version":"ver1.0","座標系":"任意座標系","測地系判別":null,"地図名":"H20450301214026","地図番号":"区-C-7","縮尺分母":"600","市区町村コード":"01214","市区町村名":"稚内市","大字コード":"031","丁目コード":"002","小字コード":"0000","予備コード":"00","大字名":"緑","丁目名":"２丁目","小字名":null,"予備名":null,"地番":"44-16","精度区分":null,"座標値種別":"図上測量","筆界未定構成筆":null,"代表点緯度":-209.75,"代表点経度":1496.619416516}},{"type":"MultiPolygon","arcs":[[[907,908,-865,-879]]],"properties":{"筆ID":"H000000294","version":"ver1.0","座標系":"任意座標系","測地系判別":null,"地図名":"H20450301214026","地図番号":"区-C-7","縮尺分母":"600","市区町村コード":"01214","市区町村名":"稚内市","大字コード":"031","丁目コード":"002","小字コード":"0000","予備コード":"00","大字名":"緑","丁目名":"２丁目","小字名":null,"予備名":null,"地番":"45-11","精度区分":null,"座標値種別":"図上測量","筆界未定構成筆":null,"代表点緯度":-190.909,"代表点経度":1478.610742745}},{"type":"MultiPolygon","arcs":[[[-878,-876,909,-873,-379,-871,910,911,-908]]],"properties":{"筆ID":"H000000295","version":"ver1.0","座標系":"任意座標系","測地系判別":null,"地図名":"H20450301214026","地図番号":"区-C-7","縮尺分母":"600","市区町村コード":"01214","市区町村名":"稚内市","大字コード":"031","丁目コード":"002","小字コード":"0000","予備コード":"00","大字名":"緑","丁目名":"２丁目","小字名":null,"予備名":null,"地番":"45-1","精度区分":null,"座標値種別":"図上測量","筆界未定構成筆":null,"代表点緯度":-187.854,"代表点経度":1460.361392624}},{"type":"MultiPolygon","arcs":[[[-912,912,-866,-909]]],"properties":{"筆ID":"H000000296","version":"ver1.0","座標系":"任意座標系","測地系判別":null,"地図名":"H20450301214026","地図番号":"区-C-7","縮尺分母":"600","市区町村コード":"01214","市区町村名":"稚内市","大字コード":"031","丁目コード":"002","小字コード":"0000","予備コード":"00","大字名":"緑","丁目名":"２丁目","小字名":null,"予備名":null,"地番":"45-12","精度区分":null,"座標値種別":"図上測量","筆界未定構成筆":null,"代表点緯度":-180.131,"代表点経度":1468.197660873}},{"type":"MultiPolygon","arcs":[[[-913,-911,-872,-867]]],"properties":{"筆ID":"H000000297","version":"ver1.0","座標系":"任意座標系","測地系判別":null,"地図名":"H20450301214026","地図番号":"区-C-7","縮尺分母":"600","市区町村コード":"01214","市区町村名":"稚内市","大字コード":"031","丁目コード":"002","小字コード":"0000","予備コード":"00","大字名":"緑","丁目名":"２丁目","小字名":null,"予備名":null,"地番":"45-13","精度区分":null,"座標値種別":"図上測量","筆界未定構成筆":null,"代表点緯度":-172.2595,"代表点経度":1460.58459656}},{"type":"MultiPolygon","arcs":[[[-875,-446,-874,-910]]],"properties":{"筆ID":"H000000298","version":"ver1.0","座標系":"任意座標系","測地系判別":null,"地図名":"H20450301214026","地図番号":"区-C-7","縮尺分母":"600","市区町村コード":"01214","市区町村名":"稚内市","大字コード":"031","丁目コード":"002","小字コード":"0000","予備コード":"00","大字名":"緑","丁目名":"２丁目","小字名":null,"予備名":null,"地番":"45-9","精度区分":null,"座標値種別":"図上測量","筆界未定構成筆":null,"代表点緯度":-198.336,"代表点経度":1452.196413552}},{"type":"MultiPolygon","arcs":[[[913,-450,-883,914]]],"properties":{"筆ID":"H000000299","version":"ver1.0","座標系":"任意座標系","測地系判別":null,"地図名":"H20450301214026","地図番号":"区-C-7","縮尺分母":"600","市区町村コード":"01214","市区町村名":"稚内市","大字コード":"031","丁目コード":"002","小字コード":"0000","予備コード":"00","大字名":"緑","丁目名":"２丁目","小字名":null,"予備名":null,"地番":"44-19","精度区分":null,"座標値種別":"図上測量","筆界未定構成筆":null,"代表点緯度":-232.3915,"代表点経度":1482.490416885}},{"type":"MultiPolygon","arcs":[[[-914,915,-907,916,917,918,919,-451]]],"properties":{"筆ID":"H000000300","version":"ver1.0","座標系":"任意座標系","測地系判別":null,"地図名":"H20450301214026","地図番号":"区-C-7","縮尺分母":"600","市区町村コード":"01214","市区町村名":"稚内市","大字コード":"031","丁目コード":"002","小字コード":"0000","予備コード":"00","大字名":"緑","丁目名":"２丁目","小字名":null,"予備名":null,"地番":"44-5","精度区分":null,"座標値種別":"図上測量","筆界未定構成筆":null,"代表点緯度":-232.4685,"代表点経度":1491.481275178}},{"type":"MultiPolygon","arcs":[[[920,-861,-904,921]]],"properties":{"筆ID":"H000000301","version":"ver1.0","座標系":"任意座標系","測地系判別":null,"地図名":"H20450301214026","地図番号":"区-C-7","縮尺分母":"600","市区町村コード":"01214","市区町村名":"稚内市","大字コード":"031","丁目コード":"002","小字コード":"0000","予備コード":"00","大字名":"緑","丁目名":"２丁目","小字名":null,"予備名":null,"地番":"44-4","精度区分":null,"座標値種別":"図上測量","筆界未定構成筆":null,"代表点緯度":-222.0235,"代表点経度":1514.029389405}},{"type":"MultiPolygon","arcs":[[[-917,-906,-862,-921]]],"properties":{"筆ID":"H000000302","version":"ver1.0","座標系":"任意座標系","測地系判別":null,"地図名":"H20450301214026","地図番号":"区-C-7","縮尺分母":"600","市区町村コード":"01214","市区町村名":"稚内市","大字コード":"031","丁目コード":"002","小字コード":"0000","予備コード":"00","大字名":"緑","丁目名":"２丁目","小字名":null,"予備名":null,"地番":"44-15","精度区分":null,"座標値種別":"図上測量","筆界未定構成筆":null,"代表点緯度":-216.09,"代表点経度":1508.296802102}},{"type":"MultiPolygon","arcs":[[[-885,-452,-920,922,923,924]]],"properties":{"筆ID":"H000000303","version":"ver1.0","座標系":"任意座標系","測地系判別":null,"地図名":"H20450301214026","地図番号":"区-C-7","縮尺分母":"600","市区町村コード":"01214","市区町村名":"稚内市","大字コード":"031","丁目コード":"002","小字コード":"0000","予備コード":"00","大字名":"緑","丁目名":"２丁目","小字名":null,"予備名":null,"地番":"44-3","精度区分":null,"座標値種別":"図上測量","筆界未定構成筆":null,"代表点緯度":-244.56,"代表点経度":1490.649981781}},{"type":"MultiPolygon","arcs":[[[925,-918,-922,-903,926,927]]],"properties":{"筆ID":"H000000304","version":"ver1.0","座標系":"任意座標系","測地系判別":null,"地図名":"H20450301214026","地図番号":"区-C-7","縮尺分母":"600","市区町村コード":"01214","市区町村名":"稚内市","大字コード":"031","丁目コード":"002","小字コード":"0000","予備コード":"00","大字名":"緑","丁目名":"２丁目","小字名":null,"予備名":null,"地番":"44-13","精度区分":null,"座標値種別":"図上測量","筆界未定構成筆":null,"代表点緯度":-229.3025,"代表点経度":1506.499761683}},{"type":"MultiPolygon","arcs":[[[928,929,-889,930]]],"properties":{"筆ID":"H000000305","version":"ver1.0","座標系":"任意座標系","測地系判別":null,"地図名":"H20450301214026","地図番号":"区-C-7","縮尺分母":"600","市区町村コード":"01214","市区町村名":"稚内市","大字コード":"031","丁目コード":"002","小字コード":"0000","予備コード":"00","大字名":"緑","丁目名":"２丁目","小字名":null,"予備名":null,"地番":"44-9","精度区分":null,"座標値種別":"図上測量","筆界未定構成筆":null,"代表点緯度":-247.174,"代表点経度":1507.202049021}},{"type":"MultiPolygon","arcs":[[[-927,-902,-890,-930]]],"properties":{"筆ID":"H000000306","version":"ver1.0","座標系":"任意座標系","測地系判別":null,"地図名":"H20450301214026","地図番号":"区-C-7","縮尺分母":"600","市区町村コード":"01214","市区町村名":"稚内市","大字コード":"031","丁目コード":"002","小字コード":"0000","予備コード":"00","大字名":"緑","丁目名":"２丁目","小字名":null,"予備名":null,"地番":"44-14","精度区分":null,"座標値種別":"図上測量","筆界未定構成筆":null,"代表点緯度":-243.1575,"代表点経度":1511.487586251}},{"type":"MultiPolygon","arcs":[[[931,-928,-929,-924]]],"properties":{"筆ID":"H000000307","version":"ver1.0","座標系":"任意座標系","測地系判別":null,"地図名":"H20450301214026","地図番号":"区-C-7","縮尺分母":"600","市区町村コード":"01214","市区町村名":"稚内市","大字コード":"031","丁目コード":"002","小字コード":"0000","予備コード":"00","大字名":"緑","丁目名":"２丁目","小字名":null,"予備名":null,"地番":"44-12","精度区分":null,"座標値種別":"図上測量","筆界未定構成筆":null,"代表点緯度":-240.91,"代表点経度":1502.887217354}},{"type":"MultiPolygon","arcs":[[[-886,-925,-931,-888]]],"properties":{"筆ID":"H000000308","version":"ver1.0","座標系":"任意座標系","測地系判別":null,"地図名":"H20450301214026","地図番号":"区-C-7","縮尺分母":"600","市区町村コード":"01214","市区町村名":"稚内市","大字コード":"031","丁目コード":"002","小字コード":"0000","予備コード":"00","大字名":"緑","丁目名":"２丁目","小字名":null,"予備名":null,"地番":"44-10","精度区分":null,"座標値種別":"図上測量","筆界未定構成筆":null,"代表点緯度":-251.467,"代表点経度":1503.323415598}},{"type":"MultiPolygon","arcs":[[[-923,-919,-926,-932]]],"properties":{"筆ID":"H000000309","version":"ver1.0","座標系":"任意座標系","測地系判別":null,"地図名":"H20450301214026","地図番号":"区-C-7","縮尺分母":"600","市区町村コード":"01214","市区町村名":"稚内市","大字コード":"031","丁目コード":"002","小字コード":"0000","予備コード":"00","大字名":"緑","丁目名":"２丁目","小字名":null,"予備名":null,"地番":"44-11","精度区分":null,"座標値種別":"図上測量","筆界未定構成筆":null,"代表点緯度":-236.3305,"代表点経度":1498.468219454}},{"type":"MultiPolygon","arcs":[[[932,-892,-854,933,934]]],"properties":{"筆ID":"H000000310","version":"ver1.0","座標系":"任意座標系","測地系判別":null,"地図名":"H20450301214026","地図番号":"区-C-7","縮尺分母":"600","市区町村コード":"01214","市区町村名":"稚内市","大字コード":"031","丁目コード":"002","小字コード":"0000","予備コード":"00","大字名":"緑","丁目名":"２丁目","小字名":null,"予備名":null,"地番":"43-14","精度区分":null,"座標値種別":"図上測量","筆界未定構成筆":null,"代表点緯度":-247.7315,"代表点経度":1537.213510564}},{"type":"MultiPolygon","arcs":[[[935,-457,936,937,938,939]]],"properties":{"筆ID":"H000000311","version":"ver1.0","座標系":"任意座標系","測地系判別":null,"地図名":"H20450301214026","地図番号":"区-C-7","縮尺分母":"600","市区町村コード":"01214","市区町村名":"稚内市","大字コード":"031","丁目コード":"002","小字コード":"0000","予備コード":"00","大字名":"緑","丁目名":"２丁目","小字名":null,"予備名":null,"地番":"43-6","精度区分":null,"座標値種別":"図上測量","筆界未定構成筆":null,"代表点緯度":-280.446,"代表点経度":1534.798430074}},{"type":"MultiPolygon","arcs":[[[940,-458,-936,941]]],"properties":{"筆ID":"H000000312","version":"ver1.0","座標系":"任意座標系","測地系判別":null,"地図名":"H20450301214026","地図番号":"区-C-7","縮尺分母":"600","市区町村コード":"01214","市区町村名":"稚内市","大字コード":"031","丁目コード":"002","小字コード":"0000","予備コード":"00","大字名":"緑","丁目名":"２丁目","小字名":null,"予備名":null,"地番":"43-22","精度区分":null,"座標値種別":"図上測量","筆界未定構成筆":null,"代表点緯度":-287.4015,"代表点経度":1531.465375389}},{"type":"MultiPolygon","arcs":[[[942,-893,-933,943,944,945]]],"properties":{"筆ID":"H000000313","version":"ver1.0","座標系":"任意座標系","測地系判別":null,"地図名":"H20450301214026","地図番号":"区-C-7","縮尺分母":"600","市区町村コード":"01214","市区町村名":"稚内市","大字コード":"031","丁目コード":"002","小字コード":"0000","予備コード":"00","大字名":"緑","丁目名":"２丁目","小字名":null,"予備名":null,"地番":"43-8","精度区分":null,"座標値種別":"図上測量","筆界未定構成筆":null,"代表点緯度":-255.4075,"代表点経度":1529.895506889}},{"type":"MultiPolygon","arcs":[[[-896,-894,-943,946]]],"properties":{"筆ID":"H000000314","version":"ver1.0","座標系":"任意座標系","測地系判別":null,"地図名":"H20450301214026","地図番号":"区-C-7","縮尺分母":"600","市区町村コード":"01214","市区町村名":"稚内市","大字コード":"031","丁目コード":"002","小字コード":"0000","予備コード":"00","大字名":"緑","丁目名":"２丁目","小字名":null,"予備名":null,"地番":"43-12","精度区分":null,"座標値種別":"図上測量","筆界未定構成筆":null,"代表点緯度":-262.67,"代表点経度":1522.82476877}},{"type":"MultiPolygon","arcs":[[[-934,-853,947,948]]],"properties":{"筆ID":"H000000315","version":"ver1.0","座標系":"任意座標系","測地系判別":null,"地図名":"H20450301214026","地図番号":"区-C-7","縮尺分母":"600","市区町村コード":"01214","市区町村名":"稚内市","大字コード":"031","丁目コード":"002","小字コード":"0000","予備コード":"00","大字名":"緑","丁目名":"２丁目","小字名":null,"予備名":null,"地番":"43-5","精度区分":null,"座標値種別":"図上測量","筆界未定構成筆":null,"代表点緯度":-258.326,"代表点経度":1549.89175173}},{"type":"MultiPolygon","arcs":[[[-938,949,950,951]]],"properties":{"筆ID":"H000000316","version":"ver1.0","座標系":"任意座標系","測地系判別":null,"地図名":"H20450301214026","地図番号":"区-C-7","縮尺分母":"600","市区町村コード":"01214","市区町村名":"稚内市","大字コード":"031","丁目コード":"002","小字コード":"0000","予備コード":"00","大字名":"緑","丁目名":"２丁目","小字名":null,"予備名":null,"地番":"43-17","精度区分":null,"座標値種別":"図上測量","筆界未定構成筆":null,"代表点緯度":-273.5735,"代表点経度":1541.890011644}},{"type":"MultiPolygon","arcs":[[[952,-945,953,954,955,-951]]],"properties":{"筆ID":"H000000317","version":"ver1.0","座標系":"任意座標系","測地系判別":null,"地図名":"H20450301214026","地図番号":"区-C-7","縮尺分母":"600","市区町村コード":"01214","市区町村名":"稚内市","大字コード":"031","丁目コード":"002","小字コード":"0000","予備コード":"00","大字名":"緑","丁目名":"２丁目","小字名":null,"予備名":null,"地番":"43-16","精度区分":null,"座標値種別":"図上測量","筆界未定構成筆":null,"代表点緯度":-266.848,"代表点経度":1541.029707894}},{"type":"MultiPolygon","arcs":[[[-937,-456,-897,-947,956]]],"properties":{"筆ID":"H000000318","version":"ver1.0","座標系":"任意座標系","測地系判別":null,"地図名":"H20450301214026","地図番号":"区-C-7","縮尺分母":"600","市区町村コード":"01214","市区町村名":"稚内市","大字コード":"031","丁目コード":"002","小字コード":"0000","予備コード":"00","大字名":"緑","丁目名":"２丁目","小字名":null,"予備名":null,"地番":"43-10","精度区分":null,"座標値種別":"図上測量","筆界未定構成筆":null,"代表点緯度":-276.3935,"代表点経度":1528.48041403}},{"type":"MultiPolygon","arcs":[[[-954,-944,-935,-949,957]]],"properties":{"筆ID":"H000000319","version":"ver1.0","座標系":"任意座標系","測地系判別":null,"地図名":"H20450301214026","地図番号":"区-C-7","縮尺分母":"600","市区町村コード":"01214","市区町村名":"稚内市","大字コード":"031","丁目コード":"002","小字コード":"0000","予備コード":"00","大字名":"緑","丁目名":"２丁目","小字名":null,"予備名":null,"地番":"43-15","精度区分":null,"座標値種別":"図上測量","筆界未定構成筆":null,"代表点緯度":-262.785,"代表点経度":1545.212599284}},{"type":"MultiPolygon","arcs":[[[-845,-459,-941,958,959]]],"properties":{"筆ID":"H000000320","version":"ver1.0","座標系":"任意座標系","測地系判別":null,"地図名":"H20450301214026","地図番号":"区-C-7","縮尺分母":"600","市区町村コード":"01214","市区町村名":"稚内市","大字コード":"031","丁目コード":"002","小字コード":"0000","予備コード":"00","大字名":"緑","丁目名":"２丁目","小字名":null,"予備名":null,"地番":"43-18","精度区分":null,"座標値種別":"図上測量","筆界未定構成筆":null,"代表点緯度":-292.5725,"代表点経度":1536.527369739}},{"type":"MultiPolygon","arcs":[[[-959,-942,-940,960,961]]],"properties":{"筆ID":"H000000321","version":"ver1.0","座標系":"任意座標系","測地系判別":null,"地図名":"H20450301214026","地図番号":"区-C-7","縮尺分母":"600","市区町村コード":"01214","市区町村名":"稚内市","大字コード":"031","丁目コード":"002","小字コード":"0000","予備コード":"00","大字名":"緑","丁目名":"２丁目","小字名":null,"予備名":null,"地番":"43-3","精度区分":null,"座標値種別":"図上測量","筆界未定構成筆":null,"代表点緯度":-286.3005,"代表点経度":1543.086782222}},{"type":"MultiPolygon","arcs":[[[-961,-939,962,963]]],"properties":{"筆ID":"H000000322","version":"ver1.0","座標系":"任意座標系","測地系判別":null,"地図名":"H20450301214026","地図番号":"区-C-7","縮尺分母":"600","市区町村コード":"01214","市区町村名":"稚内市","大字コード":"031","丁目コード":"002","小字コード":"0000","予備コード":"00","大字名":"緑","丁目名":"２丁目","小字名":null,"予備名":null,"地番":"43-21","精度区分":null,"座標値種別":"図上測量","筆界未定構成筆":null,"代表点緯度":-281.842,"代表点経度":1546.420692182}},{"type":"MultiPolygon","arcs":[[[-848,-963,-952,-956,964,965]]],"properties":{"筆ID":"H000000323","version":"ver1.0","座標系":"任意座標系","測地系判別":null,"地図名":"H20450301214026","地図番号":"区-C-7","縮尺分母":"600","市区町村コード":"01214","市区町村名":"稚内市","大字コード":"031","丁目コード":"002","小字コード":"0000","予備コード":"00","大字名":"緑","丁目名":"２丁目","小字名":null,"予備名":null,"地番":"43-19","精度区分":null,"座標値種別":"図上測量","筆界未定構成筆":null,"代表点緯度":-279.3655,"代表点経度":1548.263883856}},{"type":"MultiPolygon","arcs":[[[966,-851,-849,-966]]],"properties":{"筆ID":"H000000324","version":"ver1.0","座標系":"任意座標系","測地系判別":null,"地図名":"H20450301214026","地図番号":"区-C-7","縮尺分母":"600","市区町村コード":"01214","市区町村名":"稚内市","大字コード":"031","丁目コード":"002","小字コード":"0000","予備コード":"00","大字名":"緑","丁目名":"２丁目","小字名":null,"予備名":null,"地番":"43-20","精度区分":null,"座標値種別":"図上測量","筆界未定構成筆":null,"代表点緯度":-277.2905,"代表点経度":1560.452870133}},{"type":"MultiPolygon","arcs":[[[-965,-955,-958,-948,-852,-967]]],"properties":{"筆ID":"H000000325","version":"ver1.0","座標系":"任意座標系","測地系判別":null,"地図名":"H20450301214026","地図番号":"区-C-7","縮尺分母":"600","市区町村コード":"01214","市区町村名":"稚内市","大字コード":"031","丁目コード":"002","小字コード":"0000","予備コード":"00","大字名":"緑","丁目名":"２丁目","小字名":null,"予備名":null,"地番":"43-4","精度区分":null,"座標値種別":"図上測量","筆界未定構成筆":null,"代表点緯度":-271.721,"代表点経度":1555.378531978}},{"type":"MultiPolygon","arcs":[[[-960,-962,-964,-847,-712,-846]]],"properties":{"筆ID":"H000000326","version":"ver1.0","座標系":"任意座標系","測地系判別":null,"地図名":"H20450301214026","地図番号":"区-C-7","縮尺分母":"600","市区町村コード":"01214","市区町村名":"稚内市","大字コード":"031","丁目コード":"002","小字コード":"0000","予備コード":"00","大字名":"緑","丁目名":"２丁目","小字名":null,"予備名":null,"地番":"43-13","精度区分":null,"座標値種別":"図上測量","筆界未定構成筆":null,"代表点緯度":-296.5985,"代表点経度":1554.283736021}},{"type":"MultiPolygon","arcs":[[[-884,-881,-905,-916,-915]]],"properties":{"筆ID":"H000000327","version":"ver1.0","座標系":"任意座標系","測地系判別":null,"地図名":"H20450301214026","地図番号":"区-C-7","縮尺分母":"600","市区町村コード":"01214","市区町村名":"稚内市","大字コード":"031","丁目コード":"002","小字コード":"0000","予備コード":"00","大字名":"緑","丁目名":"２丁目","小字名":null,"予備名":null,"地番":"44-17","精度区分":null,"座標値種別":"図上測量","筆界未定構成筆":null,"代表点緯度":-218.722,"代表点経度":1487.371508056}},{"type":"MultiPolygon","arcs":[[[-950,-957,-946,-953]]],"properties":{"筆ID":"H000000328","version":"ver1.0","座標系":"任意座標系","測地系判別":null,"地図名":"H20450301214026","地図番号":"区-C-7","縮尺分母":"600","市区町村コード":"01214","市区町村名":"稚内市","大字コード":"031","丁目コード":"002","小字コード":"0000","予備コード":"00","大字名":"緑","丁目名":"２丁目","小字名":null,"予備名":null,"地番":"43-11","精度区分":null,"座標値種別":"図上測量","筆界未定構成筆":null,"代表点緯度":-268.3405,"代表点経度":1536.886172216}},{"type":"MultiPolygon","arcs":[[[967,968,969,970,971,972]]],"properties":{"筆ID":"H000000329","version":"ver1.0","座標系":"任意座標系","測地系判別":null,"地図名":"H20450301214026","地図番号":"区-C-6","縮尺分母":"600","市区町村コード":"01214","市区町村名":"稚内市","大字コード":"031","丁目コード":"001","小字コード":"0000","予備コード":"00","大字名":"緑","丁目名":"１丁目","小字名":null,"予備名":null,"地番":"36-29","精度区分":null,"座標値種別":"図上測量","筆界未定構成筆":null,"代表点緯度":-9.8715,"代表点経度":1675.414953219}},{"type":"MultiPolygon","arcs":[[[973,974,975,976,977,978,979,980,981,982,983,984,985,986,987]]],"properties":{"筆ID":"H000000330","version":"ver1.0","座標系":"任意座標系","測地系判別":null,"地図名":"H20450301214026","地図番号":"区-C-6","縮尺分母":"600","市区町村コード":"01214","市区町村名":"稚内市","大字コード":"031","丁目コード":"002","小字コード":"0000","予備コード":"00","大字名":"緑","丁目名":"２丁目","小字名":null,"予備名":null,"地番":"36-12","精度区分":null,"座標値種別":"図上測量","筆界未定構成筆":null,"代表点緯度":31.001,"代表点経度":1516.838213906}},{"type":"MultiPolygon","arcs":[[[988,989,-985]]],"properties":{"筆ID":"H000000331","version":"ver1.0","座標系":"任意座標系","測地系判別":null,"地図名":"H20450301214026","地図番号":"区-C-6","縮尺分母":"600","市区町村コード":"01214","市区町村名":"稚内市","大字コード":"031","丁目コード":"002","小字コード":"0000","予備コード":"00","大字名":"緑","丁目名":"２丁目","小字名":null,"予備名":null,"地番":"36-13","精度区分":null,"座標値種別":"図上測量","筆界未定構成筆":null,"代表点緯度":47.0825,"代表点経度":1479.656018694}},{"type":"MultiPolygon","arcs":[[[990,991,992,993,994]]],"properties":{"筆ID":"H000000332","version":"ver1.0","座標系":"任意座標系","測地系判別":null,"地図名":"H20450301214026","地図番号":"区-C-6","縮尺分母":"600","市区町村コード":"01214","市区町村名":"稚内市","大字コード":"031","丁目コード":"002","小字コード":"0000","予備コード":"00","大字名":"緑","丁目名":"２丁目","小字名":null,"予備名":null,"地番":"36-21","精度区分":null,"座標値種別":"図上測量","筆界未定構成筆":null,"代表点緯度":-7.1775,"代表点経度":1517.278730874}},{"type":"MultiPolygon","arcs":[[[-994,-974,995]]],"properties":{"筆ID":"H000000333","version":"ver1.0","座標系":"任意座標系","測地系判別":null,"地図名":"H20450301214026","地図番号":"区-C-6","縮尺分母":"600","市区町村コード":"01214","市区町村名":"稚内市","大字コード":"031","丁目コード":"002","小字コード":"0000","予備コード":"00","大字名":"緑","丁目名":"２丁目","小字名":null,"予備名":null,"地番":"36-22","精度区分":null,"座標値種別":"図上測量","筆界未定構成筆":null,"代表点緯度":1.247,"代表点経度":1538.411227404}},{"type":"MultiPolygon","arcs":[[[996,997,998,-979,999]]],"properties":{"筆ID":"H000000334","version":"ver1.0","座標系":"任意座標系","測地系判別":null,"地図名":"H20450301214026","地図番号":"区-C-6","縮尺分母":"600","市区町村コード":"01214","市区町村名":"稚内市","大字コード":"031","丁目コード":"002","小字コード":"0000","予備コード":"00","大字名":"緑","丁目名":"２丁目","小字名":null,"予備名":null,"地番":"36-17","精度区分":null,"座標値種別":"図上測量","筆界未定構成筆":null,"代表点緯度":17.013,"代表点経度":1516.152757102}},{"type":"MultiPolygon","arcs":[[[1000,1001,1002,1003,1004]]],"properties":{"筆ID":"H000000335","version":"ver1.0","座標系":"任意座標系","測地系判別":null,"地図名":"H20450301214026","地図番号":"区-C-6","縮尺分母":"600","市区町村コード":"01214","市区町村名":"稚内市","大字コード":"031","丁目コード":"002","小字コード":"0000","予備コード":"00","大字名":"緑","丁目名":"２丁目","小字名":null,"予備名":null,"地番":"36-15","精度区分":null,"座標値種別":"図上測量","筆界未定構成筆":null,"代表点緯度":20.625,"代表点経度":1504.504579419}},{"type":"MultiPolygon","arcs":[[[1005,1006,1007,-1003]]],"properties":{"筆ID":"H000000336","version":"ver1.0","座標系":"任意座標系","測地系判別":null,"地図名":"H20450301214026","地図番号":"区-C-6","縮尺分母":"600","市区町村コード":"01214","市区町村名":"稚内市","大字コード":"031","丁目コード":"002","小字コード":"0000","予備コード":"00","大字名":"緑","丁目名":"２丁目","小字名":null,"予備名":null,"地番":"36-35","精度区分":null,"座標値種別":"図上測量","筆界未定構成筆":null,"代表点緯度":18.2585,"代表点経度":1500.622551475}},{"type":"MultiPolygon","arcs":[[[-998,1008]]],"properties":{"筆ID":"H000000337","version":"ver1.0","座標系":"任意座標系","測地系判別":null,"地図名":"H20450301214026","地図番号":"区-C-6","縮尺分母":"600","市区町村コード":"01214","市区町村名":"稚内市","大字コード":"031","丁目コード":"002","小字コード":"0000","予備コード":"00","大字名":"緑","丁目名":"２丁目","小字名":null,"予備名":null,"地番":"36-36","精度区分":null,"座標値種別":"図上測量","筆界未定構成筆":null,"代表点緯度":12.354,"代表点経度":1510.034221339}},{"type":"MultiPolygon","arcs":[[[-1006,-1002,1009,-1009,1010,1011,1012]]],"properties":{"筆ID":"H000000338","version":"ver1.0","座標系":"任意座標系","測地系判別":null,"地図名":"H20450301214026","地図番号":"区-C-6","縮尺分母":"600","市区町村コード":"01214","市区町村名":"稚内市","大字コード":"031","丁目コード":"002","小字コード":"0000","予備コード":"00","大字名":"緑","丁目名":"２丁目","小字名":null,"予備名":null,"地番":"36-14","精度区分":null,"座標値種別":"図上測量","筆界未定構成筆":null,"代表点緯度":9.9545,"代表点経度":1505.277449474}},{"type":"MultiPolygon","arcs":[[[1013,-1012,1014]]],"properties":{"筆ID":"H000000339","version":"ver1.0","座標系":"任意座標系","測地系判別":null,"地図名":"H20450301214026","地図番号":"区-C-6","縮尺分母":"600","市区町村コード":"01214","市区町村名":"稚内市","大字コード":"031","丁目コード":"002","小字コード":"0000","予備コード":"00","大字名":"緑","丁目名":"２丁目","小字名":null,"予備名":null,"地番":"36-19","精度区分":null,"座標値種別":"図上測量","筆界未定構成筆":null,"代表点緯度":1.871,"代表点経度":1509.031777471}},{"type":"MultiPolygon","arcs":[[[1015,-981,1016,-1005]]],"properties":{"筆ID":"H000000340","version":"ver1.0","座標系":"任意座標系","測地系判別":null,"地図名":"H20450301214026","地図番号":"区-C-6","縮尺分母":"600","市区町村コード":"01214","市区町村名":"稚内市","大字コード":"031","丁目コード":"002","小字コード":"0000","予備コード":"00","大字名":"緑","丁目名":"２丁目","小字名":null,"予備名":null,"地番":"36-11","精度区分":null,"座標値種別":"図上測量","筆界未定構成筆":null,"代表点緯度":24.0225,"代表点経度":1509.208917711}},{"type":"MultiPolygon","arcs":[[[-999,-1010,-1001,-1017,-980]]],"properties":{"筆ID":"H000000341","version":"ver1.0","座標系":"任意座標系","測地系判別":null,"地図名":"H20450301214026","地図番号":"区-C-6","縮尺分母":"600","市区町村コード":"01214","市区町村名":"稚内市","大字コード":"031","丁目コード":"002","小字コード":"0000","予備コード":"00","大字名":"緑","丁目名":"２丁目","小字名":null,"予備名":null,"地番":"36-38","精度区分":null,"座標値種別":"図上測量","筆界未定構成筆":null,"代表点緯度":18.3715,"代表点経度":1514.948067572}},{"type":"MultiPolygon","arcs":[[[1017,1018,1019]]],"properties":{"筆ID":"H000000342","version":"ver1.0","座標系":"任意座標系","測地系判別":null,"地図名":"H20450301214026","地図番号":"区-C-6","縮尺分母":"600","市区町村コード":"01214","市区町村名":"稚内市","大字コード":"031","丁目コード":"002","小字コード":"0000","予備コード":"00","大字名":"緑","丁目名":"２丁目","小字名":null,"予備名":null,"地番":"36-20","精度区分":null,"座標値種別":"図上測量","筆界未定構成筆":null,"代表点緯度":1.741,"代表点経度":1517.858852601}},{"type":"MultiPolygon","arcs":[[[1020,-977,1021,-1019]]],"properties":{"筆ID":"H000000343","version":"ver1.0","座標系":"任意座標系","測地系判別":null,"地図名":"H20450301214026","地図番号":"区-C-6","縮尺分母":"600","市区町村コード":"01214","市区町村名":"稚内市","大字コード":"031","丁目コード":"002","小字コード":"0000","予備コード":"00","大字名":"緑","丁目名":"２丁目","小字名":null,"予備名":null,"地番":"36-39","精度区分":null,"座標値種別":"図上測量","筆界未定構成筆":null,"代表点緯度":7.0505,"代表点経度":1523.389440204}},{"type":"MultiPolygon","arcs":[[[-1015,-1011,-997,1022,-1020,-1022,-976,1023,-992,1024]]],"properties":{"筆ID":"H000000344","version":"ver1.0","座標系":"任意座標系","測地系判別":null,"地図名":"H20450301214026","地図番号":"区-C-6","縮尺分母":"600","市区町村コード":"01214","市区町村名":"稚内市","大字コード":"031","丁目コード":"002","小字コード":"0000","予備コード":"00","大字名":"緑","丁目名":"２丁目","小字名":null,"予備名":null,"地番":"36-18","精度区分":null,"座標値種別":"図上測量","筆界未定構成筆":null,"代表点緯度":1.8925,"代表点経度":1522.226587996}},{"type":"MultiPolygon","arcs":[[[-1023,1025,-1018]]],"properties":{"筆ID":"H000000345","version":"ver1.0","座標系":"任意座標系","測地系判別":null,"地図名":"H20450301214026","地図番号":"区-C-6","縮尺分母":"600","市区町村コード":"01214","市区町村名":"稚内市","大字コード":"031","丁目コード":"002","小字コード":"0000","予備コード":"00","大字名":"緑","丁目名":"２丁目","小字名":null,"予備名":null,"地番":"36-41","精度区分":null,"座標値種別":"図上測量","筆界未定構成筆":null,"代表点緯度":5.587,"代表点経度":1513.409856811}},{"type":"MultiPolygon","arcs":[[[-1021,-1026,-1000,-978]]],"properties":{"筆ID":"H000000346","version":"ver1.0","座標系":"任意座標系","測地系判別":null,"地図名":"H20450301214026","地図番号":"区-C-6","縮尺分母":"600","市区町村コード":"01214","市区町村名":"稚内市","大字コード":"031","丁目コード":"002","小字コード":"0000","予備コード":"00","大字名":"緑","丁目名":"２丁目","小字名":null,"予備名":null,"地番":"36-9","精度区分":null,"座標値種別":"図上測量","筆界未定構成筆":null,"代表点緯度":11.2595,"代表点経度":1519.34292433}},{"type":"MultiPolygon","arcs":[[[-1024,-975,-993]]],"properties":{"筆ID":"H000000347","version":"ver1.0","座標系":"任意座標系","測地系判別":null,"地図名":"H20450301214026","地図番号":"区-C-6","縮尺分母":"600","市区町村コード":"01214","市区町村名":"稚内市","大字コード":"031","丁目コード":"002","小字コード":"0000","予備コード":"00","大字名":"緑","丁目名":"２丁目","小字名":null,"予備名":null,"地番":"36-23","精度区分":null,"座標値種別":"図上測量","筆界未定構成筆":null,"代表点緯度":-1.4495,"代表点経度":1527.501763068}},{"type":"MultiPolygon","arcs":[[[1026,1027,1028,1029,1030,1031]]],"properties":{"筆ID":"H000000348","version":"ver1.0","座標系":"任意座標系","測地系判別":null,"地図名":"H20450301214026","地図番号":"区-C-6","縮尺分母":"600","市区町村コード":"01214","市区町村名":"稚内市","大字コード":"031","丁目コード":"001","小字コード":"0000","予備コード":"00","大字名":"緑","丁目名":"１丁目","小字名":null,"予備名":null,"地番":"36-4","精度区分":null,"座標値種別":"図上測量","筆界未定構成筆":null,"代表点緯度":-74.6385,"代表点経度":1629.502394114}},{"type":"MultiPolygon","arcs":[[[1032,1033,1034,1035,1036,1037,1038,1039,-968,1040]]],"properties":{"筆ID":"H000000349","version":"ver1.0","座標系":"任意座標系","測地系判別":null,"地図名":"H20450301214026","地図番号":"区-C-6","縮尺分母":"600","市区町村コード":"01214","市区町村名":"稚内市","大字コード":"031","丁目コード":"001","小字コード":"0000","予備コード":"00","大字名":"緑","丁目名":"１丁目","小字名":null,"予備名":null,"地番":"36-24","精度区分":null,"座標値種別":"図上測量","筆界未定構成筆":null,"代表点緯度":-17.55,"代表点経度":1649.694453761}},{"type":"MultiPolygon","arcs":[[[-1039,1041,1042,1043]]],"properties":{"筆ID":"H000000350","version":"ver1.0","座標系":"任意座標系","測地系判別":null,"地図名":"H20450301214026","地図番号":"区-C-6","縮尺分母":"600","市区町村コード":"01214","市区町村名":"稚内市","大字コード":"031","丁目コード":"001","小字コード":"0000","予備コード":"00","大字名":"緑","丁目名":"１丁目","小字名":null,"予備名":null,"地番":"36-25","精度区分":null,"座標値種別":"図上測量","筆界未定構成筆":null,"代表点緯度":13.7735,"代表点経度":1635.507830227}},{"type":"MultiPolygon","arcs":[[[-1037,1044]]],"properties":{"筆ID":"H000000351","version":"ver1.0","座標系":"任意座標系","測地系判別":null,"地図名":"H20450301214026","地図番号":"区-C-6","縮尺分母":"600","市区町村コード":"01214","市区町村名":"稚内市","大字コード":"031","丁目コード":"001","小字コード":"0000","予備コード":"00","大字名":"緑","丁目名":"１丁目","小字名":null,"予備名":null,"地番":"36-10","精度区分":null,"座標値種別":"図上測量","筆界未定構成筆":null,"代表点緯度":-22.3235,"代表点経度":1640.643203747}},{"type":"MultiPolygon","arcs":[[[1045,-1033,1046,1047]]],"properties":{"筆ID":"H000000352","version":"ver1.0","座標系":"任意座標系","測地系判別":null,"地図名":"H20450301214026","地図番号":"区-C-6","縮尺分母":"600","市区町村コード":"01214","市区町村名":"稚内市","大字コード":"031","丁目コード":"001","小字コード":"0000","予備コード":"00","大字名":"緑","丁目名":"１丁目","小字名":null,"予備名":null,"地番":"36-2","精度区分":null,"座標値種別":"図上測量","筆界未定構成筆":null,"代表点緯度":-55.6535,"代表点経度":1657.232263354}},{"type":"MultiPolygon","arcs":[[[1048,-1036,1049]]],"properties":{"筆ID":"H000000353","version":"ver1.0","座標系":"任意座標系","測地系判別":null,"地図名":"H20450301214026","地図番号":"区-C-6","縮尺分母":"600","市区町村コード":"01214","市区町村名":"稚内市","大字コード":"031","丁目コード":"001","小字コード":"0000","予備コード":"00","大字名":"緑","丁目名":"１丁目","小字名":null,"予備名":null,"地番":"36-7","精度区分":null,"座標値種別":"図上測量","筆界未定構成筆":null,"代表点緯度":-33.614,"代表点経度":1646.745745418}},{"type":"MultiPolygon","arcs":[[[1050,-1029,1051,1052,1053,-1034,-1046]]],"properties":{"筆ID":"H000000354","version":"ver1.0","座標系":"任意座標系","測地系判別":null,"地図名":"H20450301214026","地図番号":"区-C-6","縮尺分母":"600","市区町村コード":"01214","市区町村名":"稚内市","大字コード":"031","丁目コード":"001","小字コード":"0000","予備コード":"00","大字名":"緑","丁目名":"１丁目","小字名":null,"予備名":null,"地番":"36-31","精度区分":null,"座標値種別":"図上測量","筆界未定構成筆":null,"代表点緯度":-50.13,"代表点経度":1643.947575507}},{"type":"MultiPolygon","arcs":[[[-1050,-1035,-1054]]],"properties":{"筆ID":"H000000355","version":"ver1.0","座標系":"任意座標系","測地系判別":null,"地図名":"H20450301214026","地図番号":"区-C-6","縮尺分母":"600","市区町村コード":"01214","市区町村名":"稚内市","大字コード":"031","丁目コード":"001","小字コード":"0000","予備コード":"00","大字名":"緑","丁目名":"１丁目","小字名":null,"予備名":null,"地番":"36-6","精度区分":null,"座標値種別":"図上測量","筆界未定構成筆":null,"代表点緯度":-39.6505,"代表点経度":1653.33224866}},{"type":"MultiPolygon","arcs":[[[-1051,-1048,1054,-1030]]],"properties":{"筆ID":"H000000356","version":"ver1.0","座標系":"任意座標系","測地系判別":null,"地図名":"H20450301214026","地図番号":"区-C-6","縮尺分母":"600","市区町村コード":"01214","市区町村名":"稚内市","大字コード":"031","丁目コード":"001","小字コード":"0000","予備コード":"00","大字名":"緑","丁目名":"１丁目","小字名":null,"予備名":null,"地番":"36-3","精度区分":null,"座標値種別":"図上測量","筆界未定構成筆":null,"代表点緯度":-70.7565,"代表点経度":1638.999830912}},{"type":"MultiPolygon","arcs":[[[-1028,1055,-1052]]],"properties":{"筆ID":"H000000357","version":"ver1.0","座標系":"任意座標系","測地系判別":null,"地図名":"H20450301214026","地図番号":"区-C-6","縮尺分母":"600","市区町村コード":"01214","市区町村名":"稚内市","大字コード":"031","丁目コード":"001","小字コード":"0000","予備コード":"00","大字名":"緑","丁目名":"１丁目","小字名":null,"予備名":null,"地番":"36-32","精度区分":null,"座標値種別":"図上測量","筆界未定構成筆":null,"代表点緯度":-51.793,"代表点経度":1634.134698601}},{"type":"MultiPolygon","arcs":[[[1056,-1043,1057,1058]]],"properties":{"筆ID":"H000000358","version":"ver1.0","座標系":"任意座標系","測地系判別":null,"地図名":"H20450301214026","地図番号":"区-C-6","縮尺分母":"600","市区町村コード":"01214","市区町村名":"稚内市","大字コード":"031","丁目コード":"001","小字コード":"0000","予備コード":"00","大字名":"緑","丁目名":"１丁目","小字名":null,"予備名":null,"地番":"36-27","精度区分":null,"座標値種別":"図上測量","筆界未定構成筆":null,"代表点緯度":19.8855,"代表点経度":1651.596104391}},{"type":"MultiPolygon","arcs":[[[1059,-1059,-970]]],"properties":{"筆ID":"H000000359","version":"ver1.0","座標系":"任意座標系","測地系判別":null,"地図名":"H20450301214026","地図番号":"区-C-6","縮尺分母":"600","市区町村コード":"01214","市区町村名":"稚内市","大字コード":"031","丁目コード":"001","小字コード":"0000","予備コード":"00","大字名":"緑","丁目名":"１丁目","小字名":null,"予備名":null,"地番":"36-28","精度区分":null,"座標値種別":"図上測量","筆界未定構成筆":null,"代表点緯度":14.3655,"代表点経度":1655.857043399}},{"type":"MultiPolygon","arcs":[[[-1040,-1044,-1057,-1060,-969]]],"properties":{"筆ID":"H000000360","version":"ver1.0","座標系":"任意座標系","測地系判別":null,"地図名":"H20450301214026","地図番号":"区-C-6","縮尺分母":"600","市区町村コード":"01214","市区町村名":"稚内市","大字コード":"031","丁目コード":"001","小字コード":"0000","予備コード":"00","大字名":"緑","丁目名":"１丁目","小字名":null,"予備名":null,"地番":"36-26","精度区分":null,"座標値種別":"図上測量","筆界未定構成筆":null,"代表点緯度":9.976,"代表点経度":1641.196526569}},{"type":"MultiPolygon","arcs":[[[1060,1061,1062,1063,1064,1065,1066,1067,1068,1069,1070,1071,1072,1073,1074,1075,1076,1077,1078,1079,1080,1081,1082]]],"properties":{"筆ID":"H000000361","version":"ver1.0","座標系":"任意座標系","測地系判別":null,"地図名":"H20450301214026","地図番号":"区-C-5","縮尺分母":"600","市区町村コード":"01214","市区町村名":"稚内市","大字コード":"031","丁目コード":"001","小字コード":"0000","予備コード":"00","大字名":"緑","丁目名":"１丁目","小字名":null,"予備名":null,"地番":"道-15","精度区分":null,"座標値種別":"図上測量","筆界未定構成筆":null,"代表点緯度":-10.057,"代表点経度":2093.677723712}},{"type":"MultiPolygon","arcs":[[[1083,1084,1085,1086,1087,1088,1089,1090,1091,1092,1093,1094,1095,1096,1097,1098,1099,1100,1101,1102,1103,1104,1105,1106,1107,1108,1109,1110,1111,1112,1113,1114,1115,1116,1117,1118,1119,1120,1121,1122,1123,1124,1125,1126,-8,1127,1128,1129,1130]]],"properties":{"筆ID":"H000000362","version":"ver1.0","座標系":"任意座標系","測地系判別":null,"地図名":"H20450301214026","地図番号":"区-C-5","縮尺分母":"600","市区町村コード":"01214","市区町村名":"稚内市","大字コード":"031","丁目コード":"001","小字コード":"0000","予備コード":"00","大字名":"緑","丁目名":"１丁目","小字名":null,"予備名":null,"地番":"道-16","精度区分":null,"座標値種別":"図上測量","筆界未定構成筆":null,"代表点緯度":54.971,"代表点経度":1887.754425455}},{"type":"MultiPolygon","arcs":[[[1131,1132,1133,1134,1135,1136,1137,1138,1139,-1097,1140,-1081,1141]]],"properties":{"筆ID":"H000000363","version":"ver1.0","座標系":"任意座標系","測地系判別":null,"地図名":"H20450301214026","地図番号":"区-C-5","縮尺分母":"600","市区町村コード":"01214","市区町村名":"稚内市","大字コード":"031","丁目コード":"001","小字コード":"0000","予備コード":"00","大字名":"緑","丁目名":"１丁目","小字名":null,"予備名":null,"地番":"77","精度区分":null,"座標値種別":"図上測量","筆界未定構成筆":null,"代表点緯度":63.165,"代表点経度":2017.043271584}},{"type":"MultiPolygon","arcs":[[[-1099,1142]]],"properties":{"筆ID":"H000000364","version":"ver1.0","座標系":"任意座標系","測地系判別":null,"地図名":"H20450301214026","地図番号":"区-C-5","縮尺分母":"600","市区町村コード":"01214","市区町村名":"稚内市","大字コード":"031","丁目コード":"001","小字コード":"0000","予備コード":"00","大字名":"緑","丁目名":"１丁目","小字名":null,"予備名":null,"地番":"13-28","精度区分":null,"座標値種別":"図上測量","筆界未定構成筆":null,"代表点緯度":109.371,"代表点経度":1915.942263035}},{"type":"MultiPolygon","arcs":[[[-1143,-1098,-1140,1143,-1100]]],"properties":{"筆ID":"H000000365","version":"ver1.0","座標系":"任意座標系","測地系判別":null,"地図名":"H20450301214026","地図番号":"区-C-5","縮尺分母":"600","市区町村コード":"01214","市区町村名":"稚内市","大字コード":"031","丁目コード":"001","小字コード":"0000","予備コード":"00","大字名":"緑","丁目名":"１丁目","小字名":null,"予備名":null,"地番":"13-1","精度区分":null,"座標値種別":"図上測量","筆界未定構成筆":null,"代表点緯度":93.6055,"代表点経度":1926.231581688}},{"type":"MultiPolygon","arcs":[[[-1144,-1139,1144,1145,-1101]]],"properties":{"筆ID":"H000000366","version":"ver1.0","座標系":"任意座標系","測地系判別":null,"地図名":"H20450301214026","地図番号":"区-C-5","縮尺分母":"600","市区町村コード":"01214","市区町村名":"稚内市","大字コード":"031","丁目コード":"001","小字コード":"0000","予備コード":"00","大字名":"緑","丁目名":"１丁目","小字名":null,"予備名":null,"地番":"13-24","精度区分":null,"座標値種別":"図上測量","筆界未定構成筆":null,"代表点緯度":67.3325,"代表点経度":1967.849529252}},{"type":"MultiPolygon","arcs":[[[1146,1147]]],"properties":{"筆ID":"H000000367","version":"ver1.0","座標系":"任意座標系","測地系判別":null,"地図名":"H20450301214026","地図番号":"区-C-5","縮尺分母":"600","市区町村コード":"01214","市区町村名":"稚内市","大字コード":"035","丁目コード":"001","小字コード":"0000","予備コード":"00","大字名":"こまどり","丁目名":"１丁目","小字名":null,"予備名":null,"地番":"15","精度区分":null,"座標値種別":"図上測量","筆界未定構成筆":null,"代表点緯度":-4.126,"代表点経度":2105.461258449}},{"type":"MultiPolygon","arcs":[[[1148,1149,1150,1151,1152,1153]]],"properties":{"筆ID":"H000000368","version":"ver1.0","座標系":"任意座標系","測地系判別":null,"地図名":"H20450301214026","地図番号":"区-C-5","縮尺分母":"600","市区町村コード":"01214","市区町村名":"稚内市","大字コード":"035","丁目コード":"001","小字コード":"0000","予備コード":"00","大字名":"こまどり","丁目名":"１丁目","小字名":null,"予備名":null,"地番":"16-5","精度区分":null,"座標値種別":"図上測量","筆界未定構成筆":null,"代表点緯度":-49.3625,"代表点経度":2134.530326465}},{"type":"MultiPolygon","arcs":[[[1154,1155,1156,1157,1158,1159]]],"properties":{"筆ID":"H000000369","version":"ver1.0","座標系":"任意座標系","測地系判別":null,"地図名":"H20450301214026","地図番号":"区-C-5","縮尺分母":"600","市区町村コード":"01214","市区町村名":"稚内市","大字コード":"035","丁目コード":"001","小字コード":"0000","予備コード":"00","大字名":"こまどり","丁目名":"１丁目","小字名":null,"予備名":null,"地番":"29-22","精度区分":null,"座標値種別":"図上測量","筆界未定構成筆":null,"代表点緯度":-90.0075,"代表点経度":2132.325041031}},{"type":"MultiPolygon","arcs":[[[-1159,1160,1161]]],"properties":{"筆ID":"H000000370","version":"ver1.0","座標系":"任意座標系","測地系判別":null,"地図名":"H20450301214026","地図番号":"区-C-5","縮尺分母":"600","市区町村コード":"01214","市区町村名":"稚内市","大字コード":"035","丁目コード":"001","小字コード":"0000","予備コード":"00","大字名":"こまどり","丁目名":"１丁目","小字名":null,"予備名":null,"地番":"29-24","精度区分":null,"座標値種別":"図上測量","筆界未定構成筆":null,"代表点緯度":-100.3255,"代表点経度":2149.625656089}},{"type":"MultiPolygon","arcs":[[[1162,1163,-1160,-1162]]],"properties":{"筆ID":"H000000371","version":"ver1.0","座標系":"任意座標系","測地系判別":null,"地図名":"H20450301214026","地図番号":"区-C-5","縮尺分母":"600","市区町村コード":"01214","市区町村名":"稚内市","大字コード":"035","丁目コード":"001","小字コード":"0000","予備コード":"00","大字名":"こまどり","丁目名":"１丁目","小字名":null,"予備名":null,"地番":"29-25","精度区分":null,"座標値種別":"図上測量","筆界未定構成筆":null,"代表点緯度":-103.143,"代表点経度":2137.878467412}},{"type":"MultiPolygon","arcs":[[[1164,1165]]],"properties":{"筆ID":"H000000372","version":"ver1.0","座標系":"任意座標系","測地系判別":null,"地図名":"H20450301214026","地図番号":"区-C-5","縮尺分母":"600","市区町村コード":"01214","市区町村名":"稚内市","大字コード":"035","丁目コード":"001","小字コード":"0000","予備コード":"00","大字名":"こまどり","丁目名":"１丁目","小字名":null,"予備名":null,"地番":"29-16","精度区分":null,"座標値種別":"図上測量","筆界未定構成筆":null,"代表点緯度":-130.8715,"代表点経度":2022.401718981}},{"type":"MultiPolygon","arcs":[[[1166,1167,1168]]],"properties":{"筆ID":"H000000373","version":"ver1.0","座標系":"任意座標系","測地系判別":null,"地図名":"H20450301214026","地図番号":"区-C-5","縮尺分母":"600","市区町村コード":"01214","市区町村名":"稚内市","大字コード":"035","丁目コード":"001","小字コード":"0000","予備コード":"00","大字名":"こまどり","丁目名":"１丁目","小字名":null,"予備名":null,"地番":"29-47","精度区分":null,"座標値種別":"図上測量","筆界未定構成筆":null,"代表点緯度":-69.716,"代表点経度":2031.56135771}},{"type":"MultiPolygon","arcs":[[[-1168,1169,1170,1171]]],"properties":{"筆ID":"H000000374","version":"ver1.0","座標系":"任意座標系","測地系判別":null,"地図名":"H20450301214026","地図番号":"区-C-5","縮尺分母":"600","市区町村コード":"01214","市区町村名":"稚内市","大字コード":"035","丁目コード":"001","小字コード":"0000","予備コード":"00","大字名":"こまどり","丁目名":"１丁目","小字名":null,"予備名":null,"地番":"29-51","精度区分":null,"座標値種別":"図上測量","筆界未定構成筆":null,"代表点緯度":-68.835,"代表点経度":2045.543811714}},{"type":"MultiPolygon","arcs":[[[-1171,1172,1173,1174]]],"properties":{"筆ID":"H000000375","version":"ver1.0","座標系":"任意座標系","測地系判別":null,"地図名":"H20450301214026","地図番号":"区-C-5","縮尺分母":"600","市区町村コード":"01214","市区町村名":"稚内市","大字コード":"035","丁目コード":"001","小字コード":"0000","予備コード":"00","大字名":"こまどり","丁目名":"１丁目","小字名":null,"予備名":null,"地番":"29-39","精度区分":null,"座標値種別":"図上測量","筆界未定構成筆":null,"代表点緯度":-70.1775,"代表点経度":2056.115272745}},{"type":"MultiPolygon","arcs":[[[1175,1176,1177,1178]]],"properties":{"筆ID":"H000000376","version":"ver1.0","座標系":"任意座標系","測地系判別":null,"地図名":"H20450301214026","地図番号":"区-C-5","縮尺分母":"600","市区町村コード":"01214","市区町村名":"稚内市","大字コード":"035","丁目コード":"001","小字コード":"0000","予備コード":"00","大字名":"こまどり","丁目名":"１丁目","小字名":null,"予備名":null,"地番":"29-42","精度区分":null,"座標値種別":"図上測量","筆界未定構成筆":null,"代表点緯度":-70.9445,"代表点経度":2078.471612651}},{"type":"MultiPolygon","arcs":[[[-1178,1179,1180,1181]]],"properties":{"筆ID":"H000000377","version":"ver1.0","座標系":"任意座標系","測地系判別":null,"地図名":"H20450301214026","地図番号":"区-C-5","縮尺分母":"600","市区町村コード":"01214","市区町村名":"稚内市","大字コード":"035","丁目コード":"001","小字コード":"0000","予備コード":"00","大字名":"こまどり","丁目名":"１丁目","小字名":null,"予備名":null,"地番":"29-43","精度区分":null,"座標値種別":"図上測量","筆界未定構成筆":null,"代表点緯度":-69.9715,"代表点経度":2087.98902114}},{"type":"MultiPolygon","arcs":[[[1182,1183,-1115,1184]]],"properties":{"筆ID":"H000000378","version":"ver1.0","座標系":"任意座標系","測地系判別":null,"地図名":"H20450301214026","地図番号":"区-C-5","縮尺分母":"600","市区町村コード":"01214","市区町村名":"稚内市","大字コード":"031","丁目コード":"001","小字コード":"0000","予備コード":"00","大字名":"緑","丁目名":"１丁目","小字名":null,"予備名":null,"地番":"18-5","精度区分":null,"座標値種別":"図上測量","筆界未定構成筆":null,"代表点緯度":44.275,"代表点経度":1941.911278439}},{"type":"MultiPolygon","arcs":[[[1185,1186,-1113,1187]]],"properties":{"筆ID":"H000000379","version":"ver1.0","座標系":"任意座標系","測地系判別":null,"地図名":"H20450301214026","地図番号":"区-C-5","縮尺分母":"600","市区町村コード":"01214","市区町村名":"稚内市","大字コード":"031","丁目コード":"001","小字コード":"0000","予備コード":"00","大字名":"緑","丁目名":"１丁目","小字名":null,"予備名":null,"地番":"18-7","精度区分":null,"座標値種別":"図上測量","筆界未定構成筆":null,"代表点緯度":34.2465,"代表点経度":1956.971415503}},{"type":"MultiPolygon","arcs":[[[1188,-1181]]],"properties":{"筆ID":"H000000380","version":"ver1.0","座標系":"任意座標系","測地系判別":null,"地図名":"H20450301214026","地図番号":"区-C-5","縮尺分母":"600","市区町村コード":"01214","市区町村名":"稚内市","大字コード":"035","丁目コード":"001","小字コード":"0000","予備コード":"00","大字名":"こまどり","丁目名":"１丁目","小字名":null,"予備名":null,"地番":"29-44","精度区分":null,"座標値種別":"図上測量","筆界未定構成筆":null,"代表点緯度":-67.227,"代表点経度":2096.195536751}},{"type":"MultiPolygon","arcs":[[[1189,-1176,1190,-1174]]],"properties":{"筆ID":"H000000381","version":"ver1.0","座標系":"任意座標系","測地系判別":null,"地図名":"H20450301214026","地図番号":"区-C-5","縮尺分母":"600","市区町村コード":"01214","市区町村名":"稚内市","大字コード":"035","丁目コード":"001","小字コード":"0000","予備コード":"00","大字名":"こまどり","丁目名":"１丁目","小字名":null,"予備名":null,"地番":"29-46","精度区分":null,"座標値種別":"図上測量","筆界未定構成筆":null,"代表点緯度":-70.9205,"代表点経度":2067.876170033}},{"type":"MultiPolygon","arcs":[[[1191,1192]]],"properties":{"筆ID":"H000000382","version":"ver1.0","座標系":"任意座標系","測地系判別":null,"地図名":"H20450301214026","地図番号":"区-C-5","縮尺分母":"600","市区町村コード":"01214","市区町村名":"稚内市","大字コード":"035","丁目コード":"001","小字コード":"0000","予備コード":"00","大字名":"こまどり","丁目名":"１丁目","小字名":null,"予備名":null,"地番":"29-38","精度区分":null,"座標値種別":"図上測量","筆界未定構成筆":null,"代表点緯度":-81.104,"代表点経度":2085.791145019}},{"type":"MultiPolygon","arcs":[[[-1193,1193]]],"properties":{"筆ID":"H000000383","version":"ver1.0","座標系":"任意座標系","測地系判別":null,"地図名":"H20450301214026","地図番号":"区-C-5","縮尺分母":"600","市区町村コード":"01214","市区町村名":"稚内市","大字コード":"035","丁目コード":"001","小字コード":"0000","予備コード":"00","大字名":"こまどり","丁目名":"１丁目","小字名":null,"予備名":null,"地番":"29-36","精度区分":null,"座標値種別":"図上測量","筆界未定構成筆":null,"代表点緯度":-80.1885,"代表点経度":2098.35391244}},{"type":"MultiPolygon","arcs":[[[1194,1195,1196]]],"properties":{"筆ID":"H000000384","version":"ver1.0","座標系":"任意座標系","測地系判別":null,"地図名":"H20450301214026","地図番号":"区-C-5","縮尺分母":"600","市区町村コード":"01214","市区町村名":"稚内市","大字コード":"035","丁目コード":"001","小字コード":"0000","予備コード":"00","大字名":"こまどり","丁目名":"１丁目","小字名":null,"予備名":null,"地番":"16-7","精度区分":null,"座標値種別":"図上測量","筆界未定構成筆":null,"代表点緯度":-54.858,"代表点経度":2109.267412573}},{"type":"MultiPolygon","arcs":[[[1197,1198,1199,1200]]],"properties":{"筆ID":"H000000385","version":"ver1.0","座標系":"任意座標系","測地系判別":null,"地図名":"H20450301214026","地図番号":"区-C-5","縮尺分母":"600","市区町村コード":"01214","市区町村名":"稚内市","大字コード":"035","丁目コード":"001","小字コード":"0000","予備コード":"00","大字名":"こまどり","丁目名":"１丁目","小字名":null,"予備名":null,"地番":"29-33","精度区分":null,"座標値種別":"図上測量","筆界未定構成筆":null,"代表点緯度":-72.8765,"代表点経度":2116.515758004}},{"type":"MultiPolygon","arcs":[[[1201,1202,1203]]],"properties":{"筆ID":"H000000386","version":"ver1.0","座標系":"任意座標系","測地系判別":null,"地図名":"H20450301214026","地図番号":"区-C-5","縮尺分母":"600","市区町村コード":"01214","市区町村名":"稚内市","大字コード":"035","丁目コード":"001","小字コード":"0000","予備コード":"00","大字名":"こまどり","丁目名":"１丁目","小字名":null,"予備名":null,"地番":"16-2","精度区分":null,"座標値種別":"図上測量","筆界未定構成筆":null,"代表点緯度":-68.2415,"代表点経度":2149.749007236}},{"type":"MultiPolygon","arcs":[[[1204,1205,-1152,1206,-1203]]],"properties":{"筆ID":"H000000387","version":"ver1.0","座標系":"任意座標系","測地系判別":null,"地図名":"H20450301214026","地図番号":"区-C-5","縮尺分母":"600","市区町村コード":"01214","市区町村名":"稚内市","大字コード":"035","丁目コード":"001","小字コード":"0000","予備コード":"00","大字名":"こまどり","丁目名":"１丁目","小字名":null,"予備名":null,"地番":"16-8","精度区分":null,"座標値種別":"図上測量","筆界未定構成筆":null,"代表点緯度":-61.2575,"代表点経度":2145.894946259}},{"type":"MultiPolygon","arcs":[[[1207,-1197,1208,-1149,1209]]],"properties":{"筆ID":"H000000388","version":"ver1.0","座標系":"任意座標系","測地系判別":null,"地図名":"H20450301214026","地図番号":"区-C-5","縮尺分母":"600","市区町村コード":"01214","市区町村名":"稚内市","大字コード":"035","丁目コード":"001","小字コード":"0000","予備コード":"00","大字名":"こまどり","丁目名":"１丁目","小字名":null,"予備名":null,"地番":"16-6","精度区分":null,"座標値種別":"図上測量","筆界未定構成筆":null,"代表点緯度":-54.2405,"代表点経度":2122.200122873}},{"type":"MultiPolygon","arcs":[[[1210,-1208,1211,-1199]]],"properties":{"筆ID":"H000000389","version":"ver1.0","座標系":"任意座標系","測地系判別":null,"地図名":"H20450301214026","地図番号":"区-C-5","縮尺分母":"600","市区町村コード":"01214","市区町村名":"稚内市","大字コード":"035","丁目コード":"001","小字コード":"0000","予備コード":"00","大字名":"こまどり","丁目名":"１丁目","小字名":null,"予備名":null,"地番":"29-34","精度区分":null,"座標値種別":"図上測量","筆界未定構成筆":null,"代表点緯度":-62.778,"代表点経度":2119.729984579}},{"type":"MultiPolygon","arcs":[[[1212,-1195,-1211,-1198]]],"properties":{"筆ID":"H000000390","version":"ver1.0","座標系":"任意座標系","測地系判別":null,"地図名":"H20450301214026","地図番号":"区-C-5","縮尺分母":"600","市区町村コード":"01214","市区町村名":"稚内市","大字コード":"035","丁目コード":"001","小字コード":"0000","予備コード":"00","大字名":"こまどり","丁目名":"１丁目","小字名":null,"予備名":null,"地番":"29-35","精度区分":null,"座標値種別":"図上測量","筆界未定構成筆":null,"代表点緯度":-62.5295,"代表点経度":2111.344292408}},{"type":"MultiPolygon","arcs":[[[1213,1214,1215,1216]]],"properties":{"筆ID":"H000000391","version":"ver1.0","座標系":"任意座標系","測地系判別":null,"地図名":"H20450301214026","地図番号":"区-C-5","縮尺分母":"600","市区町村コード":"01214","市区町村名":"稚内市","大字コード":"035","丁目コード":"001","小字コード":"0000","予備コード":"00","大字名":"こまどり","丁目名":"１丁目","小字名":null,"予備名":null,"地番":"29-31","精度区分":null,"座標値種別":"図上測量","筆界未定構成筆":null,"代表点緯度":-70.4695,"代表点経度":2141.133446102}},{"type":"MultiPolygon","arcs":[[[-1212,1217,-1217,1218,-1200]]],"properties":{"筆ID":"H000000392","version":"ver1.0","座標系":"任意座標系","測地系判別":null,"地図名":"H20450301214026","地図番号":"区-C-5","縮尺分母":"600","市区町村コード":"01214","市区町村名":"稚内市","大字コード":"035","丁目コード":"001","小字コード":"0000","予備コード":"00","大字名":"こまどり","丁目名":"１丁目","小字名":null,"予備名":null,"地番":"29-32","精度区分":null,"座標値種別":"図上測量","筆界未定構成筆":null,"代表点緯度":-68.851,"代表点経度":2130.259647947}},{"type":"MultiPolygon","arcs":[[[-1155,-1164,1219,1220]]],"properties":{"筆ID":"H000000393","version":"ver1.0","座標系":"任意座標系","測地系判別":null,"地図名":"H20450301214026","地図番号":"区-C-5","縮尺分母":"600","市区町村コード":"01214","市区町村名":"稚内市","大字コード":"035","丁目コード":"001","小字コード":"0000","予備コード":"00","大字名":"こまどり","丁目名":"１丁目","小字名":null,"予備名":null,"地番":"29-26","精度区分":null,"座標値種別":"図上測量","筆界未定構成筆":null,"代表点緯度":-104.947,"代表点経度":2127.146997439}},{"type":"MultiPolygon","arcs":[[[1221,1222,-1157]]],"properties":{"筆ID":"H000000394","version":"ver1.0","座標系":"任意座標系","測地系判別":null,"地図名":"H20450301214026","地図番号":"区-C-5","縮尺分母":"600","市区町村コード":"01214","市区町村名":"稚内市","大字コード":"035","丁目コード":"001","小字コード":"0000","予備コード":"00","大字名":"こまどり","丁目名":"１丁目","小字名":null,"予備名":null,"地番":"29-23","精度区分":null,"座標値種別":"図上測量","筆界未定構成筆":null,"代表点緯度":-78.435,"代表点経度":2149.317337215}},{"type":"MultiPolygon","arcs":[[[1223,1224,1225]]],"properties":{"筆ID":"H000000395","version":"ver1.0","座標系":"任意座標系","測地系判別":null,"地図名":"H20450301214026","地図番号":"区-C-5","縮尺分母":"600","市区町村コード":"01214","市区町村名":"稚内市","大字コード":"035","丁目コード":"001","小字コード":"0000","予備コード":"00","大字名":"こまどり","丁目名":"１丁目","小字名":null,"予備名":null,"地番":"29-28","精度区分":null,"座標値種別":"図上測量","筆界未定構成筆":null,"代表点緯度":-98.4355,"代表点経度":2102.019693369}},{"type":"MultiPolygon","arcs":[[[1226,1227,-1224,1228]]],"properties":{"筆ID":"H000000396","version":"ver1.0","座標系":"任意座標系","測地系判別":null,"地図名":"H20450301214026","地図番号":"区-C-5","縮尺分母":"600","市区町村コード":"01214","市区町村名":"稚内市","大字コード":"035","丁目コード":"001","小字コード":"0000","予備コード":"00","大字名":"こまどり","丁目名":"１丁目","小字名":null,"予備名":null,"地番":"29-3","精度区分":null,"座標値種別":"図上測量","筆界未定構成筆":null,"代表点緯度":-108.9535,"代表点経度":2095.984256638}},{"type":"MultiPolygon","arcs":[[[1229,1230,1231]]],"properties":{"筆ID":"H000000397","version":"ver1.0","座標系":"任意座標系","測地系判別":null,"地図名":"H20450301214026","地図番号":"区-C-5","縮尺分母":"600","市区町村コード":"01214","市区町村名":"稚内市","大字コード":"035","丁目コード":"001","小字コード":"0000","予備コード":"00","大字名":"こまどり","丁目名":"１丁目","小字名":null,"予備名":null,"地番":"29-21","精度区分":null,"座標値種別":"図上測量","筆界未定構成筆":null,"代表点緯度":-123.4415,"代表点経度":2081.936669872}},{"type":"MultiPolygon","arcs":[[[1232,-1227,1233,1234,-1230]]],"properties":{"筆ID":"H000000398","version":"ver1.0","座標系":"任意座標系","測地系判別":null,"地図名":"H20450301214026","地図番号":"区-C-5","縮尺分母":"600","市区町村コード":"01214","市区町村名":"稚内市","大字コード":"035","丁目コード":"001","小字コード":"0000","予備コード":"00","大字名":"こまどり","丁目名":"１丁目","小字名":null,"予備名":null,"地番":"29-4","精度区分":null,"座標値種別":"図上測量","筆界未定構成筆":null,"代表点緯度":-114.027,"代表点経度":2089.498703263}},{"type":"MultiPolygon","arcs":[[[-1234,1235,1236]]],"properties":{"筆ID":"H000000399","version":"ver1.0","座標系":"任意座標系","測地系判別":null,"地図名":"H20450301214026","地図番号":"区-C-5","縮尺分母":"600","市区町村コード":"01214","市区町村名":"稚内市","大字コード":"035","丁目コード":"001","小字コード":"0000","予備コード":"00","大字名":"こまどり","丁目名":"１丁目","小字名":null,"予備名":null,"地番":"29-20","精度区分":null,"座標値種別":"図上測量","筆界未定構成筆":null,"代表点緯度":-117.4515,"代表点経度":2101.442686932}},{"type":"MultiPolygon","arcs":[[[-1229,-1226,1237,1238,-1236]]],"properties":{"筆ID":"H000000400","version":"ver1.0","座標系":"任意座標系","測地系判別":null,"地図名":"H20450301214026","地図番号":"区-C-5","縮尺分母":"600","市区町村コード":"01214","市区町村名":"稚内市","大字コード":"035","丁目コード":"001","小字コード":"0000","予備コード":"00","大字名":"こまどり","丁目名":"１丁目","小字名":null,"予備名":null,"地番":"29-27","精度区分":null,"座標値種別":"図上測量","筆界未定構成筆":null,"代表点緯度":-109.6545,"代表点経度":2110.710980095}},{"type":"MultiPolygon","arcs":[[[1239,1240,1241]]],"properties":{"筆ID":"H000000401","version":"ver1.0","座標系":"任意座標系","測地系判別":null,"地図名":"H20450301214026","地図番号":"区-C-5","縮尺分母":"600","市区町村コード":"01214","市区町村名":"稚内市","大字コード":"035","丁目コード":"001","小字コード":"0000","予備コード":"00","大字名":"こまどり","丁目名":"１丁目","小字名":null,"予備名":null,"地番":"29-29","精度区分":null,"座標値種別":"図上測量","筆界未定構成筆":null,"代表点緯度":-100.8325,"代表点経度":2076.8135343}},{"type":"MultiPolygon","arcs":[[[-1241,1242,1243,1244]]],"properties":{"筆ID":"H000000402","version":"ver1.0","座標系":"任意座標系","測地系判別":null,"地図名":"H20450301214026","地図番号":"区-C-5","縮尺分母":"600","市区町村コード":"01214","市区町村名":"稚内市","大字コード":"035","丁目コード":"001","小字コード":"0000","予備コード":"00","大字名":"こまどり","丁目名":"１丁目","小字名":null,"予備名":null,"地番":"29-30","精度区分":null,"座標値種別":"図上測量","筆界未定構成筆":null,"代表点緯度":-95.4775,"代表点経度":2062.679869958}},{"type":"MultiPolygon","arcs":[[[1245,1246,1247,1248]]],"properties":{"筆ID":"H000000403","version":"ver1.0","座標系":"任意座標系","測地系判別":null,"地図名":"H20450301214026","地図番号":"区-C-5","縮尺分母":"600","市区町村コード":"01214","市区町村名":"稚内市","大字コード":"035","丁目コード":"001","小字コード":"0000","予備コード":"00","大字名":"こまどり","丁目名":"１丁目","小字名":null,"予備名":null,"地番":"29-14","精度区分":null,"座標値種別":"図上測量","筆界未定構成筆":null,"代表点緯度":-127.4505,"代表点経度":2048.803264228}},{"type":"MultiPolygon","arcs":[[[-1246,1249,1250,1251]]],"properties":{"筆ID":"H000000404","version":"ver1.0","座標系":"任意座標系","測地系判別":null,"地図名":"H20450301214026","地図番号":"区-C-5","縮尺分母":"600","市区町村コード":"01214","市区町村名":"稚内市","大字コード":"035","丁目コード":"001","小字コード":"0000","予備コード":"00","大字名":"こまどり","丁目名":"１丁目","小字名":null,"予備名":null,"地番":"29-11","精度区分":null,"座標値種別":"図上測量","筆界未定構成筆":null,"代表点緯度":-118.1595,"代表点経度":2052.516078293}},{"type":"MultiPolygon","arcs":[[[-1251,1252,1253,1254]]],"properties":{"筆ID":"H000000405","version":"ver1.0","座標系":"任意座標系","測地系判別":null,"地図名":"H20450301214026","地図番号":"区-C-5","縮尺分母":"600","市区町村コード":"01214","市区町村名":"稚内市","大字コード":"035","丁目コード":"001","小字コード":"0000","予備コード":"00","大字名":"こまどり","丁目名":"１丁目","小字名":null,"予備名":null,"地番":"29-10","精度区分":null,"座標値種別":"図上測量","筆界未定構成筆":null,"代表点緯度":-112.241,"代表点経度":2054.869630043}},{"type":"MultiPolygon","arcs":[[[1255,-1255,1256,1257]]],"properties":{"筆ID":"H000000406","version":"ver1.0","座標系":"任意座標系","測地系判別":null,"地図名":"H20450301214026","地図番号":"区-C-5","縮尺分母":"600","市区町村コード":"01214","市区町村名":"稚内市","大字コード":"035","丁目コード":"001","小字コード":"0000","予備コード":"00","大字名":"こまどり","丁目名":"１丁目","小字名":null,"予備名":null,"地番":"29-9","精度区分":null,"座標値種別":"図上測量","筆界未定構成筆":null,"代表点緯度":-117.826,"代表点経度":2068.880278814}},{"type":"MultiPolygon","arcs":[[[1258,-1243,-1240,1259,-1257]]],"properties":{"筆ID":"H000000407","version":"ver1.0","座標系":"任意座標系","測地系判別":null,"地図名":"H20450301214026","地図番号":"区-C-5","縮尺分母":"600","市区町村コード":"01214","市区町村名":"稚内市","大字コード":"035","丁目コード":"001","小字コード":"0000","予備コード":"00","大字名":"こまどり","丁目名":"１丁目","小字名":null,"予備名":null,"地番":"29-8","精度区分":null,"座標値種別":"図上測量","筆界未定構成筆":null,"代表点緯度":-111.903,"代表点経度":2071.297481141}},{"type":"MultiPolygon","arcs":[[[-1259,-1254,1260,-1244]]],"properties":{"筆ID":"H000000408","version":"ver1.0","座標系":"任意座標系","測地系判別":null,"地図名":"H20450301214026","地図番号":"区-C-5","縮尺分母":"600","市区町村コード":"01214","市区町村名":"稚内市","大字コード":"035","丁目コード":"001","小字コード":"0000","予備コード":"00","大字名":"こまどり","丁目名":"１丁目","小字名":null,"予備名":null,"地番":"29-7","精度区分":null,"座標値種別":"図上測量","筆界未定構成筆":null,"代表点緯度":-106.2845,"代表点経度":2057.281013082}},{"type":"MultiPolygon","arcs":[[[1261,-1252,-1256,1262,1263]]],"properties":{"筆ID":"H000000409","version":"ver1.0","座標系":"任意座標系","測地系判別":null,"地図名":"H20450301214026","地図番号":"区-C-5","縮尺分母":"600","市区町村コード":"01214","市区町村名":"稚内市","大字コード":"035","丁目コード":"001","小字コード":"0000","予備コード":"00","大字名":"こまどり","丁目名":"１丁目","小字名":null,"予備名":null,"地番":"29-12","精度区分":null,"座標値種別":"図上測量","筆界未定構成筆":null,"代表点緯度":-123.7975,"代表点経度":2066.519352539}},{"type":"MultiPolygon","arcs":[[[-1262,1264,-1247]]],"properties":{"筆ID":"H000000410","version":"ver1.0","座標系":"任意座標系","測地系判別":null,"地図名":"H20450301214026","地図番号":"区-C-5","縮尺分母":"600","市区町村コード":"01214","市区町村名":"稚内市","大字コード":"035","丁目コード":"001","小字コード":"0000","予備コード":"00","大字名":"こまどり","丁目名":"１丁目","小字名":null,"予備名":null,"地番":"29-13","精度区分":null,"座標値種別":"図上測量","筆界未定構成筆":null,"代表点緯度":-130.577,"代表点経度":2057.73383079}},{"type":"MultiPolygon","arcs":[[[1265,1266,1267]]],"properties":{"筆ID":"H000000411","version":"ver1.0","座標系":"任意座標系","測地系判別":null,"地図名":"H20450301214026","地図番号":"区-C-5","縮尺分母":"600","市区町村コード":"01214","市区町村名":"稚内市","大字コード":"035","丁目コード":"001","小字コード":"0000","予備コード":"00","大字名":"こまどり","丁目名":"１丁目","小字名":null,"予備名":null,"地番":"29-50","精度区分":null,"座標値種別":"図上測量","筆界未定構成筆":null,"代表点緯度":-114.808,"代表点経度":2013.511257962}},{"type":"MultiPolygon","arcs":[[[-1266,1268,1269]]],"properties":{"筆ID":"H000000412","version":"ver1.0","座標系":"任意座標系","測地系判別":null,"地図名":"H20450301214026","地図番号":"区-C-5","縮尺分母":"600","市区町村コード":"01214","市区町村名":"稚内市","大字コード":"035","丁目コード":"001","小字コード":"0000","予備コード":"00","大字名":"こまどり","丁目名":"１丁目","小字名":null,"予備名":null,"地番":"29-18","精度区分":null,"座標値種別":"図上測量","筆界未定構成筆":null,"代表点緯度":-109.105,"代表点経度":2032.812945658}},{"type":"MultiPolygon","arcs":[[[-1267,-1270,1270]]],"properties":{"筆ID":"H000000413","version":"ver1.0","座標系":"任意座標系","測地系判別":null,"地図名":"H20450301214026","地図番号":"区-C-5","縮尺分母":"600","市区町村コード":"01214","市区町村名":"稚内市","大字コード":"035","丁目コード":"001","小字コード":"0000","予備コード":"00","大字名":"こまどり","丁目名":"１丁目","小字名":null,"予備名":null,"地番":"29-17","精度区分":null,"座標値種別":"図上測量","筆界未定構成筆":null,"代表点緯度":-120.0285,"代表点経度":2028.438212616}},{"type":"MultiPolygon","arcs":[[[1271,1272]]],"properties":{"筆ID":"H000000414","version":"ver1.0","座標系":"任意座標系","測地系判別":null,"地図名":"H20450301214026","地図番号":"区-C-5","縮尺分母":"600","市区町村コード":"01214","市区町村名":"稚内市","大字コード":"035","丁目コード":"001","小字コード":"0000","予備コード":"00","大字名":"こまどり","丁目名":"１丁目","小字名":null,"予備名":null,"地番":"29-40","精度区分":null,"座標値種別":"図上測量","筆界未定構成筆":null,"代表点緯度":-92.7225,"代表点経度":2019.767305902}},{"type":"MultiPolygon","arcs":[[[-1272,1273]]],"properties":{"筆ID":"H000000415","version":"ver1.0","座標系":"任意座標系","測地系判別":null,"地図名":"H20450301214026","地図番号":"区-C-5","縮尺分母":"600","市区町村コード":"01214","市区町村名":"稚内市","大字コード":"035","丁目コード":"001","小字コード":"0000","予備コード":"00","大字名":"こまどり","丁目名":"１丁目","小字名":null,"予備名":null,"地番":"29-45","精度区分":null,"座標値種別":"図上測量","筆界未定構成筆":null,"代表点緯度":-93.724,"代表点経度":2034.856777382}},{"type":"MultiPolygon","arcs":[[[1274,1275,1276,1277,1278,1279,1280]]],"properties":{"筆ID":"H000000416","version":"ver1.0","座標系":"任意座標系","測地系判別":null,"地図名":"H20450301214026","地図番号":"区-C-5","縮尺分母":"600","市区町村コード":"01214","市区町村名":"稚内市","大字コード":"035","丁目コード":"001","小字コード":"0000","予備コード":"00","大字名":"こまどり","丁目名":"１丁目","小字名":null,"予備名":null,"地番":"29-49","精度区分":null,"座標値種別":"図上測量","筆界未定構成筆":null,"代表点緯度":-91.747,"代表点経度":1977.339689411}},{"type":"MultiPolygon","arcs":[[[1281,1282,-1280,1283]]],"properties":{"筆ID":"H000000417","version":"ver1.0","座標系":"任意座標系","測地系判別":null,"地図名":"H20450301214026","地図番号":"区-C-5","縮尺分母":"600","市区町村コード":"01214","市区町村名":"稚内市","大字コード":"035","丁目コード":"001","小字コード":"0000","予備コード":"00","大字名":"こまどり","丁目名":"１丁目","小字名":null,"予備名":null,"地番":"29-55","精度区分":null,"座標値種別":"図上測量","筆界未定構成筆":null,"代表点緯度":-105.3765,"代表点経度":1985.741410554}},{"type":"MultiPolygon","arcs":[[[-1282,1284,1285]]],"properties":{"筆ID":"H000000418","version":"ver1.0","座標系":"任意座標系","測地系判別":null,"地図名":"H20450301214026","地図番号":"区-C-5","縮尺分母":"600","市区町村コード":"01214","市区町村名":"稚内市","大字コード":"035","丁目コード":"001","小字コード":"0000","予備コード":"00","大字名":"こまどり","丁目名":"１丁目","小字名":null,"予備名":null,"地番":"29-56","精度区分":null,"座標値種別":"図上測量","筆界未定構成筆":null,"代表点緯度":-103.1935,"代表点経度":2000.302840867}},{"type":"MultiPolygon","arcs":[[[-1284,-1279,1286,1287,1288,-1285]]],"properties":{"筆ID":"H000000419","version":"ver1.0","座標系":"任意座標系","測地系判別":null,"地図名":"H20450301214026","地図番号":"区-C-5","縮尺分母":"600","市区町村コード":"01214","市区町村名":"稚内市","大字コード":"035","丁目コード":"001","小字コード":"0000","予備コード":"00","大字名":"こまどり","丁目名":"１丁目","小字名":null,"予備名":null,"地番":"29-52","精度区分":null,"座標値種別":"図上測量","筆界未定構成筆":null,"代表点緯度":-90.71,"代表点経度":1984.696389893}},{"type":"MultiPolygon","arcs":[[[-1288,1289,1290]]],"properties":{"筆ID":"H000000420","version":"ver1.0","座標系":"任意座標系","測地系判別":null,"地図名":"H20450301214026","地図番号":"区-C-5","縮尺分母":"600","市区町村コード":"01214","市区町村名":"稚内市","大字コード":"035","丁目コード":"001","小字コード":"0000","予備コード":"00","大字名":"こまどり","丁目名":"１丁目","小字名":null,"予備名":null,"地番":"29-54","精度区分":null,"座標値種別":"図上測量","筆界未定構成筆":null,"代表点緯度":-90.7,"代表点経度":2003.145500749}},{"type":"MultiPolygon","arcs":[[[-1287,-1278,1291,-1290]]],"properties":{"筆ID":"H000000421","version":"ver1.0","座標系":"任意座標系","測地系判別":null,"地図名":"H20450301214026","地図番号":"区-C-5","縮尺分母":"600","市区町村コード":"01214","市区町村名":"稚内市","大字コード":"035","丁目コード":"001","小字コード":"0000","予備コード":"00","大字名":"こまどり","丁目名":"１丁目","小字名":null,"予備名":null,"地番":"29-53","精度区分":null,"座標値種別":"図上測量","筆界未定構成筆":null,"代表点緯度":-80.6205,"代表点経度":1997.367694433}},{"type":"MultiPolygon","arcs":[[[1292,1293,-1276]]],"properties":{"筆ID":"H000000422","version":"ver1.0","座標系":"任意座標系","測地系判別":null,"地図名":"H20450301214026","地図番号":"区-C-5","縮尺分母":"600","市区町村コード":"01214","市区町村名":"稚内市","大字コード":"035","丁目コード":"001","小字コード":"0000","予備コード":"00","大字名":"こまどり","丁目名":"１丁目","小字名":null,"予備名":null,"地番":"29-48","精度区分":null,"座標値種別":"図上測量","筆界未定構成筆":null,"代表点緯度":-81.6915,"代表点経度":1980.166836704}},{"type":"MultiPolygon","arcs":[[[1294,-1293,-1275]]],"properties":{"筆ID":"H000000423","version":"ver1.0","座標系":"任意座標系","測地系判別":null,"地図名":"H20450301214026","地図番号":"区-C-5","縮尺分母":"600","市区町村コード":"01214","市区町村名":"稚内市","大字コード":"035","丁目コード":"001","小字コード":"0000","予備コード":"00","大字名":"こまどり","丁目名":"１丁目","小字名":null,"予備名":null,"地番":"30-3","精度区分":null,"座標値種別":"図上測量","筆界未定構成筆":null,"代表点緯度":-88.453,"代表点経度":1970.501021575}},{"type":"MultiPolygon","arcs":[[[1295,1296,1297,-1105]]],"properties":{"筆ID":"H000000424","version":"ver1.0","座標系":"任意座標系","測地系判別":null,"地図名":"H20450301214026","地図番号":"区-C-5","縮尺分母":"600","市区町村コード":"01214","市区町村名":"稚内市","大字コード":"031","丁目コード":"001","小字コード":"0000","予備コード":"00","大字名":"緑","丁目名":"１丁目","小字名":null,"予備名":null,"地番":"13-21","精度区分":null,"座標値種別":"図上測量","筆界未定構成筆":null,"代表点緯度":15.3795,"代表点経度":2021.336490994}},{"type":"MultiPolygon","arcs":[[[1298,1299,1300,-1106,-1298,1301,1302,-1135,1303,1304,1305,1306,1307,1308,1309,1310,-1071,1311]]],"properties":{"筆ID":"H000000425","version":"ver1.0","座標系":"任意座標系","測地系判別":null,"地図名":"H20450301214026","地図番号":"区-C-5","縮尺分母":"600","市区町村コード":"01214","市区町村名":"稚内市","大字コード":"031","丁目コード":"001","小字コード":"0000","予備コード":"00","大字名":"緑","丁目名":"１丁目","小字名":null,"予備名":null,"地番":"78","精度区分":null,"座標値種別":"図上測量","筆界未定構成筆":null,"代表点緯度":-3.318,"代表点経度":2027.030229735}},{"type":"MultiPolygon","arcs":[[[1312,1313,1314,-1136,-1303]]],"properties":{"筆ID":"H000000426","version":"ver1.0","座標系":"任意座標系","測地系判別":null,"地図名":"H20450301214026","地図番号":"区-C-5","縮尺分母":"600","市区町村コード":"01214","市区町村名":"稚内市","大字コード":"031","丁目コード":"001","小字コード":"0000","予備コード":"00","大字名":"緑","丁目名":"１丁目","小字名":null,"予備名":null,"地番":"13-20","精度区分":null,"座標値種別":"図上測量","筆界未定構成筆":null,"代表点緯度":39.7175,"代表点経度":2031.861707243}},{"type":"MultiPolygon","arcs":[[[1315,-1145,-1138,1316,1317,1318]]],"properties":{"筆ID":"H000000427","version":"ver1.0","座標系":"任意座標系","測地系判別":null,"地図名":"H20450301214026","地図番号":"区-C-5","縮尺分母":"600","市区町村コード":"01214","市区町村名":"稚内市","大字コード":"031","丁目コード":"001","小字コード":"0000","予備コード":"00","大字名":"緑","丁目名":"１丁目","小字名":null,"予備名":null,"地番":"13-25","精度区分":null,"座標値種別":"図上測量","筆界未定構成筆":null,"代表点緯度":63.3115,"代表点経度":1999.800828922}},{"type":"MultiPolygon","arcs":[[[1319,-1319,1320,1321]]],"properties":{"筆ID":"H000000428","version":"ver1.0","座標系":"任意座標系","測地系判別":null,"地図名":"H20450301214026","地図番号":"区-C-5","縮尺分母":"600","市区町村コード":"01214","市区町村名":"稚内市","大字コード":"031","丁目コード":"001","小字コード":"0000","予備コード":"00","大字名":"緑","丁目名":"１丁目","小字名":null,"予備名":null,"地番":"13-17","精度区分":null,"座標値種別":"図上測量","筆界未定構成筆":null,"代表点緯度":37.069,"代表点経度":2000.415923284}},{"type":"MultiPolygon","arcs":[[[1322,-1321,-1318,1323,-1314,1324,-1296,-1104]]],"properties":{"筆ID":"H000000429","version":"ver1.0","座標系":"任意座標系","測地系判別":null,"地図名":"H20450301214026","地図番号":"区-C-5","縮尺分母":"600","市区町村コード":"01214","市区町村名":"稚内市","大字コード":"031","丁目コード":"001","小字コード":"0000","予備コード":"00","大字名":"緑","丁目名":"１丁目","小字名":null,"予備名":null,"地番":"13-18","精度区分":null,"座標値種別":"図上測量","筆界未定構成筆":null,"代表点緯度":27.8,"代表点経度":2011.66055692}},{"type":"MultiPolygon","arcs":[[[-1325,-1313,-1302,-1297]]],"properties":{"筆ID":"H000000430","version":"ver1.0","座標系":"任意座標系","測地系判別":null,"地図名":"H20450301214026","地図番号":"区-C-5","縮尺分母":"600","市区町村コード":"01214","市区町村名":"稚内市","大字コード":"031","丁目コード":"001","小字コード":"0000","予備コード":"00","大字名":"緑","丁目名":"１丁目","小字名":null,"予備名":null,"地番":"13-27","精度区分":null,"座標値種別":"図上測量","筆界未定構成筆":null,"代表点緯度":26.8255,"代表点経度":2027.169677185}},{"type":"MultiPolygon","arcs":[[[-1315,-1324,-1317,-1137]]],"properties":{"筆ID":"H000000431","version":"ver1.0","座標系":"任意座標系","測地系判別":null,"地図名":"H20450301214026","地図番号":"区-C-5","縮尺分母":"600","市区町村コード":"01214","市区町村名":"稚内市","大字コード":"031","丁目コード":"001","小字コード":"0000","予備コード":"00","大字名":"緑","丁目名":"１丁目","小字名":null,"予備名":null,"地番":"13-26","精度区分":null,"座標値種別":"図上測量","筆界未定構成筆":null,"代表点緯度":44.6225,"代表点経度":2025.254309833}},{"type":"MultiPolygon","arcs":[[[-1323,-1103,1325,-1322]]],"properties":{"筆ID":"H000000432","version":"ver1.0","座標系":"任意座標系","測地系判別":null,"地図名":"H20450301214026","地図番号":"区-C-5","縮尺分母":"600","市区町村コード":"01214","市区町村名":"稚内市","大字コード":"031","丁目コード":"001","小字コード":"0000","予備コード":"00","大字名":"緑","丁目名":"１丁目","小字名":null,"予備名":null,"地番":"13-23","精度区分":null,"座標値種別":"図上測量","筆界未定構成筆":null,"代表点緯度":30.2395,"代表点経度":1995.931425612}},{"type":"MultiPolygon","arcs":[[[-1326,-1102,-1146,-1316,-1320]]],"properties":{"筆ID":"H000000433","version":"ver1.0","座標系":"任意座標系","測地系判別":null,"地図名":"H20450301214026","地図番号":"区-C-5","縮尺分母":"600","市区町村コード":"01214","市区町村名":"稚内市","大字コード":"031","丁目コード":"001","小字コード":"0000","予備コード":"00","大字名":"緑","丁目名":"１丁目","小字名":null,"予備名":null,"地番":"13-16","精度区分":null,"座標値種別":"図上測量","筆界未定構成筆":null,"代表点緯度":40.628,"代表点経度":1987.560343893}},{"type":"MultiPolygon","arcs":[[[1326,1327,-1304,-1134,1328,1329]]],"properties":{"筆ID":"H000000434","version":"ver1.0","座標系":"任意座標系","測地系判別":null,"地図名":"H20450301214026","地図番号":"区-C-5","縮尺分母":"600","市区町村コード":"01214","市区町村名":"稚内市","大字コード":"031","丁目コード":"001","小字コード":"0000","予備コード":"00","大字名":"緑","丁目名":"１丁目","小字名":null,"予備名":null,"地番":"14-1","精度区分":null,"座標値種別":"図上測量","筆界未定構成筆":null,"代表点緯度":28.715,"代表点経度":2053.801632269}},{"type":"MultiPolygon","arcs":[[[1330,-1142,-1080,1331,1332]]],"properties":{"筆ID":"H000000435","version":"ver1.0","座標系":"任意座標系","測地系判別":null,"地図名":"H20450301214026","地図番号":"区-C-5","縮尺分母":"600","市区町村コード":"01214","市区町村名":"稚内市","大字コード":"031","丁目コード":"001","小字コード":"0000","予備コード":"00","大字名":"緑","丁目名":"１丁目","小字名":null,"予備名":null,"地番":"14-6","精度区分":null,"座標値種別":"図上測量","筆界未定構成筆":null,"代表点緯度":6.7205,"代表点経度":2083.93472686}},{"type":"MultiPolygon","arcs":[[[1333,1334,-1076]]],"properties":{"筆ID":"H000000436","version":"ver1.0","座標系":"任意座標系","測地系判別":null,"地図名":"H20450301214026","地図番号":"区-C-5","縮尺分母":"600","市区町村コード":"01214","市区町村名":"稚内市","大字コード":"031","丁目コード":"001","小字コード":"0000","予備コード":"00","大字名":"緑","丁目名":"１丁目","小字名":null,"予備名":null,"地番":"17-8","精度区分":null,"座標値種別":"図上測量","筆界未定構成筆":null,"代表点緯度":-40.6275,"代表点経度":2079.831180918}},{"type":"MultiPolygon","arcs":[[[-1072,-1311,1335,1336]]],"properties":{"筆ID":"H000000437","version":"ver1.0","座標系":"任意座標系","測地系判別":null,"地図名":"H20450301214026","地図番号":"区-C-5","縮尺分母":"600","市区町村コード":"01214","市区町村名":"稚内市","大字コード":"031","丁目コード":"001","小字コード":"0000","予備コード":"00","大字名":"緑","丁目名":"１丁目","小字名":null,"予備名":null,"地番":"17-3","精度区分":null,"座標値種別":"図上測量","筆界未定構成筆":null,"代表点緯度":-40.911,"代表点経度":2030.297858391}},{"type":"MultiPolygon","arcs":[[[-1066,1337,1338,1339,1340,1341]]],"properties":{"筆ID":"H000000438","version":"ver1.0","座標系":"任意座標系","測地系判別":null,"地図名":"H20450301214026","地図番号":"区-C-5","縮尺分母":"600","市区町村コード":"01214","市区町村名":"稚内市","大字コード":"031","丁目コード":"001","小字コード":"0000","予備コード":"00","大字名":"緑","丁目名":"１丁目","小字名":null,"予備名":null,"地番":"20-9","精度区分":null,"座標値種別":"図上測量","筆界未定構成筆":null,"代表点緯度":-22.069,"代表点経度":1912.9618377}},{"type":"MultiPolygon","arcs":[[[-1064,-1131,1342,1343]]],"properties":{"筆ID":"H000000439","version":"ver1.0","座標系":"任意座標系","測地系判別":null,"地図名":"H20450301214026","地図番号":"区-C-5","縮尺分母":"600","市区町村コード":"01214","市区町村名":"稚内市","大字コード":"031","丁目コード":"001","小字コード":"0000","予備コード":"00","大字名":"緑","丁目名":"１丁目","小字名":null,"予備名":null,"地番":"20-5","精度区分":null,"座標値種別":"図上測量","筆界未定構成筆":null,"代表点緯度":-22.8825,"代表点経度":1880.448426492}},{"type":"MultiPolygon","arcs":[[[1344,-1128,-10,1345]]],"properties":{"筆ID":"H000000440","version":"ver1.0","座標系":"任意座標系","測地系判別":null,"地図名":"H20450301214026","地図番号":"区-C-5","縮尺分母":"600","市区町村コード":"01214","市区町村名":"稚内市","大字コード":"031","丁目コード":"001","小字コード":"0000","予備コード":"00","大字名":"緑","丁目名":"１丁目","小字名":null,"予備名":null,"地番":"20-1","精度区分":null,"座標値種別":"図上測量","筆界未定構成筆":null,"代表点緯度":10.965,"代表点経度":1888.05672245}},{"type":"MultiPolygon","arcs":[[[-1299,1346,1347,1348,1349,-3,-6,-9,-1127,1350,1351,1352,1353,1354,1355,1356,1357,1358,1359,1360,1361,1362,1363,1364]]],"properties":{"筆ID":"H000000441","version":"ver1.0","座標系":"任意座標系","測地系判別":null,"地図名":"H20450301214026","地図番号":"区-C-5","縮尺分母":"600","市区町村コード":"01214","市区町村名":"稚内市","大字コード":"031","丁目コード":"001","小字コード":"0000","予備コード":"00","大字名":"緑","丁目名":"１丁目","小字名":null,"予備名":null,"地番":"80","精度区分":null,"座標値種別":"図上測量","筆界未定構成筆":null,"代表点緯度":-6.3365,"代表点経度":1950.670127101}},{"type":"MultiPolygon","arcs":[[[-1351,-1126,1365,1366,1367]]],"properties":{"筆ID":"H000000442","version":"ver1.0","座標系":"任意座標系","測地系判別":null,"地図名":"H20450301214026","地図番号":"区-C-5","縮尺分母":"600","市区町村コード":"01214","市区町村名":"稚内市","大字コード":"031","丁目コード":"001","小字コード":"0000","予備コード":"00","大字名":"緑","丁目名":"１丁目","小字名":null,"予備名":null,"地番":"19-3","精度区分":null,"座標値種別":"図上測量","筆界未定構成筆":null,"代表点緯度":29.0795,"代表点経度":1893.179354812}},{"type":"MultiPolygon","arcs":[[[1368,-1123,1369,1370]]],"properties":{"筆ID":"H000000443","version":"ver1.0","座標系":"任意座標系","測地系判別":null,"地図名":"H20450301214026","地図番号":"区-C-5","縮尺分母":"600","市区町村コード":"01214","市区町村名":"稚内市","大字コード":"031","丁目コード":"001","小字コード":"0000","予備コード":"00","大字名":"緑","丁目名":"１丁目","小字名":null,"予備名":null,"地番":"19-18","精度区分":null,"座標値種別":"図上測量","筆界未定構成筆":null,"代表点緯度":49.424,"代表点経度":1894.660900296}},{"type":"MultiPolygon","arcs":[[[1371,-1121,1372,1373]]],"properties":{"筆ID":"H000000444","version":"ver1.0","座標系":"任意座標系","測地系判別":null,"地図名":"H20450301214026","地図番号":"区-C-5","縮尺分母":"600","市区町村コード":"01214","市区町村名":"稚内市","大字コード":"031","丁目コード":"001","小字コード":"0000","予備コード":"00","大字名":"緑","丁目名":"１丁目","小字名":null,"予備名":null,"地番":"18-29","精度区分":null,"座標値種別":"図上測量","筆界未定構成筆":null,"代表点緯度":63.198,"代表点経度":1900.058823443}},{"type":"MultiPolygon","arcs":[[[-1119,1374,1375]]],"properties":{"筆ID":"H000000445","version":"ver1.0","座標系":"任意座標系","測地系判別":null,"地図名":"H20450301214026","地図番号":"区-C-5","縮尺分母":"600","市区町村コード":"01214","市区町村名":"稚内市","大字コード":"031","丁目コード":"001","小字コード":"0000","予備コード":"00","大字名":"緑","丁目名":"１丁目","小字名":null,"予備名":null,"地番":"18-31","精度区分":null,"座標値種別":"図上測量","筆界未定構成筆":null,"代表点緯度":76.0195,"代表点経度":1904.598036905}},{"type":"MultiPolygon","arcs":[[[1376,1377,-1375,-1118,1378]]],"properties":{"筆ID":"H000000446","version":"ver1.0","座標系":"任意座標系","測地系判別":null,"地図名":"H20450301214026","地図番号":"区-C-5","縮尺分母":"600","市区町村コード":"01214","市区町村名":"稚内市","大字コード":"031","丁目コード":"001","小字コード":"0000","予備コード":"00","大字名":"緑","丁目名":"１丁目","小字名":null,"予備名":null,"地番":"18-1","精度区分":null,"座標値種別":"図上測量","筆界未定構成筆":null,"代表点緯度":68.889,"代表点経度":1910.971755339}},{"type":"MultiPolygon","arcs":[[[1379,1380,1381,1382,-1107,-1301]]],"properties":{"筆ID":"H000000447","version":"ver1.0","座標系":"任意座標系","測地系判別":null,"地図名":"H20450301214026","地図番号":"区-C-5","縮尺分母":"600","市区町村コード":"01214","市区町村名":"稚内市","大字コード":"031","丁目コード":"001","小字コード":"0000","予備コード":"00","大字名":"緑","丁目名":"１丁目","小字名":null,"予備名":null,"地番":"18-16","精度区分":null,"座標値種別":"図上測量","筆界未定構成筆":null,"代表点緯度":-4.0395,"代表点経度":2013.732239439}},{"type":"MultiPolygon","arcs":[[[-1365,1383,-1380,-1300]]],"properties":{"筆ID":"H000000448","version":"ver1.0","座標系":"任意座標系","測地系判別":null,"地図名":"H20450301214026","地図番号":"区-C-5","縮尺分母":"600","市区町村コード":"01214","市区町村名":"稚内市","大字コード":"031","丁目コード":"001","小字コード":"0000","予備コード":"00","大字名":"緑","丁目名":"１丁目","小字名":null,"予備名":null,"地番":"18-23","精度区分":null,"座標値種別":"図上測量","筆界未定構成筆":null,"代表点緯度":-20.8715,"代表点経度":2009.744654783}},{"type":"MultiPolygon","arcs":[[[1384,1385,-1347,-1312,-1070]]],"properties":{"筆ID":"H000000449","version":"ver1.0","座標系":"任意座標系","測地系判別":null,"地図名":"H20450301214026","地図番号":"区-C-5","縮尺分母":"600","市区町村コード":"01214","市区町村名":"稚内市","大字コード":"031","丁目コード":"001","小字コード":"0000","予備コード":"00","大字名":"緑","丁目名":"１丁目","小字名":null,"予備名":null,"地番":"20-17","精度区分":null,"座標値種別":"図上測量","筆界未定構成筆":null,"代表点緯度":-43.0955,"代表点経度":2011.520096679}},{"type":"MultiPolygon","arcs":[[[-1069,1386,-1385]]],"properties":{"筆ID":"H000000450","version":"ver1.0","座標系":"任意座標系","測地系判別":null,"地図名":"H20450301214026","地図番号":"区-C-5","縮尺分母":"600","市区町村コード":"01214","市区町村名":"稚内市","大字コード":"031","丁目コード":"001","小字コード":"0000","予備コード":"00","大字名":"緑","丁目名":"１丁目","小字名":null,"予備名":null,"地番":"20-15","精度区分":null,"座標値種別":"図上測量","筆界未定構成筆":null,"代表点緯度":-43.0955,"代表点経度":2004.880140046}},{"type":"MultiPolygon","arcs":[[[-1378,-1373,-1120,-1376]]],"properties":{"筆ID":"H000000451","version":"ver1.0","座標系":"任意座標系","測地系判別":null,"地図名":"H20450301214026","地図番号":"区-C-5","縮尺分母":"600","市区町村コード":"01214","市区町村名":"稚内市","大字コード":"031","丁目コード":"001","小字コード":"0000","予備コード":"00","大字名":"緑","丁目名":"１丁目","小字名":null,"予備名":null,"地番":"18-30","精度区分":null,"座標値種別":"図上測量","筆界未定構成筆":null,"代表点緯度":71.2065,"代表点経度":1902.920927811}},{"type":"MultiPolygon","arcs":[[[1387,1388,1389,1390,-1183,1391,-1186,1392]]],"properties":{"筆ID":"H000000452","version":"ver1.0","座標系":"任意座標系","測地系判別":null,"地図名":"H20450301214026","地図番号":"区-C-5","縮尺分母":"600","市区町村コード":"01214","市区町村名":"稚内市","大字コード":"031","丁目コード":"001","小字コード":"0000","予備コード":"00","大字名":"緑","丁目名":"１丁目","小字名":null,"予備名":null,"地番":"114-2","精度区分":null,"座標値種別":"図上測量","筆界未定構成筆":null,"代表点緯度":34.4675,"代表点経度":1942.630017442}},{"type":"MultiPolygon","arcs":[[[1393,-1374,-1377,1394,-1389]]],"properties":{"筆ID":"H000000453","version":"ver1.0","座標系":"任意座標系","測地系判別":null,"地図名":"H20450301214026","地図番号":"区-C-5","縮尺分母":"600","市区町村コード":"01214","市区町村名":"稚内市","大字コード":"031","丁目コード":"001","小字コード":"0000","予備コード":"00","大字名":"緑","丁目名":"１丁目","小字名":null,"予備名":null,"地番":"18-2","精度区分":null,"座標値種別":"図上測量","筆界未定構成筆":null,"代表点緯度":57.9375,"代表点経度":1912.514962555}},{"type":"MultiPolygon","arcs":[[[1395,-1116,-1184,-1391]]],"properties":{"筆ID":"H000000454","version":"ver1.0","座標系":"任意座標系","測地系判別":null,"地図名":"H20450301214026","地図番号":"区-C-5","縮尺分母":"600","市区町村コード":"01214","市区町村名":"稚内市","大字コード":"031","丁目コード":"001","小字コード":"0000","予備コード":"00","大字名":"緑","丁目名":"１丁目","小字名":null,"予備名":null,"地番":"18-4","精度区分":null,"座標値種別":"図上測量","筆界未定構成筆":null,"代表点緯度":48.989,"代表点経度":1934.799505996}},{"type":"MultiPolygon","arcs":[[[-1187,-1392,-1185,-1114]]],"properties":{"筆ID":"H000000455","version":"ver1.0","座標系":"任意座標系","測地系判別":null,"地図名":"H20450301214026","地図番号":"区-C-5","縮尺分母":"600","市区町村コード":"01214","市区町村名":"稚内市","大字コード":"031","丁目コード":"001","小字コード":"0000","予備コード":"00","大字名":"緑","丁目名":"１丁目","小字名":null,"予備名":null,"地番":"18-6","精度区分":null,"座標値種別":"図上測量","筆界未定構成筆":null,"代表点緯度":39.753,"代表点経度":1948.68720027}},{"type":"MultiPolygon","arcs":[[[-1390,-1395,-1379,-1117,-1396]]],"properties":{"筆ID":"H000000456","version":"ver1.0","座標系":"任意座標系","測地系判別":null,"地図名":"H20450301214026","地図番号":"区-C-5","縮尺分母":"600","市区町村コード":"01214","市区町村名":"稚内市","大字コード":"031","丁目コード":"001","小字コード":"0000","予備コード":"00","大字名":"緑","丁目名":"１丁目","小字名":null,"予備名":null,"地番":"18-3","精度区分":null,"座標値種別":"図上測量","筆界未定構成筆":null,"代表点緯度":52.9735,"代表点経度":1928.112139887}},{"type":"MultiPolygon","arcs":[[[1396,1397,1398,1399,1400,1401,-1359]]],"properties":{"筆ID":"H000000457","version":"ver1.0","座標系":"任意座標系","測地系判別":null,"地図名":"H20450301214026","地図番号":"区-C-5","縮尺分母":"600","市区町村コード":"01214","市区町村名":"稚内市","大字コード":"031","丁目コード":"001","小字コード":"0000","予備コード":"00","大字名":"緑","丁目名":"１丁目","小字名":null,"予備名":null,"地番":"18-9","精度区分":null,"座標値種別":"図上測量","筆界未定構成筆":null,"代表点緯度":8.012,"代表点経度":1966.590020434}},{"type":"MultiPolygon","arcs":[[[1402,1403,1404,1405,1406,-1363]]],"properties":{"筆ID":"H000000458","version":"ver1.0","座標系":"任意座標系","測地系判別":null,"地図名":"H20450301214026","地図番号":"区-C-5","縮尺分母":"600","市区町村コード":"01214","市区町村名":"稚内市","大字コード":"031","丁目コード":"001","小字コード":"0000","予備コード":"00","大字名":"緑","丁目名":"１丁目","小字名":null,"予備名":null,"地番":"18-13","精度区分":null,"座標値種別":"図上測量","筆界未定構成筆":null,"代表点緯度":-6.476,"代表点経度":1984.571268455}},{"type":"MultiPolygon","arcs":[[[-1384,-1364,1407,1408,1409,-1381]]],"properties":{"筆ID":"H000000459","version":"ver1.0","座標系":"任意座標系","測地系判別":null,"地図名":"H20450301214026","地図番号":"区-C-5","縮尺分母":"600","市区町村コード":"01214","市区町村名":"稚内市","大字コード":"031","丁目コード":"001","小字コード":"0000","予備コード":"00","大字名":"緑","丁目名":"１丁目","小字名":null,"予備名":null,"地番":"18-14","精度区分":null,"座標値種別":"図上測量","筆界未定構成筆":null,"代表点緯度":-14.5335,"代表点経度":1997.382407577}},{"type":"MultiPolygon","arcs":[[[-1410,1410,-1382]]],"properties":{"筆ID":"H000000460","version":"ver1.0","座標系":"任意座標系","測地系判別":null,"地図名":"H20450301214026","地図番号":"区-C-5","縮尺分母":"600","市区町村コード":"01214","市区町村名":"稚内市","大字コード":"031","丁目コード":"001","小字コード":"0000","予備コード":"00","大字名":"緑","丁目名":"１丁目","小字名":null,"予備名":null,"地番":"18-25","精度区分":null,"座標値種別":"図上測量","筆界未定構成筆":null,"代表点緯度":-6.1315,"代表点経度":2003.557684988}},{"type":"MultiPolygon","arcs":[[[-1409,1411,1412,-1108,-1383,-1411]]],"properties":{"筆ID":"H000000461","version":"ver1.0","座標系":"任意座標系","測地系判別":null,"地図名":"H20450301214026","地図番号":"区-C-5","縮尺分母":"600","市区町村コード":"01214","市区町村名":"稚内市","大字コード":"031","丁目コード":"001","小字コード":"0000","予備コード":"00","大字名":"緑","丁目名":"１丁目","小字名":null,"予備名":null,"地番":"18-15","精度区分":null,"座標値種別":"図上測量","筆界未定構成筆":null,"代表点緯度":3.0755,"代表点経度":2003.830527423}},{"type":"MultiPolygon","arcs":[[[-1398,-1393,-1188,-1112,1413]]],"properties":{"筆ID":"H000000462","version":"ver1.0","座標系":"任意座標系","測地系判別":null,"地図名":"H20450301214026","地図番号":"区-C-5","縮尺分母":"600","市区町村コード":"01214","市区町村名":"稚内市","大字コード":"031","丁目コード":"001","小字コード":"0000","予備コード":"00","大字名":"緑","丁目名":"１丁目","小字名":null,"予備名":null,"地番":"18-8","精度区分":null,"座標値種別":"図上測量","筆界未定構成筆":null,"代表点緯度":26.47,"代表点経度":1968.628008597}},{"type":"MultiPolygon","arcs":[[[-1407,1414,-1412,-1408]]],"properties":{"筆ID":"H000000463","version":"ver1.0","座標系":"任意座標系","測地系判別":null,"地図名":"H20450301214026","地図番号":"区-C-5","縮尺分母":"600","市区町村コード":"01214","市区町村名":"稚内市","大字コード":"031","丁目コード":"001","小字コード":"0000","予備コード":"00","大字名":"緑","丁目名":"１丁目","小字名":null,"予備名":null,"地番":"18-26","精度区分":null,"座標値種別":"図上測量","筆界未定構成筆":null,"代表点緯度":-9.634,"代表点経度":1990.703939662}},{"type":"MultiPolygon","arcs":[[[-1415,-1406,1415,-1109,-1413]]],"properties":{"筆ID":"H000000464","version":"ver1.0","座標系":"任意座標系","測地系判別":null,"地図名":"H20450301214026","地図番号":"区-C-5","縮尺分母":"600","市区町村コード":"01214","市区町村名":"稚内市","大字コード":"031","丁目コード":"001","小字コード":"0000","予備コード":"00","大字名":"緑","丁目名":"１丁目","小字名":null,"予備名":null,"地番":"18-24","精度区分":null,"座標値種別":"図上測量","筆界未定構成筆":null,"代表点緯度":6.683,"代表点経度":1998.520690033}},{"type":"MultiPolygon","arcs":[[[-1416,-1405,1416,-1110]]],"properties":{"筆ID":"H000000465","version":"ver1.0","座標系":"任意座標系","測地系判別":null,"地図名":"H20450301214026","地図番号":"区-C-5","縮尺分母":"600","市区町村コード":"01214","市区町村名":"稚内市","大字コード":"031","丁目コード":"001","小字コード":"0000","予備コード":"00","大字名":"緑","丁目名":"１丁目","小字名":null,"予備名":null,"地番":"18-12","精度区分":null,"座標値種別":"図上測量","筆界未定構成筆":null,"代表点緯度":10.1075,"代表点経度":1993.204853181}},{"type":"MultiPolygon","arcs":[[[-1404,1417,1418,1419,-1399,-1414,-1111,-1417]]],"properties":{"筆ID":"H000000466","version":"ver1.0","座標系":"任意座標系","測地系判別":null,"地図名":"H20450301214026","地図番号":"区-C-5","縮尺分母":"600","市区町村コード":"01214","市区町村名":"稚内市","大字コード":"031","丁目コード":"001","小字コード":"0000","予備コード":"00","大字名":"緑","丁目名":"１丁目","小字名":null,"予備名":null,"地番":"18-11","精度区分":null,"座標値種別":"図上測量","筆界未定構成筆":null,"代表点緯度":17.6855,"代表点経度":1981.826070292}},{"type":"MultiPolygon","arcs":[[[-1403,-1362,1420,1421,1422,-1418]]],"properties":{"筆ID":"H000000467","version":"ver1.0","座標系":"任意座標系","測地系判別":null,"地図名":"H20450301214026","地図番号":"区-C-5","縮尺分母":"600","市区町村コード":"01214","市区町村名":"稚内市","大字コード":"031","丁目コード":"001","小字コード":"0000","予備コード":"00","大字名":"緑","丁目名":"１丁目","小字名":null,"予備名":null,"地番":"18-10","精度区分":null,"座標値種別":"図上測量","筆界未定構成筆":null,"代表点緯度":-4.719,"代表点経度":1972.520301841}},{"type":"MultiPolygon","arcs":[[[1423,-1360,-1402]]],"properties":{"筆ID":"H000000468","version":"ver1.0","座標系":"任意座標系","測地系判別":null,"地図名":"H20450301214026","地図番号":"区-C-5","縮尺分母":"600","市区町村コード":"01214","市区町村名":"稚内市","大字コード":"031","丁目コード":"001","小字コード":"0000","予備コード":"00","大字名":"緑","丁目名":"１丁目","小字名":null,"予備名":null,"地番":"18-27","精度区分":null,"座標値種別":"図上測量","筆界未定構成筆":null,"代表点緯度":-2.6065,"代表点経度":1963.068952759}},{"type":"MultiPolygon","arcs":[[[-1361,-1424,-1401,-1421]]],"properties":{"筆ID":"H000000469","version":"ver1.0","座標系":"任意座標系","測地系判別":null,"地図名":"H20450301214026","地図番号":"区-C-5","縮尺分母":"600","市区町村コード":"01214","市区町村名":"稚内市","大字コード":"031","丁目コード":"001","小字コード":"0000","予備コード":"00","大字名":"緑","丁目名":"１丁目","小字名":null,"予備名":null,"地番":"18-18","精度区分":null,"座標値種別":"図上測量","筆界未定構成筆":null,"代表点緯度":-3.5005,"代表点経度":1965.214906485}},{"type":"MultiPolygon","arcs":[[[1424,-1419,-1423]]],"properties":{"筆ID":"H000000470","version":"ver1.0","座標系":"任意座標系","測地系判別":null,"地図名":"H20450301214026","地図番号":"区-C-5","縮尺分母":"600","市区町村コード":"01214","市区町村名":"稚内市","大字コード":"031","丁目コード":"001","小字コード":"0000","予備コード":"00","大字名":"緑","丁目名":"１丁目","小字名":null,"予備名":null,"地番":"18-28","精度区分":null,"座標値種別":"図上測量","筆界未定構成筆":null,"代表点緯度":6.158,"代表点経度":1973.73091817}},{"type":"MultiPolygon","arcs":[[[-1422,-1400,-1420,-1425]]],"properties":{"筆ID":"H000000471","version":"ver1.0","座標系":"任意座標系","測地系判別":null,"地図名":"H20450301214026","地図番号":"区-C-5","縮尺分母":"600","市区町村コード":"01214","市区町村名":"稚内市","大字コード":"031","丁目コード":"001","小字コード":"0000","予備コード":"00","大字名":"緑","丁目名":"１丁目","小字名":null,"予備名":null,"地番":"18-19","精度区分":null,"座標値種別":"図上測量","筆界未定構成筆":null,"代表点緯度":6.78,"代表点経度":1972.631547283}},{"type":"MultiPolygon","arcs":[[[-1357,1425,1426,1427,1428,1429]]],"properties":{"筆ID":"H000000472","version":"ver1.0","座標系":"任意座標系","測地系判別":null,"地図名":"H20450301214026","地図番号":"区-C-5","縮尺分母":"600","市区町村コード":"01214","市区町村名":"稚内市","大字コード":"031","丁目コード":"001","小字コード":"0000","予備コード":"00","大字名":"緑","丁目名":"１丁目","小字名":null,"予備名":null,"地番":"19-8","精度区分":null,"座標値種別":"図上測量","筆界未定構成筆":null,"代表点緯度":8.2355,"代表点経度":1941.189529871}},{"type":"MultiPolygon","arcs":[[[1430,1431,1432]]],"properties":{"筆ID":"H000000473","version":"ver1.0","座標系":"任意座標系","測地系判別":null,"地図名":"H20450301214026","地図番号":"区-C-5","縮尺分母":"600","市区町村コード":"01214","市区町村名":"稚内市","大字コード":"031","丁目コード":"001","小字コード":"0000","予備コード":"00","大字名":"緑","丁目名":"１丁目","小字名":null,"予備名":null,"地番":"19-13","精度区分":null,"座標値種別":"図上測量","筆界未定構成筆":null,"代表点緯度":42.383,"代表点経度":1922.781676192}},{"type":"MultiPolygon","arcs":[[[1433,1434,-1433,1435]]],"properties":{"筆ID":"H000000474","version":"ver1.0","座標系":"任意座標系","測地系判別":null,"地図名":"H20450301214026","地図番号":"区-C-5","縮尺分母":"600","市区町村コード":"01214","市区町村名":"稚内市","大字コード":"031","丁目コード":"001","小字コード":"0000","予備コード":"00","大字名":"緑","丁目名":"１丁目","小字名":null,"予備名":null,"地番":"19-12","精度区分":null,"座標値種別":"図上測量","筆界未定構成筆":null,"代表点緯度":34.224,"代表点経度":1935.636820585}},{"type":"MultiPolygon","arcs":[[[1436,-1428,1437,1438,1439]]],"properties":{"筆ID":"H000000475","version":"ver1.0","座標系":"任意座標系","測地系判別":null,"地図名":"H20450301214026","地図番号":"区-C-5","縮尺分母":"600","市区町村コード":"01214","市区町村名":"稚内市","大字コード":"031","丁目コード":"001","小字コード":"0000","予備コード":"00","大字名":"緑","丁目名":"１丁目","小字名":null,"予備名":null,"地番":"19-10","精度区分":null,"座標値種別":"図上測量","筆界未定構成筆":null,"代表点緯度":17.9085,"代表点経度":1949.543462643}},{"type":"MultiPolygon","arcs":[[[-1438,-1427,1440,1441,1442,1443,-1435]]],"properties":{"筆ID":"H000000476","version":"ver1.0","座標系":"任意座標系","測地系判別":null,"地図名":"H20450301214026","地図番号":"区-C-5","縮尺分母":"600","市区町村コード":"01214","市区町村名":"稚内市","大字コード":"031","丁目コード":"001","小字コード":"0000","予備コード":"00","大字名":"緑","丁目名":"１丁目","小字名":null,"予備名":null,"地番":"19-7","精度区分":null,"座標値種別":"図上測量","筆界未定構成筆":null,"代表点緯度":26.45,"代表点経度":1931.870612659}},{"type":"MultiPolygon","arcs":[[[-1426,-1356,1444,-1441]]],"properties":{"筆ID":"H000000477","version":"ver1.0","座標系":"任意座標系","測地系判別":null,"地図名":"H20450301214026","地図番号":"区-C-5","縮尺分母":"600","市区町村コード":"01214","市区町村名":"稚内市","大字コード":"031","丁目コード":"001","小字コード":"0000","予備コード":"00","大字名":"緑","丁目名":"１丁目","小字名":null,"予備名":null,"地番":"19-16","精度区分":null,"座標値種別":"図上測量","筆界未定構成筆":null,"代表点緯度":12.069,"代表点経度":1931.612619263}},{"type":"MultiPolygon","arcs":[[[1445,1446,1447,1448,1449,-1431,-1444]]],"properties":{"筆ID":"H000000478","version":"ver1.0","座標系":"任意座標系","測地系判別":null,"地図名":"H20450301214026","地図番号":"区-C-5","縮尺分母":"600","市区町村コード":"01214","市区町村名":"稚内市","大字コード":"031","丁目コード":"001","小字コード":"0000","予備コード":"00","大字名":"緑","丁目名":"１丁目","小字名":null,"予備名":null,"地番":"19-6","精度区分":null,"座標値種別":"図上測量","筆界未定構成筆":null,"代表点緯度":34.747,"代表点経度":1916.08897075}},{"type":"MultiPolygon","arcs":[[[1450,-1352,-1368,1451,-1447]]],"properties":{"筆ID":"H000000479","version":"ver1.0","座標系":"任意座標系","測地系判別":null,"地図名":"H20450301214026","地図番号":"区-C-5","縮尺分母":"600","市区町村コード":"01214","市区町村名":"稚内市","大字コード":"031","丁目コード":"001","小字コード":"0000","予備コード":"00","大字名":"緑","丁目名":"１丁目","小字名":null,"予備名":null,"地番":"19-4","精度区分":null,"座標値種別":"図上測量","筆界未定構成筆":null,"代表点緯度":24.346,"代表点経度":1903.648317428}},{"type":"MultiPolygon","arcs":[[[1452,-1124,-1369,1453]]],"properties":{"筆ID":"H000000480","version":"ver1.0","座標系":"任意座標系","測地系判別":null,"地図名":"H20450301214026","地図番号":"区-C-5","縮尺分母":"600","市区町村コード":"01214","市区町村名":"稚内市","大字コード":"031","丁目コード":"001","小字コード":"0000","予備コード":"00","大字名":"緑","丁目名":"１丁目","小字名":null,"予備名":null,"地番":"19-19","精度区分":null,"座標値種別":"図上測量","筆界未定構成筆":null,"代表点緯度":40.5975,"代表点経度":1890.921507235}},{"type":"MultiPolygon","arcs":[[[-1125,-1453,-1366]]],"properties":{"筆ID":"H000000481","version":"ver1.0","座標系":"任意座標系","測地系判別":null,"地図名":"H20450301214026","地図番号":"区-C-5","縮尺分母":"600","市区町村コード":"01214","市区町村名":"稚内市","大字コード":"031","丁目コード":"001","小字コード":"0000","予備コード":"00","大字名":"緑","丁目名":"１丁目","小字名":null,"予備名":null,"地番":"19-20","精度区分":null,"座標値種別":"図上測量","筆界未定構成筆":null,"代表点緯度":33.6285,"代表点経度":1887.969313355}},{"type":"MultiPolygon","arcs":[[[-1371,1454,-1449,1455]]],"properties":{"筆ID":"H000000482","version":"ver1.0","座標系":"任意座標系","測地系判別":null,"地図名":"H20450301214026","地図番号":"区-C-5","縮尺分母":"600","市区町村コード":"01214","市区町村名":"稚内市","大字コード":"031","丁目コード":"001","小字コード":"0000","予備コード":"00","大字名":"緑","丁目名":"１丁目","小字名":null,"予備名":null,"地番":"19-1","精度区分":null,"座標値種別":"図上測量","筆界未定構成筆":null,"代表点緯度":46.6445,"代表点経度":1903.11980132}},{"type":"MultiPolygon","arcs":[[[-1448,-1452,-1367,-1454,-1456]]],"properties":{"筆ID":"H000000483","version":"ver1.0","座標系":"任意座標系","測地系判別":null,"地図名":"H20450301214026","地図番号":"区-C-5","縮尺分母":"600","市区町村コード":"01214","市区町村名":"稚内市","大字コード":"031","丁目コード":"001","小字コード":"0000","予備コード":"00","大字名":"緑","丁目名":"１丁目","小字名":null,"予備名":null,"地番":"19-2","精度区分":null,"座標値種別":"図上測量","筆界未定構成筆":null,"代表点緯度":37.687,"代表点経度":1899.312294539}},{"type":"MultiPolygon","arcs":[[[-1353,-1451,-1446,1456]]],"properties":{"筆ID":"H000000484","version":"ver1.0","座標系":"任意座標系","測地系判別":null,"地図名":"H20450301214026","地図番号":"区-C-5","縮尺分母":"600","市区町村コード":"01214","市区町村名":"稚内市","大字コード":"031","丁目コード":"001","小字コード":"0000","予備コード":"00","大字名":"緑","丁目名":"１丁目","小字名":null,"予備名":null,"地番":"19-5","精度区分":null,"座標値種別":"図上測量","筆界未定構成筆":null,"代表点緯度":20.316,"代表点経度":1912.833353597}},{"type":"MultiPolygon","arcs":[[[-1354,-1457,-1443,1457]]],"properties":{"筆ID":"H000000485","version":"ver1.0","座標系":"任意座標系","測地系判別":null,"地図名":"H20450301214026","地図番号":"区-C-5","縮尺分母":"600","市区町村コード":"01214","市区町村名":"稚内市","大字コード":"031","丁目コード":"001","小字コード":"0000","予備コード":"00","大字名":"緑","丁目名":"１丁目","小字名":null,"予備名":null,"地番":"19-14","精度区分":null,"座標値種別":"図上測量","筆界未定構成筆":null,"代表点緯度":18.122,"代表点経度":1917.836493536}},{"type":"MultiPolygon","arcs":[[[-1434,1458,-1439]]],"properties":{"筆ID":"H000000486","version":"ver1.0","座標系":"任意座標系","測地系判別":null,"地図名":"H20450301214026","地図番号":"区-C-5","縮尺分母":"600","市区町村コード":"01214","市区町村名":"稚内市","大字コード":"031","丁目コード":"001","小字コード":"0000","予備コード":"00","大字名":"緑","丁目名":"１丁目","小字名":null,"予備名":null,"地番":"19-11","精度区分":null,"座標値種別":"図上測量","筆界未定構成筆":null,"代表点緯度":25.292,"代表点経度":1949.735462247}},{"type":"MultiPolygon","arcs":[[[-1437,1459,-1429]]],"properties":{"筆ID":"H000000487","version":"ver1.0","座標系":"任意座標系","測地系判別":null,"地図名":"H20450301214026","地図番号":"区-C-5","縮尺分母":"600","市区町村コード":"01214","市区町村名":"稚内市","大字コード":"031","丁目コード":"001","小字コード":"0000","予備コード":"00","大字名":"緑","丁目名":"１丁目","小字名":null,"予備名":null,"地番":"19-17","精度区分":null,"座標値種別":"図上測量","筆界未定構成筆":null,"代表点緯度":9.1025,"代表点経度":1951.434970798}},{"type":"MultiPolygon","arcs":[[[-1355,-1458,-1442,-1445]]],"properties":{"筆ID":"H000000488","version":"ver1.0","座標系":"任意座標系","測地系判別":null,"地図名":"H20450301214026","地図番号":"区-C-5","縮尺分母":"600","市区町村コード":"01214","市区町村名":"稚内市","大字コード":"031","丁目コード":"001","小字コード":"0000","予備コード":"00","大字名":"緑","丁目名":"１丁目","小字名":null,"予備名":null,"地番":"19-15","精度区分":null,"座標値種別":"図上測量","筆界未定構成筆":null,"代表点緯度":15.297,"代表点経度":1924.300750036}},{"type":"MultiPolygon","arcs":[[[1460,1461,-1307,1462,1463]]],"properties":{"筆ID":"H000000489","version":"ver1.0","座標系":"任意座標系","測地系判別":null,"地図名":"H20450301214026","地図番号":"区-C-5","縮尺分母":"600","市区町村コード":"01214","市区町村名":"稚内市","大字コード":"031","丁目コード":"001","小字コード":"0000","予備コード":"00","大字名":"緑","丁目名":"１丁目","小字名":null,"予備名":null,"地番":"14-3","精度区分":null,"座標値種別":"図上測量","筆界未定構成筆":null,"代表点緯度":3.9805,"代表点経度":2038.079601802}},{"type":"MultiPolygon","arcs":[[[1464,1465,1466,1467,1468,-1308,-1462,1469,1470,1471,1472,1473,-1078,1474]]],"properties":{"筆ID":"H000000490","version":"ver1.0","座標系":"任意座標系","測地系判別":null,"地図名":"H20450301214026","地図番号":"区-C-5","縮尺分母":"600","市区町村コード":"01214","市区町村名":"稚内市","大字コード":"031","丁目コード":"001","小字コード":"0000","予備コード":"00","大字名":"緑","丁目名":"１丁目","小字名":null,"予備名":null,"地番":"79","精度区分":null,"座標値種別":"図上測量","筆界未定構成筆":null,"代表点緯度":-14.403,"代表点経度":2049.98161508}},{"type":"MultiPolygon","arcs":[[[1475,-1309,-1469,1476]]],"properties":{"筆ID":"H000000491","version":"ver1.0","座標系":"任意座標系","測地系判別":null,"地図名":"H20450301214026","地図番号":"区-C-5","縮尺分母":"600","市区町村コード":"01214","市区町村名":"稚内市","大字コード":"031","丁目コード":"001","小字コード":"0000","予備コード":"00","大字名":"緑","丁目名":"１丁目","小字名":null,"予備名":null,"地番":"17-1","精度区分":null,"座標値種別":"図上測量","筆界未定構成筆":null,"代表点緯度":-9.396,"代表点経度":2033.536394123}},{"type":"MultiPolygon","arcs":[[[-1337,1477,1478,-1073]]],"properties":{"筆ID":"H000000492","version":"ver1.0","座標系":"任意座標系","測地系判別":null,"地図名":"H20450301214026","地図番号":"区-C-5","縮尺分母":"600","市区町村コード":"01214","市区町村名":"稚内市","大字コード":"031","丁目コード":"001","小字コード":"0000","予備コード":"00","大字名":"緑","丁目名":"１丁目","小字名":null,"予備名":null,"地番":"17-4","精度区分":null,"座標値種別":"図上測量","筆界未定構成筆":null,"代表点緯度":-41.2935,"代表点経度":2041.281768561}},{"type":"MultiPolygon","arcs":[[[-1336,-1310,-1476,1479]]],"properties":{"筆ID":"H000000493","version":"ver1.0","座標系":"任意座標系","測地系判別":null,"地図名":"H20450301214026","地図番号":"区-C-5","縮尺分母":"600","市区町村コード":"01214","市区町村名":"稚内市","大字コード":"031","丁目コード":"001","小字コード":"0000","予備コード":"00","大字名":"緑","丁目名":"１丁目","小字名":null,"予備名":null,"地番":"17-2","精度区分":null,"座標値種別":"図上測量","筆界未定構成筆":null,"代表点緯度":-25.3055,"代表点経度":2030.413248106}},{"type":"MultiPolygon","arcs":[[[-1480,-1477,-1468,1480,-1478]]],"properties":{"筆ID":"H000000494","version":"ver1.0","座標系":"任意座標系","測地系判別":null,"地図名":"H20450301214026","地図番号":"区-C-5","縮尺分母":"600","市区町村コード":"01214","市区町村名":"稚内市","大字コード":"031","丁目コード":"001","小字コード":"0000","予備コード":"00","大字名":"緑","丁目名":"１丁目","小字名":null,"予備名":null,"地番":"17-12","精度区分":null,"座標値種別":"図上測量","筆界未定構成筆":null,"代表点緯度":-28.08,"代表点経度":2043.45364115}},{"type":"MultiPolygon","arcs":[[[1481,1482,1483,1484,1485,-1472]]],"properties":{"筆ID":"H000000495","version":"ver1.0","座標系":"任意座標系","測地系判別":null,"地図名":"H20450301214026","地図番号":"区-C-5","縮尺分母":"600","市区町村コード":"01214","市区町村名":"稚内市","大字コード":"031","丁目コード":"001","小字コード":"0000","予備コード":"00","大字名":"緑","丁目名":"１丁目","小字名":null,"予備名":null,"地番":"14-7","精度区分":null,"座標値種別":"図上測量","筆界未定構成筆":null,"代表点緯度":-11.3315,"代表点経度":2064.463701262}},{"type":"MultiPolygon","arcs":[[[1486,-1332,-1079,-1474]]],"properties":{"筆ID":"H000000496","version":"ver1.0","座標系":"任意座標系","測地系判別":null,"地図名":"H20450301214026","地図番号":"区-C-5","縮尺分母":"600","市区町村コード":"01214","市区町村名":"稚内市","大字コード":"031","丁目コード":"001","小字コード":"0000","予備コード":"00","大字名":"緑","丁目名":"１丁目","小字名":null,"予備名":null,"地番":"14-9","精度区分":null,"座標値種別":"図上測量","筆界未定構成筆":null,"代表点緯度":-10.3485,"代表点経度":2086.729690584}},{"type":"MultiPolygon","arcs":[[[-1473,-1486,1487,-1333,-1487]]],"properties":{"筆ID":"H000000497","version":"ver1.0","座標系":"任意座標系","測地系判別":null,"地図名":"H20450301214026","地図番号":"区-C-5","縮尺分母":"600","市区町村コード":"01214","市区町村名":"稚内市","大字コード":"031","丁目コード":"001","小字コード":"0000","予備コード":"00","大字名":"緑","丁目名":"１丁目","小字名":null,"予備名":null,"地番":"14-8","精度区分":null,"座標値種別":"図上測量","筆界未定構成筆":null,"代表点緯度":-10.3415,"代表点経度":2077.218933111}},{"type":"MultiPolygon","arcs":[[[-1488,-1485,1488,1489,1490,-1132,-1331]]],"properties":{"筆ID":"H000000498","version":"ver1.0","座標系":"任意座標系","測地系判別":null,"地図名":"H20450301214026","地図番号":"区-C-5","縮尺分母":"600","市区町村コード":"01214","市区町村名":"稚内市","大字コード":"031","丁目コード":"001","小字コード":"0000","予備コード":"00","大字名":"緑","丁目名":"１丁目","小字名":null,"予備名":null,"地番":"14-14","精度区分":null,"座標値種別":"図上測量","筆界未定構成筆":null,"代表点緯度":7.8195,"代表点経度":2074.818848893}},{"type":"MultiPolygon","arcs":[[[1491,1492,-1305,-1328,1493]]],"properties":{"筆ID":"H000000499","version":"ver1.0","座標系":"任意座標系","測地系判別":null,"地図名":"H20450301214026","地図番号":"区-C-5","縮尺分母":"600","市区町村コード":"01214","市区町村名":"稚内市","大字コード":"031","丁目コード":"001","小字コード":"0000","予備コード":"00","大字名":"緑","丁目名":"１丁目","小字名":null,"予備名":null,"地番":"14-2","精度区分":null,"座標値種別":"図上測量","筆界未定構成筆":null,"代表点緯度":20.0035,"代表点経度":2049.212129316}},{"type":"MultiPolygon","arcs":[[[-1463,-1306,-1493,1494]]],"properties":{"筆ID":"H000000500","version":"ver1.0","座標系":"任意座標系","測地系判別":null,"地図名":"H20450301214026","地図番号":"区-C-5","縮尺分母":"600","市区町村コード":"01214","市区町村名":"稚内市","大字コード":"031","丁目コード":"001","小字コード":"0000","予備コード":"00","大字名":"緑","丁目名":"１丁目","小字名":null,"予備名":null,"地番":"14-12","精度区分":null,"座標値種別":"図上測量","筆界未定構成筆":null,"代表点緯度":18.358,"代表点経度":2041.703552628}},{"type":"MultiPolygon","arcs":[[[1495,-1470,-1461,1496,1497]]],"properties":{"筆ID":"H000000501","version":"ver1.0","座標系":"任意座標系","測地系判別":null,"地図名":"H20450301214026","地図番号":"区-C-5","縮尺分母":"600","市区町村コード":"01214","市区町村名":"稚内市","大字コード":"031","丁目コード":"001","小字コード":"0000","予備コード":"00","大字名":"緑","丁目名":"１丁目","小字名":null,"予備名":null,"地番":"14-15","精度区分":null,"座標値種別":"図上測量","筆界未定構成筆":null,"代表点緯度":-0.1025,"代表点経度":2045.872435959}},{"type":"MultiPolygon","arcs":[[[-1482,-1471,-1496,1498]]],"properties":{"筆ID":"H000000502","version":"ver1.0","座標系":"任意座標系","測地系判別":null,"地図名":"H20450301214026","地図番号":"区-C-5","縮尺分母":"600","市区町村コード":"01214","市区町村名":"稚内市","大字コード":"031","丁目コード":"001","小字コード":"0000","予備コード":"00","大字名":"緑","丁目名":"１丁目","小字名":null,"予備名":null,"地番":"14-16","精度区分":null,"座標値種別":"図上測量","筆界未定構成筆":null,"代表点緯度":-8.256,"代表点経度":2052.612354453}},{"type":"MultiPolygon","arcs":[[[-1484,1499,1500,1501]]],"properties":{"筆ID":"H000000503","version":"ver1.0","座標系":"任意座標系","測地系判別":null,"地図名":"H20450301214026","地図番号":"区-C-5","縮尺分母":"600","市区町村コード":"01214","市区町村名":"稚内市","大字コード":"031","丁目コード":"001","小字コード":"0000","予備コード":"00","大字名":"緑","丁目名":"１丁目","小字名":null,"予備名":null,"地番":"14-17","精度区分":null,"座標値種別":"図上測量","筆界未定構成筆":null,"代表点緯度":2.4305,"代表点経度":2059.767151991}},{"type":"MultiPolygon","arcs":[[[-1502,-1494,-1327,1502,-1489]]],"properties":{"筆ID":"H000000504","version":"ver1.0","座標系":"任意座標系","測地系判別":null,"地図名":"H20450301214026","地図番号":"区-C-5","縮尺分母":"600","市区町村コード":"01214","市区町村名":"稚内市","大字コード":"031","丁目コード":"001","小字コード":"0000","予備コード":"00","大字名":"緑","丁目名":"１丁目","小字名":null,"予備名":null,"地番":"14-5","精度区分":null,"座標値種別":"図上測量","筆界未定構成筆":null,"代表点緯度":10.862,"代表点経度":2064.970704045}},{"type":"MultiPolygon","arcs":[[[-1464,-1495,-1492,-1501,-1497]]],"properties":{"筆ID":"H000000505","version":"ver1.0","座標系":"任意座標系","測地系判別":null,"地図名":"H20450301214026","地図番号":"区-C-5","縮尺分母":"600","市区町村コード":"01214","市区町村名":"稚内市","大字コード":"031","丁目コード":"001","小字コード":"0000","予備コード":"00","大字名":"緑","丁目名":"１丁目","小字名":null,"予備名":null,"地番":"14-11","精度区分":null,"座標値種別":"図上測量","筆界未定構成筆":null,"代表点緯度":7.575,"代表点経度":2050.846069501}},{"type":"MultiPolygon","arcs":[[[-1330,1503,-1490,-1503]]],"properties":{"筆ID":"H000000506","version":"ver1.0","座標系":"任意座標系","測地系判別":null,"地図名":"H20450301214026","地図番号":"区-C-5","縮尺分母":"600","市区町村コード":"01214","市区町村名":"稚内市","大字コード":"031","丁目コード":"001","小字コード":"0000","予備コード":"00","大字名":"緑","丁目名":"１丁目","小字名":null,"予備名":null,"地番":"14-13","精度区分":null,"座標値種別":"図上測量","筆界未定構成筆":null,"代表点緯度":16.704,"代表点経度":2066.671076123}},{"type":"MultiPolygon","arcs":[[[-1329,-1133,-1491,-1504]]],"properties":{"筆ID":"H000000507","version":"ver1.0","座標系":"任意座標系","測地系判別":null,"地図名":"H20450301214026","地図番号":"区-C-5","縮尺分母":"600","市区町村コード":"01214","市区町村名":"稚内市","大字コード":"031","丁目コード":"001","小字コード":"0000","予備コード":"00","大字名":"緑","丁目名":"１丁目","小字名":null,"予備名":null,"地番":"14-10","精度区分":null,"座標値種別":"図上測量","筆界未定構成筆":null,"代表点緯度":20.586,"代表点経度":2069.241275756}},{"type":"MultiPolygon","arcs":[[[-1481,-1467,1504,-1074,-1479]]],"properties":{"筆ID":"H000000508","version":"ver1.0","座標系":"任意座標系","測地系判別":null,"地図名":"H20450301214026","地図番号":"区-C-5","縮尺分母":"600","市区町村コード":"01214","市区町村名":"稚内市","大字コード":"031","丁目コード":"001","小字コード":"0000","予備コード":"00","大字名":"緑","丁目名":"１丁目","小字名":null,"予備名":null,"地番":"17-11","精度区分":null,"座標値種別":"図上測量","筆界未定構成筆":null,"代表点緯度":-29.159,"代表点経度":2055.180285813}},{"type":"MultiPolygon","arcs":[[[1505,-1475,-1077,-1335]]],"properties":{"筆ID":"H000000509","version":"ver1.0","座標系":"任意座標系","測地系判別":null,"地図名":"H20450301214026","地図番号":"区-C-5","縮尺分母":"600","市区町村コード":"01214","市区町村名":"稚内市","大字コード":"031","丁目コード":"001","小字コード":"0000","予備コード":"00","大字名":"緑","丁目名":"１丁目","小字名":null,"予備名":null,"地番":"17-9","精度区分":null,"座標値種別":"図上測量","筆界未定構成筆":null,"代表点緯度":-32.036,"代表点経度":2081.989714037}},{"type":"MultiPolygon","arcs":[[[-1505,-1466,1506,-1334,-1075]]],"properties":{"筆ID":"H000000510","version":"ver1.0","座標系":"任意座標系","測地系判別":null,"地図名":"H20450301214026","地図番号":"区-C-5","縮尺分母":"600","市区町村コード":"01214","市区町村名":"稚内市","大字コード":"031","丁目コード":"001","小字コード":"0000","予備コード":"00","大字名":"緑","丁目名":"１丁目","小字名":null,"予備名":null,"地番":"17-10","精度区分":null,"座標値種別":"図上測量","筆界未定構成筆":null,"代表点緯度":-29.3775,"代表点経度":2061.89155616}},{"type":"MultiPolygon","arcs":[[[-1465,-1506,-1507]]],"properties":{"筆ID":"H000000511","version":"ver1.0","座標系":"任意座標系","測地系判別":null,"地図名":"H20450301214026","地図番号":"区-C-5","縮尺分母":"600","市区町村コード":"01214","市区町村名":"稚内市","大字コード":"031","丁目コード":"001","小字コード":"0000","予備コード":"00","大字名":"緑","丁目名":"１丁目","小字名":null,"予備名":null,"地番":"17-13","精度区分":null,"座標値種別":"図上測量","筆界未定構成筆":null,"代表点緯度":-30.1355,"代表点経度":2068.368224229}},{"type":"MultiPolygon","arcs":[[[-1498,-1500,-1483,-1499]]],"properties":{"筆ID":"H000000512","version":"ver1.0","座標系":"任意座標系","測地系判別":null,"地図名":"H20450301214026","地図番号":"区-C-5","縮尺分母":"600","市区町村コード":"01214","市区町村名":"稚内市","大字コード":"031","丁目コード":"001","小字コード":"0000","予備コード":"00","大字名":"緑","丁目名":"１丁目","小字名":null,"予備名":null,"地番":"14-4","精度区分":null,"座標値種別":"図上測量","筆界未定構成筆":null,"代表点緯度":-3.1085,"代表点経度":2056.073893497}},{"type":"MultiPolygon","arcs":[[[1507,-4,-1350,1508]]],"properties":{"筆ID":"H000000513","version":"ver1.0","座標系":"任意座標系","測地系判別":null,"地図名":"H20450301214026","地図番号":"区-C-5","縮尺分母":"600","市区町村コード":"01214","市区町村名":"稚内市","大字コード":"031","丁目コード":"001","小字コード":"0000","予備コード":"00","大字名":"緑","丁目名":"１丁目","小字名":null,"予備名":null,"地番":"20-25","精度区分":null,"座標値種別":"図上測量","筆界未定構成筆":null,"代表点緯度":1.637,"代表点経度":1923.284238277}},{"type":"MultiPolygon","arcs":[[[-1068,1509,1510,1511,1512,-1387]]],"properties":{"筆ID":"H000000514","version":"ver1.0","座標系":"任意座標系","測地系判別":null,"地図名":"H20450301214026","地図番号":"区-C-5","縮尺分母":"600","市区町村コード":"01214","市区町村名":"稚内市","大字コード":"031","丁目コード":"001","小字コード":"0000","予備コード":"00","大字名":"緑","丁目名":"１丁目","小字名":null,"予備名":null,"地番":"20-14","精度区分":null,"座標値種別":"図上測量","筆界未定構成筆":null,"代表点緯度":-39.0155,"代表点経度":1995.752635336}},{"type":"MultiPolygon","arcs":[[[-1513,1513,-1348,-1386]]],"properties":{"筆ID":"H000000515","version":"ver1.0","座標系":"任意座標系","測地系判別":null,"地図名":"H20450301214026","地図番号":"区-C-5","縮尺分母":"600","市区町村コード":"01214","市区町村名":"稚内市","大字コード":"031","丁目コード":"001","小字コード":"0000","予備コード":"00","大字名":"緑","丁目名":"１丁目","小字名":null,"予備名":null,"地番":"20-16","精度区分":null,"座標値種別":"図上測量","筆界未定構成筆":null,"代表点緯度":-35.824,"代表点経度":2003.553043178}},{"type":"MultiPolygon","arcs":[[[-1512,1514,1515,1516,1517,1518,-1509,-1349,-1514]]],"properties":{"筆ID":"H000000516","version":"ver1.0","座標系":"任意座標系","測地系判別":null,"地図名":"H20450301214026","地図番号":"区-C-5","縮尺分母":"600","市区町村コード":"01214","市区町村名":"稚内市","大字コード":"031","丁目コード":"001","小字コード":"0000","予備コード":"00","大字名":"緑","丁目名":"１丁目","小字名":null,"予備名":null,"地番":"20-26","精度区分":null,"座標値種別":"図上測量","筆界未定構成筆":null,"代表点緯度":-14.9055,"代表点経度":1960.697623448}},{"type":"MultiPolygon","arcs":[[[-1067,-1342,1519,1520,1521,1522,1523,-1510]]],"properties":{"筆ID":"H000000517","version":"ver1.0","座標系":"任意座標系","測地系判別":null,"地図名":"H20450301214026","地図番号":"区-C-5","縮尺分母":"600","市区町村コード":"01214","市区町村名":"稚内市","大字コード":"031","丁目コード":"001","小字コード":"0000","予備コード":"00","大字名":"緑","丁目名":"１丁目","小字名":null,"予備名":null,"地番":"20-24","精度区分":null,"座標値種別":"図上測量","筆界未定構成筆":null,"代表点緯度":-38.785,"代表点経度":1950.68591044}},{"type":"MultiPolygon","arcs":[[[-1524,1524,-1515,-1511]]],"properties":{"筆ID":"H000000518","version":"ver1.0","座標系":"任意座標系","測地系判別":null,"地図名":"H20450301214026","地図番号":"区-C-5","縮尺分母":"600","市区町村コード":"01214","市区町村名":"稚内市","大字コード":"031","丁目コード":"001","小字コード":"0000","予備コード":"00","大字名":"緑","丁目名":"１丁目","小字名":null,"予備名":null,"地番":"20-13","精度区分":null,"座標値種別":"図上測量","筆界未定構成筆":null,"代表点緯度":-35.4235,"代表点経度":1981.290284262}},{"type":"MultiPolygon","arcs":[[[-1523,1525,-1516,-1525]]],"properties":{"筆ID":"H000000519","version":"ver1.0","座標系":"任意座標系","測地系判別":null,"地図名":"H20450301214026","地図番号":"区-C-5","縮尺分母":"600","市区町村コード":"01214","市区町村名":"稚内市","大字コード":"031","丁目コード":"001","小字コード":"0000","予備コード":"00","大字名":"緑","丁目名":"１丁目","小字名":null,"予備名":null,"地番":"20-23","精度区分":null,"座標値種別":"図上測量","筆界未定構成筆":null,"代表点緯度":-30.3005,"代表点経度":1967.261299059}},{"type":"MultiPolygon","arcs":[[[-1520,-1341,1526,-1519,1527,1528]]],"properties":{"筆ID":"H000000520","version":"ver1.0","座標系":"任意座標系","測地系判別":null,"地図名":"H20450301214026","地図番号":"区-C-5","縮尺分母":"600","市区町村コード":"01214","市区町村名":"稚内市","大字コード":"031","丁目コード":"001","小字コード":"0000","予備コード":"00","大字名":"緑","丁目名":"１丁目","小字名":null,"予備名":null,"地番":"20-19","精度区分":null,"座標値種別":"図上測量","筆界未定構成筆":null,"代表点緯度":-17.493,"代表点経度":1925.922829381}},{"type":"MultiPolygon","arcs":[[[-1526,-1522,1529,1530,-1517]]],"properties":{"筆ID":"H000000521","version":"ver1.0","座標系":"任意座標系","測地系判別":null,"地図名":"H20450301214026","地図番号":"区-C-5","縮尺分母":"600","市区町村コード":"01214","市区町村名":"稚内市","大字コード":"031","丁目コード":"001","小字コード":"0000","予備コード":"00","大字名":"緑","丁目名":"１丁目","小字名":null,"予備名":null,"地番":"20-22","精度区分":null,"座標値種別":"図上測量","筆界未定構成筆":null,"代表点緯度":-28.945,"代表点経度":1952.559683685}},{"type":"MultiPolygon","arcs":[[[-1528,-1518,-1531,1531]]],"properties":{"筆ID":"H000000522","version":"ver1.0","座標系":"任意座標系","測地系判別":null,"地図名":"H20450301214026","地図番号":"区-C-5","縮尺分母":"600","市区町村コード":"01214","市区町村名":"稚内市","大字コード":"031","丁目コード":"001","小字コード":"0000","予備コード":"00","大字名":"緑","丁目名":"１丁目","小字名":null,"予備名":null,"地番":"20-20","精度区分":null,"座標値種別":"図上測量","筆界未定構成筆":null,"代表点緯度":-13.898,"代表点経度":1940.645091156}},{"type":"MultiPolygon","arcs":[[[-1530,-1521,-1529,-1532]]],"properties":{"筆ID":"H000000523","version":"ver1.0","座標系":"任意座標系","測地系判別":null,"地図名":"H20450301214026","地図番号":"区-C-5","縮尺分母":"600","市区町村コード":"01214","市区町村名":"稚内市","大字コード":"031","丁目コード":"001","小字コード":"0000","予備コード":"00","大字名":"緑","丁目名":"１丁目","小字名":null,"予備名":null,"地番":"20-21","精度区分":null,"座標値種別":"図上測量","筆界未定構成筆":null,"代表点緯度":-26.688,"代表点経度":1934.975310078}},{"type":"MultiPolygon","arcs":[[[1532,-1508,-1527,-1340]]],"properties":{"筆ID":"H000000524","version":"ver1.0","座標系":"任意座標系","測地系判別":null,"地図名":"H20450301214026","地図番号":"区-C-5","縮尺分母":"600","市区町村コード":"01214","市区町村名":"稚内市","大字コード":"031","丁目コード":"001","小字コード":"0000","予備コード":"00","大字名":"緑","丁目名":"１丁目","小字名":null,"予備名":null,"地番":"20-18","精度区分":null,"座標値種別":"図上測量","筆界未定構成筆":null,"代表点緯度":-7.525,"代表点経度":1919.308559977}},{"type":"MultiPolygon","arcs":[[[-1533,-1339,1533,1534,-1]]],"properties":{"筆ID":"H000000525","version":"ver1.0","座標系":"任意座標系","測地系判別":null,"地図名":"H20450301214026","地図番号":"区-C-5","縮尺分母":"600","市区町村コード":"01214","市区町村名":"稚内市","大字コード":"031","丁目コード":"001","小字コード":"0000","予備コード":"00","大字名":"緑","丁目名":"１丁目","小字名":null,"予備名":null,"地番":"20-7","精度区分":null,"座標値種別":"図上測量","筆界未定構成筆":null,"代表点緯度":-2.354,"代表点経度":1907.703094527}},{"type":"MultiPolygon","arcs":[[[-1065,-1344,1535,1536,-1534,-1338]]],"properties":{"筆ID":"H000000526","version":"ver1.0","座標系":"任意座標系","測地系判別":null,"地図名":"H20450301214026","地図番号":"区-C-5","縮尺分母":"600","市区町村コード":"01214","市区町村名":"稚内市","大字コード":"031","丁目コード":"001","小字コード":"0000","予備コード":"00","大字名":"緑","丁目名":"１丁目","小字名":null,"予備名":null,"地番":"20-6","精度区分":null,"座標値種別":"図上測量","筆界未定構成筆":null,"代表点緯度":-22.4905,"代表点経度":1898.484863594}},{"type":"MultiPolygon","arcs":[[[1537,-1346,-7,-1535]]],"properties":{"筆ID":"H000000527","version":"ver1.0","座標系":"任意座標系","測地系判別":null,"地図名":"H20450301214026","地図番号":"区-C-5","縮尺分母":"600","市区町村コード":"01214","市区町村名":"稚内市","大字コード":"031","丁目コード":"001","小字コード":"0000","予備コード":"00","大字名":"緑","丁目名":"１丁目","小字名":null,"予備名":null,"地番":"20-2","精度区分":null,"座標値種別":"図上測量","筆界未定構成筆":null,"代表点緯度":-2.3825,"代表点経度":1899.673187908}},{"type":"MultiPolygon","arcs":[[[1538,-1129,-1345,-1538,-1537]]],"properties":{"筆ID":"H000000528","version":"ver1.0","座標系":"任意座標系","測地系判別":null,"地図名":"H20450301214026","地図番号":"区-C-5","縮尺分母":"600","市区町村コード":"01214","市区町村名":"稚内市","大字コード":"031","丁目コード":"001","小字コード":"0000","予備コード":"00","大字名":"緑","丁目名":"１丁目","小字名":null,"予備名":null,"地番":"20-3","精度区分":null,"座標値種別":"図上測量","筆界未定構成筆":null,"代表点緯度":-0.229,"代表点経度":1885.601728065}},{"type":"MultiPolygon","arcs":[[[-1130,-1539,-1536,-1343]]],"properties":{"筆ID":"H000000529","version":"ver1.0","座標系":"任意座標系","測地系判別":null,"地図名":"H20450301214026","地図番号":"区-C-5","縮尺分母":"600","市区町村コード":"01214","市区町村名":"稚内市","大字コード":"031","丁目コード":"001","小字コード":"0000","予備コード":"00","大字名":"緑","丁目名":"１丁目","小字名":null,"予備名":null,"地番":"20-4","精度区分":null,"座標値種別":"図上測量","筆界未定構成筆":null,"代表点緯度":-12.535,"代表点経度":1884.580045755}},{"type":"MultiPolygon","arcs":[[[1539,-1218,-1210,-1154]]],"properties":{"筆ID":"H000000530","version":"ver1.0","座標系":"任意座標系","測地系判別":null,"地図名":"H20450301214026","地図番号":"区-C-5","縮尺分母":"600","市区町村コード":"01214","市区町村名":"稚内市","大字コード":"035","丁目コード":"001","小字コード":"0000","予備コード":"00","大字名":"こまどり","丁目名":"１丁目","小字名":null,"予備名":null,"地番":"16-4","精度区分":null,"座標値種別":"図上測量","筆界未定構成筆":null,"代表点緯度":-60.5315,"代表点経度":2130.94085297}},{"type":"MultiPolygon","arcs":[[[-1206,-1214,-1540,-1153]]],"properties":{"筆ID":"H000000531","version":"ver1.0","座標系":"任意座標系","測地系判別":null,"地図名":"H20450301214026","地図番号":"区-C-5","縮尺分母":"600","市区町村コード":"01214","市区町村名":"稚内市","大字コード":"035","丁目コード":"001","小字コード":"0000","予備コード":"00","大字名":"こまどり","丁目名":"１丁目","小字名":null,"予備名":null,"地番":"16-3","精度区分":null,"座標値種別":"図上測量","筆界未定構成筆":null,"代表点緯度":-61.744,"代表点経度":2140.204879031}},{"type":"MultiPolygon","arcs":[[[1540,1541,1542]]],"properties":{"筆ID":"H000000532","version":"ver1.0","座標系":"任意座標系","測地系判別":null,"地図名":"H20450301214026","地図番号":"区-C-4","縮尺分母":"600","市区町村コード":"01214","市区町村名":"稚内市","大字コード":"031","丁目コード":"001","小字コード":"0000","予備コード":"00","大字名":"緑","丁目名":"１丁目","小字名":null,"予備名":null,"地番":"11-28","精度区分":null,"座標値種別":"図上測量","筆界未定構成筆":null,"代表点緯度":237.213,"代表点経度":1710.338451074}},{"type":"MultiPolygon","arcs":[[[1543,1544,1545]]],"properties":{"筆ID":"H000000533","version":"ver1.0","座標系":"任意座標系","測地系判別":null,"地図名":"H20450301214026","地図番号":"区-C-4","縮尺分母":"600","市区町村コード":"01214","市区町村名":"稚内市","大字コード":"031","丁目コード":"001","小字コード":"0000","予備コード":"00","大字名":"緑","丁目名":"１丁目","小字名":null,"予備名":null,"地番":"9-12","精度区分":null,"座標値種別":"図上測量","筆界未定構成筆":null,"代表点緯度":269.6605,"代表点経度":1647.86195795}},{"type":"MultiPolygon","arcs":[[[1546,1547,1548]]],"properties":{"筆ID":"H000000534","version":"ver1.0","座標系":"任意座標系","測地系判別":null,"地図名":"H20450301214026","地図番号":"区-C-4","縮尺分母":"600","市区町村コード":"01214","市区町村名":"稚内市","大字コード":"031","丁目コード":"001","小字コード":"0000","予備コード":"00","大字名":"緑","丁目名":"１丁目","小字名":null,"予備名":null,"地番":"75-6","精度区分":null,"座標値種別":"図上測量","筆界未定構成筆":null,"代表点緯度":262.773,"代表点経度":1657.731383095}},{"type":"MultiPolygon","arcs":[[[1549,1550,1551,1552,1553,1554]]],"properties":{"筆ID":"H000000535","version":"ver1.0","座標系":"任意座標系","測地系判別":null,"地図名":"H20450301214026","地図番号":"区-C-4","縮尺分母":"600","市区町村コード":"01214","市区町村名":"稚内市","大字コード":"031","丁目コード":"001","小字コード":"0000","予備コード":"00","大字名":"緑","丁目名":"１丁目","小字名":null,"予備名":null,"地番":"11-25","精度区分":null,"座標値種別":"図上測量","筆界未定構成筆":null,"代表点緯度":220.5945,"代表点経度":1716.879371628}},{"type":"MultiPolygon","arcs":[[[1555,1556,1557]]],"properties":{"筆ID":"H000000536","version":"ver1.0","座標系":"任意座標系","測地系判別":null,"地図名":"H20450301214026","地図番号":"区-C-4","縮尺分母":"600","市区町村コード":"01214","市区町村名":"稚内市","大字コード":"031","丁目コード":"001","小字コード":"0000","予備コード":"00","大字名":"緑","丁目名":"１丁目","小字名":null,"予備名":null,"地番":"11-27","精度区分":null,"座標値種別":"図上測量","筆界未定構成筆":null,"代表点緯度":191.7265,"代表点経度":1716.19108724}},{"type":"MultiPolygon","arcs":[[[1558,1559,-1551]]],"properties":{"筆ID":"H000000537","version":"ver1.0","座標系":"任意座標系","測地系判別":null,"地図名":"H20450301214026","地図番号":"区-C-4","縮尺分母":"600","市区町村コード":"01214","市区町村名":"稚内市","大字コード":"031","丁目コード":"001","小字コード":"0000","予備コード":"00","大字名":"緑","丁目名":"１丁目","小字名":null,"予備名":null,"地番":"11-18","精度区分":null,"座標値種別":"図上測量","筆界未定構成筆":null,"代表点緯度":205.99,"代表点経度":1727.416971915}},{"type":"MultiPolygon","arcs":[[[1560,1561,1562,1563,1564,1565,1566]]],"properties":{"筆ID":"H000000538","version":"ver1.0","座標系":"任意座標系","測地系判別":null,"地図名":"H20450301214026","地図番号":"区-C-4","縮尺分母":"600","市区町村コード":"01214","市区町村名":"稚内市","大字コード":"031","丁目コード":"001","小字コード":"0000","予備コード":"00","大字名":"緑","丁目名":"１丁目","小字名":null,"予備名":null,"地番":"8-11","精度区分":null,"座標値種別":"図上測量","筆界未定構成筆":null,"代表点緯度":324.5515,"代表点経度":1538.215640857}},{"type":"MultiPolygon","arcs":[[[1567,1568,-1561,1569,1570,1571,1572,1573,1574,1575]]],"properties":{"筆ID":"H000000539","version":"ver1.0","座標系":"任意座標系","測地系判別":null,"地図名":"H20450301214026","地図番号":"区-C-4","縮尺分母":"600","市区町村コード":"01214","市区町村名":"稚内市","大字コード":"031","丁目コード":"001","小字コード":"0000","予備コード":"00","大字名":"緑","丁目名":"１丁目","小字名":null,"予備名":null,"地番":"70-2","精度区分":null,"座標値種別":"図上測量","筆界未定構成筆":null,"代表点緯度":283.9445,"代表点経度":1558.818201185}},{"type":"MultiPolygon","arcs":[[[1576,1577,1578,1579,1580,1581]]],"properties":{"筆ID":"H000000540","version":"ver1.0","座標系":"任意座標系","測地系判別":null,"地図名":"H20450301214026","地図番号":"区-C-4","縮尺分母":"600","市区町村コード":"01214","市区町村名":"稚内市","大字コード":"031","丁目コード":"001","小字コード":"0000","予備コード":"00","大字名":"緑","丁目名":"１丁目","小字名":null,"予備名":null,"地番":"7-1","精度区分":null,"座標値種別":"図上測量","筆界未定構成筆":null,"代表点緯度":263.3995,"代表点経度":1549.022178459}},{"type":"MultiPolygon","arcs":[[[-1580,1582,1583,1584,1585,1586,1587]]],"properties":{"筆ID":"H000000541","version":"ver1.0","座標系":"任意座標系","測地系判別":null,"地図名":"H20450301214026","地図番号":"区-C-4","縮尺分母":"600","市区町村コード":"01214","市区町村名":"稚内市","大字コード":"031","丁目コード":"001","小字コード":"0000","予備コード":"00","大字名":"緑","丁目名":"１丁目","小字名":null,"予備名":null,"地番":"70-4","精度区分":null,"座標値種別":"図上測量","筆界未定構成筆":null,"代表点緯度":241.628,"代表点経度":1595.058504679}},{"type":"MultiPolygon","arcs":[[[-1587,1588,1589,1590,1591,1592]]],"properties":{"筆ID":"H000000542","version":"ver1.0","座標系":"任意座標系","測地系判別":null,"地図名":"H20450301214026","地図番号":"区-C-4","縮尺分母":"600","市区町村コード":"01214","市区町村名":"稚内市","大字コード":"031","丁目コード":"001","小字コード":"0000","予備コード":"00","大字名":"緑","丁目名":"１丁目","小字名":null,"予備名":null,"地番":"9-4","精度区分":null,"座標値種別":"図上測量","筆界未定構成筆":null,"代表点緯度":232.188,"代表点経度":1603.297777155}},{"type":"MultiPolygon","arcs":[[[-1592,1593,1594,1595,1596,1597]]],"properties":{"筆ID":"H000000543","version":"ver1.0","座標系":"任意座標系","測地系判別":null,"地図名":"H20450301214026","地図番号":"区-C-4","縮尺分母":"600","市区町村コード":"01214","市区町村名":"稚内市","大字コード":"031","丁目コード":"001","小字コード":"0000","予備コード":"00","大字名":"緑","丁目名":"１丁目","小字名":null,"予備名":null,"地番":"9-5","精度区分":null,"座標値種別":"図上測量","筆界未定構成筆":null,"代表点緯度":221.143,"代表点経度":1618.605712079}},{"type":"MultiPolygon","arcs":[[[-1597,1598,1599,1600,1601,1602,1603,1604,1605]]],"properties":{"筆ID":"H000000544","version":"ver1.0","座標系":"任意座標系","測地系判別":null,"地図名":"H20450301214026","地図番号":"区-C-4","縮尺分母":"600","市区町村コード":"01214","市区町村名":"稚内市","大字コード":"031","丁目コード":"001","小字コード":"0000","予備コード":"00","大字名":"緑","丁目名":"１丁目","小字名":null,"予備名":null,"地番":"10-2","精度区分":null,"座標値種別":"図上測量","筆界未定構成筆":null,"代表点緯度":215.901,"代表点経度":1649.889977773}},{"type":"MultiPolygon","arcs":[[[-1605,1606,1607,1608]]],"properties":{"筆ID":"H000000545","version":"ver1.0","座標系":"任意座標系","測地系判別":null,"地図名":"H20450301214026","地図番号":"区-C-4","縮尺分母":"600","市区町村コード":"01214","市区町村名":"稚内市","大字コード":"031","丁目コード":"001","小字コード":"0000","予備コード":"00","大字名":"緑","丁目名":"１丁目","小字名":null,"予備名":null,"地番":"76-1","精度区分":null,"座標値種別":"図上測量","筆界未定構成筆":null,"代表点緯度":215.2615,"代表点経度":1671.877780154}},{"type":"MultiPolygon","arcs":[[[-1608,1609,1610,1611]]],"properties":{"筆ID":"H000000546","version":"ver1.0","座標系":"任意座標系","測地系判別":null,"地図名":"H20450301214026","地図番号":"区-C-4","縮尺分母":"600","市区町村コード":"01214","市区町村名":"稚内市","大字コード":"031","丁目コード":"001","小字コード":"0000","予備コード":"00","大字名":"緑","丁目名":"１丁目","小字名":null,"予備名":null,"地番":"11-1","精度区分":null,"座標値種別":"図上測量","筆界未定構成筆":null,"代表点緯度":198.6475,"代表点経度":1684.151906306}},{"type":"MultiPolygon","arcs":[[[1612,1613,1614,1615]]],"properties":{"筆ID":"H000000547","version":"ver1.0","座標系":"任意座標系","測地系判別":null,"地図名":"H20450301214026","地図番号":"区-C-4","縮尺分母":"600","市区町村コード":"01214","市区町村名":"稚内市","大字コード":"031","丁目コード":"001","小字コード":"0000","予備コード":"00","大字名":"緑","丁目名":"１丁目","小字名":null,"予備名":null,"地番":"11-4","精度区分":null,"座標値種別":"図上測量","筆界未定構成筆":null,"代表点緯度":162.835,"代表点経度":1719.750428668}},{"type":"MultiPolygon","arcs":[[[1616,1617,-1615,1618,1619,1620]]],"properties":{"筆ID":"H000000548","version":"ver1.0","座標系":"任意座標系","測地系判別":null,"地図名":"H20450301214026","地図番号":"区-C-4","縮尺分母":"600","市区町村コード":"01214","市区町村名":"稚内市","大字コード":"031","丁目コード":"001","小字コード":"0000","予備コード":"00","大字名":"緑","丁目名":"１丁目","小字名":null,"予備名":null,"地番":"71-4","精度区分":null,"座標値種別":"図上測量","筆界未定構成筆":null,"代表点緯度":161.0375,"代表点経度":1731.657681729}},{"type":"MultiPolygon","arcs":[[[1621,1622,1623,1624,1625,1626,1627,1628,1629,-1542,1630,1631,1632]]],"properties":{"筆ID":"H000000549","version":"ver1.0","座標系":"任意座標系","測地系判別":null,"地図名":"H20450301214026","地図番号":"区-C-4","縮尺分母":"600","市区町村コード":"01214","市区町村名":"稚内市","大字コード":"031","丁目コード":"001","小字コード":"0000","予備コード":"00","大字名":"緑","丁目名":"１丁目","小字名":null,"予備名":null,"地番":"71-1","精度区分":null,"座標値種別":"図上測量","筆界未定構成筆":null,"代表点緯度":216.548,"代表点経度":1750.525091794}},{"type":"MultiPolygon","arcs":[[[1633,1634,1635,1636,1637,1638,1639,1640,-1545,1641,1642,1643,-1631]]],"properties":{"筆ID":"H000000550","version":"ver1.0","座標系":"任意座標系","測地系判別":null,"地図名":"H20450301214026","地図番号":"区-C-4","縮尺分母":"600","市区町村コード":"01214","市区町村名":"稚内市","大字コード":"031","丁目コード":"001","小字コード":"0000","予備コード":"00","大字名":"緑","丁目名":"１丁目","小字名":null,"予備名":null,"地番":"71-5W1","精度区分":null,"座標値種別":"図上測量","筆界未定構成筆":null,"代表点緯度":281.806,"代表点経度":1632.506652747}},{"type":"MultiPolygon","arcs":[[[1644,1645,1646,1647,1648,-1565,1649,1650,1651,-1642,1652]]],"properties":{"筆ID":"H000000551","version":"ver1.0","座標系":"任意座標系","測地系判別":null,"地図名":"H20450301214026","地図番号":"区-C-4","縮尺分母":"600","市区町村コード":"01214","市区町村名":"稚内市","大字コード":"031","丁目コード":"001","小字コード":"0000","予備コード":"00","大字名":"緑","丁目名":"１丁目","小字名":null,"予備名":null,"地番":"71-3","精度区分":null,"座標値種別":"図上測量","筆界未定構成筆":null,"代表点緯度":309.607,"代表点経度":1584.156063446}},{"type":"MultiPolygon","arcs":[[[1653,1654,-1645,1655]]],"properties":{"筆ID":"H000000552","version":"ver1.0","座標系":"任意座標系","測地系判別":null,"地図名":"H20450301214026","地図番号":"区-C-4","縮尺分母":"600","市区町村コード":"01214","市区町村名":"稚内市","大字コード":"031","丁目コード":"001","小字コード":"0000","予備コード":"00","大字名":"緑","丁目名":"１丁目","小字名":null,"予備名":null,"地番":"8-9","精度区分":null,"座標値種別":"図上測量","筆界未定構成筆":null,"代表点緯度":284.7915,"代表点経度":1606.337282797}},{"type":"MultiPolygon","arcs":[[[1656,-1656,-1653,-1544,1657,1658,1659]]],"properties":{"筆ID":"H000000553","version":"ver1.0","座標系":"任意座標系","測地系判別":null,"地図名":"H20450301214026","地図番号":"区-C-4","縮尺分母":"600","市区町村コード":"01214","市区町村名":"稚内市","大字コード":"031","丁目コード":"001","小字コード":"0000","予備コード":"00","大字名":"緑","丁目名":"１丁目","小字名":null,"予備名":null,"地番":"9-14","精度区分":null,"座標値種別":"図上測量","筆界未定構成筆":null,"代表点緯度":270.7715,"代表点経度":1627.798696976}},{"type":"MultiPolygon","arcs":[[[1660,-1658,-1546,-1641,1661]]],"properties":{"筆ID":"H000000554","version":"ver1.0","座標系":"任意座標系","測地系判別":null,"地図名":"H20450301214026","地図番号":"区-C-4","縮尺分母":"600","市区町村コード":"01214","市区町村名":"稚内市","大字コード":"031","丁目コード":"001","小字コード":"0000","予備コード":"00","大字名":"緑","丁目名":"１丁目","小字名":null,"予備名":null,"地番":"9-13","精度区分":null,"座標値種別":"図上測量","筆界未定構成筆":null,"代表点緯度":266.7435,"代表点経度":1653.665170847}},{"type":"MultiPolygon","arcs":[[[1662,-1548,-1662,-1640,1663]]],"properties":{"筆ID":"H000000555","version":"ver1.0","座標系":"任意座標系","測地系判別":null,"地図名":"H20450301214026","地図番号":"区-C-4","縮尺分母":"600","市区町村コード":"01214","市区町村名":"稚内市","大字コード":"031","丁目コード":"001","小字コード":"0000","予備コード":"00","大字名":"緑","丁目名":"１丁目","小字名":null,"予備名":null,"地番":"75-4","精度区分":null,"座標値種別":"図上測量","筆界未定構成筆":null,"代表点緯度":262.034,"代表点経度":1661.325680479}},{"type":"MultiPolygon","arcs":[[[1664,-1664,-1639,1665]]],"properties":{"筆ID":"H000000556","version":"ver1.0","座標系":"任意座標系","測地系判別":null,"地図名":"H20450301214026","地図番号":"区-C-4","縮尺分母":"600","市区町村コード":"01214","市区町村名":"稚内市","大字コード":"031","丁目コード":"001","小字コード":"0000","予備コード":"00","大字名":"緑","丁目名":"１丁目","小字名":null,"予備名":null,"地番":"10-11","精度区分":null,"座標値種別":"図上測量","筆界未定構成筆":null,"代表点緯度":257.04,"代表点経度":1668.927054904}},{"type":"MultiPolygon","arcs":[[[1666,-1637,1667,-1603]]],"properties":{"筆ID":"H000000557","version":"ver1.0","座標系":"任意座標系","測地系判別":null,"地図名":"H20450301214026","地図番号":"区-C-4","縮尺分母":"600","市区町村コード":"01214","市区町村名":"稚内市","大字コード":"031","丁目コード":"001","小字コード":"0000","予備コード":"00","大字名":"緑","丁目名":"１丁目","小字名":null,"予備名":null,"地番":"10-10","精度区分":null,"座標値種別":"図上測量","筆界未定構成筆":null,"代表点緯度":249.2235,"代表点経度":1680.023460931}},{"type":"MultiPolygon","arcs":[[[1668,-1607,-1604,-1668,-1636]]],"properties":{"筆ID":"H000000558","version":"ver1.0","座標系":"任意座標系","測地系判別":null,"地図名":"H20450301214026","地図番号":"区-C-4","縮尺分母":"600","市区町村コード":"01214","市区町村名":"稚内市","大字コード":"031","丁目コード":"001","小字コード":"0000","予備コード":"00","大字名":"緑","丁目名":"１丁目","小字名":null,"予備名":null,"地番":"76-2","精度区分":null,"座標値種別":"図上測量","筆界未定構成筆":null,"代表点緯度":247.207,"代表点経度":1685.673173059}},{"type":"MultiPolygon","arcs":[[[-1610,-1669,-1635,1669,-1553,1670]]],"properties":{"筆ID":"H000000559","version":"ver1.0","座標系":"任意座標系","測地系判別":null,"地図名":"H20450301214026","地図番号":"区-C-4","縮尺分母":"600","市区町村コード":"01214","市区町村名":"稚内市","大字コード":"031","丁目コード":"001","小字コード":"0000","予備コード":"00","大字名":"緑","丁目名":"１丁目","小字名":null,"予備名":null,"地番":"11-17","精度区分":null,"座標値種別":"図上測量","筆界未定構成筆":null,"代表点緯度":231.2555,"代表点経度":1703.697196043}},{"type":"MultiPolygon","arcs":[[[1671,1672,-1629,1673,1674,-1555]]],"properties":{"筆ID":"H000000560","version":"ver1.0","座標系":"任意座標系","測地系判別":null,"地図名":"H20450301214026","地図番号":"区-C-4","縮尺分母":"600","市区町村コード":"01214","市区町村名":"稚内市","大字コード":"031","丁目コード":"001","小字コード":"0000","予備コード":"00","大字名":"緑","丁目名":"１丁目","小字名":null,"予備名":null,"地番":"11-2","精度区分":null,"座標値種別":"図上測量","筆界未定構成筆":null,"代表点緯度":215.502,"代表点経度":1727.154624162}},{"type":"MultiPolygon","arcs":[[[1675,-1674,-1628]]],"properties":{"筆ID":"H000000561","version":"ver1.0","座標系":"任意座標系","測地系判別":null,"地図名":"H20450301214026","地図番号":"区-C-4","縮尺分母":"600","市区町村コード":"01214","市区町村名":"稚内市","大字コード":"031","丁目コード":"001","小字コード":"0000","予備コード":"00","大字名":"緑","丁目名":"１丁目","小字名":null,"予備名":null,"地番":"11-6","精度区分":null,"座標値種別":"図上測量","筆界未定構成筆":null,"代表点緯度":211.464,"代表点経度":1739.58936573}},{"type":"MultiPolygon","arcs":[[[-1576,1676,-1584,1677]]],"properties":{"筆ID":"H000000562","version":"ver1.0","座標系":"任意座標系","測地系判別":null,"地図名":"H20450301214026","地図番号":"区-C-4","縮尺分母":"600","市区町村コード":"01214","市区町村名":"稚内市","大字コード":"031","丁目コード":"001","小字コード":"0000","予備コード":"00","大字名":"緑","丁目名":"１丁目","小字名":null,"予備名":null,"地番":"7-11","精度区分":null,"座標値種別":"図上測量","筆界未定構成筆":null,"代表点緯度":260.324,"代表点経度":1581.267860983}},{"type":"MultiPolygon","arcs":[[[-1579,-1568,-1678,-1583]]],"properties":{"筆ID":"H000000563","version":"ver1.0","座標系":"任意座標系","測地系判別":null,"地図名":"H20450301214026","地図番号":"区-C-4","縮尺分母":"600","市区町村コード":"01214","市区町村名":"稚内市","大字コード":"031","丁目コード":"001","小字コード":"0000","予備コード":"00","大字名":"緑","丁目名":"１丁目","小字名":null,"予備名":null,"地番":"7-10","精度区分":null,"座標値種別":"図上測量","筆界未定構成筆":null,"代表点緯度":272.98,"代表点経度":1556.335677716}},{"type":"MultiPolygon","arcs":[[[-1585,-1677,-1575,1678,1679,1680,1681]]],"properties":{"筆ID":"H000000564","version":"ver1.0","座標系":"任意座標系","測地系判別":null,"地図名":"H20450301214026","地図番号":"区-C-4","縮尺分母":"600","市区町村コード":"01214","市区町村名":"稚内市","大字コード":"031","丁目コード":"001","小字コード":"0000","予備コード":"00","大字名":"緑","丁目名":"１丁目","小字名":null,"予備名":null,"地番":"9-16","精度区分":null,"座標値種別":"図上測量","筆界未定構成筆":null,"代表点緯度":252.0035,"代表点経度":1606.387810403}},{"type":"MultiPolygon","arcs":[[[1682,1683,-1654,-1657,1684,-1679,-1574]]],"properties":{"筆ID":"H000000565","version":"ver1.0","座標系":"任意座標系","測地系判別":null,"地図名":"H20450301214026","地図番号":"区-C-4","縮尺分母":"600","市区町村コード":"01214","市区町村名":"稚内市","大字コード":"031","丁目コード":"001","小字コード":"0000","予備コード":"00","大字名":"緑","丁目名":"１丁目","小字名":null,"予備名":null,"地番":"8-10","精度区分":null,"座標値種別":"図上測量","筆界未定構成筆":null,"代表点緯度":277.395,"代表点経度":1594.393630582}},{"type":"MultiPolygon","arcs":[[[1685,1686,-1566,-1649]]],"properties":{"筆ID":"H000000566","version":"ver1.0","座標系":"任意座標系","測地系判別":null,"地図名":"H20450301214026","地図番号":"区-C-4","縮尺分母":"600","市区町村コード":"01214","市区町村名":"稚内市","大字コード":"031","丁目コード":"001","小字コード":"0000","予備コード":"00","大字名":"緑","丁目名":"１丁目","小字名":null,"予備名":null,"地番":"8-1","精度区分":null,"座標値種別":"図上測量","筆界未定構成筆":null,"代表点緯度":320.2675,"代表点経度":1549.594927403}},{"type":"MultiPolygon","arcs":[[[1687,-1572,1688,1689]]],"properties":{"筆ID":"H000000567","version":"ver1.0","座標系":"任意座標系","測地系判別":null,"地図名":"H20450301214026","地図番号":"区-C-4","縮尺分母":"600","市区町村コード":"01214","市区町村名":"稚内市","大字コード":"031","丁目コード":"001","小字コード":"0000","予備コード":"00","大字名":"緑","丁目名":"１丁目","小字名":null,"予備名":null,"地番":"8-6","精度区分":null,"座標値種別":"図上測量","筆界未定構成筆":null,"代表点緯度":290.0415,"代表点経度":1568.401708206}},{"type":"MultiPolygon","arcs":[[[1690,-1647,1691,-1690]]],"properties":{"筆ID":"H000000568","version":"ver1.0","座標系":"任意座標系","測地系判別":null,"地図名":"H20450301214026","地図番号":"区-C-4","縮尺分母":"600","市区町村コード":"01214","市区町村名":"稚内市","大字コード":"031","丁目コード":"001","小字コード":"0000","予備コード":"00","大字名":"緑","丁目名":"１丁目","小字名":null,"予備名":null,"地番":"8-5","精度区分":null,"座標値種別":"図上測量","筆界未定構成筆":null,"代表点緯度":302.89,"代表点経度":1576.809635946}},{"type":"MultiPolygon","arcs":[[[1692,-1570,-1567,-1687]]],"properties":{"筆ID":"H000000569","version":"ver1.0","座標系":"任意座標系","測地系判別":null,"地図名":"H20450301214026","地図番号":"区-C-4","縮尺分母":"600","市区町村コード":"01214","市区町村名":"稚内市","大字コード":"031","丁目コード":"001","小字コード":"0000","予備コード":"00","大字名":"緑","丁目名":"１丁目","小字名":null,"予備名":null,"地番":"8-2","精度区分":null,"座標値種別":"図上測量","筆界未定構成筆":null,"代表点緯度":307.432,"代表点経度":1541.184605966}},{"type":"MultiPolygon","arcs":[[[-1571,-1693,1693,-1689]]],"properties":{"筆ID":"H000000570","version":"ver1.0","座標系":"任意座標系","測地系判別":null,"地図名":"H20450301214026","地図番号":"区-C-4","縮尺分母":"600","市区町村コード":"01214","市区町村名":"稚内市","大字コード":"031","丁目コード":"001","小字コード":"0000","予備コード":"00","大字名":"緑","丁目名":"１丁目","小字名":null,"予備名":null,"地番":"8-3","精度区分":null,"座標値種別":"図上測量","筆界未定構成筆":null,"代表点緯度":298.8415,"代表点経度":1554.639943429}},{"type":"MultiPolygon","arcs":[[[-1694,-1686,-1648,-1691]]],"properties":{"筆ID":"H000000571","version":"ver1.0","座標系":"任意座標系","測地系判別":null,"地図名":"H20450301214026","地図番号":"区-C-4","縮尺分母":"600","市区町村コード":"01214","市区町村名":"稚内市","大字コード":"031","丁目コード":"001","小字コード":"0000","予備コード":"00","大字名":"緑","丁目名":"１丁目","小字名":null,"予備名":null,"地番":"8-4","精度区分":null,"座標値種別":"図上測量","筆界未定構成筆":null,"代表点緯度":311.678,"代表点経度":1563.061491831}},{"type":"MultiPolygon","arcs":[[[-1573,-1688,1694,-1683]]],"properties":{"筆ID":"H000000572","version":"ver1.0","座標系":"任意座標系","測地系判別":null,"地図名":"H20450301214026","地図番号":"区-C-4","縮尺分母":"600","市区町村コード":"01214","市区町村名":"稚内市","大字コード":"031","丁目コード":"001","小字コード":"0000","予備コード":"00","大字名":"緑","丁目名":"１丁目","小字名":null,"予備名":null,"地番":"8-7","精度区分":null,"座標値種別":"図上測量","筆界未定構成筆":null,"代表点緯度":281.7415,"代表点経度":1581.354949009}},{"type":"MultiPolygon","arcs":[[[-1684,-1695,-1692,-1646,-1655]]],"properties":{"筆ID":"H000000573","version":"ver1.0","座標系":"任意座標系","測地系判別":null,"地図名":"H20450301214026","地図番号":"区-C-4","縮尺分母":"600","市区町村コード":"01214","市区町村名":"稚内市","大字コード":"031","丁目コード":"001","小字コード":"0000","予備コード":"00","大字名":"緑","丁目名":"１丁目","小字名":null,"予備名":null,"地番":"8-8","精度区分":null,"座標値種別":"図上測量","筆界未定構成筆":null,"代表点緯度":294.1725,"代表点経度":1590.472443362}},{"type":"MultiPolygon","arcs":[[[1695,1696,-1590,1697,-1681,1698,1699,1700,1701,-1659,-1661,-1547,1702,-1599,-1596]]],"properties":{"筆ID":"H000000574","version":"ver1.0","座標系":"任意座標系","測地系判別":null,"地図名":"H20450301214026","地図番号":"区-C-4","縮尺分母":"600","市区町村コード":"01214","市区町村名":"稚内市","大字コード":"031","丁目コード":"001","小字コード":"0000","予備コード":"00","大字名":"緑","丁目名":"１丁目","小字名":null,"予備名":null,"地番":"9-1","精度区分":null,"座標値種別":"図上測量","筆界未定構成筆":null,"代表点緯度":247.4375,"代表点経度":1629.837137973}},{"type":"MultiPolygon","arcs":[[[1703,-1600,-1703,-1549,-1663]]],"properties":{"筆ID":"H000000575","version":"ver1.0","座標系":"任意座標系","測地系判別":null,"地図名":"H20450301214026","地図番号":"区-C-4","縮尺分母":"600","市区町村コード":"01214","市区町村名":"稚内市","大字コード":"031","丁目コード":"001","小字コード":"0000","予備コード":"00","大字名":"緑","丁目名":"１丁目","小字名":null,"予備名":null,"地番":"75-5","精度区分":null,"座標値種別":"図上測量","筆界未定構成筆":null,"代表点緯度":256.889,"代表点経度":1657.025242479}},{"type":"MultiPolygon","arcs":[[[-1704,-1665,1704,-1601]]],"properties":{"筆ID":"H000000576","version":"ver1.0","座標系":"任意座標系","測地系判別":null,"地図名":"H20450301214026","地図番号":"区-C-4","縮尺分母":"600","市区町村コード":"01214","市区町村名":"稚内市","大字コード":"031","丁目コード":"001","小字コード":"0000","予備コード":"00","大字名":"緑","丁目名":"１丁目","小字名":null,"予備名":null,"地番":"10-1","精度区分":null,"座標値種別":"図上測量","筆界未定構成筆":null,"代表点緯度":252.6515,"代表点経度":1663.511030107}},{"type":"MultiPolygon","arcs":[[[-1705,1705,-1602]]],"properties":{"筆ID":"H000000577","version":"ver1.0","座標系":"任意座標系","測地系判別":null,"地図名":"H20450301214026","地図番号":"区-C-4","縮尺分母":"600","市区町村コード":"01214","市区町村名":"稚内市","大字コード":"031","丁目コード":"001","小字コード":"0000","予備コード":"00","大字名":"緑","丁目名":"１丁目","小字名":null,"予備名":null,"地番":"10-9","精度区分":null,"座標値種別":"図上測量","筆界未定構成筆":null,"代表点緯度":249.1405,"代表点経度":1668.801245425}},{"type":"MultiPolygon","arcs":[[[-1706,-1666,-1638,-1667]]],"properties":{"筆ID":"H000000578","version":"ver1.0","座標系":"任意座標系","測地系判別":null,"地図名":"H20450301214026","地図番号":"区-C-4","縮尺分母":"600","市区町村コード":"01214","市区町村名":"稚内市","大字コード":"031","丁目コード":"001","小字コード":"0000","予備コード":"00","大字名":"緑","丁目名":"１丁目","小字名":null,"予備名":null,"地番":"10-12","精度区分":null,"座標値種別":"図上測量","筆界未定構成筆":null,"代表点緯度":256.552,"代表点経度":1672.614416547}},{"type":"MultiPolygon","arcs":[[[-1670,-1634,-1541,1706,-1672,-1554]]],"properties":{"筆ID":"H000000579","version":"ver1.0","座標系":"任意座標系","測地系判別":null,"地図名":"H20450301214026","地図番号":"区-C-4","縮尺分母":"600","市区町村コード":"01214","市区町村名":"稚内市","大字コード":"031","丁目コード":"001","小字コード":"0000","予備コード":"00","大字名":"緑","丁目名":"１丁目","小字名":null,"予備名":null,"地番":"11-23","精度区分":null,"座標値種別":"図上測量","筆界未定構成筆":null,"代表点緯度":230.753,"代表点経度":1713.890201706}},{"type":"MultiPolygon","arcs":[[[-1707,-1543,-1630,-1673]]],"properties":{"筆ID":"H000000580","version":"ver1.0","座標系":"任意座標系","測地系判別":null,"地図名":"H20450301214026","地図番号":"区-C-4","縮尺分母":"600","市区町村コード":"01214","市区町村名":"稚内市","大字コード":"031","丁目コード":"001","小字コード":"0000","予備コード":"00","大字名":"緑","丁目名":"１丁目","小字名":null,"予備名":null,"地番":"11-16","精度区分":null,"座標値種別":"図上測量","筆界未定構成筆":null,"代表点緯度":229.5415,"代表点経度":1716.20549077}},{"type":"MultiPolygon","arcs":[[[1707,-1556,1708,-1671,-1552,-1560,1709,1710,1711]]],"properties":{"筆ID":"H000000581","version":"ver1.0","座標系":"任意座標系","測地系判別":null,"地図名":"H20450301214026","地図番号":"区-C-4","縮尺分母":"600","市区町村コード":"01214","市区町村名":"稚内市","大字コード":"031","丁目コード":"001","小字コード":"0000","予備コード":"00","大字名":"緑","丁目名":"１丁目","小字名":null,"予備名":null,"地番":"11-19","精度区分":null,"座標値種別":"図上測量","筆界未定構成筆":null,"代表点緯度":202.2325,"代表点経度":1718.744205754}},{"type":"MultiPolygon","arcs":[[[1712,-1708,1713,1714]]],"properties":{"筆ID":"H000000582","version":"ver1.0","座標系":"任意座標系","測地系判別":null,"地図名":"H20450301214026","地図番号":"区-C-4","縮尺分母":"600","市区町村コード":"01214","市区町村名":"稚内市","大字コード":"031","丁目コード":"001","小字コード":"0000","予備コード":"00","大字名":"緑","丁目名":"１丁目","小字名":null,"予備名":null,"地番":"11-24","精度区分":null,"座標値種別":"図上測量","筆界未定構成筆":null,"代表点緯度":182.893,"代表点経度":1721.053699722}},{"type":"MultiPolygon","arcs":[[[-1611,-1709,-1558,1715,1716,-1613,1717]]],"properties":{"筆ID":"H000000583","version":"ver1.0","座標系":"任意座標系","測地系判別":null,"地図名":"H20450301214026","地図番号":"区-C-4","縮尺分母":"600","市区町村コード":"01214","市区町村名":"稚内市","大字コード":"031","丁目コード":"001","小字コード":"0000","予備コード":"00","大字名":"緑","丁目名":"１丁目","小字名":null,"予備名":null,"地番":"11-7","精度区分":null,"座標値種別":"図上測量","筆界未定構成筆":null,"代表点緯度":182.9495,"代表点経度":1707.95560081}},{"type":"MultiPolygon","arcs":[[[-1713,1718,-1716,-1557]]],"properties":{"筆ID":"H000000584","version":"ver1.0","座標系":"任意座標系","測地系判別":null,"地図名":"H20450301214026","地図番号":"区-C-4","縮尺分母":"600","市区町村コード":"01214","市区町村名":"稚内市","大字コード":"031","丁目コード":"001","小字コード":"0000","予備コード":"00","大字名":"緑","丁目名":"１丁目","小字名":null,"予備名":null,"地番":"11-10","精度区分":null,"座標値種別":"図上測量","筆界未定構成筆":null,"代表点緯度":182.9495,"代表点経度":1719.490576756}},{"type":"MultiPolygon","arcs":[[[-1614,-1717,-1719,1719,-1619]]],"properties":{"筆ID":"H000000585","version":"ver1.0","座標系":"任意座標系","測地系判別":null,"地図名":"H20450301214026","地図番号":"区-C-4","縮尺分母":"600","市区町村コード":"01214","市区町村名":"稚内市","大字コード":"031","丁目コード":"001","小字コード":"0000","予備コード":"00","大字名":"緑","丁目名":"１丁目","小字名":null,"予備名":null,"地番":"11-5","精度区分":null,"座標値種別":"図上測量","筆界未定構成筆":null,"代表点緯度":171.565,"代表点経度":1720.820963424}},{"type":"MultiPolygon","arcs":[[[1720,-1720,-1715,1721]]],"properties":{"筆ID":"H000000586","version":"ver1.0","座標系":"任意座標系","測地系判別":null,"地図名":"H20450301214026","地図番号":"区-C-4","縮尺分母":"600","市区町村コード":"01214","市区町村名":"稚内市","大字コード":"031","丁目コード":"001","小字コード":"0000","予備コード":"00","大字名":"緑","丁目名":"１丁目","小字名":null,"予備名":null,"地番":"11-26","精度区分":null,"座標値種別":"図上測量","筆界未定構成筆":null,"代表点緯度":171.4845,"代表点経度":1730.26641997}},{"type":"MultiPolygon","arcs":[[[-1714,-1712,1722,1723,-1722]]],"properties":{"筆ID":"H000000587","version":"ver1.0","座標系":"任意座標系","測地系判別":null,"地図名":"H20450301214026","地図番号":"区-C-4","縮尺分母":"600","市区町村コード":"01214","市区町村名":"稚内市","大字コード":"031","丁目コード":"001","小字コード":"0000","予備コード":"00","大字名":"緑","丁目名":"１丁目","小字名":null,"予備名":null,"地番":"11-15","精度区分":null,"座標値種別":"図上測量","筆界未定構成筆":null,"代表点緯度":180.376,"代表点経度":1729.833714732}},{"type":"MultiPolygon","arcs":[[[1724,-1620,-1721,-1724,1725,1726,-1623]]],"properties":{"筆ID":"H000000588","version":"ver1.0","座標系":"任意座標系","測地系判別":null,"地図名":"H20450301214026","地図番号":"区-C-4","縮尺分母":"600","市区町村コード":"01214","市区町村名":"稚内市","大字コード":"031","丁目コード":"001","小字コード":"0000","予備コード":"00","大字名":"緑","丁目名":"１丁目","小字名":null,"予備名":null,"地番":"71-6","精度区分":null,"座標値種別":"図上測量","筆界未定構成筆":null,"代表点緯度":168.6975,"代表点経度":1736.514583643}},{"type":"MultiPolygon","arcs":[[[1727,-1711,1728,1729,1730]]],"properties":{"筆ID":"H000000589","version":"ver1.0","座標系":"任意座標系","測地系判別":null,"地図名":"H20450301214026","地図番号":"区-C-4","縮尺分母":"600","市区町村コード":"01214","市区町村名":"稚内市","大字コード":"031","丁目コード":"001","小字コード":"0000","予備コード":"00","大字名":"緑","丁目名":"１丁目","小字名":null,"予備名":null,"地番":"11-14","精度区分":null,"座標値種別":"図上測量","筆界未定構成筆":null,"代表点緯度":191.471,"代表点経度":1728.685832597}},{"type":"MultiPolygon","arcs":[[[-1728,1731,-1726,-1723]]],"properties":{"筆ID":"H000000590","version":"ver1.0","座標系":"任意座標系","測地系判別":null,"地図名":"H20450301214026","地図番号":"区-C-4","縮尺分母":"600","市区町村コード":"01214","市区町村名":"稚内市","大字コード":"031","丁目コード":"001","小字コード":"0000","予備コード":"00","大字名":"緑","丁目名":"１丁目","小字名":null,"予備名":null,"地番":"11-13","精度区分":null,"座標値種別":"図上測量","筆界未定構成筆":null,"代表点緯度":186.704,"代表点経度":1726.984602872}},{"type":"MultiPolygon","arcs":[[[-1732,-1731,1732,-1727]]],"properties":{"筆ID":"H000000591","version":"ver1.0","座標系":"任意座標系","測地系判別":null,"地図名":"H20450301214026","地図番号":"区-C-4","縮尺分母":"600","市区町村コード":"01214","市区町村名":"稚内市","大字コード":"031","丁目コード":"001","小字コード":"0000","予備コード":"00","大字名":"緑","丁目名":"１丁目","小字名":null,"予備名":null,"地番":"11-20","精度区分":null,"座標値種別":"図上測量","筆界未定構成筆":null,"代表点緯度":187.254,"代表点経度":1736.979734751}},{"type":"MultiPolygon","arcs":[[[-1730,1733,-1624,-1733]]],"properties":{"筆ID":"H000000592","version":"ver1.0","座標系":"任意座標系","測地系判別":null,"地図名":"H20450301214026","地図番号":"区-C-4","縮尺分母":"600","市区町村コード":"01214","市区町村名":"稚内市","大字コード":"031","丁目コード":"001","小字コード":"0000","予備コード":"00","大字名":"緑","丁目名":"１丁目","小字名":null,"予備名":null,"地番":"11-9","精度区分":null,"座標値種別":"図上測量","筆界未定構成筆":null,"代表点緯度":187.254,"代表点経度":1739.087213687}},{"type":"MultiPolygon","arcs":[[[1734,1735,-1675,1736,-1626]]],"properties":{"筆ID":"H000000593","version":"ver1.0","座標系":"任意座標系","測地系判別":null,"地図名":"H20450301214026","地図番号":"区-C-4","縮尺分母":"600","市区町村コード":"01214","市区町村名":"稚内市","大字コード":"031","丁目コード":"001","小字コード":"0000","予備コード":"00","大字名":"緑","丁目名":"１丁目","小字名":null,"予備名":null,"地番":"11-8","精度区分":null,"座標値種別":"図上測量","筆界未定構成筆":null,"代表点緯度":203.4075,"代表点経度":1734.344910212}},{"type":"MultiPolygon","arcs":[[[1737,-1710,-1559,-1550,-1736]]],"properties":{"筆ID":"H000000594","version":"ver1.0","座標系":"任意座標系","測地系判別":null,"地図名":"H20450301214026","地図番号":"区-C-4","縮尺分母":"600","市区町村コード":"01214","市区町村名":"稚内市","大字コード":"031","丁目コード":"001","小字コード":"0000","予備コード":"00","大字名":"緑","丁目名":"１丁目","小字名":null,"予備名":null,"地番":"11-22","精度区分":null,"座標値種別":"図上測量","筆界未定構成筆":null,"代表点緯度":202.2325,"代表点経度":1728.059368702}},{"type":"MultiPolygon","arcs":[[[-1738,1738,-1729]]],"properties":{"筆ID":"H000000595","version":"ver1.0","座標系":"任意座標系","測地系判別":null,"地図名":"H20450301214026","地図番号":"区-C-4","縮尺分母":"600","市区町村コード":"01214","市区町村名":"稚内市","大字コード":"031","丁目コード":"001","小字コード":"0000","予備コード":"00","大字名":"緑","丁目名":"１丁目","小字名":null,"予備名":null,"地番":"11-21","精度区分":null,"座標値種別":"図上測量","筆界未定構成筆":null,"代表点緯度":196.629,"代表点経度":1728.887605813}},{"type":"MultiPolygon","arcs":[[[-1739,-1735,-1625,-1734]]],"properties":{"筆ID":"H000000596","version":"ver1.0","座標系":"任意座標系","測地系判別":null,"地図名":"H20450301214026","地図番号":"区-C-4","縮尺分母":"600","市区町村コード":"01214","市区町村名":"稚内市","大字コード":"031","丁目コード":"001","小字コード":"0000","予備コード":"00","大字名":"緑","丁目名":"１丁目","小字名":null,"予備名":null,"地番":"11-12","精度区分":null,"座標値種別":"図上測量","筆界未定構成筆":null,"代表点緯度":192.388,"代表点経度":1738.136298806}},{"type":"MultiPolygon","arcs":[[[-1676,-1627,-1737]]],"properties":{"筆ID":"H000000597","version":"ver1.0","座標系":"任意座標系","測地系判別":null,"地図名":"H20450301214026","地図番号":"区-C-4","縮尺分母":"600","市区町村コード":"01214","市区町村名":"稚内市","大字コード":"031","丁目コード":"001","小字コード":"0000","予備コード":"00","大字名":"緑","丁目名":"１丁目","小字名":null,"予備名":null,"地番":"11-11","精度区分":null,"座標値種別":"図上測量","筆界未定構成筆":null,"代表点緯度":205.138,"代表点経度":1736.606628}},{"type":"MultiPolygon","arcs":[[[1739,-1699,-1680,-1685,-1660,-1702,1740]]],"properties":{"筆ID":"H000000598","version":"ver1.0","座標系":"任意座標系","測地系判別":null,"地図名":"H20450301214026","地図番号":"区-C-4","縮尺分母":"600","市区町村コード":"01214","市区町村名":"稚内市","大字コード":"031","丁目コード":"001","小字コード":"0000","予備コード":"00","大字名":"緑","丁目名":"１丁目","小字名":null,"予備名":null,"地番":"9-17","精度区分":null,"座標値種別":"図上測量","筆界未定構成筆":null,"代表点緯度":259.9015,"代表点経度":1615.683722884}},{"type":"MultiPolygon","arcs":[[[-1589,-1586,-1682,-1698]]],"properties":{"筆ID":"H000000599","version":"ver1.0","座標系":"任意座標系","測地系判別":null,"地図名":"H20450301214026","地図番号":"区-C-4","縮尺分母":"600","市区町村コード":"01214","市区町村名":"稚内市","大字コード":"031","丁目コード":"001","小字コード":"0000","予備コード":"00","大字名":"緑","丁目名":"１丁目","小字名":null,"予備名":null,"地番":"9-3","精度区分":null,"座標値種別":"図上測量","筆界未定構成筆":null,"代表点緯度":248.698,"代表点経度":1615.589859366}},{"type":"MultiPolygon","arcs":[[[1741,1742,-1700]]],"properties":{"筆ID":"H000000600","version":"ver1.0","座標系":"任意座標系","測地系判別":null,"地図名":"H20450301214026","地図番号":"区-C-4","縮尺分母":"600","市区町村コード":"01214","市区町村名":"稚内市","大字コード":"031","丁目コード":"001","小字コード":"0000","予備コード":"00","大字名":"緑","丁目名":"１丁目","小字名":null,"予備名":null,"地番":"9-18","精度区分":null,"座標値種別":"図上測量","筆界未定構成筆":null,"代表点緯度":250.117,"代表点経度":1633.579037083}},{"type":"MultiPolygon","arcs":[[[-1740,-1742]]],"properties":{"筆ID":"H000000601","version":"ver1.0","座標系":"任意座標系","測地系判別":null,"地図名":"H20450301214026","地図番号":"区-C-4","縮尺分母":"600","市区町村コード":"01214","市区町村名":"稚内市","大字コード":"031","丁目コード":"001","小字コード":"0000","予備コード":"00","大字名":"緑","丁目名":"１丁目","小字名":null,"予備名":null,"地番":"9-9","精度区分":null,"座標値種別":"図上測量","筆界未定構成筆":null,"代表点緯度":257.8465,"代表点経度":1631.430353773}},{"type":"MultiPolygon","arcs":[[[-1701,-1743,-1741]]],"properties":{"筆ID":"H000000602","version":"ver1.0","座標系":"任意座標系","測地系判別":null,"地図名":"H20450301214026","地図番号":"区-C-4","縮尺分母":"600","市区町村コード":"01214","市区町村名":"稚内市","大字コード":"031","丁目コード":"001","小字コード":"0000","予備コード":"00","大字名":"緑","丁目名":"１丁目","小字名":null,"予備名":null,"地番":"9-15","精度区分":null,"座標値種別":"図上測量","筆界未定構成筆":null,"代表点緯度":254.783,"代表点経度":1644.55504059}},{"type":"MultiPolygon","arcs":[[[-1594,-1591,-1697,1743]]],"properties":{"筆ID":"H000000603","version":"ver1.0","座標系":"任意座標系","測地系判別":null,"地図名":"H20450301214026","地図番号":"区-C-4","縮尺分母":"600","市区町村コード":"01214","市区町村名":"稚内市","大字コード":"031","丁目コード":"001","小字コード":"0000","予備コード":"00","大字名":"緑","丁目名":"１丁目","小字名":null,"予備名":null,"地番":"9-11","精度区分":null,"座標値種別":"図上測量","筆界未定構成筆":null,"代表点緯度":241.112,"代表点経度":1620.980305819}},{"type":"MultiPolygon","arcs":[[[-1595,-1744,-1696]]],"properties":{"筆ID":"H000000604","version":"ver1.0","座標系":"任意座標系","測地系判別":null,"地図名":"H20450301214026","地図番号":"区-C-4","縮尺分母":"600","市区町村コード":"01214","市区町村名":"稚内市","大字コード":"031","丁目コード":"001","小字コード":"0000","予備コード":"00","大字名":"緑","丁目名":"１丁目","小字名":null,"予備名":null,"地番":"9-10","精度区分":null,"座標値種別":"図上測量","筆界未定構成筆":null,"代表点緯度":235.1215,"代表点経度":1629.367184298}},{"type":"MultiPolygon","arcs":[[[1744,1745,1746,1747,1748,1749,1750,1751,1752,1753,1754,1755,1756,1757,1758,1759,1760,-1061,1761,1762,1763,1764,1765,1766,1767,1768]]],"properties":{"筆ID":"H000000605","version":"ver1.0","座標系":"任意座標系","測地系判別":null,"地図名":"H20450301214026","地図番号":"区-C-3","縮尺分母":"600","市区町村コード":"01214","市区町村名":"稚内市","大字コード":"031","丁目コード":"001","小字コード":"0000","予備コード":"00","大字名":"緑","丁目名":"１丁目","小字名":null,"予備名":null,"地番":"道-17","精度区分":null,"座標値種別":"図上測量","筆界未定構成筆":null,"代表点緯度":-83.2985,"代表点経度":1829.757908754}},{"type":"MultiPolygon","arcs":[[[1769,1770,1771,1772,1773]]],"properties":{"筆ID":"H000000606","version":"ver1.0","座標系":"任意座標系","測地系判別":null,"地図名":"H20450301214026","地図番号":"区-C-3","縮尺分母":"600","市区町村コード":"01214","市区町村名":"稚内市","大字コード":"031","丁目コード":"001","小字コード":"0000","予備コード":"00","大字名":"緑","丁目名":"１丁目","小字名":null,"予備名":null,"地番":"34-19","精度区分":null,"座標値種別":"図上測量","筆界未定構成筆":null,"代表点緯度":-108.3135,"代表点経度":1697.003881743}},{"type":"MultiPolygon","arcs":[[[-1031,-1055,-1047,-1041,-973,1774,1775,1776,1777,1778,1779,1780,1781,1782,1783,1784,1785,1786,1787]]],"properties":{"筆ID":"H000000607","version":"ver1.0","座標系":"任意座標系","測地系判別":null,"地図名":"H20450301214026","地図番号":"区-C-3","縮尺分母":"600","市区町村コード":"01214","市区町村名":"稚内市","大字コード":"031","丁目コード":"001","小字コード":"0000","予備コード":"00","大字名":"緑","丁目名":"１丁目","小字名":null,"予備名":null,"地番":"86","精度区分":null,"座標値種別":"図上測量","筆界未定構成筆":null,"代表点緯度":-32.251,"代表点経度":1701.95615183}},{"type":"MultiPolygon","arcs":[[[1788,-1781,1789,1790,1791,1792,1793,1794]]],"properties":{"筆ID":"H000000608","version":"ver1.0","座標系":"任意座標系","測地系判別":null,"地図名":"H20450301214026","地図番号":"区-C-3","縮尺分母":"600","市区町村コード":"01214","市区町村名":"稚内市","大字コード":"031","丁目コード":"001","小字コード":"0000","予備コード":"00","大字名":"緑","丁目名":"１丁目","小字名":null,"予備名":null,"地番":"87","精度区分":null,"座標値種別":"図上測量","筆界未定構成筆":null,"代表点緯度":1.182,"代表点経度":1824.813386841}},{"type":"MultiPolygon","arcs":[[[-1782,-1789,1795]]],"properties":{"筆ID":"H000000609","version":"ver1.0","座標系":"任意座標系","測地系判別":null,"地図名":"H20450301214026","地図番号":"区-C-3","縮尺分母":"600","市区町村コード":"01214","市区町村名":"稚内市","大字コード":"031","丁目コード":"001","小字コード":"0000","予備コード":"00","大字名":"緑","丁目名":"１丁目","小字名":null,"予備名":null,"地番":"26","精度区分":null,"座標値種別":"図上測量","筆界未定構成筆":null,"代表点緯度":-37.805,"代表点経度":1768.014102352}},{"type":"MultiPolygon","arcs":[[[1796,1797,1798,1799,1800,1801,1802,1803,1804,1805,1806,1807,1808,1809,1810,-1783,-1796,-1795,-1084,-1063,1811,1812,1813,1814,1815,1816,1817,1818,1819,1820,1821,1822,1823,1824,1825,1826,1827,-720]]],"properties":{"筆ID":"H000000610","version":"ver1.0","座標系":"任意座標系","測地系判別":null,"地図名":"H20450301214026","地図番号":"区-C-3","縮尺分母":"600","市区町村コード":"01214","市区町村名":"稚内市","大字コード":"031","丁目コード":"001","小字コード":"0000","予備コード":"00","大字名":"緑","丁目名":"１丁目","小字名":null,"予備名":null,"地番":"道-18","精度区分":null,"座標値種別":"図上測量","筆界未定構成筆":null,"代表点緯度":-85.2805,"代表点経度":1785.472376051}},{"type":"MultiPolygon","arcs":[[[-740,-784,1828,-753,-1828,1829,-1745,1830,1831,1832,1833,1834,1835,1836,1837,1838,1839,1840,1841,1842,1843,1844,1845,1846,1847,1848,1849,1850,1851,1852,1853,-750]]],"properties":{"筆ID":"H000000611","version":"ver1.0","座標系":"任意座標系","測地系判別":null,"地図名":"H20450301214026","地図番号":"区-C-3","縮尺分母":"600","市区町村コード":"01214","市区町村名":"稚内市","大字コード":"031","丁目コード":"001","小字コード":"0000","予備コード":"00","大字名":"緑","丁目名":"１丁目","小字名":null,"予備名":null,"地番":"90","精度区分":null,"座標値種別":"図上測量","筆界未定構成筆":null,"代表点緯度":-116.289,"代表点経度":1888.763313382}},{"type":"MultiPolygon","arcs":[[[1854,1855,1856,-1799]]],"properties":{"筆ID":"H000000612","version":"ver1.0","座標系":"任意座標系","測地系判別":null,"地図名":"H20450301214026","地図番号":"区-C-3","縮尺分母":"600","市区町村コード":"01214","市区町村名":"稚内市","大字コード":"031","丁目コード":"001","小字コード":"0000","予備コード":"00","大字名":"緑","丁目名":"１丁目","小字名":null,"予備名":null,"地番":"34-10","精度区分":null,"座標値種別":"図上測量","筆界未定構成筆":null,"代表点緯度":-134.2835,"代表点経度":1692.971440645}},{"type":"MultiPolygon","arcs":[[[1857,1858,-1804]]],"properties":{"筆ID":"H000000613","version":"ver1.0","座標系":"任意座標系","測地系判別":null,"地図名":"H20450301214026","地図番号":"区-C-3","縮尺分母":"600","市区町村コード":"01214","市区町村名":"稚内市","大字コード":"031","丁目コード":"001","小字コード":"0000","予備コード":"00","大字名":"緑","丁目名":"１丁目","小字名":null,"予備名":null,"地番":"34-15","精度区分":null,"座標値種別":"図上測量","筆界未定構成筆":null,"代表点緯度":-108.2085,"代表点経度":1728.323994978}},{"type":"MultiPolygon","arcs":[[[1859,1860,-1807,1861]]],"properties":{"筆ID":"H000000614","version":"ver1.0","座標系":"任意座標系","測地系判別":null,"地図名":"H20450301214026","地図番号":"区-C-3","縮尺分母":"600","市区町村コード":"01214","市区町村名":"稚内市","大字コード":"031","丁目コード":"001","小字コード":"0000","予備コード":"00","大字名":"緑","丁目名":"１丁目","小字名":null,"予備名":null,"地番":"34-12","精度区分":null,"座標値種別":"図上測量","筆界未定構成筆":null,"代表点緯度":-93.27,"代表点経度":1711.376228588}},{"type":"MultiPolygon","arcs":[[[1862,1863,1864,1865,1866,1867,-1808,-1861,1868,-1770,1869,1870,1871,1872]]],"properties":{"筆ID":"H000000615","version":"ver1.0","座標系":"任意座標系","測地系判別":null,"地図名":"H20450301214026","地図番号":"区-C-3","縮尺分母":"600","市区町村コード":"01214","市区町村名":"稚内市","大字コード":"031","丁目コード":"001","小字コード":"0000","予備コード":"00","大字名":"緑","丁目名":"１丁目","小字名":null,"予備名":null,"地番":"94","精度区分":null,"座標値種別":"図上測量","筆界未定構成筆":null,"代表点緯度":-104.503,"代表点経度":1690.620886062}},{"type":"MultiPolygon","arcs":[[[1873,1874,1875,-1809,-1868]]],"properties":{"筆ID":"H000000616","version":"ver1.0","座標系":"任意座標系","測地系判別":null,"地図名":"H20450301214026","地図番号":"区-C-3","縮尺分母":"600","市区町村コード":"01214","市区町村名":"稚内市","大字コード":"031","丁目コード":"001","小字コード":"0000","予備コード":"00","大字名":"緑","丁目名":"１丁目","小字名":null,"予備名":null,"地番":"35-1","精度区分":null,"座標値種別":"図上測量","筆界未定構成筆":null,"代表点緯度":-82.125,"代表点経度":1700.425053156}},{"type":"MultiPolygon","arcs":[[[-1784,-1811,1876,1877,1878]]],"properties":{"筆ID":"H000000617","version":"ver1.0","座標系":"任意座標系","測地系判別":null,"地図名":"H20450301214026","地図番号":"区-C-3","縮尺分母":"600","市区町村コード":"01214","市区町村名":"稚内市","大字コード":"031","丁目コード":"001","小字コード":"0000","予備コード":"00","大字名":"緑","丁目名":"１丁目","小字名":null,"予備名":null,"地番":"35-3","精度区分":null,"座標値種別":"図上測量","筆界未定構成筆":null,"代表点緯度":-62.1105,"代表点経度":1680.34253949}},{"type":"MultiPolygon","arcs":[[[-1787,1879,1880,1881,1882]]],"properties":{"筆ID":"H000000618","version":"ver1.0","座標系":"任意座標系","測地系判別":null,"地図名":"H20450301214026","地図番号":"区-C-3","縮尺分母":"600","市区町村コード":"01214","市区町村名":"稚内市","大字コード":"031","丁目コード":"001","小字コード":"0000","予備コード":"00","大字名":"緑","丁目名":"１丁目","小字名":null,"予備名":null,"地番":"35-8","精度区分":null,"座標値種別":"図上測量","筆界未定構成筆":null,"代表点緯度":-89.6265,"代表点経度":1653.096572571}},{"type":"MultiPolygon","arcs":[[[1883,1884,-1863,1885]]],"properties":{"筆ID":"H000000619","version":"ver1.0","座標系":"任意座標系","測地系判別":null,"地図名":"H20450301214026","地図番号":"区-C-3","縮尺分母":"600","市区町村コード":"01214","市区町村名":"稚内市","大字コード":"031","丁目コード":"001","小字コード":"0000","予備コード":"00","大字名":"緑","丁目名":"１丁目","小字名":null,"予備名":null,"地番":"35-10","精度区分":null,"座標値種別":"図上測量","筆界未定構成筆":null,"代表点緯度":-111.936,"代表点経度":1673.88214704}},{"type":"MultiPolygon","arcs":[[[1886,-1872,1887,1888]]],"properties":{"筆ID":"H000000620","version":"ver1.0","座標系":"任意座標系","測地系判別":null,"地図名":"H20450301214026","地図番号":"区-C-3","縮尺分母":"600","市区町村コード":"01214","市区町村名":"稚内市","大字コード":"031","丁目コード":"001","小字コード":"0000","予備コード":"00","大字名":"緑","丁目名":"１丁目","小字名":null,"予備名":null,"地番":"34-22","精度区分":null,"座標値種別":"図上測量","筆界未定構成筆":null,"代表点緯度":-128.5265,"代表点経度":1677.144886563}},{"type":"MultiPolygon","arcs":[[[-1855,-1798,1889,1890]]],"properties":{"筆ID":"H000000621","version":"ver1.0","座標系":"任意座標系","測地系判別":null,"地図名":"H20450301214026","地図番号":"区-C-3","縮尺分母":"600","市区町村コード":"01214","市区町村名":"稚内市","大字コード":"031","丁目コード":"001","小字コード":"0000","予備コード":"00","大字名":"緑","丁目名":"１丁目","小字名":null,"予備名":null,"地番":"34-20","精度区分":null,"座標値種別":"図上測量","筆界未定構成筆":null,"代表点緯度":-141.2785,"代表点経度":1688.79500421}},{"type":"MultiPolygon","arcs":[[[1891,1892,1893,-1874,-1867]]],"properties":{"筆ID":"H000000622","version":"ver1.0","座標系":"任意座標系","測地系判別":null,"地図名":"H20450301214026","地図番号":"区-C-3","縮尺分母":"600","市区町村コード":"01214","市区町村名":"稚内市","大字コード":"031","丁目コード":"001","小字コード":"0000","予備コード":"00","大字名":"緑","丁目名":"１丁目","小字名":null,"予備名":null,"地番":"35-12","精度区分":null,"座標値種別":"図上測量","筆界未定構成筆":null,"代表点緯度":-89.51,"代表点経度":1693.663856164}},{"type":"MultiPolygon","arcs":[[[-1857,1894,1895,1896,1897,-1800]]],"properties":{"筆ID":"H000000623","version":"ver1.0","座標系":"任意座標系","測地系判別":null,"地図名":"H20450301214026","地図番号":"区-C-3","縮尺分母":"600","市区町村コード":"01214","市区町村名":"稚内市","大字コード":"031","丁目コード":"001","小字コード":"0000","予備コード":"00","大字名":"緑","丁目名":"１丁目","小字名":null,"予備名":null,"地番":"34-6","精度区分":null,"座標値種別":"図上測量","筆界未定構成筆":null,"代表点緯度":-127.9005,"代表点経度":1698.483143711}},{"type":"MultiPolygon","arcs":[[[1898,1899,1900,-1895,-1856]]],"properties":{"筆ID":"H000000624","version":"ver1.0","座標系":"任意座標系","測地系判別":null,"地図名":"H20450301214026","地図番号":"区-C-3","縮尺分母":"600","市区町村コード":"01214","市区町村名":"稚内市","大字コード":"031","丁目コード":"001","小字コード":"0000","予備コード":"00","大字名":"緑","丁目名":"１丁目","小字名":null,"予備名":null,"地番":"34-9","精度区分":null,"座標値種別":"図上測量","筆界未定構成筆":null,"代表点緯度":-127.792,"代表点経度":1687.199384371}},{"type":"MultiPolygon","arcs":[[[-1896,-1901,1901,-1870,-1774,1902]]],"properties":{"筆ID":"H000000625","version":"ver1.0","座標系":"任意座標系","測地系判別":null,"地図名":"H20450301214026","地図番号":"区-C-3","縮尺分母":"600","市区町村コード":"01214","市区町村名":"稚内市","大字コード":"031","丁目コード":"001","小字コード":"0000","予備コード":"00","大字名":"緑","丁目名":"１丁目","小字名":null,"予備名":null,"地番":"34-7","精度区分":null,"座標値種別":"図上測量","筆界未定構成筆":null,"代表点緯度":-116.504,"代表点経度":1690.109272296}},{"type":"MultiPolygon","arcs":[[[-1888,-1871,-1902,-1900]]],"properties":{"筆ID":"H000000626","version":"ver1.0","座標系":"任意座標系","測地系判別":null,"地図名":"H20450301214026","地図番号":"区-C-3","縮尺分母":"600","市区町村コード":"01214","市区町村名":"稚内市","大字コード":"031","丁目コード":"001","小字コード":"0000","予備コード":"00","大字名":"緑","丁目名":"１丁目","小字名":null,"予備名":null,"地番":"34-8","精度区分":null,"座標値種別":"図上測量","筆界未定構成筆":null,"代表点緯度":-119.486,"代表点経度":1681.839148601}},{"type":"MultiPolygon","arcs":[[[1903,-1889,-1899,-1891]]],"properties":{"筆ID":"H000000627","version":"ver1.0","座標系":"任意座標系","測地系判別":null,"地図名":"H20450301214026","地図番号":"区-C-3","縮尺分母":"600","市区町村コード":"01214","市区町村名":"稚内市","大字コード":"031","丁目コード":"001","小字コード":"0000","予備コード":"00","大字名":"緑","丁目名":"１丁目","小字名":null,"予備名":null,"地番":"34-21","精度区分":null,"座標値種別":"図上測量","筆界未定構成筆":null,"代表点緯度":-134.787,"代表点経度":1682.864287566}},{"type":"MultiPolygon","arcs":[[[-1897,-1903,-1773,1904,1905,1906]]],"properties":{"筆ID":"H000000628","version":"ver1.0","座標系":"任意座標系","測地系判別":null,"地図名":"H20450301214026","地図番号":"区-C-3","縮尺分母":"600","市区町村コード":"01214","市区町村名":"稚内市","大字コード":"031","丁目コード":"001","小字コード":"0000","予備コード":"00","大字名":"緑","丁目名":"１丁目","小字名":null,"予備名":null,"地番":"34-1","精度区分":null,"座標値種別":"図上測量","筆界未定構成筆":null,"代表点緯度":-118.8875,"代表点経度":1699.81206287}},{"type":"MultiPolygon","arcs":[[[-1907,-1801,-1898]]],"properties":{"筆ID":"H000000629","version":"ver1.0","座標系":"任意座標系","測地系判別":null,"地図名":"H20450301214026","地図番号":"区-C-3","縮尺分母":"600","市区町村コード":"01214","市区町村名":"稚内市","大字コード":"031","丁目コード":"001","小字コード":"0000","予備コード":"00","大字名":"緑","丁目名":"１丁目","小字名":null,"予備名":null,"地番":"34-17","精度区分":null,"座標値種別":"図上測量","筆界未定構成筆":null,"代表点緯度":-123.57,"代表点経度":1707.834536044}},{"type":"MultiPolygon","arcs":[[[-1906,1907,1908,-1802]]],"properties":{"筆ID":"H000000630","version":"ver1.0","座標系":"任意座標系","測地系判別":null,"地図名":"H20450301214026","地図番号":"区-C-3","縮尺分母":"600","市区町村コード":"01214","市区町村名":"稚内市","大字コード":"031","丁目コード":"001","小字コード":"0000","予備コード":"00","大字名":"緑","丁目名":"１丁目","小字名":null,"予備名":null,"地番":"34-18","精度区分":null,"座標値種別":"図上測量","筆界未定構成筆":null,"代表点緯度":-119.5345,"代表点経度":1714.325775772}},{"type":"MultiPolygon","arcs":[[[-1905,-1772,1909,1910,-1805,-1859,1911,-1908]]],"properties":{"筆ID":"H000000631","version":"ver1.0","座標系":"任意座標系","測地系判別":null,"地図名":"H20450301214026","地図番号":"区-C-3","縮尺分母":"600","市区町村コード":"01214","市区町村名":"稚内市","大字コード":"031","丁目コード":"001","小字コード":"0000","予備コード":"00","大字名":"緑","丁目名":"１丁目","小字名":null,"予備名":null,"地番":"34-14","精度区分":null,"座標値種別":"図上測量","筆界未定構成筆":null,"代表点緯度":-104.2025,"代表点経度":1709.311935701}},{"type":"MultiPolygon","arcs":[[[1912,-1862,-1806,-1911]]],"properties":{"筆ID":"H000000632","version":"ver1.0","座標系":"任意座標系","測地系判別":null,"地図名":"H20450301214026","地図番号":"区-C-3","縮尺分母":"600","市区町村コード":"01214","市区町村名":"稚内市","大字コード":"031","丁目コード":"001","小字コード":"0000","予備コード":"00","大字名":"緑","丁目名":"１丁目","小字名":null,"予備名":null,"地番":"34-13","精度区分":null,"座標値種別":"図上測量","筆界未定構成筆":null,"代表点緯度":-99.304,"代表点経度":1717.42283991}},{"type":"MultiPolygon","arcs":[[[-1771,-1869,-1860,-1913,-1910]]],"properties":{"筆ID":"H000000633","version":"ver1.0","座標系":"任意座標系","測地系判別":null,"地図名":"H20450301214026","地図番号":"区-C-3","縮尺分母":"600","市区町村コード":"01214","市区町村名":"稚内市","大字コード":"031","丁目コード":"001","小字コード":"0000","予備コード":"00","大字名":"緑","丁目名":"１丁目","小字名":null,"予備名":null,"地番":"34-11","精度区分":null,"座標値種別":"図上測量","筆界未定構成筆":null,"代表点緯度":-100.728,"代表点経度":1703.810961395}},{"type":"MultiPolygon","arcs":[[[1913,1914,1915,1916,1917]]],"properties":{"筆ID":"H000000634","version":"ver1.0","座標系":"任意座標系","測地系判別":null,"地図名":"H20450301214026","地図番号":"区-C-3","縮尺分母":"600","市区町村コード":"01214","市区町村名":"稚内市","大字コード":"031","丁目コード":"001","小字コード":"0000","予備コード":"00","大字名":"緑","丁目名":"１丁目","小字名":null,"予備名":null,"地番":"35-14","精度区分":null,"座標値種別":"図上測量","筆界未定構成筆":null,"代表点緯度":-89.7815,"代表点経度":1673.55164546}},{"type":"MultiPolygon","arcs":[[[-1881,1918,1919,-1914]]],"properties":{"筆ID":"H000000635","version":"ver1.0","座標系":"任意座標系","測地系判別":null,"地図名":"H20450301214026","地図番号":"区-C-3","縮尺分母":"600","市区町村コード":"01214","市区町村名":"稚内市","大字コード":"031","丁目コード":"001","小字コード":"0000","予備コード":"00","大字名":"緑","丁目名":"１丁目","小字名":null,"予備名":null,"地番":"35-16","精度区分":null,"座標値種別":"図上測量","筆界未定構成筆":null,"代表点緯度":-83.641,"代表点経度":1667.330127406}},{"type":"MultiPolygon","arcs":[[[-1786,1920,-1919,-1880]]],"properties":{"筆ID":"H000000636","version":"ver1.0","座標系":"任意座標系","測地系判別":null,"地図名":"H20450301214026","地図番号":"区-C-3","縮尺分母":"600","市区町村コード":"01214","市区町村名":"稚内市","大字コード":"031","丁目コード":"001","小字コード":"0000","予備コード":"00","大字名":"緑","丁目名":"１丁目","小字名":null,"予備名":null,"地番":"35-7","精度区分":null,"座標値種別":"図上測量","筆界未定構成筆":null,"代表点緯度":-78.078,"代表点経度":1661.801902654}},{"type":"MultiPolygon","arcs":[[[-1884,1921,-1882,-1918,1922]]],"properties":{"筆ID":"H000000637","version":"ver1.0","座標系":"任意座標系","測地系判別":null,"地図名":"H20450301214026","地図番号":"区-C-3","縮尺分母":"600","市区町村コード":"01214","市区町村名":"稚内市","大字コード":"031","丁目コード":"001","小字コード":"0000","予備コード":"00","大字名":"緑","丁目名":"１丁目","小字名":null,"予備名":null,"地番":"35-9","精度区分":null,"座標値種別":"図上測量","筆界未定構成筆":null,"代表点緯度":-102.1615,"代表点経度":1664.289209538}},{"type":"MultiPolygon","arcs":[[[1923,-1916,1924,-1865]]],"properties":{"筆ID":"H000000638","version":"ver1.0","座標系":"任意座標系","測地系判別":null,"地図名":"H20450301214026","地図番号":"区-C-3","縮尺分母":"600","市区町村コード":"01214","市区町村名":"稚内市","大字コード":"031","丁目コード":"001","小字コード":"0000","予備コード":"00","大字名":"緑","丁目名":"１丁目","小字名":null,"予備名":null,"地番":"35-15","精度区分":null,"座標値種別":"図上測量","筆界未定構成筆":null,"代表点緯度":-96.1855,"代表点経度":1686.420149147}},{"type":"MultiPolygon","arcs":[[[-1915,1925,1926,-1893,1927]]],"properties":{"筆ID":"H000000639","version":"ver1.0","座標系":"任意座標系","測地系判別":null,"地図名":"H20450301214026","地図番号":"区-C-3","縮尺分母":"600","市区町村コード":"01214","市区町村名":"稚内市","大字コード":"031","丁目コード":"001","小字コード":"0000","予備コード":"00","大字名":"緑","丁目名":"１丁目","小字名":null,"予備名":null,"地番":"35-13","精度区分":null,"座標値種別":"図上測量","筆界未定構成筆":null,"代表点緯度":-83.128,"代表点経度":1680.784002653}},{"type":"MultiPolygon","arcs":[[[-1920,-1921,-1785,-1879,1928,1929,-1926]]],"properties":{"筆ID":"H000000640","version":"ver1.0","座標系":"任意座標系","測地系判別":null,"地図名":"H20450301214026","地図番号":"区-C-3","縮尺分母":"600","市区町村コード":"01214","市区町村名":"稚内市","大字コード":"031","丁目コード":"001","小字コード":"0000","予備コード":"00","大字名":"緑","丁目名":"１丁目","小字名":null,"予備名":null,"地番":"35-4","精度区分":null,"座標値種別":"図上測量","筆界未定構成筆":null,"代表点緯度":-71.172,"代表点経度":1671.414689931}},{"type":"MultiPolygon","arcs":[[[-1923,-1917,-1924,-1864,-1885]]],"properties":{"筆ID":"H000000641","version":"ver1.0","座標系":"任意座標系","測地系判別":null,"地図名":"H20450301214026","地図番号":"区-C-3","縮尺分母":"600","市区町村コード":"01214","市区町村名":"稚内市","大字コード":"031","丁目コード":"001","小字コード":"0000","予備コード":"00","大字名":"緑","丁目名":"１丁目","小字名":null,"予備名":null,"地番":"35-6","精度区分":null,"座標値種別":"図上測量","筆界未定構成筆":null,"代表点緯度":-100.005,"代表点経度":1682.493299804}},{"type":"MultiPolygon","arcs":[[[-1928,-1892,-1866,-1925]]],"properties":{"筆ID":"H000000642","version":"ver1.0","座標系":"任意座標系","測地系判別":null,"地図名":"H20450301214026","地図番号":"区-C-3","縮尺分母":"600","市区町村コード":"01214","市区町村名":"稚内市","大字コード":"031","丁目コード":"001","小字コード":"0000","予備コード":"00","大字名":"緑","丁目名":"１丁目","小字名":null,"予備名":null,"地番":"35-5","精度区分":null,"座標値種別":"図上測量","筆界未定構成筆":null,"代表点緯度":-93.0065,"代表点経度":1689.630130536}},{"type":"MultiPolygon","arcs":[[[1930,-1877,-1810,-1876]]],"properties":{"筆ID":"H000000643","version":"ver1.0","座標系":"任意座標系","測地系判別":null,"地図名":"H20450301214026","地図番号":"区-C-3","縮尺分母":"600","市区町村コード":"01214","市区町村名":"稚内市","大字コード":"031","丁目コード":"001","小字コード":"0000","予備コード":"00","大字名":"緑","丁目名":"１丁目","小字名":null,"予備名":null,"地番":"35-17","精度区分":null,"座標値種別":"図上測量","筆界未定構成筆":null,"代表点緯度":-71.4585,"代表点経度":1692.402668719}},{"type":"MultiPolygon","arcs":[[[-1927,-1930,1931,-1894]]],"properties":{"筆ID":"H000000644","version":"ver1.0","座標系":"任意座標系","測地系判別":null,"地図名":"H20450301214026","地図番号":"区-C-3","縮尺分母":"600","市区町村コード":"01214","市区町村名":"稚内市","大字コード":"031","丁目コード":"001","小字コード":"0000","予備コード":"00","大字名":"緑","丁目名":"１丁目","小字名":null,"予備名":null,"地番":"35-11","精度区分":null,"座標値種別":"図上測量","筆界未定構成筆":null,"代表点緯度":-79.263,"代表点経度":1684.594914131}},{"type":"MultiPolygon","arcs":[[[-1929,-1878,-1931,-1875,-1932]]],"properties":{"筆ID":"H000000645","version":"ver1.0","座標系":"任意座標系","測地系判別":null,"地図名":"H20450301214026","地図番号":"区-C-3","縮尺分母":"600","市区町村コード":"01214","市区町村名":"稚内市","大字コード":"031","丁目コード":"001","小字コード":"0000","予備コード":"00","大字名":"緑","丁目名":"１丁目","小字名":null,"予備名":null,"地番":"35-2","精度区分":null,"座標値種別":"図上測量","筆界未定構成筆":null,"代表点緯度":-76.6735,"代表点経度":1687.227201303}},{"type":"MultiPolygon","arcs":[[[-1912,-1858,-1803,-1909]]],"properties":{"筆ID":"H000000646","version":"ver1.0","座標系":"任意座標系","測地系判別":null,"地図名":"H20450301214026","地図番号":"区-C-3","縮尺分母":"600","市区町村コード":"01214","市区町村名":"稚内市","大字コード":"031","丁目コード":"001","小字コード":"0000","予備コード":"00","大字名":"緑","丁目名":"１丁目","小字名":null,"予備名":null,"地番":"34-16","精度区分":null,"座標値種別":"図上測量","筆界未定構成筆":null,"代表点緯度":-115.286,"代表点経度":1720.235914885}},{"type":"MultiPolygon","arcs":[[[-1830,-1827,1932,-1746]]],"properties":{"筆ID":"H000000647","version":"ver1.0","座標系":"任意座標系","測地系判別":null,"地図名":"H20450301214026","地図番号":"区-C-3","縮尺分母":"600","市区町村コード":"01214","市区町村名":"稚内市","大字コード":"031","丁目コード":"001","小字コード":"0000","予備コード":"00","大字名":"緑","丁目名":"１丁目","小字名":null,"予備名":null,"地番":"27-11","精度区分":null,"座標値種別":"図上測量","筆界未定構成筆":null,"代表点緯度":-117.3945,"代表点経度":1764.27137823}},{"type":"MultiPolygon","arcs":[[[-1821,1933,-1752,1934]]],"properties":{"筆ID":"H000000648","version":"ver1.0","座標系":"任意座標系","測地系判別":null,"地図名":"H20450301214026","地図番号":"区-C-3","縮尺分母":"600","市区町村コード":"01214","市区町村名":"稚内市","大字コード":"031","丁目コード":"001","小字コード":"0000","予備コード":"00","大字名":"緑","丁目名":"１丁目","小字名":null,"予備名":null,"地番":"27-7","精度区分":null,"座標値種別":"図上測量","筆界未定構成筆":null,"代表点緯度":-77.5455,"代表点経度":1820.440332433}},{"type":"MultiPolygon","arcs":[[[-1813,1935,-1760,1936]]],"properties":{"筆ID":"H000000649","version":"ver1.0","座標系":"任意座標系","測地系判別":null,"地図名":"H20450301214026","地図番号":"区-C-3","縮尺分母":"600","市区町村コード":"01214","市区町村名":"稚内市","大字コード":"031","丁目コード":"001","小字コード":"0000","予備コード":"00","大字名":"緑","丁目名":"１丁目","小字名":null,"予備名":null,"地番":"27-2","精度区分":null,"座標値種別":"図上測量","筆界未定構成筆":null,"代表点緯度":-43.71,"代表点経度":1864.682490918}},{"type":"MultiPolygon","arcs":[[[-1812,-1062,-1761,-1936]]],"properties":{"筆ID":"H000000650","version":"ver1.0","座標系":"任意座標系","測地系判別":null,"地図名":"H20450301214026","地図番号":"区-C-3","縮尺分母":"600","市区町村コード":"01214","市区町村名":"稚内市","大字コード":"031","丁目コード":"001","小字コード":"0000","予備コード":"00","大字名":"緑","丁目名":"１丁目","小字名":null,"予備名":null,"地番":"27-1","精度区分":null,"座標値種別":"図上測量","筆界未定構成筆":null,"代表点緯度":-39.8935,"代表点経度":1875.930533078}},{"type":"MultiPolygon","arcs":[[[-1933,-1826,1937,-1747]]],"properties":{"筆ID":"H000000651","version":"ver1.0","座標系":"任意座標系","測地系判別":null,"地図名":"H20450301214026","地図番号":"区-C-3","縮尺分母":"600","市区町村コード":"01214","市区町村名":"稚内市","大字コード":"031","丁目コード":"001","小字コード":"0000","予備コード":"00","大字名":"緑","丁目名":"１丁目","小字名":null,"予備名":null,"地番":"27-10","精度区分":null,"座標値種別":"図上測量","筆界未定構成筆":null,"代表点緯度":-109.395,"代表点経度":1777.596717378}},{"type":"MultiPolygon","arcs":[[[-1825,1938,1939,-1748,-1938]]],"properties":{"筆ID":"H000000652","version":"ver1.0","座標系":"任意座標系","測地系判別":null,"地図名":"H20450301214026","地図番号":"区-C-3","縮尺分母":"600","市区町村コード":"01214","市区町村名":"稚内市","大字コード":"031","丁目コード":"001","小字コード":"0000","予備コード":"00","大字名":"緑","丁目名":"１丁目","小字名":null,"予備名":null,"地番":"27-9","精度区分":null,"座標値種別":"図上測量","筆界未定構成筆":null,"代表点緯度":-99.9775,"代表点経度":1790.281396221}},{"type":"MultiPolygon","arcs":[[[-1939,-1824,1940,1941]]],"properties":{"筆ID":"H000000653","version":"ver1.0","座標系":"任意座標系","測地系判別":null,"地図名":"H20450301214026","地図番号":"区-C-3","縮尺分母":"600","市区町村コード":"01214","市区町村名":"稚内市","大字コード":"031","丁目コード":"001","小字コード":"0000","予備コード":"00","大字名":"緑","丁目名":"１丁目","小字名":null,"予備名":null,"地番":"27-12","精度区分":null,"座標値種別":"図上測量","筆界未定構成筆":null,"代表点緯度":-92.091,"代表点経度":1796.757395947}},{"type":"MultiPolygon","arcs":[[[-1749,-1940,-1942,1942]]],"properties":{"筆ID":"H000000654","version":"ver1.0","座標系":"任意座標系","測地系判別":null,"地図名":"H20450301214026","地図番号":"区-C-3","縮尺分母":"600","市区町村コード":"01214","市区町村名":"稚内市","大字コード":"031","丁目コード":"001","小字コード":"0000","予備コード":"00","大字名":"緑","丁目名":"１丁目","小字名":null,"予備名":null,"地番":"27-17","精度区分":null,"座標値種別":"図上測量","筆界未定構成筆":null,"代表点緯度":-97.842,"代表点経度":1800.986338698}},{"type":"MultiPolygon","arcs":[[[-1941,-1823,1943,-1750,-1943]]],"properties":{"筆ID":"H000000655","version":"ver1.0","座標系":"任意座標系","測地系判別":null,"地図名":"H20450301214026","地図番号":"区-C-3","縮尺分母":"600","市区町村コード":"01214","市区町村名":"稚内市","大字コード":"031","丁目コード":"001","小字コード":"0000","予備コード":"00","大字名":"緑","丁目名":"１丁目","小字名":null,"予備名":null,"地番":"27-16","精度区分":null,"座標値種別":"図上測量","筆界未定構成筆":null,"代表点緯度":-89.951,"代表点経度":1801.222586599}},{"type":"MultiPolygon","arcs":[[[-1944,-1822,-1935,-1751]]],"properties":{"筆ID":"H000000656","version":"ver1.0","座標系":"任意座標系","測地系判別":null,"地図名":"H20450301214026","地図番号":"区-C-3","縮尺分母":"600","市区町村コード":"01214","市区町村名":"稚内市","大字コード":"031","丁目コード":"001","小字コード":"0000","予備コード":"00","大字名":"緑","丁目名":"１丁目","小字名":null,"予備名":null,"地番":"27-8","精度区分":null,"座標値種別":"図上測量","筆界未定構成筆":null,"代表点緯度":-86.1805,"代表点経度":1808.821658346}},{"type":"MultiPolygon","arcs":[[[-1753,-1934,-1820,1944]]],"properties":{"筆ID":"H000000657","version":"ver1.0","座標系":"任意座標系","測地系判別":null,"地図名":"H20450301214026","地図番号":"区-C-3","縮尺分母":"600","市区町村コード":"01214","市区町村名":"稚内市","大字コード":"031","丁目コード":"001","小字コード":"0000","予備コード":"00","大字名":"緑","丁目名":"１丁目","小字名":null,"予備名":null,"地番":"27-6","精度区分":null,"座標値種別":"図上測量","筆界未定構成筆":null,"代表点緯度":-70.242,"代表点経度":1830.214322882}},{"type":"MultiPolygon","arcs":[[[-1759,1945,-1814,-1937]]],"properties":{"筆ID":"H000000658","version":"ver1.0","座標系":"任意座標系","測地系判別":null,"地図名":"H20450301214026","地図番号":"区-C-3","縮尺分母":"600","市区町村コード":"01214","市区町村名":"稚内市","大字コード":"031","丁目コード":"001","小字コード":"0000","予備コード":"00","大字名":"緑","丁目名":"１丁目","小字名":null,"予備名":null,"地番":"27-13","精度区分":null,"座標値種別":"図上測量","筆界未定構成筆":null,"代表点緯度":-49.465,"代表点経度":1859.849225718}},{"type":"MultiPolygon","arcs":[[[-1819,1946,-1754,-1945]]],"properties":{"筆ID":"H000000659","version":"ver1.0","座標系":"任意座標系","測地系判別":null,"地図名":"H20450301214026","地図番号":"区-C-3","縮尺分母":"600","市区町村コード":"01214","市区町村名":"稚内市","大字コード":"031","丁目コード":"001","小字コード":"0000","予備コード":"00","大字名":"緑","丁目名":"１丁目","小字名":null,"予備名":null,"地番":"27-15","精度区分":null,"座標値種別":"図上測量","筆界未定構成筆":null,"代表点緯度":-67.2055,"代表点経度":1834.171916162}},{"type":"MultiPolygon","arcs":[[[1947,-1816,1948,-1757]]],"properties":{"筆ID":"H000000660","version":"ver1.0","座標系":"任意座標系","測地系判別":null,"地図名":"H20450301214026","地図番号":"区-C-3","縮尺分母":"600","市区町村コード":"01214","市区町村名":"稚内市","大字コード":"031","丁目コード":"001","小字コード":"0000","予備コード":"00","大字名":"緑","丁目名":"１丁目","小字名":null,"予備名":null,"地番":"27-4","精度区分":null,"座標値種別":"図上測量","筆界未定構成筆":null,"代表点緯度":-58.0505,"代表点経度":1846.474422398}},{"type":"MultiPolygon","arcs":[[[-1947,-1818,1949,-1755]]],"properties":{"筆ID":"H000000661","version":"ver1.0","座標系":"任意座標系","測地系判別":null,"地図名":"H20450301214026","地図番号":"区-C-3","縮尺分母":"600","市区町村コード":"01214","市区町村名":"稚内市","大字コード":"031","丁目コード":"001","小字コード":"0000","予備コード":"00","大字名":"緑","丁目名":"１丁目","小字名":null,"予備名":null,"地番":"27-5","精度区分":null,"座標値種別":"図上測量","筆界未定構成筆":null,"代表点緯度":-64.2985,"代表点経度":1838.104534305}},{"type":"MultiPolygon","arcs":[[[-1817,-1948,-1756,-1950]]],"properties":{"筆ID":"H000000662","version":"ver1.0","座標系":"任意座標系","測地系判別":null,"地図名":"H20450301214026","地図番号":"区-C-3","縮尺分母":"600","市区町村コード":"01214","市区町村名":"稚内市","大字コード":"031","丁目コード":"001","小字コード":"0000","予備コード":"00","大字名":"緑","丁目名":"１丁目","小字名":null,"予備名":null,"地番":"27-14","精度区分":null,"座標値種別":"図上測量","筆界未定構成筆":null,"代表点緯度":-61.281,"代表点経度":1842.065146955}},{"type":"MultiPolygon","arcs":[[[-1815,-1946,-1758,-1949]]],"properties":{"筆ID":"H000000663","version":"ver1.0","座標系":"任意座標系","測地系判別":null,"地図名":"H20450301214026","地図番号":"区-C-3","縮尺分母":"600","市区町村コード":"01214","市区町村名":"稚内市","大字コード":"031","丁目コード":"001","小字コード":"0000","予備コード":"00","大字名":"緑","丁目名":"１丁目","小字名":null,"予備名":null,"地番":"27-3","精度区分":null,"座標値種別":"図上測量","筆界未定構成筆":null,"代表点緯度":-52.3885,"代表点経度":1854.014558511}},{"type":"MultiPolygon","arcs":[[[1950,1951,1952,-1832]]],"properties":{"筆ID":"H000000664","version":"ver1.0","座標系":"任意座標系","測地系判別":null,"地図名":"H20450301214026","地図番号":"区-C-3","縮尺分母":"600","市区町村コード":"01214","市区町村名":"稚内市","大字コード":"031","丁目コード":"001","小字コード":"0000","予備コード":"00","大字名":"緑","丁目名":"１丁目","小字名":null,"予備名":null,"地番":"31-15","精度区分":null,"座標値種別":"図上測量","筆界未定構成筆":null,"代表点緯度":-136.8385,"代表点経度":1780.998849466}},{"type":"MultiPolygon","arcs":[[[1953,1954,-1834]]],"properties":{"筆ID":"H000000665","version":"ver1.0","座標系":"任意座標系","測地系判別":null,"地図名":"H20450301214026","地図番号":"区-C-3","縮尺分母":"600","市区町村コード":"01214","市区町村名":"稚内市","大字コード":"031","丁目コード":"001","小字コード":"0000","予備コード":"00","大字名":"緑","丁目名":"１丁目","小字名":null,"予備名":null,"地番":"31-20","精度区分":null,"座標値種別":"図上測量","筆界未定構成筆":null,"代表点緯度":-149.8435,"代表点経度":1788.324547739}},{"type":"MultiPolygon","arcs":[[[1955,1956,-1836]]],"properties":{"筆ID":"H000000666","version":"ver1.0","座標系":"任意座標系","測地系判別":null,"地図名":"H20450301214026","地図番号":"区-C-3","縮尺分母":"600","市区町村コード":"01214","市区町村名":"稚内市","大字コード":"031","丁目コード":"001","小字コード":"0000","予備コード":"00","大字名":"緑","丁目名":"１丁目","小字名":null,"予備名":null,"地番":"31-16","精度区分":null,"座標値種別":"図上測量","筆界未定構成筆":null,"代表点緯度":-162.983,"代表点経度":1806.295424088}},{"type":"MultiPolygon","arcs":[[[-1957,1957,1958,-1837]]],"properties":{"筆ID":"H000000667","version":"ver1.0","座標系":"任意座標系","測地系判別":null,"地図名":"H20450301214026","地図番号":"区-C-3","縮尺分母":"600","市区町村コード":"01214","市区町村名":"稚内市","大字コード":"031","丁目コード":"001","小字コード":"0000","予備コード":"00","大字名":"緑","丁目名":"１丁目","小字名":null,"予備名":null,"地番":"31-11","精度区分":null,"座標値種別":"図上測量","筆界未定構成筆":null,"代表点緯度":-152.9685,"代表点経度":1811.5559255}},{"type":"MultiPolygon","arcs":[[[1959,1960,-1845,1961]]],"properties":{"筆ID":"H000000668","version":"ver1.0","座標系":"任意座標系","測地系判別":null,"地図名":"H20450301214026","地図番号":"区-C-3","縮尺分母":"600","市区町村コード":"01214","市区町村名":"稚内市","大字コード":"031","丁目コード":"001","小字コード":"0000","予備コード":"00","大字名":"緑","丁目名":"１丁目","小字名":null,"予備名":null,"地番":"31-2","精度区分":null,"座標値種別":"図上測量","筆界未定構成筆":null,"代表点緯度":-91.43,"代表点経度":1896.947313484}},{"type":"MultiPolygon","arcs":[[[1962,1963,1964,-1763,1965,1966,1967,1968,-1846,-1961]]],"properties":{"筆ID":"H000000669","version":"ver1.0","座標系":"任意座標系","測地系判別":null,"地図名":"H20450301214026","地図番号":"区-C-3","縮尺分母":"600","市区町村コード":"01214","市区町村名":"稚内市","大字コード":"031","丁目コード":"001","小字コード":"0000","予備コード":"00","大字名":"緑","丁目名":"１丁目","小字名":null,"予備名":null,"地番":"93","精度区分":null,"座標値種別":"図上測量","筆界未定構成筆":null,"代表点緯度":-68.891,"代表点経度":1894.752182925}},{"type":"MultiPolygon","arcs":[[[-1969,1969,1970,-1847]]],"properties":{"筆ID":"H000000670","version":"ver1.0","座標系":"任意座標系","測地系判別":null,"地図名":"H20450301214026","地図番号":"区-C-3","縮尺分母":"600","市区町村コード":"01214","市区町村名":"稚内市","大字コード":"035","丁目コード":"001","小字コード":"0000","予備コード":"00","大字名":"こまどり","丁目名":"１丁目","小字名":null,"予備名":null,"地番":"28-5","精度区分":null,"座標値種別":"図上測量","筆界未定構成筆":null,"代表点緯度":-83.4815,"代表点経度":1916.348498398}},{"type":"MultiPolygon","arcs":[[[1971,1972,-1851]]],"properties":{"筆ID":"H000000671","version":"ver1.0","座標系":"任意座標系","測地系判別":null,"地図名":"H20450301214026","地図番号":"区-C-3","縮尺分母":"600","市区町村コード":"01214","市区町村名":"稚内市","大字コード":"035","丁目コード":"001","小字コード":"0000","予備コード":"00","大字名":"こまどり","丁目名":"１丁目","小字名":null,"予備名":null,"地番":"28-11","精度区分":null,"座標値種別":"図上測量","筆界未定構成筆":null,"代表点緯度":-58.6155,"代表点経度":1954.891238861}},{"type":"MultiPolygon","arcs":[[[1973,1974,-1972,-1850,1975]]],"properties":{"筆ID":"H000000672","version":"ver1.0","座標系":"任意座標系","測地系判別":null,"地図名":"H20450301214026","地図番号":"区-C-3","縮尺分母":"600","市区町村コード":"01214","市区町村名":"稚内市","大字コード":"035","丁目コード":"001","小字コード":"0000","予備コード":"00","大字名":"こまどり","丁目名":"１丁目","小字名":null,"予備名":null,"地番":"28-10","精度区分":null,"座標値種別":"図上測量","筆界未定構成筆":null,"代表点緯度":-58.913,"代表点経度":1942.717354718}},{"type":"MultiPolygon","arcs":[[[1976,1977,1978,1979]]],"properties":{"筆ID":"H000000673","version":"ver1.0","座標系":"任意座標系","測地系判別":null,"地図名":"H20450301214026","地図番号":"区-C-3","縮尺分母":"600","市区町村コード":"01214","市区町村名":"稚内市","大字コード":"035","丁目コード":"001","小字コード":"0000","予備コード":"00","大字名":"こまどり","丁目名":"１丁目","小字名":null,"予備名":null,"地番":"28-2","精度区分":null,"座標値種別":"図上測量","筆界未定構成筆":null,"代表点緯度":-51.0475,"代表点経度":1907.311650383}},{"type":"MultiPolygon","arcs":[[[-1966,-1762,1980,-1978,1981]]],"properties":{"筆ID":"H000000674","version":"ver1.0","座標系":"任意座標系","測地系判別":null,"地図名":"H20450301214026","地図番号":"区-C-3","縮尺分母":"600","市区町村コード":"01214","市区町村名":"稚内市","大字コード":"035","丁目コード":"001","小字コード":"0000","予備コード":"00","大字名":"こまどり","丁目名":"１丁目","小字名":null,"予備名":null,"地番":"28-1","精度区分":null,"座標値種別":"図上測量","筆界未定構成筆":null,"代表点緯度":-51.8995,"代表点経度":1892.95269075}},{"type":"MultiPolygon","arcs":[[[1982,1983,1984,-1765,1985,1986,1987,1988,1989,1990,1991,1992,1993,1994,1995]]],"properties":{"筆ID":"H000000675","version":"ver1.0","座標系":"任意座標系","測地系判別":null,"地図名":"H20450301214026","地図番号":"区-C-3","縮尺分母":"600","市区町村コード":"01214","市区町村名":"稚内市","大字コード":"031","丁目コード":"001","小字コード":"0000","予備コード":"00","大字名":"緑","丁目名":"１丁目","小字名":null,"予備名":null,"地番":"91-1","精度区分":null,"座標値種別":"図上測量","筆界未定構成筆":null,"代表点緯度":-99.2575,"代表点経度":1864.109924082}},{"type":"MultiPolygon","arcs":[[[1996,1997,1998,1999,2000,2001,2002,2003,2004,2005,-1766,-1985,2006]]],"properties":{"筆ID":"H000000676","version":"ver1.0","座標系":"任意座標系","測地系判別":null,"地図名":"H20450301214026","地図番号":"区-C-3","縮尺分母":"600","市区町村コード":"01214","市区町村名":"稚内市","大字コード":"031","丁目コード":"001","小字コード":"0000","予備コード":"00","大字名":"緑","丁目名":"１丁目","小字名":null,"予備名":null,"地番":"33-1","精度区分":null,"座標値種別":"図上測量","筆界未定構成筆":null,"代表点緯度":-96.552,"代表点経度":1821.254890844}},{"type":"MultiPolygon","arcs":[[[-1831,-1769,2007,-1951]]],"properties":{"筆ID":"H000000677","version":"ver1.0","座標系":"任意座標系","測地系判別":null,"地図名":"H20450301214026","地図番号":"区-C-3","縮尺分母":"600","市区町村コード":"01214","市区町村名":"稚内市","大字コード":"031","丁目コード":"001","小字コード":"0000","予備コード":"00","大字名":"緑","丁目名":"１丁目","小字名":null,"予備名":null,"地番":"31-19","精度区分":null,"座標値種別":"図上測量","筆界未定構成筆":null,"代表点緯度":-129.9965,"代表点経度":1776.395270218}},{"type":"MultiPolygon","arcs":[[[-1954,-1833,-1953,2008,2009,2010,2011]]],"properties":{"筆ID":"H000000678","version":"ver1.0","座標系":"任意座標系","測地系判別":null,"地図名":"H20450301214026","地図番号":"区-C-3","縮尺分母":"600","市区町村コード":"01214","市区町村名":"稚内市","大字コード":"031","丁目コード":"001","小字コード":"0000","予備コード":"00","大字名":"緑","丁目名":"１丁目","小字名":null,"予備名":null,"地番":"31-13","精度区分":null,"座標値種別":"図上測量","筆界未定構成筆":null,"代表点緯度":-141.6305,"代表点経度":1793.896603035}},{"type":"MultiPolygon","arcs":[[[-1952,2012,2013,-2009]]],"properties":{"筆ID":"H000000679","version":"ver1.0","座標系":"任意座標系","測地系判別":null,"地図名":"H20450301214026","地図番号":"区-C-3","縮尺分母":"600","市区町村コード":"01214","市区町村名":"稚内市","大字コード":"031","丁目コード":"001","小字コード":"0000","予備コード":"00","大字名":"緑","丁目名":"１丁目","小字名":null,"予備名":null,"地番":"31-14","精度区分":null,"座標値種別":"図上測量","筆界未定構成筆":null,"代表点緯度":-130.1905,"代表点経度":1789.565095047}},{"type":"MultiPolygon","arcs":[[[2014,-1767,-2006,2015,2016]]],"properties":{"筆ID":"H000000680","version":"ver1.0","座標系":"任意座標系","測地系判別":null,"地図名":"H20450301214026","地図番号":"区-C-3","縮尺分母":"600","市区町村コード":"01214","市区町村名":"稚内市","大字コード":"031","丁目コード":"001","小字コード":"0000","予備コード":"00","大字名":"緑","丁目名":"１丁目","小字名":null,"予備名":null,"地番":"91-2","精度区分":null,"座標値種別":"図上測量","筆界未定構成筆":null,"代表点緯度":-117.975,"代表点経度":1790.565404484}},{"type":"MultiPolygon","arcs":[[[-2008,-1768,-2015,-2013]]],"properties":{"筆ID":"H000000681","version":"ver1.0","座標系":"任意座標系","測地系判別":null,"地図名":"H20450301214026","地図番号":"区-C-3","縮尺分母":"600","市区町村コード":"01214","市区町村名":"稚内市","大字コード":"031","丁目コード":"001","小字コード":"0000","予備コード":"00","大字名":"緑","丁目名":"１丁目","小字名":null,"予備名":null,"地番":"31-18","精度区分":null,"座標値種別":"図上測量","筆界未定構成筆":null,"代表点緯度":-123.6425,"代表点経度":1784.830047123}},{"type":"MultiPolygon","arcs":[[[2017,-2012,-1996,2018,-1958]]],"properties":{"筆ID":"H000000682","version":"ver1.0","座標系":"任意座標系","測地系判別":null,"地図名":"H20450301214026","地図番号":"区-C-3","縮尺分母":"600","市区町村コード":"01214","市区町村名":"稚内市","大字コード":"031","丁目コード":"001","小字コード":"0000","予備コード":"00","大字名":"緑","丁目名":"１丁目","小字名":null,"予備名":null,"地番":"31-12","精度区分":null,"座標値種別":"図上測量","筆界未定構成筆":null,"代表点緯度":-150.0005,"代表点経度":1802.323819389}},{"type":"MultiPolygon","arcs":[[[-2019,-1995,2019,-1838,-1959]]],"properties":{"筆ID":"H000000683","version":"ver1.0","座標系":"任意座標系","測地系判別":null,"地図名":"H20450301214026","地図番号":"区-C-3","縮尺分母":"600","市区町村コード":"01214","市区町村名":"稚内市","大字コード":"031","丁目コード":"001","小字コード":"0000","予備コード":"00","大字名":"緑","丁目名":"１丁目","小字名":null,"予備名":null,"地番":"31-10","精度区分":null,"座標値種別":"図上測量","筆界未定構成筆":null,"代表点緯度":-144.3015,"代表点経度":1818.376171749}},{"type":"MultiPolygon","arcs":[[[-1835,-1955,-2018,-1956]]],"properties":{"筆ID":"H000000684","version":"ver1.0","座標系":"任意座標系","測地系判別":null,"地図名":"H20450301214026","地図番号":"区-C-3","縮尺分母":"600","市区町村コード":"01214","市区町村名":"稚内市","大字コード":"031","丁目コード":"001","小字コード":"0000","予備コード":"00","大字名":"緑","丁目名":"１丁目","小字名":null,"予備名":null,"地番":"31-17","精度区分":null,"座標値種別":"図上測量","筆界未定構成筆":null,"代表点緯度":-155.896,"代表点経度":1795.823248842}},{"type":"MultiPolygon","arcs":[[[2020,-1992,2021,2022]]],"properties":{"筆ID":"H000000685","version":"ver1.0","座標系":"任意座標系","測地系判別":null,"地図名":"H20450301214026","地図番号":"区-C-3","縮尺分母":"600","市区町村コード":"01214","市区町村名":"稚内市","大字コード":"031","丁目コード":"001","小字コード":"0000","予備コード":"00","大字名":"緑","丁目名":"１丁目","小字名":null,"予備名":null,"地番":"31-7","精度区分":null,"座標値種別":"図上測量","筆界未定構成筆":null,"代表点緯度":-118.926,"代表点経度":1849.15142835}},{"type":"MultiPolygon","arcs":[[[-1989,-1962,-1844,2023]]],"properties":{"筆ID":"H000000686","version":"ver1.0","座標系":"任意座標系","測地系判別":null,"地図名":"H20450301214026","地図番号":"区-C-3","縮尺分母":"600","市区町村コード":"01214","市区町村名":"稚内市","大字コード":"031","丁目コード":"001","小字コード":"0000","予備コード":"00","大字名":"緑","丁目名":"１丁目","小字名":null,"予備名":null,"地番":"31-3","精度区分":null,"座標値種別":"図上測量","筆界未定構成筆":null,"代表点緯度":-100.663,"代表点経度":1884.860138127}},{"type":"MultiPolygon","arcs":[[[-1988,2024,-1963,-1960]]],"properties":{"筆ID":"H000000687","version":"ver1.0","座標系":"任意座標系","測地系判別":null,"地図名":"H20450301214026","地図番号":"区-C-3","縮尺分母":"600","市区町村コード":"01214","市区町村名":"稚内市","大字コード":"031","丁目コード":"001","小字コード":"0000","予備コード":"00","大字名":"緑","丁目名":"１丁目","小字名":null,"予備名":null,"地番":"31-1","精度区分":null,"座標値種別":"図上測量","筆界未定構成筆":null,"代表点緯度":-77.297,"代表点経度":1886.502974702}},{"type":"MultiPolygon","arcs":[[[-1987,2025,-1964,-2025]]],"properties":{"筆ID":"H000000688","version":"ver1.0","座標系":"任意座標系","測地系判別":null,"地図名":"H20450301214026","地図番号":"区-C-3","縮尺分母":"600","市区町村コード":"01214","市区町村名":"稚内市","大字コード":"031","丁目コード":"001","小字コード":"0000","予備コード":"00","大字名":"緑","丁目名":"１丁目","小字名":null,"予備名":null,"地番":"92","精度区分":null,"座標値種別":"図上測量","筆界未定構成筆":null,"代表点緯度":-68.8785,"代表点経度":1880.274275392}},{"type":"MultiPolygon","arcs":[[[-1986,-1764,-1965,-2026]]],"properties":{"筆ID":"H000000689","version":"ver1.0","座標系":"任意座標系","測地系判別":null,"地図名":"H20450301214026","地図番号":"区-C-3","縮尺分母":"600","市区町村コード":"01214","市区町村名":"稚内市","大字コード":"031","丁目コード":"001","小字コード":"0000","予備コード":"00","大字名":"緑","丁目名":"１丁目","小字名":null,"予備名":null,"地番":"32","精度区分":null,"座標値種別":"図上測量","筆界未定構成筆":null,"代表点緯度":-61.6975,"代表点経度":1875.088855387}},{"type":"MultiPolygon","arcs":[[[-1984,2026,-2005,2027,-2007]]],"properties":{"筆ID":"H000000690","version":"ver1.0","座標系":"任意座標系","測地系判別":null,"地図名":"H20450301214026","地図番号":"区-C-3","縮尺分母":"600","市区町村コード":"01214","市区町村名":"稚内市","大字コード":"031","丁目コード":"001","小字コード":"0000","予備コード":"00","大字名":"緑","丁目名":"１丁目","小字名":null,"予備名":null,"地番":"33-2","精度区分":null,"座標値種別":"図上測量","筆界未定構成筆":null,"代表点緯度":-122.522,"代表点経度":1807.48231224}},{"type":"MultiPolygon","arcs":[[[-1983,-2011,2028,-2016,-2027]]],"properties":{"筆ID":"H000000691","version":"ver1.0","座標系":"任意座標系","測地系判別":null,"地図名":"H20450301214026","地図番号":"区-C-3","縮尺分母":"600","市区町村コード":"01214","市区町村名":"稚内市","大字コード":"031","丁目コード":"001","小字コード":"0000","予備コード":"00","大字名":"緑","丁目名":"１丁目","小字名":null,"予備名":null,"地番":"91-3","精度区分":null,"座標値種別":"図上測量","筆界未定構成筆":null,"代表点緯度":-130.934,"代表点経度":1800.632953192}},{"type":"MultiPolygon","arcs":[[[2029,2030,-2003]]],"properties":{"筆ID":"H000000692","version":"ver1.0","座標系":"任意座標系","測地系判別":null,"地図名":"H20450301214026","地図番号":"区-C-3","縮尺分母":"600","市区町村コード":"01214","市区町村名":"稚内市","大字コード":"031","丁目コード":"001","小字コード":"0000","予備コード":"00","大字名":"緑","丁目名":"１丁目","小字名":null,"予備名":null,"地番":"33-5","精度区分":null,"座標値種別":"図上測量","筆界未定構成筆":null,"代表点緯度":-92.2325,"代表点経度":1840.674950938}},{"type":"MultiPolygon","arcs":[[[-2030,-2002,2031,-1998,2032]]],"properties":{"筆ID":"H000000693","version":"ver1.0","座標系":"任意座標系","測地系判別":null,"地図名":"H20450301214026","地図番号":"区-C-3","縮尺分母":"600","市区町村コード":"01214","市区町村名":"稚内市","大字コード":"031","丁目コード":"001","小字コード":"0000","予備コード":"00","大字名":"緑","丁目名":"１丁目","小字名":null,"予備名":null,"地番":"33-4","精度区分":null,"座標値種別":"図上測量","筆界未定構成筆":null,"代表点緯度":-100.347,"代表点経度":1847.969346053}},{"type":"MultiPolygon","arcs":[[[-1997,-2028,-2004,-2031,-2033]]],"properties":{"筆ID":"H000000694","version":"ver1.0","座標系":"任意座標系","測地系判別":null,"地図名":"H20450301214026","地図番号":"区-C-3","縮尺分母":"600","市区町村コード":"01214","市区町村名":"稚内市","大字コード":"031","丁目コード":"001","小字コード":"0000","予備コード":"00","大字名":"緑","丁目名":"１丁目","小字名":null,"予備名":null,"地番":"33-3","精度区分":null,"座標値種別":"図上測量","筆界未定構成筆":null,"代表点緯度":-105.0515,"代表点経度":1827.799837036}},{"type":"MultiPolygon","arcs":[[[-2032,-2001,2033,-1999]]],"properties":{"筆ID":"H000000695","version":"ver1.0","座標系":"任意座標系","測地系判別":null,"地図名":"H20450301214026","地図番号":"区-C-3","縮尺分母":"600","市区町村コード":"01214","市区町村名":"稚内市","大字コード":"031","丁目コード":"001","小字コード":"0000","予備コード":"00","大字名":"緑","丁目名":"１丁目","小字名":null,"予備名":null,"地番":"33-6","精度区分":null,"座標値種別":"図上測量","筆界未定構成筆":null,"代表点緯度":-90.724,"代表点経度":1859.10782439}},{"type":"MultiPolygon","arcs":[[[-2034,-2000]]],"properties":{"筆ID":"H000000696","version":"ver1.0","座標系":"任意座標系","測地系判別":null,"地図名":"H20450301214026","地図番号":"区-C-3","縮尺分母":"600","市区町村コード":"01214","市区町村名":"稚内市","大字コード":"031","丁目コード":"001","小字コード":"0000","予備コード":"00","大字名":"緑","丁目名":"１丁目","小字名":null,"予備名":null,"地番":"33-7","精度区分":null,"座標値種別":"図上測量","筆界未定構成筆":null,"代表点緯度":-81.498,"代表点経度":1855.046877778}},{"type":"MultiPolygon","arcs":[[[-1990,-2024,-1843,2034]]],"properties":{"筆ID":"H000000697","version":"ver1.0","座標系":"任意座標系","測地系判別":null,"地図名":"H20450301214026","地図番号":"区-C-3","縮尺分母":"600","市区町村コード":"01214","市区町村名":"稚内市","大字コード":"031","丁目コード":"001","小字コード":"0000","予備コード":"00","大字名":"緑","丁目名":"１丁目","小字名":null,"予備名":null,"地番":"31-4","精度区分":null,"座標値種別":"図上測量","筆界未定構成筆":null,"代表点緯度":-108.316,"代表点経度":1874.060177091}},{"type":"MultiPolygon","arcs":[[[-2022,-1991,-2035,-1842,2035]]],"properties":{"筆ID":"H000000698","version":"ver1.0","座標系":"任意座標系","測地系判別":null,"地図名":"H20450301214026","地図番号":"区-C-3","縮尺分母":"600","市区町村コード":"01214","市区町村名":"稚内市","大字コード":"031","丁目コード":"001","小字コード":"0000","予備コード":"00","大字名":"緑","丁目名":"１丁目","小字名":null,"予備名":null,"地番":"31-5","精度区分":null,"座標値種別":"図上測量","筆界未定構成筆":null,"代表点緯度":-115.161,"代表点経度":1862.685436604}},{"type":"MultiPolygon","arcs":[[[-2023,-2036,-1841,2036]]],"properties":{"筆ID":"H000000699","version":"ver1.0","座標系":"任意座標系","測地系判別":null,"地図名":"H20450301214026","地図番号":"区-C-3","縮尺分母":"600","市区町村コード":"01214","市区町村名":"稚内市","大字コード":"031","丁目コード":"001","小字コード":"0000","予備コード":"00","大字名":"緑","丁目名":"１丁目","小字名":null,"予備名":null,"地番":"31-6","精度区分":null,"座標値種別":"図上測量","筆界未定構成筆":null,"代表点緯度":-128.048,"代表点経度":1855.434924644}},{"type":"MultiPolygon","arcs":[[[2037,-1993,-2021,-2037,-1840]]],"properties":{"筆ID":"H000000700","version":"ver1.0","座標系":"任意座標系","測地系判別":null,"地図名":"H20450301214026","地図番号":"区-C-3","縮尺分母":"600","市区町村コード":"01214","市区町村名":"稚内市","大字コード":"031","丁目コード":"001","小字コード":"0000","予備コード":"00","大字名":"緑","丁目名":"１丁目","小字名":null,"予備名":null,"地番":"31-8","精度区分":null,"座標値種別":"図上測量","筆界未定構成筆":null,"代表点緯度":-131.785,"代表点経度":1841.98810277}},{"type":"MultiPolygon","arcs":[[[-1994,-2038,-1839,-2020]]],"properties":{"筆ID":"H000000701","version":"ver1.0","座標系":"任意座標系","測地系判別":null,"地図名":"H20450301214026","地図番号":"区-C-3","縮尺分母":"600","市区町村コード":"01214","市区町村名":"稚内市","大字コード":"031","丁目コード":"001","小字コード":"0000","予備コード":"00","大字名":"緑","丁目名":"１丁目","小字名":null,"予備名":null,"地番":"31-9","精度区分":null,"座標値種別":"図上測量","筆界未定構成筆":null,"代表点緯度":-138.6615,"代表点経度":1830.630874006}},{"type":"MultiPolygon","arcs":[[[2038,-1967,-1982,-1977,2039]]],"properties":{"筆ID":"H000000702","version":"ver1.0","座標系":"任意座標系","測地系判別":null,"地図名":"H20450301214026","地図番号":"区-C-3","縮尺分母":"600","市区町村コード":"01214","市区町村名":"稚内市","大字コード":"035","丁目コード":"001","小字コード":"0000","予備コード":"00","大字名":"こまどり","丁目名":"１丁目","小字名":null,"予備名":null,"地番":"28-3","精度区分":null,"座標値種別":"図上測量","筆界未定構成筆":null,"代表点緯度":-66.7115,"代表点経度":1901.645477308}},{"type":"MultiPolygon","arcs":[[[2040,2041,2042,-2040,-1980,2043]]],"properties":{"筆ID":"H000000703","version":"ver1.0","座標系":"任意座標系","測地系判別":null,"地図名":"H20450301214026","地図番号":"区-C-3","縮尺分母":"600","市区町村コード":"01214","市区町村名":"稚内市","大字コード":"035","丁目コード":"001","小字コード":"0000","予備コード":"00","大字名":"こまどり","丁目名":"１丁目","小字名":null,"予備名":null,"地番":"28-7","精度区分":null,"座標値種別":"図上測量","筆界未定構成筆":null,"代表点緯度":-55.551,"代表点経度":1919.406618047}},{"type":"MultiPolygon","arcs":[[[-1970,-1968,-2039,-2043,2044]]],"properties":{"筆ID":"H000000704","version":"ver1.0","座標系":"任意座標系","測地系判別":null,"地図名":"H20450301214026","地図番号":"区-C-3","縮尺分母":"600","市区町村コード":"01214","市区町村名":"稚内市","大字コード":"035","丁目コード":"001","小字コード":"0000","予備コード":"00","大字名":"こまどり","丁目名":"１丁目","小字名":null,"予備名":null,"地番":"28-4","精度区分":null,"座標値種別":"図上測量","筆界未定構成筆":null,"代表点緯度":-72.485,"代表点経度":1908.981300926}},{"type":"MultiPolygon","arcs":[[[2045,-1976,-1849,2046]]],"properties":{"筆ID":"H000000705","version":"ver1.0","座標系":"任意座標系","測地系判別":null,"地図名":"H20450301214026","地図番号":"区-C-3","縮尺分母":"600","市区町村コード":"01214","市区町村名":"稚内市","大字コード":"035","丁目コード":"001","小字コード":"0000","予備コード":"00","大字名":"こまどり","丁目名":"１丁目","小字名":null,"予備名":null,"地番":"28-9","精度区分":null,"座標値種別":"図上測量","筆界未定構成筆":null,"代表点緯度":-71.5185,"代表点経度":1932.737969381}},{"type":"MultiPolygon","arcs":[[[-2046,2047,-2041,2048,-1974]]],"properties":{"筆ID":"H000000706","version":"ver1.0","座標系":"任意座標系","測地系判別":null,"地図名":"H20450301214026","地図番号":"区-C-3","縮尺分母":"600","市区町村コード":"01214","市区町村名":"稚内市","大字コード":"035","丁目コード":"001","小字コード":"0000","予備コード":"00","大字名":"こまどり","丁目名":"１丁目","小字名":null,"予備名":null,"地番":"28-8","精度区分":null,"座標値種別":"図上測量","筆界未定構成筆":null,"代表点緯度":-57.4905,"代表点経度":1930.998037476}},{"type":"MultiPolygon","arcs":[[[-1971,-2045,-2042,-2048,-2047,-1848]]],"properties":{"筆ID":"H000000707","version":"ver1.0","座標系":"任意座標系","測地系判別":null,"地図名":"H20450301214026","地図番号":"区-C-3","縮尺分母":"600","市区町村コード":"01214","市区町村名":"稚内市","大字コード":"035","丁目コード":"001","小字コード":"0000","予備コード":"00","大字名":"こまどり","丁目名":"１丁目","小字名":null,"予備名":null,"地番":"28-6","精度区分":null,"座標値種別":"図上測量","筆界未定構成筆":null,"代表点緯度":-77.4925,"代表点経度":1924.502170844}},{"type":"MultiPolygon","arcs":[[[-2010,-2014,-2017,-2029]]],"properties":{"筆ID":"H000000708","version":"ver1.0","座標系":"任意座標系","測地系判別":null,"地図名":"H20450301214026","地図番号":"区-C-3","縮尺分母":"600","市区町村コード":"01214","市区町村名":"稚内市","大字コード":"031","丁目コード":"001","小字コード":"0000","予備コード":"00","大字名":"緑","丁目名":"１丁目","小字名":null,"予備名":null,"地番":"91-4","精度区分":null,"座標値種別":"図上測量","筆界未定構成筆":null,"代表点緯度":-126.688,"代表点経度":1794.516535144}},{"type":"MultiPolygon","arcs":[[[2049,2050,2051,2052,2053,2054,2055,2056,2057,2058,-1581,-1588,-1593,-1598,-1606,-1609,-1612,-1718,-1616,-1618,2059,2060,2061]]],"properties":{"筆ID":"H000000709","version":"ver1.0","座標系":"任意座標系","測地系判別":null,"地図名":"H20450301214026","地図番号":"区-C-4","縮尺分母":"600","市区町村コード":"01214","市区町村名":"稚内市","大字コード":"031","丁目コード":"001","小字コード":"0000","予備コード":"00","大字名":"緑","丁目名":"１丁目","小字名":null,"予備名":null,"地番":"70-1","精度区分":null,"座標値種別":"図上測量","筆界未定構成筆":null,"代表点緯度":185.146,"代表点経度":1654.779571845}},{"type":"MultiPolygon","arcs":[[[2062,2063,2064,-1776]]],"properties":{"筆ID":"H000000710","version":"ver1.0","座標系":"任意座標系","測地系判別":null,"地図名":"H20450301214026","地図番号":"区-C-2","縮尺分母":"600","市区町村コード":"01214","市区町村名":"稚内市","大字コード":"031","丁目コード":"001","小字コード":"0000","予備コード":"00","大字名":"緑","丁目名":"１丁目","小字名":null,"予備名":null,"地番":"25-5","精度区分":null,"座標値種別":"図上測量","筆界未定構成筆":null,"代表点緯度":35.682,"代表点経度":1726.39288119}},{"type":"MultiPolygon","arcs":[[[-2065,2065,2066,2067,2068,2069,2070,-1777]]],"properties":{"筆ID":"H000000711","version":"ver1.0","座標系":"任意座標系","測地系判別":null,"地図名":"H20450301214026","地図番号":"区-C-2","縮尺分母":"600","市区町村コード":"01214","市区町村名":"稚内市","大字コード":"031","丁目コード":"001","小字コード":"0000","予備コード":"00","大字名":"緑","丁目名":"１丁目","小字名":null,"予備名":null,"地番":"25-3","精度区分":null,"座標値種別":"図上測量","筆界未定構成筆":null,"代表点緯度":57.052,"代表点経度":1762.687727185}},{"type":"MultiPolygon","arcs":[[[2071,-1779,2072,2073,2074,2075,2076,2077,2078,2079,2080,2081,2082,2083,2084]]],"properties":{"筆ID":"H000000712","version":"ver1.0","座標系":"任意座標系","測地系判別":null,"地図名":"H20450301214026","地図番号":"区-C-2","縮尺分母":"600","市区町村コード":"01214","市区町村名":"稚内市","大字コード":"031","丁目コード":"001","小字コード":"0000","予備コード":"00","大字名":"緑","丁目名":"１丁目","小字名":null,"予備名":null,"地番":"81","精度区分":null,"座標値種別":"図上測量","筆界未定構成筆":null,"代表点緯度":46.805,"代表点経度":1828.770667784}},{"type":"MultiPolygon","arcs":[[[2085,2086,2087,2088,-2075]]],"properties":{"筆ID":"H000000713","version":"ver1.0","座標系":"任意座標系","測地系判別":null,"地図名":"H20450301214026","地図番号":"区-C-2","縮尺分母":"600","市区町村コード":"01214","市区町村名":"稚内市","大字コード":"031","丁目コード":"001","小字コード":"0000","予備コード":"00","大字名":"緑","丁目名":"１丁目","小字名":null,"予備名":null,"地番":"25-6","精度区分":null,"座標値種別":"図上測量","筆界未定構成筆":null,"代表点緯度":62.264,"代表点経度":1805.199303973}},{"type":"MultiPolygon","arcs":[[[-2089,2089,2090,2091,2092,2093,2094,2095,2096,2097,2098,2099,2100,2101,2102,2103,2104,2105,2106,2107,2108,2109,2110,2111,2112,2113,2114,2115,2116,2117,2118,-2076]]],"properties":{"筆ID":"H000000714","version":"ver1.0","座標系":"任意座標系","測地系判別":null,"地図名":"H20450301214026","地図番号":"区-C-2","縮尺分母":"600","市区町村コード":"01214","市区町村名":"稚内市","大字コード":"031","丁目コード":"001","小字コード":"0000","予備コード":"00","大字名":"緑","丁目名":"１丁目","小字名":null,"予備名":null,"地番":"82","精度区分":null,"座標値種別":"図上測量","筆界未定構成筆":null,"代表点緯度":111.1605,"代表点経度":1729.956936081}},{"type":"MultiPolygon","arcs":[[[-2119,2119,2120,2121,-2077]]],"properties":{"筆ID":"H000000715","version":"ver1.0","座標系":"任意座標系","測地系判別":null,"地図名":"H20450301214026","地図番号":"区-C-2","縮尺分母":"600","市区町村コード":"01214","市区町村名":"稚内市","大字コード":"031","丁目コード":"001","小字コード":"0000","予備コード":"00","大字名":"緑","丁目名":"１丁目","小字名":null,"予備名":null,"地番":"22-13","精度区分":null,"座標値種別":"図上測量","筆界未定構成筆":null,"代表点緯度":64.9205,"代表点経度":1835.578236338}},{"type":"MultiPolygon","arcs":[[[2122,2123,-2079]]],"properties":{"筆ID":"H000000716","version":"ver1.0","座標系":"任意座標系","測地系判別":null,"地図名":"H20450301214026","地図番号":"区-C-2","縮尺分母":"600","市区町村コード":"01214","市区町村名":"稚内市","大字コード":"031","丁目コード":"001","小字コード":"0000","予備コード":"00","大字名":"緑","丁目名":"１丁目","小字名":null,"予備名":null,"地番":"22-15","精度区分":null,"座標値種別":"図上測量","筆界未定構成筆":null,"代表点緯度":65.0775,"代表点経度":1857.609790311}},{"type":"MultiPolygon","arcs":[[[-2080,-2124,2124,2125,2126,2127]]],"properties":{"筆ID":"H000000717","version":"ver1.0","座標系":"任意座標系","測地系判別":null,"地図名":"H20450301214026","地図番号":"区-C-2","縮尺分母":"600","市区町村コード":"01214","市区町村名":"稚内市","大字コード":"031","丁目コード":"001","小字コード":"0000","予備コード":"00","大字名":"緑","丁目名":"１丁目","小字名":null,"予備名":null,"地番":"70-17","精度区分":null,"座標値種別":"図上測量","筆界未定構成筆":null,"代表点緯度":64.729,"代表点経度":1862.340129374}},{"type":"MultiPolygon","arcs":[[[2128,2129,2130,2131]]],"properties":{"筆ID":"H000000718","version":"ver1.0","座標系":"任意座標系","測地系判別":null,"地図名":"H20450301214026","地図番号":"区-C-2","縮尺分母":"600","市区町村コード":"01214","市区町村名":"稚内市","大字コード":"031","丁目コード":"001","小字コード":"0000","予備コード":"00","大字名":"緑","丁目名":"１丁目","小字名":null,"予備名":null,"地番":"70-15","精度区分":null,"座標値種別":"図上測量","筆界未定構成筆":null,"代表点緯度":84.2545,"代表点経度":1830.614271701}},{"type":"MultiPolygon","arcs":[[[-2121,2132,2133,-2129,2134]]],"properties":{"筆ID":"H000000719","version":"ver1.0","座標系":"任意座標系","測地系判別":null,"地図名":"H20450301214026","地図番号":"区-C-2","縮尺分母":"600","市区町村コード":"01214","市区町村名":"稚内市","大字コード":"031","丁目コード":"001","小字コード":"0000","予備コード":"00","大字名":"緑","丁目名":"１丁目","小字名":null,"予備名":null,"地番":"22-14","精度区分":null,"座標値種別":"図上測量","筆界未定構成筆":null,"代表点緯度":78.168,"代表点経度":1833.007947466}},{"type":"MultiPolygon","arcs":[[[2135,2136,2137,2138]]],"properties":{"筆ID":"H000000720","version":"ver1.0","座標系":"任意座標系","測地系判別":null,"地図名":"H20450301214026","地図番号":"区-C-2","縮尺分母":"600","市区町村コード":"01214","市区町村名":"稚内市","大字コード":"031","丁目コード":"001","小字コード":"0000","予備コード":"00","大字名":"緑","丁目名":"１丁目","小字名":null,"予備名":null,"地番":"70-12","精度区分":null,"座標値種別":"図上測量","筆界未定構成筆":null,"代表点緯度":100.9305,"代表点経度":1802.940416185}},{"type":"MultiPolygon","arcs":[[[2139,-2115,2140,2141,-2136]]],"properties":{"筆ID":"H000000721","version":"ver1.0","座標系":"任意座標系","測地系判別":null,"地図名":"H20450301214026","地図番号":"区-C-2","縮尺分母":"600","市区町村コード":"01214","市区町村名":"稚内市","大字コード":"031","丁目コード":"001","小字コード":"0000","予備コード":"00","大字名":"緑","丁目名":"１丁目","小字名":null,"予備名":null,"地番":"22-29","精度区分":null,"座標値種別":"図上測量","筆界未定構成筆":null,"代表点緯度":94.176,"代表点経度":1799.034008337}},{"type":"MultiPolygon","arcs":[[[2142,2143,2144,-2137]]],"properties":{"筆ID":"H000000722","version":"ver1.0","座標系":"任意座標系","測地系判別":null,"地図名":"H20450301214026","地図番号":"区-C-2","縮尺分母":"600","市区町村コード":"01214","市区町村名":"稚内市","大字コード":"031","丁目コード":"001","小字コード":"0000","予備コード":"00","大字名":"緑","丁目名":"１丁目","小字名":null,"予備名":null,"地番":"70-11","精度区分":null,"座標値種別":"図上測量","筆界未定構成筆":null,"代表点緯度":105.8625,"代表点経度":1795.24763501}},{"type":"MultiPolygon","arcs":[[[2145,2146,2147,-2143,-2142]]],"properties":{"筆ID":"H000000723","version":"ver1.0","座標系":"任意座標系","測地系判別":null,"地図名":"H20450301214026","地図番号":"区-C-2","縮尺分母":"600","市区町村コード":"01214","市区町村名":"稚内市","大字コード":"031","丁目コード":"001","小字コード":"0000","予備コード":"00","大字名":"緑","丁目名":"１丁目","小字名":null,"予備名":null,"地番":"22-18","精度区分":null,"座標値種別":"図上測量","筆界未定構成筆":null,"代表点緯度":99.853,"代表点経度":1791.395260631}},{"type":"MultiPolygon","arcs":[[[2148,2149,2150,-2144]]],"properties":{"筆ID":"H000000724","version":"ver1.0","座標系":"任意座標系","測地系判別":null,"地図名":"H20450301214026","地図番号":"区-C-2","縮尺分母":"600","市区町村コード":"01214","市区町村名":"稚内市","大字コード":"031","丁目コード":"001","小字コード":"0000","予備コード":"00","大字名":"緑","丁目名":"１丁目","小字名":null,"予備名":null,"地番":"70-10","精度区分":null,"座標値種別":"図上測量","筆界未定構成筆":null,"代表点緯度":113.247,"代表点経度":1783.563007056}},{"type":"MultiPolygon","arcs":[[[2151,-2149,-2148,2152]]],"properties":{"筆ID":"H000000725","version":"ver1.0","座標系":"任意座標系","測地系判別":null,"地図名":"H20450301214026","地図番号":"区-C-2","縮尺分母":"600","市区町村コード":"01214","市区町村名":"稚内市","大字コード":"031","丁目コード":"001","小字コード":"0000","予備コード":"00","大字名":"緑","丁目名":"１丁目","小字名":null,"予備名":null,"地番":"22-27","精度区分":null,"座標値種別":"図上測量","筆界未定構成筆":null,"代表点緯度":106.7375,"代表点経度":1779.546127275}},{"type":"MultiPolygon","arcs":[[[2153,2154,2155,-2150]]],"properties":{"筆ID":"H000000726","version":"ver1.0","座標系":"任意座標系","測地系判別":null,"地図名":"H20450301214026","地図番号":"区-C-2","縮尺分母":"600","市区町村コード":"01214","市区町村名":"稚内市","大字コード":"031","丁目コード":"001","小字コード":"0000","予備コード":"00","大字名":"緑","丁目名":"１丁目","小字名":null,"予備名":null,"地番":"70-9","精度区分":null,"座標値種別":"図上測量","筆界未定構成筆":null,"代表点緯度":121.351,"代表点経度":1770.608847442}},{"type":"MultiPolygon","arcs":[[[-1093,2156,2157,-2126,2158,-2131,2159,2160,-2138,-2145,-2151,-2156,2161,2162,2163,2164]]],"properties":{"筆ID":"H000000727","version":"ver1.0","座標系":"任意座標系","測地系判別":null,"地図名":"H20450301214026","地図番号":"区-C-2","縮尺分母":"600","市区町村コード":"01214","市区町村名":"稚内市","大字コード":"031","丁目コード":"001","小字コード":"0000","予備コード":"00","大字名":"緑","丁目名":"１丁目","小字名":null,"予備名":null,"地番":"70-5","精度区分":null,"座標値種別":"図上測量","筆界未定構成筆":null,"代表点緯度":94.8425,"代表点経度":1821.157536026}},{"type":"MultiPolygon","arcs":[[[-2155,2165,2166,-2162]]],"properties":{"筆ID":"H000000728","version":"ver1.0","座標系":"任意座標系","測地系判別":null,"地図名":"H20450301214026","地図番号":"区-C-2","縮尺分母":"600","市区町村コード":"01214","市区町村名":"稚内市","大字コード":"031","丁目コード":"001","小字コード":"0000","予備コード":"00","大字名":"緑","丁目名":"１丁目","小字名":null,"予備名":null,"地番":"70-8","精度区分":null,"座標値種別":"図上測量","筆界未定構成筆":null,"代表点緯度":130.8265,"代表点経度":1759.124610445}},{"type":"MultiPolygon","arcs":[[[-2167,2167,-2061,2168,-2163]]],"properties":{"筆ID":"H000000729","version":"ver1.0","座標系":"任意座標系","測地系判別":null,"地図名":"H20450301214026","地図番号":"区-C-2","縮尺分母":"600","市区町村コード":"01214","市区町村名":"稚内市","大字コード":"031","丁目コード":"001","小字コード":"0000","予備コード":"00","大字名":"緑","丁目名":"１丁目","小字名":null,"予備名":null,"地番":"70-7","精度区分":null,"座標値種別":"図上測量","筆界未定構成筆":null,"代表点緯度":135.4665,"代表点経度":1750.356623109}},{"type":"MultiPolygon","arcs":[[[2169,2170,-1621,-1725,2171,2172,-2164]]],"properties":{"筆ID":"H000000730","version":"ver1.0","座標系":"任意座標系","測地系判別":null,"地図名":"H20450301214026","地図番号":"区-C-2","縮尺分母":"600","市区町村コード":"01214","市区町村名":"稚内市","大字コード":"031","丁目コード":"001","小字コード":"0000","予備コード":"00","大字名":"緑","丁目名":"１丁目","小字名":null,"予備名":null,"地番":"12-4","精度区分":null,"座標値種別":"図上測量","筆界未定構成筆":null,"代表点緯度":142.031,"代表点経度":1763.414860566}},{"type":"MultiPolygon","arcs":[[[-2169,2173,-2170]]],"properties":{"筆ID":"H000000731","version":"ver1.0","座標系":"任意座標系","測地系判別":null,"地図名":"H20450301214026","地図番号":"区-C-2","縮尺分母":"600","市区町村コード":"01214","市区町村名":"稚内市","大字コード":"031","丁目コード":"001","小字コード":"0000","予備コード":"00","大字名":"緑","丁目名":"１丁目","小字名":null,"予備名":null,"地番":"12-6","精度区分":null,"座標値種別":"図上測量","筆界未定構成筆":null,"代表点緯度":138.8825,"代表点経度":1752.780845188}},{"type":"MultiPolygon","arcs":[[[-1617,-2171,-2174,-2060]]],"properties":{"筆ID":"H000000732","version":"ver1.0","座標系":"任意座標系","測地系判別":null,"地図名":"H20450301214026","地図番号":"区-C-2","縮尺分母":"600","市区町村コード":"01214","市区町村名":"稚内市","大字コード":"031","丁目コード":"001","小字コード":"0000","予備コード":"00","大字名":"緑","丁目名":"１丁目","小字名":null,"予備名":null,"地番":"12-3","精度区分":null,"座標値種別":"図上測量","筆界未定構成筆":null,"代表点緯度":149.5415,"代表点経度":1738.672116522}},{"type":"MultiPolygon","arcs":[[[2174,-2050,2175]]],"properties":{"筆ID":"H000000733","version":"ver1.0","座標系":"任意座標系","測地系判別":null,"地図名":"H20450301214026","地図番号":"区-C-2","縮尺分母":"600","市区町村コード":"01214","市区町村名":"稚内市","大字コード":"031","丁目コード":"001","小字コード":"0000","予備コード":"00","大字名":"緑","丁目名":"１丁目","小字名":null,"予備名":null,"地番":"22-31","精度区分":null,"座標値種別":"図上測量","筆界未定構成筆":null,"代表点緯度":136.8555,"代表点経度":1722.980159685}},{"type":"MultiPolygon","arcs":[[[2176,-2107,2177,-2052]]],"properties":{"筆ID":"H000000734","version":"ver1.0","座標系":"任意座標系","測地系判別":null,"地図名":"H20450301214026","地図番号":"区-C-2","縮尺分母":"600","市区町村コード":"01214","市区町村名":"稚内市","大字コード":"031","丁目コード":"001","小字コード":"0000","予備コード":"00","大字名":"緑","丁目名":"１丁目","小字名":null,"予備名":null,"地番":"22-5","精度区分":null,"座標値種別":"図上測量","筆界未定構成筆":null,"代表点緯度":142.991,"代表点経度":1700.526845633}},{"type":"MultiPolygon","arcs":[[[2178,-2105,2179,-2054]]],"properties":{"筆ID":"H000000735","version":"ver1.0","座標系":"任意座標系","測地系判別":null,"地図名":"H20450301214026","地図番号":"区-C-2","縮尺分母":"600","市区町村コード":"01214","市区町村名":"稚内市","大字コード":"031","丁目コード":"001","小字コード":"0000","予備コード":"00","大字名":"緑","丁目名":"１丁目","小字名":null,"予備名":null,"地番":"22-3","精度区分":null,"座標値種別":"図上測量","筆界未定構成筆":null,"代表点緯度":159.176,"代表点経度":1668.138129614}},{"type":"MultiPolygon","arcs":[[[2180,-2103,2181,-2056]]],"properties":{"筆ID":"H000000736","version":"ver1.0","座標系":"任意座標系","測地系判別":null,"地図名":"H20450301214026","地図番号":"区-C-2","縮尺分母":"600","市区町村コード":"01214","市区町村名":"稚内市","大字コード":"031","丁目コード":"001","小字コード":"0000","予備コード":"00","大字名":"緑","丁目名":"１丁目","小字名":null,"予備名":null,"地番":"22-1","精度区分":null,"座標値種別":"図上測量","筆界未定構成筆":null,"代表点緯度":176.5995,"代表点経度":1636.279693068}},{"type":"MultiPolygon","arcs":[[[-2101,2182,2183,2184]]],"properties":{"筆ID":"H000000737","version":"ver1.0","座標系":"任意座標系","測地系判別":null,"地図名":"H20450301214026","地図番号":"区-C-2","縮尺分母":"600","市区町村コード":"01214","市区町村名":"稚内市","大字コード":"031","丁目コード":"001","小字コード":"0000","予備コード":"00","大字名":"緑","丁目名":"１丁目","小字名":null,"予備名":null,"地番":"23-6","精度区分":null,"座標値種別":"図上測量","筆界未定構成筆":null,"代表点緯度":149.8335,"代表点経度":1612.913841211}},{"type":"MultiPolygon","arcs":[[[2185,2186,2187,2188]]],"properties":{"筆ID":"H000000738","version":"ver1.0","座標系":"任意座標系","測地系判別":null,"地図名":"H20450301214026","地図番号":"区-C-2","縮尺分母":"600","市区町村コード":"01214","市区町村名":"稚内市","大字コード":"031","丁目コード":"001","小字コード":"0000","予備コード":"00","大字名":"緑","丁目名":"１丁目","小字名":null,"予備名":null,"地番":"23-3","精度区分":null,"座標値種別":"図上測量","筆界未定構成筆":null,"代表点緯度":112.0415,"代表点経度":1637.033104131}},{"type":"MultiPolygon","arcs":[[[-2188,2189,2190,-2098,2191,2192,2193,2194,2195]]],"properties":{"筆ID":"H000000739","version":"ver1.0","座標系":"任意座標系","測地系判別":null,"地図名":"H20450301214026","地図番号":"区-C-2","縮尺分母":"600","市区町村コード":"01214","市区町村名":"稚内市","大字コード":"031","丁目コード":"001","小字コード":"0000","予備コード":"00","大字名":"緑","丁目名":"１丁目","小字名":null,"予備名":null,"地番":"83","精度区分":null,"座標値種別":"図上測量","筆界未定構成筆":null,"代表点緯度":113.7625,"代表点経度":1666.553838657}},{"type":"MultiPolygon","arcs":[[[2196,2197,-2195,2198]]],"properties":{"筆ID":"H000000740","version":"ver1.0","座標系":"任意座標系","測地系判別":null,"地図名":"H20450301214026","地図番号":"区-C-2","縮尺分母":"600","市区町村コード":"01214","市区町村名":"稚内市","大字コード":"031","丁目コード":"001","小字コード":"0000","予備コード":"00","大字名":"緑","丁目名":"１丁目","小字名":null,"予備名":null,"地番":"24-8","精度区分":null,"座標値種別":"図上測量","筆界未定構成筆":null,"代表点緯度":84.9725,"代表点経度":1654.991803065}},{"type":"MultiPolygon","arcs":[[[-2197,2199,2200,2201]]],"properties":{"筆ID":"H000000741","version":"ver1.0","座標系":"任意座標系","測地系判別":null,"地図名":"H20450301214026","地図番号":"区-C-2","縮尺分母":"600","市区町村コード":"01214","市区町村名":"稚内市","大字コード":"031","丁目コード":"001","小字コード":"0000","予備コード":"00","大字名":"緑","丁目名":"１丁目","小字名":null,"予備名":null,"地番":"24-9","精度区分":null,"座標値種別":"図上測量","筆界未定構成筆":null,"代表点緯度":65.55,"代表点経度":1668.563780019}},{"type":"MultiPolygon","arcs":[[[2202,-2201,2203,2204,2205,2206,-2095,2207,-2066,-2064]]],"properties":{"筆ID":"H000000742","version":"ver1.0","座標系":"任意座標系","測地系判別":null,"地図名":"H20450301214026","地図番号":"区-C-2","縮尺分母":"600","市区町村コード":"01214","市区町村名":"稚内市","大字コード":"031","丁目コード":"001","小字コード":"0000","予備コード":"00","大字名":"緑","丁目名":"１丁目","小字名":null,"予備名":null,"地番":"84","精度区分":null,"座標値種別":"図上測量","筆界未定構成筆":null,"代表点緯度":75.013,"代表点経度":1706.528769486}},{"type":"MultiPolygon","arcs":[[[-2067,-2208,-2094,2208]]],"properties":{"筆ID":"H000000743","version":"ver1.0","座標系":"任意座標系","測地系判別":null,"地図名":"H20450301214026","地図番号":"区-C-2","縮尺分母":"600","市区町村コード":"01214","市区町村名":"稚内市","大字コード":"031","丁目コード":"001","小字コード":"0000","予備コード":"00","大字名":"緑","丁目名":"１丁目","小字名":null,"予備名":null,"地番":"25-12","精度区分":null,"座標値種別":"図上測量","筆界未定構成筆":null,"代表点緯度":95.3015,"代表点経度":1742.578352369}},{"type":"MultiPolygon","arcs":[[[2209,-2070,2210,2211]]],"properties":{"筆ID":"H000000744","version":"ver1.0","座標系":"任意座標系","測地系判別":null,"地図名":"H20450301214026","地図番号":"区-C-2","縮尺分母":"600","市区町村コード":"01214","市区町村名":"稚内市","大字コード":"031","丁目コード":"001","小字コード":"0000","予備コード":"00","大字名":"緑","丁目名":"１丁目","小字名":null,"予備名":null,"地番":"25-8","精度区分":null,"座標値種別":"図上測量","筆界未定構成筆":null,"代表点緯度":61.6625,"代表点経度":1768.269382406}},{"type":"MultiPolygon","arcs":[[[-2210,2212,-2087,2213,-2073,-1778,-2071]]],"properties":{"筆ID":"H000000745","version":"ver1.0","座標系":"任意座標系","測地系判別":null,"地図名":"H20450301214026","地図番号":"区-C-2","縮尺分母":"600","市区町村コード":"01214","市区町村名":"稚内市","大字コード":"031","丁目コード":"001","小字コード":"0000","予備コード":"00","大字名":"緑","丁目名":"１丁目","小字名":null,"予備名":null,"地番":"2234-1","精度区分":null,"座標値種別":"図上測量","筆界未定構成筆":null,"代表点緯度":50.9835,"代表点経度":1795.892213609}},{"type":"MultiPolygon","arcs":[[[2214,2215,-2211,-2069]]],"properties":{"筆ID":"H000000746","version":"ver1.0","座標系":"任意座標系","測地系判別":null,"地図名":"H20450301214026","地図番号":"区-C-2","縮尺分母":"600","市区町村コード":"01214","市区町村名":"稚内市","大字コード":"031","丁目コード":"001","小字コード":"0000","予備コード":"00","大字名":"緑","丁目名":"１丁目","小字名":null,"予備名":null,"地番":"25-2","精度区分":null,"座標値種別":"図上測量","筆界未定構成筆":null,"代表点緯度":73.3615,"代表点経度":1758.444036808}},{"type":"MultiPolygon","arcs":[[[2216,-2090,-2088,-2213,-2212]]],"properties":{"筆ID":"H000000747","version":"ver1.0","座標系":"任意座標系","測地系判別":null,"地図名":"H20450301214026","地図番号":"区-C-2","縮尺分母":"600","市区町村コード":"01214","市区町村名":"稚内市","大字コード":"031","丁目コード":"001","小字コード":"0000","予備コード":"00","大字名":"緑","丁目名":"１丁目","小字名":null,"予備名":null,"地番":"25-7","精度区分":null,"座標値種別":"図上測量","筆界未定構成筆":null,"代表点緯度":71.546,"代表点経度":1774.913098446}},{"type":"MultiPolygon","arcs":[[[-2216,2217,2218,-2091,-2217]]],"properties":{"筆ID":"H000000748","version":"ver1.0","座標系":"任意座標系","測地系判別":null,"地図名":"H20450301214026","地図番号":"区-C-2","縮尺分母":"600","市区町村コード":"01214","市区町村名":"稚内市","大字コード":"031","丁目コード":"001","小字コード":"0000","予備コード":"00","大字名":"緑","丁目名":"１丁目","小字名":null,"予備名":null,"地番":"25-14","精度区分":null,"座標値種別":"図上測量","筆界未定構成筆":null,"代表点緯度":76.292,"代表点経度":1766.405523807}},{"type":"MultiPolygon","arcs":[[[2219,-2092,-2219]]],"properties":{"筆ID":"H000000749","version":"ver1.0","座標系":"任意座標系","測地系判別":null,"地図名":"H20450301214026","地図番号":"区-C-2","縮尺分母":"600","市区町村コード":"01214","市区町村名":"稚内市","大字コード":"031","丁目コード":"001","小字コード":"0000","予備コード":"00","大字名":"緑","丁目名":"１丁目","小字名":null,"予備名":null,"地番":"25-13","精度区分":null,"座標値種別":"図上測量","筆界未定構成筆":null,"代表点緯度":90.076,"代表点経度":1756.143774108}},{"type":"MultiPolygon","arcs":[[[-2215,-2068,-2209,-2093,-2220,-2218]]],"properties":{"筆ID":"H000000750","version":"ver1.0","座標系":"任意座標系","測地系判別":null,"地図名":"H20450301214026","地図番号":"区-C-2","縮尺分母":"600","市区町村コード":"01214","市区町村名":"稚内市","大字コード":"031","丁目コード":"001","小字コード":"0000","予備コード":"00","大字名":"緑","丁目名":"１丁目","小字名":null,"予備名":null,"地番":"25-11","精度区分":null,"座標値種別":"図上測量","筆界未定構成筆":null,"代表点緯度":87.6175,"代表点経度":1748.643999369}},{"type":"MultiPolygon","arcs":[[[2220,2221,-2096,-2207]]],"properties":{"筆ID":"H000000751","version":"ver1.0","座標系":"任意座標系","測地系判別":null,"地図名":"H20450301214026","地図番号":"区-C-2","縮尺分母":"600","市区町村コード":"01214","市区町村名":"稚内市","大字コード":"031","丁目コード":"001","小字コード":"0000","予備コード":"00","大字名":"緑","丁目名":"１丁目","小字名":null,"予備名":null,"地番":"24-1","精度区分":null,"座標値種別":"図上測量","筆界未定構成筆":null,"代表点緯度":100.444,"代表点経度":1723.762637224}},{"type":"MultiPolygon","arcs":[[[2222,2223,-2192,-2097,-2222]]],"properties":{"筆ID":"H000000752","version":"ver1.0","座標系":"任意座標系","測地系判別":null,"地図名":"H20450301214026","地図番号":"区-C-2","縮尺分母":"600","市区町村コード":"01214","市区町村名":"稚内市","大字コード":"031","丁目コード":"001","小字コード":"0000","予備コード":"00","大字名":"緑","丁目名":"１丁目","小字名":null,"予備名":null,"地番":"24-3","精度区分":null,"座標値種別":"図上測量","筆界未定構成筆":null,"代表点緯度":111.0975,"代表点経度":1698.189395048}},{"type":"MultiPolygon","arcs":[[[2224,2225,2226,-2205]]],"properties":{"筆ID":"H000000753","version":"ver1.0","座標系":"任意座標系","測地系判別":null,"地図名":"H20450301214026","地図番号":"区-C-2","縮尺分母":"600","市区町村コード":"01214","市区町村名":"稚内市","大字コード":"031","丁目コード":"001","小字コード":"0000","予備コード":"00","大字名":"緑","丁目名":"１丁目","小字名":null,"予備名":null,"地番":"24-5","精度区分":null,"座標値種別":"図上測量","筆界未定構成筆":null,"代表点緯度":83.856,"代表点経度":1694.995681418}},{"type":"MultiPolygon","arcs":[[[-2223,-2221,-2206,-2227]]],"properties":{"筆ID":"H000000754","version":"ver1.0","座標系":"任意座標系","測地系判別":null,"地図名":"H20450301214026","地図番号":"区-C-2","縮尺分母":"600","市区町村コード":"01214","市区町村名":"稚内市","大字コード":"031","丁目コード":"001","小字コード":"0000","予備コード":"00","大字名":"緑","丁目名":"１丁目","小字名":null,"予備名":null,"地番":"24-2","精度区分":null,"座標値種別":"図上測量","筆界未定構成筆":null,"代表点緯度":92.8585,"代表点経度":1707.965179588}},{"type":"MultiPolygon","arcs":[[[2227,-2225,-2204,-2200]]],"properties":{"筆ID":"H000000755","version":"ver1.0","座標系":"任意座標系","測地系判別":null,"地図名":"H20450301214026","地図番号":"区-C-2","縮尺分母":"600","市区町村コード":"01214","市区町村名":"稚内市","大字コード":"031","丁目コード":"001","小字コード":"0000","予備コード":"00","大字名":"緑","丁目名":"１丁目","小字名":null,"予備名":null,"地番":"24-6","精度区分":null,"座標値種別":"図上測量","筆界未定構成筆":null,"代表点緯度":74.8055,"代表点経度":1681.912652861}},{"type":"MultiPolygon","arcs":[[[2228,-2193,-2224,-2226]]],"properties":{"筆ID":"H000000756","version":"ver1.0","座標系":"任意座標系","測地系判別":null,"地図名":"H20450301214026","地図番号":"区-C-2","縮尺分母":"600","市区町村コード":"01214","市区町村名":"稚内市","大字コード":"031","丁目コード":"001","小字コード":"0000","予備コード":"00","大字名":"緑","丁目名":"１丁目","小字名":null,"予備名":null,"地番":"24-4","精度区分":null,"座標値種別":"図上測量","筆界未定構成筆":null,"代表点緯度":103.811,"代表点経度":1681.048697412}},{"type":"MultiPolygon","arcs":[[[-2194,-2229,-2228,-2199]]],"properties":{"筆ID":"H000000757","version":"ver1.0","座標系":"任意座標系","測地系判別":null,"地図名":"H20450301214026","地図番号":"区-C-2","縮尺分母":"600","市区町村コード":"01214","市区町村名":"稚内市","大字コード":"031","丁目コード":"001","小字コード":"0000","予備コード":"00","大字名":"緑","丁目名":"１丁目","小字名":null,"予備名":null,"地番":"24-7","精度区分":null,"座標値種別":"図上測量","筆界未定構成筆":null,"代表点緯度":94.802,"代表点経度":1667.945095245}},{"type":"MultiPolygon","arcs":[[[2229,2230,-2099,-2191]]],"properties":{"筆ID":"H000000758","version":"ver1.0","座標系":"任意座標系","測地系判別":null,"地図名":"H20450301214026","地図番号":"区-C-2","縮尺分母":"600","市区町村コード":"01214","市区町村名":"稚内市","大字コード":"031","丁目コード":"001","小字コード":"0000","予備コード":"00","大字名":"緑","丁目名":"１丁目","小字名":null,"予備名":null,"地番":"23-1","精度区分":null,"座標値種別":"図上測量","筆界未定構成筆":null,"代表点緯度":127.0615,"代表点経度":1668.197368013}},{"type":"MultiPolygon","arcs":[[[2231,2232,-2183,-2100,-2231]]],"properties":{"筆ID":"H000000759","version":"ver1.0","座標系":"任意座標系","測地系判別":null,"地図名":"H20450301214026","地図番号":"区-C-2","縮尺分母":"600","市区町村コード":"01214","市区町村名":"稚内市","大字コード":"031","丁目コード":"001","小字コード":"0000","予備コード":"00","大字名":"緑","丁目名":"１丁目","小字名":null,"予備名":null,"地番":"23-5","精度区分":null,"座標値種別":"図上測量","筆界未定構成筆":null,"代表点緯度":140.6295,"代表点経度":1641.16575736}},{"type":"MultiPolygon","arcs":[[[-2186,2233,-2184,-2233]]],"properties":{"筆ID":"H000000760","version":"ver1.0","座標系":"任意座標系","測地系判別":null,"地図名":"H20450301214026","地図番号":"区-C-2","縮尺分母":"600","市区町村コード":"01214","市区町村名":"稚内市","大字コード":"031","丁目コード":"001","小字コード":"0000","予備コード":"00","大字名":"緑","丁目名":"１丁目","小字名":null,"予備名":null,"地番":"23-4","精度区分":null,"座標値種別":"図上測量","筆界未定構成筆":null,"代表点緯度":132.038,"代表点経度":1623.139933503}},{"type":"MultiPolygon","arcs":[[[-2232,-2230,-2190,-2187]]],"properties":{"筆ID":"H000000761","version":"ver1.0","座標系":"任意座標系","測地系判別":null,"地図名":"H20450301214026","地図番号":"区-C-2","縮尺分母":"600","市区町村コード":"01214","市区町村名":"稚内市","大字コード":"031","丁目コード":"001","小字コード":"0000","予備コード":"00","大字名":"緑","丁目名":"１丁目","小字名":null,"予備名":null,"地番":"23-2","精度区分":null,"座標値種別":"図上測量","筆界未定構成筆":null,"代表点緯度":122.0995,"代表点経度":1651.963878174}},{"type":"MultiPolygon","arcs":[[[-2177,-2051,-2175,2234,-2108]]],"properties":{"筆ID":"H000000762","version":"ver1.0","座標系":"任意座標系","測地系判別":null,"地図名":"H20450301214026","地図番号":"区-C-2","縮尺分母":"600","市区町村コード":"01214","市区町村名":"稚内市","大字コード":"031","丁目コード":"001","小字コード":"0000","予備コード":"00","大字名":"緑","丁目名":"１丁目","小字名":null,"予備名":null,"地番":"22-6","精度区分":null,"座標値種別":"図上測量","筆界未定構成筆":null,"代表点緯度":137.597,"代表点経度":1712.546319071}},{"type":"MultiPolygon","arcs":[[[-2106,-2179,-2053,-2178]]],"properties":{"筆ID":"H000000763","version":"ver1.0","座標系":"任意座標系","測地系判別":null,"地図名":"H20450301214026","地図番号":"区-C-2","縮尺分母":"600","市区町村コード":"01214","市区町村名":"稚内市","大字コード":"031","丁目コード":"001","小字コード":"0000","予備コード":"00","大字名":"緑","丁目名":"１丁目","小字名":null,"予備名":null,"地番":"22-4","精度区分":null,"座標値種別":"図上測量","筆界未定構成筆":null,"代表点緯度":151.1005,"代表点経度":1684.329939576}},{"type":"MultiPolygon","arcs":[[[-2104,-2181,-2055,-2180]]],"properties":{"筆ID":"H000000764","version":"ver1.0","座標系":"任意座標系","測地系判別":null,"地図名":"H20450301214026","地図番号":"区-C-2","縮尺分母":"600","市区町村コード":"01214","市区町村名":"稚内市","大字コード":"031","丁目コード":"001","小字コード":"0000","予備コード":"00","大字名":"緑","丁目名":"１丁目","小字名":null,"予備名":null,"地番":"22-2","精度区分":null,"座標値種別":"図上測量","筆界未定構成筆":null,"代表点緯度":167.209,"代表点経度":1652.006671581}},{"type":"MultiPolygon","arcs":[[[2235,2236,-2083,2237,2238,2239,2240]]],"properties":{"筆ID":"H000000765","version":"ver1.0","座標系":"任意座標系","測地系判別":null,"地図名":"H20450301214026","地図番号":"区-C-2","縮尺分母":"600","市区町村コード":"01214","市区町村名":"稚内市","大字コード":"031","丁目コード":"001","小字コード":"0000","予備コード":"00","大字名":"緑","丁目名":"１丁目","小字名":null,"予備名":null,"地番":"21-4","精度区分":null,"座標値種別":"図上測量","筆界未定構成筆":null,"代表点緯度":31.468,"代表点経度":1841.222988827}},{"type":"MultiPolygon","arcs":[[[2241,-1790,-1780,-2072,2242]]],"properties":{"筆ID":"H000000766","version":"ver1.0","座標系":"任意座標系","測地系判別":null,"地図名":"H20450301214026","地図番号":"区-C-2","縮尺分母":"600","市区町村コード":"01214","市区町村名":"稚内市","大字コード":"031","丁目コード":"001","小字コード":"0000","予備コード":"00","大字名":"緑","丁目名":"１丁目","小字名":null,"予備名":null,"地番":"21-5","精度区分":null,"座標値種別":"図上測量","筆界未定構成筆":null,"代表点緯度":33.2605,"代表点経度":1812.027203071}},{"type":"MultiPolygon","arcs":[[[2243,-2081,-2128,2244,2245]]],"properties":{"筆ID":"H000000767","version":"ver1.0","座標系":"任意座標系","測地系判別":null,"地図名":"H20450301214026","地図番号":"区-C-2","縮尺分母":"600","市区町村コード":"01214","市区町村名":"稚内市","大字コード":"031","丁目コード":"001","小字コード":"0000","予備コード":"00","大字名":"緑","丁目名":"１丁目","小字名":null,"予備名":null,"地番":"21-2","精度区分":null,"座標値種別":"図上測量","筆界未定構成筆":null,"代表点緯度":53.8645,"代表点経度":1865.490666854}},{"type":"MultiPolygon","arcs":[[[-2245,2246,-2157,-1092,2247]]],"properties":{"筆ID":"H000000768","version":"ver1.0","座標系":"任意座標系","測地系判別":null,"地図名":"H20450301214026","地図番号":"区-C-2","縮尺分母":"600","市区町村コード":"01214","市区町村名":"稚内市","大字コード":"031","丁目コード":"001","小字コード":"0000","予備コード":"00","大字名":"緑","丁目名":"１丁目","小字名":null,"予備名":null,"地番":"21-23","精度区分":null,"座標値種別":"図上測量","筆界未定構成筆":null,"代表点緯度":54.77,"代表点経度":1876.403588296}},{"type":"MultiPolygon","arcs":[[[-1091,2248,2249,-2248]]],"properties":{"筆ID":"H000000769","version":"ver1.0","座標系":"任意座標系","測地系判別":null,"地図名":"H20450301214026","地図番号":"区-C-2","縮尺分母":"600","市区町村コード":"01214","市区町村名":"稚内市","大字コード":"031","丁目コード":"001","小字コード":"0000","予備コード":"00","大字名":"緑","丁目名":"１丁目","小字名":null,"予備名":null,"地番":"21-22","精度区分":null,"座標値種別":"図上測量","筆界未定構成筆":null,"代表点緯度":43.5155,"代表点経度":1874.024171866}},{"type":"MultiPolygon","arcs":[[[-1090,2250,2251,-2249]]],"properties":{"筆ID":"H000000770","version":"ver1.0","座標系":"任意座標系","測地系判別":null,"地図名":"H20450301214026","地図番号":"区-C-2","縮尺分母":"600","市区町村コード":"01214","市区町村名":"稚内市","大字コード":"031","丁目コード":"001","小字コード":"0000","予備コード":"00","大字名":"緑","丁目名":"１丁目","小字名":null,"予備名":null,"地番":"21-24","精度区分":null,"座標値種別":"図上測量","筆界未定構成筆":null,"代表点緯度":30.2545,"代表点経度":1869.288494504}},{"type":"MultiPolygon","arcs":[[[-1088,2252,2253]]],"properties":{"筆ID":"H000000771","version":"ver1.0","座標系":"任意座標系","測地系判別":null,"地図名":"H20450301214026","地図番号":"区-C-2","縮尺分母":"600","市区町村コード":"01214","市区町村名":"稚内市","大字コード":"031","丁目コード":"001","小字コード":"0000","予備コード":"00","大字名":"緑","丁目名":"１丁目","小字名":null,"予備名":null,"地番":"21-25","精度区分":null,"座標値種別":"図上測量","筆界未定構成筆":null,"代表点緯度":-0.442,"代表点経度":1859.484899562}},{"type":"MultiPolygon","arcs":[[[2254,-1087]]],"properties":{"筆ID":"H000000772","version":"ver1.0","座標系":"任意座標系","測地系判別":null,"地図名":"H20450301214026","地図番号":"区-C-2","縮尺分母":"600","市区町村コード":"01214","市区町村名":"稚内市","大字コード":"031","丁目コード":"001","小字コード":"0000","予備コード":"00","大字名":"緑","丁目名":"１丁目","小字名":null,"予備名":null,"地番":"21-12","精度区分":null,"座標値種別":"図上測量","筆界未定構成筆":null,"代表点緯度":-10.056,"代表点経度":1855.967471402}},{"type":"MultiPolygon","arcs":[[[-1085,-1794,2255,2256]]],"properties":{"筆ID":"H000000773","version":"ver1.0","座標系":"任意座標系","測地系判別":null,"地図名":"H20450301214026","地図番号":"区-C-2","縮尺分母":"600","市区町村コード":"01214","市区町村名":"稚内市","大字コード":"031","丁目コード":"001","小字コード":"0000","予備コード":"00","大字名":"緑","丁目名":"１丁目","小字名":null,"予備名":null,"地番":"21-14","精度区分":null,"座標値種別":"図上測量","筆界未定構成筆":null,"代表点緯度":-9.2215,"代表点経度":1843.877144887}},{"type":"MultiPolygon","arcs":[[[2257,-1791,-2242,2258]]],"properties":{"筆ID":"H000000774","version":"ver1.0","座標系":"任意座標系","測地系判別":null,"地図名":"H20450301214026","地図番号":"区-C-2","縮尺分母":"600","市区町村コード":"01214","市区町村名":"稚内市","大字コード":"031","丁目コード":"001","小字コード":"0000","予備コード":"00","大字名":"緑","丁目名":"１丁目","小字名":null,"予備名":null,"地番":"21-15","精度区分":null,"座標値種別":"図上測量","筆界未定構成筆":null,"代表点緯度":21.8185,"代表点経度":1810.749378282}},{"type":"MultiPolygon","arcs":[[[-2243,-2085,2259,-2259]]],"properties":{"筆ID":"H000000775","version":"ver1.0","座標系":"任意座標系","測地系判別":null,"地図名":"H20450301214026","地図番号":"区-C-2","縮尺分母":"600","市区町村コード":"01214","市区町村名":"稚内市","大字コード":"031","丁目コード":"001","小字コード":"0000","予備コード":"00","大字名":"緑","丁目名":"１丁目","小字名":null,"予備名":null,"地番":"21-18","精度区分":null,"座標値種別":"図上測量","筆界未定構成筆":null,"代表点緯度":31.396,"代表点経度":1818.193634615}},{"type":"MultiPolygon","arcs":[[[2260,-1792,-2258,2261,2262]]],"properties":{"筆ID":"H000000776","version":"ver1.0","座標系":"任意座標系","測地系判別":null,"地図名":"H20450301214026","地図番号":"区-C-2","縮尺分母":"600","市区町村コード":"01214","市区町村名":"稚内市","大字コード":"031","丁目コード":"001","小字コード":"0000","予備コード":"00","大字名":"緑","丁目名":"１丁目","小字名":null,"予備名":null,"地番":"21-6","精度区分":null,"座標値種別":"図上測量","筆界未定構成筆":null,"代表点緯度":13.4825,"代表点経度":1821.265759865}},{"type":"MultiPolygon","arcs":[[[2263,2264,2265,-2263]]],"properties":{"筆ID":"H000000777","version":"ver1.0","座標系":"任意座標系","測地系判別":null,"地図名":"H20450301214026","地図番号":"区-C-2","縮尺分母":"600","市区町村コード":"01214","市区町村名":"稚内市","大字コード":"031","丁目コード":"001","小字コード":"0000","予備コード":"00","大字名":"緑","丁目名":"１丁目","小字名":null,"予備名":null,"地番":"21-19","精度区分":null,"座標値種別":"図上測量","筆界未定構成筆":null,"代表点緯度":15.924,"代表点経度":1826.187779016}},{"type":"MultiPolygon","arcs":[[[-1793,-2261,-2266,2266,-2241,2267,2268,2269,-2256]]],"properties":{"筆ID":"H000000778","version":"ver1.0","座標系":"任意座標系","測地系判別":null,"地図名":"H20450301214026","地図番号":"区-C-2","縮尺分母":"600","市区町村コード":"01214","市区町村名":"稚内市","大字コード":"031","丁目コード":"001","小字コード":"0000","予備コード":"00","大字名":"緑","丁目名":"１丁目","小字名":null,"予備名":null,"地番":"21-7","精度区分":null,"座標値種別":"図上測量","筆界未定構成筆":null,"代表点緯度":9.1095,"代表点経度":1837.366639895}},{"type":"MultiPolygon","arcs":[[[-2238,-2082,-2244,2270,2271,2272]]],"properties":{"筆ID":"H000000779","version":"ver1.0","座標系":"任意座標系","測地系判別":null,"地図名":"H20450301214026","地図番号":"区-C-2","縮尺分母":"600","市区町村コード":"01214","市区町村名":"稚内市","大字コード":"031","丁目コード":"001","小字コード":"0000","予備コード":"00","大字名":"緑","丁目名":"１丁目","小字名":null,"予備名":null,"地番":"21-3","精度区分":null,"座標値種別":"図上測量","筆界未定構成筆":null,"代表点緯度":45.6055,"代表点経度":1848.463906035}},{"type":"MultiPolygon","arcs":[[[2273,-2268,-2240,2274,2275,2276]]],"properties":{"筆ID":"H000000780","version":"ver1.0","座標系":"任意座標系","測地系判別":null,"地図名":"H20450301214026","地図番号":"区-C-2","縮尺分母":"600","市区町村コード":"01214","市区町村名":"稚内市","大字コード":"031","丁目コード":"001","小字コード":"0000","予備コード":"00","大字名":"緑","丁目名":"１丁目","小字名":null,"予備名":null,"地番":"21-1","精度区分":null,"座標値種別":"図上測量","筆界未定構成筆":null,"代表点緯度":16.8,"代表点経度":1856.850042184}},{"type":"MultiPolygon","arcs":[[[-2277,-2251,-1089,-2254]]],"properties":{"筆ID":"H000000781","version":"ver1.0","座標系":"任意座標系","測地系判別":null,"地図名":"H20450301214026","地図番号":"区-C-2","縮尺分母":"600","市区町村コード":"01214","市区町村名":"稚内市","大字コード":"031","丁目コード":"001","小字コード":"0000","予備コード":"00","大字名":"緑","丁目名":"１丁目","小字名":null,"予備名":null,"地番":"21-21","精度区分":null,"座標値種別":"図上測量","筆界未定構成筆":null,"代表点緯度":15.149,"代表点経度":1864.286111175}},{"type":"MultiPolygon","arcs":[[[-2250,2277,-2271,-2246]]],"properties":{"筆ID":"H000000782","version":"ver1.0","座標系":"任意座標系","測地系判別":null,"地図名":"H20450301214026","地図番号":"区-C-2","縮尺分母":"600","市区町村コード":"01214","市区町村名":"稚内市","大字コード":"031","丁目コード":"001","小字コード":"0000","予備コード":"00","大字名":"緑","丁目名":"１丁目","小字名":null,"予備名":null,"地番":"21-10","精度区分":null,"座標値種別":"図上測量","筆界未定構成筆":null,"代表点緯度":42.993,"代表点経度":1865.191497278}},{"type":"MultiPolygon","arcs":[[[-2252,-2276,2278,-2272,-2278]]],"properties":{"筆ID":"H000000783","version":"ver1.0","座標系":"任意座標系","測地系判別":null,"地図名":"H20450301214026","地図番号":"区-C-2","縮尺分母":"600","市区町村コード":"01214","市区町村名":"稚内市","大字コード":"031","丁目コード":"001","小字コード":"0000","予備コード":"00","大字名":"緑","丁目名":"１丁目","小字名":null,"予備名":null,"地番":"21-9","精度区分":null,"座標値種別":"図上測量","筆界未定構成筆":null,"代表点緯度":32.8,"代表点経度":1860.933871012}},{"type":"MultiPolygon","arcs":[[[2279,-2269,-2274,-2253]]],"properties":{"筆ID":"H000000784","version":"ver1.0","座標系":"任意座標系","測地系判別":null,"地図名":"H20450301214026","地図番号":"区-C-2","縮尺分母":"600","市区町村コード":"01214","市区町村名":"稚内市","大字コード":"031","丁目コード":"001","小字コード":"0000","予備コード":"00","大字名":"緑","丁目名":"１丁目","小字名":null,"予備名":null,"地番":"21-13","精度区分":null,"座標値種別":"図上測量","筆界未定構成筆":null,"代表点緯度":7.0225,"代表点経度":1853.399630103}},{"type":"MultiPolygon","arcs":[[[-2270,-2280,-2255,-1086,-2257]]],"properties":{"筆ID":"H000000785","version":"ver1.0","座標系":"任意座標系","測地系判別":null,"地図名":"H20450301214026","地図番号":"区-C-2","縮尺分母":"600","市区町村コード":"01214","市区町村名":"稚内市","大字コード":"031","丁目コード":"001","小字コード":"0000","予備コード":"00","大字名":"緑","丁目名":"１丁目","小字名":null,"予備名":null,"地番":"21-8","精度区分":null,"座標値種別":"図上測量","筆界未定構成筆":null,"代表点緯度":-10.173,"代表点経度":1850.658336974}},{"type":"MultiPolygon","arcs":[[[-2262,-2260,-2084,-2237,2280,-2264]]],"properties":{"筆ID":"H000000786","version":"ver1.0","座標系":"任意座標系","測地系判別":null,"地図名":"H20450301214026","地図番号":"区-C-2","縮尺分母":"600","市区町村コード":"01214","市区町村名":"稚内市","大字コード":"031","丁目コード":"001","小字コード":"0000","予備コード":"00","大字名":"緑","丁目名":"１丁目","小字名":null,"予備名":null,"地番":"21-17","精度区分":null,"座標値種別":"図上測量","筆界未定構成筆":null,"代表点緯度":32.412,"代表点経度":1828.259575043}},{"type":"MultiPolygon","arcs":[[[-2281,-2236,-2267,-2265]]],"properties":{"筆ID":"H000000787","version":"ver1.0","座標系":"任意座標系","測地系判別":null,"地図名":"H20450301214026","地図番号":"区-C-2","縮尺分母":"600","市区町村コード":"01214","市区町村名":"稚内市","大字コード":"031","丁目コード":"001","小字コード":"0000","予備コード":"00","大字名":"緑","丁目名":"１丁目","小字名":null,"予備名":null,"地番":"21-16","精度区分":null,"座標値種別":"図上測量","筆界未定構成筆":null,"代表点緯度":23.5215,"代表点経度":1837.461928892}},{"type":"MultiPolygon","arcs":[[[-2275,-2239,-2273,-2279]]],"properties":{"筆ID":"H000000788","version":"ver1.0","座標系":"任意座標系","測地系判別":null,"地図名":"H20450301214026","地図番号":"区-C-2","縮尺分母":"600","市区町村コード":"01214","市区町村名":"稚内市","大字コード":"031","丁目コード":"001","小字コード":"0000","予備コード":"00","大字名":"緑","丁目名":"１丁目","小字名":null,"予備名":null,"地番":"21-11","精度区分":null,"座標値種別":"図上測量","筆界未定構成筆":null,"代表点緯度":32.3055,"代表点経度":1848.19175675}},{"type":"MultiPolygon","arcs":[[[-2247,-2127,-2158]]],"properties":{"筆ID":"H000000789","version":"ver1.0","座標系":"任意座標系","測地系判別":null,"地図名":"H20450301214026","地図番号":"区-C-2","縮尺分母":"600","市区町村コード":"01214","市区町村名":"稚内市","大字コード":"031","丁目コード":"001","小字コード":"0000","予備コード":"00","大字名":"緑","丁目名":"１丁目","小字名":null,"予備名":null,"地番":"70-18","精度区分":null,"座標値種別":"図上測量","筆界未定構成筆":null,"代表点緯度":59.5545,"代表点経度":1873.492216118}},{"type":"MultiPolygon","arcs":[[[2281,2282,-2160,-2130]]],"properties":{"筆ID":"H000000790","version":"ver1.0","座標系":"任意座標系","測地系判別":null,"地図名":"H20450301214026","地図番号":"区-C-2","縮尺分母":"600","市区町村コード":"01214","市区町村名":"稚内市","大字コード":"031","丁目コード":"001","小字コード":"0000","予備コード":"00","大字名":"緑","丁目名":"１丁目","小字名":null,"予備名":null,"地番":"70-14","精度区分":null,"座標値種別":"図上測量","筆界未定構成筆":null,"代表点緯度":88.1635,"代表点経度":1824.083094499}},{"type":"MultiPolygon","arcs":[[[-2283,2283,-2139,-2161]]],"properties":{"筆ID":"H000000791","version":"ver1.0","座標系":"任意座標系","測地系判別":null,"地図名":"H20450301214026","地図番号":"区-C-2","縮尺分母":"600","市区町村コード":"01214","市区町村名":"稚内市","大字コード":"031","丁目コード":"001","小字コード":"0000","予備コード":"00","大字名":"緑","丁目名":"１丁目","小字名":null,"予備名":null,"地番":"70-13","精度区分":null,"座標値種別":"図上測量","筆界未定構成筆":null,"代表点緯度":94.009,"代表点経度":1814.398496044}},{"type":"MultiPolygon","arcs":[[[-2125,2284,-2132,-2159]]],"properties":{"筆ID":"H000000792","version":"ver1.0","座標系":"任意座標系","測地系判別":null,"地図名":"H20450301214026","地図番号":"区-C-2","縮尺分母":"600","市区町村コード":"01214","市区町村名":"稚内市","大字コード":"031","丁目コード":"001","小字コード":"0000","予備コード":"00","大字名":"緑","丁目名":"１丁目","小字名":null,"予備名":null,"地番":"70-16","精度区分":null,"座標値種別":"図上測量","筆界未定構成筆":null,"代表点緯度":72.584,"代表点経度":1850.499031217}},{"type":"MultiPolygon","arcs":[[[-2122,-2135,-2285,-2123,-2078]]],"properties":{"筆ID":"H000000793","version":"ver1.0","座標系":"任意座標系","測地系判別":null,"地図名":"H20450301214026","地図番号":"区-C-2","縮尺分母":"600","市区町村コード":"01214","市区町村名":"稚内市","大字コード":"031","丁目コード":"001","小字コード":"0000","予備コード":"00","大字名":"緑","丁目名":"１丁目","小字名":null,"予備名":null,"地番":"22-28","精度区分":null,"座標値種別":"図上測量","筆界未定構成筆":null,"代表点緯度":67.3045,"代表点経度":1849.328116981}},{"type":"MultiPolygon","arcs":[[[-2120,-2118,2285,-2133]]],"properties":{"筆ID":"H000000794","version":"ver1.0","座標系":"任意座標系","測地系判別":null,"地図名":"H20450301214026","地図番号":"区-C-2","縮尺分母":"600","市区町村コード":"01214","市区町村名":"稚内市","大字コード":"031","丁目コード":"001","小字コード":"0000","予備コード":"00","大字名":"緑","丁目名":"１丁目","小字名":null,"予備名":null,"地番":"22-26","精度区分":null,"座標値種別":"図上測量","筆界未定構成筆":null,"代表点緯度":70.5765,"代表点経度":1823.474395686}},{"type":"MultiPolygon","arcs":[[[-2117,2286,-2282,-2134,-2286]]],"properties":{"筆ID":"H000000795","version":"ver1.0","座標系":"任意座標系","測地系判別":null,"地図名":"H20450301214026","地図番号":"区-C-2","縮尺分母":"600","市区町村コード":"01214","市区町村名":"稚内市","大字コード":"031","丁目コード":"001","小字コード":"0000","予備コード":"00","大字名":"緑","丁目名":"１丁目","小字名":null,"予備名":null,"地番":"22-30","精度区分":null,"座標値種別":"図上測量","筆界未定構成筆":null,"代表点緯度":74.705,"代表点経度":1816.276022261}},{"type":"MultiPolygon","arcs":[[[-2287,-2116,-2140,-2284]]],"properties":{"筆ID":"H000000796","version":"ver1.0","座標系":"任意座標系","測地系判別":null,"地図名":"H20450301214026","地図番号":"区-C-2","縮尺分母":"600","市区町村コード":"01214","市区町村名":"稚内市","大字コード":"031","丁目コード":"001","小字コード":"0000","予備コード":"00","大字名":"緑","丁目名":"１丁目","小字名":null,"予備名":null,"地番":"22-11","精度区分":null,"座標値種別":"図上測量","筆界未定構成筆":null,"代表点緯度":83.6915,"代表点経度":1808.103858789}},{"type":"MultiPolygon","arcs":[[[-2173,2287,-1094,-2165]]],"properties":{"筆ID":"H000000797","version":"ver1.0","座標系":"任意座標系","測地系判別":null,"地図名":"H20450301214026","地図番号":"区-C-2","縮尺分母":"600","市区町村コード":"01214","市区町村名":"稚内市","大字コード":"031","丁目コード":"001","小字コード":"0000","予備コード":"00","大字名":"緑","丁目名":"１丁目","小字名":null,"予備名":null,"地番":"12-5","精度区分":null,"座標値種別":"図上測量","筆界未定構成筆":null,"代表点緯度":86.556,"代表点経度":1853.104592601}},{"type":"MultiPolygon","arcs":[[[-2288,2288,-1633,2289,-1095]]],"properties":{"筆ID":"H000000798","version":"ver1.0","座標系":"任意座標系","測地系判別":null,"地図名":"H20450301214026","地図番号":"区-C-2","縮尺分母":"600","市区町村コード":"01214","市区町村名":"稚内市","大字コード":"031","丁目コード":"001","小字コード":"0000","予備コード":"00","大字名":"緑","丁目名":"１丁目","小字名":null,"予備名":null,"地番":"12-1","精度区分":null,"座標値種別":"図上測量","筆界未定構成筆":null,"代表点緯度":153.2675,"代表点経度":1856.784063681}},{"type":"MultiPolygon","arcs":[[[-2172,-1622,-2289]]],"properties":{"筆ID":"H000000799","version":"ver1.0","座標系":"任意座標系","測地系判別":null,"地図名":"H20450301214026","地図番号":"区-C-2","縮尺分母":"600","市区町村コード":"01214","市区町村名":"稚内市","大字コード":"031","丁目コード":"001","小字コード":"0000","予備コード":"00","大字名":"緑","丁目名":"１丁目","小字名":null,"予備名":null,"地番":"12-2","精度区分":null,"座標値種別":"図上測量","筆界未定構成筆":null,"代表点緯度":145.032,"代表点経度":1798.2625763}},{"type":"MultiPolygon","arcs":[[[2290,-2154,-2152,2291,2292]]],"properties":{"筆ID":"H000000800","version":"ver1.0","座標系":"任意座標系","測地系判別":null,"地図名":"H20450301214026","地図番号":"区-C-2","縮尺分母":"600","市区町村コード":"01214","市区町村名":"稚内市","大字コード":"031","丁目コード":"001","小字コード":"0000","予備コード":"00","大字名":"緑","丁目名":"１丁目","小字名":null,"予備名":null,"地番":"22-21","精度区分":null,"座標値種別":"図上測量","筆界未定構成筆":null,"代表点緯度":113.427,"代表点経度":1767.602662318}},{"type":"MultiPolygon","arcs":[[[2293,-2112,2294,-2293]]],"properties":{"筆ID":"H000000801","version":"ver1.0","座標系":"任意座標系","測地系判別":null,"地図名":"H20450301214026","地図番号":"区-C-2","縮尺分母":"600","市区町村コード":"01214","市区町村名":"稚内市","大字コード":"031","丁目コード":"001","小字コード":"0000","予備コード":"00","大字名":"緑","丁目名":"１丁目","小字名":null,"予備名":null,"地番":"22-20","精度区分":null,"座標値種別":"図上測量","筆界未定構成筆":null,"代表点緯度":103.546,"代表点経度":1761.901215466}},{"type":"MultiPolygon","arcs":[[[2295,-2113,-2294,-2292,-2153,-2147]]],"properties":{"筆ID":"H000000802","version":"ver1.0","座標系":"任意座標系","測地系判別":null,"地図名":"H20450301214026","地図番号":"区-C-2","縮尺分母":"600","市区町村コード":"01214","市区町村名":"稚内市","大字コード":"031","丁目コード":"001","小字コード":"0000","予備コード":"00","大字名":"緑","丁目名":"１丁目","小字名":null,"予備名":null,"地番":"22-19","精度区分":null,"座標値種別":"図上測量","筆界未定構成筆":null,"代表点緯度":97.144,"代表点経度":1773.996715755}},{"type":"MultiPolygon","arcs":[[[-2114,-2296,-2146,-2141]]],"properties":{"筆ID":"H000000803","version":"ver1.0","座標系":"任意座標系","測地系判別":null,"地図名":"H20450301214026","地図番号":"区-C-2","縮尺分母":"600","市区町村コード":"01214","市区町村名":"稚内市","大字コード":"031","丁目コード":"001","小字コード":"0000","予備コード":"00","大字名":"緑","丁目名":"１丁目","小字名":null,"予備名":null,"地番":"22-17","精度区分":null,"座標値種別":"図上測量","筆界未定構成筆":null,"代表点緯度":89.0265,"代表点経度":1785.18370327}},{"type":"MultiPolygon","arcs":[[[-2086,-2074,-2214]]],"properties":{"筆ID":"H000000804","version":"ver1.0","座標系":"任意座標系","測地系判別":null,"地図名":"H20450301214026","地図番号":"区-C-2","縮尺分母":"600","市区町村コード":"01214","市区町村名":"稚内市","大字コード":"031","丁目コード":"001","小字コード":"0000","予備コード":"00","大字名":"緑","丁目名":"１丁目","小字名":null,"予備名":null,"地番":"2234-2","精度区分":null,"座標値種別":"図上測量","筆界未定構成筆":null,"代表点緯度":49.0485,"代表点経度":1822.400073834}},{"type":"MultiPolygon","arcs":[[[2296,-2166,-2291,2297]]],"properties":{"筆ID":"H000000805","version":"ver1.0","座標系":"任意座標系","測地系判別":null,"地図名":"H20450301214026","地図番号":"区-C-2","縮尺分母":"600","市区町村コード":"01214","市区町村名":"稚内市","大字コード":"031","丁目コード":"001","小字コード":"0000","予備コード":"00","大字名":"緑","丁目名":"１丁目","小字名":null,"予備名":null,"地番":"22-22","精度区分":null,"座標値種別":"図上測量","筆界未定構成筆":null,"代表点緯度":119.83,"代表点経度":1756.49604776}},{"type":"MultiPolygon","arcs":[[[2298,2299,2300]]],"properties":{"筆ID":"H000000806","version":"ver1.0","座標系":"任意座標系","測地系判別":null,"地図名":"H20450301214026","地図番号":"区-C-1","縮尺分母":"600","市区町村コード":"01214","市区町村名":"稚内市","大字コード":"028","丁目コード":"004","小字コード":"0000","予備コード":"00","大字名":"港","丁目名":"４丁目","小字名":null,"予備名":null,"地番":"110","精度区分":null,"座標値種別":"図上測量","筆界未定構成筆":null,"代表点緯度":301.85,"代表点経度":1458.337363128}},{"type":"MultiPolygon","arcs":[[[2301,2302,2303,2304,2305,2306,2307,2308,2309]]],"properties":{"筆ID":"H000000807","version":"ver1.0","座標系":"任意座標系","測地系判別":null,"地図名":"H20450301214026","地図番号":"区-C-1","縮尺分母":"600","市区町村コード":"01214","市区町村名":"稚内市","大字コード":"028","丁目コード":"004","小字コード":"0000","予備コード":"00","大字名":"港","丁目名":"４丁目","小字名":null,"予備名":null,"地番":"106-5","精度区分":null,"座標値種別":"図上測量","筆界未定構成筆":null,"代表点緯度":433.1315,"代表点経度":1431.447094377}},{"type":"MultiPolygon","arcs":[[[2310,2311,2312,2313,2314,-2308]]],"properties":{"筆ID":"H000000808","version":"ver1.0","座標系":"任意座標系","測地系判別":null,"地図名":"H20450301214026","地図番号":"区-C-1","縮尺分母":"600","市区町村コード":"01214","市区町村名":"稚内市","大字コード":"031","丁目コード":"001","小字コード":"0000","予備コード":"00","大字名":"緑","丁目名":"１丁目","小字名":null,"予備名":null,"地番":"71-2","精度区分":null,"座標値種別":"図上測量","筆界未定構成筆":null,"代表点緯度":392.216,"代表点経度":1487.095602295}},{"type":"MultiPolygon","arcs":[[[-1643,-1652,2315,2316,2317,2318,2319,-2312,2320]]],"properties":{"筆ID":"H000000809","version":"ver1.0","座標系":"任意座標系","測地系判別":null,"地図名":"H20450301214026","地図番号":"区-C-1","縮尺分母":"600","市区町村コード":"01214","市区町村名":"稚内市","大字コード":"031","丁目コード":"001","小字コード":"0000","予備コード":"00","大字名":"緑","丁目名":"１丁目","小字名":null,"予備名":null,"地番":"71-5W2","精度区分":null,"座標値種別":"図上測量","筆界未定構成筆":null,"代表点緯度":357.5605,"代表点経度":1527.357627767}},{"type":"MultiPolygon","arcs":[[[2321,2322,-2316]]],"properties":{"筆ID":"H000000810","version":"ver1.0","座標系":"任意座標系","測地系判別":null,"地図名":"H20450301214026","地図番号":"区-C-1","縮尺分母":"600","市区町村コード":"01214","市区町村名":"稚内市","大字コード":"028","丁目コード":"004","小字コード":"0000","予備コード":"00","大字名":"港","丁目名":"４丁目","小字名":null,"予備名":null,"地番":"98-32","精度区分":null,"座標値種別":"図上測量","筆界未定構成筆":null,"代表点緯度":345.0425,"代表点経度":1531.519038557}},{"type":"MultiPolygon","arcs":[[[2323,2324,-2319,2325]]],"properties":{"筆ID":"H000000811","version":"ver1.0","座標系":"任意座標系","測地系判別":null,"地図名":"H20450301214026","地図番号":"区-C-1","縮尺分母":"600","市区町村コード":"01214","市区町村名":"稚内市","大字コード":"028","丁目コード":"004","小字コード":"0000","予備コード":"00","大字名":"港","丁目名":"４丁目","小字名":null,"予備名":null,"地番":"98-14","精度区分":null,"座標値種別":"図上測量","筆界未定構成筆":null,"代表点緯度":364.347,"代表点経度":1512.372220654}},{"type":"MultiPolygon","arcs":[[[2326,2327,2328,2329,-2313,-2320,-2325]]],"properties":{"筆ID":"H000000812","version":"ver1.0","座標系":"任意座標系","測地系判別":null,"地図名":"H20450301214026","地図番号":"区-C-1","縮尺分母":"600","市区町村コード":"01214","市区町村名":"稚内市","大字コード":"028","丁目コード":"004","小字コード":"0000","予備コード":"00","大字名":"港","丁目名":"４丁目","小字名":null,"予備名":null,"地番":"98-15","精度区分":null,"座標値種別":"図上測量","筆界未定構成筆":null,"代表点緯度":375.3195,"代表点経度":1498.485053497}},{"type":"MultiPolygon","arcs":[[[2330,-2314,-2330,2331]]],"properties":{"筆ID":"H000000813","version":"ver1.0","座標系":"任意座標系","測地系判別":null,"地図名":"H20450301214026","地図番号":"区-C-1","縮尺分母":"600","市区町村コード":"01214","市区町村名":"稚内市","大字コード":"028","丁目コード":"004","小字コード":"0000","予備コード":"00","大字名":"港","丁目名":"４丁目","小字名":null,"予備名":null,"地番":"98-22","精度区分":null,"座標値種別":"図上測量","筆界未定構成筆":null,"代表点緯度":394.175,"代表点経度":1477.203808801}},{"type":"MultiPolygon","arcs":[[[-2309,-2315,-2331,2332]]],"properties":{"筆ID":"H000000814","version":"ver1.0","座標系":"任意座標系","測地系判別":null,"地図名":"H20450301214026","地図番号":"区-C-1","縮尺分母":"600","市区町村コード":"01214","市区町村名":"稚内市","大字コード":"028","丁目コード":"004","小字コード":"0000","予備コード":"00","大字名":"港","丁目名":"４丁目","小字名":null,"予備名":null,"地番":"98-8","精度区分":null,"座標値種別":"図上測量","筆界未定構成筆":null,"代表点緯度":409.874,"代表点経度":1455.526257726}},{"type":"MultiPolygon","arcs":[[[2333,2334,2335,2336,2337,2338,2339,2340,2341,2342,2343,2344,2345,2346,2347,2348,2349,2350,2351]]],"properties":{"筆ID":"H000000815","version":"ver1.0","座標系":"任意座標系","測地系判別":null,"地図名":"H20450301214026","地図番号":"区-C-1","縮尺分母":"600","市区町村コード":"01214","市区町村名":"稚内市","大字コード":"028","丁目コード":"004","小字コード":"0000","予備コード":"00","大字名":"港","丁目名":"４丁目","小字名":null,"予備名":null,"地番":"106-1","精度区分":null,"座標値種別":"図上測量","筆界未定構成筆":null,"代表点緯度":376.0285,"代表点経度":1440.130510785}},{"type":"MultiPolygon","arcs":[[[2352,-2345,2353]]],"properties":{"筆ID":"H000000816","version":"ver1.0","座標系":"任意座標系","測地系判別":null,"地図名":"H20450301214026","地図番号":"区-C-1","縮尺分母":"600","市区町村コード":"01214","市区町村名":"稚内市","大字コード":"028","丁目コード":"004","小字コード":"0000","予備コード":"00","大字名":"港","丁目名":"４丁目","小字名":null,"予備名":null,"地番":"98-4","精度区分":null,"座標値種別":"図上測量","筆界未定構成筆":null,"代表点緯度":392.5395,"代表点経度":1432.705685307}},{"type":"MultiPolygon","arcs":[[[2354,-2347,2355,2356]]],"properties":{"筆ID":"H000000817","version":"ver1.0","座標系":"任意座標系","測地系判別":null,"地図名":"H20450301214026","地図番号":"区-C-1","縮尺分母":"600","市区町村コード":"01214","市区町村名":"稚内市","大字コード":"028","丁目コード":"004","小字コード":"0000","予備コード":"00","大字名":"港","丁目名":"４丁目","小字名":null,"予備名":null,"地番":"98-6","精度区分":null,"座標値種別":"図上測量","筆界未定構成筆":null,"代表点緯度":388.0525,"代表点経度":1441.753951117}},{"type":"MultiPolygon","arcs":[[[2357,2358,2359,-2350]]],"properties":{"筆ID":"H000000818","version":"ver1.0","座標系":"任意座標系","測地系判別":null,"地図名":"H20450301214026","地図番号":"区-C-1","縮尺分母":"600","市区町村コード":"01214","市区町村名":"稚内市","大字コード":"028","丁目コード":"004","小字コード":"0000","予備コード":"00","大字名":"港","丁目名":"４丁目","小字名":null,"予備名":null,"地番":"98-13","精度区分":null,"座標値種別":"図上測量","筆界未定構成筆":null,"代表点緯度":366.322,"代表点経度":1467.212724165}},{"type":"MultiPolygon","arcs":[[[-1578,2360,2361,2362,2363,2364,2365,-2352,2366,2367,2368,2369,2370,2371,2372,-1562,-1569]]],"properties":{"筆ID":"H000000819","version":"ver1.0","座標系":"任意座標系","測地系判別":null,"地図名":"H20450301214026","地図番号":"区-C-1","縮尺分母":"600","市区町村コード":"01214","市区町村名":"稚内市","大字コード":"028","丁目コード":"004","小字コード":"0000","予備コード":"00","大字名":"港","丁目名":"４丁目","小字名":null,"予備名":null,"地番":"106-2","精度区分":null,"座標値種別":"図上測量","筆界未定構成筆":null,"代表点緯度":324.788,"代表点経度":1502.696354164}},{"type":"MultiPolygon","arcs":[[[2373,-2322,-1651,2374,2375,-2372]]],"properties":{"筆ID":"H000000820","version":"ver1.0","座標系":"任意座標系","測地系判別":null,"地図名":"H20450301214026","地図番号":"区-C-1","縮尺分母":"600","市区町村コード":"01214","市区町村名":"稚内市","大字コード":"028","丁目コード":"004","小字コード":"0000","予備コード":"00","大字名":"港","丁目名":"４丁目","小字名":null,"予備名":null,"地番":"98-2","精度区分":null,"座標値種別":"図上測量","筆界未定構成筆":null,"代表点緯度":333.132,"代表点経度":1523.540672655}},{"type":"MultiPolygon","arcs":[[[-2376,2376,-1563,-2373]]],"properties":{"筆ID":"H000000821","version":"ver1.0","座標系":"任意座標系","測地系判別":null,"地図名":"H20450301214026","地図番号":"区-C-1","縮尺分母":"600","市区町村コード":"01214","市区町村名":"稚内市","大字コード":"028","丁目コード":"004","小字コード":"0000","予備コード":"00","大字名":"港","丁目名":"４丁目","小字名":null,"予備名":null,"地番":"106-3","精度区分":null,"座標値種別":"図上測量","筆界未定構成筆":null,"代表点緯度":314.529,"代表点経度":1524.518081977}},{"type":"MultiPolygon","arcs":[[[-2377,-2375,-1650,-1564]]],"properties":{"筆ID":"H000000822","version":"ver1.0","座標系":"任意座標系","測地系判別":null,"地図名":"H20450301214026","地図番号":"区-C-1","縮尺分母":"600","市区町村コード":"01214","市区町村名":"稚内市","大字コード":"028","丁目コード":"004","小字コード":"0000","予備コード":"00","大字名":"港","丁目名":"４丁目","小字名":null,"予備名":null,"地番":"106-4","精度区分":null,"座標値種別":"図上測量","筆界未定構成筆":null,"代表点緯度":326.6425,"代表点経度":1530.557411303}},{"type":"MultiPolygon","arcs":[[[-1577,2377,2378,-2361]]],"properties":{"筆ID":"H000000823","version":"ver1.0","座標系":"任意座標系","測地系判別":null,"地図名":"H20450301214026","地図番号":"区-C-1","縮尺分母":"600","市区町村コード":"01214","市区町村名":"稚内市","大字コード":"028","丁目コード":"004","小字コード":"0000","予備コード":"00","大字名":"港","丁目名":"４丁目","小字名":null,"予備名":null,"地番":"108","精度区分":null,"座標値種別":"図上測量","筆界未定構成筆":null,"代表点緯度":297.924,"代表点経度":1521.463330051}},{"type":"MultiPolygon","arcs":[[[2379,2380,-2362,-2379]]],"properties":{"筆ID":"H000000824","version":"ver1.0","座標系":"任意座標系","測地系判別":null,"地図名":"H20450301214026","地図番号":"区-C-1","縮尺分母":"600","市区町村コード":"01214","市区町村名":"稚内市","大字コード":"028","丁目コード":"004","小字コード":"0000","予備コード":"00","大字名":"港","丁目名":"４丁目","小字名":null,"予備名":null,"地番":"99-5","精度区分":null,"座標値種別":"図上測量","筆界未定構成筆":null,"代表点緯度":312.791,"代表点経度":1504.250048498}},{"type":"MultiPolygon","arcs":[[[2381,2382,-2334,-2366,2383,2384]]],"properties":{"筆ID":"H000000825","version":"ver1.0","座標系":"任意座標系","測地系判別":null,"地図名":"H20450301214026","地図番号":"区-C-1","縮尺分母":"600","市区町村コード":"01214","市区町村名":"稚内市","大字コード":"028","丁目コード":"004","小字コード":"0000","予備コード":"00","大字名":"港","丁目名":"４丁目","小字名":null,"予備名":null,"地番":"99-1","精度区分":null,"座標値種別":"図上測量","筆界未定構成筆":null,"代表点緯度":331.611,"代表点経度":1463.780590432}},{"type":"MultiPolygon","arcs":[[[2385,2386,2387,-2335,-2383]]],"properties":{"筆ID":"H000000826","version":"ver1.0","座標系":"任意座標系","測地系判別":null,"地図名":"H20450301214026","地図番号":"区-C-1","縮尺分母":"600","市区町村コード":"01214","市区町村名":"稚内市","大字コード":"028","丁目コード":"004","小字コード":"0000","予備コード":"00","大字名":"港","丁目名":"４丁目","小字名":null,"予備名":null,"地番":"105","精度区分":null,"座標値種別":"図上測量","筆界未定構成筆":null,"代表点緯度":332.112,"代表点経度":1453.44976913}},{"type":"MultiPolygon","arcs":[[[2388,-2336,-2388,2389]]],"properties":{"筆ID":"H000000827","version":"ver1.0","座標系":"任意座標系","測地系判別":null,"地図名":"H20450301214026","地図番号":"区-C-1","縮尺分母":"600","市区町村コード":"01214","市区町村名":"稚内市","大字コード":"028","丁目コード":"004","小字コード":"0000","予備コード":"00","大字名":"港","丁目名":"４丁目","小字名":null,"予備名":null,"地番":"97-2","精度区分":null,"座標値種別":"図上測量","筆界未定構成筆":null,"代表点緯度":348.5895,"代表点経度":1452.96725858}},{"type":"MultiPolygon","arcs":[[[2390,2391,2392,2393,-2337,-2389,2394]]],"properties":{"筆ID":"H000000828","version":"ver1.0","座標系":"任意座標系","測地系判別":null,"地図名":"H20450301214026","地図番号":"区-C-1","縮尺分母":"600","市区町村コード":"01214","市区町村名":"稚内市","大字コード":"028","丁目コード":"004","小字コード":"0000","予備コード":"00","大字名":"港","丁目名":"４丁目","小字名":null,"予備名":null,"地番":"97-1","精度区分":null,"座標値種別":"図上測量","筆界未定構成筆":null,"代表点緯度":361.225,"代表点経度":1423.413525852}},{"type":"MultiPolygon","arcs":[[[2395,2396,2397,-2338,-2394]]],"properties":{"筆ID":"H000000829","version":"ver1.0","座標系":"任意座標系","測地系判別":null,"地図名":"H20450301214026","地図番号":"区-C-1","縮尺分母":"600","市区町村コード":"01214","市区町村名":"稚内市","大字コード":"028","丁目コード":"004","小字コード":"0000","予備コード":"00","大字名":"港","丁目名":"４丁目","小字名":null,"予備名":null,"地番":"103","精度区分":null,"座標値種別":"図上測量","筆界未定構成筆":null,"代表点緯度":372.4695,"代表点経度":1399.493522266}},{"type":"MultiPolygon","arcs":[[[2398,2399,2400,-2339,-2398]]],"properties":{"筆ID":"H000000830","version":"ver1.0","座標系":"任意座標系","測地系判別":null,"地図名":"H20450301214026","地図番号":"区-C-1","縮尺分母":"600","市区町村コード":"01214","市区町村名":"稚内市","大字コード":"028","丁目コード":"004","小字コード":"0000","予備コード":"00","大字名":"港","丁目名":"４丁目","小字名":null,"予備名":null,"地番":"96-9","精度区分":null,"座標値種別":"図上測量","筆界未定構成筆":null,"代表点緯度":388.003,"代表点経度":1403.35405223}},{"type":"MultiPolygon","arcs":[[[2401,2402,2403,2404]]],"properties":{"筆ID":"H000000831","version":"ver1.0","座標系":"任意座標系","測地系判別":null,"地図名":"H20450301214026","地図番号":"区-C-1","縮尺分母":"600","市区町村コード":"01214","市区町村名":"稚内市","大字コード":"028","丁目コード":"004","小字コード":"0000","予備コード":"00","大字名":"港","丁目名":"４丁目","小字名":null,"予備名":null,"地番":"95-14","精度区分":null,"座標値種別":"図上測量","筆界未定構成筆":null,"代表点緯度":447.7665,"代表点経度":1362.508640714}},{"type":"MultiPolygon","arcs":[[[2405,2406,2407,2408,2409,2410,-2403]]],"properties":{"筆ID":"H000000832","version":"ver1.0","座標系":"任意座標系","測地系判別":null,"地図名":"H20450301214026","地図番号":"区-C-1","縮尺分母":"600","市区町村コード":"01214","市区町村名":"稚内市","大字コード":"028","丁目コード":"004","小字コード":"0000","予備コード":"00","大字名":"港","丁目名":"４丁目","小字名":null,"予備名":null,"地番":"101-1","精度区分":null,"座標値種別":"図上測量","筆界未定構成筆":null,"代表点緯度":462.1345,"代表点経度":1363.456531099}},{"type":"MultiPolygon","arcs":[[[2411,2412,2413,2414]]],"properties":{"筆ID":"H000000833","version":"ver1.0","座標系":"任意座標系","測地系判別":null,"地図名":"H20450301214026","地図番号":"区-C-1","縮尺分母":"600","市区町村コード":"01214","市区町村名":"稚内市","大字コード":"028","丁目コード":"004","小字コード":"0000","予備コード":"00","大字名":"港","丁目名":"４丁目","小字名":null,"予備名":null,"地番":"96-1","精度区分":null,"座標値種別":"図上測量","筆界未定構成筆":null,"代表点緯度":433.624,"代表点経度":1347.81346295}},{"type":"MultiPolygon","arcs":[[[2415,2416,2417,-2341]]],"properties":{"筆ID":"H000000834","version":"ver1.0","座標系":"任意座標系","測地系判別":null,"地図名":"H20450301214026","地図番号":"区-C-1","縮尺分母":"600","市区町村コード":"01214","市区町村名":"稚内市","大字コード":"028","丁目コード":"004","小字コード":"0000","予備コード":"00","大字名":"港","丁目名":"４丁目","小字名":null,"予備名":null,"地番":"95-12","精度区分":null,"座標値種別":"図上測量","筆界未定構成筆":null,"代表点緯度":404.953,"代表点経度":1414.022624469}},{"type":"MultiPolygon","arcs":[[[2418,2419,-2302]]],"properties":{"筆ID":"H000000835","version":"ver1.0","座標系":"任意座標系","測地系判別":null,"地図名":"H20450301214026","地図番号":"区-C-1","縮尺分母":"600","市区町村コード":"01214","市区町村名":"稚内市","大字コード":"028","丁目コード":"004","小字コード":"0000","予備コード":"00","大字名":"港","丁目名":"４丁目","小字名":null,"予備名":null,"地番":"95-13","精度区分":null,"座標値種別":"図上測量","筆界未定構成筆":null,"代表点緯度":426.485,"代表点経度":1432.658569184}},{"type":"MultiPolygon","arcs":[[[2420,-2305,2421]]],"properties":{"筆ID":"H000000836","version":"ver1.0","座標系":"任意座標系","測地系判別":null,"地図名":"H20450301214026","地図番号":"区-C-1","縮尺分母":"600","市区町村コード":"01214","市区町村名":"稚内市","大字コード":"028","丁目コード":"004","小字コード":"0000","予備コード":"00","大字名":"港","丁目名":"４丁目","小字名":null,"予備名":null,"地番":"95-5","精度区分":null,"座標値種別":"図上測量","筆界未定構成筆":null,"代表点緯度":445.359,"代表点経度":1410.728253151}},{"type":"MultiPolygon","arcs":[[[2422,2423,-2306]]],"properties":{"筆ID":"H000000837","version":"ver1.0","座標系":"任意座標系","測地系判別":null,"地図名":"H20450301214026","地図番号":"区-C-1","縮尺分母":"600","市区町村コード":"01214","市区町村名":"稚内市","大字コード":"028","丁目コード":"004","小字コード":"0000","予備コード":"00","大字名":"港","丁目名":"４丁目","小字名":null,"予備名":null,"地番":"106-6","精度区分":null,"座標値種別":"図上測量","筆界未定構成筆":null,"代表点緯度":451.67,"代表点経度":1404.75471249}},{"type":"MultiPolygon","arcs":[[[2424,2425,2426,2427,2428,2429,2430,-2423,2431]]],"properties":{"筆ID":"H000000838","version":"ver1.0","座標系":"任意座標系","測地系判別":null,"地図名":"H20450301214026","地図番号":"区-C-1","縮尺分母":"600","市区町村コード":"01214","市区町村名":"稚内市","大字コード":"028","丁目コード":"004","小字コード":"0000","予備コード":"00","大字名":"港","丁目名":"４丁目","小字名":null,"予備名":null,"地番":"95-35","精度区分":null,"座標値種別":"図上測量","筆界未定構成筆":null,"代表点緯度":442.9105,"代表点経度":1400.461513576}},{"type":"MultiPolygon","arcs":[[[-2421,2432,-2432]]],"properties":{"筆ID":"H000000839","version":"ver1.0","座標系":"任意座標系","測地系判別":null,"地図名":"H20450301214026","地図番号":"区-C-1","縮尺分母":"600","市区町村コード":"01214","市区町村名":"稚内市","大字コード":"028","丁目コード":"004","小字コード":"0000","予備コード":"00","大字名":"港","丁目名":"４丁目","小字名":null,"予備名":null,"地番":"95-38","精度区分":null,"座標値種別":"図上測量","筆界未定構成筆":null,"代表点緯度":445.1065,"代表点経度":1410.637694176}},{"type":"MultiPolygon","arcs":[[[2433,-2422,-2304,2434]]],"properties":{"筆ID":"H000000840","version":"ver1.0","座標系":"任意座標系","測地系判別":null,"地図名":"H20450301214026","地図番号":"区-C-1","縮尺分母":"600","市区町村コード":"01214","市区町村名":"稚内市","大字コード":"028","丁目コード":"004","小字コード":"0000","予備コード":"00","大字名":"港","丁目名":"４丁目","小字名":null,"予備名":null,"地番":"95-9","精度区分":null,"座標値種別":"図上測量","筆界未定構成筆":null,"代表点緯度":440.663,"代表点経度":1416.009927497}},{"type":"MultiPolygon","arcs":[[[2435,2436,2437,2438,2439]]],"properties":{"筆ID":"H000000841","version":"ver1.0","座標系":"任意座標系","測地系判別":null,"地図名":"H20450301214026","地図番号":"区-C-1","縮尺分母":"600","市区町村コード":"01214","市区町村名":"稚内市","大字コード":"028","丁目コード":"004","小字コード":"0000","予備コード":"00","大字名":"港","丁目名":"４丁目","小字名":null,"予備名":null,"地番":"95-7","精度区分":null,"座標値種別":"図上測量","筆界未定構成筆":null,"代表点緯度":423.973,"代表点経度":1395.728695182}},{"type":"MultiPolygon","arcs":[[[2440,2441,-2436,2442]]],"properties":{"筆ID":"H000000842","version":"ver1.0","座標系":"任意座標系","測地系判別":null,"地図名":"H20450301214026","地図番号":"区-C-1","縮尺分母":"600","市区町村コード":"01214","市区町村名":"稚内市","大字コード":"028","丁目コード":"004","小字コード":"0000","予備コード":"00","大字名":"港","丁目名":"４丁目","小字名":null,"予備名":null,"地番":"95-37","精度区分":null,"座標値種別":"図上測量","筆界未定構成筆":null,"代表点緯度":413.9035,"代表点経度":1396.93250112}},{"type":"MultiPolygon","arcs":[[[-2440,2443,2444,-2443]]],"properties":{"筆ID":"H000000843","version":"ver1.0","座標系":"任意座標系","測地系判別":null,"地図名":"H20450301214026","地図番号":"区-C-1","縮尺分母":"600","市区町村コード":"01214","市区町村名":"稚内市","大字コード":"028","丁目コード":"004","小字コード":"0000","予備コード":"00","大字名":"港","丁目名":"４丁目","小字名":null,"予備名":null,"地番":"95-8","精度区分":null,"座標値種別":"図上測量","筆界未定構成筆":null,"代表点緯度":419.216,"代表点経度":1401.16763306}},{"type":"MultiPolygon","arcs":[[[2445,-2441,-2445,2446,2447,2448,-2417]]],"properties":{"筆ID":"H000000844","version":"ver1.0","座標系":"任意座標系","測地系判別":null,"地図名":"H20450301214026","地図番号":"区-C-1","縮尺分母":"600","市区町村コード":"01214","市区町村名":"稚内市","大字コード":"028","丁目コード":"004","小字コード":"0000","予備コード":"00","大字名":"港","丁目名":"４丁目","小字名":null,"予備名":null,"地番":"95-11","精度区分":null,"座標値種別":"図上測量","筆界未定構成筆":null,"代表点緯度":413.146,"代表点経度":1407.947623914}},{"type":"MultiPolygon","arcs":[[[-2444,2449,2450,2451]]],"properties":{"筆ID":"H000000845","version":"ver1.0","座標系":"任意座標系","測地系判別":null,"地図名":"H20450301214026","地図番号":"区-C-1","縮尺分母":"600","市区町村コード":"01214","市区町村名":"稚内市","大字コード":"028","丁目コード":"004","小字コード":"0000","予備コード":"00","大字名":"港","丁目名":"４丁目","小字名":null,"予備名":null,"地番":"95-22","精度区分":null,"座標値種別":"図上測量","筆界未定構成筆":null,"代表点緯度":424.545,"代表点経度":1407.606183912}},{"type":"MultiPolygon","arcs":[[[-2435,-2303,-2420,2452]]],"properties":{"筆ID":"H000000846","version":"ver1.0","座標系":"任意座標系","測地系判別":null,"地図名":"H20450301214026","地図番号":"区-C-1","縮尺分母":"600","市区町村コード":"01214","市区町村名":"稚内市","大字コード":"028","丁目コード":"004","小字コード":"0000","予備コード":"00","大字名":"港","丁目名":"４丁目","小字名":null,"予備名":null,"地番":"95-10","精度区分":null,"座標値種別":"図上測量","筆界未定構成筆":null,"代表点緯度":432.483,"代表点経度":1425.587842387}},{"type":"MultiPolygon","arcs":[[[-2433,-2434,2453,2454]]],"properties":{"筆ID":"H000000847","version":"ver1.0","座標系":"任意座標系","測地系判別":null,"地図名":"H20450301214026","地図番号":"区-C-1","縮尺分母":"600","市区町村コード":"01214","市区町村名":"稚内市","大字コード":"028","丁目コード":"004","小字コード":"0000","予備コード":"00","大字名":"港","丁目名":"４丁目","小字名":null,"予備名":null,"地番":"95-39","精度区分":null,"座標値種別":"図上測量","筆界未定構成筆":null,"代表点緯度":440.518,"代表点経度":1415.064383708}},{"type":"MultiPolygon","arcs":[[[2455,-2454,-2453,2456]]],"properties":{"筆ID":"H000000848","version":"ver1.0","座標系":"任意座標系","測地系判別":null,"地図名":"H20450301214026","地図番号":"区-C-1","縮尺分母":"600","市区町村コード":"01214","市区町村名":"稚内市","大字コード":"028","丁目コード":"004","小字コード":"0000","予備コード":"00","大字名":"港","丁目名":"４丁目","小字名":null,"予備名":null,"地番":"95-40","精度区分":null,"座標値種別":"図上測量","筆界未定構成筆":null,"代表点緯度":430.322,"代表点経度":1426.187988192}},{"type":"MultiPolygon","arcs":[[[-2457,-2419,2457,2458]]],"properties":{"筆ID":"H000000849","version":"ver1.0","座標系":"任意座標系","測地系判別":null,"地図名":"H20450301214026","地図番号":"区-C-1","縮尺分母":"600","市区町村コード":"01214","市区町村名":"稚内市","大字コード":"028","丁目コード":"004","小字コード":"0000","予備コード":"00","大字名":"港","丁目名":"４丁目","小字名":null,"予備名":null,"地番":"95-41","精度区分":null,"座標値種別":"図上測量","筆界未定構成筆":null,"代表点緯度":425.85,"代表点経度":1431.11795575}},{"type":"MultiPolygon","arcs":[[[2459,-2344,2460,2461,2462,-2458,-2310,2463]]],"properties":{"筆ID":"H000000850","version":"ver1.0","座標系":"任意座標系","測地系判別":null,"地図名":"H20450301214026","地図番号":"区-C-1","縮尺分母":"600","市区町村コード":"01214","市区町村名":"稚内市","大字コード":"028","丁目コード":"004","小字コード":"0000","予備コード":"00","大字名":"港","丁目名":"４丁目","小字名":null,"予備名":null,"地番":"106-7","精度区分":null,"座標値種別":"図上測量","筆界未定構成筆":null,"代表点緯度":412.539,"代表点経度":1435.389714593}},{"type":"MultiPolygon","arcs":[[[2464,2465,2466,2467,-2464,-2333,2468,2469]]],"properties":{"筆ID":"H000000851","version":"ver1.0","座標系":"任意座標系","測地系判別":null,"地図名":"H20450301214026","地図番号":"区-C-1","縮尺分母":"600","市区町村コード":"01214","市区町村名":"稚内市","大字コード":"028","丁目コード":"004","小字コード":"0000","予備コード":"00","大字名":"港","丁目名":"４丁目","小字名":null,"予備名":null,"地番":"98-29","精度区分":null,"座標値種別":"図上測量","筆界未定構成筆":null,"代表点緯度":402.5085,"代表点経度":1451.106795187}},{"type":"MultiPolygon","arcs":[[[2470,-2348,-2355,2471]]],"properties":{"筆ID":"H000000852","version":"ver1.0","座標系":"任意座標系","測地系判別":null,"地図名":"H20450301214026","地図番号":"区-C-1","縮尺分母":"600","市区町村コード":"01214","市区町村名":"稚内市","大字コード":"028","丁目コード":"004","小字コード":"0000","予備コード":"00","大字名":"港","丁目名":"４丁目","小字名":null,"予備名":null,"地番":"98-7","精度区分":null,"座標値種別":"図上測量","筆界未定構成筆":null,"代表点緯度":381.757,"代表点経度":1451.038575137}},{"type":"MultiPolygon","arcs":[[[-2349,-2471,2472,2473,-2358]]],"properties":{"筆ID":"H000000853","version":"ver1.0","座標系":"任意座標系","測地系判別":null,"地図名":"H20450301214026","地図番号":"区-C-1","縮尺分母":"600","市区町村コード":"01214","市区町村名":"稚内市","大字コード":"028","丁目コード":"004","小字コード":"0000","予備コード":"00","大字名":"港","丁目名":"４丁目","小字名":null,"予備名":null,"地番":"98-9","精度区分":null,"座標値種別":"図上測量","筆界未定構成筆":null,"代表点緯度":373.582,"代表点経度":1458.333908427}},{"type":"MultiPolygon","arcs":[[[-2469,-2332,-2329,2474]]],"properties":{"筆ID":"H000000854","version":"ver1.0","座標系":"任意座標系","測地系判別":null,"地図名":"H20450301214026","地図番号":"区-C-1","縮尺分母":"600","市区町村コード":"01214","市区町村名":"稚内市","大字コード":"028","丁目コード":"004","小字コード":"0000","予備コード":"00","大字名":"港","丁目名":"４丁目","小字名":null,"予備名":null,"地番":"98-31","精度区分":null,"座標値種別":"図上測量","筆界未定構成筆":null,"代表点緯度":388.3235,"代表点経度":1484.305134962}},{"type":"MultiPolygon","arcs":[[[2475,-2367,-2351,-2360,2476]]],"properties":{"筆ID":"H000000855","version":"ver1.0","座標系":"任意座標系","測地系判別":null,"地図名":"H20450301214026","地図番号":"区-C-1","縮尺分母":"600","市区町村コード":"01214","市区町村名":"稚内市","大字コード":"028","丁目コード":"004","小字コード":"0000","予備コード":"00","大字名":"港","丁目名":"４丁目","小字名":null,"予備名":null,"地番":"98-11","精度区分":null,"座標値種別":"図上測量","筆界未定構成筆":null,"代表点緯度":347.904,"代表点経度":1481.451227038}},{"type":"MultiPolygon","arcs":[[[2477,-2473,2478,-2470,-2475,-2328]]],"properties":{"筆ID":"H000000856","version":"ver1.0","座標系":"任意座標系","測地系判別":null,"地図名":"H20450301214026","地図番号":"区-C-1","縮尺分母":"600","市区町村コード":"01214","市区町村名":"稚内市","大字コード":"028","丁目コード":"004","小字コード":"0000","予備コード":"00","大字名":"港","丁目名":"４丁目","小字名":null,"予備名":null,"地番":"98-23","精度区分":null,"座標値種別":"図上測量","筆界未定構成筆":null,"代表点緯度":384.0115,"代表点経度":1475.685758897}},{"type":"MultiPolygon","arcs":[[[-2477,-2359,-2474,2479,2480]]],"properties":{"筆ID":"H000000857","version":"ver1.0","座標系":"任意座標系","測地系判別":null,"地図名":"H20450301214026","地図番号":"区-C-1","縮尺分母":"600","市区町村コード":"01214","市区町村名":"稚内市","大字コード":"028","丁目コード":"004","小字コード":"0000","予備コード":"00","大字名":"港","丁目名":"４丁目","小字名":null,"予備名":null,"地番":"98-26","精度区分":null,"座標値種別":"図上測量","筆界未定構成筆":null,"代表点緯度":350.661,"代表点経度":1486.157523084}},{"type":"MultiPolygon","arcs":[[[2481,-2480,-2478,-2327,2482]]],"properties":{"筆ID":"H000000858","version":"ver1.0","座標系":"任意座標系","測地系判別":null,"地図名":"H20450301214026","地図番号":"区-C-1","縮尺分母":"600","市区町村コード":"01214","市区町村名":"稚内市","大字コード":"028","丁目コード":"004","小字コード":"0000","予備コード":"00","大字名":"港","丁目名":"４丁目","小字名":null,"予備名":null,"地番":"98-25","精度区分":null,"座標値種別":"図上測量","筆界未定構成筆":null,"代表点緯度":368.5945,"代表点経度":1494.137194321}},{"type":"MultiPolygon","arcs":[[[-2476,-2481,-2482,2483,2484,2485,-2368]]],"properties":{"筆ID":"H000000859","version":"ver1.0","座標系":"任意座標系","測地系判別":null,"地図名":"H20450301214026","地図番号":"区-C-1","縮尺分母":"600","市区町村コード":"01214","市区町村名":"稚内市","大字コード":"028","丁目コード":"004","小字コード":"0000","予備コード":"00","大字名":"港","丁目名":"４丁目","小字名":null,"予備名":null,"地番":"98-1","精度区分":null,"座標値種別":"図上測量","筆界未定構成筆":null,"代表点緯度":349.624,"代表点経度":1508.788254299}},{"type":"MultiPolygon","arcs":[[[2486,-2369,-2486,2487]]],"properties":{"筆ID":"H000000860","version":"ver1.0","座標系":"任意座標系","測地系判別":null,"地図名":"H20450301214026","地図番号":"区-C-1","縮尺分母":"600","市区町村コード":"01214","市区町村名":"稚内市","大字コード":"028","丁目コード":"004","小字コード":"0000","予備コード":"00","大字名":"港","丁目名":"４丁目","小字名":null,"予備名":null,"地番":"98-12","精度区分":null,"座標値種別":"図上測量","筆界未定構成筆":null,"代表点緯度":344.7115,"代表点経度":1498.013886643}},{"type":"MultiPolygon","arcs":[[[2488,-2370,-2487,2489]]],"properties":{"筆ID":"H000000861","version":"ver1.0","座標系":"任意座標系","測地系判別":null,"地図名":"H20450301214026","地図番号":"区-C-1","縮尺分母":"600","市区町村コード":"01214","市区町村名":"稚内市","大字コード":"028","丁目コード":"004","小字コード":"0000","予備コード":"00","大字名":"港","丁目名":"４丁目","小字名":null,"予備名":null,"地番":"98-10","精度区分":null,"座標値種別":"図上測量","筆界未定構成筆":null,"代表点緯度":337.387,"代表点経度":1506.98731387}},{"type":"MultiPolygon","arcs":[[[2490,-2326,-2318,2491,2492]]],"properties":{"筆ID":"H000000862","version":"ver1.0","座標系":"任意座標系","測地系判別":null,"地図名":"H20450301214026","地図番号":"区-C-1","縮尺分母":"600","市区町村コード":"01214","市区町村名":"稚内市","大字コード":"028","丁目コード":"004","小字コード":"0000","予備コード":"00","大字名":"港","丁目名":"４丁目","小字名":null,"予備名":null,"地番":"98-17","精度区分":null,"座標値種別":"図上測量","筆界未定構成筆":null,"代表点緯度":355.269,"代表点経度":1520.435766238}},{"type":"MultiPolygon","arcs":[[[-2483,-2324,-2491,-2484]]],"properties":{"筆ID":"H000000863","version":"ver1.0","座標系":"任意座標系","測地系判別":null,"地図名":"H20450301214026","地図番号":"区-C-1","縮尺分母":"600","市区町村コード":"01214","市区町村名":"稚内市","大字コード":"028","丁目コード":"004","小字コード":"0000","予備コード":"00","大字名":"港","丁目名":"４丁目","小字名":null,"予備名":null,"地番":"98-19","精度区分":null,"座標値種別":"図上測量","筆界未定構成筆":null,"代表点緯度":358.6495,"代表点経度":1509.77467214}},{"type":"MultiPolygon","arcs":[[[-2488,-2485,-2493,2493,-2490]]],"properties":{"筆ID":"H000000864","version":"ver1.0","座標系":"任意座標系","測地系判別":null,"地図名":"H20450301214026","地図番号":"区-C-1","縮尺分母":"600","市区町村コード":"01214","市区町村名":"稚内市","大字コード":"028","丁目コード":"004","小字コード":"0000","予備コード":"00","大字名":"港","丁目名":"４丁目","小字名":null,"予備名":null,"地番":"98-3","精度区分":null,"座標値種別":"図上測量","筆界未定構成筆":null,"代表点緯度":347.395,"代表点経度":1515.250858539}},{"type":"MultiPolygon","arcs":[[[-2492,-2317,-2323,2494]]],"properties":{"筆ID":"H000000865","version":"ver1.0","座標系":"任意座標系","測地系判別":null,"地図名":"H20450301214026","地図番号":"区-C-1","縮尺分母":"600","市区町村コード":"01214","市区町村名":"稚内市","大字コード":"028","丁目コード":"004","小字コード":"0000","予備コード":"00","大字名":"港","丁目名":"４丁目","小字名":null,"予備名":null,"地番":"98-30","精度区分":null,"座標値種別":"図上測量","筆界未定構成筆":null,"代表点緯度":351.344,"代表点経度":1526.743451407}},{"type":"MultiPolygon","arcs":[[[-2371,-2489,-2494,-2495,-2374]]],"properties":{"筆ID":"H000000866","version":"ver1.0","座標系":"任意座標系","測地系判別":null,"地図名":"H20450301214026","地図番号":"区-C-1","縮尺分母":"600","市区町村コード":"01214","市区町村名":"稚内市","大字コード":"028","丁目コード":"004","小字コード":"0000","予備コード":"00","大字名":"港","丁目名":"４丁目","小字名":null,"予備名":null,"地番":"98-16","精度区分":null,"座標値種別":"図上測量","筆界未定構成筆":null,"代表点緯度":334.225,"代表点経度":1514.320854285}},{"type":"MultiPolygon","arcs":[[[-2460,-2468,2495,-2354]]],"properties":{"筆ID":"H000000867","version":"ver1.0","座標系":"任意座標系","測地系判別":null,"地図名":"H20450301214026","地図番号":"区-C-1","縮尺分母":"600","市区町村コード":"01214","市区町村名":"稚内市","大字コード":"028","丁目コード":"004","小字コード":"0000","予備コード":"00","大字名":"港","丁目名":"４丁目","小字名":null,"予備名":null,"地番":"98-20","精度区分":null,"座標値種別":"図上測量","筆界未定構成筆":null,"代表点緯度":400.669,"代表点経度":1438.634794241}},{"type":"MultiPolygon","arcs":[[[2496,-2466,2497,-2357]]],"properties":{"筆ID":"H000000868","version":"ver1.0","座標系":"任意座標系","測地系判別":null,"地図名":"H20450301214026","地図番号":"区-C-1","縮尺分母":"600","市区町村コード":"01214","市区町村名":"稚内市","大字コード":"028","丁目コード":"004","小字コード":"0000","予備コード":"00","大字名":"港","丁目名":"４丁目","小字名":null,"予備名":null,"地番":"98-18","精度区分":null,"座標値種別":"図上測量","筆界未定構成筆":null,"代表点緯度":394.358,"代表点経度":1446.996759981}},{"type":"MultiPolygon","arcs":[[[2498,-2496,-2467,-2497]]],"properties":{"筆ID":"H000000869","version":"ver1.0","座標系":"任意座標系","測地系判別":null,"地図名":"H20450301214026","地図番号":"区-C-1","縮尺分母":"600","市区町村コード":"01214","市区町村名":"稚内市","大字コード":"028","丁目コード":"004","小字コード":"0000","予備コード":"00","大字名":"港","丁目名":"４丁目","小字名":null,"予備名":null,"地番":"98-21","精度区分":null,"座標値種別":"図上測量","筆界未定構成筆":null,"代表点緯度":397.714,"代表点経度":1442.675038986}},{"type":"MultiPolygon","arcs":[[[-2346,-2353,-2499,-2356]]],"properties":{"筆ID":"H000000870","version":"ver1.0","座標系":"任意座標系","測地系判別":null,"地図名":"H20450301214026","地図番号":"区-C-1","縮尺分母":"600","市区町村コード":"01214","市区町村名":"稚内市","大字コード":"028","丁目コード":"004","小字コード":"0000","予備コード":"00","大字名":"港","丁目名":"４丁目","小字名":null,"予備名":null,"地番":"98-5","精度区分":null,"座標値種別":"図上測量","筆界未定構成筆":null,"代表点緯度":391.1025,"代表点経度":1437.265195981}},{"type":"MultiPolygon","arcs":[[[-2498,-2465,-2479,-2472]]],"properties":{"筆ID":"H000000871","version":"ver1.0","座標系":"任意座標系","測地系判別":null,"地図名":"H20450301214026","地図番号":"区-C-1","縮尺分母":"600","市区町村コード":"01214","市区町村名":"稚内市","大字コード":"028","丁目コード":"004","小字コード":"0000","予備コード":"00","大字名":"港","丁目名":"４丁目","小字名":null,"予備名":null,"地番":"98-24","精度区分":null,"座標値種別":"図上測量","筆界未定構成筆":null,"代表点緯度":387.703,"代表点経度":1456.326295886}},{"type":"MultiPolygon","arcs":[[[2499,-2395,-2390,-2387]]],"properties":{"筆ID":"H000000872","version":"ver1.0","座標系":"任意座標系","測地系判別":null,"地図名":"H20450301214026","地図番号":"区-C-1","縮尺分母":"600","市区町村コード":"01214","市区町村名":"稚内市","大字コード":"028","丁目コード":"004","小字コード":"0000","予備コード":"00","大字名":"港","丁目名":"４丁目","小字名":null,"予備名":null,"地番":"97-3","精度区分":null,"座標値種別":"図上測量","筆界未定構成筆":null,"代表点緯度":335.9465,"代表点経度":1442.917556086}},{"type":"MultiPolygon","arcs":[[[2500,2501,2502,2503,-2399,-2397,2504]]],"properties":{"筆ID":"H000000873","version":"ver1.0","座標系":"任意座標系","測地系判別":null,"地図名":"H20450301214026","地図番号":"区-C-1","縮尺分母":"600","市区町村コード":"01214","市区町村名":"稚内市","大字コード":"028","丁目コード":"004","小字コード":"0000","予備コード":"00","大字名":"港","丁目名":"４丁目","小字名":null,"予備名":null,"地番":"96-11","精度区分":null,"座標値種別":"図上測量","筆界未定構成筆":null,"代表点緯度":376.413,"代表点経度":1388.978433232}},{"type":"MultiPolygon","arcs":[[[2505,2506,2507,-2501]]],"properties":{"筆ID":"H000000874","version":"ver1.0","座標系":"任意座標系","測地系判別":null,"地図名":"H20450301214026","地図番号":"区-C-1","縮尺分母":"600","市区町村コード":"01214","市区町村名":"稚内市","大字コード":"028","丁目コード":"004","小字コード":"0000","予備コード":"00","大字名":"港","丁目名":"４丁目","小字名":null,"予備名":null,"地番":"96-5","精度区分":null,"座標値種別":"図上測量","筆界未定構成筆":null,"代表点緯度":379.8315,"代表点経度":1374.822441623}},{"type":"MultiPolygon","arcs":[[[2508,2509,2510,2511,2512,2513,2514,2515,-2507]]],"properties":{"筆ID":"H000000875","version":"ver1.0","座標系":"任意座標系","測地系判別":null,"地図名":"H20450301214026","地図番号":"区-C-1","縮尺分母":"600","市区町村コード":"01214","市区町村名":"稚内市","大字コード":"028","丁目コード":"004","小字コード":"0000","予備コード":"00","大字名":"港","丁目名":"４丁目","小字名":null,"予備名":null,"地番":"96-12","精度区分":null,"座標値種別":"図上測量","筆界未定構成筆":null,"代表点緯度":405.454,"代表点経度":1369.177336668}},{"type":"MultiPolygon","arcs":[[[2516,2517,-2413,2518,2519,-2510]]],"properties":{"筆ID":"H000000876","version":"ver1.0","座標系":"任意座標系","測地系判別":null,"地図名":"H20450301214026","地図番号":"区-C-1","縮尺分母":"600","市区町村コード":"01214","市区町村名":"稚内市","大字コード":"028","丁目コード":"004","小字コード":"0000","予備コード":"00","大字名":"港","丁目名":"４丁目","小字名":null,"予備名":null,"地番":"96-4","精度区分":null,"座標値種別":"図上測量","筆界未定構成筆":null,"代表点緯度":412.429,"代表点経度":1344.452546388}},{"type":"MultiPolygon","arcs":[[[-2412,2520,2521,-2519]]],"properties":{"筆ID":"H000000877","version":"ver1.0","座標系":"任意座標系","測地系判別":null,"地図名":"H20450301214026","地図番号":"区-C-1","縮尺分母":"600","市区町村コード":"01214","市区町村名":"稚内市","大字コード":"028","丁目コード":"004","小字コード":"0000","予備コード":"00","大字名":"港","丁目名":"４丁目","小字名":null,"予備名":null,"地番":"96-2","精度区分":null,"座標値種別":"図上測量","筆界未定構成筆":null,"代表点緯度":424.8065,"代表点経度":1358.423846976}},{"type":"MultiPolygon","arcs":[[[-2522,2522,-2511,-2520]]],"properties":{"筆ID":"H000000878","version":"ver1.0","座標系":"任意座標系","測地系判別":null,"地図名":"H20450301214026","地図番号":"区-C-1","縮尺分母":"600","市区町村コード":"01214","市区町村名":"稚内市","大字コード":"028","丁目コード":"004","小字コード":"0000","予備コード":"00","大字名":"港","丁目名":"４丁目","小字名":null,"予備名":null,"地番":"96-3","精度区分":null,"座標値種別":"図上測量","筆界未定構成筆":null,"代表点緯度":420.0255,"代表点経度":1365.655098073}},{"type":"MultiPolygon","arcs":[[[-2513,2523,2524]]],"properties":{"筆ID":"H000000879","version":"ver1.0","座標系":"任意座標系","測地系判別":null,"地図名":"H20450301214026","地図番号":"区-C-1","縮尺分母":"600","市区町村コード":"01214","市区町村名":"稚内市","大字コード":"028","丁目コード":"004","小字コード":"0000","予備コード":"00","大字名":"港","丁目名":"４丁目","小字名":null,"予備名":null,"地番":"96-13","精度区分":null,"座標値種別":"図上測量","筆界未定構成筆":null,"代表点緯度":405.168,"代表点経度":1383.67732054}},{"type":"MultiPolygon","arcs":[[[2525,-2514,-2525,2526,2527]]],"properties":{"筆ID":"H000000880","version":"ver1.0","座標系":"任意座標系","測地系判別":null,"地図名":"H20450301214026","地図番号":"区-C-1","縮尺分母":"600","市区町村コード":"01214","市区町村名":"稚内市","大字コード":"028","丁目コード":"004","小字コード":"0000","予備コード":"00","大字名":"港","丁目名":"４丁目","小字名":null,"予備名":null,"地番":"96-6","精度区分":null,"座標値種別":"図上測量","筆界未定構成筆":null,"代表点緯度":403.0175,"代表点経度":1386.292907436}},{"type":"MultiPolygon","arcs":[[[2528,-2515,-2526,2529,2530,-2503]]],"properties":{"筆ID":"H000000881","version":"ver1.0","座標系":"任意座標系","測地系判別":null,"地図名":"H20450301214026","地図番号":"区-C-1","縮尺分母":"600","市区町村コード":"01214","市区町村名":"稚内市","大字コード":"028","丁目コード":"004","小字コード":"0000","予備コード":"00","大字名":"港","丁目名":"４丁目","小字名":null,"予備名":null,"地番":"96-15","精度区分":null,"座標値種別":"図上測量","筆界未定構成筆":null,"代表点緯度":390.174,"代表点経度":1382.338817739}},{"type":"MultiPolygon","arcs":[[[-2531,2531,2532,-2400,-2504]]],"properties":{"筆ID":"H000000882","version":"ver1.0","座標系":"任意座標系","測地系判別":null,"地図名":"H20450301214026","地図番号":"区-C-1","縮尺分母":"600","市区町村コード":"01214","市区町村名":"稚内市","大字コード":"028","丁目コード":"004","小字コード":"0000","予備コード":"00","大字名":"港","丁目名":"４丁目","小字名":null,"予備名":null,"地番":"96-8","精度区分":null,"座標値種別":"図上測量","筆界未定構成筆":null,"代表点緯度":393.987,"代表点経度":1397.365723713}},{"type":"MultiPolygon","arcs":[[[-2530,-2528,2533,-2532]]],"properties":{"筆ID":"H000000883","version":"ver1.0","座標系":"任意座標系","測地系判別":null,"地図名":"H20450301214026","地図番号":"区-C-1","縮尺分母":"600","市区町村コード":"01214","市区町村名":"稚内市","大字コード":"028","丁目コード":"004","小字コード":"0000","予備コード":"00","大字名":"港","丁目名":"４丁目","小字名":null,"予備名":null,"地番":"96-7","精度区分":null,"座標値種別":"図上測量","筆界未定構成筆":null,"代表点緯度":399.6175,"代表点経度":1390.492884197}},{"type":"MultiPolygon","arcs":[[[2534,-2392]]],"properties":{"筆ID":"H000000884","version":"ver1.0","座標系":"任意座標系","測地系判別":null,"地図名":"H20450301214026","地図番号":"区-C-1","縮尺分母":"600","市区町村コード":"01214","市区町村名":"稚内市","大字コード":"028","丁目コード":"004","小字コード":"0000","予備コード":"00","大字名":"港","丁目名":"４丁目","小字名":null,"予備名":null,"地番":"97-4","精度区分":null,"座標値種別":"図上測量","筆界未定構成筆":null,"代表点緯度":353.285,"代表点経度":1409.457837502}},{"type":"MultiPolygon","arcs":[[[2535,-2384,-2365,2536]]],"properties":{"筆ID":"H000000885","version":"ver1.0","座標系":"任意座標系","測地系判別":null,"地図名":"H20450301214026","地図番号":"区-C-1","縮尺分母":"600","市区町村コード":"01214","市区町村名":"稚内市","大字コード":"028","丁目コード":"004","小字コード":"0000","予備コード":"00","大字名":"港","丁目名":"４丁目","小字名":null,"予備名":null,"地番":"99-7","精度区分":null,"座標値種別":"図上測量","筆界未定構成筆":null,"代表点緯度":324.8455,"代表点経度":1472.360025246}},{"type":"MultiPolygon","arcs":[[[2537,2538,2539,-2363,-2381]]],"properties":{"筆ID":"H000000886","version":"ver1.0","座標系":"任意座標系","測地系判別":null,"地図名":"H20450301214026","地図番号":"区-C-1","縮尺分母":"600","市区町村コード":"01214","市区町村名":"稚内市","大字コード":"028","丁目コード":"004","小字コード":"0000","予備コード":"00","大字名":"港","丁目名":"４丁目","小字名":null,"予備名":null,"地番":"99-4","精度区分":null,"座標値種別":"図上測量","筆界未定構成筆":null,"代表点緯度":315.6305,"代表点経度":1492.612867528}},{"type":"MultiPolygon","arcs":[[[2540,-2537,-2364,-2540]]],"properties":{"筆ID":"H000000887","version":"ver1.0","座標系":"任意座標系","測地系判別":null,"地図名":"H20450301214026","地図番号":"区-C-1","縮尺分母":"600","市区町村コード":"01214","市区町村名":"稚内市","大字コード":"028","丁目コード":"004","小字コード":"0000","予備コード":"00","大字名":"港","丁目名":"４丁目","小字名":null,"予備名":null,"地番":"99-8","精度区分":null,"座標値種別":"図上測量","筆界未定構成筆":null,"代表点緯度":319.8895,"代表点経度":1482.329927884}},{"type":"MultiPolygon","arcs":[[[2541,-2385,-2536,-2541,-2539]]],"properties":{"筆ID":"H000000888","version":"ver1.0","座標系":"任意座標系","測地系判別":null,"地図名":"H20450301214026","地図番号":"区-C-1","縮尺分母":"600","市区町村コード":"01214","市区町村名":"稚内市","大字コード":"028","丁目コード":"004","小字コード":"0000","予備コード":"00","大字名":"港","丁目名":"４丁目","小字名":null,"予備名":null,"地番":"99-2","精度区分":null,"座標値種別":"図上測量","筆界未定構成筆":null,"代表点緯度":307.612,"代表点経度":1474.499230841}},{"type":"MultiPolygon","arcs":[[[-2516,-2529,-2502,-2508]]],"properties":{"筆ID":"H000000889","version":"ver1.0","座標系":"任意座標系","測地系判別":null,"地図名":"H20450301214026","地図番号":"区-C-1","縮尺分母":"600","市区町村コード":"01214","市区町村名":"稚内市","大字コード":"028","丁目コード":"004","小字コード":"0000","予備コード":"00","大字名":"港","丁目名":"４丁目","小字名":null,"予備名":null,"地番":"96-14","精度区分":null,"座標値種別":"図上測量","筆界未定構成筆":null,"代表点緯度":384.705,"代表点経度":1378.827367297}},{"type":"MultiPolygon","arcs":[[[2542,2543,2544,2545,2546,2547]]],"properties":{"筆ID":"H000000890","version":"ver1.0","座標系":"任意座標系","測地系判別":null,"地図名":"H20450301214026","地図番号":"区-C-1","縮尺分母":"600","市区町村コード":"01214","市区町村名":"稚内市","大字コード":"028","丁目コード":"004","小字コード":"0000","予備コード":"00","大字名":"港","丁目名":"４丁目","小字名":null,"予備名":null,"地番":"95-29","精度区分":null,"座標値種別":"図上測量","筆界未定構成筆":null,"代表点緯度":457.0165,"代表点経度":1385.501921546}},{"type":"MultiPolygon","arcs":[[[2548,2549,-2546,2550]]],"properties":{"筆ID":"H000000891","version":"ver1.0","座標系":"任意座標系","測地系判別":null,"地図名":"H20450301214026","地図番号":"区-C-1","縮尺分母":"600","市区町村コード":"01214","市区町村名":"稚内市","大字コード":"028","丁目コード":"004","小字コード":"0000","予備コード":"00","大字名":"港","丁目名":"４丁目","小字名":null,"予備名":null,"地番":"95-33","精度区分":null,"座標値種別":"図上測量","筆界未定構成筆":null,"代表点緯度":460.5185,"代表点経度":1377.025205689}},{"type":"MultiPolygon","arcs":[[[2551,-2549,-2408]]],"properties":{"筆ID":"H000000892","version":"ver1.0","座標系":"任意座標系","測地系判別":null,"地図名":"H20450301214026","地図番号":"区-C-1","縮尺分母":"600","市区町村コード":"01214","市区町村名":"稚内市","大字コード":"028","丁目コード":"004","小字コード":"0000","予備コード":"00","大字名":"港","丁目名":"４丁目","小字名":null,"予備名":null,"地番":"101-2","精度区分":null,"座標値種別":"図上測量","筆界未定構成筆":null,"代表点緯度":470.979,"代表点経度":1371.528909778}},{"type":"MultiPolygon","arcs":[[[2552,-2405,2553,2554,2555,2556,2557,2558]]],"properties":{"筆ID":"H000000893","version":"ver1.0","座標系":"任意座標系","測地系判別":null,"地図名":"H20450301214026","地図番号":"区-C-1","縮尺分母":"600","市区町村コード":"01214","市区町村名":"稚内市","大字コード":"028","丁目コード":"004","小字コード":"0000","予備コード":"00","大字名":"港","丁目名":"４丁目","小字名":null,"予備名":null,"地番":"95-19","精度区分":null,"座標値種別":"図上測量","筆界未定構成筆":null,"代表点緯度":443.7905,"代表点経度":1371.833196543}},{"type":"MultiPolygon","arcs":[[[2559,2560,-2559,2561,2562]]],"properties":{"筆ID":"H000000894","version":"ver1.0","座標系":"任意座標系","測地系判別":null,"地図名":"H20450301214026","地図番号":"区-C-1","縮尺分母":"600","市区町村コード":"01214","市区町村名":"稚内市","大字コード":"028","丁目コード":"004","小字コード":"0000","予備コード":"00","大字名":"港","丁目名":"４丁目","小字名":null,"予備名":null,"地番":"95-3","精度区分":null,"座標値種別":"図上測量","筆界未定構成筆":null,"代表点緯度":439.102,"代表点経度":1378.899412731}},{"type":"MultiPolygon","arcs":[[[2563,2564,-2560,2565,2566]]],"properties":{"筆ID":"H000000895","version":"ver1.0","座標系":"任意座標系","測地系判別":null,"地図名":"H20450301214026","地図番号":"区-C-1","縮尺分母":"600","市区町村コード":"01214","市区町村名":"稚内市","大字コード":"028","丁目コード":"004","小字コード":"0000","予備コード":"00","大字名":"港","丁目名":"４丁目","小字名":null,"予備名":null,"地番":"95-6","精度区分":null,"座標値種別":"図上測量","筆界未定構成筆":null,"代表点緯度":433.761,"代表点経度":1385.00080701}},{"type":"MultiPolygon","arcs":[[[2567,-2409,-2551,2568,-2556]]],"properties":{"筆ID":"H000000896","version":"ver1.0","座標系":"任意座標系","測地系判別":null,"地図名":"H20450301214026","地図番号":"区-C-1","縮尺分母":"600","市区町村コード":"01214","市区町村名":"稚内市","大字コード":"028","丁目コード":"004","小字コード":"0000","予備コード":"00","大字名":"港","丁目名":"４丁目","小字名":null,"予備名":null,"地番":"95-1","精度区分":null,"座標値種別":"図上測量","筆界未定構成筆":null,"代表点緯度":458.259,"代表点経度":1372.253028255}},{"type":"MultiPolygon","arcs":[[[-2544,2569,-2558]]],"properties":{"筆ID":"H000000897","version":"ver1.0","座標系":"任意座標系","測地系判別":null,"地図名":"H20450301214026","地図番号":"区-C-1","縮尺分母":"600","市区町村コード":"01214","市区町村名":"稚内市","大字コード":"028","丁目コード":"004","小字コード":"0000","予備コード":"00","大字名":"港","丁目名":"４丁目","小字名":null,"予備名":null,"地番":"95-32","精度区分":null,"座標値種別":"図上測量","筆界未定構成筆":null,"代表点緯度":452.1935,"代表点経度":1380.716222798}},{"type":"MultiPolygon","arcs":[[[-2570,-2543,2570,-2429,-2562]]],"properties":{"筆ID":"H000000898","version":"ver1.0","座標系":"任意座標系","測地系判別":null,"地図名":"H20450301214026","地図番号":"区-C-1","縮尺分母":"600","市区町村コード":"01214","市区町村名":"稚内市","大字コード":"028","丁目コード":"004","小字コード":"0000","予備コード":"00","大字名":"港","丁目名":"４丁目","小字名":null,"予備名":null,"地番":"95-31","精度区分":null,"座標値種別":"図上測量","筆界未定構成筆":null,"代表点緯度":446.377,"代表点経度":1386.688890173}},{"type":"MultiPolygon","arcs":[[[-2557,-2569,-2545]]],"properties":{"筆ID":"H000000899","version":"ver1.0","座標系":"任意座標系","測地系判別":null,"地図名":"H20450301214026","地図番号":"区-C-1","縮尺分母":"600","市区町村コード":"01214","市区町村名":"稚内市","大字コード":"028","丁目コード":"004","小字コード":"0000","予備コード":"00","大字名":"港","丁目名":"４丁目","小字名":null,"予備名":null,"地番":"95-4","精度区分":null,"座標値種別":"図上測量","筆界未定構成筆":null,"代表点緯度":454.74,"代表点経度":1378.183778704}},{"type":"MultiPolygon","arcs":[[[-2548,2571,-2430,-2571]]],"properties":{"筆ID":"H000000900","version":"ver1.0","座標系":"任意座標系","測地系判別":null,"地図名":"H20450301214026","地図番号":"区-C-1","縮尺分母":"600","市区町村コード":"01214","市区町村名":"稚内市","大字コード":"028","丁目コード":"004","小字コード":"0000","予備コード":"00","大字名":"港","丁目名":"４丁目","小字名":null,"予備名":null,"地番":"95-20","精度区分":null,"座標値種別":"図上測量","筆界未定構成筆":null,"代表点緯度":451.3395,"代表点経度":1392.13972921}},{"type":"MultiPolygon","arcs":[[[-2427,2572,-2567]]],"properties":{"筆ID":"H000000901","version":"ver1.0","座標系":"任意座標系","測地系判別":null,"地図名":"H20450301214026","地図番号":"区-C-1","縮尺分母":"600","市区町村コード":"01214","市区町村名":"稚内市","大字コード":"028","丁目コード":"004","小字コード":"0000","予備コード":"00","大字名":"港","丁目名":"４丁目","小字名":null,"予備名":null,"地番":"95-27","精度区分":null,"座標値種別":"図上測量","筆界未定構成筆":null,"代表点緯度":439.066,"代表点経度":1391.813111345}},{"type":"MultiPolygon","arcs":[[[2573,-2573,-2426,-2450,-2439]]],"properties":{"筆ID":"H000000902","version":"ver1.0","座標系":"任意座標系","測地系判別":null,"地図名":"H20450301214026","地図番号":"区-C-1","縮尺分母":"600","市区町村コード":"01214","市区町村名":"稚内市","大字コード":"028","丁目コード":"004","小字コード":"0000","予備コード":"00","大字名":"港","丁目名":"４丁目","小字名":null,"予備名":null,"地番":"95-28","精度区分":null,"座標値種別":"図上測量","筆界未定構成筆":null,"代表点緯度":434.346,"代表点経度":1396.85282412}},{"type":"MultiPolygon","arcs":[[[-2566,-2563,-2428]]],"properties":{"筆ID":"H000000903","version":"ver1.0","座標系":"任意座標系","測地系判別":null,"地図名":"H20450301214026","地図番号":"区-C-1","縮尺分母":"600","市区町村コード":"01214","市区町村名":"稚内市","大字コード":"028","丁目コード":"004","小字コード":"0000","予備コード":"00","大字名":"港","丁目名":"４丁目","小字名":null,"予備名":null,"地番":"95-34","精度区分":null,"座標値種別":"図上測量","筆界未定構成筆":null,"代表点緯度":441.3995,"代表点経度":1389.407866274}},{"type":"MultiPolygon","arcs":[[[2574,2575,2576,2577,-2461]]],"properties":{"筆ID":"H000000904","version":"ver1.0","座標系":"任意座標系","測地系判別":null,"地図名":"H20450301214026","地図番号":"区-C-1","縮尺分母":"600","市区町村コード":"01214","市区町村名":"稚内市","大字コード":"028","丁目コード":"004","小字コード":"0000","予備コード":"00","大字名":"港","丁目名":"４丁目","小字名":null,"予備名":null,"地番":"95-26","精度区分":null,"座標値種別":"図上測量","筆界未定構成筆":null,"代表点緯度":413.1575,"代表点経度":1420.76170831}},{"type":"MultiPolygon","arcs":[[[2578,2579,-2462,-2578]]],"properties":{"筆ID":"H000000905","version":"ver1.0","座標系":"任意座標系","測地系判別":null,"地図名":"H20450301214026","地図番号":"区-C-1","縮尺分母":"600","市区町村コード":"01214","市区町村名":"稚内市","大字コード":"028","丁目コード":"004","小字コード":"0000","予備コード":"00","大字名":"港","丁目名":"４丁目","小字名":null,"予備名":null,"地番":"95-18","精度区分":null,"座標値種別":"図上測量","筆界未定構成筆":null,"代表点緯度":415.43,"代表点経度":1424.839600575}},{"type":"MultiPolygon","arcs":[[[-2425,-2455,2580,-2451]]],"properties":{"筆ID":"H000000906","version":"ver1.0","座標系":"任意座標系","測地系判別":null,"地図名":"H20450301214026","地図番号":"区-C-1","縮尺分母":"600","市区町村コード":"01214","市区町村名":"稚内市","大字コード":"028","丁目コード":"004","小字コード":"0000","予備コード":"00","大字名":"港","丁目名":"４丁目","小字名":null,"予備名":null,"地番":"95-23","精度区分":null,"座標値種別":"図上測量","筆界未定構成筆":null,"代表点緯度":432.4745,"代表点経度":1411.89614206}},{"type":"MultiPolygon","arcs":[[[-2577,2581,-2581,-2456,2582,-2579]]],"properties":{"筆ID":"H000000907","version":"ver1.0","座標系":"任意座標系","測地系判別":null,"地図名":"H20450301214026","地図番号":"区-C-1","縮尺分母":"600","市区町村コード":"01214","市区町村名":"稚内市","大字コード":"028","丁目コード":"004","小字コード":"0000","予備コード":"00","大字名":"港","丁目名":"４丁目","小字名":null,"予備名":null,"地番":"95-24","精度区分":null,"座標値種別":"図上測量","筆界未定構成筆":null,"代表点緯度":425.437,"代表点経度":1420.095805615}},{"type":"MultiPolygon","arcs":[[[-2583,-2459,-2463,-2580]]],"properties":{"筆ID":"H000000908","version":"ver1.0","座標系":"任意座標系","測地系判別":null,"地図名":"H20450301214026","地図番号":"区-C-1","縮尺分母":"600","市区町村コード":"01214","市区町村名":"稚内市","大字コード":"028","丁目コード":"004","小字コード":"0000","予備コード":"00","大字名":"港","丁目名":"４丁目","小字名":null,"予備名":null,"地番":"95-25","精度区分":null,"座標値種別":"図上測量","筆界未定構成筆":null,"代表点緯度":420.912,"代表点経度":1429.265488643}},{"type":"MultiPolygon","arcs":[[[-2449,2583,-2342,-2418]]],"properties":{"筆ID":"H000000909","version":"ver1.0","座標系":"任意座標系","測地系判別":null,"地図名":"H20450301214026","地図番号":"区-C-1","縮尺分母":"600","市区町村コード":"01214","市区町村名":"稚内市","大字コード":"028","丁目コード":"004","小字コード":"0000","予備コード":"00","大字名":"港","丁目名":"４丁目","小字名":null,"予備名":null,"地番":"95-16","精度区分":null,"座標値種別":"図上測量","筆界未定構成筆":null,"代表点緯度":409.096,"代表点経度":1417.451539832}},{"type":"MultiPolygon","arcs":[[[-2448,2584,-2575,-2343,-2584]]],"properties":{"筆ID":"H000000910","version":"ver1.0","座標系":"任意座標系","測地系判別":null,"地図名":"H20450301214026","地図番号":"区-C-1","縮尺分母":"600","市区町村コード":"01214","市区町村名":"稚内市","大字コード":"028","丁目コード":"004","小字コード":"0000","予備コード":"00","大字名":"港","丁目名":"４丁目","小字名":null,"予備名":null,"地番":"95-15","精度区分":null,"座標値種別":"図上測量","筆界未定構成筆":null,"代表点緯度":411.0195,"代表点経度":1418.97025844}},{"type":"MultiPolygon","arcs":[[[-2447,-2452,-2582,-2576,-2585]]],"properties":{"筆ID":"H000000911","version":"ver1.0","座標系":"任意座標系","測地系判別":null,"地図名":"H20450301214026","地図番号":"区-C-1","縮尺分母":"600","市区町村コード":"01214","市区町村名":"稚内市","大字コード":"028","丁目コード":"004","小字コード":"0000","予備コード":"00","大字名":"港","丁目名":"４丁目","小字名":null,"予備名":null,"地番":"95-30","精度区分":null,"座標値種別":"図上測量","筆界未定構成筆":null,"代表点緯度":419.6735,"代表点経度":1413.173462886}},{"type":"MultiPolygon","arcs":[[[2585,-2564,-2574,-2438]]],"properties":{"筆ID":"H000000912","version":"ver1.0","座標系":"任意座標系","測地系判別":null,"地図名":"H20450301214026","地図番号":"区-C-1","縮尺分母":"600","市区町村コード":"01214","市区町村名":"稚内市","大字コード":"028","丁目コード":"004","小字コード":"0000","予備コード":"00","大字名":"港","丁目名":"４丁目","小字名":null,"予備名":null,"地番":"95-36","精度区分":null,"座標値種別":"図上測量","筆界未定構成筆":null,"代表点緯度":428.0975,"代表点経度":1391.017215872}},{"type":"MultiPolygon","arcs":[[[-2410,-2568,-2555,2586]]],"properties":{"筆ID":"H000000913","version":"ver1.0","座標系":"任意座標系","測地系判別":null,"地図名":"H20450301214026","地図番号":"区-C-1","縮尺分母":"600","市区町村コード":"01214","市区町村名":"稚内市","大字コード":"028","丁目コード":"004","小字コード":"0000","予備コード":"00","大字名":"港","丁目名":"４丁目","小字名":null,"予備名":null,"地番":"95-2","精度区分":null,"座標値種別":"図上測量","筆界未定構成筆":null,"代表点緯度":453.9515,"代表点経度":1368.159055218}},{"type":"MultiPolygon","arcs":[[[-2411,-2587,-2554,-2404]]],"properties":{"筆ID":"H000000914","version":"ver1.0","座標系":"任意座標系","測地系判別":null,"地図名":"H20450301214026","地図番号":"区-C-1","縮尺分母":"600","市区町村コード":"01214","市区町村名":"稚内市","大字コード":"028","丁目コード":"004","小字コード":"0000","予備コード":"00","大字名":"港","丁目名":"４丁目","小字名":null,"予備名":null,"地番":"95-21","精度区分":null,"座標値種別":"図上測量","筆界未定構成筆":null,"代表点緯度":450.6115,"代表点経度":1365.68514701}},{"type":"MultiPolygon","arcs":[[[2587,2588,2589]]],"properties":{"筆ID":"H000000915","version":"ver1.0","座標系":"任意座標系","測地系判別":null,"地図名":"H20450301214026","地図番号":"区-C-2","縮尺分母":"600","市区町村コード":"01214","市区町村名":"稚内市","大字コード":"031","丁目コード":"001","小字コード":"0000","予備コード":"00","大字名":"緑","丁目名":"１丁目","小字名":null,"予備名":null,"地番":"36-35","精度区分":null,"座標値種別":"図上測量","筆界未定構成筆":null,"代表点緯度":78.9785,"代表点経度":1606.448385552}},{"type":"MultiPolygon","arcs":[[[-2590,2590,2591,2592,2593,2594]]],"properties":{"筆ID":"H000000916","version":"ver1.0","座標系":"任意座標系","測地系判別":null,"地図名":"H20450301214026","地図番号":"区-C-2","縮尺分母":"600","市区町村コード":"01214","市区町村名":"稚内市","大字コード":"031","丁目コード":"001","小字コード":"0000","予備コード":"00","大字名":"緑","丁目名":"１丁目","小字名":null,"予備名":null,"地番":"36-5","精度区分":null,"座標値種別":"図上測量","筆界未定構成筆":null,"代表点緯度":72.9215,"代表点経度":1596.152507724}},{"type":"MultiPolygon","arcs":[[[2595,2596,-2594]]],"properties":{"筆ID":"H000000917","version":"ver1.0","座標系":"任意座標系","測地系判別":null,"地図名":"H20450301214026","地図番号":"区-C-2","縮尺分母":"600","市区町村コード":"01214","市区町村名":"稚内市","大字コード":"031","丁目コード":"001","小字コード":"0000","予備コード":"00","大字名":"緑","丁目名":"１丁目","小字名":null,"予備名":null,"地番":"36-33","精度区分":null,"座標値種別":"図上測量","筆界未定構成筆":null,"代表点緯度":67.309,"代表点経度":1584.986109094}},{"type":"MultiPolygon","arcs":[[[-2593,2597,-2596]]],"properties":{"筆ID":"H000000918","version":"ver1.0","座標系":"任意座標系","測地系判別":null,"地図名":"H20450301214026","地図番号":"区-C-2","縮尺分母":"600","市区町村コード":"01214","市区町村名":"稚内市","大字コード":"031","丁目コード":"001","小字コード":"0000","予備コード":"00","大字名":"緑","丁目名":"１丁目","小字名":null,"予備名":null,"地番":"36-34","精度区分":null,"座標値種別":"図上測量","筆界未定構成筆":null,"代表点緯度":54.2035,"代表点経度":1593.285755021}},{"type":"MultiPolygon","arcs":[[[2598,-2591,-2589]]],"properties":{"筆ID":"H000000919","version":"ver1.0","座標系":"任意座標系","測地系判別":null,"地図名":"H20450301214026","地図番号":"区-C-2","縮尺分母":"600","市区町村コード":"01214","市区町村名":"稚内市","大字コード":"031","丁目コード":"001","小字コード":"0000","予備コード":"00","大字名":"緑","丁目名":"１丁目","小字名":null,"予備名":null,"地番":"36-36","精度区分":null,"座標値種別":"図上測量","筆界未定構成筆":null,"代表点緯度":66.5975,"代表点経度":1614.30328535}},{"type":"MultiPolygon","arcs":[[[2599,2600,2601,2602]]],"properties":{"筆ID":"H000000920","version":"ver1.0","座標系":"任意座標系","測地系判別":null,"地図名":"H20450301214026","地図番号":"区-C-15","縮尺分母":"600","市区町村コード":"01214","市区町村名":"稚内市","大字コード":"031","丁目コード":"003","小字コード":"0000","予備コード":"00","大字名":"緑","丁目名":"３丁目","小字名":null,"予備名":null,"地番":"63-32","精度区分":null,"座標値種別":"図上測量","筆界未定構成筆":null,"代表点緯度":-536.099,"代表点経度":1449.799286909}},{"type":"MultiPolygon","arcs":[[[2603,2604,-2600,2605]]],"properties":{"筆ID":"H000000921","version":"ver1.0","座標系":"任意座標系","測地系判別":null,"地図名":"H20450301214026","地図番号":"区-C-15","縮尺分母":"600","市区町村コード":"01214","市区町村名":"稚内市","大字コード":"031","丁目コード":"003","小字コード":"0000","予備コード":"00","大字名":"緑","丁目名":"３丁目","小字名":null,"予備名":null,"地番":"63-33","精度区分":null,"座標値種別":"図上測量","筆界未定構成筆":null,"代表点緯度":-527.733,"代表点経度":1458.562287702}},{"type":"MultiPolygon","arcs":[[[2606,2607,-2602]]],"properties":{"筆ID":"H000000922","version":"ver1.0","座標系":"任意座標系","測地系判別":null,"地図名":"H20450301214026","地図番号":"区-C-15","縮尺分母":"600","市区町村コード":"01214","市区町村名":"稚内市","大字コード":"031","丁目コード":"003","小字コード":"0000","予備コード":"00","大字名":"緑","丁目名":"３丁目","小字名":null,"予備名":null,"地番":"63-31","精度区分":null,"座標値種別":"図上測量","筆界未定構成筆":null,"代表点緯度":-550.917,"代表点経度":1427.517734483}},{"type":"MultiPolygon","arcs":[[[2608,2609,2610,-155]]],"properties":{"筆ID":"H000000923","version":"ver1.0","座標系":"任意座標系","測地系判別":null,"地図名":"H20450301214026","地図番号":"区-C-15","縮尺分母":"600","市区町村コード":"01214","市区町村名":"稚内市","大字コード":"031","丁目コード":"003","小字コード":"0000","予備コード":"00","大字名":"緑","丁目名":"３丁目","小字名":null,"予備名":null,"地番":"63-35","精度区分":null,"座標値種別":"図上測量","筆界未定構成筆":null,"代表点緯度":-521.0595,"代表点経度":1452.114071442}},{"type":"MultiPolygon","arcs":[[[2611,-2606,2612,-2610]]],"properties":{"筆ID":"H000000924","version":"ver1.0","座標系":"任意座標系","測地系判別":null,"地図名":"H20450301214026","地図番号":"区-C-15","縮尺分母":"600","市区町村コード":"01214","市区町村名":"稚内市","大字コード":"031","丁目コード":"003","小字コード":"0000","予備コード":"00","大字名":"緑","丁目名":"３丁目","小字名":null,"予備名":null,"地番":"63-28","精度区分":null,"座標値種別":"図上測量","筆界未定構成筆":null,"代表点緯度":-524.2185,"代表点経度":1455.133998697}},{"type":"MultiPolygon","arcs":[[[2613,2614,2615,-197,2616,2617,2618,-230]]],"properties":{"筆ID":"H000000925","version":"ver1.0","座標系":"任意座標系","測地系判別":null,"地図名":"H20450301214026","地図番号":"区-C-15","縮尺分母":"600","市区町村コード":"01214","市区町村名":"稚内市","大字コード":"031","丁目コード":"003","小字コード":"0000","予備コード":"00","大字名":"緑","丁目名":"３丁目","小字名":null,"予備名":null,"地番":"111-4","精度区分":null,"座標値種別":"図上測量","筆界未定構成筆":null,"代表点緯度":-525.445,"代表点経度":1482.995140429}},{"type":"MultiPolygon","arcs":[[[-2619,2619,2620,-215,-231,-223]]],"properties":{"筆ID":"H000000926","version":"ver1.0","座標系":"任意座標系","測地系判別":null,"地図名":"H20450301214026","地図番号":"区-C-15","縮尺分母":"600","市区町村コード":"01214","市区町村名":"稚内市","大字コード":"031","丁目コード":"003","小字コード":"0000","予備コード":"00","大字名":"緑","丁目名":"３丁目","小字名":null,"予備名":null,"地番":"58-22","精度区分":null,"座標値種別":"図上測量","筆界未定構成筆":null,"代表点緯度":-513.0905,"代表点経度":1480.155135883}},{"type":"MultiPolygon","arcs":[[[2621,-142,-157,2622,-2607,-2601,-2605,2623,-2617,-196,-201,-192,-199,-190,-200,-194,-202,-198,-2616]]],"properties":{"筆ID":"H000000927","version":"ver1.0","座標系":"任意座標系","測地系判別":null,"地図名":"H20450301214026","地図番号":"区-C-15","縮尺分母":"600","市区町村コード":"01214","市区町村名":"稚内市","大字コード":"031","丁目コード":"003","小字コード":"0000","予備コード":"00","大字名":"緑","丁目名":"３丁目","小字名":null,"予備名":null,"地番":"63-2","精度区分":null,"座標値種別":"図上測量","筆界未定構成筆":null,"代表点緯度":-556.795,"代表点経度":1438.887078441}},{"type":"MultiPolygon","arcs":[[[-2624,-2604,2624,-2620,-2618]]],"properties":{"筆ID":"H000000928","version":"ver1.0","座標系":"任意座標系","測地系判別":null,"地図名":"H20450301214026","地図番号":"区-C-15","縮尺分母":"600","市区町村コード":"01214","市区町村名":"稚内市","大字コード":"031","丁目コード":"003","小字コード":"0000","予備コード":"00","大字名":"緑","丁目名":"３丁目","小字名":null,"予備名":null,"地番":"63-34","精度区分":null,"座標値種別":"図上測量","筆界未定構成筆":null,"代表点緯度":-517.8805,"代表点経度":1468.837089765}},{"type":"MultiPolygon","arcs":[[[-2621,-2625,-2612,2625,2626,-216]]],"properties":{"筆ID":"H000000929","version":"ver1.0","座標系":"任意座標系","測地系判別":null,"地図名":"H20450301214026","地図番号":"区-C-15","縮尺分母":"600","市区町村コード":"01214","市区町村名":"稚内市","大字コード":"031","丁目コード":"003","小字コード":"0000","予備コード":"00","大字名":"緑","丁目名":"３丁目","小字名":null,"予備名":null,"地番":"63-27","精度区分":null,"座標値種別":"図上測量","筆界未定構成筆":null,"代表点緯度":-513.9015,"代表点経度":1465.879155182}},{"type":"MultiPolygon","arcs":[[[2627,-2626,-2609,-154,-29]]],"properties":{"筆ID":"H000000930","version":"ver1.0","座標系":"任意座標系","測地系判別":null,"地図名":"H20450301214026","地図番号":"区-C-15","縮尺分母":"600","市区町村コード":"01214","市区町村名":"稚内市","大字コード":"031","丁目コード":"003","小字コード":"0000","予備コード":"00","大字名":"緑","丁目名":"３丁目","小字名":null,"予備名":null,"地番":"63-36","精度区分":null,"座標値種別":"図上測量","筆界未定構成筆":null,"代表点緯度":-514.15,"代表点経度":1459.33871707}},{"type":"MultiPolygon","arcs":[[[-2627,-2628,-42,-236,-166,-371,-217]]],"properties":{"筆ID":"H000000931","version":"ver1.0","座標系":"任意座標系","測地系判別":null,"地図名":"H20450301214026","地図番号":"区-C-15","縮尺分母":"600","市区町村コード":"01214","市区町村名":"稚内市","大字コード":"031","丁目コード":"003","小字コード":"0000","予備コード":"00","大字名":"緑","丁目名":"３丁目","小字名":null,"予備名":null,"地番":"58-18","精度区分":null,"座標値種別":"図上測量","筆界未定構成筆":null,"代表点緯度":-499.0165,"代表点経度":1471.842960801}},{"type":"MultiPolygon","arcs":[[[-2611,2628,-2623,-156]]],"properties":{"筆ID":"H000000932","version":"ver1.0","座標系":"任意座標系","測地系判別":null,"地図名":"H20450301214026","地図番号":"区-C-15","縮尺分母":"600","市区町村コード":"01214","市区町村名":"稚内市","大字コード":"031","丁目コード":"003","小字コード":"0000","予備コード":"00","大字名":"緑","丁目名":"３丁目","小字名":null,"予備名":null,"地番":"63-37","精度区分":null,"座標値種別":"図上測量","筆界未定構成筆":null,"代表点緯度":-528.9235,"代表点経度":1443.896758256}},{"type":"MultiPolygon","arcs":[[[-2613,-2603,-2608,-2629]]],"properties":{"筆ID":"H000000933","version":"ver1.0","座標系":"任意座標系","測地系判別":null,"地図名":"H20450301214026","地図番号":"区-C-15","縮尺分母":"600","市区町村コード":"01214","市区町村名":"稚内市","大字コード":"031","丁目コード":"003","小字コード":"0000","予備コード":"00","大字名":"緑","丁目名":"３丁目","小字名":null,"予備名":null,"地番":"63-29","精度区分":null,"座標値種別":"図上測量","筆界未定構成筆":null,"代表点緯度":-532.5775,"代表点経度":1446.435108983}},{"type":"MultiPolygon","arcs":[[[-754,-1829,-783]]],"properties":{"筆ID":"H000000934","version":"ver1.0","座標系":"任意座標系","測地系判別":null,"地図名":"H20450301214026","地図番号":"区-C-10","縮尺分母":"600","市区町村コード":"01214","市区町村名":"稚内市","大字コード":"031","丁目コード":"002","小字コード":"0000","予備コード":"00","大字名":"緑","丁目名":"２丁目","小字名":null,"予備名":null,"地番":"道-1-1","精度区分":null,"座標値種別":"図上測量","筆界未定構成筆":null,"代表点緯度":-136.307,"代表点経度":1760.106603061}},{"type":"MultiPolygon","arcs":[[[2629,2630,2631,2632,2633]]],"properties":{"筆ID":"H000000935","version":"ver1.0","座標系":"任意座標系","測地系判別":null,"地図名":"H20450301214026","地図番号":"区-C-6","縮尺分母":"600","市区町村コード":"01214","市区町村名":"稚内市","大字コード":"031","丁目コード":"001","小字コード":"0000","予備コード":"00","大字名":"緑","丁目名":"１丁目","小字名":null,"予備名":null,"地番":"2552-12","精度区分":null,"座標値種別":null,"筆界未定構成筆":null,"代表点緯度":109.7925,"代表点経度":1461.880523511}},{"type":"MultiPolygon","arcs":[[[-2633,2634,2635,2636]]],"properties":{"筆ID":"H000000936","version":"ver1.0","座標系":"任意座標系","測地系判別":null,"地図名":"H20450301214026","地図番号":"区-C-6","縮尺分母":"600","市区町村コード":"01214","市区町村名":"稚内市","大字コード":"031","丁目コード":"001","小字コード":"0000","予備コード":"00","大字名":"緑","丁目名":"１丁目","小字名":null,"予備名":null,"地番":"2552-11","精度区分":null,"座標値種別":null,"筆界未定構成筆":null,"代表点緯度":100.584,"代表点経度":1445.791373416}},{"type":"MultiPolygon","arcs":[[[2637,-2630,2638,2639]]],"properties":{"筆ID":"H000000937","version":"ver1.0","座標系":"任意座標系","測地系判別":null,"地図名":"H20450301214026","地図番号":"区-C-6","縮尺分母":"600","市区町村コード":"01214","市区町村名":"稚内市","大字コード":"031","丁目コード":"001","小字コード":"0000","予備コード":"00","大字名":"緑","丁目名":"１丁目","小字名":null,"予備名":null,"地番":"2552-14","精度区分":null,"座標値種別":null,"筆界未定構成筆":null,"代表点緯度":120.3365,"代表点経度":1466.930818421}},{"type":"MultiPolygon","arcs":[[[2640,-2637,2641,2642]]],"properties":{"筆ID":"H000000938","version":"ver1.0","座標系":"任意座標系","測地系判別":null,"地図名":"H20450301214026","地図番号":"区-C-6","縮尺分母":"600","市区町村コード":"01214","市区町村名":"稚内市","大字コード":"031","丁目コード":"001","小字コード":"0000","予備コード":"00","大字名":"緑","丁目名":"１丁目","小字名":null,"予備名":null,"地番":"2552-10","精度区分":null,"座標値種別":null,"筆界未定構成筆":null,"代表点緯度":106.415,"代表点経度":1441.693114003}},{"type":"MultiPolygon","arcs":[[[-2639,-2634,-2641,2643]]],"properties":{"筆ID":"H000000939","version":"ver1.0","座標系":"任意座標系","測地系判別":null,"地図名":"H20450301214026","地図番号":"区-C-6","縮尺分母":"600","市区町村コード":"01214","市区町村名":"稚内市","大字コード":"031","丁目コード":"001","小字コード":"0000","予備コード":"00","大字名":"緑","丁目名":"１丁目","小字名":null,"予備名":null,"地番":"2552-13","精度区分":null,"座標値種別":null,"筆界未定構成筆":null,"代表点緯度":115.9195,"代表点経度":1458.264512348}},{"type":"MultiPolygon","arcs":[[[2644,-2640,-2644,-2643,2645,2646]]],"properties":{"筆ID":"H000000940","version":"ver1.0","座標系":"任意座標系","測地系判別":null,"地図名":"H20450301214026","地図番号":"区-C-6","縮尺分母":"600","市区町村コード":"01214","市区町村名":"稚内市","大字コード":"031","丁目コード":"001","小字コード":"0000","予備コード":"00","大字名":"緑","丁目名":"１丁目","小字名":null,"予備名":null,"地番":"2552-8","精度区分":null,"座標値種別":null,"筆界未定構成筆":null,"代表点緯度":119.999,"代表点経度":1449.307190984}},{"type":"MultiPolygon","arcs":[[[-2647,2647,2648]]],"properties":{"筆ID":"H000000941","version":"ver1.0","座標系":"任意座標系","測地系判別":null,"地図名":"H20450301214026","地図番号":"区-C-6","縮尺分母":"600","市区町村コード":"01214","市区町村名":"稚内市","大字コード":"031","丁目コード":"001","小字コード":"0000","予備コード":"00","大字名":"緑","丁目名":"１丁目","小字名":null,"予備名":null,"地番":"2552-7","精度区分":null,"座標値種別":null,"筆界未定構成筆":null,"代表点緯度":126.0615,"代表点経度":1433.211540758}},{"type":"MultiPolygon","arcs":[[[2649,2650,2651,-2635,-2632]]],"properties":{"筆ID":"H000000942","version":"ver1.0","座標系":"任意座標系","測地系判別":null,"地図名":"H20450301214026","地図番号":"区-C-6","縮尺分母":"600","市区町村コード":"01214","市区町村名":"稚内市","大字コード":"031","丁目コード":"001","小字コード":"0000","予備コード":"00","大字名":"緑","丁目名":"１丁目","小字名":null,"予備名":null,"地番":"2552-9","精度区分":null,"座標値種別":null,"筆界未定構成筆":null,"代表点緯度":97.8355,"代表点経度":1450.723357521}},{"type":"MultiPolygon","arcs":[[[2652,2653,2654,2655,-2651]]],"properties":{"筆ID":"H000000943","version":"ver1.0","座標系":"任意座標系","測地系判別":null,"地図名":"H20450301214026","地図番号":"区-C-6","縮尺分母":"600","市区町村コード":"01214","市区町村名":"稚内市","大字コード":"031","丁目コード":"001","小字コード":"0000","予備コード":"00","大字名":"緑","丁目名":"１丁目","小字名":null,"予備名":null,"地番":"2552-20","精度区分":null,"座標値種別":null,"筆界未定構成筆":null,"代表点緯度":92.5025,"代表点経度":1456.37293945}},{"type":"MultiPolygon","arcs":[[[2656,2657,2658]]],"properties":{"筆ID":"H000000944","version":"ver1.0","座標系":"任意座標系","測地系判別":null,"地図名":"H20450301214026","地図番号":"区-C-6","縮尺分母":"600","市区町村コード":"01214","市区町村名":"稚内市","大字コード":"031","丁目コード":"002","小字コード":"0000","予備コード":"00","大字名":"緑","丁目名":"２丁目","小字名":null,"予備名":null,"地番":"2552-29","精度区分":null,"座標値種別":null,"筆界未定構成筆":null,"代表点緯度":-58.3875,"代表点経度":1355.762848412}},{"type":"MultiPolygon","arcs":[[[2659,2660,2661,2662]]],"properties":{"筆ID":"H000000945","version":"ver1.0","座標系":"任意座標系","測地系判別":null,"地図名":"H20450301214026","地図番号":"区-C-6","縮尺分母":"600","市区町村コード":"01214","市区町村名":"稚内市","大字コード":"031","丁目コード":"002","小字コード":"0000","予備コード":"00","大字名":"緑","丁目名":"２丁目","小字名":null,"予備名":null,"地番":"2552-24","精度区分":null,"座標値種別":null,"筆界未定構成筆":null,"代表点緯度":-75.1575,"代表点経度":1377.879620791}},{"type":"MultiPolygon","arcs":[[[2663,2664,2665]]],"properties":{"筆ID":"H000000946","version":"ver1.0","座標系":"任意座標系","測地系判別":null,"地図名":"H20450301214026","地図番号":"区-C-6","縮尺分母":"600","市区町村コード":"01214","市区町村名":"稚内市","大字コード":"031","丁目コード":"002","小字コード":"0000","予備コード":"00","大字名":"緑","丁目名":"２丁目","小字名":null,"予備名":null,"地番":"2552-4","精度区分":null,"座標値種別":null,"筆界未定構成筆":null,"代表点緯度":5.8095,"代表点経度":1426.257903149}},{"type":"MultiPolygon","arcs":[[[2666,2667,2668]]],"properties":{"筆ID":"H000000947","version":"ver1.0","座標系":"任意座標系","測地系判別":null,"地図名":"H20450301214026","地図番号":"区-C-6","縮尺分母":"600","市区町村コード":"01214","市区町村名":"稚内市","大字コード":"031","丁目コード":"002","小字コード":"0000","予備コード":"00","大字名":"緑","丁目名":"２丁目","小字名":null,"予備名":null,"地番":"2552-5","精度区分":null,"座標値種別":null,"筆界未定構成筆":null,"代表点緯度":26.5445,"代表点経度":1410.365691943}},{"type":"MultiPolygon","arcs":[[[2669,2670,2671]]],"properties":{"筆ID":"H000000948","version":"ver1.0","座標系":"任意座標系","測地系判別":null,"地図名":"H20450301214026","地図番号":"区-C-6","縮尺分母":"600","市区町村コード":"01214","市区町村名":"稚内市","大字コード":"031","丁目コード":"002","小字コード":"0000","予備コード":"00","大字名":"緑","丁目名":"２丁目","小字名":null,"予備名":null,"地番":"2552-36","精度区分":null,"座標値種別":null,"筆界未定構成筆":null,"代表点緯度":20.391,"代表点経度":1409.419948815}},{"type":"MultiPolygon","arcs":[[[-2666,2672,2673,-2670,-2668,2674]]],"properties":{"筆ID":"H000000949","version":"ver1.0","座標系":"任意座標系","測地系判別":null,"地図名":"H20450301214026","地図番号":"区-C-6","縮尺分母":"600","市区町村コード":"01214","市区町村名":"稚内市","大字コード":"031","丁目コード":"002","小字コード":"0000","予備コード":"00","大字名":"緑","丁目名":"２丁目","小字名":null,"予備名":null,"地番":"2552-37","精度区分":null,"座標値種別":null,"筆界未定構成筆":null,"代表点緯度":10.1595,"代表点経度":1417.244861325}},{"type":"MultiPolygon","arcs":[[[-2671,2675,2676,2677]]],"properties":{"筆ID":"H000000950","version":"ver1.0","座標系":"任意座標系","測地系判別":null,"地図名":"H20450301214026","地図番号":"区-C-6","縮尺分母":"600","市区町村コード":"01214","市区町村名":"稚内市","大字コード":"031","丁目コード":"002","小字コード":"0000","予備コード":"00","大字名":"緑","丁目名":"２丁目","小字名":null,"予備名":null,"地番":"2552-38","精度区分":null,"座標値種別":null,"筆界未定構成筆":null,"代表点緯度":4.2055,"代表点経度":1402.114530577}},{"type":"MultiPolygon","arcs":[[[-2674,2678,2679,-2676]]],"properties":{"筆ID":"H000000951","version":"ver1.0","座標系":"任意座標系","測地系判別":null,"地図名":"H20450301214026","地図番号":"区-C-6","縮尺分母":"600","市区町村コード":"01214","市区町村名":"稚内市","大字コード":"031","丁目コード":"002","小字コード":"0000","予備コード":"00","大字名":"緑","丁目名":"２丁目","小字名":null,"予備名":null,"地番":"2552-39","精度区分":null,"座標値種別":null,"筆界未定構成筆":null,"代表点緯度":-0.696,"代表点経度":1410.339763286}},{"type":"MultiPolygon","arcs":[[[-2677,2680,2681,2682]]],"properties":{"筆ID":"H000000952","version":"ver1.0","座標系":"任意座標系","測地系判別":null,"地図名":"H20450301214026","地図番号":"区-C-6","縮尺分母":"600","市区町村コード":"01214","市区町村名":"稚内市","大字コード":"031","丁目コード":"002","小字コード":"0000","予備コード":"00","大字名":"緑","丁目名":"２丁目","小字名":null,"予備名":null,"地番":"2552-40","精度区分":null,"座標値種別":null,"筆界未定構成筆":null,"代表点緯度":-1.5535,"代表点経度":1398.539768907}},{"type":"MultiPolygon","arcs":[[[-2682,2683,2684,2685]]],"properties":{"筆ID":"H000000953","version":"ver1.0","座標系":"任意座標系","測地系判別":null,"地図名":"H20450301214026","地図番号":"区-C-6","縮尺分母":"600","市区町村コード":"01214","市区町村名":"稚内市","大字コード":"031","丁目コード":"002","小字コード":"0000","予備コード":"00","大字名":"緑","丁目名":"２丁目","小字名":null,"予備名":null,"地番":"2552-41","精度区分":null,"座標値種別":null,"筆界未定構成筆":null,"代表点緯度":-7.1965,"代表点経度":1394.601069922}},{"type":"MultiPolygon","arcs":[[[-2685,2686,2687,2688]]],"properties":{"筆ID":"H000000954","version":"ver1.0","座標系":"任意座標系","測地系判別":null,"地図名":"H20450301214026","地図番号":"区-C-6","縮尺分母":"600","市区町村コード":"01214","市区町村名":"稚内市","大字コード":"031","丁目コード":"002","小字コード":"0000","予備コード":"00","大字名":"緑","丁目名":"２丁目","小字名":null,"予備名":null,"地番":"2552-42","精度区分":null,"座標値種別":null,"筆界未定構成筆":null,"代表点緯度":-22.8675,"代表点経度":1389.875676121}},{"type":"MultiPolygon","arcs":[[[-2688,2689,2690]]],"properties":{"筆ID":"H000000955","version":"ver1.0","座標系":"任意座標系","測地系判別":null,"地図名":"H20450301214026","地図番号":"区-C-6","縮尺分母":"600","市区町村コード":"01214","市区町村名":"稚内市","大字コード":"031","丁目コード":"002","小字コード":"0000","予備コード":"00","大字名":"緑","丁目名":"２丁目","小字名":null,"予備名":null,"地番":"2552-43","精度区分":null,"座標値種別":null,"筆界未定構成筆":null,"代表点緯度":-22.633,"代表点経度":1379.287886114}},{"type":"MultiPolygon","arcs":[[[-2669,-2672,-2678,-2683,-2686,-2689,-2691,2691,2692]]],"properties":{"筆ID":"H000000956","version":"ver1.0","座標系":"任意座標系","測地系判別":null,"地図名":"H20450301214026","地図番号":"区-C-6","縮尺分母":"600","市区町村コード":"01214","市区町村名":"稚内市","大字コード":"031","丁目コード":"002","小字コード":"0000","予備コード":"00","大字名":"緑","丁目名":"２丁目","小字名":null,"予備名":null,"地番":"2552-44","精度区分":null,"座標値種別":null,"筆界未定構成筆":null,"代表点緯度":-2.5525,"代表点経度":1384.815745003}},{"type":"MultiPolygon","arcs":[[[-2680,2693,2694,2695,-2692,-2690,-2687,-2684,-2681]]],"properties":{"筆ID":"H000000957","version":"ver1.0","座標系":"任意座標系","測地系判別":null,"地図名":"H20450301214026","地図番号":"区-C-6","縮尺分母":"600","市区町村コード":"01214","市区町村名":"稚内市","大字コード":"031","丁目コード":"002","小字コード":"0000","予備コード":"00","大字名":"緑","丁目名":"２丁目","小字名":null,"予備名":null,"地番":"2552-45","精度区分":null,"座標値種別":null,"筆界未定構成筆":null,"代表点緯度":-22.8675,"代表点経度":1395.830099361}},{"type":"MultiPolygon","arcs":[[[2696,2697,-2660,2698]]],"properties":{"筆ID":"H000000958","version":"ver1.0","座標系":"任意座標系","測地系判別":null,"地図名":"H20450301214026","地図番号":"区-C-6","縮尺分母":"600","市区町村コード":"01214","市区町村名":"稚内市","大字コード":"031","丁目コード":"002","小字コード":"0000","予備コード":"00","大字名":"緑","丁目名":"２丁目","小字名":null,"予備名":null,"地番":"2552-23","精度区分":null,"座標値種別":null,"筆界未定構成筆":null,"代表点緯度":-66.778,"代表点経度":1382.002238491}},{"type":"MultiPolygon","arcs":[[[2699,2700,-2697,2701]]],"properties":{"筆ID":"H000000959","version":"ver1.0","座標系":"任意座標系","測地系判別":null,"地図名":"H20450301214026","地図番号":"区-C-6","縮尺分母":"600","市区町村コード":"01214","市区町村名":"稚内市","大字コード":"031","丁目コード":"002","小字コード":"0000","予備コード":"00","大字名":"緑","丁目名":"２丁目","小字名":null,"予備名":null,"地番":"2552-15","精度区分":null,"座標値種別":null,"筆界未定構成筆":null,"代表点緯度":-51.418,"代表点経度":1391.857502169}},{"type":"MultiPolygon","arcs":[[[2702,2703,2704]]],"properties":{"筆ID":"H000000960","version":"ver1.0","座標系":"任意座標系","測地系判別":null,"地図名":"H20450301214026","地図番号":"区-C-6","縮尺分母":"600","市区町村コード":"01214","市区町村名":"稚内市","大字コード":"031","丁目コード":"002","小字コード":"0000","予備コード":"00","大字名":"緑","丁目名":"２丁目","小字名":null,"予備名":null,"地番":"2552-16","精度区分":null,"座標値種別":null,"筆界未定構成筆":null,"代表点緯度":-29.7595,"代表点経度":1402.938296434}},{"type":"MultiPolygon","arcs":[[[2705,-986,2706,2707,2708,2709,-2648,-2646,-2642,-2636,-2652,-2656]]],"properties":{"筆ID":"H000000961","version":"ver1.0","座標系":"任意座標系","測地系判別":null,"地図名":"H20450301214026","地図番号":"区-C-6","縮尺分母":"600","市区町村コード":"01214","市区町村名":"稚内市","大字コード":"031","丁目コード":"001","小字コード":"0000","予備コード":"00","大字名":"緑","丁目名":"１丁目","小字名":null,"予備名":null,"地番":"2552-2","精度区分":null,"座標値種別":null,"筆界未定構成筆":null,"代表点緯度":103.214,"代表点経度":1418.896305524}},{"type":"MultiPolygon","arcs":[[[-2708,2710,2711,2712,-2664,-2675,-2667,-2693,-2696,2713,2714]]],"properties":{"筆ID":"H000000962","version":"ver1.0","座標系":"任意座標系","測地系判別":null,"地図名":"H20450301214026","地図番号":"区-C-6","縮尺分母":"600","市区町村コード":"01214","市区町村名":"稚内市","大字コード":"031","丁目コード":"002","小字コード":"0000","予備コード":"00","大字名":"緑","丁目名":"２丁目","小字名":null,"予備名":null,"地番":"2552-3","精度区分":null,"座標値種別":null,"筆界未定構成筆":null,"代表点緯度":52.04,"代表点経度":1379.492502177}},{"type":"MultiPolygon","arcs":[[[-2713,2715,2716,-2705,2717,2718,-2702,2719,2720,-2694,-2679,-2673,-2665]]],"properties":{"筆ID":"H000000963","version":"ver1.0","座標系":"任意座標系","測地系判別":null,"地図名":"H20450301214026","地図番号":"区-C-6","縮尺分母":"600","市区町村コード":"01214","市区町村名":"稚内市","大字コード":"031","丁目コード":"002","小字コード":"0000","予備コード":"00","大字名":"緑","丁目名":"２丁目","小字名":null,"予備名":null,"地番":"2552-6","精度区分":null,"座標値種別":null,"筆界未定構成筆":null,"代表点緯度":-25.3695,"代表点経度":1401.223351045}},{"type":"MultiPolygon","arcs":[[[2721,2722,-2717]]],"properties":{"筆ID":"H000000964","version":"ver1.0","座標系":"任意座標系","測地系判別":null,"地図名":"H20450301214026","地図番号":"区-C-6","縮尺分母":"600","市区町村コード":"01214","市区町村名":"稚内市","大字コード":"031","丁目コード":"002","小字コード":"0000","予備コード":"00","大字名":"緑","丁目名":"２丁目","小字名":null,"予備名":null,"地番":"2552-17","精度区分":null,"座標値種別":null,"筆界未定構成筆":null,"代表点緯度":-28.1855,"代表点経度":1409.057597103}},{"type":"MultiPolygon","arcs":[[[2723,2724,-2703,-2723]]],"properties":{"筆ID":"H000000965","version":"ver1.0","座標系":"任意座標系","測地系判別":null,"地図名":"H20450301214026","地図番号":"区-C-6","縮尺分母":"600","市区町村コード":"01214","市区町村名":"稚内市","大字コード":"031","丁目コード":"002","小字コード":"0000","予備コード":"00","大字名":"緑","丁目名":"２丁目","小字名":null,"予備名":null,"地番":"2552-32","精度区分":null,"座標値種別":null,"筆界未定構成筆":null,"代表点緯度":-32.841,"代表点経度":1406.285122471}},{"type":"MultiPolygon","arcs":[[[2725,2726,-2718,-2704,-2725]]],"properties":{"筆ID":"H000000966","version":"ver1.0","座標系":"任意座標系","測地系判別":null,"地図名":"H20450301214026","地図番号":"区-C-6","縮尺分母":"600","市区町村コード":"01214","市区町村名":"稚内市","大字コード":"031","丁目コード":"002","小字コード":"0000","予備コード":"00","大字名":"緑","丁目名":"２丁目","小字名":null,"予備名":null,"地番":"2552-33","精度区分":null,"座標値種別":null,"筆界未定構成筆":null,"代表点緯度":-39.805,"代表点経度":1403.884619218}},{"type":"MultiPolygon","arcs":[[[2727,-2700,-2719,-2727]]],"properties":{"筆ID":"H000000967","version":"ver1.0","座標系":"任意座標系","測地系判別":null,"地図名":"H20450301214026","地図番号":"区-C-6","縮尺分母":"600","市区町村コード":"01214","市区町村名":"稚内市","大字コード":"031","丁目コード":"002","小字コード":"0000","予備コード":"00","大字名":"緑","丁目名":"２丁目","小字名":null,"予備名":null,"地番":"2552-34","精度区分":null,"座標値種別":null,"筆界未定構成筆":null,"代表点緯度":-44.2095,"代表点経度":1398.015379004}},{"type":"MultiPolygon","arcs":[[[-2701,2728,2729,-2661,-2698]]],"properties":{"筆ID":"H000000968","version":"ver1.0","座標系":"任意座標系","測地系判別":null,"地図名":"H20450301214026","地図番号":"区-C-6","縮尺分母":"600","市区町村コード":"01214","市区町村名":"稚内市","大字コード":"031","丁目コード":"002","小字コード":"0000","予備コード":"00","大字名":"緑","丁目名":"２丁目","小字名":null,"予備名":null,"地番":"2552-18","精度区分":null,"座標値種別":null,"筆界未定構成筆":null,"代表点緯度":-70.632,"代表点経度":1390.332075428}},{"type":"MultiPolygon","arcs":[[[2730,2731,2732,-2658]]],"properties":{"筆ID":"H000000969","version":"ver1.0","座標系":"任意座標系","測地系判別":null,"地図名":"H20450301214026","地図番号":"区-C-6","縮尺分母":"600","市区町村コード":"01214","市区町村名":"稚内市","大字コード":"031","丁目コード":"002","小字コード":"0000","予備コード":"00","大字名":"緑","丁目名":"２丁目","小字名":null,"予備名":null,"地番":"2552-27","精度区分":null,"座標値種別":null,"筆界未定構成筆":null,"代表点緯度":-56.508,"代表点経度":1346.454160269}},{"type":"MultiPolygon","arcs":[[[-2695,-2721,2733,2734,-2714]]],"properties":{"筆ID":"H000000970","version":"ver1.0","座標系":"任意座標系","測地系判別":null,"地図名":"H20450301214026","地図番号":"区-C-6","縮尺分母":"600","市区町村コード":"01214","市区町村名":"稚内市","大字コード":"031","丁目コード":"002","小字コード":"0000","予備コード":"00","大字名":"緑","丁目名":"２丁目","小字名":null,"予備名":null,"地番":"2552-26","精度区分":null,"座標値種別":null,"筆界未定構成筆":null,"代表点緯度":3.7845,"代表点経度":1299.007688285}},{"type":"MultiPolygon","arcs":[[[-2730,2735,-2732,2736,-2662]]],"properties":{"筆ID":"H000000971","version":"ver1.0","座標系":"任意座標系","測地系判別":null,"地図名":"H20450301214026","地図番号":"区-C-6","縮尺分母":"600","市区町村コード":"01214","市区町村名":"稚内市","大字コード":"031","丁目コード":"002","小字コード":"0000","予備コード":"00","大字名":"緑","丁目名":"２丁目","小字名":null,"予備名":null,"地番":"2552-25","精度区分":null,"座標値種別":null,"筆界未定構成筆":null,"代表点緯度":-77.6075,"代表点経度":1369.985450349}},{"type":"MultiPolygon","arcs":[[[-2663,-2737,-2731,-2657,2737,-2699]]],"properties":{"筆ID":"H000000972","version":"ver1.0","座標系":"任意座標系","測地系判別":null,"地図名":"H20450301214026","地図番号":"区-C-6","縮尺分母":"600","市区町村コード":"01214","市区町村名":"稚内市","大字コード":"031","丁目コード":"002","小字コード":"0000","予備コード":"00","大字名":"緑","丁目名":"２丁目","小字名":null,"予備名":null,"地番":"2552-22","精度区分":null,"座標値種別":null,"筆界未定構成筆":null,"代表点緯度":-58.6685,"代表点経度":1369.06815538}},{"type":"MultiPolygon","arcs":[[[-2659,2738,-2734,-2720,-2738]]],"properties":{"筆ID":"H000000973","version":"ver1.0","座標系":"任意座標系","測地系判別":null,"地図名":"H20450301214026","地図番号":"区-C-6","縮尺分母":"600","市区町村コード":"01214","市区町村名":"稚内市","大字コード":"031","丁目コード":"002","小字コード":"0000","予備コード":"00","大字名":"緑","丁目名":"２丁目","小字名":null,"予備名":null,"地番":"2552-30","精度区分":null,"座標値種別":null,"筆界未定構成筆":null,"代表点緯度":-36.962,"代表点経度":1339.325944307}},{"type":"MultiPolygon","arcs":[[[2739,-2709,-2715,2740]]],"properties":{"筆ID":"H000000974","version":"ver1.0","座標系":"任意座標系","測地系判別":null,"地図名":"H20450301214026","地図番号":"区-C-1","縮尺分母":"600","市区町村コード":"01214","市区町村名":"稚内市","大字コード":"031","丁目コード":"001","小字コード":"0000","予備コード":"00","大字名":"緑","丁目名":"１丁目","小字名":null,"予備名":null,"地番":"2561","精度区分":null,"座標値種別":null,"筆界未定構成筆":null,"代表点緯度":162.869,"代表点経度":1236.898240745}},{"type":"MultiPolygon","arcs":[[[-2299,2741,2742,2743]]],"properties":{"筆ID":"H000000975","version":"ver1.0","座標系":"任意座標系","測地系判別":null,"地図名":"H20450301214026","地図番号":"区-C-1","縮尺分母":"600","市区町村コード":"01214","市区町村名":"稚内市","大字コード":"028","丁目コード":"004","小字コード":"0000","予備コード":"00","大字名":"港","丁目名":"４丁目","小字名":null,"予備名":null,"地番":"111","精度区分":null,"座標値種別":"図上測量","筆界未定構成筆":null,"代表点緯度":301.85,"代表点経度":1437.642954419}},{"type":"MultiPolygon","arcs":[[[2744,2745]]],"properties":{"筆ID":"H000000976","version":"ver1.0","座標系":"任意座標系","測地系判別":null,"地図名":"H20450301214026","地図番号":"区-C-1","縮尺分母":"600","市区町村コード":"01214","市区町村名":"稚内市","大字コード":"028","丁目コード":"004","小字コード":"0000","予備コード":"00","大字名":"港","丁目名":"４丁目","小字名":null,"予備名":null,"地番":"100","精度区分":null,"座標値種別":"図上測量","筆界未定構成筆":null,"代表点緯度":275.959,"代表点経度":1510.390129912}},{"type":"MultiPolygon","arcs":[[[-972,2746,2747,-2057,-2182,-2102,-2185,-2234,-2189,-2196,-2198,-2202,-2203,-2063,-1775]]],"properties":{"筆ID":"H000000977","version":"ver1.0","座標系":"任意座標系","測地系判別":null,"地図名":"H20450301214026","地図番号":"区-C-2","縮尺分母":"600","市区町村コード":"01214","市区町村名":"稚内市","大字コード":"031","丁目コード":"001","小字コード":"0000","予備コード":"00","大字名":"緑","丁目名":"１丁目","小字名":null,"予備名":null,"地番":"85","精度区分":null,"座標値種別":"図上測量","筆界未定構成筆":null,"代表点緯度":80.2785,"代表点経度":1644.579299829}},{"type":"MultiPolygon","arcs":[[[2748]]],"properties":{"筆ID":"H000000978","version":"ver1.0","座標系":"任意座標系","測地系判別":null,"地図名":"H20450301214026","地図番号":"区-C-1","縮尺分母":"600","市区町村コード":"01214","市区町村名":"稚内市","大字コード":"031","丁目コード":"001","小字コード":"0000","予備コード":"00","大字名":"緑","丁目名":"１丁目","小字名":null,"予備名":null,"地番":"2552-22","精度区分":null,"座標値種別":"図上測量","筆界未定構成筆":null,"代表点緯度":203.8415,"代表点経度":1487.091538663}},{"type":"MultiPolygon","arcs":[[[-2748,2749,2750,2751,2752,2753,2754,-2058]]],"properties":{"筆ID":"H000000979","version":"ver1.0","座標系":"任意座標系","測地系判別":null,"地図名":"H20450301214026","地図番号":"区-C-4","縮尺分母":"600","市区町村コード":"01214","市区町村名":"稚内市","大字コード":"031","丁目コード":"001","小字コード":"0000","予備コード":"00","大字名":"緑","丁目名":"１丁目","小字名":null,"予備名":null,"地番":"2575-2","精度区分":null,"座標値種別":null,"筆界未定構成筆":null,"代表点緯度":209.5005,"代表点経度":1572.745839897}},{"type":"MultiPolygon","arcs":[[[2755,2756,2757,2758]]],"properties":{"筆ID":"H000000980","version":"ver1.0","座標系":"任意座標系","測地系判別":null,"地図名":"H20450301214026","地図番号":"区-C-4","縮尺分母":"600","市区町村コード":"01214","市区町村名":"稚内市","大字コード":"031","丁目コード":"001","小字コード":"0000","予備コード":"00","大字名":"緑","丁目名":"１丁目","小字名":null,"予備名":null,"地番":"2575-6","精度区分":null,"座標値種別":null,"筆界未定構成筆":null,"代表点緯度":160.88,"代表点経度":1560.945364042}},{"type":"MultiPolygon","arcs":[[[-2750,2759,2760,-2756,2761,2762]]],"properties":{"筆ID":"H000000981","version":"ver1.0","座標系":"任意座標系","測地系判別":null,"地図名":"H20450301214026","地図番号":"区-C-4","縮尺分母":"600","市区町村コード":"01214","市区町村名":"稚内市","大字コード":"031","丁目コード":"001","小字コード":"0000","予備コード":"00","大字名":"緑","丁目名":"１丁目","小字名":null,"予備名":null,"地番":"2575-4","精度区分":null,"座標値種別":null,"筆界未定構成筆":null,"代表点緯度":162.601,"代表点経度":1587.51011761}},{"type":"MultiPolygon","arcs":[[[2763,-2762,-2759,2764,2765]]],"properties":{"筆ID":"H000000982","version":"ver1.0","座標系":"任意座標系","測地系判別":null,"地図名":"H20450301214026","地図番号":"区-C-4","縮尺分母":"600","市区町村コード":"01214","市区町村名":"稚内市","大字コード":"031","丁目コード":"001","小字コード":"0000","予備コード":"00","大字名":"緑","丁目名":"１丁目","小字名":null,"予備名":null,"地番":"2575-1","精度区分":null,"座標値種別":null,"筆界未定構成筆":null,"代表点緯度":172.264,"代表点経度":1559.976647791}},{"type":"MultiPolygon","arcs":[[[2766,-2766,2767,2768]]],"properties":{"筆ID":"H000000983","version":"ver1.0","座標系":"任意座標系","測地系判別":null,"地図名":"H20450301214026","地図番号":"区-C-4","縮尺分母":"600","市区町村コード":"01214","市区町村名":"稚内市","大字コード":"031","丁目コード":"001","小字コード":"0000","予備コード":"00","大字名":"緑","丁目名":"１丁目","小字名":null,"予備名":null,"地番":"2575-7","精度区分":null,"座標値種別":null,"筆界未定構成筆":null,"代表点緯度":180.411,"代表点経度":1552.231811076}},{"type":"MultiPolygon","arcs":[[[-2751,-2763,-2764,-2767,2769]]],"properties":{"筆ID":"H000000984","version":"ver1.0","座標系":"任意座標系","測地系判別":null,"地図名":"H20450301214026","地図番号":"区-C-4","縮尺分母":"600","市区町村コード":"01214","市区町村名":"稚内市","大字コード":"031","丁目コード":"001","小字コード":"0000","予備コード":"00","大字名":"緑","丁目名":"１丁目","小字名":null,"予備名":null,"地番":"2575-3","精度区分":null,"座標値種別":null,"筆界未定構成筆":null,"代表点緯度":183.3815,"代表点経度":1569.289914873}},{"type":"MultiPolygon","arcs":[[[2770,-2752]]],"properties":{"筆ID":"H000000985","version":"ver1.0","座標系":"任意座標系","測地系判別":null,"地図名":"H20450301214026","地図番号":"区-C-4","縮尺分母":"600","市区町村コード":"01214","市区町村名":"稚内市","大字コード":"031","丁目コード":"001","小字コード":"0000","予備コード":"00","大字名":"緑","丁目名":"１丁目","小字名":null,"予備名":null,"地番":"2576-2","精度区分":null,"座標値種別":null,"筆界未定構成筆":null,"代表点緯度":198.1955,"代表点経度":1563.292746347}},{"type":"MultiPolygon","arcs":[[[-2770,-2769,2771,-2753,-2771]]],"properties":{"筆ID":"H000000986","version":"ver1.0","座標系":"任意座標系","測地系判別":null,"地図名":"H20450301214026","地図番号":"区-C-4","縮尺分母":"600","市区町村コード":"01214","市区町村名":"稚内市","大字コード":"031","丁目コード":"001","小字コード":"0000","予備コード":"00","大字名":"緑","丁目名":"１丁目","小字名":null,"予備名":null,"地番":"2576-1","精度区分":null,"座標値種別":null,"筆界未定構成筆":null,"代表点緯度":197.536,"代表点経度":1546.32267228}},{"type":"MultiPolygon","arcs":[[[2772]]],"properties":{"筆ID":"H000000987","version":"ver1.0","座標系":"任意座標系","測地系判別":null,"地図名":"H20450301214026","地図番号":"区-C-4","縮尺分母":"600","市区町村コード":"01214","市区町村名":"稚内市","大字コード":"031","丁目コード":"001","小字コード":"0000","予備コード":"00","大字名":"緑","丁目名":"１丁目","小字名":null,"予備名":null,"地番":"2552-23","精度区分":null,"座標値種別":"図上測量","筆界未定構成筆":null,"代表点緯度":171.735,"代表点経度":1464.4931762}},{"type":"MultiPolygon","arcs":[[[-2761,2773,2774,-2757]]],"properties":{"筆ID":"H000000988","version":"ver1.0","座標系":"任意座標系","測地系判別":null,"地図名":"H20450301214026","地図番号":"区-C-4","縮尺分母":"600","市区町村コード":"01214","市区町村名":"稚内市","大字コード":"031","丁目コード":"001","小字コード":"0000","予備コード":"00","大字名":"緑","丁目名":"１丁目","小字名":null,"予備名":null,"地番":"2575-5","精度区分":null,"座標値種別":null,"筆界未定構成筆":null,"代表点緯度":144.843,"代表点経度":1564.861753966}},{"type":"MultiPolygon","arcs":[[[-971,-1058,-1042,-1038,-1045,-1049,-1053,-1056,-1027,2775,-987,2776,-2774,-2760,-2747],[-2599,-2588,-2595,-2597,-2598,-2592]]],"properties":{"筆ID":"H000000989","version":"ver1.0","座標系":"任意座標系","測地系判別":null,"地図名":"H20450301214026","地図番号":"区-C-6","縮尺分母":"600","市区町村コード":"01214","市区町村名":"稚内市","大字コード":"031","丁目コード":"001","小字コード":"0000","予備コード":"00","大字名":"緑","丁目名":"１丁目","小字名":null,"予備名":null,"地番":"36-1","精度区分":null,"座標値種別":"図上測量","筆界未定構成筆":null,"代表点緯度":48.1225,"代表点経度":1545.882767881}},{"type":"MultiPolygon","arcs":[[[2777,2778,-2110,2779]]],"properties":{"筆ID":"H000000990","version":"ver1.0","座標系":"任意座標系","測地系判別":null,"地図名":"H20450301214026","地図番号":"区-C-2","縮尺分母":"600","市区町村コード":"01214","市区町村名":"稚内市","大字コード":"031","丁目コード":"001","小字コード":"0000","予備コード":"00","大字名":"緑","丁目名":"１丁目","小字名":null,"予備名":null,"地番":"22-25","精度区分":null,"座標値種別":"図上測量","筆界未定構成筆":null,"代表点緯度":114.4275,"代表点経度":1738.520107242}},{"type":"MultiPolygon","arcs":[[[2780,-2778,2781,-2168,-2297]]],"properties":{"筆ID":"H000000991","version":"ver1.0","座標系":"任意座標系","測地系判別":null,"地図名":"H20450301214026","地図番号":"区-C-2","縮尺分母":"600","市区町村コード":"01214","市区町村名":"稚内市","大字コード":"031","丁目コード":"001","小字コード":"0000","予備コード":"00","大字名":"緑","丁目名":"１丁目","小字名":null,"予備名":null,"地番":"22-23","精度区分":null,"座標値種別":"図上測量","筆界未定構成筆":null,"代表点緯度":126.178,"代表点経度":1745.459143849}},{"type":"MultiPolygon","arcs":[[[-2779,-2781,-2298,-2295,-2111]]],"properties":{"筆ID":"H000000992","version":"ver1.0","座標系":"任意座標系","測地系判別":null,"地図名":"H20450301214026","地図番号":"区-C-2","縮尺分母":"600","市区町村コード":"01214","市区町村名":"稚内市","大字コード":"031","丁目コード":"001","小字コード":"0000","予備コード":"00","大字名":"緑","丁目名":"１丁目","小字名":null,"予備名":null,"地番":"22-24","精度区分":null,"座標値種別":"図上測量","筆界未定構成筆":null,"代表点緯度":109.971,"代表点経度":1750.748267136}},{"type":"MultiPolygon","arcs":[[[-2780,-2109,-2235,-2176,-2062,-2782]]],"properties":{"筆ID":"H000000993","version":"ver1.0","座標系":"任意座標系","測地系判別":null,"地図名":"H20450301214026","地図番号":"区-C-2","縮尺分母":"600","市区町村コード":"01214","市区町村名":"稚内市","大字コード":"031","丁目コード":"001","小字コード":"0000","予備コード":"00","大字名":"緑","丁目名":"１丁目","小字名":null,"予備名":null,"地番":"22-7","精度区分":null,"座標値種別":"図上測量","筆界未定構成筆":null,"代表点緯度":126.6775,"代表点経度":1730.465201298}},{"type":"MultiPolygon","arcs":[[[-360,-356,-353,-349,-342,-90,-710,-757,-727,-785,2782,2783,-797,-768,-689,-95]]],"properties":{"筆ID":"H000000994","version":"ver1.0","座標系":"任意座標系","測地系判別":null,"地図名":"H20450301214026","地図番号":"区-C-10","縮尺分母":"600","市区町村コード":"01214","市区町村名":"稚内市","大字コード":"031","丁目コード":"002","小字コード":"0000","予備コード":"00","大字名":"緑","丁目名":"２丁目","小字名":null,"予備名":null,"地番":"98","精度区分":null,"座標値種別":"図上測量","筆界未定構成筆":null,"代表点緯度":-359.418,"代表点経度":1590.567640431}},{"type":"MultiPolygon","arcs":[[[2784,2785,-803,-793,2786,-795]]],"properties":{"筆ID":"H000000995","version":"ver1.0","座標系":"任意座標系","測地系判別":null,"地図名":"H20450301214026","地図番号":"区-C-10","縮尺分母":"600","市区町村コード":"01214","市区町村名":"稚内市","大字コード":"031","丁目コード":"002","小字コード":"0000","予備コード":"00","大字名":"緑","丁目名":"２丁目","小字名":null,"予備名":null,"地番":"41-6","精度区分":null,"座標値種別":"図上測量","筆界未定構成筆":null,"代表点緯度":-333.634,"代表点経度":1613.88404845}},{"type":"MultiPolygon","arcs":[[[-2786,2787,-2783,-787,-800,-802]]],"properties":{"筆ID":"H000000996","version":"ver1.0","座標系":"任意座標系","測地系判別":null,"地図名":"H20450301214026","地図番号":"区-C-10","縮尺分母":"600","市区町村コード":"01214","市区町村名":"稚内市","大字コード":"031","丁目コード":"002","小字コード":"0000","予備コード":"00","大字名":"緑","丁目名":"２丁目","小字名":null,"予備名":null,"地番":"41-14","精度区分":null,"座標値種別":"図上測量","筆界未定構成筆":null,"代表点緯度":-345.824,"代表点経度":1591.968591603}},{"type":"MultiPolygon","arcs":[[[-2785,-798,-2784,-2788]]],"properties":{"筆ID":"H000000997","version":"ver1.0","座標系":"任意座標系","測地系判別":null,"地図名":"H20450301214026","地図番号":"区-C-10","縮尺分母":"600","市区町村コード":"01214","市区町村名":"稚内市","大字コード":"031","丁目コード":"002","小字コード":"0000","予備コード":"00","大字名":"緑","丁目名":"２丁目","小字名":null,"予備名":null,"地番":"41-5","精度区分":null,"座標値種別":"図上測量","筆界未定構成筆":null,"代表点緯度":-349.6705,"代表点経度":1600.077734978}},{"type":"MultiPolygon","arcs":[[[2788,2789,2790,2791]]],"properties":{"筆ID":"H000000998","version":"ver1.0","座標系":"任意座標系","測地系判別":null,"地図名":"H20450301214026","地図番号":"区-C-1","縮尺分母":"600","市区町村コード":"01214","市区町村名":"稚内市","大字コード":"028","丁目コード":"004","小字コード":"0000","予備コード":"00","大字名":"港","丁目名":"４丁目","小字名":null,"予備名":null,"地番":"102-2","精度区分":null,"座標値種別":"図上測量","筆界未定構成筆":null,"代表点緯度":433.6545,"代表点経度":1333.290222592}},{"type":"MultiPolygon","arcs":[[[2792,-2414,-2518,2793,-2790]]],"properties":{"筆ID":"H000000999","version":"ver1.0","座標系":"任意座標系","測地系判別":null,"地図名":"H20450301214026","地図番号":"区-C-1","縮尺分母":"600","市区町村コード":"01214","市区町村名":"稚内市","大字コード":"028","丁目コード":"004","小字コード":"0000","予備コード":"00","大字名":"港","丁目名":"４丁目","小字名":null,"予備名":null,"地番":"102-1","精度区分":null,"座標値種別":"図上測量","筆界未定構成筆":null,"代表点緯度":437.8465,"代表点経度":1339.953113045}},{"type":"MultiPolygon","arcs":[[[-2755,2794,-2746,-2742,-2301,2795,-2791,-2794,-2517,-2509,-2506,-2505,-2396,-2393,-2535,-2391,-2500,-2386,-2382,-2542,-2538,-2380,-2378,-1582,-2059]]],"properties":{"筆ID":"H000001000","version":"ver1.0","座標系":"任意座標系","測地系判別":null,"地図名":"H20450301214026","地図番号":"区-C-1","縮尺分母":"600","市区町村コード":"01214","市区町村名":"稚内市","大字コード":"028","丁目コード":"004","小字コード":"0000","予備コード":"00","大字名":"港","丁目名":"４丁目","小字名":null,"予備名":null,"地番":"104","精度区分":null,"座標値種別":"図上測量","筆界未定構成筆":null,"代表点緯度":324.5895,"代表点経度":1439.405368233}},{"type":"MultiPolygon","arcs":[[[-2401,-2533,-2534,-2527,-2524,-2512,-2523,-2521,-2415,-2793,-2789,2796,-2406,-2402,-2553,-2561,-2565,-2586,-2437,-2442,-2446,-2416,-2340]]],"properties":{"筆ID":"H000001001","version":"ver1.0","座標系":"任意座標系","測地系判別":null,"地図名":"H20450301214026","地図番号":"区-C-1","縮尺分母":"600","市区町村コード":"01214","市区町村名":"稚内市","大字コード":"028","丁目コード":"004","小字コード":"0000","予備コード":"00","大字名":"港","丁目名":"４丁目","小字名":null,"予備名":null,"地番":"道-19","精度区分":null,"座標値種別":"図上測量","筆界未定構成筆":null,"代表点緯度":422.291,"代表点経度":1381.736376088}},{"type":"MultiPolygon","arcs":[[[-898,-842,2797,2798,2799]]],"properties":{"筆ID":"H000001002","version":"ver1.0","座標系":"任意座標系","測地系判別":null,"地図名":"H20450301214026","地図番号":"区-C-10","縮尺分母":"600","市区町村コード":"01214","市区町村名":"稚内市","大字コード":"031","丁目コード":"002","小字コード":"0000","予備コード":"00","大字名":"緑","丁目名":"２丁目","小字名":null,"予備名":null,"地番":"37-13","精度区分":null,"座標値種別":"図上測量","筆界未定構成筆":null,"代表点緯度":-195.0775,"代表点経度":1633.45893955}},{"type":"MultiPolygon","arcs":[[[2800,-2799,2801,-716]]],"properties":{"筆ID":"H000001003","version":"ver1.0","座標系":"任意座標系","測地系判別":null,"地図名":"H20450301214026","地図番号":"区-C-7","縮尺分母":"600","市区町村コード":"01214","市区町村名":"稚内市","大字コード":"031","丁目コード":"002","小字コード":"0000","予備コード":"00","大字名":"緑","丁目名":"２丁目","小字名":null,"予備名":null,"地番":"37-9","精度区分":null,"座標値種別":"図上測量","筆界未定構成筆":null,"代表点緯度":-244.9815,"代表点経度":1612.015678839}},{"type":"MultiPolygon","arcs":[[[-2802,-2798,-841,-717]]],"properties":{"筆ID":"H000001004","version":"ver1.0","座標系":"任意座標系","測地系判別":null,"地図名":"H20450301214026","地図番号":"区-C-7","縮尺分母":"600","市区町村コード":"01214","市区町村名":"稚内市","大字コード":"031","丁目コード":"002","小字コード":"0000","予備コード":"00","大字名":"緑","丁目名":"２丁目","小字名":null,"予備名":null,"地番":"37-12","精度区分":null,"座標値種別":"図上測量","筆界未定構成筆":null,"代表点緯度":-209.822,"代表点経度":1638.030585786}},{"type":"MultiPolygon","arcs":[[[2802,-1016,-1004,2803]]],"properties":{"筆ID":"H000001005","version":"ver1.0","座標系":"任意座標系","測地系判別":null,"地図名":"H20450301214026","地図番号":"区-C-6","縮尺分母":"600","市区町村コード":"01214","市区町村名":"稚内市","大字コード":"031","丁目コード":"002","小字コード":"0000","予備コード":"00","大字名":"緑","丁目名":"２丁目","小字名":null,"予備名":null,"地番":"36-37","精度区分":null,"座標値種別":"図上測量","筆界未定構成筆":null,"代表点緯度":28.9855,"代表点経度":1503.255570275}},{"type":"MultiPolygon","arcs":[[[2804,-983,2805,-2804,-1008]]],"properties":{"筆ID":"H000001006","version":"ver1.0","座標系":"任意座標系","測地系判別":null,"地図名":"H20450301214026","地図番号":"区-C-6","縮尺分母":"600","市区町村コード":"01214","市区町村名":"稚内市","大字コード":"031","丁目コード":"002","小字コード":"0000","予備コード":"00","大字名":"緑","丁目名":"２丁目","小字名":null,"予備名":null,"地番":"36-34","精度区分":null,"座標値種別":"図上測量","筆界未定構成筆":null,"代表点緯度":29.8865,"代表点経度":1490.119617153}},{"type":"MultiPolygon","arcs":[[[-982,-2803,-2806]]],"properties":{"筆ID":"H000001007","version":"ver1.0","座標系":"任意座標系","測地系判別":null,"地図名":"H20450301214026","地図番号":"区-C-6","縮尺分母":"600","市区町村コード":"01214","市区町村名":"稚内市","大字コード":"031","丁目コード":"002","小字コード":"0000","予備コード":"00","大字名":"緑","丁目名":"２丁目","小字名":null,"予備名":null,"地番":"36-33","精度区分":null,"座標値種別":"図上測量","筆界未定構成筆":null,"代表点緯度":34.8595,"代表点経度":1496.352609009}},{"type":"MultiPolygon","arcs":[[[2806,2807,2808,2809]]],"properties":{"筆ID":"H000001008","version":"ver1.0","座標系":"任意座標系","測地系判別":null,"地図名":"H20450301214026","地図番号":"区-C-7","縮尺分母":"600","市区町村コード":"01214","市区町村名":"稚内市","大字コード":"031","丁目コード":"002","小字コード":"0000","予備コード":"00","大字名":"緑","丁目名":"２丁目","小字名":null,"予備名":null,"地番":"37-16","精度区分":null,"座標値種別":"図上測量","筆界未定構成筆":null,"代表点緯度":-110.18,"代表点経度":1633.230933962}},{"type":"MultiPolygon","arcs":[[[2810,2811,-2808]]],"properties":{"筆ID":"H000001009","version":"ver1.0","座標系":"任意座標系","測地系判別":null,"地図名":"H20450301214026","地図番号":"区-C-7","縮尺分母":"600","市区町村コード":"01214","市区町村名":"稚内市","大字コード":"031","丁目コード":"002","小字コード":"0000","予備コード":"00","大字名":"緑","丁目名":"２丁目","小字名":null,"予備名":null,"地番":"37-15","精度区分":null,"座標値種別":"図上測量","筆界未定構成筆":null,"代表点緯度":-120.8475,"代表点経度":1643.545004618}},{"type":"MultiPolygon","arcs":[[[2812,-2810,2813,2814]]],"properties":{"筆ID":"H000001010","version":"ver1.0","座標系":"任意座標系","測地系判別":null,"地図名":"H20450301214026","地図番号":"区-C-7","縮尺分母":"600","市区町村コード":"01214","市区町村名":"稚内市","大字コード":"031","丁目コード":"002","小字コード":"0000","予備コード":"00","大字名":"緑","丁目名":"２丁目","小字名":null,"予備名":null,"地番":"37-17","精度区分":null,"座標値種別":"図上測量","筆界未定構成筆":null,"代表点緯度":-99.4675,"代表点経度":1622.871326133}},{"type":"MultiPolygon","arcs":[[[2815,-2811,-2807,-2813,2816,2817,2818,2819]]],"properties":{"筆ID":"H000001011","version":"ver1.0","座標系":"任意座標系","測地系判別":null,"地図名":"H20450301214026","地図番号":"区-C-7","縮尺分母":"600","市区町村コード":"01214","市区町村名":"稚内市","大字コード":"031","丁目コード":"002","小字コード":"0000","予備コード":"00","大字名":"緑","丁目名":"２丁目","小字名":null,"予備名":null,"地番":"37-14","精度区分":null,"座標値種別":"図上測量","筆界未定構成筆":null,"代表点緯度":-60.299,"代表点経度":1598.310346856}},{"type":"MultiPolygon","arcs":[[[2820,-859,-899,-2800,-2801,-715,-857,-901,-869,-376,2821,-2819,2822,2823,-2814,-2809,-2812,-2816]]],"properties":{"筆ID":"H000001012","version":"ver1.0","座標系":"任意座標系","測地系判別":null,"地図名":"H20450301214026","地図番号":"区-C-7","縮尺分母":"600","市区町村コード":"01214","市区町村名":"稚内市","大字コード":"031","丁目コード":"002","小字コード":"0000","予備コード":"00","大字名":"緑","丁目名":"２丁目","小字名":null,"予備名":null,"地番":"37-2","精度区分":null,"座標値種別":"図上測量","筆界未定構成筆":null,"代表点緯度":-139.4465,"代表点経度":1555.168609665}},{"type":"MultiPolygon","arcs":[[[-2818,2824,-2823]]],"properties":{"筆ID":"H000001013","version":"ver1.0","座標系":"任意座標系","測地系判別":null,"地図名":"H20450301214026","地図番号":"区-C-7","縮尺分母":"600","市区町村コード":"01214","市区町村名":"稚内市","大字コード":"031","丁目コード":"002","小字コード":"0000","予備コード":"00","大字名":"緑","丁目名":"２丁目","小字名":null,"予備名":null,"地番":"37-19","精度区分":null,"座標値種別":"図上測量","筆界未定構成筆":null,"代表点緯度":-78,"代表点経度":1602.1123888}},{"type":"MultiPolygon","arcs":[[[-2817,-2815,-2824,-2825]]],"properties":{"筆ID":"H000001014","version":"ver1.0","座標系":"任意座標系","測地系判別":null,"地図名":"H20450301214026","地図番号":"区-C-7","縮尺分母":"600","市区町村コード":"01214","市区町村名":"稚内市","大字コード":"031","丁目コード":"002","小字コード":"0000","予備コード":"00","大字名":"緑","丁目名":"２丁目","小字名":null,"予備名":null,"地番":"37-18","精度区分":null,"座標値種別":"図上測量","筆界未定構成筆":null,"代表点緯度":-88.666,"代表点経度":1612.439864209}},{"type":"MultiPolygon","arcs":[[[-2821,-2820,-2822,-375,2825,-995,-996,-988,-2776,-1032,-1788,-1883,-1922,-1886,-1873,-1887,-1904,-1890,-1797,-860]]],"properties":{"筆ID":"H000001015","version":"ver1.0","座標系":"任意座標系","測地系判別":null,"地図名":"H20450301214026","地図番号":"区-C-7","縮尺分母":"600","市区町村コード":"01214","市区町村名":"稚内市","大字コード":"031","丁目コード":"001","小字コード":"0000","予備コード":"00","大字名":"緑","丁目名":"１丁目","小字名":null,"予備名":null,"地番":"95-1","精度区分":null,"座標値種別":"図上測量","筆界未定構成筆":null,"代表点緯度":-71.952,"代表点経度":1615.854736945}},{"type":"MultiPolygon","arcs":[[[2826,2827,2828]]],"properties":{"筆ID":"H000001016","version":"ver1.0","座標系":"任意座標系","測地系判別":null,"地図名":"H20450301214026","地図番号":"区-C-4","縮尺分母":"600","市区町村コード":"01214","市区町村名":"稚内市","大字コード":"031","丁目コード":"001","小字コード":"0000","予備コード":"00","大字名":"緑","丁目名":"１丁目","小字名":null,"予備名":null,"地番":"2552-25","精度区分":null,"座標値種別":"図上測量","筆界未定構成筆":null,"代表点緯度":184.254,"代表点経度":1508.057288369}},{"type":"MultiPolygon","arcs":[[[-2828,2829,2830]]],"properties":{"筆ID":"H000001017","version":"ver1.0","座標系":"任意座標系","測地系判別":null,"地図名":"H20450301214026","地図番号":"区-C-4","縮尺分母":"600","市区町村コード":"01214","市区町村名":"稚内市","大字コード":"031","丁目コード":"001","小字コード":"0000","予備コード":"00","大字名":"緑","丁目名":"１丁目","小字名":null,"予備名":null,"地番":"2552-24","精度区分":null,"座標値種別":"図上測量","筆界未定構成筆":null,"代表点緯度":179.9035,"代表点経度":1490.826909165}},{"type":"MultiPolygon","arcs":[[[2831,2832,2833,2834]]],"properties":{"筆ID":"H000001018","version":"ver1.0","座標系":"任意座標系","測地系判別":null,"地図名":"H20450301214026","地図番号":"区-C-14","縮尺分母":"600","市区町村コード":"01214","市区町村名":"稚内市","大字コード":"031","丁目コード":"003","小字コード":"0000","予備コード":"00","大字名":"緑","丁目名":"３丁目","小字名":null,"予備名":null,"地番":"57-38","精度区分":null,"座標値種別":"図上測量","筆界未定構成筆":null,"代表点緯度":-439.756,"代表点経度":1482.059021646}},{"type":"MultiPolygon","arcs":[[[-53,-305,-307,-57,2835,2836,2837,2838,2839,-2835,2840]]],"properties":{"筆ID":"H000001019","version":"ver1.0","座標系":"任意座標系","測地系判別":null,"地図名":"H20450301214026","地図番号":"区-C-15","縮尺分母":"600","市区町村コード":"01214","市区町村名":"稚内市","大字コード":"031","丁目コード":"003","小字コード":"0000","予備コード":"00","大字名":"緑","丁目名":"３丁目","小字名":null,"予備名":null,"地番":"道-5","精度区分":null,"座標値種別":"図上測量","筆界未定構成筆":null,"代表点緯度":-425.157,"代表点経度":1491.495087013}},{"type":"MultiPolygon","arcs":[[[2841,2842,-280,-109]]],"properties":{"筆ID":"H000001020","version":"ver1.0","座標系":"任意座標系","測地系判別":null,"地図名":"H20450301214026","地図番号":"区-C-15","縮尺分母":"600","市区町村コード":"01214","市区町村名":"稚内市","大字コード":"031","丁目コード":"003","小字コード":"0000","予備コード":"00","大字名":"緑","丁目名":"３丁目","小字名":null,"予備名":null,"地番":"道-2-2","精度区分":null,"座標値種別":"図上測量","筆界未定構成筆":null,"代表点緯度":-486.127,"代表点経度":1545.431631037}},{"type":"MultiPolygon","arcs":[[[-123,-2843,2843,2844,2845,2846]]],"properties":{"筆ID":"H000001021","version":"ver1.0","座標系":"任意座標系","測地系判別":null,"地図名":"H20450301214026","地図番号":"区-C-15","縮尺分母":"600","市区町村コード":"01214","市区町村名":"稚内市","大字コード":"031","丁目コード":"003","小字コード":"0000","予備コード":"00","大字名":"緑","丁目名":"３丁目","小字名":null,"予備名":null,"地番":"2582","精度区分":null,"座標値種別":"図上測量","筆界未定構成筆":null,"代表点緯度":-486.127,"代表点経度":1540.269576069}},{"type":"MultiPolygon","arcs":[[[2847,-2845]]],"properties":{"筆ID":"H000001022","version":"ver1.0","座標系":"任意座標系","測地系判別":null,"地図名":"H20450301214026","地図番号":"区-C-15","縮尺分母":"600","市区町村コード":"01214","市区町村名":"稚内市","大字コード":"031","丁目コード":"003","小字コード":"0000","予備コード":"00","大字名":"緑","丁目名":"３丁目","小字名":null,"予備名":null,"地番":"道-2-3","精度区分":null,"座標値種別":"図上測量","筆界未定構成筆":null,"代表点緯度":-500.608,"代表点経度":1534.88465747}},{"type":"MultiPolygon","arcs":[[[2848,2849,2850,2851]]],"properties":{"筆ID":"H000001023","version":"ver1.0","座標系":"任意座標系","測地系判別":null,"地図名":"H20450301214026","地図番号":"区-C-15","縮尺分母":"600","市区町村コード":"01214","市区町村名":"稚内市","大字コード":"031","丁目コード":"003","小字コード":"0000","予備コード":"00","大字名":"緑","丁目名":"３丁目","小字名":null,"予備名":null,"地番":"2583","精度区分":null,"座標値種別":"図上測量","筆界未定構成筆":null,"代表点緯度":-518.932,"代表点経度":1515.583781678}},{"type":"MultiPolygon","arcs":[[[-2847,2852,-2849,2853,-128,-126]]],"properties":{"筆ID":"H000001024","version":"ver1.0","座標系":"任意座標系","測地系判別":null,"地図名":"H20450301214026","地図番号":"区-C-15","縮尺分母":"600","市区町村コード":"01214","市区町村名":"稚内市","大字コード":"031","丁目コード":"003","小字コード":"0000","予備コード":"00","大字名":"緑","丁目名":"３丁目","小字名":null,"予備名":null,"地番":"道-2-4","精度区分":null,"座標値種別":"図上測量","筆界未定構成筆":null,"代表点緯度":-510.3105,"代表点経度":1522.944012727}},{"type":"MultiPolygon","arcs":[[[2854,2855]]],"properties":{"筆ID":"H000001025","version":"ver1.0","座標系":"任意座標系","測地系判別":null,"地図名":"H20450301214026","地図番号":"区-C-15","縮尺分母":"600","市区町村コード":"01214","市区町村名":"稚内市","大字コード":"031","丁目コード":"003","小字コード":"0000","予備コード":"00","大字名":"緑","丁目名":"３丁目","小字名":null,"予備名":null,"地番":"2584","精度区分":null,"座標値種別":"図上測量","筆界未定構成筆":null,"代表点緯度":-530.1145,"代表点経度":1509.51913714}},{"type":"MultiPolygon","arcs":[[[-2851,2856,-2856,2857,-430,-24,-131,-2622,-2615,2858]]],"properties":{"筆ID":"H000001026","version":"ver1.0","座標系":"任意座標系","測地系判別":null,"地図名":"H20450301214026","地図番号":"区-C-15","縮尺分母":"600","市区町村コード":"01214","市区町村名":"稚内市","大字コード":"031","丁目コード":"003","小字コード":"0000","予備コード":"00","大字名":"緑","丁目名":"３丁目","小字名":null,"予備名":null,"地番":"道-2","精度区分":null,"座標値種別":"図上測量","筆界未定構成筆":null,"代表点緯度":-549.1395,"代表点経度":1489.755498519}},{"type":"MultiPolygon","arcs":[[[-129,-2854,2859,2860]]],"properties":{"筆ID":"H000001027","version":"ver1.0","座標系":"任意座標系","測地系判別":null,"地図名":"H20450301214026","地図番号":"区-C-15","縮尺分母":"600","市区町村コード":"01214","市区町村名":"稚内市","大字コード":"031","丁目コード":"003","小字コード":"0000","予備コード":"00","大字名":"緑","丁目名":"３丁目","小字名":null,"予備名":null,"地番":"58-31","精度区分":null,"座標値種別":"図上測量","筆界未定構成筆":null,"代表点緯度":-505.133,"代表点経度":1514.855968166}},{"type":"MultiPolygon","arcs":[[[-2860,-2852,2861,2862]]],"properties":{"筆ID":"H000001028","version":"ver1.0","座標系":"任意座標系","測地系判別":null,"地図名":"H20450301214026","地図番号":"区-C-15","縮尺分母":"600","市区町村コード":"01214","市区町村名":"稚内市","大字コード":"031","丁目コード":"003","小字コード":"0000","予備コード":"00","大字名":"緑","丁目名":"３丁目","小字名":null,"予備名":null,"地番":"58-32","精度区分":null,"座標値種別":"図上測量","筆界未定構成筆":null,"代表点緯度":-511.8195,"代表点経度":1508.884418662}},{"type":"MultiPolygon","arcs":[[[-2862,-2859,-2614,-229,2863]]],"properties":{"筆ID":"H000001029","version":"ver1.0","座標系":"任意座標系","測地系判別":null,"地図名":"H20450301214026","地図番号":"区-C-15","縮尺分母":"600","市区町村コード":"01214","市区町村名":"稚内市","大字コード":"031","丁目コード":"003","小字コード":"0000","予備コード":"00","大字名":"緑","丁目名":"３丁目","小字名":null,"予備名":null,"地番":"58-5","精度区分":null,"座標値種別":"図上測量","筆界未定構成筆":null,"代表点緯度":-519.958,"代表点経度":1500.573911968}},{"type":"MultiPolygon","arcs":[[[-228,-269,-2861,-2863,-2864]]],"properties":{"筆ID":"H000001030","version":"ver1.0","座標系":"任意座標系","測地系判別":null,"地図名":"H20450301214026","地図番号":"区-C-15","縮尺分母":"600","市区町村コード":"01214","市区町村名":"稚内市","大字コード":"031","丁目コード":"003","小字コード":"0000","予備コード":"00","大字名":"緑","丁目名":"３丁目","小字名":null,"予備名":null,"地番":"58-29","精度区分":null,"座標値種別":"図上測量","筆界未定構成筆":null,"代表点緯度":-506.437,"代表点経度":1502.519726889}},{"type":"MultiPolygon","arcs":[[[2864,2865,2866,2867,-2837]]],"properties":{"筆ID":"H000001031","version":"ver1.0","座標系":"任意座標系","測地系判別":null,"地図名":"H20450301214026","地図番号":"区-C-15","縮尺分母":"600","市区町村コード":"01214","市区町村名":"稚内市","大字コード":"031","丁目コード":"003","小字コード":"0000","予備コード":"00","大字名":"緑","丁目名":"３丁目","小字名":null,"予備名":null,"地番":"57-1","精度区分":null,"座標値種別":"図上測量","筆界未定構成筆":null,"代表点緯度":-420.004,"代表点経度":1511.471480777}},{"type":"MultiPolygon","arcs":[[[2868,-241,-315,2869,2870,-2866]]],"properties":{"筆ID":"H000001032","version":"ver1.0","座標系":"任意座標系","測地系判別":null,"地図名":"H20450301214026","地図番号":"区-C-15","縮尺分母":"600","市区町村コード":"01214","市区町村名":"稚内市","大字コード":"031","丁目コード":"003","小字コード":"0000","予備コード":"00","大字名":"緑","丁目名":"３丁目","小字名":null,"予備名":null,"地番":"57-39","精度区分":null,"座標値種別":"図上測量","筆界未定構成筆":null,"代表点緯度":-429.961,"代表点経度":1505.528475878}},{"type":"MultiPolygon","arcs":[[[-291,-264,-266,-259,-248,-257,-317,-242,-2869,-2865,-2836,-56,-428,-58,-327,-300,-296,-338,-335,-287]]],"properties":{"筆ID":"H000001033","version":"ver1.0","座標系":"任意座標系","測地系判別":null,"地図名":"H20450301214026","地図番号":"区-C-15","縮尺分母":"600","市区町村コード":"01214","市区町村名":"稚内市","大字コード":"031","丁目コード":"003","小字コード":"0000","予備コード":"00","大字名":"緑","丁目名":"３丁目","小字名":null,"予備名":null,"地番":"107-1","精度区分":null,"座標値種別":"図上測量","筆界未定構成筆":null,"代表点緯度":-424.1405,"代表点経度":1529.327485913}},{"type":"MultiPolygon","arcs":[[[-2868,2871,-2838]]],"properties":{"筆ID":"H000001034","version":"ver1.0","座標系":"任意座標系","測地系判別":null,"地図名":"H20450301214026","地図番号":"区-C-14","縮尺分母":"600","市区町村コード":"01214","市区町村名":"稚内市","大字コード":"031","丁目コード":"003","小字コード":"0000","予備コード":"00","大字名":"緑","丁目名":"３丁目","小字名":null,"予備名":null,"地番":"57-35","精度区分":null,"座標値種別":"図上測量","筆界未定構成筆":null,"代表点緯度":-415.46,"代表点経度":1506.776285814}},{"type":"MultiPolygon","arcs":[[[-2872,-2867,-2871,2872,-2839]]],"properties":{"筆ID":"H000001035","version":"ver1.0","座標系":"任意座標系","測地系判別":null,"地図名":"H20450301214026","地図番号":"区-C-14","縮尺分母":"600","市区町村コード":"01214","市区町村名":"稚内市","大字コード":"031","丁目コード":"003","小字コード":"0000","予備コード":"00","大字名":"緑","丁目名":"３丁目","小字名":null,"予備名":null,"地番":"57-36","精度区分":null,"座標値種別":"図上測量","筆界未定構成筆":null,"代表点緯度":-424.2985,"代表点経度":1498.131026288}},{"type":"MultiPolygon","arcs":[[[-2870,-311,-309,2873,2874,2875]]],"properties":{"筆ID":"H000001036","version":"ver1.0","座標系":"任意座標系","測地系判別":null,"地図名":"H20450301214026","地図番号":"区-C-15","縮尺分母":"600","市区町村コード":"01214","市区町村名":"稚内市","大字コード":"031","丁目コード":"003","小字コード":"0000","予備コード":"00","大字名":"緑","丁目名":"３丁目","小字名":null,"予備名":null,"地番":"57-3","精度区分":null,"座標値種別":"図上測量","筆界未定構成筆":null,"代表点緯度":-440.9205,"代表点経度":1497.794349071}},{"type":"MultiPolygon","arcs":[[[-2875,2876,-2833,2877]]],"properties":{"筆ID":"H000001037","version":"ver1.0","座標系":"任意座標系","測地系判別":null,"地図名":"H20450301214026","地図番号":"区-C-15","縮尺分母":"600","市区町村コード":"01214","市区町村名":"稚内市","大字コード":"031","丁目コード":"003","小字コード":"0000","予備コード":"00","大字名":"緑","丁目名":"３丁目","小字名":null,"予備名":null,"地番":"57-40","精度区分":null,"座標値種別":"図上測量","筆界未定構成筆":null,"代表点緯度":-443.7125,"代表点経度":1486.407774366}},{"type":"MultiPolygon","arcs":[[[-227,-221,-213,-162,-211,-208,-172,-48,-429,-50,-2841,-2834,-2877,-2874,-308,-253,-318,-271,-270]]],"properties":{"筆ID":"H000001038","version":"ver1.0","座標系":"任意座標系","測地系判別":null,"地図名":"H20450301214026","地図番号":"区-C-15","縮尺分母":"600","市区町村コード":"01214","市区町村名":"稚内市","大字コード":"031","丁目コード":"003","小字コード":"0000","予備コード":"00","大字名":"緑","丁目名":"３丁目","小字名":null,"予備名":null,"地番":"108-1","精度区分":null,"座標値種別":"図上測量","筆界未定構成筆":null,"代表点緯度":-463.1745,"代表点経度":1490.998181711}},{"type":"MultiPolygon","arcs":[[[-2873,-2876,-2878,-2832,-2840]]],"properties":{"筆ID":"H000001039","version":"ver1.0","座標系":"任意座標系","測地系判別":null,"地図名":"H20450301214026","地図番号":"区-C-14","縮尺分母":"600","市区町村コード":"01214","市区町村名":"稚内市","大字コード":"031","丁目コード":"003","小字コード":"0000","予備コード":"00","大字名":"緑","丁目名":"３丁目","小字名":null,"予備名":null,"地番":"57-37","精度区分":null,"座標値種別":"図上測量","筆界未定構成筆":null,"代表点緯度":-432.129,"代表点経度":1490.115783446}},{"type":"MultiPolygon","arcs":[[[-1150,-1209,-1196,2878,2879,2880,2881]]],"properties":{"筆ID":"H000001040","version":"ver1.0","座標系":"任意座標系","測地系判別":null,"地図名":"H20450301214026","地図番号":"区-C-5","縮尺分母":"600","市区町村コード":"01214","市区町村名":"稚内市","大字コード":"035","丁目コード":"001","小字コード":"0000","予備コード":"00","大字名":"こまどり","丁目名":"１丁目","小字名":null,"予備名":null,"地番":"16-1","精度区分":null,"座標値種別":"図上測量","筆界未定構成筆":null,"代表点緯度":-38.0095,"代表点経度":2122.596092955}},{"type":"MultiPolygon","arcs":[[[2882,-2881,2883]]],"properties":{"筆ID":"H000001041","version":"ver1.0","座標系":"任意座標系","測地系判別":null,"地図名":"H20450301214026","地図番号":"区-C-5","縮尺分母":"600","市区町村コード":"01214","市区町村名":"稚内市","大字コード":"035","丁目コード":"001","小字コード":"0000","予備コード":"00","大字名":"こまどり","丁目名":"１丁目","小字名":null,"予備名":null,"地番":"16-9","精度区分":null,"座標値種別":"図上測量","筆界未定構成筆":null,"代表点緯度":-33.099,"代表点経度":2106.363082748}},{"type":"MultiPolygon","arcs":[[[2884,-1222,-1156,-1221,2885,-1238,-1225,-1228,-1233,-1232,2886,-1263,-1258,-1260,-1242,-1245,-1261,-1253,-1250,-1249,2887,-1166,2888,-12,2889,-1853,2890,-1169,-1172,-1175,-1191,-1179,-1182,-1189,-1180,-1177,-1190,-1173,2891,2892,2893,-2879,-1213,-1201,-1219,-1216,2894,-1202],[-1273,-1274],[-1269,-1268,-1271],[-1194,-1192],[-1292,-1277,-1294,-1295,-1281,-1283,-1286,-1289,-1291]]],"properties":{"筆ID":"H000001042","version":"ver1.0","座標系":"任意座標系","測地系判別":null,"地図名":"H20450301214026","地図番号":"区-C-5","縮尺分母":"600","市区町村コード":"01214","市区町村名":"稚内市","大字コード":"035","丁目コード":"001","小字コード":"0000","予備コード":"00","大字名":"こまどり","丁目名":"１丁目","小字名":null,"予備名":null,"地番":"29-1","精度区分":null,"座標値種別":"図上測量","筆界未定構成筆":null,"代表点緯度":-97.21,"代表点経度":2047.313140482}},{"type":"MultiPolygon","arcs":[[[-2893,2895]]],"properties":{"筆ID":"H000001043","version":"ver1.0","座標系":"任意座標系","測地系判別":null,"地図名":"H20450301214026","地図番号":"区-C-5","縮尺分母":"600","市区町村コード":"01214","市区町村名":"稚内市","大字コード":"035","丁目コード":"001","小字コード":"0000","予備コード":"00","大字名":"こまどり","丁目名":"１丁目","小字名":null,"予備名":null,"地番":"29-57","精度区分":null,"座標値種別":"図上測量","筆界未定構成筆":null,"代表点緯度":-59.048,"代表点経度":2080.753942396}},{"type":"MultiPolygon","arcs":[[[-2880,-2894,-2896,-2892,-1170,-1167,-2891,-1852,-1973,-1975,-2049,-2044,-1979,-1981,-1083,2896,-1147,-2884]]],"properties":{"筆ID":"H000001044","version":"ver1.0","座標系":"任意座標系","測地系判別":null,"地図名":"H20450301214026","地図番号":"区-C-5","縮尺分母":"600","市区町村コード":"01214","市区町村名":"稚内市","大字コード":"035","丁目コード":"001","小字コード":"0000","予備コード":"00","大字名":"こまどり","丁目名":"１丁目","小字名":null,"予備名":null,"地番":"道-14","精度区分":null,"座標値種別":"図上測量","筆界未定構成筆":null,"代表点緯度":-19.2295,"代表点経度":2100.519007569}},{"type":"MultiPolygon","arcs":[[[-1205,-2895,-1215]]],"properties":{"筆ID":"H000001045","version":"ver1.0","座標系":"任意座標系","測地系判別":null,"地図名":"H20450301214026","地図番号":"区-C-5","縮尺分母":"600","市区町村コード":"01214","市区町村名":"稚内市","大字コード":"035","丁目コード":"001","小字コード":"0000","予備コード":"00","大字名":"こまどり","丁目名":"１丁目","小字名":null,"予備名":null,"地番":"29-37","精度区分":null,"座標値種別":"図上測量","筆界未定構成筆":null,"代表点緯度":-68.622,"代表点経度":2148.174710507}},{"type":"MultiPolygon","arcs":[[[-837,-840,2897,2898,2899]]],"properties":{"筆ID":"H000001046","version":"ver1.0","座標系":"任意座標系","測地系判別":null,"地図名":"H20450301214026","地図番号":"区-C-10","縮尺分母":"600","市区町村コード":"01214","市区町村名":"稚内市","大字コード":"031","丁目コード":"002","小字コード":"0000","予備コード":"00","大字名":"緑","丁目名":"２丁目","小字名":null,"予備名":null,"地番":"40-22","精度区分":null,"座標値種別":"図上測量","筆界未定構成筆":null,"代表点緯度":-327.5345,"代表点経度":1643.041622744}},{"type":"MultiPolygon","arcs":[[[2900,-2899,2901,-812,2902,-832,-804]]],"properties":{"筆ID":"H000001047","version":"ver1.0","座標系":"任意座標系","測地系判別":null,"地図名":"H20450301214026","地図番号":"区-C-10","縮尺分母":"600","市区町村コード":"01214","市区町村名":"稚内市","大字コード":"031","丁目コード":"002","小字コード":"0000","予備コード":"00","大字名":"緑","丁目名":"２丁目","小字名":null,"予備名":null,"地番":"40-5","精度区分":null,"座標値種別":"図上測量","筆界未定構成筆":null,"代表点緯度":-315.5225,"代表点経度":1631.565911812}},{"type":"MultiPolygon","arcs":[[[-772,-796,-2787,-792,-789,-731,-760,-706,-762,-818,-813,-2902,-2898,-839,-773,-692]]],"properties":{"筆ID":"H000001048","version":"ver1.0","座標系":"任意座標系","測地系判別":null,"地図名":"H20450301214026","地図番号":"区-C-10","縮尺分母":"600","市区町村コード":"01214","市区町村名":"稚内市","大字コード":"031","丁目コード":"002","小字コード":"0000","予備コード":"00","大字名":"緑","丁目名":"２丁目","小字名":null,"予備名":null,"地番":"97","精度区分":null,"座標値種別":"図上測量","筆界未定構成筆":null,"代表点緯度":-325.2475,"代表点経度":1624.548842699}},{"type":"MultiPolygon","arcs":[[[-815,-827,-833,-2903]]],"properties":{"筆ID":"H000001049","version":"ver1.0","座標系":"任意座標系","測地系判別":null,"地図名":"H20450301214026","地図番号":"区-C-10","縮尺分母":"600","市区町村コード":"01214","市区町村名":"稚内市","大字コード":"031","丁目コード":"002","小字コード":"0000","予備コード":"00","大字名":"緑","丁目名":"２丁目","小字名":null,"予備名":null,"地番":"40-14","精度区分":null,"座標値種別":"図上測量","筆界未定構成筆":null,"代表点緯度":-298.1975,"代表点経度":1621.370821492}},{"type":"MultiPolygon","arcs":[[[-2900,-2901,-811,-766,-696,-838]]],"properties":{"筆ID":"H000001050","version":"ver1.0","座標系":"任意座標系","測地系判別":null,"地図名":"H20450301214026","地図番号":"区-C-10","縮尺分母":"600","市区町村コード":"01214","市区町村名":"稚内市","大字コード":"031","丁目コード":"002","小字コード":"0000","予備コード":"00","大字名":"緑","丁目名":"２丁目","小字名":null,"予備名":null,"地番":"40-17","精度区分":null,"座標値種別":"図上測量","筆界未定構成筆":null,"代表点緯度":-303.6395,"代表点経度":1648.257675969}},{"type":"MultiPolygon","arcs":[[[2903,2904,2905,2906,-2830,-2827]]],"properties":{"筆ID":"H000001051","version":"ver1.0","座標系":"任意座標系","測地系判別":null,"地図名":"H20450301214026","地図番号":"区-C-4","縮尺分母":"600","市区町村コード":"01214","市区町村名":"稚内市","大字コード":"031","丁目コード":"001","小字コード":"0000","予備コード":"00","大字名":"緑","丁目名":"１丁目","小字名":null,"予備名":null,"地番":"2552-30","精度区分":null,"座標値種別":"図上測量","筆界未定構成筆":null,"代表点緯度":173.3055,"代表点経度":1496.751989802}},{"type":"MultiPolygon","arcs":[[[2907,2908,-2905,2909]]],"properties":{"筆ID":"H000001052","version":"ver1.0","座標系":"任意座標系","測地系判別":null,"地図名":"H20450301214026","地図番号":"区-C-1","縮尺分母":"600","市区町村コード":"01214","市区町村名":"稚内市","大字コード":"031","丁目コード":"001","小字コード":"0000","予備コード":"00","大字名":"緑","丁目名":"１丁目","小字名":null,"予備名":null,"地番":"2552-27","精度区分":null,"座標値種別":"図上測量","筆界未定構成筆":null,"代表点緯度":174.902,"代表点経度":1523.714033133}},{"type":"MultiPolygon","arcs":[[[2910,2911,-2906,-2909,2912]]],"properties":{"筆ID":"H000001053","version":"ver1.0","座標系":"任意座標系","測地系判別":null,"地図名":"H20450301214026","地図番号":"区-C-6","縮尺分母":"600","市区町村コード":"01214","市区町村名":"稚内市","大字コード":"031","丁目コード":"001","小字コード":"0000","予備コード":"00","大字名":"緑","丁目名":"１丁目","小字名":null,"予備名":null,"地番":"2552-26","精度区分":null,"座標値種別":"図上測量","筆界未定構成筆":null,"代表点緯度":156.417,"代表点経度":1505.703723027}},{"type":"MultiPolygon","arcs":[[[2913,-2913,-2908,2914]]],"properties":{"筆ID":"H000001054","version":"ver1.0","座標系":"任意座標系","測地系判別":null,"地図名":"H20450301214026","地図番号":"区-C-4","縮尺分母":"600","市区町村コード":"01214","市区町村名":"稚内市","大字コード":"031","丁目コード":"001","小字コード":"0000","予備コード":"00","大字名":"緑","丁目名":"１丁目","小字名":null,"予備名":null,"地番":"2552-28","精度区分":null,"座標値種別":"図上測量","筆界未定構成筆":null,"代表点緯度":162.473,"代表点経度":1528.822285875}},{"type":"MultiPolygon","arcs":[[[2915,-2911,-2914]]],"properties":{"筆ID":"H000001055","version":"ver1.0","座標系":"任意座標系","測地系判別":null,"地図名":"H20450301214026","地図番号":"区-C-6","縮尺分母":"600","市区町村コード":"01214","市区町村名":"稚内市","大字コード":"031","丁目コード":"001","小字コード":"0000","予備コード":"00","大字名":"緑","丁目名":"１丁目","小字名":null,"予備名":null,"地番":"2552-29","精度区分":null,"座標値種別":"図上測量","筆界未定構成筆":null,"代表点緯度":149.1685,"代表点経度":1532.44407643}},{"type":"MultiPolygon","arcs":[[[-2777,-2706,-2655,2916,-2653,-2650,-2631,-2638,-2645,-2649,-2710,-2740,2917,-2743,-2745,-2795,-2754,-2772,-2768,-2765,-2758,-2775],[-2749],[-2773],[-2916,-2915,-2910,-2904,-2829,-2831,-2907,-2912]]],"properties":{"筆ID":"H000001056","version":"ver1.0","座標系":"任意座標系","測地系判別":null,"地図名":"H20450301214026","地図番号":"区-C-6","縮尺分母":"600","市区町村コード":"01214","市区町村名":"稚内市","大字コード":"031","丁目コード":"001","小字コード":"0000","予備コード":"00","大字名":"緑","丁目名":"１丁目","小字名":null,"予備名":null,"地番":"2552-1","精度区分":null,"座標値種別":"図上測量","筆界未定構成筆":null,"代表点緯度":175.389,"代表点経度":1420.034556408}},{"type":"MultiPolygon","arcs":[[[-2917,-2654]]],"properties":{"筆ID":"H000001057","version":"ver1.0","座標系":"任意座標系","測地系判別":null,"地図名":"H20450301214026","地図番号":"区-C-6","縮尺分母":"600","市区町村コード":"01214","市区町村名":"稚内市","大字コード":"031","丁目コード":"001","小字コード":"0000","予備コード":"00","大字名":"緑","丁目名":"１丁目","小字名":null,"予備名":null,"地番":"2552-21","精度区分":null,"座標値種別":null,"筆界未定構成筆":null,"代表点緯度":88.8095,"代表点経度":1463.146306512}},{"type":"MultiPolygon","arcs":[[[-1397,-1358,-1430,-1460,-1440,-1459,-1436,-1432,-1450,-1455,2918,-1394,-1388]]],"properties":{"筆ID":"H000001058","version":"ver1.0","座標系":"任意座標系","測地系判別":null,"地図名":"H20450301214026","地図番号":"区-C-5","縮尺分母":"600","市区町村コード":"01214","市区町村名":"稚内市","大字コード":"031","丁目コード":"001","小字コード":"0000","予備コード":"00","大字名":"緑","丁目名":"１丁目","小字名":null,"予備名":null,"地番":"114-3","精度区分":null,"座標値種別":"図上測量","筆界未定構成筆":null,"代表点緯度":25.5315,"代表点経度":1952.917574005}},{"type":"MultiPolygon","arcs":[[[-1372,-2919,-1370,-1122]]],"properties":{"筆ID":"H000001059","version":"ver1.0","座標系":"任意座標系","測地系判別":null,"地図名":"H20450301214026","地図番号":"区-C-3","縮尺分母":"600","市区町村コード":"01214","市区町村名":"稚内市","大字コード":"031","丁目コード":"001","小字コード":"0000","予備コード":"00","大字名":"緑","丁目名":"１丁目","小字名":null,"予備名":null,"地番":"114-1","精度区分":null,"座標値種別":"図上測量","筆界未定構成筆":null,"代表点緯度":55.1515,"代表点経度":1897.805857143}}]}},"arcs":[[[775932,565630],[-7685,3314]],[[768247,568944],[516,1137]],[[768763,570081],[7674,-3336]],[[776437,566745],[-505,-1115]],[[758965,573081],[460,1059]],[[759425,574140],[9338,-4059]],[[768247,568944],[-9282,4137]],[[745440,579014],[1493,556]],[[746933,579570],[12492,-5430]],[[758965,573081],[-13525,5933]],[[868156,444546],[-924,559]],[[867232,445105],[1122,-212],[-198,-347]],[[468923,163363],[5953,6971],[-293,1758]],[[474583,172092],[3709,4158]],[[478292,176250],[1789,46],[8367,9724]],[[488448,186020],[2020,2349]],[[490468,188369],[10179,11826],[257,2135]],[[500904,202330],[3285,-3383],[-12373,-14088],[2227,-2261]],[[494043,182598],[-5793,-5443],[-6577,-6086],[-3145,-2723],[-13766,-11067],[-1788,-883]],[[462974,156396],[5949,6967]],[[292074,105154],[4176,3951]],[[296250,109105],[9097,-9349]],[[305347,99756],[-9710,-9277]],[[295637,90479],[-4063,12725],[500,1950]],[[322015,115681],[-8959,9327]],[[313056,125008],[7542,7135],[1623,-27]],[[322221,132116],[8076,-8521]],[[330297,123595],[-8282,-7914]],[[363016,97848],[-4959,-4741]],[[358057,93107],[-2499,2636]],[[355558,95743],[68,1858],[-4818,4971]],[[350808,102572],[-5808,5993]],[[345000,108565],[-9917,10232]],[[335083,118797],[-4786,4798]],[[322221,132116],[4070,3754]],[[326291,135870],[8045,-8342]],[[334336,127528],[4946,-5128]],[[339282,122400],[9608,-9965]],[[348890,112435],[7431,-7668]],[[356321,104767],[2566,-2653]],[[358887,102114],[1329,-1370]],[[360216,100744],[2800,-2896]],[[326291,135870],[96,1825],[6207,5940]],[[332594,143635],[8961,-9251]],[[341555,134384],[-7219,-6856]],[[355891,147998],[-8978,9338]],[[346913,157336],[6358,5940],[1525,-53]],[[354796,163223],[8105,-8566]],[[362901,154657],[-7010,-6659]],[[366934,158493],[-8233,8491]],[[358701,166984],[235,1923],[7011,6671]],[[365947,175578],[9024,-9391]],[[374971,166187],[-8037,-7694]],[[390668,181212],[-9011,9313]],[[381657,190525],[6667,6343],[2486,-48]],[[390810,196820],[7771,-8034]],[[398581,188786],[-7913,-7574]],[[403916,194032],[-7864,8126]],[[396052,202158],[-2,2720],[6723,7423]],[[402773,212301],[9770,-8778]],[[412543,203523],[-8627,-9491]],[[420480,212255],[-9802,8774]],[[410678,221029],[6951,7675],[2045,47]],[[419674,228751],[8154,-8413]],[[427828,220338],[-7348,-8083]],[[474583,172092],[-7214,7443]],[[467369,179535],[-1308,1349]],[[466061,180884],[-13086,13504]],[[452975,194388],[-1343,1386]],[[451632,195774],[-8363,8629]],[[443269,204403],[-10581,10920]],[[432688,215323],[-4860,5015]],[[419674,228751],[3378,4360]],[[423052,233111],[8519,-8769]],[[431571,224342],[4811,-4953]],[[436382,219389],[8894,-9154]],[[445276,210235],[8438,-8686]],[[453714,201549],[9413,-9689]],[[463127,191860],[1235,-1272]],[[464362,190588],[966,-994]],[[465328,189594],[5964,-6140]],[[471292,183454],[7000,-7204]],[[423052,233111],[177,1889],[6805,7596]],[[430034,242596],[9917,-9021]],[[439951,233575],[-8380,-9233]],[[430034,242596],[6624,7359]],[[436658,249955],[9913,-9087]],[[446571,240868],[-6620,-7293]],[[436658,249955],[7883,8641],[1729,6]],[[446270,258602],[8475,-8729]],[[454745,249873],[-8174,-9005]],[[484403,194617],[-629,643]],[[483774,195260],[508,481]],[[484282,195741],[12001,11348]],[[496283,207089],[4621,-4759]],[[490468,188369],[-6065,6248]],[[471292,183454],[12482,11806]],[[484403,194617],[-2250,-2155],[6295,-6442]],[[468923,163363],[-8815,9085],[7261,7087]],[[450995,145377],[-1850,1911]],[[449145,147288],[11529,6416]],[[460674,153704],[-6939,-8127],[-2740,-200]],[[446395,139753],[4600,5624]],[[460674,153704],[455,531]],[[461129,154235],[1845,2161]],[[494043,182598],[5651,5358]],[[499694,187956],[-2637,-3044],[-2447,-2826]],[[494610,182086],[-41410,-48086]],[[453200,134000],[-17558,-10121],[-732,-131]],[[434910,123748],[11575,13434],[-90,2571]],[[446395,139753],[-177,182]],[[446218,139935],[-4104,4207]],[[442114,144142],[7031,3146]],[[409600,114485],[3098,6965],[4036,4275],[328,1886]],[[417062,127611],[579,555]],[[417641,128166],[1718,507]],[[419359,128673],[6642,6539],[7707,5497]],[[433708,140709],[5176,-5242],[7334,4468]],[[434910,123748],[-2743,-511]],[[432167,123237],[-1786,1259],[-1158,-1924]],[[429223,122572],[-10737,-2412],[-2318,-4092],[-3352,-4900]],[[412816,111168],[-3216,3317]],[[433600,122228],[-13923,-16157]],[[419677,106071],[9546,16501]],[[432167,123237],[1433,-1009]],[[419677,106071],[-1817,-106]],[[417860,105965],[-5044,5203]],[[417860,105965],[-3402,-4274]],[[414458,101691],[-5552,5705]],[[408906,107396],[3910,3772]],[[313516,36181],[-17879,54298]],[[305347,99756],[8206,7840]],[[313553,107596],[8462,8085]],[[335083,118797],[-1766,-41],[-8067,-7695]],[[325250,111061],[-8992,-8578]],[[316258,102483],[-8968,-8553]],[[307290,93930],[-6869,-6552],[583,-1747]],[[301004,85631],[2423,-7258]],[[303427,78373],[1610,-4819]],[[305037,73554],[2410,-7220]],[[307447,66334],[1233,-3695]],[[308680,62639],[8310,-25372],[-3474,-1086]],[[307290,93930],[1160,-1191]],[[308450,92739],[-7446,-7108]],[[335874,99955],[-10624,11106]],[[345000,108565],[-9126,-8610]],[[347322,87988],[-5635,5890]],[[341687,93878],[9121,8694]],[[355558,95743],[-8236,-7755]],[[307447,66334],[7168,2537]],[[314615,68871],[12664,4482]],[[327279,73353],[7213,2553],[3892,3666]],[[338384,79572],[8938,8416]],[[358057,93107],[-6684,-6318]],[[351373,86789],[-6398,-6049]],[[344975,80740],[-8853,-8369]],[[336122,72371],[-27442,-9732]],[[356321,104767],[7159,6840]],[[363480,111607],[7156,6836]],[[370636,118443],[7150,6830]],[[377786,125273],[7108,6791]],[[384894,132064],[2526,-2596]],[[387420,129468],[-7040,-6749]],[[380380,122719],[-7247,-6947]],[[373133,115772],[-7047,-6757]],[[366086,109015],[-2557,-2450]],[[363529,106565],[-4642,-4451]],[[348890,112435],[7207,6853]],[[356097,119288],[7383,-7681]],[[341555,134384],[7182,6821]],[[348737,141205],[7154,6793]],[[362901,154657],[4867,-5000]],[[367768,149657],[-1874,141],[-6125,-5831]],[[359769,143967],[-7158,-6813]],[[352611,137154],[-7147,-6804]],[[345464,130350],[-6179,-5883],[-3,-2067]],[[296250,109105],[8275,7830]],[[304525,116935],[9028,-9339]],[[304525,116935],[8531,8073]],[[303427,78373],[14450,4692]],[[317877,83065],[9402,-9712]],[[314615,68871],[-9578,4683]],[[308450,92739],[9427,-9674]],[[316258,102483],[10602,-11029]],[[326860,91454],[-8983,-8389]],[[326860,91454],[11524,-11882]],[[335874,99955],[-9014,-8501]],[[341687,93878],[-5813,6077]],[[338055,43450],[8917,-9864]],[[346972,33586],[-10803,-9948],[-7914,10745],[9800,9067]],[[355651,41620],[-8974,9808]],[[346677,51428],[9180,8493]],[[355857,59921],[8997,-9750]],[[364854,50171],[-9203,-8551]],[[373604,58301],[-8981,9776]],[[364623,68077],[7861,7316],[3903,731]],[[376387,76124],[7707,-8077]],[[384094,68047],[-10490,-9746]],[[338055,43450],[8622,7978]],[[355651,41620],[-5037,-4680],[-3642,-3354]],[[355857,59921],[8766,8156]],[[373604,58301],[-8750,-8130]],[[332594,143635],[7187,6877]],[[339781,150512],[8956,-9307]],[[339781,150512],[7132,6824]],[[345464,130350],[10633,-11062]],[[370421,132914],[-10652,11053]],[[367768,149657],[9739,-10005]],[[377507,139652],[-7086,-6738]],[[377786,125273],[-7365,7641]],[[377507,139652],[7387,-7588]],[[388070,114714],[-7690,8005]],[[387420,129468],[7779,-7990]],[[395199,121478],[-7129,-6764]],[[371686,92957],[-4062,119]],[[367624,93076],[-1161,1203]],[[366463,94279],[7261,6823]],[[373724,101102],[3130,-3241]],[[376854,97861],[-5168,-4904]],[[395514,106967],[-7444,7747]],[[395199,121478],[7451,-7656]],[[402650,113822],[-7136,-6855]],[[374017,86448],[6537,6250]],[[380554,92698],[667,639]],[[381221,93337],[7089,6710]],[[388310,100047],[7204,6920]],[[402650,113822],[2879,-2957]],[[405529,110865],[-13630,-13406],[-11491,-11494]],[[380408,85965],[-3109,-2921]],[[377299,83044],[-3282,3404]],[[380554,92698],[-8868,259]],[[376854,97861],[4367,-4524]],[[356097,119288],[7162,6813]],[[363259,126101],[7377,-7658]],[[363259,126101],[7162,6813]],[[363529,106565],[-3313,-5821]],[[373724,101102],[7082,6720]],[[380806,107822],[7504,-7775]],[[380806,107822],[7264,6892]],[[408421,162962],[-3147,3255]],[[405274,166217],[7942,7540]],[[413216,173757],[3204,-3283]],[[416420,170474],[-7999,-7512]],[[390886,133788],[8033,7630]],[[398919,141418],[7702,7314]],[[406621,148732],[7240,6875]],[[413861,155607],[8857,8412]],[[422718,164019],[2411,-2470]],[[425129,161549],[-7700,-7430]],[[417429,154119],[-8454,-8158]],[[408975,145961],[-7693,-7424]],[[401282,138537],[-7749,-7479]],[[393533,131058],[-2647,2730]],[[413861,155607],[-4838,4998]],[[409023,160605],[872,832]],[[409895,161437],[7966,7560]],[[417861,168997],[4857,-4978]],[[424001,147320],[-6572,6799]],[[425129,161549],[6594,-6759]],[[431723,154790],[-7722,-7470]],[[433708,140709],[-267,284]],[[433441,140993],[-1145,1216]],[[432296,142209],[6048,5795]],[[438344,148004],[3442,-3527]],[[441786,144477],[328,-335]],[[431723,154790],[6621,-6786]],[[432296,142209],[-1741,-1668]],[[430555,140541],[-6554,6779]],[[408906,107396],[-3377,3469]],[[405529,110865],[4071,3620]],[[409600,114485],[-3003,3097]],[[406597,117582],[7699,7378]],[[414296,124960],[2766,2651]],[[417641,128166],[4435,4250]],[[422076,132416],[2149,2058]],[[424225,134474],[-4866,-5801]],[[424225,134474],[1095,1049]],[[425320,135523],[8121,5470]],[[425320,135523],[5235,5018]],[[434910,123748],[-1310,-1520]],[[460600,154786],[-10207,10604]],[[450393,165390],[-4208,4372]],[[446185,169762],[8603,8091]],[[454788,177853],[3913,-3960],[7360,6991]],[[462974,156396],[-928,-730],[-1446,-880]],[[461129,154235],[-529,551]],[[448694,147755],[-8332,8612]],[[440362,156367],[10031,9023]],[[460600,154786],[-11353,-6768],[-553,-263]],[[449145,147288],[-451,467]],[[441786,144477],[6908,3278]],[[435711,180643],[-8379,8706]],[[427332,189349],[3122,2949]],[[430454,192298],[8348,-8718]],[[438802,183580],[-3091,-2937]],[[425897,171315],[-8407,8689]],[[417490,180004],[8644,8206]],[[426134,188210],[1198,1139]],[[435711,180643],[-9814,-9328]],[[417490,180004],[-8779,9072]],[[408711,189076],[-166,1937],[7290,8016]],[[415835,199029],[10299,-10819]],[[365947,175578],[7729,7353]],[[373676,182931],[9039,-9333]],[[382715,173598],[-7744,-7411]],[[373676,182931],[7981,7594]],[[390668,181212],[-7953,-7614]],[[390886,133788],[-9477,9775]],[[381409,143563],[8064,7654]],[[389473,151217],[9446,-9799]],[[389473,151217],[7727,7336]],[[397200,158553],[4620,-4816]],[[401820,153737],[4801,-5005]],[[401820,153737],[7203,6868]],[[397200,158553],[8074,7664]],[[408421,162962],[1474,-1525]],[[416420,170474],[1441,-1477]],[[406597,117582],[-13064,13476]],[[401282,138537],[6563,-6846]],[[407845,131691],[6451,-6731]],[[407845,131691],[7715,7463]],[[415560,139154],[6516,-6738]],[[415560,139154],[8441,8166]],[[412543,203523],[7937,8732]],[[432688,215323],[-2175,-154],[-6854,-7537]],[[423659,207632],[-7824,-8603]],[[408711,189076],[-4795,4956]],[[434702,196310],[-11043,11322]],[[443269,204403],[-8567,-8093]],[[430454,192298],[4248,4012]],[[451632,195774],[-7418,-7050]],[[444214,188724],[-5412,-5144]],[[445620,187280],[-1406,1444]],[[452975,194388],[-7355,-7108]],[[440362,156367],[-6535,6752]],[[433827,163119],[9691,9415]],[[443518,172534],[2667,-2772]],[[433827,163119],[-7930,8196]],[[435711,180643],[7807,-8109]],[[445620,187280],[9168,-9427]],[[402773,212301],[7905,8728]],[[454745,249873],[4660,-4800]],[[459405,245073],[-1674,70],[-6842,-7555]],[[450889,237588],[-7632,-8427]],[[443257,229161],[-6973,-7699],[98,-2073]],[[443257,229161],[10303,-11067]],[[453560,218094],[-8284,-7859]],[[461831,225942],[-10942,11646]],[[459405,245073],[10832,-11156]],[[470237,233917],[-8406,-7975]],[[466096,213327],[-8454,8640]],[[457642,221967],[4189,3975]],[[470237,233917],[8404,-8656]],[[478641,225261],[-12545,-11934]],[[475615,203598],[-9519,9729]],[[478641,225261],[9553,-9841]],[[488194,215420],[-12006,-11284]],[[476188,204136],[-573,-538]],[[484282,195741],[-8094,8395]],[[488194,215420],[8089,-8331]],[[453560,218094],[4082,3873]],[[466096,213327],[-12382,-11778]],[[464362,190588],[12396,11843]],[[476758,202431],[968,-990]],[[477726,201441],[-12398,-11847]],[[463127,191860],[12488,11738]],[[475615,203598],[1143,-1167]],[[477726,201441],[6048,-6181]],[[415560,139154],[-6585,6807]],[[380806,107822],[-7673,7950]],[[373724,101102],[-7638,7913]],[[363259,126101],[-10648,11053]],[[328691,379161],[-6823,7426]],[[321868,386587],[25599,46350]],[[347467,432937],[5367,-5570]],[[352834,427367],[350,-1990]],[[353184,425377],[-1972,-5983]],[[351212,419394],[-2878,-270],[-6336,-11589]],[[341998,407535],[-3790,-6931]],[[338208,400604],[-7811,-14286],[240,-1718]],[[330637,384600],[-1946,-5439]],[[274663,109881],[2337,2239]],[[277000,112120],[2693,2580]],[[279693,114700],[2661,113],[5882,5625]],[[288236,120438],[8187,7829]],[[296423,128267],[8426,8057]],[[304849,136324],[6259,5987],[164,1740]],[[311272,144051],[3935,3837]],[[315207,147888],[2045,162],[26473,25286],[92,1642]],[[343817,174978],[3929,3758]],[[347746,178736],[1781,12],[7148,6845]],[[356675,185593],[7476,7160]],[[364151,192753],[7735,7407]],[[371886,200160],[6333,6065],[-125,2736],[-12636,12919]],[[365458,221880],[-11656,11917]],[[353802,233797],[-11713,11975]],[[342089,245772],[-11403,11658],[-2969,187]],[[327717,257617],[-4428,4527]],[[323289,262144],[-620,634]],[[322669,262778],[1421,1461],[-39129,40218],[3464,20237],[29105,53615],[382,1087],[3956,7191]],[[328691,379161],[-2708,-569],[-6525,-12042]],[[319458,366550],[-5519,-10186]],[[313939,356364],[-1845,-3405]],[[312094,352959],[-1231,-2271],[-223,-721],[269,-1582]],[[310909,348385],[-1883,-5746]],[[309026,342639],[-2839,-378],[-4828,-8725],[-3240,-6078]],[[298119,327458],[-2486,-4662],[-2796,-16280],[4406,-4509]],[[297243,302007],[8168,-8361]],[[305411,293646],[7021,-7185]],[[312432,286461],[5785,-5922]],[[318217,280539],[5810,-5947]],[[324027,274592],[5755,-5890]],[[329782,268702],[10559,-10807],[1856,79]],[[342197,257974],[3825,-3932]],[[346022,254042],[-45,-1813],[9471,-9647]],[[355448,242582],[5829,-5936]],[[361277,236646],[5569,-5673]],[[366846,230973],[5958,-6069]],[[372804,224904],[10452,-10645],[2674,-22],[6567,7220]],[[392497,221457],[5565,6117]],[[398062,227574],[5594,6150]],[[403656,233724],[4741,5213],[114,1706]],[[408511,240643],[3449,4267]],[[411960,244910],[1852,123],[5119,5650]],[[418931,250683],[5596,6178]],[[424527,256861],[10500,11591],[-34,1656]],[[434993,270108],[11277,-11506]],[[396052,202158],[-5242,-5338]],[[358701,166984],[-3905,-3761]],[[292074,105154],[-6399,-6309]],[[285675,98845],[-11012,11036]],[[434993,270108],[-9944,10174]],[[425049,280282],[-9913,10142],[-2004,75]],[[413132,290499],[-3823,4000]],[[409309,294499],[28,1897],[-23349,23765],[-1983,60]],[[384005,320221],[-3783,3892]],[[380222,324113],[-82,2057],[-4620,4759]],[[375520,330929],[-5789,5963]],[[369731,336892],[-5823,5997]],[[363908,342889],[-6915,7122]],[[356993,350011],[-6438,6631]],[[350555,356642],[-6396,6588]],[[344159,363230],[-6951,7159]],[[337208,370389],[-8517,8772]],[[330637,384600],[6412,-6565]],[[337049,378035],[9320,-9540]],[[346369,368495],[9081,-9297],[1741,49]],[[357191,359247],[3509,-3679]],[[360700,355568],[41,-1886],[7315,-7487]],[[368056,346195],[5811,-5947]],[[373867,340248],[2291,-2345]],[[376158,337903],[8149,-8342]],[[384307,329561],[8944,-9155],[1846,-81]],[[395097,320325],[3888,-3877]],[[398985,316448],[105,-2060],[9182,-9387]],[[408272,305001],[7076,-7235]],[[415348,297766],[2329,-2381]],[[417677,295385],[1070,-1094]],[[418747,294291],[8269,-8455]],[[427016,285836],[11324,-11577]],[[438340,274259],[-3347,-4151]],[[323289,262144],[-13475,-13907]],[[309814,248237],[-14765,-15211],[5413,-5649]],[[300462,227377],[-3818,-3816]],[[296644,223561],[-1751,18],[-1056,-1011],[-39595,-6924],[-1237,-1118],[-325,-976],[455,-1684]],[[253135,211866],[-353,-7647]],[[252782,204219],[-2551,-715],[-2341,-9151]],[[247890,194353],[-1782,-6971]],[[246108,187382],[-1594,-6233]],[[244514,181149],[-1675,-6913]],[[242839,174236],[-5023,-20728],[406,-1571],[1062,-999]],[[239284,150938],[224,-211]],[[239508,150727],[3246,-5132],[20921,-20450]],[[263675,125145],[13325,-13025]],[[274663,109881],[-45260,40593],[6325,25204],[348,2185],[2827,11214],[8289,32765],[43172,7714],[32305,33222]],[[419458,274845],[-11059,11083]],[[408399,285928],[4733,4571]],[[425049,280282],[-5591,-5437]],[[390651,268791],[-3818,3977]],[[386833,272768],[22476,21731]],[[408399,285928],[-6578,-6352]],[[401821,279576],[-6078,-5869]],[[395743,273707],[-5092,-4916]],[[361505,298605],[22500,21616]],[[386833,272768],[-2118,-6],[-23263,23857],[53,1986]],[[361505,298605],[-3761,3934]],[[357744,302539],[5181,4972]],[[362925,307511],[5934,5695]],[[368859,313206],[11363,10907]],[[363225,319031],[12295,11898]],[[368859,313206],[-5634,5825]],[[325801,359468],[-6343,7082]],[[337208,370389],[-11407,-10921]],[[316869,342293],[-5960,6092]],[[312094,352959],[7534,-8042]],[[319628,344917],[-2759,-2624]],[[408511,240643],[-9379,9619]],[[399132,250262],[-6142,6300]],[[392990,256562],[-5621,5765]],[[387369,262327],[-5878,6030]],[[381491,268357],[-8960,9190],[-2009,105]],[[370522,277652],[-3963,3900]],[[366559,281552],[94,1864],[-10654,10949]],[[355999,294365],[-5784,5943]],[[350215,300308],[-5751,5913]],[[344464,306221],[-516,529]],[[343948,306750],[-5152,5295]],[[338796,312045],[-7406,7611]],[[331390,319656],[-7289,7491]],[[324101,327147],[-7341,7544]],[[316760,334691],[-7734,7948]],[[316869,342293],[8736,-8927]],[[325605,333366],[9449,-9655]],[[335054,323711],[10265,-10491]],[[345319,313220],[10401,-10629],[2024,-52]],[[390651,268791],[0,-2021],[8328,-8544]],[[398979,258226],[5819,-5970]],[[404798,252256],[7162,-7346]],[[303572,321893],[-5453,5565]],[[316760,334691],[-13188,-12798]],[[310429,314893],[-13186,-12886]],[[303572,321893],[6857,-7000]],[[329782,268702],[6559,6421]],[[336341,275123],[11500,-11635]],[[347841,263488],[-5644,-5514]],[[347841,263488],[6615,6462]],[[354456,269950],[6627,6353]],[[361083,276303],[5476,5249]],[[370522,277652],[-5345,-5151]],[[365177,272501],[-6674,-6430]],[[358503,266071],[-6555,-6317]],[[351948,259754],[-5926,-5712]],[[351948,259754],[10402,-10339]],[[362350,249415],[-6902,-6833]],[[372804,224904],[8339,8031]],[[381143,232935],[11354,-11478]],[[403656,233724],[-10497,10785]],[[393159,244509],[5973,5753]],[[404798,252256],[6177,6278]],[[410975,258534],[7956,-7851]],[[424527,256861],[-7659,7663]],[[416868,264524],[-3953,3955]],[[412915,268479],[6543,6366]],[[395743,273707],[9447,-9373]],[[405190,264334],[-6211,-6108]],[[345319,313220],[6172,5985]],[[351491,319205],[11434,-11694]],[[410975,258534],[5893,5990]],[[405190,264334],[5985,5886]],[[411175,270220],[1740,-1741]],[[401821,279576],[9354,-9356]],[[375260,262191],[-10083,10310]],[[381491,268357],[-6231,-6166]],[[361083,276303],[-11587,11697]],[[349496,288000],[6503,6365]],[[336341,275123],[6660,6521]],[[343001,281644],[11455,-11694]],[[343001,281644],[6495,6356]],[[343001,281644],[-5782,5902]],[[337219,287546],[12996,12762]],[[337219,287546],[-5795,5916]],[[331424,293462],[13040,12759]],[[331424,293462],[-5732,5851]],[[325692,299313],[6012,5826]],[[331704,305139],[5163,-5220],[7081,6831]],[[331704,305139],[7092,6906]],[[325692,299313],[-7070,7216]],[[318622,306529],[-292,298]],[[318330,306827],[13060,12829]],[[325692,299313],[-13260,-12852]],[[305411,293646],[13211,12883]],[[331424,293462],[-13207,-12923]],[[310429,314893],[493,-504]],[[310922,314389],[7408,-7562]],[[310922,314389],[13179,12758]],[[374558,249718],[-5864,5974]],[[368694,255692],[6566,6499]],[[387369,262327],[-12811,-12609]],[[380164,244009],[-5606,5709]],[[392990,256562],[-12826,-12553]],[[386228,237833],[-6064,6176]],[[393159,244509],[-6068,-5845]],[[387091,238664],[-863,-831]],[[398062,227574],[-10971,11090]],[[381143,232935],[5085,4898]],[[381143,232935],[-6046,6113]],[[375097,239048],[5067,4961]],[[366846,230973],[8251,8075]],[[368694,255692],[-10191,10379]],[[368694,255692],[-6344,-6277]],[[363225,319031],[-5766,5961]],[[357459,324992],[12272,11900]],[[357038,324585],[-5474,6114]],[[351564,330699],[12344,12190]],[[357459,324992],[-421,-407]],[[351491,319205],[5547,5380]],[[325801,359468],[4196,-4687]],[[329997,354781],[-7677,-7303]],[[322320,347478],[-8381,8886]],[[351564,330699],[-4321,4824]],[[347243,335523],[-2398,2679]],[[344845,338202],[12148,11809]],[[335054,323711],[12189,11812]],[[325605,333366],[12741,12092]],[[338346,345458],[307,-344]],[[338653,345114],[6192,-6912]],[[338653,345114],[11902,11528]],[[319628,344917],[2692,2561]],[[329997,354781],[2524,-2819]],[[332521,351962],[5825,-6504]],[[332521,351962],[11638,11268]],[[327717,257617],[-13494,-13945]],[[314223,243672],[-4409,4565]],[[326640,231008],[-12417,12664]],[[342089,245772],[-15449,-14764]],[[357834,214605],[7624,7275]],[[371886,200160],[-14052,14445]],[[347746,178736],[-13236,13616]],[[334510,192352],[8054,7685]],[[342564,200037],[14111,-14444]],[[343817,174978],[-24849,25592]],[[318968,200570],[-5764,5936]],[[313204,206506],[-5835,6009]],[[307369,212515],[-10725,11046]],[[300462,227377],[10779,-11088]],[[311241,216289],[11650,-11985]],[[322891,204304],[11619,-11952]],[[315207,147888],[-24749,25520]],[[290458,173408],[14411,13730]],[[304869,187138],[13400,12766]],[[318269,199904],[699,666]],[[311272,144051],[-13305,13687]],[[297967,157738],[-27851,28650]],[[270116,186388],[-17334,17831]],[[253135,211866],[25692,-26465]],[[278827,185401],[11631,-11993]],[[299695,141547],[-9074,9196]],[[290621,150743],[7346,6995]],[[304849,136324],[-5154,5223]],[[279693,114700],[-13857,12526]],[[265836,127226],[8242,7763]],[[274078,134989],[14158,-14551]],[[239508,150727],[11428,-10222]],[[250936,140505],[14900,-13279]],[[265836,127226],[-2161,-2081]],[[242839,174236],[11525,-2944]],[[254364,171292],[3340,-3393]],[[257704,167899],[-18420,-16961]],[[244514,181149],[9850,-9857]],[[262980,179550],[-15090,14803]],[[270116,186388],[-7136,-6838]],[[296644,223561],[-9236,-8957],[10597,-10951]],[[298005,203653],[-4800,-4568]],[[293205,199085],[-14378,-13684]],[[314223,243672],[-13868,-14336],[107,-1959]],[[326640,231008],[-15399,-14719]],[[338356,219059],[-11716,11949]],[[353802,233797],[-15446,-14738]],[[350027,207158],[-11671,11901]],[[357834,214605],[-7807,-7447]],[[342564,200037],[7463,7121]],[[350027,207158],[14124,-14405]],[[307369,212515],[-9364,-8862]],[[299120,193026],[-5915,6059]],[[313204,206506],[-715,-683]],[[312489,205823],[-13369,-12797]],[[299120,193026],[5749,-5888]],[[318269,199904],[-540,740],[-5240,5179]],[[250936,140505],[9193,8714]],[[260129,149219],[13949,-14230]],[[257704,167899],[10634,-10885]],[[268338,157014],[-8209,-7795]],[[254364,171292],[4250,4075]],[[258614,175367],[4366,4183]],[[290621,150743],[-8370,-7970]],[[282251,142773],[-13913,14241]],[[246108,187382],[12506,-12015]],[[274078,134989],[8173,7784]],[[282251,142773],[9110,-9324]],[[291361,133449],[5062,-5182]],[[291361,133449],[8334,8098]],[[322891,204304],[15465,14755]],[[361277,236646],[13281,13072]],[[337219,287546],[-13192,-12954]],[[599241,432989],[5952,-270]],[[605193,432719],[-7693,-5619]],[[597500,427100],[-25955,-19246],[-12700,-17072],[-38305,-50972],[62,-1991],[10428,-10496],[-2165,-2901]],[[528865,324422],[-12488,12547],[-135,3359],[52730,70309],[30269,22352]],[[500904,202330],[3509,4456]],[[504413,206786],[1800,110],[11861,13831]],[[518074,220727],[11849,13816],[-56,1731]],[[529867,236274],[3353,4413]],[[533220,240687],[2181,195],[9083,10632]],[[544484,251514],[10636,12447],[-145,2744],[-6269,5549]],[[548706,272254],[-8790,7782]],[[539916,280036],[-6928,6132],[2006,2200]],[[534994,288368],[7801,8551],[-18,3248],[-4097,4103]],[[538680,304270],[-6116,6126]],[[532564,310396],[-6871,6883]],[[525693,317279],[-5058,5065]],[[520635,322344],[-8688,8703],[-2817,-171],[-3657,-4852],[-2519,-2785]],[[502954,323239],[-1902,-2102]],[[501052,321137],[-6007,-6640]],[[495045,314497],[-8509,-9406]],[[486536,305091],[-6613,-7311],[41,-2307]],[[479964,295473],[-3770,-4017]],[[476194,291456],[-2143,-44],[-7391,-8149]],[[466660,283263],[-10491,-11642]],[[456169,271621],[-6094,-6698],[-228,-2088]],[[449847,262835],[-3577,-4233]],[[438340,274259],[1896,30],[4538,5032]],[[444774,279321],[7470,8283]],[[452244,287604],[12242,13575],[-199,1733]],[[464287,302912],[3754,4171]],[[468041,307083],[1840,80]],[[469881,307163],[24979,27564],[16356,22039],[7016,9370]],[[518232,366136],[4104,5482]],[[522336,371618],[35699,47677]],[[558035,419295],[795,1062],[3430,2602],[626,2695]],[[562886,425654],[5862,-6011],[48095,35417],[6289,-6667]],[[623132,448393],[-2830,126],[-13685,-10091]],[[606617,438428],[-7376,-5439]],[[528865,324422],[25552,-25672]],[[554417,298750],[-9756,-10934],[196,-2474],[15628,-13896]],[[560485,271446],[6125,-5446]],[[566610,266000],[-11963,-13947],[-54953,-64097]],[[463332,248984],[-4889,5021]],[[458443,254005],[7858,8639]],[[466301,262644],[10461,11500]],[[476762,274144],[7867,8554]],[[484629,282698],[4515,-4644]],[[489144,278054],[-1619,-139],[-8343,-9227]],[[479182,268688],[-3722,-4118]],[[475460,264570],[-3158,-3493]],[[472302,261077],[-3399,-3760]],[[468903,257317],[-5605,-6200],[34,-2133]],[[583064,285184],[-8020,5429]],[[575044,290613],[-17320,11724],[-3307,-3587]],[[597500,427100],[13139,-692],[10808,1069],[9161,3716],[5697,4333]],[[636305,435526],[38754,-37856],[17467,12144]],[[692526,409814],[-215,-2101],[5759,-3796]],[[698070,403917],[30931,-50532],[-42977,-25698]],[[686024,327687],[-27522,45697],[-75438,-88200]],[[566610,266000],[4567,5326]],[[571177,271326],[5845,6813]],[[577022,278139],[6042,7045]],[[686024,327687],[-53737,-58907],[-12239,-13338],[-29942,-32810],[-61190,-72676],[-2262,-2676],[-32044,34806]],[[577022,278139],[-7155,5727]],[[569867,283866],[5177,6747]],[[692526,409814],[1358,943]],[[693884,410757],[4186,-6840]],[[608812,435393],[-2195,3035]],[[623132,448393],[9059,-8849]],[[632191,439544],[-3194,-2173]],[[628997,437371],[-2177,-1323],[-6933,-2697],[-9027,-890]],[[610860,432461],[-2048,2932]],[[458443,254005],[-8596,8830]],[[456169,271621],[10132,-8977]],[[476762,274144],[-10102,9119]],[[476194,291456],[8435,-8758]],[[496957,295585],[-8150,-9210]],[[488807,286375],[-8843,9098]],[[486536,305091],[10421,-9506]],[[520635,322344],[-7281,-8113]],[[513354,314231],[-10400,9008]],[[534994,288368],[-4492,4009]],[[530502,292377],[-1368,1222],[9546,10671]],[[504413,206786],[-11858,12181]],[[492555,218967],[14108,13461]],[[506663,232428],[11411,-11701]],[[506663,232428],[13965,13326]],[[520628,245754],[9239,-9480]],[[533220,240687],[-5614,5774]],[[527606,246461],[11443,10873]],[[539049,257334],[5435,-5820]],[[539049,257334],[-1948,2087]],[[537101,259421],[11605,12833]],[[569867,283866],[-3977,-5183],[-1289,-1727]],[[564601,276956],[-4116,-5510]],[[564601,276956],[6576,-5630]],[[610860,432461],[-5667,258]],[[605193,432719],[3619,2674]],[[628997,437371],[3807,-3677],[3112,2212]],[[635916,435906],[389,-380]],[[471120,240984],[-7788,8000]],[[468903,257317],[9352,-9510]],[[478255,247807],[-7135,-6823]],[[484581,263218],[-5399,5470]],[[489144,278054],[5176,-5310]],[[494320,272744],[-9739,-9526]],[[489335,258402],[-4754,4816]],[[494320,272744],[4830,-4955]],[[499150,267789],[-9815,-9387]],[[506663,232428],[-10684,10957]],[[495979,243385],[13962,13332]],[[509941,256717],[10687,-10963]],[[492555,218967],[-10672,10961]],[[481883,229928],[14096,13457]],[[472302,261077],[9162,-10202]],[[481464,250875],[-3209,-3068]],[[475460,264570],[9735,-10126]],[[485195,254444],[-3731,-3569]],[[489335,258402],[-4140,-3958]],[[518601,279233],[-7261,7776]],[[511340,287009],[4173,4599]],[[515513,291608],[1767,1946]],[[517280,293554],[3298,3636]],[[520578,297190],[4750,5232]],[[525328,302422],[1040,1147]],[[526368,303569],[6196,6827]],[[530502,292377],[-11901,-13144]],[[508567,283971],[-8437,-9243]],[[500130,274728],[-7227,7434]],[[492903,282162],[113,1769],[7009,7824]],[[500025,291755],[8542,-7784]],[[526368,303569],[-9057,7288]],[[517311,310857],[5715,6313],[2667,109]],[[492903,282162],[-4096,4213]],[[496957,295585],[8438,9536]],[[505395,305121],[6013,6872]],[[511408,311993],[1946,2238]],[[517311,310857],[-625,-691]],[[516686,310166],[-4671,-5161]],[[512015,305005],[-3432,-3791]],[[508583,301214],[-1730,-1911]],[[506853,299303],[-6473,-7151]],[[500380,292152],[-355,-397]],[[525328,302422],[-8642,7744]],[[520578,297190],[-8563,7815]],[[517280,293554],[-8697,7660]],[[515513,291608],[-8660,7695]],[[511340,287009],[-2349,-2573]],[[508991,284436],[-8611,7716]],[[495045,314497],[10350,-9376]],[[501052,321137],[10356,-9144]],[[537101,259421],[-3894,4171]],[[533207,263592],[-3907,4184]],[[529300,267776],[10616,12260]],[[527606,246461],[-5998,6171]],[[521608,252632],[11599,10960]],[[522336,371618],[-1002,1025]],[[521334,372643],[268,428],[16424,21960]],[[538026,395031],[18879,25347]],[[556905,420378],[1130,-1083]],[[427016,285836],[5917,5685]],[[432933,291521],[11841,-12200]],[[452244,287604],[-11310,11605]],[[440934,299209],[2143,2059]],[[443077,301268],[11787,11326]],[[454864,312594],[9423,-9682]],[[454864,312594],[-1469,1507]],[[453395,314101],[-7871,8086]],[[445524,322187],[-9255,9507]],[[436269,331694],[-11342,11651],[-1941,-103]],[[422986,343242],[-3661,3997]],[[419325,347239],[4610,5121]],[[423935,352360],[44106,-45277]],[[556905,420378],[-4642,4470],[-7966,8129],[-3461,3649],[-3595,3523]],[[537241,440149],[-4221,4139],[5996,5311]],[[539016,449599],[23870,-23945]],[[412187,356337],[-8160,8456]],[[404027,364793],[-2385,2472]],[[401642,367265],[-13760,14261],[-960,-917]],[[386922,380609],[-3712,3933]],[[383210,384542],[899,866],[-12172,12575]],[[371937,397983],[-6954,7184]],[[364983,405167],[-6979,7209]],[[358004,412376],[-6792,7018]],[[353184,425377],[32592,-33724],[30491,-31397]],[[416267,360256],[-4080,-3919]],[[347281,402133],[-5283,5402]],[[358004,412376],[-10723,-10243]],[[338208,400604],[2672,299],[9585,-9889]],[[350465,391014],[-13416,-12979]],[[346369,368495],[13402,12917]],[[359771,381412],[8999,-9284],[-83,-1448]],[[368687,370680],[-11449,-10927],[-47,-506]],[[368687,370680],[4840,4620]],[[373527,375300],[9683,9242]],[[386922,380609],[-9815,-9373]],[[377107,371236],[-6463,-6172]],[[370644,365064],[-9944,-9496]],[[378805,356739],[-10749,-10544]],[[370644,365064],[8161,-8325]],[[384307,329561],[6145,5902]],[[390452,335463],[9665,-9562]],[[400117,325901],[-5020,-5576]],[[400117,325901],[524,582]],[[400641,326483],[6555,7282]],[[407196,333765],[619,688]],[[407815,334453],[11510,12786]],[[422986,343242],[-5496,-6135]],[[417490,337107],[-6462,-7214]],[[411028,329893],[-6143,-6858]],[[404885,323035],[-5900,-6587]],[[404885,323035],[10657,-11103]],[[415542,311932],[-7270,-6931]],[[538026,395031],[-23287,23851]],[[514739,418882],[22502,21267]],[[419325,347239],[-64,1767],[-7074,7331]],[[416267,360256],[7668,-7896]],[[407815,334453],[-8221,8289],[-762,768]],[[398832,343510],[8066,7747]],[[406898,351257],[5289,5080]],[[391061,356973],[-13954,14263]],[[401642,367265],[-5336,-5192]],[[396306,362073],[-5245,-5100]],[[373527,375300],[-12098,12369]],[[361429,387669],[10508,10314]],[[359771,381412],[-9306,9602]],[[347281,402133],[7102,-7261]],[[354383,394872],[7046,-7203]],[[354383,394872],[10600,10295]],[[384671,350756],[-10804,-10508]],[[378805,356739],[5866,-5983]],[[384671,350756],[6390,6217]],[[396306,362073],[2382,-2432]],[[398688,359641],[-8580,-8278]],[[390108,351363],[-5503,-5309]],[[384605,346054],[-8447,-8151]],[[398688,359641],[5339,5152]],[[406898,351257],[-8210,8384]],[[384605,346054],[7497,-7699]],[[392102,338355],[-1688,-1637],[659,-659]],[[391073,336059],[-621,-596]],[[397579,343669],[-7471,7694]],[[398832,343510],[-299,-287],[-270,-258]],[[398263,342965],[-684,704]],[[391073,336059],[7190,6906]],[[398263,342965],[8933,-9200]],[[400641,326483],[-9568,9576]],[[392102,338355],[5477,5314]],[[429061,324822],[-11571,12285]],[[436269,331694],[-4743,-4522]],[[431526,327172],[-2465,-2350]],[[424313,301771],[-6636,-6386]],[[415348,297766],[13895,13437]],[[429243,311203],[2357,-2417]],[[431600,308786],[-1859,-1790]],[[429741,306996],[-5428,-5225]],[[425442,300618],[-6695,-6327]],[[424313,301771],[1129,-1153]],[[422276,318352],[-11248,11541]],[[429061,324822],[-1383,-1319]],[[427678,323503],[-3818,-3640]],[[423860,319863],[-1584,-1511]],[[422276,318352],[-6734,-6420]],[[445524,322187],[-4690,-4514]],[[440834,317673],[-9308,9499]],[[429243,311203],[1476,1426]],[[430719,312629],[2326,-2453]],[[433045,310176],[-1445,-1390]],[[430719,312629],[-6859,7234]],[[427678,323503],[9191,-9646]],[[436869,313857],[-3050,-2936]],[[433819,310921],[-774,-745]],[[422276,318352],[6967,-7149]],[[440834,317673],[-3965,-3816]],[[425442,300618],[8220,-8396]],[[433662,292222],[-729,-701]],[[429741,306996],[9315,-9591]],[[439056,297405],[-5394,-5183]],[[431600,308786],[9334,-9577]],[[440934,299209],[-1878,-1804]],[[433819,310921],[8590,-8957]],[[442409,301964],[668,-696]],[[442409,301964],[10986,12137]],[[558880,522102],[-40509,40214]],[[518371,562316],[11446,7620]],[[529817,569936],[12101,8055]],[[541918,577991],[14215,9464]],[[556133,587455],[31203,-44471]],[[587336,542984],[-436,-2042],[-26121,-17654],[-1899,-1186]],[[431612,559673],[-4274,4609]],[[427338,564282],[-5101,5407]],[[422237,569689],[-2568,2722]],[[419669,572411],[-1090,1156]],[[418579,573567],[-6340,6720]],[[412239,580287],[-1143,1211],[-632,489]],[[410464,581987],[-704,544]],[[409760,582531],[-11238,8684]],[[398522,591215],[-11286,8721],[-4216,-1773],[-2267,-1993]],[[380753,596170],[-3759,-3302]],[[376994,592868],[-3787,5160]],[[373207,598028],[6084,5417],[57,2926],[-8197,6237]],[[371151,612608],[845,1070],[6628,5429]],[[378624,619107],[38937,-30017],[26093,-28158],[-2413,-252]],[[441241,560680],[-9629,-1007]],[[373207,598028],[-6537,8909]],[[366670,606937],[4481,5671]],[[410384,547465],[-4701,6305]],[[405683,553770],[2809,2703]],[[408492,556473],[5061,-5206],[13785,13015]],[[427338,564282],[-239,-2861],[-2756,-2508]],[[424343,558913],[-13381,-12222],[-578,774]],[[431612,559673],[-7269,-760]],[[402146,570510],[-1199,1240]],[[400947,571750],[2151,2059],[-521,539]],[[402577,574348],[7887,7639]],[[412239,580287],[-10093,-9777]],[[402130,575141],[-158,-168]],[[401972,574973],[-1457,1505]],[[400515,576478],[-8041,8307]],[[392474,584785],[171,182]],[[392645,584967],[9485,-9826]],[[400515,576478],[-6691,-6546]],[[393824,569932],[-7713,10511]],[[386111,580443],[6363,4342]],[[400947,571750],[-508,526],[2138,2072]],[[401972,574973],[605,-625]],[[400947,571750],[-3048,-2918]],[[397899,568832],[-1920,-1838]],[[395979,566994],[-2155,2938]],[[403408,556871],[-7429,10123]],[[397899,568832],[8599,-8978],[-3090,-2983]],[[392645,584967],[5877,6248]],[[409760,582531],[-7630,-7390]],[[408362,563813],[135,128]],[[408497,563941],[1106,-1145]],[[409603,562796],[-136,-130],[-1105,1147]],[[408497,563941],[10082,9626]],[[419669,572411],[-10066,-9615]],[[402146,570510],[-811,-784],[6254,-6652],[773,739]],[[422237,569689],[-13745,-13216]],[[405683,553770],[-2275,3101]],[[402146,570510],[6351,-6569]],[[500223,499894],[12138,12152]],[[512361,512046],[1945,-1898]],[[514306,510148],[4005,-3908]],[[518311,506240],[-7092,-7114],[11991,-11807]],[[523210,487319],[-4392,-4510]],[[518818,482809],[-1840,-76],[-16755,17161]],[[553715,518100],[-7408,7341]],[[546307,525441],[-2035,2017]],[[544272,527458],[-8159,8084]],[[536113,535542],[-4427,4388]],[[531686,539930],[-11369,11348]],[[520317,551278],[-14924,14825],[4876,4256]],[[510269,570359],[2527,-2509]],[[512796,567850],[5575,-5534]],[[558880,522102],[-3147,-1965],[-2018,-2037]],[[510269,570359],[12658,11216]],[[522927,581575],[1920,-3244]],[[524847,578331],[-12051,-10481]],[[531686,539930],[-10148,-9170],[-8339,11758],[7118,8760]],[[521336,503185],[21521,21531],[3450,725]],[[553715,518100],[-23444,-23657]],[[530271,494443],[-8935,8742]],[[523638,523194],[-3030,2993],[11078,13743]],[[536113,535542],[-12475,-12348]],[[521336,503185],[-3025,3055]],[[514306,510148],[5643,6175],[1340,4633]],[[521289,520956],[2349,2238]],[[523638,523194],[8197,-8097],[12437,12361]],[[530271,494443],[-7061,-7124]],[[512361,512046],[8928,8910]],[[528723,571786],[-3876,6545]],[[522927,581575],[13495,6311],[5496,-9895]],[[541918,577991],[-13195,-6205]],[[529817,569936],[-1094,1850]],[[751215,522249],[-998,5785]],[[750217,528034],[-20988,3370]],[[729229,531404],[1270,6730]],[[730499,538134],[1050,-1301],[20704,-3478]],[[752253,533355],[10051,-1688]],[[762304,531667],[17635,-2865]],[[779939,528802],[60031,-9751]],[[839970,519051],[14742,-2395]],[[854712,516656],[7888,337]],[[862600,516993],[7674,328]],[[870274,517321],[13654,408]],[[883928,517729],[2854,104]],[[886782,517833],[9551,348]],[[896333,518181],[11867,432]],[[908200,518613],[12096,442]],[[920296,519055],[10617,435],[1439,1044],[2890,7791]],[[935242,528325],[2805,7566]],[[938047,535891],[1050,2832],[-376,3372]],[[938721,542095],[-2309,20768]],[[936412,562863],[-1241,10021]],[[935171,572884],[-998,8686]],[[934173,581570],[6457,-4180]],[[940630,577390],[3497,-39982],[-6932,-19063],[-2475,-2912],[-4510,-1297],[-76103,-2925],[-97164,15818],[-4255,-3066],[-1473,-1714]],[[730499,538134],[-13615,9325]],[[716884,547459],[1197,256]],[[718081,547715],[468,100]],[[718549,547815],[998,215],[3501,9639]],[[723048,557669],[4586,12571]],[[727634,570240],[4968,13613]],[[732602,583853],[3690,10289]],[[736292,594142],[5509,15501]],[[741801,609643],[350,984],[-869,2669]],[[741282,613296],[2086,7418]],[[743368,620714],[2790,674],[5051,13875]],[[751209,635263],[18748,51851]],[[769957,687114],[13789,-8908]],[[783746,678206],[-2177,-5749]],[[781569,672457],[-2179,-802]],[[779390,671655],[-496,-183],[-11565,-31554],[511,-1705],[1361,-899]],[[769201,637314],[29492,-19441]],[[798693,617873],[34202,-22706]],[[832895,595167],[9649,-6406]],[[842544,588761],[9721,-6454]],[[852265,582307],[12625,-8381]],[[864890,573926],[11157,-7406]],[[876047,566520],[-2102,-5117]],[[873945,561403],[-8765,5820]],[[865180,567223],[-8478,5631]],[[856702,572854],[-1282,850]],[[855420,573704],[-8529,5665]],[[846891,579369],[-12548,8333]],[[834343,587702],[-11777,7822]],[[822566,595524],[-9669,6421]],[[812897,601945],[-5618,3729]],[[807279,605674],[-6905,4586]],[[800374,610260],[-6156,4089]],[[794218,614349],[-7677,5098]],[[786541,619447],[-10941,7266],[-8211,5242]],[[767389,631955],[-1280,816],[-1487,-402],[-502,-1406]],[[764120,630963],[-2473,-6927]],[[761647,624036],[-2772,-7767],[664,-1781]],[[759539,614488],[-1129,-3492]],[[758410,610996],[-1760,-759],[-2288,-6362]],[[754362,603875],[-3339,-9285]],[[751023,594590],[-1399,-3888]],[[749624,590702],[-1487,-4135],[594,-1893]],[[748731,584674],[-1798,-5104]],[[745440,579014],[-267,-99],[-3044,-8460]],[[742129,570455],[-4692,-13038]],[[737437,557417],[-2332,-6481]],[[735105,550936],[-4606,-12802]],[[931978,575840],[-6328,4072]],[[925650,579912],[-11877,7644]],[[913773,587556],[-15260,9821],[-2386,-605]],[[896127,596772],[-5836,4315]],[[890291,601087],[-970,2405],[-5911,3797]],[[883410,607289],[-4571,2937]],[[878839,610226],[-29388,18877]],[[849451,629103],[-44281,28443]],[[805170,657546],[-23601,14911]],[[783746,678206],[19910,-12833],[3859,-2206],[46801,-30328],[79857,-51269]],[[935171,572884],[-747,1382],[-2446,1574]],[[779390,671655],[-4732,-19006],[-5457,-15335]],[[805170,657546],[-9952,-15005],[13973,-9261],[-10498,-15407]],[[849451,629103],[-12436,-18609],[4110,-2692]],[[841125,607802],[-8230,-12635]],[[948699,550719],[-2516,23076]],[[946183,573795],[13524,-8671],[-11008,-14405]],[[975156,507791],[-5166,12916]],[[969990,520707],[10196,3883]],[[980186,524590],[5883,-12468]],[[986069,512122],[-980,-389]],[[985089,511733],[-7973,-3165]],[[977116,508568],[-1960,-777]],[[974065,470949],[-8934,-3310]],[[965131,467639],[-4983,13609],[29778,11007]],[[989926,492255],[1899,-5032]],[[991825,487223],[-1351,-10230]],[[990474,476993],[-6895,-2540]],[[983579,474453],[-9514,-3504]],[[990474,476993],[4364,1655],[5161,-13795],[-11229,-4090]],[[988770,460763],[-5191,13690]],[[988770,460763],[-9514,-3466],[-2223,5890]],[[977033,463187],[-2968,7762]],[[881998,436189],[-12883,7776]],[[869115,443965],[207,349],[12261,-5028],[959,-1599],[-544,-1498]],[[876225,506466],[890,35],[17184,634]],[[894299,507135],[-4851,-17904]],[[889448,489231],[-1370,-142],[-10141,2198],[-2483,2659],[-2878,7586],[3649,4934]],[[894299,507135],[7658,282]],[[901957,507417],[-4674,-17541]],[[897283,489876],[-743,84],[-7092,-729]],[[901957,507417],[11333,-2661]],[[913290,504756],[-3231,-16196]],[[910059,488560],[-493,-79],[-12283,1395]],[[920895,490295],[412,12678]],[[921307,502973],[8583,-1910]],[[929890,501063],[2659,-8903]],[[932549,492160],[-11654,-1865]],[[929890,501063],[9332,2662]],[[939222,503725],[-464,-9779]],[[938758,493946],[-6209,-1786]],[[799991,594421],[-6908,4568]],[[793083,598989],[7291,11271]],[[807279,605674],[-7288,-11253]],[[815309,584287],[-9749,6450]],[[805560,590737],[7337,11208]],[[822566,595524],[-7257,-11237]],[[939222,503725],[4822,1285],[3364,-8689],[-8650,-2375]],[[913290,504756],[8017,-1783]],[[920895,490295],[-10836,-1735]],[[938164,481026],[-20401,1959],[19230,8610],[1681,741]],[[938674,492336],[-510,-11310]],[[938674,492336],[9668,1674],[3734,-10086],[-13912,-2898]],[[961979,505702],[-13229,2980]],[[948750,508682],[-326,816],[1974,3749],[7459,2839]],[[957857,516086],[4122,-10384]],[[952656,498881],[10342,4084]],[[962998,502965],[1772,703]],[[964770,503668],[5067,-12870]],[[969837,490798],[-12121,-4611],[-5060,12694]],[[992402,498634],[-1220,282]],[[991182,498916],[922,352]],[[992104,499268],[298,-634]],[[991182,498916],[-1156,269]],[[990026,499185],[-4937,12548]],[[986069,512122],[6035,-12854]],[[966971,504542],[-4992,1160]],[[957857,516086],[12133,4621]],[[975156,507791],[-8185,-3249]],[[962998,502965],[-1019,2737]],[[966971,504542],[-2201,-874]],[[952656,498881],[-3906,9801]],[[979892,501540],[10134,-2355]],[[990026,499185],[242,-616]],[[990268,498569],[-8001,-3043]],[[982267,495526],[-2375,6014]],[[966971,504542],[12921,-3002]],[[982267,495526],[-12430,-4728]],[[977033,463187],[-9215,-2885]],[[967818,460302],[-2687,7337]],[[989926,492255],[2696,996]],[[992622,493251],[-797,-6028]],[[951242,463551],[-14083,5810]],[[937159,469361],[1598,4053],[16119,5956],[4657,-12674]],[[959533,466696],[-8291,-3145]],[[947335,454241],[-13900,5681]],[[933435,459922],[3724,9439]],[[951242,463551],[-3907,-9310]],[[929268,449674],[1995,-816]],[[931263,448858],[-2653,-830]],[[928610,448028],[658,1646]],[[929268,449674],[4167,10248]],[[947335,454241],[-169,-404]],[[947166,453837],[-15903,-4979]],[[947335,454241],[486,-199]],[[947821,454042],[-655,-205]],[[959533,466696],[2963,-8060]],[[962496,458636],[-14675,-4594]],[[927945,461074],[-11330,4566]],[[916615,465640],[4455,11078]],[[921070,476718],[10465,-1745],[1115,-2237],[-4705,-11662]],[[916615,465640],[-1710,690]],[[914905,466330],[-12790,5155]],[[902115,471485],[2733,6805],[1654,857],[14568,-2429]],[[893973,451218],[12763,-5132]],[[906736,446086],[-2284,-5621]],[[904452,440465],[-5840,-1828]],[[898612,438637],[-6990,2856],[-771,1950],[3122,7775]],[[893973,451218],[3710,9235]],[[897683,460453],[12773,-5092]],[[910456,455361],[-3720,-9275]],[[897683,460453],[637,1588]],[[898320,462041],[12819,-5054]],[[911139,456987],[-683,-1626]],[[923537,450147],[-13081,5214]],[[911139,456987],[13077,-5157]],[[924216,451830],[-679,-1683]],[[911139,456987],[3766,9343]],[[927945,461074],[-3729,-9244]],[[898320,462041],[3795,9444]],[[913596,443327],[-6860,2759]],[[923537,450147],[-1713,-4243]],[[921824,445904],[-8228,-2577]],[[913596,443327],[-9144,-2862]],[[875616,460249],[-574,-1384]],[[875042,458865],[-3868,-9338]],[[871174,449527],[-7057,2825],[-6525,1513],[4065,11731],[13959,-5347]],[[875616,460249],[3287,7936],[13527,-5239],[-3646,-9324]],[[888784,453622],[-13742,5243]],[[888784,453622],[-3257,-8329],[-2048,-642],[-12305,4876]],[[879970,480971],[-2412,-8683]],[[877558,472288],[-4089,-9484],[-11388,5228],[5790,15740],[12099,-2801]],[[879970,480971],[277,988],[14201,-2826],[-3866,-11938],[-13024,5093]],[[827579,471153],[9171,12685]],[[836750,483838],[5248,7260]],[[841998,491098],[2263,744]],[[844261,491842],[-6002,-8217]],[[838259,483625],[-203,136],[-8930,-12337]],[[829126,471424],[-618,-853]],[[828508,470571],[-929,582]],[[850400,463143],[-1214,-1596]],[[849186,461547],[-10481,1770],[-6114,3403],[-4083,3851]],[[829126,471424],[21274,-8281]],[[850400,463143],[4566,5998]],[[854966,469141],[-449,-4238],[-3082,-3736],[-2249,380]],[[838259,483625],[13623,-10298]],[[851882,473327],[3266,-2470]],[[855148,470857],[-182,-1716]],[[851882,473327],[7740,10105]],[[859622,483432],[-4231,-9893],[-243,-2682]],[[844261,491842],[3978,1308],[12958,5638],[3830,-2419],[-5405,-12937]],[[836750,483838],[-9325,5826]],[[827425,489664],[9620,509],[4953,925]],[[827579,471153],[-9761,6103],[3378,12078],[6229,330]],[[864890,573926],[6719,10358]],[[871609,584284],[9888,-6573]],[[881497,577711],[-3920,-10423],[-1530,-768]],[[863846,528490],[-173,6202]],[[863673,534692],[1801,859],[4257,11351]],[[869731,546902],[4792,12776],[-578,1725]],[[881497,577711],[4005,10646]],[[885502,588357],[4789,12730]],[[896127,596772],[-3049,-8219]],[[893078,588553],[-2560,-6900]],[[890518,581653],[-2338,-6303]],[[888180,575350],[-4556,-12283],[555,-1899]],[[884179,561168],[-1283,-3520]],[[882896,557648],[-1700,-658],[-3714,-9665]],[[877482,547325],[-4689,-12463]],[[872793,534862],[-1172,-3116],[298,-1860],[10051,-11318],[1958,-839]],[[870274,517321],[1171,2535],[-7599,8634]],[[885502,588357],[-7877,5203]],[[877625,593560],[-2504,1653]],[[875121,595213],[8289,12076]],[[850784,601414],[-9659,6388]],[[878839,610226],[-7954,-12214]],[[870885,598012],[-5622,3712],[-4604,-6841]],[[860659,594883],[-9875,6531]],[[847620,596557],[3164,4857]],[[860659,594883],[-3162,-4737]],[[857497,590146],[-9877,6411]],[[852265,582307],[5232,7839]],[[870885,598012],[4236,-2799]],[[877625,593560],[-6016,-9276]],[[842544,588761],[5076,7796]],[[909041,580384],[-1262,-1914]],[[907779,578470],[-14701,10083]],[[913773,587556],[-4141,-6277]],[[909632,581279],[-591,-895]],[[922310,561496],[9668,14344]],[[936412,562863],[-5405,-535]],[[931007,562328],[-8697,-832]],[[920296,519055],[1325,9679]],[[921621,528734],[13621,-409]],[[872793,534862],[13347,-5091]],[[886140,529771],[642,-11938]],[[762304,531667],[1246,7187],[5086,11348]],[[768636,550202],[444,-195]],[[769080,550007],[13610,-5945]],[[782690,544062],[-1605,-9074]],[[781085,534988],[-1146,-6186]],[[735105,550936],[21576,-7648]],[[756681,543288],[-4428,-9933]],[[755703,565577],[-13574,4878]],[[758965,573081],[-3262,-7504]],[[863846,528490],[-3304,1448]],[[860542,529938],[-13233,5799]],[[847309,535737],[-57169,25052]],[[790140,560789],[-13703,5956]],[[748731,584674],[9532,-4131]],[[758263,580543],[8495,-3682]],[[766758,576861],[8442,-3658]],[[775200,573203],[772,-335]],[[775972,572868],[11164,-4837]],[[787136,568031],[2300,-997]],[[789436,567034],[18062,-7827],[1924,766]],[[809422,559973],[3303,-1450]],[[812725,558523],[606,-1793],[3755,-1674]],[[817086,555056],[931,-404]],[[818017,554652],[3091,-1339]],[[821108,553313],[9063,-3929]],[[830171,549384],[10588,-4589]],[[840759,544795],[14934,-6584]],[[855693,538211],[7980,-3519]],[[749624,590702],[1833,3722]],[[751457,594424],[10985,-4213]],[[762442,590211],[-4179,-9668]],[[755838,603325],[-1476,550]],[[758410,610996],[1019,-376]],[[759429,610620],[-3591,-7295]],[[760850,613959],[-1311,529]],[[761647,624036],[2706,-916]],[[764353,623120],[-3503,-9161]],[[767389,631955],[-655,-1905]],[[766734,630050],[-2614,913]],[[785246,615777],[-20893,7343]],[[764353,623120],[2381,6930]],[[786541,619447],[-1295,-3670]],[[869731,546902],[-5032,2399],[-3566,2648]],[[861133,551949],[-3932,2920]],[[857201,554869],[650,1455]],[[857851,556324],[7329,10899]],[[855693,538211],[5440,13738]],[[862600,516993],[-1856,3256],[-2730,3832]],[[858014,524081],[2528,5857]],[[854712,516656],[3302,7425]],[[822299,579664],[-20479,12581],[-27072,16641]],[[774748,608886],[7144,-2609]],[[781892,606277],[4950,-3223]],[[786842,603054],[6241,-4065]],[[799991,594421],[5569,-3684]],[[815309,584287],[6990,-4623]],[[774748,608886],[-13898,5073]],[[785246,615777],[-3354,-9500]],[[786842,603054],[7376,11295]],[[812725,558523],[9574,21141]],[[822299,579664],[4821,-3164]],[[827120,576500],[3622,-2377]],[[830742,574123],[-5457,-11785]],[[825285,562338],[-3013,1237]],[[822272,563575],[-842,420],[-4344,-8939]],[[830171,549384],[8870,19293]],[[839041,568677],[637,-418]],[[839678,568259],[8281,-5434]],[[847959,562825],[1034,-679]],[[848993,562146],[-8234,-17351]],[[840759,544795],[10072,16145]],[[850831,560940],[6149,-4035]],[[856980,556905],[-806,-1066],[1027,-970]],[[856980,556905],[871,-581]],[[850831,560940],[-1365,896]],[[849466,561836],[7236,11018]],[[834343,587702],[-7223,-11202]],[[848993,562146],[473,-310]],[[847959,562825],[7461,10879]],[[839678,568259],[7213,11110]],[[839041,568677],[-6374,4182]],[[832667,572859],[-1003,659]],[[831664,573518],[-922,605]],[[821108,553313],[4177,9025]],[[825285,562338],[1169,-482]],[[826454,561856],[1004,-414],[5209,11417]],[[822272,563575],[-4255,-8923]],[[826454,561856],[5210,11662]],[[789436,567034],[4855,10497]],[[794291,577531],[2411,-1086]],[[796702,576445],[8455,-3710]],[[805157,572735],[-844,-1680],[8496,-3583]],[[812809,567472],[-3387,-7499]],[[786111,597661],[-7875,4787],[-4807,3006]],[[773429,605454],[6767,-2496],[6398,-4215]],[[786594,598743],[-483,-1082]],[[802055,588558],[-164,-440]],[[801891,588118],[-15780,9543]],[[786594,598743],[15461,-10185]],[[813528,569063],[-8371,3672]],[[796702,576445],[5189,11673]],[[801891,588118],[10597,-6408]],[[812488,581710],[4221,-2772],[555,-1598],[-3736,-8277]],[[794291,577531],[-2412,1087]],[[791879,578618],[-11096,4849]],[[780783,583467],[-844,368]],[[779939,583835],[6172,13826]],[[787136,568031],[4743,10587]],[[779939,583835],[-8380,3714]],[[771559,587549],[-4019,1781],[-576,187]],[[766964,589517],[3093,8633]],[[770057,598150],[2741,7537]],[[772798,605687],[631,-233]],[[771559,587549],[-4801,-10688]],[[762442,590211],[4522,-694]],[[751457,594424],[-434,166]],[[755838,603325],[-4381,-8901]],[[759429,610620],[13369,-4933]],[[770057,598150],[-14219,5175]],[[779939,583835],[-4739,-10632]],[[780783,583467],[-4811,-10599]],[[802055,588558],[10433,-6848]],[[813528,569063],[-719,-1591]],[[894772,567652],[-6033,-9528]],[[888739,558124],[-4560,3044]],[[888180,575350],[7865,-5687]],[[896045,569663],[-1273,-2011]],[[922958,538914],[-10819,1391]],[[912139,540305],[-1120,144]],[[911019,540449],[-3005,387],[-7247,4854]],[[900767,545690],[-5213,3492]],[[895554,549182],[-12658,8466]],[[888739,558124],[7009,-4678]],[[895748,553446],[8456,-5644]],[[904204,547802],[5020,-3350],[9786,-1395]],[[919010,543057],[9871,-1267]],[[928881,541790],[8325,-1068],[1515,1373]],[[938047,535891],[-806,1187],[-14283,1836]],[[890887,542114],[-13405,5211]],[[895554,549182],[-4667,-7068]],[[886140,529771],[12012,-316]],[[898152,529455],[-1819,-11274]],[[890887,542114],[-4747,-12343]],[[900767,545690],[-2615,-16235]],[[904204,547802],[4651,7016]],[[908855,554818],[1790,2586]],[[910645,557404],[5065,7550]],[[915710,564954],[5376,-3574]],[[921086,561380],[-2076,-18323]],[[928881,541790],[2126,20538]],[[921086,561380],[1224,116]],[[915710,564954],[5165,7856]],[[920875,572810],[637,874]],[[921512,573684],[4138,6228]],[[907199,570538],[-7489,4912]],[[899710,575450],[-9192,6203]],[[907779,578470],[-580,-7932]],[[899710,575450],[-3665,-5787]],[[900348,560306],[-4600,-6860]],[[894772,567652],[7329,-4732]],[[902101,562920],[-1753,-2614]],[[900348,560306],[8507,-5488]],[[910645,557404],[-8544,5516]],[[902101,562920],[5098,7618]],[[907199,570538],[8511,-5584]],[[909041,580384],[11834,-7574]],[[909632,581279],[11880,-7595]],[[911019,540449],[-2819,-21836]],[[921621,528734],[1337,10180]],[[912139,540305],[-1387,-11107],[10869,-464]],[[789609,559598],[-13677,6032]],[[790140,560789],[-531,-1191]],[[839970,519051],[1068,2392]],[[841038,521443],[5497,12317]],[[846535,533760],[173,386]],[[846708,534146],[5088,-3419],[3527,-2991],[2691,-3655]],[[846708,534146],[601,1591]],[[846535,533760],[-4917,2771],[-8212,3687]],[[833406,540218],[-11734,5184]],[[821672,545402],[-11810,5257]],[[809862,550659],[-16876,7447]],[[792986,558106],[-3377,1492]],[[781085,534988],[1490,-338]],[[782575,534650],[18269,-4141]],[[800844,530509],[12863,-2917]],[[813707,527592],[12783,-2944]],[[826490,524648],[14548,-3205]],[[826490,524648],[6916,15570]],[[813707,527592],[7965,17810]],[[782690,544062],[6919,15536]],[[792986,558106],[-4819,-10855]],[[788167,547251],[-5592,-12601]],[[800844,530509],[4153,9280]],[[804997,539789],[4865,10870]],[[804997,539789],[-16830,7462]],[[769080,550007],[6852,15623]],[[768636,550202],[-7418,3263]],[[761218,553465],[7029,15479]],[[756681,543288],[2758,6187]],[[759439,549475],[1779,3990]],[[761218,553465],[-5515,12112]],[[759439,549475],[-22002,7942]],[[977116,508568],[2776,-7028]],[[587684,776939],[-380,589],[-2155,3076]],[[585149,780604],[3860,-2483]],[[589009,778121],[-1325,-1182]],[[529496,808688],[-1087,699]],[[528409,809387],[1231,-504]],[[529640,808883],[-144,-195]],[[536764,801679],[1040,1672]],[[537804,803351],[1520,-1072]],[[539324,802279],[-2560,-600]],[[602655,751400],[-217,-528]],[[602438,750872],[-359,182]],[[602079,751054],[-14741,7504]],[[587338,758558],[4762,11112]],[[592100,769670],[85,198]],[[592185,769868],[10470,-18468]],[[589258,742823],[5594,-10393]],[[594852,732430],[-195,-469]],[[594657,731961],[-5399,10862]],[[602438,750872],[-130,-316]],[[602308,750556],[-229,498]],[[420649,842067],[-1936,1337]],[[418713,843404],[-536,2160]],[[418177,845564],[-814,3640],[1304,2200]],[[418667,851404],[9872,16665]],[[428539,868069],[2464,773],[5071,-3210]],[[436074,865632],[-8027,-12263]],[[428047,853369],[-7398,-11302]],[[432211,828203],[-13153,8471]],[[419058,836674],[-345,6730]],[[420649,842067],[12272,-7780]],[[432921,834287],[12601,-7989]],[[445522,826298],[12798,-8114]],[[458320,818184],[11246,-7129]],[[469566,811055],[16967,-10757],[1509,432]],[[488042,800730],[-3695,-5638]],[[484347,795092],[-1189,809],[-50947,32302]],[[413449,829892],[3827,6264]],[[417276,836156],[1782,518]],[[419058,836674],[449,-885],[11548,-14045],[3674,-3767],[11440,-11593],[5318,-5988],[16643,-18417],[4727,-4817]],[[472857,777162],[-959,-1496]],[[471898,775666],[-1981,-486]],[[469917,775180],[-51893,33821],[-4575,20891]],[[472857,777162],[1902,2969]],[[474759,780131],[6821,10644]],[[481580,790775],[4592,-3252],[-47,-78]],[[486125,787445],[-448,-748]],[[485677,786697],[-9233,-14172]],[[476444,772525],[-4546,3141]],[[485677,786697],[9199,-6551]],[[494876,780146],[1353,-963]],[[496229,779183],[3093,-2204]],[[499322,776979],[-6299,-8689],[-213,-42],[-3807,-5199]],[[489003,763049],[-7681,4889],[-4626,2688],[-252,1899]],[[499322,776979],[4651,-3313]],[[503973,773666],[7756,-5524]],[[511729,768142],[2942,-1956]],[[514671,766186],[-7940,-12756]],[[506731,753430],[-1888,-461],[-15840,10080]],[[514671,766186],[17732,28487]],[[532403,794673],[4732,-2846]],[[537135,791827],[7877,-4873]],[[545012,786954],[2339,-1227],[4012,7932]],[[551363,793659],[7700,-6128],[750,-826]],[[559813,786705],[3310,-3258]],[[563123,783447],[-24768,-47772]],[[538355,735675],[-494,-970],[-4433,2697],[-904,-186],[-14873,7632],[-5957,3765],[-416,1769],[-4547,3048]],[[563123,783447],[692,-680]],[[563815,782767],[-24685,-47480]],[[539130,735287],[-775,388]],[[563815,782767],[4097,-4143],[6624,-8890],[7093,-10997],[3184,-6071]],[[584813,752666],[-14608,-34507]],[[570205,718159],[-30512,15379],[-563,1749]],[[585676,710360],[3846,9250]],[[589522,719610],[15273,-7736]],[[604795,711874],[-3104,-7271]],[[601691,704603],[-2643,-983],[-13372,6740]],[[610356,706642],[-2359,-5481]],[[607997,701161],[-6306,3442]],[[604795,711874],[707,1656]],[[605502,713530],[5036,-6469]],[[610538,707061],[-182,-419]],[[617940,724147],[-241,-557]],[[617699,723590],[-657,953],[-3868,6959]],[[613174,731502],[1963,4599]],[[615137,736101],[521,1219]],[[615658,737320],[3401,7968]],[[619059,745288],[537,1259]],[[619596,746547],[3376,7909],[-759,2560],[-13616,8550]],[[608597,765566],[-3011,1890],[-11285,7260]],[[594301,774716],[-5292,3405]],[[585149,780604],[-6499,8788],[-4718,4951]],[[573932,794343],[50458,-32331],[745,1755],[7815,-4976]],[[632950,758791],[-15010,-34644]],[[585149,780604],[-363,234]],[[584786,780838],[-15299,9842],[-1681,-320]],[[567806,790360],[-4670,2874]],[[563136,793234],[-441,1879],[-1436,962],[-7202,2909]],[[554057,798984],[-2220,896]],[[551837,799880],[-6568,2653],[-1754,-538]],[[543515,801995],[-5302,2011]],[[538213,804006],[-474,1563],[-8099,3314]],[[528409,809387],[-18941,12543],[-16299,10758],[-27057,17463],[-17616,11010]],[[448496,861161],[1273,1952]],[[449769,863113],[70376,-44485],[43504,-17727],[10283,-6558]],[[502174,822126],[-210,1785],[-15743,9968]],[[486221,833879],[-12378,7838]],[[473843,841717],[-12859,8142]],[[460984,849859],[-12494,7911]],[[448490,857770],[-12416,7862]],[[428539,868069],[-3999,6439]],[[424540,874508],[-96,1078]],[[424444,875586],[16133,-9305],[7919,-5120]],[[528409,809387],[-10677,4369],[-8959,5678],[-1819,-205],[-4780,2897]],[[494753,810878],[-16661,10530]],[[478092,821408],[8129,12471]],[[502174,822126],[-7421,-11248]],[[493796,809431],[957,1447]],[[529496,808688],[2087,-1340]],[[531583,807348],[558,-2817],[-4836,-7635]],[[527305,796896],[-15604,9797],[-4834,2593],[-13071,145]],[[537804,803351],[-6221,3997]],[[538213,804006],[-409,-655]],[[542333,800160],[-3009,2119]],[[543515,801995],[-1182,-1835]],[[549406,795230],[-7073,4930]],[[551837,799880],[-2431,-4650]],[[551363,793659],[2694,5325]],[[563136,793234],[-3323,-6529]],[[567806,790360],[-3991,-7593]],[[584786,780838],[1973,-2779],[5341,-8389]],[[587338,758558],[-2525,-5892]],[[592185,769868],[27,63]],[[592212,769931],[2089,4785]],[[608597,765566],[-5138,-12249]],[[603459,753317],[-804,-1917]],[[619596,746547],[-16137,6770]],[[484347,795092],[-2767,-4317]],[[474759,780131],[-19163,25104],[-21119,20691],[-2266,2277]],[[488042,800730],[1247,1884]],[[489289,802614],[9515,-6842]],[[498804,795772],[954,-669]],[[499758,795103],[-7738,-11841],[-5895,4183]],[[469566,811055],[7196,11200]],[[476762,822255],[1330,-847]],[[493796,809431],[-4507,-6817]],[[448490,857770],[-8124,-12253]],[[440366,845517],[-12319,7852]],[[465701,829373],[-7381,-11189]],[[445522,826298],[7373,11235]],[[452895,837533],[12806,-8160]],[[452895,837533],[8089,12326]],[[473843,841717],[-8142,-12344]],[[440366,845517],[-7445,-11230]],[[440366,845517],[12529,-7984]],[[465701,829373],[11061,-7118]],[[511729,768142],[7996,13079],[-7774,5476]],[[511951,786697],[-6538,4607],[-1931,-513],[-7253,-11608]],[[494876,780146],[8821,12210],[-3939,2747]],[[498804,795772],[5482,1975]],[[504286,797747],[-479,-780],[17918,-12577],[5254,8506],[-1540,1086]],[[525439,793982],[1586,2473]],[[527025,796455],[280,441]],[[536764,801679],[-4361,-7006]],[[542333,800160],[-5198,-8333]],[[549406,795230],[-4394,-8276]],[[549406,795230],[1957,-1571]],[[587684,776939],[4528,-7008]],[[594920,732596],[-68,-166]],[[589258,742823],[573,299],[-5018,9544]],[[602308,750556],[-2707,-6580]],[[599601,743976],[-3430,-8339]],[[596171,735637],[-1251,-3041]],[[599288,723793],[-4436,8637]],[[594920,732596],[3116,-5984],[1720,-2989]],[[599756,723623],[-468,170]],[[594657,731961],[-1986,-4776]],[[592671,727185],[-3149,-7575]],[[585676,710360],[-15471,7799]],[[599288,723793],[-6617,3392]],[[599288,723793],[2952,-5149],[3262,-5114]],[[608034,719462],[-2532,-5932]],[[599756,723623],[8278,-4161]],[[596171,735637],[15427,-7826]],[[611598,727811],[-3564,-8349]],[[617699,723590],[-7161,-16529]],[[611598,727811],[514,1204]],[[612112,729015],[1062,2487]],[[608780,730398],[-12609,5239]],[[599601,743976],[9529,-4830]],[[609130,739146],[1903,-3603]],[[611033,735543],[-2253,-5145]],[[608780,730398],[3332,-1383]],[[611033,735543],[2141,-4041]],[[609130,739146],[6007,-3045]],[[615658,737320],[-7124,2953]],[[608534,740273],[-5879,11127]],[[603459,753317],[15600,-8029]],[[608534,740273],[-8933,3703]],[[608534,740273],[596,-1127]],[[524683,794513],[-15625,10999],[-4772,-7765]],[[527025,796455],[-772,445],[-1570,-2387]],[[504286,797747],[3042,1096],[13685,-8623],[2140,1965],[1530,2328]],[[524683,794513],[756,-531]],[[511951,786697],[-7978,-13031]],[[642416,439562],[-5258,5148]],[[637158,444710],[8422,6207]],[[645580,450917],[13999,10317]],[[659579,461234],[9386,6918]],[[668965,468152],[5201,3832]],[[674166,471984],[1875,1383]],[[676041,473367],[10529,7760]],[[686570,481127],[11136,8299]],[[697706,489426],[6730,4991]],[[704436,494417],[735,546]],[[705171,494963],[6512,4829]],[[711683,499792],[851,631]],[[712534,500423],[7254,5380]],[[719788,505803],[6567,4869]],[[726355,510672],[2979,2182]],[[729334,512854],[8023,5875]],[[737357,518729],[4701,3443],[8159,5862]],[[751215,522249],[-4710,-3493]],[[746505,518756],[-6605,-4898]],[[739900,513858],[-10452,-7752]],[[729448,506106],[-5257,-3898]],[[724191,502208],[-61945,-45805]],[[662246,456403],[-5272,-3897]],[[656974,452506],[-7415,-5480]],[[649559,447026],[-7080,-5233],[-63,-2231]],[[568391,463272],[6538,6484]],[[574929,469756],[5957,-6013]],[[580886,463743],[-2450,-2367],[2742,-2516]],[[581178,458860],[-6123,-4796]],[[575055,454064],[-6664,9208]],[[587336,542984],[4529,2999]],[[591865,545983],[1876,-379],[57613,39432]],[[651354,585036],[7207,5102]],[[658561,590138],[4182,1972]],[[662743,592110],[4699,-3718]],[[667442,588392],[-465,-2768]],[[666977,585624],[-6409,-2085]],[[660568,583539],[-1902,-79],[-95217,-65295],[-446,-1677]],[[563003,516488],[-4375,-3295]],[[558628,513193],[-1631,-13],[-7447,-7540]],[[549550,505640],[-8126,-8226]],[[541424,497414],[-6991,-7077]],[[534433,490337],[-11535,-11592]],[[522898,478745],[-4080,4064]],[[715506,541180],[-54938,42359]],[[666977,585624],[3646,-2788]],[[670623,582836],[10466,-8004]],[[681089,574832],[10493,-8025]],[[691582,566807],[10502,-8030]],[[702084,558777],[14800,-11318]],[[716884,547459],[-1378,-6279]],[[715506,541180],[812,-1700],[-1213,-3606],[-96830,-71722],[-2101,-81],[-53171,52417]],[[562886,425654],[5715,3906]],[[568601,429560],[788,-21]],[[569389,429539],[1932,-51],[5646,4165]],[[576967,433653],[8564,6318]],[[585531,439971],[6569,4847]],[[592100,444818],[4304,3176]],[[596404,447994],[6655,4910]],[[603059,452904],[8576,6327],[-38,1755],[-9989,9901]],[[601608,470887],[-1495,1482]],[[600113,472369],[-5085,5040]],[[595028,477409],[-5405,5357],[-1825,12]],[[587798,482778],[-2545,2695]],[[585253,485473],[-137,1760],[-7365,7218]],[[577751,494451],[-9533,9344]],[[568218,503795],[-9590,9398]],[[729229,531404],[-1042,-678]],[[728187,530726],[-433,-281],[-1214,-3215],[-5284,-3815]],[[721256,523415],[-2785,-2011]],[[718471,521404],[-6648,-4800]],[[711823,516604],[-7398,-5522]],[[704425,511082],[-736,-548]],[[703689,510534],[-6573,-4906]],[[697116,505628],[-662,-505]],[[696454,505123],[-6584,-5027]],[[689870,500096],[-11369,-8412]],[[678501,491684],[-10199,-7547]],[[668302,484137],[-1958,-1449]],[[666344,482688],[-5308,-3927]],[[661036,478761],[-9417,-6968]],[[651619,471793],[-14006,-10364]],[[637613,461429],[-8050,-5956],[-413,-2963]],[[629150,452510],[-6018,-4117]],[[635916,435906],[-3725,3638]],[[629150,452510],[8008,-7800]],[[642416,439562],[2367,-2318]],[[644783,437244],[8054,-7884]],[[652837,429360],[2750,-2682]],[[655587,426678],[5803,-5660]],[[661390,421018],[7104,-6906]],[[668494,414112],[5978,-5810],[2648,-370],[5548,3860]],[[682668,411792],[5540,3856]],[[688208,415648],[10199,7231]],[[698407,422879],[9778,6738]],[[708185,429617],[10180,7015]],[[718365,436632],[9854,6858]],[[728219,443490],[10248,7130]],[[738467,450620],[9888,6882]],[[748355,457502],[10147,7060]],[[758502,464562],[12152,8456],[308,1816]],[[770962,474834],[4712,3180]],[[775674,478014],[1859,-311],[7101,4939]],[[784634,482642],[6822,4743]],[[791456,487385],[8533,5932]],[[799989,493317],[7889,5486]],[[807878,498803],[9629,6695],[694,4853],[-1082,1304]],[[817119,511655],[9676,-1651]],[[826795,510004],[-1155,-1151],[-1466,-7515],[-23228,-16148]],[[800946,485190],[-107062,-74433]],[[569389,429539],[-4946,5775]],[[564443,435314],[6528,6362]],[[570971,441676],[5996,-8023]],[[603059,452904],[-7971,10951]],[[595088,463855],[6520,7032]],[[586132,468812],[-6072,6033]],[[580060,474845],[7738,7933]],[[595028,477409],[-8896,-8597]],[[550402,450492],[12084,12063]],[[562486,462555],[5823,5813]],[[568309,468368],[1281,1278]],[[569590,469646],[4637,4631]],[[574227,474277],[2248,2246]],[[576475,476523],[8778,8950]],[[580060,474845],[-5131,-5089]],[[568391,463272],[-7680,-7718]],[[560711,455554],[-7310,-7348]],[[553401,448206],[-464,-467]],[[552937,447739],[-2535,2753]],[[576475,476523],[-8349,8358]],[[568126,484881],[3604,3547]],[[571730,488428],[5529,5444],[492,579]],[[568218,503795],[-5939,-5965]],[[562279,497830],[-2426,-2438]],[[559853,495392],[-10303,10248]],[[534433,490337],[7694,-7679]],[[542127,482658],[2463,-2462]],[[544590,480196],[-12845,-12830]],[[531745,467366],[-9152,9317],[305,2062]],[[543390,455445],[12993,13126]],[[556383,468571],[6103,-6016]],[[550402,450492],[-2035,-141],[-4977,5094]],[[557626,440752],[-4832,4928],[143,2059]],[[553401,448206],[5423,-6331]],[[558824,441875],[-1198,-1123]],[[568601,429560],[-4936,5033]],[[563665,434593],[778,721]],[[574227,474277],[-8385,8355]],[[565842,482632],[984,968]],[[566826,483600],[1300,1281]],[[570971,441676],[-4000,5352]],[[566971,447028],[8552,6383]],[[575523,453411],[1134,-1579]],[[576657,451832],[8874,-11861]],[[564443,435314],[-5619,6561]],[[558824,441875],[6999,6716]],[[565823,448591],[1148,-1563]],[[565823,448591],[-5112,6963]],[[575055,454064],[468,-653]],[[563665,434593],[-6039,6159]],[[581178,458860],[3051,-2798]],[[584229,456062],[7871,-11244]],[[592100,444818],[-9787,11823],[-5656,-4809]],[[584229,456062],[4021,2887]],[[588250,458949],[8154,-10955]],[[580886,463743],[4755,4594]],[[585641,468337],[4873,-4872],[9599,8904]],[[595088,463855],[-6838,-4906]],[[585641,468337],[491,475]],[[544590,480196],[7080,7070]],[[551670,487266],[8967,-8806]],[[560637,478460],[-1187,-1202]],[[559450,477258],[-5860,-5934]],[[553590,471324],[-9000,8872]],[[542127,482658],[6987,7138]],[[549114,489796],[2556,-2530]],[[541424,497414],[7690,-7618]],[[543390,455445],[-11645,11921]],[[553590,471324],[2793,-2753]],[[568309,468368],[-8859,8890]],[[560637,478460],[8953,-8814]],[[551670,487266],[5880,5812]],[[557550,493078],[9276,-9478]],[[565842,482632],[-5205,-4172]],[[559853,495392],[-1104,-1109]],[[558749,494283],[-1199,-1205]],[[571730,488428],[-9451,9402]],[[558749,494283],[9377,-9402]],[[637613,461429],[7967,-10512]],[[689870,500096],[7836,-10670]],[[686570,481127],[-8069,10557]],[[728187,530726],[9170,-11997]],[[729334,512854],[-5175,6933],[-2903,3628]],[[651619,471793],[7960,-10559]],[[661036,478761],[5143,-6881]],[[666179,471880],[2786,-3728]],[[666344,482688],[5138,-7032]],[[671482,475656],[-5303,-3776]],[[671482,475656],[2684,-3672]],[[668302,484137],[7739,-10770]],[[696454,505123],[7982,-10706]],[[726355,510672],[-7884,10732]],[[697116,505628],[8055,-10665]],[[712534,500423],[-8109,10659]],[[711823,516604],[7965,-10801]],[[703689,510534],[7994,-10742]],[[644783,437244],[7693,5820]],[[652476,443064],[5898,-8007]],[[658374,435057],[-5537,-5697]],[[655587,426678],[6578,-4920]],[[662165,421758],[-775,-740]],[[668494,414112],[2202,2199]],[[670696,416311],[5919,-3779],[6053,-740]],[[670696,416311],[9934,10079]],[[680630,426390],[7578,-10742]],[[746463,480797],[12830,9590]],[[759293,490387],[11669,-15553]],[[758502,464562],[-12039,16235]],[[759293,490387],[-7779,10367],[-1718,216]],[[749796,500970],[-2085,2986]],[[747711,503956],[67,1898],[-5997,7826],[-1881,178]],[[746505,518756],[-283,-1905],[8081,-10656]],[[754303,506195],[7550,-9957]],[[761853,496238],[6569,-8663]],[[768422,487575],[7252,-9561]],[[768422,487575],[8363,6248]],[[776785,493823],[7849,-11181]],[[807878,498803],[-2301,3288],[1672,11121]],[[807249,513212],[9870,-1557]],[[794382,501264],[2244,13623]],[[796626,514887],[10623,-1675]],[[799989,493317],[-5424,7917],[-183,30]],[[772949,504802],[-11692,6521]],[[761257,511323],[1505,9164]],[[762762,520487],[12532,-2073]],[[775294,518414],[-2345,-13612]],[[751215,522249],[1679,-83],[9868,-1679]],[[761257,511323],[-6954,-5128]],[[674482,434147],[3549,3668]],[[678031,437815],[11211,7824]],[[689242,445639],[50849,35512],[182,1694],[-14245,19173],[-1837,190]],[[729448,506106],[-227,-1767],[5838,-8031],[1739,-263]],[[736798,496045],[2210,-2995]],[[739008,493050],[-165,-1870],[7620,-10383]],[[746463,480797],[-9638,-6672]],[[736825,474125],[-10087,-6984]],[[726738,467141],[-10035,-6946]],[[716703,460195],[-9923,-6909]],[[706780,453286],[-10036,-6989]],[[696744,446297],[-9995,-6958]],[[686749,439339],[-10229,-7123]],[[676520,432216],[-2038,1931]],[[688385,446761],[22165,14426]],[[710550,461187],[11886,8864]],[[722436,470051],[8218,6129],[-1071,8610],[-1357,1799]],[[728226,486589],[-6136,8136],[-10216,-7457],[6044,-8291]],[[717918,478977],[-1408,-1028]],[[716510,477949],[-1514,-1104]],[[714996,476845],[-6058,8118],[-10359,-7650]],[[698579,477313],[-21522,-15895]],[[677057,461418],[-13006,-9605]],[[664051,451813],[-1886,2599],[81,1991]],[[689242,445639],[-857,1122]],[[649559,447026],[2917,-3962]],[[658374,435057],[8416,6380]],[[666790,441437],[2381,-2257]],[[669171,439180],[5311,-5033]],[[674482,434147],[-12317,-12389]],[[652476,443064],[8456,6427]],[[660932,449491],[5858,-8054]],[[660932,449491],[-2010,2765],[-1948,250]],[[664051,451813],[-2696,-2007]],[[661355,449806],[-423,-315]],[[670696,416311],[-8531,5447]],[[676520,432216],[4110,-5826]],[[686749,439339],[11658,-16460]],[[712583,444943],[-5803,8343]],[[716703,460195],[5726,-8308]],[[722429,451887],[-9846,-6944]],[[748355,457502],[-11530,16623]],[[739008,493050],[10788,7920]],[[736798,496045],[10913,7911]],[[678031,437815],[-2040,180],[-6191,5962],[-5749,7856]],[[677057,461418],[11328,-14657]],[[669171,439180],[-7816,10626]],[[714996,476845],[-10409,-7629]],[[704587,469216],[-6008,8097]],[[716510,477949],[5926,-7898]],[[710550,461187],[-5963,8029]],[[717918,478977],[10308,7612]],[[738467,450620],[-11729,16521]],[[728219,443490],[-5790,8397]],[[718365,436632],[-5782,8311]],[[708185,429617],[-11441,16680]],[[773033,504754],[-11180,-8516]],[[772949,504802],[84,-48]],[[785838,516671],[-2233,-13645]],[[783605,503026],[-5091,832]],[[778514,503858],[-5481,896]],[[775294,518414],[10544,-1743]],[[778514,503858],[-1740,-9699],[11,-336]],[[784051,502953],[10331,-1689]],[[791456,487385],[-8059,11468],[654,4100]],[[784051,502953],[-446,73]],[[785838,516671],[10788,-1784]],[[605813,691545],[-2281,1251],[-4034,2211],[-5425,2736]],[[594073,697743],[-3736,1885]],[[590337,699628],[-14828,7480]],[[575509,707108],[-14837,7486]],[[560672,714594],[-14849,7493]],[[545823,722087],[-14939,7552]],[[530884,729639],[-10742,5430],[-1876,-333]],[[518266,734736],[-4404,3403]],[[513862,738139],[-40142,26221],[-7843,4615]],[[465877,768975],[4040,6205]],[[607997,701161],[464,-2645],[12043,-6909]],[[620504,691607],[-3788,-6369]],[[616716,685238],[-10903,6307]],[[591865,545983],[-40437,57876],[466,1964]],[[551894,605823],[57170,39166]],[[609064,644989],[42290,-59953]],[[609064,644989],[2722,1864],[164,277]],[[611950,647130],[1538,-2166]],[[613488,644964],[9688,-13644]],[[623176,631320],[9008,-12684],[1139,2048]],[[633323,620684],[9262,-11209]],[[642585,609475],[15976,-19337]],[[683286,595786],[-15844,-7394]],[[662743,592110],[26248,12379]],[[688991,604489],[3043,1435]],[[692034,605924],[2518,1187],[97,2576]],[[694649,609687],[7585,2046],[196,-7]],[[702430,611726],[1908,-70],[7452,3511]],[[711790,615167],[3994,1881]],[[715784,617048],[7779,3666]],[[723563,620714],[7754,-2424]],[[731317,618290],[-10956,-5144]],[[720361,613146],[-17740,-8329]],[[702621,604817],[-3147,-1477]],[[699474,603340],[-15882,-7412]],[[683592,595928],[-306,-142]],[[692034,605924],[-2758,1575]],[[689276,607499],[-35865,20489]],[[653411,627988],[2340,4004]],[[655751,631992],[38898,-22305]],[[655751,631992],[-10619,6089]],[[645132,638081],[-13817,7923]],[[631315,646004],[-7167,4109]],[[624148,650113],[-1846,1059]],[[622302,651172],[-4723,2708],[-1899,-463]],[[615680,653417],[-4743,2956]],[[610937,656373],[-518,1660],[-21200,10106]],[[589219,668139],[-24761,12144],[-1849,-613]],[[562609,679670],[-4933,2433]],[[557676,682103],[-691,1882],[-20588,10059]],[[536397,694044],[-24842,12138]],[[511555,706182],[-11628,5682],[-2061,-390]],[[497866,711474],[5596,6380]],[[503462,717854],[434,-1919],[15850,-7762]],[[519746,708173],[14804,-7248]],[[534550,700925],[14976,-7333]],[[549526,693592],[15115,-7402]],[[564641,686190],[14959,-7325]],[[579600,678865],[14614,-7156]],[[594214,671709],[11170,-5522]],[[605384,666187],[10772,-4969]],[[616156,661218],[10272,-5932]],[[626428,655286],[10260,-5881]],[[636688,649405],[11644,-6673]],[[648332,642732],[10347,-5930]],[[658679,636802],[4767,-2733]],[[663446,634069],[16153,-9257]],[[679599,624812],[2287,-1312]],[[681886,623500],[11044,-6330]],[[692930,617170],[9500,-5444]],[[692930,617170],[6981,12260]],[[699911,629430],[7052,-4050]],[[706963,625380],[4827,-10213]],[[715784,617048],[1429,874],[2463,1912],[2243,2290],[-498,2677]],[[721421,624801],[2253,-1301],[-111,-2786]],[[721421,624801],[-166,646]],[[721255,625447],[6798,-3962],[404,496],[7165,-4179]],[[735622,617802],[610,-1584]],[[736232,616218],[-3286,1901],[-1629,171]],[[710403,631167],[-17933,10361]],[[692470,641528],[415,748]],[[692885,642276],[9397,-5774],[8388,-4887]],[[710670,631615],[-267,-448]],[[699911,629430],[-10911,6264]],[[689000,635694],[3470,5834]],[[710403,631167],[-3440,-5787]],[[673892,652182],[-4779,2739]],[[669113,654921],[1076,1869]],[[670189,656790],[1621,-1225],[2931,-1854]],[[674741,653711],[-849,-1529]],[[673892,652182],[-10446,-18113]],[[658679,636802],[4178,7254]],[[662857,644056],[6256,10865]],[[669113,654921],[-10286,5972]],[[658827,660893],[1599,2781]],[[660426,663674],[4046,-2681],[5717,-4203]],[[662857,644056],[-10354,5894]],[[652503,649950],[1032,1784]],[[653535,651734],[5292,9159]],[[658827,660893],[-11556,6668]],[[647271,667561],[2089,3620]],[[649360,671181],[11066,-7507]],[[641960,658396],[5311,9165]],[[653535,651734],[-11575,6662]],[[647271,667561],[-10280,5947]],[[636991,673508],[2614,4512]],[[639605,678020],[7550,-5422],[2205,-1417]],[[741282,613296],[-2626,1519]],[[738656,614815],[-775,1670],[-2259,1317]],[[721255,625447],[-10585,6168]],[[692885,642276],[-2353,1473]],[[690532,643749],[-15791,9962]],[[639605,678020],[-7920,6128],[-1234,1190]],[[630451,685338],[-1380,1333]],[[629071,686671],[41625,-23927]],[[670696,662744],[72672,-42030]],[[636991,673508],[-10092,5839]],[[626899,679347],[3552,5991]],[[626899,679347],[-10183,5891]],[[620504,691607],[8567,-4936]],[[629071,686671],[-7193,7237]],[[621878,693908],[-5288,5415],[-6234,7319]],[[617699,723590],[5627,-7637],[11657,-13496],[14513,-12309],[15616,-11192],[11155,-7544]],[[676267,671412],[-5571,-8668]],[[620504,691607],[1374,2301]],[[599215,680263],[-4635,2750],[-3424,9893],[2917,4837]],[[605813,691545],[-6598,-11282]],[[590337,699628],[-10737,-20763]],[[564641,686190],[10868,20918]],[[560672,714594],[-11146,-21002]],[[534550,700925],[11273,21162]],[[530884,729639],[-11138,-21466]],[[503462,717854],[14804,16882]],[[511555,706182],[-4928,-9609]],[[506627,696573],[-13835,-9133]],[[492792,687440],[-7588,10884],[346,1726],[8407,7042],[3909,4382]],[[505623,669039],[13809,9239]],[[519432,678278],[12803,-18295]],[[532235,659983],[-12587,-8699]],[[519648,651284],[-1954,441],[-12071,17314]],[[532235,659983],[13750,9219]],[[545985,669202],[7876,5281],[3815,7620]],[[562609,679670],[-4140,-8495]],[[558469,671175],[-12089,-8197]],[[546380,662978],[-12166,-8248]],[[534214,654730],[-11396,-7726]],[[522818,647004],[-3170,4280]],[[548552,634262],[-12450,-8614]],[[536102,625648],[-13696,19438],[412,1918]],[[534214,654730],[14338,-20468]],[[548552,634262],[11352,-16204]],[[559904,618058],[-11162,-7654]],[[548742,610404],[-2146,350],[-10494,14894]],[[551894,605823],[-3152,4581]],[[559904,618058],[12208,8371]],[[572112,626429],[11980,8214]],[[584092,634643],[11877,8236]],[[595969,642879],[11821,8199],[3147,5295]],[[615680,653417],[-3730,-6287]],[[622302,651172],[-8814,-6208]],[[646335,615888],[-3750,-6413]],[[633323,620684],[5527,6036]],[[638850,626720],[7485,-10832]],[[646335,615888],[7076,12100]],[[689276,607499],[-285,-3010]],[[623176,631320],[7844,5378]],[[631020,636698],[7830,-9978]],[[638850,626720],[6282,11361]],[[631020,636698],[-1301,2540]],[[629719,639238],[1034,1855],[-1040,1617],[1602,3294]],[[629719,639238],[-5571,10875]],[[595969,642879],[-5766,8488],[-5558,7784]],[[584645,659151],[4574,8988]],[[584645,659151],[-11984,-8211]],[[572661,650940],[-14192,20235]],[[572112,626429],[-11425,16227]],[[560687,642656],[11974,8284]],[[572661,650940],[11431,-16297]],[[548552,634262],[12135,8394]],[[560687,642656],[-14307,20322]],[[545985,669202],[-12857,18238]],[[533128,687440],[3269,6604]],[[533128,687440],[-13696,-9162]],[[519432,678278],[-12805,18295]],[[505623,669039],[-12831,18401]],[[599215,680263],[-5001,-8554]],[[710411,579613],[-3421,7353]],[[706990,586966],[-7516,16374]],[[702621,604817],[4949,-10621]],[[707570,594196],[4323,-9279]],[[711893,584917],[1779,-3816]],[[713672,581101],[-3261,-1488]],[[686220,581867],[-3211,6798],[-12386,-5829]],[[683286,595786],[5259,-10543],[-2325,-3376]],[[725311,602288],[-4950,10858]],[[736232,616218],[2581,-7103],[-338,-948]],[[738475,608167],[-13164,-5879]],[[736232,616218],[2424,-1403]],[[741801,609643],[-3326,-1476]],[[736292,594142],[-2468,961]],[[733824,595103],[4651,13064]],[[732602,583853],[-2569,940]],[[730033,584793],[3791,10310]],[[723048,557669],[1717,7265],[1496,5756]],[[726261,570690],[1373,-450]],[[718549,547815],[4058,9115],[441,739]],[[702084,558777],[69,68]],[[702153,558845],[15928,-11130]],[[686353,581587],[-5264,-6755]],[[686220,581867],[133,-280]],[[683592,595928],[5131,-10735],[-2370,-3606]],[[696626,573324],[-5044,-6517]],[[686353,581587],[3212,-2584]],[[689565,579003],[7061,-5679]],[[689565,579003],[645,295]],[[690210,579298],[7094,-5664]],[[697304,573634],[-678,-310]],[[697304,573634],[13107,5979]],[[713672,581101],[3350,-7381]],[[717022,573720],[-8111,-8109]],[[708911,565611],[-6758,-6766]],[[725311,602288],[-4964,-2265]],[[720347,600023],[-4735,-2160]],[[715612,597863],[-8042,-3667]],[[726261,570690],[-9239,3030]],[[711893,584917],[7936,3585]],[[719829,588502],[10204,-3709]],[[730033,584793],[-1204,-4269],[-2568,-9834]],[[733824,595103],[-13477,4920]],[[719829,588502],[-4217,9361]],[[723048,557669],[-14137,7942]],[[706990,586966],[-16780,-7668]],[[692470,641528],[-2441,1400]],[[690029,642928],[503,821]],[[690029,642928],[-16137,9254]],[[721421,624801],[-11018,6366]],[[681886,623500],[7114,12194]],[[679599,624812],[10430,18116]],[[676267,671412],[23705,-15299],[18589,-9122],[22827,-13559],[-189,-403],[1309,-748],[8701,2982]],[[676267,671412],[21758,33849],[-26472,16886],[-14961,-22732],[-38652,24732]],[[632950,758791],[5599,12921],[95507,-61062],[36121,-22929],[-220,-607]],[[631482,664004],[5509,9504]],[[641960,658396],[-145,-249]],[[641815,658147],[-10333,5857]],[[641815,658147],[-5127,-8742]],[[626428,655286],[5054,8718]],[[652503,649950],[-4171,-7218]],[[621245,669807],[5654,9540]],[[631482,664004],[-10237,5803]],[[376901,826701],[-56342,23939]],[[320559,850640],[-822,15187]],[[319737,865827],[57164,-39126]],[[333338,948689],[932,1141],[-280,1812],[-5604,4437]],[[328386,956079],[-7702,6098]],[[320684,962177],[-7901,6255]],[[312783,968432],[-4841,3831]],[[307942,972263],[-2125,2216],[1581,6458]],[[307398,980937],[22116,-18192],[9289,-7498],[10061,-5177]],[[348864,950070],[-2846,-4540]],[[346018,945530],[-2757,-520],[-2215,-2722]],[[341046,942288],[-6186,4805],[-1522,1596]],[[348864,950070],[62035,-48792]],[[410899,901278],[-11855,6063],[-13223,6467]],[[385821,913808],[-1463,1173]],[[384358,914981],[-16466,13209]],[[367892,928190],[-21874,17340]],[[424444,875586],[-114,1788],[-2490,3085]],[[421840,880459],[-4631,5741]],[[417209,886200],[-5789,7176]],[[411420,893376],[-1324,1642],[-8608,6752]],[[401488,901770],[-11909,9344],[-630,184],[-3128,2510]],[[410899,901278],[2913,-2294],[20875,-26074],[15082,-9797]],[[424444,875586],[-6518,3644]],[[417926,879230],[1017,1251],[2897,-22]],[[407812,889019],[-10050,7992]],[[397762,897011],[3726,4759]],[[411420,893376],[-3608,-4357]],[[397762,897011],[-17019,13384]],[[380743,910395],[3312,4171]],[[384055,914566],[147,185]],[[384202,914751],[156,230]],[[365691,925489],[2201,2701]],[[384202,914751],[-11755,6527],[-6756,4211]],[[365691,925489],[-12392,7799],[-12253,9000]],[[365160,879330],[-1811,-76]],[[363349,879254],[-4288,3457]],[[359061,882711],[-247,1991],[-9861,7938]],[[348953,892640],[-31808,25607],[-1837,-253]],[[315308,917994],[-4209,3368]],[[311099,921362],[-47,1892]],[[311052,923254],[3429,4269]],[[314481,927523],[1703,166],[3860,4726]],[[320044,932415],[1572,1925]],[[321616,934340],[1281,1566]],[[322897,935906],[1603,-1319],[6473,-4674]],[[330973,929913],[-5352,-6575],[359,-2911],[4705,-3849]],[[330685,916578],[799,-653]],[[331484,915925],[5395,-4414],[860,-408],[829,-675]],[[338568,910428],[9073,-7390]],[[347641,903038],[6226,-5072]],[[353867,897966],[10327,-8411]],[[364194,889555],[5455,-4464]],[[369649,885091],[-4489,-5761]],[[337725,925130],[-7040,-8552]],[[330973,929913],[6752,-4783]],[[346050,919607],[-7482,-9179]],[[331484,915925],[7092,8626]],[[338576,924551],[5258,-3664],[2216,-1280]],[[353867,897966],[6679,7973],[10106,-8252]],[[370652,897687],[-5985,-7536]],[[364667,890151],[-473,-596]],[[417276,836156],[-6082,4102]],[[411194,840258],[-582,2179],[-15456,12545]],[[395156,854982],[-7711,6259]],[[387445,861241],[-7522,6106]],[[379923,867347],[-7957,6458]],[[371966,873805],[-6806,5525]],[[369649,885091],[11002,-9000]],[[380651,876091],[321,-263]],[[380972,875828],[9423,-7709]],[[390395,868119],[7093,-5802]],[[397488,862317],[5041,-4124]],[[402529,858193],[7167,-5863]],[[409696,852330],[8481,-6766]],[[402529,858193],[-295,2045],[15692,18992]],[[424540,874508],[-11682,-19739]],[[412858,854769],[-1359,-2165],[-1803,-274]],[[412858,854769],[5809,-3365]],[[413449,829892],[-6116,4088]],[[407333,833980],[3861,6278]],[[407333,833980],[-1888,-939],[-25097,227],[-2006,1375]],[[378342,834643],[16814,20339]],[[353594,851629],[-6953,4772],[-211,1749]],[[346430,858150],[16919,21104]],[[371966,873805],[-17905,-21612]],[[354061,852193],[-467,-564]],[[346430,858150],[-4621,2981]],[[341809,861131],[8485,10613]],[[350294,871744],[8767,10967]],[[339176,880402],[9777,12238]],[[350294,871744],[-11118,8658]],[[329401,868168],[-18778,12768]],[[310623,880936],[3615,5158],[-6639,4714],[-3890,-5173]],[[303709,885635],[-956,651],[-7292,5642],[-103,1732]],[[295358,893660],[19950,24334]],[[339176,880402],[-9775,-12234]],[[295358,893660],[-4367,3500]],[[290991,897160],[10370,12615]],[[301361,909775],[9738,11587]],[[301361,909775],[-5675,4303]],[[295686,914078],[10628,13018]],[[306314,927096],[4738,-3842]],[[267066,965913],[-6689,5416],[-250,1880]],[[260127,973209],[4389,4823]],[[264516,978032],[7394,-6128]],[[271910,971904],[-4844,-5991]],[[260127,973209],[-5864,4636]],[[254263,977845],[15058,16308]],[[269321,994153],[4097,-6340]],[[273418,987813],[-3773,-4146]],[[269645,983667],[-4621,-5076]],[[265024,978591],[-508,-559]],[[263486,961827],[-11340,-14025]],[[252146,947802],[-11682,9531]],[[240464,957333],[11382,12243]],[[251846,969576],[1967,96],[9673,-7845]],[[314481,927523],[-8160,6608]],[[306321,934131],[4730,5677]],[[311051,939808],[8993,-7393]],[[333338,948689],[-6348,5728]],[[326990,954417],[1396,1662]],[[312422,967968],[-4480,4295]],[[312783,968432],[-361,-464]],[[307942,972263],[-6974,5534]],[[300968,977797],[3596,5470],[2834,-2330]],[[312215,967702],[-9283,-11397]],[[302932,956305],[-8977,7378]],[[293955,963683],[-2179,1780]],[[291776,965463],[-2598,3036]],[[289178,968499],[1379,1701]],[[290557,970200],[7386,9106]],[[297943,979306],[3025,-1509]],[[307942,972263],[4273,-4561]],[[312422,967968],[-207,-266]],[[319717,960987],[-3655,3122],[-3640,3859]],[[320684,962177],[-967,-1190]],[[293593,944842],[-199,-245]],[[293394,944597],[-2479,2007]],[[290915,946604],[8562,10601]],[[299477,957205],[2265,-2360]],[[301742,954845],[-8149,-10003]],[[301338,938373],[-99,-128]],[[301239,938245],[-7845,6352]],[[293593,944842],[7745,-6469]],[[301742,954845],[2251,-2278],[5075,-4690]],[[309068,947877],[-7730,-9504]],[[306321,934131],[-5082,4114]],[[309068,947877],[3951,-3780],[808,-957]],[[313827,943140],[-1141,-1368]],[[312686,941772],[-1635,-1964]],[[301742,954845],[1190,1460]],[[302932,956305],[7805,-6373]],[[310737,949932],[-1669,-2055]],[[326990,954417],[-7273,6570]],[[319717,960987],[-196,-242]],[[319521,960745],[-3725,3218],[-3581,3739]],[[326820,954204],[-5005,4479],[-2294,2062]],[[326990,954417],[-170,-213]],[[333338,948689],[-175,-215]],[[333163,948474],[-2484,2216],[-3859,3514]],[[334270,933963],[-3297,-4050]],[[322897,935906],[2008,2459]],[[324905,938365],[3052,3736]],[[327957,942101],[5206,6373]],[[341046,942288],[-6776,-8325]],[[357486,915283],[-9034,7269]],[[348452,922552],[-6933,5579]],[[341519,928131],[-796,640]],[[340723,928771],[-6453,5192]],[[365691,925489],[-157,-194]],[[365534,925295],[-8048,-10012]],[[356092,913550],[-8451,-10512]],[[346050,919607],[10042,-6057]],[[356092,913550],[8904,-5436],[9726,-5301]],[[374722,902813],[-4070,-5126]],[[384055,914566],[-12309,6712],[-6212,4017]],[[381190,876763],[-539,-672]],[[364667,890151],[16523,-13388]],[[380743,910395],[-6021,-7582]],[[356092,913550],[1394,1733]],[[374722,902813],[19100,-10259]],[[393822,892554],[-12632,-15791]],[[394213,892555],[-71,-89],[-320,88]],[[397762,897011],[-3549,-4456]],[[394213,892555],[11390,-6204]],[[405603,886351],[-4636,-5598]],[[400967,880753],[-9724,7899],[-3608,-4394],[-6663,-8430]],[[400477,880168],[-10082,-12049]],[[400967,880753],[-490,-585]],[[407468,874436],[-9980,-12119]],[[400477,880168],[6991,-5732]],[[405603,886351],[2209,2668]],[[417209,886200],[-3538,-4232]],[[413671,881968],[-8068,4383]],[[413671,881968],[-6203,-7532]],[[417926,879230],[-4255,2738]],[[340723,928771],[-2998,-3641]],[[338576,924551],[2943,3580]],[[348452,922552],[-2402,-2945]],[[338576,924551],[-851,579]],[[341809,861131],[-1748,-211],[-10660,7248]],[[279186,904864],[3675,4444]],[[282861,909308],[3792,4585]],[[286653,913893],[3764,4551]],[[290417,918444],[5269,-4366]],[[290991,897160],[-1760,-214],[-10045,7918]],[[279186,904864],[-7960,6273]],[[271226,911137],[3566,4358]],[[274792,915495],[8069,-6187]],[[271226,911137],[-2547,1722],[-15059,11803]],[[253620,924662],[11817,14423]],[[265437,939085],[10465,12674]],[[275902,951759],[12873,-10439]],[[288775,941320],[-10552,-12940],[3385,-2756]],[[281608,925624],[883,-718]],[[282491,924906],[-3933,-4807]],[[278558,920099],[-3766,-4604]],[[253620,924662],[-22234,17426],[-1309,1148],[-167,2746]],[[229910,945982],[10554,11351]],[[252146,947802],[8118,-6622],[1011,1266]],[[261275,942446],[4162,-3361]],[[263486,961827],[8202,-6650]],[[271688,955177],[-10413,-12731]],[[271688,955177],[4214,-3418]],[[288775,941320],[3403,-2760]],[[292178,938560],[-10570,-12936]],[[283027,924469],[-536,437]],[[292178,938560],[1467,-1190]],[[293645,937370],[-10618,-12901]],[[286653,913893],[-8095,6206]],[[283027,924469],[6308,-5143]],[[289335,919326],[1082,-882]],[[289335,919326],[10579,12959]],[[299914,932285],[6400,-5189]],[[293645,937370],[6269,-5085]],[[310623,880936],[-6914,4699]],[[364968,849204],[-10907,2989]],[[379923,867347],[-14955,-18143]],[[378342,834643],[-8194,5624]],[[370148,840267],[6087,7381]],[[376235,847648],[11210,13593]],[[376235,847648],[-11267,1556]],[[370148,840267],[-16554,11362]],[[287923,972363],[-3693,3034]],[[284230,975397],[-2986,2443]],[[281244,977840],[-2221,2861]],[[279023,980701],[6931,8573]],[[285954,989274],[7904,-7931],[1202,-599]],[[295060,980744],[-7137,-8381]],[[273418,987813],[5228,5744]],[[278646,993557],[2844,-105],[1045,-747],[3419,-3431]],[[279023,980701],[-5605,7112]],[[269321,994153],[5398,5846],[3927,-6442]],[[272829,961247],[-5763,4666]],[[271910,971904],[2508,3102]],[[274418,975006],[2318,2866]],[[276736,977872],[1776,2198]],[[278512,980070],[2732,-2230]],[[281244,977840],[2474,-3187]],[[283718,974653],[-10889,-13406]],[[288744,967965],[-9597,-11833]],[[279147,956132],[-6318,5115]],[[283718,974653],[5460,-6154]],[[289178,968499],[-434,-534]],[[293645,963279],[-9164,-11466]],[[284481,951813],[-5334,4319]],[[288744,967965],[3032,-2502]],[[291776,965463],[1869,-2184]],[[276736,977872],[-7091,5795]],[[279023,980701],[-511,-631]],[[284230,975397],[-512,-744]],[[287923,972363],[2634,-2163]],[[295060,980744],[2883,-1438]],[[293955,963683],[-310,-404]],[[299477,957205],[-5832,6074]],[[322897,935906],[-8991,7330]],[[313906,943236],[2038,2446]],[[315944,945682],[2463,-2012]],[[318407,943670],[6498,-5305]],[[318407,943670],[2946,3688]],[[321353,947358],[6604,-5257]],[[319521,960745],[-8784,-10813]],[[315944,945682],[-5207,4250]],[[326820,954204],[-5467,-6846]],[[312686,941772],[8930,-7432]],[[313827,943140],[79,96]],[[290915,946604],[-6434,5209]],[[274418,975006],[-425,322],[-2015,-2407],[-6954,5670]],[[494074,643954],[7039,-10213]],[[501113,633741],[-15094,-8806]],[[486019,624935],[-5672,9672],[374,1505],[13353,7842]],[[486019,624935],[7821,-13336]],[[493840,611599],[-3961,-2214]],[[489879,609385],[-7798,13249]],[[482081,622634],[-5689,9664],[-1490,372],[-14309,-8370],[-1431,-3254]],[[459162,621046],[-3003,3102],[36881,21304],[1034,-1498]],[[482081,622634],[-15611,-9136]],[[466470,613498],[-7308,7548]],[[489879,609385],[-12604,-7046],[-10805,11159]],[[501113,633741],[8994,-13048],[-16267,-9094]],[[350532,74935],[1045,-1077]],[[351577,73858],[-10237,-9637]],[[341340,64221],[-976,944],[473,593]],[[340837,65758],[9695,9177]],[[356947,81005],[1026,-971]],[[357973,80034],[-6396,-6176]],[[350532,74935],[6415,6070]],[[341340,64221],[-16257,-14428],[-12237,12838],[19430,4990],[3416,3523]],[[335692,71144],[5145,-5386]],[[351373,86789],[302,-313]],[[351675,86476],[-6388,-6063]],[[345287,80413],[-312,327]],[[351675,86476],[5272,-5471]],[[350532,74935],[-5245,5478]],[[377299,83044],[11030,-11436]],[[388329,71608],[-3528,-4301]],[[384801,67307],[-707,740]],[[376387,76124],[-9459,9670]],[[366928,85794],[3952,3907]],[[370880,89701],[3137,-3253]],[[370880,89701],[-2351,2438]],[[368529,92139],[-905,937]],[[384801,67307],[15,-1830],[-13120,-15268],[-18382,-13821],[-2638,568],[-2746,-3361],[-619,-1902],[-23197,-17676],[-3378,846],[-7220,21318]],[[336122,72371],[-841,-795],[411,-432]],[[357973,80034],[7526,7222],[1429,-1462]],[[356947,81005],[7616,7208],[3966,3926]],[[351675,86476],[11561,11145]],[[363236,97621],[3227,-3342]],[[363016,97848],[220,-227]],[[345287,80413],[-9595,-9269]],[[363284,668379],[2201,-3769]],[[365485,664610],[-11255,-6626]],[[354230,657984],[-2896,-1588]],[[351334,656396],[-2262,3889]],[[349072,660285],[14212,8094]],[[351334,656396],[-13735,-7533]],[[337599,648863],[-3775,2738]],[[333824,651601],[15248,8684]],[[360262,676636],[6569,-11234],[-1346,-792]],[[363284,668379],[-4372,7486]],[[358912,675865],[1350,771]],[[344727,667760],[4345,-7475]],[[333824,651601],[-5607,4067]],[[328217,655668],[150,2744],[16360,9348]],[[344727,667760],[14185,8105]],[[357211,681853],[3051,-5217]],[[328217,655668],[-2050,1487],[-5346,3876]],[[320821,661031],[36390,20822]],[[320821,661031],[-16360,11866]],[[304461,672897],[46246,26083],[9078,-15508],[-2574,-1619]],[[354230,657984],[2174,-3894]],[[356404,654090],[-12460,-6970],[-100,-2786]],[[343844,644334],[-6245,4529]],[[356404,654090],[4491,-8044]],[[360895,646046],[-4437,-4291]],[[356458,641755],[-3911,-3734]],[[352547,638021],[-1237,897],[-7466,5416]],[[266445,513039],[-4860,-9811]],[[261585,503228],[-18140,13260]],[[243445,516488],[10928,311],[12072,-3760]],[[274802,498325],[12150,-7072]],[[286952,491253],[-2037,-4157]],[[284915,487096],[-12144,7144],[233,470]],[[273004,494710],[1798,3615]],[[322849,577564],[11918,-8045]],[[334767,569519],[-8889,-12784],[-11598,7821]],[[314280,564556],[8569,13008]],[[309673,586457],[1168,-788]],[[310841,585669],[-1896,-180]],[[308945,585489],[728,968]],[[308945,585489],[7547,-10024],[-5418,-8872]],[[311074,566593],[-10473,7815]],[[300601,574408],[8253,10961],[91,120]],[[314280,564556],[-161,-235]],[[314119,564321],[-3045,2272]],[[310841,585669],[144,-97],[11864,-8008]],[[311074,566593],[-5360,-8777],[-857,-1402]],[[304857,556414],[-11373,8489]],[[293484,564903],[959,1326],[6158,8179]],[[314119,564321],[-5801,-8449],[-965,-1322]],[[307353,554550],[-2496,1864]],[[304857,556414],[-466,-787]],[[304391,555627],[-11447,8523]],[[292944,564150],[540,753]],[[304391,555627],[-6036,-10187]],[[298355,545440],[-12263,9141]],[[286092,554581],[6852,9569]],[[298355,545440],[-5587,-9430]],[[292768,536010],[-13147,9535]],[[279621,545545],[6471,9036]],[[292768,536010],[-1164,-1964],[-3362,-3787],[-4568,-1795]],[[283674,528464],[-10649,7871],[6596,9210]],[[283674,528464],[-2156,-847],[-5043,-1144],[-8316,2289],[-4958,3701]],[[263201,532463],[42041,57196],[4688,-2841],[-257,-361]],[[307353,554550],[-28038,-38381]],[[279315,516169],[-18204,13450]],[[261111,529619],[2090,2844]],[[281862,512524],[10623,-9980]],[[292485,502544],[-5533,-11291]],[[274802,498325],[7060,14199]],[[293732,524877],[8960,-8344],[-3423,-6899]],[[299269,509634],[-6784,-7090]],[[281862,512524],[6860,7139],[5010,5214]],[[303344,534293],[-247,-247]],[[303097,534046],[-131,118],[-383,346]],[[302583,534510],[242,264],[519,-481]],[[352547,638021],[26077,-18914]],[[371151,612608],[-499,-632]],[[370652,611976],[-111638,79408]],[[259014,691384],[602,677],[7223,8123]],[[266839,700184],[37622,-27287]],[[370652,611976],[-3982,-5039]],[[366670,606937],[-29823,-38815]],[[336847,568122],[-2080,1397]],[[261111,529619],[-80983,59834]],[[180128,589453],[41760,60172],[37126,41759]],[[336847,568122],[-20006,-26038]],[[316841,542084],[-3026,3472],[-10471,-11263]],[[302583,534510],[-8228,-8956]],[[294355,525554],[-623,-677]],[[281862,512524],[-3736,2017]],[[278126,514541],[1189,1628]],[[316841,542084],[-3600,-4686],[-4316,-8296]],[[308925,529102],[-5581,5191]],[[308925,529102],[4502,-4187],[-94,-101]],[[313333,524814],[-4515,4072],[-5721,5160]],[[313333,524814],[-8408,-9075]],[[304925,515739],[-1799,1670],[-8771,8145]],[[304925,515739],[-5656,-6105]],[[299269,509634],[-18138,-36572],[-1977,2278]],[[279154,475340],[5761,11756]],[[261585,503228],[5396,-3944]],[[266981,499284],[-3934,-5384]],[[263047,493900],[-19602,22588]],[[278126,514541],[-42445,24245],[-6460,2120],[-6226,-851]],[[222995,540055],[-42867,49398]],[[279154,475340],[-10033,11561],[-6074,6999]],[[266981,499284],[6023,-4574]],[[266445,513039],[10374,-287],[5043,-228]],[[243445,516488],[-20450,23567]],[[318202,767100],[-31868,-44988],[-19495,-21928]],[[180128,589453],[-41448,22332],[-61082,28845],[-77598,42493],[43006,52419],[44876,-9615],[18699,8375],[33657,13956],[38020,13648],[12777,46835],[57342,30396],[30852,-29465],[24931,-32878],[14042,-9694]],[[376901,826701],[1198,-819]],[[378099,825882],[-10797,-16254],[-44182,-4573]],[[323120,805055],[-2561,45585]],[[411595,804147],[1,-3],[-33497,21738]],[[378099,825882],[28675,-201],[4821,-21534]],[[556133,587455],[-79095,112725],[13198,10843],[3873,4445]],[[494109,715468],[19753,22671]],[[374453,737142],[-7080,14512],[11918,5792],[12758,-5024],[635,-6591],[-18231,-8689]],[[494109,715468],[-26395,17975]],[[467714,733443],[-8633,5725]],[[459081,739168],[-116,77],[-19349,12623]],[[439616,751868],[-20126,4134]],[[419490,756002],[6682,38700]],[[426172,794702],[736,-477],[5366,-3477],[33603,-21773]],[[456942,719094],[3534,-12758]],[[460476,706336],[-20334,-5514]],[[440142,700822],[-3149,11488]],[[436993,712310],[1036,1582],[18913,5202]],[[494109,715468],[-30523,-20354]],[[463586,695114],[-3110,11222]],[[456942,719094],[3627,4832],[1929,2570]],[[462498,726496],[5216,6947]],[[449647,722934],[12851,3562]],[[436993,712310],[-2174,7928]],[[434819,720238],[1710,-939],[13118,3635]],[[446234,735593],[3413,-12659]],[[434819,720238],[-3102,11315]],[[431717,731553],[14517,4040]],[[446234,735593],[12847,3575]],[[459081,739168],[-5862,1537],[-7552,5714],[-6051,5449]],[[431717,731553],[-541,1971],[-13549,11684],[1863,10794]],[[362375,728799],[6640,-13393],[-11952,-5638],[-6550,13392],[11862,5639]],[[463586,695114],[-18449,-12510],[-3131,11417]],[[442006,694021],[-22,82],[-1842,6719]],[[500223,499894],[-13491,13985],[-45491,46801]],[[378624,619107],[39414,34268],[-12463,10811],[36431,29835]],[[609453,673027],[10255,-5813]],[[619708,667214],[-3552,-5996]],[[605384,666187],[4069,6840]],[[621245,669807],[-1537,-2593]],[[609453,673027],[1540,2591],[5723,9620]],[[471120,240984],[2567,-2637]],[[473687,238347],[8196,-8419]],[[495979,243385],[-8214,8424]],[[487765,251809],[-2570,2635]],[[499150,267789],[10791,-11072]],[[487765,251809],[-14078,-13462]],[[248873,972006],[1487,-1215]],[[250360,970791],[-21851,-23592]],[[228509,947199],[-1411,1226]],[[227098,948425],[21775,23581]],[[250360,970791],[1486,-1215]],[[229910,945982],[-1401,1217]],[[426172,794702],[-14577,9445]],[[319737,865827],[-21555,14675],[-40163,31670],[-31212,24113],[-5916,5416],[6207,6724]],[[248873,972006],[5390,5839]],[[521334,372643],[-3683,-5892]],[[517651,366751],[-475,-758],[-4823,-6351]],[[512353,359642],[-15227,15519],[10623,15104],[-11191,11328],[18181,17289]],[[469881,307163],[7068,8374],[20123,23584],[7723,10351],[3738,5140],[3820,5030]],[[517651,366751],[581,-615]],[[391951,585391],[6571,5824]],[[392474,584785],[-523,606]],[[386111,580443],[-9117,12425]],[[380753,596170],[10327,-11552],[871,773]],[[516568,471144],[9475,-9744]],[[526043,461400],[-11785,-11324]],[[514258,450076],[-9470,9746]],[[504788,459822],[11780,11322]],[[526043,461400],[9559,-9829]],[[535602,451571],[-11788,-11328],[-9556,9833]],[[506891,481095],[9677,-9951]],[[504788,459822],[-9634,9915]],[[495154,469737],[11737,11358]],[[536409,452294],[-807,-723]],[[506891,481095],[-9476,9743]],[[497415,490838],[-9636,9909]],[[487779,500747],[-10956,11266],[-40325,40718]],[[436498,552731],[1414,146],[2096,-910],[96401,-99673]],[[536409,452294],[2607,-2695]],[[352834,427367],[35005,64113],[32306,58390],[2064,1384],[14289,1477]],[[487779,500747],[-11768,-11309],[9551,-9830]],[[485562,479608],[9592,-9871]],[[497415,490838],[-11853,-11230]],[[347467,432937],[23925,43812],[38992,70716]],[[416808,735762],[-20853,-9985]],[[395955,725777],[-5187,10540]],[[390768,736317],[14929,7159],[2656,-377],[8455,-7337]],[[395955,725777],[-19254,-9218]],[[376701,716559],[-4607,8631],[867,2589],[17807,8538]],[[378849,162239],[1329,-1379]],[[380178,160860],[-8209,-7560]],[[371969,153300],[-227,234]],[[371742,153534],[84,2022],[7023,6683]],[[398581,188786],[4954,-5108]],[[403535,183678],[-1182,80]],[[402353,183758],[-830,56],[-6905,-6570]],[[394618,177244],[-8024,-7635]],[[386594,169609],[-7745,-7370]],[[371742,153534],[-4808,4959]],[[453200,134000],[-23521,-27413]],[[429679,106587],[-533,2505],[4454,13136]],[[429679,106587],[-1480,-1725]],[[428199,104862],[-826,3656],[-5194,-1558],[1750,-7075]],[[423929,99885],[-1593,-1857]],[[422336,98028],[-2659,8043]],[[428199,104862],[-4270,-4977]],[[405017,88914],[4959,-5291]],[[409976,83623],[-1232,-1436]],[[408744,82187],[-4940,5310]],[[403804,87497],[1213,1417]],[[422336,98028],[-12360,-14405]],[[405017,88914],[9370,10938],[71,1839]],[[404466,77201],[-2140,-2494]],[[402326,74707],[-2204,-595],[-569,1780],[4913,1309]],[[408744,82187],[-4278,-4986]],[[402326,74707],[-25524,-29747],[-58870,-44960],[-16171,48984],[-12107,36074],[-3979,13787]],[[388329,71608],[1994,153],[13481,15736]],[[405017,88914],[-7268,7677]],[[397749,96591],[11157,10805]],[[403804,87497],[-7462,7761]],[[396342,95258],[585,537],[822,796]],[[380408,85965],[2858,-2693],[13076,11986]],[[403535,183678],[7016,-7190]],[[410551,176488],[-8121,-7833],[-1505,41],[-6189,6478]],[[394736,175174],[210,218],[706,783]],[[395652,176175],[6701,7583]],[[410551,176488],[2665,-2731]],[[397200,158553],[-9229,9621]],[[387971,168174],[6765,7000]],[[395652,176175],[-1034,1069]],[[387971,168174],[-1377,1435]],[[381409,143563],[-2398,2473]],[[379011,146036],[7557,7393],[22,2297],[-5631,5867]],[[380959,161593],[7012,6581]],[[379011,146036],[-7042,7264]],[[380178,160860],[781,733]],[[948750,508682],[-7746,1760]],[[941004,510442],[-368,1015]],[[940636,511457],[6990,5133],[6259,2628],[-1493,1828],[1838,4342],[4577,17705]],[[958807,543093],[19640,-14818],[1739,-3685]],[[948699,550719],[10108,-7626]],[[940636,511457],[9585,25830],[-1522,13432]],[[992402,498634],[726,-1547],[-506,-3836]],[[967818,460302],[-5322,-1666]],[[928610,448028],[-6786,-2124]],[[898612,438637],[-8715,-2729],[-1700,717],[-625,-1503],[-2568,-695],[-3006,1762]],[[869115,443965],[-959,581]],[[867232,445105],[-30618,18533],[-35668,21552]],[[826795,510004],[27125,-4417],[22305,879]],[[901957,507417],[15666,589]],[[917623,508006],[13522,-956],[3364,1604]],[[934509,508654],[4608,201],[851,687],[1036,900]],[[990268,498569],[914,347]],[[917623,508006],[14526,546],[2360,102]],[[940630,577390],[5553,-3595]],[[521608,252632],[-5958,6131]],[[515650,258763],[11882,10907]],[[527532,269670],[1768,-1894]],[[518601,279233],[8931,-9563]],[[515650,258763],[-15520,15965]],[[508567,283971],[424,465]],[[416808,735762],[1825,-2358]],[[418633,733404],[-16796,-8515]],[[401837,724889],[-23182,-11751]],[[378655,713138],[-1954,3421]],[[426913,719489],[-19579,-5341]],[[407334,714148],[-5497,10741]],[[418633,733404],[3587,-4634],[4693,-9281]],[[410714,701941],[3352,-12108]],[[414066,689833],[-3719,-996],[-11133,664],[-16790,19588],[-1128,-574],[-2641,4623]],[[407334,714148],[3380,-12207]],[[430837,707421],[-20123,-5480]],[[426913,719489],[1414,-2796],[2510,-9272]],[[430837,707421],[3302,-12208],[-20073,-5380]],[[356458,641755],[5224,2879],[-787,1412]],[[318202,767100],[4918,37955]],[[759429,610620],[1279,3007],[142,332]]],"bbox":[1074.529,-612.18,2158.512,477.675],"transform":{"scale":[0.001083984083984084,0.00108985608985609],"translate":[1074.529,-612.18]}}
