{"type":"Topology","objects":{"01347-4402-31.featurecollection":{"type":"GeometryCollection","geometries":[{"type":"Polygon","arcs":[[0,1,2]],"properties":{"市区町村名":"山越郡長万部町","大字名":null,"丁目名":null,"小字名":"字共立","地番":"363-2","精度区分":null,"座標系":"任意座標系"}},{"type":"Polygon","arcs":[[3,4,5,6,7,-1,8,9]],"properties":{"市区町村名":"山越郡長万部町","大字名":null,"丁目名":null,"小字名":"字共立","地番":"363-3","精度区分":null,"座標系":"任意座標系"}},{"type":"Polygon","arcs":[[-2,-8,10]],"properties":{"市区町村名":"山越郡長万部町","大字名":null,"丁目名":null,"小字名":"字共立","地番":"364","精度区分":null,"座標系":"任意座標系"}},{"type":"Polygon","arcs":[[11,12,13,14,15,16,17,18,19,20,21,22,23,24,25,26,27,28,29,30,31,32,33,34,35,36,37,38,39,40,41,42,43,44,45,46,47,48,49,50,51,52,53,54,55,56,57,58,59,60,61,62,63,64,65,66,67,68,69,70,71,72,73,74,75,76,77,78,79,80,81,82,83,84,85,86,87,88,89,90,91,92,93,94,95,96,97,98,99,100,101,102,103,104,105,106,107,108,109,110,111,112,113,114,115,116,117,118,119,120,121,122,123,124,125,126,127,128,129,130,131,132,133,134,135,136,137,138,139,140,141,142,143,144,145,-139,146,147,148,149,150,151,152,153,154,155,156,157,158,159,160,161,162,163,164,165,166,167,168,169,170,171,172,173,174,175,176,177,178,179,180,181,182,183,184,185,186,187,188,189,190,191,192,193,194,195,196,197,198,199,200,201,202,203,204,205,206,207,208,209,210,211,212,213,214,215,216,217,218,219,220,221,222,223,224,-197,225,226,227,228,229,230,231,232,233,234,235,236,237,238,239,240,241,242,243,244,245,246,247,248,249,250,251,252,253,254,255,256,257,258,259]],"properties":{"市区町村名":"山越郡長万部町","大字名":null,"丁目名":null,"小字名":"字共立","地番":"482-2","精度区分":null,"座標系":"任意座標系"}},{"type":"Polygon","arcs":[[260,261,262,263,264,265,266,267,268,269,270,-266,271,272,273,274,275,276]],"properties":{"市区町村名":"山越郡長万部町","大字名":null,"丁目名":null,"小字名":"字共立","地番":"482-3","精度区分":null,"座標系":"任意座標系"}},{"type":"Polygon","arcs":[[277,278,279,280,281,282,283,284,285,286,287,288,289,290,291,292,293,294,295,296,297,298,299]],"properties":{"市区町村名":"山越郡長万部町","大字名":null,"丁目名":null,"小字名":"字共立","地番":"482-4","精度区分":null,"座標系":"任意座標系"}},{"type":"Polygon","arcs":[[300,301,-285,302,303,304]],"properties":{"市区町村名":"山越郡長万部町","大字名":null,"丁目名":null,"小字名":"字共立","地番":"482-5","精度区分":null,"座標系":"任意座標系"}},{"type":"Polygon","arcs":[[305,306,307,-25,308,309,310,311,312,313,314,315,316,317]],"properties":{"市区町村名":"山越郡長万部町","大字名":null,"丁目名":null,"小字名":"字共立","地番":"482-6","精度区分":null,"座標系":"任意座標系"}},{"type":"Polygon","arcs":[[318,-31,319,320,321,322,323,324]],"properties":{"市区町村名":"山越郡長万部町","大字名":null,"丁目名":null,"小字名":"字共立","地番":"482-8","精度区分":null,"座標系":"任意座標系"}},{"type":"Polygon","arcs":[[325,326,327,-323,328,329,330,331]],"properties":{"市区町村名":"山越郡長万部町","大字名":null,"丁目名":null,"小字名":"字共立","地番":"482-9","精度区分":null,"座標系":"任意座標系"}},{"type":"Polygon","arcs":[[332,333,334,335,336,-332,337,338]],"properties":{"市区町村名":"山越郡長万部町","大字名":null,"丁目名":null,"小字名":"字共立","地番":"482-10","精度区分":null,"座標系":"任意座標系"}},{"type":"Polygon","arcs":[[339,340,341,342,343,344,345,346,347,348]],"properties":{"市区町村名":"山越郡長万部町","大字名":null,"丁目名":null,"小字名":"字共立","地番":"482-11","精度区分":null,"座標系":"任意座標系"}},{"type":"Polygon","arcs":[[349,350,351,352,353,354]],"properties":{"市区町村名":"山越郡長万部町","大字名":null,"丁目名":null,"小字名":"字共立","地番":"482-12","精度区分":null,"座標系":"任意座標系"}},{"type":"Polygon","arcs":[[355,356,357,358]],"properties":{"市区町村名":"山越郡長万部町","大字名":null,"丁目名":null,"小字名":"字共立","地番":"482-13","精度区分":null,"座標系":"任意座標系"}},{"type":"Polygon","arcs":[[359,360,361,362,-55,363,364,365]],"properties":{"市区町村名":"山越郡長万部町","大字名":null,"丁目名":null,"小字名":"字共立","地番":"482-14","精度区分":null,"座標系":"任意座標系"}},{"type":"Polygon","arcs":[[366,367,368,369,-360,370,371,372]],"properties":{"市区町村名":"山越郡長万部町","大字名":null,"丁目名":null,"小字名":"字共立","地番":"482-15","精度区分":null,"座標系":"任意座標系"}},{"type":"Polygon","arcs":[[373,374,375,376,377,378,-367,379,380]],"properties":{"市区町村名":"山越郡長万部町","大字名":null,"丁目名":null,"小字名":"字共立","地番":"482-16","精度区分":null,"座標系":"任意座標系"}},{"type":"Polygon","arcs":[[381,382,383,384,-376,385,386,387]],"properties":{"市区町村名":"山越郡長万部町","大字名":null,"丁目名":null,"小字名":"字共立","地番":"482-17","精度区分":null,"座標系":"任意座標系"}},{"type":"Polygon","arcs":[[388,-382,389,390,391,392,393,394]],"properties":{"市区町村名":"山越郡長万部町","大字名":null,"丁目名":null,"小字名":"字共立","地番":"482-18","精度区分":null,"座標系":"任意座標系"}},{"type":"Polygon","arcs":[[395,-393,396,397,398,399,400,401]],"properties":{"市区町村名":"山越郡長万部町","大字名":null,"丁目名":null,"小字名":"字共立","地番":"482-19","精度区分":null,"座標系":"任意座標系"}},{"type":"Polygon","arcs":[[402,403,404,405,406,407,408,409,410,411,412,413,414,415]],"properties":{"市区町村名":"山越郡長万部町","大字名":null,"丁目名":null,"小字名":"字共立","地番":"482-20","精度区分":null,"座標系":"任意座標系"}},{"type":"Polygon","arcs":[[416,417,418,419,420,-414,421,422,423,424,425,426,427,428,429]],"properties":{"市区町村名":"山越郡長万部町","大字名":null,"丁目名":null,"小字名":"字共立","地番":"482-21","精度区分":null,"座標系":"任意座標系"}},{"type":"Polygon","arcs":[[430,431,432,-428,433,434,435,436,437,438,-58,439,440,441]],"properties":{"市区町村名":"山越郡長万部町","大字名":null,"丁目名":null,"小字名":"字共立","地番":"482-22","精度区分":null,"座標系":"任意座標系"}},{"type":"Polygon","arcs":[[442,443,444,-48,445]],"properties":{"市区町村名":"山越郡長万部町","大字名":null,"丁目名":null,"小字名":"字共立","地番":"482-23","精度区分":null,"座標系":"任意座標系"}},{"type":"Polygon","arcs":[[446,447,448,449,450,451,452,453,454,455,456,457,458,459]],"properties":{"市区町村名":"山越郡長万部町","大字名":null,"丁目名":null,"小字名":"字共立","地番":"482-24","精度区分":null,"座標系":"任意座標系"}},{"type":"Polygon","arcs":[[460,461,462,463,-34,464,465,466,467,468,469,-450,470,471]],"properties":{"市区町村名":"山越郡長万部町","大字名":null,"丁目名":null,"小字名":"字共立","地番":"482-25","精度区分":null,"座標系":"任意座標系"}},{"type":"Polygon","arcs":[[472,473,474,-22,475,476,477,478,479,480,481,482,483,484]],"properties":{"市区町村名":"山越郡長万部町","大字名":null,"丁目名":null,"小字名":"字共立","地番":"482-26","精度区分":null,"座標系":"任意座標系"}},{"type":"Polygon","arcs":[[485,-286,486,487,488,489,490,491,492,-12,493,494,495,496,497,498,499,500]],"properties":{"市区町村名":"山越郡長万部町","大字名":null,"丁目名":null,"小字名":"字共立","地番":"482-27","精度区分":null,"座標系":"任意座標系"}},{"type":"Polygon","arcs":[[501,502,-239,503,504,505,-255,506,507]],"properties":{"市区町村名":"山越郡長万部町","大字名":null,"丁目名":null,"小字名":"字共立","地番":"482-28","精度区分":null,"座標系":"任意座標系"}},{"type":"Polygon","arcs":[[508,509,510,-247]],"properties":{"市区町村名":"山越郡長万部町","大字名":null,"丁目名":null,"小字名":"字共立","地番":"482-29","精度区分":null,"座標系":"任意座標系"}},{"type":"Polygon","arcs":[[511,-143]],"properties":{"市区町村名":"山越郡長万部町","大字名":null,"丁目名":null,"小字名":"字共立","地番":"482-30","精度区分":null,"座標系":"任意座標系"}},{"type":"Polygon","arcs":[[-144,-512,-142,512,513]],"properties":{"市区町村名":"山越郡長万部町","大字名":null,"丁目名":null,"小字名":"字共立","地番":"482-31","精度区分":null,"座標系":"任意座標系"}},{"type":"Polygon","arcs":[[-513,-141,514,515]],"properties":{"市区町村名":"山越郡長万部町","大字名":null,"丁目名":null,"小字名":"字共立","地番":"482-32","精度区分":null,"座標系":"任意座標系"}},{"type":"Polygon","arcs":[[516,517,518,519,520,521,522,523,524,525,526,-99,527,528]],"properties":{"市区町村名":"山越郡長万部町","大字名":null,"丁目名":null,"小字名":"字共立","地番":"482-33","精度区分":null,"座標系":"任意座標系"}},{"type":"Polygon","arcs":[[529,530,531,532,533,534,535,536,537,538,539,540,-521,541,542]],"properties":{"市区町村名":"山越郡長万部町","大字名":null,"丁目名":null,"小字名":"字共立","地番":"482-34","精度区分":null,"座標系":"任意座標系"}},{"type":"Polygon","arcs":[[543,544,545,546,547,548,549,550,551,552,553,-535,554,555]],"properties":{"市区町村名":"山越郡長万部町","大字名":null,"丁目名":null,"小字名":"字共立","地番":"482-35","精度区分":null,"座標系":"任意座標系"}},{"type":"Polygon","arcs":[[556,557,558,-123,559,560,561,562,563,564,-167,565,566,567]],"properties":{"市区町村名":"山越郡長万部町","大字名":null,"丁目名":null,"小字名":"字共立","地番":"482-36","精度区分":null,"座標系":"任意座標系"}},{"type":"Polygon","arcs":[[568,569,570,-130,571,572,573,574,575,576,-160,577,578,579]],"properties":{"市区町村名":"山越郡長万部町","大字名":null,"丁目名":null,"小字名":"字共立","地番":"482-37","精度区分":null,"座標系":"任意座標系"}},{"type":"Polygon","arcs":[[580,581,582,583,-157,584,585,586,587,588,589,-133,590,591]],"properties":{"市区町村名":"山越郡長万部町","大字名":null,"丁目名":null,"小字名":"字共立","地番":"482-38","精度区分":null,"座標系":"任意座標系"}},{"type":"Polygon","arcs":[[592,593,594,595,-154,596,597,598,599,600,601,-136,602,603]],"properties":{"市区町村名":"山越郡長万部町","大字名":null,"丁目名":null,"小字名":"字共立","地番":"482-39","精度区分":null,"座標系":"任意座標系"}},{"type":"Polygon","arcs":[[604,605,606,-212,607,608,609,610,611,612,613,-220,614,615]],"properties":{"市区町村名":"山越郡長万部町","大字名":null,"丁目名":null,"小字名":"字共立","地番":"482-40","精度区分":null,"座標系":"任意座標系"}},{"type":"Polygon","arcs":[[616,-206,617,618,619,620,621,622]],"properties":{"市区町村名":"山越郡長万部町","大字名":null,"丁目名":null,"小字名":"字共立","地番":"482-41","精度区分":null,"座標系":"任意座標系"}},{"type":"Polygon","arcs":[[623,624,625,-198,-225,626,627]],"properties":{"市区町村名":"山越郡長万部町","大字名":null,"丁目名":null,"小字名":"字共立","地番":"482-42","精度区分":null,"座標系":"任意座標系"}},{"type":"Polygon","arcs":[[628,629,630,631,632,633,634,635,636,-228,637,638]],"properties":{"市区町村名":"山越郡長万部町","大字名":null,"丁目名":null,"小字名":"字共立","地番":"482-43","精度区分":null,"座標系":"任意座標系"}},{"type":"Polygon","arcs":[[639,640,641,-230,642,643]],"properties":{"市区町村名":"山越郡長万部町","大字名":null,"丁目名":null,"小字名":"字共立","地番":"482-44","精度区分":null,"座標系":"任意座標系"}},{"type":"Polygon","arcs":[[644,-231,-642,645]],"properties":{"市区町村名":"山越郡長万部町","大字名":null,"丁目名":null,"小字名":"字共立","地番":"482-45","精度区分":null,"座標系":"任意座標系"}},{"type":"Polygon","arcs":[[646,647,648,649,-232,-645,650]],"properties":{"市区町村名":"山越郡長万部町","大字名":null,"丁目名":null,"小字名":"字共立","地番":"482-46","精度区分":null,"座標系":"任意座標系"}},{"type":"Polygon","arcs":[[651,652,653,-651,654,-185]],"properties":{"市区町村名":"山越郡長万部町","大字名":null,"丁目名":null,"小字名":"字共立","地番":"482-47","精度区分":null,"座標系":"任意座標系"}},{"type":"Polygon","arcs":[[-655,-646,655,-186]],"properties":{"市区町村名":"山越郡長万部町","大字名":null,"丁目名":null,"小字名":"字共立","地番":"482-48","精度区分":null,"座標系":"任意座標系"}},{"type":"Polygon","arcs":[[656,657,-187,-656,-641,658]],"properties":{"市区町村名":"山越郡長万部町","大字名":null,"丁目名":null,"小字名":"字共立","地番":"482-49","精度区分":null,"座標系":"任意座標系"}},{"type":"Polygon","arcs":[[659,-189,660,-632]],"properties":{"市区町村名":"山越郡長万部町","大字名":null,"丁目名":null,"小字名":"字共立","地番":"482-50","精度区分":null,"座標系":"任意座標系"}},{"type":"Polygon","arcs":[[661,-624,662,663,664,-203,665,666,667]],"properties":{"市区町村名":"山越郡長万部町","大字名":null,"丁目名":null,"小字名":"字共立","地番":"482-51","精度区分":null,"座標系":"任意座標系"}},{"type":"Polygon","arcs":[[668,-275,669,670,671,672,673]],"properties":{"市区町村名":"山越郡長万部町","大字名":null,"丁目名":null,"小字名":"字共立","地番":"482-52","精度区分":null,"座標系":"任意座標系"}},{"type":"Polygon","arcs":[[-673,674,675,676,677,678,679,680,681,682,683,684,685,686,687,688,689,690,691,692,693]],"properties":{"市区町村名":"山越郡長万部町","大字名":null,"丁目名":null,"小字名":"字共立","地番":"482-53","精度区分":null,"座標系":"任意座標系"}},{"type":"Polygon","arcs":[[694,695,696,697,698,699,-691,700,701,702,703,704,705,706,707,708,709,710,711,712,713,714,715,716,717,718,719,720,721,722,723,724,725,726,727,728,729,730,731,732,733,734,735,736,737,738,739,740,741,742,-726,743,744,-709,745,-682,746,-680,747,748,-677,749,750,751,752,753,754]],"properties":{"市区町村名":"山越郡長万部町","大字名":null,"丁目名":null,"小字名":"字共立","地番":"482-54","精度区分":null,"座標系":"任意座標系"}},{"type":"Polygon","arcs":[[755,756,-172,757]],"properties":{"市区町村名":"山越郡長万部町","大字名":null,"丁目名":null,"小字名":"字共立","地番":"482-56","精度区分":null,"座標系":"任意座標系"}},{"type":"Polygon","arcs":[[758,759,-173,-757]],"properties":{"市区町村名":"山越郡長万部町","大字名":null,"丁目名":null,"小字名":"字共立","地番":"482-59","精度区分":null,"座標系":"任意座標系"}},{"type":"Polygon","arcs":[[760,761,-759,762]],"properties":{"市区町村名":"山越郡長万部町","大字名":null,"丁目名":null,"小字名":"字共立","地番":"482-60","精度区分":null,"座標系":"任意座標系"}},{"type":"Polygon","arcs":[[763,-178,764,765]],"properties":{"市区町村名":"山越郡長万部町","大字名":null,"丁目名":null,"小字名":"字共立","地番":"482-62","精度区分":null,"座標系":"任意座標系"}},{"type":"Polygon","arcs":[[-265,766,-671,767,768,-272]],"properties":{"市区町村名":"山越郡長万部町","大字名":null,"丁目名":null,"小字名":"字共立","地番":"482-63","精度区分":null,"座標系":"任意座標系"}},{"type":"Polygon","arcs":[[-670,-274,769,-768]],"properties":{"市区町村名":"山越郡長万部町","大字名":null,"丁目名":null,"小字名":"字共立","地番":"482-64","精度区分":null,"座標系":"任意座標系"}},{"type":"Polygon","arcs":[[-273,-769,-770]],"properties":{"市区町村名":"山越郡長万部町","大字名":null,"丁目名":null,"小字名":"字共立","地番":"482-65","精度区分":null,"座標系":"任意座標系"}},{"type":"Polygon","arcs":[[770,-270,771,772]],"properties":{"市区町村名":"山越郡長万部町","大字名":null,"丁目名":null,"小字名":"字共立","地番":"482-66","精度区分":null,"座標系":"任意座標系"}},{"type":"Polygon","arcs":[[773,-772,-269]],"properties":{"市区町村名":"山越郡長万部町","大字名":null,"丁目名":null,"小字名":"字共立","地番":"482-67","精度区分":null,"座標系":"任意座標系"}},{"type":"Polygon","arcs":[[-271,-771,774,-267]],"properties":{"市区町村名":"山越郡長万部町","大字名":null,"丁目名":null,"小字名":"字共立","地番":"482-68","精度区分":null,"座標系":"任意座標系"}},{"type":"Polygon","arcs":[[-268,-775,-773,-774]],"properties":{"市区町村名":"山越郡長万部町","大字名":null,"丁目名":null,"小字名":"字共立","地番":"482-69","精度区分":null,"座標系":"任意座標系"}},{"type":"Polygon","arcs":[[-263,775,776,777]],"properties":{"市区町村名":"山越郡長万部町","大字名":null,"丁目名":null,"小字名":"字共立","地番":"482-70","精度区分":null,"座標系":"任意座標系"}},{"type":"Polygon","arcs":[[-262,778,779,-776]],"properties":{"市区町村名":"山越郡長万部町","大字名":null,"丁目名":null,"小字名":"字共立","地番":"482-71","精度区分":null,"座標系":"任意座標系"}},{"type":"Polygon","arcs":[[780,781,782,-277]],"properties":{"市区町村名":"山越郡長万部町","大字名":null,"丁目名":null,"小字名":"字共立","地番":"482-72","精度区分":null,"座標系":"任意座標系"}},{"type":"Polygon","arcs":[[-781,-276,-669,783]],"properties":{"市区町村名":"山越郡長万部町","大字名":null,"丁目名":null,"小字名":"字共立","地番":"482-73","精度区分":null,"座標系":"任意座標系"}},{"type":"Polygon","arcs":[[784,-765,-177,785,786]],"properties":{"市区町村名":"山越郡長万部町","大字名":null,"丁目名":null,"小字名":"字共立","地番":"482-74","精度区分":null,"座標系":"任意座標系"}},{"type":"Polygon","arcs":[[-766,-785,787,788,789]],"properties":{"市区町村名":"山越郡長万部町","大字名":null,"丁目名":null,"小字名":"字共立","地番":"482-76","精度区分":null,"座標系":"任意座標系"}},{"type":"Polygon","arcs":[[-788,-787,790,791]],"properties":{"市区町村名":"山越郡長万部町","大字名":null,"丁目名":null,"小字名":"字共立","地番":"482-77","精度区分":null,"座標系":"任意座標系"}},{"type":"Polygon","arcs":[[792,-692,-700,793]],"properties":{"市区町村名":"山越郡長万部町","大字名":null,"丁目名":null,"小字名":"字共立","地番":"482-78","精度区分":null,"座標系":"任意座標系"}},{"type":"Polygon","arcs":[[794,-794,-699,795]],"properties":{"市区町村名":"山越郡長万部町","大字名":null,"丁目名":null,"小字名":"字共立","地番":"482-79","精度区分":null,"座標系":"任意座標系"}},{"type":"Polygon","arcs":[[796,-796,-698,797]],"properties":{"市区町村名":"山越郡長万部町","大字名":null,"丁目名":null,"小字名":"字共立","地番":"482-80","精度区分":null,"座標系":"任意座標系"}},{"type":"Polygon","arcs":[[798,-798,-697,799]],"properties":{"市区町村名":"山越郡長万部町","大字名":null,"丁目名":null,"小字名":"字共立","地番":"482-81","精度区分":null,"座標系":"任意座標系"}},{"type":"Polygon","arcs":[[-4,-800,-696,800]],"properties":{"市区町村名":"山越郡長万部町","大字名":null,"丁目名":null,"小字名":"字共立","地番":"482-82","精度区分":null,"座標系":"任意座標系"}},{"type":"Polygon","arcs":[[-5,-801,-695,801]],"properties":{"市区町村名":"山越郡長万部町","大字名":null,"丁目名":null,"小字名":"字共立","地番":"482-83","精度区分":null,"座標系":"任意座標系"}},{"type":"Polygon","arcs":[[-6,-802,-755,802]],"properties":{"市区町村名":"山越郡長万部町","大字名":null,"丁目名":null,"小字名":"字共立","地番":"482-84","精度区分":null,"座標系":"任意座標系"}},{"type":"Polygon","arcs":[[-701,-690,803]],"properties":{"市区町村名":"山越郡長万部町","大字名":null,"丁目名":null,"小字名":"字共立","地番":"482-85","精度区分":null,"座標系":"任意座標系"}},{"type":"Polygon","arcs":[[804,805,-717]],"properties":{"市区町村名":"山越郡長万部町","大字名":null,"丁目名":null,"小字名":"字共立","地番":"482-86","精度区分":null,"座標系":"任意座標系"}},{"type":"Polygon","arcs":[[-806,806,-718]],"properties":{"市区町村名":"山越郡長万部町","大字名":null,"丁目名":null,"小字名":"字共立","地番":"482-87","精度区分":null,"座標系":"任意座標系"}},{"type":"Polygon","arcs":[[807,808,-734]],"properties":{"市区町村名":"山越郡長万部町","大字名":null,"丁目名":null,"小字名":"字共立","地番":"482-88","精度区分":null,"座標系":"任意座標系"}},{"type":"Polygon","arcs":[[-809,809,-735]],"properties":{"市区町村名":"山越郡長万部町","大字名":null,"丁目名":null,"小字名":"字共立","地番":"482-89","精度区分":null,"座標系":"任意座標系"}},{"type":"Polygon","arcs":[[-810,810,811,-736]],"properties":{"市区町村名":"山越郡長万部町","大字名":null,"丁目名":null,"小字名":"字共立","地番":"482-90","精度区分":null,"座標系":"任意座標系"}},{"type":"Polygon","arcs":[[-733,812,-811,-808]],"properties":{"市区町村名":"山越郡長万部町","大字名":null,"丁目名":null,"小字名":"字共立","地番":"482-91","精度区分":null,"座標系":"任意座標系"}},{"type":"Polygon","arcs":[[-807,813,814,-719]],"properties":{"市区町村名":"山越郡長万部町","大字名":null,"丁目名":null,"小字名":"字共立","地番":"482-92","精度区分":null,"座標系":"任意座標系"}},{"type":"Polygon","arcs":[[-716,815,-814,-805]],"properties":{"市区町村名":"山越郡長万部町","大字名":null,"丁目名":null,"小字名":"字共立","地番":"482-93","精度区分":null,"座標系":"任意座標系"}},{"type":"Polygon","arcs":[[-702,-804,-689,816]],"properties":{"市区町村名":"山越郡長万部町","大字名":null,"丁目名":null,"小字名":"字共立","地番":"482-94","精度区分":null,"座標系":"任意座標系"}},{"type":"Polygon","arcs":[[-703,-817,-688,817]],"properties":{"市区町村名":"山越郡長万部町","大字名":null,"丁目名":null,"小字名":"字共立","地番":"482-95","精度区分":null,"座標系":"任意座標系"}},{"type":"Polygon","arcs":[[-715,818,819,-816]],"properties":{"市区町村名":"山越郡長万部町","大字名":null,"丁目名":null,"小字名":"字共立","地番":"482-96","精度区分":null,"座標系":"任意座標系"}},{"type":"Polygon","arcs":[[-815,-820,820,-720]],"properties":{"市区町村名":"山越郡長万部町","大字名":null,"丁目名":null,"小字名":"字共立","地番":"482-97","精度区分":null,"座標系":"任意座標系"}},{"type":"Polygon","arcs":[[-732,821,822,-813]],"properties":{"市区町村名":"山越郡長万部町","大字名":null,"丁目名":null,"小字名":"字共立","地番":"482-98","精度区分":null,"座標系":"任意座標系"}},{"type":"Polygon","arcs":[[-812,-823,823,-737]],"properties":{"市区町村名":"山越郡長万部町","大字名":null,"丁目名":null,"小字名":"字共立","地番":"482-99","精度区分":null,"座標系":"任意座標系"}},{"type":"Polygon","arcs":[[-824,824,825,-738]],"properties":{"市区町村名":"山越郡長万部町","大字名":null,"丁目名":null,"小字名":"字共立","地番":"482-100","精度区分":null,"座標系":"任意座標系"}},{"type":"Polygon","arcs":[[-731,826,-825,-822]],"properties":{"市区町村名":"山越郡長万部町","大字名":null,"丁目名":null,"小字名":"字共立","地番":"482-101","精度区分":null,"座標系":"任意座標系"}},{"type":"Polygon","arcs":[[-821,827,828,-721]],"properties":{"市区町村名":"山越郡長万部町","大字名":null,"丁目名":null,"小字名":"字共立","地番":"482-102","精度区分":null,"座標系":"任意座標系"}},{"type":"Polygon","arcs":[[-714,829,-828,-819]],"properties":{"市区町村名":"山越郡長万部町","大字名":null,"丁目名":null,"小字名":"字共立","地番":"482-103","精度区分":null,"座標系":"任意座標系"}},{"type":"Polygon","arcs":[[-704,-818,-687,830]],"properties":{"市区町村名":"山越郡長万部町","大字名":null,"丁目名":null,"小字名":"字共立","地番":"482-104","精度区分":null,"座標系":"任意座標系"}},{"type":"Polygon","arcs":[[-705,-831,-686,831]],"properties":{"市区町村名":"山越郡長万部町","大字名":null,"丁目名":null,"小字名":"字共立","地番":"482-105","精度区分":null,"座標系":"任意座標系"}},{"type":"Polygon","arcs":[[-713,832,833,-830]],"properties":{"市区町村名":"山越郡長万部町","大字名":null,"丁目名":null,"小字名":"字共立","地番":"482-106","精度区分":null,"座標系":"任意座標系"}},{"type":"Polygon","arcs":[[-829,-834,834,-722]],"properties":{"市区町村名":"山越郡長万部町","大字名":null,"丁目名":null,"小字名":"字共立","地番":"482-107","精度区分":null,"座標系":"任意座標系"}},{"type":"Polygon","arcs":[[-730,835,836,-827]],"properties":{"市区町村名":"山越郡長万部町","大字名":null,"丁目名":null,"小字名":"字共立","地番":"482-108","精度区分":null,"座標系":"任意座標系"}},{"type":"Polygon","arcs":[[-826,-837,837,-739]],"properties":{"市区町村名":"山越郡長万部町","大字名":null,"丁目名":null,"小字名":"字共立","地番":"482-109","精度区分":null,"座標系":"任意座標系"}},{"type":"Polygon","arcs":[[-838,838,839,-740]],"properties":{"市区町村名":"山越郡長万部町","大字名":null,"丁目名":null,"小字名":"字共立","地番":"482-110","精度区分":null,"座標系":"任意座標系"}},{"type":"Polygon","arcs":[[-729,840,-839,-836]],"properties":{"市区町村名":"山越郡長万部町","大字名":null,"丁目名":null,"小字名":"字共立","地番":"482-111","精度区分":null,"座標系":"任意座標系"}},{"type":"Polygon","arcs":[[-835,841,842,-723]],"properties":{"市区町村名":"山越郡長万部町","大字名":null,"丁目名":null,"小字名":"字共立","地番":"482-112","精度区分":null,"座標系":"任意座標系"}},{"type":"Polygon","arcs":[[-712,843,-842,-833]],"properties":{"市区町村名":"山越郡長万部町","大字名":null,"丁目名":null,"小字名":"字共立","地番":"482-113","精度区分":null,"座標系":"任意座標系"}},{"type":"Polygon","arcs":[[-706,-832,-685,844]],"properties":{"市区町村名":"山越郡長万部町","大字名":null,"丁目名":null,"小字名":"字共立","地番":"482-114","精度区分":null,"座標系":"任意座標系"}},{"type":"Polygon","arcs":[[-707,-845,-684,845]],"properties":{"市区町村名":"山越郡長万部町","大字名":null,"丁目名":null,"小字名":"字共立","地番":"482-115","精度区分":null,"座標系":"任意座標系"}},{"type":"Polygon","arcs":[[-711,846,847,-844]],"properties":{"市区町村名":"山越郡長万部町","大字名":null,"丁目名":null,"小字名":"字共立","地番":"482-116","精度区分":null,"座標系":"任意座標系"}},{"type":"Polygon","arcs":[[-843,-848,848,-724]],"properties":{"市区町村名":"山越郡長万部町","大字名":null,"丁目名":null,"小字名":"字共立","地番":"482-117","精度区分":null,"座標系":"任意座標系"}},{"type":"Polygon","arcs":[[-728,849,850,-841]],"properties":{"市区町村名":"山越郡長万部町","大字名":null,"丁目名":null,"小字名":"字共立","地番":"482-118","精度区分":null,"座標系":"任意座標系"}},{"type":"Polygon","arcs":[[-840,-851,851,-741]],"properties":{"市区町村名":"山越郡長万部町","大字名":null,"丁目名":null,"小字名":"字共立","地番":"482-119","精度区分":null,"座標系":"任意座標系"}},{"type":"Polygon","arcs":[[-852,852,-742]],"properties":{"市区町村名":"山越郡長万部町","大字名":null,"丁目名":null,"小字名":"字共立","地番":"482-120","精度区分":null,"座標系":"任意座標系"}},{"type":"Polygon","arcs":[[-727,-743,-853,-850]],"properties":{"市区町村名":"山越郡長万部町","大字名":null,"丁目名":null,"小字名":"字共立","地番":"482-121","精度区分":null,"座標系":"任意座標系"}},{"type":"Polygon","arcs":[[-849,853,-744,-725]],"properties":{"市区町村名":"山越郡長万部町","大字名":null,"丁目名":null,"小字名":"字共立","地番":"482-122","精度区分":null,"座標系":"任意座標系"}},{"type":"Polygon","arcs":[[-710,-745,-854,-847]],"properties":{"市区町村名":"山越郡長万部町","大字名":null,"丁目名":null,"小字名":"字共立","地番":"482-123","精度区分":null,"座標系":"任意座標系"}},{"type":"Polygon","arcs":[[-708,-846,-683,-746]],"properties":{"市区町村名":"山越郡長万部町","大字名":null,"丁目名":null,"小字名":"字共立","地番":"482-124","精度区分":null,"座標系":"任意座標系"}},{"type":"Polygon","arcs":[[-681,-747]],"properties":{"市区町村名":"山越郡長万部町","大字名":null,"丁目名":null,"小字名":"字共立","地番":"482-125","精度区分":null,"座標系":"任意座標系"}},{"type":"Polygon","arcs":[[-748,-679,854]],"properties":{"市区町村名":"山越郡長万部町","大字名":null,"丁目名":null,"小字名":"字共立","地番":"482-126","精度区分":null,"座標系":"任意座標系"}},{"type":"Polygon","arcs":[[-855,-678,-749]],"properties":{"市区町村名":"山越郡長万部町","大字名":null,"丁目名":null,"小字名":"字共立","地番":"482-127","精度区分":null,"座標系":"任意座標系"}},{"type":"Polygon","arcs":[[-676,855,-750]],"properties":{"市区町村名":"山越郡長万部町","大字名":null,"丁目名":null,"小字名":"字共立","地番":"482-128","精度区分":null,"座標系":"任意座標系"}},{"type":"Polygon","arcs":[[856,-752,857]],"properties":{"市区町村名":"山越郡長万部町","大字名":null,"丁目名":null,"小字名":"字共立","地番":"482-129","精度区分":null,"座標系":"任意座標系"}},{"type":"Polygon","arcs":[[858,-256,-506,859]],"properties":{"市区町村名":"山越郡長万部町","大字名":null,"丁目名":null,"小字名":"字共立","地番":"482-130","精度区分":null,"座標系":"任意座標系"}},{"type":"Polygon","arcs":[[860,-860,-505,861]],"properties":{"市区町村名":"山越郡長万部町","大字名":null,"丁目名":null,"小字名":"字共立","地番":"482-131","精度区分":null,"座標系":"任意座標系"}},{"type":"Polygon","arcs":[[862,-862,-504,-238]],"properties":{"市区町村名":"山越郡長万部町","大字名":null,"丁目名":null,"小字名":"字共立","地番":"482-132","精度区分":null,"座標系":"任意座標系"}},{"type":"Polygon","arcs":[[-503,863,864,-240]],"properties":{"市区町村名":"山越郡長万部町","大字名":null,"丁目名":null,"小字名":"字共立","地番":"482-133","精度区分":null,"座標系":"任意座標系"}},{"type":"Polygon","arcs":[[-502,865,866,-864]],"properties":{"市区町村名":"山越郡長万部町","大字名":null,"丁目名":null,"小字名":"字共立","地番":"482-134","精度区分":null,"座標系":"任意座標系"}},{"type":"Polygon","arcs":[[-508,867,868,-866]],"properties":{"市区町村名":"山越郡長万部町","大字名":null,"丁目名":null,"小字名":"字共立","地番":"482-135","精度区分":null,"座標系":"任意座標系"}},{"type":"Polygon","arcs":[[-507,-254,869,-868]],"properties":{"市区町村名":"山越郡長万部町","大字名":null,"丁目名":null,"小字名":"字共立","地番":"482-136","精度区分":null,"座標系":"任意座標系"}},{"type":"Polygon","arcs":[[-870,-253,870,871]],"properties":{"市区町村名":"山越郡長万部町","大字名":null,"丁目名":null,"小字名":"字共立","地番":"482-137","精度区分":null,"座標系":"任意座標系"}},{"type":"Polygon","arcs":[[-869,-872,872,873]],"properties":{"市区町村名":"山越郡長万部町","大字名":null,"丁目名":null,"小字名":"字共立","地番":"482-138","精度区分":null,"座標系":"任意座標系"}},{"type":"Polygon","arcs":[[-867,-874,874,875]],"properties":{"市区町村名":"山越郡長万部町","大字名":null,"丁目名":null,"小字名":"字共立","地番":"482-139","精度区分":null,"座標系":"任意座標系"}},{"type":"Polygon","arcs":[[-865,-876,876,-241]],"properties":{"市区町村名":"山越郡長万部町","大字名":null,"丁目名":null,"小字名":"字共立","地番":"482-140","精度区分":null,"座標系":"任意座標系"}},{"type":"Polygon","arcs":[[877,878,-242,-877,-875,-873,-871,-252,879,880]],"properties":{"市区町村名":"山越郡長万部町","大字名":null,"丁目名":null,"小字名":"字共立","地番":"482-141","精度区分":null,"座標系":"任意座標系"}},{"type":"Polygon","arcs":[[-879,881,882,-243]],"properties":{"市区町村名":"山越郡長万部町","大字名":null,"丁目名":null,"小字名":"字共立","地番":"482-142","精度区分":null,"座標系":"任意座標系"}},{"type":"Polygon","arcs":[[-878,883,884,-882]],"properties":{"市区町村名":"山越郡長万部町","大字名":null,"丁目名":null,"小字名":"字共立","地番":"482-143","精度区分":null,"座標系":"任意座標系"}},{"type":"Polygon","arcs":[[-881,885,886,-884]],"properties":{"市区町村名":"山越郡長万部町","大字名":null,"丁目名":null,"小字名":"字共立","地番":"482-144","精度区分":null,"座標系":"任意座標系"}},{"type":"Polygon","arcs":[[-880,-251,887,-886]],"properties":{"市区町村名":"山越郡長万部町","大字名":null,"丁目名":null,"小字名":"字共立","地番":"482-145","精度区分":null,"座標系":"任意座標系"}},{"type":"Polygon","arcs":[[-888,-250,888,889]],"properties":{"市区町村名":"山越郡長万部町","大字名":null,"丁目名":null,"小字名":"字共立","地番":"482-146","精度区分":null,"座標系":"任意座標系"}},{"type":"Polygon","arcs":[[-887,-890,890,891]],"properties":{"市区町村名":"山越郡長万部町","大字名":null,"丁目名":null,"小字名":"字共立","地番":"482-147","精度区分":null,"座標系":"任意座標系"}},{"type":"Polygon","arcs":[[-885,-892,892,893]],"properties":{"市区町村名":"山越郡長万部町","大字名":null,"丁目名":null,"小字名":"字共立","地番":"482-148","精度区分":null,"座標系":"任意座標系"}},{"type":"Polygon","arcs":[[-883,-894,894,-244]],"properties":{"市区町村名":"山越郡長万部町","大字名":null,"丁目名":null,"小字名":"字共立","地番":"482-149","精度区分":null,"座標系":"任意座標系"}},{"type":"Polygon","arcs":[[895,-245,-895,-893,-891,-889,-249,896,897]],"properties":{"市区町村名":"山越郡長万部町","大字名":null,"丁目名":null,"小字名":"字共立","地番":"482-150","精度区分":null,"座標系":"任意座標系"}},{"type":"Polygon","arcs":[[-896,898,-509,-246]],"properties":{"市区町村名":"山越郡長万部町","大字名":null,"丁目名":null,"小字名":"字共立","地番":"482-151","精度区分":null,"座標系":"任意座標系"}},{"type":"Polygon","arcs":[[-898,899,-510,-899]],"properties":{"市区町村名":"山越郡長万部町","大字名":null,"丁目名":null,"小字名":"字共立","地番":"482-152","精度区分":null,"座標系":"任意座標系"}},{"type":"Polygon","arcs":[[-897,-248,-511,-900]],"properties":{"市区町村名":"山越郡長万部町","大字名":null,"丁目名":null,"小字名":"字共立","地番":"482-153","精度区分":null,"座標系":"任意座標系"}},{"type":"Polygon","arcs":[[900,-233,-650,901]],"properties":{"市区町村名":"山越郡長万部町","大字名":null,"丁目名":null,"小字名":"字共立","地番":"482-154","精度区分":null,"座標系":"任意座標系"}},{"type":"Polygon","arcs":[[902,-902,-649,903]],"properties":{"市区町村名":"山越郡長万部町","大字名":null,"丁目名":null,"小字名":"字共立","地番":"482-155","精度区分":null,"座標系":"任意座標系"}},{"type":"Polygon","arcs":[[904,-904,-648,905]],"properties":{"市区町村名":"山越郡長万部町","大字名":null,"丁目名":null,"小字名":"字共立","地番":"482-156","精度区分":null,"座標系":"任意座標系"}},{"type":"Polygon","arcs":[[906,907,908,-905,909]],"properties":{"市区町村名":"山越郡長万部町","大字名":null,"丁目名":null,"小字名":"字共立","地番":"482-157","精度区分":null,"座標系":"任意座標系"}},{"type":"Polygon","arcs":[[910,911,-903,-909]],"properties":{"市区町村名":"山越郡長万部町","大字名":null,"丁目名":null,"小字名":"字共立","地番":"482-158","精度区分":null,"座標系":"任意座標系"}},{"type":"Polygon","arcs":[[912,-234,-901,-912]],"properties":{"市区町村名":"山越郡長万部町","大字名":null,"丁目名":null,"小字名":"字共立","地番":"482-159","精度区分":null,"座標系":"任意座標系"}},{"type":"Polygon","arcs":[[-908,913,914,915,916,-235,-913,-911]],"properties":{"市区町村名":"山越郡長万部町","大字名":null,"丁目名":null,"小字名":"字共立","地番":"482-160","精度区分":null,"座標系":"任意座標系"}},{"type":"Polygon","arcs":[[917,-236,-917,918]],"properties":{"市区町村名":"山越郡長万部町","大字名":null,"丁目名":null,"小字名":"字共立","地番":"482-161","精度区分":null,"座標系":"任意座標系"}},{"type":"Polygon","arcs":[[919,-919,-916,920]],"properties":{"市区町村名":"山越郡長万部町","大字名":null,"丁目名":null,"小字名":"字共立","地番":"482-162","精度区分":null,"座標系":"任意座標系"}},{"type":"Polygon","arcs":[[921,-921,-915,922]],"properties":{"市区町村名":"山越郡長万部町","大字名":null,"丁目名":null,"小字名":"字共立","地番":"482-163","精度区分":null,"座標系":"任意座標系"}},{"type":"Polygon","arcs":[[923,924,-654,925]],"properties":{"市区町村名":"山越郡長万部町","大字名":null,"丁目名":null,"小字名":"字共立","地番":"482-164","精度区分":null,"座標系":"任意座標系"}},{"type":"Polygon","arcs":[[926,-926,-653,927]],"properties":{"市区町村名":"山越郡長万部町","大字名":null,"丁目名":null,"小字名":"字共立","地番":"482-165","精度区分":null,"座標系":"任意座標系"}},{"type":"Polygon","arcs":[[928,-928,-652,-184]],"properties":{"市区町村名":"山越郡長万部町","大字名":null,"丁目名":null,"小字名":"字共立","地番":"482-166","精度区分":null,"座標系":"任意座標系"}},{"type":"Polygon","arcs":[[929,930,-929,-183]],"properties":{"市区町村名":"山越郡長万部町","大字名":null,"丁目名":null,"小字名":"字共立","地番":"482-167","精度区分":null,"座標系":"任意座標系"}},{"type":"Polygon","arcs":[[931,932,-927,-931]],"properties":{"市区町村名":"山越郡長万部町","大字名":null,"丁目名":null,"小字名":"字共立","地番":"482-168","精度区分":null,"座標系":"任意座標系"}},{"type":"Polygon","arcs":[[933,-907,-924,-933]],"properties":{"市区町村名":"山越郡長万部町","大字名":null,"丁目名":null,"小字名":"字共立","地番":"482-169","精度区分":null,"座標系":"任意座標系"}},{"type":"Polygon","arcs":[[-930,-182,934,935,936,-914,-934,-932]],"properties":{"市区町村名":"山越郡長万部町","大字名":null,"丁目名":null,"小字名":"字共立","地番":"482-170","精度区分":null,"座標系":"任意座標系"}},{"type":"Polygon","arcs":[[937,-923,-937,938]],"properties":{"市区町村名":"山越郡長万部町","大字名":null,"丁目名":null,"小字名":"字共立","地番":"482-171","精度区分":null,"座標系":"任意座標系"}},{"type":"Polygon","arcs":[[939,-939,-936,940]],"properties":{"市区町村名":"山越郡長万部町","大字名":null,"丁目名":null,"小字名":"字共立","地番":"482-172","精度区分":null,"座標系":"任意座標系"}},{"type":"Polygon","arcs":[[941,-941,-935,-181]],"properties":{"市区町村名":"山越郡長万部町","大字名":null,"丁目名":null,"小字名":"字共立","地番":"482-173","精度区分":null,"座標系":"任意座標系"}},{"type":"Polygon","arcs":[[942,943,944,945]],"properties":{"市区町村名":"山越郡長万部町","大字名":null,"丁目名":null,"小字名":"字共立","地番":"482-174","精度区分":null,"座標系":"任意座標系"}},{"type":"Polygon","arcs":[[946,-946,947,-298]],"properties":{"市区町村名":"山越郡長万部町","大字名":null,"丁目名":null,"小字名":"字共立","地番":"482-175","精度区分":null,"座標系":"任意座標系"}},{"type":"Polygon","arcs":[[948,-296,949,950]],"properties":{"市区町村名":"山越郡長万部町","大字名":null,"丁目名":null,"小字名":"字共立","地番":"482-176","精度区分":null,"座標系":"任意座標系"}},{"type":"Polygon","arcs":[[951,-951,952,-291]],"properties":{"市区町村名":"山越郡長万部町","大字名":null,"丁目名":null,"小字名":"字共立","地番":"482-177","精度区分":null,"座標系":"任意座標系"}},{"type":"Polygon","arcs":[[-953,953,954,-292]],"properties":{"市区町村名":"山越郡長万部町","大字名":null,"丁目名":null,"小字名":"字共立","地番":"482-178","精度区分":null,"座標系":"任意座標系"}},{"type":"Polygon","arcs":[[-950,-295,955,-954]],"properties":{"市区町村名":"山越郡長万部町","大字名":null,"丁目名":null,"小字名":"字共立","地番":"482-179","精度区分":null,"座標系":"任意座標系"}},{"type":"Polygon","arcs":[[-948,956,957,-299]],"properties":{"市区町村名":"山越郡長万部町","大字名":null,"丁目名":null,"小字名":"字共立","地番":"482-180","精度区分":null,"座標系":"任意座標系"}},{"type":"Polygon","arcs":[[-945,958,959,-957]],"properties":{"市区町村名":"山越郡長万部町","大字名":null,"丁目名":null,"小字名":"字共立","地番":"482-181","精度区分":null,"座標系":"任意座標系"}},{"type":"Polygon","arcs":[[-960,960,-278,961]],"properties":{"市区町村名":"山越郡長万部町","大字名":null,"丁目名":null,"小字名":"字共立","地番":"482-182","精度区分":null,"座標系":"任意座標系"}},{"type":"Polygon","arcs":[[-958,-962,-300]],"properties":{"市区町村名":"山越郡長万部町","大字名":null,"丁目名":null,"小字名":"字共立","地番":"482-183","精度区分":null,"座標系":"任意座標系"}},{"type":"Polygon","arcs":[[-956,-294,962]],"properties":{"市区町村名":"山越郡長万部町","大字名":null,"丁目名":null,"小字名":"字共立","地番":"482-184","精度区分":null,"座標系":"任意座標系"}},{"type":"Polygon","arcs":[[-955,-963,-293]],"properties":{"市区町村名":"山越郡長万部町","大字名":null,"丁目名":null,"小字名":"字共立","地番":"482-185","精度区分":null,"座標系":"任意座標系"}},{"type":"Polygon","arcs":[[-284,963,964,-303]],"properties":{"市区町村名":"山越郡長万部町","大字名":null,"丁目名":null,"小字名":"字共立","地番":"482-186","精度区分":null,"座標系":"任意座標系"}},{"type":"Polygon","arcs":[[-283,965,966,-964]],"properties":{"市区町村名":"山越郡長万部町","大字名":null,"丁目名":null,"小字名":"字共立","地番":"482-187","精度区分":null,"座標系":"任意座標系"}},{"type":"Polygon","arcs":[[-281,967,968,969]],"properties":{"市区町村名":"山越郡長万部町","大字名":null,"丁目名":null,"小字名":"字共立","地番":"482-188","精度区分":null,"座標系":"任意座標系"}},{"type":"Polygon","arcs":[[-280,970,971,-968]],"properties":{"市区町村名":"山越郡長万部町","大字名":null,"丁目名":null,"小字名":"字共立","地番":"482-189","精度区分":null,"座標系":"任意座標系"}},{"type":"Polygon","arcs":[[972,973,974,-972]],"properties":{"市区町村名":"山越郡長万部町","大字名":null,"丁目名":null,"小字名":"字共立","地番":"482-190","精度区分":null,"座標系":"任意座標系"}},{"type":"Polygon","arcs":[[975,-969,-975,976,977]],"properties":{"市区町村名":"山越郡長万部町","大字名":null,"丁目名":null,"小字名":"字共立","地番":"482-191","精度区分":null,"座標系":"任意座標系"}},{"type":"Polygon","arcs":[[978,-966,-282,-970,-976,979]],"properties":{"市区町村名":"山越郡長万部町","大字名":null,"丁目名":null,"小字名":"字共立","地番":"482-192","精度区分":null,"座標系":"任意座標系"}},{"type":"Polygon","arcs":[[980,981,-967,-979,982,-315]],"properties":{"市区町村名":"山越郡長万部町","大字名":null,"丁目名":null,"小字名":"字共立","地番":"482-193","精度区分":null,"座標系":"任意座標系"}},{"type":"Polygon","arcs":[[-304,-965,-982,983]],"properties":{"市区町村名":"山越郡長万部町","大字名":null,"丁目名":null,"小字名":"字共立","地番":"482-194","精度区分":null,"座標系":"任意座標系"}},{"type":"Polygon","arcs":[[-301,984,985,986]],"properties":{"市区町村名":"山越郡長万部町","大字名":null,"丁目名":null,"小字名":"字共立","地番":"482-195","精度区分":null,"座標系":"任意座標系"}},{"type":"Polygon","arcs":[[-487,-302,-987,987]],"properties":{"市区町村名":"山越郡長万部町","大字名":null,"丁目名":null,"小字名":"字共立","地番":"482-196","精度区分":null,"座標系":"任意座標系"}},{"type":"Polygon","arcs":[[988,-287,-486,989]],"properties":{"市区町村名":"山越郡長万部町","大字名":null,"丁目名":null,"小字名":"字共立","地番":"482-197","精度区分":null,"座標系":"任意座標系"}},{"type":"Polygon","arcs":[[990,-288,-989,991]],"properties":{"市区町村名":"山越郡長万部町","大字名":null,"丁目名":null,"小字名":"字共立","地番":"482-198","精度区分":null,"座標系":"任意座標系"}},{"type":"Polygon","arcs":[[992,-289,-991,993]],"properties":{"市区町村名":"山越郡長万部町","大字名":null,"丁目名":null,"小字名":"字共立","地番":"482-199","精度区分":null,"座標系":"任意座標系"}},{"type":"Polygon","arcs":[[994,-994,995,-499]],"properties":{"市区町村名":"山越郡長万部町","大字名":null,"丁目名":null,"小字名":"字共立","地番":"482-200","精度区分":null,"座標系":"任意座標系"}},{"type":"Polygon","arcs":[[-996,-992,996,-500]],"properties":{"市区町村名":"山越郡長万部町","大字名":null,"丁目名":null,"小字名":"字共立","地番":"482-201","精度区分":null,"座標系":"任意座標系"}},{"type":"Polygon","arcs":[[-997,-990,-501]],"properties":{"市区町村名":"山越郡長万部町","大字名":null,"丁目名":null,"小字名":"字共立","地番":"482-202","精度区分":null,"座標系":"任意座標系"}},{"type":"Polygon","arcs":[[-988,997,-488]],"properties":{"市区町村名":"山越郡長万部町","大字名":null,"丁目名":null,"小字名":"字共立","地番":"482-203","精度区分":null,"座標系":"任意座標系"}},{"type":"Polygon","arcs":[[-489,-998,-986,998,-482,999]],"properties":{"市区町村名":"山越郡長万部町","大字名":null,"丁目名":null,"小字名":"字共立","地番":"482-204","精度区分":null,"座標系":"任意座標系"}},{"type":"Polygon","arcs":[[1000,-491,1001,1002,1003]],"properties":{"市区町村名":"山越郡長万部町","大字名":null,"丁目名":null,"小字名":"字共立","地番":"482-205","精度区分":null,"座標系":"任意座標系"}},{"type":"Polygon","arcs":[[-1001,1004,-492]],"properties":{"市区町村名":"山越郡長万部町","大字名":null,"丁目名":null,"小字名":"字共立","地番":"482-206","精度区分":null,"座標系":"任意座標系"}},{"type":"Polygon","arcs":[[1005,-495,1006]],"properties":{"市区町村名":"山越郡長万部町","大字名":null,"丁目名":null,"小字名":"字共立","地番":"482-207","精度区分":null,"座標系":"任意座標系"}},{"type":"Polygon","arcs":[[1007,-496,-1006,1008]],"properties":{"市区町村名":"山越郡長万部町","大字名":null,"丁目名":null,"小字名":"字共立","地番":"482-208","精度区分":null,"座標系":"任意座標系"}},{"type":"Polygon","arcs":[[1009,-497,-1008,1010]],"properties":{"市区町村名":"山越郡長万部町","大字名":null,"丁目名":null,"小字名":"字共立","地番":"482-209","精度区分":null,"座標系":"任意座標系"}},{"type":"Polygon","arcs":[[1011,-1011,1012,-258]],"properties":{"市区町村名":"山越郡長万部町","大字名":null,"丁目名":null,"小字名":"字共立","地番":"482-210","精度区分":null,"座標系":"任意座標系"}},{"type":"Polygon","arcs":[[-1013,-1009,1013,-259]],"properties":{"市区町村名":"山越郡長万部町","大字名":null,"丁目名":null,"小字名":"字共立","地番":"482-211","精度区分":null,"座標系":"任意座標系"}},{"type":"Polygon","arcs":[[-1014,-1007,-494,-260]],"properties":{"市区町村名":"山越郡長万部町","大字名":null,"丁目名":null,"小字名":"字共立","地番":"482-212","精度区分":null,"座標系":"任意座標系"}},{"type":"Polygon","arcs":[[-1005,1014,-13,-493]],"properties":{"市区町村名":"山越郡長万部町","大字名":null,"丁目名":null,"小字名":"字共立","地番":"482-213","精度区分":null,"座標系":"任意座標系"}},{"type":"Polygon","arcs":[[-1004,1015,-14,-1015]],"properties":{"市区町村名":"山越郡長万部町","大字名":null,"丁目名":null,"小字名":"字共立","地番":"482-214","精度区分":null,"座標系":"任意座標系"}},{"type":"Polygon","arcs":[[-27,1016,1017,1018]],"properties":{"市区町村名":"山越郡長万部町","大字名":null,"丁目名":null,"小字名":"字共立","地番":"482-215","精度区分":null,"座標系":"任意座標系"}},{"type":"Polygon","arcs":[[1019,1020,-1018,1021]],"properties":{"市区町村名":"山越郡長万部町","大字名":null,"丁目名":null,"小字名":"字共立","地番":"482-216","精度区分":null,"座標系":"任意座標系"}},{"type":"Polygon","arcs":[[1022,1023,-1020,1024]],"properties":{"市区町村名":"山越郡長万部町","大字名":null,"丁目名":null,"小字名":"字共立","地番":"482-217","精度区分":null,"座標系":"任意座標系"}},{"type":"Polygon","arcs":[[1025,1026,-1023,1027]],"properties":{"市区町村名":"山越郡長万部町","大字名":null,"丁目名":null,"小字名":"字共立","地番":"482-218","精度区分":null,"座標系":"任意座標系"}},{"type":"Polygon","arcs":[[1028,1029,-1026,1030]],"properties":{"市区町村名":"山越郡長万部町","大字名":null,"丁目名":null,"小字名":"字共立","地番":"482-219","精度区分":null,"座標系":"任意座標系"}},{"type":"Polygon","arcs":[[-977,-974,1031,-1029,1032]],"properties":{"市区町村名":"山越郡長万部町","大字名":null,"丁目名":null,"小字名":"字共立","地番":"482-220","精度区分":null,"座標系":"任意座標系"}},{"type":"Polygon","arcs":[[-983,-980,-978,-1033,1033,-316]],"properties":{"市区町村名":"山越郡長万部町","大字名":null,"丁目名":null,"小字名":"字共立","地番":"482-221","精度区分":null,"座標系":"任意座標系"}},{"type":"Polygon","arcs":[[-1034,-1031,1034,-317]],"properties":{"市区町村名":"山越郡長万部町","大字名":null,"丁目名":null,"小字名":"字共立","地番":"482-222","精度区分":null,"座標系":"任意座標系"}},{"type":"Polygon","arcs":[[-1035,-1028,1035,-318]],"properties":{"市区町村名":"山越郡長万部町","大字名":null,"丁目名":null,"小字名":"字共立","地番":"482-223","精度区分":null,"座標系":"任意座標系"}},{"type":"Polygon","arcs":[[-1036,-1025,1036,-306]],"properties":{"市区町村名":"山越郡長万部町","大字名":null,"丁目名":null,"小字名":"字共立","地番":"482-224","精度区分":null,"座標系":"任意座標系"}},{"type":"Polygon","arcs":[[-1037,-1022,1037,-307]],"properties":{"市区町村名":"山越郡長万部町","大字名":null,"丁目名":null,"小字名":"字共立","地番":"482-225","精度区分":null,"座標系":"任意座標系"}},{"type":"Polygon","arcs":[[-26,-308,-1038,-1017]],"properties":{"市区町村名":"山越郡長万部町","大字名":null,"丁目名":null,"小字名":"字共立","地番":"482-226","精度区分":null,"座標系":"任意座標系"}},{"type":"Polygon","arcs":[[-24,1038,1039,-309]],"properties":{"市区町村名":"山越郡長万部町","大字名":null,"丁目名":null,"小字名":"字共立","地番":"482-227","精度区分":null,"座標系":"任意座標系"}},{"type":"Polygon","arcs":[[1040,-310,-1040,1041]],"properties":{"市区町村名":"山越郡長万部町","大字名":null,"丁目名":null,"小字名":"字共立","地番":"482-228","精度区分":null,"座標系":"任意座標系"}},{"type":"Polygon","arcs":[[1042,-311,-1041,1043]],"properties":{"市区町村名":"山越郡長万部町","大字名":null,"丁目名":null,"小字名":"字共立","地番":"482-229","精度区分":null,"座標系":"任意座標系"}},{"type":"Polygon","arcs":[[1044,-312,-1043,1045]],"properties":{"市区町村名":"山越郡長万部町","大字名":null,"丁目名":null,"小字名":"字共立","地番":"482-230","精度区分":null,"座標系":"任意座標系"}},{"type":"Polygon","arcs":[[1046,-313,-1045,1047]],"properties":{"市区町村名":"山越郡長万部町","大字名":null,"丁目名":null,"小字名":"字共立","地番":"482-231","精度区分":null,"座標系":"任意座標系"}},{"type":"Polygon","arcs":[[-305,-984,-981,-314,-1047,1048]],"properties":{"市区町村名":"山越郡長万部町","大字名":null,"丁目名":null,"小字名":"字共立","地番":"482-232","精度区分":null,"座標系":"任意座標系"}},{"type":"Polygon","arcs":[[-999,-985,-1049,1049,-483]],"properties":{"市区町村名":"山越郡長万部町","大字名":null,"丁目名":null,"小字名":"字共立","地番":"482-233","精度区分":null,"座標系":"任意座標系"}},{"type":"Polygon","arcs":[[-1050,-1048,1050,-484]],"properties":{"市区町村名":"山越郡長万部町","大字名":null,"丁目名":null,"小字名":"字共立","地番":"482-234","精度区分":null,"座標系":"任意座標系"}},{"type":"Polygon","arcs":[[-1051,-1046,1051,-485]],"properties":{"市区町村名":"山越郡長万部町","大字名":null,"丁目名":null,"小字名":"字共立","地番":"482-235","精度区分":null,"座標系":"任意座標系"}},{"type":"Polygon","arcs":[[-1052,-1044,1052,-473]],"properties":{"市区町村名":"山越郡長万部町","大字名":null,"丁目名":null,"小字名":"字共立","地番":"482-236","精度区分":null,"座標系":"任意座標系"}},{"type":"Polygon","arcs":[[-1053,-1042,1053,-474]],"properties":{"市区町村名":"山越郡長万部町","大字名":null,"丁目名":null,"小字名":"字共立","地番":"482-237","精度区分":null,"座標系":"任意座標系"}},{"type":"Polygon","arcs":[[-23,-475,-1054,-1039]],"properties":{"市区町村名":"山越郡長万部町","大字名":null,"丁目名":null,"小字名":"字共立","地番":"482-238","精度区分":null,"座標系":"任意座標系"}},{"type":"Polygon","arcs":[[-21,1054,1055,-476]],"properties":{"市区町村名":"山越郡長万部町","大字名":null,"丁目名":null,"小字名":"字共立","地番":"482-239","精度区分":null,"座標系":"任意座標系"}},{"type":"Polygon","arcs":[[-477,-1056,1056,1057]],"properties":{"市区町村名":"山越郡長万部町","大字名":null,"丁目名":null,"小字名":"字共立","地番":"482-240","精度区分":null,"座標系":"任意座標系"}},{"type":"Polygon","arcs":[[1058,-478,-1058,1059]],"properties":{"市区町村名":"山越郡長万部町","大字名":null,"丁目名":null,"小字名":"字共立","地番":"482-241","精度区分":null,"座標系":"任意座標系"}},{"type":"Polygon","arcs":[[1060,-479,-1059,1061]],"properties":{"市区町村名":"山越郡長万部町","大字名":null,"丁目名":null,"小字名":"字共立","地番":"482-242","精度区分":null,"座標系":"任意座標系"}},{"type":"Polygon","arcs":[[1062,-480,-1061,1063]],"properties":{"市区町村名":"山越郡長万部町","大字名":null,"丁目名":null,"小字名":"字共立","地番":"482-243","精度区分":null,"座標系":"任意座標系"}},{"type":"Polygon","arcs":[[-1002,-490,-1000,-481,-1063,1064]],"properties":{"市区町村名":"山越郡長万部町","大字名":null,"丁目名":null,"小字名":"字共立","地番":"482-244","精度区分":null,"座標系":"任意座標系"}},{"type":"Polygon","arcs":[[-1016,-1003,-1065,1065,-15]],"properties":{"市区町村名":"山越郡長万部町","大字名":null,"丁目名":null,"小字名":"字共立","地番":"482-245","精度区分":null,"座標系":"任意座標系"}},{"type":"Polygon","arcs":[[-1066,-1064,1066,-16]],"properties":{"市区町村名":"山越郡長万部町","大字名":null,"丁目名":null,"小字名":"字共立","地番":"482-246","精度区分":null,"座標系":"任意座標系"}},{"type":"Polygon","arcs":[[-17,-1067,-1062,1067]],"properties":{"市区町村名":"山越郡長万部町","大字名":null,"丁目名":null,"小字名":"字共立","地番":"482-247","精度区分":null,"座標系":"任意座標系"}},{"type":"Polygon","arcs":[[-1068,-1060,1068,-18]],"properties":{"市区町村名":"山越郡長万部町","大字名":null,"丁目名":null,"小字名":"字共立","地番":"482-248","精度区分":null,"座標系":"任意座標系"}},{"type":"Polygon","arcs":[[-1069,-1057,1069,-19]],"properties":{"市区町村名":"山越郡長万部町","大字名":null,"丁目名":null,"小字名":"字共立","地番":"482-249","精度区分":null,"座標系":"任意座標系"}},{"type":"Polygon","arcs":[[-1070,-1055,-20]],"properties":{"市区町村名":"山越郡長万部町","大字名":null,"丁目名":null,"小字名":"字共立","地番":"482-250","精度区分":null,"座標系":"任意座標系"}},{"type":"Polygon","arcs":[[1070,-226,-196,1071]],"properties":{"市区町村名":"山越郡長万部町","大字名":null,"丁目名":null,"小字名":"字共立","地番":"482-251","精度区分":null,"座標系":"任意座標系"}},{"type":"Polygon","arcs":[[1072,-1072,-195,1073]],"properties":{"市区町村名":"山越郡長万部町","大字名":null,"丁目名":null,"小字名":"字共立","地番":"482-252","精度区分":null,"座標系":"任意座標系"}},{"type":"Polygon","arcs":[[1074,-1074,-194,1075]],"properties":{"市区町村名":"山越郡長万部町","大字名":null,"丁目名":null,"小字名":"字共立","地番":"482-253","精度区分":null,"座標系":"任意座標系"}},{"type":"Polygon","arcs":[[-629,1076,-1075,1077]],"properties":{"市区町村名":"山越郡長万部町","大字名":null,"丁目名":null,"小字名":"字共立","地番":"482-254","精度区分":null,"座標系":"任意座標系"}},{"type":"Polygon","arcs":[[-639,1078,-1073,-1077]],"properties":{"市区町村名":"山越郡長万部町","大字名":null,"丁目名":null,"小字名":"字共立","地番":"482-255","精度区分":null,"座標系":"任意座標系"}},{"type":"Polygon","arcs":[[-638,-227,-1071,-1079]],"properties":{"市区町村名":"山越郡長万部町","大字名":null,"丁目名":null,"小字名":"字共立","地番":"482-256","精度区分":null,"座標系":"任意座標系"}},{"type":"Polygon","arcs":[[-643,-229,-637,1079]],"properties":{"市区町村名":"山越郡長万部町","大字名":null,"丁目名":null,"小字名":"字共立","地番":"482-257","精度区分":null,"座標系":"任意座標系"}},{"type":"Polygon","arcs":[[-644,-1080,-636,1080]],"properties":{"市区町村名":"山越郡長万部町","大字名":null,"丁目名":null,"小字名":"字共立","地番":"482-258","精度区分":null,"座標系":"任意座標系"}},{"type":"Polygon","arcs":[[-640,-1081,-635,1081]],"properties":{"市区町村名":"山越郡長万部町","大字名":null,"丁目名":null,"小字名":"字共立","地番":"482-259","精度区分":null,"座標系":"任意座標系"}},{"type":"Polygon","arcs":[[-659,-1082,-634,1082]],"properties":{"市区町村名":"山越郡長万部町","大字名":null,"丁目名":null,"小字名":"字共立","地番":"482-260","精度区分":null,"座標系":"任意座標系"}},{"type":"Polygon","arcs":[[-657,-1083,-633,1083]],"properties":{"市区町村名":"山越郡長万部町","大字名":null,"丁目名":null,"小字名":"字共立","地番":"482-261","精度区分":null,"座標系":"任意座標系"}},{"type":"Polygon","arcs":[[-658,-1084,-661,-188]],"properties":{"市区町村名":"山越郡長万部町","大字名":null,"丁目名":null,"小字名":"字共立","地番":"482-262","精度区分":null,"座標系":"任意座標系"}},{"type":"Polygon","arcs":[[-190,-660,1084,1085]],"properties":{"市区町村名":"山越郡長万部町","大字名":null,"丁目名":null,"小字名":"字共立","地番":"482-263","精度区分":null,"座標系":"任意座標系"}},{"type":"Polygon","arcs":[[-631,1086,1087,-1085]],"properties":{"市区町村名":"山越郡長万部町","大字名":null,"丁目名":null,"小字名":"字共立","地番":"482-264","精度区分":null,"座標系":"任意座標系"}},{"type":"Polygon","arcs":[[-630,-1078,1088,-1087]],"properties":{"市区町村名":"山越郡長万部町","大字名":null,"丁目名":null,"小字名":"字共立","地番":"482-265","精度区分":null,"座標系":"任意座標系"}},{"type":"Polygon","arcs":[[-1089,-1076,-193,1089]],"properties":{"市区町村名":"山越郡長万部町","大字名":null,"丁目名":null,"小字名":"字共立","地番":"482-266","精度区分":null,"座標系":"任意座標系"}},{"type":"Polygon","arcs":[[-1088,-1090,-192,1090]],"properties":{"市区町村名":"山越郡長万部町","大字名":null,"丁目名":null,"小字名":"字共立","地番":"482-267","精度区分":null,"座標系":"任意座標系"}},{"type":"Polygon","arcs":[[-1086,-1091,-191]],"properties":{"市区町村名":"山越郡長万部町","大字名":null,"丁目名":null,"小字名":"字共立","地番":"482-268","精度区分":null,"座標系":"任意座標系"}},{"type":"Polygon","arcs":[[1091,1092,-201]],"properties":{"市区町村名":"山越郡長万部町","大字名":null,"丁目名":null,"小字名":"字共立","地番":"482-269","精度区分":null,"座標系":"任意座標系"}},{"type":"Polygon","arcs":[[-200,1093,1094,-1092]],"properties":{"市区町村名":"山越郡長万部町","大字名":null,"丁目名":null,"小字名":"字共立","地番":"482-270","精度区分":null,"座標系":"任意座標系"}},{"type":"Polygon","arcs":[[-1094,-199,-626,1095,1096]],"properties":{"市区町村名":"山越郡長万部町","大字名":null,"丁目名":null,"小字名":"字共立","地番":"482-271","精度区分":null,"座標系":"任意座標系"}},{"type":"Polygon","arcs":[[1097,-1096,-625,-662]],"properties":{"市区町村名":"山越郡長万部町","大字名":null,"丁目名":null,"小字名":"字共立","地番":"482-272","精度区分":null,"座標系":"任意座標系"}},{"type":"Polygon","arcs":[[1098,-1095,1099,-667]],"properties":{"市区町村名":"山越郡長万部町","大字名":null,"丁目名":null,"小字名":"字共立","地番":"482-273","精度区分":null,"座標系":"任意座標系"}},{"type":"Polygon","arcs":[[-202,-1093,-1099,-666]],"properties":{"市区町村名":"山越郡長万部町","大字名":null,"丁目名":null,"小字名":"字共立","地番":"482-274","精度区分":null,"座標系":"任意座標系"}},{"type":"Polygon","arcs":[[-204,-665,1100,1101]],"properties":{"市区町村名":"山越郡長万部町","大字名":null,"丁目名":null,"小字名":"字共立","地番":"482-275","精度区分":null,"座標系":"任意座標系"}},{"type":"Polygon","arcs":[[-1101,-664,1102,1103]],"properties":{"市区町村名":"山越郡長万部町","大字名":null,"丁目名":null,"小字名":"字共立","地番":"482-276","精度区分":null,"座標系":"任意座標系"}},{"type":"Polygon","arcs":[[-1103,-663,-628,1104]],"properties":{"市区町村名":"山越郡長万部町","大字名":null,"丁目名":null,"小字名":"字共立","地番":"482-277","精度区分":null,"座標系":"任意座標系"}},{"type":"Polygon","arcs":[[-1102,1105,-618,-205]],"properties":{"市区町村名":"山越郡長万部町","大字名":null,"丁目名":null,"小字名":"字共立","地番":"482-278","精度区分":null,"座標系":"任意座標系"}},{"type":"Polygon","arcs":[[-1106,-1104,1106,-619]],"properties":{"市区町村名":"山越郡長万部町","大字名":null,"丁目名":null,"小字名":"字共立","地番":"482-279","精度区分":null,"座標系":"任意座標系"}},{"type":"Polygon","arcs":[[-1107,-1105,1107,-620]],"properties":{"市区町村名":"山越郡長万部町","大字名":null,"丁目名":null,"小字名":"字共立","地番":"482-280","精度区分":null,"座標系":"任意座標系"}},{"type":"Polygon","arcs":[[1108,1109,-622,1110,1111]],"properties":{"市区町村名":"山越郡長万部町","大字名":null,"丁目名":null,"小字名":"字共立","地番":"482-281","精度区分":null,"座標系":"任意座標系"}},{"type":"Polygon","arcs":[[1112,-623,-1110,1113]],"properties":{"市区町村名":"山越郡長万部町","大字名":null,"丁目名":null,"小字名":"字共立","地番":"482-282","精度区分":null,"座標系":"任意座標系"}},{"type":"Polygon","arcs":[[-617,-1113,1114,-207]],"properties":{"市区町村名":"山越郡長万部町","大字名":null,"丁目名":null,"小字名":"字共立","地番":"482-283","精度区分":null,"座標系":"任意座標系"}},{"type":"Polygon","arcs":[[-1115,1115,1116,-208]],"properties":{"市区町村名":"山越郡長万部町","大字名":null,"丁目名":null,"小字名":"字共立","地番":"482-284","精度区分":null,"座標系":"任意座標系"}},{"type":"Polygon","arcs":[[-1116,-1114,1117,1118]],"properties":{"市区町村名":"山越郡長万部町","大字名":null,"丁目名":null,"小字名":"字共立","地番":"482-285","精度区分":null,"座標系":"任意座標系"}},{"type":"Polygon","arcs":[[-1118,-1109,1119,1120]],"properties":{"市区町村名":"山越郡長万部町","大字名":null,"丁目名":null,"小字名":"字共立","地番":"482-286","精度区分":null,"座標系":"任意座標系"}},{"type":"Polygon","arcs":[[1121,-209,-1117,-1119,-1121,1122,-611,1123]],"properties":{"市区町村名":"山越郡長万部町","大字名":null,"丁目名":null,"小字名":"字共立","地番":"482-287","精度区分":null,"座標系":"任意座標系"}},{"type":"Polygon","arcs":[[-223,1124,1125,-1123,-1120,-1112,1126]],"properties":{"市区町村名":"山越郡長万部町","大字名":null,"丁目名":null,"小字名":"字共立","地番":"482-288","精度区分":null,"座標系":"任意座標系"}},{"type":"Polygon","arcs":[[-1111,-621,-1108,-627,-224,-1127]],"properties":{"市区町村名":"山越郡長万部町","大字名":null,"丁目名":null,"小字名":"字共立","地番":"482-289","精度区分":null,"座標系":"任意座標系"}},{"type":"Polygon","arcs":[[-444,1127,-457,1128,-352,1129,1130]],"properties":{"市区町村名":"山越郡長万部町","大字名":null,"丁目名":null,"小字名":"字共立","地番":"482-290","精度区分":null,"座標系":"任意座標系"}},{"type":"Polygon","arcs":[[-49,-445,-1131,1131,-356,1132]],"properties":{"市区町村名":"山越郡長万部町","大字名":null,"丁目名":null,"小字名":"字共立","地番":"482-291","精度区分":null,"座標系":"任意座標系"}},{"type":"Polygon","arcs":[[-514,-516,1133,-145]],"properties":{"市区町村名":"山越郡長万部町","大字名":null,"丁目名":null,"小字名":"字共立","地番":"482-292","精度区分":null,"座標系":"任意座標系"}},{"type":"Polygon","arcs":[[-140,-146,-1134,-515]],"properties":{"市区町村名":"山越郡長万部町","大字名":null,"丁目名":null,"小字名":"字共立","地番":"482-293","精度区分":null,"座標系":"任意座標系"}},{"type":"Polygon","arcs":[[1134,1135,1136,-350,1137]],"properties":{"市区町村名":"山越郡長万部町","大字名":null,"丁目名":null,"小字名":"字共立","地番":"482-296","精度区分":null,"座標系":"任意座標系"}},{"type":"Polygon","arcs":[[1138,1139,1140,-1137]],"properties":{"市区町村名":"山越郡長万部町","大字名":null,"丁目名":null,"小字名":"字共立","地番":"482-297","精度区分":null,"座標系":"任意座標系"}},{"type":"Polygon","arcs":[[-1132,-1130,-351,-1141,-357]],"properties":{"市区町村名":"山越郡長万部町","大字名":null,"丁目名":null,"小字名":"字共立","地番":"482-298","精度区分":null,"座標系":"任意座標系"}},{"type":"Polygon","arcs":[[1141,1142,-358,-1140]],"properties":{"市区町村名":"山越郡長万部町","大字名":null,"丁目名":null,"小字名":"字共立","地番":"482-299","精度区分":null,"座標系":"任意座標系"}},{"type":"Polygon","arcs":[[1143,-51,1144,-1143]],"properties":{"市区町村名":"山越郡長万部町","大字名":null,"丁目名":null,"小字名":"字共立","地番":"482-300","精度区分":null,"座標系":"任意座標系"}},{"type":"Polygon","arcs":[[-1133,-359,-1145,-50]],"properties":{"市区町村名":"山越郡長万部町","大字名":null,"丁目名":null,"小字名":"字共立","地番":"482-301","精度区分":null,"座標系":"任意座標系"}},{"type":"Polygon","arcs":[[1145,-345,1146,1147]],"properties":{"市区町村名":"山越郡長万部町","大字名":null,"丁目名":null,"小字名":"字共立","地番":"482-302","精度区分":null,"座標系":"任意座標系"}},{"type":"Polygon","arcs":[[1148,-1135,1149,-347]],"properties":{"市区町村名":"山越郡長万部町","大字名":null,"丁目名":null,"小字名":"字共立","地番":"482-303","精度区分":null,"座標系":"任意座標系"}},{"type":"Polygon","arcs":[[1150,-348,-1150,-1138,-355]],"properties":{"市区町村名":"山越郡長万部町","大字名":null,"丁目名":null,"小字名":"字共立","地番":"482-304","精度区分":null,"座標系":"任意座標系"}},{"type":"Polygon","arcs":[[1151,-1147,-344,1152]],"properties":{"市区町村名":"山越郡長万部町","大字名":null,"丁目名":null,"小字名":"字共立","地番":"482-305","精度区分":null,"座標系":"任意座標系"}},{"type":"Polygon","arcs":[[-334,1153,-1153,-343,1154,1155]],"properties":{"市区町村名":"山越郡長万部町","大字名":null,"丁目名":null,"小字名":"字共立","地番":"482-306","精度区分":null,"座標系":"任意座標系"}},{"type":"Polygon","arcs":[[-349,-1151,-354,1156]],"properties":{"市区町村名":"山越郡長万部町","大字名":null,"丁目名":null,"小字名":"字共立","地番":"482-307","精度区分":null,"座標系":"任意座標系"}},{"type":"Polygon","arcs":[[1157,1158,-340,-1157,-353]],"properties":{"市区町村名":"山越郡長万部町","大字名":null,"丁目名":null,"小字名":"字共立","地番":"482-308","精度区分":null,"座標系":"任意座標系"}},{"type":"Polygon","arcs":[[1159,1160,1161,-1155,-342]],"properties":{"市区町村名":"山越郡長万部町","大字名":null,"丁目名":null,"小字名":"字共立","地番":"482-309","精度区分":null,"座標系":"任意座標系"}},{"type":"Polygon","arcs":[[-1125,-222,1162,1163]],"properties":{"市区町村名":"山越郡長万部町","大字名":null,"丁目名":null,"小字名":"字共立","地番":"482-310","精度区分":null,"座標系":"任意座標系"}},{"type":"Polygon","arcs":[[-1126,-1164,1164,-612]],"properties":{"市区町村名":"山越郡長万部町","大字名":null,"丁目名":null,"小字名":"字共立","地番":"482-311","精度区分":null,"座標系":"任意座標系"}},{"type":"Polygon","arcs":[[-1124,-610,1165,1166]],"properties":{"市区町村名":"山越郡長万部町","大字名":null,"丁目名":null,"小字名":"字共立","地番":"482-312","精度区分":null,"座標系":"任意座標系"}},{"type":"Polygon","arcs":[[-1122,-1167,1167,-210]],"properties":{"市区町村名":"山越郡長万部町","大字名":null,"丁目名":null,"小字名":"字共立","地番":"482-313","精度区分":null,"座標系":"任意座標系"}},{"type":"Polygon","arcs":[[-1168,1168,-608,-211]],"properties":{"市区町村名":"山越郡長万部町","大字名":null,"丁目名":null,"小字名":"字共立","地番":"482-314","精度区分":null,"座標系":"任意座標系"}},{"type":"Polygon","arcs":[[-1166,-609,-1169]],"properties":{"市区町村名":"山越郡長万部町","大字名":null,"丁目名":null,"小字名":"字共立","地番":"482-315","精度区分":null,"座標系":"任意座標系"}},{"type":"Polygon","arcs":[[-1165,1169,-613]],"properties":{"市区町村名":"山越郡長万部町","大字名":null,"丁目名":null,"小字名":"字共立","地番":"482-316","精度区分":null,"座標系":"任意座標系"}},{"type":"Polygon","arcs":[[-1163,-221,-614,-1170]],"properties":{"市区町村名":"山越郡長万部町","大字名":null,"丁目名":null,"小字名":"字共立","地番":"482-317","精度区分":null,"座標系":"任意座標系"}},{"type":"Polygon","arcs":[[-615,-219,1170,1171]],"properties":{"市区町村名":"山越郡長万部町","大字名":null,"丁目名":null,"小字名":"字共立","地番":"482-318","精度区分":null,"座標系":"任意座標系"}},{"type":"Polygon","arcs":[[-616,-1172,1172,1173]],"properties":{"市区町村名":"山越郡長万部町","大字名":null,"丁目名":null,"小字名":"字共立","地番":"482-319","精度区分":null,"座標系":"任意座標系"}},{"type":"Polygon","arcs":[[-605,-1174,1174,1175]],"properties":{"市区町村名":"山越郡長万部町","大字名":null,"丁目名":null,"小字名":"字共立","地番":"482-320","精度区分":null,"座標系":"任意座標系"}},{"type":"Polygon","arcs":[[-606,-1176,1176,1177]],"properties":{"市区町村名":"山越郡長万部町","大字名":null,"丁目名":null,"小字名":"字共立","地番":"482-321","精度区分":null,"座標系":"任意座標系"}},{"type":"Polygon","arcs":[[-607,-1178,1178,-213]],"properties":{"市区町村名":"山越郡長万部町","大字名":null,"丁目名":null,"小字名":"字共立","地番":"482-322","精度区分":null,"座標系":"任意座標系"}},{"type":"Polygon","arcs":[[-1179,1179,-214]],"properties":{"市区町村名":"山越郡長万部町","大字名":null,"丁目名":null,"小字名":"字共立","地番":"482-323","精度区分":null,"座標系":"任意座標系"}},{"type":"Polygon","arcs":[[-1177,1180,-215,-1180]],"properties":{"市区町村名":"山越郡長万部町","大字名":null,"丁目名":null,"小字名":"字共立","地番":"482-324","精度区分":null,"座標系":"任意座標系"}},{"type":"Polygon","arcs":[[-1175,1181,-216,-1181]],"properties":{"市区町村名":"山越郡長万部町","大字名":null,"丁目名":null,"小字名":"字共立","地番":"482-325","精度区分":null,"座標系":"任意座標系"}},{"type":"Polygon","arcs":[[-1173,1182,-217,-1182]],"properties":{"市区町村名":"山越郡長万部町","大字名":null,"丁目名":null,"小字名":"字共立","地番":"482-326","精度区分":null,"座標系":"任意座標系"}},{"type":"Polygon","arcs":[[-1171,-218,-1183]],"properties":{"市区町村名":"山越郡長万部町","大字名":null,"丁目名":null,"小字名":"字共立","地番":"482-327","精度区分":null,"座標系":"任意座標系"}},{"type":"Polygon","arcs":[[1183,1184,1185,-29]],"properties":{"市区町村名":"山越郡長万部町","大字名":null,"丁目名":null,"小字名":"字共立","地番":"482-328","精度区分":null,"座標系":"任意座標系"}},{"type":"Polygon","arcs":[[-1186,1186,-320,-30]],"properties":{"市区町村名":"山越郡長万部町","大字名":null,"丁目名":null,"小字名":"字共立","地番":"482-329","精度区分":null,"座標系":"任意座標系"}},{"type":"Polygon","arcs":[[1187,-32,-319,1188]],"properties":{"市区町村名":"山越郡長万部町","大字名":null,"丁目名":null,"小字名":"字共立","地番":"482-330","精度区分":null,"座標系":"任意座標系"}},{"type":"Polygon","arcs":[[1189,-1189,-325,1190]],"properties":{"市区町村名":"山越郡長万部町","大字名":null,"丁目名":null,"小字名":"字共立","地番":"482-331","精度区分":null,"座標系":"任意座標系"}},{"type":"Polygon","arcs":[[-1187,1191,1192,-321]],"properties":{"市区町村名":"山越郡長万部町","大字名":null,"丁目名":null,"小字名":"字共立","地番":"482-332","精度区分":null,"座標系":"任意座標系"}},{"type":"Polygon","arcs":[[1193,1194,-1192,-1185]],"properties":{"市区町村名":"山越郡長万部町","大字名":null,"丁目名":null,"小字名":"字共立","地番":"482-333","精度区分":null,"座標系":"任意座標系"}},{"type":"Polygon","arcs":[[1195,1196,1197,-1195]],"properties":{"市区町村名":"山越郡長万部町","大字名":null,"丁目名":null,"小字名":"字共立","地番":"482-334","精度区分":null,"座標系":"任意座標系"}},{"type":"Polygon","arcs":[[-1198,1198,-322,-1193]],"properties":{"市区町村名":"山越郡長万部町","大字名":null,"丁目名":null,"小字名":"字共立","地番":"482-335","精度区分":null,"座標系":"任意座標系"}},{"type":"Polygon","arcs":[[1199,1200,-1191,-324,1201]],"properties":{"市区町村名":"山越郡長万部町","大字名":null,"丁目名":null,"小字名":"字共立","地番":"482-336","精度区分":null,"座標系":"任意座標系"}},{"type":"Polygon","arcs":[[1202,1203,-1202,-328,1204]],"properties":{"市区町村名":"山越郡長万部町","大字名":null,"丁目名":null,"小字名":"字共立","地番":"482-337","精度区分":null,"座標系":"任意座標系"}},{"type":"Polygon","arcs":[[-1199,1205,1206,-329]],"properties":{"市区町村名":"山越郡長万部町","大字名":null,"丁目名":null,"小字名":"字共立","地番":"482-338","精度区分":null,"座標系":"任意座標系"}},{"type":"Polygon","arcs":[[1207,1208,-1206,-1197]],"properties":{"市区町村名":"山越郡長万部町","大字名":null,"丁目名":null,"小字名":"字共立","地番":"482-339","精度区分":null,"座標系":"任意座標系"}},{"type":"Polygon","arcs":[[1209,1210,1211,-1209]],"properties":{"市区町村名":"山越郡長万部町","大字名":null,"丁目名":null,"小字名":"字共立","地番":"482-340","精度区分":null,"座標系":"任意座標系"}},{"type":"Polygon","arcs":[[-1207,-1212,1212,-330]],"properties":{"市区町村名":"山越郡長万部町","大字名":null,"丁目名":null,"小字名":"字共立","地番":"482-341","精度区分":null,"座標系":"任意座標系"}},{"type":"Polygon","arcs":[[1213,-1205,-327,1214]],"properties":{"市区町村名":"山越郡長万部町","大字名":null,"丁目名":null,"小字名":"字共立","地番":"482-342","精度区分":null,"座標系":"任意座標系"}},{"type":"Polygon","arcs":[[1215,-1215,-326,1216]],"properties":{"市区町村名":"山越郡長万部町","大字名":null,"丁目名":null,"小字名":"字共立","地番":"482-343","精度区分":null,"座標系":"任意座標系"}},{"type":"Polygon","arcs":[[-331,-1213,1217,1218]],"properties":{"市区町村名":"山越郡長万部町","大字名":null,"丁目名":null,"小字名":"字共立","地番":"482-344","精度区分":null,"座標系":"任意座標系"}},{"type":"Polygon","arcs":[[1219,1220,-1218,-1211]],"properties":{"市区町村名":"山越郡長万部町","大字名":null,"丁目名":null,"小字名":"字共立","地番":"482-345","精度区分":null,"座標系":"任意座標系"}},{"type":"Polygon","arcs":[[1221,1222,1223,-1221]],"properties":{"市区町村名":"山越郡長万部町","大字名":null,"丁目名":null,"小字名":"字共立","地番":"482-346","精度区分":null,"座標系":"任意座標系"}},{"type":"Polygon","arcs":[[-338,-1219,-1224,1224]],"properties":{"市区町村名":"山越郡長万部町","大字名":null,"丁目名":null,"小字名":"字共立","地番":"482-347","精度区分":null,"座標系":"任意座標系"}},{"type":"Polygon","arcs":[[1225,-1217,-337,1226]],"properties":{"市区町村名":"山越郡長万部町","大字名":null,"丁目名":null,"小字名":"字共立","地番":"482-348","精度区分":null,"座標系":"任意座標系"}},{"type":"Polygon","arcs":[[1227,-1227,-336,1228]],"properties":{"市区町村名":"山越郡長万部町","大字名":null,"丁目名":null,"小字名":"字共立","地番":"482-349","精度区分":null,"座標系":"任意座標系"}},{"type":"Polygon","arcs":[[-339,-1225,1229,1230]],"properties":{"市区町村名":"山越郡長万部町","大字名":null,"丁目名":null,"小字名":"字共立","地番":"482-350","精度区分":null,"座標系":"任意座標系"}},{"type":"Polygon","arcs":[[1231,1232,-1230,-1223]],"properties":{"市区町村名":"山越郡長万部町","大字名":null,"丁目名":null,"小字名":"字共立","地番":"482-351","精度区分":null,"座標系":"任意座標系"}},{"type":"Polygon","arcs":[[1233,-1148,1234,-1233]],"properties":{"市区町村名":"山越郡長万部町","大字名":null,"丁目名":null,"小字名":"字共立","地番":"482-352","精度区分":null,"座標系":"任意座標系"}},{"type":"Polygon","arcs":[[-1154,-333,-1231,-1235,-1152]],"properties":{"市区町村名":"山越郡長万部町","大字名":null,"丁目名":null,"小字名":"字共立","地番":"482-353","精度区分":null,"座標系":"任意座標系"}},{"type":"Polygon","arcs":[[-1162,1235,1236,-1229,-335,-1156]],"properties":{"市区町村名":"山越郡長万部町","大字名":null,"丁目名":null,"小字名":"字共立","地番":"482-354","精度区分":null,"座標系":"任意座標系"}},{"type":"Polygon","arcs":[[-753,-857,1237]],"properties":{"市区町村名":"山越郡長万部町","大字名":null,"丁目名":null,"小字名":"字共立","地番":"482-355","精度区分":null,"座標系":"任意座標系"}},{"type":"Polygon","arcs":[[-1100,-1097,-1098,-668]],"properties":{"市区町村名":"山越郡長万部町","大字名":null,"丁目名":null,"小字名":"字共立","地番":"482-356","精度区分":null,"座標系":"任意座標系"}},{"type":"Polygon","arcs":[[1238,1239,1240,-53]],"properties":{"市区町村名":"山越郡長万部町","大字名":null,"丁目名":null,"小字名":"字共立","地番":"482-357","精度区分":null,"座標系":"任意座標系"}},{"type":"Polygon","arcs":[[1241,1242,1243,-1240]],"properties":{"市区町村名":"山越郡長万部町","大字名":null,"丁目名":null,"小字名":"字共立","地番":"482-358","精度区分":null,"座標系":"任意座標系"}},{"type":"Polygon","arcs":[[1244,1245,1246,-1243]],"properties":{"市区町村名":"山越郡長万部町","大字名":null,"丁目名":null,"小字名":"字共立","地番":"482-359","精度区分":null,"座標系":"任意座標系"}},{"type":"Polygon","arcs":[[1247,-1247,1248,-366]],"properties":{"市区町村名":"山越郡長万部町","大字名":null,"丁目名":null,"小字名":"字共立","地番":"482-360","精度区分":null,"座標系":"任意座標系"}},{"type":"Polygon","arcs":[[-365,1249,-1244,-1248]],"properties":{"市区町村名":"山越郡長万部町","大字名":null,"丁目名":null,"小字名":"字共立","地番":"482-361","精度区分":null,"座標系":"任意座標系"}},{"type":"Polygon","arcs":[[-54,-1241,-1250,-364]],"properties":{"市区町村名":"山越郡長万部町","大字名":null,"丁目名":null,"小字名":"字共立","地番":"482-362","精度区分":null,"座標系":"任意座標系"}},{"type":"Polygon","arcs":[[-56,-363,1250,1251]],"properties":{"市区町村名":"山越郡長万部町","大字名":null,"丁目名":null,"小字名":"字共立","地番":"482-363","精度区分":null,"座標系":"任意座標系"}},{"type":"Polygon","arcs":[[1252,-1251,-362,1253]],"properties":{"市区町村名":"山越郡長万部町","大字名":null,"丁目名":null,"小字名":"字共立","地番":"482-364","精度区分":null,"座標系":"任意座標系"}},{"type":"Polygon","arcs":[[-1254,-361,1254,1255]],"properties":{"市区町村名":"山越郡長万部町","大字名":null,"丁目名":null,"小字名":"字共立","地番":"482-365","精度区分":null,"座標系":"任意座標系"}},{"type":"Polygon","arcs":[[1256,1257,1258,-1246]],"properties":{"市区町村名":"山越郡長万部町","大字名":null,"丁目名":null,"小字名":"字共立","地番":"482-366","精度区分":null,"座標系":"任意座標系"}},{"type":"Polygon","arcs":[[1259,1260,1261,-1258]],"properties":{"市区町村名":"山越郡長万部町","大字名":null,"丁目名":null,"小字名":"字共立","地番":"482-367","精度区分":null,"座標系":"任意座標系"}},{"type":"Polygon","arcs":[[1262,1263,1264,-1261]],"properties":{"市区町村名":"山越郡長万部町","大字名":null,"丁目名":null,"小字名":"字共立","地番":"482-368","精度区分":null,"座標系":"任意座標系"}},{"type":"Polygon","arcs":[[1265,-1265,1266,-373]],"properties":{"市区町村名":"山越郡長万部町","大字名":null,"丁目名":null,"小字名":"字共立","地番":"482-369","精度区分":null,"座標系":"任意座標系"}},{"type":"Polygon","arcs":[[1267,-1262,-1266,-372]],"properties":{"市区町村名":"山越郡長万部町","大字名":null,"丁目名":null,"小字名":"字共立","地番":"482-370","精度区分":null,"座標系":"任意座標系"}},{"type":"Polygon","arcs":[[-1249,-1259,-1268,-371]],"properties":{"市区町村名":"山越郡長万部町","大字名":null,"丁目名":null,"小字名":"字共立","地番":"482-371","精度区分":null,"座標系":"任意座標系"}},{"type":"Polygon","arcs":[[-1255,-370,1268,1269]],"properties":{"市区町村名":"山越郡長万部町","大字名":null,"丁目名":null,"小字名":"字共立","地番":"482-372","精度区分":null,"座標系":"任意座標系"}},{"type":"Polygon","arcs":[[1270,-1269,-369,1271]],"properties":{"市区町村名":"山越郡長万部町","大字名":null,"丁目名":null,"小字名":"字共立","地番":"482-373","精度区分":null,"座標系":"任意座標系"}},{"type":"Polygon","arcs":[[-1272,-368,1272,1273]],"properties":{"市区町村名":"山越郡長万部町","大字名":null,"丁目名":null,"小字名":"字共立","地番":"482-374","精度区分":null,"座標系":"任意座標系"}},{"type":"Polygon","arcs":[[1274,1275,1276,-1264]],"properties":{"市区町村名":"山越郡長万部町","大字名":null,"丁目名":null,"小字名":"字共立","地番":"482-375","精度区分":null,"座標系":"任意座標系"}},{"type":"Polygon","arcs":[[-1276,1277,1278,1279,1280]],"properties":{"市区町村名":"山越郡長万部町","大字名":null,"丁目名":null,"小字名":"字共立","地番":"482-376","精度区分":null,"座標系":"任意座標系"}},{"type":"Polygon","arcs":[[1281,1282,1283,-1279]],"properties":{"市区町村名":"山越郡長万部町","大字名":null,"丁目名":null,"小字名":"字共立","地番":"482-377","精度区分":null,"座標系":"任意座標系"}},{"type":"Polygon","arcs":[[1284,-1284,1285,-375]],"properties":{"市区町村名":"山越郡長万部町","大字名":null,"丁目名":null,"小字名":"字共立","地番":"482-378","精度区分":null,"座標系":"任意座標系"}},{"type":"Polygon","arcs":[[1286,-1281,1287,-381]],"properties":{"市区町村名":"山越郡長万部町","大字名":null,"丁目名":null,"小字名":"字共立","地番":"482-379","精度区分":null,"座標系":"任意座標系"}},{"type":"Polygon","arcs":[[-380,-1267,-1277,-1287]],"properties":{"市区町村名":"山越郡長万部町","大字名":null,"丁目名":null,"小字名":"字共立","地番":"482-380","精度区分":null,"座標系":"任意座標系"}},{"type":"Polygon","arcs":[[-1273,-379,1288,1289]],"properties":{"市区町村名":"山越郡長万部町","大字名":null,"丁目名":null,"小字名":"字共立","地番":"482-381","精度区分":null,"座標系":"任意座標系"}},{"type":"Polygon","arcs":[[-1289,-378,1290,1291]],"properties":{"市区町村名":"山越郡長万部町","大字名":null,"丁目名":null,"小字名":"字共立","地番":"482-382","精度区分":null,"座標系":"任意座標系"}},{"type":"Polygon","arcs":[[1292,1293,-1291,-377,1294]],"properties":{"市区町村名":"山越郡長万部町","大字名":null,"丁目名":null,"小字名":"字共立","地番":"482-383","精度区分":null,"座標系":"任意座標系"}},{"type":"Polygon","arcs":[[1295,1296,1297,-1283]],"properties":{"市区町村名":"山越郡長万部町","大字名":null,"丁目名":null,"小字名":"字共立","地番":"482-384","精度区分":null,"座標系":"任意座標系"}},{"type":"Polygon","arcs":[[-1297,1298,1299,1300,1301]],"properties":{"市区町村名":"山越郡長万部町","大字名":null,"丁目名":null,"小字名":"字共立","地番":"482-385","精度区分":null,"座標系":"任意座標系"}},{"type":"Polygon","arcs":[[1302,1303,1304,-1300]],"properties":{"市区町村名":"山越郡長万部町","大字名":null,"丁目名":null,"小字名":"字共立","地番":"482-386","精度区分":null,"座標系":"任意座標系"}},{"type":"Polygon","arcs":[[-388,1305,-1301,-1305,1306]],"properties":{"市区町村名":"山越郡長万部町","大字名":null,"丁目名":null,"小字名":"字共立","地番":"482-387","精度区分":null,"座標系":"任意座標系"}},{"type":"Polygon","arcs":[[1307,-1302,-1306,-387]],"properties":{"市区町村名":"山越郡長万部町","大字名":null,"丁目名":null,"小字名":"字共立","地番":"482-388","精度区分":null,"座標系":"任意座標系"}},{"type":"Polygon","arcs":[[-1286,-1298,-1308,-386]],"properties":{"市区町村名":"山越郡長万部町","大字名":null,"丁目名":null,"小字名":"字共立","地番":"482-389","精度区分":null,"座標系":"任意座標系"}},{"type":"Polygon","arcs":[[-1295,-385,1308,1309]],"properties":{"市区町村名":"山越郡長万部町","大字名":null,"丁目名":null,"小字名":"字共立","地番":"482-390","精度区分":null,"座標系":"任意座標系"}},{"type":"Polygon","arcs":[[1310,1311,-1309,-384]],"properties":{"市区町村名":"山越郡長万部町","大字名":null,"丁目名":null,"小字名":"字共立","地番":"482-391","精度区分":null,"座標系":"任意座標系"}},{"type":"Polygon","arcs":[[1312,-1311,-383,1313]],"properties":{"市区町村名":"山越郡長万部町","大字名":null,"丁目名":null,"小字名":"字共立","地番":"482-392","精度区分":null,"座標系":"任意座標系"}},{"type":"Polygon","arcs":[[1314,1315,1316,-1304]],"properties":{"市区町村名":"山越郡長万部町","大字名":null,"丁目名":null,"小字名":"字共立","地番":"482-393","精度区分":null,"座標系":"任意座標系"}},{"type":"Polygon","arcs":[[1317,1318,1319,-1316]],"properties":{"市区町村名":"山越郡長万部町","大字名":null,"丁目名":null,"小字名":"字共立","地番":"482-394","精度区分":null,"座標系":"任意座標系"}},{"type":"Polygon","arcs":[[1320,1321,1322,-1319]],"properties":{"市区町村名":"山越郡長万部町","大字名":null,"丁目名":null,"小字名":"字共立","地番":"482-395","精度区分":null,"座標系":"任意座標系"}},{"type":"Polygon","arcs":[[-1323,1323,-392,1324]],"properties":{"市区町村名":"山越郡長万部町","大字名":null,"丁目名":null,"小字名":"字共立","地番":"482-396","精度区分":null,"座標系":"任意座標系"}},{"type":"Polygon","arcs":[[-1320,-1325,-391,1325]],"properties":{"市区町村名":"山越郡長万部町","大字名":null,"丁目名":null,"小字名":"字共立","地番":"482-397","精度区分":null,"座標系":"任意座標系"}},{"type":"Polygon","arcs":[[-1317,-1326,-390,-1307]],"properties":{"市区町村名":"山越郡長万部町","大字名":null,"丁目名":null,"小字名":"字共立","地番":"482-398","精度区分":null,"座標系":"任意座標系"}},{"type":"Polygon","arcs":[[-1314,-389,1326,1327]],"properties":{"市区町村名":"山越郡長万部町","大字名":null,"丁目名":null,"小字名":"字共立","地番":"482-399","精度区分":null,"座標系":"任意座標系"}},{"type":"Polygon","arcs":[[1328,-1327,-395,1329]],"properties":{"市区町村名":"山越郡長万部町","大字名":null,"丁目名":null,"小字名":"字共立","地番":"482-400","精度区分":null,"座標系":"任意座標系"}},{"type":"Polygon","arcs":[[-394,1330,1331,-1330]],"properties":{"市区町村名":"山越郡長万部町","大字名":null,"丁目名":null,"小字名":"字共立","地番":"482-401","精度区分":null,"座標系":"任意座標系"}},{"type":"Polygon","arcs":[[1332,1333,1334,-1322]],"properties":{"市区町村名":"山越郡長万部町","大字名":null,"丁目名":null,"小字名":"字共立","地番":"482-402","精度区分":null,"座標系":"任意座標系"}},{"type":"Polygon","arcs":[[1335,1336,1337,-1334]],"properties":{"市区町村名":"山越郡長万部町","大字名":null,"丁目名":null,"小字名":"字共立","地番":"482-403","精度区分":null,"座標系":"任意座標系"}},{"type":"Polygon","arcs":[[1338,1339,1340,-1337]],"properties":{"市区町村名":"山越郡長万部町","大字名":null,"丁目名":null,"小字名":"字共立","地番":"482-404","精度区分":null,"座標系":"任意座標系"}},{"type":"Polygon","arcs":[[-1341,1341,-399,1342]],"properties":{"市区町村名":"山越郡長万部町","大字名":null,"丁目名":null,"小字名":"字共立","地番":"482-405","精度区分":null,"座標系":"任意座標系"}},{"type":"Polygon","arcs":[[-1338,-1343,-398,1343]],"properties":{"市区町村名":"山越郡長万部町","大字名":null,"丁目名":null,"小字名":"字共立","地番":"482-406","精度区分":null,"座標系":"任意座標系"}},{"type":"Polygon","arcs":[[-1335,-1344,-397,-1324]],"properties":{"市区町村名":"山越郡長万部町","大字名":null,"丁目名":null,"小字名":"字共立","地番":"482-407","精度区分":null,"座標系":"任意座標系"}},{"type":"Polygon","arcs":[[-396,1344,1345,-1331]],"properties":{"市区町村名":"山越郡長万部町","大字名":null,"丁目名":null,"小字名":"字共立","地番":"482-408","精度区分":null,"座標系":"任意座標系"}},{"type":"Polygon","arcs":[[-402,1346,1347,-1345]],"properties":{"市区町村名":"山越郡長万部町","大字名":null,"丁目名":null,"小字名":"字共立","地番":"482-409","精度区分":null,"座標系":"任意座標系"}},{"type":"Polygon","arcs":[[-401,1348,1349,-1347]],"properties":{"市区町村名":"山越郡長万部町","大字名":null,"丁目名":null,"小字名":"字共立","地番":"482-410","精度区分":null,"座標系":"任意座標系"}},{"type":"Polygon","arcs":[[-78,1350,1351,1352]],"properties":{"市区町村名":"山越郡長万部町","大字名":null,"丁目名":null,"小字名":"字共立","地番":"482-411","精度区分":null,"座標系":"任意座標系"}},{"type":"Polygon","arcs":[[-77,1353,1354,-1351]],"properties":{"市区町村名":"山越郡長万部町","大字名":null,"丁目名":null,"小字名":"字共立","地番":"482-412","精度区分":null,"座標系":"任意座標系"}},{"type":"Polygon","arcs":[[-76,1355,1356,-1354]],"properties":{"市区町村名":"山越郡長万部町","大字名":null,"丁目名":null,"小字名":"字共立","地番":"482-413","精度区分":null,"座標系":"任意座標系"}},{"type":"Polygon","arcs":[[-75,1357,1358,-1356]],"properties":{"市区町村名":"山越郡長万部町","大字名":null,"丁目名":null,"小字名":"字共立","地番":"482-414","精度区分":null,"座標系":"任意座標系"}},{"type":"Polygon","arcs":[[-74,1359,1360,-1358]],"properties":{"市区町村名":"山越郡長万部町","大字名":null,"丁目名":null,"小字名":"字共立","地番":"482-415","精度区分":null,"座標系":"任意座標系"}},{"type":"Polygon","arcs":[[-73,1361,1362,-1360]],"properties":{"市区町村名":"山越郡長万部町","大字名":null,"丁目名":null,"小字名":"字共立","地番":"482-416","精度区分":null,"座標系":"任意座標系"}},{"type":"Polygon","arcs":[[-408,1363,-1352,1364]],"properties":{"市区町村名":"山越郡長万部町","大字名":null,"丁目名":null,"小字名":"字共立","地番":"482-417","精度区分":null,"座標系":"任意座標系"}},{"type":"Polygon","arcs":[[-1355,1365,-409,-1365]],"properties":{"市区町村名":"山越郡長万部町","大字名":null,"丁目名":null,"小字名":"字共立","地番":"482-418","精度区分":null,"座標系":"任意座標系"}},{"type":"Polygon","arcs":[[-1357,1366,-410,-1366]],"properties":{"市区町村名":"山越郡長万部町","大字名":null,"丁目名":null,"小字名":"字共立","地番":"482-419","精度区分":null,"座標系":"任意座標系"}},{"type":"Polygon","arcs":[[-1359,1367,-411,-1367]],"properties":{"市区町村名":"山越郡長万部町","大字名":null,"丁目名":null,"小字名":"字共立","地番":"482-420","精度区分":null,"座標系":"任意座標系"}},{"type":"Polygon","arcs":[[-1361,1368,-412,-1368]],"properties":{"市区町村名":"山越郡長万部町","大字名":null,"丁目名":null,"小字名":"字共立","地番":"482-421","精度区分":null,"座標系":"任意座標系"}},{"type":"Polygon","arcs":[[-1363,1369,-413,-1369]],"properties":{"市区町村名":"山越郡長万部町","大字名":null,"丁目名":null,"小字名":"字共立","地番":"482-422","精度区分":null,"座標系":"任意座標系"}},{"type":"Polygon","arcs":[[-1350,1370,-406,1371]],"properties":{"市区町村名":"山越郡長万部町","大字名":null,"丁目名":null,"小字名":"字共立","地番":"482-423","精度区分":null,"座標系":"任意座標系"}},{"type":"Polygon","arcs":[[-1348,-1372,-405,1372]],"properties":{"市区町村名":"山越郡長万部町","大字名":null,"丁目名":null,"小字名":"字共立","地番":"482-424","精度区分":null,"座標系":"任意座標系"}},{"type":"Polygon","arcs":[[-1346,-1373,-404,1373]],"properties":{"市区町村名":"山越郡長万部町","大字名":null,"丁目名":null,"小字名":"字共立","地番":"482-425","精度区分":null,"座標系":"任意座標系"}},{"type":"Polygon","arcs":[[-1332,-1374,-403,1374]],"properties":{"市区町村名":"山越郡長万部町","大字名":null,"丁目名":null,"小字名":"字共立","地番":"482-426","精度区分":null,"座標系":"任意座標系"}},{"type":"Polygon","arcs":[[-416,1375,-1329,-1375]],"properties":{"市区町村名":"山越郡長万部町","大字名":null,"丁目名":null,"小字名":"字共立","地番":"482-427","精度区分":null,"座標系":"任意座標系"}},{"type":"Polygon","arcs":[[-415,1376,-1328,-1376]],"properties":{"市区町村名":"山越郡長万部町","大字名":null,"丁目名":null,"小字名":"字共立","地番":"482-428","精度区分":null,"座標系":"任意座標系"}},{"type":"Polygon","arcs":[[-72,1377,1378,-1362]],"properties":{"市区町村名":"山越郡長万部町","大字名":null,"丁目名":null,"小字名":"字共立","地番":"482-429","精度区分":null,"座標系":"任意座標系"}},{"type":"Polygon","arcs":[[-71,1379,1380,-1378]],"properties":{"市区町村名":"山越郡長万部町","大字名":null,"丁目名":null,"小字名":"字共立","地番":"482-430","精度区分":null,"座標系":"任意座標系"}},{"type":"Polygon","arcs":[[-70,1381,1382,-1380]],"properties":{"市区町村名":"山越郡長万部町","大字名":null,"丁目名":null,"小字名":"字共立","地番":"482-431","精度区分":null,"座標系":"任意座標系"}},{"type":"Polygon","arcs":[[-69,1383,1384,-1382]],"properties":{"市区町村名":"山越郡長万部町","大字名":null,"丁目名":null,"小字名":"字共立","地番":"482-432","精度区分":null,"座標系":"任意座標系"}},{"type":"Polygon","arcs":[[-68,1385,1386,-1384]],"properties":{"市区町村名":"山越郡長万部町","大字名":null,"丁目名":null,"小字名":"字共立","地番":"482-433","精度区分":null,"座標系":"任意座標系"}},{"type":"Polygon","arcs":[[-67,1387,1388,-1386]],"properties":{"市区町村名":"山越郡長万部町","大字名":null,"丁目名":null,"小字名":"字共立","地番":"482-434","精度区分":null,"座標系":"任意座標系"}},{"type":"Polygon","arcs":[[-1379,1389,-422,-1370]],"properties":{"市区町村名":"山越郡長万部町","大字名":null,"丁目名":null,"小字名":"字共立","地番":"482-435","精度区分":null,"座標系":"任意座標系"}},{"type":"Polygon","arcs":[[-1381,1390,-423,-1390]],"properties":{"市区町村名":"山越郡長万部町","大字名":null,"丁目名":null,"小字名":"字共立","地番":"482-436","精度区分":null,"座標系":"任意座標系"}},{"type":"Polygon","arcs":[[-1383,1391,-424,-1391]],"properties":{"市区町村名":"山越郡長万部町","大字名":null,"丁目名":null,"小字名":"字共立","地番":"482-437","精度区分":null,"座標系":"任意座標系"}},{"type":"Polygon","arcs":[[-1385,1392,-425,-1392]],"properties":{"市区町村名":"山越郡長万部町","大字名":null,"丁目名":null,"小字名":"字共立","地番":"482-438","精度区分":null,"座標系":"任意座標系"}},{"type":"Polygon","arcs":[[-1387,1393,-426,-1393]],"properties":{"市区町村名":"山越郡長万部町","大字名":null,"丁目名":null,"小字名":"字共立","地番":"482-439","精度区分":null,"座標系":"任意座標系"}},{"type":"Polygon","arcs":[[-1389,1394,-427,-1394]],"properties":{"市区町村名":"山越郡長万部町","大字名":null,"丁目名":null,"小字名":"字共立","地番":"482-440","精度区分":null,"座標系":"任意座標系"}},{"type":"Polygon","arcs":[[-421,1395,-1313,-1377]],"properties":{"市区町村名":"山越郡長万部町","大字名":null,"丁目名":null,"小字名":"字共立","地番":"482-441","精度区分":null,"座標系":"任意座標系"}},{"type":"Polygon","arcs":[[-420,1396,-1312,-1396]],"properties":{"市区町村名":"山越郡長万部町","大字名":null,"丁目名":null,"小字名":"字共立","地番":"482-442","精度区分":null,"座標系":"任意座標系"}},{"type":"Polygon","arcs":[[-419,1397,-1310,-1397]],"properties":{"市区町村名":"山越郡長万部町","大字名":null,"丁目名":null,"小字名":"字共立","地番":"482-443","精度区分":null,"座標系":"任意座標系"}},{"type":"Polygon","arcs":[[-417,1398,-1294,1399]],"properties":{"市区町村名":"山越郡長万部町","大字名":null,"丁目名":null,"小字名":"字共立","地番":"482-444","精度区分":null,"座標系":"任意座標系"}},{"type":"Polygon","arcs":[[-430,1400,-1292,-1399]],"properties":{"市区町村名":"山越郡長万部町","大字名":null,"丁目名":null,"小字名":"字共立","地番":"482-445","精度区分":null,"座標系":"任意座標系"}},{"type":"Polygon","arcs":[[1401,-1290,-1401,-429]],"properties":{"市区町村名":"山越郡長万部町","大字名":null,"丁目名":null,"小字名":"字共立","地番":"482-446","精度区分":null,"座標系":"任意座標系"}},{"type":"Polygon","arcs":[[-66,1402,1403,-1388]],"properties":{"市区町村名":"山越郡長万部町","大字名":null,"丁目名":null,"小字名":"字共立","地番":"482-447","精度区分":null,"座標系":"任意座標系"}},{"type":"Polygon","arcs":[[-64,1404,1405,1406]],"properties":{"市区町村名":"山越郡長万部町","大字名":null,"丁目名":null,"小字名":"字共立","地番":"482-448","精度区分":null,"座標系":"任意座標系"}},{"type":"Polygon","arcs":[[-63,1407,1408,-1405]],"properties":{"市区町村名":"山越郡長万部町","大字名":null,"丁目名":null,"小字名":"字共立","地番":"482-449","精度区分":null,"座標系":"任意座標系"}},{"type":"Polygon","arcs":[[-62,1409,1410,-1408]],"properties":{"市区町村名":"山越郡長万部町","大字名":null,"丁目名":null,"小字名":"字共立","地番":"482-450","精度区分":null,"座標系":"任意座標系"}},{"type":"Polygon","arcs":[[-61,1411,1412,-1410]],"properties":{"市区町村名":"山越郡長万部町","大字名":null,"丁目名":null,"小字名":"字共立","地番":"482-451","精度区分":null,"座標系":"任意座標系"}},{"type":"Polygon","arcs":[[1413,-1412,-60]],"properties":{"市区町村名":"山越郡長万部町","大字名":null,"丁目名":null,"小字名":"字共立","地番":"482-452","精度区分":null,"座標系":"任意座標系"}},{"type":"Polygon","arcs":[[-1404,1414,-434,-1395]],"properties":{"市区町村名":"山越郡長万部町","大字名":null,"丁目名":null,"小字名":"字共立","地番":"482-453","精度区分":null,"座標系":"任意座標系"}},{"type":"Polygon","arcs":[[1415,-1406,1416,-435,-1415]],"properties":{"市区町村名":"山越郡長万部町","大字名":null,"丁目名":null,"小字名":"字共立","地番":"482-454","精度区分":null,"座標系":"任意座標系"}},{"type":"Polygon","arcs":[[-1409,1417,-436,-1417]],"properties":{"市区町村名":"山越郡長万部町","大字名":null,"丁目名":null,"小字名":"字共立","地番":"482-455","精度区分":null,"座標系":"任意座標系"}},{"type":"Polygon","arcs":[[-1411,1418,-437,-1418]],"properties":{"市区町村名":"山越郡長万部町","大字名":null,"丁目名":null,"小字名":"字共立","地番":"482-456","精度区分":null,"座標系":"任意座標系"}},{"type":"Polygon","arcs":[[-1413,1419,-438,-1419]],"properties":{"市区町村名":"山越郡長万部町","大字名":null,"丁目名":null,"小字名":"字共立","地番":"482-457","精度区分":null,"座標系":"任意座標系"}},{"type":"Polygon","arcs":[[-59,-439,-1420,-1414]],"properties":{"市区町村名":"山越郡長万部町","大字名":null,"丁目名":null,"小字名":"字共立","地番":"482-458","精度区分":null,"座標系":"任意座標系"}},{"type":"Polygon","arcs":[[-433,1420,-1274,-1402]],"properties":{"市区町村名":"山越郡長万部町","大字名":null,"丁目名":null,"小字名":"字共立","地番":"482-459","精度区分":null,"座標系":"任意座標系"}},{"type":"Polygon","arcs":[[-432,1421,-1271,-1421]],"properties":{"市区町村名":"山越郡長万部町","大字名":null,"丁目名":null,"小字名":"字共立","地番":"482-460","精度区分":null,"座標系":"任意座標系"}},{"type":"Polygon","arcs":[[-431,1422,-1270,-1422]],"properties":{"市区町村名":"山越郡長万部町","大字名":null,"丁目名":null,"小字名":"字共立","地番":"482-461","精度区分":null,"座標系":"任意座標系"}},{"type":"Polygon","arcs":[[-442,1423,-1256,-1423]],"properties":{"市区町村名":"山越郡長万部町","大字名":null,"丁目名":null,"小字名":"字共立","地番":"482-462","精度区分":null,"座標系":"任意座標系"}},{"type":"Polygon","arcs":[[-441,1424,-1253,-1424]],"properties":{"市区町村名":"山越郡長万部町","大字名":null,"丁目名":null,"小字名":"字共立","地番":"482-463","精度区分":null,"座標系":"任意座標系"}},{"type":"Polygon","arcs":[[-57,-1252,-1425,-440]],"properties":{"市区町村名":"山越郡長万部町","大字名":null,"丁目名":null,"小字名":"字共立","地番":"482-464","精度区分":null,"座標系":"任意座標系"}},{"type":"Polygon","arcs":[[1425,-1158,-1129,-456]],"properties":{"市区町村名":"山越郡長万部町","大字名":null,"丁目名":null,"小字名":"字共立","地番":"482-465","精度区分":null,"座標系":"任意座標系"}},{"type":"Polygon","arcs":[[-1426,-455,1426,-1160,-341,-1159]],"properties":{"市区町村名":"山越郡長万部町","大字名":null,"丁目名":null,"小字名":"字共立","地番":"482-466","精度区分":null,"座標系":"任意座標系"}},{"type":"Polygon","arcs":[[-454,1427,-1236,-1161,-1427]],"properties":{"市区町村名":"山越郡長万部町","大字名":null,"丁目名":null,"小字名":"字共立","地番":"482-467","精度区分":null,"座標系":"任意座標系"}},{"type":"Polygon","arcs":[[1428,-1237,-1428,-453]],"properties":{"市区町村名":"山越郡長万部町","大字名":null,"丁目名":null,"小字名":"字共立","地番":"482-468","精度区分":null,"座標系":"任意座標系"}},{"type":"Polygon","arcs":[[1429,-1228,-1429,-452]],"properties":{"市区町村名":"山越郡長万部町","大字名":null,"丁目名":null,"小字名":"字共立","地番":"482-469","精度区分":null,"座標系":"任意座標系"}},{"type":"Polygon","arcs":[[1430,-1226,-1430,-451]],"properties":{"市区町村名":"山越郡長万部町","大字名":null,"丁目名":null,"小字名":"字共立","地番":"482-470","精度区分":null,"座標系":"任意座標系"}},{"type":"Polygon","arcs":[[1431,-449,1432,1433]],"properties":{"市区町村名":"山越郡長万部町","大字名":null,"丁目名":null,"小字名":"字共立","地番":"482-471","精度区分":null,"座標系":"任意座標系"}},{"type":"Polygon","arcs":[[-1433,-448,1434,1435]],"properties":{"市区町村名":"山越郡長万部町","大字名":null,"丁目名":null,"小字名":"字共立","地番":"482-472","精度区分":null,"座標系":"任意座標系"}},{"type":"Polygon","arcs":[[-1435,-447,1436,1437]],"properties":{"市区町村名":"山越郡長万部町","大字名":null,"丁目名":null,"小字名":"字共立","地番":"482-473","精度区分":null,"座標系":"任意座標系"}},{"type":"Polygon","arcs":[[-1437,-460,1438,1439]],"properties":{"市区町村名":"山越郡長万部町","大字名":null,"丁目名":null,"小字名":"字共立","地番":"482-474","精度区分":null,"座標系":"任意座標系"}},{"type":"Polygon","arcs":[[-1439,-459,1440,1441]],"properties":{"市区町村名":"山越郡長万部町","大字名":null,"丁目名":null,"小字名":"字共立","地番":"482-475","精度区分":null,"座標系":"任意座標系"}},{"type":"Polygon","arcs":[[-458,-1128,-443,1442,-1441]],"properties":{"市区町村名":"山越郡長万部町","大字名":null,"丁目名":null,"小字名":"字共立","地番":"482-476","精度区分":null,"座標系":"任意座標系"}},{"type":"Polygon","arcs":[[-1443,-446,-47,1443]],"properties":{"市区町村名":"山越郡長万部町","大字名":null,"丁目名":null,"小字名":"字共立","地番":"482-477","精度区分":null,"座標系":"任意座標系"}},{"type":"Polygon","arcs":[[-1442,-1444,-46,1444]],"properties":{"市区町村名":"山越郡長万部町","大字名":null,"丁目名":null,"小字名":"字共立","地番":"482-478","精度区分":null,"座標系":"任意座標系"}},{"type":"Polygon","arcs":[[-1440,-1445,-45,1445]],"properties":{"市区町村名":"山越郡長万部町","大字名":null,"丁目名":null,"小字名":"字共立","地番":"482-479","精度区分":null,"座標系":"任意座標系"}},{"type":"Polygon","arcs":[[-1438,-1446,-44,1446]],"properties":{"市区町村名":"山越郡長万部町","大字名":null,"丁目名":null,"小字名":"字共立","地番":"482-480","精度区分":null,"座標系":"任意座標系"}},{"type":"Polygon","arcs":[[-1436,-1447,-43,1447]],"properties":{"市区町村名":"山越郡長万部町","大字名":null,"丁目名":null,"小字名":"字共立","地番":"482-481","精度区分":null,"座標系":"任意座標系"}},{"type":"Polygon","arcs":[[-1434,-1448,-42,1448]],"properties":{"市区町村名":"山越郡長万部町","大字名":null,"丁目名":null,"小字名":"字共立","地番":"482-482","精度区分":null,"座標系":"任意座標系"}},{"type":"Polygon","arcs":[[1449,-1216,-1431,-470]],"properties":{"市区町村名":"山越郡長万部町","大字名":null,"丁目名":null,"小字名":"字共立","地番":"482-483","精度区分":null,"座標系":"任意座標系"}},{"type":"Polygon","arcs":[[1450,-1214,-1450,-469]],"properties":{"市区町村名":"山越郡長万部町","大字名":null,"丁目名":null,"小字名":"字共立","地番":"482-484","精度区分":null,"座標系":"任意座標系"}},{"type":"Polygon","arcs":[[1451,-1203,-1451,-468]],"properties":{"市区町村名":"山越郡長万部町","大字名":null,"丁目名":null,"小字名":"字共立","地番":"482-485","精度区分":null,"座標系":"任意座標系"}},{"type":"Polygon","arcs":[[-1452,-467,1452,-1200,-1204]],"properties":{"市区町村名":"山越郡長万部町","大字名":null,"丁目名":null,"小字名":"字共立","地番":"482-486","精度区分":null,"座標系":"任意座標系"}},{"type":"Polygon","arcs":[[-466,1453,-1190,-1201,-1453]],"properties":{"市区町村名":"山越郡長万部町","大字名":null,"丁目名":null,"小字名":"字共立","地番":"482-487","精度区分":null,"座標系":"任意座標系"}},{"type":"Polygon","arcs":[[-33,-1188,-1454,-465]],"properties":{"市区町村名":"山越郡長万部町","大字名":null,"丁目名":null,"小字名":"字共立","地番":"482-488","精度区分":null,"座標系":"任意座標系"}},{"type":"Polygon","arcs":[[-35,-464,1454,1455]],"properties":{"市区町村名":"山越郡長万部町","大字名":null,"丁目名":null,"小字名":"字共立","地番":"482-489","精度区分":null,"座標系":"任意座標系"}},{"type":"Polygon","arcs":[[-1455,-463,1456,1457]],"properties":{"市区町村名":"山越郡長万部町","大字名":null,"丁目名":null,"小字名":"字共立","地番":"482-490","精度区分":null,"座標系":"任意座標系"}},{"type":"Polygon","arcs":[[-1457,-462,1458,1459]],"properties":{"市区町村名":"山越郡長万部町","大字名":null,"丁目名":null,"小字名":"字共立","地番":"482-491","精度区分":null,"座標系":"任意座標系"}},{"type":"Polygon","arcs":[[-1459,-461,1460,1461]],"properties":{"市区町村名":"山越郡長万部町","大字名":null,"丁目名":null,"小字名":"字共立","地番":"482-492","精度区分":null,"座標系":"任意座標系"}},{"type":"Polygon","arcs":[[-1461,-472,1462,1463]],"properties":{"市区町村名":"山越郡長万部町","大字名":null,"丁目名":null,"小字名":"字共立","地番":"482-493","精度区分":null,"座標系":"任意座標系"}},{"type":"Polygon","arcs":[[-1463,-471,-1432,1464]],"properties":{"市区町村名":"山越郡長万部町","大字名":null,"丁目名":null,"小字名":"字共立","地番":"482-494","精度区分":null,"座標系":"任意座標系"}},{"type":"Polygon","arcs":[[-1465,-1449,-41,1465]],"properties":{"市区町村名":"山越郡長万部町","大字名":null,"丁目名":null,"小字名":"字共立","地番":"482-495","精度区分":null,"座標系":"任意座標系"}},{"type":"Polygon","arcs":[[-1464,-1466,-40,1466]],"properties":{"市区町村名":"山越郡長万部町","大字名":null,"丁目名":null,"小字名":"字共立","地番":"482-496","精度区分":null,"座標系":"任意座標系"}},{"type":"Polygon","arcs":[[-1462,-1467,-39,1467]],"properties":{"市区町村名":"山越郡長万部町","大字名":null,"丁目名":null,"小字名":"字共立","地番":"482-497","精度区分":null,"座標系":"任意座標系"}},{"type":"Polygon","arcs":[[-1460,-1468,-38,1468]],"properties":{"市区町村名":"山越郡長万部町","大字名":null,"丁目名":null,"小字名":"字共立","地番":"482-498","精度区分":null,"座標系":"任意座標系"}},{"type":"Polygon","arcs":[[-1458,-1469,-37,1469]],"properties":{"市区町村名":"山越郡長万部町","大字名":null,"丁目名":null,"小字名":"字共立","地番":"482-499","精度区分":null,"座標系":"任意座標系"}},{"type":"Polygon","arcs":[[-1456,-1470,-36]],"properties":{"市区町村名":"山越郡長万部町","大字名":null,"丁目名":null,"小字名":"字共立","地番":"482-500","精度区分":null,"座標系":"任意座標系"}},{"type":"Polygon","arcs":[[1470,1471,-131,-571]],"properties":{"市区町村名":"山越郡長万部町","大字名":null,"丁目名":null,"小字名":"字共立","地番":"482-501","精度区分":null,"座標系":"任意座標系"}},{"type":"Polygon","arcs":[[1472,-1471,-570,1473]],"properties":{"市区町村名":"山越郡長万部町","大字名":null,"丁目名":null,"小字名":"字共立","地番":"482-502","精度区分":null,"座標系":"任意座標系"}},{"type":"Polygon","arcs":[[-1474,-569,1474,1475]],"properties":{"市区町村名":"山越郡長万部町","大字名":null,"丁目名":null,"小字名":"字共立","地番":"482-503","精度区分":null,"座標系":"任意座標系"}},{"type":"Polygon","arcs":[[1476,1477,-1475,-580]],"properties":{"市区町村名":"山越郡長万部町","大字名":null,"丁目名":null,"小字名":"字共立","地番":"482-504","精度区分":null,"座標系":"任意座標系"}},{"type":"Polygon","arcs":[[1478,1479,-1477,-579]],"properties":{"市区町村名":"山越郡長万部町","大字名":null,"丁目名":null,"小字名":"字共立","地番":"482-505","精度区分":null,"座標系":"任意座標系"}},{"type":"Polygon","arcs":[[-159,1480,-1479,-578]],"properties":{"市区町村名":"山越郡長万部町","大字名":null,"丁目名":null,"小字名":"字共立","地番":"482-506","精度区分":null,"座標系":"任意座標系"}},{"type":"Polygon","arcs":[[-158,-584,1481,-1481]],"properties":{"市区町村名":"山越郡長万部町","大字名":null,"丁目名":null,"小字名":"字共立","地番":"482-507","精度区分":null,"座標系":"任意座標系"}},{"type":"Polygon","arcs":[[-1482,-583,1482,-1480]],"properties":{"市区町村名":"山越郡長万部町","大字名":null,"丁目名":null,"小字名":"字共立","地番":"482-508","精度区分":null,"座標系":"任意座標系"}},{"type":"Polygon","arcs":[[-1483,-582,1483,-1478]],"properties":{"市区町村名":"山越郡長万部町","大字名":null,"丁目名":null,"小字名":"字共立","地番":"482-509","精度区分":null,"座標系":"任意座標系"}},{"type":"Polygon","arcs":[[1484,-1476,-1484,-581]],"properties":{"市区町村名":"山越郡長万部町","大字名":null,"丁目名":null,"小字名":"字共立","地番":"482-510","精度区分":null,"座標系":"任意座標系"}},{"type":"Polygon","arcs":[[-592,1485,-1473,-1485]],"properties":{"市区町村名":"山越郡長万部町","大字名":null,"丁目名":null,"小字名":"字共立","地番":"482-511","精度区分":null,"座標系":"任意座標系"}},{"type":"Polygon","arcs":[[-1486,-591,-132,-1472]],"properties":{"市区町村名":"山越郡長万部町","大字名":null,"丁目名":null,"小字名":"字共立","地番":"482-512","精度区分":null,"座標系":"任意座標系"}},{"type":"Polygon","arcs":[[1486,1487,-134,-590]],"properties":{"市区町村名":"山越郡長万部町","大字名":null,"丁目名":null,"小字名":"字共立","地番":"482-513","精度区分":null,"座標系":"任意座標系"}},{"type":"Polygon","arcs":[[1488,1489,-1487,-589]],"properties":{"市区町村名":"山越郡長万部町","大字名":null,"丁目名":null,"小字名":"字共立","地番":"482-514","精度区分":null,"座標系":"任意座標系"}},{"type":"Polygon","arcs":[[1490,-1489,-588,1491]],"properties":{"市区町村名":"山越郡長万部町","大字名":null,"丁目名":null,"小字名":"字共立","地番":"482-515","精度区分":null,"座標系":"任意座標系"}},{"type":"Polygon","arcs":[[-1492,-587,1492,1493]],"properties":{"市区町村名":"山越郡長万部町","大字名":null,"丁目名":null,"小字名":"字共立","地番":"482-516","精度区分":null,"座標系":"任意座標系"}},{"type":"Polygon","arcs":[[-1493,-586,1494,1495]],"properties":{"市区町村名":"山越郡長万部町","大字名":null,"丁目名":null,"小字名":"字共立","地番":"482-517","精度区分":null,"座標系":"任意座標系"}},{"type":"Polygon","arcs":[[-156,1496,-1495,-585]],"properties":{"市区町村名":"山越郡長万部町","大字名":null,"丁目名":null,"小字名":"字共立","地番":"482-518","精度区分":null,"座標系":"任意座標系"}},{"type":"Polygon","arcs":[[1497,1498,-152]],"properties":{"市区町村名":"山越郡長万部町","大字名":null,"丁目名":null,"小字名":"字共立","地番":"482-519","精度区分":null,"座標系":"任意座標系"}},{"type":"Polygon","arcs":[[-151,1499,1500,-1498]],"properties":{"市区町村名":"山越郡長万部町","大字名":null,"丁目名":null,"小字名":"字共立","地番":"482-520","精度区分":null,"座標系":"任意座標系"}},{"type":"Polygon","arcs":[[-150,1501,1502,-1500]],"properties":{"市区町村名":"山越郡長万部町","大字名":null,"丁目名":null,"小字名":"字共立","地番":"482-521","精度区分":null,"座標系":"任意座標系"}},{"type":"Polygon","arcs":[[-149,1503,1504,-1502]],"properties":{"市区町村名":"山越郡長万部町","大字名":null,"丁目名":null,"小字名":"字共立","地番":"482-522","精度区分":null,"座標系":"任意座標系"}},{"type":"Polygon","arcs":[[-148,1505,1506,-1504]],"properties":{"市区町村名":"山越郡長万部町","大字名":null,"丁目名":null,"小字名":"字共立","地番":"482-523","精度区分":null,"座標系":"任意座標系"}},{"type":"Polygon","arcs":[[-147,-138,1507,-1506]],"properties":{"市区町村名":"山越郡長万部町","大字名":null,"丁目名":null,"小字名":"字共立","地番":"482-524","精度区分":null,"座標系":"任意座標系"}},{"type":"Polygon","arcs":[[-1508,-137,-602,1508]],"properties":{"市区町村名":"山越郡長万部町","大字名":null,"丁目名":null,"小字名":"字共立","地番":"482-525","精度区分":null,"座標系":"任意座標系"}},{"type":"Polygon","arcs":[[-1509,-601,1509,-1507]],"properties":{"市区町村名":"山越郡長万部町","大字名":null,"丁目名":null,"小字名":"字共立","地番":"482-526","精度区分":null,"座標系":"任意座標系"}},{"type":"Polygon","arcs":[[1510,-1505,-1510,-600]],"properties":{"市区町村名":"山越郡長万部町","大字名":null,"丁目名":null,"小字名":"字共立","地番":"482-527","精度区分":null,"座標系":"任意座標系"}},{"type":"Polygon","arcs":[[1511,-1503,-1511,-599]],"properties":{"市区町村名":"山越郡長万部町","大字名":null,"丁目名":null,"小字名":"字共立","地番":"482-528","精度区分":null,"座標系":"任意座標系"}},{"type":"Polygon","arcs":[[1512,-1501,-1512,-598]],"properties":{"市区町村名":"山越郡長万部町","大字名":null,"丁目名":null,"小字名":"字共立","地番":"482-529","精度区分":null,"座標系":"任意座標系"}},{"type":"Polygon","arcs":[[-153,-1499,-1513,-597]],"properties":{"市区町村名":"山越郡長万部町","大字名":null,"丁目名":null,"小字名":"字共立","地番":"482-530","精度区分":null,"座標系":"任意座標系"}},{"type":"Polygon","arcs":[[-155,-596,1513,-1497]],"properties":{"市区町村名":"山越郡長万部町","大字名":null,"丁目名":null,"小字名":"字共立","地番":"482-531","精度区分":null,"座標系":"任意座標系"}},{"type":"Polygon","arcs":[[1514,-1496,-1514,-595]],"properties":{"市区町村名":"山越郡長万部町","大字名":null,"丁目名":null,"小字名":"字共立","地番":"482-532","精度区分":null,"座標系":"任意座標系"}},{"type":"Polygon","arcs":[[1515,-1494,-1515,-594]],"properties":{"市区町村名":"山越郡長万部町","大字名":null,"丁目名":null,"小字名":"字共立","地番":"482-533","精度区分":null,"座標系":"任意座標系"}},{"type":"Polygon","arcs":[[-593,1516,-1491,-1516]],"properties":{"市区町村名":"山越郡長万部町","大字名":null,"丁目名":null,"小字名":"字共立","地番":"482-534","精度区分":null,"座標系":"任意座標系"}},{"type":"Polygon","arcs":[[-1517,-604,1517,-1490]],"properties":{"市区町村名":"山越郡長万部町","大字名":null,"丁目名":null,"小字名":"字共立","地番":"482-535","精度区分":null,"座標系":"任意座標系"}},{"type":"Polygon","arcs":[[-1518,-603,-135,-1488]],"properties":{"市区町村名":"山越郡長万部町","大字名":null,"丁目名":null,"小字名":"字共立","地番":"482-536","精度区分":null,"座標系":"任意座標系"}},{"type":"Polygon","arcs":[[-65,-1407,-1416,-1403]],"properties":{"市区町村名":"山越郡長万部町","大字名":null,"丁目名":null,"小字名":"字共立","地番":"482-537","精度区分":null,"座標系":"任意座標系"}},{"type":"Polygon","arcs":[[-528,-98,1518]],"properties":{"市区町村名":"山越郡長万部町","大字名":null,"丁目名":null,"小字名":"字共立","地番":"482-538","精度区分":null,"座標系":"任意座標系"}},{"type":"Polygon","arcs":[[-529,-1519,-97,1519]],"properties":{"市区町村名":"山越郡長万部町","大字名":null,"丁目名":null,"小字名":"字共立","地番":"482-539","精度区分":null,"座標系":"任意座標系"}},{"type":"Polygon","arcs":[[-517,-1520,-96,1520]],"properties":{"市区町村名":"山越郡長万部町","大字名":null,"丁目名":null,"小字名":"字共立","地番":"482-540","精度区分":null,"座標系":"任意座標系"}},{"type":"Polygon","arcs":[[-518,-1521,-95,1521]],"properties":{"市区町村名":"山越郡長万部町","大字名":null,"丁目名":null,"小字名":"字共立","地番":"482-541","精度区分":null,"座標系":"任意座標系"}},{"type":"Polygon","arcs":[[-519,-1522,-94,1522]],"properties":{"市区町村名":"山越郡長万部町","大字名":null,"丁目名":null,"小字名":"字共立","地番":"482-542","精度区分":null,"座標系":"任意座標系"}},{"type":"Polygon","arcs":[[-520,-1523,-93,1523]],"properties":{"市区町村名":"山越郡長万部町","大字名":null,"丁目名":null,"小字名":"字共立","地番":"482-543","精度区分":null,"座標系":"任意座標系"}},{"type":"Polygon","arcs":[[1524,1525,-522,1526]],"properties":{"市区町村名":"山越郡長万部町","大字名":null,"丁目名":null,"小字名":"字共立","地番":"482-544","精度区分":null,"座標系":"任意座標系"}},{"type":"Polygon","arcs":[[1527,1528,-523,-1526]],"properties":{"市区町村名":"山越郡長万部町","大字名":null,"丁目名":null,"小字名":"字共立","地番":"482-545","精度区分":null,"座標系":"任意座標系"}},{"type":"Polygon","arcs":[[1529,1530,-524,-1529]],"properties":{"市区町村名":"山越郡長万部町","大字名":null,"丁目名":null,"小字名":"字共立","地番":"482-546","精度区分":null,"座標系":"任意座標系"}},{"type":"Polygon","arcs":[[1531,1532,-525,-1531]],"properties":{"市区町村名":"山越郡長万部町","大字名":null,"丁目名":null,"小字名":"字共立","地番":"482-547","精度区分":null,"座標系":"任意座標系"}},{"type":"Polygon","arcs":[[1533,1534,-526,-1533]],"properties":{"市区町村名":"山越郡長万部町","大字名":null,"丁目名":null,"小字名":"字共立","地番":"482-548","精度区分":null,"座標系":"任意座標系"}},{"type":"Polygon","arcs":[[1535,-100,-527,-1535]],"properties":{"市区町村名":"山越郡長万部町","大字名":null,"丁目名":null,"小字名":"字共立","地番":"482-549","精度区分":null,"座標系":"任意座標系"}},{"type":"Polygon","arcs":[[-101,-1536,1536]],"properties":{"市区町村名":"山越郡長万部町","大字名":null,"丁目名":null,"小字名":"字共立","地番":"482-550","精度区分":null,"座標系":"任意座標系"}},{"type":"Polygon","arcs":[[-102,-1537,-1534,1537]],"properties":{"市区町村名":"山越郡長万部町","大字名":null,"丁目名":null,"小字名":"字共立","地番":"482-551","精度区分":null,"座標系":"任意座標系"}},{"type":"Polygon","arcs":[[-103,-1538,-1532,1538]],"properties":{"市区町村名":"山越郡長万部町","大字名":null,"丁目名":null,"小字名":"字共立","地番":"482-552","精度区分":null,"座標系":"任意座標系"}},{"type":"Polygon","arcs":[[-104,-1539,-1530,1539]],"properties":{"市区町村名":"山越郡長万部町","大字名":null,"丁目名":null,"小字名":"字共立","地番":"482-553","精度区分":null,"座標系":"任意座標系"}},{"type":"Polygon","arcs":[[-105,-1540,-1528,1540]],"properties":{"市区町村名":"山越郡長万部町","大字名":null,"丁目名":null,"小字名":"字共立","地番":"482-554","精度区分":null,"座標系":"任意座標系"}},{"type":"Polygon","arcs":[[-106,-1541,-1525,1541]],"properties":{"市区町村名":"山越郡長万部町","大字名":null,"丁目名":null,"小字名":"字共立","地番":"482-555","精度区分":null,"座標系":"任意座標系"}},{"type":"Polygon","arcs":[[-1542,1542,1543,-107]],"properties":{"市区町村名":"山越郡長万部町","大字名":null,"丁目名":null,"小字名":"字共立","地番":"482-556","精度区分":null,"座標系":"任意座標系"}},{"type":"Polygon","arcs":[[-108,-1544,1544,1545]],"properties":{"市区町村名":"山越郡長万部町","大字名":null,"丁目名":null,"小字名":"字共立","地番":"482-557","精度区分":null,"座標系":"任意座標系"}},{"type":"Polygon","arcs":[[-109,-1546,1546,1547]],"properties":{"市区町村名":"山越郡長万部町","大字名":null,"丁目名":null,"小字名":"字共立","地番":"482-558","精度区分":null,"座標系":"任意座標系"}},{"type":"Polygon","arcs":[[-110,-1548,1548,1549]],"properties":{"市区町村名":"山越郡長万部町","大字名":null,"丁目名":null,"小字名":"字共立","地番":"482-559","精度区分":null,"座標系":"任意座標系"}},{"type":"Polygon","arcs":[[-111,-1550,1550,1551]],"properties":{"市区町村名":"山越郡長万部町","大字名":null,"丁目名":null,"小字名":"字共立","地番":"482-560","精度区分":null,"座標系":"任意座標系"}},{"type":"Polygon","arcs":[[-112,-1552,1552,1553]],"properties":{"市区町村名":"山越郡長万部町","大字名":null,"丁目名":null,"小字名":"字共立","地番":"482-561","精度区分":null,"座標系":"任意座標系"}},{"type":"Polygon","arcs":[[-1553,1554,-536,1555]],"properties":{"市区町村名":"山越郡長万部町","大字名":null,"丁目名":null,"小字名":"字共立","地番":"482-562","精度区分":null,"座標系":"任意座標系"}},{"type":"Polygon","arcs":[[-1551,1556,-537,-1555]],"properties":{"市区町村名":"山越郡長万部町","大字名":null,"丁目名":null,"小字名":"字共立","地番":"482-563","精度区分":null,"座標系":"任意座標系"}},{"type":"Polygon","arcs":[[-1549,1557,-538,-1557]],"properties":{"市区町村名":"山越郡長万部町","大字名":null,"丁目名":null,"小字名":"字共立","地番":"482-564","精度区分":null,"座標系":"任意座標系"}},{"type":"Polygon","arcs":[[-1547,1558,-539,-1558]],"properties":{"市区町村名":"山越郡長万部町","大字名":null,"丁目名":null,"小字名":"字共立","地番":"482-565","精度区分":null,"座標系":"任意座標系"}},{"type":"Polygon","arcs":[[-1545,1559,-540,-1559]],"properties":{"市区町村名":"山越郡長万部町","大字名":null,"丁目名":null,"小字名":"字共立","地番":"482-566","精度区分":null,"座標系":"任意座標系"}},{"type":"Polygon","arcs":[[-1527,-541,-1560,-1543]],"properties":{"市区町村名":"山越郡長万部町","大字名":null,"丁目名":null,"小字名":"字共立","地番":"482-567","精度区分":null,"座標系":"任意座標系"}},{"type":"Polygon","arcs":[[-542,-1524,-92,1560]],"properties":{"市区町村名":"山越郡長万部町","大字名":null,"丁目名":null,"小字名":"字共立","地番":"482-568","精度区分":null,"座標系":"任意座標系"}},{"type":"Polygon","arcs":[[-543,-1561,-91,1561]],"properties":{"市区町村名":"山越郡長万部町","大字名":null,"丁目名":null,"小字名":"字共立","地番":"482-569","精度区分":null,"座標系":"任意座標系"}},{"type":"Polygon","arcs":[[-530,-1562,-90,1562]],"properties":{"市区町村名":"山越郡長万部町","大字名":null,"丁目名":null,"小字名":"字共立","地番":"482-570","精度区分":null,"座標系":"任意座標系"}},{"type":"Polygon","arcs":[[-531,-1563,-89,1563]],"properties":{"市区町村名":"山越郡長万部町","大字名":null,"丁目名":null,"小字名":"字共立","地番":"482-571","精度区分":null,"座標系":"任意座標系"}},{"type":"Polygon","arcs":[[-533,1564,-87,1565]],"properties":{"市区町村名":"山越郡長万部町","大字名":null,"丁目名":null,"小字名":"字共立","地番":"482-572","精度区分":null,"座標系":"任意座標系"}},{"type":"Polygon","arcs":[[-534,-1566,-86,1566]],"properties":{"市区町村名":"山越郡長万部町","大字名":null,"丁目名":null,"小字名":"字共立","地番":"482-573","精度区分":null,"座標系":"任意座標系"}},{"type":"Polygon","arcs":[[-113,-1554,1567,1568]],"properties":{"市区町村名":"山越郡長万部町","大字名":null,"丁目名":null,"小字名":"字共立","地番":"482-574","精度区分":null,"座標系":"任意座標系"}},{"type":"Polygon","arcs":[[-114,-1569,1569,1570]],"properties":{"市区町村名":"山越郡長万部町","大字名":null,"丁目名":null,"小字名":"字共立","地番":"482-575","精度区分":null,"座標系":"任意座標系"}},{"type":"Polygon","arcs":[[-115,-1571,1571,1572]],"properties":{"市区町村名":"山越郡長万部町","大字名":null,"丁目名":null,"小字名":"字共立","地番":"482-576","精度区分":null,"座標系":"任意座標系"}},{"type":"Polygon","arcs":[[-116,-1573,1573,1574]],"properties":{"市区町村名":"山越郡長万部町","大字名":null,"丁目名":null,"小字名":"字共立","地番":"482-577","精度区分":null,"座標系":"任意座標系"}},{"type":"Polygon","arcs":[[-117,-1575,1575,1576]],"properties":{"市区町村名":"山越郡長万部町","大字名":null,"丁目名":null,"小字名":"字共立","地番":"482-578","精度区分":null,"座標系":"任意座標系"}},{"type":"Polygon","arcs":[[-118,-1577,1577,1578]],"properties":{"市区町村名":"山越郡長万部町","大字名":null,"丁目名":null,"小字名":"字共立","地番":"482-579","精度区分":null,"座標系":"任意座標系"}},{"type":"Polygon","arcs":[[1579,-549,1580,-1578]],"properties":{"市区町村名":"山越郡長万部町","大字名":null,"丁目名":null,"小字名":"字共立","地番":"482-580","精度区分":null,"座標系":"任意座標系"}},{"type":"Polygon","arcs":[[-1576,1581,-550,-1580]],"properties":{"市区町村名":"山越郡長万部町","大字名":null,"丁目名":null,"小字名":"字共立","地番":"482-581","精度区分":null,"座標系":"任意座標系"}},{"type":"Polygon","arcs":[[-1574,1582,-551,-1582]],"properties":{"市区町村名":"山越郡長万部町","大字名":null,"丁目名":null,"小字名":"字共立","地番":"482-582","精度区分":null,"座標系":"任意座標系"}},{"type":"Polygon","arcs":[[-1572,1583,-552,-1583]],"properties":{"市区町村名":"山越郡長万部町","大字名":null,"丁目名":null,"小字名":"字共立","地番":"482-583","精度区分":null,"座標系":"任意座標系"}},{"type":"Polygon","arcs":[[-1570,1584,-553,-1584]],"properties":{"市区町村名":"山越郡長万部町","大字名":null,"丁目名":null,"小字名":"字共立","地番":"482-584","精度区分":null,"座標系":"任意座標系"}},{"type":"Polygon","arcs":[[-1568,-1556,-554,-1585]],"properties":{"市区町村名":"山越郡長万部町","大字名":null,"丁目名":null,"小字名":"字共立","地番":"482-585","精度区分":null,"座標系":"任意座標系"}},{"type":"Polygon","arcs":[[-555,-1567,-85,1585]],"properties":{"市区町村名":"山越郡長万部町","大字名":null,"丁目名":null,"小字名":"字共立","地番":"482-586","精度区分":null,"座標系":"任意座標系"}},{"type":"Polygon","arcs":[[-556,-1586,-84,1586]],"properties":{"市区町村名":"山越郡長万部町","大字名":null,"丁目名":null,"小字名":"字共立","地番":"482-587","精度区分":null,"座標系":"任意座標系"}},{"type":"Polygon","arcs":[[-544,-1587,-83,1587]],"properties":{"市区町村名":"山越郡長万部町","大字名":null,"丁目名":null,"小字名":"字共立","地番":"482-588","精度区分":null,"座標系":"任意座標系"}},{"type":"Polygon","arcs":[[-545,-1588,-82,1588]],"properties":{"市区町村名":"山越郡長万部町","大字名":null,"丁目名":null,"小字名":"字共立","地番":"482-589","精度区分":null,"座標系":"任意座標系"}},{"type":"Polygon","arcs":[[-546,-1589,-81,1589]],"properties":{"市区町村名":"山越郡長万部町","大字名":null,"丁目名":null,"小字名":"字共立","地番":"482-590","精度区分":null,"座標系":"任意座標系"}},{"type":"Polygon","arcs":[[-547,-1590,-80,1590]],"properties":{"市区町村名":"山越郡長万部町","大字名":null,"丁目名":null,"小字名":"字共立","地番":"482-591","精度区分":null,"座標系":"任意座標系"}},{"type":"Polygon","arcs":[[1591,1592,-125,1593]],"properties":{"市区町村名":"山越郡長万部町","大字名":null,"丁目名":null,"小字名":"字共立","地番":"482-592","精度区分":null,"座標系":"任意座標系"}},{"type":"Polygon","arcs":[[1594,-558,1595,1596,-1592]],"properties":{"市区町村名":"山越郡長万部町","大字名":null,"丁目名":null,"小字名":"字共立","地番":"482-593","精度区分":null,"座標系":"任意座標系"}},{"type":"Polygon","arcs":[[-1596,-557,1597,1598]],"properties":{"市区町村名":"山越郡長万部町","大字名":null,"丁目名":null,"小字名":"字共立","地番":"482-594","精度区分":null,"座標系":"任意座標系"}},{"type":"Polygon","arcs":[[-568,1599,1600,-1598]],"properties":{"市区町村名":"山越郡長万部町","大字名":null,"丁目名":null,"小字名":"字共立","地番":"482-595","精度区分":null,"座標系":"任意座標系"}},{"type":"Polygon","arcs":[[-1600,-567,1601,1602]],"properties":{"市区町村名":"山越郡長万部町","大字名":null,"丁目名":null,"小字名":"字共立","地番":"482-596","精度区分":null,"座標系":"任意座標系"}},{"type":"Polygon","arcs":[[-166,1603,-1602,-566]],"properties":{"市区町村名":"山越郡長万部町","大字名":null,"丁目名":null,"小字名":"字共立","地番":"482-597","精度区分":null,"座標系":"任意座標系"}},{"type":"Polygon","arcs":[[-168,-565,1604,1605]],"properties":{"市区町村名":"山越郡長万部町","大字名":null,"丁目名":null,"小字名":"字共立","地番":"482-598","精度区分":null,"座標系":"任意座標系"}},{"type":"Polygon","arcs":[[1606,1607,-1605,-564]],"properties":{"市区町村名":"山越郡長万部町","大字名":null,"丁目名":null,"小字名":"字共立","地番":"482-599","精度区分":null,"座標系":"任意座標系"}},{"type":"Polygon","arcs":[[1608,-1607,-563,1609]],"properties":{"市区町村名":"山越郡長万部町","大字名":null,"丁目名":null,"小字名":"字共立","地番":"482-600","精度区分":null,"座標系":"任意座標系"}},{"type":"Polygon","arcs":[[1610,1611,-1610,-562]],"properties":{"市区町村名":"山越郡長万部町","大字名":null,"丁目名":null,"小字名":"字共立","地番":"482-601","精度区分":null,"座標系":"任意座標系"}},{"type":"Polygon","arcs":[[1612,-1611,-561,1613]],"properties":{"市区町村名":"山越郡長万部町","大字名":null,"丁目名":null,"小字名":"字共立","地番":"482-602","精度区分":null,"座標系":"任意座標系"}},{"type":"Polygon","arcs":[[-1614,-560,-122,1614]],"properties":{"市区町村名":"山越郡長万部町","大字名":null,"丁目名":null,"小字名":"字共立","地番":"482-603","精度区分":null,"座標系":"任意座標系"}},{"type":"Polygon","arcs":[[1615,-1615,-121,1616]],"properties":{"市区町村名":"山越郡長万部町","大字名":null,"丁目名":null,"小字名":"字共立","地番":"482-604","精度区分":null,"座標系":"任意座標系"}},{"type":"Polygon","arcs":[[-1616,1617,1618,-1613]],"properties":{"市区町村名":"山越郡長万部町","大字名":null,"丁目名":null,"小字名":"字共立","地番":"482-605","精度区分":null,"座標系":"任意座標系"}},{"type":"Polygon","arcs":[[-1619,1619,1620,-1612]],"properties":{"市区町村名":"山越郡長万部町","大字名":null,"丁目名":null,"小字名":"字共立","地番":"482-606","精度区分":null,"座標系":"任意座標系"}},{"type":"Polygon","arcs":[[-1621,1621,1622,-1609]],"properties":{"市区町村名":"山越郡長万部町","大字名":null,"丁目名":null,"小字名":"字共立","地番":"482-607","精度区分":null,"座標系":"任意座標系"}},{"type":"Polygon","arcs":[[-1623,1623,1624,-1608]],"properties":{"市区町村名":"山越郡長万部町","大字名":null,"丁目名":null,"小字名":"字共立","地番":"482-608","精度区分":null,"座標系":"任意座標系"}},{"type":"Polygon","arcs":[[-169,-1606,-1625,1625]],"properties":{"市区町村名":"山越郡長万部町","大字名":null,"丁目名":null,"小字名":"字共立","地番":"482-609","精度区分":null,"座標系":"任意座標系"}},{"type":"Polygon","arcs":[[-1626,-1624,-1622,-1620,-1618,-1617,-120,1626,-170]],"properties":{"市区町村名":"山越郡長万部町","大字名":null,"丁目名":null,"小字名":"字共立","地番":"482-610","精度区分":null,"座標系":"任意座標系"}},{"type":"Polygon","arcs":[[1627,-572,-129,1628]],"properties":{"市区町村名":"山越郡長万部町","大字名":null,"丁目名":null,"小字名":"字共立","地番":"482-611","精度区分":null,"座標系":"任意座標系"}},{"type":"Polygon","arcs":[[-573,-1628,1629,1630]],"properties":{"市区町村名":"山越郡長万部町","大字名":null,"丁目名":null,"小字名":"字共立","地番":"482-612","精度区分":null,"座標系":"任意座標系"}},{"type":"Polygon","arcs":[[-574,-1631,1631,1632]],"properties":{"市区町村名":"山越郡長万部町","大字名":null,"丁目名":null,"小字名":"字共立","地番":"482-613","精度区分":null,"座標系":"任意座標系"}},{"type":"Polygon","arcs":[[-575,-1633,1633,1634]],"properties":{"市区町村名":"山越郡長万部町","大字名":null,"丁目名":null,"小字名":"字共立","地番":"482-614","精度区分":null,"座標系":"任意座標系"}},{"type":"Polygon","arcs":[[1635,-576,-1635,1636]],"properties":{"市区町村名":"山越郡長万部町","大字名":null,"丁目名":null,"小字名":"字共立","地番":"482-615","精度区分":null,"座標系":"任意座標系"}},{"type":"Polygon","arcs":[[-161,-577,-1636,1637]],"properties":{"市区町村名":"山越郡長万部町","大字名":null,"丁目名":null,"小字名":"字共立","地番":"482-616","精度区分":null,"座標系":"任意座標系"}},{"type":"Polygon","arcs":[[-162,-1638,1638,1639]],"properties":{"市区町村名":"山越郡長万部町","大字名":null,"丁目名":null,"小字名":"字共立","地番":"482-617","精度区分":null,"座標系":"任意座標系"}},{"type":"Polygon","arcs":[[1640,-1639,-1637,1641,1642]],"properties":{"市区町村名":"山越郡長万部町","大字名":null,"丁目名":null,"小字名":"字共立","地番":"482-618","精度区分":null,"座標系":"任意座標系"}},{"type":"Polygon","arcs":[[-1634,1643,1644,-1642]],"properties":{"市区町村名":"山越郡長万部町","大字名":null,"丁目名":null,"小字名":"字共立","地番":"482-619","精度区分":null,"座標系":"任意座標系"}},{"type":"Polygon","arcs":[[-1644,-1632,1645,1646]],"properties":{"市区町村名":"山越郡長万部町","大字名":null,"丁目名":null,"小字名":"字共立","地番":"482-620","精度区分":null,"座標系":"任意座標系"}},{"type":"Polygon","arcs":[[-1630,1647,1648,-1646]],"properties":{"市区町村名":"山越郡長万部町","大字名":null,"丁目名":null,"小字名":"字共立","地番":"482-621","精度区分":null,"座標系":"任意座標系"}},{"type":"Polygon","arcs":[[-1648,-1629,-128,1649]],"properties":{"市区町村名":"山越郡長万部町","大字名":null,"丁目名":null,"小字名":"字共立","地番":"482-622","精度区分":null,"座標系":"任意座標系"}},{"type":"Polygon","arcs":[[1650,1651,1652,1653,-164,1654,-1643,-1645,-1647,-1649,-1650,-127,1655,1656]],"properties":{"市区町村名":"山越郡長万部町","大字名":null,"丁目名":null,"小字名":"字共立","地番":"482-623","精度区分":null,"座標系":"任意座標系"}},{"type":"Polygon","arcs":[[1657,-1656,-126,-1593]],"properties":{"市区町村名":"山越郡長万部町","大字名":null,"丁目名":null,"小字名":"字共立","地番":"482-624","精度区分":null,"座標系":"任意座標系"}},{"type":"Polygon","arcs":[[-1658,-1597,1658,-1657]],"properties":{"市区町村名":"山越郡長万部町","大字名":null,"丁目名":null,"小字名":"字共立","地番":"482-625","精度区分":null,"座標系":"任意座標系"}},{"type":"Polygon","arcs":[[-1659,-1599,1659,-1651]],"properties":{"市区町村名":"山越郡長万部町","大字名":null,"丁目名":null,"小字名":"字共立","地番":"482-626","精度区分":null,"座標系":"任意座標系"}},{"type":"Polygon","arcs":[[-1660,-1601,1660,-1652]],"properties":{"市区町村名":"山越郡長万部町","大字名":null,"丁目名":null,"小字名":"字共立","地番":"482-627","精度区分":null,"座標系":"任意座標系"}},{"type":"Polygon","arcs":[[-1661,-1603,1661,-1653]],"properties":{"市区町村名":"山越郡長万部町","大字名":null,"丁目名":null,"小字名":"字共立","地番":"482-628","精度区分":null,"座標系":"任意座標系"}},{"type":"Polygon","arcs":[[-165,-1654,-1662,-1604]],"properties":{"市区町村名":"山越郡長万部町","大字名":null,"丁目名":null,"小字名":"字共立","地番":"482-629","精度区分":null,"座標系":"任意座標系"}},{"type":"Polygon","arcs":[[-374,-1288,-1280,-1285]],"properties":{"市区町村名":"山越郡長万部町","大字名":null,"丁目名":null,"小字名":"字共立","地番":"482-630","精度区分":null,"座標系":"任意座標系"}},{"type":"Polygon","arcs":[[-418,-1400,-1293,-1398]],"properties":{"市区町村名":"山越郡長万部町","大字名":null,"丁目名":null,"小字名":"字共立","地番":"482-631","精度区分":null,"座標系":"任意座標系"}},{"type":"Polygon","arcs":[[-910,-906,-647,-925]],"properties":{"市区町村名":"山越郡長万部町","大字名":null,"丁目名":null,"小字名":"字共立","地番":"482-632","精度区分":null,"座標系":"任意座標系"}},{"type":"Polygon","arcs":[[-163,-1640,-1641,-1655]],"properties":{"市区町村名":"山越郡長万部町","大字名":null,"丁目名":null,"小字名":"字共立","地番":"482-633","精度区分":null,"座標系":"任意座標系"}},{"type":"Polygon","arcs":[[1662,1663,1664,1665,1666,1667,1668,1669,1670,1671,1672,1673,1674,1675,1676,1677,1678,1679,1680,1681,1682,1683,1684,1685,1686,1687,1688,1689,1690,1691,1692,1693,1694,1695,1696,1697,1698,1699,1700,1701,1702,1703,1704,1705,1706]],"properties":{"市区町村名":"山越郡長万部町","大字名":null,"丁目名":null,"小字名":"字共立","地番":"482-634","精度区分":null,"座標系":"任意座標系"}},{"type":"Polygon","arcs":[[1707,1708,-1693,1709]],"properties":{"市区町村名":"山越郡長万部町","大字名":null,"丁目名":null,"小字名":"字共立","地番":"482-635","精度区分":null,"座標系":"任意座標系"}},{"type":"Polygon","arcs":[[1710,1711,-1689,1712]],"properties":{"市区町村名":"山越郡長万部町","大字名":null,"丁目名":null,"小字名":"字共立","地番":"482-636","精度区分":null,"座標系":"任意座標系"}},{"type":"Polygon","arcs":[[1713,-1713,-1688,1714]],"properties":{"市区町村名":"山越郡長万部町","大字名":null,"丁目名":null,"小字名":"字共立","地番":"482-637","精度区分":null,"座標系":"任意座標系"}},{"type":"Polygon","arcs":[[1715,-1715,-1687,1716]],"properties":{"市区町村名":"山越郡長万部町","大字名":null,"丁目名":null,"小字名":"字共立","地番":"482-638","精度区分":null,"座標系":"任意座標系"}},{"type":"Polygon","arcs":[[1717,-1717,-1686,1718]],"properties":{"市区町村名":"山越郡長万部町","大字名":null,"丁目名":null,"小字名":"字共立","地番":"482-639","精度区分":null,"座標系":"任意座標系"}},{"type":"Polygon","arcs":[[1719,-1719,-1685,1720]],"properties":{"市区町村名":"山越郡長万部町","大字名":null,"丁目名":null,"小字名":"字共立","地番":"482-640","精度区分":null,"座標系":"任意座標系"}},{"type":"Polygon","arcs":[[1721,-1721,-1684,1722]],"properties":{"市区町村名":"山越郡長万部町","大字名":null,"丁目名":null,"小字名":"字共立","地番":"482-641","精度区分":null,"座標系":"任意座標系"}},{"type":"Polygon","arcs":[[1723,1724,-1682,1725]],"properties":{"市区町村名":"山越郡長万部町","大字名":null,"丁目名":null,"小字名":"字共立","地番":"482-642","精度区分":null,"座標系":"任意座標系"}},{"type":"Polygon","arcs":[[1726,-1726,-1681,1727]],"properties":{"市区町村名":"山越郡長万部町","大字名":null,"丁目名":null,"小字名":"字共立","地番":"482-643","精度区分":null,"座標系":"任意座標系"}},{"type":"Polygon","arcs":[[1728,1729,-1679,1730]],"properties":{"市区町村名":"山越郡長万部町","大字名":null,"丁目名":null,"小字名":"字共立","地番":"482-644","精度区分":null,"座標系":"任意座標系"}},{"type":"Polygon","arcs":[[1731,1732,-1677,1733]],"properties":{"市区町村名":"山越郡長万部町","大字名":null,"丁目名":null,"小字名":"字共立","地番":"482-645","精度区分":null,"座標系":"任意座標系"}},{"type":"Polygon","arcs":[[1734,1735,-1675,1736]],"properties":{"市区町村名":"山越郡長万部町","大字名":null,"丁目名":null,"小字名":"字共立","地番":"482-646","精度区分":null,"座標系":"任意座標系"}},{"type":"Polygon","arcs":[[-1673,1737,1738,1739]],"properties":{"市区町村名":"山越郡長万部町","大字名":null,"丁目名":null,"小字名":"字共立","地番":"482-647","精度区分":null,"座標系":"任意座標系"}},{"type":"Polygon","arcs":[[-1672,1740,1741,-1738]],"properties":{"市区町村名":"山越郡長万部町","大字名":null,"丁目名":null,"小字名":"字共立","地番":"482-648","精度区分":null,"座標系":"任意座標系"}},{"type":"Polygon","arcs":[[-1671,1742,1743,-1741]],"properties":{"市区町村名":"山越郡長万部町","大字名":null,"丁目名":null,"小字名":"字共立","地番":"482-649","精度区分":null,"座標系":"任意座標系"}},{"type":"Polygon","arcs":[[-1670,1744,-1743]],"properties":{"市区町村名":"山越郡長万部町","大字名":null,"丁目名":null,"小字名":"字共立","地番":"482-650","精度区分":null,"座標系":"任意座標系"}},{"type":"Polygon","arcs":[[1745,1746,-1700]],"properties":{"市区町村名":"山越郡長万部町","大字名":null,"丁目名":null,"小字名":"字共立","地番":"482-651","精度区分":null,"座標系":"任意座標系"}},{"type":"Polygon","arcs":[[-1699,1747,1748,-1746]],"properties":{"市区町村名":"山越郡長万部町","大字名":null,"丁目名":null,"小字名":"字共立","地番":"482-652","精度区分":null,"座標系":"任意座標系"}},{"type":"Polygon","arcs":[[-1697,1749,1750,1751]],"properties":{"市区町村名":"山越郡長万部町","大字名":null,"丁目名":null,"小字名":"字共立","地番":"482-653","精度区分":null,"座標系":"任意座標系"}},{"type":"Polygon","arcs":[[-1696,1752,1753,-1750]],"properties":{"市区町村名":"山越郡長万部町","大字名":null,"丁目名":null,"小字名":"字共立","地番":"482-654","精度区分":null,"座標系":"任意座標系"}},{"type":"Polygon","arcs":[[-1695,1754,1755,-1753]],"properties":{"市区町村名":"山越郡長万部町","大字名":null,"丁目名":null,"小字名":"字共立","地番":"482-655","精度区分":null,"座標系":"任意座標系"}},{"type":"Polygon","arcs":[[-1754,-1756,1756,-1704,1757]],"properties":{"市区町村名":"山越郡長万部町","大字名":null,"丁目名":null,"小字名":"字共立","地番":"482-656","精度区分":null,"座標系":"任意座標系"}},{"type":"Polygon","arcs":[[1758,-1751,-1758,-1703]],"properties":{"市区町村名":"山越郡長万部町","大字名":null,"丁目名":null,"小字名":"字共立","地番":"482-657","精度区分":null,"座標系":"任意座標系"}},{"type":"Polygon","arcs":[[-1702,1759,-1749,1760,-1759]],"properties":{"市区町村名":"山越郡長万部町","大字名":null,"丁目名":null,"小字名":"字共立","地番":"482-658","精度区分":null,"座標系":"任意座標系"}},{"type":"Polygon","arcs":[[-1747,-1760,-1701]],"properties":{"市区町村名":"山越郡長万部町","大字名":null,"丁目名":null,"小字名":"字共立","地番":"482-659","精度区分":null,"座標系":"任意座標系"}},{"type":"Polygon","arcs":[[1761,-1745,-1669]],"properties":{"市区町村名":"山越郡長万部町","大字名":null,"丁目名":null,"小字名":"字共立","地番":"482-660","精度区分":null,"座標系":"任意座標系"}},{"type":"Polygon","arcs":[[1762,-1744,-1762,-1668]],"properties":{"市区町村名":"山越郡長万部町","大字名":null,"丁目名":null,"小字名":"字共立","地番":"482-661","精度区分":null,"座標系":"任意座標系"}},{"type":"Polygon","arcs":[[-1667,1763,-1739,-1742,-1763]],"properties":{"市区町村名":"山越郡長万部町","大字名":null,"丁目名":null,"小字名":"字共立","地番":"482-662","精度区分":null,"座標系":"任意座標系"}},{"type":"Polygon","arcs":[[1764,-1665]],"properties":{"市区町村名":"山越郡長万部町","大字名":null,"丁目名":null,"小字名":"字共立","地番":"482-663","精度区分":null,"座標系":"任意座標系"}},{"type":"Polygon","arcs":[[1765,1766,-1663]],"properties":{"市区町村名":"山越郡長万部町","大字名":null,"丁目名":null,"小字名":"字共立","地番":"482-664","精度区分":null,"座標系":"任意座標系"}},{"type":"Polygon","arcs":[[1767,1768,-1706]],"properties":{"市区町村名":"山越郡長万部町","大字名":null,"丁目名":null,"小字名":"字共立","地番":"482-665","精度区分":null,"座標系":"任意座標系"}},{"type":"Polygon","arcs":[[1769,-1723,-1683,-1725]],"properties":{"市区町村名":"山越郡長万部町","大字名":null,"丁目名":null,"小字名":"字共立","地番":"482-666","精度区分":null,"座標系":"任意座標系"}},{"type":"Polygon","arcs":[[-1680,-1730,1770,-1728]],"properties":{"市区町村名":"山越郡長万部町","大字名":null,"丁目名":null,"小字名":"字共立","地番":"482-667","精度区分":null,"座標系":"任意座標系"}},{"type":"Polygon","arcs":[[1771,-1734,-1676,-1736]],"properties":{"市区町村名":"山越郡長万部町","大字名":null,"丁目名":null,"小字名":"字共立","地番":"482-668","精度区分":null,"座標系":"任意座標系"}},{"type":"Polygon","arcs":[[-1698,-1752,-1761,-1748]],"properties":{"市区町村名":"山越郡長万部町","大字名":null,"丁目名":null,"小字名":"字共立","地番":"482-669","精度区分":null,"座標系":"任意座標系"}},{"type":"Polygon","arcs":[[-1766,-1707,-1769,1772]],"properties":{"市区町村名":"山越郡長万部町","大字名":null,"丁目名":null,"小字名":"字共立","地番":"482-670","精度区分":null,"座標系":"任意座標系"}},{"type":"Polygon","arcs":[[1773,-1731,-1678,-1733]],"properties":{"市区町村名":"山越郡長万部町","大字名":null,"丁目名":null,"小字名":"字共立","地番":"482-671","精度区分":null,"座標系":"任意座標系"}},{"type":"Polygon","arcs":[[-1595,-1594,-124,-559]],"properties":{"市区町村名":"山越郡長万部町","大字名":null,"丁目名":null,"小字名":"字共立","地番":"482-672","精度区分":null,"座標系":"任意座標系"}},{"type":"Polygon","arcs":[[-532,-1564,-88,-1565]],"properties":{"市区町村名":"山越郡長万部町","大字名":null,"丁目名":null,"小字名":"字共立","地番":"482-673","精度区分":null,"座標系":"任意座標系"}},{"type":"Polygon","arcs":[[1774,1775,-1690,-1712]],"properties":{"市区町村名":"山越郡長万部町","大字名":null,"丁目名":null,"小字名":"字共立","地番":"482-674","精度区分":null,"座標系":"任意座標系"}},{"type":"Polygon","arcs":[[1776,1777,-1691,-1776]],"properties":{"市区町村名":"山越郡長万部町","大字名":null,"丁目名":null,"小字名":"字共立","地番":"482-675","精度区分":null,"座標系":"任意座標系"}},{"type":"Polygon","arcs":[[1778,-1710,-1692,-1778]],"properties":{"市区町村名":"山越郡長万部町","大字名":null,"丁目名":null,"小字名":"字共立","地番":"482-676","精度区分":null,"座標系":"任意座標系"}},{"type":"Polygon","arcs":[[1779,1780]],"properties":{"市区町村名":"山越郡長万部町","大字名":null,"丁目名":null,"小字名":"字共立","地番":"482-677","精度区分":null,"座標系":"任意座標系"}},{"type":"Polygon","arcs":[[-762,1781,1782,-174,-760]],"properties":{"市区町村名":"山越郡長万部町","大字名":null,"丁目名":null,"小字名":"字共立","地番":"482-686","精度区分":null,"座標系":"任意座標系"}},{"type":"Polygon","arcs":[[1783,1784,1785,-175,-1783]],"properties":{"市区町村名":"山越郡長万部町","大字名":null,"丁目名":null,"小字名":"字共立","地番":"482-689","精度区分":null,"座標系":"任意座標系"}},{"type":"Polygon","arcs":[[1786,1787]],"properties":{"市区町村名":"山越郡長万部町","大字名":null,"丁目名":null,"小字名":"字共立","地番":"482-691","精度区分":null,"座標系":"任意座標系"}},{"type":"Polygon","arcs":[[1788,1789,-1787,1790]],"properties":{"市区町村名":"山越郡長万部町","大字名":null,"丁目名":null,"小字名":"字共立","地番":"482-692","精度区分":null,"座標系":"任意座標系"}},{"type":"Polygon","arcs":[[1791,1792]],"properties":{"市区町村名":"山越郡長万部町","大字名":null,"丁目名":null,"小字名":"字共立","地番":"482-693","精度区分":null,"座標系":"任意座標系"}},{"type":"Polygon","arcs":[[1793,1794,1795,-1792]],"properties":{"市区町村名":"山越郡長万部町","大字名":null,"丁目名":null,"小字名":"字共立","地番":"482-694","精度区分":null,"座標系":"任意座標系"}},{"type":"Polygon","arcs":[[1796,1797]],"properties":{"市区町村名":"山越郡長万部町","大字名":null,"丁目名":null,"小字名":"字共立","地番":"482-696","精度区分":null,"座標系":"任意座標系"}},{"type":"Polygon","arcs":[[1798,1799]],"properties":{"市区町村名":"山越郡長万部町","大字名":null,"丁目名":null,"小字名":"字共立","地番":"482-698","精度区分":null,"座標系":"任意座標系"}},{"type":"Polygon","arcs":[[1800,-179,-764,1801]],"properties":{"市区町村名":"山越郡長万部町","大字名":null,"丁目名":null,"小字名":"字共立","地番":"筆界未定地-1","精度区分":null,"座標系":"任意座標系"}},{"type":"Polygon","arcs":[[1802,-1339,-1336,-1333,-1321,-1318,-1315,-1303,-1299,-1296,-1282,-1278,-1275,-1263,-1260,-1257,-1245,-1242,-1239,-52,-1144,-1142,-1139,-1136,-1149,-346,-1146,-1234,-1232,-1222,-1220,-1210,-1208,-1196,-1194,-1184,-28,-1019,-1021,-1024,-1027,-1030,-1032,-973,-971,-279,-961,-959,-944,1803]],"properties":{"市区町村名":"山越郡長万部町","大字名":null,"丁目名":null,"小字名":"字共立","地番":"道-9","精度区分":null,"座標系":"任意座標系"}},{"type":"Polygon","arcs":[[1804,1805]],"properties":{"市区町村名":"山越郡長万部町","大字名":null,"丁目名":null,"小字名":"字共立","地番":"道-10","精度区分":null,"座標系":"任意座標系"}},{"type":"Polygon","arcs":[[1806,1807,1808]],"properties":{"市区町村名":"山越郡長万部町","大字名":null,"丁目名":null,"小字名":"字共立","地番":"道-11","精度区分":null,"座標系":"任意座標系"}},{"type":"Polygon","arcs":[[1809,1810]],"properties":{"市区町村名":"山越郡長万部町","大字名":null,"丁目名":null,"小字名":"字共立","地番":"道-12","精度区分":null,"座標系":"任意座標系"}},{"type":"Polygon","arcs":[[1811,1812]],"properties":{"市区町村名":"山越郡長万部町","大字名":null,"丁目名":null,"小字名":"字共立","地番":"道-13","精度区分":null,"座標系":"任意座標系"}},{"type":"Polygon","arcs":[[1813,1814,1815]],"properties":{"市区町村名":"山越郡長万部町","大字名":null,"丁目名":null,"小字名":"字共立","地番":"道-14","精度区分":null,"座標系":"任意座標系"}},{"type":"Polygon","arcs":[[1816,1817]],"properties":{"市区町村名":"山越郡長万部町","大字名":null,"丁目名":null,"小字名":"字静狩","地番":"359","精度区分":null,"座標系":"任意座標系"}},{"type":"Polygon","arcs":[[1818,1819,1820,1821]],"properties":{"市区町村名":"山越郡長万部町","大字名":null,"丁目名":null,"小字名":"字静狩","地番":"471-45","精度区分":null,"座標系":"任意座標系"}},{"type":"Polygon","arcs":[[1822,1823,1824,1825,1826,1827,1828,1829,1830,-1819,1831]],"properties":{"市区町村名":"山越郡長万部町","大字名":null,"丁目名":null,"小字名":"字静狩","地番":"471-46","精度区分":null,"座標系":"任意座標系"}},{"type":"Polygon","arcs":[[1832,1833,1834,-1828,1835]],"properties":{"市区町村名":"山越郡長万部町","大字名":null,"丁目名":null,"小字名":"字静狩","地番":"471-47","精度区分":null,"座標系":"任意座標系"}},{"type":"Polygon","arcs":[[1836,-1824,1837,-1832,-1822,1838,1839]],"properties":{"市区町村名":"山越郡長万部町","大字名":null,"丁目名":null,"小字名":"字静狩","地番":"473-1","精度区分":null,"座標系":"任意座標系"}},{"type":"Polygon","arcs":[[1840,1841,-1825,-1837]],"properties":{"市区町村名":"山越郡長万部町","大字名":null,"丁目名":null,"小字名":"字静狩","地番":"473-2","精度区分":null,"座標系":"任意座標系"}},{"type":"Polygon","arcs":[[1842,1843,1844,1845,-1833,1846,-1826,-1842]],"properties":{"市区町村名":"山越郡長万部町","大字名":null,"丁目名":null,"小字名":"字静狩","地番":"473-3","精度区分":null,"座標系":"任意座標系"}},{"type":"Polygon","arcs":[[-1845,1847,-1817]],"properties":{"市区町村名":"山越郡長万部町","大字名":null,"丁目名":null,"小字名":"字静狩","地番":"道-15","精度区分":null,"座標系":"任意座標系"}},{"type":"Polygon","arcs":[[1848,1849,-1802,-790]],"properties":{"市区町村名":"山越郡長万部町","大字名":null,"丁目名":null,"小字名":"字共立","地番":"482-75","精度区分":null,"座標系":"任意座標系"}},{"type":"Polygon","arcs":[[1850,1851,1852,1853,1854,-1850]],"properties":{"市区町村名":"山越郡長万部町","大字名":null,"丁目名":null,"小字名":"字共立","地番":"130-1","精度区分":null,"座標系":"任意座標系"}},{"type":"Polygon","arcs":[[1855,-1852]],"properties":{"市区町村名":"山越郡長万部町","大字名":null,"丁目名":null,"小字名":"字共立","地番":"130-3","精度区分":null,"座標系":"任意座標系"}},{"type":"Polygon","arcs":[[-1854,1856]],"properties":{"市区町村名":"山越郡長万部町","大字名":null,"丁目名":null,"小字名":"字共立","地番":"130-2","精度区分":null,"座標系":"任意座標系"}},{"type":"Polygon","arcs":[[1857,1858]],"properties":{"市区町村名":"山越郡長万部町","大字名":null,"丁目名":null,"小字名":"字共立","地番":"482-734","精度区分":null,"座標系":"任意座標系"}},{"type":"Polygon","arcs":[[1859,1860]],"properties":{"市区町村名":"山越郡長万部町","大字名":null,"丁目名":null,"小字名":"字共立","地番":"482-718","精度区分":null,"座標系":"任意座標系"}},{"type":"Polygon","arcs":[[1861,1862]],"properties":{"市区町村名":"山越郡長万部町","大字名":null,"丁目名":null,"小字名":"字共立","地番":"482-730","精度区分":null,"座標系":"任意座標系"}},{"type":"Polygon","arcs":[[1863,1864]],"properties":{"市区町村名":"山越郡長万部町","大字名":null,"丁目名":null,"小字名":"字共立","地番":"482-729","精度区分":null,"座標系":"任意座標系"}},{"type":"Polygon","arcs":[[1865,1866]],"properties":{"市区町村名":"山越郡長万部町","大字名":null,"丁目名":null,"小字名":"字共立","地番":"482-732","精度区分":null,"座標系":"任意座標系"}},{"type":"Polygon","arcs":[[1867,1868]],"properties":{"市区町村名":"山越郡長万部町","大字名":null,"丁目名":null,"小字名":"字共立","地番":"482-717","精度区分":null,"座標系":"任意座標系"}},{"type":"Polygon","arcs":[[1869,1870]],"properties":{"市区町村名":"山越郡長万部町","大字名":null,"丁目名":null,"小字名":"字共立","地番":"482-733","精度区分":null,"座標系":"任意座標系"}},{"type":"Polygon","arcs":[[1871,1872]],"properties":{"市区町村名":"山越郡長万部町","大字名":null,"丁目名":null,"小字名":"字共立","地番":"482-728","精度区分":null,"座標系":"任意座標系"}},{"type":"Polygon","arcs":[[-1820,-1831,1873,-1871,1874,-1868,1875,-1866,1876,1877,1878,-1865,1879,1880,1881,-1791,-1788,-1790,1882,1883,1884,-1814,1885]],"properties":{"市区町村名":"山越郡長万部町","大字名":null,"丁目名":null,"小字名":"字共立","地番":"482-1","精度区分":null,"座標系":"任意座標系"}},{"type":"Polygon","arcs":[[1886,1887]],"properties":{"市区町村名":"山越郡長万部町","大字名":null,"丁目名":null,"小字名":"字共立","地番":"482-726","精度区分":null,"座標系":"任意座標系"}},{"type":"Polygon","arcs":[[1888,1889]],"properties":{"市区町村名":"山越郡長万部町","大字名":null,"丁目名":null,"小字名":"字共立","地番":"482-724","精度区分":null,"座標系":"任意座標系"}},{"type":"Polygon","arcs":[[-1881,1890]],"properties":{"市区町村名":"山越郡長万部町","大字名":null,"丁目名":null,"小字名":"字共立","地番":"482-727","精度区分":null,"座標系":"任意座標系"}},{"type":"Polygon","arcs":[[1891,-1884]],"properties":{"市区町村名":"山越郡長万部町","大字名":null,"丁目名":null,"小字名":"字共立","地番":"482-725","精度区分":null,"座標系":"任意座標系"}},{"type":"Polygon","arcs":[[1892,1893,1894,1895]],"properties":{"市区町村名":"山越郡長万部町","大字名":null,"丁目名":null,"小字名":"字共立","地番":"482-723","精度区分":null,"座標系":"任意座標系"}},{"type":"Polygon","arcs":[[1896,1897]],"properties":{"市区町村名":"山越郡長万部町","大字名":null,"丁目名":null,"小字名":"字共立","地番":"482-719","精度区分":null,"座標系":"任意座標系"}},{"type":"Polygon","arcs":[[1898,1899,1900]],"properties":{"市区町村名":"山越郡長万部町","大字名":null,"丁目名":null,"小字名":"字共立","地番":"482-722","精度区分":null,"座標系":"任意座標系"}},{"type":"Polygon","arcs":[[1901,1902]],"properties":{"市区町村名":"山越郡長万部町","大字名":null,"丁目名":null,"小字名":"字共立","地番":"482-721","精度区分":null,"座標系":"任意座標系"}},{"type":"Polygon","arcs":[[1903,1904]],"properties":{"市区町村名":"山越郡長万部町","大字名":null,"丁目名":null,"小字名":"字共立","地番":"482-720","精度区分":null,"座標系":"任意座標系"}},{"type":"Polygon","arcs":[[-1878,1905]],"properties":{"市区町村名":"山越郡長万部町","大字名":null,"丁目名":null,"小字名":"字共立","地番":"482-731","精度区分":null,"座標系":"任意座標系"}},{"type":"Polygon","arcs":[[1906,1907,1908]],"properties":{"市区町村名":"山越郡長万部町","大字名":null,"丁目名":null,"小字名":"字共立","地番":"482-715","精度区分":null,"座標系":"任意座標系"}},{"type":"Polygon","arcs":[[-1815,1909,-1908,-1808,1910,-1805,1911]],"properties":{"市区町村名":"山越郡長万部町","大字名":null,"丁目名":null,"小字名":"字共立","地番":"482-695","精度区分":null,"座標系":"任意座標系"}},{"type":"Polygon","arcs":[[1912,1913]],"properties":{"市区町村名":"山越郡長万部町","大字名":null,"丁目名":null,"小字名":"字共立","地番":"482-716","精度区分":null,"座標系":"任意座標系"}},{"type":"Polygon","arcs":[[1914,1915,1916]],"properties":{"市区町村名":"山越郡長万部町","大字名":null,"丁目名":null,"小字名":"字共立","地番":"482-701","精度区分":null,"座標系":"任意座標系"}},{"type":"Polygon","arcs":[[-1914,-1916,1917]],"properties":{"市区町村名":"山越郡長万部町","大字名":null,"丁目名":null,"小字名":"字共立","地番":"482-738","精度区分":null,"座標系":"任意座標系"}},{"type":"Polygon","arcs":[[1918,1919,1920]],"properties":{"市区町村名":"山越郡長万部町","大字名":null,"丁目名":null,"小字名":"字共立","地番":"482-697","精度区分":null,"座標系":"任意座標系"}},{"type":"Polygon","arcs":[[-1920,-1901,1921]],"properties":{"市区町村名":"山越郡長万部町","大字名":null,"丁目名":null,"小字名":"字共立","地番":"482-735","精度区分":null,"座標系":"任意座標系"}},{"type":"Polygon","arcs":[[-1627,-119,-1579,-1581,-548,-1591,-79,-1353,-1364,-407,-1371,-1349,-400,-1342,-1340,-1803,1922,-1812,1923,-1810,1924,-1809,-1907,-1799,1925,-1921,-1922,-1900,1926,-1797,1927,1928,-758,-171]],"properties":{"市区町村名":"山越郡長万部町","大字名":null,"丁目名":null,"小字名":"字共立","地番":"482-680","精度区分":null,"座標系":"任意座標系"}},{"type":"Polygon","arcs":[[1929,1930,1931]],"properties":{"市区町村名":"山越郡長万部町","大字名":null,"丁目名":null,"小字名":"字共立","地番":"482-700","精度区分":null,"座標系":"任意座標系"}},{"type":"Polygon","arcs":[[-1896,-1930,1932]],"properties":{"市区町村名":"山越郡長万部町","大字名":null,"丁目名":null,"小字名":"字共立","地番":"482-712","精度区分":null,"座標系":"任意座標系"}},{"type":"Polygon","arcs":[[1933,1934,1935]],"properties":{"市区町村名":"山越郡長万部町","大字名":null,"丁目名":null,"小字名":"字共立","地番":"482-736","精度区分":null,"座標系":"任意座標系"}},{"type":"Polygon","arcs":[[1936,1937,-1934,1938]],"properties":{"市区町村名":"山越郡長万部町","大字名":null,"丁目名":null,"小字名":"字共立","地番":"482-699","精度区分":null,"座標系":"任意座標系"}},{"type":"Polygon","arcs":[[-1894,1939,-1937]],"properties":{"市区町村名":"山越郡長万部町","大字名":null,"丁目名":null,"小字名":"字共立","地番":"482-737","精度区分":null,"座標系":"任意座標系"}},{"type":"Polygon","arcs":[[-1897,1940,-1904,1941,-1902,-1935,-1938,-1940,-1893,-1933,-1932,1942,-1918,-1915,1943,-1890,1944,-1794,-1793,-1796,1945,-1888,1946,-1872,1947,-1862,1948,-1861,1949,-1858,1950,-1829,-1835,1951,-1708,-1779,-1777,-1775,-1711,-1714,-1716,-1718,-1720,-1722,-1770,-1724,-1727,-1771,-1729,-1774,-1732,-1772,-1735,1952,-1781,1953,-777,-780,1954,1955]],"properties":{"市区町村名":"山越郡長万部町","大字名":null,"丁目名":null,"小字名":"字共立","地番":"482-681","精度区分":null,"座標系":"任意座標系"}},{"type":"Polygon","arcs":[[-1859,-1950,-1860,-1949,-1863,-1948,-1873,-1947,-1887,-1946,-1795,-1945,-1889,-1944,-1917,-1913,-1943,-1931,-1895,-1939,-1936,-1903,-1942,-1905,-1941,-1898,-1956,1956,-1928,-1798,-1927,-1899,-1919,-1926,-1800,-1909,-1910,-1885,-1892,-1883,-1789,-1882,-1891,-1880,-1864,-1879,-1906,-1877,-1867,-1876,-1869,-1875,-1870,-1874,-1830,-1951]],"properties":{"市区町村名":"山越郡長万部町","大字名":null,"丁目名":null,"小字名":"字共立","地番":"482-679","精度区分":null,"座標系":"任意座標系"}},{"type":"Polygon","arcs":[[1957,1958,-1849,-789,-792,1959,1960,1961,1962]],"properties":{"市区町村名":"山越郡長万部町","大字名":null,"丁目名":null,"小字名":"字共立","地番":"482-688","精度区分":null,"座標系":"任意座標系"}},{"type":"Polygon","arcs":[[-1962,1963,1964]],"properties":{"市区町村名":"山越郡長万部町","大字名":null,"丁目名":null,"小字名":"字共立","地番":"482-709","精度区分":null,"座標系":"任意座標系"}},{"type":"Polygon","arcs":[[-1961,1965,-1964]],"properties":{"市区町村名":"山越郡長万部町","大字名":null,"丁目名":null,"小字名":"字共立","地番":"482-708","精度区分":null,"座標系":"任意座標系"}},{"type":"Polygon","arcs":[[-1965,-1966,-1960,-791,-786,-176,-1786,-1963]],"properties":{"市区町村名":"山越郡長万部町","大字名":null,"丁目名":null,"小字名":"字共立","地番":"482-55","精度区分":null,"座標系":"任意座標系"}},{"type":"Polygon","arcs":[[1966,1967,1968,-1782]],"properties":{"市区町村名":"山越郡長万部町","大字名":null,"丁目名":null,"小字名":"字共立","地番":"482-706","精度区分":null,"座標系":"任意座標系"}},{"type":"Polygon","arcs":[[-674,1969,1970,1971]],"properties":{"市区町村名":"山越郡長万部町","大字名":null,"丁目名":null,"小字名":"字共立","地番":"482-707","精度区分":null,"座標系":"任意座標系"}},{"type":"Polygon","arcs":[[1972,-1968,1973,-1971]],"properties":{"市区町村名":"山越郡長万部町","大字名":null,"丁目名":null,"小字名":"字共立","地番":"482-687","精度区分":null,"座標系":"任意座標系"}},{"type":"Polygon","arcs":[[-1969,1974,-1784]],"properties":{"市区町村名":"山越郡長万部町","大字名":null,"丁目名":null,"小字名":"字共立","地番":"482-710","精度区分":null,"座標系":"任意座標系"}},{"type":"Polygon","arcs":[[-694,1975,1976,-1970]],"properties":{"市区町村名":"山越郡長万部町","大字名":null,"丁目名":null,"小字名":"字共立","地番":"482-711","精度区分":null,"座標系":"任意座標系"}},{"type":"Polygon","arcs":[[1977,-1958,-1785,-1975,-1973,-1977]],"properties":{"市区町村名":"山越郡長万部町","大字名":null,"丁目名":null,"小字名":"字共立","地番":"482-690","精度区分":null,"座標系":"任意座標系"}},{"type":"Polygon","arcs":[[1978,1979]],"properties":{"市区町村名":"山越郡長万部町","大字名":null,"丁目名":null,"小字名":"字共立","地番":"482-704","精度区分":null,"座標系":"任意座標系"}},{"type":"Polygon","arcs":[[-1955,-779,-261,-783,1980,1981,1982,1983]],"properties":{"市区町村名":"山越郡長万部町","大字名":null,"丁目名":null,"小字名":"字共立","地番":"482-684","精度区分":null,"座標系":"任意座標系"}},{"type":"Polygon","arcs":[[-1983,1984]],"properties":{"市区町村名":"山越郡長万部町","大字名":null,"丁目名":null,"小字名":"字共立","地番":"482-705","精度区分":null,"座標系":"任意座標系"}},{"type":"Polygon","arcs":[[1985,1986,1987]],"properties":{"市区町村名":"山越郡長万部町","大字名":null,"丁目名":null,"小字名":"字共立","地番":"482-702","精度区分":null,"座標系":"任意座標系"}},{"type":"Polygon","arcs":[[-1985,-1982,1988,1989,-1988,1990,-1979,1991,-1957,-1984]],"properties":{"市区町村名":"山越郡長万部町","大字名":null,"丁目名":null,"小字名":"字共立","地番":"482-685","精度区分":null,"座標系":"任意座標系"}},{"type":"Polygon","arcs":[[-1992,-1980,-1991,-1987,-763,-756,-1929]],"properties":{"市区町村名":"山越郡長万部町","大字名":null,"丁目名":null,"小字名":"字共立","地番":"482-57","精度区分":null,"座標系":"任意座標系"}},{"type":"Polygon","arcs":[[1992,-782,-784,-1972,1993]],"properties":{"市区町村名":"山越郡長万部町","大字名":null,"丁目名":null,"小字名":"字共立","地番":"482-714","精度区分":null,"座標系":"任意座標系"}},{"type":"Polygon","arcs":[[-1986,1994,-1967,-761]],"properties":{"市区町村名":"山越郡長万部町","大字名":null,"丁目名":null,"小字名":"字共立","地番":"482-713","精度区分":null,"座標系":"任意座標系"}},{"type":"Polygon","arcs":[[-1974,-1995,-1990,-1994]],"properties":{"市区町村名":"山越郡長万部町","大字名":null,"丁目名":null,"小字名":"字共立","地番":"482-678","精度区分":null,"座標系":"任意座標系"}},{"type":"Polygon","arcs":[[-1993,-1989,-1981]],"properties":{"市区町村名":"山越郡長万部町","大字名":null,"丁目名":null,"小字名":"字共立","地番":"482-703","精度区分":null,"座標系":"任意座標系"}},{"type":"Polygon","arcs":[[-1976,1995,1996,1997]],"properties":{"市区町村名":"山越郡長万部町","大字名":null,"丁目名":null,"小字名":"字共立","地番":"363-7","精度区分":null,"座標系":"任意座標系"}},{"type":"Polygon","arcs":[[-799,-10,1998,1999,2000,-1996,-693,-793,-795,-797]],"properties":{"市区町村名":"山越郡長万部町","大字名":null,"丁目名":null,"小字名":"字共立","地番":"363-1","精度区分":null,"座標系":"任意座標系"}},{"type":"Polygon","arcs":[[-2000,2001,2002,2003]],"properties":{"市区町村名":"山越郡長万部町","大字名":null,"丁目名":null,"小字名":"字共立","地番":"363-6","精度区分":null,"座標系":"任意座標系"}},{"type":"Polygon","arcs":[[-1978,-1998,2004,-2003,2005,-1959]],"properties":{"市区町村名":"山越郡長万部町","大字名":null,"丁目名":null,"小字名":"字共立","地番":"363-5","精度区分":null,"座標系":"任意座標系"}},{"type":"Polygon","arcs":[[-2004,-2005,-1997,-2001]],"properties":{"市区町村名":"山越郡長万部町","大字名":null,"丁目名":null,"小字名":"字共立","地番":"363-8","精度区分":null,"座標系":"任意座標系"}},{"type":"Polygon","arcs":[[-1843,2006,2007]],"properties":{"市区町村名":"山越郡長万部町","大字名":null,"丁目名":null,"小字名":"字静狩","地番":"道-16-2","精度区分":null,"座標系":"任意座標系"}},{"type":"Polygon","arcs":[[2008,2009,-1840]],"properties":{"市区町村名":"山越郡長万部町","大字名":null,"丁目名":null,"小字名":"字静狩","地番":"道-16-1","精度区分":null,"座標系":"任意座標系"}},{"type":"Polygon","arcs":[[-2007,-1841,-2010,2010]],"properties":{"市区町村名":"山越郡長万部町","大字名":null,"丁目名":null,"小字名":"字静狩","地番":"394-4","精度区分":null,"座標系":"任意座標系"}}]}},"arcs":[[[147374,4628],[11192,18240]],[[158566,22868],[9779,-1750],[-1046,-20327]],[[167299,791],[-2674,358],[-17251,3479]],[[173984,43592],[2225,-1445]],[[176209,42147],[2554,-1730]],[[178763,40417],[8387,-5710]],[[187150,34707],[-6976,-7949]],[[180174,26758],[-4106,2948],[-13355,-33],[-4147,-6805]],[[147374,4628],[-1337,232]],[[146037,4860],[16404,26135],[10006,11511],[1537,1086]],[[180174,26758],[-6569,-7896],[10945,-7487],[-9784,-11375],[-7467,791]],[[49919,79397],[980,784]],[[50899,80181],[4946,4354]],[[55845,84535],[5401,4754]],[[61246,89289],[2969,2721]],[[64215,92010],[3379,3070]],[[67594,95080],[3257,2959]],[[70851,98039],[3315,3011]],[[74166,101050],[3184,2893]],[[77350,103943],[4289,3897],[-4471,4007]],[[77168,111847],[-4268,3824]],[[72900,115671],[-1019,911]],[[71881,116582],[-3976,3591]],[[67905,120173],[-4297,3877]],[[63608,124050],[-946,806]],[[62662,124856],[-4311,3825]],[[58351,128681],[-2520,2264]],[[55831,130945],[898,715]],[[56729,131660],[2550,-2255]],[[59279,129405],[4295,-3789]],[[63574,125616],[938,-861]],[[64512,124755],[4268,-3883]],[[68780,120872],[3957,-3487]],[[72737,117385],[1092,-1023]],[[73829,116362],[4270,-3813]],[[78099,112549],[4424,-3859],[3676,3319]],[[86199,112009],[3469,3087]],[[89668,115096],[3235,2970]],[[92903,118066],[3081,2828]],[[95984,120894],[3417,2993]],[[99401,123887],[3468,3133]],[[102869,127020],[3055,2713]],[[105924,129733],[3468,3179]],[[109392,132912],[3031,2779]],[[112423,135691],[3368,3087]],[[115791,138778],[3262,2990]],[[119053,141768],[3832,3513]],[[122885,145281],[8742,7844]],[[131627,153125],[12613,11317],[-13645,12170]],[[130595,176612],[-7132,6277]],[[123463,182889],[-4920,4394]],[[118543,187283],[699,609]],[[119242,187892],[2967,-2660]],[[122209,185232],[3765,-3312]],[[125974,181920],[805,-719]],[[126779,181201],[4397,-3877]],[[131176,177324],[4254,-3671]],[[135430,173653],[920,-822]],[[136350,172831],[4685,-4185]],[[141035,168646],[3995,-3466],[3917,3383]],[[148947,168563],[3328,3060]],[[152275,171623],[3075,2827]],[[155350,174450],[3116,2788]],[[158466,177238],[1858,1627]],[[160324,178865],[1715,1549]],[[162039,180414],[3687,3434]],[[165726,183848],[3259,3021]],[[168985,186869],[3401,3020]],[[172386,189889],[3402,3099]],[[175788,192988],[3202,2840]],[[178990,195828],[3344,2995]],[[182334,198823],[3602,3279]],[[185936,202102],[3716,3279]],[[189652,205381],[3458,3331]],[[193110,208712],[3145,2917]],[[196255,211629],[3287,2789]],[[199542,214418],[3116,2762]],[[202658,217180],[3538,2922]],[[206196,220102],[768,-734]],[[206964,219368],[-3414,-3061]],[[203550,216307],[-3059,-2737]],[[200491,213570],[-3145,-2814]],[[197346,210756],[-3258,-2918]],[[194088,207838],[-3573,-3176]],[[190515,204662],[-3630,-3382]],[[186885,201280],[-3660,-3304]],[[183225,197976],[-1687,-1421]],[[181538,196555],[-1629,-1472]],[[179909,195083],[-3230,-2968]],[[176679,192115],[-3372,-3073]],[[173307,189042],[-3402,-2995]],[[169905,186047],[-3259,-3047]],[[166646,183000],[-3745,-3356]],[[162901,179644],[-3544,-3228]],[[159357,176416],[-3145,-2814]],[[156212,173602],[-3031,-2787]],[[153181,170815],[-3372,-3099]],[[149809,167716],[-3801,-3434],[4311,-3903]],[[150319,160379],[1121,-924]],[[151440,159455],[4168,-3775]],[[155608,155680],[4484,-3928],[3716,3357]],[[163808,155109],[3430,3072]],[[167238,158181],[3206,2914]],[[170444,161095],[3034,2759]],[[173478,163854],[3491,3173]],[[176969,167027],[3761,3419]],[[180730,170446],[3302,2981]],[[184032,173427],[3445,3112]],[[187477,176539],[3287,2943]],[[190764,179482],[3265,2911]],[[194029,182393],[3395,3028]],[[197424,185421],[3716,3305]],[[201140,188726],[3716,3304]],[[204856,192030],[3574,3305]],[[208430,195335],[3230,2814]],[[211660,198149],[3188,2879]],[[214848,201028],[2958,2672]],[[217806,203700],[3430,2945]],[[221236,206645],[905,-801]],[[222141,205844],[-816,-693]],[[221325,205151],[-4421,-3931]],[[216904,201220],[-4398,-3805]],[[212506,197415],[-721,-609]],[[211785,196806],[-2327,-2185]],[[209458,194621],[-2141,-1871]],[[207317,192750],[-4770,-4351]],[[202547,188399],[-815,-673]],[[201732,187726],[-4561,-4098]],[[197171,183628],[-4864,-4141]],[[192307,179487],[-651,-609]],[[191656,178878],[-4881,-4398]],[[186775,174480],[-4403,-3969]],[[182372,170511],[-885,-797]],[[181487,169714],[-5328,-5065]],[[176159,164649],[-4887,-4288]],[[171272,160361],[-861,-693]],[[170411,159668],[-4521,-4093]],[[165890,155575],[-4996,-4525]],[[160894,151050],[-1632,-67]],[[159262,150983],[-13913,12493],[-12766,-11287]],[[132583,152189],[-8601,-7612]],[[123982,144577],[-20132,-18341]],[[103850,126236],[-20401,-18550],[13922,-12384],[20402,18428]],[[117773,113730],[10564,9470],[9754,8774]],[[138091,131974],[8597,7719]],[[146688,139693],[12574,11290]],[[160894,151050],[3042,-2738]],[[163936,148312],[3030,-2686]],[[166966,145626],[3112,-2769]],[[170078,142857],[3100,-2738]],[[173178,140119],[3206,-2874]],[[176384,137245],[3146,-2769],[4945,4519]],[[184475,138995],[4584,4056]],[[189059,143051],[838,736]],[[189897,143787],[4912,4413]],[[194809,148200],[5296,4758]],[[200105,152958],[1020,907]],[[201125,153865],[4596,4088]],[[205721,157953],[4793,4393]],[[210514,162346],[558,567]],[[211072,162913],[4677,4120]],[[215749,167033],[2071,1912]],[[217820,168945],[2513,2291]],[[220333,171236],[722,631]],[[221055,171867],[5096,4539]],[[226151,176406],[4258,3889]],[[230409,180295],[721,651]],[[231130,180946],[4282,3909]],[[235412,184855],[4231,3871]],[[239643,188726],[811,704]],[[240454,189430],[1090,-977]],[[241544,188453],[-28070,-25457]],[[213474,162996],[-28842,-26000]],[[184632,136996],[-20695,-18899]],[[163937,118097],[-40579,-37021]],[[123358,81076],[-28950,-25936]],[[94408,55140],[-6737,-5471]],[[87671,49669],[-5807,-5311]],[[81864,44358],[-10950,-9708]],[[70914,34650],[-976,885]],[[69938,35535],[4156,3898]],[[74094,39433],[782,655]],[[74876,40088],[4867,4265]],[[79743,44353],[4635,4238]],[[84378,48591],[1014,864]],[[85392,49455],[15260,13635]],[[100652,63090],[15232,13986]],[[115884,77076],[4733,4240]],[[120617,81316],[861,771]],[[121478,82087],[4636,4153]],[[126114,86240],[5286,4735],[-3162,2807]],[[128238,93782],[-3044,2719]],[[125194,96501],[-2929,2668]],[[122265,99169],[-3180,2840]],[[119085,102009],[-3199,2953]],[[115886,104962],[-3045,2816]],[[112841,107778],[647,652]],[[113488,108430],[9514,-8600]],[[123002,99830],[2960,-2620]],[[125962,97210],[3105,-2772]],[[129067,94438],[3219,-2773],[5288,4931]],[[137574,96596],[4631,4131]],[[142205,100727],[829,672]],[[143034,101399],[4573,4157]],[[147607,105556],[4517,4066]],[[152124,109622],[657,620]],[[152781,110242],[4688,4234]],[[157469,114476],[4660,4132]],[[162129,118608],[886,826]],[[163015,119434],[3001,2814]],[[166016,122248],[3288,2892]],[[169304,125140],[800,800]],[[170104,125940],[4173,3795]],[[174277,129735],[4260,3770],[-4297,3916]],[[174240,137421],[-3187,2905]],[[171053,140326],[-3444,3138]],[[167609,143464],[-3229,2943]],[[164380,146407],[-4269,3891],[-4403,-4002]],[[155708,146296],[-4230,-3718]],[[151478,142578],[-800,-826]],[[150678,141752],[-3160,-2802]],[[147518,138950],[-3072,-2724]],[[144446,136226],[-7833,-7100]],[[136613,129126],[-7889,-6946]],[[128724,122180],[-15236,-13750]],[[112841,107778],[-5302,-4834]],[[107539,102944],[-4725,-4163]],[[102814,98781],[-888,-723]],[[101926,98058],[-4529,-4369]],[[97397,93689],[-15526,-13628]],[[81871,80061],[-15369,-13798]],[[66502,66263],[-781,-811]],[[65721,65452],[-4897,-4265]],[[60824,61187],[-4794,-4265]],[[56030,56922],[-753,-733]],[[55277,56189],[-4128,-3716]],[[51149,52473],[-873,781]],[[50276,53254],[3418,3009]],[[53694,56263],[782,838]],[[54476,57101],[4056,3532]],[[58532,60633],[4403,3899]],[[62935,64532],[825,785]],[[63760,65317],[3952,3492]],[[67712,68809],[4169,3815]],[[71881,72624],[879,694]],[[72760,73318],[3017,2824]],[[75777,76142],[20682,18385],[-13929,12491],[-20435,-18507]],[[62095,88511],[-3154,-2726]],[[58941,85785],[-905,-768]],[[58036,85017],[-4252,-3766]],[[53784,81251],[-3933,-3498]],[[49851,77753],[-854,-810]],[[48997,76943],[-4389,-3873]],[[44608,73070],[-4071,-3585]],[[40537,69485],[-752,-680]],[[39785,68805],[-3361,-3140]],[[36424,65665],[-902,807]],[[35522,66472],[4620,4108]],[[40142,70580],[5099,4318]],[[45241,74898],[4678,4499]],[[268806,150595],[858,697]],[[269664,151292],[13363,-10961]],[[283027,140331],[12122,-9960]],[[295149,130371],[-521,-837],[-22979,-27507],[-1241,776]],[[270408,102803],[9716,11723]],[[280124,114526],[657,851]],[[280781,115377],[5426,6785]],[[286207,122162],[6940,8333],[-4800,3980]],[[288347,134475],[-12184,10011],[-7203,-6533]],[[268960,137953],[-7004,-6454],[11152,-9524]],[[273108,121975],[7673,-6598]],[[280124,114526],[-9568,7957]],[[270556,122483],[-9657,8086],[-4888,-4518]],[[256011,126051],[-12981,-11780]],[[243030,114271],[-1106,437]],[[241924,114708],[10480,9764]],[[252404,124472],[22610,20912],[-6208,5211]],[[25771,100967],[-1661,1457]],[[24110,102424],[739,733]],[[24849,103157],[1661,-1510]],[[26510,101647],[2592,-2237]],[[29102,99410],[932,-806]],[[30034,98604],[3015,-2732]],[[33049,95872],[3015,-2628]],[[36064,93244],[1034,-885]],[[37098,92359],[-870,-707]],[[36228,91652],[-4939,-4448]],[[31289,87204],[-4910,-4474]],[[26379,82730],[-4591,-4055]],[[21788,78675],[-1194,962]],[[20594,79637],[4664,4109]],[[25258,83746],[4983,4422]],[[30241,88168],[4968,4395],[-2957,2628]],[[32252,95191],[-3088,2680],[-4938,-4318]],[[24226,93553],[-5026,-4474]],[[19200,89079],[-4694,-4056]],[[14506,85023],[-903,858]],[[13603,85881],[4592,4056]],[[18195,89937],[5011,4448]],[[23206,94385],[5012,4371],[-2447,2211]],[[47309,101648],[-5258,-4736]],[[42051,96912],[-4953,-4553]],[[36064,93244],[5084,4605]],[[41148,97849],[5214,4631]],[[46362,102480],[947,-832]],[[51929,115097],[3288,3061]],[[55217,118158],[3085,2773]],[[58302,120931],[4360,3925]],[[63608,124050],[-4331,-3977]],[[59277,120073],[-3070,-2826]],[[56207,117247],[-3346,-3009]],[[52861,114238],[-3302,-2931]],[[49559,111307],[-3433,-3061]],[[46126,108246],[-3041,-2826]],[[43085,105420],[-1005,885]],[[42080,106305],[3128,2747]],[[45208,109052],[3433,3088]],[[48641,112140],[3288,2957]],[[68032,127982],[-3520,-3227]],[[63574,125616],[3495,3156]],[[67069,128772],[3158,2829]],[[70227,131601],[3313,3017]],[[73540,134618],[937,-815]],[[74477,133803],[-3287,-3038]],[[71190,130765],[-3158,-2783]],[[84961,143203],[-3547,-3227]],[[81414,139976],[-3313,-2993]],[[78101,136983],[-3624,-3180]],[[73540,134618],[3624,3179]],[[77164,137797],[3339,3063]],[[80503,140860],[3572,3180]],[[84075,144040],[886,-837]],[[90521,149885],[3625,3157]],[[94146,153042],[885,-791]],[[95031,152251],[-3599,-3273]],[[91432,148978],[-3080,-2782]],[[88352,146196],[-3391,-2993]],[[84075,144040],[3307,2999]],[[87382,147039],[3139,2846]],[[101948,156349],[2968,-2744]],[[104916,153605],[-880,-888]],[[104036,152717],[-3123,2836]],[[100913,155553],[-2994,2674]],[[97919,158227],[-2941,2604]],[[94978,160831],[-2916,2697]],[[92062,163528],[958,889]],[[93020,164417],[2941,-2627]],[[95961,161790],[2916,-2651]],[[98877,159139],[3071,-2790]],[[102548,163998],[4865,4536]],[[107413,168534],[7184,-6278]],[[114597,162256],[-5073,-4769]],[[109524,157487],[-3176,2977]],[[106348,160464],[-2968,2743]],[[103380,163207],[-832,791]],[[125003,171749],[-5022,-4676]],[[119981,167073],[-6976,6371]],[[113005,173444],[4970,4536]],[[117975,177980],[7028,-6231]],[[136436,191370],[863,-770]],[[137299,190600],[-3288,-2996]],[[134011,187604],[-3373,-2943]],[[130638,184661],[-3859,-3460]],[[125974,181920],[3802,3459]],[[129776,185379],[3430,2996]],[[133206,188375],[3230,2995]],[[146756,200639],[862,-745]],[[147618,199894],[-3687,-3459]],[[143931,196435],[-3488,-3047]],[[140443,193388],[-3144,-2788]],[[136436,191370],[3145,2788]],[[139581,194158],[3459,3073]],[[143040,197231],[3716,3408]],[[151872,205261],[1601,1419]],[[153473,206680],[3574,3151]],[[157047,209831],[891,-770]],[[157938,209061],[-3431,-3150]],[[154507,205911],[-3430,-3021]],[[151077,202890],[-3459,-2996]],[[146756,200639],[3430,3021]],[[150186,203660],[1686,1601]],[[166995,218790],[919,-770]],[[167914,218020],[-3601,-3253]],[[164313,214767],[-3173,-2892]],[[161140,211875],[-3202,-2814]],[[157047,209831],[3230,2840]],[[160277,212671],[3173,2841]],[[163450,215512],[3545,3278]],[[171371,221344],[-3457,-3324]],[[166995,218790],[3425,3321]],[[170420,222111],[3369,3001]],[[173789,225112],[3253,2959]],[[177042,228071],[905,-850]],[[177947,227221],[-3138,-2876]],[[174809,224345],[-3438,-3001]],[[181246,230160],[-3299,-2939]],[[177042,228071],[3253,2814]],[[180295,230885],[3046,2688]],[[183341,233573],[3831,3335]],[[187172,236908],[882,-767]],[[188054,236141],[-3878,-3356]],[[184176,232785],[-2930,-2625]],[[183798,216798],[3259,2892]],[[187057,219690],[2938,2605]],[[189995,222295],[3021,2678]],[[193016,224973],[3714,3314]],[[196730,228287],[697,-643]],[[197427,227644],[-3669,-3272]],[[193758,224372],[-3046,-2647]],[[190712,221725],[-2822,-2728]],[[187890,218997],[-3229,-2917]],[[184661,216080],[-3545,-3202]],[[181116,212878],[-3717,-3304]],[[177399,209574],[-976,769]],[[176423,210343],[3773,3331]],[[180196,213674],[3602,3124]],[[163016,198182],[1743,1601]],[[164759,199783],[1716,1549]],[[166475,201332],[3230,2892]],[[169705,204224],[3288,2892]],[[172993,207116],[3430,3227]],[[177399,209574],[-3630,-3229]],[[173769,206345],[-3173,-2865]],[[170596,203480],[-3144,-2892]],[[167452,200588],[-3517,-3124]],[[163935,197464],[-3458,-2970]],[[160477,194494],[-3317,-3072]],[[157160,191422],[-804,719]],[[156356,192141],[3344,2995]],[[159700,195136],[3316,3046]],[[145865,182871],[3173,2763]],[[149038,185634],[3487,3098]],[[152525,188732],[3831,3409]],[[157160,191422],[-3716,-3383]],[[153444,188039],[-3573,-3150]],[[149871,184889],[-3116,-2737]],[[146755,182152],[-3178,-2809]],[[143577,179343],[-3425,-3026]],[[140152,176317],[-3802,-3486]],[[135430,173653],[3831,3357]],[[139261,177010],[3374,2994]],[[142635,180004],[3230,2867]],[[118843,149117],[-2500,2372]],[[116343,151489],[8387,7808]],[[124730,159297],[6897,-6172]],[[122885,145281],[-4042,3836]],[[103858,143250],[-3002,-2805]],[[100856,140445],[-3470,-3040]],[[97386,137405],[-3054,-2759]],[[94332,134646],[-938,931]],[[93394,135577],[3262,2992]],[[96656,138569],[3158,2899]],[[99814,141468],[3159,2573]],[[102973,144041],[3468,3133]],[[106441,147174],[3314,2993]],[[109755,150167],[3986,3647]],[[113741,153814],[989,-930]],[[114730,152884],[-3986,-3694]],[[110744,149190],[-3262,-2806]],[[107482,146384],[-3624,-3134]],[[87550,128567],[-3210,-2899]],[[84340,125668],[-3365,-2993]],[[80975,122675],[-3521,-3086]],[[77454,119589],[-3625,-3227]],[[72737,117385],[3572,3227]],[[76309,120612],[3676,3087]],[[79985,123699],[3158,2992]],[[83143,126691],[3313,2899]],[[86456,129590],[3262,2853]],[[89718,132443],[3676,3134]],[[94332,134646],[-3521,-3133]],[[90811,131513],[-3261,-2946]],[[60959,106927],[3433,2956]],[[64392,109883],[3114,2905]],[[67506,112788],[4375,3794]],[[72900,115671],[-4272,-3950]],[[68628,111721],[-3128,-2904]],[[65500,108817],[-3390,-2905]],[[62110,105912],[-3288,-2931]],[[58822,102981],[-3346,-3113]],[[55476,99868],[-3070,-2748]],[[52406,97120],[-1180,1041]],[[51226,98161],[3042,2800]],[[54268,100961],[3418,3061]],[[57686,104022],[3273,2905]],[[39505,88738],[-3277,2914]],[[37098,92359],[3277,-2861]],[[40375,89498],[3159,-2784],[4983,4474]],[[48517,91188],[5228,4788]],[[53745,95976],[1005,-911]],[[54750,95065],[-5343,-4738]],[[49407,90327],[-4971,-4443],[3436,-3022]],[[47872,82862],[3027,-2681]],[[49919,79397],[-2971,2654]],[[46948,82051],[-3365,3097],[-5026,-4396]],[[38557,80752],[-4852,-4448]],[[33705,76304],[-4650,-4030]],[[29055,72274],[-990,780]],[[28065,73054],[4678,4083]],[[32743,77137],[4911,4500]],[[37654,81637],[4982,4344],[-3131,2757]],[[47514,63267],[3597,-3148]],[[51111,60119],[3365,-3018]],[[53694,56263],[-4617,4085]],[[49077,60348],[-4472,4112]],[[44605,64460],[-4820,4345]],[[40537,69485],[3613,-3226]],[[44150,66259],[3364,-2992]],[[75777,76142],[-4359,3893]],[[71418,80035],[-4688,4139]],[[66730,84174],[-4635,4337]],[[103850,126236],[13923,-12506]],[[123982,144577],[7242,-6470]],[[131224,138107],[6867,-6133]],[[132583,152189],[7106,-6296]],[[139689,145893],[-8465,-7786]],[[157552,166834],[3087,2917]],[[160639,169751],[3115,2711]],[[163754,172462],[3459,3151]],[[167213,175613],[3831,3485]],[[171044,179098],[977,-899]],[[172021,178199],[-3716,-3459]],[[168305,174740],[-3544,-3150]],[[164761,171590],[-3066,-2782]],[[161695,168808],[-3194,-2899]],[[158501,165909],[-3288,-2994]],[[155213,162915],[-3773,-3460]],[[150319,160379],[3831,3408]],[[154150,163787],[3402,3047]],[[177560,185268],[3431,3021]],[[180991,188289],[3259,2892]],[[184250,191181],[1658,1549]],[[185908,192730],[1686,1471]],[[187594,194201],[3659,3177]],[[191253,197378],[949,-822]],[[192202,196556],[-3602,-3304]],[[188600,193252],[-3344,-2995]],[[185256,190257],[-3231,-2841]],[[182025,187416],[-3344,-3149]],[[178681,184267],[-3430,-3073]],[[175251,181194],[-3230,-2995]],[[171044,179098],[3201,3046]],[[174245,182144],[3315,3124]],[[198428,203961],[3316,2892]],[[201744,206853],[3115,2943]],[[204859,209796],[3088,2737]],[[207947,212533],[3488,2918]],[[211435,215451],[833,-693]],[[212268,214758],[-3372,-3098]],[[208896,211660],[-2973,-2762]],[[205923,208898],[-3202,-2867]],[[202721,206031],[-3230,-2942]],[[199491,203089],[-3630,-3177]],[[195861,199912],[-3659,-3356]],[[191253,197378],[3688,3382]],[[194941,200760],[3487,3201]],[[221027,188613],[-3229,2800]],[[217798,191413],[-2879,2592]],[[214919,194005],[-3134,2801]],[[212506,197415],[3089,-2779]],[[215595,194636],[2924,-2592]],[[218519,192044],[3276,-2801]],[[221795,189243],[2925,-2654]],[[224720,186589],[3181,-2821]],[[227901,183768],[3229,-2822]],[[230409,180295],[-3206,2842]],[[227203,183137],[-3158,2863]],[[224045,186000],[-3018,2613]],[[201038,170685],[-3229,2779]],[[197809,173464],[-2924,2634]],[[194885,176098],[-3229,2780]],[[192307,179487],[3253,-2885]],[[195560,176602],[2901,-2570]],[[198461,174032],[3205,-2780]],[[201666,171252],[3042,-2633]],[[204708,168619],[3252,-2968]],[[207960,165651],[3112,-2738]],[[210514,162346],[-3159,2800]],[[207355,165146],[-3275,2864]],[[204080,168010],[-3042,2675]],[[188525,165037],[3205,-2718]],[[191730,162319],[2995,-2633]],[[194725,159686],[3214,-2940]],[[197939,156746],[3186,-2881]],[[200105,152958],[-3062,2860]],[[197043,155818],[-3259,2994]],[[193784,158812],[-3055,2646]],[[190729,161458],[-3112,2843]],[[187617,164301],[-3018,2633]],[[184599,166934],[-3112,2780]],[[182372,170511],[3228,-2799]],[[185600,167712],[2925,-2675]],[[177285,155032],[3089,-2843]],[[180374,152189],[3089,-2738]],[[183463,149451],[3275,-2863]],[[186738,146588],[3159,-2801]],[[189059,143051],[-3112,2801]],[[185947,145852],[-3346,2884]],[[182601,148736],[-3018,2675]],[[179583,151411],[-3182,2864]],[[176401,154275],[-2931,2649]],[[173470,156924],[-3059,2744]],[[171272,160361],[2995,-2717]],[[174267,157644],[3018,-2612]],[[159146,135716],[3485,-3126]],[[162631,132590],[3190,-2953]],[[165821,129637],[4283,-3697]],[[169304,125140],[-4312,3800]],[[164992,128940],[-3909,3491],[-3201,-2891]],[[157882,129540],[-3002,-2763]],[[154880,126777],[-920,860]],[[153960,127637],[3059,2802]],[[157019,130439],[3145,2788],[-4859,4365]],[[155305,137592],[-4627,4160]],[[151478,142578],[4455,-3980]],[[155933,138598],[3213,-2882]],[[149677,113054],[3104,-2812]],[[152124,109622],[-3191,2812]],[[148933,112434],[-2874,2619]],[[146059,115053],[-3047,2747]],[[143012,117800],[686,620]],[[143698,118420],[3047,-2774]],[[146745,115646],[2932,-2592]],[[133778,109615],[-599,-620]],[[133179,108995],[-4803,-4260]],[[128376,104735],[-5374,-4905]],[[128724,122180],[9714,-8434]],[[138438,113746],[-4660,-4131]],[[109174,93109],[3199,-2937]],[[112373,90172],[2889,-2571]],[[115262,87601],[3103,-2772]],[[118365,84829],[-848,-740]],[[117517,84089],[-3123,2797]],[[114394,86886],[-2831,2546]],[[111563,89432],[-3199,2875]],[[108364,92307],[-3334,2875]],[[105030,95182],[-3104,2876]],[[102814,98781],[3121,-2901]],[[105935,95880],[3239,-2771]],[[103591,88109],[3219,-2944]],[[106810,85165],[-15341,-13777]],[[91469,71388],[-9598,8673]],[[97397,93689],[2975,-2739]],[[100372,90950],[3219,-2841]],[[76202,57677],[-9700,8586]],[[91469,71388],[-15267,-13711]],[[75231,56761],[-1631,1510]],[[73600,58271],[-1602,1430]],[[71998,59701],[-3219,2941]],[[68779,62642],[-3058,2810]],[[76202,57677],[-971,-916]],[[84378,48591],[-3233,2888]],[[81145,51479],[-3103,2785]],[[78042,54264],[-2811,2497]],[[76202,57677],[9190,-8222]],[[91469,71388],[9183,-8298]],[[109680,82584],[3141,-2789]],[[112821,79795],[3063,-2719]],[[106810,85165],[2870,-2581]],[[118365,84829],[3113,-2742]],[[120617,81316],[-3100,2773]],[[134932,107351],[-1753,1644]],[[133778,109615],[3076,-2748]],[[136854,106867],[2990,-2696]],[[139844,104171],[3190,-2772]],[[142205,100727],[-3019,2799]],[[139186,103526],[-3075,2722]],[[136111,106248],[-1179,1103]],[[238614,116018],[3310,-1310]],[[243030,114271],[14044,-5558]],[[257074,108713],[10588,-4190]],[[267662,104523],[-19272,-22918]],[[248390,81605],[-36692,15937]],[[211698,97542],[4833,3565],[3479,5802],[9573,204],[4116,4027],[2090,648],[4218,-1354],[1086,1033],[-2479,4551]],[[248390,81605],[-10072,-11978]],[[238318,69627],[-9608,4190]],[[228710,73817],[-1003,437]],[[227707,74254],[-4973,2157]],[[222734,76411],[-4343,1884]],[[218391,78295],[-1190,516]],[[217201,78811],[-14064,6222],[-2060,-1396]],[[201077,83637],[-1286,-1188]],[[199791,82449],[-5003,-4492]],[[194788,77957],[-3516,-3021]],[[191272,74936],[-3401,-2971]],[[187871,71965],[-3546,-3097]],[[184325,68868],[-3373,-3047]],[[180952,65821],[-3373,-3046]],[[177579,62775],[-3774,-3280]],[[173805,59495],[-3259,-2892]],[[170546,56603],[-914,-774]],[[169632,55829],[-5745,-5318]],[[163887,50511],[-4361,2996]],[[159526,53507],[9508,10353],[9612,6256],[5838,3103],[4260,3333],[2651,4975],[6100,1818],[3232,2197],[336,2652],[3112,3948],[3119,1887],[1486,1574],[2918,1939]],[[182510,43811],[-2242,2080]],[[180268,45891],[-1840,1772]],[[178428,47663],[-1610,1489]],[[176818,49152],[-2702,2491]],[[174116,51643],[-2300,2209]],[[171816,53852],[-2184,1977]],[[170546,56603],[3334,-2746],[3145,2788]],[[177025,56645],[3744,3254]],[[180769,59899],[3459,3098]],[[184228,62997],[3387,2933]],[[187615,65930],[3589,3110]],[[191204,69040],[3374,2917]],[[194578,71957],[3544,3073]],[[198122,75030],[5061,4365]],[[203183,79395],[833,-616]],[[204016,78779],[-5117,-4545]],[[198899,74234],[-3459,-3072]],[[195440,71162],[-3402,-2996]],[[192038,68166],[-3516,-3021]],[[188522,65145],[-3431,-3072]],[[185091,62073],[-3459,-3073]],[[181632,59000],[-3716,-3305]],[[177916,55695],[-3202,-2866],[3449,-3030]],[[178163,49799],[3134,-3030],[3259,2866]],[[184556,49635],[3573,3356]],[[188129,52991],[3517,3022]],[[191646,56013],[3487,3175]],[[195133,59188],[3459,3047]],[[198592,62235],[3459,3021]],[[202051,65256],[3488,3047]],[[205539,68303],[5059,4416]],[[210598,72719],[777,-745]],[[211375,71974],[-4946,-4441]],[[206429,67533],[-3458,-3047]],[[202971,64486],[-3431,-3021]],[[199540,61465],[-3516,-3202]],[[196024,58263],[-3258,-3123]],[[192766,55140],[-3630,-3125]],[[189136,52015],[-3574,-3227]],[[185562,48788],[-3316,-2918],[3363,-3030]],[[185609,42840],[3162,-2927],[3402,2970]],[[192173,42883],[3488,3175]],[[195661,46058],[3516,3021]],[[199177,49079],[3544,3176]],[[202721,52255],[3545,3176]],[[206266,55431],[3459,2969]],[[209725,58400],[3488,3073]],[[213213,61473],[4917,4467],[-3421,3004]],[[214709,68944],[-3334,3030]],[[210598,72719],[-3305,2926]],[[207293,75645],[-3277,3134]],[[203183,79395],[-3392,3054]],[[201077,83637],[10750,-9731],[5374,4905]],[[218391,78295],[-5701,-5211],[3329,-3011]],[[216019,70073],[3397,-3074],[8291,7255]],[[228710,73817],[-8546,-7769],[9402,-6830]],[[229566,59218],[-1047,-1245]],[[228519,57973],[-9642,6990],[-18238,-16240]],[[200639,48723],[-10891,-9657],[2138,-2124]],[[191886,36942],[-1271,-600]],[[190615,36342],[-8105,7469]],[[257870,173895],[-24668,-22488]],[[233202,151407],[-19728,11589]],[[241544,188453],[16326,-14558]],[[233202,151407],[-25383,-23287]],[[207819,128120],[-23187,8876]],[[238084,148485],[-1364,-3995],[-3195,-4925],[-3090,-1785],[-1486,-1342],[-9270,-5791],[-4802,-4389],[-1202,-544]],[[213675,125714],[-5856,2406]],[[233202,151407],[4882,-2922]],[[94185,33274],[-12321,11084]],[[87671,49669],[12395,-11215]],[[100066,38454],[-5881,-5180]],[[270408,102803],[-2746,1720]],[[257074,108713],[8623,9021]],[[265697,117734],[4859,4749]],[[256011,126051],[9686,-8317]],[[279396,127861],[-6288,-5886]],[[268960,137953],[11121,-9421]],[[280081,128532],[-685,-671]],[[288347,134475],[-8266,-5943]],[[279396,127861],[6811,-5699]],[[283027,140331],[6016,5616]],[[289043,145947],[11038,-9886]],[[300081,136061],[-4932,-5690]],[[269664,151292],[6574,6170]],[[276238,157462],[12805,-11515]],[[252404,124472],[-6465,5082]],[[245939,129554],[9433,8649]],[[255372,138203],[13434,12392]],[[238614,116018],[-145,463],[1426,2243],[-608,2162],[1799,2270],[2606,805],[46,3631],[2201,1962]],[[103569,41493],[-3503,-3039]],[[94408,55140],[12177,-11033]],[[106585,44107],[-3016,-2614]],[[103569,41493],[11757,-10645]],[[115326,30848],[-9212,-8164]],[[106114,22684],[-11929,10590]],[[106585,44107],[5185,-4579]],[[111770,39528],[6670,-5958],[-3114,-2722]],[[166453,48774],[-2566,1737]],[[171816,53852],[-5363,-5078]],[[169119,46977],[-2666,1797]],[[174116,51643],[-4997,-4666]],[[172088,44880],[-2969,2097]],[[176818,49152],[-4730,-4272]],[[173984,43592],[-1896,1288]],[[178428,47663],[-4444,-4071]],[[180268,45891],[-4059,-3744]],[[182510,43811],[-3747,-3394]],[[190615,36342],[-3465,-1635]],[[173805,59495],[3220,-2850]],[[177916,55695],[3449,-3004]],[[181365,52691],[-3202,-2892]],[[181365,52691],[3191,-3056]],[[185562,48788],[3335,-2978]],[[188897,45810],[-3288,-2970]],[[188897,45810],[3276,-2927]],[[188897,45810],[3601,3175]],[[192498,48985],[3163,-2927]],[[189136,52015],[3362,-3030]],[[181365,52691],[3602,3253]],[[184967,55944],[3162,-2953]],[[181632,59000],[3335,-3056]],[[177579,62775],[3190,-2876]],[[180952,65821],[3276,-2824]],[[185091,62073],[3449,-3030]],[[188540,59043],[-3573,-3099]],[[188540,59043],[3106,-3030]],[[192766,55140],[3277,-3030]],[[196043,52110],[-3545,-3125]],[[196043,52110],[3134,-3031]],[[196043,52110],[3488,3150]],[[199531,55260],[3190,-3005]],[[196024,58263],[3507,-3003]],[[188540,59043],[3373,3021]],[[191913,62064],[3220,-2876]],[[188522,65145],[3391,-3081]],[[184325,68868],[3290,-2938]],[[187871,71965],[3333,-2925]],[[192038,68166],[3363,-2952]],[[195401,65214],[-3488,-3150]],[[195401,65214],[3191,-2979]],[[199540,61465],[3535,-3081]],[[203075,58384],[-3544,-3124]],[[203075,58384],[3191,-2953]],[[203075,58384],[3316,3046]],[[206391,61430],[3334,-3030]],[[202971,64486],[3420,-3056]],[[195401,65214],[3431,2969]],[[198832,68183],[3219,-2927]],[[195440,71162],[3392,-2979]],[[191272,74936],[3306,-2979]],[[194788,77957],[3334,-2927]],[[198899,74234],[3420,-2978]],[[202319,71256],[-3487,-3073]],[[202319,71256],[3220,-2953]],[[206429,67533],[3564,-3029]],[[209993,64504],[-3602,-3074]],[[209993,64504],[3220,-3031]],[[209993,64504],[4716,4440]],[[202319,71256],[4974,4389]],[[222734,76411],[-6715,-6338]],[[238318,69627],[-8752,-10409]],[[206484,43829],[-5845,4894]],[[228519,57973],[-5226,-6215],[-16809,-7929]],[[41216,61372],[-4792,4293]],[[44605,64460],[-3389,-3088]],[[45717,57339],[-4501,4033]],[[49077,60348],[-3360,-3009]],[[50276,53254],[-4559,4085]],[[51111,60119],[3998,3584]],[[55109,63703],[3423,-3070]],[[47514,63267],[4085,3558]],[[51599,66825],[3510,-3122]],[[44150,66259],[3968,3636]],[[48118,69895],[3481,-3070]],[[44608,73070],[3510,-3175]],[[48997,76943],[3612,-3174]],[[52609,73769],[-4491,-3874]],[[52609,73769],[3364,-3097]],[[55973,70672],[-4374,-3847]],[[55973,70672],[3510,-3070]],[[59483,67602],[-4374,-3899]],[[59483,67602],[3452,-3070]],[[56915,71509],[3394,-3096]],[[60309,68413],[3451,-3096]],[[49851,77753],[3641,-3174]],[[53492,74579],[3423,-3070]],[[60309,68413],[3983,3451]],[[64292,71864],[3420,-3055]],[[56915,71509],[3957,3410]],[[60872,74919],[3420,-3055]],[[53492,74579],[3905,3444]],[[57397,78023],[3475,-3104]],[[53784,81251],[3613,-3228]],[[58036,85017],[3475,-3178]],[[61511,81839],[-4114,-3816]],[[61511,81839],[3530,-3154]],[[65041,78685],[-4169,-3766]],[[65041,78685],[3475,-3055]],[[68516,75630],[-4224,-3766]],[[68516,75630],[3365,-3006]],[[68346,77261],[4414,-3943]],[[58941,85785],[4772,-4336]],[[63713,81449],[4633,-4188]],[[68346,77261],[3072,2774]],[[63713,81449],[3017,2725]],[[63970,58377],[-3146,2810]],[[68779,62642],[-4809,-4265]],[[67276,55463],[-3306,2914]],[[71998,59701],[-4722,-4238]],[[68893,53980],[-1617,1483]],[[73600,58271],[-4707,-4291]],[[70524,52522],[-4794,-4317]],[[65730,48205],[-3160,2941]],[[62570,51146],[4706,4317]],[[68893,53980],[1631,-1458]],[[62570,51146],[-3278,3018]],[[59292,54164],[4678,4213]],[[59292,54164],[-3262,2758]],[[65730,48205],[-826,-628]],[[64904,47577],[-3190,2862]],[[61714,50439],[-3247,2914]],[[58467,53353],[-3190,2836]],[[54252,49585],[-3103,2888]],[[58467,53353],[-4215,-3768]],[[57499,46749],[-3247,2836]],[[61714,50439],[-4215,-3690]],[[60718,43835],[-3219,2914]],[[64904,47577],[-4186,-3742]],[[73335,50077],[-2811,2445]],[[70524,52522],[4707,4239]],[[78042,54264],[-4707,-4187]],[[76350,47319],[-3015,2758]],[[81145,51479],[-4795,-4160]],[[79743,44353],[-3393,2966]],[[74876,40088],[-3248,3018]],[[71628,43106],[4722,4213]],[[71628,43106],[-3104,2684]],[[68524,45790],[4811,4287]],[[68524,45790],[-2794,2415]],[[74094,39433],[-3306,2940]],[[70788,42373],[-3015,2680]],[[67773,45053],[-2869,2524]],[[63616,41285],[-2898,2550]],[[67773,45053],[-4157,-3768]],[[66573,38605],[-844,729],[-2113,1951]],[[70788,42373],[-4215,-3768]],[[69938,35535],[-3365,3070]],[[11156,88067],[-1748,1457]],[[9408,89524],[4709,4003]],[[14117,93527],[1543,-1352]],[[15660,92175],[-4504,-4108]],[[13603,85881],[-2447,2186]],[[15660,92175],[2535,-2238]],[[17695,82317],[-3189,2706]],[[19200,89079],[3057,-2758]],[[22257,86321],[-4562,-4004]],[[20594,79637],[-2899,2680]],[[22257,86321],[3001,-2575]],[[22257,86321],[5056,4396]],[[27313,90717],[2928,-2549]],[[24226,93553],[3087,-2836]],[[15660,92175],[5070,4422]],[[20730,96597],[2476,-2212]],[[14117,93527],[5069,4528]],[[19186,98055],[1544,-1458]],[[19186,98055],[4924,4369]],[[25771,100967],[-5041,-4370]],[[32252,95191],[-4939,-4474]],[[33049,95872],[5113,4605]],[[38162,100477],[2986,-2628]],[[30034,98604],[5200,4553]],[[35234,103157],[2928,-2680]],[[26510,101647],[5083,4632]],[[31593,106279],[2564,-2316]],[[34157,103963],[-5055,-4553]],[[24849,103157],[5128,4604]],[[29977,107761],[1616,-1482]],[[29977,107761],[5170,4658]],[[35147,112419],[1748,-1509]],[[36895,110910],[-5302,-4631]],[[39400,108620],[-5243,-4657]],[[36895,110910],[857,-783]],[[37752,110127],[1648,-1507]],[[40390,107736],[-5156,-4579]],[[39400,108620],[990,-884]],[[43085,105420],[262,-260]],[[43347,105160],[-5185,-4683]],[[40390,107736],[1690,-1431]],[[43347,105160],[3015,-2680]],[[47309,101648],[3335,-2993]],[[50644,98655],[-5316,-4658]],[[45328,93997],[-3277,2915]],[[45328,93997],[-4953,-4499]],[[34493,84342],[-3204,2862]],[[39505,88738],[-5012,-4396]],[[29496,79972],[-3117,2758]],[[34493,84342],[-4997,-4370]],[[24904,75865],[-3116,2810]],[[29496,79972],[-4592,-4107]],[[28065,73054],[-3161,2811]],[[29496,79972],[3247,-2835]],[[34493,84342],[3161,-2705]],[[45328,93997],[3189,-2809]],[[50644,98655],[582,-494]],[[52406,97120],[1339,-1144]],[[52940,87227],[-3533,3100]],[[54750,95065],[1938,-1717]],[[56688,93348],[1645,-1431]],[[58333,91917],[-5393,-4690]],[[52940,87227],[-5068,-4365]],[[41921,77708],[-3364,3044]],[[46948,82051],[-5027,-4343]],[[37011,73390],[-3306,2914]],[[41921,77708],[-4910,-4318]],[[32332,69360],[-3277,2914]],[[37011,73390],[-4679,-4030]],[[35522,66472],[-3190,2888]],[[37011,73390],[3131,-2810]],[[41921,77708],[3320,-2810]],[[52940,87227],[2905,-2692]],[[58333,91917],[2913,-2628]],[[58351,128681],[-4230,-3898]],[[54121,124783],[-2592,2237]],[[51529,127020],[4302,3925]],[[50979,121957],[-2535,2289]],[[48444,124246],[3085,2774]],[[54121,124783],[-3142,-2826]],[[47691,119000],[-2622,2263]],[[45069,121263],[3375,2983]],[[50979,121957],[-3288,-2957]],[[44286,116043],[-2418,2290]],[[41868,118333],[3201,2930]],[[47691,119000],[-3405,-2957]],[[40941,112981],[-2564,2342]],[[38377,115323],[3491,3010]],[[44286,116043],[-3345,-3062]],[[35147,112419],[3230,2904]],[[40941,112981],[-3189,-2854]],[[40941,112981],[4267,-3929]],[[44286,116043],[4355,-3903]],[[47691,119000],[4238,-3903]],[[50979,121957],[4238,-3799]],[[54121,124783],[4181,-3852]],[[67905,120173],[-4345,-3925]],[[63560,116248],[-4283,3825]],[[60446,113396],[-4239,3851]],[[63560,116248],[-3114,-2852]],[[57158,110388],[-4297,3850]],[[60446,113396],[-3288,-3008]],[[53885,107483],[-4326,3824]],[[57158,110388],[-3273,-2905]],[[50466,104396],[-4340,3850]],[[53885,107483],[-3419,-3087]],[[50466,104396],[-3157,-2748]],[[50466,104396],[3802,-3435]],[[53885,107483],[3801,-3461]],[[57158,110388],[3801,-3461]],[[60446,113396],[3946,-3513]],[[63560,116248],[3946,-3460]],[[77168,111847],[-4258,-3951]],[[72910,107896],[-4282,3825]],[[72910,107896],[-3172,-2852]],[[69738,105044],[-4238,3773]],[[66363,102035],[-4253,3877]],[[69738,105044],[-3375,-3009]],[[63104,99104],[-4282,3877]],[[66363,102035],[-3259,-2931]],[[59744,96017],[-4268,3851]],[[63104,99104],[-3360,-3087]],[[59744,96017],[-3056,-2669]],[[59744,96017],[4471,-4007]],[[63104,99104],[4490,-4024]],[[66363,102035],[4488,-3996]],[[69738,105044],[4428,-3994]],[[72910,107896],[4440,-3953]],[[110718,100182],[-3179,2762]],[[115886,104962],[-5168,-4780]],[[113879,97289],[-3161,2893]],[[119085,102009],[-5206,-4720]],[[117079,94396],[-3200,2893]],[[122265,99169],[-5186,-4773]],[[109174,93109],[4705,4180]],[[117079,94396],[-4706,-4224]],[[105935,95880],[4783,4302]],[[105030,95182],[-4658,-4232]],[[108364,92307],[-4773,-4198]],[[111563,89432],[-4753,-4267]],[[114394,86886],[-4714,-4302]],[[117517,84089],[-4696,-4294]],[[118365,84829],[4666,4216]],[[123031,89045],[3083,-2805]],[[115262,87601],[4706,4232]],[[119968,91833],[3063,-2788]],[[117079,94396],[2889,-2563]],[[125194,96501],[-5226,-4668]],[[128238,93782],[-5207,-4737]],[[129067,94438],[5374,4905]],[[134441,99343],[3133,-2747]],[[125962,97210],[5432,4855]],[[131394,102065],[3047,-2722]],[[128376,104735],[1839,-1669]],[[130215,103066],[1179,-1001]],[[134932,107351],[-4717,-4285]],[[139186,103526],[-4745,-4183]],[[131394,102065],[4717,4183]],[[139844,104171],[4659,4158]],[[144503,108329],[3104,-2773]],[[136854,106867],[4631,4184]],[[141485,111051],[3018,-2722]],[[138438,113746],[3047,-2695]],[[144503,108329],[4430,4105]],[[141485,111051],[4574,4002]],[[138438,113746],[4574,4054]],[[148443,122654],[3018,-2747]],[[151461,119907],[-4716,-4261]],[[143698,118420],[2459,2117]],[[146157,120537],[2286,2117]],[[154422,117210],[-4745,-4156]],[[151461,119907],[2961,-2697]],[[154422,117210],[3047,-2734]],[[154422,117210],[4517,4209]],[[158939,121419],[3190,-2811]],[[151461,119907],[4575,4054]],[[156036,123961],[2903,-2542]],[[148443,122654],[4517,4080]],[[152960,126734],[3076,-2773]],[[158847,123183],[4168,-3749]],[[152960,126734],[1000,903]],[[154880,126777],[3967,-3594]],[[144446,136226],[4771,-4288]],[[149217,131938],[4743,-4301]],[[146157,120537],[-9544,8589]],[[116343,151489],[-1613,1395]],[[113741,153814],[-4217,3673]],[[114597,162256],[3261,2946]],[[117858,165202],[6872,-5905]],[[117858,165202],[2123,1871]],[[125003,171749],[5592,4863]],[[139689,145893],[6999,-6200]],[[100361,165764],[-2837,2675]],[[97524,168439],[5022,4466]],[[102546,172905],[4867,-4371]],[[102548,163998],[-2187,1766]],[[102546,172905],[5540,4933]],[[108086,177838],[4919,-4394]],[[113005,173444],[-5592,-4910]],[[108086,177838],[4943,4512]],[[113029,182350],[4946,-4370]],[[113029,182350],[5514,4933]],[[123463,182889],[-5488,-4909]],[[87248,159156],[4814,4372]],[[94978,160831],[-4841,-4162]],[[90137,156669],[-2889,2487]],[[93020,164417],[4504,4022]],[[100361,165764],[-4400,-3974]],[[103380,163207],[-4503,-4068]],[[93078,153948],[-2941,2721]],[[97919,158227],[-4841,-4279]],[[94146,153042],[-1068,906]],[[100913,155553],[-4763,-4348]],[[96150,151205],[-1119,1046]],[[106348,160464],[-4400,-4115]],[[109524,157487],[-4091,-3461]],[[105433,154026],[-517,-421]],[[104036,152717],[-1760,-1683]],[[102276,151034],[-2846,-2758]],[[99430,148276],[-3280,2929]],[[147518,138950],[4729,-4223]],[[152247,134727],[-3030,-2789]],[[152247,134727],[4772,-4288]],[[157882,129540],[3966,-3518]],[[161848,126022],[-3001,-2839]],[[161848,126022],[4168,-3774]],[[161848,126022],[3144,2918]],[[152247,134727],[3058,2865]],[[155708,146296],[4312,-3851]],[[160020,142445],[-4087,-3847]],[[160020,142445],[3335,-2928]],[[163355,139517],[-4209,-3801]],[[163355,139517],[3477,-3080]],[[166832,136437],[-4201,-3847]],[[166832,136437],[3220,-2902]],[[170052,133535],[-4231,-3898]],[[170052,133535],[4225,-3800]],[[170052,133535],[4188,3886]],[[166832,136437],[4221,3889]],[[163355,139517],[4254,3947]],[[160020,142445],[4360,3962]],[[56729,131660],[3442,3157]],[[60171,134817],[2629,-2232]],[[62800,132585],[-3521,-3180]],[[62800,132585],[4269,-3813]],[[72300,124239],[-3520,-3367]],[[68032,127982],[4268,-3743]],[[75614,127138],[-3314,-2899]],[[71190,130765],[4424,-3627]],[[62800,132585],[3132,2853]],[[65932,135438],[4295,-3837]],[[60171,134817],[3184,2899]],[[63355,137716],[2577,-2278]],[[63355,137716],[3366,2969]],[[66721,140685],[2550,-2231]],[[69271,138454],[-3339,-3016]],[[69271,138454],[4269,-3836]],[[78744,129922],[-2895,-2575]],[[75849,127347],[-235,-209]],[[74477,133803],[4267,-3881]],[[82344,133217],[-3160,-2898]],[[79184,130319],[-205,-188],[-235,-209]],[[78101,136983],[4243,-3766]],[[69271,138454],[3625,3180]],[[72896,141634],[4268,-3837]],[[66721,140685],[465,444],[3133,2830]],[[70319,143959],[2577,-2325]],[[70319,143959],[3313,3015]],[[73632,146974],[2602,-2301]],[[76234,144673],[-3338,-3039]],[[76234,144673],[4269,-3813]],[[85710,136070],[-3366,-2853]],[[81414,139976],[4296,-3906]],[[89295,139284],[-3585,-3214]],[[84961,143203],[4334,-3919]],[[76234,144673],[3573,3133]],[[79807,147806],[4268,-3766]],[[73632,146974],[3494,3087]],[[77126,150061],[2681,-2255]],[[77126,150061],[3418,3063]],[[80544,153124],[2654,-2302]],[[83198,150822],[-3391,-3016]],[[83198,150822],[4184,-3783]],[[92647,142289],[-3352,-3005]],[[88352,146196],[4295,-3907]],[[95857,145142],[-3210,-2853]],[[91432,148978],[4425,-3836]],[[83198,150822],[3158,2783]],[[86356,153605],[4165,-3720]],[[80544,153124],[3132,2852]],[[83676,155976],[2680,-2371]],[[83676,155976],[3572,3180]],[[90137,156669],[-3781,-3064]],[[99430,148276],[-725,-515]],[[98705,147761],[-2848,-2619]],[[206484,43829],[-14598,-6887]],[[119242,187892],[3832,3391]],[[123074,191283],[2936,-2489]],[[126010,188794],[-3801,-3562]],[[123074,191283],[3261,3062]],[[126335,194345],[3020,-2582]],[[129355,191763],[-3345,-2969]],[[126335,194345],[3391,2970]],[[129726,197315],[2974,-2556]],[[132700,194759],[-3345,-2996]],[[133206,188375],[-3851,3388]],[[132700,194759],[3736,-3389]],[[129776,185379],[-3766,3415]],[[130638,184661],[4398,-3877]],[[135036,180784],[-3860,-3460]],[[138409,183702],[-3373,-2918]],[[134011,187604],[4398,-3902]],[[137299,190600],[4369,-3955]],[[141668,186645],[-3259,-2943]],[[129726,197315],[3055,2781]],[[132781,200096],[2920,-2626]],[[135701,197470],[-3001,-2711]],[[132781,200096],[3391,3087]],[[136172,203183],[2987,-2563]],[[139159,200620],[-3458,-3150]],[[136172,203183],[3934,3460]],[[140106,206643],[2883,-2538]],[[142989,204105],[-3830,-3485]],[[143040,197231],[-3881,3389]],[[142989,204105],[3767,-3466]],[[139581,194158],[-3880,3312]],[[140443,193388],[4340,-3929]],[[144783,189459],[-3115,-2814]],[[148242,192532],[-3459,-3073]],[[143931,196435],[4311,-3903]],[[147618,199894],[4426,-3902]],[[152044,195992],[-3802,-3460]],[[140106,206643],[3383,3077]],[[143489,209720],[2817,-2645]],[[146306,207075],[-3317,-2970]],[[143489,209720],[3244,2909]],[[146733,212629],[2917,-2482]],[[149650,210147],[-1629,-1497]],[[148021,208650],[-1715,-1575]],[[146733,212629],[3650,3250]],[[150383,215879],[2812,-2531]],[[153195,213348],[-3545,-3201]],[[153473,206680],[-3823,3467]],[[153195,213348],[3852,-3517]],[[150186,203660],[-3880,3415]],[[148021,208650],[3851,-3389]],[[151077,202890],[4369,-3903]],[[155446,198987],[-3402,-2995]],[[154507,205911],[4255,-3903]],[[158762,202008],[-3316,-3021]],[[162278,205132],[-1686,-1549]],[[160592,203583],[-1830,-1575]],[[157938,209061],[4340,-3929]],[[150383,215879],[3162,2853]],[[153545,218732],[2823,-2517]],[[156368,216215],[-3173,-2867]],[[153545,218732],[3108,2619]],[[156653,221351],[2253,-1930]],[[158906,219421],[549,-366]],[[159455,219055],[-3087,-2840]],[[156653,221351],[3464,3165]],[[160117,224516],[2297,-2031]],[[162414,222485],[-3508,-3064]],[[163450,215512],[-3995,3543]],[[162414,222485],[4581,-3695]],[[160277,212671],[-3909,3544]],[[161140,211875],[4340,-3851]],[[165480,208024],[-3202,-2892]],[[164313,214767],[4340,-3825]],[[168653,210942],[-3173,-2918]],[[172226,214143],[-3573,-3201]],[[167914,218020],[4312,-3877]],[[160117,224516],[3784,3439]],[[163901,227955],[2273,-2031]],[[166174,225924],[-3760,-3439]],[[163901,227955],[3253,3001]],[[167154,230956],[2412,-2093]],[[169566,228863],[-3392,-2939]],[[167154,230956],[3183,2896]],[[170337,233852],[2436,-2051]],[[172773,231801],[-3207,-2938]],[[172773,231801],[4269,-3730]],[[173789,225112],[-4223,3751]],[[170420,222111],[-4246,3813]],[[171371,221344],[4571,-3870]],[[175942,217474],[-3716,-3331]],[[179403,220346],[-3461,-2872]],[[174809,224345],[4594,-3999]],[[177947,227221],[4616,-3957]],[[182563,223264],[-3160,-2918]],[[170337,233852],[3254,2980]],[[173591,236832],[2482,-2175]],[[176073,234657],[-3300,-2856]],[[173591,236832],[3046,2710]],[[176637,239542],[2412,-2197]],[[179049,237345],[-2976,-2688]],[[176637,239542],[3806,3397]],[[180443,242939],[2483,-2135]],[[182926,240804],[-3877,-3459]],[[182926,240804],[4246,-3896]],[[183341,233573],[-4292,3772]],[[180295,230885],[-4222,3772]],[[181246,230160],[4478,-4062]],[[185724,226098],[-3161,-2834]],[[184176,232785],[4524,-3937]],[[188700,228848],[-2976,-2750]],[[188054,236141],[4384,-3917]],[[192438,232224],[-3738,-3376]],[[202658,217180],[-4515,3338]],[[198143,220518],[3599,3292]],[[201742,223810],[4454,-3708]],[[199542,214418],[-4110,3620]],[[195432,218038],[2711,2480]],[[196255,211629],[-4025,3595]],[[192230,215224],[3202,2814]],[[193110,208712],[-4081,3594]],[[189029,212306],[3201,2918]],[[189652,205381],[-4196,3697]],[[185456,209078],[3573,3228]],[[185936,202102],[-4196,3672]],[[181740,205774],[3716,3304]],[[197427,227644],[4315,-3834]],[[198143,220518],[-4385,3854]],[[195432,218038],[-4720,3687]],[[192230,215224],[-4340,3773]],[[189029,212306],[-4368,3774]],[[185456,209078],[-4340,3800]],[[181740,205774],[-4341,3800]],[[192438,232224],[4292,-3937]],[[193016,224973],[-4316,3875]],[[189995,222295],[-4271,3803]],[[187057,219690],[-4494,3574]],[[183798,216798],[-4395,3548]],[[180196,213674],[-4254,3800]],[[176423,210343],[-4197,3800]],[[182334,198823],[-4225,3723]],[[178109,202546],[3631,3228]],[[178990,195828],[-4140,3671]],[[174850,199499],[3259,3047]],[[175788,192988],[-4111,3671]],[[171677,196659],[3173,2840]],[[172386,189889],[-4081,3620]],[[168305,193509],[3372,3150]],[[168985,186869],[-4082,3594]],[[164903,190463],[3402,3046]],[[165726,183848],[-4024,3646]],[[161702,187494],[3201,2969]],[[178109,202546],[-4340,3799]],[[174850,199499],[-4254,3981]],[[171677,196659],[-4225,3929]],[[168305,193509],[-4370,3955]],[[164903,190463],[-4426,4031]],[[161702,187494],[-4542,3928]],[[172993,207116],[-4340,3826]],[[169705,204224],[-4225,3800]],[[166475,201332],[-4197,3800]],[[163016,198182],[-4254,3826]],[[160592,203583],[4167,-3800]],[[159700,195136],[-4254,3851]],[[156356,192141],[-4312,3851]],[[162039,180414],[-4110,3620]],[[157929,184034],[3773,3460]],[[158466,177238],[-4054,3672]],[[154412,180910],[1773,1549]],[[156185,182459],[4139,-3594]],[[155350,174450],[-4024,3646]],[[151326,178096],[3086,2814]],[[152275,171623],[-4123,3555]],[[148152,175178],[3174,2918]],[[148947,168563],[-4139,3594]],[[144808,172157],[3344,3021]],[[141035,168646],[3773,3511]],[[157929,184034],[-4485,4005]],[[157929,184034],[-1744,-1575]],[[154412,180910],[-4541,3979]],[[151326,178096],[-4571,4056]],[[148152,175178],[-4575,4165]],[[144808,172157],[-4656,4160]],[[152525,188732],[-4283,3800]],[[149038,185634],[-4255,3825]],[[145865,182871],[-4197,3774]],[[142635,180004],[-4226,3698]],[[139261,177010],[-4225,3774]],[[109755,150167],[-4322,3859]],[[106441,147174],[-4165,3860]],[[102973,144041],[-4268,3720]],[[99814,141468],[-3957,3674]],[[96656,138569],[-4009,3720]],[[93394,135577],[-4099,3707]],[[98601,130880],[-4269,3766]],[[97386,137405],[4217,-3860]],[[101603,133545],[-3002,-2665]],[[100856,140445],[4268,-3767]],[[105124,136678],[-3521,-3133]],[[103858,143250],[4372,-3859]],[[108230,139391],[-3106,-2713]],[[107482,146384],[4217,-3860]],[[111699,142524],[-3469,-3133]],[[110744,149190],[4164,-3720]],[[114908,145470],[-3209,-2946]],[[118843,149117],[-3935,-3647]],[[119053,141768],[-4145,3702]],[[115791,138778],[-4092,3746]],[[112423,135691],[-4193,3700]],[[109392,132912],[-4268,3766]],[[105924,129733],[-4321,3812]],[[102869,127020],[-4268,3860]],[[89718,132443],[-4008,3627]],[[86456,129590],[-4112,3627]],[[83143,126691],[-3959,3628]],[[79985,123699],[-4136,3648]],[[76309,120612],[-4009,3627]],[[77454,119589],[4320,-3767]],[[81774,115822],[-3675,-3273]],[[80975,122675],[4321,-3766]],[[85296,118909],[-3522,-3087]],[[84340,125668],[4268,-3766]],[[88608,121902],[-3312,-2993]],[[87550,128567],[4061,-3907]],[[91611,124660],[-3003,-2758]],[[90811,131513],[4217,-3860]],[[95028,127653],[-3417,-2993]],[[98601,130880],[-3573,-3227]],[[99401,123887],[-4373,3766]],[[95984,120894],[-4373,3766]],[[92903,118066],[-4295,3836]],[[89668,115096],[-4372,3813]],[[86199,112009],[-4425,3813]],[[194885,176098],[-4887,-4434]],[[189998,171664],[-3223,2816]],[[192876,169072],[-2878,2592]],[[197809,173464],[-4933,-4392]],[[201038,170685],[-4840,-4392]],[[196198,166293],[-3322,2779]],[[204080,168010],[-4840,-4372]],[[199240,163638],[-3042,2655]],[[207355,165146],[-4840,-4330]],[[202515,160816],[-3275,2822]],[[205721,157953],[-3206,2863]],[[197939,156746],[4576,4070]],[[194725,159686],[4515,3952]],[[191730,162319],[4468,3974]],[[188525,165037],[4351,4035]],[[185600,167712],[4398,3952]],[[184599,166934],[-5446,-4897]],[[179153,162037],[-2994,2612]],[[187617,164301],[-5498,-4933]],[[182119,159368],[-2966,2669]],[[185260,156562],[-3141,2806]],[[190729,161458],[-5469,-4896]],[[193784,158812],[-5433,-4928]],[[188351,153884],[-3091,2678]],[[197043,155818],[-5386,-4825]],[[191657,150993],[-3306,2891]],[[194809,148200],[-3152,2793]],[[176384,137245],[4955,4509]],[[181339,141754],[3136,-2759]],[[173178,140119],[4956,4498]],[[178134,144617],[3205,-2863]],[[170078,142857],[4968,4519]],[[175046,147376],[3088,-2759]],[[166966,145626],[4991,4551]],[[171957,150177],[3089,-2801]],[[163936,148312],[5002,4561]],[[168938,152873],[3019,-2696]],[[165890,155575],[3048,-2702]],[[173470,156924],[-4532,-4051]],[[176401,154275],[-4444,-4098]],[[179583,151411],[-4537,-4035]],[[182601,148736],[-4467,-4119]],[[185947,145852],[-4608,-4098]],[[186738,146588],[4919,4405]],[[183463,149451],[4888,4433]],[[180374,152189],[4886,4373]],[[177285,155032],[4834,4336]],[[174267,157644],[4886,4393]],[[149809,167716],[4341,-3929]],[[153181,170815],[4371,-3981]],[[156212,173602],[4427,-3851]],[[159357,176416],[4397,-3954]],[[162901,179644],[4312,-4031]],[[166646,183000],[4398,-3902]],[[176218,174451],[-3750,-3430]],[[172468,171021],[-4163,3719]],[[172021,178199],[4197,-3748]],[[172468,171021],[-3465,-3170]],[[169003,167851],[-4242,3739]],[[169003,167851],[-3039,-2780]],[[165964,165071],[-4269,3737]],[[165964,165071],[-3267,-2988]],[[162697,162083],[-4196,3826]],[[162697,162083],[-3344,-2969]],[[159353,159114],[-4140,3801]],[[159353,159114],[-3745,-3434]],[[159353,159114],[4455,-4005]],[[162697,162083],[4541,-3902]],[[165964,165071],[4480,-3976]],[[169003,167851],[4475,-3997]],[[172468,171021],[4501,-3994]],[[176218,174451],[4512,-4005]],[[176218,174451],[3287,2969]],[[179505,177420],[4527,-3993]],[[179505,177420],[3401,3098]],[[182906,180518],[4571,-3979]],[[182906,180518],[3316,2995]],[[186222,183513],[4542,-4031]],[[186222,183513],[3202,2943]],[[189424,186456],[4605,-4063]],[[189424,186456],[3401,3047]],[[192825,189503],[4599,-4082]],[[192825,189503],[3688,3331]],[[196513,192834],[4627,-4108]],[[192825,189503],[-4225,3749]],[[192202,196556],[4311,-3722]],[[189424,186456],[-4168,3801]],[[186222,183513],[-4197,3903]],[[182906,180518],[-4225,3749]],[[179505,177420],[-4254,3774]],[[169905,186047],[4340,-3903]],[[173307,189042],[4253,-3774]],[[176679,192115],[4312,-3826]],[[179909,195083],[4341,-3902]],[[185908,192730],[-4370,3825]],[[183225,197976],[4369,-3775]],[[186885,201280],[4368,-3902]],[[196513,192834],[3745,3331]],[[200258,196165],[4598,-4135]],[[200258,196165],[3544,3201]],[[203802,199366],[4628,-4031]],[[203802,199366],[3202,2866]],[[207004,202232],[4656,-4083]],[[207004,202232],[3173,2917]],[[210177,205149],[4671,-4121]],[[210177,205149],[3049,2642]],[[213226,207791],[4580,-4091]],[[213226,207791],[3440,2962]],[[216666,210753],[4570,-4108]],[[213226,207791],[-4330,3869]],[[212268,214758],[4398,-4005]],[[210177,205149],[-4254,3749]],[[207004,202232],[-4283,3799]],[[203802,199366],[-4311,3723]],[[200258,196165],[-4397,3747]],[[190515,204662],[4426,-3902]],[[194088,207838],[4340,-3877]],[[197346,210756],[4398,-3903]],[[200491,213570],[4368,-3774]],[[203550,216307],[4397,-3774]],[[206964,219368],[4471,-3917]],[[212546,191882],[-2047,-1891]],[[210499,189991],[-3182,2759]],[[209458,194621],[3088,-2739]],[[212546,191882],[2373,2123]],[[217798,191413],[-4398,-3972]],[[213400,187441],[-2901,2550]],[[221027,188613],[-4375,-3973]],[[216652,184640],[-3252,2801]],[[224045,186000],[-4375,-3930]],[[219670,182070],[-3018,2570]],[[227203,183137],[-4280,-3972]],[[222923,179165],[-3253,2905]],[[226151,176406],[-3228,2759]],[[227901,183768],[4329,3909]],[[232230,187677],[3182,-2822]],[[224720,186589],[4304,3930]],[[229024,190519],[3206,-2842]],[[226029,193069],[2995,-2550]],[[221795,189243],[4234,3826]],[[218519,192044],[4305,3867]],[[222824,195911],[3205,-2842]],[[219852,198565],[2972,-2654]],[[215595,194636],[4257,3929]],[[216904,201220],[2948,-2655]],[[224274,202559],[-4422,-3994]],[[221325,205151],[2949,-2592]],[[224274,202559],[2948,-2675]],[[227222,199884],[-4398,-3973]],[[227222,199884],[3135,-2906]],[[230357,196978],[-4328,-3909]],[[230357,196978],[2902,-2655]],[[233259,194323],[-4235,-3804]],[[233259,194323],[3182,-2779]],[[236441,191544],[-4211,-3867]],[[236441,191544],[3202,-2818]],[[222141,205844],[18313,-16414]],[[200306,180911],[-4746,-4309]],[[197171,183628],[3135,-2717]],[[200306,180911],[2878,-2592]],[[203184,178319],[-4723,-4287]],[[203184,178319],[3206,-2884]],[[206390,175435],[-4724,-4183]],[[206390,175435],[3018,-2655]],[[209408,172780],[-4700,-4161]],[[212614,169834],[-4654,-4183]],[[209408,172780],[3206,-2946]],[[212614,169834],[3135,-2801]],[[212614,169834],[2001,1848]],[[214615,171682],[3205,-2737]],[[217198,173974],[-2583,-2292]],[[209408,172780],[4514,4099]],[[213922,176879],[3276,-2905]],[[206390,175435],[4538,4119]],[[210928,179554],[2994,-2675]],[[203184,178319],[4585,4057]],[[207769,182376],[3159,-2822]],[[200306,180911],[4515,3994]],[[204821,184905],[2948,-2529]],[[201732,187726],[3089,-2821]],[[208467,183048],[3251,-2779]],[[211718,180269],[3019,-2718]],[[214737,177551],[3182,-2863]],[[217919,174688],[3136,-2821]],[[220333,171236],[-3135,2738]],[[202547,188399],[3065,-2780]],[[205612,185619],[2855,-2571]],[[210499,189991],[-4887,-4372]],[[213400,187441],[-4933,-4393]],[[216652,184640],[-4934,-4371]],[[219670,182070],[-4933,-4519]],[[222923,179165],[-5004,-4477]],[[654739,434464],[-4198,-4980],[3676,-2411]],[[654217,427073],[-685,-800]],[[653532,426273],[-3648,2437],[-7168,-8694]],[[642716,420016],[-2233,-1010]],[[640483,419006],[2570,3122]],[[643053,422128],[2913,3637]],[[645966,425765],[2970,3509],[-3418,2335]],[[645518,431609],[-3074,2052],[-2941,-3560]],[[639503,430101],[-2999,-3664]],[[636504,426437],[-2827,-3483]],[[633677,422954],[-9396,-11275]],[[624281,411679],[-2462,-1139]],[[621819,410540],[2741,3380]],[[624560,413920],[2228,2709]],[[626788,416629],[1286,1548]],[[628074,418177],[1799,2064]],[[629873,420241],[1513,1858]],[[631386,422099],[1286,1599]],[[632672,423698],[2913,3534]],[[635585,427232],[1341,1703]],[[636926,428935],[1543,1884]],[[638469,430819],[3369,4050]],[[641838,434869],[2941,3715]],[[644779,438584],[3199,3844]],[[647978,442428],[2856,3509]],[[650834,445937],[3227,3947]],[[654061,449884],[2884,3535]],[[656945,453419],[1685,2038]],[[658630,455457],[371,464]],[[659001,455921],[514,620]],[[659515,456541],[2228,2657]],[[661743,459198],[34,-1777]],[[661777,457421],[-6768,-8384]],[[655009,449037],[-3112,-3921]],[[651897,445116],[-2856,-3458]],[[649041,441658],[-1628,-1909]],[[647413,439749],[-1542,-1832]],[[645871,437917],[-2798,-3508],[3044,-2001]],[[646117,432408],[3505,-2386],[2770,3458]],[[652392,433480],[3141,3869]],[[655533,437349],[2684,3380]],[[658217,440729],[2913,3354]],[[661130,444083],[-51,-1622]],[[661079,442461],[-3770,-4798]],[[657309,437663],[-2570,-3199]],[[657871,459961],[3941,4695]],[[661812,464656],[-69,-5458]],[[659515,456541],[-1644,3420]],[[651360,451757],[2798,3560]],[[654158,455317],[2787,-1898]],[[654061,449884],[-2701,1873]],[[648048,447835],[3312,3922]],[[650834,445937],[-2786,1898]],[[645135,444249],[2913,3586]],[[647978,442428],[-2843,1821]],[[641993,440405],[3142,3844]],[[644779,438584],[-2786,1821]],[[638938,436716],[3055,3689]],[[641838,434869],[-2900,1847]],[[635625,432665],[3313,4051]],[[638469,430819],[-2844,1846]],[[632655,429028],[1399,1754]],[[634054,430782],[2872,-1847]],[[635585,427232],[-2930,1796]],[[629828,425622],[2827,3406]],[[632672,423698],[-2844,1924]],[[626972,422139],[1428,1806]],[[628400,423945],[2986,-1846]],[[629873,420241],[-2901,1898]],[[623917,418424],[1370,1574]],[[625287,419998],[2787,-1821]],[[626788,416629],[-2871,1795]],[[614749,407304],[6882,8436]],[[621631,415740],[2929,-1820]],[[621819,410540],[-7070,-3236]],[[633677,422954],[3073,-1949]],[[636750,421005],[-4883,-5883]],[[631867,415122],[-7586,-3443]],[[636504,426437],[3102,-2026]],[[639606,424411],[-2856,-3406]],[[639503,430101],[3016,-2079]],[[642519,428022],[-2913,-3611]],[[645518,431609],[-2999,-3587]],[[645871,437917],[3102,-2026]],[[648973,435891],[-2856,-3483]],[[647413,439749],[3131,-1923]],[[650544,437826],[-1571,-1935]],[[651897,445116],[2902,-2053]],[[654799,443063],[-2684,-3405]],[[652115,439658],[-3074,2000]],[[655009,449037],[2988,-2078]],[[657997,446959],[-3198,-3896]],[[661777,457421],[-181,-6128]],[[661596,451293],[-3599,-4334]],[[661596,451293],[-466,-7210]],[[658217,440729],[-3418,2334]],[[655533,437349],[-3418,2309]],[[652392,433480],[-3419,2411]],[[650544,437826],[1571,1832]],[[645966,425765],[-3447,2257]],[[643053,422128],[-3447,2283]],[[640483,419006],[-8616,-3884]],[[653532,426273],[-1828,-2193],[-8988,-4064]],[[654739,434464],[3735,-2488]],[[658474,431976],[-2057,-2400],[-2200,-2503]],[[661079,442461],[-380,-7030]],[[660699,435431],[-3390,2232]],[[634054,430782],[1571,1883]],[[628400,423945],[1428,1677]],[[621631,415740],[2286,2684]],[[660699,435431],[-26,-901],[-2199,-2554]],[[625287,419998],[1685,2141]],[[654158,455317],[1657,2090]],[[655815,457407],[2815,-1950]],[[655815,457407],[1028,1187]],[[656843,458594],[2158,-2673]],[[656843,458594],[1028,1367]],[[579310,364973],[-3174,-3749],[-41585,-21138],[-3801,-3794],[-1719,1205]],[[529031,337497],[22730,12682],[27549,14794]],[[213675,125714],[-6243,-2230],[-1143,-1032],[-7545,-7280],[-5486,-5936],[-3374,-2377]],[[189884,106859],[-25947,11238]],[[189884,106859],[-1174,-544],[-4489,-3461],[-3665,-1580],[-368,-1545],[1869,-1720]],[[182057,98009],[-3059,-2609],[-5320,-3927],[-3256,-3922],[-4860,-3977],[-4678,-7582],[-221,-2730],[-3542,-4128],[-9237,-6847]],[[147884,62287],[-24526,18789]],[[580517,583546],[-1806,453]],[[578711,583999],[-602,123],[777,2745],[3243,-823],[-872,-2621],[-740,123]],[[576808,570902],[-2220,-255]],[[574588,570647],[4123,13352]],[[580517,583546],[-3709,-12644]],[[562314,530370],[1951,-484]],[[564265,529886],[832,-178],[-937,-2989],[-3471,815],[994,2989],[631,-153]],[[562314,530370],[453,1624]],[[562767,531994],[2831,2143]],[[565598,534137],[-1333,-4251]],[[356491,302979],[1931,4036],[908,5489],[3551,4248],[1188,4825],[906,6195],[551,1580]],[[365526,329352],[1210,-2532],[-1186,-5489],[-553,-750],[-958,-4366],[-3272,-4455],[-1742,-5158],[-2534,-3623]],[[403054,404010],[-11728,6787],[10261,19185],[2390,4911],[9580,14571],[7446,1473],[3004,1046]],[[424007,451983],[4382,-2732],[-4029,-6452],[-4203,-10318],[-3804,-4353],[-7475,-14503],[-4672,-7992],[-1152,-1623]],[[82288,24451],[-11374,10199]],[[94185,33274],[-8980,-7903],[-2917,-920]],[[178889,244410],[1554,-1471]],[[9408,89524],[-9408,8378],[1397,1628],[8190,-7315],[56194,50441],[55711,50050],[-8118,7479],[1513,1403],[8173,-7345],[55829,50167]],[[463658,499339],[-1663,-1292]],[[461995,498047],[-35984,33157],[-10474,9687],[1754,1583],[38571,-36089],[7796,-7046]],[[406251,447824],[15552,13921]],[[421803,461745],[516,-2284]],[[422319,459461],[-14582,-13129],[-1486,1492]],[[313130,431051],[-1453,-1354]],[[311677,429697],[-9583,8683],[1523,1458],[9513,-8787]],[[199195,329396],[-1661,-1417]],[[197534,327979],[-10742,9470],[1730,1480],[10673,-9533]],[[577136,598389],[-56019,-50070],[-33687,-30051]],[[487430,518268],[-3469,-466]],[[483961,517802],[35764,31801],[56114,50265],[1297,-1479]],[[988671,870824],[11253,5568]],[[999924,876392],[75,-24282],[-11328,18714]],[[827028,808294],[-570,465],[-1279,-2498]],[[825179,806261],[-3497,18681],[-12104,17160],[-10881,13886],[-10035,-3348],[-24135,19130],[-19731,3496]],[[744796,875266],[-877,3265]],[[743919,878531],[21283,-4942],[24331,-18680],[9901,3114],[12008,-14527],[3950,-5073],[2252,-4318],[6164,-8707],[3220,-17104]],[[838090,795239],[3815,-4787],[1993,-12363],[1017,-648]],[[844915,777441],[931,-616]],[[845846,776825],[10882,-7203]],[[856728,769622],[2704,-1790],[9422,-10582],[14383,-10193]],[[883237,747057],[7204,-5221]],[[890441,741836],[-2898,-2780]],[[887543,739056],[-5510,5576],[-14615,5052],[-5136,12644],[-6906,4976]],[[855376,767304],[-10650,7673]],[[844726,774977],[-2977,2145],[-1892,11429],[-14678,17710]],[[827028,808294],[3192,-3837],[7870,-9218]],[[907580,708626],[6327,-2144]],[[913907,706482],[7502,-4910],[-9651,-23859],[74,-3706],[2021,-1390],[5058,-3276],[2316,-4761],[-6932,-6996],[8097,-9570],[132,-10867],[9282,-1065],[-1833,-2194]],[[929973,633888],[-9319,-201],[-8369,25936],[4860,4613],[-9759,11365],[10562,24973],[-15683,6550],[-12911,14435],[-1811,17497]],[[890441,741836],[1746,-20403],[13263,-12123],[2130,-684]],[[786965,937098],[2925,-9833],[4263,-10234],[2786,-4616],[3502,-4436],[4664,-3956],[4148,-4978],[7105,-8916],[4245,-4779],[2462,-4005],[2243,-5006],[3675,-4113],[2859,-4505],[1525,-5019],[1098,-2842],[2495,-6638],[1178,-5009],[1105,-5342],[3771,-19070],[2802,-9882],[252,-9556],[2169,-5140],[-207,-5034],[-864,-8636],[-1320,-8728]],[[844915,777441],[-2402,12618],[-4423,5180]],[[743919,878531],[-3157,12881],[-8157,5025],[-6315,5585],[-2624,4382]],[[723666,906404],[63299,30694]],[[786965,937098],[2668,1251],[25250,12364]],[[814883,950713],[1466,-2036],[996,-1986],[4529,-8245],[2883,-4171],[1944,-4418],[3650,-4069],[4837,-3932],[2858,-4182],[2607,-2750],[2829,-2537],[3206,-4715],[4590,-4000],[6267,-10118],[2564,-4961],[3280,-4581],[430,-2932],[554,-3121],[1868,-3807],[2990,-6760],[-1589,-6338],[-764,-935],[-3297,-5909],[4223,-5445],[1649,-4985],[4125,-5846],[1427,-5252],[412,-5188],[-5827,-12049],[-5451,-5692],[-7,-5612],[-3745,-5265],[-1894,-19695],[-1765,-9559]],[[814883,950713],[25719,12565],[71885,34802]],[[912487,998080],[11236,-18749],[26221,-43755],[37607,-63044]],[[987551,872532],[1120,-1708]],[[988671,870824],[-69464,-33337],[25072,-41929],[25095,-41785],[24773,-41530],[-79132,-39052],[-1525,809],[18,2145],[9548,25147],[-6249,4207],[-2900,983]],[[907580,708626],[-13794,11934],[-1921,20857],[-8628,5640]],[[987551,872532],[12366,6026],[7,-2166]],[[106114,22684],[-10937,-9603]],[[95177,13081],[-12889,11370]],[[95177,13081],[2512,-2219]],[[97689,10862],[-1181,19],[-1010,195],[-1112,230],[-1880,678],[-1112,460],[76,195],[-293,35],[-128,68],[-231,127],[-76,-173],[-959,449],[-2276,620],[-2850,-1845]],[[84657,11920],[-7661,1775]],[[76996,13695],[2673,1897],[-3529,598]],[[76140,16190],[218,3310],[1246,3098],[4684,1853]],[[97689,10862],[2450,-2165],[-1675,138],[-9269,2034],[-4538,1051]],[[76996,13695],[-3528,817],[2672,1678]],[[854340,763347],[-551,-2103]],[[853789,761244],[-2856,1702],[452,1825],[2955,-1424]],[[847038,739043],[-3104,2199],[677,1014],[2238,-1282]],[[846849,740974],[-163,-414],[352,-1517]],[[773062,634403],[-2303,-1319],[-940,582]],[[769819,633666],[912,611],[-813,730],[678,365],[835,-689],[565,182],[1066,-462]],[[677483,622817],[-1336,-1846],[-497,264],[-384,-1197],[-745,203],[361,1197],[-1751,-417]],[[673131,621021],[1604,2478],[2748,-682]],[[768607,673004],[1506,904]],[[770113,673908],[257,-1173],[655,-893],[-677,-385],[-610,852],[-1131,695]],[[836155,746343],[736,2009]],[[836891,748352],[3204,-3256],[1355,-1420],[-1129,-2028],[-2710,1623],[-1456,3072]],[[843788,770720],[5113,-3109],[-452,-1623],[-5023,3093]],[[843426,769081],[362,1639]],[[664907,585750],[-2152,458]],[[662755,586208],[1063,829],[297,1121],[810,-168],[-339,-1115],[321,-1125]],[[844726,774977],[-938,-4257]],[[843426,769081],[-410,-1861],[-2766,-9708],[-3359,-9160]],[[836155,746343],[-763,-2078],[-2436,-4551],[-1717,-4638],[-5391,-1036],[-6203,-2382],[-8609,-855],[-5781,-2614],[-1576,-2416],[1545,-3707],[2199,-6906],[1453,-5919],[564,-6266],[-1939,-5306],[-4047,-3310],[-2886,-3019],[-3084,-2763],[-6544,-4250],[-2707,-4618],[-11273,-3495],[-4395,-2989],[-2452,683]],[[768607,673004],[433,-4144],[-6528,-9139],[-4866,-2757],[-5165,-1969],[-3855,1465]],[[748626,656460],[-1026,390],[-2374,-1727]],[[745226,655123],[-5378,-3914],[-1377,-2848],[-3780,-1722],[182,-2766],[-5163,-2957],[-5140,-1969],[-6483,-50],[-5339,-1835],[-9361,-5380],[-9532,-6135],[-10948,-4328],[-3611,-631],[-1813,2229]],[[673131,621021],[-1573,-2430],[-2518,-1607],[-1699,-2893],[-4677,244],[-2100,-1005],[-5604,-4448],[-4527,11],[-8920,3845],[-5986,-671],[-3091,-697],[-1313,575]],[[631123,611945],[-4524,-1156]],[[626599,610789],[-749,-5769],[-4742,-9444],[-5959,-3340],[-9007,-5134],[-3877,-3294],[-4895,-3296],[-4754,-4043],[-5453,-2341],[-1101,-3078],[-3193,116],[-6061,-264]],[[574588,570647],[-5365,-1094],[-8100,811],[-7032,-724],[-5269,-2175],[-4752,-4334],[-3412,-3915],[-3363,-4914],[-2851,-5867],[-1366,-7110],[-1613,-2249],[-1189,-4616]],[[530276,534460],[-7425,6797],[-7437,-4175],[6007,-11996]],[[521421,525086],[-1104,-2247],[-4767,237],[-3099,-424],[-8051,-269],[-6796,-1846],[-10174,-2269]],[[577136,598389],[47283,53237],[11670,58478],[36519,25071],[8945,3767],[34263,10308],[-9,18902],[-1303,5175],[-5604,19765],[-6586,17318],[-8650,12624],[-12350,17037],[1561,7038],[8839,14290],[14868,8782],[18502,2235],[10642,-696],[5969,-1863],[5106,-2809],[-2005,8218]],[[627993,565035],[10224,6956],[293,201],[58,85],[-1408,3584],[2276,949],[244,-438],[894,-292],[1057,73],[1003,170]],[[642634,576323],[10101,-12643],[1386,-3394],[-3572,-3485],[-7418,-2156],[-4715,4391],[-10423,5999]],[[534535,512716],[-870,3146],[0,1461],[-365,383],[1585,1296],[1138,-1095],[3517,2703]],[[539540,520610],[77,-1342],[2292,-9082],[-3548,-2017],[-3826,4547]],[[631123,611945],[-407,-1408],[1264,-3488],[-2032,-1076],[-1197,3672],[-541,-21],[-5,-39],[-41,-1],[-361,20],[30,307],[-1234,878]],[[530276,534460],[-2091,-3283],[-544,-70],[-466,-314],[233,-175],[-1320,-1011],[-1165,-1047],[-1010,-802],[-272,244],[-1320,-837],[-900,-2079]],[[401351,326200],[5373,-1567],[-676,-5903],[-6343,899]],[[399705,319629],[-1379,661]],[[398326,320290],[-63,312],[-3037,4125],[-518,898],[-1888,2295],[-593,565],[778,1198],[2777,-1031],[2710,730]],[[398492,329382],[2859,-3182]],[[317752,210760],[1550,-820],[-770,-1109],[-1837,896]],[[316695,209727],[-239,655],[271,325],[1025,53]],[[373690,349312],[1184,-3149],[-732,-1606],[244,-439],[-650,-1350],[-2804,620],[-570,-329],[-1453,-398]],[[368909,342661],[-2102,6354],[5458,803]],[[372265,349818],[1425,-506]],[[343409,253653],[-219,-473]],[[343190,253180],[-1124,543],[294,507],[1049,-577]],[[330359,231620],[-319,-467]],[[330040,231153],[-1273,643],[339,528],[1253,-704]],[[748626,656460],[-180,-1433],[858,-547],[-610,-508],[-948,589],[-362,-386],[-2158,948]],[[424007,451983],[-1688,7478]],[[422319,459461],[25236,22793]],[[447555,482254],[355,-1998],[-2845,-5112],[-2845,-4527],[-2926,-4892],[-1301,-1899],[-1951,-2555],[-406,-511],[-3902,-4747],[-163,-949],[569,-730],[651,-365],[975,-219],[1301,657],[2194,1168],[3008,2191],[10079,7740],[4390,4089],[3902,2702],[894,1168],[-1545,730],[2357,2629],[5772,1534],[0,-1023],[-976,-1533],[325,-73],[-812,-1023],[-813,438],[-1382,-1095],[-3495,-3651],[-3740,-2921],[-3657,-2920],[-5121,-3944],[-4552,-3358],[-1301,-1607],[-2520,-3651],[-1382,-1095],[-1056,657],[-6341,-1826],[-5288,2250]],[[487430,518268],[-23765,-21464],[-16110,-14550]],[[421803,461745],[40192,36302]],[[463658,499339],[20303,18463]],[[473922,457137],[362,1658],[-99,186],[687,941],[262,-39],[3025,4129],[1951,2628],[1084,1850],[1146,-601]],[[482340,467889],[-5342,-7253],[-758,-1493],[-1156,-1331],[-1162,-675]],[[500104,489912],[-3085,-5078],[1033,-4694],[-2357,-1129],[-4663,-3544],[-4156,-2753],[-3503,-4415]],[[483373,468299],[-542,-682],[-491,272]],[[482340,467889],[3058,3906],[3130,5702],[7379,8082],[4197,4333]],[[483373,468299],[4775,-2980],[197,-3865],[-4523,-3503],[-1844,-2249],[4730,-3396],[-2076,-2001],[-10710,6832]],[[400135,375407],[-872,-2496],[-1481,288],[-1616,-1293],[-2205,-5242],[-1383,-1625],[-81,-3616],[-6399,-10905],[-3371,-2170],[-4996,-470],[-4041,1434]],[[373690,349312],[-321,852]],[[373369,350164],[3842,1204],[1751,2540],[5554,-402],[2530,4828],[1141,5198],[1881,5034],[5450,3421],[552,1124],[1479,461],[2586,1835]],[[372265,349818],[1104,346]],[[178889,244410],[-37169,33594],[55814,49975]],[[199195,329396],[56067,50098],[56415,50203]],[[313130,431051],[56091,50285],[37030,-33512]],[[403054,404010],[-1613,-2041],[-916,-2870],[986,-4778],[1071,-2033],[-630,-5779],[-2345,-4786],[528,-6316]],[[368909,342661],[-2190,-10189],[-1193,-3120]],[[356491,302979],[-3779,-5039],[-2206,-4910],[-6453,-7954],[-1926,-5740],[-11142,-18441],[-10500,-16277],[-10042,-14656],[-3231,-2710],[-3267,-6034],[-2727,-1088],[-1232,-1922],[201,-257],[145,-463],[-6901,-2566],[-7985,-3831],[-5542,-6322],[-2392,-4821],[-482,-1957],[-6412,-12015],[-1014,-5770],[-2679,-5130],[-6328,-2178],[-226,-1288]],[[260371,171610],[-2501,2285]],[[399734,329710],[-1242,-328]],[[398492,329382],[-345,384],[-197,3865],[-1534,2407],[225,1954],[-985,4444],[412,1373],[265,4033],[922,1332],[4494,-1985],[8986,-2803],[1059,1748],[-1901,951],[-753,4487],[2536,2833],[1471,2996],[-4,1164],[-3156,3192],[-1121,3489],[681,4324],[5541,3713]],[[415088,373283],[-3413,-3708],[-268,-2868],[1029,-3614],[1577,-1450],[2982,-6352],[1542,-4817],[-3096,-1712],[-1302,2116],[-1527,-3],[2233,-3902],[889,-2907],[843,-3531],[-1151,-1831],[-2224,950],[-3562,-175],[-3245,1779],[-6168,4432],[-2948,-4454],[1131,-6689],[1324,-4837]],[[399734,329710],[267,-978],[1350,-2532]],[[343508,253870],[32,-15]],[[343540,253855],[-131,-202]],[[343409,253653],[99,217]],[[398326,320290],[155,-1200]],[[398481,319090],[-2288,-1008],[-6174,-8411],[-4940,-3711],[-9776,-11122],[-3469,-424],[-3180,-4289],[-5813,-5501],[-5995,-6623],[-1186,-5573],[-2486,-4328],[-2765,-3624],[-6869,-10621]],[[343508,253870],[4544,9894],[1788,5200],[5152,9780],[3272,4414],[1804,213],[8661,12531],[2959,880],[2492,2293],[4564,5373],[1794,3537],[2359,463],[3786,2545],[8712,10703],[2817,-1351],[114,-55]],[[399705,319629],[-1224,-539]],[[317752,210760],[1194,3041],[743,877],[5122,7506],[1747,3869],[3482,5100]],[[330359,231620],[8821,12919],[4010,8641]],[[415088,373283],[4336,4541],[4709,3420],[3368,3292],[2581,3248],[7233,10533],[7686,13486],[2205,5159],[2902,4413],[2485,4495],[1695,5366],[3781,4332],[2493,2209],[828,1539],[3040,4289],[4385,3794],[5107,9738]],[[500104,489912],[3246,3365],[4231,3512],[5208,3025],[4809,2381],[2689,1757],[1081,2243],[1788,5978],[801,594],[7657,-857],[2921,806]],[[539540,520610],[-256,4502],[2722,109],[1807,-304],[4381,1659],[2865,265],[5442,1455],[3035,1269],[3231,2429]],[[565598,534137],[6320,5011],[7409,4936],[1884,2476],[4002,3770],[4002,3331],[5140,6398],[793,3143],[2916,2556],[1732,-3806],[5468,2305],[15963,1044],[6766,-266]],[[642634,576323],[2831,2298],[3483,4668],[1287,853],[4612,10362],[2000,2091],[5908,-10387]],[[664907,585750],[395,1906],[3651,5853],[13745,15442],[4940,2813],[5290,1536],[5363,2146],[5588,1281],[6406,772],[10950,3683],[4765,3345],[4219,4022],[5087,3158],[11796,2418],[8941,-3011],[9634,5113],[4142,-2561]],[[773062,634403],[2785,1594],[4961,-4143],[1707,582],[-80,1622],[5707,3025],[4563,4445],[2965,1585],[3359,1876],[-3944,3168],[3696,5121],[7840,9187],[1621,3904],[-479,2977],[1367,5893],[3359,9776],[539,1913],[4193,4521],[5709,2126],[5683,2492],[6076,3627],[3425,4731],[1956,7116],[1176,4237],[472,7135],[183,4867],[1006,2736],[2175,873],[2118,3094],[189,3045],[-351,1515]],[[846849,740974],[3937,10041],[1251,3537],[1752,6692]],[[854340,763347],[1036,3957]],[[929973,633888],[-22622,-27059],[-26506,17757],[-31711,-37397],[-19735,13338],[-3641,2603],[-2006,-2489],[-36868,-44993],[-67743,-25710],[-35820,-40640],[-21509,-24642]],[[614749,407304],[-10367,-12410],[-25072,-29921]],[[529031,337497],[-29996,21038],[-41684,-50193],[-40395,-599],[-12449,-14661],[-31813,-37569],[-31918,-37673],[-14586,-17674],[11586,-7956],[-5098,-42438],[-13275,9099],[-19322,-22810]],[[276238,157462],[-5146,4622]],[[271092,162084],[6284,7302],[1287,1059],[1541,2038],[3349,1837],[1598,1960],[1058,955],[6912,8128],[2254,3456],[4086,4207],[1765,4021],[-205,1389],[3454,4644],[2881,4667],[9339,1980]],[[271092,162084],[-10721,9526]],[[147884,62287],[4883,-4107]],[[152767,58180],[-57590,-45099]],[[111770,39528],[4083,670],[5767,7531],[1100,1016]],[[122720,48745],[1725,-88],[1445,629],[1377,-122],[181,-304],[200,104],[319,-388],[1061,718]],[[129028,49294],[678,458],[-497,1603],[497,1521],[803,1863]],[[130509,54739],[8392,1091],[2803,2713],[1270,545],[1671,755],[3239,2444]],[[129028,49294],[-1162,1987],[23,3],[-514,1097],[-261,422]],[[127114,52803],[1883,1739],[1512,197]],[[122720,48745],[4394,4058]],[[213675,125714],[5803,-2256]],[[219478,123458],[-1253,-1311],[-1788,-2008],[-3651,-3883],[-4099,-3012],[-2011,-1539],[-2981,-1673],[-2235,-1272],[-3502,-1674],[-2310,-1740],[-1087,-485]],[[194561,104861],[-4677,1998]],[[211698,97542],[-2932,1252],[-28,12]],[[208738,98806],[2868,1888],[62,33],[1937,1942],[3204,3547],[969,1740],[2980,2812],[1118,870],[3577,2209],[3278,2276],[0,937],[-372,870],[-298,602],[819,670],[633,-228],[953,-421],[696,-42],[564,185]],[[231726,118696],[6888,-2678]],[[208738,98806],[-323,138],[-13854,5917]],[[219478,123458],[12248,-4762]],[[194561,104861],[-1938,-721],[-2226,-1241],[-4222,-2207],[0,-1931],[-1689,-758],[-1766,689],[-663,-683]],[[159526,53507],[-2620,1812]],[[156906,55319],[2169,2547],[3915,3517],[3378,3103],[2687,2000],[-38,49],[219,134],[39,-59],[394,221],[4453,3034],[4529,3242],[3762,2414],[3915,3655],[3685,4068],[4625,4155],[212,190],[460,69],[3839,3724],[3992,3448],[3301,2621],[2296,1355]],[[156906,55319],[-4139,2861]],[[259190,166402],[949,-1440],[-416,-203],[-884,1072]],[[258839,165831],[351,571]],[[255372,138203],[-842,770],[-600,1827]],[[253930,140800],[1886,2193],[2110,3378],[1541,2322],[685,1108],[3843,-763],[2975,3338]],[[266970,152376],[645,724]],[[267615,153100],[36,41],[-15,4943],[3456,4000]],[[266970,152376],[-166,1041],[-325,535],[425,227],[361,-559],[350,-520]],[[241948,146187],[-3864,2298]],[[238084,148485],[398,953],[3140,4359],[5148,3807],[57,42]],[[246827,157646],[43,-191],[101,-446],[153,-318],[81,-169],[-171,-176],[2032,-1461],[-2032,-2353],[-1762,-1135],[-3324,-5210]],[[253930,140800],[-1732,-710]],[[252198,140090],[-10250,6097]],[[246827,157646],[6390,815],[3770,4360],[1852,3010]],[[259190,166402],[478,777],[703,4431]],[[252198,140090],[3174,-1887]],[[231726,118696],[775,384],[1897,2727],[3508,5452],[3604,3919],[4647,3833],[6041,5079]],[[241948,146187],[-2707,-4511],[-5321,-5890],[-3136,-2304],[-4655,-3671],[-3706,-3072],[-190,-1024],[285,-683],[665,-854],[-1045,-853],[-1615,512],[-713,-107],[-332,-272]],[[159526,53507],[-789,-1021],[-1897,-1623],[-4064,-4057],[-3884,-3976],[-4064,-4056],[-2981,-1623],[-1986,-2028],[-91,-1380],[-2661,-2512],[-137,-130]],[[136972,31101],[-501,2041],[-361,-162],[-1039,2130]],[[135071,35110],[2529,974],[1084,2352],[8580,7384],[4335,3894],[3342,3570],[1965,2035]],[[146037,4860],[-23355,4820],[-19524,962],[-965,37]],[[102193,10679],[3166,1402],[2619,1379],[2258,1785],[6865,1785],[3070,4949],[2439,487],[2980,2028],[1265,406],[3974,2515],[5244,2905]],[[136073,30320],[175,97],[724,684]],[[102193,10679],[-1722,67],[-2138,943]],[[98333,11689],[6617,3533],[8851,6491],[9845,5761],[2709,1379],[4923,2697],[1671,1015],[135,852],[-226,770],[-723,1988],[1085,700]],[[133220,36875],[2077,-4219],[-361,-173],[1137,-2163]],[[135071,35110],[-1084,2130],[-90,122],[-677,-487]],[[98333,11689],[-3156,1392]],[[814883,950713],[-1255,1751]],[[813628,952464],[26004,12678],[-4801,7967],[1977,960],[4726,-8111],[69803,34041],[1150,-1919]],[[723666,906404],[-3903,-1832],[-1613,1340],[68268,33285]],[[786418,939197],[1,-633],[546,-1466]],[[786418,939197],[27210,13267]]],"bbox":[24968.917,-222884.098,28415.097,-219047.292],"transform":{"scale":[0.0034461834461834468,0.003836809836809848],"translate":[24968.917,-222884.098]}}